,datetime,open,high,low,close,volume,oi,vwap,best_bid,best_offer
0,2021-06-15 09:15:00,-1.0,-1.0,-1.0,-1.0,-1,-1,-1.0,-1.0,-1.0
1,2021-06-15 09:16:00,-1.0,-1.0,-1.0,-1.0,-1,-1,-1.0,-1.0,-1.0
2,2021-06-15 09:17:00,-1.0,-1.0,-1.0,-1.0,-1,-1,-1.0,-1.0,-1.0
3,2021-06-15 09:18:00,-1.0,-1.0,-1.0,-1.0,-1,-1,-1.0,-1.0,-1.0
4,2021-06-15 09:19:00,-1.0,-1.0,-1.0,-1.0,-1,-1,-1.0,-1.0,-1.0
5,2021-06-15 09:20:00,-1.0,-1.0,-1.0,-1.0,-1,-1,-1.0,-1.0,-1.0
6,2021-06-15 09:21:00,-1.0,-1.0,-1.0,-1.0,-1,-1,-1.0,-1.0,-1.0
7,2021-06-15 09:22:00,-1.0,-1.0,-1.0,-1.0,-1,-1,-1.0,-1.0,-1.0
8,2021-06-15 09:23:00,-1.0,-1.0,-1.0,-1.0,-1,-1,-1.0,-1.0,-1.0
9,2021-06-15 09:24:00,-1.0,-1.0,-1.0,-1.0,-1,-1,-1.0,-1.0,-1.0
10,2021-06-15 09:25:00,-1.0,-1.0,-1.0,-1.0,-1,-1,-1.0,-1.0,-1.0
11,2021-06-15 09:26:00,-1.0,-1.0,-1.0,-1.0,-1,-1,-1.0,-1.0,-1.0
12,2021-06-15 09:27:00,-1.0,-1.0,-1.0,-1.0,-1,-1,-1.0,-1.0,-1.0
13,2021-06-15 09:28:00,-1.0,-1.0,-1.0,-1.0,-1,-1,-1.0,-1.0,-1.0
14,2021-06-15 09:29:00,-1.0,-1.0,-1.0,-1.0,-1,-1,-1.0,-1.0,-1.0
15,2021-06-15 09:30:00,-1.0,-1.0,-1.0,-1.0,-1,-1,-1.0,-1.0,-1.0
16,2021-06-15 09:31:00,-1.0,-1.0,-1.0,-1.0,-1,-1,-1.0,-1.0,-1.0
17,2021-06-15 09:32:00,-1.0,-1.0,-1.0,-1.0,-1,-1,-1.0,-1.0,-1.0
18,2021-06-15 09:33:00,-1.0,-1.0,-1.0,-1.0,-1,-1,-1.0,-1.0,-1.0
19,2021-06-15 09:34:00,-1.0,-1.0,-1.0,-1.0,-1,-1,-1.0,-1.0,-1.0
20,2021-06-15 09:35:00,-1.0,-1.0,-1.0,-1.0,-1,-1,-1.0,-1.0,-1.0
21,2021-06-15 09:36:00,-1.0,-1.0,-1.0,-1.0,-1,-1,-1.0,-1.0,-1.0
22,2021-06-15 09:37:00,-1.0,-1.0,-1.0,-1.0,-1,-1,-1.0,-1.0,-1.0
23,2021-06-15 09:38:00,-1.0,-1.0,-1.0,-1.0,-1,-1,-1.0,-1.0,-1.0
24,2021-06-15 09:39:00,-1.0,-1.0,-1.0,-1.0,-1,-1,-1.0,-1.0,-1.0
25,2021-06-15 09:40:00,-1.0,-1.0,-1.0,-1.0,-1,-1,-1.0,-1.0,-1.0
26,2021-06-15 09:41:00,-1.0,-1.0,-1.0,-1.0,-1,-1,-1.0,-1.0,-1.0
27,2021-06-15 09:42:00,-1.0,-1.0,-1.0,-1.0,-1,-1,-1.0,-1.0,-1.0
28,2021-06-15 09:43:00,-1.0,-1.0,-1.0,-1.0,-1,-1,-1.0,-1.0,-1.0
29,2021-06-15 09:44:00,-1.0,-1.0,-1.0,-1.0,-1,-1,-1.0,-1.0,-1.0
30,2021-06-15 09:45:00,-1.0,-1.0,-1.0,-1.0,-1,-1,-1.0,-1.0,-1.0
31,2021-06-15 09:46:00,-1.0,-1.0,-1.0,-1.0,-1,-1,-1.0,-1.0,-1.0
32,2021-06-15 09:47:00,-1.0,-1.0,-1.0,-1.0,-1,-1,-1.0,-1.0,-1.0
33,2021-06-15 09:48:00,-1.0,-1.0,-1.0,-1.0,-1,-1,-1.0,-1.0,-1.0
34,2021-06-15 09:49:00,-1.0,-1.0,-1.0,-1.0,-1,-1,-1.0,-1.0,-1.0
35,2021-06-15 09:50:00,-1.0,-1.0,-1.0,-1.0,-1,-1,-1.0,-1.0,-1.0
36,2021-06-15 09:51:00,-1.0,-1.0,-1.0,-1.0,-1,-1,-1.0,-1.0,-1.0
37,2021-06-15 09:52:00,-1.0,-1.0,-1.0,-1.0,-1,-1,-1.0,-1.0,-1.0
38,2021-06-15 09:53:00,-1.0,-1.0,-1.0,-1.0,-1,-1,-1.0,-1.0,-1.0
39,2021-06-15 09:54:00,-1.0,-1.0,-1.0,-1.0,-1,-1,-1.0,-1.0,-1.0
40,2021-06-15 09:55:00,-1.0,-1.0,-1.0,-1.0,-1,-1,-1.0,-1.0,-1.0
41,2021-06-15 09:56:00,-1.0,-1.0,-1.0,-1.0,-1,-1,-1.0,-1.0,-1.0
42,2021-06-15 09:57:00,-1.0,-1.0,-1.0,-1.0,-1,-1,-1.0,-1.0,-1.0
43,2021-06-15 09:58:00,-1.0,-1.0,-1.0,-1.0,-1,-1,-1.0,-1.0,-1.0
44,2021-06-15 09:59:00,-1.0,-1.0,-1.0,-1.0,-1,-1,-1.0,-1.0,-1.0
45,2021-06-15 10:00:00,-1.0,-1.0,-1.0,-1.0,-1,-1,-1.0,-1.0,-1.0
46,2021-06-15 10:01:00,-1.0,-1.0,-1.0,-1.0,-1,-1,-1.0,-1.0,-1.0
47,2021-06-15 10:02:00,-1.0,-1.0,-1.0,-1.0,-1,-1,-1.0,-1.0,-1.0
48,2021-06-15 10:03:00,-1.0,-1.0,-1.0,-1.0,-1,-1,-1.0,-1.0,-1.0
49,2021-06-15 10:04:00,-1.0,-1.0,-1.0,-1.0,-1,-1,-1.0,-1.0,-1.0
50,2021-06-15 10:05:00,-1.0,-1.0,-1.0,-1.0,-1,-1,-1.0,-1.0,-1.0
51,2021-06-15 10:06:00,-1.0,-1.0,-1.0,-1.0,-1,-1,-1.0,-1.0,-1.0
52,2021-06-15 10:07:00,-1.0,-1.0,-1.0,-1.0,-1,-1,-1.0,-1.0,-1.0
53,2021-06-15 10:08:00,-1.0,-1.0,-1.0,-1.0,-1,-1,-1.0,-1.0,-1.0
54,2021-06-15 10:09:00,-1.0,-1.0,-1.0,-1.0,-1,-1,-1.0,-1.0,-1.0
55,2021-06-15 10:10:00,-1.0,-1.0,-1.0,-1.0,-1,-1,-1.0,-1.0,-1.0
56,2021-06-15 10:11:00,-1.0,-1.0,-1.0,-1.0,-1,-1,-1.0,-1.0,-1.0
57,2021-06-15 10:12:00,-1.0,-1.0,-1.0,-1.0,-1,-1,-1.0,-1.0,-1.0
58,2021-06-15 10:13:00,-1.0,-1.0,-1.0,-1.0,-1,-1,-1.0,-1.0,-1.0
59,2021-06-15 10:14:00,-1.0,-1.0,-1.0,-1.0,-1,-1,-1.0,-1.0,-1.0
60,2021-06-15 10:15:00,-1.0,-1.0,-1.0,-1.0,-1,-1,-1.0,-1.0,-1.0
61,2021-06-15 10:16:00,-1.0,-1.0,-1.0,-1.0,-1,-1,-1.0,-1.0,-1.0
62,2021-06-15 10:17:00,-1.0,-1.0,-1.0,-1.0,-1,-1,-1.0,-1.0,-1.0
63,2021-06-15 10:18:00,-1.0,-1.0,-1.0,-1.0,-1,-1,-1.0,-1.0,-1.0
64,2021-06-15 10:19:00,-1.0,-1.0,-1.0,-1.0,-1,-1,-1.0,-1.0,-1.0
65,2021-06-15 10:20:00,-1.0,-1.0,-1.0,-1.0,-1,-1,-1.0,-1.0,-1.0
66,2021-06-15 10:21:00,-1.0,-1.0,-1.0,-1.0,-1,-1,-1.0,-1.0,-1.0
67,2021-06-15 10:22:00,-1.0,-1.0,-1.0,-1.0,-1,-1,-1.0,-1.0,-1.0
68,2021-06-15 10:23:00,-1.0,-1.0,-1.0,-1.0,-1,-1,-1.0,-1.0,-1.0
69,2021-06-15 10:24:00,-1.0,-1.0,-1.0,-1.0,-1,-1,-1.0,-1.0,-1.0
70,2021-06-15 10:25:00,-1.0,-1.0,-1.0,-1.0,-1,-1,-1.0,-1.0,-1.0
71,2021-06-15 10:26:00,-1.0,-1.0,-1.0,-1.0,-1,-1,-1.0,-1.0,-1.0
72,2021-06-15 10:27:00,-1.0,-1.0,-1.0,-1.0,-1,-1,-1.0,-1.0,-1.0
73,2021-06-15 10:28:00,-1.0,-1.0,-1.0,-1.0,-1,-1,-1.0,-1.0,-1.0
74,2021-06-15 10:29:00,-1.0,-1.0,-1.0,-1.0,-1,-1,-1.0,-1.0,-1.0
75,2021-06-15 10:30:00,-1.0,-1.0,-1.0,-1.0,-1,-1,-1.0,-1.0,-1.0
76,2021-06-15 10:31:00,-1.0,-1.0,-1.0,-1.0,-1,-1,-1.0,-1.0,-1.0
77,2021-06-15 10:32:00,-1.0,-1.0,-1.0,-1.0,-1,-1,-1.0,-1.0,-1.0
78,2021-06-15 10:33:00,-1.0,-1.0,-1.0,-1.0,-1,-1,-1.0,-1.0,-1.0
79,2021-06-15 10:34:00,-1.0,-1.0,-1.0,-1.0,-1,-1,-1.0,-1.0,-1.0
80,2021-06-15 10:35:00,-1.0,-1.0,-1.0,-1.0,-1,-1,-1.0,-1.0,-1.0
81,2021-06-15 10:36:00,-1.0,-1.0,-1.0,-1.0,-1,-1,-1.0,-1.0,-1.0
82,2021-06-15 10:37:00,-1.0,-1.0,-1.0,-1.0,-1,-1,-1.0,-1.0,-1.0
83,2021-06-15 10:38:00,-1.0,-1.0,-1.0,-1.0,-1,-1,-1.0,-1.0,-1.0
84,2021-06-15 10:39:00,-1.0,-1.0,-1.0,-1.0,-1,-1,-1.0,-1.0,-1.0
85,2021-06-15 10:40:00,-1.0,-1.0,-1.0,-1.0,-1,-1,-1.0,-1.0,-1.0
86,2021-06-15 10:41:00,-1.0,-1.0,-1.0,-1.0,-1,-1,-1.0,-1.0,-1.0
87,2021-06-15 10:42:00,-1.0,-1.0,-1.0,-1.0,-1,-1,-1.0,-1.0,-1.0
88,2021-06-15 10:43:00,-1.0,-1.0,-1.0,-1.0,-1,-1,-1.0,-1.0,-1.0
89,2021-06-15 10:44:00,-1.0,-1.0,-1.0,-1.0,-1,-1,-1.0,-1.0,-1.0
90,2021-06-15 10:45:00,-1.0,-1.0,-1.0,-1.0,-1,-1,-1.0,-1.0,-1.0
91,2021-06-15 10:46:00,-1.0,-1.0,-1.0,-1.0,-1,-1,-1.0,-1.0,-1.0
92,2021-06-15 10:47:00,-1.0,-1.0,-1.0,-1.0,-1,-1,-1.0,-1.0,-1.0
93,2021-06-15 10:48:00,-1.0,-1.0,-1.0,-1.0,-1,-1,-1.0,-1.0,-1.0
94,2021-06-15 10:49:00,-1.0,-1.0,-1.0,-1.0,-1,-1,-1.0,-1.0,-1.0
95,2021-06-15 10:50:00,-1.0,-1.0,-1.0,-1.0,-1,-1,-1.0,-1.0,-1.0
96,2021-06-15 10:51:00,-1.0,-1.0,-1.0,-1.0,-1,-1,-1.0,-1.0,-1.0
97,2021-06-15 10:52:00,-1.0,-1.0,-1.0,-1.0,-1,-1,-1.0,-1.0,-1.0
98,2021-06-15 10:53:00,-1.0,-1.0,-1.0,-1.0,-1,-1,-1.0,-1.0,-1.0
99,2021-06-15 10:54:00,-1.0,-1.0,-1.0,-1.0,-1,-1,-1.0,-1.0,-1.0
100,2021-06-15 10:55:00,-1.0,-1.0,-1.0,-1.0,-1,-1,-1.0,-1.0,-1.0
101,2021-06-15 10:56:00,-1.0,-1.0,-1.0,-1.0,-1,-1,-1.0,-1.0,-1.0
102,2021-06-15 10:57:00,-1.0,-1.0,-1.0,-1.0,-1,-1,-1.0,-1.0,-1.0
103,2021-06-15 10:58:00,-1.0,-1.0,-1.0,-1.0,-1,-1,-1.0,-1.0,-1.0
104,2021-06-15 10:59:00,-1.0,-1.0,-1.0,-1.0,-1,-1,-1.0,-1.0,-1.0
105,2021-06-15 11:00:00,-1.0,-1.0,-1.0,-1.0,-1,-1,-1.0,-1.0,-1.0
106,2021-06-15 11:01:00,-1.0,-1.0,-1.0,-1.0,-1,-1,-1.0,-1.0,-1.0
107,2021-06-15 11:02:00,-1.0,-1.0,-1.0,-1.0,-1,-1,-1.0,-1.0,-1.0
108,2021-06-15 11:03:00,-1.0,-1.0,-1.0,-1.0,-1,-1,-1.0,-1.0,-1.0
109,2021-06-15 11:04:00,-1.0,-1.0,-1.0,-1.0,-1,-1,-1.0,-1.0,-1.0
110,2021-06-15 11:05:00,-1.0,-1.0,-1.0,-1.0,-1,-1,-1.0,-1.0,-1.0
111,2021-06-15 11:06:00,-1.0,-1.0,-1.0,-1.0,-1,-1,-1.0,-1.0,-1.0
112,2021-06-15 11:07:00,-1.0,-1.0,-1.0,-1.0,-1,-1,-1.0,-1.0,-1.0
113,2021-06-15 11:08:00,-1.0,-1.0,-1.0,-1.0,-1,-1,-1.0,-1.0,-1.0
114,2021-06-15 11:09:00,-1.0,-1.0,-1.0,-1.0,-1,-1,-1.0,-1.0,-1.0
115,2021-06-15 11:10:00,-1.0,-1.0,-1.0,-1.0,-1,-1,-1.0,-1.0,-1.0
116,2021-06-15 11:11:00,-1.0,-1.0,-1.0,-1.0,-1,-1,-1.0,-1.0,-1.0
117,2021-06-15 11:12:00,-1.0,-1.0,-1.0,-1.0,-1,-1,-1.0,-1.0,-1.0
118,2021-06-15 11:13:00,-1.0,-1.0,-1.0,-1.0,-1,-1,-1.0,-1.0,-1.0
119,2021-06-15 11:14:00,-1.0,-1.0,-1.0,-1.0,-1,-1,-1.0,-1.0,-1.0
120,2021-06-15 11:15:00,-1.0,-1.0,-1.0,-1.0,-1,-1,-1.0,-1.0,-1.0
121,2021-06-15 11:16:00,-1.0,-1.0,-1.0,-1.0,-1,-1,-1.0,-1.0,-1.0
122,2021-06-15 11:17:00,-1.0,-1.0,-1.0,-1.0,-1,-1,-1.0,-1.0,-1.0
123,2021-06-15 11:18:00,-1.0,-1.0,-1.0,-1.0,-1,-1,-1.0,-1.0,-1.0
124,2021-06-15 11:19:00,-1.0,-1.0,-1.0,-1.0,-1,-1,-1.0,-1.0,-1.0
125,2021-06-15 11:20:00,-1.0,-1.0,-1.0,-1.0,-1,-1,-1.0,-1.0,-1.0
126,2021-06-15 11:21:00,-1.0,-1.0,-1.0,-1.0,-1,-1,-1.0,-1.0,-1.0
127,2021-06-15 11:22:00,-1.0,-1.0,-1.0,-1.0,-1,-1,-1.0,-1.0,-1.0
128,2021-06-15 11:23:00,-1.0,-1.0,-1.0,-1.0,-1,-1,-1.0,-1.0,-1.0
129,2021-06-15 11:24:00,-1.0,-1.0,-1.0,-1.0,-1,-1,-1.0,-1.0,-1.0
130,2021-06-15 11:25:00,-1.0,-1.0,-1.0,-1.0,-1,-1,-1.0,-1.0,-1.0
131,2021-06-15 11:26:00,-1.0,-1.0,-1.0,-1.0,-1,-1,-1.0,-1.0,-1.0
132,2021-06-15 11:27:00,-1.0,-1.0,-1.0,-1.0,-1,-1,-1.0,-1.0,-1.0
133,2021-06-15 11:28:00,-1.0,-1.0,-1.0,-1.0,-1,-1,-1.0,-1.0,-1.0
134,2021-06-15 11:29:00,-1.0,-1.0,-1.0,-1.0,-1,-1,-1.0,-1.0,-1.0
135,2021-06-15 11:30:00,-1.0,-1.0,-1.0,-1.0,-1,-1,-1.0,-1.0,-1.0
136,2021-06-15 11:31:00,-1.0,-1.0,-1.0,-1.0,-1,-1,-1.0,-1.0,-1.0
137,2021-06-15 11:32:00,-1.0,-1.0,-1.0,-1.0,-1,-1,-1.0,-1.0,-1.0
138,2021-06-15 11:33:00,-1.0,-1.0,-1.0,-1.0,-1,-1,-1.0,-1.0,-1.0
139,2021-06-15 11:34:00,-1.0,-1.0,-1.0,-1.0,-1,-1,-1.0,-1.0,-1.0
140,2021-06-15 11:35:00,-1.0,-1.0,-1.0,-1.0,-1,-1,-1.0,-1.0,-1.0
141,2021-06-15 11:36:00,-1.0,-1.0,-1.0,-1.0,-1,-1,-1.0,-1.0,-1.0
142,2021-06-15 11:37:00,-1.0,-1.0,-1.0,-1.0,-1,-1,-1.0,-1.0,-1.0
143,2021-06-15 11:38:00,-1.0,-1.0,-1.0,-1.0,-1,-1,-1.0,-1.0,-1.0
144,2021-06-15 11:39:00,-1.0,-1.0,-1.0,-1.0,-1,-1,-1.0,-1.0,-1.0
145,2021-06-15 11:40:00,-1.0,-1.0,-1.0,-1.0,-1,-1,-1.0,-1.0,-1.0
146,2021-06-15 11:41:00,-1.0,-1.0,-1.0,-1.0,-1,-1,-1.0,-1.0,-1.0
147,2021-06-15 11:42:00,-1.0,-1.0,-1.0,-1.0,-1,-1,-1.0,-1.0,-1.0
148,2021-06-15 11:43:00,-1.0,-1.0,-1.0,-1.0,-1,-1,-1.0,-1.0,-1.0
149,2021-06-15 11:44:00,-1.0,-1.0,-1.0,-1.0,-1,-1,-1.0,-1.0,-1.0
150,2021-06-15 11:45:00,-1.0,-1.0,-1.0,-1.0,-1,-1,-1.0,-1.0,-1.0
151,2021-06-15 11:46:00,-1.0,-1.0,-1.0,-1.0,-1,-1,-1.0,-1.0,-1.0
152,2021-06-15 11:47:00,-1.0,-1.0,-1.0,-1.0,-1,-1,-1.0,-1.0,-1.0
153,2021-06-15 11:48:00,-1.0,-1.0,-1.0,-1.0,-1,-1,-1.0,-1.0,-1.0
154,2021-06-15 11:49:00,-1.0,-1.0,-1.0,-1.0,-1,-1,-1.0,-1.0,-1.0
155,2021-06-15 11:50:00,-1.0,-1.0,-1.0,-1.0,-1,-1,-1.0,-1.0,-1.0
156,2021-06-15 11:51:00,-1.0,-1.0,-1.0,-1.0,-1,-1,-1.0,-1.0,-1.0
157,2021-06-15 11:52:00,-1.0,-1.0,-1.0,-1.0,-1,-1,-1.0,-1.0,-1.0
158,2021-06-15 11:53:00,-1.0,-1.0,-1.0,-1.0,-1,-1,-1.0,-1.0,-1.0
159,2021-06-15 11:54:00,-1.0,-1.0,-1.0,-1.0,-1,-1,-1.0,-1.0,-1.0
160,2021-06-15 11:55:00,-1.0,-1.0,-1.0,-1.0,-1,-1,-1.0,-1.0,-1.0
161,2021-06-15 11:56:00,-1.0,-1.0,-1.0,-1.0,-1,-1,-1.0,-1.0,-1.0
162,2021-06-15 11:57:00,-1.0,-1.0,-1.0,-1.0,-1,-1,-1.0,-1.0,-1.0
163,2021-06-15 11:58:00,-1.0,-1.0,-1.0,-1.0,-1,-1,-1.0,-1.0,-1.0
164,2021-06-15 11:59:00,-1.0,-1.0,-1.0,-1.0,-1,-1,-1.0,-1.0,-1.0
165,2021-06-15 12:00:00,-1.0,-1.0,-1.0,-1.0,-1,-1,-1.0,-1.0,-1.0
166,2021-06-15 12:01:00,-1.0,-1.0,-1.0,-1.0,-1,-1,-1.0,-1.0,-1.0
167,2021-06-15 12:02:00,-1.0,-1.0,-1.0,-1.0,-1,-1,-1.0,-1.0,-1.0
168,2021-06-15 12:03:00,-1.0,-1.0,-1.0,-1.0,-1,-1,-1.0,-1.0,-1.0
169,2021-06-15 12:04:00,-1.0,-1.0,-1.0,-1.0,-1,-1,-1.0,-1.0,-1.0
170,2021-06-15 12:05:00,-1.0,-1.0,-1.0,-1.0,-1,-1,-1.0,-1.0,-1.0
171,2021-06-15 12:06:00,-1.0,-1.0,-1.0,-1.0,-1,-1,-1.0,-1.0,-1.0
172,2021-06-15 12:07:00,-1.0,-1.0,-1.0,-1.0,-1,-1,-1.0,-1.0,-1.0
173,2021-06-15 12:08:00,-1.0,-1.0,-1.0,-1.0,-1,-1,-1.0,-1.0,-1.0
174,2021-06-15 12:09:00,-1.0,-1.0,-1.0,-1.0,-1,-1,-1.0,-1.0,-1.0
175,2021-06-15 12:10:00,-1.0,-1.0,-1.0,-1.0,-1,-1,-1.0,-1.0,-1.0
176,2021-06-15 12:11:00,-1.0,-1.0,-1.0,-1.0,-1,-1,-1.0,-1.0,-1.0
177,2021-06-15 12:12:00,-1.0,-1.0,-1.0,-1.0,-1,-1,-1.0,-1.0,-1.0
178,2021-06-15 12:13:00,-1.0,-1.0,-1.0,-1.0,-1,-1,-1.0,-1.0,-1.0
179,2021-06-15 12:14:00,-1.0,-1.0,-1.0,-1.0,-1,-1,-1.0,-1.0,-1.0
180,2021-06-15 12:15:00,-1.0,-1.0,-1.0,-1.0,-1,-1,-1.0,-1.0,-1.0
181,2021-06-15 12:16:00,-1.0,-1.0,-1.0,-1.0,-1,-1,-1.0,-1.0,-1.0
182,2021-06-15 12:17:00,-1.0,-1.0,-1.0,-1.0,-1,-1,-1.0,-1.0,-1.0
183,2021-06-15 12:18:00,-1.0,-1.0,-1.0,-1.0,-1,-1,-1.0,-1.0,-1.0
184,2021-06-15 12:19:00,-1.0,-1.0,-1.0,-1.0,-1,-1,-1.0,-1.0,-1.0
185,2021-06-15 12:20:00,-1.0,-1.0,-1.0,-1.0,-1,-1,-1.0,-1.0,-1.0
186,2021-06-15 12:21:00,-1.0,-1.0,-1.0,-1.0,-1,-1,-1.0,-1.0,-1.0
187,2021-06-15 12:22:00,-1.0,-1.0,-1.0,-1.0,-1,-1,-1.0,-1.0,-1.0
188,2021-06-15 12:23:00,-1.0,-1.0,-1.0,-1.0,-1,-1,-1.0,-1.0,-1.0
189,2021-06-15 12:24:00,-1.0,-1.0,-1.0,-1.0,-1,-1,-1.0,-1.0,-1.0
190,2021-06-15 12:25:00,-1.0,-1.0,-1.0,-1.0,-1,-1,-1.0,-1.0,-1.0
191,2021-06-15 12:26:00,-1.0,-1.0,-1.0,-1.0,-1,-1,-1.0,-1.0,-1.0
192,2021-06-15 12:27:00,-1.0,-1.0,-1.0,-1.0,-1,-1,-1.0,-1.0,-1.0
193,2021-06-15 12:28:00,-1.0,-1.0,-1.0,-1.0,-1,-1,-1.0,-1.0,-1.0
194,2021-06-15 12:29:00,-1.0,-1.0,-1.0,-1.0,-1,-1,-1.0,-1.0,-1.0
195,2021-06-15 12:30:00,-1.0,-1.0,-1.0,-1.0,-1,-1,-1.0,-1.0,-1.0
196,2021-06-15 12:31:00,-1.0,-1.0,-1.0,-1.0,-1,-1,-1.0,-1.0,-1.0
197,2021-06-15 12:32:00,-1.0,-1.0,-1.0,-1.0,-1,-1,-1.0,-1.0,-1.0
198,2021-06-15 12:33:00,-1.0,-1.0,-1.0,-1.0,-1,-1,-1.0,-1.0,-1.0
199,2021-06-15 12:34:00,-1.0,-1.0,-1.0,-1.0,-1,-1,-1.0,-1.0,-1.0
200,2021-06-15 12:35:00,-1.0,-1.0,-1.0,-1.0,-1,-1,-1.0,-1.0,-1.0
201,2021-06-15 12:36:00,-1.0,-1.0,-1.0,-1.0,-1,-1,-1.0,-1.0,-1.0
202,2021-06-15 12:37:00,-1.0,-1.0,-1.0,-1.0,-1,-1,-1.0,-1.0,-1.0
203,2021-06-15 12:38:00,-1.0,-1.0,-1.0,-1.0,-1,-1,-1.0,-1.0,-1.0
204,2021-06-15 12:39:00,-1.0,-1.0,-1.0,-1.0,-1,-1,-1.0,-1.0,-1.0
205,2021-06-15 12:40:00,-1.0,-1.0,-1.0,-1.0,-1,-1,-1.0,-1.0,-1.0
206,2021-06-15 12:41:00,-1.0,-1.0,-1.0,-1.0,-1,-1,-1.0,-1.0,-1.0
207,2021-06-15 12:42:00,-1.0,-1.0,-1.0,-1.0,-1,-1,-1.0,-1.0,-1.0
208,2021-06-15 12:43:00,-1.0,-1.0,-1.0,-1.0,-1,-1,-1.0,-1.0,-1.0
209,2021-06-15 12:44:00,-1.0,-1.0,-1.0,-1.0,-1,-1,-1.0,-1.0,-1.0
210,2021-06-15 12:45:00,-1.0,-1.0,-1.0,-1.0,-1,-1,-1.0,-1.0,-1.0
211,2021-06-15 12:46:00,-1.0,-1.0,-1.0,-1.0,-1,-1,-1.0,-1.0,-1.0
212,2021-06-15 12:47:00,-1.0,-1.0,-1.0,-1.0,-1,-1,-1.0,-1.0,-1.0
213,2021-06-15 12:48:00,-1.0,-1.0,-1.0,-1.0,-1,-1,-1.0,-1.0,-1.0
214,2021-06-15 12:49:00,-1.0,-1.0,-1.0,-1.0,-1,-1,-1.0,-1.0,-1.0
215,2021-06-15 12:50:00,-1.0,-1.0,-1.0,-1.0,-1,-1,-1.0,-1.0,-1.0
216,2021-06-15 12:51:00,-1.0,-1.0,-1.0,-1.0,-1,-1,-1.0,-1.0,-1.0
217,2021-06-15 12:52:00,-1.0,-1.0,-1.0,-1.0,-1,-1,-1.0,-1.0,-1.0
218,2021-06-15 12:53:00,-1.0,-1.0,-1.0,-1.0,-1,-1,-1.0,-1.0,-1.0
219,2021-06-15 12:54:00,-1.0,-1.0,-1.0,-1.0,-1,-1,-1.0,-1.0,-1.0
220,2021-06-15 12:55:00,-1.0,-1.0,-1.0,-1.0,-1,-1,-1.0,-1.0,-1.0
221,2021-06-15 12:56:00,-1.0,-1.0,-1.0,-1.0,-1,-1,-1.0,-1.0,-1.0
222,2021-06-15 12:57:00,-1.0,-1.0,-1.0,-1.0,-1,-1,-1.0,-1.0,-1.0
223,2021-06-15 12:58:00,-1.0,-1.0,-1.0,-1.0,-1,-1,-1.0,-1.0,-1.0
224,2021-06-15 12:59:00,-1.0,-1.0,-1.0,-1.0,-1,-1,-1.0,-1.0,-1.0
225,2021-06-15 13:00:00,-1.0,-1.0,-1.0,-1.0,-1,-1,-1.0,-1.0,-1.0
226,2021-06-15 13:01:00,-1.0,-1.0,-1.0,-1.0,-1,-1,-1.0,-1.0,-1.0
227,2021-06-15 13:02:00,-1.0,-1.0,-1.0,-1.0,-1,-1,-1.0,-1.0,-1.0
228,2021-06-15 13:03:00,-1.0,-1.0,-1.0,-1.0,-1,-1,-1.0,-1.0,-1.0
229,2021-06-15 13:04:00,-1.0,-1.0,-1.0,-1.0,-1,-1,-1.0,-1.0,-1.0
230,2021-06-15 13:05:00,-1.0,-1.0,-1.0,-1.0,-1,-1,-1.0,-1.0,-1.0
231,2021-06-15 13:06:00,-1.0,-1.0,-1.0,-1.0,-1,-1,-1.0,-1.0,-1.0
232,2021-06-15 13:07:00,-1.0,-1.0,-1.0,-1.0,-1,-1,-1.0,-1.0,-1.0
233,2021-06-15 13:08:00,-1.0,-1.0,-1.0,-1.0,-1,-1,-1.0,-1.0,-1.0
234,2021-06-15 13:09:00,-1.0,-1.0,-1.0,-1.0,-1,-1,-1.0,-1.0,-1.0
235,2021-06-15 13:10:00,-1.0,-1.0,-1.0,-1.0,-1,-1,-1.0,-1.0,-1.0
236,2021-06-15 13:11:00,-1.0,-1.0,-1.0,-1.0,-1,-1,-1.0,-1.0,-1.0
237,2021-06-15 13:12:00,-1.0,-1.0,-1.0,-1.0,-1,-1,-1.0,-1.0,-1.0
238,2021-06-15 13:13:00,-1.0,-1.0,-1.0,-1.0,-1,-1,-1.0,-1.0,-1.0
239,2021-06-15 13:14:00,-1.0,-1.0,-1.0,-1.0,-1,-1,-1.0,-1.0,-1.0
240,2021-06-15 13:15:00,-1.0,-1.0,-1.0,-1.0,-1,-1,-1.0,-1.0,-1.0
241,2021-06-15 13:16:00,-1.0,-1.0,-1.0,-1.0,-1,-1,-1.0,-1.0,-1.0
242,2021-06-15 13:17:00,-1.0,-1.0,-1.0,-1.0,-1,-1,-1.0,-1.0,-1.0
243,2021-06-15 13:18:00,-1.0,-1.0,-1.0,-1.0,-1,-1,-1.0,-1.0,-1.0
244,2021-06-15 13:19:00,-1.0,-1.0,-1.0,-1.0,-1,-1,-1.0,-1.0,-1.0
245,2021-06-15 13:20:00,-1.0,-1.0,-1.0,-1.0,-1,-1,-1.0,-1.0,-1.0
246,2021-06-15 13:21:00,-1.0,-1.0,-1.0,-1.0,-1,-1,-1.0,-1.0,-1.0
247,2021-06-15 13:22:00,-1.0,-1.0,-1.0,-1.0,-1,-1,-1.0,-1.0,-1.0
248,2021-06-15 13:23:00,-1.0,-1.0,-1.0,-1.0,-1,-1,-1.0,-1.0,-1.0
249,2021-06-15 13:24:00,-1.0,-1.0,-1.0,-1.0,-1,-1,-1.0,-1.0,-1.0
250,2021-06-15 13:25:00,-1.0,-1.0,-1.0,-1.0,-1,-1,-1.0,-1.0,-1.0
251,2021-06-15 13:26:00,-1.0,-1.0,-1.0,-1.0,-1,-1,-1.0,-1.0,-1.0
252,2021-06-15 13:27:00,-1.0,-1.0,-1.0,-1.0,-1,-1,-1.0,-1.0,-1.0
253,2021-06-15 13:28:00,-1.0,-1.0,-1.0,-1.0,-1,-1,-1.0,-1.0,-1.0
254,2021-06-15 13:29:00,-1.0,-1.0,-1.0,-1.0,-1,-1,-1.0,-1.0,-1.0
255,2021-06-15 13:30:00,-1.0,-1.0,-1.0,-1.0,-1,-1,-1.0,-1.0,-1.0
256,2021-06-15 13:31:00,-1.0,-1.0,-1.0,-1.0,-1,-1,-1.0,-1.0,-1.0
257,2021-06-15 13:32:00,-1.0,-1.0,-1.0,-1.0,-1,-1,-1.0,-1.0,-1.0
258,2021-06-15 13:33:00,-1.0,-1.0,-1.0,-1.0,-1,-1,-1.0,-1.0,-1.0
259,2021-06-15 13:34:00,-1.0,-1.0,-1.0,-1.0,-1,-1,-1.0,-1.0,-1.0
260,2021-06-15 13:35:00,-1.0,-1.0,-1.0,-1.0,-1,-1,-1.0,-1.0,-1.0
261,2021-06-15 13:36:00,-1.0,-1.0,-1.0,-1.0,-1,-1,-1.0,-1.0,-1.0
262,2021-06-15 13:37:00,-1.0,-1.0,-1.0,-1.0,-1,-1,-1.0,-1.0,-1.0
263,2021-06-15 13:38:00,-1.0,-1.0,-1.0,-1.0,-1,-1,-1.0,-1.0,-1.0
264,2021-06-15 13:39:00,-1.0,-1.0,-1.0,-1.0,-1,-1,-1.0,-1.0,-1.0
265,2021-06-15 13:40:00,-1.0,-1.0,-1.0,-1.0,-1,-1,-1.0,-1.0,-1.0
266,2021-06-15 13:41:00,-1.0,-1.0,-1.0,-1.0,-1,-1,-1.0,-1.0,-1.0
267,2021-06-15 13:42:00,-1.0,-1.0,-1.0,-1.0,-1,-1,-1.0,-1.0,-1.0
268,2021-06-15 13:43:00,-1.0,-1.0,-1.0,-1.0,-1,-1,-1.0,-1.0,-1.0
269,2021-06-15 13:44:00,-1.0,-1.0,-1.0,-1.0,-1,-1,-1.0,-1.0,-1.0
270,2021-06-15 13:45:00,-1.0,-1.0,-1.0,-1.0,-1,-1,-1.0,-1.0,-1.0
271,2021-06-15 13:46:00,-1.0,-1.0,-1.0,-1.0,-1,-1,-1.0,-1.0,-1.0
272,2021-06-15 13:47:00,-1.0,-1.0,-1.0,-1.0,-1,-1,-1.0,-1.0,-1.0
273,2021-06-15 13:48:00,-1.0,-1.0,-1.0,-1.0,-1,-1,-1.0,-1.0,-1.0
274,2021-06-15 13:49:00,-1.0,-1.0,-1.0,-1.0,-1,-1,-1.0,-1.0,-1.0
275,2021-06-15 13:50:00,-1.0,-1.0,-1.0,-1.0,-1,-1,-1.0,-1.0,-1.0
276,2021-06-15 13:51:00,-1.0,-1.0,-1.0,-1.0,-1,-1,-1.0,-1.0,-1.0
277,2021-06-15 13:52:00,-1.0,-1.0,-1.0,-1.0,-1,-1,-1.0,-1.0,-1.0
278,2021-06-15 13:53:00,-1.0,-1.0,-1.0,-1.0,-1,-1,-1.0,-1.0,-1.0
279,2021-06-15 13:54:00,-1.0,-1.0,-1.0,-1.0,-1,-1,-1.0,-1.0,-1.0
280,2021-06-15 13:55:00,-1.0,-1.0,-1.0,-1.0,-1,-1,-1.0,-1.0,-1.0
281,2021-06-15 13:56:00,-1.0,-1.0,-1.0,-1.0,-1,-1,-1.0,-1.0,-1.0
282,2021-06-15 13:57:00,-1.0,-1.0,-1.0,-1.0,-1,-1,-1.0,-1.0,-1.0
283,2021-06-15 13:58:00,-1.0,-1.0,-1.0,-1.0,-1,-1,-1.0,-1.0,-1.0
284,2021-06-15 13:59:00,-1.0,-1.0,-1.0,-1.0,-1,-1,-1.0,-1.0,-1.0
285,2021-06-15 14:00:00,-1.0,-1.0,-1.0,-1.0,-1,-1,-1.0,-1.0,-1.0
286,2021-06-15 14:01:00,-1.0,-1.0,-1.0,-1.0,-1,-1,-1.0,-1.0,-1.0
287,2021-06-15 14:02:00,-1.0,-1.0,-1.0,-1.0,-1,-1,-1.0,-1.0,-1.0
288,2021-06-15 14:03:00,-1.0,-1.0,-1.0,-1.0,-1,-1,-1.0,-1.0,-1.0
289,2021-06-15 14:04:00,-1.0,-1.0,-1.0,-1.0,-1,-1,-1.0,-1.0,-1.0
290,2021-06-15 14:05:00,-1.0,-1.0,-1.0,-1.0,-1,-1,-1.0,-1.0,-1.0
291,2021-06-15 14:06:00,-1.0,-1.0,-1.0,-1.0,-1,-1,-1.0,-1.0,-1.0
292,2021-06-15 14:07:00,-1.0,-1.0,-1.0,-1.0,-1,-1,-1.0,-1.0,-1.0
293,2021-06-15 14:08:00,-1.0,-1.0,-1.0,-1.0,-1,-1,-1.0,-1.0,-1.0
294,2021-06-15 14:09:00,-1.0,-1.0,-1.0,-1.0,-1,-1,-1.0,-1.0,-1.0
295,2021-06-15 14:10:00,-1.0,-1.0,-1.0,-1.0,-1,-1,-1.0,-1.0,-1.0
296,2021-06-15 14:11:00,-1.0,-1.0,-1.0,-1.0,-1,-1,-1.0,-1.0,-1.0
297,2021-06-15 14:12:00,-1.0,-1.0,-1.0,-1.0,-1,-1,-1.0,-1.0,-1.0
298,2021-06-15 14:13:00,-1.0,-1.0,-1.0,-1.0,-1,-1,-1.0,-1.0,-1.0
299,2021-06-15 14:14:00,-1.0,-1.0,-1.0,-1.0,-1,-1,-1.0,-1.0,-1.0
300,2021-06-15 14:15:00,-1.0,-1.0,-1.0,-1.0,-1,-1,-1.0,-1.0,-1.0
301,2021-06-15 14:16:00,-1.0,-1.0,-1.0,-1.0,-1,-1,-1.0,-1.0,-1.0
302,2021-06-15 14:17:00,-1.0,-1.0,-1.0,-1.0,-1,-1,-1.0,-1.0,-1.0
303,2021-06-15 14:18:00,-1.0,-1.0,-1.0,-1.0,-1,-1,-1.0,-1.0,-1.0
304,2021-06-15 14:19:00,-1.0,-1.0,-1.0,-1.0,-1,-1,-1.0,-1.0,-1.0
305,2021-06-15 14:20:00,-1.0,-1.0,-1.0,-1.0,-1,-1,-1.0,-1.0,-1.0
306,2021-06-15 14:21:00,-1.0,-1.0,-1.0,-1.0,-1,-1,-1.0,-1.0,-1.0
307,2021-06-15 14:22:00,-1.0,-1.0,-1.0,-1.0,-1,-1,-1.0,-1.0,-1.0
308,2021-06-15 14:23:00,-1.0,-1.0,-1.0,-1.0,-1,-1,-1.0,-1.0,-1.0
309,2021-06-15 14:24:00,-1.0,-1.0,-1.0,-1.0,-1,-1,-1.0,-1.0,-1.0
310,2021-06-15 14:25:00,-1.0,-1.0,-1.0,-1.0,-1,-1,-1.0,-1.0,-1.0
311,2021-06-15 14:26:00,-1.0,-1.0,-1.0,-1.0,-1,-1,-1.0,-1.0,-1.0
312,2021-06-15 14:27:00,-1.0,-1.0,-1.0,-1.0,-1,-1,-1.0,-1.0,-1.0
313,2021-06-15 14:28:00,-1.0,-1.0,-1.0,-1.0,-1,-1,-1.0,-1.0,-1.0
314,2021-06-15 14:29:00,-1.0,-1.0,-1.0,-1.0,-1,-1,-1.0,-1.0,-1.0
315,2021-06-15 14:30:00,-1.0,-1.0,-1.0,-1.0,-1,-1,-1.0,-1.0,-1.0
316,2021-06-15 14:31:00,-1.0,-1.0,-1.0,-1.0,-1,-1,-1.0,-1.0,-1.0
317,2021-06-15 14:32:00,-1.0,-1.0,-1.0,-1.0,-1,-1,-1.0,-1.0,-1.0
318,2021-06-15 14:33:00,-1.0,-1.0,-1.0,-1.0,-1,-1,-1.0,-1.0,-1.0
319,2021-06-15 14:34:00,-1.0,-1.0,-1.0,-1.0,-1,-1,-1.0,-1.0,-1.0
320,2021-06-15 14:35:00,-1.0,-1.0,-1.0,-1.0,-1,-1,-1.0,-1.0,-1.0
321,2021-06-15 14:36:00,-1.0,-1.0,-1.0,-1.0,-1,-1,-1.0,-1.0,-1.0
322,2021-06-15 14:37:00,-1.0,-1.0,-1.0,-1.0,-1,-1,-1.0,-1.0,-1.0
323,2021-06-15 14:38:00,-1.0,-1.0,-1.0,-1.0,-1,-1,-1.0,-1.0,-1.0
324,2021-06-15 14:39:00,-1.0,-1.0,-1.0,-1.0,-1,-1,-1.0,-1.0,-1.0
325,2021-06-15 14:40:00,-1.0,-1.0,-1.0,-1.0,-1,-1,-1.0,-1.0,-1.0
326,2021-06-15 14:41:00,-1.0,-1.0,-1.0,-1.0,-1,-1,-1.0,-1.0,-1.0
327,2021-06-15 14:42:00,-1.0,-1.0,-1.0,-1.0,-1,-1,-1.0,-1.0,-1.0
328,2021-06-15 14:43:00,-1.0,-1.0,-1.0,-1.0,-1,-1,-1.0,-1.0,-1.0
329,2021-06-15 14:44:00,-1.0,-1.0,-1.0,-1.0,-1,-1,-1.0,-1.0,-1.0
330,2021-06-15 14:45:00,-1.0,-1.0,-1.0,-1.0,-1,-1,-1.0,-1.0,-1.0
331,2021-06-15 14:46:00,-1.0,-1.0,-1.0,-1.0,-1,-1,-1.0,-1.0,-1.0
332,2021-06-15 14:47:00,2.8,2.8,2.8,2.8,25,0,2.8,0.75,0.0
333,2021-06-15 14:48:00,2.8,2.8,2.8,2.8,25,0,2.8,0.75,0.0
334,2021-06-15 14:49:00,2.8,2.8,2.8,2.8,25,0,2.8,0.75,0.0
335,2021-06-15 14:50:00,2.8,2.8,2.8,2.8,25,0,2.8,0.75,0.0
336,2021-06-15 14:51:00,2.8,2.8,2.8,2.8,25,0,2.8,0.75,0.0
337,2021-06-15 14:52:00,2.8,2.8,2.8,2.8,25,0,2.8,0.75,0.0
338,2021-06-15 14:53:00,2.8,2.8,2.8,2.8,25,0,2.8,0.75,0.0
339,2021-06-15 14:54:00,2.8,2.8,2.8,2.8,25,0,2.8,0.75,0.0
340,2021-06-15 14:55:00,2.8,2.8,2.8,2.8,25,0,2.8,0.75,0.0
341,2021-06-15 14:56:00,2.8,2.8,2.8,2.8,25,0,2.8,0.75,0.0
342,2021-06-15 14:57:00,2.8,2.8,2.8,2.8,25,0,2.8,0.75,0.0
343,2021-06-15 14:58:00,2.8,2.8,2.8,2.8,25,0,2.8,0.75,0.0
344,2021-06-15 14:59:00,2.8,2.8,2.8,2.8,25,0,2.8,0.75,0.0
345,2021-06-15 15:00:00,2.8,2.8,2.8,2.8,25,0,2.8,0.75,0.0
346,2021-06-15 15:01:00,2.8,2.8,2.8,2.8,25,0,2.8,0.75,0.0
347,2021-06-15 15:02:00,2.8,2.8,2.8,2.8,25,0,2.8,0.75,0.0
348,2021-06-15 15:03:00,2.8,2.8,2.8,2.8,25,0,2.8,0.75,0.0
349,2021-06-15 15:04:00,2.8,2.8,2.8,2.8,25,0,2.8,0.75,0.0
350,2021-06-15 15:05:00,2.8,2.8,2.8,2.8,25,0,2.8,0.75,0.0
351,2021-06-15 15:06:00,2.8,2.8,2.8,2.8,25,0,2.8,0.75,0.0
352,2021-06-15 15:07:00,2.8,2.8,2.8,2.8,25,0,2.8,0.75,0.0
353,2021-06-15 15:08:00,2.8,2.8,2.8,2.8,25,0,2.8,0.75,0.0
354,2021-06-15 15:09:00,2.8,2.8,2.8,2.8,25,0,2.8,0.75,0.0
355,2021-06-15 15:10:00,2.8,2.8,2.8,2.8,25,0,2.8,0.75,0.0
356,2021-06-15 15:11:00,2.8,2.8,2.8,2.8,25,0,2.8,0.75,0.0
357,2021-06-15 15:12:00,2.8,2.8,2.8,2.8,25,0,2.8,0.75,0.0
358,2021-06-15 15:13:00,2.8,2.8,2.8,2.8,25,0,2.8,0.75,0.0
359,2021-06-15 15:14:00,2.8,2.8,2.8,2.8,25,0,2.8,0.75,0.0
360,2021-06-15 15:15:00,2.8,2.8,2.8,2.8,25,0,2.8,0.75,0.0
361,2021-06-15 15:16:00,2.8,2.8,2.8,2.8,25,0,2.8,0.75,0.0
362,2021-06-15 15:17:00,2.8,2.8,2.8,2.8,25,0,2.8,0.75,0.0
363,2021-06-15 15:18:00,2.8,2.8,2.8,2.8,25,0,2.8,0.75,0.0
364,2021-06-15 15:19:00,2.8,2.8,2.8,2.8,25,0,2.8,0.75,0.0
365,2021-06-15 15:20:00,2.8,2.8,2.8,2.8,25,0,2.8,0.75,0.0
366,2021-06-15 15:21:00,2.8,2.8,2.8,2.8,25,0,2.8,0.75,0.0
367,2021-06-15 15:22:00,2.8,2.8,2.8,2.8,25,0,2.8,0.75,0.0
368,2021-06-15 15:23:00,2.8,2.8,2.8,2.8,25,0,2.8,0.75,0.0
369,2021-06-15 15:24:00,2.8,2.8,2.8,2.8,25,0,2.8,0.75,0.0
370,2021-06-15 15:25:00,2.8,2.8,2.8,2.8,25,0,2.8,0.75,0.0
371,2021-06-15 15:26:00,2.8,2.8,2.8,2.8,25,0,2.8,0.75,0.0
372,2021-06-15 15:27:00,2.8,2.8,2.8,2.8,25,0,2.8,0.75,0.0
373,2021-06-15 15:28:00,2.8,2.8,2.8,2.8,25,0,2.8,0.75,0.0
374,2021-06-15 15:29:00,2.8,2.8,2.8,2.8,25,0,2.8,0.75,0.0
375,2021-06-15 15:30:00,2.8,2.8,2.8,2.8,25,0,2.8,0.75,0.0
376,2021-06-16 09:15:00,2.8,2.8,2.8,2.8,25,0,2.8,0.75,0.0
377,2021-06-16 09:16:00,2.8,2.8,2.8,2.8,25,0,2.8,0.75,0.0
378,2021-06-16 09:17:00,2.8,2.8,2.8,2.8,25,0,2.8,0.75,0.0
379,2021-06-16 09:18:00,2.8,2.8,2.8,2.8,25,0,2.8,0.75,0.0
380,2021-06-16 09:19:00,2.8,2.8,2.8,2.8,25,0,2.8,0.75,0.0
381,2021-06-16 09:20:00,2.8,2.8,2.8,2.8,25,0,2.8,0.75,0.0
382,2021-06-16 09:21:00,2.8,2.8,2.8,2.8,25,0,2.8,0.75,0.0
383,2021-06-16 09:22:00,2.8,2.8,2.8,2.8,25,0,2.8,0.75,0.0
384,2021-06-16 09:23:00,2.8,2.8,2.8,2.8,25,0,2.8,0.75,0.0
385,2021-06-16 09:24:00,2.8,2.8,2.8,2.8,25,0,2.8,0.75,0.0
386,2021-06-16 09:25:00,2.8,2.8,2.8,2.8,25,0,2.8,0.75,0.0
387,2021-06-16 09:26:00,2.8,2.8,2.8,2.8,25,0,2.8,0.75,0.0
388,2021-06-16 09:27:00,2.8,2.8,2.8,2.8,25,0,2.8,0.75,0.0
389,2021-06-16 09:28:00,2.8,2.8,2.8,2.8,25,0,2.8,0.75,0.0
390,2021-06-16 09:29:00,2.8,2.8,2.8,2.8,25,0,2.8,0.75,0.0
391,2021-06-16 09:30:00,2.8,2.8,2.8,2.8,25,0,2.8,0.75,0.0
392,2021-06-16 09:31:00,2.8,2.8,2.8,2.8,25,0,2.8,0.75,0.0
393,2021-06-16 09:32:00,2.8,2.8,2.8,2.8,25,0,2.8,0.75,0.0
394,2021-06-16 09:33:00,2.8,2.8,2.8,2.8,25,0,2.8,0.75,0.0
395,2021-06-16 09:34:00,2.8,2.8,2.8,2.8,25,0,2.8,0.75,0.0
396,2021-06-16 09:35:00,2.8,2.8,2.8,2.8,25,0,2.8,0.75,0.0
397,2021-06-16 09:36:00,2.8,2.8,2.8,2.8,25,0,2.8,0.75,0.0
398,2021-06-16 09:37:00,2.8,2.8,2.8,2.8,25,0,2.8,0.75,0.0
399,2021-06-16 09:38:00,2.8,2.8,2.8,2.8,25,0,2.8,0.75,0.0
400,2021-06-16 09:39:00,2.8,2.8,2.8,2.8,25,0,2.8,0.75,0.0
401,2021-06-16 09:40:00,2.8,2.8,2.8,2.8,25,0,2.8,0.75,0.0
402,2021-06-16 09:41:00,2.8,2.8,2.8,2.8,25,0,2.8,0.75,0.0
403,2021-06-16 09:42:00,2.8,2.8,2.8,2.8,25,0,2.8,0.75,0.0
404,2021-06-16 09:43:00,2.8,2.8,2.8,2.8,25,0,2.8,0.75,0.0
405,2021-06-16 09:44:00,2.8,2.8,2.8,2.8,25,0,2.8,0.75,0.0
406,2021-06-16 09:45:00,2.8,2.8,2.8,2.8,25,0,2.8,0.75,0.0
407,2021-06-16 09:46:00,2.8,2.8,2.8,2.8,25,0,2.8,0.75,0.0
408,2021-06-16 09:47:00,2.8,2.8,2.8,2.8,25,0,2.8,0.75,0.0
409,2021-06-16 09:48:00,2.8,2.8,2.8,2.8,25,0,2.8,0.75,0.0
410,2021-06-16 09:49:00,2.8,2.8,2.8,2.8,25,0,2.8,0.75,0.0
411,2021-06-16 09:50:00,2.8,2.8,2.8,2.8,25,0,2.8,0.75,0.0
412,2021-06-16 09:51:00,2.8,2.8,2.8,2.8,25,0,2.8,0.75,0.0
413,2021-06-16 09:52:00,2.8,2.8,2.8,2.8,25,0,2.8,0.75,0.0
414,2021-06-16 09:53:00,2.8,2.8,2.8,2.8,25,0,2.8,0.75,0.0
415,2021-06-16 09:54:00,2.8,2.8,2.8,2.8,25,0,2.8,0.75,0.0
416,2021-06-16 09:55:00,2.8,2.8,2.8,2.8,25,0,2.8,0.75,0.0
417,2021-06-16 09:56:00,2.8,2.8,2.8,2.8,25,0,2.8,0.75,0.0
418,2021-06-16 09:57:00,2.8,2.8,2.8,2.8,25,0,2.8,0.75,0.0
419,2021-06-16 09:58:00,2.8,2.8,2.8,2.8,25,0,2.8,0.75,0.0
420,2021-06-16 09:59:00,2.8,2.8,2.8,2.8,25,0,2.8,0.75,0.0
421,2021-06-16 10:00:00,2.8,2.8,2.8,2.8,25,0,2.8,0.75,0.0
422,2021-06-16 10:01:00,2.8,2.8,2.8,2.8,25,0,2.8,0.75,0.0
423,2021-06-16 10:02:00,2.8,2.8,2.8,2.8,25,0,2.8,0.75,0.0
424,2021-06-16 10:03:00,2.8,2.8,2.8,2.8,25,0,2.8,0.75,0.0
425,2021-06-16 10:04:00,2.8,2.8,2.8,2.8,25,0,2.8,0.75,0.0
426,2021-06-16 10:05:00,2.8,2.8,2.8,2.8,25,0,2.8,0.75,0.0
427,2021-06-16 10:06:00,2.8,2.8,2.8,2.8,25,0,2.8,0.75,0.0
428,2021-06-16 10:07:00,2.8,2.8,2.8,2.8,25,0,2.8,0.75,0.0
429,2021-06-16 10:08:00,2.8,2.8,2.8,2.8,25,0,2.8,0.75,0.0
430,2021-06-16 10:09:00,2.8,2.8,2.8,2.8,25,0,2.8,0.75,0.0
431,2021-06-16 10:10:00,2.8,2.8,2.8,2.8,25,0,2.8,0.75,0.0
432,2021-06-16 10:11:00,2.8,2.8,2.8,2.8,25,0,2.8,0.75,0.0
433,2021-06-16 10:12:00,2.8,2.8,2.8,2.8,25,0,2.8,0.75,0.0
434,2021-06-16 10:13:00,2.8,2.8,2.8,2.8,25,0,2.8,0.75,0.0
435,2021-06-16 10:14:00,2.8,2.8,2.8,2.8,25,0,2.8,0.75,0.0
436,2021-06-16 10:15:00,2.8,2.8,2.8,2.8,25,0,2.8,0.75,0.0
437,2021-06-16 10:16:00,2.8,2.8,2.8,2.8,25,0,2.8,0.75,0.0
438,2021-06-16 10:17:00,2.8,2.8,2.8,2.8,25,0,2.8,0.75,0.0
439,2021-06-16 10:18:00,2.8,2.8,2.8,2.8,25,0,2.8,0.75,0.0
440,2021-06-16 10:19:00,2.8,2.8,2.8,2.8,25,0,2.8,0.75,0.0
441,2021-06-16 10:20:00,2.8,2.8,2.8,2.8,25,0,2.8,0.75,0.0
442,2021-06-16 10:21:00,2.8,2.8,2.8,2.8,25,0,2.8,0.75,0.0
443,2021-06-16 10:22:00,2.8,2.8,2.8,2.8,25,0,2.8,0.75,0.0
444,2021-06-16 10:23:00,2.8,2.8,2.8,2.8,25,0,2.8,0.75,0.0
445,2021-06-16 10:24:00,2.8,2.8,2.8,2.8,25,0,2.8,0.75,0.0
446,2021-06-16 10:25:00,2.8,2.8,2.8,2.8,25,0,2.8,0.75,0.0
447,2021-06-16 10:26:00,2.8,2.8,2.8,2.8,25,0,2.8,0.75,0.0
448,2021-06-16 10:27:00,2.8,2.8,2.8,2.8,25,0,2.8,0.75,0.0
449,2021-06-16 10:28:00,2.8,2.8,2.8,2.8,25,0,2.8,0.75,0.0
450,2021-06-16 10:29:00,2.8,2.8,2.8,2.8,25,0,2.8,0.75,0.0
451,2021-06-16 10:30:00,2.8,2.8,2.8,2.8,25,0,2.8,0.75,0.0
452,2021-06-16 10:31:00,2.8,2.8,2.8,2.8,25,0,2.8,0.75,0.0
453,2021-06-16 10:32:00,2.8,2.8,2.8,2.8,25,0,2.8,0.75,0.0
454,2021-06-16 10:33:00,2.8,2.8,2.8,2.8,25,0,2.8,0.75,0.0
455,2021-06-16 10:34:00,2.8,2.8,2.8,2.8,25,0,2.8,0.75,0.0
456,2021-06-16 10:35:00,2.8,2.8,2.8,2.8,25,0,2.8,0.75,0.0
457,2021-06-16 10:36:00,2.8,2.8,2.8,2.8,25,0,2.8,0.75,0.0
458,2021-06-16 10:37:00,2.8,2.8,2.8,2.8,25,0,2.8,0.75,0.0
459,2021-06-16 10:38:00,2.8,2.8,2.8,2.8,25,0,2.8,0.75,0.0
460,2021-06-16 10:39:00,2.8,2.8,2.8,2.8,25,0,2.8,0.75,0.0
461,2021-06-16 10:40:00,2.8,2.8,2.8,2.8,25,0,2.8,0.75,0.0
462,2021-06-16 10:41:00,2.8,2.8,2.8,2.8,25,0,2.8,0.75,0.0
463,2021-06-16 10:42:00,2.8,2.8,2.8,2.8,25,0,2.8,0.75,0.0
464,2021-06-16 10:43:00,2.8,2.8,2.8,2.8,25,0,2.8,0.75,0.0
465,2021-06-16 10:44:00,2.8,2.8,2.8,2.8,25,0,2.8,0.75,0.0
466,2021-06-16 10:45:00,2.8,2.8,2.8,2.8,25,0,2.8,0.75,0.0
467,2021-06-16 10:46:00,2.8,2.8,2.8,2.8,25,0,2.8,0.75,0.0
468,2021-06-16 10:47:00,2.8,2.8,2.8,2.8,25,0,2.8,0.75,0.0
469,2021-06-16 10:48:00,2.8,2.8,2.8,2.8,25,0,2.8,0.75,0.0
470,2021-06-16 10:49:00,2.8,2.8,2.8,2.8,25,0,2.8,0.75,0.0
471,2021-06-16 10:50:00,2.8,2.8,2.8,2.8,25,0,2.8,0.75,0.0
472,2021-06-16 10:51:00,2.8,2.8,2.8,2.8,25,0,2.8,0.75,0.0
473,2021-06-16 10:52:00,2.8,2.8,2.8,2.8,25,0,2.8,0.75,0.0
474,2021-06-16 10:53:00,2.8,2.8,2.8,2.8,25,0,2.8,0.75,0.0
475,2021-06-16 10:54:00,2.8,2.8,2.8,2.8,25,0,2.8,0.75,0.0
476,2021-06-16 10:55:00,2.8,2.8,2.8,2.8,25,0,2.8,0.75,0.0
477,2021-06-16 10:56:00,2.8,2.8,2.8,2.8,25,0,2.8,0.75,0.0
478,2021-06-16 10:57:00,2.8,2.8,2.8,2.8,25,0,2.8,0.75,0.0
479,2021-06-16 10:58:00,2.8,2.8,2.8,2.8,25,0,2.8,0.75,0.0
480,2021-06-16 10:59:00,2.8,2.8,2.8,2.8,25,0,2.8,0.75,0.0
481,2021-06-16 11:00:00,2.8,2.8,2.8,2.8,25,0,2.8,0.75,0.0
482,2021-06-16 11:01:00,2.8,2.8,2.8,2.8,25,0,2.8,0.75,0.0
483,2021-06-16 11:02:00,2.8,2.8,2.8,2.8,25,0,2.8,0.75,0.0
484,2021-06-16 11:03:00,2.8,2.8,2.8,2.8,25,0,2.8,0.75,0.0
485,2021-06-16 11:04:00,2.8,2.8,2.8,2.8,25,0,2.8,0.75,0.0
486,2021-06-16 11:05:00,2.8,2.8,2.8,2.8,25,0,2.8,0.75,0.0
487,2021-06-16 11:06:00,2.8,2.8,2.8,2.8,25,0,2.8,0.75,0.0
488,2021-06-16 11:07:00,2.8,2.8,2.8,2.8,25,0,2.8,0.75,0.0
489,2021-06-16 11:08:00,2.8,2.8,2.8,2.8,25,0,2.8,0.75,0.0
490,2021-06-16 11:09:00,2.8,2.8,2.8,2.8,25,0,2.8,0.75,0.0
491,2021-06-16 11:10:00,2.8,2.8,2.8,2.8,25,0,2.8,0.75,0.0
492,2021-06-16 11:11:00,2.8,2.8,2.8,2.8,25,0,2.8,0.75,0.0
493,2021-06-16 11:12:00,2.8,2.8,2.8,2.8,25,0,2.8,0.75,0.0
494,2021-06-16 11:13:00,2.8,2.8,2.8,2.8,25,0,2.8,0.75,0.0
495,2021-06-16 11:14:00,2.8,2.8,2.8,2.8,25,0,2.8,0.75,0.0
496,2021-06-16 11:15:00,2.8,2.8,2.8,2.8,25,0,2.8,0.75,0.0
497,2021-06-16 11:16:00,2.8,2.8,2.8,2.8,25,0,2.8,0.75,0.0
498,2021-06-16 11:17:00,2.8,2.8,2.8,2.8,25,0,2.8,0.75,0.0
499,2021-06-16 11:18:00,2.8,2.8,2.8,2.8,25,0,2.8,0.75,0.0
500,2021-06-16 11:19:00,2.8,2.8,2.8,2.8,25,0,2.8,0.75,0.0
501,2021-06-16 11:20:00,2.8,2.8,2.8,2.8,25,0,2.8,0.75,0.0
502,2021-06-16 11:21:00,2.8,2.8,2.8,2.8,25,0,2.8,0.75,0.0
503,2021-06-16 11:22:00,2.8,2.8,2.8,2.8,25,0,2.8,0.75,0.0
504,2021-06-16 11:23:00,2.8,2.8,2.8,2.8,25,0,2.8,0.75,0.0
505,2021-06-16 11:24:00,2.8,2.8,2.8,2.8,25,0,2.8,0.75,0.0
506,2021-06-16 11:25:00,2.8,2.8,2.8,2.8,25,0,2.8,0.75,0.0
507,2021-06-16 11:26:00,2.8,2.8,2.8,2.8,25,0,2.8,0.75,0.0
508,2021-06-16 11:27:00,2.8,2.8,2.8,2.8,25,0,2.8,0.75,0.0
509,2021-06-16 11:28:00,2.8,2.8,2.8,2.8,25,0,2.8,0.75,0.0
510,2021-06-16 11:29:00,2.8,2.8,2.8,2.8,25,0,2.8,0.75,0.0
511,2021-06-16 11:30:00,2.8,2.8,2.8,2.8,25,0,2.8,0.75,0.0
512,2021-06-16 11:31:00,2.8,2.8,2.8,2.8,25,0,2.8,0.75,0.0
513,2021-06-16 11:32:00,2.8,2.8,2.8,2.8,25,0,2.8,0.75,0.0
514,2021-06-16 11:33:00,2.8,2.8,2.8,2.8,25,0,2.8,0.75,0.0
515,2021-06-16 11:34:00,2.8,2.8,2.8,2.8,25,0,2.8,0.75,0.0
516,2021-06-16 11:35:00,2.8,2.8,2.8,2.8,25,0,2.8,0.75,0.0
517,2021-06-16 11:36:00,2.8,2.8,2.8,2.8,25,0,2.8,0.75,0.0
518,2021-06-16 11:37:00,2.8,2.8,2.8,2.8,25,0,2.8,0.75,0.0
519,2021-06-16 11:38:00,2.8,2.8,2.8,2.8,25,0,2.8,0.75,0.0
520,2021-06-16 11:39:00,2.8,2.8,2.8,2.8,25,0,2.8,0.75,0.0
521,2021-06-16 11:40:00,2.8,2.8,2.8,2.8,25,0,2.8,0.75,0.0
522,2021-06-16 11:41:00,2.8,2.8,2.8,2.8,25,0,2.8,0.75,0.0
523,2021-06-16 11:42:00,2.8,2.8,2.8,2.8,25,0,2.8,0.75,0.0
524,2021-06-16 11:43:00,2.8,2.8,2.8,2.8,25,0,2.8,0.75,0.0
525,2021-06-16 11:44:00,2.8,2.8,2.8,2.8,25,0,2.8,0.75,0.0
526,2021-06-16 11:45:00,2.8,2.8,2.8,2.8,25,0,2.8,0.75,0.0
527,2021-06-16 11:46:00,2.8,2.8,2.8,2.8,25,0,2.8,0.75,0.0
528,2021-06-16 11:47:00,2.8,2.8,2.8,2.8,25,0,2.8,0.75,0.0
529,2021-06-16 11:48:00,2.8,2.8,2.8,2.8,25,0,2.8,0.75,0.0
530,2021-06-16 11:49:00,2.8,2.8,2.8,2.8,25,0,2.8,0.75,0.0
531,2021-06-16 11:50:00,2.8,2.8,2.8,2.8,25,0,2.8,0.75,0.0
532,2021-06-16 11:51:00,2.8,2.8,2.8,2.8,25,0,2.8,0.75,0.0
533,2021-06-16 11:52:00,2.8,2.8,2.8,2.8,25,0,2.8,0.75,0.0
534,2021-06-16 11:53:00,2.8,2.8,2.8,2.8,25,0,2.8,0.75,0.0
535,2021-06-16 11:54:00,2.8,2.8,2.8,2.8,25,0,2.8,0.75,0.0
536,2021-06-16 11:55:00,2.8,2.8,2.8,2.8,25,0,2.8,0.75,0.0
537,2021-06-16 11:56:00,2.8,2.8,2.8,2.8,25,0,2.8,0.75,0.0
538,2021-06-16 11:57:00,2.8,2.8,2.8,2.8,25,0,2.8,0.75,0.0
539,2021-06-16 11:58:00,2.8,2.8,2.8,2.8,25,0,2.8,0.75,0.0
540,2021-06-16 11:59:00,2.8,2.8,2.8,2.8,25,0,2.8,0.75,0.0
541,2021-06-16 12:00:00,2.8,2.8,2.8,2.8,25,0,2.8,0.75,0.0
542,2021-06-16 12:01:00,2.8,2.8,2.8,2.8,25,0,2.8,0.75,0.0
543,2021-06-16 12:02:00,2.8,2.8,2.8,2.8,25,0,2.8,0.75,0.0
544,2021-06-16 12:03:00,2.8,2.8,2.8,2.8,25,0,2.8,0.75,0.0
545,2021-06-16 12:04:00,2.8,2.8,2.8,2.8,25,0,2.8,0.75,0.0
546,2021-06-16 12:05:00,2.8,2.8,2.8,2.8,25,0,2.8,0.75,0.0
547,2021-06-16 12:06:00,2.8,2.8,2.8,2.8,25,0,2.8,0.75,0.0
548,2021-06-16 12:07:00,2.8,2.8,2.8,2.8,25,0,2.8,0.75,0.0
549,2021-06-16 12:08:00,2.8,2.8,2.8,2.8,25,0,2.8,0.75,0.0
550,2021-06-16 12:09:00,2.8,2.8,2.8,2.8,25,0,2.8,0.75,0.0
551,2021-06-16 12:10:00,2.8,2.8,2.8,2.8,25,0,2.8,0.75,0.0
552,2021-06-16 12:11:00,2.8,2.8,2.8,2.8,25,0,2.8,0.75,0.0
553,2021-06-16 12:12:00,2.8,2.8,2.8,2.8,25,0,2.8,0.75,0.0
554,2021-06-16 12:13:00,2.8,2.8,2.8,2.8,25,0,2.8,0.75,0.0
555,2021-06-16 12:14:00,2.8,2.8,2.8,2.8,25,0,2.8,0.75,0.0
556,2021-06-16 12:15:00,2.8,2.8,2.8,2.8,25,0,2.8,0.75,0.0
557,2021-06-16 12:16:00,2.8,2.8,2.8,2.8,25,0,2.8,0.75,0.0
558,2021-06-16 12:17:00,2.8,2.8,2.8,2.8,25,0,2.8,0.75,0.0
559,2021-06-16 12:18:00,2.8,2.8,2.8,2.8,25,0,2.8,0.75,0.0
560,2021-06-16 12:19:00,2.8,2.8,2.8,2.8,25,0,2.8,0.75,0.0
561,2021-06-16 12:20:00,2.8,2.8,2.8,2.8,25,0,2.8,0.75,0.0
562,2021-06-16 12:21:00,2.8,2.8,2.8,2.8,25,0,2.8,0.75,0.0
563,2021-06-16 12:22:00,2.8,2.8,2.8,2.8,25,0,2.8,0.75,0.0
564,2021-06-16 12:23:00,2.8,2.8,2.8,2.8,25,0,2.8,0.75,0.0
565,2021-06-16 12:24:00,2.8,2.8,2.8,2.8,25,0,2.8,0.75,0.0
566,2021-06-16 12:25:00,2.8,2.8,2.8,2.8,25,0,2.8,0.75,0.0
567,2021-06-16 12:26:00,2.8,2.8,2.8,2.8,25,0,2.8,0.75,0.0
568,2021-06-16 12:27:00,2.8,2.8,2.8,2.8,25,0,2.8,0.75,0.0
569,2021-06-16 12:28:00,2.8,2.8,2.8,2.8,25,0,2.8,0.75,0.0
570,2021-06-16 12:29:00,2.8,2.8,2.8,2.8,25,0,2.8,0.75,0.0
571,2021-06-16 12:30:00,2.8,2.8,2.8,2.8,25,0,2.8,0.75,0.0
572,2021-06-16 12:31:00,2.8,2.8,2.8,2.8,25,0,2.8,0.75,0.0
573,2021-06-16 12:32:00,2.8,2.8,2.8,2.8,25,0,2.8,0.75,0.0
574,2021-06-16 12:33:00,2.8,2.8,2.8,2.8,25,0,2.8,0.75,0.0
575,2021-06-16 12:34:00,2.8,2.8,2.8,2.8,25,0,2.8,0.75,0.0
576,2021-06-16 12:35:00,2.8,2.8,2.8,2.8,25,0,2.8,0.75,0.0
577,2021-06-16 12:36:00,2.8,2.8,2.8,2.8,25,0,2.8,0.75,0.0
578,2021-06-16 12:37:00,2.8,2.8,2.8,2.8,25,0,2.8,0.75,0.0
579,2021-06-16 12:38:00,2.8,2.8,2.8,2.8,25,0,2.8,0.75,0.0
580,2021-06-16 12:39:00,2.8,2.8,2.8,2.8,25,0,2.8,0.75,0.0
581,2021-06-16 12:40:00,2.8,2.8,2.8,2.8,25,0,2.8,0.75,0.0
582,2021-06-16 12:41:00,2.8,2.8,2.8,2.8,25,0,2.8,0.75,0.0
583,2021-06-16 12:42:00,2.8,2.8,2.8,2.8,25,0,2.8,0.75,0.0
584,2021-06-16 12:43:00,2.8,2.8,2.8,2.8,25,0,2.8,0.75,0.0
585,2021-06-16 12:44:00,2.8,2.8,2.8,2.8,25,0,2.8,0.75,0.0
586,2021-06-16 12:45:00,2.8,2.8,2.8,2.8,25,0,2.8,0.75,0.0
587,2021-06-16 12:46:00,2.8,2.8,2.8,2.8,25,0,2.8,0.75,0.0
588,2021-06-16 12:47:00,2.8,2.8,2.8,2.8,25,0,2.8,0.75,0.0
589,2021-06-16 12:48:00,2.8,2.8,2.8,2.8,25,0,2.8,0.75,0.0
590,2021-06-16 12:49:00,2.8,2.8,2.8,2.8,25,0,2.8,0.75,0.0
591,2021-06-16 12:50:00,2.8,2.8,2.8,2.8,25,0,2.8,0.75,0.0
592,2021-06-16 12:51:00,2.8,2.8,2.8,2.8,25,0,2.8,0.75,0.0
593,2021-06-16 12:52:00,2.8,2.8,2.8,2.8,25,0,2.8,0.75,0.0
594,2021-06-16 12:53:00,2.8,2.8,2.8,2.8,25,0,2.8,0.75,0.0
595,2021-06-16 12:54:00,2.8,2.8,2.8,2.8,25,0,2.8,0.75,0.0
596,2021-06-16 12:55:00,2.8,2.8,2.8,2.8,25,0,2.8,0.75,0.0
597,2021-06-16 12:56:00,2.8,2.8,2.8,2.8,25,0,2.8,0.75,0.0
598,2021-06-16 12:57:00,2.8,2.8,2.8,2.8,25,0,2.8,0.75,0.0
599,2021-06-16 12:58:00,2.8,2.8,2.8,2.8,25,0,2.8,0.75,0.0
600,2021-06-16 12:59:00,2.8,2.8,2.8,2.8,25,0,2.8,0.75,0.0
601,2021-06-16 13:00:00,2.8,2.8,2.8,2.8,25,0,2.8,0.75,0.0
602,2021-06-16 13:01:00,2.8,2.8,2.8,2.8,25,0,2.8,0.75,0.0
603,2021-06-16 13:02:00,2.8,2.8,2.8,2.8,25,0,2.8,0.75,0.0
604,2021-06-16 13:03:00,2.8,2.8,2.8,2.8,25,0,2.8,0.75,0.0
605,2021-06-16 13:04:00,2.8,2.8,2.8,2.8,25,0,2.8,0.75,0.0
606,2021-06-16 13:05:00,2.8,2.8,2.8,2.8,25,0,2.8,0.75,0.0
607,2021-06-16 13:06:00,2.8,2.8,2.8,2.8,25,0,2.8,0.75,0.0
608,2021-06-16 13:07:00,2.8,2.8,2.8,2.8,25,0,2.8,0.75,0.0
609,2021-06-16 13:08:00,2.8,2.8,2.8,2.8,25,0,2.8,0.75,0.0
610,2021-06-16 13:09:00,2.8,2.8,2.8,2.8,25,0,2.8,0.75,0.0
611,2021-06-16 13:10:00,2.8,2.8,2.8,2.8,25,0,2.8,0.75,0.0
612,2021-06-16 13:11:00,2.8,2.8,2.8,2.8,25,0,2.8,0.75,0.0
613,2021-06-16 13:12:00,2.8,2.8,2.8,2.8,25,0,2.8,0.75,0.0
614,2021-06-16 13:13:00,2.8,2.8,2.8,2.8,25,0,2.8,0.75,0.0
615,2021-06-16 13:14:00,2.8,2.8,2.8,2.8,25,0,2.8,0.75,0.0
616,2021-06-16 13:15:00,2.8,2.8,2.8,2.8,25,0,2.8,0.75,0.0
617,2021-06-16 13:16:00,2.8,2.8,2.8,2.8,25,0,2.8,0.75,0.0
618,2021-06-16 13:17:00,2.8,2.8,2.8,2.8,25,0,2.8,0.75,0.0
619,2021-06-16 13:18:00,2.8,2.8,2.8,2.8,25,0,2.8,0.75,0.0
620,2021-06-16 13:19:00,2.8,2.8,2.8,2.8,25,0,2.8,0.75,0.0
621,2021-06-16 13:20:00,2.8,2.8,2.8,2.8,25,0,2.8,0.75,0.0
622,2021-06-16 13:21:00,2.8,2.8,2.8,2.8,25,0,2.8,0.75,0.0
623,2021-06-16 13:22:00,2.8,2.8,2.8,2.8,25,0,2.8,0.75,0.0
624,2021-06-16 13:23:00,2.8,2.8,2.8,2.8,25,0,2.8,0.75,0.0
625,2021-06-16 13:24:00,2.8,2.8,2.8,2.8,25,0,2.8,0.75,0.0
626,2021-06-16 13:25:00,2.8,2.8,2.8,2.8,25,0,2.8,0.75,0.0
627,2021-06-16 13:26:00,2.8,2.8,2.8,2.8,25,0,2.8,0.75,0.0
628,2021-06-16 13:27:00,2.8,2.8,2.8,2.8,25,0,2.8,0.75,0.0
629,2021-06-16 13:28:00,2.8,2.8,2.8,2.8,25,0,2.8,0.75,0.0
630,2021-06-16 13:29:00,2.8,2.8,2.8,2.8,25,0,2.8,0.75,0.0
631,2021-06-16 13:30:00,2.8,2.8,2.8,2.8,25,0,2.8,0.75,0.0
632,2021-06-16 13:31:00,2.8,2.8,2.8,2.8,25,0,2.8,0.75,0.0
633,2021-06-16 13:32:00,2.8,2.8,2.8,2.8,25,0,2.8,0.75,0.0
634,2021-06-16 13:33:00,2.8,2.8,2.8,2.8,25,0,2.8,0.75,0.0
635,2021-06-16 13:34:00,2.8,2.8,2.8,2.8,25,0,2.8,0.75,0.0
636,2021-06-16 13:35:00,2.8,2.8,2.8,2.8,25,0,2.8,0.75,0.0
637,2021-06-16 13:36:00,2.8,2.8,2.8,2.8,25,0,2.8,0.75,0.0
638,2021-06-16 13:37:00,2.8,2.8,2.8,2.8,25,0,2.8,0.75,0.0
639,2021-06-16 13:38:00,2.8,2.8,2.8,2.8,25,0,2.8,0.75,0.0
640,2021-06-16 13:39:00,2.8,2.8,2.8,2.8,25,0,2.8,0.75,0.0
641,2021-06-16 13:40:00,2.8,2.8,2.8,2.8,25,0,2.8,0.75,0.0
642,2021-06-16 13:41:00,2.8,2.8,2.8,2.8,25,0,2.8,0.75,0.0
643,2021-06-16 13:42:00,2.8,2.8,2.8,2.8,25,0,2.8,0.75,0.0
644,2021-06-16 13:43:00,2.8,2.8,2.8,2.8,25,0,2.8,0.75,0.0
645,2021-06-16 13:44:00,2.8,2.8,2.8,2.8,25,0,2.8,0.75,0.0
646,2021-06-16 13:45:00,2.8,2.8,2.8,2.8,25,0,2.8,0.75,0.0
647,2021-06-16 13:46:00,2.8,2.8,2.8,2.8,25,0,2.8,0.75,0.0
648,2021-06-16 13:47:00,2.8,2.8,2.8,2.8,25,0,2.8,0.75,0.0
649,2021-06-16 13:48:00,2.8,2.8,2.8,2.8,25,0,2.8,0.75,0.0
650,2021-06-16 13:49:00,2.8,2.8,2.8,2.8,25,0,2.8,0.75,0.0
651,2021-06-16 13:50:00,2.8,2.8,2.8,2.8,25,0,2.8,0.75,0.0
652,2021-06-16 13:51:00,2.8,2.8,2.8,2.8,25,0,2.8,0.75,0.0
653,2021-06-16 13:52:00,2.8,2.8,2.8,2.8,25,0,2.8,0.75,0.0
654,2021-06-16 13:53:00,2.8,2.8,2.8,2.8,25,0,2.8,0.75,0.0
655,2021-06-16 13:54:00,2.8,2.8,2.8,2.8,25,0,2.8,0.75,0.0
656,2021-06-16 13:55:00,2.8,2.8,2.8,2.8,25,0,2.8,0.75,0.0
657,2021-06-16 13:56:00,2.8,2.8,2.8,2.8,25,0,2.8,0.75,0.0
658,2021-06-16 13:57:00,2.8,2.8,2.8,2.8,25,0,2.8,0.75,0.0
659,2021-06-16 13:58:00,2.8,2.8,2.8,2.8,25,0,2.8,0.75,0.0
660,2021-06-16 13:59:00,2.8,2.8,2.8,2.8,25,0,2.8,0.75,0.0
661,2021-06-16 14:00:00,2.8,2.8,2.8,2.8,25,0,2.8,0.75,0.0
662,2021-06-16 14:01:00,2.8,2.8,2.8,2.8,25,0,2.8,0.75,0.0
663,2021-06-16 14:02:00,2.8,2.8,2.8,2.8,25,0,2.8,0.75,0.0
664,2021-06-16 14:03:00,2.8,2.8,2.8,2.8,25,0,2.8,0.75,0.0
665,2021-06-16 14:04:00,2.8,2.8,2.8,2.8,25,0,2.8,0.75,0.0
666,2021-06-16 14:05:00,2.8,2.8,2.8,2.8,25,0,2.8,0.75,0.0
667,2021-06-16 14:06:00,2.8,2.8,2.8,2.8,25,0,2.8,0.75,0.0
668,2021-06-16 14:07:00,2.8,2.8,2.8,2.8,25,0,2.8,0.75,0.0
669,2021-06-16 14:08:00,2.8,2.8,2.8,2.8,25,0,2.8,0.75,0.0
670,2021-06-16 14:09:00,2.8,2.8,2.8,2.8,25,0,2.8,0.75,0.0
671,2021-06-16 14:10:00,2.8,2.8,2.8,2.8,25,0,2.8,0.75,0.0
672,2021-06-16 14:11:00,2.8,2.8,2.8,2.8,25,0,2.8,0.75,0.0
673,2021-06-16 14:12:00,2.8,2.8,2.8,2.8,25,0,2.8,0.75,0.0
674,2021-06-16 14:13:00,2.8,2.8,2.8,2.8,25,0,2.8,0.75,0.0
675,2021-06-16 14:14:00,2.8,2.8,2.8,2.8,25,0,2.8,0.75,0.0
676,2021-06-16 14:15:00,2.8,2.8,2.8,2.8,25,0,2.8,0.75,0.0
677,2021-06-16 14:16:00,2.8,2.8,2.8,2.8,25,0,2.8,0.75,0.0
678,2021-06-16 14:17:00,2.8,2.8,2.8,2.8,25,0,2.8,0.75,0.0
679,2021-06-16 14:18:00,2.8,2.8,2.8,2.8,25,0,2.8,0.75,0.0
680,2021-06-16 14:19:00,2.8,2.8,2.8,2.8,25,0,2.8,0.75,0.0
681,2021-06-16 14:20:00,2.8,2.8,2.8,2.8,25,0,2.8,0.75,0.0
682,2021-06-16 14:21:00,2.8,2.8,2.8,2.8,25,0,2.8,0.75,0.0
683,2021-06-16 14:22:00,2.8,2.8,2.8,2.8,25,0,2.8,0.75,0.0
684,2021-06-16 14:23:00,2.8,2.8,2.8,2.8,25,0,2.8,0.75,0.0
685,2021-06-16 14:24:00,2.8,2.8,2.8,2.8,25,0,2.8,0.75,0.0
686,2021-06-16 14:25:00,2.8,2.8,2.8,2.8,25,0,2.8,0.75,0.0
687,2021-06-16 14:26:00,2.8,2.8,2.8,2.8,25,0,2.8,0.75,0.0
688,2021-06-16 14:27:00,2.8,2.8,2.8,2.8,25,0,2.8,0.75,0.0
689,2021-06-16 14:28:00,2.8,2.8,2.8,2.8,25,0,2.8,0.75,0.0
690,2021-06-16 14:29:00,2.8,2.8,2.8,2.8,25,0,2.8,0.75,0.0
691,2021-06-16 14:30:00,2.8,2.8,2.8,2.8,25,0,2.8,0.75,0.0
692,2021-06-16 14:31:00,2.8,2.8,2.8,2.8,25,0,2.8,0.75,0.0
693,2021-06-16 14:32:00,2.8,2.8,2.8,2.8,25,0,2.8,0.75,0.0
694,2021-06-16 14:33:00,2.8,2.8,2.8,2.8,25,0,2.8,0.75,0.0
695,2021-06-16 14:34:00,2.8,2.8,2.8,2.8,25,0,2.8,0.75,0.0
696,2021-06-16 14:35:00,2.8,2.8,2.8,2.8,25,0,2.8,0.75,0.0
697,2021-06-16 14:36:00,2.8,2.8,2.8,2.8,25,0,2.8,0.75,0.0
698,2021-06-16 14:37:00,2.8,2.8,2.8,2.8,25,0,2.8,0.75,0.0
699,2021-06-16 14:38:00,2.8,2.8,2.8,2.8,25,0,2.8,0.75,0.0
700,2021-06-16 14:39:00,2.8,2.8,2.8,2.8,25,0,2.8,0.75,0.0
701,2021-06-16 14:40:00,2.8,2.8,2.8,2.8,25,0,2.8,0.75,0.0
702,2021-06-16 14:41:00,2.8,2.8,2.8,2.8,25,0,2.8,0.75,0.0
703,2021-06-16 14:42:00,2.8,2.8,2.8,2.8,25,0,2.8,0.75,0.0
704,2021-06-16 14:43:00,2.8,2.8,2.8,2.8,25,0,2.8,0.75,0.0
705,2021-06-16 14:44:00,2.8,2.8,2.8,2.8,25,0,2.8,0.75,0.0
706,2021-06-16 14:45:00,2.8,2.8,2.8,2.8,25,0,2.8,0.75,0.0
707,2021-06-16 14:46:00,2.8,2.8,2.8,2.8,25,0,2.8,0.75,0.0
708,2021-06-16 14:47:00,2.8,2.8,2.8,2.8,25,0,2.8,0.75,0.0
709,2021-06-16 14:48:00,2.8,2.8,2.8,2.8,25,0,2.8,0.75,0.0
710,2021-06-16 14:49:00,2.8,2.8,2.8,2.8,25,0,2.8,0.75,0.0
711,2021-06-16 14:50:00,2.8,2.8,2.8,2.8,25,0,2.8,0.75,0.0
712,2021-06-16 14:51:00,2.8,2.8,2.8,2.8,25,0,2.8,0.75,0.0
713,2021-06-16 14:52:00,2.8,2.8,2.8,2.8,25,0,2.8,0.75,0.0
714,2021-06-16 14:53:00,2.8,2.8,2.8,2.8,25,0,2.8,0.75,0.0
715,2021-06-16 14:54:00,2.8,2.8,2.8,2.8,25,0,2.8,0.75,0.0
716,2021-06-16 14:55:00,2.8,2.8,2.8,2.8,25,0,2.8,0.75,0.0
717,2021-06-16 14:56:00,2.8,2.8,2.8,2.8,25,0,2.8,0.75,0.0
718,2021-06-16 14:57:00,2.8,2.8,2.8,2.8,25,0,2.8,0.75,0.0
719,2021-06-16 14:58:00,2.8,2.8,2.8,2.8,25,0,2.8,0.75,0.0
720,2021-06-16 14:59:00,2.8,2.8,2.8,2.8,25,0,2.8,0.75,0.0
721,2021-06-16 15:00:00,2.8,2.8,2.8,2.8,25,0,2.8,0.75,0.0
722,2021-06-16 15:01:00,2.8,2.8,2.8,2.8,25,0,2.8,0.75,0.0
723,2021-06-16 15:02:00,2.8,2.8,2.8,2.8,25,0,2.8,0.75,0.0
724,2021-06-16 15:03:00,2.8,2.8,2.8,2.8,25,0,2.8,0.75,0.0
725,2021-06-16 15:04:00,2.8,2.8,2.8,2.8,25,0,2.8,0.75,0.0
726,2021-06-16 15:05:00,2.8,2.8,2.8,2.8,25,0,2.8,0.75,0.0
727,2021-06-16 15:06:00,2.8,2.8,2.8,2.8,25,0,2.8,0.75,0.0
728,2021-06-16 15:07:00,2.8,2.8,2.8,2.8,25,0,2.8,0.75,0.0
729,2021-06-16 15:08:00,2.8,2.8,2.8,2.8,25,0,2.8,0.75,0.0
730,2021-06-16 15:09:00,2.8,2.8,2.8,2.8,25,0,2.8,0.75,0.0
731,2021-06-16 15:10:00,2.8,2.8,2.8,2.8,25,0,2.8,0.75,0.0
732,2021-06-16 15:11:00,2.8,2.8,2.8,2.8,25,0,2.8,0.75,0.0
733,2021-06-16 15:12:00,2.8,2.8,2.8,2.8,25,0,2.8,0.75,0.0
734,2021-06-16 15:13:00,2.8,2.8,2.8,2.8,25,0,2.8,0.75,0.0
735,2021-06-16 15:14:00,2.8,2.8,2.8,2.8,25,0,2.8,0.75,0.0
736,2021-06-16 15:15:00,2.8,2.8,2.8,2.8,25,0,2.8,0.75,0.0
737,2021-06-16 15:16:00,2.8,2.8,2.8,2.8,25,0,2.8,0.75,0.0
738,2021-06-16 15:17:00,2.8,2.8,2.8,2.8,25,0,2.8,0.75,0.0
739,2021-06-16 15:18:00,2.8,2.8,2.8,2.8,25,0,2.8,0.75,0.0
740,2021-06-16 15:19:00,2.8,2.8,2.8,2.8,25,0,2.8,0.75,0.0
741,2021-06-16 15:20:00,2.8,2.8,2.8,2.8,25,0,2.8,0.75,0.0
742,2021-06-16 15:21:00,2.8,2.8,2.8,2.8,25,0,2.8,0.75,0.0
743,2021-06-16 15:22:00,2.8,2.8,2.8,2.8,25,0,2.8,0.75,0.0
744,2021-06-16 15:23:00,2.8,2.8,2.8,2.8,25,0,2.8,0.75,0.0
745,2021-06-16 15:24:00,2.8,2.8,2.8,2.8,25,0,2.8,0.75,0.0
746,2021-06-16 15:25:00,2.8,2.8,2.8,2.8,25,0,2.8,0.75,0.0
747,2021-06-16 15:26:00,2.8,2.8,2.8,2.8,25,0,2.8,0.75,0.0
748,2021-06-16 15:27:00,2.8,2.8,2.8,2.8,25,0,2.8,0.75,0.0
749,2021-06-16 15:28:00,2.8,2.8,2.8,2.8,25,0,2.8,0.75,0.0
750,2021-06-16 15:29:00,2.8,2.8,2.8,2.8,25,0,2.8,0.75,0.0
751,2021-06-16 15:30:00,2.8,2.8,2.8,2.8,25,0,2.8,0.75,0.0
752,2021-06-17 09:15:00,2.8,2.8,2.8,2.8,25,0,2.8,0.75,0.0
753,2021-06-17 09:16:00,2.8,2.8,2.8,2.8,25,0,2.8,0.75,0.0
754,2021-06-17 09:17:00,2.8,2.8,2.8,2.8,25,0,2.8,0.75,0.0
755,2021-06-17 09:18:00,2.8,2.8,2.8,2.8,25,0,2.8,0.75,0.0
756,2021-06-17 09:19:00,2.8,2.8,2.8,2.8,25,0,2.8,0.75,0.0
757,2021-06-17 09:20:00,2.8,2.8,2.8,2.8,25,0,2.8,0.75,0.0
758,2021-06-17 09:21:00,2.8,2.8,2.8,2.8,25,0,2.8,0.75,0.0
759,2021-06-17 09:22:00,2.8,2.8,2.8,2.8,25,0,2.8,0.75,0.0
760,2021-06-17 09:23:00,2.8,2.8,2.8,2.8,25,0,2.8,0.75,0.0
761,2021-06-17 09:24:00,2.8,2.8,2.8,2.8,25,0,2.8,0.75,0.0
762,2021-06-17 09:25:00,2.8,2.8,2.8,2.8,25,0,2.8,0.75,0.0
763,2021-06-17 09:26:00,2.8,2.8,2.8,2.8,25,0,2.8,0.75,0.0
764,2021-06-17 09:27:00,2.8,2.8,2.8,2.8,25,0,2.8,0.75,0.0
765,2021-06-17 09:28:00,2.8,2.8,2.8,2.8,25,0,2.8,0.75,0.0
766,2021-06-17 09:29:00,2.8,2.8,2.8,2.8,25,0,2.8,0.75,0.0
767,2021-06-17 09:30:00,2.8,2.8,2.8,2.8,25,0,2.8,0.75,0.0
768,2021-06-17 09:31:00,2.8,2.8,2.8,2.8,25,0,2.8,0.75,0.0
769,2021-06-17 09:32:00,2.8,2.8,2.8,2.8,25,0,2.8,0.75,0.0
770,2021-06-17 09:33:00,2.8,2.8,2.8,2.8,25,0,2.8,0.75,0.0
771,2021-06-17 09:34:00,2.5,2.5,2.5,2.5,225,25,2.5,0.8,2.4
772,2021-06-17 09:35:00,2.5,2.5,2.5,2.5,225,25,2.5,0.8,2.4
773,2021-06-17 09:36:00,2.5,2.5,2.5,2.5,225,25,2.5,0.8,2.4
774,2021-06-17 09:37:00,2.5,2.5,2.5,2.5,225,25,2.5,0.8,2.4
775,2021-06-17 09:38:00,2.5,2.5,2.5,2.5,225,25,2.5,0.8,2.4
776,2021-06-17 09:39:00,2.5,2.5,2.5,2.5,225,25,2.5,0.8,2.4
777,2021-06-17 09:40:00,2.5,2.5,2.5,2.5,225,25,2.5,0.8,2.4
778,2021-06-17 09:41:00,2.5,2.5,2.5,2.5,225,25,2.5,0.8,2.4
779,2021-06-17 09:42:00,2.5,2.5,2.5,2.5,225,25,2.5,0.8,2.4
780,2021-06-17 09:43:00,2.5,2.5,2.5,2.5,225,25,2.5,0.8,2.4
781,2021-06-17 09:44:00,0.8,0.8,0.8,0.8,225,250,1.65,0.8,2.0
782,2021-06-17 09:45:00,0.8,0.8,0.8,0.8,225,250,1.65,0.8,2.0
783,2021-06-17 09:46:00,0.8,0.8,0.8,0.8,225,250,1.65,0.8,2.0
784,2021-06-17 09:47:00,0.8,0.8,0.8,0.8,225,250,1.65,0.8,2.0
785,2021-06-17 09:48:00,1.0,1.0,1.0,1.0,25,200,1.61,0.75,1.0
786,2021-06-17 09:49:00,1.0,1.0,1.0,1.0,100,200,1.5,0.75,1.0
787,2021-06-17 09:50:00,1.0,1.0,1.0,1.0,100,200,1.5,0.75,1.0
788,2021-06-17 09:51:00,1.0,1.0,1.0,1.0,100,200,1.5,0.75,1.0
789,2021-06-17 09:52:00,1.0,1.0,1.0,1.0,100,200,1.5,0.75,1.0
790,2021-06-17 09:53:00,1.0,1.0,1.0,1.0,100,200,1.5,0.75,1.0
791,2021-06-17 09:54:00,1.0,1.0,1.0,1.0,100,200,1.5,0.75,1.0
792,2021-06-17 09:55:00,1.0,1.0,1.0,1.0,100,200,1.5,0.75,1.0
793,2021-06-17 09:56:00,1.0,1.0,1.0,1.0,100,200,1.5,0.75,1.0
794,2021-06-17 09:57:00,1.0,1.0,1.0,1.0,100,200,1.5,0.75,1.0
795,2021-06-17 09:58:00,1.0,1.0,1.0,1.0,100,200,1.5,0.75,1.0
796,2021-06-17 09:59:00,1.0,1.0,1.0,1.0,100,200,1.5,0.75,1.0
797,2021-06-17 10:00:00,1.0,1.0,1.0,1.0,100,200,1.5,0.75,1.0
798,2021-06-17 10:01:00,1.0,1.0,1.0,1.0,100,200,1.5,0.75,1.0
799,2021-06-17 10:02:00,1.0,1.0,1.0,1.0,100,200,1.5,0.75,1.0
800,2021-06-17 10:03:00,1.0,1.0,1.0,1.0,100,200,1.5,0.75,1.0
801,2021-06-17 10:04:00,1.0,1.0,1.0,1.0,100,200,1.5,0.75,1.0
802,2021-06-17 10:05:00,1.0,1.0,1.0,1.0,100,200,1.5,0.75,1.0
803,2021-06-17 10:06:00,1.0,1.0,1.0,1.0,100,200,1.5,0.75,1.0
804,2021-06-17 10:07:00,1.0,1.0,1.0,1.0,100,200,1.5,0.75,1.0
805,2021-06-17 10:08:00,1.0,1.0,1.0,1.0,100,200,1.5,0.75,1.0
806,2021-06-17 10:09:00,1.0,1.0,1.0,1.0,100,200,1.5,0.75,1.0
807,2021-06-17 10:10:00,1.0,1.0,1.0,1.0,100,200,1.5,0.75,1.0
808,2021-06-17 10:11:00,1.0,1.0,1.0,1.0,100,200,1.5,0.75,1.0
809,2021-06-17 10:12:00,1.0,1.0,1.0,1.0,100,200,1.5,0.75,1.0
810,2021-06-17 10:13:00,1.0,1.0,1.0,1.0,100,200,1.5,0.75,1.0
811,2021-06-17 10:14:00,1.0,1.0,1.0,1.0,100,200,1.5,0.75,1.0
812,2021-06-17 10:15:00,1.0,1.0,1.0,1.0,100,200,1.5,0.75,1.0
813,2021-06-17 10:16:00,1.0,1.0,1.0,1.0,100,200,1.5,0.75,1.0
814,2021-06-17 10:17:00,1.0,1.0,1.0,1.0,100,200,1.5,0.75,1.0
815,2021-06-17 10:18:00,1.0,1.0,1.0,1.0,100,200,1.5,0.75,1.0
816,2021-06-17 10:19:00,1.0,1.0,1.0,1.0,100,200,1.5,0.75,1.0
817,2021-06-17 10:20:00,1.0,1.0,1.0,1.0,100,200,1.5,0.75,1.0
818,2021-06-17 10:21:00,1.0,1.0,1.0,1.0,100,200,1.5,0.75,1.0
819,2021-06-17 10:22:00,1.0,1.0,1.0,1.0,100,200,1.5,0.75,1.0
820,2021-06-17 10:23:00,1.0,1.0,1.0,1.0,100,200,1.5,0.75,1.0
821,2021-06-17 10:24:00,1.0,1.0,1.0,1.0,100,200,1.5,0.75,1.0
822,2021-06-17 10:25:00,1.0,1.0,1.0,1.0,100,200,1.5,0.75,1.0
823,2021-06-17 10:26:00,1.0,1.0,1.0,1.0,100,200,1.5,0.75,1.0
824,2021-06-17 10:27:00,1.0,1.0,1.0,1.0,100,200,1.5,0.75,1.0
825,2021-06-17 10:28:00,1.0,1.0,1.0,1.0,100,200,1.5,0.75,1.0
826,2021-06-17 10:29:00,1.0,1.0,1.0,1.0,100,200,1.5,0.75,1.0
827,2021-06-17 10:30:00,1.0,1.0,1.0,1.0,100,200,1.5,0.75,1.0
828,2021-06-17 10:31:00,1.0,1.0,1.0,1.0,100,200,1.5,0.75,1.0
829,2021-06-17 10:32:00,1.0,1.0,1.0,1.0,100,200,1.5,0.75,1.0
830,2021-06-17 10:33:00,1.0,1.0,1.0,1.0,100,200,1.5,0.75,1.0
831,2021-06-17 10:34:00,1.0,1.0,1.0,1.0,100,200,1.5,0.75,1.0
832,2021-06-17 10:35:00,1.0,1.0,1.0,1.0,100,200,1.5,0.75,1.0
833,2021-06-17 10:36:00,1.0,1.0,1.0,1.0,100,200,1.5,0.75,1.0
834,2021-06-17 10:37:00,1.0,1.0,1.0,1.0,100,200,1.5,0.75,1.0
835,2021-06-17 10:38:00,0.35,0.35,0.35,0.35,125,200,1.3,0.35,1.8
836,2021-06-17 10:39:00,0.35,0.35,0.35,0.35,125,200,1.3,0.35,1.8
837,2021-06-17 10:40:00,0.35,0.35,0.35,0.35,125,200,1.3,0.35,1.8
838,2021-06-17 10:41:00,0.35,0.35,0.35,0.35,125,200,1.3,0.35,1.8
839,2021-06-17 10:42:00,0.35,0.35,0.35,0.35,125,200,1.3,0.35,1.8
840,2021-06-17 10:43:00,0.5,0.5,0.5,0.5,100,200,1.2,0.55,1.55
841,2021-06-17 10:44:00,0.5,0.5,0.5,0.5,100,200,1.2,0.55,1.55
842,2021-06-17 10:45:00,0.5,0.5,0.5,0.5,100,200,1.2,0.55,1.55
843,2021-06-17 10:46:00,0.5,0.5,0.5,0.5,100,200,1.2,0.55,1.55
844,2021-06-17 10:47:00,0.5,0.5,0.5,0.5,100,200,1.2,0.55,1.55
845,2021-06-17 10:48:00,0.5,0.5,0.5,0.5,100,200,1.2,0.55,1.55
846,2021-06-17 10:49:00,0.5,0.5,0.5,0.5,100,200,1.2,0.55,1.55
847,2021-06-17 10:50:00,0.5,0.5,0.5,0.5,100,200,1.2,0.55,1.55
848,2021-06-17 10:51:00,0.5,0.5,0.5,0.5,100,200,1.2,0.55,1.55
849,2021-06-17 10:52:00,0.5,0.5,0.5,0.5,100,200,1.2,0.55,1.55
850,2021-06-17 10:53:00,0.5,0.5,0.5,0.5,100,200,1.2,0.55,1.55
851,2021-06-17 10:54:00,0.5,0.5,0.5,0.5,100,200,1.2,0.55,1.55
852,2021-06-17 10:55:00,0.5,0.5,0.5,0.5,100,200,1.2,0.55,1.55
853,2021-06-17 10:56:00,0.5,0.5,0.5,0.5,100,200,1.2,0.55,1.55
854,2021-06-17 10:57:00,0.5,0.5,0.5,0.5,100,200,1.2,0.55,1.55
855,2021-06-17 10:58:00,0.5,0.5,0.5,0.5,100,200,1.2,0.55,1.55
856,2021-06-17 10:59:00,0.5,0.5,0.5,0.5,100,200,1.2,0.55,1.55
857,2021-06-17 11:00:00,0.5,0.5,0.5,0.5,100,200,1.2,0.55,1.55
858,2021-06-17 11:01:00,0.5,0.5,0.5,0.5,100,200,1.2,0.55,1.55
859,2021-06-17 11:02:00,0.5,0.5,0.5,0.5,100,200,1.2,0.55,1.55
860,2021-06-17 11:03:00,0.5,0.5,0.5,0.5,100,200,1.2,0.55,1.55
861,2021-06-17 11:04:00,0.5,0.5,0.5,0.5,100,200,1.2,0.55,1.55
862,2021-06-17 11:05:00,0.5,0.5,0.5,0.5,100,200,1.2,0.55,1.55
863,2021-06-17 11:06:00,0.5,0.5,0.5,0.5,100,200,1.2,0.55,1.55
864,2021-06-17 11:07:00,0.5,0.5,0.5,0.5,100,200,1.2,0.55,1.55
865,2021-06-17 11:08:00,0.5,0.5,0.5,0.5,100,200,1.2,0.55,1.55
866,2021-06-17 11:09:00,0.5,0.5,0.5,0.5,100,200,1.2,0.55,1.55
867,2021-06-17 11:10:00,0.5,0.5,0.5,0.5,100,200,1.2,0.55,1.55
868,2021-06-17 11:11:00,0.5,0.5,0.5,0.5,100,200,1.2,0.55,1.55
869,2021-06-17 11:12:00,0.5,0.5,0.5,0.5,100,200,1.2,0.55,1.55
870,2021-06-17 11:13:00,0.5,0.5,0.5,0.5,100,200,1.2,0.55,1.55
871,2021-06-17 11:14:00,0.5,0.5,0.5,0.5,100,200,1.2,0.55,1.55
872,2021-06-17 11:15:00,0.5,0.5,0.5,0.5,100,200,1.2,0.55,1.55
873,2021-06-17 11:16:00,0.5,0.5,0.5,0.5,100,200,1.2,0.55,1.55
874,2021-06-17 11:17:00,0.5,0.5,0.5,0.5,100,200,1.2,0.55,1.55
875,2021-06-17 11:18:00,0.5,0.5,0.5,0.5,100,200,1.2,0.55,1.55
876,2021-06-17 11:19:00,0.5,0.5,0.5,0.5,100,200,1.2,0.55,1.55
877,2021-06-17 11:20:00,0.5,0.5,0.5,0.5,100,200,1.2,0.55,1.55
878,2021-06-17 11:21:00,0.5,0.5,0.5,0.5,100,200,1.2,0.55,1.55
879,2021-06-17 11:22:00,0.5,0.5,0.5,0.5,100,200,1.2,0.55,1.55
880,2021-06-17 11:23:00,0.5,0.5,0.5,0.5,100,200,1.2,0.55,1.55
881,2021-06-17 11:24:00,0.5,0.5,0.5,0.5,100,200,1.2,0.55,1.55
882,2021-06-17 11:25:00,0.5,0.5,0.5,0.5,100,200,1.2,0.55,1.55
883,2021-06-17 11:26:00,0.5,0.5,0.5,0.5,100,200,1.2,0.55,1.55
884,2021-06-17 11:27:00,0.5,0.5,0.5,0.5,100,200,1.2,0.55,1.55
885,2021-06-17 11:28:00,0.5,0.5,0.5,0.5,100,200,1.2,0.55,1.55
886,2021-06-17 11:29:00,0.5,0.5,0.5,0.5,100,200,1.2,0.55,1.55
887,2021-06-17 11:30:00,0.5,0.5,0.5,0.5,100,200,1.2,0.55,1.55
888,2021-06-17 11:31:00,0.5,0.5,0.5,0.5,100,200,1.2,0.55,1.55
889,2021-06-17 11:32:00,0.5,0.5,0.5,0.5,100,200,1.2,0.55,1.55
890,2021-06-17 11:33:00,0.5,0.5,0.5,0.5,100,200,1.2,0.55,1.55
891,2021-06-17 11:34:00,0.5,0.5,0.5,0.5,100,200,1.2,0.55,1.55
892,2021-06-17 11:35:00,0.5,0.5,0.5,0.5,100,200,1.2,0.55,1.55
893,2021-06-17 11:36:00,0.5,0.5,0.5,0.5,100,200,1.2,0.55,1.55
894,2021-06-17 11:37:00,0.5,0.5,0.5,0.5,100,200,1.2,0.55,1.55
895,2021-06-17 11:38:00,0.5,0.5,0.5,0.5,100,200,1.2,0.55,1.55
896,2021-06-17 11:39:00,0.5,0.5,0.5,0.5,100,200,1.2,0.55,1.55
897,2021-06-17 11:40:00,0.5,0.5,0.5,0.5,100,200,1.2,0.55,1.55
898,2021-06-17 11:41:00,0.5,0.5,0.5,0.5,100,200,1.2,0.55,1.55
899,2021-06-17 11:42:00,0.5,0.5,0.5,0.5,100,200,1.2,0.55,1.55
900,2021-06-17 11:43:00,0.5,0.5,0.5,0.5,100,200,1.2,0.55,1.55
901,2021-06-17 11:44:00,0.5,0.5,0.5,0.5,100,200,1.2,0.55,1.55
902,2021-06-17 11:45:00,0.5,0.5,0.5,0.5,100,200,1.2,0.55,1.55
903,2021-06-17 11:46:00,0.5,0.5,0.5,0.5,100,200,1.2,0.55,1.55
904,2021-06-17 11:47:00,0.5,0.5,0.5,0.5,100,200,1.2,0.55,1.55
905,2021-06-17 11:48:00,0.5,0.5,0.5,0.5,100,200,1.2,0.55,1.55
906,2021-06-17 11:49:00,0.5,0.5,0.5,0.5,100,200,1.2,0.55,1.55
907,2021-06-17 11:50:00,0.5,0.5,0.5,0.5,100,200,1.2,0.55,1.55
908,2021-06-17 11:51:00,0.5,0.5,0.5,0.5,100,200,1.2,0.55,1.55
909,2021-06-17 11:52:00,0.5,0.5,0.5,0.5,100,200,1.2,0.55,1.55
910,2021-06-17 11:53:00,0.5,0.5,0.5,0.5,100,200,1.2,0.55,1.55
911,2021-06-17 11:54:00,0.5,0.5,0.5,0.5,100,200,1.2,0.55,1.55
912,2021-06-17 11:55:00,0.5,0.5,0.5,0.5,100,200,1.2,0.55,1.55
913,2021-06-17 11:56:00,0.5,0.5,0.5,0.5,100,200,1.2,0.55,1.55
914,2021-06-17 11:57:00,0.5,0.5,0.5,0.5,100,200,1.2,0.55,1.55
915,2021-06-17 11:58:00,0.5,0.5,0.5,0.5,100,200,1.2,0.55,1.55
916,2021-06-17 11:59:00,0.5,0.5,0.5,0.5,100,200,1.2,0.55,1.55
917,2021-06-17 12:00:00,0.5,0.5,0.5,0.5,100,200,1.2,0.55,1.55
918,2021-06-17 12:01:00,0.5,0.5,0.5,0.5,100,200,1.2,0.55,1.55
919,2021-06-17 12:02:00,0.5,0.5,0.5,0.5,100,200,1.2,0.55,1.55
920,2021-06-17 12:03:00,0.5,0.5,0.5,0.5,100,200,1.2,0.55,1.55
921,2021-06-17 12:04:00,0.5,0.5,0.5,0.5,100,200,1.2,0.55,1.55
922,2021-06-17 12:05:00,0.5,0.5,0.5,0.5,100,200,1.2,0.55,1.55
923,2021-06-17 12:06:00,0.5,0.5,0.5,0.5,100,200,1.2,0.55,1.55
924,2021-06-17 12:07:00,0.5,0.5,0.5,0.5,100,200,1.2,0.55,1.55
925,2021-06-17 12:08:00,0.5,0.5,0.5,0.5,100,200,1.2,0.55,1.55
926,2021-06-17 12:09:00,0.5,0.5,0.5,0.5,100,200,1.2,0.55,1.55
927,2021-06-17 12:10:00,0.5,0.5,0.5,0.5,100,200,1.2,0.55,1.55
928,2021-06-17 12:11:00,0.5,0.5,0.5,0.5,100,200,1.2,0.55,1.55
929,2021-06-17 12:12:00,0.5,0.5,0.5,0.5,100,200,1.2,0.55,1.55
930,2021-06-17 12:13:00,0.5,0.5,0.5,0.5,100,200,1.2,0.55,1.55
931,2021-06-17 12:14:00,0.5,0.5,0.5,0.5,100,200,1.2,0.55,1.55
932,2021-06-17 12:15:00,0.5,0.5,0.5,0.5,100,200,1.2,0.55,1.55
933,2021-06-17 12:16:00,0.5,0.5,0.5,0.5,100,200,1.2,0.55,1.55
934,2021-06-17 12:17:00,0.5,0.5,0.5,0.5,100,200,1.2,0.55,1.55
935,2021-06-17 12:18:00,0.5,0.5,0.5,0.5,100,200,1.2,0.55,1.55
936,2021-06-17 12:19:00,0.5,0.5,0.5,0.5,100,200,1.2,0.55,1.55
937,2021-06-17 12:20:00,0.5,0.5,0.5,0.5,100,200,1.2,0.55,1.55
938,2021-06-17 12:21:00,0.5,0.5,0.5,0.5,100,200,1.2,0.55,1.55
939,2021-06-17 12:22:00,0.5,0.5,0.5,0.5,100,200,1.2,0.55,1.55
940,2021-06-17 12:23:00,0.5,0.5,0.5,0.5,100,200,1.2,0.55,1.55
941,2021-06-17 12:24:00,0.5,0.5,0.5,0.5,100,200,1.2,0.55,1.55
942,2021-06-17 12:25:00,0.5,0.5,0.5,0.5,100,200,1.2,0.55,1.55
943,2021-06-17 12:26:00,0.5,0.5,0.5,0.5,100,200,1.2,0.55,1.55
944,2021-06-17 12:27:00,0.5,0.5,0.5,0.5,100,200,1.2,0.55,1.55
945,2021-06-17 12:28:00,0.5,0.5,0.5,0.5,100,200,1.2,0.55,1.55
946,2021-06-17 12:29:00,0.5,0.5,0.5,0.5,100,200,1.2,0.55,1.55
947,2021-06-17 12:30:00,0.5,0.5,0.5,0.5,100,200,1.2,0.55,1.55
948,2021-06-17 12:31:00,0.5,0.5,0.5,0.5,100,200,1.2,0.55,1.55
949,2021-06-17 12:32:00,0.5,0.5,0.5,0.5,100,200,1.2,0.55,1.55
950,2021-06-17 12:33:00,0.5,0.5,0.5,0.5,100,200,1.2,0.55,1.55
951,2021-06-17 12:34:00,0.5,0.5,0.5,0.5,100,200,1.2,0.55,1.55
952,2021-06-17 12:35:00,0.55,0.55,0.55,0.55,125,150,1.11,0.55,1.8
953,2021-06-17 12:36:00,0.55,0.55,0.55,0.55,125,150,1.11,0.55,1.8
954,2021-06-17 12:37:00,0.55,0.55,0.55,0.55,125,150,1.11,0.55,1.8
955,2021-06-17 12:38:00,0.55,0.55,0.55,0.55,125,150,1.11,0.55,1.8
956,2021-06-17 12:39:00,0.55,0.55,0.55,0.55,125,150,1.11,0.55,1.8
957,2021-06-17 12:40:00,0.55,0.55,0.55,0.55,125,150,1.11,0.55,1.8
958,2021-06-17 12:41:00,0.55,0.55,0.55,0.55,125,150,1.11,0.55,1.8
959,2021-06-17 12:42:00,0.55,0.55,0.55,0.55,125,150,1.11,0.55,1.8
960,2021-06-17 12:43:00,0.55,0.55,0.55,0.55,125,150,1.11,0.55,1.8
961,2021-06-17 12:44:00,0.55,0.55,0.55,0.55,125,150,1.11,0.55,1.8
962,2021-06-17 12:45:00,0.55,0.55,0.55,0.55,125,150,1.11,0.55,1.8
963,2021-06-17 12:46:00,0.55,0.55,0.55,0.55,125,150,1.11,0.55,1.8
964,2021-06-17 12:47:00,0.55,0.55,0.55,0.55,125,150,1.11,0.55,1.8
965,2021-06-17 12:48:00,0.55,0.55,0.55,0.55,125,150,1.11,0.55,1.8
966,2021-06-17 12:49:00,0.55,0.55,0.55,0.55,125,150,1.11,0.55,1.8
967,2021-06-17 12:50:00,0.55,0.55,0.55,0.55,125,150,1.11,0.55,1.8
968,2021-06-17 12:51:00,0.55,0.55,0.55,0.55,125,150,1.11,0.55,1.8
969,2021-06-17 12:52:00,0.55,0.55,0.55,0.55,125,150,1.11,0.55,1.8
970,2021-06-17 12:53:00,0.55,0.55,0.55,0.55,125,150,1.11,0.55,1.8
971,2021-06-17 12:54:00,0.55,0.55,0.55,0.55,125,150,1.11,0.55,1.8
972,2021-06-17 12:55:00,0.55,0.55,0.55,0.55,125,150,1.11,0.55,1.8
973,2021-06-17 12:56:00,0.55,0.55,0.55,0.55,125,150,1.11,0.55,1.8
974,2021-06-17 12:57:00,0.55,0.55,0.55,0.55,125,150,1.11,0.55,1.8
975,2021-06-17 12:58:00,0.55,0.55,0.55,0.55,125,150,1.11,0.55,1.8
976,2021-06-17 12:59:00,0.55,0.55,0.55,0.55,125,150,1.11,0.55,1.8
977,2021-06-17 13:00:00,0.55,0.55,0.55,0.55,125,150,1.11,0.55,1.8
978,2021-06-17 13:01:00,0.55,0.55,0.55,0.55,125,150,1.11,0.55,1.8
979,2021-06-17 13:02:00,0.55,0.55,0.55,0.55,125,150,1.11,0.55,1.8
980,2021-06-17 13:03:00,0.55,0.55,0.55,0.55,125,150,1.11,0.55,1.8
981,2021-06-17 13:04:00,0.55,0.55,0.55,0.55,125,150,1.11,0.55,1.8
982,2021-06-17 13:05:00,0.55,0.55,0.55,0.55,125,150,1.11,0.55,1.8
983,2021-06-17 13:06:00,0.55,0.55,0.55,0.55,125,150,1.11,0.55,1.8
984,2021-06-17 13:07:00,0.55,0.55,0.55,0.55,125,150,1.11,0.55,1.8
985,2021-06-17 13:08:00,0.55,0.55,0.55,0.55,125,150,1.11,0.55,1.8
986,2021-06-17 13:09:00,0.55,0.55,0.55,0.55,125,150,1.11,0.55,1.8
987,2021-06-17 13:10:00,0.55,0.55,0.55,0.55,125,150,1.11,0.55,1.8
988,2021-06-17 13:11:00,0.55,0.55,0.55,0.55,125,150,1.11,0.55,1.8
989,2021-06-17 13:12:00,0.55,0.55,0.55,0.55,125,150,1.11,0.55,1.8
990,2021-06-17 13:13:00,0.55,0.55,0.55,0.55,125,150,1.11,0.55,1.8
991,2021-06-17 13:14:00,0.55,0.55,0.55,0.55,125,150,1.11,0.55,1.8
992,2021-06-17 13:15:00,0.55,0.55,0.55,0.55,125,150,1.11,0.55,1.8
993,2021-06-17 13:16:00,0.55,0.55,0.55,0.55,125,150,1.11,0.55,1.8
994,2021-06-17 13:17:00,0.55,0.55,0.55,0.55,125,150,1.11,0.55,1.8
995,2021-06-17 13:18:00,0.55,0.55,0.55,0.55,125,150,1.11,0.55,1.8
996,2021-06-17 13:19:00,0.55,0.55,0.55,0.55,125,150,1.11,0.55,1.8
997,2021-06-17 13:20:00,0.55,0.55,0.55,0.55,125,150,1.11,0.55,1.8
998,2021-06-17 13:21:00,0.55,0.55,0.55,0.55,125,150,1.11,0.55,1.8
999,2021-06-17 13:22:00,0.55,0.55,0.55,0.55,125,150,1.11,0.55,1.8
1000,2021-06-17 13:23:00,0.55,0.55,0.55,0.55,125,150,1.11,0.55,1.8
1001,2021-06-17 13:24:00,0.55,0.55,0.55,0.55,125,150,1.11,0.55,1.8
1002,2021-06-17 13:25:00,0.55,0.55,0.55,0.55,125,150,1.11,0.55,1.8
1003,2021-06-17 13:26:00,0.55,0.55,0.55,0.55,125,150,1.11,0.55,1.8
1004,2021-06-17 13:27:00,0.55,0.55,0.55,0.55,125,150,1.11,0.55,1.8
1005,2021-06-17 13:28:00,0.55,0.55,0.55,0.55,125,150,1.11,0.55,1.8
1006,2021-06-17 13:29:00,0.55,0.55,0.55,0.55,125,150,1.11,0.55,1.8
1007,2021-06-17 13:30:00,0.55,0.55,0.55,0.55,125,150,1.11,0.55,1.8
1008,2021-06-17 13:31:00,0.55,0.55,0.55,0.55,125,150,1.11,0.55,1.8
1009,2021-06-17 13:32:00,0.55,0.55,0.55,0.55,125,150,1.11,0.55,1.8
1010,2021-06-17 13:33:00,0.55,0.55,0.55,0.55,125,150,1.11,0.55,1.8
1011,2021-06-17 13:34:00,0.55,0.55,0.55,0.55,125,150,1.11,0.55,1.8
1012,2021-06-17 13:35:00,0.55,0.55,0.55,0.55,125,150,1.11,0.55,1.8
1013,2021-06-17 13:36:00,0.55,0.55,0.55,0.55,125,150,1.11,0.55,1.8
1014,2021-06-17 13:37:00,0.55,0.55,0.55,0.55,125,150,1.11,0.55,1.8
1015,2021-06-17 13:38:00,0.55,0.55,0.55,0.55,125,150,1.11,0.55,1.8
1016,2021-06-17 13:39:00,0.55,0.55,0.55,0.55,125,150,1.11,0.55,1.8
1017,2021-06-17 13:40:00,0.55,0.55,0.55,0.55,125,150,1.11,0.55,1.8
1018,2021-06-17 13:41:00,0.55,0.55,0.55,0.55,125,150,1.11,0.55,1.8
1019,2021-06-17 13:42:00,0.55,0.55,0.55,0.55,125,150,1.11,0.55,1.8
1020,2021-06-17 13:43:00,0.55,0.55,0.55,0.55,125,150,1.11,0.55,1.8
1021,2021-06-17 13:44:00,0.55,0.55,0.55,0.55,125,150,1.11,0.55,1.8
1022,2021-06-17 13:45:00,0.55,0.55,0.55,0.55,125,150,1.11,0.55,1.8
1023,2021-06-17 13:46:00,0.55,0.55,0.55,0.55,125,150,1.11,0.55,1.8
1024,2021-06-17 13:47:00,0.55,0.55,0.55,0.55,125,150,1.11,0.55,1.8
1025,2021-06-17 13:48:00,0.55,0.55,0.55,0.55,125,150,1.11,0.55,1.8
1026,2021-06-17 13:49:00,0.55,0.55,0.55,0.55,125,150,1.11,0.55,1.8
1027,2021-06-17 13:50:00,0.55,0.55,0.55,0.55,125,150,1.11,0.55,1.8
1028,2021-06-17 13:51:00,0.55,0.55,0.55,0.55,125,150,1.11,0.55,1.8
1029,2021-06-17 13:52:00,0.55,0.55,0.55,0.55,125,150,1.11,0.55,1.8
1030,2021-06-17 13:53:00,0.55,0.55,0.55,0.55,125,150,1.11,0.55,1.8
1031,2021-06-17 13:54:00,0.55,0.55,0.55,0.55,125,150,1.11,0.55,1.8
1032,2021-06-17 13:55:00,0.55,0.55,0.55,0.55,125,150,1.11,0.55,1.8
1033,2021-06-17 13:56:00,0.55,0.55,0.55,0.55,125,150,1.11,0.55,1.8
1034,2021-06-17 13:57:00,0.55,0.55,0.55,0.55,125,150,1.11,0.55,1.8
1035,2021-06-17 13:58:00,0.55,0.55,0.55,0.55,125,150,1.11,0.55,1.8
1036,2021-06-17 13:59:00,0.55,0.55,0.55,0.55,125,150,1.11,0.55,1.8
1037,2021-06-17 14:00:00,0.55,0.55,0.55,0.55,125,150,1.11,0.55,1.8
1038,2021-06-17 14:01:00,0.55,0.55,0.55,0.55,125,150,1.11,0.55,1.8
1039,2021-06-17 14:02:00,0.55,0.55,0.55,0.55,125,150,1.11,0.55,1.8
1040,2021-06-17 14:03:00,0.55,0.55,0.55,0.55,125,150,1.11,0.55,1.8
1041,2021-06-17 14:04:00,0.55,0.55,0.55,0.55,125,150,1.11,0.55,1.8
1042,2021-06-17 14:05:00,0.55,0.55,0.55,0.55,125,150,1.11,0.55,1.8
1043,2021-06-17 14:06:00,0.55,0.55,0.55,0.55,125,150,1.11,0.55,1.8
1044,2021-06-17 14:07:00,0.55,0.55,0.55,0.55,125,150,1.11,0.55,1.8
1045,2021-06-17 14:08:00,0.55,0.55,0.55,0.55,125,150,1.11,0.55,1.8
1046,2021-06-17 14:09:00,0.55,0.55,0.55,0.55,125,150,1.11,0.55,1.8
1047,2021-06-17 14:10:00,0.55,0.55,0.55,0.55,125,150,1.11,0.55,1.8
1048,2021-06-17 14:11:00,0.55,0.55,0.55,0.55,125,150,1.11,0.55,1.8
1049,2021-06-17 14:12:00,0.55,0.55,0.55,0.55,125,150,1.11,0.55,1.8
1050,2021-06-17 14:13:00,0.55,0.55,0.55,0.55,125,150,1.11,0.55,1.8
1051,2021-06-17 14:14:00,0.55,0.55,0.55,0.55,125,150,1.11,0.55,1.8
1052,2021-06-17 14:15:00,0.55,0.55,0.55,0.55,125,150,1.11,0.55,1.8
1053,2021-06-17 14:16:00,0.55,0.55,0.55,0.55,125,150,1.11,0.55,1.8
1054,2021-06-17 14:17:00,0.55,0.55,0.55,0.55,125,150,1.11,0.55,1.8
1055,2021-06-17 14:18:00,0.55,0.55,0.55,0.55,125,150,1.11,0.55,1.8
1056,2021-06-17 14:19:00,0.55,0.55,0.55,0.55,125,150,1.11,0.55,1.8
1057,2021-06-17 14:20:00,0.55,0.55,0.55,0.55,125,150,1.11,0.55,1.8
1058,2021-06-17 14:21:00,0.55,0.55,0.55,0.55,125,150,1.11,0.55,1.8
1059,2021-06-17 14:22:00,0.55,0.55,0.55,0.55,125,150,1.11,0.55,1.8
1060,2021-06-17 14:23:00,0.55,0.55,0.55,0.55,125,150,1.11,0.55,1.8
1061,2021-06-17 14:24:00,0.55,0.55,0.55,0.55,125,150,1.11,0.55,1.8
1062,2021-06-17 14:25:00,0.55,0.55,0.55,0.55,125,150,1.11,0.55,1.8
1063,2021-06-17 14:26:00,0.55,0.55,0.55,0.55,125,150,1.11,0.55,1.8
1064,2021-06-17 14:27:00,0.55,0.55,0.55,0.55,125,150,1.11,0.55,1.8
1065,2021-06-17 14:28:00,0.55,0.55,0.55,0.55,125,150,1.11,0.55,1.8
1066,2021-06-17 14:29:00,0.55,0.55,0.55,0.55,125,150,1.11,0.55,1.8
1067,2021-06-17 14:30:00,0.55,0.55,0.55,0.55,125,150,1.11,0.55,1.8
1068,2021-06-17 14:31:00,0.55,0.55,0.55,0.55,125,150,1.11,0.55,1.8
1069,2021-06-17 14:32:00,0.55,0.55,0.55,0.55,125,150,1.11,0.55,1.8
1070,2021-06-17 14:33:00,0.55,0.55,0.55,0.55,125,150,1.11,0.55,1.8
1071,2021-06-17 14:34:00,0.55,0.55,0.55,0.55,125,150,1.11,0.55,1.8
1072,2021-06-17 14:35:00,0.55,0.55,0.55,0.55,125,150,1.11,0.55,1.8
1073,2021-06-17 14:36:00,0.55,0.55,0.55,0.55,125,150,1.11,0.55,1.8
1074,2021-06-17 14:37:00,0.55,0.55,0.55,0.55,125,150,1.11,0.55,1.8
1075,2021-06-17 14:38:00,0.55,0.55,0.55,0.55,125,150,1.11,0.55,1.8
1076,2021-06-17 14:39:00,0.55,0.55,0.55,0.55,125,150,1.11,0.55,1.8
1077,2021-06-17 14:40:00,0.55,0.55,0.55,0.55,125,150,1.11,0.55,1.8
1078,2021-06-17 14:41:00,0.55,0.55,0.55,0.55,125,150,1.11,0.55,1.8
1079,2021-06-17 14:42:00,0.55,0.55,0.55,0.55,125,150,1.11,0.55,1.8
1080,2021-06-17 14:43:00,0.55,0.55,0.55,0.55,125,150,1.11,0.55,1.8
1081,2021-06-17 14:44:00,0.55,0.55,0.55,0.55,125,150,1.11,0.55,1.8
1082,2021-06-17 14:45:00,0.55,0.55,0.55,0.55,125,150,1.11,0.55,1.8
1083,2021-06-17 14:46:00,0.55,0.55,0.55,0.55,125,150,1.11,0.55,1.8
1084,2021-06-17 14:47:00,0.55,0.55,0.55,0.55,125,150,1.11,0.55,1.8
1085,2021-06-17 14:48:00,0.55,0.55,0.55,0.55,125,150,1.11,0.55,1.8
1086,2021-06-17 14:49:00,0.55,0.55,0.55,0.55,125,150,1.11,0.55,1.8
1087,2021-06-17 14:50:00,0.55,0.55,0.55,0.55,125,150,1.11,0.55,1.8
1088,2021-06-17 14:51:00,0.55,0.55,0.55,0.55,125,150,1.11,0.55,1.8
1089,2021-06-17 14:52:00,0.55,0.55,0.55,0.55,125,150,1.11,0.55,1.8
1090,2021-06-17 14:53:00,0.55,0.55,0.55,0.55,125,150,1.11,0.55,1.8
1091,2021-06-17 14:54:00,0.55,0.55,0.55,0.55,125,150,1.11,0.55,1.8
1092,2021-06-17 14:55:00,0.55,0.55,0.55,0.55,125,150,1.11,0.55,1.8
1093,2021-06-17 14:56:00,0.55,0.55,0.55,0.55,125,150,1.11,0.55,1.8
1094,2021-06-17 14:57:00,0.55,0.55,0.55,0.55,125,150,1.11,0.55,1.8
1095,2021-06-17 14:58:00,0.55,0.55,0.55,0.55,125,150,1.11,0.55,1.8
1096,2021-06-17 14:59:00,0.55,0.55,0.55,0.55,125,150,1.11,0.55,1.8
1097,2021-06-17 15:00:00,0.55,0.55,0.55,0.55,125,150,1.11,0.55,1.8
1098,2021-06-17 15:01:00,0.55,0.55,0.55,0.55,125,150,1.11,0.55,1.8
1099,2021-06-17 15:02:00,0.55,0.55,0.55,0.55,125,150,1.11,0.55,1.8
1100,2021-06-17 15:03:00,0.55,0.55,0.55,0.55,125,150,1.11,0.55,1.8
1101,2021-06-17 15:04:00,0.55,0.55,0.55,0.55,125,150,1.11,0.55,1.8
1102,2021-06-17 15:05:00,0.55,0.55,0.55,0.55,125,150,1.11,0.55,1.8
1103,2021-06-17 15:06:00,0.55,0.55,0.55,0.55,125,150,1.11,0.55,1.8
1104,2021-06-17 15:07:00,0.55,0.55,0.55,0.55,125,150,1.11,0.55,1.8
1105,2021-06-17 15:08:00,0.55,0.55,0.55,0.55,125,150,1.11,0.55,1.8
1106,2021-06-17 15:09:00,0.55,0.55,0.55,0.55,125,150,1.11,0.55,1.8
1107,2021-06-17 15:10:00,0.55,0.55,0.55,0.55,125,150,1.11,0.55,1.8
1108,2021-06-17 15:11:00,0.55,0.55,0.55,0.55,125,150,1.11,0.55,1.8
1109,2021-06-17 15:12:00,0.55,0.55,0.55,0.55,125,150,1.11,0.55,1.8
1110,2021-06-17 15:13:00,0.55,0.55,0.55,0.55,125,150,1.11,0.55,1.8
1111,2021-06-17 15:14:00,0.55,0.55,0.55,0.55,125,150,1.11,0.55,1.8
1112,2021-06-17 15:15:00,0.55,0.55,0.55,0.55,125,150,1.11,0.55,1.8
1113,2021-06-17 15:16:00,0.55,0.55,0.55,0.55,125,150,1.11,0.55,1.8
1114,2021-06-17 15:17:00,0.55,0.55,0.55,0.55,125,150,1.11,0.55,1.8
1115,2021-06-17 15:18:00,0.55,0.55,0.55,0.55,125,150,1.11,0.55,1.8
1116,2021-06-17 15:19:00,0.55,0.55,0.55,0.55,125,150,1.11,0.55,1.8
1117,2021-06-17 15:20:00,0.55,0.55,0.55,0.55,125,150,1.11,0.55,1.8
1118,2021-06-17 15:21:00,0.55,0.55,0.55,0.55,125,150,1.11,0.55,1.8
1119,2021-06-17 15:22:00,0.55,0.55,0.55,0.55,125,150,1.11,0.55,1.8
1120,2021-06-17 15:23:00,0.55,0.55,0.55,0.55,125,150,1.11,0.55,1.8
1121,2021-06-17 15:24:00,0.55,0.55,0.55,0.55,125,150,1.11,0.55,1.8
1122,2021-06-17 15:25:00,0.55,0.55,0.55,0.55,125,150,1.11,0.55,1.8
1123,2021-06-17 15:26:00,0.55,0.55,0.55,0.55,125,150,1.11,0.55,1.8
1124,2021-06-17 15:27:00,0.55,0.55,0.55,0.55,125,150,1.11,0.55,1.8
1125,2021-06-17 15:28:00,0.55,0.55,0.55,0.55,125,150,1.11,0.55,1.8
1126,2021-06-17 15:29:00,0.55,0.55,0.55,0.55,125,150,1.11,0.55,1.8
1127,2021-06-17 15:30:00,0.55,0.55,0.55,0.55,125,150,1.11,0.55,1.8
1128,2021-06-17 09:15:00,0.55,0.55,0.55,0.55,125,150,1.11,0.55,1.8
1129,2021-06-17 09:16:00,0.55,0.55,0.55,0.55,125,150,1.11,0.55,1.8
1130,2021-06-17 09:17:00,0.55,0.55,0.55,0.55,125,150,1.11,0.55,1.8
1131,2021-06-17 09:18:00,0.55,0.55,0.55,0.55,125,150,1.11,0.55,1.8
1132,2021-06-17 09:19:00,0.55,0.55,0.55,0.55,125,150,1.11,0.55,1.8
1133,2021-06-17 09:20:00,0.55,0.55,0.55,0.55,125,150,1.11,0.55,1.8
1134,2021-06-17 09:21:00,0.55,0.55,0.55,0.55,125,150,1.11,0.55,1.8
1135,2021-06-17 09:22:00,0.55,0.55,0.55,0.55,125,150,1.11,0.55,1.8
1136,2021-06-17 09:23:00,0.55,0.55,0.55,0.55,125,150,1.11,0.55,1.8
1137,2021-06-17 09:24:00,0.55,0.55,0.55,0.55,125,150,1.11,0.55,1.8
1138,2021-06-17 09:25:00,0.55,0.55,0.55,0.55,125,150,1.11,0.55,1.8
1139,2021-06-17 09:26:00,0.55,0.55,0.55,0.55,125,150,1.11,0.55,1.8
1140,2021-06-17 09:27:00,0.55,0.55,0.55,0.55,125,150,1.11,0.55,1.8
1141,2021-06-17 09:28:00,0.55,0.55,0.55,0.55,125,150,1.11,0.55,1.8
1142,2021-06-17 09:29:00,0.55,0.55,0.55,0.55,125,150,1.11,0.55,1.8
1143,2021-06-17 09:30:00,0.55,0.55,0.55,0.55,125,150,1.11,0.55,1.8
1144,2021-06-17 09:31:00,0.55,0.55,0.55,0.55,125,150,1.11,0.55,1.8
1145,2021-06-17 09:32:00,0.55,0.55,0.55,0.55,125,150,1.11,0.55,1.8
1146,2021-06-17 09:33:00,0.55,0.55,0.55,0.55,125,150,1.11,0.55,1.8
1147,2021-06-17 09:34:00,2.5,2.5,2.5,2.5,225,25,2.5,0.8,2.4
1148,2021-06-17 09:35:00,2.5,2.5,2.5,2.5,225,25,2.5,0.8,2.4
1149,2021-06-17 09:36:00,2.5,2.5,2.5,2.5,225,25,2.5,0.8,2.4
1150,2021-06-17 09:37:00,2.5,2.5,2.5,2.5,225,25,2.5,0.8,2.4
1151,2021-06-17 09:38:00,2.5,2.5,2.5,2.5,225,25,2.5,0.8,2.4
1152,2021-06-17 09:39:00,2.5,2.5,2.5,2.5,225,25,2.5,0.8,2.4
1153,2021-06-17 09:40:00,2.5,2.5,2.5,2.5,225,25,2.5,0.8,2.4
1154,2021-06-17 09:41:00,2.5,2.5,2.5,2.5,225,25,2.5,0.8,2.4
1155,2021-06-17 09:42:00,2.5,2.5,2.5,2.5,225,25,2.5,0.8,2.4
1156,2021-06-17 09:43:00,2.5,2.5,2.5,2.5,225,25,2.5,0.8,2.4
1157,2021-06-17 09:44:00,0.8,0.8,0.8,0.8,225,250,1.65,0.8,2.0
1158,2021-06-17 09:45:00,0.8,0.8,0.8,0.8,225,250,1.65,0.8,2.0
1159,2021-06-17 09:46:00,0.8,0.8,0.8,0.8,225,250,1.65,0.8,2.0
1160,2021-06-17 09:47:00,0.8,0.8,0.8,0.8,225,250,1.65,0.8,2.0
1161,2021-06-17 09:48:00,1.0,1.0,1.0,1.0,25,200,1.61,0.75,1.0
1162,2021-06-17 09:49:00,1.0,1.0,1.0,1.0,100,200,1.5,0.75,1.0
1163,2021-06-17 09:50:00,1.0,1.0,1.0,1.0,100,200,1.5,0.75,1.0
1164,2021-06-17 09:51:00,1.0,1.0,1.0,1.0,100,200,1.5,0.75,1.0
1165,2021-06-17 09:52:00,1.0,1.0,1.0,1.0,100,200,1.5,0.75,1.0
1166,2021-06-17 09:53:00,1.0,1.0,1.0,1.0,100,200,1.5,0.75,1.0
1167,2021-06-17 09:54:00,1.0,1.0,1.0,1.0,100,200,1.5,0.75,1.0
1168,2021-06-17 09:55:00,1.0,1.0,1.0,1.0,100,200,1.5,0.75,1.0
1169,2021-06-17 09:56:00,1.0,1.0,1.0,1.0,100,200,1.5,0.75,1.0
1170,2021-06-17 09:57:00,1.0,1.0,1.0,1.0,100,200,1.5,0.75,1.0
1171,2021-06-17 09:58:00,1.0,1.0,1.0,1.0,100,200,1.5,0.75,1.0
1172,2021-06-17 09:59:00,1.0,1.0,1.0,1.0,100,200,1.5,0.75,1.0
1173,2021-06-17 10:00:00,1.0,1.0,1.0,1.0,100,200,1.5,0.75,1.0
1174,2021-06-17 10:01:00,1.0,1.0,1.0,1.0,100,200,1.5,0.75,1.0
1175,2021-06-17 10:02:00,1.0,1.0,1.0,1.0,100,200,1.5,0.75,1.0
1176,2021-06-17 10:03:00,1.0,1.0,1.0,1.0,100,200,1.5,0.75,1.0
1177,2021-06-17 10:04:00,1.0,1.0,1.0,1.0,100,200,1.5,0.75,1.0
1178,2021-06-17 10:05:00,1.0,1.0,1.0,1.0,100,200,1.5,0.75,1.0
1179,2021-06-17 10:06:00,1.0,1.0,1.0,1.0,100,200,1.5,0.75,1.0
1180,2021-06-17 10:07:00,1.0,1.0,1.0,1.0,100,200,1.5,0.75,1.0
1181,2021-06-17 10:08:00,1.0,1.0,1.0,1.0,100,200,1.5,0.75,1.0
1182,2021-06-17 10:09:00,1.0,1.0,1.0,1.0,100,200,1.5,0.75,1.0
1183,2021-06-17 10:10:00,1.0,1.0,1.0,1.0,100,200,1.5,0.75,1.0
1184,2021-06-17 10:11:00,1.0,1.0,1.0,1.0,100,200,1.5,0.75,1.0
1185,2021-06-17 10:12:00,1.0,1.0,1.0,1.0,100,200,1.5,0.75,1.0
1186,2021-06-17 10:13:00,1.0,1.0,1.0,1.0,100,200,1.5,0.75,1.0
1187,2021-06-17 10:14:00,1.0,1.0,1.0,1.0,100,200,1.5,0.75,1.0
1188,2021-06-17 10:15:00,1.0,1.0,1.0,1.0,100,200,1.5,0.75,1.0
1189,2021-06-17 10:16:00,1.0,1.0,1.0,1.0,100,200,1.5,0.75,1.0
1190,2021-06-17 10:17:00,1.0,1.0,1.0,1.0,100,200,1.5,0.75,1.0
1191,2021-06-17 10:18:00,1.0,1.0,1.0,1.0,100,200,1.5,0.75,1.0
1192,2021-06-17 10:19:00,1.0,1.0,1.0,1.0,100,200,1.5,0.75,1.0
1193,2021-06-17 10:20:00,1.0,1.0,1.0,1.0,100,200,1.5,0.75,1.0
1194,2021-06-17 10:21:00,1.0,1.0,1.0,1.0,100,200,1.5,0.75,1.0
1195,2021-06-17 10:22:00,1.0,1.0,1.0,1.0,100,200,1.5,0.75,1.0
1196,2021-06-17 10:23:00,1.0,1.0,1.0,1.0,100,200,1.5,0.75,1.0
1197,2021-06-17 10:24:00,1.0,1.0,1.0,1.0,100,200,1.5,0.75,1.0
1198,2021-06-17 10:25:00,1.0,1.0,1.0,1.0,100,200,1.5,0.75,1.0
1199,2021-06-17 10:26:00,1.0,1.0,1.0,1.0,100,200,1.5,0.75,1.0
1200,2021-06-17 10:27:00,1.0,1.0,1.0,1.0,100,200,1.5,0.75,1.0
1201,2021-06-17 10:28:00,1.0,1.0,1.0,1.0,100,200,1.5,0.75,1.0
1202,2021-06-17 10:29:00,1.0,1.0,1.0,1.0,100,200,1.5,0.75,1.0
1203,2021-06-17 10:30:00,1.0,1.0,1.0,1.0,100,200,1.5,0.75,1.0
1204,2021-06-17 10:31:00,1.0,1.0,1.0,1.0,100,200,1.5,0.75,1.0
1205,2021-06-17 10:32:00,1.0,1.0,1.0,1.0,100,200,1.5,0.75,1.0
1206,2021-06-17 10:33:00,1.0,1.0,1.0,1.0,100,200,1.5,0.75,1.0
1207,2021-06-17 10:34:00,1.0,1.0,1.0,1.0,100,200,1.5,0.75,1.0
1208,2021-06-17 10:35:00,1.0,1.0,1.0,1.0,100,200,1.5,0.75,1.0
1209,2021-06-17 10:36:00,1.0,1.0,1.0,1.0,100,200,1.5,0.75,1.0
1210,2021-06-17 10:37:00,1.0,1.0,1.0,1.0,100,200,1.5,0.75,1.0
1211,2021-06-17 10:38:00,0.35,0.35,0.35,0.35,125,200,1.3,0.35,1.8
1212,2021-06-17 10:39:00,0.35,0.35,0.35,0.35,125,200,1.3,0.35,1.8
1213,2021-06-17 10:40:00,0.35,0.35,0.35,0.35,125,200,1.3,0.35,1.8
1214,2021-06-17 10:41:00,0.35,0.35,0.35,0.35,125,200,1.3,0.35,1.8
1215,2021-06-17 10:42:00,0.35,0.35,0.35,0.35,125,200,1.3,0.35,1.8
1216,2021-06-17 10:43:00,0.5,0.5,0.5,0.5,100,200,1.2,0.55,1.55
1217,2021-06-17 10:44:00,0.5,0.5,0.5,0.5,100,200,1.2,0.55,1.55
1218,2021-06-17 10:45:00,0.5,0.5,0.5,0.5,100,200,1.2,0.55,1.55
1219,2021-06-17 10:46:00,0.5,0.5,0.5,0.5,100,200,1.2,0.55,1.55
1220,2021-06-17 10:47:00,0.5,0.5,0.5,0.5,100,200,1.2,0.55,1.55
1221,2021-06-17 10:48:00,0.5,0.5,0.5,0.5,100,200,1.2,0.55,1.55
1222,2021-06-17 10:49:00,0.5,0.5,0.5,0.5,100,200,1.2,0.55,1.55
1223,2021-06-17 10:50:00,0.5,0.5,0.5,0.5,100,200,1.2,0.55,1.55
1224,2021-06-17 10:51:00,0.5,0.5,0.5,0.5,100,200,1.2,0.55,1.55
1225,2021-06-17 10:52:00,0.5,0.5,0.5,0.5,100,200,1.2,0.55,1.55
1226,2021-06-17 10:53:00,0.5,0.5,0.5,0.5,100,200,1.2,0.55,1.55
1227,2021-06-17 10:54:00,0.5,0.5,0.5,0.5,100,200,1.2,0.55,1.55
1228,2021-06-17 10:55:00,0.5,0.5,0.5,0.5,100,200,1.2,0.55,1.55
1229,2021-06-17 10:56:00,0.5,0.5,0.5,0.5,100,200,1.2,0.55,1.55
1230,2021-06-17 10:57:00,0.5,0.5,0.5,0.5,100,200,1.2,0.55,1.55
1231,2021-06-17 10:58:00,0.5,0.5,0.5,0.5,100,200,1.2,0.55,1.55
1232,2021-06-17 10:59:00,0.5,0.5,0.5,0.5,100,200,1.2,0.55,1.55
1233,2021-06-17 11:00:00,0.5,0.5,0.5,0.5,100,200,1.2,0.55,1.55
1234,2021-06-17 11:01:00,0.5,0.5,0.5,0.5,100,200,1.2,0.55,1.55
1235,2021-06-17 11:02:00,0.5,0.5,0.5,0.5,100,200,1.2,0.55,1.55
1236,2021-06-17 11:03:00,0.5,0.5,0.5,0.5,100,200,1.2,0.55,1.55
1237,2021-06-17 11:04:00,0.5,0.5,0.5,0.5,100,200,1.2,0.55,1.55
1238,2021-06-17 11:05:00,0.5,0.5,0.5,0.5,100,200,1.2,0.55,1.55
1239,2021-06-17 11:06:00,0.5,0.5,0.5,0.5,100,200,1.2,0.55,1.55
1240,2021-06-17 11:07:00,0.5,0.5,0.5,0.5,100,200,1.2,0.55,1.55
1241,2021-06-17 11:08:00,0.5,0.5,0.5,0.5,100,200,1.2,0.55,1.55
1242,2021-06-17 11:09:00,0.5,0.5,0.5,0.5,100,200,1.2,0.55,1.55
1243,2021-06-17 11:10:00,0.5,0.5,0.5,0.5,100,200,1.2,0.55,1.55
1244,2021-06-17 11:11:00,0.5,0.5,0.5,0.5,100,200,1.2,0.55,1.55
1245,2021-06-17 11:12:00,0.5,0.5,0.5,0.5,100,200,1.2,0.55,1.55
1246,2021-06-17 11:13:00,0.5,0.5,0.5,0.5,100,200,1.2,0.55,1.55
1247,2021-06-17 11:14:00,0.5,0.5,0.5,0.5,100,200,1.2,0.55,1.55
1248,2021-06-17 11:15:00,0.5,0.5,0.5,0.5,100,200,1.2,0.55,1.55
1249,2021-06-17 11:16:00,0.5,0.5,0.5,0.5,100,200,1.2,0.55,1.55
1250,2021-06-17 11:17:00,0.5,0.5,0.5,0.5,100,200,1.2,0.55,1.55
1251,2021-06-17 11:18:00,0.5,0.5,0.5,0.5,100,200,1.2,0.55,1.55
1252,2021-06-17 11:19:00,0.5,0.5,0.5,0.5,100,200,1.2,0.55,1.55
1253,2021-06-17 11:20:00,0.5,0.5,0.5,0.5,100,200,1.2,0.55,1.55
1254,2021-06-17 11:21:00,0.5,0.5,0.5,0.5,100,200,1.2,0.55,1.55
1255,2021-06-17 11:22:00,0.5,0.5,0.5,0.5,100,200,1.2,0.55,1.55
1256,2021-06-17 11:23:00,0.5,0.5,0.5,0.5,100,200,1.2,0.55,1.55
1257,2021-06-17 11:24:00,0.5,0.5,0.5,0.5,100,200,1.2,0.55,1.55
1258,2021-06-17 11:25:00,0.5,0.5,0.5,0.5,100,200,1.2,0.55,1.55
1259,2021-06-17 11:26:00,0.5,0.5,0.5,0.5,100,200,1.2,0.55,1.55
1260,2021-06-17 11:27:00,0.5,0.5,0.5,0.5,100,200,1.2,0.55,1.55
1261,2021-06-17 11:28:00,0.5,0.5,0.5,0.5,100,200,1.2,0.55,1.55
1262,2021-06-17 11:29:00,0.5,0.5,0.5,0.5,100,200,1.2,0.55,1.55
1263,2021-06-17 11:30:00,0.5,0.5,0.5,0.5,100,200,1.2,0.55,1.55
1264,2021-06-17 11:31:00,0.5,0.5,0.5,0.5,100,200,1.2,0.55,1.55
1265,2021-06-17 11:32:00,0.5,0.5,0.5,0.5,100,200,1.2,0.55,1.55
1266,2021-06-17 11:33:00,0.5,0.5,0.5,0.5,100,200,1.2,0.55,1.55
1267,2021-06-17 11:34:00,0.5,0.5,0.5,0.5,100,200,1.2,0.55,1.55
1268,2021-06-17 11:35:00,0.5,0.5,0.5,0.5,100,200,1.2,0.55,1.55
1269,2021-06-17 11:36:00,0.5,0.5,0.5,0.5,100,200,1.2,0.55,1.55
1270,2021-06-17 11:37:00,0.5,0.5,0.5,0.5,100,200,1.2,0.55,1.55
1271,2021-06-17 11:38:00,0.5,0.5,0.5,0.5,100,200,1.2,0.55,1.55
1272,2021-06-17 11:39:00,0.5,0.5,0.5,0.5,100,200,1.2,0.55,1.55
1273,2021-06-17 11:40:00,0.5,0.5,0.5,0.5,100,200,1.2,0.55,1.55
1274,2021-06-17 11:41:00,0.5,0.5,0.5,0.5,100,200,1.2,0.55,1.55
1275,2021-06-17 11:42:00,0.5,0.5,0.5,0.5,100,200,1.2,0.55,1.55
1276,2021-06-17 11:43:00,0.5,0.5,0.5,0.5,100,200,1.2,0.55,1.55
1277,2021-06-17 11:44:00,0.5,0.5,0.5,0.5,100,200,1.2,0.55,1.55
1278,2021-06-17 11:45:00,0.5,0.5,0.5,0.5,100,200,1.2,0.55,1.55
1279,2021-06-17 11:46:00,0.5,0.5,0.5,0.5,100,200,1.2,0.55,1.55
1280,2021-06-17 11:47:00,0.5,0.5,0.5,0.5,100,200,1.2,0.55,1.55
1281,2021-06-17 11:48:00,0.5,0.5,0.5,0.5,100,200,1.2,0.55,1.55
1282,2021-06-17 11:49:00,0.5,0.5,0.5,0.5,100,200,1.2,0.55,1.55
1283,2021-06-17 11:50:00,0.5,0.5,0.5,0.5,100,200,1.2,0.55,1.55
1284,2021-06-17 11:51:00,0.5,0.5,0.5,0.5,100,200,1.2,0.55,1.55
1285,2021-06-17 11:52:00,0.5,0.5,0.5,0.5,100,200,1.2,0.55,1.55
1286,2021-06-17 11:53:00,0.5,0.5,0.5,0.5,100,200,1.2,0.55,1.55
1287,2021-06-17 11:54:00,0.5,0.5,0.5,0.5,100,200,1.2,0.55,1.55
1288,2021-06-17 11:55:00,0.5,0.5,0.5,0.5,100,200,1.2,0.55,1.55
1289,2021-06-17 11:56:00,0.5,0.5,0.5,0.5,100,200,1.2,0.55,1.55
1290,2021-06-17 11:57:00,0.5,0.5,0.5,0.5,100,200,1.2,0.55,1.55
1291,2021-06-17 11:58:00,0.5,0.5,0.5,0.5,100,200,1.2,0.55,1.55
1292,2021-06-17 11:59:00,0.5,0.5,0.5,0.5,100,200,1.2,0.55,1.55
1293,2021-06-17 12:00:00,0.5,0.5,0.5,0.5,100,200,1.2,0.55,1.55
1294,2021-06-17 12:01:00,0.5,0.5,0.5,0.5,100,200,1.2,0.55,1.55
1295,2021-06-17 12:02:00,0.5,0.5,0.5,0.5,100,200,1.2,0.55,1.55
1296,2021-06-17 12:03:00,0.5,0.5,0.5,0.5,100,200,1.2,0.55,1.55
1297,2021-06-17 12:04:00,0.5,0.5,0.5,0.5,100,200,1.2,0.55,1.55
1298,2021-06-17 12:05:00,0.5,0.5,0.5,0.5,100,200,1.2,0.55,1.55
1299,2021-06-17 12:06:00,0.5,0.5,0.5,0.5,100,200,1.2,0.55,1.55
1300,2021-06-17 12:07:00,0.5,0.5,0.5,0.5,100,200,1.2,0.55,1.55
1301,2021-06-17 12:08:00,0.5,0.5,0.5,0.5,100,200,1.2,0.55,1.55
1302,2021-06-17 12:09:00,0.5,0.5,0.5,0.5,100,200,1.2,0.55,1.55
1303,2021-06-17 12:10:00,0.5,0.5,0.5,0.5,100,200,1.2,0.55,1.55
1304,2021-06-17 12:11:00,0.5,0.5,0.5,0.5,100,200,1.2,0.55,1.55
1305,2021-06-17 12:12:00,0.5,0.5,0.5,0.5,100,200,1.2,0.55,1.55
1306,2021-06-17 12:13:00,0.5,0.5,0.5,0.5,100,200,1.2,0.55,1.55
1307,2021-06-17 12:14:00,0.5,0.5,0.5,0.5,100,200,1.2,0.55,1.55
1308,2021-06-17 12:15:00,0.5,0.5,0.5,0.5,100,200,1.2,0.55,1.55
1309,2021-06-17 12:16:00,0.5,0.5,0.5,0.5,100,200,1.2,0.55,1.55
1310,2021-06-17 12:17:00,0.5,0.5,0.5,0.5,100,200,1.2,0.55,1.55
1311,2021-06-17 12:18:00,0.5,0.5,0.5,0.5,100,200,1.2,0.55,1.55
1312,2021-06-17 12:19:00,0.5,0.5,0.5,0.5,100,200,1.2,0.55,1.55
1313,2021-06-17 12:20:00,0.5,0.5,0.5,0.5,100,200,1.2,0.55,1.55
1314,2021-06-17 12:21:00,0.5,0.5,0.5,0.5,100,200,1.2,0.55,1.55
1315,2021-06-17 12:22:00,0.5,0.5,0.5,0.5,100,200,1.2,0.55,1.55
1316,2021-06-17 12:23:00,0.5,0.5,0.5,0.5,100,200,1.2,0.55,1.55
1317,2021-06-17 12:24:00,0.5,0.5,0.5,0.5,100,200,1.2,0.55,1.55
1318,2021-06-17 12:25:00,0.5,0.5,0.5,0.5,100,200,1.2,0.55,1.55
1319,2021-06-17 12:26:00,0.5,0.5,0.5,0.5,100,200,1.2,0.55,1.55
1320,2021-06-17 12:27:00,0.5,0.5,0.5,0.5,100,200,1.2,0.55,1.55
1321,2021-06-17 12:28:00,0.5,0.5,0.5,0.5,100,200,1.2,0.55,1.55
1322,2021-06-17 12:29:00,0.5,0.5,0.5,0.5,100,200,1.2,0.55,1.55
1323,2021-06-17 12:30:00,0.5,0.5,0.5,0.5,100,200,1.2,0.55,1.55
1324,2021-06-17 12:31:00,0.5,0.5,0.5,0.5,100,200,1.2,0.55,1.55
1325,2021-06-17 12:32:00,0.5,0.5,0.5,0.5,100,200,1.2,0.55,1.55
1326,2021-06-17 12:33:00,0.5,0.5,0.5,0.5,100,200,1.2,0.55,1.55
1327,2021-06-17 12:34:00,0.5,0.5,0.5,0.5,100,200,1.2,0.55,1.55
1328,2021-06-17 12:35:00,0.55,0.55,0.55,0.55,125,150,1.11,0.55,1.8
1329,2021-06-17 12:36:00,0.55,0.55,0.55,0.55,125,150,1.11,0.55,1.8
1330,2021-06-17 12:37:00,0.55,0.55,0.55,0.55,125,150,1.11,0.55,1.8
1331,2021-06-17 12:38:00,0.55,0.55,0.55,0.55,125,150,1.11,0.55,1.8
1332,2021-06-17 12:39:00,0.55,0.55,0.55,0.55,125,150,1.11,0.55,1.8
1333,2021-06-17 12:40:00,0.55,0.55,0.55,0.55,125,150,1.11,0.55,1.8
1334,2021-06-17 12:41:00,0.55,0.55,0.55,0.55,125,150,1.11,0.55,1.8
1335,2021-06-17 12:42:00,0.55,0.55,0.55,0.55,125,150,1.11,0.55,1.8
1336,2021-06-17 12:43:00,0.55,0.55,0.55,0.55,125,150,1.11,0.55,1.8
1337,2021-06-17 12:44:00,0.55,0.55,0.55,0.55,125,150,1.11,0.55,1.8
1338,2021-06-17 12:45:00,0.55,0.55,0.55,0.55,125,150,1.11,0.55,1.8
1339,2021-06-17 12:46:00,0.55,0.55,0.55,0.55,125,150,1.11,0.55,1.8
1340,2021-06-17 12:47:00,0.55,0.55,0.55,0.55,125,150,1.11,0.55,1.8
1341,2021-06-17 12:48:00,0.55,0.55,0.55,0.55,125,150,1.11,0.55,1.8
1342,2021-06-17 12:49:00,0.55,0.55,0.55,0.55,125,150,1.11,0.55,1.8
1343,2021-06-17 12:50:00,0.55,0.55,0.55,0.55,125,150,1.11,0.55,1.8
1344,2021-06-17 12:51:00,0.55,0.55,0.55,0.55,125,150,1.11,0.55,1.8
1345,2021-06-17 12:52:00,0.55,0.55,0.55,0.55,125,150,1.11,0.55,1.8
1346,2021-06-17 12:53:00,0.55,0.55,0.55,0.55,125,150,1.11,0.55,1.8
1347,2021-06-17 12:54:00,0.55,0.55,0.55,0.55,125,150,1.11,0.55,1.8
1348,2021-06-17 12:55:00,0.55,0.55,0.55,0.55,125,150,1.11,0.55,1.8
1349,2021-06-17 12:56:00,0.55,0.55,0.55,0.55,125,150,1.11,0.55,1.8
1350,2021-06-17 12:57:00,0.55,0.55,0.55,0.55,125,150,1.11,0.55,1.8
1351,2021-06-17 12:58:00,0.55,0.55,0.55,0.55,125,150,1.11,0.55,1.8
1352,2021-06-17 12:59:00,0.55,0.55,0.55,0.55,125,150,1.11,0.55,1.8
1353,2021-06-17 13:00:00,0.55,0.55,0.55,0.55,125,150,1.11,0.55,1.8
1354,2021-06-17 13:01:00,0.55,0.55,0.55,0.55,125,150,1.11,0.55,1.8
1355,2021-06-17 13:02:00,0.55,0.55,0.55,0.55,125,150,1.11,0.55,1.8
1356,2021-06-17 13:03:00,0.55,0.55,0.55,0.55,125,150,1.11,0.55,1.8
1357,2021-06-17 13:04:00,0.55,0.55,0.55,0.55,125,150,1.11,0.55,1.8
1358,2021-06-17 13:05:00,0.55,0.55,0.55,0.55,125,150,1.11,0.55,1.8
1359,2021-06-17 13:06:00,0.55,0.55,0.55,0.55,125,150,1.11,0.55,1.8
1360,2021-06-17 13:07:00,0.55,0.55,0.55,0.55,125,150,1.11,0.55,1.8
1361,2021-06-17 13:08:00,0.55,0.55,0.55,0.55,125,150,1.11,0.55,1.8
1362,2021-06-17 13:09:00,0.55,0.55,0.55,0.55,125,150,1.11,0.55,1.8
1363,2021-06-17 13:10:00,0.55,0.55,0.55,0.55,125,150,1.11,0.55,1.8
1364,2021-06-17 13:11:00,0.55,0.55,0.55,0.55,125,150,1.11,0.55,1.8
1365,2021-06-17 13:12:00,0.55,0.55,0.55,0.55,125,150,1.11,0.55,1.8
1366,2021-06-17 13:13:00,0.55,0.55,0.55,0.55,125,150,1.11,0.55,1.8
1367,2021-06-17 13:14:00,0.55,0.55,0.55,0.55,125,150,1.11,0.55,1.8
1368,2021-06-17 13:15:00,0.55,0.55,0.55,0.55,125,150,1.11,0.55,1.8
1369,2021-06-17 13:16:00,0.55,0.55,0.55,0.55,125,150,1.11,0.55,1.8
1370,2021-06-17 13:17:00,0.55,0.55,0.55,0.55,125,150,1.11,0.55,1.8
1371,2021-06-17 13:18:00,0.55,0.55,0.55,0.55,125,150,1.11,0.55,1.8
1372,2021-06-17 13:19:00,0.55,0.55,0.55,0.55,125,150,1.11,0.55,1.8
1373,2021-06-17 13:20:00,0.55,0.55,0.55,0.55,125,150,1.11,0.55,1.8
1374,2021-06-17 13:21:00,0.55,0.55,0.55,0.55,125,150,1.11,0.55,1.8
1375,2021-06-17 13:22:00,0.55,0.55,0.55,0.55,125,150,1.11,0.55,1.8
1376,2021-06-17 13:23:00,0.55,0.55,0.55,0.55,125,150,1.11,0.55,1.8
1377,2021-06-17 13:24:00,0.55,0.55,0.55,0.55,125,150,1.11,0.55,1.8
1378,2021-06-17 13:25:00,0.55,0.55,0.55,0.55,125,150,1.11,0.55,1.8
1379,2021-06-17 13:26:00,0.55,0.55,0.55,0.55,125,150,1.11,0.55,1.8
1380,2021-06-17 13:27:00,0.55,0.55,0.55,0.55,125,150,1.11,0.55,1.8
1381,2021-06-17 13:28:00,0.55,0.55,0.55,0.55,125,150,1.11,0.55,1.8
1382,2021-06-17 13:29:00,0.55,0.55,0.55,0.55,125,150,1.11,0.55,1.8
1383,2021-06-17 13:30:00,0.55,0.55,0.55,0.55,125,150,1.11,0.55,1.8
1384,2021-06-17 13:31:00,0.55,0.55,0.55,0.55,125,150,1.11,0.55,1.8
1385,2021-06-17 13:32:00,0.55,0.55,0.55,0.55,125,150,1.11,0.55,1.8
1386,2021-06-17 13:33:00,0.55,0.55,0.55,0.55,125,150,1.11,0.55,1.8
1387,2021-06-17 13:34:00,0.55,0.55,0.55,0.55,125,150,1.11,0.55,1.8
1388,2021-06-17 13:35:00,0.55,0.55,0.55,0.55,125,150,1.11,0.55,1.8
1389,2021-06-17 13:36:00,0.55,0.55,0.55,0.55,125,150,1.11,0.55,1.8
1390,2021-06-17 13:37:00,0.55,0.55,0.55,0.55,125,150,1.11,0.55,1.8
1391,2021-06-17 13:38:00,0.55,0.55,0.55,0.55,125,150,1.11,0.55,1.8
1392,2021-06-17 13:39:00,0.55,0.55,0.55,0.55,125,150,1.11,0.55,1.8
1393,2021-06-17 13:40:00,0.55,0.55,0.55,0.55,125,150,1.11,0.55,1.8
1394,2021-06-17 13:41:00,0.55,0.55,0.55,0.55,125,150,1.11,0.55,1.8
1395,2021-06-17 13:42:00,0.55,0.55,0.55,0.55,125,150,1.11,0.55,1.8
1396,2021-06-17 13:43:00,0.55,0.55,0.55,0.55,125,150,1.11,0.55,1.8
1397,2021-06-17 13:44:00,0.55,0.55,0.55,0.55,125,150,1.11,0.55,1.8
1398,2021-06-17 13:45:00,0.55,0.55,0.55,0.55,125,150,1.11,0.55,1.8
1399,2021-06-17 13:46:00,0.55,0.55,0.55,0.55,125,150,1.11,0.55,1.8
1400,2021-06-17 13:47:00,0.55,0.55,0.55,0.55,125,150,1.11,0.55,1.8
1401,2021-06-17 13:48:00,0.55,0.55,0.55,0.55,125,150,1.11,0.55,1.8
1402,2021-06-17 13:49:00,0.55,0.55,0.55,0.55,125,150,1.11,0.55,1.8
1403,2021-06-17 13:50:00,0.55,0.55,0.55,0.55,125,150,1.11,0.55,1.8
1404,2021-06-17 13:51:00,0.55,0.55,0.55,0.55,125,150,1.11,0.55,1.8
1405,2021-06-17 13:52:00,0.55,0.55,0.55,0.55,125,150,1.11,0.55,1.8
1406,2021-06-17 13:53:00,0.55,0.55,0.55,0.55,125,150,1.11,0.55,1.8
1407,2021-06-17 13:54:00,0.55,0.55,0.55,0.55,125,150,1.11,0.55,1.8
1408,2021-06-17 13:55:00,0.55,0.55,0.55,0.55,125,150,1.11,0.55,1.8
1409,2021-06-17 13:56:00,0.55,0.55,0.55,0.55,125,150,1.11,0.55,1.8
1410,2021-06-17 13:57:00,0.55,0.55,0.55,0.55,125,150,1.11,0.55,1.8
1411,2021-06-17 13:58:00,0.55,0.55,0.55,0.55,125,150,1.11,0.55,1.8
1412,2021-06-17 13:59:00,0.55,0.55,0.55,0.55,125,150,1.11,0.55,1.8
1413,2021-06-17 14:00:00,0.55,0.55,0.55,0.55,125,150,1.11,0.55,1.8
1414,2021-06-17 14:01:00,0.55,0.55,0.55,0.55,125,150,1.11,0.55,1.8
1415,2021-06-17 14:02:00,0.55,0.55,0.55,0.55,125,150,1.11,0.55,1.8
1416,2021-06-17 14:03:00,0.55,0.55,0.55,0.55,125,150,1.11,0.55,1.8
1417,2021-06-17 14:04:00,0.55,0.55,0.55,0.55,125,150,1.11,0.55,1.8
1418,2021-06-17 14:05:00,0.55,0.55,0.55,0.55,125,150,1.11,0.55,1.8
1419,2021-06-17 14:06:00,0.55,0.55,0.55,0.55,125,150,1.11,0.55,1.8
1420,2021-06-17 14:07:00,0.55,0.55,0.55,0.55,125,150,1.11,0.55,1.8
1421,2021-06-17 14:08:00,0.55,0.55,0.55,0.55,125,150,1.11,0.55,1.8
1422,2021-06-17 14:09:00,0.55,0.55,0.55,0.55,125,150,1.11,0.55,1.8
1423,2021-06-17 14:10:00,0.55,0.55,0.55,0.55,125,150,1.11,0.55,1.8
1424,2021-06-17 14:11:00,0.55,0.55,0.55,0.55,125,150,1.11,0.55,1.8
1425,2021-06-17 14:12:00,0.55,0.55,0.55,0.55,125,150,1.11,0.55,1.8
1426,2021-06-17 14:13:00,0.55,0.55,0.55,0.55,125,150,1.11,0.55,1.8
1427,2021-06-17 14:14:00,0.55,0.55,0.55,0.55,125,150,1.11,0.55,1.8
1428,2021-06-17 14:15:00,0.55,0.55,0.55,0.55,125,150,1.11,0.55,1.8
1429,2021-06-17 14:16:00,0.55,0.55,0.55,0.55,125,150,1.11,0.55,1.8
1430,2021-06-17 14:17:00,0.55,0.55,0.55,0.55,125,150,1.11,0.55,1.8
1431,2021-06-17 14:18:00,0.55,0.55,0.55,0.55,125,150,1.11,0.55,1.8
1432,2021-06-17 14:19:00,0.55,0.55,0.55,0.55,125,150,1.11,0.55,1.8
1433,2021-06-17 14:20:00,0.55,0.55,0.55,0.55,125,150,1.11,0.55,1.8
1434,2021-06-17 14:21:00,0.55,0.55,0.55,0.55,125,150,1.11,0.55,1.8
1435,2021-06-17 14:22:00,0.55,0.55,0.55,0.55,125,150,1.11,0.55,1.8
1436,2021-06-17 14:23:00,0.55,0.55,0.55,0.55,125,150,1.11,0.55,1.8
1437,2021-06-17 14:24:00,0.55,0.55,0.55,0.55,125,150,1.11,0.55,1.8
1438,2021-06-17 14:25:00,0.55,0.55,0.55,0.55,125,150,1.11,0.55,1.8
1439,2021-06-17 14:26:00,0.55,0.55,0.55,0.55,125,150,1.11,0.55,1.8
1440,2021-06-17 14:27:00,0.55,0.55,0.55,0.55,125,150,1.11,0.55,1.8
1441,2021-06-17 14:28:00,0.55,0.55,0.55,0.55,125,150,1.11,0.55,1.8
1442,2021-06-17 14:29:00,0.55,0.55,0.55,0.55,125,150,1.11,0.55,1.8
1443,2021-06-17 14:30:00,0.55,0.55,0.55,0.55,125,150,1.11,0.55,1.8
1444,2021-06-17 14:31:00,0.55,0.55,0.55,0.55,125,150,1.11,0.55,1.8
1445,2021-06-17 14:32:00,0.55,0.55,0.55,0.55,125,150,1.11,0.55,1.8
1446,2021-06-17 14:33:00,0.55,0.55,0.55,0.55,125,150,1.11,0.55,1.8
1447,2021-06-17 14:34:00,0.55,0.55,0.55,0.55,125,150,1.11,0.55,1.8
1448,2021-06-17 14:35:00,0.55,0.55,0.55,0.55,125,150,1.11,0.55,1.8
1449,2021-06-17 14:36:00,0.55,0.55,0.55,0.55,125,150,1.11,0.55,1.8
1450,2021-06-17 14:37:00,0.55,0.55,0.55,0.55,125,150,1.11,0.55,1.8
1451,2021-06-17 14:38:00,0.55,0.55,0.55,0.55,125,150,1.11,0.55,1.8
1452,2021-06-17 14:39:00,0.55,0.55,0.55,0.55,125,150,1.11,0.55,1.8
1453,2021-06-17 14:40:00,0.55,0.55,0.55,0.55,125,150,1.11,0.55,1.8
1454,2021-06-17 14:41:00,0.55,0.55,0.55,0.55,125,150,1.11,0.55,1.8
1455,2021-06-17 14:42:00,0.55,0.55,0.55,0.55,125,150,1.11,0.55,1.8
1456,2021-06-17 14:43:00,0.55,0.55,0.55,0.55,125,150,1.11,0.55,1.8
1457,2021-06-17 14:44:00,0.55,0.55,0.55,0.55,125,150,1.11,0.55,1.8
1458,2021-06-17 14:45:00,0.55,0.55,0.55,0.55,125,150,1.11,0.55,1.8
1459,2021-06-17 14:46:00,0.55,0.55,0.55,0.55,125,150,1.11,0.55,1.8
1460,2021-06-17 14:47:00,0.55,0.55,0.55,0.55,125,150,1.11,0.55,1.8
1461,2021-06-17 14:48:00,0.55,0.55,0.55,0.55,125,150,1.11,0.55,1.8
1462,2021-06-17 14:49:00,0.55,0.55,0.55,0.55,125,150,1.11,0.55,1.8
1463,2021-06-17 14:50:00,0.55,0.55,0.55,0.55,125,150,1.11,0.55,1.8
1464,2021-06-17 14:51:00,0.55,0.55,0.55,0.55,125,150,1.11,0.55,1.8
1465,2021-06-17 14:52:00,0.55,0.55,0.55,0.55,125,150,1.11,0.55,1.8
1466,2021-06-17 14:53:00,0.55,0.55,0.55,0.55,125,150,1.11,0.55,1.8
1467,2021-06-17 14:54:00,0.55,0.55,0.55,0.55,125,150,1.11,0.55,1.8
1468,2021-06-17 14:55:00,0.55,0.55,0.55,0.55,125,150,1.11,0.55,1.8
1469,2021-06-17 14:56:00,0.55,0.55,0.55,0.55,125,150,1.11,0.55,1.8
1470,2021-06-17 14:57:00,0.55,0.55,0.55,0.55,125,150,1.11,0.55,1.8
1471,2021-06-17 14:58:00,0.55,0.55,0.55,0.55,125,150,1.11,0.55,1.8
1472,2021-06-17 14:59:00,0.55,0.55,0.55,0.55,125,150,1.11,0.55,1.8
1473,2021-06-17 15:00:00,0.55,0.55,0.55,0.55,125,150,1.11,0.55,1.8
1474,2021-06-17 15:01:00,0.55,0.55,0.55,0.55,125,150,1.11,0.55,1.8
1475,2021-06-17 15:02:00,0.55,0.55,0.55,0.55,125,150,1.11,0.55,1.8
1476,2021-06-17 15:03:00,0.55,0.55,0.55,0.55,125,150,1.11,0.55,1.8
1477,2021-06-17 15:04:00,0.55,0.55,0.55,0.55,125,150,1.11,0.55,1.8
1478,2021-06-17 15:05:00,0.55,0.55,0.55,0.55,125,150,1.11,0.55,1.8
1479,2021-06-17 15:06:00,0.55,0.55,0.55,0.55,125,150,1.11,0.55,1.8
1480,2021-06-17 15:07:00,0.55,0.55,0.55,0.55,125,150,1.11,0.55,1.8
1481,2021-06-17 15:08:00,0.55,0.55,0.55,0.55,125,150,1.11,0.55,1.8
1482,2021-06-17 15:09:00,0.55,0.55,0.55,0.55,125,150,1.11,0.55,1.8
1483,2021-06-17 15:10:00,0.55,0.55,0.55,0.55,125,150,1.11,0.55,1.8
1484,2021-06-17 15:11:00,0.55,0.55,0.55,0.55,125,150,1.11,0.55,1.8
1485,2021-06-17 15:12:00,0.55,0.55,0.55,0.55,125,150,1.11,0.55,1.8
1486,2021-06-17 15:13:00,0.55,0.55,0.55,0.55,125,150,1.11,0.55,1.8
1487,2021-06-17 15:14:00,0.55,0.55,0.55,0.55,125,150,1.11,0.55,1.8
1488,2021-06-17 15:15:00,0.55,0.55,0.55,0.55,125,150,1.11,0.55,1.8
1489,2021-06-17 15:16:00,0.55,0.55,0.55,0.55,125,150,1.11,0.55,1.8
1490,2021-06-17 15:17:00,0.55,0.55,0.55,0.55,125,150,1.11,0.55,1.8
1491,2021-06-17 15:18:00,0.55,0.55,0.55,0.55,125,150,1.11,0.55,1.8
1492,2021-06-17 15:19:00,0.55,0.55,0.55,0.55,125,150,1.11,0.55,1.8
1493,2021-06-17 15:20:00,0.55,0.55,0.55,0.55,125,150,1.11,0.55,1.8
1494,2021-06-17 15:21:00,0.55,0.55,0.55,0.55,125,150,1.11,0.55,1.8
1495,2021-06-17 15:22:00,0.55,0.55,0.55,0.55,125,150,1.11,0.55,1.8
1496,2021-06-17 15:23:00,0.55,0.55,0.55,0.55,125,150,1.11,0.55,1.8
1497,2021-06-17 15:24:00,0.55,0.55,0.55,0.55,125,150,1.11,0.55,1.8
1498,2021-06-17 15:25:00,0.55,0.55,0.55,0.55,125,150,1.11,0.55,1.8
1499,2021-06-17 15:26:00,0.55,0.55,0.55,0.55,125,150,1.11,0.55,1.8
1500,2021-06-17 15:27:00,0.55,0.55,0.55,0.55,125,150,1.11,0.55,1.8
1501,2021-06-17 15:28:00,0.55,0.55,0.55,0.55,125,150,1.11,0.55,1.8
1502,2021-06-17 15:29:00,0.55,0.55,0.55,0.55,125,150,1.11,0.55,1.8
1503,2021-06-17 15:30:00,0.55,0.55,0.55,0.55,125,150,1.11,0.55,1.8
