,date,open,high,low,close,volume,oi
0,2022-06-22 11:07:00+05:30,2383.8,2383.8,2383.8,2383.8,0,2550
1,2022-06-22 11:08:00+05:30,2383.8,2383.8,2383.8,2383.8,0,2550
2,2022-06-22 11:10:00+05:30,2383.8,2383.8,2383.8,2383.8,0,2550
3,2022-06-22 11:11:00+05:30,2383.8,2383.8,2383.8,2383.8,0,2550
4,2022-06-22 11:12:00+05:30,2383.8,2383.8,2383.8,2383.8,0,2550
5,2022-06-22 11:14:00+05:30,2383.8,2383.8,2383.8,2383.8,0,2550
6,2022-06-22 11:15:00+05:30,2383.8,2383.8,2383.8,2383.8,0,2550
7,2022-06-22 11:16:00+05:30,2383.8,2383.8,2383.8,2383.8,0,2550
8,2022-06-22 11:17:00+05:30,2383.8,2383.8,2383.8,2383.8,0,2550
9,2022-06-22 11:18:00+05:30,2383.8,2383.8,2383.8,2383.8,0,2550
10,2022-06-22 11:21:00+05:30,2383.8,2383.8,2383.8,2383.8,0,2550
11,2022-06-22 11:22:00+05:30,2383.8,2383.8,2383.8,2383.8,0,2550
12,2022-06-22 11:23:00+05:30,2383.8,2383.8,2383.8,2383.8,0,2550
13,2022-06-22 11:24:00+05:30,2383.8,2383.8,2383.8,2383.8,0,2550
14,2022-06-22 11:26:00+05:30,2383.8,2383.8,2383.8,2383.8,0,2550
15,2022-06-22 11:27:00+05:30,2383.8,2383.8,2383.8,2383.8,0,2550
16,2022-06-22 11:30:00+05:30,2383.8,2383.8,2383.8,2383.8,0,2550
17,2022-06-22 11:32:00+05:30,2383.8,2383.8,2383.8,2383.8,0,2550
18,2022-06-22 11:33:00+05:30,2383.8,2383.8,2383.8,2383.8,0,2550
19,2022-06-22 11:34:00+05:30,2383.8,2383.8,2383.8,2383.8,0,2550
20,2022-06-22 11:35:00+05:30,2383.8,2383.8,2383.8,2383.8,0,2550
21,2022-06-22 11:36:00+05:30,2383.8,2383.8,2383.8,2383.8,0,2550
22,2022-06-22 11:38:00+05:30,2383.8,2383.8,2383.8,2383.8,0,2550
23,2022-06-22 11:39:00+05:30,2383.8,2383.8,2383.8,2383.8,0,2550
24,2022-06-22 11:40:00+05:30,2383.8,2383.8,2383.8,2383.8,0,2550
25,2022-06-22 11:44:00+05:30,2383.8,2383.8,2383.8,2383.8,0,2550
26,2022-06-22 11:45:00+05:30,2383.8,2383.8,2383.8,2383.8,0,2550
27,2022-06-22 11:47:00+05:30,2383.8,2383.8,2383.8,2383.8,0,2550
28,2022-06-22 11:48:00+05:30,2383.8,2383.8,2383.8,2383.8,0,2550
29,2022-06-22 11:49:00+05:30,2383.8,2383.8,2383.8,2383.8,0,2550
30,2022-06-22 11:54:00+05:30,2383.8,2383.8,2383.8,2383.8,0,2550
31,2022-06-22 11:55:00+05:30,2383.8,2383.8,2383.8,2383.8,0,2550
32,2022-06-22 11:56:00+05:30,2383.8,2383.8,2383.8,2383.8,0,2550
33,2022-06-22 11:57:00+05:30,2383.8,2383.8,2383.8,2383.8,0,2550
34,2022-06-22 11:58:00+05:30,2383.8,2383.8,2383.8,2383.8,0,2550
35,2022-06-22 11:59:00+05:30,2383.8,2383.8,2383.8,2383.8,0,2550
36,2022-06-22 12:00:00+05:30,2383.8,2383.8,2383.8,2383.8,0,2550
37,2022-06-22 12:01:00+05:30,2383.8,2383.8,2383.8,2383.8,0,2550
38,2022-06-22 12:02:00+05:30,2383.8,2383.8,2383.8,2383.8,0,2550
39,2022-06-22 12:03:00+05:30,2383.8,2383.8,2383.8,2383.8,0,2550
40,2022-06-22 12:04:00+05:30,2383.8,2383.8,2383.8,2383.8,0,2550
41,2022-06-22 12:05:00+05:30,2383.8,2383.8,2383.8,2383.8,0,2550
42,2022-06-22 12:06:00+05:30,2383.8,2383.8,2383.8,2383.8,0,2550
43,2022-06-22 12:07:00+05:30,2383.8,2383.8,2383.8,2383.8,0,2550
44,2022-06-22 12:08:00+05:30,2383.8,2383.8,2383.8,2383.8,0,2550
45,2022-06-22 12:09:00+05:30,2383.8,2383.8,2383.8,2383.8,0,2550
46,2022-06-22 12:10:00+05:30,2383.8,2383.8,2383.8,2383.8,0,2550
47,2022-06-22 12:11:00+05:30,2383.8,2383.8,2383.8,2383.8,0,2550
48,2022-06-22 12:12:00+05:30,2383.8,2383.8,2383.8,2383.8,0,2550
49,2022-06-22 12:13:00+05:30,2383.8,2383.8,2383.8,2383.8,0,2550
50,2022-06-22 12:14:00+05:30,2383.8,2383.8,2383.8,2383.8,0,2550
51,2022-06-22 12:15:00+05:30,2383.8,2383.8,2383.8,2383.8,0,2550
52,2022-06-22 12:16:00+05:30,2383.8,2383.8,2383.8,2383.8,0,2550
53,2022-06-22 12:17:00+05:30,2383.8,2383.8,2383.8,2383.8,0,2550
54,2022-06-22 12:18:00+05:30,2383.8,2383.8,2383.8,2383.8,0,2550
55,2022-06-22 12:19:00+05:30,2383.8,2383.8,2383.8,2383.8,0,2550
56,2022-06-22 12:21:00+05:30,2383.8,2383.8,2383.8,2383.8,0,2550
57,2022-06-22 12:22:00+05:30,2383.8,2383.8,2383.8,2383.8,0,2550
58,2022-06-22 12:23:00+05:30,2383.8,2383.8,2383.8,2383.8,0,2550
59,2022-06-22 12:24:00+05:30,2383.8,2383.8,2383.8,2383.8,0,2550
60,2022-06-22 12:25:00+05:30,2383.8,2383.8,2383.8,2383.8,0,2550
61,2022-06-22 12:26:00+05:30,2383.8,2383.8,2383.8,2383.8,0,2550
62,2022-06-22 12:27:00+05:30,2383.8,2383.8,2383.8,2383.8,0,2550
63,2022-06-22 12:29:00+05:30,2383.8,2383.8,2383.8,2383.8,0,2550
64,2022-06-22 12:30:00+05:30,2383.8,2383.8,2383.8,2383.8,0,2550
65,2022-06-22 12:31:00+05:30,2383.8,2383.8,2383.8,2383.8,0,2550
66,2022-06-22 12:32:00+05:30,2383.8,2383.8,2383.8,2383.8,0,2550
67,2022-06-22 12:33:00+05:30,2383.8,2383.8,2383.8,2383.8,0,2550
68,2022-06-22 12:34:00+05:30,2383.8,2383.8,2383.8,2383.8,0,2550
69,2022-06-22 12:35:00+05:30,2383.8,2383.8,2383.8,2383.8,0,2550
70,2022-06-22 12:36:00+05:30,2383.8,2383.8,2383.8,2383.8,0,2550
71,2022-06-22 12:37:00+05:30,2383.8,2383.8,2383.8,2383.8,0,2550
72,2022-06-22 12:38:00+05:30,2383.8,2383.8,2383.8,2383.8,0,2550
73,2022-06-22 12:40:00+05:30,2383.8,2383.8,2383.8,2383.8,0,2550
74,2022-06-22 12:44:00+05:30,2383.8,2383.8,2383.8,2383.8,0,2550
75,2022-06-22 12:45:00+05:30,2383.8,2383.8,2383.8,2383.8,0,2550
76,2022-06-22 12:46:00+05:30,2383.8,2383.8,2383.8,2383.8,0,2550
77,2022-06-22 12:47:00+05:30,2383.8,2383.8,2383.8,2383.8,0,2550
78,2022-06-22 12:48:00+05:30,2383.8,2383.8,2383.8,2383.8,0,2550
79,2022-06-22 12:49:00+05:30,2383.8,2383.8,2383.8,2383.8,0,2550
80,2022-06-22 12:50:00+05:30,2383.8,2383.8,2383.8,2383.8,0,2550
81,2022-06-22 12:51:00+05:30,2383.8,2383.8,2383.8,2383.8,0,2550
82,2022-06-22 12:52:00+05:30,2383.8,2383.8,2383.8,2383.8,0,2550
83,2022-06-22 12:55:00+05:30,2383.8,2383.8,2383.8,2383.8,0,2550
84,2022-06-22 12:56:00+05:30,2383.8,2383.8,2383.8,2383.8,0,2550
85,2022-06-22 12:58:00+05:30,2383.8,2383.8,2383.8,2383.8,0,2550
86,2022-06-22 13:01:00+05:30,2383.8,2383.8,2383.8,2383.8,0,2550
87,2022-06-22 13:03:00+05:30,2383.8,2383.8,2383.8,2383.8,0,2550
88,2022-06-22 13:04:00+05:30,2383.8,2383.8,2383.8,2383.8,0,2550
89,2022-06-22 13:05:00+05:30,2383.8,2383.8,2383.8,2383.8,0,2550
90,2022-06-22 13:06:00+05:30,2383.8,2383.8,2383.8,2383.8,0,2550
91,2022-06-22 13:08:00+05:30,2383.8,2383.8,2383.8,2383.8,0,2550
92,2022-06-22 13:09:00+05:30,2383.8,2383.8,2383.8,2383.8,0,2550
93,2022-06-22 13:10:00+05:30,2383.8,2383.8,2383.8,2383.8,0,2550
94,2022-06-22 13:11:00+05:30,2383.8,2383.8,2383.8,2383.8,0,2550
95,2022-06-22 13:12:00+05:30,2383.8,2383.8,2383.8,2383.8,0,2550
96,2022-06-22 13:13:00+05:30,2383.8,2383.8,2383.8,2383.8,0,2550
97,2022-06-22 13:14:00+05:30,2383.8,2383.8,2383.8,2383.8,0,2550
98,2022-06-22 13:17:00+05:30,2383.8,2383.8,2383.8,2383.8,0,2550
99,2022-06-22 13:18:00+05:30,2383.8,2383.8,2383.8,2383.8,0,2550
100,2022-06-22 13:22:00+05:30,2383.8,2383.8,2383.8,2383.8,0,2550
101,2022-06-22 13:30:00+05:30,2383.8,2383.8,2383.8,2383.8,0,2550
102,2022-06-22 13:38:00+05:30,2383.8,2383.8,2383.8,2383.8,0,2550
103,2022-06-22 13:40:00+05:30,2383.8,2383.8,2383.8,2383.8,0,2550
104,2022-06-22 13:41:00+05:30,2383.8,2383.8,2383.8,2383.8,0,2550
105,2022-06-22 13:42:00+05:30,2383.8,2383.8,2383.8,2383.8,0,2550
106,2022-06-22 13:43:00+05:30,2383.8,2383.8,2383.8,2383.8,0,2550
107,2022-06-22 13:44:00+05:30,2383.8,2383.8,2383.8,2383.8,0,2550
108,2022-06-22 13:45:00+05:30,2383.8,2383.8,2383.8,2383.8,0,2550
109,2022-06-22 13:46:00+05:30,2383.8,2383.8,2383.8,2383.8,0,2550
110,2022-06-22 13:47:00+05:30,2383.8,2383.8,2383.8,2383.8,0,2550
111,2022-06-22 13:48:00+05:30,2383.8,2383.8,2383.8,2383.8,0,2550
112,2022-06-22 13:49:00+05:30,2383.8,2383.8,2383.8,2383.8,0,2550
113,2022-06-22 13:50:00+05:30,2383.8,2383.8,2383.8,2383.8,0,2550
114,2022-06-22 13:51:00+05:30,2383.8,2383.8,2383.8,2383.8,0,2550
115,2022-06-22 13:52:00+05:30,2383.8,2383.8,2383.8,2383.8,0,2550
116,2022-06-22 13:53:00+05:30,2383.8,2383.8,2383.8,2383.8,0,2550
117,2022-06-22 13:54:00+05:30,2383.8,2383.8,2383.8,2383.8,0,2550
118,2022-06-22 13:55:00+05:30,2383.8,2383.8,2383.8,2383.8,0,2550
119,2022-06-22 13:56:00+05:30,2383.8,2383.8,2383.8,2383.8,0,2550
120,2022-06-22 13:57:00+05:30,2383.8,2383.8,2383.8,2383.8,0,2550
121,2022-06-22 13:58:00+05:30,2383.8,2383.8,2383.8,2383.8,0,2550
122,2022-06-22 13:59:00+05:30,2383.8,2383.8,2383.8,2383.8,0,2550
123,2022-06-22 14:00:00+05:30,2383.8,2383.8,2383.8,2383.8,0,2550
124,2022-06-22 14:01:00+05:30,2383.8,2383.8,2383.8,2383.8,0,2550
125,2022-06-22 14:02:00+05:30,2383.8,2383.8,2383.8,2383.8,0,2550
126,2022-06-22 14:03:00+05:30,2383.8,2383.8,2383.8,2383.8,0,2550
127,2022-06-22 14:04:00+05:30,2383.8,2383.8,2383.8,2383.8,0,2550
128,2022-06-22 14:05:00+05:30,2383.8,2383.8,2383.8,2383.8,0,2550
129,2022-06-22 14:06:00+05:30,2383.8,2383.8,2383.8,2383.8,0,2550
130,2022-06-22 14:07:00+05:30,2383.8,2383.8,2383.8,2383.8,0,2550
131,2022-06-22 14:08:00+05:30,2383.8,2383.8,2383.8,2383.8,0,2550
132,2022-06-22 14:09:00+05:30,2383.8,2383.8,2383.8,2383.8,0,2550
133,2022-06-22 14:10:00+05:30,2383.8,2383.8,2383.8,2383.8,0,2550
134,2022-06-22 14:11:00+05:30,2383.8,2383.8,2383.8,2383.8,0,2550
135,2022-06-22 14:12:00+05:30,2383.8,2383.8,2383.8,2383.8,0,2550
136,2022-06-22 14:13:00+05:30,2383.8,2383.8,2383.8,2383.8,0,2550
137,2022-06-22 14:14:00+05:30,2383.8,2383.8,2383.8,2383.8,0,2550
138,2022-06-22 14:15:00+05:30,2383.8,2383.8,2383.8,2383.8,0,2550
139,2022-06-22 14:16:00+05:30,2383.8,2383.8,2383.8,2383.8,0,2550
140,2022-06-22 14:17:00+05:30,2383.8,2383.8,2383.8,2383.8,0,2550
141,2022-06-22 14:18:00+05:30,2383.8,2383.8,2383.8,2383.8,0,2550
142,2022-06-22 14:19:00+05:30,2383.8,2383.8,2383.8,2383.8,0,2550
143,2022-06-22 14:20:00+05:30,2383.8,2383.8,2383.8,2383.8,0,2550
144,2022-06-22 14:22:00+05:30,2383.8,2383.8,2383.8,2383.8,0,2550
145,2022-06-22 14:23:00+05:30,2383.8,2383.8,2383.8,2383.8,0,2550
146,2022-06-22 14:24:00+05:30,2383.8,2383.8,2383.8,2383.8,0,2550
147,2022-06-22 14:25:00+05:30,2383.8,2383.8,2383.8,2383.8,0,2550
148,2022-06-22 14:26:00+05:30,2383.8,2383.8,2383.8,2383.8,0,2550
149,2022-06-22 14:27:00+05:30,2383.8,2383.8,2383.8,2383.8,0,2550
150,2022-06-22 14:28:00+05:30,2383.8,2383.8,2383.8,2383.8,0,2550
151,2022-06-22 14:31:00+05:30,2383.8,2383.8,2383.8,2383.8,0,2550
152,2022-06-22 14:32:00+05:30,2383.8,2383.8,2383.8,2383.8,0,2550
153,2022-06-22 14:33:00+05:30,2383.8,2383.8,2383.8,2383.8,0,2550
154,2022-06-22 14:34:00+05:30,2383.8,2383.8,2383.8,2383.8,0,2550
155,2022-06-22 14:36:00+05:30,2383.8,2383.8,2383.8,2383.8,0,2550
156,2022-06-22 14:37:00+05:30,2383.8,2383.8,2383.8,2383.8,0,2550
157,2022-06-22 14:38:00+05:30,2383.8,2383.8,2383.8,2383.8,0,2550
158,2022-06-22 14:39:00+05:30,2383.8,2383.8,2383.8,2383.8,0,2550
159,2022-06-22 14:45:00+05:30,2383.8,2383.8,2383.8,2383.8,0,2550
160,2022-06-22 14:46:00+05:30,2383.8,2383.8,2383.8,2383.8,0,2550
161,2022-06-22 14:50:00+05:30,2383.8,2383.8,2383.8,2383.8,0,2550
162,2022-06-22 14:51:00+05:30,2383.8,2383.8,2383.8,2383.8,0,2550
163,2022-06-22 14:52:00+05:30,2383.8,2383.8,2383.8,2383.8,0,2550
164,2022-06-22 14:53:00+05:30,2383.8,2383.8,2383.8,2383.8,0,2550
165,2022-06-22 14:54:00+05:30,2383.8,2383.8,2383.8,2383.8,0,2550
166,2022-06-22 14:55:00+05:30,2383.8,2383.8,2383.8,2383.8,0,2550
167,2022-06-22 14:56:00+05:30,2383.8,2383.8,2383.8,2383.8,0,2550
168,2022-06-22 14:57:00+05:30,2383.8,2383.8,2383.8,2383.8,0,2550
169,2022-06-22 14:58:00+05:30,2383.8,2383.8,2383.8,2383.8,0,2550
170,2022-06-22 14:59:00+05:30,2383.8,2383.8,2383.8,2383.8,0,2550
171,2022-06-22 15:00:00+05:30,2383.8,2383.8,2383.8,2383.8,0,2550
172,2022-06-22 15:01:00+05:30,2383.8,2383.8,2383.8,2383.8,0,2550
173,2022-06-22 15:02:00+05:30,2383.8,2383.8,2383.8,2383.8,0,2550
174,2022-06-22 15:03:00+05:30,2383.8,2383.8,2383.8,2383.8,0,2550
175,2022-06-22 15:04:00+05:30,2383.8,2383.8,2383.8,2383.8,0,2550
176,2022-06-22 15:05:00+05:30,2383.8,2383.8,2383.8,2383.8,0,2550
177,2022-06-22 15:06:00+05:30,2383.8,2383.8,2383.8,2383.8,0,2550
178,2022-06-22 15:07:00+05:30,2383.8,2383.8,2383.8,2383.8,0,2550
179,2022-06-22 15:08:00+05:30,2383.8,2383.8,2383.8,2383.8,0,2550
180,2022-06-22 15:09:00+05:30,2383.8,2383.8,2383.8,2383.8,0,2550
181,2022-06-22 15:10:00+05:30,2383.8,2383.8,2383.8,2383.8,0,2550
182,2022-06-22 15:11:00+05:30,2383.8,2383.8,2383.8,2383.8,0,2550
183,2022-06-22 15:12:00+05:30,2383.8,2383.8,2383.8,2383.8,0,2550
184,2022-06-22 15:13:00+05:30,2383.8,2383.8,2383.8,2383.8,0,2550
185,2022-06-22 15:14:00+05:30,2383.8,2383.8,2383.8,2383.8,0,2550
186,2022-06-22 15:15:00+05:30,2383.8,2383.8,2383.8,2383.8,0,2550
187,2022-06-22 15:16:00+05:30,2383.8,2383.8,2383.8,2383.8,0,2550
188,2022-06-22 15:17:00+05:30,2383.8,2383.8,2383.8,2383.8,0,2550
189,2022-06-22 15:18:00+05:30,2383.8,2383.8,2383.8,2383.8,0,2550
190,2022-06-22 15:19:00+05:30,2383.8,2383.8,2383.8,2383.8,0,2550
191,2022-06-22 15:20:00+05:30,2383.8,2383.8,2383.8,2383.8,0,2550
192,2022-06-22 15:21:00+05:30,2383.8,2383.8,2383.8,2383.8,0,2550
193,2022-06-22 15:22:00+05:30,2383.8,2383.8,2383.8,2383.8,0,2550
194,2022-06-22 15:23:00+05:30,2383.8,2383.8,2383.8,2383.8,0,2550
195,2022-06-22 15:24:00+05:30,2383.8,2383.8,2383.8,2383.8,0,2550
196,2022-06-22 15:25:00+05:30,2383.8,2383.8,2383.8,2383.8,0,2550
197,2022-06-22 15:26:00+05:30,2383.8,2383.8,2383.8,2383.8,0,2550
198,2022-06-22 15:27:00+05:30,2383.8,2383.8,2383.8,2383.8,0,2550
199,2022-06-22 15:28:00+05:30,2383.8,2383.8,2383.8,2383.8,0,2550
200,2022-06-22 15:29:00+05:30,2383.8,2383.8,2383.8,2383.8,0,2550
201,2022-06-27 09:26:00+05:30,1969.05,1969.05,1969.05,1969.05,0,2550
202,2022-06-27 09:27:00+05:30,1969.05,1969.05,1969.05,1969.05,0,2550
203,2022-06-27 09:28:00+05:30,1969.05,1969.05,1969.05,1969.05,0,2550
204,2022-06-27 09:29:00+05:30,1969.05,1969.05,1969.05,1969.05,0,2550
205,2022-06-27 09:30:00+05:30,1969.05,1969.05,1969.05,1969.05,0,2550
206,2022-06-27 09:31:00+05:30,1969.05,1969.05,1969.05,1969.05,0,2550
207,2022-06-27 09:32:00+05:30,1969.05,1969.05,1969.05,1969.05,0,2550
208,2022-06-27 09:33:00+05:30,1969.05,1969.05,1969.05,1969.05,0,2550
209,2022-06-27 09:34:00+05:30,1969.05,1969.05,1969.05,1969.05,0,2550
210,2022-06-27 09:35:00+05:30,1969.05,1969.05,1969.05,1969.05,0,2550
211,2022-06-27 09:36:00+05:30,1969.05,1969.05,1969.05,1969.05,0,2550
212,2022-06-27 09:37:00+05:30,1969.05,1969.05,1969.05,1969.05,0,2550
213,2022-06-27 09:38:00+05:30,1969.05,1969.05,1969.05,1969.05,0,2550
214,2022-06-27 09:39:00+05:30,1969.05,1969.05,1969.05,1969.05,0,2550
215,2022-06-27 09:40:00+05:30,1969.05,1969.05,1969.05,1969.05,0,2550
216,2022-06-27 09:41:00+05:30,1969.05,1969.05,1969.05,1969.05,0,2550
217,2022-06-27 09:42:00+05:30,1969.05,1969.05,1969.05,1969.05,0,2550
218,2022-06-27 09:43:00+05:30,1969.05,1969.05,1969.05,1969.05,0,2550
219,2022-06-27 09:44:00+05:30,1969.05,1969.05,1969.05,1969.05,0,2550
220,2022-06-27 09:46:00+05:30,1969.05,1969.05,1969.05,1969.05,0,2550
221,2022-06-27 09:47:00+05:30,1969.05,1969.05,1969.05,1969.05,0,2550
222,2022-06-27 09:48:00+05:30,1969.05,1969.05,1969.05,1969.05,0,2550
223,2022-06-27 09:49:00+05:30,1969.05,1989.7,1969.05,1989.7,100,2550
224,2022-06-27 09:50:00+05:30,1989.7,1989.7,1989.7,1989.7,0,2550
225,2022-06-27 09:51:00+05:30,1989.7,1989.7,1989.7,1989.7,0,2550
226,2022-06-27 09:52:00+05:30,1989.7,1989.7,1989.7,1989.7,0,2550
227,2022-06-27 09:53:00+05:30,1989.7,1989.7,1989.7,1989.7,0,2550
228,2022-06-27 09:54:00+05:30,1989.7,1989.7,1989.7,1989.7,0,2550
229,2022-06-27 09:55:00+05:30,1989.7,1989.7,1989.7,1989.7,0,2550
230,2022-06-27 09:56:00+05:30,1989.7,1989.7,1989.7,1989.7,0,2550
231,2022-06-27 09:57:00+05:30,1989.7,1989.7,1989.7,1989.7,0,2550
232,2022-06-27 09:58:00+05:30,1989.7,1989.7,1989.7,1989.7,0,2550
233,2022-06-27 09:59:00+05:30,1989.7,1989.7,1989.7,1989.7,0,2550
234,2022-06-27 10:00:00+05:30,1989.7,1989.7,1989.7,1989.7,0,2550
235,2022-06-27 10:01:00+05:30,1989.7,1989.7,1989.7,1989.7,0,2550
236,2022-06-27 10:02:00+05:30,1989.7,1989.7,1989.7,1989.7,0,2550
237,2022-06-27 10:03:00+05:30,1989.7,1989.7,1989.7,1989.7,0,2550
238,2022-06-27 10:04:00+05:30,1989.7,1989.7,1989.7,1989.7,0,2550
239,2022-06-27 10:05:00+05:30,1989.7,1989.7,1970.0,1970.0,50,2450
240,2022-06-27 10:06:00+05:30,1970.0,1970.0,1970.0,1970.0,0,2450
241,2022-06-27 10:07:00+05:30,1970.0,1970.0,1970.0,1970.0,0,2450
242,2022-06-27 10:08:00+05:30,1970.0,1970.0,1970.0,1970.0,0,2450
243,2022-06-27 10:09:00+05:30,1970.0,1970.0,1970.0,1970.0,0,2450
244,2022-06-27 10:10:00+05:30,1970.0,1970.0,1970.0,1970.0,0,2450
245,2022-06-27 10:11:00+05:30,1970.0,1970.0,1970.0,1970.0,0,2450
246,2022-06-27 10:12:00+05:30,1970.0,1970.0,1970.0,1970.0,50,2450
247,2022-06-27 10:13:00+05:30,1970.0,1970.0,1970.0,1970.0,0,2450
248,2022-06-27 10:14:00+05:30,1970.0,1970.0,1970.0,1970.0,0,2450
249,2022-06-27 10:15:00+05:30,1970.0,1970.0,1970.0,1970.0,0,2450
250,2022-06-27 10:16:00+05:30,1970.0,1970.0,1970.0,1970.0,0,2450
251,2022-06-27 10:17:00+05:30,1970.0,1970.0,1970.0,1970.0,0,2450
252,2022-06-27 10:18:00+05:30,1970.0,1970.0,1970.0,1970.0,0,2450
253,2022-06-27 10:19:00+05:30,1970.0,1970.0,1970.0,1970.0,0,2450
254,2022-06-27 10:20:00+05:30,1970.0,1970.0,1970.0,1970.0,0,2450
255,2022-06-27 10:21:00+05:30,1970.0,1970.0,1970.0,1970.0,0,2450
256,2022-06-27 10:22:00+05:30,1970.0,1970.0,1970.0,1970.0,0,2450
257,2022-06-27 10:25:00+05:30,1970.0,1970.0,1970.0,1970.0,0,2450
258,2022-06-27 10:26:00+05:30,1970.0,1970.0,1970.0,1970.0,0,2450
259,2022-06-27 10:27:00+05:30,1970.0,1970.0,1970.0,1970.0,0,2450
260,2022-06-27 10:28:00+05:30,1970.0,1970.0,1970.0,1970.0,0,2450
261,2022-06-27 10:29:00+05:30,1970.0,1970.0,1970.0,1970.0,0,2450
262,2022-06-27 10:30:00+05:30,1970.0,1970.0,1970.0,1970.0,0,2450
263,2022-06-27 10:31:00+05:30,1970.0,1970.0,1970.0,1970.0,0,2450
264,2022-06-27 10:32:00+05:30,1970.0,1970.0,1970.0,1970.0,0,2450
265,2022-06-27 10:36:00+05:30,1970.0,1970.0,1970.0,1970.0,0,2450
266,2022-06-27 10:37:00+05:30,1970.0,1970.0,1970.0,1970.0,0,2450
267,2022-06-27 10:42:00+05:30,1970.0,1970.0,1970.0,1970.0,0,2450
268,2022-06-27 10:43:00+05:30,1970.0,1970.0,1970.0,1970.0,0,2450
269,2022-06-27 10:44:00+05:30,1970.0,1970.0,1970.0,1970.0,0,2450
270,2022-06-27 10:45:00+05:30,1970.0,1970.0,1970.0,1970.0,0,2450
271,2022-06-27 10:46:00+05:30,1970.0,1970.0,1970.0,1970.0,0,2450
272,2022-06-27 10:47:00+05:30,1970.0,1970.0,1970.0,1970.0,0,2450
273,2022-06-27 10:48:00+05:30,1970.0,1970.0,1970.0,1970.0,0,2450
274,2022-06-27 10:49:00+05:30,1970.0,1970.0,1970.0,1970.0,0,2450
275,2022-06-27 10:50:00+05:30,1970.0,1970.0,1970.0,1970.0,0,2450
276,2022-06-27 10:51:00+05:30,1970.0,1970.0,1970.0,1970.0,0,2450
277,2022-06-27 10:52:00+05:30,1970.0,1970.0,1970.0,1970.0,0,2450
278,2022-06-27 10:55:00+05:30,1970.0,1970.0,1970.0,1970.0,0,2450
279,2022-06-27 10:56:00+05:30,1970.0,1970.0,1970.0,1970.0,0,2450
280,2022-06-27 10:57:00+05:30,1970.0,1970.0,1970.0,1970.0,0,2450
281,2022-06-27 10:58:00+05:30,1970.0,1970.0,1970.0,1970.0,0,2450
282,2022-06-27 10:59:00+05:30,1970.0,1970.0,1970.0,1970.0,0,2450
283,2022-06-27 11:00:00+05:30,1970.0,1970.0,1970.0,1970.0,0,2450
284,2022-06-27 11:01:00+05:30,1970.0,1970.0,1970.0,1970.0,0,2450
285,2022-06-27 11:02:00+05:30,1970.0,1970.0,1970.0,1970.0,0,2450
286,2022-06-27 11:03:00+05:30,1970.0,1970.0,1970.0,1970.0,0,2450
287,2022-06-27 11:04:00+05:30,1970.0,1970.0,1970.0,1970.0,0,2450
288,2022-06-27 11:05:00+05:30,1970.0,1970.0,1970.0,1970.0,0,2450
289,2022-06-27 11:06:00+05:30,1970.0,1970.0,1970.0,1970.0,0,2450
290,2022-06-27 11:07:00+05:30,1970.0,1970.0,1970.0,1970.0,0,2450
291,2022-06-27 11:08:00+05:30,1970.0,1970.0,1970.0,1970.0,0,2450
292,2022-06-27 11:09:00+05:30,1970.0,1970.0,1970.0,1970.0,0,2450
293,2022-06-27 11:10:00+05:30,1970.0,1970.0,1970.0,1970.0,0,2450
294,2022-06-27 11:11:00+05:30,1970.0,1970.0,1970.0,1970.0,0,2450
295,2022-06-27 11:12:00+05:30,1970.0,1970.0,1970.0,1970.0,0,2450
296,2022-06-27 11:13:00+05:30,1970.0,1970.0,1970.0,1970.0,0,2450
297,2022-06-27 11:14:00+05:30,1970.0,1970.0,1970.0,1970.0,0,2450
298,2022-06-27 11:15:00+05:30,1970.0,1970.0,1970.0,1970.0,0,2450
299,2022-06-27 11:16:00+05:30,1970.0,1970.0,1970.0,1970.0,0,2450
300,2022-06-27 11:17:00+05:30,1970.0,1970.0,1970.0,1970.0,0,2450
301,2022-06-27 11:18:00+05:30,1970.0,1970.0,1970.0,1970.0,0,2450
302,2022-06-27 11:19:00+05:30,1970.0,1970.0,1970.0,1970.0,0,2450
303,2022-06-27 11:20:00+05:30,1970.0,1970.0,1970.0,1970.0,0,2450
304,2022-06-27 11:21:00+05:30,1970.0,1970.0,1970.0,1970.0,0,2450
305,2022-06-27 11:22:00+05:30,1970.0,1970.0,1970.0,1970.0,0,2450
306,2022-06-27 11:23:00+05:30,1970.0,1970.0,1970.0,1970.0,0,2450
307,2022-06-27 11:24:00+05:30,1970.0,1970.0,1970.0,1970.0,0,2450
308,2022-06-27 11:25:00+05:30,1970.0,1970.0,1970.0,1970.0,0,2450
309,2022-06-27 11:26:00+05:30,1970.0,1970.0,1970.0,1970.0,0,2450
310,2022-06-27 11:27:00+05:30,1970.0,1970.0,1970.0,1970.0,0,2450
311,2022-06-27 11:28:00+05:30,1970.0,1970.0,1970.0,1970.0,0,2450
312,2022-06-27 11:29:00+05:30,1970.0,1970.0,1970.0,1970.0,0,2450
313,2022-06-27 11:30:00+05:30,1970.0,1970.0,1970.0,1970.0,0,2450
314,2022-06-27 11:31:00+05:30,1970.0,1970.0,1970.0,1970.0,0,2450
315,2022-06-27 11:32:00+05:30,1970.0,1970.0,1970.0,1970.0,0,2450
316,2022-06-27 11:33:00+05:30,1970.0,1970.0,1970.0,1970.0,0,2450
317,2022-06-27 11:34:00+05:30,1970.0,1970.0,1970.0,1970.0,0,2450
318,2022-06-27 11:35:00+05:30,1970.0,1970.0,1970.0,1970.0,0,2450
319,2022-06-27 11:36:00+05:30,1970.0,1970.0,1970.0,1970.0,0,2450
320,2022-06-27 11:37:00+05:30,2017.25,2017.25,2017.25,2017.25,100,2450
321,2022-06-27 11:38:00+05:30,2017.25,2017.25,2017.25,2017.25,0,2450
322,2022-06-27 11:39:00+05:30,2017.25,2017.25,2017.25,2017.25,0,2450
323,2022-06-27 11:40:00+05:30,2017.25,2017.25,2017.25,2017.25,0,2450
324,2022-06-27 11:41:00+05:30,2017.25,2017.25,2017.25,2017.25,0,2450
325,2022-06-27 11:43:00+05:30,2017.25,2017.25,2017.25,2017.25,0,2450
326,2022-06-27 11:44:00+05:30,2017.25,2017.25,2017.25,2017.25,0,2450
327,2022-06-27 11:45:00+05:30,2017.25,2017.25,2017.25,2017.25,0,2450
328,2022-06-27 11:46:00+05:30,2017.25,2017.25,2017.25,2017.25,0,2450
329,2022-06-27 11:47:00+05:30,2017.25,2017.25,2017.25,2017.25,0,2450
330,2022-06-27 11:48:00+05:30,2017.25,2017.25,2017.25,2017.25,0,2450
331,2022-06-27 11:49:00+05:30,2017.25,2017.25,2017.25,2017.25,0,2450
332,2022-06-27 11:50:00+05:30,2017.25,2017.25,2017.25,2017.25,0,2450
333,2022-06-27 11:51:00+05:30,2017.25,2017.25,2017.25,2017.25,0,2450
334,2022-06-27 11:53:00+05:30,2017.25,2017.25,2017.25,2017.25,0,2450
335,2022-06-27 11:54:00+05:30,2017.25,2017.25,2017.25,2017.25,0,2450
336,2022-06-27 11:55:00+05:30,2017.25,2017.25,2017.25,2017.25,0,2450
337,2022-06-27 11:56:00+05:30,2017.25,2017.25,2017.25,2017.25,0,2450
338,2022-06-27 11:57:00+05:30,2017.25,2017.25,2017.25,2017.25,0,2450
339,2022-06-27 11:59:00+05:30,2017.25,2017.25,2017.25,2017.25,0,2450
340,2022-06-27 12:02:00+05:30,2017.25,2017.25,2017.25,2017.25,0,2450
341,2022-06-27 12:03:00+05:30,2017.25,2017.25,2017.25,2017.25,0,2450
342,2022-06-27 12:04:00+05:30,2017.25,2017.25,2017.25,2017.25,0,2450
343,2022-06-27 12:05:00+05:30,2017.25,2017.25,2017.25,2017.25,0,2450
344,2022-06-27 12:07:00+05:30,2017.25,2017.25,2017.25,2017.25,0,2450
345,2022-06-27 12:08:00+05:30,2017.25,2017.25,2017.25,2017.25,0,2450
346,2022-06-27 12:11:00+05:30,2017.25,2017.25,2017.25,2017.25,0,2450
347,2022-06-27 12:13:00+05:30,2017.25,2017.25,2017.25,2017.25,0,2450
348,2022-06-27 12:14:00+05:30,2017.25,2017.25,2017.25,2017.25,0,2450
349,2022-06-27 12:15:00+05:30,2017.25,2017.25,2017.25,2017.25,0,2450
350,2022-06-27 12:16:00+05:30,2017.25,2017.25,2017.25,2017.25,0,2450
351,2022-06-27 12:18:00+05:30,2017.25,2017.25,2017.25,2017.25,0,2450
352,2022-06-27 12:19:00+05:30,2017.25,2017.25,2017.25,2017.25,0,2450
353,2022-06-27 12:20:00+05:30,2017.25,2017.25,2017.25,2017.25,0,2450
354,2022-06-27 12:22:00+05:30,2017.25,2017.25,2017.25,2017.25,0,2450
355,2022-06-27 12:23:00+05:30,2017.25,2017.25,2017.25,2017.25,0,2450
356,2022-06-27 12:24:00+05:30,2017.25,2017.25,2017.25,2017.25,0,2450
357,2022-06-27 12:25:00+05:30,2017.25,2017.25,2017.25,2017.25,0,2450
358,2022-06-27 12:26:00+05:30,2017.25,2017.25,2017.25,2017.25,0,2450
359,2022-06-27 12:27:00+05:30,2017.25,2017.25,2017.25,2017.25,0,2450
360,2022-06-27 12:28:00+05:30,2017.25,2017.25,2017.25,2017.25,0,2450
361,2022-06-27 12:30:00+05:30,2017.25,2017.25,2017.25,2017.25,0,2450
362,2022-06-27 12:31:00+05:30,2017.25,2017.25,2017.25,2017.25,0,2450
363,2022-06-27 12:32:00+05:30,2017.25,2017.25,2017.25,2017.25,0,2450
364,2022-06-27 12:33:00+05:30,2017.25,2017.25,2017.25,2017.25,0,2450
365,2022-06-27 12:34:00+05:30,2017.25,2017.25,2017.25,2017.25,0,2450
366,2022-06-27 12:35:00+05:30,2017.25,2017.25,2017.25,2017.25,0,2450
367,2022-06-27 12:37:00+05:30,2017.25,2017.25,2017.25,2017.25,0,2450
368,2022-06-27 12:38:00+05:30,2017.25,2017.25,2017.25,2017.25,0,2450
369,2022-06-27 12:39:00+05:30,2017.25,2017.25,2017.25,2017.25,0,2450
370,2022-06-27 12:40:00+05:30,2017.25,2017.25,2017.25,2017.25,0,2450
371,2022-06-27 12:41:00+05:30,2017.25,2017.25,2017.25,2017.25,0,2450
372,2022-06-27 12:43:00+05:30,2017.25,2017.25,2017.25,2017.25,0,2450
373,2022-06-27 12:45:00+05:30,2017.25,2017.25,2017.25,2017.25,0,2450
374,2022-06-27 12:46:00+05:30,2017.25,2017.25,2017.25,2017.25,0,2450
375,2022-06-27 12:47:00+05:30,2017.25,2017.25,2017.25,2017.25,0,2450
376,2022-06-27 12:48:00+05:30,2017.25,2017.25,2017.25,2017.25,0,2450
377,2022-06-27 12:49:00+05:30,2017.25,2017.25,2017.25,2017.25,0,2450
378,2022-06-27 12:50:00+05:30,2017.25,2017.25,2017.25,2017.25,0,2450
379,2022-06-27 12:51:00+05:30,2017.25,2017.25,2017.25,2017.25,0,2450
380,2022-06-27 12:52:00+05:30,2017.25,2017.25,2017.25,2017.25,0,2450
381,2022-06-27 12:53:00+05:30,2017.25,2017.25,2017.25,2017.25,0,2450
382,2022-06-27 12:54:00+05:30,2017.25,2017.25,2017.25,2017.25,0,2450
383,2022-06-27 12:55:00+05:30,2017.25,2017.25,2017.25,2017.25,0,2450
384,2022-06-27 12:56:00+05:30,2017.25,2017.25,2017.25,2017.25,0,2450
385,2022-06-27 12:58:00+05:30,2017.25,2017.25,2017.25,2017.25,0,2450
386,2022-06-27 12:59:00+05:30,2017.25,2017.25,2017.25,2017.25,0,2450
387,2022-06-27 13:00:00+05:30,2017.25,2017.25,2017.25,2017.25,0,2450
388,2022-06-27 13:01:00+05:30,2017.25,2017.25,2017.25,2017.25,0,2450
389,2022-06-27 13:02:00+05:30,2017.25,2017.25,2017.25,2017.25,0,2450
390,2022-06-27 13:03:00+05:30,2017.25,2017.25,2017.25,2017.25,0,2450
391,2022-06-27 13:06:00+05:30,2017.25,2017.25,2017.25,2017.25,0,2450
392,2022-06-27 13:07:00+05:30,2017.25,2017.25,2017.25,2017.25,0,2450
393,2022-06-27 13:08:00+05:30,2017.25,2017.25,2017.25,2017.25,0,2450
394,2022-06-27 13:09:00+05:30,2017.25,2017.25,2017.25,2017.25,0,2450
395,2022-06-27 13:10:00+05:30,2017.25,2017.25,2017.25,2017.25,0,2450
396,2022-06-27 13:11:00+05:30,2017.25,2017.25,2017.25,2017.25,0,2450
397,2022-06-27 13:12:00+05:30,2017.25,2017.25,2017.25,2017.25,0,2450
398,2022-06-27 13:13:00+05:30,2017.25,2017.25,2017.25,2017.25,0,2450
399,2022-06-27 13:14:00+05:30,2017.25,2017.25,2017.25,2017.25,0,2450
400,2022-06-27 13:15:00+05:30,2017.25,2017.25,2017.25,2017.25,0,2450
401,2022-06-27 13:16:00+05:30,2017.25,2017.25,2017.25,2017.25,0,2450
402,2022-06-27 13:18:00+05:30,2017.25,2017.25,2017.25,2017.25,0,2450
403,2022-06-27 13:19:00+05:30,2017.25,2017.25,2017.25,2017.25,0,2450
404,2022-06-27 13:20:00+05:30,2017.25,2017.25,2017.25,2017.25,0,2450
405,2022-06-27 13:21:00+05:30,2017.25,2017.25,2017.25,2017.25,0,2450
406,2022-06-27 13:22:00+05:30,2017.25,2017.25,2017.25,2017.25,0,2450
407,2022-06-27 13:26:00+05:30,2017.25,2017.25,2017.25,2017.25,0,2450
408,2022-06-27 13:28:00+05:30,2017.25,2017.25,2017.25,2017.25,0,2450
409,2022-06-27 13:29:00+05:30,2017.25,2017.25,2017.25,2017.25,0,2450
410,2022-06-27 13:30:00+05:30,2017.25,2017.25,2017.25,2017.25,0,2450
411,2022-06-27 13:31:00+05:30,2017.25,2017.25,2017.25,2017.25,0,2450
412,2022-06-27 13:32:00+05:30,2017.25,2017.25,2017.25,2017.25,0,2450
413,2022-06-27 13:33:00+05:30,2017.25,2017.25,2017.25,2017.25,0,2450
414,2022-06-27 13:34:00+05:30,2017.25,2017.25,1990.0,1990.0,100,2450
415,2022-06-27 13:35:00+05:30,1990.0,1990.0,1990.0,1990.0,0,2450
416,2022-06-27 13:36:00+05:30,1990.0,1990.0,1990.0,1990.0,0,2450
417,2022-06-27 13:39:00+05:30,1990.0,1990.0,1990.0,1990.0,100,2450
418,2022-06-27 13:40:00+05:30,1990.0,1990.0,1990.0,1990.0,0,2450
419,2022-06-27 13:41:00+05:30,1990.0,1990.0,1990.0,1990.0,0,2450
420,2022-06-27 13:44:00+05:30,1990.0,1990.0,1990.0,1990.0,0,2450
421,2022-06-27 13:45:00+05:30,1990.0,1990.0,1990.0,1990.0,0,2450
422,2022-06-27 13:46:00+05:30,1990.0,1990.0,1990.0,1990.0,0,2450
423,2022-06-27 13:47:00+05:30,1990.0,1990.0,1990.0,1990.0,0,2450
424,2022-06-27 13:48:00+05:30,1990.0,1990.0,1990.0,1990.0,0,2450
425,2022-06-27 13:50:00+05:30,1990.0,1990.0,1990.0,1990.0,0,2450
426,2022-06-27 13:52:00+05:30,1990.0,1990.0,1990.0,1990.0,0,2450
427,2022-06-27 13:53:00+05:30,1990.0,1990.0,1990.0,1990.0,0,2450
428,2022-06-27 13:54:00+05:30,1990.0,1990.0,1990.0,1990.0,0,2450
429,2022-06-27 13:55:00+05:30,1990.0,1990.0,1990.0,1990.0,0,2450
430,2022-06-27 13:56:00+05:30,1990.0,1990.0,1990.0,1990.0,0,2450
431,2022-06-27 13:57:00+05:30,1990.0,1990.0,1990.0,1990.0,0,2450
432,2022-06-27 13:58:00+05:30,1990.0,1990.0,1990.0,1990.0,0,2450
433,2022-06-27 14:02:00+05:30,1990.0,1990.0,1990.0,1990.0,0,2450
434,2022-06-27 14:03:00+05:30,1990.0,1990.0,1990.0,1990.0,0,2450
435,2022-06-27 14:04:00+05:30,1990.0,1990.0,1990.0,1990.0,0,2450
436,2022-06-27 14:05:00+05:30,1990.0,1990.0,1990.0,1990.0,0,2450
437,2022-06-27 14:06:00+05:30,1990.0,1990.0,1990.0,1990.0,0,2450
438,2022-06-27 14:07:00+05:30,1990.0,1991.7,1990.0,1991.7,50,2450
439,2022-06-27 14:08:00+05:30,1991.7,1991.7,1991.7,1991.7,0,2450
440,2022-06-27 14:09:00+05:30,1991.7,2000.0,1991.7,2000.0,50,2450
441,2022-06-27 14:10:00+05:30,2000.0,2000.0,2000.0,2000.0,0,2450
442,2022-06-27 14:11:00+05:30,2000.0,2000.0,2000.0,2000.0,0,2450
443,2022-06-27 14:12:00+05:30,2000.0,2000.0,2000.0,2000.0,0,2450
444,2022-06-27 14:13:00+05:30,2000.0,2000.0,2000.0,2000.0,0,2450
445,2022-06-27 14:14:00+05:30,2000.0,2000.0,2000.0,2000.0,0,2450
446,2022-06-27 14:15:00+05:30,2000.0,2000.0,2000.0,2000.0,0,2450
447,2022-06-27 14:16:00+05:30,2000.0,2000.0,2000.0,2000.0,150,2450
448,2022-06-27 14:17:00+05:30,2000.0,2000.0,2000.0,2000.0,0,2450
449,2022-06-27 14:18:00+05:30,2000.0,2000.0,2000.0,2000.0,0,2450
450,2022-06-27 14:19:00+05:30,2000.0,2000.0,2000.0,2000.0,0,2450
451,2022-06-27 14:20:00+05:30,2000.0,2000.0,2000.0,2000.0,0,2450
452,2022-06-27 14:21:00+05:30,2000.0,2000.0,2000.0,2000.0,0,2450
453,2022-06-27 14:22:00+05:30,2000.0,2000.0,2000.0,2000.0,0,2450
454,2022-06-27 14:23:00+05:30,2000.0,2000.0,2000.0,2000.0,0,2450
455,2022-06-27 14:24:00+05:30,2000.0,2000.0,2000.0,2000.0,0,2450
456,2022-06-27 14:25:00+05:30,2000.0,2000.0,2000.0,2000.0,0,2450
457,2022-06-27 14:26:00+05:30,2000.0,2000.0,2000.0,2000.0,0,2450
458,2022-06-27 14:27:00+05:30,2000.0,2000.0,2000.0,2000.0,0,2450
459,2022-06-27 14:28:00+05:30,2000.0,2000.0,2000.0,2000.0,0,2450
460,2022-06-27 14:29:00+05:30,2000.0,2000.0,2000.0,2000.0,0,2450
461,2022-06-27 14:30:00+05:30,2000.0,2000.0,2000.0,2000.0,0,2450
462,2022-06-27 14:31:00+05:30,2000.0,2000.0,2000.0,2000.0,0,2450
463,2022-06-27 14:32:00+05:30,2000.0,2000.0,2000.0,2000.0,0,2450
464,2022-06-27 14:33:00+05:30,2000.0,2000.0,2000.0,2000.0,0,2450
465,2022-06-27 14:34:00+05:30,2000.0,2000.0,2000.0,2000.0,0,2450
466,2022-06-27 14:35:00+05:30,2000.0,2000.0,2000.0,2000.0,0,2450
467,2022-06-27 14:36:00+05:30,2000.0,2020.0,2000.0,2020.0,200,2600
468,2022-06-27 14:37:00+05:30,2020.0,2020.0,2020.0,2020.0,0,2600
469,2022-06-27 14:38:00+05:30,2020.0,2020.0,2020.0,2020.0,0,2600
470,2022-06-27 14:39:00+05:30,2020.0,2020.0,2020.0,2020.0,0,2600
471,2022-06-27 14:40:00+05:30,2020.0,2020.0,2020.0,2020.0,0,2600
472,2022-06-27 14:41:00+05:30,2020.0,2020.0,2020.0,2020.0,0,2600
473,2022-06-27 14:42:00+05:30,2020.0,2020.0,2020.0,2020.0,0,2600
474,2022-06-27 14:43:00+05:30,2020.0,2020.0,2020.0,2020.0,0,2600
475,2022-06-27 14:44:00+05:30,2020.0,2020.0,2020.0,2020.0,0,2600
476,2022-06-27 14:45:00+05:30,2020.0,2020.0,2020.0,2020.0,0,2600
477,2022-06-27 14:46:00+05:30,2020.0,2020.0,2020.0,2020.0,0,2600
478,2022-06-27 14:47:00+05:30,2020.0,2020.0,2020.0,2020.0,0,2600
479,2022-06-27 14:48:00+05:30,2020.0,2020.0,2020.0,2020.0,0,2600
480,2022-06-27 14:49:00+05:30,2020.0,2020.0,2020.0,2020.0,0,2600
481,2022-06-27 14:50:00+05:30,2020.0,2020.0,2020.0,2020.0,0,2600
482,2022-06-27 14:51:00+05:30,2020.0,2020.0,2020.0,2020.0,0,2600
483,2022-06-27 14:52:00+05:30,2020.0,2020.0,2020.0,2020.0,0,2600
484,2022-06-27 14:53:00+05:30,2020.0,2020.0,2020.0,2020.0,0,2600
485,2022-06-27 14:54:00+05:30,2020.0,2020.0,2020.0,2020.0,0,2600
486,2022-06-27 14:55:00+05:30,2020.0,2020.0,2020.0,2020.0,0,2600
487,2022-06-27 14:56:00+05:30,2020.0,2020.0,2020.0,2020.0,0,2600
488,2022-06-27 14:57:00+05:30,2020.0,2020.0,2020.0,2020.0,0,2600
489,2022-06-27 14:58:00+05:30,2020.0,2020.0,2020.0,2020.0,0,2600
490,2022-06-27 14:59:00+05:30,2020.0,2020.0,2020.0,2020.0,0,2600
491,2022-06-27 15:00:00+05:30,2020.0,2020.0,2020.0,2020.0,0,2600
492,2022-06-27 15:01:00+05:30,2020.0,2040.0,2020.0,2040.0,200,2800
493,2022-06-27 15:02:00+05:30,2040.0,2040.0,2040.0,2040.0,0,2800
494,2022-06-27 15:03:00+05:30,2040.0,2040.0,2040.0,2040.0,0,2800
495,2022-06-27 15:04:00+05:30,2040.0,2040.0,2040.0,2040.0,0,2800
496,2022-06-27 15:05:00+05:30,2040.0,2040.0,2040.0,2040.0,0,2800
497,2022-06-27 15:06:00+05:30,2040.0,2040.0,2040.0,2040.0,0,2800
498,2022-06-27 15:07:00+05:30,2040.0,2040.0,2040.0,2040.0,0,2800
499,2022-06-27 15:08:00+05:30,2040.0,2040.0,2040.0,2040.0,0,2800
500,2022-06-27 15:09:00+05:30,2040.0,2040.0,2040.0,2040.0,0,2800
501,2022-06-27 15:10:00+05:30,2040.0,2040.0,2040.0,2040.0,0,2800
502,2022-06-27 15:11:00+05:30,2040.0,2040.0,2040.0,2040.0,0,2800
503,2022-06-27 15:12:00+05:30,2040.0,2040.0,2040.0,2040.0,0,2800
504,2022-06-27 15:13:00+05:30,2040.0,2040.0,2040.0,2040.0,0,2800
505,2022-06-27 15:14:00+05:30,2040.0,2040.0,2040.0,2040.0,0,2800
506,2022-06-27 15:15:00+05:30,2040.0,2040.0,2040.0,2040.0,0,2800
507,2022-06-27 15:16:00+05:30,2040.0,2040.0,2040.0,2040.0,0,2800
508,2022-06-27 15:17:00+05:30,2040.0,2040.0,2040.0,2040.0,0,2800
509,2022-06-27 15:18:00+05:30,2040.0,2040.0,2040.0,2040.0,0,2800
510,2022-06-27 15:19:00+05:30,2040.0,2040.0,2040.0,2040.0,0,2800
511,2022-06-27 15:20:00+05:30,2040.0,2040.0,2040.0,2040.0,0,2800
512,2022-06-27 15:21:00+05:30,2040.0,2040.0,2040.0,2040.0,0,2800
513,2022-06-27 15:22:00+05:30,2040.0,2040.0,2040.0,2040.0,0,2800
514,2022-06-27 15:23:00+05:30,2040.0,2040.0,2040.0,2040.0,0,2800
515,2022-06-27 15:24:00+05:30,2040.0,2040.0,2040.0,2040.0,0,2800
516,2022-06-27 15:25:00+05:30,2040.0,2040.0,2040.0,2040.0,0,2800
517,2022-06-27 15:26:00+05:30,2040.0,2040.0,2040.0,2040.0,0,2800
518,2022-06-27 15:27:00+05:30,2040.0,2040.0,2040.0,2040.0,0,2800
519,2022-06-27 15:28:00+05:30,2040.0,2040.0,2040.0,2040.0,0,2800
520,2022-06-27 15:29:00+05:30,2040.0,2040.0,2040.0,2040.0,0,2800
521,2022-06-28 12:22:00+05:30,2100.0,2100.0,2100.0,2100.0,0,3000
522,2022-06-28 12:23:00+05:30,2100.0,2100.0,2100.0,2100.0,0,3000
523,2022-06-28 12:24:00+05:30,2100.0,2100.0,2100.0,2100.0,0,3000
524,2022-06-28 12:25:00+05:30,2100.0,2100.0,2100.0,2100.0,0,3000
525,2022-06-28 12:26:00+05:30,2100.0,2100.0,2100.0,2100.0,0,3000
526,2022-06-28 12:27:00+05:30,2100.0,2100.0,2100.0,2100.0,0,3000
527,2022-06-28 12:28:00+05:30,2100.0,2100.0,2100.0,2100.0,0,3000
528,2022-06-28 12:29:00+05:30,2100.0,2100.0,2100.0,2100.0,0,3000
529,2022-06-28 12:30:00+05:30,2100.0,2100.0,2100.0,2100.0,0,3000
530,2022-06-28 12:31:00+05:30,2100.0,2100.0,2100.0,2100.0,0,3000
531,2022-06-28 12:32:00+05:30,2100.0,2100.0,2100.0,2100.0,0,3000
532,2022-06-28 12:33:00+05:30,2100.0,2100.0,2100.0,2100.0,0,3000
533,2022-06-28 12:34:00+05:30,2100.0,2100.0,2100.0,2100.0,0,3000
534,2022-06-28 12:35:00+05:30,2100.0,2100.0,2100.0,2100.0,0,3000
535,2022-06-28 12:36:00+05:30,2100.0,2100.0,2100.0,2100.0,0,3000
536,2022-06-28 12:38:00+05:30,2100.0,2100.0,2100.0,2100.0,0,3000
537,2022-06-28 12:39:00+05:30,2100.0,2100.0,2100.0,2100.0,0,3000
538,2022-06-28 12:40:00+05:30,2100.0,2100.0,2100.0,2100.0,0,3000
539,2022-06-28 12:41:00+05:30,2100.0,2100.0,2100.0,2100.0,0,3000
540,2022-06-28 12:42:00+05:30,2100.0,2100.0,2100.0,2100.0,0,3000
541,2022-06-28 12:43:00+05:30,2100.0,2100.0,2100.0,2100.0,0,3000
542,2022-06-28 12:44:00+05:30,2100.0,2100.0,2100.0,2100.0,0,3000
543,2022-06-28 12:45:00+05:30,2100.0,2100.0,2100.0,2100.0,0,3000
544,2022-06-28 12:46:00+05:30,2100.0,2100.0,2100.0,2100.0,0,3000
545,2022-06-28 12:47:00+05:30,2100.0,2100.0,2100.0,2100.0,0,3000
546,2022-06-28 12:48:00+05:30,2100.0,2100.0,2100.0,2100.0,0,3000
547,2022-06-28 12:49:00+05:30,2100.0,2100.0,2100.0,2100.0,0,3000
548,2022-06-28 12:50:00+05:30,2100.0,2100.0,2100.0,2100.0,0,3000
549,2022-06-28 12:51:00+05:30,2100.0,2100.0,2100.0,2100.0,0,3000
550,2022-06-28 12:52:00+05:30,2100.0,2100.0,2100.0,2100.0,0,3000
551,2022-06-28 12:53:00+05:30,2100.0,2100.0,2100.0,2100.0,0,3000
552,2022-06-28 12:54:00+05:30,2100.0,2100.0,2100.0,2100.0,0,3000
553,2022-06-28 12:55:00+05:30,2100.0,2100.0,2100.0,2100.0,0,3000
554,2022-06-28 12:56:00+05:30,2100.0,2100.0,2100.0,2100.0,0,3000
555,2022-06-28 12:57:00+05:30,2100.0,2100.0,2100.0,2100.0,0,3000
556,2022-06-28 12:58:00+05:30,2100.0,2100.0,2068.0,2068.0,50,3050
557,2022-06-28 12:59:00+05:30,2068.0,2068.0,2068.0,2068.0,0,3050
558,2022-06-28 13:00:00+05:30,2068.0,2068.0,2068.0,2068.0,0,3050
559,2022-06-28 13:01:00+05:30,2068.0,2068.0,2068.0,2068.0,0,3050
560,2022-06-28 13:02:00+05:30,2068.0,2068.0,2068.0,2068.0,0,3050
561,2022-06-28 13:03:00+05:30,2068.0,2068.0,2068.0,2068.0,0,3050
562,2022-06-28 13:04:00+05:30,2068.0,2068.0,2068.0,2068.0,0,3050
563,2022-06-28 13:05:00+05:30,2068.0,2068.0,2068.0,2068.0,0,3050
564,2022-06-28 13:06:00+05:30,2068.0,2068.0,2068.0,2068.0,0,3050
565,2022-06-28 13:07:00+05:30,2068.0,2068.0,2068.0,2068.0,0,3050
566,2022-06-28 13:08:00+05:30,2068.0,2068.0,2068.0,2068.0,0,3050
567,2022-06-28 13:09:00+05:30,2068.0,2068.0,2068.0,2068.0,0,3050
568,2022-06-28 13:10:00+05:30,2068.0,2068.0,2068.0,2068.0,0,3050
569,2022-06-28 13:11:00+05:30,2068.0,2068.0,2068.0,2068.0,0,3050
570,2022-06-28 13:12:00+05:30,2068.0,2068.0,2068.0,2068.0,0,3050
571,2022-06-28 13:13:00+05:30,2068.0,2068.0,2068.0,2068.0,0,3050
572,2022-06-28 13:14:00+05:30,2068.0,2068.0,2068.0,2068.0,0,3050
573,2022-06-28 13:15:00+05:30,2068.0,2068.0,2068.0,2068.0,0,3050
574,2022-06-28 13:16:00+05:30,2068.0,2068.0,2068.0,2068.0,0,3050
575,2022-06-28 13:17:00+05:30,2068.0,2068.0,2068.0,2068.0,0,3050
576,2022-06-28 13:18:00+05:30,2068.0,2068.0,2068.0,2068.0,0,3050
577,2022-06-28 13:19:00+05:30,2068.0,2068.0,2068.0,2068.0,0,3050
578,2022-06-28 13:20:00+05:30,2068.0,2068.0,2068.0,2068.0,0,3050
579,2022-06-28 13:21:00+05:30,2068.0,2068.0,2068.0,2068.0,0,3050
580,2022-06-28 13:22:00+05:30,2068.0,2068.0,2068.0,2068.0,0,3050
581,2022-06-28 13:23:00+05:30,2068.0,2068.0,2068.0,2068.0,0,3050
582,2022-06-28 13:24:00+05:30,2068.0,2068.0,2068.0,2068.0,0,3050
583,2022-06-28 13:25:00+05:30,2068.0,2068.0,2068.0,2068.0,0,3050
584,2022-06-28 13:26:00+05:30,2068.0,2068.0,2068.0,2068.0,0,3050
585,2022-06-28 13:27:00+05:30,2068.0,2068.0,2068.0,2068.0,0,3050
586,2022-06-28 13:28:00+05:30,2068.0,2068.0,2068.0,2068.0,0,3050
587,2022-06-28 13:29:00+05:30,2068.0,2068.0,2068.0,2068.0,0,3050
588,2022-06-28 13:30:00+05:30,2068.0,2068.0,2068.0,2068.0,0,3050
589,2022-06-28 13:31:00+05:30,2068.0,2068.0,2068.0,2068.0,0,3050
590,2022-06-28 13:32:00+05:30,2068.0,2068.0,2068.0,2068.0,0,3050
591,2022-06-28 13:33:00+05:30,2068.0,2068.0,2068.0,2068.0,0,3050
592,2022-06-28 13:34:00+05:30,2068.0,2068.0,2068.0,2068.0,0,3050
593,2022-06-28 13:35:00+05:30,2068.0,2068.0,2068.0,2068.0,0,3050
594,2022-06-28 13:36:00+05:30,2068.0,2068.0,2068.0,2068.0,0,3050
595,2022-06-28 13:37:00+05:30,2068.0,2068.0,2068.0,2068.0,0,3050
596,2022-06-28 13:38:00+05:30,2068.0,2068.0,2068.0,2068.0,0,3050
597,2022-06-28 13:39:00+05:30,2068.0,2068.0,2068.0,2068.0,0,3050
598,2022-06-28 13:40:00+05:30,2068.0,2068.0,2068.0,2068.0,0,3050
599,2022-06-28 13:41:00+05:30,2068.0,2068.0,2068.0,2068.0,0,3050
600,2022-06-28 13:42:00+05:30,2068.0,2068.0,2068.0,2068.0,0,3050
601,2022-06-28 13:43:00+05:30,2068.0,2068.0,2068.0,2068.0,0,3050
602,2022-06-28 13:44:00+05:30,2068.0,2068.0,2068.0,2068.0,0,3050
603,2022-06-28 13:45:00+05:30,2068.0,2068.0,2068.0,2068.0,0,3050
604,2022-06-28 13:46:00+05:30,2068.0,2068.0,2068.0,2068.0,0,3050
605,2022-06-28 13:47:00+05:30,2068.0,2068.0,2068.0,2068.0,0,3050
606,2022-06-28 13:48:00+05:30,2068.0,2068.0,2068.0,2068.0,0,3050
607,2022-06-28 13:49:00+05:30,2068.0,2068.0,2068.0,2068.0,0,3050
608,2022-06-28 13:50:00+05:30,2068.0,2068.0,2068.0,2068.0,0,3050
609,2022-06-28 13:51:00+05:30,2068.0,2068.0,2068.0,2068.0,0,3050
610,2022-06-28 13:52:00+05:30,2068.0,2068.0,2060.0,2060.0,50,3050
611,2022-06-28 13:53:00+05:30,2060.0,2060.0,2060.0,2060.0,0,3050
612,2022-06-28 13:54:00+05:30,2060.0,2060.0,2060.0,2060.0,0,3050
613,2022-06-28 13:55:00+05:30,2060.0,2060.0,2060.0,2060.0,0,3050
614,2022-06-28 13:56:00+05:30,2060.0,2060.0,2060.0,2060.0,0,3050
615,2022-06-28 13:57:00+05:30,2060.0,2060.0,2060.0,2060.0,0,3050
616,2022-06-28 13:58:00+05:30,2060.0,2060.0,2060.0,2060.0,0,3050
617,2022-06-28 13:59:00+05:30,2060.0,2060.0,2060.0,2060.0,0,3050
618,2022-06-28 14:00:00+05:30,2060.0,2060.0,2060.0,2060.0,0,3050
619,2022-06-28 14:01:00+05:30,2060.0,2060.0,2060.0,2060.0,0,3050
620,2022-06-28 14:02:00+05:30,2060.0,2060.0,2060.0,2060.0,0,3050
621,2022-06-28 14:03:00+05:30,2060.0,2060.0,2060.0,2060.0,0,3050
622,2022-06-28 14:04:00+05:30,2060.0,2060.0,2060.0,2060.0,0,3050
623,2022-06-28 14:05:00+05:30,2060.0,2060.0,2060.0,2060.0,0,3050
624,2022-06-28 14:06:00+05:30,2060.0,2060.0,2060.0,2060.0,0,3050
625,2022-06-28 14:07:00+05:30,2060.0,2060.0,2060.0,2060.0,0,3050
626,2022-06-28 14:08:00+05:30,2060.0,2060.0,2060.0,2060.0,0,3050
627,2022-06-28 14:09:00+05:30,2060.0,2060.0,2060.0,2060.0,0,3050
628,2022-06-28 14:10:00+05:30,2060.0,2060.0,2060.0,2060.0,0,3050
629,2022-06-28 14:11:00+05:30,2060.0,2060.0,2060.0,2060.0,0,3050
630,2022-06-28 14:12:00+05:30,2060.0,2060.0,2060.0,2060.0,0,3050
631,2022-06-28 14:13:00+05:30,2060.0,2060.0,2060.0,2060.0,0,3050
632,2022-06-28 14:14:00+05:30,2060.0,2060.0,2060.0,2060.0,0,3050
633,2022-06-28 14:15:00+05:30,2060.0,2060.0,2060.0,2060.0,0,3050
634,2022-06-28 14:16:00+05:30,2060.0,2060.0,2060.0,2060.0,0,3050
635,2022-06-28 14:17:00+05:30,2060.0,2060.0,2060.0,2060.0,0,3050
636,2022-06-28 14:18:00+05:30,2060.0,2060.0,2060.0,2060.0,0,3050
637,2022-06-28 14:19:00+05:30,2060.0,2060.0,2060.0,2060.0,0,3050
638,2022-06-28 14:20:00+05:30,2060.0,2060.0,2060.0,2060.0,0,3050
639,2022-06-28 14:21:00+05:30,2060.0,2060.0,2060.0,2060.0,0,3050
640,2022-06-28 14:22:00+05:30,2060.0,2060.0,2060.0,2060.0,0,3050
641,2022-06-28 14:23:00+05:30,2060.0,2060.0,2060.0,2060.0,0,3050
642,2022-06-28 14:24:00+05:30,2060.0,2060.0,2060.0,2060.0,0,3050
643,2022-06-28 14:25:00+05:30,2060.0,2060.0,2060.0,2060.0,0,3050
644,2022-06-28 14:26:00+05:30,2060.0,2060.0,2060.0,2060.0,0,3050
645,2022-06-28 14:27:00+05:30,2060.0,2060.0,2060.0,2060.0,0,3050
646,2022-06-28 14:28:00+05:30,2060.0,2060.0,2060.0,2060.0,0,3050
647,2022-06-28 14:29:00+05:30,2060.0,2060.0,2060.0,2060.0,0,3050
648,2022-06-28 14:30:00+05:30,2060.0,2060.0,2060.0,2060.0,0,3050
649,2022-06-28 14:31:00+05:30,2060.0,2060.0,2060.0,2060.0,0,3050
650,2022-06-28 14:32:00+05:30,2060.0,2060.0,2060.0,2060.0,0,3050
651,2022-06-28 14:33:00+05:30,2060.0,2060.0,2060.0,2060.0,0,3050
652,2022-06-28 14:34:00+05:30,2060.0,2060.0,2060.0,2060.0,0,3050
653,2022-06-28 14:35:00+05:30,2060.0,2060.0,2060.0,2060.0,0,3050
654,2022-06-28 14:36:00+05:30,2060.0,2060.0,2060.0,2060.0,0,3050
655,2022-06-28 14:37:00+05:30,2060.0,2060.0,2060.0,2060.0,0,3050
656,2022-06-28 14:38:00+05:30,2060.0,2060.0,2060.0,2060.0,0,3050
657,2022-06-28 14:39:00+05:30,2060.0,2060.0,2060.0,2060.0,0,3050
658,2022-06-28 14:40:00+05:30,2060.0,2060.0,2060.0,2060.0,0,3050
659,2022-06-28 14:41:00+05:30,2060.0,2060.0,2060.0,2060.0,0,3050
660,2022-06-28 14:42:00+05:30,2060.0,2060.0,2060.0,2060.0,0,3050
661,2022-06-28 14:43:00+05:30,2060.0,2060.0,2060.0,2060.0,0,3050
662,2022-06-28 14:44:00+05:30,2060.0,2060.0,2060.0,2060.0,0,3050
663,2022-06-28 14:45:00+05:30,2060.0,2060.0,2060.0,2060.0,0,3050
664,2022-06-28 14:46:00+05:30,2060.0,2060.0,2060.0,2060.0,0,3050
665,2022-06-28 14:47:00+05:30,2060.0,2060.0,2060.0,2060.0,0,3050
666,2022-06-28 14:48:00+05:30,2060.0,2060.0,2060.0,2060.0,0,3050
667,2022-06-28 14:49:00+05:30,2060.0,2060.0,2060.0,2060.0,0,3050
668,2022-06-28 14:50:00+05:30,2060.0,2060.0,2060.0,2060.0,0,3050
669,2022-06-28 14:51:00+05:30,2060.0,2060.0,2060.0,2060.0,0,3050
670,2022-06-28 14:52:00+05:30,2060.0,2060.0,2060.0,2060.0,0,3050
671,2022-06-28 14:53:00+05:30,2060.0,2060.0,2060.0,2060.0,0,3050
672,2022-06-28 14:54:00+05:30,2060.0,2060.0,2060.0,2060.0,0,3050
673,2022-06-28 14:55:00+05:30,2060.0,2060.0,2060.0,2060.0,0,3050
674,2022-06-28 14:56:00+05:30,2060.0,2060.0,2060.0,2060.0,0,3050
675,2022-06-28 14:57:00+05:30,2060.0,2060.0,2046.45,2046.45,100,3100
676,2022-06-28 14:58:00+05:30,2046.45,2046.45,2046.45,2046.45,0,3100
677,2022-06-28 14:59:00+05:30,2046.45,2046.45,2046.45,2046.45,0,3100
678,2022-06-28 15:00:00+05:30,2046.45,2046.45,2046.45,2046.45,0,3100
679,2022-06-28 15:01:00+05:30,2046.45,2046.45,2046.45,2046.45,0,3100
680,2022-06-28 15:02:00+05:30,2046.45,2046.45,2046.45,2046.45,0,3100
681,2022-06-28 15:03:00+05:30,2046.45,2046.45,2046.45,2046.45,0,3100
682,2022-06-28 15:04:00+05:30,2046.45,2046.45,2046.45,2046.45,0,3100
683,2022-06-28 15:05:00+05:30,2046.45,2046.45,2046.45,2046.45,0,3100
684,2022-06-28 15:06:00+05:30,2046.45,2046.45,2046.45,2046.45,0,3100
685,2022-06-28 15:07:00+05:30,2046.45,2046.45,2046.45,2046.45,0,3100
686,2022-06-28 15:08:00+05:30,2046.45,2046.45,2046.45,2046.45,0,3100
687,2022-06-28 15:09:00+05:30,2046.45,2046.45,2046.45,2046.45,0,3100
688,2022-06-28 15:10:00+05:30,2046.45,2046.45,2046.45,2046.45,0,3100
689,2022-06-28 15:11:00+05:30,2046.45,2046.45,2046.45,2046.45,0,3100
690,2022-06-28 15:12:00+05:30,2046.45,2046.45,2046.45,2046.45,0,3100
691,2022-06-28 15:13:00+05:30,2046.45,2046.45,2046.45,2046.45,0,3100
692,2022-06-28 15:14:00+05:30,2046.45,2046.45,2046.45,2046.45,0,3100
693,2022-06-28 15:15:00+05:30,2046.45,2046.45,2046.45,2046.45,0,3100
694,2022-06-28 15:16:00+05:30,2046.45,2046.45,2046.45,2046.45,0,3100
695,2022-06-28 15:17:00+05:30,2046.45,2046.45,2046.45,2046.45,0,3100
696,2022-06-28 15:18:00+05:30,2046.45,2046.45,2046.45,2046.45,0,3100
697,2022-06-28 15:19:00+05:30,2046.45,2046.45,2046.45,2046.45,0,3100
698,2022-06-28 15:20:00+05:30,2046.45,2046.45,2046.45,2046.45,0,3100
699,2022-06-28 15:21:00+05:30,2046.45,2046.45,2046.45,2046.45,0,3100
700,2022-06-28 15:23:00+05:30,2046.45,2046.45,2046.45,2046.45,0,3100
701,2022-06-28 15:24:00+05:30,2046.45,2046.45,2046.45,2046.45,0,3100
702,2022-06-28 15:25:00+05:30,2046.45,2046.45,2046.45,2046.45,0,3100
703,2022-06-28 15:26:00+05:30,2046.45,2046.45,2046.45,2046.45,0,3100
704,2022-06-28 15:27:00+05:30,2046.45,2046.45,2046.45,2046.45,0,3100
705,2022-06-28 15:28:00+05:30,2046.45,2046.45,2046.45,2046.45,0,3100
706,2022-06-28 15:29:00+05:30,2046.45,2046.45,2046.45,2046.45,0,3100
707,2022-06-29 09:39:00+05:30,2160.85,2160.85,2160.85,2160.85,0,3150
708,2022-06-29 09:40:00+05:30,2160.85,2160.85,2160.85,2160.85,0,3150
709,2022-06-29 09:41:00+05:30,2160.85,2160.85,2160.85,2160.85,0,3150
710,2022-06-29 09:42:00+05:30,2160.85,2160.85,2160.85,2160.85,0,3150
711,2022-06-29 09:43:00+05:30,2160.85,2160.85,2160.85,2160.85,0,3150
712,2022-06-29 09:44:00+05:30,2160.85,2160.85,2160.85,2160.85,0,3150
713,2022-06-29 09:45:00+05:30,2160.85,2160.85,2160.85,2160.85,0,3150
714,2022-06-29 09:46:00+05:30,2160.85,2160.85,2160.85,2160.85,0,3150
715,2022-06-29 09:47:00+05:30,2160.85,2160.85,2160.85,2160.85,0,3150
716,2022-06-29 09:48:00+05:30,2160.85,2160.85,2160.85,2160.85,0,3150
717,2022-06-29 09:49:00+05:30,2160.85,2160.85,2160.85,2160.85,0,3150
718,2022-06-29 09:50:00+05:30,2160.85,2160.85,2160.85,2160.85,0,3150
719,2022-06-29 09:51:00+05:30,2160.85,2160.85,2160.85,2160.85,0,3150
720,2022-06-29 09:52:00+05:30,2160.85,2160.85,2160.85,2160.85,0,3150
721,2022-06-29 09:53:00+05:30,2160.85,2160.85,2160.85,2160.85,0,3150
722,2022-06-29 09:54:00+05:30,2160.85,2160.85,2160.85,2160.85,0,3150
723,2022-06-29 09:55:00+05:30,2160.85,2160.85,2160.85,2160.85,0,3150
724,2022-06-29 09:56:00+05:30,2160.85,2160.85,2160.85,2160.85,0,3150
725,2022-06-29 09:57:00+05:30,2160.85,2160.85,2160.85,2160.85,0,3150
726,2022-06-29 09:58:00+05:30,2160.85,2160.85,2160.85,2160.85,0,3150
727,2022-06-29 09:59:00+05:30,2160.85,2160.85,2160.85,2160.85,0,3150
728,2022-06-29 10:00:00+05:30,2160.85,2160.85,2160.85,2160.85,0,3150
729,2022-06-29 10:01:00+05:30,2160.85,2160.85,2160.85,2160.85,0,3150
730,2022-06-29 10:02:00+05:30,2160.85,2160.85,2160.85,2160.85,0,3150
731,2022-06-29 10:03:00+05:30,2160.85,2160.85,2160.85,2160.85,0,3150
732,2022-06-29 10:04:00+05:30,2160.85,2160.85,2160.85,2160.85,0,3150
733,2022-06-29 10:05:00+05:30,2160.85,2160.85,2160.85,2160.85,0,3150
734,2022-06-29 10:06:00+05:30,2160.85,2160.85,2160.85,2160.85,0,3150
735,2022-06-29 10:07:00+05:30,2160.85,2160.85,2160.85,2160.85,0,3150
736,2022-06-29 10:08:00+05:30,2160.85,2160.85,2160.85,2160.85,0,3150
737,2022-06-29 10:09:00+05:30,2160.85,2160.85,2160.85,2160.85,0,3150
738,2022-06-29 10:10:00+05:30,2160.85,2160.85,2160.85,2160.85,0,3150
739,2022-06-29 10:11:00+05:30,2160.85,2160.85,2160.85,2160.85,0,3150
740,2022-06-29 10:12:00+05:30,2160.85,2160.85,2160.85,2160.85,0,3150
741,2022-06-29 10:13:00+05:30,2160.85,2160.85,2160.85,2160.85,0,3150
742,2022-06-29 10:14:00+05:30,2160.85,2160.85,2160.85,2160.85,0,3150
743,2022-06-29 10:15:00+05:30,2160.85,2160.85,2160.85,2160.85,0,3150
744,2022-06-29 10:16:00+05:30,2160.85,2160.85,2160.85,2160.85,0,3150
745,2022-06-29 10:17:00+05:30,2160.85,2160.85,2160.85,2160.85,0,3150
746,2022-06-29 10:18:00+05:30,2160.85,2160.85,2160.85,2160.85,0,3150
747,2022-06-29 10:19:00+05:30,2160.85,2160.85,2160.85,2160.85,0,3150
748,2022-06-29 10:20:00+05:30,2160.85,2160.85,2160.85,2160.85,0,3150
749,2022-06-29 10:21:00+05:30,2160.85,2160.85,2160.85,2160.85,0,3150
750,2022-06-29 10:22:00+05:30,2160.85,2160.85,2160.85,2160.85,0,3150
751,2022-06-29 10:23:00+05:30,2160.85,2160.85,2160.85,2160.85,0,3150
752,2022-06-29 10:24:00+05:30,2160.85,2160.85,2160.85,2160.85,0,3150
753,2022-06-29 10:25:00+05:30,2160.85,2160.85,2160.85,2160.85,0,3150
754,2022-06-29 10:26:00+05:30,2160.85,2160.85,2160.85,2160.85,0,3150
755,2022-06-29 10:27:00+05:30,2160.85,2160.85,2160.85,2160.85,0,3150
756,2022-06-29 10:28:00+05:30,2160.85,2160.85,2160.85,2160.85,0,3150
757,2022-06-29 10:29:00+05:30,2160.85,2160.85,2160.85,2160.85,0,3150
758,2022-06-29 10:30:00+05:30,2160.85,2160.85,2160.85,2160.85,0,3150
759,2022-06-29 10:31:00+05:30,2160.85,2160.85,2160.85,2160.85,0,3150
760,2022-06-29 10:32:00+05:30,2160.85,2160.85,2160.85,2160.85,0,3150
761,2022-06-29 10:33:00+05:30,2160.85,2160.85,2160.85,2160.85,0,3150
762,2022-06-29 10:34:00+05:30,2160.85,2160.85,2160.85,2160.85,0,3150
763,2022-06-29 10:35:00+05:30,2160.85,2160.85,2160.85,2160.85,0,3150
764,2022-06-29 10:36:00+05:30,2160.85,2160.85,2160.85,2160.85,0,3150
765,2022-06-29 10:37:00+05:30,2160.85,2160.85,2160.85,2160.85,0,3150
766,2022-06-29 10:38:00+05:30,2160.85,2160.85,2160.85,2160.85,0,3150
767,2022-06-29 10:40:00+05:30,2160.85,2160.85,2160.85,2160.85,0,3150
768,2022-06-29 10:41:00+05:30,2160.85,2160.85,2160.85,2160.85,0,3150
769,2022-06-29 10:42:00+05:30,2160.85,2160.85,2160.85,2160.85,0,3150
770,2022-06-29 10:43:00+05:30,2160.85,2160.85,2160.85,2160.85,0,3150
771,2022-06-29 10:44:00+05:30,2160.85,2160.85,2160.85,2160.85,0,3150
772,2022-06-29 10:45:00+05:30,2160.85,2160.85,2160.85,2160.85,0,3150
773,2022-06-29 10:46:00+05:30,2160.85,2160.85,2160.85,2160.85,0,3150
774,2022-06-29 10:47:00+05:30,2160.85,2160.85,2160.85,2160.85,0,3150
775,2022-06-29 10:48:00+05:30,2160.85,2160.85,2160.85,2160.85,0,3150
776,2022-06-29 10:49:00+05:30,2160.85,2160.85,2160.85,2160.85,0,3150
777,2022-06-29 10:51:00+05:30,2160.85,2160.85,2160.85,2160.85,0,3150
778,2022-06-29 10:52:00+05:30,2160.85,2160.85,2160.85,2160.85,0,3150
779,2022-06-29 10:53:00+05:30,2160.85,2160.85,2160.85,2160.85,0,3150
780,2022-06-29 10:54:00+05:30,2160.85,2160.85,2160.85,2160.85,0,3150
781,2022-06-29 10:55:00+05:30,2160.85,2160.85,2160.85,2160.85,0,3150
782,2022-06-29 10:56:00+05:30,2160.85,2160.85,2160.85,2160.85,0,3150
783,2022-06-29 10:57:00+05:30,2160.85,2160.85,2160.85,2160.85,0,3150
784,2022-06-29 10:58:00+05:30,2160.85,2160.85,2160.85,2160.85,0,3150
785,2022-06-29 10:59:00+05:30,2160.85,2160.85,2160.85,2160.85,0,3150
786,2022-06-29 11:00:00+05:30,2160.85,2160.85,2160.85,2160.85,0,3150
787,2022-06-29 11:01:00+05:30,2160.85,2160.85,2160.85,2160.85,0,3150
788,2022-06-29 11:02:00+05:30,2160.85,2160.85,2160.85,2160.85,0,3150
789,2022-06-29 11:03:00+05:30,2160.85,2160.85,2160.85,2160.85,0,3150
790,2022-06-29 11:04:00+05:30,2160.85,2160.85,2160.85,2160.85,0,3150
791,2022-06-29 11:05:00+05:30,2160.85,2160.85,2160.85,2160.85,0,3150
792,2022-06-29 11:06:00+05:30,2160.85,2160.85,2160.85,2160.85,0,3150
793,2022-06-29 11:07:00+05:30,2160.85,2160.85,2160.85,2160.85,0,3150
794,2022-06-29 11:08:00+05:30,2160.85,2160.85,2160.85,2160.85,0,3150
795,2022-06-29 11:09:00+05:30,2160.85,2160.85,2160.85,2160.85,0,3150
796,2022-06-29 11:10:00+05:30,2160.85,2160.85,2160.85,2160.85,0,3150
797,2022-06-29 11:11:00+05:30,2160.85,2160.85,2160.85,2160.85,0,3150
798,2022-06-29 11:12:00+05:30,2160.85,2160.85,2160.85,2160.85,0,3150
799,2022-06-29 11:13:00+05:30,2160.85,2160.85,2160.85,2160.85,0,3150
800,2022-06-29 11:14:00+05:30,2160.85,2160.85,2160.85,2160.85,0,3150
801,2022-06-29 11:15:00+05:30,2160.85,2160.85,2160.85,2160.85,0,3150
802,2022-06-29 11:16:00+05:30,2160.85,2160.85,2160.85,2160.85,0,3150
803,2022-06-29 11:17:00+05:30,2160.85,2160.85,2160.85,2160.85,0,3150
804,2022-06-29 11:18:00+05:30,2160.85,2160.85,2160.85,2160.85,0,3150
805,2022-06-29 11:19:00+05:30,2160.85,2160.85,2160.85,2160.85,0,3150
806,2022-06-29 11:20:00+05:30,2160.85,2160.85,2160.85,2160.85,0,3150
807,2022-06-29 11:21:00+05:30,2160.85,2160.85,2160.85,2160.85,0,3150
808,2022-06-29 11:22:00+05:30,2160.85,2160.85,2160.85,2160.85,0,3150
809,2022-06-29 11:23:00+05:30,2160.85,2160.85,2160.85,2160.85,0,3150
810,2022-06-29 11:24:00+05:30,2160.85,2160.85,2160.85,2160.85,0,3150
811,2022-06-29 11:25:00+05:30,2160.85,2160.85,2160.85,2160.85,0,3150
812,2022-06-29 11:26:00+05:30,2160.85,2160.85,2160.85,2160.85,0,3150
813,2022-06-29 11:27:00+05:30,2160.85,2160.85,2160.85,2160.85,0,3150
814,2022-06-29 11:28:00+05:30,2160.85,2160.85,2160.85,2160.85,0,3150
815,2022-06-29 11:29:00+05:30,2160.85,2160.85,2160.85,2160.85,0,3150
816,2022-06-29 11:30:00+05:30,2160.85,2160.85,2160.85,2160.85,0,3150
817,2022-06-29 11:31:00+05:30,2160.85,2160.85,2160.85,2160.85,0,3150
818,2022-06-29 11:32:00+05:30,2160.85,2160.85,2160.85,2160.85,0,3150
819,2022-06-29 11:33:00+05:30,2160.85,2160.85,2160.85,2160.85,0,3150
820,2022-06-29 11:34:00+05:30,2160.85,2160.85,2160.85,2160.85,0,3150
821,2022-06-29 11:36:00+05:30,2160.85,2160.85,2160.85,2160.85,0,3150
822,2022-06-29 11:37:00+05:30,2160.85,2160.85,2160.85,2160.85,0,3150
823,2022-06-29 11:38:00+05:30,2160.85,2160.85,2160.85,2160.85,0,3150
824,2022-06-29 11:39:00+05:30,2160.85,2160.85,2160.85,2160.85,0,3150
825,2022-06-29 11:40:00+05:30,2160.85,2160.85,2160.85,2160.85,0,3150
826,2022-06-29 11:41:00+05:30,2160.85,2160.85,2160.85,2160.85,0,3150
827,2022-06-29 11:42:00+05:30,2160.85,2160.85,2160.85,2160.85,0,3150
828,2022-06-29 11:43:00+05:30,2160.85,2160.85,2160.85,2160.85,0,3150
829,2022-06-29 11:44:00+05:30,2160.85,2160.85,2160.85,2160.85,0,3150
830,2022-06-29 11:45:00+05:30,2160.85,2160.85,2160.85,2160.85,0,3150
831,2022-06-29 11:47:00+05:30,2160.85,2160.85,2160.85,2160.85,0,3150
832,2022-06-29 11:48:00+05:30,2160.85,2160.85,2160.85,2160.85,0,3150
833,2022-06-29 11:50:00+05:30,2160.85,2160.85,2160.85,2160.85,0,3150
834,2022-06-29 11:51:00+05:30,2160.85,2160.85,2160.85,2160.85,0,3150
835,2022-06-29 11:52:00+05:30,2160.85,2160.85,2160.85,2160.85,0,3150
836,2022-06-29 11:53:00+05:30,2160.85,2160.85,2160.85,2160.85,0,3150
837,2022-06-29 11:54:00+05:30,2160.85,2160.85,2160.85,2160.85,0,3150
838,2022-06-29 11:55:00+05:30,2160.85,2160.85,2160.85,2160.85,0,3150
839,2022-06-29 11:56:00+05:30,2160.85,2160.85,2160.85,2160.85,0,3150
840,2022-06-29 11:57:00+05:30,2160.85,2160.85,2160.85,2160.85,0,3150
841,2022-06-29 11:58:00+05:30,2160.85,2160.85,2160.85,2160.85,0,3150
842,2022-06-29 11:59:00+05:30,2160.85,2160.85,2160.85,2160.85,0,3150
843,2022-06-29 12:00:00+05:30,2160.85,2160.85,2160.85,2160.85,0,3150
844,2022-06-29 12:01:00+05:30,2160.85,2160.85,2160.85,2160.85,0,3150
845,2022-06-29 12:02:00+05:30,2160.85,2160.85,2160.85,2160.85,0,3150
846,2022-06-29 12:03:00+05:30,2160.85,2160.85,2160.85,2160.85,0,3150
847,2022-06-29 12:04:00+05:30,2160.85,2160.85,2160.85,2160.85,0,3150
848,2022-06-29 12:05:00+05:30,2160.85,2160.85,2160.85,2160.85,0,3150
849,2022-06-29 12:06:00+05:30,2160.85,2160.85,2160.85,2160.85,0,3150
850,2022-06-29 12:07:00+05:30,2160.85,2160.85,2160.85,2160.85,0,3150
851,2022-06-29 12:08:00+05:30,2160.85,2160.85,2160.85,2160.85,0,3150
852,2022-06-29 12:09:00+05:30,2160.85,2160.85,2160.85,2160.85,0,3150
853,2022-06-29 12:10:00+05:30,2160.85,2160.85,2160.85,2160.85,0,3150
854,2022-06-29 12:11:00+05:30,2160.85,2160.85,2160.85,2160.85,0,3150
855,2022-06-29 12:12:00+05:30,2160.85,2160.85,2160.85,2160.85,0,3150
856,2022-06-29 12:13:00+05:30,2160.85,2160.85,2160.85,2160.85,0,3150
857,2022-06-29 12:14:00+05:30,2160.85,2160.85,2160.85,2160.85,0,3150
858,2022-06-29 12:15:00+05:30,2160.85,2160.85,2160.85,2160.85,0,3150
859,2022-06-29 12:16:00+05:30,2160.85,2160.85,2160.85,2160.85,0,3150
860,2022-06-29 12:17:00+05:30,2160.85,2160.85,2160.85,2160.85,0,3150
861,2022-06-29 12:18:00+05:30,2160.85,2160.85,2160.85,2160.85,0,3150
862,2022-06-29 12:19:00+05:30,2160.85,2160.85,2160.85,2160.85,0,3150
863,2022-06-29 12:20:00+05:30,2160.85,2160.85,2160.85,2160.85,0,3150
864,2022-06-29 12:21:00+05:30,2160.85,2160.85,2160.85,2160.85,0,3150
865,2022-06-29 12:22:00+05:30,2160.85,2160.85,2160.85,2160.85,0,3150
866,2022-06-29 12:23:00+05:30,2160.85,2160.85,2160.85,2160.85,0,3150
867,2022-06-29 12:24:00+05:30,2160.85,2160.85,2160.85,2160.85,0,3150
868,2022-06-29 12:25:00+05:30,2160.85,2160.85,2160.85,2160.85,0,3150
869,2022-06-29 12:26:00+05:30,2160.85,2160.85,2160.85,2160.85,0,3150
870,2022-06-29 12:27:00+05:30,2160.85,2160.85,2160.85,2160.85,0,3150
871,2022-06-29 12:28:00+05:30,2160.85,2160.85,2160.85,2160.85,0,3150
872,2022-06-29 12:29:00+05:30,2160.85,2160.85,2160.85,2160.85,0,3150
873,2022-06-29 12:30:00+05:30,2160.85,2160.85,2160.85,2160.85,0,3150
874,2022-06-29 12:31:00+05:30,2160.85,2160.85,2160.85,2160.85,0,3150
875,2022-06-29 12:32:00+05:30,2160.85,2160.85,2160.85,2160.85,0,3150
876,2022-06-29 12:33:00+05:30,2160.85,2160.85,2160.85,2160.85,0,3150
877,2022-06-29 12:34:00+05:30,2160.85,2160.85,2160.85,2160.85,0,3150
878,2022-06-29 12:35:00+05:30,2160.85,2160.85,2160.85,2160.85,0,3150
879,2022-06-29 12:36:00+05:30,2160.85,2160.85,2160.85,2160.85,0,3150
880,2022-06-29 12:37:00+05:30,2160.85,2160.85,2160.85,2160.85,0,3150
881,2022-06-29 12:38:00+05:30,2160.85,2160.85,2160.85,2160.85,0,3150
882,2022-06-29 12:39:00+05:30,2160.85,2160.85,2160.85,2160.85,0,3150
883,2022-06-29 12:40:00+05:30,2160.85,2160.85,2160.85,2160.85,0,3150
884,2022-06-29 12:41:00+05:30,2160.85,2160.85,2160.85,2160.85,0,3150
885,2022-06-29 12:42:00+05:30,2160.85,2160.85,2160.85,2160.85,0,3150
886,2022-06-29 12:43:00+05:30,2160.85,2160.85,2160.85,2160.85,0,3150
887,2022-06-29 12:44:00+05:30,2160.85,2160.85,2160.85,2160.85,0,3150
888,2022-06-29 12:45:00+05:30,2160.85,2160.85,2160.85,2160.85,0,3150
889,2022-06-29 12:46:00+05:30,2160.85,2160.85,2160.85,2160.85,0,3150
890,2022-06-29 12:47:00+05:30,2160.85,2160.85,2160.85,2160.85,0,3150
891,2022-06-29 12:48:00+05:30,2160.85,2160.85,2160.85,2160.85,0,3150
892,2022-06-29 12:49:00+05:30,2160.85,2160.85,2160.85,2160.85,0,3150
893,2022-06-29 12:50:00+05:30,2160.85,2160.85,2160.85,2160.85,0,3150
894,2022-06-29 12:51:00+05:30,2160.85,2160.85,2160.85,2160.85,0,3150
895,2022-06-29 12:52:00+05:30,2160.85,2160.85,2160.85,2160.85,0,3150
896,2022-06-29 12:53:00+05:30,2160.85,2160.85,2160.85,2160.85,0,3150
897,2022-06-29 12:54:00+05:30,2160.85,2160.85,2160.85,2160.85,0,3150
898,2022-06-29 12:55:00+05:30,2160.85,2160.85,2160.85,2160.85,0,3150
899,2022-06-29 12:56:00+05:30,2160.85,2160.85,2160.85,2160.85,0,3150
900,2022-06-29 12:57:00+05:30,2160.85,2160.85,2160.85,2160.85,0,3150
901,2022-06-29 12:58:00+05:30,2160.85,2160.85,2160.85,2160.85,0,3150
902,2022-06-29 12:59:00+05:30,2160.85,2160.85,2160.85,2160.85,0,3150
903,2022-06-29 13:00:00+05:30,2160.85,2160.85,2160.85,2160.85,0,3150
904,2022-06-29 13:01:00+05:30,2160.85,2160.85,2160.85,2160.85,0,3150
905,2022-06-29 13:02:00+05:30,2160.85,2160.85,2160.85,2160.85,0,3150
906,2022-06-29 13:05:00+05:30,2160.85,2160.85,2160.85,2160.85,0,3150
907,2022-06-29 13:06:00+05:30,2160.85,2160.85,2160.85,2160.85,0,3150
908,2022-06-29 13:07:00+05:30,2160.85,2160.85,2160.85,2160.85,0,3150
909,2022-06-29 13:08:00+05:30,2160.85,2160.85,2160.85,2160.85,0,3150
910,2022-06-29 13:09:00+05:30,2160.85,2160.85,2160.85,2160.85,0,3150
911,2022-06-29 13:10:00+05:30,2160.85,2160.85,2160.85,2160.85,0,3150
912,2022-06-29 13:11:00+05:30,2160.85,2160.85,2160.85,2160.85,0,3150
913,2022-06-29 13:13:00+05:30,2160.85,2160.85,2160.85,2160.85,0,3150
914,2022-06-29 13:14:00+05:30,2160.85,2160.85,2160.85,2160.85,0,3150
915,2022-06-29 13:15:00+05:30,2160.85,2160.85,2160.85,2160.85,0,3150
916,2022-06-29 13:16:00+05:30,2160.85,2160.85,2160.85,2160.85,0,3150
917,2022-06-29 13:17:00+05:30,2160.85,2160.85,2160.85,2160.85,0,3150
918,2022-06-29 13:18:00+05:30,2160.85,2160.85,2160.85,2160.85,0,3150
919,2022-06-29 13:19:00+05:30,2160.85,2160.85,2160.85,2160.85,0,3150
920,2022-06-29 13:20:00+05:30,2160.85,2160.85,2160.85,2160.85,0,3150
921,2022-06-29 13:21:00+05:30,2160.85,2160.85,2160.85,2160.85,0,3150
922,2022-06-29 13:22:00+05:30,2160.85,2160.85,2160.85,2160.85,0,3150
923,2022-06-29 13:23:00+05:30,2160.85,2160.85,2160.85,2160.85,0,3150
924,2022-06-29 13:24:00+05:30,2160.85,2160.85,2160.85,2160.85,0,3150
925,2022-06-29 13:25:00+05:30,2160.85,2160.85,2160.85,2160.85,0,3150
926,2022-06-29 13:26:00+05:30,2160.85,2160.85,2160.85,2160.85,0,3150
927,2022-06-29 13:27:00+05:30,2160.85,2160.85,2160.85,2160.85,0,3150
928,2022-06-29 13:28:00+05:30,2160.85,2160.85,2160.85,2160.85,0,3150
929,2022-06-29 13:29:00+05:30,2160.85,2160.85,2160.85,2160.85,0,3150
930,2022-06-29 13:30:00+05:30,2160.85,2160.85,2160.85,2160.85,0,3150
931,2022-06-29 13:31:00+05:30,2160.85,2160.85,2160.85,2160.85,0,3150
932,2022-06-29 13:32:00+05:30,2160.85,2160.85,2160.85,2160.85,0,3150
933,2022-06-29 13:33:00+05:30,2160.85,2160.85,2160.85,2160.85,0,3150
934,2022-06-29 13:34:00+05:30,2160.85,2160.85,2160.85,2160.85,0,3150
935,2022-06-29 13:35:00+05:30,2160.85,2160.85,2160.85,2160.85,0,3150
936,2022-06-29 13:36:00+05:30,2160.85,2160.85,2160.85,2160.85,0,3150
937,2022-06-29 13:37:00+05:30,2160.85,2160.85,2160.85,2160.85,0,3150
938,2022-06-29 13:38:00+05:30,2160.85,2160.85,2160.85,2160.85,0,3150
939,2022-06-29 13:39:00+05:30,2160.85,2160.85,2160.85,2160.85,0,3150
940,2022-06-29 13:40:00+05:30,2160.85,2160.85,2160.85,2160.85,0,3150
941,2022-06-29 13:41:00+05:30,2160.85,2160.85,2160.85,2160.85,0,3150
942,2022-06-29 13:42:00+05:30,2160.85,2160.85,2160.85,2160.85,0,3150
943,2022-06-29 13:43:00+05:30,2160.85,2160.85,2160.85,2160.85,0,3150
944,2022-06-29 13:44:00+05:30,2160.85,2160.85,2160.85,2160.85,0,3150
945,2022-06-29 13:45:00+05:30,2160.85,2160.85,2160.85,2160.85,0,3150
946,2022-06-29 13:46:00+05:30,2160.85,2160.85,2160.85,2160.85,0,3150
947,2022-06-29 13:47:00+05:30,2160.85,2160.85,2160.85,2160.85,0,3150
948,2022-06-29 13:48:00+05:30,2160.85,2160.85,2160.85,2160.85,0,3150
949,2022-06-29 13:49:00+05:30,2160.85,2160.85,2160.85,2160.85,0,3150
950,2022-06-29 13:52:00+05:30,2160.85,2160.85,2160.85,2160.85,0,3150
951,2022-06-29 13:53:00+05:30,2160.85,2160.85,2160.85,2160.85,0,3150
952,2022-06-29 13:54:00+05:30,2160.85,2160.85,2160.85,2160.85,0,3150
953,2022-06-29 13:55:00+05:30,2160.85,2160.85,2160.85,2160.85,0,3150
954,2022-06-29 13:56:00+05:30,2160.85,2160.85,2160.85,2160.85,0,3150
955,2022-06-29 13:58:00+05:30,2160.85,2160.85,2160.85,2160.85,0,3150
956,2022-06-29 13:59:00+05:30,2160.85,2160.85,2160.85,2160.85,0,3150
957,2022-06-29 14:00:00+05:30,2160.85,2160.85,2160.85,2160.85,0,3150
958,2022-06-29 14:01:00+05:30,2160.85,2160.85,2160.85,2160.85,0,3150
959,2022-06-29 14:02:00+05:30,2160.85,2160.85,2160.85,2160.85,0,3150
960,2022-06-29 14:03:00+05:30,2160.85,2160.85,2160.85,2160.85,0,3150
961,2022-06-29 14:04:00+05:30,2160.85,2160.85,2160.85,2160.85,0,3150
962,2022-06-29 14:06:00+05:30,2160.85,2160.85,2160.85,2160.85,0,3150
963,2022-06-29 14:07:00+05:30,2160.85,2160.85,2160.85,2160.85,0,3150
964,2022-06-29 14:08:00+05:30,2160.85,2160.85,2160.85,2160.85,0,3150
965,2022-06-29 14:09:00+05:30,2160.85,2160.85,2160.85,2160.85,0,3150
966,2022-06-29 14:10:00+05:30,2160.85,2160.85,2160.85,2160.85,0,3150
967,2022-06-29 14:11:00+05:30,2160.85,2160.85,2160.85,2160.85,0,3150
968,2022-06-29 14:12:00+05:30,2160.85,2160.85,2160.85,2160.85,0,3150
969,2022-06-29 14:13:00+05:30,2160.85,2160.85,2160.85,2160.85,0,3150
970,2022-06-29 14:14:00+05:30,2160.85,2160.85,2160.85,2160.85,0,3150
971,2022-06-29 14:15:00+05:30,2160.85,2160.85,2160.85,2160.85,0,3150
972,2022-06-29 14:16:00+05:30,2160.85,2160.85,2160.85,2160.85,0,3150
973,2022-06-29 14:17:00+05:30,2160.85,2160.85,2160.85,2160.85,0,3150
974,2022-06-29 14:18:00+05:30,2160.85,2160.85,2160.85,2160.85,0,3150
975,2022-06-29 14:19:00+05:30,2160.85,2160.85,2160.85,2160.85,0,3150
976,2022-06-29 14:20:00+05:30,2160.85,2160.85,2160.85,2160.85,0,3150
977,2022-06-29 14:21:00+05:30,2160.85,2160.85,2160.85,2160.85,0,3150
978,2022-06-29 14:23:00+05:30,2160.85,2160.85,2160.85,2160.85,0,3150
979,2022-06-29 14:24:00+05:30,2160.85,2160.85,2160.85,2160.85,0,3150
980,2022-06-29 14:25:00+05:30,2160.85,2160.85,2160.85,2160.85,0,3150
981,2022-06-29 14:26:00+05:30,2160.85,2160.85,2160.85,2160.85,0,3150
982,2022-06-29 14:27:00+05:30,2160.85,2160.85,2160.85,2160.85,0,3150
983,2022-06-29 14:28:00+05:30,2160.85,2160.85,2160.85,2160.85,0,3150
984,2022-06-29 14:29:00+05:30,2160.85,2160.85,2160.85,2160.85,0,3150
985,2022-06-29 14:30:00+05:30,2160.85,2160.85,2160.85,2160.85,0,3150
986,2022-06-29 14:31:00+05:30,2160.85,2160.85,2160.85,2160.85,0,3150
987,2022-06-29 14:32:00+05:30,2160.85,2160.85,2160.85,2160.85,0,3150
988,2022-06-29 14:33:00+05:30,2160.85,2160.85,2160.85,2160.85,0,3150
989,2022-06-29 14:34:00+05:30,2160.85,2160.85,2160.85,2160.85,0,3150
990,2022-06-29 14:35:00+05:30,2160.85,2160.85,2160.85,2160.85,0,3150
991,2022-06-29 14:36:00+05:30,2160.85,2160.85,2160.85,2160.85,0,3150
992,2022-06-29 14:37:00+05:30,2160.85,2160.85,2160.85,2160.85,0,3150
993,2022-06-29 14:38:00+05:30,2160.85,2160.85,2077.0,2077.0,50,3450
994,2022-06-29 14:39:00+05:30,2072.0,2072.0,2072.0,2072.0,50,3450
995,2022-06-29 14:40:00+05:30,2072.0,2072.0,2072.0,2072.0,0,3450
996,2022-06-29 14:41:00+05:30,2072.0,2072.0,2072.0,2072.0,0,3450
997,2022-06-29 14:42:00+05:30,2072.0,2072.0,2072.0,2072.0,0,3450
998,2022-06-29 14:43:00+05:30,2072.0,2072.0,2072.0,2072.0,0,3450
999,2022-06-29 14:44:00+05:30,2072.0,2072.0,2072.0,2072.0,0,3450
1000,2022-06-29 14:45:00+05:30,2072.0,2072.0,2072.0,2072.0,0,3450
1001,2022-06-29 14:46:00+05:30,2072.0,2072.0,2072.0,2072.0,0,3450
1002,2022-06-29 14:47:00+05:30,2072.0,2072.0,2072.0,2072.0,0,3450
1003,2022-06-29 14:48:00+05:30,2072.0,2072.0,2072.0,2072.0,0,3450
1004,2022-06-29 14:49:00+05:30,2072.0,2072.0,2072.0,2072.0,0,3450
1005,2022-06-29 14:50:00+05:30,2072.0,2072.0,2072.0,2072.0,0,3450
1006,2022-06-29 14:51:00+05:30,2072.0,2072.0,2072.0,2072.0,0,3450
1007,2022-06-29 14:52:00+05:30,2072.0,2072.0,2072.0,2072.0,0,3450
1008,2022-06-29 14:53:00+05:30,2072.0,2072.0,2072.0,2072.0,0,3450
1009,2022-06-29 14:54:00+05:30,2072.0,2072.0,2072.0,2072.0,0,3450
1010,2022-06-29 14:55:00+05:30,2072.0,2072.0,2072.0,2072.0,0,3450
1011,2022-06-29 14:56:00+05:30,2072.0,2072.0,2072.0,2072.0,0,3450
1012,2022-06-29 14:57:00+05:30,2072.0,2072.0,2072.0,2072.0,0,3450
1013,2022-06-29 14:58:00+05:30,2072.0,2072.0,2072.0,2072.0,0,3450
1014,2022-06-29 14:59:00+05:30,2072.0,2072.0,2072.0,2072.0,0,3450
1015,2022-06-29 15:00:00+05:30,2072.0,2072.0,2072.0,2072.0,0,3450
1016,2022-06-29 15:01:00+05:30,2072.0,2072.0,2072.0,2072.0,0,3450
1017,2022-06-29 15:02:00+05:30,2072.0,2072.0,2072.0,2072.0,0,3450
1018,2022-06-29 15:03:00+05:30,2072.0,2072.0,2072.0,2072.0,0,3450
1019,2022-06-29 15:04:00+05:30,2072.0,2072.0,2072.0,2072.0,0,3450
1020,2022-06-29 15:05:00+05:30,2072.0,2072.0,2072.0,2072.0,0,3450
1021,2022-06-29 15:06:00+05:30,2072.0,2072.0,2072.0,2072.0,0,3450
1022,2022-06-29 15:07:00+05:30,2072.0,2072.0,2072.0,2072.0,0,3450
1023,2022-06-29 15:08:00+05:30,2072.0,2072.0,2072.0,2072.0,0,3450
1024,2022-06-29 15:09:00+05:30,2072.0,2072.0,2072.0,2072.0,0,3450
1025,2022-06-29 15:10:00+05:30,2072.0,2072.0,2072.0,2072.0,0,3450
1026,2022-06-29 15:11:00+05:30,2072.0,2072.0,2072.0,2072.0,0,3450
1027,2022-06-29 15:12:00+05:30,2072.0,2072.0,2072.0,2072.0,0,3450
1028,2022-06-29 15:13:00+05:30,2072.0,2072.0,2072.0,2072.0,0,3450
1029,2022-06-29 15:14:00+05:30,2072.0,2072.0,2072.0,2072.0,0,3450
1030,2022-06-29 15:15:00+05:30,2072.0,2072.0,2072.0,2072.0,0,3450
1031,2022-06-29 15:16:00+05:30,2072.0,2072.0,2072.0,2072.0,0,3450
1032,2022-06-29 15:17:00+05:30,2072.0,2072.0,2072.0,2072.0,0,3450
1033,2022-06-29 15:18:00+05:30,2072.0,2072.0,2072.0,2072.0,0,3450
1034,2022-06-29 15:19:00+05:30,2072.0,2072.0,2072.0,2072.0,0,3450
1035,2022-06-29 15:20:00+05:30,2072.0,2072.0,2072.0,2072.0,0,3450
1036,2022-06-29 15:21:00+05:30,2072.0,2072.0,2072.0,2072.0,0,3450
1037,2022-06-29 15:22:00+05:30,2072.0,2072.0,2072.0,2072.0,0,3450
1038,2022-06-29 15:23:00+05:30,2072.0,2072.0,2072.0,2072.0,0,3450
1039,2022-06-29 15:24:00+05:30,2072.0,2072.0,2072.0,2072.0,0,3450
1040,2022-06-29 15:25:00+05:30,2072.0,2072.0,2072.0,2072.0,0,3450
1041,2022-06-29 15:26:00+05:30,2072.0,2072.0,2072.0,2072.0,0,3450
1042,2022-06-29 15:27:00+05:30,2072.0,2072.0,2072.0,2072.0,0,3450
1043,2022-06-29 15:28:00+05:30,2072.0,2072.0,2072.0,2072.0,0,3450
1044,2022-06-29 15:29:00+05:30,2072.0,2072.0,2072.0,2072.0,0,3450
1045,2022-06-30 09:15:00+05:30,2049.15,2049.15,2049.15,2049.15,0,0
1046,2022-06-30 09:20:00+05:30,2049.15,2049.15,2049.15,2049.15,0,3550
1047,2022-06-30 09:21:00+05:30,2049.15,2049.15,2049.15,2049.15,50,3550
1048,2022-06-30 09:22:00+05:30,2049.15,2049.15,2049.15,2049.15,0,3550
1049,2022-06-30 09:23:00+05:30,2049.15,2049.15,2049.15,2049.15,0,3550
1050,2022-06-30 09:24:00+05:30,2049.15,2049.15,2049.15,2049.15,0,3550
1051,2022-06-30 09:25:00+05:30,2049.15,2049.15,2049.15,2049.15,0,3550
1052,2022-06-30 09:26:00+05:30,2049.15,2049.15,2049.15,2049.15,0,3550
1053,2022-06-30 09:27:00+05:30,2049.15,2049.15,2049.15,2049.15,0,3550
1054,2022-06-30 09:28:00+05:30,2049.15,2049.15,2049.15,2049.15,0,3550
1055,2022-06-30 09:29:00+05:30,2049.15,2049.15,2049.15,2049.15,0,3550
1056,2022-06-30 09:30:00+05:30,2049.15,2049.15,2049.15,2049.15,0,3550
1057,2022-06-30 09:31:00+05:30,2049.15,2049.15,2041.2,2041.2,50,3550
1058,2022-06-30 09:32:00+05:30,2041.2,2041.2,2041.2,2041.2,0,3550
1059,2022-06-30 09:33:00+05:30,2041.2,2041.2,2041.2,2041.2,0,3550
1060,2022-06-30 09:34:00+05:30,2041.2,2041.2,2041.2,2041.2,0,3550
1061,2022-06-30 09:35:00+05:30,2041.2,2041.2,2041.2,2041.2,0,3550
1062,2022-06-30 09:36:00+05:30,2041.2,2041.2,2041.2,2041.2,0,3550
1063,2022-06-30 09:37:00+05:30,2041.2,2041.2,2041.2,2041.2,0,3550
1064,2022-06-30 09:38:00+05:30,2041.2,2041.2,2041.2,2041.2,0,3550
1065,2022-06-30 09:39:00+05:30,2041.2,2041.2,2041.2,2041.2,0,3550
1066,2022-06-30 09:40:00+05:30,2041.2,2041.2,2041.2,2041.2,0,3550
1067,2022-06-30 09:41:00+05:30,2041.2,2041.2,2041.2,2041.2,0,3550
1068,2022-06-30 09:42:00+05:30,2041.2,2041.2,2041.2,2041.2,0,3550
1069,2022-06-30 09:43:00+05:30,2041.2,2041.2,2041.2,2041.2,0,3550
1070,2022-06-30 09:44:00+05:30,2041.2,2041.2,2041.2,2041.2,0,3550
1071,2022-06-30 09:45:00+05:30,2041.2,2041.2,2041.2,2041.2,0,3550
1072,2022-06-30 09:46:00+05:30,2041.2,2041.2,2041.2,2041.2,0,3550
1073,2022-06-30 09:47:00+05:30,2041.2,2041.2,2041.2,2041.2,0,3550
1074,2022-06-30 09:48:00+05:30,2041.2,2041.2,2041.2,2041.2,0,3550
1075,2022-06-30 09:49:00+05:30,2041.2,2041.2,2041.2,2041.2,0,3550
1076,2022-06-30 09:50:00+05:30,2041.2,2041.2,2041.2,2041.2,0,3550
1077,2022-06-30 09:51:00+05:30,2041.2,2041.2,2041.2,2041.2,0,3550
1078,2022-06-30 09:52:00+05:30,2041.2,2041.2,2041.2,2041.2,0,3550
1079,2022-06-30 09:53:00+05:30,2041.2,2041.2,2041.2,2041.2,0,3550
1080,2022-06-30 09:54:00+05:30,2041.2,2041.2,2041.2,2041.2,0,3550
1081,2022-06-30 09:55:00+05:30,2041.2,2041.2,2020.0,2020.0,100,3600
1082,2022-06-30 09:56:00+05:30,2020.0,2020.0,2020.0,2020.0,0,3600
1083,2022-06-30 09:57:00+05:30,2020.0,2020.0,2020.0,2020.0,0,3600
1084,2022-06-30 09:58:00+05:30,2020.0,2020.0,2020.0,2020.0,0,3600
1085,2022-06-30 09:59:00+05:30,2020.0,2020.0,2020.0,2020.0,0,3600
1086,2022-06-30 10:00:00+05:30,2020.0,2020.0,2020.0,2020.0,0,3600
1087,2022-06-30 10:01:00+05:30,2020.0,2020.0,2020.0,2020.0,0,3600
1088,2022-06-30 10:02:00+05:30,2020.0,2020.0,2020.0,2020.0,0,3600
1089,2022-06-30 10:03:00+05:30,2020.0,2020.0,2020.0,2020.0,0,3600
1090,2022-06-30 10:04:00+05:30,2020.0,2020.0,2020.0,2020.0,0,3600
1091,2022-06-30 10:05:00+05:30,2020.0,2020.0,2020.0,2020.0,0,3600
1092,2022-06-30 10:06:00+05:30,2020.0,2020.0,2020.0,2020.0,0,3600
1093,2022-06-30 10:07:00+05:30,2020.0,2020.0,2020.0,2020.0,0,3600
1094,2022-06-30 10:08:00+05:30,2020.0,2020.0,2020.0,2020.0,0,3600
1095,2022-06-30 10:09:00+05:30,2020.0,2020.0,2020.0,2020.0,0,3600
1096,2022-06-30 10:10:00+05:30,2020.0,2020.0,2020.0,2020.0,0,3600
1097,2022-06-30 10:11:00+05:30,2020.0,2020.0,2020.0,2020.0,0,3600
1098,2022-06-30 10:12:00+05:30,2020.0,2020.0,2020.0,2020.0,0,3600
1099,2022-06-30 10:13:00+05:30,2020.0,2020.0,2020.0,2020.0,0,3600
1100,2022-06-30 10:14:00+05:30,2020.0,2020.0,2020.0,2020.0,0,3600
1101,2022-06-30 10:15:00+05:30,2020.0,2020.0,2020.0,2020.0,0,3600
1102,2022-06-30 10:16:00+05:30,2020.0,2020.0,2020.0,2020.0,0,3600
1103,2022-06-30 10:17:00+05:30,2020.0,2020.0,2020.0,2020.0,0,3600
1104,2022-06-30 10:18:00+05:30,2020.0,2020.0,2020.0,2020.0,0,3600
1105,2022-06-30 10:19:00+05:30,2020.0,2020.0,2020.0,2020.0,0,3600
1106,2022-06-30 10:20:00+05:30,2020.0,2020.0,2020.0,2020.0,0,3600
1107,2022-06-30 10:21:00+05:30,2020.0,2020.0,2020.0,2020.0,0,3600
1108,2022-06-30 10:22:00+05:30,2020.0,2020.0,2020.0,2020.0,0,3600
1109,2022-06-30 10:23:00+05:30,2020.0,2020.0,2020.0,2020.0,0,3600
1110,2022-06-30 10:24:00+05:30,2020.0,2020.0,2020.0,2020.0,0,3600
1111,2022-06-30 10:25:00+05:30,2020.0,2020.0,2020.0,2020.0,0,3600
1112,2022-06-30 10:26:00+05:30,2020.0,2020.0,2020.0,2020.0,0,3600
1113,2022-06-30 10:27:00+05:30,2020.0,2020.0,2020.0,2020.0,0,3600
1114,2022-06-30 10:28:00+05:30,2020.0,2020.0,2020.0,2020.0,0,3600
1115,2022-06-30 10:29:00+05:30,2020.0,2020.0,2020.0,2020.0,0,3600
1116,2022-06-30 10:30:00+05:30,2020.0,2020.0,2020.0,2020.0,0,3600
1117,2022-06-30 10:31:00+05:30,2020.0,2020.0,2020.0,2020.0,0,3600
1118,2022-06-30 10:32:00+05:30,2020.0,2020.0,2020.0,2020.0,0,3600
1119,2022-06-30 10:33:00+05:30,2020.0,2020.0,2020.0,2020.0,0,3600
1120,2022-06-30 10:34:00+05:30,2020.0,2020.0,2020.0,2020.0,0,3600
1121,2022-06-30 10:35:00+05:30,2020.0,2020.0,2020.0,2020.0,0,3600
1122,2022-06-30 10:36:00+05:30,2020.0,2020.0,2020.0,2020.0,0,3600
1123,2022-06-30 10:37:00+05:30,2020.0,2020.0,2020.0,2020.0,0,3600
1124,2022-06-30 10:38:00+05:30,2020.0,2020.0,2020.0,2020.0,0,3600
1125,2022-06-30 10:39:00+05:30,2020.0,2020.0,2020.0,2020.0,0,3600
1126,2022-06-30 10:40:00+05:30,2020.0,2080.0,2020.0,2080.0,200,3700
1127,2022-06-30 10:41:00+05:30,2080.0,2080.0,2080.0,2080.0,0,3700
1128,2022-06-30 10:42:00+05:30,2080.0,2080.0,2075.0,2075.0,50,3900
1129,2022-06-30 10:43:00+05:30,2075.0,2075.0,2075.0,2075.0,50,3900
1130,2022-06-30 10:44:00+05:30,2075.0,2075.0,2075.0,2075.0,0,3900
1131,2022-06-30 10:45:00+05:30,2075.0,2075.0,2075.0,2075.0,0,3900
1132,2022-06-30 10:46:00+05:30,2075.0,2075.0,2050.0,2050.0,200,4000
1133,2022-06-30 10:47:00+05:30,2050.0,2050.0,2050.0,2050.0,0,4000
1134,2022-06-30 10:48:00+05:30,2050.0,2050.0,2050.0,2050.0,0,4000
1135,2022-06-30 10:49:00+05:30,2050.0,2050.0,2050.0,2050.0,0,4000
1136,2022-06-30 10:50:00+05:30,2050.0,2050.0,2050.0,2050.0,0,4000
1137,2022-06-30 10:51:00+05:30,2050.0,2050.0,2050.0,2050.0,0,4000
1138,2022-06-30 10:52:00+05:30,2050.0,2050.0,2050.0,2050.0,0,4000
1139,2022-06-30 10:53:00+05:30,2050.0,2080.0,2050.0,2080.0,50,4200
1140,2022-06-30 10:54:00+05:30,2080.0,2080.0,2080.0,2080.0,0,4200
1141,2022-06-30 10:55:00+05:30,2080.0,2080.0,2080.0,2080.0,0,4200
1142,2022-06-30 10:56:00+05:30,2080.0,2080.0,2080.0,2080.0,0,4200
1143,2022-06-30 10:57:00+05:30,2080.0,2080.0,2080.0,2080.0,0,4200
1144,2022-06-30 10:58:00+05:30,2080.0,2080.0,2080.0,2080.0,0,4200
1145,2022-06-30 10:59:00+05:30,2080.0,2080.0,2080.0,2080.0,0,4200
1146,2022-06-30 11:00:00+05:30,2080.0,2099.65,2080.0,2099.65,250,4250
1147,2022-06-30 11:01:00+05:30,2099.65,2099.65,2099.65,2099.65,0,4250
1148,2022-06-30 11:02:00+05:30,2099.65,2099.65,2099.65,2099.65,0,4250
1149,2022-06-30 11:03:00+05:30,2099.65,2099.65,2099.65,2099.65,0,4250
1150,2022-06-30 11:04:00+05:30,2099.65,2099.65,2099.65,2099.65,0,4250
1151,2022-06-30 11:05:00+05:30,2099.65,2099.65,2099.65,2099.65,0,4250
1152,2022-06-30 11:06:00+05:30,2099.65,2099.65,2099.65,2099.65,0,4250
1153,2022-06-30 11:07:00+05:30,2099.65,2099.65,2099.65,2099.65,0,4250
1154,2022-06-30 11:08:00+05:30,2099.65,2099.65,2099.65,2099.65,0,4250
1155,2022-06-30 11:09:00+05:30,2099.65,2099.65,2099.65,2099.65,0,4250
1156,2022-06-30 11:10:00+05:30,2099.65,2099.65,2099.65,2099.65,0,4250
1157,2022-06-30 11:11:00+05:30,2099.65,2099.65,2099.65,2099.65,0,4250
1158,2022-06-30 11:12:00+05:30,2099.65,2099.65,2099.65,2099.65,0,4250
1159,2022-06-30 11:13:00+05:30,2099.65,2099.65,2099.65,2099.65,0,4250
1160,2022-06-30 11:14:00+05:30,2099.65,2128.8,2099.65,2128.8,50,4300
1161,2022-06-30 11:15:00+05:30,2128.8,2128.8,2128.8,2128.8,0,4300
1162,2022-06-30 11:16:00+05:30,2128.8,2128.8,2128.8,2128.8,0,4300
1163,2022-06-30 11:17:00+05:30,2128.8,2128.8,2128.8,2128.8,0,4300
1164,2022-06-30 11:18:00+05:30,2128.8,2128.8,2128.8,2128.8,0,4300
1165,2022-06-30 11:19:00+05:30,2128.8,2128.8,2128.8,2128.8,0,4300
1166,2022-06-30 11:20:00+05:30,2128.8,2128.8,2111.65,2111.65,100,4300
1167,2022-06-30 11:21:00+05:30,2111.65,2111.65,2111.65,2111.65,0,4300
1168,2022-06-30 11:22:00+05:30,2111.65,2111.65,2111.65,2111.65,0,4300
1169,2022-06-30 11:23:00+05:30,2111.65,2111.65,2111.65,2111.65,0,4300
1170,2022-06-30 11:24:00+05:30,2111.65,2111.65,2111.65,2111.65,0,4300
1171,2022-06-30 11:25:00+05:30,2111.65,2111.65,2111.65,2111.65,0,4300
1172,2022-06-30 11:26:00+05:30,2111.65,2111.65,2094.95,2094.95,50,4400
1173,2022-06-30 11:27:00+05:30,2094.95,2094.95,2094.95,2094.95,150,4400
1174,2022-06-30 11:28:00+05:30,2094.95,2094.95,2094.95,2094.95,0,4400
1175,2022-06-30 11:29:00+05:30,2094.95,2094.95,2094.95,2094.95,0,4400
1176,2022-06-30 11:30:00+05:30,2094.95,2094.95,2094.95,2094.95,0,4400
1177,2022-06-30 11:31:00+05:30,2094.95,2094.95,2094.95,2094.95,0,4400
1178,2022-06-30 11:32:00+05:30,2094.95,2094.95,2094.95,2094.95,0,4400
1179,2022-06-30 11:33:00+05:30,2094.95,2094.95,2094.95,2094.95,0,4400
1180,2022-06-30 11:34:00+05:30,2094.95,2101.9,2094.95,2101.9,50,4500
1181,2022-06-30 11:35:00+05:30,2101.9,2101.9,2101.9,2101.9,0,4500
1182,2022-06-30 11:36:00+05:30,2101.9,2101.9,2101.9,2101.9,0,4500
1183,2022-06-30 11:37:00+05:30,2101.9,2105.9,2101.9,2105.9,50,4550
1184,2022-06-30 11:38:00+05:30,2105.9,2105.9,2105.9,2105.9,0,4550
1185,2022-06-30 11:39:00+05:30,2105.9,2105.9,2105.9,2105.9,0,4550
1186,2022-06-30 11:40:00+05:30,2105.9,2105.9,2105.9,2105.9,0,4550
1187,2022-06-30 11:41:00+05:30,2105.9,2105.9,2105.9,2105.9,0,4550
1188,2022-06-30 11:42:00+05:30,2105.9,2105.9,2105.9,2105.9,0,4550
1189,2022-06-30 11:43:00+05:30,2105.9,2105.9,2105.9,2105.9,0,4550
1190,2022-06-30 11:44:00+05:30,2105.9,2105.9,2105.9,2105.9,0,4550
1191,2022-06-30 11:45:00+05:30,2105.9,2105.9,2105.9,2105.9,0,4550
1192,2022-06-30 11:46:00+05:30,2105.9,2105.9,2105.9,2105.9,0,4550
1193,2022-06-30 11:47:00+05:30,2105.9,2105.9,2105.9,2105.9,0,4550
1194,2022-06-30 11:48:00+05:30,2105.9,2105.9,2105.9,2105.9,0,4550
1195,2022-06-30 11:49:00+05:30,2105.9,2105.9,2105.9,2105.9,0,4550
1196,2022-06-30 11:50:00+05:30,2105.9,2105.9,2105.9,2105.9,0,4550
1197,2022-06-30 11:51:00+05:30,2105.9,2105.9,2105.9,2105.9,0,4550
1198,2022-06-30 11:52:00+05:30,2105.9,2105.9,2105.9,2105.9,0,4550
1199,2022-06-30 11:53:00+05:30,2105.9,2110.0,2105.9,2110.0,50,4600
1200,2022-06-30 11:54:00+05:30,2110.0,2110.0,2110.0,2110.0,0,4600
1201,2022-06-30 11:55:00+05:30,2110.0,2110.0,2110.0,2110.0,0,4600
1202,2022-06-30 11:56:00+05:30,2110.0,2110.0,2110.0,2110.0,0,4600
1203,2022-06-30 11:57:00+05:30,2110.0,2110.0,2110.0,2110.0,0,4600
1204,2022-06-30 11:58:00+05:30,2110.0,2110.0,2110.0,2110.0,0,4600
1205,2022-06-30 11:59:00+05:30,2110.0,2110.0,2110.0,2110.0,0,4600
1206,2022-06-30 12:00:00+05:30,2110.0,2110.0,2110.0,2110.0,0,4600
1207,2022-06-30 12:01:00+05:30,2110.0,2110.0,2110.0,2110.0,0,4600
1208,2022-06-30 12:02:00+05:30,2110.0,2110.0,2110.0,2110.0,0,4600
1209,2022-06-30 12:03:00+05:30,2110.0,2110.0,2110.0,2110.0,0,4600
1210,2022-06-30 12:04:00+05:30,2110.0,2110.0,2110.0,2110.0,0,4600
1211,2022-06-30 12:05:00+05:30,2110.0,2110.0,2110.0,2110.0,0,4600
1212,2022-06-30 12:06:00+05:30,2110.0,2110.0,2110.0,2110.0,0,4600
1213,2022-06-30 12:07:00+05:30,2110.0,2110.0,2110.0,2110.0,0,4600
1214,2022-06-30 12:08:00+05:30,2110.0,2110.0,2110.0,2110.0,0,4600
1215,2022-06-30 12:09:00+05:30,2110.0,2110.0,2110.0,2110.0,0,4600
1216,2022-06-30 12:10:00+05:30,2110.0,2110.0,2110.0,2110.0,0,4600
1217,2022-06-30 12:11:00+05:30,2110.0,2130.0,2110.0,2130.0,100,4650
1218,2022-06-30 12:12:00+05:30,2130.0,2130.0,2130.0,2130.0,0,4650
1219,2022-06-30 12:13:00+05:30,2130.0,2130.0,2130.0,2130.0,0,4650
1220,2022-06-30 12:14:00+05:30,2130.0,2130.0,2130.0,2130.0,0,4650
1221,2022-06-30 12:15:00+05:30,2130.0,2130.0,2130.0,2130.0,0,4650
1222,2022-06-30 12:16:00+05:30,2130.0,2130.0,2130.0,2130.0,0,4650
1223,2022-06-30 12:17:00+05:30,2130.0,2130.0,2130.0,2130.0,0,4650
1224,2022-06-30 12:18:00+05:30,2130.0,2130.0,2130.0,2130.0,0,4650
1225,2022-06-30 12:19:00+05:30,2130.0,2130.0,2130.0,2130.0,0,4650
1226,2022-06-30 12:20:00+05:30,2130.0,2130.0,2130.0,2130.0,0,4650
1227,2022-06-30 12:21:00+05:30,2130.0,2130.0,2130.0,2130.0,0,4650
1228,2022-06-30 12:22:00+05:30,2130.0,2130.0,2130.0,2130.0,0,4650
1229,2022-06-30 12:23:00+05:30,2130.0,2130.0,2130.0,2130.0,0,4650
1230,2022-06-30 12:24:00+05:30,2130.0,2130.0,2130.0,2130.0,0,4650
1231,2022-06-30 12:25:00+05:30,2130.0,2130.0,2130.0,2130.0,0,4650
1232,2022-06-30 12:26:00+05:30,2130.0,2130.0,2130.0,2130.0,0,4650
1233,2022-06-30 12:27:00+05:30,2130.0,2130.0,2130.0,2130.0,0,4650
1234,2022-06-30 12:28:00+05:30,2130.0,2130.0,2130.0,2130.0,0,4650
1235,2022-06-30 12:29:00+05:30,2130.0,2130.0,2130.0,2130.0,0,4650
1236,2022-06-30 12:30:00+05:30,2130.0,2130.0,2130.0,2130.0,0,4650
1237,2022-06-30 12:31:00+05:30,2130.0,2130.0,2130.0,2130.0,0,4650
1238,2022-06-30 12:32:00+05:30,2130.0,2130.0,2130.0,2130.0,0,4650
1239,2022-06-30 12:33:00+05:30,2130.0,2130.0,2130.0,2130.0,0,4650
1240,2022-06-30 12:34:00+05:30,2130.0,2130.0,2130.0,2130.0,0,4650
1241,2022-06-30 12:35:00+05:30,2130.0,2130.0,2130.0,2130.0,0,4650
1242,2022-06-30 12:36:00+05:30,2130.0,2130.0,2130.0,2130.0,0,4650
1243,2022-06-30 12:37:00+05:30,2130.0,2130.0,2130.0,2130.0,0,4650
1244,2022-06-30 12:38:00+05:30,2130.0,2130.0,2130.0,2130.0,0,4650
1245,2022-06-30 12:39:00+05:30,2130.0,2130.0,2130.0,2130.0,0,4650
1246,2022-06-30 12:40:00+05:30,2130.0,2130.0,2130.0,2130.0,0,4650
1247,2022-06-30 12:41:00+05:30,2130.0,2130.0,2130.0,2130.0,0,4650
1248,2022-06-30 12:42:00+05:30,2130.0,2130.0,2130.0,2130.0,0,4650
1249,2022-06-30 12:43:00+05:30,2130.0,2130.0,2130.0,2130.0,0,4650
1250,2022-06-30 12:44:00+05:30,2130.0,2130.0,2130.0,2130.0,0,4650
1251,2022-06-30 12:45:00+05:30,2130.0,2130.0,2130.0,2130.0,0,4650
1252,2022-06-30 12:46:00+05:30,2130.0,2130.0,2130.0,2130.0,0,4650
1253,2022-06-30 12:47:00+05:30,2130.0,2130.0,2130.0,2130.0,0,4650
1254,2022-06-30 12:48:00+05:30,2130.0,2130.0,2130.0,2130.0,0,4650
1255,2022-06-30 12:49:00+05:30,2130.0,2130.0,2130.0,2130.0,0,4650
1256,2022-06-30 12:50:00+05:30,2130.0,2130.0,2130.0,2130.0,0,4650
1257,2022-06-30 12:51:00+05:30,2130.0,2140.0,2130.0,2140.0,100,4750
1258,2022-06-30 12:52:00+05:30,2140.0,2140.0,2140.0,2140.0,0,4750
1259,2022-06-30 12:53:00+05:30,2140.0,2140.0,2140.0,2140.0,0,4750
1260,2022-06-30 12:54:00+05:30,2140.0,2140.0,2140.0,2140.0,0,4750
1261,2022-06-30 12:55:00+05:30,2140.0,2140.0,2140.0,2140.0,0,4750
1262,2022-06-30 12:56:00+05:30,2140.0,2140.0,2140.0,2140.0,0,4750
1263,2022-06-30 12:57:00+05:30,2140.0,2140.0,2140.0,2140.0,0,4750
1264,2022-06-30 12:58:00+05:30,2140.0,2140.0,2140.0,2140.0,0,4750
1265,2022-06-30 12:59:00+05:30,2140.0,2140.0,2140.0,2140.0,0,4750
1266,2022-06-30 13:00:00+05:30,2140.0,2140.0,2140.0,2140.0,0,4750
1267,2022-06-30 13:01:00+05:30,2140.0,2140.0,2140.0,2140.0,0,4750
1268,2022-06-30 13:02:00+05:30,2140.0,2140.0,2140.0,2140.0,0,4750
1269,2022-06-30 13:03:00+05:30,2140.0,2140.0,2140.0,2140.0,0,4750
1270,2022-06-30 13:04:00+05:30,2140.0,2140.0,2140.0,2140.0,0,4750
1271,2022-06-30 13:05:00+05:30,2140.0,2140.0,2140.0,2140.0,0,4750
1272,2022-06-30 13:06:00+05:30,2140.0,2140.0,2140.0,2140.0,0,4750
1273,2022-06-30 13:07:00+05:30,2140.0,2140.0,2140.0,2140.0,0,4750
1274,2022-06-30 13:08:00+05:30,2140.0,2140.0,2140.0,2140.0,0,4750
1275,2022-06-30 13:09:00+05:30,2140.0,2140.0,2140.0,2140.0,0,4750
1276,2022-06-30 13:10:00+05:30,2140.0,2140.0,2140.0,2140.0,0,4750
1277,2022-06-30 13:11:00+05:30,2140.0,2140.0,2140.0,2140.0,0,4750
1278,2022-06-30 13:12:00+05:30,2140.0,2140.0,2140.0,2140.0,0,4750
1279,2022-06-30 13:13:00+05:30,2140.0,2140.0,2110.0,2110.0,50,4850
1280,2022-06-30 13:14:00+05:30,2110.0,2110.0,2110.0,2110.0,0,4850
1281,2022-06-30 13:15:00+05:30,2110.0,2110.0,2110.0,2110.0,0,4850
1282,2022-06-30 13:16:00+05:30,2110.0,2110.0,2110.0,2110.0,0,4850
1283,2022-06-30 13:17:00+05:30,2110.0,2110.0,2110.0,2110.0,0,4850
1284,2022-06-30 13:18:00+05:30,2110.0,2110.0,2110.0,2110.0,0,4850
1285,2022-06-30 13:19:00+05:30,2110.0,2110.0,2110.0,2110.0,0,4850
1286,2022-06-30 13:20:00+05:30,2110.0,2110.0,2110.0,2110.0,0,4850
1287,2022-06-30 13:21:00+05:30,2110.0,2110.0,2110.0,2110.0,0,4850
1288,2022-06-30 13:22:00+05:30,2110.0,2110.0,2110.0,2110.0,0,4850
1289,2022-06-30 13:23:00+05:30,2110.0,2110.0,2110.0,2110.0,0,4850
1290,2022-06-30 13:24:00+05:30,2110.0,2110.0,2110.0,2110.0,0,4850
1291,2022-06-30 13:25:00+05:30,2110.0,2110.0,2110.0,2110.0,0,4850
1292,2022-06-30 13:26:00+05:30,2110.0,2110.0,2110.0,2110.0,0,4850
1293,2022-06-30 13:27:00+05:30,2110.0,2110.0,2110.0,2110.0,0,4850
1294,2022-06-30 13:28:00+05:30,2110.0,2110.0,2110.0,2110.0,0,4850
1295,2022-06-30 13:29:00+05:30,2110.0,2110.0,2110.0,2110.0,0,4850
1296,2022-06-30 13:30:00+05:30,2110.0,2110.0,2090.5,2090.5,100,4950
1297,2022-06-30 13:31:00+05:30,2090.5,2090.5,2090.5,2090.5,0,4950
1298,2022-06-30 13:32:00+05:30,2090.5,2090.5,2090.5,2090.5,0,4950
1299,2022-06-30 13:33:00+05:30,2090.5,2090.5,2090.5,2090.5,0,4950
1300,2022-06-30 13:34:00+05:30,2090.5,2090.5,2090.5,2090.5,0,4950
1301,2022-06-30 13:35:00+05:30,2090.5,2090.5,2090.5,2090.5,0,4950
1302,2022-06-30 13:36:00+05:30,2090.5,2090.5,2090.5,2090.5,0,4950
1303,2022-06-30 13:37:00+05:30,2090.5,2090.5,2090.5,2090.5,0,4950
1304,2022-06-30 13:38:00+05:30,2090.5,2090.5,2066.25,2074.25,150,5000
1305,2022-06-30 13:39:00+05:30,2074.25,2074.25,2074.25,2074.25,0,5000
1306,2022-06-30 13:40:00+05:30,2074.25,2074.25,2074.25,2074.25,0,5000
1307,2022-06-30 13:41:00+05:30,2074.25,2074.25,2074.25,2074.25,0,5000
1308,2022-06-30 13:42:00+05:30,2074.25,2074.25,2074.25,2074.25,0,5000
1309,2022-06-30 13:43:00+05:30,2074.25,2074.25,2074.25,2074.25,0,5000
1310,2022-06-30 13:44:00+05:30,2074.25,2074.25,2074.25,2074.25,0,5000
1311,2022-06-30 13:45:00+05:30,2074.25,2074.25,2074.25,2074.25,0,5000
1312,2022-06-30 13:46:00+05:30,2074.25,2074.25,2074.25,2074.25,50,5150
1313,2022-06-30 13:47:00+05:30,2074.25,2074.25,2072.95,2074.2,50,5150
1314,2022-06-30 13:48:00+05:30,2074.2,2074.2,2074.2,2074.2,50,5150
1315,2022-06-30 13:49:00+05:30,2074.2,2074.2,2074.2,2074.2,0,5150
1316,2022-06-30 13:50:00+05:30,2074.2,2074.2,2074.2,2074.2,0,5150
1317,2022-06-30 13:51:00+05:30,2074.2,2074.2,2074.2,2074.2,0,5150
1318,2022-06-30 13:52:00+05:30,2074.2,2074.2,2074.2,2074.2,0,5150
1319,2022-06-30 13:53:00+05:30,2074.2,2074.2,2074.2,2074.2,0,5150
1320,2022-06-30 13:54:00+05:30,2074.2,2074.2,2074.2,2074.2,0,5150
1321,2022-06-30 13:55:00+05:30,2074.2,2074.2,2074.2,2074.2,0,5150
1322,2022-06-30 13:56:00+05:30,2074.2,2074.2,2074.2,2074.2,0,5150
1323,2022-06-30 13:57:00+05:30,2074.2,2074.2,2074.2,2074.2,0,5150
1324,2022-06-30 13:58:00+05:30,2074.2,2074.2,2074.2,2074.2,0,5150
1325,2022-06-30 13:59:00+05:30,2074.2,2074.2,2074.2,2074.2,0,5150
1326,2022-06-30 14:00:00+05:30,2074.2,2074.2,2074.2,2074.2,0,5150
1327,2022-06-30 14:01:00+05:30,2074.2,2074.2,2074.2,2074.2,0,5150
1328,2022-06-30 14:02:00+05:30,2074.2,2074.2,2074.2,2074.2,0,5150
1329,2022-06-30 14:03:00+05:30,2074.2,2090.0,2074.2,2090.0,100,5300
1330,2022-06-30 14:04:00+05:30,2090.0,2090.0,2090.0,2090.0,0,5300
1331,2022-06-30 14:05:00+05:30,2090.0,2090.0,2090.0,2090.0,0,5300
1332,2022-06-30 14:06:00+05:30,2090.0,2090.0,2090.0,2090.0,0,5300
1333,2022-06-30 14:07:00+05:30,2090.0,2090.0,2090.0,2090.0,0,5300
1334,2022-06-30 14:08:00+05:30,2090.0,2090.0,2090.0,2090.0,0,5300
1335,2022-06-30 14:09:00+05:30,2090.0,2090.0,2090.0,2090.0,0,5300
1336,2022-06-30 14:10:00+05:30,2090.0,2090.0,2090.0,2090.0,0,5300
1337,2022-06-30 14:11:00+05:30,2090.0,2090.0,2090.0,2090.0,0,5300
1338,2022-06-30 14:12:00+05:30,2090.0,2090.0,2090.0,2090.0,0,5300
1339,2022-06-30 14:13:00+05:30,2090.0,2090.0,2090.0,2090.0,0,5300
1340,2022-06-30 14:14:00+05:30,2090.0,2090.0,2090.0,2090.0,0,5300
1341,2022-06-30 14:15:00+05:30,2090.0,2090.0,2090.0,2090.0,0,5300
1342,2022-06-30 14:16:00+05:30,2090.0,2090.0,2090.0,2090.0,0,5300
1343,2022-06-30 14:17:00+05:30,2090.0,2090.0,2059.55,2059.55,50,5400
1344,2022-06-30 14:18:00+05:30,2059.55,2059.55,2059.55,2059.55,0,5400
1345,2022-06-30 14:19:00+05:30,2059.55,2064.15,2059.55,2064.15,50,5450
1346,2022-06-30 14:20:00+05:30,2064.15,2064.15,2064.15,2064.15,0,5450
1347,2022-06-30 14:21:00+05:30,2064.15,2064.15,2064.15,2064.15,0,5450
1348,2022-06-30 14:22:00+05:30,2064.15,2064.15,2042.0,2042.0,100,5500
1349,2022-06-30 14:23:00+05:30,2042.0,2042.0,2042.0,2042.0,0,5500
1350,2022-06-30 14:24:00+05:30,2042.0,2042.0,2042.0,2042.0,0,5500
1351,2022-06-30 14:25:00+05:30,2042.0,2042.0,2042.0,2042.0,0,5500
1352,2022-06-30 14:26:00+05:30,2042.0,2042.0,2042.0,2042.0,0,5500
1353,2022-06-30 14:27:00+05:30,2042.0,2042.0,2042.0,2042.0,0,5500
1354,2022-06-30 14:28:00+05:30,2042.0,2042.0,2042.0,2042.0,0,5500
1355,2022-06-30 14:29:00+05:30,2042.0,2042.0,2042.0,2042.0,0,5500
1356,2022-06-30 14:30:00+05:30,2042.0,2042.0,2042.0,2042.0,0,5500
1357,2022-06-30 14:31:00+05:30,2042.0,2042.0,2042.0,2042.0,0,5500
1358,2022-06-30 14:32:00+05:30,2042.0,2042.0,2042.0,2042.0,0,5500
1359,2022-06-30 14:33:00+05:30,2042.0,2042.0,2042.0,2042.0,0,5500
1360,2022-06-30 14:34:00+05:30,2042.0,2042.0,2042.0,2042.0,0,5500
1361,2022-06-30 14:35:00+05:30,2042.0,2042.0,2042.0,2042.0,0,5500
1362,2022-06-30 14:36:00+05:30,2042.0,2068.65,2042.0,2068.65,100,5650
1363,2022-06-30 14:37:00+05:30,2068.65,2068.65,2068.65,2068.65,0,5650
1364,2022-06-30 14:38:00+05:30,2068.65,2068.65,2068.65,2068.65,0,5650
1365,2022-06-30 14:39:00+05:30,2068.65,2068.65,2068.65,2068.65,0,5650
1366,2022-06-30 14:40:00+05:30,2068.65,2068.65,2068.65,2068.65,0,5650
1367,2022-06-30 14:41:00+05:30,2068.65,2068.65,2068.65,2068.65,0,5650
1368,2022-06-30 14:42:00+05:30,2068.65,2068.65,2068.65,2068.65,0,5650
1369,2022-06-30 14:43:00+05:30,2068.65,2068.65,2068.65,2068.65,0,5650
1370,2022-06-30 14:44:00+05:30,2068.65,2068.65,2068.65,2068.65,0,5650
1371,2022-06-30 14:45:00+05:30,2068.65,2068.65,2068.65,2068.65,0,5650
1372,2022-06-30 14:46:00+05:30,2068.65,2068.65,2068.65,2068.65,0,5650
1373,2022-06-30 14:47:00+05:30,2068.65,2100.0,2068.65,2100.0,50,5700
1374,2022-06-30 14:48:00+05:30,2100.0,2100.0,2100.0,2100.0,50,5750
1375,2022-06-30 14:49:00+05:30,2100.0,2100.0,2100.0,2100.0,50,5750
1376,2022-06-30 14:50:00+05:30,2100.0,2100.0,2100.0,2100.0,50,5750
1377,2022-06-30 14:51:00+05:30,2100.0,2100.0,2100.0,2100.0,0,5750
1378,2022-06-30 14:52:00+05:30,2100.0,2100.0,2100.0,2100.0,50,5900
1379,2022-06-30 14:53:00+05:30,2100.0,2100.0,2100.0,2100.0,0,5900
1380,2022-06-30 14:54:00+05:30,2100.0,2100.0,2100.0,2100.0,0,5900
1381,2022-06-30 14:55:00+05:30,2100.0,2100.0,2100.0,2100.0,0,5900
1382,2022-06-30 14:56:00+05:30,2100.0,2100.0,2100.0,2100.0,0,5900
1383,2022-06-30 14:57:00+05:30,2100.0,2100.0,2100.0,2100.0,0,5900
1384,2022-06-30 14:58:00+05:30,2100.0,2100.0,2100.0,2100.0,0,5900
1385,2022-06-30 14:59:00+05:30,2100.0,2100.0,2100.0,2100.0,0,5900
1386,2022-06-30 15:00:00+05:30,2100.0,2100.0,2100.0,2100.0,50,5950
1387,2022-06-30 15:01:00+05:30,2100.0,2100.0,2100.0,2100.0,0,5950
1388,2022-06-30 15:02:00+05:30,2100.0,2100.0,2100.0,2100.0,0,5950
1389,2022-06-30 15:03:00+05:30,2100.0,2100.0,2100.0,2100.0,0,5950
1390,2022-06-30 15:04:00+05:30,2100.0,2100.0,2100.0,2100.0,0,5950
1391,2022-06-30 15:05:00+05:30,2100.0,2100.0,2100.0,2100.0,0,5950
1392,2022-06-30 15:06:00+05:30,2100.0,2100.0,2100.0,2100.0,0,5950
1393,2022-06-30 15:07:00+05:30,2100.0,2115.0,2100.0,2115.0,50,6000
1394,2022-06-30 15:08:00+05:30,2115.0,2115.0,2115.0,2115.0,0,6000
1395,2022-06-30 15:09:00+05:30,2115.0,2115.0,2115.0,2115.0,0,6000
1396,2022-06-30 15:10:00+05:30,2115.0,2115.0,2115.0,2115.0,0,6000
1397,2022-06-30 15:11:00+05:30,2115.0,2115.0,2115.0,2115.0,0,6000
1398,2022-06-30 15:12:00+05:30,2115.0,2115.0,2115.0,2115.0,0,6000
1399,2022-06-30 15:13:00+05:30,2115.0,2115.0,2115.0,2115.0,0,6000
1400,2022-06-30 15:14:00+05:30,2115.0,2115.0,2115.0,2115.0,0,6000
1401,2022-06-30 15:15:00+05:30,2115.0,2115.0,2115.0,2115.0,0,6000
1402,2022-06-30 15:16:00+05:30,2115.0,2115.0,2115.0,2115.0,0,6000
1403,2022-06-30 15:17:00+05:30,2115.0,2115.0,2115.0,2115.0,0,6000
1404,2022-06-30 15:18:00+05:30,2115.0,2115.0,2115.0,2115.0,0,6000
1405,2022-06-30 15:19:00+05:30,2115.0,2115.0,2115.0,2115.0,0,6000
1406,2022-06-30 15:20:00+05:30,2115.0,2115.0,2115.0,2115.0,0,6000
1407,2022-06-30 15:21:00+05:30,2115.0,2115.0,2115.0,2115.0,0,6000
1408,2022-06-30 15:22:00+05:30,2115.0,2115.0,2115.0,2115.0,0,6000
1409,2022-06-30 15:23:00+05:30,2115.0,2115.0,2115.0,2115.0,0,6000
1410,2022-06-30 15:24:00+05:30,2115.0,2115.0,2115.0,2115.0,0,6000
1411,2022-06-30 15:25:00+05:30,2115.0,2115.0,2115.0,2115.0,0,6000
1412,2022-06-30 15:26:00+05:30,2115.0,2153.0,2115.0,2153.0,50,6050
1413,2022-06-30 15:27:00+05:30,2153.0,2153.0,2153.0,2153.0,0,6050
1414,2022-06-30 15:28:00+05:30,2153.0,2153.0,2153.0,2153.0,0,6050
1415,2022-06-30 15:29:00+05:30,2153.0,2153.0,2153.0,2153.0,0,6050
1416,2022-07-01 09:15:00+05:30,2209.4,2209.4,2209.4,2209.4,0,0
1417,2022-07-01 09:19:00+05:30,2209.4,2209.4,2209.4,2209.4,0,6100
1418,2022-07-01 09:20:00+05:30,2209.4,2209.4,2209.4,2209.4,0,6100
1419,2022-07-01 09:21:00+05:30,2209.4,2209.4,2209.4,2209.4,0,6100
1420,2022-07-01 09:22:00+05:30,2209.4,2209.4,2209.4,2209.4,0,6100
1421,2022-07-01 09:23:00+05:30,2209.4,2209.4,2209.4,2209.4,0,6100
1422,2022-07-01 09:24:00+05:30,2209.4,2209.4,2209.4,2209.4,0,6100
1423,2022-07-01 09:25:00+05:30,2209.4,2209.4,2209.4,2209.4,0,6100
1424,2022-07-01 09:26:00+05:30,2209.4,2209.4,2209.4,2209.4,0,6100
1425,2022-07-01 09:27:00+05:30,2209.4,2209.4,2194.65,2194.65,50,6100
1426,2022-07-01 09:28:00+05:30,2194.65,2194.65,2194.65,2194.65,0,6100
1427,2022-07-01 09:29:00+05:30,2194.65,2194.65,2194.65,2194.65,0,6100
1428,2022-07-01 09:30:00+05:30,2194.65,2194.65,2194.65,2194.65,0,6100
1429,2022-07-01 09:31:00+05:30,2194.65,2194.65,2194.65,2194.65,0,6100
1430,2022-07-01 09:32:00+05:30,2194.65,2194.65,2194.65,2194.65,0,6100
1431,2022-07-01 09:33:00+05:30,2194.65,2194.65,2194.65,2194.65,0,6100
1432,2022-07-01 09:34:00+05:30,2194.65,2194.65,2194.65,2194.65,0,6100
1433,2022-07-01 09:35:00+05:30,2194.65,2194.65,2194.65,2194.65,0,6100
1434,2022-07-01 09:36:00+05:30,2194.65,2194.65,2194.65,2194.65,0,6100
1435,2022-07-01 09:37:00+05:30,2194.65,2194.65,2194.65,2194.65,0,6100
1436,2022-07-01 09:38:00+05:30,2194.65,2194.65,2194.65,2194.65,0,6100
1437,2022-07-01 09:39:00+05:30,2194.65,2194.65,2194.65,2194.65,0,6100
1438,2022-07-01 09:40:00+05:30,2194.65,2194.65,2194.65,2194.65,0,6100
1439,2022-07-01 09:41:00+05:30,2194.65,2194.65,2194.65,2194.65,0,6100
1440,2022-07-01 09:42:00+05:30,2194.65,2194.65,2194.65,2194.65,0,6100
1441,2022-07-01 09:43:00+05:30,2194.65,2194.65,2194.65,2194.65,0,6100
1442,2022-07-01 09:44:00+05:30,2194.65,2194.65,2194.65,2194.65,0,6100
1443,2022-07-01 09:45:00+05:30,2194.65,2194.65,2194.65,2194.65,0,6100
1444,2022-07-01 09:46:00+05:30,2194.65,2194.65,2194.65,2194.65,0,6100
1445,2022-07-01 09:47:00+05:30,2194.65,2194.65,2194.65,2194.65,0,6100
1446,2022-07-01 09:48:00+05:30,2194.65,2194.65,2194.65,2194.65,0,6100
1447,2022-07-01 09:49:00+05:30,2194.65,2194.65,2194.65,2194.65,0,6100
1448,2022-07-01 09:50:00+05:30,2194.65,2194.65,2194.65,2194.65,0,6100
1449,2022-07-01 09:51:00+05:30,2194.65,2194.65,2194.65,2194.65,0,6100
1450,2022-07-01 09:52:00+05:30,2194.65,2194.65,2194.65,2194.65,0,6100
1451,2022-07-01 09:53:00+05:30,2194.65,2194.65,2194.65,2194.65,0,6100
1452,2022-07-01 09:54:00+05:30,2194.65,2194.65,2194.65,2194.65,0,6100
1453,2022-07-01 09:55:00+05:30,2194.65,2194.65,2194.65,2194.65,0,6100
1454,2022-07-01 09:56:00+05:30,2194.65,2194.65,2194.65,2194.65,0,6100
1455,2022-07-01 09:57:00+05:30,2194.65,2194.65,2194.65,2194.65,0,6100
1456,2022-07-01 09:58:00+05:30,2194.65,2194.65,2194.65,2194.65,0,6100
1457,2022-07-01 09:59:00+05:30,2194.65,2194.65,2194.65,2194.65,0,6100
1458,2022-07-01 10:00:00+05:30,2194.65,2194.65,2194.65,2194.65,0,6100
1459,2022-07-01 10:01:00+05:30,2194.65,2256.1,2194.65,2256.1,50,6150
1460,2022-07-01 10:02:00+05:30,2256.1,2256.1,2256.1,2256.1,0,6150
1461,2022-07-01 10:03:00+05:30,2256.1,2290.0,2256.1,2290.0,100,6200
1462,2022-07-01 10:04:00+05:30,2290.0,2290.0,2290.0,2290.0,0,6200
1463,2022-07-01 10:05:00+05:30,2290.0,2300.0,2290.0,2300.0,100,6100
1464,2022-07-01 10:06:00+05:30,2300.0,2305.9,2300.0,2305.9,100,6100
1465,2022-07-01 10:07:00+05:30,2305.9,2305.9,2305.9,2305.9,0,6100
1466,2022-07-01 10:08:00+05:30,2305.9,2305.9,2305.9,2305.9,0,6100
1467,2022-07-01 10:09:00+05:30,2305.9,2305.9,2305.9,2305.9,0,6100
1468,2022-07-01 10:10:00+05:30,2305.9,2305.9,2305.9,2305.9,0,6100
1469,2022-07-01 10:11:00+05:30,2305.9,2305.9,2305.9,2305.9,0,6100
1470,2022-07-01 10:12:00+05:30,2305.9,2305.9,2305.9,2305.9,0,6100
1471,2022-07-01 10:13:00+05:30,2305.9,2305.9,2305.9,2305.9,0,6100
1472,2022-07-01 10:14:00+05:30,2305.9,2305.9,2305.9,2305.9,0,6100
1473,2022-07-01 10:15:00+05:30,2305.9,2305.9,2305.9,2305.9,0,6100
1474,2022-07-01 10:16:00+05:30,2305.9,2305.9,2305.9,2305.9,0,6100
1475,2022-07-01 10:17:00+05:30,2305.9,2305.9,2305.9,2305.9,0,6100
1476,2022-07-01 10:18:00+05:30,2305.9,2305.9,2305.9,2305.9,0,6100
1477,2022-07-01 10:19:00+05:30,2305.9,2305.9,2305.9,2305.9,0,6100
1478,2022-07-01 10:20:00+05:30,2305.9,2305.9,2305.9,2305.9,0,6100
1479,2022-07-01 10:21:00+05:30,2305.9,2305.9,2305.9,2305.9,0,6100
1480,2022-07-01 10:22:00+05:30,2305.9,2305.9,2305.9,2305.9,0,6100
1481,2022-07-01 10:23:00+05:30,2305.9,2305.9,2305.9,2305.9,0,6100
1482,2022-07-01 10:24:00+05:30,2305.9,2305.9,2305.9,2305.9,0,6100
1483,2022-07-01 10:25:00+05:30,2305.9,2305.9,2305.9,2305.9,0,6100
1484,2022-07-01 10:26:00+05:30,2305.9,2305.9,2305.9,2305.9,0,6100
1485,2022-07-01 10:27:00+05:30,2305.9,2305.9,2305.9,2305.9,0,6100
1486,2022-07-01 10:28:00+05:30,2305.9,2305.9,2305.9,2305.9,0,6100
1487,2022-07-01 10:29:00+05:30,2305.9,2305.9,2305.9,2305.9,0,6100
1488,2022-07-01 10:30:00+05:30,2305.9,2305.9,2305.9,2305.9,0,6100
1489,2022-07-01 10:31:00+05:30,2305.9,2305.9,2305.9,2305.9,0,6100
1490,2022-07-01 10:32:00+05:30,2305.9,2305.9,2305.9,2305.9,0,6100
1491,2022-07-01 10:33:00+05:30,2305.9,2305.9,2305.9,2305.9,0,6100
1492,2022-07-01 10:34:00+05:30,2305.9,2305.9,2305.9,2305.9,0,6100
1493,2022-07-01 10:35:00+05:30,2305.9,2305.9,2305.9,2305.9,0,6100
1494,2022-07-01 10:36:00+05:30,2305.9,2305.9,2305.9,2305.9,0,6100
1495,2022-07-01 10:37:00+05:30,2305.9,2305.9,2305.9,2305.9,0,6100
1496,2022-07-01 10:38:00+05:30,2305.9,2305.9,2305.9,2305.9,0,6100
1497,2022-07-01 10:39:00+05:30,2305.9,2305.9,2305.9,2305.9,0,6100
1498,2022-07-01 10:40:00+05:30,2305.9,2305.9,2305.9,2305.9,0,6100
1499,2022-07-01 10:41:00+05:30,2305.9,2305.9,2305.9,2305.9,0,6100
1500,2022-07-01 10:42:00+05:30,2305.9,2305.9,2305.9,2305.9,0,6100
1501,2022-07-01 10:43:00+05:30,2305.9,2305.9,2305.9,2305.9,0,6100
1502,2022-07-01 10:44:00+05:30,2305.9,2305.9,2305.9,2305.9,0,6100
1503,2022-07-01 10:45:00+05:30,2305.9,2305.9,2305.9,2305.9,0,6100
1504,2022-07-01 10:46:00+05:30,2305.9,2305.9,2305.9,2305.9,0,6100
1505,2022-07-01 10:47:00+05:30,2305.9,2305.9,2305.9,2305.9,0,6100
1506,2022-07-01 10:48:00+05:30,2305.9,2305.9,2305.9,2305.9,0,6100
1507,2022-07-01 10:49:00+05:30,2305.9,2305.9,2305.9,2305.9,0,6100
1508,2022-07-01 10:50:00+05:30,2305.9,2305.9,2305.9,2305.9,0,6100
1509,2022-07-01 10:51:00+05:30,2305.9,2305.9,2305.9,2305.9,0,6100
1510,2022-07-01 10:52:00+05:30,2305.9,2305.9,2305.9,2305.9,0,6100
1511,2022-07-01 10:53:00+05:30,2305.9,2305.9,2305.9,2305.9,0,6100
1512,2022-07-01 10:54:00+05:30,2305.9,2305.9,2305.9,2305.9,0,6100
1513,2022-07-01 10:55:00+05:30,2305.9,2305.9,2305.9,2305.9,0,6100
1514,2022-07-01 10:56:00+05:30,2305.9,2305.9,2305.9,2305.9,0,6100
1515,2022-07-01 10:57:00+05:30,2305.9,2305.9,2305.9,2305.9,0,6100
1516,2022-07-01 10:58:00+05:30,2305.9,2305.9,2305.9,2305.9,0,6100
1517,2022-07-01 10:59:00+05:30,2305.9,2305.9,2305.9,2305.9,0,6100
1518,2022-07-01 11:00:00+05:30,2305.9,2305.9,2305.9,2305.9,0,6100
1519,2022-07-01 11:01:00+05:30,2305.9,2305.9,2305.9,2305.9,0,6100
1520,2022-07-01 11:02:00+05:30,2305.9,2305.9,2305.9,2305.9,0,6100
1521,2022-07-01 11:03:00+05:30,2305.9,2305.9,2305.9,2305.9,0,6100
1522,2022-07-01 11:04:00+05:30,2305.9,2305.9,2305.9,2305.9,0,6100
1523,2022-07-01 11:05:00+05:30,2305.9,2305.9,2305.9,2305.9,0,6100
1524,2022-07-01 11:06:00+05:30,2305.9,2305.9,2305.9,2305.9,0,6100
1525,2022-07-01 11:07:00+05:30,2305.9,2305.9,2305.9,2305.9,0,6100
1526,2022-07-01 11:08:00+05:30,2305.9,2305.9,2305.9,2305.9,0,6100
1527,2022-07-01 11:09:00+05:30,2305.9,2305.9,2305.9,2305.9,0,6100
1528,2022-07-01 11:10:00+05:30,2305.9,2305.9,2305.9,2305.9,0,6100
1529,2022-07-01 11:11:00+05:30,2305.9,2305.9,2305.9,2305.9,0,6100
1530,2022-07-01 11:12:00+05:30,2305.9,2305.9,2305.9,2305.9,0,6100
1531,2022-07-01 11:13:00+05:30,2305.9,2305.9,2305.9,2305.9,0,6100
1532,2022-07-01 11:14:00+05:30,2305.9,2305.9,2305.9,2305.9,0,6100
1533,2022-07-01 11:15:00+05:30,2305.9,2305.9,2305.9,2305.9,0,6100
1534,2022-07-01 11:16:00+05:30,2305.9,2305.9,2305.9,2305.9,0,6100
1535,2022-07-01 11:17:00+05:30,2305.9,2305.9,2305.9,2305.9,0,6100
1536,2022-07-01 11:18:00+05:30,2305.9,2305.9,2305.9,2305.9,0,6100
1537,2022-07-01 11:19:00+05:30,2305.9,2305.9,2305.9,2305.9,0,6100
1538,2022-07-01 11:20:00+05:30,2305.9,2305.9,2305.9,2305.9,0,6100
1539,2022-07-01 11:21:00+05:30,2305.9,2305.9,2305.9,2305.9,0,6100
1540,2022-07-01 11:22:00+05:30,2305.9,2305.9,2305.9,2305.9,0,6100
1541,2022-07-01 11:23:00+05:30,2305.9,2305.9,2305.9,2305.9,0,6100
1542,2022-07-01 11:24:00+05:30,2305.9,2305.9,2305.9,2305.9,0,6100
1543,2022-07-01 11:25:00+05:30,2305.9,2305.9,2305.9,2305.9,0,6100
1544,2022-07-01 11:26:00+05:30,2305.9,2305.9,2305.9,2305.9,0,6100
1545,2022-07-01 11:27:00+05:30,2305.9,2305.9,2305.9,2305.9,0,6100
1546,2022-07-01 11:28:00+05:30,2305.9,2305.9,2305.9,2305.9,0,6100
1547,2022-07-01 11:29:00+05:30,2305.9,2305.9,2305.9,2305.9,0,6100
1548,2022-07-01 11:30:00+05:30,2305.9,2305.9,2305.9,2305.9,0,6100
1549,2022-07-01 11:31:00+05:30,2305.9,2305.9,2305.9,2305.9,0,6100
1550,2022-07-01 11:32:00+05:30,2305.9,2305.9,2305.9,2305.9,0,6100
1551,2022-07-01 11:33:00+05:30,2305.9,2305.9,2305.9,2305.9,0,6100
1552,2022-07-01 11:34:00+05:30,2305.9,2305.9,2305.9,2305.9,0,6100
1553,2022-07-01 11:35:00+05:30,2305.9,2305.9,2305.9,2305.9,0,6100
1554,2022-07-01 11:36:00+05:30,2305.9,2305.9,2305.9,2305.9,0,6100
1555,2022-07-01 11:37:00+05:30,2305.9,2305.9,2305.9,2305.9,0,6100
1556,2022-07-01 11:38:00+05:30,2305.9,2305.9,2305.9,2305.9,0,6100
1557,2022-07-01 11:39:00+05:30,2305.9,2305.9,2305.9,2305.9,0,6100
1558,2022-07-01 11:40:00+05:30,2305.9,2305.9,2305.9,2305.9,0,6100
1559,2022-07-01 11:41:00+05:30,2305.9,2305.9,2305.9,2305.9,0,6100
1560,2022-07-01 11:42:00+05:30,2305.9,2305.9,2305.9,2305.9,0,6100
1561,2022-07-01 11:43:00+05:30,2305.9,2305.9,2305.9,2305.9,0,6100
1562,2022-07-01 11:44:00+05:30,2305.9,2305.9,2305.9,2305.9,0,6100
1563,2022-07-01 11:45:00+05:30,2305.9,2305.9,2305.9,2305.9,0,6100
1564,2022-07-01 11:46:00+05:30,2305.9,2305.9,2305.9,2305.9,0,6100
1565,2022-07-01 11:47:00+05:30,2305.9,2305.9,2305.9,2305.9,0,6100
1566,2022-07-01 11:48:00+05:30,2305.9,2305.9,2305.9,2305.9,0,6100
1567,2022-07-01 11:49:00+05:30,2305.9,2305.9,2305.9,2305.9,0,6100
1568,2022-07-01 11:50:00+05:30,2305.9,2305.9,2305.9,2305.9,0,6100
1569,2022-07-01 11:51:00+05:30,2305.9,2305.9,2305.9,2305.9,0,6100
1570,2022-07-01 11:52:00+05:30,2305.9,2305.9,2305.9,2305.9,0,6100
1571,2022-07-01 11:53:00+05:30,2305.9,2305.9,2305.9,2305.9,0,6100
1572,2022-07-01 11:54:00+05:30,2305.9,2305.9,2305.9,2305.9,0,6100
1573,2022-07-01 11:55:00+05:30,2305.9,2305.9,2305.9,2305.9,0,6100
1574,2022-07-01 11:56:00+05:30,2305.9,2305.9,2305.9,2305.9,0,6100
1575,2022-07-01 11:57:00+05:30,2305.9,2305.9,2305.9,2305.9,0,6100
1576,2022-07-01 11:58:00+05:30,2305.9,2305.9,2305.9,2305.9,0,6100
1577,2022-07-01 11:59:00+05:30,2305.9,2305.9,2305.9,2305.9,0,6100
1578,2022-07-01 12:00:00+05:30,2305.9,2305.9,2305.9,2305.9,0,6100
1579,2022-07-01 12:01:00+05:30,2305.9,2305.9,2305.9,2305.9,0,6100
1580,2022-07-01 12:02:00+05:30,2305.9,2305.9,2305.9,2305.9,0,6100
1581,2022-07-01 12:03:00+05:30,2305.9,2305.9,2305.9,2305.9,0,6100
1582,2022-07-01 12:04:00+05:30,2305.9,2305.9,2305.9,2305.9,0,6100
1583,2022-07-01 12:05:00+05:30,2305.9,2305.9,2305.9,2305.9,0,6100
1584,2022-07-01 12:06:00+05:30,2305.9,2305.9,2305.9,2305.9,0,6100
1585,2022-07-01 12:07:00+05:30,2305.9,2305.9,2305.9,2305.9,0,6100
1586,2022-07-01 12:08:00+05:30,2305.9,2305.9,2305.9,2305.9,0,6100
1587,2022-07-01 12:09:00+05:30,2305.9,2305.9,2305.9,2305.9,0,6100
1588,2022-07-01 12:10:00+05:30,2305.9,2305.9,2305.9,2305.9,0,6100
1589,2022-07-01 12:11:00+05:30,2305.9,2305.9,2305.9,2305.9,0,6100
1590,2022-07-01 12:12:00+05:30,2305.9,2305.9,2305.9,2305.9,0,6100
1591,2022-07-01 12:13:00+05:30,2305.9,2305.9,2305.9,2305.9,0,6100
1592,2022-07-01 12:14:00+05:30,2305.9,2305.9,2305.9,2305.9,0,6100
1593,2022-07-01 12:15:00+05:30,2305.9,2305.9,2305.9,2305.9,0,6100
1594,2022-07-01 12:16:00+05:30,2305.9,2305.9,2305.9,2305.9,0,6100
1595,2022-07-01 12:17:00+05:30,2305.9,2305.9,2305.9,2305.9,0,6100
1596,2022-07-01 12:18:00+05:30,2305.9,2305.9,2305.9,2305.9,0,6100
1597,2022-07-01 12:19:00+05:30,2305.9,2305.9,2305.9,2305.9,0,6100
1598,2022-07-01 12:20:00+05:30,2305.9,2305.9,2305.9,2305.9,0,6100
1599,2022-07-01 12:21:00+05:30,2305.9,2305.9,2305.9,2305.9,0,6100
1600,2022-07-01 12:22:00+05:30,2305.9,2305.9,2305.9,2305.9,0,6100
1601,2022-07-01 12:23:00+05:30,2305.9,2305.9,2305.9,2305.9,0,6100
1602,2022-07-01 12:24:00+05:30,2305.9,2305.9,2305.9,2305.9,0,6100
1603,2022-07-01 12:25:00+05:30,2305.9,2305.9,2305.9,2305.9,0,6100
1604,2022-07-01 12:26:00+05:30,2305.9,2305.9,2305.9,2305.9,0,6100
1605,2022-07-01 12:27:00+05:30,2305.9,2305.9,2305.9,2305.9,0,6100
1606,2022-07-01 12:28:00+05:30,2305.9,2305.9,2305.9,2305.9,0,6100
1607,2022-07-01 12:29:00+05:30,2305.9,2305.9,2305.9,2305.9,0,6100
1608,2022-07-01 12:30:00+05:30,2305.9,2305.9,2305.9,2305.9,0,6100
1609,2022-07-01 12:31:00+05:30,2305.9,2305.9,2305.9,2305.9,0,6100
1610,2022-07-01 12:32:00+05:30,2305.9,2305.9,2305.9,2305.9,0,6100
1611,2022-07-01 12:33:00+05:30,2305.9,2305.9,2305.9,2305.9,0,6100
1612,2022-07-01 12:34:00+05:30,2305.9,2305.9,2305.9,2305.9,0,6100
1613,2022-07-01 12:35:00+05:30,2305.9,2305.9,2305.9,2305.9,0,6100
1614,2022-07-01 12:36:00+05:30,2305.9,2305.9,2305.9,2305.9,0,6100
1615,2022-07-01 12:37:00+05:30,2305.9,2305.9,2305.9,2305.9,0,6100
1616,2022-07-01 12:38:00+05:30,2305.9,2305.9,2305.9,2305.9,0,6100
1617,2022-07-01 12:39:00+05:30,2305.9,2305.9,2305.9,2305.9,0,6100
1618,2022-07-01 12:40:00+05:30,2305.9,2305.9,2305.9,2305.9,0,6100
1619,2022-07-01 12:41:00+05:30,2305.9,2305.9,2305.9,2305.9,0,6100
1620,2022-07-01 12:42:00+05:30,2305.9,2305.9,2305.9,2305.9,0,6100
1621,2022-07-01 12:43:00+05:30,2305.9,2305.9,2305.9,2305.9,0,6100
1622,2022-07-01 12:44:00+05:30,2305.9,2305.9,2305.9,2305.9,0,6100
1623,2022-07-01 12:45:00+05:30,2305.9,2305.9,2305.9,2305.9,0,6100
1624,2022-07-01 12:46:00+05:30,2305.9,2305.9,2305.9,2305.9,0,6100
1625,2022-07-01 12:47:00+05:30,2305.9,2305.9,2305.9,2305.9,0,6100
1626,2022-07-01 12:48:00+05:30,2305.9,2305.9,2305.9,2305.9,0,6100
1627,2022-07-01 12:49:00+05:30,2305.9,2305.9,2305.9,2305.9,0,6100
1628,2022-07-01 12:50:00+05:30,2305.9,2305.9,2305.9,2305.9,0,6100
1629,2022-07-01 12:51:00+05:30,2305.9,2305.9,2305.9,2305.9,0,6100
1630,2022-07-01 12:52:00+05:30,2305.9,2305.9,2305.9,2305.9,0,6100
1631,2022-07-01 12:53:00+05:30,2305.9,2305.9,2305.9,2305.9,0,6100
1632,2022-07-01 12:54:00+05:30,2305.9,2305.9,2305.9,2305.9,0,6100
1633,2022-07-01 12:55:00+05:30,2305.9,2305.9,2305.9,2305.9,0,6100
1634,2022-07-01 12:56:00+05:30,2305.9,2305.9,2305.9,2305.9,0,6100
1635,2022-07-01 12:57:00+05:30,2305.9,2305.9,2305.9,2305.9,0,6100
1636,2022-07-01 12:58:00+05:30,2305.9,2305.9,2305.9,2305.9,0,6100
1637,2022-07-01 12:59:00+05:30,2305.9,2305.9,2305.9,2305.9,0,6100
1638,2022-07-01 13:00:00+05:30,2305.9,2305.9,2305.9,2305.9,0,6100
1639,2022-07-01 13:02:00+05:30,2305.9,2305.9,2305.9,2305.9,0,6100
1640,2022-07-01 13:03:00+05:30,2305.9,2305.9,2305.9,2305.9,0,6100
1641,2022-07-01 13:04:00+05:30,2305.9,2305.9,2305.9,2305.9,0,6100
1642,2022-07-01 13:05:00+05:30,2305.9,2305.9,2305.9,2305.9,0,6100
1643,2022-07-01 13:06:00+05:30,2305.9,2305.9,2305.9,2305.9,0,6100
1644,2022-07-01 13:07:00+05:30,2305.9,2305.9,2305.9,2305.9,0,6100
1645,2022-07-01 13:08:00+05:30,2305.9,2305.9,2305.9,2305.9,0,6100
1646,2022-07-01 13:09:00+05:30,2305.9,2305.9,2305.9,2305.9,0,6100
1647,2022-07-01 13:10:00+05:30,2305.9,2305.9,2305.9,2305.9,0,6100
1648,2022-07-01 13:11:00+05:30,2305.9,2305.9,2305.9,2305.9,0,6100
1649,2022-07-01 13:12:00+05:30,2305.9,2305.9,2305.9,2305.9,0,6100
1650,2022-07-01 13:13:00+05:30,2305.9,2305.9,2305.9,2305.9,0,6100
1651,2022-07-01 13:14:00+05:30,2305.9,2305.9,2305.9,2305.9,0,6100
1652,2022-07-01 13:15:00+05:30,2305.9,2305.9,2305.9,2305.9,0,6100
1653,2022-07-01 13:16:00+05:30,2305.9,2305.9,2305.9,2305.9,0,6100
1654,2022-07-01 13:17:00+05:30,2305.9,2305.9,2305.9,2305.9,0,6100
1655,2022-07-01 13:18:00+05:30,2305.9,2305.9,2305.9,2305.9,0,6100
1656,2022-07-01 13:19:00+05:30,2305.9,2305.9,2305.9,2305.9,0,6100
1657,2022-07-01 13:20:00+05:30,2305.9,2305.9,2305.9,2305.9,0,6100
1658,2022-07-01 13:21:00+05:30,2305.9,2305.9,2305.9,2305.9,0,6100
1659,2022-07-01 13:22:00+05:30,2305.9,2305.9,2305.9,2305.9,0,6100
1660,2022-07-01 13:23:00+05:30,2305.9,2305.9,2305.9,2305.9,0,6100
1661,2022-07-01 13:24:00+05:30,2305.9,2305.9,2305.9,2305.9,0,6100
1662,2022-07-01 13:25:00+05:30,2305.9,2305.9,2305.9,2305.9,0,6100
1663,2022-07-01 13:26:00+05:30,2305.9,2305.9,2305.9,2305.9,0,6100
1664,2022-07-01 13:27:00+05:30,2305.9,2305.9,2305.9,2305.9,0,6100
1665,2022-07-01 13:28:00+05:30,2305.9,2305.9,2305.9,2305.9,0,6100
1666,2022-07-01 13:29:00+05:30,2305.9,2305.9,2305.9,2305.9,0,6100
1667,2022-07-01 13:30:00+05:30,2305.9,2305.9,2305.9,2305.9,0,6100
1668,2022-07-01 13:31:00+05:30,2305.9,2305.9,2305.9,2305.9,0,6100
1669,2022-07-01 13:32:00+05:30,2305.9,2305.9,2305.9,2305.9,0,6100
1670,2022-07-01 13:33:00+05:30,2305.9,2305.9,2225.65,2225.65,50,6000
1671,2022-07-01 13:34:00+05:30,2225.65,2225.65,2225.65,2225.65,0,6000
1672,2022-07-01 13:35:00+05:30,2225.65,2228.95,2225.65,2228.95,50,6000
1673,2022-07-01 13:36:00+05:30,2228.95,2228.95,2228.95,2228.95,0,6000
1674,2022-07-01 13:37:00+05:30,2228.95,2228.95,2228.95,2228.95,0,6000
1675,2022-07-01 13:38:00+05:30,2228.95,2228.95,2228.95,2228.95,0,6000
1676,2022-07-01 13:39:00+05:30,2228.95,2228.95,2228.95,2228.95,0,6000
1677,2022-07-01 13:40:00+05:30,2228.95,2228.95,2228.95,2228.95,0,6000
1678,2022-07-01 13:41:00+05:30,2228.95,2228.95,2228.95,2228.95,0,6000
1679,2022-07-01 13:42:00+05:30,2228.95,2228.95,2228.95,2228.95,0,6000
1680,2022-07-01 13:43:00+05:30,2228.95,2228.95,2228.95,2228.95,0,6000
1681,2022-07-01 13:44:00+05:30,2228.95,2228.95,2228.95,2228.95,0,6000
1682,2022-07-01 13:45:00+05:30,2228.95,2228.95,2228.95,2228.95,0,6000
1683,2022-07-01 13:46:00+05:30,2228.95,2228.95,2228.95,2228.95,0,6000
1684,2022-07-01 13:47:00+05:30,2228.95,2228.95,2228.95,2228.95,0,6000
1685,2022-07-01 13:48:00+05:30,2228.95,2228.95,2228.95,2228.95,0,6000
1686,2022-07-01 13:49:00+05:30,2228.95,2228.95,2228.95,2228.95,0,6000
1687,2022-07-01 13:50:00+05:30,2228.95,2228.95,2228.95,2228.95,0,6000
1688,2022-07-01 13:51:00+05:30,2228.95,2228.95,2228.95,2228.95,0,6000
1689,2022-07-01 13:52:00+05:30,2228.95,2228.95,2228.95,2228.95,0,6000
1690,2022-07-01 13:53:00+05:30,2228.95,2228.95,2228.95,2228.95,0,6000
1691,2022-07-01 13:54:00+05:30,2228.95,2228.95,2228.95,2228.95,0,6000
1692,2022-07-01 13:55:00+05:30,2228.95,2228.95,2228.95,2228.95,0,6000
1693,2022-07-01 13:56:00+05:30,2228.95,2228.95,2228.95,2228.95,0,6000
1694,2022-07-01 13:57:00+05:30,2228.95,2228.95,2228.95,2228.95,0,6000
1695,2022-07-01 13:58:00+05:30,2228.95,2228.95,2228.95,2228.95,0,6000
1696,2022-07-01 13:59:00+05:30,2228.95,2228.95,2228.95,2228.95,0,6000
1697,2022-07-01 14:00:00+05:30,2228.95,2228.95,2228.95,2228.95,0,6000
1698,2022-07-01 14:01:00+05:30,2228.95,2228.95,2228.95,2228.95,0,6000
1699,2022-07-01 14:02:00+05:30,2228.95,2228.95,2228.95,2228.95,0,6000
1700,2022-07-01 14:03:00+05:30,2228.95,2228.95,2228.95,2228.95,0,6000
1701,2022-07-01 14:04:00+05:30,2228.95,2228.95,2228.95,2228.95,0,6000
1702,2022-07-01 14:05:00+05:30,2228.95,2228.95,2228.95,2228.95,0,6000
1703,2022-07-01 14:06:00+05:30,2228.95,2228.95,2228.95,2228.95,0,6000
1704,2022-07-01 14:07:00+05:30,2228.95,2228.95,2228.95,2228.95,0,6000
1705,2022-07-01 14:08:00+05:30,2228.95,2228.95,2228.95,2228.95,0,6000
1706,2022-07-01 14:09:00+05:30,2228.95,2228.95,2228.95,2228.95,0,6000
1707,2022-07-01 14:10:00+05:30,2228.95,2228.95,2228.95,2228.95,0,6000
1708,2022-07-01 14:11:00+05:30,2228.95,2228.95,2227.05,2227.05,50,5900
1709,2022-07-01 14:12:00+05:30,2227.05,2227.05,2227.05,2227.05,0,5900
1710,2022-07-01 14:13:00+05:30,2227.05,2227.05,2227.05,2227.05,0,5900
1711,2022-07-01 14:14:00+05:30,2227.05,2227.05,2227.05,2227.05,0,5900
1712,2022-07-01 14:15:00+05:30,2227.05,2227.05,2227.05,2227.05,0,5900
1713,2022-07-01 14:16:00+05:30,2227.05,2227.05,2227.05,2227.05,0,5900
1714,2022-07-01 14:17:00+05:30,2227.05,2227.05,2227.05,2227.05,0,5900
1715,2022-07-01 14:18:00+05:30,2227.05,2227.05,2227.05,2227.05,0,5900
1716,2022-07-01 14:19:00+05:30,2227.05,2227.05,2227.05,2227.05,0,5900
1717,2022-07-01 14:20:00+05:30,2227.05,2227.05,2227.05,2227.05,0,5900
1718,2022-07-01 14:21:00+05:30,2227.05,2227.05,2227.05,2227.05,0,5900
1719,2022-07-01 14:22:00+05:30,2227.05,2227.05,2227.05,2227.05,0,5900
1720,2022-07-01 14:23:00+05:30,2227.05,2227.05,2227.05,2227.05,0,5900
1721,2022-07-01 14:24:00+05:30,2227.05,2227.05,2227.05,2227.05,0,5900
1722,2022-07-01 14:25:00+05:30,2227.05,2227.05,2227.05,2227.05,0,5900
1723,2022-07-01 14:26:00+05:30,2227.05,2227.05,2227.05,2227.05,0,5900
1724,2022-07-01 14:27:00+05:30,2227.05,2227.05,2227.05,2227.05,0,5900
1725,2022-07-01 14:28:00+05:30,2227.05,2227.05,2227.05,2227.05,0,5900
1726,2022-07-01 14:29:00+05:30,2227.05,2227.05,2227.05,2227.05,0,5900
1727,2022-07-01 14:30:00+05:30,2227.05,2227.05,2227.05,2227.05,0,5900
1728,2022-07-01 14:31:00+05:30,2227.05,2227.05,2227.05,2227.05,0,5900
1729,2022-07-01 14:32:00+05:30,2227.05,2227.05,2227.05,2227.05,0,5900
1730,2022-07-01 14:33:00+05:30,2227.05,2227.05,2227.05,2227.05,0,5900
1731,2022-07-01 14:34:00+05:30,2227.05,2227.05,2227.05,2227.05,0,5900
1732,2022-07-01 14:35:00+05:30,2227.05,2227.05,2227.05,2227.05,0,5900
1733,2022-07-01 14:36:00+05:30,2227.05,2227.05,2227.05,2227.05,0,5900
1734,2022-07-01 14:37:00+05:30,2227.05,2227.05,2227.05,2227.05,0,5900
1735,2022-07-01 14:38:00+05:30,2227.05,2227.05,2227.05,2227.05,0,5900
1736,2022-07-01 14:39:00+05:30,2227.05,2227.05,2227.05,2227.05,0,5900
1737,2022-07-01 14:40:00+05:30,2227.05,2227.05,2227.05,2227.05,0,5900
1738,2022-07-01 14:41:00+05:30,2227.05,2227.05,2227.05,2227.05,0,5900
1739,2022-07-01 14:42:00+05:30,2227.05,2227.05,2227.05,2227.05,0,5900
1740,2022-07-01 14:43:00+05:30,2227.05,2227.05,2227.05,2227.05,0,5900
1741,2022-07-01 14:44:00+05:30,2227.05,2227.05,2227.05,2227.05,0,5900
1742,2022-07-01 14:45:00+05:30,2227.05,2227.05,2227.05,2227.05,0,5900
1743,2022-07-01 14:46:00+05:30,2227.05,2227.05,2227.05,2227.05,0,5900
1744,2022-07-01 14:47:00+05:30,2227.05,2227.05,2227.05,2227.05,0,5900
1745,2022-07-01 14:48:00+05:30,2227.05,2227.05,2227.05,2227.05,0,5900
1746,2022-07-01 14:49:00+05:30,2227.05,2227.05,2227.05,2227.05,0,5900
1747,2022-07-01 14:50:00+05:30,2227.05,2227.05,2227.05,2227.05,0,5900
1748,2022-07-01 14:51:00+05:30,2227.05,2227.05,2227.05,2227.05,0,5900
1749,2022-07-01 14:52:00+05:30,2227.05,2227.05,2227.05,2227.05,0,5900
1750,2022-07-01 14:53:00+05:30,2227.05,2227.05,2227.05,2227.05,0,5900
1751,2022-07-01 14:54:00+05:30,2227.05,2227.05,2227.05,2227.05,0,5900
1752,2022-07-01 14:55:00+05:30,2227.05,2227.05,2227.05,2227.05,0,5900
1753,2022-07-01 14:56:00+05:30,2227.05,2227.05,2227.05,2227.05,0,5900
1754,2022-07-01 14:57:00+05:30,2227.05,2227.05,2227.05,2227.05,0,5900
1755,2022-07-01 14:58:00+05:30,2227.05,2227.05,2227.05,2227.05,0,5900
1756,2022-07-01 14:59:00+05:30,2227.05,2227.05,2227.05,2227.05,0,5900
1757,2022-07-01 15:00:00+05:30,2227.05,2227.05,2227.05,2227.05,0,5900
1758,2022-07-01 15:01:00+05:30,2227.05,2227.05,2227.05,2227.05,0,5900
1759,2022-07-01 15:02:00+05:30,2227.05,2227.05,2227.05,2227.05,0,5900
1760,2022-07-01 15:03:00+05:30,2227.05,2227.05,2227.05,2227.05,0,5900
1761,2022-07-01 15:04:00+05:30,2227.05,2227.05,2227.05,2227.05,0,5900
1762,2022-07-01 15:05:00+05:30,2163.7,2163.7,2163.7,2163.7,50,5850
1763,2022-07-01 15:06:00+05:30,2163.7,2163.7,2163.7,2163.7,0,5850
1764,2022-07-01 15:07:00+05:30,2163.7,2163.7,2163.7,2163.7,0,5850
1765,2022-07-01 15:08:00+05:30,2163.7,2163.7,2163.7,2163.7,0,5850
1766,2022-07-01 15:09:00+05:30,2163.7,2163.7,2163.7,2163.7,0,5850
1767,2022-07-01 15:10:00+05:30,2163.7,2163.7,2163.7,2163.7,0,5850
1768,2022-07-01 15:11:00+05:30,2163.7,2163.7,2163.7,2163.7,0,5850
1769,2022-07-01 15:12:00+05:30,2163.7,2163.7,2163.7,2163.7,0,5850
1770,2022-07-01 15:13:00+05:30,2163.7,2163.7,2163.7,2163.7,0,5850
1771,2022-07-01 15:14:00+05:30,2163.7,2163.7,2163.7,2163.7,0,5850
1772,2022-07-01 15:15:00+05:30,2163.7,2163.7,2163.7,2163.7,0,5850
1773,2022-07-01 15:16:00+05:30,2163.7,2163.7,2163.7,2163.7,0,5850
1774,2022-07-01 15:17:00+05:30,2163.7,2163.7,2163.7,2163.7,0,5850
1775,2022-07-01 15:18:00+05:30,2163.7,2163.7,2163.7,2163.7,0,5850
1776,2022-07-01 15:19:00+05:30,2163.7,2163.7,2163.7,2163.7,0,5850
1777,2022-07-01 15:20:00+05:30,2163.7,2163.7,2163.7,2163.7,0,5850
1778,2022-07-01 15:21:00+05:30,2163.7,2163.7,2163.7,2163.7,0,5850
1779,2022-07-01 15:22:00+05:30,2163.7,2163.7,2163.7,2163.7,0,5850
1780,2022-07-01 15:23:00+05:30,2163.7,2163.7,2163.7,2163.7,0,5850
1781,2022-07-01 15:24:00+05:30,2163.7,2163.7,2163.7,2163.7,0,5850
1782,2022-07-01 15:25:00+05:30,2163.7,2163.7,2163.7,2163.7,0,5850
1783,2022-07-01 15:26:00+05:30,2163.7,2163.7,2163.7,2163.7,0,5850
1784,2022-07-01 15:27:00+05:30,2163.7,2163.7,2163.7,2163.7,0,5850
1785,2022-07-01 15:28:00+05:30,2163.7,2163.7,2163.7,2163.7,0,5850
1786,2022-07-01 15:29:00+05:30,2163.7,2163.7,2163.7,2163.7,0,5850
1787,2022-07-04 15:29:00+05:30,2051.55,2051.55,2051.55,2051.55,0,5850
1788,2022-07-05 09:40:00+05:30,1976.0,1976.0,1976.0,1976.0,0,5850
1789,2022-07-05 09:41:00+05:30,1976.0,1976.0,1976.0,1976.0,0,5850
1790,2022-07-05 09:42:00+05:30,1976.0,1976.0,1976.0,1976.0,0,5850
1791,2022-07-05 09:43:00+05:30,1976.0,1976.0,1976.0,1976.0,0,5850
1792,2022-07-05 09:44:00+05:30,1976.0,1976.0,1976.0,1976.0,0,5850
1793,2022-07-05 09:45:00+05:30,1976.0,1976.0,1976.0,1976.0,0,5850
1794,2022-07-05 09:46:00+05:30,1976.0,1976.0,1976.0,1976.0,0,5850
1795,2022-07-05 09:47:00+05:30,1976.0,1976.0,1976.0,1976.0,0,5850
1796,2022-07-05 09:48:00+05:30,1976.0,1976.0,1976.0,1976.0,0,5850
1797,2022-07-05 09:49:00+05:30,1976.0,1976.0,1976.0,1976.0,0,5850
1798,2022-07-05 09:50:00+05:30,1976.0,1976.0,1976.0,1976.0,0,5850
1799,2022-07-05 09:51:00+05:30,1976.0,1976.0,1976.0,1976.0,0,5850
1800,2022-07-05 09:52:00+05:30,1976.0,1976.0,1976.0,1976.0,0,5850
1801,2022-07-05 09:53:00+05:30,1976.0,1976.0,1976.0,1976.0,0,5850
1802,2022-07-05 09:54:00+05:30,1976.0,1976.0,1976.0,1976.0,0,5850
1803,2022-07-05 09:55:00+05:30,1976.0,1976.0,1976.0,1976.0,0,5850
1804,2022-07-05 09:56:00+05:30,1976.0,1976.0,1976.0,1976.0,0,5850
1805,2022-07-05 09:57:00+05:30,1976.0,1976.0,1976.0,1976.0,0,5850
1806,2022-07-05 09:58:00+05:30,1976.0,1976.0,1976.0,1976.0,0,5850
1807,2022-07-05 09:59:00+05:30,1976.0,1976.0,1976.0,1976.0,0,5850
1808,2022-07-05 10:00:00+05:30,1976.0,1976.0,1976.0,1976.0,0,5850
1809,2022-07-05 10:01:00+05:30,1976.0,1976.0,1976.0,1976.0,0,5850
1810,2022-07-05 10:02:00+05:30,1976.0,1976.0,1976.0,1976.0,0,5850
1811,2022-07-05 10:03:00+05:30,1976.0,1976.0,1976.0,1976.0,0,5850
1812,2022-07-05 10:04:00+05:30,1976.0,1976.0,1976.0,1976.0,0,5850
1813,2022-07-05 10:05:00+05:30,1976.0,1976.0,1976.0,1976.0,0,5850
1814,2022-07-05 10:06:00+05:30,1976.0,1976.0,1976.0,1976.0,0,5850
1815,2022-07-05 10:07:00+05:30,1976.0,1976.0,1976.0,1976.0,0,5850
1816,2022-07-05 10:08:00+05:30,1976.0,1976.0,1923.2,1923.65,200,5850
1817,2022-07-05 10:09:00+05:30,1923.65,1923.65,1923.65,1923.65,0,5850
1818,2022-07-05 10:10:00+05:30,1923.65,1923.65,1923.65,1923.65,0,5850
1819,2022-07-05 10:11:00+05:30,1923.65,1923.65,1923.65,1923.65,0,5850
1820,2022-07-05 10:12:00+05:30,1923.65,1923.65,1923.65,1923.65,0,5850
1821,2022-07-05 10:13:00+05:30,1923.65,1923.65,1923.65,1923.65,0,5850
1822,2022-07-05 10:14:00+05:30,1923.65,1923.65,1923.65,1923.65,0,5850
1823,2022-07-05 10:15:00+05:30,1923.65,1923.65,1923.65,1923.65,0,5850
1824,2022-07-05 10:16:00+05:30,1923.65,1923.65,1923.65,1923.65,0,5850
1825,2022-07-05 10:17:00+05:30,1923.65,1923.65,1923.65,1923.65,0,5850
1826,2022-07-05 10:18:00+05:30,1923.65,1923.65,1923.65,1923.65,0,5850
1827,2022-07-05 10:19:00+05:30,1923.65,1923.65,1923.65,1923.65,0,5850
1828,2022-07-05 10:20:00+05:30,1923.65,1923.65,1923.65,1923.65,0,5850
1829,2022-07-05 10:21:00+05:30,1923.65,1923.65,1923.65,1923.65,0,5850
1830,2022-07-05 10:22:00+05:30,1923.65,1923.65,1923.65,1923.65,0,5850
1831,2022-07-05 10:23:00+05:30,1923.65,1923.65,1923.65,1923.65,0,5850
1832,2022-07-05 10:24:00+05:30,1923.65,1923.65,1923.65,1923.65,0,5850
1833,2022-07-05 10:25:00+05:30,1923.65,1923.65,1923.65,1923.65,0,5850
1834,2022-07-05 10:26:00+05:30,1923.65,1923.65,1923.65,1923.65,0,5850
1835,2022-07-05 10:27:00+05:30,1923.65,1923.65,1923.65,1923.65,0,5850
1836,2022-07-05 10:28:00+05:30,1923.65,1923.65,1923.65,1923.65,0,5850
1837,2022-07-05 10:29:00+05:30,1923.65,1923.65,1923.65,1923.65,0,5850
1838,2022-07-05 10:30:00+05:30,1923.65,1923.65,1923.65,1923.65,0,5850
1839,2022-07-05 10:31:00+05:30,1923.65,1923.65,1923.65,1923.65,0,5850
1840,2022-07-05 10:32:00+05:30,1923.65,1923.65,1923.65,1923.65,0,5850
1841,2022-07-05 10:33:00+05:30,1923.65,1923.65,1923.65,1923.65,0,5850
1842,2022-07-05 10:34:00+05:30,1923.65,1923.65,1923.65,1923.65,0,5850
1843,2022-07-05 10:35:00+05:30,1923.65,1923.65,1923.65,1923.65,0,5850
1844,2022-07-05 10:36:00+05:30,1923.65,1923.65,1923.65,1923.65,0,5850
1845,2022-07-05 10:37:00+05:30,1923.65,1923.65,1923.65,1923.65,0,5850
1846,2022-07-05 10:38:00+05:30,1923.65,1923.65,1923.65,1923.65,0,5850
1847,2022-07-05 10:39:00+05:30,1923.65,1923.65,1923.65,1923.65,0,5850
1848,2022-07-05 10:40:00+05:30,1923.65,1923.65,1923.65,1923.65,0,5850
1849,2022-07-05 10:41:00+05:30,1923.65,1923.65,1923.65,1923.65,0,5850
1850,2022-07-05 10:42:00+05:30,1923.65,1923.65,1923.65,1923.65,0,5850
1851,2022-07-05 10:43:00+05:30,1923.65,1923.65,1923.65,1923.65,0,5850
1852,2022-07-05 10:44:00+05:30,1923.65,1923.65,1923.65,1923.65,0,5850
1853,2022-07-05 10:45:00+05:30,1923.65,1923.65,1923.65,1923.65,0,5850
1854,2022-07-05 10:46:00+05:30,1923.65,1923.65,1923.65,1923.65,0,5850
1855,2022-07-05 10:47:00+05:30,1923.65,1923.65,1923.65,1923.65,0,5850
1856,2022-07-05 10:48:00+05:30,1923.65,1923.65,1923.65,1923.65,0,5850
1857,2022-07-05 10:49:00+05:30,1923.65,1923.65,1923.65,1923.65,0,5850
1858,2022-07-05 10:50:00+05:30,1923.65,1923.65,1923.65,1923.65,0,5850
1859,2022-07-05 10:51:00+05:30,1923.65,1923.65,1923.65,1923.65,0,5850
1860,2022-07-05 10:52:00+05:30,1923.65,1923.65,1923.65,1923.65,0,5850
1861,2022-07-05 10:53:00+05:30,1923.65,1923.65,1923.65,1923.65,0,5850
1862,2022-07-05 10:54:00+05:30,1923.65,1923.65,1923.65,1923.65,0,5850
1863,2022-07-05 10:55:00+05:30,1923.65,1923.65,1923.65,1923.65,0,5850
1864,2022-07-05 10:56:00+05:30,1923.65,1923.65,1923.65,1923.65,0,5850
1865,2022-07-05 10:57:00+05:30,1923.65,1923.65,1923.65,1923.65,0,5850
1866,2022-07-05 10:58:00+05:30,1923.65,1923.65,1923.65,1923.65,0,5850
1867,2022-07-05 10:59:00+05:30,1923.65,1923.65,1923.65,1923.65,0,5850
1868,2022-07-05 11:00:00+05:30,1923.65,1923.65,1923.65,1923.65,0,5850
1869,2022-07-05 11:01:00+05:30,1923.65,1923.65,1923.65,1923.65,0,5850
1870,2022-07-05 11:02:00+05:30,1923.65,1923.65,1923.65,1923.65,0,5850
1871,2022-07-05 11:03:00+05:30,1923.65,1923.65,1923.65,1923.65,0,5850
1872,2022-07-05 11:04:00+05:30,1923.65,1923.65,1923.65,1923.65,0,5850
1873,2022-07-05 11:05:00+05:30,1923.65,1923.65,1923.65,1923.65,0,5850
1874,2022-07-05 11:06:00+05:30,1923.65,1923.65,1923.65,1923.65,0,5850
1875,2022-07-05 11:07:00+05:30,1923.65,1923.65,1923.65,1923.65,0,5850
1876,2022-07-05 11:08:00+05:30,1923.65,1923.65,1923.65,1923.65,0,5850
1877,2022-07-05 11:09:00+05:30,1923.65,1923.65,1923.65,1923.65,0,5850
1878,2022-07-05 11:10:00+05:30,1923.65,1923.65,1923.65,1923.65,0,5850
1879,2022-07-05 11:11:00+05:30,1923.65,1923.65,1923.65,1923.65,0,5850
1880,2022-07-05 11:12:00+05:30,1923.65,1923.65,1923.65,1923.65,0,5850
1881,2022-07-05 11:13:00+05:30,1923.65,1923.65,1923.65,1923.65,0,5850
1882,2022-07-05 11:14:00+05:30,1923.65,1923.65,1923.65,1923.65,0,5850
1883,2022-07-05 11:15:00+05:30,1923.65,1923.65,1923.65,1923.65,0,5850
1884,2022-07-05 11:16:00+05:30,1923.65,1923.65,1923.65,1923.65,0,5850
1885,2022-07-05 11:17:00+05:30,1923.65,1923.65,1923.65,1923.65,0,5850
1886,2022-07-05 11:18:00+05:30,1923.65,1923.65,1923.65,1923.65,0,5850
1887,2022-07-05 11:19:00+05:30,1923.65,1923.65,1923.65,1923.65,0,5850
1888,2022-07-05 11:20:00+05:30,1923.65,1923.65,1923.65,1923.65,0,5850
1889,2022-07-05 11:21:00+05:30,1923.65,1923.65,1923.65,1923.65,0,5850
1890,2022-07-05 11:22:00+05:30,1923.65,1923.65,1923.65,1923.65,0,5850
1891,2022-07-05 11:23:00+05:30,1923.65,1923.65,1923.65,1923.65,0,5850
1892,2022-07-05 11:24:00+05:30,1923.65,1923.65,1923.65,1923.65,0,5850
1893,2022-07-05 11:25:00+05:30,1923.65,1923.65,1923.65,1923.65,0,5850
1894,2022-07-05 11:26:00+05:30,1923.65,1923.65,1923.65,1923.65,0,5850
1895,2022-07-05 11:27:00+05:30,1923.65,1923.65,1923.65,1923.65,0,5850
1896,2022-07-05 11:28:00+05:30,1923.65,1923.65,1923.65,1923.65,0,5850
1897,2022-07-05 11:29:00+05:30,1923.65,1923.65,1923.65,1923.65,0,5850
1898,2022-07-05 11:30:00+05:30,1923.65,1923.65,1923.65,1923.65,0,5850
1899,2022-07-05 11:31:00+05:30,1923.65,1923.65,1923.65,1923.65,0,5850
1900,2022-07-05 11:32:00+05:30,1923.65,1923.65,1923.65,1923.65,0,5850
1901,2022-07-05 11:33:00+05:30,1923.65,1923.65,1923.65,1923.65,0,5850
1902,2022-07-05 11:34:00+05:30,1923.65,1923.65,1923.65,1923.65,0,5850
1903,2022-07-05 11:35:00+05:30,1923.65,1923.65,1923.65,1923.65,0,5850
1904,2022-07-05 11:36:00+05:30,1923.65,1923.65,1923.65,1923.65,0,5850
1905,2022-07-05 11:37:00+05:30,1923.65,1923.65,1923.65,1923.65,0,5850
1906,2022-07-05 11:38:00+05:30,1923.65,1923.65,1923.65,1923.65,0,5850
1907,2022-07-05 11:39:00+05:30,1923.65,1923.65,1923.65,1923.65,0,5850
1908,2022-07-05 11:40:00+05:30,1923.65,1923.65,1923.65,1923.65,0,5850
1909,2022-07-05 11:41:00+05:30,1923.65,1923.65,1923.65,1923.65,0,5850
1910,2022-07-05 11:42:00+05:30,1923.65,1923.65,1923.65,1923.65,0,5850
1911,2022-07-05 11:43:00+05:30,1923.65,1923.65,1923.65,1923.65,0,5850
1912,2022-07-05 11:44:00+05:30,1923.65,1923.65,1923.65,1923.65,0,5850
1913,2022-07-05 11:45:00+05:30,1923.65,1923.65,1923.65,1923.65,0,5850
1914,2022-07-05 11:46:00+05:30,1923.65,1923.65,1923.65,1923.65,0,5850
1915,2022-07-05 11:47:00+05:30,1923.65,1923.65,1923.65,1923.65,0,5850
1916,2022-07-05 11:48:00+05:30,1923.65,1923.65,1923.65,1923.65,0,5850
1917,2022-07-05 11:49:00+05:30,1923.65,1923.65,1923.65,1923.65,0,5850
1918,2022-07-05 11:50:00+05:30,1923.65,1923.65,1923.65,1923.65,0,5850
1919,2022-07-05 11:51:00+05:30,1923.65,1923.65,1923.65,1923.65,0,5850
1920,2022-07-05 11:52:00+05:30,1923.65,1923.65,1923.65,1923.65,0,5850
1921,2022-07-05 11:53:00+05:30,1923.65,1923.65,1923.65,1923.65,0,5850
1922,2022-07-05 11:54:00+05:30,1923.65,1923.65,1923.65,1923.65,0,5850
1923,2022-07-05 11:55:00+05:30,1923.65,1923.65,1923.65,1923.65,0,5850
1924,2022-07-05 11:56:00+05:30,1923.65,1923.65,1923.65,1923.65,0,5850
1925,2022-07-05 11:57:00+05:30,1923.65,1923.65,1923.65,1923.65,0,5850
1926,2022-07-05 11:58:00+05:30,1923.65,1923.65,1923.65,1923.65,0,5850
1927,2022-07-05 11:59:00+05:30,1923.65,1923.65,1923.65,1923.65,0,5850
1928,2022-07-05 12:00:00+05:30,1923.65,1923.65,1923.65,1923.65,0,5850
1929,2022-07-05 12:01:00+05:30,1923.65,1923.65,1923.65,1923.65,0,5850
1930,2022-07-05 12:02:00+05:30,1923.65,1923.65,1923.65,1923.65,0,5850
1931,2022-07-05 12:03:00+05:30,1923.65,1923.65,1923.65,1923.65,0,5850
1932,2022-07-05 12:04:00+05:30,1923.65,1923.65,1923.65,1923.65,0,5850
1933,2022-07-05 12:05:00+05:30,1923.65,1923.65,1923.65,1923.65,0,5850
1934,2022-07-05 12:06:00+05:30,1923.65,1923.65,1923.65,1923.65,0,5850
1935,2022-07-05 12:07:00+05:30,1923.65,1923.65,1923.65,1923.65,0,5850
1936,2022-07-05 12:08:00+05:30,1923.65,1923.65,1923.65,1923.65,0,5850
1937,2022-07-05 12:09:00+05:30,1923.65,1923.65,1923.65,1923.65,0,5850
1938,2022-07-05 12:10:00+05:30,1923.65,1923.65,1923.65,1923.65,0,5850
1939,2022-07-05 12:11:00+05:30,1923.65,1923.65,1923.65,1923.65,0,5850
1940,2022-07-05 12:12:00+05:30,1923.65,1923.65,1923.65,1923.65,0,5850
1941,2022-07-05 12:13:00+05:30,1923.65,1923.65,1923.65,1923.65,0,5850
1942,2022-07-05 12:14:00+05:30,1923.65,1923.65,1923.65,1923.65,0,5850
1943,2022-07-05 12:15:00+05:30,1923.65,1923.65,1923.65,1923.65,0,5850
1944,2022-07-05 12:16:00+05:30,1923.65,1923.65,1923.65,1923.65,0,5850
1945,2022-07-05 12:17:00+05:30,1923.65,1923.65,1923.65,1923.65,0,5850
1946,2022-07-05 12:18:00+05:30,1923.65,1923.65,1923.65,1923.65,0,5850
1947,2022-07-05 12:19:00+05:30,1923.65,1923.65,1923.65,1923.65,0,5850
1948,2022-07-05 12:20:00+05:30,1923.65,1923.65,1923.65,1923.65,0,5850
1949,2022-07-05 12:21:00+05:30,1923.65,1923.65,1923.65,1923.65,0,5850
1950,2022-07-05 12:22:00+05:30,1923.65,1923.65,1923.65,1923.65,0,5850
1951,2022-07-05 12:23:00+05:30,1923.65,1923.65,1923.65,1923.65,0,5850
1952,2022-07-05 12:24:00+05:30,1923.65,1923.65,1923.65,1923.65,0,5850
1953,2022-07-05 12:25:00+05:30,1923.65,1923.65,1923.65,1923.65,0,5850
1954,2022-07-05 12:26:00+05:30,1923.65,1923.65,1923.65,1923.65,0,5850
1955,2022-07-05 12:27:00+05:30,1923.65,1923.65,1923.65,1923.65,0,5850
1956,2022-07-05 12:28:00+05:30,1923.65,1923.65,1923.65,1923.65,0,5850
1957,2022-07-05 12:29:00+05:30,1923.65,1923.65,1923.65,1923.65,0,5850
1958,2022-07-05 12:30:00+05:30,1923.65,1923.65,1923.65,1923.65,0,5850
1959,2022-07-05 12:31:00+05:30,1923.65,1923.65,1923.65,1923.65,0,5850
1960,2022-07-05 12:32:00+05:30,1923.65,1923.65,1923.65,1923.65,0,5850
1961,2022-07-05 12:33:00+05:30,1923.65,1923.65,1923.65,1923.65,0,5850
1962,2022-07-05 12:34:00+05:30,1923.65,1923.65,1923.65,1923.65,0,5850
1963,2022-07-05 12:35:00+05:30,1923.65,1923.65,1923.65,1923.65,0,5850
1964,2022-07-05 12:36:00+05:30,1923.65,1923.65,1923.65,1923.65,0,5850
1965,2022-07-05 12:37:00+05:30,1923.65,1923.65,1923.65,1923.65,0,5850
1966,2022-07-05 12:38:00+05:30,1923.65,1923.65,1923.65,1923.65,0,5850
1967,2022-07-05 12:39:00+05:30,1923.65,1923.65,1923.65,1923.65,0,5850
1968,2022-07-05 12:40:00+05:30,1923.65,1923.65,1923.65,1923.65,0,5850
1969,2022-07-05 12:41:00+05:30,1923.65,1923.65,1923.65,1923.65,0,5850
1970,2022-07-05 12:42:00+05:30,1923.65,1923.65,1923.65,1923.65,0,5850
1971,2022-07-05 12:43:00+05:30,1923.65,1923.65,1923.65,1923.65,0,5850
1972,2022-07-05 12:44:00+05:30,1923.65,1923.65,1923.65,1923.65,0,5850
1973,2022-07-05 12:45:00+05:30,1923.65,1923.65,1923.65,1923.65,0,5850
1974,2022-07-05 12:46:00+05:30,1923.65,1923.65,1923.65,1923.65,0,5850
1975,2022-07-05 12:47:00+05:30,1923.65,1923.65,1923.65,1923.65,0,5850
1976,2022-07-05 12:48:00+05:30,1923.65,1923.65,1923.65,1923.65,0,5850
1977,2022-07-05 12:49:00+05:30,1923.65,1923.65,1923.65,1923.65,0,5850
1978,2022-07-05 12:50:00+05:30,1923.65,1923.65,1923.65,1923.65,0,5850
1979,2022-07-05 12:51:00+05:30,1923.65,1923.65,1923.65,1923.65,0,5850
1980,2022-07-05 12:52:00+05:30,1923.65,1923.65,1923.65,1923.65,0,5850
1981,2022-07-05 12:53:00+05:30,1923.65,1923.65,1923.65,1923.65,0,5850
1982,2022-07-05 12:54:00+05:30,1923.65,1923.65,1923.65,1923.65,0,5850
1983,2022-07-05 12:55:00+05:30,1923.65,1923.65,1923.65,1923.65,0,5850
1984,2022-07-05 12:56:00+05:30,1923.65,1923.65,1923.65,1923.65,0,5850
1985,2022-07-05 12:57:00+05:30,1923.65,1923.65,1923.65,1923.65,0,5850
1986,2022-07-05 12:58:00+05:30,1923.65,1923.65,1923.65,1923.65,0,5850
1987,2022-07-05 12:59:00+05:30,1923.65,1923.65,1923.65,1923.65,0,5850
1988,2022-07-05 13:00:00+05:30,1923.65,1923.65,1923.65,1923.65,0,5850
1989,2022-07-05 13:01:00+05:30,1923.65,1923.65,1923.65,1923.65,0,5850
1990,2022-07-05 13:02:00+05:30,1923.65,1923.65,1923.65,1923.65,0,5850
1991,2022-07-05 13:03:00+05:30,1923.65,1923.65,1923.65,1923.65,0,5850
1992,2022-07-05 13:04:00+05:30,1923.65,1923.65,1923.65,1923.65,0,5850
1993,2022-07-05 13:05:00+05:30,1923.65,1923.65,1923.65,1923.65,0,5850
1994,2022-07-05 13:06:00+05:30,1923.65,1923.65,1923.65,1923.65,0,5850
1995,2022-07-05 13:07:00+05:30,1923.65,1923.65,1923.65,1923.65,0,5850
1996,2022-07-05 13:08:00+05:30,1923.65,1923.65,1923.65,1923.65,0,5850
1997,2022-07-05 13:09:00+05:30,1923.65,1923.65,1923.65,1923.65,0,5850
1998,2022-07-05 13:10:00+05:30,1923.65,1923.65,1923.65,1923.65,0,5850
1999,2022-07-05 13:11:00+05:30,1923.65,1923.65,1923.65,1923.65,0,5850
2000,2022-07-05 13:12:00+05:30,1923.65,1923.65,1923.65,1923.65,0,5850
2001,2022-07-05 13:13:00+05:30,1923.65,1923.65,1923.65,1923.65,0,5850
2002,2022-07-05 13:14:00+05:30,1923.65,1923.65,1923.65,1923.65,0,5850
2003,2022-07-05 13:15:00+05:30,1923.65,1923.65,1923.65,1923.65,0,5850
2004,2022-07-05 13:16:00+05:30,1923.65,1923.65,1923.65,1923.65,0,5850
2005,2022-07-05 13:17:00+05:30,1923.65,1923.65,1923.65,1923.65,0,5850
2006,2022-07-05 13:18:00+05:30,1923.65,1923.65,1923.65,1923.65,0,5850
2007,2022-07-05 13:19:00+05:30,1923.65,1923.65,1923.65,1923.65,0,5850
2008,2022-07-05 13:20:00+05:30,1923.65,1923.65,1923.65,1923.65,0,5850
2009,2022-07-05 13:21:00+05:30,1923.65,1923.65,1923.65,1923.65,0,5850
2010,2022-07-05 13:22:00+05:30,1923.65,1923.65,1923.65,1923.65,0,5850
2011,2022-07-05 13:23:00+05:30,1923.65,1923.65,1923.65,1923.65,0,5850
2012,2022-07-05 13:24:00+05:30,1923.65,1923.65,1923.65,1923.65,0,5850
2013,2022-07-05 13:25:00+05:30,1923.65,1923.65,1923.65,1923.65,0,5850
2014,2022-07-05 13:26:00+05:30,1923.65,1923.65,1923.65,1923.65,0,5850
2015,2022-07-05 13:27:00+05:30,1923.65,1923.65,1923.65,1923.65,0,5850
2016,2022-07-05 13:28:00+05:30,1923.65,1923.65,1923.65,1923.65,0,5850
2017,2022-07-05 13:29:00+05:30,1923.65,1923.65,1923.65,1923.65,0,5850
2018,2022-07-05 13:30:00+05:30,1923.65,1923.65,1923.65,1923.65,0,5850
2019,2022-07-05 13:31:00+05:30,1923.65,1923.65,1923.65,1923.65,0,5850
2020,2022-07-05 13:32:00+05:30,1923.65,1923.65,1923.65,1923.65,0,5850
2021,2022-07-05 13:33:00+05:30,1923.65,1923.65,1923.65,1923.65,0,5850
2022,2022-07-05 13:34:00+05:30,1923.65,1923.65,1923.65,1923.65,0,5850
2023,2022-07-05 13:35:00+05:30,1923.65,1923.65,1923.65,1923.65,0,5850
2024,2022-07-05 13:36:00+05:30,1923.65,1923.65,1923.65,1923.65,0,5850
2025,2022-07-05 13:37:00+05:30,1923.65,1923.65,1923.65,1923.65,0,5850
2026,2022-07-05 13:38:00+05:30,1923.65,1923.65,1923.65,1923.65,0,5850
2027,2022-07-05 13:39:00+05:30,1923.65,1923.65,1923.65,1923.65,0,5850
2028,2022-07-05 13:40:00+05:30,1923.65,1923.65,1923.65,1923.65,0,5850
2029,2022-07-05 13:41:00+05:30,1923.65,1923.65,1923.65,1923.65,0,5850
2030,2022-07-05 13:42:00+05:30,1923.65,1923.65,1923.65,1923.65,0,5850
2031,2022-07-05 13:43:00+05:30,1923.65,1923.65,1923.65,1923.65,0,5850
2032,2022-07-05 13:44:00+05:30,1923.65,1923.65,1923.65,1923.65,0,5850
2033,2022-07-05 13:45:00+05:30,1923.65,1923.65,1923.65,1923.65,0,5850
2034,2022-07-05 13:46:00+05:30,1923.65,1923.65,1923.65,1923.65,0,5850
2035,2022-07-05 13:47:00+05:30,1923.65,1923.65,1923.65,1923.65,0,5850
2036,2022-07-05 13:48:00+05:30,1923.65,1923.65,1923.65,1923.65,0,5850
2037,2022-07-05 13:49:00+05:30,1923.65,1923.65,1923.65,1923.65,0,5850
2038,2022-07-05 13:50:00+05:30,1923.65,1923.65,1923.65,1923.65,0,5850
2039,2022-07-05 13:51:00+05:30,1923.65,1923.65,1923.65,1923.65,0,5850
2040,2022-07-05 13:52:00+05:30,1923.65,1923.65,1923.65,1923.65,0,5850
2041,2022-07-05 13:53:00+05:30,1923.65,1923.65,1923.65,1923.65,0,5850
2042,2022-07-05 13:54:00+05:30,1923.65,1923.65,1923.65,1923.65,0,5850
2043,2022-07-05 13:55:00+05:30,1923.65,1923.65,1923.65,1923.65,0,5850
2044,2022-07-05 13:56:00+05:30,1923.65,1923.65,1923.65,1923.65,0,5850
2045,2022-07-05 13:57:00+05:30,1923.65,1923.65,1923.65,1923.65,0,5850
2046,2022-07-05 13:58:00+05:30,1923.65,1923.65,1923.65,1923.65,0,5850
2047,2022-07-05 13:59:00+05:30,1923.65,1923.65,1923.65,1923.65,0,5850
2048,2022-07-05 14:00:00+05:30,1923.65,1923.65,1923.65,1923.65,0,5850
2049,2022-07-05 14:01:00+05:30,1923.65,1923.65,1923.65,1923.65,0,5850
2050,2022-07-05 14:02:00+05:30,1923.65,1923.65,1923.65,1923.65,0,5850
2051,2022-07-05 14:03:00+05:30,1923.65,1923.65,1923.65,1923.65,0,5850
2052,2022-07-05 14:04:00+05:30,1923.65,1923.65,1923.65,1923.65,0,5850
2053,2022-07-05 14:05:00+05:30,1923.65,1923.65,1923.65,1923.65,0,5850
2054,2022-07-05 14:06:00+05:30,1923.65,1923.65,1923.65,1923.65,0,5850
2055,2022-07-05 14:07:00+05:30,1923.65,1923.65,1923.65,1923.65,0,5850
2056,2022-07-05 14:08:00+05:30,1923.65,1923.65,1923.65,1923.65,0,5850
2057,2022-07-05 14:09:00+05:30,1923.65,1923.65,1923.65,1923.65,0,5850
2058,2022-07-05 14:10:00+05:30,1923.65,1923.65,1923.65,1923.65,0,5850
2059,2022-07-05 14:11:00+05:30,1923.65,1923.65,1923.65,1923.65,0,5850
2060,2022-07-05 14:12:00+05:30,1923.65,1923.65,1923.65,1923.65,0,5850
2061,2022-07-05 14:13:00+05:30,1923.65,1923.65,1923.65,1923.65,0,5850
2062,2022-07-05 14:14:00+05:30,1923.65,1923.65,1923.65,1923.65,0,5850
2063,2022-07-05 14:15:00+05:30,1923.65,1923.65,1923.65,1923.65,0,5850
2064,2022-07-05 14:16:00+05:30,1923.65,1923.65,1923.65,1923.65,0,5850
2065,2022-07-05 14:17:00+05:30,1923.65,1923.65,1923.65,1923.65,0,5850
2066,2022-07-05 14:18:00+05:30,1923.65,1923.65,1923.65,1923.65,0,5850
2067,2022-07-05 14:19:00+05:30,1923.65,1923.65,1923.65,1923.65,0,5850
2068,2022-07-05 14:20:00+05:30,1923.65,1923.65,1923.65,1923.65,0,5850
2069,2022-07-05 14:21:00+05:30,1923.65,1923.65,1923.65,1923.65,0,5850
2070,2022-07-05 14:22:00+05:30,1923.65,1923.65,1923.65,1923.65,0,5850
2071,2022-07-05 14:23:00+05:30,1923.65,1923.65,1923.65,1923.65,0,5850
2072,2022-07-05 14:24:00+05:30,1923.65,1923.65,1923.65,1923.65,0,5850
2073,2022-07-05 14:25:00+05:30,1923.65,1923.65,1923.65,1923.65,0,5850
2074,2022-07-05 14:26:00+05:30,1923.65,1923.65,1923.65,1923.65,0,5850
2075,2022-07-05 14:27:00+05:30,1923.65,1923.65,1923.65,1923.65,0,5850
2076,2022-07-05 14:28:00+05:30,1923.65,1923.65,1923.65,1923.65,0,5850
2077,2022-07-05 14:29:00+05:30,1923.65,1923.65,1923.65,1923.65,0,5850
2078,2022-07-05 14:30:00+05:30,1923.65,1923.65,1923.65,1923.65,0,5850
2079,2022-07-05 14:31:00+05:30,1923.65,1923.65,1923.65,1923.65,0,5850
2080,2022-07-05 14:32:00+05:30,1923.65,1923.65,1923.65,1923.65,0,5850
2081,2022-07-05 14:33:00+05:30,1923.65,1923.65,1923.65,1923.65,0,5850
2082,2022-07-05 14:34:00+05:30,1923.65,1923.65,1923.65,1923.65,0,5850
2083,2022-07-05 14:35:00+05:30,1923.65,1923.65,1923.65,1923.65,0,5850
2084,2022-07-05 14:36:00+05:30,1923.65,1923.65,1923.65,1923.65,0,5850
2085,2022-07-05 14:37:00+05:30,1923.65,1923.65,1923.65,1923.65,0,5850
2086,2022-07-05 14:38:00+05:30,1923.65,1923.65,1923.65,1923.65,0,5850
2087,2022-07-05 14:39:00+05:30,1923.65,1923.65,1923.65,1923.65,0,5850
2088,2022-07-05 14:40:00+05:30,1923.65,1923.65,1923.65,1923.65,0,5850
2089,2022-07-05 14:41:00+05:30,1923.65,1923.65,1923.65,1923.65,0,5850
2090,2022-07-05 14:42:00+05:30,1923.65,1923.65,1923.65,1923.65,0,5850
2091,2022-07-05 14:43:00+05:30,1923.65,1923.65,1923.65,1923.65,0,5850
2092,2022-07-05 14:44:00+05:30,1923.65,1923.65,1923.65,1923.65,0,5850
2093,2022-07-05 14:45:00+05:30,1923.65,1923.65,1923.65,1923.65,0,5850
2094,2022-07-05 14:46:00+05:30,1923.65,1923.65,1923.65,1923.65,0,5850
2095,2022-07-05 14:47:00+05:30,1923.65,1923.65,1923.65,1923.65,0,5850
2096,2022-07-05 14:48:00+05:30,1923.65,1923.65,1923.65,1923.65,0,5850
2097,2022-07-05 14:49:00+05:30,1923.65,1923.65,1923.65,1923.65,0,5850
2098,2022-07-05 14:50:00+05:30,1923.65,1923.65,1923.65,1923.65,0,5850
2099,2022-07-05 14:51:00+05:30,1923.65,1923.65,1923.65,1923.65,0,5850
2100,2022-07-05 14:52:00+05:30,1923.65,1923.65,1923.65,1923.65,0,5850
2101,2022-07-05 14:53:00+05:30,1923.65,1923.65,1923.65,1923.65,0,5850
2102,2022-07-05 14:54:00+05:30,1923.65,1923.65,1923.65,1923.65,0,5850
2103,2022-07-05 14:57:00+05:30,1923.65,1923.65,1923.65,1923.65,0,5850
2104,2022-07-05 14:58:00+05:30,1923.65,1923.65,1923.65,1923.65,0,5850
2105,2022-07-05 15:00:00+05:30,1923.65,1923.65,1923.65,1923.65,0,5850
2106,2022-07-05 15:01:00+05:30,1923.65,1923.65,1923.65,1923.65,0,5850
2107,2022-07-05 15:02:00+05:30,1923.65,1923.65,1923.65,1923.65,0,5850
2108,2022-07-05 15:03:00+05:30,1923.65,1923.65,1923.65,1923.65,0,5850
2109,2022-07-05 15:04:00+05:30,1923.65,1923.65,1923.65,1923.65,0,5850
2110,2022-07-05 15:05:00+05:30,1923.65,1923.65,1923.65,1923.65,0,5850
2111,2022-07-05 15:07:00+05:30,1923.65,1923.65,1923.65,1923.65,0,5850
2112,2022-07-05 15:08:00+05:30,1923.65,1923.65,1923.65,1923.65,0,5850
2113,2022-07-05 15:09:00+05:30,1923.65,1923.65,1923.65,1923.65,0,5850
2114,2022-07-05 15:10:00+05:30,1923.65,1923.65,1923.65,1923.65,0,5850
2115,2022-07-05 15:11:00+05:30,1923.65,1923.65,1923.65,1923.65,0,5850
2116,2022-07-05 15:12:00+05:30,1923.65,1923.65,1923.65,1923.65,0,5850
2117,2022-07-05 15:14:00+05:30,1923.65,1923.65,1923.65,1923.65,0,5850
2118,2022-07-05 15:22:00+05:30,1923.65,1923.65,1923.65,1923.65,0,5850
2119,2022-07-05 15:23:00+05:30,1923.65,1923.65,1923.65,1923.65,0,5850
2120,2022-07-05 15:24:00+05:30,1923.65,1923.65,1923.65,1923.65,0,5850
2121,2022-07-05 15:25:00+05:30,1923.65,1923.65,1923.65,1923.65,0,5850
2122,2022-07-05 15:26:00+05:30,1923.65,1923.65,1923.65,1923.65,0,5850
2123,2022-07-05 15:27:00+05:30,1923.65,1923.65,1923.65,1923.65,0,5850
2124,2022-07-05 15:29:00+05:30,1923.65,1923.65,1923.65,1923.65,0,5850
2125,2022-07-06 09:27:00+05:30,2025.0,2025.0,2025.0,2025.0,0,5800
2126,2022-07-06 09:28:00+05:30,2025.0,2025.0,2025.0,2025.0,0,5800
2127,2022-07-06 09:29:00+05:30,2025.0,2025.0,2025.0,2025.0,0,5800
2128,2022-07-06 09:30:00+05:30,2025.0,2025.0,2025.0,2025.0,0,5800
2129,2022-07-06 09:31:00+05:30,2025.0,2025.0,2025.0,2025.0,0,5800
2130,2022-07-06 09:32:00+05:30,2025.0,2025.0,2025.0,2025.0,0,5800
2131,2022-07-06 09:33:00+05:30,2025.0,2025.0,2025.0,2025.0,0,5800
2132,2022-07-06 09:34:00+05:30,2025.0,2025.0,2025.0,2025.0,0,5800
2133,2022-07-06 09:35:00+05:30,2025.0,2025.0,2025.0,2025.0,0,5800
2134,2022-07-06 09:36:00+05:30,2025.0,2025.0,2025.0,2025.0,0,5800
2135,2022-07-06 09:37:00+05:30,2025.0,2025.0,2025.0,2025.0,0,5800
2136,2022-07-06 09:38:00+05:30,2025.0,2025.0,2025.0,2025.0,0,5800
2137,2022-07-06 09:39:00+05:30,2025.0,2025.0,2025.0,2025.0,0,5800
2138,2022-07-06 09:40:00+05:30,2025.0,2025.0,2025.0,2025.0,0,5800
2139,2022-07-06 09:41:00+05:30,2025.0,2025.0,2025.0,2025.0,0,5800
2140,2022-07-06 09:42:00+05:30,2025.0,2025.0,2025.0,2025.0,0,5800
2141,2022-07-06 09:43:00+05:30,2025.0,2025.0,2025.0,2025.0,0,5800
2142,2022-07-06 09:44:00+05:30,2025.0,2025.0,2025.0,2025.0,0,5800
2143,2022-07-06 09:45:00+05:30,2025.0,2025.0,2025.0,2025.0,0,5800
2144,2022-07-06 09:46:00+05:30,2025.0,2025.0,2025.0,2025.0,0,5800
2145,2022-07-06 09:47:00+05:30,2025.0,2025.0,2025.0,2025.0,0,5800
2146,2022-07-06 09:48:00+05:30,2025.0,2025.0,2025.0,2025.0,0,5800
2147,2022-07-06 09:49:00+05:30,2025.0,2025.0,2025.0,2025.0,0,5800
2148,2022-07-06 09:50:00+05:30,2025.0,2025.0,2025.0,2025.0,0,5800
2149,2022-07-06 09:51:00+05:30,2025.0,2025.0,2025.0,2025.0,0,5800
2150,2022-07-06 09:52:00+05:30,2025.0,2025.0,2025.0,2025.0,0,5800
2151,2022-07-06 09:53:00+05:30,2025.0,2025.0,2025.0,2025.0,0,5800
2152,2022-07-06 09:54:00+05:30,2025.0,2025.0,2025.0,2025.0,0,5800
2153,2022-07-06 09:55:00+05:30,2025.0,2025.0,2025.0,2025.0,0,5800
2154,2022-07-06 09:56:00+05:30,2025.0,2025.0,2025.0,2025.0,0,5800
2155,2022-07-06 09:57:00+05:30,2025.0,2025.0,2025.0,2025.0,0,5800
2156,2022-07-06 09:58:00+05:30,2025.0,2025.0,2025.0,2025.0,0,5800
2157,2022-07-06 09:59:00+05:30,2025.0,2025.0,2025.0,2025.0,0,5800
2158,2022-07-06 10:00:00+05:30,2025.0,2025.0,2025.0,2025.0,0,5800
2159,2022-07-06 10:01:00+05:30,2025.0,2025.0,2025.0,2025.0,0,5800
2160,2022-07-06 10:02:00+05:30,2025.0,2025.0,2025.0,2025.0,0,5800
2161,2022-07-06 10:03:00+05:30,2025.0,2025.0,2025.0,2025.0,0,5800
2162,2022-07-06 10:04:00+05:30,2025.0,2025.0,2025.0,2025.0,0,5800
2163,2022-07-06 10:05:00+05:30,2025.0,2025.0,2025.0,2025.0,0,5800
2164,2022-07-06 10:06:00+05:30,2025.0,2025.0,2025.0,2025.0,0,5800
2165,2022-07-06 10:07:00+05:30,2025.0,2025.0,2025.0,2025.0,0,5800
2166,2022-07-06 10:08:00+05:30,2025.0,2025.0,2025.0,2025.0,0,5800
2167,2022-07-06 10:09:00+05:30,2025.0,2025.0,2025.0,2025.0,0,5800
2168,2022-07-06 10:10:00+05:30,2025.0,2025.0,2025.0,2025.0,0,5800
2169,2022-07-06 10:11:00+05:30,2025.0,2025.0,2025.0,2025.0,0,5800
2170,2022-07-06 10:12:00+05:30,2025.0,2025.0,2025.0,2025.0,0,5800
2171,2022-07-06 10:13:00+05:30,2025.0,2025.0,2025.0,2025.0,0,5800
2172,2022-07-06 10:14:00+05:30,2025.0,2025.0,2025.0,2025.0,0,5800
2173,2022-07-06 10:15:00+05:30,2025.0,2025.0,2025.0,2025.0,0,5800
2174,2022-07-06 10:16:00+05:30,2025.0,2025.0,2025.0,2025.0,0,5800
2175,2022-07-06 10:17:00+05:30,2025.0,2025.0,2025.0,2025.0,0,5800
2176,2022-07-06 10:18:00+05:30,2025.0,2025.0,2025.0,2025.0,0,5800
2177,2022-07-06 10:19:00+05:30,2025.0,2025.0,2025.0,2025.0,0,5800
2178,2022-07-06 10:20:00+05:30,2025.0,2025.0,2025.0,2025.0,0,5800
2179,2022-07-06 10:21:00+05:30,2025.0,2025.0,2025.0,2025.0,0,5800
2180,2022-07-06 10:22:00+05:30,2025.0,2025.0,2025.0,2025.0,0,5800
2181,2022-07-06 10:23:00+05:30,2025.0,2025.0,2025.0,2025.0,0,5800
2182,2022-07-06 10:24:00+05:30,2025.0,2025.0,2025.0,2025.0,0,5800
2183,2022-07-06 10:25:00+05:30,2025.0,2025.0,2025.0,2025.0,0,5800
2184,2022-07-06 10:26:00+05:30,2025.0,2025.0,2025.0,2025.0,0,5800
2185,2022-07-06 10:27:00+05:30,2025.0,2025.0,2025.0,2025.0,0,5800
2186,2022-07-06 10:28:00+05:30,2025.0,2025.0,2025.0,2025.0,0,5800
2187,2022-07-06 10:29:00+05:30,2025.0,2025.0,2025.0,2025.0,0,5800
2188,2022-07-06 10:30:00+05:30,2025.0,2025.0,2025.0,2025.0,0,5800
2189,2022-07-06 10:31:00+05:30,2025.0,2025.0,2025.0,2025.0,0,5800
2190,2022-07-06 10:32:00+05:30,2025.0,2025.0,2025.0,2025.0,0,5800
2191,2022-07-06 10:33:00+05:30,2025.0,2025.0,2025.0,2025.0,0,5800
2192,2022-07-06 10:34:00+05:30,2025.0,2025.0,2025.0,2025.0,0,5800
2193,2022-07-06 10:35:00+05:30,2025.0,2025.0,2025.0,2025.0,0,5800
2194,2022-07-06 10:36:00+05:30,2025.0,2025.0,2025.0,2025.0,0,5800
2195,2022-07-06 10:37:00+05:30,2025.0,2025.0,2025.0,2025.0,0,5800
2196,2022-07-06 10:38:00+05:30,2025.0,2025.0,2025.0,2025.0,0,5800
2197,2022-07-06 10:39:00+05:30,2025.0,2025.0,2025.0,2025.0,0,5800
2198,2022-07-06 10:40:00+05:30,2025.0,2025.0,2025.0,2025.0,0,5800
2199,2022-07-06 10:41:00+05:30,2025.0,2025.0,2025.0,2025.0,0,5800
2200,2022-07-06 10:42:00+05:30,2025.0,2025.0,2025.0,2025.0,0,5800
2201,2022-07-06 10:43:00+05:30,2025.0,2025.0,2025.0,2025.0,0,5800
2202,2022-07-06 10:44:00+05:30,2025.0,2025.0,2025.0,2025.0,0,5800
2203,2022-07-06 10:45:00+05:30,2025.0,2025.0,2025.0,2025.0,0,5800
2204,2022-07-06 10:46:00+05:30,2025.0,2025.0,2025.0,2025.0,0,5800
2205,2022-07-06 10:47:00+05:30,2025.0,2025.0,2025.0,2025.0,0,5800
2206,2022-07-06 10:48:00+05:30,2025.0,2025.0,2025.0,2025.0,0,5800
2207,2022-07-06 10:49:00+05:30,2025.0,2025.0,2025.0,2025.0,0,5800
2208,2022-07-06 10:50:00+05:30,2025.0,2025.0,2025.0,2025.0,0,5800
2209,2022-07-06 10:51:00+05:30,2025.0,2025.0,2025.0,2025.0,0,5800
2210,2022-07-06 10:52:00+05:30,2025.0,2025.0,2025.0,2025.0,0,5800
2211,2022-07-06 10:53:00+05:30,2025.0,2025.0,2025.0,2025.0,0,5800
2212,2022-07-06 10:54:00+05:30,2025.0,2025.0,2025.0,2025.0,0,5800
2213,2022-07-06 10:55:00+05:30,2025.0,2025.0,2025.0,2025.0,0,5800
2214,2022-07-06 10:56:00+05:30,2025.0,2025.0,2025.0,2025.0,0,5800
2215,2022-07-06 10:57:00+05:30,2025.0,2025.0,2025.0,2025.0,0,5800
2216,2022-07-06 10:58:00+05:30,2025.0,2025.0,2025.0,2025.0,0,5800
2217,2022-07-06 10:59:00+05:30,2025.0,2025.0,2025.0,2025.0,0,5800
2218,2022-07-06 11:00:00+05:30,2025.0,2025.0,2025.0,2025.0,0,5800
2219,2022-07-06 11:01:00+05:30,2025.0,2025.0,2025.0,2025.0,0,5800
2220,2022-07-06 11:02:00+05:30,2025.0,2025.0,2025.0,2025.0,0,5800
2221,2022-07-06 11:03:00+05:30,2025.0,2025.0,2025.0,2025.0,0,5800
2222,2022-07-06 11:04:00+05:30,2025.0,2025.0,2025.0,2025.0,0,5800
2223,2022-07-06 11:05:00+05:30,2025.0,2025.0,2025.0,2025.0,0,5800
2224,2022-07-06 11:06:00+05:30,2025.0,2025.0,2025.0,2025.0,0,5800
2225,2022-07-06 11:07:00+05:30,2025.0,2025.0,2025.0,2025.0,0,5800
2226,2022-07-06 11:08:00+05:30,2025.0,2025.0,2025.0,2025.0,0,5800
2227,2022-07-06 11:09:00+05:30,2025.0,2025.0,2025.0,2025.0,0,5800
2228,2022-07-06 11:10:00+05:30,2025.0,2025.0,2025.0,2025.0,0,5800
2229,2022-07-06 11:11:00+05:30,2025.0,2025.0,2025.0,2025.0,0,5800
2230,2022-07-06 11:12:00+05:30,2025.0,2025.0,2025.0,2025.0,0,5800
2231,2022-07-06 11:13:00+05:30,2025.0,2025.0,2025.0,2025.0,0,5800
2232,2022-07-06 11:14:00+05:30,2025.0,2025.0,2025.0,2025.0,0,5800
2233,2022-07-06 11:15:00+05:30,2025.0,2025.0,2025.0,2025.0,0,5800
2234,2022-07-06 11:16:00+05:30,2025.0,2025.0,2025.0,2025.0,0,5800
2235,2022-07-06 11:17:00+05:30,2025.0,2025.0,2025.0,2025.0,0,5800
2236,2022-07-06 11:18:00+05:30,2025.0,2025.0,2025.0,2025.0,0,5800
2237,2022-07-06 11:19:00+05:30,2025.0,2025.0,2025.0,2025.0,0,5800
2238,2022-07-06 11:20:00+05:30,2025.0,2025.0,2025.0,2025.0,0,5800
2239,2022-07-06 11:21:00+05:30,2025.0,2025.0,2025.0,2025.0,0,5800
2240,2022-07-06 11:22:00+05:30,2025.0,2025.0,2025.0,2025.0,0,5800
2241,2022-07-06 11:23:00+05:30,2025.0,2025.0,2025.0,2025.0,0,5800
2242,2022-07-06 11:24:00+05:30,2025.0,2025.0,2025.0,2025.0,0,5800
2243,2022-07-06 11:25:00+05:30,2025.0,2025.0,2025.0,2025.0,0,5800
2244,2022-07-06 11:26:00+05:30,2025.0,2025.0,2025.0,2025.0,0,5800
2245,2022-07-06 11:27:00+05:30,2025.0,2025.0,2025.0,2025.0,0,5800
2246,2022-07-06 11:28:00+05:30,2025.0,2025.0,2025.0,2025.0,0,5800
2247,2022-07-06 11:29:00+05:30,2025.0,2025.0,2025.0,2025.0,0,5800
2248,2022-07-06 11:30:00+05:30,2025.0,2025.0,2025.0,2025.0,0,5800
2249,2022-07-06 11:31:00+05:30,2025.0,2025.0,2025.0,2025.0,0,5800
2250,2022-07-06 11:32:00+05:30,2025.0,2025.0,2025.0,2025.0,0,5800
2251,2022-07-06 11:33:00+05:30,2025.0,2025.0,2025.0,2025.0,0,5800
2252,2022-07-06 11:34:00+05:30,2025.0,2025.0,2025.0,2025.0,0,5800
2253,2022-07-06 11:35:00+05:30,2025.0,2025.0,2025.0,2025.0,0,5800
2254,2022-07-06 11:36:00+05:30,2025.0,2025.0,2025.0,2025.0,0,5800
2255,2022-07-06 11:37:00+05:30,2025.0,2025.0,2025.0,2025.0,0,5800
2256,2022-07-06 11:38:00+05:30,2025.0,2025.0,2025.0,2025.0,0,5800
2257,2022-07-06 11:39:00+05:30,2025.0,2072.0,2025.0,2072.0,50,5750
2258,2022-07-06 11:40:00+05:30,2072.0,2072.0,2072.0,2072.0,0,5750
2259,2022-07-06 11:41:00+05:30,2072.0,2072.0,2072.0,2072.0,0,5750
2260,2022-07-06 11:42:00+05:30,2072.0,2072.0,2072.0,2072.0,0,5750
2261,2022-07-06 11:43:00+05:30,2072.0,2072.0,2072.0,2072.0,0,5750
2262,2022-07-06 11:44:00+05:30,2072.0,2072.0,2072.0,2072.0,0,5750
2263,2022-07-06 11:45:00+05:30,2072.0,2072.0,2072.0,2072.0,0,5750
2264,2022-07-06 11:46:00+05:30,2072.0,2072.0,2072.0,2072.0,0,5750
2265,2022-07-06 11:47:00+05:30,2072.0,2072.0,2072.0,2072.0,0,5750
2266,2022-07-06 11:48:00+05:30,2072.0,2072.0,2072.0,2072.0,0,5750
2267,2022-07-06 11:49:00+05:30,2072.0,2072.0,2072.0,2072.0,0,5750
2268,2022-07-06 11:50:00+05:30,2072.0,2072.0,2072.0,2072.0,0,5750
2269,2022-07-06 11:51:00+05:30,2072.0,2072.0,2072.0,2072.0,0,5750
2270,2022-07-06 11:52:00+05:30,2072.0,2072.0,2072.0,2072.0,0,5750
2271,2022-07-06 11:53:00+05:30,2072.0,2072.0,2072.0,2072.0,0,5750
2272,2022-07-06 11:54:00+05:30,2072.0,2072.0,2072.0,2072.0,0,5750
2273,2022-07-06 11:55:00+05:30,2072.0,2072.0,2072.0,2072.0,0,5750
2274,2022-07-06 11:56:00+05:30,2072.0,2072.0,2072.0,2072.0,0,5750
2275,2022-07-06 11:57:00+05:30,2072.0,2072.0,2072.0,2072.0,0,5750
2276,2022-07-06 11:58:00+05:30,2072.0,2072.0,2072.0,2072.0,0,5750
2277,2022-07-06 11:59:00+05:30,2072.0,2072.0,2072.0,2072.0,0,5750
2278,2022-07-06 12:00:00+05:30,2072.0,2072.0,2072.0,2072.0,0,5750
2279,2022-07-06 12:01:00+05:30,2072.0,2072.0,2072.0,2072.0,0,5750
2280,2022-07-06 12:02:00+05:30,2072.0,2072.0,2072.0,2072.0,0,5750
2281,2022-07-06 12:03:00+05:30,2072.0,2072.0,2072.0,2072.0,0,5750
2282,2022-07-06 12:04:00+05:30,2072.0,2072.0,2072.0,2072.0,0,5750
2283,2022-07-06 12:05:00+05:30,2072.0,2072.0,2072.0,2072.0,0,5750
2284,2022-07-06 12:06:00+05:30,2072.0,2072.0,2072.0,2072.0,0,5750
2285,2022-07-06 12:07:00+05:30,2072.0,2072.0,2072.0,2072.0,0,5750
2286,2022-07-06 12:08:00+05:30,2072.0,2072.0,2072.0,2072.0,0,5750
2287,2022-07-06 12:09:00+05:30,2072.0,2072.0,2072.0,2072.0,0,5750
2288,2022-07-06 12:10:00+05:30,2072.0,2072.0,2072.0,2072.0,0,5750
2289,2022-07-06 12:11:00+05:30,2072.0,2072.0,2072.0,2072.0,0,5750
2290,2022-07-06 12:12:00+05:30,2072.0,2072.0,2072.0,2072.0,0,5750
2291,2022-07-06 12:13:00+05:30,2072.0,2072.0,2072.0,2072.0,0,5750
2292,2022-07-06 12:14:00+05:30,2072.0,2072.0,2072.0,2072.0,0,5750
2293,2022-07-06 12:15:00+05:30,2072.0,2072.0,2072.0,2072.0,0,5750
2294,2022-07-06 12:16:00+05:30,2072.0,2072.0,2072.0,2072.0,0,5750
2295,2022-07-06 12:17:00+05:30,2072.0,2072.0,2072.0,2072.0,0,5750
2296,2022-07-06 12:18:00+05:30,2072.0,2072.0,2072.0,2072.0,0,5750
2297,2022-07-06 12:19:00+05:30,2072.0,2072.0,2072.0,2072.0,0,5750
2298,2022-07-06 12:20:00+05:30,2072.0,2072.0,2072.0,2072.0,0,5750
2299,2022-07-06 12:21:00+05:30,2072.0,2072.0,2072.0,2072.0,0,5750
2300,2022-07-06 12:22:00+05:30,2072.0,2072.0,2072.0,2072.0,0,5750
2301,2022-07-06 12:23:00+05:30,2072.0,2072.0,2072.0,2072.0,0,5750
2302,2022-07-06 12:24:00+05:30,2072.0,2072.0,2072.0,2072.0,0,5750
2303,2022-07-06 12:25:00+05:30,2072.0,2072.0,2072.0,2072.0,0,5750
2304,2022-07-06 12:26:00+05:30,2072.0,2072.0,2072.0,2072.0,0,5750
2305,2022-07-06 12:27:00+05:30,2072.0,2072.0,2072.0,2072.0,0,5750
2306,2022-07-06 12:28:00+05:30,2072.0,2072.0,2072.0,2072.0,0,5750
2307,2022-07-06 12:29:00+05:30,2072.0,2072.0,2072.0,2072.0,0,5750
2308,2022-07-06 12:30:00+05:30,2072.0,2072.0,2072.0,2072.0,0,5750
2309,2022-07-06 12:31:00+05:30,2072.0,2072.0,2072.0,2072.0,0,5750
2310,2022-07-06 12:32:00+05:30,2072.0,2072.0,2072.0,2072.0,0,5750
2311,2022-07-06 12:33:00+05:30,2072.0,2072.0,2072.0,2072.0,0,5750
2312,2022-07-06 12:34:00+05:30,2072.0,2072.0,2072.0,2072.0,0,5750
2313,2022-07-06 12:35:00+05:30,2072.0,2072.0,2072.0,2072.0,0,5750
2314,2022-07-06 12:36:00+05:30,2072.0,2072.0,2072.0,2072.0,0,5750
2315,2022-07-06 12:37:00+05:30,2072.0,2072.0,2072.0,2072.0,0,5750
2316,2022-07-06 12:38:00+05:30,2072.0,2072.0,2072.0,2072.0,0,5750
2317,2022-07-06 12:39:00+05:30,2072.0,2072.0,2072.0,2072.0,0,5750
2318,2022-07-06 12:40:00+05:30,2072.0,2072.0,2072.0,2072.0,0,5750
2319,2022-07-06 12:41:00+05:30,2072.0,2072.0,2072.0,2072.0,0,5750
2320,2022-07-06 12:42:00+05:30,2072.0,2072.0,2072.0,2072.0,0,5750
2321,2022-07-06 12:43:00+05:30,2072.0,2072.0,2072.0,2072.0,0,5750
2322,2022-07-06 12:44:00+05:30,2072.0,2072.0,2072.0,2072.0,0,5750
2323,2022-07-06 12:45:00+05:30,2072.0,2072.0,2072.0,2072.0,0,5750
2324,2022-07-06 12:46:00+05:30,2072.0,2072.0,2072.0,2072.0,0,5750
2325,2022-07-06 12:47:00+05:30,2072.0,2072.0,2072.0,2072.0,0,5750
2326,2022-07-06 12:48:00+05:30,2072.0,2072.0,2072.0,2072.0,0,5750
2327,2022-07-06 12:49:00+05:30,2072.0,2072.0,2072.0,2072.0,0,5750
2328,2022-07-06 12:50:00+05:30,2072.0,2072.0,2072.0,2072.0,0,5750
2329,2022-07-06 12:51:00+05:30,2072.0,2072.0,2072.0,2072.0,0,5750
2330,2022-07-06 12:52:00+05:30,2072.0,2072.0,2072.0,2072.0,0,5750
2331,2022-07-06 12:53:00+05:30,2072.0,2072.0,2072.0,2072.0,0,5750
2332,2022-07-06 12:54:00+05:30,2072.0,2072.0,2072.0,2072.0,0,5750
2333,2022-07-06 12:55:00+05:30,2072.0,2072.0,2072.0,2072.0,0,5750
2334,2022-07-06 12:56:00+05:30,2072.0,2072.0,2072.0,2072.0,0,5750
2335,2022-07-06 12:57:00+05:30,2072.0,2072.0,2072.0,2072.0,0,5750
2336,2022-07-06 12:58:00+05:30,2072.0,2072.0,2072.0,2072.0,0,5750
2337,2022-07-06 12:59:00+05:30,2072.0,2072.0,2072.0,2072.0,0,5750
2338,2022-07-06 13:00:00+05:30,2072.0,2072.0,2072.0,2072.0,0,5750
2339,2022-07-06 13:01:00+05:30,2072.0,2072.0,2072.0,2072.0,0,5750
2340,2022-07-06 13:04:00+05:30,2072.0,2072.0,2072.0,2072.0,0,5750
2341,2022-07-06 13:07:00+05:30,2072.0,2072.0,2072.0,2072.0,0,5750
2342,2022-07-06 13:08:00+05:30,2072.0,2072.0,2072.0,2072.0,0,5750
2343,2022-07-06 13:09:00+05:30,2072.0,2072.0,2072.0,2072.0,0,5750
2344,2022-07-06 13:10:00+05:30,2072.0,2072.0,2072.0,2072.0,0,5750
2345,2022-07-06 13:11:00+05:30,2072.0,2072.0,2072.0,2072.0,0,5750
2346,2022-07-06 13:12:00+05:30,2072.0,2072.0,2072.0,2072.0,0,5750
2347,2022-07-06 13:13:00+05:30,2072.0,2072.0,2072.0,2072.0,0,5750
2348,2022-07-06 13:14:00+05:30,2072.0,2072.0,2072.0,2072.0,0,5750
2349,2022-07-06 13:15:00+05:30,2072.0,2072.0,2072.0,2072.0,0,5750
2350,2022-07-06 13:16:00+05:30,2072.0,2072.0,2072.0,2072.0,0,5750
2351,2022-07-06 13:18:00+05:30,2072.0,2072.0,2072.0,2072.0,0,5750
2352,2022-07-06 13:20:00+05:30,2072.0,2072.0,2072.0,2072.0,0,5750
2353,2022-07-06 13:21:00+05:30,2072.0,2072.0,2072.0,2072.0,0,5750
2354,2022-07-06 13:22:00+05:30,2072.0,2072.0,2072.0,2072.0,0,5750
2355,2022-07-06 13:23:00+05:30,2072.0,2072.0,2072.0,2072.0,0,5750
2356,2022-07-06 13:24:00+05:30,2072.0,2072.0,2072.0,2072.0,0,5750
2357,2022-07-06 13:25:00+05:30,2072.0,2072.0,2072.0,2072.0,0,5750
2358,2022-07-06 13:26:00+05:30,2072.0,2072.0,2072.0,2072.0,0,5750
2359,2022-07-06 13:27:00+05:30,2072.0,2072.0,2072.0,2072.0,0,5750
2360,2022-07-06 13:28:00+05:30,2072.0,2072.0,2072.0,2072.0,0,5750
2361,2022-07-06 13:29:00+05:30,2072.0,2072.0,2072.0,2072.0,0,5750
2362,2022-07-06 13:30:00+05:30,2072.0,2072.0,2072.0,2072.0,0,5750
2363,2022-07-06 13:32:00+05:30,2072.0,2072.0,2072.0,2072.0,0,5750
2364,2022-07-06 13:33:00+05:30,2072.0,2072.0,2072.0,2072.0,0,5750
2365,2022-07-06 13:34:00+05:30,2072.0,2072.0,2072.0,2072.0,0,5750
2366,2022-07-06 13:35:00+05:30,2072.0,2072.0,2072.0,2072.0,0,5750
2367,2022-07-06 13:36:00+05:30,2072.0,2072.0,2072.0,2072.0,0,5750
2368,2022-07-06 13:37:00+05:30,2072.0,2072.0,2072.0,2072.0,0,5750
2369,2022-07-06 13:38:00+05:30,2072.0,2072.0,2072.0,2072.0,0,5750
2370,2022-07-06 13:39:00+05:30,2072.0,2072.0,2072.0,2072.0,0,5750
2371,2022-07-06 13:40:00+05:30,2072.0,2072.0,2072.0,2072.0,0,5750
2372,2022-07-06 13:41:00+05:30,2072.0,2072.0,2072.0,2072.0,0,5750
2373,2022-07-06 13:42:00+05:30,2072.0,2072.0,2072.0,2072.0,0,5750
2374,2022-07-06 13:43:00+05:30,2072.0,2072.0,2072.0,2072.0,0,5750
2375,2022-07-06 13:46:00+05:30,2072.0,2072.0,2072.0,2072.0,0,5750
2376,2022-07-06 13:47:00+05:30,2072.0,2072.0,2072.0,2072.0,0,5750
2377,2022-07-06 13:48:00+05:30,2072.0,2072.0,2072.0,2072.0,0,5750
2378,2022-07-06 13:49:00+05:30,2072.0,2072.0,2072.0,2072.0,0,5750
2379,2022-07-06 13:50:00+05:30,2072.0,2072.0,2072.0,2072.0,0,5750
2380,2022-07-06 13:52:00+05:30,2072.0,2072.0,2072.0,2072.0,0,5750
2381,2022-07-06 13:53:00+05:30,2072.0,2072.0,2072.0,2072.0,0,5750
2382,2022-07-06 13:54:00+05:30,2072.0,2072.0,2072.0,2072.0,0,5750
2383,2022-07-06 13:55:00+05:30,2072.0,2072.0,2072.0,2072.0,0,5750
2384,2022-07-06 13:56:00+05:30,2072.0,2072.0,2072.0,2072.0,0,5750
2385,2022-07-06 13:57:00+05:30,2072.0,2072.0,2072.0,2072.0,0,5750
2386,2022-07-06 13:58:00+05:30,2072.0,2072.0,2072.0,2072.0,0,5750
2387,2022-07-06 13:59:00+05:30,2072.0,2072.0,2072.0,2072.0,0,5750
2388,2022-07-06 14:00:00+05:30,2072.0,2072.0,2072.0,2072.0,0,5750
2389,2022-07-06 14:01:00+05:30,2072.0,2072.0,2072.0,2072.0,0,5750
2390,2022-07-06 14:02:00+05:30,2072.0,2072.0,2072.0,2072.0,0,5750
2391,2022-07-06 14:03:00+05:30,2072.0,2072.0,2072.0,2072.0,0,5750
2392,2022-07-06 14:04:00+05:30,2072.0,2072.0,2072.0,2072.0,0,5750
2393,2022-07-06 14:05:00+05:30,2072.0,2072.0,2072.0,2072.0,0,5750
2394,2022-07-06 14:06:00+05:30,2072.0,2072.0,2072.0,2072.0,0,5750
2395,2022-07-06 14:07:00+05:30,2072.0,2072.0,2072.0,2072.0,0,5750
2396,2022-07-06 14:08:00+05:30,2072.0,2072.0,2072.0,2072.0,0,5750
2397,2022-07-06 14:09:00+05:30,2072.0,2072.0,2072.0,2072.0,0,5750
2398,2022-07-06 14:10:00+05:30,2072.0,2072.0,2072.0,2072.0,0,5750
2399,2022-07-06 14:11:00+05:30,2072.0,2072.0,1999.0,1999.0,50,5700
2400,2022-07-06 14:12:00+05:30,1999.0,1999.0,1999.0,1999.0,0,5700
2401,2022-07-06 14:13:00+05:30,1999.0,1999.0,1999.0,1999.0,0,5700
2402,2022-07-06 14:14:00+05:30,1999.0,1999.0,1999.0,1999.0,0,5700
2403,2022-07-06 14:15:00+05:30,1999.0,1999.0,1999.0,1999.0,0,5700
2404,2022-07-06 14:16:00+05:30,1999.0,1999.0,1999.0,1999.0,0,5700
2405,2022-07-06 14:17:00+05:30,1999.0,1999.0,1999.0,1999.0,0,5700
2406,2022-07-06 14:18:00+05:30,1999.0,1999.0,1999.0,1999.0,0,5700
2407,2022-07-06 14:19:00+05:30,1999.0,1999.0,1999.0,1999.0,0,5700
2408,2022-07-06 14:20:00+05:30,1999.0,1999.0,1999.0,1999.0,0,5700
2409,2022-07-06 14:21:00+05:30,1999.0,1999.0,1999.0,1999.0,0,5700
2410,2022-07-06 14:22:00+05:30,1999.0,1999.0,1999.0,1999.0,0,5700
2411,2022-07-06 14:23:00+05:30,1999.0,1999.0,1999.0,1999.0,0,5700
2412,2022-07-06 14:24:00+05:30,1999.0,1999.0,1999.0,1999.0,0,5700
2413,2022-07-06 14:25:00+05:30,1999.0,1999.0,1999.0,1999.0,0,5700
2414,2022-07-06 14:26:00+05:30,1999.0,1999.0,1999.0,1999.0,0,5700
2415,2022-07-06 14:27:00+05:30,1999.0,1999.0,1999.0,1999.0,0,5700
2416,2022-07-06 14:28:00+05:30,1999.0,1999.0,1999.0,1999.0,0,5700
2417,2022-07-06 14:29:00+05:30,1999.0,1999.0,1999.0,1999.0,0,5700
2418,2022-07-06 14:30:00+05:30,1999.0,1999.0,1999.0,1999.0,0,5700
2419,2022-07-06 14:31:00+05:30,1999.0,1999.0,1999.0,1999.0,0,5700
2420,2022-07-06 14:32:00+05:30,1999.0,1999.0,1999.0,1999.0,0,5700
2421,2022-07-06 14:33:00+05:30,1999.0,1999.0,1999.0,1999.0,0,5700
2422,2022-07-06 14:34:00+05:30,1999.0,1999.0,1999.0,1999.0,0,5700
2423,2022-07-06 14:35:00+05:30,1999.0,1999.0,1999.0,1999.0,0,5700
2424,2022-07-06 14:36:00+05:30,1999.0,1999.0,1999.0,1999.0,0,5700
2425,2022-07-06 14:37:00+05:30,1999.0,1999.0,1999.0,1999.0,0,5700
2426,2022-07-06 14:38:00+05:30,1999.0,1999.0,1999.0,1999.0,0,5700
2427,2022-07-06 14:39:00+05:30,1999.0,1999.0,1999.0,1999.0,0,5700
2428,2022-07-06 14:40:00+05:30,1999.0,1999.0,1999.0,1999.0,0,5700
2429,2022-07-06 14:41:00+05:30,1999.0,1999.0,1999.0,1999.0,0,5700
2430,2022-07-06 14:42:00+05:30,1999.0,1999.0,1999.0,1999.0,0,5700
2431,2022-07-06 14:43:00+05:30,1999.0,1999.0,1999.0,1999.0,0,5700
2432,2022-07-06 14:44:00+05:30,1999.0,1999.0,1999.0,1999.0,0,5700
2433,2022-07-06 14:45:00+05:30,1999.0,1999.0,1999.0,1999.0,0,5700
2434,2022-07-06 14:46:00+05:30,1999.0,1999.0,1999.0,1999.0,0,5700
2435,2022-07-06 14:47:00+05:30,1999.0,1999.0,1999.0,1999.0,0,5700
2436,2022-07-06 14:48:00+05:30,1999.0,1999.0,1999.0,1999.0,0,5700
2437,2022-07-06 14:49:00+05:30,1999.0,1999.0,1999.0,1999.0,0,5700
2438,2022-07-06 14:50:00+05:30,1999.0,1999.0,1999.0,1999.0,0,5700
2439,2022-07-06 14:51:00+05:30,1999.0,1999.0,1999.0,1999.0,0,5700
2440,2022-07-06 14:52:00+05:30,1999.0,1999.0,1999.0,1999.0,0,5700
2441,2022-07-06 14:53:00+05:30,1999.0,1999.0,1999.0,1999.0,0,5700
2442,2022-07-06 14:54:00+05:30,1999.0,1999.0,1999.0,1999.0,0,5700
2443,2022-07-06 14:55:00+05:30,1999.0,1999.0,1999.0,1999.0,0,5700
2444,2022-07-06 14:56:00+05:30,1999.0,1999.0,1999.0,1999.0,0,5700
2445,2022-07-06 14:57:00+05:30,1999.0,1999.0,1999.0,1999.0,0,5700
2446,2022-07-06 14:58:00+05:30,1999.0,1999.0,1999.0,1999.0,0,5700
2447,2022-07-06 14:59:00+05:30,1999.0,1999.0,1999.0,1999.0,0,5700
2448,2022-07-06 15:00:00+05:30,1999.0,1999.0,1999.0,1999.0,0,5700
2449,2022-07-06 15:01:00+05:30,1999.0,1999.0,1999.0,1999.0,0,5700
2450,2022-07-06 15:02:00+05:30,1999.0,1999.0,1999.0,1999.0,0,5700
2451,2022-07-06 15:03:00+05:30,1999.0,1999.0,1999.0,1999.0,0,5700
2452,2022-07-06 15:04:00+05:30,1999.0,1999.0,1999.0,1999.0,0,5700
2453,2022-07-06 15:05:00+05:30,1999.0,1999.0,1999.0,1999.0,0,5700
2454,2022-07-06 15:06:00+05:30,1999.0,1999.0,1999.0,1999.0,0,5700
2455,2022-07-06 15:07:00+05:30,1999.0,1999.0,1999.0,1999.0,0,5700
2456,2022-07-06 15:08:00+05:30,1999.0,1999.0,1999.0,1999.0,0,5700
2457,2022-07-06 15:09:00+05:30,1999.0,1999.0,1999.0,1999.0,0,5700
2458,2022-07-06 15:10:00+05:30,1999.0,1999.0,1999.0,1999.0,0,5700
2459,2022-07-06 15:11:00+05:30,1999.0,1999.0,1999.0,1999.0,0,5700
2460,2022-07-06 15:12:00+05:30,1999.0,1999.0,1999.0,1999.0,0,5700
2461,2022-07-06 15:13:00+05:30,1999.0,1999.0,1999.0,1999.0,0,5700
2462,2022-07-06 15:14:00+05:30,1999.0,1999.0,1999.0,1999.0,0,5700
2463,2022-07-06 15:15:00+05:30,1999.0,1999.0,1999.0,1999.0,0,5700
2464,2022-07-06 15:16:00+05:30,1999.0,1999.0,1999.0,1999.0,0,5700
2465,2022-07-06 15:17:00+05:30,1999.0,1999.0,1999.0,1999.0,0,5700
2466,2022-07-06 15:18:00+05:30,1999.0,1999.0,1999.0,1999.0,0,5700
2467,2022-07-06 15:19:00+05:30,1999.0,1999.0,1999.0,1999.0,0,5700
2468,2022-07-06 15:20:00+05:30,1999.0,1999.0,1999.0,1999.0,0,5700
2469,2022-07-06 15:21:00+05:30,1999.0,1999.0,1999.0,1999.0,0,5700
2470,2022-07-06 15:22:00+05:30,1999.0,1999.0,1999.0,1999.0,0,5700
2471,2022-07-06 15:23:00+05:30,1999.0,1999.0,1999.0,1999.0,0,5700
2472,2022-07-06 15:24:00+05:30,1999.0,1999.0,1999.0,1999.0,0,5700
2473,2022-07-06 15:25:00+05:30,1999.0,1999.0,1999.0,1999.0,0,5700
2474,2022-07-06 15:26:00+05:30,1999.0,1999.0,1999.0,1999.0,0,5700
2475,2022-07-06 15:27:00+05:30,1999.0,1999.0,1999.0,1999.0,0,5700
2476,2022-07-06 15:28:00+05:30,1999.0,1999.0,1999.0,1999.0,0,5700
2477,2022-07-06 15:29:00+05:30,1999.0,1999.0,1999.0,1999.0,0,5700
2478,2022-07-07 12:32:00+05:30,1801.8,1801.8,1801.8,1801.8,0,5750
2479,2022-07-07 12:33:00+05:30,1801.8,1801.8,1801.8,1801.8,0,5750
2480,2022-07-07 12:34:00+05:30,1801.8,1801.8,1801.8,1801.8,0,5750
2481,2022-07-07 12:35:00+05:30,1801.8,1801.8,1801.8,1801.8,0,5750
2482,2022-07-07 12:36:00+05:30,1801.8,1801.8,1801.8,1801.8,0,5750
2483,2022-07-07 12:37:00+05:30,1801.8,1801.8,1801.8,1801.8,0,5750
2484,2022-07-07 12:38:00+05:30,1801.8,1801.8,1801.8,1801.8,0,5750
2485,2022-07-07 12:39:00+05:30,1801.8,1801.8,1801.8,1801.8,0,5750
2486,2022-07-07 12:40:00+05:30,1801.8,1801.8,1801.8,1801.8,0,5750
2487,2022-07-07 12:41:00+05:30,1801.8,1801.8,1801.8,1801.8,0,5750
2488,2022-07-07 12:42:00+05:30,1801.8,1801.8,1801.8,1801.8,0,5750
2489,2022-07-07 12:43:00+05:30,1801.8,1801.8,1801.8,1801.8,0,5750
2490,2022-07-07 12:44:00+05:30,1801.8,1801.8,1801.8,1801.8,0,5750
2491,2022-07-07 12:45:00+05:30,1801.8,1801.8,1801.8,1801.8,0,5750
2492,2022-07-07 12:46:00+05:30,1801.8,1801.8,1801.8,1801.8,0,5750
2493,2022-07-07 12:47:00+05:30,1801.8,1801.8,1801.8,1801.8,0,5750
2494,2022-07-07 12:48:00+05:30,1801.8,1801.8,1801.8,1801.8,0,5750
2495,2022-07-07 12:49:00+05:30,1801.8,1801.8,1801.8,1801.8,0,5750
2496,2022-07-07 12:50:00+05:30,1801.8,1801.8,1801.8,1801.8,0,5750
2497,2022-07-07 12:51:00+05:30,1801.8,1801.8,1801.8,1801.8,0,5750
2498,2022-07-07 12:52:00+05:30,1801.8,1801.8,1801.8,1801.8,0,5750
2499,2022-07-07 12:53:00+05:30,1801.8,1801.8,1801.8,1801.8,0,5750
2500,2022-07-07 12:54:00+05:30,1801.8,1801.8,1801.8,1801.8,0,5750
2501,2022-07-07 12:55:00+05:30,1801.8,1801.8,1801.8,1801.8,0,5750
2502,2022-07-07 12:56:00+05:30,1801.8,1801.8,1801.8,1801.8,0,5750
2503,2022-07-07 12:57:00+05:30,1801.8,1801.8,1801.8,1801.8,0,5750
2504,2022-07-07 12:58:00+05:30,1801.8,1801.8,1801.8,1801.8,0,5750
2505,2022-07-07 12:59:00+05:30,1801.8,1801.8,1801.8,1801.8,0,5750
2506,2022-07-07 13:00:00+05:30,1801.8,1801.8,1801.8,1801.8,0,5750
2507,2022-07-07 13:01:00+05:30,1801.8,1801.8,1801.8,1801.8,0,5750
2508,2022-07-07 13:02:00+05:30,1801.8,1801.8,1801.8,1801.8,0,5750
2509,2022-07-07 13:03:00+05:30,1801.8,1801.8,1801.8,1801.8,0,5750
2510,2022-07-07 13:04:00+05:30,1801.8,1801.8,1801.8,1801.8,0,5750
2511,2022-07-07 13:05:00+05:30,1801.8,1801.8,1801.8,1801.8,0,5750
2512,2022-07-07 13:06:00+05:30,1801.8,1801.8,1801.8,1801.8,0,5750
2513,2022-07-07 13:07:00+05:30,1801.8,1801.8,1801.8,1801.8,0,5750
2514,2022-07-07 13:08:00+05:30,1801.8,1801.8,1801.8,1801.8,0,5750
2515,2022-07-07 13:09:00+05:30,1801.8,1801.8,1801.8,1801.8,0,5750
2516,2022-07-07 13:10:00+05:30,1801.8,1801.8,1801.8,1801.8,0,5750
2517,2022-07-07 13:11:00+05:30,1801.8,1801.8,1801.8,1801.8,0,5750
2518,2022-07-07 13:12:00+05:30,1801.8,1801.8,1801.8,1801.8,0,5750
2519,2022-07-07 13:13:00+05:30,1801.8,1801.8,1801.8,1801.8,0,5750
2520,2022-07-07 13:14:00+05:30,1801.8,1801.8,1801.8,1801.8,0,5750
2521,2022-07-07 13:15:00+05:30,1801.8,1801.8,1801.8,1801.8,0,5750
2522,2022-07-07 13:16:00+05:30,1801.8,1801.8,1801.8,1801.8,0,5750
2523,2022-07-07 13:17:00+05:30,1801.8,1801.8,1801.8,1801.8,0,5750
2524,2022-07-07 13:18:00+05:30,1801.8,1801.8,1801.8,1801.8,0,5750
2525,2022-07-07 13:19:00+05:30,1801.8,1801.8,1801.8,1801.8,0,5750
2526,2022-07-07 13:20:00+05:30,1801.8,1801.8,1801.8,1801.8,0,5750
2527,2022-07-07 13:21:00+05:30,1801.8,1801.8,1801.8,1801.8,0,5750
2528,2022-07-07 13:22:00+05:30,1801.8,1801.8,1801.8,1801.8,0,5750
2529,2022-07-07 13:23:00+05:30,1801.8,1801.8,1763.05,1763.05,50,5750
2530,2022-07-07 13:24:00+05:30,1763.05,1763.05,1763.05,1763.05,0,5750
2531,2022-07-07 13:25:00+05:30,1763.05,1763.05,1763.05,1763.05,0,5750
2532,2022-07-07 13:26:00+05:30,1763.05,1763.05,1763.05,1763.05,0,5750
2533,2022-07-07 13:27:00+05:30,1763.05,1763.05,1763.05,1763.05,0,5750
2534,2022-07-07 13:28:00+05:30,1763.05,1763.05,1763.05,1763.05,0,5750
2535,2022-07-07 13:29:00+05:30,1763.05,1763.05,1763.05,1763.05,0,5750
2536,2022-07-07 13:30:00+05:30,1763.05,1763.05,1763.05,1763.05,0,5750
2537,2022-07-07 13:31:00+05:30,1763.05,1763.05,1763.05,1763.05,0,5750
2538,2022-07-07 13:32:00+05:30,1763.05,1763.05,1763.05,1763.05,0,5750
2539,2022-07-07 13:33:00+05:30,1763.05,1763.05,1763.05,1763.05,0,5750
2540,2022-07-07 13:34:00+05:30,1763.05,1763.05,1763.05,1763.05,0,5750
2541,2022-07-07 13:35:00+05:30,1763.05,1763.05,1763.05,1763.05,0,5750
2542,2022-07-07 13:36:00+05:30,1763.05,1763.05,1763.05,1763.05,0,5750
2543,2022-07-07 13:37:00+05:30,1763.05,1763.05,1763.05,1763.05,0,5750
2544,2022-07-07 13:38:00+05:30,1763.05,1763.05,1763.05,1763.05,0,5750
2545,2022-07-07 13:39:00+05:30,1763.05,1763.05,1763.05,1763.05,0,5750
2546,2022-07-07 13:40:00+05:30,1763.05,1763.05,1763.05,1763.05,0,5750
2547,2022-07-07 13:41:00+05:30,1763.05,1763.05,1763.05,1763.05,0,5750
2548,2022-07-07 13:42:00+05:30,1763.05,1763.05,1763.05,1763.05,0,5750
2549,2022-07-07 13:43:00+05:30,1763.05,1763.05,1763.05,1763.05,0,5750
2550,2022-07-07 13:44:00+05:30,1763.05,1763.05,1763.05,1763.05,0,5750
2551,2022-07-07 13:45:00+05:30,1763.05,1763.05,1763.05,1763.05,0,5750
2552,2022-07-07 13:46:00+05:30,1763.05,1763.05,1763.05,1763.05,0,5750
2553,2022-07-07 13:47:00+05:30,1763.05,1763.05,1763.05,1763.05,0,5750
2554,2022-07-07 13:48:00+05:30,1763.05,1763.05,1763.05,1763.05,0,5750
2555,2022-07-07 13:49:00+05:30,1763.05,1763.05,1763.05,1763.05,0,5750
2556,2022-07-07 13:50:00+05:30,1763.05,1763.05,1763.05,1763.05,0,5750
2557,2022-07-07 13:51:00+05:30,1763.05,1763.05,1763.05,1763.05,0,5750
2558,2022-07-07 13:52:00+05:30,1763.05,1763.05,1763.05,1763.05,0,5750
2559,2022-07-07 13:53:00+05:30,1763.05,1763.05,1763.05,1763.05,0,5750
2560,2022-07-07 13:54:00+05:30,1763.05,1763.05,1763.05,1763.05,0,5750
2561,2022-07-07 13:55:00+05:30,1763.05,1763.05,1763.05,1763.05,0,5750
2562,2022-07-07 13:56:00+05:30,1763.05,1763.05,1763.05,1763.05,0,5750
2563,2022-07-07 13:57:00+05:30,1763.05,1763.05,1763.05,1763.05,0,5750
2564,2022-07-07 13:58:00+05:30,1763.05,1763.05,1763.05,1763.05,0,5750
2565,2022-07-07 13:59:00+05:30,1763.05,1763.05,1763.05,1763.05,0,5750
2566,2022-07-07 14:00:00+05:30,1763.05,1763.05,1763.05,1763.05,0,5750
2567,2022-07-07 14:01:00+05:30,1763.05,1763.05,1763.05,1763.05,0,5750
2568,2022-07-07 14:02:00+05:30,1763.05,1763.05,1763.05,1763.05,0,5750
2569,2022-07-07 14:03:00+05:30,1763.05,1763.05,1763.05,1763.05,0,5750
2570,2022-07-07 14:04:00+05:30,1763.05,1763.05,1763.05,1763.05,0,5750
2571,2022-07-07 14:05:00+05:30,1763.05,1763.05,1763.05,1763.05,0,5750
2572,2022-07-07 14:06:00+05:30,1763.05,1763.05,1763.05,1763.05,0,5750
2573,2022-07-07 14:07:00+05:30,1763.05,1763.05,1763.05,1763.05,0,5750
2574,2022-07-07 14:08:00+05:30,1763.05,1763.05,1763.05,1763.05,0,5750
2575,2022-07-07 14:09:00+05:30,1763.05,1763.05,1763.05,1763.05,0,5750
2576,2022-07-07 14:10:00+05:30,1763.05,1763.05,1763.05,1763.05,0,5750
2577,2022-07-07 14:11:00+05:30,1763.05,1763.05,1763.05,1763.05,0,5750
2578,2022-07-07 14:12:00+05:30,1763.05,1763.05,1763.05,1763.05,0,5750
2579,2022-07-07 14:13:00+05:30,1763.05,1763.05,1763.05,1763.05,0,5750
2580,2022-07-07 14:14:00+05:30,1763.05,1763.05,1763.05,1763.05,0,5750
2581,2022-07-07 14:15:00+05:30,1763.05,1763.05,1763.05,1763.05,0,5750
2582,2022-07-07 14:16:00+05:30,1763.05,1763.05,1763.05,1763.05,0,5750
2583,2022-07-07 14:17:00+05:30,1763.05,1763.05,1763.05,1763.05,0,5750
2584,2022-07-07 14:18:00+05:30,1763.05,1763.05,1763.05,1763.05,0,5750
2585,2022-07-07 14:19:00+05:30,1763.05,1763.05,1763.05,1763.05,0,5750
2586,2022-07-07 14:20:00+05:30,1763.05,1763.05,1763.05,1763.05,0,5750
2587,2022-07-07 14:21:00+05:30,1763.05,1763.05,1763.05,1763.05,0,5750
2588,2022-07-07 14:22:00+05:30,1763.05,1763.05,1763.05,1763.05,0,5750
2589,2022-07-07 14:23:00+05:30,1763.05,1763.05,1763.05,1763.05,0,5750
2590,2022-07-07 14:24:00+05:30,1763.05,1763.05,1763.05,1763.05,0,5750
2591,2022-07-07 14:25:00+05:30,1763.05,1763.05,1763.05,1763.05,0,5750
2592,2022-07-07 14:26:00+05:30,1763.05,1763.05,1763.05,1763.05,0,5750
2593,2022-07-07 14:27:00+05:30,1763.05,1763.05,1763.05,1763.05,0,5750
2594,2022-07-07 14:28:00+05:30,1763.05,1763.05,1763.05,1763.05,0,5750
2595,2022-07-07 14:29:00+05:30,1763.05,1763.05,1763.05,1763.05,0,5750
2596,2022-07-07 14:30:00+05:30,1763.05,1763.05,1763.05,1763.05,0,5750
2597,2022-07-07 14:31:00+05:30,1763.05,1763.05,1763.05,1763.05,0,5750
2598,2022-07-07 14:32:00+05:30,1763.05,1763.05,1763.05,1763.05,0,5750
2599,2022-07-07 14:33:00+05:30,1763.05,1763.05,1763.05,1763.05,0,5750
2600,2022-07-07 14:34:00+05:30,1763.05,1763.05,1763.05,1763.05,0,5750
2601,2022-07-07 14:35:00+05:30,1763.05,1763.05,1763.05,1763.05,0,5750
2602,2022-07-07 14:36:00+05:30,1763.05,1763.05,1763.05,1763.05,0,5750
2603,2022-07-07 14:37:00+05:30,1763.05,1763.05,1763.05,1763.05,0,5750
2604,2022-07-07 14:38:00+05:30,1763.05,1763.05,1763.05,1763.05,0,5750
2605,2022-07-07 14:39:00+05:30,1763.05,1763.05,1763.05,1763.05,0,5750
2606,2022-07-07 14:40:00+05:30,1763.05,1763.05,1763.05,1763.05,0,5750
2607,2022-07-07 14:41:00+05:30,1763.05,1763.05,1763.05,1763.05,0,5750
2608,2022-07-07 14:42:00+05:30,1763.05,1763.05,1763.05,1763.05,0,5750
2609,2022-07-07 14:43:00+05:30,1763.05,1763.05,1763.05,1763.05,0,5750
2610,2022-07-07 14:44:00+05:30,1763.05,1763.05,1763.05,1763.05,0,5750
2611,2022-07-07 14:45:00+05:30,1763.05,1763.05,1763.05,1763.05,0,5750
2612,2022-07-07 14:46:00+05:30,1763.05,1763.05,1763.05,1763.05,0,5750
2613,2022-07-07 14:47:00+05:30,1763.05,1763.05,1763.05,1763.05,0,5750
2614,2022-07-07 14:48:00+05:30,1763.05,1763.05,1763.05,1763.05,0,5750
2615,2022-07-07 14:49:00+05:30,1763.05,1763.05,1763.05,1763.05,0,5750
2616,2022-07-07 14:50:00+05:30,1763.05,1763.05,1763.05,1763.05,0,5750
2617,2022-07-07 14:51:00+05:30,1763.05,1763.05,1763.05,1763.05,0,5750
2618,2022-07-07 14:52:00+05:30,1763.05,1763.05,1763.05,1763.05,0,5750
2619,2022-07-07 14:53:00+05:30,1763.05,1763.05,1763.05,1763.05,0,5750
2620,2022-07-07 14:54:00+05:30,1763.05,1763.05,1763.05,1763.05,0,5750
2621,2022-07-07 14:55:00+05:30,1763.05,1763.05,1763.05,1763.05,0,5750
2622,2022-07-07 14:56:00+05:30,1763.05,1763.05,1763.05,1763.05,0,5750
2623,2022-07-07 14:57:00+05:30,1763.05,1763.05,1763.05,1763.05,0,5750
2624,2022-07-07 14:58:00+05:30,1763.05,1763.05,1763.05,1763.05,0,5750
2625,2022-07-07 14:59:00+05:30,1763.05,1763.05,1763.05,1763.05,0,5750
2626,2022-07-07 15:00:00+05:30,1763.05,1763.05,1763.05,1763.05,0,5750
2627,2022-07-07 15:01:00+05:30,1763.05,1763.05,1763.05,1763.05,0,5750
2628,2022-07-07 15:02:00+05:30,1763.05,1763.05,1763.05,1763.05,0,5750
2629,2022-07-07 15:03:00+05:30,1763.05,1763.05,1763.05,1763.05,0,5750
2630,2022-07-07 15:04:00+05:30,1763.05,1763.05,1763.05,1763.05,0,5750
2631,2022-07-07 15:05:00+05:30,1763.05,1763.05,1763.05,1763.05,0,5750
2632,2022-07-07 15:06:00+05:30,1763.05,1763.05,1763.05,1763.05,0,5750
2633,2022-07-07 15:07:00+05:30,1763.05,1763.05,1763.05,1763.05,0,5750
2634,2022-07-07 15:08:00+05:30,1763.05,1763.05,1763.05,1763.05,0,5750
2635,2022-07-07 15:09:00+05:30,1763.05,1763.05,1763.05,1763.05,0,5750
2636,2022-07-07 15:10:00+05:30,1763.05,1763.05,1763.05,1763.05,0,5750
2637,2022-07-07 15:11:00+05:30,1763.05,1763.05,1763.05,1763.05,0,5750
2638,2022-07-07 15:12:00+05:30,1763.05,1763.05,1763.05,1763.05,0,5750
2639,2022-07-07 15:13:00+05:30,1763.05,1763.05,1763.05,1763.05,0,5750
2640,2022-07-07 15:14:00+05:30,1763.05,1763.05,1763.05,1763.05,0,5750
2641,2022-07-07 15:15:00+05:30,1763.05,1763.05,1763.05,1763.05,0,5750
2642,2022-07-07 15:16:00+05:30,1763.05,1763.05,1763.05,1763.05,0,5750
2643,2022-07-07 15:17:00+05:30,1763.05,1763.05,1763.05,1763.05,0,5750
2644,2022-07-07 15:18:00+05:30,1763.05,1763.05,1763.05,1763.05,0,5750
2645,2022-07-07 15:19:00+05:30,1763.05,1763.05,1763.05,1763.05,0,5750
2646,2022-07-07 15:20:00+05:30,1763.05,1763.05,1763.05,1763.05,0,5750
2647,2022-07-07 15:21:00+05:30,1763.05,1763.05,1763.05,1763.05,0,5750
2648,2022-07-07 15:22:00+05:30,1763.05,1763.05,1763.05,1763.05,0,5750
2649,2022-07-07 15:23:00+05:30,1763.05,1763.05,1763.05,1763.05,0,5750
2650,2022-07-07 15:24:00+05:30,1763.05,1763.05,1763.05,1763.05,0,5750
2651,2022-07-07 15:25:00+05:30,1763.05,1763.05,1763.05,1763.05,0,5750
2652,2022-07-07 15:26:00+05:30,1763.05,1763.05,1763.05,1763.05,0,5750
2653,2022-07-07 15:27:00+05:30,1763.05,1763.05,1763.05,1763.05,0,5750
2654,2022-07-07 15:28:00+05:30,1763.05,1763.05,1763.05,1763.05,0,5750
2655,2022-07-07 15:29:00+05:30,1763.05,1763.05,1763.05,1763.05,0,5750
2656,2022-07-14 11:03:00+05:30,1863.8,1863.8,1863.8,1863.8,0,5750
2657,2022-07-14 11:04:00+05:30,1863.8,1863.8,1863.8,1863.8,0,5750
2658,2022-07-14 11:05:00+05:30,1863.8,1863.8,1863.8,1863.8,0,5750
2659,2022-07-14 11:06:00+05:30,1863.8,1863.8,1863.8,1863.8,0,5750
2660,2022-07-14 11:07:00+05:30,1863.8,1863.8,1863.8,1863.8,0,5750
2661,2022-07-14 11:08:00+05:30,1863.8,1863.8,1863.8,1863.8,0,5750
2662,2022-07-14 11:09:00+05:30,1863.8,1863.8,1863.8,1863.8,0,5750
2663,2022-07-14 11:10:00+05:30,1863.8,1863.8,1863.8,1863.8,0,5750
2664,2022-07-14 11:11:00+05:30,1863.8,1863.8,1863.8,1863.8,0,5750
2665,2022-07-14 11:12:00+05:30,1863.8,1863.8,1863.8,1863.8,0,5750
2666,2022-07-14 11:13:00+05:30,1863.8,1863.8,1863.8,1863.8,0,5750
2667,2022-07-14 11:14:00+05:30,1863.8,1863.8,1863.8,1863.8,0,5750
2668,2022-07-14 11:15:00+05:30,1863.8,1863.8,1863.8,1863.8,0,5750
2669,2022-07-14 11:16:00+05:30,1863.8,1863.8,1863.8,1863.8,0,5750
2670,2022-07-14 11:17:00+05:30,1863.8,1863.8,1863.8,1863.8,0,5750
2671,2022-07-14 11:18:00+05:30,1863.8,1863.8,1863.8,1863.8,0,5750
2672,2022-07-14 11:19:00+05:30,1863.8,1863.8,1863.8,1863.8,0,5750
2673,2022-07-14 11:20:00+05:30,1863.8,1863.8,1863.8,1863.8,0,5750
2674,2022-07-14 11:21:00+05:30,1863.8,1863.8,1863.8,1863.8,0,5750
2675,2022-07-14 11:22:00+05:30,1863.8,1863.8,1863.8,1863.8,0,5750
2676,2022-07-14 11:23:00+05:30,1863.8,1863.8,1863.8,1863.8,0,5750
2677,2022-07-14 11:24:00+05:30,1863.8,1863.8,1863.8,1863.8,0,5750
2678,2022-07-14 11:25:00+05:30,1863.8,1863.8,1863.8,1863.8,0,5750
2679,2022-07-14 11:26:00+05:30,1863.8,1863.8,1863.8,1863.8,0,5750
2680,2022-07-14 11:27:00+05:30,1863.8,1863.8,1863.8,1863.8,0,5750
2681,2022-07-14 11:28:00+05:30,1863.8,1863.8,1863.8,1863.8,0,5750
2682,2022-07-14 11:29:00+05:30,1863.8,1863.8,1863.8,1863.8,0,5750
2683,2022-07-14 11:30:00+05:30,1863.8,1863.8,1863.8,1863.8,0,5750
2684,2022-07-14 11:31:00+05:30,1863.8,1863.8,1863.8,1863.8,0,5750
2685,2022-07-14 11:32:00+05:30,1863.8,1863.8,1863.8,1863.8,0,5750
2686,2022-07-14 11:33:00+05:30,1863.8,1863.8,1863.8,1863.8,0,5750
2687,2022-07-14 11:34:00+05:30,1863.8,1863.8,1863.8,1863.8,0,5750
2688,2022-07-14 11:35:00+05:30,1863.8,1863.8,1863.8,1863.8,0,5750
2689,2022-07-14 11:36:00+05:30,1863.8,1863.8,1863.8,1863.8,0,5750
2690,2022-07-14 11:37:00+05:30,1863.8,1863.8,1863.8,1863.8,0,5750
2691,2022-07-14 11:38:00+05:30,1863.8,1863.8,1863.8,1863.8,0,5750
2692,2022-07-14 11:39:00+05:30,1863.8,1863.8,1863.8,1863.8,0,5750
2693,2022-07-14 11:40:00+05:30,1863.8,1863.8,1863.8,1863.8,0,5750
2694,2022-07-14 11:41:00+05:30,1863.8,1863.8,1863.8,1863.8,0,5750
2695,2022-07-14 11:42:00+05:30,1863.8,1863.8,1863.8,1863.8,0,5750
2696,2022-07-14 11:43:00+05:30,1863.8,1863.8,1863.8,1863.8,0,5750
2697,2022-07-14 11:44:00+05:30,1863.8,1863.8,1863.8,1863.8,0,5750
2698,2022-07-14 11:45:00+05:30,1863.8,1863.8,1863.8,1863.8,0,5750
2699,2022-07-14 11:46:00+05:30,1863.8,1863.8,1863.8,1863.8,0,5750
2700,2022-07-14 11:47:00+05:30,1863.8,1863.8,1863.8,1863.8,0,5750
2701,2022-07-14 11:48:00+05:30,1863.8,1863.8,1863.8,1863.8,0,5750
2702,2022-07-14 11:49:00+05:30,1863.8,1863.8,1863.8,1863.8,0,5750
2703,2022-07-14 11:50:00+05:30,1863.8,1863.8,1863.8,1863.8,0,5750
2704,2022-07-14 11:51:00+05:30,1863.8,1863.8,1863.8,1863.8,0,5750
2705,2022-07-14 11:52:00+05:30,1863.8,1863.8,1863.8,1863.8,0,5750
2706,2022-07-14 11:53:00+05:30,1863.8,1863.8,1863.8,1863.8,0,5750
2707,2022-07-14 11:54:00+05:30,1863.8,1863.8,1863.8,1863.8,0,5750
2708,2022-07-14 11:55:00+05:30,1863.8,1863.8,1863.8,1863.8,0,5750
2709,2022-07-14 11:56:00+05:30,1863.8,1863.8,1863.8,1863.8,0,5750
2710,2022-07-14 11:57:00+05:30,1863.8,1863.8,1863.8,1863.8,0,5750
2711,2022-07-14 11:58:00+05:30,1863.8,1863.8,1863.8,1863.8,0,5750
2712,2022-07-14 11:59:00+05:30,1863.8,1863.8,1863.8,1863.8,0,5750
2713,2022-07-14 12:00:00+05:30,1863.8,1863.8,1863.8,1863.8,0,5750
2714,2022-07-14 12:01:00+05:30,1863.8,1863.8,1863.8,1863.8,0,5750
2715,2022-07-14 12:02:00+05:30,1863.8,1863.8,1863.8,1863.8,0,5750
2716,2022-07-14 12:03:00+05:30,1863.8,1863.8,1863.8,1863.8,0,5750
2717,2022-07-14 12:04:00+05:30,1863.8,1863.8,1863.8,1863.8,0,5750
2718,2022-07-14 12:05:00+05:30,1863.8,1863.8,1863.8,1863.8,0,5750
2719,2022-07-14 12:06:00+05:30,1863.8,1863.8,1863.8,1863.8,0,5750
2720,2022-07-14 12:07:00+05:30,1863.8,1863.8,1863.8,1863.8,0,5750
2721,2022-07-14 12:08:00+05:30,1863.8,1863.8,1863.8,1863.8,0,5750
2722,2022-07-14 12:09:00+05:30,1863.8,1863.8,1863.8,1863.8,0,5750
2723,2022-07-14 12:10:00+05:30,1863.8,1863.8,1863.8,1863.8,0,5750
2724,2022-07-14 12:11:00+05:30,1863.8,1863.8,1863.8,1863.8,0,5750
2725,2022-07-14 12:12:00+05:30,1863.8,1863.8,1863.8,1863.8,0,5750
2726,2022-07-14 12:13:00+05:30,1863.8,1863.8,1863.8,1863.8,0,5750
2727,2022-07-14 12:14:00+05:30,1863.8,1863.8,1863.8,1863.8,0,5750
2728,2022-07-14 12:15:00+05:30,1863.8,1863.8,1863.8,1863.8,0,5750
2729,2022-07-14 12:16:00+05:30,1863.8,1863.8,1863.8,1863.8,0,5750
2730,2022-07-14 12:17:00+05:30,1863.8,1863.8,1863.8,1863.8,0,5750
2731,2022-07-14 12:18:00+05:30,1863.8,1863.8,1863.8,1863.8,0,5750
2732,2022-07-14 12:19:00+05:30,1863.8,1863.8,1863.8,1863.8,0,5750
2733,2022-07-14 12:20:00+05:30,1863.8,1863.8,1863.8,1863.8,0,5750
2734,2022-07-14 12:21:00+05:30,1863.8,1863.8,1863.8,1863.8,0,5750
2735,2022-07-14 12:22:00+05:30,1863.8,1863.8,1863.8,1863.8,0,5750
2736,2022-07-14 12:23:00+05:30,1863.8,1863.8,1863.8,1863.8,0,5750
2737,2022-07-14 12:24:00+05:30,1863.8,1863.8,1863.8,1863.8,0,5750
2738,2022-07-14 12:25:00+05:30,1863.8,1863.8,1863.8,1863.8,0,5750
2739,2022-07-14 12:26:00+05:30,1863.8,1863.8,1863.8,1863.8,0,5750
2740,2022-07-14 12:27:00+05:30,1863.8,1863.8,1863.8,1863.8,0,5750
2741,2022-07-14 12:28:00+05:30,1863.8,1863.8,1863.8,1863.8,0,5750
2742,2022-07-14 12:29:00+05:30,1863.8,1863.8,1863.8,1863.8,0,5750
2743,2022-07-14 12:30:00+05:30,1863.8,1863.8,1863.8,1863.8,0,5750
2744,2022-07-14 12:31:00+05:30,1863.8,1863.8,1863.8,1863.8,0,5750
2745,2022-07-14 12:32:00+05:30,1863.8,1863.8,1863.8,1863.8,0,5750
2746,2022-07-14 12:33:00+05:30,1863.8,1863.8,1863.8,1863.8,0,5750
2747,2022-07-14 12:34:00+05:30,1863.8,1863.8,1863.8,1863.8,0,5750
2748,2022-07-14 12:35:00+05:30,1863.8,1863.8,1863.8,1863.8,0,5750
2749,2022-07-14 12:36:00+05:30,1863.8,1863.8,1863.8,1863.8,0,5750
2750,2022-07-14 12:37:00+05:30,1863.8,1863.8,1863.8,1863.8,0,5750
2751,2022-07-14 12:38:00+05:30,1863.8,1863.8,1863.8,1863.8,0,5750
2752,2022-07-14 12:39:00+05:30,1863.8,1863.8,1863.8,1863.8,0,5750
2753,2022-07-14 12:40:00+05:30,1863.8,1863.8,1863.8,1863.8,0,5750
2754,2022-07-14 12:41:00+05:30,1863.8,1863.8,1863.8,1863.8,0,5750
2755,2022-07-14 12:42:00+05:30,1863.8,1863.8,1863.8,1863.8,0,5750
2756,2022-07-14 12:43:00+05:30,1863.8,1863.8,1863.8,1863.8,0,5750
2757,2022-07-14 12:44:00+05:30,1863.8,1863.8,1863.8,1863.8,0,5750
2758,2022-07-14 12:45:00+05:30,1863.8,1863.8,1863.8,1863.8,0,5750
2759,2022-07-14 12:46:00+05:30,1863.8,1863.8,1863.8,1863.8,0,5750
2760,2022-07-14 12:47:00+05:30,1863.8,1863.8,1863.8,1863.8,0,5750
2761,2022-07-14 12:48:00+05:30,1863.8,1863.8,1863.8,1863.8,0,5750
2762,2022-07-14 12:49:00+05:30,1863.8,1863.8,1863.8,1863.8,0,5750
2763,2022-07-14 12:50:00+05:30,1863.8,1863.8,1863.8,1863.8,0,5750
2764,2022-07-14 12:51:00+05:30,1863.8,1863.8,1863.8,1863.8,0,5750
2765,2022-07-14 12:52:00+05:30,1863.8,1863.8,1863.8,1863.8,0,5750
2766,2022-07-14 12:53:00+05:30,1863.8,1863.8,1863.8,1863.8,0,5750
2767,2022-07-14 12:54:00+05:30,1863.8,1863.8,1863.8,1863.8,0,5750
2768,2022-07-14 12:55:00+05:30,1863.8,1863.8,1863.8,1863.8,0,5750
2769,2022-07-14 12:56:00+05:30,1863.8,1863.8,1863.8,1863.8,0,5750
2770,2022-07-14 12:57:00+05:30,1863.8,1863.8,1863.8,1863.8,0,5750
2771,2022-07-14 12:58:00+05:30,1863.8,1863.8,1863.8,1863.8,0,5750
2772,2022-07-14 12:59:00+05:30,1863.8,1863.8,1863.8,1863.8,0,5750
2773,2022-07-14 13:00:00+05:30,1863.8,1863.8,1863.8,1863.8,0,5750
2774,2022-07-14 13:01:00+05:30,1863.8,1863.8,1863.8,1863.8,0,5750
2775,2022-07-14 13:02:00+05:30,1863.8,1863.8,1863.8,1863.8,0,5750
2776,2022-07-14 13:03:00+05:30,1863.8,1863.8,1863.8,1863.8,0,5750
2777,2022-07-14 13:04:00+05:30,1863.8,1863.8,1863.8,1863.8,0,5750
2778,2022-07-14 13:05:00+05:30,1863.8,1863.8,1863.8,1863.8,0,5750
2779,2022-07-14 13:06:00+05:30,1863.8,1863.8,1863.8,1863.8,0,5750
2780,2022-07-14 13:07:00+05:30,1863.8,1863.8,1863.8,1863.8,0,5750
2781,2022-07-14 13:08:00+05:30,1863.8,1863.8,1863.8,1863.8,0,5750
2782,2022-07-14 13:09:00+05:30,1863.8,1863.8,1863.8,1863.8,0,5750
2783,2022-07-14 13:10:00+05:30,1863.8,1863.8,1863.8,1863.8,0,5750
2784,2022-07-14 13:11:00+05:30,1863.8,1863.8,1863.8,1863.8,0,5750
2785,2022-07-14 13:12:00+05:30,1863.8,1863.8,1863.8,1863.8,0,5750
2786,2022-07-14 13:13:00+05:30,1863.8,1863.8,1863.8,1863.8,0,5750
2787,2022-07-14 13:14:00+05:30,1863.8,1863.8,1863.8,1863.8,0,5750
2788,2022-07-14 13:15:00+05:30,1863.8,1863.8,1863.8,1863.8,0,5750
2789,2022-07-14 13:16:00+05:30,1863.8,1863.8,1863.8,1863.8,0,5750
2790,2022-07-14 13:17:00+05:30,1863.8,1863.8,1863.8,1863.8,0,5750
2791,2022-07-14 13:18:00+05:30,1863.8,1863.8,1863.8,1863.8,0,5750
2792,2022-07-14 13:19:00+05:30,1863.8,1863.8,1863.8,1863.8,0,5750
2793,2022-07-14 13:20:00+05:30,1863.8,1863.8,1863.8,1863.8,0,5750
2794,2022-07-14 13:21:00+05:30,1863.8,1863.8,1863.8,1863.8,0,5750
2795,2022-07-14 13:22:00+05:30,1863.8,1863.8,1863.8,1863.8,0,5750
2796,2022-07-14 13:23:00+05:30,1863.8,1863.8,1863.8,1863.8,0,5750
2797,2022-07-14 13:24:00+05:30,1863.8,1863.8,1863.8,1863.8,0,5750
2798,2022-07-14 13:25:00+05:30,1863.8,1863.8,1863.8,1863.8,0,5750
2799,2022-07-14 13:26:00+05:30,1863.8,1863.8,1863.8,1863.8,0,5750
2800,2022-07-14 13:27:00+05:30,1863.8,1863.8,1863.8,1863.8,0,5750
2801,2022-07-14 13:28:00+05:30,1863.8,1863.8,1863.8,1863.8,0,5750
2802,2022-07-14 13:29:00+05:30,1863.8,1863.8,1863.8,1863.8,0,5750
2803,2022-07-14 13:30:00+05:30,1863.8,1863.8,1863.8,1863.8,0,5750
2804,2022-07-14 13:31:00+05:30,1863.8,1863.8,1863.8,1863.8,0,5750
2805,2022-07-14 13:32:00+05:30,1863.8,1863.8,1863.8,1863.8,0,5750
2806,2022-07-14 13:33:00+05:30,1863.8,1863.8,1863.8,1863.8,0,5750
2807,2022-07-14 13:34:00+05:30,1863.8,1863.8,1863.8,1863.8,0,5750
2808,2022-07-14 13:35:00+05:30,1863.8,1863.8,1863.8,1863.8,0,5750
2809,2022-07-14 13:36:00+05:30,1863.8,1863.8,1863.8,1863.8,0,5750
2810,2022-07-14 13:37:00+05:30,1863.8,1863.8,1863.8,1863.8,0,5750
2811,2022-07-14 13:38:00+05:30,1863.8,1863.8,1863.8,1863.8,0,5750
2812,2022-07-14 13:39:00+05:30,1863.8,1863.8,1863.8,1863.8,0,5750
2813,2022-07-14 13:40:00+05:30,1863.8,1863.8,1863.8,1863.8,0,5750
2814,2022-07-14 13:41:00+05:30,1863.8,1863.8,1863.8,1863.8,0,5750
2815,2022-07-14 13:42:00+05:30,1863.8,1863.8,1863.8,1863.8,0,5750
2816,2022-07-14 13:43:00+05:30,1863.8,1863.8,1863.8,1863.8,0,5750
2817,2022-07-14 13:44:00+05:30,1863.8,1863.8,1863.8,1863.8,0,5750
2818,2022-07-14 13:45:00+05:30,1863.8,1863.8,1863.8,1863.8,0,5750
2819,2022-07-14 13:46:00+05:30,1863.8,1863.8,1863.8,1863.8,0,5750
2820,2022-07-14 13:47:00+05:30,1863.8,1863.8,1863.8,1863.8,0,5750
2821,2022-07-14 13:48:00+05:30,1863.8,1863.8,1863.8,1863.8,0,5750
2822,2022-07-14 13:49:00+05:30,1863.8,1863.8,1863.8,1863.8,0,5750
2823,2022-07-14 13:50:00+05:30,1863.8,1863.8,1863.8,1863.8,0,5750
2824,2022-07-14 13:51:00+05:30,1863.8,1863.8,1863.8,1863.8,0,5750
2825,2022-07-14 13:52:00+05:30,1863.8,1863.8,1863.8,1863.8,0,5750
2826,2022-07-14 13:53:00+05:30,1863.8,1863.8,1863.8,1863.8,0,5750
2827,2022-07-14 13:54:00+05:30,1863.8,1863.8,1863.8,1863.8,0,5750
2828,2022-07-14 13:55:00+05:30,1863.8,1863.8,1863.8,1863.8,0,5750
2829,2022-07-14 13:56:00+05:30,1863.8,1863.8,1863.8,1863.8,0,5750
2830,2022-07-14 13:57:00+05:30,1863.8,1863.8,1863.8,1863.8,0,5750
2831,2022-07-14 13:58:00+05:30,1863.8,1863.8,1863.8,1863.8,0,5750
2832,2022-07-14 13:59:00+05:30,1863.8,1863.8,1863.8,1863.8,0,5750
2833,2022-07-14 14:00:00+05:30,1863.8,1863.8,1863.8,1863.8,0,5750
2834,2022-07-14 14:01:00+05:30,1863.8,1863.8,1863.8,1863.8,0,5750
2835,2022-07-14 14:02:00+05:30,1863.8,1863.8,1863.8,1863.8,0,5750
2836,2022-07-14 14:03:00+05:30,1863.8,1863.8,1863.8,1863.8,0,5750
2837,2022-07-14 14:04:00+05:30,1863.8,1863.8,1863.8,1863.8,0,5750
2838,2022-07-14 14:05:00+05:30,1863.8,1863.8,1863.8,1863.8,0,5750
2839,2022-07-14 14:06:00+05:30,1863.8,1863.8,1863.8,1863.8,0,5750
2840,2022-07-14 14:07:00+05:30,1863.8,1863.8,1863.8,1863.8,0,5750
2841,2022-07-14 14:08:00+05:30,1863.8,1863.8,1863.8,1863.8,0,5750
2842,2022-07-14 14:09:00+05:30,1863.8,1863.8,1863.8,1863.8,0,5750
2843,2022-07-14 14:10:00+05:30,1863.8,1863.8,1863.8,1863.8,0,5750
2844,2022-07-14 14:11:00+05:30,1863.8,1863.8,1863.8,1863.8,0,5750
2845,2022-07-14 14:12:00+05:30,1863.8,1863.8,1863.8,1863.8,0,5750
2846,2022-07-14 14:13:00+05:30,1863.8,1863.8,1863.8,1863.8,0,5750
2847,2022-07-14 14:14:00+05:30,1863.8,1863.8,1863.8,1863.8,0,5750
2848,2022-07-14 14:15:00+05:30,1863.8,1863.8,1863.8,1863.8,0,5750
2849,2022-07-14 14:16:00+05:30,1863.8,1863.8,1863.8,1863.8,0,5750
2850,2022-07-14 14:17:00+05:30,1863.8,1863.8,1863.8,1863.8,0,5750
2851,2022-07-14 14:18:00+05:30,1863.8,1863.8,1863.8,1863.8,0,5750
2852,2022-07-14 14:19:00+05:30,1863.8,1863.8,1863.8,1863.8,0,5750
2853,2022-07-14 14:20:00+05:30,1863.8,1863.8,1863.8,1863.8,0,5750
2854,2022-07-14 14:21:00+05:30,1863.8,1863.8,1863.8,1863.8,0,5750
2855,2022-07-14 14:22:00+05:30,1863.8,1863.8,1863.8,1863.8,0,5750
2856,2022-07-14 14:23:00+05:30,1863.8,1863.8,1863.8,1863.8,0,5750
2857,2022-07-14 14:24:00+05:30,1863.8,1863.8,1863.8,1863.8,0,5750
2858,2022-07-14 14:25:00+05:30,1863.8,1863.8,1863.8,1863.8,0,5750
2859,2022-07-14 14:26:00+05:30,1863.8,1863.8,1863.8,1863.8,0,5750
2860,2022-07-14 14:27:00+05:30,1863.8,1863.8,1863.8,1863.8,0,5750
2861,2022-07-14 14:28:00+05:30,1863.8,1863.8,1863.8,1863.8,0,5750
2862,2022-07-14 14:29:00+05:30,1863.8,1863.8,1863.8,1863.8,0,5750
2863,2022-07-14 14:30:00+05:30,1863.8,1863.8,1863.8,1863.8,0,5750
2864,2022-07-14 14:31:00+05:30,1863.8,1863.8,1863.8,1863.8,0,5750
2865,2022-07-14 14:32:00+05:30,1863.8,1863.8,1863.8,1863.8,0,5750
2866,2022-07-14 14:33:00+05:30,1863.8,1863.8,1863.8,1863.8,0,5750
2867,2022-07-14 14:34:00+05:30,1863.8,1863.8,1863.8,1863.8,0,5750
2868,2022-07-14 14:35:00+05:30,1863.8,1863.8,1863.8,1863.8,0,5750
2869,2022-07-14 14:36:00+05:30,1863.8,1863.8,1863.8,1863.8,0,5750
2870,2022-07-14 14:37:00+05:30,1863.8,1863.8,1863.8,1863.8,0,5750
2871,2022-07-14 14:38:00+05:30,1863.8,1863.8,1863.8,1863.8,0,5750
2872,2022-07-14 14:39:00+05:30,1863.8,1863.8,1863.8,1863.8,0,5750
2873,2022-07-14 14:40:00+05:30,1863.8,1863.8,1863.8,1863.8,0,5750
2874,2022-07-14 14:41:00+05:30,1863.8,1863.8,1863.8,1863.8,0,5750
2875,2022-07-14 14:42:00+05:30,1863.8,1863.8,1863.8,1863.8,0,5750
2876,2022-07-14 14:43:00+05:30,1863.8,1863.8,1863.8,1863.8,0,5750
2877,2022-07-14 14:44:00+05:30,1863.8,1863.8,1863.8,1863.8,0,5750
2878,2022-07-14 14:45:00+05:30,1863.8,1863.8,1863.8,1863.8,0,5750
2879,2022-07-14 14:46:00+05:30,1863.8,1863.8,1863.8,1863.8,0,5750
2880,2022-07-14 14:47:00+05:30,1863.8,1863.8,1863.8,1863.8,0,5750
2881,2022-07-14 14:48:00+05:30,1863.8,1863.8,1863.8,1863.8,0,5750
2882,2022-07-14 14:49:00+05:30,1863.8,1863.8,1863.8,1863.8,0,5750
2883,2022-07-14 14:50:00+05:30,1863.8,1863.8,1863.8,1863.8,0,5750
2884,2022-07-14 14:51:00+05:30,1863.8,1863.8,1863.8,1863.8,0,5750
2885,2022-07-14 14:52:00+05:30,1863.8,1863.8,1863.8,1863.8,0,5750
2886,2022-07-14 14:53:00+05:30,1863.8,1863.8,1863.8,1863.8,0,5750
2887,2022-07-14 14:54:00+05:30,1863.8,1863.8,1863.8,1863.8,0,5750
2888,2022-07-14 14:55:00+05:30,1863.8,1863.8,1863.8,1863.8,0,5750
2889,2022-07-14 14:56:00+05:30,1863.8,1863.8,1863.8,1863.8,0,5750
2890,2022-07-14 14:57:00+05:30,1863.8,1863.8,1863.8,1863.8,0,5750
2891,2022-07-14 14:58:00+05:30,1863.8,1863.8,1863.8,1863.8,0,5750
2892,2022-07-14 14:59:00+05:30,1863.8,1863.8,1863.8,1863.8,0,5750
2893,2022-07-14 15:00:00+05:30,1863.8,1863.8,1863.8,1863.8,0,5750
2894,2022-07-14 15:01:00+05:30,1863.8,1863.8,1863.8,1863.8,0,5750
2895,2022-07-14 15:02:00+05:30,1863.8,1863.8,1863.8,1863.8,0,5750
2896,2022-07-14 15:03:00+05:30,1863.8,1863.8,1863.8,1863.8,0,5750
2897,2022-07-14 15:04:00+05:30,1863.8,1863.8,1863.8,1863.8,0,5750
2898,2022-07-14 15:05:00+05:30,1863.8,1863.8,1863.8,1863.8,0,5750
2899,2022-07-14 15:06:00+05:30,1863.8,1863.8,1863.8,1863.8,0,5750
2900,2022-07-14 15:07:00+05:30,1863.8,1863.8,1863.8,1863.8,0,5750
2901,2022-07-14 15:08:00+05:30,1863.8,1863.8,1863.8,1863.8,0,5750
2902,2022-07-14 15:09:00+05:30,1863.8,1863.8,1863.8,1863.8,0,5750
2903,2022-07-14 15:10:00+05:30,1863.8,1863.8,1863.8,1863.8,0,5750
2904,2022-07-14 15:11:00+05:30,1863.8,1863.8,1863.8,1863.8,0,5750
2905,2022-07-14 15:12:00+05:30,1863.8,1863.8,1863.8,1863.8,0,5750
2906,2022-07-14 15:13:00+05:30,1863.8,1863.8,1863.8,1863.8,0,5750
2907,2022-07-14 15:14:00+05:30,1863.8,1863.8,1863.8,1863.8,0,5750
2908,2022-07-14 15:15:00+05:30,1863.8,1863.8,1863.8,1863.8,0,5750
2909,2022-07-14 15:16:00+05:30,1863.8,1863.8,1863.8,1863.8,0,5750
2910,2022-07-14 15:17:00+05:30,1863.8,1863.8,1863.8,1863.8,0,5750
2911,2022-07-14 15:18:00+05:30,1863.8,1863.8,1863.8,1863.8,0,5750
2912,2022-07-14 15:19:00+05:30,1863.8,1863.8,1863.8,1863.8,0,5750
2913,2022-07-14 15:20:00+05:30,1863.8,1863.8,1863.8,1863.8,0,5750
2914,2022-07-14 15:21:00+05:30,1863.8,1863.8,1863.8,1863.8,0,5750
2915,2022-07-14 15:22:00+05:30,1863.8,1863.8,1863.8,1863.8,0,5750
2916,2022-07-14 15:23:00+05:30,1863.8,1863.8,1863.8,1863.8,0,5750
2917,2022-07-14 15:24:00+05:30,1863.8,1863.8,1863.8,1863.8,0,5750
2918,2022-07-14 15:25:00+05:30,1863.8,1863.8,1863.8,1863.8,0,5750
2919,2022-07-14 15:26:00+05:30,1863.8,1863.8,1863.8,1863.8,0,5750
2920,2022-07-14 15:27:00+05:30,1863.8,1863.8,1863.8,1863.8,0,5750
2921,2022-07-14 15:28:00+05:30,1863.8,1863.8,1863.8,1863.8,0,5750
2922,2022-07-14 15:29:00+05:30,1863.8,1863.8,1863.8,1863.8,0,5750
2923,2022-07-15 10:15:00+05:30,1886.2,1889.85,1885.7,1889.85,250,5750
2924,2022-07-15 10:16:00+05:30,1889.85,1889.85,1889.85,1889.85,0,5750
2925,2022-07-15 10:17:00+05:30,1889.85,1889.85,1889.85,1889.85,0,5750
2926,2022-07-15 10:18:00+05:30,1889.85,1889.85,1889.85,1889.85,0,5750
2927,2022-07-15 10:19:00+05:30,1889.85,1889.85,1889.85,1889.85,0,5750
2928,2022-07-15 10:20:00+05:30,1889.85,1889.85,1889.85,1889.85,0,5750
2929,2022-07-15 10:21:00+05:30,1889.85,1889.85,1889.85,1889.85,0,5750
2930,2022-07-15 10:22:00+05:30,1889.85,1889.85,1889.85,1889.85,0,5750
2931,2022-07-15 10:23:00+05:30,1889.85,1889.85,1889.85,1889.85,0,5750
2932,2022-07-15 10:24:00+05:30,1889.85,1889.85,1889.85,1889.85,0,5750
2933,2022-07-15 10:25:00+05:30,1889.85,1889.85,1889.85,1889.85,0,5750
2934,2022-07-15 10:26:00+05:30,1889.85,1889.85,1889.85,1889.85,0,5750
2935,2022-07-15 10:27:00+05:30,1889.85,1889.85,1889.85,1889.85,0,5750
2936,2022-07-15 10:28:00+05:30,1889.85,1889.85,1889.85,1889.85,0,5750
2937,2022-07-15 10:29:00+05:30,1889.85,1889.85,1889.85,1889.85,0,5750
2938,2022-07-15 10:30:00+05:30,1889.85,1889.85,1889.85,1889.85,0,5750
2939,2022-07-15 10:31:00+05:30,1889.85,1889.85,1889.85,1889.85,0,5750
2940,2022-07-15 10:32:00+05:30,1889.85,1889.85,1889.85,1889.85,0,5750
2941,2022-07-15 10:33:00+05:30,1889.85,1889.85,1889.85,1889.85,0,5750
2942,2022-07-15 10:34:00+05:30,1889.85,1889.85,1889.85,1889.85,0,5750
2943,2022-07-15 10:35:00+05:30,1889.85,1889.85,1889.85,1889.85,0,5750
2944,2022-07-15 10:36:00+05:30,1889.85,1889.85,1889.85,1889.85,0,5750
2945,2022-07-15 10:37:00+05:30,1889.85,1889.85,1889.85,1889.85,0,5750
2946,2022-07-15 10:38:00+05:30,1889.85,1889.85,1889.85,1889.85,0,5750
2947,2022-07-15 10:39:00+05:30,1889.85,1889.85,1889.85,1889.85,0,5750
2948,2022-07-15 10:40:00+05:30,1889.85,1889.85,1889.85,1889.85,0,5750
2949,2022-07-15 10:41:00+05:30,1889.85,1889.85,1889.85,1889.85,0,5750
2950,2022-07-15 10:42:00+05:30,1889.85,1889.85,1889.85,1889.85,0,5750
2951,2022-07-15 10:43:00+05:30,1889.85,1889.85,1889.85,1889.85,0,5750
2952,2022-07-15 10:44:00+05:30,1889.85,1889.85,1889.85,1889.85,0,5750
2953,2022-07-15 10:45:00+05:30,1889.85,1889.85,1889.85,1889.85,0,5750
2954,2022-07-15 10:46:00+05:30,1889.85,1889.85,1889.85,1889.85,0,5750
2955,2022-07-15 10:47:00+05:30,1889.85,1889.85,1889.85,1889.85,0,5750
2956,2022-07-15 10:48:00+05:30,1889.85,1889.85,1889.85,1889.85,0,5750
2957,2022-07-15 10:49:00+05:30,1889.85,1889.85,1889.85,1889.85,0,5750
2958,2022-07-15 10:50:00+05:30,1889.85,1889.85,1889.85,1889.85,0,5750
2959,2022-07-15 10:51:00+05:30,1889.85,1889.85,1889.85,1889.85,0,5750
2960,2022-07-15 10:52:00+05:30,1889.85,1889.85,1889.85,1889.85,0,5750
2961,2022-07-15 10:53:00+05:30,1889.85,1889.85,1889.85,1889.85,0,5750
2962,2022-07-15 10:54:00+05:30,1889.85,1889.85,1889.85,1889.85,0,5750
2963,2022-07-15 10:55:00+05:30,1889.85,1889.85,1889.85,1889.85,0,5750
2964,2022-07-15 10:56:00+05:30,1889.85,1889.85,1889.85,1889.85,0,5750
2965,2022-07-15 10:57:00+05:30,1889.85,1889.85,1889.85,1889.85,0,5750
2966,2022-07-15 10:58:00+05:30,1889.85,1889.85,1889.85,1889.85,0,5750
2967,2022-07-15 10:59:00+05:30,1889.85,1889.85,1889.85,1889.85,0,5750
2968,2022-07-15 11:00:00+05:30,1889.85,1889.85,1889.85,1889.85,0,5750
2969,2022-07-15 11:01:00+05:30,1889.85,1889.85,1889.85,1889.85,0,5750
2970,2022-07-15 11:02:00+05:30,1889.85,1889.85,1889.85,1889.85,0,5750
2971,2022-07-15 11:03:00+05:30,1889.85,1889.85,1889.85,1889.85,0,5750
2972,2022-07-15 11:04:00+05:30,1889.85,1889.85,1889.85,1889.85,0,5750
2973,2022-07-15 11:05:00+05:30,1889.85,1889.85,1889.85,1889.85,0,5750
2974,2022-07-15 11:06:00+05:30,1889.85,1889.85,1889.85,1889.85,0,5750
2975,2022-07-15 11:07:00+05:30,1889.85,1889.85,1889.85,1889.85,0,5750
2976,2022-07-15 11:08:00+05:30,1889.85,1889.85,1889.85,1889.85,0,5750
2977,2022-07-15 11:09:00+05:30,1889.85,1889.85,1889.85,1889.85,0,5750
2978,2022-07-15 11:10:00+05:30,1889.85,1889.85,1889.85,1889.85,0,5750
2979,2022-07-15 11:11:00+05:30,1889.85,1889.85,1889.85,1889.85,0,5750
2980,2022-07-15 11:12:00+05:30,1889.85,1889.85,1889.85,1889.85,0,5750
2981,2022-07-15 11:13:00+05:30,1889.85,1889.85,1889.85,1889.85,0,5750
2982,2022-07-15 11:14:00+05:30,1889.85,1889.85,1889.85,1889.85,0,5750
2983,2022-07-15 11:15:00+05:30,1889.85,1889.85,1889.85,1889.85,0,5750
2984,2022-07-15 11:16:00+05:30,1889.85,1889.85,1889.85,1889.85,0,5750
2985,2022-07-15 11:17:00+05:30,1889.85,1889.85,1889.85,1889.85,0,5750
2986,2022-07-15 11:18:00+05:30,1889.85,1889.85,1889.85,1889.85,0,5750
2987,2022-07-15 11:19:00+05:30,1889.85,1889.85,1889.85,1889.85,0,5750
2988,2022-07-15 11:20:00+05:30,1889.85,1889.85,1889.85,1889.85,0,5750
2989,2022-07-15 11:21:00+05:30,1889.85,1889.85,1889.85,1889.85,0,5750
2990,2022-07-15 11:22:00+05:30,1889.85,1889.85,1889.85,1889.85,0,5750
2991,2022-07-15 11:23:00+05:30,1889.85,1889.85,1889.85,1889.85,0,5750
2992,2022-07-15 11:24:00+05:30,1889.85,1889.85,1889.85,1889.85,0,5750
2993,2022-07-15 11:25:00+05:30,1889.85,1889.85,1889.85,1889.85,0,5750
2994,2022-07-15 11:26:00+05:30,1889.85,1889.85,1889.85,1889.85,0,5750
2995,2022-07-15 11:27:00+05:30,1889.85,1889.85,1889.85,1889.85,0,5750
2996,2022-07-15 11:28:00+05:30,1889.85,1889.85,1889.85,1889.85,0,5750
2997,2022-07-15 11:29:00+05:30,1889.85,1889.85,1889.85,1889.85,0,5750
2998,2022-07-15 11:30:00+05:30,1889.85,1889.85,1889.85,1889.85,0,5750
2999,2022-07-15 11:31:00+05:30,1889.85,1889.85,1889.85,1889.85,0,5750
3000,2022-07-15 11:32:00+05:30,1889.85,1889.85,1889.85,1889.85,0,5750
3001,2022-07-15 11:33:00+05:30,1889.85,1889.85,1889.85,1889.85,0,5750
3002,2022-07-15 11:34:00+05:30,1889.85,1889.85,1889.85,1889.85,0,5750
3003,2022-07-15 11:35:00+05:30,1889.85,1889.85,1889.85,1889.85,0,5750
3004,2022-07-15 11:36:00+05:30,1889.85,1889.85,1889.85,1889.85,0,5750
3005,2022-07-15 11:37:00+05:30,1889.85,1889.85,1889.85,1889.85,0,5750
3006,2022-07-15 11:38:00+05:30,1889.85,1889.85,1889.85,1889.85,0,5750
3007,2022-07-15 11:39:00+05:30,1889.85,1889.85,1889.85,1889.85,0,5750
3008,2022-07-15 11:40:00+05:30,1889.85,1889.85,1889.85,1889.85,0,5750
3009,2022-07-15 11:41:00+05:30,1889.85,1889.85,1889.85,1889.85,0,5750
3010,2022-07-15 11:42:00+05:30,1889.85,1889.85,1889.85,1889.85,0,5750
3011,2022-07-15 11:43:00+05:30,1889.85,1889.85,1889.85,1889.85,0,5750
3012,2022-07-15 11:44:00+05:30,1889.85,1889.85,1889.85,1889.85,0,5750
3013,2022-07-15 11:45:00+05:30,1889.85,1889.85,1889.85,1889.85,0,5750
3014,2022-07-15 11:46:00+05:30,1889.85,1889.85,1889.85,1889.85,0,5750
3015,2022-07-15 11:47:00+05:30,1889.85,1889.85,1889.85,1889.85,0,5750
3016,2022-07-15 11:48:00+05:30,1889.85,1889.85,1889.85,1889.85,0,5750
3017,2022-07-15 11:49:00+05:30,1889.85,1889.85,1889.85,1889.85,0,5750
3018,2022-07-15 11:50:00+05:30,1889.85,1889.85,1889.85,1889.85,0,5750
3019,2022-07-15 11:51:00+05:30,1889.85,1889.85,1889.85,1889.85,0,5750
3020,2022-07-15 11:52:00+05:30,1889.85,1889.85,1889.85,1889.85,0,5750
3021,2022-07-15 11:53:00+05:30,1889.85,1889.85,1889.85,1889.85,0,5750
3022,2022-07-15 11:54:00+05:30,1889.85,1889.85,1889.85,1889.85,0,5750
3023,2022-07-15 11:55:00+05:30,1889.85,1889.85,1889.85,1889.85,0,5750
3024,2022-07-15 11:56:00+05:30,1889.85,1889.85,1889.85,1889.85,0,5750
3025,2022-07-15 11:57:00+05:30,1889.85,1889.85,1889.85,1889.85,0,5750
3026,2022-07-15 11:58:00+05:30,1889.85,1889.85,1889.85,1889.85,0,5750
3027,2022-07-15 11:59:00+05:30,1889.85,1889.85,1889.85,1889.85,0,5750
3028,2022-07-15 12:00:00+05:30,1889.85,1889.85,1889.85,1889.85,0,5750
3029,2022-07-15 12:01:00+05:30,1889.85,1889.85,1889.85,1889.85,0,5750
3030,2022-07-15 12:02:00+05:30,1889.85,1889.85,1889.85,1889.85,0,5750
3031,2022-07-15 12:03:00+05:30,1889.85,1889.85,1889.85,1889.85,0,5750
3032,2022-07-15 12:04:00+05:30,1889.85,1889.85,1889.85,1889.85,0,5750
3033,2022-07-15 12:05:00+05:30,1889.85,1889.85,1889.85,1889.85,0,5750
3034,2022-07-15 12:06:00+05:30,1889.85,1889.85,1889.85,1889.85,0,5750
3035,2022-07-15 12:07:00+05:30,1889.85,1889.85,1889.85,1889.85,0,5750
3036,2022-07-15 12:08:00+05:30,1889.85,1889.85,1889.85,1889.85,0,5750
3037,2022-07-15 12:09:00+05:30,1889.85,1889.85,1889.85,1889.85,0,5750
3038,2022-07-15 12:10:00+05:30,1889.85,1889.85,1889.85,1889.85,0,5750
3039,2022-07-15 12:11:00+05:30,1889.85,1889.85,1889.85,1889.85,0,5750
3040,2022-07-15 12:12:00+05:30,1889.85,1889.85,1889.85,1889.85,0,5750
3041,2022-07-15 12:13:00+05:30,1889.85,1889.85,1889.85,1889.85,0,5750
3042,2022-07-15 12:14:00+05:30,1889.85,1889.85,1889.85,1889.85,0,5750
3043,2022-07-15 12:15:00+05:30,1889.85,1889.85,1889.85,1889.85,0,5750
3044,2022-07-15 12:16:00+05:30,1889.85,1889.85,1889.85,1889.85,0,5750
3045,2022-07-15 12:17:00+05:30,1889.85,1889.85,1889.85,1889.85,0,5750
3046,2022-07-15 12:18:00+05:30,1889.85,1889.85,1889.85,1889.85,0,5750
3047,2022-07-15 12:19:00+05:30,1889.85,1889.85,1889.85,1889.85,0,5750
3048,2022-07-15 12:20:00+05:30,1889.85,1889.85,1889.85,1889.85,0,5750
3049,2022-07-15 12:21:00+05:30,1889.85,1889.85,1889.85,1889.85,0,5750
3050,2022-07-15 12:22:00+05:30,1889.85,1889.85,1889.85,1889.85,0,5750
3051,2022-07-15 12:23:00+05:30,1889.85,1889.85,1889.85,1889.85,0,5750
3052,2022-07-15 12:24:00+05:30,1889.85,1889.85,1889.85,1889.85,0,5750
3053,2022-07-15 12:25:00+05:30,1889.85,1889.85,1889.85,1889.85,0,5750
3054,2022-07-15 12:26:00+05:30,1889.85,1889.85,1889.85,1889.85,0,5750
3055,2022-07-15 12:27:00+05:30,1889.85,1889.85,1889.85,1889.85,0,5750
3056,2022-07-15 12:28:00+05:30,1889.85,1889.85,1889.85,1889.85,0,5750
3057,2022-07-15 12:29:00+05:30,1889.85,1889.85,1889.85,1889.85,0,5750
3058,2022-07-15 12:30:00+05:30,1889.85,1889.85,1889.85,1889.85,0,5750
3059,2022-07-15 12:31:00+05:30,1889.85,1889.85,1889.85,1889.85,0,5750
3060,2022-07-15 12:32:00+05:30,1889.85,1889.85,1889.85,1889.85,0,5750
3061,2022-07-15 12:33:00+05:30,1889.85,1889.85,1889.85,1889.85,0,5750
3062,2022-07-15 12:34:00+05:30,1889.85,1889.85,1889.85,1889.85,0,5750
3063,2022-07-15 12:35:00+05:30,1889.85,1889.85,1889.85,1889.85,0,5750
3064,2022-07-15 12:36:00+05:30,1889.85,1889.85,1889.85,1889.85,0,5750
3065,2022-07-15 12:37:00+05:30,1889.85,1889.85,1889.85,1889.85,0,5750
3066,2022-07-15 12:38:00+05:30,1889.85,1889.85,1889.85,1889.85,0,5750
3067,2022-07-15 12:39:00+05:30,1889.85,1889.85,1889.85,1889.85,0,5750
3068,2022-07-15 12:40:00+05:30,1889.85,1889.85,1889.85,1889.85,0,5750
3069,2022-07-15 12:41:00+05:30,1889.85,1889.85,1889.85,1889.85,0,5750
3070,2022-07-15 12:42:00+05:30,1889.85,1889.85,1889.85,1889.85,0,5750
3071,2022-07-15 12:43:00+05:30,1889.85,1889.85,1889.85,1889.85,0,5750
3072,2022-07-15 12:44:00+05:30,1889.85,1889.85,1889.85,1889.85,0,5750
3073,2022-07-15 12:45:00+05:30,1889.85,1889.85,1889.85,1889.85,0,5750
3074,2022-07-15 12:46:00+05:30,1889.85,1889.85,1889.85,1889.85,0,5750
3075,2022-07-15 12:47:00+05:30,1889.85,1889.85,1889.85,1889.85,0,5750
3076,2022-07-15 12:48:00+05:30,1889.85,1889.85,1889.85,1889.85,0,5750
3077,2022-07-15 12:49:00+05:30,1889.85,1889.85,1889.85,1889.85,0,5750
3078,2022-07-15 12:50:00+05:30,1889.85,1889.85,1889.85,1889.85,0,5750
3079,2022-07-15 12:51:00+05:30,1889.85,1889.85,1889.85,1889.85,0,5750
3080,2022-07-15 12:52:00+05:30,1889.85,1889.85,1889.85,1889.85,0,5750
3081,2022-07-15 12:53:00+05:30,1889.85,1889.85,1889.85,1889.85,0,5750
3082,2022-07-15 12:54:00+05:30,1889.85,1889.85,1889.85,1889.85,0,5750
3083,2022-07-15 12:55:00+05:30,1889.85,1889.85,1889.85,1889.85,0,5750
3084,2022-07-15 12:56:00+05:30,1889.85,1889.85,1889.85,1889.85,0,5750
3085,2022-07-15 12:57:00+05:30,1889.85,1889.85,1889.85,1889.85,0,5750
3086,2022-07-15 12:58:00+05:30,1889.85,1889.85,1889.85,1889.85,0,5750
3087,2022-07-15 12:59:00+05:30,1889.85,1889.85,1889.85,1889.85,0,5750
3088,2022-07-15 13:00:00+05:30,1889.85,1889.85,1889.85,1889.85,0,5750
3089,2022-07-15 13:01:00+05:30,1889.85,1889.85,1889.85,1889.85,0,5750
3090,2022-07-15 13:02:00+05:30,1889.85,1889.85,1889.85,1889.85,0,5750
3091,2022-07-15 13:03:00+05:30,1889.85,1889.85,1889.85,1889.85,0,5750
3092,2022-07-15 13:04:00+05:30,1889.85,1889.85,1889.85,1889.85,0,5750
3093,2022-07-15 13:05:00+05:30,1889.85,1889.85,1889.85,1889.85,0,5750
3094,2022-07-15 13:06:00+05:30,1889.85,1889.85,1889.85,1889.85,0,5750
3095,2022-07-15 13:07:00+05:30,1889.85,1889.85,1889.85,1889.85,0,5750
3096,2022-07-15 13:08:00+05:30,1889.85,1889.85,1889.85,1889.85,0,5750
3097,2022-07-15 13:09:00+05:30,1889.85,1889.85,1889.85,1889.85,0,5750
3098,2022-07-15 13:10:00+05:30,1889.85,1889.85,1889.85,1889.85,0,5750
3099,2022-07-15 13:11:00+05:30,1889.85,1889.85,1889.85,1889.85,0,5750
3100,2022-07-15 13:12:00+05:30,1889.85,1889.85,1889.85,1889.85,0,5750
3101,2022-07-15 13:13:00+05:30,1889.85,1889.85,1889.85,1889.85,0,5750
3102,2022-07-15 13:14:00+05:30,1889.85,1889.85,1889.85,1889.85,0,5750
3103,2022-07-15 13:15:00+05:30,1889.85,1889.85,1889.85,1889.85,0,5750
3104,2022-07-15 13:16:00+05:30,1889.85,1889.85,1889.85,1889.85,0,5750
3105,2022-07-15 13:17:00+05:30,1889.85,1889.85,1889.85,1889.85,0,5750
3106,2022-07-15 13:18:00+05:30,1889.85,1889.85,1889.85,1889.85,0,5750
3107,2022-07-15 13:19:00+05:30,1889.85,1889.85,1889.85,1889.85,0,5750
3108,2022-07-15 13:20:00+05:30,1889.85,1889.85,1889.85,1889.85,0,5750
3109,2022-07-15 13:21:00+05:30,1889.85,1889.85,1889.85,1889.85,0,5750
3110,2022-07-15 13:22:00+05:30,1889.85,1889.85,1889.85,1889.85,0,5750
3111,2022-07-15 13:23:00+05:30,1889.85,1889.85,1889.85,1889.85,0,5750
3112,2022-07-15 13:24:00+05:30,1889.85,1889.85,1889.85,1889.85,0,5750
3113,2022-07-15 13:25:00+05:30,1889.85,1889.85,1889.85,1889.85,0,5750
3114,2022-07-15 13:26:00+05:30,1889.85,1889.85,1889.85,1889.85,0,5750
3115,2022-07-15 13:27:00+05:30,1889.85,1889.85,1889.85,1889.85,0,5750
3116,2022-07-15 13:28:00+05:30,1889.85,1889.85,1889.85,1889.85,0,5750
3117,2022-07-15 13:29:00+05:30,1889.85,1889.85,1889.85,1889.85,0,5750
3118,2022-07-15 13:30:00+05:30,1889.85,1889.85,1889.85,1889.85,0,5750
3119,2022-07-15 13:31:00+05:30,1889.85,1889.85,1889.85,1889.85,0,5750
3120,2022-07-15 13:32:00+05:30,1889.85,1889.85,1889.85,1889.85,0,5750
3121,2022-07-15 13:33:00+05:30,1889.85,1889.85,1889.85,1889.85,0,5750
3122,2022-07-15 13:34:00+05:30,1889.85,1889.85,1889.85,1889.85,0,5750
3123,2022-07-15 13:35:00+05:30,1889.85,1889.85,1889.85,1889.85,0,5750
3124,2022-07-15 13:36:00+05:30,1889.85,1889.85,1889.85,1889.85,0,5750
3125,2022-07-15 13:37:00+05:30,1889.85,1889.85,1889.85,1889.85,0,5750
3126,2022-07-15 13:38:00+05:30,1889.85,1889.85,1889.85,1889.85,0,5750
3127,2022-07-15 13:39:00+05:30,1889.85,1889.85,1889.85,1889.85,0,5750
3128,2022-07-15 13:40:00+05:30,1889.85,1889.85,1889.85,1889.85,0,5750
3129,2022-07-15 13:41:00+05:30,1889.85,1889.85,1889.85,1889.85,0,5750
3130,2022-07-15 13:42:00+05:30,1889.85,1889.85,1889.85,1889.85,0,5750
3131,2022-07-15 13:43:00+05:30,1889.85,1889.85,1889.85,1889.85,0,5750
3132,2022-07-15 13:44:00+05:30,1889.85,1889.85,1889.85,1889.85,0,5750
3133,2022-07-15 13:45:00+05:30,1889.85,1889.85,1889.85,1889.85,0,5750
3134,2022-07-15 13:46:00+05:30,1889.85,1889.85,1889.85,1889.85,0,5750
3135,2022-07-15 13:47:00+05:30,1889.85,1889.85,1889.85,1889.85,0,5750
3136,2022-07-15 13:48:00+05:30,1889.85,1889.85,1889.85,1889.85,0,5750
3137,2022-07-15 13:49:00+05:30,1889.85,1889.85,1889.85,1889.85,0,5750
3138,2022-07-15 13:50:00+05:30,1889.85,1889.85,1889.85,1889.85,0,5750
3139,2022-07-15 13:51:00+05:30,1889.85,1889.85,1889.85,1889.85,0,5750
3140,2022-07-15 13:52:00+05:30,1889.85,1889.85,1889.85,1889.85,0,5750
3141,2022-07-15 13:53:00+05:30,1889.85,1889.85,1889.85,1889.85,0,5750
3142,2022-07-15 13:54:00+05:30,1889.85,1889.85,1889.85,1889.85,0,5750
3143,2022-07-15 13:55:00+05:30,1889.85,1889.85,1889.85,1889.85,0,5750
3144,2022-07-15 13:56:00+05:30,1889.85,1889.85,1889.85,1889.85,0,5750
3145,2022-07-15 13:57:00+05:30,1889.85,1889.85,1889.85,1889.85,0,5750
3146,2022-07-15 13:58:00+05:30,1889.85,1889.85,1889.85,1889.85,0,5750
3147,2022-07-15 13:59:00+05:30,1889.85,1889.85,1889.85,1889.85,0,5750
3148,2022-07-15 14:00:00+05:30,1889.85,1889.85,1889.85,1889.85,0,5750
3149,2022-07-15 14:01:00+05:30,1889.85,1889.85,1889.85,1889.85,0,5750
3150,2022-07-15 14:02:00+05:30,1889.85,1889.85,1889.85,1889.85,0,5750
3151,2022-07-15 14:03:00+05:30,1889.85,1889.85,1889.85,1889.85,0,5750
3152,2022-07-15 14:04:00+05:30,1889.85,1889.85,1889.85,1889.85,0,5750
3153,2022-07-15 14:05:00+05:30,1889.85,1889.85,1889.85,1889.85,0,5750
3154,2022-07-15 14:06:00+05:30,1889.85,1889.85,1889.85,1889.85,0,5750
3155,2022-07-15 14:07:00+05:30,1889.85,1889.85,1889.85,1889.85,0,5750
3156,2022-07-15 14:08:00+05:30,1889.85,1889.85,1889.85,1889.85,0,5750
3157,2022-07-15 14:09:00+05:30,1889.85,1889.85,1889.85,1889.85,0,5750
3158,2022-07-15 14:10:00+05:30,1889.85,1889.85,1889.85,1889.85,0,5750
3159,2022-07-15 14:11:00+05:30,1889.85,1889.85,1889.85,1889.85,0,5750
3160,2022-07-15 14:12:00+05:30,1889.85,1889.85,1889.85,1889.85,0,5750
3161,2022-07-15 14:13:00+05:30,1889.85,1889.85,1889.85,1889.85,0,5750
3162,2022-07-15 14:14:00+05:30,1889.85,1889.85,1889.85,1889.85,0,5750
3163,2022-07-15 14:15:00+05:30,1889.85,1889.85,1889.85,1889.85,0,5750
3164,2022-07-15 14:16:00+05:30,1889.85,1889.85,1889.85,1889.85,0,5750
3165,2022-07-15 14:17:00+05:30,1889.85,1889.85,1889.85,1889.85,0,5750
3166,2022-07-15 14:18:00+05:30,1889.85,1889.85,1889.85,1889.85,0,5750
3167,2022-07-15 14:19:00+05:30,1889.85,1889.85,1889.85,1889.85,0,5750
3168,2022-07-15 14:20:00+05:30,1889.85,1889.85,1889.85,1889.85,0,5750
3169,2022-07-15 14:21:00+05:30,1889.85,1889.85,1889.85,1889.85,0,5750
3170,2022-07-15 14:22:00+05:30,1889.85,1889.85,1889.85,1889.85,0,5750
3171,2022-07-15 14:23:00+05:30,1889.85,1889.85,1889.85,1889.85,0,5750
3172,2022-07-15 14:24:00+05:30,1889.85,1889.85,1889.85,1889.85,0,5750
3173,2022-07-15 14:25:00+05:30,1889.85,1889.85,1889.85,1889.85,0,5750
3174,2022-07-15 14:26:00+05:30,1889.85,1889.85,1889.85,1889.85,0,5750
3175,2022-07-15 14:27:00+05:30,1889.85,1889.85,1889.85,1889.85,0,5750
3176,2022-07-15 14:28:00+05:30,1889.85,1889.85,1889.85,1889.85,0,5750
3177,2022-07-15 14:29:00+05:30,1889.85,1889.85,1889.85,1889.85,0,5750
3178,2022-07-15 14:30:00+05:30,1889.85,1889.85,1889.85,1889.85,0,5750
3179,2022-07-15 14:31:00+05:30,1889.85,1889.85,1889.85,1889.85,0,5750
3180,2022-07-15 14:32:00+05:30,1889.85,1889.85,1889.85,1889.85,0,5750
3181,2022-07-15 14:33:00+05:30,1889.85,1889.85,1889.85,1889.85,0,5750
3182,2022-07-15 14:34:00+05:30,1889.85,1889.85,1889.85,1889.85,0,5750
3183,2022-07-15 14:35:00+05:30,1889.85,1889.85,1889.85,1889.85,0,5750
3184,2022-07-15 14:36:00+05:30,1889.85,1889.85,1889.85,1889.85,0,5750
3185,2022-07-15 14:37:00+05:30,1889.85,1889.85,1889.85,1889.85,0,5750
3186,2022-07-15 14:38:00+05:30,1889.85,1889.85,1889.85,1889.85,0,5750
3187,2022-07-15 14:39:00+05:30,1889.85,1889.85,1889.85,1889.85,0,5750
3188,2022-07-15 14:40:00+05:30,1889.85,1889.85,1889.85,1889.85,0,5750
3189,2022-07-15 14:41:00+05:30,1889.85,1889.85,1889.85,1889.85,0,5750
3190,2022-07-15 14:42:00+05:30,1889.85,1889.85,1889.85,1889.85,0,5750
3191,2022-07-15 14:43:00+05:30,1889.85,1889.85,1889.85,1889.85,0,5750
3192,2022-07-15 14:44:00+05:30,1889.85,1889.85,1889.85,1889.85,0,5750
3193,2022-07-15 14:45:00+05:30,1889.85,1889.85,1889.85,1889.85,0,5750
3194,2022-07-15 14:46:00+05:30,1889.85,1889.85,1889.85,1889.85,0,5750
3195,2022-07-15 14:47:00+05:30,1889.85,1889.85,1889.85,1889.85,0,5750
3196,2022-07-15 14:48:00+05:30,1889.85,1889.85,1889.85,1889.85,0,5750
3197,2022-07-15 14:49:00+05:30,1889.85,1889.85,1889.85,1889.85,0,5750
3198,2022-07-15 14:50:00+05:30,1889.85,1889.85,1889.85,1889.85,0,5750
3199,2022-07-15 14:51:00+05:30,1889.85,1889.85,1889.85,1889.85,0,5750
3200,2022-07-15 14:52:00+05:30,1889.85,1889.85,1889.85,1889.85,0,5750
3201,2022-07-15 14:53:00+05:30,1889.85,1889.85,1889.85,1889.85,0,5750
3202,2022-07-15 14:54:00+05:30,1889.85,1889.85,1889.85,1889.85,0,5750
3203,2022-07-15 14:55:00+05:30,1889.85,1889.85,1889.85,1889.85,0,5750
3204,2022-07-15 14:56:00+05:30,1889.85,1889.85,1889.85,1889.85,0,5750
3205,2022-07-15 14:57:00+05:30,1889.85,1889.85,1889.85,1889.85,0,5750
3206,2022-07-15 14:58:00+05:30,1889.85,1889.85,1889.85,1889.85,0,5750
3207,2022-07-15 14:59:00+05:30,1889.85,1889.85,1889.85,1889.85,0,5750
3208,2022-07-15 15:00:00+05:30,1889.85,1889.85,1889.85,1889.85,0,5750
3209,2022-07-15 15:01:00+05:30,1889.85,1889.85,1889.85,1889.85,0,5750
3210,2022-07-15 15:02:00+05:30,1889.85,1889.85,1889.85,1889.85,0,5750
3211,2022-07-15 15:03:00+05:30,1889.85,1889.85,1889.85,1889.85,0,5750
3212,2022-07-15 15:04:00+05:30,1889.85,1889.85,1889.85,1889.85,0,5750
3213,2022-07-15 15:05:00+05:30,1889.85,1889.85,1889.85,1889.85,0,5750
3214,2022-07-15 15:06:00+05:30,1889.85,1889.85,1889.85,1889.85,0,5750
3215,2022-07-15 15:07:00+05:30,1889.85,1889.85,1889.85,1889.85,0,5750
3216,2022-07-15 15:08:00+05:30,1889.85,1889.85,1889.85,1889.85,0,5750
3217,2022-07-15 15:09:00+05:30,1889.85,1889.85,1889.85,1889.85,0,5750
3218,2022-07-15 15:10:00+05:30,1889.85,1889.85,1889.85,1889.85,0,5750
3219,2022-07-15 15:11:00+05:30,1889.85,1889.85,1889.85,1889.85,0,5750
3220,2022-07-15 15:12:00+05:30,1889.85,1889.85,1889.85,1889.85,0,5750
3221,2022-07-15 15:13:00+05:30,1889.85,1889.85,1889.85,1889.85,0,5750
3222,2022-07-15 15:14:00+05:30,1889.85,1889.85,1889.85,1889.85,0,5750
3223,2022-07-15 15:15:00+05:30,1889.85,1889.85,1889.85,1889.85,0,5750
3224,2022-07-15 15:16:00+05:30,1889.85,1889.85,1889.85,1889.85,0,5750
3225,2022-07-15 15:17:00+05:30,1889.85,1889.85,1889.85,1889.85,0,5750
3226,2022-07-15 15:18:00+05:30,1889.85,1889.85,1889.85,1889.85,0,5750
3227,2022-07-15 15:19:00+05:30,1889.85,1889.85,1889.85,1889.85,0,5750
3228,2022-07-15 15:20:00+05:30,1889.85,1889.85,1889.85,1889.85,0,5750
3229,2022-07-15 15:21:00+05:30,1889.85,1889.85,1889.85,1889.85,0,5750
3230,2022-07-15 15:22:00+05:30,1889.85,1889.85,1889.85,1889.85,0,5750
3231,2022-07-15 15:23:00+05:30,1889.85,1889.85,1889.85,1889.85,0,5750
3232,2022-07-15 15:24:00+05:30,1889.85,1889.85,1889.85,1889.85,0,5750
3233,2022-07-15 15:25:00+05:30,1889.85,1889.85,1889.85,1889.85,0,5750
3234,2022-07-15 15:26:00+05:30,1889.85,1889.85,1889.85,1889.85,0,5750
3235,2022-07-15 15:27:00+05:30,1889.85,1889.85,1889.85,1889.85,0,5750
3236,2022-07-15 15:28:00+05:30,1889.85,1889.85,1889.85,1889.85,0,5750
3237,2022-07-15 15:29:00+05:30,1889.85,1889.85,1889.85,1889.85,0,5750
3238,2022-07-19 12:53:00+05:30,1597.65,1597.65,1597.65,1597.65,0,5750
3239,2022-07-19 12:54:00+05:30,1597.65,1597.65,1597.65,1597.65,0,5750
3240,2022-07-19 12:55:00+05:30,1597.65,1597.65,1597.65,1597.65,0,5750
3241,2022-07-19 12:56:00+05:30,1597.65,1597.65,1597.65,1597.65,0,5750
3242,2022-07-19 12:57:00+05:30,1597.65,1597.65,1597.65,1597.65,0,5750
3243,2022-07-19 12:58:00+05:30,1597.65,1597.65,1597.65,1597.65,0,5750
3244,2022-07-19 12:59:00+05:30,1597.65,1597.65,1597.65,1597.65,0,5750
3245,2022-07-19 13:00:00+05:30,1597.65,1597.65,1597.65,1597.65,0,5750
3246,2022-07-19 13:01:00+05:30,1597.65,1597.65,1597.65,1597.65,0,5750
3247,2022-07-19 13:02:00+05:30,1597.65,1597.65,1597.65,1597.65,0,5750
3248,2022-07-19 13:03:00+05:30,1597.65,1597.65,1597.65,1597.65,0,5750
3249,2022-07-19 13:04:00+05:30,1597.65,1597.65,1597.65,1597.65,0,5750
3250,2022-07-19 13:05:00+05:30,1597.65,1597.65,1597.65,1597.65,0,5750
3251,2022-07-19 13:06:00+05:30,1597.65,1597.65,1597.65,1597.65,0,5750
3252,2022-07-19 13:07:00+05:30,1597.65,1597.65,1597.65,1597.65,0,5750
3253,2022-07-19 13:08:00+05:30,1597.65,1597.65,1597.65,1597.65,0,5750
3254,2022-07-19 13:09:00+05:30,1597.65,1597.65,1597.65,1597.65,0,5750
3255,2022-07-19 13:10:00+05:30,1597.65,1597.65,1597.65,1597.65,0,5750
3256,2022-07-19 13:11:00+05:30,1597.65,1597.65,1597.65,1597.65,0,5750
3257,2022-07-19 13:12:00+05:30,1597.65,1597.65,1597.65,1597.65,0,5750
3258,2022-07-19 13:13:00+05:30,1597.65,1597.65,1597.65,1597.65,0,5750
3259,2022-07-19 13:14:00+05:30,1597.65,1597.65,1597.65,1597.65,0,5750
3260,2022-07-19 13:15:00+05:30,1597.65,1597.65,1597.65,1597.65,0,5750
3261,2022-07-19 13:16:00+05:30,1597.65,1597.65,1597.65,1597.65,0,5750
3262,2022-07-19 13:17:00+05:30,1597.65,1597.65,1597.65,1597.65,0,5750
3263,2022-07-19 13:18:00+05:30,1597.65,1597.65,1597.65,1597.65,0,5750
3264,2022-07-19 13:19:00+05:30,1597.65,1597.65,1597.65,1597.65,0,5750
3265,2022-07-19 13:20:00+05:30,1597.65,1597.65,1597.65,1597.65,0,5750
3266,2022-07-19 13:21:00+05:30,1597.65,1597.65,1597.65,1597.65,0,5750
3267,2022-07-19 13:22:00+05:30,1597.65,1597.65,1597.65,1597.65,0,5750
3268,2022-07-19 13:23:00+05:30,1597.65,1597.65,1597.65,1597.65,0,5750
3269,2022-07-19 13:24:00+05:30,1597.65,1597.65,1597.65,1597.65,0,5750
3270,2022-07-19 13:25:00+05:30,1597.65,1597.65,1597.65,1597.65,0,5750
3271,2022-07-19 13:26:00+05:30,1597.65,1597.65,1597.65,1597.65,0,5750
3272,2022-07-19 13:27:00+05:30,1597.65,1597.65,1597.65,1597.65,0,5750
3273,2022-07-19 13:28:00+05:30,1597.65,1597.65,1597.65,1597.65,0,5750
3274,2022-07-19 13:29:00+05:30,1597.65,1597.65,1597.65,1597.65,0,5750
3275,2022-07-19 13:30:00+05:30,1597.65,1597.65,1597.65,1597.65,0,5750
3276,2022-07-19 13:31:00+05:30,1597.65,1597.65,1597.65,1597.65,0,5750
3277,2022-07-19 13:32:00+05:30,1597.65,1597.65,1597.65,1597.65,0,5750
3278,2022-07-19 13:33:00+05:30,1597.65,1597.65,1597.65,1597.65,0,5750
3279,2022-07-19 13:34:00+05:30,1597.65,1597.65,1597.65,1597.65,0,5750
3280,2022-07-19 13:35:00+05:30,1597.65,1597.65,1597.65,1597.65,0,5750
3281,2022-07-19 13:36:00+05:30,1597.65,1597.65,1597.65,1597.65,0,5750
3282,2022-07-19 13:37:00+05:30,1597.65,1597.65,1597.65,1597.65,0,5750
3283,2022-07-19 13:38:00+05:30,1597.65,1597.65,1597.65,1597.65,0,5750
3284,2022-07-19 13:39:00+05:30,1597.65,1597.65,1597.65,1597.65,0,5750
3285,2022-07-19 13:40:00+05:30,1597.65,1597.65,1597.65,1597.65,0,5750
3286,2022-07-19 13:41:00+05:30,1597.65,1597.65,1597.65,1597.65,0,5750
3287,2022-07-19 13:42:00+05:30,1597.65,1597.65,1597.65,1597.65,0,5750
3288,2022-07-19 13:43:00+05:30,1597.65,1597.65,1597.65,1597.65,0,5750
3289,2022-07-19 13:44:00+05:30,1597.65,1597.65,1597.65,1597.65,0,5750
3290,2022-07-19 13:45:00+05:30,1597.65,1597.65,1597.65,1597.65,0,5750
3291,2022-07-19 13:46:00+05:30,1597.65,1597.65,1597.65,1597.65,0,5750
3292,2022-07-19 13:47:00+05:30,1597.65,1597.65,1597.65,1597.65,0,5750
3293,2022-07-19 13:48:00+05:30,1597.65,1597.65,1597.65,1597.65,0,5750
3294,2022-07-19 13:49:00+05:30,1597.65,1597.65,1597.65,1597.65,0,5750
3295,2022-07-19 13:50:00+05:30,1597.65,1597.65,1597.65,1597.65,0,5750
3296,2022-07-19 13:51:00+05:30,1597.65,1597.65,1597.65,1597.65,0,5750
3297,2022-07-19 13:52:00+05:30,1597.65,1597.65,1597.65,1597.65,0,5750
3298,2022-07-19 13:53:00+05:30,1597.65,1597.65,1597.65,1597.65,0,5750
3299,2022-07-19 13:54:00+05:30,1597.65,1597.65,1597.65,1597.65,0,5750
3300,2022-07-19 13:55:00+05:30,1597.65,1597.65,1597.65,1597.65,0,5750
3301,2022-07-19 13:56:00+05:30,1597.65,1597.65,1597.65,1597.65,0,5750
3302,2022-07-19 13:57:00+05:30,1597.65,1597.65,1597.65,1597.65,0,5750
3303,2022-07-19 13:58:00+05:30,1597.65,1597.65,1597.65,1597.65,0,5750
3304,2022-07-19 13:59:00+05:30,1597.65,1597.65,1597.65,1597.65,0,5750
3305,2022-07-19 14:00:00+05:30,1597.65,1597.65,1597.65,1597.65,0,5750
3306,2022-07-19 14:01:00+05:30,1597.65,1597.65,1597.65,1597.65,0,5750
3307,2022-07-19 14:02:00+05:30,1597.65,1597.65,1597.65,1597.65,0,5750
3308,2022-07-19 14:03:00+05:30,1597.65,1597.65,1597.65,1597.65,0,5750
3309,2022-07-19 14:04:00+05:30,1597.65,1597.65,1597.65,1597.65,0,5750
3310,2022-07-19 14:05:00+05:30,1597.65,1597.65,1597.65,1597.65,0,5750
3311,2022-07-19 14:06:00+05:30,1597.65,1597.65,1597.65,1597.65,0,5750
3312,2022-07-19 14:07:00+05:30,1597.65,1597.65,1597.65,1597.65,0,5750
3313,2022-07-19 14:08:00+05:30,1597.65,1597.65,1597.65,1597.65,0,5750
3314,2022-07-19 14:09:00+05:30,1597.65,1597.65,1597.65,1597.65,0,5750
3315,2022-07-19 14:10:00+05:30,1597.65,1597.65,1597.65,1597.65,0,5750
3316,2022-07-19 14:11:00+05:30,1597.65,1597.65,1597.65,1597.65,0,5750
3317,2022-07-19 14:12:00+05:30,1597.65,1597.65,1597.65,1597.65,0,5750
3318,2022-07-19 14:13:00+05:30,1597.65,1597.65,1597.65,1597.65,0,5750
3319,2022-07-19 14:14:00+05:30,1597.65,1597.65,1597.65,1597.65,0,5750
3320,2022-07-19 14:15:00+05:30,1597.65,1597.65,1597.65,1597.65,0,5750
3321,2022-07-19 14:16:00+05:30,1597.65,1597.65,1597.65,1597.65,0,5750
3322,2022-07-19 14:17:00+05:30,1597.65,1597.65,1597.65,1597.65,0,5750
3323,2022-07-19 14:18:00+05:30,1597.65,1597.65,1597.65,1597.65,0,5750
3324,2022-07-19 14:19:00+05:30,1597.65,1597.65,1597.65,1597.65,0,5750
3325,2022-07-19 14:20:00+05:30,1597.65,1597.65,1597.65,1597.65,0,5750
3326,2022-07-19 14:21:00+05:30,1597.65,1597.65,1597.65,1597.65,0,5750
3327,2022-07-19 14:22:00+05:30,1597.65,1597.65,1597.65,1597.65,0,5750
3328,2022-07-19 14:23:00+05:30,1597.65,1597.65,1597.65,1597.65,0,5750
3329,2022-07-19 14:24:00+05:30,1597.65,1597.65,1597.65,1597.65,0,5750
3330,2022-07-19 14:25:00+05:30,1597.65,1597.65,1597.65,1597.65,0,5750
3331,2022-07-19 14:26:00+05:30,1597.65,1597.65,1597.65,1597.65,0,5750
3332,2022-07-19 14:27:00+05:30,1597.65,1597.65,1597.65,1597.65,0,5750
3333,2022-07-19 14:28:00+05:30,1597.65,1597.65,1597.65,1597.65,0,5750
3334,2022-07-19 14:29:00+05:30,1597.65,1597.65,1597.65,1597.65,0,5750
3335,2022-07-19 14:30:00+05:30,1597.65,1597.65,1597.65,1597.65,0,5750
3336,2022-07-19 14:31:00+05:30,1597.65,1597.65,1597.65,1597.65,0,5750
3337,2022-07-19 14:32:00+05:30,1597.65,1597.65,1550.0,1550.0,50,5650
3338,2022-07-19 14:33:00+05:30,1550.0,1552.65,1550.0,1552.65,100,5650
3339,2022-07-19 14:34:00+05:30,1552.65,1552.65,1552.65,1552.65,0,5650
3340,2022-07-19 14:35:00+05:30,1552.65,1552.65,1552.65,1552.65,0,5650
3341,2022-07-19 14:36:00+05:30,1552.65,1552.65,1552.65,1552.65,0,5650
3342,2022-07-19 14:37:00+05:30,1552.65,1552.65,1552.65,1552.65,0,5650
3343,2022-07-19 14:38:00+05:30,1552.65,1552.65,1552.65,1552.65,0,5650
3344,2022-07-19 14:39:00+05:30,1552.65,1552.65,1552.65,1552.65,0,5650
3345,2022-07-19 14:40:00+05:30,1552.65,1552.65,1552.65,1552.65,0,5650
3346,2022-07-19 14:41:00+05:30,1552.65,1552.65,1535.0,1535.0,50,5800
3347,2022-07-19 14:42:00+05:30,1535.0,1538.4,1535.0,1538.4,50,5850
3348,2022-07-19 14:43:00+05:30,1538.4,1538.4,1538.4,1538.4,0,5850
3349,2022-07-19 14:44:00+05:30,1538.4,1538.4,1538.4,1538.4,0,5850
3350,2022-07-19 14:45:00+05:30,1538.4,1538.4,1538.4,1538.4,0,5850
3351,2022-07-19 14:46:00+05:30,1538.4,1544.5,1538.4,1544.5,150,5900
3352,2022-07-19 14:47:00+05:30,1544.5,1544.5,1544.5,1544.5,0,5900
3353,2022-07-19 14:48:00+05:30,1544.5,1544.5,1544.5,1544.5,0,5900
3354,2022-07-19 14:49:00+05:30,1544.5,1544.5,1544.5,1544.5,0,5900
3355,2022-07-19 14:50:00+05:30,1544.5,1544.5,1544.5,1544.5,0,5900
3356,2022-07-19 14:51:00+05:30,1544.5,1544.5,1544.5,1544.5,0,5900
3357,2022-07-19 14:52:00+05:30,1544.5,1544.5,1544.5,1544.5,0,5900
3358,2022-07-19 14:53:00+05:30,1544.5,1544.5,1544.5,1544.5,0,5900
3359,2022-07-19 14:54:00+05:30,1544.5,1544.5,1544.5,1544.5,0,5900
3360,2022-07-19 14:55:00+05:30,1544.5,1544.5,1544.5,1544.5,0,5900
3361,2022-07-19 14:56:00+05:30,1544.5,1544.5,1544.5,1544.5,0,5900
3362,2022-07-19 14:57:00+05:30,1544.5,1544.5,1544.5,1544.5,0,5900
3363,2022-07-19 14:58:00+05:30,1544.5,1544.5,1544.5,1544.5,0,5900
3364,2022-07-19 14:59:00+05:30,1544.5,1544.5,1544.5,1544.5,0,5900
3365,2022-07-19 15:00:00+05:30,1544.5,1544.5,1544.5,1544.5,0,5900
3366,2022-07-19 15:01:00+05:30,1544.5,1544.5,1544.5,1544.5,0,5900
3367,2022-07-19 15:02:00+05:30,1544.5,1544.5,1544.5,1544.5,0,5900
3368,2022-07-19 15:03:00+05:30,1544.5,1544.5,1544.5,1544.5,0,5900
3369,2022-07-19 15:04:00+05:30,1544.5,1544.5,1544.5,1544.5,0,5900
3370,2022-07-19 15:05:00+05:30,1544.5,1544.5,1544.5,1544.5,0,5900
3371,2022-07-19 15:06:00+05:30,1544.5,1544.5,1544.5,1544.5,0,5900
3372,2022-07-19 15:07:00+05:30,1544.5,1544.5,1544.5,1544.5,0,5900
3373,2022-07-19 15:08:00+05:30,1544.5,1544.5,1544.5,1544.5,0,5900
3374,2022-07-19 15:09:00+05:30,1544.5,1544.5,1544.5,1544.5,0,5900
3375,2022-07-19 15:10:00+05:30,1544.5,1544.5,1544.5,1544.5,0,5900
3376,2022-07-19 15:11:00+05:30,1544.5,1544.5,1544.5,1544.5,0,5900
3377,2022-07-19 15:12:00+05:30,1544.5,1544.5,1544.5,1544.5,0,5900
3378,2022-07-19 15:13:00+05:30,1544.5,1544.5,1544.5,1544.5,0,5900
3379,2022-07-19 15:14:00+05:30,1544.5,1544.5,1544.5,1544.5,0,5900
3380,2022-07-19 15:15:00+05:30,1544.5,1544.5,1544.5,1544.5,0,5900
3381,2022-07-19 15:16:00+05:30,1544.5,1544.5,1544.5,1544.5,0,5900
3382,2022-07-19 15:17:00+05:30,1544.5,1544.5,1544.5,1544.5,0,5900
3383,2022-07-19 15:18:00+05:30,1544.5,1544.5,1544.5,1544.5,0,5900
3384,2022-07-19 15:19:00+05:30,1544.5,1544.5,1544.5,1544.5,0,5900
3385,2022-07-19 15:20:00+05:30,1544.5,1544.5,1544.5,1544.5,0,5900
3386,2022-07-19 15:21:00+05:30,1544.5,1544.5,1544.5,1544.5,0,5900
3387,2022-07-19 15:22:00+05:30,1544.5,1544.5,1544.5,1544.5,0,5900
3388,2022-07-19 15:23:00+05:30,1544.5,1544.5,1544.5,1544.5,0,5900
3389,2022-07-19 15:24:00+05:30,1544.5,1544.5,1544.5,1544.5,0,5900
3390,2022-07-19 15:25:00+05:30,1544.5,1544.5,1544.5,1544.5,0,5900
3391,2022-07-19 15:26:00+05:30,1544.5,1544.5,1544.5,1544.5,0,5900
3392,2022-07-19 15:27:00+05:30,1544.5,1544.5,1544.5,1544.5,0,5900
3393,2022-07-19 15:28:00+05:30,1544.5,1544.5,1544.5,1544.5,0,5900
3394,2022-07-19 15:29:00+05:30,1544.5,1544.5,1544.5,1544.5,0,5900
3395,2022-07-20 09:50:00+05:30,1365.05,1365.05,1365.05,1365.05,0,6050
3396,2022-07-20 09:51:00+05:30,1365.05,1365.05,1365.05,1365.05,0,6050
3397,2022-07-20 09:52:00+05:30,1365.05,1365.05,1365.05,1365.05,0,6050
3398,2022-07-20 09:53:00+05:30,1365.05,1365.05,1365.05,1365.05,0,6050
3399,2022-07-20 09:54:00+05:30,1365.05,1366.15,1364.15,1366.15,100,6050
3400,2022-07-20 09:55:00+05:30,1366.15,1368.05,1366.15,1368.05,50,6050
3401,2022-07-20 09:56:00+05:30,1368.05,1368.05,1368.05,1368.05,0,6050
3402,2022-07-20 09:57:00+05:30,1368.05,1368.05,1368.05,1368.05,0,6050
3403,2022-07-20 09:58:00+05:30,1368.05,1371.45,1368.05,1371.45,50,5900
3404,2022-07-20 09:59:00+05:30,1371.45,1374.2,1371.45,1374.2,50,5900
3405,2022-07-20 10:00:00+05:30,1374.2,1374.2,1374.2,1374.2,50,5800
3406,2022-07-20 10:01:00+05:30,1374.2,1374.2,1374.2,1374.2,0,5800
3407,2022-07-20 10:02:00+05:30,1374.2,1374.2,1374.2,1374.2,0,5800
3408,2022-07-20 10:03:00+05:30,1374.2,1374.2,1374.2,1374.2,0,5800
3409,2022-07-20 10:04:00+05:30,1374.2,1374.2,1374.2,1374.2,0,5800
3410,2022-07-20 10:05:00+05:30,1374.2,1374.2,1374.2,1374.2,0,5800
3411,2022-07-20 10:06:00+05:30,1374.2,1374.2,1374.2,1374.2,0,5800
3412,2022-07-20 10:07:00+05:30,1374.2,1374.2,1368.0,1368.0,50,5800
3413,2022-07-20 10:08:00+05:30,1368.0,1368.0,1368.0,1368.0,0,5800
3414,2022-07-20 10:09:00+05:30,1368.0,1368.0,1368.0,1368.0,0,5800
3415,2022-07-20 10:10:00+05:30,1368.0,1368.0,1368.0,1368.0,0,5800
3416,2022-07-20 10:11:00+05:30,1368.0,1368.0,1368.0,1368.0,0,5800
3417,2022-07-20 10:12:00+05:30,1368.0,1368.0,1368.0,1368.0,0,5800
3418,2022-07-20 10:13:00+05:30,1368.0,1368.0,1368.0,1368.0,0,5800
3419,2022-07-20 10:14:00+05:30,1368.0,1368.0,1368.0,1368.0,0,5800
3420,2022-07-20 10:15:00+05:30,1368.0,1368.0,1368.0,1368.0,0,5800
3421,2022-07-20 10:16:00+05:30,1368.0,1368.0,1368.0,1368.0,0,5800
3422,2022-07-20 10:17:00+05:30,1368.0,1368.0,1368.0,1368.0,0,5800
3423,2022-07-20 10:18:00+05:30,1368.0,1368.0,1368.0,1368.0,0,5800
3424,2022-07-20 10:19:00+05:30,1368.0,1368.0,1368.0,1368.0,0,5800
3425,2022-07-20 10:20:00+05:30,1368.0,1368.0,1368.0,1368.0,0,5800
3426,2022-07-20 10:21:00+05:30,1368.0,1368.0,1368.0,1368.0,0,5800
3427,2022-07-20 10:22:00+05:30,1368.0,1368.0,1368.0,1368.0,0,5800
3428,2022-07-20 10:23:00+05:30,1368.0,1368.0,1352.2,1352.2,50,5750
3429,2022-07-20 10:24:00+05:30,1352.2,1352.2,1352.2,1352.2,0,5750
3430,2022-07-20 10:25:00+05:30,1352.2,1352.2,1352.2,1352.2,0,5750
3431,2022-07-20 10:26:00+05:30,1352.2,1352.2,1352.2,1352.2,0,5750
3432,2022-07-20 10:27:00+05:30,1352.2,1352.2,1352.2,1352.2,0,5750
3433,2022-07-20 10:28:00+05:30,1352.2,1352.2,1352.2,1352.2,0,5750
3434,2022-07-20 10:29:00+05:30,1352.2,1352.2,1352.2,1352.2,0,5750
3435,2022-07-20 10:30:00+05:30,1352.2,1352.2,1352.2,1352.2,0,5750
3436,2022-07-20 10:31:00+05:30,1352.2,1352.2,1352.2,1352.2,0,5750
3437,2022-07-20 10:32:00+05:30,1352.2,1352.2,1352.2,1352.2,0,5750
3438,2022-07-20 10:33:00+05:30,1352.2,1352.2,1352.2,1352.2,0,5750
3439,2022-07-20 10:34:00+05:30,1352.2,1352.2,1352.2,1352.2,0,5750
3440,2022-07-20 10:35:00+05:30,1352.2,1352.2,1352.2,1352.2,0,5750
3441,2022-07-20 10:36:00+05:30,1352.2,1352.2,1352.2,1352.2,0,5750
3442,2022-07-20 10:37:00+05:30,1352.2,1352.2,1352.2,1352.2,0,5750
3443,2022-07-20 10:38:00+05:30,1352.2,1352.2,1352.2,1352.2,0,5750
3444,2022-07-20 10:39:00+05:30,1352.2,1352.2,1352.2,1352.2,0,5750
3445,2022-07-20 10:40:00+05:30,1352.2,1352.2,1352.2,1352.2,0,5750
3446,2022-07-20 10:41:00+05:30,1352.2,1352.2,1352.2,1352.2,0,5750
3447,2022-07-20 10:42:00+05:30,1352.2,1352.2,1352.2,1352.2,0,5750
3448,2022-07-20 10:43:00+05:30,1352.2,1352.2,1352.2,1352.2,0,5750
3449,2022-07-20 10:44:00+05:30,1352.2,1352.2,1352.2,1352.2,0,5750
3450,2022-07-20 10:45:00+05:30,1352.2,1352.2,1352.2,1352.2,0,5750
3451,2022-07-20 10:46:00+05:30,1352.2,1352.2,1352.2,1352.2,0,5750
3452,2022-07-20 10:47:00+05:30,1352.2,1352.2,1352.2,1352.2,0,5750
3453,2022-07-20 10:48:00+05:30,1352.2,1352.2,1352.2,1352.2,0,5750
3454,2022-07-20 10:49:00+05:30,1352.2,1352.2,1352.2,1352.2,0,5750
3455,2022-07-20 10:50:00+05:30,1352.2,1352.2,1352.2,1352.2,0,5750
3456,2022-07-20 10:51:00+05:30,1352.2,1352.2,1352.2,1352.2,0,5750
3457,2022-07-20 10:52:00+05:30,1352.2,1352.2,1352.2,1352.2,0,5750
3458,2022-07-20 10:53:00+05:30,1352.2,1352.2,1352.2,1352.2,0,5750
3459,2022-07-20 10:54:00+05:30,1352.2,1352.2,1352.2,1352.2,0,5750
3460,2022-07-20 10:55:00+05:30,1352.2,1352.2,1352.2,1352.2,0,5750
3461,2022-07-20 10:56:00+05:30,1352.2,1352.2,1352.2,1352.2,0,5750
3462,2022-07-20 10:57:00+05:30,1352.2,1352.2,1352.2,1352.2,0,5750
3463,2022-07-20 10:58:00+05:30,1352.2,1352.2,1352.2,1352.2,0,5750
3464,2022-07-20 10:59:00+05:30,1352.2,1352.2,1352.2,1352.2,0,5750
3465,2022-07-20 11:00:00+05:30,1352.2,1352.2,1352.2,1352.2,0,5750
3466,2022-07-20 11:01:00+05:30,1352.2,1352.2,1352.2,1352.2,0,5750
3467,2022-07-20 11:02:00+05:30,1352.2,1352.2,1352.2,1352.2,0,5750
3468,2022-07-20 11:03:00+05:30,1352.2,1352.2,1352.2,1352.2,0,5750
3469,2022-07-20 11:04:00+05:30,1352.2,1352.2,1352.2,1352.2,0,5750
3470,2022-07-20 11:05:00+05:30,1352.2,1352.2,1352.2,1352.2,0,5750
3471,2022-07-20 11:06:00+05:30,1352.2,1352.2,1352.2,1352.2,0,5750
3472,2022-07-20 11:07:00+05:30,1352.2,1352.2,1352.2,1352.2,0,5750
3473,2022-07-20 11:08:00+05:30,1352.2,1352.2,1352.2,1352.2,0,5750
3474,2022-07-20 11:09:00+05:30,1352.2,1352.2,1352.2,1352.2,0,5750
3475,2022-07-20 11:10:00+05:30,1352.2,1352.2,1352.2,1352.2,0,5750
3476,2022-07-20 11:11:00+05:30,1352.2,1352.2,1352.2,1352.2,0,5750
3477,2022-07-20 11:12:00+05:30,1352.2,1352.2,1352.2,1352.2,0,5750
3478,2022-07-20 11:13:00+05:30,1352.2,1352.2,1352.2,1352.2,0,5750
3479,2022-07-20 11:14:00+05:30,1352.2,1352.2,1352.2,1352.2,0,5750
3480,2022-07-20 11:15:00+05:30,1352.2,1352.2,1352.2,1352.2,0,5750
3481,2022-07-20 11:16:00+05:30,1352.2,1352.2,1352.2,1352.2,0,5750
3482,2022-07-20 11:17:00+05:30,1352.2,1352.2,1335.25,1335.25,50,5700
3483,2022-07-20 11:18:00+05:30,1335.25,1335.25,1335.25,1335.25,0,5700
3484,2022-07-20 11:19:00+05:30,1335.25,1335.25,1335.25,1335.25,0,5700
3485,2022-07-20 11:20:00+05:30,1335.25,1335.25,1335.25,1335.25,0,5700
3486,2022-07-20 11:21:00+05:30,1335.25,1335.25,1335.25,1335.25,0,5700
3487,2022-07-20 11:22:00+05:30,1335.25,1335.25,1335.25,1335.25,0,5700
3488,2022-07-20 11:23:00+05:30,1335.25,1335.25,1335.25,1335.25,0,5700
3489,2022-07-20 11:24:00+05:30,1335.25,1335.25,1335.25,1335.25,0,5700
3490,2022-07-20 11:25:00+05:30,1335.25,1335.25,1335.25,1335.25,0,5700
3491,2022-07-20 11:26:00+05:30,1335.25,1335.25,1335.25,1335.25,0,5700
3492,2022-07-20 11:27:00+05:30,1335.25,1335.25,1335.25,1335.25,0,5700
3493,2022-07-20 11:28:00+05:30,1335.25,1335.25,1335.25,1335.25,0,5700
3494,2022-07-20 11:29:00+05:30,1335.25,1335.25,1335.25,1335.25,0,5700
3495,2022-07-20 11:30:00+05:30,1335.25,1335.25,1335.25,1335.25,0,5700
3496,2022-07-20 11:31:00+05:30,1335.25,1335.25,1335.25,1335.25,0,5700
3497,2022-07-20 11:32:00+05:30,1335.25,1335.25,1335.25,1335.25,0,5700
3498,2022-07-20 11:33:00+05:30,1335.25,1335.25,1335.25,1335.25,0,5700
3499,2022-07-20 11:34:00+05:30,1335.25,1335.25,1335.25,1335.25,0,5700
3500,2022-07-20 11:35:00+05:30,1335.25,1335.25,1335.25,1335.25,0,5700
3501,2022-07-20 11:36:00+05:30,1335.25,1335.25,1335.25,1335.25,0,5700
3502,2022-07-20 11:37:00+05:30,1335.25,1335.25,1335.25,1335.25,0,5700
3503,2022-07-20 11:38:00+05:30,1335.25,1335.25,1335.25,1335.25,0,5700
3504,2022-07-20 11:39:00+05:30,1335.25,1335.25,1335.25,1335.25,0,5700
3505,2022-07-20 11:40:00+05:30,1335.25,1335.25,1335.25,1335.25,0,5700
3506,2022-07-20 11:41:00+05:30,1335.25,1335.25,1335.25,1335.25,0,5700
3507,2022-07-20 11:42:00+05:30,1335.25,1335.25,1335.25,1335.25,0,5700
3508,2022-07-20 11:43:00+05:30,1335.25,1335.25,1335.25,1335.25,0,5700
3509,2022-07-20 11:44:00+05:30,1335.25,1335.25,1335.25,1335.25,0,5700
3510,2022-07-20 11:45:00+05:30,1335.25,1335.25,1335.25,1335.25,0,5700
3511,2022-07-20 11:46:00+05:30,1335.25,1335.25,1335.25,1335.25,0,5700
3512,2022-07-20 11:47:00+05:30,1335.25,1335.25,1335.25,1335.25,0,5700
3513,2022-07-20 11:48:00+05:30,1335.25,1335.25,1335.25,1335.25,0,5700
3514,2022-07-20 11:49:00+05:30,1335.25,1335.25,1335.25,1335.25,0,5700
3515,2022-07-20 11:50:00+05:30,1335.25,1335.25,1335.25,1335.25,0,5700
3516,2022-07-20 11:51:00+05:30,1335.25,1335.25,1335.25,1335.25,0,5700
3517,2022-07-20 11:52:00+05:30,1335.25,1335.25,1335.25,1335.25,0,5700
3518,2022-07-20 11:53:00+05:30,1335.25,1335.25,1335.25,1335.25,0,5700
3519,2022-07-20 11:54:00+05:30,1335.25,1335.25,1335.25,1335.25,0,5700
3520,2022-07-20 11:55:00+05:30,1335.25,1335.25,1335.25,1335.25,0,5700
3521,2022-07-20 11:56:00+05:30,1335.25,1335.25,1335.25,1335.25,0,5700
3522,2022-07-20 11:57:00+05:30,1335.25,1335.25,1335.25,1335.25,0,5700
3523,2022-07-20 11:58:00+05:30,1335.25,1335.25,1335.25,1335.25,0,5700
3524,2022-07-20 11:59:00+05:30,1335.25,1335.25,1335.25,1335.25,0,5700
3525,2022-07-20 12:00:00+05:30,1335.25,1335.25,1335.25,1335.25,0,5700
3526,2022-07-20 12:01:00+05:30,1335.25,1335.25,1335.25,1335.25,0,5700
3527,2022-07-20 12:02:00+05:30,1335.25,1335.25,1335.25,1335.25,0,5700
3528,2022-07-20 12:03:00+05:30,1335.25,1335.25,1335.25,1335.25,0,5700
3529,2022-07-20 12:04:00+05:30,1335.25,1335.25,1335.25,1335.25,0,5700
3530,2022-07-20 12:05:00+05:30,1335.25,1335.25,1335.25,1335.25,0,5700
3531,2022-07-20 12:06:00+05:30,1335.25,1335.25,1335.25,1335.25,0,5700
3532,2022-07-20 12:07:00+05:30,1335.25,1335.25,1335.25,1335.25,0,5700
3533,2022-07-20 12:08:00+05:30,1335.25,1335.25,1335.25,1335.25,0,5700
3534,2022-07-20 12:09:00+05:30,1335.25,1335.25,1335.25,1335.25,0,5700
3535,2022-07-20 12:10:00+05:30,1335.25,1335.25,1335.25,1335.25,0,5700
3536,2022-07-20 12:11:00+05:30,1335.25,1335.25,1335.25,1335.25,0,5700
3537,2022-07-20 12:12:00+05:30,1335.25,1335.25,1335.25,1335.25,0,5700
3538,2022-07-20 12:13:00+05:30,1335.25,1335.25,1335.25,1335.25,0,5700
3539,2022-07-20 12:14:00+05:30,1335.25,1335.25,1335.25,1335.25,0,5700
3540,2022-07-20 12:15:00+05:30,1335.25,1335.25,1335.25,1335.25,0,5700
3541,2022-07-20 12:16:00+05:30,1335.25,1335.25,1335.25,1335.25,0,5700
3542,2022-07-20 12:17:00+05:30,1335.25,1335.25,1335.25,1335.25,0,5700
3543,2022-07-20 12:18:00+05:30,1335.25,1335.25,1335.25,1335.25,0,5700
3544,2022-07-20 12:19:00+05:30,1335.25,1335.25,1335.25,1335.25,0,5700
3545,2022-07-20 12:20:00+05:30,1335.25,1335.25,1335.25,1335.25,0,5700
3546,2022-07-20 12:21:00+05:30,1335.25,1335.25,1335.25,1335.25,0,5700
3547,2022-07-20 12:22:00+05:30,1335.25,1335.25,1335.25,1335.25,0,5700
3548,2022-07-20 12:23:00+05:30,1335.25,1335.25,1335.25,1335.25,0,5700
3549,2022-07-20 12:24:00+05:30,1335.25,1335.25,1335.25,1335.25,0,5700
3550,2022-07-20 12:25:00+05:30,1335.25,1335.25,1335.25,1335.25,0,5700
3551,2022-07-20 12:26:00+05:30,1335.25,1335.25,1335.25,1335.25,0,5700
3552,2022-07-20 12:27:00+05:30,1335.25,1335.25,1335.25,1335.25,0,5700
3553,2022-07-20 12:28:00+05:30,1335.25,1335.25,1335.25,1335.25,0,5700
3554,2022-07-20 12:29:00+05:30,1335.25,1335.25,1335.25,1335.25,0,5700
3555,2022-07-20 12:30:00+05:30,1335.25,1335.25,1335.25,1335.25,0,5700
3556,2022-07-20 12:31:00+05:30,1335.25,1335.25,1335.25,1335.25,0,5700
3557,2022-07-20 12:32:00+05:30,1335.25,1335.25,1335.25,1335.25,0,5700
3558,2022-07-20 12:33:00+05:30,1335.25,1335.25,1335.25,1335.25,0,5700
3559,2022-07-20 12:34:00+05:30,1335.25,1335.25,1333.15,1333.15,50,5650
3560,2022-07-20 12:35:00+05:30,1333.15,1333.15,1333.15,1333.15,0,5650
3561,2022-07-20 12:36:00+05:30,1333.15,1333.15,1333.15,1333.15,0,5650
3562,2022-07-20 12:37:00+05:30,1333.15,1333.15,1333.15,1333.15,0,5650
3563,2022-07-20 12:38:00+05:30,1333.15,1333.15,1333.15,1333.15,0,5650
3564,2022-07-20 12:39:00+05:30,1333.15,1333.15,1333.15,1333.15,0,5650
3565,2022-07-20 12:40:00+05:30,1333.15,1333.15,1333.15,1333.15,0,5650
3566,2022-07-20 12:41:00+05:30,1333.15,1333.15,1333.15,1333.15,0,5650
3567,2022-07-20 12:42:00+05:30,1333.15,1333.15,1333.15,1333.15,0,5650
3568,2022-07-20 12:43:00+05:30,1333.15,1333.15,1333.15,1333.15,0,5650
3569,2022-07-20 12:44:00+05:30,1333.15,1333.15,1333.15,1333.15,0,5650
3570,2022-07-20 12:45:00+05:30,1333.15,1333.15,1333.15,1333.15,0,5650
3571,2022-07-20 12:46:00+05:30,1333.15,1333.15,1333.15,1333.15,0,5650
3572,2022-07-20 12:47:00+05:30,1333.15,1333.15,1333.15,1333.15,0,5650
3573,2022-07-20 12:48:00+05:30,1333.15,1333.15,1333.15,1333.15,0,5650
3574,2022-07-20 12:49:00+05:30,1333.15,1333.15,1333.15,1333.15,0,5650
3575,2022-07-20 12:50:00+05:30,1333.15,1333.15,1333.15,1333.15,0,5650
3576,2022-07-20 12:51:00+05:30,1333.15,1333.15,1333.15,1333.15,0,5650
3577,2022-07-20 12:52:00+05:30,1333.15,1333.15,1333.15,1333.15,0,5650
3578,2022-07-20 12:53:00+05:30,1333.15,1333.15,1333.15,1333.15,0,5650
3579,2022-07-20 12:54:00+05:30,1333.15,1333.15,1333.15,1333.15,0,5650
3580,2022-07-20 12:55:00+05:30,1333.15,1333.15,1333.15,1333.15,0,5650
3581,2022-07-20 12:56:00+05:30,1333.15,1333.15,1333.15,1333.15,0,5650
3582,2022-07-20 12:57:00+05:30,1333.15,1333.15,1333.15,1333.15,0,5650
3583,2022-07-20 12:58:00+05:30,1333.15,1333.15,1333.15,1333.15,0,5650
3584,2022-07-20 12:59:00+05:30,1333.15,1333.15,1333.15,1333.15,0,5650
3585,2022-07-20 13:00:00+05:30,1333.15,1333.15,1333.15,1333.15,0,5650
3586,2022-07-20 13:01:00+05:30,1333.15,1333.15,1333.15,1333.15,0,5650
3587,2022-07-20 13:02:00+05:30,1333.15,1333.15,1333.15,1333.15,0,5650
3588,2022-07-20 13:03:00+05:30,1333.15,1333.15,1333.15,1333.15,0,5650
3589,2022-07-20 13:04:00+05:30,1333.15,1333.15,1333.15,1333.15,0,5650
3590,2022-07-20 13:05:00+05:30,1333.15,1333.15,1333.15,1333.15,0,5650
3591,2022-07-20 13:06:00+05:30,1333.15,1333.15,1333.15,1333.15,0,5650
3592,2022-07-20 13:07:00+05:30,1333.15,1333.15,1333.15,1333.15,0,5650
3593,2022-07-20 13:08:00+05:30,1333.15,1333.15,1333.15,1333.15,0,5650
3594,2022-07-20 13:09:00+05:30,1333.15,1333.15,1333.15,1333.15,0,5650
3595,2022-07-20 13:10:00+05:30,1333.15,1333.15,1333.15,1333.15,0,5650
3596,2022-07-20 13:11:00+05:30,1333.15,1333.15,1333.15,1333.15,0,5650
3597,2022-07-20 13:12:00+05:30,1333.15,1333.15,1333.15,1333.15,0,5650
3598,2022-07-20 13:13:00+05:30,1333.15,1333.15,1333.15,1333.15,0,5650
3599,2022-07-20 13:14:00+05:30,1333.15,1333.15,1333.15,1333.15,0,5650
3600,2022-07-20 13:15:00+05:30,1333.15,1333.15,1333.15,1333.15,0,5650
3601,2022-07-20 13:16:00+05:30,1333.15,1333.15,1333.15,1333.15,0,5650
3602,2022-07-20 13:17:00+05:30,1333.15,1333.15,1333.15,1333.15,0,5650
3603,2022-07-20 13:18:00+05:30,1333.15,1333.15,1333.15,1333.15,0,5650
3604,2022-07-20 13:19:00+05:30,1333.15,1333.15,1333.15,1333.15,0,5650
3605,2022-07-20 13:20:00+05:30,1333.15,1333.15,1333.15,1333.15,0,5650
3606,2022-07-20 13:21:00+05:30,1333.15,1333.15,1333.15,1333.15,0,5650
3607,2022-07-20 13:22:00+05:30,1333.15,1333.15,1333.15,1333.15,0,5650
3608,2022-07-20 13:23:00+05:30,1333.15,1333.15,1333.15,1333.15,0,5650
3609,2022-07-20 13:24:00+05:30,1333.15,1333.15,1333.15,1333.15,0,5650
3610,2022-07-20 13:25:00+05:30,1333.15,1333.15,1333.15,1333.15,0,5650
3611,2022-07-20 13:26:00+05:30,1333.15,1333.15,1333.15,1333.15,0,5650
3612,2022-07-20 13:27:00+05:30,1333.15,1333.15,1333.15,1333.15,0,5650
3613,2022-07-20 13:28:00+05:30,1333.15,1333.15,1333.15,1333.15,0,5650
3614,2022-07-20 13:29:00+05:30,1333.15,1333.15,1333.15,1333.15,0,5650
3615,2022-07-20 13:30:00+05:30,1333.15,1333.15,1333.15,1333.15,0,5650
3616,2022-07-20 13:31:00+05:30,1333.15,1333.15,1333.15,1333.15,0,5650
3617,2022-07-20 13:32:00+05:30,1333.15,1333.15,1333.15,1333.15,0,5650
3618,2022-07-20 13:33:00+05:30,1333.15,1333.15,1333.15,1333.15,0,5650
3619,2022-07-20 13:34:00+05:30,1333.15,1333.15,1333.15,1333.15,0,5650
3620,2022-07-20 13:35:00+05:30,1333.15,1333.15,1333.15,1333.15,0,5650
3621,2022-07-20 13:36:00+05:30,1333.15,1333.15,1333.15,1333.15,0,5650
3622,2022-07-20 13:37:00+05:30,1333.15,1333.15,1333.15,1333.15,0,5650
3623,2022-07-20 13:38:00+05:30,1333.15,1333.15,1333.15,1333.15,0,5650
3624,2022-07-20 13:39:00+05:30,1333.15,1333.15,1333.15,1333.15,0,5650
3625,2022-07-20 13:40:00+05:30,1333.15,1333.15,1333.15,1333.15,0,5650
3626,2022-07-20 13:41:00+05:30,1333.15,1333.15,1333.15,1333.15,0,5650
3627,2022-07-20 13:42:00+05:30,1333.15,1333.15,1333.15,1333.15,0,5650
3628,2022-07-20 13:43:00+05:30,1333.15,1333.15,1333.15,1333.15,0,5650
3629,2022-07-20 13:44:00+05:30,1333.15,1333.15,1333.15,1333.15,0,5650
3630,2022-07-20 13:45:00+05:30,1333.15,1333.15,1333.15,1333.15,0,5650
3631,2022-07-20 13:46:00+05:30,1333.15,1333.15,1333.15,1333.15,0,5650
3632,2022-07-20 13:47:00+05:30,1333.15,1333.15,1333.15,1333.15,0,5650
3633,2022-07-20 13:48:00+05:30,1333.15,1333.15,1333.15,1333.15,0,5650
3634,2022-07-20 13:49:00+05:30,1333.15,1333.15,1333.15,1333.15,0,5650
3635,2022-07-20 13:50:00+05:30,1333.15,1333.15,1333.15,1333.15,0,5650
3636,2022-07-20 13:51:00+05:30,1333.15,1333.15,1333.15,1333.15,0,5650
3637,2022-07-20 13:52:00+05:30,1333.15,1333.15,1333.15,1333.15,0,5650
3638,2022-07-20 13:53:00+05:30,1333.15,1333.15,1333.15,1333.15,0,5650
3639,2022-07-20 13:54:00+05:30,1333.15,1333.15,1333.15,1333.15,0,5650
3640,2022-07-20 13:55:00+05:30,1333.15,1333.15,1333.15,1333.15,0,5650
3641,2022-07-20 13:56:00+05:30,1333.15,1333.15,1333.15,1333.15,0,5650
3642,2022-07-20 13:57:00+05:30,1333.15,1333.15,1333.15,1333.15,0,5650
3643,2022-07-20 13:58:00+05:30,1333.15,1333.15,1333.15,1333.15,0,5650
3644,2022-07-20 13:59:00+05:30,1333.15,1333.15,1333.15,1333.15,0,5650
3645,2022-07-20 14:00:00+05:30,1333.15,1333.15,1333.15,1333.15,0,5650
3646,2022-07-20 14:01:00+05:30,1333.15,1333.15,1333.15,1333.15,0,5650
3647,2022-07-20 14:02:00+05:30,1333.15,1333.15,1333.15,1333.15,0,5650
3648,2022-07-20 14:03:00+05:30,1333.15,1333.15,1333.15,1333.15,0,5650
3649,2022-07-20 14:04:00+05:30,1333.15,1333.15,1333.15,1333.15,0,5650
3650,2022-07-20 14:05:00+05:30,1333.15,1333.15,1333.15,1333.15,0,5650
3651,2022-07-20 14:06:00+05:30,1333.15,1333.15,1333.15,1333.15,0,5650
3652,2022-07-20 14:07:00+05:30,1333.15,1333.15,1333.15,1333.15,0,5650
3653,2022-07-20 14:08:00+05:30,1333.15,1333.15,1333.15,1333.15,0,5650
3654,2022-07-20 14:09:00+05:30,1333.15,1333.15,1333.15,1333.15,0,5650
3655,2022-07-20 14:10:00+05:30,1333.15,1333.15,1333.15,1333.15,0,5650
3656,2022-07-20 14:11:00+05:30,1333.15,1333.15,1333.15,1333.15,0,5650
3657,2022-07-20 14:12:00+05:30,1333.15,1333.15,1333.15,1333.15,0,5650
3658,2022-07-20 14:13:00+05:30,1333.15,1333.15,1333.15,1333.15,0,5650
3659,2022-07-20 14:14:00+05:30,1333.15,1333.15,1333.15,1333.15,0,5650
3660,2022-07-20 14:15:00+05:30,1333.15,1333.15,1333.15,1333.15,0,5650
3661,2022-07-20 14:16:00+05:30,1333.15,1333.15,1333.15,1333.15,0,5650
3662,2022-07-20 14:17:00+05:30,1333.15,1333.15,1333.15,1333.15,0,5650
3663,2022-07-20 14:18:00+05:30,1333.15,1333.15,1333.15,1333.15,0,5650
3664,2022-07-20 14:19:00+05:30,1333.15,1333.15,1333.15,1333.15,0,5650
3665,2022-07-20 14:20:00+05:30,1333.15,1333.15,1333.15,1333.15,0,5650
3666,2022-07-20 14:21:00+05:30,1333.15,1333.15,1333.15,1333.15,0,5650
3667,2022-07-20 14:22:00+05:30,1333.15,1333.15,1333.15,1333.15,0,5650
3668,2022-07-20 14:23:00+05:30,1333.15,1333.15,1333.15,1333.15,0,5650
3669,2022-07-20 14:24:00+05:30,1333.15,1333.15,1333.15,1333.15,0,5650
3670,2022-07-20 14:25:00+05:30,1333.15,1333.15,1333.15,1333.15,0,5650
3671,2022-07-20 14:26:00+05:30,1333.15,1333.15,1333.15,1333.15,0,5650
3672,2022-07-20 14:27:00+05:30,1333.15,1333.15,1333.15,1333.15,0,5650
3673,2022-07-20 14:28:00+05:30,1333.15,1333.15,1333.15,1333.15,0,5650
3674,2022-07-20 14:29:00+05:30,1333.15,1333.15,1333.15,1333.15,0,5650
3675,2022-07-20 14:30:00+05:30,1333.15,1333.15,1333.15,1333.15,0,5650
3676,2022-07-20 14:31:00+05:30,1333.15,1333.15,1333.15,1333.15,0,5650
3677,2022-07-20 14:32:00+05:30,1333.15,1333.15,1333.15,1333.15,0,5650
3678,2022-07-20 14:33:00+05:30,1333.15,1333.15,1333.15,1333.15,0,5650
3679,2022-07-20 14:34:00+05:30,1333.15,1333.15,1333.15,1333.15,0,5650
3680,2022-07-20 14:35:00+05:30,1333.15,1333.15,1333.15,1333.15,0,5650
3681,2022-07-20 14:36:00+05:30,1333.15,1333.15,1333.15,1333.15,0,5650
3682,2022-07-20 14:37:00+05:30,1333.15,1333.15,1333.15,1333.15,0,5650
3683,2022-07-20 14:38:00+05:30,1333.15,1333.15,1333.15,1333.15,0,5650
3684,2022-07-20 14:39:00+05:30,1333.15,1333.15,1333.15,1333.15,0,5650
3685,2022-07-20 14:40:00+05:30,1333.15,1333.15,1333.15,1333.15,0,5650
3686,2022-07-20 14:41:00+05:30,1333.15,1333.15,1333.15,1333.15,0,5650
3687,2022-07-20 14:42:00+05:30,1333.15,1333.15,1333.15,1333.15,0,5650
3688,2022-07-20 14:43:00+05:30,1333.15,1333.15,1333.15,1333.15,0,5650
3689,2022-07-20 14:44:00+05:30,1333.15,1333.15,1333.15,1333.15,0,5650
3690,2022-07-20 14:45:00+05:30,1333.15,1333.15,1333.15,1333.15,0,5650
3691,2022-07-20 14:46:00+05:30,1333.15,1333.15,1333.15,1333.15,0,5650
3692,2022-07-20 14:47:00+05:30,1333.15,1333.15,1333.15,1333.15,0,5650
3693,2022-07-20 14:48:00+05:30,1333.15,1333.15,1333.15,1333.15,0,5650
3694,2022-07-20 14:49:00+05:30,1333.15,1333.15,1333.15,1333.15,0,5650
3695,2022-07-20 14:50:00+05:30,1333.15,1333.15,1333.15,1333.15,0,5650
3696,2022-07-20 14:51:00+05:30,1333.15,1333.15,1333.15,1333.15,0,5650
3697,2022-07-20 14:52:00+05:30,1333.15,1333.15,1333.15,1333.15,0,5650
3698,2022-07-20 14:53:00+05:30,1333.15,1333.15,1333.15,1333.15,0,5650
3699,2022-07-20 14:54:00+05:30,1333.15,1333.15,1333.15,1333.15,0,5650
3700,2022-07-20 14:55:00+05:30,1333.15,1374.0,1333.15,1374.0,50,5600
3701,2022-07-20 14:56:00+05:30,1374.0,1374.0,1374.0,1374.0,0,5600
3702,2022-07-20 14:57:00+05:30,1374.0,1374.1,1374.0,1374.1,50,5550
3703,2022-07-20 14:58:00+05:30,1374.1,1374.1,1374.1,1374.1,0,5550
3704,2022-07-20 14:59:00+05:30,1374.1,1374.1,1374.1,1374.1,0,5550
3705,2022-07-20 15:00:00+05:30,1374.1,1374.1,1374.1,1374.1,0,5550
3706,2022-07-20 15:01:00+05:30,1374.1,1374.1,1374.1,1374.1,0,5550
3707,2022-07-20 15:02:00+05:30,1374.1,1374.1,1374.1,1374.1,0,5550
3708,2022-07-20 15:03:00+05:30,1374.1,1374.1,1374.1,1374.1,0,5550
3709,2022-07-20 15:04:00+05:30,1374.1,1374.1,1374.1,1374.1,0,5550
3710,2022-07-20 15:05:00+05:30,1374.1,1374.1,1374.1,1374.1,0,5550
3711,2022-07-20 15:06:00+05:30,1374.1,1374.1,1374.1,1374.1,0,5550
3712,2022-07-20 15:07:00+05:30,1374.1,1374.1,1374.1,1374.1,0,5550
3713,2022-07-20 15:08:00+05:30,1374.1,1374.1,1374.1,1374.1,0,5550
3714,2022-07-20 15:09:00+05:30,1374.1,1374.1,1374.1,1374.1,0,5550
3715,2022-07-20 15:10:00+05:30,1374.1,1374.1,1374.1,1374.1,0,5550
3716,2022-07-20 15:11:00+05:30,1374.1,1374.1,1374.1,1374.1,0,5550
3717,2022-07-20 15:12:00+05:30,1374.1,1374.1,1374.1,1374.1,0,5550
3718,2022-07-20 15:13:00+05:30,1374.1,1374.1,1374.1,1374.1,0,5550
3719,2022-07-20 15:14:00+05:30,1374.1,1374.1,1374.1,1374.1,0,5550
3720,2022-07-20 15:15:00+05:30,1374.1,1374.1,1374.1,1374.1,0,5550
3721,2022-07-20 15:16:00+05:30,1374.1,1374.1,1374.1,1374.1,0,5550
3722,2022-07-20 15:17:00+05:30,1374.1,1374.1,1374.1,1374.1,0,5550
3723,2022-07-20 15:18:00+05:30,1374.1,1374.1,1374.1,1374.1,0,5550
3724,2022-07-20 15:19:00+05:30,1374.1,1374.1,1374.1,1374.1,0,5550
3725,2022-07-20 15:20:00+05:30,1374.1,1374.1,1374.1,1374.1,0,5550
3726,2022-07-20 15:21:00+05:30,1374.1,1374.1,1374.1,1374.1,0,5550
3727,2022-07-20 15:22:00+05:30,1374.1,1374.1,1374.1,1374.1,0,5550
3728,2022-07-20 15:23:00+05:30,1374.1,1374.1,1374.1,1374.1,0,5550
3729,2022-07-20 15:24:00+05:30,1374.1,1374.1,1374.1,1374.1,0,5550
3730,2022-07-20 15:25:00+05:30,1374.1,1374.1,1374.1,1374.1,0,5550
3731,2022-07-20 15:26:00+05:30,1374.1,1374.1,1374.1,1374.1,0,5550
3732,2022-07-20 15:27:00+05:30,1374.1,1374.1,1374.1,1374.1,0,5550
3733,2022-07-20 15:28:00+05:30,1374.1,1374.1,1374.1,1374.1,0,5550
3734,2022-07-20 15:29:00+05:30,1374.1,1374.1,1374.1,1374.1,0,5550
3735,2022-07-21 10:08:00+05:30,1344.9,1344.9,1344.9,1344.9,0,5500
3736,2022-07-21 10:09:00+05:30,1344.9,1344.9,1344.9,1344.9,0,5500
3737,2022-07-21 10:10:00+05:30,1344.9,1344.9,1344.9,1344.9,0,5500
3738,2022-07-21 10:11:00+05:30,1344.9,1344.9,1344.9,1344.9,0,5500
3739,2022-07-21 10:12:00+05:30,1344.9,1344.9,1344.9,1344.9,0,5500
3740,2022-07-21 10:13:00+05:30,1344.9,1344.9,1344.9,1344.9,0,5500
3741,2022-07-21 10:14:00+05:30,1344.9,1344.9,1344.9,1344.9,0,5500
3742,2022-07-21 10:15:00+05:30,1344.9,1344.9,1344.9,1344.9,0,5500
3743,2022-07-21 10:16:00+05:30,1344.9,1344.9,1344.9,1344.9,0,5500
3744,2022-07-21 10:17:00+05:30,1344.9,1344.9,1344.9,1344.9,0,5500
3745,2022-07-21 10:18:00+05:30,1344.9,1344.9,1344.9,1344.9,0,5500
3746,2022-07-21 10:19:00+05:30,1344.9,1344.9,1344.9,1344.9,0,5500
3747,2022-07-21 10:20:00+05:30,1344.9,1344.9,1344.9,1344.9,0,5500
3748,2022-07-21 10:21:00+05:30,1344.9,1344.9,1344.9,1344.9,0,5500
3749,2022-07-21 10:22:00+05:30,1344.9,1344.9,1344.9,1344.9,0,5500
3750,2022-07-21 10:23:00+05:30,1344.9,1344.9,1344.9,1344.9,0,5500
3751,2022-07-21 10:24:00+05:30,1344.9,1344.9,1344.9,1344.9,0,5500
3752,2022-07-21 10:25:00+05:30,1344.9,1344.9,1344.9,1344.9,0,5500
3753,2022-07-21 10:26:00+05:30,1344.9,1344.9,1344.9,1344.9,0,5500
3754,2022-07-21 10:27:00+05:30,1344.9,1344.9,1344.9,1344.9,0,5500
3755,2022-07-21 10:28:00+05:30,1344.9,1344.9,1344.9,1344.9,0,5500
3756,2022-07-21 10:29:00+05:30,1344.9,1344.9,1344.9,1344.9,0,5500
3757,2022-07-21 10:30:00+05:30,1344.9,1344.9,1344.9,1344.9,0,5500
3758,2022-07-21 10:31:00+05:30,1344.9,1344.9,1344.9,1344.9,0,5500
3759,2022-07-21 10:32:00+05:30,1344.9,1344.9,1344.9,1344.9,0,5500
3760,2022-07-21 10:33:00+05:30,1344.9,1344.9,1344.9,1344.9,0,5500
3761,2022-07-21 10:34:00+05:30,1344.9,1344.9,1344.9,1344.9,0,5500
3762,2022-07-21 10:35:00+05:30,1344.9,1344.9,1344.9,1344.9,0,5500
3763,2022-07-21 10:36:00+05:30,1344.9,1344.9,1344.9,1344.9,0,5500
3764,2022-07-21 10:37:00+05:30,1344.9,1344.9,1344.9,1344.9,0,5500
3765,2022-07-21 10:38:00+05:30,1344.9,1344.9,1344.9,1344.9,0,5500
3766,2022-07-21 10:39:00+05:30,1344.9,1344.9,1344.9,1344.9,0,5500
3767,2022-07-21 10:40:00+05:30,1344.9,1344.9,1344.9,1344.9,0,5500
3768,2022-07-21 10:41:00+05:30,1344.9,1344.9,1344.9,1344.9,0,5500
3769,2022-07-21 10:42:00+05:30,1344.9,1344.9,1344.9,1344.9,0,5500
3770,2022-07-21 10:43:00+05:30,1344.9,1344.9,1344.9,1344.9,0,5500
3771,2022-07-21 10:44:00+05:30,1344.9,1344.9,1344.9,1344.9,0,5500
3772,2022-07-21 10:45:00+05:30,1344.9,1344.9,1344.9,1344.9,0,5500
3773,2022-07-21 10:46:00+05:30,1344.9,1344.9,1344.9,1344.9,0,5500
3774,2022-07-21 10:47:00+05:30,1344.9,1344.9,1344.9,1344.9,0,5500
3775,2022-07-21 10:48:00+05:30,1344.9,1344.9,1344.9,1344.9,0,5500
3776,2022-07-21 10:49:00+05:30,1344.9,1344.9,1344.9,1344.9,0,5500
3777,2022-07-21 10:50:00+05:30,1344.9,1344.9,1344.9,1344.9,0,5500
3778,2022-07-21 10:51:00+05:30,1344.9,1344.9,1344.9,1344.9,0,5500
3779,2022-07-21 10:52:00+05:30,1344.9,1344.9,1344.9,1344.9,0,5500
3780,2022-07-21 10:53:00+05:30,1344.9,1344.9,1344.9,1344.9,0,5500
3781,2022-07-21 10:54:00+05:30,1344.9,1344.9,1344.9,1344.9,0,5500
3782,2022-07-21 10:55:00+05:30,1344.9,1344.9,1344.9,1344.9,0,5500
3783,2022-07-21 10:56:00+05:30,1344.9,1344.9,1344.9,1344.9,0,5500
3784,2022-07-21 10:57:00+05:30,1344.9,1344.9,1344.9,1344.9,0,5500
3785,2022-07-21 10:58:00+05:30,1344.9,1344.9,1344.9,1344.9,0,5500
3786,2022-07-21 10:59:00+05:30,1344.9,1344.9,1344.9,1344.9,0,5500
3787,2022-07-21 11:00:00+05:30,1344.9,1344.9,1344.9,1344.9,0,5500
3788,2022-07-21 11:01:00+05:30,1344.9,1344.9,1344.9,1344.9,0,5500
3789,2022-07-21 11:02:00+05:30,1344.9,1344.9,1344.9,1344.9,0,5500
3790,2022-07-21 11:03:00+05:30,1344.9,1344.9,1344.9,1344.9,0,5500
3791,2022-07-21 11:04:00+05:30,1344.9,1344.9,1344.9,1344.9,0,5500
3792,2022-07-21 11:05:00+05:30,1344.9,1344.9,1344.9,1344.9,0,5500
3793,2022-07-21 11:06:00+05:30,1344.9,1344.9,1344.9,1344.9,0,5500
3794,2022-07-21 11:07:00+05:30,1344.9,1344.9,1344.9,1344.9,0,5500
3795,2022-07-21 11:08:00+05:30,1344.9,1344.9,1344.9,1344.9,0,5500
3796,2022-07-21 11:09:00+05:30,1344.9,1344.9,1344.9,1344.9,0,5500
3797,2022-07-21 11:10:00+05:30,1344.9,1344.9,1344.9,1344.9,0,5500
3798,2022-07-21 11:11:00+05:30,1344.9,1344.9,1344.9,1344.9,0,5500
3799,2022-07-21 11:12:00+05:30,1344.9,1344.9,1344.9,1344.9,0,5500
3800,2022-07-21 11:13:00+05:30,1344.9,1344.9,1344.9,1344.9,0,5500
3801,2022-07-21 11:14:00+05:30,1344.9,1344.9,1344.9,1344.9,0,5500
3802,2022-07-21 11:15:00+05:30,1344.9,1344.9,1344.9,1344.9,0,5500
3803,2022-07-21 11:16:00+05:30,1344.9,1344.9,1344.9,1344.9,0,5500
3804,2022-07-21 11:17:00+05:30,1344.9,1344.9,1344.9,1344.9,0,5500
3805,2022-07-21 11:18:00+05:30,1344.9,1344.9,1344.9,1344.9,0,5500
3806,2022-07-21 11:19:00+05:30,1344.9,1344.9,1344.9,1344.9,0,5500
3807,2022-07-21 11:20:00+05:30,1344.9,1344.9,1344.9,1344.9,0,5500
3808,2022-07-21 11:21:00+05:30,1344.9,1344.9,1344.9,1344.9,0,5500
3809,2022-07-21 11:22:00+05:30,1344.9,1344.9,1344.9,1344.9,0,5500
3810,2022-07-21 11:23:00+05:30,1344.9,1344.9,1344.9,1344.9,0,5500
3811,2022-07-21 11:24:00+05:30,1344.9,1344.9,1344.9,1344.9,0,5500
3812,2022-07-21 11:25:00+05:30,1344.9,1344.9,1344.9,1344.9,0,5500
3813,2022-07-21 11:26:00+05:30,1344.9,1344.9,1344.9,1344.9,0,5500
3814,2022-07-21 11:27:00+05:30,1344.9,1344.9,1344.9,1344.9,0,5500
3815,2022-07-21 11:28:00+05:30,1344.9,1344.9,1344.9,1344.9,0,5500
3816,2022-07-21 11:29:00+05:30,1344.9,1344.9,1344.9,1344.9,0,5500
3817,2022-07-21 11:30:00+05:30,1344.9,1344.9,1344.9,1344.9,0,5500
3818,2022-07-21 11:31:00+05:30,1344.9,1344.9,1344.9,1344.9,0,5500
3819,2022-07-21 11:32:00+05:30,1344.9,1344.9,1344.9,1344.9,0,5500
3820,2022-07-21 11:33:00+05:30,1344.9,1344.9,1344.9,1344.9,0,5500
3821,2022-07-21 11:34:00+05:30,1344.9,1344.9,1344.9,1344.9,0,5500
3822,2022-07-21 11:35:00+05:30,1344.9,1344.9,1344.9,1344.9,0,5500
3823,2022-07-21 11:36:00+05:30,1344.9,1344.9,1344.9,1344.9,0,5500
3824,2022-07-21 11:37:00+05:30,1344.9,1344.9,1344.9,1344.9,0,5500
3825,2022-07-21 11:38:00+05:30,1344.9,1344.9,1344.9,1344.9,0,5500
3826,2022-07-21 11:39:00+05:30,1344.9,1344.9,1344.9,1344.9,0,5500
3827,2022-07-21 11:40:00+05:30,1344.9,1344.9,1344.9,1344.9,0,5500
3828,2022-07-21 11:41:00+05:30,1344.9,1344.9,1344.9,1344.9,0,5500
3829,2022-07-21 11:42:00+05:30,1344.9,1344.9,1344.9,1344.9,0,5500
3830,2022-07-21 11:43:00+05:30,1344.9,1344.9,1344.9,1344.9,0,5500
3831,2022-07-21 11:44:00+05:30,1344.9,1344.9,1344.9,1344.9,0,5500
3832,2022-07-21 11:45:00+05:30,1344.9,1344.9,1344.9,1344.9,0,5500
3833,2022-07-21 11:46:00+05:30,1344.9,1344.9,1344.9,1344.9,0,5500
3834,2022-07-21 11:47:00+05:30,1344.9,1344.9,1344.9,1344.9,0,5500
3835,2022-07-21 11:48:00+05:30,1344.9,1344.9,1344.9,1344.9,0,5500
3836,2022-07-21 11:49:00+05:30,1344.9,1344.9,1344.9,1344.9,0,5500
3837,2022-07-21 11:50:00+05:30,1344.9,1344.9,1344.9,1344.9,0,5500
3838,2022-07-21 11:51:00+05:30,1344.9,1344.9,1344.9,1344.9,0,5500
3839,2022-07-21 11:52:00+05:30,1344.9,1344.9,1344.9,1344.9,0,5500
3840,2022-07-21 11:53:00+05:30,1344.9,1344.9,1344.9,1344.9,0,5500
3841,2022-07-21 11:54:00+05:30,1344.9,1344.9,1344.9,1344.9,0,5500
3842,2022-07-21 11:55:00+05:30,1344.9,1344.9,1344.9,1344.9,0,5500
3843,2022-07-21 11:56:00+05:30,1344.9,1344.9,1344.9,1344.9,0,5500
3844,2022-07-21 11:57:00+05:30,1344.9,1344.9,1344.9,1344.9,0,5500
3845,2022-07-21 11:58:00+05:30,1344.9,1344.9,1344.9,1344.9,0,5500
3846,2022-07-21 11:59:00+05:30,1344.9,1344.9,1344.9,1344.9,0,5500
3847,2022-07-21 12:00:00+05:30,1344.9,1344.9,1344.9,1344.9,0,5500
3848,2022-07-21 12:01:00+05:30,1344.9,1344.9,1344.9,1344.9,0,5500
3849,2022-07-21 12:02:00+05:30,1344.9,1344.9,1344.9,1344.9,0,5500
3850,2022-07-21 12:03:00+05:30,1344.9,1344.9,1344.9,1344.9,0,5500
3851,2022-07-21 12:04:00+05:30,1344.9,1344.9,1344.9,1344.9,0,5500
3852,2022-07-21 12:05:00+05:30,1344.9,1344.9,1344.9,1344.9,0,5500
3853,2022-07-21 12:06:00+05:30,1344.9,1344.9,1344.9,1344.9,0,5500
3854,2022-07-21 12:07:00+05:30,1344.9,1344.9,1344.9,1344.9,0,5500
3855,2022-07-21 12:08:00+05:30,1344.9,1344.9,1326.85,1326.85,50,5450
3856,2022-07-21 12:09:00+05:30,1326.85,1326.85,1326.85,1326.85,0,5450
3857,2022-07-21 12:10:00+05:30,1326.85,1326.85,1326.85,1326.85,0,5450
3858,2022-07-21 12:11:00+05:30,1326.85,1326.85,1326.85,1326.85,0,5450
3859,2022-07-21 12:12:00+05:30,1326.85,1326.85,1326.85,1326.85,0,5450
3860,2022-07-21 12:13:00+05:30,1326.85,1326.85,1326.85,1326.85,0,5450
3861,2022-07-21 12:14:00+05:30,1326.85,1326.85,1326.85,1326.85,0,5450
3862,2022-07-21 12:15:00+05:30,1326.85,1326.85,1326.85,1326.85,0,5450
3863,2022-07-21 12:16:00+05:30,1326.85,1326.85,1326.85,1326.85,0,5450
3864,2022-07-21 12:17:00+05:30,1326.85,1326.85,1326.85,1326.85,0,5450
3865,2022-07-21 12:18:00+05:30,1326.85,1326.85,1326.85,1326.85,0,5450
3866,2022-07-21 12:19:00+05:30,1326.85,1326.85,1326.85,1326.85,0,5450
3867,2022-07-21 12:20:00+05:30,1326.85,1326.85,1326.85,1326.85,0,5450
3868,2022-07-21 12:21:00+05:30,1326.85,1326.85,1326.85,1326.85,0,5450
3869,2022-07-21 12:22:00+05:30,1326.85,1326.85,1326.85,1326.85,0,5450
3870,2022-07-21 12:23:00+05:30,1326.85,1326.85,1326.85,1326.85,0,5450
3871,2022-07-21 12:24:00+05:30,1326.85,1326.85,1326.85,1326.85,0,5450
3872,2022-07-21 12:25:00+05:30,1326.85,1326.85,1326.85,1326.85,0,5450
3873,2022-07-21 12:26:00+05:30,1326.85,1326.85,1326.85,1326.85,0,5450
3874,2022-07-21 12:27:00+05:30,1326.85,1326.85,1326.85,1326.85,0,5450
3875,2022-07-21 12:28:00+05:30,1326.85,1326.85,1326.85,1326.85,0,5450
3876,2022-07-21 12:29:00+05:30,1326.85,1326.85,1326.85,1326.85,0,5450
3877,2022-07-21 12:30:00+05:30,1326.85,1326.85,1326.85,1326.85,0,5450
3878,2022-07-21 12:31:00+05:30,1326.85,1326.85,1325.0,1325.0,100,5400
3879,2022-07-21 12:32:00+05:30,1325.0,1325.0,1325.0,1325.0,0,5400
3880,2022-07-21 12:33:00+05:30,1325.0,1325.0,1325.0,1325.0,0,5400
3881,2022-07-21 12:34:00+05:30,1325.0,1325.0,1325.0,1325.0,0,5400
3882,2022-07-21 12:35:00+05:30,1325.0,1325.0,1325.0,1325.0,0,5400
3883,2022-07-21 12:36:00+05:30,1325.0,1325.0,1325.0,1325.0,0,5400
3884,2022-07-21 12:37:00+05:30,1325.0,1325.0,1325.0,1325.0,0,5400
3885,2022-07-21 12:38:00+05:30,1325.0,1325.0,1325.0,1325.0,0,5400
3886,2022-07-21 12:39:00+05:30,1325.0,1325.0,1325.0,1325.0,0,5400
3887,2022-07-21 12:40:00+05:30,1325.0,1325.0,1325.0,1325.0,0,5400
3888,2022-07-21 12:41:00+05:30,1325.0,1325.0,1325.0,1325.0,0,5400
3889,2022-07-21 12:42:00+05:30,1325.0,1325.0,1320.0,1320.0,100,5300
3890,2022-07-21 12:43:00+05:30,1320.0,1320.0,1320.0,1320.0,0,5300
3891,2022-07-21 12:44:00+05:30,1320.0,1320.0,1320.0,1320.0,0,5300
3892,2022-07-21 12:45:00+05:30,1320.0,1320.0,1320.0,1320.0,0,5300
3893,2022-07-21 12:46:00+05:30,1320.0,1320.0,1320.0,1320.0,0,5300
3894,2022-07-21 12:47:00+05:30,1320.0,1320.0,1320.0,1320.0,0,5300
3895,2022-07-21 12:48:00+05:30,1320.0,1320.0,1320.0,1320.0,0,5300
3896,2022-07-21 12:49:00+05:30,1320.0,1320.0,1320.0,1320.0,0,5300
3897,2022-07-21 12:50:00+05:30,1320.0,1320.0,1320.0,1320.0,0,5300
3898,2022-07-21 12:51:00+05:30,1320.0,1320.0,1315.0,1315.0,200,5250
3899,2022-07-21 12:52:00+05:30,1315.0,1315.0,1315.0,1315.0,0,5250
3900,2022-07-21 12:53:00+05:30,1315.0,1315.0,1315.0,1315.0,0,5250
3901,2022-07-21 12:54:00+05:30,1315.0,1315.0,1315.0,1315.0,0,5250
3902,2022-07-21 12:55:00+05:30,1315.0,1315.0,1315.0,1315.0,0,5250
3903,2022-07-21 12:56:00+05:30,1315.0,1315.0,1315.0,1315.0,0,5250
3904,2022-07-21 12:57:00+05:30,1315.0,1315.0,1315.0,1315.0,0,5250
3905,2022-07-21 12:58:00+05:30,1315.0,1315.0,1315.0,1315.0,0,5250
3906,2022-07-21 12:59:00+05:30,1315.0,1315.0,1315.0,1315.0,0,5250
3907,2022-07-21 13:00:00+05:30,1315.0,1315.0,1315.0,1315.0,0,5250
3908,2022-07-21 13:01:00+05:30,1315.0,1315.0,1315.0,1315.0,0,5250
3909,2022-07-21 13:02:00+05:30,1315.0,1315.0,1315.0,1315.0,0,5250
3910,2022-07-21 13:03:00+05:30,1315.0,1315.0,1315.0,1315.0,0,5250
3911,2022-07-21 13:04:00+05:30,1315.0,1315.0,1315.0,1315.0,0,5250
3912,2022-07-21 13:05:00+05:30,1315.0,1315.0,1315.0,1315.0,0,5250
3913,2022-07-21 13:06:00+05:30,1315.0,1315.0,1315.0,1315.0,0,5250
3914,2022-07-21 13:07:00+05:30,1315.0,1315.0,1315.0,1315.0,0,5250
3915,2022-07-21 13:08:00+05:30,1315.0,1315.0,1315.0,1315.0,0,5250
3916,2022-07-21 13:09:00+05:30,1315.0,1315.0,1315.0,1315.0,0,5250
3917,2022-07-21 13:10:00+05:30,1315.0,1315.0,1315.0,1315.0,0,5250
3918,2022-07-21 13:11:00+05:30,1315.0,1315.0,1315.0,1315.0,0,5250
3919,2022-07-21 13:12:00+05:30,1315.0,1315.0,1315.0,1315.0,0,5250
3920,2022-07-21 13:13:00+05:30,1315.0,1315.0,1315.0,1315.0,0,5250
3921,2022-07-21 13:14:00+05:30,1315.0,1315.0,1315.0,1315.0,0,5250
3922,2022-07-21 13:15:00+05:30,1315.0,1315.0,1315.0,1315.0,0,5250
3923,2022-07-21 13:16:00+05:30,1315.0,1315.0,1315.0,1315.0,0,5250
3924,2022-07-21 13:17:00+05:30,1315.0,1315.0,1315.0,1315.0,0,5250
3925,2022-07-21 13:18:00+05:30,1315.0,1315.0,1315.0,1315.0,0,5250
3926,2022-07-21 13:19:00+05:30,1315.0,1315.0,1315.0,1315.0,0,5250
3927,2022-07-21 13:20:00+05:30,1315.0,1315.0,1315.0,1315.0,0,5250
3928,2022-07-21 13:21:00+05:30,1315.0,1315.0,1315.0,1315.0,0,5250
3929,2022-07-21 13:22:00+05:30,1315.0,1315.0,1315.0,1315.0,0,5250
3930,2022-07-21 13:23:00+05:30,1315.0,1315.0,1315.0,1315.0,0,5250
3931,2022-07-21 13:24:00+05:30,1315.0,1315.0,1315.0,1315.0,0,5250
3932,2022-07-21 13:25:00+05:30,1315.0,1315.0,1315.0,1315.0,0,5250
3933,2022-07-21 13:26:00+05:30,1315.0,1315.0,1315.0,1315.0,0,5250
3934,2022-07-21 13:27:00+05:30,1315.0,1315.0,1315.0,1315.0,0,5250
3935,2022-07-21 13:28:00+05:30,1315.0,1315.0,1315.0,1315.0,0,5250
3936,2022-07-21 13:29:00+05:30,1315.0,1315.0,1315.0,1315.0,0,5250
3937,2022-07-21 13:30:00+05:30,1315.0,1315.0,1315.0,1315.0,0,5250
3938,2022-07-21 13:31:00+05:30,1315.0,1315.0,1315.0,1315.0,0,5250
3939,2022-07-21 13:32:00+05:30,1315.0,1315.0,1315.0,1315.0,0,5250
3940,2022-07-21 13:33:00+05:30,1315.0,1315.0,1315.0,1315.0,0,5250
3941,2022-07-21 13:34:00+05:30,1315.0,1315.0,1315.0,1315.0,0,5250
3942,2022-07-21 13:35:00+05:30,1315.0,1315.0,1315.0,1315.0,0,5250
3943,2022-07-21 13:36:00+05:30,1315.0,1315.0,1315.0,1315.0,0,5250
3944,2022-07-21 13:37:00+05:30,1315.0,1315.0,1315.0,1315.0,0,5250
3945,2022-07-21 13:38:00+05:30,1315.0,1315.0,1315.0,1315.0,0,5250
3946,2022-07-21 13:39:00+05:30,1315.0,1315.0,1315.0,1315.0,0,5250
3947,2022-07-21 13:40:00+05:30,1315.0,1315.0,1315.0,1315.0,0,5250
3948,2022-07-21 13:41:00+05:30,1315.0,1315.0,1315.0,1315.0,0,5250
3949,2022-07-21 13:42:00+05:30,1315.0,1315.0,1315.0,1315.0,0,5250
3950,2022-07-21 13:43:00+05:30,1315.0,1315.0,1315.0,1315.0,0,5250
3951,2022-07-21 13:44:00+05:30,1315.0,1315.0,1315.0,1315.0,0,5250
3952,2022-07-21 13:45:00+05:30,1315.0,1315.0,1315.0,1315.0,0,5250
3953,2022-07-21 13:46:00+05:30,1315.0,1360.1,1315.0,1360.1,50,5200
3954,2022-07-21 13:47:00+05:30,1360.1,1360.1,1360.1,1360.1,0,5200
3955,2022-07-21 13:48:00+05:30,1360.1,1360.1,1360.1,1360.1,0,5200
3956,2022-07-21 13:49:00+05:30,1360.1,1360.1,1360.1,1360.1,0,5200
3957,2022-07-21 13:50:00+05:30,1360.1,1360.1,1360.1,1360.1,0,5200
3958,2022-07-21 13:51:00+05:30,1360.1,1360.1,1360.1,1360.1,0,5200
3959,2022-07-21 13:52:00+05:30,1360.1,1360.1,1360.1,1360.1,0,5200
3960,2022-07-21 13:53:00+05:30,1360.1,1360.1,1360.1,1360.1,0,5200
3961,2022-07-21 13:54:00+05:30,1360.1,1360.1,1360.1,1360.1,0,5200
3962,2022-07-21 13:55:00+05:30,1360.1,1360.1,1360.1,1360.1,0,5200
3963,2022-07-21 13:56:00+05:30,1360.1,1360.1,1360.1,1360.1,0,5200
3964,2022-07-21 13:57:00+05:30,1360.1,1360.1,1360.1,1360.1,0,5200
3965,2022-07-21 13:58:00+05:30,1360.1,1360.1,1360.1,1360.1,0,5200
3966,2022-07-21 13:59:00+05:30,1360.1,1360.1,1360.1,1360.1,0,5200
3967,2022-07-21 14:00:00+05:30,1360.1,1360.1,1360.1,1360.1,0,5200
3968,2022-07-21 14:01:00+05:30,1360.1,1360.1,1360.1,1360.1,0,5200
3969,2022-07-21 14:02:00+05:30,1360.1,1360.1,1360.1,1360.1,0,5200
3970,2022-07-21 14:03:00+05:30,1360.1,1360.1,1360.1,1360.1,0,5200
3971,2022-07-21 14:04:00+05:30,1360.1,1360.1,1360.1,1360.1,0,5200
3972,2022-07-21 14:05:00+05:30,1360.1,1360.1,1360.1,1360.1,0,5200
3973,2022-07-21 14:06:00+05:30,1360.1,1360.1,1360.1,1360.1,0,5200
3974,2022-07-21 14:07:00+05:30,1360.1,1360.1,1360.1,1360.1,0,5200
3975,2022-07-21 14:08:00+05:30,1360.1,1360.1,1360.1,1360.1,0,5200
3976,2022-07-21 14:09:00+05:30,1360.1,1360.1,1340.8,1340.8,100,5150
3977,2022-07-21 14:10:00+05:30,1340.8,1340.8,1340.8,1340.8,0,5150
3978,2022-07-21 14:11:00+05:30,1340.8,1340.8,1340.8,1340.8,0,5150
3979,2022-07-21 14:12:00+05:30,1340.8,1340.8,1340.8,1340.8,0,5150
3980,2022-07-21 14:13:00+05:30,1340.8,1340.8,1340.8,1340.8,0,5150
3981,2022-07-21 14:14:00+05:30,1340.8,1340.8,1340.0,1340.0,100,5250
3982,2022-07-21 14:15:00+05:30,1340.0,1340.0,1340.0,1340.0,0,5250
3983,2022-07-21 14:16:00+05:30,1340.0,1340.0,1340.0,1340.0,0,5250
3984,2022-07-21 14:17:00+05:30,1340.0,1340.0,1340.0,1340.0,0,5250
3985,2022-07-21 14:18:00+05:30,1340.0,1340.0,1340.0,1340.0,0,5250
3986,2022-07-21 14:19:00+05:30,1340.0,1340.0,1340.0,1340.0,0,5250
3987,2022-07-21 14:20:00+05:30,1340.0,1340.0,1340.0,1340.0,0,5250
3988,2022-07-21 14:21:00+05:30,1340.0,1340.0,1340.0,1340.0,0,5250
3989,2022-07-21 14:22:00+05:30,1340.0,1340.0,1340.0,1340.0,0,5250
3990,2022-07-21 14:23:00+05:30,1340.0,1340.0,1340.0,1340.0,0,5250
3991,2022-07-21 14:24:00+05:30,1340.0,1340.0,1340.0,1340.0,0,5250
3992,2022-07-21 14:25:00+05:30,1340.0,1340.0,1340.0,1340.0,0,5250
3993,2022-07-21 14:26:00+05:30,1340.0,1340.0,1330.0,1330.0,100,5150
3994,2022-07-21 14:27:00+05:30,1330.0,1330.0,1330.0,1330.0,0,5150
3995,2022-07-21 14:28:00+05:30,1330.0,1330.0,1330.0,1330.0,0,5150
3996,2022-07-21 14:29:00+05:30,1330.0,1330.0,1330.0,1330.0,0,5150
3997,2022-07-21 14:30:00+05:30,1330.0,1330.0,1330.0,1330.0,0,5150
3998,2022-07-21 14:31:00+05:30,1330.0,1330.0,1330.0,1330.0,0,5150
3999,2022-07-21 14:32:00+05:30,1330.0,1330.0,1330.0,1330.0,0,5150
4000,2022-07-21 14:33:00+05:30,1330.0,1330.0,1330.0,1330.0,0,5150
4001,2022-07-21 14:34:00+05:30,1330.0,1330.0,1330.0,1330.0,0,5150
4002,2022-07-21 14:35:00+05:30,1330.0,1330.0,1330.0,1330.0,0,5150
4003,2022-07-21 14:36:00+05:30,1330.0,1330.0,1330.0,1330.0,0,5150
4004,2022-07-21 14:37:00+05:30,1330.0,1330.0,1330.0,1330.0,0,5150
4005,2022-07-21 14:38:00+05:30,1330.0,1330.0,1330.0,1330.0,0,5150
4006,2022-07-21 14:39:00+05:30,1330.0,1330.0,1330.0,1330.0,0,5150
4007,2022-07-21 14:40:00+05:30,1330.0,1330.0,1330.0,1330.0,0,5150
4008,2022-07-21 14:41:00+05:30,1330.0,1330.0,1330.0,1330.0,0,5150
4009,2022-07-21 14:42:00+05:30,1330.0,1330.0,1330.0,1330.0,0,5150
4010,2022-07-21 14:43:00+05:30,1330.0,1330.0,1330.0,1330.0,0,5150
4011,2022-07-21 14:44:00+05:30,1330.0,1330.0,1330.0,1330.0,0,5150
4012,2022-07-21 14:45:00+05:30,1330.0,1330.0,1330.0,1330.0,0,5150
4013,2022-07-21 14:46:00+05:30,1330.0,1330.0,1330.0,1330.0,0,5150
4014,2022-07-21 14:47:00+05:30,1330.0,1330.0,1330.0,1330.0,0,5150
4015,2022-07-21 14:48:00+05:30,1330.0,1330.0,1330.0,1330.0,0,5150
4016,2022-07-21 14:49:00+05:30,1330.0,1330.0,1330.0,1330.0,0,5150
4017,2022-07-21 14:50:00+05:30,1330.0,1330.0,1330.0,1330.0,0,5150
4018,2022-07-21 14:51:00+05:30,1330.0,1330.0,1330.0,1330.0,0,5150
4019,2022-07-21 14:52:00+05:30,1330.0,1330.0,1330.0,1330.0,0,5150
4020,2022-07-21 14:53:00+05:30,1330.0,1330.0,1330.0,1330.0,0,5150
4021,2022-07-21 14:54:00+05:30,1330.0,1330.0,1330.0,1330.0,0,5150
4022,2022-07-21 14:55:00+05:30,1330.0,1330.0,1330.0,1330.0,0,5150
4023,2022-07-21 14:56:00+05:30,1330.0,1330.0,1330.0,1330.0,0,5150
4024,2022-07-21 14:57:00+05:30,1330.0,1330.0,1330.0,1330.0,0,5150
4025,2022-07-21 14:58:00+05:30,1330.0,1330.0,1330.0,1330.0,0,5150
4026,2022-07-21 14:59:00+05:30,1330.0,1330.0,1330.0,1330.0,0,5150
4027,2022-07-21 15:00:00+05:30,1330.0,1330.0,1330.0,1330.0,0,5150
4028,2022-07-21 15:01:00+05:30,1330.0,1330.0,1330.0,1330.0,0,5150
4029,2022-07-21 15:02:00+05:30,1330.0,1330.0,1330.0,1330.0,0,5150
4030,2022-07-21 15:03:00+05:30,1330.0,1330.0,1330.0,1330.0,0,5150
4031,2022-07-21 15:04:00+05:30,1330.0,1330.0,1330.0,1330.0,0,5150
4032,2022-07-21 15:05:00+05:30,1330.0,1330.0,1330.0,1330.0,0,5150
4033,2022-07-21 15:06:00+05:30,1330.0,1330.0,1330.0,1330.0,0,5150
4034,2022-07-21 15:07:00+05:30,1330.0,1330.0,1330.0,1330.0,0,5150
4035,2022-07-21 15:08:00+05:30,1330.0,1330.0,1310.0,1310.0,100,5050
4036,2022-07-21 15:09:00+05:30,1310.0,1310.0,1310.0,1310.0,0,5050
4037,2022-07-21 15:10:00+05:30,1310.0,1310.0,1310.0,1310.0,0,5050
4038,2022-07-21 15:11:00+05:30,1310.0,1310.0,1310.0,1310.0,0,5050
4039,2022-07-21 15:12:00+05:30,1310.0,1310.0,1310.0,1310.0,0,5050
4040,2022-07-21 15:13:00+05:30,1310.0,1310.0,1310.0,1310.0,0,5050
4041,2022-07-21 15:14:00+05:30,1310.0,1310.0,1310.0,1310.0,0,5050
4042,2022-07-21 15:15:00+05:30,1310.0,1310.0,1310.0,1310.0,0,5050
4043,2022-07-21 15:16:00+05:30,1310.0,1310.0,1310.0,1310.0,0,5050
4044,2022-07-21 15:17:00+05:30,1310.0,1310.0,1310.0,1310.0,0,5050
4045,2022-07-21 15:18:00+05:30,1310.0,1310.0,1310.0,1310.0,0,5050
4046,2022-07-21 15:19:00+05:30,1310.0,1310.0,1310.0,1310.0,0,5050
4047,2022-07-21 15:20:00+05:30,1310.0,1310.0,1310.0,1310.0,0,5050
4048,2022-07-21 15:21:00+05:30,1310.0,1310.0,1310.0,1310.0,0,5050
4049,2022-07-21 15:22:00+05:30,1310.0,1310.0,1310.0,1310.0,0,5050
4050,2022-07-21 15:23:00+05:30,1310.0,1310.0,1310.0,1310.0,0,5050
4051,2022-07-21 15:24:00+05:30,1310.0,1310.0,1310.0,1310.0,0,5050
4052,2022-07-21 15:25:00+05:30,1310.0,1310.0,1310.0,1310.0,0,5050
4053,2022-07-21 15:26:00+05:30,1310.0,1310.0,1310.0,1310.0,0,5050
4054,2022-07-21 15:27:00+05:30,1310.0,1310.0,1310.0,1310.0,0,5050
4055,2022-07-21 15:28:00+05:30,1310.0,1310.0,1284.15,1284.15,150,4950
4056,2022-07-21 15:29:00+05:30,1284.15,1284.15,1284.15,1284.15,0,4950
4057,2022-07-22 09:50:00+05:30,1255.0,1255.0,1255.0,1255.0,0,4950
4058,2022-07-22 09:51:00+05:30,1255.0,1255.0,1255.0,1255.0,50,4900
4059,2022-07-22 09:52:00+05:30,1255.0,1255.0,1255.0,1255.0,0,4900
4060,2022-07-22 09:53:00+05:30,1255.0,1255.0,1253.0,1253.0,50,4900
4061,2022-07-22 09:54:00+05:30,1253.0,1253.0,1253.0,1253.0,0,4900
4062,2022-07-22 09:55:00+05:30,1253.0,1253.0,1253.0,1253.0,0,4900
4063,2022-07-22 09:56:00+05:30,1253.0,1253.0,1253.0,1253.0,0,4900
4064,2022-07-22 09:57:00+05:30,1253.0,1253.0,1253.0,1253.0,0,4900
4065,2022-07-22 09:58:00+05:30,1253.0,1253.0,1253.0,1253.0,0,4900
4066,2022-07-22 09:59:00+05:30,1253.0,1253.0,1253.0,1253.0,0,4900
4067,2022-07-22 10:00:00+05:30,1253.0,1253.0,1253.0,1253.0,0,4900
4068,2022-07-22 10:01:00+05:30,1253.0,1253.0,1253.0,1253.0,0,4900
4069,2022-07-22 10:02:00+05:30,1253.0,1270.0,1253.0,1270.0,50,4800
4070,2022-07-22 10:03:00+05:30,1270.0,1270.0,1265.0,1265.0,50,4750
4071,2022-07-22 10:04:00+05:30,1265.0,1265.0,1265.0,1265.0,0,4750
4072,2022-07-22 10:05:00+05:30,1265.0,1265.0,1265.0,1265.0,0,4750
4073,2022-07-22 10:06:00+05:30,1265.0,1265.0,1265.0,1265.0,0,4750
4074,2022-07-22 10:07:00+05:30,1265.0,1265.0,1255.0,1255.0,50,4700
4075,2022-07-22 10:08:00+05:30,1255.0,1255.0,1255.0,1255.0,0,4700
4076,2022-07-22 10:09:00+05:30,1255.0,1255.0,1255.0,1255.0,0,4700
4077,2022-07-22 10:10:00+05:30,1255.0,1260.0,1255.0,1260.0,50,4650
4078,2022-07-22 10:11:00+05:30,1260.0,1260.0,1260.0,1260.0,0,4650
4079,2022-07-22 10:12:00+05:30,1260.0,1260.0,1260.0,1260.0,0,4650
4080,2022-07-22 10:13:00+05:30,1260.0,1260.0,1260.0,1260.0,0,4650
4081,2022-07-22 10:14:00+05:30,1260.0,1260.0,1260.0,1260.0,0,4650
4082,2022-07-22 10:15:00+05:30,1260.0,1260.0,1260.0,1260.0,0,4650
4083,2022-07-22 10:16:00+05:30,1260.0,1260.0,1260.0,1260.0,0,4650
4084,2022-07-22 10:17:00+05:30,1260.0,1260.0,1260.0,1260.0,0,4650
4085,2022-07-22 10:18:00+05:30,1260.0,1260.0,1260.0,1260.0,0,4650
4086,2022-07-22 10:19:00+05:30,1260.0,1260.0,1260.0,1260.0,0,4650
4087,2022-07-22 10:20:00+05:30,1260.0,1260.0,1260.0,1260.0,50,4600
4088,2022-07-22 10:21:00+05:30,1260.0,1260.0,1255.0,1255.0,50,4600
4089,2022-07-22 10:22:00+05:30,1255.0,1255.0,1255.0,1255.0,0,4600
4090,2022-07-22 10:23:00+05:30,1255.0,1255.0,1255.0,1255.0,0,4600
4091,2022-07-22 10:24:00+05:30,1255.0,1255.0,1250.0,1250.0,50,4500
4092,2022-07-22 10:25:00+05:30,1250.0,1250.0,1250.0,1250.0,0,4500
4093,2022-07-22 10:26:00+05:30,1250.0,1250.0,1250.0,1250.0,0,4500
4094,2022-07-22 10:27:00+05:30,1250.0,1250.0,1250.0,1250.0,0,4500
4095,2022-07-22 10:28:00+05:30,1250.0,1250.0,1250.0,1250.0,0,4500
4096,2022-07-22 10:29:00+05:30,1250.0,1255.0,1250.0,1255.0,50,4450
4097,2022-07-22 10:30:00+05:30,1255.0,1255.0,1255.0,1255.0,0,4450
4098,2022-07-22 10:31:00+05:30,1255.0,1255.0,1255.0,1255.0,0,4450
4099,2022-07-22 10:32:00+05:30,1255.0,1255.0,1250.0,1250.0,50,4350
4100,2022-07-22 10:33:00+05:30,1250.0,1250.0,1250.0,1250.0,50,4350
4101,2022-07-22 10:34:00+05:30,1250.0,1250.0,1250.0,1250.0,0,4350
4102,2022-07-22 10:35:00+05:30,1250.0,1250.0,1250.0,1250.0,0,4350
4103,2022-07-22 10:36:00+05:30,1250.0,1250.0,1250.0,1250.0,0,4350
4104,2022-07-22 10:37:00+05:30,1250.0,1255.0,1250.0,1255.0,50,4300
4105,2022-07-22 10:38:00+05:30,1255.0,1255.0,1255.0,1255.0,0,4300
4106,2022-07-22 10:39:00+05:30,1255.0,1255.0,1255.0,1255.0,0,4300
4107,2022-07-22 10:40:00+05:30,1255.0,1255.0,1255.0,1255.0,0,4300
4108,2022-07-22 10:41:00+05:30,1255.0,1255.0,1255.0,1255.0,0,4300
4109,2022-07-22 10:42:00+05:30,1255.0,1255.0,1255.0,1255.0,0,4300
4110,2022-07-22 10:43:00+05:30,1255.0,1255.0,1255.0,1255.0,0,4300
4111,2022-07-22 10:44:00+05:30,1255.0,1255.0,1255.0,1255.0,0,4300
4112,2022-07-22 10:45:00+05:30,1255.0,1255.0,1255.0,1255.0,0,4300
4113,2022-07-22 10:46:00+05:30,1255.0,1255.0,1255.0,1255.0,0,4300
4114,2022-07-22 10:47:00+05:30,1255.0,1255.0,1255.0,1255.0,0,4300
4115,2022-07-22 10:48:00+05:30,1255.0,1255.0,1255.0,1255.0,0,4300
4116,2022-07-22 10:49:00+05:30,1255.0,1255.0,1255.0,1255.0,0,4300
4117,2022-07-22 10:50:00+05:30,1255.0,1255.0,1255.0,1255.0,0,4300
4118,2022-07-22 10:51:00+05:30,1255.0,1255.0,1255.0,1255.0,0,4300
4119,2022-07-22 10:52:00+05:30,1255.0,1255.0,1255.0,1255.0,0,4300
4120,2022-07-22 10:53:00+05:30,1255.0,1255.0,1255.0,1255.0,0,4300
4121,2022-07-22 10:54:00+05:30,1255.0,1255.0,1255.0,1255.0,0,4300
4122,2022-07-22 10:55:00+05:30,1255.0,1270.0,1255.0,1270.0,50,4250
4123,2022-07-22 10:56:00+05:30,1270.0,1270.0,1270.0,1270.0,0,4250
4124,2022-07-22 10:57:00+05:30,1270.0,1270.0,1270.0,1270.0,0,4250
4125,2022-07-22 10:58:00+05:30,1270.0,1270.0,1270.0,1270.0,0,4250
4126,2022-07-22 10:59:00+05:30,1270.0,1270.0,1270.0,1270.0,0,4250
4127,2022-07-22 11:00:00+05:30,1270.0,1270.0,1270.0,1270.0,0,4250
4128,2022-07-22 11:01:00+05:30,1270.0,1270.0,1270.0,1270.0,0,4250
4129,2022-07-22 11:02:00+05:30,1270.0,1270.0,1270.0,1270.0,0,4250
4130,2022-07-22 11:03:00+05:30,1270.0,1270.0,1270.0,1270.0,0,4250
4131,2022-07-22 11:04:00+05:30,1270.0,1270.0,1270.0,1270.0,0,4250
4132,2022-07-22 11:05:00+05:30,1270.0,1270.0,1270.0,1270.0,0,4250
4133,2022-07-22 11:06:00+05:30,1270.0,1270.0,1270.0,1270.0,0,4250
4134,2022-07-22 11:07:00+05:30,1270.0,1270.0,1270.0,1270.0,0,4250
4135,2022-07-22 11:08:00+05:30,1270.0,1270.0,1270.0,1270.0,0,4250
4136,2022-07-22 11:09:00+05:30,1270.0,1270.0,1270.0,1270.0,0,4250
4137,2022-07-22 11:10:00+05:30,1270.0,1270.0,1270.0,1270.0,0,4250
4138,2022-07-22 11:11:00+05:30,1270.0,1270.0,1270.0,1270.0,0,4250
4139,2022-07-22 11:12:00+05:30,1270.0,1270.0,1270.0,1270.0,0,4250
4140,2022-07-22 11:13:00+05:30,1270.0,1270.0,1270.0,1270.0,0,4250
4141,2022-07-22 11:14:00+05:30,1270.0,1270.0,1270.0,1270.0,0,4250
4142,2022-07-22 11:15:00+05:30,1270.0,1270.0,1270.0,1270.0,0,4250
4143,2022-07-22 11:16:00+05:30,1270.0,1270.0,1270.0,1270.0,0,4250
4144,2022-07-22 11:17:00+05:30,1270.0,1270.0,1270.0,1270.0,0,4250
4145,2022-07-22 11:18:00+05:30,1270.0,1270.0,1270.0,1270.0,0,4250
4146,2022-07-22 11:19:00+05:30,1270.0,1270.0,1270.0,1270.0,0,4250
4147,2022-07-22 11:20:00+05:30,1270.0,1270.0,1270.0,1270.0,0,4250
4148,2022-07-22 11:21:00+05:30,1270.0,1270.0,1270.0,1270.0,0,4250
4149,2022-07-22 11:22:00+05:30,1270.0,1270.0,1270.0,1270.0,0,4250
4150,2022-07-22 11:23:00+05:30,1270.0,1270.0,1270.0,1270.0,0,4250
4151,2022-07-22 11:24:00+05:30,1270.0,1270.0,1270.0,1270.0,0,4250
4152,2022-07-22 11:25:00+05:30,1270.0,1270.0,1270.0,1270.0,0,4250
4153,2022-07-22 11:26:00+05:30,1270.0,1270.0,1270.0,1270.0,0,4250
4154,2022-07-22 11:27:00+05:30,1270.0,1270.0,1270.0,1270.0,0,4250
4155,2022-07-22 11:28:00+05:30,1270.0,1270.0,1270.0,1270.0,0,4250
4156,2022-07-22 11:29:00+05:30,1270.0,1270.0,1270.0,1270.0,0,4250
4157,2022-07-22 11:30:00+05:30,1270.0,1270.0,1270.0,1270.0,0,4250
4158,2022-07-22 11:31:00+05:30,1270.0,1270.0,1270.0,1270.0,0,4250
4159,2022-07-22 11:32:00+05:30,1270.0,1270.0,1270.0,1270.0,0,4250
4160,2022-07-22 11:33:00+05:30,1270.0,1270.0,1270.0,1270.0,0,4250
4161,2022-07-22 11:34:00+05:30,1270.0,1270.0,1270.0,1270.0,0,4250
4162,2022-07-22 11:35:00+05:30,1270.0,1270.0,1270.0,1270.0,0,4250
4163,2022-07-22 11:36:00+05:30,1270.0,1270.0,1270.0,1270.0,0,4250
4164,2022-07-22 11:37:00+05:30,1270.0,1270.0,1270.0,1270.0,0,4250
4165,2022-07-22 11:38:00+05:30,1270.0,1270.0,1270.0,1270.0,0,4250
4166,2022-07-22 11:39:00+05:30,1270.0,1270.0,1270.0,1270.0,0,4250
4167,2022-07-22 11:40:00+05:30,1270.0,1270.0,1270.0,1270.0,0,4250
4168,2022-07-22 11:41:00+05:30,1270.0,1270.0,1270.0,1270.0,0,4250
4169,2022-07-22 11:42:00+05:30,1270.0,1270.0,1270.0,1270.0,0,4250
4170,2022-07-22 11:43:00+05:30,1270.0,1270.0,1270.0,1270.0,0,4250
4171,2022-07-22 11:44:00+05:30,1270.0,1270.0,1270.0,1270.0,0,4250
4172,2022-07-22 11:45:00+05:30,1270.0,1270.0,1270.0,1270.0,0,4250
4173,2022-07-22 11:46:00+05:30,1270.0,1270.0,1270.0,1270.0,0,4250
4174,2022-07-22 11:47:00+05:30,1270.0,1270.0,1270.0,1270.0,0,4250
4175,2022-07-22 11:48:00+05:30,1270.0,1270.0,1270.0,1270.0,0,4250
4176,2022-07-22 11:49:00+05:30,1270.0,1270.0,1270.0,1270.0,0,4250
4177,2022-07-22 11:50:00+05:30,1270.0,1270.0,1270.0,1270.0,0,4250
4178,2022-07-22 11:51:00+05:30,1270.0,1270.0,1270.0,1270.0,0,4250
4179,2022-07-22 11:52:00+05:30,1270.0,1270.0,1270.0,1270.0,0,4250
4180,2022-07-22 11:53:00+05:30,1270.0,1270.0,1270.0,1270.0,0,4250
4181,2022-07-22 11:54:00+05:30,1270.0,1270.0,1270.0,1270.0,0,4250
4182,2022-07-22 11:55:00+05:30,1270.0,1270.0,1270.0,1270.0,0,4250
4183,2022-07-22 11:56:00+05:30,1270.0,1270.0,1270.0,1270.0,0,4250
4184,2022-07-22 11:57:00+05:30,1270.0,1270.0,1270.0,1270.0,0,4250
4185,2022-07-22 11:58:00+05:30,1270.0,1270.0,1270.0,1270.0,0,4250
4186,2022-07-22 11:59:00+05:30,1270.0,1270.0,1270.0,1270.0,0,4250
4187,2022-07-22 12:00:00+05:30,1270.0,1270.0,1270.0,1270.0,0,4250
4188,2022-07-22 12:01:00+05:30,1270.0,1270.0,1270.0,1270.0,0,4250
4189,2022-07-22 12:02:00+05:30,1270.0,1270.0,1270.0,1270.0,0,4250
4190,2022-07-22 12:03:00+05:30,1270.0,1270.0,1270.0,1270.0,0,4250
4191,2022-07-22 12:04:00+05:30,1270.0,1270.0,1270.0,1270.0,0,4250
4192,2022-07-22 12:05:00+05:30,1270.0,1270.0,1270.0,1270.0,0,4250
4193,2022-07-22 12:06:00+05:30,1270.0,1270.0,1270.0,1270.0,0,4250
4194,2022-07-22 12:07:00+05:30,1270.0,1270.0,1270.0,1270.0,0,4250
4195,2022-07-22 12:08:00+05:30,1270.0,1270.0,1270.0,1270.0,0,4250
4196,2022-07-22 12:09:00+05:30,1270.0,1270.0,1270.0,1270.0,0,4250
4197,2022-07-22 12:10:00+05:30,1270.0,1270.0,1270.0,1270.0,0,4250
4198,2022-07-22 12:11:00+05:30,1270.0,1270.0,1270.0,1270.0,0,4250
4199,2022-07-22 12:12:00+05:30,1270.0,1270.0,1270.0,1270.0,0,4250
4200,2022-07-22 12:13:00+05:30,1270.0,1270.0,1270.0,1270.0,0,4250
4201,2022-07-22 12:14:00+05:30,1270.0,1270.0,1270.0,1270.0,0,4250
4202,2022-07-22 12:15:00+05:30,1270.0,1270.0,1270.0,1270.0,0,4250
4203,2022-07-22 12:16:00+05:30,1270.0,1270.0,1270.0,1270.0,0,4250
4204,2022-07-22 12:17:00+05:30,1270.0,1270.0,1270.0,1270.0,0,4250
4205,2022-07-22 12:18:00+05:30,1270.0,1270.0,1270.0,1270.0,0,4250
4206,2022-07-22 12:19:00+05:30,1270.0,1270.0,1270.0,1270.0,0,4250
4207,2022-07-22 12:20:00+05:30,1270.0,1270.0,1270.0,1270.0,0,4250
4208,2022-07-22 12:21:00+05:30,1270.0,1270.0,1270.0,1270.0,0,4250
4209,2022-07-22 12:22:00+05:30,1270.0,1270.0,1270.0,1270.0,0,4250
4210,2022-07-22 12:23:00+05:30,1270.0,1270.0,1270.0,1270.0,0,4250
4211,2022-07-22 12:24:00+05:30,1270.0,1270.0,1270.0,1270.0,0,4250
4212,2022-07-22 12:25:00+05:30,1270.0,1270.0,1270.0,1270.0,0,4250
4213,2022-07-22 12:26:00+05:30,1270.0,1270.0,1270.0,1270.0,0,4250
4214,2022-07-22 12:27:00+05:30,1270.0,1270.0,1270.0,1270.0,0,4250
4215,2022-07-22 12:28:00+05:30,1270.0,1270.0,1270.0,1270.0,0,4250
4216,2022-07-22 12:29:00+05:30,1270.0,1270.0,1270.0,1270.0,0,4250
4217,2022-07-22 12:30:00+05:30,1270.0,1270.0,1270.0,1270.0,0,4250
4218,2022-07-22 12:31:00+05:30,1270.0,1270.0,1270.0,1270.0,0,4250
4219,2022-07-22 12:32:00+05:30,1270.0,1270.0,1270.0,1270.0,0,4250
4220,2022-07-22 12:33:00+05:30,1270.0,1270.0,1270.0,1270.0,0,4250
4221,2022-07-22 12:34:00+05:30,1270.0,1270.0,1270.0,1270.0,0,4250
4222,2022-07-22 12:35:00+05:30,1270.0,1270.0,1270.0,1270.0,0,4250
4223,2022-07-22 12:36:00+05:30,1270.0,1270.0,1270.0,1270.0,0,4250
4224,2022-07-22 12:37:00+05:30,1270.0,1270.0,1270.0,1270.0,0,4250
4225,2022-07-22 12:38:00+05:30,1270.0,1270.0,1270.0,1270.0,0,4250
4226,2022-07-22 12:39:00+05:30,1270.0,1270.0,1270.0,1270.0,0,4250
4227,2022-07-22 12:40:00+05:30,1270.0,1270.0,1270.0,1270.0,0,4250
4228,2022-07-22 12:41:00+05:30,1270.0,1270.0,1270.0,1270.0,0,4250
4229,2022-07-22 12:42:00+05:30,1270.0,1270.0,1270.0,1270.0,0,4250
4230,2022-07-22 12:43:00+05:30,1270.0,1270.0,1270.0,1270.0,0,4250
4231,2022-07-22 12:44:00+05:30,1270.0,1270.0,1270.0,1270.0,0,4250
4232,2022-07-22 12:45:00+05:30,1270.0,1270.0,1270.0,1270.0,0,4250
4233,2022-07-22 12:46:00+05:30,1270.0,1270.0,1270.0,1270.0,0,4250
4234,2022-07-22 12:47:00+05:30,1270.0,1270.0,1270.0,1270.0,0,4250
4235,2022-07-22 12:48:00+05:30,1270.0,1270.0,1270.0,1270.0,0,4250
4236,2022-07-22 12:49:00+05:30,1270.0,1270.0,1270.0,1270.0,0,4250
4237,2022-07-22 12:50:00+05:30,1270.0,1270.0,1270.0,1270.0,0,4250
4238,2022-07-22 12:51:00+05:30,1270.0,1270.0,1270.0,1270.0,0,4250
4239,2022-07-22 12:52:00+05:30,1270.0,1270.0,1270.0,1270.0,0,4250
4240,2022-07-22 12:53:00+05:30,1270.0,1270.0,1270.0,1270.0,0,4250
4241,2022-07-22 12:54:00+05:30,1270.0,1270.0,1270.0,1270.0,0,4250
4242,2022-07-22 12:55:00+05:30,1270.0,1270.0,1270.0,1270.0,0,4250
4243,2022-07-22 12:56:00+05:30,1270.0,1270.0,1270.0,1270.0,0,4250
4244,2022-07-22 12:57:00+05:30,1270.0,1270.0,1270.0,1270.0,0,4250
4245,2022-07-22 12:58:00+05:30,1270.0,1270.0,1270.0,1270.0,0,4250
4246,2022-07-22 12:59:00+05:30,1270.0,1270.0,1270.0,1270.0,0,4250
4247,2022-07-22 13:00:00+05:30,1270.0,1270.0,1270.0,1270.0,0,4250
4248,2022-07-22 13:01:00+05:30,1270.0,1270.0,1270.0,1270.0,0,4250
4249,2022-07-22 13:02:00+05:30,1270.0,1270.0,1270.0,1270.0,0,4250
4250,2022-07-22 13:03:00+05:30,1270.0,1270.0,1270.0,1270.0,0,4250
4251,2022-07-22 13:04:00+05:30,1270.0,1270.0,1270.0,1270.0,0,4250
4252,2022-07-22 13:05:00+05:30,1270.0,1270.0,1270.0,1270.0,0,4250
4253,2022-07-22 13:06:00+05:30,1270.0,1270.0,1270.0,1270.0,0,4250
4254,2022-07-22 13:07:00+05:30,1270.0,1270.0,1270.0,1270.0,0,4250
4255,2022-07-22 13:08:00+05:30,1270.0,1270.0,1270.0,1270.0,0,4250
4256,2022-07-22 13:09:00+05:30,1270.0,1270.0,1270.0,1270.0,0,4250
4257,2022-07-22 13:10:00+05:30,1270.0,1270.0,1270.0,1270.0,0,4250
4258,2022-07-22 13:11:00+05:30,1270.0,1270.0,1270.0,1270.0,0,4250
4259,2022-07-22 13:12:00+05:30,1270.0,1270.0,1270.0,1270.0,0,4250
4260,2022-07-22 13:13:00+05:30,1270.0,1270.0,1228.0,1228.0,50,4200
4261,2022-07-22 13:14:00+05:30,1228.0,1228.0,1228.0,1228.0,0,4200
4262,2022-07-22 13:15:00+05:30,1228.0,1228.0,1228.0,1228.0,0,4200
4263,2022-07-22 13:16:00+05:30,1228.0,1228.0,1228.0,1228.0,0,4200
4264,2022-07-22 13:17:00+05:30,1228.0,1228.0,1228.0,1228.0,0,4200
4265,2022-07-22 13:18:00+05:30,1228.0,1228.0,1228.0,1228.0,0,4200
4266,2022-07-22 13:19:00+05:30,1228.0,1228.0,1228.0,1228.0,0,4200
4267,2022-07-22 13:20:00+05:30,1228.0,1228.0,1228.0,1228.0,0,4200
4268,2022-07-22 13:21:00+05:30,1228.0,1228.0,1228.0,1228.0,0,4200
4269,2022-07-22 13:22:00+05:30,1228.0,1228.0,1228.0,1228.0,0,4200
4270,2022-07-22 13:23:00+05:30,1228.0,1228.0,1228.0,1228.0,0,4200
4271,2022-07-22 13:24:00+05:30,1228.0,1228.0,1228.0,1228.0,0,4200
4272,2022-07-22 13:25:00+05:30,1228.0,1228.0,1228.0,1228.0,0,4200
4273,2022-07-22 13:26:00+05:30,1228.0,1228.0,1228.0,1228.0,0,4200
4274,2022-07-22 13:27:00+05:30,1228.0,1228.0,1228.0,1228.0,0,4200
4275,2022-07-22 13:28:00+05:30,1228.0,1228.0,1228.0,1228.0,0,4200
4276,2022-07-22 13:29:00+05:30,1228.0,1228.0,1228.0,1228.0,0,4200
4277,2022-07-22 13:30:00+05:30,1228.0,1228.0,1228.0,1228.0,0,4200
4278,2022-07-22 13:31:00+05:30,1228.0,1228.0,1228.0,1228.0,0,4200
4279,2022-07-22 13:32:00+05:30,1228.0,1228.0,1228.0,1228.0,0,4200
4280,2022-07-22 13:33:00+05:30,1228.0,1228.0,1228.0,1228.0,0,4200
4281,2022-07-22 13:34:00+05:30,1228.0,1228.0,1228.0,1228.0,0,4200
4282,2022-07-22 13:35:00+05:30,1228.0,1228.0,1228.0,1228.0,0,4200
4283,2022-07-22 13:36:00+05:30,1228.0,1228.0,1228.0,1228.0,0,4200
4284,2022-07-22 13:37:00+05:30,1228.0,1228.0,1228.0,1228.0,0,4200
4285,2022-07-22 13:38:00+05:30,1228.0,1228.0,1228.0,1228.0,0,4200
4286,2022-07-22 13:39:00+05:30,1228.0,1228.0,1228.0,1228.0,0,4200
4287,2022-07-22 13:40:00+05:30,1228.0,1228.0,1228.0,1228.0,0,4200
4288,2022-07-22 13:41:00+05:30,1228.0,1228.0,1228.0,1228.0,0,4200
4289,2022-07-22 13:42:00+05:30,1228.0,1228.0,1228.0,1228.0,0,4200
4290,2022-07-22 13:43:00+05:30,1228.0,1228.0,1228.0,1228.0,0,4200
4291,2022-07-22 13:44:00+05:30,1228.0,1228.0,1228.0,1228.0,0,4200
4292,2022-07-22 13:45:00+05:30,1228.0,1228.0,1228.0,1228.0,0,4200
4293,2022-07-22 13:46:00+05:30,1228.0,1228.0,1228.0,1228.0,0,4200
4294,2022-07-22 13:47:00+05:30,1228.0,1228.0,1228.0,1228.0,0,4200
4295,2022-07-22 13:48:00+05:30,1228.0,1228.0,1228.0,1228.0,0,4200
4296,2022-07-22 13:49:00+05:30,1228.0,1228.0,1228.0,1228.0,0,4200
4297,2022-07-22 13:50:00+05:30,1228.0,1228.0,1228.0,1228.0,0,4200
4298,2022-07-22 13:51:00+05:30,1228.0,1228.0,1228.0,1228.0,0,4200
4299,2022-07-22 13:52:00+05:30,1228.0,1228.0,1228.0,1228.0,0,4200
4300,2022-07-22 13:53:00+05:30,1228.0,1228.0,1228.0,1228.0,0,4200
4301,2022-07-22 13:54:00+05:30,1228.0,1228.0,1228.0,1228.0,0,4200
4302,2022-07-22 13:55:00+05:30,1228.0,1228.0,1228.0,1228.0,0,4200
4303,2022-07-22 13:56:00+05:30,1228.0,1228.0,1228.0,1228.0,0,4200
4304,2022-07-22 13:57:00+05:30,1228.0,1228.0,1228.0,1228.0,0,4200
4305,2022-07-22 13:58:00+05:30,1228.0,1228.0,1228.0,1228.0,0,4200
4306,2022-07-22 13:59:00+05:30,1228.0,1228.0,1228.0,1228.0,0,4200
4307,2022-07-22 14:00:00+05:30,1228.0,1228.0,1228.0,1228.0,0,4200
4308,2022-07-22 14:01:00+05:30,1228.0,1228.0,1228.0,1228.0,0,4200
4309,2022-07-22 14:02:00+05:30,1228.0,1228.0,1228.0,1228.0,0,4200
4310,2022-07-22 14:03:00+05:30,1228.0,1228.0,1228.0,1228.0,0,4200
4311,2022-07-22 14:04:00+05:30,1228.0,1228.0,1228.0,1228.0,0,4200
4312,2022-07-22 14:05:00+05:30,1228.0,1228.0,1228.0,1228.0,0,4200
4313,2022-07-22 14:06:00+05:30,1228.0,1228.0,1228.0,1228.0,0,4200
4314,2022-07-22 14:07:00+05:30,1228.0,1228.0,1228.0,1228.0,0,4200
4315,2022-07-22 14:08:00+05:30,1228.0,1228.0,1228.0,1228.0,0,4200
4316,2022-07-22 14:09:00+05:30,1228.0,1228.0,1228.0,1228.0,0,4200
4317,2022-07-22 14:10:00+05:30,1228.0,1228.0,1228.0,1228.0,0,4200
4318,2022-07-22 14:11:00+05:30,1228.0,1228.0,1228.0,1228.0,0,4200
4319,2022-07-22 14:12:00+05:30,1228.0,1228.0,1228.0,1228.0,0,4200
4320,2022-07-22 14:13:00+05:30,1228.0,1228.0,1228.0,1228.0,0,4200
4321,2022-07-22 14:14:00+05:30,1228.0,1228.0,1228.0,1228.0,0,4200
4322,2022-07-22 14:15:00+05:30,1228.0,1228.0,1228.0,1228.0,0,4200
4323,2022-07-22 14:16:00+05:30,1228.0,1228.0,1228.0,1228.0,0,4200
4324,2022-07-22 14:17:00+05:30,1228.0,1228.0,1228.0,1228.0,0,4200
4325,2022-07-22 14:18:00+05:30,1228.0,1228.0,1228.0,1228.0,0,4200
4326,2022-07-22 14:19:00+05:30,1228.0,1228.0,1228.0,1228.0,0,4200
4327,2022-07-22 14:20:00+05:30,1228.0,1228.0,1228.0,1228.0,0,4200
4328,2022-07-22 14:21:00+05:30,1228.0,1228.0,1228.0,1228.0,0,4200
4329,2022-07-22 14:22:00+05:30,1228.0,1228.0,1228.0,1228.0,0,4200
4330,2022-07-22 14:23:00+05:30,1228.0,1228.0,1228.0,1228.0,0,4200
4331,2022-07-22 14:24:00+05:30,1228.0,1228.0,1228.0,1228.0,0,4200
4332,2022-07-22 14:25:00+05:30,1228.0,1228.0,1228.0,1228.0,0,4200
4333,2022-07-22 14:26:00+05:30,1228.0,1228.0,1228.0,1228.0,0,4200
4334,2022-07-22 14:27:00+05:30,1228.0,1228.0,1228.0,1228.0,0,4200
4335,2022-07-22 14:28:00+05:30,1228.0,1228.0,1228.0,1228.0,0,4200
4336,2022-07-22 14:29:00+05:30,1228.0,1228.0,1228.0,1228.0,0,4200
4337,2022-07-22 14:30:00+05:30,1228.0,1228.0,1228.0,1228.0,0,4200
4338,2022-07-22 14:31:00+05:30,1228.0,1228.0,1228.0,1228.0,0,4200
4339,2022-07-22 14:32:00+05:30,1228.0,1228.0,1228.0,1228.0,0,4200
4340,2022-07-22 14:33:00+05:30,1228.0,1228.0,1228.0,1228.0,0,4200
4341,2022-07-22 14:34:00+05:30,1228.0,1228.0,1228.0,1228.0,0,4200
4342,2022-07-22 14:35:00+05:30,1228.0,1228.0,1228.0,1228.0,0,4200
4343,2022-07-22 14:36:00+05:30,1228.0,1228.0,1228.0,1228.0,0,4200
4344,2022-07-22 14:37:00+05:30,1228.0,1228.0,1163.0,1163.05,500,4150
4345,2022-07-22 14:38:00+05:30,1163.05,1163.05,1163.05,1163.05,0,4150
4346,2022-07-22 14:39:00+05:30,1163.05,1163.05,1163.05,1163.05,0,4150
4347,2022-07-22 14:40:00+05:30,1163.05,1163.05,1163.05,1163.05,0,4150
4348,2022-07-22 14:41:00+05:30,1163.05,1163.05,1163.05,1163.05,0,4150
4349,2022-07-22 14:42:00+05:30,1163.05,1163.05,1163.05,1163.05,0,4150
4350,2022-07-22 14:43:00+05:30,1163.05,1163.05,1163.05,1163.05,0,4150
4351,2022-07-22 14:44:00+05:30,1163.05,1163.05,1163.05,1163.05,0,4150
4352,2022-07-22 14:45:00+05:30,1163.05,1163.05,1163.05,1163.05,0,4150
4353,2022-07-22 14:46:00+05:30,1163.05,1163.05,1163.05,1163.05,0,4150
4354,2022-07-22 14:47:00+05:30,1163.05,1163.05,1163.05,1163.05,0,4150
4355,2022-07-22 14:48:00+05:30,1163.05,1163.05,1163.05,1163.05,0,4150
4356,2022-07-22 14:49:00+05:30,1163.05,1163.05,1163.05,1163.05,0,4150
4357,2022-07-22 14:50:00+05:30,1163.05,1163.05,1163.05,1163.05,0,4150
4358,2022-07-22 14:51:00+05:30,1163.05,1163.05,1163.05,1163.05,0,4150
4359,2022-07-22 14:52:00+05:30,1163.05,1163.05,1163.05,1163.05,0,4150
4360,2022-07-22 14:53:00+05:30,1163.05,1163.05,1163.05,1163.05,0,4150
4361,2022-07-22 14:54:00+05:30,1163.05,1172.0,1163.05,1172.0,800,4250
4362,2022-07-22 14:55:00+05:30,1172.0,1172.0,1172.0,1172.0,0,4250
4363,2022-07-22 14:56:00+05:30,1172.0,1172.0,1172.0,1172.0,0,4250
4364,2022-07-22 14:57:00+05:30,1172.0,1172.0,1172.0,1172.0,0,4250
4365,2022-07-22 14:58:00+05:30,1172.0,1172.0,1172.0,1172.0,0,4250
4366,2022-07-22 14:59:00+05:30,1172.0,1172.0,1172.0,1172.0,0,4250
4367,2022-07-22 15:00:00+05:30,1172.0,1172.0,1172.0,1172.0,0,4250
4368,2022-07-22 15:01:00+05:30,1172.0,1172.0,1172.0,1172.0,0,4250
4369,2022-07-22 15:02:00+05:30,1172.0,1172.0,1172.0,1172.0,0,4250
4370,2022-07-22 15:03:00+05:30,1172.0,1172.0,1172.0,1172.0,0,4250
4371,2022-07-22 15:04:00+05:30,1172.0,1172.0,1172.0,1172.0,0,4250
4372,2022-07-22 15:05:00+05:30,1172.0,1172.0,1172.0,1172.0,0,4250
4373,2022-07-22 15:06:00+05:30,1172.0,1172.0,1172.0,1172.0,0,4250
4374,2022-07-22 15:07:00+05:30,1172.0,1172.0,1172.0,1172.0,0,4250
4375,2022-07-22 15:08:00+05:30,1172.0,1172.0,1172.0,1172.0,0,4250
4376,2022-07-22 15:09:00+05:30,1172.0,1172.0,1172.0,1172.0,0,4250
4377,2022-07-22 15:10:00+05:30,1172.0,1172.0,1172.0,1172.0,0,4250
4378,2022-07-22 15:11:00+05:30,1172.0,1172.0,1172.0,1172.0,0,4250
4379,2022-07-22 15:12:00+05:30,1172.0,1172.0,1172.0,1172.0,0,4250
4380,2022-07-22 15:13:00+05:30,1172.0,1172.0,1172.0,1172.0,0,4250
4381,2022-07-22 15:14:00+05:30,1172.0,1172.0,1172.0,1172.0,0,4250
4382,2022-07-22 15:15:00+05:30,1172.0,1172.0,1172.0,1172.0,0,4250
4383,2022-07-22 15:16:00+05:30,1172.0,1172.0,1172.0,1172.0,0,4250
4384,2022-07-22 15:17:00+05:30,1172.0,1172.0,1172.0,1172.0,0,4250
4385,2022-07-22 15:18:00+05:30,1172.0,1172.0,1172.0,1172.0,0,4250
4386,2022-07-22 15:19:00+05:30,1172.0,1172.0,1172.0,1172.0,0,4250
4387,2022-07-22 15:20:00+05:30,1172.0,1172.0,1172.0,1172.0,0,4250
4388,2022-07-22 15:21:00+05:30,1172.0,1172.0,1172.0,1172.0,0,4250
4389,2022-07-22 15:22:00+05:30,1172.0,1172.0,1172.0,1172.0,0,4250
4390,2022-07-22 15:23:00+05:30,1172.0,1172.0,1172.0,1172.0,0,4250
4391,2022-07-22 15:24:00+05:30,1172.0,1172.0,1172.0,1172.0,0,4250
4392,2022-07-22 15:25:00+05:30,1172.0,1172.0,1172.0,1172.0,0,4250
4393,2022-07-22 15:26:00+05:30,1172.0,1172.0,1172.0,1172.0,0,4250
4394,2022-07-22 15:27:00+05:30,1172.0,1172.0,1172.0,1172.0,0,4250
4395,2022-07-22 15:28:00+05:30,1172.0,1172.0,1172.0,1172.0,0,4250
4396,2022-07-22 15:29:00+05:30,1172.0,1172.0,1172.0,1172.0,0,4250
4397,2022-07-26 11:39:00+05:30,1372.0,1372.0,1372.0,1372.0,0,3850
4398,2022-07-26 11:40:00+05:30,1372.0,1372.0,1372.0,1372.0,0,3850
4399,2022-07-26 11:41:00+05:30,1372.0,1372.0,1372.0,1372.0,0,3850
4400,2022-07-26 11:42:00+05:30,1372.0,1372.0,1372.0,1372.0,0,3850
4401,2022-07-26 11:43:00+05:30,1372.0,1372.0,1372.0,1372.0,0,3850
4402,2022-07-26 11:44:00+05:30,1372.0,1372.0,1372.0,1372.0,0,3850
4403,2022-07-26 11:45:00+05:30,1372.0,1372.0,1372.0,1372.0,0,3850
4404,2022-07-26 11:46:00+05:30,1372.0,1372.0,1372.0,1372.0,0,3850
4405,2022-07-26 11:47:00+05:30,1372.0,1372.0,1372.0,1372.0,0,3850
4406,2022-07-26 11:48:00+05:30,1372.0,1372.0,1372.0,1372.0,0,3850
4407,2022-07-26 11:49:00+05:30,1372.0,1372.0,1372.0,1372.0,0,3850
4408,2022-07-26 11:50:00+05:30,1372.0,1372.0,1372.0,1372.0,0,3850
4409,2022-07-26 11:51:00+05:30,1372.0,1372.0,1372.0,1372.0,0,3850
4410,2022-07-26 11:52:00+05:30,1372.0,1375.75,1372.0,1375.75,100,3800
4411,2022-07-26 11:53:00+05:30,1375.75,1375.75,1374.2,1374.2,100,3800
4412,2022-07-26 11:54:00+05:30,1374.2,1374.2,1374.2,1374.2,0,3800
4413,2022-07-26 11:55:00+05:30,1374.2,1374.2,1374.2,1374.2,0,3800
4414,2022-07-26 11:56:00+05:30,1374.2,1374.2,1374.2,1374.2,0,3800
4415,2022-07-26 11:57:00+05:30,1374.2,1374.2,1374.2,1374.2,0,3800
4416,2022-07-26 11:58:00+05:30,1374.2,1374.2,1374.2,1374.2,0,3800
4417,2022-07-26 11:59:00+05:30,1374.2,1374.2,1374.2,1374.2,0,3800
4418,2022-07-26 12:00:00+05:30,1374.2,1374.2,1355.65,1355.65,150,3600
4419,2022-07-26 12:01:00+05:30,1355.65,1355.65,1355.65,1355.65,0,3600
4420,2022-07-26 12:02:00+05:30,1355.65,1355.65,1355.65,1355.65,0,3600
4421,2022-07-26 12:03:00+05:30,1355.65,1355.65,1355.65,1355.65,0,3600
4422,2022-07-26 12:04:00+05:30,1355.65,1355.65,1355.65,1355.65,0,3600
4423,2022-07-26 12:05:00+05:30,1355.65,1355.65,1355.65,1355.65,0,3600
4424,2022-07-26 12:06:00+05:30,1355.65,1355.65,1355.65,1355.65,0,3600
4425,2022-07-26 12:07:00+05:30,1355.65,1355.65,1355.65,1355.65,0,3600
4426,2022-07-26 12:08:00+05:30,1355.65,1355.65,1355.65,1355.65,0,3600
4427,2022-07-26 12:09:00+05:30,1355.65,1355.65,1355.65,1355.65,0,3600
4428,2022-07-26 12:10:00+05:30,1355.65,1355.65,1355.65,1355.65,0,3600
4429,2022-07-26 12:11:00+05:30,1355.65,1355.65,1355.65,1355.65,0,3600
4430,2022-07-26 12:12:00+05:30,1355.65,1355.65,1355.65,1355.65,0,3600
4431,2022-07-26 12:13:00+05:30,1355.65,1355.65,1355.65,1355.65,0,3600
4432,2022-07-26 12:14:00+05:30,1355.65,1355.65,1355.65,1355.65,0,3600
4433,2022-07-26 12:15:00+05:30,1355.65,1355.65,1355.65,1355.65,0,3600
4434,2022-07-26 12:16:00+05:30,1355.65,1355.65,1355.65,1355.65,0,3600
4435,2022-07-26 12:17:00+05:30,1355.65,1355.65,1355.65,1355.65,0,3600
4436,2022-07-26 12:18:00+05:30,1355.65,1355.65,1355.65,1355.65,0,3600
4437,2022-07-26 12:19:00+05:30,1355.65,1355.65,1355.65,1355.65,0,3600
4438,2022-07-26 12:20:00+05:30,1355.65,1355.65,1355.65,1355.65,0,3600
4439,2022-07-26 12:21:00+05:30,1355.65,1355.65,1355.65,1355.65,0,3600
4440,2022-07-26 12:22:00+05:30,1355.65,1355.65,1355.65,1355.65,0,3600
4441,2022-07-26 12:23:00+05:30,1355.65,1355.65,1355.65,1355.65,0,3600
4442,2022-07-26 12:24:00+05:30,1355.65,1355.65,1355.65,1355.65,0,3600
4443,2022-07-26 12:25:00+05:30,1355.65,1355.65,1355.65,1355.65,0,3600
4444,2022-07-26 12:26:00+05:30,1355.65,1355.65,1355.65,1355.65,0,3600
4445,2022-07-26 12:27:00+05:30,1355.65,1355.65,1355.65,1355.65,0,3600
4446,2022-07-26 12:28:00+05:30,1355.65,1355.65,1355.65,1355.65,0,3600
4447,2022-07-26 12:29:00+05:30,1355.65,1355.65,1355.65,1355.65,0,3600
4448,2022-07-26 12:30:00+05:30,1355.65,1355.65,1355.65,1355.65,0,3600
4449,2022-07-26 12:31:00+05:30,1355.65,1355.65,1355.65,1355.65,0,3600
4450,2022-07-26 12:32:00+05:30,1355.65,1355.65,1355.65,1355.65,0,3600
4451,2022-07-26 12:33:00+05:30,1355.65,1355.65,1355.65,1355.65,0,3600
4452,2022-07-26 12:34:00+05:30,1355.65,1355.65,1355.65,1355.65,0,3600
4453,2022-07-26 12:35:00+05:30,1355.65,1355.65,1355.65,1355.65,0,3600
4454,2022-07-26 12:36:00+05:30,1355.65,1355.65,1355.65,1355.65,0,3600
4455,2022-07-26 12:37:00+05:30,1355.65,1355.65,1355.65,1355.65,0,3600
4456,2022-07-26 12:38:00+05:30,1355.65,1355.65,1355.65,1355.65,0,3600
4457,2022-07-26 12:39:00+05:30,1355.65,1355.65,1355.65,1355.65,0,3600
4458,2022-07-26 12:40:00+05:30,1355.65,1355.65,1355.65,1355.65,0,3600
4459,2022-07-26 12:41:00+05:30,1355.65,1355.65,1355.65,1355.65,0,3600
4460,2022-07-26 12:42:00+05:30,1355.65,1355.65,1355.65,1355.65,0,3600
4461,2022-07-26 12:43:00+05:30,1355.65,1355.65,1355.65,1355.65,0,3600
4462,2022-07-26 12:44:00+05:30,1355.65,1355.65,1355.65,1355.65,0,3600
4463,2022-07-26 12:45:00+05:30,1355.65,1355.65,1355.65,1355.65,0,3600
4464,2022-07-26 12:46:00+05:30,1355.65,1355.65,1355.65,1355.65,0,3600
4465,2022-07-26 12:47:00+05:30,1355.65,1355.65,1355.65,1355.65,0,3600
4466,2022-07-26 12:48:00+05:30,1355.65,1355.65,1355.65,1355.65,0,3600
4467,2022-07-26 12:49:00+05:30,1355.65,1355.65,1355.65,1355.65,0,3600
4468,2022-07-26 12:50:00+05:30,1355.65,1355.65,1355.65,1355.65,0,3600
4469,2022-07-26 12:51:00+05:30,1355.65,1355.65,1355.65,1355.65,0,3600
4470,2022-07-26 12:52:00+05:30,1355.65,1355.65,1355.65,1355.65,0,3600
4471,2022-07-26 12:53:00+05:30,1355.65,1355.65,1355.65,1355.65,0,3600
4472,2022-07-26 12:54:00+05:30,1355.65,1355.65,1355.65,1355.65,0,3600
4473,2022-07-26 12:55:00+05:30,1355.65,1355.65,1355.65,1355.65,0,3600
4474,2022-07-26 12:56:00+05:30,1355.65,1355.65,1355.65,1355.65,0,3600
4475,2022-07-26 12:57:00+05:30,1355.65,1355.65,1355.65,1355.65,0,3600
4476,2022-07-26 12:58:00+05:30,1355.65,1355.65,1355.65,1355.65,0,3600
4477,2022-07-26 12:59:00+05:30,1355.65,1355.65,1355.65,1355.65,0,3600
4478,2022-07-26 13:00:00+05:30,1355.65,1355.65,1355.65,1355.65,0,3600
4479,2022-07-26 13:01:00+05:30,1355.65,1355.65,1355.65,1355.65,0,3600
4480,2022-07-26 13:02:00+05:30,1355.65,1355.65,1355.65,1355.65,0,3600
4481,2022-07-26 13:03:00+05:30,1355.65,1355.65,1355.65,1355.65,0,3600
4482,2022-07-26 13:04:00+05:30,1355.65,1355.65,1355.65,1355.65,0,3600
4483,2022-07-26 13:05:00+05:30,1355.65,1355.65,1355.65,1355.65,0,3600
4484,2022-07-26 13:06:00+05:30,1355.65,1355.65,1355.65,1355.65,0,3600
4485,2022-07-26 13:07:00+05:30,1355.65,1355.65,1355.65,1355.65,0,3600
4486,2022-07-26 13:08:00+05:30,1355.65,1355.65,1355.65,1355.65,0,3600
4487,2022-07-26 13:09:00+05:30,1355.65,1355.65,1355.65,1355.65,0,3600
4488,2022-07-26 13:10:00+05:30,1355.65,1355.65,1355.65,1355.65,0,3600
4489,2022-07-26 13:11:00+05:30,1355.65,1355.65,1355.65,1355.65,0,3600
4490,2022-07-26 13:12:00+05:30,1355.65,1355.65,1355.65,1355.65,0,3600
4491,2022-07-26 13:13:00+05:30,1355.65,1355.65,1355.65,1355.65,0,3600
4492,2022-07-26 13:14:00+05:30,1355.65,1355.65,1355.65,1355.65,0,3600
4493,2022-07-26 13:15:00+05:30,1355.65,1355.65,1355.65,1355.65,0,3600
4494,2022-07-26 13:16:00+05:30,1355.65,1355.65,1355.65,1355.65,0,3600
4495,2022-07-26 13:17:00+05:30,1355.65,1355.65,1355.65,1355.65,0,3600
4496,2022-07-26 13:18:00+05:30,1355.65,1355.65,1355.65,1355.65,0,3600
4497,2022-07-26 13:19:00+05:30,1355.65,1355.65,1355.65,1355.65,0,3600
4498,2022-07-26 13:20:00+05:30,1355.65,1355.65,1355.65,1355.65,0,3600
4499,2022-07-26 13:21:00+05:30,1355.65,1355.65,1355.65,1355.65,0,3600
4500,2022-07-26 13:22:00+05:30,1355.65,1355.65,1355.65,1355.65,0,3600
4501,2022-07-26 13:23:00+05:30,1355.65,1355.65,1355.65,1355.65,0,3600
4502,2022-07-26 13:24:00+05:30,1355.65,1355.65,1355.65,1355.65,0,3600
4503,2022-07-26 13:25:00+05:30,1355.65,1355.65,1355.65,1355.65,0,3600
4504,2022-07-26 13:26:00+05:30,1355.65,1355.65,1355.65,1355.65,0,3600
4505,2022-07-26 13:27:00+05:30,1355.65,1355.65,1355.65,1355.65,0,3600
4506,2022-07-26 13:28:00+05:30,1355.65,1355.65,1355.65,1355.65,0,3600
4507,2022-07-26 13:29:00+05:30,1355.65,1355.65,1355.65,1355.65,0,3600
4508,2022-07-26 13:30:00+05:30,1355.65,1355.65,1355.65,1355.65,0,3600
4509,2022-07-26 13:31:00+05:30,1355.65,1355.65,1355.65,1355.65,0,3600
4510,2022-07-26 13:32:00+05:30,1355.65,1355.65,1355.65,1355.65,0,3600
4511,2022-07-26 13:33:00+05:30,1355.65,1355.65,1355.65,1355.65,0,3600
4512,2022-07-26 13:34:00+05:30,1355.65,1355.65,1355.65,1355.65,0,3600
4513,2022-07-26 13:35:00+05:30,1355.65,1355.65,1355.65,1355.65,0,3600
4514,2022-07-26 13:36:00+05:30,1355.65,1355.65,1355.65,1355.65,0,3600
4515,2022-07-26 13:37:00+05:30,1355.65,1355.65,1355.65,1355.65,0,3600
4516,2022-07-26 13:38:00+05:30,1355.65,1355.65,1355.65,1355.65,0,3600
4517,2022-07-26 13:39:00+05:30,1355.65,1355.65,1355.65,1355.65,0,3600
4518,2022-07-26 13:40:00+05:30,1355.65,1355.65,1355.65,1355.65,0,3600
4519,2022-07-26 13:41:00+05:30,1355.65,1355.65,1355.65,1355.65,0,3600
4520,2022-07-26 13:42:00+05:30,1355.65,1355.65,1355.65,1355.65,0,3600
4521,2022-07-26 13:43:00+05:30,1355.65,1355.65,1355.65,1355.65,0,3600
4522,2022-07-26 13:44:00+05:30,1355.65,1355.65,1355.65,1355.65,0,3600
4523,2022-07-26 13:45:00+05:30,1355.65,1355.65,1355.65,1355.65,0,3600
4524,2022-07-26 13:46:00+05:30,1355.65,1355.65,1355.65,1355.65,0,3600
4525,2022-07-26 13:47:00+05:30,1355.65,1355.65,1355.65,1355.65,0,3600
4526,2022-07-26 13:48:00+05:30,1355.65,1355.65,1355.65,1355.65,0,3600
4527,2022-07-26 13:49:00+05:30,1355.65,1355.65,1355.65,1355.65,0,3600
4528,2022-07-26 13:50:00+05:30,1355.65,1355.65,1355.65,1355.65,0,3600
4529,2022-07-26 13:51:00+05:30,1355.65,1355.65,1355.65,1355.65,0,3600
4530,2022-07-26 13:52:00+05:30,1355.65,1355.65,1355.65,1355.65,0,3600
4531,2022-07-26 13:53:00+05:30,1355.65,1355.65,1355.65,1355.65,0,3600
4532,2022-07-26 13:54:00+05:30,1355.65,1355.65,1355.65,1355.65,0,3600
4533,2022-07-26 13:55:00+05:30,1355.65,1355.65,1355.65,1355.65,0,3600
4534,2022-07-26 13:56:00+05:30,1355.65,1355.65,1355.65,1355.65,0,3600
4535,2022-07-26 13:57:00+05:30,1355.65,1355.65,1355.65,1355.65,0,3600
4536,2022-07-26 13:58:00+05:30,1355.65,1355.65,1355.65,1355.65,0,3600
4537,2022-07-26 13:59:00+05:30,1355.65,1355.65,1355.65,1355.65,0,3600
4538,2022-07-26 14:00:00+05:30,1355.65,1355.65,1355.65,1355.65,0,3600
4539,2022-07-26 14:01:00+05:30,1355.65,1355.65,1355.65,1355.65,0,3600
4540,2022-07-26 14:02:00+05:30,1355.65,1355.65,1355.65,1355.65,0,3600
4541,2022-07-26 14:03:00+05:30,1355.65,1355.65,1355.65,1355.65,0,3600
4542,2022-07-26 14:04:00+05:30,1355.65,1355.65,1355.65,1355.65,0,3600
4543,2022-07-26 14:05:00+05:30,1355.65,1355.65,1355.65,1355.65,0,3600
4544,2022-07-26 14:06:00+05:30,1355.65,1355.65,1355.65,1355.65,0,3600
4545,2022-07-26 14:07:00+05:30,1355.65,1355.65,1355.65,1355.65,0,3600
4546,2022-07-26 14:08:00+05:30,1355.65,1355.65,1355.65,1355.65,0,3600
4547,2022-07-26 14:09:00+05:30,1355.65,1355.65,1355.65,1355.65,0,3600
4548,2022-07-26 14:10:00+05:30,1355.65,1355.65,1355.65,1355.65,0,3600
4549,2022-07-26 14:11:00+05:30,1355.65,1355.65,1355.65,1355.65,0,3600
4550,2022-07-26 14:12:00+05:30,1355.65,1355.65,1355.65,1355.65,0,3600
4551,2022-07-26 14:13:00+05:30,1355.65,1355.65,1355.65,1355.65,0,3600
4552,2022-07-26 14:14:00+05:30,1355.65,1355.65,1355.65,1355.65,0,3600
4553,2022-07-26 14:15:00+05:30,1355.65,1355.65,1355.65,1355.65,0,3600
4554,2022-07-26 14:16:00+05:30,1355.65,1355.65,1355.65,1355.65,0,3600
4555,2022-07-26 14:17:00+05:30,1355.65,1355.65,1355.65,1355.65,0,3600
4556,2022-07-26 14:18:00+05:30,1355.65,1355.65,1355.65,1355.65,0,3600
4557,2022-07-26 14:19:00+05:30,1355.65,1355.65,1355.65,1355.65,0,3600
4558,2022-07-26 14:20:00+05:30,1355.65,1355.65,1355.65,1355.65,0,3600
4559,2022-07-26 14:21:00+05:30,1355.65,1355.65,1355.65,1355.65,0,3600
4560,2022-07-26 14:22:00+05:30,1355.65,1355.65,1355.65,1355.65,0,3600
4561,2022-07-26 14:23:00+05:30,1355.65,1355.65,1355.65,1355.65,0,3600
4562,2022-07-26 14:24:00+05:30,1355.65,1355.65,1355.65,1355.65,0,3600
4563,2022-07-26 14:25:00+05:30,1355.65,1355.65,1355.65,1355.65,0,3600
4564,2022-07-26 14:26:00+05:30,1355.65,1355.65,1355.65,1355.65,0,3600
4565,2022-07-26 14:27:00+05:30,1355.65,1355.65,1355.65,1355.65,0,3600
4566,2022-07-26 14:28:00+05:30,1355.65,1355.65,1355.65,1355.65,0,3600
4567,2022-07-26 14:29:00+05:30,1355.65,1355.65,1355.65,1355.65,0,3600
4568,2022-07-26 14:30:00+05:30,1355.65,1355.65,1355.65,1355.65,0,3600
4569,2022-07-26 14:31:00+05:30,1355.65,1355.65,1355.65,1355.65,0,3600
4570,2022-07-26 14:32:00+05:30,1355.65,1355.65,1355.65,1355.65,0,3600
4571,2022-07-26 14:33:00+05:30,1355.65,1355.65,1355.65,1355.65,0,3600
4572,2022-07-26 14:34:00+05:30,1355.65,1355.65,1355.65,1355.65,0,3600
4573,2022-07-26 14:35:00+05:30,1355.65,1355.65,1355.65,1355.65,0,3600
4574,2022-07-26 14:36:00+05:30,1355.65,1355.65,1355.65,1355.65,0,3600
4575,2022-07-26 14:37:00+05:30,1355.65,1355.65,1355.65,1355.65,0,3600
4576,2022-07-26 14:38:00+05:30,1355.65,1355.65,1355.65,1355.65,0,3600
4577,2022-07-26 14:39:00+05:30,1355.65,1355.65,1355.65,1355.65,0,3600
4578,2022-07-26 14:40:00+05:30,1355.65,1355.65,1355.65,1355.65,0,3600
4579,2022-07-26 14:41:00+05:30,1355.65,1355.65,1355.65,1355.65,0,3600
4580,2022-07-26 14:42:00+05:30,1355.65,1355.65,1355.65,1355.65,0,3600
4581,2022-07-26 14:43:00+05:30,1355.65,1355.65,1355.65,1355.65,0,3600
4582,2022-07-26 14:44:00+05:30,1355.65,1355.65,1355.65,1355.65,0,3600
4583,2022-07-26 14:45:00+05:30,1355.65,1355.65,1355.65,1355.65,0,3600
4584,2022-07-26 14:46:00+05:30,1355.65,1355.65,1355.65,1355.65,0,3600
4585,2022-07-26 14:47:00+05:30,1355.65,1355.65,1355.65,1355.65,0,3600
4586,2022-07-26 14:48:00+05:30,1355.65,1355.65,1355.65,1355.65,0,3600
4587,2022-07-26 14:49:00+05:30,1355.65,1355.65,1355.65,1355.65,0,3600
4588,2022-07-26 14:50:00+05:30,1355.65,1355.65,1355.65,1355.65,0,3600
4589,2022-07-26 14:51:00+05:30,1355.65,1355.65,1355.65,1355.65,0,3600
4590,2022-07-26 14:52:00+05:30,1355.65,1355.65,1355.65,1355.65,0,3600
4591,2022-07-26 14:53:00+05:30,1355.65,1355.65,1355.65,1355.65,0,3600
4592,2022-07-26 14:54:00+05:30,1355.65,1355.65,1355.65,1355.65,0,3600
4593,2022-07-26 14:55:00+05:30,1355.65,1355.65,1355.65,1355.65,0,3600
4594,2022-07-26 14:56:00+05:30,1355.65,1355.65,1355.65,1355.65,0,3600
4595,2022-07-26 14:57:00+05:30,1355.65,1355.65,1355.65,1355.65,0,3600
4596,2022-07-26 14:58:00+05:30,1355.65,1355.65,1355.65,1355.65,0,3600
4597,2022-07-26 14:59:00+05:30,1355.65,1355.65,1355.65,1355.65,0,3600
4598,2022-07-26 15:00:00+05:30,1355.65,1355.65,1355.65,1355.65,0,3600
4599,2022-07-26 15:01:00+05:30,1355.65,1355.65,1355.65,1355.65,0,3600
4600,2022-07-26 15:02:00+05:30,1355.65,1355.65,1355.65,1355.65,0,3600
4601,2022-07-26 15:03:00+05:30,1355.65,1355.65,1355.65,1355.65,0,3600
4602,2022-07-26 15:04:00+05:30,1355.65,1355.65,1355.65,1355.65,0,3600
4603,2022-07-26 15:05:00+05:30,1355.65,1355.65,1355.65,1355.65,0,3600
4604,2022-07-26 15:06:00+05:30,1355.65,1355.65,1355.65,1355.65,0,3600
4605,2022-07-26 15:07:00+05:30,1355.65,1355.65,1355.65,1355.65,0,3600
4606,2022-07-26 15:08:00+05:30,1355.65,1355.65,1355.65,1355.65,0,3600
4607,2022-07-26 15:09:00+05:30,1355.65,1355.65,1355.65,1355.65,0,3600
4608,2022-07-26 15:10:00+05:30,1355.65,1355.65,1355.65,1355.65,0,3600
4609,2022-07-26 15:11:00+05:30,1355.65,1355.65,1355.65,1355.65,0,3600
4610,2022-07-26 15:12:00+05:30,1355.65,1355.65,1355.65,1355.65,0,3600
4611,2022-07-26 15:13:00+05:30,1355.65,1355.65,1355.65,1355.65,0,3600
4612,2022-07-26 15:14:00+05:30,1355.65,1355.65,1355.65,1355.65,0,3600
4613,2022-07-26 15:15:00+05:30,1355.65,1355.65,1355.65,1355.65,0,3600
4614,2022-07-26 15:16:00+05:30,1355.65,1355.65,1355.65,1355.65,0,3600
4615,2022-07-26 15:17:00+05:30,1355.65,1355.65,1355.65,1355.65,0,3600
4616,2022-07-26 15:18:00+05:30,1355.65,1355.65,1355.65,1355.65,0,3600
4617,2022-07-26 15:19:00+05:30,1355.65,1355.65,1355.65,1355.65,0,3600
4618,2022-07-26 15:20:00+05:30,1355.65,1355.65,1355.65,1355.65,0,3600
4619,2022-07-26 15:21:00+05:30,1355.65,1355.65,1355.65,1355.65,0,3600
4620,2022-07-26 15:22:00+05:30,1355.65,1355.65,1355.65,1355.65,0,3600
4621,2022-07-26 15:23:00+05:30,1355.65,1355.65,1355.65,1355.65,0,3600
4622,2022-07-26 15:24:00+05:30,1355.65,1355.65,1355.65,1355.65,0,3600
4623,2022-07-26 15:25:00+05:30,1355.65,1355.65,1355.65,1355.65,0,3600
4624,2022-07-26 15:26:00+05:30,1355.65,1355.65,1355.65,1355.65,0,3600
4625,2022-07-26 15:27:00+05:30,1355.65,1355.65,1355.65,1355.65,0,3600
4626,2022-07-26 15:28:00+05:30,1355.65,1355.65,1355.65,1355.65,0,3600
4627,2022-07-26 15:29:00+05:30,1355.65,1355.65,1355.65,1355.65,0,3600
4628,2022-07-27 09:27:00+05:30,1446.7,1446.7,1446.7,1446.7,0,3450
4629,2022-07-27 09:28:00+05:30,1446.7,1446.7,1446.7,1446.7,0,3450
4630,2022-07-27 09:29:00+05:30,1446.7,1446.7,1446.7,1446.7,0,3450
4631,2022-07-27 09:30:00+05:30,1446.7,1446.7,1446.7,1446.7,0,3450
4632,2022-07-27 09:31:00+05:30,1446.7,1459.05,1446.7,1459.05,400,3450
4633,2022-07-27 09:32:00+05:30,1459.05,1459.05,1459.05,1459.05,0,3450
4634,2022-07-27 09:33:00+05:30,1459.05,1459.05,1459.05,1459.05,0,3450
4635,2022-07-27 09:34:00+05:30,1459.05,1459.05,1459.05,1459.05,0,3450
4636,2022-07-27 09:35:00+05:30,1459.05,1459.05,1459.05,1459.05,0,3450
4637,2022-07-27 09:36:00+05:30,1459.05,1459.05,1459.05,1459.05,0,3450
4638,2022-07-27 09:37:00+05:30,1459.05,1459.05,1459.05,1459.05,0,3450
4639,2022-07-27 09:38:00+05:30,1459.05,1459.05,1459.05,1459.05,0,3450
4640,2022-07-27 09:39:00+05:30,1459.05,1459.05,1459.05,1459.05,0,3450
4641,2022-07-27 09:40:00+05:30,1459.05,1459.05,1459.05,1459.05,0,3450
4642,2022-07-27 09:41:00+05:30,1459.05,1459.05,1459.05,1459.05,0,3450
4643,2022-07-27 09:42:00+05:30,1459.05,1459.05,1459.05,1459.05,0,3450
4644,2022-07-27 09:43:00+05:30,1459.05,1459.05,1459.05,1459.05,0,3450
4645,2022-07-27 09:44:00+05:30,1459.05,1459.05,1459.05,1459.05,0,3450
4646,2022-07-27 09:45:00+05:30,1459.05,1459.05,1459.05,1459.05,0,3450
4647,2022-07-27 09:46:00+05:30,1459.05,1459.05,1459.05,1459.05,0,3450
4648,2022-07-27 09:47:00+05:30,1459.05,1459.05,1459.05,1459.05,0,3450
4649,2022-07-27 09:48:00+05:30,1459.05,1459.05,1459.05,1459.05,0,3450
4650,2022-07-27 09:49:00+05:30,1459.05,1459.05,1459.05,1459.05,0,3450
4651,2022-07-27 09:50:00+05:30,1459.05,1459.05,1459.05,1459.05,0,3450
4652,2022-07-27 09:51:00+05:30,1459.05,1459.05,1459.05,1459.05,0,3450
4653,2022-07-27 09:52:00+05:30,1459.05,1459.05,1459.05,1459.05,0,3450
4654,2022-07-27 09:53:00+05:30,1459.05,1459.05,1459.05,1459.05,0,3450
4655,2022-07-27 09:54:00+05:30,1459.05,1459.05,1459.05,1459.05,0,3450
4656,2022-07-27 09:55:00+05:30,1459.05,1459.05,1459.05,1459.05,0,3450
4657,2022-07-27 09:56:00+05:30,1459.05,1459.05,1399.55,1399.55,50,3200
4658,2022-07-27 09:57:00+05:30,1399.55,1399.55,1399.55,1399.55,0,3200
4659,2022-07-27 09:58:00+05:30,1399.55,1399.55,1399.55,1399.55,0,3200
4660,2022-07-27 09:59:00+05:30,1399.55,1399.55,1399.55,1399.55,0,3200
4661,2022-07-27 10:00:00+05:30,1399.55,1399.55,1399.55,1399.55,0,3200
4662,2022-07-27 10:01:00+05:30,1399.55,1399.55,1399.55,1399.55,0,3200
4663,2022-07-27 10:02:00+05:30,1399.55,1399.55,1399.55,1399.55,0,3200
4664,2022-07-27 10:03:00+05:30,1399.55,1399.55,1399.55,1399.55,0,3200
4665,2022-07-27 10:04:00+05:30,1399.55,1399.55,1399.55,1399.55,0,3200
4666,2022-07-27 10:05:00+05:30,1399.55,1399.55,1399.55,1399.55,0,3200
4667,2022-07-27 10:06:00+05:30,1399.55,1399.55,1399.55,1399.55,0,3200
4668,2022-07-27 10:07:00+05:30,1399.55,1399.55,1399.55,1399.55,0,3200
4669,2022-07-27 10:08:00+05:30,1399.55,1399.55,1399.55,1399.55,0,3200
4670,2022-07-27 10:09:00+05:30,1399.55,1399.55,1399.55,1399.55,0,3200
4671,2022-07-27 10:10:00+05:30,1399.55,1399.55,1399.55,1399.55,0,3200
4672,2022-07-27 10:11:00+05:30,1399.55,1399.55,1399.55,1399.55,0,3200
4673,2022-07-27 10:12:00+05:30,1399.55,1399.55,1399.55,1399.55,0,3200
4674,2022-07-27 10:13:00+05:30,1399.55,1399.55,1399.55,1399.55,0,3200
4675,2022-07-27 10:14:00+05:30,1399.55,1399.55,1399.55,1399.55,0,3200
4676,2022-07-27 10:15:00+05:30,1399.55,1399.55,1399.55,1399.55,0,3200
4677,2022-07-27 10:16:00+05:30,1399.55,1399.55,1399.55,1399.55,0,3200
4678,2022-07-27 10:17:00+05:30,1399.55,1399.55,1399.55,1399.55,0,3200
4679,2022-07-27 10:18:00+05:30,1399.55,1399.55,1399.55,1399.55,0,3200
4680,2022-07-27 10:19:00+05:30,1399.55,1399.55,1399.55,1399.55,0,3200
4681,2022-07-27 10:20:00+05:30,1399.55,1399.55,1399.55,1399.55,0,3200
4682,2022-07-27 10:21:00+05:30,1399.55,1399.55,1399.55,1399.55,0,3200
4683,2022-07-27 10:22:00+05:30,1399.55,1399.55,1399.55,1399.55,0,3200
4684,2022-07-27 10:23:00+05:30,1399.55,1399.55,1399.55,1399.55,0,3200
4685,2022-07-27 10:24:00+05:30,1399.55,1399.55,1399.55,1399.55,0,3200
4686,2022-07-27 10:25:00+05:30,1399.55,1399.55,1399.55,1399.55,0,3200
4687,2022-07-27 10:26:00+05:30,1399.55,1399.55,1399.55,1399.55,0,3200
4688,2022-07-27 10:27:00+05:30,1399.55,1399.55,1399.55,1399.55,0,3200
4689,2022-07-27 10:28:00+05:30,1399.55,1399.55,1399.55,1399.55,0,3200
4690,2022-07-27 10:29:00+05:30,1399.55,1399.55,1399.55,1399.55,0,3200
4691,2022-07-27 10:30:00+05:30,1399.55,1399.55,1399.55,1399.55,0,3200
4692,2022-07-27 10:31:00+05:30,1399.55,1399.55,1399.55,1399.55,0,3200
4693,2022-07-27 10:32:00+05:30,1399.55,1399.55,1399.55,1399.55,0,3200
4694,2022-07-27 10:33:00+05:30,1399.55,1399.55,1399.55,1399.55,0,3200
4695,2022-07-27 10:34:00+05:30,1399.55,1399.55,1399.55,1399.55,0,3200
4696,2022-07-27 10:35:00+05:30,1399.55,1399.55,1399.55,1399.55,0,3200
4697,2022-07-27 10:36:00+05:30,1399.55,1399.55,1399.55,1399.55,0,3200
4698,2022-07-27 10:37:00+05:30,1399.55,1399.55,1359.65,1359.65,50,3150
4699,2022-07-27 10:38:00+05:30,1359.65,1359.65,1359.65,1359.65,0,3150
4700,2022-07-27 10:39:00+05:30,1359.65,1359.65,1359.65,1359.65,0,3150
4701,2022-07-27 10:40:00+05:30,1359.65,1359.65,1359.65,1359.65,0,3150
4702,2022-07-27 10:41:00+05:30,1359.65,1359.65,1359.65,1359.65,0,3150
4703,2022-07-27 10:42:00+05:30,1359.65,1359.65,1359.65,1359.65,0,3150
4704,2022-07-27 10:43:00+05:30,1359.65,1359.65,1359.65,1359.65,0,3150
4705,2022-07-27 10:44:00+05:30,1359.65,1359.65,1359.65,1359.65,0,3150
4706,2022-07-27 10:45:00+05:30,1359.65,1359.65,1359.65,1359.65,0,3150
4707,2022-07-27 10:46:00+05:30,1359.65,1359.65,1359.65,1359.65,0,3150
4708,2022-07-27 10:47:00+05:30,1359.65,1359.65,1359.65,1359.65,0,3150
4709,2022-07-27 10:48:00+05:30,1359.65,1359.65,1359.65,1359.65,0,3150
4710,2022-07-27 10:49:00+05:30,1359.65,1359.65,1359.65,1359.65,0,3150
4711,2022-07-27 10:50:00+05:30,1359.65,1359.65,1359.65,1359.65,0,3150
4712,2022-07-27 10:51:00+05:30,1359.65,1359.65,1359.65,1359.65,0,3150
4713,2022-07-27 10:52:00+05:30,1359.65,1359.65,1359.65,1359.65,0,3150
4714,2022-07-27 10:53:00+05:30,1359.65,1359.65,1359.65,1359.65,0,3150
4715,2022-07-27 10:54:00+05:30,1359.65,1359.65,1359.65,1359.65,0,3150
4716,2022-07-27 10:55:00+05:30,1359.65,1359.65,1359.65,1359.65,0,3150
4717,2022-07-27 10:56:00+05:30,1359.65,1359.65,1359.65,1359.65,0,3150
4718,2022-07-27 10:57:00+05:30,1359.65,1359.65,1359.65,1359.65,0,3150
4719,2022-07-27 10:58:00+05:30,1359.65,1359.65,1359.65,1359.65,0,3150
4720,2022-07-27 10:59:00+05:30,1359.65,1359.65,1359.65,1359.65,0,3150
4721,2022-07-27 11:00:00+05:30,1359.65,1359.65,1359.65,1359.65,0,3150
4722,2022-07-27 11:01:00+05:30,1359.65,1359.65,1359.65,1359.65,0,3150
4723,2022-07-27 11:02:00+05:30,1359.65,1359.65,1359.65,1359.65,0,3150
4724,2022-07-27 11:03:00+05:30,1359.65,1359.65,1359.65,1359.65,0,3150
4725,2022-07-27 11:04:00+05:30,1359.65,1359.65,1359.65,1359.65,0,3150
4726,2022-07-27 11:05:00+05:30,1359.65,1359.65,1359.65,1359.65,0,3150
4727,2022-07-27 11:06:00+05:30,1359.65,1359.65,1359.65,1359.65,0,3150
4728,2022-07-27 11:07:00+05:30,1359.65,1359.65,1359.65,1359.65,0,3150
4729,2022-07-27 11:08:00+05:30,1359.65,1359.65,1359.65,1359.65,0,3150
4730,2022-07-27 11:09:00+05:30,1359.65,1359.65,1359.65,1359.65,0,3150
4731,2022-07-27 11:10:00+05:30,1359.65,1359.65,1359.65,1359.65,0,3150
4732,2022-07-27 11:11:00+05:30,1359.65,1359.65,1359.65,1359.65,0,3150
4733,2022-07-27 11:12:00+05:30,1359.65,1359.65,1359.65,1359.65,0,3150
4734,2022-07-27 11:13:00+05:30,1359.65,1359.65,1359.65,1359.65,0,3150
4735,2022-07-27 11:14:00+05:30,1359.65,1359.65,1359.65,1359.65,0,3150
4736,2022-07-27 11:15:00+05:30,1359.65,1359.65,1359.65,1359.65,0,3150
4737,2022-07-27 11:16:00+05:30,1359.65,1359.65,1359.65,1359.65,0,3150
4738,2022-07-27 11:17:00+05:30,1359.65,1359.65,1359.65,1359.65,0,3150
4739,2022-07-27 11:18:00+05:30,1359.65,1359.65,1359.65,1359.65,0,3150
4740,2022-07-27 11:19:00+05:30,1359.65,1359.65,1359.65,1359.65,0,3150
4741,2022-07-27 11:20:00+05:30,1359.65,1359.65,1359.65,1359.65,0,3150
4742,2022-07-27 11:21:00+05:30,1359.65,1359.65,1359.65,1359.65,0,3150
4743,2022-07-27 11:22:00+05:30,1359.65,1359.65,1359.65,1359.65,0,3150
4744,2022-07-27 11:23:00+05:30,1359.65,1359.65,1359.65,1359.65,0,3150
4745,2022-07-27 11:24:00+05:30,1359.65,1359.65,1359.65,1359.65,0,3150
4746,2022-07-27 11:25:00+05:30,1359.65,1359.65,1359.65,1359.65,0,3150
4747,2022-07-27 11:26:00+05:30,1359.65,1359.65,1359.65,1359.65,0,3150
4748,2022-07-27 11:27:00+05:30,1359.65,1359.65,1359.65,1359.65,0,3150
4749,2022-07-27 11:28:00+05:30,1359.65,1359.65,1359.65,1359.65,0,3150
4750,2022-07-27 11:29:00+05:30,1359.65,1359.65,1359.65,1359.65,0,3150
4751,2022-07-27 11:30:00+05:30,1359.65,1359.65,1359.65,1359.65,0,3150
4752,2022-07-27 11:31:00+05:30,1359.65,1359.65,1359.65,1359.65,0,3150
4753,2022-07-27 11:32:00+05:30,1359.65,1359.65,1359.65,1359.65,0,3150
4754,2022-07-27 11:33:00+05:30,1359.65,1359.65,1359.65,1359.65,0,3150
4755,2022-07-27 11:34:00+05:30,1359.65,1359.65,1359.65,1359.65,0,3150
4756,2022-07-27 11:35:00+05:30,1359.65,1359.65,1359.65,1359.65,0,3150
4757,2022-07-27 11:36:00+05:30,1359.65,1359.65,1359.65,1359.65,0,3150
4758,2022-07-27 11:37:00+05:30,1359.65,1359.65,1359.65,1359.65,0,3150
4759,2022-07-27 11:38:00+05:30,1359.65,1359.65,1359.65,1359.65,0,3150
4760,2022-07-27 11:39:00+05:30,1359.65,1359.65,1359.65,1359.65,0,3150
4761,2022-07-27 11:40:00+05:30,1359.65,1359.65,1359.65,1359.65,0,3150
4762,2022-07-27 11:41:00+05:30,1359.65,1359.65,1359.65,1359.65,0,3150
4763,2022-07-27 11:42:00+05:30,1359.65,1359.65,1359.65,1359.65,0,3150
4764,2022-07-27 11:43:00+05:30,1359.65,1359.65,1359.65,1359.65,0,3150
4765,2022-07-27 11:44:00+05:30,1359.65,1359.65,1359.65,1359.65,0,3150
4766,2022-07-27 11:45:00+05:30,1359.65,1359.65,1359.65,1359.65,0,3150
4767,2022-07-27 11:46:00+05:30,1359.65,1359.65,1359.65,1359.65,0,3150
4768,2022-07-27 11:47:00+05:30,1359.65,1359.65,1359.65,1359.65,0,3150
4769,2022-07-27 11:48:00+05:30,1359.65,1359.65,1359.65,1359.65,0,3150
4770,2022-07-27 11:49:00+05:30,1359.65,1359.65,1359.65,1359.65,0,3150
4771,2022-07-27 11:50:00+05:30,1359.65,1359.65,1359.65,1359.65,0,3150
4772,2022-07-27 11:51:00+05:30,1359.65,1359.65,1359.65,1359.65,0,3150
4773,2022-07-27 11:52:00+05:30,1359.65,1359.65,1359.65,1359.65,0,3150
4774,2022-07-27 11:53:00+05:30,1359.65,1359.65,1359.65,1359.65,0,3150
4775,2022-07-27 11:54:00+05:30,1359.65,1359.65,1359.65,1359.65,0,3150
4776,2022-07-27 11:55:00+05:30,1359.65,1359.65,1359.65,1359.65,0,3150
4777,2022-07-27 11:56:00+05:30,1359.65,1359.65,1359.65,1359.65,0,3150
4778,2022-07-27 11:57:00+05:30,1359.65,1359.65,1359.65,1359.65,0,3150
4779,2022-07-27 11:58:00+05:30,1359.65,1359.65,1359.65,1359.65,0,3150
4780,2022-07-27 11:59:00+05:30,1359.65,1359.65,1359.65,1359.65,0,3150
4781,2022-07-27 12:00:00+05:30,1359.65,1359.65,1359.65,1359.65,0,3150
4782,2022-07-27 12:01:00+05:30,1359.65,1359.65,1359.65,1359.65,0,3150
4783,2022-07-27 12:02:00+05:30,1359.65,1359.65,1359.65,1359.65,0,3150
4784,2022-07-27 12:03:00+05:30,1359.65,1359.65,1359.65,1359.65,0,3150
4785,2022-07-27 12:04:00+05:30,1359.65,1359.65,1359.65,1359.65,0,3150
4786,2022-07-27 12:05:00+05:30,1359.65,1359.65,1359.65,1359.65,0,3150
4787,2022-07-27 12:06:00+05:30,1359.65,1359.65,1359.65,1359.65,0,3150
4788,2022-07-27 12:07:00+05:30,1359.65,1359.65,1359.65,1359.65,0,3150
4789,2022-07-27 12:08:00+05:30,1359.65,1359.65,1359.65,1359.65,0,3150
4790,2022-07-27 12:09:00+05:30,1359.65,1359.65,1359.65,1359.65,0,3150
4791,2022-07-27 12:10:00+05:30,1359.65,1359.65,1359.65,1359.65,0,3150
4792,2022-07-27 12:11:00+05:30,1359.65,1359.65,1359.65,1359.65,0,3150
4793,2022-07-27 12:12:00+05:30,1359.65,1359.65,1359.65,1359.65,0,3150
4794,2022-07-27 12:13:00+05:30,1359.65,1359.65,1359.65,1359.65,0,3150
4795,2022-07-27 12:14:00+05:30,1359.65,1359.65,1359.65,1359.65,0,3150
4796,2022-07-27 12:15:00+05:30,1359.65,1359.65,1359.65,1359.65,0,3150
4797,2022-07-27 12:16:00+05:30,1359.65,1359.65,1359.65,1359.65,0,3150
4798,2022-07-27 12:17:00+05:30,1359.65,1359.65,1359.65,1359.65,0,3150
4799,2022-07-27 12:18:00+05:30,1359.65,1359.65,1359.65,1359.65,0,3150
4800,2022-07-27 12:19:00+05:30,1359.65,1359.65,1359.65,1359.65,0,3150
4801,2022-07-27 12:20:00+05:30,1359.65,1359.65,1359.65,1359.65,0,3150
4802,2022-07-27 12:21:00+05:30,1359.65,1359.65,1359.65,1359.65,0,3150
4803,2022-07-27 12:22:00+05:30,1359.65,1359.65,1359.65,1359.65,0,3150
4804,2022-07-27 12:23:00+05:30,1359.65,1359.65,1359.65,1359.65,0,3150
4805,2022-07-27 12:24:00+05:30,1359.65,1359.65,1359.65,1359.65,0,3150
4806,2022-07-27 12:25:00+05:30,1359.65,1359.65,1359.65,1359.65,0,3150
4807,2022-07-27 12:26:00+05:30,1359.65,1359.65,1359.65,1359.65,0,3150
4808,2022-07-27 12:27:00+05:30,1359.65,1359.65,1359.65,1359.65,0,3150
4809,2022-07-27 12:28:00+05:30,1359.65,1359.65,1359.65,1359.65,0,3150
4810,2022-07-27 12:29:00+05:30,1359.65,1359.65,1359.65,1359.65,0,3150
4811,2022-07-27 12:30:00+05:30,1359.65,1359.65,1359.65,1359.65,0,3150
4812,2022-07-27 12:31:00+05:30,1359.65,1359.65,1359.65,1359.65,0,3150
4813,2022-07-27 12:32:00+05:30,1359.65,1359.65,1359.65,1359.65,0,3150
4814,2022-07-27 12:33:00+05:30,1359.65,1359.65,1359.65,1359.65,0,3150
4815,2022-07-27 12:34:00+05:30,1359.65,1359.65,1359.65,1359.65,0,3150
4816,2022-07-27 12:35:00+05:30,1359.65,1359.65,1359.65,1359.65,0,3150
4817,2022-07-27 12:36:00+05:30,1359.65,1359.65,1359.65,1359.65,0,3150
4818,2022-07-27 12:37:00+05:30,1359.65,1359.65,1359.65,1359.65,0,3150
4819,2022-07-27 12:38:00+05:30,1359.65,1359.65,1359.65,1359.65,0,3150
4820,2022-07-27 12:39:00+05:30,1359.65,1359.65,1359.65,1359.65,0,3150
4821,2022-07-27 12:40:00+05:30,1359.65,1359.65,1359.65,1359.65,0,3150
4822,2022-07-27 12:41:00+05:30,1359.65,1359.65,1359.65,1359.65,0,3150
4823,2022-07-27 12:42:00+05:30,1359.65,1359.65,1359.65,1359.65,0,3150
4824,2022-07-27 12:43:00+05:30,1359.65,1359.65,1359.65,1359.65,0,3150
4825,2022-07-27 12:44:00+05:30,1359.65,1359.65,1359.65,1359.65,0,3150
4826,2022-07-27 12:45:00+05:30,1359.65,1359.65,1359.65,1359.65,0,3150
4827,2022-07-27 12:46:00+05:30,1359.65,1359.65,1359.65,1359.65,0,3150
4828,2022-07-27 12:47:00+05:30,1359.65,1359.65,1359.65,1359.65,0,3150
4829,2022-07-27 12:48:00+05:30,1359.65,1359.65,1359.65,1359.65,0,3150
4830,2022-07-27 12:49:00+05:30,1359.65,1359.65,1359.65,1359.65,0,3150
4831,2022-07-27 12:50:00+05:30,1359.65,1359.65,1359.65,1359.65,0,3150
4832,2022-07-27 12:51:00+05:30,1359.65,1359.65,1359.65,1359.65,0,3150
4833,2022-07-27 12:52:00+05:30,1359.65,1359.65,1359.65,1359.65,0,3150
4834,2022-07-27 12:53:00+05:30,1359.65,1359.65,1359.65,1359.65,0,3150
4835,2022-07-27 12:54:00+05:30,1359.65,1359.65,1359.65,1359.65,0,3150
4836,2022-07-27 12:55:00+05:30,1359.65,1359.65,1359.65,1359.65,0,3150
4837,2022-07-27 12:56:00+05:30,1359.65,1359.65,1359.65,1359.65,0,3150
4838,2022-07-27 12:57:00+05:30,1359.65,1359.65,1359.65,1359.65,0,3150
4839,2022-07-27 12:58:00+05:30,1359.65,1359.65,1359.65,1359.65,0,3150
4840,2022-07-27 12:59:00+05:30,1359.65,1359.65,1292.4,1292.4,50,3100
4841,2022-07-27 13:00:00+05:30,1292.4,1292.4,1292.4,1292.4,0,3100
4842,2022-07-27 13:01:00+05:30,1292.4,1292.4,1292.4,1292.4,0,3100
4843,2022-07-27 13:02:00+05:30,1292.4,1292.4,1292.4,1292.4,0,3100
4844,2022-07-27 13:03:00+05:30,1292.4,1292.4,1292.4,1292.4,0,3100
4845,2022-07-27 13:04:00+05:30,1292.4,1292.4,1292.4,1292.4,0,3100
4846,2022-07-27 13:05:00+05:30,1292.4,1292.4,1292.4,1292.4,0,3100
4847,2022-07-27 13:06:00+05:30,1292.4,1292.4,1292.4,1292.4,0,3100
4848,2022-07-27 13:07:00+05:30,1292.4,1292.4,1292.4,1292.4,0,3100
4849,2022-07-27 13:08:00+05:30,1292.4,1292.4,1292.4,1292.4,0,3100
4850,2022-07-27 13:09:00+05:30,1292.4,1292.4,1292.4,1292.4,0,3100
4851,2022-07-27 13:10:00+05:30,1292.4,1292.4,1292.4,1292.4,0,3100
4852,2022-07-27 13:11:00+05:30,1292.4,1292.4,1292.4,1292.4,0,3100
4853,2022-07-27 13:12:00+05:30,1292.4,1292.4,1292.4,1292.4,0,3100
4854,2022-07-27 13:13:00+05:30,1292.4,1292.4,1292.4,1292.4,0,3100
4855,2022-07-27 13:14:00+05:30,1292.4,1292.4,1292.4,1292.4,0,3100
4856,2022-07-27 13:15:00+05:30,1292.4,1292.4,1292.4,1292.4,0,3100
4857,2022-07-27 13:16:00+05:30,1292.4,1292.4,1292.4,1292.4,0,3100
4858,2022-07-27 13:17:00+05:30,1292.4,1292.4,1292.4,1292.4,0,3100
4859,2022-07-27 13:18:00+05:30,1292.4,1292.4,1292.4,1292.4,0,3100
4860,2022-07-27 13:19:00+05:30,1292.4,1292.4,1292.4,1292.4,0,3100
4861,2022-07-27 13:20:00+05:30,1292.4,1292.4,1292.4,1292.4,0,3100
4862,2022-07-27 13:21:00+05:30,1292.4,1292.4,1292.4,1292.4,0,3100
4863,2022-07-27 13:22:00+05:30,1292.4,1292.4,1292.4,1292.4,0,3100
4864,2022-07-27 13:23:00+05:30,1292.4,1292.4,1292.4,1292.4,0,3100
4865,2022-07-27 13:24:00+05:30,1292.4,1292.4,1292.4,1292.4,0,3100
4866,2022-07-27 13:25:00+05:30,1292.4,1292.4,1292.4,1292.4,0,3100
4867,2022-07-27 13:26:00+05:30,1292.4,1292.4,1292.4,1292.4,0,3100
4868,2022-07-27 13:27:00+05:30,1292.4,1292.4,1292.4,1292.4,0,3100
4869,2022-07-27 13:28:00+05:30,1292.4,1292.4,1292.4,1292.4,0,3100
4870,2022-07-27 13:29:00+05:30,1292.4,1292.4,1292.4,1292.4,0,3100
4871,2022-07-27 13:30:00+05:30,1292.4,1292.4,1292.4,1292.4,0,3100
4872,2022-07-27 13:31:00+05:30,1292.4,1292.4,1292.4,1292.4,0,3100
4873,2022-07-27 13:32:00+05:30,1292.4,1292.4,1282.0,1282.0,50,3050
4874,2022-07-27 13:33:00+05:30,1282.0,1282.0,1282.0,1282.0,0,3050
4875,2022-07-27 13:34:00+05:30,1282.0,1282.0,1282.0,1282.0,0,3050
4876,2022-07-27 13:35:00+05:30,1282.0,1282.0,1282.0,1282.0,0,3050
4877,2022-07-27 13:36:00+05:30,1282.0,1282.0,1282.0,1282.0,0,3050
4878,2022-07-27 13:37:00+05:30,1282.0,1282.0,1282.0,1282.0,0,3050
4879,2022-07-27 13:38:00+05:30,1282.0,1282.0,1282.0,1282.0,0,3050
4880,2022-07-27 13:39:00+05:30,1282.0,1282.0,1282.0,1282.0,0,3050
4881,2022-07-27 13:40:00+05:30,1282.0,1282.0,1282.0,1282.0,0,3050
4882,2022-07-27 13:41:00+05:30,1282.0,1282.0,1282.0,1282.0,0,3050
4883,2022-07-27 13:42:00+05:30,1282.0,1282.0,1282.0,1282.0,0,3050
4884,2022-07-27 13:43:00+05:30,1282.0,1282.0,1282.0,1282.0,0,3050
4885,2022-07-27 13:44:00+05:30,1282.0,1282.0,1282.0,1282.0,0,3050
4886,2022-07-27 13:45:00+05:30,1282.0,1282.0,1282.0,1282.0,0,3050
4887,2022-07-27 13:46:00+05:30,1282.0,1282.0,1282.0,1282.0,0,3050
4888,2022-07-27 13:47:00+05:30,1282.0,1282.0,1282.0,1282.0,0,3050
4889,2022-07-27 13:48:00+05:30,1282.0,1282.0,1282.0,1282.0,0,3050
4890,2022-07-27 13:49:00+05:30,1282.0,1282.0,1282.0,1282.0,0,3050
4891,2022-07-27 13:50:00+05:30,1282.0,1282.0,1282.0,1282.0,0,3050
4892,2022-07-27 13:51:00+05:30,1282.0,1282.0,1282.0,1282.0,0,3050
4893,2022-07-27 13:52:00+05:30,1282.0,1282.0,1282.0,1282.0,0,3050
4894,2022-07-27 13:53:00+05:30,1282.0,1282.0,1282.0,1282.0,0,3050
4895,2022-07-27 13:54:00+05:30,1282.0,1282.0,1282.0,1282.0,0,3050
4896,2022-07-27 13:55:00+05:30,1282.0,1282.0,1282.0,1282.0,0,3050
4897,2022-07-27 13:56:00+05:30,1282.0,1282.0,1282.0,1282.0,0,3050
4898,2022-07-27 13:57:00+05:30,1282.0,1282.0,1282.0,1282.0,0,3050
4899,2022-07-27 13:58:00+05:30,1282.0,1282.0,1282.0,1282.0,0,3050
4900,2022-07-27 13:59:00+05:30,1282.0,1282.0,1282.0,1282.0,0,3050
4901,2022-07-27 14:00:00+05:30,1282.0,1282.0,1282.0,1282.0,0,3050
4902,2022-07-27 14:01:00+05:30,1282.0,1282.0,1282.0,1282.0,0,3050
4903,2022-07-27 14:02:00+05:30,1282.0,1282.0,1282.0,1282.0,0,3050
4904,2022-07-27 14:03:00+05:30,1282.0,1282.0,1282.0,1282.0,0,3050
4905,2022-07-27 14:04:00+05:30,1282.0,1282.0,1282.0,1282.0,0,3050
4906,2022-07-27 14:05:00+05:30,1282.0,1282.0,1282.0,1282.0,0,3050
4907,2022-07-27 14:06:00+05:30,1282.0,1282.0,1282.0,1282.0,0,3050
4908,2022-07-27 14:07:00+05:30,1282.0,1282.0,1282.0,1282.0,0,3050
4909,2022-07-27 14:08:00+05:30,1282.0,1282.0,1282.0,1282.0,0,3050
4910,2022-07-27 14:09:00+05:30,1282.0,1282.0,1282.0,1282.0,0,3050
4911,2022-07-27 14:10:00+05:30,1282.0,1282.0,1282.0,1282.0,0,3050
4912,2022-07-27 14:11:00+05:30,1282.0,1282.0,1282.0,1282.0,0,3050
4913,2022-07-27 14:12:00+05:30,1282.0,1282.0,1282.0,1282.0,0,3050
4914,2022-07-27 14:13:00+05:30,1282.0,1282.0,1282.0,1282.0,0,3050
4915,2022-07-27 14:14:00+05:30,1282.0,1282.0,1282.0,1282.0,0,3050
4916,2022-07-27 14:15:00+05:30,1282.0,1282.0,1282.0,1282.0,0,3050
4917,2022-07-27 14:16:00+05:30,1282.0,1282.0,1282.0,1282.0,0,3050
4918,2022-07-27 14:17:00+05:30,1282.0,1282.0,1282.0,1282.0,0,3050
4919,2022-07-27 14:18:00+05:30,1282.0,1282.0,1282.0,1282.0,0,3050
4920,2022-07-27 14:19:00+05:30,1282.0,1282.0,1282.0,1282.0,0,3050
4921,2022-07-27 14:20:00+05:30,1282.0,1282.0,1282.0,1282.0,0,3050
4922,2022-07-27 14:21:00+05:30,1282.0,1282.0,1282.0,1282.0,0,3050
4923,2022-07-27 14:22:00+05:30,1282.0,1282.0,1282.0,1282.0,0,3050
4924,2022-07-27 14:23:00+05:30,1282.0,1282.0,1282.0,1282.0,0,3050
4925,2022-07-27 14:24:00+05:30,1282.0,1282.0,1282.0,1282.0,0,3050
4926,2022-07-27 14:25:00+05:30,1282.0,1282.0,1282.0,1282.0,0,3050
4927,2022-07-27 14:26:00+05:30,1282.0,1282.0,1282.0,1282.0,0,3050
4928,2022-07-27 14:27:00+05:30,1282.0,1282.0,1282.0,1282.0,0,3050
4929,2022-07-27 14:28:00+05:30,1282.0,1282.0,1282.0,1282.0,0,3050
4930,2022-07-27 14:29:00+05:30,1282.0,1282.0,1282.0,1282.0,0,3050
4931,2022-07-27 14:30:00+05:30,1282.0,1282.0,1282.0,1282.0,0,3050
4932,2022-07-27 14:31:00+05:30,1282.0,1282.0,1282.0,1282.0,0,3050
4933,2022-07-27 14:32:00+05:30,1282.0,1282.0,1282.0,1282.0,0,3050
4934,2022-07-27 14:33:00+05:30,1282.0,1282.0,1282.0,1282.0,0,3050
4935,2022-07-27 14:34:00+05:30,1282.0,1282.0,1282.0,1282.0,0,3050
4936,2022-07-27 14:35:00+05:30,1282.0,1282.0,1282.0,1282.0,0,3050
4937,2022-07-27 14:36:00+05:30,1282.0,1282.0,1282.0,1282.0,0,3050
4938,2022-07-27 14:37:00+05:30,1282.0,1282.0,1282.0,1282.0,0,3050
4939,2022-07-27 14:38:00+05:30,1282.0,1282.0,1282.0,1282.0,0,3050
4940,2022-07-27 14:39:00+05:30,1282.0,1282.0,1282.0,1282.0,0,3050
4941,2022-07-27 14:40:00+05:30,1282.0,1282.0,1282.0,1282.0,0,3050
4942,2022-07-27 14:41:00+05:30,1282.0,1282.0,1282.0,1282.0,0,3050
4943,2022-07-27 14:42:00+05:30,1282.0,1282.0,1282.0,1282.0,0,3050
4944,2022-07-27 14:43:00+05:30,1282.0,1282.0,1282.0,1282.0,0,3050
4945,2022-07-27 14:44:00+05:30,1282.0,1282.0,1282.0,1282.0,0,3050
4946,2022-07-27 14:45:00+05:30,1282.0,1282.0,1282.0,1282.0,0,3050
4947,2022-07-27 14:46:00+05:30,1282.0,1282.0,1282.0,1282.0,0,3050
4948,2022-07-27 14:47:00+05:30,1282.0,1282.0,1282.0,1282.0,0,3050
4949,2022-07-27 14:48:00+05:30,1282.0,1282.0,1282.0,1282.0,0,3050
4950,2022-07-27 14:49:00+05:30,1282.0,1282.0,1282.0,1282.0,0,3050
4951,2022-07-27 14:50:00+05:30,1282.0,1282.0,1282.0,1282.0,0,3050
4952,2022-07-27 14:51:00+05:30,1282.0,1282.0,1282.0,1282.0,0,3050
4953,2022-07-27 14:52:00+05:30,1282.0,1282.0,1282.0,1282.0,0,3050
4954,2022-07-27 14:53:00+05:30,1282.0,1282.0,1282.0,1282.0,0,3050
4955,2022-07-27 14:54:00+05:30,1282.0,1282.0,1282.0,1282.0,0,3050
4956,2022-07-27 14:55:00+05:30,1282.0,1282.0,1282.0,1282.0,0,3050
4957,2022-07-27 14:56:00+05:30,1282.0,1282.0,1282.0,1282.0,0,3050
4958,2022-07-27 14:57:00+05:30,1282.0,1282.0,1282.0,1282.0,0,3050
4959,2022-07-27 14:58:00+05:30,1282.0,1282.0,1282.0,1282.0,0,3050
4960,2022-07-27 14:59:00+05:30,1282.0,1282.0,1282.0,1282.0,0,3050
4961,2022-07-27 15:00:00+05:30,1282.0,1282.0,1282.0,1282.0,0,3050
4962,2022-07-27 15:01:00+05:30,1282.0,1282.0,1282.0,1282.0,0,3050
4963,2022-07-27 15:02:00+05:30,1282.0,1282.0,1282.0,1282.0,0,3050
4964,2022-07-27 15:03:00+05:30,1282.0,1282.0,1282.0,1282.0,0,3050
4965,2022-07-27 15:04:00+05:30,1282.0,1282.0,1282.0,1282.0,0,3050
4966,2022-07-27 15:05:00+05:30,1282.0,1282.0,1282.0,1282.0,0,3050
4967,2022-07-27 15:06:00+05:30,1282.0,1282.0,1282.0,1282.0,0,3050
4968,2022-07-27 15:07:00+05:30,1282.0,1282.0,1282.0,1282.0,0,3050
4969,2022-07-27 15:08:00+05:30,1282.0,1282.0,1282.0,1282.0,0,3050
4970,2022-07-27 15:09:00+05:30,1282.0,1282.0,1282.0,1282.0,0,3050
4971,2022-07-27 15:10:00+05:30,1282.0,1282.0,1282.0,1282.0,0,3050
4972,2022-07-27 15:11:00+05:30,1282.0,1282.0,1282.0,1282.0,0,3050
4973,2022-07-27 15:12:00+05:30,1282.0,1282.0,1282.0,1282.0,0,3050
4974,2022-07-27 15:13:00+05:30,1282.0,1282.0,1282.0,1282.0,0,3050
4975,2022-07-27 15:14:00+05:30,1282.0,1282.0,1282.0,1282.0,0,3050
4976,2022-07-27 15:15:00+05:30,1282.0,1282.0,1282.0,1282.0,0,3050
4977,2022-07-27 15:16:00+05:30,1282.0,1282.0,1282.0,1282.0,0,3050
4978,2022-07-27 15:17:00+05:30,1282.0,1282.0,1282.0,1282.0,0,3050
4979,2022-07-27 15:18:00+05:30,1282.0,1282.0,1282.0,1282.0,0,3050
4980,2022-07-27 15:19:00+05:30,1282.0,1282.0,1282.0,1282.0,0,3050
4981,2022-07-27 15:20:00+05:30,1282.0,1282.0,1282.0,1282.0,0,3050
4982,2022-07-27 15:21:00+05:30,1282.0,1282.0,1282.0,1282.0,0,3050
4983,2022-07-27 15:22:00+05:30,1282.0,1282.0,1282.0,1282.0,0,3050
4984,2022-07-27 15:23:00+05:30,1282.0,1282.0,1282.0,1282.0,0,3050
4985,2022-07-27 15:24:00+05:30,1282.0,1282.0,1282.0,1282.0,0,3050
4986,2022-07-27 15:25:00+05:30,1282.0,1282.0,1282.0,1282.0,0,3050
4987,2022-07-27 15:26:00+05:30,1282.0,1282.0,1282.0,1282.0,0,3050
4988,2022-07-27 15:27:00+05:30,1282.0,1282.0,1282.0,1282.0,0,3050
4989,2022-07-27 15:28:00+05:30,1282.0,1282.0,1282.0,1282.0,0,3050
4990,2022-07-27 15:29:00+05:30,1282.0,1282.0,1282.0,1282.0,0,3050
4991,2022-07-28 09:15:00+05:30,1123.15,1123.15,1123.15,1123.15,0,0
4992,2022-07-28 09:16:00+05:30,1123.2,1123.2,1123.2,1123.2,0,3000
4993,2022-07-28 09:17:00+05:30,1123.2,1123.2,1123.2,1123.2,0,3000
4994,2022-07-28 09:18:00+05:30,1123.2,1123.2,1123.2,1123.2,0,3000
4995,2022-07-28 09:19:00+05:30,1123.2,1126.7,1123.2,1126.7,500,3500
4996,2022-07-28 09:20:00+05:30,1126.7,1126.7,1126.7,1126.7,0,3500
4997,2022-07-28 09:21:00+05:30,1126.7,1126.7,1126.7,1126.7,0,3500
4998,2022-07-28 09:22:00+05:30,1126.7,1126.7,1126.7,1126.7,0,3500
4999,2022-07-28 09:23:00+05:30,1126.7,1126.7,1126.7,1126.7,0,3500
5000,2022-07-28 09:24:00+05:30,1126.7,1126.7,1126.7,1126.7,0,3500
5001,2022-07-28 09:25:00+05:30,1126.7,1126.7,1126.7,1126.7,0,3500
5002,2022-07-28 09:26:00+05:30,1126.7,1126.7,1126.7,1126.7,0,3500
5003,2022-07-28 09:27:00+05:30,1126.7,1126.7,1126.7,1126.7,0,3500
5004,2022-07-28 09:28:00+05:30,1126.7,1126.7,1126.7,1126.7,0,3500
5005,2022-07-28 09:29:00+05:30,1126.7,1126.7,1120.0,1120.0,50,3200
5006,2022-07-28 09:30:00+05:30,1120.0,1120.0,1120.0,1120.0,0,3200
5007,2022-07-28 09:31:00+05:30,1120.0,1120.0,1120.0,1120.0,0,3200
5008,2022-07-28 09:32:00+05:30,1120.0,1120.0,1120.0,1120.0,0,3200
5009,2022-07-28 09:33:00+05:30,1120.0,1120.0,1120.0,1120.0,0,3200
5010,2022-07-28 09:34:00+05:30,1120.0,1120.0,1120.0,1120.0,0,3200
5011,2022-07-28 09:35:00+05:30,1120.0,1142.15,1120.0,1142.15,50,3150
5012,2022-07-28 09:36:00+05:30,1142.15,1152.75,1142.15,1152.75,100,3100
5013,2022-07-28 09:37:00+05:30,1152.75,1152.75,1152.75,1152.75,0,3100
5014,2022-07-28 09:38:00+05:30,1152.75,1152.75,1140.0,1140.0,50,3100
5015,2022-07-28 09:39:00+05:30,1140.0,1140.0,1140.0,1140.0,0,3100
5016,2022-07-28 09:40:00+05:30,1140.0,1140.0,1140.0,1140.0,0,3100
5017,2022-07-28 09:41:00+05:30,1140.0,1140.0,1140.0,1140.0,0,3100
5018,2022-07-28 09:42:00+05:30,1140.0,1140.0,1140.0,1140.0,0,3100
5019,2022-07-28 09:43:00+05:30,1140.0,1140.0,1140.0,1140.0,0,3100
5020,2022-07-28 09:44:00+05:30,1140.0,1146.3,1140.0,1146.3,100,3050
5021,2022-07-28 09:45:00+05:30,1146.3,1146.3,1146.3,1146.3,0,3050
5022,2022-07-28 09:46:00+05:30,1146.3,1146.3,1146.3,1146.3,0,3050
5023,2022-07-28 09:47:00+05:30,1146.3,1146.3,1146.3,1146.3,0,3050
5024,2022-07-28 09:48:00+05:30,1146.3,1146.3,1122.8,1122.8,50,3050
5025,2022-07-28 09:49:00+05:30,1122.8,1122.8,1122.8,1122.8,0,3050
5026,2022-07-28 09:50:00+05:30,1122.8,1122.8,1122.8,1122.8,0,3050
5027,2022-07-28 09:51:00+05:30,1122.8,1122.8,1122.8,1122.8,0,3050
5028,2022-07-28 09:52:00+05:30,1122.8,1122.8,1122.8,1122.8,0,3050
5029,2022-07-28 09:53:00+05:30,1122.8,1122.8,1122.8,1122.8,0,3050
5030,2022-07-28 09:54:00+05:30,1122.8,1122.8,1122.8,1122.8,0,3050
5031,2022-07-28 09:55:00+05:30,1122.8,1122.8,1122.8,1122.8,0,3050
5032,2022-07-28 09:56:00+05:30,1122.8,1122.8,1122.8,1122.8,0,3050
5033,2022-07-28 09:57:00+05:30,1122.8,1122.8,1122.8,1122.8,0,3050
5034,2022-07-28 09:58:00+05:30,1122.8,1122.8,1122.8,1122.8,0,3050
5035,2022-07-28 09:59:00+05:30,1122.8,1122.8,1122.8,1122.8,0,3050
5036,2022-07-28 10:00:00+05:30,1122.8,1122.8,1122.8,1122.8,0,3050
5037,2022-07-28 10:01:00+05:30,1122.8,1122.8,1122.8,1122.8,0,3050
5038,2022-07-28 10:02:00+05:30,1122.8,1122.8,1122.8,1122.8,0,3050
5039,2022-07-28 10:03:00+05:30,1122.8,1122.8,1094.05,1094.05,50,3050
5040,2022-07-28 10:04:00+05:30,1094.05,1094.05,1094.05,1094.05,0,3050
5041,2022-07-28 10:05:00+05:30,1094.05,1094.05,1094.05,1094.05,0,3050
5042,2022-07-28 10:06:00+05:30,1094.05,1094.05,1090.0,1090.0,50,3000
5043,2022-07-28 10:07:00+05:30,1090.0,1090.0,1090.0,1090.0,0,3000
5044,2022-07-28 10:08:00+05:30,1090.0,1090.0,1090.0,1090.0,0,3000
5045,2022-07-28 10:09:00+05:30,1090.0,1090.0,1090.0,1090.0,0,3000
5046,2022-07-28 10:10:00+05:30,1090.0,1090.0,1090.0,1090.0,0,3000
5047,2022-07-28 10:11:00+05:30,1090.0,1090.0,1090.0,1090.0,0,3000
5048,2022-07-28 10:12:00+05:30,1090.0,1090.0,1090.0,1090.0,0,3000
5049,2022-07-28 10:13:00+05:30,1090.0,1090.0,1090.0,1090.0,0,3000
5050,2022-07-28 10:14:00+05:30,1090.0,1090.0,1090.0,1090.0,0,3000
5051,2022-07-28 10:15:00+05:30,1090.0,1090.0,1090.0,1090.0,0,3000
5052,2022-07-28 10:16:00+05:30,1090.0,1090.0,1075.05,1075.05,100,2950
5053,2022-07-28 10:17:00+05:30,1075.05,1075.05,1075.05,1075.05,0,2950
5054,2022-07-28 10:18:00+05:30,1075.05,1075.05,1075.05,1075.05,0,2950
5055,2022-07-28 10:19:00+05:30,1075.05,1075.05,1075.05,1075.05,0,2950
5056,2022-07-28 10:20:00+05:30,1075.05,1075.05,1075.05,1075.05,0,2950
5057,2022-07-28 10:21:00+05:30,1075.05,1075.05,1075.05,1075.05,0,2950
5058,2022-07-28 10:22:00+05:30,1075.05,1075.05,1075.05,1075.05,0,2950
5059,2022-07-28 10:23:00+05:30,1075.05,1075.05,1075.05,1075.05,0,2950
5060,2022-07-28 10:24:00+05:30,1075.05,1075.05,1075.05,1075.05,0,2950
5061,2022-07-28 10:25:00+05:30,1075.05,1075.05,1075.05,1075.05,0,2950
5062,2022-07-28 10:26:00+05:30,1075.05,1075.05,1075.05,1075.05,0,2950
5063,2022-07-28 10:27:00+05:30,1075.05,1075.05,1075.05,1075.05,0,2950
5064,2022-07-28 10:28:00+05:30,1075.05,1075.05,1075.05,1075.05,0,2950
5065,2022-07-28 10:29:00+05:30,1075.05,1075.05,1075.05,1075.05,0,2950
5066,2022-07-28 10:30:00+05:30,1075.05,1075.05,1075.05,1075.05,0,2950
5067,2022-07-28 10:31:00+05:30,1075.05,1075.05,1075.05,1075.05,0,2950
5068,2022-07-28 10:32:00+05:30,1075.05,1075.05,1075.05,1075.05,0,2950
5069,2022-07-28 10:33:00+05:30,1075.05,1075.05,1075.05,1075.05,0,2950
5070,2022-07-28 10:34:00+05:30,1075.05,1075.05,1075.05,1075.05,0,2950
5071,2022-07-28 10:35:00+05:30,1075.05,1075.05,1075.05,1075.05,0,2950
5072,2022-07-28 10:36:00+05:30,1075.05,1075.05,1075.05,1075.05,0,2950
5073,2022-07-28 10:37:00+05:30,1075.05,1075.05,1075.05,1075.05,0,2950
5074,2022-07-28 10:38:00+05:30,1075.05,1075.05,1060.05,1060.05,100,2900
5075,2022-07-28 10:39:00+05:30,1060.05,1060.05,1060.05,1060.05,0,2900
5076,2022-07-28 10:40:00+05:30,1060.05,1060.05,1060.05,1060.05,0,2900
5077,2022-07-28 10:41:00+05:30,1060.05,1060.05,1060.05,1060.05,0,2900
5078,2022-07-28 10:42:00+05:30,1060.05,1060.05,1060.05,1060.05,0,2900
5079,2022-07-28 10:43:00+05:30,1060.05,1060.05,1060.05,1060.05,0,2900
5080,2022-07-28 10:44:00+05:30,1060.05,1060.05,1060.05,1060.05,0,2900
5081,2022-07-28 10:45:00+05:30,1060.05,1060.05,1060.05,1060.05,0,2900
5082,2022-07-28 10:46:00+05:30,1060.05,1060.05,1060.05,1060.05,0,2900
5083,2022-07-28 10:47:00+05:30,1060.05,1060.05,1060.05,1060.05,0,2900
5084,2022-07-28 10:48:00+05:30,1060.05,1060.05,1060.05,1060.05,0,2900
5085,2022-07-28 10:49:00+05:30,1060.05,1060.05,1060.05,1060.05,0,2900
5086,2022-07-28 10:50:00+05:30,1060.05,1063.6,1060.05,1063.6,50,2850
5087,2022-07-28 10:51:00+05:30,1063.6,1063.6,1063.6,1063.6,0,2850
5088,2022-07-28 10:52:00+05:30,1063.6,1063.6,1063.6,1063.6,0,2850
5089,2022-07-28 10:53:00+05:30,1063.6,1063.6,1063.6,1063.6,0,2850
5090,2022-07-28 10:54:00+05:30,1063.6,1063.6,1063.6,1063.6,0,2850
5091,2022-07-28 10:55:00+05:30,1063.6,1063.6,1063.6,1063.6,0,2850
5092,2022-07-28 10:56:00+05:30,1063.6,1063.6,1063.6,1063.6,0,2850
5093,2022-07-28 10:57:00+05:30,1063.6,1063.6,1063.6,1063.6,0,2850
5094,2022-07-28 10:58:00+05:30,1063.6,1063.6,1063.6,1063.6,0,2850
5095,2022-07-28 10:59:00+05:30,1063.6,1063.6,1063.6,1063.6,0,2850
5096,2022-07-28 11:00:00+05:30,1063.6,1063.6,1063.6,1063.6,0,2850
5097,2022-07-28 11:01:00+05:30,1047.0,1047.0,1047.0,1047.0,50,2800
5098,2022-07-28 11:02:00+05:30,1047.0,1047.0,1047.0,1047.0,0,2800
5099,2022-07-28 11:03:00+05:30,1047.0,1047.0,1047.0,1047.0,0,2800
5100,2022-07-28 11:04:00+05:30,1047.0,1047.0,1047.0,1047.0,0,2800
5101,2022-07-28 11:05:00+05:30,1047.0,1047.0,1047.0,1047.0,0,2800
5102,2022-07-28 11:06:00+05:30,1047.0,1047.0,1047.0,1047.0,0,2800
5103,2022-07-28 11:07:00+05:30,1047.0,1047.0,1047.0,1047.0,0,2800
5104,2022-07-28 11:08:00+05:30,1047.0,1047.0,1047.0,1047.0,0,2800
5105,2022-07-28 11:09:00+05:30,1047.0,1047.0,1047.0,1047.0,0,2800
5106,2022-07-28 11:10:00+05:30,1047.0,1047.0,1047.0,1047.0,0,2800
5107,2022-07-28 11:11:00+05:30,1047.0,1047.0,1047.0,1047.0,0,2800
5108,2022-07-28 11:12:00+05:30,1041.9,1047.0,1041.1,1041.1,100,2700
5109,2022-07-28 11:13:00+05:30,1041.1,1041.1,1041.1,1041.1,0,2700
5110,2022-07-28 11:14:00+05:30,1041.1,1041.1,1041.1,1041.1,0,2700
5111,2022-07-28 11:15:00+05:30,1041.1,1041.1,1041.1,1041.1,0,2700
5112,2022-07-28 11:16:00+05:30,1041.1,1041.1,1041.1,1041.1,0,2700
5113,2022-07-28 11:17:00+05:30,1041.1,1041.1,1041.1,1041.1,0,2700
5114,2022-07-28 11:18:00+05:30,1041.1,1041.1,1028.75,1028.75,200,2700
5115,2022-07-28 11:19:00+05:30,1028.75,1028.75,1028.75,1028.75,0,2700
5116,2022-07-28 11:20:00+05:30,1028.75,1028.75,1028.75,1028.75,0,2700
5117,2022-07-28 11:21:00+05:30,1028.75,1028.75,1028.75,1028.75,0,2700
5118,2022-07-28 11:22:00+05:30,1028.75,1028.75,1028.75,1028.75,0,2700
5119,2022-07-28 11:23:00+05:30,1028.75,1028.75,1028.75,1028.75,0,2700
5120,2022-07-28 11:24:00+05:30,1028.75,1028.75,1028.75,1028.75,0,2700
5121,2022-07-28 11:25:00+05:30,1028.75,1028.75,1028.75,1028.75,0,2700
5122,2022-07-28 11:26:00+05:30,1028.75,1028.75,1028.75,1028.75,0,2700
5123,2022-07-28 11:27:00+05:30,1028.75,1028.75,1028.75,1028.75,0,2700
5124,2022-07-28 11:28:00+05:30,1028.75,1028.75,1028.75,1028.75,0,2700
5125,2022-07-28 11:29:00+05:30,1028.75,1028.75,1028.75,1028.75,0,2700
5126,2022-07-28 11:30:00+05:30,1028.75,1028.75,1028.75,1028.75,0,2700
5127,2022-07-28 11:31:00+05:30,1028.75,1028.75,1028.75,1028.75,0,2700
5128,2022-07-28 11:32:00+05:30,1028.75,1028.75,1028.75,1028.75,0,2700
5129,2022-07-28 11:33:00+05:30,1028.75,1028.75,1028.75,1028.75,0,2700
5130,2022-07-28 11:34:00+05:30,1028.75,1028.75,1028.75,1028.75,0,2700
5131,2022-07-28 11:35:00+05:30,1028.75,1028.75,1028.75,1028.75,0,2700
5132,2022-07-28 11:36:00+05:30,1028.75,1028.75,1028.75,1028.75,0,2700
5133,2022-07-28 11:37:00+05:30,1028.75,1028.75,1028.75,1028.75,0,2700
5134,2022-07-28 11:38:00+05:30,1028.75,1028.75,1028.75,1028.75,0,2700
5135,2022-07-28 11:39:00+05:30,1028.75,1028.75,1028.75,1028.75,0,2700
5136,2022-07-28 11:40:00+05:30,1028.75,1028.75,1028.75,1028.75,0,2700
5137,2022-07-28 11:41:00+05:30,1028.75,1028.75,1028.75,1028.75,0,2700
5138,2022-07-28 11:42:00+05:30,1028.75,1028.75,1028.75,1028.75,0,2700
5139,2022-07-28 11:43:00+05:30,1028.75,1028.75,1028.75,1028.75,0,2700
5140,2022-07-28 11:44:00+05:30,1028.75,1028.75,1028.75,1028.75,0,2700
5141,2022-07-28 11:45:00+05:30,1028.75,1028.75,1028.75,1028.75,0,2700
5142,2022-07-28 11:46:00+05:30,1028.75,1028.75,1028.75,1028.75,0,2700
5143,2022-07-28 11:47:00+05:30,1028.75,1028.75,1028.75,1028.75,0,2700
5144,2022-07-28 11:48:00+05:30,1028.75,1028.75,1028.75,1028.75,0,2700
5145,2022-07-28 11:49:00+05:30,1028.75,1028.75,1028.75,1028.75,0,2700
5146,2022-07-28 11:50:00+05:30,1028.75,1028.75,1028.75,1028.75,0,2700
5147,2022-07-28 11:51:00+05:30,1028.75,1028.75,1028.75,1028.75,0,2700
5148,2022-07-28 11:52:00+05:30,1028.75,1028.75,1028.75,1028.75,0,2700
5149,2022-07-28 11:53:00+05:30,1028.75,1028.75,1028.75,1028.75,0,2700
5150,2022-07-28 11:54:00+05:30,1028.75,1028.75,1028.75,1028.75,0,2700
5151,2022-07-28 11:55:00+05:30,1028.75,1028.75,1028.75,1028.75,0,2700
5152,2022-07-28 11:56:00+05:30,1028.75,1028.75,1025.0,1025.0,50,2600
5153,2022-07-28 11:57:00+05:30,1025.0,1031.0,1025.0,1030.0,150,2550
5154,2022-07-28 11:58:00+05:30,1030.0,1032.3,1030.0,1032.3,100,2550
5155,2022-07-28 11:59:00+05:30,1032.3,1032.3,1032.0,1032.0,50,2550
5156,2022-07-28 12:00:00+05:30,1032.0,1034.0,1032.0,1034.0,50,2250
5157,2022-07-28 12:01:00+05:30,1034.0,1034.0,1034.0,1034.0,0,2250
5158,2022-07-28 12:02:00+05:30,1034.0,1034.0,1034.0,1034.0,0,2250
5159,2022-07-28 12:03:00+05:30,1034.0,1034.0,1034.0,1034.0,0,2250
5160,2022-07-28 12:04:00+05:30,1034.0,1034.0,1034.0,1034.0,0,2250
5161,2022-07-28 12:05:00+05:30,1034.0,1034.0,1034.0,1034.0,0,2250
5162,2022-07-28 12:06:00+05:30,1034.0,1034.0,1034.0,1034.0,0,2250
5163,2022-07-28 12:07:00+05:30,1034.0,1034.0,1034.0,1034.0,0,2250
5164,2022-07-28 12:08:00+05:30,1034.0,1034.0,1034.0,1034.0,0,2250
5165,2022-07-28 12:09:00+05:30,1034.0,1034.0,1034.0,1034.0,0,2250
5166,2022-07-28 12:10:00+05:30,1034.0,1034.0,1034.0,1034.0,0,2250
5167,2022-07-28 12:11:00+05:30,1034.0,1034.0,1034.0,1034.0,0,2250
5168,2022-07-28 12:12:00+05:30,1034.0,1034.0,1034.0,1034.0,0,2250
5169,2022-07-28 12:13:00+05:30,1034.0,1034.0,1034.0,1034.0,0,2250
5170,2022-07-28 12:14:00+05:30,1034.0,1034.0,1034.0,1034.0,0,2250
5171,2022-07-28 12:15:00+05:30,1034.0,1034.0,1034.0,1034.0,0,2250
5172,2022-07-28 12:16:00+05:30,1034.0,1034.0,1034.0,1034.0,0,2250
5173,2022-07-28 12:17:00+05:30,1034.0,1034.0,1034.0,1034.0,0,2250
5174,2022-07-28 12:18:00+05:30,1034.0,1034.0,1034.0,1034.0,0,2250
5175,2022-07-28 12:19:00+05:30,1034.0,1034.0,1034.0,1034.0,0,2250
5176,2022-07-28 12:20:00+05:30,1034.0,1034.0,1034.0,1034.0,0,2250
5177,2022-07-28 12:21:00+05:30,1034.0,1034.0,1034.0,1034.0,0,2250
5178,2022-07-28 12:22:00+05:30,1034.0,1034.0,1034.0,1034.0,0,2250
5179,2022-07-28 12:23:00+05:30,1034.0,1034.0,1034.0,1034.0,0,2250
5180,2022-07-28 12:24:00+05:30,1034.0,1034.0,1034.0,1034.0,0,2250
5181,2022-07-28 12:25:00+05:30,1034.0,1034.0,1034.0,1034.0,0,2250
5182,2022-07-28 12:26:00+05:30,1034.0,1034.0,1034.0,1034.0,0,2250
5183,2022-07-28 12:27:00+05:30,1034.0,1034.0,1034.0,1034.0,0,2250
5184,2022-07-28 12:28:00+05:30,1034.0,1034.0,1034.0,1034.0,0,2250
5185,2022-07-28 12:29:00+05:30,1034.0,1034.0,1034.0,1034.0,0,2250
5186,2022-07-28 12:30:00+05:30,1034.0,1034.0,1034.0,1034.0,0,2250
5187,2022-07-28 12:31:00+05:30,1034.0,1034.0,1034.0,1034.0,0,2250
5188,2022-07-28 12:32:00+05:30,1034.0,1034.0,1034.0,1034.0,0,2250
5189,2022-07-28 12:33:00+05:30,1034.0,1034.0,1034.0,1034.0,0,2250
5190,2022-07-28 12:34:00+05:30,1034.0,1034.0,1034.0,1034.0,0,2250
5191,2022-07-28 12:35:00+05:30,1034.0,1034.0,1034.0,1034.0,0,2250
5192,2022-07-28 12:36:00+05:30,1034.0,1034.0,1034.0,1034.0,0,2250
5193,2022-07-28 12:37:00+05:30,1034.0,1034.0,1034.0,1034.0,0,2250
5194,2022-07-28 12:38:00+05:30,1034.0,1034.0,1034.0,1034.0,0,2250
5195,2022-07-28 12:39:00+05:30,1034.0,1034.0,1034.0,1034.0,0,2250
5196,2022-07-28 12:40:00+05:30,1034.0,1034.0,1034.0,1034.0,0,2250
5197,2022-07-28 12:41:00+05:30,1034.0,1034.0,1034.0,1034.0,0,2250
5198,2022-07-28 12:42:00+05:30,1034.0,1034.0,1034.0,1034.0,0,2250
5199,2022-07-28 12:43:00+05:30,1034.0,1034.0,1034.0,1034.0,0,2250
5200,2022-07-28 12:44:00+05:30,1034.0,1034.0,1034.0,1034.0,0,2250
5201,2022-07-28 12:45:00+05:30,1034.0,1034.0,1034.0,1034.0,0,2250
5202,2022-07-28 12:46:00+05:30,1034.0,1034.0,1034.0,1034.0,0,2250
5203,2022-07-28 12:47:00+05:30,1034.0,1034.0,1034.0,1034.0,0,2250
5204,2022-07-28 12:48:00+05:30,1034.0,1034.0,1034.0,1034.0,0,2250
5205,2022-07-28 12:49:00+05:30,1034.0,1034.0,1034.0,1034.0,0,2250
5206,2022-07-28 12:50:00+05:30,1034.0,1034.0,1034.0,1034.0,0,2250
5207,2022-07-28 12:51:00+05:30,1034.0,1034.0,1034.0,1034.0,0,2250
5208,2022-07-28 12:52:00+05:30,1034.0,1034.0,1034.0,1034.0,0,2250
5209,2022-07-28 12:53:00+05:30,1034.0,1034.0,1034.0,1034.0,0,2250
5210,2022-07-28 12:54:00+05:30,1034.0,1034.0,1034.0,1034.0,0,2250
5211,2022-07-28 12:55:00+05:30,1034.0,1034.0,1034.0,1034.0,0,2250
5212,2022-07-28 12:56:00+05:30,1034.0,1034.0,1034.0,1034.0,0,2250
5213,2022-07-28 12:57:00+05:30,1034.0,1034.0,1034.0,1034.0,0,2250
5214,2022-07-28 12:58:00+05:30,1034.0,1034.0,996.05,996.05,100,2200
5215,2022-07-28 12:59:00+05:30,996.05,996.05,996.05,996.05,0,2200
5216,2022-07-28 13:00:00+05:30,996.05,996.05,996.05,996.05,0,2200
5217,2022-07-28 13:01:00+05:30,996.05,996.05,996.05,996.05,0,2200
5218,2022-07-28 13:02:00+05:30,996.05,1017.65,996.05,1017.65,100,2100
5219,2022-07-28 13:03:00+05:30,1017.65,1022.1,1017.65,1022.1,50,2100
5220,2022-07-28 13:04:00+05:30,1022.1,1022.1,1022.1,1022.1,0,2100
5221,2022-07-28 13:05:00+05:30,1022.1,1022.1,1022.1,1022.1,0,2100
5222,2022-07-28 13:06:00+05:30,1022.1,1022.1,1022.1,1022.1,0,2100
5223,2022-07-28 13:07:00+05:30,1022.1,1022.1,1022.1,1022.1,0,2100
5224,2022-07-28 13:08:00+05:30,1022.1,1022.1,1022.1,1022.1,0,2100
5225,2022-07-28 13:09:00+05:30,1022.1,1022.1,998.9,998.9,100,2000
5226,2022-07-28 13:10:00+05:30,998.9,998.9,998.9,998.9,0,2000
5227,2022-07-28 13:11:00+05:30,998.9,998.9,998.9,998.9,0,2000
5228,2022-07-28 13:12:00+05:30,998.9,998.9,998.9,998.9,0,2000
5229,2022-07-28 13:13:00+05:30,998.9,998.9,998.9,998.9,0,2000
5230,2022-07-28 13:14:00+05:30,998.9,998.9,998.9,998.9,0,2000
5231,2022-07-28 13:15:00+05:30,998.9,998.9,998.9,998.9,0,2000
5232,2022-07-28 13:16:00+05:30,998.9,998.9,998.9,998.9,0,2000
5233,2022-07-28 13:17:00+05:30,998.9,998.9,998.9,998.9,0,2000
5234,2022-07-28 13:18:00+05:30,998.9,998.9,998.9,998.9,0,2000
5235,2022-07-28 13:19:00+05:30,998.9,998.9,998.9,998.9,0,2000
5236,2022-07-28 13:20:00+05:30,998.9,998.9,998.9,998.9,0,2000
5237,2022-07-28 13:21:00+05:30,998.9,998.9,998.9,998.9,0,2000
5238,2022-07-28 13:22:00+05:30,998.9,998.9,998.9,998.9,0,2000
5239,2022-07-28 13:23:00+05:30,998.9,998.9,998.9,998.9,0,2000
5240,2022-07-28 13:24:00+05:30,998.9,998.9,998.9,998.9,0,2000
5241,2022-07-28 13:25:00+05:30,998.9,998.9,998.9,998.9,0,2000
5242,2022-07-28 13:26:00+05:30,998.9,998.9,998.9,998.9,0,2000
5243,2022-07-28 13:27:00+05:30,998.9,998.9,998.9,998.9,0,2000
5244,2022-07-28 13:28:00+05:30,998.9,998.9,998.9,998.9,0,2000
5245,2022-07-28 13:29:00+05:30,998.9,998.9,998.9,998.9,0,2000
5246,2022-07-28 13:30:00+05:30,998.9,998.9,998.9,998.9,0,2000
5247,2022-07-28 13:31:00+05:30,998.9,998.9,998.9,998.9,0,2000
5248,2022-07-28 13:32:00+05:30,998.9,998.9,998.9,998.9,0,2000
5249,2022-07-28 13:33:00+05:30,998.9,998.9,998.9,998.9,0,2000
5250,2022-07-28 13:34:00+05:30,998.9,998.9,998.9,998.9,0,2000
5251,2022-07-28 13:35:00+05:30,998.9,998.9,998.9,998.9,0,2000
5252,2022-07-28 13:36:00+05:30,998.9,998.9,998.9,998.9,0,2000
5253,2022-07-28 13:37:00+05:30,998.9,998.9,998.9,998.9,0,2000
5254,2022-07-28 13:38:00+05:30,998.9,998.9,998.9,998.9,0,2000
5255,2022-07-28 13:39:00+05:30,998.9,998.9,998.9,998.9,0,2000
5256,2022-07-28 13:40:00+05:30,998.9,998.9,998.9,998.9,0,2000
5257,2022-07-28 13:41:00+05:30,998.9,998.9,998.9,998.9,0,2000
5258,2022-07-28 13:42:00+05:30,998.9,998.9,998.9,998.9,0,2000
5259,2022-07-28 13:43:00+05:30,998.9,998.9,998.9,998.9,0,2000
5260,2022-07-28 13:44:00+05:30,998.9,998.9,998.9,998.9,0,2000
5261,2022-07-28 13:45:00+05:30,998.9,998.9,998.9,998.9,0,2000
5262,2022-07-28 13:46:00+05:30,998.9,998.9,998.9,998.9,0,2000
5263,2022-07-28 13:47:00+05:30,998.9,998.9,998.9,998.9,0,2000
5264,2022-07-28 13:48:00+05:30,998.9,998.9,998.9,998.9,0,2000
5265,2022-07-28 13:49:00+05:30,998.9,998.9,998.9,998.9,0,2000
5266,2022-07-28 13:50:00+05:30,998.9,998.9,998.9,998.9,0,2000
5267,2022-07-28 13:51:00+05:30,998.9,998.9,998.9,998.9,0,2000
5268,2022-07-28 13:52:00+05:30,998.9,998.9,998.9,998.9,0,2000
5269,2022-07-28 13:53:00+05:30,998.9,998.9,998.9,998.9,0,2000
5270,2022-07-28 13:54:00+05:30,998.9,998.9,998.9,998.9,0,2000
5271,2022-07-28 13:55:00+05:30,984.45,984.45,984.45,984.45,100,1900
5272,2022-07-28 13:56:00+05:30,984.45,984.45,984.45,984.45,0,1900
5273,2022-07-28 13:57:00+05:30,984.45,984.45,984.45,984.45,0,1900
5274,2022-07-28 13:58:00+05:30,984.45,984.45,984.45,984.45,0,1900
5275,2022-07-28 13:59:00+05:30,984.45,984.45,984.45,984.45,0,1900
5276,2022-07-28 14:00:00+05:30,984.45,984.45,984.45,984.45,0,1900
5277,2022-07-28 14:01:00+05:30,984.45,984.45,984.45,984.45,0,1900
5278,2022-07-28 14:02:00+05:30,984.45,984.45,984.45,984.45,0,1900
5279,2022-07-28 14:03:00+05:30,984.45,984.45,984.45,984.45,0,1900
5280,2022-07-28 14:04:00+05:30,984.45,984.45,984.45,984.45,0,1900
5281,2022-07-28 14:05:00+05:30,984.45,984.45,984.45,984.45,0,1900
5282,2022-07-28 14:06:00+05:30,984.45,984.45,984.45,984.45,0,1900
5283,2022-07-28 14:07:00+05:30,984.45,984.45,984.45,984.45,0,1900
5284,2022-07-28 14:08:00+05:30,984.45,984.45,984.45,984.45,0,1900
5285,2022-07-28 14:09:00+05:30,984.45,984.45,984.45,984.45,0,1900
5286,2022-07-28 14:10:00+05:30,984.45,984.45,984.45,984.45,0,1900
5287,2022-07-28 14:11:00+05:30,984.45,984.45,984.45,984.45,0,1900
5288,2022-07-28 14:12:00+05:30,984.45,984.45,984.45,984.45,0,1900
5289,2022-07-28 14:13:00+05:30,984.45,984.45,984.45,984.45,0,1900
5290,2022-07-28 14:14:00+05:30,984.45,984.45,984.45,984.45,0,1900
5291,2022-07-28 14:15:00+05:30,984.45,984.45,984.45,984.45,0,1900
5292,2022-07-28 14:16:00+05:30,984.45,984.45,984.45,984.45,0,1900
5293,2022-07-28 14:17:00+05:30,984.45,984.45,984.45,984.45,0,1900
5294,2022-07-28 14:18:00+05:30,984.45,984.45,984.45,984.45,0,1900
5295,2022-07-28 14:19:00+05:30,984.45,984.45,984.45,984.45,0,1900
5296,2022-07-28 14:20:00+05:30,984.45,984.45,984.45,984.45,0,1900
5297,2022-07-28 14:21:00+05:30,984.45,984.45,984.45,984.45,0,1900
5298,2022-07-28 14:22:00+05:30,984.45,984.45,984.45,984.45,0,1900
5299,2022-07-28 14:23:00+05:30,984.45,984.45,984.45,984.45,0,1900
5300,2022-07-28 14:24:00+05:30,984.45,984.45,984.45,984.45,0,1900
5301,2022-07-28 14:25:00+05:30,984.45,984.45,984.45,984.45,0,1900
5302,2022-07-28 14:26:00+05:30,984.45,984.45,984.45,984.45,0,1900
5303,2022-07-28 14:27:00+05:30,984.45,984.45,984.45,984.45,0,1900
5304,2022-07-28 14:28:00+05:30,984.45,984.45,984.45,984.45,0,1900
5305,2022-07-28 14:29:00+05:30,984.45,984.45,984.45,984.45,0,1900
5306,2022-07-28 14:30:00+05:30,984.45,984.45,984.45,984.45,0,1900
5307,2022-07-28 14:31:00+05:30,984.45,984.45,984.45,984.45,0,1900
5308,2022-07-28 14:32:00+05:30,984.45,1000.0,984.45,1000.0,100,1800
5309,2022-07-28 14:33:00+05:30,1000.0,1000.0,1000.0,1000.0,0,1800
5310,2022-07-28 14:34:00+05:30,1000.0,1000.0,997.95,997.95,150,1700
5311,2022-07-28 14:35:00+05:30,997.95,1000.0,997.95,1000.0,50,1700
5312,2022-07-28 14:36:00+05:30,1000.0,1000.0,1000.0,1000.0,0,1700
5313,2022-07-28 14:37:00+05:30,1000.0,1000.0,1000.0,1000.0,0,1700
5314,2022-07-28 14:38:00+05:30,1000.0,1000.0,1000.0,1000.0,0,1700
5315,2022-07-28 14:39:00+05:30,1000.0,1000.0,1000.0,1000.0,0,1700
5316,2022-07-28 14:40:00+05:30,1000.0,1000.0,1000.0,1000.0,0,1700
5317,2022-07-28 14:41:00+05:30,1000.0,1000.0,1000.0,1000.0,0,1700
5318,2022-07-28 14:42:00+05:30,1000.0,1022.0,1000.0,1022.0,50,1650
5319,2022-07-28 14:43:00+05:30,1022.0,1022.0,1017.2,1017.2,50,1600
5320,2022-07-28 14:44:00+05:30,1017.2,1017.2,1017.2,1017.2,0,1600
5321,2022-07-28 14:45:00+05:30,1017.2,1017.2,1017.2,1017.2,0,1600
5322,2022-07-28 14:46:00+05:30,1017.2,1017.2,1017.2,1017.2,0,1600
5323,2022-07-28 14:47:00+05:30,1017.2,1017.2,1017.2,1017.2,0,1600
5324,2022-07-28 14:48:00+05:30,1017.2,1017.2,1017.2,1017.2,0,1600
5325,2022-07-28 14:49:00+05:30,1017.2,1017.2,1017.2,1017.2,0,1600
5326,2022-07-28 14:50:00+05:30,1017.2,1017.2,1017.2,1017.2,0,1600
5327,2022-07-28 14:51:00+05:30,1017.2,1017.2,1017.2,1017.2,0,1600
5328,2022-07-28 14:52:00+05:30,1017.2,1017.2,1017.2,1017.2,0,1600
5329,2022-07-28 14:53:00+05:30,1017.2,1017.2,1017.2,1017.2,0,1600
5330,2022-07-28 14:54:00+05:30,1017.2,1017.2,1017.2,1017.2,0,1600
5331,2022-07-28 14:55:00+05:30,1017.2,1017.2,1017.2,1017.2,0,1600
5332,2022-07-28 14:56:00+05:30,1017.2,1017.2,1017.2,1017.2,0,1600
5333,2022-07-28 14:57:00+05:30,1017.2,1017.2,1017.2,1017.2,0,1600
5334,2022-07-28 14:58:00+05:30,1017.2,1017.2,1017.2,1017.2,0,1600
5335,2022-07-28 14:59:00+05:30,1017.2,1017.2,1017.2,1017.2,0,1600
5336,2022-07-28 15:00:00+05:30,1017.2,1017.2,1017.2,1017.2,0,1600
5337,2022-07-28 15:01:00+05:30,1017.2,1017.2,1017.2,1017.2,0,1600
5338,2022-07-28 15:02:00+05:30,1017.2,1017.2,1017.2,1017.2,0,1600
5339,2022-07-28 15:03:00+05:30,1017.2,1017.2,1017.2,1017.2,0,1600
5340,2022-07-28 15:04:00+05:30,1017.2,1017.2,985.0,985.0,50,1600
5341,2022-07-28 15:05:00+05:30,985.0,985.0,985.0,985.0,0,1600
5342,2022-07-28 15:06:00+05:30,985.0,985.0,985.0,985.0,0,1600
5343,2022-07-28 15:07:00+05:30,985.0,985.0,985.0,985.0,0,1600
5344,2022-07-28 15:08:00+05:30,985.0,985.0,985.0,985.0,0,1600
5345,2022-07-28 15:09:00+05:30,985.0,985.0,985.0,985.0,0,1600
5346,2022-07-28 15:10:00+05:30,985.0,985.0,985.0,985.0,0,1600
5347,2022-07-28 15:11:00+05:30,985.0,985.0,985.0,985.0,0,1600
5348,2022-07-28 15:12:00+05:30,985.0,985.0,985.0,985.0,0,1600
5349,2022-07-28 15:13:00+05:30,985.0,985.0,985.0,985.0,0,1600
5350,2022-07-28 15:14:00+05:30,985.0,985.0,985.0,985.0,0,1600
5351,2022-07-28 15:15:00+05:30,985.0,985.0,985.0,985.0,0,1600
5352,2022-07-28 15:16:00+05:30,985.0,985.0,985.0,985.0,0,1600
5353,2022-07-28 15:17:00+05:30,985.0,985.0,985.0,985.0,0,1600
5354,2022-07-28 15:18:00+05:30,985.0,985.0,985.0,985.0,0,1600
5355,2022-07-28 15:19:00+05:30,985.0,985.0,985.0,985.0,0,1600
5356,2022-07-28 15:20:00+05:30,985.0,985.0,985.0,985.0,0,1600
5357,2022-07-28 15:21:00+05:30,985.0,985.0,985.0,985.0,0,1600
5358,2022-07-28 15:22:00+05:30,985.0,985.0,985.0,985.0,0,1600
5359,2022-07-28 15:23:00+05:30,985.0,985.0,985.0,985.0,0,1600
5360,2022-07-28 15:24:00+05:30,985.0,985.0,985.0,985.0,0,1600
5361,2022-07-28 15:25:00+05:30,985.0,985.0,985.0,985.0,0,1600
5362,2022-07-28 15:26:00+05:30,985.0,985.0,985.0,985.0,0,1600
5363,2022-07-28 15:27:00+05:30,985.0,985.0,985.0,985.0,0,1600
5364,2022-07-28 15:28:00+05:30,985.0,985.0,985.0,985.0,0,1600
5365,2022-07-28 15:29:00+05:30,985.0,985.0,985.0,985.0,0,1600
