,datetime,open,high,low,close,volume,oi,vwap,best_bid,best_offer
0,2021-01-13 09:15:00,-1.0,-1.0,-1.0,-1.0,-1,-1,-1.0,-1.0,-1.0
1,2021-01-13 09:16:00,-1.0,-1.0,-1.0,-1.0,-1,-1,-1.0,-1.0,-1.0
2,2021-01-13 09:17:00,-1.0,-1.0,-1.0,-1.0,-1,-1,-1.0,-1.0,-1.0
3,2021-01-13 09:18:00,-1.0,-1.0,-1.0,-1.0,-1,-1,-1.0,-1.0,-1.0
4,2021-01-13 09:19:00,-1.0,-1.0,-1.0,-1.0,-1,-1,-1.0,-1.0,-1.0
5,2021-01-13 09:20:00,-1.0,-1.0,-1.0,-1.0,-1,-1,-1.0,-1.0,-1.0
6,2021-01-13 09:21:00,-1.0,-1.0,-1.0,-1.0,-1,-1,-1.0,-1.0,-1.0
7,2021-01-13 09:22:00,-1.0,-1.0,-1.0,-1.0,-1,-1,-1.0,-1.0,-1.0
8,2021-01-13 09:23:00,-1.0,-1.0,-1.0,-1.0,-1,-1,-1.0,-1.0,-1.0
9,2021-01-13 09:24:00,-1.0,-1.0,-1.0,-1.0,-1,-1,-1.0,-1.0,-1.0
10,2021-01-13 09:25:00,-1.0,-1.0,-1.0,-1.0,-1,-1,-1.0,-1.0,-1.0
11,2021-01-13 09:26:00,-1.0,-1.0,-1.0,-1.0,-1,-1,-1.0,-1.0,-1.0
12,2021-01-13 09:27:00,-1.0,-1.0,-1.0,-1.0,-1,-1,-1.0,-1.0,-1.0
13,2021-01-13 09:28:00,-1.0,-1.0,-1.0,-1.0,-1,-1,-1.0,-1.0,-1.0
14,2021-01-13 09:29:00,-1.0,-1.0,-1.0,-1.0,-1,-1,-1.0,-1.0,-1.0
15,2021-01-13 09:30:00,-1.0,-1.0,-1.0,-1.0,-1,-1,-1.0,-1.0,-1.0
16,2021-01-13 09:31:00,-1.0,-1.0,-1.0,-1.0,-1,-1,-1.0,-1.0,-1.0
17,2021-01-13 09:32:00,-1.0,-1.0,-1.0,-1.0,-1,-1,-1.0,-1.0,-1.0
18,2021-01-13 09:33:00,-1.0,-1.0,-1.0,-1.0,-1,-1,-1.0,-1.0,-1.0
19,2021-01-13 09:34:00,-1.0,-1.0,-1.0,-1.0,-1,-1,-1.0,-1.0,-1.0
20,2021-01-13 09:35:00,-1.0,-1.0,-1.0,-1.0,-1,-1,-1.0,-1.0,-1.0
21,2021-01-13 09:36:00,-1.0,-1.0,-1.0,-1.0,-1,-1,-1.0,-1.0,-1.0
22,2021-01-13 09:37:00,-1.0,-1.0,-1.0,-1.0,-1,-1,-1.0,-1.0,-1.0
23,2021-01-13 09:38:00,-1.0,-1.0,-1.0,-1.0,-1,-1,-1.0,-1.0,-1.0
24,2021-01-13 09:39:00,-1.0,-1.0,-1.0,-1.0,-1,-1,-1.0,-1.0,-1.0
25,2021-01-13 09:40:00,-1.0,-1.0,-1.0,-1.0,-1,-1,-1.0,-1.0,-1.0
26,2021-01-13 09:41:00,-1.0,-1.0,-1.0,-1.0,-1,-1,-1.0,-1.0,-1.0
27,2021-01-13 09:42:00,-1.0,-1.0,-1.0,-1.0,-1,-1,-1.0,-1.0,-1.0
28,2021-01-13 09:43:00,-1.0,-1.0,-1.0,-1.0,-1,-1,-1.0,-1.0,-1.0
29,2021-01-13 09:44:00,-1.0,-1.0,-1.0,-1.0,-1,-1,-1.0,-1.0,-1.0
30,2021-01-13 09:45:00,-1.0,-1.0,-1.0,-1.0,-1,-1,-1.0,-1.0,-1.0
31,2021-01-13 09:46:00,-1.0,-1.0,-1.0,-1.0,-1,-1,-1.0,-1.0,-1.0
32,2021-01-13 09:47:00,-1.0,-1.0,-1.0,-1.0,-1,-1,-1.0,-1.0,-1.0
33,2021-01-13 09:48:00,-1.0,-1.0,-1.0,-1.0,-1,-1,-1.0,-1.0,-1.0
34,2021-01-13 09:49:00,-1.0,-1.0,-1.0,-1.0,-1,-1,-1.0,-1.0,-1.0
35,2021-01-13 09:50:00,-1.0,-1.0,-1.0,-1.0,-1,-1,-1.0,-1.0,-1.0
36,2021-01-13 09:51:00,-1.0,-1.0,-1.0,-1.0,-1,-1,-1.0,-1.0,-1.0
37,2021-01-13 09:52:00,-1.0,-1.0,-1.0,-1.0,-1,-1,-1.0,-1.0,-1.0
38,2021-01-13 09:53:00,-1.0,-1.0,-1.0,-1.0,-1,-1,-1.0,-1.0,-1.0
39,2021-01-13 09:54:00,-1.0,-1.0,-1.0,-1.0,-1,-1,-1.0,-1.0,-1.0
40,2021-01-13 09:55:00,-1.0,-1.0,-1.0,-1.0,-1,-1,-1.0,-1.0,-1.0
41,2021-01-13 09:56:00,-1.0,-1.0,-1.0,-1.0,-1,-1,-1.0,-1.0,-1.0
42,2021-01-13 09:57:00,-1.0,-1.0,-1.0,-1.0,-1,-1,-1.0,-1.0,-1.0
43,2021-01-13 09:58:00,-1.0,-1.0,-1.0,-1.0,-1,-1,-1.0,-1.0,-1.0
44,2021-01-13 09:59:00,-1.0,-1.0,-1.0,-1.0,-1,-1,-1.0,-1.0,-1.0
45,2021-01-13 10:00:00,-1.0,-1.0,-1.0,-1.0,-1,-1,-1.0,-1.0,-1.0
46,2021-01-13 10:01:00,-1.0,-1.0,-1.0,-1.0,-1,-1,-1.0,-1.0,-1.0
47,2021-01-13 10:02:00,-1.0,-1.0,-1.0,-1.0,-1,-1,-1.0,-1.0,-1.0
48,2021-01-13 10:03:00,-1.0,-1.0,-1.0,-1.0,-1,-1,-1.0,-1.0,-1.0
49,2021-01-13 10:04:00,-1.0,-1.0,-1.0,-1.0,-1,-1,-1.0,-1.0,-1.0
50,2021-01-13 10:05:00,-1.0,-1.0,-1.0,-1.0,-1,-1,-1.0,-1.0,-1.0
51,2021-01-13 10:06:00,-1.0,-1.0,-1.0,-1.0,-1,-1,-1.0,-1.0,-1.0
52,2021-01-13 10:07:00,-1.0,-1.0,-1.0,-1.0,-1,-1,-1.0,-1.0,-1.0
53,2021-01-13 10:08:00,-1.0,-1.0,-1.0,-1.0,-1,-1,-1.0,-1.0,-1.0
54,2021-01-13 10:09:00,-1.0,-1.0,-1.0,-1.0,-1,-1,-1.0,-1.0,-1.0
55,2021-01-13 10:10:00,-1.0,-1.0,-1.0,-1.0,-1,-1,-1.0,-1.0,-1.0
56,2021-01-13 10:11:00,-1.0,-1.0,-1.0,-1.0,-1,-1,-1.0,-1.0,-1.0
57,2021-01-13 10:12:00,-1.0,-1.0,-1.0,-1.0,-1,-1,-1.0,-1.0,-1.0
58,2021-01-13 10:13:00,-1.0,-1.0,-1.0,-1.0,-1,-1,-1.0,-1.0,-1.0
59,2021-01-13 10:14:00,-1.0,-1.0,-1.0,-1.0,-1,-1,-1.0,-1.0,-1.0
60,2021-01-13 10:15:00,-1.0,-1.0,-1.0,-1.0,-1,-1,-1.0,-1.0,-1.0
61,2021-01-13 10:16:00,-1.0,-1.0,-1.0,-1.0,-1,-1,-1.0,-1.0,-1.0
62,2021-01-13 10:17:00,-1.0,-1.0,-1.0,-1.0,-1,-1,-1.0,-1.0,-1.0
63,2021-01-13 10:18:00,-1.0,-1.0,-1.0,-1.0,-1,-1,-1.0,-1.0,-1.0
64,2021-01-13 10:19:00,-1.0,-1.0,-1.0,-1.0,-1,-1,-1.0,-1.0,-1.0
65,2021-01-13 10:20:00,-1.0,-1.0,-1.0,-1.0,-1,-1,-1.0,-1.0,-1.0
66,2021-01-13 10:21:00,-1.0,-1.0,-1.0,-1.0,-1,-1,-1.0,-1.0,-1.0
67,2021-01-13 10:22:00,-1.0,-1.0,-1.0,-1.0,-1,-1,-1.0,-1.0,-1.0
68,2021-01-13 10:23:00,-1.0,-1.0,-1.0,-1.0,-1,-1,-1.0,-1.0,-1.0
69,2021-01-13 10:24:00,-1.0,-1.0,-1.0,-1.0,-1,-1,-1.0,-1.0,-1.0
70,2021-01-13 10:25:00,-1.0,-1.0,-1.0,-1.0,-1,-1,-1.0,-1.0,-1.0
71,2021-01-13 10:26:00,-1.0,-1.0,-1.0,-1.0,-1,-1,-1.0,-1.0,-1.0
72,2021-01-13 10:27:00,-1.0,-1.0,-1.0,-1.0,-1,-1,-1.0,-1.0,-1.0
73,2021-01-13 10:28:00,-1.0,-1.0,-1.0,-1.0,-1,-1,-1.0,-1.0,-1.0
74,2021-01-13 10:29:00,-1.0,-1.0,-1.0,-1.0,-1,-1,-1.0,-1.0,-1.0
75,2021-01-13 10:30:00,-1.0,-1.0,-1.0,-1.0,-1,-1,-1.0,-1.0,-1.0
76,2021-01-13 10:31:00,-1.0,-1.0,-1.0,-1.0,-1,-1,-1.0,-1.0,-1.0
77,2021-01-13 10:32:00,-1.0,-1.0,-1.0,-1.0,-1,-1,-1.0,-1.0,-1.0
78,2021-01-13 10:33:00,-1.0,-1.0,-1.0,-1.0,-1,-1,-1.0,-1.0,-1.0
79,2021-01-13 10:34:00,-1.0,-1.0,-1.0,-1.0,-1,-1,-1.0,-1.0,-1.0
80,2021-01-13 10:35:00,2593.35,2593.35,2593.35,2593.35,25,0,2593.35,2440.85,2711.55
81,2021-01-13 10:36:00,2593.35,2593.35,2593.35,2593.35,25,0,2593.35,2440.85,2711.55
82,2021-01-13 10:37:00,2593.35,2593.35,2593.35,2593.35,25,0,2593.35,2440.85,2711.55
83,2021-01-13 10:38:00,2593.35,2593.35,2593.35,2593.35,25,0,2593.35,2440.85,2711.55
84,2021-01-13 10:39:00,2593.35,2593.35,2593.35,2593.35,25,0,2593.35,2440.85,2711.55
85,2021-01-13 10:40:00,2593.35,2593.35,2593.35,2593.35,25,0,2593.35,2440.85,2711.55
86,2021-01-13 10:41:00,2593.35,2593.35,2593.35,2593.35,25,0,2593.35,2440.85,2711.55
87,2021-01-13 10:42:00,2593.35,2593.35,2593.35,2593.35,25,0,2593.35,2440.85,2711.55
88,2021-01-13 10:43:00,2593.35,2593.35,2593.35,2593.35,25,0,2593.35,2440.85,2711.55
89,2021-01-13 10:44:00,2593.35,2593.35,2593.35,2593.35,25,0,2593.35,2440.85,2711.55
90,2021-01-13 10:45:00,2593.35,2593.35,2593.35,2593.35,25,0,2593.35,2440.85,2711.55
91,2021-01-13 10:46:00,2593.35,2593.35,2593.35,2593.35,25,0,2593.35,2440.85,2711.55
92,2021-01-13 10:47:00,2593.35,2593.35,2593.35,2593.35,25,0,2593.35,2440.85,2711.55
93,2021-01-13 10:48:00,2593.35,2593.35,2593.35,2593.35,25,0,2593.35,2440.85,2711.55
94,2021-01-13 10:49:00,2593.35,2593.35,2593.35,2593.35,25,0,2593.35,2440.85,2711.55
95,2021-01-13 10:50:00,2593.35,2593.35,2593.35,2593.35,25,0,2593.35,2440.85,2711.55
96,2021-01-13 10:51:00,2593.35,2593.35,2593.35,2593.35,25,0,2593.35,2440.85,2711.55
97,2021-01-13 10:52:00,2593.35,2593.35,2593.35,2593.35,25,0,2593.35,2440.85,2711.55
98,2021-01-13 10:53:00,2593.35,2593.35,2593.35,2593.35,25,0,2593.35,2440.85,2711.55
99,2021-01-13 10:54:00,2593.35,2593.35,2593.35,2593.35,25,0,2593.35,2440.85,2711.55
100,2021-01-13 10:55:00,2593.35,2593.35,2593.35,2593.35,25,0,2593.35,2440.85,2711.55
101,2021-01-13 10:56:00,2593.35,2593.35,2593.35,2593.35,25,0,2593.35,2440.85,2711.55
102,2021-01-13 10:57:00,2593.35,2593.35,2593.35,2593.35,25,0,2593.35,2440.85,2711.55
103,2021-01-13 10:58:00,2593.35,2593.35,2593.35,2593.35,25,0,2593.35,2440.85,2711.55
104,2021-01-13 10:59:00,2593.35,2593.35,2593.35,2593.35,25,0,2593.35,2440.85,2711.55
105,2021-01-13 11:00:00,2593.35,2593.35,2593.35,2593.35,25,0,2593.35,2440.85,2711.55
106,2021-01-13 11:01:00,2593.35,2593.35,2593.35,2593.35,25,0,2593.35,2440.85,2711.55
107,2021-01-13 11:02:00,2593.35,2593.35,2593.35,2593.35,25,0,2593.35,2440.85,2711.55
108,2021-01-13 11:03:00,2593.35,2593.35,2593.35,2593.35,25,0,2593.35,2440.85,2711.55
109,2021-01-13 11:04:00,2593.35,2593.35,2593.35,2593.35,25,0,2593.35,2440.85,2711.55
110,2021-01-13 11:05:00,2593.35,2593.35,2593.35,2593.35,25,0,2593.35,2440.85,2711.55
111,2021-01-13 11:06:00,2593.35,2593.35,2593.35,2593.35,25,0,2593.35,2440.85,2711.55
112,2021-01-13 11:07:00,2593.35,2593.35,2593.35,2593.35,25,0,2593.35,2440.85,2711.55
113,2021-01-13 11:08:00,2593.35,2593.35,2593.35,2593.35,25,0,2593.35,2440.85,2711.55
114,2021-01-13 11:09:00,2593.35,2593.35,2593.35,2593.35,25,0,2593.35,2440.85,2711.55
115,2021-01-13 11:10:00,2593.35,2593.35,2593.35,2593.35,25,0,2593.35,2440.85,2711.55
116,2021-01-13 11:11:00,2593.35,2593.35,2593.35,2593.35,25,0,2593.35,2440.85,2711.55
117,2021-01-13 11:12:00,2593.35,2593.35,2593.35,2593.35,25,0,2593.35,2440.85,2711.55
118,2021-01-13 11:13:00,2593.35,2593.35,2593.35,2593.35,25,0,2593.35,2440.85,2711.55
119,2021-01-13 11:14:00,2593.35,2593.35,2593.35,2593.35,25,0,2593.35,2440.85,2711.55
120,2021-01-13 11:15:00,2593.35,2593.35,2593.35,2593.35,25,0,2593.35,2440.85,2711.55
121,2021-01-13 11:16:00,2593.35,2593.35,2593.35,2593.35,25,0,2593.35,2440.85,2711.55
122,2021-01-13 11:17:00,2593.35,2593.35,2593.35,2593.35,25,0,2593.35,2440.85,2711.55
123,2021-01-13 11:18:00,2593.35,2593.35,2593.35,2593.35,25,0,2593.35,2440.85,2711.55
124,2021-01-13 11:19:00,2593.35,2593.35,2593.35,2593.35,25,0,2593.35,2440.85,2711.55
125,2021-01-13 11:20:00,2593.35,2593.35,2593.35,2593.35,25,0,2593.35,2440.85,2711.55
126,2021-01-13 11:21:00,2593.35,2593.35,2593.35,2593.35,25,0,2593.35,2440.85,2711.55
127,2021-01-13 11:22:00,2593.35,2593.35,2593.35,2593.35,25,0,2593.35,2440.85,2711.55
128,2021-01-13 11:23:00,2593.35,2593.35,2593.35,2593.35,25,0,2593.35,2440.85,2711.55
129,2021-01-13 11:24:00,2593.35,2593.35,2593.35,2593.35,25,0,2593.35,2440.85,2711.55
130,2021-01-13 11:25:00,2593.35,2593.35,2593.35,2593.35,25,0,2593.35,2440.85,2711.55
131,2021-01-13 11:26:00,2593.35,2593.35,2593.35,2593.35,25,0,2593.35,2440.85,2711.55
132,2021-01-13 11:27:00,2593.35,2593.35,2593.35,2593.35,25,0,2593.35,2440.85,2711.55
133,2021-01-13 11:28:00,2593.35,2593.35,2593.35,2593.35,25,0,2593.35,2440.85,2711.55
134,2021-01-13 11:29:00,2593.35,2593.35,2593.35,2593.35,25,0,2593.35,2440.85,2711.55
135,2021-01-13 11:30:00,2593.35,2593.35,2593.35,2593.35,25,0,2593.35,2440.85,2711.55
136,2021-01-13 11:31:00,2593.35,2593.35,2593.35,2593.35,25,0,2593.35,2440.85,2711.55
137,2021-01-13 11:32:00,2593.35,2593.35,2593.35,2593.35,25,0,2593.35,2440.85,2711.55
138,2021-01-13 11:33:00,2593.35,2593.35,2593.35,2593.35,25,0,2593.35,2440.85,2711.55
139,2021-01-13 11:34:00,2593.35,2593.35,2593.35,2593.35,25,0,2593.35,2440.85,2711.55
140,2021-01-13 11:35:00,2593.35,2593.35,2593.35,2593.35,25,0,2593.35,2440.85,2711.55
141,2021-01-13 11:36:00,2593.35,2593.35,2593.35,2593.35,25,0,2593.35,2440.85,2711.55
142,2021-01-13 11:37:00,2593.35,2593.35,2593.35,2593.35,25,0,2593.35,2440.85,2711.55
143,2021-01-13 11:38:00,2593.35,2593.35,2593.35,2593.35,25,0,2593.35,2440.85,2711.55
144,2021-01-13 11:39:00,2593.35,2593.35,2593.35,2593.35,25,0,2593.35,2440.85,2711.55
145,2021-01-13 11:40:00,2593.35,2593.35,2593.35,2593.35,25,0,2593.35,2440.85,2711.55
146,2021-01-13 11:41:00,2593.35,2593.35,2593.35,2593.35,25,0,2593.35,2440.85,2711.55
147,2021-01-13 11:42:00,2593.35,2593.35,2593.35,2593.35,25,0,2593.35,2440.85,2711.55
148,2021-01-13 11:43:00,2593.35,2593.35,2593.35,2593.35,25,0,2593.35,2440.85,2711.55
149,2021-01-13 11:44:00,2593.35,2593.35,2593.35,2593.35,25,0,2593.35,2440.85,2711.55
150,2021-01-13 11:45:00,2593.35,2593.35,2593.35,2593.35,25,0,2593.35,2440.85,2711.55
151,2021-01-13 11:46:00,2593.35,2593.35,2593.35,2593.35,25,0,2593.35,2440.85,2711.55
152,2021-01-13 11:47:00,2593.35,2593.35,2593.35,2593.35,25,0,2593.35,2440.85,2711.55
153,2021-01-13 11:48:00,2593.35,2593.35,2593.35,2593.35,25,0,2593.35,2440.85,2711.55
154,2021-01-13 11:49:00,2593.35,2593.35,2593.35,2593.35,25,0,2593.35,2440.85,2711.55
155,2021-01-13 11:50:00,2593.35,2593.35,2593.35,2593.35,25,0,2593.35,2440.85,2711.55
156,2021-01-13 11:51:00,2593.35,2593.35,2593.35,2593.35,25,0,2593.35,2440.85,2711.55
157,2021-01-13 11:52:00,2593.35,2593.35,2593.35,2593.35,25,0,2593.35,2440.85,2711.55
158,2021-01-13 11:53:00,2593.35,2593.35,2593.35,2593.35,25,0,2593.35,2440.85,2711.55
159,2021-01-13 11:54:00,2593.35,2593.35,2593.35,2593.35,25,0,2593.35,2440.85,2711.55
160,2021-01-13 11:55:00,2593.35,2593.35,2593.35,2593.35,25,0,2593.35,2440.85,2711.55
161,2021-01-13 11:56:00,2593.35,2593.35,2593.35,2593.35,25,0,2593.35,2440.85,2711.55
162,2021-01-13 11:57:00,2593.35,2593.35,2593.35,2593.35,25,0,2593.35,2440.85,2711.55
163,2021-01-13 11:58:00,2593.35,2593.35,2593.35,2593.35,25,0,2593.35,2440.85,2711.55
164,2021-01-13 11:59:00,2593.35,2593.35,2593.35,2593.35,25,0,2593.35,2440.85,2711.55
165,2021-01-13 12:00:00,2593.35,2593.35,2593.35,2593.35,25,0,2593.35,2440.85,2711.55
166,2021-01-13 12:01:00,2593.35,2593.35,2593.35,2593.35,25,0,2593.35,2440.85,2711.55
167,2021-01-13 12:02:00,2593.35,2593.35,2593.35,2593.35,25,0,2593.35,2440.85,2711.55
168,2021-01-13 12:03:00,2593.35,2593.35,2593.35,2593.35,25,0,2593.35,2440.85,2711.55
169,2021-01-13 12:04:00,2593.35,2593.35,2593.35,2593.35,25,0,2593.35,2440.85,2711.55
170,2021-01-13 12:05:00,2593.35,2593.35,2593.35,2593.35,25,0,2593.35,2440.85,2711.55
171,2021-01-13 12:06:00,2593.35,2593.35,2593.35,2593.35,25,0,2593.35,2440.85,2711.55
172,2021-01-13 12:07:00,2593.35,2593.35,2593.35,2593.35,25,0,2593.35,2440.85,2711.55
173,2021-01-13 12:08:00,2593.35,2593.35,2593.35,2593.35,25,0,2593.35,2440.85,2711.55
174,2021-01-13 12:09:00,2593.35,2593.35,2593.35,2593.35,25,0,2593.35,2440.85,2711.55
175,2021-01-13 12:10:00,2593.35,2593.35,2593.35,2593.35,25,0,2593.35,2440.85,2711.55
176,2021-01-13 12:11:00,2593.35,2593.35,2593.35,2593.35,25,0,2593.35,2440.85,2711.55
177,2021-01-13 12:12:00,2593.35,2593.35,2593.35,2593.35,25,0,2593.35,2440.85,2711.55
178,2021-01-13 12:13:00,2593.35,2593.35,2593.35,2593.35,25,0,2593.35,2440.85,2711.55
179,2021-01-13 12:14:00,2593.35,2593.35,2593.35,2593.35,25,0,2593.35,2440.85,2711.55
180,2021-01-13 12:15:00,2593.35,2593.35,2593.35,2593.35,25,0,2593.35,2440.85,2711.55
181,2021-01-13 12:16:00,2593.35,2593.35,2593.35,2593.35,25,0,2593.35,2440.85,2711.55
182,2021-01-13 12:17:00,2593.35,2593.35,2593.35,2593.35,25,0,2593.35,2440.85,2711.55
183,2021-01-13 12:18:00,2593.35,2593.35,2593.35,2593.35,25,0,2593.35,2440.85,2711.55
184,2021-01-13 12:19:00,2593.35,2593.35,2593.35,2593.35,25,0,2593.35,2440.85,2711.55
185,2021-01-13 12:20:00,2593.35,2593.35,2593.35,2593.35,25,0,2593.35,2440.85,2711.55
186,2021-01-13 12:21:00,2593.35,2593.35,2593.35,2593.35,25,0,2593.35,2440.85,2711.55
187,2021-01-13 12:22:00,2593.35,2593.35,2593.35,2593.35,25,0,2593.35,2440.85,2711.55
188,2021-01-13 12:23:00,2593.35,2593.35,2593.35,2593.35,25,0,2593.35,2440.85,2711.55
189,2021-01-13 12:24:00,2593.35,2593.35,2593.35,2593.35,25,0,2593.35,2440.85,2711.55
190,2021-01-13 12:25:00,2593.35,2593.35,2593.35,2593.35,25,0,2593.35,2440.85,2711.55
191,2021-01-13 12:26:00,2593.35,2593.35,2593.35,2593.35,25,0,2593.35,2440.85,2711.55
192,2021-01-13 12:27:00,2593.35,2593.35,2593.35,2593.35,25,0,2593.35,2440.85,2711.55
193,2021-01-13 12:28:00,2593.35,2593.35,2593.35,2593.35,25,0,2593.35,2440.85,2711.55
194,2021-01-13 12:29:00,2593.35,2593.35,2593.35,2593.35,25,0,2593.35,2440.85,2711.55
195,2021-01-13 12:30:00,2593.35,2593.35,2593.35,2593.35,25,0,2593.35,2440.85,2711.55
196,2021-01-13 12:31:00,2593.35,2593.35,2593.35,2593.35,25,0,2593.35,2440.85,2711.55
197,2021-01-13 12:32:00,2593.35,2593.35,2593.35,2593.35,25,0,2593.35,2440.85,2711.55
198,2021-01-13 12:33:00,2593.35,2593.35,2593.35,2593.35,25,0,2593.35,2440.85,2711.55
199,2021-01-13 12:34:00,2593.35,2593.35,2593.35,2593.35,25,0,2593.35,2440.85,2711.55
200,2021-01-13 12:35:00,2593.35,2593.35,2593.35,2593.35,25,0,2593.35,2440.85,2711.55
201,2021-01-13 12:36:00,2593.35,2593.35,2593.35,2593.35,25,0,2593.35,2440.85,2711.55
202,2021-01-13 12:37:00,2593.35,2593.35,2593.35,2593.35,25,0,2593.35,2440.85,2711.55
203,2021-01-13 12:38:00,2593.35,2593.35,2593.35,2593.35,25,0,2593.35,2440.85,2711.55
204,2021-01-13 12:39:00,2593.35,2593.35,2593.35,2593.35,25,0,2593.35,2440.85,2711.55
205,2021-01-13 12:40:00,2593.35,2593.35,2593.35,2593.35,25,0,2593.35,2440.85,2711.55
206,2021-01-13 12:41:00,2593.35,2593.35,2593.35,2593.35,25,0,2593.35,2440.85,2711.55
207,2021-01-13 12:42:00,2593.35,2593.35,2593.35,2593.35,25,0,2593.35,2440.85,2711.55
208,2021-01-13 12:43:00,2593.35,2593.35,2593.35,2593.35,25,0,2593.35,2440.85,2711.55
209,2021-01-13 12:44:00,2593.35,2593.35,2593.35,2593.35,25,0,2593.35,2440.85,2711.55
210,2021-01-13 12:45:00,2593.35,2593.35,2593.35,2593.35,25,0,2593.35,2440.85,2711.55
211,2021-01-13 12:46:00,2593.35,2593.35,2593.35,2593.35,25,0,2593.35,2440.85,2711.55
212,2021-01-13 12:47:00,2593.35,2593.35,2593.35,2593.35,25,0,2593.35,2440.85,2711.55
213,2021-01-13 12:48:00,2593.35,2593.35,2593.35,2593.35,25,0,2593.35,2440.85,2711.55
214,2021-01-13 12:49:00,2593.35,2593.35,2593.35,2593.35,25,0,2593.35,2440.85,2711.55
215,2021-01-13 12:50:00,2593.35,2593.35,2593.35,2593.35,25,0,2593.35,2440.85,2711.55
216,2021-01-13 12:51:00,2593.35,2593.35,2593.35,2593.35,25,0,2593.35,2440.85,2711.55
217,2021-01-13 12:52:00,2593.35,2593.35,2593.35,2593.35,25,0,2593.35,2440.85,2711.55
218,2021-01-13 12:53:00,2593.35,2593.35,2593.35,2593.35,25,0,2593.35,2440.85,2711.55
219,2021-01-13 12:54:00,2593.35,2593.35,2593.35,2593.35,25,0,2593.35,2440.85,2711.55
220,2021-01-13 12:55:00,2593.35,2593.35,2593.35,2593.35,25,0,2593.35,2440.85,2711.55
221,2021-01-13 12:56:00,2593.35,2593.35,2593.35,2593.35,25,0,2593.35,2440.85,2711.55
222,2021-01-13 12:57:00,2593.35,2593.35,2593.35,2593.35,25,0,2593.35,2440.85,2711.55
223,2021-01-13 12:58:00,2593.35,2593.35,2593.35,2593.35,25,0,2593.35,2440.85,2711.55
224,2021-01-13 12:59:00,2593.35,2593.35,2593.35,2593.35,25,0,2593.35,2440.85,2711.55
225,2021-01-13 13:00:00,2593.35,2593.35,2593.35,2593.35,25,0,2593.35,2440.85,2711.55
226,2021-01-13 13:01:00,2593.35,2593.35,2593.35,2593.35,25,0,2593.35,2440.85,2711.55
227,2021-01-13 13:02:00,2593.35,2593.35,2593.35,2593.35,25,0,2593.35,2440.85,2711.55
228,2021-01-13 13:03:00,2593.35,2593.35,2593.35,2593.35,25,0,2593.35,2440.85,2711.55
229,2021-01-13 13:04:00,2593.35,2593.35,2593.35,2593.35,25,0,2593.35,2440.85,2711.55
230,2021-01-13 13:05:00,2593.35,2593.35,2593.35,2593.35,25,0,2593.35,2440.85,2711.55
231,2021-01-13 13:06:00,2593.35,2593.35,2593.35,2593.35,25,0,2593.35,2440.85,2711.55
232,2021-01-13 13:07:00,2593.35,2593.35,2593.35,2593.35,25,0,2593.35,2440.85,2711.55
233,2021-01-13 13:08:00,2593.35,2593.35,2593.35,2593.35,25,0,2593.35,2440.85,2711.55
234,2021-01-13 13:09:00,2593.35,2593.35,2593.35,2593.35,25,0,2593.35,2440.85,2711.55
235,2021-01-13 13:10:00,2593.35,2593.35,2593.35,2593.35,25,0,2593.35,2440.85,2711.55
236,2021-01-13 13:11:00,2593.35,2593.35,2593.35,2593.35,25,0,2593.35,2440.85,2711.55
237,2021-01-13 13:12:00,2593.35,2593.35,2593.35,2593.35,25,0,2593.35,2440.85,2711.55
238,2021-01-13 13:13:00,2593.35,2593.35,2593.35,2593.35,25,0,2593.35,2440.85,2711.55
239,2021-01-13 13:14:00,2593.35,2593.35,2593.35,2593.35,25,0,2593.35,2440.85,2711.55
240,2021-01-13 13:15:00,2593.35,2593.35,2593.35,2593.35,25,0,2593.35,2440.85,2711.55
241,2021-01-13 13:16:00,2593.35,2593.35,2593.35,2593.35,25,0,2593.35,2440.85,2711.55
242,2021-01-13 13:17:00,2593.35,2593.35,2593.35,2593.35,25,0,2593.35,2440.85,2711.55
243,2021-01-13 13:18:00,2593.35,2593.35,2593.35,2593.35,25,0,2593.35,2440.85,2711.55
244,2021-01-13 13:19:00,2593.35,2593.35,2593.35,2593.35,25,0,2593.35,2440.85,2711.55
245,2021-01-13 13:20:00,2593.35,2593.35,2593.35,2593.35,25,0,2593.35,2440.85,2711.55
246,2021-01-13 13:21:00,2593.35,2593.35,2593.35,2593.35,25,0,2593.35,2440.85,2711.55
247,2021-01-13 13:22:00,2593.35,2593.35,2593.35,2593.35,25,0,2593.35,2440.85,2711.55
248,2021-01-13 13:23:00,2593.35,2593.35,2593.35,2593.35,25,0,2593.35,2440.85,2711.55
249,2021-01-13 13:24:00,2593.35,2593.35,2593.35,2593.35,25,0,2593.35,2440.85,2711.55
250,2021-01-13 13:25:00,2593.35,2593.35,2593.35,2593.35,25,0,2593.35,2440.85,2711.55
251,2021-01-13 13:26:00,2593.35,2593.35,2593.35,2593.35,25,0,2593.35,2440.85,2711.55
252,2021-01-13 13:27:00,2593.35,2593.35,2593.35,2593.35,25,0,2593.35,2440.85,2711.55
253,2021-01-13 13:28:00,2593.35,2593.35,2593.35,2593.35,25,0,2593.35,2440.85,2711.55
254,2021-01-13 13:29:00,2593.35,2593.35,2593.35,2593.35,25,0,2593.35,2440.85,2711.55
255,2021-01-13 13:30:00,2593.35,2593.35,2593.35,2593.35,25,0,2593.35,2440.85,2711.55
256,2021-01-13 13:31:00,2593.35,2593.35,2593.35,2593.35,25,0,2593.35,2440.85,2711.55
257,2021-01-13 13:32:00,2593.35,2593.35,2593.35,2593.35,25,0,2593.35,2440.85,2711.55
258,2021-01-13 13:33:00,2593.35,2593.35,2593.35,2593.35,25,0,2593.35,2440.85,2711.55
259,2021-01-13 13:34:00,2593.35,2593.35,2593.35,2593.35,25,0,2593.35,2440.85,2711.55
260,2021-01-13 13:35:00,2593.35,2593.35,2593.35,2593.35,25,0,2593.35,2440.85,2711.55
261,2021-01-13 13:36:00,2593.35,2593.35,2593.35,2593.35,25,0,2593.35,2440.85,2711.55
262,2021-01-13 13:37:00,2593.35,2593.35,2593.35,2593.35,25,0,2593.35,2440.85,2711.55
263,2021-01-13 13:38:00,2593.35,2593.35,2593.35,2593.35,25,0,2593.35,2440.85,2711.55
264,2021-01-13 13:39:00,2593.35,2593.35,2593.35,2593.35,25,0,2593.35,2440.85,2711.55
265,2021-01-13 13:40:00,2593.35,2593.35,2593.35,2593.35,25,0,2593.35,2440.85,2711.55
266,2021-01-13 13:41:00,2593.35,2593.35,2593.35,2593.35,25,0,2593.35,2440.85,2711.55
267,2021-01-13 13:42:00,2593.35,2593.35,2593.35,2593.35,25,0,2593.35,2440.85,2711.55
268,2021-01-13 13:43:00,2593.35,2593.35,2593.35,2593.35,25,0,2593.35,2440.85,2711.55
269,2021-01-13 13:44:00,2593.35,2593.35,2593.35,2593.35,25,0,2593.35,2440.85,2711.55
270,2021-01-13 13:45:00,2593.35,2593.35,2593.35,2593.35,25,0,2593.35,2440.85,2711.55
271,2021-01-13 13:46:00,2593.35,2593.35,2593.35,2593.35,25,0,2593.35,2440.85,2711.55
272,2021-01-13 13:47:00,2593.35,2593.35,2593.35,2593.35,25,0,2593.35,2440.85,2711.55
273,2021-01-13 13:48:00,2593.35,2593.35,2593.35,2593.35,25,0,2593.35,2440.85,2711.55
274,2021-01-13 13:49:00,2593.35,2593.35,2593.35,2593.35,25,0,2593.35,2440.85,2711.55
275,2021-01-13 13:50:00,2593.35,2593.35,2593.35,2593.35,25,0,2593.35,2440.85,2711.55
276,2021-01-13 13:51:00,2593.35,2593.35,2593.35,2593.35,25,0,2593.35,2440.85,2711.55
277,2021-01-13 13:52:00,2593.35,2593.35,2593.35,2593.35,25,0,2593.35,2440.85,2711.55
278,2021-01-13 13:53:00,2593.35,2593.35,2593.35,2593.35,25,0,2593.35,2440.85,2711.55
279,2021-01-13 13:54:00,2593.35,2593.35,2593.35,2593.35,25,0,2593.35,2440.85,2711.55
280,2021-01-13 13:55:00,2593.35,2593.35,2593.35,2593.35,25,0,2593.35,2440.85,2711.55
281,2021-01-13 13:56:00,2593.35,2593.35,2593.35,2593.35,25,0,2593.35,2440.85,2711.55
282,2021-01-13 13:57:00,2593.35,2593.35,2593.35,2593.35,25,0,2593.35,2440.85,2711.55
283,2021-01-13 13:58:00,2593.35,2593.35,2593.35,2593.35,25,0,2593.35,2440.85,2711.55
284,2021-01-13 13:59:00,2593.35,2593.35,2593.35,2593.35,25,0,2593.35,2440.85,2711.55
285,2021-01-13 14:00:00,2593.35,2593.35,2593.35,2593.35,25,0,2593.35,2440.85,2711.55
286,2021-01-13 14:01:00,2593.35,2593.35,2593.35,2593.35,25,0,2593.35,2440.85,2711.55
287,2021-01-13 14:02:00,2593.35,2593.35,2593.35,2593.35,25,0,2593.35,2440.85,2711.55
288,2021-01-13 14:03:00,2593.35,2593.35,2593.35,2593.35,25,0,2593.35,2440.85,2711.55
289,2021-01-13 14:04:00,2593.35,2593.35,2593.35,2593.35,25,0,2593.35,2440.85,2711.55
290,2021-01-13 14:05:00,2593.35,2593.35,2593.35,2593.35,25,0,2593.35,2440.85,2711.55
291,2021-01-13 14:06:00,2593.35,2593.35,2593.35,2593.35,25,0,2593.35,2440.85,2711.55
292,2021-01-13 14:07:00,2593.35,2593.35,2593.35,2593.35,25,0,2593.35,2440.85,2711.55
293,2021-01-13 14:08:00,2593.35,2593.35,2593.35,2593.35,25,0,2593.35,2440.85,2711.55
294,2021-01-13 14:09:00,2593.35,2593.35,2593.35,2593.35,25,0,2593.35,2440.85,2711.55
295,2021-01-13 14:10:00,2593.35,2593.35,2593.35,2593.35,25,0,2593.35,2440.85,2711.55
296,2021-01-13 14:11:00,2593.35,2593.35,2593.35,2593.35,25,0,2593.35,2440.85,2711.55
297,2021-01-13 14:12:00,2593.35,2593.35,2593.35,2593.35,25,0,2593.35,2440.85,2711.55
298,2021-01-13 14:13:00,2593.35,2593.35,2593.35,2593.35,25,0,2593.35,2440.85,2711.55
299,2021-01-13 14:14:00,2593.35,2593.35,2593.35,2593.35,25,0,2593.35,2440.85,2711.55
300,2021-01-13 14:15:00,2593.35,2593.35,2593.35,2593.35,25,0,2593.35,2440.85,2711.55
301,2021-01-13 14:16:00,2593.35,2593.35,2593.35,2593.35,25,0,2593.35,2440.85,2711.55
302,2021-01-13 14:17:00,2593.35,2593.35,2593.35,2593.35,25,0,2593.35,2440.85,2711.55
303,2021-01-13 14:18:00,2593.35,2593.35,2593.35,2593.35,25,0,2593.35,2440.85,2711.55
304,2021-01-13 14:19:00,2593.35,2593.35,2593.35,2593.35,25,0,2593.35,2440.85,2711.55
305,2021-01-13 14:20:00,2593.35,2593.35,2593.35,2593.35,25,0,2593.35,2440.85,2711.55
306,2021-01-13 14:21:00,2593.35,2593.35,2593.35,2593.35,25,0,2593.35,2440.85,2711.55
307,2021-01-13 14:22:00,2593.35,2593.35,2593.35,2593.35,25,0,2593.35,2440.85,2711.55
308,2021-01-13 14:23:00,2593.35,2593.35,2593.35,2593.35,25,0,2593.35,2440.85,2711.55
309,2021-01-13 14:24:00,2593.35,2593.35,2593.35,2593.35,25,0,2593.35,2440.85,2711.55
310,2021-01-13 14:25:00,2593.35,2593.35,2593.35,2593.35,25,0,2593.35,2440.85,2711.55
311,2021-01-13 14:26:00,2593.35,2593.35,2593.35,2593.35,25,0,2593.35,2440.85,2711.55
312,2021-01-13 14:27:00,2593.35,2593.35,2593.35,2593.35,25,0,2593.35,2440.85,2711.55
313,2021-01-13 14:28:00,2593.35,2593.35,2593.35,2593.35,25,0,2593.35,2440.85,2711.55
314,2021-01-13 14:29:00,2593.35,2593.35,2593.35,2593.35,25,0,2593.35,2440.85,2711.55
315,2021-01-13 14:30:00,2593.35,2593.35,2593.35,2593.35,25,0,2593.35,2440.85,2711.55
316,2021-01-13 14:31:00,2593.35,2593.35,2593.35,2593.35,25,0,2593.35,2440.85,2711.55
317,2021-01-13 14:32:00,2593.35,2593.35,2593.35,2593.35,25,0,2593.35,2440.85,2711.55
318,2021-01-13 14:33:00,2593.35,2593.35,2593.35,2593.35,25,0,2593.35,2440.85,2711.55
319,2021-01-13 14:34:00,2593.35,2593.35,2593.35,2593.35,25,0,2593.35,2440.85,2711.55
320,2021-01-13 14:35:00,2593.35,2593.35,2593.35,2593.35,25,0,2593.35,2440.85,2711.55
321,2021-01-13 14:36:00,2593.35,2593.35,2593.35,2593.35,25,0,2593.35,2440.85,2711.55
322,2021-01-13 14:37:00,2593.35,2593.35,2593.35,2593.35,25,0,2593.35,2440.85,2711.55
323,2021-01-13 14:38:00,2593.35,2593.35,2593.35,2593.35,25,0,2593.35,2440.85,2711.55
324,2021-01-13 14:39:00,2593.35,2593.35,2593.35,2593.35,25,0,2593.35,2440.85,2711.55
325,2021-01-13 14:40:00,2593.35,2593.35,2593.35,2593.35,25,0,2593.35,2440.85,2711.55
326,2021-01-13 14:41:00,2593.35,2593.35,2593.35,2593.35,25,0,2593.35,2440.85,2711.55
327,2021-01-13 14:42:00,2593.35,2593.35,2593.35,2593.35,25,0,2593.35,2440.85,2711.55
328,2021-01-13 14:43:00,2593.35,2593.35,2593.35,2593.35,25,0,2593.35,2440.85,2711.55
329,2021-01-13 14:44:00,2593.35,2593.35,2593.35,2593.35,25,0,2593.35,2440.85,2711.55
330,2021-01-13 14:45:00,2593.35,2593.35,2593.35,2593.35,25,0,2593.35,2440.85,2711.55
331,2021-01-13 14:46:00,2593.35,2593.35,2593.35,2593.35,25,0,2593.35,2440.85,2711.55
332,2021-01-13 14:47:00,2593.35,2593.35,2593.35,2593.35,25,0,2593.35,2440.85,2711.55
333,2021-01-13 14:48:00,2593.35,2593.35,2593.35,2593.35,25,0,2593.35,2440.85,2711.55
334,2021-01-13 14:49:00,2593.35,2593.35,2593.35,2593.35,25,0,2593.35,2440.85,2711.55
335,2021-01-13 14:50:00,2593.35,2593.35,2593.35,2593.35,25,0,2593.35,2440.85,2711.55
336,2021-01-13 14:51:00,2593.35,2593.35,2593.35,2593.35,25,0,2593.35,2440.85,2711.55
337,2021-01-13 14:52:00,2593.35,2593.35,2593.35,2593.35,25,0,2593.35,2440.85,2711.55
338,2021-01-13 14:53:00,2593.35,2593.35,2593.35,2593.35,25,0,2593.35,2440.85,2711.55
339,2021-01-13 14:54:00,2593.35,2593.35,2593.35,2593.35,25,0,2593.35,2440.85,2711.55
340,2021-01-13 14:55:00,2593.35,2593.35,2593.35,2593.35,25,0,2593.35,2440.85,2711.55
341,2021-01-13 14:56:00,2593.35,2593.35,2593.35,2593.35,25,0,2593.35,2440.85,2711.55
342,2021-01-13 14:57:00,2593.35,2593.35,2593.35,2593.35,25,0,2593.35,2440.85,2711.55
343,2021-01-13 14:58:00,2593.35,2593.35,2593.35,2593.35,25,0,2593.35,2440.85,2711.55
344,2021-01-13 14:59:00,2593.35,2593.35,2593.35,2593.35,25,0,2593.35,2440.85,2711.55
345,2021-01-13 15:00:00,2593.35,2593.35,2593.35,2593.35,25,0,2593.35,2440.85,2711.55
346,2021-01-13 15:01:00,2593.35,2593.35,2593.35,2593.35,25,0,2593.35,2440.85,2711.55
347,2021-01-13 15:02:00,2593.35,2593.35,2593.35,2593.35,25,0,2593.35,2440.85,2711.55
348,2021-01-13 15:03:00,2593.35,2593.35,2593.35,2593.35,25,0,2593.35,2440.85,2711.55
349,2021-01-13 15:04:00,2593.35,2593.35,2593.35,2593.35,25,0,2593.35,2440.85,2711.55
350,2021-01-13 15:05:00,2593.35,2593.35,2593.35,2593.35,25,0,2593.35,2440.85,2711.55
351,2021-01-13 15:06:00,2593.35,2593.35,2593.35,2593.35,25,0,2593.35,2440.85,2711.55
352,2021-01-13 15:07:00,2593.35,2593.35,2593.35,2593.35,25,0,2593.35,2440.85,2711.55
353,2021-01-13 15:08:00,2593.35,2593.35,2593.35,2593.35,25,0,2593.35,2440.85,2711.55
354,2021-01-13 15:09:00,2593.35,2593.35,2593.35,2593.35,25,0,2593.35,2440.85,2711.55
355,2021-01-13 15:10:00,2593.35,2593.35,2593.35,2593.35,25,0,2593.35,2440.85,2711.55
356,2021-01-13 15:11:00,2593.35,2593.35,2593.35,2593.35,25,0,2593.35,2440.85,2711.55
357,2021-01-13 15:12:00,2593.35,2593.35,2593.35,2593.35,25,0,2593.35,2440.85,2711.55
358,2021-01-13 15:13:00,2593.35,2593.35,2593.35,2593.35,25,0,2593.35,2440.85,2711.55
359,2021-01-13 15:14:00,2593.35,2593.35,2593.35,2593.35,25,0,2593.35,2440.85,2711.55
360,2021-01-13 15:15:00,2593.35,2593.35,2593.35,2593.35,25,0,2593.35,2440.85,2711.55
361,2021-01-13 15:16:00,2593.35,2593.35,2593.35,2593.35,25,0,2593.35,2440.85,2711.55
362,2021-01-13 15:17:00,2593.35,2593.35,2593.35,2593.35,25,0,2593.35,2440.85,2711.55
363,2021-01-13 15:18:00,2593.35,2593.35,2593.35,2593.35,25,0,2593.35,2440.85,2711.55
364,2021-01-13 15:19:00,2593.35,2593.35,2593.35,2593.35,25,0,2593.35,2440.85,2711.55
365,2021-01-13 15:20:00,2593.35,2593.35,2593.35,2593.35,25,0,2593.35,2440.85,2711.55
366,2021-01-13 15:21:00,2593.35,2593.35,2593.35,2593.35,25,0,2593.35,2440.85,2711.55
367,2021-01-13 15:22:00,2593.35,2593.35,2593.35,2593.35,25,0,2593.35,2440.85,2711.55
368,2021-01-13 15:23:00,2593.35,2593.35,2593.35,2593.35,25,0,2593.35,2440.85,2711.55
369,2021-01-13 15:24:00,2593.35,2593.35,2593.35,2593.35,25,0,2593.35,2440.85,2711.55
370,2021-01-13 15:25:00,2593.35,2593.35,2593.35,2593.35,25,0,2593.35,2440.85,2711.55
371,2021-01-13 15:26:00,2593.35,2593.35,2593.35,2593.35,25,0,2593.35,2440.85,2711.55
372,2021-01-13 15:27:00,2593.35,2593.35,2593.35,2593.35,25,0,2593.35,2440.85,2711.55
373,2021-01-13 15:28:00,2593.35,2593.35,2593.35,2593.35,25,0,2593.35,2440.85,2711.55
374,2021-01-13 15:29:00,2593.35,2593.35,2593.35,2593.35,25,0,2593.35,2440.85,2711.55
375,2021-01-13 15:30:00,2593.35,2593.35,2593.35,2593.35,25,0,2593.35,2440.85,2711.55
376,2021-01-13 09:15:00,2593.35,2593.35,2593.35,2593.35,25,0,2593.35,2440.85,2711.55
377,2021-01-13 09:16:00,2593.35,2593.35,2593.35,2593.35,25,0,2593.35,2440.85,2711.55
378,2021-01-13 09:17:00,2593.35,2593.35,2593.35,2593.35,25,0,2593.35,2440.85,2711.55
379,2021-01-13 09:18:00,2593.35,2593.35,2593.35,2593.35,25,0,2593.35,2440.85,2711.55
380,2021-01-13 09:19:00,2593.35,2593.35,2593.35,2593.35,25,0,2593.35,2440.85,2711.55
381,2021-01-13 09:20:00,2593.35,2593.35,2593.35,2593.35,25,0,2593.35,2440.85,2711.55
382,2021-01-13 09:21:00,2593.35,2593.35,2593.35,2593.35,25,0,2593.35,2440.85,2711.55
383,2021-01-13 09:22:00,2593.35,2593.35,2593.35,2593.35,25,0,2593.35,2440.85,2711.55
384,2021-01-13 09:23:00,2593.35,2593.35,2593.35,2593.35,25,0,2593.35,2440.85,2711.55
385,2021-01-13 09:24:00,2593.35,2593.35,2593.35,2593.35,25,0,2593.35,2440.85,2711.55
386,2021-01-13 09:25:00,2593.35,2593.35,2593.35,2593.35,25,0,2593.35,2440.85,2711.55
387,2021-01-13 09:26:00,2593.35,2593.35,2593.35,2593.35,25,0,2593.35,2440.85,2711.55
388,2021-01-13 09:27:00,2593.35,2593.35,2593.35,2593.35,25,0,2593.35,2440.85,2711.55
389,2021-01-13 09:28:00,2593.35,2593.35,2593.35,2593.35,25,0,2593.35,2440.85,2711.55
390,2021-01-13 09:29:00,2593.35,2593.35,2593.35,2593.35,25,0,2593.35,2440.85,2711.55
391,2021-01-13 09:30:00,2593.35,2593.35,2593.35,2593.35,25,0,2593.35,2440.85,2711.55
392,2021-01-13 09:31:00,2593.35,2593.35,2593.35,2593.35,25,0,2593.35,2440.85,2711.55
393,2021-01-13 09:32:00,2593.35,2593.35,2593.35,2593.35,25,0,2593.35,2440.85,2711.55
394,2021-01-13 09:33:00,2593.35,2593.35,2593.35,2593.35,25,0,2593.35,2440.85,2711.55
395,2021-01-13 09:34:00,2593.35,2593.35,2593.35,2593.35,25,0,2593.35,2440.85,2711.55
396,2021-01-13 09:35:00,2593.35,2593.35,2593.35,2593.35,25,0,2593.35,2440.85,2711.55
397,2021-01-13 09:36:00,2593.35,2593.35,2593.35,2593.35,25,0,2593.35,2440.85,2711.55
398,2021-01-13 09:37:00,2593.35,2593.35,2593.35,2593.35,25,0,2593.35,2440.85,2711.55
399,2021-01-13 09:38:00,2593.35,2593.35,2593.35,2593.35,25,0,2593.35,2440.85,2711.55
400,2021-01-13 09:39:00,2593.35,2593.35,2593.35,2593.35,25,0,2593.35,2440.85,2711.55
401,2021-01-13 09:40:00,2593.35,2593.35,2593.35,2593.35,25,0,2593.35,2440.85,2711.55
402,2021-01-13 09:41:00,2593.35,2593.35,2593.35,2593.35,25,0,2593.35,2440.85,2711.55
403,2021-01-13 09:42:00,2593.35,2593.35,2593.35,2593.35,25,0,2593.35,2440.85,2711.55
404,2021-01-13 09:43:00,2593.35,2593.35,2593.35,2593.35,25,0,2593.35,2440.85,2711.55
405,2021-01-13 09:44:00,2593.35,2593.35,2593.35,2593.35,25,0,2593.35,2440.85,2711.55
406,2021-01-13 09:45:00,2593.35,2593.35,2593.35,2593.35,25,0,2593.35,2440.85,2711.55
407,2021-01-13 09:46:00,2593.35,2593.35,2593.35,2593.35,25,0,2593.35,2440.85,2711.55
408,2021-01-13 09:47:00,2593.35,2593.35,2593.35,2593.35,25,0,2593.35,2440.85,2711.55
409,2021-01-13 09:48:00,2593.35,2593.35,2593.35,2593.35,25,0,2593.35,2440.85,2711.55
410,2021-01-13 09:49:00,2593.35,2593.35,2593.35,2593.35,25,0,2593.35,2440.85,2711.55
411,2021-01-13 09:50:00,2593.35,2593.35,2593.35,2593.35,25,0,2593.35,2440.85,2711.55
412,2021-01-13 09:51:00,2593.35,2593.35,2593.35,2593.35,25,0,2593.35,2440.85,2711.55
413,2021-01-13 09:52:00,2593.35,2593.35,2593.35,2593.35,25,0,2593.35,2440.85,2711.55
414,2021-01-13 09:53:00,2593.35,2593.35,2593.35,2593.35,25,0,2593.35,2440.85,2711.55
415,2021-01-13 09:54:00,2593.35,2593.35,2593.35,2593.35,25,0,2593.35,2440.85,2711.55
416,2021-01-13 09:55:00,2593.35,2593.35,2593.35,2593.35,25,0,2593.35,2440.85,2711.55
417,2021-01-13 09:56:00,2593.35,2593.35,2593.35,2593.35,25,0,2593.35,2440.85,2711.55
418,2021-01-13 09:57:00,2593.35,2593.35,2593.35,2593.35,25,0,2593.35,2440.85,2711.55
419,2021-01-13 09:58:00,2593.35,2593.35,2593.35,2593.35,25,0,2593.35,2440.85,2711.55
420,2021-01-13 09:59:00,2593.35,2593.35,2593.35,2593.35,25,0,2593.35,2440.85,2711.55
421,2021-01-13 10:00:00,2593.35,2593.35,2593.35,2593.35,25,0,2593.35,2440.85,2711.55
422,2021-01-13 10:01:00,2593.35,2593.35,2593.35,2593.35,25,0,2593.35,2440.85,2711.55
423,2021-01-13 10:02:00,2593.35,2593.35,2593.35,2593.35,25,0,2593.35,2440.85,2711.55
424,2021-01-13 10:03:00,2593.35,2593.35,2593.35,2593.35,25,0,2593.35,2440.85,2711.55
425,2021-01-13 10:04:00,2593.35,2593.35,2593.35,2593.35,25,0,2593.35,2440.85,2711.55
426,2021-01-13 10:05:00,2593.35,2593.35,2593.35,2593.35,25,0,2593.35,2440.85,2711.55
427,2021-01-13 10:06:00,2593.35,2593.35,2593.35,2593.35,25,0,2593.35,2440.85,2711.55
428,2021-01-13 10:07:00,2593.35,2593.35,2593.35,2593.35,25,0,2593.35,2440.85,2711.55
429,2021-01-13 10:08:00,2593.35,2593.35,2593.35,2593.35,25,0,2593.35,2440.85,2711.55
430,2021-01-13 10:09:00,2593.35,2593.35,2593.35,2593.35,25,0,2593.35,2440.85,2711.55
431,2021-01-13 10:10:00,2593.35,2593.35,2593.35,2593.35,25,0,2593.35,2440.85,2711.55
432,2021-01-13 10:11:00,2593.35,2593.35,2593.35,2593.35,25,0,2593.35,2440.85,2711.55
433,2021-01-13 10:12:00,2593.35,2593.35,2593.35,2593.35,25,0,2593.35,2440.85,2711.55
434,2021-01-13 10:13:00,2593.35,2593.35,2593.35,2593.35,25,0,2593.35,2440.85,2711.55
435,2021-01-13 10:14:00,2593.35,2593.35,2593.35,2593.35,25,0,2593.35,2440.85,2711.55
436,2021-01-13 10:15:00,2593.35,2593.35,2593.35,2593.35,25,0,2593.35,2440.85,2711.55
437,2021-01-13 10:16:00,2593.35,2593.35,2593.35,2593.35,25,0,2593.35,2440.85,2711.55
438,2021-01-13 10:17:00,2593.35,2593.35,2593.35,2593.35,25,0,2593.35,2440.85,2711.55
439,2021-01-13 10:18:00,2593.35,2593.35,2593.35,2593.35,25,0,2593.35,2440.85,2711.55
440,2021-01-13 10:19:00,2593.35,2593.35,2593.35,2593.35,25,0,2593.35,2440.85,2711.55
441,2021-01-13 10:20:00,2593.35,2593.35,2593.35,2593.35,25,0,2593.35,2440.85,2711.55
442,2021-01-13 10:21:00,2593.35,2593.35,2593.35,2593.35,25,0,2593.35,2440.85,2711.55
443,2021-01-13 10:22:00,2593.35,2593.35,2593.35,2593.35,25,0,2593.35,2440.85,2711.55
444,2021-01-13 10:23:00,2593.35,2593.35,2593.35,2593.35,25,0,2593.35,2440.85,2711.55
445,2021-01-13 10:24:00,2593.35,2593.35,2593.35,2593.35,25,0,2593.35,2440.85,2711.55
446,2021-01-13 10:25:00,2593.35,2593.35,2593.35,2593.35,25,0,2593.35,2440.85,2711.55
447,2021-01-13 10:26:00,2593.35,2593.35,2593.35,2593.35,25,0,2593.35,2440.85,2711.55
448,2021-01-13 10:27:00,2593.35,2593.35,2593.35,2593.35,25,0,2593.35,2440.85,2711.55
449,2021-01-13 10:28:00,2593.35,2593.35,2593.35,2593.35,25,0,2593.35,2440.85,2711.55
450,2021-01-13 10:29:00,2593.35,2593.35,2593.35,2593.35,25,0,2593.35,2440.85,2711.55
451,2021-01-13 10:30:00,2593.35,2593.35,2593.35,2593.35,25,0,2593.35,2440.85,2711.55
452,2021-01-13 10:31:00,2593.35,2593.35,2593.35,2593.35,25,0,2593.35,2440.85,2711.55
453,2021-01-13 10:32:00,2593.35,2593.35,2593.35,2593.35,25,0,2593.35,2440.85,2711.55
454,2021-01-13 10:33:00,2593.35,2593.35,2593.35,2593.35,25,0,2593.35,2440.85,2711.55
455,2021-01-13 10:34:00,2593.35,2593.35,2593.35,2593.35,25,0,2593.35,2440.85,2711.55
456,2021-01-13 10:35:00,2593.35,2593.35,2593.35,2593.35,25,0,2593.35,2440.85,2711.55
457,2021-01-13 10:36:00,2593.35,2593.35,2593.35,2593.35,25,0,2593.35,2440.85,2711.55
458,2021-01-13 10:37:00,2593.35,2593.35,2593.35,2593.35,25,0,2593.35,2440.85,2711.55
459,2021-01-13 10:38:00,2593.35,2593.35,2593.35,2593.35,25,0,2593.35,2440.85,2711.55
460,2021-01-13 10:39:00,2593.35,2593.35,2593.35,2593.35,25,0,2593.35,2440.85,2711.55
461,2021-01-13 10:40:00,2593.35,2593.35,2593.35,2593.35,25,0,2593.35,2440.85,2711.55
462,2021-01-13 10:41:00,2593.35,2593.35,2593.35,2593.35,25,0,2593.35,2440.85,2711.55
463,2021-01-13 10:42:00,2593.35,2593.35,2593.35,2593.35,25,0,2593.35,2440.85,2711.55
464,2021-01-13 10:43:00,2593.35,2593.35,2593.35,2593.35,25,0,2593.35,2440.85,2711.55
465,2021-01-13 10:44:00,2593.35,2593.35,2593.35,2593.35,25,0,2593.35,2440.85,2711.55
466,2021-01-13 10:45:00,2593.35,2593.35,2593.35,2593.35,25,0,2593.35,2440.85,2711.55
467,2021-01-13 10:46:00,2593.35,2593.35,2593.35,2593.35,25,0,2593.35,2440.85,2711.55
468,2021-01-13 10:47:00,2593.35,2593.35,2593.35,2593.35,25,0,2593.35,2440.85,2711.55
469,2021-01-13 10:48:00,2593.35,2593.35,2593.35,2593.35,25,0,2593.35,2440.85,2711.55
470,2021-01-13 10:49:00,2593.35,2593.35,2593.35,2593.35,25,0,2593.35,2440.85,2711.55
471,2021-01-13 10:50:00,2593.35,2593.35,2593.35,2593.35,25,0,2593.35,2440.85,2711.55
472,2021-01-13 10:51:00,2593.35,2593.35,2593.35,2593.35,25,0,2593.35,2440.85,2711.55
473,2021-01-13 10:52:00,2593.35,2593.35,2593.35,2593.35,25,0,2593.35,2440.85,2711.55
474,2021-01-13 10:53:00,2593.35,2593.35,2593.35,2593.35,25,0,2593.35,2440.85,2711.55
475,2021-01-13 10:54:00,2593.35,2593.35,2593.35,2593.35,25,0,2593.35,2440.85,2711.55
476,2021-01-13 10:55:00,2593.35,2593.35,2593.35,2593.35,25,0,2593.35,2440.85,2711.55
477,2021-01-13 10:56:00,2593.35,2593.35,2593.35,2593.35,25,0,2593.35,2440.85,2711.55
478,2021-01-13 10:57:00,2593.35,2593.35,2593.35,2593.35,25,0,2593.35,2440.85,2711.55
479,2021-01-13 10:58:00,2593.35,2593.35,2593.35,2593.35,25,0,2593.35,2440.85,2711.55
480,2021-01-13 10:59:00,2593.35,2593.35,2593.35,2593.35,25,0,2593.35,2440.85,2711.55
481,2021-01-13 11:00:00,2593.35,2593.35,2593.35,2593.35,25,0,2593.35,2440.85,2711.55
482,2021-01-13 11:01:00,2593.35,2593.35,2593.35,2593.35,25,0,2593.35,2440.85,2711.55
483,2021-01-13 11:02:00,2593.35,2593.35,2593.35,2593.35,25,0,2593.35,2440.85,2711.55
484,2021-01-13 11:03:00,2593.35,2593.35,2593.35,2593.35,25,0,2593.35,2440.85,2711.55
485,2021-01-13 11:04:00,2593.35,2593.35,2593.35,2593.35,25,0,2593.35,2440.85,2711.55
486,2021-01-13 11:05:00,2593.35,2593.35,2593.35,2593.35,25,0,2593.35,2440.85,2711.55
487,2021-01-13 11:06:00,2593.35,2593.35,2593.35,2593.35,25,0,2593.35,2440.85,2711.55
488,2021-01-13 11:07:00,2593.35,2593.35,2593.35,2593.35,25,0,2593.35,2440.85,2711.55
489,2021-01-13 11:08:00,2593.35,2593.35,2593.35,2593.35,25,0,2593.35,2440.85,2711.55
490,2021-01-13 11:09:00,2593.35,2593.35,2593.35,2593.35,25,0,2593.35,2440.85,2711.55
491,2021-01-13 11:10:00,2593.35,2593.35,2593.35,2593.35,25,0,2593.35,2440.85,2711.55
492,2021-01-13 11:11:00,2593.35,2593.35,2593.35,2593.35,25,0,2593.35,2440.85,2711.55
493,2021-01-13 11:12:00,2593.35,2593.35,2593.35,2593.35,25,0,2593.35,2440.85,2711.55
494,2021-01-13 11:13:00,2593.35,2593.35,2593.35,2593.35,25,0,2593.35,2440.85,2711.55
495,2021-01-13 11:14:00,2593.35,2593.35,2593.35,2593.35,25,0,2593.35,2440.85,2711.55
496,2021-01-13 11:15:00,2593.35,2593.35,2593.35,2593.35,25,0,2593.35,2440.85,2711.55
497,2021-01-13 11:16:00,2593.35,2593.35,2593.35,2593.35,25,0,2593.35,2440.85,2711.55
498,2021-01-13 11:17:00,2593.35,2593.35,2593.35,2593.35,25,0,2593.35,2440.85,2711.55
499,2021-01-13 11:18:00,2593.35,2593.35,2593.35,2593.35,25,0,2593.35,2440.85,2711.55
500,2021-01-13 11:19:00,2593.35,2593.35,2593.35,2593.35,25,0,2593.35,2440.85,2711.55
501,2021-01-13 11:20:00,2593.35,2593.35,2593.35,2593.35,25,0,2593.35,2440.85,2711.55
502,2021-01-13 11:21:00,2593.35,2593.35,2593.35,2593.35,25,0,2593.35,2440.85,2711.55
503,2021-01-13 11:22:00,2593.35,2593.35,2593.35,2593.35,25,0,2593.35,2440.85,2711.55
504,2021-01-13 11:23:00,2593.35,2593.35,2593.35,2593.35,25,0,2593.35,2440.85,2711.55
505,2021-01-13 11:24:00,2593.35,2593.35,2593.35,2593.35,25,0,2593.35,2440.85,2711.55
506,2021-01-13 11:25:00,2593.35,2593.35,2593.35,2593.35,25,0,2593.35,2440.85,2711.55
507,2021-01-13 11:26:00,2593.35,2593.35,2593.35,2593.35,25,0,2593.35,2440.85,2711.55
508,2021-01-13 11:27:00,2593.35,2593.35,2593.35,2593.35,25,0,2593.35,2440.85,2711.55
509,2021-01-13 11:28:00,2593.35,2593.35,2593.35,2593.35,25,0,2593.35,2440.85,2711.55
510,2021-01-13 11:29:00,2593.35,2593.35,2593.35,2593.35,25,0,2593.35,2440.85,2711.55
511,2021-01-13 11:30:00,2593.35,2593.35,2593.35,2593.35,25,0,2593.35,2440.85,2711.55
512,2021-01-13 11:31:00,2593.35,2593.35,2593.35,2593.35,25,0,2593.35,2440.85,2711.55
513,2021-01-13 11:32:00,2593.35,2593.35,2593.35,2593.35,25,0,2593.35,2440.85,2711.55
514,2021-01-13 11:33:00,2593.35,2593.35,2593.35,2593.35,25,0,2593.35,2440.85,2711.55
515,2021-01-13 11:34:00,2593.35,2593.35,2593.35,2593.35,25,0,2593.35,2440.85,2711.55
516,2021-01-13 11:35:00,2593.35,2593.35,2593.35,2593.35,25,0,2593.35,2440.85,2711.55
517,2021-01-13 11:36:00,2593.35,2593.35,2593.35,2593.35,25,0,2593.35,2440.85,2711.55
518,2021-01-13 11:37:00,2593.35,2593.35,2593.35,2593.35,25,0,2593.35,2440.85,2711.55
519,2021-01-13 11:38:00,2593.35,2593.35,2593.35,2593.35,25,0,2593.35,2440.85,2711.55
520,2021-01-13 11:39:00,2593.35,2593.35,2593.35,2593.35,25,0,2593.35,2440.85,2711.55
521,2021-01-13 11:40:00,2593.35,2593.35,2593.35,2593.35,25,0,2593.35,2440.85,2711.55
522,2021-01-13 11:41:00,2593.35,2593.35,2593.35,2593.35,25,0,2593.35,2440.85,2711.55
523,2021-01-13 11:42:00,2593.35,2593.35,2593.35,2593.35,25,0,2593.35,2440.85,2711.55
524,2021-01-13 11:43:00,2593.35,2593.35,2593.35,2593.35,25,0,2593.35,2440.85,2711.55
525,2021-01-13 11:44:00,2593.35,2593.35,2593.35,2593.35,25,0,2593.35,2440.85,2711.55
526,2021-01-13 11:45:00,2593.35,2593.35,2593.35,2593.35,25,0,2593.35,2440.85,2711.55
527,2021-01-13 11:46:00,2593.35,2593.35,2593.35,2593.35,25,0,2593.35,2440.85,2711.55
528,2021-01-13 11:47:00,2593.35,2593.35,2593.35,2593.35,25,0,2593.35,2440.85,2711.55
529,2021-01-13 11:48:00,2593.35,2593.35,2593.35,2593.35,25,0,2593.35,2440.85,2711.55
530,2021-01-13 11:49:00,2593.35,2593.35,2593.35,2593.35,25,0,2593.35,2440.85,2711.55
531,2021-01-13 11:50:00,2593.35,2593.35,2593.35,2593.35,25,0,2593.35,2440.85,2711.55
532,2021-01-13 11:51:00,2593.35,2593.35,2593.35,2593.35,25,0,2593.35,2440.85,2711.55
533,2021-01-13 11:52:00,2593.35,2593.35,2593.35,2593.35,25,0,2593.35,2440.85,2711.55
534,2021-01-13 11:53:00,2593.35,2593.35,2593.35,2593.35,25,0,2593.35,2440.85,2711.55
535,2021-01-13 11:54:00,2593.35,2593.35,2593.35,2593.35,25,0,2593.35,2440.85,2711.55
536,2021-01-13 11:55:00,2593.35,2593.35,2593.35,2593.35,25,0,2593.35,2440.85,2711.55
537,2021-01-13 11:56:00,2593.35,2593.35,2593.35,2593.35,25,0,2593.35,2440.85,2711.55
538,2021-01-13 11:57:00,2593.35,2593.35,2593.35,2593.35,25,0,2593.35,2440.85,2711.55
539,2021-01-13 11:58:00,2593.35,2593.35,2593.35,2593.35,25,0,2593.35,2440.85,2711.55
540,2021-01-13 11:59:00,2593.35,2593.35,2593.35,2593.35,25,0,2593.35,2440.85,2711.55
541,2021-01-13 12:00:00,2593.35,2593.35,2593.35,2593.35,25,0,2593.35,2440.85,2711.55
542,2021-01-13 12:01:00,2593.35,2593.35,2593.35,2593.35,25,0,2593.35,2440.85,2711.55
543,2021-01-13 12:02:00,2593.35,2593.35,2593.35,2593.35,25,0,2593.35,2440.85,2711.55
544,2021-01-13 12:03:00,2593.35,2593.35,2593.35,2593.35,25,0,2593.35,2440.85,2711.55
545,2021-01-13 12:04:00,2593.35,2593.35,2593.35,2593.35,25,0,2593.35,2440.85,2711.55
546,2021-01-13 12:05:00,2593.35,2593.35,2593.35,2593.35,25,0,2593.35,2440.85,2711.55
547,2021-01-13 12:06:00,2593.35,2593.35,2593.35,2593.35,25,0,2593.35,2440.85,2711.55
548,2021-01-13 12:07:00,2593.35,2593.35,2593.35,2593.35,25,0,2593.35,2440.85,2711.55
549,2021-01-13 12:08:00,2593.35,2593.35,2593.35,2593.35,25,0,2593.35,2440.85,2711.55
550,2021-01-13 12:09:00,2593.35,2593.35,2593.35,2593.35,25,0,2593.35,2440.85,2711.55
551,2021-01-13 12:10:00,2593.35,2593.35,2593.35,2593.35,25,0,2593.35,2440.85,2711.55
552,2021-01-13 12:11:00,2593.35,2593.35,2593.35,2593.35,25,0,2593.35,2440.85,2711.55
553,2021-01-13 12:12:00,2593.35,2593.35,2593.35,2593.35,25,0,2593.35,2440.85,2711.55
554,2021-01-13 12:13:00,2593.35,2593.35,2593.35,2593.35,25,0,2593.35,2440.85,2711.55
555,2021-01-13 12:14:00,2593.35,2593.35,2593.35,2593.35,25,0,2593.35,2440.85,2711.55
556,2021-01-13 12:15:00,2593.35,2593.35,2593.35,2593.35,25,0,2593.35,2440.85,2711.55
557,2021-01-13 12:16:00,2593.35,2593.35,2593.35,2593.35,25,0,2593.35,2440.85,2711.55
558,2021-01-13 12:17:00,2593.35,2593.35,2593.35,2593.35,25,0,2593.35,2440.85,2711.55
559,2021-01-13 12:18:00,2593.35,2593.35,2593.35,2593.35,25,0,2593.35,2440.85,2711.55
560,2021-01-13 12:19:00,2593.35,2593.35,2593.35,2593.35,25,0,2593.35,2440.85,2711.55
561,2021-01-13 12:20:00,2593.35,2593.35,2593.35,2593.35,25,0,2593.35,2440.85,2711.55
562,2021-01-13 12:21:00,2593.35,2593.35,2593.35,2593.35,25,0,2593.35,2440.85,2711.55
563,2021-01-13 12:22:00,2593.35,2593.35,2593.35,2593.35,25,0,2593.35,2440.85,2711.55
564,2021-01-13 12:23:00,2593.35,2593.35,2593.35,2593.35,25,0,2593.35,2440.85,2711.55
565,2021-01-13 12:24:00,2593.35,2593.35,2593.35,2593.35,25,0,2593.35,2440.85,2711.55
566,2021-01-13 12:25:00,2593.35,2593.35,2593.35,2593.35,25,0,2593.35,2440.85,2711.55
567,2021-01-13 12:26:00,2593.35,2593.35,2593.35,2593.35,25,0,2593.35,2440.85,2711.55
568,2021-01-13 12:27:00,2593.35,2593.35,2593.35,2593.35,25,0,2593.35,2440.85,2711.55
569,2021-01-13 12:28:00,2593.35,2593.35,2593.35,2593.35,25,0,2593.35,2440.85,2711.55
570,2021-01-13 12:29:00,2593.35,2593.35,2593.35,2593.35,25,0,2593.35,2440.85,2711.55
571,2021-01-13 12:30:00,2593.35,2593.35,2593.35,2593.35,25,0,2593.35,2440.85,2711.55
572,2021-01-13 12:31:00,2593.35,2593.35,2593.35,2593.35,25,0,2593.35,2440.85,2711.55
573,2021-01-13 12:32:00,2593.35,2593.35,2593.35,2593.35,25,0,2593.35,2440.85,2711.55
574,2021-01-13 12:33:00,2593.35,2593.35,2593.35,2593.35,25,0,2593.35,2440.85,2711.55
575,2021-01-13 12:34:00,2593.35,2593.35,2593.35,2593.35,25,0,2593.35,2440.85,2711.55
576,2021-01-13 12:35:00,2593.35,2593.35,2593.35,2593.35,25,0,2593.35,2440.85,2711.55
577,2021-01-13 12:36:00,2593.35,2593.35,2593.35,2593.35,25,0,2593.35,2440.85,2711.55
578,2021-01-13 12:37:00,2593.35,2593.35,2593.35,2593.35,25,0,2593.35,2440.85,2711.55
579,2021-01-13 12:38:00,2593.35,2593.35,2593.35,2593.35,25,0,2593.35,2440.85,2711.55
580,2021-01-13 12:39:00,2593.35,2593.35,2593.35,2593.35,25,0,2593.35,2440.85,2711.55
581,2021-01-13 12:40:00,2593.35,2593.35,2593.35,2593.35,25,0,2593.35,2440.85,2711.55
582,2021-01-13 12:41:00,2593.35,2593.35,2593.35,2593.35,25,0,2593.35,2440.85,2711.55
583,2021-01-13 12:42:00,2593.35,2593.35,2593.35,2593.35,25,0,2593.35,2440.85,2711.55
584,2021-01-13 12:43:00,2593.35,2593.35,2593.35,2593.35,25,0,2593.35,2440.85,2711.55
585,2021-01-13 12:44:00,2593.35,2593.35,2593.35,2593.35,25,0,2593.35,2440.85,2711.55
586,2021-01-13 12:45:00,2593.35,2593.35,2593.35,2593.35,25,0,2593.35,2440.85,2711.55
587,2021-01-13 12:46:00,2593.35,2593.35,2593.35,2593.35,25,0,2593.35,2440.85,2711.55
588,2021-01-13 12:47:00,2593.35,2593.35,2593.35,2593.35,25,0,2593.35,2440.85,2711.55
589,2021-01-13 12:48:00,2593.35,2593.35,2593.35,2593.35,25,0,2593.35,2440.85,2711.55
590,2021-01-13 12:49:00,2593.35,2593.35,2593.35,2593.35,25,0,2593.35,2440.85,2711.55
591,2021-01-13 12:50:00,2593.35,2593.35,2593.35,2593.35,25,0,2593.35,2440.85,2711.55
592,2021-01-13 12:51:00,2593.35,2593.35,2593.35,2593.35,25,0,2593.35,2440.85,2711.55
593,2021-01-13 12:52:00,2593.35,2593.35,2593.35,2593.35,25,0,2593.35,2440.85,2711.55
594,2021-01-13 12:53:00,2593.35,2593.35,2593.35,2593.35,25,0,2593.35,2440.85,2711.55
595,2021-01-13 12:54:00,2593.35,2593.35,2593.35,2593.35,25,0,2593.35,2440.85,2711.55
596,2021-01-13 12:55:00,2593.35,2593.35,2593.35,2593.35,25,0,2593.35,2440.85,2711.55
597,2021-01-13 12:56:00,2593.35,2593.35,2593.35,2593.35,25,0,2593.35,2440.85,2711.55
598,2021-01-13 12:57:00,2593.35,2593.35,2593.35,2593.35,25,0,2593.35,2440.85,2711.55
599,2021-01-13 12:58:00,2593.35,2593.35,2593.35,2593.35,25,0,2593.35,2440.85,2711.55
600,2021-01-13 12:59:00,2593.35,2593.35,2593.35,2593.35,25,0,2593.35,2440.85,2711.55
601,2021-01-13 13:00:00,2593.35,2593.35,2593.35,2593.35,25,0,2593.35,2440.85,2711.55
602,2021-01-13 13:01:00,2593.35,2593.35,2593.35,2593.35,25,0,2593.35,2440.85,2711.55
603,2021-01-13 13:02:00,2593.35,2593.35,2593.35,2593.35,25,0,2593.35,2440.85,2711.55
604,2021-01-13 13:03:00,2593.35,2593.35,2593.35,2593.35,25,0,2593.35,2440.85,2711.55
605,2021-01-13 13:04:00,2593.35,2593.35,2593.35,2593.35,25,0,2593.35,2440.85,2711.55
606,2021-01-13 13:05:00,2593.35,2593.35,2593.35,2593.35,25,0,2593.35,2440.85,2711.55
607,2021-01-13 13:06:00,2593.35,2593.35,2593.35,2593.35,25,0,2593.35,2440.85,2711.55
608,2021-01-13 13:07:00,2593.35,2593.35,2593.35,2593.35,25,0,2593.35,2440.85,2711.55
609,2021-01-13 13:08:00,2593.35,2593.35,2593.35,2593.35,25,0,2593.35,2440.85,2711.55
610,2021-01-13 13:09:00,2593.35,2593.35,2593.35,2593.35,25,0,2593.35,2440.85,2711.55
611,2021-01-13 13:10:00,2593.35,2593.35,2593.35,2593.35,25,0,2593.35,2440.85,2711.55
612,2021-01-13 13:11:00,2593.35,2593.35,2593.35,2593.35,25,0,2593.35,2440.85,2711.55
613,2021-01-13 13:12:00,2593.35,2593.35,2593.35,2593.35,25,0,2593.35,2440.85,2711.55
614,2021-01-13 13:13:00,2593.35,2593.35,2593.35,2593.35,25,0,2593.35,2440.85,2711.55
615,2021-01-13 13:14:00,2593.35,2593.35,2593.35,2593.35,25,0,2593.35,2440.85,2711.55
616,2021-01-13 13:15:00,2593.35,2593.35,2593.35,2593.35,25,0,2593.35,2440.85,2711.55
617,2021-01-13 13:16:00,2593.35,2593.35,2593.35,2593.35,25,0,2593.35,2440.85,2711.55
618,2021-01-13 13:17:00,2593.35,2593.35,2593.35,2593.35,25,0,2593.35,2440.85,2711.55
619,2021-01-13 13:18:00,2593.35,2593.35,2593.35,2593.35,25,0,2593.35,2440.85,2711.55
620,2021-01-13 13:19:00,2593.35,2593.35,2593.35,2593.35,25,0,2593.35,2440.85,2711.55
621,2021-01-13 13:20:00,2593.35,2593.35,2593.35,2593.35,25,0,2593.35,2440.85,2711.55
622,2021-01-13 13:21:00,2593.35,2593.35,2593.35,2593.35,25,0,2593.35,2440.85,2711.55
623,2021-01-13 13:22:00,2593.35,2593.35,2593.35,2593.35,25,0,2593.35,2440.85,2711.55
624,2021-01-13 13:23:00,2593.35,2593.35,2593.35,2593.35,25,0,2593.35,2440.85,2711.55
625,2021-01-13 13:24:00,2593.35,2593.35,2593.35,2593.35,25,0,2593.35,2440.85,2711.55
626,2021-01-13 13:25:00,2593.35,2593.35,2593.35,2593.35,25,0,2593.35,2440.85,2711.55
627,2021-01-13 13:26:00,2593.35,2593.35,2593.35,2593.35,25,0,2593.35,2440.85,2711.55
628,2021-01-13 13:27:00,2593.35,2593.35,2593.35,2593.35,25,0,2593.35,2440.85,2711.55
629,2021-01-13 13:28:00,2593.35,2593.35,2593.35,2593.35,25,0,2593.35,2440.85,2711.55
630,2021-01-13 13:29:00,2593.35,2593.35,2593.35,2593.35,25,0,2593.35,2440.85,2711.55
631,2021-01-13 13:30:00,2593.35,2593.35,2593.35,2593.35,25,0,2593.35,2440.85,2711.55
632,2021-01-13 13:31:00,2593.35,2593.35,2593.35,2593.35,25,0,2593.35,2440.85,2711.55
633,2021-01-13 13:32:00,2593.35,2593.35,2593.35,2593.35,25,0,2593.35,2440.85,2711.55
634,2021-01-13 13:33:00,2593.35,2593.35,2593.35,2593.35,25,0,2593.35,2440.85,2711.55
635,2021-01-13 13:34:00,2593.35,2593.35,2593.35,2593.35,25,0,2593.35,2440.85,2711.55
636,2021-01-13 13:35:00,2593.35,2593.35,2593.35,2593.35,25,0,2593.35,2440.85,2711.55
637,2021-01-13 13:36:00,2593.35,2593.35,2593.35,2593.35,25,0,2593.35,2440.85,2711.55
638,2021-01-13 13:37:00,2593.35,2593.35,2593.35,2593.35,25,0,2593.35,2440.85,2711.55
639,2021-01-13 13:38:00,2593.35,2593.35,2593.35,2593.35,25,0,2593.35,2440.85,2711.55
640,2021-01-13 13:39:00,2593.35,2593.35,2593.35,2593.35,25,0,2593.35,2440.85,2711.55
641,2021-01-13 13:40:00,2593.35,2593.35,2593.35,2593.35,25,0,2593.35,2440.85,2711.55
642,2021-01-13 13:41:00,2593.35,2593.35,2593.35,2593.35,25,0,2593.35,2440.85,2711.55
643,2021-01-13 13:42:00,2593.35,2593.35,2593.35,2593.35,25,0,2593.35,2440.85,2711.55
644,2021-01-13 13:43:00,2593.35,2593.35,2593.35,2593.35,25,0,2593.35,2440.85,2711.55
645,2021-01-13 13:44:00,2593.35,2593.35,2593.35,2593.35,25,0,2593.35,2440.85,2711.55
646,2021-01-13 13:45:00,2593.35,2593.35,2593.35,2593.35,25,0,2593.35,2440.85,2711.55
647,2021-01-13 13:46:00,2593.35,2593.35,2593.35,2593.35,25,0,2593.35,2440.85,2711.55
648,2021-01-13 13:47:00,2593.35,2593.35,2593.35,2593.35,25,0,2593.35,2440.85,2711.55
649,2021-01-13 13:48:00,2593.35,2593.35,2593.35,2593.35,25,0,2593.35,2440.85,2711.55
650,2021-01-13 13:49:00,2593.35,2593.35,2593.35,2593.35,25,0,2593.35,2440.85,2711.55
651,2021-01-13 13:50:00,2593.35,2593.35,2593.35,2593.35,25,0,2593.35,2440.85,2711.55
652,2021-01-13 13:51:00,2593.35,2593.35,2593.35,2593.35,25,0,2593.35,2440.85,2711.55
653,2021-01-13 13:52:00,2593.35,2593.35,2593.35,2593.35,25,0,2593.35,2440.85,2711.55
654,2021-01-13 13:53:00,2593.35,2593.35,2593.35,2593.35,25,0,2593.35,2440.85,2711.55
655,2021-01-13 13:54:00,2593.35,2593.35,2593.35,2593.35,25,0,2593.35,2440.85,2711.55
656,2021-01-13 13:55:00,2593.35,2593.35,2593.35,2593.35,25,0,2593.35,2440.85,2711.55
657,2021-01-13 13:56:00,2593.35,2593.35,2593.35,2593.35,25,0,2593.35,2440.85,2711.55
658,2021-01-13 13:57:00,2593.35,2593.35,2593.35,2593.35,25,0,2593.35,2440.85,2711.55
659,2021-01-13 13:58:00,2593.35,2593.35,2593.35,2593.35,25,0,2593.35,2440.85,2711.55
660,2021-01-13 13:59:00,2593.35,2593.35,2593.35,2593.35,25,0,2593.35,2440.85,2711.55
661,2021-01-13 14:00:00,2593.35,2593.35,2593.35,2593.35,25,0,2593.35,2440.85,2711.55
662,2021-01-13 14:01:00,2593.35,2593.35,2593.35,2593.35,25,0,2593.35,2440.85,2711.55
663,2021-01-13 14:02:00,2593.35,2593.35,2593.35,2593.35,25,0,2593.35,2440.85,2711.55
664,2021-01-13 14:03:00,2593.35,2593.35,2593.35,2593.35,25,0,2593.35,2440.85,2711.55
665,2021-01-13 14:04:00,2593.35,2593.35,2593.35,2593.35,25,0,2593.35,2440.85,2711.55
666,2021-01-13 14:05:00,2593.35,2593.35,2593.35,2593.35,25,0,2593.35,2440.85,2711.55
667,2021-01-13 14:06:00,2593.35,2593.35,2593.35,2593.35,25,0,2593.35,2440.85,2711.55
668,2021-01-13 14:07:00,2593.35,2593.35,2593.35,2593.35,25,0,2593.35,2440.85,2711.55
669,2021-01-13 14:08:00,2593.35,2593.35,2593.35,2593.35,25,0,2593.35,2440.85,2711.55
670,2021-01-13 14:09:00,2593.35,2593.35,2593.35,2593.35,25,0,2593.35,2440.85,2711.55
671,2021-01-13 14:10:00,2593.35,2593.35,2593.35,2593.35,25,0,2593.35,2440.85,2711.55
672,2021-01-13 14:11:00,2593.35,2593.35,2593.35,2593.35,25,0,2593.35,2440.85,2711.55
673,2021-01-13 14:12:00,2593.35,2593.35,2593.35,2593.35,25,0,2593.35,2440.85,2711.55
674,2021-01-13 14:13:00,2593.35,2593.35,2593.35,2593.35,25,0,2593.35,2440.85,2711.55
675,2021-01-13 14:14:00,2593.35,2593.35,2593.35,2593.35,25,0,2593.35,2440.85,2711.55
676,2021-01-13 14:15:00,2593.35,2593.35,2593.35,2593.35,25,0,2593.35,2440.85,2711.55
677,2021-01-13 14:16:00,2593.35,2593.35,2593.35,2593.35,25,0,2593.35,2440.85,2711.55
678,2021-01-13 14:17:00,2593.35,2593.35,2593.35,2593.35,25,0,2593.35,2440.85,2711.55
679,2021-01-13 14:18:00,2593.35,2593.35,2593.35,2593.35,25,0,2593.35,2440.85,2711.55
680,2021-01-13 14:19:00,2593.35,2593.35,2593.35,2593.35,25,0,2593.35,2440.85,2711.55
681,2021-01-13 14:20:00,2593.35,2593.35,2593.35,2593.35,25,0,2593.35,2440.85,2711.55
682,2021-01-13 14:21:00,2593.35,2593.35,2593.35,2593.35,25,0,2593.35,2440.85,2711.55
683,2021-01-13 14:22:00,2593.35,2593.35,2593.35,2593.35,25,0,2593.35,2440.85,2711.55
684,2021-01-13 14:23:00,2593.35,2593.35,2593.35,2593.35,25,0,2593.35,2440.85,2711.55
685,2021-01-13 14:24:00,2593.35,2593.35,2593.35,2593.35,25,0,2593.35,2440.85,2711.55
686,2021-01-13 14:25:00,2593.35,2593.35,2593.35,2593.35,25,0,2593.35,2440.85,2711.55
687,2021-01-13 14:26:00,2593.35,2593.35,2593.35,2593.35,25,0,2593.35,2440.85,2711.55
688,2021-01-13 14:27:00,2593.35,2593.35,2593.35,2593.35,25,0,2593.35,2440.85,2711.55
689,2021-01-13 14:28:00,2593.35,2593.35,2593.35,2593.35,25,0,2593.35,2440.85,2711.55
690,2021-01-13 14:29:00,2593.35,2593.35,2593.35,2593.35,25,0,2593.35,2440.85,2711.55
691,2021-01-13 14:30:00,2593.35,2593.35,2593.35,2593.35,25,0,2593.35,2440.85,2711.55
692,2021-01-13 14:31:00,2593.35,2593.35,2593.35,2593.35,25,0,2593.35,2440.85,2711.55
693,2021-01-13 14:32:00,2593.35,2593.35,2593.35,2593.35,25,0,2593.35,2440.85,2711.55
694,2021-01-13 14:33:00,2593.35,2593.35,2593.35,2593.35,25,0,2593.35,2440.85,2711.55
695,2021-01-13 14:34:00,2593.35,2593.35,2593.35,2593.35,25,0,2593.35,2440.85,2711.55
696,2021-01-13 14:35:00,2593.35,2593.35,2593.35,2593.35,25,0,2593.35,2440.85,2711.55
697,2021-01-13 14:36:00,2593.35,2593.35,2593.35,2593.35,25,0,2593.35,2440.85,2711.55
698,2021-01-13 14:37:00,2593.35,2593.35,2593.35,2593.35,25,0,2593.35,2440.85,2711.55
699,2021-01-13 14:38:00,2593.35,2593.35,2593.35,2593.35,25,0,2593.35,2440.85,2711.55
700,2021-01-13 14:39:00,2593.35,2593.35,2593.35,2593.35,25,0,2593.35,2440.85,2711.55
701,2021-01-13 14:40:00,2593.35,2593.35,2593.35,2593.35,25,0,2593.35,2440.85,2711.55
702,2021-01-13 14:41:00,2593.35,2593.35,2593.35,2593.35,25,0,2593.35,2440.85,2711.55
703,2021-01-13 14:42:00,2593.35,2593.35,2593.35,2593.35,25,0,2593.35,2440.85,2711.55
704,2021-01-13 14:43:00,2593.35,2593.35,2593.35,2593.35,25,0,2593.35,2440.85,2711.55
705,2021-01-13 14:44:00,2593.35,2593.35,2593.35,2593.35,25,0,2593.35,2440.85,2711.55
706,2021-01-13 14:45:00,2593.35,2593.35,2593.35,2593.35,25,0,2593.35,2440.85,2711.55
707,2021-01-13 14:46:00,2593.35,2593.35,2593.35,2593.35,25,0,2593.35,2440.85,2711.55
708,2021-01-13 14:47:00,2593.35,2593.35,2593.35,2593.35,25,0,2593.35,2440.85,2711.55
709,2021-01-13 14:48:00,2593.35,2593.35,2593.35,2593.35,25,0,2593.35,2440.85,2711.55
710,2021-01-13 14:49:00,2593.35,2593.35,2593.35,2593.35,25,0,2593.35,2440.85,2711.55
711,2021-01-13 14:50:00,2593.35,2593.35,2593.35,2593.35,25,0,2593.35,2440.85,2711.55
712,2021-01-13 14:51:00,2593.35,2593.35,2593.35,2593.35,25,0,2593.35,2440.85,2711.55
713,2021-01-13 14:52:00,2593.35,2593.35,2593.35,2593.35,25,0,2593.35,2440.85,2711.55
714,2021-01-13 14:53:00,2593.35,2593.35,2593.35,2593.35,25,0,2593.35,2440.85,2711.55
715,2021-01-13 14:54:00,2593.35,2593.35,2593.35,2593.35,25,0,2593.35,2440.85,2711.55
716,2021-01-13 14:55:00,2593.35,2593.35,2593.35,2593.35,25,0,2593.35,2440.85,2711.55
717,2021-01-13 14:56:00,2593.35,2593.35,2593.35,2593.35,25,0,2593.35,2440.85,2711.55
718,2021-01-13 14:57:00,2593.35,2593.35,2593.35,2593.35,25,0,2593.35,2440.85,2711.55
719,2021-01-13 14:58:00,2593.35,2593.35,2593.35,2593.35,25,0,2593.35,2440.85,2711.55
720,2021-01-13 14:59:00,2593.35,2593.35,2593.35,2593.35,25,0,2593.35,2440.85,2711.55
721,2021-01-13 15:00:00,2593.35,2593.35,2593.35,2593.35,25,0,2593.35,2440.85,2711.55
722,2021-01-13 15:01:00,2593.35,2593.35,2593.35,2593.35,25,0,2593.35,2440.85,2711.55
723,2021-01-13 15:02:00,2593.35,2593.35,2593.35,2593.35,25,0,2593.35,2440.85,2711.55
724,2021-01-13 15:03:00,2593.35,2593.35,2593.35,2593.35,25,0,2593.35,2440.85,2711.55
725,2021-01-13 15:04:00,2593.35,2593.35,2593.35,2593.35,25,0,2593.35,2440.85,2711.55
726,2021-01-13 15:05:00,2593.35,2593.35,2593.35,2593.35,25,0,2593.35,2440.85,2711.55
727,2021-01-13 15:06:00,2593.35,2593.35,2593.35,2593.35,25,0,2593.35,2440.85,2711.55
728,2021-01-13 15:07:00,2593.35,2593.35,2593.35,2593.35,25,0,2593.35,2440.85,2711.55
729,2021-01-13 15:08:00,2593.35,2593.35,2593.35,2593.35,25,0,2593.35,2440.85,2711.55
730,2021-01-13 15:09:00,2593.35,2593.35,2593.35,2593.35,25,0,2593.35,2440.85,2711.55
731,2021-01-13 15:10:00,2593.35,2593.35,2593.35,2593.35,25,0,2593.35,2440.85,2711.55
732,2021-01-13 15:11:00,2593.35,2593.35,2593.35,2593.35,25,0,2593.35,2440.85,2711.55
733,2021-01-13 15:12:00,2593.35,2593.35,2593.35,2593.35,25,0,2593.35,2440.85,2711.55
734,2021-01-13 15:13:00,2593.35,2593.35,2593.35,2593.35,25,0,2593.35,2440.85,2711.55
735,2021-01-13 15:14:00,2593.35,2593.35,2593.35,2593.35,25,0,2593.35,2440.85,2711.55
736,2021-01-13 15:15:00,2593.35,2593.35,2593.35,2593.35,25,0,2593.35,2440.85,2711.55
737,2021-01-13 15:16:00,2593.35,2593.35,2593.35,2593.35,25,0,2593.35,2440.85,2711.55
738,2021-01-13 15:17:00,2593.35,2593.35,2593.35,2593.35,25,0,2593.35,2440.85,2711.55
739,2021-01-13 15:18:00,2593.35,2593.35,2593.35,2593.35,25,0,2593.35,2440.85,2711.55
740,2021-01-13 15:19:00,2593.35,2593.35,2593.35,2593.35,25,0,2593.35,2440.85,2711.55
741,2021-01-13 15:20:00,2593.35,2593.35,2593.35,2593.35,25,0,2593.35,2440.85,2711.55
742,2021-01-13 15:21:00,2593.35,2593.35,2593.35,2593.35,25,0,2593.35,2440.85,2711.55
743,2021-01-13 15:22:00,2593.35,2593.35,2593.35,2593.35,25,0,2593.35,2440.85,2711.55
744,2021-01-13 15:23:00,2593.35,2593.35,2593.35,2593.35,25,0,2593.35,2440.85,2711.55
745,2021-01-13 15:24:00,2593.35,2593.35,2593.35,2593.35,25,0,2593.35,2440.85,2711.55
746,2021-01-13 15:25:00,2593.35,2593.35,2593.35,2593.35,25,0,2593.35,2440.85,2711.55
747,2021-01-13 15:26:00,2593.35,2593.35,2593.35,2593.35,25,0,2593.35,2440.85,2711.55
748,2021-01-13 15:27:00,2593.35,2593.35,2593.35,2593.35,25,0,2593.35,2440.85,2711.55
749,2021-01-13 15:28:00,2593.35,2593.35,2593.35,2593.35,25,0,2593.35,2440.85,2711.55
750,2021-01-13 15:29:00,2593.35,2593.35,2593.35,2593.35,25,0,2593.35,2440.85,2711.55
751,2021-01-13 15:30:00,2593.35,2593.35,2593.35,2593.35,25,0,2593.35,2440.85,2711.55
