,datetime,open,high,low,close,volume,oi,vwap,best_bid,best_offer
0,2021-02-02 09:15:00,-1.0,-1.0,-1.0,-1.0,-1,-1,-1.0,-1.0,-1.0
1,2021-02-02 09:16:00,-1.0,-1.0,-1.0,-1.0,-1,-1,-1.0,-1.0,-1.0
2,2021-02-02 09:17:00,-1.0,-1.0,-1.0,-1.0,-1,-1,-1.0,-1.0,-1.0
3,2021-02-02 09:18:00,-1.0,-1.0,-1.0,-1.0,-1,-1,-1.0,-1.0,-1.0
4,2021-02-02 09:19:00,-1.0,-1.0,-1.0,-1.0,-1,-1,-1.0,-1.0,-1.0
5,2021-02-02 09:20:00,-1.0,-1.0,-1.0,-1.0,-1,-1,-1.0,-1.0,-1.0
6,2021-02-02 09:21:00,-1.0,-1.0,-1.0,-1.0,-1,-1,-1.0,-1.0,-1.0
7,2021-02-02 09:22:00,-1.0,-1.0,-1.0,-1.0,-1,-1,-1.0,-1.0,-1.0
8,2021-02-02 09:23:00,-1.0,-1.0,-1.0,-1.0,-1,-1,-1.0,-1.0,-1.0
9,2021-02-02 09:24:00,-1.0,-1.0,-1.0,-1.0,-1,-1,-1.0,-1.0,-1.0
10,2021-02-02 09:25:00,-1.0,-1.0,-1.0,-1.0,-1,-1,-1.0,-1.0,-1.0
11,2021-02-02 09:26:00,-1.0,-1.0,-1.0,-1.0,-1,-1,-1.0,-1.0,-1.0
12,2021-02-02 09:27:00,-1.0,-1.0,-1.0,-1.0,-1,-1,-1.0,-1.0,-1.0
13,2021-02-02 09:28:00,-1.0,-1.0,-1.0,-1.0,-1,-1,-1.0,-1.0,-1.0
14,2021-02-02 09:29:00,-1.0,-1.0,-1.0,-1.0,-1,-1,-1.0,-1.0,-1.0
15,2021-02-02 09:30:00,-1.0,-1.0,-1.0,-1.0,-1,-1,-1.0,-1.0,-1.0
16,2021-02-02 09:31:00,-1.0,-1.0,-1.0,-1.0,-1,-1,-1.0,-1.0,-1.0
17,2021-02-02 09:32:00,-1.0,-1.0,-1.0,-1.0,-1,-1,-1.0,-1.0,-1.0
18,2021-02-02 09:33:00,-1.0,-1.0,-1.0,-1.0,-1,-1,-1.0,-1.0,-1.0
19,2021-02-02 09:34:00,-1.0,-1.0,-1.0,-1.0,-1,-1,-1.0,-1.0,-1.0
20,2021-02-02 09:35:00,-1.0,-1.0,-1.0,-1.0,-1,-1,-1.0,-1.0,-1.0
21,2021-02-02 09:36:00,-1.0,-1.0,-1.0,-1.0,-1,-1,-1.0,-1.0,-1.0
22,2021-02-02 09:37:00,-1.0,-1.0,-1.0,-1.0,-1,-1,-1.0,-1.0,-1.0
23,2021-02-02 09:38:00,-1.0,-1.0,-1.0,-1.0,-1,-1,-1.0,-1.0,-1.0
24,2021-02-02 09:39:00,-1.0,-1.0,-1.0,-1.0,-1,-1,-1.0,-1.0,-1.0
25,2021-02-02 09:40:00,-1.0,-1.0,-1.0,-1.0,-1,-1,-1.0,-1.0,-1.0
26,2021-02-02 09:41:00,-1.0,-1.0,-1.0,-1.0,-1,-1,-1.0,-1.0,-1.0
27,2021-02-02 09:42:00,-1.0,-1.0,-1.0,-1.0,-1,-1,-1.0,-1.0,-1.0
28,2021-02-02 09:43:00,-1.0,-1.0,-1.0,-1.0,-1,-1,-1.0,-1.0,-1.0
29,2021-02-02 09:44:00,-1.0,-1.0,-1.0,-1.0,-1,-1,-1.0,-1.0,-1.0
30,2021-02-02 09:45:00,-1.0,-1.0,-1.0,-1.0,-1,-1,-1.0,-1.0,-1.0
31,2021-02-02 09:46:00,-1.0,-1.0,-1.0,-1.0,-1,-1,-1.0,-1.0,-1.0
32,2021-02-02 09:47:00,-1.0,-1.0,-1.0,-1.0,-1,-1,-1.0,-1.0,-1.0
33,2021-02-02 09:48:00,-1.0,-1.0,-1.0,-1.0,-1,-1,-1.0,-1.0,-1.0
34,2021-02-02 09:49:00,-1.0,-1.0,-1.0,-1.0,-1,-1,-1.0,-1.0,-1.0
35,2021-02-02 09:50:00,-1.0,-1.0,-1.0,-1.0,-1,-1,-1.0,-1.0,-1.0
36,2021-02-02 09:51:00,-1.0,-1.0,-1.0,-1.0,-1,-1,-1.0,-1.0,-1.0
37,2021-02-02 09:52:00,-1.0,-1.0,-1.0,-1.0,-1,-1,-1.0,-1.0,-1.0
38,2021-02-02 09:53:00,-1.0,-1.0,-1.0,-1.0,-1,-1,-1.0,-1.0,-1.0
39,2021-02-02 09:54:00,-1.0,-1.0,-1.0,-1.0,-1,-1,-1.0,-1.0,-1.0
40,2021-02-02 09:55:00,-1.0,-1.0,-1.0,-1.0,-1,-1,-1.0,-1.0,-1.0
41,2021-02-02 09:56:00,-1.0,-1.0,-1.0,-1.0,-1,-1,-1.0,-1.0,-1.0
42,2021-02-02 09:57:00,-1.0,-1.0,-1.0,-1.0,-1,-1,-1.0,-1.0,-1.0
43,2021-02-02 09:58:00,-1.0,-1.0,-1.0,-1.0,-1,-1,-1.0,-1.0,-1.0
44,2021-02-02 09:59:00,-1.0,-1.0,-1.0,-1.0,-1,-1,-1.0,-1.0,-1.0
45,2021-02-02 10:00:00,-1.0,-1.0,-1.0,-1.0,-1,-1,-1.0,-1.0,-1.0
46,2021-02-02 10:01:00,-1.0,-1.0,-1.0,-1.0,-1,-1,-1.0,-1.0,-1.0
47,2021-02-02 10:02:00,-1.0,-1.0,-1.0,-1.0,-1,-1,-1.0,-1.0,-1.0
48,2021-02-02 10:03:00,-1.0,-1.0,-1.0,-1.0,-1,-1,-1.0,-1.0,-1.0
49,2021-02-02 10:04:00,-1.0,-1.0,-1.0,-1.0,-1,-1,-1.0,-1.0,-1.0
50,2021-02-02 10:05:00,-1.0,-1.0,-1.0,-1.0,-1,-1,-1.0,-1.0,-1.0
51,2021-02-02 10:06:00,-1.0,-1.0,-1.0,-1.0,-1,-1,-1.0,-1.0,-1.0
52,2021-02-02 10:07:00,-1.0,-1.0,-1.0,-1.0,-1,-1,-1.0,-1.0,-1.0
53,2021-02-02 10:08:00,-1.0,-1.0,-1.0,-1.0,-1,-1,-1.0,-1.0,-1.0
54,2021-02-02 10:09:00,-1.0,-1.0,-1.0,-1.0,-1,-1,-1.0,-1.0,-1.0
55,2021-02-02 10:10:00,-1.0,-1.0,-1.0,-1.0,-1,-1,-1.0,-1.0,-1.0
56,2021-02-02 10:11:00,-1.0,-1.0,-1.0,-1.0,-1,-1,-1.0,-1.0,-1.0
57,2021-02-02 10:12:00,-1.0,-1.0,-1.0,-1.0,-1,-1,-1.0,-1.0,-1.0
58,2021-02-02 10:13:00,-1.0,-1.0,-1.0,-1.0,-1,-1,-1.0,-1.0,-1.0
59,2021-02-02 10:14:00,-1.0,-1.0,-1.0,-1.0,-1,-1,-1.0,-1.0,-1.0
60,2021-02-02 10:15:00,-1.0,-1.0,-1.0,-1.0,-1,-1,-1.0,-1.0,-1.0
61,2021-02-02 10:16:00,-1.0,-1.0,-1.0,-1.0,-1,-1,-1.0,-1.0,-1.0
62,2021-02-02 10:17:00,-1.0,-1.0,-1.0,-1.0,-1,-1,-1.0,-1.0,-1.0
63,2021-02-02 10:18:00,-1.0,-1.0,-1.0,-1.0,-1,-1,-1.0,-1.0,-1.0
64,2021-02-02 10:19:00,-1.0,-1.0,-1.0,-1.0,-1,-1,-1.0,-1.0,-1.0
65,2021-02-02 10:20:00,-1.0,-1.0,-1.0,-1.0,-1,-1,-1.0,-1.0,-1.0
66,2021-02-02 10:21:00,-1.0,-1.0,-1.0,-1.0,-1,-1,-1.0,-1.0,-1.0
67,2021-02-02 10:22:00,-1.0,-1.0,-1.0,-1.0,-1,-1,-1.0,-1.0,-1.0
68,2021-02-02 10:23:00,-1.0,-1.0,-1.0,-1.0,-1,-1,-1.0,-1.0,-1.0
69,2021-02-02 10:24:00,-1.0,-1.0,-1.0,-1.0,-1,-1,-1.0,-1.0,-1.0
70,2021-02-02 10:25:00,-1.0,-1.0,-1.0,-1.0,-1,-1,-1.0,-1.0,-1.0
71,2021-02-02 10:26:00,-1.0,-1.0,-1.0,-1.0,-1,-1,-1.0,-1.0,-1.0
72,2021-02-02 10:27:00,-1.0,-1.0,-1.0,-1.0,-1,-1,-1.0,-1.0,-1.0
73,2021-02-02 10:28:00,-1.0,-1.0,-1.0,-1.0,-1,-1,-1.0,-1.0,-1.0
74,2021-02-02 10:29:00,-1.0,-1.0,-1.0,-1.0,-1,-1,-1.0,-1.0,-1.0
75,2021-02-02 10:30:00,-1.0,-1.0,-1.0,-1.0,-1,-1,-1.0,-1.0,-1.0
76,2021-02-02 10:31:00,401.35,401.35,401.35,401.35,75,0,401.35,394.85,412.4
77,2021-02-02 10:32:00,401.35,401.35,401.35,401.35,75,0,401.35,394.85,412.4
78,2021-02-02 10:33:00,401.35,401.35,401.35,401.35,75,0,401.35,394.85,412.4
79,2021-02-02 10:34:00,401.35,401.35,401.35,401.35,75,0,401.35,394.85,412.4
80,2021-02-02 10:35:00,401.35,401.35,401.35,401.35,75,0,401.35,394.85,412.4
81,2021-02-02 10:36:00,401.35,401.35,401.35,401.35,75,0,401.35,394.85,412.4
82,2021-02-02 10:37:00,401.35,401.35,401.35,401.35,75,0,401.35,394.85,412.4
83,2021-02-02 10:38:00,401.35,401.35,401.35,401.35,75,0,401.35,394.85,412.4
84,2021-02-02 10:39:00,401.35,401.35,401.35,401.35,75,0,401.35,394.85,412.4
85,2021-02-02 10:40:00,401.35,401.35,401.35,401.35,75,0,401.35,394.85,412.4
86,2021-02-02 10:41:00,419.1,419.1,419.1,419.1,75,75,410.22,407.05,426.1
87,2021-02-02 10:42:00,419.1,419.1,419.1,419.1,75,75,410.22,407.05,426.1
88,2021-02-02 10:43:00,419.1,419.1,419.1,419.1,75,75,410.22,407.05,426.1
89,2021-02-02 10:44:00,419.1,419.1,419.1,419.1,75,75,410.22,407.05,426.1
90,2021-02-02 10:45:00,419.1,419.1,419.1,419.1,75,75,410.22,407.05,426.1
91,2021-02-02 10:46:00,419.1,419.1,419.1,419.1,75,75,410.22,407.05,426.1
92,2021-02-02 10:47:00,419.1,419.1,419.1,419.1,75,75,410.22,407.05,426.1
93,2021-02-02 10:48:00,419.1,419.1,419.1,419.1,75,75,410.22,407.05,426.1
94,2021-02-02 10:49:00,419.1,419.1,419.1,419.1,75,75,410.22,407.05,426.1
95,2021-02-02 10:50:00,419.1,419.1,419.1,419.1,75,75,410.22,407.05,426.1
96,2021-02-02 10:51:00,419.1,419.1,419.1,419.1,75,75,410.22,407.05,426.1
97,2021-02-02 10:52:00,419.1,419.1,419.1,419.1,75,75,410.22,407.05,426.1
98,2021-02-02 10:53:00,419.1,419.1,419.1,419.1,75,75,410.22,407.05,426.1
99,2021-02-02 10:54:00,419.1,419.1,419.1,419.1,75,75,410.22,407.05,426.1
100,2021-02-02 10:55:00,419.1,419.1,419.1,419.1,75,75,410.22,407.05,426.1
101,2021-02-02 10:56:00,419.1,419.1,419.1,419.1,75,75,410.22,407.05,426.1
102,2021-02-02 10:57:00,419.1,419.1,419.1,419.1,75,75,410.22,407.05,426.1
103,2021-02-02 10:58:00,419.1,419.1,419.1,419.1,75,75,410.22,407.05,426.1
104,2021-02-02 10:59:00,419.1,419.1,419.1,419.1,75,75,410.22,407.05,426.1
105,2021-02-02 11:00:00,419.1,419.1,419.1,419.1,75,75,410.22,407.05,426.1
106,2021-02-02 11:01:00,419.1,419.1,419.1,419.1,75,75,410.22,407.05,426.1
107,2021-02-02 11:02:00,419.1,419.1,419.1,419.1,75,75,410.22,407.05,426.1
108,2021-02-02 11:03:00,419.1,419.1,419.1,419.1,75,75,410.22,407.05,426.1
109,2021-02-02 11:04:00,419.1,419.1,419.1,419.1,75,75,410.22,407.05,426.1
110,2021-02-02 11:05:00,419.1,419.1,419.1,419.1,75,75,410.22,407.05,426.1
111,2021-02-02 11:06:00,419.1,419.1,419.1,419.1,75,75,410.22,407.05,426.1
112,2021-02-02 11:07:00,419.1,419.1,419.1,419.1,75,75,410.22,407.05,426.1
113,2021-02-02 11:08:00,419.1,419.1,419.1,419.1,75,75,410.22,407.05,426.1
114,2021-02-02 11:09:00,419.1,419.1,419.1,419.1,75,75,410.22,407.05,426.1
115,2021-02-02 11:10:00,419.1,419.1,419.1,419.1,75,75,410.22,407.05,426.1
116,2021-02-02 11:11:00,419.1,419.1,419.1,419.1,75,75,410.22,407.05,426.1
117,2021-02-02 11:12:00,419.1,419.1,419.1,419.1,75,75,410.22,407.05,426.1
118,2021-02-02 11:13:00,419.1,419.1,419.1,419.1,75,75,410.22,407.05,426.1
119,2021-02-02 11:14:00,419.1,419.1,419.1,419.1,75,75,410.22,407.05,426.1
120,2021-02-02 11:15:00,419.1,419.1,419.1,419.1,75,75,410.22,407.05,426.1
121,2021-02-02 11:16:00,419.1,419.1,419.1,419.1,75,75,410.22,407.05,426.1
122,2021-02-02 11:17:00,419.1,419.1,419.1,419.1,75,75,410.22,407.05,426.1
123,2021-02-02 11:18:00,419.1,419.1,419.1,419.1,75,75,410.22,407.05,426.1
124,2021-02-02 11:19:00,419.1,419.1,419.1,419.1,75,75,410.22,407.05,426.1
125,2021-02-02 11:20:00,419.1,419.1,419.1,419.1,75,75,410.22,407.05,426.1
126,2021-02-02 11:21:00,419.1,419.1,419.1,419.1,75,75,410.22,407.05,426.1
127,2021-02-02 11:22:00,419.1,419.1,419.1,419.1,75,75,410.22,407.05,426.1
128,2021-02-02 11:23:00,419.1,419.1,419.1,419.1,75,75,410.22,407.05,426.1
129,2021-02-02 11:24:00,419.1,419.1,419.1,419.1,75,75,410.22,407.05,426.1
130,2021-02-02 11:25:00,419.1,419.1,419.1,419.1,75,75,410.22,407.05,426.1
131,2021-02-02 11:26:00,419.1,419.1,419.1,419.1,75,75,410.22,407.05,426.1
132,2021-02-02 11:27:00,419.1,419.1,419.1,419.1,75,75,410.22,407.05,426.1
133,2021-02-02 11:28:00,419.1,419.1,419.1,419.1,75,75,410.22,407.05,426.1
134,2021-02-02 11:29:00,419.1,419.1,419.1,419.1,75,75,410.22,407.05,426.1
135,2021-02-02 11:30:00,419.1,419.1,419.1,419.1,75,75,410.22,407.05,426.1
136,2021-02-02 11:31:00,419.1,419.1,419.1,419.1,75,75,410.22,407.05,426.1
137,2021-02-02 11:32:00,419.1,419.1,419.1,419.1,75,75,410.22,407.05,426.1
138,2021-02-02 11:33:00,419.1,419.1,419.1,419.1,75,75,410.22,407.05,426.1
139,2021-02-02 11:34:00,419.1,419.1,419.1,419.1,75,75,410.22,407.05,426.1
140,2021-02-02 11:35:00,419.1,419.1,419.1,419.1,75,75,410.22,407.05,426.1
141,2021-02-02 11:36:00,419.1,419.1,419.1,419.1,75,75,410.22,407.05,426.1
142,2021-02-02 11:37:00,416.7,416.7,416.7,416.7,75,150,412.38,404.35,417.05
143,2021-02-02 11:38:00,416.7,416.7,416.7,416.7,75,150,412.38,404.35,417.05
144,2021-02-02 11:39:00,416.7,416.7,416.7,416.7,75,150,412.38,404.35,417.05
145,2021-02-02 11:40:00,416.7,416.7,416.7,416.7,75,150,412.38,404.35,417.05
146,2021-02-02 11:41:00,416.7,416.7,416.7,416.7,75,150,412.38,404.35,417.05
147,2021-02-02 11:42:00,416.7,416.7,416.7,416.7,75,150,412.38,404.35,417.05
148,2021-02-02 11:43:00,416.7,416.7,416.7,416.7,75,150,412.38,404.35,417.05
149,2021-02-02 11:44:00,416.7,416.7,416.7,416.7,75,150,412.38,404.35,417.05
150,2021-02-02 11:45:00,416.7,416.7,416.7,416.7,75,150,412.38,404.35,417.05
151,2021-02-02 11:46:00,416.7,416.7,416.7,416.7,75,150,412.38,404.35,417.05
152,2021-02-02 11:47:00,416.7,416.7,416.7,416.7,75,150,412.38,404.35,417.05
153,2021-02-02 11:48:00,416.7,416.7,416.7,416.7,75,150,412.38,404.35,417.05
154,2021-02-02 11:49:00,416.7,416.7,416.7,416.7,75,150,412.38,404.35,417.05
155,2021-02-02 11:50:00,416.7,416.7,416.7,416.7,75,150,412.38,404.35,417.05
156,2021-02-02 11:51:00,416.7,416.7,416.7,416.7,75,150,412.38,404.35,417.05
157,2021-02-02 11:52:00,416.7,416.7,416.7,416.7,75,150,412.38,404.35,417.05
158,2021-02-02 11:53:00,416.7,416.7,416.7,416.7,75,150,412.38,404.35,417.05
159,2021-02-02 11:54:00,416.7,416.7,416.7,416.7,75,150,412.38,404.35,417.05
160,2021-02-02 11:55:00,416.7,416.7,416.7,416.7,75,150,412.38,404.35,417.05
161,2021-02-02 11:56:00,416.7,416.7,416.7,416.7,75,150,412.38,404.35,417.05
162,2021-02-02 11:57:00,416.7,416.7,416.7,416.7,75,150,412.38,404.35,417.05
163,2021-02-02 11:58:00,416.7,416.7,416.7,416.7,75,150,412.38,404.35,417.05
164,2021-02-02 11:59:00,416.7,416.7,416.7,416.7,75,150,412.38,404.35,417.05
165,2021-02-02 12:00:00,416.7,416.7,416.7,416.7,75,150,412.38,404.35,417.05
166,2021-02-02 12:01:00,416.7,416.7,416.7,416.7,75,150,412.38,404.35,417.05
167,2021-02-02 12:02:00,416.7,416.7,416.7,416.7,75,150,412.38,404.35,417.05
168,2021-02-02 12:03:00,416.7,416.7,416.7,416.7,75,150,412.38,404.35,417.05
169,2021-02-02 12:04:00,416.7,416.7,416.7,416.7,75,150,412.38,404.35,417.05
170,2021-02-02 12:05:00,416.7,416.7,416.7,416.7,75,150,412.38,404.35,417.05
171,2021-02-02 12:06:00,416.7,416.7,416.7,416.7,75,150,412.38,404.35,417.05
172,2021-02-02 12:07:00,416.7,416.7,416.7,416.7,75,150,412.38,404.35,417.05
173,2021-02-02 12:08:00,416.7,416.7,416.7,416.7,75,150,412.38,404.35,417.05
174,2021-02-02 12:09:00,416.7,416.7,416.7,416.7,75,150,412.38,404.35,417.05
175,2021-02-02 12:10:00,416.7,416.7,416.7,416.7,75,150,412.38,404.35,417.05
176,2021-02-02 12:11:00,416.7,416.7,416.7,416.7,75,150,412.38,404.35,417.05
177,2021-02-02 12:12:00,416.7,416.7,416.7,416.7,75,150,412.38,404.35,417.05
178,2021-02-02 12:13:00,416.7,416.7,416.7,416.7,75,150,412.38,404.35,417.05
179,2021-02-02 12:14:00,416.7,416.7,416.7,416.7,75,150,412.38,404.35,417.05
180,2021-02-02 12:15:00,416.7,416.7,416.7,416.7,75,150,412.38,404.35,417.05
181,2021-02-02 12:16:00,416.7,416.7,416.7,416.7,75,150,412.38,404.35,417.05
182,2021-02-02 12:17:00,416.7,416.7,416.7,416.7,75,150,412.38,404.35,417.05
183,2021-02-02 12:18:00,416.7,416.7,416.7,416.7,75,150,412.38,404.35,417.05
184,2021-02-02 12:19:00,416.7,416.7,416.7,416.7,75,150,412.38,404.35,417.05
185,2021-02-02 12:20:00,416.7,416.7,416.7,416.7,75,150,412.38,404.35,417.05
186,2021-02-02 12:21:00,416.7,416.7,416.7,416.7,75,150,412.38,404.35,417.05
187,2021-02-02 12:22:00,405.3,405.3,405.3,405.3,75,225,410.61,401.45,415.55
188,2021-02-02 12:23:00,405.3,405.3,405.3,405.3,75,225,410.61,401.45,415.55
189,2021-02-02 12:24:00,405.3,405.3,405.3,405.3,75,225,410.61,401.45,415.55
190,2021-02-02 12:25:00,405.3,405.3,405.3,405.3,75,225,410.61,401.45,415.55
191,2021-02-02 12:26:00,405.3,405.3,405.3,405.3,75,225,410.61,401.45,415.55
192,2021-02-02 12:27:00,405.3,405.3,405.3,405.3,75,225,410.61,401.45,415.55
193,2021-02-02 12:28:00,405.3,405.3,405.3,405.3,75,225,410.61,401.45,415.55
194,2021-02-02 12:29:00,405.3,405.3,405.3,405.3,75,225,410.61,401.45,415.55
195,2021-02-02 12:30:00,405.3,405.3,405.3,405.3,75,225,410.61,401.45,415.55
196,2021-02-02 12:31:00,405.3,405.3,405.3,405.3,75,225,410.61,401.45,415.55
197,2021-02-02 12:32:00,405.3,405.3,405.3,405.3,75,225,410.61,401.45,415.55
198,2021-02-02 12:33:00,405.3,405.3,405.3,405.3,75,225,410.61,401.45,415.55
199,2021-02-02 12:34:00,405.3,405.3,405.3,405.3,75,225,410.61,401.45,415.55
200,2021-02-02 12:35:00,405.3,405.3,405.3,405.3,75,225,410.61,401.45,415.55
201,2021-02-02 12:36:00,405.3,405.3,405.3,405.3,75,225,410.61,401.45,415.55
202,2021-02-02 12:37:00,405.3,405.3,405.3,405.3,75,225,410.61,401.45,415.55
203,2021-02-02 12:38:00,405.3,405.3,405.3,405.3,75,225,410.61,401.45,415.55
204,2021-02-02 12:39:00,405.3,405.3,405.3,405.3,75,225,410.61,401.45,415.55
205,2021-02-02 12:40:00,405.3,405.3,405.3,405.3,75,225,410.61,401.45,415.55
206,2021-02-02 12:41:00,405.3,405.3,405.3,405.3,75,225,410.61,401.45,415.55
207,2021-02-02 12:42:00,405.3,405.3,405.3,405.3,75,225,410.61,401.45,415.55
208,2021-02-02 12:43:00,405.3,405.3,405.3,405.3,75,225,410.61,401.45,415.55
209,2021-02-02 12:44:00,405.3,405.3,405.3,405.3,75,225,410.61,401.45,415.55
210,2021-02-02 12:45:00,405.3,405.3,405.3,405.3,75,225,410.61,401.45,415.55
211,2021-02-02 12:46:00,414.7,414.7,414.7,414.7,75,300,411.43,405.55,426.45
212,2021-02-02 12:47:00,414.7,414.7,414.7,414.7,75,300,411.43,405.55,426.45
213,2021-02-02 12:48:00,414.7,414.7,414.7,414.7,75,300,411.43,405.55,426.45
214,2021-02-02 12:49:00,414.7,414.7,414.7,414.7,75,300,411.43,405.55,426.45
215,2021-02-02 12:50:00,414.7,414.7,414.7,414.7,75,300,411.43,405.55,426.45
216,2021-02-02 12:51:00,414.7,414.7,414.7,414.7,75,300,411.43,405.55,426.45
217,2021-02-02 12:52:00,414.7,414.7,414.7,414.7,75,300,411.43,405.55,426.45
218,2021-02-02 12:53:00,414.7,414.7,414.7,414.7,75,300,411.43,405.55,426.45
219,2021-02-02 12:54:00,414.7,414.7,414.7,414.7,75,300,411.43,405.55,426.45
220,2021-02-02 12:55:00,414.7,414.7,414.7,414.7,75,300,411.43,405.55,426.45
221,2021-02-02 12:56:00,408.25,408.25,408.25,408.25,75,375,410.9,402.0,418.8
222,2021-02-02 12:57:00,408.25,408.25,408.25,408.25,75,375,410.9,402.0,418.8
223,2021-02-02 12:58:00,408.25,408.25,408.25,408.25,75,450,410.52,402.3,411.4
224,2021-02-02 12:59:00,408.25,408.25,408.25,408.25,75,450,410.52,402.3,411.4
225,2021-02-02 13:00:00,408.25,408.25,408.25,408.25,75,450,410.52,402.3,411.4
226,2021-02-02 13:01:00,408.25,408.25,408.25,408.25,75,450,410.52,402.3,411.4
227,2021-02-02 13:02:00,408.25,408.25,408.25,408.25,75,450,410.52,402.3,411.4
228,2021-02-02 13:03:00,408.25,408.25,408.25,408.25,75,450,410.52,402.3,411.4
229,2021-02-02 13:04:00,408.25,408.25,408.25,408.25,75,450,410.52,402.3,411.4
230,2021-02-02 13:05:00,408.25,408.25,408.25,408.25,75,450,410.52,402.3,411.4
231,2021-02-02 13:06:00,408.25,408.25,408.25,408.25,75,450,410.52,402.3,411.4
232,2021-02-02 13:07:00,408.25,408.25,408.25,408.25,75,450,410.52,402.3,411.4
233,2021-02-02 13:08:00,408.25,408.25,408.25,408.25,75,450,410.52,402.3,411.4
234,2021-02-02 13:09:00,408.25,408.25,408.25,408.25,75,450,410.52,402.3,411.4
235,2021-02-02 13:10:00,408.25,408.25,408.25,408.25,75,450,410.52,402.3,411.4
236,2021-02-02 13:11:00,408.25,408.25,408.25,408.25,75,450,410.52,402.3,411.4
237,2021-02-02 13:12:00,408.25,408.25,408.25,408.25,75,450,410.52,402.3,411.4
238,2021-02-02 13:13:00,392.85,392.85,392.85,392.85,75,450,408.31,385.6,400.0
239,2021-02-02 13:14:00,392.85,392.85,392.85,392.85,75,450,408.31,385.6,400.0
240,2021-02-02 13:15:00,392.85,392.85,392.85,392.85,75,450,408.31,385.6,400.0
241,2021-02-02 13:16:00,392.85,392.85,392.85,392.85,75,450,408.31,385.6,400.0
242,2021-02-02 13:17:00,392.85,392.85,392.85,392.85,75,450,408.31,385.6,400.0
243,2021-02-02 13:18:00,392.85,392.85,392.85,392.85,75,450,408.31,385.6,400.0
244,2021-02-02 13:19:00,392.85,392.85,392.85,392.85,75,450,408.31,385.6,400.0
245,2021-02-02 13:20:00,392.85,392.85,392.85,392.85,75,450,408.31,385.6,400.0
246,2021-02-02 13:21:00,392.85,392.85,392.85,392.85,75,450,408.31,385.6,400.0
247,2021-02-02 13:22:00,392.85,392.85,392.85,392.85,75,450,408.31,385.6,400.0
248,2021-02-02 13:23:00,392.85,392.85,392.85,392.85,75,450,408.31,385.6,400.0
249,2021-02-02 13:24:00,392.85,392.85,392.85,392.85,75,450,408.31,385.6,400.0
250,2021-02-02 13:25:00,392.85,392.85,392.85,392.85,75,450,408.31,385.6,400.0
251,2021-02-02 13:26:00,392.85,392.85,392.85,392.85,75,450,408.31,385.6,400.0
252,2021-02-02 13:27:00,392.85,392.85,392.85,392.85,75,450,408.31,385.6,400.0
253,2021-02-02 13:28:00,392.85,392.85,392.85,392.85,75,450,408.31,385.6,400.0
254,2021-02-02 13:29:00,392.85,392.85,392.85,392.85,75,450,408.31,385.6,400.0
255,2021-02-02 13:30:00,392.85,392.85,392.85,392.85,75,450,408.31,385.6,400.0
256,2021-02-02 13:31:00,392.85,392.85,392.85,392.85,75,450,408.31,385.6,400.0
257,2021-02-02 13:32:00,392.85,392.85,392.85,392.85,75,450,408.31,385.6,400.0
258,2021-02-02 13:33:00,392.85,392.85,392.85,392.85,75,450,408.31,385.6,400.0
259,2021-02-02 13:34:00,392.85,392.85,392.85,392.85,75,450,408.31,385.6,400.0
260,2021-02-02 13:35:00,392.85,392.85,392.85,392.85,75,450,408.31,385.6,400.0
261,2021-02-02 13:36:00,392.85,392.85,392.85,392.85,75,450,408.31,385.6,400.0
262,2021-02-02 13:37:00,392.85,392.85,392.85,392.85,75,450,408.31,385.6,400.0
263,2021-02-02 13:38:00,392.85,392.85,392.85,392.85,75,450,408.31,385.6,400.0
264,2021-02-02 13:39:00,392.85,392.85,392.85,392.85,75,450,408.31,385.6,400.0
265,2021-02-02 13:40:00,392.85,392.85,392.85,392.85,75,450,408.31,385.6,400.0
266,2021-02-02 13:41:00,392.85,392.85,392.85,392.85,75,450,408.31,385.6,400.0
267,2021-02-02 13:42:00,380.55,380.55,380.55,380.55,75,525,405.22,371.55,385.6
268,2021-02-02 13:43:00,380.55,380.55,380.55,380.55,75,525,405.22,371.55,385.6
269,2021-02-02 13:44:00,380.55,380.55,380.55,380.55,75,525,405.22,371.55,385.6
270,2021-02-02 13:45:00,380.55,380.55,380.55,380.55,75,525,405.22,371.55,385.6
271,2021-02-02 13:46:00,380.55,380.55,380.55,380.55,75,525,405.22,371.55,385.6
272,2021-02-02 13:47:00,380.55,380.55,380.55,380.55,75,525,405.22,371.55,385.6
273,2021-02-02 13:48:00,380.55,380.55,380.55,380.55,75,525,405.22,371.55,385.6
274,2021-02-02 13:49:00,380.55,380.55,380.55,380.55,75,525,405.22,371.55,385.6
275,2021-02-02 13:50:00,380.55,380.55,380.55,380.55,75,525,405.22,371.55,385.6
276,2021-02-02 13:51:00,380.55,380.55,380.55,380.55,75,525,405.22,371.55,385.6
277,2021-02-02 13:52:00,380.55,380.55,380.55,380.55,75,525,405.22,371.55,385.6
278,2021-02-02 13:53:00,380.55,380.55,380.55,380.55,75,525,405.22,371.55,385.6
279,2021-02-02 13:54:00,380.55,380.55,380.55,380.55,75,525,405.22,371.55,385.6
280,2021-02-02 13:55:00,380.55,380.55,380.55,380.55,75,525,405.22,371.55,385.6
281,2021-02-02 13:56:00,380.55,380.55,380.55,380.55,75,525,405.22,371.55,385.6
282,2021-02-02 13:57:00,380.55,380.55,380.55,380.55,75,525,405.22,371.55,385.6
283,2021-02-02 13:58:00,380.55,380.55,380.55,380.55,75,525,405.22,371.55,385.6
284,2021-02-02 13:59:00,380.55,380.55,380.55,380.55,75,525,405.22,371.55,385.6
285,2021-02-02 14:00:00,380.55,380.55,380.55,380.55,75,525,405.22,371.55,385.6
286,2021-02-02 14:01:00,380.55,380.55,380.55,380.55,75,525,405.22,371.55,385.6
287,2021-02-02 14:02:00,380.55,380.55,380.55,380.55,75,525,405.22,371.55,385.6
288,2021-02-02 14:03:00,380.55,380.55,380.55,380.55,75,525,405.22,371.55,385.6
289,2021-02-02 14:04:00,380.55,380.55,380.55,380.55,75,525,405.22,371.55,385.6
290,2021-02-02 14:05:00,380.55,380.55,380.55,380.55,75,525,405.22,371.55,385.6
291,2021-02-02 14:06:00,380.55,380.55,380.55,380.55,75,525,405.22,371.55,385.6
292,2021-02-02 14:07:00,380.55,380.55,380.55,380.55,75,525,405.22,371.55,385.6
293,2021-02-02 14:08:00,380.55,380.55,380.55,380.55,75,525,405.22,371.55,385.6
294,2021-02-02 14:09:00,380.55,380.55,380.55,380.55,75,525,405.22,371.55,385.6
295,2021-02-02 14:10:00,380.55,380.55,380.55,380.55,75,525,405.22,371.55,385.6
296,2021-02-02 14:11:00,380.55,380.55,380.55,380.55,75,525,405.22,371.55,385.6
297,2021-02-02 14:12:00,380.55,380.55,380.55,380.55,75,525,405.22,371.55,385.6
298,2021-02-02 14:13:00,380.55,380.55,380.55,380.55,75,525,405.22,371.55,385.6
299,2021-02-02 14:14:00,380.55,380.55,380.55,380.55,75,525,405.22,371.55,385.6
300,2021-02-02 14:15:00,380.55,380.55,380.55,380.55,75,525,405.22,371.55,385.6
301,2021-02-02 14:16:00,380.55,380.55,380.55,380.55,75,525,405.22,371.55,385.6
302,2021-02-02 14:17:00,380.55,380.55,380.55,380.55,75,525,405.22,371.55,385.6
303,2021-02-02 14:18:00,380.55,380.55,380.55,380.55,75,525,405.22,371.55,385.6
304,2021-02-02 14:19:00,380.55,380.55,380.55,380.55,75,525,405.22,371.55,385.6
305,2021-02-02 14:20:00,380.55,380.55,380.55,380.55,75,525,405.22,371.55,385.6
306,2021-02-02 14:21:00,380.55,380.55,380.55,380.55,75,525,405.22,371.55,385.6
307,2021-02-02 14:22:00,380.55,380.55,380.55,380.55,75,525,405.22,371.55,385.6
308,2021-02-02 14:23:00,380.55,380.55,380.55,380.55,75,525,405.22,371.55,385.6
309,2021-02-02 14:24:00,380.55,380.55,380.55,380.55,75,525,405.22,371.55,385.6
310,2021-02-02 14:25:00,380.55,380.55,380.55,380.55,75,525,405.22,371.55,385.6
311,2021-02-02 14:26:00,380.55,380.55,380.55,380.55,75,525,405.22,371.55,385.6
312,2021-02-02 14:27:00,380.55,380.55,380.55,380.55,75,525,405.22,371.55,385.6
313,2021-02-02 14:28:00,380.55,380.55,380.55,380.55,75,525,405.22,371.55,385.6
314,2021-02-02 14:29:00,380.55,380.55,380.55,380.55,75,525,405.22,371.55,385.6
315,2021-02-02 14:30:00,380.55,380.55,380.55,380.55,75,525,405.22,371.55,385.6
316,2021-02-02 14:31:00,380.55,380.55,380.55,380.55,75,525,405.22,371.55,385.6
317,2021-02-02 14:32:00,380.55,380.55,380.55,380.55,75,525,405.22,371.55,385.6
318,2021-02-02 14:33:00,380.55,380.55,380.55,380.55,75,525,405.22,371.55,385.6
319,2021-02-02 14:34:00,380.55,380.55,380.55,380.55,75,525,405.22,371.55,385.6
320,2021-02-02 14:35:00,369.2,369.2,369.2,369.2,75,600,401.62,360.0,374.7
321,2021-02-02 14:36:00,369.2,369.2,369.2,369.2,75,600,401.62,360.0,374.7
322,2021-02-02 14:37:00,369.2,369.2,369.2,369.2,75,600,401.62,360.0,374.7
323,2021-02-02 14:38:00,369.2,369.2,369.2,369.2,75,600,401.62,360.0,374.7
324,2021-02-02 14:39:00,369.2,369.2,369.2,369.2,75,600,401.62,360.0,374.7
325,2021-02-02 14:40:00,369.2,369.2,369.2,369.2,75,600,401.62,360.0,374.7
326,2021-02-02 14:41:00,369.2,369.2,369.2,369.2,75,600,401.62,360.0,374.7
327,2021-02-02 14:42:00,369.2,369.2,369.2,369.2,75,600,401.62,360.0,374.7
328,2021-02-02 14:43:00,369.2,369.2,369.2,369.2,75,600,401.62,360.0,374.7
329,2021-02-02 14:44:00,369.2,369.2,369.2,369.2,75,600,401.62,360.0,374.7
330,2021-02-02 14:45:00,369.2,369.2,369.2,369.2,75,600,401.62,360.0,374.7
331,2021-02-02 14:46:00,369.2,369.2,369.2,369.2,75,600,401.62,360.0,374.7
332,2021-02-02 14:47:00,369.2,369.2,369.2,369.2,75,600,401.62,360.0,374.7
333,2021-02-02 14:48:00,369.2,369.2,369.2,369.2,75,600,401.62,360.0,374.7
334,2021-02-02 14:49:00,389.5,389.5,389.5,389.5,75,525,400.52,382.45,411.85
335,2021-02-02 14:50:00,389.5,389.5,389.5,389.5,75,525,400.52,382.45,411.85
336,2021-02-02 14:51:00,389.5,389.5,389.5,389.5,75,525,400.52,382.45,411.85
337,2021-02-02 14:52:00,389.5,389.5,389.5,389.5,75,525,400.52,382.45,411.85
338,2021-02-02 14:53:00,389.5,389.5,389.5,389.5,75,525,400.52,382.45,411.85
339,2021-02-02 14:54:00,389.5,389.5,389.5,389.5,75,525,400.52,382.45,411.85
340,2021-02-02 14:55:00,389.5,389.5,389.5,389.5,75,525,400.52,382.45,411.85
341,2021-02-02 14:56:00,389.5,389.5,389.5,389.5,75,525,400.52,382.45,411.85
342,2021-02-02 14:57:00,389.5,389.5,389.5,389.5,75,525,400.52,382.45,411.85
343,2021-02-02 14:58:00,389.5,389.5,389.5,389.5,75,525,400.52,382.45,411.85
344,2021-02-02 14:59:00,389.5,389.5,389.5,389.5,75,525,400.52,382.45,411.85
345,2021-02-02 15:00:00,389.5,389.5,389.5,389.5,75,525,400.52,382.45,411.85
346,2021-02-02 15:01:00,389.5,389.5,389.5,389.5,75,525,400.52,382.45,411.85
347,2021-02-02 15:02:00,389.5,389.5,389.5,389.5,75,525,400.52,382.45,411.85
348,2021-02-02 15:03:00,389.5,389.5,389.5,389.5,75,525,400.52,382.45,411.85
349,2021-02-02 15:04:00,389.5,389.5,389.5,389.5,75,525,400.52,382.45,411.85
350,2021-02-02 15:05:00,389.5,389.5,389.5,389.5,75,525,400.52,382.45,411.85
351,2021-02-02 15:06:00,389.5,389.5,389.5,389.5,75,525,400.52,382.45,411.85
352,2021-02-02 15:07:00,389.5,389.5,389.5,389.5,75,525,400.52,382.45,411.85
353,2021-02-02 15:08:00,389.5,389.5,389.5,389.5,75,525,400.52,382.45,411.85
354,2021-02-02 15:09:00,389.5,389.5,389.5,389.5,75,525,400.52,382.45,411.85
355,2021-02-02 15:10:00,389.5,389.5,389.5,389.5,75,525,400.52,382.45,411.85
356,2021-02-02 15:11:00,389.5,389.5,389.5,389.5,75,525,400.52,382.45,411.85
357,2021-02-02 15:12:00,389.5,389.5,389.5,389.5,75,525,400.52,382.45,411.85
358,2021-02-02 15:13:00,389.5,389.5,389.5,389.5,75,525,400.52,382.45,411.85
359,2021-02-02 15:14:00,389.5,389.5,389.5,389.5,75,525,400.52,382.45,411.85
360,2021-02-02 15:15:00,389.5,389.5,389.5,389.5,75,525,400.52,382.45,411.85
361,2021-02-02 15:16:00,389.5,389.5,389.5,389.5,75,525,400.52,382.45,411.85
362,2021-02-02 15:17:00,389.5,389.5,389.5,389.5,75,525,400.52,382.45,411.85
363,2021-02-02 15:18:00,389.5,389.5,389.5,389.5,75,525,400.52,382.45,411.85
364,2021-02-02 15:19:00,389.5,389.5,389.5,389.5,75,525,400.52,382.45,411.85
365,2021-02-02 15:20:00,389.5,389.5,389.5,389.5,75,525,400.52,382.45,411.85
366,2021-02-02 15:21:00,389.5,389.5,389.5,389.5,75,525,400.52,382.45,411.85
367,2021-02-02 15:22:00,389.5,389.5,389.5,389.5,75,525,400.52,382.45,411.85
368,2021-02-02 15:23:00,389.5,389.5,389.5,389.5,75,525,400.52,382.45,411.85
369,2021-02-02 15:24:00,389.5,389.5,389.5,389.5,75,525,400.52,382.45,411.85
370,2021-02-02 15:25:00,389.5,389.5,389.5,389.5,75,525,400.52,382.45,411.85
371,2021-02-02 15:26:00,389.5,389.5,389.5,389.5,75,525,400.52,382.45,411.85
372,2021-02-02 15:27:00,389.5,389.5,389.5,389.5,75,525,400.52,382.45,411.85
373,2021-02-02 15:28:00,389.5,389.5,389.5,389.5,75,525,400.52,382.45,411.85
374,2021-02-02 15:29:00,389.5,389.5,389.5,389.5,75,525,400.52,382.45,411.85
375,2021-02-02 15:30:00,389.5,389.5,389.5,389.5,75,525,400.52,382.45,411.85
376,2021-02-03 09:15:00,389.5,389.5,389.5,389.5,75,525,400.52,382.45,411.85
377,2021-02-03 09:16:00,389.5,389.5,389.5,389.5,75,525,400.52,382.45,411.85
378,2021-02-03 09:17:00,367.95,367.95,367.95,367.95,75,600,367.95,250.55,393.35
379,2021-02-03 09:18:00,367.95,367.95,367.95,367.95,75,600,367.95,250.55,393.35
380,2021-02-03 09:19:00,367.95,367.95,367.95,367.95,75,600,367.95,250.55,393.35
381,2021-02-03 09:20:00,367.95,367.95,367.95,367.95,75,600,367.95,250.55,393.35
382,2021-02-03 09:21:00,367.95,367.95,367.95,367.95,75,600,367.95,250.55,393.35
383,2021-02-03 09:22:00,367.95,367.95,367.95,367.95,75,600,367.95,250.55,393.35
384,2021-02-03 09:23:00,367.95,367.95,367.95,367.95,75,600,367.95,250.55,393.35
385,2021-02-03 09:24:00,367.95,367.95,367.95,367.95,75,600,367.95,250.55,393.35
386,2021-02-03 09:25:00,367.95,367.95,367.95,367.95,75,600,367.95,250.55,393.35
387,2021-02-03 09:26:00,367.95,367.95,367.95,367.95,75,600,367.95,250.55,393.35
388,2021-02-03 09:27:00,367.95,367.95,367.95,367.95,75,600,367.95,250.55,393.35
389,2021-02-03 09:28:00,367.95,367.95,367.95,367.95,75,600,367.95,250.55,393.35
390,2021-02-03 09:29:00,367.95,367.95,367.95,367.95,75,600,367.95,250.55,393.35
391,2021-02-03 09:30:00,367.95,367.95,367.95,367.95,75,600,367.95,250.55,393.35
392,2021-02-03 09:31:00,367.95,367.95,367.95,367.95,75,600,367.95,250.55,393.35
393,2021-02-03 09:32:00,367.95,367.95,367.95,367.95,75,600,367.95,250.55,393.35
394,2021-02-03 09:33:00,367.95,367.95,367.95,367.95,75,600,367.95,250.55,393.35
395,2021-02-03 09:34:00,371.05,371.05,371.05,371.05,75,675,369.5,365.35,377.15
396,2021-02-03 09:35:00,371.05,371.05,371.05,371.05,75,675,369.5,365.35,377.15
397,2021-02-03 09:36:00,371.05,371.05,371.05,371.05,75,675,369.5,365.35,377.15
398,2021-02-03 09:37:00,371.05,371.05,371.05,371.05,75,675,369.5,365.35,377.15
399,2021-02-03 09:38:00,371.05,371.05,371.05,371.05,75,675,369.5,365.35,377.15
400,2021-02-03 09:39:00,371.05,371.05,371.05,371.05,75,675,369.5,365.35,377.15
401,2021-02-03 09:40:00,371.05,371.05,371.05,371.05,75,675,369.5,365.35,377.15
402,2021-02-03 09:41:00,371.05,371.05,371.05,371.05,75,675,369.5,365.35,377.15
403,2021-02-03 09:42:00,371.05,371.05,371.05,371.05,75,675,369.5,365.35,377.15
404,2021-02-03 09:43:00,371.05,371.05,371.05,371.05,75,675,369.5,365.35,377.15
405,2021-02-03 09:44:00,371.05,371.05,371.05,371.05,75,675,369.5,365.35,377.15
406,2021-02-03 09:45:00,371.05,371.05,371.05,371.05,75,675,369.5,365.35,377.15
407,2021-02-03 09:46:00,371.05,371.05,371.05,371.05,75,675,369.5,365.35,377.15
408,2021-02-03 09:47:00,371.05,371.05,371.05,371.05,75,675,369.5,365.35,377.15
409,2021-02-03 09:48:00,371.05,371.05,371.05,371.05,75,675,369.5,365.35,377.15
410,2021-02-03 09:49:00,371.05,371.05,371.05,371.05,75,675,369.5,365.35,377.15
411,2021-02-03 09:50:00,371.05,371.05,371.05,371.05,75,675,369.5,365.35,377.15
412,2021-02-03 09:51:00,371.05,371.05,371.05,371.05,75,675,369.5,365.35,377.15
413,2021-02-03 09:52:00,371.05,371.05,371.05,371.05,75,675,369.5,365.35,377.15
414,2021-02-03 09:53:00,371.05,371.05,371.05,371.05,75,675,369.5,365.35,377.15
415,2021-02-03 09:54:00,371.05,371.05,371.05,371.05,75,675,369.5,365.35,377.15
416,2021-02-03 09:55:00,371.05,371.05,371.05,371.05,75,675,369.5,365.35,377.15
417,2021-02-03 09:56:00,371.05,371.05,371.05,371.05,75,675,369.5,365.35,377.15
418,2021-02-03 09:57:00,371.05,371.05,371.05,371.05,75,675,369.5,365.35,377.15
419,2021-02-03 09:58:00,371.05,371.05,371.05,371.05,75,675,369.5,365.35,377.15
420,2021-02-03 09:59:00,359.95,359.95,359.95,359.95,150,750,364.72,259.15,0.0
421,2021-02-03 10:00:00,359.95,359.95,359.95,359.95,150,750,364.72,259.15,0.0
422,2021-02-03 10:01:00,359.95,359.95,359.95,359.95,150,750,364.72,259.15,0.0
423,2021-02-03 10:02:00,359.95,359.95,359.95,359.95,150,750,364.72,259.15,0.0
424,2021-02-03 10:03:00,359.95,359.95,359.95,359.95,150,750,364.72,259.15,0.0
425,2021-02-03 10:04:00,360.2,360.2,360.2,360.2,75,750,363.82,359.0,363.15
426,2021-02-03 10:05:00,359.7,359.7,359.0,359.0,150,675,362.54,351.7,365.25
427,2021-02-03 10:06:00,359.7,359.7,359.0,359.0,150,675,362.54,351.7,365.25
428,2021-02-03 10:07:00,359.7,359.7,359.0,359.0,150,675,362.54,351.7,365.25
429,2021-02-03 10:08:00,359.7,359.7,359.0,359.0,150,675,362.54,351.7,365.25
430,2021-02-03 10:09:00,359.7,359.7,359.0,359.0,150,675,362.54,351.7,365.25
431,2021-02-03 10:10:00,359.7,359.7,359.0,359.0,150,675,362.54,351.7,365.25
432,2021-02-03 10:11:00,359.7,359.7,359.0,359.0,150,675,362.54,351.7,365.25
433,2021-02-03 10:12:00,359.7,359.7,359.0,359.0,150,675,362.54,351.7,365.25
434,2021-02-03 10:13:00,359.7,359.7,359.0,359.0,150,675,362.54,351.7,365.25
435,2021-02-03 10:14:00,359.7,359.7,359.0,359.0,150,675,362.54,351.7,365.25
436,2021-02-03 10:15:00,359.7,359.7,359.0,359.0,150,675,362.54,351.7,365.25
437,2021-02-03 10:16:00,359.7,359.7,359.0,359.0,150,675,362.54,351.7,365.25
438,2021-02-03 10:17:00,359.7,359.7,359.0,359.0,150,675,362.54,351.7,365.25
439,2021-02-03 10:18:00,359.7,359.7,359.0,359.0,150,675,362.54,351.7,365.25
440,2021-02-03 10:19:00,359.7,359.7,359.0,359.0,150,675,362.54,351.7,365.25
441,2021-02-03 10:20:00,359.7,359.7,359.0,359.0,150,675,362.54,351.7,365.25
442,2021-02-03 10:21:00,359.7,359.7,359.0,359.0,150,675,362.54,351.7,365.25
443,2021-02-03 10:22:00,359.7,359.7,359.0,359.0,150,675,362.54,351.7,365.25
444,2021-02-03 10:23:00,359.7,359.7,359.0,359.0,150,675,362.54,351.7,365.25
445,2021-02-03 10:24:00,359.7,359.7,359.0,359.0,150,675,362.54,351.7,365.25
446,2021-02-03 10:25:00,359.7,359.7,359.0,359.0,150,675,362.54,351.7,365.25
447,2021-02-03 10:26:00,359.7,359.7,359.0,359.0,150,675,362.54,351.7,365.25
448,2021-02-03 10:27:00,359.7,359.7,359.0,359.0,150,675,362.54,351.7,365.25
449,2021-02-03 10:28:00,341.25,341.25,341.25,341.25,75,675,359.88,334.5,347.4
450,2021-02-03 10:29:00,341.25,341.25,341.25,341.25,75,675,359.88,334.5,347.4
451,2021-02-03 10:30:00,341.25,341.25,341.25,341.25,75,675,359.88,334.5,347.4
452,2021-02-03 10:31:00,341.25,341.25,341.25,341.25,75,675,359.88,334.5,347.4
453,2021-02-03 10:32:00,341.25,341.25,341.25,341.25,75,675,359.88,334.5,347.4
454,2021-02-03 10:33:00,341.25,341.25,341.25,341.25,75,675,359.88,334.5,347.4
455,2021-02-03 10:34:00,341.25,341.25,341.25,341.25,75,675,359.88,334.5,347.4
456,2021-02-03 10:35:00,341.25,341.25,341.25,341.25,75,675,359.88,334.5,347.4
457,2021-02-03 10:36:00,341.25,341.25,341.25,341.25,75,675,359.88,334.5,347.4
458,2021-02-03 10:37:00,341.25,341.25,341.25,341.25,75,675,359.88,334.5,347.4
459,2021-02-03 10:38:00,341.25,341.25,341.25,341.25,75,675,359.88,334.5,347.4
460,2021-02-03 10:39:00,341.25,341.25,341.25,341.25,75,675,359.88,334.5,347.4
461,2021-02-03 10:40:00,341.25,341.25,341.25,341.25,75,675,359.88,334.5,347.4
462,2021-02-03 10:41:00,341.25,341.25,341.25,341.25,75,675,359.88,334.5,347.4
463,2021-02-03 10:42:00,341.25,341.25,341.25,341.25,75,675,359.88,334.5,347.4
464,2021-02-03 10:43:00,341.25,341.25,341.25,341.25,75,675,359.88,334.5,347.4
465,2021-02-03 10:44:00,341.25,341.25,341.25,341.25,75,675,359.88,334.5,347.4
466,2021-02-03 10:45:00,341.25,341.25,341.25,341.25,75,675,359.88,334.5,347.4
467,2021-02-03 10:46:00,341.25,341.25,341.25,341.25,75,675,359.88,334.5,347.4
468,2021-02-03 10:47:00,341.25,341.25,341.25,341.25,75,675,359.88,334.5,347.4
469,2021-02-03 10:48:00,341.25,341.25,341.25,341.25,75,675,359.88,334.5,347.4
470,2021-02-03 10:49:00,341.25,341.25,341.25,341.25,75,675,359.88,334.5,347.4
471,2021-02-03 10:50:00,341.25,341.25,341.25,341.25,75,675,359.88,334.5,347.4
472,2021-02-03 10:51:00,341.25,341.25,341.25,341.25,75,675,359.88,334.5,347.4
473,2021-02-03 10:52:00,341.25,341.25,341.25,341.25,75,675,359.88,334.5,347.4
474,2021-02-03 10:53:00,341.25,341.25,341.25,341.25,75,675,359.88,334.5,347.4
475,2021-02-03 10:54:00,341.25,341.25,341.25,341.25,75,675,359.88,334.5,347.4
476,2021-02-03 10:55:00,341.25,341.25,341.25,341.25,75,675,359.88,334.5,347.4
477,2021-02-03 10:56:00,341.25,341.25,341.25,341.25,75,675,359.88,334.5,347.4
478,2021-02-03 10:57:00,341.25,341.25,341.25,341.25,75,675,359.88,334.5,347.4
479,2021-02-03 10:58:00,341.25,341.25,341.25,341.25,75,675,359.88,334.5,347.4
480,2021-02-03 10:59:00,341.25,341.25,341.25,341.25,75,675,359.88,334.5,347.4
481,2021-02-03 11:00:00,341.25,341.25,341.25,341.25,75,675,359.88,334.5,347.4
482,2021-02-03 11:01:00,341.25,341.25,341.25,341.25,75,675,359.88,334.5,347.4
483,2021-02-03 11:02:00,341.25,341.25,341.25,341.25,75,675,359.88,334.5,347.4
484,2021-02-03 11:03:00,341.25,341.25,341.25,341.25,75,675,359.88,334.5,347.4
485,2021-02-03 11:04:00,341.25,341.25,341.25,341.25,75,675,359.88,334.5,347.4
486,2021-02-03 11:05:00,341.25,341.25,341.25,341.25,75,675,359.88,334.5,347.4
487,2021-02-03 11:06:00,341.25,341.25,341.25,341.25,75,675,359.88,334.5,347.4
488,2021-02-03 11:07:00,341.25,341.25,341.25,341.25,75,675,359.88,334.5,347.4
489,2021-02-03 11:08:00,341.25,341.25,341.25,341.25,75,675,359.88,334.5,347.4
490,2021-02-03 11:09:00,341.25,341.25,341.25,341.25,75,675,359.88,334.5,347.4
491,2021-02-03 11:10:00,341.25,341.25,341.25,341.25,75,675,359.88,334.5,347.4
492,2021-02-03 11:11:00,341.25,341.25,341.25,341.25,75,675,359.88,334.5,347.4
493,2021-02-03 11:12:00,341.25,341.25,341.25,341.25,75,675,359.88,334.5,347.4
494,2021-02-03 11:13:00,341.25,341.25,341.25,341.25,75,675,359.88,334.5,347.4
495,2021-02-03 11:14:00,341.25,341.25,341.25,341.25,75,675,359.88,334.5,347.4
496,2021-02-03 11:15:00,341.25,341.25,341.25,341.25,75,675,359.88,334.5,347.4
497,2021-02-03 11:16:00,341.25,341.25,341.25,341.25,75,675,359.88,334.5,347.4
498,2021-02-03 11:17:00,341.25,341.25,341.25,341.25,75,675,359.88,334.5,347.4
499,2021-02-03 11:18:00,341.25,341.25,341.25,341.25,75,675,359.88,334.5,347.4
500,2021-02-03 11:19:00,341.25,341.25,341.25,341.25,75,675,359.88,334.5,347.4
501,2021-02-03 11:20:00,341.25,341.25,341.25,341.25,75,675,359.88,334.5,347.4
502,2021-02-03 11:21:00,341.25,341.25,341.25,341.25,75,675,359.88,334.5,347.4
503,2021-02-03 11:22:00,341.25,341.25,341.25,341.25,75,675,359.88,334.5,347.4
504,2021-02-03 11:23:00,341.25,341.25,341.25,341.25,75,675,359.88,334.5,347.4
505,2021-02-03 11:24:00,341.25,341.25,341.25,341.25,75,675,359.88,334.5,347.4
506,2021-02-03 11:25:00,341.25,341.25,341.25,341.25,75,675,359.88,334.5,347.4
507,2021-02-03 11:26:00,341.25,341.25,341.25,341.25,75,675,359.88,334.5,347.4
508,2021-02-03 11:27:00,341.25,341.25,341.25,341.25,75,675,359.88,334.5,347.4
509,2021-02-03 11:28:00,341.25,341.25,341.25,341.25,75,675,359.88,334.5,347.4
510,2021-02-03 11:29:00,341.25,341.25,341.25,341.25,75,675,359.88,334.5,347.4
511,2021-02-03 11:30:00,341.25,341.25,341.25,341.25,75,675,359.88,334.5,347.4
512,2021-02-03 11:31:00,341.25,341.25,341.25,341.25,75,675,359.88,334.5,347.4
513,2021-02-03 11:32:00,341.25,341.25,341.25,341.25,75,675,359.88,334.5,347.4
514,2021-02-03 11:33:00,341.25,341.25,341.25,341.25,75,675,359.88,334.5,347.4
515,2021-02-03 11:34:00,341.25,341.25,341.25,341.25,75,675,359.88,334.5,347.4
516,2021-02-03 11:35:00,341.25,341.25,341.25,341.25,75,675,359.88,334.5,347.4
517,2021-02-03 11:36:00,341.25,341.25,341.25,341.25,75,675,359.88,334.5,347.4
518,2021-02-03 11:37:00,341.25,341.25,341.25,341.25,75,675,359.88,334.5,347.4
519,2021-02-03 11:38:00,341.25,341.25,341.25,341.25,75,675,359.88,334.5,347.4
520,2021-02-03 11:39:00,341.25,341.25,341.25,341.25,75,675,359.88,334.5,347.4
521,2021-02-03 11:40:00,341.25,341.25,341.25,341.25,75,675,359.88,334.5,347.4
522,2021-02-03 11:41:00,341.25,341.25,341.25,341.25,75,675,359.88,334.5,347.4
523,2021-02-03 11:42:00,341.25,341.25,341.25,341.25,75,675,359.88,334.5,347.4
524,2021-02-03 11:43:00,341.25,341.25,341.25,341.25,75,675,359.88,334.5,347.4
525,2021-02-03 11:44:00,341.25,341.25,341.25,341.25,75,675,359.88,334.5,347.4
526,2021-02-03 11:45:00,341.25,341.25,341.25,341.25,75,675,359.88,334.5,347.4
527,2021-02-03 11:46:00,341.25,341.25,341.25,341.25,75,675,359.88,334.5,347.4
528,2021-02-03 11:47:00,341.25,341.25,341.25,341.25,75,675,359.88,334.5,347.4
529,2021-02-03 11:48:00,345.75,345.75,345.75,345.75,75,600,358.31,337.3,351.45
530,2021-02-03 11:49:00,345.75,345.75,345.75,345.75,75,600,358.31,337.3,351.45
531,2021-02-03 11:50:00,345.75,345.75,345.75,345.75,75,600,358.31,337.3,351.45
532,2021-02-03 11:51:00,345.75,345.75,345.75,345.75,75,600,358.31,337.3,351.45
533,2021-02-03 11:52:00,345.75,345.75,345.75,345.75,75,600,358.31,337.3,351.45
534,2021-02-03 11:53:00,345.75,345.75,345.75,345.75,75,600,358.31,337.3,351.45
535,2021-02-03 11:54:00,345.75,345.75,345.75,345.75,75,600,358.31,337.3,351.45
536,2021-02-03 11:55:00,345.75,345.75,345.75,345.75,75,600,358.31,337.3,351.45
537,2021-02-03 11:56:00,345.75,345.75,345.75,345.75,75,600,358.31,337.3,351.45
538,2021-02-03 11:57:00,345.75,345.75,345.75,345.75,75,600,358.31,337.3,351.45
539,2021-02-03 11:58:00,345.75,345.75,345.75,345.75,75,600,358.31,337.3,351.45
540,2021-02-03 11:59:00,345.75,345.75,345.75,345.75,75,600,358.31,337.3,351.45
541,2021-02-03 12:00:00,345.75,345.75,345.75,345.75,75,600,358.31,337.3,351.45
542,2021-02-03 12:01:00,345.75,345.75,345.75,345.75,75,600,358.31,337.3,351.45
543,2021-02-03 12:02:00,345.75,345.75,345.75,345.75,75,600,358.31,337.3,351.45
544,2021-02-03 12:03:00,345.75,345.75,345.75,345.75,75,600,358.31,337.3,351.45
545,2021-02-03 12:04:00,345.75,345.75,345.75,345.75,75,600,358.31,337.3,351.45
546,2021-02-03 12:05:00,345.75,345.75,345.75,345.75,75,600,358.31,337.3,351.45
547,2021-02-03 12:06:00,345.75,345.75,345.75,345.75,75,600,358.31,337.3,351.45
548,2021-02-03 12:07:00,345.75,345.75,345.75,345.75,75,600,358.31,337.3,351.45
549,2021-02-03 12:08:00,345.75,345.75,345.75,345.75,75,600,358.31,337.3,351.45
550,2021-02-03 12:09:00,345.75,345.75,345.75,345.75,75,600,358.31,337.3,351.45
551,2021-02-03 12:10:00,345.75,345.75,345.75,345.75,75,600,358.31,337.3,351.45
552,2021-02-03 12:11:00,345.75,345.75,345.75,345.75,75,600,358.31,337.3,351.45
553,2021-02-03 12:12:00,345.75,345.75,345.75,345.75,75,600,358.31,337.3,351.45
554,2021-02-03 12:13:00,345.75,345.75,345.75,345.75,75,600,358.31,337.3,351.45
555,2021-02-03 12:14:00,345.75,345.75,345.75,345.75,75,600,358.31,337.3,351.45
556,2021-02-03 12:15:00,337.35,337.35,337.35,337.35,225,675,353.07,217.35,0.0
557,2021-02-03 12:16:00,337.35,337.35,337.35,337.35,225,675,353.07,217.35,0.0
558,2021-02-03 12:17:00,337.35,337.35,337.35,337.35,225,675,353.07,217.35,0.0
559,2021-02-03 12:18:00,337.35,337.35,337.35,337.35,225,675,353.07,217.35,0.0
560,2021-02-03 12:19:00,337.35,337.35,337.35,337.35,225,675,353.07,217.35,0.0
561,2021-02-03 12:20:00,337.35,337.35,337.35,337.35,225,675,353.07,217.35,0.0
562,2021-02-03 12:21:00,337.35,337.35,337.35,337.35,225,675,353.07,217.35,0.0
563,2021-02-03 12:22:00,337.35,337.35,337.35,337.35,225,675,353.07,217.35,0.0
564,2021-02-03 12:23:00,337.35,337.35,337.35,337.35,225,675,353.07,217.35,0.0
565,2021-02-03 12:24:00,337.35,337.35,337.35,337.35,225,675,353.07,217.35,0.0
566,2021-02-03 12:25:00,337.35,337.35,337.35,337.35,225,675,353.07,217.35,0.0
567,2021-02-03 12:26:00,337.35,337.35,337.35,337.35,225,675,353.07,217.35,0.0
568,2021-02-03 12:27:00,337.35,337.35,337.35,337.35,225,675,353.07,217.35,0.0
569,2021-02-03 12:28:00,337.35,337.35,337.35,337.35,225,675,353.07,217.35,0.0
570,2021-02-03 12:29:00,337.35,337.35,337.35,337.35,225,675,353.07,217.35,0.0
571,2021-02-03 12:30:00,337.35,337.35,337.35,337.35,225,675,353.07,217.35,0.0
572,2021-02-03 12:31:00,337.35,337.35,337.35,337.35,225,675,353.07,217.35,0.0
573,2021-02-03 12:32:00,337.35,337.35,337.35,337.35,225,675,353.07,217.35,0.0
574,2021-02-03 12:33:00,337.35,337.35,337.35,337.35,225,675,353.07,217.35,0.0
575,2021-02-03 12:34:00,337.35,337.35,337.35,337.35,225,675,353.07,217.35,0.0
576,2021-02-03 12:35:00,337.35,337.35,337.35,337.35,225,675,353.07,217.35,0.0
577,2021-02-03 12:36:00,337.35,337.35,337.35,337.35,225,675,353.07,217.35,0.0
578,2021-02-03 12:37:00,337.35,337.35,337.35,337.35,225,675,353.07,217.35,0.0
579,2021-02-03 12:38:00,337.35,337.35,337.35,337.35,225,675,353.07,217.35,0.0
580,2021-02-03 12:39:00,337.35,337.35,337.35,337.35,225,675,353.07,217.35,0.0
581,2021-02-03 12:40:00,337.35,337.35,337.35,337.35,225,675,353.07,217.35,0.0
582,2021-02-03 12:41:00,337.35,337.35,337.35,337.35,225,675,353.07,217.35,0.0
583,2021-02-03 12:42:00,337.35,337.35,337.35,337.35,225,675,353.07,217.35,0.0
584,2021-02-03 12:43:00,337.35,337.35,337.35,337.35,225,675,353.07,217.35,0.0
585,2021-02-03 12:44:00,337.35,337.35,337.35,337.35,225,675,353.07,217.35,0.0
586,2021-02-03 12:45:00,337.35,337.35,337.35,337.35,225,675,353.07,217.35,0.0
587,2021-02-03 12:46:00,337.35,337.35,337.35,337.35,225,675,353.07,217.35,0.0
588,2021-02-03 12:47:00,337.35,337.35,337.35,337.35,225,675,353.07,217.35,0.0
589,2021-02-03 12:48:00,337.35,337.35,337.35,337.35,225,675,353.07,217.35,0.0
590,2021-02-03 12:49:00,337.35,337.35,337.35,337.35,225,675,353.07,217.35,0.0
591,2021-02-03 12:50:00,337.35,337.35,337.35,337.35,225,675,353.07,217.35,0.0
592,2021-02-03 12:51:00,337.35,337.35,337.35,337.35,225,675,353.07,217.35,0.0
593,2021-02-03 12:52:00,337.35,337.35,337.35,337.35,225,675,353.07,217.35,0.0
594,2021-02-03 12:53:00,337.35,337.35,337.35,337.35,225,675,353.07,217.35,0.0
595,2021-02-03 12:54:00,337.35,337.35,337.35,337.35,225,675,353.07,217.35,0.0
596,2021-02-03 12:55:00,337.35,337.35,337.35,337.35,225,675,353.07,217.35,0.0
597,2021-02-03 12:56:00,337.35,337.35,337.35,337.35,225,675,353.07,217.35,0.0
598,2021-02-03 12:57:00,337.35,337.35,337.35,337.35,225,675,353.07,217.35,0.0
599,2021-02-03 12:58:00,337.35,337.35,337.35,337.35,225,675,353.07,217.35,0.0
600,2021-02-03 12:59:00,337.35,337.35,337.35,337.35,225,675,353.07,217.35,0.0
601,2021-02-03 13:00:00,337.35,337.35,337.35,337.35,225,675,353.07,217.35,0.0
602,2021-02-03 13:01:00,337.35,337.35,337.35,337.35,225,675,353.07,217.35,0.0
603,2021-02-03 13:02:00,337.35,337.35,337.35,337.35,225,675,353.07,217.35,0.0
604,2021-02-03 13:03:00,337.35,337.35,337.35,337.35,225,675,353.07,217.35,0.0
605,2021-02-03 13:04:00,337.35,337.35,337.35,337.35,225,675,353.07,217.35,0.0
606,2021-02-03 13:05:00,337.35,337.35,337.35,337.35,225,675,353.07,217.35,0.0
607,2021-02-03 13:06:00,337.35,337.35,337.35,337.35,225,675,353.07,217.35,0.0
608,2021-02-03 13:07:00,337.35,337.35,337.35,337.35,225,675,353.07,217.35,0.0
609,2021-02-03 13:08:00,337.35,337.35,337.35,337.35,225,675,353.07,217.35,0.0
610,2021-02-03 13:09:00,337.35,337.35,337.35,337.35,225,675,353.07,217.35,0.0
611,2021-02-03 13:10:00,337.35,337.35,337.35,337.35,225,675,353.07,217.35,0.0
612,2021-02-03 13:11:00,337.35,337.35,337.35,337.35,225,675,353.07,217.35,0.0
613,2021-02-03 13:12:00,337.35,337.35,337.35,337.35,225,675,353.07,217.35,0.0
614,2021-02-03 13:13:00,337.35,337.35,337.35,337.35,225,675,353.07,217.35,0.0
615,2021-02-03 13:14:00,337.35,337.35,337.35,337.35,225,675,353.07,217.35,0.0
616,2021-02-03 13:15:00,337.35,337.35,337.35,337.35,225,675,353.07,217.35,0.0
617,2021-02-03 13:16:00,337.35,337.35,337.35,337.35,225,675,353.07,217.35,0.0
618,2021-02-03 13:17:00,337.35,337.35,337.35,337.35,225,675,353.07,217.35,0.0
619,2021-02-03 13:18:00,337.35,337.35,337.35,337.35,225,675,353.07,217.35,0.0
620,2021-02-03 13:19:00,337.35,337.35,337.35,337.35,225,675,353.07,217.35,0.0
621,2021-02-03 13:20:00,337.35,337.35,337.35,337.35,225,675,353.07,217.35,0.0
622,2021-02-03 13:21:00,337.35,337.35,337.35,337.35,225,675,353.07,217.35,0.0
623,2021-02-03 13:22:00,337.35,337.35,337.35,337.35,225,675,353.07,217.35,0.0
624,2021-02-03 13:23:00,337.35,337.35,337.35,337.35,225,675,353.07,217.35,0.0
625,2021-02-03 13:24:00,337.35,337.35,337.35,337.35,225,675,353.07,217.35,0.0
626,2021-02-03 13:25:00,337.35,337.35,337.35,337.35,225,675,353.07,217.35,0.0
627,2021-02-03 13:26:00,337.35,337.35,337.35,337.35,225,675,353.07,217.35,0.0
628,2021-02-03 13:27:00,337.35,337.35,337.35,337.35,225,675,353.07,217.35,0.0
629,2021-02-03 13:28:00,337.35,337.35,337.35,337.35,225,675,353.07,217.35,0.0
630,2021-02-03 13:29:00,337.35,337.35,337.35,337.35,225,675,353.07,217.35,0.0
631,2021-02-03 13:30:00,337.35,337.35,337.35,337.35,225,675,353.07,217.35,0.0
632,2021-02-03 13:31:00,337.35,337.35,337.35,337.35,225,675,353.07,217.35,0.0
633,2021-02-03 13:32:00,337.35,337.35,337.35,337.35,225,675,353.07,217.35,0.0
634,2021-02-03 13:33:00,337.35,337.35,337.35,337.35,225,675,353.07,217.35,0.0
635,2021-02-03 13:34:00,337.35,337.35,337.35,337.35,225,675,353.07,217.35,0.0
636,2021-02-03 13:35:00,337.35,337.35,337.35,337.35,225,675,353.07,217.35,0.0
637,2021-02-03 13:36:00,337.35,337.35,337.35,337.35,225,675,353.07,217.35,0.0
638,2021-02-03 13:37:00,337.35,337.35,337.35,337.35,225,675,353.07,217.35,0.0
639,2021-02-03 13:38:00,337.35,337.35,337.35,337.35,225,675,353.07,217.35,0.0
640,2021-02-03 13:39:00,337.35,337.35,337.35,337.35,225,675,353.07,217.35,0.0
641,2021-02-03 13:40:00,337.35,337.35,337.35,337.35,225,675,353.07,217.35,0.0
642,2021-02-03 13:41:00,337.35,337.35,337.35,337.35,225,675,353.07,217.35,0.0
643,2021-02-03 13:42:00,337.35,337.35,337.35,337.35,225,675,353.07,217.35,0.0
644,2021-02-03 13:43:00,337.35,337.35,337.35,337.35,225,675,353.07,217.35,0.0
645,2021-02-03 13:44:00,334.2,334.2,334.2,334.2,75,675,351.61,322.45,332.4
646,2021-02-03 13:45:00,334.2,334.2,334.2,334.2,75,675,351.61,322.45,332.4
647,2021-02-03 13:46:00,334.2,334.2,334.2,334.2,75,675,351.61,322.45,332.4
648,2021-02-03 13:47:00,334.2,334.2,334.2,334.2,75,675,351.61,322.45,332.4
649,2021-02-03 13:48:00,334.2,334.2,334.2,334.2,75,675,351.61,322.45,332.4
650,2021-02-03 13:49:00,334.2,334.2,334.2,334.2,75,675,351.61,322.45,332.4
651,2021-02-03 13:50:00,334.2,334.2,334.2,334.2,75,675,351.61,322.45,332.4
652,2021-02-03 13:51:00,327.75,327.75,327.75,327.75,150,600,348.43,322.45,333.75
653,2021-02-03 13:52:00,327.75,327.75,327.75,327.75,150,600,348.43,322.45,333.75
654,2021-02-03 13:53:00,327.75,327.75,327.75,327.75,150,600,348.43,322.45,333.75
655,2021-02-03 13:54:00,327.75,327.75,327.75,327.75,150,600,348.43,322.45,333.75
656,2021-02-03 13:55:00,327.75,327.75,327.75,327.75,150,600,348.43,322.45,333.75
657,2021-02-03 13:56:00,331.25,331.25,331.25,331.25,75,600,347.36,325.05,335.65
658,2021-02-03 13:57:00,332.45,332.45,332.45,332.45,75,675,346.48,325.05,338.6
659,2021-02-03 13:58:00,332.45,332.45,332.45,332.45,75,675,346.48,325.05,338.6
660,2021-02-03 13:59:00,332.45,332.45,332.45,332.45,75,675,346.48,325.05,338.6
661,2021-02-03 14:00:00,332.45,332.45,332.45,332.45,75,675,346.48,325.05,338.6
662,2021-02-03 14:01:00,332.45,332.45,332.45,332.45,75,675,346.48,325.05,338.6
663,2021-02-03 14:02:00,332.45,332.45,332.45,332.45,75,675,346.48,325.05,338.6
664,2021-02-03 14:03:00,332.45,332.45,332.45,332.45,75,675,346.48,325.05,338.6
665,2021-02-03 14:04:00,332.45,332.45,332.45,332.45,75,675,346.48,325.05,338.6
666,2021-02-03 14:05:00,332.45,332.45,332.45,332.45,75,675,346.48,325.05,338.6
667,2021-02-03 14:06:00,332.45,332.45,332.45,332.45,75,675,346.48,325.05,338.6
668,2021-02-03 14:07:00,332.45,332.45,332.45,332.45,75,675,346.48,325.05,338.6
669,2021-02-03 14:08:00,332.45,332.45,332.45,332.45,75,675,346.48,325.05,338.6
670,2021-02-03 14:09:00,332.45,332.45,332.45,332.45,75,675,346.48,325.05,338.6
671,2021-02-03 14:10:00,325.0,325.0,325.0,325.0,150,750,344.22,297.4,330.9
672,2021-02-03 14:11:00,325.0,325.0,325.0,325.0,150,750,344.22,297.4,330.9
673,2021-02-03 14:12:00,325.0,325.0,325.0,325.0,150,750,344.22,297.4,330.9
674,2021-02-03 14:13:00,325.0,325.0,325.0,325.0,150,750,344.22,297.4,330.9
675,2021-02-03 14:14:00,325.0,325.0,325.0,325.0,150,750,344.22,297.4,330.9
676,2021-02-03 14:15:00,325.0,325.0,325.0,325.0,150,750,344.22,297.4,330.9
677,2021-02-03 14:16:00,325.0,325.0,325.0,325.0,150,750,344.22,297.4,330.9
678,2021-02-03 14:17:00,325.0,325.0,325.0,325.0,150,750,344.22,297.4,330.9
679,2021-02-03 14:18:00,325.0,325.0,325.0,325.0,150,750,344.22,297.4,330.9
680,2021-02-03 14:19:00,325.0,325.0,325.0,325.0,150,750,344.22,297.4,330.9
681,2021-02-03 14:20:00,325.0,325.0,325.0,325.0,150,750,344.22,297.4,330.9
682,2021-02-03 14:21:00,325.0,325.0,325.0,325.0,150,750,344.22,297.4,330.9
683,2021-02-03 14:22:00,325.0,325.0,325.0,325.0,150,750,344.22,297.4,330.9
684,2021-02-03 14:23:00,325.0,325.0,325.0,325.0,150,750,344.22,297.4,330.9
685,2021-02-03 14:24:00,325.0,325.0,325.0,325.0,150,750,344.22,297.4,330.9
686,2021-02-03 14:25:00,325.0,325.0,325.0,325.0,150,750,344.22,297.4,330.9
687,2021-02-03 14:26:00,325.0,325.0,325.0,325.0,150,750,344.22,297.4,330.9
688,2021-02-03 14:27:00,325.0,325.0,325.0,325.0,150,750,344.22,297.4,330.9
689,2021-02-03 14:28:00,325.0,325.0,325.0,325.0,150,750,344.22,297.4,330.9
690,2021-02-03 14:29:00,325.0,325.0,325.0,325.0,150,750,344.22,297.4,330.9
691,2021-02-03 14:30:00,325.0,325.0,325.0,325.0,150,750,344.22,297.4,330.9
692,2021-02-03 14:31:00,325.0,325.0,325.0,325.0,150,750,344.22,297.4,330.9
693,2021-02-03 14:32:00,325.0,325.0,325.0,325.0,150,750,344.22,297.4,330.9
694,2021-02-03 14:33:00,325.0,325.0,325.0,325.0,150,750,344.22,297.4,330.9
695,2021-02-03 14:34:00,325.0,325.0,325.0,325.0,150,750,344.22,297.4,330.9
696,2021-02-03 14:35:00,325.0,325.0,325.0,325.0,150,750,344.22,297.4,330.9
697,2021-02-03 14:36:00,325.0,325.0,325.0,325.0,150,750,344.22,297.4,330.9
698,2021-02-03 14:37:00,325.0,325.0,325.0,325.0,150,750,344.22,297.4,330.9
699,2021-02-03 14:38:00,325.0,325.0,325.0,325.0,150,750,344.22,297.4,330.9
700,2021-02-03 14:39:00,325.0,325.0,325.0,325.0,150,750,344.22,297.4,330.9
701,2021-02-03 14:40:00,325.0,325.0,325.0,325.0,150,750,344.22,297.4,330.9
702,2021-02-03 14:41:00,325.0,325.0,325.0,325.0,150,750,344.22,297.4,330.9
703,2021-02-03 14:42:00,325.0,325.0,325.0,325.0,150,750,344.22,297.4,330.9
704,2021-02-03 14:43:00,325.0,325.0,325.0,325.0,150,750,344.22,297.4,330.9
705,2021-02-03 14:44:00,325.0,325.0,325.0,325.0,150,750,344.22,297.4,330.9
706,2021-02-03 14:45:00,325.0,325.0,325.0,325.0,150,750,344.22,297.4,330.9
707,2021-02-03 14:46:00,325.0,325.0,325.0,325.0,150,750,344.22,297.4,330.9
708,2021-02-03 14:47:00,325.0,325.0,325.0,325.0,150,750,344.22,297.4,330.9
709,2021-02-03 14:48:00,325.0,325.0,325.0,325.0,150,750,344.22,297.4,330.9
710,2021-02-03 14:49:00,325.0,325.0,325.0,325.0,150,750,344.22,297.4,330.9
711,2021-02-03 14:50:00,325.0,325.0,325.0,325.0,150,750,344.22,297.4,330.9
712,2021-02-03 14:51:00,325.0,325.0,325.0,325.0,150,750,344.22,297.4,330.9
713,2021-02-03 14:52:00,325.0,325.0,325.0,325.0,150,750,344.22,297.4,330.9
714,2021-02-03 14:53:00,325.0,325.0,325.0,325.0,150,750,344.22,297.4,330.9
715,2021-02-03 14:54:00,325.0,325.0,325.0,325.0,150,750,344.22,297.4,330.9
716,2021-02-03 14:55:00,325.0,325.0,325.0,325.0,150,750,344.22,297.4,330.9
717,2021-02-03 14:56:00,325.0,325.0,325.0,325.0,150,750,344.22,297.4,330.9
718,2021-02-03 14:57:00,325.0,325.0,325.0,325.0,150,750,344.22,297.4,330.9
719,2021-02-03 14:58:00,325.0,325.0,325.0,325.0,150,750,344.22,297.4,330.9
720,2021-02-03 14:59:00,325.0,325.0,325.0,325.0,150,750,344.22,297.4,330.9
721,2021-02-03 15:00:00,337.25,337.25,337.25,337.25,75,750,343.87,329.9,393.5
722,2021-02-03 15:01:00,337.25,337.25,337.25,337.25,75,750,343.87,329.9,393.5
723,2021-02-03 15:02:00,337.25,337.25,337.25,337.25,75,750,343.87,329.9,393.5
724,2021-02-03 15:03:00,337.25,337.25,337.25,337.25,75,750,343.87,329.9,393.5
725,2021-02-03 15:04:00,340.0,340.0,340.0,340.0,75,825,343.69,329.9,389.2
726,2021-02-03 15:05:00,340.0,340.0,340.0,340.0,75,825,343.69,329.9,389.2
727,2021-02-03 15:06:00,340.0,340.0,340.0,340.0,75,825,343.69,329.9,389.2
728,2021-02-03 15:07:00,340.0,340.0,340.0,340.0,75,825,343.69,329.9,389.2
729,2021-02-03 15:08:00,339.95,339.95,339.95,339.95,75,900,343.52,329.9,349.65
730,2021-02-03 15:09:00,339.95,339.95,339.95,339.95,75,900,343.52,329.9,349.65
731,2021-02-03 15:10:00,339.95,339.95,339.95,339.95,75,900,343.52,329.9,349.65
732,2021-02-03 15:11:00,339.95,339.95,339.95,339.95,75,900,343.52,329.9,349.65
733,2021-02-03 15:12:00,339.95,339.95,339.95,339.95,75,900,343.52,329.9,349.65
734,2021-02-03 15:13:00,339.95,339.95,339.95,339.95,75,900,343.52,329.9,349.65
735,2021-02-03 15:14:00,339.95,339.95,339.95,339.95,75,900,343.52,329.9,349.65
736,2021-02-03 15:15:00,339.95,339.95,339.95,339.95,75,900,343.52,329.9,349.65
737,2021-02-03 15:16:00,339.95,339.95,339.95,339.95,75,900,343.52,329.9,349.65
738,2021-02-03 15:17:00,339.95,339.95,339.95,339.95,75,900,343.52,329.9,349.65
739,2021-02-03 15:18:00,339.95,339.95,339.95,339.95,75,900,343.52,329.9,349.65
740,2021-02-03 15:19:00,339.95,339.95,339.95,339.95,75,900,343.52,329.9,349.65
741,2021-02-03 15:20:00,339.95,339.95,339.95,339.95,75,900,343.52,329.9,349.65
742,2021-02-03 15:21:00,339.95,339.95,339.95,339.95,75,900,343.52,329.9,349.65
743,2021-02-03 15:22:00,339.95,339.95,339.95,339.95,75,900,343.52,329.9,349.65
744,2021-02-03 15:23:00,339.95,339.95,339.95,339.95,75,900,343.52,329.9,349.65
745,2021-02-03 15:24:00,339.95,339.95,339.95,339.95,75,900,343.52,329.9,349.65
746,2021-02-03 15:25:00,339.95,339.95,339.95,339.95,75,900,343.52,329.9,349.65
747,2021-02-03 15:26:00,339.95,339.95,339.95,339.95,75,900,343.52,329.9,349.65
748,2021-02-03 15:27:00,339.95,339.95,339.95,339.95,75,900,343.52,329.9,349.65
749,2021-02-03 15:28:00,339.95,339.95,339.95,339.95,75,900,343.52,329.9,349.65
750,2021-02-03 15:29:00,339.95,339.95,339.95,339.95,75,900,343.52,329.9,349.65
751,2021-02-03 15:30:00,339.95,339.95,339.95,339.95,75,900,343.52,329.9,349.65
752,2021-02-04 09:15:00,339.95,339.95,339.95,339.95,75,900,343.52,329.9,349.65
753,2021-02-04 09:16:00,339.95,339.95,339.95,339.95,75,900,343.52,329.9,349.65
754,2021-02-04 09:17:00,339.95,339.95,339.95,339.95,75,900,343.52,329.9,349.65
755,2021-02-04 09:18:00,339.95,339.95,339.95,339.95,75,900,343.52,329.9,349.65
756,2021-02-04 09:19:00,339.95,339.95,339.95,339.95,75,900,343.52,329.9,349.65
757,2021-02-04 09:20:00,339.95,339.95,339.95,339.95,75,900,343.52,329.9,349.65
758,2021-02-04 09:21:00,339.95,339.95,339.95,339.95,75,900,343.52,329.9,349.65
759,2021-02-04 09:22:00,339.95,339.95,339.95,339.95,75,900,343.52,329.9,349.65
760,2021-02-04 09:23:00,339.95,339.95,339.95,339.95,75,900,343.52,329.9,349.65
761,2021-02-04 09:24:00,339.95,339.95,339.95,339.95,75,900,343.52,329.9,349.65
762,2021-02-04 09:25:00,339.95,339.95,339.95,339.95,75,900,343.52,329.9,349.65
763,2021-02-04 09:26:00,339.95,339.95,339.95,339.95,75,900,343.52,329.9,349.65
764,2021-02-04 09:27:00,339.95,339.95,339.95,339.95,75,900,343.52,329.9,349.65
765,2021-02-04 09:28:00,339.95,339.95,339.95,339.95,75,900,343.52,329.9,349.65
766,2021-02-04 09:29:00,339.95,339.95,339.95,339.95,75,900,343.52,329.9,349.65
767,2021-02-04 09:30:00,339.95,339.95,339.95,339.95,75,900,343.52,329.9,349.65
768,2021-02-04 09:31:00,339.95,339.95,339.95,339.95,75,900,343.52,329.9,349.65
769,2021-02-04 09:32:00,339.95,339.95,339.95,339.95,75,900,343.52,329.9,349.65
770,2021-02-04 09:33:00,339.95,339.95,339.95,339.95,75,900,343.52,329.9,349.65
771,2021-02-04 09:34:00,339.95,339.95,339.95,339.95,75,900,343.52,329.9,349.65
772,2021-02-04 09:35:00,339.95,339.95,339.95,339.95,75,900,343.52,329.9,349.65
773,2021-02-04 09:36:00,339.95,339.95,339.95,339.95,75,900,343.52,329.9,349.65
774,2021-02-04 09:37:00,339.95,339.95,339.95,339.95,75,900,343.52,329.9,349.65
775,2021-02-04 09:38:00,339.95,339.95,339.95,339.95,75,900,343.52,329.9,349.65
776,2021-02-04 09:39:00,339.95,339.95,339.95,339.95,75,900,343.52,329.9,349.65
777,2021-02-04 09:40:00,339.95,339.95,339.95,339.95,75,900,343.52,329.9,349.65
778,2021-02-04 09:41:00,339.95,339.95,339.95,339.95,75,900,343.52,329.9,349.65
779,2021-02-04 09:42:00,339.95,339.95,339.95,339.95,75,900,343.52,329.9,349.65
780,2021-02-04 09:43:00,339.95,339.95,339.95,339.95,75,900,343.52,329.9,349.65
781,2021-02-04 09:44:00,339.95,339.95,339.95,339.95,75,900,343.52,329.9,349.65
782,2021-02-04 09:45:00,339.95,339.95,339.95,339.95,75,900,343.52,329.9,349.65
783,2021-02-04 09:46:00,339.95,339.95,339.95,339.95,75,900,343.52,329.9,349.65
784,2021-02-04 09:47:00,339.95,339.95,339.95,339.95,75,900,343.52,329.9,349.65
785,2021-02-04 09:48:00,339.95,339.95,339.95,339.95,75,900,343.52,329.9,349.65
786,2021-02-04 09:49:00,342.1,342.1,342.1,342.1,75,975,342.1,332.3,346.8
787,2021-02-04 09:50:00,342.1,342.1,342.1,342.1,75,975,342.1,332.3,346.8
788,2021-02-04 09:51:00,342.1,342.1,342.1,342.1,75,975,342.1,332.3,346.8
789,2021-02-04 09:52:00,342.1,342.1,342.1,342.1,75,975,342.1,332.3,346.8
790,2021-02-04 09:53:00,342.1,342.1,342.1,342.1,75,975,342.1,332.3,346.8
791,2021-02-04 09:54:00,342.1,342.1,342.1,342.1,75,975,342.1,332.3,346.8
792,2021-02-04 09:55:00,342.1,342.1,342.1,342.1,75,975,342.1,332.3,346.8
793,2021-02-04 09:56:00,342.1,342.1,342.1,342.1,75,975,342.1,332.3,346.8
794,2021-02-04 09:57:00,342.1,342.1,342.1,342.1,75,975,342.1,332.3,346.8
795,2021-02-04 09:58:00,342.1,342.1,342.1,342.1,75,975,342.1,332.3,346.8
796,2021-02-04 09:59:00,342.1,342.1,342.1,342.1,75,975,342.1,332.3,346.8
797,2021-02-04 10:00:00,342.1,342.1,342.1,342.1,75,975,342.1,332.3,346.8
798,2021-02-04 10:01:00,342.1,342.1,342.1,342.1,75,975,342.1,332.3,346.8
799,2021-02-04 10:02:00,342.1,342.1,342.1,342.1,75,975,342.1,332.3,346.8
800,2021-02-04 10:03:00,342.1,342.1,342.1,342.1,75,975,342.1,332.3,346.8
801,2021-02-04 10:04:00,342.1,342.1,342.1,342.1,75,975,342.1,332.3,346.8
802,2021-02-04 10:05:00,342.1,342.1,342.1,342.1,75,975,342.1,332.3,346.8
803,2021-02-04 10:06:00,342.1,342.1,342.1,342.1,75,975,342.1,332.3,346.8
804,2021-02-04 10:07:00,342.1,342.1,342.1,342.1,75,975,342.1,332.3,346.8
805,2021-02-04 10:08:00,342.1,342.1,342.1,342.1,75,975,342.1,332.3,346.8
806,2021-02-04 10:09:00,342.1,342.1,342.1,342.1,75,975,342.1,332.3,346.8
807,2021-02-04 10:10:00,342.1,342.1,342.1,342.1,75,975,342.1,332.3,346.8
808,2021-02-04 10:11:00,342.1,342.1,342.1,342.1,75,975,342.1,332.3,346.8
809,2021-02-04 10:12:00,342.1,342.1,342.1,342.1,75,975,342.1,332.3,346.8
810,2021-02-04 10:13:00,342.1,342.1,342.1,342.1,75,975,342.1,332.3,346.8
811,2021-02-04 10:14:00,342.1,342.1,342.1,342.1,75,975,342.1,332.3,346.8
812,2021-02-04 10:15:00,342.1,342.1,342.1,342.1,75,975,342.1,332.3,346.8
813,2021-02-04 10:16:00,342.1,342.1,342.1,342.1,75,975,342.1,332.3,346.8
814,2021-02-04 10:17:00,342.1,342.1,342.1,342.1,75,975,342.1,332.3,346.8
815,2021-02-04 10:18:00,342.1,342.1,342.1,342.1,75,975,342.1,332.3,346.8
816,2021-02-04 10:19:00,342.1,342.1,342.1,342.1,75,975,342.1,332.3,346.8
817,2021-02-04 10:20:00,342.1,342.1,342.1,342.1,75,975,342.1,332.3,346.8
818,2021-02-04 10:21:00,342.1,342.1,342.1,342.1,75,975,342.1,332.3,346.8
819,2021-02-04 10:22:00,342.1,342.1,342.1,342.1,75,975,342.1,332.3,346.8
820,2021-02-04 10:23:00,342.1,342.1,342.1,342.1,75,975,342.1,332.3,346.8
821,2021-02-04 10:24:00,342.1,342.1,342.1,342.1,75,975,342.1,332.3,346.8
822,2021-02-04 10:25:00,342.1,342.1,342.1,342.1,75,975,342.1,332.3,346.8
823,2021-02-04 10:26:00,342.1,342.1,342.1,342.1,75,975,342.1,332.3,346.8
824,2021-02-04 10:27:00,342.1,342.1,342.1,342.1,75,975,342.1,332.3,346.8
825,2021-02-04 10:28:00,342.1,342.1,342.1,342.1,75,975,342.1,332.3,346.8
826,2021-02-04 10:29:00,342.1,342.1,342.1,342.1,75,975,342.1,332.3,346.8
827,2021-02-04 10:30:00,342.1,342.1,342.1,342.1,75,975,342.1,332.3,346.8
828,2021-02-04 10:31:00,342.1,342.1,342.1,342.1,75,975,342.1,332.3,346.8
829,2021-02-04 10:32:00,342.1,342.1,342.1,342.1,75,975,342.1,332.3,346.8
830,2021-02-04 10:33:00,342.1,342.1,342.1,342.1,75,975,342.1,332.3,346.8
831,2021-02-04 10:34:00,342.1,342.1,342.1,342.1,75,975,342.1,332.3,346.8
832,2021-02-04 10:35:00,342.1,342.1,342.1,342.1,75,975,342.1,332.3,346.8
833,2021-02-04 10:36:00,342.1,342.1,342.1,342.1,75,975,342.1,332.3,346.8
834,2021-02-04 10:37:00,342.1,342.1,342.1,342.1,75,975,342.1,332.3,346.8
835,2021-02-04 10:38:00,342.1,342.1,342.1,342.1,75,975,342.1,332.3,346.8
836,2021-02-04 10:39:00,342.1,342.1,342.1,342.1,75,975,342.1,332.3,346.8
837,2021-02-04 10:40:00,342.1,342.1,342.1,342.1,75,975,342.1,332.3,346.8
838,2021-02-04 10:41:00,342.1,342.1,342.1,342.1,75,975,342.1,332.3,346.8
839,2021-02-04 10:42:00,342.1,342.1,342.1,342.1,75,975,342.1,332.3,346.8
840,2021-02-04 10:43:00,342.1,342.1,342.1,342.1,75,975,342.1,332.3,346.8
841,2021-02-04 10:44:00,342.1,342.1,342.1,342.1,75,975,342.1,332.3,346.8
842,2021-02-04 10:45:00,342.1,342.1,342.1,342.1,75,975,342.1,332.3,346.8
843,2021-02-04 10:46:00,342.1,342.1,342.1,342.1,75,975,342.1,332.3,346.8
844,2021-02-04 10:47:00,342.1,342.1,342.1,342.1,75,975,342.1,332.3,346.8
845,2021-02-04 10:48:00,342.1,342.1,342.1,342.1,75,975,342.1,332.3,346.8
846,2021-02-04 10:49:00,342.1,342.1,342.1,342.1,75,975,342.1,332.3,346.8
847,2021-02-04 10:50:00,342.1,342.1,342.1,342.1,75,975,342.1,332.3,346.8
848,2021-02-04 10:51:00,342.1,342.1,342.1,342.1,75,975,342.1,332.3,346.8
849,2021-02-04 10:52:00,342.1,342.1,342.1,342.1,75,975,342.1,332.3,346.8
850,2021-02-04 10:53:00,342.1,342.1,342.1,342.1,75,975,342.1,332.3,346.8
851,2021-02-04 10:54:00,342.1,342.1,342.1,342.1,75,975,342.1,332.3,346.8
852,2021-02-04 10:55:00,342.1,342.1,342.1,342.1,75,975,342.1,332.3,346.8
853,2021-02-04 10:56:00,342.1,342.1,342.1,342.1,75,975,342.1,332.3,346.8
854,2021-02-04 10:57:00,342.1,342.1,342.1,342.1,75,975,342.1,332.3,346.8
855,2021-02-04 10:58:00,342.1,342.1,342.1,342.1,75,975,342.1,332.3,346.8
856,2021-02-04 10:59:00,342.1,342.1,342.1,342.1,75,975,342.1,332.3,346.8
857,2021-02-04 11:00:00,342.1,342.1,342.1,342.1,75,975,342.1,332.3,346.8
858,2021-02-04 11:01:00,342.1,342.1,342.1,342.1,75,975,342.1,332.3,346.8
859,2021-02-04 11:02:00,333.55,333.55,333.55,333.55,75,1050,337.82,274.3,339.75
860,2021-02-04 11:03:00,333.55,333.55,333.55,333.55,75,1050,337.82,274.3,339.75
861,2021-02-04 11:04:00,333.55,333.55,333.55,333.55,75,1050,337.82,274.3,339.75
862,2021-02-04 11:05:00,333.55,333.55,333.55,333.55,75,1050,337.82,274.3,339.75
863,2021-02-04 11:06:00,333.55,333.55,333.55,333.55,75,1050,337.82,274.3,339.75
864,2021-02-04 11:07:00,333.55,333.55,333.55,333.55,75,1050,337.82,274.3,339.75
865,2021-02-04 11:08:00,333.55,333.55,333.55,333.55,75,1050,337.82,274.3,339.75
866,2021-02-04 11:09:00,333.55,333.55,333.55,333.55,75,1050,337.82,274.3,339.75
867,2021-02-04 11:10:00,333.55,333.55,333.55,333.55,75,1050,337.82,274.3,339.75
868,2021-02-04 11:11:00,333.55,333.55,333.55,333.55,75,1050,337.82,274.3,339.75
869,2021-02-04 11:12:00,333.55,333.55,333.55,333.55,75,1050,337.82,274.3,339.75
870,2021-02-04 11:13:00,333.55,333.55,333.55,333.55,75,1050,337.82,274.3,339.75
871,2021-02-04 11:14:00,333.55,333.55,333.55,333.55,75,1050,337.82,274.3,339.75
872,2021-02-04 11:15:00,333.55,333.55,333.55,333.55,75,1050,337.82,274.3,339.75
873,2021-02-04 11:16:00,333.55,333.55,333.55,333.55,75,1050,337.82,274.3,339.75
874,2021-02-04 11:17:00,333.55,333.55,333.55,333.55,75,1050,337.82,274.3,339.75
875,2021-02-04 11:18:00,333.55,333.55,333.55,333.55,75,1050,337.82,274.3,339.75
876,2021-02-04 11:19:00,333.55,333.55,333.55,333.55,75,1050,337.82,274.3,339.75
877,2021-02-04 11:20:00,333.55,333.55,333.55,333.55,75,1050,337.82,274.3,339.75
878,2021-02-04 11:21:00,333.55,333.55,333.55,333.55,75,1050,337.82,274.3,339.75
879,2021-02-04 11:22:00,333.55,333.55,333.55,333.55,75,1050,337.82,274.3,339.75
880,2021-02-04 11:23:00,333.55,333.55,333.55,333.55,75,1050,337.82,274.3,339.75
881,2021-02-04 11:24:00,333.55,333.55,333.55,333.55,75,1050,337.82,274.3,339.75
882,2021-02-04 11:25:00,333.55,333.55,333.55,333.55,75,1050,337.82,274.3,339.75
883,2021-02-04 11:26:00,333.55,333.55,333.55,333.55,75,1050,337.82,274.3,339.75
884,2021-02-04 11:27:00,333.55,333.55,333.55,333.55,75,1050,337.82,274.3,339.75
885,2021-02-04 11:28:00,333.55,333.55,333.55,333.55,75,1050,337.82,274.3,339.75
886,2021-02-04 11:29:00,333.55,333.55,333.55,333.55,75,1050,337.82,274.3,339.75
887,2021-02-04 11:30:00,333.55,333.55,333.55,333.55,75,1050,337.82,274.3,339.75
888,2021-02-04 11:31:00,333.55,333.55,333.55,333.55,75,1050,337.82,274.3,339.75
889,2021-02-04 11:32:00,332.4,332.4,332.4,332.4,75,975,336.01,321.2,345.95
890,2021-02-04 11:33:00,332.4,332.4,332.4,332.4,75,975,336.01,321.2,345.95
891,2021-02-04 11:34:00,332.4,332.4,332.4,332.4,75,975,336.01,321.2,345.95
892,2021-02-04 11:35:00,332.4,332.4,332.4,332.4,75,975,336.01,321.2,345.95
893,2021-02-04 11:36:00,332.4,332.4,332.4,332.4,75,975,336.01,321.2,345.95
894,2021-02-04 11:37:00,332.4,332.4,332.4,332.4,75,975,336.01,321.2,345.95
895,2021-02-04 11:38:00,332.4,332.4,332.4,332.4,75,975,336.01,321.2,345.95
896,2021-02-04 11:39:00,332.4,332.4,332.4,332.4,75,975,336.01,321.2,345.95
897,2021-02-04 11:40:00,332.4,332.4,332.4,332.4,75,975,336.01,321.2,345.95
898,2021-02-04 11:41:00,332.4,332.4,332.4,332.4,75,975,336.01,321.2,345.95
899,2021-02-04 11:42:00,332.4,332.4,332.4,332.4,75,975,336.01,321.2,345.95
900,2021-02-04 11:43:00,332.4,332.4,332.4,332.4,75,975,336.01,321.2,345.95
901,2021-02-04 11:44:00,332.4,332.4,332.4,332.4,75,975,336.01,321.2,345.95
902,2021-02-04 11:45:00,332.4,332.4,332.4,332.4,75,975,336.01,321.2,345.95
903,2021-02-04 11:46:00,332.4,332.4,332.4,332.4,75,975,336.01,321.2,345.95
904,2021-02-04 11:47:00,332.4,332.4,332.4,332.4,75,975,336.01,321.2,345.95
905,2021-02-04 11:48:00,332.4,332.4,332.4,332.4,75,975,336.01,321.2,345.95
906,2021-02-04 11:49:00,332.4,332.4,332.4,332.4,75,975,336.01,321.2,345.95
907,2021-02-04 11:50:00,332.4,332.4,332.4,332.4,75,975,336.01,321.2,345.95
908,2021-02-04 11:51:00,332.4,332.4,332.4,332.4,75,975,336.01,321.2,345.95
909,2021-02-04 11:52:00,332.4,332.4,332.4,332.4,75,975,336.01,321.2,345.95
910,2021-02-04 11:53:00,332.4,332.4,332.4,332.4,75,975,336.01,321.2,345.95
911,2021-02-04 11:54:00,314.25,314.25,314.25,314.25,75,1050,330.57,313.25,327.35
912,2021-02-04 11:55:00,314.25,314.25,314.25,314.25,75,1050,330.57,313.25,327.35
913,2021-02-04 11:56:00,314.25,314.25,314.25,314.25,75,1050,330.57,313.25,327.35
914,2021-02-04 11:57:00,314.25,314.25,314.25,314.25,75,1050,330.57,313.25,327.35
915,2021-02-04 11:58:00,314.25,314.25,314.25,314.25,75,1050,330.57,313.25,327.35
916,2021-02-04 11:59:00,314.25,314.25,314.25,314.25,75,1050,330.57,313.25,327.35
917,2021-02-04 12:00:00,314.25,314.25,314.25,314.25,75,1050,330.57,313.25,327.35
918,2021-02-04 12:01:00,314.25,314.25,314.25,314.25,75,1050,330.57,313.25,327.35
919,2021-02-04 12:02:00,314.25,314.25,314.25,314.25,75,1050,330.57,313.25,327.35
920,2021-02-04 12:03:00,314.25,314.25,314.25,314.25,75,1050,330.57,313.25,327.35
921,2021-02-04 12:04:00,314.25,314.25,314.25,314.25,75,1050,330.57,313.25,327.35
922,2021-02-04 12:05:00,314.25,314.25,314.25,314.25,75,1050,330.57,313.25,327.35
923,2021-02-04 12:06:00,314.25,314.25,314.25,314.25,75,1050,330.57,313.25,327.35
924,2021-02-04 12:07:00,314.25,314.25,314.25,314.25,75,1050,330.57,313.25,327.35
925,2021-02-04 12:08:00,314.25,314.25,314.25,314.25,75,1050,330.57,313.25,327.35
926,2021-02-04 12:09:00,314.25,314.25,314.25,314.25,75,1050,330.57,313.25,327.35
927,2021-02-04 12:10:00,314.25,314.25,314.25,314.25,75,1050,330.57,313.25,327.35
928,2021-02-04 12:11:00,314.25,314.25,314.25,314.25,75,1050,330.57,313.25,327.35
929,2021-02-04 12:12:00,314.25,314.25,314.25,314.25,75,1050,330.57,313.25,327.35
930,2021-02-04 12:13:00,314.25,314.25,314.25,314.25,75,1050,330.57,313.25,327.35
931,2021-02-04 12:14:00,314.25,314.25,314.25,314.25,75,1050,330.57,313.25,327.35
932,2021-02-04 12:15:00,314.25,314.25,314.25,314.25,75,1050,330.57,313.25,327.35
933,2021-02-04 12:16:00,314.25,314.25,314.25,314.25,75,1050,330.57,313.25,327.35
934,2021-02-04 12:17:00,314.25,314.25,314.25,314.25,75,1050,330.57,313.25,327.35
935,2021-02-04 12:18:00,314.25,314.25,314.25,314.25,75,1050,330.57,313.25,327.35
936,2021-02-04 12:19:00,314.25,314.25,314.25,314.25,75,1050,330.57,313.25,327.35
937,2021-02-04 12:20:00,314.25,314.25,314.25,314.25,75,1050,330.57,313.25,327.35
938,2021-02-04 12:21:00,314.25,314.25,314.25,314.25,75,1050,330.57,313.25,327.35
939,2021-02-04 12:22:00,314.25,314.25,314.25,314.25,75,1050,330.57,313.25,327.35
940,2021-02-04 12:23:00,314.25,314.25,314.25,314.25,75,1050,330.57,313.25,327.35
941,2021-02-04 12:24:00,314.25,314.25,314.25,314.25,75,1050,330.57,313.25,327.35
942,2021-02-04 12:25:00,314.25,314.25,314.25,314.25,75,1050,330.57,313.25,327.35
943,2021-02-04 12:26:00,314.25,314.25,314.25,314.25,75,1050,330.57,313.25,327.35
944,2021-02-04 12:27:00,314.25,314.25,314.25,314.25,75,1050,330.57,313.25,327.35
945,2021-02-04 12:28:00,314.25,314.25,314.25,314.25,75,1050,330.57,313.25,327.35
946,2021-02-04 12:29:00,314.25,314.25,314.25,314.25,75,1050,330.57,313.25,327.35
947,2021-02-04 12:30:00,314.25,314.25,314.25,314.25,75,1050,330.57,313.25,327.35
948,2021-02-04 12:31:00,314.25,314.25,314.25,314.25,75,1050,330.57,313.25,327.35
949,2021-02-04 12:32:00,314.25,314.25,314.25,314.25,75,1050,330.57,313.25,327.35
950,2021-02-04 12:33:00,314.25,314.25,314.25,314.25,75,1050,330.57,313.25,327.35
951,2021-02-04 12:34:00,314.25,314.25,314.25,314.25,75,1050,330.57,313.25,327.35
952,2021-02-04 12:35:00,314.25,314.25,314.25,314.25,75,1050,330.57,313.25,327.35
953,2021-02-04 12:36:00,318.4,318.4,318.4,318.4,75,1050,328.14,307.05,367.3
954,2021-02-04 12:37:00,318.4,318.4,318.4,318.4,75,1050,328.14,307.05,367.3
955,2021-02-04 12:38:00,318.4,318.4,318.4,318.4,75,1050,328.14,307.05,367.3
956,2021-02-04 12:39:00,318.4,318.4,318.4,318.4,75,1050,328.14,307.05,367.3
957,2021-02-04 12:40:00,318.4,318.4,318.4,318.4,75,1050,328.14,307.05,367.3
958,2021-02-04 12:41:00,318.4,318.4,318.4,318.4,75,1050,328.14,307.05,367.3
959,2021-02-04 12:42:00,318.4,318.4,318.4,318.4,75,1050,328.14,307.05,367.3
960,2021-02-04 12:43:00,318.4,318.4,318.4,318.4,75,1050,328.14,307.05,367.3
961,2021-02-04 12:44:00,318.4,318.4,318.4,318.4,75,1050,328.14,307.05,367.3
962,2021-02-04 12:45:00,318.4,318.4,318.4,318.4,75,1050,328.14,307.05,367.3
963,2021-02-04 12:46:00,318.4,318.4,318.4,318.4,75,1050,328.14,307.05,367.3
964,2021-02-04 12:47:00,318.4,318.4,318.4,318.4,75,1050,328.14,307.05,367.3
965,2021-02-04 12:48:00,318.4,318.4,318.4,318.4,75,1050,328.14,307.05,367.3
966,2021-02-04 12:49:00,318.4,318.4,318.4,318.4,75,1050,328.14,307.05,367.3
967,2021-02-04 12:50:00,318.4,318.4,318.4,318.4,75,1050,328.14,307.05,367.3
968,2021-02-04 12:51:00,318.4,318.4,318.4,318.4,75,1050,328.14,307.05,367.3
969,2021-02-04 12:52:00,318.4,318.4,318.4,318.4,75,1050,328.14,307.05,367.3
970,2021-02-04 12:53:00,318.4,318.4,318.4,318.4,75,1050,328.14,307.05,367.3
971,2021-02-04 12:54:00,318.4,318.4,318.4,318.4,75,1050,328.14,307.05,367.3
972,2021-02-04 12:55:00,318.4,318.4,318.4,318.4,75,1050,328.14,307.05,367.3
973,2021-02-04 12:56:00,318.4,318.4,318.4,318.4,75,1050,328.14,307.05,367.3
974,2021-02-04 12:57:00,318.4,318.4,318.4,318.4,75,1050,328.14,307.05,367.3
975,2021-02-04 12:58:00,318.4,318.4,318.4,318.4,75,1050,328.14,307.05,367.3
976,2021-02-04 12:59:00,318.4,318.4,318.4,318.4,75,1050,328.14,307.05,367.3
977,2021-02-04 13:00:00,318.4,318.4,318.4,318.4,75,1050,328.14,307.05,367.3
978,2021-02-04 13:01:00,318.4,318.4,318.4,318.4,75,1050,328.14,307.05,367.3
979,2021-02-04 13:02:00,318.4,318.4,318.4,318.4,75,1050,328.14,307.05,367.3
980,2021-02-04 13:03:00,318.4,318.4,318.4,318.4,75,1050,328.14,307.05,367.3
981,2021-02-04 13:04:00,318.4,318.4,318.4,318.4,75,1050,328.14,307.05,367.3
982,2021-02-04 13:05:00,318.4,318.4,318.4,318.4,75,1050,328.14,307.05,367.3
983,2021-02-04 13:06:00,318.4,318.4,318.4,318.4,75,1050,328.14,307.05,367.3
984,2021-02-04 13:07:00,318.4,318.4,318.4,318.4,75,1050,328.14,307.05,367.3
985,2021-02-04 13:08:00,318.4,318.4,318.4,318.4,75,1050,328.14,307.05,367.3
986,2021-02-04 13:09:00,318.4,318.4,318.4,318.4,75,1050,328.14,307.05,367.3
987,2021-02-04 13:10:00,318.4,318.4,318.4,318.4,75,1050,328.14,307.05,367.3
988,2021-02-04 13:11:00,318.4,318.4,318.4,318.4,75,1050,328.14,307.05,367.3
989,2021-02-04 13:12:00,318.4,318.4,318.4,318.4,75,1050,328.14,307.05,367.3
990,2021-02-04 13:13:00,318.4,318.4,318.4,318.4,75,1050,328.14,307.05,367.3
991,2021-02-04 13:14:00,318.4,318.4,318.4,318.4,75,1050,328.14,307.05,367.3
992,2021-02-04 13:15:00,318.4,318.4,318.4,318.4,75,1050,328.14,307.05,367.3
993,2021-02-04 13:16:00,318.4,318.4,318.4,318.4,75,1050,328.14,307.05,367.3
994,2021-02-04 13:17:00,318.4,318.4,318.4,318.4,75,1050,328.14,307.05,367.3
995,2021-02-04 13:18:00,318.4,318.4,318.4,318.4,75,1050,328.14,307.05,367.3
996,2021-02-04 13:19:00,318.4,318.4,318.4,318.4,75,1050,328.14,307.05,367.3
997,2021-02-04 13:20:00,318.4,318.4,318.4,318.4,75,1050,328.14,307.05,367.3
998,2021-02-04 13:21:00,318.4,318.4,318.4,318.4,75,1050,328.14,307.05,367.3
999,2021-02-04 13:22:00,318.4,318.4,318.4,318.4,75,1050,328.14,307.05,367.3
1000,2021-02-04 13:23:00,318.4,318.4,318.4,318.4,75,1050,328.14,307.05,367.3
1001,2021-02-04 13:24:00,318.4,318.4,318.4,318.4,75,1050,328.14,307.05,367.3
1002,2021-02-04 13:25:00,318.4,318.4,318.4,318.4,75,1050,328.14,307.05,367.3
1003,2021-02-04 13:26:00,318.4,318.4,318.4,318.4,75,1050,328.14,307.05,367.3
1004,2021-02-04 13:27:00,318.4,318.4,318.4,318.4,75,1050,328.14,307.05,367.3
1005,2021-02-04 13:28:00,318.4,318.4,318.4,318.4,75,1050,328.14,307.05,367.3
1006,2021-02-04 13:29:00,318.4,318.4,318.4,318.4,75,1050,328.14,307.05,367.3
1007,2021-02-04 13:30:00,318.4,318.4,318.4,318.4,75,1050,328.14,307.05,367.3
1008,2021-02-04 13:31:00,318.4,318.4,318.4,318.4,75,1050,328.14,307.05,367.3
1009,2021-02-04 13:32:00,318.4,318.4,318.4,318.4,75,1050,328.14,307.05,367.3
1010,2021-02-04 13:33:00,318.4,318.4,318.4,318.4,75,1050,328.14,307.05,367.3
1011,2021-02-04 13:34:00,318.4,318.4,318.4,318.4,75,1050,328.14,307.05,367.3
1012,2021-02-04 13:35:00,318.4,318.4,318.4,318.4,75,1050,328.14,307.05,367.3
1013,2021-02-04 13:36:00,318.4,318.4,318.4,318.4,75,1050,328.14,307.05,367.3
1014,2021-02-04 13:37:00,318.4,318.4,318.4,318.4,75,1050,328.14,307.05,367.3
1015,2021-02-04 13:38:00,318.4,318.4,318.4,318.4,75,1050,328.14,307.05,367.3
1016,2021-02-04 13:39:00,324.4,324.4,324.4,324.4,75,1125,327.51,312.35,351.3
1017,2021-02-04 13:40:00,324.4,324.4,324.4,324.4,75,1125,327.51,312.35,351.3
1018,2021-02-04 13:41:00,324.4,324.4,324.4,324.4,75,1125,327.51,312.35,351.3
1019,2021-02-04 13:42:00,324.4,324.4,324.4,324.4,75,1125,327.51,312.35,351.3
1020,2021-02-04 13:43:00,324.4,324.4,324.4,324.4,75,1125,327.51,312.35,351.3
1021,2021-02-04 13:44:00,324.4,324.4,324.4,324.4,75,1125,327.51,312.35,351.3
1022,2021-02-04 13:45:00,324.4,324.4,324.4,324.4,75,1125,327.51,312.35,351.3
1023,2021-02-04 13:46:00,324.4,324.4,324.4,324.4,75,1125,327.51,312.35,351.3
1024,2021-02-04 13:47:00,324.4,324.4,324.4,324.4,75,1125,327.51,312.35,351.3
1025,2021-02-04 13:48:00,324.4,324.4,324.4,324.4,75,1125,327.51,312.35,351.3
1026,2021-02-04 13:49:00,324.4,324.4,324.4,324.4,75,1125,327.51,312.35,351.3
1027,2021-02-04 13:50:00,324.4,324.4,324.4,324.4,75,1125,327.51,312.35,351.3
1028,2021-02-04 13:51:00,324.4,324.4,324.4,324.4,75,1125,327.51,312.35,351.3
1029,2021-02-04 13:52:00,324.4,324.4,324.4,324.4,75,1125,327.51,312.35,351.3
1030,2021-02-04 13:53:00,324.4,324.4,324.4,324.4,75,1125,327.51,312.35,351.3
1031,2021-02-04 13:54:00,324.4,324.4,324.4,324.4,75,1125,327.51,312.35,351.3
1032,2021-02-04 13:55:00,324.4,324.4,324.4,324.4,75,1125,327.51,312.35,351.3
1033,2021-02-04 13:56:00,322.7,322.7,322.7,322.7,75,1200,326.82,167.55,0.0
1034,2021-02-04 13:57:00,322.7,322.7,322.7,322.7,75,1200,326.82,167.55,0.0
1035,2021-02-04 13:58:00,322.7,322.7,322.7,322.7,75,1200,326.82,167.55,0.0
1036,2021-02-04 13:59:00,322.7,322.7,322.7,322.7,75,1200,326.82,167.55,0.0
1037,2021-02-04 14:00:00,322.7,322.7,322.7,322.7,75,1200,326.82,167.55,0.0
1038,2021-02-04 14:01:00,322.7,322.7,322.7,322.7,75,1200,326.82,167.55,0.0
1039,2021-02-04 14:02:00,322.7,322.7,322.7,322.7,75,1200,326.82,167.55,0.0
1040,2021-02-04 14:03:00,322.7,322.7,322.7,322.7,75,1200,326.82,167.55,0.0
1041,2021-02-04 14:04:00,322.7,322.7,322.7,322.7,75,1200,326.82,167.55,0.0
1042,2021-02-04 14:05:00,322.7,322.7,322.7,322.7,75,1200,326.82,167.55,0.0
1043,2021-02-04 14:06:00,322.7,322.7,322.7,322.7,75,1200,326.82,167.55,0.0
1044,2021-02-04 14:07:00,322.7,322.7,322.7,322.7,75,1200,326.82,167.55,0.0
1045,2021-02-04 14:08:00,322.7,322.7,322.7,322.7,75,1200,326.82,167.55,0.0
1046,2021-02-04 14:09:00,322.7,322.7,322.7,322.7,75,1200,326.82,167.55,0.0
1047,2021-02-04 14:10:00,322.7,322.7,322.7,322.7,75,1200,326.82,167.55,0.0
1048,2021-02-04 14:11:00,322.7,322.7,322.7,322.7,75,1200,326.82,167.55,0.0
1049,2021-02-04 14:12:00,322.7,322.7,322.7,322.7,75,1200,326.82,167.55,0.0
1050,2021-02-04 14:13:00,322.7,322.7,322.7,322.7,75,1200,326.82,167.55,0.0
1051,2021-02-04 14:14:00,322.7,322.7,322.7,322.7,75,1200,326.82,167.55,0.0
1052,2021-02-04 14:15:00,322.7,322.7,322.7,322.7,75,1200,326.82,167.55,0.0
1053,2021-02-04 14:16:00,322.7,322.7,322.7,322.7,75,1200,326.82,167.55,0.0
1054,2021-02-04 14:17:00,322.7,322.7,322.7,322.7,75,1200,326.82,167.55,0.0
1055,2021-02-04 14:18:00,322.7,322.7,322.7,322.7,75,1200,326.82,167.55,0.0
1056,2021-02-04 14:19:00,322.7,322.7,322.7,322.7,75,1200,326.82,167.55,0.0
1057,2021-02-04 14:20:00,322.7,322.7,322.7,322.7,75,1200,326.82,167.55,0.0
1058,2021-02-04 14:21:00,322.7,322.7,322.7,322.7,75,1200,326.82,167.55,0.0
1059,2021-02-04 14:22:00,322.7,322.7,322.7,322.7,75,1200,326.82,167.55,0.0
1060,2021-02-04 14:23:00,322.7,322.7,322.7,322.7,75,1200,326.82,167.55,0.0
1061,2021-02-04 14:24:00,322.7,322.7,322.7,322.7,75,1200,326.82,167.55,0.0
1062,2021-02-04 14:25:00,322.7,322.7,322.7,322.7,75,1200,326.82,167.55,0.0
1063,2021-02-04 14:26:00,322.7,322.7,322.7,322.7,75,1200,326.82,167.55,0.0
1064,2021-02-04 14:27:00,322.7,322.7,322.7,322.7,75,1200,326.82,167.55,0.0
1065,2021-02-04 14:28:00,322.7,322.7,322.7,322.7,75,1200,326.82,167.55,0.0
1066,2021-02-04 14:29:00,322.7,322.7,322.7,322.7,75,1200,326.82,167.55,0.0
1067,2021-02-04 14:30:00,322.7,322.7,322.7,322.7,75,1200,326.82,167.55,0.0
1068,2021-02-04 14:31:00,307.75,307.75,307.75,307.75,75,1275,324.44,301.4,316.95
1069,2021-02-04 14:32:00,307.75,307.75,307.75,307.75,75,1275,324.44,301.4,316.95
1070,2021-02-04 14:33:00,307.75,307.75,307.75,307.75,75,1275,324.44,301.4,316.95
1071,2021-02-04 14:34:00,307.75,307.75,307.75,307.75,75,1275,324.44,301.4,316.95
1072,2021-02-04 14:35:00,307.75,307.75,307.75,307.75,75,1275,324.44,301.4,316.95
1073,2021-02-04 14:36:00,307.75,307.75,303.55,303.55,150,1350,320.68,253.75,308.15
1074,2021-02-04 14:37:00,307.75,307.75,303.55,303.55,150,1350,320.68,253.75,308.15
1075,2021-02-04 14:38:00,307.75,307.75,303.55,303.55,150,1350,320.68,253.75,308.15
1076,2021-02-04 14:39:00,307.75,307.75,303.55,303.55,150,1350,320.68,253.75,308.15
1077,2021-02-04 14:40:00,307.75,307.75,303.55,303.55,150,1350,320.68,253.75,308.15
1078,2021-02-04 14:41:00,307.75,307.75,303.55,303.55,150,1350,320.68,253.75,308.15
1079,2021-02-04 14:42:00,307.75,307.75,303.55,303.55,150,1350,320.68,253.75,308.15
1080,2021-02-04 14:43:00,307.75,307.75,303.55,303.55,150,1350,320.68,253.75,308.15
1081,2021-02-04 14:44:00,307.75,307.75,303.55,303.55,150,1350,320.68,253.75,308.15
1082,2021-02-04 14:45:00,307.75,307.75,303.55,303.55,150,1350,320.68,253.75,308.15
1083,2021-02-04 14:46:00,307.75,307.75,303.55,303.55,150,1350,320.68,253.75,308.15
1084,2021-02-04 14:47:00,307.75,307.75,303.55,303.55,150,1350,320.68,253.75,308.15
1085,2021-02-04 14:48:00,307.75,307.75,303.55,303.55,150,1350,320.68,253.75,308.15
1086,2021-02-04 14:49:00,307.75,307.75,303.55,303.55,150,1350,320.68,253.75,308.15
1087,2021-02-04 14:50:00,307.75,307.75,303.55,303.55,150,1350,320.68,253.75,308.15
1088,2021-02-04 14:51:00,307.75,307.75,303.55,303.55,150,1350,320.68,253.75,308.15
1089,2021-02-04 14:52:00,307.75,307.75,303.55,303.55,150,1350,320.68,253.75,308.15
1090,2021-02-04 14:53:00,307.75,307.75,303.55,303.55,150,1350,320.68,253.75,308.15
1091,2021-02-04 14:54:00,307.75,307.75,303.55,303.55,150,1350,320.68,253.75,308.15
1092,2021-02-04 14:55:00,307.75,307.75,303.55,303.55,150,1350,320.68,253.75,308.15
1093,2021-02-04 14:56:00,307.75,307.75,303.55,303.55,150,1350,320.68,253.75,308.15
1094,2021-02-04 14:57:00,307.75,307.75,303.55,303.55,150,1350,320.68,253.75,308.15
1095,2021-02-04 14:58:00,307.75,307.75,303.55,303.55,150,1350,320.68,253.75,308.15
1096,2021-02-04 14:59:00,307.75,307.75,303.55,303.55,150,1350,320.68,253.75,308.15
1097,2021-02-04 15:00:00,307.75,307.75,303.55,303.55,150,1350,320.68,253.75,308.15
1098,2021-02-04 15:01:00,307.75,307.75,303.55,303.55,150,1350,320.68,253.75,308.15
1099,2021-02-04 15:02:00,307.75,307.75,303.55,303.55,150,1350,320.68,253.75,308.15
1100,2021-02-04 15:03:00,307.75,307.75,303.55,303.55,150,1350,320.68,253.75,308.15
1101,2021-02-04 15:04:00,307.75,307.75,303.55,303.55,150,1350,320.68,253.75,308.15
1102,2021-02-04 15:05:00,307.75,307.75,303.55,303.55,150,1350,320.68,253.75,308.15
1103,2021-02-04 15:06:00,307.75,307.75,303.55,303.55,150,1350,320.68,253.75,308.15
1104,2021-02-04 15:07:00,307.75,307.75,303.55,303.55,150,1350,320.68,253.75,308.15
1105,2021-02-04 15:08:00,307.75,307.75,303.55,303.55,150,1350,320.68,253.75,308.15
1106,2021-02-04 15:09:00,307.75,307.75,303.55,303.55,150,1350,320.68,253.75,308.15
1107,2021-02-04 15:10:00,307.75,307.75,303.55,303.55,150,1350,320.68,253.75,308.15
1108,2021-02-04 15:11:00,307.75,307.75,303.55,303.55,150,1350,320.68,253.75,308.15
1109,2021-02-04 15:12:00,307.75,307.75,303.55,303.55,150,1350,320.68,253.75,308.15
1110,2021-02-04 15:13:00,307.75,307.75,303.55,303.55,150,1350,320.68,253.75,308.15
1111,2021-02-04 15:14:00,307.75,307.75,303.55,303.55,150,1350,320.68,253.75,308.15
1112,2021-02-04 15:15:00,307.75,307.75,303.55,303.55,150,1350,320.68,253.75,308.15
1113,2021-02-04 15:16:00,307.75,307.75,303.55,303.55,150,1350,320.68,253.75,308.15
1114,2021-02-04 15:17:00,307.75,307.75,303.55,303.55,150,1350,320.68,253.75,308.15
1115,2021-02-04 15:18:00,307.75,307.75,303.55,303.55,150,1350,320.68,253.75,308.15
1116,2021-02-04 15:19:00,307.75,307.75,303.55,303.55,150,1350,320.68,253.75,308.15
1117,2021-02-04 15:20:00,307.75,307.75,303.55,303.55,150,1350,320.68,253.75,308.15
1118,2021-02-04 15:21:00,307.75,307.75,303.55,303.55,150,1350,320.68,253.75,308.15
1119,2021-02-04 15:22:00,307.75,307.75,303.55,303.55,150,1350,320.68,253.75,308.15
1120,2021-02-04 15:23:00,307.75,307.75,303.55,303.55,150,1350,320.68,253.75,308.15
1121,2021-02-04 15:24:00,307.75,307.75,303.55,303.55,150,1350,320.68,253.75,308.15
1122,2021-02-04 15:25:00,307.75,307.75,303.55,303.55,150,1350,320.68,253.75,308.15
1123,2021-02-04 15:26:00,307.75,307.75,303.55,303.55,150,1350,320.68,253.75,308.15
1124,2021-02-04 15:27:00,307.75,307.75,303.55,303.55,150,1350,320.68,253.75,308.15
1125,2021-02-04 15:28:00,307.75,307.75,303.55,303.55,150,1350,320.68,253.75,308.15
1126,2021-02-04 15:29:00,307.75,307.75,303.55,303.55,150,1350,320.68,253.75,308.15
1127,2021-02-04 15:30:00,307.75,307.75,303.55,303.55,150,1350,320.68,253.75,308.15
1128,2021-02-05 09:15:00,307.75,307.75,303.55,303.55,150,1350,320.68,253.75,308.15
1129,2021-02-05 09:16:00,307.75,307.75,303.55,303.55,150,1350,320.68,253.75,308.15
1130,2021-02-05 09:17:00,307.75,307.75,303.55,303.55,150,1350,320.68,253.75,308.15
1131,2021-02-05 09:18:00,307.75,307.75,303.55,303.55,150,1350,320.68,253.75,308.15
1132,2021-02-05 09:19:00,307.75,307.75,303.55,303.55,150,1350,320.68,253.75,308.15
1133,2021-02-05 09:20:00,307.75,307.75,303.55,303.55,150,1350,320.68,253.75,308.15
1134,2021-02-05 09:21:00,307.75,307.75,303.55,303.55,150,1350,320.68,253.75,308.15
1135,2021-02-05 09:22:00,307.75,307.75,303.55,303.55,150,1350,320.68,253.75,308.15
1136,2021-02-05 09:23:00,281.75,281.75,281.75,281.75,75,1200,281.75,0.0,313.6
1137,2021-02-05 09:24:00,281.75,281.75,281.75,281.75,75,1200,281.75,0.0,313.6
1138,2021-02-05 09:25:00,281.75,281.75,281.75,281.75,75,1200,281.75,0.0,313.6
1139,2021-02-05 09:26:00,281.75,281.75,281.75,281.75,75,1200,281.75,0.0,313.6
1140,2021-02-05 09:27:00,281.75,281.75,281.75,281.75,75,1200,281.75,0.0,313.6
1141,2021-02-05 09:28:00,281.75,281.75,281.75,281.75,75,1200,281.75,0.0,313.6
1142,2021-02-05 09:29:00,281.75,281.75,281.75,281.75,75,1200,281.75,0.0,313.6
1143,2021-02-05 09:30:00,281.75,281.75,281.75,281.75,75,1200,281.75,0.0,313.6
1144,2021-02-05 09:31:00,281.75,281.75,281.75,281.75,75,1200,281.75,0.0,313.6
1145,2021-02-05 09:32:00,281.75,281.75,281.75,281.75,75,1200,281.75,0.0,313.6
1146,2021-02-05 09:33:00,281.75,281.75,281.75,281.75,75,1200,281.75,0.0,313.6
1147,2021-02-05 09:34:00,281.75,281.75,281.75,281.75,75,1200,281.75,0.0,313.6
1148,2021-02-05 09:35:00,281.75,281.75,281.75,281.75,75,1200,281.75,0.0,313.6
1149,2021-02-05 09:36:00,281.75,281.75,281.75,281.75,75,1200,281.75,0.0,313.6
1150,2021-02-05 09:37:00,281.75,281.75,281.75,281.75,75,1200,281.75,0.0,313.6
1151,2021-02-05 09:38:00,281.75,281.75,281.75,281.75,75,1200,281.75,0.0,313.6
1152,2021-02-05 09:39:00,281.75,281.75,281.75,281.75,75,1200,281.75,0.0,313.6
1153,2021-02-05 09:40:00,281.75,281.75,281.75,281.75,75,1200,281.75,0.0,313.6
1154,2021-02-05 09:41:00,281.75,281.75,281.75,281.75,75,1200,281.75,0.0,313.6
1155,2021-02-05 09:42:00,281.75,281.75,281.75,281.75,75,1200,281.75,0.0,313.6
1156,2021-02-05 09:43:00,281.75,281.75,281.75,281.75,75,1200,281.75,0.0,313.6
1157,2021-02-05 09:44:00,281.75,281.75,281.75,281.75,75,1200,281.75,0.0,313.6
1158,2021-02-05 09:45:00,281.75,281.75,281.75,281.75,75,1200,281.75,0.0,313.6
1159,2021-02-05 09:46:00,281.75,281.75,281.75,281.75,75,1200,281.75,0.0,313.6
1160,2021-02-05 09:47:00,286.35,286.35,286.35,286.35,75,1125,284.05,277.25,291.8
1161,2021-02-05 09:48:00,286.35,286.35,286.35,286.35,75,1125,284.05,277.25,291.8
1162,2021-02-05 09:49:00,286.35,286.35,286.35,286.35,75,1125,284.05,277.25,291.8
1163,2021-02-05 09:50:00,286.35,286.35,286.35,286.35,75,1125,284.05,277.25,291.8
1164,2021-02-05 09:51:00,286.35,286.35,286.35,286.35,75,1125,284.05,277.25,291.8
1165,2021-02-05 09:52:00,286.35,286.35,286.35,286.35,75,1125,284.05,277.25,291.8
1166,2021-02-05 09:53:00,286.35,286.35,286.35,286.35,75,1125,284.05,277.25,291.8
1167,2021-02-05 09:54:00,286.35,286.35,286.35,286.35,75,1125,284.05,277.25,291.8
1168,2021-02-05 09:55:00,286.35,286.35,286.35,286.35,75,1125,284.05,277.25,291.8
1169,2021-02-05 09:56:00,286.35,286.35,286.35,286.35,75,1125,284.05,277.25,291.8
1170,2021-02-05 09:57:00,286.35,286.35,286.35,286.35,75,1125,284.05,277.25,291.8
1171,2021-02-05 09:58:00,286.35,286.35,286.35,286.35,75,1125,284.05,277.25,291.8
1172,2021-02-05 09:59:00,286.35,286.35,286.35,286.35,75,1125,284.05,277.25,291.8
1173,2021-02-05 10:00:00,286.35,286.35,286.35,286.35,75,1125,284.05,277.25,291.8
1174,2021-02-05 10:01:00,286.35,286.35,286.35,286.35,75,1125,284.05,277.25,291.8
1175,2021-02-05 10:02:00,286.35,286.35,286.35,286.35,75,1125,284.05,277.25,291.8
1176,2021-02-05 10:03:00,286.35,286.35,286.35,286.35,75,1125,284.05,277.25,291.8
1177,2021-02-05 10:04:00,286.35,286.35,286.35,286.35,75,1125,284.05,277.25,291.8
1178,2021-02-05 10:05:00,282.35,282.35,282.35,282.35,75,1200,283.48,261.15,289.35
1179,2021-02-05 10:06:00,282.35,282.35,282.35,282.35,75,1200,283.48,261.15,289.35
1180,2021-02-05 10:07:00,282.35,282.35,282.35,282.35,75,1200,283.48,261.15,289.35
1181,2021-02-05 10:08:00,282.35,282.35,282.35,282.35,75,1200,283.48,261.15,289.35
1182,2021-02-05 10:09:00,282.35,282.35,282.35,282.35,75,1200,283.48,261.15,289.35
1183,2021-02-05 10:10:00,282.35,282.35,282.35,282.35,75,1200,283.48,261.15,289.35
1184,2021-02-05 10:11:00,282.35,282.35,282.35,282.35,75,1200,283.48,261.15,289.35
1185,2021-02-05 10:12:00,282.35,282.35,282.35,282.35,75,1200,283.48,261.15,289.35
1186,2021-02-05 10:13:00,282.35,282.35,282.35,282.35,75,1200,283.48,261.15,289.35
1187,2021-02-05 10:14:00,282.35,282.35,282.35,282.35,75,1200,283.48,261.15,289.35
1188,2021-02-05 10:15:00,282.35,282.35,282.35,282.35,75,1200,283.48,261.15,289.35
1189,2021-02-05 10:16:00,282.35,282.35,282.35,282.35,75,1200,283.48,261.15,289.35
1190,2021-02-05 10:17:00,291.85,291.85,291.85,291.85,75,1125,285.57,280.45,313.55
1191,2021-02-05 10:18:00,291.85,291.85,291.85,291.85,75,1125,285.57,280.45,313.55
1192,2021-02-05 10:19:00,291.85,291.85,291.85,291.85,75,1125,285.57,280.45,313.55
1193,2021-02-05 10:20:00,291.85,291.85,291.85,291.85,75,1125,285.57,280.45,313.55
1194,2021-02-05 10:21:00,291.85,291.85,291.85,291.85,75,1125,285.57,280.45,313.55
1195,2021-02-05 10:22:00,291.85,291.85,291.85,291.85,75,1125,285.57,280.45,313.55
1196,2021-02-05 10:23:00,291.85,291.85,291.85,291.85,75,1125,285.57,280.45,313.55
1197,2021-02-05 10:24:00,291.85,291.85,291.85,291.85,75,1125,285.57,280.45,313.55
1198,2021-02-05 10:25:00,291.85,291.85,291.85,291.85,75,1125,285.57,280.45,313.55
1199,2021-02-05 10:26:00,291.85,291.85,291.85,291.85,75,1125,285.57,280.45,313.55
1200,2021-02-05 10:27:00,291.85,291.85,291.85,291.85,75,1125,285.57,280.45,313.55
1201,2021-02-05 10:28:00,291.85,291.85,291.85,291.85,75,1125,285.57,280.45,313.55
1202,2021-02-05 10:29:00,298.65,298.65,298.65,298.65,75,1050,288.19,290.6,307.15
1203,2021-02-05 10:30:00,298.65,298.65,298.65,298.65,75,1050,288.19,290.6,307.15
1204,2021-02-05 10:31:00,298.65,298.65,298.65,298.65,75,1050,288.19,290.6,307.15
1205,2021-02-05 10:32:00,297.0,297.0,297.0,297.0,75,1050,289.65,0.0,305.0
1206,2021-02-05 10:33:00,297.0,297.0,297.0,297.0,75,1050,289.65,0.0,305.0
1207,2021-02-05 10:34:00,297.0,297.0,297.0,297.0,75,1050,289.65,0.0,305.0
1208,2021-02-05 10:35:00,297.0,297.0,297.0,297.0,75,1050,289.65,0.0,305.0
1209,2021-02-05 10:36:00,297.0,297.0,297.0,297.0,75,1050,289.65,0.0,305.0
1210,2021-02-05 10:37:00,297.0,297.0,297.0,297.0,75,1050,289.65,0.0,305.0
1211,2021-02-05 10:38:00,297.0,297.0,297.0,297.0,75,1050,289.65,0.0,305.0
1212,2021-02-05 10:39:00,297.0,297.0,297.0,297.0,75,1050,289.65,0.0,305.0
1213,2021-02-05 10:40:00,297.0,297.0,297.0,297.0,75,1050,289.65,0.0,305.0
1214,2021-02-05 10:41:00,297.0,297.0,297.0,297.0,75,1050,289.65,0.0,305.0
1215,2021-02-05 10:42:00,297.0,297.0,297.0,297.0,75,1050,289.65,0.0,305.0
1216,2021-02-05 10:43:00,297.0,297.0,297.0,297.0,75,1050,289.65,0.0,305.0
1217,2021-02-05 10:44:00,297.0,297.0,297.0,297.0,75,1050,289.65,0.0,305.0
1218,2021-02-05 10:45:00,297.0,297.0,297.0,297.0,75,1050,289.65,0.0,305.0
1219,2021-02-05 10:46:00,297.0,297.0,297.0,297.0,75,1050,289.65,0.0,305.0
1220,2021-02-05 10:47:00,297.0,297.0,297.0,297.0,75,1050,289.65,0.0,305.0
1221,2021-02-05 10:48:00,297.0,297.0,297.0,297.0,75,1050,289.65,0.0,305.0
1222,2021-02-05 10:49:00,299.25,299.25,299.25,299.25,75,900,291.02,292.7,320.55
1223,2021-02-05 10:50:00,299.25,299.25,299.25,299.25,75,900,291.02,292.7,320.55
1224,2021-02-05 10:51:00,299.25,299.25,299.25,299.25,75,900,291.02,292.7,320.55
1225,2021-02-05 10:52:00,299.25,299.25,299.25,299.25,75,900,291.02,292.7,320.55
1226,2021-02-05 10:53:00,299.25,299.25,299.25,299.25,75,900,291.02,292.7,320.55
1227,2021-02-05 10:54:00,299.25,299.25,299.25,299.25,75,900,291.02,292.7,320.55
1228,2021-02-05 10:55:00,299.25,299.25,299.25,299.25,75,900,291.02,292.7,320.55
1229,2021-02-05 10:56:00,299.25,299.25,299.25,299.25,75,900,291.02,292.7,320.55
1230,2021-02-05 10:57:00,299.25,299.25,299.25,299.25,75,900,291.02,292.7,320.55
1231,2021-02-05 10:58:00,299.25,299.25,299.25,299.25,75,900,291.02,292.7,320.55
1232,2021-02-05 10:59:00,299.25,299.25,299.25,299.25,75,900,291.02,292.7,320.55
1233,2021-02-05 11:00:00,308.25,308.25,308.25,308.25,75,975,293.18,286.1,320.1
1234,2021-02-05 11:01:00,308.25,308.25,308.25,308.25,75,975,293.18,286.1,320.1
1235,2021-02-05 11:02:00,308.25,308.25,308.25,308.25,75,975,293.18,286.1,320.1
1236,2021-02-05 11:03:00,308.25,308.25,308.25,308.25,75,975,293.18,286.1,320.1
1237,2021-02-05 11:04:00,308.25,308.25,308.25,308.25,75,975,293.18,286.1,320.1
1238,2021-02-05 11:05:00,308.25,308.25,308.25,308.25,75,975,293.18,286.1,320.1
1239,2021-02-05 11:06:00,308.25,308.25,308.25,308.25,75,975,293.18,286.1,320.1
1240,2021-02-05 11:07:00,308.25,308.25,308.25,308.25,75,975,293.18,286.1,320.1
1241,2021-02-05 11:08:00,308.25,308.25,308.25,308.25,75,975,293.18,286.1,320.1
1242,2021-02-05 11:09:00,308.25,308.25,308.25,308.25,75,975,293.18,286.1,320.1
1243,2021-02-05 11:10:00,308.25,308.25,308.25,308.25,75,975,293.18,286.1,320.1
1244,2021-02-05 11:11:00,308.25,308.25,308.25,308.25,75,975,293.18,286.1,320.1
1245,2021-02-05 11:12:00,308.25,308.25,308.25,308.25,75,975,293.18,286.1,320.1
1246,2021-02-05 11:13:00,308.25,308.25,308.25,308.25,75,975,293.18,286.1,320.1
1247,2021-02-05 11:14:00,299.95,299.95,299.95,299.95,75,900,293.93,291.6,306.0
1248,2021-02-05 11:15:00,299.95,299.95,299.95,299.95,75,900,293.93,291.6,306.0
1249,2021-02-05 11:16:00,299.95,299.95,299.95,299.95,75,900,293.93,291.6,306.0
1250,2021-02-05 11:17:00,299.95,299.95,299.95,299.95,75,900,293.93,291.6,306.0
1251,2021-02-05 11:18:00,299.95,299.95,299.95,299.95,75,900,293.93,291.6,306.0
1252,2021-02-05 11:19:00,299.95,299.95,299.95,299.95,75,900,293.93,291.6,306.0
1253,2021-02-05 11:20:00,299.95,299.95,299.95,299.95,75,900,293.93,291.6,306.0
1254,2021-02-05 11:21:00,299.95,299.95,299.95,299.95,75,900,293.93,291.6,306.0
1255,2021-02-05 11:22:00,299.95,299.95,299.95,299.95,75,900,293.93,291.6,306.0
1256,2021-02-05 11:23:00,299.95,299.95,299.95,299.95,75,900,293.93,291.6,306.0
1257,2021-02-05 11:24:00,299.95,299.95,299.95,299.95,75,900,293.93,291.6,306.0
1258,2021-02-05 11:25:00,299.95,299.95,299.95,299.95,75,900,293.93,291.6,306.0
1259,2021-02-05 11:26:00,299.95,299.95,299.95,299.95,75,900,293.93,291.6,306.0
1260,2021-02-05 11:27:00,299.95,299.95,299.95,299.95,75,900,293.93,291.6,306.0
1261,2021-02-05 11:28:00,299.95,299.95,299.95,299.95,75,900,293.93,291.6,306.0
1262,2021-02-05 11:29:00,299.95,299.95,299.95,299.95,75,900,293.93,291.6,306.0
1263,2021-02-05 11:30:00,299.95,299.95,299.95,299.95,75,900,293.93,291.6,306.0
1264,2021-02-05 11:31:00,299.95,299.95,299.95,299.95,75,900,293.93,291.6,306.0
1265,2021-02-05 11:32:00,299.95,299.95,299.95,299.95,75,900,293.93,291.6,306.0
1266,2021-02-05 11:33:00,299.95,299.95,299.95,299.95,75,900,293.93,291.6,306.0
1267,2021-02-05 11:34:00,299.95,299.95,299.95,299.95,75,900,293.93,291.6,306.0
1268,2021-02-05 11:35:00,299.95,299.95,299.95,299.95,75,900,293.93,291.6,306.0
1269,2021-02-05 11:36:00,299.95,299.95,299.95,299.95,75,900,293.93,291.6,306.0
1270,2021-02-05 11:37:00,299.95,299.95,299.95,299.95,75,900,293.93,291.6,306.0
1271,2021-02-05 11:38:00,299.95,299.95,299.95,299.95,75,900,293.93,291.6,306.0
1272,2021-02-05 11:39:00,299.95,299.95,299.95,299.95,75,900,293.93,291.6,306.0
1273,2021-02-05 11:40:00,299.95,299.95,299.95,299.95,75,900,293.93,291.6,306.0
1274,2021-02-05 11:41:00,299.95,299.95,299.95,299.95,75,900,293.93,291.6,306.0
1275,2021-02-05 11:42:00,299.95,299.95,299.95,299.95,75,900,293.93,291.6,306.0
1276,2021-02-05 11:43:00,299.95,299.95,299.95,299.95,75,900,293.93,291.6,306.0
1277,2021-02-05 11:44:00,299.95,299.95,299.95,299.95,75,900,293.93,291.6,306.0
1278,2021-02-05 11:45:00,299.95,299.95,299.95,299.95,75,900,293.93,291.6,306.0
1279,2021-02-05 11:46:00,299.95,299.95,299.95,299.95,75,900,293.93,291.6,306.0
1280,2021-02-05 11:47:00,299.95,299.95,299.95,299.95,75,900,293.93,291.6,306.0
1281,2021-02-05 11:48:00,299.95,299.95,299.95,299.95,75,900,293.93,291.6,306.0
1282,2021-02-05 11:49:00,299.95,299.95,299.95,299.95,75,900,293.93,291.6,306.0
1283,2021-02-05 11:50:00,299.95,299.95,299.95,299.95,75,900,293.93,291.6,306.0
1284,2021-02-05 11:51:00,299.95,299.95,299.95,299.95,75,900,293.93,291.6,306.0
1285,2021-02-05 11:52:00,299.95,299.95,299.95,299.95,75,900,293.93,291.6,306.0
1286,2021-02-05 11:53:00,299.95,299.95,299.95,299.95,75,900,293.93,291.6,306.0
1287,2021-02-05 11:54:00,299.95,299.95,299.95,299.95,75,900,293.93,291.6,306.0
1288,2021-02-05 11:55:00,299.95,299.95,299.95,299.95,75,900,293.93,291.6,306.0
1289,2021-02-05 11:56:00,299.95,299.95,299.95,299.95,75,900,293.93,291.6,306.0
1290,2021-02-05 11:57:00,299.95,299.95,299.95,299.95,75,900,293.93,291.6,306.0
1291,2021-02-05 11:58:00,299.95,299.95,299.95,299.95,75,900,293.93,291.6,306.0
1292,2021-02-05 11:59:00,299.95,299.95,299.95,299.95,75,900,293.93,291.6,306.0
1293,2021-02-05 12:00:00,299.95,299.95,299.95,299.95,75,900,293.93,291.6,306.0
1294,2021-02-05 12:01:00,299.95,299.95,299.95,299.95,75,900,293.93,291.6,306.0
1295,2021-02-05 12:02:00,299.95,299.95,299.95,299.95,75,900,293.93,291.6,306.0
1296,2021-02-05 12:03:00,299.95,299.95,299.95,299.95,75,900,293.93,291.6,306.0
1297,2021-02-05 12:04:00,299.95,299.95,299.95,299.95,75,900,293.93,291.6,306.0
1298,2021-02-05 12:05:00,299.95,299.95,299.95,299.95,75,900,293.93,291.6,306.0
1299,2021-02-05 12:06:00,299.95,299.95,299.95,299.95,75,900,293.93,291.6,306.0
1300,2021-02-05 12:07:00,299.95,299.95,299.95,299.95,75,900,293.93,291.6,306.0
1301,2021-02-05 12:08:00,299.95,299.95,299.95,299.95,75,900,293.93,291.6,306.0
1302,2021-02-05 12:09:00,299.95,299.95,299.95,299.95,75,900,293.93,291.6,306.0
1303,2021-02-05 12:10:00,299.95,299.95,299.95,299.95,75,900,293.93,291.6,306.0
1304,2021-02-05 12:11:00,299.95,299.95,299.95,299.95,75,900,293.93,291.6,306.0
1305,2021-02-05 12:12:00,299.95,299.95,299.95,299.95,75,900,293.93,291.6,306.0
1306,2021-02-05 12:13:00,299.95,299.95,299.95,299.95,75,900,293.93,291.6,306.0
1307,2021-02-05 12:14:00,299.95,299.95,299.95,299.95,75,900,293.93,291.6,306.0
1308,2021-02-05 12:15:00,299.95,299.95,299.95,299.95,75,900,293.93,291.6,306.0
1309,2021-02-05 12:16:00,299.95,299.95,299.95,299.95,75,900,293.93,291.6,306.0
1310,2021-02-05 12:17:00,294.25,294.25,294.25,294.25,75,975,293.96,287.65,313.05
1311,2021-02-05 12:18:00,294.25,294.25,294.25,294.25,75,975,293.96,287.65,313.05
1312,2021-02-05 12:19:00,294.25,294.25,294.25,294.25,75,975,293.96,287.65,313.05
1313,2021-02-05 12:20:00,294.25,294.25,294.25,294.25,75,975,293.96,287.65,313.05
1314,2021-02-05 12:21:00,294.25,294.25,294.25,294.25,75,975,293.96,287.65,313.05
1315,2021-02-05 12:22:00,294.25,294.25,294.25,294.25,75,975,293.96,287.65,313.05
1316,2021-02-05 12:23:00,294.25,294.25,294.25,294.25,75,975,293.96,287.65,313.05
1317,2021-02-05 12:24:00,294.25,294.25,294.25,294.25,75,975,293.96,287.65,313.05
1318,2021-02-05 12:25:00,295.3,295.3,295.3,295.3,75,1050,294.08,287.65,311.45
1319,2021-02-05 12:26:00,295.3,295.3,295.3,295.3,75,1050,294.08,287.65,311.45
1320,2021-02-05 12:27:00,295.3,295.3,295.3,295.3,75,1050,294.08,287.65,311.45
1321,2021-02-05 12:28:00,295.3,295.3,295.3,295.3,75,1050,294.08,287.65,311.45
1322,2021-02-05 12:29:00,295.3,295.3,295.3,295.3,75,1050,294.08,287.65,311.45
1323,2021-02-05 12:30:00,295.3,295.3,295.3,295.3,75,1050,294.08,287.65,311.45
1324,2021-02-05 12:31:00,298.05,298.05,298.05,298.05,75,1125,294.41,289.95,300.6
1325,2021-02-05 12:32:00,298.05,298.05,298.05,298.05,75,1125,294.41,289.95,300.6
1326,2021-02-05 12:33:00,298.05,298.05,298.05,298.05,75,1125,294.41,289.95,300.6
1327,2021-02-05 12:34:00,296.65,296.65,296.65,296.65,75,1200,294.58,289.95,298.15
1328,2021-02-05 12:35:00,296.65,296.65,296.65,296.65,75,1200,294.58,289.95,298.15
1329,2021-02-05 12:36:00,296.65,296.65,296.65,296.65,75,1200,294.58,289.95,298.15
1330,2021-02-05 12:37:00,296.65,296.65,296.65,296.65,75,1200,294.58,289.95,298.15
1331,2021-02-05 12:38:00,296.65,296.65,296.65,296.65,75,1200,294.58,289.95,298.15
1332,2021-02-05 12:39:00,296.65,296.65,296.65,296.65,75,1200,294.58,289.95,298.15
1333,2021-02-05 12:40:00,296.65,296.65,296.65,296.65,75,1200,294.58,289.95,298.15
1334,2021-02-05 12:41:00,296.65,296.65,296.65,296.65,75,1200,294.58,289.95,298.15
1335,2021-02-05 12:42:00,296.65,296.65,296.65,296.65,75,1200,294.58,289.95,298.15
1336,2021-02-05 12:43:00,296.65,296.65,296.65,296.65,75,1200,294.58,289.95,298.15
1337,2021-02-05 12:44:00,296.65,296.65,296.65,296.65,75,1200,294.58,289.95,298.15
1338,2021-02-05 12:45:00,296.65,296.65,296.65,296.65,75,1200,294.58,289.95,298.15
1339,2021-02-05 12:46:00,296.65,296.65,296.65,296.65,75,1200,294.58,289.95,298.15
1340,2021-02-05 12:47:00,296.65,296.65,296.65,296.65,75,1200,294.58,289.95,298.15
1341,2021-02-05 12:48:00,296.65,296.65,296.65,296.65,75,1200,294.58,289.95,298.15
1342,2021-02-05 12:49:00,296.65,296.65,296.65,296.65,75,1200,294.58,289.95,298.15
1343,2021-02-05 12:50:00,296.65,296.65,296.65,296.65,75,1200,294.58,289.95,298.15
1344,2021-02-05 12:51:00,296.65,296.65,296.65,296.65,75,1200,294.58,289.95,298.15
1345,2021-02-05 12:52:00,296.65,296.65,296.65,296.65,75,1200,294.58,289.95,298.15
1346,2021-02-05 12:53:00,296.65,296.65,296.65,296.65,75,1200,294.58,289.95,298.15
1347,2021-02-05 12:54:00,296.65,296.65,296.65,296.65,75,1200,294.58,289.95,298.15
1348,2021-02-05 12:55:00,296.65,296.65,296.65,296.65,75,1200,294.58,289.95,298.15
1349,2021-02-05 12:56:00,296.65,296.65,296.65,296.65,75,1200,294.58,289.95,298.15
1350,2021-02-05 12:57:00,296.65,296.65,296.65,296.65,75,1200,294.58,289.95,298.15
1351,2021-02-05 12:58:00,296.65,296.65,296.65,296.65,75,1200,294.58,289.95,298.15
1352,2021-02-05 12:59:00,296.65,296.65,296.65,296.65,75,1200,294.58,289.95,298.15
1353,2021-02-05 13:00:00,296.65,296.65,296.65,296.65,75,1200,294.58,289.95,298.15
1354,2021-02-05 13:01:00,296.65,296.65,296.65,296.65,75,1200,294.58,289.95,298.15
1355,2021-02-05 13:02:00,296.65,296.65,296.65,296.65,75,1200,294.58,289.95,298.15
1356,2021-02-05 13:03:00,296.65,296.65,296.65,296.65,75,1200,294.58,289.95,298.15
1357,2021-02-05 13:04:00,296.65,296.65,296.65,296.65,75,1200,294.58,289.95,298.15
1358,2021-02-05 13:05:00,296.65,296.65,296.65,296.65,75,1200,294.58,289.95,298.15
1359,2021-02-05 13:06:00,296.65,296.65,296.65,296.65,75,1200,294.58,289.95,298.15
1360,2021-02-05 13:07:00,296.65,296.65,296.65,296.65,75,1200,294.58,289.95,298.15
1361,2021-02-05 13:08:00,296.65,296.65,296.65,296.65,75,1200,294.58,289.95,298.15
1362,2021-02-05 13:09:00,296.65,296.65,296.65,296.65,75,1200,294.58,289.95,298.15
1363,2021-02-05 13:10:00,296.65,296.65,296.65,296.65,75,1200,294.58,289.95,298.15
1364,2021-02-05 13:11:00,296.65,296.65,296.65,296.65,75,1200,294.58,289.95,298.15
1365,2021-02-05 13:12:00,296.65,296.65,296.65,296.65,75,1200,294.58,289.95,298.15
1366,2021-02-05 13:13:00,296.65,296.65,296.65,296.65,75,1200,294.58,289.95,298.15
1367,2021-02-05 13:14:00,296.65,296.65,296.65,296.65,75,1200,294.58,289.95,298.15
1368,2021-02-05 13:15:00,296.65,296.65,296.65,296.65,75,1200,294.58,289.95,298.15
1369,2021-02-05 13:16:00,296.65,296.65,296.65,296.65,75,1200,294.58,289.95,298.15
1370,2021-02-05 13:17:00,296.65,296.65,296.65,296.65,75,1200,294.58,289.95,298.15
1371,2021-02-05 13:18:00,296.65,296.65,296.65,296.65,75,1200,294.58,289.95,298.15
1372,2021-02-05 13:19:00,296.65,296.65,296.65,296.65,75,1200,294.58,289.95,298.15
1373,2021-02-05 13:20:00,296.65,296.65,296.65,296.65,75,1200,294.58,289.95,298.15
1374,2021-02-05 13:21:00,296.65,296.65,296.65,296.65,75,1200,294.58,289.95,298.15
1375,2021-02-05 13:22:00,296.65,296.65,296.65,296.65,75,1200,294.58,289.95,298.15
1376,2021-02-05 13:23:00,296.65,296.65,296.65,296.65,75,1200,294.58,289.95,298.15
1377,2021-02-05 13:24:00,296.65,296.65,296.65,296.65,75,1200,294.58,289.95,298.15
1378,2021-02-05 13:25:00,296.65,296.65,296.65,296.65,75,1200,294.58,289.95,298.15
1379,2021-02-05 13:26:00,296.65,296.65,296.65,296.65,75,1200,294.58,289.95,298.15
1380,2021-02-05 13:27:00,296.65,296.65,296.65,296.65,75,1200,294.58,289.95,298.15
1381,2021-02-05 13:28:00,296.65,296.65,296.65,296.65,75,1200,294.58,289.95,298.15
1382,2021-02-05 13:29:00,296.65,296.65,296.65,296.65,75,1200,294.58,289.95,298.15
1383,2021-02-05 13:30:00,296.65,296.65,296.65,296.65,75,1200,294.58,289.95,298.15
1384,2021-02-05 13:31:00,296.65,296.65,296.65,296.65,75,1200,294.58,289.95,298.15
1385,2021-02-05 13:32:00,296.65,296.65,296.65,296.65,75,1200,294.58,289.95,298.15
1386,2021-02-05 13:33:00,296.65,296.65,296.65,296.65,75,1200,294.58,289.95,298.15
1387,2021-02-05 13:34:00,296.65,296.65,296.65,296.65,75,1200,294.58,289.95,298.15
1388,2021-02-05 13:35:00,296.65,296.65,296.65,296.65,75,1200,294.58,289.95,298.15
1389,2021-02-05 13:36:00,296.65,296.65,296.65,296.65,75,1200,294.58,289.95,298.15
1390,2021-02-05 13:37:00,296.65,296.65,296.65,296.65,75,1200,294.58,289.95,298.15
1391,2021-02-05 13:38:00,296.65,296.65,296.65,296.65,75,1200,294.58,289.95,298.15
1392,2021-02-05 13:39:00,296.65,296.65,296.65,296.65,75,1200,294.58,289.95,298.15
1393,2021-02-05 13:40:00,296.65,296.65,296.65,296.65,75,1200,294.58,289.95,298.15
1394,2021-02-05 13:41:00,296.65,296.65,296.65,296.65,75,1200,294.58,289.95,298.15
1395,2021-02-05 13:42:00,296.65,296.65,296.65,296.65,75,1200,294.58,289.95,298.15
1396,2021-02-05 13:43:00,296.65,296.65,296.65,296.65,75,1200,294.58,289.95,298.15
1397,2021-02-05 13:44:00,296.65,296.65,296.65,296.65,75,1200,294.58,289.95,298.15
1398,2021-02-05 13:45:00,296.65,296.65,296.65,296.65,75,1200,294.58,289.95,298.15
1399,2021-02-05 13:46:00,296.65,296.65,296.65,296.65,75,1200,294.58,289.95,298.15
1400,2021-02-05 13:47:00,296.65,296.65,296.65,296.65,75,1200,294.58,289.95,298.15
1401,2021-02-05 13:48:00,296.65,296.65,296.65,296.65,75,1200,294.58,289.95,298.15
1402,2021-02-05 13:49:00,296.65,296.65,296.65,296.65,75,1200,294.58,289.95,298.15
1403,2021-02-05 13:50:00,296.65,296.65,296.65,296.65,75,1200,294.58,289.95,298.15
1404,2021-02-05 13:51:00,296.65,296.65,296.65,296.65,75,1200,294.58,289.95,298.15
1405,2021-02-05 13:52:00,296.65,296.65,296.65,296.65,75,1200,294.58,289.95,298.15
1406,2021-02-05 13:53:00,296.65,296.65,296.65,296.65,75,1200,294.58,289.95,298.15
1407,2021-02-05 13:54:00,296.65,296.65,296.65,296.65,75,1200,294.58,289.95,298.15
1408,2021-02-05 13:55:00,296.65,296.65,296.65,296.65,75,1200,294.58,289.95,298.15
1409,2021-02-05 13:56:00,296.65,296.65,296.65,296.65,75,1200,294.58,289.95,298.15
1410,2021-02-05 13:57:00,296.65,296.65,296.65,296.65,75,1200,294.58,289.95,298.15
1411,2021-02-05 13:58:00,296.65,296.65,296.65,296.65,75,1200,294.58,289.95,298.15
1412,2021-02-05 13:59:00,296.65,296.65,296.65,296.65,75,1200,294.58,289.95,298.15
1413,2021-02-05 14:00:00,296.65,296.65,296.65,296.65,75,1200,294.58,289.95,298.15
1414,2021-02-05 14:01:00,296.65,296.65,296.65,296.65,75,1200,294.58,289.95,298.15
1415,2021-02-05 14:02:00,296.65,296.65,296.65,296.65,75,1200,294.58,289.95,298.15
1416,2021-02-05 14:03:00,296.65,296.65,296.65,296.65,75,1200,294.58,289.95,298.15
1417,2021-02-05 14:04:00,306.25,306.25,306.25,306.25,75,1275,295.42,298.5,314.65
1418,2021-02-05 14:05:00,306.25,306.25,306.25,306.25,75,1275,295.42,298.5,314.65
1419,2021-02-05 14:06:00,306.25,306.25,306.25,306.25,75,1275,295.42,298.5,314.65
1420,2021-02-05 14:07:00,306.25,306.25,306.25,306.25,75,1275,295.42,298.5,314.65
1421,2021-02-05 14:08:00,306.25,306.25,306.25,306.25,75,1275,295.42,298.5,314.65
1422,2021-02-05 14:09:00,304.25,304.25,304.25,304.25,75,1350,296.01,298.5,308.15
1423,2021-02-05 14:10:00,304.25,304.25,304.25,304.25,75,1350,296.01,298.5,308.15
1424,2021-02-05 14:11:00,304.25,304.25,304.25,304.25,75,1350,296.01,298.5,308.15
1425,2021-02-05 14:12:00,304.25,304.25,304.25,304.25,75,1350,296.01,298.5,308.15
1426,2021-02-05 14:13:00,304.25,304.25,304.25,304.25,75,1350,296.01,298.5,308.15
1427,2021-02-05 14:14:00,304.25,304.25,304.25,304.25,75,1350,296.01,298.5,308.15
1428,2021-02-05 14:15:00,304.25,304.25,304.25,304.25,75,1350,296.01,298.5,308.15
1429,2021-02-05 14:16:00,304.25,304.25,304.25,304.25,75,1350,296.01,298.5,308.15
1430,2021-02-05 14:17:00,300.85,300.85,300.85,300.85,75,1425,296.31,292.35,311.5
1431,2021-02-05 14:18:00,300.85,300.85,300.85,300.85,75,1425,296.31,292.35,311.5
1432,2021-02-05 14:19:00,300.85,300.85,300.85,300.85,75,1425,296.31,292.35,311.5
1433,2021-02-05 14:20:00,300.85,300.85,300.85,300.85,75,1425,296.31,292.35,311.5
1434,2021-02-05 14:21:00,300.85,300.85,300.85,300.85,75,1425,296.31,292.35,311.5
1435,2021-02-05 14:22:00,300.85,300.85,300.85,300.85,75,1425,296.31,292.35,311.5
1436,2021-02-05 14:23:00,300.85,300.85,300.85,300.85,75,1425,296.31,292.35,311.5
1437,2021-02-05 14:24:00,300.85,300.85,300.85,300.85,75,1425,296.31,292.35,311.5
1438,2021-02-05 14:25:00,300.85,300.85,300.85,300.85,75,1425,296.31,292.35,311.5
1439,2021-02-05 14:26:00,300.85,300.85,300.85,300.85,75,1425,296.31,292.35,311.5
1440,2021-02-05 14:27:00,300.85,300.85,300.85,300.85,75,1425,296.31,292.35,311.5
1441,2021-02-05 14:28:00,301.75,301.75,301.75,301.75,75,1500,296.63,294.45,316.85
1442,2021-02-05 14:29:00,301.75,301.75,301.75,301.75,75,1500,296.63,294.45,316.85
1443,2021-02-05 14:30:00,301.75,301.75,301.75,301.75,75,1500,296.63,294.45,316.85
1444,2021-02-05 14:31:00,301.75,301.75,301.75,301.75,75,1500,296.63,294.45,316.85
1445,2021-02-05 14:32:00,301.75,301.75,301.75,301.75,75,1500,296.63,294.45,316.85
1446,2021-02-05 14:33:00,301.75,301.75,301.75,301.75,75,1500,296.63,294.45,316.85
1447,2021-02-05 14:34:00,301.75,301.75,301.75,301.75,75,1500,296.63,294.45,316.85
1448,2021-02-05 14:35:00,301.75,301.75,301.75,301.75,75,1500,296.63,294.45,316.85
1449,2021-02-05 14:36:00,301.75,301.75,301.75,301.75,75,1500,296.63,294.45,316.85
1450,2021-02-05 14:37:00,301.75,301.75,301.75,301.75,75,1500,296.63,294.45,316.85
1451,2021-02-05 14:38:00,301.75,301.75,301.75,301.75,75,1500,296.63,294.45,316.85
1452,2021-02-05 14:39:00,301.75,301.75,301.75,301.75,75,1500,296.63,294.45,316.85
1453,2021-02-05 14:40:00,301.75,301.75,301.75,301.75,75,1500,296.63,294.45,316.85
1454,2021-02-05 14:41:00,301.75,301.75,301.75,301.75,75,1500,296.63,294.45,316.85
1455,2021-02-05 14:42:00,301.75,301.75,301.75,301.75,75,1500,296.63,294.45,316.85
1456,2021-02-05 14:43:00,301.75,301.75,301.75,301.75,75,1500,296.63,294.45,316.85
1457,2021-02-05 14:44:00,301.75,301.75,301.75,301.75,75,1500,296.63,294.45,316.85
1458,2021-02-05 14:45:00,301.75,301.75,301.75,301.75,75,1500,296.63,294.45,316.85
1459,2021-02-05 14:46:00,301.75,301.75,301.75,301.75,75,1500,296.63,294.45,316.85
1460,2021-02-05 14:47:00,301.75,301.75,301.75,301.75,75,1500,296.63,294.45,316.85
1461,2021-02-05 14:48:00,301.75,301.75,301.75,301.75,75,1500,296.63,294.45,316.85
1462,2021-02-05 14:49:00,301.75,301.75,301.75,301.75,75,1500,296.63,294.45,316.85
1463,2021-02-05 14:50:00,301.75,301.75,301.75,301.75,75,1500,296.63,294.45,316.85
1464,2021-02-05 14:51:00,301.75,301.75,301.75,301.75,75,1500,296.63,294.45,316.85
1465,2021-02-05 14:52:00,301.75,301.75,301.75,301.75,75,1500,296.63,294.45,316.85
1466,2021-02-05 14:53:00,301.75,301.75,301.75,301.75,75,1500,296.63,294.45,316.85
1467,2021-02-05 14:54:00,301.75,301.75,301.75,301.75,75,1500,296.63,294.45,316.85
1468,2021-02-05 14:55:00,295.1,295.1,295.1,295.1,75,1575,296.54,288.25,300.75
1469,2021-02-05 14:56:00,295.1,295.1,295.1,295.1,75,1575,296.54,288.25,300.75
1470,2021-02-05 14:57:00,295.1,295.1,295.1,295.1,75,1575,296.54,288.25,300.75
1471,2021-02-05 14:58:00,295.1,295.1,295.1,295.1,75,1575,296.54,288.25,300.75
1472,2021-02-05 14:59:00,295.1,295.1,295.1,295.1,75,1575,296.54,288.25,300.75
1473,2021-02-05 15:00:00,295.1,295.1,295.1,295.1,75,1575,296.54,288.25,300.75
1474,2021-02-05 15:01:00,295.1,295.1,295.1,295.1,75,1575,296.54,288.25,300.75
1475,2021-02-05 15:02:00,295.1,295.1,295.1,295.1,75,1575,296.54,288.25,300.75
1476,2021-02-05 15:03:00,295.1,295.1,295.1,295.1,75,1575,296.54,288.25,300.75
1477,2021-02-05 15:04:00,295.1,295.1,295.1,295.1,75,1575,296.54,288.25,300.75
1478,2021-02-05 15:05:00,295.1,295.1,295.1,295.1,75,1575,296.54,288.25,300.75
1479,2021-02-05 15:06:00,295.1,295.1,295.1,295.1,75,1575,296.54,288.25,300.75
1480,2021-02-05 15:07:00,295.1,295.1,295.1,295.1,75,1575,296.54,288.25,300.75
1481,2021-02-05 15:08:00,295.1,295.1,295.1,295.1,75,1575,296.54,288.25,300.75
1482,2021-02-05 15:09:00,295.1,295.1,295.1,295.1,75,1575,296.54,288.25,300.75
1483,2021-02-05 15:10:00,295.1,295.1,295.1,295.1,75,1575,296.54,288.25,300.75
1484,2021-02-05 15:11:00,295.1,295.1,295.1,295.1,75,1575,296.54,288.25,300.75
1485,2021-02-05 15:12:00,295.1,295.1,295.1,295.1,75,1575,296.54,288.25,300.75
1486,2021-02-05 15:13:00,295.1,295.1,295.1,295.1,75,1575,296.54,288.25,300.75
1487,2021-02-05 15:14:00,295.1,295.1,295.1,295.1,75,1575,296.54,288.25,300.75
1488,2021-02-05 15:15:00,295.1,295.1,295.1,295.1,75,1575,296.54,288.25,300.75
1489,2021-02-05 15:16:00,295.1,295.1,295.1,295.1,75,1575,296.54,288.25,300.75
1490,2021-02-05 15:17:00,295.1,295.1,295.1,295.1,75,1575,296.54,288.25,300.75
1491,2021-02-05 15:18:00,295.1,295.1,295.1,295.1,75,1575,296.54,288.25,300.75
1492,2021-02-05 15:19:00,295.1,295.1,295.1,295.1,75,1575,296.54,288.25,300.75
1493,2021-02-05 15:20:00,295.1,295.1,295.1,295.1,75,1575,296.54,288.25,300.75
1494,2021-02-05 15:21:00,295.1,295.1,295.1,295.1,75,1575,296.54,288.25,300.75
1495,2021-02-05 15:22:00,295.1,295.1,295.1,295.1,75,1575,296.54,288.25,300.75
1496,2021-02-05 15:23:00,295.1,295.1,295.1,295.1,75,1575,296.54,288.25,300.75
1497,2021-02-05 15:24:00,295.1,295.1,295.1,295.1,75,1575,296.54,288.25,300.75
1498,2021-02-05 15:25:00,295.1,295.1,295.1,295.1,75,1575,296.54,288.25,300.75
1499,2021-02-05 15:26:00,295.1,295.1,295.1,295.1,75,1575,296.54,288.25,300.75
1500,2021-02-05 15:27:00,295.1,295.1,295.1,295.1,75,1575,296.54,288.25,300.75
1501,2021-02-05 15:28:00,295.1,295.1,295.1,295.1,75,1575,296.54,288.25,300.75
1502,2021-02-05 15:29:00,295.1,295.1,295.1,295.1,75,1575,296.54,288.25,300.75
1503,2021-02-05 15:30:00,295.1,295.1,295.1,295.1,75,1575,296.54,288.25,300.75
1504,2021-02-06 09:15:00,295.1,295.1,295.1,295.1,75,1575,296.54,288.25,300.75
1505,2021-02-06 09:16:00,295.1,295.1,295.1,295.1,75,1575,296.54,288.25,300.75
1506,2021-02-06 09:17:00,295.1,295.1,295.1,295.1,75,1575,296.54,288.25,300.75
1507,2021-02-06 09:18:00,295.1,295.1,295.1,295.1,75,1575,296.54,288.25,300.75
1508,2021-02-06 09:19:00,295.1,295.1,295.1,295.1,75,1575,296.54,288.25,300.75
1509,2021-02-06 09:20:00,295.1,295.1,295.1,295.1,75,1575,296.54,288.25,300.75
1510,2021-02-06 09:21:00,295.1,295.1,295.1,295.1,75,1575,296.54,288.25,300.75
1511,2021-02-06 09:22:00,295.1,295.1,295.1,295.1,75,1575,296.54,288.25,300.75
1512,2021-02-06 09:23:00,295.1,295.1,295.1,295.1,75,1575,296.54,288.25,300.75
1513,2021-02-06 09:24:00,295.1,295.1,295.1,295.1,75,1575,296.54,288.25,300.75
1514,2021-02-06 09:25:00,295.1,295.1,295.1,295.1,75,1575,296.54,288.25,300.75
1515,2021-02-06 09:26:00,295.1,295.1,295.1,295.1,75,1575,296.54,288.25,300.75
1516,2021-02-06 09:27:00,295.1,295.1,295.1,295.1,75,1575,296.54,288.25,300.75
1517,2021-02-06 09:28:00,295.1,295.1,295.1,295.1,75,1575,296.54,288.25,300.75
1518,2021-02-06 09:29:00,295.1,295.1,295.1,295.1,75,1575,296.54,288.25,300.75
1519,2021-02-06 09:30:00,295.1,295.1,295.1,295.1,75,1575,296.54,288.25,300.75
1520,2021-02-06 09:31:00,295.1,295.1,295.1,295.1,75,1575,296.54,288.25,300.75
1521,2021-02-06 09:32:00,295.1,295.1,295.1,295.1,75,1575,296.54,288.25,300.75
1522,2021-02-06 09:33:00,295.1,295.1,295.1,295.1,75,1575,296.54,288.25,300.75
1523,2021-02-06 09:34:00,295.1,295.1,295.1,295.1,75,1575,296.54,288.25,300.75
1524,2021-02-06 09:35:00,295.1,295.1,295.1,295.1,75,1575,296.54,288.25,300.75
1525,2021-02-06 09:36:00,295.1,295.1,295.1,295.1,75,1575,296.54,288.25,300.75
1526,2021-02-06 09:37:00,295.1,295.1,295.1,295.1,75,1575,296.54,288.25,300.75
1527,2021-02-06 09:38:00,295.1,295.1,295.1,295.1,75,1575,296.54,288.25,300.75
1528,2021-02-06 09:39:00,295.1,295.1,295.1,295.1,75,1575,296.54,288.25,300.75
1529,2021-02-06 09:40:00,295.1,295.1,295.1,295.1,75,1575,296.54,288.25,300.75
1530,2021-02-06 09:41:00,295.1,295.1,295.1,295.1,75,1575,296.54,288.25,300.75
1531,2021-02-06 09:42:00,295.1,295.1,295.1,295.1,75,1575,296.54,288.25,300.75
1532,2021-02-06 09:43:00,295.1,295.1,295.1,295.1,75,1575,296.54,288.25,300.75
1533,2021-02-06 09:44:00,295.1,295.1,295.1,295.1,75,1575,296.54,288.25,300.75
1534,2021-02-06 09:45:00,295.1,295.1,295.1,295.1,75,1575,296.54,288.25,300.75
1535,2021-02-06 09:46:00,295.1,295.1,295.1,295.1,75,1575,296.54,288.25,300.75
1536,2021-02-06 09:47:00,295.1,295.1,295.1,295.1,75,1575,296.54,288.25,300.75
1537,2021-02-06 09:48:00,295.1,295.1,295.1,295.1,75,1575,296.54,288.25,300.75
1538,2021-02-06 09:49:00,295.1,295.1,295.1,295.1,75,1575,296.54,288.25,300.75
1539,2021-02-06 09:50:00,295.1,295.1,295.1,295.1,75,1575,296.54,288.25,300.75
1540,2021-02-06 09:51:00,295.1,295.1,295.1,295.1,75,1575,296.54,288.25,300.75
1541,2021-02-06 09:52:00,295.1,295.1,295.1,295.1,75,1575,296.54,288.25,300.75
1542,2021-02-06 09:53:00,295.1,295.1,295.1,295.1,75,1575,296.54,288.25,300.75
1543,2021-02-06 09:54:00,295.1,295.1,295.1,295.1,75,1575,296.54,288.25,300.75
1544,2021-02-06 09:55:00,295.1,295.1,295.1,295.1,75,1575,296.54,288.25,300.75
1545,2021-02-06 09:56:00,295.1,295.1,295.1,295.1,75,1575,296.54,288.25,300.75
1546,2021-02-06 09:57:00,295.1,295.1,295.1,295.1,75,1575,296.54,288.25,300.75
1547,2021-02-06 09:58:00,295.1,295.1,295.1,295.1,75,1575,296.54,288.25,300.75
1548,2021-02-06 09:59:00,295.1,295.1,295.1,295.1,75,1575,296.54,288.25,300.75
1549,2021-02-06 10:00:00,295.1,295.1,295.1,295.1,75,1575,296.54,288.25,300.75
1550,2021-02-06 10:01:00,295.1,295.1,295.1,295.1,75,1575,296.54,288.25,300.75
1551,2021-02-06 10:02:00,295.1,295.1,295.1,295.1,75,1575,296.54,288.25,300.75
1552,2021-02-06 10:03:00,295.1,295.1,295.1,295.1,75,1575,296.54,288.25,300.75
1553,2021-02-06 10:04:00,295.1,295.1,295.1,295.1,75,1575,296.54,288.25,300.75
1554,2021-02-06 10:05:00,295.1,295.1,295.1,295.1,75,1575,296.54,288.25,300.75
1555,2021-02-06 10:06:00,295.1,295.1,295.1,295.1,75,1575,296.54,288.25,300.75
1556,2021-02-06 10:07:00,295.1,295.1,295.1,295.1,75,1575,296.54,288.25,300.75
1557,2021-02-06 10:08:00,295.1,295.1,295.1,295.1,75,1575,296.54,288.25,300.75
1558,2021-02-06 10:09:00,295.1,295.1,295.1,295.1,75,1575,296.54,288.25,300.75
1559,2021-02-06 10:10:00,295.1,295.1,295.1,295.1,75,1575,296.54,288.25,300.75
1560,2021-02-06 10:11:00,295.1,295.1,295.1,295.1,75,1575,296.54,288.25,300.75
1561,2021-02-06 10:12:00,295.1,295.1,295.1,295.1,75,1575,296.54,288.25,300.75
1562,2021-02-06 10:13:00,295.1,295.1,295.1,295.1,75,1575,296.54,288.25,300.75
1563,2021-02-06 10:14:00,295.1,295.1,295.1,295.1,75,1575,296.54,288.25,300.75
1564,2021-02-06 10:15:00,295.1,295.1,295.1,295.1,75,1575,296.54,288.25,300.75
1565,2021-02-06 10:16:00,295.1,295.1,295.1,295.1,75,1575,296.54,288.25,300.75
1566,2021-02-06 10:17:00,295.1,295.1,295.1,295.1,75,1575,296.54,288.25,300.75
1567,2021-02-06 10:18:00,295.1,295.1,295.1,295.1,75,1575,296.54,288.25,300.75
1568,2021-02-06 10:19:00,295.1,295.1,295.1,295.1,75,1575,296.54,288.25,300.75
1569,2021-02-06 10:20:00,295.1,295.1,295.1,295.1,75,1575,296.54,288.25,300.75
1570,2021-02-06 10:21:00,295.1,295.1,295.1,295.1,75,1575,296.54,288.25,300.75
1571,2021-02-06 10:22:00,295.1,295.1,295.1,295.1,75,1575,296.54,288.25,300.75
1572,2021-02-06 10:23:00,295.1,295.1,295.1,295.1,75,1575,296.54,288.25,300.75
1573,2021-02-06 10:24:00,295.1,295.1,295.1,295.1,75,1575,296.54,288.25,300.75
1574,2021-02-06 10:25:00,295.1,295.1,295.1,295.1,75,1575,296.54,288.25,300.75
1575,2021-02-06 10:26:00,295.1,295.1,295.1,295.1,75,1575,296.54,288.25,300.75
1576,2021-02-06 10:27:00,295.1,295.1,295.1,295.1,75,1575,296.54,288.25,300.75
1577,2021-02-06 10:28:00,295.1,295.1,295.1,295.1,75,1575,296.54,288.25,300.75
1578,2021-02-06 10:29:00,295.1,295.1,295.1,295.1,75,1575,296.54,288.25,300.75
1579,2021-02-06 10:30:00,295.1,295.1,295.1,295.1,75,1575,296.54,288.25,300.75
1580,2021-02-06 10:31:00,295.1,295.1,295.1,295.1,75,1575,296.54,288.25,300.75
1581,2021-02-06 10:32:00,295.1,295.1,295.1,295.1,75,1575,296.54,288.25,300.75
1582,2021-02-06 10:33:00,295.1,295.1,295.1,295.1,75,1575,296.54,288.25,300.75
1583,2021-02-06 10:34:00,295.1,295.1,295.1,295.1,75,1575,296.54,288.25,300.75
1584,2021-02-06 10:35:00,295.1,295.1,295.1,295.1,75,1575,296.54,288.25,300.75
1585,2021-02-06 10:36:00,295.1,295.1,295.1,295.1,75,1575,296.54,288.25,300.75
1586,2021-02-06 10:37:00,295.1,295.1,295.1,295.1,75,1575,296.54,288.25,300.75
1587,2021-02-06 10:38:00,295.1,295.1,295.1,295.1,75,1575,296.54,288.25,300.75
1588,2021-02-06 10:39:00,295.1,295.1,295.1,295.1,75,1575,296.54,288.25,300.75
1589,2021-02-06 10:40:00,295.1,295.1,295.1,295.1,75,1575,296.54,288.25,300.75
1590,2021-02-06 10:41:00,295.1,295.1,295.1,295.1,75,1575,296.54,288.25,300.75
1591,2021-02-06 10:42:00,295.1,295.1,295.1,295.1,75,1575,296.54,288.25,300.75
1592,2021-02-06 10:43:00,295.1,295.1,295.1,295.1,75,1575,296.54,288.25,300.75
1593,2021-02-06 10:44:00,295.1,295.1,295.1,295.1,75,1575,296.54,288.25,300.75
1594,2021-02-06 10:45:00,295.1,295.1,295.1,295.1,75,1575,296.54,288.25,300.75
1595,2021-02-06 10:46:00,295.1,295.1,295.1,295.1,75,1575,296.54,288.25,300.75
1596,2021-02-06 10:47:00,295.1,295.1,295.1,295.1,75,1575,296.54,288.25,300.75
1597,2021-02-06 10:48:00,295.1,295.1,295.1,295.1,75,1575,296.54,288.25,300.75
1598,2021-02-06 10:49:00,295.1,295.1,295.1,295.1,75,1575,296.54,288.25,300.75
1599,2021-02-06 10:50:00,295.1,295.1,295.1,295.1,75,1575,296.54,288.25,300.75
1600,2021-02-06 10:51:00,295.1,295.1,295.1,295.1,75,1575,296.54,288.25,300.75
1601,2021-02-06 10:52:00,295.1,295.1,295.1,295.1,75,1575,296.54,288.25,300.75
1602,2021-02-06 10:53:00,295.1,295.1,295.1,295.1,75,1575,296.54,288.25,300.75
1603,2021-02-06 10:54:00,295.1,295.1,295.1,295.1,75,1575,296.54,288.25,300.75
1604,2021-02-06 10:55:00,295.1,295.1,295.1,295.1,75,1575,296.54,288.25,300.75
1605,2021-02-06 10:56:00,295.1,295.1,295.1,295.1,75,1575,296.54,288.25,300.75
1606,2021-02-06 10:57:00,295.1,295.1,295.1,295.1,75,1575,296.54,288.25,300.75
1607,2021-02-06 10:58:00,295.1,295.1,295.1,295.1,75,1575,296.54,288.25,300.75
1608,2021-02-06 10:59:00,295.1,295.1,295.1,295.1,75,1575,296.54,288.25,300.75
1609,2021-02-06 11:00:00,295.1,295.1,295.1,295.1,75,1575,296.54,288.25,300.75
1610,2021-02-06 11:01:00,295.1,295.1,295.1,295.1,75,1575,296.54,288.25,300.75
1611,2021-02-06 11:02:00,295.1,295.1,295.1,295.1,75,1575,296.54,288.25,300.75
1612,2021-02-06 11:03:00,295.1,295.1,295.1,295.1,75,1575,296.54,288.25,300.75
1613,2021-02-06 11:04:00,295.1,295.1,295.1,295.1,75,1575,296.54,288.25,300.75
1614,2021-02-06 11:05:00,295.1,295.1,295.1,295.1,75,1575,296.54,288.25,300.75
1615,2021-02-06 11:06:00,295.1,295.1,295.1,295.1,75,1575,296.54,288.25,300.75
1616,2021-02-06 11:07:00,295.1,295.1,295.1,295.1,75,1575,296.54,288.25,300.75
1617,2021-02-06 11:08:00,295.1,295.1,295.1,295.1,75,1575,296.54,288.25,300.75
1618,2021-02-06 11:09:00,295.1,295.1,295.1,295.1,75,1575,296.54,288.25,300.75
1619,2021-02-06 11:10:00,295.1,295.1,295.1,295.1,75,1575,296.54,288.25,300.75
1620,2021-02-06 11:11:00,295.1,295.1,295.1,295.1,75,1575,296.54,288.25,300.75
1621,2021-02-06 11:12:00,295.1,295.1,295.1,295.1,75,1575,296.54,288.25,300.75
1622,2021-02-06 11:13:00,295.1,295.1,295.1,295.1,75,1575,296.54,288.25,300.75
1623,2021-02-06 11:14:00,295.1,295.1,295.1,295.1,75,1575,296.54,288.25,300.75
1624,2021-02-06 11:15:00,295.1,295.1,295.1,295.1,75,1575,296.54,288.25,300.75
1625,2021-02-06 11:16:00,295.1,295.1,295.1,295.1,75,1575,296.54,288.25,300.75
1626,2021-02-06 11:17:00,295.1,295.1,295.1,295.1,75,1575,296.54,288.25,300.75
1627,2021-02-06 11:18:00,295.1,295.1,295.1,295.1,75,1575,296.54,288.25,300.75
1628,2021-02-06 11:19:00,295.1,295.1,295.1,295.1,75,1575,296.54,288.25,300.75
1629,2021-02-06 11:20:00,295.1,295.1,295.1,295.1,75,1575,296.54,288.25,300.75
1630,2021-02-06 11:21:00,295.1,295.1,295.1,295.1,75,1575,296.54,288.25,300.75
1631,2021-02-06 11:22:00,295.1,295.1,295.1,295.1,75,1575,296.54,288.25,300.75
1632,2021-02-06 11:23:00,295.1,295.1,295.1,295.1,75,1575,296.54,288.25,300.75
1633,2021-02-06 11:24:00,295.1,295.1,295.1,295.1,75,1575,296.54,288.25,300.75
1634,2021-02-06 11:25:00,295.1,295.1,295.1,295.1,75,1575,296.54,288.25,300.75
1635,2021-02-06 11:26:00,295.1,295.1,295.1,295.1,75,1575,296.54,288.25,300.75
1636,2021-02-06 11:27:00,295.1,295.1,295.1,295.1,75,1575,296.54,288.25,300.75
1637,2021-02-06 11:28:00,295.1,295.1,295.1,295.1,75,1575,296.54,288.25,300.75
1638,2021-02-06 11:29:00,295.1,295.1,295.1,295.1,75,1575,296.54,288.25,300.75
1639,2021-02-06 11:30:00,295.1,295.1,295.1,295.1,75,1575,296.54,288.25,300.75
1640,2021-02-06 11:31:00,295.1,295.1,295.1,295.1,75,1575,296.54,288.25,300.75
1641,2021-02-06 11:32:00,295.1,295.1,295.1,295.1,75,1575,296.54,288.25,300.75
1642,2021-02-06 11:33:00,295.1,295.1,295.1,295.1,75,1575,296.54,288.25,300.75
1643,2021-02-06 11:34:00,295.1,295.1,295.1,295.1,75,1575,296.54,288.25,300.75
1644,2021-02-06 11:35:00,295.1,295.1,295.1,295.1,75,1575,296.54,288.25,300.75
1645,2021-02-06 11:36:00,295.1,295.1,295.1,295.1,75,1575,296.54,288.25,300.75
1646,2021-02-06 11:37:00,295.1,295.1,295.1,295.1,75,1575,296.54,288.25,300.75
1647,2021-02-06 11:38:00,295.1,295.1,295.1,295.1,75,1575,296.54,288.25,300.75
1648,2021-02-06 11:39:00,295.1,295.1,295.1,295.1,75,1575,296.54,288.25,300.75
1649,2021-02-06 11:40:00,295.1,295.1,295.1,295.1,75,1575,296.54,288.25,300.75
1650,2021-02-06 11:41:00,295.1,295.1,295.1,295.1,75,1575,296.54,288.25,300.75
1651,2021-02-06 11:42:00,295.1,295.1,295.1,295.1,75,1575,296.54,288.25,300.75
1652,2021-02-06 11:43:00,295.1,295.1,295.1,295.1,75,1575,296.54,288.25,300.75
1653,2021-02-06 11:44:00,295.1,295.1,295.1,295.1,75,1575,296.54,288.25,300.75
1654,2021-02-06 11:45:00,295.1,295.1,295.1,295.1,75,1575,296.54,288.25,300.75
1655,2021-02-06 11:46:00,295.1,295.1,295.1,295.1,75,1575,296.54,288.25,300.75
1656,2021-02-06 11:47:00,295.1,295.1,295.1,295.1,75,1575,296.54,288.25,300.75
1657,2021-02-06 11:48:00,295.1,295.1,295.1,295.1,75,1575,296.54,288.25,300.75
1658,2021-02-06 11:49:00,295.1,295.1,295.1,295.1,75,1575,296.54,288.25,300.75
1659,2021-02-06 11:50:00,295.1,295.1,295.1,295.1,75,1575,296.54,288.25,300.75
1660,2021-02-06 11:51:00,295.1,295.1,295.1,295.1,75,1575,296.54,288.25,300.75
1661,2021-02-06 11:52:00,295.1,295.1,295.1,295.1,75,1575,296.54,288.25,300.75
1662,2021-02-06 11:53:00,295.1,295.1,295.1,295.1,75,1575,296.54,288.25,300.75
1663,2021-02-06 11:54:00,295.1,295.1,295.1,295.1,75,1575,296.54,288.25,300.75
1664,2021-02-06 11:55:00,295.1,295.1,295.1,295.1,75,1575,296.54,288.25,300.75
1665,2021-02-06 11:56:00,295.1,295.1,295.1,295.1,75,1575,296.54,288.25,300.75
1666,2021-02-06 11:57:00,295.1,295.1,295.1,295.1,75,1575,296.54,288.25,300.75
1667,2021-02-06 11:58:00,295.1,295.1,295.1,295.1,75,1575,296.54,288.25,300.75
1668,2021-02-06 11:59:00,295.1,295.1,295.1,295.1,75,1575,296.54,288.25,300.75
1669,2021-02-06 12:00:00,295.1,295.1,295.1,295.1,75,1575,296.54,288.25,300.75
1670,2021-02-06 12:01:00,295.1,295.1,295.1,295.1,75,1575,296.54,288.25,300.75
1671,2021-02-06 12:02:00,295.1,295.1,295.1,295.1,75,1575,296.54,288.25,300.75
1672,2021-02-06 12:03:00,295.1,295.1,295.1,295.1,75,1575,296.54,288.25,300.75
1673,2021-02-06 12:04:00,295.1,295.1,295.1,295.1,75,1575,296.54,288.25,300.75
1674,2021-02-06 12:05:00,295.1,295.1,295.1,295.1,75,1575,296.54,288.25,300.75
1675,2021-02-06 12:06:00,295.1,295.1,295.1,295.1,75,1575,296.54,288.25,300.75
1676,2021-02-06 12:07:00,295.1,295.1,295.1,295.1,75,1575,296.54,288.25,300.75
1677,2021-02-06 12:08:00,295.1,295.1,295.1,295.1,75,1575,296.54,288.25,300.75
1678,2021-02-06 12:09:00,295.1,295.1,295.1,295.1,75,1575,296.54,288.25,300.75
1679,2021-02-06 12:10:00,295.1,295.1,295.1,295.1,75,1575,296.54,288.25,300.75
1680,2021-02-06 12:11:00,295.1,295.1,295.1,295.1,75,1575,296.54,288.25,300.75
1681,2021-02-06 12:12:00,295.1,295.1,295.1,295.1,75,1575,296.54,288.25,300.75
1682,2021-02-06 12:13:00,295.1,295.1,295.1,295.1,75,1575,296.54,288.25,300.75
1683,2021-02-06 12:14:00,295.1,295.1,295.1,295.1,75,1575,296.54,288.25,300.75
1684,2021-02-06 12:15:00,295.1,295.1,295.1,295.1,75,1575,296.54,288.25,300.75
1685,2021-02-06 12:16:00,295.1,295.1,295.1,295.1,75,1575,296.54,288.25,300.75
1686,2021-02-06 12:17:00,295.1,295.1,295.1,295.1,75,1575,296.54,288.25,300.75
1687,2021-02-06 12:18:00,295.1,295.1,295.1,295.1,75,1575,296.54,288.25,300.75
1688,2021-02-06 12:19:00,295.1,295.1,295.1,295.1,75,1575,296.54,288.25,300.75
1689,2021-02-06 12:20:00,295.1,295.1,295.1,295.1,75,1575,296.54,288.25,300.75
1690,2021-02-06 12:21:00,295.1,295.1,295.1,295.1,75,1575,296.54,288.25,300.75
1691,2021-02-06 12:22:00,295.1,295.1,295.1,295.1,75,1575,296.54,288.25,300.75
1692,2021-02-06 12:23:00,295.1,295.1,295.1,295.1,75,1575,296.54,288.25,300.75
1693,2021-02-06 12:24:00,295.1,295.1,295.1,295.1,75,1575,296.54,288.25,300.75
1694,2021-02-06 12:25:00,295.1,295.1,295.1,295.1,75,1575,296.54,288.25,300.75
1695,2021-02-06 12:26:00,295.1,295.1,295.1,295.1,75,1575,296.54,288.25,300.75
1696,2021-02-06 12:27:00,295.1,295.1,295.1,295.1,75,1575,296.54,288.25,300.75
1697,2021-02-06 12:28:00,295.1,295.1,295.1,295.1,75,1575,296.54,288.25,300.75
1698,2021-02-06 12:29:00,295.1,295.1,295.1,295.1,75,1575,296.54,288.25,300.75
1699,2021-02-06 12:30:00,295.1,295.1,295.1,295.1,75,1575,296.54,288.25,300.75
1700,2021-02-06 12:31:00,295.1,295.1,295.1,295.1,75,1575,296.54,288.25,300.75
1701,2021-02-06 12:32:00,295.1,295.1,295.1,295.1,75,1575,296.54,288.25,300.75
1702,2021-02-06 12:33:00,295.1,295.1,295.1,295.1,75,1575,296.54,288.25,300.75
1703,2021-02-06 12:34:00,295.1,295.1,295.1,295.1,75,1575,296.54,288.25,300.75
1704,2021-02-06 12:35:00,295.1,295.1,295.1,295.1,75,1575,296.54,288.25,300.75
1705,2021-02-06 12:36:00,295.1,295.1,295.1,295.1,75,1575,296.54,288.25,300.75
1706,2021-02-06 12:37:00,295.1,295.1,295.1,295.1,75,1575,296.54,288.25,300.75
1707,2021-02-06 12:38:00,295.1,295.1,295.1,295.1,75,1575,296.54,288.25,300.75
1708,2021-02-06 12:39:00,295.1,295.1,295.1,295.1,75,1575,296.54,288.25,300.75
1709,2021-02-06 12:40:00,295.1,295.1,295.1,295.1,75,1575,296.54,288.25,300.75
1710,2021-02-06 12:41:00,295.1,295.1,295.1,295.1,75,1575,296.54,288.25,300.75
1711,2021-02-06 12:42:00,295.1,295.1,295.1,295.1,75,1575,296.54,288.25,300.75
1712,2021-02-06 12:43:00,295.1,295.1,295.1,295.1,75,1575,296.54,288.25,300.75
1713,2021-02-06 12:44:00,295.1,295.1,295.1,295.1,75,1575,296.54,288.25,300.75
1714,2021-02-06 12:45:00,295.1,295.1,295.1,295.1,75,1575,296.54,288.25,300.75
1715,2021-02-06 12:46:00,295.1,295.1,295.1,295.1,75,1575,296.54,288.25,300.75
1716,2021-02-06 12:47:00,295.1,295.1,295.1,295.1,75,1575,296.54,288.25,300.75
1717,2021-02-06 12:48:00,295.1,295.1,295.1,295.1,75,1575,296.54,288.25,300.75
1718,2021-02-06 12:49:00,295.1,295.1,295.1,295.1,75,1575,296.54,288.25,300.75
1719,2021-02-06 12:50:00,295.1,295.1,295.1,295.1,75,1575,296.54,288.25,300.75
1720,2021-02-06 12:51:00,295.1,295.1,295.1,295.1,75,1575,296.54,288.25,300.75
1721,2021-02-06 12:52:00,295.1,295.1,295.1,295.1,75,1575,296.54,288.25,300.75
1722,2021-02-06 12:53:00,295.1,295.1,295.1,295.1,75,1575,296.54,288.25,300.75
1723,2021-02-06 12:54:00,295.1,295.1,295.1,295.1,75,1575,296.54,288.25,300.75
1724,2021-02-06 12:55:00,295.1,295.1,295.1,295.1,75,1575,296.54,288.25,300.75
1725,2021-02-06 12:56:00,295.1,295.1,295.1,295.1,75,1575,296.54,288.25,300.75
1726,2021-02-06 12:57:00,295.1,295.1,295.1,295.1,75,1575,296.54,288.25,300.75
1727,2021-02-06 12:58:00,295.1,295.1,295.1,295.1,75,1575,296.54,288.25,300.75
1728,2021-02-06 12:59:00,295.1,295.1,295.1,295.1,75,1575,296.54,288.25,300.75
1729,2021-02-06 13:00:00,295.1,295.1,295.1,295.1,75,1575,296.54,288.25,300.75
1730,2021-02-06 13:01:00,295.1,295.1,295.1,295.1,75,1575,296.54,288.25,300.75
1731,2021-02-06 13:02:00,295.1,295.1,295.1,295.1,75,1575,296.54,288.25,300.75
1732,2021-02-06 13:03:00,295.1,295.1,295.1,295.1,75,1575,296.54,288.25,300.75
1733,2021-02-06 13:04:00,295.1,295.1,295.1,295.1,75,1575,296.54,288.25,300.75
1734,2021-02-06 13:05:00,295.1,295.1,295.1,295.1,75,1575,296.54,288.25,300.75
1735,2021-02-06 13:06:00,295.1,295.1,295.1,295.1,75,1575,296.54,288.25,300.75
1736,2021-02-06 13:07:00,295.1,295.1,295.1,295.1,75,1575,296.54,288.25,300.75
1737,2021-02-06 13:08:00,295.1,295.1,295.1,295.1,75,1575,296.54,288.25,300.75
1738,2021-02-06 13:09:00,295.1,295.1,295.1,295.1,75,1575,296.54,288.25,300.75
1739,2021-02-06 13:10:00,295.1,295.1,295.1,295.1,75,1575,296.54,288.25,300.75
1740,2021-02-06 13:11:00,295.1,295.1,295.1,295.1,75,1575,296.54,288.25,300.75
1741,2021-02-06 13:12:00,295.1,295.1,295.1,295.1,75,1575,296.54,288.25,300.75
1742,2021-02-06 13:13:00,295.1,295.1,295.1,295.1,75,1575,296.54,288.25,300.75
1743,2021-02-06 13:14:00,295.1,295.1,295.1,295.1,75,1575,296.54,288.25,300.75
1744,2021-02-06 13:15:00,295.1,295.1,295.1,295.1,75,1575,296.54,288.25,300.75
1745,2021-02-06 13:16:00,295.1,295.1,295.1,295.1,75,1575,296.54,288.25,300.75
1746,2021-02-06 13:17:00,295.1,295.1,295.1,295.1,75,1575,296.54,288.25,300.75
1747,2021-02-06 13:18:00,295.1,295.1,295.1,295.1,75,1575,296.54,288.25,300.75
1748,2021-02-06 13:19:00,295.1,295.1,295.1,295.1,75,1575,296.54,288.25,300.75
1749,2021-02-06 13:20:00,295.1,295.1,295.1,295.1,75,1575,296.54,288.25,300.75
1750,2021-02-06 13:21:00,295.1,295.1,295.1,295.1,75,1575,296.54,288.25,300.75
1751,2021-02-06 13:22:00,295.1,295.1,295.1,295.1,75,1575,296.54,288.25,300.75
1752,2021-02-06 13:23:00,295.1,295.1,295.1,295.1,75,1575,296.54,288.25,300.75
1753,2021-02-06 13:24:00,295.1,295.1,295.1,295.1,75,1575,296.54,288.25,300.75
1754,2021-02-06 13:25:00,295.1,295.1,295.1,295.1,75,1575,296.54,288.25,300.75
1755,2021-02-06 13:26:00,295.1,295.1,295.1,295.1,75,1575,296.54,288.25,300.75
1756,2021-02-06 13:27:00,295.1,295.1,295.1,295.1,75,1575,296.54,288.25,300.75
1757,2021-02-06 13:28:00,295.1,295.1,295.1,295.1,75,1575,296.54,288.25,300.75
1758,2021-02-06 13:29:00,295.1,295.1,295.1,295.1,75,1575,296.54,288.25,300.75
1759,2021-02-06 13:30:00,295.1,295.1,295.1,295.1,75,1575,296.54,288.25,300.75
1760,2021-02-06 13:31:00,295.1,295.1,295.1,295.1,75,1575,296.54,288.25,300.75
1761,2021-02-06 13:32:00,295.1,295.1,295.1,295.1,75,1575,296.54,288.25,300.75
1762,2021-02-06 13:33:00,295.1,295.1,295.1,295.1,75,1575,296.54,288.25,300.75
1763,2021-02-06 13:34:00,295.1,295.1,295.1,295.1,75,1575,296.54,288.25,300.75
1764,2021-02-06 13:35:00,295.1,295.1,295.1,295.1,75,1575,296.54,288.25,300.75
1765,2021-02-06 13:36:00,295.1,295.1,295.1,295.1,75,1575,296.54,288.25,300.75
1766,2021-02-06 13:37:00,295.1,295.1,295.1,295.1,75,1575,296.54,288.25,300.75
1767,2021-02-06 13:38:00,295.1,295.1,295.1,295.1,75,1575,296.54,288.25,300.75
1768,2021-02-06 13:39:00,295.1,295.1,295.1,295.1,75,1575,296.54,288.25,300.75
1769,2021-02-06 13:40:00,295.1,295.1,295.1,295.1,75,1575,296.54,288.25,300.75
1770,2021-02-06 13:41:00,295.1,295.1,295.1,295.1,75,1575,296.54,288.25,300.75
1771,2021-02-06 13:42:00,295.1,295.1,295.1,295.1,75,1575,296.54,288.25,300.75
1772,2021-02-06 13:43:00,295.1,295.1,295.1,295.1,75,1575,296.54,288.25,300.75
1773,2021-02-06 13:44:00,295.1,295.1,295.1,295.1,75,1575,296.54,288.25,300.75
1774,2021-02-06 13:45:00,295.1,295.1,295.1,295.1,75,1575,296.54,288.25,300.75
1775,2021-02-06 13:46:00,295.1,295.1,295.1,295.1,75,1575,296.54,288.25,300.75
1776,2021-02-06 13:47:00,295.1,295.1,295.1,295.1,75,1575,296.54,288.25,300.75
1777,2021-02-06 13:48:00,295.1,295.1,295.1,295.1,75,1575,296.54,288.25,300.75
1778,2021-02-06 13:49:00,295.1,295.1,295.1,295.1,75,1575,296.54,288.25,300.75
1779,2021-02-06 13:50:00,295.1,295.1,295.1,295.1,75,1575,296.54,288.25,300.75
1780,2021-02-06 13:51:00,295.1,295.1,295.1,295.1,75,1575,296.54,288.25,300.75
1781,2021-02-06 13:52:00,295.1,295.1,295.1,295.1,75,1575,296.54,288.25,300.75
1782,2021-02-06 13:53:00,295.1,295.1,295.1,295.1,75,1575,296.54,288.25,300.75
1783,2021-02-06 13:54:00,295.1,295.1,295.1,295.1,75,1575,296.54,288.25,300.75
1784,2021-02-06 13:55:00,295.1,295.1,295.1,295.1,75,1575,296.54,288.25,300.75
1785,2021-02-06 13:56:00,295.1,295.1,295.1,295.1,75,1575,296.54,288.25,300.75
1786,2021-02-06 13:57:00,295.1,295.1,295.1,295.1,75,1575,296.54,288.25,300.75
1787,2021-02-06 13:58:00,295.1,295.1,295.1,295.1,75,1575,296.54,288.25,300.75
1788,2021-02-06 13:59:00,295.1,295.1,295.1,295.1,75,1575,296.54,288.25,300.75
1789,2021-02-06 14:00:00,295.1,295.1,295.1,295.1,75,1575,296.54,288.25,300.75
1790,2021-02-06 14:01:00,295.1,295.1,295.1,295.1,75,1575,296.54,288.25,300.75
1791,2021-02-06 14:02:00,295.1,295.1,295.1,295.1,75,1575,296.54,288.25,300.75
1792,2021-02-06 14:03:00,295.1,295.1,295.1,295.1,75,1575,296.54,288.25,300.75
1793,2021-02-06 14:04:00,295.1,295.1,295.1,295.1,75,1575,296.54,288.25,300.75
1794,2021-02-06 14:05:00,295.1,295.1,295.1,295.1,75,1575,296.54,288.25,300.75
1795,2021-02-06 14:06:00,295.1,295.1,295.1,295.1,75,1575,296.54,288.25,300.75
1796,2021-02-06 14:07:00,295.1,295.1,295.1,295.1,75,1575,296.54,288.25,300.75
1797,2021-02-06 14:08:00,295.1,295.1,295.1,295.1,75,1575,296.54,288.25,300.75
1798,2021-02-06 14:09:00,295.1,295.1,295.1,295.1,75,1575,296.54,288.25,300.75
1799,2021-02-06 14:10:00,295.1,295.1,295.1,295.1,75,1575,296.54,288.25,300.75
1800,2021-02-06 14:11:00,295.1,295.1,295.1,295.1,75,1575,296.54,288.25,300.75
1801,2021-02-06 14:12:00,295.1,295.1,295.1,295.1,75,1575,296.54,288.25,300.75
1802,2021-02-06 14:13:00,295.1,295.1,295.1,295.1,75,1575,296.54,288.25,300.75
1803,2021-02-06 14:14:00,295.1,295.1,295.1,295.1,75,1575,296.54,288.25,300.75
1804,2021-02-06 14:15:00,295.1,295.1,295.1,295.1,75,1575,296.54,288.25,300.75
1805,2021-02-06 14:16:00,295.1,295.1,295.1,295.1,75,1575,296.54,288.25,300.75
1806,2021-02-06 14:17:00,295.1,295.1,295.1,295.1,75,1575,296.54,288.25,300.75
1807,2021-02-06 14:18:00,295.1,295.1,295.1,295.1,75,1575,296.54,288.25,300.75
1808,2021-02-06 14:19:00,295.1,295.1,295.1,295.1,75,1575,296.54,288.25,300.75
1809,2021-02-06 14:20:00,295.1,295.1,295.1,295.1,75,1575,296.54,288.25,300.75
1810,2021-02-06 14:21:00,295.1,295.1,295.1,295.1,75,1575,296.54,288.25,300.75
1811,2021-02-06 14:22:00,295.1,295.1,295.1,295.1,75,1575,296.54,288.25,300.75
1812,2021-02-06 14:23:00,295.1,295.1,295.1,295.1,75,1575,296.54,288.25,300.75
1813,2021-02-06 14:24:00,295.1,295.1,295.1,295.1,75,1575,296.54,288.25,300.75
1814,2021-02-06 14:25:00,295.1,295.1,295.1,295.1,75,1575,296.54,288.25,300.75
1815,2021-02-06 14:26:00,295.1,295.1,295.1,295.1,75,1575,296.54,288.25,300.75
1816,2021-02-06 14:27:00,295.1,295.1,295.1,295.1,75,1575,296.54,288.25,300.75
1817,2021-02-06 14:28:00,295.1,295.1,295.1,295.1,75,1575,296.54,288.25,300.75
1818,2021-02-06 14:29:00,295.1,295.1,295.1,295.1,75,1575,296.54,288.25,300.75
1819,2021-02-06 14:30:00,295.1,295.1,295.1,295.1,75,1575,296.54,288.25,300.75
1820,2021-02-06 14:31:00,295.1,295.1,295.1,295.1,75,1575,296.54,288.25,300.75
1821,2021-02-06 14:32:00,295.1,295.1,295.1,295.1,75,1575,296.54,288.25,300.75
1822,2021-02-06 14:33:00,295.1,295.1,295.1,295.1,75,1575,296.54,288.25,300.75
1823,2021-02-06 14:34:00,295.1,295.1,295.1,295.1,75,1575,296.54,288.25,300.75
1824,2021-02-06 14:35:00,295.1,295.1,295.1,295.1,75,1575,296.54,288.25,300.75
1825,2021-02-06 14:36:00,295.1,295.1,295.1,295.1,75,1575,296.54,288.25,300.75
1826,2021-02-06 14:37:00,295.1,295.1,295.1,295.1,75,1575,296.54,288.25,300.75
1827,2021-02-06 14:38:00,295.1,295.1,295.1,295.1,75,1575,296.54,288.25,300.75
1828,2021-02-06 14:39:00,295.1,295.1,295.1,295.1,75,1575,296.54,288.25,300.75
1829,2021-02-06 14:40:00,295.1,295.1,295.1,295.1,75,1575,296.54,288.25,300.75
1830,2021-02-06 14:41:00,295.1,295.1,295.1,295.1,75,1575,296.54,288.25,300.75
1831,2021-02-06 14:42:00,295.1,295.1,295.1,295.1,75,1575,296.54,288.25,300.75
1832,2021-02-06 14:43:00,295.1,295.1,295.1,295.1,75,1575,296.54,288.25,300.75
1833,2021-02-06 14:44:00,295.1,295.1,295.1,295.1,75,1575,296.54,288.25,300.75
1834,2021-02-06 14:45:00,295.1,295.1,295.1,295.1,75,1575,296.54,288.25,300.75
1835,2021-02-06 14:46:00,295.1,295.1,295.1,295.1,75,1575,296.54,288.25,300.75
1836,2021-02-06 14:47:00,295.1,295.1,295.1,295.1,75,1575,296.54,288.25,300.75
1837,2021-02-06 14:48:00,295.1,295.1,295.1,295.1,75,1575,296.54,288.25,300.75
1838,2021-02-06 14:49:00,295.1,295.1,295.1,295.1,75,1575,296.54,288.25,300.75
1839,2021-02-06 14:50:00,295.1,295.1,295.1,295.1,75,1575,296.54,288.25,300.75
1840,2021-02-06 14:51:00,295.1,295.1,295.1,295.1,75,1575,296.54,288.25,300.75
1841,2021-02-06 14:52:00,295.1,295.1,295.1,295.1,75,1575,296.54,288.25,300.75
1842,2021-02-06 14:53:00,295.1,295.1,295.1,295.1,75,1575,296.54,288.25,300.75
1843,2021-02-06 14:54:00,295.1,295.1,295.1,295.1,75,1575,296.54,288.25,300.75
1844,2021-02-06 14:55:00,295.1,295.1,295.1,295.1,75,1575,296.54,288.25,300.75
1845,2021-02-06 14:56:00,295.1,295.1,295.1,295.1,75,1575,296.54,288.25,300.75
1846,2021-02-06 14:57:00,295.1,295.1,295.1,295.1,75,1575,296.54,288.25,300.75
1847,2021-02-06 14:58:00,295.1,295.1,295.1,295.1,75,1575,296.54,288.25,300.75
1848,2021-02-06 14:59:00,295.1,295.1,295.1,295.1,75,1575,296.54,288.25,300.75
1849,2021-02-06 15:00:00,295.1,295.1,295.1,295.1,75,1575,296.54,288.25,300.75
1850,2021-02-06 15:01:00,295.1,295.1,295.1,295.1,75,1575,296.54,288.25,300.75
1851,2021-02-06 15:02:00,295.1,295.1,295.1,295.1,75,1575,296.54,288.25,300.75
1852,2021-02-06 15:03:00,295.1,295.1,295.1,295.1,75,1575,296.54,288.25,300.75
1853,2021-02-06 15:04:00,295.1,295.1,295.1,295.1,75,1575,296.54,288.25,300.75
1854,2021-02-06 15:05:00,295.1,295.1,295.1,295.1,75,1575,296.54,288.25,300.75
1855,2021-02-06 15:06:00,295.1,295.1,295.1,295.1,75,1575,296.54,288.25,300.75
1856,2021-02-06 15:07:00,295.1,295.1,295.1,295.1,75,1575,296.54,288.25,300.75
1857,2021-02-06 15:08:00,295.1,295.1,295.1,295.1,75,1575,296.54,288.25,300.75
1858,2021-02-06 15:09:00,295.1,295.1,295.1,295.1,75,1575,296.54,288.25,300.75
1859,2021-02-06 15:10:00,295.1,295.1,295.1,295.1,75,1575,296.54,288.25,300.75
1860,2021-02-06 15:11:00,295.1,295.1,295.1,295.1,75,1575,296.54,288.25,300.75
1861,2021-02-06 15:12:00,295.1,295.1,295.1,295.1,75,1575,296.54,288.25,300.75
1862,2021-02-06 15:13:00,295.1,295.1,295.1,295.1,75,1575,296.54,288.25,300.75
1863,2021-02-06 15:14:00,295.1,295.1,295.1,295.1,75,1575,296.54,288.25,300.75
1864,2021-02-06 15:15:00,295.1,295.1,295.1,295.1,75,1575,296.54,288.25,300.75
1865,2021-02-06 15:16:00,295.1,295.1,295.1,295.1,75,1575,296.54,288.25,300.75
1866,2021-02-06 15:17:00,295.1,295.1,295.1,295.1,75,1575,296.54,288.25,300.75
1867,2021-02-06 15:18:00,295.1,295.1,295.1,295.1,75,1575,296.54,288.25,300.75
1868,2021-02-06 15:19:00,295.1,295.1,295.1,295.1,75,1575,296.54,288.25,300.75
1869,2021-02-06 15:20:00,295.1,295.1,295.1,295.1,75,1575,296.54,288.25,300.75
1870,2021-02-06 15:21:00,295.1,295.1,295.1,295.1,75,1575,296.54,288.25,300.75
1871,2021-02-06 15:22:00,295.1,295.1,295.1,295.1,75,1575,296.54,288.25,300.75
1872,2021-02-06 15:23:00,295.1,295.1,295.1,295.1,75,1575,296.54,288.25,300.75
1873,2021-02-06 15:24:00,295.1,295.1,295.1,295.1,75,1575,296.54,288.25,300.75
1874,2021-02-06 15:25:00,295.1,295.1,295.1,295.1,75,1575,296.54,288.25,300.75
1875,2021-02-06 15:26:00,295.1,295.1,295.1,295.1,75,1575,296.54,288.25,300.75
1876,2021-02-06 15:27:00,295.1,295.1,295.1,295.1,75,1575,296.54,288.25,300.75
1877,2021-02-06 15:28:00,295.1,295.1,295.1,295.1,75,1575,296.54,288.25,300.75
1878,2021-02-06 15:29:00,295.1,295.1,295.1,295.1,75,1575,296.54,288.25,300.75
1879,2021-02-06 15:30:00,295.1,295.1,295.1,295.1,75,1575,296.54,288.25,300.75
1880,2021-02-07 09:15:00,295.1,295.1,295.1,295.1,75,1575,296.54,288.25,300.75
1881,2021-02-07 09:16:00,295.1,295.1,295.1,295.1,75,1575,296.54,288.25,300.75
1882,2021-02-07 09:17:00,295.1,295.1,295.1,295.1,75,1575,296.54,288.25,300.75
1883,2021-02-07 09:18:00,295.1,295.1,295.1,295.1,75,1575,296.54,288.25,300.75
1884,2021-02-07 09:19:00,295.1,295.1,295.1,295.1,75,1575,296.54,288.25,300.75
1885,2021-02-07 09:20:00,295.1,295.1,295.1,295.1,75,1575,296.54,288.25,300.75
1886,2021-02-07 09:21:00,295.1,295.1,295.1,295.1,75,1575,296.54,288.25,300.75
1887,2021-02-07 09:22:00,295.1,295.1,295.1,295.1,75,1575,296.54,288.25,300.75
1888,2021-02-07 09:23:00,295.1,295.1,295.1,295.1,75,1575,296.54,288.25,300.75
1889,2021-02-07 09:24:00,295.1,295.1,295.1,295.1,75,1575,296.54,288.25,300.75
1890,2021-02-07 09:25:00,295.1,295.1,295.1,295.1,75,1575,296.54,288.25,300.75
1891,2021-02-07 09:26:00,295.1,295.1,295.1,295.1,75,1575,296.54,288.25,300.75
1892,2021-02-07 09:27:00,295.1,295.1,295.1,295.1,75,1575,296.54,288.25,300.75
1893,2021-02-07 09:28:00,295.1,295.1,295.1,295.1,75,1575,296.54,288.25,300.75
1894,2021-02-07 09:29:00,295.1,295.1,295.1,295.1,75,1575,296.54,288.25,300.75
1895,2021-02-07 09:30:00,295.1,295.1,295.1,295.1,75,1575,296.54,288.25,300.75
1896,2021-02-07 09:31:00,295.1,295.1,295.1,295.1,75,1575,296.54,288.25,300.75
1897,2021-02-07 09:32:00,295.1,295.1,295.1,295.1,75,1575,296.54,288.25,300.75
1898,2021-02-07 09:33:00,295.1,295.1,295.1,295.1,75,1575,296.54,288.25,300.75
1899,2021-02-07 09:34:00,295.1,295.1,295.1,295.1,75,1575,296.54,288.25,300.75
1900,2021-02-07 09:35:00,295.1,295.1,295.1,295.1,75,1575,296.54,288.25,300.75
1901,2021-02-07 09:36:00,295.1,295.1,295.1,295.1,75,1575,296.54,288.25,300.75
1902,2021-02-07 09:37:00,295.1,295.1,295.1,295.1,75,1575,296.54,288.25,300.75
1903,2021-02-07 09:38:00,295.1,295.1,295.1,295.1,75,1575,296.54,288.25,300.75
1904,2021-02-07 09:39:00,295.1,295.1,295.1,295.1,75,1575,296.54,288.25,300.75
1905,2021-02-07 09:40:00,295.1,295.1,295.1,295.1,75,1575,296.54,288.25,300.75
1906,2021-02-07 09:41:00,295.1,295.1,295.1,295.1,75,1575,296.54,288.25,300.75
1907,2021-02-07 09:42:00,295.1,295.1,295.1,295.1,75,1575,296.54,288.25,300.75
1908,2021-02-07 09:43:00,295.1,295.1,295.1,295.1,75,1575,296.54,288.25,300.75
1909,2021-02-07 09:44:00,295.1,295.1,295.1,295.1,75,1575,296.54,288.25,300.75
1910,2021-02-07 09:45:00,295.1,295.1,295.1,295.1,75,1575,296.54,288.25,300.75
1911,2021-02-07 09:46:00,295.1,295.1,295.1,295.1,75,1575,296.54,288.25,300.75
1912,2021-02-07 09:47:00,295.1,295.1,295.1,295.1,75,1575,296.54,288.25,300.75
1913,2021-02-07 09:48:00,295.1,295.1,295.1,295.1,75,1575,296.54,288.25,300.75
1914,2021-02-07 09:49:00,295.1,295.1,295.1,295.1,75,1575,296.54,288.25,300.75
1915,2021-02-07 09:50:00,295.1,295.1,295.1,295.1,75,1575,296.54,288.25,300.75
1916,2021-02-07 09:51:00,295.1,295.1,295.1,295.1,75,1575,296.54,288.25,300.75
1917,2021-02-07 09:52:00,295.1,295.1,295.1,295.1,75,1575,296.54,288.25,300.75
1918,2021-02-07 09:53:00,295.1,295.1,295.1,295.1,75,1575,296.54,288.25,300.75
1919,2021-02-07 09:54:00,295.1,295.1,295.1,295.1,75,1575,296.54,288.25,300.75
1920,2021-02-07 09:55:00,295.1,295.1,295.1,295.1,75,1575,296.54,288.25,300.75
1921,2021-02-07 09:56:00,295.1,295.1,295.1,295.1,75,1575,296.54,288.25,300.75
1922,2021-02-07 09:57:00,295.1,295.1,295.1,295.1,75,1575,296.54,288.25,300.75
1923,2021-02-07 09:58:00,295.1,295.1,295.1,295.1,75,1575,296.54,288.25,300.75
1924,2021-02-07 09:59:00,295.1,295.1,295.1,295.1,75,1575,296.54,288.25,300.75
1925,2021-02-07 10:00:00,295.1,295.1,295.1,295.1,75,1575,296.54,288.25,300.75
1926,2021-02-07 10:01:00,295.1,295.1,295.1,295.1,75,1575,296.54,288.25,300.75
1927,2021-02-07 10:02:00,295.1,295.1,295.1,295.1,75,1575,296.54,288.25,300.75
1928,2021-02-07 10:03:00,295.1,295.1,295.1,295.1,75,1575,296.54,288.25,300.75
1929,2021-02-07 10:04:00,295.1,295.1,295.1,295.1,75,1575,296.54,288.25,300.75
1930,2021-02-07 10:05:00,295.1,295.1,295.1,295.1,75,1575,296.54,288.25,300.75
1931,2021-02-07 10:06:00,295.1,295.1,295.1,295.1,75,1575,296.54,288.25,300.75
1932,2021-02-07 10:07:00,295.1,295.1,295.1,295.1,75,1575,296.54,288.25,300.75
1933,2021-02-07 10:08:00,295.1,295.1,295.1,295.1,75,1575,296.54,288.25,300.75
1934,2021-02-07 10:09:00,295.1,295.1,295.1,295.1,75,1575,296.54,288.25,300.75
1935,2021-02-07 10:10:00,295.1,295.1,295.1,295.1,75,1575,296.54,288.25,300.75
1936,2021-02-07 10:11:00,295.1,295.1,295.1,295.1,75,1575,296.54,288.25,300.75
1937,2021-02-07 10:12:00,295.1,295.1,295.1,295.1,75,1575,296.54,288.25,300.75
1938,2021-02-07 10:13:00,295.1,295.1,295.1,295.1,75,1575,296.54,288.25,300.75
1939,2021-02-07 10:14:00,295.1,295.1,295.1,295.1,75,1575,296.54,288.25,300.75
1940,2021-02-07 10:15:00,295.1,295.1,295.1,295.1,75,1575,296.54,288.25,300.75
1941,2021-02-07 10:16:00,295.1,295.1,295.1,295.1,75,1575,296.54,288.25,300.75
1942,2021-02-07 10:17:00,295.1,295.1,295.1,295.1,75,1575,296.54,288.25,300.75
1943,2021-02-07 10:18:00,295.1,295.1,295.1,295.1,75,1575,296.54,288.25,300.75
1944,2021-02-07 10:19:00,295.1,295.1,295.1,295.1,75,1575,296.54,288.25,300.75
1945,2021-02-07 10:20:00,295.1,295.1,295.1,295.1,75,1575,296.54,288.25,300.75
1946,2021-02-07 10:21:00,295.1,295.1,295.1,295.1,75,1575,296.54,288.25,300.75
1947,2021-02-07 10:22:00,295.1,295.1,295.1,295.1,75,1575,296.54,288.25,300.75
1948,2021-02-07 10:23:00,295.1,295.1,295.1,295.1,75,1575,296.54,288.25,300.75
1949,2021-02-07 10:24:00,295.1,295.1,295.1,295.1,75,1575,296.54,288.25,300.75
1950,2021-02-07 10:25:00,295.1,295.1,295.1,295.1,75,1575,296.54,288.25,300.75
1951,2021-02-07 10:26:00,295.1,295.1,295.1,295.1,75,1575,296.54,288.25,300.75
1952,2021-02-07 10:27:00,295.1,295.1,295.1,295.1,75,1575,296.54,288.25,300.75
1953,2021-02-07 10:28:00,295.1,295.1,295.1,295.1,75,1575,296.54,288.25,300.75
1954,2021-02-07 10:29:00,295.1,295.1,295.1,295.1,75,1575,296.54,288.25,300.75
1955,2021-02-07 10:30:00,295.1,295.1,295.1,295.1,75,1575,296.54,288.25,300.75
1956,2021-02-07 10:31:00,295.1,295.1,295.1,295.1,75,1575,296.54,288.25,300.75
1957,2021-02-07 10:32:00,295.1,295.1,295.1,295.1,75,1575,296.54,288.25,300.75
1958,2021-02-07 10:33:00,295.1,295.1,295.1,295.1,75,1575,296.54,288.25,300.75
1959,2021-02-07 10:34:00,295.1,295.1,295.1,295.1,75,1575,296.54,288.25,300.75
1960,2021-02-07 10:35:00,295.1,295.1,295.1,295.1,75,1575,296.54,288.25,300.75
1961,2021-02-07 10:36:00,295.1,295.1,295.1,295.1,75,1575,296.54,288.25,300.75
1962,2021-02-07 10:37:00,295.1,295.1,295.1,295.1,75,1575,296.54,288.25,300.75
1963,2021-02-07 10:38:00,295.1,295.1,295.1,295.1,75,1575,296.54,288.25,300.75
1964,2021-02-07 10:39:00,295.1,295.1,295.1,295.1,75,1575,296.54,288.25,300.75
1965,2021-02-07 10:40:00,295.1,295.1,295.1,295.1,75,1575,296.54,288.25,300.75
1966,2021-02-07 10:41:00,295.1,295.1,295.1,295.1,75,1575,296.54,288.25,300.75
1967,2021-02-07 10:42:00,295.1,295.1,295.1,295.1,75,1575,296.54,288.25,300.75
1968,2021-02-07 10:43:00,295.1,295.1,295.1,295.1,75,1575,296.54,288.25,300.75
1969,2021-02-07 10:44:00,295.1,295.1,295.1,295.1,75,1575,296.54,288.25,300.75
1970,2021-02-07 10:45:00,295.1,295.1,295.1,295.1,75,1575,296.54,288.25,300.75
1971,2021-02-07 10:46:00,295.1,295.1,295.1,295.1,75,1575,296.54,288.25,300.75
1972,2021-02-07 10:47:00,295.1,295.1,295.1,295.1,75,1575,296.54,288.25,300.75
1973,2021-02-07 10:48:00,295.1,295.1,295.1,295.1,75,1575,296.54,288.25,300.75
1974,2021-02-07 10:49:00,295.1,295.1,295.1,295.1,75,1575,296.54,288.25,300.75
1975,2021-02-07 10:50:00,295.1,295.1,295.1,295.1,75,1575,296.54,288.25,300.75
1976,2021-02-07 10:51:00,295.1,295.1,295.1,295.1,75,1575,296.54,288.25,300.75
1977,2021-02-07 10:52:00,295.1,295.1,295.1,295.1,75,1575,296.54,288.25,300.75
1978,2021-02-07 10:53:00,295.1,295.1,295.1,295.1,75,1575,296.54,288.25,300.75
1979,2021-02-07 10:54:00,295.1,295.1,295.1,295.1,75,1575,296.54,288.25,300.75
1980,2021-02-07 10:55:00,295.1,295.1,295.1,295.1,75,1575,296.54,288.25,300.75
1981,2021-02-07 10:56:00,295.1,295.1,295.1,295.1,75,1575,296.54,288.25,300.75
1982,2021-02-07 10:57:00,295.1,295.1,295.1,295.1,75,1575,296.54,288.25,300.75
1983,2021-02-07 10:58:00,295.1,295.1,295.1,295.1,75,1575,296.54,288.25,300.75
1984,2021-02-07 10:59:00,295.1,295.1,295.1,295.1,75,1575,296.54,288.25,300.75
1985,2021-02-07 11:00:00,295.1,295.1,295.1,295.1,75,1575,296.54,288.25,300.75
1986,2021-02-07 11:01:00,295.1,295.1,295.1,295.1,75,1575,296.54,288.25,300.75
1987,2021-02-07 11:02:00,295.1,295.1,295.1,295.1,75,1575,296.54,288.25,300.75
1988,2021-02-07 11:03:00,295.1,295.1,295.1,295.1,75,1575,296.54,288.25,300.75
1989,2021-02-07 11:04:00,295.1,295.1,295.1,295.1,75,1575,296.54,288.25,300.75
1990,2021-02-07 11:05:00,295.1,295.1,295.1,295.1,75,1575,296.54,288.25,300.75
1991,2021-02-07 11:06:00,295.1,295.1,295.1,295.1,75,1575,296.54,288.25,300.75
1992,2021-02-07 11:07:00,295.1,295.1,295.1,295.1,75,1575,296.54,288.25,300.75
1993,2021-02-07 11:08:00,295.1,295.1,295.1,295.1,75,1575,296.54,288.25,300.75
1994,2021-02-07 11:09:00,295.1,295.1,295.1,295.1,75,1575,296.54,288.25,300.75
1995,2021-02-07 11:10:00,295.1,295.1,295.1,295.1,75,1575,296.54,288.25,300.75
1996,2021-02-07 11:11:00,295.1,295.1,295.1,295.1,75,1575,296.54,288.25,300.75
1997,2021-02-07 11:12:00,295.1,295.1,295.1,295.1,75,1575,296.54,288.25,300.75
1998,2021-02-07 11:13:00,295.1,295.1,295.1,295.1,75,1575,296.54,288.25,300.75
1999,2021-02-07 11:14:00,295.1,295.1,295.1,295.1,75,1575,296.54,288.25,300.75
2000,2021-02-07 11:15:00,295.1,295.1,295.1,295.1,75,1575,296.54,288.25,300.75
2001,2021-02-07 11:16:00,295.1,295.1,295.1,295.1,75,1575,296.54,288.25,300.75
2002,2021-02-07 11:17:00,295.1,295.1,295.1,295.1,75,1575,296.54,288.25,300.75
2003,2021-02-07 11:18:00,295.1,295.1,295.1,295.1,75,1575,296.54,288.25,300.75
2004,2021-02-07 11:19:00,295.1,295.1,295.1,295.1,75,1575,296.54,288.25,300.75
2005,2021-02-07 11:20:00,295.1,295.1,295.1,295.1,75,1575,296.54,288.25,300.75
2006,2021-02-07 11:21:00,295.1,295.1,295.1,295.1,75,1575,296.54,288.25,300.75
2007,2021-02-07 11:22:00,295.1,295.1,295.1,295.1,75,1575,296.54,288.25,300.75
2008,2021-02-07 11:23:00,295.1,295.1,295.1,295.1,75,1575,296.54,288.25,300.75
2009,2021-02-07 11:24:00,295.1,295.1,295.1,295.1,75,1575,296.54,288.25,300.75
2010,2021-02-07 11:25:00,295.1,295.1,295.1,295.1,75,1575,296.54,288.25,300.75
2011,2021-02-07 11:26:00,295.1,295.1,295.1,295.1,75,1575,296.54,288.25,300.75
2012,2021-02-07 11:27:00,295.1,295.1,295.1,295.1,75,1575,296.54,288.25,300.75
2013,2021-02-07 11:28:00,295.1,295.1,295.1,295.1,75,1575,296.54,288.25,300.75
2014,2021-02-07 11:29:00,295.1,295.1,295.1,295.1,75,1575,296.54,288.25,300.75
2015,2021-02-07 11:30:00,295.1,295.1,295.1,295.1,75,1575,296.54,288.25,300.75
2016,2021-02-07 11:31:00,295.1,295.1,295.1,295.1,75,1575,296.54,288.25,300.75
2017,2021-02-07 11:32:00,295.1,295.1,295.1,295.1,75,1575,296.54,288.25,300.75
2018,2021-02-07 11:33:00,295.1,295.1,295.1,295.1,75,1575,296.54,288.25,300.75
2019,2021-02-07 11:34:00,295.1,295.1,295.1,295.1,75,1575,296.54,288.25,300.75
2020,2021-02-07 11:35:00,295.1,295.1,295.1,295.1,75,1575,296.54,288.25,300.75
2021,2021-02-07 11:36:00,295.1,295.1,295.1,295.1,75,1575,296.54,288.25,300.75
2022,2021-02-07 11:37:00,295.1,295.1,295.1,295.1,75,1575,296.54,288.25,300.75
2023,2021-02-07 11:38:00,295.1,295.1,295.1,295.1,75,1575,296.54,288.25,300.75
2024,2021-02-07 11:39:00,295.1,295.1,295.1,295.1,75,1575,296.54,288.25,300.75
2025,2021-02-07 11:40:00,295.1,295.1,295.1,295.1,75,1575,296.54,288.25,300.75
2026,2021-02-07 11:41:00,295.1,295.1,295.1,295.1,75,1575,296.54,288.25,300.75
2027,2021-02-07 11:42:00,295.1,295.1,295.1,295.1,75,1575,296.54,288.25,300.75
2028,2021-02-07 11:43:00,295.1,295.1,295.1,295.1,75,1575,296.54,288.25,300.75
2029,2021-02-07 11:44:00,295.1,295.1,295.1,295.1,75,1575,296.54,288.25,300.75
2030,2021-02-07 11:45:00,295.1,295.1,295.1,295.1,75,1575,296.54,288.25,300.75
2031,2021-02-07 11:46:00,295.1,295.1,295.1,295.1,75,1575,296.54,288.25,300.75
2032,2021-02-07 11:47:00,295.1,295.1,295.1,295.1,75,1575,296.54,288.25,300.75
2033,2021-02-07 11:48:00,295.1,295.1,295.1,295.1,75,1575,296.54,288.25,300.75
2034,2021-02-07 11:49:00,295.1,295.1,295.1,295.1,75,1575,296.54,288.25,300.75
2035,2021-02-07 11:50:00,295.1,295.1,295.1,295.1,75,1575,296.54,288.25,300.75
2036,2021-02-07 11:51:00,295.1,295.1,295.1,295.1,75,1575,296.54,288.25,300.75
2037,2021-02-07 11:52:00,295.1,295.1,295.1,295.1,75,1575,296.54,288.25,300.75
2038,2021-02-07 11:53:00,295.1,295.1,295.1,295.1,75,1575,296.54,288.25,300.75
2039,2021-02-07 11:54:00,295.1,295.1,295.1,295.1,75,1575,296.54,288.25,300.75
2040,2021-02-07 11:55:00,295.1,295.1,295.1,295.1,75,1575,296.54,288.25,300.75
2041,2021-02-07 11:56:00,295.1,295.1,295.1,295.1,75,1575,296.54,288.25,300.75
2042,2021-02-07 11:57:00,295.1,295.1,295.1,295.1,75,1575,296.54,288.25,300.75
2043,2021-02-07 11:58:00,295.1,295.1,295.1,295.1,75,1575,296.54,288.25,300.75
2044,2021-02-07 11:59:00,295.1,295.1,295.1,295.1,75,1575,296.54,288.25,300.75
2045,2021-02-07 12:00:00,295.1,295.1,295.1,295.1,75,1575,296.54,288.25,300.75
2046,2021-02-07 12:01:00,295.1,295.1,295.1,295.1,75,1575,296.54,288.25,300.75
2047,2021-02-07 12:02:00,295.1,295.1,295.1,295.1,75,1575,296.54,288.25,300.75
2048,2021-02-07 12:03:00,295.1,295.1,295.1,295.1,75,1575,296.54,288.25,300.75
2049,2021-02-07 12:04:00,295.1,295.1,295.1,295.1,75,1575,296.54,288.25,300.75
2050,2021-02-07 12:05:00,295.1,295.1,295.1,295.1,75,1575,296.54,288.25,300.75
2051,2021-02-07 12:06:00,295.1,295.1,295.1,295.1,75,1575,296.54,288.25,300.75
2052,2021-02-07 12:07:00,295.1,295.1,295.1,295.1,75,1575,296.54,288.25,300.75
2053,2021-02-07 12:08:00,295.1,295.1,295.1,295.1,75,1575,296.54,288.25,300.75
2054,2021-02-07 12:09:00,295.1,295.1,295.1,295.1,75,1575,296.54,288.25,300.75
2055,2021-02-07 12:10:00,295.1,295.1,295.1,295.1,75,1575,296.54,288.25,300.75
2056,2021-02-07 12:11:00,295.1,295.1,295.1,295.1,75,1575,296.54,288.25,300.75
2057,2021-02-07 12:12:00,295.1,295.1,295.1,295.1,75,1575,296.54,288.25,300.75
2058,2021-02-07 12:13:00,295.1,295.1,295.1,295.1,75,1575,296.54,288.25,300.75
2059,2021-02-07 12:14:00,295.1,295.1,295.1,295.1,75,1575,296.54,288.25,300.75
2060,2021-02-07 12:15:00,295.1,295.1,295.1,295.1,75,1575,296.54,288.25,300.75
2061,2021-02-07 12:16:00,295.1,295.1,295.1,295.1,75,1575,296.54,288.25,300.75
2062,2021-02-07 12:17:00,295.1,295.1,295.1,295.1,75,1575,296.54,288.25,300.75
2063,2021-02-07 12:18:00,295.1,295.1,295.1,295.1,75,1575,296.54,288.25,300.75
2064,2021-02-07 12:19:00,295.1,295.1,295.1,295.1,75,1575,296.54,288.25,300.75
2065,2021-02-07 12:20:00,295.1,295.1,295.1,295.1,75,1575,296.54,288.25,300.75
2066,2021-02-07 12:21:00,295.1,295.1,295.1,295.1,75,1575,296.54,288.25,300.75
2067,2021-02-07 12:22:00,295.1,295.1,295.1,295.1,75,1575,296.54,288.25,300.75
2068,2021-02-07 12:23:00,295.1,295.1,295.1,295.1,75,1575,296.54,288.25,300.75
2069,2021-02-07 12:24:00,295.1,295.1,295.1,295.1,75,1575,296.54,288.25,300.75
2070,2021-02-07 12:25:00,295.1,295.1,295.1,295.1,75,1575,296.54,288.25,300.75
2071,2021-02-07 12:26:00,295.1,295.1,295.1,295.1,75,1575,296.54,288.25,300.75
2072,2021-02-07 12:27:00,295.1,295.1,295.1,295.1,75,1575,296.54,288.25,300.75
2073,2021-02-07 12:28:00,295.1,295.1,295.1,295.1,75,1575,296.54,288.25,300.75
2074,2021-02-07 12:29:00,295.1,295.1,295.1,295.1,75,1575,296.54,288.25,300.75
2075,2021-02-07 12:30:00,295.1,295.1,295.1,295.1,75,1575,296.54,288.25,300.75
2076,2021-02-07 12:31:00,295.1,295.1,295.1,295.1,75,1575,296.54,288.25,300.75
2077,2021-02-07 12:32:00,295.1,295.1,295.1,295.1,75,1575,296.54,288.25,300.75
2078,2021-02-07 12:33:00,295.1,295.1,295.1,295.1,75,1575,296.54,288.25,300.75
2079,2021-02-07 12:34:00,295.1,295.1,295.1,295.1,75,1575,296.54,288.25,300.75
2080,2021-02-07 12:35:00,295.1,295.1,295.1,295.1,75,1575,296.54,288.25,300.75
2081,2021-02-07 12:36:00,295.1,295.1,295.1,295.1,75,1575,296.54,288.25,300.75
2082,2021-02-07 12:37:00,295.1,295.1,295.1,295.1,75,1575,296.54,288.25,300.75
2083,2021-02-07 12:38:00,295.1,295.1,295.1,295.1,75,1575,296.54,288.25,300.75
2084,2021-02-07 12:39:00,295.1,295.1,295.1,295.1,75,1575,296.54,288.25,300.75
2085,2021-02-07 12:40:00,295.1,295.1,295.1,295.1,75,1575,296.54,288.25,300.75
2086,2021-02-07 12:41:00,295.1,295.1,295.1,295.1,75,1575,296.54,288.25,300.75
2087,2021-02-07 12:42:00,295.1,295.1,295.1,295.1,75,1575,296.54,288.25,300.75
2088,2021-02-07 12:43:00,295.1,295.1,295.1,295.1,75,1575,296.54,288.25,300.75
2089,2021-02-07 12:44:00,295.1,295.1,295.1,295.1,75,1575,296.54,288.25,300.75
2090,2021-02-07 12:45:00,295.1,295.1,295.1,295.1,75,1575,296.54,288.25,300.75
2091,2021-02-07 12:46:00,295.1,295.1,295.1,295.1,75,1575,296.54,288.25,300.75
2092,2021-02-07 12:47:00,295.1,295.1,295.1,295.1,75,1575,296.54,288.25,300.75
2093,2021-02-07 12:48:00,295.1,295.1,295.1,295.1,75,1575,296.54,288.25,300.75
2094,2021-02-07 12:49:00,295.1,295.1,295.1,295.1,75,1575,296.54,288.25,300.75
2095,2021-02-07 12:50:00,295.1,295.1,295.1,295.1,75,1575,296.54,288.25,300.75
2096,2021-02-07 12:51:00,295.1,295.1,295.1,295.1,75,1575,296.54,288.25,300.75
2097,2021-02-07 12:52:00,295.1,295.1,295.1,295.1,75,1575,296.54,288.25,300.75
2098,2021-02-07 12:53:00,295.1,295.1,295.1,295.1,75,1575,296.54,288.25,300.75
2099,2021-02-07 12:54:00,295.1,295.1,295.1,295.1,75,1575,296.54,288.25,300.75
2100,2021-02-07 12:55:00,295.1,295.1,295.1,295.1,75,1575,296.54,288.25,300.75
2101,2021-02-07 12:56:00,295.1,295.1,295.1,295.1,75,1575,296.54,288.25,300.75
2102,2021-02-07 12:57:00,295.1,295.1,295.1,295.1,75,1575,296.54,288.25,300.75
2103,2021-02-07 12:58:00,295.1,295.1,295.1,295.1,75,1575,296.54,288.25,300.75
2104,2021-02-07 12:59:00,295.1,295.1,295.1,295.1,75,1575,296.54,288.25,300.75
2105,2021-02-07 13:00:00,295.1,295.1,295.1,295.1,75,1575,296.54,288.25,300.75
2106,2021-02-07 13:01:00,295.1,295.1,295.1,295.1,75,1575,296.54,288.25,300.75
2107,2021-02-07 13:02:00,295.1,295.1,295.1,295.1,75,1575,296.54,288.25,300.75
2108,2021-02-07 13:03:00,295.1,295.1,295.1,295.1,75,1575,296.54,288.25,300.75
2109,2021-02-07 13:04:00,295.1,295.1,295.1,295.1,75,1575,296.54,288.25,300.75
2110,2021-02-07 13:05:00,295.1,295.1,295.1,295.1,75,1575,296.54,288.25,300.75
2111,2021-02-07 13:06:00,295.1,295.1,295.1,295.1,75,1575,296.54,288.25,300.75
2112,2021-02-07 13:07:00,295.1,295.1,295.1,295.1,75,1575,296.54,288.25,300.75
2113,2021-02-07 13:08:00,295.1,295.1,295.1,295.1,75,1575,296.54,288.25,300.75
2114,2021-02-07 13:09:00,295.1,295.1,295.1,295.1,75,1575,296.54,288.25,300.75
2115,2021-02-07 13:10:00,295.1,295.1,295.1,295.1,75,1575,296.54,288.25,300.75
2116,2021-02-07 13:11:00,295.1,295.1,295.1,295.1,75,1575,296.54,288.25,300.75
2117,2021-02-07 13:12:00,295.1,295.1,295.1,295.1,75,1575,296.54,288.25,300.75
2118,2021-02-07 13:13:00,295.1,295.1,295.1,295.1,75,1575,296.54,288.25,300.75
2119,2021-02-07 13:14:00,295.1,295.1,295.1,295.1,75,1575,296.54,288.25,300.75
2120,2021-02-07 13:15:00,295.1,295.1,295.1,295.1,75,1575,296.54,288.25,300.75
2121,2021-02-07 13:16:00,295.1,295.1,295.1,295.1,75,1575,296.54,288.25,300.75
2122,2021-02-07 13:17:00,295.1,295.1,295.1,295.1,75,1575,296.54,288.25,300.75
2123,2021-02-07 13:18:00,295.1,295.1,295.1,295.1,75,1575,296.54,288.25,300.75
2124,2021-02-07 13:19:00,295.1,295.1,295.1,295.1,75,1575,296.54,288.25,300.75
2125,2021-02-07 13:20:00,295.1,295.1,295.1,295.1,75,1575,296.54,288.25,300.75
2126,2021-02-07 13:21:00,295.1,295.1,295.1,295.1,75,1575,296.54,288.25,300.75
2127,2021-02-07 13:22:00,295.1,295.1,295.1,295.1,75,1575,296.54,288.25,300.75
2128,2021-02-07 13:23:00,295.1,295.1,295.1,295.1,75,1575,296.54,288.25,300.75
2129,2021-02-07 13:24:00,295.1,295.1,295.1,295.1,75,1575,296.54,288.25,300.75
2130,2021-02-07 13:25:00,295.1,295.1,295.1,295.1,75,1575,296.54,288.25,300.75
2131,2021-02-07 13:26:00,295.1,295.1,295.1,295.1,75,1575,296.54,288.25,300.75
2132,2021-02-07 13:27:00,295.1,295.1,295.1,295.1,75,1575,296.54,288.25,300.75
2133,2021-02-07 13:28:00,295.1,295.1,295.1,295.1,75,1575,296.54,288.25,300.75
2134,2021-02-07 13:29:00,295.1,295.1,295.1,295.1,75,1575,296.54,288.25,300.75
2135,2021-02-07 13:30:00,295.1,295.1,295.1,295.1,75,1575,296.54,288.25,300.75
2136,2021-02-07 13:31:00,295.1,295.1,295.1,295.1,75,1575,296.54,288.25,300.75
2137,2021-02-07 13:32:00,295.1,295.1,295.1,295.1,75,1575,296.54,288.25,300.75
2138,2021-02-07 13:33:00,295.1,295.1,295.1,295.1,75,1575,296.54,288.25,300.75
2139,2021-02-07 13:34:00,295.1,295.1,295.1,295.1,75,1575,296.54,288.25,300.75
2140,2021-02-07 13:35:00,295.1,295.1,295.1,295.1,75,1575,296.54,288.25,300.75
2141,2021-02-07 13:36:00,295.1,295.1,295.1,295.1,75,1575,296.54,288.25,300.75
2142,2021-02-07 13:37:00,295.1,295.1,295.1,295.1,75,1575,296.54,288.25,300.75
2143,2021-02-07 13:38:00,295.1,295.1,295.1,295.1,75,1575,296.54,288.25,300.75
2144,2021-02-07 13:39:00,295.1,295.1,295.1,295.1,75,1575,296.54,288.25,300.75
2145,2021-02-07 13:40:00,295.1,295.1,295.1,295.1,75,1575,296.54,288.25,300.75
2146,2021-02-07 13:41:00,295.1,295.1,295.1,295.1,75,1575,296.54,288.25,300.75
2147,2021-02-07 13:42:00,295.1,295.1,295.1,295.1,75,1575,296.54,288.25,300.75
2148,2021-02-07 13:43:00,295.1,295.1,295.1,295.1,75,1575,296.54,288.25,300.75
2149,2021-02-07 13:44:00,295.1,295.1,295.1,295.1,75,1575,296.54,288.25,300.75
2150,2021-02-07 13:45:00,295.1,295.1,295.1,295.1,75,1575,296.54,288.25,300.75
2151,2021-02-07 13:46:00,295.1,295.1,295.1,295.1,75,1575,296.54,288.25,300.75
2152,2021-02-07 13:47:00,295.1,295.1,295.1,295.1,75,1575,296.54,288.25,300.75
2153,2021-02-07 13:48:00,295.1,295.1,295.1,295.1,75,1575,296.54,288.25,300.75
2154,2021-02-07 13:49:00,295.1,295.1,295.1,295.1,75,1575,296.54,288.25,300.75
2155,2021-02-07 13:50:00,295.1,295.1,295.1,295.1,75,1575,296.54,288.25,300.75
2156,2021-02-07 13:51:00,295.1,295.1,295.1,295.1,75,1575,296.54,288.25,300.75
2157,2021-02-07 13:52:00,295.1,295.1,295.1,295.1,75,1575,296.54,288.25,300.75
2158,2021-02-07 13:53:00,295.1,295.1,295.1,295.1,75,1575,296.54,288.25,300.75
2159,2021-02-07 13:54:00,295.1,295.1,295.1,295.1,75,1575,296.54,288.25,300.75
2160,2021-02-07 13:55:00,295.1,295.1,295.1,295.1,75,1575,296.54,288.25,300.75
2161,2021-02-07 13:56:00,295.1,295.1,295.1,295.1,75,1575,296.54,288.25,300.75
2162,2021-02-07 13:57:00,295.1,295.1,295.1,295.1,75,1575,296.54,288.25,300.75
2163,2021-02-07 13:58:00,295.1,295.1,295.1,295.1,75,1575,296.54,288.25,300.75
2164,2021-02-07 13:59:00,295.1,295.1,295.1,295.1,75,1575,296.54,288.25,300.75
2165,2021-02-07 14:00:00,295.1,295.1,295.1,295.1,75,1575,296.54,288.25,300.75
2166,2021-02-07 14:01:00,295.1,295.1,295.1,295.1,75,1575,296.54,288.25,300.75
2167,2021-02-07 14:02:00,295.1,295.1,295.1,295.1,75,1575,296.54,288.25,300.75
2168,2021-02-07 14:03:00,295.1,295.1,295.1,295.1,75,1575,296.54,288.25,300.75
2169,2021-02-07 14:04:00,295.1,295.1,295.1,295.1,75,1575,296.54,288.25,300.75
2170,2021-02-07 14:05:00,295.1,295.1,295.1,295.1,75,1575,296.54,288.25,300.75
2171,2021-02-07 14:06:00,295.1,295.1,295.1,295.1,75,1575,296.54,288.25,300.75
2172,2021-02-07 14:07:00,295.1,295.1,295.1,295.1,75,1575,296.54,288.25,300.75
2173,2021-02-07 14:08:00,295.1,295.1,295.1,295.1,75,1575,296.54,288.25,300.75
2174,2021-02-07 14:09:00,295.1,295.1,295.1,295.1,75,1575,296.54,288.25,300.75
2175,2021-02-07 14:10:00,295.1,295.1,295.1,295.1,75,1575,296.54,288.25,300.75
2176,2021-02-07 14:11:00,295.1,295.1,295.1,295.1,75,1575,296.54,288.25,300.75
2177,2021-02-07 14:12:00,295.1,295.1,295.1,295.1,75,1575,296.54,288.25,300.75
2178,2021-02-07 14:13:00,295.1,295.1,295.1,295.1,75,1575,296.54,288.25,300.75
2179,2021-02-07 14:14:00,295.1,295.1,295.1,295.1,75,1575,296.54,288.25,300.75
2180,2021-02-07 14:15:00,295.1,295.1,295.1,295.1,75,1575,296.54,288.25,300.75
2181,2021-02-07 14:16:00,295.1,295.1,295.1,295.1,75,1575,296.54,288.25,300.75
2182,2021-02-07 14:17:00,295.1,295.1,295.1,295.1,75,1575,296.54,288.25,300.75
2183,2021-02-07 14:18:00,295.1,295.1,295.1,295.1,75,1575,296.54,288.25,300.75
2184,2021-02-07 14:19:00,295.1,295.1,295.1,295.1,75,1575,296.54,288.25,300.75
2185,2021-02-07 14:20:00,295.1,295.1,295.1,295.1,75,1575,296.54,288.25,300.75
2186,2021-02-07 14:21:00,295.1,295.1,295.1,295.1,75,1575,296.54,288.25,300.75
2187,2021-02-07 14:22:00,295.1,295.1,295.1,295.1,75,1575,296.54,288.25,300.75
2188,2021-02-07 14:23:00,295.1,295.1,295.1,295.1,75,1575,296.54,288.25,300.75
2189,2021-02-07 14:24:00,295.1,295.1,295.1,295.1,75,1575,296.54,288.25,300.75
2190,2021-02-07 14:25:00,295.1,295.1,295.1,295.1,75,1575,296.54,288.25,300.75
2191,2021-02-07 14:26:00,295.1,295.1,295.1,295.1,75,1575,296.54,288.25,300.75
2192,2021-02-07 14:27:00,295.1,295.1,295.1,295.1,75,1575,296.54,288.25,300.75
2193,2021-02-07 14:28:00,295.1,295.1,295.1,295.1,75,1575,296.54,288.25,300.75
2194,2021-02-07 14:29:00,295.1,295.1,295.1,295.1,75,1575,296.54,288.25,300.75
2195,2021-02-07 14:30:00,295.1,295.1,295.1,295.1,75,1575,296.54,288.25,300.75
2196,2021-02-07 14:31:00,295.1,295.1,295.1,295.1,75,1575,296.54,288.25,300.75
2197,2021-02-07 14:32:00,295.1,295.1,295.1,295.1,75,1575,296.54,288.25,300.75
2198,2021-02-07 14:33:00,295.1,295.1,295.1,295.1,75,1575,296.54,288.25,300.75
2199,2021-02-07 14:34:00,295.1,295.1,295.1,295.1,75,1575,296.54,288.25,300.75
2200,2021-02-07 14:35:00,295.1,295.1,295.1,295.1,75,1575,296.54,288.25,300.75
2201,2021-02-07 14:36:00,295.1,295.1,295.1,295.1,75,1575,296.54,288.25,300.75
2202,2021-02-07 14:37:00,295.1,295.1,295.1,295.1,75,1575,296.54,288.25,300.75
2203,2021-02-07 14:38:00,295.1,295.1,295.1,295.1,75,1575,296.54,288.25,300.75
2204,2021-02-07 14:39:00,295.1,295.1,295.1,295.1,75,1575,296.54,288.25,300.75
2205,2021-02-07 14:40:00,295.1,295.1,295.1,295.1,75,1575,296.54,288.25,300.75
2206,2021-02-07 14:41:00,295.1,295.1,295.1,295.1,75,1575,296.54,288.25,300.75
2207,2021-02-07 14:42:00,295.1,295.1,295.1,295.1,75,1575,296.54,288.25,300.75
2208,2021-02-07 14:43:00,295.1,295.1,295.1,295.1,75,1575,296.54,288.25,300.75
2209,2021-02-07 14:44:00,295.1,295.1,295.1,295.1,75,1575,296.54,288.25,300.75
2210,2021-02-07 14:45:00,295.1,295.1,295.1,295.1,75,1575,296.54,288.25,300.75
2211,2021-02-07 14:46:00,295.1,295.1,295.1,295.1,75,1575,296.54,288.25,300.75
2212,2021-02-07 14:47:00,295.1,295.1,295.1,295.1,75,1575,296.54,288.25,300.75
2213,2021-02-07 14:48:00,295.1,295.1,295.1,295.1,75,1575,296.54,288.25,300.75
2214,2021-02-07 14:49:00,295.1,295.1,295.1,295.1,75,1575,296.54,288.25,300.75
2215,2021-02-07 14:50:00,295.1,295.1,295.1,295.1,75,1575,296.54,288.25,300.75
2216,2021-02-07 14:51:00,295.1,295.1,295.1,295.1,75,1575,296.54,288.25,300.75
2217,2021-02-07 14:52:00,295.1,295.1,295.1,295.1,75,1575,296.54,288.25,300.75
2218,2021-02-07 14:53:00,295.1,295.1,295.1,295.1,75,1575,296.54,288.25,300.75
2219,2021-02-07 14:54:00,295.1,295.1,295.1,295.1,75,1575,296.54,288.25,300.75
2220,2021-02-07 14:55:00,295.1,295.1,295.1,295.1,75,1575,296.54,288.25,300.75
2221,2021-02-07 14:56:00,295.1,295.1,295.1,295.1,75,1575,296.54,288.25,300.75
2222,2021-02-07 14:57:00,295.1,295.1,295.1,295.1,75,1575,296.54,288.25,300.75
2223,2021-02-07 14:58:00,295.1,295.1,295.1,295.1,75,1575,296.54,288.25,300.75
2224,2021-02-07 14:59:00,295.1,295.1,295.1,295.1,75,1575,296.54,288.25,300.75
2225,2021-02-07 15:00:00,295.1,295.1,295.1,295.1,75,1575,296.54,288.25,300.75
2226,2021-02-07 15:01:00,295.1,295.1,295.1,295.1,75,1575,296.54,288.25,300.75
2227,2021-02-07 15:02:00,295.1,295.1,295.1,295.1,75,1575,296.54,288.25,300.75
2228,2021-02-07 15:03:00,295.1,295.1,295.1,295.1,75,1575,296.54,288.25,300.75
2229,2021-02-07 15:04:00,295.1,295.1,295.1,295.1,75,1575,296.54,288.25,300.75
2230,2021-02-07 15:05:00,295.1,295.1,295.1,295.1,75,1575,296.54,288.25,300.75
2231,2021-02-07 15:06:00,295.1,295.1,295.1,295.1,75,1575,296.54,288.25,300.75
2232,2021-02-07 15:07:00,295.1,295.1,295.1,295.1,75,1575,296.54,288.25,300.75
2233,2021-02-07 15:08:00,295.1,295.1,295.1,295.1,75,1575,296.54,288.25,300.75
2234,2021-02-07 15:09:00,295.1,295.1,295.1,295.1,75,1575,296.54,288.25,300.75
2235,2021-02-07 15:10:00,295.1,295.1,295.1,295.1,75,1575,296.54,288.25,300.75
2236,2021-02-07 15:11:00,295.1,295.1,295.1,295.1,75,1575,296.54,288.25,300.75
2237,2021-02-07 15:12:00,295.1,295.1,295.1,295.1,75,1575,296.54,288.25,300.75
2238,2021-02-07 15:13:00,295.1,295.1,295.1,295.1,75,1575,296.54,288.25,300.75
2239,2021-02-07 15:14:00,295.1,295.1,295.1,295.1,75,1575,296.54,288.25,300.75
2240,2021-02-07 15:15:00,295.1,295.1,295.1,295.1,75,1575,296.54,288.25,300.75
2241,2021-02-07 15:16:00,295.1,295.1,295.1,295.1,75,1575,296.54,288.25,300.75
2242,2021-02-07 15:17:00,295.1,295.1,295.1,295.1,75,1575,296.54,288.25,300.75
2243,2021-02-07 15:18:00,295.1,295.1,295.1,295.1,75,1575,296.54,288.25,300.75
2244,2021-02-07 15:19:00,295.1,295.1,295.1,295.1,75,1575,296.54,288.25,300.75
2245,2021-02-07 15:20:00,295.1,295.1,295.1,295.1,75,1575,296.54,288.25,300.75
2246,2021-02-07 15:21:00,295.1,295.1,295.1,295.1,75,1575,296.54,288.25,300.75
2247,2021-02-07 15:22:00,295.1,295.1,295.1,295.1,75,1575,296.54,288.25,300.75
2248,2021-02-07 15:23:00,295.1,295.1,295.1,295.1,75,1575,296.54,288.25,300.75
2249,2021-02-07 15:24:00,295.1,295.1,295.1,295.1,75,1575,296.54,288.25,300.75
2250,2021-02-07 15:25:00,295.1,295.1,295.1,295.1,75,1575,296.54,288.25,300.75
2251,2021-02-07 15:26:00,295.1,295.1,295.1,295.1,75,1575,296.54,288.25,300.75
2252,2021-02-07 15:27:00,295.1,295.1,295.1,295.1,75,1575,296.54,288.25,300.75
2253,2021-02-07 15:28:00,295.1,295.1,295.1,295.1,75,1575,296.54,288.25,300.75
2254,2021-02-07 15:29:00,295.1,295.1,295.1,295.1,75,1575,296.54,288.25,300.75
2255,2021-02-07 15:30:00,295.1,295.1,295.1,295.1,75,1575,296.54,288.25,300.75
2256,2021-02-08 09:15:00,295.1,295.1,295.1,295.1,75,1575,296.54,288.25,300.75
2257,2021-02-08 09:16:00,295.1,295.1,295.1,295.1,75,1575,296.54,288.25,300.75
2258,2021-02-08 09:17:00,295.1,295.1,295.1,295.1,75,1575,296.54,288.25,300.75
2259,2021-02-08 09:18:00,295.1,295.1,295.1,295.1,75,1575,296.54,288.25,300.75
2260,2021-02-08 09:19:00,295.1,295.1,295.1,295.1,75,1575,296.54,288.25,300.75
2261,2021-02-08 09:20:00,295.1,295.1,295.1,295.1,75,1575,296.54,288.25,300.75
2262,2021-02-08 09:21:00,295.1,295.1,295.1,295.1,75,1575,296.54,288.25,300.75
2263,2021-02-08 09:22:00,295.1,295.1,295.1,295.1,75,1575,296.54,288.25,300.75
2264,2021-02-08 09:23:00,295.1,295.1,295.1,295.1,75,1575,296.54,288.25,300.75
2265,2021-02-08 09:24:00,295.1,295.1,295.1,295.1,75,1575,296.54,288.25,300.75
2266,2021-02-08 09:25:00,295.1,295.1,295.1,295.1,75,1575,296.54,288.25,300.75
2267,2021-02-08 09:26:00,295.1,295.1,295.1,295.1,75,1575,296.54,288.25,300.75
2268,2021-02-08 09:27:00,295.1,295.1,295.1,295.1,75,1575,296.54,288.25,300.75
2269,2021-02-08 09:28:00,295.1,295.1,295.1,295.1,75,1575,296.54,288.25,300.75
2270,2021-02-08 09:29:00,295.1,295.1,295.1,295.1,75,1575,296.54,288.25,300.75
2271,2021-02-08 09:30:00,295.1,295.1,295.1,295.1,75,1575,296.54,288.25,300.75
2272,2021-02-08 09:31:00,295.1,295.1,295.1,295.1,75,1575,296.54,288.25,300.75
2273,2021-02-08 09:32:00,295.1,295.1,295.1,295.1,75,1575,296.54,288.25,300.75
2274,2021-02-08 09:33:00,295.1,295.1,295.1,295.1,75,1575,296.54,288.25,300.75
2275,2021-02-08 09:34:00,295.1,295.1,295.1,295.1,75,1575,296.54,288.25,300.75
2276,2021-02-08 09:35:00,250.4,250.4,232.4,232.4,150,1500,241.4,246.75,260.35
2277,2021-02-08 09:36:00,250.4,250.4,232.4,232.4,150,1500,241.4,246.75,260.35
2278,2021-02-08 09:37:00,250.4,250.4,232.4,232.4,150,1500,241.4,246.75,260.35
2279,2021-02-08 09:38:00,250.4,250.4,232.4,232.4,150,1500,241.4,246.75,260.35
2280,2021-02-08 09:39:00,250.4,250.4,232.4,232.4,150,1500,241.4,246.75,260.35
2281,2021-02-08 09:40:00,250.4,250.4,232.4,232.4,150,1500,241.4,246.75,260.35
2282,2021-02-08 09:41:00,250.4,250.4,232.4,232.4,150,1500,241.4,246.75,260.35
2283,2021-02-08 09:42:00,250.4,250.4,232.4,232.4,150,1500,241.4,246.75,260.35
2284,2021-02-08 09:43:00,250.4,250.4,232.4,232.4,150,1500,241.4,246.75,260.35
2285,2021-02-08 09:44:00,250.4,250.4,232.4,232.4,150,1500,241.4,246.75,260.35
2286,2021-02-08 09:45:00,250.4,250.4,232.4,232.4,150,1500,241.4,246.75,260.35
2287,2021-02-08 09:46:00,250.4,250.4,232.4,232.4,150,1500,241.4,246.75,260.35
2288,2021-02-08 09:47:00,250.4,250.4,232.4,232.4,150,1500,241.4,246.75,260.35
2289,2021-02-08 09:48:00,250.4,250.4,232.4,232.4,150,1500,241.4,246.75,260.35
2290,2021-02-08 09:49:00,250.4,250.4,232.4,232.4,150,1500,241.4,246.75,260.35
2291,2021-02-08 09:50:00,250.4,250.4,232.4,232.4,150,1500,241.4,246.75,260.35
2292,2021-02-08 09:51:00,250.4,250.4,232.4,232.4,150,1500,241.4,246.75,260.35
2293,2021-02-08 09:52:00,250.4,250.4,232.4,232.4,150,1500,241.4,246.75,260.35
2294,2021-02-08 09:53:00,250.4,250.4,232.4,232.4,150,1500,241.4,246.75,260.35
2295,2021-02-08 09:54:00,250.4,250.4,232.4,232.4,150,1500,241.4,246.75,260.35
2296,2021-02-08 09:55:00,250.4,250.4,232.4,232.4,150,1500,241.4,246.75,260.35
2297,2021-02-08 09:56:00,250.4,250.4,232.4,232.4,150,1500,241.4,246.75,260.35
2298,2021-02-08 09:57:00,250.4,250.4,232.4,232.4,150,1500,241.4,246.75,260.35
2299,2021-02-08 09:58:00,250.4,250.4,232.4,232.4,150,1500,241.4,246.75,260.35
2300,2021-02-08 09:59:00,250.4,250.4,232.4,232.4,150,1500,241.4,246.75,260.35
2301,2021-02-08 10:00:00,250.4,250.4,232.4,232.4,150,1500,241.4,246.75,260.35
2302,2021-02-08 10:01:00,258.35,258.35,258.35,258.35,75,1575,247.05,250.75,260.95
2303,2021-02-08 10:02:00,258.35,258.35,258.35,258.35,75,1575,247.05,250.75,260.95
2304,2021-02-08 10:03:00,258.35,258.35,258.35,258.35,75,1575,247.05,250.75,260.95
2305,2021-02-08 10:04:00,258.35,258.35,258.35,258.35,75,1575,247.05,250.75,260.95
2306,2021-02-08 10:05:00,258.35,258.35,258.35,258.35,75,1575,247.05,250.75,260.95
2307,2021-02-08 10:06:00,258.35,258.35,258.35,258.35,75,1575,247.05,250.75,260.95
2308,2021-02-08 10:07:00,258.35,258.35,258.35,258.35,75,1575,247.05,250.75,260.95
2309,2021-02-08 10:08:00,258.35,258.35,258.35,258.35,75,1575,247.05,250.75,260.95
2310,2021-02-08 10:09:00,258.35,258.35,258.35,258.35,75,1575,247.05,250.75,260.95
2311,2021-02-08 10:10:00,258.35,258.35,258.35,258.35,75,1575,247.05,250.75,260.95
2312,2021-02-08 10:11:00,258.35,258.35,258.35,258.35,75,1575,247.05,250.75,260.95
2313,2021-02-08 10:12:00,258.35,258.35,258.35,258.35,75,1575,247.05,250.75,260.95
2314,2021-02-08 10:13:00,258.35,258.35,258.35,258.35,75,1575,247.05,250.75,260.95
2315,2021-02-08 10:14:00,258.35,258.35,258.35,258.35,75,1575,247.05,250.75,260.95
2316,2021-02-08 10:15:00,258.35,258.35,258.35,258.35,75,1575,247.05,250.75,260.95
2317,2021-02-08 10:16:00,258.35,258.35,258.35,258.35,75,1575,247.05,250.75,260.95
2318,2021-02-08 10:17:00,258.35,258.35,258.35,258.35,75,1575,247.05,250.75,260.95
2319,2021-02-08 10:18:00,258.35,258.35,258.35,258.35,75,1575,247.05,250.75,260.95
2320,2021-02-08 10:19:00,258.35,258.35,258.35,258.35,75,1575,247.05,250.75,260.95
2321,2021-02-08 10:20:00,258.35,258.35,258.35,258.35,75,1575,247.05,250.75,260.95
2322,2021-02-08 10:21:00,258.35,258.35,258.35,258.35,75,1575,247.05,250.75,260.95
2323,2021-02-08 10:22:00,258.35,258.35,258.35,258.35,75,1575,247.05,250.75,260.95
2324,2021-02-08 10:23:00,258.35,258.35,258.35,258.35,75,1575,247.05,250.75,260.95
2325,2021-02-08 10:24:00,258.35,258.35,258.35,258.35,75,1575,247.05,250.75,260.95
2326,2021-02-08 10:25:00,258.35,258.35,258.35,258.35,75,1575,247.05,250.75,260.95
2327,2021-02-08 10:26:00,258.35,258.35,258.35,258.35,75,1575,247.05,250.75,260.95
2328,2021-02-08 10:27:00,258.35,258.35,258.35,258.35,75,1575,247.05,250.75,260.95
2329,2021-02-08 10:28:00,258.35,258.35,258.35,258.35,75,1575,247.05,250.75,260.95
2330,2021-02-08 10:29:00,258.35,258.35,258.35,258.35,75,1575,247.05,250.75,260.95
2331,2021-02-08 10:30:00,258.35,258.35,258.35,258.35,75,1575,247.05,250.75,260.95
2332,2021-02-08 10:31:00,258.35,258.35,258.35,258.35,75,1575,247.05,250.75,260.95
2333,2021-02-08 10:32:00,258.35,258.35,258.35,258.35,75,1575,247.05,250.75,260.95
2334,2021-02-08 10:33:00,258.35,258.35,258.35,258.35,75,1575,247.05,250.75,260.95
2335,2021-02-08 10:34:00,258.35,258.35,258.35,258.35,75,1575,247.05,250.75,260.95
2336,2021-02-08 10:35:00,258.35,258.35,258.35,258.35,75,1575,247.05,250.75,260.95
2337,2021-02-08 10:36:00,258.35,258.35,258.35,258.35,75,1575,247.05,250.75,260.95
2338,2021-02-08 10:37:00,258.35,258.35,258.35,258.35,75,1575,247.05,250.75,260.95
2339,2021-02-08 10:38:00,258.35,258.35,258.35,258.35,75,1575,247.05,250.75,260.95
2340,2021-02-08 10:39:00,258.35,258.35,258.35,258.35,75,1575,247.05,250.75,260.95
2341,2021-02-08 10:40:00,258.35,258.35,258.35,258.35,75,1575,247.05,250.75,260.95
2342,2021-02-08 10:41:00,258.35,258.35,258.35,258.35,75,1575,247.05,250.75,260.95
2343,2021-02-08 10:42:00,258.35,258.35,258.35,258.35,75,1575,247.05,250.75,260.95
2344,2021-02-08 10:43:00,258.35,258.35,258.35,258.35,75,1575,247.05,250.75,260.95
2345,2021-02-08 10:44:00,258.35,258.35,258.35,258.35,75,1575,247.05,250.75,260.95
2346,2021-02-08 10:45:00,258.35,258.35,258.35,258.35,75,1575,247.05,250.75,260.95
2347,2021-02-08 10:46:00,258.35,258.35,258.35,258.35,75,1575,247.05,250.75,260.95
2348,2021-02-08 10:47:00,258.35,258.35,258.35,258.35,75,1575,247.05,250.75,260.95
2349,2021-02-08 10:48:00,258.35,258.35,258.35,258.35,75,1575,247.05,250.75,260.95
2350,2021-02-08 10:49:00,258.35,258.35,258.35,258.35,75,1575,247.05,250.75,260.95
2351,2021-02-08 10:50:00,258.35,258.35,258.35,258.35,75,1575,247.05,250.75,260.95
2352,2021-02-08 10:51:00,258.35,258.35,258.35,258.35,75,1575,247.05,250.75,260.95
2353,2021-02-08 10:52:00,258.35,258.35,258.35,258.35,75,1575,247.05,250.75,260.95
2354,2021-02-08 10:53:00,258.35,258.35,258.35,258.35,75,1575,247.05,250.75,260.95
2355,2021-02-08 10:54:00,258.35,258.35,258.35,258.35,75,1575,247.05,250.75,260.95
2356,2021-02-08 10:55:00,258.35,258.35,258.35,258.35,75,1575,247.05,250.75,260.95
2357,2021-02-08 10:56:00,258.35,258.35,258.35,258.35,75,1575,247.05,250.75,260.95
2358,2021-02-08 10:57:00,258.35,258.35,258.35,258.35,75,1575,247.05,250.75,260.95
2359,2021-02-08 10:58:00,258.35,258.35,258.35,258.35,75,1575,247.05,250.75,260.95
2360,2021-02-08 10:59:00,258.35,258.35,258.35,258.35,75,1575,247.05,250.75,260.95
2361,2021-02-08 11:00:00,258.35,258.35,258.35,258.35,75,1575,247.05,250.75,260.95
2362,2021-02-08 11:01:00,258.35,258.35,258.35,258.35,75,1575,247.05,250.75,260.95
2363,2021-02-08 11:02:00,258.35,258.35,258.35,258.35,75,1575,247.05,250.75,260.95
2364,2021-02-08 11:03:00,258.35,258.35,258.35,258.35,75,1575,247.05,250.75,260.95
2365,2021-02-08 11:04:00,258.35,258.35,258.35,258.35,75,1575,247.05,250.75,260.95
2366,2021-02-08 11:05:00,258.35,258.35,258.35,258.35,75,1575,247.05,250.75,260.95
2367,2021-02-08 11:06:00,258.35,258.35,258.35,258.35,75,1575,247.05,250.75,260.95
2368,2021-02-08 11:07:00,258.35,258.35,258.35,258.35,75,1575,247.05,250.75,260.95
2369,2021-02-08 11:08:00,258.35,258.35,258.35,258.35,75,1575,247.05,250.75,260.95
2370,2021-02-08 11:09:00,258.35,258.35,258.35,258.35,75,1575,247.05,250.75,260.95
2371,2021-02-08 11:10:00,258.35,258.35,258.35,258.35,75,1575,247.05,250.75,260.95
2372,2021-02-08 11:11:00,258.35,258.35,258.35,258.35,75,1575,247.05,250.75,260.95
2373,2021-02-08 11:12:00,258.35,258.35,258.35,258.35,75,1575,247.05,250.75,260.95
2374,2021-02-08 11:13:00,258.35,258.35,258.35,258.35,75,1575,247.05,250.75,260.95
2375,2021-02-08 11:14:00,258.35,258.35,258.35,258.35,75,1575,247.05,250.75,260.95
2376,2021-02-08 11:15:00,258.35,258.35,258.35,258.35,75,1575,247.05,250.75,260.95
2377,2021-02-08 11:16:00,258.35,258.35,258.35,258.35,75,1575,247.05,250.75,260.95
2378,2021-02-08 11:17:00,258.35,258.35,258.35,258.35,75,1575,247.05,250.75,260.95
2379,2021-02-08 11:18:00,258.35,258.35,258.35,258.35,75,1575,247.05,250.75,260.95
2380,2021-02-08 11:19:00,258.35,258.35,258.35,258.35,75,1575,247.05,250.75,260.95
2381,2021-02-08 11:20:00,258.35,258.35,258.35,258.35,75,1575,247.05,250.75,260.95
2382,2021-02-08 11:21:00,258.35,258.35,258.35,258.35,75,1575,247.05,250.75,260.95
2383,2021-02-08 11:22:00,258.35,258.35,258.35,258.35,75,1575,247.05,250.75,260.95
2384,2021-02-08 11:23:00,258.35,258.35,258.35,258.35,75,1575,247.05,250.75,260.95
2385,2021-02-08 11:24:00,258.35,258.35,258.35,258.35,75,1575,247.05,250.75,260.95
2386,2021-02-08 11:25:00,258.35,258.35,258.35,258.35,75,1575,247.05,250.75,260.95
2387,2021-02-08 11:26:00,258.35,258.35,258.35,258.35,75,1575,247.05,250.75,260.95
2388,2021-02-08 11:27:00,258.35,258.35,258.35,258.35,75,1575,247.05,250.75,260.95
2389,2021-02-08 11:28:00,258.35,258.35,258.35,258.35,75,1575,247.05,250.75,260.95
2390,2021-02-08 11:29:00,258.35,258.35,258.35,258.35,75,1575,247.05,250.75,260.95
2391,2021-02-08 11:30:00,258.35,258.35,258.35,258.35,75,1575,247.05,250.75,260.95
2392,2021-02-08 11:31:00,258.35,258.35,258.35,258.35,75,1575,247.05,250.75,260.95
2393,2021-02-08 11:32:00,258.35,258.35,258.35,258.35,75,1575,247.05,250.75,260.95
2394,2021-02-08 11:33:00,258.35,258.35,258.35,258.35,75,1575,247.05,250.75,260.95
2395,2021-02-08 11:34:00,258.35,258.35,258.35,258.35,75,1575,247.05,250.75,260.95
2396,2021-02-08 11:35:00,258.35,258.35,258.35,258.35,75,1575,247.05,250.75,260.95
2397,2021-02-08 11:36:00,258.35,258.35,258.35,258.35,75,1575,247.05,250.75,260.95
2398,2021-02-08 11:37:00,258.35,258.35,258.35,258.35,75,1575,247.05,250.75,260.95
2399,2021-02-08 11:38:00,258.35,258.35,258.35,258.35,75,1575,247.05,250.75,260.95
2400,2021-02-08 11:39:00,258.35,258.35,258.35,258.35,75,1575,247.05,250.75,260.95
2401,2021-02-08 11:40:00,258.35,258.35,258.35,258.35,75,1575,247.05,250.75,260.95
2402,2021-02-08 11:41:00,258.35,258.35,258.35,258.35,75,1575,247.05,250.75,260.95
2403,2021-02-08 11:42:00,258.35,258.35,258.35,258.35,75,1575,247.05,250.75,260.95
2404,2021-02-08 11:43:00,258.35,258.35,258.35,258.35,75,1575,247.05,250.75,260.95
2405,2021-02-08 11:44:00,258.35,258.35,258.35,258.35,75,1575,247.05,250.75,260.95
2406,2021-02-08 11:45:00,258.35,258.35,258.35,258.35,75,1575,247.05,250.75,260.95
2407,2021-02-08 11:46:00,258.35,258.35,258.35,258.35,75,1575,247.05,250.75,260.95
2408,2021-02-08 11:47:00,258.35,258.35,258.35,258.35,75,1575,247.05,250.75,260.95
2409,2021-02-08 11:48:00,258.35,258.35,258.35,258.35,75,1575,247.05,250.75,260.95
2410,2021-02-08 11:49:00,258.35,258.35,258.35,258.35,75,1575,247.05,250.75,260.95
2411,2021-02-08 11:50:00,258.35,258.35,258.35,258.35,75,1575,247.05,250.75,260.95
2412,2021-02-08 11:51:00,258.35,258.35,258.35,258.35,75,1575,247.05,250.75,260.95
2413,2021-02-08 11:52:00,258.35,258.35,258.35,258.35,75,1575,247.05,250.75,260.95
2414,2021-02-08 11:53:00,258.35,258.35,258.35,258.35,75,1575,247.05,250.75,260.95
2415,2021-02-08 11:54:00,258.35,258.35,258.35,258.35,75,1575,247.05,250.75,260.95
2416,2021-02-08 11:55:00,258.35,258.35,258.35,258.35,75,1575,247.05,250.75,260.95
2417,2021-02-08 11:56:00,258.35,258.35,258.35,258.35,75,1575,247.05,250.75,260.95
2418,2021-02-08 11:57:00,258.35,258.35,258.35,258.35,75,1575,247.05,250.75,260.95
2419,2021-02-08 11:58:00,258.35,258.35,258.35,258.35,75,1575,247.05,250.75,260.95
2420,2021-02-08 11:59:00,258.35,258.35,258.35,258.35,75,1575,247.05,250.75,260.95
2421,2021-02-08 12:00:00,258.35,258.35,258.35,258.35,75,1575,247.05,250.75,260.95
2422,2021-02-08 12:01:00,258.35,258.35,258.35,258.35,75,1575,247.05,250.75,260.95
2423,2021-02-08 12:02:00,258.35,258.35,258.35,258.35,75,1575,247.05,250.75,260.95
2424,2021-02-08 12:03:00,258.35,258.35,258.35,258.35,75,1575,247.05,250.75,260.95
2425,2021-02-08 12:04:00,258.35,258.35,258.35,258.35,75,1575,247.05,250.75,260.95
2426,2021-02-08 12:05:00,258.35,258.35,258.35,258.35,75,1575,247.05,250.75,260.95
2427,2021-02-08 12:06:00,258.35,258.35,258.35,258.35,75,1575,247.05,250.75,260.95
2428,2021-02-08 12:07:00,258.35,258.35,258.35,258.35,75,1575,247.05,250.75,260.95
2429,2021-02-08 12:08:00,258.35,258.35,258.35,258.35,75,1575,247.05,250.75,260.95
2430,2021-02-08 12:09:00,258.35,258.35,258.35,258.35,75,1575,247.05,250.75,260.95
2431,2021-02-08 12:10:00,258.35,258.35,258.35,258.35,75,1575,247.05,250.75,260.95
2432,2021-02-08 12:11:00,258.35,258.35,258.35,258.35,75,1575,247.05,250.75,260.95
2433,2021-02-08 12:12:00,258.35,258.35,258.35,258.35,75,1575,247.05,250.75,260.95
2434,2021-02-08 12:13:00,258.35,258.35,258.35,258.35,75,1575,247.05,250.75,260.95
2435,2021-02-08 12:14:00,258.35,258.35,258.35,258.35,75,1575,247.05,250.75,260.95
2436,2021-02-08 12:15:00,258.35,258.35,258.35,258.35,75,1575,247.05,250.75,260.95
2437,2021-02-08 12:16:00,258.35,258.35,258.35,258.35,75,1575,247.05,250.75,260.95
2438,2021-02-08 12:17:00,258.35,258.35,258.35,258.35,75,1575,247.05,250.75,260.95
2439,2021-02-08 12:18:00,258.35,258.35,258.35,258.35,75,1575,247.05,250.75,260.95
2440,2021-02-08 12:19:00,258.35,258.35,258.35,258.35,75,1575,247.05,250.75,260.95
2441,2021-02-08 12:20:00,258.35,258.35,258.35,258.35,75,1575,247.05,250.75,260.95
2442,2021-02-08 12:21:00,258.35,258.35,258.35,258.35,75,1575,247.05,250.75,260.95
2443,2021-02-08 12:22:00,258.35,258.35,258.35,258.35,75,1575,247.05,250.75,260.95
2444,2021-02-08 12:23:00,258.35,258.35,258.35,258.35,75,1575,247.05,250.75,260.95
2445,2021-02-08 12:24:00,258.35,258.35,258.35,258.35,75,1575,247.05,250.75,260.95
2446,2021-02-08 12:25:00,258.35,258.35,258.35,258.35,75,1575,247.05,250.75,260.95
2447,2021-02-08 12:26:00,258.35,258.35,258.35,258.35,75,1575,247.05,250.75,260.95
2448,2021-02-08 12:27:00,258.35,258.35,258.35,258.35,75,1575,247.05,250.75,260.95
2449,2021-02-08 12:28:00,258.35,258.35,258.35,258.35,75,1575,247.05,250.75,260.95
2450,2021-02-08 12:29:00,258.35,258.35,258.35,258.35,75,1575,247.05,250.75,260.95
2451,2021-02-08 12:30:00,260.25,260.25,260.25,260.25,75,1500,250.35,260.6,268.55
2452,2021-02-08 12:31:00,260.25,260.25,260.25,260.25,75,1500,250.35,260.6,268.55
2453,2021-02-08 12:32:00,260.25,260.25,260.25,260.25,75,1500,250.35,260.6,268.55
2454,2021-02-08 12:33:00,260.25,260.25,260.25,260.25,75,1500,250.35,260.6,268.55
2455,2021-02-08 12:34:00,260.25,260.25,260.25,260.25,75,1500,250.35,260.6,268.55
2456,2021-02-08 12:35:00,260.25,260.25,260.25,260.25,75,1500,250.35,260.6,268.55
2457,2021-02-08 12:36:00,260.25,260.25,260.25,260.25,75,1500,250.35,260.6,268.55
2458,2021-02-08 12:37:00,260.25,260.25,260.25,260.25,75,1500,250.35,260.6,268.55
2459,2021-02-08 12:38:00,260.25,260.25,260.25,260.25,75,1500,250.35,260.6,268.55
2460,2021-02-08 12:39:00,260.25,260.25,260.25,260.25,75,1500,250.35,260.6,268.55
2461,2021-02-08 12:40:00,260.25,260.25,260.25,260.25,75,1500,250.35,260.6,268.55
2462,2021-02-08 12:41:00,260.25,260.25,260.25,260.25,75,1500,250.35,260.6,268.55
2463,2021-02-08 12:42:00,260.25,260.25,260.25,260.25,75,1500,250.35,260.6,268.55
2464,2021-02-08 12:43:00,260.25,260.25,260.25,260.25,75,1500,250.35,260.6,268.55
2465,2021-02-08 12:44:00,260.25,260.25,260.25,260.25,75,1500,250.35,260.6,268.55
2466,2021-02-08 12:45:00,260.25,260.25,260.25,260.25,75,1500,250.35,260.6,268.55
2467,2021-02-08 12:46:00,260.25,260.25,260.25,260.25,75,1500,250.35,260.6,268.55
2468,2021-02-08 12:47:00,260.25,260.25,260.25,260.25,75,1500,250.35,260.6,268.55
2469,2021-02-08 12:48:00,260.25,260.25,260.25,260.25,75,1500,250.35,260.6,268.55
2470,2021-02-08 12:49:00,260.25,260.25,260.25,260.25,75,1500,250.35,260.6,268.55
2471,2021-02-08 12:50:00,260.25,260.25,260.25,260.25,75,1500,250.35,260.6,268.55
2472,2021-02-08 12:51:00,260.25,260.25,260.25,260.25,75,1500,250.35,260.6,268.55
2473,2021-02-08 12:52:00,260.25,260.25,260.25,260.25,75,1500,250.35,260.6,268.55
2474,2021-02-08 12:53:00,260.25,260.25,260.25,260.25,75,1500,250.35,260.6,268.55
2475,2021-02-08 12:54:00,260.25,260.25,260.25,260.25,75,1500,250.35,260.6,268.55
2476,2021-02-08 12:55:00,260.25,260.25,260.25,260.25,75,1500,250.35,260.6,268.55
2477,2021-02-08 12:56:00,260.25,260.25,260.25,260.25,75,1500,250.35,260.6,268.55
2478,2021-02-08 12:57:00,260.25,260.25,260.25,260.25,75,1500,250.35,260.6,268.55
2479,2021-02-08 12:58:00,260.25,260.25,260.25,260.25,75,1500,250.35,260.6,268.55
2480,2021-02-08 12:59:00,260.25,260.25,260.25,260.25,75,1500,250.35,260.6,268.55
2481,2021-02-08 13:00:00,260.25,260.25,260.25,260.25,75,1500,250.35,260.6,268.55
2482,2021-02-08 13:01:00,260.25,260.25,260.25,260.25,75,1500,250.35,260.6,268.55
2483,2021-02-08 13:02:00,260.25,260.25,260.25,260.25,75,1500,250.35,260.6,268.55
2484,2021-02-08 13:03:00,260.25,260.25,260.25,260.25,75,1500,250.35,260.6,268.55
2485,2021-02-08 13:04:00,260.25,260.25,260.25,260.25,75,1500,250.35,260.6,268.55
2486,2021-02-08 13:05:00,260.25,260.25,260.25,260.25,75,1500,250.35,260.6,268.55
2487,2021-02-08 13:06:00,260.25,260.25,260.25,260.25,75,1500,250.35,260.6,268.55
2488,2021-02-08 13:07:00,260.25,260.25,260.25,260.25,75,1500,250.35,260.6,268.55
2489,2021-02-08 13:08:00,260.25,260.25,260.25,260.25,75,1500,250.35,260.6,268.55
2490,2021-02-08 13:09:00,260.25,260.25,260.25,260.25,75,1500,250.35,260.6,268.55
2491,2021-02-08 13:10:00,260.25,260.25,260.25,260.25,75,1500,250.35,260.6,268.55
2492,2021-02-08 13:11:00,260.25,260.25,260.25,260.25,75,1500,250.35,260.6,268.55
2493,2021-02-08 13:12:00,260.25,260.25,260.25,260.25,75,1500,250.35,260.6,268.55
2494,2021-02-08 13:13:00,260.25,260.25,260.25,260.25,75,1500,250.35,260.6,268.55
2495,2021-02-08 13:14:00,260.25,260.25,260.25,260.25,75,1500,250.35,260.6,268.55
2496,2021-02-08 13:15:00,260.25,260.25,260.25,260.25,75,1500,250.35,260.6,268.55
2497,2021-02-08 13:16:00,260.25,260.25,260.25,260.25,75,1500,250.35,260.6,268.55
2498,2021-02-08 13:17:00,260.25,260.25,260.25,260.25,75,1500,250.35,260.6,268.55
2499,2021-02-08 13:18:00,260.25,260.25,260.25,260.25,75,1500,250.35,260.6,268.55
2500,2021-02-08 13:19:00,260.25,260.25,260.25,260.25,75,1500,250.35,260.6,268.55
2501,2021-02-08 13:20:00,260.25,260.25,260.25,260.25,75,1500,250.35,260.6,268.55
2502,2021-02-08 13:21:00,260.25,260.25,260.25,260.25,75,1500,250.35,260.6,268.55
2503,2021-02-08 13:22:00,260.25,260.25,260.25,260.25,75,1500,250.35,260.6,268.55
2504,2021-02-08 13:23:00,260.25,260.25,260.25,260.25,75,1500,250.35,260.6,268.55
2505,2021-02-08 13:24:00,260.25,260.25,260.25,260.25,75,1500,250.35,260.6,268.55
2506,2021-02-08 13:25:00,260.25,260.25,260.25,260.25,75,1500,250.35,260.6,268.55
2507,2021-02-08 13:26:00,260.25,260.25,260.25,260.25,75,1500,250.35,260.6,268.55
2508,2021-02-08 13:27:00,260.25,260.25,260.25,260.25,75,1500,250.35,260.6,268.55
2509,2021-02-08 13:28:00,260.25,260.25,260.25,260.25,75,1500,250.35,260.6,268.55
2510,2021-02-08 13:29:00,260.25,260.25,260.25,260.25,75,1500,250.35,260.6,268.55
2511,2021-02-08 13:30:00,260.25,260.25,260.25,260.25,75,1500,250.35,260.6,268.55
2512,2021-02-08 13:31:00,260.25,260.25,260.25,260.25,75,1500,250.35,260.6,268.55
2513,2021-02-08 13:32:00,260.25,260.25,260.25,260.25,75,1500,250.35,260.6,268.55
2514,2021-02-08 13:33:00,260.25,260.25,260.25,260.25,75,1500,250.35,260.6,268.55
2515,2021-02-08 13:34:00,260.25,260.25,260.25,260.25,75,1500,250.35,260.6,268.55
2516,2021-02-08 13:35:00,260.25,260.25,260.25,260.25,75,1500,250.35,260.6,268.55
2517,2021-02-08 13:36:00,260.25,260.25,260.25,260.25,75,1500,250.35,260.6,268.55
2518,2021-02-08 13:37:00,260.25,260.25,260.25,260.25,75,1500,250.35,260.6,268.55
2519,2021-02-08 13:38:00,260.25,260.25,260.25,260.25,75,1500,250.35,260.6,268.55
2520,2021-02-08 13:39:00,260.25,260.25,260.25,260.25,75,1500,250.35,260.6,268.55
2521,2021-02-08 13:40:00,260.25,260.25,260.25,260.25,75,1500,250.35,260.6,268.55
2522,2021-02-08 13:41:00,260.25,260.25,260.25,260.25,75,1500,250.35,260.6,268.55
2523,2021-02-08 13:42:00,260.25,260.25,260.25,260.25,75,1500,250.35,260.6,268.55
2524,2021-02-08 13:43:00,260.25,260.25,260.25,260.25,75,1500,250.35,260.6,268.55
2525,2021-02-08 13:44:00,260.25,260.25,260.25,260.25,75,1500,250.35,260.6,268.55
2526,2021-02-08 13:45:00,260.25,260.25,260.25,260.25,75,1500,250.35,260.6,268.55
2527,2021-02-08 13:46:00,260.25,260.25,260.25,260.25,75,1500,250.35,260.6,268.55
2528,2021-02-08 13:47:00,260.25,260.25,260.25,260.25,75,1500,250.35,260.6,268.55
2529,2021-02-08 13:48:00,260.25,260.25,260.25,260.25,75,1500,250.35,260.6,268.55
2530,2021-02-08 13:49:00,260.25,260.25,260.25,260.25,75,1500,250.35,260.6,268.55
2531,2021-02-08 13:50:00,260.25,260.25,260.25,260.25,75,1500,250.35,260.6,268.55
2532,2021-02-08 13:51:00,260.25,260.25,260.25,260.25,75,1500,250.35,260.6,268.55
2533,2021-02-08 13:52:00,260.25,260.25,260.25,260.25,75,1500,250.35,260.6,268.55
2534,2021-02-08 13:53:00,260.25,260.25,260.25,260.25,75,1500,250.35,260.6,268.55
2535,2021-02-08 13:54:00,260.25,260.25,260.25,260.25,75,1500,250.35,260.6,268.55
2536,2021-02-08 13:55:00,260.25,260.25,260.25,260.25,75,1500,250.35,260.6,268.55
2537,2021-02-08 13:56:00,260.25,260.25,260.25,260.25,75,1500,250.35,260.6,268.55
2538,2021-02-08 13:57:00,260.25,260.25,260.25,260.25,75,1500,250.35,260.6,268.55
2539,2021-02-08 13:58:00,260.25,260.25,260.25,260.25,75,1500,250.35,260.6,268.55
2540,2021-02-08 13:59:00,260.25,260.25,260.25,260.25,75,1500,250.35,260.6,268.55
2541,2021-02-08 14:00:00,260.25,260.25,260.25,260.25,75,1500,250.35,260.6,268.55
2542,2021-02-08 14:01:00,260.25,260.25,260.25,260.25,75,1500,250.35,260.6,268.55
2543,2021-02-08 14:02:00,260.25,260.25,260.25,260.25,75,1500,250.35,260.6,268.55
2544,2021-02-08 14:03:00,260.25,260.25,260.25,260.25,75,1500,250.35,260.6,268.55
2545,2021-02-08 14:04:00,260.25,260.25,260.25,260.25,75,1500,250.35,260.6,268.55
2546,2021-02-08 14:05:00,260.25,260.25,260.25,260.25,75,1500,250.35,260.6,268.55
2547,2021-02-08 14:06:00,260.25,260.25,260.25,260.25,75,1500,250.35,260.6,268.55
2548,2021-02-08 14:07:00,260.25,260.25,260.25,260.25,75,1500,250.35,260.6,268.55
2549,2021-02-08 14:08:00,260.25,260.25,260.25,260.25,75,1500,250.35,260.6,268.55
2550,2021-02-08 14:09:00,260.25,260.25,260.25,260.25,75,1500,250.35,260.6,268.55
2551,2021-02-08 14:10:00,260.25,260.25,260.25,260.25,75,1500,250.35,260.6,268.55
2552,2021-02-08 14:11:00,260.25,260.25,260.25,260.25,75,1500,250.35,260.6,268.55
2553,2021-02-08 14:12:00,260.25,260.25,260.25,260.25,75,1500,250.35,260.6,268.55
2554,2021-02-08 14:13:00,260.25,260.25,260.25,260.25,75,1500,250.35,260.6,268.55
2555,2021-02-08 14:14:00,260.25,260.25,260.25,260.25,75,1500,250.35,260.6,268.55
2556,2021-02-08 14:15:00,260.25,260.25,260.25,260.25,75,1500,250.35,260.6,268.55
2557,2021-02-08 14:16:00,260.25,260.25,260.25,260.25,75,1500,250.35,260.6,268.55
2558,2021-02-08 14:17:00,260.25,260.25,260.25,260.25,75,1500,250.35,260.6,268.55
2559,2021-02-08 14:18:00,260.25,260.25,260.25,260.25,75,1500,250.35,260.6,268.55
2560,2021-02-08 14:19:00,260.25,260.25,260.25,260.25,75,1500,250.35,260.6,268.55
2561,2021-02-08 14:20:00,260.25,260.25,260.25,260.25,75,1500,250.35,260.6,268.55
2562,2021-02-08 14:21:00,260.25,260.25,260.25,260.25,75,1500,250.35,260.6,268.55
2563,2021-02-08 14:22:00,260.25,260.25,260.25,260.25,75,1500,250.35,260.6,268.55
2564,2021-02-08 14:23:00,260.25,260.25,260.25,260.25,75,1500,250.35,260.6,268.55
2565,2021-02-08 14:24:00,260.25,260.25,260.25,260.25,75,1500,250.35,260.6,268.55
2566,2021-02-08 14:25:00,245.75,245.75,245.75,245.75,75,1500,249.43,238.1,250.25
2567,2021-02-08 14:26:00,245.75,245.75,245.75,245.75,75,1500,249.43,238.1,250.25
2568,2021-02-08 14:27:00,245.75,245.75,245.75,245.75,75,1500,249.43,238.1,250.25
2569,2021-02-08 14:28:00,245.75,245.75,245.75,245.75,75,1500,249.43,238.1,250.25
2570,2021-02-08 14:29:00,245.75,245.75,245.75,245.75,75,1500,249.43,238.1,250.25
2571,2021-02-08 14:30:00,245.75,245.75,245.75,245.75,75,1500,249.43,238.1,250.25
2572,2021-02-08 14:31:00,245.75,245.75,245.75,245.75,75,1500,249.43,238.1,250.25
2573,2021-02-08 14:32:00,245.75,245.75,245.75,245.75,75,1500,249.43,238.1,250.25
2574,2021-02-08 14:33:00,245.75,245.75,245.75,245.75,75,1500,249.43,238.1,250.25
2575,2021-02-08 14:34:00,245.75,245.75,245.75,245.75,75,1500,249.43,238.1,250.25
2576,2021-02-08 14:35:00,245.75,245.75,245.75,245.75,75,1500,249.43,238.1,250.25
2577,2021-02-08 14:36:00,245.75,245.75,245.75,245.75,75,1500,249.43,238.1,250.25
2578,2021-02-08 14:37:00,245.75,245.75,245.75,245.75,75,1500,249.43,238.1,250.25
2579,2021-02-08 14:38:00,245.75,245.75,245.75,245.75,75,1500,249.43,238.1,250.25
2580,2021-02-08 14:39:00,245.75,245.75,245.75,245.75,75,1500,249.43,238.1,250.25
2581,2021-02-08 14:40:00,245.75,245.75,245.75,245.75,75,1500,249.43,238.1,250.25
2582,2021-02-08 14:41:00,245.75,245.75,245.75,245.75,75,1500,249.43,238.1,250.25
2583,2021-02-08 14:42:00,245.75,245.75,245.75,245.75,75,1500,249.43,238.1,250.25
2584,2021-02-08 14:43:00,245.75,245.75,245.75,245.75,75,1500,249.43,238.1,250.25
2585,2021-02-08 14:44:00,245.75,245.75,245.75,245.75,75,1500,249.43,238.1,250.25
2586,2021-02-08 14:45:00,245.75,245.75,245.75,245.75,75,1500,249.43,238.1,250.25
2587,2021-02-08 14:46:00,245.75,245.75,245.75,245.75,75,1500,249.43,238.1,250.25
2588,2021-02-08 14:47:00,245.75,245.75,245.75,245.75,75,1500,249.43,238.1,250.25
2589,2021-02-08 14:48:00,245.75,245.75,245.75,245.75,75,1500,249.43,238.1,250.25
2590,2021-02-08 14:49:00,245.75,245.75,245.75,245.75,75,1500,249.43,238.1,250.25
2591,2021-02-08 14:50:00,245.75,245.75,245.75,245.75,75,1500,249.43,238.1,250.25
2592,2021-02-08 14:51:00,245.75,245.75,245.75,245.75,75,1500,249.43,238.1,250.25
2593,2021-02-08 14:52:00,245.75,245.75,245.75,245.75,75,1500,249.43,238.1,250.25
2594,2021-02-08 14:53:00,245.75,245.75,245.75,245.75,75,1500,249.43,238.1,250.25
2595,2021-02-08 14:54:00,245.75,245.75,245.75,245.75,75,1500,249.43,238.1,250.25
2596,2021-02-08 14:55:00,245.75,245.75,245.75,245.75,75,1500,249.43,238.1,250.25
2597,2021-02-08 14:56:00,245.75,245.75,245.75,245.75,75,1500,249.43,238.1,250.25
2598,2021-02-08 14:57:00,245.75,245.75,245.75,245.75,75,1500,249.43,238.1,250.25
2599,2021-02-08 14:58:00,245.75,245.75,245.75,245.75,75,1500,249.43,238.1,250.25
2600,2021-02-08 14:59:00,245.75,245.75,245.75,245.75,75,1500,249.43,238.1,250.25
2601,2021-02-08 15:00:00,245.75,245.75,245.75,245.75,75,1500,249.43,238.1,250.25
2602,2021-02-08 15:01:00,245.75,245.75,245.75,245.75,75,1500,249.43,238.1,250.25
2603,2021-02-08 15:02:00,245.75,245.75,245.75,245.75,75,1500,249.43,238.1,250.25
2604,2021-02-08 15:03:00,245.75,245.75,245.75,245.75,75,1500,249.43,238.1,250.25
2605,2021-02-08 15:04:00,245.75,245.75,245.75,245.75,75,1500,249.43,238.1,250.25
2606,2021-02-08 15:05:00,245.75,245.75,245.75,245.75,75,1500,249.43,238.1,250.25
2607,2021-02-08 15:06:00,245.75,245.75,245.75,245.75,75,1500,249.43,238.1,250.25
2608,2021-02-08 15:07:00,245.75,245.75,245.75,245.75,75,1500,249.43,238.1,250.25
2609,2021-02-08 15:08:00,245.75,245.75,245.75,245.75,75,1500,249.43,238.1,250.25
2610,2021-02-08 15:09:00,245.75,245.75,245.75,245.75,75,1500,249.43,238.1,250.25
2611,2021-02-08 15:10:00,245.75,245.75,245.75,245.75,75,1500,249.43,238.1,250.25
2612,2021-02-08 15:11:00,245.75,245.75,245.75,245.75,75,1500,249.43,238.1,250.25
2613,2021-02-08 15:12:00,245.75,245.75,245.75,245.75,75,1500,249.43,238.1,250.25
2614,2021-02-08 15:13:00,245.75,245.75,245.75,245.75,75,1500,249.43,238.1,250.25
2615,2021-02-08 15:14:00,245.75,245.75,245.75,245.75,75,1500,249.43,238.1,250.25
2616,2021-02-08 15:15:00,245.75,245.75,245.75,245.75,75,1500,249.43,238.1,250.25
2617,2021-02-08 15:16:00,245.75,245.75,245.75,245.75,75,1500,249.43,238.1,250.25
2618,2021-02-08 15:17:00,245.75,245.75,245.75,245.75,75,1500,249.43,238.1,250.25
2619,2021-02-08 15:18:00,249.7,249.7,249.7,249.7,75,1575,249.47,242.8,253.15
2620,2021-02-08 15:19:00,249.7,249.7,249.7,249.7,75,1575,249.47,242.8,253.15
2621,2021-02-08 15:20:00,249.7,249.7,249.7,249.7,75,1575,249.47,242.8,253.15
2622,2021-02-08 15:21:00,249.7,249.7,249.7,249.7,75,1575,249.47,242.8,253.15
2623,2021-02-08 15:22:00,249.7,249.7,249.7,249.7,75,1575,249.47,242.8,253.15
2624,2021-02-08 15:23:00,249.7,249.7,249.7,249.7,75,1575,249.47,242.8,253.15
2625,2021-02-08 15:24:00,249.7,249.7,249.7,249.7,75,1575,249.47,242.8,253.15
2626,2021-02-08 15:25:00,249.7,249.7,249.7,249.7,75,1575,249.47,242.8,253.15
2627,2021-02-08 15:26:00,249.7,249.7,249.7,249.7,75,1575,249.47,242.8,253.15
2628,2021-02-08 15:27:00,249.7,249.7,249.7,249.7,75,1575,249.47,242.8,253.15
2629,2021-02-08 15:28:00,249.7,249.7,249.7,249.7,75,1575,249.47,242.8,253.15
2630,2021-02-08 15:29:00,249.7,249.7,249.7,249.7,75,1575,249.47,242.8,253.15
2631,2021-02-08 15:30:00,249.7,249.7,249.7,249.7,75,1575,249.47,242.8,253.15
2632,2021-02-09 09:15:00,249.7,249.7,249.7,249.7,75,1575,249.47,242.8,253.15
2633,2021-02-09 09:16:00,249.7,249.7,249.7,249.7,75,1575,249.47,242.8,253.15
2634,2021-02-09 09:17:00,249.7,249.7,249.7,249.7,75,1575,249.47,242.8,253.15
2635,2021-02-09 09:18:00,249.7,249.7,249.7,249.7,75,1575,249.47,242.8,253.15
2636,2021-02-09 09:19:00,249.7,249.7,249.7,249.7,75,1575,249.47,242.8,253.15
2637,2021-02-09 09:20:00,249.7,249.7,249.7,249.7,75,1575,249.47,242.8,253.15
2638,2021-02-09 09:21:00,249.7,249.7,249.7,249.7,75,1575,249.47,242.8,253.15
2639,2021-02-09 09:22:00,249.7,249.7,249.7,249.7,75,1575,249.47,242.8,253.15
2640,2021-02-09 09:23:00,249.7,249.7,249.7,249.7,75,1575,249.47,242.8,253.15
2641,2021-02-09 09:24:00,249.7,249.7,249.7,249.7,75,1575,249.47,242.8,253.15
2642,2021-02-09 09:25:00,249.7,249.7,249.7,249.7,75,1575,249.47,242.8,253.15
2643,2021-02-09 09:26:00,249.7,249.7,249.7,249.7,75,1575,249.47,242.8,253.15
2644,2021-02-09 09:27:00,249.7,249.7,249.7,249.7,75,1575,249.47,242.8,253.15
2645,2021-02-09 09:28:00,249.7,249.7,249.7,249.7,75,1575,249.47,242.8,253.15
2646,2021-02-09 09:29:00,249.7,249.7,249.7,249.7,75,1575,249.47,242.8,253.15
2647,2021-02-09 09:30:00,249.7,249.7,249.7,249.7,75,1575,249.47,242.8,253.15
2648,2021-02-09 09:31:00,249.7,249.7,249.7,249.7,75,1575,249.47,242.8,253.15
2649,2021-02-09 09:32:00,230.0,230.0,230.0,230.0,150,1500,230.0,227.85,239.65
2650,2021-02-09 09:33:00,230.0,230.0,230.0,230.0,150,1500,230.0,227.85,239.65
2651,2021-02-09 09:34:00,230.0,230.0,230.0,230.0,150,1500,230.0,227.85,239.65
2652,2021-02-09 09:35:00,230.0,230.0,230.0,230.0,150,1500,230.0,227.85,239.65
2653,2021-02-09 09:36:00,230.0,230.0,230.0,230.0,150,1500,230.0,227.85,239.65
2654,2021-02-09 09:37:00,230.0,230.0,230.0,230.0,150,1500,230.0,227.85,239.65
2655,2021-02-09 09:38:00,230.0,230.0,230.0,230.0,150,1500,230.0,227.85,239.65
2656,2021-02-09 09:39:00,230.0,230.0,230.0,230.0,150,1500,230.0,227.85,239.65
2657,2021-02-09 09:40:00,230.0,230.0,230.0,230.0,150,1500,230.0,227.85,239.65
2658,2021-02-09 09:41:00,230.0,230.0,230.0,230.0,150,1500,230.0,227.85,239.65
2659,2021-02-09 09:42:00,230.0,230.0,230.0,230.0,150,1500,230.0,227.85,239.65
2660,2021-02-09 09:43:00,230.0,230.0,230.0,230.0,150,1500,230.0,227.85,239.65
2661,2021-02-09 09:44:00,230.0,230.0,230.0,230.0,150,1500,230.0,227.85,239.65
2662,2021-02-09 09:45:00,230.0,230.0,230.0,230.0,150,1500,230.0,227.85,239.65
2663,2021-02-09 09:46:00,230.0,230.0,230.0,230.0,150,1500,230.0,227.85,239.65
2664,2021-02-09 09:47:00,230.0,230.0,230.0,230.0,150,1500,230.0,227.85,239.65
2665,2021-02-09 09:48:00,230.0,230.0,230.0,230.0,150,1500,230.0,227.85,239.65
2666,2021-02-09 09:49:00,230.0,230.0,230.0,230.0,150,1500,230.0,227.85,239.65
2667,2021-02-09 09:50:00,230.0,230.0,230.0,230.0,150,1500,230.0,227.85,239.65
2668,2021-02-09 09:51:00,230.0,230.0,230.0,230.0,150,1500,230.0,227.85,239.65
2669,2021-02-09 09:52:00,230.0,230.0,230.0,230.0,150,1500,230.0,227.85,239.65
2670,2021-02-09 09:53:00,230.0,230.0,230.0,230.0,150,1500,230.0,227.85,239.65
2671,2021-02-09 09:54:00,230.0,230.0,230.0,230.0,150,1500,230.0,227.85,239.65
2672,2021-02-09 09:55:00,230.0,230.0,230.0,230.0,150,1500,230.0,227.85,239.65
2673,2021-02-09 09:56:00,230.0,230.0,230.0,230.0,150,1500,230.0,227.85,239.65
2674,2021-02-09 09:57:00,230.0,230.0,230.0,230.0,150,1500,230.0,227.85,239.65
2675,2021-02-09 09:58:00,230.0,230.0,230.0,230.0,150,1500,230.0,227.85,239.65
2676,2021-02-09 09:59:00,230.0,230.0,230.0,230.0,150,1500,230.0,227.85,239.65
2677,2021-02-09 10:00:00,230.0,230.0,230.0,230.0,150,1500,230.0,227.85,239.65
2678,2021-02-09 10:01:00,230.0,230.0,230.0,230.0,150,1500,230.0,227.85,239.65
2679,2021-02-09 10:02:00,230.0,230.0,230.0,230.0,150,1500,230.0,227.85,239.65
2680,2021-02-09 10:03:00,230.0,230.0,230.0,230.0,150,1500,230.0,227.85,239.65
2681,2021-02-09 10:04:00,230.0,230.0,230.0,230.0,150,1500,230.0,227.85,239.65
2682,2021-02-09 10:05:00,230.0,230.0,230.0,230.0,150,1500,230.0,227.85,239.65
2683,2021-02-09 10:06:00,230.0,230.0,230.0,230.0,150,1500,230.0,227.85,239.65
2684,2021-02-09 10:07:00,230.0,230.0,230.0,230.0,150,1500,230.0,227.85,239.65
2685,2021-02-09 10:08:00,230.0,230.0,230.0,230.0,150,1500,230.0,227.85,239.65
2686,2021-02-09 10:09:00,230.0,230.0,230.0,230.0,150,1500,230.0,227.85,239.65
2687,2021-02-09 10:10:00,230.0,230.0,230.0,230.0,150,1500,230.0,227.85,239.65
2688,2021-02-09 10:11:00,230.0,230.0,230.0,230.0,150,1500,230.0,227.85,239.65
2689,2021-02-09 10:12:00,230.0,230.0,230.0,230.0,150,1500,230.0,227.85,239.65
2690,2021-02-09 10:13:00,230.0,230.0,230.0,230.0,150,1500,230.0,227.85,239.65
2691,2021-02-09 10:14:00,230.0,230.0,230.0,230.0,150,1500,230.0,227.85,239.65
2692,2021-02-09 10:15:00,230.0,230.0,230.0,230.0,150,1500,230.0,227.85,239.65
2693,2021-02-09 10:16:00,230.0,230.0,230.0,230.0,150,1500,230.0,227.85,239.65
2694,2021-02-09 10:17:00,230.0,230.0,230.0,230.0,150,1500,230.0,227.85,239.65
2695,2021-02-09 10:18:00,230.0,230.0,230.0,230.0,150,1500,230.0,227.85,239.65
2696,2021-02-09 10:19:00,230.0,230.0,230.0,230.0,150,1500,230.0,227.85,239.65
2697,2021-02-09 10:20:00,230.0,230.0,230.0,230.0,150,1500,230.0,227.85,239.65
2698,2021-02-09 10:21:00,230.0,230.0,230.0,230.0,150,1500,230.0,227.85,239.65
2699,2021-02-09 10:22:00,230.0,230.0,230.0,230.0,150,1500,230.0,227.85,239.65
2700,2021-02-09 10:23:00,230.0,230.0,230.0,230.0,150,1500,230.0,227.85,239.65
2701,2021-02-09 10:24:00,230.0,230.0,230.0,230.0,150,1500,230.0,227.85,239.65
2702,2021-02-09 10:25:00,230.0,230.0,230.0,230.0,150,1500,230.0,227.85,239.65
2703,2021-02-09 10:26:00,239.2,239.2,239.2,239.2,75,1500,233.06,229.35,240.95
2704,2021-02-09 10:27:00,239.2,239.2,239.2,239.2,75,1500,233.06,229.35,240.95
2705,2021-02-09 10:28:00,239.2,239.2,239.2,239.2,75,1500,233.06,229.35,240.95
2706,2021-02-09 10:29:00,239.2,239.2,239.2,239.2,75,1500,233.06,229.35,240.95
2707,2021-02-09 10:30:00,239.2,239.2,239.2,239.2,75,1500,233.06,229.35,240.95
2708,2021-02-09 10:31:00,239.2,239.2,239.2,239.2,75,1500,233.06,229.35,240.95
2709,2021-02-09 10:32:00,239.2,239.2,239.2,239.2,75,1500,233.06,229.35,240.95
2710,2021-02-09 10:33:00,239.2,239.2,239.2,239.2,75,1500,233.06,229.35,240.95
2711,2021-02-09 10:34:00,239.2,239.2,239.2,239.2,75,1500,233.06,229.35,240.95
2712,2021-02-09 10:35:00,239.2,239.2,239.2,239.2,75,1500,233.06,229.35,240.95
2713,2021-02-09 10:36:00,239.2,239.2,239.2,239.2,75,1500,233.06,229.35,240.95
2714,2021-02-09 10:37:00,239.2,239.2,239.2,239.2,75,1500,233.06,229.35,240.95
2715,2021-02-09 10:38:00,239.2,239.2,239.2,239.2,75,1500,233.06,229.35,240.95
2716,2021-02-09 10:39:00,239.2,239.2,239.2,239.2,75,1500,233.06,229.35,240.95
2717,2021-02-09 10:40:00,239.2,239.2,239.2,239.2,75,1500,233.06,229.35,240.95
2718,2021-02-09 10:41:00,239.2,239.2,239.2,239.2,75,1500,233.06,229.35,240.95
2719,2021-02-09 10:42:00,239.2,239.2,239.2,239.2,75,1500,233.06,229.35,240.95
2720,2021-02-09 10:43:00,239.2,239.2,239.2,239.2,75,1500,233.06,229.35,240.95
2721,2021-02-09 10:44:00,239.2,239.2,239.2,239.2,75,1500,233.06,229.35,240.95
2722,2021-02-09 10:45:00,239.2,239.2,239.2,239.2,75,1500,233.06,229.35,240.95
2723,2021-02-09 10:46:00,239.2,239.2,239.2,239.2,75,1500,233.06,229.35,240.95
2724,2021-02-09 10:47:00,239.2,239.2,239.2,239.2,75,1500,233.06,229.35,240.95
2725,2021-02-09 10:48:00,239.2,239.2,239.2,239.2,75,1500,233.06,229.35,240.95
2726,2021-02-09 10:49:00,239.2,239.2,239.2,239.2,75,1500,233.06,229.35,240.95
2727,2021-02-09 10:50:00,239.2,239.2,239.2,239.2,75,1500,233.06,229.35,240.95
2728,2021-02-09 10:51:00,239.2,239.2,239.2,239.2,75,1500,233.06,229.35,240.95
2729,2021-02-09 10:52:00,239.2,239.2,239.2,239.2,75,1500,233.06,229.35,240.95
2730,2021-02-09 10:53:00,239.2,239.2,239.2,239.2,75,1500,233.06,229.35,240.95
2731,2021-02-09 10:54:00,239.2,239.2,239.2,239.2,75,1500,233.06,229.35,240.95
2732,2021-02-09 10:55:00,239.2,239.2,239.2,239.2,75,1500,233.06,229.35,240.95
2733,2021-02-09 10:56:00,239.2,239.2,239.2,239.2,75,1500,233.06,229.35,240.95
2734,2021-02-09 10:57:00,239.2,239.2,239.2,239.2,75,1500,233.06,229.35,240.95
2735,2021-02-09 10:58:00,239.2,239.2,239.2,239.2,75,1500,233.06,229.35,240.95
2736,2021-02-09 10:59:00,239.2,239.2,239.2,239.2,75,1500,233.06,229.35,240.95
2737,2021-02-09 11:00:00,239.2,239.2,239.2,239.2,75,1500,233.06,229.35,240.95
2738,2021-02-09 11:01:00,239.2,239.2,239.2,239.2,75,1500,233.06,229.35,240.95
2739,2021-02-09 11:02:00,239.2,239.2,239.2,239.2,75,1500,233.06,229.35,240.95
2740,2021-02-09 11:03:00,239.2,239.2,239.2,239.2,75,1500,233.06,229.35,240.95
2741,2021-02-09 11:04:00,239.2,239.2,239.2,239.2,75,1500,233.06,229.35,240.95
2742,2021-02-09 11:05:00,239.2,239.2,239.2,239.2,75,1500,233.06,229.35,240.95
2743,2021-02-09 11:06:00,239.2,239.2,239.2,239.2,75,1500,233.06,229.35,240.95
2744,2021-02-09 11:07:00,239.2,239.2,239.2,239.2,75,1500,233.06,229.35,240.95
2745,2021-02-09 11:08:00,239.2,239.2,239.2,239.2,75,1500,233.06,229.35,240.95
2746,2021-02-09 11:09:00,239.2,239.2,239.2,239.2,75,1500,233.06,229.35,240.95
2747,2021-02-09 11:10:00,239.2,239.2,239.2,239.2,75,1500,233.06,229.35,240.95
2748,2021-02-09 11:11:00,239.2,239.2,239.2,239.2,75,1500,233.06,229.35,240.95
2749,2021-02-09 11:12:00,239.2,239.2,239.2,239.2,75,1500,233.06,229.35,240.95
2750,2021-02-09 11:13:00,239.2,239.2,239.2,239.2,75,1500,233.06,229.35,240.95
2751,2021-02-09 11:14:00,239.2,239.2,239.2,239.2,75,1500,233.06,229.35,240.95
2752,2021-02-09 11:15:00,239.2,239.2,239.2,239.2,75,1500,233.06,229.35,240.95
2753,2021-02-09 11:16:00,239.2,239.2,239.2,239.2,75,1500,233.06,229.35,240.95
2754,2021-02-09 11:17:00,239.2,239.2,239.2,239.2,75,1500,233.06,229.35,240.95
2755,2021-02-09 11:18:00,239.2,239.2,239.2,239.2,75,1500,233.06,229.35,240.95
2756,2021-02-09 11:19:00,239.2,239.2,239.2,239.2,75,1500,233.06,229.35,240.95
2757,2021-02-09 11:20:00,239.2,239.2,239.2,239.2,75,1500,233.06,229.35,240.95
2758,2021-02-09 11:21:00,239.2,239.2,239.2,239.2,75,1500,233.06,229.35,240.95
2759,2021-02-09 11:22:00,239.2,239.2,239.2,239.2,75,1500,233.06,229.35,240.95
2760,2021-02-09 11:23:00,239.2,239.2,239.2,239.2,75,1500,233.06,229.35,240.95
2761,2021-02-09 11:24:00,239.2,239.2,239.2,239.2,75,1500,233.06,229.35,240.95
2762,2021-02-09 11:25:00,239.2,239.2,239.2,239.2,75,1500,233.06,229.35,240.95
2763,2021-02-09 11:26:00,239.2,239.2,239.2,239.2,75,1500,233.06,229.35,240.95
2764,2021-02-09 11:27:00,239.2,239.2,239.2,239.2,75,1500,233.06,229.35,240.95
2765,2021-02-09 11:28:00,239.2,239.2,239.2,239.2,75,1500,233.06,229.35,240.95
2766,2021-02-09 11:29:00,239.2,239.2,239.2,239.2,75,1500,233.06,229.35,240.95
2767,2021-02-09 11:30:00,239.2,239.2,239.2,239.2,75,1500,233.06,229.35,240.95
2768,2021-02-09 11:31:00,239.2,239.2,239.2,239.2,75,1500,233.06,229.35,240.95
2769,2021-02-09 11:32:00,239.2,239.2,239.2,239.2,75,1500,233.06,229.35,240.95
2770,2021-02-09 11:33:00,239.2,239.2,239.2,239.2,75,1500,233.06,229.35,240.95
2771,2021-02-09 11:34:00,239.2,239.2,239.2,239.2,75,1500,233.06,229.35,240.95
2772,2021-02-09 11:35:00,239.2,239.2,239.2,239.2,75,1500,233.06,229.35,240.95
2773,2021-02-09 11:36:00,239.2,239.2,239.2,239.2,75,1500,233.06,229.35,240.95
2774,2021-02-09 11:37:00,239.2,239.2,239.2,239.2,75,1500,233.06,229.35,240.95
2775,2021-02-09 11:38:00,239.2,239.2,239.2,239.2,75,1500,233.06,229.35,240.95
2776,2021-02-09 11:39:00,239.2,239.2,239.2,239.2,75,1500,233.06,229.35,240.95
2777,2021-02-09 11:40:00,239.2,239.2,239.2,239.2,75,1500,233.06,229.35,240.95
2778,2021-02-09 11:41:00,239.2,239.2,239.2,239.2,75,1500,233.06,229.35,240.95
2779,2021-02-09 11:42:00,239.2,239.2,239.2,239.2,75,1500,233.06,229.35,240.95
2780,2021-02-09 11:43:00,239.2,239.2,239.2,239.2,75,1500,233.06,229.35,240.95
2781,2021-02-09 11:44:00,239.2,239.2,239.2,239.2,75,1500,233.06,229.35,240.95
2782,2021-02-09 11:45:00,239.2,239.2,239.2,239.2,75,1500,233.06,229.35,240.95
2783,2021-02-09 11:46:00,239.2,239.2,239.2,239.2,75,1500,233.06,229.35,240.95
2784,2021-02-09 11:47:00,239.2,239.2,239.2,239.2,75,1500,233.06,229.35,240.95
2785,2021-02-09 11:48:00,239.2,239.2,239.2,239.2,75,1500,233.06,229.35,240.95
2786,2021-02-09 11:49:00,239.2,239.2,239.2,239.2,75,1500,233.06,229.35,240.95
2787,2021-02-09 11:50:00,239.2,239.2,239.2,239.2,75,1500,233.06,229.35,240.95
2788,2021-02-09 11:51:00,239.2,239.2,239.2,239.2,75,1500,233.06,229.35,240.95
2789,2021-02-09 11:52:00,239.2,239.2,239.2,239.2,75,1500,233.06,229.35,240.95
2790,2021-02-09 11:53:00,239.2,239.2,239.2,239.2,75,1500,233.06,229.35,240.95
2791,2021-02-09 11:54:00,239.2,239.2,239.2,239.2,75,1500,233.06,229.35,240.95
2792,2021-02-09 11:55:00,239.2,239.2,239.2,239.2,75,1500,233.06,229.35,240.95
2793,2021-02-09 11:56:00,239.2,239.2,239.2,239.2,75,1500,233.06,229.35,240.95
2794,2021-02-09 11:57:00,239.2,239.2,239.2,239.2,75,1500,233.06,229.35,240.95
2795,2021-02-09 11:58:00,239.2,239.2,239.2,239.2,75,1500,233.06,229.35,240.95
2796,2021-02-09 11:59:00,239.2,239.2,239.2,239.2,75,1500,233.06,229.35,240.95
2797,2021-02-09 12:00:00,239.2,239.2,239.2,239.2,75,1500,233.06,229.35,240.95
2798,2021-02-09 12:01:00,239.2,239.2,239.2,239.2,75,1500,233.06,229.35,240.95
2799,2021-02-09 12:02:00,239.2,239.2,239.2,239.2,75,1500,233.06,229.35,240.95
2800,2021-02-09 12:03:00,239.2,239.2,239.2,239.2,75,1500,233.06,229.35,240.95
2801,2021-02-09 12:04:00,239.2,239.2,239.2,239.2,75,1500,233.06,229.35,240.95
2802,2021-02-09 12:05:00,239.2,239.2,239.2,239.2,75,1500,233.06,229.35,240.95
2803,2021-02-09 12:06:00,239.2,239.2,239.2,239.2,75,1500,233.06,229.35,240.95
2804,2021-02-09 12:07:00,239.2,239.2,239.2,239.2,75,1500,233.06,229.35,240.95
2805,2021-02-09 12:08:00,239.2,239.2,239.2,239.2,75,1500,233.06,229.35,240.95
2806,2021-02-09 12:09:00,239.2,239.2,239.2,239.2,75,1500,233.06,229.35,240.95
2807,2021-02-09 12:10:00,239.2,239.2,239.2,239.2,75,1500,233.06,229.35,240.95
2808,2021-02-09 12:11:00,239.2,239.2,239.2,239.2,75,1500,233.06,229.35,240.95
2809,2021-02-09 12:12:00,239.2,239.2,239.2,239.2,75,1500,233.06,229.35,240.95
2810,2021-02-09 12:13:00,239.2,239.2,239.2,239.2,75,1500,233.06,229.35,240.95
2811,2021-02-09 12:14:00,239.2,239.2,239.2,239.2,75,1500,233.06,229.35,240.95
2812,2021-02-09 12:15:00,239.2,239.2,239.2,239.2,75,1500,233.06,229.35,240.95
2813,2021-02-09 12:16:00,239.2,239.2,239.2,239.2,75,1500,233.06,229.35,240.95
2814,2021-02-09 12:17:00,239.2,239.2,239.2,239.2,75,1500,233.06,229.35,240.95
2815,2021-02-09 12:18:00,239.2,239.2,239.2,239.2,75,1500,233.06,229.35,240.95
2816,2021-02-09 12:19:00,239.2,239.2,239.2,239.2,75,1500,233.06,229.35,240.95
2817,2021-02-09 12:20:00,239.2,239.2,239.2,239.2,75,1500,233.06,229.35,240.95
2818,2021-02-09 12:21:00,239.2,239.2,239.2,239.2,75,1500,233.06,229.35,240.95
2819,2021-02-09 12:22:00,239.2,239.2,239.2,239.2,75,1500,233.06,229.35,240.95
2820,2021-02-09 12:23:00,239.2,239.2,239.2,239.2,75,1500,233.06,229.35,240.95
2821,2021-02-09 12:24:00,239.2,239.2,239.2,239.2,75,1500,233.06,229.35,240.95
2822,2021-02-09 12:25:00,239.2,239.2,239.2,239.2,75,1500,233.06,229.35,240.95
2823,2021-02-09 12:26:00,239.2,239.2,239.2,239.2,75,1500,233.06,229.35,240.95
2824,2021-02-09 12:27:00,239.2,239.2,239.2,239.2,75,1500,233.06,229.35,240.95
2825,2021-02-09 12:28:00,239.2,239.2,239.2,239.2,75,1500,233.06,229.35,240.95
2826,2021-02-09 12:29:00,239.2,239.2,239.2,239.2,75,1500,233.06,229.35,240.95
2827,2021-02-09 12:30:00,239.2,239.2,239.2,239.2,75,1500,233.06,229.35,240.95
2828,2021-02-09 12:31:00,239.2,239.2,239.2,239.2,75,1500,233.06,229.35,240.95
2829,2021-02-09 12:32:00,239.2,239.2,239.2,239.2,75,1500,233.06,229.35,240.95
2830,2021-02-09 12:33:00,239.2,239.2,239.2,239.2,75,1500,233.06,229.35,240.95
2831,2021-02-09 12:34:00,239.2,239.2,239.2,239.2,75,1500,233.06,229.35,240.95
2832,2021-02-09 12:35:00,239.2,239.2,239.2,239.2,75,1500,233.06,229.35,240.95
2833,2021-02-09 12:36:00,239.2,239.2,239.2,239.2,75,1500,233.06,229.35,240.95
2834,2021-02-09 12:37:00,239.2,239.2,239.2,239.2,75,1500,233.06,229.35,240.95
2835,2021-02-09 12:38:00,239.2,239.2,239.2,239.2,75,1500,233.06,229.35,240.95
2836,2021-02-09 12:39:00,239.2,239.2,239.2,239.2,75,1500,233.06,229.35,240.95
2837,2021-02-09 12:40:00,239.2,239.2,239.2,239.2,75,1500,233.06,229.35,240.95
2838,2021-02-09 12:41:00,239.2,239.2,239.2,239.2,75,1500,233.06,229.35,240.95
2839,2021-02-09 12:42:00,239.2,239.2,239.2,239.2,75,1500,233.06,229.35,240.95
2840,2021-02-09 12:43:00,239.2,239.2,239.2,239.2,75,1500,233.06,229.35,240.95
2841,2021-02-09 12:44:00,239.2,239.2,239.2,239.2,75,1500,233.06,229.35,240.95
2842,2021-02-09 12:45:00,239.2,239.2,239.2,239.2,75,1500,233.06,229.35,240.95
2843,2021-02-09 12:46:00,239.2,239.2,239.2,239.2,75,1500,233.06,229.35,240.95
2844,2021-02-09 12:47:00,239.2,239.2,239.2,239.2,75,1500,233.06,229.35,240.95
2845,2021-02-09 12:48:00,239.2,239.2,239.2,239.2,75,1500,233.06,229.35,240.95
2846,2021-02-09 12:49:00,239.2,239.2,239.2,239.2,75,1500,233.06,229.35,240.95
2847,2021-02-09 12:50:00,239.2,239.2,239.2,239.2,75,1500,233.06,229.35,240.95
2848,2021-02-09 12:51:00,239.2,239.2,239.2,239.2,75,1500,233.06,229.35,240.95
2849,2021-02-09 12:52:00,239.2,239.2,239.2,239.2,75,1500,233.06,229.35,240.95
2850,2021-02-09 12:53:00,239.2,239.2,239.2,239.2,75,1500,233.06,229.35,240.95
2851,2021-02-09 12:54:00,239.2,239.2,239.2,239.2,75,1500,233.06,229.35,240.95
2852,2021-02-09 12:55:00,239.2,239.2,239.2,239.2,75,1500,233.06,229.35,240.95
2853,2021-02-09 12:56:00,239.2,239.2,239.2,239.2,75,1500,233.06,229.35,240.95
2854,2021-02-09 12:57:00,239.2,239.2,239.2,239.2,75,1500,233.06,229.35,240.95
2855,2021-02-09 12:58:00,222.7,222.7,222.7,222.7,75,1500,230.47,218.1,235.8
2856,2021-02-09 12:59:00,222.7,222.7,222.7,222.7,75,1500,230.47,218.1,235.8
2857,2021-02-09 13:00:00,222.7,222.7,222.7,222.7,75,1500,230.47,218.1,235.8
2858,2021-02-09 13:01:00,222.7,222.7,222.7,222.7,75,1500,230.47,218.1,235.8
2859,2021-02-09 13:02:00,222.7,222.7,222.7,222.7,75,1500,230.47,218.1,235.8
2860,2021-02-09 13:03:00,222.7,222.7,222.7,222.7,75,1500,230.47,218.1,235.8
2861,2021-02-09 13:04:00,222.7,222.7,222.7,222.7,75,1500,230.47,218.1,235.8
2862,2021-02-09 13:05:00,222.7,222.7,222.7,222.7,75,1500,230.47,218.1,235.8
2863,2021-02-09 13:06:00,222.7,222.7,222.7,222.7,75,1500,230.47,218.1,235.8
2864,2021-02-09 13:07:00,222.7,222.7,222.7,222.7,75,1500,230.47,218.1,235.8
2865,2021-02-09 13:08:00,222.7,222.7,222.7,222.7,75,1500,230.47,218.1,235.8
2866,2021-02-09 13:09:00,222.7,222.7,222.7,222.7,75,1500,230.47,218.1,235.8
2867,2021-02-09 13:10:00,222.7,222.7,222.7,222.7,75,1500,230.47,218.1,235.8
2868,2021-02-09 13:11:00,222.7,222.7,222.7,222.7,75,1500,230.47,218.1,235.8
2869,2021-02-09 13:12:00,222.7,222.7,222.7,222.7,75,1500,230.47,218.1,235.8
2870,2021-02-09 13:13:00,222.7,222.7,222.7,222.7,75,1500,230.47,218.1,235.8
2871,2021-02-09 13:14:00,222.7,222.7,222.7,222.7,75,1500,230.47,218.1,235.8
2872,2021-02-09 13:15:00,222.7,222.7,222.7,222.7,75,1500,230.47,218.1,235.8
2873,2021-02-09 13:16:00,222.7,222.7,222.7,222.7,75,1500,230.47,218.1,235.8
2874,2021-02-09 13:17:00,222.7,222.7,222.7,222.7,75,1500,230.47,218.1,235.8
2875,2021-02-09 13:18:00,222.7,222.7,222.7,222.7,75,1500,230.47,218.1,235.8
2876,2021-02-09 13:19:00,222.7,222.7,222.7,222.7,75,1500,230.47,218.1,235.8
2877,2021-02-09 13:20:00,222.7,222.7,222.7,222.7,75,1500,230.47,218.1,235.8
2878,2021-02-09 13:21:00,222.7,222.7,222.7,222.7,75,1500,230.47,218.1,235.8
2879,2021-02-09 13:22:00,222.7,222.7,222.7,222.7,75,1500,230.47,218.1,235.8
2880,2021-02-09 13:23:00,222.7,222.7,222.7,222.7,75,1500,230.47,218.1,235.8
2881,2021-02-09 13:24:00,222.7,222.7,222.7,222.7,75,1500,230.47,218.1,235.8
2882,2021-02-09 13:25:00,222.7,222.7,222.7,222.7,75,1500,230.47,218.1,235.8
2883,2021-02-09 13:26:00,222.7,222.7,222.7,222.7,75,1500,230.47,218.1,235.8
2884,2021-02-09 13:27:00,222.7,222.7,222.7,222.7,75,1500,230.47,218.1,235.8
2885,2021-02-09 13:28:00,222.7,222.7,222.7,222.7,75,1500,230.47,218.1,235.8
2886,2021-02-09 13:29:00,222.7,222.7,222.7,222.7,75,1500,230.47,218.1,235.8
2887,2021-02-09 13:30:00,222.7,222.7,222.7,222.7,75,1500,230.47,218.1,235.8
2888,2021-02-09 13:31:00,222.7,222.7,222.7,222.7,75,1500,230.47,218.1,235.8
2889,2021-02-09 13:32:00,222.7,222.7,222.7,222.7,75,1500,230.47,218.1,235.8
2890,2021-02-09 13:33:00,222.7,222.7,222.7,222.7,75,1500,230.47,218.1,235.8
2891,2021-02-09 13:34:00,222.7,222.7,222.7,222.7,75,1500,230.47,218.1,235.8
2892,2021-02-09 13:35:00,222.7,222.7,222.7,222.7,75,1500,230.47,218.1,235.8
2893,2021-02-09 13:36:00,222.7,222.7,222.7,222.7,75,1500,230.47,218.1,235.8
2894,2021-02-09 13:37:00,222.7,222.7,222.7,222.7,75,1500,230.47,218.1,235.8
2895,2021-02-09 13:38:00,222.7,222.7,222.7,222.7,75,1500,230.47,218.1,235.8
2896,2021-02-09 13:39:00,222.7,222.7,222.7,222.7,75,1500,230.47,218.1,235.8
2897,2021-02-09 13:40:00,222.7,222.7,222.7,222.7,75,1500,230.47,218.1,235.8
2898,2021-02-09 13:41:00,222.7,222.7,222.7,222.7,75,1500,230.47,218.1,235.8
2899,2021-02-09 13:42:00,222.7,222.7,222.7,222.7,75,1500,230.47,218.1,235.8
2900,2021-02-09 13:43:00,222.7,222.7,222.7,222.7,75,1500,230.47,218.1,235.8
2901,2021-02-09 13:44:00,222.7,222.7,222.7,222.7,75,1500,230.47,218.1,235.8
2902,2021-02-09 13:45:00,222.7,222.7,222.7,222.7,75,1500,230.47,218.1,235.8
2903,2021-02-09 13:46:00,222.7,222.7,222.7,222.7,75,1500,230.47,218.1,235.8
2904,2021-02-09 13:47:00,222.7,222.7,222.7,222.7,75,1500,230.47,218.1,235.8
2905,2021-02-09 13:48:00,222.7,222.7,222.7,222.7,75,1500,230.47,218.1,235.8
2906,2021-02-09 13:49:00,222.7,222.7,222.7,222.7,75,1500,230.47,218.1,235.8
2907,2021-02-09 13:50:00,222.7,222.7,222.7,222.7,75,1500,230.47,218.1,235.8
2908,2021-02-09 13:51:00,222.7,222.7,222.7,222.7,75,1500,230.47,218.1,235.8
2909,2021-02-09 13:52:00,222.7,222.7,222.7,222.7,75,1500,230.47,218.1,235.8
2910,2021-02-09 13:53:00,222.7,222.7,222.7,222.7,75,1500,230.47,218.1,235.8
2911,2021-02-09 13:54:00,222.7,222.7,222.7,222.7,75,1500,230.47,218.1,235.8
2912,2021-02-09 13:55:00,222.7,222.7,222.7,222.7,75,1500,230.47,218.1,235.8
2913,2021-02-09 13:56:00,222.7,222.7,222.7,222.7,75,1500,230.47,218.1,235.8
2914,2021-02-09 13:57:00,222.7,222.7,222.7,222.7,75,1500,230.47,218.1,235.8
2915,2021-02-09 13:58:00,222.7,222.7,222.7,222.7,75,1500,230.47,218.1,235.8
2916,2021-02-09 13:59:00,222.7,222.7,222.7,222.7,75,1500,230.47,218.1,235.8
2917,2021-02-09 14:00:00,222.7,222.7,222.7,222.7,75,1500,230.47,218.1,235.8
2918,2021-02-09 14:01:00,222.7,222.7,222.7,222.7,75,1500,230.47,218.1,235.8
2919,2021-02-09 14:02:00,222.7,222.7,222.7,222.7,75,1500,230.47,218.1,235.8
2920,2021-02-09 14:03:00,222.7,222.7,222.7,222.7,75,1500,230.47,218.1,235.8
2921,2021-02-09 14:04:00,222.7,222.7,222.7,222.7,75,1500,230.47,218.1,235.8
2922,2021-02-09 14:05:00,222.7,222.7,222.7,222.7,75,1500,230.47,218.1,235.8
2923,2021-02-09 14:06:00,222.7,222.7,222.7,222.7,75,1500,230.47,218.1,235.8
2924,2021-02-09 14:07:00,222.7,222.7,222.7,222.7,75,1500,230.47,218.1,235.8
2925,2021-02-09 14:08:00,222.7,222.7,222.7,222.7,75,1500,230.47,218.1,235.8
2926,2021-02-09 14:09:00,222.7,222.7,222.7,222.7,75,1500,230.47,218.1,235.8
2927,2021-02-09 14:10:00,222.7,222.7,222.7,222.7,75,1500,230.47,218.1,235.8
2928,2021-02-09 14:11:00,222.7,222.7,222.7,222.7,75,1500,230.47,218.1,235.8
2929,2021-02-09 14:12:00,222.7,222.7,222.7,222.7,75,1500,230.47,218.1,235.8
2930,2021-02-09 14:13:00,222.7,222.7,222.7,222.7,75,1500,230.47,218.1,235.8
2931,2021-02-09 14:14:00,222.7,222.7,222.7,222.7,75,1500,230.47,218.1,235.8
2932,2021-02-09 14:15:00,222.7,222.7,222.7,222.7,75,1500,230.47,218.1,235.8
2933,2021-02-09 14:16:00,222.7,222.7,222.7,222.7,75,1500,230.47,218.1,235.8
2934,2021-02-09 14:17:00,222.7,222.7,222.7,222.7,75,1500,230.47,218.1,235.8
2935,2021-02-09 14:18:00,222.7,222.7,222.7,222.7,75,1500,230.47,218.1,235.8
2936,2021-02-09 14:19:00,222.7,222.7,222.7,222.7,75,1500,230.47,218.1,235.8
2937,2021-02-09 14:20:00,222.7,222.7,222.7,222.7,75,1500,230.47,218.1,235.8
2938,2021-02-09 14:21:00,222.7,222.7,222.7,222.7,75,1500,230.47,218.1,235.8
2939,2021-02-09 14:22:00,222.7,222.7,222.7,222.7,75,1500,230.47,218.1,235.8
2940,2021-02-09 14:23:00,222.7,222.7,222.7,222.7,75,1500,230.47,218.1,235.8
2941,2021-02-09 14:24:00,222.7,222.7,222.7,222.7,75,1500,230.47,218.1,235.8
2942,2021-02-09 14:25:00,222.7,222.7,222.7,222.7,75,1500,230.47,218.1,235.8
2943,2021-02-09 14:26:00,222.7,222.7,222.7,222.7,75,1500,230.47,218.1,235.8
2944,2021-02-09 14:27:00,222.7,222.7,222.7,222.7,75,1500,230.47,218.1,235.8
2945,2021-02-09 14:28:00,222.7,222.7,222.7,222.7,75,1500,230.47,218.1,235.8
2946,2021-02-09 14:29:00,222.7,222.7,222.7,222.7,75,1500,230.47,218.1,235.8
2947,2021-02-09 14:30:00,222.7,222.7,222.7,222.7,75,1500,230.47,218.1,235.8
2948,2021-02-09 14:31:00,222.7,222.7,222.7,222.7,75,1500,230.47,218.1,235.8
2949,2021-02-09 14:32:00,222.7,222.7,222.7,222.7,75,1500,230.47,218.1,235.8
2950,2021-02-09 14:33:00,222.7,222.7,222.7,222.7,75,1500,230.47,218.1,235.8
2951,2021-02-09 14:34:00,222.7,222.7,222.7,222.7,75,1500,230.47,218.1,235.8
2952,2021-02-09 14:35:00,222.7,222.7,222.7,222.7,75,1500,230.47,218.1,235.8
2953,2021-02-09 14:36:00,222.7,222.7,222.7,222.7,75,1500,230.47,218.1,235.8
2954,2021-02-09 14:37:00,222.7,222.7,222.7,222.7,75,1500,230.47,218.1,235.8
2955,2021-02-09 14:38:00,222.7,222.7,222.7,222.7,75,1500,230.47,218.1,235.8
2956,2021-02-09 14:39:00,225.6,225.6,225.6,225.6,75,1500,229.5,219.2,229.3
2957,2021-02-09 14:40:00,225.6,225.6,225.6,225.6,75,1500,229.5,219.2,229.3
2958,2021-02-09 14:41:00,225.6,225.6,225.6,225.6,75,1500,229.5,219.2,229.3
2959,2021-02-09 14:42:00,225.6,225.6,225.6,225.6,75,1500,229.5,219.2,229.3
2960,2021-02-09 14:43:00,225.6,225.6,225.6,225.6,75,1500,229.5,219.2,229.3
2961,2021-02-09 14:44:00,225.6,225.6,225.6,225.6,75,1500,229.5,219.2,229.3
2962,2021-02-09 14:45:00,225.6,225.6,225.6,225.6,75,1500,229.5,219.2,229.3
2963,2021-02-09 14:46:00,225.6,225.6,225.6,225.6,75,1500,229.5,219.2,229.3
2964,2021-02-09 14:47:00,238.0,238.0,238.0,238.0,75,1575,230.91,233.2,242.9
2965,2021-02-09 14:48:00,238.0,238.0,238.0,238.0,75,1575,230.91,233.2,242.9
2966,2021-02-09 14:49:00,238.0,238.0,238.0,238.0,75,1575,230.91,233.2,242.9
2967,2021-02-09 14:50:00,238.0,238.0,238.0,238.0,75,1575,230.91,233.2,242.9
2968,2021-02-09 14:51:00,238.0,238.0,238.0,238.0,75,1575,230.91,233.2,242.9
2969,2021-02-09 14:52:00,238.0,238.0,238.0,238.0,75,1575,230.91,233.2,242.9
2970,2021-02-09 14:53:00,238.0,238.0,238.0,238.0,75,1575,230.91,233.2,242.9
2971,2021-02-09 14:54:00,238.0,238.0,238.0,238.0,75,1575,230.91,233.2,242.9
2972,2021-02-09 14:55:00,238.0,238.0,238.0,238.0,75,1575,230.91,233.2,242.9
2973,2021-02-09 14:56:00,238.0,238.0,238.0,238.0,75,1575,230.91,233.2,242.9
2974,2021-02-09 14:57:00,238.0,238.0,238.0,238.0,75,1575,230.91,233.2,242.9
2975,2021-02-09 14:58:00,238.0,238.0,238.0,238.0,75,1575,230.91,233.2,242.9
2976,2021-02-09 14:59:00,243.9,243.9,243.9,243.9,75,1575,232.77,236.95,256.7
2977,2021-02-09 15:00:00,243.9,243.9,243.9,243.9,75,1575,232.77,236.95,256.7
2978,2021-02-09 15:01:00,243.9,243.9,243.9,243.9,75,1575,232.77,236.95,256.7
2979,2021-02-09 15:02:00,243.9,243.9,243.9,243.9,75,1575,232.77,236.95,256.7
2980,2021-02-09 15:03:00,243.9,243.9,243.9,243.9,75,1575,232.77,236.95,256.7
2981,2021-02-09 15:04:00,243.9,243.9,243.9,243.9,75,1575,232.77,236.95,256.7
2982,2021-02-09 15:05:00,260.7,260.7,260.7,260.7,75,1650,236.26,253.1,278.05
2983,2021-02-09 15:06:00,260.7,260.7,260.7,260.7,75,1650,236.26,253.1,278.05
2984,2021-02-09 15:07:00,260.7,260.7,260.7,260.7,75,1650,236.26,253.1,278.05
2985,2021-02-09 15:08:00,260.7,260.7,260.7,260.7,75,1650,236.26,253.1,278.05
2986,2021-02-09 15:09:00,260.7,260.7,260.7,260.7,75,1650,236.26,253.1,278.05
2987,2021-02-09 15:10:00,260.7,260.7,260.7,260.7,75,1650,236.26,253.1,278.05
2988,2021-02-09 15:11:00,261.0,261.0,261.0,261.0,75,1650,239.01,251.5,263.6
2989,2021-02-09 15:12:00,251.5,251.5,251.5,251.5,75,1650,240.26,229.45,256.4
2990,2021-02-09 15:13:00,251.5,251.5,251.5,251.5,75,1650,240.26,229.45,256.4
2991,2021-02-09 15:14:00,251.5,251.5,251.5,251.5,75,1650,240.26,229.45,256.4
2992,2021-02-09 15:15:00,251.5,251.5,251.5,251.5,75,1650,240.26,229.45,256.4
2993,2021-02-09 15:16:00,251.5,251.5,251.5,251.5,75,1650,240.26,229.45,256.4
2994,2021-02-09 15:17:00,251.5,251.5,251.5,251.5,75,1650,240.26,229.45,256.4
2995,2021-02-09 15:18:00,251.5,251.5,251.5,251.5,75,1650,240.26,229.45,256.4
2996,2021-02-09 15:19:00,251.5,251.5,251.5,251.5,75,1650,240.26,229.45,256.4
2997,2021-02-09 15:20:00,251.5,251.5,251.5,251.5,75,1650,240.26,229.45,256.4
2998,2021-02-09 15:21:00,251.5,251.5,251.5,251.5,75,1650,240.26,229.45,256.4
2999,2021-02-09 15:22:00,251.5,251.5,251.5,251.5,75,1650,240.26,229.45,256.4
3000,2021-02-09 15:23:00,251.5,251.5,251.5,251.5,75,1650,240.26,229.45,256.4
3001,2021-02-09 15:24:00,251.5,251.5,251.5,251.5,75,1650,240.26,229.45,256.4
3002,2021-02-09 15:25:00,251.5,251.5,251.5,251.5,75,1650,240.26,229.45,256.4
3003,2021-02-09 15:26:00,251.5,251.5,251.5,251.5,75,1650,240.26,229.45,256.4
3004,2021-02-09 15:27:00,251.5,251.5,251.5,251.5,75,1650,240.26,229.45,256.4
3005,2021-02-09 15:28:00,251.5,251.5,251.5,251.5,75,1650,240.26,229.45,256.4
3006,2021-02-09 15:29:00,251.5,251.5,251.5,251.5,75,1650,240.26,229.45,256.4
3007,2021-02-09 15:30:00,251.5,251.5,251.5,251.5,75,1650,240.26,229.45,256.4
3008,2021-02-10 09:15:00,251.5,251.5,251.5,251.5,75,1650,240.26,229.45,256.4
3009,2021-02-10 09:16:00,251.5,251.5,251.5,251.5,75,1650,240.26,229.45,256.4
3010,2021-02-10 09:17:00,251.5,251.5,251.5,251.5,75,1650,240.26,229.45,256.4
3011,2021-02-10 09:18:00,251.5,251.5,251.5,251.5,75,1650,240.26,229.45,256.4
3012,2021-02-10 09:19:00,251.5,251.5,251.5,251.5,75,1650,240.26,229.45,256.4
3013,2021-02-10 09:20:00,251.5,251.5,251.5,251.5,75,1650,240.26,229.45,256.4
3014,2021-02-10 09:21:00,251.5,251.5,251.5,251.5,75,1650,240.26,229.45,256.4
3015,2021-02-10 09:22:00,251.5,251.5,251.5,251.5,75,1650,240.26,229.45,256.4
3016,2021-02-10 09:23:00,252.65,252.65,252.65,252.65,75,1800,252.65,249.15,261.75
3017,2021-02-10 09:24:00,252.65,252.65,252.65,252.65,75,1800,252.65,249.15,261.75
3018,2021-02-10 09:25:00,252.65,252.65,252.65,252.65,75,1800,252.65,249.15,261.75
3019,2021-02-10 09:26:00,252.65,252.65,252.65,252.65,75,1800,252.65,249.15,261.75
3020,2021-02-10 09:27:00,252.65,252.65,252.65,252.65,75,1800,252.65,249.15,261.75
3021,2021-02-10 09:28:00,259.25,259.25,259.25,259.25,75,1875,255.95,251.25,262.75
3022,2021-02-10 09:29:00,259.25,259.25,259.25,259.25,75,1875,255.95,251.25,262.75
3023,2021-02-10 09:30:00,259.25,259.25,259.25,259.25,75,1875,255.95,251.25,262.75
3024,2021-02-10 09:31:00,259.25,259.25,259.25,259.25,75,1875,255.95,251.25,262.75
3025,2021-02-10 09:32:00,261.85,261.85,261.85,261.85,150,1800,258.9,257.05,262.15
3026,2021-02-10 09:33:00,261.85,261.85,261.85,261.85,150,1800,258.9,257.05,262.15
3027,2021-02-10 09:34:00,261.85,261.85,261.85,261.85,150,1800,258.9,257.05,262.15
3028,2021-02-10 09:35:00,261.85,261.85,261.85,261.85,150,1800,258.9,257.05,262.15
3029,2021-02-10 09:36:00,261.85,261.85,261.85,261.85,150,1800,258.9,257.05,262.15
3030,2021-02-10 09:37:00,249.1,249.1,249.1,249.1,75,1800,256.94,243.4,252.3
3031,2021-02-10 09:38:00,249.1,249.1,249.1,249.1,75,1800,256.94,243.4,252.3
3032,2021-02-10 09:39:00,249.1,249.1,249.1,249.1,75,1800,256.94,243.4,252.3
3033,2021-02-10 09:40:00,249.1,249.1,249.1,249.1,75,1800,256.94,243.4,252.3
3034,2021-02-10 09:41:00,249.1,249.1,249.1,249.1,75,1800,256.94,243.4,252.3
3035,2021-02-10 09:42:00,249.1,249.1,249.1,249.1,75,1800,256.94,243.4,252.3
3036,2021-02-10 09:43:00,249.1,249.1,249.1,249.1,75,1800,256.94,243.4,252.3
3037,2021-02-10 09:44:00,249.1,249.1,249.1,249.1,75,1800,256.94,243.4,252.3
3038,2021-02-10 09:45:00,249.1,249.1,249.1,249.1,75,1800,256.94,243.4,252.3
3039,2021-02-10 09:46:00,249.1,249.1,249.1,249.1,75,1800,256.94,243.4,252.3
3040,2021-02-10 09:47:00,249.1,249.1,249.1,249.1,75,1800,256.94,243.4,252.3
3041,2021-02-10 09:48:00,249.1,249.1,249.1,249.1,75,1800,256.94,243.4,252.3
3042,2021-02-10 09:49:00,249.1,249.1,249.1,249.1,75,1800,256.94,243.4,252.3
3043,2021-02-10 09:50:00,249.1,249.1,249.1,249.1,75,1800,256.94,243.4,252.3
3044,2021-02-10 09:51:00,249.1,249.1,249.1,249.1,75,1800,256.94,243.4,252.3
3045,2021-02-10 09:52:00,249.1,249.1,249.1,249.1,75,1800,256.94,243.4,252.3
3046,2021-02-10 09:53:00,249.1,249.1,249.1,249.1,75,1800,256.94,243.4,252.3
3047,2021-02-10 09:54:00,249.1,249.1,249.1,249.1,75,1800,256.94,243.4,252.3
3048,2021-02-10 09:55:00,249.1,249.1,249.1,249.1,75,1800,256.94,243.4,252.3
3049,2021-02-10 09:56:00,255.35,255.35,255.35,255.35,75,1875,256.67,252.35,262.95
3050,2021-02-10 09:57:00,255.35,255.35,255.35,255.35,75,1875,256.67,252.35,262.95
3051,2021-02-10 09:58:00,255.35,255.35,255.35,255.35,75,1875,256.67,252.35,262.95
3052,2021-02-10 09:59:00,255.35,255.35,255.35,255.35,75,1875,256.67,252.35,262.95
3053,2021-02-10 10:00:00,255.35,255.35,255.35,255.35,75,1875,256.67,252.35,262.95
3054,2021-02-10 10:01:00,255.35,255.35,255.35,255.35,75,1875,256.67,252.35,262.95
3055,2021-02-10 10:02:00,255.35,255.35,255.35,255.35,75,1875,256.67,252.35,262.95
3056,2021-02-10 10:03:00,255.35,255.35,255.35,255.35,75,1875,256.67,252.35,262.95
3057,2021-02-10 10:04:00,255.35,255.35,255.35,255.35,75,1875,256.67,252.35,262.95
3058,2021-02-10 10:05:00,255.35,255.35,255.35,255.35,75,1875,256.67,252.35,262.95
3059,2021-02-10 10:06:00,255.35,255.35,255.35,255.35,75,1875,256.67,252.35,262.95
3060,2021-02-10 10:07:00,255.35,255.35,255.35,255.35,75,1875,256.67,252.35,262.95
3061,2021-02-10 10:08:00,255.35,255.35,255.35,255.35,75,1875,256.67,252.35,262.95
3062,2021-02-10 10:09:00,255.35,255.35,255.35,255.35,75,1875,256.67,252.35,262.95
3063,2021-02-10 10:10:00,255.35,255.35,255.35,255.35,75,1875,256.67,252.35,262.95
3064,2021-02-10 10:11:00,255.35,255.35,255.35,255.35,75,1875,256.67,252.35,262.95
3065,2021-02-10 10:12:00,255.35,255.35,255.35,255.35,75,1875,256.67,252.35,262.95
3066,2021-02-10 10:13:00,255.35,255.35,255.35,255.35,75,1875,256.67,252.35,262.95
3067,2021-02-10 10:14:00,265.5,265.5,265.5,265.5,75,1950,257.93,260.85,270.3
3068,2021-02-10 10:15:00,265.5,265.5,265.5,265.5,75,1950,257.93,260.85,270.3
3069,2021-02-10 10:16:00,265.5,265.5,265.5,265.5,75,1950,257.93,260.85,270.3
3070,2021-02-10 10:17:00,265.5,265.5,265.5,265.5,75,1950,257.93,260.85,270.3
3071,2021-02-10 10:18:00,265.5,265.5,265.5,265.5,75,1950,257.93,260.85,270.3
3072,2021-02-10 10:19:00,265.5,265.5,265.5,265.5,75,1950,257.93,260.85,270.3
3073,2021-02-10 10:20:00,265.5,265.5,265.5,265.5,75,1950,257.93,260.85,270.3
3074,2021-02-10 10:21:00,275.9,275.9,275.9,275.9,75,2025,260.18,273.0,282.8
3075,2021-02-10 10:22:00,275.9,275.9,275.9,275.9,75,2025,260.18,273.0,282.8
3076,2021-02-10 10:23:00,275.9,275.9,275.9,275.9,75,2025,260.18,273.0,282.8
3077,2021-02-10 10:24:00,275.9,275.9,275.9,275.9,75,2025,260.18,273.0,282.8
3078,2021-02-10 10:25:00,275.1,275.1,275.1,275.1,75,2100,261.83,265.5,276.1
3079,2021-02-10 10:26:00,275.1,275.1,275.1,275.1,75,2100,261.83,265.5,276.1
3080,2021-02-10 10:27:00,275.1,275.1,275.1,275.1,75,2100,261.83,265.5,276.1
3081,2021-02-10 10:28:00,275.1,275.1,275.1,275.1,75,2100,261.83,265.5,276.1
3082,2021-02-10 10:29:00,275.1,275.1,275.1,275.1,75,2100,261.83,265.5,276.1
3083,2021-02-10 10:30:00,277.3,277.3,277.3,277.3,75,2025,263.38,261.7,281.1
3084,2021-02-10 10:31:00,277.3,277.3,277.3,277.3,75,2025,263.38,261.7,281.1
3085,2021-02-10 10:32:00,277.3,277.3,277.3,277.3,75,2025,263.38,261.7,281.1
3086,2021-02-10 10:33:00,277.3,277.3,277.3,277.3,75,2025,263.38,261.7,281.1
3087,2021-02-10 10:34:00,277.3,277.3,277.3,277.3,75,2025,263.38,261.7,281.1
3088,2021-02-10 10:35:00,277.3,277.3,277.3,277.3,75,2025,263.38,261.7,281.1
3089,2021-02-10 10:36:00,277.3,277.3,277.3,277.3,75,2025,263.38,261.7,281.1
3090,2021-02-10 10:37:00,277.3,277.3,277.3,277.3,75,2025,263.38,261.7,281.1
3091,2021-02-10 10:38:00,277.3,277.3,277.3,277.3,75,2025,263.38,261.7,281.1
3092,2021-02-10 10:39:00,277.3,277.3,277.3,277.3,75,2025,263.38,261.7,281.1
3093,2021-02-10 10:40:00,277.3,277.3,277.3,277.3,75,2025,263.38,261.7,281.1
3094,2021-02-10 10:41:00,277.3,277.3,277.3,277.3,75,2025,263.38,261.7,281.1
3095,2021-02-10 10:42:00,275.3,275.3,275.3,275.3,75,1950,264.46,269.55,279.5
3096,2021-02-10 10:43:00,275.3,275.3,275.3,275.3,75,1950,264.46,269.55,279.5
3097,2021-02-10 10:44:00,275.3,275.3,275.3,275.3,75,1950,264.46,269.55,279.5
3098,2021-02-10 10:45:00,275.3,275.3,275.3,275.3,75,1950,264.46,269.55,279.5
3099,2021-02-10 10:46:00,275.3,275.3,275.3,275.3,75,1950,264.46,269.55,279.5
3100,2021-02-10 10:47:00,269.55,269.55,269.55,269.55,75,1875,264.89,264.4,273.5
3101,2021-02-10 10:48:00,269.55,269.55,269.55,269.55,75,1875,264.89,264.4,273.5
3102,2021-02-10 10:49:00,269.55,269.55,269.55,269.55,75,1875,264.89,264.4,273.5
3103,2021-02-10 10:50:00,269.55,269.55,269.55,269.55,75,1875,264.89,264.4,273.5
3104,2021-02-10 10:51:00,269.55,269.55,269.55,269.55,75,1875,264.89,264.4,273.5
3105,2021-02-10 10:52:00,269.55,269.55,269.55,269.55,75,1875,264.89,264.4,273.5
3106,2021-02-10 10:53:00,269.55,269.55,269.55,269.55,75,1875,264.89,264.4,273.5
3107,2021-02-10 10:54:00,268.1,268.1,268.1,268.1,75,1875,265.13,261.45,271.35
3108,2021-02-10 10:55:00,268.1,268.1,268.1,268.1,75,1875,265.13,261.45,271.35
3109,2021-02-10 10:56:00,268.1,268.1,268.1,268.1,75,1875,265.13,261.45,271.35
3110,2021-02-10 10:57:00,268.1,268.1,268.1,268.1,75,1875,265.13,261.45,271.35
3111,2021-02-10 10:58:00,268.1,268.1,268.1,268.1,75,1875,265.13,261.45,271.35
3112,2021-02-10 10:59:00,268.45,268.45,268.45,268.45,75,1875,265.37,262.35,272.0
3113,2021-02-10 11:00:00,262.35,262.35,262.35,262.35,75,1875,265.17,255.8,265.05
3114,2021-02-10 11:01:00,262.35,262.35,262.35,262.35,75,1875,265.17,255.8,265.05
3115,2021-02-10 11:02:00,262.35,262.35,262.35,262.35,75,1875,265.17,255.8,265.05
3116,2021-02-10 11:03:00,262.35,262.35,262.35,262.35,75,1875,265.17,255.8,265.05
3117,2021-02-10 11:04:00,262.35,262.35,262.35,262.35,75,1875,265.17,255.8,265.05
3118,2021-02-10 11:05:00,262.35,262.35,262.35,262.35,75,1875,265.17,255.8,265.05
3119,2021-02-10 11:06:00,262.35,262.35,262.35,262.35,75,1875,265.17,255.8,265.05
3120,2021-02-10 11:07:00,262.35,262.35,262.35,262.35,75,1875,265.17,255.8,265.05
3121,2021-02-10 11:08:00,262.35,262.35,262.35,262.35,75,1875,265.17,255.8,265.05
3122,2021-02-10 11:09:00,262.35,262.35,262.35,262.35,75,1875,265.17,255.8,265.05
3123,2021-02-10 11:10:00,262.35,262.35,262.35,262.35,75,1875,265.17,255.8,265.05
3124,2021-02-10 11:11:00,262.35,262.35,262.35,262.35,75,1875,265.17,255.8,265.05
3125,2021-02-10 11:12:00,262.35,262.35,262.35,262.35,75,1875,265.17,255.8,265.05
3126,2021-02-10 11:13:00,262.35,262.35,262.35,262.35,75,1875,265.17,255.8,265.05
3127,2021-02-10 11:14:00,262.35,262.35,262.35,262.35,75,1875,265.17,255.8,265.05
3128,2021-02-10 11:15:00,262.35,262.35,262.35,262.35,75,1875,265.17,255.8,265.05
3129,2021-02-10 11:16:00,262.35,262.35,262.35,262.35,75,1875,265.17,255.8,265.05
3130,2021-02-10 11:17:00,262.35,262.35,262.35,262.35,75,1875,265.17,255.8,265.05
3131,2021-02-10 11:18:00,262.35,262.35,262.35,262.35,75,1875,265.17,255.8,265.05
3132,2021-02-10 11:19:00,262.35,262.35,262.35,262.35,75,1875,265.17,255.8,265.05
3133,2021-02-10 11:20:00,262.35,262.35,262.35,262.35,75,1875,265.17,255.8,265.05
3134,2021-02-10 11:21:00,262.35,262.35,262.35,262.35,75,1875,265.17,255.8,265.05
3135,2021-02-10 11:22:00,262.35,262.35,262.35,262.35,75,1875,265.17,255.8,265.05
3136,2021-02-10 11:23:00,262.35,262.35,262.35,262.35,75,1875,265.17,255.8,265.05
3137,2021-02-10 11:24:00,262.35,262.35,262.35,262.35,75,1875,265.17,255.8,265.05
3138,2021-02-10 11:25:00,262.35,262.35,262.35,262.35,75,1875,265.17,255.8,265.05
3139,2021-02-10 11:26:00,262.35,262.35,262.35,262.35,75,1875,265.17,255.8,265.05
3140,2021-02-10 11:27:00,262.35,262.35,262.35,262.35,75,1875,265.17,255.8,265.05
3141,2021-02-10 11:28:00,262.35,262.35,262.35,262.35,75,1875,265.17,255.8,265.05
3142,2021-02-10 11:29:00,262.35,262.35,262.35,262.35,75,1875,265.17,255.8,265.05
3143,2021-02-10 11:30:00,262.35,262.35,262.35,262.35,75,1875,265.17,255.8,265.05
3144,2021-02-10 11:31:00,262.35,262.35,262.35,262.35,75,1875,265.17,255.8,265.05
3145,2021-02-10 11:32:00,262.35,262.35,262.35,262.35,75,1875,265.17,255.8,265.05
3146,2021-02-10 11:33:00,262.35,262.35,262.35,262.35,75,1875,265.17,255.8,265.05
3147,2021-02-10 11:34:00,262.35,262.35,262.35,262.35,75,1875,265.17,255.8,265.05
3148,2021-02-10 11:35:00,262.35,262.35,262.35,262.35,75,1875,265.17,255.8,265.05
3149,2021-02-10 11:36:00,262.35,262.35,262.35,262.35,75,1875,265.17,255.8,265.05
3150,2021-02-10 11:37:00,262.35,262.35,262.35,262.35,75,1875,265.17,255.8,265.05
3151,2021-02-10 11:38:00,262.35,262.35,262.35,262.35,75,1875,265.17,255.8,265.05
3152,2021-02-10 11:39:00,262.35,262.35,262.35,262.35,75,1875,265.17,255.8,265.05
3153,2021-02-10 11:40:00,262.35,262.35,262.35,262.35,75,1875,265.17,255.8,265.05
3154,2021-02-10 11:41:00,262.35,262.35,262.35,262.35,75,1875,265.17,255.8,265.05
3155,2021-02-10 11:42:00,262.35,262.35,262.35,262.35,75,1875,265.17,255.8,265.05
3156,2021-02-10 11:43:00,259.95,259.95,259.95,259.95,75,1950,264.84,252.8,262.6
3157,2021-02-10 11:44:00,259.95,259.95,259.95,259.95,75,1950,264.84,252.8,262.6
3158,2021-02-10 11:45:00,259.95,259.95,259.95,259.95,75,1950,264.84,252.8,262.6
3159,2021-02-10 11:46:00,259.95,259.95,259.95,259.95,75,1950,264.84,252.8,262.6
3160,2021-02-10 11:47:00,259.95,259.95,259.95,259.95,75,1950,264.84,252.8,262.6
3161,2021-02-10 11:48:00,259.95,259.95,259.95,259.95,75,1950,264.84,252.8,262.6
3162,2021-02-10 11:49:00,259.95,259.95,259.95,259.95,75,1950,264.84,252.8,262.6
3163,2021-02-10 11:50:00,259.95,259.95,259.95,259.95,75,1950,264.84,252.8,262.6
3164,2021-02-10 11:51:00,259.95,259.95,259.95,259.95,75,1950,264.84,252.8,262.6
3165,2021-02-10 11:52:00,259.95,259.95,259.95,259.95,75,1950,264.84,252.8,262.6
3166,2021-02-10 11:53:00,259.95,259.95,259.95,259.95,75,1950,264.84,252.8,262.6
3167,2021-02-10 11:54:00,259.95,259.95,259.95,259.95,75,1950,264.84,252.8,262.6
3168,2021-02-10 11:55:00,259.95,259.95,259.95,259.95,75,1950,264.84,252.8,262.6
3169,2021-02-10 11:56:00,259.95,259.95,259.95,259.95,75,1950,264.84,252.8,262.6
3170,2021-02-10 11:57:00,259.95,259.95,259.95,259.95,75,1950,264.84,252.8,262.6
3171,2021-02-10 11:58:00,259.95,259.95,259.95,259.95,75,1950,264.84,252.8,262.6
3172,2021-02-10 11:59:00,259.95,259.95,259.95,259.95,75,1950,264.84,252.8,262.6
3173,2021-02-10 12:00:00,259.95,259.95,259.95,259.95,75,1950,264.84,252.8,262.6
3174,2021-02-10 12:01:00,259.95,259.95,259.95,259.95,75,1950,264.84,252.8,262.6
3175,2021-02-10 12:02:00,259.95,259.95,259.95,259.95,75,1950,264.84,252.8,262.6
3176,2021-02-10 12:03:00,259.95,259.95,259.95,259.95,75,1950,264.84,252.8,262.6
3177,2021-02-10 12:04:00,259.95,259.95,259.95,259.95,75,1950,264.84,252.8,262.6
3178,2021-02-10 12:05:00,259.95,259.95,259.95,259.95,75,1950,264.84,252.8,262.6
3179,2021-02-10 12:06:00,259.95,259.95,259.95,259.95,75,1950,264.84,252.8,262.6
3180,2021-02-10 12:07:00,259.95,259.95,259.95,259.95,75,1950,264.84,252.8,262.6
3181,2021-02-10 12:08:00,259.95,259.95,259.95,259.95,75,1950,264.84,252.8,262.6
3182,2021-02-10 12:09:00,259.95,259.95,259.95,259.95,75,1950,264.84,252.8,262.6
3183,2021-02-10 12:10:00,259.95,259.95,259.95,259.95,75,1950,264.84,252.8,262.6
3184,2021-02-10 12:11:00,259.95,259.95,259.95,259.95,75,1950,264.84,252.8,262.6
3185,2021-02-10 12:12:00,259.95,259.95,259.95,259.95,75,1950,264.84,252.8,262.6
3186,2021-02-10 12:13:00,259.95,259.95,259.95,259.95,75,1950,264.84,252.8,262.6
3187,2021-02-10 12:14:00,259.95,259.95,259.95,259.95,75,1950,264.84,252.8,262.6
3188,2021-02-10 12:15:00,259.95,259.95,259.95,259.95,75,1950,264.84,252.8,262.6
3189,2021-02-10 12:16:00,259.95,259.95,259.95,259.95,75,1950,264.84,252.8,262.6
3190,2021-02-10 12:17:00,259.95,259.95,259.95,259.95,75,1950,264.84,252.8,262.6
3191,2021-02-10 12:18:00,259.95,259.95,259.95,259.95,75,1950,264.84,252.8,262.6
3192,2021-02-10 12:19:00,259.95,259.95,259.95,259.95,75,1950,264.84,252.8,262.6
3193,2021-02-10 12:20:00,259.95,259.95,259.95,259.95,75,1950,264.84,252.8,262.6
3194,2021-02-10 12:21:00,259.95,259.95,259.95,259.95,75,1950,264.84,252.8,262.6
3195,2021-02-10 12:22:00,259.95,259.95,259.95,259.95,75,1950,264.84,252.8,262.6
3196,2021-02-10 12:23:00,259.95,259.95,259.95,259.95,75,1950,264.84,252.8,262.6
3197,2021-02-10 12:24:00,259.95,259.95,259.95,259.95,75,1950,264.84,252.8,262.6
3198,2021-02-10 12:25:00,259.95,259.95,259.95,259.95,75,1950,264.84,252.8,262.6
3199,2021-02-10 12:26:00,259.95,259.95,259.95,259.95,75,1950,264.84,252.8,262.6
3200,2021-02-10 12:27:00,259.95,259.95,259.95,259.95,75,1950,264.84,252.8,262.6
3201,2021-02-10 12:28:00,259.95,259.95,259.95,259.95,75,1950,264.84,252.8,262.6
3202,2021-02-10 12:29:00,259.95,259.95,259.95,259.95,75,1950,264.84,252.8,262.6
3203,2021-02-10 12:30:00,259.95,259.95,259.95,259.95,75,1950,264.84,252.8,262.6
3204,2021-02-10 12:31:00,259.95,259.95,259.95,259.95,75,1950,264.84,252.8,262.6
3205,2021-02-10 12:32:00,259.95,259.95,259.95,259.95,75,1950,264.84,252.8,262.6
3206,2021-02-10 12:33:00,259.95,259.95,259.95,259.95,75,1950,264.84,252.8,262.6
3207,2021-02-10 12:34:00,259.95,259.95,259.95,259.95,75,1950,264.84,252.8,262.6
3208,2021-02-10 12:35:00,259.95,259.95,259.95,259.95,75,1950,264.84,252.8,262.6
3209,2021-02-10 12:36:00,259.95,259.95,259.95,259.95,75,1950,264.84,252.8,262.6
3210,2021-02-10 12:37:00,259.95,259.95,259.95,259.95,75,1950,264.84,252.8,262.6
3211,2021-02-10 12:38:00,259.95,259.95,259.95,259.95,75,1950,264.84,252.8,262.6
3212,2021-02-10 12:39:00,259.95,259.95,259.95,259.95,75,1950,264.84,252.8,262.6
3213,2021-02-10 12:40:00,259.95,259.95,259.95,259.95,75,1950,264.84,252.8,262.6
3214,2021-02-10 12:41:00,259.95,259.95,259.95,259.95,75,1950,264.84,252.8,262.6
3215,2021-02-10 12:42:00,259.95,259.95,259.95,259.95,75,1950,264.84,252.8,262.6
3216,2021-02-10 12:43:00,258.15,258.15,258.15,258.15,75,2025,264.45,253.45,262.9
3217,2021-02-10 12:44:00,258.15,258.15,258.15,258.15,75,2025,264.45,253.45,262.9
3218,2021-02-10 12:45:00,264.9,264.9,264.9,264.9,75,2025,264.47,257.25,270.8
3219,2021-02-10 12:46:00,264.9,264.9,264.9,264.9,75,2025,264.47,257.25,270.8
3220,2021-02-10 12:47:00,264.9,264.9,264.9,264.9,75,2025,264.47,257.25,270.8
3221,2021-02-10 12:48:00,264.9,264.9,264.9,264.9,75,2025,264.47,257.25,270.8
3222,2021-02-10 12:49:00,264.9,264.9,264.9,264.9,75,2025,264.47,257.25,270.8
3223,2021-02-10 12:50:00,264.9,264.9,264.9,264.9,75,2025,264.47,257.25,270.8
3224,2021-02-10 12:51:00,264.9,264.9,264.9,264.9,75,2025,264.47,257.25,270.8
3225,2021-02-10 12:52:00,251.75,251.75,251.75,251.75,75,1950,263.8,244.9,257.35
3226,2021-02-10 12:53:00,251.75,251.75,251.75,251.75,75,1950,263.8,244.9,257.35
3227,2021-02-10 12:54:00,251.75,251.75,251.75,251.75,75,1950,263.8,244.9,257.35
3228,2021-02-10 12:55:00,251.75,251.75,251.75,251.75,75,1950,263.8,244.9,257.35
3229,2021-02-10 12:56:00,251.75,251.75,251.75,251.75,75,1950,263.8,244.9,257.35
3230,2021-02-10 12:57:00,251.75,251.75,251.75,251.75,75,1950,263.8,244.9,257.35
3231,2021-02-10 12:58:00,251.75,251.75,251.75,251.75,75,1950,263.8,244.9,257.35
3232,2021-02-10 12:59:00,251.75,251.75,251.75,251.75,75,1950,263.8,244.9,257.35
3233,2021-02-10 13:00:00,251.75,251.75,251.75,251.75,75,1950,263.8,244.9,257.35
3234,2021-02-10 13:01:00,251.75,251.75,251.75,251.75,75,1950,263.8,244.9,257.35
3235,2021-02-10 13:02:00,251.75,251.75,251.75,251.75,75,1950,263.8,244.9,257.35
3236,2021-02-10 13:03:00,261.9,261.9,261.9,261.9,75,1950,263.71,256.35,270.35
3237,2021-02-10 13:04:00,261.9,261.9,261.9,261.9,75,1950,263.71,256.35,270.35
3238,2021-02-10 13:05:00,261.9,261.9,261.9,261.9,75,1950,263.71,256.35,270.35
3239,2021-02-10 13:06:00,261.9,261.9,261.9,261.9,75,1950,263.71,256.35,270.35
3240,2021-02-10 13:07:00,261.9,261.9,261.9,261.9,75,1950,263.71,256.35,270.35
3241,2021-02-10 13:08:00,258.4,258.4,258.4,258.4,75,1950,263.45,250.3,262.4
3242,2021-02-10 13:09:00,258.4,258.4,258.4,258.4,75,1950,263.45,250.3,262.4
3243,2021-02-10 13:10:00,258.4,258.4,258.4,258.4,75,1950,263.45,250.3,262.4
3244,2021-02-10 13:11:00,258.4,258.4,258.4,258.4,75,1950,263.45,250.3,262.4
3245,2021-02-10 13:12:00,258.4,258.4,258.4,258.4,75,1950,263.45,250.3,262.4
3246,2021-02-10 13:13:00,258.4,258.4,258.4,258.4,75,1950,263.45,250.3,262.4
3247,2021-02-10 13:14:00,258.4,258.4,258.4,258.4,75,1950,263.45,250.3,262.4
3248,2021-02-10 13:15:00,258.4,258.4,258.4,258.4,75,1950,263.45,250.3,262.4
3249,2021-02-10 13:16:00,261.35,261.35,261.35,261.35,75,1950,263.36,256.3,285.9
3250,2021-02-10 13:17:00,261.35,261.35,261.35,261.35,75,1950,263.36,256.3,285.9
3251,2021-02-10 13:18:00,261.35,261.35,261.35,261.35,75,1950,263.36,256.3,285.9
3252,2021-02-10 13:19:00,261.35,261.35,261.35,261.35,75,1950,263.36,256.3,285.9
3253,2021-02-10 13:20:00,261.35,261.35,261.35,261.35,75,1950,263.36,256.3,285.9
3254,2021-02-10 13:21:00,261.35,261.35,261.35,261.35,75,1950,263.36,256.3,285.9
3255,2021-02-10 13:22:00,261.35,261.35,261.35,261.35,75,1950,263.36,256.3,285.9
3256,2021-02-10 13:23:00,261.35,261.35,261.35,261.35,75,1950,263.36,256.3,285.9
3257,2021-02-10 13:24:00,261.35,261.35,261.35,261.35,75,1950,263.36,256.3,285.9
3258,2021-02-10 13:25:00,261.35,261.35,261.35,261.35,75,1950,263.36,256.3,285.9
3259,2021-02-10 13:26:00,261.35,261.35,261.35,261.35,75,1950,263.36,256.3,285.9
3260,2021-02-10 13:27:00,261.35,261.35,261.35,261.35,75,1950,263.36,256.3,285.9
3261,2021-02-10 13:28:00,261.35,261.35,261.35,261.35,75,1950,263.36,256.3,285.9
3262,2021-02-10 13:29:00,266.55,266.55,266.55,266.55,75,1800,263.5,263.1,269.85
3263,2021-02-10 13:30:00,263.1,263.1,263.1,263.1,75,1800,263.48,255.6,266.95
3264,2021-02-10 13:31:00,263.1,263.1,263.1,263.1,75,1800,263.48,255.6,266.95
3265,2021-02-10 13:32:00,263.1,263.1,263.1,263.1,75,1800,263.48,255.6,266.95
3266,2021-02-10 13:33:00,266.35,266.35,266.35,266.35,75,1800,263.6,264.6,276.2
3267,2021-02-10 13:34:00,267.5,267.5,267.5,267.5,75,1800,263.75,257.85,271.1
3268,2021-02-10 13:35:00,267.5,267.5,267.5,267.5,75,1800,263.75,257.85,271.1
3269,2021-02-10 13:36:00,267.5,267.5,267.5,267.5,75,1800,263.75,257.85,271.1
3270,2021-02-10 13:37:00,270.6,270.6,270.6,270.6,75,1800,264.0,263.65,273.35
3271,2021-02-10 13:38:00,270.6,270.6,270.6,270.6,75,1800,264.0,263.65,273.35
3272,2021-02-10 13:39:00,270.6,270.6,270.6,270.6,75,1800,264.0,263.65,273.35
3273,2021-02-10 13:40:00,272.35,272.35,272.35,272.35,75,1800,264.3,259.95,275.85
3274,2021-02-10 13:41:00,272.35,272.35,272.35,272.35,75,1800,264.3,259.95,275.85
3275,2021-02-10 13:42:00,272.35,272.35,272.35,272.35,75,1800,264.3,259.95,275.85
3276,2021-02-10 13:43:00,272.35,272.35,272.35,272.35,75,1800,264.3,259.95,275.85
3277,2021-02-10 13:44:00,272.35,272.35,272.35,272.35,75,1800,264.3,259.95,275.85
3278,2021-02-10 13:45:00,272.35,272.35,272.35,272.35,75,1800,264.3,259.95,275.85
3279,2021-02-10 13:46:00,272.35,272.35,272.35,272.35,75,1800,264.3,259.95,275.85
3280,2021-02-10 13:47:00,272.35,272.35,272.35,272.35,75,1800,264.3,259.95,275.85
3281,2021-02-10 13:48:00,272.35,272.35,272.35,272.35,75,1800,264.3,259.95,275.85
3282,2021-02-10 13:49:00,279.1,279.1,279.1,279.1,75,1800,264.81,278.25,285.1
3283,2021-02-10 13:50:00,279.1,279.1,279.1,279.1,75,1800,264.81,278.25,285.1
3284,2021-02-10 13:51:00,279.1,279.1,279.1,279.1,75,1800,264.81,278.25,285.1
3285,2021-02-10 13:52:00,277.1,277.1,277.1,277.1,75,1725,265.22,271.8,281.1
3286,2021-02-10 13:53:00,277.1,277.1,277.1,277.1,75,1725,265.22,271.8,281.1
3287,2021-02-10 13:54:00,277.1,277.1,277.1,277.1,75,1725,265.22,271.8,281.1
3288,2021-02-10 13:55:00,277.1,277.1,277.1,277.1,75,1725,265.22,271.8,281.1
3289,2021-02-10 13:56:00,277.1,277.1,277.1,277.1,75,1725,265.22,271.8,281.1
3290,2021-02-10 13:57:00,277.1,277.1,277.1,277.1,75,1725,265.22,271.8,281.1
3291,2021-02-10 13:58:00,277.1,277.1,277.1,277.1,75,1725,265.22,271.8,281.1
3292,2021-02-10 13:59:00,277.1,277.1,277.1,277.1,75,1725,265.22,271.8,281.1
3293,2021-02-10 14:00:00,277.1,277.1,277.1,277.1,75,1725,265.22,271.8,281.1
3294,2021-02-10 14:01:00,277.1,277.1,277.1,277.1,75,1725,265.22,271.8,281.1
3295,2021-02-10 14:02:00,273.75,273.75,273.75,273.75,75,1725,265.49,263.2,276.55
3296,2021-02-10 14:03:00,273.75,273.75,273.75,273.75,75,1725,265.49,263.2,276.55
3297,2021-02-10 14:04:00,273.75,273.75,273.75,273.75,75,1725,265.49,263.2,276.55
3298,2021-02-10 14:05:00,273.75,273.75,273.75,273.75,75,1725,265.49,263.2,276.55
3299,2021-02-10 14:06:00,273.75,273.75,273.75,273.75,75,1725,265.49,263.2,276.55
3300,2021-02-10 14:07:00,273.75,273.75,273.75,273.75,75,1725,265.49,263.2,276.55
3301,2021-02-10 14:08:00,273.75,273.75,273.75,273.75,75,1725,265.49,263.2,276.55
3302,2021-02-10 14:09:00,273.75,273.75,273.75,273.75,75,1725,265.49,263.2,276.55
3303,2021-02-10 14:10:00,266.5,266.5,266.5,266.5,75,1725,265.52,257.5,270.05
3304,2021-02-10 14:11:00,266.5,266.5,266.5,266.5,75,1725,265.52,257.5,270.05
3305,2021-02-10 14:12:00,266.5,266.5,266.5,266.5,75,1725,265.52,257.5,270.05
3306,2021-02-10 14:13:00,266.5,266.5,266.5,266.5,75,1725,265.52,257.5,270.05
3307,2021-02-10 14:14:00,266.5,266.5,266.5,266.5,75,1725,265.52,257.5,270.05
3308,2021-02-10 14:15:00,267.8,267.8,267.8,267.8,75,1725,265.59,263.0,272.35
3309,2021-02-10 14:16:00,267.8,267.8,267.8,267.8,75,1725,265.59,263.0,272.35
3310,2021-02-10 14:17:00,267.8,267.8,267.8,267.8,75,1725,265.59,263.0,272.35
3311,2021-02-10 14:18:00,267.8,267.8,267.8,267.8,75,1725,265.59,263.0,272.35
3312,2021-02-10 14:19:00,267.8,267.8,267.8,267.8,75,1725,265.59,263.0,272.35
3313,2021-02-10 14:20:00,267.8,267.8,267.8,267.8,75,1725,265.59,263.0,272.35
3314,2021-02-10 14:21:00,267.8,267.8,267.8,267.8,75,1725,265.59,263.0,272.35
3315,2021-02-10 14:22:00,267.8,267.8,267.8,267.8,75,1725,265.59,263.0,272.35
3316,2021-02-10 14:23:00,267.8,267.8,267.8,267.8,75,1725,265.59,263.0,272.35
3317,2021-02-10 14:24:00,267.8,267.8,267.8,267.8,75,1725,265.59,263.0,272.35
3318,2021-02-10 14:25:00,267.8,267.8,267.8,267.8,75,1725,265.59,263.0,272.35
3319,2021-02-10 14:26:00,267.8,267.8,267.8,267.8,75,1725,265.59,263.0,272.35
3320,2021-02-10 14:27:00,267.8,267.8,267.8,267.8,75,1725,265.59,263.0,272.35
3321,2021-02-10 14:28:00,267.8,267.8,267.8,267.8,75,1725,265.59,263.0,272.35
3322,2021-02-10 14:29:00,267.8,267.8,267.8,267.8,75,1725,265.59,263.0,272.35
3323,2021-02-10 14:30:00,267.8,267.8,267.8,267.8,75,1725,265.59,263.0,272.35
3324,2021-02-10 14:31:00,267.8,267.8,267.8,267.8,75,1725,265.59,263.0,272.35
3325,2021-02-10 14:32:00,267.8,267.8,267.8,267.8,75,1725,265.59,263.0,272.35
3326,2021-02-10 14:33:00,267.8,267.8,267.8,267.8,75,1725,265.59,263.0,272.35
3327,2021-02-10 14:34:00,267.8,267.8,267.8,267.8,75,1725,265.59,263.0,272.35
3328,2021-02-10 14:35:00,267.8,267.8,267.8,267.8,75,1725,265.59,263.0,272.35
3329,2021-02-10 14:36:00,257.4,257.4,257.4,257.4,75,1725,265.35,252.0,269.45
3330,2021-02-10 14:37:00,257.4,257.4,257.4,257.4,75,1725,265.35,252.0,269.45
3331,2021-02-10 14:38:00,257.4,257.4,257.4,257.4,75,1725,265.35,252.0,269.45
3332,2021-02-10 14:39:00,257.4,257.4,257.4,257.4,75,1725,265.35,252.0,269.45
3333,2021-02-10 14:40:00,257.4,257.4,257.4,257.4,75,1725,265.35,252.0,269.45
3334,2021-02-10 14:41:00,257.4,257.4,257.4,257.4,75,1725,265.35,252.0,269.45
3335,2021-02-10 14:42:00,257.4,257.4,257.4,257.4,75,1725,265.35,252.0,269.45
3336,2021-02-10 14:43:00,257.4,257.4,257.4,257.4,75,1725,265.35,252.0,269.45
3337,2021-02-10 14:44:00,257.4,257.4,257.4,257.4,75,1725,265.35,252.0,269.45
3338,2021-02-10 14:45:00,257.4,257.4,257.4,257.4,75,1725,265.35,252.0,269.45
3339,2021-02-10 14:46:00,260.15,260.15,260.15,260.15,75,1725,265.2,253.9,284.9
3340,2021-02-10 14:47:00,260.15,260.15,260.15,260.15,75,1725,265.2,253.9,284.9
3341,2021-02-10 14:48:00,260.15,260.15,260.15,260.15,75,1725,265.2,253.9,284.9
3342,2021-02-10 14:49:00,260.15,260.15,260.15,260.15,75,1725,265.2,253.9,284.9
3343,2021-02-10 14:50:00,260.15,260.15,260.15,260.15,75,1725,265.2,253.9,284.9
3344,2021-02-10 14:51:00,260.15,260.15,260.15,260.15,75,1725,265.2,253.9,284.9
3345,2021-02-10 14:52:00,260.15,260.15,260.15,260.15,75,1725,265.2,253.9,284.9
3346,2021-02-10 14:53:00,260.15,260.15,260.15,260.15,75,1725,265.2,253.9,284.9
3347,2021-02-10 14:54:00,260.15,260.15,260.15,260.15,75,1725,265.2,253.9,284.9
3348,2021-02-10 14:55:00,260.15,260.15,260.15,260.15,75,1725,265.2,253.9,284.9
3349,2021-02-10 14:56:00,260.15,260.15,260.15,260.15,75,1725,265.2,253.9,284.9
3350,2021-02-10 14:57:00,260.15,260.15,260.15,260.15,75,1725,265.2,253.9,284.9
3351,2021-02-10 14:58:00,260.15,260.15,260.15,260.15,75,1725,265.2,253.9,284.9
3352,2021-02-10 14:59:00,260.15,260.15,260.15,260.15,75,1725,265.2,253.9,284.9
3353,2021-02-10 15:00:00,260.15,260.15,260.15,260.15,75,1725,265.2,253.9,284.9
3354,2021-02-10 15:01:00,249.65,249.65,249.65,249.65,75,1650,264.77,239.7,254.65
3355,2021-02-10 15:02:00,254.65,254.65,254.65,254.65,75,1650,264.5,243.05,260.4
3356,2021-02-10 15:03:00,254.65,254.65,254.65,254.65,75,1650,264.5,243.05,260.4
3357,2021-02-10 15:04:00,254.65,254.65,254.65,254.65,75,1650,264.5,243.05,260.4
3358,2021-02-10 15:05:00,254.65,254.65,254.65,254.65,75,1650,264.5,243.05,260.4
3359,2021-02-10 15:06:00,250.15,250.15,250.15,250.15,75,1650,264.12,243.05,256.2
3360,2021-02-10 15:07:00,250.15,250.15,250.15,250.15,75,1650,264.12,243.05,256.2
3361,2021-02-10 15:08:00,250.15,250.15,250.15,250.15,75,1650,264.12,243.05,256.2
3362,2021-02-10 15:09:00,250.15,250.15,250.15,250.15,75,1650,264.12,243.05,256.2
3363,2021-02-10 15:10:00,250.15,250.15,250.15,250.15,75,1650,264.12,243.05,256.2
3364,2021-02-10 15:11:00,250.15,250.15,250.15,250.15,75,1650,264.12,243.05,256.2
3365,2021-02-10 15:12:00,250.15,250.15,250.15,250.15,75,1650,264.12,243.05,256.2
3366,2021-02-10 15:13:00,250.15,250.15,250.15,250.15,75,1650,264.12,243.05,256.2
3367,2021-02-10 15:14:00,250.15,250.15,250.15,250.15,75,1650,264.12,243.05,256.2
3368,2021-02-10 15:15:00,250.15,250.15,250.15,250.15,75,1650,264.12,243.05,256.2
3369,2021-02-10 15:16:00,250.15,250.15,250.15,250.15,75,1650,264.12,243.05,256.2
3370,2021-02-10 15:17:00,250.15,250.15,250.15,250.15,75,1650,264.12,243.05,256.2
3371,2021-02-10 15:18:00,250.15,250.15,250.15,250.15,75,1650,264.12,243.05,256.2
3372,2021-02-10 15:19:00,250.15,250.15,250.15,250.15,75,1650,264.12,243.05,256.2
3373,2021-02-10 15:20:00,250.15,250.15,250.15,250.15,75,1650,264.12,243.05,256.2
3374,2021-02-10 15:21:00,250.15,250.15,250.15,250.15,75,1650,264.12,243.05,256.2
3375,2021-02-10 15:22:00,250.15,250.15,250.15,250.15,75,1650,264.12,243.05,256.2
3376,2021-02-10 15:23:00,250.15,250.15,250.15,250.15,75,1650,264.12,243.05,256.2
3377,2021-02-10 15:24:00,250.15,250.15,250.15,250.15,75,1650,264.12,243.05,256.2
3378,2021-02-10 15:25:00,250.15,250.15,250.15,250.15,75,1650,264.12,243.05,256.2
3379,2021-02-10 15:26:00,250.15,250.15,250.15,250.15,75,1650,264.12,243.05,256.2
3380,2021-02-10 15:27:00,250.15,250.15,250.15,250.15,75,1650,264.12,243.05,256.2
3381,2021-02-10 15:28:00,250.15,250.15,250.15,250.15,75,1650,264.12,243.05,256.2
3382,2021-02-10 15:29:00,250.15,250.15,250.15,250.15,75,1650,264.12,243.05,256.2
3383,2021-02-10 15:30:00,250.15,250.15,250.15,250.15,75,1650,264.12,243.05,256.2
3384,2021-02-11 09:15:00,250.15,250.15,250.15,250.15,75,1650,264.12,243.05,256.2
3385,2021-02-11 09:16:00,250.15,250.15,250.15,250.15,75,1650,264.12,243.05,256.2
3386,2021-02-11 09:17:00,250.15,250.15,250.15,250.15,75,1650,264.12,243.05,256.2
3387,2021-02-11 09:18:00,250.15,250.15,250.15,250.15,75,1650,264.12,243.05,256.2
3388,2021-02-11 09:19:00,250.15,250.15,250.15,250.15,75,1650,264.12,243.05,256.2
3389,2021-02-11 09:20:00,250.15,250.15,250.15,250.15,75,1650,264.12,243.05,256.2
3390,2021-02-11 09:21:00,236.8,236.8,236.8,236.8,75,1650,236.8,232.85,245.05
3391,2021-02-11 09:22:00,236.8,236.8,236.8,236.8,75,1650,236.8,232.85,245.05
3392,2021-02-11 09:23:00,236.8,236.8,236.8,236.8,75,1650,236.8,232.85,245.05
3393,2021-02-11 09:24:00,236.8,236.8,236.8,236.8,75,1650,236.8,232.85,245.05
3394,2021-02-11 09:25:00,236.8,236.8,236.8,236.8,75,1650,236.8,232.85,245.05
3395,2021-02-11 09:26:00,236.8,236.8,236.8,236.8,75,1650,236.8,232.85,245.05
3396,2021-02-11 09:27:00,236.8,236.8,236.8,236.8,75,1650,236.8,232.85,245.05
3397,2021-02-11 09:28:00,236.8,236.8,236.8,236.8,75,1650,236.8,232.85,245.05
3398,2021-02-11 09:29:00,236.8,236.8,236.8,236.8,75,1650,236.8,232.85,245.05
3399,2021-02-11 09:30:00,236.8,236.8,236.8,236.8,75,1650,236.8,232.85,245.05
3400,2021-02-11 09:31:00,236.8,236.8,236.8,236.8,75,1650,236.8,232.85,245.05
3401,2021-02-11 09:32:00,236.8,236.8,236.8,236.8,75,1650,236.8,232.85,245.05
3402,2021-02-11 09:33:00,236.8,236.8,236.8,236.8,75,1650,236.8,232.85,245.05
3403,2021-02-11 09:34:00,236.8,236.8,236.8,236.8,75,1650,236.8,232.85,245.05
3404,2021-02-11 09:35:00,236.8,236.8,236.8,236.8,75,1650,236.8,232.85,245.05
3405,2021-02-11 09:36:00,236.8,236.8,236.8,236.8,75,1650,236.8,232.85,245.05
3406,2021-02-11 09:37:00,236.8,236.8,236.8,236.8,75,1650,236.8,232.85,245.05
3407,2021-02-11 09:38:00,236.8,236.8,236.8,236.8,75,1650,236.8,232.85,245.05
3408,2021-02-11 09:39:00,236.8,236.8,236.8,236.8,75,1650,236.8,232.85,245.05
3409,2021-02-11 09:40:00,236.8,236.8,236.8,236.8,75,1650,236.8,232.85,245.05
3410,2021-02-11 09:41:00,236.8,236.8,236.8,236.8,75,1650,236.8,232.85,245.05
3411,2021-02-11 09:42:00,236.8,236.8,236.8,236.8,75,1650,236.8,232.85,245.05
3412,2021-02-11 09:43:00,236.8,236.8,236.8,236.8,75,1650,236.8,232.85,245.05
3413,2021-02-11 09:44:00,236.8,236.8,236.8,236.8,75,1650,236.8,232.85,245.05
3414,2021-02-11 09:45:00,236.8,236.8,236.8,236.8,75,1650,236.8,232.85,245.05
3415,2021-02-11 09:46:00,236.8,236.8,236.8,236.8,75,1650,236.8,232.85,245.05
3416,2021-02-11 09:47:00,236.8,236.8,236.8,236.8,75,1650,236.8,232.85,245.05
3417,2021-02-11 09:48:00,236.8,236.8,236.8,236.8,75,1650,236.8,232.85,245.05
3418,2021-02-11 09:49:00,236.8,236.8,236.8,236.8,75,1650,236.8,232.85,245.05
3419,2021-02-11 09:50:00,236.8,236.8,236.8,236.8,75,1650,236.8,232.85,245.05
3420,2021-02-11 09:51:00,236.8,236.8,236.8,236.8,75,1650,236.8,232.85,245.05
3421,2021-02-11 09:52:00,236.8,236.8,236.8,236.8,75,1650,236.8,232.85,245.05
3422,2021-02-11 09:53:00,236.8,236.8,236.8,236.8,75,1650,236.8,232.85,245.05
3423,2021-02-11 09:54:00,236.8,236.8,236.8,236.8,75,1650,236.8,232.85,245.05
3424,2021-02-11 09:55:00,236.8,236.8,236.8,236.8,75,1650,236.8,232.85,245.05
3425,2021-02-11 09:56:00,236.8,236.8,236.8,236.8,75,1650,236.8,232.85,245.05
3426,2021-02-11 09:57:00,236.8,236.8,236.8,236.8,75,1650,236.8,232.85,245.05
3427,2021-02-11 09:58:00,236.8,236.8,236.8,236.8,75,1650,236.8,232.85,245.05
3428,2021-02-11 09:59:00,236.8,236.8,236.8,236.8,75,1650,236.8,232.85,245.05
3429,2021-02-11 10:00:00,236.8,236.8,236.8,236.8,75,1650,236.8,232.85,245.05
3430,2021-02-11 10:01:00,236.8,236.8,236.8,236.8,75,1650,236.8,232.85,245.05
3431,2021-02-11 10:02:00,236.8,236.8,236.8,236.8,75,1650,236.8,232.85,245.05
3432,2021-02-11 10:03:00,236.8,236.8,236.8,236.8,75,1650,236.8,232.85,245.05
3433,2021-02-11 10:04:00,236.8,236.8,236.8,236.8,75,1650,236.8,232.85,245.05
3434,2021-02-11 10:05:00,236.8,236.8,236.8,236.8,75,1650,236.8,232.85,245.05
3435,2021-02-11 10:06:00,236.8,236.8,236.8,236.8,75,1650,236.8,232.85,245.05
3436,2021-02-11 10:07:00,236.8,236.8,236.8,236.8,75,1650,236.8,232.85,245.05
3437,2021-02-11 10:08:00,236.8,236.8,236.8,236.8,75,1650,236.8,232.85,245.05
3438,2021-02-11 10:09:00,236.8,236.8,236.8,236.8,75,1650,236.8,232.85,245.05
3439,2021-02-11 10:10:00,236.8,236.8,236.8,236.8,75,1650,236.8,232.85,245.05
3440,2021-02-11 10:11:00,236.8,236.8,236.8,236.8,75,1650,236.8,232.85,245.05
3441,2021-02-11 10:12:00,236.8,236.8,236.8,236.8,75,1650,236.8,232.85,245.05
3442,2021-02-11 10:13:00,236.8,236.8,236.8,236.8,75,1650,236.8,232.85,245.05
3443,2021-02-11 10:14:00,236.8,236.8,236.8,236.8,75,1650,236.8,232.85,245.05
3444,2021-02-11 10:15:00,229.05,229.05,229.05,229.05,75,0,232.92,222.75,232.35
3445,2021-02-11 10:16:00,229.05,229.05,229.05,229.05,75,0,232.92,222.75,232.35
3446,2021-02-11 10:17:00,229.05,229.05,229.05,229.05,75,0,232.92,222.75,232.35
3447,2021-02-11 10:18:00,229.05,229.05,229.05,229.05,75,0,232.92,222.75,232.35
3448,2021-02-11 10:19:00,229.05,229.05,229.05,229.05,75,0,232.92,222.75,232.35
3449,2021-02-11 10:20:00,229.05,229.05,229.05,229.05,75,0,232.92,222.75,232.35
3450,2021-02-11 10:21:00,229.05,229.05,229.05,229.05,75,0,232.92,222.75,232.35
3451,2021-02-11 10:22:00,229.05,229.05,229.05,229.05,75,0,232.92,222.75,232.35
3452,2021-02-11 10:23:00,229.05,229.05,229.05,229.05,75,0,232.92,222.75,232.35
3453,2021-02-11 10:24:00,229.05,229.05,229.05,229.05,75,0,232.92,222.75,232.35
3454,2021-02-11 10:25:00,229.05,229.05,229.05,229.05,75,0,232.92,222.75,232.35
3455,2021-02-11 10:26:00,229.05,229.05,229.05,229.05,75,0,232.92,222.75,232.35
3456,2021-02-11 10:27:00,229.05,229.05,229.05,229.05,75,0,232.92,222.75,232.35
3457,2021-02-11 10:28:00,229.05,229.05,229.05,229.05,75,0,232.92,222.75,232.35
3458,2021-02-11 10:29:00,229.05,229.05,229.05,229.05,75,0,232.92,222.75,232.35
3459,2021-02-11 10:30:00,229.05,229.05,229.05,229.05,75,0,232.92,222.75,232.35
3460,2021-02-11 10:31:00,229.05,229.05,229.05,229.05,75,0,232.92,222.75,232.35
3461,2021-02-11 10:32:00,229.05,229.05,229.05,229.05,75,0,232.92,222.75,232.35
3462,2021-02-11 10:33:00,229.05,229.05,229.05,229.05,75,0,232.92,222.75,232.35
3463,2021-02-11 10:34:00,229.05,229.05,229.05,229.05,75,0,232.92,222.75,232.35
3464,2021-02-11 10:35:00,229.05,229.05,229.05,229.05,75,0,232.92,222.75,232.35
3465,2021-02-11 10:36:00,229.05,229.05,229.05,229.05,75,0,232.92,222.75,232.35
3466,2021-02-11 10:37:00,229.05,229.05,229.05,229.05,75,0,232.92,222.75,232.35
3467,2021-02-11 10:38:00,229.05,229.05,229.05,229.05,75,0,232.92,222.75,232.35
3468,2021-02-11 10:39:00,229.05,229.05,229.05,229.05,75,0,232.92,222.75,232.35
3469,2021-02-11 10:40:00,229.05,229.05,229.05,229.05,75,0,232.92,222.75,232.35
3470,2021-02-11 10:41:00,229.05,229.05,229.05,229.05,75,0,232.92,222.75,232.35
3471,2021-02-11 10:42:00,229.05,229.05,229.05,229.05,75,0,232.92,222.75,232.35
3472,2021-02-11 10:43:00,229.05,229.05,229.05,229.05,75,0,232.92,222.75,232.35
3473,2021-02-11 10:44:00,229.05,229.05,229.05,229.05,75,0,232.92,222.75,232.35
3474,2021-02-11 10:45:00,229.05,229.05,229.05,229.05,75,0,232.92,222.75,232.35
3475,2021-02-11 10:46:00,229.05,229.05,229.05,229.05,75,0,232.92,222.75,232.35
3476,2021-02-11 10:47:00,229.05,229.05,229.05,229.05,75,0,232.92,222.75,232.35
3477,2021-02-11 10:48:00,229.05,229.05,229.05,229.05,75,0,232.92,222.75,232.35
3478,2021-02-11 10:49:00,229.05,229.05,229.05,229.05,75,0,232.92,222.75,232.35
3479,2021-02-11 10:50:00,229.05,229.05,229.05,229.05,75,0,232.92,222.75,232.35
3480,2021-02-11 10:51:00,229.05,229.05,229.05,229.05,75,0,232.92,222.75,232.35
3481,2021-02-11 10:52:00,229.05,229.05,229.05,229.05,75,0,232.92,222.75,232.35
3482,2021-02-11 10:53:00,229.05,229.05,229.05,229.05,75,0,232.92,222.75,232.35
3483,2021-02-11 10:54:00,229.05,229.05,229.05,229.05,75,0,232.92,222.75,232.35
3484,2021-02-11 10:55:00,229.05,229.05,229.05,229.05,75,0,232.92,222.75,232.35
3485,2021-02-11 10:56:00,229.05,229.05,229.05,229.05,75,0,232.92,222.75,232.35
3486,2021-02-11 10:57:00,229.05,229.05,229.05,229.05,75,0,232.92,222.75,232.35
3487,2021-02-11 10:58:00,229.05,229.05,229.05,229.05,75,0,232.92,222.75,232.35
3488,2021-02-11 10:59:00,229.05,229.05,229.05,229.05,75,0,232.92,222.75,232.35
3489,2021-02-11 11:00:00,229.05,229.05,229.05,229.05,75,0,232.92,222.75,232.35
3490,2021-02-11 11:01:00,229.05,229.05,229.05,229.05,75,0,232.92,222.75,232.35
3491,2021-02-11 11:02:00,229.05,229.05,229.05,229.05,75,0,232.92,222.75,232.35
3492,2021-02-11 11:03:00,229.05,229.05,229.05,229.05,75,0,232.92,222.75,232.35
3493,2021-02-11 11:04:00,229.05,229.05,229.05,229.05,75,0,232.92,222.75,232.35
3494,2021-02-11 11:05:00,229.05,229.05,229.05,229.05,75,0,232.92,222.75,232.35
3495,2021-02-11 11:06:00,229.05,229.05,229.05,229.05,75,0,232.92,222.75,232.35
3496,2021-02-11 11:07:00,229.05,229.05,229.05,229.05,75,0,232.92,222.75,232.35
3497,2021-02-11 11:08:00,229.05,229.05,229.05,229.05,75,0,232.92,222.75,232.35
3498,2021-02-11 11:09:00,229.05,229.05,229.05,229.05,75,0,232.92,222.75,232.35
3499,2021-02-11 11:10:00,229.05,229.05,229.05,229.05,75,0,232.92,222.75,232.35
3500,2021-02-11 11:11:00,229.05,229.05,229.05,229.05,75,0,232.92,222.75,232.35
3501,2021-02-11 11:12:00,229.05,229.05,229.05,229.05,75,0,232.92,222.75,232.35
3502,2021-02-11 11:13:00,229.05,229.05,229.05,229.05,75,0,232.92,222.75,232.35
3503,2021-02-11 11:14:00,229.05,229.05,229.05,229.05,75,0,232.92,222.75,232.35
3504,2021-02-11 11:15:00,229.05,229.05,229.05,229.05,75,0,232.92,222.75,232.35
3505,2021-02-11 11:16:00,229.05,229.05,229.05,229.05,75,0,232.92,222.75,232.35
3506,2021-02-11 11:17:00,229.05,229.05,229.05,229.05,75,0,232.92,222.75,232.35
3507,2021-02-11 11:18:00,229.05,229.05,229.05,229.05,75,0,232.92,222.75,232.35
3508,2021-02-11 11:19:00,229.05,229.05,229.05,229.05,75,0,232.92,222.75,232.35
3509,2021-02-11 11:20:00,229.05,229.05,229.05,229.05,75,0,232.92,222.75,232.35
3510,2021-02-11 11:21:00,229.05,229.05,229.05,229.05,75,0,232.92,222.75,232.35
3511,2021-02-11 11:22:00,229.05,229.05,229.05,229.05,75,0,232.92,222.75,232.35
3512,2021-02-11 11:23:00,229.05,229.05,229.05,229.05,75,0,232.92,222.75,232.35
3513,2021-02-11 11:24:00,229.05,229.05,229.05,229.05,75,0,232.92,222.75,232.35
3514,2021-02-11 11:25:00,229.9,229.9,229.9,229.9,75,1725,231.91,223.05,233.05
3515,2021-02-11 11:26:00,229.9,229.9,229.9,229.9,75,1725,231.91,223.05,233.05
3516,2021-02-11 11:27:00,229.9,229.9,229.9,229.9,75,1725,231.91,223.05,233.05
3517,2021-02-11 11:28:00,229.9,229.9,229.9,229.9,75,1725,231.91,223.05,233.05
3518,2021-02-11 11:29:00,229.9,229.9,229.9,229.9,75,1725,231.91,223.05,233.05
3519,2021-02-11 11:30:00,229.9,229.9,229.9,229.9,75,1725,231.91,223.05,233.05
3520,2021-02-11 11:31:00,229.9,229.9,229.9,229.9,75,1725,231.91,223.05,233.05
3521,2021-02-11 11:32:00,229.9,229.9,229.9,229.9,75,1725,231.91,223.05,233.05
3522,2021-02-11 11:33:00,229.9,229.9,229.9,229.9,75,1725,231.91,223.05,233.05
3523,2021-02-11 11:34:00,230.15,230.15,230.15,230.15,75,1725,231.47,223.45,233.05
3524,2021-02-11 11:35:00,230.15,230.15,230.15,230.15,75,1725,231.47,223.45,233.05
3525,2021-02-11 11:36:00,230.15,230.15,230.15,230.15,75,1725,231.47,223.45,233.05
3526,2021-02-11 11:37:00,230.15,230.15,230.15,230.15,75,1725,231.47,223.45,233.05
3527,2021-02-11 11:38:00,230.15,230.15,230.15,230.15,75,1725,231.47,223.45,233.05
3528,2021-02-11 11:39:00,230.15,230.15,230.15,230.15,75,1725,231.47,223.45,233.05
3529,2021-02-11 11:40:00,230.15,230.15,230.15,230.15,75,1725,231.47,223.45,233.05
3530,2021-02-11 11:41:00,230.15,230.15,230.15,230.15,75,1725,231.47,223.45,233.05
3531,2021-02-11 11:42:00,230.15,230.15,230.15,230.15,75,1725,231.47,223.45,233.05
3532,2021-02-11 11:43:00,230.15,230.15,230.15,230.15,75,1725,231.47,223.45,233.05
3533,2021-02-11 11:44:00,230.15,230.15,230.15,230.15,75,1725,231.47,223.45,233.05
3534,2021-02-11 11:45:00,230.15,230.15,230.15,230.15,75,1725,231.47,223.45,233.05
3535,2021-02-11 11:46:00,230.15,230.15,230.15,230.15,75,1725,231.47,223.45,233.05
3536,2021-02-11 11:47:00,230.15,230.15,230.15,230.15,75,1725,231.47,223.45,233.05
3537,2021-02-11 11:48:00,228.65,228.65,228.65,228.65,75,0,230.91,223.45,233.1
3538,2021-02-11 11:49:00,228.65,228.65,228.65,228.65,75,0,230.91,223.45,233.1
3539,2021-02-11 11:50:00,228.65,228.65,228.65,228.65,75,0,230.91,223.45,233.1
3540,2021-02-11 11:51:00,228.65,228.65,228.65,228.65,75,0,230.91,223.45,233.1
3541,2021-02-11 11:52:00,228.65,228.65,228.65,228.65,75,0,230.91,223.45,233.1
3542,2021-02-11 11:53:00,228.65,228.65,228.65,228.65,75,0,230.91,223.45,233.1
3543,2021-02-11 11:54:00,228.65,228.65,228.65,228.65,75,0,230.91,223.45,233.1
3544,2021-02-11 11:55:00,228.65,228.65,228.65,228.65,75,0,230.91,223.45,233.1
3545,2021-02-11 11:56:00,228.65,228.65,228.65,228.65,75,0,230.91,223.45,233.1
3546,2021-02-11 11:57:00,228.65,228.65,228.65,228.65,75,0,230.91,223.45,233.1
3547,2021-02-11 11:58:00,228.65,228.65,228.65,228.65,75,0,230.91,223.45,233.1
3548,2021-02-11 11:59:00,228.65,228.65,228.65,228.65,75,0,230.91,223.45,233.1
3549,2021-02-11 12:00:00,228.65,228.65,228.65,228.65,75,0,230.91,223.45,233.1
3550,2021-02-11 12:01:00,228.65,228.65,228.65,228.65,75,0,230.91,223.45,233.1
3551,2021-02-11 12:02:00,228.65,228.65,228.65,228.65,75,0,230.91,223.45,233.1
3552,2021-02-11 12:03:00,228.65,228.65,228.65,228.65,75,0,230.91,223.45,233.1
3553,2021-02-11 12:04:00,228.65,228.65,228.65,228.65,75,0,230.91,223.45,233.1
3554,2021-02-11 12:05:00,228.65,228.65,228.65,228.65,75,0,230.91,223.45,233.1
3555,2021-02-11 12:06:00,228.65,228.65,228.65,228.65,75,0,230.91,223.45,233.1
3556,2021-02-11 12:07:00,228.65,228.65,228.65,228.65,75,0,230.91,223.45,233.1
3557,2021-02-11 12:08:00,228.65,228.65,228.65,228.65,75,0,230.91,223.45,233.1
3558,2021-02-11 12:09:00,228.65,228.65,228.65,228.65,75,0,230.91,223.45,233.1
3559,2021-02-11 12:10:00,228.65,228.65,228.65,228.65,75,0,230.91,223.45,233.1
3560,2021-02-11 12:11:00,228.65,228.65,228.65,228.65,75,0,230.91,223.45,233.1
3561,2021-02-11 12:12:00,228.65,228.65,228.65,228.65,75,0,230.91,223.45,233.1
3562,2021-02-11 12:13:00,228.65,228.65,228.65,228.65,75,0,230.91,223.45,233.1
3563,2021-02-11 12:14:00,228.65,228.65,228.65,228.65,75,0,230.91,223.45,233.1
3564,2021-02-11 12:15:00,228.65,228.65,228.65,228.65,75,0,230.91,223.45,233.1
3565,2021-02-11 12:16:00,228.65,228.65,228.65,228.65,75,0,230.91,223.45,233.1
3566,2021-02-11 12:17:00,228.65,228.65,228.65,228.65,75,0,230.91,223.45,233.1
3567,2021-02-11 12:18:00,228.65,228.65,228.65,228.65,75,0,230.91,223.45,233.1
3568,2021-02-11 12:19:00,228.65,228.65,228.65,228.65,75,0,230.91,223.45,233.1
3569,2021-02-11 12:20:00,228.65,228.65,228.65,228.65,75,0,230.91,223.45,233.1
3570,2021-02-11 12:21:00,228.65,228.65,228.65,228.65,75,0,230.91,223.45,233.1
3571,2021-02-11 12:22:00,228.65,228.65,228.65,228.65,75,0,230.91,223.45,233.1
3572,2021-02-11 12:23:00,224.65,224.65,224.65,224.65,75,1950,229.86,218.85,228.55
3573,2021-02-11 12:24:00,224.65,224.65,224.65,224.65,75,1950,229.86,218.85,228.55
3574,2021-02-11 12:25:00,224.65,224.65,224.65,224.65,75,1950,229.86,218.85,228.55
3575,2021-02-11 12:26:00,224.65,224.65,224.65,224.65,75,1950,229.86,218.85,228.55
3576,2021-02-11 12:27:00,224.65,224.65,224.65,224.65,75,1950,229.86,218.85,228.55
3577,2021-02-11 12:28:00,224.65,224.65,224.65,224.65,75,1950,229.86,218.85,228.55
3578,2021-02-11 12:29:00,224.65,224.65,224.65,224.65,75,1950,229.86,218.85,228.55
3579,2021-02-11 12:30:00,219.15,219.15,219.15,219.15,75,1950,228.33,214.35,223.25
3580,2021-02-11 12:31:00,219.15,219.15,219.15,219.15,75,1950,228.33,214.35,223.25
3581,2021-02-11 12:32:00,219.15,219.15,219.15,219.15,75,1950,228.33,214.35,223.25
3582,2021-02-11 12:33:00,219.15,219.15,219.15,219.15,75,1950,228.33,214.35,223.25
3583,2021-02-11 12:34:00,219.15,219.15,219.15,219.15,75,1950,228.33,214.35,223.25
3584,2021-02-11 12:35:00,219.15,219.15,219.15,219.15,75,1950,228.33,214.35,223.25
3585,2021-02-11 12:36:00,219.15,219.15,219.15,219.15,75,1950,228.33,214.35,223.25
3586,2021-02-11 12:37:00,219.15,219.15,219.15,219.15,75,1950,228.33,214.35,223.25
3587,2021-02-11 12:38:00,219.15,219.15,219.15,219.15,75,1950,228.33,214.35,223.25
3588,2021-02-11 12:39:00,219.15,219.15,219.15,219.15,75,1950,228.33,214.35,223.25
3589,2021-02-11 12:40:00,219.15,219.15,219.15,219.15,75,1950,228.33,214.35,223.25
3590,2021-02-11 12:41:00,219.15,219.15,219.15,219.15,75,1950,228.33,214.35,223.25
3591,2021-02-11 12:42:00,219.15,219.15,219.15,219.15,75,1950,228.33,214.35,223.25
3592,2021-02-11 12:43:00,219.15,219.15,219.15,219.15,75,1950,228.33,214.35,223.25
3593,2021-02-11 12:44:00,219.15,219.15,219.15,219.15,75,1950,228.33,214.35,223.25
3594,2021-02-11 12:45:00,219.15,219.15,219.15,219.15,75,1950,228.33,214.35,223.25
3595,2021-02-11 12:46:00,219.15,219.15,219.15,219.15,75,1950,228.33,214.35,223.25
3596,2021-02-11 12:47:00,219.15,219.15,219.15,219.15,75,1950,228.33,214.35,223.25
3597,2021-02-11 12:48:00,219.15,219.15,219.15,219.15,75,1950,228.33,214.35,223.25
3598,2021-02-11 12:49:00,219.15,219.15,219.15,219.15,75,1950,228.33,214.35,223.25
3599,2021-02-11 12:50:00,219.15,219.15,219.15,219.15,75,1950,228.33,214.35,223.25
3600,2021-02-11 12:51:00,219.15,219.15,219.15,219.15,75,1950,228.33,214.35,223.25
3601,2021-02-11 12:52:00,219.15,219.15,219.15,219.15,75,1950,228.33,214.35,223.25
3602,2021-02-11 12:53:00,219.15,219.15,219.15,219.15,75,1950,228.33,214.35,223.25
3603,2021-02-11 12:54:00,219.15,219.15,219.15,219.15,75,1950,228.33,214.35,223.25
3604,2021-02-11 12:55:00,219.15,219.15,219.15,219.15,75,1950,228.33,214.35,223.25
3605,2021-02-11 12:56:00,219.15,219.15,219.15,219.15,75,1950,228.33,214.35,223.25
3606,2021-02-11 12:57:00,219.15,219.15,219.15,219.15,75,1950,228.33,214.35,223.25
3607,2021-02-11 12:58:00,219.15,219.15,219.15,219.15,75,1950,228.33,214.35,223.25
3608,2021-02-11 12:59:00,219.15,219.15,219.15,219.15,75,1950,228.33,214.35,223.25
3609,2021-02-11 13:00:00,219.15,219.15,219.15,219.15,75,1950,228.33,214.35,223.25
3610,2021-02-11 13:01:00,219.15,219.15,219.15,219.15,75,1950,228.33,214.35,223.25
3611,2021-02-11 13:02:00,219.15,219.15,219.15,219.15,75,1950,228.33,214.35,223.25
3612,2021-02-11 13:03:00,219.15,219.15,219.15,219.15,75,1950,228.33,214.35,223.25
3613,2021-02-11 13:04:00,219.15,219.15,219.15,219.15,75,1950,228.33,214.35,223.25
3614,2021-02-11 13:05:00,219.15,219.15,219.15,219.15,75,1950,228.33,214.35,223.25
3615,2021-02-11 13:06:00,219.15,219.15,219.15,219.15,75,1950,228.33,214.35,223.25
3616,2021-02-11 13:07:00,219.15,219.15,219.15,219.15,75,1950,228.33,214.35,223.25
3617,2021-02-11 13:08:00,219.15,219.15,219.15,219.15,75,1950,228.33,214.35,223.25
3618,2021-02-11 13:09:00,219.15,219.15,219.15,219.15,75,1950,228.33,214.35,223.25
3619,2021-02-11 13:10:00,219.15,219.15,219.15,219.15,75,1950,228.33,214.35,223.25
3620,2021-02-11 13:11:00,219.15,219.15,219.15,219.15,75,1950,228.33,214.35,223.25
3621,2021-02-11 13:12:00,219.15,219.15,219.15,219.15,75,1950,228.33,214.35,223.25
3622,2021-02-11 13:13:00,219.15,219.15,219.15,219.15,75,1950,228.33,214.35,223.25
3623,2021-02-11 13:14:00,219.15,219.15,219.15,219.15,75,1950,228.33,214.35,223.25
3624,2021-02-11 13:15:00,219.15,219.15,219.15,219.15,75,1950,228.33,214.35,223.25
3625,2021-02-11 13:16:00,219.15,219.15,219.15,219.15,75,1950,228.33,214.35,223.25
3626,2021-02-11 13:17:00,219.15,219.15,219.15,219.15,75,1950,228.33,214.35,223.25
3627,2021-02-11 13:18:00,219.15,219.15,219.15,219.15,75,1950,228.33,214.35,223.25
3628,2021-02-11 13:19:00,219.15,219.15,219.15,219.15,75,1950,228.33,214.35,223.25
3629,2021-02-11 13:20:00,219.15,219.15,219.15,219.15,75,1950,228.33,214.35,223.25
3630,2021-02-11 13:21:00,219.15,219.15,219.15,219.15,75,1950,228.33,214.35,223.25
3631,2021-02-11 13:22:00,219.15,219.15,219.15,219.15,75,1950,228.33,214.35,223.25
3632,2021-02-11 13:23:00,219.15,219.15,219.15,219.15,75,1950,228.33,214.35,223.25
3633,2021-02-11 13:24:00,219.15,219.15,219.15,219.15,75,1950,228.33,214.35,223.25
3634,2021-02-11 13:25:00,219.15,219.15,219.15,219.15,75,1950,228.33,214.35,223.25
3635,2021-02-11 13:26:00,219.15,219.15,219.15,219.15,75,1950,228.33,214.35,223.25
3636,2021-02-11 13:27:00,219.15,219.15,219.15,219.15,75,1950,228.33,214.35,223.25
3637,2021-02-11 13:28:00,219.15,219.15,219.15,219.15,75,1950,228.33,214.35,223.25
3638,2021-02-11 13:29:00,219.15,219.15,219.15,219.15,75,1950,228.33,214.35,223.25
3639,2021-02-11 13:30:00,219.15,219.15,219.15,219.15,75,1950,228.33,214.35,223.25
3640,2021-02-11 13:31:00,219.15,219.15,219.15,219.15,75,1950,228.33,214.35,223.25
3641,2021-02-11 13:32:00,219.15,219.15,219.15,219.15,75,1950,228.33,214.35,223.25
3642,2021-02-11 13:33:00,219.15,219.15,219.15,219.15,75,1950,228.33,214.35,223.25
3643,2021-02-11 13:34:00,219.15,219.15,219.15,219.15,75,1950,228.33,214.35,223.25
3644,2021-02-11 13:35:00,219.15,219.15,219.15,219.15,75,1950,228.33,214.35,223.25
3645,2021-02-11 13:36:00,219.15,219.15,219.15,219.15,75,1950,228.33,214.35,223.25
3646,2021-02-11 13:37:00,219.15,219.15,219.15,219.15,75,1950,228.33,214.35,223.25
3647,2021-02-11 13:38:00,219.15,219.15,219.15,219.15,75,1950,228.33,214.35,223.25
3648,2021-02-11 13:39:00,219.15,219.15,219.15,219.15,75,1950,228.33,214.35,223.25
3649,2021-02-11 13:40:00,219.15,219.15,219.15,219.15,75,1950,228.33,214.35,223.25
3650,2021-02-11 13:41:00,226.0,226.0,226.0,226.0,75,1950,228.04,221.35,228.6
3651,2021-02-11 13:42:00,226.0,226.0,226.0,226.0,75,1950,228.04,221.35,228.6
3652,2021-02-11 13:43:00,226.0,226.0,226.0,226.0,75,1950,228.04,221.35,228.6
3653,2021-02-11 13:44:00,226.0,226.0,226.0,226.0,75,1950,228.04,221.35,228.6
3654,2021-02-11 13:45:00,226.15,226.15,226.15,226.15,75,2025,227.83,221.35,228.7
3655,2021-02-11 13:46:00,226.15,226.15,226.15,226.15,75,2025,227.83,221.35,228.7
3656,2021-02-11 13:47:00,226.15,226.15,226.15,226.15,75,2025,227.83,221.35,228.7
3657,2021-02-11 13:48:00,226.15,226.15,226.15,226.15,75,2025,227.83,221.35,228.7
3658,2021-02-11 13:49:00,226.15,226.15,226.15,226.15,75,2025,227.83,221.35,228.7
3659,2021-02-11 13:50:00,226.15,226.15,226.15,226.15,75,2025,227.83,221.35,228.7
3660,2021-02-11 13:51:00,226.15,226.15,226.15,226.15,75,2025,227.83,221.35,228.7
3661,2021-02-11 13:52:00,226.15,226.15,226.15,226.15,75,2025,227.83,221.35,228.7
3662,2021-02-11 13:53:00,226.15,226.15,226.15,226.15,75,2025,227.83,221.35,228.7
3663,2021-02-11 13:54:00,226.15,226.15,226.15,226.15,75,2025,227.83,221.35,228.7
3664,2021-02-11 13:55:00,226.15,226.15,226.15,226.15,75,2025,227.83,221.35,228.7
3665,2021-02-11 13:56:00,226.15,226.15,226.15,226.15,75,2025,227.83,221.35,228.7
3666,2021-02-11 13:57:00,226.15,226.15,226.15,226.15,75,2025,227.83,221.35,228.7
3667,2021-02-11 13:58:00,226.15,226.15,226.15,226.15,75,2025,227.83,221.35,228.7
3668,2021-02-11 13:59:00,226.15,226.15,226.15,226.15,75,2025,227.83,221.35,228.7
3669,2021-02-11 14:00:00,226.15,226.15,226.15,226.15,75,2025,227.83,221.35,228.7
3670,2021-02-11 14:01:00,226.15,226.15,226.15,226.15,75,2025,227.83,221.35,228.7
3671,2021-02-11 14:02:00,226.15,226.15,226.15,226.15,75,2025,227.83,221.35,228.7
3672,2021-02-11 14:03:00,220.5,220.5,220.5,220.5,75,2100,227.1,213.7,225.05
3673,2021-02-11 14:04:00,220.5,220.5,220.5,220.5,75,2100,227.1,213.7,225.05
3674,2021-02-11 14:05:00,220.5,220.5,220.5,220.5,75,2100,227.1,213.7,225.05
3675,2021-02-11 14:06:00,220.5,220.5,220.5,220.5,75,2100,227.1,213.7,225.05
3676,2021-02-11 14:07:00,220.5,220.5,220.5,220.5,75,2100,227.1,213.7,225.05
3677,2021-02-11 14:08:00,220.5,220.5,220.5,220.5,75,2100,227.1,213.7,225.05
3678,2021-02-11 14:09:00,220.5,220.5,220.5,220.5,75,2100,227.1,213.7,225.05
3679,2021-02-11 14:10:00,220.5,220.5,220.5,220.5,75,2100,227.1,213.7,225.05
3680,2021-02-11 14:11:00,220.5,220.5,220.5,220.5,75,2100,227.1,213.7,225.05
3681,2021-02-11 14:12:00,220.5,220.5,220.5,220.5,75,2100,227.1,213.7,225.05
3682,2021-02-11 14:13:00,220.5,220.5,220.5,220.5,75,2100,227.1,213.7,225.05
3683,2021-02-11 14:14:00,220.5,220.5,220.5,220.5,75,2100,227.1,213.7,225.05
3684,2021-02-11 14:15:00,220.5,220.5,220.5,220.5,75,2100,227.1,213.7,225.05
3685,2021-02-11 14:16:00,220.5,220.5,220.5,220.5,75,2100,227.1,213.7,225.05
3686,2021-02-11 14:17:00,220.5,220.5,220.5,220.5,75,2100,227.1,213.7,225.05
3687,2021-02-11 14:18:00,220.5,220.5,220.5,220.5,75,2100,227.1,213.7,225.05
3688,2021-02-11 14:19:00,220.5,220.5,220.5,220.5,75,2100,227.1,213.7,225.05
3689,2021-02-11 14:20:00,220.5,220.5,220.5,220.5,75,2100,227.1,213.7,225.05
3690,2021-02-11 14:21:00,220.5,220.5,220.5,220.5,75,2100,227.1,213.7,225.05
3691,2021-02-11 14:22:00,220.5,220.5,220.5,220.5,75,2100,227.1,213.7,225.05
3692,2021-02-11 14:23:00,220.5,220.5,220.5,220.5,75,2100,227.1,213.7,225.05
3693,2021-02-11 14:24:00,220.5,220.5,220.5,220.5,75,2100,227.1,213.7,225.05
3694,2021-02-11 14:25:00,220.5,220.5,220.5,220.5,75,2100,227.1,213.7,225.05
3695,2021-02-11 14:26:00,220.5,220.5,220.5,220.5,75,2100,227.1,213.7,225.05
3696,2021-02-11 14:27:00,220.5,220.5,220.5,220.5,75,2100,227.1,213.7,225.05
3697,2021-02-11 14:28:00,212.7,212.7,212.7,212.7,75,2175,225.79,207.15,227.0
3698,2021-02-11 14:29:00,212.7,212.7,212.7,212.7,75,2175,225.79,207.15,227.0
3699,2021-02-11 14:30:00,212.7,212.7,212.7,212.7,75,2175,225.79,207.15,227.0
3700,2021-02-11 14:31:00,212.7,212.7,212.7,212.7,75,2175,225.79,207.15,227.0
3701,2021-02-11 14:32:00,212.7,212.7,212.7,212.7,75,2175,225.79,207.15,227.0
3702,2021-02-11 14:33:00,212.7,212.7,212.7,212.7,75,2175,225.79,207.15,227.0
3703,2021-02-11 14:34:00,212.7,212.7,212.7,212.7,75,2175,225.79,207.15,227.0
3704,2021-02-11 14:35:00,212.7,212.7,212.7,212.7,75,2175,225.79,207.15,227.0
3705,2021-02-11 14:36:00,212.7,212.7,212.7,212.7,75,2175,225.79,207.15,227.0
3706,2021-02-11 14:37:00,212.7,212.7,212.7,212.7,75,2175,225.79,207.15,227.0
3707,2021-02-11 14:38:00,212.7,212.7,212.7,212.7,75,2175,225.79,207.15,227.0
3708,2021-02-11 14:39:00,212.7,212.7,212.7,212.7,75,2175,225.79,207.15,227.0
3709,2021-02-11 14:40:00,212.7,212.7,212.7,212.7,75,2175,225.79,207.15,227.0
3710,2021-02-11 14:41:00,212.7,212.7,212.7,212.7,75,2175,225.79,207.15,227.0
3711,2021-02-11 14:42:00,208.25,208.25,208.25,208.25,75,2250,224.32,202.15,210.95
3712,2021-02-11 14:43:00,208.25,208.25,208.25,208.25,75,2250,224.32,202.15,210.95
3713,2021-02-11 14:44:00,208.25,208.25,208.25,208.25,75,2250,224.32,202.15,210.95
3714,2021-02-11 14:45:00,208.25,208.25,208.25,208.25,75,2250,224.32,202.15,210.95
3715,2021-02-11 14:46:00,208.25,208.25,208.25,208.25,75,2250,224.32,202.15,210.95
3716,2021-02-11 14:47:00,208.25,208.25,208.25,208.25,75,2250,224.32,202.15,210.95
3717,2021-02-11 14:48:00,208.25,208.25,208.25,208.25,75,2250,224.32,202.15,210.95
3718,2021-02-11 14:49:00,208.25,208.25,208.25,208.25,75,2250,224.32,202.15,210.95
3719,2021-02-11 14:50:00,208.25,208.25,208.25,208.25,75,2250,224.32,202.15,210.95
3720,2021-02-11 14:51:00,208.25,208.25,208.25,208.25,75,2250,224.32,202.15,210.95
3721,2021-02-11 14:52:00,208.25,208.25,208.25,208.25,75,2250,224.32,202.15,210.95
3722,2021-02-11 14:53:00,208.25,208.25,208.25,208.25,75,2250,224.32,202.15,210.95
3723,2021-02-11 14:54:00,208.25,208.25,208.25,208.25,75,2250,224.32,202.15,210.95
3724,2021-02-11 14:55:00,208.25,208.25,208.25,208.25,75,2250,224.32,202.15,210.95
3725,2021-02-11 14:56:00,208.25,208.25,208.25,208.25,75,2250,224.32,202.15,210.95
3726,2021-02-11 14:57:00,208.25,208.25,208.25,208.25,75,2250,224.32,202.15,210.95
3727,2021-02-11 14:58:00,208.25,208.25,208.25,208.25,75,2250,224.32,202.15,210.95
3728,2021-02-11 14:59:00,208.25,208.25,208.25,208.25,75,2250,224.32,202.15,210.95
3729,2021-02-11 15:00:00,208.25,208.25,208.25,208.25,75,2250,224.32,202.15,210.95
3730,2021-02-11 15:01:00,208.25,208.25,208.25,208.25,75,2250,224.32,202.15,210.95
3731,2021-02-11 15:02:00,208.25,208.25,208.25,208.25,75,2250,224.32,202.15,210.95
3732,2021-02-11 15:03:00,208.25,208.25,208.25,208.25,75,2250,224.32,202.15,210.95
3733,2021-02-11 15:04:00,208.25,208.25,208.25,208.25,75,2250,224.32,202.15,210.95
3734,2021-02-11 15:05:00,208.25,208.25,208.25,208.25,75,2250,224.32,202.15,210.95
3735,2021-02-11 15:06:00,208.25,208.25,208.25,208.25,75,2250,224.32,202.15,210.95
3736,2021-02-11 15:07:00,208.25,208.25,208.25,208.25,75,2250,224.32,202.15,210.95
3737,2021-02-11 15:08:00,209.0,209.0,209.0,209.0,150,2175,222.13,202.4,211.7
3738,2021-02-11 15:09:00,209.0,209.0,209.0,209.0,150,2175,222.13,202.4,211.7
3739,2021-02-11 15:10:00,209.0,209.0,209.0,209.0,150,2175,222.13,202.4,211.7
3740,2021-02-11 15:11:00,209.0,209.0,209.0,209.0,150,2175,222.13,202.4,211.7
3741,2021-02-11 15:12:00,209.0,209.0,209.0,209.0,150,2175,222.13,202.4,211.7
3742,2021-02-11 15:13:00,209.0,209.0,209.0,209.0,150,2175,222.13,202.4,211.7
3743,2021-02-11 15:14:00,209.0,209.0,209.0,209.0,150,2175,222.13,202.4,211.7
3744,2021-02-11 15:15:00,209.0,209.0,209.0,209.0,150,2175,222.13,202.4,211.7
3745,2021-02-11 15:16:00,209.0,209.0,209.0,209.0,150,2175,222.13,202.4,211.7
3746,2021-02-11 15:17:00,209.0,209.0,209.0,209.0,150,2175,222.13,202.4,211.7
3747,2021-02-11 15:18:00,209.0,209.0,209.0,209.0,150,2175,222.13,202.4,211.7
3748,2021-02-11 15:19:00,209.0,209.0,209.0,209.0,150,2175,222.13,202.4,211.7
3749,2021-02-11 15:20:00,209.0,209.0,209.0,209.0,150,2175,222.13,202.4,211.7
3750,2021-02-11 15:21:00,209.0,209.0,209.0,209.0,150,2175,222.13,202.4,211.7
3751,2021-02-11 15:22:00,209.0,209.0,209.0,209.0,150,2175,222.13,202.4,211.7
3752,2021-02-11 15:23:00,209.0,209.0,209.0,209.0,150,2175,222.13,202.4,211.7
3753,2021-02-11 15:24:00,209.0,209.0,209.0,209.0,150,2175,222.13,202.4,211.7
3754,2021-02-11 15:25:00,209.0,209.0,209.0,209.0,150,2175,222.13,202.4,211.7
3755,2021-02-11 15:26:00,209.0,209.0,209.0,209.0,150,2175,222.13,202.4,211.7
3756,2021-02-11 15:27:00,209.0,209.0,209.0,209.0,150,2175,222.13,202.4,211.7
3757,2021-02-11 15:28:00,205.35,205.35,205.35,205.35,75,2400,221.02,198.9,205.25
3758,2021-02-11 15:29:00,205.35,205.35,205.35,205.35,75,2400,221.02,198.9,205.25
3759,2021-02-11 15:30:00,205.35,205.35,205.35,205.35,75,2400,221.02,198.9,205.25
3760,2021-02-12 09:15:00,205.35,205.35,205.35,205.35,75,2400,221.02,198.9,205.25
3761,2021-02-12 09:16:00,205.35,205.35,205.35,205.35,75,2400,221.02,198.9,205.25
3762,2021-02-12 09:17:00,205.35,205.35,205.35,205.35,75,2400,221.02,198.9,205.25
3763,2021-02-12 09:18:00,205.35,205.35,205.35,205.35,75,2400,221.02,198.9,205.25
3764,2021-02-12 09:19:00,205.35,205.35,205.35,205.35,75,2400,221.02,198.9,205.25
3765,2021-02-12 09:20:00,205.35,205.35,205.35,205.35,75,2400,221.02,198.9,205.25
3766,2021-02-12 09:21:00,205.35,205.35,205.35,205.35,75,2400,221.02,198.9,205.25
3767,2021-02-12 09:22:00,205.35,205.35,205.35,205.35,75,2400,221.02,198.9,205.25
3768,2021-02-12 09:23:00,205.35,205.35,205.35,205.35,75,2400,221.02,198.9,205.25
3769,2021-02-12 09:24:00,205.35,205.35,205.35,205.35,75,2400,221.02,198.9,205.25
3770,2021-02-12 09:25:00,205.35,205.35,205.35,205.35,75,2400,221.02,198.9,205.25
3771,2021-02-12 09:26:00,205.35,205.35,205.35,205.35,75,2400,221.02,198.9,205.25
3772,2021-02-12 09:27:00,205.35,205.35,205.35,205.35,75,2400,221.02,198.9,205.25
3773,2021-02-12 09:28:00,205.35,205.35,205.35,205.35,75,2400,221.02,198.9,205.25
3774,2021-02-12 09:29:00,205.35,205.35,205.35,205.35,75,2400,221.02,198.9,205.25
3775,2021-02-12 09:30:00,198.15,198.15,198.15,198.15,75,2400,198.15,191.8,201.8
3776,2021-02-12 09:31:00,198.15,198.15,198.15,198.15,75,2400,198.15,191.8,201.8
3777,2021-02-12 09:32:00,198.15,198.15,198.15,198.15,75,2400,198.15,191.8,201.8
3778,2021-02-12 09:33:00,198.15,198.15,198.15,198.15,75,2400,198.15,191.8,201.8
3779,2021-02-12 09:34:00,198.15,198.15,198.15,198.15,75,2400,198.15,191.8,201.8
3780,2021-02-12 09:35:00,198.15,198.15,198.15,198.15,75,2400,198.15,191.8,201.8
3781,2021-02-12 09:36:00,198.15,198.15,198.15,198.15,75,2400,198.15,191.8,201.8
3782,2021-02-12 09:37:00,198.15,198.15,198.15,198.15,75,2400,198.15,191.8,201.8
3783,2021-02-12 09:38:00,198.15,198.15,198.15,198.15,75,2400,198.15,191.8,201.8
3784,2021-02-12 09:39:00,198.15,198.15,198.15,198.15,75,2400,198.15,191.8,201.8
3785,2021-02-12 09:40:00,198.15,198.15,198.15,198.15,75,2400,198.15,191.8,201.8
3786,2021-02-12 09:41:00,198.15,198.15,198.15,198.15,75,2400,198.15,191.8,201.8
3787,2021-02-12 09:42:00,198.15,198.15,198.15,198.15,75,2400,198.15,191.8,201.8
3788,2021-02-12 09:43:00,198.15,198.15,198.15,198.15,75,2400,198.15,191.8,201.8
3789,2021-02-12 09:44:00,198.15,198.15,198.15,198.15,75,2400,198.15,191.8,201.8
3790,2021-02-12 09:45:00,198.15,198.15,198.15,198.15,75,2400,198.15,191.8,201.8
3791,2021-02-12 09:46:00,198.15,198.15,198.15,198.15,75,2400,198.15,191.8,201.8
3792,2021-02-12 09:47:00,198.15,198.15,198.15,198.15,75,2400,198.15,191.8,201.8
3793,2021-02-12 09:48:00,198.15,198.15,198.15,198.15,75,2400,198.15,191.8,201.8
3794,2021-02-12 09:49:00,198.15,198.15,198.15,198.15,75,2400,198.15,191.8,201.8
3795,2021-02-12 09:50:00,198.15,198.15,198.15,198.15,75,2400,198.15,191.8,201.8
3796,2021-02-12 09:51:00,192.1,192.1,192.1,192.1,75,2325,195.12,186.05,194.4
3797,2021-02-12 09:52:00,192.1,192.1,192.1,192.1,75,2325,195.12,186.05,194.4
3798,2021-02-12 09:53:00,192.1,192.1,192.1,192.1,75,2325,195.12,186.05,194.4
3799,2021-02-12 09:54:00,192.1,192.1,192.1,192.1,75,2325,195.12,186.05,194.4
3800,2021-02-12 09:55:00,192.1,192.1,192.1,192.1,75,2325,195.12,186.05,194.4
3801,2021-02-12 09:56:00,192.1,192.1,192.1,192.1,75,2325,195.12,186.05,194.4
3802,2021-02-12 09:57:00,192.1,192.1,192.1,192.1,75,2325,195.12,186.05,194.4
3803,2021-02-12 09:58:00,192.1,192.1,192.1,192.1,75,2325,195.12,186.05,194.4
3804,2021-02-12 09:59:00,192.1,192.1,192.1,192.1,75,2325,195.12,186.05,194.4
3805,2021-02-12 10:00:00,192.1,192.1,192.1,192.1,75,2325,195.12,186.05,194.4
3806,2021-02-12 10:01:00,192.1,192.1,192.1,192.1,75,2325,195.12,186.05,194.4
3807,2021-02-12 10:02:00,192.1,192.1,192.1,192.1,75,2325,195.12,186.05,194.4
3808,2021-02-12 10:03:00,192.1,192.1,192.1,192.1,75,2325,195.12,186.05,194.4
3809,2021-02-12 10:04:00,192.1,192.1,192.1,192.1,75,2325,195.12,186.05,194.4
3810,2021-02-12 10:05:00,192.1,192.1,192.1,192.1,75,2325,195.12,186.05,194.4
3811,2021-02-12 10:06:00,192.1,192.1,192.1,192.1,75,2325,195.12,186.05,194.4
3812,2021-02-12 10:07:00,192.1,192.1,192.1,192.1,75,2325,195.12,186.05,194.4
3813,2021-02-12 10:08:00,192.1,192.1,192.1,192.1,75,2325,195.12,186.05,194.4
3814,2021-02-12 10:09:00,192.1,192.1,192.1,192.1,75,2325,195.12,186.05,194.4
3815,2021-02-12 10:10:00,192.1,192.1,192.1,192.1,75,2325,195.12,186.05,194.4
3816,2021-02-12 10:11:00,192.1,192.1,192.1,192.1,75,2325,195.12,186.05,194.4
3817,2021-02-12 10:12:00,192.1,192.1,192.1,192.1,75,2325,195.12,186.05,194.4
3818,2021-02-12 10:13:00,192.1,192.1,192.1,192.1,75,2325,195.12,186.05,194.4
3819,2021-02-12 10:14:00,192.1,192.1,192.1,192.1,75,2325,195.12,186.05,194.4
3820,2021-02-12 10:15:00,192.1,192.1,192.1,192.1,75,2325,195.12,186.05,194.4
3821,2021-02-12 10:16:00,192.1,192.1,192.1,192.1,75,2325,195.12,186.05,194.4
3822,2021-02-12 10:17:00,192.1,192.1,192.1,192.1,75,2325,195.12,186.05,194.4
3823,2021-02-12 10:18:00,191.9,191.9,191.9,191.9,225,2250,193.2,182.45,193.8
3824,2021-02-12 10:19:00,191.9,191.9,191.9,191.9,225,2250,193.2,182.45,193.8
3825,2021-02-12 10:20:00,191.9,191.9,191.9,191.9,225,2250,193.2,182.45,193.8
3826,2021-02-12 10:21:00,191.9,191.9,191.9,191.9,225,2250,193.2,182.45,193.8
3827,2021-02-12 10:22:00,191.9,191.9,191.9,191.9,225,2250,193.2,182.45,193.8
3828,2021-02-12 10:23:00,191.9,191.9,191.9,191.9,225,2250,193.2,182.45,193.8
3829,2021-02-12 10:24:00,191.9,191.9,191.9,191.9,225,2250,193.2,182.45,193.8
3830,2021-02-12 10:25:00,191.9,191.9,191.9,191.9,225,2250,193.2,182.45,193.8
3831,2021-02-12 10:26:00,191.9,191.9,191.9,191.9,225,2250,193.2,182.45,193.8
3832,2021-02-12 10:27:00,191.9,191.9,191.9,191.9,225,2250,193.2,182.45,193.8
3833,2021-02-12 10:28:00,191.9,191.9,191.9,191.9,225,2250,193.2,182.45,193.8
3834,2021-02-12 10:29:00,195.05,195.05,195.0,195.0,150,2025,193.72,184.85,195.3
3835,2021-02-12 10:30:00,195.05,195.05,195.0,195.0,150,2025,193.72,184.85,195.3
3836,2021-02-12 10:31:00,195.05,195.05,195.0,195.0,150,2025,193.72,184.85,195.3
3837,2021-02-12 10:32:00,195.05,195.05,195.0,195.0,150,2025,193.72,184.85,195.3
3838,2021-02-12 10:33:00,195.05,195.05,195.0,195.0,150,2025,193.72,184.85,195.3
3839,2021-02-12 10:34:00,195.05,195.05,195.0,195.0,150,2025,193.72,184.85,195.3
3840,2021-02-12 10:35:00,195.05,195.05,195.0,195.0,150,2025,193.72,184.85,195.3
3841,2021-02-12 10:36:00,195.05,195.05,195.0,195.0,150,2025,193.72,184.85,195.3
3842,2021-02-12 10:37:00,195.05,195.05,195.0,195.0,150,2025,193.72,184.85,195.3
3843,2021-02-12 10:38:00,195.05,195.05,195.0,195.0,150,2025,193.72,184.85,195.3
3844,2021-02-12 10:39:00,195.05,195.05,195.0,195.0,150,2025,193.72,184.85,195.3
3845,2021-02-12 10:40:00,195.05,195.05,195.0,195.0,150,2025,193.72,184.85,195.3
3846,2021-02-12 10:41:00,195.05,195.05,195.0,195.0,150,2025,193.72,184.85,195.3
3847,2021-02-12 10:42:00,195.05,195.05,195.0,195.0,150,2025,193.72,184.85,195.3
3848,2021-02-12 10:43:00,195.05,195.05,195.0,195.0,150,2025,193.72,184.85,195.3
3849,2021-02-12 10:44:00,195.05,195.05,195.0,195.0,150,2025,193.72,184.85,195.3
3850,2021-02-12 10:45:00,195.05,195.05,195.0,195.0,150,2025,193.72,184.85,195.3
3851,2021-02-12 10:46:00,195.05,195.05,195.0,195.0,150,2025,193.72,184.85,195.3
3852,2021-02-12 10:47:00,195.05,195.05,195.0,195.0,150,2025,193.72,184.85,195.3
3853,2021-02-12 10:48:00,195.05,195.05,195.0,195.0,150,2025,193.72,184.85,195.3
3854,2021-02-12 10:49:00,195.05,195.05,195.0,195.0,150,2025,193.72,184.85,195.3
3855,2021-02-12 10:50:00,195.05,195.05,195.0,195.0,150,2025,193.72,184.85,195.3
3856,2021-02-12 10:51:00,195.05,195.05,195.0,195.0,150,2025,193.72,184.85,195.3
3857,2021-02-12 10:52:00,195.05,195.05,195.0,195.0,150,2025,193.72,184.85,195.3
3858,2021-02-12 10:53:00,195.05,195.05,195.0,195.0,150,2025,193.72,184.85,195.3
3859,2021-02-12 10:54:00,195.05,195.05,195.0,195.0,150,2025,193.72,184.85,195.3
3860,2021-02-12 10:55:00,195.05,195.05,195.0,195.0,150,2025,193.72,184.85,195.3
3861,2021-02-12 10:56:00,195.05,195.05,195.0,195.0,150,2025,193.72,184.85,195.3
3862,2021-02-12 10:57:00,195.05,195.05,195.0,195.0,150,2025,193.72,184.85,195.3
3863,2021-02-12 10:58:00,195.05,195.05,195.0,195.0,150,2025,193.72,184.85,195.3
3864,2021-02-12 10:59:00,195.05,195.05,195.0,195.0,150,2025,193.72,184.85,195.3
3865,2021-02-12 11:00:00,195.05,195.05,195.0,195.0,150,2025,193.72,184.85,195.3
3866,2021-02-12 11:01:00,195.05,195.05,195.0,195.0,150,2025,193.72,184.85,195.3
3867,2021-02-12 11:02:00,195.05,195.05,195.0,195.0,150,2025,193.72,184.85,195.3
3868,2021-02-12 11:03:00,195.05,195.05,195.0,195.0,150,2025,193.72,184.85,195.3
3869,2021-02-12 11:04:00,195.05,195.05,195.0,195.0,150,2025,193.72,184.85,195.3
3870,2021-02-12 11:05:00,195.05,195.05,195.0,195.0,150,2025,193.72,184.85,195.3
3871,2021-02-12 11:06:00,195.05,195.05,195.0,195.0,150,2025,193.72,184.85,195.3
3872,2021-02-12 11:07:00,195.05,195.05,195.0,195.0,150,2025,193.72,184.85,195.3
3873,2021-02-12 11:08:00,195.05,195.05,195.0,195.0,150,2025,193.72,184.85,195.3
3874,2021-02-12 11:09:00,195.05,195.05,195.0,195.0,150,2025,193.72,184.85,195.3
3875,2021-02-12 11:10:00,195.05,195.05,195.0,195.0,150,2025,193.72,184.85,195.3
3876,2021-02-12 11:11:00,195.05,195.05,195.0,195.0,150,2025,193.72,184.85,195.3
3877,2021-02-12 11:12:00,195.05,195.05,195.0,195.0,150,2025,193.72,184.85,195.3
3878,2021-02-12 11:13:00,195.05,195.05,195.0,195.0,150,2025,193.72,184.85,195.3
3879,2021-02-12 11:14:00,195.05,195.05,195.0,195.0,150,2025,193.72,184.85,195.3
3880,2021-02-12 11:15:00,195.05,195.05,195.0,195.0,150,2025,193.72,184.85,195.3
3881,2021-02-12 11:16:00,195.05,195.05,195.0,195.0,150,2025,193.72,184.85,195.3
3882,2021-02-12 11:17:00,195.05,195.05,195.0,195.0,150,2025,193.72,184.85,195.3
3883,2021-02-12 11:18:00,195.05,195.05,195.0,195.0,150,2025,193.72,184.85,195.3
3884,2021-02-12 11:19:00,195.05,195.05,195.0,195.0,150,2025,193.72,184.85,195.3
3885,2021-02-12 11:20:00,195.05,195.05,195.0,195.0,150,2025,193.72,184.85,195.3
3886,2021-02-12 11:21:00,195.05,195.05,195.0,195.0,150,2025,193.72,184.85,195.3
3887,2021-02-12 11:22:00,195.05,195.05,195.0,195.0,150,2025,193.72,184.85,195.3
3888,2021-02-12 11:23:00,195.05,195.05,195.0,195.0,150,2025,193.72,184.85,195.3
3889,2021-02-12 11:24:00,195.05,195.05,195.0,195.0,150,2025,193.72,184.85,195.3
3890,2021-02-12 11:25:00,195.05,195.05,195.0,195.0,150,2025,193.72,184.85,195.3
3891,2021-02-12 11:26:00,195.05,195.05,195.0,195.0,150,2025,193.72,184.85,195.3
3892,2021-02-12 11:27:00,195.05,195.05,195.0,195.0,150,2025,193.72,184.85,195.3
3893,2021-02-12 11:28:00,195.05,195.05,195.0,195.0,150,2025,193.72,184.85,195.3
3894,2021-02-12 11:29:00,195.05,195.05,195.0,195.0,150,2025,193.72,184.85,195.3
3895,2021-02-12 11:30:00,195.05,195.05,195.0,195.0,150,2025,193.72,184.85,195.3
3896,2021-02-12 11:31:00,195.05,195.05,195.0,195.0,150,2025,193.72,184.85,195.3
3897,2021-02-12 11:32:00,195.05,195.05,195.0,195.0,150,2025,193.72,184.85,195.3
3898,2021-02-12 11:33:00,195.05,195.05,195.0,195.0,150,2025,193.72,184.85,195.3
3899,2021-02-12 11:34:00,195.05,195.05,195.0,195.0,150,2025,193.72,184.85,195.3
3900,2021-02-12 11:35:00,195.05,195.05,195.0,195.0,150,2025,193.72,184.85,195.3
3901,2021-02-12 11:36:00,195.05,195.05,195.0,195.0,150,2025,193.72,184.85,195.3
3902,2021-02-12 11:37:00,195.05,195.05,195.0,195.0,150,2025,193.72,184.85,195.3
3903,2021-02-12 11:38:00,195.05,195.05,195.0,195.0,150,2025,193.72,184.85,195.3
3904,2021-02-12 11:39:00,195.05,195.05,195.0,195.0,150,2025,193.72,184.85,195.3
3905,2021-02-12 11:40:00,195.05,195.05,195.0,195.0,150,2025,193.72,184.85,195.3
3906,2021-02-12 11:41:00,195.05,195.05,195.0,195.0,150,2025,193.72,184.85,195.3
3907,2021-02-12 11:42:00,195.05,195.05,195.0,195.0,150,2025,193.72,184.85,195.3
3908,2021-02-12 11:43:00,195.05,195.05,195.0,195.0,150,2025,193.72,184.85,195.3
3909,2021-02-12 11:44:00,195.05,195.05,195.0,195.0,150,2025,193.72,184.85,195.3
3910,2021-02-12 11:45:00,195.05,195.05,195.0,195.0,150,2025,193.72,184.85,195.3
3911,2021-02-12 11:46:00,195.05,195.05,195.0,195.0,150,2025,193.72,184.85,195.3
3912,2021-02-12 11:47:00,195.05,195.05,195.0,195.0,150,2025,193.72,184.85,195.3
3913,2021-02-12 11:48:00,195.05,195.05,195.0,195.0,150,2025,193.72,184.85,195.3
3914,2021-02-12 11:49:00,195.05,195.05,195.0,195.0,150,2025,193.72,184.85,195.3
3915,2021-02-12 11:50:00,195.05,195.05,195.0,195.0,150,2025,193.72,184.85,195.3
3916,2021-02-12 11:51:00,195.05,195.05,195.0,195.0,150,2025,193.72,184.85,195.3
3917,2021-02-12 11:52:00,195.05,195.05,195.0,195.0,150,2025,193.72,184.85,195.3
3918,2021-02-12 11:53:00,195.05,195.05,195.0,195.0,150,2025,193.72,184.85,195.3
3919,2021-02-12 11:54:00,195.05,195.05,195.0,195.0,150,2025,193.72,184.85,195.3
3920,2021-02-12 11:55:00,195.05,195.05,195.0,195.0,150,2025,193.72,184.85,195.3
3921,2021-02-12 11:56:00,195.05,195.05,195.0,195.0,150,2025,193.72,184.85,195.3
3922,2021-02-12 11:57:00,195.05,195.05,195.0,195.0,150,2025,193.72,184.85,195.3
3923,2021-02-12 11:58:00,195.05,195.05,195.0,195.0,150,2025,193.72,184.85,195.3
3924,2021-02-12 11:59:00,195.05,195.05,195.0,195.0,150,2025,193.72,184.85,195.3
3925,2021-02-12 12:00:00,195.05,195.05,195.0,195.0,150,2025,193.72,184.85,195.3
3926,2021-02-12 12:01:00,195.05,195.05,195.0,195.0,150,2025,193.72,184.85,195.3
3927,2021-02-12 12:02:00,195.05,195.05,195.0,195.0,150,2025,193.72,184.85,195.3
3928,2021-02-12 12:03:00,195.05,195.05,195.0,195.0,150,2025,193.72,184.85,195.3
3929,2021-02-12 12:04:00,195.05,195.05,195.0,195.0,150,2025,193.72,184.85,195.3
3930,2021-02-12 12:05:00,195.05,195.05,195.0,195.0,150,2025,193.72,184.85,195.3
3931,2021-02-12 12:06:00,195.05,195.05,195.0,195.0,150,2025,193.72,184.85,195.3
3932,2021-02-12 12:07:00,195.05,195.05,195.0,195.0,150,2025,193.72,184.85,195.3
3933,2021-02-12 12:08:00,195.05,195.05,195.0,195.0,150,2025,193.72,184.85,195.3
3934,2021-02-12 12:09:00,195.05,195.05,195.0,195.0,150,2025,193.72,184.85,195.3
3935,2021-02-12 12:10:00,195.05,195.05,195.0,195.0,150,2025,193.72,184.85,195.3
3936,2021-02-12 12:11:00,195.05,195.05,195.0,195.0,150,2025,193.72,184.85,195.3
3937,2021-02-12 12:12:00,195.05,195.05,195.0,195.0,150,2025,193.72,184.85,195.3
3938,2021-02-12 12:13:00,195.05,195.05,195.0,195.0,150,2025,193.72,184.85,195.3
3939,2021-02-12 12:14:00,195.05,195.05,195.0,195.0,150,2025,193.72,184.85,195.3
3940,2021-02-12 12:15:00,195.05,195.05,195.0,195.0,150,2025,193.72,184.85,195.3
3941,2021-02-12 12:16:00,195.05,195.05,195.0,195.0,150,2025,193.72,184.85,195.3
3942,2021-02-12 12:17:00,195.05,195.05,195.0,195.0,150,2025,193.72,184.85,195.3
3943,2021-02-12 12:18:00,195.05,195.05,195.0,195.0,150,2025,193.72,184.85,195.3
3944,2021-02-12 12:19:00,195.05,195.05,195.0,195.0,150,2025,193.72,184.85,195.3
3945,2021-02-12 12:20:00,195.05,195.05,195.0,195.0,150,2025,193.72,184.85,195.3
3946,2021-02-12 12:21:00,195.05,195.05,195.0,195.0,150,2025,193.72,184.85,195.3
3947,2021-02-12 12:22:00,195.05,195.05,195.0,195.0,150,2025,193.72,184.85,195.3
3948,2021-02-12 12:23:00,195.05,195.05,195.0,195.0,150,2025,193.72,184.85,195.3
3949,2021-02-12 12:24:00,195.05,195.05,195.0,195.0,150,2025,193.72,184.85,195.3
3950,2021-02-12 12:25:00,195.05,195.05,195.0,195.0,150,2025,193.72,184.85,195.3
3951,2021-02-12 12:26:00,195.05,195.05,195.0,195.0,150,2025,193.72,184.85,195.3
3952,2021-02-12 12:27:00,195.05,195.05,195.0,195.0,150,2025,193.72,184.85,195.3
3953,2021-02-12 12:28:00,195.05,195.05,195.0,195.0,150,2025,193.72,184.85,195.3
3954,2021-02-12 12:29:00,195.05,195.05,195.0,195.0,150,2025,193.72,184.85,195.3
3955,2021-02-12 12:30:00,195.05,195.05,195.0,195.0,150,2025,193.72,184.85,195.3
3956,2021-02-12 12:31:00,195.05,195.05,195.0,195.0,150,2025,193.72,184.85,195.3
3957,2021-02-12 12:32:00,195.05,195.05,195.0,195.0,150,2025,193.72,184.85,195.3
3958,2021-02-12 12:33:00,195.05,195.05,195.0,195.0,150,2025,193.72,184.85,195.3
3959,2021-02-12 12:34:00,195.05,195.05,195.0,195.0,150,2025,193.72,184.85,195.3
3960,2021-02-12 12:35:00,195.05,195.05,195.0,195.0,150,2025,193.72,184.85,195.3
3961,2021-02-12 12:36:00,195.05,195.05,195.0,195.0,150,2025,193.72,184.85,195.3
3962,2021-02-12 12:37:00,195.05,195.05,195.0,195.0,150,2025,193.72,184.85,195.3
3963,2021-02-12 12:38:00,195.05,195.05,195.0,195.0,150,2025,193.72,184.85,195.3
3964,2021-02-12 12:39:00,195.05,195.05,195.0,195.0,150,2025,193.72,184.85,195.3
3965,2021-02-12 12:40:00,195.05,195.05,195.0,195.0,150,2025,193.72,184.85,195.3
3966,2021-02-12 12:41:00,195.05,195.05,195.0,195.0,150,2025,193.72,184.85,195.3
3967,2021-02-12 12:42:00,195.05,195.05,195.0,195.0,150,2025,193.72,184.85,195.3
3968,2021-02-12 12:43:00,195.05,195.05,195.0,195.0,150,2025,193.72,184.85,195.3
3969,2021-02-12 12:44:00,195.05,195.05,195.0,195.0,150,2025,193.72,184.85,195.3
3970,2021-02-12 12:45:00,195.05,195.05,195.0,195.0,150,2025,193.72,184.85,195.3
3971,2021-02-12 12:46:00,195.05,195.05,195.0,195.0,150,2025,193.72,184.85,195.3
3972,2021-02-12 12:47:00,195.05,195.05,195.0,195.0,150,2025,193.72,184.85,195.3
3973,2021-02-12 12:48:00,195.05,195.05,195.0,195.0,150,2025,193.72,184.85,195.3
3974,2021-02-12 12:49:00,195.05,195.05,195.0,195.0,150,2025,193.72,184.85,195.3
3975,2021-02-12 12:50:00,195.05,195.05,195.0,195.0,150,2025,193.72,184.85,195.3
3976,2021-02-12 12:51:00,195.05,195.05,195.0,195.0,150,2025,193.72,184.85,195.3
3977,2021-02-12 12:52:00,195.05,195.05,195.0,195.0,150,2025,193.72,184.85,195.3
3978,2021-02-12 12:53:00,195.05,195.05,195.0,195.0,150,2025,193.72,184.85,195.3
3979,2021-02-12 12:54:00,195.05,195.05,195.0,195.0,150,2025,193.72,184.85,195.3
3980,2021-02-12 12:55:00,195.05,195.05,195.0,195.0,150,2025,193.72,184.85,195.3
3981,2021-02-12 12:56:00,195.05,195.05,195.0,195.0,150,2025,193.72,184.85,195.3
3982,2021-02-12 12:57:00,195.05,195.05,195.0,195.0,150,2025,193.72,184.85,195.3
3983,2021-02-12 12:58:00,195.05,195.05,195.0,195.0,150,2025,193.72,184.85,195.3
3984,2021-02-12 12:59:00,182.1,182.1,182.1,182.1,75,1875,192.26,0.0,0.0
3985,2021-02-12 13:00:00,182.1,182.1,182.1,182.1,75,1875,192.26,0.0,0.0
3986,2021-02-12 13:01:00,182.1,182.1,182.1,182.1,75,1875,192.26,0.0,0.0
3987,2021-02-12 13:02:00,182.1,182.1,182.1,182.1,75,1875,192.26,0.0,0.0
3988,2021-02-12 13:03:00,182.1,182.1,182.1,182.1,75,1875,192.26,0.0,0.0
3989,2021-02-12 13:04:00,182.1,182.1,182.1,182.1,75,1875,192.26,0.0,0.0
3990,2021-02-12 13:05:00,182.1,182.1,182.1,182.1,75,1875,192.26,0.0,0.0
3991,2021-02-12 13:06:00,182.1,182.1,182.1,182.1,75,1875,192.26,0.0,0.0
3992,2021-02-12 13:07:00,182.1,182.1,182.1,182.1,75,1875,192.26,0.0,0.0
3993,2021-02-12 13:08:00,182.1,182.1,182.1,182.1,75,1875,192.26,0.0,0.0
3994,2021-02-12 13:09:00,182.1,182.1,182.1,182.1,75,1875,192.26,0.0,0.0
3995,2021-02-12 13:10:00,182.1,182.1,182.1,182.1,75,1875,192.26,0.0,0.0
3996,2021-02-12 13:11:00,182.1,182.1,182.1,182.1,75,1875,192.26,0.0,0.0
3997,2021-02-12 13:12:00,182.1,182.1,182.1,182.1,75,1875,192.26,0.0,0.0
3998,2021-02-12 13:13:00,182.1,182.1,182.1,182.1,75,1875,192.26,0.0,0.0
3999,2021-02-12 13:14:00,182.1,182.1,182.1,182.1,75,1875,192.26,0.0,0.0
4000,2021-02-12 13:15:00,182.1,182.1,182.1,182.1,75,1875,192.26,0.0,0.0
4001,2021-02-12 13:16:00,182.1,182.1,182.1,182.1,75,1875,192.26,0.0,0.0
4002,2021-02-12 13:17:00,182.1,182.1,182.1,182.1,75,1875,192.26,0.0,0.0
4003,2021-02-12 13:18:00,182.1,182.1,182.1,182.1,75,1875,192.26,0.0,0.0
4004,2021-02-12 13:19:00,182.1,182.1,182.1,182.1,75,1875,192.26,0.0,0.0
4005,2021-02-12 13:20:00,182.1,182.1,182.1,182.1,75,1875,192.26,0.0,0.0
4006,2021-02-12 13:21:00,182.1,182.1,182.1,182.1,75,1875,192.26,0.0,0.0
4007,2021-02-12 13:22:00,182.1,182.1,182.1,182.1,75,1875,192.26,0.0,0.0
4008,2021-02-12 13:23:00,182.1,182.1,182.1,182.1,75,1875,192.26,0.0,0.0
4009,2021-02-12 13:24:00,182.1,182.1,182.1,182.1,75,1875,192.26,0.0,0.0
4010,2021-02-12 13:25:00,182.1,182.1,182.1,182.1,75,1875,192.26,0.0,0.0
4011,2021-02-12 13:26:00,182.1,182.1,182.1,182.1,75,1875,192.26,0.0,0.0
4012,2021-02-12 13:27:00,182.1,182.1,182.1,182.1,75,1875,192.26,0.0,0.0
4013,2021-02-12 13:28:00,182.1,182.1,182.1,182.1,75,1875,192.26,0.0,0.0
4014,2021-02-12 13:29:00,182.1,182.1,182.1,182.1,75,1875,192.26,0.0,0.0
4015,2021-02-12 13:30:00,182.1,182.1,182.1,182.1,75,1875,192.26,0.0,0.0
4016,2021-02-12 13:31:00,182.1,182.1,182.1,182.1,75,1875,192.26,0.0,0.0
4017,2021-02-12 13:32:00,182.1,182.1,182.1,182.1,75,1875,192.26,0.0,0.0
4018,2021-02-12 13:33:00,182.1,182.1,182.1,182.1,75,1875,192.26,0.0,0.0
4019,2021-02-12 13:34:00,182.1,182.1,182.1,182.1,75,1875,192.26,0.0,0.0
4020,2021-02-12 13:35:00,182.1,182.1,182.1,182.1,75,1875,192.26,0.0,0.0
4021,2021-02-12 13:36:00,182.1,182.1,182.1,182.1,75,1875,192.26,0.0,0.0
4022,2021-02-12 13:37:00,182.1,182.1,182.1,182.1,75,1875,192.26,0.0,0.0
4023,2021-02-12 13:38:00,182.1,182.1,182.1,182.1,75,1875,192.26,0.0,0.0
4024,2021-02-12 13:39:00,182.1,182.1,182.1,182.1,75,1875,192.26,0.0,0.0
4025,2021-02-12 13:40:00,182.1,182.1,182.1,182.1,75,1875,192.26,0.0,0.0
4026,2021-02-12 13:41:00,182.1,182.1,182.1,182.1,75,1875,192.26,0.0,0.0
4027,2021-02-12 13:42:00,182.1,182.1,182.1,182.1,75,1875,192.26,0.0,0.0
4028,2021-02-12 13:43:00,182.1,182.1,182.1,182.1,75,1875,192.26,0.0,0.0
4029,2021-02-12 13:44:00,182.1,182.1,182.1,182.1,75,1875,192.26,0.0,0.0
4030,2021-02-12 13:45:00,182.1,182.1,182.1,182.1,75,1875,192.26,0.0,0.0
4031,2021-02-12 13:46:00,182.1,182.1,182.1,182.1,75,1875,192.26,0.0,0.0
4032,2021-02-12 13:47:00,182.1,182.1,182.1,182.1,75,1875,192.26,0.0,0.0
4033,2021-02-12 13:48:00,182.1,182.1,182.1,182.1,75,1875,192.26,0.0,0.0
4034,2021-02-12 13:49:00,182.1,182.1,182.1,182.1,75,1875,192.26,0.0,0.0
4035,2021-02-12 13:50:00,182.1,182.1,182.1,182.1,75,1875,192.26,0.0,0.0
4036,2021-02-12 13:51:00,182.1,182.1,182.1,182.1,75,1875,192.26,0.0,0.0
4037,2021-02-12 13:52:00,182.1,182.1,182.1,182.1,75,1875,192.26,0.0,0.0
4038,2021-02-12 13:53:00,182.1,182.1,182.1,182.1,75,1875,192.26,0.0,0.0
4039,2021-02-12 13:54:00,182.1,182.1,182.1,182.1,75,1875,192.26,0.0,0.0
4040,2021-02-12 13:55:00,182.1,182.1,182.1,182.1,75,1875,192.26,0.0,0.0
4041,2021-02-12 13:56:00,202.0,202.0,202.0,202.0,75,1800,193.35,195.95,204.4
4042,2021-02-12 13:57:00,202.0,202.0,202.0,202.0,75,1800,193.35,195.95,204.4
4043,2021-02-12 13:58:00,202.0,202.0,202.0,202.0,75,1800,193.35,195.95,204.4
4044,2021-02-12 13:59:00,202.0,202.0,202.0,202.0,75,1800,193.35,195.95,204.4
4045,2021-02-12 14:00:00,211.0,211.0,211.0,211.0,75,1800,195.11,203.95,217.05
4046,2021-02-12 14:01:00,211.0,211.0,211.0,211.0,75,1800,195.11,203.95,217.05
4047,2021-02-12 14:02:00,211.0,211.0,211.0,211.0,75,1800,195.11,203.95,217.05
4048,2021-02-12 14:03:00,211.0,211.0,211.0,211.0,75,1800,195.11,203.95,217.05
4049,2021-02-12 14:04:00,211.0,211.0,211.0,211.0,75,1800,195.11,203.95,217.05
4050,2021-02-12 14:05:00,211.0,211.0,211.0,211.0,75,1800,195.11,203.95,217.05
4051,2021-02-12 14:06:00,214.0,214.0,214.0,214.0,150,1875,198.26,206.9,218.15
4052,2021-02-12 14:07:00,214.0,214.0,214.0,214.0,150,1875,198.26,206.9,218.15
4053,2021-02-12 14:08:00,207.2,207.2,207.2,207.2,75,1875,198.95,196.75,208.7
4054,2021-02-12 14:09:00,207.2,207.2,207.2,207.2,75,1875,198.95,196.75,208.7
4055,2021-02-12 14:10:00,207.2,207.2,207.2,207.2,75,1875,198.95,196.75,208.7
4056,2021-02-12 14:11:00,207.2,207.2,207.2,207.2,75,1875,198.95,196.75,208.7
4057,2021-02-12 14:12:00,207.2,207.2,207.2,207.2,75,1875,198.95,196.75,208.7
4058,2021-02-12 14:13:00,207.2,207.2,207.2,207.2,75,1875,198.95,196.75,208.7
4059,2021-02-12 14:14:00,207.2,207.2,207.2,207.2,75,1875,198.95,196.75,208.7
4060,2021-02-12 14:15:00,207.2,207.2,207.2,207.2,75,1875,198.95,196.75,208.7
4061,2021-02-12 14:16:00,207.2,207.2,207.2,207.2,75,1875,198.95,196.75,208.7
4062,2021-02-12 14:17:00,207.2,207.2,207.2,207.2,75,1875,198.95,196.75,208.7
4063,2021-02-12 14:18:00,207.2,207.2,207.2,207.2,75,1875,198.95,196.75,208.7
4064,2021-02-12 14:19:00,207.2,207.2,207.2,207.2,75,1875,198.95,196.75,208.7
4065,2021-02-12 14:20:00,207.2,207.2,207.2,207.2,75,1875,198.95,196.75,208.7
4066,2021-02-12 14:21:00,207.2,207.2,207.2,207.2,75,1875,198.95,196.75,208.7
4067,2021-02-12 14:22:00,207.2,207.2,207.2,207.2,75,1875,198.95,196.75,208.7
4068,2021-02-12 14:23:00,207.2,207.2,207.2,207.2,75,1875,198.95,196.75,208.7
4069,2021-02-12 14:24:00,207.2,207.2,207.2,207.2,75,1875,198.95,196.75,208.7
4070,2021-02-12 14:25:00,207.2,207.2,207.2,207.2,75,1875,198.95,196.75,208.7
4071,2021-02-12 14:26:00,197.1,197.1,197.1,197.1,75,1800,198.81,185.2,218.2
4072,2021-02-12 14:27:00,197.1,197.1,197.1,197.1,75,1800,198.81,185.2,218.2
4073,2021-02-12 14:28:00,197.1,197.1,197.1,197.1,75,1800,198.81,185.2,218.2
4074,2021-02-12 14:29:00,197.1,197.1,197.1,197.1,75,1800,198.81,185.2,218.2
4075,2021-02-12 14:30:00,197.1,197.1,197.1,197.1,75,1800,198.81,185.2,218.2
4076,2021-02-12 14:31:00,197.1,197.1,197.1,197.1,75,1800,198.81,185.2,218.2
4077,2021-02-12 14:32:00,197.1,197.1,197.1,197.1,75,1800,198.81,185.2,218.2
4078,2021-02-12 14:33:00,197.1,197.1,197.1,197.1,75,1800,198.81,185.2,218.2
4079,2021-02-12 14:34:00,197.1,197.1,197.1,197.1,75,1800,198.81,185.2,218.2
4080,2021-02-12 14:35:00,197.1,197.1,197.1,197.1,75,1800,198.81,185.2,218.2
4081,2021-02-12 14:36:00,197.1,197.1,197.1,197.1,75,1800,198.81,185.2,218.2
4082,2021-02-12 14:37:00,197.1,197.1,197.1,197.1,75,1800,198.81,185.2,218.2
4083,2021-02-12 14:38:00,197.1,197.1,197.1,197.1,75,1800,198.81,185.2,218.2
4084,2021-02-12 14:39:00,197.1,197.1,197.1,197.1,75,1800,198.81,185.2,218.2
4085,2021-02-12 14:40:00,197.1,197.1,197.1,197.1,75,1800,198.81,185.2,218.2
4086,2021-02-12 14:41:00,197.1,197.1,197.1,197.1,75,1800,198.81,185.2,218.2
4087,2021-02-12 14:42:00,197.1,197.1,197.1,197.1,75,1800,198.81,185.2,218.2
4088,2021-02-12 14:43:00,197.1,197.1,197.1,197.1,75,1800,198.81,185.2,218.2
4089,2021-02-12 14:44:00,197.1,197.1,197.1,197.1,75,1800,198.81,185.2,218.2
4090,2021-02-12 14:45:00,197.1,197.1,197.1,197.1,75,1800,198.81,185.2,218.2
4091,2021-02-12 14:46:00,197.1,197.1,197.1,197.1,75,1800,198.81,185.2,218.2
4092,2021-02-12 14:47:00,197.1,197.1,197.1,197.1,75,1800,198.81,185.2,218.2
4093,2021-02-12 14:48:00,197.1,197.1,197.1,197.1,75,1800,198.81,185.2,218.2
4094,2021-02-12 14:49:00,197.1,197.1,197.1,197.1,75,1800,198.81,185.2,218.2
4095,2021-02-12 14:50:00,197.1,197.1,197.1,197.1,75,1800,198.81,185.2,218.2
4096,2021-02-12 14:51:00,197.1,197.1,197.1,197.1,75,1800,198.81,185.2,218.2
4097,2021-02-12 14:52:00,197.1,197.1,197.1,197.1,75,1800,198.81,185.2,218.2
4098,2021-02-12 14:53:00,197.1,197.1,197.1,197.1,75,1800,198.81,185.2,218.2
4099,2021-02-12 14:54:00,197.1,197.1,197.1,197.1,75,1800,198.81,185.2,218.2
4100,2021-02-12 14:55:00,197.1,197.1,197.1,197.1,75,1800,198.81,185.2,218.2
4101,2021-02-12 14:56:00,197.1,197.1,197.1,197.1,75,1800,198.81,185.2,218.2
4102,2021-02-12 14:57:00,197.1,197.1,197.1,197.1,75,1800,198.81,185.2,218.2
4103,2021-02-12 14:58:00,197.1,197.1,197.1,197.1,75,1800,198.81,185.2,218.2
4104,2021-02-12 14:59:00,197.1,197.1,197.1,197.1,75,1800,198.81,185.2,218.2
4105,2021-02-12 15:00:00,197.1,197.1,197.1,197.1,75,1800,198.81,185.2,218.2
4106,2021-02-12 15:01:00,197.1,197.1,197.1,197.1,75,1800,198.81,185.2,218.2
4107,2021-02-12 15:02:00,197.1,197.1,197.1,197.1,75,1800,198.81,185.2,218.2
4108,2021-02-12 15:03:00,197.1,197.1,197.1,197.1,75,1800,198.81,185.2,218.2
4109,2021-02-12 15:04:00,197.1,197.1,197.1,197.1,75,1800,198.81,185.2,218.2
4110,2021-02-12 15:05:00,197.1,197.1,197.1,197.1,75,1800,198.81,185.2,218.2
4111,2021-02-12 15:06:00,197.1,197.1,197.1,197.1,75,1800,198.81,185.2,218.2
4112,2021-02-12 15:07:00,197.1,197.1,197.1,197.1,75,1800,198.81,185.2,218.2
4113,2021-02-12 15:08:00,197.1,197.1,197.1,197.1,75,1800,198.81,185.2,218.2
4114,2021-02-12 15:09:00,197.1,197.1,197.1,197.1,75,1800,198.81,185.2,218.2
4115,2021-02-12 15:10:00,197.1,197.1,197.1,197.1,75,1800,198.81,185.2,218.2
4116,2021-02-12 15:11:00,197.1,197.1,197.1,197.1,75,1800,198.81,185.2,218.2
4117,2021-02-12 15:12:00,197.1,197.1,197.1,197.1,75,1800,198.81,185.2,218.2
4118,2021-02-12 15:13:00,197.1,197.1,197.1,197.1,75,1800,198.81,185.2,218.2
4119,2021-02-12 15:14:00,197.1,197.1,197.1,197.1,75,1800,198.81,185.2,218.2
4120,2021-02-12 15:15:00,197.1,197.1,197.1,197.1,75,1800,198.81,185.2,218.2
4121,2021-02-12 15:16:00,197.1,197.1,197.1,197.1,75,1800,198.81,185.2,218.2
4122,2021-02-12 15:17:00,197.1,197.1,197.1,197.1,75,1800,198.81,185.2,218.2
4123,2021-02-12 15:18:00,197.1,197.1,197.1,197.1,75,1800,198.81,185.2,218.2
4124,2021-02-12 15:19:00,197.1,197.1,197.1,197.1,75,1800,198.81,185.2,218.2
4125,2021-02-12 15:20:00,197.1,197.1,197.1,197.1,75,1800,198.81,185.2,218.2
4126,2021-02-12 15:21:00,197.1,197.1,197.1,197.1,75,1800,198.81,185.2,218.2
4127,2021-02-12 15:22:00,197.1,197.1,197.1,197.1,75,1800,198.81,185.2,218.2
4128,2021-02-12 15:23:00,197.1,197.1,197.1,197.1,75,1800,198.81,185.2,218.2
4129,2021-02-12 15:24:00,197.1,197.1,197.1,197.1,75,1800,198.81,185.2,218.2
4130,2021-02-12 15:25:00,197.1,197.1,197.1,197.1,75,1800,198.81,185.2,218.2
4131,2021-02-12 15:26:00,197.1,197.1,197.1,197.1,75,1800,198.81,185.2,218.2
4132,2021-02-12 15:27:00,197.1,197.1,197.1,197.1,75,1800,198.81,185.2,218.2
4133,2021-02-12 15:28:00,197.1,197.1,197.1,197.1,75,1800,198.81,185.2,218.2
4134,2021-02-12 15:29:00,197.1,197.1,197.1,197.1,75,1800,198.81,185.2,218.2
4135,2021-02-12 15:30:00,197.1,197.1,197.1,197.1,75,1800,198.81,185.2,218.2
4136,2021-02-13 09:15:00,197.1,197.1,197.1,197.1,75,1800,198.81,185.2,218.2
4137,2021-02-13 09:16:00,197.1,197.1,197.1,197.1,75,1800,198.81,185.2,218.2
4138,2021-02-13 09:17:00,197.1,197.1,197.1,197.1,75,1800,198.81,185.2,218.2
4139,2021-02-13 09:18:00,197.1,197.1,197.1,197.1,75,1800,198.81,185.2,218.2
4140,2021-02-13 09:19:00,197.1,197.1,197.1,197.1,75,1800,198.81,185.2,218.2
4141,2021-02-13 09:20:00,197.1,197.1,197.1,197.1,75,1800,198.81,185.2,218.2
4142,2021-02-13 09:21:00,197.1,197.1,197.1,197.1,75,1800,198.81,185.2,218.2
4143,2021-02-13 09:22:00,197.1,197.1,197.1,197.1,75,1800,198.81,185.2,218.2
4144,2021-02-13 09:23:00,197.1,197.1,197.1,197.1,75,1800,198.81,185.2,218.2
4145,2021-02-13 09:24:00,197.1,197.1,197.1,197.1,75,1800,198.81,185.2,218.2
4146,2021-02-13 09:25:00,197.1,197.1,197.1,197.1,75,1800,198.81,185.2,218.2
4147,2021-02-13 09:26:00,197.1,197.1,197.1,197.1,75,1800,198.81,185.2,218.2
4148,2021-02-13 09:27:00,197.1,197.1,197.1,197.1,75,1800,198.81,185.2,218.2
4149,2021-02-13 09:28:00,197.1,197.1,197.1,197.1,75,1800,198.81,185.2,218.2
4150,2021-02-13 09:29:00,197.1,197.1,197.1,197.1,75,1800,198.81,185.2,218.2
4151,2021-02-13 09:30:00,197.1,197.1,197.1,197.1,75,1800,198.81,185.2,218.2
4152,2021-02-13 09:31:00,197.1,197.1,197.1,197.1,75,1800,198.81,185.2,218.2
4153,2021-02-13 09:32:00,197.1,197.1,197.1,197.1,75,1800,198.81,185.2,218.2
4154,2021-02-13 09:33:00,197.1,197.1,197.1,197.1,75,1800,198.81,185.2,218.2
4155,2021-02-13 09:34:00,197.1,197.1,197.1,197.1,75,1800,198.81,185.2,218.2
4156,2021-02-13 09:35:00,197.1,197.1,197.1,197.1,75,1800,198.81,185.2,218.2
4157,2021-02-13 09:36:00,197.1,197.1,197.1,197.1,75,1800,198.81,185.2,218.2
4158,2021-02-13 09:37:00,197.1,197.1,197.1,197.1,75,1800,198.81,185.2,218.2
4159,2021-02-13 09:38:00,197.1,197.1,197.1,197.1,75,1800,198.81,185.2,218.2
4160,2021-02-13 09:39:00,197.1,197.1,197.1,197.1,75,1800,198.81,185.2,218.2
4161,2021-02-13 09:40:00,197.1,197.1,197.1,197.1,75,1800,198.81,185.2,218.2
4162,2021-02-13 09:41:00,197.1,197.1,197.1,197.1,75,1800,198.81,185.2,218.2
4163,2021-02-13 09:42:00,197.1,197.1,197.1,197.1,75,1800,198.81,185.2,218.2
4164,2021-02-13 09:43:00,197.1,197.1,197.1,197.1,75,1800,198.81,185.2,218.2
4165,2021-02-13 09:44:00,197.1,197.1,197.1,197.1,75,1800,198.81,185.2,218.2
4166,2021-02-13 09:45:00,197.1,197.1,197.1,197.1,75,1800,198.81,185.2,218.2
4167,2021-02-13 09:46:00,197.1,197.1,197.1,197.1,75,1800,198.81,185.2,218.2
4168,2021-02-13 09:47:00,197.1,197.1,197.1,197.1,75,1800,198.81,185.2,218.2
4169,2021-02-13 09:48:00,197.1,197.1,197.1,197.1,75,1800,198.81,185.2,218.2
4170,2021-02-13 09:49:00,197.1,197.1,197.1,197.1,75,1800,198.81,185.2,218.2
4171,2021-02-13 09:50:00,197.1,197.1,197.1,197.1,75,1800,198.81,185.2,218.2
4172,2021-02-13 09:51:00,197.1,197.1,197.1,197.1,75,1800,198.81,185.2,218.2
4173,2021-02-13 09:52:00,197.1,197.1,197.1,197.1,75,1800,198.81,185.2,218.2
4174,2021-02-13 09:53:00,197.1,197.1,197.1,197.1,75,1800,198.81,185.2,218.2
4175,2021-02-13 09:54:00,197.1,197.1,197.1,197.1,75,1800,198.81,185.2,218.2
4176,2021-02-13 09:55:00,197.1,197.1,197.1,197.1,75,1800,198.81,185.2,218.2
4177,2021-02-13 09:56:00,197.1,197.1,197.1,197.1,75,1800,198.81,185.2,218.2
4178,2021-02-13 09:57:00,197.1,197.1,197.1,197.1,75,1800,198.81,185.2,218.2
4179,2021-02-13 09:58:00,197.1,197.1,197.1,197.1,75,1800,198.81,185.2,218.2
4180,2021-02-13 09:59:00,197.1,197.1,197.1,197.1,75,1800,198.81,185.2,218.2
4181,2021-02-13 10:00:00,197.1,197.1,197.1,197.1,75,1800,198.81,185.2,218.2
4182,2021-02-13 10:01:00,197.1,197.1,197.1,197.1,75,1800,198.81,185.2,218.2
4183,2021-02-13 10:02:00,197.1,197.1,197.1,197.1,75,1800,198.81,185.2,218.2
4184,2021-02-13 10:03:00,197.1,197.1,197.1,197.1,75,1800,198.81,185.2,218.2
4185,2021-02-13 10:04:00,197.1,197.1,197.1,197.1,75,1800,198.81,185.2,218.2
4186,2021-02-13 10:05:00,197.1,197.1,197.1,197.1,75,1800,198.81,185.2,218.2
4187,2021-02-13 10:06:00,197.1,197.1,197.1,197.1,75,1800,198.81,185.2,218.2
4188,2021-02-13 10:07:00,197.1,197.1,197.1,197.1,75,1800,198.81,185.2,218.2
4189,2021-02-13 10:08:00,197.1,197.1,197.1,197.1,75,1800,198.81,185.2,218.2
4190,2021-02-13 10:09:00,197.1,197.1,197.1,197.1,75,1800,198.81,185.2,218.2
4191,2021-02-13 10:10:00,197.1,197.1,197.1,197.1,75,1800,198.81,185.2,218.2
4192,2021-02-13 10:11:00,197.1,197.1,197.1,197.1,75,1800,198.81,185.2,218.2
4193,2021-02-13 10:12:00,197.1,197.1,197.1,197.1,75,1800,198.81,185.2,218.2
4194,2021-02-13 10:13:00,197.1,197.1,197.1,197.1,75,1800,198.81,185.2,218.2
4195,2021-02-13 10:14:00,197.1,197.1,197.1,197.1,75,1800,198.81,185.2,218.2
4196,2021-02-13 10:15:00,197.1,197.1,197.1,197.1,75,1800,198.81,185.2,218.2
4197,2021-02-13 10:16:00,197.1,197.1,197.1,197.1,75,1800,198.81,185.2,218.2
4198,2021-02-13 10:17:00,197.1,197.1,197.1,197.1,75,1800,198.81,185.2,218.2
4199,2021-02-13 10:18:00,197.1,197.1,197.1,197.1,75,1800,198.81,185.2,218.2
4200,2021-02-13 10:19:00,197.1,197.1,197.1,197.1,75,1800,198.81,185.2,218.2
4201,2021-02-13 10:20:00,197.1,197.1,197.1,197.1,75,1800,198.81,185.2,218.2
4202,2021-02-13 10:21:00,197.1,197.1,197.1,197.1,75,1800,198.81,185.2,218.2
4203,2021-02-13 10:22:00,197.1,197.1,197.1,197.1,75,1800,198.81,185.2,218.2
4204,2021-02-13 10:23:00,197.1,197.1,197.1,197.1,75,1800,198.81,185.2,218.2
4205,2021-02-13 10:24:00,197.1,197.1,197.1,197.1,75,1800,198.81,185.2,218.2
4206,2021-02-13 10:25:00,197.1,197.1,197.1,197.1,75,1800,198.81,185.2,218.2
4207,2021-02-13 10:26:00,197.1,197.1,197.1,197.1,75,1800,198.81,185.2,218.2
4208,2021-02-13 10:27:00,197.1,197.1,197.1,197.1,75,1800,198.81,185.2,218.2
4209,2021-02-13 10:28:00,197.1,197.1,197.1,197.1,75,1800,198.81,185.2,218.2
4210,2021-02-13 10:29:00,197.1,197.1,197.1,197.1,75,1800,198.81,185.2,218.2
4211,2021-02-13 10:30:00,197.1,197.1,197.1,197.1,75,1800,198.81,185.2,218.2
4212,2021-02-13 10:31:00,197.1,197.1,197.1,197.1,75,1800,198.81,185.2,218.2
4213,2021-02-13 10:32:00,197.1,197.1,197.1,197.1,75,1800,198.81,185.2,218.2
4214,2021-02-13 10:33:00,197.1,197.1,197.1,197.1,75,1800,198.81,185.2,218.2
4215,2021-02-13 10:34:00,197.1,197.1,197.1,197.1,75,1800,198.81,185.2,218.2
4216,2021-02-13 10:35:00,197.1,197.1,197.1,197.1,75,1800,198.81,185.2,218.2
4217,2021-02-13 10:36:00,197.1,197.1,197.1,197.1,75,1800,198.81,185.2,218.2
4218,2021-02-13 10:37:00,197.1,197.1,197.1,197.1,75,1800,198.81,185.2,218.2
4219,2021-02-13 10:38:00,197.1,197.1,197.1,197.1,75,1800,198.81,185.2,218.2
4220,2021-02-13 10:39:00,197.1,197.1,197.1,197.1,75,1800,198.81,185.2,218.2
4221,2021-02-13 10:40:00,197.1,197.1,197.1,197.1,75,1800,198.81,185.2,218.2
4222,2021-02-13 10:41:00,197.1,197.1,197.1,197.1,75,1800,198.81,185.2,218.2
4223,2021-02-13 10:42:00,197.1,197.1,197.1,197.1,75,1800,198.81,185.2,218.2
4224,2021-02-13 10:43:00,197.1,197.1,197.1,197.1,75,1800,198.81,185.2,218.2
4225,2021-02-13 10:44:00,197.1,197.1,197.1,197.1,75,1800,198.81,185.2,218.2
4226,2021-02-13 10:45:00,197.1,197.1,197.1,197.1,75,1800,198.81,185.2,218.2
4227,2021-02-13 10:46:00,197.1,197.1,197.1,197.1,75,1800,198.81,185.2,218.2
4228,2021-02-13 10:47:00,197.1,197.1,197.1,197.1,75,1800,198.81,185.2,218.2
4229,2021-02-13 10:48:00,197.1,197.1,197.1,197.1,75,1800,198.81,185.2,218.2
4230,2021-02-13 10:49:00,197.1,197.1,197.1,197.1,75,1800,198.81,185.2,218.2
4231,2021-02-13 10:50:00,197.1,197.1,197.1,197.1,75,1800,198.81,185.2,218.2
4232,2021-02-13 10:51:00,197.1,197.1,197.1,197.1,75,1800,198.81,185.2,218.2
4233,2021-02-13 10:52:00,197.1,197.1,197.1,197.1,75,1800,198.81,185.2,218.2
4234,2021-02-13 10:53:00,197.1,197.1,197.1,197.1,75,1800,198.81,185.2,218.2
4235,2021-02-13 10:54:00,197.1,197.1,197.1,197.1,75,1800,198.81,185.2,218.2
4236,2021-02-13 10:55:00,197.1,197.1,197.1,197.1,75,1800,198.81,185.2,218.2
4237,2021-02-13 10:56:00,197.1,197.1,197.1,197.1,75,1800,198.81,185.2,218.2
4238,2021-02-13 10:57:00,197.1,197.1,197.1,197.1,75,1800,198.81,185.2,218.2
4239,2021-02-13 10:58:00,197.1,197.1,197.1,197.1,75,1800,198.81,185.2,218.2
4240,2021-02-13 10:59:00,197.1,197.1,197.1,197.1,75,1800,198.81,185.2,218.2
4241,2021-02-13 11:00:00,197.1,197.1,197.1,197.1,75,1800,198.81,185.2,218.2
4242,2021-02-13 11:01:00,197.1,197.1,197.1,197.1,75,1800,198.81,185.2,218.2
4243,2021-02-13 11:02:00,197.1,197.1,197.1,197.1,75,1800,198.81,185.2,218.2
4244,2021-02-13 11:03:00,197.1,197.1,197.1,197.1,75,1800,198.81,185.2,218.2
4245,2021-02-13 11:04:00,197.1,197.1,197.1,197.1,75,1800,198.81,185.2,218.2
4246,2021-02-13 11:05:00,197.1,197.1,197.1,197.1,75,1800,198.81,185.2,218.2
4247,2021-02-13 11:06:00,197.1,197.1,197.1,197.1,75,1800,198.81,185.2,218.2
4248,2021-02-13 11:07:00,197.1,197.1,197.1,197.1,75,1800,198.81,185.2,218.2
4249,2021-02-13 11:08:00,197.1,197.1,197.1,197.1,75,1800,198.81,185.2,218.2
4250,2021-02-13 11:09:00,197.1,197.1,197.1,197.1,75,1800,198.81,185.2,218.2
4251,2021-02-13 11:10:00,197.1,197.1,197.1,197.1,75,1800,198.81,185.2,218.2
4252,2021-02-13 11:11:00,197.1,197.1,197.1,197.1,75,1800,198.81,185.2,218.2
4253,2021-02-13 11:12:00,197.1,197.1,197.1,197.1,75,1800,198.81,185.2,218.2
4254,2021-02-13 11:13:00,197.1,197.1,197.1,197.1,75,1800,198.81,185.2,218.2
4255,2021-02-13 11:14:00,197.1,197.1,197.1,197.1,75,1800,198.81,185.2,218.2
4256,2021-02-13 11:15:00,197.1,197.1,197.1,197.1,75,1800,198.81,185.2,218.2
4257,2021-02-13 11:16:00,197.1,197.1,197.1,197.1,75,1800,198.81,185.2,218.2
4258,2021-02-13 11:17:00,197.1,197.1,197.1,197.1,75,1800,198.81,185.2,218.2
4259,2021-02-13 11:18:00,197.1,197.1,197.1,197.1,75,1800,198.81,185.2,218.2
4260,2021-02-13 11:19:00,197.1,197.1,197.1,197.1,75,1800,198.81,185.2,218.2
4261,2021-02-13 11:20:00,197.1,197.1,197.1,197.1,75,1800,198.81,185.2,218.2
4262,2021-02-13 11:21:00,197.1,197.1,197.1,197.1,75,1800,198.81,185.2,218.2
4263,2021-02-13 11:22:00,197.1,197.1,197.1,197.1,75,1800,198.81,185.2,218.2
4264,2021-02-13 11:23:00,197.1,197.1,197.1,197.1,75,1800,198.81,185.2,218.2
4265,2021-02-13 11:24:00,197.1,197.1,197.1,197.1,75,1800,198.81,185.2,218.2
4266,2021-02-13 11:25:00,197.1,197.1,197.1,197.1,75,1800,198.81,185.2,218.2
4267,2021-02-13 11:26:00,197.1,197.1,197.1,197.1,75,1800,198.81,185.2,218.2
4268,2021-02-13 11:27:00,197.1,197.1,197.1,197.1,75,1800,198.81,185.2,218.2
4269,2021-02-13 11:28:00,197.1,197.1,197.1,197.1,75,1800,198.81,185.2,218.2
4270,2021-02-13 11:29:00,197.1,197.1,197.1,197.1,75,1800,198.81,185.2,218.2
4271,2021-02-13 11:30:00,197.1,197.1,197.1,197.1,75,1800,198.81,185.2,218.2
4272,2021-02-13 11:31:00,197.1,197.1,197.1,197.1,75,1800,198.81,185.2,218.2
4273,2021-02-13 11:32:00,197.1,197.1,197.1,197.1,75,1800,198.81,185.2,218.2
4274,2021-02-13 11:33:00,197.1,197.1,197.1,197.1,75,1800,198.81,185.2,218.2
4275,2021-02-13 11:34:00,197.1,197.1,197.1,197.1,75,1800,198.81,185.2,218.2
4276,2021-02-13 11:35:00,197.1,197.1,197.1,197.1,75,1800,198.81,185.2,218.2
4277,2021-02-13 11:36:00,197.1,197.1,197.1,197.1,75,1800,198.81,185.2,218.2
4278,2021-02-13 11:37:00,197.1,197.1,197.1,197.1,75,1800,198.81,185.2,218.2
4279,2021-02-13 11:38:00,197.1,197.1,197.1,197.1,75,1800,198.81,185.2,218.2
4280,2021-02-13 11:39:00,197.1,197.1,197.1,197.1,75,1800,198.81,185.2,218.2
4281,2021-02-13 11:40:00,197.1,197.1,197.1,197.1,75,1800,198.81,185.2,218.2
4282,2021-02-13 11:41:00,197.1,197.1,197.1,197.1,75,1800,198.81,185.2,218.2
4283,2021-02-13 11:42:00,197.1,197.1,197.1,197.1,75,1800,198.81,185.2,218.2
4284,2021-02-13 11:43:00,197.1,197.1,197.1,197.1,75,1800,198.81,185.2,218.2
4285,2021-02-13 11:44:00,197.1,197.1,197.1,197.1,75,1800,198.81,185.2,218.2
4286,2021-02-13 11:45:00,197.1,197.1,197.1,197.1,75,1800,198.81,185.2,218.2
4287,2021-02-13 11:46:00,197.1,197.1,197.1,197.1,75,1800,198.81,185.2,218.2
4288,2021-02-13 11:47:00,197.1,197.1,197.1,197.1,75,1800,198.81,185.2,218.2
4289,2021-02-13 11:48:00,197.1,197.1,197.1,197.1,75,1800,198.81,185.2,218.2
4290,2021-02-13 11:49:00,197.1,197.1,197.1,197.1,75,1800,198.81,185.2,218.2
4291,2021-02-13 11:50:00,197.1,197.1,197.1,197.1,75,1800,198.81,185.2,218.2
4292,2021-02-13 11:51:00,197.1,197.1,197.1,197.1,75,1800,198.81,185.2,218.2
4293,2021-02-13 11:52:00,197.1,197.1,197.1,197.1,75,1800,198.81,185.2,218.2
4294,2021-02-13 11:53:00,197.1,197.1,197.1,197.1,75,1800,198.81,185.2,218.2
4295,2021-02-13 11:54:00,197.1,197.1,197.1,197.1,75,1800,198.81,185.2,218.2
4296,2021-02-13 11:55:00,197.1,197.1,197.1,197.1,75,1800,198.81,185.2,218.2
4297,2021-02-13 11:56:00,197.1,197.1,197.1,197.1,75,1800,198.81,185.2,218.2
4298,2021-02-13 11:57:00,197.1,197.1,197.1,197.1,75,1800,198.81,185.2,218.2
4299,2021-02-13 11:58:00,197.1,197.1,197.1,197.1,75,1800,198.81,185.2,218.2
4300,2021-02-13 11:59:00,197.1,197.1,197.1,197.1,75,1800,198.81,185.2,218.2
4301,2021-02-13 12:00:00,197.1,197.1,197.1,197.1,75,1800,198.81,185.2,218.2
4302,2021-02-13 12:01:00,197.1,197.1,197.1,197.1,75,1800,198.81,185.2,218.2
4303,2021-02-13 12:02:00,197.1,197.1,197.1,197.1,75,1800,198.81,185.2,218.2
4304,2021-02-13 12:03:00,197.1,197.1,197.1,197.1,75,1800,198.81,185.2,218.2
4305,2021-02-13 12:04:00,197.1,197.1,197.1,197.1,75,1800,198.81,185.2,218.2
4306,2021-02-13 12:05:00,197.1,197.1,197.1,197.1,75,1800,198.81,185.2,218.2
4307,2021-02-13 12:06:00,197.1,197.1,197.1,197.1,75,1800,198.81,185.2,218.2
4308,2021-02-13 12:07:00,197.1,197.1,197.1,197.1,75,1800,198.81,185.2,218.2
4309,2021-02-13 12:08:00,197.1,197.1,197.1,197.1,75,1800,198.81,185.2,218.2
4310,2021-02-13 12:09:00,197.1,197.1,197.1,197.1,75,1800,198.81,185.2,218.2
4311,2021-02-13 12:10:00,197.1,197.1,197.1,197.1,75,1800,198.81,185.2,218.2
4312,2021-02-13 12:11:00,197.1,197.1,197.1,197.1,75,1800,198.81,185.2,218.2
4313,2021-02-13 12:12:00,197.1,197.1,197.1,197.1,75,1800,198.81,185.2,218.2
4314,2021-02-13 12:13:00,197.1,197.1,197.1,197.1,75,1800,198.81,185.2,218.2
4315,2021-02-13 12:14:00,197.1,197.1,197.1,197.1,75,1800,198.81,185.2,218.2
4316,2021-02-13 12:15:00,197.1,197.1,197.1,197.1,75,1800,198.81,185.2,218.2
4317,2021-02-13 12:16:00,197.1,197.1,197.1,197.1,75,1800,198.81,185.2,218.2
4318,2021-02-13 12:17:00,197.1,197.1,197.1,197.1,75,1800,198.81,185.2,218.2
4319,2021-02-13 12:18:00,197.1,197.1,197.1,197.1,75,1800,198.81,185.2,218.2
4320,2021-02-13 12:19:00,197.1,197.1,197.1,197.1,75,1800,198.81,185.2,218.2
4321,2021-02-13 12:20:00,197.1,197.1,197.1,197.1,75,1800,198.81,185.2,218.2
4322,2021-02-13 12:21:00,197.1,197.1,197.1,197.1,75,1800,198.81,185.2,218.2
4323,2021-02-13 12:22:00,197.1,197.1,197.1,197.1,75,1800,198.81,185.2,218.2
4324,2021-02-13 12:23:00,197.1,197.1,197.1,197.1,75,1800,198.81,185.2,218.2
4325,2021-02-13 12:24:00,197.1,197.1,197.1,197.1,75,1800,198.81,185.2,218.2
4326,2021-02-13 12:25:00,197.1,197.1,197.1,197.1,75,1800,198.81,185.2,218.2
4327,2021-02-13 12:26:00,197.1,197.1,197.1,197.1,75,1800,198.81,185.2,218.2
4328,2021-02-13 12:27:00,197.1,197.1,197.1,197.1,75,1800,198.81,185.2,218.2
4329,2021-02-13 12:28:00,197.1,197.1,197.1,197.1,75,1800,198.81,185.2,218.2
4330,2021-02-13 12:29:00,197.1,197.1,197.1,197.1,75,1800,198.81,185.2,218.2
4331,2021-02-13 12:30:00,197.1,197.1,197.1,197.1,75,1800,198.81,185.2,218.2
4332,2021-02-13 12:31:00,197.1,197.1,197.1,197.1,75,1800,198.81,185.2,218.2
4333,2021-02-13 12:32:00,197.1,197.1,197.1,197.1,75,1800,198.81,185.2,218.2
4334,2021-02-13 12:33:00,197.1,197.1,197.1,197.1,75,1800,198.81,185.2,218.2
4335,2021-02-13 12:34:00,197.1,197.1,197.1,197.1,75,1800,198.81,185.2,218.2
4336,2021-02-13 12:35:00,197.1,197.1,197.1,197.1,75,1800,198.81,185.2,218.2
4337,2021-02-13 12:36:00,197.1,197.1,197.1,197.1,75,1800,198.81,185.2,218.2
4338,2021-02-13 12:37:00,197.1,197.1,197.1,197.1,75,1800,198.81,185.2,218.2
4339,2021-02-13 12:38:00,197.1,197.1,197.1,197.1,75,1800,198.81,185.2,218.2
4340,2021-02-13 12:39:00,197.1,197.1,197.1,197.1,75,1800,198.81,185.2,218.2
4341,2021-02-13 12:40:00,197.1,197.1,197.1,197.1,75,1800,198.81,185.2,218.2
4342,2021-02-13 12:41:00,197.1,197.1,197.1,197.1,75,1800,198.81,185.2,218.2
4343,2021-02-13 12:42:00,197.1,197.1,197.1,197.1,75,1800,198.81,185.2,218.2
4344,2021-02-13 12:43:00,197.1,197.1,197.1,197.1,75,1800,198.81,185.2,218.2
4345,2021-02-13 12:44:00,197.1,197.1,197.1,197.1,75,1800,198.81,185.2,218.2
4346,2021-02-13 12:45:00,197.1,197.1,197.1,197.1,75,1800,198.81,185.2,218.2
4347,2021-02-13 12:46:00,197.1,197.1,197.1,197.1,75,1800,198.81,185.2,218.2
4348,2021-02-13 12:47:00,197.1,197.1,197.1,197.1,75,1800,198.81,185.2,218.2
4349,2021-02-13 12:48:00,197.1,197.1,197.1,197.1,75,1800,198.81,185.2,218.2
4350,2021-02-13 12:49:00,197.1,197.1,197.1,197.1,75,1800,198.81,185.2,218.2
4351,2021-02-13 12:50:00,197.1,197.1,197.1,197.1,75,1800,198.81,185.2,218.2
4352,2021-02-13 12:51:00,197.1,197.1,197.1,197.1,75,1800,198.81,185.2,218.2
4353,2021-02-13 12:52:00,197.1,197.1,197.1,197.1,75,1800,198.81,185.2,218.2
4354,2021-02-13 12:53:00,197.1,197.1,197.1,197.1,75,1800,198.81,185.2,218.2
4355,2021-02-13 12:54:00,197.1,197.1,197.1,197.1,75,1800,198.81,185.2,218.2
4356,2021-02-13 12:55:00,197.1,197.1,197.1,197.1,75,1800,198.81,185.2,218.2
4357,2021-02-13 12:56:00,197.1,197.1,197.1,197.1,75,1800,198.81,185.2,218.2
4358,2021-02-13 12:57:00,197.1,197.1,197.1,197.1,75,1800,198.81,185.2,218.2
4359,2021-02-13 12:58:00,197.1,197.1,197.1,197.1,75,1800,198.81,185.2,218.2
4360,2021-02-13 12:59:00,197.1,197.1,197.1,197.1,75,1800,198.81,185.2,218.2
4361,2021-02-13 13:00:00,197.1,197.1,197.1,197.1,75,1800,198.81,185.2,218.2
4362,2021-02-13 13:01:00,197.1,197.1,197.1,197.1,75,1800,198.81,185.2,218.2
4363,2021-02-13 13:02:00,197.1,197.1,197.1,197.1,75,1800,198.81,185.2,218.2
4364,2021-02-13 13:03:00,197.1,197.1,197.1,197.1,75,1800,198.81,185.2,218.2
4365,2021-02-13 13:04:00,197.1,197.1,197.1,197.1,75,1800,198.81,185.2,218.2
4366,2021-02-13 13:05:00,197.1,197.1,197.1,197.1,75,1800,198.81,185.2,218.2
4367,2021-02-13 13:06:00,197.1,197.1,197.1,197.1,75,1800,198.81,185.2,218.2
4368,2021-02-13 13:07:00,197.1,197.1,197.1,197.1,75,1800,198.81,185.2,218.2
4369,2021-02-13 13:08:00,197.1,197.1,197.1,197.1,75,1800,198.81,185.2,218.2
4370,2021-02-13 13:09:00,197.1,197.1,197.1,197.1,75,1800,198.81,185.2,218.2
4371,2021-02-13 13:10:00,197.1,197.1,197.1,197.1,75,1800,198.81,185.2,218.2
4372,2021-02-13 13:11:00,197.1,197.1,197.1,197.1,75,1800,198.81,185.2,218.2
4373,2021-02-13 13:12:00,197.1,197.1,197.1,197.1,75,1800,198.81,185.2,218.2
4374,2021-02-13 13:13:00,197.1,197.1,197.1,197.1,75,1800,198.81,185.2,218.2
4375,2021-02-13 13:14:00,197.1,197.1,197.1,197.1,75,1800,198.81,185.2,218.2
4376,2021-02-13 13:15:00,197.1,197.1,197.1,197.1,75,1800,198.81,185.2,218.2
4377,2021-02-13 13:16:00,197.1,197.1,197.1,197.1,75,1800,198.81,185.2,218.2
4378,2021-02-13 13:17:00,197.1,197.1,197.1,197.1,75,1800,198.81,185.2,218.2
4379,2021-02-13 13:18:00,197.1,197.1,197.1,197.1,75,1800,198.81,185.2,218.2
4380,2021-02-13 13:19:00,197.1,197.1,197.1,197.1,75,1800,198.81,185.2,218.2
4381,2021-02-13 13:20:00,197.1,197.1,197.1,197.1,75,1800,198.81,185.2,218.2
4382,2021-02-13 13:21:00,197.1,197.1,197.1,197.1,75,1800,198.81,185.2,218.2
4383,2021-02-13 13:22:00,197.1,197.1,197.1,197.1,75,1800,198.81,185.2,218.2
4384,2021-02-13 13:23:00,197.1,197.1,197.1,197.1,75,1800,198.81,185.2,218.2
4385,2021-02-13 13:24:00,197.1,197.1,197.1,197.1,75,1800,198.81,185.2,218.2
4386,2021-02-13 13:25:00,197.1,197.1,197.1,197.1,75,1800,198.81,185.2,218.2
4387,2021-02-13 13:26:00,197.1,197.1,197.1,197.1,75,1800,198.81,185.2,218.2
4388,2021-02-13 13:27:00,197.1,197.1,197.1,197.1,75,1800,198.81,185.2,218.2
4389,2021-02-13 13:28:00,197.1,197.1,197.1,197.1,75,1800,198.81,185.2,218.2
4390,2021-02-13 13:29:00,197.1,197.1,197.1,197.1,75,1800,198.81,185.2,218.2
4391,2021-02-13 13:30:00,197.1,197.1,197.1,197.1,75,1800,198.81,185.2,218.2
4392,2021-02-13 13:31:00,197.1,197.1,197.1,197.1,75,1800,198.81,185.2,218.2
4393,2021-02-13 13:32:00,197.1,197.1,197.1,197.1,75,1800,198.81,185.2,218.2
4394,2021-02-13 13:33:00,197.1,197.1,197.1,197.1,75,1800,198.81,185.2,218.2
4395,2021-02-13 13:34:00,197.1,197.1,197.1,197.1,75,1800,198.81,185.2,218.2
4396,2021-02-13 13:35:00,197.1,197.1,197.1,197.1,75,1800,198.81,185.2,218.2
4397,2021-02-13 13:36:00,197.1,197.1,197.1,197.1,75,1800,198.81,185.2,218.2
4398,2021-02-13 13:37:00,197.1,197.1,197.1,197.1,75,1800,198.81,185.2,218.2
4399,2021-02-13 13:38:00,197.1,197.1,197.1,197.1,75,1800,198.81,185.2,218.2
4400,2021-02-13 13:39:00,197.1,197.1,197.1,197.1,75,1800,198.81,185.2,218.2
4401,2021-02-13 13:40:00,197.1,197.1,197.1,197.1,75,1800,198.81,185.2,218.2
4402,2021-02-13 13:41:00,197.1,197.1,197.1,197.1,75,1800,198.81,185.2,218.2
4403,2021-02-13 13:42:00,197.1,197.1,197.1,197.1,75,1800,198.81,185.2,218.2
4404,2021-02-13 13:43:00,197.1,197.1,197.1,197.1,75,1800,198.81,185.2,218.2
4405,2021-02-13 13:44:00,197.1,197.1,197.1,197.1,75,1800,198.81,185.2,218.2
4406,2021-02-13 13:45:00,197.1,197.1,197.1,197.1,75,1800,198.81,185.2,218.2
4407,2021-02-13 13:46:00,197.1,197.1,197.1,197.1,75,1800,198.81,185.2,218.2
4408,2021-02-13 13:47:00,197.1,197.1,197.1,197.1,75,1800,198.81,185.2,218.2
4409,2021-02-13 13:48:00,197.1,197.1,197.1,197.1,75,1800,198.81,185.2,218.2
4410,2021-02-13 13:49:00,197.1,197.1,197.1,197.1,75,1800,198.81,185.2,218.2
4411,2021-02-13 13:50:00,197.1,197.1,197.1,197.1,75,1800,198.81,185.2,218.2
4412,2021-02-13 13:51:00,197.1,197.1,197.1,197.1,75,1800,198.81,185.2,218.2
4413,2021-02-13 13:52:00,197.1,197.1,197.1,197.1,75,1800,198.81,185.2,218.2
4414,2021-02-13 13:53:00,197.1,197.1,197.1,197.1,75,1800,198.81,185.2,218.2
4415,2021-02-13 13:54:00,197.1,197.1,197.1,197.1,75,1800,198.81,185.2,218.2
4416,2021-02-13 13:55:00,197.1,197.1,197.1,197.1,75,1800,198.81,185.2,218.2
4417,2021-02-13 13:56:00,197.1,197.1,197.1,197.1,75,1800,198.81,185.2,218.2
4418,2021-02-13 13:57:00,197.1,197.1,197.1,197.1,75,1800,198.81,185.2,218.2
4419,2021-02-13 13:58:00,197.1,197.1,197.1,197.1,75,1800,198.81,185.2,218.2
4420,2021-02-13 13:59:00,197.1,197.1,197.1,197.1,75,1800,198.81,185.2,218.2
4421,2021-02-13 14:00:00,197.1,197.1,197.1,197.1,75,1800,198.81,185.2,218.2
4422,2021-02-13 14:01:00,197.1,197.1,197.1,197.1,75,1800,198.81,185.2,218.2
4423,2021-02-13 14:02:00,197.1,197.1,197.1,197.1,75,1800,198.81,185.2,218.2
4424,2021-02-13 14:03:00,197.1,197.1,197.1,197.1,75,1800,198.81,185.2,218.2
4425,2021-02-13 14:04:00,197.1,197.1,197.1,197.1,75,1800,198.81,185.2,218.2
4426,2021-02-13 14:05:00,197.1,197.1,197.1,197.1,75,1800,198.81,185.2,218.2
4427,2021-02-13 14:06:00,197.1,197.1,197.1,197.1,75,1800,198.81,185.2,218.2
4428,2021-02-13 14:07:00,197.1,197.1,197.1,197.1,75,1800,198.81,185.2,218.2
4429,2021-02-13 14:08:00,197.1,197.1,197.1,197.1,75,1800,198.81,185.2,218.2
4430,2021-02-13 14:09:00,197.1,197.1,197.1,197.1,75,1800,198.81,185.2,218.2
4431,2021-02-13 14:10:00,197.1,197.1,197.1,197.1,75,1800,198.81,185.2,218.2
4432,2021-02-13 14:11:00,197.1,197.1,197.1,197.1,75,1800,198.81,185.2,218.2
4433,2021-02-13 14:12:00,197.1,197.1,197.1,197.1,75,1800,198.81,185.2,218.2
4434,2021-02-13 14:13:00,197.1,197.1,197.1,197.1,75,1800,198.81,185.2,218.2
4435,2021-02-13 14:14:00,197.1,197.1,197.1,197.1,75,1800,198.81,185.2,218.2
4436,2021-02-13 14:15:00,197.1,197.1,197.1,197.1,75,1800,198.81,185.2,218.2
4437,2021-02-13 14:16:00,197.1,197.1,197.1,197.1,75,1800,198.81,185.2,218.2
4438,2021-02-13 14:17:00,197.1,197.1,197.1,197.1,75,1800,198.81,185.2,218.2
4439,2021-02-13 14:18:00,197.1,197.1,197.1,197.1,75,1800,198.81,185.2,218.2
4440,2021-02-13 14:19:00,197.1,197.1,197.1,197.1,75,1800,198.81,185.2,218.2
4441,2021-02-13 14:20:00,197.1,197.1,197.1,197.1,75,1800,198.81,185.2,218.2
4442,2021-02-13 14:21:00,197.1,197.1,197.1,197.1,75,1800,198.81,185.2,218.2
4443,2021-02-13 14:22:00,197.1,197.1,197.1,197.1,75,1800,198.81,185.2,218.2
4444,2021-02-13 14:23:00,197.1,197.1,197.1,197.1,75,1800,198.81,185.2,218.2
4445,2021-02-13 14:24:00,197.1,197.1,197.1,197.1,75,1800,198.81,185.2,218.2
4446,2021-02-13 14:25:00,197.1,197.1,197.1,197.1,75,1800,198.81,185.2,218.2
4447,2021-02-13 14:26:00,197.1,197.1,197.1,197.1,75,1800,198.81,185.2,218.2
4448,2021-02-13 14:27:00,197.1,197.1,197.1,197.1,75,1800,198.81,185.2,218.2
4449,2021-02-13 14:28:00,197.1,197.1,197.1,197.1,75,1800,198.81,185.2,218.2
4450,2021-02-13 14:29:00,197.1,197.1,197.1,197.1,75,1800,198.81,185.2,218.2
4451,2021-02-13 14:30:00,197.1,197.1,197.1,197.1,75,1800,198.81,185.2,218.2
4452,2021-02-13 14:31:00,197.1,197.1,197.1,197.1,75,1800,198.81,185.2,218.2
4453,2021-02-13 14:32:00,197.1,197.1,197.1,197.1,75,1800,198.81,185.2,218.2
4454,2021-02-13 14:33:00,197.1,197.1,197.1,197.1,75,1800,198.81,185.2,218.2
4455,2021-02-13 14:34:00,197.1,197.1,197.1,197.1,75,1800,198.81,185.2,218.2
4456,2021-02-13 14:35:00,197.1,197.1,197.1,197.1,75,1800,198.81,185.2,218.2
4457,2021-02-13 14:36:00,197.1,197.1,197.1,197.1,75,1800,198.81,185.2,218.2
4458,2021-02-13 14:37:00,197.1,197.1,197.1,197.1,75,1800,198.81,185.2,218.2
4459,2021-02-13 14:38:00,197.1,197.1,197.1,197.1,75,1800,198.81,185.2,218.2
4460,2021-02-13 14:39:00,197.1,197.1,197.1,197.1,75,1800,198.81,185.2,218.2
4461,2021-02-13 14:40:00,197.1,197.1,197.1,197.1,75,1800,198.81,185.2,218.2
4462,2021-02-13 14:41:00,197.1,197.1,197.1,197.1,75,1800,198.81,185.2,218.2
4463,2021-02-13 14:42:00,197.1,197.1,197.1,197.1,75,1800,198.81,185.2,218.2
4464,2021-02-13 14:43:00,197.1,197.1,197.1,197.1,75,1800,198.81,185.2,218.2
4465,2021-02-13 14:44:00,197.1,197.1,197.1,197.1,75,1800,198.81,185.2,218.2
4466,2021-02-13 14:45:00,197.1,197.1,197.1,197.1,75,1800,198.81,185.2,218.2
4467,2021-02-13 14:46:00,197.1,197.1,197.1,197.1,75,1800,198.81,185.2,218.2
4468,2021-02-13 14:47:00,197.1,197.1,197.1,197.1,75,1800,198.81,185.2,218.2
4469,2021-02-13 14:48:00,197.1,197.1,197.1,197.1,75,1800,198.81,185.2,218.2
4470,2021-02-13 14:49:00,197.1,197.1,197.1,197.1,75,1800,198.81,185.2,218.2
4471,2021-02-13 14:50:00,197.1,197.1,197.1,197.1,75,1800,198.81,185.2,218.2
4472,2021-02-13 14:51:00,197.1,197.1,197.1,197.1,75,1800,198.81,185.2,218.2
4473,2021-02-13 14:52:00,197.1,197.1,197.1,197.1,75,1800,198.81,185.2,218.2
4474,2021-02-13 14:53:00,197.1,197.1,197.1,197.1,75,1800,198.81,185.2,218.2
4475,2021-02-13 14:54:00,197.1,197.1,197.1,197.1,75,1800,198.81,185.2,218.2
4476,2021-02-13 14:55:00,197.1,197.1,197.1,197.1,75,1800,198.81,185.2,218.2
4477,2021-02-13 14:56:00,197.1,197.1,197.1,197.1,75,1800,198.81,185.2,218.2
4478,2021-02-13 14:57:00,197.1,197.1,197.1,197.1,75,1800,198.81,185.2,218.2
4479,2021-02-13 14:58:00,197.1,197.1,197.1,197.1,75,1800,198.81,185.2,218.2
4480,2021-02-13 14:59:00,197.1,197.1,197.1,197.1,75,1800,198.81,185.2,218.2
4481,2021-02-13 15:00:00,197.1,197.1,197.1,197.1,75,1800,198.81,185.2,218.2
4482,2021-02-13 15:01:00,197.1,197.1,197.1,197.1,75,1800,198.81,185.2,218.2
4483,2021-02-13 15:02:00,197.1,197.1,197.1,197.1,75,1800,198.81,185.2,218.2
4484,2021-02-13 15:03:00,197.1,197.1,197.1,197.1,75,1800,198.81,185.2,218.2
4485,2021-02-13 15:04:00,197.1,197.1,197.1,197.1,75,1800,198.81,185.2,218.2
4486,2021-02-13 15:05:00,197.1,197.1,197.1,197.1,75,1800,198.81,185.2,218.2
4487,2021-02-13 15:06:00,197.1,197.1,197.1,197.1,75,1800,198.81,185.2,218.2
4488,2021-02-13 15:07:00,197.1,197.1,197.1,197.1,75,1800,198.81,185.2,218.2
4489,2021-02-13 15:08:00,197.1,197.1,197.1,197.1,75,1800,198.81,185.2,218.2
4490,2021-02-13 15:09:00,197.1,197.1,197.1,197.1,75,1800,198.81,185.2,218.2
4491,2021-02-13 15:10:00,197.1,197.1,197.1,197.1,75,1800,198.81,185.2,218.2
4492,2021-02-13 15:11:00,197.1,197.1,197.1,197.1,75,1800,198.81,185.2,218.2
4493,2021-02-13 15:12:00,197.1,197.1,197.1,197.1,75,1800,198.81,185.2,218.2
4494,2021-02-13 15:13:00,197.1,197.1,197.1,197.1,75,1800,198.81,185.2,218.2
4495,2021-02-13 15:14:00,197.1,197.1,197.1,197.1,75,1800,198.81,185.2,218.2
4496,2021-02-13 15:15:00,197.1,197.1,197.1,197.1,75,1800,198.81,185.2,218.2
4497,2021-02-13 15:16:00,197.1,197.1,197.1,197.1,75,1800,198.81,185.2,218.2
4498,2021-02-13 15:17:00,197.1,197.1,197.1,197.1,75,1800,198.81,185.2,218.2
4499,2021-02-13 15:18:00,197.1,197.1,197.1,197.1,75,1800,198.81,185.2,218.2
4500,2021-02-13 15:19:00,197.1,197.1,197.1,197.1,75,1800,198.81,185.2,218.2
4501,2021-02-13 15:20:00,197.1,197.1,197.1,197.1,75,1800,198.81,185.2,218.2
4502,2021-02-13 15:21:00,197.1,197.1,197.1,197.1,75,1800,198.81,185.2,218.2
4503,2021-02-13 15:22:00,197.1,197.1,197.1,197.1,75,1800,198.81,185.2,218.2
4504,2021-02-13 15:23:00,197.1,197.1,197.1,197.1,75,1800,198.81,185.2,218.2
4505,2021-02-13 15:24:00,197.1,197.1,197.1,197.1,75,1800,198.81,185.2,218.2
4506,2021-02-13 15:25:00,197.1,197.1,197.1,197.1,75,1800,198.81,185.2,218.2
4507,2021-02-13 15:26:00,197.1,197.1,197.1,197.1,75,1800,198.81,185.2,218.2
4508,2021-02-13 15:27:00,197.1,197.1,197.1,197.1,75,1800,198.81,185.2,218.2
4509,2021-02-13 15:28:00,197.1,197.1,197.1,197.1,75,1800,198.81,185.2,218.2
4510,2021-02-13 15:29:00,197.1,197.1,197.1,197.1,75,1800,198.81,185.2,218.2
4511,2021-02-13 15:30:00,197.1,197.1,197.1,197.1,75,1800,198.81,185.2,218.2
4512,2021-02-14 09:15:00,197.1,197.1,197.1,197.1,75,1800,198.81,185.2,218.2
4513,2021-02-14 09:16:00,197.1,197.1,197.1,197.1,75,1800,198.81,185.2,218.2
4514,2021-02-14 09:17:00,197.1,197.1,197.1,197.1,75,1800,198.81,185.2,218.2
4515,2021-02-14 09:18:00,197.1,197.1,197.1,197.1,75,1800,198.81,185.2,218.2
4516,2021-02-14 09:19:00,197.1,197.1,197.1,197.1,75,1800,198.81,185.2,218.2
4517,2021-02-14 09:20:00,197.1,197.1,197.1,197.1,75,1800,198.81,185.2,218.2
4518,2021-02-14 09:21:00,197.1,197.1,197.1,197.1,75,1800,198.81,185.2,218.2
4519,2021-02-14 09:22:00,197.1,197.1,197.1,197.1,75,1800,198.81,185.2,218.2
4520,2021-02-14 09:23:00,197.1,197.1,197.1,197.1,75,1800,198.81,185.2,218.2
4521,2021-02-14 09:24:00,197.1,197.1,197.1,197.1,75,1800,198.81,185.2,218.2
4522,2021-02-14 09:25:00,197.1,197.1,197.1,197.1,75,1800,198.81,185.2,218.2
4523,2021-02-14 09:26:00,197.1,197.1,197.1,197.1,75,1800,198.81,185.2,218.2
4524,2021-02-14 09:27:00,197.1,197.1,197.1,197.1,75,1800,198.81,185.2,218.2
4525,2021-02-14 09:28:00,197.1,197.1,197.1,197.1,75,1800,198.81,185.2,218.2
4526,2021-02-14 09:29:00,197.1,197.1,197.1,197.1,75,1800,198.81,185.2,218.2
4527,2021-02-14 09:30:00,197.1,197.1,197.1,197.1,75,1800,198.81,185.2,218.2
4528,2021-02-14 09:31:00,197.1,197.1,197.1,197.1,75,1800,198.81,185.2,218.2
4529,2021-02-14 09:32:00,197.1,197.1,197.1,197.1,75,1800,198.81,185.2,218.2
4530,2021-02-14 09:33:00,197.1,197.1,197.1,197.1,75,1800,198.81,185.2,218.2
4531,2021-02-14 09:34:00,197.1,197.1,197.1,197.1,75,1800,198.81,185.2,218.2
4532,2021-02-14 09:35:00,197.1,197.1,197.1,197.1,75,1800,198.81,185.2,218.2
4533,2021-02-14 09:36:00,197.1,197.1,197.1,197.1,75,1800,198.81,185.2,218.2
4534,2021-02-14 09:37:00,197.1,197.1,197.1,197.1,75,1800,198.81,185.2,218.2
4535,2021-02-14 09:38:00,197.1,197.1,197.1,197.1,75,1800,198.81,185.2,218.2
4536,2021-02-14 09:39:00,197.1,197.1,197.1,197.1,75,1800,198.81,185.2,218.2
4537,2021-02-14 09:40:00,197.1,197.1,197.1,197.1,75,1800,198.81,185.2,218.2
4538,2021-02-14 09:41:00,197.1,197.1,197.1,197.1,75,1800,198.81,185.2,218.2
4539,2021-02-14 09:42:00,197.1,197.1,197.1,197.1,75,1800,198.81,185.2,218.2
4540,2021-02-14 09:43:00,197.1,197.1,197.1,197.1,75,1800,198.81,185.2,218.2
4541,2021-02-14 09:44:00,197.1,197.1,197.1,197.1,75,1800,198.81,185.2,218.2
4542,2021-02-14 09:45:00,197.1,197.1,197.1,197.1,75,1800,198.81,185.2,218.2
4543,2021-02-14 09:46:00,197.1,197.1,197.1,197.1,75,1800,198.81,185.2,218.2
4544,2021-02-14 09:47:00,197.1,197.1,197.1,197.1,75,1800,198.81,185.2,218.2
4545,2021-02-14 09:48:00,197.1,197.1,197.1,197.1,75,1800,198.81,185.2,218.2
4546,2021-02-14 09:49:00,197.1,197.1,197.1,197.1,75,1800,198.81,185.2,218.2
4547,2021-02-14 09:50:00,197.1,197.1,197.1,197.1,75,1800,198.81,185.2,218.2
4548,2021-02-14 09:51:00,197.1,197.1,197.1,197.1,75,1800,198.81,185.2,218.2
4549,2021-02-14 09:52:00,197.1,197.1,197.1,197.1,75,1800,198.81,185.2,218.2
4550,2021-02-14 09:53:00,197.1,197.1,197.1,197.1,75,1800,198.81,185.2,218.2
4551,2021-02-14 09:54:00,197.1,197.1,197.1,197.1,75,1800,198.81,185.2,218.2
4552,2021-02-14 09:55:00,197.1,197.1,197.1,197.1,75,1800,198.81,185.2,218.2
4553,2021-02-14 09:56:00,197.1,197.1,197.1,197.1,75,1800,198.81,185.2,218.2
4554,2021-02-14 09:57:00,197.1,197.1,197.1,197.1,75,1800,198.81,185.2,218.2
4555,2021-02-14 09:58:00,197.1,197.1,197.1,197.1,75,1800,198.81,185.2,218.2
4556,2021-02-14 09:59:00,197.1,197.1,197.1,197.1,75,1800,198.81,185.2,218.2
4557,2021-02-14 10:00:00,197.1,197.1,197.1,197.1,75,1800,198.81,185.2,218.2
4558,2021-02-14 10:01:00,197.1,197.1,197.1,197.1,75,1800,198.81,185.2,218.2
4559,2021-02-14 10:02:00,197.1,197.1,197.1,197.1,75,1800,198.81,185.2,218.2
4560,2021-02-14 10:03:00,197.1,197.1,197.1,197.1,75,1800,198.81,185.2,218.2
4561,2021-02-14 10:04:00,197.1,197.1,197.1,197.1,75,1800,198.81,185.2,218.2
4562,2021-02-14 10:05:00,197.1,197.1,197.1,197.1,75,1800,198.81,185.2,218.2
4563,2021-02-14 10:06:00,197.1,197.1,197.1,197.1,75,1800,198.81,185.2,218.2
4564,2021-02-14 10:07:00,197.1,197.1,197.1,197.1,75,1800,198.81,185.2,218.2
4565,2021-02-14 10:08:00,197.1,197.1,197.1,197.1,75,1800,198.81,185.2,218.2
4566,2021-02-14 10:09:00,197.1,197.1,197.1,197.1,75,1800,198.81,185.2,218.2
4567,2021-02-14 10:10:00,197.1,197.1,197.1,197.1,75,1800,198.81,185.2,218.2
4568,2021-02-14 10:11:00,197.1,197.1,197.1,197.1,75,1800,198.81,185.2,218.2
4569,2021-02-14 10:12:00,197.1,197.1,197.1,197.1,75,1800,198.81,185.2,218.2
4570,2021-02-14 10:13:00,197.1,197.1,197.1,197.1,75,1800,198.81,185.2,218.2
4571,2021-02-14 10:14:00,197.1,197.1,197.1,197.1,75,1800,198.81,185.2,218.2
4572,2021-02-14 10:15:00,197.1,197.1,197.1,197.1,75,1800,198.81,185.2,218.2
4573,2021-02-14 10:16:00,197.1,197.1,197.1,197.1,75,1800,198.81,185.2,218.2
4574,2021-02-14 10:17:00,197.1,197.1,197.1,197.1,75,1800,198.81,185.2,218.2
4575,2021-02-14 10:18:00,197.1,197.1,197.1,197.1,75,1800,198.81,185.2,218.2
4576,2021-02-14 10:19:00,197.1,197.1,197.1,197.1,75,1800,198.81,185.2,218.2
4577,2021-02-14 10:20:00,197.1,197.1,197.1,197.1,75,1800,198.81,185.2,218.2
4578,2021-02-14 10:21:00,197.1,197.1,197.1,197.1,75,1800,198.81,185.2,218.2
4579,2021-02-14 10:22:00,197.1,197.1,197.1,197.1,75,1800,198.81,185.2,218.2
4580,2021-02-14 10:23:00,197.1,197.1,197.1,197.1,75,1800,198.81,185.2,218.2
4581,2021-02-14 10:24:00,197.1,197.1,197.1,197.1,75,1800,198.81,185.2,218.2
4582,2021-02-14 10:25:00,197.1,197.1,197.1,197.1,75,1800,198.81,185.2,218.2
4583,2021-02-14 10:26:00,197.1,197.1,197.1,197.1,75,1800,198.81,185.2,218.2
4584,2021-02-14 10:27:00,197.1,197.1,197.1,197.1,75,1800,198.81,185.2,218.2
4585,2021-02-14 10:28:00,197.1,197.1,197.1,197.1,75,1800,198.81,185.2,218.2
4586,2021-02-14 10:29:00,197.1,197.1,197.1,197.1,75,1800,198.81,185.2,218.2
4587,2021-02-14 10:30:00,197.1,197.1,197.1,197.1,75,1800,198.81,185.2,218.2
4588,2021-02-14 10:31:00,197.1,197.1,197.1,197.1,75,1800,198.81,185.2,218.2
4589,2021-02-14 10:32:00,197.1,197.1,197.1,197.1,75,1800,198.81,185.2,218.2
4590,2021-02-14 10:33:00,197.1,197.1,197.1,197.1,75,1800,198.81,185.2,218.2
4591,2021-02-14 10:34:00,197.1,197.1,197.1,197.1,75,1800,198.81,185.2,218.2
4592,2021-02-14 10:35:00,197.1,197.1,197.1,197.1,75,1800,198.81,185.2,218.2
4593,2021-02-14 10:36:00,197.1,197.1,197.1,197.1,75,1800,198.81,185.2,218.2
4594,2021-02-14 10:37:00,197.1,197.1,197.1,197.1,75,1800,198.81,185.2,218.2
4595,2021-02-14 10:38:00,197.1,197.1,197.1,197.1,75,1800,198.81,185.2,218.2
4596,2021-02-14 10:39:00,197.1,197.1,197.1,197.1,75,1800,198.81,185.2,218.2
4597,2021-02-14 10:40:00,197.1,197.1,197.1,197.1,75,1800,198.81,185.2,218.2
4598,2021-02-14 10:41:00,197.1,197.1,197.1,197.1,75,1800,198.81,185.2,218.2
4599,2021-02-14 10:42:00,197.1,197.1,197.1,197.1,75,1800,198.81,185.2,218.2
4600,2021-02-14 10:43:00,197.1,197.1,197.1,197.1,75,1800,198.81,185.2,218.2
4601,2021-02-14 10:44:00,197.1,197.1,197.1,197.1,75,1800,198.81,185.2,218.2
4602,2021-02-14 10:45:00,197.1,197.1,197.1,197.1,75,1800,198.81,185.2,218.2
4603,2021-02-14 10:46:00,197.1,197.1,197.1,197.1,75,1800,198.81,185.2,218.2
4604,2021-02-14 10:47:00,197.1,197.1,197.1,197.1,75,1800,198.81,185.2,218.2
4605,2021-02-14 10:48:00,197.1,197.1,197.1,197.1,75,1800,198.81,185.2,218.2
4606,2021-02-14 10:49:00,197.1,197.1,197.1,197.1,75,1800,198.81,185.2,218.2
4607,2021-02-14 10:50:00,197.1,197.1,197.1,197.1,75,1800,198.81,185.2,218.2
4608,2021-02-14 10:51:00,197.1,197.1,197.1,197.1,75,1800,198.81,185.2,218.2
4609,2021-02-14 10:52:00,197.1,197.1,197.1,197.1,75,1800,198.81,185.2,218.2
4610,2021-02-14 10:53:00,197.1,197.1,197.1,197.1,75,1800,198.81,185.2,218.2
4611,2021-02-14 10:54:00,197.1,197.1,197.1,197.1,75,1800,198.81,185.2,218.2
4612,2021-02-14 10:55:00,197.1,197.1,197.1,197.1,75,1800,198.81,185.2,218.2
4613,2021-02-14 10:56:00,197.1,197.1,197.1,197.1,75,1800,198.81,185.2,218.2
4614,2021-02-14 10:57:00,197.1,197.1,197.1,197.1,75,1800,198.81,185.2,218.2
4615,2021-02-14 10:58:00,197.1,197.1,197.1,197.1,75,1800,198.81,185.2,218.2
4616,2021-02-14 10:59:00,197.1,197.1,197.1,197.1,75,1800,198.81,185.2,218.2
4617,2021-02-14 11:00:00,197.1,197.1,197.1,197.1,75,1800,198.81,185.2,218.2
4618,2021-02-14 11:01:00,197.1,197.1,197.1,197.1,75,1800,198.81,185.2,218.2
4619,2021-02-14 11:02:00,197.1,197.1,197.1,197.1,75,1800,198.81,185.2,218.2
4620,2021-02-14 11:03:00,197.1,197.1,197.1,197.1,75,1800,198.81,185.2,218.2
4621,2021-02-14 11:04:00,197.1,197.1,197.1,197.1,75,1800,198.81,185.2,218.2
4622,2021-02-14 11:05:00,197.1,197.1,197.1,197.1,75,1800,198.81,185.2,218.2
4623,2021-02-14 11:06:00,197.1,197.1,197.1,197.1,75,1800,198.81,185.2,218.2
4624,2021-02-14 11:07:00,197.1,197.1,197.1,197.1,75,1800,198.81,185.2,218.2
4625,2021-02-14 11:08:00,197.1,197.1,197.1,197.1,75,1800,198.81,185.2,218.2
4626,2021-02-14 11:09:00,197.1,197.1,197.1,197.1,75,1800,198.81,185.2,218.2
4627,2021-02-14 11:10:00,197.1,197.1,197.1,197.1,75,1800,198.81,185.2,218.2
4628,2021-02-14 11:11:00,197.1,197.1,197.1,197.1,75,1800,198.81,185.2,218.2
4629,2021-02-14 11:12:00,197.1,197.1,197.1,197.1,75,1800,198.81,185.2,218.2
4630,2021-02-14 11:13:00,197.1,197.1,197.1,197.1,75,1800,198.81,185.2,218.2
4631,2021-02-14 11:14:00,197.1,197.1,197.1,197.1,75,1800,198.81,185.2,218.2
4632,2021-02-14 11:15:00,197.1,197.1,197.1,197.1,75,1800,198.81,185.2,218.2
4633,2021-02-14 11:16:00,197.1,197.1,197.1,197.1,75,1800,198.81,185.2,218.2
4634,2021-02-14 11:17:00,197.1,197.1,197.1,197.1,75,1800,198.81,185.2,218.2
4635,2021-02-14 11:18:00,197.1,197.1,197.1,197.1,75,1800,198.81,185.2,218.2
4636,2021-02-14 11:19:00,197.1,197.1,197.1,197.1,75,1800,198.81,185.2,218.2
4637,2021-02-14 11:20:00,197.1,197.1,197.1,197.1,75,1800,198.81,185.2,218.2
4638,2021-02-14 11:21:00,197.1,197.1,197.1,197.1,75,1800,198.81,185.2,218.2
4639,2021-02-14 11:22:00,197.1,197.1,197.1,197.1,75,1800,198.81,185.2,218.2
4640,2021-02-14 11:23:00,197.1,197.1,197.1,197.1,75,1800,198.81,185.2,218.2
4641,2021-02-14 11:24:00,197.1,197.1,197.1,197.1,75,1800,198.81,185.2,218.2
4642,2021-02-14 11:25:00,197.1,197.1,197.1,197.1,75,1800,198.81,185.2,218.2
4643,2021-02-14 11:26:00,197.1,197.1,197.1,197.1,75,1800,198.81,185.2,218.2
4644,2021-02-14 11:27:00,197.1,197.1,197.1,197.1,75,1800,198.81,185.2,218.2
4645,2021-02-14 11:28:00,197.1,197.1,197.1,197.1,75,1800,198.81,185.2,218.2
4646,2021-02-14 11:29:00,197.1,197.1,197.1,197.1,75,1800,198.81,185.2,218.2
4647,2021-02-14 11:30:00,197.1,197.1,197.1,197.1,75,1800,198.81,185.2,218.2
4648,2021-02-14 11:31:00,197.1,197.1,197.1,197.1,75,1800,198.81,185.2,218.2
4649,2021-02-14 11:32:00,197.1,197.1,197.1,197.1,75,1800,198.81,185.2,218.2
4650,2021-02-14 11:33:00,197.1,197.1,197.1,197.1,75,1800,198.81,185.2,218.2
4651,2021-02-14 11:34:00,197.1,197.1,197.1,197.1,75,1800,198.81,185.2,218.2
4652,2021-02-14 11:35:00,197.1,197.1,197.1,197.1,75,1800,198.81,185.2,218.2
4653,2021-02-14 11:36:00,197.1,197.1,197.1,197.1,75,1800,198.81,185.2,218.2
4654,2021-02-14 11:37:00,197.1,197.1,197.1,197.1,75,1800,198.81,185.2,218.2
4655,2021-02-14 11:38:00,197.1,197.1,197.1,197.1,75,1800,198.81,185.2,218.2
4656,2021-02-14 11:39:00,197.1,197.1,197.1,197.1,75,1800,198.81,185.2,218.2
4657,2021-02-14 11:40:00,197.1,197.1,197.1,197.1,75,1800,198.81,185.2,218.2
4658,2021-02-14 11:41:00,197.1,197.1,197.1,197.1,75,1800,198.81,185.2,218.2
4659,2021-02-14 11:42:00,197.1,197.1,197.1,197.1,75,1800,198.81,185.2,218.2
4660,2021-02-14 11:43:00,197.1,197.1,197.1,197.1,75,1800,198.81,185.2,218.2
4661,2021-02-14 11:44:00,197.1,197.1,197.1,197.1,75,1800,198.81,185.2,218.2
4662,2021-02-14 11:45:00,197.1,197.1,197.1,197.1,75,1800,198.81,185.2,218.2
4663,2021-02-14 11:46:00,197.1,197.1,197.1,197.1,75,1800,198.81,185.2,218.2
4664,2021-02-14 11:47:00,197.1,197.1,197.1,197.1,75,1800,198.81,185.2,218.2
4665,2021-02-14 11:48:00,197.1,197.1,197.1,197.1,75,1800,198.81,185.2,218.2
4666,2021-02-14 11:49:00,197.1,197.1,197.1,197.1,75,1800,198.81,185.2,218.2
4667,2021-02-14 11:50:00,197.1,197.1,197.1,197.1,75,1800,198.81,185.2,218.2
4668,2021-02-14 11:51:00,197.1,197.1,197.1,197.1,75,1800,198.81,185.2,218.2
4669,2021-02-14 11:52:00,197.1,197.1,197.1,197.1,75,1800,198.81,185.2,218.2
4670,2021-02-14 11:53:00,197.1,197.1,197.1,197.1,75,1800,198.81,185.2,218.2
4671,2021-02-14 11:54:00,197.1,197.1,197.1,197.1,75,1800,198.81,185.2,218.2
4672,2021-02-14 11:55:00,197.1,197.1,197.1,197.1,75,1800,198.81,185.2,218.2
4673,2021-02-14 11:56:00,197.1,197.1,197.1,197.1,75,1800,198.81,185.2,218.2
4674,2021-02-14 11:57:00,197.1,197.1,197.1,197.1,75,1800,198.81,185.2,218.2
4675,2021-02-14 11:58:00,197.1,197.1,197.1,197.1,75,1800,198.81,185.2,218.2
4676,2021-02-14 11:59:00,197.1,197.1,197.1,197.1,75,1800,198.81,185.2,218.2
4677,2021-02-14 12:00:00,197.1,197.1,197.1,197.1,75,1800,198.81,185.2,218.2
4678,2021-02-14 12:01:00,197.1,197.1,197.1,197.1,75,1800,198.81,185.2,218.2
4679,2021-02-14 12:02:00,197.1,197.1,197.1,197.1,75,1800,198.81,185.2,218.2
4680,2021-02-14 12:03:00,197.1,197.1,197.1,197.1,75,1800,198.81,185.2,218.2
4681,2021-02-14 12:04:00,197.1,197.1,197.1,197.1,75,1800,198.81,185.2,218.2
4682,2021-02-14 12:05:00,197.1,197.1,197.1,197.1,75,1800,198.81,185.2,218.2
4683,2021-02-14 12:06:00,197.1,197.1,197.1,197.1,75,1800,198.81,185.2,218.2
4684,2021-02-14 12:07:00,197.1,197.1,197.1,197.1,75,1800,198.81,185.2,218.2
4685,2021-02-14 12:08:00,197.1,197.1,197.1,197.1,75,1800,198.81,185.2,218.2
4686,2021-02-14 12:09:00,197.1,197.1,197.1,197.1,75,1800,198.81,185.2,218.2
4687,2021-02-14 12:10:00,197.1,197.1,197.1,197.1,75,1800,198.81,185.2,218.2
4688,2021-02-14 12:11:00,197.1,197.1,197.1,197.1,75,1800,198.81,185.2,218.2
4689,2021-02-14 12:12:00,197.1,197.1,197.1,197.1,75,1800,198.81,185.2,218.2
4690,2021-02-14 12:13:00,197.1,197.1,197.1,197.1,75,1800,198.81,185.2,218.2
4691,2021-02-14 12:14:00,197.1,197.1,197.1,197.1,75,1800,198.81,185.2,218.2
4692,2021-02-14 12:15:00,197.1,197.1,197.1,197.1,75,1800,198.81,185.2,218.2
4693,2021-02-14 12:16:00,197.1,197.1,197.1,197.1,75,1800,198.81,185.2,218.2
4694,2021-02-14 12:17:00,197.1,197.1,197.1,197.1,75,1800,198.81,185.2,218.2
4695,2021-02-14 12:18:00,197.1,197.1,197.1,197.1,75,1800,198.81,185.2,218.2
4696,2021-02-14 12:19:00,197.1,197.1,197.1,197.1,75,1800,198.81,185.2,218.2
4697,2021-02-14 12:20:00,197.1,197.1,197.1,197.1,75,1800,198.81,185.2,218.2
4698,2021-02-14 12:21:00,197.1,197.1,197.1,197.1,75,1800,198.81,185.2,218.2
4699,2021-02-14 12:22:00,197.1,197.1,197.1,197.1,75,1800,198.81,185.2,218.2
4700,2021-02-14 12:23:00,197.1,197.1,197.1,197.1,75,1800,198.81,185.2,218.2
4701,2021-02-14 12:24:00,197.1,197.1,197.1,197.1,75,1800,198.81,185.2,218.2
4702,2021-02-14 12:25:00,197.1,197.1,197.1,197.1,75,1800,198.81,185.2,218.2
4703,2021-02-14 12:26:00,197.1,197.1,197.1,197.1,75,1800,198.81,185.2,218.2
4704,2021-02-14 12:27:00,197.1,197.1,197.1,197.1,75,1800,198.81,185.2,218.2
4705,2021-02-14 12:28:00,197.1,197.1,197.1,197.1,75,1800,198.81,185.2,218.2
4706,2021-02-14 12:29:00,197.1,197.1,197.1,197.1,75,1800,198.81,185.2,218.2
4707,2021-02-14 12:30:00,197.1,197.1,197.1,197.1,75,1800,198.81,185.2,218.2
4708,2021-02-14 12:31:00,197.1,197.1,197.1,197.1,75,1800,198.81,185.2,218.2
4709,2021-02-14 12:32:00,197.1,197.1,197.1,197.1,75,1800,198.81,185.2,218.2
4710,2021-02-14 12:33:00,197.1,197.1,197.1,197.1,75,1800,198.81,185.2,218.2
4711,2021-02-14 12:34:00,197.1,197.1,197.1,197.1,75,1800,198.81,185.2,218.2
4712,2021-02-14 12:35:00,197.1,197.1,197.1,197.1,75,1800,198.81,185.2,218.2
4713,2021-02-14 12:36:00,197.1,197.1,197.1,197.1,75,1800,198.81,185.2,218.2
4714,2021-02-14 12:37:00,197.1,197.1,197.1,197.1,75,1800,198.81,185.2,218.2
4715,2021-02-14 12:38:00,197.1,197.1,197.1,197.1,75,1800,198.81,185.2,218.2
4716,2021-02-14 12:39:00,197.1,197.1,197.1,197.1,75,1800,198.81,185.2,218.2
4717,2021-02-14 12:40:00,197.1,197.1,197.1,197.1,75,1800,198.81,185.2,218.2
4718,2021-02-14 12:41:00,197.1,197.1,197.1,197.1,75,1800,198.81,185.2,218.2
4719,2021-02-14 12:42:00,197.1,197.1,197.1,197.1,75,1800,198.81,185.2,218.2
4720,2021-02-14 12:43:00,197.1,197.1,197.1,197.1,75,1800,198.81,185.2,218.2
4721,2021-02-14 12:44:00,197.1,197.1,197.1,197.1,75,1800,198.81,185.2,218.2
4722,2021-02-14 12:45:00,197.1,197.1,197.1,197.1,75,1800,198.81,185.2,218.2
4723,2021-02-14 12:46:00,197.1,197.1,197.1,197.1,75,1800,198.81,185.2,218.2
4724,2021-02-14 12:47:00,197.1,197.1,197.1,197.1,75,1800,198.81,185.2,218.2
4725,2021-02-14 12:48:00,197.1,197.1,197.1,197.1,75,1800,198.81,185.2,218.2
4726,2021-02-14 12:49:00,197.1,197.1,197.1,197.1,75,1800,198.81,185.2,218.2
4727,2021-02-14 12:50:00,197.1,197.1,197.1,197.1,75,1800,198.81,185.2,218.2
4728,2021-02-14 12:51:00,197.1,197.1,197.1,197.1,75,1800,198.81,185.2,218.2
4729,2021-02-14 12:52:00,197.1,197.1,197.1,197.1,75,1800,198.81,185.2,218.2
4730,2021-02-14 12:53:00,197.1,197.1,197.1,197.1,75,1800,198.81,185.2,218.2
4731,2021-02-14 12:54:00,197.1,197.1,197.1,197.1,75,1800,198.81,185.2,218.2
4732,2021-02-14 12:55:00,197.1,197.1,197.1,197.1,75,1800,198.81,185.2,218.2
4733,2021-02-14 12:56:00,197.1,197.1,197.1,197.1,75,1800,198.81,185.2,218.2
4734,2021-02-14 12:57:00,197.1,197.1,197.1,197.1,75,1800,198.81,185.2,218.2
4735,2021-02-14 12:58:00,197.1,197.1,197.1,197.1,75,1800,198.81,185.2,218.2
4736,2021-02-14 12:59:00,197.1,197.1,197.1,197.1,75,1800,198.81,185.2,218.2
4737,2021-02-14 13:00:00,197.1,197.1,197.1,197.1,75,1800,198.81,185.2,218.2
4738,2021-02-14 13:01:00,197.1,197.1,197.1,197.1,75,1800,198.81,185.2,218.2
4739,2021-02-14 13:02:00,197.1,197.1,197.1,197.1,75,1800,198.81,185.2,218.2
4740,2021-02-14 13:03:00,197.1,197.1,197.1,197.1,75,1800,198.81,185.2,218.2
4741,2021-02-14 13:04:00,197.1,197.1,197.1,197.1,75,1800,198.81,185.2,218.2
4742,2021-02-14 13:05:00,197.1,197.1,197.1,197.1,75,1800,198.81,185.2,218.2
4743,2021-02-14 13:06:00,197.1,197.1,197.1,197.1,75,1800,198.81,185.2,218.2
4744,2021-02-14 13:07:00,197.1,197.1,197.1,197.1,75,1800,198.81,185.2,218.2
4745,2021-02-14 13:08:00,197.1,197.1,197.1,197.1,75,1800,198.81,185.2,218.2
4746,2021-02-14 13:09:00,197.1,197.1,197.1,197.1,75,1800,198.81,185.2,218.2
4747,2021-02-14 13:10:00,197.1,197.1,197.1,197.1,75,1800,198.81,185.2,218.2
4748,2021-02-14 13:11:00,197.1,197.1,197.1,197.1,75,1800,198.81,185.2,218.2
4749,2021-02-14 13:12:00,197.1,197.1,197.1,197.1,75,1800,198.81,185.2,218.2
4750,2021-02-14 13:13:00,197.1,197.1,197.1,197.1,75,1800,198.81,185.2,218.2
4751,2021-02-14 13:14:00,197.1,197.1,197.1,197.1,75,1800,198.81,185.2,218.2
4752,2021-02-14 13:15:00,197.1,197.1,197.1,197.1,75,1800,198.81,185.2,218.2
4753,2021-02-14 13:16:00,197.1,197.1,197.1,197.1,75,1800,198.81,185.2,218.2
4754,2021-02-14 13:17:00,197.1,197.1,197.1,197.1,75,1800,198.81,185.2,218.2
4755,2021-02-14 13:18:00,197.1,197.1,197.1,197.1,75,1800,198.81,185.2,218.2
4756,2021-02-14 13:19:00,197.1,197.1,197.1,197.1,75,1800,198.81,185.2,218.2
4757,2021-02-14 13:20:00,197.1,197.1,197.1,197.1,75,1800,198.81,185.2,218.2
4758,2021-02-14 13:21:00,197.1,197.1,197.1,197.1,75,1800,198.81,185.2,218.2
4759,2021-02-14 13:22:00,197.1,197.1,197.1,197.1,75,1800,198.81,185.2,218.2
4760,2021-02-14 13:23:00,197.1,197.1,197.1,197.1,75,1800,198.81,185.2,218.2
4761,2021-02-14 13:24:00,197.1,197.1,197.1,197.1,75,1800,198.81,185.2,218.2
4762,2021-02-14 13:25:00,197.1,197.1,197.1,197.1,75,1800,198.81,185.2,218.2
4763,2021-02-14 13:26:00,197.1,197.1,197.1,197.1,75,1800,198.81,185.2,218.2
4764,2021-02-14 13:27:00,197.1,197.1,197.1,197.1,75,1800,198.81,185.2,218.2
4765,2021-02-14 13:28:00,197.1,197.1,197.1,197.1,75,1800,198.81,185.2,218.2
4766,2021-02-14 13:29:00,197.1,197.1,197.1,197.1,75,1800,198.81,185.2,218.2
4767,2021-02-14 13:30:00,197.1,197.1,197.1,197.1,75,1800,198.81,185.2,218.2
4768,2021-02-14 13:31:00,197.1,197.1,197.1,197.1,75,1800,198.81,185.2,218.2
4769,2021-02-14 13:32:00,197.1,197.1,197.1,197.1,75,1800,198.81,185.2,218.2
4770,2021-02-14 13:33:00,197.1,197.1,197.1,197.1,75,1800,198.81,185.2,218.2
4771,2021-02-14 13:34:00,197.1,197.1,197.1,197.1,75,1800,198.81,185.2,218.2
4772,2021-02-14 13:35:00,197.1,197.1,197.1,197.1,75,1800,198.81,185.2,218.2
4773,2021-02-14 13:36:00,197.1,197.1,197.1,197.1,75,1800,198.81,185.2,218.2
4774,2021-02-14 13:37:00,197.1,197.1,197.1,197.1,75,1800,198.81,185.2,218.2
4775,2021-02-14 13:38:00,197.1,197.1,197.1,197.1,75,1800,198.81,185.2,218.2
4776,2021-02-14 13:39:00,197.1,197.1,197.1,197.1,75,1800,198.81,185.2,218.2
4777,2021-02-14 13:40:00,197.1,197.1,197.1,197.1,75,1800,198.81,185.2,218.2
4778,2021-02-14 13:41:00,197.1,197.1,197.1,197.1,75,1800,198.81,185.2,218.2
4779,2021-02-14 13:42:00,197.1,197.1,197.1,197.1,75,1800,198.81,185.2,218.2
4780,2021-02-14 13:43:00,197.1,197.1,197.1,197.1,75,1800,198.81,185.2,218.2
4781,2021-02-14 13:44:00,197.1,197.1,197.1,197.1,75,1800,198.81,185.2,218.2
4782,2021-02-14 13:45:00,197.1,197.1,197.1,197.1,75,1800,198.81,185.2,218.2
4783,2021-02-14 13:46:00,197.1,197.1,197.1,197.1,75,1800,198.81,185.2,218.2
4784,2021-02-14 13:47:00,197.1,197.1,197.1,197.1,75,1800,198.81,185.2,218.2
4785,2021-02-14 13:48:00,197.1,197.1,197.1,197.1,75,1800,198.81,185.2,218.2
4786,2021-02-14 13:49:00,197.1,197.1,197.1,197.1,75,1800,198.81,185.2,218.2
4787,2021-02-14 13:50:00,197.1,197.1,197.1,197.1,75,1800,198.81,185.2,218.2
4788,2021-02-14 13:51:00,197.1,197.1,197.1,197.1,75,1800,198.81,185.2,218.2
4789,2021-02-14 13:52:00,197.1,197.1,197.1,197.1,75,1800,198.81,185.2,218.2
4790,2021-02-14 13:53:00,197.1,197.1,197.1,197.1,75,1800,198.81,185.2,218.2
4791,2021-02-14 13:54:00,197.1,197.1,197.1,197.1,75,1800,198.81,185.2,218.2
4792,2021-02-14 13:55:00,197.1,197.1,197.1,197.1,75,1800,198.81,185.2,218.2
4793,2021-02-14 13:56:00,197.1,197.1,197.1,197.1,75,1800,198.81,185.2,218.2
4794,2021-02-14 13:57:00,197.1,197.1,197.1,197.1,75,1800,198.81,185.2,218.2
4795,2021-02-14 13:58:00,197.1,197.1,197.1,197.1,75,1800,198.81,185.2,218.2
4796,2021-02-14 13:59:00,197.1,197.1,197.1,197.1,75,1800,198.81,185.2,218.2
4797,2021-02-14 14:00:00,197.1,197.1,197.1,197.1,75,1800,198.81,185.2,218.2
4798,2021-02-14 14:01:00,197.1,197.1,197.1,197.1,75,1800,198.81,185.2,218.2
4799,2021-02-14 14:02:00,197.1,197.1,197.1,197.1,75,1800,198.81,185.2,218.2
4800,2021-02-14 14:03:00,197.1,197.1,197.1,197.1,75,1800,198.81,185.2,218.2
4801,2021-02-14 14:04:00,197.1,197.1,197.1,197.1,75,1800,198.81,185.2,218.2
4802,2021-02-14 14:05:00,197.1,197.1,197.1,197.1,75,1800,198.81,185.2,218.2
4803,2021-02-14 14:06:00,197.1,197.1,197.1,197.1,75,1800,198.81,185.2,218.2
4804,2021-02-14 14:07:00,197.1,197.1,197.1,197.1,75,1800,198.81,185.2,218.2
4805,2021-02-14 14:08:00,197.1,197.1,197.1,197.1,75,1800,198.81,185.2,218.2
4806,2021-02-14 14:09:00,197.1,197.1,197.1,197.1,75,1800,198.81,185.2,218.2
4807,2021-02-14 14:10:00,197.1,197.1,197.1,197.1,75,1800,198.81,185.2,218.2
4808,2021-02-14 14:11:00,197.1,197.1,197.1,197.1,75,1800,198.81,185.2,218.2
4809,2021-02-14 14:12:00,197.1,197.1,197.1,197.1,75,1800,198.81,185.2,218.2
4810,2021-02-14 14:13:00,197.1,197.1,197.1,197.1,75,1800,198.81,185.2,218.2
4811,2021-02-14 14:14:00,197.1,197.1,197.1,197.1,75,1800,198.81,185.2,218.2
4812,2021-02-14 14:15:00,197.1,197.1,197.1,197.1,75,1800,198.81,185.2,218.2
4813,2021-02-14 14:16:00,197.1,197.1,197.1,197.1,75,1800,198.81,185.2,218.2
4814,2021-02-14 14:17:00,197.1,197.1,197.1,197.1,75,1800,198.81,185.2,218.2
4815,2021-02-14 14:18:00,197.1,197.1,197.1,197.1,75,1800,198.81,185.2,218.2
4816,2021-02-14 14:19:00,197.1,197.1,197.1,197.1,75,1800,198.81,185.2,218.2
4817,2021-02-14 14:20:00,197.1,197.1,197.1,197.1,75,1800,198.81,185.2,218.2
4818,2021-02-14 14:21:00,197.1,197.1,197.1,197.1,75,1800,198.81,185.2,218.2
4819,2021-02-14 14:22:00,197.1,197.1,197.1,197.1,75,1800,198.81,185.2,218.2
4820,2021-02-14 14:23:00,197.1,197.1,197.1,197.1,75,1800,198.81,185.2,218.2
4821,2021-02-14 14:24:00,197.1,197.1,197.1,197.1,75,1800,198.81,185.2,218.2
4822,2021-02-14 14:25:00,197.1,197.1,197.1,197.1,75,1800,198.81,185.2,218.2
4823,2021-02-14 14:26:00,197.1,197.1,197.1,197.1,75,1800,198.81,185.2,218.2
4824,2021-02-14 14:27:00,197.1,197.1,197.1,197.1,75,1800,198.81,185.2,218.2
4825,2021-02-14 14:28:00,197.1,197.1,197.1,197.1,75,1800,198.81,185.2,218.2
4826,2021-02-14 14:29:00,197.1,197.1,197.1,197.1,75,1800,198.81,185.2,218.2
4827,2021-02-14 14:30:00,197.1,197.1,197.1,197.1,75,1800,198.81,185.2,218.2
4828,2021-02-14 14:31:00,197.1,197.1,197.1,197.1,75,1800,198.81,185.2,218.2
4829,2021-02-14 14:32:00,197.1,197.1,197.1,197.1,75,1800,198.81,185.2,218.2
4830,2021-02-14 14:33:00,197.1,197.1,197.1,197.1,75,1800,198.81,185.2,218.2
4831,2021-02-14 14:34:00,197.1,197.1,197.1,197.1,75,1800,198.81,185.2,218.2
4832,2021-02-14 14:35:00,197.1,197.1,197.1,197.1,75,1800,198.81,185.2,218.2
4833,2021-02-14 14:36:00,197.1,197.1,197.1,197.1,75,1800,198.81,185.2,218.2
4834,2021-02-14 14:37:00,197.1,197.1,197.1,197.1,75,1800,198.81,185.2,218.2
4835,2021-02-14 14:38:00,197.1,197.1,197.1,197.1,75,1800,198.81,185.2,218.2
4836,2021-02-14 14:39:00,197.1,197.1,197.1,197.1,75,1800,198.81,185.2,218.2
4837,2021-02-14 14:40:00,197.1,197.1,197.1,197.1,75,1800,198.81,185.2,218.2
4838,2021-02-14 14:41:00,197.1,197.1,197.1,197.1,75,1800,198.81,185.2,218.2
4839,2021-02-14 14:42:00,197.1,197.1,197.1,197.1,75,1800,198.81,185.2,218.2
4840,2021-02-14 14:43:00,197.1,197.1,197.1,197.1,75,1800,198.81,185.2,218.2
4841,2021-02-14 14:44:00,197.1,197.1,197.1,197.1,75,1800,198.81,185.2,218.2
4842,2021-02-14 14:45:00,197.1,197.1,197.1,197.1,75,1800,198.81,185.2,218.2
4843,2021-02-14 14:46:00,197.1,197.1,197.1,197.1,75,1800,198.81,185.2,218.2
4844,2021-02-14 14:47:00,197.1,197.1,197.1,197.1,75,1800,198.81,185.2,218.2
4845,2021-02-14 14:48:00,197.1,197.1,197.1,197.1,75,1800,198.81,185.2,218.2
4846,2021-02-14 14:49:00,197.1,197.1,197.1,197.1,75,1800,198.81,185.2,218.2
4847,2021-02-14 14:50:00,197.1,197.1,197.1,197.1,75,1800,198.81,185.2,218.2
4848,2021-02-14 14:51:00,197.1,197.1,197.1,197.1,75,1800,198.81,185.2,218.2
4849,2021-02-14 14:52:00,197.1,197.1,197.1,197.1,75,1800,198.81,185.2,218.2
4850,2021-02-14 14:53:00,197.1,197.1,197.1,197.1,75,1800,198.81,185.2,218.2
4851,2021-02-14 14:54:00,197.1,197.1,197.1,197.1,75,1800,198.81,185.2,218.2
4852,2021-02-14 14:55:00,197.1,197.1,197.1,197.1,75,1800,198.81,185.2,218.2
4853,2021-02-14 14:56:00,197.1,197.1,197.1,197.1,75,1800,198.81,185.2,218.2
4854,2021-02-14 14:57:00,197.1,197.1,197.1,197.1,75,1800,198.81,185.2,218.2
4855,2021-02-14 14:58:00,197.1,197.1,197.1,197.1,75,1800,198.81,185.2,218.2
4856,2021-02-14 14:59:00,197.1,197.1,197.1,197.1,75,1800,198.81,185.2,218.2
4857,2021-02-14 15:00:00,197.1,197.1,197.1,197.1,75,1800,198.81,185.2,218.2
4858,2021-02-14 15:01:00,197.1,197.1,197.1,197.1,75,1800,198.81,185.2,218.2
4859,2021-02-14 15:02:00,197.1,197.1,197.1,197.1,75,1800,198.81,185.2,218.2
4860,2021-02-14 15:03:00,197.1,197.1,197.1,197.1,75,1800,198.81,185.2,218.2
4861,2021-02-14 15:04:00,197.1,197.1,197.1,197.1,75,1800,198.81,185.2,218.2
4862,2021-02-14 15:05:00,197.1,197.1,197.1,197.1,75,1800,198.81,185.2,218.2
4863,2021-02-14 15:06:00,197.1,197.1,197.1,197.1,75,1800,198.81,185.2,218.2
4864,2021-02-14 15:07:00,197.1,197.1,197.1,197.1,75,1800,198.81,185.2,218.2
4865,2021-02-14 15:08:00,197.1,197.1,197.1,197.1,75,1800,198.81,185.2,218.2
4866,2021-02-14 15:09:00,197.1,197.1,197.1,197.1,75,1800,198.81,185.2,218.2
4867,2021-02-14 15:10:00,197.1,197.1,197.1,197.1,75,1800,198.81,185.2,218.2
4868,2021-02-14 15:11:00,197.1,197.1,197.1,197.1,75,1800,198.81,185.2,218.2
4869,2021-02-14 15:12:00,197.1,197.1,197.1,197.1,75,1800,198.81,185.2,218.2
4870,2021-02-14 15:13:00,197.1,197.1,197.1,197.1,75,1800,198.81,185.2,218.2
4871,2021-02-14 15:14:00,197.1,197.1,197.1,197.1,75,1800,198.81,185.2,218.2
4872,2021-02-14 15:15:00,197.1,197.1,197.1,197.1,75,1800,198.81,185.2,218.2
4873,2021-02-14 15:16:00,197.1,197.1,197.1,197.1,75,1800,198.81,185.2,218.2
4874,2021-02-14 15:17:00,197.1,197.1,197.1,197.1,75,1800,198.81,185.2,218.2
4875,2021-02-14 15:18:00,197.1,197.1,197.1,197.1,75,1800,198.81,185.2,218.2
4876,2021-02-14 15:19:00,197.1,197.1,197.1,197.1,75,1800,198.81,185.2,218.2
4877,2021-02-14 15:20:00,197.1,197.1,197.1,197.1,75,1800,198.81,185.2,218.2
4878,2021-02-14 15:21:00,197.1,197.1,197.1,197.1,75,1800,198.81,185.2,218.2
4879,2021-02-14 15:22:00,197.1,197.1,197.1,197.1,75,1800,198.81,185.2,218.2
4880,2021-02-14 15:23:00,197.1,197.1,197.1,197.1,75,1800,198.81,185.2,218.2
4881,2021-02-14 15:24:00,197.1,197.1,197.1,197.1,75,1800,198.81,185.2,218.2
4882,2021-02-14 15:25:00,197.1,197.1,197.1,197.1,75,1800,198.81,185.2,218.2
4883,2021-02-14 15:26:00,197.1,197.1,197.1,197.1,75,1800,198.81,185.2,218.2
4884,2021-02-14 15:27:00,197.1,197.1,197.1,197.1,75,1800,198.81,185.2,218.2
4885,2021-02-14 15:28:00,197.1,197.1,197.1,197.1,75,1800,198.81,185.2,218.2
4886,2021-02-14 15:29:00,197.1,197.1,197.1,197.1,75,1800,198.81,185.2,218.2
4887,2021-02-14 15:30:00,197.1,197.1,197.1,197.1,75,1800,198.81,185.2,218.2
4888,2021-02-15 09:15:00,197.1,197.1,197.1,197.1,75,1800,198.81,185.2,218.2
4889,2021-02-15 09:16:00,197.1,197.1,197.1,197.1,75,1800,198.81,185.2,218.2
4890,2021-02-15 09:17:00,197.1,197.1,197.1,197.1,75,1800,198.81,185.2,218.2
4891,2021-02-15 09:18:00,197.1,197.1,197.1,197.1,75,1800,198.81,185.2,218.2
4892,2021-02-15 09:19:00,197.1,197.1,197.1,197.1,75,1800,198.81,185.2,218.2
4893,2021-02-15 09:20:00,162.8,162.8,162.8,162.8,75,1800,162.8,157.0,164.2
4894,2021-02-15 09:21:00,162.8,162.8,162.8,162.8,75,1800,162.8,157.0,164.2
4895,2021-02-15 09:22:00,162.8,162.8,162.8,162.8,75,1800,162.8,157.0,164.2
4896,2021-02-15 09:23:00,162.8,162.8,162.8,162.8,75,1800,162.8,157.0,164.2
4897,2021-02-15 09:24:00,162.8,162.8,162.8,162.8,75,1800,162.8,157.0,164.2
4898,2021-02-15 09:25:00,162.8,162.8,162.8,162.8,75,1800,162.8,157.0,164.2
4899,2021-02-15 09:26:00,162.8,162.8,162.8,162.8,75,1800,162.8,157.0,164.2
4900,2021-02-15 09:27:00,162.8,162.8,162.8,162.8,75,1800,162.8,157.0,164.2
4901,2021-02-15 09:28:00,162.8,162.8,162.8,162.8,75,1800,162.8,157.0,164.2
4902,2021-02-15 09:29:00,157.0,157.0,157.0,157.0,75,1875,159.9,151.9,160.6
4903,2021-02-15 09:30:00,157.0,157.0,157.0,157.0,75,1875,159.9,151.9,160.6
4904,2021-02-15 09:31:00,157.0,157.0,157.0,157.0,75,1875,159.9,151.9,160.6
4905,2021-02-15 09:32:00,157.0,157.0,157.0,157.0,75,1875,159.9,151.9,160.6
4906,2021-02-15 09:33:00,157.0,157.0,157.0,157.0,75,1875,159.9,151.9,160.6
4907,2021-02-15 09:34:00,157.0,157.0,157.0,157.0,75,1875,159.9,151.9,160.6
4908,2021-02-15 09:35:00,157.0,157.0,157.0,157.0,75,1875,159.9,151.9,160.6
4909,2021-02-15 09:36:00,157.0,157.0,157.0,157.0,75,1875,159.9,151.9,160.6
4910,2021-02-15 09:37:00,157.0,157.0,157.0,157.0,75,1875,159.9,151.9,160.6
4911,2021-02-15 09:38:00,157.0,157.0,157.0,157.0,75,1875,159.9,151.9,160.6
4912,2021-02-15 09:39:00,157.0,157.0,157.0,157.0,75,1875,159.9,151.9,160.6
4913,2021-02-15 09:40:00,157.0,157.0,157.0,157.0,75,1875,159.9,151.9,160.6
4914,2021-02-15 09:41:00,157.0,157.0,157.0,157.0,75,1875,159.9,151.9,160.6
4915,2021-02-15 09:42:00,157.0,157.0,157.0,157.0,75,1875,159.9,151.9,160.6
4916,2021-02-15 09:43:00,157.0,157.0,157.0,157.0,75,1875,159.9,151.9,160.6
4917,2021-02-15 09:44:00,157.0,157.0,157.0,157.0,75,1875,159.9,151.9,160.6
4918,2021-02-15 09:45:00,157.0,157.0,157.0,157.0,75,1875,159.9,151.9,160.6
4919,2021-02-15 09:46:00,157.0,157.0,157.0,157.0,75,1875,159.9,151.9,160.6
4920,2021-02-15 09:47:00,157.0,157.0,157.0,157.0,75,1875,159.9,151.9,160.6
4921,2021-02-15 09:48:00,157.0,157.0,157.0,157.0,75,1875,159.9,151.9,160.6
4922,2021-02-15 09:49:00,157.0,157.0,157.0,157.0,75,1875,159.9,151.9,160.6
4923,2021-02-15 09:50:00,157.0,157.0,157.0,157.0,75,1875,159.9,151.9,160.6
4924,2021-02-15 09:51:00,157.0,157.0,157.0,157.0,75,1875,159.9,151.9,160.6
4925,2021-02-15 09:52:00,153.7,153.7,153.7,153.7,75,1875,157.83,144.2,156.9
4926,2021-02-15 09:53:00,153.7,153.7,153.7,153.7,75,1875,157.83,144.2,156.9
4927,2021-02-15 09:54:00,153.7,153.7,153.7,153.7,75,1875,157.83,144.2,156.9
4928,2021-02-15 09:55:00,153.7,153.7,153.7,153.7,75,1875,157.83,144.2,156.9
4929,2021-02-15 09:56:00,153.7,153.7,153.7,153.7,75,1875,157.83,144.2,156.9
4930,2021-02-15 09:57:00,153.7,153.7,153.7,153.7,75,1875,157.83,144.2,156.9
4931,2021-02-15 09:58:00,153.7,153.7,153.7,153.7,75,1875,157.83,144.2,156.9
4932,2021-02-15 09:59:00,153.7,153.7,153.7,153.7,75,1875,157.83,144.2,156.9
4933,2021-02-15 10:00:00,153.7,153.7,153.7,153.7,75,1875,157.83,144.2,156.9
4934,2021-02-15 10:01:00,153.7,153.7,153.7,153.7,75,1875,157.83,144.2,156.9
4935,2021-02-15 10:02:00,153.7,153.7,153.7,153.7,75,1875,157.83,144.2,156.9
4936,2021-02-15 10:03:00,153.7,153.7,153.7,153.7,75,1875,157.83,144.2,156.9
4937,2021-02-15 10:04:00,153.7,153.7,153.7,153.7,75,1875,157.83,144.2,156.9
4938,2021-02-15 10:05:00,153.7,153.7,153.7,153.7,75,1875,157.83,144.2,156.9
4939,2021-02-15 10:06:00,153.7,153.7,153.7,153.7,75,1875,157.83,144.2,156.9
4940,2021-02-15 10:07:00,153.7,153.7,153.7,153.7,75,1875,157.83,144.2,156.9
4941,2021-02-15 10:08:00,153.7,153.7,153.7,153.7,75,1875,157.83,144.2,156.9
4942,2021-02-15 10:09:00,153.7,153.7,153.7,153.7,75,1875,157.83,144.2,156.9
4943,2021-02-15 10:10:00,153.7,153.7,153.7,153.7,75,1875,157.83,144.2,156.9
4944,2021-02-15 10:11:00,153.7,153.7,153.7,153.7,75,1875,157.83,144.2,156.9
4945,2021-02-15 10:12:00,153.7,153.7,153.7,153.7,75,1875,157.83,144.2,156.9
4946,2021-02-15 10:13:00,153.7,153.7,153.7,153.7,75,1875,157.83,144.2,156.9
4947,2021-02-15 10:14:00,153.7,153.7,153.7,153.7,75,1875,157.83,144.2,156.9
4948,2021-02-15 10:15:00,153.7,153.7,153.7,153.7,75,1875,157.83,144.2,156.9
4949,2021-02-15 10:16:00,153.7,153.7,153.7,153.7,75,1875,157.83,144.2,156.9
4950,2021-02-15 10:17:00,153.7,153.7,153.7,153.7,75,1875,157.83,144.2,156.9
4951,2021-02-15 10:18:00,153.7,153.7,153.7,153.7,75,1875,157.83,144.2,156.9
4952,2021-02-15 10:19:00,153.7,153.7,153.7,153.7,75,1875,157.83,144.2,156.9
4953,2021-02-15 10:20:00,153.7,153.7,153.7,153.7,75,1875,157.83,144.2,156.9
4954,2021-02-15 10:21:00,153.7,153.7,153.7,153.7,75,1875,157.83,144.2,156.9
4955,2021-02-15 10:22:00,153.7,153.7,153.7,153.7,75,1875,157.83,144.2,156.9
4956,2021-02-15 10:23:00,153.7,153.7,153.7,153.7,75,1875,157.83,144.2,156.9
4957,2021-02-15 10:24:00,153.7,153.7,153.7,153.7,75,1875,157.83,144.2,156.9
4958,2021-02-15 10:25:00,153.7,153.7,153.7,153.7,75,1875,157.83,144.2,156.9
4959,2021-02-15 10:26:00,153.7,153.7,153.7,153.7,75,1875,157.83,144.2,156.9
4960,2021-02-15 10:27:00,153.7,153.7,153.7,153.7,75,1875,157.83,144.2,156.9
4961,2021-02-15 10:28:00,153.7,153.7,153.7,153.7,75,1875,157.83,144.2,156.9
4962,2021-02-15 10:29:00,153.7,153.7,153.7,153.7,75,1875,157.83,144.2,156.9
4963,2021-02-15 10:30:00,153.7,153.7,153.7,153.7,75,1875,157.83,144.2,156.9
4964,2021-02-15 10:31:00,153.7,153.7,153.7,153.7,75,1875,157.83,144.2,156.9
4965,2021-02-15 10:32:00,153.7,153.7,153.7,153.7,75,1875,157.83,144.2,156.9
4966,2021-02-15 10:33:00,153.7,153.7,153.7,153.7,75,1875,157.83,144.2,156.9
4967,2021-02-15 10:34:00,153.7,153.7,153.7,153.7,75,1875,157.83,144.2,156.9
4968,2021-02-15 10:35:00,153.7,153.7,153.7,153.7,75,1875,157.83,144.2,156.9
4969,2021-02-15 10:36:00,153.7,153.7,153.7,153.7,75,1875,157.83,144.2,156.9
4970,2021-02-15 10:37:00,153.7,153.7,153.7,153.7,75,1875,157.83,144.2,156.9
4971,2021-02-15 10:38:00,149.4,149.4,149.4,149.4,75,1800,155.72,143.85,151.85
4972,2021-02-15 10:39:00,149.4,149.4,149.4,149.4,75,1800,155.72,143.85,151.85
4973,2021-02-15 10:40:00,149.4,149.4,149.4,149.4,75,1800,155.72,143.85,151.85
4974,2021-02-15 10:41:00,149.4,149.4,149.4,149.4,75,1800,155.72,143.85,151.85
4975,2021-02-15 10:42:00,149.4,149.4,149.4,149.4,75,1800,155.72,143.85,151.85
4976,2021-02-15 10:43:00,149.4,149.4,149.4,149.4,75,1800,155.72,143.85,151.85
4977,2021-02-15 10:44:00,149.4,149.4,149.4,149.4,75,1800,155.72,143.85,151.85
4978,2021-02-15 10:45:00,149.4,149.4,149.4,149.4,75,1800,155.72,143.85,151.85
4979,2021-02-15 10:46:00,149.4,149.4,149.4,149.4,75,1800,155.72,143.85,151.85
4980,2021-02-15 10:47:00,149.75,149.75,149.75,149.75,75,1725,154.53,144.35,151.45
4981,2021-02-15 10:48:00,149.75,149.75,149.75,149.75,75,1725,154.53,144.35,151.45
4982,2021-02-15 10:49:00,149.75,149.75,149.75,149.75,75,1725,154.53,144.35,151.45
4983,2021-02-15 10:50:00,149.75,149.75,149.75,149.75,75,1725,154.53,144.35,151.45
4984,2021-02-15 10:51:00,149.75,149.75,149.75,149.75,75,1725,154.53,144.35,151.45
4985,2021-02-15 10:52:00,149.75,149.75,149.75,149.75,75,1725,154.53,144.35,151.45
4986,2021-02-15 10:53:00,149.75,149.75,149.75,149.75,75,1725,154.53,144.35,151.45
4987,2021-02-15 10:54:00,149.75,149.75,149.75,149.75,75,1725,154.53,144.35,151.45
4988,2021-02-15 10:55:00,149.75,149.75,149.75,149.75,75,1725,154.53,144.35,151.45
4989,2021-02-15 10:56:00,149.75,149.75,149.75,149.75,75,1725,154.53,144.35,151.45
4990,2021-02-15 10:57:00,149.75,149.75,149.75,149.75,75,1725,154.53,144.35,151.45
4991,2021-02-15 10:58:00,149.75,149.75,149.75,149.75,75,1725,154.53,144.35,151.45
4992,2021-02-15 10:59:00,149.75,149.75,149.75,149.75,75,1725,154.53,144.35,151.45
4993,2021-02-15 11:00:00,149.75,149.75,149.75,149.75,75,1725,154.53,144.35,151.45
4994,2021-02-15 11:01:00,149.75,149.75,149.75,149.75,75,1725,154.53,144.35,151.45
4995,2021-02-15 11:02:00,149.75,149.75,149.75,149.75,75,1725,154.53,144.35,151.45
4996,2021-02-15 11:03:00,149.75,149.75,149.75,149.75,75,1725,154.53,144.35,151.45
4997,2021-02-15 11:04:00,149.75,149.75,149.75,149.75,75,1725,154.53,144.35,151.45
4998,2021-02-15 11:05:00,149.75,149.75,149.75,149.75,75,1725,154.53,144.35,151.45
4999,2021-02-15 11:06:00,149.75,149.75,149.75,149.75,75,1725,154.53,144.35,151.45
5000,2021-02-15 11:07:00,149.75,149.75,149.75,149.75,75,1725,154.53,144.35,151.45
5001,2021-02-15 11:08:00,149.75,149.75,149.75,149.75,75,1725,154.53,144.35,151.45
5002,2021-02-15 11:09:00,149.75,149.75,149.75,149.75,75,1725,154.53,144.35,151.45
5003,2021-02-15 11:10:00,149.75,149.75,149.75,149.75,75,1725,154.53,144.35,151.45
5004,2021-02-15 11:11:00,149.75,149.75,149.75,149.75,75,1725,154.53,144.35,151.45
5005,2021-02-15 11:12:00,149.75,149.75,149.75,149.75,75,1725,154.53,144.35,151.45
5006,2021-02-15 11:13:00,149.75,149.75,149.75,149.75,75,1725,154.53,144.35,151.45
5007,2021-02-15 11:14:00,149.75,149.75,149.75,149.75,75,1725,154.53,144.35,151.45
5008,2021-02-15 11:15:00,149.75,149.75,149.75,149.75,75,1725,154.53,144.35,151.45
5009,2021-02-15 11:16:00,149.75,149.75,149.75,149.75,75,1725,154.53,144.35,151.45
5010,2021-02-15 11:17:00,149.75,149.75,149.75,149.75,75,1725,154.53,144.35,151.45
5011,2021-02-15 11:18:00,149.75,149.75,149.75,149.75,75,1725,154.53,144.35,151.45
5012,2021-02-15 11:19:00,149.75,149.75,149.75,149.75,75,1725,154.53,144.35,151.45
5013,2021-02-15 11:20:00,149.75,149.75,149.75,149.75,75,1725,154.53,144.35,151.45
5014,2021-02-15 11:21:00,149.75,149.75,149.75,149.75,75,1725,154.53,144.35,151.45
5015,2021-02-15 11:22:00,149.75,149.75,149.75,149.75,75,1725,154.53,144.35,151.45
5016,2021-02-15 11:23:00,149.75,149.75,149.75,149.75,75,1725,154.53,144.35,151.45
5017,2021-02-15 11:24:00,149.75,149.75,149.75,149.75,75,1725,154.53,144.35,151.45
5018,2021-02-15 11:25:00,149.75,149.75,149.75,149.75,75,1725,154.53,144.35,151.45
5019,2021-02-15 11:26:00,149.75,149.75,149.75,149.75,75,1725,154.53,144.35,151.45
5020,2021-02-15 11:27:00,149.75,149.75,149.75,149.75,75,1725,154.53,144.35,151.45
5021,2021-02-15 11:28:00,149.75,149.75,149.75,149.75,75,1725,154.53,144.35,151.45
5022,2021-02-15 11:29:00,149.75,149.75,149.75,149.75,75,1725,154.53,144.35,151.45
5023,2021-02-15 11:30:00,149.75,149.75,149.75,149.75,75,1725,154.53,144.35,151.45
5024,2021-02-15 11:31:00,149.75,149.75,149.75,149.75,75,1725,154.53,144.35,151.45
5025,2021-02-15 11:32:00,149.75,149.75,149.75,149.75,75,1725,154.53,144.35,151.45
5026,2021-02-15 11:33:00,149.75,149.75,149.75,149.75,75,1725,154.53,144.35,151.45
5027,2021-02-15 11:34:00,149.75,149.75,149.75,149.75,75,1725,154.53,144.35,151.45
5028,2021-02-15 11:35:00,149.75,149.75,149.75,149.75,75,1725,154.53,144.35,151.45
5029,2021-02-15 11:36:00,149.75,149.75,149.75,149.75,75,1725,154.53,144.35,151.45
5030,2021-02-15 11:37:00,149.75,149.75,149.75,149.75,75,1725,154.53,144.35,151.45
5031,2021-02-15 11:38:00,149.75,149.75,149.75,149.75,75,1725,154.53,144.35,151.45
5032,2021-02-15 11:39:00,149.75,149.75,149.75,149.75,75,1725,154.53,144.35,151.45
5033,2021-02-15 11:40:00,149.75,149.75,149.75,149.75,75,1725,154.53,144.35,151.45
5034,2021-02-15 11:41:00,149.75,149.75,149.75,149.75,75,1725,154.53,144.35,151.45
5035,2021-02-15 11:42:00,149.75,149.75,149.75,149.75,75,1725,154.53,144.35,151.45
5036,2021-02-15 11:43:00,149.75,149.75,149.75,149.75,75,1725,154.53,144.35,151.45
5037,2021-02-15 11:44:00,149.75,149.75,149.75,149.75,75,1725,154.53,144.35,151.45
5038,2021-02-15 11:45:00,149.75,149.75,149.75,149.75,75,1725,154.53,144.35,151.45
5039,2021-02-15 11:46:00,149.75,149.75,149.75,149.75,75,1725,154.53,144.35,151.45
5040,2021-02-15 11:47:00,149.75,149.75,149.75,149.75,75,1725,154.53,144.35,151.45
5041,2021-02-15 11:48:00,149.75,149.75,149.75,149.75,75,1725,154.53,144.35,151.45
5042,2021-02-15 11:49:00,149.75,149.75,149.75,149.75,75,1725,154.53,144.35,151.45
5043,2021-02-15 11:50:00,149.75,149.75,149.75,149.75,75,1725,154.53,144.35,151.45
5044,2021-02-15 11:51:00,149.75,149.75,149.75,149.75,75,1725,154.53,144.35,151.45
5045,2021-02-15 11:52:00,149.75,149.75,149.75,149.75,75,1725,154.53,144.35,151.45
5046,2021-02-15 11:53:00,149.75,149.75,149.75,149.75,75,1725,154.53,144.35,151.45
5047,2021-02-15 11:54:00,149.75,149.75,149.75,149.75,75,1725,154.53,144.35,151.45
5048,2021-02-15 11:55:00,149.75,149.75,149.75,149.75,75,1725,154.53,144.35,151.45
5049,2021-02-15 11:56:00,149.75,149.75,149.75,149.75,75,1725,154.53,144.35,151.45
5050,2021-02-15 11:57:00,149.75,149.75,149.75,149.75,75,1725,154.53,144.35,151.45
5051,2021-02-15 11:58:00,149.75,149.75,149.75,149.75,75,1725,154.53,144.35,151.45
5052,2021-02-15 11:59:00,149.75,149.75,149.75,149.75,75,1725,154.53,144.35,151.45
5053,2021-02-15 12:00:00,149.75,149.75,149.75,149.75,75,1725,154.53,144.35,151.45
5054,2021-02-15 12:01:00,149.75,149.75,149.75,149.75,75,1725,154.53,144.35,151.45
5055,2021-02-15 12:02:00,149.75,149.75,149.75,149.75,75,1725,154.53,144.35,151.45
5056,2021-02-15 12:03:00,149.75,149.75,149.75,149.75,75,1725,154.53,144.35,151.45
5057,2021-02-15 12:04:00,150.05,150.05,150.05,150.05,75,1725,153.78,145.25,152.35
5058,2021-02-15 12:05:00,150.05,150.05,150.05,150.05,75,1725,153.78,145.25,152.35
5059,2021-02-15 12:06:00,150.05,150.05,150.05,150.05,75,1725,153.78,145.25,152.35
5060,2021-02-15 12:07:00,150.05,150.05,150.05,150.05,75,1725,153.78,145.25,152.35
5061,2021-02-15 12:08:00,150.05,150.05,150.05,150.05,75,1725,153.78,145.25,152.35
5062,2021-02-15 12:09:00,150.05,150.05,150.05,150.05,75,1725,153.78,145.25,152.35
5063,2021-02-15 12:10:00,150.05,150.05,150.05,150.05,75,1725,153.78,145.25,152.35
5064,2021-02-15 12:11:00,150.05,150.05,150.05,150.05,75,1725,153.78,145.25,152.35
5065,2021-02-15 12:12:00,150.05,150.05,150.05,150.05,75,1725,153.78,145.25,152.35
5066,2021-02-15 12:13:00,150.05,150.05,150.05,150.05,75,1725,153.78,145.25,152.35
5067,2021-02-15 12:14:00,150.05,150.05,150.05,150.05,75,1725,153.78,145.25,152.35
5068,2021-02-15 12:15:00,150.05,150.05,150.05,150.05,75,1725,153.78,145.25,152.35
5069,2021-02-15 12:16:00,150.05,150.05,150.05,150.05,75,1725,153.78,145.25,152.35
5070,2021-02-15 12:17:00,150.05,150.05,150.05,150.05,75,1725,153.78,145.25,152.35
5071,2021-02-15 12:18:00,150.05,150.05,150.05,150.05,75,1725,153.78,145.25,152.35
5072,2021-02-15 12:19:00,150.05,150.05,150.05,150.05,75,1725,153.78,145.25,152.35
5073,2021-02-15 12:20:00,150.05,150.05,150.05,150.05,75,1725,153.78,145.25,152.35
5074,2021-02-15 12:21:00,150.05,150.05,150.05,150.05,75,1725,153.78,145.25,152.35
5075,2021-02-15 12:22:00,150.05,150.05,150.05,150.05,75,1725,153.78,145.25,152.35
5076,2021-02-15 12:23:00,150.05,150.05,150.05,150.05,75,1725,153.78,145.25,152.35
5077,2021-02-15 12:24:00,150.05,150.05,150.05,150.05,75,1725,153.78,145.25,152.35
5078,2021-02-15 12:25:00,150.05,150.05,150.05,150.05,75,1725,153.78,145.25,152.35
5079,2021-02-15 12:26:00,150.05,150.05,150.05,150.05,75,1725,153.78,145.25,152.35
5080,2021-02-15 12:27:00,150.05,150.05,150.05,150.05,75,1725,153.78,145.25,152.35
5081,2021-02-15 12:28:00,150.05,150.05,150.05,150.05,75,1725,153.78,145.25,152.35
5082,2021-02-15 12:29:00,150.05,150.05,150.05,150.05,75,1725,153.78,145.25,152.35
5083,2021-02-15 12:30:00,150.05,150.05,150.05,150.05,75,1725,153.78,145.25,152.35
5084,2021-02-15 12:31:00,150.05,150.05,150.05,150.05,75,1725,153.78,145.25,152.35
5085,2021-02-15 12:32:00,150.05,150.05,150.05,150.05,75,1725,153.78,145.25,152.35
5086,2021-02-15 12:33:00,150.05,150.05,150.05,150.05,75,1725,153.78,145.25,152.35
5087,2021-02-15 12:34:00,150.05,150.05,150.05,150.05,75,1725,153.78,145.25,152.35
5088,2021-02-15 12:35:00,150.05,150.05,150.05,150.05,75,1725,153.78,145.25,152.35
5089,2021-02-15 12:36:00,150.05,150.05,150.05,150.05,75,1725,153.78,145.25,152.35
5090,2021-02-15 12:37:00,150.05,150.05,150.05,150.05,75,1725,153.78,145.25,152.35
5091,2021-02-15 12:38:00,150.05,150.05,150.05,150.05,75,1725,153.78,145.25,152.35
5092,2021-02-15 12:39:00,150.05,150.05,150.05,150.05,75,1725,153.78,145.25,152.35
5093,2021-02-15 12:40:00,150.05,150.05,150.05,150.05,75,1725,153.78,145.25,152.35
5094,2021-02-15 12:41:00,150.05,150.05,150.05,150.05,75,1725,153.78,145.25,152.35
5095,2021-02-15 12:42:00,150.05,150.05,150.05,150.05,75,1725,153.78,145.25,152.35
5096,2021-02-15 12:43:00,150.05,150.05,150.05,150.05,75,1725,153.78,145.25,152.35
5097,2021-02-15 12:44:00,150.05,150.05,150.05,150.05,75,1725,153.78,145.25,152.35
5098,2021-02-15 12:45:00,150.05,150.05,150.05,150.05,75,1725,153.78,145.25,152.35
5099,2021-02-15 12:46:00,150.05,150.05,150.05,150.05,75,1725,153.78,145.25,152.35
5100,2021-02-15 12:47:00,150.05,150.05,150.05,150.05,75,1725,153.78,145.25,152.35
5101,2021-02-15 12:48:00,150.0,150.0,150.0,150.0,75,1725,153.24,146.05,152.55
5102,2021-02-15 12:49:00,150.0,150.0,150.0,150.0,75,1725,153.24,146.05,152.55
5103,2021-02-15 12:50:00,150.0,150.0,150.0,150.0,75,1725,153.24,146.05,152.55
5104,2021-02-15 12:51:00,150.0,150.0,150.0,150.0,75,1725,153.24,146.05,152.55
5105,2021-02-15 12:52:00,150.0,150.0,150.0,150.0,75,1725,153.24,146.05,152.55
5106,2021-02-15 12:53:00,150.0,150.0,150.0,150.0,75,1725,153.24,146.05,152.55
5107,2021-02-15 12:54:00,150.0,150.0,150.0,150.0,75,1725,153.24,146.05,152.55
5108,2021-02-15 12:55:00,150.0,150.0,150.0,150.0,75,1725,153.24,146.05,152.55
5109,2021-02-15 12:56:00,150.0,150.0,150.0,150.0,75,1725,153.24,146.05,152.55
5110,2021-02-15 12:57:00,150.0,150.0,150.0,150.0,75,1725,153.24,146.05,152.55
5111,2021-02-15 12:58:00,150.0,150.0,150.0,150.0,75,1725,153.24,146.05,152.55
5112,2021-02-15 12:59:00,150.0,150.0,150.0,150.0,75,1725,153.24,146.05,152.55
5113,2021-02-15 13:00:00,150.0,150.0,150.0,150.0,75,1725,153.24,146.05,152.55
5114,2021-02-15 13:01:00,150.0,150.0,150.0,150.0,75,1725,153.24,146.05,152.55
5115,2021-02-15 13:02:00,150.0,150.0,150.0,150.0,75,1725,153.24,146.05,152.55
5116,2021-02-15 13:03:00,150.0,150.0,150.0,150.0,75,1725,153.24,146.05,152.55
5117,2021-02-15 13:04:00,150.0,150.0,150.0,150.0,75,1725,153.24,146.05,152.55
5118,2021-02-15 13:05:00,150.0,150.0,150.0,150.0,75,1725,153.24,146.05,152.55
5119,2021-02-15 13:06:00,150.0,150.0,150.0,150.0,75,1725,153.24,146.05,152.55
5120,2021-02-15 13:07:00,150.0,150.0,150.0,150.0,75,1725,153.24,146.05,152.55
5121,2021-02-15 13:08:00,150.0,150.0,150.0,150.0,75,1725,153.24,146.05,152.55
5122,2021-02-15 13:09:00,150.0,150.0,150.0,150.0,75,1725,153.24,146.05,152.55
5123,2021-02-15 13:10:00,150.0,150.0,150.0,150.0,75,1725,153.24,146.05,152.55
5124,2021-02-15 13:11:00,150.0,150.0,150.0,150.0,75,1725,153.24,146.05,152.55
5125,2021-02-15 13:12:00,150.0,150.0,150.0,150.0,75,1725,153.24,146.05,152.55
5126,2021-02-15 13:13:00,150.0,150.0,150.0,150.0,75,1725,153.24,146.05,152.55
5127,2021-02-15 13:14:00,150.0,150.0,150.0,150.0,75,1725,153.24,146.05,152.55
5128,2021-02-15 13:15:00,150.0,150.0,150.0,150.0,75,1725,153.24,146.05,152.55
5129,2021-02-15 13:16:00,150.0,150.0,150.0,150.0,75,1725,153.24,146.05,152.55
5130,2021-02-15 13:17:00,150.0,150.0,150.0,150.0,75,1725,153.24,146.05,152.55
5131,2021-02-15 13:18:00,150.0,150.0,150.0,150.0,75,1725,153.24,146.05,152.55
5132,2021-02-15 13:19:00,150.0,150.0,150.0,150.0,75,1725,153.24,146.05,152.55
5133,2021-02-15 13:20:00,150.0,150.0,150.0,150.0,75,1725,153.24,146.05,152.55
5134,2021-02-15 13:21:00,150.0,150.0,150.0,150.0,75,1725,153.24,146.05,152.55
5135,2021-02-15 13:22:00,150.0,150.0,150.0,150.0,75,1725,153.24,146.05,152.55
5136,2021-02-15 13:23:00,150.0,150.0,150.0,150.0,75,1725,153.24,146.05,152.55
5137,2021-02-15 13:24:00,150.0,150.0,150.0,150.0,75,1725,153.24,146.05,152.55
5138,2021-02-15 13:25:00,150.0,150.0,150.0,150.0,75,1725,153.24,146.05,152.55
5139,2021-02-15 13:26:00,150.0,150.0,150.0,150.0,75,1725,153.24,146.05,152.55
5140,2021-02-15 13:27:00,150.0,150.0,150.0,150.0,75,1725,153.24,146.05,152.55
5141,2021-02-15 13:28:00,150.0,150.0,150.0,150.0,75,1725,153.24,146.05,152.55
5142,2021-02-15 13:29:00,150.0,150.0,150.0,150.0,75,1725,153.24,146.05,152.55
5143,2021-02-15 13:30:00,150.0,150.0,150.0,150.0,75,1725,153.24,146.05,152.55
5144,2021-02-15 13:31:00,150.0,150.0,150.0,150.0,75,1725,153.24,146.05,152.55
5145,2021-02-15 13:32:00,150.0,150.0,150.0,150.0,75,1725,153.24,146.05,152.55
5146,2021-02-15 13:33:00,150.0,150.0,150.0,150.0,75,1725,153.24,146.05,152.55
5147,2021-02-15 13:34:00,150.0,150.0,150.0,150.0,75,1725,153.24,146.05,152.55
5148,2021-02-15 13:35:00,150.0,150.0,150.0,150.0,75,1725,153.24,146.05,152.55
5149,2021-02-15 13:36:00,150.0,150.0,150.0,150.0,75,1725,153.24,146.05,152.55
5150,2021-02-15 13:37:00,150.0,150.0,150.0,150.0,75,1725,153.24,146.05,152.55
5151,2021-02-15 13:38:00,150.0,150.0,150.0,150.0,75,1725,153.24,146.05,152.55
5152,2021-02-15 13:39:00,150.0,150.0,150.0,150.0,75,1725,153.24,146.05,152.55
5153,2021-02-15 13:40:00,150.0,150.0,150.0,150.0,75,1725,153.24,146.05,152.55
5154,2021-02-15 13:41:00,150.0,150.0,150.0,150.0,75,1725,153.24,146.05,152.55
5155,2021-02-15 13:42:00,150.0,150.0,150.0,150.0,75,1725,153.24,146.05,152.55
5156,2021-02-15 13:43:00,150.0,150.0,150.0,150.0,75,1725,153.24,146.05,152.55
5157,2021-02-15 13:44:00,150.0,150.0,150.0,150.0,75,1725,153.24,146.05,152.55
5158,2021-02-15 13:45:00,150.0,150.0,150.0,150.0,75,1725,153.24,146.05,152.55
5159,2021-02-15 13:46:00,150.0,150.0,150.0,150.0,75,1725,153.24,146.05,152.55
5160,2021-02-15 13:47:00,150.0,150.0,150.0,150.0,75,1725,153.24,146.05,152.55
5161,2021-02-15 13:48:00,150.0,150.0,150.0,150.0,75,1725,153.24,146.05,152.55
5162,2021-02-15 13:49:00,150.0,150.0,150.0,150.0,75,1725,153.24,146.05,152.55
5163,2021-02-15 13:50:00,150.0,150.0,150.0,150.0,75,1725,153.24,146.05,152.55
5164,2021-02-15 13:51:00,150.0,150.0,150.0,150.0,75,1725,153.24,146.05,152.55
5165,2021-02-15 13:52:00,150.0,150.0,150.0,150.0,75,1725,153.24,146.05,152.55
5166,2021-02-15 13:53:00,150.0,150.0,150.0,150.0,75,1725,153.24,146.05,152.55
5167,2021-02-15 13:54:00,150.0,150.0,150.0,150.0,75,1725,153.24,146.05,152.55
5168,2021-02-15 13:55:00,150.0,150.0,150.0,150.0,75,1725,153.24,146.05,152.55
5169,2021-02-15 13:56:00,150.0,150.0,150.0,150.0,75,1725,153.24,146.05,152.55
5170,2021-02-15 13:57:00,150.0,150.0,150.0,150.0,75,1725,153.24,146.05,152.55
5171,2021-02-15 13:58:00,150.0,150.0,150.0,150.0,75,1725,153.24,146.05,152.55
5172,2021-02-15 13:59:00,150.0,150.0,150.0,150.0,75,1725,153.24,146.05,152.55
5173,2021-02-15 14:00:00,150.0,150.0,150.0,150.0,75,1725,153.24,146.05,152.55
5174,2021-02-15 14:01:00,150.0,150.0,150.0,150.0,75,1725,153.24,146.05,152.55
5175,2021-02-15 14:02:00,150.0,150.0,150.0,150.0,75,1725,153.24,146.05,152.55
5176,2021-02-15 14:03:00,150.0,150.0,150.0,150.0,75,1725,153.24,146.05,152.55
5177,2021-02-15 14:04:00,150.0,150.0,150.0,150.0,75,1725,153.24,146.05,152.55
5178,2021-02-15 14:05:00,150.0,150.0,150.0,150.0,75,1725,153.24,146.05,152.55
5179,2021-02-15 14:06:00,150.0,150.0,150.0,150.0,75,1725,153.24,146.05,152.55
5180,2021-02-15 14:07:00,150.0,150.0,150.0,150.0,75,1725,153.24,146.05,152.55
5181,2021-02-15 14:08:00,150.0,150.0,150.0,150.0,75,1725,153.24,146.05,152.55
5182,2021-02-15 14:09:00,150.0,150.0,150.0,150.0,75,1725,153.24,146.05,152.55
5183,2021-02-15 14:10:00,150.0,150.0,150.0,150.0,75,1725,153.24,146.05,152.55
5184,2021-02-15 14:11:00,150.0,150.0,150.0,150.0,75,1725,153.24,146.05,152.55
5185,2021-02-15 14:12:00,150.0,150.0,150.0,150.0,225,1725,152.27,150.05,157.5
5186,2021-02-15 14:13:00,152.0,153.15,152.0,153.15,375,1875,152.26,150.05,161.85
5187,2021-02-15 14:14:00,152.0,153.15,152.0,153.15,375,1875,152.26,150.05,161.85
5188,2021-02-15 14:15:00,153.4,153.4,153.4,153.4,75,1875,152.33,150.05,170.1
5189,2021-02-15 14:16:00,153.4,153.4,153.4,153.4,75,1875,152.33,150.05,170.1
5190,2021-02-15 14:17:00,153.4,153.4,153.4,153.4,75,1875,152.33,150.05,170.1
5191,2021-02-15 14:18:00,153.4,153.4,153.4,153.4,75,1875,152.33,150.05,170.1
5192,2021-02-15 14:19:00,153.4,153.4,153.4,153.4,75,1875,152.33,150.05,170.1
5193,2021-02-15 14:20:00,153.4,153.4,153.4,153.4,75,1875,152.33,150.05,170.1
5194,2021-02-15 14:21:00,150.05,150.05,150.05,150.05,75,1875,152.19,133.35,150.4
5195,2021-02-15 14:22:00,150.05,150.05,150.05,150.05,75,1875,152.19,133.35,150.4
5196,2021-02-15 14:23:00,150.05,150.05,150.05,150.05,75,1875,152.19,133.35,150.4
5197,2021-02-15 14:24:00,150.05,150.05,150.05,150.05,75,1875,152.19,133.35,150.4
5198,2021-02-15 14:25:00,150.05,150.05,150.05,150.05,75,1875,152.19,133.35,150.4
5199,2021-02-15 14:26:00,150.05,150.05,150.05,150.05,75,1875,152.19,133.35,150.4
5200,2021-02-15 14:27:00,150.05,150.05,150.05,150.05,75,1875,152.19,133.35,150.4
5201,2021-02-15 14:28:00,150.05,150.05,150.05,150.05,75,1875,152.19,133.35,150.4
5202,2021-02-15 14:29:00,150.05,150.05,150.05,150.05,75,1875,152.19,133.35,150.4
5203,2021-02-15 14:30:00,150.05,150.05,150.05,150.05,75,1875,152.19,133.35,150.4
5204,2021-02-15 14:31:00,149.8,149.8,149.8,149.8,150,1800,151.94,144.4,152.25
5205,2021-02-15 14:32:00,149.8,149.8,149.8,149.8,150,1800,151.94,144.4,152.25
5206,2021-02-15 14:33:00,149.8,149.8,149.8,149.8,150,1800,151.94,144.4,152.25
5207,2021-02-15 14:34:00,149.8,149.8,149.8,149.8,150,1800,151.94,144.4,152.25
5208,2021-02-15 14:35:00,149.8,149.8,149.8,149.8,150,1800,151.94,144.4,152.25
5209,2021-02-15 14:36:00,149.8,149.8,149.8,149.8,150,1800,151.94,144.4,152.25
5210,2021-02-15 14:37:00,149.8,149.8,149.8,149.8,150,1800,151.94,144.4,152.25
5211,2021-02-15 14:38:00,151.05,151.05,151.05,151.05,75,1800,151.9,144.4,152.3
5212,2021-02-15 14:39:00,151.05,151.05,151.05,151.05,75,1800,151.9,144.4,152.3
5213,2021-02-15 14:40:00,151.05,151.05,151.05,151.05,75,1800,151.9,144.4,152.3
5214,2021-02-15 14:41:00,151.05,151.05,151.05,151.05,75,1800,151.9,144.4,152.3
5215,2021-02-15 14:42:00,151.05,151.05,151.05,151.05,75,1800,151.9,144.4,152.3
5216,2021-02-15 14:43:00,151.05,151.05,151.05,151.05,75,1800,151.9,144.4,152.3
5217,2021-02-15 14:44:00,151.05,151.05,151.05,151.05,75,1800,151.9,144.4,152.3
5218,2021-02-15 14:45:00,151.05,151.05,151.05,151.05,75,1800,151.9,144.4,152.3
5219,2021-02-15 14:46:00,151.05,151.05,151.05,151.05,75,1800,151.9,144.4,152.3
5220,2021-02-15 14:47:00,151.05,151.05,151.05,151.05,75,1800,151.9,144.4,152.3
5221,2021-02-15 14:48:00,151.05,151.05,151.05,151.05,75,1800,151.9,144.4,152.3
5222,2021-02-15 14:49:00,151.05,151.05,151.05,151.05,75,1800,151.9,144.4,152.3
5223,2021-02-15 14:50:00,151.05,151.05,151.05,151.05,75,1800,151.9,144.4,152.3
5224,2021-02-15 14:51:00,151.05,151.05,151.05,151.05,75,1800,151.9,144.4,152.3
5225,2021-02-15 14:52:00,151.05,151.05,151.05,151.05,75,1800,151.9,144.4,152.3
5226,2021-02-15 14:53:00,151.05,151.05,151.05,151.05,75,1800,151.9,144.4,152.3
5227,2021-02-15 14:54:00,151.05,151.05,151.05,151.05,75,1800,151.9,144.4,152.3
5228,2021-02-15 14:55:00,151.05,151.05,151.05,151.05,75,1800,151.9,144.4,152.3
5229,2021-02-15 14:56:00,151.05,151.05,151.05,151.05,75,1800,151.9,144.4,152.3
5230,2021-02-15 14:57:00,151.05,151.05,151.05,151.05,75,1800,151.9,144.4,152.3
5231,2021-02-15 14:58:00,151.05,151.05,151.05,151.05,75,1800,151.9,144.4,152.3
5232,2021-02-15 14:59:00,151.05,151.05,151.05,151.05,75,1800,151.9,144.4,152.3
5233,2021-02-15 15:00:00,151.05,151.05,151.05,151.05,75,1800,151.9,144.4,152.3
5234,2021-02-15 15:01:00,151.05,151.05,151.05,151.05,75,1800,151.9,144.4,152.3
5235,2021-02-15 15:02:00,151.05,151.05,151.05,151.05,75,1800,151.9,144.4,152.3
5236,2021-02-15 15:03:00,151.05,151.05,151.05,151.05,75,1800,151.9,144.4,152.3
5237,2021-02-15 15:04:00,151.05,151.05,151.05,151.05,75,1800,151.9,144.4,152.3
5238,2021-02-15 15:05:00,151.05,151.05,151.05,151.05,75,1800,151.9,144.4,152.3
5239,2021-02-15 15:06:00,151.05,151.05,151.05,151.05,75,1800,151.9,144.4,152.3
5240,2021-02-15 15:07:00,151.05,151.05,151.05,151.05,75,1800,151.9,144.4,152.3
5241,2021-02-15 15:08:00,144.4,144.4,144.4,144.4,225,1800,150.92,136.15,146.9
5242,2021-02-15 15:09:00,144.4,144.4,144.4,144.4,225,1800,150.92,136.15,146.9
5243,2021-02-15 15:10:00,144.4,144.4,144.4,144.4,225,1800,150.92,136.15,146.9
5244,2021-02-15 15:11:00,144.4,144.4,144.4,144.4,225,1800,150.92,136.15,146.9
5245,2021-02-15 15:12:00,144.4,144.4,144.4,144.4,225,1800,150.92,136.15,146.9
5246,2021-02-15 15:13:00,144.4,144.4,144.4,144.4,225,1800,150.92,136.15,146.9
5247,2021-02-15 15:14:00,144.4,144.4,144.4,144.4,225,1800,150.92,136.15,146.9
5248,2021-02-15 15:15:00,144.4,144.4,144.4,144.4,225,1800,150.92,136.15,146.9
5249,2021-02-15 15:16:00,144.4,144.4,144.4,144.4,225,1800,150.92,136.15,146.9
5250,2021-02-15 15:17:00,144.4,144.4,144.4,144.4,225,1800,150.92,136.15,146.9
5251,2021-02-15 15:18:00,144.4,144.4,144.4,144.4,225,1800,150.92,136.15,146.9
5252,2021-02-15 15:19:00,144.4,144.4,144.4,144.4,225,1800,150.92,136.15,146.9
5253,2021-02-15 15:20:00,144.4,144.4,144.4,144.4,225,1800,150.92,136.15,146.9
5254,2021-02-15 15:21:00,144.4,144.4,144.4,144.4,225,1800,150.92,136.15,146.9
5255,2021-02-15 15:22:00,144.4,144.4,144.4,144.4,225,1800,150.92,136.15,146.9
5256,2021-02-15 15:23:00,144.4,144.4,144.4,144.4,225,1800,150.92,136.15,146.9
5257,2021-02-15 15:24:00,144.4,144.4,144.4,144.4,225,1800,150.92,136.15,146.9
5258,2021-02-15 15:25:00,144.4,144.4,144.4,144.4,225,1800,150.92,136.15,146.9
5259,2021-02-15 15:26:00,144.4,144.4,144.4,144.4,225,1800,150.92,136.15,146.9
5260,2021-02-15 15:27:00,144.4,144.4,144.4,144.4,225,1800,150.92,136.15,146.9
5261,2021-02-15 15:28:00,144.4,144.4,144.4,144.4,225,1800,150.92,136.15,146.9
5262,2021-02-15 15:29:00,144.4,144.4,144.4,144.4,225,1800,150.92,136.15,146.9
5263,2021-02-15 15:30:00,144.4,144.4,144.4,144.4,225,1800,150.92,136.15,146.9
5264,2021-02-16 09:15:00,144.4,144.4,144.4,144.4,225,1800,150.92,136.15,146.9
5265,2021-02-16 09:16:00,144.4,144.4,144.4,144.4,225,1800,150.92,136.15,146.9
5266,2021-02-16 09:17:00,144.4,144.4,144.4,144.4,225,1800,150.92,136.15,146.9
5267,2021-02-16 09:18:00,144.4,144.4,144.4,144.4,225,1800,150.92,136.15,146.9
5268,2021-02-16 09:19:00,144.4,144.4,144.4,144.4,225,1800,150.92,136.15,146.9
5269,2021-02-16 09:20:00,144.4,144.4,144.4,144.4,225,1800,150.92,136.15,146.9
5270,2021-02-16 09:21:00,144.4,144.4,144.4,144.4,225,1800,150.92,136.15,146.9
5271,2021-02-16 09:22:00,144.4,144.4,144.4,144.4,225,1800,150.92,136.15,146.9
5272,2021-02-16 09:23:00,144.4,144.4,144.4,144.4,225,1800,150.92,136.15,146.9
5273,2021-02-16 09:24:00,144.4,144.4,144.4,144.4,225,1800,150.92,136.15,146.9
5274,2021-02-16 09:25:00,144.4,144.4,144.4,144.4,225,1800,150.92,136.15,146.9
5275,2021-02-16 09:26:00,144.4,144.4,144.4,144.4,225,1800,150.92,136.15,146.9
5276,2021-02-16 09:27:00,144.4,144.4,144.4,144.4,225,1800,150.92,136.15,146.9
5277,2021-02-16 09:28:00,144.4,144.4,144.4,144.4,225,1800,150.92,136.15,146.9
5278,2021-02-16 09:29:00,144.4,144.4,144.4,144.4,225,1800,150.92,136.15,146.9
5279,2021-02-16 09:30:00,144.4,144.4,144.4,144.4,225,1800,150.92,136.15,146.9
5280,2021-02-16 09:31:00,144.4,144.4,144.4,144.4,225,1800,150.92,136.15,146.9
5281,2021-02-16 09:32:00,144.4,144.4,144.4,144.4,225,1800,150.92,136.15,146.9
5282,2021-02-16 09:33:00,144.4,144.4,144.4,144.4,225,1800,150.92,136.15,146.9
5283,2021-02-16 09:34:00,144.4,144.4,144.4,144.4,225,1800,150.92,136.15,146.9
5284,2021-02-16 09:35:00,144.4,144.4,144.4,144.4,225,1800,150.92,136.15,146.9
5285,2021-02-16 09:36:00,144.4,144.4,144.4,144.4,225,1800,150.92,136.15,146.9
5286,2021-02-16 09:37:00,124.85,124.85,124.85,124.85,75,1575,124.85,123.1,130.85
5287,2021-02-16 09:38:00,124.85,124.85,124.85,124.85,75,1575,124.85,123.1,130.85
5288,2021-02-16 09:39:00,124.85,124.85,124.85,124.85,75,1575,124.85,123.1,130.85
5289,2021-02-16 09:40:00,124.85,124.85,124.85,124.85,75,1575,124.85,123.1,130.85
5290,2021-02-16 09:41:00,124.85,124.85,124.85,124.85,75,1575,124.85,123.1,130.85
5291,2021-02-16 09:42:00,124.85,124.85,124.85,124.85,75,1575,124.85,123.1,130.85
5292,2021-02-16 09:43:00,124.85,124.85,124.85,124.85,75,1575,124.85,123.1,130.85
5293,2021-02-16 09:44:00,129.55,129.55,129.55,129.55,75,1500,127.2,123.1,130.1
5294,2021-02-16 09:45:00,129.55,129.55,129.55,129.55,75,1500,127.2,123.1,130.1
5295,2021-02-16 09:46:00,129.55,129.55,129.55,129.55,75,1500,127.2,123.1,130.1
5296,2021-02-16 09:47:00,129.55,129.55,129.55,129.55,75,1500,127.2,123.1,130.1
5297,2021-02-16 09:48:00,129.55,129.55,129.55,129.55,75,1500,127.2,123.1,130.1
5298,2021-02-16 09:49:00,129.55,129.55,129.55,129.55,75,1500,127.2,123.1,130.1
5299,2021-02-16 09:50:00,129.55,129.55,129.55,129.55,75,1500,127.2,123.1,130.1
5300,2021-02-16 09:51:00,129.55,129.55,129.55,129.55,75,1500,127.2,123.1,130.1
5301,2021-02-16 09:52:00,131.1,131.1,131.1,131.1,150,1500,129.15,123.2,131.25
5302,2021-02-16 09:53:00,131.6,131.6,131.6,131.6,75,1500,129.64,128.4,132.35
5303,2021-02-16 09:54:00,131.6,131.6,131.6,131.6,75,1500,129.64,128.4,132.35
5304,2021-02-16 09:55:00,129.4,129.4,129.4,129.4,75,1500,129.6,124.15,131.5
5305,2021-02-16 09:56:00,129.4,129.4,129.4,129.4,75,1500,129.6,124.15,131.5
5306,2021-02-16 09:57:00,129.4,129.4,129.4,129.4,75,1500,129.6,124.15,131.5
5307,2021-02-16 09:58:00,129.4,129.4,129.4,129.4,75,1500,129.6,124.15,131.5
5308,2021-02-16 09:59:00,129.4,129.4,129.4,129.4,75,1500,129.6,124.15,131.5
5309,2021-02-16 10:00:00,129.4,129.4,129.4,129.4,75,1500,129.6,124.15,131.5
5310,2021-02-16 10:01:00,129.4,129.4,129.4,129.4,75,1500,129.6,124.15,131.5
5311,2021-02-16 10:02:00,129.4,129.4,129.4,129.4,75,1500,129.6,124.15,131.5
5312,2021-02-16 10:03:00,129.4,129.4,129.4,129.4,75,1500,129.6,124.15,131.5
5313,2021-02-16 10:04:00,129.95,129.95,129.95,129.95,75,1500,129.65,128.05,132.9
5314,2021-02-16 10:05:00,129.4,129.4,129.0,129.0,150,1500,129.55,117.3,131.95
5315,2021-02-16 10:06:00,129.4,129.4,129.0,129.0,150,1500,129.55,117.3,131.95
5316,2021-02-16 10:07:00,129.4,129.4,129.0,129.0,150,1500,129.55,117.3,131.95
5317,2021-02-16 10:08:00,129.6,129.6,129.6,129.6,75,1500,129.55,129.4,133.1
5318,2021-02-16 10:09:00,129.6,129.6,129.6,129.6,75,1425,129.55,128.7,132.3
5319,2021-02-16 10:10:00,128.7,128.7,128.7,128.7,75,1425,129.48,128.4,135.25
5320,2021-02-16 10:11:00,128.7,128.7,128.7,128.7,75,1425,129.48,128.4,135.25
5321,2021-02-16 10:12:00,128.8,128.8,128.8,128.8,75,1425,129.43,125.15,132.2
5322,2021-02-16 10:13:00,128.8,128.8,128.8,128.8,75,1425,129.43,125.15,132.2
5323,2021-02-16 10:14:00,128.8,128.8,128.8,128.8,75,1425,129.43,125.15,132.2
5324,2021-02-16 10:15:00,128.8,128.8,128.8,128.8,75,1425,129.43,125.15,132.2
5325,2021-02-16 10:16:00,128.8,128.8,128.8,128.8,75,1425,129.43,125.15,132.2
5326,2021-02-16 10:17:00,128.8,128.8,128.8,128.8,75,1425,129.43,125.15,132.2
5327,2021-02-16 10:18:00,128.8,128.8,128.8,128.8,75,1425,129.43,125.15,132.2
5328,2021-02-16 10:19:00,138.15,138.15,138.15,138.15,150,1425,130.16,127.2,132.5
5329,2021-02-16 10:20:00,138.15,138.15,138.15,138.15,150,1425,130.16,127.2,132.5
5330,2021-02-16 10:21:00,130.35,130.35,130.35,130.35,375,1275,130.19,124.35,132.85
5331,2021-02-16 10:22:00,130.35,130.35,130.35,130.35,375,1275,130.19,124.35,132.85
5332,2021-02-16 10:23:00,130.35,130.35,130.35,130.35,375,1275,130.19,124.35,132.85
5333,2021-02-16 10:24:00,129.85,129.85,129.85,129.85,75,1350,130.17,125.25,132.3
5334,2021-02-16 10:25:00,129.35,129.35,129.35,129.35,75,1350,130.13,122.8,132.3
5335,2021-02-16 10:26:00,129.35,129.35,129.35,129.35,75,1350,130.1,128.3,131.3
5336,2021-02-16 10:27:00,129.35,129.35,129.35,129.35,75,1350,130.1,128.3,131.3
5337,2021-02-16 10:28:00,128.6,128.6,128.6,128.6,75,1350,130.04,125.35,131.2
5338,2021-02-16 10:29:00,128.6,128.6,128.6,128.6,75,1350,130.04,125.35,131.2
5339,2021-02-16 10:30:00,128.35,128.35,125.9,125.9,150,1500,129.81,123.0,128.2
5340,2021-02-16 10:31:00,128.35,128.35,125.9,125.9,150,1500,129.81,123.0,128.2
5341,2021-02-16 10:32:00,125.7,125.7,125.7,125.7,75,1650,129.66,121.6,128.6
5342,2021-02-16 10:33:00,125.15,125.15,125.15,125.15,150,1650,129.35,122.7,128.55
5343,2021-02-16 10:34:00,125.2,125.2,125.15,125.15,225,1650,128.96,121.0,127.65
5344,2021-02-16 10:35:00,125.2,125.2,125.15,125.15,225,1650,128.96,121.0,127.65
5345,2021-02-16 10:36:00,125.2,125.2,125.15,125.15,225,1650,128.96,121.0,127.65
5346,2021-02-16 10:37:00,125.2,125.2,125.15,125.15,225,1650,128.96,121.0,127.65
5347,2021-02-16 10:38:00,125.2,125.2,125.15,125.15,225,1650,128.96,121.0,127.65
5348,2021-02-16 10:39:00,125.2,125.2,125.15,125.15,225,1650,128.96,121.0,127.65
5349,2021-02-16 10:40:00,125.2,125.2,125.15,125.15,225,1650,128.96,121.0,127.65
5350,2021-02-16 10:41:00,133.05,133.05,133.05,133.05,150,1875,129.0,123.9,124.8
5351,2021-02-16 10:42:00,124.9,124.9,124.9,124.9,75,1800,128.89,124.15,124.8
5352,2021-02-16 10:43:00,124.9,124.9,124.9,124.9,75,1800,128.89,124.15,124.8
5353,2021-02-16 10:44:00,124.2,124.2,124.2,124.2,75,1800,128.75,123.6,124.45
5354,2021-02-16 10:45:00,123.65,123.65,123.65,123.65,75,1950,128.62,123.2,126.45
5355,2021-02-16 10:46:00,123.65,123.65,123.65,123.65,75,1950,128.62,123.2,126.45
5356,2021-02-16 10:47:00,123.65,123.65,123.65,123.65,75,1950,128.62,123.2,126.45
5357,2021-02-16 10:48:00,123.65,123.65,123.65,123.65,75,1950,128.62,123.2,126.45
5358,2021-02-16 10:49:00,124.2,124.2,124.1,124.1,225,2025,128.28,123.25,124.1
5359,2021-02-16 10:50:00,124.2,124.2,124.1,124.1,225,2025,128.28,123.25,124.1
5360,2021-02-16 10:51:00,124.2,124.2,124.1,124.1,225,2025,128.28,123.25,124.1
5361,2021-02-16 10:52:00,124.2,124.2,124.1,124.1,225,2025,128.28,123.25,124.1
5362,2021-02-16 10:53:00,124.2,124.2,124.1,124.1,225,2025,128.28,123.25,124.1
5363,2021-02-16 10:54:00,123.8,124.05,123.8,124.05,4500,2175,125.62,123.0,123.85
5364,2021-02-16 10:55:00,124.15,124.65,124.15,124.65,525,2175,125.54,123.6,124.45
5365,2021-02-16 10:56:00,124.7,124.95,124.7,124.95,900,7875,125.46,124.3,126.95
5366,2021-02-16 10:57:00,125.3,125.3,125.3,125.3,225,7875,125.46,124.2,125.0
5367,2021-02-16 10:58:00,125.3,125.3,125.3,125.3,225,7875,125.46,124.2,125.0
5368,2021-02-16 10:59:00,125.3,125.3,125.3,125.3,225,7875,125.46,124.2,125.0
5369,2021-02-16 11:00:00,125.3,125.3,125.3,125.3,225,7875,125.46,124.2,125.0
5370,2021-02-16 11:01:00,125.3,125.3,125.3,125.3,225,7875,125.46,124.2,125.0
5371,2021-02-16 11:02:00,125.3,125.3,125.3,125.3,225,7875,125.46,124.2,125.0
5372,2021-02-16 11:03:00,125.3,125.3,125.3,125.3,225,7875,125.46,124.2,125.0
5373,2021-02-16 11:04:00,125.3,125.3,125.3,125.3,225,7875,125.46,124.2,125.0
5374,2021-02-16 11:05:00,125.3,125.3,125.3,125.3,225,7875,125.46,124.2,125.0
5375,2021-02-16 11:06:00,125.3,125.3,125.3,125.3,225,7875,125.46,124.2,125.0
5376,2021-02-16 11:07:00,125.3,125.3,125.3,125.3,225,7875,125.46,124.2,125.0
5377,2021-02-16 11:08:00,125.3,125.3,125.3,125.3,225,7875,125.46,124.2,125.0
5378,2021-02-16 11:09:00,125.3,125.3,125.3,125.3,225,7875,125.46,124.2,125.0
5379,2021-02-16 11:10:00,125.3,125.3,125.3,125.3,225,7875,125.46,124.2,125.0
5380,2021-02-16 11:11:00,125.3,125.3,125.3,125.3,225,7875,125.46,124.2,125.0
5381,2021-02-16 11:12:00,125.3,125.3,125.3,125.3,225,7875,125.46,124.2,125.0
5382,2021-02-16 11:13:00,125.3,125.3,125.3,125.3,225,7875,125.46,124.2,125.0
5383,2021-02-16 11:14:00,125.3,125.3,125.3,125.3,225,7875,125.46,124.2,125.0
5384,2021-02-16 11:15:00,127.9,127.9,127.9,127.9,300,8325,125.53,127.35,128.15
5385,2021-02-16 11:16:00,127.9,127.9,127.9,127.9,300,8325,125.53,127.35,128.15
5386,2021-02-16 11:17:00,128.05,128.05,128.05,128.05,75,8325,125.55,127.3,127.95
5387,2021-02-16 11:18:00,128.05,128.05,128.05,128.05,75,8325,125.55,127.3,127.95
5388,2021-02-16 11:19:00,128.05,128.05,128.05,128.05,75,8325,125.55,127.3,127.95
5389,2021-02-16 11:20:00,128.05,128.05,128.05,128.05,75,8325,125.55,127.3,127.95
5390,2021-02-16 11:21:00,128.05,128.05,128.05,128.05,75,8325,125.55,127.3,127.95
5391,2021-02-16 11:22:00,128.05,128.05,128.05,128.05,75,8325,125.55,127.3,127.95
5392,2021-02-16 11:23:00,128.05,128.05,128.05,128.05,75,8325,125.55,127.3,127.95
5393,2021-02-16 11:24:00,128.05,128.05,128.05,128.05,75,8325,125.55,127.3,127.95
5394,2021-02-16 11:25:00,128.05,128.05,128.05,128.05,75,8325,125.55,127.3,127.95
5395,2021-02-16 11:26:00,132.8,132.8,132.8,132.8,75,8625,125.61,133.2,133.95
5396,2021-02-16 11:27:00,133.25,133.25,133.25,133.25,75,8625,125.67,132.6,133.3
5397,2021-02-16 11:28:00,133.25,133.25,133.25,133.25,75,8625,125.67,132.6,133.3
5398,2021-02-16 11:29:00,133.25,133.25,133.25,133.25,75,8625,125.67,132.6,133.3
5399,2021-02-16 11:30:00,133.25,133.25,133.25,133.25,75,8625,125.67,132.6,133.3
5400,2021-02-16 11:31:00,133.25,133.25,133.25,133.25,75,8625,125.67,132.6,133.3
5401,2021-02-16 11:32:00,130.7,130.7,130.7,130.7,525,8625,125.93,129.2,129.85
5402,2021-02-16 11:33:00,128.35,128.35,128.35,128.35,75,8625,125.94,128.95,129.65
5403,2021-02-16 11:34:00,129.25,129.25,129.25,129.25,675,8625,126.15,130.0,130.7
5404,2021-02-16 11:35:00,129.25,129.25,129.25,129.25,675,8625,126.15,130.0,130.7
5405,2021-02-16 11:36:00,129.25,129.25,129.25,129.25,675,8625,126.15,130.0,130.7
5406,2021-02-16 11:37:00,129.25,129.25,129.25,129.25,675,8625,126.15,130.0,130.7
5407,2021-02-16 11:38:00,129.25,129.25,129.25,129.25,675,8625,126.15,130.0,130.7
5408,2021-02-16 11:39:00,129.25,129.25,129.25,129.25,675,8625,126.15,130.0,130.7
5409,2021-02-16 11:40:00,129.25,129.25,129.25,129.25,675,8625,126.15,130.0,130.7
5410,2021-02-16 11:41:00,129.25,129.25,129.25,129.25,675,8625,126.15,130.0,130.7
5411,2021-02-16 11:42:00,129.25,129.25,129.25,129.25,675,8625,126.15,130.0,130.7
5412,2021-02-16 11:43:00,129.25,129.25,129.25,129.25,675,8625,126.15,130.0,130.7
5413,2021-02-16 11:44:00,129.25,129.25,129.25,129.25,675,8625,126.15,130.0,130.7
5414,2021-02-16 11:45:00,129.25,129.25,129.25,129.25,675,8625,126.15,130.0,130.7
5415,2021-02-16 11:46:00,129.25,129.25,129.25,129.25,675,8625,126.15,130.0,130.7
5416,2021-02-16 11:47:00,129.25,129.25,129.25,129.25,675,8625,126.15,130.0,130.7
5417,2021-02-16 11:48:00,129.25,129.25,129.25,129.25,675,8625,126.15,130.0,130.7
5418,2021-02-16 11:49:00,129.25,129.25,129.25,129.25,675,8625,126.15,130.0,130.7
5419,2021-02-16 11:50:00,129.25,129.25,129.25,129.25,675,8625,126.15,130.0,130.7
5420,2021-02-16 11:51:00,129.25,129.25,129.25,129.25,675,8625,126.15,130.0,130.7
5421,2021-02-16 11:52:00,129.25,129.25,129.25,129.25,675,8625,126.15,130.0,130.7
5422,2021-02-16 11:53:00,129.25,129.25,129.25,129.25,675,8625,126.15,130.0,130.7
5423,2021-02-16 11:54:00,129.25,129.25,129.25,129.25,675,8625,126.15,130.0,130.7
5424,2021-02-16 11:55:00,133.3,133.3,133.3,133.3,75,7350,126.2,131.6,132.25
5425,2021-02-16 11:56:00,133.3,133.3,133.3,133.3,75,7350,126.2,131.6,132.25
5426,2021-02-16 11:57:00,133.3,133.3,133.3,133.3,75,7350,126.2,131.6,132.25
5427,2021-02-16 11:58:00,133.3,133.3,133.3,133.3,75,7350,126.2,131.6,132.25
5428,2021-02-16 11:59:00,133.3,133.3,133.3,133.3,75,7350,126.2,131.6,132.25
5429,2021-02-16 12:00:00,133.3,133.3,133.3,133.3,75,7350,126.2,131.6,132.25
5430,2021-02-16 12:01:00,133.3,133.3,133.3,133.3,75,7350,126.2,131.6,132.25
5431,2021-02-16 12:02:00,133.3,133.3,133.3,133.3,75,7350,126.2,131.6,132.25
5432,2021-02-16 12:03:00,133.3,133.3,133.3,133.3,75,7350,126.2,131.6,132.25
5433,2021-02-16 12:04:00,133.3,133.3,133.3,133.3,75,7350,126.2,131.6,132.25
5434,2021-02-16 12:05:00,133.3,133.3,133.3,133.3,75,7350,126.2,131.6,132.25
5435,2021-02-16 12:06:00,133.3,133.3,133.3,133.3,75,7350,126.2,131.6,132.25
5436,2021-02-16 12:07:00,133.3,133.3,133.3,133.3,75,7350,126.2,131.6,132.25
5437,2021-02-16 12:08:00,133.3,133.3,133.3,133.3,75,7350,126.2,131.6,132.25
5438,2021-02-16 12:09:00,133.3,133.3,133.3,133.3,75,7350,126.2,131.6,132.25
5439,2021-02-16 12:10:00,133.3,133.3,133.3,133.3,75,7350,126.2,131.6,132.25
5440,2021-02-16 12:11:00,133.3,133.3,133.3,133.3,75,7350,126.2,131.6,132.25
5441,2021-02-16 12:12:00,133.3,133.3,133.3,133.3,75,7350,126.2,131.6,132.25
5442,2021-02-16 12:13:00,133.3,133.3,133.3,133.3,75,7350,126.2,131.6,132.25
5443,2021-02-16 12:14:00,133.3,133.3,133.3,133.3,75,7350,126.2,131.6,132.25
5444,2021-02-16 12:15:00,133.3,133.3,133.3,133.3,75,7350,126.2,131.6,132.25
5445,2021-02-16 12:16:00,133.3,133.3,133.3,133.3,75,7350,126.2,131.6,132.25
5446,2021-02-16 12:17:00,133.3,133.3,133.3,133.3,75,7350,126.2,131.6,132.25
5447,2021-02-16 12:18:00,133.3,133.3,133.3,133.3,75,7350,126.2,131.6,132.25
5448,2021-02-16 12:19:00,133.3,133.3,133.3,133.3,75,7350,126.2,131.6,132.25
5449,2021-02-16 12:20:00,133.3,133.3,133.3,133.3,75,7350,126.2,131.6,132.25
5450,2021-02-16 12:21:00,133.3,133.3,133.3,133.3,75,7350,126.2,131.6,132.25
5451,2021-02-16 12:22:00,133.3,133.3,133.3,133.3,75,7350,126.2,131.6,132.25
5452,2021-02-16 12:23:00,133.3,133.3,133.3,133.3,75,7350,126.2,131.6,132.25
5453,2021-02-16 12:24:00,133.3,133.3,133.3,133.3,75,7350,126.2,131.6,132.25
5454,2021-02-16 12:25:00,133.3,133.3,133.3,133.3,75,7350,126.2,131.6,132.25
5455,2021-02-16 12:26:00,133.3,133.3,133.3,133.3,75,7350,126.2,131.6,132.25
5456,2021-02-16 12:27:00,130.1,130.1,130.1,130.1,75,7350,126.22,125.55,133.0
5457,2021-02-16 12:28:00,130.1,130.1,130.1,130.1,75,7350,126.22,125.55,133.0
5458,2021-02-16 12:29:00,130.1,130.1,130.1,130.1,75,7350,126.22,125.55,133.0
5459,2021-02-16 12:30:00,130.1,130.1,130.1,130.1,75,7350,126.22,125.55,133.0
5460,2021-02-16 12:31:00,130.1,130.1,130.1,130.1,75,7350,126.22,125.55,133.0
5461,2021-02-16 12:32:00,130.1,130.1,130.1,130.1,75,7350,126.22,125.55,133.0
5462,2021-02-16 12:33:00,130.1,130.1,130.1,130.1,75,7350,126.22,125.55,133.0
5463,2021-02-16 12:34:00,130.1,130.1,130.1,130.1,75,7350,126.22,125.55,133.0
5464,2021-02-16 12:35:00,130.1,130.1,130.1,130.1,75,7350,126.22,125.55,133.0
5465,2021-02-16 12:36:00,130.6,134.4,130.6,134.4,150,7350,126.31,125.55,136.95
5466,2021-02-16 12:37:00,130.6,134.4,130.6,134.4,150,7350,126.31,125.55,136.95
5467,2021-02-16 12:38:00,130.6,134.4,130.6,134.4,150,7350,126.31,125.55,136.95
5468,2021-02-16 12:39:00,130.6,134.4,130.6,134.4,150,7350,126.31,125.55,136.95
5469,2021-02-16 12:40:00,130.6,134.4,130.6,134.4,150,7350,126.31,125.55,136.95
5470,2021-02-16 12:41:00,130.6,134.4,130.6,134.4,150,7350,126.31,125.55,136.95
5471,2021-02-16 12:42:00,130.6,134.4,130.6,134.4,150,7350,126.31,125.55,136.95
5472,2021-02-16 12:43:00,130.6,134.4,130.6,134.4,150,7350,126.31,125.55,136.95
5473,2021-02-16 12:44:00,135.8,135.8,135.8,135.8,75,7200,126.37,132.95,140.25
5474,2021-02-16 12:45:00,140.15,140.15,140.15,140.15,75,7200,126.46,135.05,141.35
5475,2021-02-16 12:46:00,140.15,140.15,140.15,140.15,75,7200,126.46,135.05,141.35
5476,2021-02-16 12:47:00,140.15,140.15,140.15,140.15,75,7200,126.46,135.05,141.35
5477,2021-02-16 12:48:00,140.15,140.15,140.15,140.15,75,7200,126.46,135.05,141.35
5478,2021-02-16 12:49:00,140.15,140.15,140.15,140.15,75,7200,126.46,135.05,141.35
5479,2021-02-16 12:50:00,140.15,140.15,140.15,140.15,75,7200,126.46,135.05,141.35
5480,2021-02-16 12:51:00,140.15,140.15,140.15,140.15,75,7200,126.46,135.05,141.35
5481,2021-02-16 12:52:00,140.15,140.15,140.15,140.15,75,7200,126.46,135.05,141.35
5482,2021-02-16 12:53:00,140.15,140.15,140.15,140.15,75,7200,126.46,135.05,141.35
5483,2021-02-16 12:54:00,140.15,140.15,140.15,140.15,75,7200,126.46,135.05,141.35
5484,2021-02-16 12:55:00,140.15,140.15,140.15,140.15,75,7200,126.46,135.05,141.35
5485,2021-02-16 12:56:00,140.15,140.15,140.15,140.15,75,7200,126.46,135.05,141.35
5486,2021-02-16 12:57:00,140.15,140.15,140.15,140.15,75,7200,126.46,135.05,141.35
5487,2021-02-16 12:58:00,140.15,140.15,140.15,140.15,75,7200,126.46,135.05,141.35
5488,2021-02-16 12:59:00,140.15,140.15,140.15,140.15,75,7200,126.46,135.05,141.35
5489,2021-02-16 13:00:00,140.15,140.15,140.15,140.15,75,7200,126.46,135.05,141.35
5490,2021-02-16 13:01:00,140.15,140.15,140.15,140.15,75,7200,126.46,135.05,141.35
5491,2021-02-16 13:02:00,140.15,140.15,140.15,140.15,75,7200,126.46,135.05,141.35
5492,2021-02-16 13:03:00,140.15,140.15,140.15,140.15,75,7200,126.46,135.05,141.35
5493,2021-02-16 13:04:00,140.15,140.15,140.15,140.15,75,7200,126.46,135.05,141.35
5494,2021-02-16 13:05:00,140.15,140.15,140.15,140.15,75,7200,126.46,135.05,141.35
5495,2021-02-16 13:06:00,140.15,140.15,140.15,140.15,75,7200,126.46,135.05,141.35
5496,2021-02-16 13:07:00,140.15,140.15,140.15,140.15,75,7200,126.46,135.05,141.35
5497,2021-02-16 13:08:00,140.15,140.15,140.15,140.15,75,7200,126.46,135.05,141.35
5498,2021-02-16 13:09:00,140.15,140.15,140.15,140.15,75,7200,126.46,135.05,141.35
5499,2021-02-16 13:10:00,144.0,146.3,144.0,146.3,150,7125,126.7,137.85,148.35
5500,2021-02-16 13:11:00,144.0,146.3,144.0,146.3,150,7125,126.7,137.85,148.35
5501,2021-02-16 13:12:00,147.05,147.05,147.05,147.05,75,7125,126.83,137.85,148.5
5502,2021-02-16 13:13:00,147.05,147.05,147.05,147.05,75,7125,126.83,137.85,148.5
5503,2021-02-16 13:14:00,147.05,147.05,147.05,147.05,75,7125,126.83,137.85,148.5
5504,2021-02-16 13:15:00,145.6,145.6,145.6,145.6,75,7125,126.95,137.85,148.85
5505,2021-02-16 13:16:00,145.6,145.6,145.6,145.6,75,7125,126.95,137.85,148.85
5506,2021-02-16 13:17:00,145.6,145.6,145.6,145.6,75,7125,126.95,137.85,148.85
5507,2021-02-16 13:18:00,145.6,145.6,145.6,145.6,75,7125,126.95,137.85,148.85
5508,2021-02-16 13:19:00,145.6,145.6,145.6,145.6,75,7125,126.95,137.85,148.85
5509,2021-02-16 13:20:00,145.6,145.6,145.6,145.6,75,7125,126.95,137.85,148.85
5510,2021-02-16 13:21:00,145.6,145.6,145.6,145.6,75,7125,126.95,137.85,148.85
5511,2021-02-16 13:22:00,145.6,145.6,145.6,145.6,75,7125,126.95,137.85,148.85
5512,2021-02-16 13:23:00,145.6,145.6,145.6,145.6,75,7125,126.95,137.85,148.85
5513,2021-02-16 13:24:00,145.6,145.6,145.6,145.6,75,7125,126.95,137.85,148.85
5514,2021-02-16 13:25:00,145.6,145.6,145.6,145.6,75,7125,126.95,137.85,148.85
5515,2021-02-16 13:26:00,145.6,145.6,145.6,145.6,75,7125,126.95,137.85,148.85
5516,2021-02-16 13:27:00,145.6,145.6,145.6,145.6,75,7125,126.95,137.85,148.85
5517,2021-02-16 13:28:00,145.6,145.6,145.6,145.6,75,7125,126.95,137.85,148.85
5518,2021-02-16 13:29:00,145.6,145.6,145.6,145.6,75,7125,126.95,137.85,148.85
5519,2021-02-16 13:30:00,145.6,145.6,145.6,145.6,75,7125,126.95,137.85,148.85
5520,2021-02-16 13:31:00,145.6,145.6,145.6,145.6,75,7125,126.95,137.85,148.85
5521,2021-02-16 13:32:00,145.6,145.6,145.6,145.6,75,7125,126.95,137.85,148.85
5522,2021-02-16 13:33:00,145.6,145.6,145.6,145.6,75,7125,126.95,137.85,148.85
5523,2021-02-16 13:34:00,145.6,145.6,145.6,145.6,75,7125,126.95,137.85,148.85
5524,2021-02-16 13:35:00,145.6,145.6,145.6,145.6,75,7125,126.95,137.85,148.85
5525,2021-02-16 13:36:00,145.6,145.6,145.6,145.6,75,7125,126.95,137.85,148.85
5526,2021-02-16 13:37:00,136.05,136.05,136.05,136.05,75,6975,127.01,129.3,143.3
5527,2021-02-16 13:38:00,136.05,136.05,136.05,136.05,75,6975,127.01,129.3,143.3
5528,2021-02-16 13:39:00,136.05,136.05,136.05,136.05,75,6975,127.01,129.3,143.3
5529,2021-02-16 13:40:00,136.05,136.05,136.05,136.05,75,6975,127.01,129.3,143.3
5530,2021-02-16 13:41:00,136.05,136.05,136.05,136.05,75,6975,127.01,129.3,143.3
5531,2021-02-16 13:42:00,136.05,136.05,136.05,136.05,75,6975,127.01,129.3,143.3
5532,2021-02-16 13:43:00,136.05,136.05,136.05,136.05,75,6975,127.01,129.3,143.3
5533,2021-02-16 13:44:00,136.05,136.05,136.05,136.05,75,6975,127.01,129.3,143.3
5534,2021-02-16 13:45:00,136.05,136.05,136.05,136.05,75,6975,127.01,129.3,143.3
5535,2021-02-16 13:46:00,136.05,136.05,136.05,136.05,75,6975,127.01,129.3,143.3
5536,2021-02-16 13:47:00,141.3,141.3,141.3,141.3,75,6975,127.1,132.0,144.55
5537,2021-02-16 13:48:00,141.3,141.3,141.3,141.3,75,6975,127.1,132.0,144.55
5538,2021-02-16 13:49:00,141.3,141.3,141.3,141.3,75,6975,127.1,132.0,144.55
5539,2021-02-16 13:50:00,141.3,141.3,141.3,141.3,75,6975,127.1,132.0,144.55
5540,2021-02-16 13:51:00,141.3,141.3,141.3,141.3,75,6975,127.1,132.0,144.55
5541,2021-02-16 13:52:00,141.3,141.3,141.3,141.3,75,6975,127.1,132.0,144.55
5542,2021-02-16 13:53:00,141.3,141.3,141.3,141.3,75,6975,127.1,132.0,144.55
5543,2021-02-16 13:54:00,141.3,141.3,141.3,141.3,75,6975,127.1,132.0,144.55
5544,2021-02-16 13:55:00,141.3,141.3,141.3,141.3,75,6975,127.1,132.0,144.55
5545,2021-02-16 13:56:00,141.3,141.3,141.3,141.3,75,6975,127.1,132.0,144.55
5546,2021-02-16 13:57:00,141.3,141.3,141.3,141.3,75,6975,127.1,132.0,144.55
5547,2021-02-16 13:58:00,141.3,141.3,141.3,141.3,75,6975,127.1,132.0,144.55
5548,2021-02-16 13:59:00,141.3,141.3,141.3,141.3,75,6975,127.1,132.0,144.55
5549,2021-02-16 14:00:00,141.3,141.3,141.3,141.3,75,6975,127.1,132.0,144.55
5550,2021-02-16 14:01:00,148.3,148.3,148.3,148.3,75,6900,127.24,138.4,151.6
5551,2021-02-16 14:02:00,148.3,148.3,148.3,148.3,75,6900,127.24,138.4,151.6
5552,2021-02-16 14:03:00,148.3,148.3,148.3,148.3,75,6900,127.24,138.4,151.6
5553,2021-02-16 14:04:00,148.3,148.3,148.3,148.3,75,6900,127.24,138.4,151.6
5554,2021-02-16 14:05:00,148.3,148.3,148.3,148.3,75,6900,127.24,138.4,151.6
5555,2021-02-16 14:06:00,148.3,148.3,148.3,148.3,75,6900,127.24,138.4,151.6
5556,2021-02-16 14:07:00,148.3,148.3,148.3,148.3,75,6900,127.24,138.4,151.6
5557,2021-02-16 14:08:00,148.3,148.3,148.3,148.3,75,6900,127.24,138.4,151.6
5558,2021-02-16 14:09:00,148.3,148.3,148.3,148.3,75,6900,127.24,138.4,151.6
5559,2021-02-16 14:10:00,148.3,148.3,148.3,148.3,75,6900,127.24,138.4,151.6
5560,2021-02-16 14:11:00,148.3,148.3,148.3,148.3,75,6900,127.24,138.4,151.6
5561,2021-02-16 14:12:00,148.3,148.3,148.3,148.3,75,6900,127.24,138.4,151.6
5562,2021-02-16 14:13:00,148.3,148.3,148.3,148.3,75,6900,127.24,138.4,151.6
5563,2021-02-16 14:14:00,148.3,148.3,148.3,148.3,75,6900,127.24,138.4,151.6
5564,2021-02-16 14:15:00,148.3,148.3,148.3,148.3,75,6900,127.24,138.4,151.6
5565,2021-02-16 14:16:00,148.3,148.3,148.3,148.3,75,6900,127.24,138.4,151.6
5566,2021-02-16 14:17:00,148.3,148.3,148.3,148.3,75,6900,127.24,138.4,151.6
5567,2021-02-16 14:18:00,148.3,148.3,148.3,148.3,75,6900,127.24,138.4,151.6
5568,2021-02-16 14:19:00,148.3,148.3,148.3,148.3,75,6900,127.24,138.4,151.6
5569,2021-02-16 14:20:00,148.3,148.3,148.3,148.3,75,6900,127.24,138.4,151.6
5570,2021-02-16 14:21:00,148.3,148.3,148.3,148.3,75,6900,127.24,138.4,151.6
5571,2021-02-16 14:22:00,148.3,148.3,148.3,148.3,75,6900,127.24,138.4,151.6
5572,2021-02-16 14:23:00,148.3,148.3,148.3,148.3,75,6900,127.24,138.4,151.6
5573,2021-02-16 14:24:00,148.3,148.3,148.3,148.3,75,6900,127.24,138.4,151.6
5574,2021-02-16 14:25:00,141.7,141.7,141.7,141.7,75,6750,127.33,134.55,144.75
5575,2021-02-16 14:26:00,141.7,141.7,141.7,141.7,75,6750,127.33,134.55,144.75
5576,2021-02-16 14:27:00,141.7,141.7,141.7,141.7,75,6750,127.33,134.55,144.75
5577,2021-02-16 14:28:00,141.7,141.7,141.7,141.7,75,6750,127.33,134.55,144.75
5578,2021-02-16 14:29:00,141.7,141.7,141.7,141.7,75,6750,127.33,134.55,144.75
5579,2021-02-16 14:30:00,141.7,141.7,141.7,141.7,75,6750,127.33,134.55,144.75
5580,2021-02-16 14:31:00,141.7,141.7,141.7,141.7,75,6750,127.33,134.55,144.75
5581,2021-02-16 14:32:00,141.7,141.7,141.7,141.7,75,6750,127.33,134.55,144.75
5582,2021-02-16 14:33:00,141.7,141.7,141.7,141.7,75,6750,127.33,134.55,144.75
5583,2021-02-16 14:34:00,141.7,141.7,141.7,141.7,75,6750,127.33,134.55,144.75
5584,2021-02-16 14:35:00,141.7,141.7,141.7,141.7,75,6750,127.33,134.55,144.75
5585,2021-02-16 14:36:00,141.7,141.7,141.7,141.7,75,6750,127.33,134.55,144.75
5586,2021-02-16 14:37:00,141.7,141.7,141.7,141.7,75,6750,127.33,134.55,144.75
5587,2021-02-16 14:38:00,141.7,141.7,141.7,141.7,75,6750,127.33,134.55,144.75
5588,2021-02-16 14:39:00,138.15,138.15,138.15,138.15,75,6750,127.39,126.25,139.55
5589,2021-02-16 14:40:00,138.15,138.15,138.15,138.15,75,6750,127.39,126.25,139.55
5590,2021-02-16 14:41:00,138.15,138.15,138.15,138.15,75,6750,127.39,126.25,139.55
5591,2021-02-16 14:42:00,138.15,138.15,138.15,138.15,75,6750,127.39,126.25,139.55
5592,2021-02-16 14:43:00,138.15,138.15,138.15,138.15,75,6750,127.39,126.25,139.55
5593,2021-02-16 14:44:00,137.45,137.45,137.45,137.45,75,6750,127.46,127.85,139.55
5594,2021-02-16 14:45:00,137.45,137.45,137.45,137.45,75,6750,127.46,127.85,139.55
5595,2021-02-16 14:46:00,137.45,137.45,137.45,137.45,75,6750,127.46,127.85,139.55
5596,2021-02-16 14:47:00,137.45,137.45,137.45,137.45,75,6750,127.46,127.85,139.55
5597,2021-02-16 14:48:00,138.65,138.65,138.65,138.65,75,6750,127.52,128.05,140.7
5598,2021-02-16 14:49:00,138.65,138.65,138.65,138.65,75,6750,127.52,128.05,140.7
5599,2021-02-16 14:50:00,138.65,138.65,138.65,138.65,75,6750,127.52,128.05,140.7
5600,2021-02-16 14:51:00,138.65,138.65,138.65,138.65,75,6750,127.52,128.05,140.7
5601,2021-02-16 14:52:00,138.65,138.65,138.65,138.65,75,6750,127.52,128.05,140.7
5602,2021-02-16 14:53:00,138.65,138.65,138.65,138.65,75,6750,127.52,128.05,140.7
5603,2021-02-16 14:54:00,138.65,138.65,138.65,138.65,75,6750,127.52,128.05,140.7
5604,2021-02-16 14:55:00,138.65,138.65,138.65,138.65,75,6750,127.52,128.05,140.7
5605,2021-02-16 14:56:00,138.65,138.65,138.65,138.65,75,6750,127.52,128.05,140.7
5606,2021-02-16 14:57:00,138.65,138.65,138.65,138.65,75,6750,127.52,128.05,140.7
5607,2021-02-16 14:58:00,138.65,138.65,138.65,138.65,75,6750,127.52,128.05,140.7
5608,2021-02-16 14:59:00,138.65,138.65,138.65,138.65,75,6750,127.52,128.05,140.7
5609,2021-02-16 15:00:00,138.65,138.65,138.65,138.65,75,6750,127.52,128.05,140.7
5610,2021-02-16 15:01:00,138.65,138.65,138.65,138.65,75,6750,127.52,128.05,140.7
5611,2021-02-16 15:02:00,138.65,138.65,138.65,138.65,75,6750,127.52,128.05,140.7
5612,2021-02-16 15:03:00,138.65,138.65,138.65,138.65,75,6750,127.52,128.05,140.7
5613,2021-02-16 15:04:00,138.65,138.65,138.65,138.65,75,6750,127.52,128.05,140.7
5614,2021-02-16 15:05:00,138.65,138.65,138.65,138.65,75,6750,127.52,128.05,140.7
5615,2021-02-16 15:06:00,138.65,138.65,138.65,138.65,75,6750,127.52,128.05,140.7
5616,2021-02-16 15:07:00,137.25,137.25,137.25,137.25,75,6750,127.58,128.05,140.4
5617,2021-02-16 15:08:00,137.25,137.25,137.25,137.25,75,6750,127.58,128.05,140.4
5618,2021-02-16 15:09:00,137.25,137.25,137.25,137.25,75,6750,127.58,128.05,140.4
5619,2021-02-16 15:10:00,137.25,137.25,137.25,137.25,75,6750,127.58,128.05,140.4
5620,2021-02-16 15:11:00,137.25,137.25,137.25,137.25,75,6750,127.58,128.05,140.4
5621,2021-02-16 15:12:00,137.25,137.25,137.25,137.25,75,6750,127.58,128.05,140.4
5622,2021-02-16 15:13:00,137.25,137.25,137.25,137.25,75,6750,127.58,128.05,140.4
5623,2021-02-16 15:14:00,137.25,137.25,137.25,137.25,75,6750,127.58,128.05,140.4
5624,2021-02-16 15:15:00,137.25,137.25,137.25,137.25,75,6750,127.58,128.05,140.4
5625,2021-02-16 15:16:00,137.25,137.25,137.25,137.25,75,6750,127.58,128.05,140.4
5626,2021-02-16 15:17:00,137.25,137.25,137.25,137.25,75,6750,127.58,128.05,140.4
5627,2021-02-16 15:18:00,137.25,137.25,137.25,137.25,75,6750,127.58,128.05,140.4
5628,2021-02-16 15:19:00,137.25,137.25,137.25,137.25,75,6750,127.58,128.05,140.4
5629,2021-02-16 15:20:00,137.25,137.25,137.25,137.25,75,6750,127.58,128.05,140.4
5630,2021-02-16 15:21:00,137.25,137.25,137.25,137.25,75,6750,127.58,128.05,140.4
5631,2021-02-16 15:22:00,137.25,137.25,137.25,137.25,75,6750,127.58,128.05,140.4
5632,2021-02-16 15:23:00,137.25,137.25,137.25,137.25,75,6750,127.58,128.05,140.4
5633,2021-02-16 15:24:00,137.25,137.25,137.25,137.25,75,6750,127.58,128.05,140.4
5634,2021-02-16 15:25:00,137.25,137.25,137.25,137.25,75,6750,127.58,128.05,140.4
5635,2021-02-16 15:26:00,137.25,137.25,137.25,137.25,75,6750,127.58,128.05,140.4
5636,2021-02-16 15:27:00,137.25,137.25,137.25,137.25,75,6750,127.58,128.05,140.4
5637,2021-02-16 15:28:00,137.25,137.25,137.25,137.25,75,6750,127.58,128.05,140.4
5638,2021-02-16 15:29:00,137.25,137.25,137.25,137.25,75,6750,127.58,128.05,140.4
5639,2021-02-16 15:30:00,137.25,137.25,137.25,137.25,75,6750,127.58,128.05,140.4
5640,2021-02-17 09:15:00,137.25,137.25,137.25,137.25,75,6750,127.58,128.05,140.4
5641,2021-02-17 09:16:00,137.25,137.25,137.25,137.25,75,6750,127.58,128.05,140.4
5642,2021-02-17 09:17:00,137.25,137.25,137.25,137.25,75,6750,127.58,128.05,140.4
5643,2021-02-17 09:18:00,137.25,137.25,137.25,137.25,75,6750,127.58,128.05,140.4
5644,2021-02-17 09:19:00,137.25,137.25,137.25,137.25,75,6750,127.58,128.05,140.4
5645,2021-02-17 09:20:00,137.25,137.25,137.25,137.25,75,6750,127.58,128.05,140.4
5646,2021-02-17 09:21:00,137.25,137.25,137.25,137.25,75,6750,127.58,128.05,140.4
5647,2021-02-17 09:22:00,137.25,137.25,137.25,137.25,75,6750,127.58,128.05,140.4
5648,2021-02-17 09:23:00,137.25,137.25,137.25,137.25,75,6750,127.58,128.05,140.4
5649,2021-02-17 09:24:00,137.25,137.25,137.25,137.25,75,6750,127.58,128.05,140.4
5650,2021-02-17 09:25:00,140.6,140.6,126.3,126.3,150,6750,133.45,136.7,146.1
5651,2021-02-17 09:26:00,142.0,142.0,142.0,142.0,75,6750,136.3,131.1,151.85
5652,2021-02-17 09:27:00,142.0,142.0,142.0,142.0,75,6750,136.3,131.1,151.85
5653,2021-02-17 09:28:00,142.0,142.0,142.0,142.0,75,6750,136.3,131.1,151.85
5654,2021-02-17 09:29:00,142.0,142.0,142.0,142.0,75,6750,136.3,131.1,151.85
5655,2021-02-17 09:30:00,142.0,142.0,142.0,142.0,75,6750,136.3,131.1,151.85
5656,2021-02-17 09:31:00,142.0,142.0,142.0,142.0,75,6750,136.3,131.1,151.85
5657,2021-02-17 09:32:00,142.0,142.0,142.0,142.0,75,6750,136.3,131.1,151.85
5658,2021-02-17 09:33:00,142.0,142.0,142.0,142.0,75,6750,136.3,131.1,151.85
5659,2021-02-17 09:34:00,142.0,142.0,142.0,142.0,75,6750,136.3,131.1,151.85
5660,2021-02-17 09:35:00,142.0,142.0,142.0,142.0,75,6750,136.3,131.1,151.85
5661,2021-02-17 09:36:00,142.0,142.0,142.0,142.0,75,6750,136.3,131.1,151.85
5662,2021-02-17 09:37:00,142.0,142.0,142.0,142.0,75,6750,136.3,131.1,151.85
5663,2021-02-17 09:38:00,142.0,142.0,142.0,142.0,75,6750,136.3,131.1,151.85
5664,2021-02-17 09:39:00,142.0,142.0,142.0,142.0,75,6750,136.3,131.1,151.85
5665,2021-02-17 09:40:00,142.0,142.0,142.0,142.0,75,6750,136.3,131.1,151.85
5666,2021-02-17 09:41:00,142.0,142.0,142.0,142.0,75,6750,136.3,131.1,151.85
5667,2021-02-17 09:42:00,142.0,142.0,142.0,142.0,75,6750,136.3,131.1,151.85
5668,2021-02-17 09:43:00,142.0,142.0,142.0,142.0,75,6750,136.3,131.1,151.85
5669,2021-02-17 09:44:00,142.0,142.0,142.0,142.0,75,6750,136.3,131.1,151.85
5670,2021-02-17 09:45:00,145.6,145.6,145.6,145.6,75,6750,138.62,138.7,148.6
5671,2021-02-17 09:46:00,145.6,145.6,145.6,145.6,75,6750,138.62,138.7,148.6
5672,2021-02-17 09:47:00,145.6,145.6,145.6,145.6,75,6750,138.62,138.7,148.6
5673,2021-02-17 09:48:00,145.6,145.6,145.6,145.6,75,6750,138.62,138.7,148.6
5674,2021-02-17 09:49:00,145.6,145.6,145.6,145.6,75,6750,138.62,138.7,148.6
5675,2021-02-17 09:50:00,145.6,145.6,145.6,145.6,75,6750,138.62,138.7,148.6
5676,2021-02-17 09:51:00,145.6,145.6,145.6,145.6,75,6750,138.62,138.7,148.6
5677,2021-02-17 09:52:00,145.6,145.6,145.6,145.6,75,6750,138.62,138.7,148.6
5678,2021-02-17 09:53:00,145.6,145.6,145.6,145.6,75,6750,138.62,138.7,148.6
5679,2021-02-17 09:54:00,145.6,145.6,145.6,145.6,75,6750,138.62,138.7,148.6
5680,2021-02-17 09:55:00,145.6,145.6,145.6,145.6,75,6750,138.62,138.7,148.6
5681,2021-02-17 09:56:00,148.0,148.0,148.0,148.0,150,6675,141.73,144.65,150.5
5682,2021-02-17 09:57:00,148.0,148.0,148.0,148.0,150,6675,141.73,144.65,150.5
5683,2021-02-17 09:58:00,148.0,148.0,148.0,148.0,150,6675,141.73,144.65,150.5
5684,2021-02-17 09:59:00,148.0,148.0,148.0,148.0,150,6675,141.73,144.65,150.5
5685,2021-02-17 10:00:00,147.35,147.35,147.35,147.35,300,6675,143.93,140.6,149.3
5686,2021-02-17 10:01:00,147.35,147.35,147.35,147.35,300,6675,143.93,140.6,149.3
5687,2021-02-17 10:02:00,147.35,147.35,147.35,147.35,300,6675,143.93,140.6,149.3
5688,2021-02-17 10:03:00,147.35,147.35,147.35,147.35,300,6675,143.93,140.6,149.3
5689,2021-02-17 10:04:00,147.35,147.35,147.35,147.35,300,6675,143.93,140.6,149.3
5690,2021-02-17 10:05:00,147.35,147.35,147.35,147.35,300,6675,143.93,140.6,149.3
5691,2021-02-17 10:06:00,147.35,147.35,147.35,147.35,300,6675,143.93,140.6,149.3
5692,2021-02-17 10:07:00,147.35,147.35,147.35,147.35,300,6675,143.93,140.6,149.3
5693,2021-02-17 10:08:00,147.35,147.35,147.35,147.35,300,6675,143.93,140.6,149.3
5694,2021-02-17 10:09:00,147.35,147.35,147.35,147.35,300,6675,143.93,140.6,149.3
5695,2021-02-17 10:10:00,147.35,147.35,147.35,147.35,300,6675,143.93,140.6,149.3
5696,2021-02-17 10:11:00,147.35,147.35,147.35,147.35,300,6675,143.93,140.6,149.3
5697,2021-02-17 10:12:00,147.35,147.35,147.35,147.35,300,6675,143.93,140.6,149.3
5698,2021-02-17 10:13:00,147.35,147.35,147.35,147.35,300,6675,143.93,140.6,149.3
5699,2021-02-17 10:14:00,147.35,147.35,147.35,147.35,300,6675,143.93,140.6,149.3
5700,2021-02-17 10:15:00,147.35,147.35,147.35,147.35,300,6675,143.93,140.6,149.3
5701,2021-02-17 10:16:00,147.35,147.35,147.35,147.35,300,6675,143.93,140.6,149.3
5702,2021-02-17 10:17:00,147.35,147.35,147.35,147.35,300,6675,143.93,140.6,149.3
5703,2021-02-17 10:18:00,147.35,147.35,147.35,147.35,300,6675,143.93,140.6,149.3
5704,2021-02-17 10:19:00,147.35,147.35,147.35,147.35,300,6675,143.93,140.6,149.3
5705,2021-02-17 10:20:00,147.35,147.35,147.35,147.35,300,6675,143.93,140.6,149.3
5706,2021-02-17 10:21:00,147.35,147.35,147.35,147.35,300,6675,143.93,140.6,149.3
5707,2021-02-17 10:22:00,147.35,147.35,147.35,147.35,300,6675,143.93,140.6,149.3
5708,2021-02-17 10:23:00,147.35,147.35,147.35,147.35,300,6675,143.93,140.6,149.3
5709,2021-02-17 10:24:00,147.35,147.35,147.35,147.35,300,6675,143.93,140.6,149.3
5710,2021-02-17 10:25:00,147.35,147.35,147.35,147.35,300,6675,143.93,140.6,149.3
5711,2021-02-17 10:26:00,147.35,147.35,147.35,147.35,300,6675,143.93,140.6,149.3
5712,2021-02-17 10:27:00,147.35,147.35,147.35,147.35,300,6675,143.93,140.6,149.3
5713,2021-02-17 10:28:00,147.35,147.35,147.35,147.35,300,6675,143.93,140.6,149.3
5714,2021-02-17 10:29:00,147.35,147.35,147.35,147.35,300,6675,143.93,140.6,149.3
5715,2021-02-17 10:30:00,147.35,147.35,147.35,147.35,300,6675,143.93,140.6,149.3
5716,2021-02-17 10:31:00,147.35,147.35,147.35,147.35,300,6675,143.93,140.6,149.3
5717,2021-02-17 10:32:00,147.35,147.35,147.35,147.35,300,6675,143.93,140.6,149.3
5718,2021-02-17 10:33:00,147.35,147.35,147.35,147.35,300,6675,143.93,140.6,149.3
5719,2021-02-17 10:34:00,147.35,147.35,147.35,147.35,300,6675,143.93,140.6,149.3
5720,2021-02-17 10:35:00,147.35,147.35,147.35,147.35,300,6675,143.93,140.6,149.3
5721,2021-02-17 10:36:00,147.35,147.35,147.35,147.35,300,6675,143.93,140.6,149.3
5722,2021-02-17 10:37:00,147.35,147.35,147.35,147.35,300,6675,143.93,140.6,149.3
5723,2021-02-17 10:38:00,147.35,147.35,147.35,147.35,300,6675,143.93,140.6,149.3
5724,2021-02-17 10:39:00,147.35,147.35,147.35,147.35,300,6675,143.93,140.6,149.3
5725,2021-02-17 10:40:00,147.35,147.35,147.35,147.35,300,6675,143.93,140.6,149.3
5726,2021-02-17 10:41:00,147.35,147.35,147.35,147.35,300,6675,143.93,140.6,149.3
5727,2021-02-17 10:42:00,147.35,147.35,147.35,147.35,300,6675,143.93,140.6,149.3
5728,2021-02-17 10:43:00,147.35,147.35,147.35,147.35,300,6675,143.93,140.6,149.3
5729,2021-02-17 10:44:00,147.35,147.35,147.35,147.35,300,6675,143.93,140.6,149.3
5730,2021-02-17 10:45:00,147.35,147.35,147.35,147.35,300,6675,143.93,140.6,149.3
5731,2021-02-17 10:46:00,147.35,147.35,147.35,147.35,300,6675,143.93,140.6,149.3
5732,2021-02-17 10:47:00,147.35,147.35,147.35,147.35,300,6675,143.93,140.6,149.3
5733,2021-02-17 10:48:00,147.35,147.35,147.35,147.35,300,6675,143.93,140.6,149.3
5734,2021-02-17 10:49:00,147.35,147.35,147.35,147.35,300,6675,143.93,140.6,149.3
5735,2021-02-17 10:50:00,147.35,147.35,147.35,147.35,300,6675,143.93,140.6,149.3
5736,2021-02-17 10:51:00,147.35,147.35,147.35,147.35,300,6675,143.93,140.6,149.3
5737,2021-02-17 10:52:00,147.35,147.35,147.35,147.35,300,6675,143.93,140.6,149.3
5738,2021-02-17 10:53:00,147.35,147.35,147.35,147.35,300,6675,143.93,140.6,149.3
5739,2021-02-17 10:54:00,147.35,147.35,147.35,147.35,300,6675,143.93,140.6,149.3
5740,2021-02-17 10:55:00,147.35,147.35,147.35,147.35,300,6675,143.93,140.6,149.3
5741,2021-02-17 10:56:00,147.35,147.35,147.35,147.35,300,6675,143.93,140.6,149.3
5742,2021-02-17 10:57:00,147.35,147.35,147.35,147.35,300,6675,143.93,140.6,149.3
5743,2021-02-17 10:58:00,147.35,147.35,147.35,147.35,300,6675,143.93,140.6,149.3
5744,2021-02-17 10:59:00,147.35,147.35,147.35,147.35,300,6675,143.93,140.6,149.3
5745,2021-02-17 11:00:00,132.6,132.6,132.6,132.6,75,6675,142.9,126.75,134.55
5746,2021-02-17 11:01:00,132.6,132.6,132.6,132.6,75,6675,142.9,126.75,134.55
5747,2021-02-17 11:02:00,132.6,132.6,132.6,132.6,75,6675,142.9,126.75,134.55
5748,2021-02-17 11:03:00,132.6,132.6,132.6,132.6,75,6675,142.9,126.75,134.55
5749,2021-02-17 11:04:00,132.6,132.6,132.6,132.6,75,6675,142.9,126.75,134.55
5750,2021-02-17 11:05:00,132.6,132.6,132.6,132.6,75,6675,142.9,126.75,134.55
5751,2021-02-17 11:06:00,132.6,132.6,132.6,132.6,75,6675,142.9,126.75,134.55
5752,2021-02-17 11:07:00,132.6,132.6,132.6,132.6,75,6675,142.9,126.75,134.55
5753,2021-02-17 11:08:00,132.6,132.6,132.6,132.6,75,6675,142.9,126.75,134.55
5754,2021-02-17 11:09:00,132.6,132.6,132.6,132.6,75,6675,142.9,126.75,134.55
5755,2021-02-17 11:10:00,132.6,132.6,132.6,132.6,75,6675,142.9,126.75,134.55
5756,2021-02-17 11:11:00,132.6,132.6,132.6,132.6,75,6675,142.9,126.75,134.55
5757,2021-02-17 11:12:00,132.6,132.6,132.6,132.6,75,6675,142.9,126.75,134.55
5758,2021-02-17 11:13:00,126.75,126.75,126.75,126.75,75,6675,141.55,124.2,133.3
5759,2021-02-17 11:14:00,126.75,126.75,126.75,126.75,75,6675,141.55,124.2,133.3
5760,2021-02-17 11:15:00,126.75,126.75,126.75,126.75,75,6675,141.55,124.2,133.3
5761,2021-02-17 11:16:00,141.5,141.5,141.5,141.5,150,6675,140.96,127.1,138.35
5762,2021-02-17 11:17:00,141.5,141.5,141.5,141.5,150,6675,140.96,127.1,138.35
5763,2021-02-17 11:18:00,141.5,141.5,141.5,141.5,150,6675,140.96,127.1,138.35
5764,2021-02-17 11:19:00,141.5,141.5,141.5,141.5,150,6675,140.96,127.1,138.35
5765,2021-02-17 11:20:00,141.5,141.5,141.5,141.5,150,6675,140.96,127.1,138.35
5766,2021-02-17 11:21:00,133.05,133.05,133.05,133.05,75,0,140.43,125.75,134.15
5767,2021-02-17 11:22:00,133.05,133.05,133.05,133.05,75,0,140.43,125.75,134.15
5768,2021-02-17 11:23:00,133.05,133.05,133.05,133.05,75,0,140.43,125.75,134.15
5769,2021-02-17 11:24:00,133.05,133.05,133.05,133.05,75,0,140.43,125.75,134.15
5770,2021-02-17 11:25:00,133.05,133.05,133.05,133.05,75,0,140.43,125.75,134.15
5771,2021-02-17 11:26:00,133.05,133.05,133.05,133.05,75,0,140.43,125.75,134.15
5772,2021-02-17 11:27:00,133.05,133.05,133.05,133.05,75,0,140.43,125.75,134.15
5773,2021-02-17 11:28:00,133.05,133.05,133.05,133.05,75,0,140.43,125.75,134.15
5774,2021-02-17 11:29:00,133.05,133.05,133.05,133.05,75,0,140.43,125.75,134.15
5775,2021-02-17 11:30:00,133.05,133.05,133.05,133.05,75,0,140.43,125.75,134.15
5776,2021-02-17 11:31:00,133.05,133.05,133.05,133.05,75,0,140.43,125.75,134.15
5777,2021-02-17 11:32:00,133.05,133.05,133.05,133.05,75,0,140.43,125.75,134.15
5778,2021-02-17 11:33:00,133.05,133.05,133.05,133.05,75,0,140.43,125.75,134.15
5779,2021-02-17 11:34:00,133.05,133.05,133.05,133.05,75,0,140.43,125.75,134.15
5780,2021-02-17 11:35:00,133.05,133.05,133.05,133.05,75,0,140.43,125.75,134.15
5781,2021-02-17 11:36:00,133.05,133.05,133.05,133.05,75,0,140.43,125.75,134.15
5782,2021-02-17 11:37:00,133.05,133.05,133.05,133.05,75,0,140.43,125.75,134.15
5783,2021-02-17 11:38:00,133.05,133.05,133.05,133.05,75,0,140.43,125.75,134.15
5784,2021-02-17 11:39:00,133.05,133.05,133.05,133.05,75,0,140.43,125.75,134.15
5785,2021-02-17 11:40:00,133.05,133.05,133.05,133.05,75,0,140.43,125.75,134.15
5786,2021-02-17 11:41:00,133.05,133.05,133.05,133.05,75,0,140.43,125.75,134.15
5787,2021-02-17 11:42:00,133.05,133.05,133.05,133.05,75,0,140.43,125.75,134.15
5788,2021-02-17 11:43:00,133.05,133.05,133.05,133.05,75,0,140.43,125.75,134.15
5789,2021-02-17 11:44:00,133.05,133.05,133.05,133.05,75,0,140.43,125.75,134.15
5790,2021-02-17 11:45:00,133.05,133.05,133.05,133.05,75,0,140.43,125.75,134.15
5791,2021-02-17 11:46:00,133.05,133.05,133.05,133.05,75,0,140.43,125.75,134.15
5792,2021-02-17 11:47:00,133.05,133.05,133.05,133.05,75,0,140.43,125.75,134.15
5793,2021-02-17 11:48:00,133.05,133.05,133.05,133.05,75,0,140.43,125.75,134.15
5794,2021-02-17 11:49:00,133.05,133.05,133.05,133.05,75,0,140.43,125.75,134.15
5795,2021-02-17 11:50:00,133.05,133.05,133.05,133.05,75,0,140.43,125.75,134.15
5796,2021-02-17 11:51:00,133.05,133.05,133.05,133.05,75,0,140.43,125.75,134.15
5797,2021-02-17 11:52:00,133.05,133.05,133.05,133.05,75,0,140.43,125.75,134.15
5798,2021-02-17 11:53:00,133.05,133.05,133.05,133.05,75,0,140.43,125.75,134.15
5799,2021-02-17 11:54:00,133.05,133.05,133.05,133.05,75,0,140.43,125.75,134.15
5800,2021-02-17 11:55:00,133.05,133.05,133.05,133.05,75,0,140.43,125.75,134.15
5801,2021-02-17 11:56:00,133.05,133.05,133.05,133.05,75,0,140.43,125.75,134.15
5802,2021-02-17 11:57:00,133.05,133.05,133.05,133.05,75,0,140.43,125.75,134.15
5803,2021-02-17 11:58:00,133.05,133.05,133.05,133.05,75,0,140.43,125.75,134.15
5804,2021-02-17 11:59:00,133.05,133.05,133.05,133.05,75,0,140.43,125.75,134.15
5805,2021-02-17 12:00:00,133.05,133.05,133.05,133.05,75,0,140.43,125.75,134.15
5806,2021-02-17 12:01:00,133.05,133.05,133.05,133.05,75,0,140.43,125.75,134.15
5807,2021-02-17 12:02:00,133.05,133.05,133.05,133.05,75,0,140.43,125.75,134.15
5808,2021-02-17 12:03:00,133.05,133.05,133.05,133.05,75,0,140.43,125.75,134.15
5809,2021-02-17 12:04:00,133.05,133.05,133.05,133.05,75,0,140.43,125.75,134.15
5810,2021-02-17 12:05:00,133.05,133.05,133.05,133.05,75,0,140.43,125.75,134.15
5811,2021-02-17 12:06:00,133.05,133.05,133.05,133.05,75,0,140.43,125.75,134.15
5812,2021-02-17 12:07:00,133.05,133.05,133.05,133.05,75,0,140.43,125.75,134.15
5813,2021-02-17 12:08:00,133.05,133.05,133.05,133.05,75,0,140.43,125.75,134.15
5814,2021-02-17 12:09:00,133.05,133.05,133.05,133.05,75,0,140.43,125.75,134.15
5815,2021-02-17 12:10:00,133.05,133.05,133.05,133.05,75,0,140.43,125.75,134.15
5816,2021-02-17 12:11:00,133.05,133.05,133.05,133.05,75,0,140.43,125.75,134.15
5817,2021-02-17 12:12:00,130.15,130.15,130.15,130.15,75,6675,139.79,125.95,132.25
5818,2021-02-17 12:13:00,130.15,130.15,130.15,130.15,75,6675,139.79,125.95,132.25
5819,2021-02-17 12:14:00,130.15,130.15,130.15,130.15,75,6675,139.79,125.95,132.25
5820,2021-02-17 12:15:00,130.15,130.15,130.15,130.15,75,6675,139.79,125.95,132.25
5821,2021-02-17 12:16:00,130.15,130.15,130.15,130.15,75,6675,139.79,125.95,132.25
5822,2021-02-17 12:17:00,130.75,130.75,130.75,130.75,75,0,139.26,125.95,132.8
5823,2021-02-17 12:18:00,130.75,130.75,130.75,130.75,75,0,139.26,125.95,132.8
5824,2021-02-17 12:19:00,130.75,130.75,130.75,130.75,75,0,139.26,125.95,132.8
5825,2021-02-17 12:20:00,130.75,130.75,130.75,130.75,75,0,139.26,125.95,132.8
5826,2021-02-17 12:21:00,130.75,130.75,130.75,130.75,75,0,139.26,125.95,132.8
5827,2021-02-17 12:22:00,130.75,130.75,130.75,130.75,75,0,139.26,125.95,132.8
5828,2021-02-17 12:23:00,130.75,130.75,130.75,130.75,75,0,139.26,125.95,132.8
5829,2021-02-17 12:24:00,130.75,130.75,130.75,130.75,75,0,139.26,125.95,132.8
5830,2021-02-17 12:25:00,130.75,130.75,130.75,130.75,75,0,139.26,125.95,132.8
5831,2021-02-17 12:26:00,130.75,130.75,130.75,130.75,75,0,139.26,125.95,132.8
5832,2021-02-17 12:27:00,130.75,130.75,130.75,130.75,75,0,139.26,125.95,132.8
5833,2021-02-17 12:28:00,130.75,130.75,130.75,130.75,75,0,139.26,125.95,132.8
5834,2021-02-17 12:29:00,130.75,130.75,130.75,130.75,75,0,139.26,125.95,132.8
5835,2021-02-17 12:30:00,130.75,130.75,130.75,130.75,75,0,139.26,125.95,132.8
5836,2021-02-17 12:31:00,130.75,130.75,130.75,130.75,75,0,139.26,125.95,132.8
5837,2021-02-17 12:32:00,130.75,130.75,130.75,130.75,75,0,139.26,125.95,132.8
5838,2021-02-17 12:33:00,130.75,130.75,130.75,130.75,75,0,139.26,125.95,132.8
5839,2021-02-17 12:34:00,130.75,130.75,130.75,130.75,75,0,139.26,125.95,132.8
5840,2021-02-17 12:35:00,130.75,130.75,130.75,130.75,75,0,139.26,125.95,132.8
5841,2021-02-17 12:36:00,130.75,130.75,130.75,130.75,75,0,139.26,125.95,132.8
5842,2021-02-17 12:37:00,130.75,130.75,130.75,130.75,75,0,139.26,125.95,132.8
5843,2021-02-17 12:38:00,130.75,130.75,130.75,130.75,75,0,139.26,125.95,132.8
5844,2021-02-17 12:39:00,130.75,130.75,130.75,130.75,75,0,139.26,125.95,132.8
5845,2021-02-17 12:40:00,130.75,130.75,130.75,130.75,75,0,139.26,125.95,132.8
5846,2021-02-17 12:41:00,130.75,130.75,130.75,130.75,75,0,139.26,125.95,132.8
5847,2021-02-17 12:42:00,130.75,130.75,130.75,130.75,75,0,139.26,125.95,132.8
5848,2021-02-17 12:43:00,130.75,130.75,130.75,130.75,75,0,139.26,125.95,132.8
5849,2021-02-17 12:44:00,130.75,130.75,130.75,130.75,75,0,139.26,125.95,132.8
5850,2021-02-17 12:45:00,130.75,130.75,130.75,130.75,75,0,139.26,125.95,132.8
5851,2021-02-17 12:46:00,130.75,130.75,130.75,130.75,75,0,139.26,125.95,132.8
5852,2021-02-17 12:47:00,130.75,130.75,130.75,130.75,75,0,139.26,125.95,132.8
5853,2021-02-17 12:48:00,130.75,130.75,130.75,130.75,75,0,139.26,125.95,132.8
5854,2021-02-17 12:49:00,130.75,130.75,130.75,130.75,75,0,139.26,125.95,132.8
5855,2021-02-17 12:50:00,130.75,130.75,130.75,130.75,75,0,139.26,125.95,132.8
5856,2021-02-17 12:51:00,130.85,130.85,130.85,130.85,75,6600,138.79,125.25,133.1
5857,2021-02-17 12:52:00,130.85,130.85,130.85,130.85,75,6600,138.79,125.25,133.1
5858,2021-02-17 12:53:00,130.85,130.85,130.85,130.85,75,6600,138.79,125.25,133.1
5859,2021-02-17 12:54:00,130.85,130.85,130.85,130.85,75,6600,138.79,125.25,133.1
5860,2021-02-17 12:55:00,130.85,130.85,130.85,130.85,75,6600,138.79,125.25,133.1
5861,2021-02-17 12:56:00,130.85,130.85,130.85,130.85,75,6600,138.79,125.25,133.1
5862,2021-02-17 12:57:00,130.85,130.85,130.85,130.85,75,6600,138.79,125.25,133.1
5863,2021-02-17 12:58:00,130.85,130.85,130.85,130.85,75,6600,138.79,125.25,133.1
5864,2021-02-17 12:59:00,130.85,130.85,130.85,130.85,75,6600,138.79,125.25,133.1
5865,2021-02-17 13:00:00,130.85,130.85,130.85,130.85,75,6600,138.79,125.25,133.1
5866,2021-02-17 13:01:00,130.85,130.85,130.85,130.85,75,6600,138.79,125.25,133.1
5867,2021-02-17 13:02:00,130.85,130.85,130.85,130.85,75,6600,138.79,125.25,133.1
5868,2021-02-17 13:03:00,130.85,130.85,130.85,130.85,75,6600,138.79,125.25,133.1
5869,2021-02-17 13:04:00,130.85,130.85,130.85,130.85,75,6600,138.79,125.25,133.1
5870,2021-02-17 13:05:00,130.85,130.85,130.85,130.85,75,6600,138.79,125.25,133.1
5871,2021-02-17 13:06:00,130.85,130.85,130.85,130.85,75,6600,138.79,125.25,133.1
5872,2021-02-17 13:07:00,130.85,130.85,130.85,130.85,75,6600,138.79,125.25,133.1
5873,2021-02-17 13:08:00,142.1,142.1,142.1,142.1,75,6600,138.96,136.95,143.4
5874,2021-02-17 13:09:00,142.1,142.1,142.1,142.1,75,6600,138.96,136.95,143.4
5875,2021-02-17 13:10:00,142.1,142.1,142.1,142.1,75,6600,138.96,136.95,143.4
5876,2021-02-17 13:11:00,142.1,142.1,142.1,142.1,75,6600,138.96,136.95,143.4
5877,2021-02-17 13:12:00,142.1,142.1,142.1,142.1,75,6600,138.96,136.95,143.4
5878,2021-02-17 13:13:00,142.1,142.1,142.1,142.1,75,6600,138.96,136.95,143.4
5879,2021-02-17 13:14:00,142.1,142.1,142.1,142.1,75,6600,138.96,136.95,143.4
5880,2021-02-17 13:15:00,142.1,142.1,142.1,142.1,75,6600,138.96,136.95,143.4
5881,2021-02-17 13:16:00,142.1,142.1,142.1,142.1,75,6600,138.96,136.95,143.4
5882,2021-02-17 13:17:00,142.1,142.1,142.1,142.1,75,6600,138.96,136.95,143.4
5883,2021-02-17 13:18:00,142.1,142.1,142.1,142.1,75,6600,138.96,136.95,143.4
5884,2021-02-17 13:19:00,142.1,142.1,142.1,142.1,75,6600,138.96,136.95,143.4
5885,2021-02-17 13:20:00,142.1,142.1,142.1,142.1,75,6600,138.96,136.95,143.4
5886,2021-02-17 13:21:00,138.55,138.55,138.55,138.55,75,6600,138.94,134.35,141.5
5887,2021-02-17 13:22:00,138.55,138.55,138.55,138.55,75,6600,138.94,134.35,141.5
5888,2021-02-17 13:23:00,138.55,138.55,138.55,138.55,75,6600,138.94,134.35,141.5
5889,2021-02-17 13:24:00,138.55,138.55,138.55,138.55,75,6600,138.94,134.35,141.5
5890,2021-02-17 13:25:00,138.55,138.55,138.55,138.55,75,6600,138.94,134.35,141.5
5891,2021-02-17 13:26:00,138.55,138.55,138.55,138.55,75,6600,138.94,134.35,141.5
5892,2021-02-17 13:27:00,138.55,138.55,138.55,138.55,75,6600,138.94,134.35,141.5
5893,2021-02-17 13:28:00,140.5,140.5,140.5,140.5,75,6600,139.02,134.35,143.2
5894,2021-02-17 13:29:00,140.5,140.5,140.5,140.5,75,6600,139.02,134.35,143.2
5895,2021-02-17 13:30:00,140.5,140.5,140.5,140.5,75,6600,139.02,134.35,143.2
5896,2021-02-17 13:31:00,140.5,140.5,140.5,140.5,75,6600,139.02,134.35,143.2
5897,2021-02-17 13:32:00,140.5,140.5,140.5,140.5,75,6600,139.02,134.35,143.2
5898,2021-02-17 13:33:00,140.5,140.5,140.5,140.5,75,6600,139.02,134.35,143.2
5899,2021-02-17 13:34:00,143.1,143.1,143.1,143.1,75,6600,139.2,137.2,155.0
5900,2021-02-17 13:35:00,143.1,143.1,143.1,143.1,75,6600,139.2,137.2,155.0
5901,2021-02-17 13:36:00,143.1,143.1,143.1,143.1,75,6600,139.2,137.2,155.0
5902,2021-02-17 13:37:00,143.1,143.1,143.1,143.1,75,6600,139.2,137.2,155.0
5903,2021-02-17 13:38:00,149.45,149.45,149.45,149.45,75,6600,139.65,144.3,152.45
5904,2021-02-17 13:39:00,149.45,149.45,149.45,149.45,75,6600,139.65,144.3,152.45
5905,2021-02-17 13:40:00,149.45,149.45,149.45,149.45,75,6600,139.65,144.3,152.45
5906,2021-02-17 13:41:00,149.45,149.45,149.45,149.45,75,6600,139.65,144.3,152.45
5907,2021-02-17 13:42:00,149.45,149.45,149.45,149.45,75,6600,139.65,144.3,152.45
5908,2021-02-17 13:43:00,149.45,149.45,149.45,149.45,75,6600,139.65,144.3,152.45
5909,2021-02-17 13:44:00,149.45,149.45,149.45,149.45,75,6600,139.65,144.3,152.45
5910,2021-02-17 13:45:00,149.45,149.45,149.45,149.45,75,6600,139.65,144.3,152.45
5911,2021-02-17 13:46:00,149.45,149.45,149.45,149.45,75,6600,139.65,144.3,152.45
5912,2021-02-17 13:47:00,149.45,149.45,149.45,149.45,75,6600,139.65,144.3,152.45
5913,2021-02-17 13:48:00,149.45,149.45,149.45,149.45,75,6600,139.65,144.3,152.45
5914,2021-02-17 13:49:00,149.45,149.45,149.45,149.45,75,6600,139.65,144.3,152.45
5915,2021-02-17 13:50:00,149.45,149.45,149.45,149.45,75,6600,139.65,144.3,152.45
5916,2021-02-17 13:51:00,149.45,149.45,149.45,149.45,75,6600,139.65,144.3,152.45
5917,2021-02-17 13:52:00,124.9,124.9,124.9,124.9,150,6600,139.14,138.2,146.2
5918,2021-02-17 13:53:00,124.9,124.9,124.9,124.9,150,6600,139.14,138.2,146.2
5919,2021-02-17 13:54:00,144.0,144.0,144.0,144.0,75,6600,139.33,138.7,148.2
5920,2021-02-17 13:55:00,144.0,144.0,144.0,144.0,75,6600,139.33,138.7,148.2
5921,2021-02-17 13:56:00,144.0,144.0,144.0,144.0,75,6600,139.33,138.7,148.2
5922,2021-02-17 13:57:00,144.0,144.0,144.0,144.0,75,6600,139.33,138.7,148.2
5923,2021-02-17 13:58:00,144.0,144.0,144.0,144.0,75,6600,139.33,138.7,148.2
5924,2021-02-17 13:59:00,144.0,144.0,144.0,144.0,75,6600,139.33,138.7,148.2
5925,2021-02-17 14:00:00,144.0,144.0,144.0,144.0,75,6600,139.33,138.7,148.2
5926,2021-02-17 14:01:00,144.0,144.0,144.0,144.0,75,6600,139.33,138.7,148.2
5927,2021-02-17 14:02:00,144.0,144.0,144.0,144.0,75,6600,139.33,138.7,148.2
5928,2021-02-17 14:03:00,144.0,144.0,144.0,144.0,75,6600,139.33,138.7,148.2
5929,2021-02-17 14:04:00,144.0,144.0,144.0,144.0,75,6600,139.33,138.7,148.2
5930,2021-02-17 14:05:00,144.0,144.0,144.0,144.0,75,6600,139.33,138.7,148.2
5931,2021-02-17 14:06:00,144.0,144.0,144.0,144.0,75,6600,139.33,138.7,148.2
5932,2021-02-17 14:07:00,144.0,144.0,144.0,144.0,75,6600,139.33,138.7,148.2
5933,2021-02-17 14:08:00,144.0,144.0,144.0,144.0,75,6600,139.33,138.7,148.2
5934,2021-02-17 14:09:00,144.0,144.0,144.0,144.0,75,6600,139.33,138.7,148.2
5935,2021-02-17 14:10:00,144.0,144.0,144.0,144.0,75,6600,139.33,138.7,148.2
5936,2021-02-17 14:11:00,144.0,144.0,144.0,144.0,75,6600,139.33,138.7,148.2
5937,2021-02-17 14:12:00,144.0,144.0,144.0,144.0,75,6600,139.33,138.7,148.2
5938,2021-02-17 14:13:00,138.85,138.85,138.85,138.85,75,6525,139.31,134.0,142.4
5939,2021-02-17 14:14:00,138.85,138.85,138.85,138.85,75,6525,139.31,134.0,142.4
5940,2021-02-17 14:15:00,138.85,138.85,138.85,138.85,75,6525,139.31,134.0,142.4
5941,2021-02-17 14:16:00,138.85,138.85,138.85,138.85,75,6525,139.31,134.0,142.4
5942,2021-02-17 14:17:00,138.85,138.85,138.85,138.85,75,6525,139.31,134.0,142.4
5943,2021-02-17 14:18:00,138.85,138.85,138.85,138.85,75,6525,139.31,134.0,142.4
5944,2021-02-17 14:19:00,138.85,138.85,138.85,138.85,75,6525,139.31,134.0,142.4
5945,2021-02-17 14:20:00,138.85,138.85,138.85,138.85,75,6525,139.31,134.0,142.4
5946,2021-02-17 14:21:00,138.85,138.85,138.85,138.85,75,6525,139.31,134.0,142.4
5947,2021-02-17 14:22:00,138.85,138.85,138.85,138.85,75,6525,139.31,134.0,142.4
5948,2021-02-17 14:23:00,138.85,138.85,138.85,138.85,75,6525,139.31,134.0,142.4
5949,2021-02-17 14:24:00,138.85,138.85,138.85,138.85,75,6525,139.31,134.0,142.4
5950,2021-02-17 14:25:00,138.85,138.85,138.85,138.85,75,6525,139.31,134.0,142.4
5951,2021-02-17 14:26:00,138.85,138.85,138.85,138.85,75,6525,139.31,134.0,142.4
5952,2021-02-17 14:27:00,139.15,139.15,139.15,139.15,75,6450,139.3,133.45,142.25
5953,2021-02-17 14:28:00,139.15,139.15,139.15,139.15,75,6450,139.3,133.45,142.25
5954,2021-02-17 14:29:00,139.15,139.15,139.15,139.15,75,6450,139.3,133.45,142.25
5955,2021-02-17 14:30:00,139.15,139.15,139.15,139.15,75,6450,139.3,133.45,142.25
5956,2021-02-17 14:31:00,139.15,139.15,139.15,139.15,75,6450,139.3,133.45,142.25
5957,2021-02-17 14:32:00,139.15,139.15,139.15,139.15,75,6450,139.3,133.45,142.25
5958,2021-02-17 14:33:00,139.15,139.15,139.15,139.15,75,6450,139.3,133.45,142.25
5959,2021-02-17 14:34:00,139.15,139.15,139.15,139.15,75,6450,139.3,133.45,142.25
5960,2021-02-17 14:35:00,139.15,139.15,139.15,139.15,75,6450,139.3,133.45,142.25
5961,2021-02-17 14:36:00,139.15,139.15,139.15,139.15,75,6450,139.3,133.45,142.25
5962,2021-02-17 14:37:00,139.15,139.15,139.15,139.15,75,6450,139.3,133.45,142.25
5963,2021-02-17 14:38:00,139.15,139.15,139.15,139.15,75,6450,139.3,133.45,142.25
5964,2021-02-17 14:39:00,139.15,139.15,139.15,139.15,75,6450,139.3,133.45,142.25
5965,2021-02-17 14:40:00,144.6,144.6,144.6,144.6,75,6375,139.48,139.0,146.95
5966,2021-02-17 14:41:00,144.6,144.6,144.6,144.6,75,6375,139.48,139.0,146.95
5967,2021-02-17 14:42:00,144.6,144.6,144.6,144.6,75,6375,139.48,139.0,146.95
5968,2021-02-17 14:43:00,144.6,144.6,144.6,144.6,75,6375,139.48,139.0,146.95
5969,2021-02-17 14:44:00,144.6,144.6,144.6,144.6,75,6375,139.48,139.0,146.95
5970,2021-02-17 14:45:00,144.6,144.6,144.6,144.6,75,6375,139.48,139.0,146.95
5971,2021-02-17 14:46:00,144.6,144.6,144.6,144.6,75,6375,139.48,139.0,146.95
5972,2021-02-17 14:47:00,144.6,144.6,144.6,144.6,75,6375,139.48,139.0,146.95
5973,2021-02-17 14:48:00,144.6,144.6,144.6,144.6,75,6375,139.48,139.0,146.95
5974,2021-02-17 14:49:00,143.4,143.4,143.4,143.4,75,6375,139.62,137.2,146.5
5975,2021-02-17 14:50:00,143.4,143.4,143.4,143.4,75,6375,139.62,137.2,146.5
5976,2021-02-17 14:51:00,143.4,143.4,143.4,143.4,75,6375,139.62,137.2,146.5
5977,2021-02-17 14:52:00,143.4,143.4,143.4,143.4,75,6375,139.62,137.2,146.5
5978,2021-02-17 14:53:00,143.4,143.4,143.4,143.4,75,6375,139.62,137.2,146.5
5979,2021-02-17 14:54:00,143.4,143.4,143.4,143.4,75,6375,139.62,137.2,146.5
5980,2021-02-17 14:55:00,143.4,143.4,143.4,143.4,75,6375,139.62,137.2,146.5
5981,2021-02-17 14:56:00,144.1,144.1,144.1,144.1,75,6300,139.76,138.7,150.65
5982,2021-02-17 14:57:00,144.1,144.1,144.1,144.1,75,6300,139.76,138.7,150.65
5983,2021-02-17 14:58:00,144.1,144.1,144.1,144.1,75,6300,139.76,138.7,150.65
5984,2021-02-17 14:59:00,144.1,144.1,144.1,144.1,75,6300,139.76,138.7,150.65
5985,2021-02-17 15:00:00,144.1,144.1,144.1,144.1,75,6300,139.76,138.7,150.65
5986,2021-02-17 15:01:00,144.1,144.1,144.1,144.1,75,6300,139.76,138.7,150.65
5987,2021-02-17 15:02:00,144.15,144.15,144.15,144.15,75,6300,139.9,138.7,147.75
5988,2021-02-17 15:03:00,144.15,144.15,144.15,144.15,75,6300,139.9,138.7,147.75
5989,2021-02-17 15:04:00,144.15,144.15,144.15,144.15,75,6300,139.9,138.7,147.75
5990,2021-02-17 15:05:00,144.15,144.15,144.15,144.15,75,6300,139.9,138.7,147.75
5991,2021-02-17 15:06:00,144.15,144.15,144.15,144.15,75,6300,139.9,138.7,147.75
5992,2021-02-17 15:07:00,144.15,144.15,144.15,144.15,75,6300,139.9,138.7,147.75
5993,2021-02-17 15:08:00,145.25,145.25,145.25,145.25,75,6300,140.06,138.9,148.25
5994,2021-02-17 15:09:00,145.25,145.25,145.25,145.25,75,6300,140.06,138.9,148.25
5995,2021-02-17 15:10:00,145.25,145.25,145.25,145.25,75,6300,140.06,138.9,148.25
5996,2021-02-17 15:11:00,145.25,145.25,145.25,145.25,75,6300,140.06,138.9,148.25
5997,2021-02-17 15:12:00,145.25,145.25,145.25,145.25,75,6300,140.06,138.9,148.25
5998,2021-02-17 15:13:00,145.25,145.25,145.25,145.25,75,6300,140.06,138.9,148.25
5999,2021-02-17 15:14:00,145.25,145.25,145.25,145.25,75,6300,140.06,138.9,148.25
6000,2021-02-17 15:15:00,145.25,145.25,145.25,145.25,75,6300,140.06,138.9,148.25
6001,2021-02-17 15:16:00,145.25,145.25,145.25,145.25,75,6300,140.06,138.9,148.25
6002,2021-02-17 15:17:00,145.25,145.25,145.25,145.25,75,6300,140.06,138.9,148.25
6003,2021-02-17 15:18:00,145.25,145.25,145.25,145.25,75,6300,140.06,138.9,148.25
6004,2021-02-17 15:19:00,145.25,145.25,145.25,145.25,75,6300,140.06,138.9,148.25
6005,2021-02-17 15:20:00,145.25,145.25,145.25,145.25,75,6300,140.06,138.9,148.25
6006,2021-02-17 15:21:00,145.25,145.25,145.25,145.25,75,6300,140.06,138.9,148.25
6007,2021-02-17 15:22:00,145.25,145.25,145.25,145.25,75,6300,140.06,138.9,148.25
6008,2021-02-17 15:23:00,145.25,145.25,145.25,145.25,75,6300,140.06,138.9,148.25
6009,2021-02-17 15:24:00,145.25,145.25,145.25,145.25,75,6300,140.06,138.9,148.25
6010,2021-02-17 15:25:00,145.25,145.25,145.25,145.25,75,6300,140.06,138.9,148.25
6011,2021-02-17 15:26:00,145.25,145.25,145.25,145.25,75,6300,140.06,138.9,148.25
6012,2021-02-17 15:27:00,145.25,145.25,145.25,145.25,75,6300,140.06,138.9,148.25
6013,2021-02-17 15:28:00,145.25,145.25,145.25,145.25,75,6300,140.06,138.9,148.25
6014,2021-02-17 15:29:00,145.25,145.25,145.25,145.25,75,6300,140.06,138.9,148.25
6015,2021-02-17 15:30:00,145.25,145.25,145.25,145.25,75,6300,140.06,138.9,148.25
6016,2021-02-18 09:15:00,145.25,145.25,145.25,145.25,75,6300,140.06,138.9,148.25
6017,2021-02-18 09:16:00,145.25,145.25,145.25,145.25,75,6300,140.06,138.9,148.25
6018,2021-02-18 09:17:00,145.25,145.25,145.25,145.25,75,6300,140.06,138.9,148.25
6019,2021-02-18 09:18:00,145.25,145.25,145.25,145.25,75,6300,140.06,138.9,148.25
6020,2021-02-18 09:19:00,145.25,145.25,145.25,145.25,75,6300,140.06,138.9,148.25
6021,2021-02-18 09:20:00,145.25,145.25,145.25,145.25,75,6300,140.06,138.9,148.25
6022,2021-02-18 09:21:00,145.25,145.25,145.25,145.25,75,6300,140.06,138.9,148.25
6023,2021-02-18 09:22:00,145.25,145.25,145.25,145.25,75,6300,140.06,138.9,148.25
6024,2021-02-18 09:23:00,145.25,145.25,145.25,145.25,75,6300,140.06,138.9,148.25
6025,2021-02-18 09:24:00,134.4,134.4,134.4,134.4,75,6225,134.4,126.85,144.35
6026,2021-02-18 09:25:00,134.4,134.4,134.4,134.4,75,6225,134.4,126.85,144.35
6027,2021-02-18 09:26:00,134.4,134.4,134.4,134.4,75,6225,134.4,126.85,144.35
6028,2021-02-18 09:27:00,134.4,134.4,134.4,134.4,75,6225,134.4,126.85,144.35
6029,2021-02-18 09:28:00,134.4,134.4,134.4,134.4,75,6225,134.4,126.85,144.35
6030,2021-02-18 09:29:00,134.4,134.4,134.4,134.4,75,6225,134.4,126.85,144.35
6031,2021-02-18 09:30:00,134.4,134.4,134.4,134.4,75,6225,134.4,126.85,144.35
6032,2021-02-18 09:31:00,134.4,134.4,134.4,134.4,75,6225,134.4,126.85,144.35
6033,2021-02-18 09:32:00,134.4,134.4,134.4,134.4,75,6225,134.4,126.85,144.35
6034,2021-02-18 09:33:00,134.4,134.4,134.4,134.4,75,6225,134.4,126.85,144.35
6035,2021-02-18 09:34:00,134.4,134.4,134.4,134.4,75,6225,134.4,126.85,144.35
6036,2021-02-18 09:35:00,134.4,134.4,134.4,134.4,75,6225,134.4,126.85,144.35
6037,2021-02-18 09:36:00,134.4,134.4,134.4,134.4,75,6225,134.4,126.85,144.35
6038,2021-02-18 09:37:00,134.4,134.4,134.4,134.4,75,6225,134.4,126.85,144.35
6039,2021-02-18 09:38:00,134.4,134.4,134.4,134.4,75,6225,134.4,126.85,144.35
6040,2021-02-18 09:39:00,140.0,140.0,140.0,140.0,75,6150,137.2,134.9,141.65
6041,2021-02-18 09:40:00,140.0,140.0,140.0,140.0,75,6150,137.2,134.9,141.65
6042,2021-02-18 09:41:00,140.0,140.0,140.0,140.0,75,6150,137.2,134.9,141.65
6043,2021-02-18 09:42:00,140.0,140.0,140.0,140.0,75,6150,137.2,134.9,141.65
6044,2021-02-18 09:43:00,140.0,140.0,140.0,140.0,75,6150,137.2,134.9,141.65
6045,2021-02-18 09:44:00,140.0,140.0,140.0,140.0,75,6150,137.2,134.9,141.65
6046,2021-02-18 09:45:00,140.0,140.0,140.0,140.0,75,6150,137.2,134.9,141.65
6047,2021-02-18 09:46:00,140.0,140.0,140.0,140.0,75,6150,137.2,134.9,141.65
6048,2021-02-18 09:47:00,140.0,140.0,140.0,140.0,75,6150,137.2,134.9,141.65
6049,2021-02-18 09:48:00,140.0,140.0,140.0,140.0,75,6150,137.2,134.9,141.65
6050,2021-02-18 09:49:00,140.0,140.0,140.0,140.0,75,6150,137.2,134.9,141.65
6051,2021-02-18 09:50:00,140.0,140.0,140.0,140.0,75,6150,137.2,134.9,141.65
6052,2021-02-18 09:51:00,140.0,140.0,140.0,140.0,75,6150,137.2,134.9,141.65
6053,2021-02-18 09:52:00,140.0,140.0,140.0,140.0,75,6150,137.2,134.9,141.65
6054,2021-02-18 09:53:00,140.0,140.0,140.0,140.0,75,6150,137.2,134.9,141.65
6055,2021-02-18 09:54:00,140.0,140.0,140.0,140.0,75,6150,138.13,134.9,141.75
6056,2021-02-18 09:55:00,140.0,140.0,140.0,140.0,75,6150,138.6,134.9,141.15
6057,2021-02-18 09:56:00,140.0,140.0,140.0,140.0,75,6150,138.6,134.9,141.15
6058,2021-02-18 09:57:00,140.0,140.0,140.0,140.0,75,6150,138.6,134.9,141.15
6059,2021-02-18 09:58:00,140.0,140.0,140.0,140.0,75,6150,138.6,134.9,141.15
6060,2021-02-18 09:59:00,140.0,140.0,140.0,140.0,75,6150,138.6,134.9,141.15
6061,2021-02-18 10:00:00,140.0,140.0,140.0,140.0,75,6150,138.6,134.9,141.15
6062,2021-02-18 10:01:00,140.0,140.0,140.0,140.0,75,6150,138.6,134.9,141.15
6063,2021-02-18 10:02:00,140.0,140.0,140.0,140.0,75,6150,138.6,134.9,141.15
6064,2021-02-18 10:03:00,140.0,140.0,140.0,140.0,75,6150,138.6,134.9,141.15
6065,2021-02-18 10:04:00,140.0,140.0,140.0,140.0,75,6150,138.6,134.9,141.15
6066,2021-02-18 10:05:00,140.0,140.0,140.0,140.0,75,6150,138.6,134.9,141.15
6067,2021-02-18 10:06:00,140.0,140.0,140.0,140.0,75,6150,138.6,134.9,141.15
6068,2021-02-18 10:07:00,140.0,140.0,140.0,140.0,75,6150,138.6,134.9,141.15
6069,2021-02-18 10:08:00,140.0,140.0,140.0,140.0,75,6150,138.6,134.9,141.15
6070,2021-02-18 10:09:00,140.0,140.0,140.0,140.0,75,6150,138.6,134.9,141.15
6071,2021-02-18 10:10:00,140.0,140.0,140.0,140.0,75,6150,138.6,134.9,141.15
6072,2021-02-18 10:11:00,140.0,140.0,140.0,140.0,75,6150,138.6,134.9,141.15
6073,2021-02-18 10:12:00,140.0,140.0,140.0,140.0,75,6150,138.6,134.9,141.15
6074,2021-02-18 10:13:00,140.0,140.0,140.0,140.0,75,6150,138.6,134.9,141.15
6075,2021-02-18 10:14:00,140.0,140.0,140.0,140.0,75,6150,138.6,134.9,141.15
6076,2021-02-18 10:15:00,140.0,140.0,140.0,140.0,75,6150,138.6,134.9,141.15
6077,2021-02-18 10:16:00,140.0,140.0,140.0,140.0,75,6150,138.6,134.9,141.15
6078,2021-02-18 10:17:00,140.0,140.0,140.0,140.0,75,6150,138.6,134.9,141.15
6079,2021-02-18 10:18:00,140.0,140.0,140.0,140.0,75,6150,138.6,134.9,141.15
6080,2021-02-18 10:19:00,140.0,140.0,140.0,140.0,75,6150,138.6,134.9,141.15
6081,2021-02-18 10:20:00,140.0,140.0,140.0,140.0,75,6150,138.6,134.9,141.15
6082,2021-02-18 10:21:00,140.0,140.0,140.0,140.0,75,6150,138.6,134.9,141.15
6083,2021-02-18 10:22:00,140.0,140.0,140.0,140.0,75,6150,138.6,134.9,141.15
6084,2021-02-18 10:23:00,140.0,140.0,140.0,140.0,75,6150,138.6,134.9,141.15
6085,2021-02-18 10:24:00,140.0,140.0,140.0,140.0,75,6150,138.6,134.9,141.15
6086,2021-02-18 10:25:00,140.0,140.0,140.0,140.0,75,6150,138.6,134.9,141.15
6087,2021-02-18 10:26:00,140.0,140.0,140.0,140.0,75,6150,138.6,134.9,141.15
6088,2021-02-18 10:27:00,140.0,140.0,140.0,140.0,75,6150,138.6,134.9,141.15
6089,2021-02-18 10:28:00,140.0,140.0,140.0,140.0,75,6150,138.6,134.9,141.15
6090,2021-02-18 10:29:00,140.0,140.0,140.0,140.0,75,6150,138.6,134.9,141.15
6091,2021-02-18 10:30:00,140.0,140.0,140.0,140.0,75,6150,138.6,134.9,141.15
6092,2021-02-18 10:31:00,140.0,140.0,140.0,140.0,75,6150,138.6,134.9,141.15
6093,2021-02-18 10:32:00,140.0,140.0,140.0,140.0,75,6150,138.6,134.9,141.15
6094,2021-02-18 10:33:00,140.0,140.0,140.0,140.0,75,6150,138.6,134.9,141.15
6095,2021-02-18 10:34:00,140.0,140.0,140.0,140.0,75,6150,138.6,134.9,141.15
6096,2021-02-18 10:35:00,140.0,140.0,140.0,140.0,75,6150,138.6,134.9,141.15
6097,2021-02-18 10:36:00,140.0,140.0,140.0,140.0,75,6150,138.6,134.9,141.15
6098,2021-02-18 10:37:00,140.0,140.0,140.0,140.0,75,6150,138.6,134.9,141.15
6099,2021-02-18 10:38:00,140.0,140.0,140.0,140.0,75,6150,138.6,134.9,141.15
6100,2021-02-18 10:39:00,140.0,140.0,140.0,140.0,75,6150,138.6,134.9,141.15
6101,2021-02-18 10:40:00,140.0,140.0,140.0,140.0,75,6150,138.6,134.9,141.15
6102,2021-02-18 10:41:00,140.0,140.0,140.0,140.0,75,6150,138.6,134.9,141.15
6103,2021-02-18 10:42:00,140.0,140.0,140.0,140.0,75,6150,138.6,134.9,141.15
6104,2021-02-18 10:43:00,140.0,140.0,140.0,140.0,75,6150,138.6,134.9,141.15
6105,2021-02-18 10:44:00,140.0,140.0,140.0,140.0,75,6150,138.6,134.9,141.15
6106,2021-02-18 10:45:00,140.0,140.0,140.0,140.0,75,6150,138.6,134.9,141.15
6107,2021-02-18 10:46:00,135.5,135.5,135.5,135.5,75,6075,137.98,130.8,141.25
6108,2021-02-18 10:47:00,135.5,135.5,135.5,135.5,75,6075,137.98,130.8,141.25
6109,2021-02-18 10:48:00,135.5,135.5,135.5,135.5,75,6075,137.98,130.8,141.25
6110,2021-02-18 10:49:00,135.5,135.5,135.5,135.5,75,6075,137.98,130.8,141.25
6111,2021-02-18 10:50:00,135.5,135.5,135.5,135.5,75,6075,137.98,130.8,141.25
6112,2021-02-18 10:51:00,135.5,135.5,135.5,135.5,75,6075,137.98,130.8,141.25
6113,2021-02-18 10:52:00,135.5,135.5,135.5,135.5,75,6075,137.98,130.8,141.25
6114,2021-02-18 10:53:00,135.5,135.5,135.5,135.5,75,6075,137.98,130.8,141.25
6115,2021-02-18 10:54:00,135.5,135.5,135.5,135.5,75,6075,137.98,130.8,141.25
6116,2021-02-18 10:55:00,135.5,135.5,135.5,135.5,75,6075,137.98,130.8,141.25
6117,2021-02-18 10:56:00,135.5,135.5,135.5,135.5,75,6075,137.98,130.8,141.25
6118,2021-02-18 10:57:00,135.5,135.5,135.5,135.5,75,6075,137.98,130.8,141.25
6119,2021-02-18 10:58:00,135.5,135.5,135.5,135.5,75,6075,137.98,130.8,141.25
6120,2021-02-18 10:59:00,135.5,135.5,135.5,135.5,75,6075,137.98,130.8,141.25
6121,2021-02-18 11:00:00,135.5,135.5,135.5,135.5,75,6075,137.98,130.8,141.25
6122,2021-02-18 11:01:00,135.5,135.5,135.5,135.5,75,6075,137.98,130.8,141.25
6123,2021-02-18 11:02:00,135.5,135.5,135.5,135.5,75,6075,137.98,130.8,141.25
6124,2021-02-18 11:03:00,135.5,135.5,135.5,135.5,75,6075,137.98,130.8,141.25
6125,2021-02-18 11:04:00,135.5,135.5,135.5,135.5,75,6075,137.98,130.8,141.25
6126,2021-02-18 11:05:00,135.5,135.5,135.5,135.5,75,6075,137.98,130.8,141.25
6127,2021-02-18 11:06:00,135.5,135.5,135.5,135.5,75,6075,137.98,130.8,141.25
6128,2021-02-18 11:07:00,135.5,135.5,135.5,135.5,75,6075,137.98,130.8,141.25
6129,2021-02-18 11:08:00,135.5,135.5,135.5,135.5,75,6075,137.98,130.8,141.25
6130,2021-02-18 11:09:00,135.5,135.5,135.5,135.5,75,6075,137.98,130.8,141.25
6131,2021-02-18 11:10:00,135.5,135.5,135.5,135.5,75,6075,137.98,130.8,141.25
6132,2021-02-18 11:11:00,135.5,135.5,135.5,135.5,75,6075,137.98,130.8,141.25
6133,2021-02-18 11:12:00,135.5,135.5,135.5,135.5,75,6075,137.98,130.8,141.25
6134,2021-02-18 11:13:00,135.5,135.5,135.5,135.5,75,6075,137.98,130.8,141.25
6135,2021-02-18 11:14:00,135.5,135.5,135.5,135.5,75,6075,137.98,130.8,141.25
6136,2021-02-18 11:15:00,135.5,135.5,135.5,135.5,75,6075,137.98,130.8,141.25
6137,2021-02-18 11:16:00,135.5,135.5,135.5,135.5,75,6075,137.98,130.8,141.25
6138,2021-02-18 11:17:00,135.5,135.5,135.5,135.5,75,6075,137.98,130.8,141.25
6139,2021-02-18 11:18:00,135.5,135.5,135.5,135.5,75,6075,137.98,130.8,141.25
6140,2021-02-18 11:19:00,135.5,135.5,135.5,135.5,75,6075,137.98,130.8,141.25
6141,2021-02-18 11:20:00,135.5,135.5,135.5,135.5,75,6075,137.98,130.8,141.25
6142,2021-02-18 11:21:00,135.5,135.5,135.5,135.5,75,6075,137.98,130.8,141.25
6143,2021-02-18 11:22:00,135.5,135.5,135.5,135.5,75,6075,137.98,130.8,141.25
6144,2021-02-18 11:23:00,135.5,135.5,135.5,135.5,75,6075,137.98,130.8,141.25
6145,2021-02-18 11:24:00,135.5,135.5,135.5,135.5,75,6075,137.98,130.8,141.25
6146,2021-02-18 11:25:00,135.5,135.5,135.5,135.5,75,6075,137.98,130.8,141.25
6147,2021-02-18 11:26:00,135.5,135.5,135.5,135.5,75,6075,137.98,130.8,141.25
6148,2021-02-18 11:27:00,135.5,135.5,135.5,135.5,75,6075,137.98,130.8,141.25
6149,2021-02-18 11:28:00,135.5,135.5,135.5,135.5,75,6075,137.98,130.8,141.25
6150,2021-02-18 11:29:00,135.5,135.5,135.5,135.5,75,6075,137.98,130.8,141.25
6151,2021-02-18 11:30:00,135.5,135.5,135.5,135.5,75,6075,137.98,130.8,141.25
6152,2021-02-18 11:31:00,135.5,135.5,135.5,135.5,75,6075,137.98,130.8,141.25
6153,2021-02-18 11:32:00,135.5,135.5,135.5,135.5,75,6075,137.98,130.8,141.25
6154,2021-02-18 11:33:00,135.5,135.5,135.5,135.5,75,6075,137.98,130.8,141.25
6155,2021-02-18 11:34:00,135.5,135.5,135.5,135.5,75,6075,137.98,130.8,141.25
6156,2021-02-18 11:35:00,145.1,145.1,145.1,145.1,75,6075,139.16,136.6,155.0
6157,2021-02-18 11:36:00,145.1,145.1,145.1,145.1,75,6075,139.16,136.6,155.0
6158,2021-02-18 11:37:00,145.1,145.1,145.1,145.1,75,6075,139.16,136.6,155.0
6159,2021-02-18 11:38:00,145.1,145.1,145.1,145.1,75,6075,139.16,136.6,155.0
6160,2021-02-18 11:39:00,145.1,145.1,145.1,145.1,75,6075,139.16,136.6,155.0
6161,2021-02-18 11:40:00,145.1,145.1,145.1,145.1,75,6075,139.16,136.6,155.0
6162,2021-02-18 11:41:00,145.1,145.1,145.1,145.1,75,6075,139.16,136.6,155.0
6163,2021-02-18 11:42:00,145.1,145.1,145.1,145.1,75,6075,139.16,136.6,155.0
6164,2021-02-18 11:43:00,145.1,145.1,145.1,145.1,75,6075,139.16,136.6,155.0
6165,2021-02-18 11:44:00,145.1,145.1,145.1,145.1,75,6075,139.16,136.6,155.0
6166,2021-02-18 11:45:00,145.1,145.1,145.1,145.1,75,6075,139.16,136.6,155.0
6167,2021-02-18 11:46:00,145.1,145.1,145.1,145.1,75,6075,139.16,136.6,155.0
6168,2021-02-18 11:47:00,145.1,145.1,145.1,145.1,75,6075,139.16,136.6,155.0
6169,2021-02-18 11:48:00,145.1,145.1,145.1,145.1,75,6075,139.16,136.6,155.0
6170,2021-02-18 11:49:00,145.1,145.1,145.1,145.1,75,6075,139.16,136.6,155.0
6171,2021-02-18 11:50:00,145.1,145.1,145.1,145.1,75,6075,139.16,136.6,155.0
6172,2021-02-18 11:51:00,145.1,145.1,145.1,145.1,75,6075,139.16,136.6,155.0
6173,2021-02-18 11:52:00,145.1,145.1,145.1,145.1,75,6075,139.16,136.6,155.0
6174,2021-02-18 11:53:00,145.1,145.1,145.1,145.1,75,6075,139.16,136.6,155.0
6175,2021-02-18 11:54:00,145.1,145.1,145.1,145.1,75,6075,139.16,136.6,155.0
6176,2021-02-18 11:55:00,145.1,145.1,145.1,145.1,75,6075,139.16,136.6,155.0
6177,2021-02-18 11:56:00,145.1,145.1,145.1,145.1,75,6075,139.16,136.6,155.0
6178,2021-02-18 11:57:00,145.1,145.1,145.1,145.1,75,6075,139.16,136.6,155.0
6179,2021-02-18 11:58:00,145.1,145.1,145.1,145.1,75,6075,139.16,136.6,155.0
6180,2021-02-18 11:59:00,145.1,145.1,145.1,145.1,75,6075,139.16,136.6,155.0
6181,2021-02-18 12:00:00,145.1,145.1,145.1,145.1,75,6075,139.16,136.6,155.0
6182,2021-02-18 12:01:00,145.1,145.1,145.1,145.1,75,6075,139.16,136.6,155.0
6183,2021-02-18 12:02:00,145.1,145.1,145.1,145.1,75,6075,139.16,136.6,155.0
6184,2021-02-18 12:03:00,145.1,145.1,145.1,145.1,75,6075,139.16,136.6,155.0
6185,2021-02-18 12:04:00,145.1,145.1,145.1,145.1,75,6075,139.16,136.6,155.0
6186,2021-02-18 12:05:00,145.1,145.1,145.1,145.1,75,6075,139.16,136.6,155.0
6187,2021-02-18 12:06:00,145.1,145.1,145.1,145.1,75,6075,139.16,136.6,155.0
6188,2021-02-18 12:07:00,145.1,145.1,145.1,145.1,75,6075,139.16,136.6,155.0
6189,2021-02-18 12:08:00,145.1,145.1,145.1,145.1,75,6075,139.16,136.6,155.0
6190,2021-02-18 12:09:00,145.1,145.1,145.1,145.1,75,6075,139.16,136.6,155.0
6191,2021-02-18 12:10:00,145.1,145.1,145.1,145.1,75,6075,139.16,136.6,155.0
6192,2021-02-18 12:11:00,145.1,145.1,145.1,145.1,75,6075,139.16,136.6,155.0
6193,2021-02-18 12:12:00,145.1,145.1,145.1,145.1,75,6075,139.16,136.6,155.0
6194,2021-02-18 12:13:00,145.1,145.1,145.1,145.1,75,6075,139.16,136.6,155.0
6195,2021-02-18 12:14:00,145.1,145.1,145.1,145.1,75,6075,139.16,136.6,155.0
6196,2021-02-18 12:15:00,145.1,145.1,145.1,145.1,75,6075,139.16,136.6,155.0
6197,2021-02-18 12:16:00,145.1,145.1,145.1,145.1,75,6075,139.16,136.6,155.0
6198,2021-02-18 12:17:00,145.1,145.1,145.1,145.1,75,6075,139.16,136.6,155.0
6199,2021-02-18 12:18:00,151.15,151.15,151.15,151.15,75,6075,140.87,143.15,167.05
6200,2021-02-18 12:19:00,151.15,151.15,151.15,151.15,75,6075,140.87,143.15,167.05
6201,2021-02-18 12:20:00,151.15,151.15,151.15,151.15,75,6075,140.87,143.15,167.05
6202,2021-02-18 12:21:00,151.15,151.15,151.15,151.15,75,6075,140.87,143.15,167.05
6203,2021-02-18 12:22:00,151.15,151.15,151.15,151.15,75,6075,140.87,143.15,167.05
6204,2021-02-18 12:23:00,151.15,151.15,151.15,151.15,75,6075,140.87,143.15,167.05
6205,2021-02-18 12:24:00,160.85,160.85,160.85,160.85,75,6075,143.37,154.15,165.2
6206,2021-02-18 12:25:00,160.85,160.85,160.85,160.85,75,6075,143.37,154.15,165.2
6207,2021-02-18 12:26:00,160.85,160.85,160.85,160.85,75,6075,143.37,154.15,165.2
6208,2021-02-18 12:27:00,160.85,160.85,160.85,160.85,75,6075,143.37,154.15,165.2
6209,2021-02-18 12:28:00,163.0,163.0,163.0,163.0,225,6150,148.72,154.95,163.3
6210,2021-02-18 12:29:00,163.0,163.0,163.0,163.0,225,6150,148.72,154.95,163.3
6211,2021-02-18 12:30:00,163.0,163.0,163.0,163.0,225,6150,148.72,154.95,163.3
6212,2021-02-18 12:31:00,163.0,163.0,163.0,163.0,225,6150,148.72,154.95,163.3
6213,2021-02-18 12:32:00,163.0,163.0,163.0,163.0,225,6150,148.72,154.95,163.3
6214,2021-02-18 12:33:00,163.0,163.0,163.0,163.0,225,6150,148.72,154.95,163.3
6215,2021-02-18 12:34:00,163.0,163.0,163.0,163.0,225,6150,148.72,154.95,163.3
6216,2021-02-18 12:35:00,163.0,163.0,163.0,163.0,225,6150,148.72,154.95,163.3
6217,2021-02-18 12:36:00,163.0,163.0,163.0,163.0,225,6150,148.72,154.95,163.3
6218,2021-02-18 12:37:00,163.0,163.0,163.0,163.0,225,6150,148.72,154.95,163.3
6219,2021-02-18 12:38:00,163.0,163.0,163.0,163.0,225,6150,148.72,154.95,163.3
6220,2021-02-18 12:39:00,163.0,163.0,163.0,163.0,225,6150,148.72,154.95,163.3
6221,2021-02-18 12:40:00,163.0,163.0,163.0,163.0,225,6150,148.72,154.95,163.3
6222,2021-02-18 12:41:00,163.0,163.0,163.0,163.0,225,6150,148.72,154.95,163.3
6223,2021-02-18 12:42:00,163.0,163.0,163.0,163.0,225,6150,148.72,154.95,163.3
6224,2021-02-18 12:43:00,163.0,163.0,163.0,163.0,225,6150,148.72,154.95,163.3
6225,2021-02-18 12:44:00,163.0,163.0,163.0,163.0,225,6150,148.72,154.95,163.3
6226,2021-02-18 12:45:00,163.0,163.0,163.0,163.0,225,6150,148.72,154.95,163.3
6227,2021-02-18 12:46:00,163.0,163.0,163.0,163.0,225,6150,148.72,154.95,163.3
6228,2021-02-18 12:47:00,163.0,163.0,163.0,163.0,225,6150,148.72,154.95,163.3
6229,2021-02-18 12:48:00,163.0,163.0,163.0,163.0,225,6150,148.72,154.95,163.3
6230,2021-02-18 12:49:00,163.0,163.0,163.0,163.0,225,6150,148.72,154.95,163.3
6231,2021-02-18 12:50:00,163.0,163.0,163.0,163.0,225,6150,148.72,154.95,163.3
6232,2021-02-18 12:51:00,163.0,163.0,163.0,163.0,225,6150,148.72,154.95,163.3
6233,2021-02-18 12:52:00,163.0,163.0,163.0,163.0,225,6150,148.72,154.95,163.3
6234,2021-02-18 12:53:00,163.0,163.0,163.0,163.0,225,6150,148.72,154.95,163.3
6235,2021-02-18 12:54:00,163.0,163.0,163.0,163.0,225,6150,148.72,154.95,163.3
6236,2021-02-18 12:55:00,163.0,163.0,163.0,163.0,225,6150,148.72,154.95,163.3
6237,2021-02-18 12:56:00,156.2,156.2,156.2,156.2,75,6300,149.35,149.4,159.8
6238,2021-02-18 12:57:00,156.2,156.2,156.2,156.2,75,6300,149.35,149.4,159.8
6239,2021-02-18 12:58:00,156.2,156.2,156.2,156.2,75,6300,149.35,149.4,159.8
6240,2021-02-18 12:59:00,156.2,156.2,156.2,156.2,75,6300,149.35,149.4,159.8
6241,2021-02-18 13:00:00,156.2,156.2,156.2,156.2,75,6300,149.35,149.4,159.8
6242,2021-02-18 13:01:00,156.2,156.2,156.2,156.2,75,6300,149.35,149.4,159.8
6243,2021-02-18 13:02:00,156.2,156.2,156.2,156.2,75,6300,149.35,149.4,159.8
6244,2021-02-18 13:03:00,156.2,156.2,156.2,156.2,75,6300,149.35,149.4,159.8
6245,2021-02-18 13:04:00,156.2,156.2,156.2,156.2,75,6300,149.35,149.4,159.8
6246,2021-02-18 13:05:00,156.2,156.2,156.2,156.2,75,6300,149.35,149.4,159.8
6247,2021-02-18 13:06:00,156.2,156.2,156.2,156.2,75,6300,149.35,149.4,159.8
6248,2021-02-18 13:07:00,156.2,156.2,156.2,156.2,75,6300,149.35,149.4,159.8
6249,2021-02-18 13:08:00,156.2,156.2,156.2,156.2,75,6300,149.35,149.4,159.8
6250,2021-02-18 13:09:00,156.2,156.2,156.2,156.2,75,6300,149.35,149.4,159.8
6251,2021-02-18 13:10:00,156.2,156.2,156.2,156.2,75,6300,149.35,149.4,159.8
6252,2021-02-18 13:11:00,156.2,156.2,156.2,156.2,75,6300,149.35,149.4,159.8
6253,2021-02-18 13:12:00,156.2,156.2,156.2,156.2,75,6300,149.35,149.4,159.8
6254,2021-02-18 13:13:00,156.2,156.2,156.2,156.2,75,6300,149.35,149.4,159.8
6255,2021-02-18 13:14:00,156.2,156.2,156.2,156.2,75,6300,149.35,149.4,159.8
6256,2021-02-18 13:15:00,156.2,156.2,156.2,156.2,75,6300,149.35,149.4,159.8
6257,2021-02-18 13:16:00,156.2,156.2,156.2,156.2,75,6300,149.35,149.4,159.8
6258,2021-02-18 13:17:00,156.2,156.2,156.2,156.2,75,6300,149.35,149.4,159.8
6259,2021-02-18 13:18:00,157.1,157.1,157.1,157.1,75,6375,149.94,151.0,162.35
6260,2021-02-18 13:19:00,157.1,157.1,157.1,157.1,75,6375,149.94,151.0,162.35
6261,2021-02-18 13:20:00,157.1,157.1,157.1,157.1,75,6375,149.94,151.0,162.35
6262,2021-02-18 13:21:00,157.1,157.1,157.1,157.1,75,6375,149.94,151.0,162.35
6263,2021-02-18 13:22:00,157.1,157.1,157.1,157.1,75,6375,149.94,151.0,162.35
6264,2021-02-18 13:23:00,157.1,157.1,157.1,157.1,75,6375,149.94,151.0,162.35
6265,2021-02-18 13:24:00,157.1,157.1,157.1,157.1,75,6375,149.94,151.0,162.35
6266,2021-02-18 13:25:00,157.1,157.1,157.1,157.1,75,6375,149.94,151.0,162.35
6267,2021-02-18 13:26:00,157.1,157.1,157.1,157.1,75,6375,149.94,151.0,162.35
6268,2021-02-18 13:27:00,157.1,157.1,157.1,157.1,75,6375,149.94,151.0,162.35
6269,2021-02-18 13:28:00,157.1,157.1,157.1,157.1,75,6375,149.94,151.0,162.35
6270,2021-02-18 13:29:00,162.05,162.05,162.05,162.05,75,6450,150.81,155.5,174.25
6271,2021-02-18 13:30:00,162.05,162.05,162.05,162.05,75,6450,150.81,155.5,174.25
6272,2021-02-18 13:31:00,162.05,162.05,162.05,162.05,75,6450,150.81,155.5,174.25
6273,2021-02-18 13:32:00,162.05,162.05,162.05,162.05,75,6450,150.81,155.5,174.25
6274,2021-02-18 13:33:00,162.05,162.05,162.05,162.05,75,6450,150.81,155.5,174.25
6275,2021-02-18 13:34:00,162.05,162.05,162.05,162.05,75,6450,150.81,155.5,174.25
6276,2021-02-18 13:35:00,162.05,162.05,162.05,162.05,75,6450,150.81,155.5,174.25
6277,2021-02-18 13:36:00,162.05,162.05,162.05,162.05,75,6450,150.81,155.5,174.25
6278,2021-02-18 13:37:00,162.05,162.05,162.05,162.05,75,6450,150.81,155.5,174.25
6279,2021-02-18 13:38:00,162.05,162.05,162.05,162.05,75,6450,150.81,155.5,174.25
6280,2021-02-18 13:39:00,160.85,160.85,160.85,160.85,75,6450,151.48,155.5,172.2
6281,2021-02-18 13:40:00,160.85,160.85,160.85,160.85,75,6450,151.48,155.5,172.2
6282,2021-02-18 13:41:00,160.85,160.85,160.85,160.85,75,6450,151.48,155.5,172.2
6283,2021-02-18 13:42:00,160.85,160.85,160.85,160.85,75,6450,151.48,155.5,172.2
6284,2021-02-18 13:43:00,160.85,160.85,160.85,160.85,75,6450,151.48,155.5,172.2
6285,2021-02-18 13:44:00,160.85,160.85,160.85,160.85,75,6450,151.48,155.5,172.2
6286,2021-02-18 13:45:00,160.85,160.85,160.85,160.85,75,6450,151.48,155.5,172.2
6287,2021-02-18 13:46:00,160.85,160.85,160.85,160.85,75,6450,151.48,155.5,172.2
6288,2021-02-18 13:47:00,160.85,160.85,160.85,160.85,75,6450,151.48,155.5,172.2
6289,2021-02-18 13:48:00,160.85,160.85,160.85,160.85,75,6450,151.48,155.5,172.2
6290,2021-02-18 13:49:00,160.85,160.85,160.85,160.85,75,6450,151.48,155.5,172.2
6291,2021-02-18 13:50:00,160.85,160.85,160.85,160.85,75,6450,151.48,155.5,172.2
6292,2021-02-18 13:51:00,160.85,160.85,160.85,160.85,75,6450,151.48,155.5,172.2
6293,2021-02-18 13:52:00,169.95,169.95,169.95,169.95,75,6450,152.63,162.4,173.0
6294,2021-02-18 13:53:00,169.95,169.95,169.95,169.95,75,6450,152.63,162.4,173.0
6295,2021-02-18 13:54:00,169.95,169.95,169.95,169.95,75,6450,152.63,162.4,173.0
6296,2021-02-18 13:55:00,169.95,169.95,169.95,169.95,75,6450,152.63,162.4,173.0
6297,2021-02-18 13:56:00,169.95,169.95,169.95,169.95,75,6450,152.63,162.4,173.0
6298,2021-02-18 13:57:00,169.95,169.95,169.95,169.95,75,6450,152.63,162.4,173.0
6299,2021-02-18 13:58:00,169.95,169.95,169.95,169.95,75,6450,152.63,162.4,173.0
6300,2021-02-18 13:59:00,169.3,169.3,169.3,169.3,75,6525,153.61,162.4,179.5
6301,2021-02-18 14:00:00,169.3,169.3,169.3,169.3,75,6525,153.61,162.4,179.5
6302,2021-02-18 14:01:00,169.3,169.3,169.3,169.3,75,6525,153.61,162.4,179.5
6303,2021-02-18 14:02:00,169.3,169.3,169.3,169.3,75,6525,153.61,162.4,179.5
6304,2021-02-18 14:03:00,169.3,169.3,169.3,169.3,75,6525,153.61,162.4,179.5
6305,2021-02-18 14:04:00,169.3,169.3,169.3,169.3,75,6525,153.61,162.4,179.5
6306,2021-02-18 14:05:00,162.4,162.4,162.4,162.4,75,6525,154.1,154.35,165.0
6307,2021-02-18 14:06:00,162.4,162.4,162.4,162.4,75,6525,154.1,154.35,165.0
6308,2021-02-18 14:07:00,162.4,162.4,162.4,162.4,75,6525,154.1,154.35,165.0
6309,2021-02-18 14:08:00,162.4,162.4,162.4,162.4,75,6525,154.1,154.35,165.0
6310,2021-02-18 14:09:00,162.4,162.4,162.4,162.4,75,6525,154.1,154.35,165.0
6311,2021-02-18 14:10:00,162.4,162.4,162.4,162.4,75,6525,154.1,154.35,165.0
6312,2021-02-18 14:11:00,162.4,162.4,162.4,162.4,75,6525,154.1,154.35,165.0
6313,2021-02-18 14:12:00,162.4,162.4,162.4,162.4,75,6525,154.1,154.35,165.0
6314,2021-02-18 14:13:00,162.4,162.4,162.4,162.4,75,6525,154.1,154.35,165.0
6315,2021-02-18 14:14:00,162.4,162.4,162.4,162.4,75,6525,154.1,154.35,165.0
6316,2021-02-18 14:15:00,154.95,154.95,154.95,154.95,75,0,154.14,146.25,156.8
6317,2021-02-18 14:16:00,154.95,154.95,154.95,154.95,75,0,154.14,146.25,156.8
6318,2021-02-18 14:17:00,154.95,154.95,154.95,154.95,75,0,154.14,146.25,156.8
6319,2021-02-18 14:18:00,154.95,154.95,154.95,154.95,75,0,154.14,146.25,156.8
6320,2021-02-18 14:19:00,154.95,154.95,154.95,154.95,75,0,154.14,146.25,156.8
6321,2021-02-18 14:20:00,154.95,154.95,154.95,154.95,75,0,154.14,146.25,156.8
6322,2021-02-18 14:21:00,154.95,154.95,154.95,154.95,75,0,154.14,146.25,156.8
6323,2021-02-18 14:22:00,154.95,154.95,154.95,154.95,75,0,154.14,146.25,156.8
6324,2021-02-18 14:23:00,154.95,154.95,154.95,154.95,75,0,154.14,146.25,156.8
6325,2021-02-18 14:24:00,154.95,154.95,154.95,154.95,75,0,154.14,146.25,156.8
6326,2021-02-18 14:25:00,154.95,154.95,154.95,154.95,75,0,154.14,146.25,156.8
6327,2021-02-18 14:26:00,154.95,154.95,154.95,154.95,75,0,154.14,146.25,156.8
6328,2021-02-18 14:27:00,154.95,154.95,154.95,154.95,75,0,154.14,146.25,156.8
6329,2021-02-18 14:28:00,154.95,154.95,154.95,154.95,75,0,154.14,146.25,156.8
6330,2021-02-18 14:29:00,154.95,154.95,154.95,154.95,75,0,154.14,146.25,156.8
6331,2021-02-18 14:30:00,154.95,154.95,154.95,154.95,75,0,154.14,146.25,156.8
6332,2021-02-18 14:31:00,154.95,154.95,154.95,154.95,75,0,154.14,146.25,156.8
6333,2021-02-18 14:32:00,154.95,154.95,154.95,154.95,75,0,154.14,146.25,156.8
6334,2021-02-18 14:33:00,154.95,154.95,154.95,154.95,75,0,154.14,146.25,156.8
6335,2021-02-18 14:34:00,154.95,154.95,154.95,154.95,75,0,154.14,146.25,156.8
6336,2021-02-18 14:35:00,154.95,154.95,154.95,154.95,75,0,154.14,146.25,156.8
6337,2021-02-18 14:36:00,154.95,154.95,154.95,154.95,75,0,154.14,146.25,156.8
6338,2021-02-18 14:37:00,154.95,154.95,154.95,154.95,75,0,154.14,146.25,156.8
6339,2021-02-18 14:38:00,154.95,154.95,154.95,154.95,75,0,154.14,146.25,156.8
6340,2021-02-18 14:39:00,154.95,154.95,154.95,154.95,75,0,154.14,146.25,156.8
6341,2021-02-18 14:40:00,154.95,154.95,154.95,154.95,75,0,154.14,146.25,156.8
6342,2021-02-18 14:41:00,154.95,154.95,154.95,154.95,75,0,154.14,146.25,156.8
6343,2021-02-18 14:42:00,154.95,154.95,154.95,154.95,75,0,154.14,146.25,156.8
6344,2021-02-18 14:43:00,154.95,154.95,154.95,154.95,75,0,154.14,146.25,156.8
6345,2021-02-18 14:44:00,154.95,154.95,154.95,154.95,75,0,154.14,146.25,156.8
6346,2021-02-18 14:45:00,154.95,154.95,154.95,154.95,75,0,154.14,146.25,156.8
6347,2021-02-18 14:46:00,154.95,154.95,154.95,154.95,75,0,154.14,146.25,156.8
6348,2021-02-18 14:47:00,151.4,151.4,151.4,151.4,75,6225,154.01,147.55,160.1
6349,2021-02-18 14:48:00,151.4,151.4,151.4,151.4,75,6225,154.01,147.55,160.1
6350,2021-02-18 14:49:00,151.4,151.4,151.4,151.4,75,6225,154.01,147.55,160.1
6351,2021-02-18 14:50:00,151.4,151.4,151.4,151.4,75,6225,154.01,147.55,160.1
6352,2021-02-18 14:51:00,153.4,153.4,153.4,153.4,75,6300,153.98,147.55,163.6
6353,2021-02-18 14:52:00,153.4,153.4,153.4,153.4,75,6300,153.98,147.55,163.6
6354,2021-02-18 14:53:00,153.4,153.4,153.4,153.4,75,6300,153.98,147.55,163.6
6355,2021-02-18 14:54:00,153.4,153.4,153.4,153.4,75,6300,153.98,147.55,163.6
6356,2021-02-18 14:55:00,153.4,153.4,153.4,153.4,75,6300,153.98,147.55,163.6
6357,2021-02-18 14:56:00,153.4,153.4,153.4,153.4,75,6300,153.98,147.55,163.6
6358,2021-02-18 14:57:00,153.4,153.4,153.4,153.4,75,6300,153.98,147.55,163.6
6359,2021-02-18 14:58:00,153.4,153.4,153.4,153.4,75,6300,153.98,147.55,163.6
6360,2021-02-18 14:59:00,153.4,153.4,153.4,153.4,75,6300,153.98,147.55,163.6
6361,2021-02-18 15:00:00,153.4,153.4,153.4,153.4,75,6300,153.98,147.55,163.6
6362,2021-02-18 15:01:00,153.4,153.4,153.4,153.4,75,6300,153.98,147.55,163.6
6363,2021-02-18 15:02:00,153.4,153.4,153.4,153.4,75,6300,153.98,147.55,163.6
6364,2021-02-18 15:03:00,153.4,153.4,153.4,153.4,75,6300,153.98,147.55,163.6
6365,2021-02-18 15:04:00,153.4,153.4,153.4,153.4,75,6300,153.98,147.55,163.6
6366,2021-02-18 15:05:00,153.4,153.4,153.4,153.4,75,6300,153.98,147.55,163.6
6367,2021-02-18 15:06:00,153.4,153.4,153.4,153.4,75,6300,153.98,147.55,163.6
6368,2021-02-18 15:07:00,153.4,153.4,153.4,153.4,75,6300,153.98,147.55,163.6
6369,2021-02-18 15:08:00,153.4,153.4,153.4,153.4,75,6300,153.98,147.55,163.6
6370,2021-02-18 15:09:00,153.4,153.4,153.4,153.4,75,6300,153.98,147.55,163.6
6371,2021-02-18 15:10:00,153.4,153.4,153.4,153.4,75,6300,153.98,147.55,163.6
6372,2021-02-18 15:11:00,153.4,153.4,153.4,153.4,75,6300,153.98,147.55,163.6
6373,2021-02-18 15:12:00,153.4,153.4,153.4,153.4,75,6300,153.98,147.55,163.6
6374,2021-02-18 15:13:00,153.4,153.4,153.4,153.4,75,6300,153.98,147.55,163.6
6375,2021-02-18 15:14:00,153.4,153.4,153.4,153.4,75,6300,153.98,147.55,163.6
6376,2021-02-18 15:15:00,153.4,153.4,153.4,153.4,75,6300,153.98,147.55,163.6
6377,2021-02-18 15:16:00,153.4,153.4,153.4,153.4,75,6300,153.98,147.55,163.6
6378,2021-02-18 15:17:00,153.4,153.4,153.4,153.4,75,6300,153.98,147.55,163.6
6379,2021-02-18 15:18:00,153.4,153.4,153.4,153.4,75,6300,153.98,147.55,163.6
6380,2021-02-18 15:19:00,154.05,154.05,154.05,154.05,75,6375,153.98,154.0,159.8
6381,2021-02-18 15:20:00,154.05,154.05,154.05,154.05,75,6375,153.98,154.0,159.8
6382,2021-02-18 15:21:00,154.05,154.05,154.05,154.05,75,6375,153.98,154.0,159.8
6383,2021-02-18 15:22:00,154.05,154.05,154.05,154.05,75,6375,153.98,154.0,159.8
6384,2021-02-18 15:23:00,154.05,154.05,154.05,154.05,75,6375,153.98,154.0,159.8
6385,2021-02-18 15:24:00,154.05,154.05,154.05,154.05,75,6375,153.98,154.0,159.8
6386,2021-02-18 15:25:00,154.05,154.05,154.05,154.05,75,6375,153.98,154.0,159.8
6387,2021-02-18 15:26:00,154.05,154.05,154.05,154.05,75,6375,153.98,154.0,159.8
6388,2021-02-18 15:27:00,154.05,154.05,154.05,154.05,75,6375,153.98,154.0,159.8
6389,2021-02-18 15:28:00,156.05,156.05,156.0,156.0,150,6375,154.15,148.15,159.2
6390,2021-02-18 15:29:00,156.05,156.05,156.0,156.0,150,6375,154.15,148.15,159.2
6391,2021-02-18 15:30:00,156.05,156.05,156.0,156.0,150,6375,154.15,148.15,159.2
6392,2021-02-19 09:15:00,156.05,156.05,156.0,156.0,150,6375,154.15,148.15,159.2
6393,2021-02-19 09:16:00,156.05,156.05,156.0,156.0,150,6375,154.15,148.15,159.2
6394,2021-02-19 09:17:00,156.05,156.05,156.0,156.0,150,6375,154.15,148.15,159.2
6395,2021-02-19 09:18:00,156.05,156.05,156.0,156.0,150,6375,154.15,148.15,159.2
6396,2021-02-19 09:19:00,156.05,156.05,156.0,156.0,150,6375,154.15,148.15,159.2
6397,2021-02-19 09:20:00,156.05,156.05,156.0,156.0,150,6375,154.15,148.15,159.2
6398,2021-02-19 09:21:00,156.05,156.05,156.0,156.0,150,6375,154.15,148.15,159.2
6399,2021-02-19 09:22:00,156.05,156.05,156.0,156.0,150,6375,154.15,148.15,159.2
6400,2021-02-19 09:23:00,156.05,156.05,156.0,156.0,150,6375,154.15,148.15,159.2
6401,2021-02-19 09:24:00,156.05,156.05,156.0,156.0,150,6375,154.15,148.15,159.2
6402,2021-02-19 09:25:00,176.85,176.85,176.85,176.85,75,6150,176.85,170.4,179.95
6403,2021-02-19 09:26:00,176.85,176.85,176.85,176.85,75,6150,176.85,170.4,179.95
6404,2021-02-19 09:27:00,176.85,176.85,176.85,176.85,75,6150,176.85,170.4,179.95
6405,2021-02-19 09:28:00,176.85,176.85,176.85,176.85,75,6150,176.85,170.4,179.95
6406,2021-02-19 09:29:00,176.85,176.85,176.85,176.85,75,6150,176.85,170.4,179.95
6407,2021-02-19 09:30:00,176.85,176.85,176.85,176.85,75,6150,176.85,170.4,179.95
6408,2021-02-19 09:31:00,176.85,176.85,176.85,176.85,75,6150,176.85,170.4,179.95
6409,2021-02-19 09:32:00,176.85,176.85,176.85,176.85,75,6150,176.85,170.4,179.95
6410,2021-02-19 09:33:00,176.85,176.85,176.85,176.85,75,6150,176.85,170.4,179.95
6411,2021-02-19 09:34:00,176.85,176.85,176.85,176.85,75,6150,176.85,170.4,179.95
6412,2021-02-19 09:35:00,176.85,176.85,176.85,176.85,75,6150,176.85,170.4,179.95
6413,2021-02-19 09:36:00,176.85,176.85,176.85,176.85,75,6150,176.85,170.4,179.95
6414,2021-02-19 09:37:00,176.85,176.85,176.85,176.85,75,6150,176.85,170.4,179.95
6415,2021-02-19 09:38:00,176.85,176.85,176.85,176.85,75,6150,176.85,170.4,179.95
6416,2021-02-19 09:39:00,172.1,172.1,172.1,172.1,75,6225,174.47,163.3,173.2
6417,2021-02-19 09:40:00,172.1,172.1,172.1,172.1,75,6225,174.47,163.3,173.2
6418,2021-02-19 09:41:00,172.1,172.1,172.1,172.1,75,6225,174.47,163.3,173.2
6419,2021-02-19 09:42:00,172.1,172.1,172.1,172.1,75,6225,174.47,163.3,173.2
6420,2021-02-19 09:43:00,172.1,172.1,172.1,172.1,75,6225,174.47,163.3,173.2
6421,2021-02-19 09:44:00,172.1,172.1,172.1,172.1,75,6225,174.47,163.3,173.2
6422,2021-02-19 09:45:00,172.1,172.1,172.1,172.1,75,6225,174.47,163.3,173.2
6423,2021-02-19 09:46:00,163.35,163.35,163.35,163.35,75,6150,170.76,156.75,166.55
6424,2021-02-19 09:47:00,163.35,163.35,163.35,163.35,75,6150,170.76,156.75,166.55
6425,2021-02-19 09:48:00,163.35,163.35,163.35,163.35,75,6150,170.76,156.75,166.55
6426,2021-02-19 09:49:00,163.35,163.35,163.35,163.35,75,6150,170.76,156.75,166.55
6427,2021-02-19 09:50:00,166.15,166.15,166.15,166.15,75,0,169.61,158.55,169.25
6428,2021-02-19 09:51:00,166.15,166.15,166.15,166.15,75,0,169.61,158.55,169.25
6429,2021-02-19 09:52:00,167.05,167.05,167.05,167.05,75,6225,169.1,158.75,169.0
6430,2021-02-19 09:53:00,167.05,167.05,167.05,167.05,75,6225,169.1,158.75,169.0
6431,2021-02-19 09:54:00,167.05,167.05,167.05,167.05,75,6225,169.1,158.75,169.0
6432,2021-02-19 09:55:00,167.05,167.05,167.05,167.05,75,6225,169.1,158.75,169.0
6433,2021-02-19 09:56:00,167.05,167.05,167.05,167.05,75,6225,169.1,158.75,169.0
6434,2021-02-19 09:57:00,167.05,167.05,167.05,167.05,75,6225,169.1,158.75,169.0
6435,2021-02-19 09:58:00,167.05,167.05,167.05,167.05,75,6225,169.1,158.75,169.0
6436,2021-02-19 09:59:00,167.05,167.05,167.05,167.05,75,6225,169.1,158.75,169.0
6437,2021-02-19 10:00:00,166.6,166.6,166.6,166.6,75,6300,168.68,158.75,168.55
6438,2021-02-19 10:01:00,166.6,166.6,166.6,166.6,75,6300,168.68,158.75,168.55
6439,2021-02-19 10:02:00,166.6,166.6,166.6,166.6,75,6300,168.68,158.75,168.55
6440,2021-02-19 10:03:00,166.6,166.6,166.6,166.6,75,6300,168.68,158.75,168.55
6441,2021-02-19 10:04:00,166.6,166.6,166.6,166.6,75,6300,168.68,158.75,168.55
6442,2021-02-19 10:05:00,166.6,166.6,166.6,166.6,75,6300,168.68,158.75,168.55
6443,2021-02-19 10:06:00,166.6,166.6,166.6,166.6,75,6300,168.68,158.75,168.55
6444,2021-02-19 10:07:00,166.6,166.6,166.6,166.6,75,6300,168.68,158.75,168.55
6445,2021-02-19 10:08:00,166.6,166.6,166.6,166.6,75,6300,168.68,158.75,168.55
6446,2021-02-19 10:09:00,166.6,166.6,166.6,166.6,75,6300,168.68,158.75,168.55
6447,2021-02-19 10:10:00,161.25,161.25,161.25,161.25,75,6375,167.62,154.45,163.5
6448,2021-02-19 10:11:00,161.25,161.25,161.25,161.25,75,6375,167.62,154.45,163.5
6449,2021-02-19 10:12:00,155.0,155.0,155.0,155.0,450,6300,161.79,150.0,157.95
6450,2021-02-19 10:13:00,155.0,155.0,155.0,155.0,450,6300,161.79,150.0,157.95
6451,2021-02-19 10:14:00,155.0,155.0,155.0,155.0,450,6300,161.79,150.0,157.95
6452,2021-02-19 10:15:00,150.1,150.1,150.1,150.1,75,5850,160.96,150.85,156.35
6453,2021-02-19 10:16:00,150.1,150.1,150.1,150.1,75,5850,160.96,150.85,156.35
6454,2021-02-19 10:17:00,150.1,150.1,150.1,150.1,75,5850,160.96,150.85,156.35
6455,2021-02-19 10:18:00,150.1,150.1,150.1,150.1,75,5850,160.96,150.85,156.35
6456,2021-02-19 10:19:00,150.1,150.1,150.1,150.1,75,5850,160.96,150.85,156.35
6457,2021-02-19 10:20:00,150.1,150.1,150.1,150.1,75,5850,160.96,150.85,156.35
6458,2021-02-19 10:21:00,150.1,150.1,150.1,150.1,75,5850,160.96,150.85,156.35
6459,2021-02-19 10:22:00,150.1,150.1,150.1,150.1,75,5850,160.96,150.85,156.35
6460,2021-02-19 10:23:00,156.35,156.35,156.35,156.35,75,5775,160.65,150.85,159.55
6461,2021-02-19 10:24:00,156.35,156.35,156.35,156.35,75,5775,160.65,150.85,159.55
6462,2021-02-19 10:25:00,156.35,156.35,156.35,156.35,75,5775,160.65,150.85,159.55
6463,2021-02-19 10:26:00,156.35,156.35,156.35,156.35,75,5775,160.65,150.85,159.55
6464,2021-02-19 10:27:00,156.35,156.35,156.35,156.35,75,5775,160.65,150.85,159.55
6465,2021-02-19 10:28:00,155.75,155.75,155.75,155.75,75,5850,160.34,151.15,162.5
6466,2021-02-19 10:29:00,155.75,155.75,155.75,155.75,75,5850,160.34,151.15,162.5
6467,2021-02-19 10:30:00,155.75,155.75,155.75,155.75,75,5850,160.34,151.15,162.5
6468,2021-02-19 10:31:00,155.75,155.75,155.75,155.75,75,5850,160.34,151.15,162.5
6469,2021-02-19 10:32:00,155.75,155.75,155.75,155.75,75,5850,160.34,151.15,162.5
6470,2021-02-19 10:33:00,148.0,148.0,148.0,148.0,75,5925,159.62,145.0,152.2
6471,2021-02-19 10:34:00,152.2,152.2,152.2,152.2,75,5925,159.2,145.55,155.25
6472,2021-02-19 10:35:00,152.2,152.2,152.2,152.2,75,5925,159.2,145.55,155.25
6473,2021-02-19 10:36:00,152.2,152.2,152.2,152.2,75,5925,159.2,145.55,155.25
6474,2021-02-19 10:37:00,152.2,152.2,152.2,152.2,75,5925,159.2,145.55,155.25
6475,2021-02-19 10:38:00,152.2,152.2,152.2,152.2,75,5925,159.2,145.55,155.25
6476,2021-02-19 10:39:00,152.2,152.2,152.2,152.2,75,5925,159.2,145.55,155.25
6477,2021-02-19 10:40:00,152.2,152.2,152.2,152.2,75,5925,159.2,145.55,155.25
6478,2021-02-19 10:41:00,152.2,152.2,152.2,152.2,75,5925,159.2,145.55,155.25
6479,2021-02-19 10:42:00,152.2,152.2,152.2,152.2,75,5925,159.2,145.55,155.25
6480,2021-02-19 10:43:00,152.2,152.2,152.2,152.2,75,5925,159.2,145.55,155.25
6481,2021-02-19 10:44:00,152.2,152.2,152.2,152.2,75,5925,159.2,145.55,155.25
6482,2021-02-19 10:45:00,152.2,152.2,152.2,152.2,75,5925,159.2,145.55,155.25
6483,2021-02-19 10:46:00,155.0,155.0,155.0,155.0,3900,5850,156.08,146.25,155.0
6484,2021-02-19 10:47:00,155.0,155.0,155.0,155.0,525,9300,155.98,146.25,155.0
6485,2021-02-19 10:48:00,155.0,155.0,155.0,155.0,2100,9300,155.72,148.35,159.9
6486,2021-02-19 10:49:00,155.0,155.0,155.0,155.0,2100,9300,155.72,148.35,159.9
6487,2021-02-19 10:50:00,160.0,160.0,160.0,160.0,150,9300,155.8,157.75,158.7
6488,2021-02-19 10:51:00,156.8,156.8,156.8,156.8,75,11475,155.8,156.75,157.7
6489,2021-02-19 10:52:00,156.8,156.8,156.8,156.8,75,11475,155.8,156.75,157.7
6490,2021-02-19 10:53:00,156.8,156.8,156.8,156.8,75,11475,155.8,156.75,157.7
6491,2021-02-19 10:54:00,160.0,160.75,160.0,160.75,225,11400,155.92,160.35,161.4
6492,2021-02-19 10:55:00,162.85,162.85,162.6,162.65,2700,11400,157.58,162.8,169.0
6493,2021-02-19 10:56:00,162.7,162.7,161.25,161.25,1575,14925,158.15,160.45,161.55
6494,2021-02-19 10:57:00,159.1,159.85,159.1,159.85,525,14925,158.21,159.35,160.45
6495,2021-02-19 10:58:00,161.6,161.75,161.55,161.55,2700,14925,158.79,162.2,163.1
6496,2021-02-19 10:59:00,163.45,166.4,162.85,166.4,4200,17550,160.11,165.5,166.6
6497,2021-02-19 11:00:00,167.3,167.4,166.75,166.8,1650,17550,160.61,166.2,167.4
6498,2021-02-19 11:01:00,167.3,167.4,166.75,166.8,1650,17550,160.61,166.2,167.4
6499,2021-02-19 11:02:00,167.3,167.4,166.75,166.8,1650,17550,160.61,166.2,167.4
6500,2021-02-19 11:03:00,167.3,167.4,166.75,166.8,1650,17550,160.61,166.2,167.4
6501,2021-02-19 11:04:00,167.3,167.4,166.75,166.8,1650,17550,160.61,166.2,167.4
6502,2021-02-19 11:05:00,165.65,165.65,165.65,165.65,75,19575,160.63,166.55,167.6
6503,2021-02-19 11:06:00,165.65,165.65,165.65,165.65,75,19575,160.63,166.55,167.6
6504,2021-02-19 11:07:00,164.4,164.4,161.4,161.4,300,19500,160.66,162.7,163.75
6505,2021-02-19 11:08:00,164.4,164.4,161.4,161.4,300,19500,160.66,162.7,163.75
6506,2021-02-19 11:09:00,164.4,164.4,161.4,161.4,300,19500,160.66,162.7,163.75
6507,2021-02-19 11:10:00,164.4,164.4,161.4,161.4,300,19500,160.66,162.7,163.75
6508,2021-02-19 11:11:00,164.4,164.4,161.4,161.4,300,19500,160.66,162.7,163.75
6509,2021-02-19 11:12:00,164.4,164.4,161.4,161.4,300,19500,160.66,162.7,163.75
6510,2021-02-19 11:13:00,164.5,164.7,164.5,164.7,1800,19275,160.96,162.95,164.0
6511,2021-02-19 11:14:00,163.6,163.6,162.55,162.55,450,21075,161.0,162.75,163.9
6512,2021-02-19 11:15:00,163.6,163.6,162.55,162.55,450,21075,161.0,162.75,163.9
6513,2021-02-19 11:16:00,163.6,163.6,162.55,162.55,450,21075,161.0,162.75,163.9
6514,2021-02-19 11:17:00,163.6,163.6,162.55,162.55,450,21075,161.0,162.75,163.9
6515,2021-02-19 11:18:00,167.15,167.15,167.15,167.15,900,21075,161.22,164.35,165.45
6516,2021-02-19 11:19:00,163.9,163.9,163.9,163.9,450,21075,161.26,164.0,165.05
6517,2021-02-19 11:20:00,163.9,163.9,163.9,163.9,450,21075,161.26,164.0,165.05
6518,2021-02-19 11:21:00,163.9,163.9,163.9,163.9,450,21075,161.26,164.0,165.05
6519,2021-02-19 11:22:00,163.9,163.9,163.9,163.9,450,21075,161.26,164.0,165.05
6520,2021-02-19 11:23:00,164.65,165.2,164.45,165.2,4050,23700,161.71,164.6,165.5
6521,2021-02-19 11:24:00,164.5,165.35,164.45,164.7,975,23700,161.81,164.85,165.65
6522,2021-02-19 11:25:00,165.05,165.9,165.05,165.9,375,23700,161.85,166.15,166.85
6523,2021-02-19 11:26:00,166.2,166.2,165.15,165.15,450,23700,161.9,165.05,165.8
6524,2021-02-19 11:27:00,166.2,166.2,165.15,165.15,450,23700,161.9,165.05,165.8
6525,2021-02-19 11:28:00,166.2,166.2,165.15,165.15,450,23700,161.9,165.05,165.8
6526,2021-02-19 11:29:00,166.2,166.2,165.15,165.15,450,23700,161.9,165.05,165.8
6527,2021-02-19 11:30:00,163.9,163.9,163.9,163.9,75,23925,161.91,163.8,164.55
6528,2021-02-19 11:31:00,163.35,163.35,162.65,162.65,450,23925,161.92,162.75,163.7
6529,2021-02-19 11:32:00,161.85,161.85,161.85,161.85,150,24000,161.92,161.65,162.65
6530,2021-02-19 11:33:00,161.85,161.85,161.85,161.85,150,24000,161.92,161.65,162.65
6531,2021-02-19 11:34:00,161.85,161.85,161.85,161.85,150,24000,161.92,161.65,162.65
6532,2021-02-19 11:35:00,161.85,161.85,161.85,161.85,150,24000,161.92,161.65,162.65
6533,2021-02-19 11:36:00,164.2,166.1,164.2,166.1,750,24000,161.98,165.35,166.1
6534,2021-02-19 11:37:00,166.35,166.35,166.2,166.2,150,24000,162.0,165.3,166.25
6535,2021-02-19 11:38:00,166.35,166.35,166.2,166.2,150,24000,162.0,165.3,166.25
6536,2021-02-19 11:39:00,166.35,166.35,166.2,166.2,150,24000,162.0,165.3,166.25
6537,2021-02-19 11:40:00,164.0,164.0,164.0,164.0,150,24225,162.01,165.1,165.9
6538,2021-02-19 11:41:00,167.4,167.4,167.4,167.4,450,24225,162.08,166.95,167.8
6539,2021-02-19 11:42:00,167.4,167.4,167.4,167.4,450,24225,162.08,166.95,167.8
6540,2021-02-19 11:43:00,167.4,167.4,167.4,167.4,450,24225,162.08,166.95,167.8
6541,2021-02-19 11:44:00,165.85,165.85,164.9,164.9,1425,22950,162.24,164.15,165.05
6542,2021-02-19 11:45:00,164.2,164.2,164.1,164.1,150,22950,162.24,160.6,161.55
6543,2021-02-19 11:46:00,164.2,164.2,164.1,164.1,150,22950,162.24,160.6,161.55
6544,2021-02-19 11:47:00,164.2,164.2,164.1,164.1,150,22950,162.24,160.6,161.55
6545,2021-02-19 11:48:00,160.0,160.0,160.0,160.0,225,22875,162.23,159.85,160.65
6546,2021-02-19 11:49:00,160.0,160.0,160.0,160.0,225,22875,162.23,159.85,160.65
6547,2021-02-19 11:50:00,160.0,160.0,160.0,160.0,225,22875,162.23,159.85,160.65
6548,2021-02-19 11:51:00,160.0,160.0,160.0,160.0,225,22875,162.23,159.85,160.65
6549,2021-02-19 11:52:00,159.4,159.4,157.2,157.2,300,22875,162.19,157.25,158.35
6550,2021-02-19 11:53:00,159.4,159.4,157.2,157.2,300,22875,162.19,157.25,158.35
6551,2021-02-19 11:54:00,159.4,159.4,157.2,157.2,300,22875,162.19,157.25,158.35
6552,2021-02-19 11:55:00,159.4,159.4,157.2,157.2,300,22875,162.19,157.25,158.35
6553,2021-02-19 11:56:00,162.35,162.35,162.35,162.35,225,23025,162.19,162.0,162.95
6554,2021-02-19 11:57:00,162.35,162.35,162.35,162.35,225,23025,162.19,162.0,162.95
6555,2021-02-19 11:58:00,162.35,162.35,162.35,162.35,225,23025,162.19,162.0,162.95
6556,2021-02-19 11:59:00,162.35,162.35,162.35,162.35,225,23025,162.19,162.0,162.95
6557,2021-02-19 12:00:00,162.35,162.35,162.35,162.35,225,23025,162.19,162.0,162.95
6558,2021-02-19 12:01:00,164.95,164.95,164.95,164.95,675,22725,162.24,164.95,165.8
6559,2021-02-19 12:02:00,164.95,164.95,164.95,164.95,675,22725,162.24,164.95,165.8
6560,2021-02-19 12:03:00,164.95,164.95,164.95,164.95,675,22725,162.24,164.95,165.8
6561,2021-02-19 12:04:00,164.95,164.95,164.95,164.95,675,22725,162.24,164.95,165.8
6562,2021-02-19 12:05:00,164.95,164.95,164.95,164.95,675,22725,162.24,164.95,165.8
6563,2021-02-19 12:06:00,164.95,164.95,164.95,164.95,675,22725,162.24,164.95,165.8
6564,2021-02-19 12:07:00,164.95,164.95,164.95,164.95,675,22725,162.24,164.95,165.8
6565,2021-02-19 12:08:00,164.95,164.95,164.95,164.95,675,22725,162.24,164.95,165.8
6566,2021-02-19 12:09:00,164.95,164.95,164.95,164.95,675,22725,162.24,164.95,165.8
6567,2021-02-19 12:10:00,164.95,164.95,164.95,164.95,675,22725,162.24,164.95,165.8
6568,2021-02-19 12:11:00,162.65,162.65,162.65,162.65,150,21975,162.25,162.55,163.25
6569,2021-02-19 12:12:00,162.65,162.65,162.65,162.65,150,21975,162.25,162.55,163.25
6570,2021-02-19 12:13:00,160.65,160.65,160.65,160.65,150,21975,162.24,160.65,161.2
6571,2021-02-19 12:14:00,160.65,160.65,160.35,160.35,225,21975,162.23,159.75,160.75
6572,2021-02-19 12:15:00,160.65,160.65,160.35,160.35,225,21975,162.23,159.75,160.75
6573,2021-02-19 12:16:00,160.65,160.65,160.35,160.35,225,21975,162.23,159.75,160.75
6574,2021-02-19 12:17:00,159.3,159.3,159.3,159.3,150,21975,162.22,159.0,159.75
6575,2021-02-19 12:18:00,158.85,158.85,157.45,157.45,150,21975,162.2,156.7,157.75
6576,2021-02-19 12:19:00,158.85,158.85,157.45,157.45,150,21975,162.2,156.7,157.75
6577,2021-02-19 12:20:00,158.75,158.75,158.75,158.75,150,21825,162.19,158.75,159.0
6578,2021-02-19 12:21:00,158.75,158.75,158.75,158.75,150,21825,162.19,158.75,159.0
6579,2021-02-19 12:22:00,158.75,158.75,158.75,158.75,150,21825,162.19,158.75,159.0
6580,2021-02-19 12:23:00,161.25,161.25,161.25,161.25,75,21825,162.19,161.0,161.9
6581,2021-02-19 12:24:00,160.35,160.35,160.35,160.35,150,21750,162.18,160.2,160.95
6582,2021-02-19 12:25:00,160.35,160.35,160.35,160.35,150,21750,162.18,160.2,160.95
6583,2021-02-19 12:26:00,161.0,161.0,160.7,160.7,225,21750,162.17,160.25,161.1
6584,2021-02-19 12:27:00,161.35,161.35,161.35,161.35,225,21750,162.17,161.7,162.55
6585,2021-02-19 12:28:00,161.35,161.35,161.35,161.35,225,21750,162.17,161.7,162.55
6586,2021-02-19 12:29:00,162.55,162.55,162.55,162.55,75,21750,162.17,161.8,162.7
6587,2021-02-19 12:30:00,164.2,164.2,164.2,164.2,75,21750,162.17,163.3,164.0
6588,2021-02-19 12:31:00,164.2,164.2,164.2,164.2,75,21750,162.17,163.3,164.0
6589,2021-02-19 12:32:00,164.2,164.2,164.2,164.2,75,21750,162.17,163.3,164.0
6590,2021-02-19 12:33:00,164.2,164.2,164.2,164.2,75,21750,162.17,163.3,164.0
6591,2021-02-19 12:34:00,164.2,164.2,164.2,164.2,75,21750,162.17,163.3,164.0
6592,2021-02-19 12:35:00,163.65,163.65,163.65,163.65,375,21675,162.18,162.8,163.7
6593,2021-02-19 12:36:00,163.65,163.65,163.65,163.65,375,21675,162.18,162.8,163.7
6594,2021-02-19 12:37:00,163.65,163.65,163.65,163.65,375,21675,162.18,162.8,163.7
6595,2021-02-19 12:38:00,165.9,166.15,165.9,166.1,2325,17025,162.4,165.95,167.1
6596,2021-02-19 12:39:00,167.5,167.5,167.45,167.45,150,17025,162.42,166.65,167.7
6597,2021-02-19 12:40:00,166.2,166.2,166.2,166.2,75,17025,162.43,164.85,165.8
6598,2021-02-19 12:41:00,165.25,165.25,165.25,165.25,75,17025,162.43,164.05,164.95
6599,2021-02-19 12:42:00,163.15,163.5,163.15,163.5,900,17400,162.45,161.15,162.1
6600,2021-02-19 12:43:00,163.15,163.5,163.15,163.5,900,17400,162.45,161.15,162.1
6601,2021-02-19 12:44:00,158.35,158.35,158.2,158.2,1800,17400,162.28,157.15,158.0
6602,2021-02-19 12:45:00,155.0,155.0,155.0,155.0,75,15675,162.26,155.9,156.5
6603,2021-02-19 12:46:00,155.0,155.0,155.0,155.0,75,15675,162.26,155.9,156.5
6604,2021-02-19 12:47:00,155.0,155.0,155.0,155.0,75,15675,162.26,155.9,156.5
6605,2021-02-19 12:48:00,155.0,155.0,155.0,155.0,75,15675,162.26,155.9,156.5
6606,2021-02-19 12:49:00,155.0,155.0,155.0,155.0,75,15675,162.26,155.9,156.5
6607,2021-02-19 12:50:00,155.0,155.0,155.0,155.0,75,15675,162.26,155.9,156.5
6608,2021-02-19 12:51:00,161.5,161.5,161.5,161.5,675,15600,162.25,160.0,160.9
6609,2021-02-19 12:52:00,161.5,161.5,161.5,161.5,675,15600,162.25,160.0,160.9
6610,2021-02-19 12:53:00,161.5,161.5,161.5,161.5,675,15600,162.25,160.0,160.9
6611,2021-02-19 12:54:00,161.5,161.5,161.5,161.5,675,15600,162.25,160.0,160.9
6612,2021-02-19 12:55:00,161.5,161.5,161.5,161.5,675,15600,162.25,160.0,160.9
6613,2021-02-19 12:56:00,164.3,164.3,164.3,164.3,900,14925,162.29,161.7,162.7
6614,2021-02-19 12:57:00,162.45,162.45,162.45,162.45,525,14025,162.29,161.65,162.5
6615,2021-02-19 12:58:00,162.45,162.45,162.45,162.45,525,14025,162.29,161.65,162.5
6616,2021-02-19 12:59:00,162.45,162.45,162.45,162.45,525,14025,162.29,161.65,162.5
6617,2021-02-19 13:00:00,164.6,164.6,164.6,164.6,150,13500,162.3,164.6,165.45
6618,2021-02-19 13:01:00,164.6,164.6,164.6,164.6,150,13500,162.3,164.6,165.45
6619,2021-02-19 13:02:00,164.6,164.6,164.6,164.6,150,13500,162.3,164.6,165.45
6620,2021-02-19 13:03:00,164.6,164.6,164.6,164.6,150,13500,162.3,164.6,165.45
6621,2021-02-19 13:04:00,166.6,166.6,166.6,166.6,225,13650,162.32,165.55,166.5
6622,2021-02-19 13:05:00,164.75,164.75,164.75,164.75,900,13650,162.37,164.7,165.4
6623,2021-02-19 13:06:00,164.75,164.75,164.75,164.75,900,13650,162.37,164.7,165.4
6624,2021-02-19 13:07:00,164.85,164.85,164.85,164.85,75,12975,162.37,164.4,165.4
6625,2021-02-19 13:08:00,164.85,164.85,164.85,164.85,75,12975,162.37,164.4,165.4
6626,2021-02-19 13:09:00,162.55,162.55,162.55,162.55,150,12975,162.37,163.55,164.25
6627,2021-02-19 13:10:00,165.4,165.4,165.4,165.4,150,12975,162.38,164.4,165.3
6628,2021-02-19 13:11:00,163.9,163.9,163.55,163.55,300,12975,162.39,163.45,164.15
6629,2021-02-19 13:12:00,162.05,162.05,162.05,162.05,150,13575,162.39,161.65,162.6
6630,2021-02-19 13:13:00,162.05,162.05,162.05,162.05,150,13575,162.39,161.65,162.6
6631,2021-02-19 13:14:00,162.05,162.05,162.05,162.05,150,13575,162.39,161.65,162.6
6632,2021-02-19 13:15:00,164.5,164.5,164.5,164.5,75,13725,162.39,164.9,165.85
6633,2021-02-19 13:16:00,165.1,165.1,165.1,165.1,450,13725,162.42,164.35,165.35
6634,2021-02-19 13:17:00,165.1,165.1,165.1,165.1,450,13725,162.42,164.35,165.35
6635,2021-02-19 13:18:00,165.1,165.1,165.1,165.1,450,13725,162.42,164.35,165.35
6636,2021-02-19 13:19:00,165.1,165.1,165.1,165.1,450,13725,162.42,164.35,165.35
6637,2021-02-19 13:20:00,165.1,165.1,165.1,165.1,450,13725,162.42,164.35,165.35
6638,2021-02-19 13:21:00,162.0,162.0,162.0,162.0,75,16125,162.42,161.35,162.3
6639,2021-02-19 13:22:00,162.0,162.0,162.0,162.0,75,16125,162.42,161.35,162.3
6640,2021-02-19 13:23:00,164.35,164.35,164.35,164.35,150,16125,162.42,163.1,163.55
6641,2021-02-19 13:24:00,163.2,163.2,163.2,163.2,150,15375,162.43,163.75,164.9
6642,2021-02-19 13:25:00,163.2,163.2,163.2,163.2,150,15375,162.43,163.75,164.9
6643,2021-02-19 13:26:00,167.4,170.65,167.05,170.65,2175,15375,162.69,168.75,171.1
6644,2021-02-19 13:27:00,170.3,170.6,170.3,170.6,675,15375,162.79,171.45,172.3
6645,2021-02-19 13:28:00,170.3,170.6,170.3,170.6,675,15375,162.79,171.45,172.3
6646,2021-02-19 13:29:00,170.3,170.6,170.3,170.6,675,15375,162.79,171.45,172.3
6647,2021-02-19 13:30:00,173.75,175.85,173.75,175.85,3825,15225,163.61,174.7,175.75
6648,2021-02-19 13:31:00,174.45,174.45,172.85,172.85,975,15225,163.77,173.35,174.35
6649,2021-02-19 13:32:00,174.45,174.45,172.85,172.85,975,15225,163.77,173.35,174.35
6650,2021-02-19 13:33:00,176.95,177.4,176.95,177.25,1125,16200,164.03,176.7,177.7
6651,2021-02-19 13:34:00,176.95,177.4,176.95,177.25,1125,16200,164.03,176.7,177.7
6652,2021-02-19 13:35:00,176.95,177.4,176.95,177.25,1125,16200,164.03,176.7,177.7
6653,2021-02-19 13:36:00,176.95,177.4,176.95,177.25,1125,16200,164.03,176.7,177.7
6654,2021-02-19 13:37:00,176.95,177.4,176.95,177.25,1125,16200,164.03,176.7,177.7
6655,2021-02-19 13:38:00,176.95,177.4,176.95,177.25,1125,16200,164.03,176.7,177.7
6656,2021-02-19 13:39:00,176.95,176.95,176.95,176.95,225,15825,164.08,176.15,177.3
6657,2021-02-19 13:40:00,176.95,176.95,176.95,176.95,225,15825,164.08,176.15,177.3
6658,2021-02-19 13:41:00,180.65,180.65,180.65,180.65,75,15825,164.1,180.1,181.2
6659,2021-02-19 13:42:00,180.65,180.65,180.65,180.65,75,15825,164.1,180.1,181.2
6660,2021-02-19 13:43:00,175.8,175.8,175.8,175.8,75,13875,164.12,174.5,177.35
6661,2021-02-19 13:44:00,173.95,173.95,173.95,173.95,225,13875,164.15,173.4,174.35
6662,2021-02-19 13:45:00,173.95,173.95,173.95,173.95,225,13875,164.15,173.4,174.35
6663,2021-02-19 13:46:00,173.95,173.95,173.95,173.95,225,13875,164.15,173.4,174.35
6664,2021-02-19 13:47:00,173.95,173.95,173.95,173.95,225,13875,164.15,173.4,174.35
6665,2021-02-19 13:48:00,178.0,178.0,178.0,178.0,900,12525,164.36,175.95,176.85
6666,2021-02-19 13:49:00,178.0,178.0,178.0,178.0,900,12525,164.36,175.95,176.85
6667,2021-02-19 13:50:00,178.0,178.0,178.0,178.0,900,12525,164.36,175.95,176.85
6668,2021-02-19 13:51:00,178.0,178.0,178.0,178.0,900,12525,164.36,175.95,176.85
6669,2021-02-19 13:52:00,178.0,178.0,178.0,178.0,900,12525,164.36,175.95,176.85
6670,2021-02-19 13:53:00,178.0,178.0,178.0,178.0,900,12525,164.36,175.95,176.85
6671,2021-02-19 13:54:00,178.0,178.0,178.0,178.0,900,12525,164.36,175.95,176.85
6672,2021-02-19 13:55:00,178.0,178.0,178.0,178.0,900,12525,164.36,175.95,176.85
6673,2021-02-19 13:56:00,178.0,178.0,178.0,178.0,900,12525,164.36,175.95,176.85
6674,2021-02-19 13:57:00,178.0,178.0,178.0,178.0,900,12525,164.36,175.95,176.85
6675,2021-02-19 13:58:00,178.0,178.0,178.0,178.0,900,12525,164.36,175.95,176.85
6676,2021-02-19 13:59:00,178.0,178.0,178.0,178.0,900,12525,164.36,175.95,176.85
6677,2021-02-19 14:00:00,178.0,178.0,178.0,178.0,900,12525,164.36,175.95,176.85
6678,2021-02-19 14:01:00,184.1,184.1,180.75,180.75,750,11700,164.6,183.3,184.35
6679,2021-02-19 14:02:00,184.1,184.1,180.75,180.75,750,11700,164.6,183.3,184.35
6680,2021-02-19 14:03:00,185.7,185.7,185.7,185.7,75,0,164.62,187.05,188.1
6681,2021-02-19 14:04:00,190.15,190.2,190.15,190.2,975,11700,165.03,189.9,192.9
6682,2021-02-19 14:05:00,194.45,194.45,190.9,190.9,300,11700,165.17,188.7,189.8
6683,2021-02-19 14:06:00,190.0,193.4,190.0,193.4,825,11325,165.51,192.4,193.6
6684,2021-02-19 14:07:00,193.25,199.1,193.25,199.1,1050,11325,165.99,196.25,202.6
6685,2021-02-19 14:08:00,200.2,200.3,200.2,200.2,150,11325,166.07,200.55,201.9
6686,2021-02-19 14:09:00,206.5,209.5,206.5,209.5,750,11475,166.56,208.1,210.95
6687,2021-02-19 14:10:00,202.95,202.95,202.6,202.6,150,11475,166.64,201.35,203.45
6688,2021-02-19 14:11:00,204.55,207.15,204.55,206.0,300,11475,166.82,205.05,206.3
6689,2021-02-19 14:12:00,208.75,212.55,208.75,212.55,300,11400,167.02,210.6,212.2
6690,2021-02-19 14:13:00,208.75,212.55,208.75,212.55,300,11400,167.02,210.6,212.2
6691,2021-02-19 14:14:00,208.75,212.55,208.75,212.55,300,11400,167.02,210.6,212.2
6692,2021-02-19 14:15:00,217.35,217.35,217.35,217.35,75,11025,167.08,217.25,218.7
6693,2021-02-19 14:16:00,215.0,215.0,215.0,215.0,75,11025,167.14,208.5,209.8
6694,2021-02-19 14:17:00,213.0,213.55,211.85,211.85,600,11025,167.55,209.8,211.45
6695,2021-02-19 14:18:00,210.8,211.55,209.25,209.25,750,13425,168.03,207.05,209.45
6696,2021-02-19 14:19:00,208.55,209.2,206.6,206.6,375,13425,168.25,205.1,206.85
6697,2021-02-19 14:20:00,207.85,209.9,207.85,208.25,450,13425,168.52,206.1,208.45
6698,2021-02-19 14:21:00,204.15,204.15,204.05,204.05,225,13425,168.64,206.15,207.4
6699,2021-02-19 14:22:00,207.55,207.55,204.7,206.6,600,14475,168.97,206.45,207.65
6700,2021-02-19 14:23:00,208.75,211.45,208.75,211.45,600,14475,169.32,213.05,214.2
6701,2021-02-19 14:24:00,210.8,210.8,210.05,210.8,750,14850,169.76,210.5,211.9
6702,2021-02-19 14:25:00,210.8,210.8,210.05,210.8,750,14850,169.76,210.5,211.9
6703,2021-02-19 14:26:00,209.5,209.5,209.5,209.5,225,0,169.89,206.5,207.45
6704,2021-02-19 14:27:00,208.25,208.25,206.25,206.25,150,15075,169.97,204.55,205.95
6705,2021-02-19 14:28:00,206.0,206.0,200.5,200.5,450,15075,170.18,200.05,201.4
6706,2021-02-19 14:29:00,206.0,206.0,200.5,200.5,450,15075,170.18,200.05,201.4
6707,2021-02-19 14:30:00,199.1,202.8,199.1,202.8,225,15600,170.28,201.55,203.9
6708,2021-02-19 14:31:00,204.2,204.2,204.2,204.2,75,15600,170.32,203.0,204.15
6709,2021-02-19 14:32:00,204.2,204.2,204.2,204.2,75,15600,170.32,203.0,204.15
6710,2021-02-19 14:33:00,204.2,204.2,204.2,204.2,75,15600,170.32,203.0,204.15
6711,2021-02-19 14:34:00,203.35,203.35,203.35,203.35,75,14550,170.35,202.25,203.45
6712,2021-02-19 14:35:00,200.65,200.65,200.65,200.65,75,14550,170.38,201.05,202.5
6713,2021-02-19 14:36:00,205.05,205.05,204.15,204.15,150,14700,170.46,203.6,205.4
6714,2021-02-19 14:37:00,203.6,203.6,203.6,203.6,75,14700,170.49,202.75,203.95
6715,2021-02-19 14:38:00,203.6,203.6,203.6,203.6,75,14700,170.49,202.75,203.95
6716,2021-02-19 14:39:00,203.35,203.35,203.35,203.35,75,14700,170.53,202.35,203.7
6717,2021-02-19 14:40:00,203.35,203.35,203.35,203.35,75,14700,170.53,202.35,203.7
6718,2021-02-19 14:41:00,203.35,203.35,203.35,203.35,75,14700,170.53,202.35,203.7
6719,2021-02-19 14:42:00,202.2,203.55,202.2,203.55,150,14475,170.59,201.85,202.85
6720,2021-02-19 14:43:00,202.2,203.55,202.2,203.55,150,14475,170.59,201.85,202.85
6721,2021-02-19 14:44:00,205.05,206.55,205.05,206.55,225,14475,170.7,207.35,208.6
6722,2021-02-19 14:45:00,210.05,210.05,210.05,210.05,75,12750,170.75,210.9,211.8
6723,2021-02-19 14:46:00,210.05,210.05,210.05,210.05,75,12750,170.75,210.9,211.8
6724,2021-02-19 14:47:00,210.05,210.05,210.05,210.05,75,12750,170.75,210.9,211.8
6725,2021-02-19 14:48:00,208.95,208.95,208.95,208.95,75,12750,170.79,208.65,209.95
6726,2021-02-19 14:49:00,208.95,208.95,208.95,208.95,75,12750,170.79,208.65,209.95
6727,2021-02-19 14:50:00,208.95,208.95,208.95,208.95,75,12750,170.79,208.65,209.95
6728,2021-02-19 14:51:00,208.95,208.95,208.95,208.95,75,12750,170.79,208.65,209.95
6729,2021-02-19 14:52:00,209.1,209.1,209.1,209.1,75,12825,170.83,208.95,210.15
6730,2021-02-19 14:53:00,209.1,209.1,209.1,209.1,75,12825,170.83,208.95,210.15
6731,2021-02-19 14:54:00,209.1,209.1,209.1,209.1,75,12825,170.83,208.95,210.15
6732,2021-02-19 14:55:00,209.1,209.1,209.1,209.1,75,12825,170.83,208.95,210.15
6733,2021-02-19 14:56:00,210.0,210.0,209.0,209.0,225,12900,170.95,208.0,208.75
6734,2021-02-19 14:57:00,209.9,209.9,209.55,209.55,225,12225,171.07,210.3,211.55
6735,2021-02-19 14:58:00,209.9,209.9,209.55,209.55,225,12225,171.07,210.3,211.55
6736,2021-02-19 14:59:00,216.6,216.6,216.6,216.6,225,12225,171.21,216.7,217.6
6737,2021-02-19 15:00:00,216.95,216.95,216.95,216.95,75,12225,171.25,211.5,212.65
6738,2021-02-19 15:01:00,210.95,211.1,210.95,211.1,225,12225,171.38,210.2,211.35
6739,2021-02-19 15:02:00,210.2,210.65,210.1,210.65,300,12225,171.54,210.85,212.1
6740,2021-02-19 15:03:00,211.2,211.2,211.2,211.2,75,12375,171.58,211.5,212.75
6741,2021-02-19 15:04:00,213.15,213.15,209.0,209.0,525,12375,171.86,207.6,208.9
6742,2021-02-19 15:05:00,205.2,206.8,205.2,206.8,150,12375,171.93,205.8,206.85
6743,2021-02-19 15:06:00,205.8,205.8,203.85,203.9,225,12825,172.03,204.15,204.85
6744,2021-02-19 15:07:00,205.0,205.0,200.05,200.05,900,12825,172.4,197.6,199.9
6745,2021-02-19 15:08:00,199.55,200.65,199.25,200.65,1125,12825,172.8,199.15,200.0
6746,2021-02-19 15:09:00,199.3,199.3,194.1,194.1,450,12525,172.94,192.85,194.05
6747,2021-02-19 15:10:00,192.85,195.05,192.8,192.8,900,12525,173.18,191.55,192.0
6748,2021-02-19 15:11:00,192.0,196.2,191.55,194.8,1350,12525,173.52,195.45,196.65
6749,2021-02-19 15:12:00,195.25,195.25,192.15,192.15,975,14925,173.76,191.5,194.25
6750,2021-02-19 15:13:00,193.95,193.95,192.25,192.65,525,14925,173.88,191.0,192.1
6751,2021-02-19 15:14:00,192.0,192.0,190.7,190.7,675,14925,174.03,191.0,191.9
6752,2021-02-19 15:15:00,190.95,190.95,187.35,188.65,825,16500,174.18,187.7,188.7
6753,2021-02-19 15:16:00,190.95,190.95,187.35,188.65,825,16500,174.18,187.7,188.7
6754,2021-02-19 15:17:00,191.55,194.35,191.55,194.35,450,16500,174.28,194.0,194.85
6755,2021-02-19 15:18:00,194.0,194.0,192.6,192.6,600,17250,174.42,192.7,193.9
6756,2021-02-19 15:19:00,192.7,192.7,189.3,189.3,600,17250,174.54,187.65,189.6
6757,2021-02-19 15:20:00,189.2,191.0,189.2,191.0,900,17250,174.7,189.3,191.45
6758,2021-02-19 15:21:00,191.35,191.35,191.35,191.35,75,17250,174.72,190.8,191.85
6759,2021-02-19 15:22:00,193.45,193.45,192.9,192.9,225,18525,174.76,191.0,192.15
6760,2021-02-19 15:23:00,189.2,189.2,189.2,189.2,75,18525,174.78,189.3,190.4
6761,2021-02-19 15:24:00,189.2,189.2,189.2,189.2,75,18525,174.78,189.3,190.4
6762,2021-02-19 15:25:00,187.95,187.95,184.55,184.55,225,18600,174.81,186.55,187.75
6763,2021-02-19 15:26:00,187.5,187.5,178.0,187.0,900,18600,174.92,176.4,187.05
6764,2021-02-19 15:27:00,186.1,187.1,186.1,187.1,1125,18825,175.06,184.7,187.1
6765,2021-02-19 15:28:00,187.1,187.1,187.1,187.1,75,18825,175.07,186.05,189.9
6766,2021-02-19 15:29:00,187.1,187.1,187.1,187.1,75,18825,175.07,186.05,189.9
6767,2021-02-19 15:30:00,187.1,187.1,187.1,187.1,75,18825,175.07,186.05,189.9
6768,2021-02-20 09:15:00,187.1,187.1,187.1,187.1,75,18825,175.07,186.05,189.9
6769,2021-02-20 09:16:00,187.1,187.1,187.1,187.1,75,18825,175.07,186.05,189.9
6770,2021-02-20 09:17:00,187.1,187.1,187.1,187.1,75,18825,175.07,186.05,189.9
6771,2021-02-20 09:18:00,187.1,187.1,187.1,187.1,75,18825,175.07,186.05,189.9
6772,2021-02-20 09:19:00,187.1,187.1,187.1,187.1,75,18825,175.07,186.05,189.9
6773,2021-02-20 09:20:00,187.1,187.1,187.1,187.1,75,18825,175.07,186.05,189.9
6774,2021-02-20 09:21:00,187.1,187.1,187.1,187.1,75,18825,175.07,186.05,189.9
6775,2021-02-20 09:22:00,187.1,187.1,187.1,187.1,75,18825,175.07,186.05,189.9
6776,2021-02-20 09:23:00,187.1,187.1,187.1,187.1,75,18825,175.07,186.05,189.9
6777,2021-02-20 09:24:00,187.1,187.1,187.1,187.1,75,18825,175.07,186.05,189.9
6778,2021-02-20 09:25:00,187.1,187.1,187.1,187.1,75,18825,175.07,186.05,189.9
6779,2021-02-20 09:26:00,187.1,187.1,187.1,187.1,75,18825,175.07,186.05,189.9
6780,2021-02-20 09:27:00,187.1,187.1,187.1,187.1,75,18825,175.07,186.05,189.9
6781,2021-02-20 09:28:00,187.1,187.1,187.1,187.1,75,18825,175.07,186.05,189.9
6782,2021-02-20 09:29:00,187.1,187.1,187.1,187.1,75,18825,175.07,186.05,189.9
6783,2021-02-20 09:30:00,187.1,187.1,187.1,187.1,75,18825,175.07,186.05,189.9
6784,2021-02-20 09:31:00,187.1,187.1,187.1,187.1,75,18825,175.07,186.05,189.9
6785,2021-02-20 09:32:00,187.1,187.1,187.1,187.1,75,18825,175.07,186.05,189.9
6786,2021-02-20 09:33:00,187.1,187.1,187.1,187.1,75,18825,175.07,186.05,189.9
6787,2021-02-20 09:34:00,187.1,187.1,187.1,187.1,75,18825,175.07,186.05,189.9
6788,2021-02-20 09:35:00,187.1,187.1,187.1,187.1,75,18825,175.07,186.05,189.9
6789,2021-02-20 09:36:00,187.1,187.1,187.1,187.1,75,18825,175.07,186.05,189.9
6790,2021-02-20 09:37:00,187.1,187.1,187.1,187.1,75,18825,175.07,186.05,189.9
6791,2021-02-20 09:38:00,187.1,187.1,187.1,187.1,75,18825,175.07,186.05,189.9
6792,2021-02-20 09:39:00,187.1,187.1,187.1,187.1,75,18825,175.07,186.05,189.9
6793,2021-02-20 09:40:00,187.1,187.1,187.1,187.1,75,18825,175.07,186.05,189.9
6794,2021-02-20 09:41:00,187.1,187.1,187.1,187.1,75,18825,175.07,186.05,189.9
6795,2021-02-20 09:42:00,187.1,187.1,187.1,187.1,75,18825,175.07,186.05,189.9
6796,2021-02-20 09:43:00,187.1,187.1,187.1,187.1,75,18825,175.07,186.05,189.9
6797,2021-02-20 09:44:00,187.1,187.1,187.1,187.1,75,18825,175.07,186.05,189.9
6798,2021-02-20 09:45:00,187.1,187.1,187.1,187.1,75,18825,175.07,186.05,189.9
6799,2021-02-20 09:46:00,187.1,187.1,187.1,187.1,75,18825,175.07,186.05,189.9
6800,2021-02-20 09:47:00,187.1,187.1,187.1,187.1,75,18825,175.07,186.05,189.9
6801,2021-02-20 09:48:00,187.1,187.1,187.1,187.1,75,18825,175.07,186.05,189.9
6802,2021-02-20 09:49:00,187.1,187.1,187.1,187.1,75,18825,175.07,186.05,189.9
6803,2021-02-20 09:50:00,187.1,187.1,187.1,187.1,75,18825,175.07,186.05,189.9
6804,2021-02-20 09:51:00,187.1,187.1,187.1,187.1,75,18825,175.07,186.05,189.9
6805,2021-02-20 09:52:00,187.1,187.1,187.1,187.1,75,18825,175.07,186.05,189.9
6806,2021-02-20 09:53:00,187.1,187.1,187.1,187.1,75,18825,175.07,186.05,189.9
6807,2021-02-20 09:54:00,187.1,187.1,187.1,187.1,75,18825,175.07,186.05,189.9
6808,2021-02-20 09:55:00,187.1,187.1,187.1,187.1,75,18825,175.07,186.05,189.9
6809,2021-02-20 09:56:00,187.1,187.1,187.1,187.1,75,18825,175.07,186.05,189.9
6810,2021-02-20 09:57:00,187.1,187.1,187.1,187.1,75,18825,175.07,186.05,189.9
6811,2021-02-20 09:58:00,187.1,187.1,187.1,187.1,75,18825,175.07,186.05,189.9
6812,2021-02-20 09:59:00,187.1,187.1,187.1,187.1,75,18825,175.07,186.05,189.9
6813,2021-02-20 10:00:00,187.1,187.1,187.1,187.1,75,18825,175.07,186.05,189.9
6814,2021-02-20 10:01:00,187.1,187.1,187.1,187.1,75,18825,175.07,186.05,189.9
6815,2021-02-20 10:02:00,187.1,187.1,187.1,187.1,75,18825,175.07,186.05,189.9
6816,2021-02-20 10:03:00,187.1,187.1,187.1,187.1,75,18825,175.07,186.05,189.9
6817,2021-02-20 10:04:00,187.1,187.1,187.1,187.1,75,18825,175.07,186.05,189.9
6818,2021-02-20 10:05:00,187.1,187.1,187.1,187.1,75,18825,175.07,186.05,189.9
6819,2021-02-20 10:06:00,187.1,187.1,187.1,187.1,75,18825,175.07,186.05,189.9
6820,2021-02-20 10:07:00,187.1,187.1,187.1,187.1,75,18825,175.07,186.05,189.9
6821,2021-02-20 10:08:00,187.1,187.1,187.1,187.1,75,18825,175.07,186.05,189.9
6822,2021-02-20 10:09:00,187.1,187.1,187.1,187.1,75,18825,175.07,186.05,189.9
6823,2021-02-20 10:10:00,187.1,187.1,187.1,187.1,75,18825,175.07,186.05,189.9
6824,2021-02-20 10:11:00,187.1,187.1,187.1,187.1,75,18825,175.07,186.05,189.9
6825,2021-02-20 10:12:00,187.1,187.1,187.1,187.1,75,18825,175.07,186.05,189.9
6826,2021-02-20 10:13:00,187.1,187.1,187.1,187.1,75,18825,175.07,186.05,189.9
6827,2021-02-20 10:14:00,187.1,187.1,187.1,187.1,75,18825,175.07,186.05,189.9
6828,2021-02-20 10:15:00,187.1,187.1,187.1,187.1,75,18825,175.07,186.05,189.9
6829,2021-02-20 10:16:00,187.1,187.1,187.1,187.1,75,18825,175.07,186.05,189.9
6830,2021-02-20 10:17:00,187.1,187.1,187.1,187.1,75,18825,175.07,186.05,189.9
6831,2021-02-20 10:18:00,187.1,187.1,187.1,187.1,75,18825,175.07,186.05,189.9
6832,2021-02-20 10:19:00,187.1,187.1,187.1,187.1,75,18825,175.07,186.05,189.9
6833,2021-02-20 10:20:00,187.1,187.1,187.1,187.1,75,18825,175.07,186.05,189.9
6834,2021-02-20 10:21:00,187.1,187.1,187.1,187.1,75,18825,175.07,186.05,189.9
6835,2021-02-20 10:22:00,187.1,187.1,187.1,187.1,75,18825,175.07,186.05,189.9
6836,2021-02-20 10:23:00,187.1,187.1,187.1,187.1,75,18825,175.07,186.05,189.9
6837,2021-02-20 10:24:00,187.1,187.1,187.1,187.1,75,18825,175.07,186.05,189.9
6838,2021-02-20 10:25:00,187.1,187.1,187.1,187.1,75,18825,175.07,186.05,189.9
6839,2021-02-20 10:26:00,187.1,187.1,187.1,187.1,75,18825,175.07,186.05,189.9
6840,2021-02-20 10:27:00,187.1,187.1,187.1,187.1,75,18825,175.07,186.05,189.9
6841,2021-02-20 10:28:00,187.1,187.1,187.1,187.1,75,18825,175.07,186.05,189.9
6842,2021-02-20 10:29:00,187.1,187.1,187.1,187.1,75,18825,175.07,186.05,189.9
6843,2021-02-20 10:30:00,187.1,187.1,187.1,187.1,75,18825,175.07,186.05,189.9
6844,2021-02-20 10:31:00,187.1,187.1,187.1,187.1,75,18825,175.07,186.05,189.9
6845,2021-02-20 10:32:00,187.1,187.1,187.1,187.1,75,18825,175.07,186.05,189.9
6846,2021-02-20 10:33:00,187.1,187.1,187.1,187.1,75,18825,175.07,186.05,189.9
6847,2021-02-20 10:34:00,187.1,187.1,187.1,187.1,75,18825,175.07,186.05,189.9
6848,2021-02-20 10:35:00,187.1,187.1,187.1,187.1,75,18825,175.07,186.05,189.9
6849,2021-02-20 10:36:00,187.1,187.1,187.1,187.1,75,18825,175.07,186.05,189.9
6850,2021-02-20 10:37:00,187.1,187.1,187.1,187.1,75,18825,175.07,186.05,189.9
6851,2021-02-20 10:38:00,187.1,187.1,187.1,187.1,75,18825,175.07,186.05,189.9
6852,2021-02-20 10:39:00,187.1,187.1,187.1,187.1,75,18825,175.07,186.05,189.9
6853,2021-02-20 10:40:00,187.1,187.1,187.1,187.1,75,18825,175.07,186.05,189.9
6854,2021-02-20 10:41:00,187.1,187.1,187.1,187.1,75,18825,175.07,186.05,189.9
6855,2021-02-20 10:42:00,187.1,187.1,187.1,187.1,75,18825,175.07,186.05,189.9
6856,2021-02-20 10:43:00,187.1,187.1,187.1,187.1,75,18825,175.07,186.05,189.9
6857,2021-02-20 10:44:00,187.1,187.1,187.1,187.1,75,18825,175.07,186.05,189.9
6858,2021-02-20 10:45:00,187.1,187.1,187.1,187.1,75,18825,175.07,186.05,189.9
6859,2021-02-20 10:46:00,187.1,187.1,187.1,187.1,75,18825,175.07,186.05,189.9
6860,2021-02-20 10:47:00,187.1,187.1,187.1,187.1,75,18825,175.07,186.05,189.9
6861,2021-02-20 10:48:00,187.1,187.1,187.1,187.1,75,18825,175.07,186.05,189.9
6862,2021-02-20 10:49:00,187.1,187.1,187.1,187.1,75,18825,175.07,186.05,189.9
6863,2021-02-20 10:50:00,187.1,187.1,187.1,187.1,75,18825,175.07,186.05,189.9
6864,2021-02-20 10:51:00,187.1,187.1,187.1,187.1,75,18825,175.07,186.05,189.9
6865,2021-02-20 10:52:00,187.1,187.1,187.1,187.1,75,18825,175.07,186.05,189.9
6866,2021-02-20 10:53:00,187.1,187.1,187.1,187.1,75,18825,175.07,186.05,189.9
6867,2021-02-20 10:54:00,187.1,187.1,187.1,187.1,75,18825,175.07,186.05,189.9
6868,2021-02-20 10:55:00,187.1,187.1,187.1,187.1,75,18825,175.07,186.05,189.9
6869,2021-02-20 10:56:00,187.1,187.1,187.1,187.1,75,18825,175.07,186.05,189.9
6870,2021-02-20 10:57:00,187.1,187.1,187.1,187.1,75,18825,175.07,186.05,189.9
6871,2021-02-20 10:58:00,187.1,187.1,187.1,187.1,75,18825,175.07,186.05,189.9
6872,2021-02-20 10:59:00,187.1,187.1,187.1,187.1,75,18825,175.07,186.05,189.9
6873,2021-02-20 11:00:00,187.1,187.1,187.1,187.1,75,18825,175.07,186.05,189.9
6874,2021-02-20 11:01:00,187.1,187.1,187.1,187.1,75,18825,175.07,186.05,189.9
6875,2021-02-20 11:02:00,187.1,187.1,187.1,187.1,75,18825,175.07,186.05,189.9
6876,2021-02-20 11:03:00,187.1,187.1,187.1,187.1,75,18825,175.07,186.05,189.9
6877,2021-02-20 11:04:00,187.1,187.1,187.1,187.1,75,18825,175.07,186.05,189.9
6878,2021-02-20 11:05:00,187.1,187.1,187.1,187.1,75,18825,175.07,186.05,189.9
6879,2021-02-20 11:06:00,187.1,187.1,187.1,187.1,75,18825,175.07,186.05,189.9
6880,2021-02-20 11:07:00,187.1,187.1,187.1,187.1,75,18825,175.07,186.05,189.9
6881,2021-02-20 11:08:00,187.1,187.1,187.1,187.1,75,18825,175.07,186.05,189.9
6882,2021-02-20 11:09:00,187.1,187.1,187.1,187.1,75,18825,175.07,186.05,189.9
6883,2021-02-20 11:10:00,187.1,187.1,187.1,187.1,75,18825,175.07,186.05,189.9
6884,2021-02-20 11:11:00,187.1,187.1,187.1,187.1,75,18825,175.07,186.05,189.9
6885,2021-02-20 11:12:00,187.1,187.1,187.1,187.1,75,18825,175.07,186.05,189.9
6886,2021-02-20 11:13:00,187.1,187.1,187.1,187.1,75,18825,175.07,186.05,189.9
6887,2021-02-20 11:14:00,187.1,187.1,187.1,187.1,75,18825,175.07,186.05,189.9
6888,2021-02-20 11:15:00,187.1,187.1,187.1,187.1,75,18825,175.07,186.05,189.9
6889,2021-02-20 11:16:00,187.1,187.1,187.1,187.1,75,18825,175.07,186.05,189.9
6890,2021-02-20 11:17:00,187.1,187.1,187.1,187.1,75,18825,175.07,186.05,189.9
6891,2021-02-20 11:18:00,187.1,187.1,187.1,187.1,75,18825,175.07,186.05,189.9
6892,2021-02-20 11:19:00,187.1,187.1,187.1,187.1,75,18825,175.07,186.05,189.9
6893,2021-02-20 11:20:00,187.1,187.1,187.1,187.1,75,18825,175.07,186.05,189.9
6894,2021-02-20 11:21:00,187.1,187.1,187.1,187.1,75,18825,175.07,186.05,189.9
6895,2021-02-20 11:22:00,187.1,187.1,187.1,187.1,75,18825,175.07,186.05,189.9
6896,2021-02-20 11:23:00,187.1,187.1,187.1,187.1,75,18825,175.07,186.05,189.9
6897,2021-02-20 11:24:00,187.1,187.1,187.1,187.1,75,18825,175.07,186.05,189.9
6898,2021-02-20 11:25:00,187.1,187.1,187.1,187.1,75,18825,175.07,186.05,189.9
6899,2021-02-20 11:26:00,187.1,187.1,187.1,187.1,75,18825,175.07,186.05,189.9
6900,2021-02-20 11:27:00,187.1,187.1,187.1,187.1,75,18825,175.07,186.05,189.9
6901,2021-02-20 11:28:00,187.1,187.1,187.1,187.1,75,18825,175.07,186.05,189.9
6902,2021-02-20 11:29:00,187.1,187.1,187.1,187.1,75,18825,175.07,186.05,189.9
6903,2021-02-20 11:30:00,187.1,187.1,187.1,187.1,75,18825,175.07,186.05,189.9
6904,2021-02-20 11:31:00,187.1,187.1,187.1,187.1,75,18825,175.07,186.05,189.9
6905,2021-02-20 11:32:00,187.1,187.1,187.1,187.1,75,18825,175.07,186.05,189.9
6906,2021-02-20 11:33:00,187.1,187.1,187.1,187.1,75,18825,175.07,186.05,189.9
6907,2021-02-20 11:34:00,187.1,187.1,187.1,187.1,75,18825,175.07,186.05,189.9
6908,2021-02-20 11:35:00,187.1,187.1,187.1,187.1,75,18825,175.07,186.05,189.9
6909,2021-02-20 11:36:00,187.1,187.1,187.1,187.1,75,18825,175.07,186.05,189.9
6910,2021-02-20 11:37:00,187.1,187.1,187.1,187.1,75,18825,175.07,186.05,189.9
6911,2021-02-20 11:38:00,187.1,187.1,187.1,187.1,75,18825,175.07,186.05,189.9
6912,2021-02-20 11:39:00,187.1,187.1,187.1,187.1,75,18825,175.07,186.05,189.9
6913,2021-02-20 11:40:00,187.1,187.1,187.1,187.1,75,18825,175.07,186.05,189.9
6914,2021-02-20 11:41:00,187.1,187.1,187.1,187.1,75,18825,175.07,186.05,189.9
6915,2021-02-20 11:42:00,187.1,187.1,187.1,187.1,75,18825,175.07,186.05,189.9
6916,2021-02-20 11:43:00,187.1,187.1,187.1,187.1,75,18825,175.07,186.05,189.9
6917,2021-02-20 11:44:00,187.1,187.1,187.1,187.1,75,18825,175.07,186.05,189.9
6918,2021-02-20 11:45:00,187.1,187.1,187.1,187.1,75,18825,175.07,186.05,189.9
6919,2021-02-20 11:46:00,187.1,187.1,187.1,187.1,75,18825,175.07,186.05,189.9
6920,2021-02-20 11:47:00,187.1,187.1,187.1,187.1,75,18825,175.07,186.05,189.9
6921,2021-02-20 11:48:00,187.1,187.1,187.1,187.1,75,18825,175.07,186.05,189.9
6922,2021-02-20 11:49:00,187.1,187.1,187.1,187.1,75,18825,175.07,186.05,189.9
6923,2021-02-20 11:50:00,187.1,187.1,187.1,187.1,75,18825,175.07,186.05,189.9
6924,2021-02-20 11:51:00,187.1,187.1,187.1,187.1,75,18825,175.07,186.05,189.9
6925,2021-02-20 11:52:00,187.1,187.1,187.1,187.1,75,18825,175.07,186.05,189.9
6926,2021-02-20 11:53:00,187.1,187.1,187.1,187.1,75,18825,175.07,186.05,189.9
6927,2021-02-20 11:54:00,187.1,187.1,187.1,187.1,75,18825,175.07,186.05,189.9
6928,2021-02-20 11:55:00,187.1,187.1,187.1,187.1,75,18825,175.07,186.05,189.9
6929,2021-02-20 11:56:00,187.1,187.1,187.1,187.1,75,18825,175.07,186.05,189.9
6930,2021-02-20 11:57:00,187.1,187.1,187.1,187.1,75,18825,175.07,186.05,189.9
6931,2021-02-20 11:58:00,187.1,187.1,187.1,187.1,75,18825,175.07,186.05,189.9
6932,2021-02-20 11:59:00,187.1,187.1,187.1,187.1,75,18825,175.07,186.05,189.9
6933,2021-02-20 12:00:00,187.1,187.1,187.1,187.1,75,18825,175.07,186.05,189.9
6934,2021-02-20 12:01:00,187.1,187.1,187.1,187.1,75,18825,175.07,186.05,189.9
6935,2021-02-20 12:02:00,187.1,187.1,187.1,187.1,75,18825,175.07,186.05,189.9
6936,2021-02-20 12:03:00,187.1,187.1,187.1,187.1,75,18825,175.07,186.05,189.9
6937,2021-02-20 12:04:00,187.1,187.1,187.1,187.1,75,18825,175.07,186.05,189.9
6938,2021-02-20 12:05:00,187.1,187.1,187.1,187.1,75,18825,175.07,186.05,189.9
6939,2021-02-20 12:06:00,187.1,187.1,187.1,187.1,75,18825,175.07,186.05,189.9
6940,2021-02-20 12:07:00,187.1,187.1,187.1,187.1,75,18825,175.07,186.05,189.9
6941,2021-02-20 12:08:00,187.1,187.1,187.1,187.1,75,18825,175.07,186.05,189.9
6942,2021-02-20 12:09:00,187.1,187.1,187.1,187.1,75,18825,175.07,186.05,189.9
6943,2021-02-20 12:10:00,187.1,187.1,187.1,187.1,75,18825,175.07,186.05,189.9
6944,2021-02-20 12:11:00,187.1,187.1,187.1,187.1,75,18825,175.07,186.05,189.9
6945,2021-02-20 12:12:00,187.1,187.1,187.1,187.1,75,18825,175.07,186.05,189.9
6946,2021-02-20 12:13:00,187.1,187.1,187.1,187.1,75,18825,175.07,186.05,189.9
6947,2021-02-20 12:14:00,187.1,187.1,187.1,187.1,75,18825,175.07,186.05,189.9
6948,2021-02-20 12:15:00,187.1,187.1,187.1,187.1,75,18825,175.07,186.05,189.9
6949,2021-02-20 12:16:00,187.1,187.1,187.1,187.1,75,18825,175.07,186.05,189.9
6950,2021-02-20 12:17:00,187.1,187.1,187.1,187.1,75,18825,175.07,186.05,189.9
6951,2021-02-20 12:18:00,187.1,187.1,187.1,187.1,75,18825,175.07,186.05,189.9
6952,2021-02-20 12:19:00,187.1,187.1,187.1,187.1,75,18825,175.07,186.05,189.9
6953,2021-02-20 12:20:00,187.1,187.1,187.1,187.1,75,18825,175.07,186.05,189.9
6954,2021-02-20 12:21:00,187.1,187.1,187.1,187.1,75,18825,175.07,186.05,189.9
6955,2021-02-20 12:22:00,187.1,187.1,187.1,187.1,75,18825,175.07,186.05,189.9
6956,2021-02-20 12:23:00,187.1,187.1,187.1,187.1,75,18825,175.07,186.05,189.9
6957,2021-02-20 12:24:00,187.1,187.1,187.1,187.1,75,18825,175.07,186.05,189.9
6958,2021-02-20 12:25:00,187.1,187.1,187.1,187.1,75,18825,175.07,186.05,189.9
6959,2021-02-20 12:26:00,187.1,187.1,187.1,187.1,75,18825,175.07,186.05,189.9
6960,2021-02-20 12:27:00,187.1,187.1,187.1,187.1,75,18825,175.07,186.05,189.9
6961,2021-02-20 12:28:00,187.1,187.1,187.1,187.1,75,18825,175.07,186.05,189.9
6962,2021-02-20 12:29:00,187.1,187.1,187.1,187.1,75,18825,175.07,186.05,189.9
6963,2021-02-20 12:30:00,187.1,187.1,187.1,187.1,75,18825,175.07,186.05,189.9
6964,2021-02-20 12:31:00,187.1,187.1,187.1,187.1,75,18825,175.07,186.05,189.9
6965,2021-02-20 12:32:00,187.1,187.1,187.1,187.1,75,18825,175.07,186.05,189.9
6966,2021-02-20 12:33:00,187.1,187.1,187.1,187.1,75,18825,175.07,186.05,189.9
6967,2021-02-20 12:34:00,187.1,187.1,187.1,187.1,75,18825,175.07,186.05,189.9
6968,2021-02-20 12:35:00,187.1,187.1,187.1,187.1,75,18825,175.07,186.05,189.9
6969,2021-02-20 12:36:00,187.1,187.1,187.1,187.1,75,18825,175.07,186.05,189.9
6970,2021-02-20 12:37:00,187.1,187.1,187.1,187.1,75,18825,175.07,186.05,189.9
6971,2021-02-20 12:38:00,187.1,187.1,187.1,187.1,75,18825,175.07,186.05,189.9
6972,2021-02-20 12:39:00,187.1,187.1,187.1,187.1,75,18825,175.07,186.05,189.9
6973,2021-02-20 12:40:00,187.1,187.1,187.1,187.1,75,18825,175.07,186.05,189.9
6974,2021-02-20 12:41:00,187.1,187.1,187.1,187.1,75,18825,175.07,186.05,189.9
6975,2021-02-20 12:42:00,187.1,187.1,187.1,187.1,75,18825,175.07,186.05,189.9
6976,2021-02-20 12:43:00,187.1,187.1,187.1,187.1,75,18825,175.07,186.05,189.9
6977,2021-02-20 12:44:00,187.1,187.1,187.1,187.1,75,18825,175.07,186.05,189.9
6978,2021-02-20 12:45:00,187.1,187.1,187.1,187.1,75,18825,175.07,186.05,189.9
6979,2021-02-20 12:46:00,187.1,187.1,187.1,187.1,75,18825,175.07,186.05,189.9
6980,2021-02-20 12:47:00,187.1,187.1,187.1,187.1,75,18825,175.07,186.05,189.9
6981,2021-02-20 12:48:00,187.1,187.1,187.1,187.1,75,18825,175.07,186.05,189.9
6982,2021-02-20 12:49:00,187.1,187.1,187.1,187.1,75,18825,175.07,186.05,189.9
6983,2021-02-20 12:50:00,187.1,187.1,187.1,187.1,75,18825,175.07,186.05,189.9
6984,2021-02-20 12:51:00,187.1,187.1,187.1,187.1,75,18825,175.07,186.05,189.9
6985,2021-02-20 12:52:00,187.1,187.1,187.1,187.1,75,18825,175.07,186.05,189.9
6986,2021-02-20 12:53:00,187.1,187.1,187.1,187.1,75,18825,175.07,186.05,189.9
6987,2021-02-20 12:54:00,187.1,187.1,187.1,187.1,75,18825,175.07,186.05,189.9
6988,2021-02-20 12:55:00,187.1,187.1,187.1,187.1,75,18825,175.07,186.05,189.9
6989,2021-02-20 12:56:00,187.1,187.1,187.1,187.1,75,18825,175.07,186.05,189.9
6990,2021-02-20 12:57:00,187.1,187.1,187.1,187.1,75,18825,175.07,186.05,189.9
6991,2021-02-20 12:58:00,187.1,187.1,187.1,187.1,75,18825,175.07,186.05,189.9
6992,2021-02-20 12:59:00,187.1,187.1,187.1,187.1,75,18825,175.07,186.05,189.9
6993,2021-02-20 13:00:00,187.1,187.1,187.1,187.1,75,18825,175.07,186.05,189.9
6994,2021-02-20 13:01:00,187.1,187.1,187.1,187.1,75,18825,175.07,186.05,189.9
6995,2021-02-20 13:02:00,187.1,187.1,187.1,187.1,75,18825,175.07,186.05,189.9
6996,2021-02-20 13:03:00,187.1,187.1,187.1,187.1,75,18825,175.07,186.05,189.9
6997,2021-02-20 13:04:00,187.1,187.1,187.1,187.1,75,18825,175.07,186.05,189.9
6998,2021-02-20 13:05:00,187.1,187.1,187.1,187.1,75,18825,175.07,186.05,189.9
6999,2021-02-20 13:06:00,187.1,187.1,187.1,187.1,75,18825,175.07,186.05,189.9
7000,2021-02-20 13:07:00,187.1,187.1,187.1,187.1,75,18825,175.07,186.05,189.9
7001,2021-02-20 13:08:00,187.1,187.1,187.1,187.1,75,18825,175.07,186.05,189.9
7002,2021-02-20 13:09:00,187.1,187.1,187.1,187.1,75,18825,175.07,186.05,189.9
7003,2021-02-20 13:10:00,187.1,187.1,187.1,187.1,75,18825,175.07,186.05,189.9
7004,2021-02-20 13:11:00,187.1,187.1,187.1,187.1,75,18825,175.07,186.05,189.9
7005,2021-02-20 13:12:00,187.1,187.1,187.1,187.1,75,18825,175.07,186.05,189.9
7006,2021-02-20 13:13:00,187.1,187.1,187.1,187.1,75,18825,175.07,186.05,189.9
7007,2021-02-20 13:14:00,187.1,187.1,187.1,187.1,75,18825,175.07,186.05,189.9
7008,2021-02-20 13:15:00,187.1,187.1,187.1,187.1,75,18825,175.07,186.05,189.9
7009,2021-02-20 13:16:00,187.1,187.1,187.1,187.1,75,18825,175.07,186.05,189.9
7010,2021-02-20 13:17:00,187.1,187.1,187.1,187.1,75,18825,175.07,186.05,189.9
7011,2021-02-20 13:18:00,187.1,187.1,187.1,187.1,75,18825,175.07,186.05,189.9
7012,2021-02-20 13:19:00,187.1,187.1,187.1,187.1,75,18825,175.07,186.05,189.9
7013,2021-02-20 13:20:00,187.1,187.1,187.1,187.1,75,18825,175.07,186.05,189.9
7014,2021-02-20 13:21:00,187.1,187.1,187.1,187.1,75,18825,175.07,186.05,189.9
7015,2021-02-20 13:22:00,187.1,187.1,187.1,187.1,75,18825,175.07,186.05,189.9
7016,2021-02-20 13:23:00,187.1,187.1,187.1,187.1,75,18825,175.07,186.05,189.9
7017,2021-02-20 13:24:00,187.1,187.1,187.1,187.1,75,18825,175.07,186.05,189.9
7018,2021-02-20 13:25:00,187.1,187.1,187.1,187.1,75,18825,175.07,186.05,189.9
7019,2021-02-20 13:26:00,187.1,187.1,187.1,187.1,75,18825,175.07,186.05,189.9
7020,2021-02-20 13:27:00,187.1,187.1,187.1,187.1,75,18825,175.07,186.05,189.9
7021,2021-02-20 13:28:00,187.1,187.1,187.1,187.1,75,18825,175.07,186.05,189.9
7022,2021-02-20 13:29:00,187.1,187.1,187.1,187.1,75,18825,175.07,186.05,189.9
7023,2021-02-20 13:30:00,187.1,187.1,187.1,187.1,75,18825,175.07,186.05,189.9
7024,2021-02-20 13:31:00,187.1,187.1,187.1,187.1,75,18825,175.07,186.05,189.9
7025,2021-02-20 13:32:00,187.1,187.1,187.1,187.1,75,18825,175.07,186.05,189.9
7026,2021-02-20 13:33:00,187.1,187.1,187.1,187.1,75,18825,175.07,186.05,189.9
7027,2021-02-20 13:34:00,187.1,187.1,187.1,187.1,75,18825,175.07,186.05,189.9
7028,2021-02-20 13:35:00,187.1,187.1,187.1,187.1,75,18825,175.07,186.05,189.9
7029,2021-02-20 13:36:00,187.1,187.1,187.1,187.1,75,18825,175.07,186.05,189.9
7030,2021-02-20 13:37:00,187.1,187.1,187.1,187.1,75,18825,175.07,186.05,189.9
7031,2021-02-20 13:38:00,187.1,187.1,187.1,187.1,75,18825,175.07,186.05,189.9
7032,2021-02-20 13:39:00,187.1,187.1,187.1,187.1,75,18825,175.07,186.05,189.9
7033,2021-02-20 13:40:00,187.1,187.1,187.1,187.1,75,18825,175.07,186.05,189.9
7034,2021-02-20 13:41:00,187.1,187.1,187.1,187.1,75,18825,175.07,186.05,189.9
7035,2021-02-20 13:42:00,187.1,187.1,187.1,187.1,75,18825,175.07,186.05,189.9
7036,2021-02-20 13:43:00,187.1,187.1,187.1,187.1,75,18825,175.07,186.05,189.9
7037,2021-02-20 13:44:00,187.1,187.1,187.1,187.1,75,18825,175.07,186.05,189.9
7038,2021-02-20 13:45:00,187.1,187.1,187.1,187.1,75,18825,175.07,186.05,189.9
7039,2021-02-20 13:46:00,187.1,187.1,187.1,187.1,75,18825,175.07,186.05,189.9
7040,2021-02-20 13:47:00,187.1,187.1,187.1,187.1,75,18825,175.07,186.05,189.9
7041,2021-02-20 13:48:00,187.1,187.1,187.1,187.1,75,18825,175.07,186.05,189.9
7042,2021-02-20 13:49:00,187.1,187.1,187.1,187.1,75,18825,175.07,186.05,189.9
7043,2021-02-20 13:50:00,187.1,187.1,187.1,187.1,75,18825,175.07,186.05,189.9
7044,2021-02-20 13:51:00,187.1,187.1,187.1,187.1,75,18825,175.07,186.05,189.9
7045,2021-02-20 13:52:00,187.1,187.1,187.1,187.1,75,18825,175.07,186.05,189.9
7046,2021-02-20 13:53:00,187.1,187.1,187.1,187.1,75,18825,175.07,186.05,189.9
7047,2021-02-20 13:54:00,187.1,187.1,187.1,187.1,75,18825,175.07,186.05,189.9
7048,2021-02-20 13:55:00,187.1,187.1,187.1,187.1,75,18825,175.07,186.05,189.9
7049,2021-02-20 13:56:00,187.1,187.1,187.1,187.1,75,18825,175.07,186.05,189.9
7050,2021-02-20 13:57:00,187.1,187.1,187.1,187.1,75,18825,175.07,186.05,189.9
7051,2021-02-20 13:58:00,187.1,187.1,187.1,187.1,75,18825,175.07,186.05,189.9
7052,2021-02-20 13:59:00,187.1,187.1,187.1,187.1,75,18825,175.07,186.05,189.9
7053,2021-02-20 14:00:00,187.1,187.1,187.1,187.1,75,18825,175.07,186.05,189.9
7054,2021-02-20 14:01:00,187.1,187.1,187.1,187.1,75,18825,175.07,186.05,189.9
7055,2021-02-20 14:02:00,187.1,187.1,187.1,187.1,75,18825,175.07,186.05,189.9
7056,2021-02-20 14:03:00,187.1,187.1,187.1,187.1,75,18825,175.07,186.05,189.9
7057,2021-02-20 14:04:00,187.1,187.1,187.1,187.1,75,18825,175.07,186.05,189.9
7058,2021-02-20 14:05:00,187.1,187.1,187.1,187.1,75,18825,175.07,186.05,189.9
7059,2021-02-20 14:06:00,187.1,187.1,187.1,187.1,75,18825,175.07,186.05,189.9
7060,2021-02-20 14:07:00,187.1,187.1,187.1,187.1,75,18825,175.07,186.05,189.9
7061,2021-02-20 14:08:00,187.1,187.1,187.1,187.1,75,18825,175.07,186.05,189.9
7062,2021-02-20 14:09:00,187.1,187.1,187.1,187.1,75,18825,175.07,186.05,189.9
7063,2021-02-20 14:10:00,187.1,187.1,187.1,187.1,75,18825,175.07,186.05,189.9
7064,2021-02-20 14:11:00,187.1,187.1,187.1,187.1,75,18825,175.07,186.05,189.9
7065,2021-02-20 14:12:00,187.1,187.1,187.1,187.1,75,18825,175.07,186.05,189.9
7066,2021-02-20 14:13:00,187.1,187.1,187.1,187.1,75,18825,175.07,186.05,189.9
7067,2021-02-20 14:14:00,187.1,187.1,187.1,187.1,75,18825,175.07,186.05,189.9
7068,2021-02-20 14:15:00,187.1,187.1,187.1,187.1,75,18825,175.07,186.05,189.9
7069,2021-02-20 14:16:00,187.1,187.1,187.1,187.1,75,18825,175.07,186.05,189.9
7070,2021-02-20 14:17:00,187.1,187.1,187.1,187.1,75,18825,175.07,186.05,189.9
7071,2021-02-20 14:18:00,187.1,187.1,187.1,187.1,75,18825,175.07,186.05,189.9
7072,2021-02-20 14:19:00,187.1,187.1,187.1,187.1,75,18825,175.07,186.05,189.9
7073,2021-02-20 14:20:00,187.1,187.1,187.1,187.1,75,18825,175.07,186.05,189.9
7074,2021-02-20 14:21:00,187.1,187.1,187.1,187.1,75,18825,175.07,186.05,189.9
7075,2021-02-20 14:22:00,187.1,187.1,187.1,187.1,75,18825,175.07,186.05,189.9
7076,2021-02-20 14:23:00,187.1,187.1,187.1,187.1,75,18825,175.07,186.05,189.9
7077,2021-02-20 14:24:00,187.1,187.1,187.1,187.1,75,18825,175.07,186.05,189.9
7078,2021-02-20 14:25:00,187.1,187.1,187.1,187.1,75,18825,175.07,186.05,189.9
7079,2021-02-20 14:26:00,187.1,187.1,187.1,187.1,75,18825,175.07,186.05,189.9
7080,2021-02-20 14:27:00,187.1,187.1,187.1,187.1,75,18825,175.07,186.05,189.9
7081,2021-02-20 14:28:00,187.1,187.1,187.1,187.1,75,18825,175.07,186.05,189.9
7082,2021-02-20 14:29:00,187.1,187.1,187.1,187.1,75,18825,175.07,186.05,189.9
7083,2021-02-20 14:30:00,187.1,187.1,187.1,187.1,75,18825,175.07,186.05,189.9
7084,2021-02-20 14:31:00,187.1,187.1,187.1,187.1,75,18825,175.07,186.05,189.9
7085,2021-02-20 14:32:00,187.1,187.1,187.1,187.1,75,18825,175.07,186.05,189.9
7086,2021-02-20 14:33:00,187.1,187.1,187.1,187.1,75,18825,175.07,186.05,189.9
7087,2021-02-20 14:34:00,187.1,187.1,187.1,187.1,75,18825,175.07,186.05,189.9
7088,2021-02-20 14:35:00,187.1,187.1,187.1,187.1,75,18825,175.07,186.05,189.9
7089,2021-02-20 14:36:00,187.1,187.1,187.1,187.1,75,18825,175.07,186.05,189.9
7090,2021-02-20 14:37:00,187.1,187.1,187.1,187.1,75,18825,175.07,186.05,189.9
7091,2021-02-20 14:38:00,187.1,187.1,187.1,187.1,75,18825,175.07,186.05,189.9
7092,2021-02-20 14:39:00,187.1,187.1,187.1,187.1,75,18825,175.07,186.05,189.9
7093,2021-02-20 14:40:00,187.1,187.1,187.1,187.1,75,18825,175.07,186.05,189.9
7094,2021-02-20 14:41:00,187.1,187.1,187.1,187.1,75,18825,175.07,186.05,189.9
7095,2021-02-20 14:42:00,187.1,187.1,187.1,187.1,75,18825,175.07,186.05,189.9
7096,2021-02-20 14:43:00,187.1,187.1,187.1,187.1,75,18825,175.07,186.05,189.9
7097,2021-02-20 14:44:00,187.1,187.1,187.1,187.1,75,18825,175.07,186.05,189.9
7098,2021-02-20 14:45:00,187.1,187.1,187.1,187.1,75,18825,175.07,186.05,189.9
7099,2021-02-20 14:46:00,187.1,187.1,187.1,187.1,75,18825,175.07,186.05,189.9
7100,2021-02-20 14:47:00,187.1,187.1,187.1,187.1,75,18825,175.07,186.05,189.9
7101,2021-02-20 14:48:00,187.1,187.1,187.1,187.1,75,18825,175.07,186.05,189.9
7102,2021-02-20 14:49:00,187.1,187.1,187.1,187.1,75,18825,175.07,186.05,189.9
7103,2021-02-20 14:50:00,187.1,187.1,187.1,187.1,75,18825,175.07,186.05,189.9
7104,2021-02-20 14:51:00,187.1,187.1,187.1,187.1,75,18825,175.07,186.05,189.9
7105,2021-02-20 14:52:00,187.1,187.1,187.1,187.1,75,18825,175.07,186.05,189.9
7106,2021-02-20 14:53:00,187.1,187.1,187.1,187.1,75,18825,175.07,186.05,189.9
7107,2021-02-20 14:54:00,187.1,187.1,187.1,187.1,75,18825,175.07,186.05,189.9
7108,2021-02-20 14:55:00,187.1,187.1,187.1,187.1,75,18825,175.07,186.05,189.9
7109,2021-02-20 14:56:00,187.1,187.1,187.1,187.1,75,18825,175.07,186.05,189.9
7110,2021-02-20 14:57:00,187.1,187.1,187.1,187.1,75,18825,175.07,186.05,189.9
7111,2021-02-20 14:58:00,187.1,187.1,187.1,187.1,75,18825,175.07,186.05,189.9
7112,2021-02-20 14:59:00,187.1,187.1,187.1,187.1,75,18825,175.07,186.05,189.9
7113,2021-02-20 15:00:00,187.1,187.1,187.1,187.1,75,18825,175.07,186.05,189.9
7114,2021-02-20 15:01:00,187.1,187.1,187.1,187.1,75,18825,175.07,186.05,189.9
7115,2021-02-20 15:02:00,187.1,187.1,187.1,187.1,75,18825,175.07,186.05,189.9
7116,2021-02-20 15:03:00,187.1,187.1,187.1,187.1,75,18825,175.07,186.05,189.9
7117,2021-02-20 15:04:00,187.1,187.1,187.1,187.1,75,18825,175.07,186.05,189.9
7118,2021-02-20 15:05:00,187.1,187.1,187.1,187.1,75,18825,175.07,186.05,189.9
7119,2021-02-20 15:06:00,187.1,187.1,187.1,187.1,75,18825,175.07,186.05,189.9
7120,2021-02-20 15:07:00,187.1,187.1,187.1,187.1,75,18825,175.07,186.05,189.9
7121,2021-02-20 15:08:00,187.1,187.1,187.1,187.1,75,18825,175.07,186.05,189.9
7122,2021-02-20 15:09:00,187.1,187.1,187.1,187.1,75,18825,175.07,186.05,189.9
7123,2021-02-20 15:10:00,187.1,187.1,187.1,187.1,75,18825,175.07,186.05,189.9
7124,2021-02-20 15:11:00,187.1,187.1,187.1,187.1,75,18825,175.07,186.05,189.9
7125,2021-02-20 15:12:00,187.1,187.1,187.1,187.1,75,18825,175.07,186.05,189.9
7126,2021-02-20 15:13:00,187.1,187.1,187.1,187.1,75,18825,175.07,186.05,189.9
7127,2021-02-20 15:14:00,187.1,187.1,187.1,187.1,75,18825,175.07,186.05,189.9
7128,2021-02-20 15:15:00,187.1,187.1,187.1,187.1,75,18825,175.07,186.05,189.9
7129,2021-02-20 15:16:00,187.1,187.1,187.1,187.1,75,18825,175.07,186.05,189.9
7130,2021-02-20 15:17:00,187.1,187.1,187.1,187.1,75,18825,175.07,186.05,189.9
7131,2021-02-20 15:18:00,187.1,187.1,187.1,187.1,75,18825,175.07,186.05,189.9
7132,2021-02-20 15:19:00,187.1,187.1,187.1,187.1,75,18825,175.07,186.05,189.9
7133,2021-02-20 15:20:00,187.1,187.1,187.1,187.1,75,18825,175.07,186.05,189.9
7134,2021-02-20 15:21:00,187.1,187.1,187.1,187.1,75,18825,175.07,186.05,189.9
7135,2021-02-20 15:22:00,187.1,187.1,187.1,187.1,75,18825,175.07,186.05,189.9
7136,2021-02-20 15:23:00,187.1,187.1,187.1,187.1,75,18825,175.07,186.05,189.9
7137,2021-02-20 15:24:00,187.1,187.1,187.1,187.1,75,18825,175.07,186.05,189.9
7138,2021-02-20 15:25:00,187.1,187.1,187.1,187.1,75,18825,175.07,186.05,189.9
7139,2021-02-20 15:26:00,187.1,187.1,187.1,187.1,75,18825,175.07,186.05,189.9
7140,2021-02-20 15:27:00,187.1,187.1,187.1,187.1,75,18825,175.07,186.05,189.9
7141,2021-02-20 15:28:00,187.1,187.1,187.1,187.1,75,18825,175.07,186.05,189.9
7142,2021-02-20 15:29:00,187.1,187.1,187.1,187.1,75,18825,175.07,186.05,189.9
7143,2021-02-20 15:30:00,187.1,187.1,187.1,187.1,75,18825,175.07,186.05,189.9
7144,2021-02-21 09:15:00,187.1,187.1,187.1,187.1,75,18825,175.07,186.05,189.9
7145,2021-02-21 09:16:00,187.1,187.1,187.1,187.1,75,18825,175.07,186.05,189.9
7146,2021-02-21 09:17:00,187.1,187.1,187.1,187.1,75,18825,175.07,186.05,189.9
7147,2021-02-21 09:18:00,187.1,187.1,187.1,187.1,75,18825,175.07,186.05,189.9
7148,2021-02-21 09:19:00,187.1,187.1,187.1,187.1,75,18825,175.07,186.05,189.9
7149,2021-02-21 09:20:00,187.1,187.1,187.1,187.1,75,18825,175.07,186.05,189.9
7150,2021-02-21 09:21:00,187.1,187.1,187.1,187.1,75,18825,175.07,186.05,189.9
7151,2021-02-21 09:22:00,187.1,187.1,187.1,187.1,75,18825,175.07,186.05,189.9
7152,2021-02-21 09:23:00,187.1,187.1,187.1,187.1,75,18825,175.07,186.05,189.9
7153,2021-02-21 09:24:00,187.1,187.1,187.1,187.1,75,18825,175.07,186.05,189.9
7154,2021-02-21 09:25:00,187.1,187.1,187.1,187.1,75,18825,175.07,186.05,189.9
7155,2021-02-21 09:26:00,187.1,187.1,187.1,187.1,75,18825,175.07,186.05,189.9
7156,2021-02-21 09:27:00,187.1,187.1,187.1,187.1,75,18825,175.07,186.05,189.9
7157,2021-02-21 09:28:00,187.1,187.1,187.1,187.1,75,18825,175.07,186.05,189.9
7158,2021-02-21 09:29:00,187.1,187.1,187.1,187.1,75,18825,175.07,186.05,189.9
7159,2021-02-21 09:30:00,187.1,187.1,187.1,187.1,75,18825,175.07,186.05,189.9
7160,2021-02-21 09:31:00,187.1,187.1,187.1,187.1,75,18825,175.07,186.05,189.9
7161,2021-02-21 09:32:00,187.1,187.1,187.1,187.1,75,18825,175.07,186.05,189.9
7162,2021-02-21 09:33:00,187.1,187.1,187.1,187.1,75,18825,175.07,186.05,189.9
7163,2021-02-21 09:34:00,187.1,187.1,187.1,187.1,75,18825,175.07,186.05,189.9
7164,2021-02-21 09:35:00,187.1,187.1,187.1,187.1,75,18825,175.07,186.05,189.9
7165,2021-02-21 09:36:00,187.1,187.1,187.1,187.1,75,18825,175.07,186.05,189.9
7166,2021-02-21 09:37:00,187.1,187.1,187.1,187.1,75,18825,175.07,186.05,189.9
7167,2021-02-21 09:38:00,187.1,187.1,187.1,187.1,75,18825,175.07,186.05,189.9
7168,2021-02-21 09:39:00,187.1,187.1,187.1,187.1,75,18825,175.07,186.05,189.9
7169,2021-02-21 09:40:00,187.1,187.1,187.1,187.1,75,18825,175.07,186.05,189.9
7170,2021-02-21 09:41:00,187.1,187.1,187.1,187.1,75,18825,175.07,186.05,189.9
7171,2021-02-21 09:42:00,187.1,187.1,187.1,187.1,75,18825,175.07,186.05,189.9
7172,2021-02-21 09:43:00,187.1,187.1,187.1,187.1,75,18825,175.07,186.05,189.9
7173,2021-02-21 09:44:00,187.1,187.1,187.1,187.1,75,18825,175.07,186.05,189.9
7174,2021-02-21 09:45:00,187.1,187.1,187.1,187.1,75,18825,175.07,186.05,189.9
7175,2021-02-21 09:46:00,187.1,187.1,187.1,187.1,75,18825,175.07,186.05,189.9
7176,2021-02-21 09:47:00,187.1,187.1,187.1,187.1,75,18825,175.07,186.05,189.9
7177,2021-02-21 09:48:00,187.1,187.1,187.1,187.1,75,18825,175.07,186.05,189.9
7178,2021-02-21 09:49:00,187.1,187.1,187.1,187.1,75,18825,175.07,186.05,189.9
7179,2021-02-21 09:50:00,187.1,187.1,187.1,187.1,75,18825,175.07,186.05,189.9
7180,2021-02-21 09:51:00,187.1,187.1,187.1,187.1,75,18825,175.07,186.05,189.9
7181,2021-02-21 09:52:00,187.1,187.1,187.1,187.1,75,18825,175.07,186.05,189.9
7182,2021-02-21 09:53:00,187.1,187.1,187.1,187.1,75,18825,175.07,186.05,189.9
7183,2021-02-21 09:54:00,187.1,187.1,187.1,187.1,75,18825,175.07,186.05,189.9
7184,2021-02-21 09:55:00,187.1,187.1,187.1,187.1,75,18825,175.07,186.05,189.9
7185,2021-02-21 09:56:00,187.1,187.1,187.1,187.1,75,18825,175.07,186.05,189.9
7186,2021-02-21 09:57:00,187.1,187.1,187.1,187.1,75,18825,175.07,186.05,189.9
7187,2021-02-21 09:58:00,187.1,187.1,187.1,187.1,75,18825,175.07,186.05,189.9
7188,2021-02-21 09:59:00,187.1,187.1,187.1,187.1,75,18825,175.07,186.05,189.9
7189,2021-02-21 10:00:00,187.1,187.1,187.1,187.1,75,18825,175.07,186.05,189.9
7190,2021-02-21 10:01:00,187.1,187.1,187.1,187.1,75,18825,175.07,186.05,189.9
7191,2021-02-21 10:02:00,187.1,187.1,187.1,187.1,75,18825,175.07,186.05,189.9
7192,2021-02-21 10:03:00,187.1,187.1,187.1,187.1,75,18825,175.07,186.05,189.9
7193,2021-02-21 10:04:00,187.1,187.1,187.1,187.1,75,18825,175.07,186.05,189.9
7194,2021-02-21 10:05:00,187.1,187.1,187.1,187.1,75,18825,175.07,186.05,189.9
7195,2021-02-21 10:06:00,187.1,187.1,187.1,187.1,75,18825,175.07,186.05,189.9
7196,2021-02-21 10:07:00,187.1,187.1,187.1,187.1,75,18825,175.07,186.05,189.9
7197,2021-02-21 10:08:00,187.1,187.1,187.1,187.1,75,18825,175.07,186.05,189.9
7198,2021-02-21 10:09:00,187.1,187.1,187.1,187.1,75,18825,175.07,186.05,189.9
7199,2021-02-21 10:10:00,187.1,187.1,187.1,187.1,75,18825,175.07,186.05,189.9
7200,2021-02-21 10:11:00,187.1,187.1,187.1,187.1,75,18825,175.07,186.05,189.9
7201,2021-02-21 10:12:00,187.1,187.1,187.1,187.1,75,18825,175.07,186.05,189.9
7202,2021-02-21 10:13:00,187.1,187.1,187.1,187.1,75,18825,175.07,186.05,189.9
7203,2021-02-21 10:14:00,187.1,187.1,187.1,187.1,75,18825,175.07,186.05,189.9
7204,2021-02-21 10:15:00,187.1,187.1,187.1,187.1,75,18825,175.07,186.05,189.9
7205,2021-02-21 10:16:00,187.1,187.1,187.1,187.1,75,18825,175.07,186.05,189.9
7206,2021-02-21 10:17:00,187.1,187.1,187.1,187.1,75,18825,175.07,186.05,189.9
7207,2021-02-21 10:18:00,187.1,187.1,187.1,187.1,75,18825,175.07,186.05,189.9
7208,2021-02-21 10:19:00,187.1,187.1,187.1,187.1,75,18825,175.07,186.05,189.9
7209,2021-02-21 10:20:00,187.1,187.1,187.1,187.1,75,18825,175.07,186.05,189.9
7210,2021-02-21 10:21:00,187.1,187.1,187.1,187.1,75,18825,175.07,186.05,189.9
7211,2021-02-21 10:22:00,187.1,187.1,187.1,187.1,75,18825,175.07,186.05,189.9
7212,2021-02-21 10:23:00,187.1,187.1,187.1,187.1,75,18825,175.07,186.05,189.9
7213,2021-02-21 10:24:00,187.1,187.1,187.1,187.1,75,18825,175.07,186.05,189.9
7214,2021-02-21 10:25:00,187.1,187.1,187.1,187.1,75,18825,175.07,186.05,189.9
7215,2021-02-21 10:26:00,187.1,187.1,187.1,187.1,75,18825,175.07,186.05,189.9
7216,2021-02-21 10:27:00,187.1,187.1,187.1,187.1,75,18825,175.07,186.05,189.9
7217,2021-02-21 10:28:00,187.1,187.1,187.1,187.1,75,18825,175.07,186.05,189.9
7218,2021-02-21 10:29:00,187.1,187.1,187.1,187.1,75,18825,175.07,186.05,189.9
7219,2021-02-21 10:30:00,187.1,187.1,187.1,187.1,75,18825,175.07,186.05,189.9
7220,2021-02-21 10:31:00,187.1,187.1,187.1,187.1,75,18825,175.07,186.05,189.9
7221,2021-02-21 10:32:00,187.1,187.1,187.1,187.1,75,18825,175.07,186.05,189.9
7222,2021-02-21 10:33:00,187.1,187.1,187.1,187.1,75,18825,175.07,186.05,189.9
7223,2021-02-21 10:34:00,187.1,187.1,187.1,187.1,75,18825,175.07,186.05,189.9
7224,2021-02-21 10:35:00,187.1,187.1,187.1,187.1,75,18825,175.07,186.05,189.9
7225,2021-02-21 10:36:00,187.1,187.1,187.1,187.1,75,18825,175.07,186.05,189.9
7226,2021-02-21 10:37:00,187.1,187.1,187.1,187.1,75,18825,175.07,186.05,189.9
7227,2021-02-21 10:38:00,187.1,187.1,187.1,187.1,75,18825,175.07,186.05,189.9
7228,2021-02-21 10:39:00,187.1,187.1,187.1,187.1,75,18825,175.07,186.05,189.9
7229,2021-02-21 10:40:00,187.1,187.1,187.1,187.1,75,18825,175.07,186.05,189.9
7230,2021-02-21 10:41:00,187.1,187.1,187.1,187.1,75,18825,175.07,186.05,189.9
7231,2021-02-21 10:42:00,187.1,187.1,187.1,187.1,75,18825,175.07,186.05,189.9
7232,2021-02-21 10:43:00,187.1,187.1,187.1,187.1,75,18825,175.07,186.05,189.9
7233,2021-02-21 10:44:00,187.1,187.1,187.1,187.1,75,18825,175.07,186.05,189.9
7234,2021-02-21 10:45:00,187.1,187.1,187.1,187.1,75,18825,175.07,186.05,189.9
7235,2021-02-21 10:46:00,187.1,187.1,187.1,187.1,75,18825,175.07,186.05,189.9
7236,2021-02-21 10:47:00,187.1,187.1,187.1,187.1,75,18825,175.07,186.05,189.9
7237,2021-02-21 10:48:00,187.1,187.1,187.1,187.1,75,18825,175.07,186.05,189.9
7238,2021-02-21 10:49:00,187.1,187.1,187.1,187.1,75,18825,175.07,186.05,189.9
7239,2021-02-21 10:50:00,187.1,187.1,187.1,187.1,75,18825,175.07,186.05,189.9
7240,2021-02-21 10:51:00,187.1,187.1,187.1,187.1,75,18825,175.07,186.05,189.9
7241,2021-02-21 10:52:00,187.1,187.1,187.1,187.1,75,18825,175.07,186.05,189.9
7242,2021-02-21 10:53:00,187.1,187.1,187.1,187.1,75,18825,175.07,186.05,189.9
7243,2021-02-21 10:54:00,187.1,187.1,187.1,187.1,75,18825,175.07,186.05,189.9
7244,2021-02-21 10:55:00,187.1,187.1,187.1,187.1,75,18825,175.07,186.05,189.9
7245,2021-02-21 10:56:00,187.1,187.1,187.1,187.1,75,18825,175.07,186.05,189.9
7246,2021-02-21 10:57:00,187.1,187.1,187.1,187.1,75,18825,175.07,186.05,189.9
7247,2021-02-21 10:58:00,187.1,187.1,187.1,187.1,75,18825,175.07,186.05,189.9
7248,2021-02-21 10:59:00,187.1,187.1,187.1,187.1,75,18825,175.07,186.05,189.9
7249,2021-02-21 11:00:00,187.1,187.1,187.1,187.1,75,18825,175.07,186.05,189.9
7250,2021-02-21 11:01:00,187.1,187.1,187.1,187.1,75,18825,175.07,186.05,189.9
7251,2021-02-21 11:02:00,187.1,187.1,187.1,187.1,75,18825,175.07,186.05,189.9
7252,2021-02-21 11:03:00,187.1,187.1,187.1,187.1,75,18825,175.07,186.05,189.9
7253,2021-02-21 11:04:00,187.1,187.1,187.1,187.1,75,18825,175.07,186.05,189.9
7254,2021-02-21 11:05:00,187.1,187.1,187.1,187.1,75,18825,175.07,186.05,189.9
7255,2021-02-21 11:06:00,187.1,187.1,187.1,187.1,75,18825,175.07,186.05,189.9
7256,2021-02-21 11:07:00,187.1,187.1,187.1,187.1,75,18825,175.07,186.05,189.9
7257,2021-02-21 11:08:00,187.1,187.1,187.1,187.1,75,18825,175.07,186.05,189.9
7258,2021-02-21 11:09:00,187.1,187.1,187.1,187.1,75,18825,175.07,186.05,189.9
7259,2021-02-21 11:10:00,187.1,187.1,187.1,187.1,75,18825,175.07,186.05,189.9
7260,2021-02-21 11:11:00,187.1,187.1,187.1,187.1,75,18825,175.07,186.05,189.9
7261,2021-02-21 11:12:00,187.1,187.1,187.1,187.1,75,18825,175.07,186.05,189.9
7262,2021-02-21 11:13:00,187.1,187.1,187.1,187.1,75,18825,175.07,186.05,189.9
7263,2021-02-21 11:14:00,187.1,187.1,187.1,187.1,75,18825,175.07,186.05,189.9
7264,2021-02-21 11:15:00,187.1,187.1,187.1,187.1,75,18825,175.07,186.05,189.9
7265,2021-02-21 11:16:00,187.1,187.1,187.1,187.1,75,18825,175.07,186.05,189.9
7266,2021-02-21 11:17:00,187.1,187.1,187.1,187.1,75,18825,175.07,186.05,189.9
7267,2021-02-21 11:18:00,187.1,187.1,187.1,187.1,75,18825,175.07,186.05,189.9
7268,2021-02-21 11:19:00,187.1,187.1,187.1,187.1,75,18825,175.07,186.05,189.9
7269,2021-02-21 11:20:00,187.1,187.1,187.1,187.1,75,18825,175.07,186.05,189.9
7270,2021-02-21 11:21:00,187.1,187.1,187.1,187.1,75,18825,175.07,186.05,189.9
7271,2021-02-21 11:22:00,187.1,187.1,187.1,187.1,75,18825,175.07,186.05,189.9
7272,2021-02-21 11:23:00,187.1,187.1,187.1,187.1,75,18825,175.07,186.05,189.9
7273,2021-02-21 11:24:00,187.1,187.1,187.1,187.1,75,18825,175.07,186.05,189.9
7274,2021-02-21 11:25:00,187.1,187.1,187.1,187.1,75,18825,175.07,186.05,189.9
7275,2021-02-21 11:26:00,187.1,187.1,187.1,187.1,75,18825,175.07,186.05,189.9
7276,2021-02-21 11:27:00,187.1,187.1,187.1,187.1,75,18825,175.07,186.05,189.9
7277,2021-02-21 11:28:00,187.1,187.1,187.1,187.1,75,18825,175.07,186.05,189.9
7278,2021-02-21 11:29:00,187.1,187.1,187.1,187.1,75,18825,175.07,186.05,189.9
7279,2021-02-21 11:30:00,187.1,187.1,187.1,187.1,75,18825,175.07,186.05,189.9
7280,2021-02-21 11:31:00,187.1,187.1,187.1,187.1,75,18825,175.07,186.05,189.9
7281,2021-02-21 11:32:00,187.1,187.1,187.1,187.1,75,18825,175.07,186.05,189.9
7282,2021-02-21 11:33:00,187.1,187.1,187.1,187.1,75,18825,175.07,186.05,189.9
7283,2021-02-21 11:34:00,187.1,187.1,187.1,187.1,75,18825,175.07,186.05,189.9
7284,2021-02-21 11:35:00,187.1,187.1,187.1,187.1,75,18825,175.07,186.05,189.9
7285,2021-02-21 11:36:00,187.1,187.1,187.1,187.1,75,18825,175.07,186.05,189.9
7286,2021-02-21 11:37:00,187.1,187.1,187.1,187.1,75,18825,175.07,186.05,189.9
7287,2021-02-21 11:38:00,187.1,187.1,187.1,187.1,75,18825,175.07,186.05,189.9
7288,2021-02-21 11:39:00,187.1,187.1,187.1,187.1,75,18825,175.07,186.05,189.9
7289,2021-02-21 11:40:00,187.1,187.1,187.1,187.1,75,18825,175.07,186.05,189.9
7290,2021-02-21 11:41:00,187.1,187.1,187.1,187.1,75,18825,175.07,186.05,189.9
7291,2021-02-21 11:42:00,187.1,187.1,187.1,187.1,75,18825,175.07,186.05,189.9
7292,2021-02-21 11:43:00,187.1,187.1,187.1,187.1,75,18825,175.07,186.05,189.9
7293,2021-02-21 11:44:00,187.1,187.1,187.1,187.1,75,18825,175.07,186.05,189.9
7294,2021-02-21 11:45:00,187.1,187.1,187.1,187.1,75,18825,175.07,186.05,189.9
7295,2021-02-21 11:46:00,187.1,187.1,187.1,187.1,75,18825,175.07,186.05,189.9
7296,2021-02-21 11:47:00,187.1,187.1,187.1,187.1,75,18825,175.07,186.05,189.9
7297,2021-02-21 11:48:00,187.1,187.1,187.1,187.1,75,18825,175.07,186.05,189.9
7298,2021-02-21 11:49:00,187.1,187.1,187.1,187.1,75,18825,175.07,186.05,189.9
7299,2021-02-21 11:50:00,187.1,187.1,187.1,187.1,75,18825,175.07,186.05,189.9
7300,2021-02-21 11:51:00,187.1,187.1,187.1,187.1,75,18825,175.07,186.05,189.9
7301,2021-02-21 11:52:00,187.1,187.1,187.1,187.1,75,18825,175.07,186.05,189.9
7302,2021-02-21 11:53:00,187.1,187.1,187.1,187.1,75,18825,175.07,186.05,189.9
7303,2021-02-21 11:54:00,187.1,187.1,187.1,187.1,75,18825,175.07,186.05,189.9
7304,2021-02-21 11:55:00,187.1,187.1,187.1,187.1,75,18825,175.07,186.05,189.9
7305,2021-02-21 11:56:00,187.1,187.1,187.1,187.1,75,18825,175.07,186.05,189.9
7306,2021-02-21 11:57:00,187.1,187.1,187.1,187.1,75,18825,175.07,186.05,189.9
7307,2021-02-21 11:58:00,187.1,187.1,187.1,187.1,75,18825,175.07,186.05,189.9
7308,2021-02-21 11:59:00,187.1,187.1,187.1,187.1,75,18825,175.07,186.05,189.9
7309,2021-02-21 12:00:00,187.1,187.1,187.1,187.1,75,18825,175.07,186.05,189.9
7310,2021-02-21 12:01:00,187.1,187.1,187.1,187.1,75,18825,175.07,186.05,189.9
7311,2021-02-21 12:02:00,187.1,187.1,187.1,187.1,75,18825,175.07,186.05,189.9
7312,2021-02-21 12:03:00,187.1,187.1,187.1,187.1,75,18825,175.07,186.05,189.9
7313,2021-02-21 12:04:00,187.1,187.1,187.1,187.1,75,18825,175.07,186.05,189.9
7314,2021-02-21 12:05:00,187.1,187.1,187.1,187.1,75,18825,175.07,186.05,189.9
7315,2021-02-21 12:06:00,187.1,187.1,187.1,187.1,75,18825,175.07,186.05,189.9
7316,2021-02-21 12:07:00,187.1,187.1,187.1,187.1,75,18825,175.07,186.05,189.9
7317,2021-02-21 12:08:00,187.1,187.1,187.1,187.1,75,18825,175.07,186.05,189.9
7318,2021-02-21 12:09:00,187.1,187.1,187.1,187.1,75,18825,175.07,186.05,189.9
7319,2021-02-21 12:10:00,187.1,187.1,187.1,187.1,75,18825,175.07,186.05,189.9
7320,2021-02-21 12:11:00,187.1,187.1,187.1,187.1,75,18825,175.07,186.05,189.9
7321,2021-02-21 12:12:00,187.1,187.1,187.1,187.1,75,18825,175.07,186.05,189.9
7322,2021-02-21 12:13:00,187.1,187.1,187.1,187.1,75,18825,175.07,186.05,189.9
7323,2021-02-21 12:14:00,187.1,187.1,187.1,187.1,75,18825,175.07,186.05,189.9
7324,2021-02-21 12:15:00,187.1,187.1,187.1,187.1,75,18825,175.07,186.05,189.9
7325,2021-02-21 12:16:00,187.1,187.1,187.1,187.1,75,18825,175.07,186.05,189.9
7326,2021-02-21 12:17:00,187.1,187.1,187.1,187.1,75,18825,175.07,186.05,189.9
7327,2021-02-21 12:18:00,187.1,187.1,187.1,187.1,75,18825,175.07,186.05,189.9
7328,2021-02-21 12:19:00,187.1,187.1,187.1,187.1,75,18825,175.07,186.05,189.9
7329,2021-02-21 12:20:00,187.1,187.1,187.1,187.1,75,18825,175.07,186.05,189.9
7330,2021-02-21 12:21:00,187.1,187.1,187.1,187.1,75,18825,175.07,186.05,189.9
7331,2021-02-21 12:22:00,187.1,187.1,187.1,187.1,75,18825,175.07,186.05,189.9
7332,2021-02-21 12:23:00,187.1,187.1,187.1,187.1,75,18825,175.07,186.05,189.9
7333,2021-02-21 12:24:00,187.1,187.1,187.1,187.1,75,18825,175.07,186.05,189.9
7334,2021-02-21 12:25:00,187.1,187.1,187.1,187.1,75,18825,175.07,186.05,189.9
7335,2021-02-21 12:26:00,187.1,187.1,187.1,187.1,75,18825,175.07,186.05,189.9
7336,2021-02-21 12:27:00,187.1,187.1,187.1,187.1,75,18825,175.07,186.05,189.9
7337,2021-02-21 12:28:00,187.1,187.1,187.1,187.1,75,18825,175.07,186.05,189.9
7338,2021-02-21 12:29:00,187.1,187.1,187.1,187.1,75,18825,175.07,186.05,189.9
7339,2021-02-21 12:30:00,187.1,187.1,187.1,187.1,75,18825,175.07,186.05,189.9
7340,2021-02-21 12:31:00,187.1,187.1,187.1,187.1,75,18825,175.07,186.05,189.9
7341,2021-02-21 12:32:00,187.1,187.1,187.1,187.1,75,18825,175.07,186.05,189.9
7342,2021-02-21 12:33:00,187.1,187.1,187.1,187.1,75,18825,175.07,186.05,189.9
7343,2021-02-21 12:34:00,187.1,187.1,187.1,187.1,75,18825,175.07,186.05,189.9
7344,2021-02-21 12:35:00,187.1,187.1,187.1,187.1,75,18825,175.07,186.05,189.9
7345,2021-02-21 12:36:00,187.1,187.1,187.1,187.1,75,18825,175.07,186.05,189.9
7346,2021-02-21 12:37:00,187.1,187.1,187.1,187.1,75,18825,175.07,186.05,189.9
7347,2021-02-21 12:38:00,187.1,187.1,187.1,187.1,75,18825,175.07,186.05,189.9
7348,2021-02-21 12:39:00,187.1,187.1,187.1,187.1,75,18825,175.07,186.05,189.9
7349,2021-02-21 12:40:00,187.1,187.1,187.1,187.1,75,18825,175.07,186.05,189.9
7350,2021-02-21 12:41:00,187.1,187.1,187.1,187.1,75,18825,175.07,186.05,189.9
7351,2021-02-21 12:42:00,187.1,187.1,187.1,187.1,75,18825,175.07,186.05,189.9
7352,2021-02-21 12:43:00,187.1,187.1,187.1,187.1,75,18825,175.07,186.05,189.9
7353,2021-02-21 12:44:00,187.1,187.1,187.1,187.1,75,18825,175.07,186.05,189.9
7354,2021-02-21 12:45:00,187.1,187.1,187.1,187.1,75,18825,175.07,186.05,189.9
7355,2021-02-21 12:46:00,187.1,187.1,187.1,187.1,75,18825,175.07,186.05,189.9
7356,2021-02-21 12:47:00,187.1,187.1,187.1,187.1,75,18825,175.07,186.05,189.9
7357,2021-02-21 12:48:00,187.1,187.1,187.1,187.1,75,18825,175.07,186.05,189.9
7358,2021-02-21 12:49:00,187.1,187.1,187.1,187.1,75,18825,175.07,186.05,189.9
7359,2021-02-21 12:50:00,187.1,187.1,187.1,187.1,75,18825,175.07,186.05,189.9
7360,2021-02-21 12:51:00,187.1,187.1,187.1,187.1,75,18825,175.07,186.05,189.9
7361,2021-02-21 12:52:00,187.1,187.1,187.1,187.1,75,18825,175.07,186.05,189.9
7362,2021-02-21 12:53:00,187.1,187.1,187.1,187.1,75,18825,175.07,186.05,189.9
7363,2021-02-21 12:54:00,187.1,187.1,187.1,187.1,75,18825,175.07,186.05,189.9
7364,2021-02-21 12:55:00,187.1,187.1,187.1,187.1,75,18825,175.07,186.05,189.9
7365,2021-02-21 12:56:00,187.1,187.1,187.1,187.1,75,18825,175.07,186.05,189.9
7366,2021-02-21 12:57:00,187.1,187.1,187.1,187.1,75,18825,175.07,186.05,189.9
7367,2021-02-21 12:58:00,187.1,187.1,187.1,187.1,75,18825,175.07,186.05,189.9
7368,2021-02-21 12:59:00,187.1,187.1,187.1,187.1,75,18825,175.07,186.05,189.9
7369,2021-02-21 13:00:00,187.1,187.1,187.1,187.1,75,18825,175.07,186.05,189.9
7370,2021-02-21 13:01:00,187.1,187.1,187.1,187.1,75,18825,175.07,186.05,189.9
7371,2021-02-21 13:02:00,187.1,187.1,187.1,187.1,75,18825,175.07,186.05,189.9
7372,2021-02-21 13:03:00,187.1,187.1,187.1,187.1,75,18825,175.07,186.05,189.9
7373,2021-02-21 13:04:00,187.1,187.1,187.1,187.1,75,18825,175.07,186.05,189.9
7374,2021-02-21 13:05:00,187.1,187.1,187.1,187.1,75,18825,175.07,186.05,189.9
7375,2021-02-21 13:06:00,187.1,187.1,187.1,187.1,75,18825,175.07,186.05,189.9
7376,2021-02-21 13:07:00,187.1,187.1,187.1,187.1,75,18825,175.07,186.05,189.9
7377,2021-02-21 13:08:00,187.1,187.1,187.1,187.1,75,18825,175.07,186.05,189.9
7378,2021-02-21 13:09:00,187.1,187.1,187.1,187.1,75,18825,175.07,186.05,189.9
7379,2021-02-21 13:10:00,187.1,187.1,187.1,187.1,75,18825,175.07,186.05,189.9
7380,2021-02-21 13:11:00,187.1,187.1,187.1,187.1,75,18825,175.07,186.05,189.9
7381,2021-02-21 13:12:00,187.1,187.1,187.1,187.1,75,18825,175.07,186.05,189.9
7382,2021-02-21 13:13:00,187.1,187.1,187.1,187.1,75,18825,175.07,186.05,189.9
7383,2021-02-21 13:14:00,187.1,187.1,187.1,187.1,75,18825,175.07,186.05,189.9
7384,2021-02-21 13:15:00,187.1,187.1,187.1,187.1,75,18825,175.07,186.05,189.9
7385,2021-02-21 13:16:00,187.1,187.1,187.1,187.1,75,18825,175.07,186.05,189.9
7386,2021-02-21 13:17:00,187.1,187.1,187.1,187.1,75,18825,175.07,186.05,189.9
7387,2021-02-21 13:18:00,187.1,187.1,187.1,187.1,75,18825,175.07,186.05,189.9
7388,2021-02-21 13:19:00,187.1,187.1,187.1,187.1,75,18825,175.07,186.05,189.9
7389,2021-02-21 13:20:00,187.1,187.1,187.1,187.1,75,18825,175.07,186.05,189.9
7390,2021-02-21 13:21:00,187.1,187.1,187.1,187.1,75,18825,175.07,186.05,189.9
7391,2021-02-21 13:22:00,187.1,187.1,187.1,187.1,75,18825,175.07,186.05,189.9
7392,2021-02-21 13:23:00,187.1,187.1,187.1,187.1,75,18825,175.07,186.05,189.9
7393,2021-02-21 13:24:00,187.1,187.1,187.1,187.1,75,18825,175.07,186.05,189.9
7394,2021-02-21 13:25:00,187.1,187.1,187.1,187.1,75,18825,175.07,186.05,189.9
7395,2021-02-21 13:26:00,187.1,187.1,187.1,187.1,75,18825,175.07,186.05,189.9
7396,2021-02-21 13:27:00,187.1,187.1,187.1,187.1,75,18825,175.07,186.05,189.9
7397,2021-02-21 13:28:00,187.1,187.1,187.1,187.1,75,18825,175.07,186.05,189.9
7398,2021-02-21 13:29:00,187.1,187.1,187.1,187.1,75,18825,175.07,186.05,189.9
7399,2021-02-21 13:30:00,187.1,187.1,187.1,187.1,75,18825,175.07,186.05,189.9
7400,2021-02-21 13:31:00,187.1,187.1,187.1,187.1,75,18825,175.07,186.05,189.9
7401,2021-02-21 13:32:00,187.1,187.1,187.1,187.1,75,18825,175.07,186.05,189.9
7402,2021-02-21 13:33:00,187.1,187.1,187.1,187.1,75,18825,175.07,186.05,189.9
7403,2021-02-21 13:34:00,187.1,187.1,187.1,187.1,75,18825,175.07,186.05,189.9
7404,2021-02-21 13:35:00,187.1,187.1,187.1,187.1,75,18825,175.07,186.05,189.9
7405,2021-02-21 13:36:00,187.1,187.1,187.1,187.1,75,18825,175.07,186.05,189.9
7406,2021-02-21 13:37:00,187.1,187.1,187.1,187.1,75,18825,175.07,186.05,189.9
7407,2021-02-21 13:38:00,187.1,187.1,187.1,187.1,75,18825,175.07,186.05,189.9
7408,2021-02-21 13:39:00,187.1,187.1,187.1,187.1,75,18825,175.07,186.05,189.9
7409,2021-02-21 13:40:00,187.1,187.1,187.1,187.1,75,18825,175.07,186.05,189.9
7410,2021-02-21 13:41:00,187.1,187.1,187.1,187.1,75,18825,175.07,186.05,189.9
7411,2021-02-21 13:42:00,187.1,187.1,187.1,187.1,75,18825,175.07,186.05,189.9
7412,2021-02-21 13:43:00,187.1,187.1,187.1,187.1,75,18825,175.07,186.05,189.9
7413,2021-02-21 13:44:00,187.1,187.1,187.1,187.1,75,18825,175.07,186.05,189.9
7414,2021-02-21 13:45:00,187.1,187.1,187.1,187.1,75,18825,175.07,186.05,189.9
7415,2021-02-21 13:46:00,187.1,187.1,187.1,187.1,75,18825,175.07,186.05,189.9
7416,2021-02-21 13:47:00,187.1,187.1,187.1,187.1,75,18825,175.07,186.05,189.9
7417,2021-02-21 13:48:00,187.1,187.1,187.1,187.1,75,18825,175.07,186.05,189.9
7418,2021-02-21 13:49:00,187.1,187.1,187.1,187.1,75,18825,175.07,186.05,189.9
7419,2021-02-21 13:50:00,187.1,187.1,187.1,187.1,75,18825,175.07,186.05,189.9
7420,2021-02-21 13:51:00,187.1,187.1,187.1,187.1,75,18825,175.07,186.05,189.9
7421,2021-02-21 13:52:00,187.1,187.1,187.1,187.1,75,18825,175.07,186.05,189.9
7422,2021-02-21 13:53:00,187.1,187.1,187.1,187.1,75,18825,175.07,186.05,189.9
7423,2021-02-21 13:54:00,187.1,187.1,187.1,187.1,75,18825,175.07,186.05,189.9
7424,2021-02-21 13:55:00,187.1,187.1,187.1,187.1,75,18825,175.07,186.05,189.9
7425,2021-02-21 13:56:00,187.1,187.1,187.1,187.1,75,18825,175.07,186.05,189.9
7426,2021-02-21 13:57:00,187.1,187.1,187.1,187.1,75,18825,175.07,186.05,189.9
7427,2021-02-21 13:58:00,187.1,187.1,187.1,187.1,75,18825,175.07,186.05,189.9
7428,2021-02-21 13:59:00,187.1,187.1,187.1,187.1,75,18825,175.07,186.05,189.9
7429,2021-02-21 14:00:00,187.1,187.1,187.1,187.1,75,18825,175.07,186.05,189.9
7430,2021-02-21 14:01:00,187.1,187.1,187.1,187.1,75,18825,175.07,186.05,189.9
7431,2021-02-21 14:02:00,187.1,187.1,187.1,187.1,75,18825,175.07,186.05,189.9
7432,2021-02-21 14:03:00,187.1,187.1,187.1,187.1,75,18825,175.07,186.05,189.9
7433,2021-02-21 14:04:00,187.1,187.1,187.1,187.1,75,18825,175.07,186.05,189.9
7434,2021-02-21 14:05:00,187.1,187.1,187.1,187.1,75,18825,175.07,186.05,189.9
7435,2021-02-21 14:06:00,187.1,187.1,187.1,187.1,75,18825,175.07,186.05,189.9
7436,2021-02-21 14:07:00,187.1,187.1,187.1,187.1,75,18825,175.07,186.05,189.9
7437,2021-02-21 14:08:00,187.1,187.1,187.1,187.1,75,18825,175.07,186.05,189.9
7438,2021-02-21 14:09:00,187.1,187.1,187.1,187.1,75,18825,175.07,186.05,189.9
7439,2021-02-21 14:10:00,187.1,187.1,187.1,187.1,75,18825,175.07,186.05,189.9
7440,2021-02-21 14:11:00,187.1,187.1,187.1,187.1,75,18825,175.07,186.05,189.9
7441,2021-02-21 14:12:00,187.1,187.1,187.1,187.1,75,18825,175.07,186.05,189.9
7442,2021-02-21 14:13:00,187.1,187.1,187.1,187.1,75,18825,175.07,186.05,189.9
7443,2021-02-21 14:14:00,187.1,187.1,187.1,187.1,75,18825,175.07,186.05,189.9
7444,2021-02-21 14:15:00,187.1,187.1,187.1,187.1,75,18825,175.07,186.05,189.9
7445,2021-02-21 14:16:00,187.1,187.1,187.1,187.1,75,18825,175.07,186.05,189.9
7446,2021-02-21 14:17:00,187.1,187.1,187.1,187.1,75,18825,175.07,186.05,189.9
7447,2021-02-21 14:18:00,187.1,187.1,187.1,187.1,75,18825,175.07,186.05,189.9
7448,2021-02-21 14:19:00,187.1,187.1,187.1,187.1,75,18825,175.07,186.05,189.9
7449,2021-02-21 14:20:00,187.1,187.1,187.1,187.1,75,18825,175.07,186.05,189.9
7450,2021-02-21 14:21:00,187.1,187.1,187.1,187.1,75,18825,175.07,186.05,189.9
7451,2021-02-21 14:22:00,187.1,187.1,187.1,187.1,75,18825,175.07,186.05,189.9
7452,2021-02-21 14:23:00,187.1,187.1,187.1,187.1,75,18825,175.07,186.05,189.9
7453,2021-02-21 14:24:00,187.1,187.1,187.1,187.1,75,18825,175.07,186.05,189.9
7454,2021-02-21 14:25:00,187.1,187.1,187.1,187.1,75,18825,175.07,186.05,189.9
7455,2021-02-21 14:26:00,187.1,187.1,187.1,187.1,75,18825,175.07,186.05,189.9
7456,2021-02-21 14:27:00,187.1,187.1,187.1,187.1,75,18825,175.07,186.05,189.9
7457,2021-02-21 14:28:00,187.1,187.1,187.1,187.1,75,18825,175.07,186.05,189.9
7458,2021-02-21 14:29:00,187.1,187.1,187.1,187.1,75,18825,175.07,186.05,189.9
7459,2021-02-21 14:30:00,187.1,187.1,187.1,187.1,75,18825,175.07,186.05,189.9
7460,2021-02-21 14:31:00,187.1,187.1,187.1,187.1,75,18825,175.07,186.05,189.9
7461,2021-02-21 14:32:00,187.1,187.1,187.1,187.1,75,18825,175.07,186.05,189.9
7462,2021-02-21 14:33:00,187.1,187.1,187.1,187.1,75,18825,175.07,186.05,189.9
7463,2021-02-21 14:34:00,187.1,187.1,187.1,187.1,75,18825,175.07,186.05,189.9
7464,2021-02-21 14:35:00,187.1,187.1,187.1,187.1,75,18825,175.07,186.05,189.9
7465,2021-02-21 14:36:00,187.1,187.1,187.1,187.1,75,18825,175.07,186.05,189.9
7466,2021-02-21 14:37:00,187.1,187.1,187.1,187.1,75,18825,175.07,186.05,189.9
7467,2021-02-21 14:38:00,187.1,187.1,187.1,187.1,75,18825,175.07,186.05,189.9
7468,2021-02-21 14:39:00,187.1,187.1,187.1,187.1,75,18825,175.07,186.05,189.9
7469,2021-02-21 14:40:00,187.1,187.1,187.1,187.1,75,18825,175.07,186.05,189.9
7470,2021-02-21 14:41:00,187.1,187.1,187.1,187.1,75,18825,175.07,186.05,189.9
7471,2021-02-21 14:42:00,187.1,187.1,187.1,187.1,75,18825,175.07,186.05,189.9
7472,2021-02-21 14:43:00,187.1,187.1,187.1,187.1,75,18825,175.07,186.05,189.9
7473,2021-02-21 14:44:00,187.1,187.1,187.1,187.1,75,18825,175.07,186.05,189.9
7474,2021-02-21 14:45:00,187.1,187.1,187.1,187.1,75,18825,175.07,186.05,189.9
7475,2021-02-21 14:46:00,187.1,187.1,187.1,187.1,75,18825,175.07,186.05,189.9
7476,2021-02-21 14:47:00,187.1,187.1,187.1,187.1,75,18825,175.07,186.05,189.9
7477,2021-02-21 14:48:00,187.1,187.1,187.1,187.1,75,18825,175.07,186.05,189.9
7478,2021-02-21 14:49:00,187.1,187.1,187.1,187.1,75,18825,175.07,186.05,189.9
7479,2021-02-21 14:50:00,187.1,187.1,187.1,187.1,75,18825,175.07,186.05,189.9
7480,2021-02-21 14:51:00,187.1,187.1,187.1,187.1,75,18825,175.07,186.05,189.9
7481,2021-02-21 14:52:00,187.1,187.1,187.1,187.1,75,18825,175.07,186.05,189.9
7482,2021-02-21 14:53:00,187.1,187.1,187.1,187.1,75,18825,175.07,186.05,189.9
7483,2021-02-21 14:54:00,187.1,187.1,187.1,187.1,75,18825,175.07,186.05,189.9
7484,2021-02-21 14:55:00,187.1,187.1,187.1,187.1,75,18825,175.07,186.05,189.9
7485,2021-02-21 14:56:00,187.1,187.1,187.1,187.1,75,18825,175.07,186.05,189.9
7486,2021-02-21 14:57:00,187.1,187.1,187.1,187.1,75,18825,175.07,186.05,189.9
7487,2021-02-21 14:58:00,187.1,187.1,187.1,187.1,75,18825,175.07,186.05,189.9
7488,2021-02-21 14:59:00,187.1,187.1,187.1,187.1,75,18825,175.07,186.05,189.9
7489,2021-02-21 15:00:00,187.1,187.1,187.1,187.1,75,18825,175.07,186.05,189.9
7490,2021-02-21 15:01:00,187.1,187.1,187.1,187.1,75,18825,175.07,186.05,189.9
7491,2021-02-21 15:02:00,187.1,187.1,187.1,187.1,75,18825,175.07,186.05,189.9
7492,2021-02-21 15:03:00,187.1,187.1,187.1,187.1,75,18825,175.07,186.05,189.9
7493,2021-02-21 15:04:00,187.1,187.1,187.1,187.1,75,18825,175.07,186.05,189.9
7494,2021-02-21 15:05:00,187.1,187.1,187.1,187.1,75,18825,175.07,186.05,189.9
7495,2021-02-21 15:06:00,187.1,187.1,187.1,187.1,75,18825,175.07,186.05,189.9
7496,2021-02-21 15:07:00,187.1,187.1,187.1,187.1,75,18825,175.07,186.05,189.9
7497,2021-02-21 15:08:00,187.1,187.1,187.1,187.1,75,18825,175.07,186.05,189.9
7498,2021-02-21 15:09:00,187.1,187.1,187.1,187.1,75,18825,175.07,186.05,189.9
7499,2021-02-21 15:10:00,187.1,187.1,187.1,187.1,75,18825,175.07,186.05,189.9
7500,2021-02-21 15:11:00,187.1,187.1,187.1,187.1,75,18825,175.07,186.05,189.9
7501,2021-02-21 15:12:00,187.1,187.1,187.1,187.1,75,18825,175.07,186.05,189.9
7502,2021-02-21 15:13:00,187.1,187.1,187.1,187.1,75,18825,175.07,186.05,189.9
7503,2021-02-21 15:14:00,187.1,187.1,187.1,187.1,75,18825,175.07,186.05,189.9
7504,2021-02-21 15:15:00,187.1,187.1,187.1,187.1,75,18825,175.07,186.05,189.9
7505,2021-02-21 15:16:00,187.1,187.1,187.1,187.1,75,18825,175.07,186.05,189.9
7506,2021-02-21 15:17:00,187.1,187.1,187.1,187.1,75,18825,175.07,186.05,189.9
7507,2021-02-21 15:18:00,187.1,187.1,187.1,187.1,75,18825,175.07,186.05,189.9
7508,2021-02-21 15:19:00,187.1,187.1,187.1,187.1,75,18825,175.07,186.05,189.9
7509,2021-02-21 15:20:00,187.1,187.1,187.1,187.1,75,18825,175.07,186.05,189.9
7510,2021-02-21 15:21:00,187.1,187.1,187.1,187.1,75,18825,175.07,186.05,189.9
7511,2021-02-21 15:22:00,187.1,187.1,187.1,187.1,75,18825,175.07,186.05,189.9
7512,2021-02-21 15:23:00,187.1,187.1,187.1,187.1,75,18825,175.07,186.05,189.9
7513,2021-02-21 15:24:00,187.1,187.1,187.1,187.1,75,18825,175.07,186.05,189.9
7514,2021-02-21 15:25:00,187.1,187.1,187.1,187.1,75,18825,175.07,186.05,189.9
7515,2021-02-21 15:26:00,187.1,187.1,187.1,187.1,75,18825,175.07,186.05,189.9
7516,2021-02-21 15:27:00,187.1,187.1,187.1,187.1,75,18825,175.07,186.05,189.9
7517,2021-02-21 15:28:00,187.1,187.1,187.1,187.1,75,18825,175.07,186.05,189.9
7518,2021-02-21 15:29:00,187.1,187.1,187.1,187.1,75,18825,175.07,186.05,189.9
7519,2021-02-21 15:30:00,187.1,187.1,187.1,187.1,75,18825,175.07,186.05,189.9
7520,2021-02-22 09:15:00,187.1,187.1,187.1,187.1,75,18825,175.07,186.05,189.9
7521,2021-02-22 09:16:00,199.05,199.05,199.05,199.05,75,14850,199.05,196.5,199.3
7522,2021-02-22 09:17:00,197.1,197.1,194.7,194.7,1350,14775,196.48,194.2,194.7
7523,2021-02-22 09:18:00,194.15,196.35,194.15,196.35,1350,14775,196.07,196.4,198.1
7524,2021-02-22 09:19:00,197.65,204.85,197.65,204.85,1200,14775,197.26,204.5,205.55
7525,2021-02-22 09:20:00,205.7,210.65,205.7,209.85,1050,13950,199.5,209.65,211.05
7526,2021-02-22 09:21:00,210.05,213.0,210.05,213.0,675,13950,200.91,209.65,211.0
7527,2021-02-22 09:22:00,210.75,211.0,210.75,211.0,300,13950,201.41,208.5,209.6
7528,2021-02-22 09:23:00,208.9,208.9,205.6,206.6,750,13575,202.04,206.05,207.2
7529,2021-02-22 09:24:00,206.1,208.65,206.1,208.5,900,13575,202.73,206.55,207.85
7530,2021-02-22 09:25:00,206.9,206.9,202.95,203.25,600,13575,202.8,203.2,204.1
7531,2021-02-22 09:26:00,204.35,204.55,204.35,204.55,450,13500,202.88,202.75,203.9
7532,2021-02-22 09:27:00,203.9,204.25,202.45,204.25,525,13500,202.91,200.7,201.9
7533,2021-02-22 09:28:00,199.95,199.95,199.95,199.95,225,13500,202.84,198.45,199.45
7534,2021-02-22 09:29:00,198.55,198.55,198.55,198.55,150,14100,202.77,192.7,193.9
7535,2021-02-22 09:30:00,193.9,193.9,190.95,193.8,1125,14100,201.63,193.55,194.65
7536,2021-02-22 09:31:00,195.15,196.95,195.15,196.95,150,14100,201.55,194.8,196.75
7537,2021-02-22 09:32:00,192.95,192.95,192.9,192.9,150,14325,201.44,193.55,194.7
7538,2021-02-22 09:33:00,196.6,196.6,196.5,196.5,225,14325,201.34,195.75,196.7
7539,2021-02-22 09:34:00,196.6,196.6,196.5,196.5,225,14325,201.34,195.75,196.7
7540,2021-02-22 09:35:00,197.5,197.5,197.0,197.0,150,13575,201.28,195.35,196.55
7541,2021-02-22 09:36:00,194.65,194.65,193.95,193.95,300,13575,201.11,194.2,195.2
7542,2021-02-22 09:37:00,194.95,196.25,194.95,196.25,150,13575,201.04,196.7,197.95
7543,2021-02-22 09:38:00,197.6,199.65,197.6,199.65,225,13800,200.99,198.55,199.8
7544,2021-02-22 09:39:00,200.2,201.05,200.2,201.05,225,13800,200.98,200.2,201.35
7545,2021-02-22 09:40:00,200.8,200.8,200.8,200.8,75,13800,200.98,197.25,198.45
7546,2021-02-22 09:41:00,200.2,200.2,200.2,200.2,75,13575,200.97,200.55,201.7
7547,2021-02-22 09:42:00,200.5,200.5,200.5,200.5,75,13575,200.97,199.2,200.4
7548,2021-02-22 09:43:00,200.5,200.5,200.5,200.5,75,13575,200.97,199.2,200.4
7549,2021-02-22 09:44:00,200.5,200.5,200.5,200.5,75,13575,200.97,199.2,200.4
7550,2021-02-22 09:45:00,200.5,200.5,200.5,200.5,75,13575,200.97,199.2,200.4
7551,2021-02-22 09:46:00,201.65,201.65,201.65,201.65,75,13575,200.97,199.2,200.3
7552,2021-02-22 09:47:00,201.65,201.65,201.65,201.65,75,13575,200.97,199.2,200.3
7553,2021-02-22 09:48:00,201.65,201.65,201.65,201.65,75,13575,200.97,199.2,200.3
7554,2021-02-22 09:49:00,201.65,201.65,201.65,201.65,75,13575,200.97,199.2,200.3
7555,2021-02-22 09:50:00,200.8,203.6,200.8,203.25,300,13725,201.0,202.3,203.15
7556,2021-02-22 09:51:00,203.85,203.85,203.85,203.85,75,13725,201.02,204.4,205.4
7557,2021-02-22 09:52:00,205.45,205.45,204.65,204.65,150,13725,201.07,202.1,203.9
7558,2021-02-22 09:53:00,205.45,205.45,204.65,204.65,150,13725,201.07,202.1,203.9
7559,2021-02-22 09:54:00,206.15,206.15,206.15,206.15,150,13950,201.12,207.9,208.9
7560,2021-02-22 09:55:00,206.15,206.15,206.15,206.15,150,13950,201.12,207.9,208.9
7561,2021-02-22 09:56:00,205.8,205.8,205.8,205.8,150,13875,201.17,204.55,205.65
7562,2021-02-22 09:57:00,205.8,205.8,205.8,205.8,150,13875,201.17,204.55,205.65
7563,2021-02-22 09:58:00,208.8,208.8,208.8,208.8,75,13875,201.22,211.25,212.45
7564,2021-02-22 09:59:00,214.55,214.8,214.05,214.05,300,13875,201.51,212.45,213.55
7565,2021-02-22 10:00:00,214.55,214.8,214.05,214.05,300,13875,201.51,212.45,213.55
7566,2021-02-22 10:01:00,214.55,214.8,214.05,214.05,300,13875,201.51,212.45,213.55
7567,2021-02-22 10:02:00,209.5,209.5,209.5,209.5,75,13875,201.55,211.45,212.4
7568,2021-02-22 10:03:00,209.5,209.5,209.5,209.5,75,13875,201.55,211.45,212.4
7569,2021-02-22 10:04:00,211.35,211.35,211.35,211.35,75,13950,201.6,212.15,213.2
7570,2021-02-22 10:05:00,217.8,217.8,217.8,217.8,75,13650,201.69,217.1,217.95
7571,2021-02-22 10:06:00,219.4,219.4,219.25,219.25,150,13650,201.87,218.0,219.3
7572,2021-02-22 10:07:00,219.4,219.4,219.25,219.25,150,13650,201.87,218.0,219.3
7573,2021-02-22 10:08:00,217.6,217.6,217.6,217.6,450,13875,202.35,217.25,218.4
7574,2021-02-22 10:09:00,220.0,220.0,220.0,220.0,150,13875,202.53,221.25,222.75
7575,2021-02-22 10:10:00,222.6,225.5,222.6,225.5,525,13875,203.3,224.65,225.95
7576,2021-02-22 10:11:00,224.75,224.75,224.75,224.75,75,13875,203.41,224.95,226.15
7577,2021-02-22 10:12:00,224.75,224.75,224.75,224.75,75,13875,203.41,224.95,226.15
7578,2021-02-22 10:13:00,224.75,224.75,224.75,224.75,75,13875,203.41,224.95,226.15
7579,2021-02-22 10:14:00,224.75,224.75,224.75,224.75,75,13875,203.41,224.95,226.15
7580,2021-02-22 10:15:00,230.25,230.25,230.25,230.25,75,14700,203.54,228.9,230.2
7581,2021-02-22 10:16:00,230.0,230.0,230.0,230.0,150,14700,203.79,229.55,230.6
7582,2021-02-22 10:17:00,230.0,230.0,230.0,230.0,150,14700,203.79,229.55,230.6
7583,2021-02-22 10:18:00,230.0,230.0,230.0,230.0,150,14700,203.79,229.55,230.6
7584,2021-02-22 10:19:00,230.0,230.0,230.0,230.0,300,14475,204.29,223.3,224.65
7585,2021-02-22 10:20:00,230.0,230.0,230.0,230.0,300,14475,204.29,223.3,224.65
7586,2021-02-22 10:21:00,230.0,230.0,230.0,230.0,300,14475,204.29,223.3,224.65
7587,2021-02-22 10:22:00,226.4,226.7,226.4,226.7,150,14625,204.49,225.95,226.95
7588,2021-02-22 10:23:00,226.8,226.8,226.8,226.8,75,14625,204.6,227.45,228.7
7589,2021-02-22 10:24:00,226.8,226.8,226.8,226.8,75,14625,204.6,227.45,228.7
7590,2021-02-22 10:25:00,227.1,227.1,227.1,227.1,75,14625,204.7,226.6,227.8
7591,2021-02-22 10:26:00,227.1,227.1,227.1,227.1,75,14625,204.7,226.6,227.8
7592,2021-02-22 10:27:00,227.1,227.1,227.1,227.1,75,14625,204.7,226.6,227.8
7593,2021-02-22 10:28:00,227.1,227.1,227.1,227.1,75,14625,204.7,226.6,227.8
7594,2021-02-22 10:29:00,227.1,227.1,227.1,227.1,75,14625,204.7,226.6,227.8
7595,2021-02-22 10:30:00,220.4,220.4,220.4,220.4,75,14700,204.77,219.3,220.5
7596,2021-02-22 10:31:00,220.4,220.4,220.4,220.4,75,14700,204.77,219.3,220.5
7597,2021-02-22 10:32:00,220.4,220.4,220.4,220.4,75,14700,204.77,219.3,220.5
7598,2021-02-22 10:33:00,220.4,220.4,220.4,220.4,75,14700,204.77,219.3,220.5
7599,2021-02-22 10:34:00,220.4,220.4,220.4,220.4,75,14700,204.77,219.3,220.5
7600,2021-02-22 10:35:00,220.4,220.4,220.4,220.4,75,14700,204.77,219.3,220.5
7601,2021-02-22 10:36:00,220.4,220.4,220.4,220.4,75,14700,204.77,219.3,220.5
7602,2021-02-22 10:37:00,214.8,214.8,214.8,214.8,75,14550,204.82,215.4,216.55
7603,2021-02-22 10:38:00,214.8,214.8,214.8,214.8,75,14550,204.82,215.4,216.55
7604,2021-02-22 10:39:00,214.8,214.8,214.8,214.8,75,14550,204.82,215.4,216.55
7605,2021-02-22 10:40:00,214.8,214.8,214.8,214.8,75,14550,204.82,215.4,216.55
7606,2021-02-22 10:41:00,214.8,214.8,214.8,214.8,75,14550,204.82,215.4,216.55
7607,2021-02-22 10:42:00,214.8,214.8,214.8,214.8,75,14550,204.82,215.4,216.55
7608,2021-02-22 10:43:00,214.8,214.8,214.8,214.8,75,14550,204.82,215.4,216.55
7609,2021-02-22 10:44:00,214.8,214.8,214.8,214.8,75,14550,204.82,215.4,216.55
7610,2021-02-22 10:45:00,214.8,214.8,214.8,214.8,75,14550,204.82,215.4,216.55
7611,2021-02-22 10:46:00,214.8,214.8,214.8,214.8,75,14550,204.82,215.4,216.55
7612,2021-02-22 10:47:00,214.8,214.8,214.8,214.8,75,14550,204.82,215.4,216.55
7613,2021-02-22 10:48:00,214.8,214.8,214.8,214.8,75,14550,204.82,215.4,216.55
7614,2021-02-22 10:49:00,214.8,214.8,214.8,214.8,75,14550,204.82,215.4,216.55
7615,2021-02-22 10:50:00,214.8,214.8,214.8,214.8,75,14550,204.82,215.4,216.55
7616,2021-02-22 10:51:00,214.8,214.8,214.8,214.8,75,14550,204.82,215.4,216.55
7617,2021-02-22 10:52:00,214.8,214.8,214.8,214.8,75,14550,204.82,215.4,216.55
7618,2021-02-22 10:53:00,214.8,214.8,214.8,214.8,75,14550,204.82,215.4,216.55
7619,2021-02-22 10:54:00,214.8,214.8,214.8,214.8,75,14550,204.82,215.4,216.55
7620,2021-02-22 10:55:00,214.8,214.8,214.8,214.8,75,14550,204.82,215.4,216.55
7621,2021-02-22 10:56:00,214.8,214.8,214.8,214.8,75,14550,204.82,215.4,216.55
7622,2021-02-22 10:57:00,214.8,214.8,214.8,214.8,75,14550,204.82,215.4,216.55
7623,2021-02-22 10:58:00,214.8,214.8,214.8,214.8,75,14550,204.82,215.4,216.55
7624,2021-02-22 10:59:00,214.8,214.8,214.8,214.8,75,14550,204.82,215.4,216.55
7625,2021-02-22 11:00:00,220.4,220.4,220.4,220.4,75,14475,204.89,222.05,223.15
7626,2021-02-22 11:01:00,224.15,227.0,224.15,227.0,525,14475,205.55,225.6,227.35
7627,2021-02-22 11:02:00,224.15,227.0,224.15,227.0,525,14475,205.55,225.6,227.35
7628,2021-02-22 11:03:00,224.15,227.0,224.15,227.0,525,14475,205.55,225.6,227.35
7629,2021-02-22 11:04:00,226.65,226.65,226.65,226.65,300,14550,205.92,226.45,227.7
7630,2021-02-22 11:05:00,226.65,226.65,226.65,226.65,300,14550,205.92,226.45,227.7
7631,2021-02-22 11:06:00,226.5,226.5,226.5,226.5,300,14775,206.27,226.6,227.7
7632,2021-02-22 11:07:00,226.5,226.5,226.5,226.5,300,14775,206.27,226.6,227.7
7633,2021-02-22 11:08:00,230.85,230.9,230.85,230.85,225,14775,206.58,230.95,232.25
7634,2021-02-22 11:09:00,230.85,230.9,230.85,230.85,225,14775,206.58,230.95,232.25
7635,2021-02-22 11:10:00,230.85,230.9,230.85,230.85,225,14775,206.58,230.95,232.25
7636,2021-02-22 11:11:00,234.6,234.6,234.6,234.6,75,14550,206.7,234.25,235.5
7637,2021-02-22 11:12:00,236.95,236.95,236.95,236.95,75,14475,206.83,235.95,237.05
7638,2021-02-22 11:13:00,234.65,234.65,234.65,234.65,75,14475,206.94,233.9,234.85
7639,2021-02-22 11:14:00,234.65,234.65,234.65,234.65,75,14475,206.94,233.9,234.85
7640,2021-02-22 11:15:00,234.65,234.65,234.65,234.65,75,14475,206.94,233.9,234.85
7641,2021-02-22 11:16:00,234.65,234.65,234.65,234.65,75,14475,206.94,233.9,234.85
7642,2021-02-22 11:17:00,234.65,234.65,234.65,234.65,75,14475,206.94,233.9,234.85
7643,2021-02-22 11:18:00,234.65,234.65,234.65,234.65,75,14475,206.94,233.9,234.85
7644,2021-02-22 11:19:00,237.85,237.85,237.85,237.85,75,14475,207.07,239.8,241.2
7645,2021-02-22 11:20:00,237.85,237.85,237.85,237.85,75,14475,207.07,239.8,241.2
7646,2021-02-22 11:21:00,242.0,242.0,242.0,242.0,75,14550,207.21,243.05,244.45
7647,2021-02-22 11:22:00,242.0,242.0,242.0,242.0,75,14550,207.21,243.05,244.45
7648,2021-02-22 11:23:00,246.1,246.1,244.6,244.6,150,14550,207.53,244.9,246.25
7649,2021-02-22 11:24:00,246.1,246.1,244.6,244.6,150,14550,207.53,244.9,246.25
7650,2021-02-22 11:25:00,246.1,246.1,244.6,244.6,150,14550,207.53,244.9,246.25
7651,2021-02-22 11:26:00,243.2,246.8,243.2,246.8,150,14475,207.83,245.3,246.6
7652,2021-02-22 11:27:00,246.15,247.95,246.15,247.95,300,14475,208.45,247.25,248.45
7653,2021-02-22 11:28:00,247.5,247.5,247.5,247.5,375,14475,209.21,243.5,244.8
7654,2021-02-22 11:29:00,246.1,246.1,246.1,246.1,300,14475,209.78,248.5,249.45
7655,2021-02-22 11:30:00,246.75,246.75,246.75,246.75,75,14775,209.92,247.05,248.35
7656,2021-02-22 11:31:00,246.75,246.75,246.75,246.75,75,14775,209.92,247.05,248.35
7657,2021-02-22 11:32:00,246.75,246.75,246.75,246.75,75,14775,209.92,247.05,248.35
7658,2021-02-22 11:33:00,246.75,246.75,246.75,246.75,75,14775,209.92,247.05,248.35
7659,2021-02-22 11:34:00,246.75,246.75,246.75,246.75,75,14775,209.92,247.05,248.35
7660,2021-02-22 11:35:00,246.75,246.75,246.75,246.75,75,14775,209.92,247.05,248.35
7661,2021-02-22 11:36:00,246.75,246.75,246.75,246.75,75,14775,209.92,247.05,248.35
7662,2021-02-22 11:37:00,246.75,246.75,246.75,246.75,75,14775,209.92,247.05,248.35
7663,2021-02-22 11:38:00,246.75,246.75,246.75,246.75,75,14775,209.92,247.05,248.35
7664,2021-02-22 11:39:00,246.75,246.75,246.75,246.75,75,14775,209.92,247.05,248.35
7665,2021-02-22 11:40:00,246.75,246.75,246.75,246.75,75,14775,209.92,247.05,248.35
7666,2021-02-22 11:41:00,246.75,246.75,246.75,246.75,75,14775,209.92,247.05,248.35
7667,2021-02-22 11:42:00,246.75,246.75,246.75,246.75,75,14775,209.92,247.05,248.35
7668,2021-02-22 11:43:00,246.75,246.75,246.75,246.75,75,14775,209.92,247.05,248.35
7669,2021-02-22 11:44:00,251.15,251.15,251.15,251.15,75,14175,210.08,251.5,252.8
7670,2021-02-22 11:45:00,251.15,251.15,251.15,251.15,75,14175,210.08,251.5,252.8
7671,2021-02-22 11:46:00,251.15,251.15,251.15,251.15,75,14175,210.08,251.5,252.8
7672,2021-02-22 11:47:00,253.1,253.1,253.1,253.1,75,14175,210.25,252.15,253.5
7673,2021-02-22 11:48:00,253.1,253.1,253.1,253.1,75,14175,210.25,252.15,253.5
7674,2021-02-22 11:49:00,253.1,253.1,253.1,253.1,75,14175,210.25,252.15,253.5
7675,2021-02-22 11:50:00,250.2,250.2,250.2,250.2,75,14175,210.4,248.15,249.45
7676,2021-02-22 11:51:00,250.2,250.2,250.2,250.2,75,14175,210.4,248.15,249.45
7677,2021-02-22 11:52:00,250.2,250.2,250.2,250.2,75,14175,210.4,248.15,249.45
7678,2021-02-22 11:53:00,250.2,250.2,250.2,250.2,75,14175,210.4,248.15,249.45
7679,2021-02-22 11:54:00,250.2,250.2,250.2,250.2,75,14175,210.4,248.15,249.45
7680,2021-02-22 11:55:00,250.2,250.2,250.2,250.2,75,14175,210.4,248.15,249.45
7681,2021-02-22 11:56:00,250.2,250.2,250.2,250.2,75,14175,210.4,248.15,249.45
7682,2021-02-22 11:57:00,250.2,250.2,250.2,250.2,75,14175,210.4,248.15,249.45
7683,2021-02-22 11:58:00,250.2,250.2,250.2,250.2,75,14175,210.4,248.15,249.45
7684,2021-02-22 11:59:00,250.2,250.2,250.2,250.2,75,14175,210.4,248.15,249.45
7685,2021-02-22 12:00:00,250.2,250.2,250.2,250.2,75,14175,210.4,248.15,249.45
7686,2021-02-22 12:01:00,250.2,250.2,250.2,250.2,75,14175,210.4,248.15,249.45
7687,2021-02-22 12:02:00,250.2,250.2,250.2,250.2,75,14175,210.4,248.15,249.45
7688,2021-02-22 12:03:00,250.2,250.2,250.2,250.2,75,14175,210.4,248.15,249.45
7689,2021-02-22 12:04:00,250.2,250.2,250.2,250.2,75,14175,210.4,248.15,249.45
7690,2021-02-22 12:05:00,250.2,250.2,250.2,250.2,75,14175,210.4,248.15,249.45
7691,2021-02-22 12:06:00,250.2,250.2,250.2,250.2,75,14175,210.4,248.15,249.45
7692,2021-02-22 12:07:00,259.75,264.2,259.75,264.2,225,14025,210.99,262.6,265.5
7693,2021-02-22 12:08:00,263.0,263.0,263.0,263.0,75,0,211.18,261.4,262.45
7694,2021-02-22 12:09:00,263.0,263.0,263.0,263.0,75,0,211.18,261.4,262.45
7695,2021-02-22 12:10:00,263.0,263.0,263.0,263.0,75,0,211.18,261.4,262.45
7696,2021-02-22 12:11:00,263.0,263.0,263.0,263.0,75,0,211.18,261.4,262.45
7697,2021-02-22 12:12:00,263.0,263.0,263.0,263.0,75,0,211.18,261.4,262.45
7698,2021-02-22 12:13:00,263.0,263.0,263.0,263.0,75,0,211.18,261.4,262.45
7699,2021-02-22 12:14:00,263.0,263.0,263.0,263.0,75,0,211.18,261.4,262.45
7700,2021-02-22 12:15:00,263.0,263.0,263.0,263.0,75,0,211.18,261.4,262.45
7701,2021-02-22 12:16:00,263.0,263.0,263.0,263.0,75,0,211.18,261.4,262.45
7702,2021-02-22 12:17:00,263.0,263.0,263.0,263.0,75,0,211.18,261.4,262.45
7703,2021-02-22 12:18:00,263.0,263.0,263.0,263.0,75,0,211.18,261.4,262.45
7704,2021-02-22 12:19:00,263.0,263.0,263.0,263.0,75,0,211.18,261.4,262.45
7705,2021-02-22 12:20:00,263.0,263.0,263.0,263.0,75,0,211.18,261.4,262.45
7706,2021-02-22 12:21:00,266.95,266.95,266.95,266.95,75,14100,211.39,265.25,267.05
7707,2021-02-22 12:22:00,266.95,266.95,266.95,266.95,75,14100,211.39,265.25,267.05
7708,2021-02-22 12:23:00,266.95,266.95,266.95,266.95,75,14100,211.39,265.25,267.05
7709,2021-02-22 12:24:00,269.65,269.8,269.65,269.8,150,14100,211.82,268.65,271.45
7710,2021-02-22 12:25:00,271.3,271.3,271.3,271.3,75,14100,212.04,266.05,268.95
7711,2021-02-22 12:26:00,271.3,271.3,271.3,271.3,75,14100,212.04,266.05,268.95
7712,2021-02-22 12:27:00,265.55,265.55,265.55,265.55,75,14175,212.24,262.1,264.25
7713,2021-02-22 12:28:00,265.55,265.55,265.55,265.55,75,14175,212.24,262.1,264.25
7714,2021-02-22 12:29:00,265.55,265.55,265.55,265.55,75,14175,212.24,262.1,264.25
7715,2021-02-22 12:30:00,257.3,257.3,257.3,257.3,75,14175,212.4,255.05,256.95
7716,2021-02-22 12:31:00,257.65,257.65,257.65,257.65,75,14175,212.57,256.65,258.25
7717,2021-02-22 12:32:00,256.9,256.9,256.9,256.9,75,14175,212.73,256.9,258.35
7718,2021-02-22 12:33:00,256.9,256.9,256.9,256.9,75,14175,212.73,256.9,258.35
7719,2021-02-22 12:34:00,256.9,256.9,256.9,256.9,75,14175,212.73,256.9,258.35
7720,2021-02-22 12:35:00,262.5,262.5,262.5,262.5,75,14100,212.91,262.55,264.15
7721,2021-02-22 12:36:00,262.5,262.5,262.5,262.5,75,14100,212.91,262.55,264.15
7722,2021-02-22 12:37:00,262.5,262.5,262.5,262.5,75,14100,212.91,262.55,264.15
7723,2021-02-22 12:38:00,262.5,262.5,262.5,262.5,75,14100,212.91,262.55,264.15
7724,2021-02-22 12:39:00,262.5,262.5,262.5,262.5,75,14100,212.91,262.55,264.15
7725,2021-02-22 12:40:00,262.5,262.5,262.5,262.5,75,14100,212.91,262.55,264.15
7726,2021-02-22 12:41:00,260.55,260.55,257.55,257.55,150,14025,213.24,257.05,258.95
7727,2021-02-22 12:42:00,260.55,260.55,257.55,257.55,150,14025,213.24,257.05,258.95
7728,2021-02-22 12:43:00,260.55,260.55,257.55,257.55,150,14025,213.24,257.05,258.95
7729,2021-02-22 12:44:00,260.55,260.55,257.55,257.55,150,14025,213.24,257.05,258.95
7730,2021-02-22 12:45:00,260.55,260.55,257.55,257.55,150,14025,213.24,257.05,258.95
7731,2021-02-22 12:46:00,260.55,260.55,257.55,257.55,150,14025,213.24,257.05,258.95
7732,2021-02-22 12:47:00,261.4,261.4,261.4,261.4,75,14025,213.41,262.05,264.25
7733,2021-02-22 12:48:00,261.4,261.4,261.4,261.4,75,14025,213.41,262.05,264.25
7734,2021-02-22 12:49:00,268.3,268.3,268.3,268.3,150,14025,213.81,268.3,270.7
7735,2021-02-22 12:50:00,266.95,266.95,266.95,266.95,75,14025,213.99,265.55,267.35
7736,2021-02-22 12:51:00,266.95,266.95,266.95,266.95,75,14025,213.99,265.55,267.35
7737,2021-02-22 12:52:00,266.95,266.95,266.95,266.95,75,14025,213.99,265.55,267.35
7738,2021-02-22 12:53:00,266.95,266.95,266.95,266.95,75,14025,213.99,265.55,267.35
7739,2021-02-22 12:54:00,266.95,266.95,266.95,266.95,75,14025,213.99,265.55,267.35
7740,2021-02-22 12:55:00,272.85,276.45,272.85,276.45,150,13950,214.42,275.55,278.45
7741,2021-02-22 12:56:00,276.95,276.95,276.95,276.95,75,13950,214.64,272.55,274.95
7742,2021-02-22 12:57:00,272.95,272.95,272.95,272.95,75,14175,214.84,271.8,273.5
7743,2021-02-22 12:58:00,272.95,272.95,272.95,272.95,75,14175,214.84,271.8,273.5
7744,2021-02-22 12:59:00,272.95,272.95,272.95,272.95,75,14175,214.84,271.8,273.5
7745,2021-02-22 13:00:00,272.95,272.95,272.95,272.95,75,14175,214.84,271.8,273.5
7746,2021-02-22 13:01:00,272.95,272.95,272.95,272.95,75,14175,214.84,271.8,273.5
7747,2021-02-22 13:02:00,272.95,272.95,272.95,272.95,75,14175,214.84,271.8,273.5
7748,2021-02-22 13:03:00,272.95,272.95,272.95,272.95,75,14175,214.84,271.8,273.5
7749,2021-02-22 13:04:00,272.95,272.95,272.95,272.95,75,14175,214.84,271.8,273.5
7750,2021-02-22 13:05:00,275.95,275.95,275.95,275.95,75,14100,215.06,273.25,275.95
7751,2021-02-22 13:06:00,275.95,275.95,275.95,275.95,75,14100,215.06,273.25,275.95
7752,2021-02-22 13:07:00,275.95,275.95,275.95,275.95,75,14100,215.06,273.25,275.95
7753,2021-02-22 13:08:00,275.95,275.95,275.95,275.95,75,14100,215.06,273.25,275.95
7754,2021-02-22 13:09:00,275.95,275.95,275.95,275.95,75,14100,215.06,273.25,275.95
7755,2021-02-22 13:10:00,276.7,276.7,276.7,276.7,75,14175,215.27,277.6,279.65
7756,2021-02-22 13:11:00,276.7,276.7,276.7,276.7,75,14175,215.27,277.6,279.65
7757,2021-02-22 13:12:00,276.7,276.7,276.7,276.7,75,14175,215.27,277.6,279.65
7758,2021-02-22 13:13:00,276.7,276.7,276.7,276.7,75,14175,215.27,277.6,279.65
7759,2021-02-22 13:14:00,276.7,276.7,276.7,276.7,75,14175,215.27,277.6,279.65
7760,2021-02-22 13:15:00,276.7,276.7,276.7,276.7,75,14175,215.27,277.6,279.65
7761,2021-02-22 13:16:00,276.7,276.7,276.7,276.7,75,14175,215.27,277.6,279.65
7762,2021-02-22 13:17:00,275.65,275.65,275.65,275.65,75,14175,215.48,272.55,275.2
7763,2021-02-22 13:18:00,275.65,275.65,275.65,275.65,75,14175,215.48,272.55,275.2
7764,2021-02-22 13:19:00,275.65,275.65,275.65,275.65,75,14175,215.48,272.55,275.2
7765,2021-02-22 13:20:00,275.65,275.65,275.65,275.65,75,14175,215.48,272.55,275.2
7766,2021-02-22 13:21:00,275.65,275.65,275.65,275.65,75,14175,215.48,272.55,275.2
7767,2021-02-22 13:22:00,275.65,275.65,275.65,275.65,75,14175,215.48,272.55,275.2
7768,2021-02-22 13:23:00,275.65,275.65,275.65,275.65,75,14175,215.48,272.55,275.2
7769,2021-02-22 13:24:00,275.65,275.65,275.65,275.65,75,14175,215.48,272.55,275.2
7770,2021-02-22 13:25:00,277.05,277.05,277.05,277.05,75,14175,215.69,274.65,276.75
7771,2021-02-22 13:26:00,277.05,277.05,277.05,277.05,75,14175,215.69,274.65,276.75
7772,2021-02-22 13:27:00,277.05,277.05,277.05,277.05,75,14175,215.69,274.65,276.75
7773,2021-02-22 13:28:00,277.05,277.05,277.05,277.05,75,14175,215.69,274.65,276.75
7774,2021-02-22 13:29:00,277.05,277.05,277.05,277.05,75,14175,215.69,274.65,276.75
7775,2021-02-22 13:30:00,282.0,284.95,282.0,284.2,450,14250,217.06,282.55,284.95
7776,2021-02-22 13:31:00,283.85,284.95,283.85,284.95,150,14250,217.51,283.7,285.95
7777,2021-02-22 13:32:00,285.45,285.45,284.75,284.75,150,14250,217.96,285.3,287.35
7778,2021-02-22 13:33:00,286.45,286.45,286.45,286.45,75,14475,218.19,286.05,288.55
7779,2021-02-22 13:34:00,286.45,286.45,286.45,286.45,75,14475,218.19,286.05,288.55
7780,2021-02-22 13:35:00,286.45,286.45,286.45,286.45,75,14475,218.19,286.05,288.55
7781,2021-02-22 13:36:00,293.05,293.05,293.05,293.05,75,14550,218.44,291.55,293.35
7782,2021-02-22 13:37:00,293.05,293.05,293.05,293.05,75,14550,218.69,290.05,291.75
7783,2021-02-22 13:38:00,290.0,290.0,290.0,290.0,150,14550,219.15,287.0,289.05
7784,2021-02-22 13:39:00,290.0,290.0,290.0,290.0,150,14550,219.15,287.0,289.05
7785,2021-02-22 13:40:00,290.0,290.0,290.0,290.0,150,14550,219.15,287.0,289.05
7786,2021-02-22 13:41:00,290.0,290.0,290.0,290.0,150,14550,219.15,287.0,289.05
7787,2021-02-22 13:42:00,290.3,290.3,290.3,290.3,75,14625,219.39,293.55,296.1
7788,2021-02-22 13:43:00,290.3,290.3,290.3,290.3,75,14625,219.39,293.55,296.1
7789,2021-02-22 13:44:00,290.3,290.3,290.3,290.3,75,14625,219.39,293.55,296.1
7790,2021-02-22 13:45:00,290.3,290.3,290.3,290.3,75,14625,219.39,293.55,296.1
7791,2021-02-22 13:46:00,290.3,290.3,290.3,290.3,75,14625,219.39,293.55,296.1
7792,2021-02-22 13:47:00,290.3,290.3,290.3,290.3,75,14625,219.39,293.55,296.1
7793,2021-02-22 13:48:00,290.3,290.3,290.3,290.3,75,14625,219.39,293.55,296.1
7794,2021-02-22 13:49:00,303.05,303.05,303.05,303.05,75,14550,219.66,302.7,304.2
7795,2021-02-22 13:50:00,303.05,303.05,303.05,303.05,75,14550,219.66,302.7,304.2
7796,2021-02-22 13:51:00,305.0,305.0,305.0,305.0,75,14550,219.94,304.05,306.15
7797,2021-02-22 13:52:00,306.45,306.45,305.4,305.4,150,14550,220.49,302.05,304.85
7798,2021-02-22 13:53:00,304.75,304.75,304.75,304.75,75,14550,220.76,305.55,307.95
7799,2021-02-22 13:54:00,311.35,311.35,311.35,311.35,75,14850,221.05,312.95,315.95
7800,2021-02-22 13:55:00,312.7,312.7,312.7,312.7,150,14850,221.64,310.05,312.1
7801,2021-02-22 13:56:00,312.7,312.7,312.7,312.7,150,14850,221.64,310.05,312.1
7802,2021-02-22 13:57:00,312.7,312.7,312.7,312.7,150,14850,221.64,310.05,312.1
7803,2021-02-22 13:58:00,312.7,312.7,312.7,312.7,150,14850,221.64,310.05,312.1
7804,2021-02-22 13:59:00,312.7,312.7,312.7,312.7,150,14850,221.64,310.05,312.1
7805,2021-02-22 14:00:00,312.7,312.7,312.7,312.7,150,14850,221.64,310.05,312.1
7806,2021-02-22 14:01:00,312.7,312.7,312.7,312.7,150,14850,221.64,310.05,312.1
7807,2021-02-22 14:02:00,312.7,312.7,312.7,312.7,150,14850,221.64,310.05,312.1
7808,2021-02-22 14:03:00,312.7,312.7,312.7,312.7,150,14850,221.64,310.05,312.1
7809,2021-02-22 14:04:00,312.7,312.7,312.7,312.7,150,14850,221.64,310.05,312.1
7810,2021-02-22 14:05:00,312.7,312.7,312.7,312.7,150,14850,221.64,310.05,312.1
7811,2021-02-22 14:06:00,297.6,297.6,297.6,297.6,150,14775,222.12,294.0,296.1
7812,2021-02-22 14:07:00,297.6,297.6,297.6,297.6,150,14775,222.12,294.0,296.1
7813,2021-02-22 14:08:00,297.6,297.6,297.6,297.6,150,14775,222.12,294.0,296.1
7814,2021-02-22 14:09:00,297.6,297.6,297.6,297.6,150,14775,222.12,294.0,296.1
7815,2021-02-22 14:10:00,307.55,307.55,307.55,307.55,150,14850,222.65,307.6,309.95
7816,2021-02-22 14:11:00,307.6,307.6,307.6,307.6,75,0,222.92,306.15,307.65
7817,2021-02-22 14:12:00,307.6,307.6,307.6,307.6,75,0,222.92,306.15,307.65
7818,2021-02-22 14:13:00,307.6,307.6,307.6,307.6,75,0,222.92,306.15,307.65
7819,2021-02-22 14:14:00,307.6,307.6,307.6,307.6,75,0,222.92,306.15,307.65
7820,2021-02-22 14:15:00,307.6,307.6,307.6,307.6,75,0,222.92,306.15,307.65
7821,2021-02-22 14:16:00,307.6,307.6,307.6,307.6,75,0,222.92,306.15,307.65
7822,2021-02-22 14:17:00,307.6,307.6,307.6,307.6,75,0,222.92,306.15,307.65
7823,2021-02-22 14:18:00,317.0,319.5,317.0,317.0,975,14775,226.67,317.7,319.4
7824,2021-02-22 14:19:00,317.0,319.5,317.0,317.0,975,14775,226.67,317.7,319.4
7825,2021-02-22 14:20:00,321.05,321.05,321.05,321.05,75,14775,226.95,321.55,322.85
7826,2021-02-22 14:21:00,321.05,321.05,321.05,321.05,75,14775,226.95,321.55,322.85
7827,2021-02-22 14:22:00,323.75,324.0,323.75,324.0,150,14625,227.53,320.65,322.25
7828,2021-02-22 14:23:00,323.75,324.0,323.75,324.0,150,14625,227.53,320.65,322.25
7829,2021-02-22 14:24:00,323.75,324.0,323.75,324.0,150,14625,227.53,320.65,322.25
7830,2021-02-22 14:25:00,323.75,324.0,323.75,324.0,150,14625,227.53,320.65,322.25
7831,2021-02-22 14:26:00,323.75,324.0,323.75,324.0,150,14625,227.53,320.65,322.25
7832,2021-02-22 14:27:00,323.75,324.0,323.75,324.0,150,14625,227.53,320.65,322.25
7833,2021-02-22 14:28:00,323.75,324.0,323.75,324.0,150,14625,227.53,320.65,322.25
7834,2021-02-22 14:29:00,316.9,316.9,316.9,316.9,75,14700,227.79,309.7,311.2
7835,2021-02-22 14:30:00,316.9,316.9,316.9,316.9,75,14700,227.79,309.7,311.2
7836,2021-02-22 14:31:00,316.9,316.9,316.9,316.9,75,14700,227.79,309.7,311.2
7837,2021-02-22 14:32:00,316.9,316.9,316.9,316.9,75,14700,227.79,309.7,311.2
7838,2021-02-22 14:33:00,316.9,316.9,316.9,316.9,75,14700,227.79,309.7,311.2
7839,2021-02-22 14:34:00,316.9,316.9,316.9,316.9,75,14700,227.79,309.7,311.2
7840,2021-02-22 14:35:00,316.9,316.9,316.9,316.9,75,14700,227.79,309.7,311.2
7841,2021-02-22 14:36:00,316.9,316.9,316.9,316.9,75,14700,227.79,309.7,311.2
7842,2021-02-22 14:37:00,316.9,316.9,316.9,316.9,75,14700,227.79,309.7,311.2
7843,2021-02-22 14:38:00,307.1,307.1,307.1,307.1,75,14250,228.03,294.55,296.7
7844,2021-02-22 14:39:00,307.1,307.1,307.1,307.1,75,14250,228.03,294.55,296.7
7845,2021-02-22 14:40:00,307.1,307.1,307.1,307.1,75,14250,228.03,294.55,296.7
7846,2021-02-22 14:41:00,307.1,307.1,307.1,307.1,75,14250,228.03,294.55,296.7
7847,2021-02-22 14:42:00,307.1,307.1,307.1,307.1,75,14250,228.03,294.55,296.7
7848,2021-02-22 14:43:00,307.1,307.1,307.1,307.1,75,14250,228.03,294.55,296.7
7849,2021-02-22 14:44:00,307.1,307.1,307.1,307.1,75,14250,228.03,294.55,296.7
7850,2021-02-22 14:45:00,307.1,307.1,307.1,307.1,75,14250,228.03,294.55,296.7
7851,2021-02-22 14:46:00,307.1,307.1,307.1,307.1,75,14250,228.03,294.55,296.7
7852,2021-02-22 14:47:00,307.1,307.1,307.1,307.1,75,14250,228.03,294.55,296.7
7853,2021-02-22 14:48:00,307.1,307.1,307.1,307.1,75,14250,228.03,294.55,296.7
7854,2021-02-22 14:49:00,285.85,285.85,283.8,283.8,600,14175,229.35,285.6,287.3
7855,2021-02-22 14:50:00,285.85,285.85,283.8,283.8,600,14175,229.35,285.6,287.3
7856,2021-02-22 14:51:00,285.85,285.85,283.8,283.8,600,14175,229.35,285.6,287.3
7857,2021-02-22 14:52:00,285.0,285.0,285.0,285.0,75,14475,229.52,287.1,289.0
7858,2021-02-22 14:53:00,285.0,285.0,285.0,285.0,75,14475,229.52,287.1,289.0
7859,2021-02-22 14:54:00,285.0,285.0,285.0,285.0,75,14475,229.52,287.1,289.0
7860,2021-02-22 14:55:00,285.0,285.0,285.0,285.0,75,14475,229.52,287.1,289.0
7861,2021-02-22 14:56:00,285.0,285.0,285.0,285.0,75,14475,229.52,287.1,289.0
7862,2021-02-22 14:57:00,285.0,285.0,285.0,285.0,75,14475,229.52,287.1,289.0
7863,2021-02-22 14:58:00,285.0,285.0,285.0,285.0,75,14475,229.52,287.1,289.0
7864,2021-02-22 14:59:00,285.0,285.0,285.0,285.0,75,14475,229.52,287.1,289.0
7865,2021-02-22 15:00:00,285.0,285.0,285.0,285.0,75,14475,229.52,287.1,289.0
7866,2021-02-22 15:01:00,285.0,285.0,285.0,285.0,75,14475,229.52,287.1,289.0
7867,2021-02-22 15:02:00,301.0,301.0,301.0,301.0,75,14400,229.72,306.5,308.55
7868,2021-02-22 15:03:00,301.0,301.0,301.0,301.0,75,14400,229.72,306.5,308.55
7869,2021-02-22 15:04:00,301.0,301.0,301.0,301.0,75,14400,229.72,306.5,308.55
7870,2021-02-22 15:05:00,301.0,301.0,301.0,301.0,75,14400,229.72,306.5,308.55
7871,2021-02-22 15:06:00,301.0,301.0,301.0,301.0,75,14400,229.72,306.5,308.55
7872,2021-02-22 15:07:00,301.0,301.0,301.0,301.0,75,14400,229.72,306.5,308.55
7873,2021-02-22 15:08:00,306.0,306.0,306.0,306.0,75,14400,229.94,304.05,306.25
7874,2021-02-22 15:09:00,306.0,306.0,306.0,306.0,75,14400,229.94,304.05,306.25
7875,2021-02-22 15:10:00,306.0,306.0,306.0,306.0,75,14400,229.94,304.05,306.25
7876,2021-02-22 15:11:00,306.0,306.0,306.0,306.0,75,14400,229.94,304.05,306.25
7877,2021-02-22 15:12:00,306.0,306.0,306.0,306.0,75,14400,229.94,304.05,306.25
7878,2021-02-22 15:13:00,306.0,306.0,306.0,306.0,75,14400,229.94,304.05,306.25
7879,2021-02-22 15:14:00,306.0,306.0,306.0,306.0,75,14400,229.94,304.05,306.25
7880,2021-02-22 15:15:00,306.0,306.0,306.0,306.0,75,14400,229.94,304.05,306.25
7881,2021-02-22 15:16:00,312.8,312.8,312.8,312.8,75,14475,230.18,312.05,313.95
7882,2021-02-22 15:17:00,315.95,315.95,315.95,315.95,75,14475,230.42,317.25,319.5
7883,2021-02-22 15:18:00,320.0,322.55,320.0,322.55,375,14475,231.69,321.2,323.0
7884,2021-02-22 15:19:00,321.2,321.2,321.2,321.2,75,14475,231.94,325.55,327.95
7885,2021-02-22 15:20:00,325.2,325.2,325.2,325.2,75,14475,232.2,325.5,327.45
7886,2021-02-22 15:21:00,325.2,325.2,325.2,325.2,75,14475,232.2,325.5,327.45
7887,2021-02-22 15:22:00,325.2,325.2,325.2,325.2,75,14475,232.2,325.5,327.45
7888,2021-02-22 15:23:00,327.5,327.5,327.5,327.5,75,14400,232.47,327.4,329.65
7889,2021-02-22 15:24:00,327.5,327.5,327.5,327.5,75,14400,232.47,327.4,329.65
7890,2021-02-22 15:25:00,327.5,327.5,327.5,327.5,75,14400,232.47,327.4,329.65
7891,2021-02-22 15:26:00,327.5,327.5,327.5,327.5,75,14400,232.47,327.4,329.65
7892,2021-02-22 15:27:00,327.5,327.5,327.5,327.5,75,14400,232.47,327.4,329.65
7893,2021-02-22 15:28:00,327.5,327.5,327.5,327.5,75,14400,232.47,327.4,329.65
7894,2021-02-22 15:29:00,327.5,327.5,327.5,327.5,75,14400,232.47,327.4,329.65
7895,2021-02-22 15:30:00,327.5,327.5,327.5,327.5,75,14400,232.47,327.4,329.65
7896,2021-02-23 09:15:00,280.55,280.55,280.55,280.55,75,13800,280.55,281.0,286.45
7897,2021-02-23 09:16:00,280.55,280.55,280.55,280.55,75,13800,280.55,281.0,286.45
7898,2021-02-23 09:17:00,280.55,280.55,280.55,280.55,75,13800,280.55,281.0,286.45
7899,2021-02-23 09:18:00,280.55,280.55,280.55,280.55,75,13800,280.55,281.0,286.45
7900,2021-02-23 09:19:00,280.55,280.55,280.55,280.55,75,13800,280.55,281.0,286.45
7901,2021-02-23 09:20:00,280.55,280.55,280.55,280.55,75,13800,280.55,281.0,286.45
7902,2021-02-23 09:21:00,281.55,281.55,278.55,278.55,150,13800,280.21,276.55,279.5
7903,2021-02-23 09:22:00,279.05,279.05,277.05,277.05,150,13800,279.35,275.05,278.0
7904,2021-02-23 09:23:00,275.55,275.55,275.55,275.55,75,13800,278.71,277.0,280.5
7905,2021-02-23 09:24:00,280.5,280.5,280.5,280.5,375,0,279.52,280.0,282.55
7906,2021-02-23 09:25:00,280.5,280.5,280.5,280.5,375,0,279.52,280.0,282.55
7907,2021-02-23 09:26:00,280.5,280.5,280.5,280.5,375,0,279.52,280.0,282.55
7908,2021-02-23 09:27:00,280.5,280.5,280.5,280.5,375,0,279.52,280.0,282.55
7909,2021-02-23 09:28:00,280.5,280.5,280.5,280.5,375,0,279.52,280.0,282.55
7910,2021-02-23 09:29:00,284.0,284.0,284.0,284.0,75,13650,279.9,278.55,281.15
7911,2021-02-23 09:30:00,276.7,276.7,276.7,276.7,75,13650,279.65,275.5,277.15
7912,2021-02-23 09:31:00,280.35,280.35,280.35,280.35,150,13650,279.74,281.5,283.4
7913,2021-02-23 09:32:00,280.35,280.35,280.35,280.35,150,13650,279.74,281.5,283.4
7914,2021-02-23 09:33:00,280.35,280.35,280.35,280.35,150,13650,279.74,281.5,283.4
7915,2021-02-23 09:34:00,280.35,280.35,280.35,280.35,150,13650,279.74,281.5,283.4
7916,2021-02-23 09:35:00,280.35,280.35,280.35,280.35,150,13650,279.74,281.5,283.4
7917,2021-02-23 09:36:00,280.35,280.35,280.35,280.35,150,13650,279.74,281.5,283.4
7918,2021-02-23 09:37:00,285.05,285.05,285.05,285.05,75,13500,280.07,283.5,286.45
7919,2021-02-23 09:38:00,285.05,285.05,285.05,285.05,75,13500,280.07,283.5,286.45
7920,2021-02-23 09:39:00,285.05,285.05,285.05,285.05,75,13500,280.07,283.5,286.45
7921,2021-02-23 09:40:00,285.05,285.05,285.05,285.05,75,13500,280.07,283.5,286.45
7922,2021-02-23 09:41:00,285.05,285.05,285.05,285.05,75,13500,280.07,283.5,286.45
7923,2021-02-23 09:42:00,295.45,295.45,295.45,295.45,75,13425,280.98,298.1,300.7
7924,2021-02-23 09:43:00,295.45,295.45,295.45,295.45,75,13425,280.98,298.1,300.7
7925,2021-02-23 09:44:00,295.45,295.45,295.45,295.45,75,13425,280.98,298.1,300.7
7926,2021-02-23 09:45:00,307.0,307.0,307.0,307.0,75,13500,282.42,304.5,307.0
7927,2021-02-23 09:46:00,307.0,307.0,307.0,307.0,75,13500,282.42,304.5,307.0
7928,2021-02-23 09:47:00,307.0,307.0,307.0,307.0,75,13500,282.42,304.5,307.0
7929,2021-02-23 09:48:00,314.95,314.95,314.95,314.95,75,13575,284.13,313.05,315.0
7930,2021-02-23 09:49:00,314.95,314.95,314.95,314.95,75,13575,284.13,313.05,315.0
7931,2021-02-23 09:50:00,300.4,300.4,300.4,300.4,75,13575,284.95,306.05,308.45
7932,2021-02-23 09:51:00,300.4,300.4,300.4,300.4,75,13575,284.95,306.05,308.45
7933,2021-02-23 09:52:00,300.4,300.4,300.4,300.4,75,13575,284.95,306.05,308.45
7934,2021-02-23 09:53:00,290.0,290.0,290.0,290.0,75,13575,285.19,290.5,293.25
7935,2021-02-23 09:54:00,291.15,291.15,291.15,291.15,75,13575,285.46,288.05,290.45
7936,2021-02-23 09:55:00,291.15,291.15,291.15,291.15,75,13575,285.46,288.05,290.45
7937,2021-02-23 09:56:00,291.15,291.15,291.15,291.15,75,13575,285.46,288.05,290.45
7938,2021-02-23 09:57:00,291.15,291.15,291.15,291.15,75,13575,285.46,288.05,290.45
7939,2021-02-23 09:58:00,291.15,291.15,291.15,291.15,75,13575,285.46,288.05,290.45
7940,2021-02-23 09:59:00,294.55,294.55,294.55,294.55,75,13575,285.85,288.5,290.55
7941,2021-02-23 10:00:00,288.55,288.55,288.55,288.55,75,13575,285.97,284.0,286.25
7942,2021-02-23 10:01:00,288.55,288.55,288.55,288.55,75,13575,285.97,284.0,286.25
7943,2021-02-23 10:02:00,281.5,281.5,281.5,281.5,225,13575,285.47,281.05,283.25
7944,2021-02-23 10:03:00,281.5,281.5,281.5,281.5,225,13575,285.47,281.05,283.25
7945,2021-02-23 10:04:00,277.4,277.4,277.4,277.4,75,13575,285.18,273.0,276.0
7946,2021-02-23 10:05:00,277.4,277.4,277.4,277.4,75,13575,285.18,273.0,276.0
7947,2021-02-23 10:06:00,277.4,277.4,277.4,277.4,75,13575,285.18,273.0,276.0
7948,2021-02-23 10:07:00,277.4,277.4,277.4,277.4,75,13575,285.18,273.0,276.0
7949,2021-02-23 10:08:00,277.4,277.4,277.4,277.4,75,13575,285.18,273.0,276.0
7950,2021-02-23 10:09:00,274.0,274.0,274.0,274.0,75,13950,284.8,273.05,275.45
7951,2021-02-23 10:10:00,272.5,272.5,272.5,272.5,150,13950,284.02,275.5,277.3
7952,2021-02-23 10:11:00,272.0,272.45,272.0,272.45,450,14025,282.08,271.55,274.35
7953,2021-02-23 10:12:00,272.0,272.45,272.0,272.45,450,14025,282.08,271.55,274.35
7954,2021-02-23 10:13:00,272.0,272.45,272.0,272.45,450,14025,282.08,271.55,274.35
7955,2021-02-23 10:14:00,275.5,275.5,275.5,275.5,150,14025,281.74,273.05,275.95
7956,2021-02-23 10:15:00,271.0,271.0,271.0,271.0,150,14475,281.22,272.5,274.85
7957,2021-02-23 10:16:00,271.0,271.0,271.0,271.0,150,14475,281.22,272.5,274.85
7958,2021-02-23 10:17:00,272.0,272.0,269.0,269.0,600,14475,279.41,265.55,267.95
7959,2021-02-23 10:18:00,265.5,265.5,265.5,265.5,225,14925,278.6,266.5,268.95
7960,2021-02-23 10:19:00,268.95,268.95,268.95,268.95,75,14925,278.42,264.05,266.45
7961,2021-02-23 10:20:00,261.7,261.7,261.05,261.55,900,14625,275.32,260.75,262.25
7962,2021-02-23 10:21:00,261.8,263.15,261.8,262.0,450,14625,274.2,260.85,262.4
7963,2021-02-23 10:22:00,260.6,260.6,259.05,259.05,2325,14625,269.79,256.75,257.8
7964,2021-02-23 10:23:00,256.7,256.7,255.45,255.45,1950,14625,267.03,255.35,256.8
7965,2021-02-23 10:24:00,257.45,257.45,255.15,255.15,975,18675,265.96,253.1,254.3
7966,2021-02-23 10:25:00,252.65,252.65,252.65,252.65,825,18675,265.0,252.65,253.95
7967,2021-02-23 10:26:00,252.65,252.65,252.65,252.65,825,18675,265.0,252.65,253.95
7968,2021-02-23 10:27:00,252.65,252.65,252.65,252.65,825,18675,265.0,252.65,253.95
7969,2021-02-23 10:28:00,253.9,253.9,253.9,253.9,375,21600,264.65,253.0,254.35
7970,2021-02-23 10:29:00,253.9,253.9,253.9,253.9,375,21600,264.65,253.0,254.35
7971,2021-02-23 10:30:00,250.7,250.7,250.7,250.7,75,21600,264.56,251.1,252.3
7972,2021-02-23 10:31:00,251.25,251.25,245.75,246.3,3375,21600,260.84,245.3,246.55
7973,2021-02-23 10:32:00,251.25,251.25,245.75,246.3,3375,21600,260.84,245.3,246.55
7974,2021-02-23 10:33:00,251.25,251.25,245.75,246.3,3375,21600,260.84,245.3,246.55
7975,2021-02-23 10:34:00,251.25,251.25,245.75,246.3,3375,21600,260.84,245.3,246.55
7976,2021-02-23 10:35:00,240.0,240.0,235.3,235.3,1050,22875,259.37,237.2,238.45
7977,2021-02-23 10:36:00,240.0,240.0,240.0,240.0,75,22875,259.28,240.4,241.55
7978,2021-02-23 10:37:00,240.0,240.0,240.0,240.0,75,22875,259.28,240.4,241.55
7979,2021-02-23 10:38:00,240.0,240.0,240.0,240.0,75,22875,259.28,240.4,241.55
7980,2021-02-23 10:39:00,240.0,240.0,240.0,240.0,75,22875,259.28,240.4,241.55
7981,2021-02-23 10:40:00,240.0,240.0,240.0,240.0,75,22875,259.28,240.4,241.55
7982,2021-02-23 10:41:00,240.0,240.0,240.0,240.0,75,22875,259.28,240.4,241.55
7983,2021-02-23 10:42:00,238.75,238.75,238.75,238.75,75,22800,259.19,237.6,238.5
7984,2021-02-23 10:43:00,233.55,233.55,233.55,233.55,75,22800,259.07,233.7,234.85
7985,2021-02-23 10:44:00,233.55,233.55,233.55,233.55,75,22800,259.07,233.7,234.85
7986,2021-02-23 10:45:00,233.55,233.55,233.55,233.55,75,22800,259.07,233.7,234.85
7987,2021-02-23 10:46:00,239.75,239.75,239.75,239.75,150,22725,258.89,239.5,240.65
7988,2021-02-23 10:47:00,241.85,241.85,241.85,241.85,150,22800,258.74,241.85,243.35
7989,2021-02-23 10:48:00,241.85,241.85,241.85,241.85,150,22800,258.74,241.85,243.35
7990,2021-02-23 10:49:00,241.85,241.85,241.85,241.85,150,22800,258.74,241.85,243.35
7991,2021-02-23 10:50:00,241.85,241.85,241.85,241.85,150,22800,258.74,241.85,243.35
7992,2021-02-23 10:51:00,245.2,245.2,245.2,245.2,75,22950,258.68,244.15,245.65
7993,2021-02-23 10:52:00,245.2,245.2,245.2,245.2,75,22950,258.68,244.15,245.65
7994,2021-02-23 10:53:00,245.2,245.2,245.2,245.2,75,22950,258.68,244.15,245.65
7995,2021-02-23 10:54:00,245.2,245.2,245.2,245.2,75,22950,258.68,244.15,245.65
7996,2021-02-23 10:55:00,245.2,245.2,245.2,245.2,75,22950,258.68,244.15,245.65
7997,2021-02-23 10:56:00,245.2,245.2,245.2,245.2,75,22950,258.68,244.15,245.65
7998,2021-02-23 10:57:00,245.2,245.2,245.2,245.2,75,22950,258.68,244.15,245.65
7999,2021-02-23 10:58:00,245.2,245.2,245.2,245.2,75,22950,258.68,244.15,245.65
8000,2021-02-23 10:59:00,245.2,245.2,245.2,245.2,75,22950,258.68,244.15,245.65
8001,2021-02-23 11:00:00,245.2,245.2,245.2,245.2,75,22950,258.68,244.15,245.65
8002,2021-02-23 11:01:00,245.2,245.2,245.2,245.2,75,22950,258.68,244.15,245.65
8003,2021-02-23 11:02:00,248.2,248.2,246.9,246.9,150,22875,258.58,245.2,246.6
8004,2021-02-23 11:03:00,248.2,248.2,246.9,246.9,150,22875,258.58,245.2,246.6
8005,2021-02-23 11:04:00,248.2,248.2,246.9,246.9,150,22875,258.58,245.2,246.6
8006,2021-02-23 11:05:00,248.35,248.35,248.35,248.35,75,22800,258.54,247.85,249.05
8007,2021-02-23 11:06:00,248.35,248.35,248.35,248.35,75,22800,258.54,247.85,249.05
8008,2021-02-23 11:07:00,249.05,249.05,249.05,249.05,75,22800,258.5,248.55,249.65
8009,2021-02-23 11:08:00,249.05,249.05,249.05,249.05,75,22800,258.5,248.55,249.65
8010,2021-02-23 11:09:00,249.05,249.05,249.05,249.05,75,22800,258.5,248.55,249.65
8011,2021-02-23 11:10:00,242.75,242.75,242.05,242.05,150,22800,258.36,241.95,242.85
8012,2021-02-23 11:11:00,242.75,242.75,242.05,242.05,150,22800,258.36,241.95,242.85
8013,2021-02-23 11:12:00,242.75,242.75,242.05,242.05,150,22800,258.36,241.95,242.85
8014,2021-02-23 11:13:00,242.75,242.75,242.05,242.05,150,22800,258.36,241.95,242.85
8015,2021-02-23 11:14:00,242.75,242.75,242.05,242.05,150,22800,258.36,241.95,242.85
8016,2021-02-23 11:15:00,242.75,242.75,242.05,242.05,150,22800,258.36,241.95,242.85
8017,2021-02-23 11:16:00,242.75,242.75,242.05,242.05,150,22800,258.36,241.95,242.85
8018,2021-02-23 11:17:00,242.75,242.75,242.05,242.05,150,22800,258.36,241.95,242.85
8019,2021-02-23 11:18:00,242.75,242.75,242.05,242.05,150,22800,258.36,241.95,242.85
8020,2021-02-23 11:19:00,242.75,242.75,242.05,242.05,150,22800,258.36,241.95,242.85
8021,2021-02-23 11:20:00,242.75,242.75,242.05,242.05,150,22800,258.36,241.95,242.85
8022,2021-02-23 11:21:00,248.45,248.45,248.45,248.45,75,22800,258.32,248.4,249.6
8023,2021-02-23 11:22:00,249.65,249.65,249.65,249.65,75,22800,258.28,248.45,249.8
8024,2021-02-23 11:23:00,249.65,249.65,249.65,249.65,75,22800,258.28,248.45,249.8
8025,2021-02-23 11:24:00,249.65,249.65,249.65,249.65,75,22800,258.28,248.45,249.8
8026,2021-02-23 11:25:00,249.65,249.65,249.65,249.65,75,22800,258.28,248.45,249.8
8027,2021-02-23 11:26:00,252.55,255.25,252.55,255.25,300,22800,258.21,253.25,254.5
8028,2021-02-23 11:27:00,252.55,255.25,252.55,255.25,300,22800,258.21,253.25,254.5
8029,2021-02-23 11:28:00,253.15,253.15,253.15,253.15,75,22875,258.18,253.85,255.1
8030,2021-02-23 11:29:00,253.15,253.15,253.15,253.15,75,22875,258.18,253.85,255.1
8031,2021-02-23 11:30:00,255.95,258.3,255.95,258.3,225,22725,258.17,257.6,258.8
8032,2021-02-23 11:31:00,259.4,259.4,259.4,259.4,75,22725,258.18,262.95,263.95
8033,2021-02-23 11:32:00,259.4,259.4,259.4,259.4,75,22725,258.18,262.95,263.95
8034,2021-02-23 11:33:00,267.45,267.45,267.35,267.35,150,22800,258.25,259.4,260.55
8035,2021-02-23 11:34:00,263.6,263.6,263.6,263.6,75,22800,258.27,263.7,264.9
8036,2021-02-23 11:35:00,263.6,263.6,263.6,263.6,75,22800,258.27,263.7,264.9
8037,2021-02-23 11:36:00,263.6,263.6,263.6,263.6,75,22800,258.27,263.7,264.9
8038,2021-02-23 11:37:00,263.6,263.6,263.6,263.6,75,22800,258.27,263.7,264.9
8039,2021-02-23 11:38:00,268.1,268.1,268.1,268.1,75,22725,258.31,268.65,269.6
8040,2021-02-23 11:39:00,269.75,275.35,269.75,273.4,300,22725,258.56,272.5,273.6
8041,2021-02-23 11:40:00,269.75,271.4,269.75,271.4,150,22725,258.65,271.9,273.9
8042,2021-02-23 11:41:00,269.75,271.4,269.75,271.4,150,22725,258.65,271.9,273.9
8043,2021-02-23 11:42:00,271.85,277.85,271.85,277.85,225,22800,258.85,277.55,280.35
8044,2021-02-23 11:43:00,279.2,281.15,279.2,280.55,300,22800,259.18,278.5,280.25
8045,2021-02-23 11:44:00,279.2,281.15,279.2,280.55,300,22800,259.18,278.5,280.25
8046,2021-02-23 11:45:00,288.9,288.9,287.05,287.05,150,22575,259.4,288.05,290.2
8047,2021-02-23 11:46:00,289.0,294.5,289.0,294.5,675,22575,260.45,293.05,295.45
8048,2021-02-23 11:47:00,294.55,294.55,294.55,294.55,75,22575,260.58,284.6,286.85
8049,2021-02-23 11:48:00,285.95,285.95,280.15,280.15,225,22800,260.83,280.5,282.35
8050,2021-02-23 11:49:00,285.35,285.95,285.35,285.95,150,22800,261.01,285.05,287.0
8051,2021-02-23 11:50:00,275.3,275.3,275.3,275.3,150,22800,261.11,278.4,279.75
8052,2021-02-23 11:51:00,277.1,277.1,277.0,277.0,150,22950,261.22,278.75,280.25
8053,2021-02-23 11:52:00,277.1,277.1,277.0,277.0,150,22950,261.22,278.75,280.25
8054,2021-02-23 11:53:00,277.1,277.1,277.0,277.0,150,22950,261.22,278.75,280.25
8055,2021-02-23 11:54:00,277.1,277.1,277.0,277.0,150,22950,261.22,278.75,280.25
8056,2021-02-23 11:55:00,277.1,277.1,277.0,277.0,150,22950,261.22,278.75,280.25
8057,2021-02-23 11:56:00,277.1,277.1,277.0,277.0,150,22950,261.22,278.75,280.25
8058,2021-02-23 11:57:00,280.0,280.0,280.0,280.0,75,23100,261.29,279.95,281.45
8059,2021-02-23 11:58:00,280.0,280.0,280.0,280.0,75,23100,261.29,279.95,281.45
8060,2021-02-23 11:59:00,280.0,280.0,280.0,280.0,75,23100,261.29,279.95,281.45
8061,2021-02-23 12:00:00,280.0,280.0,280.0,280.0,75,23100,261.29,279.95,281.45
8062,2021-02-23 12:01:00,280.0,280.0,280.0,280.0,75,23100,261.29,279.95,281.45
8063,2021-02-23 12:02:00,280.0,280.0,280.0,280.0,75,23100,261.29,279.95,281.45
8064,2021-02-23 12:03:00,280.0,280.0,280.0,280.0,75,23100,261.29,279.95,281.45
8065,2021-02-23 12:04:00,280.0,280.0,280.0,280.0,75,23100,261.29,279.95,281.45
8066,2021-02-23 12:05:00,280.0,280.0,280.0,280.0,75,23100,261.29,279.95,281.45
8067,2021-02-23 12:06:00,280.0,280.0,280.0,280.0,75,23100,261.29,279.95,281.45
8068,2021-02-23 12:07:00,281.0,281.0,281.0,281.0,75,22800,261.36,280.05,281.7
8069,2021-02-23 12:08:00,281.0,281.0,281.0,281.0,75,22800,261.36,280.05,281.7
8070,2021-02-23 12:09:00,283.1,283.1,283.1,283.1,150,22875,261.51,283.2,284.65
8071,2021-02-23 12:10:00,286.8,289.55,286.8,288.55,450,22875,262.04,284.1,285.45
8072,2021-02-23 12:11:00,286.8,289.55,286.8,288.55,450,22875,262.04,284.1,285.45
8073,2021-02-23 12:12:00,283.65,283.65,283.65,283.65,75,22500,262.12,278.35,279.95
8074,2021-02-23 12:13:00,283.65,283.65,283.65,283.65,75,22500,262.12,278.35,279.95
8075,2021-02-23 12:14:00,283.65,283.65,283.65,283.65,75,22500,262.12,278.35,279.95
8076,2021-02-23 12:15:00,283.65,283.65,283.65,283.65,75,22500,262.12,278.35,279.95
8077,2021-02-23 12:16:00,283.65,283.65,283.65,283.65,75,22500,262.12,278.35,279.95
8078,2021-02-23 12:17:00,285.4,285.4,285.4,285.4,75,22500,262.2,284.5,285.75
8079,2021-02-23 12:18:00,285.4,285.4,285.4,285.4,75,22500,262.2,284.5,285.75
8080,2021-02-23 12:19:00,285.4,285.4,285.4,285.4,75,22500,262.2,284.5,285.75
8081,2021-02-23 12:20:00,285.4,285.4,285.4,285.4,75,22500,262.2,284.5,285.75
8082,2021-02-23 12:21:00,277.4,277.4,277.4,277.4,75,22350,262.25,275.8,277.25
8083,2021-02-23 12:22:00,275.45,275.45,275.45,275.45,75,22350,262.29,275.5,276.95
8084,2021-02-23 12:23:00,275.45,275.45,275.45,275.45,75,22350,262.29,275.5,276.95
8085,2021-02-23 12:24:00,275.45,275.45,275.45,275.45,75,22350,262.29,275.5,276.95
8086,2021-02-23 12:25:00,275.45,275.45,275.45,275.45,75,22350,262.29,275.5,276.95
8087,2021-02-23 12:26:00,275.45,275.45,275.45,275.45,75,22350,262.29,275.5,276.95
8088,2021-02-23 12:27:00,275.45,275.45,275.45,275.45,75,22350,262.29,275.5,276.95
8089,2021-02-23 12:28:00,275.45,275.45,275.45,275.45,75,22350,262.29,275.5,276.95
8090,2021-02-23 12:29:00,275.45,275.45,275.45,275.45,75,22350,262.29,275.5,276.95
8091,2021-02-23 12:30:00,275.45,275.45,275.45,275.45,75,22350,262.29,275.5,276.95
8092,2021-02-23 12:31:00,275.45,275.45,275.45,275.45,75,22350,262.29,275.5,276.95
8093,2021-02-23 12:32:00,287.9,287.9,287.8,287.8,225,22425,262.55,286.3,287.7
8094,2021-02-23 12:33:00,287.9,287.9,287.8,287.8,225,22425,262.55,286.3,287.7
8095,2021-02-23 12:34:00,287.9,287.9,287.8,287.8,225,22425,262.55,286.3,287.7
8096,2021-02-23 12:35:00,289.1,291.5,289.1,291.5,450,22350,263.1,288.5,289.85
8097,2021-02-23 12:36:00,289.1,291.5,289.1,291.5,450,22350,263.1,288.5,289.85
8098,2021-02-23 12:37:00,289.1,291.5,289.1,291.5,450,22350,263.1,288.5,289.85
8099,2021-02-23 12:38:00,289.1,291.5,289.1,291.5,450,22350,263.1,288.5,289.85
8100,2021-02-23 12:39:00,293.85,293.85,293.85,293.85,75,22200,263.2,293.45,294.95
8101,2021-02-23 12:40:00,293.85,293.85,293.85,293.85,75,22200,263.2,293.45,294.95
8102,2021-02-23 12:41:00,293.85,293.85,293.85,293.85,75,22200,263.2,293.45,294.95
8103,2021-02-23 12:42:00,293.85,293.85,293.85,293.85,75,22200,263.2,293.45,294.95
8104,2021-02-23 12:43:00,293.85,293.85,293.85,293.85,75,22200,263.2,293.45,294.95
8105,2021-02-23 12:44:00,282.25,282.25,282.25,282.25,75,21900,263.27,281.25,282.45
8106,2021-02-23 12:45:00,282.25,282.25,282.25,282.25,75,21900,263.27,281.25,282.45
8107,2021-02-23 12:46:00,279.75,283.0,279.75,283.0,150,21900,263.38,285.5,286.75
8108,2021-02-23 12:47:00,279.75,283.0,279.75,283.0,150,21900,263.38,285.5,286.75
8109,2021-02-23 12:48:00,286.5,286.5,286.5,286.5,75,21900,263.46,285.25,286.65
8110,2021-02-23 12:49:00,286.5,286.5,286.5,286.5,75,21900,263.46,285.25,286.65
8111,2021-02-23 12:50:00,283.2,283.2,283.2,283.2,75,21750,263.52,282.05,284.2
8112,2021-02-23 12:51:00,283.2,283.2,283.2,283.2,75,21750,263.52,282.05,284.2
8113,2021-02-23 12:52:00,283.2,283.2,283.2,283.2,75,21750,263.52,282.05,284.2
8114,2021-02-23 12:53:00,283.2,283.2,283.2,283.2,75,21750,263.52,282.05,284.2
8115,2021-02-23 12:54:00,283.2,283.2,283.2,283.2,75,21750,263.52,282.05,284.2
8116,2021-02-23 12:55:00,283.7,283.7,283.7,283.7,150,21675,263.65,281.9,283.95
8117,2021-02-23 12:56:00,283.7,283.7,283.7,283.7,150,21675,263.65,281.9,283.95
8118,2021-02-23 12:57:00,288.05,288.05,288.05,288.05,75,21675,263.73,284.55,286.95
8119,2021-02-23 12:58:00,282.95,283.45,282.95,283.45,150,21675,263.85,283.1,285.95
8120,2021-02-23 12:59:00,282.95,283.45,282.95,283.45,150,21675,263.85,283.1,285.95
8121,2021-02-23 13:00:00,282.95,283.45,282.95,283.45,150,21675,263.85,283.1,285.95
8122,2021-02-23 13:01:00,282.95,283.45,282.95,283.45,150,21675,263.85,283.1,285.95
8123,2021-02-23 13:02:00,282.95,283.45,282.95,283.45,150,21675,263.85,283.1,285.95
8124,2021-02-23 13:03:00,282.95,283.45,282.95,283.45,150,21675,263.85,283.1,285.95
8125,2021-02-23 13:04:00,282.95,283.45,282.95,283.45,150,21675,263.85,283.1,285.95
8126,2021-02-23 13:05:00,271.2,271.2,270.3,270.3,300,21750,263.94,270.55,271.9
8127,2021-02-23 13:06:00,264.7,265.65,264.45,265.65,1575,21750,264.01,265.05,266.4
8128,2021-02-23 13:07:00,263.9,263.9,262.6,262.6,1200,21750,263.96,261.95,263.0
8129,2021-02-23 13:08:00,261.9,261.9,259.45,261.25,1200,21750,263.81,261.6,263.0
8130,2021-02-23 13:09:00,261.9,261.9,259.45,261.25,1200,21750,263.81,261.6,263.0
8131,2021-02-23 13:10:00,261.9,261.9,259.45,261.25,1200,21750,263.81,261.6,263.0
8132,2021-02-23 13:11:00,261.9,261.9,259.45,261.25,1200,21750,263.81,261.6,263.0
8133,2021-02-23 13:12:00,261.9,261.9,259.45,261.25,1200,21750,263.81,261.6,263.0
8134,2021-02-23 13:13:00,261.9,261.9,259.45,261.25,1200,21750,263.81,261.6,263.0
8135,2021-02-23 13:14:00,258.65,258.65,258.65,258.65,75,24075,263.8,259.0,260.3
8136,2021-02-23 13:15:00,257.55,257.55,257.5,257.5,225,25050,263.75,258.35,259.65
8137,2021-02-23 13:16:00,257.55,257.55,257.5,257.5,225,25050,263.75,258.35,259.65
8138,2021-02-23 13:17:00,257.55,257.55,257.5,257.5,225,25050,263.75,258.35,259.65
8139,2021-02-23 13:18:00,257.55,257.55,257.5,257.5,225,25050,263.75,258.35,259.65
8140,2021-02-23 13:19:00,257.55,257.55,257.5,257.5,225,25050,263.75,258.35,259.65
8141,2021-02-23 13:20:00,257.55,257.55,257.5,257.5,225,25050,263.75,258.35,259.65
8142,2021-02-23 13:21:00,257.55,257.55,257.5,257.5,225,25050,263.75,258.35,259.65
8143,2021-02-23 13:22:00,257.55,257.55,257.5,257.5,225,25050,263.75,258.35,259.65
8144,2021-02-23 13:23:00,257.55,257.55,257.5,257.5,225,25050,263.75,258.35,259.65
8145,2021-02-23 13:24:00,271.6,271.6,271.6,271.6,75,25275,263.77,269.6,270.65
8146,2021-02-23 13:25:00,271.6,271.6,271.6,271.6,75,25275,263.77,269.6,270.65
8147,2021-02-23 13:26:00,271.6,271.6,271.6,271.6,75,25275,263.77,269.6,270.65
8148,2021-02-23 13:27:00,271.6,271.6,271.6,271.6,75,25275,263.77,269.6,270.65
8149,2021-02-23 13:28:00,271.6,271.6,271.6,271.6,75,25275,263.77,269.6,270.65
8150,2021-02-23 13:29:00,271.6,271.6,271.6,271.6,75,25275,263.77,269.6,270.65
8151,2021-02-23 13:30:00,266.9,266.9,263.55,263.55,150,25275,263.78,260.9,262.25
8152,2021-02-23 13:31:00,266.9,266.9,263.55,263.55,150,25275,263.78,260.9,262.25
8153,2021-02-23 13:32:00,266.9,266.9,263.55,263.55,150,25275,263.78,260.9,262.25
8154,2021-02-23 13:33:00,266.9,266.9,263.55,263.55,150,25275,263.78,260.9,262.25
8155,2021-02-23 13:34:00,272.95,272.95,272.95,272.95,75,25275,263.8,272.85,274.2
8156,2021-02-23 13:35:00,274.0,283.5,274.0,283.5,150,25275,263.88,280.0,281.4
8157,2021-02-23 13:36:00,286.6,286.6,285.85,285.85,525,25275,264.29,285.15,286.55
8158,2021-02-23 13:37:00,286.6,286.6,285.85,285.85,525,25275,264.29,285.15,286.55
8159,2021-02-23 13:38:00,286.6,286.6,285.85,285.85,525,25275,264.29,285.15,286.55
8160,2021-02-23 13:39:00,286.6,286.6,285.85,285.85,525,25275,264.29,285.15,286.55
8161,2021-02-23 13:40:00,286.6,286.6,285.85,285.85,525,25275,264.29,285.15,286.55
8162,2021-02-23 13:41:00,286.6,286.6,285.85,285.85,525,25275,264.29,285.15,286.55
8163,2021-02-23 13:42:00,286.6,286.6,285.85,285.85,525,25275,264.29,285.15,286.55
8164,2021-02-23 13:43:00,286.6,286.6,285.85,285.85,525,25275,264.29,285.15,286.55
8165,2021-02-23 13:44:00,286.6,286.6,285.85,285.85,525,25275,264.29,285.15,286.55
8166,2021-02-23 13:45:00,267.85,267.85,264.35,264.35,1800,24750,264.34,264.1,265.5
8167,2021-02-23 13:46:00,267.85,267.85,264.35,264.35,1800,24750,264.34,264.1,265.5
8168,2021-02-23 13:47:00,267.85,267.85,264.35,264.35,1800,24750,264.34,264.1,265.5
8169,2021-02-23 13:48:00,267.85,267.85,264.35,264.35,1800,24750,264.34,264.1,265.5
8170,2021-02-23 13:49:00,273.55,273.55,273.55,273.55,225,24750,264.4,277.75,278.6
8171,2021-02-23 13:50:00,277.75,280.7,277.75,280.7,150,24750,264.47,273.85,276.45
8172,2021-02-23 13:51:00,277.75,280.7,277.75,280.7,150,24750,264.47,273.85,276.45
8173,2021-02-23 13:52:00,277.75,280.7,277.75,280.7,150,24750,264.47,273.85,276.45
8174,2021-02-23 13:53:00,277.75,280.7,277.75,280.7,150,24750,264.47,273.85,276.45
8175,2021-02-23 13:54:00,277.75,280.7,277.75,280.7,150,24750,264.47,273.85,276.45
8176,2021-02-23 13:55:00,277.75,280.7,277.75,280.7,150,24750,264.47,273.85,276.45
8177,2021-02-23 13:56:00,277.75,280.7,277.75,280.7,150,24750,264.47,273.85,276.45
8178,2021-02-23 13:57:00,281.2,281.2,281.2,281.2,75,26325,264.51,277.5,278.8
8179,2021-02-23 13:58:00,281.2,281.2,281.2,281.2,75,26325,264.51,277.5,278.8
8180,2021-02-23 13:59:00,281.2,281.2,281.2,281.2,75,26325,264.51,277.5,278.8
8181,2021-02-23 14:00:00,285.2,285.2,285.2,285.2,75,26325,264.56,282.6,283.9
8182,2021-02-23 14:01:00,281.8,281.8,281.8,281.8,75,26325,264.6,281.4,282.55
8183,2021-02-23 14:02:00,281.8,281.8,281.8,281.8,75,26325,264.6,281.4,282.55
8184,2021-02-23 14:03:00,282.9,282.9,273.25,273.25,375,26400,264.75,271.5,273.0
8185,2021-02-23 14:04:00,276.1,276.1,276.1,276.1,75,26400,264.78,276.45,277.85
8186,2021-02-23 14:05:00,279.65,279.65,279.65,279.65,375,26400,264.95,280.7,282.25
8187,2021-02-23 14:06:00,286.4,286.4,286.4,286.4,75,26400,265.0,286.25,287.75
8188,2021-02-23 14:07:00,288.55,288.55,288.55,288.55,75,26400,265.05,288.35,289.7
8189,2021-02-23 14:08:00,288.4,288.4,288.4,288.4,75,26400,265.11,286.35,287.35
8190,2021-02-23 14:09:00,288.4,288.4,288.4,288.4,75,26400,265.11,286.35,287.35
8191,2021-02-23 14:10:00,288.4,288.4,288.4,288.4,75,26400,265.11,286.35,287.35
8192,2021-02-23 14:11:00,288.4,288.4,288.4,288.4,75,26400,265.11,286.35,287.35
8193,2021-02-23 14:12:00,288.4,288.4,288.4,288.4,75,26400,265.11,286.35,287.35
8194,2021-02-23 14:13:00,288.4,288.4,288.4,288.4,75,26400,265.11,286.35,287.35
8195,2021-02-23 14:14:00,288.4,288.4,288.4,288.4,75,26400,265.11,286.35,287.35
8196,2021-02-23 14:15:00,288.4,288.4,288.4,288.4,75,26400,265.11,286.35,287.35
8197,2021-02-23 14:16:00,288.4,288.4,288.4,288.4,75,26400,265.11,286.35,287.35
8198,2021-02-23 14:17:00,288.4,288.4,288.4,288.4,75,26400,265.11,286.35,287.35
8199,2021-02-23 14:18:00,275.55,275.55,268.5,268.5,225,26325,265.15,268.0,269.3
8200,2021-02-23 14:19:00,273.2,273.2,273.2,273.2,75,26325,265.17,271.4,272.7
8201,2021-02-23 14:20:00,273.2,273.2,273.2,273.2,75,26325,265.17,271.4,272.7
8202,2021-02-23 14:21:00,273.2,273.2,273.2,273.2,75,26325,265.17,271.4,272.7
8203,2021-02-23 14:22:00,273.2,273.2,273.2,273.2,75,26325,265.17,271.4,272.7
8204,2021-02-23 14:23:00,269.85,269.85,269.85,269.85,75,26250,265.18,270.2,271.6
8205,2021-02-23 14:24:00,269.85,269.85,269.85,269.85,75,26250,265.18,270.2,271.6
8206,2021-02-23 14:25:00,269.85,269.85,269.85,269.85,75,26250,265.18,270.2,271.6
8207,2021-02-23 14:26:00,269.85,269.85,269.85,269.85,75,26250,265.18,270.2,271.6
8208,2021-02-23 14:27:00,269.85,269.85,269.85,269.85,75,26250,265.18,270.2,271.6
8209,2021-02-23 14:28:00,269.85,269.85,269.85,269.85,75,26250,265.18,270.2,271.6
8210,2021-02-23 14:29:00,270.1,270.1,270.1,270.1,75,26325,265.19,268.55,270.45
8211,2021-02-23 14:30:00,270.1,270.1,270.1,270.1,75,26325,265.19,268.55,270.45
8212,2021-02-23 14:31:00,268.5,272.85,268.5,272.85,150,26325,265.21,271.35,272.7
8213,2021-02-23 14:32:00,268.5,272.85,268.5,272.85,150,26325,265.21,271.35,272.7
8214,2021-02-23 14:33:00,268.5,272.85,268.5,272.85,150,26325,265.21,271.35,272.7
8215,2021-02-23 14:34:00,278.6,278.6,278.6,278.6,225,26325,265.3,278.2,279.65
8216,2021-02-23 14:35:00,281.8,281.8,281.8,281.8,75,26325,265.34,277.8,279.2
8217,2021-02-23 14:36:00,281.8,281.8,281.8,281.8,75,26325,265.34,277.8,279.2
8218,2021-02-23 14:37:00,282.55,282.55,282.55,282.55,375,26325,265.53,278.55,279.45
8219,2021-02-23 14:38:00,282.35,282.35,281.9,281.9,150,26325,265.6,279.85,281.3
8220,2021-02-23 14:39:00,282.35,282.35,281.9,281.9,150,26325,265.6,279.85,281.3
8221,2021-02-23 14:40:00,280.9,280.9,279.7,279.7,150,26250,265.67,278.05,279.45
8222,2021-02-23 14:41:00,280.9,280.9,279.7,279.7,150,26250,265.67,278.05,279.45
8223,2021-02-23 14:42:00,280.9,280.9,279.7,279.7,150,26250,265.67,278.05,279.45
8224,2021-02-23 14:43:00,285.0,288.2,285.0,288.2,750,26250,266.11,284.35,285.6
8225,2021-02-23 14:44:00,283.8,283.8,283.8,283.8,75,26250,266.15,284.05,285.45
8226,2021-02-23 14:45:00,283.8,283.8,283.8,283.8,75,26250,266.15,284.05,285.45
8227,2021-02-23 14:46:00,279.6,279.6,279.6,279.6,75,26250,266.17,279.1,280.1
8228,2021-02-23 14:47:00,279.6,279.6,279.6,279.6,75,26250,266.17,279.1,280.1
8229,2021-02-23 14:48:00,279.6,279.6,279.6,279.6,75,26250,266.17,279.1,280.1
8230,2021-02-23 14:49:00,279.6,279.6,279.6,279.6,75,26250,266.17,279.1,280.1
8231,2021-02-23 14:50:00,279.6,279.6,279.6,279.6,75,26250,266.17,279.1,280.1
8232,2021-02-23 14:51:00,284.25,284.85,284.25,284.85,150,26250,266.25,287.55,288.7
8233,2021-02-23 14:52:00,284.25,284.85,284.25,284.85,150,26250,266.25,287.55,288.7
8234,2021-02-23 14:53:00,282.5,282.5,282.5,282.5,75,26250,266.29,281.0,282.45
8235,2021-02-23 14:54:00,284.1,284.1,284.1,284.1,75,26325,266.33,281.6,282.95
8236,2021-02-23 14:55:00,284.1,284.1,284.1,284.1,75,26325,266.33,281.6,282.95
8237,2021-02-23 14:56:00,284.1,284.1,284.1,284.1,75,26325,266.33,281.6,282.95
8238,2021-02-23 14:57:00,284.1,284.1,284.1,284.1,75,26325,266.33,281.6,282.95
8239,2021-02-23 14:58:00,284.1,284.1,284.1,284.1,75,26325,266.33,281.6,282.95
8240,2021-02-23 14:59:00,292.6,292.6,291.8,291.8,225,26400,266.49,292.4,294.15
8241,2021-02-23 15:00:00,287.0,287.0,287.0,287.0,75,26400,266.53,288.45,289.95
8242,2021-02-23 15:01:00,291.6,291.6,291.6,291.6,75,26400,266.59,293.65,295.1
8243,2021-02-23 15:02:00,296.65,298.9,296.65,298.9,150,26400,266.72,297.35,307.25
8244,2021-02-23 15:03:00,303.0,303.15,303.0,303.0,975,26400,267.68,303.5,304.6
8245,2021-02-23 15:04:00,304.7,306.15,304.7,306.15,1500,26400,269.16,303.15,304.6
8246,2021-02-23 15:05:00,299.3,299.3,299.3,299.3,75,26400,269.22,296.7,298.2
8247,2021-02-23 15:06:00,296.75,296.75,290.2,290.2,150,26400,269.31,288.75,290.3
8248,2021-02-23 15:07:00,296.75,296.75,290.2,290.2,150,26400,269.31,288.75,290.3
8249,2021-02-23 15:08:00,296.75,296.75,290.2,290.2,150,26400,269.31,288.75,290.3
8250,2021-02-23 15:09:00,296.75,296.75,290.2,290.2,150,26400,269.31,288.75,290.3
8251,2021-02-23 15:10:00,296.75,296.75,290.2,290.2,150,26400,269.31,288.75,290.3
8252,2021-02-23 15:11:00,296.75,296.75,290.2,290.2,150,26400,269.31,288.75,290.3
8253,2021-02-23 15:12:00,296.75,296.75,290.2,290.2,150,26400,269.31,288.75,290.3
8254,2021-02-23 15:13:00,296.75,296.75,290.2,290.2,150,26400,269.31,288.75,290.3
8255,2021-02-23 15:14:00,296.75,296.75,290.2,290.2,150,26400,269.31,288.75,290.3
8256,2021-02-23 15:15:00,296.75,296.75,290.2,290.2,150,26400,269.31,288.75,290.3
8257,2021-02-23 15:16:00,296.75,296.75,290.2,290.2,150,26400,269.31,288.75,290.3
8258,2021-02-23 15:17:00,291.8,291.8,291.8,291.8,300,26400,269.48,290.05,291.4
8259,2021-02-23 15:18:00,291.8,291.8,291.8,291.8,300,26400,269.48,290.05,291.4
8260,2021-02-23 15:19:00,291.8,291.8,291.8,291.8,300,26400,269.48,290.05,291.4
8261,2021-02-23 15:20:00,291.8,291.8,291.8,291.8,300,26400,269.48,290.05,291.4
8262,2021-02-23 15:21:00,291.8,291.8,291.8,291.8,300,26400,269.48,290.05,291.4
8263,2021-02-23 15:22:00,290.25,290.25,290.25,290.25,375,26400,269.68,290.95,292.15
8264,2021-02-23 15:23:00,290.25,290.25,290.25,290.25,375,26400,269.68,290.95,292.15
8265,2021-02-23 15:24:00,290.25,290.25,290.25,290.25,375,26400,269.68,290.95,292.15
8266,2021-02-23 15:25:00,289.45,289.45,287.65,287.65,150,26325,269.75,286.4,288.15
8267,2021-02-23 15:26:00,289.45,289.45,287.65,287.65,150,26325,269.75,286.4,288.15
8268,2021-02-23 15:27:00,288.4,288.45,288.4,288.45,150,26325,269.82,284.5,286.1
8269,2021-02-23 15:28:00,288.4,288.45,288.4,288.45,150,26325,269.82,284.5,286.1
8270,2021-02-23 15:29:00,288.4,288.45,288.4,288.45,150,26325,269.82,284.5,286.1
8271,2021-02-23 15:30:00,288.4,288.45,288.4,288.45,150,26325,269.82,284.5,286.1
8272,2021-02-24 09:15:00,283.05,283.05,283.05,283.05,75,23175,283.05,288.5,294.45
8273,2021-02-24 09:16:00,283.05,283.05,283.05,283.05,75,23175,283.05,288.5,294.45
8274,2021-02-24 09:17:00,284.35,284.35,281.85,281.85,600,23175,283.92,281.3,283.0
8275,2021-02-24 09:18:00,284.35,284.35,281.85,281.85,600,23175,283.92,281.3,283.0
8276,2021-02-24 09:19:00,284.35,284.35,281.85,281.85,600,23175,283.92,281.3,283.0
8277,2021-02-24 09:20:00,284.35,284.35,281.85,281.85,600,23175,283.92,281.3,283.0
8278,2021-02-24 09:21:00,284.35,284.35,281.85,281.85,600,23175,283.92,281.3,283.0
8279,2021-02-24 09:22:00,284.35,284.35,281.85,281.85,600,23175,283.92,281.3,283.0
8280,2021-02-24 09:23:00,272.2,272.2,272.2,272.2,75,23625,282.75,271.0,273.05
8281,2021-02-24 09:24:00,275.0,276.15,275.0,275.15,300,23625,280.7,275.05,276.45
8282,2021-02-24 09:25:00,275.0,276.15,275.0,275.15,300,23625,280.7,275.05,276.45
8283,2021-02-24 09:26:00,275.0,276.15,275.0,275.15,300,23625,280.7,275.05,276.45
8284,2021-02-24 09:27:00,277.4,277.4,277.4,277.4,75,23775,280.48,278.2,279.2
8285,2021-02-24 09:28:00,278.75,281.15,278.75,281.15,375,23775,280.42,279.55,281.2
8286,2021-02-24 09:29:00,278.7,278.7,278.7,278.7,75,23775,280.34,277.0,278.55
8287,2021-02-24 09:30:00,278.7,278.7,278.7,278.7,75,23775,280.34,277.0,278.55
8288,2021-02-24 09:31:00,278.7,278.7,278.7,278.7,75,23775,280.34,277.0,278.55
8289,2021-02-24 09:32:00,278.7,278.7,278.7,278.7,75,23775,280.34,277.0,278.55
8290,2021-02-24 09:33:00,265.0,265.0,265.0,265.0,75,23400,279.64,265.5,267.95
8291,2021-02-24 09:34:00,263.75,263.75,263.75,263.75,75,23400,278.95,262.5,265.4
8292,2021-02-24 09:35:00,263.75,263.75,263.75,263.75,75,23400,278.95,262.5,265.4
8293,2021-02-24 09:36:00,263.75,263.75,263.75,263.75,75,23400,278.95,262.5,265.4
8294,2021-02-24 09:37:00,263.75,263.75,263.75,263.75,75,23400,278.95,262.5,265.4
8295,2021-02-24 09:38:00,263.75,263.75,263.75,263.75,75,23400,278.95,262.5,265.4
8296,2021-02-24 09:39:00,266.45,266.45,266.45,266.45,75,22800,278.43,264.05,266.95
8297,2021-02-24 09:40:00,266.45,266.45,266.45,266.45,75,22800,278.43,264.05,266.95
8298,2021-02-24 09:41:00,266.45,266.45,266.45,266.45,75,22800,278.43,264.05,266.95
8299,2021-02-24 09:42:00,266.45,266.45,266.45,266.45,75,22800,278.43,264.05,266.95
8300,2021-02-24 09:43:00,266.45,266.45,266.45,266.45,75,22800,278.43,264.05,266.95
8301,2021-02-24 09:44:00,269.0,269.0,269.0,269.0,150,22800,277.7,269.55,272.45
8302,2021-02-24 09:45:00,269.0,269.0,269.0,269.0,150,22800,277.7,269.55,272.45
8303,2021-02-24 09:46:00,269.5,269.5,269.5,269.5,75,22800,277.4,268.0,270.95
8304,2021-02-24 09:47:00,269.5,269.5,269.5,269.5,75,22800,277.4,268.0,270.95
8305,2021-02-24 09:48:00,269.5,269.5,269.5,269.5,75,22800,277.4,268.0,270.95
8306,2021-02-24 09:49:00,269.5,269.5,269.5,269.5,75,22800,277.4,268.0,270.95
8307,2021-02-24 09:50:00,269.5,269.5,269.5,269.5,75,22800,277.4,268.0,270.95
8308,2021-02-24 09:51:00,269.5,269.5,269.5,269.5,75,22800,277.4,268.0,270.95
8309,2021-02-24 09:52:00,269.5,269.5,269.5,269.5,75,22800,277.4,268.0,270.95
8310,2021-02-24 09:53:00,268.0,268.0,268.0,268.0,75,22875,277.06,266.05,268.45
8311,2021-02-24 09:54:00,268.0,268.0,268.0,268.0,75,22875,276.75,263.55,266.0
8312,2021-02-24 09:55:00,268.0,268.0,268.0,268.0,75,22875,276.75,263.55,266.0
8313,2021-02-24 09:56:00,268.0,268.0,268.0,268.0,75,22875,276.75,263.55,266.0
8314,2021-02-24 09:57:00,268.0,268.0,268.0,268.0,75,22875,276.75,263.55,266.0
8315,2021-02-24 09:58:00,268.0,268.0,268.0,268.0,75,22875,276.75,263.55,266.0
8316,2021-02-24 09:59:00,268.0,268.0,268.0,268.0,75,22875,276.75,263.55,266.0
8317,2021-02-24 10:00:00,268.0,268.0,268.0,268.0,75,22875,276.75,263.55,266.0
8318,2021-02-24 10:01:00,259.35,259.35,259.35,259.35,75,22875,276.17,256.55,258.95
8319,2021-02-24 10:02:00,259.35,259.35,259.35,259.35,75,22875,276.17,256.55,258.95
8320,2021-02-24 10:03:00,259.35,259.35,259.35,259.35,75,22875,276.17,256.55,258.95
8321,2021-02-24 10:04:00,259.35,259.35,259.35,259.35,75,22875,276.17,256.55,258.95
8322,2021-02-24 10:05:00,259.35,259.35,259.35,259.35,75,22875,276.17,256.55,258.95
8323,2021-02-24 10:06:00,259.35,259.35,259.35,259.35,75,22875,276.17,256.55,258.95
8324,2021-02-24 10:07:00,259.35,259.35,259.35,259.35,75,22875,276.17,256.55,258.95
8325,2021-02-24 10:08:00,259.35,259.35,259.35,259.35,75,22875,276.17,256.55,258.95
8326,2021-02-24 10:09:00,259.35,259.35,259.35,259.35,75,22875,276.17,256.55,258.95
8327,2021-02-24 10:10:00,259.35,259.35,259.35,259.35,75,22875,276.17,256.55,258.95
8328,2021-02-24 10:11:00,259.35,259.35,259.35,259.35,75,22875,276.17,256.55,258.95
8329,2021-02-24 10:12:00,259.35,259.35,259.35,259.35,75,22875,276.17,256.55,258.95
8330,2021-02-24 10:13:00,259.35,259.35,259.35,259.35,75,22875,276.17,256.55,258.95
8331,2021-02-24 10:14:00,259.35,259.35,259.35,259.35,75,22875,276.17,256.55,258.95
8332,2021-02-24 10:15:00,259.35,259.35,259.35,259.35,75,22875,276.17,256.55,258.95
8333,2021-02-24 10:16:00,259.35,259.35,259.35,259.35,75,22875,276.17,256.55,258.95
8334,2021-02-24 10:17:00,259.35,259.35,259.35,259.35,75,22875,276.17,256.55,258.95
8335,2021-02-24 10:18:00,259.35,259.35,259.35,259.35,75,22875,276.17,256.55,258.95
8336,2021-02-24 10:19:00,259.35,259.35,259.35,259.35,75,22875,276.17,256.55,258.95
8337,2021-02-24 10:20:00,259.35,259.35,259.35,259.35,75,22875,276.17,256.55,258.95
8338,2021-02-24 10:21:00,259.35,259.35,259.35,259.35,75,22875,276.17,256.55,258.95
8339,2021-02-24 10:22:00,259.35,259.35,259.35,259.35,75,22875,276.17,256.55,258.95
8340,2021-02-24 10:23:00,259.35,259.35,259.35,259.35,75,22875,276.17,256.55,258.95
8341,2021-02-24 10:24:00,259.35,259.35,259.35,259.35,75,22875,276.17,256.55,258.95
8342,2021-02-24 10:25:00,259.35,259.35,259.35,259.35,75,22875,276.17,256.55,258.95
8343,2021-02-24 10:26:00,259.35,259.35,259.35,259.35,75,22875,276.17,256.55,258.95
8344,2021-02-24 10:27:00,259.35,259.35,259.35,259.35,75,22875,276.17,256.55,258.95
8345,2021-02-24 10:28:00,259.35,259.35,259.35,259.35,75,22875,276.17,256.55,258.95
8346,2021-02-24 10:29:00,259.35,259.35,259.35,259.35,75,22875,276.17,256.55,258.95
8347,2021-02-24 10:30:00,259.35,259.35,259.35,259.35,75,22875,276.17,256.55,258.95
8348,2021-02-24 10:31:00,259.35,259.35,259.35,259.35,75,22875,276.17,256.55,258.95
8349,2021-02-24 10:32:00,259.35,259.35,259.35,259.35,75,22875,276.17,256.55,258.95
8350,2021-02-24 10:33:00,259.35,259.35,259.35,259.35,75,22875,276.17,256.55,258.95
8351,2021-02-24 10:34:00,259.35,259.35,259.35,259.35,75,22875,276.17,256.55,258.95
8352,2021-02-24 10:35:00,259.35,259.35,259.35,259.35,75,22875,276.17,256.55,258.95
8353,2021-02-24 10:36:00,259.35,259.35,259.35,259.35,75,22875,276.17,256.55,258.95
8354,2021-02-24 10:37:00,259.35,259.35,259.35,259.35,75,22875,276.17,256.55,258.95
8355,2021-02-24 10:38:00,259.35,259.35,259.35,259.35,75,22875,276.17,256.55,258.95
8356,2021-02-24 10:39:00,259.35,259.35,259.35,259.35,75,22875,276.17,256.55,258.95
8357,2021-02-24 10:40:00,259.35,259.35,259.35,259.35,75,22875,276.17,256.55,258.95
8358,2021-02-24 10:41:00,259.35,259.35,259.35,259.35,75,22875,276.17,256.55,258.95
8359,2021-02-24 10:42:00,259.35,259.35,259.35,259.35,75,22875,276.17,256.55,258.95
8360,2021-02-24 10:43:00,259.35,259.35,259.35,259.35,75,22875,276.17,256.55,258.95
8361,2021-02-24 10:44:00,259.35,259.35,259.35,259.35,75,22875,276.17,256.55,258.95
8362,2021-02-24 10:45:00,259.35,259.35,259.35,259.35,75,22875,276.17,256.55,258.95
8363,2021-02-24 10:46:00,259.35,259.35,259.35,259.35,75,22875,276.17,256.55,258.95
8364,2021-02-24 10:47:00,259.35,259.35,259.35,259.35,75,22875,276.17,256.55,258.95
8365,2021-02-24 10:48:00,259.35,259.35,259.35,259.35,75,22875,276.17,256.55,258.95
8366,2021-02-24 10:49:00,259.35,259.35,259.35,259.35,75,22875,276.17,256.55,258.95
8367,2021-02-24 10:50:00,259.35,259.35,259.35,259.35,75,22875,276.17,256.55,258.95
8368,2021-02-24 10:51:00,259.35,259.35,259.35,259.35,75,22875,276.17,256.55,258.95
8369,2021-02-24 10:52:00,259.35,259.35,259.35,259.35,75,22875,276.17,256.55,258.95
8370,2021-02-24 10:53:00,259.35,259.35,259.35,259.35,75,22875,276.17,256.55,258.95
8371,2021-02-24 10:54:00,259.35,259.35,259.35,259.35,75,22875,276.17,256.55,258.95
8372,2021-02-24 10:55:00,259.35,259.35,259.35,259.35,75,22875,276.17,256.55,258.95
8373,2021-02-24 10:56:00,259.35,259.35,259.35,259.35,75,22875,276.17,256.55,258.95
8374,2021-02-24 10:57:00,259.35,259.35,259.35,259.35,75,22875,276.17,256.55,258.95
8375,2021-02-24 10:58:00,259.35,259.35,259.35,259.35,75,22875,276.17,256.55,258.95
8376,2021-02-24 10:59:00,259.35,259.35,259.35,259.35,75,22875,276.17,256.55,258.95
8377,2021-02-24 11:00:00,259.35,259.35,259.35,259.35,75,22875,276.17,256.55,258.95
8378,2021-02-24 11:01:00,259.35,259.35,259.35,259.35,75,22875,276.17,256.55,258.95
8379,2021-02-24 11:02:00,259.35,259.35,259.35,259.35,75,22875,276.17,256.55,258.95
8380,2021-02-24 11:03:00,259.35,259.35,259.35,259.35,75,22875,276.17,256.55,258.95
8381,2021-02-24 11:04:00,259.35,259.35,259.35,259.35,75,22875,276.17,256.55,258.95
8382,2021-02-24 11:05:00,259.35,259.35,259.35,259.35,75,22875,276.17,256.55,258.95
8383,2021-02-24 11:06:00,259.35,259.35,259.35,259.35,75,22875,276.17,256.55,258.95
8384,2021-02-24 11:07:00,259.35,259.35,259.35,259.35,75,22875,276.17,256.55,258.95
8385,2021-02-24 11:08:00,259.35,259.35,259.35,259.35,75,22875,276.17,256.55,258.95
8386,2021-02-24 11:09:00,259.35,259.35,259.35,259.35,75,22875,276.17,256.55,258.95
8387,2021-02-24 11:10:00,259.35,259.35,259.35,259.35,75,22875,276.17,256.55,258.95
8388,2021-02-24 11:11:00,259.35,259.35,259.35,259.35,75,22875,276.17,256.55,258.95
8389,2021-02-24 11:12:00,259.35,259.35,259.35,259.35,75,22875,276.17,256.55,258.95
8390,2021-02-24 11:13:00,259.35,259.35,259.35,259.35,75,22875,276.17,256.55,258.95
8391,2021-02-24 11:14:00,259.35,259.35,259.35,259.35,75,22875,276.17,256.55,258.95
8392,2021-02-24 11:15:00,259.35,259.35,259.35,259.35,75,22875,276.17,256.55,258.95
8393,2021-02-24 11:16:00,259.35,259.35,259.35,259.35,75,22875,276.17,256.55,258.95
8394,2021-02-24 11:17:00,259.35,259.35,259.35,259.35,75,22875,276.17,256.55,258.95
8395,2021-02-24 11:18:00,259.35,259.35,259.35,259.35,75,22875,276.17,256.55,258.95
8396,2021-02-24 11:19:00,259.35,259.35,259.35,259.35,75,22875,276.17,256.55,258.95
8397,2021-02-24 11:20:00,259.35,259.35,259.35,259.35,75,22875,276.17,256.55,258.95
8398,2021-02-24 11:21:00,245.5,245.5,245.5,245.5,225,22950,273.38,244.0,246.35
8399,2021-02-24 11:22:00,245.5,245.5,245.5,245.5,225,22950,273.38,244.0,246.35
8400,2021-02-24 11:23:00,245.5,245.5,245.5,245.5,225,22950,273.38,244.0,246.35
8401,2021-02-24 11:24:00,245.5,245.5,245.5,245.5,225,22950,273.38,244.0,246.35
8402,2021-02-24 11:25:00,245.5,245.5,245.5,245.5,225,22950,273.38,244.0,246.35
8403,2021-02-24 11:26:00,245.5,245.5,245.5,245.5,225,22950,273.38,244.0,246.35
8404,2021-02-24 11:27:00,245.5,245.5,245.5,245.5,225,22950,273.38,244.0,246.35
8405,2021-02-24 11:28:00,245.5,245.5,245.5,245.5,225,22950,273.38,244.0,246.35
8406,2021-02-24 11:29:00,245.5,245.5,245.5,245.5,225,22950,273.38,244.0,246.35
8407,2021-02-24 11:30:00,245.5,245.5,245.5,245.5,225,22950,273.38,244.0,246.35
8408,2021-02-24 11:31:00,245.5,245.5,245.5,245.5,225,22950,273.38,244.0,246.35
8409,2021-02-24 11:32:00,245.5,245.5,245.5,245.5,225,22950,273.38,244.0,246.35
8410,2021-02-24 11:33:00,249.8,249.8,249.8,249.8,75,22950,272.69,251.05,253.0
8411,2021-02-24 11:34:00,249.8,249.8,249.8,249.8,75,22950,272.69,251.05,253.0
8412,2021-02-24 11:35:00,249.8,249.8,249.8,249.8,75,22950,272.69,251.05,253.0
8413,2021-02-24 11:36:00,249.8,249.8,249.8,249.8,75,22950,272.69,251.05,253.0
8414,2021-02-24 11:37:00,264.5,268.05,264.5,267.0,600,22950,271.36,266.05,268.5
8415,2021-02-24 11:38:00,264.5,268.05,264.5,267.0,600,22950,271.36,266.05,268.5
8416,2021-02-24 11:39:00,264.5,268.05,264.5,267.0,600,22950,271.36,266.05,268.5
8417,2021-02-24 11:40:00,264.5,268.05,264.5,267.0,600,22950,271.36,266.05,268.5
8418,2021-02-24 11:41:00,264.5,268.05,264.5,267.0,600,22950,271.36,266.05,268.5
8419,2021-02-24 11:42:00,264.5,268.05,264.5,267.0,600,22950,271.36,266.05,268.5
8420,2021-02-24 11:43:00,264.5,268.05,264.5,267.0,600,22950,271.36,266.05,268.5
8421,2021-02-24 11:44:00,264.5,268.05,264.5,267.0,600,22950,271.36,266.05,268.5
8422,2021-02-24 11:45:00,264.5,268.05,264.5,267.0,600,22950,271.36,266.05,268.5
8423,2021-02-24 11:46:00,264.5,268.05,264.5,267.0,600,22950,271.36,266.05,268.5
8424,2021-02-24 11:47:00,264.5,268.05,264.5,267.0,600,22950,271.36,266.05,268.5
8425,2021-02-24 11:48:00,264.5,268.05,264.5,267.0,600,22950,271.36,266.05,268.5
8426,2021-02-24 11:49:00,264.5,268.05,264.5,267.0,600,22950,271.36,266.05,268.5
8427,2021-02-24 11:50:00,264.5,268.05,264.5,267.0,600,22950,271.36,266.05,268.5
8428,2021-02-24 11:51:00,264.5,268.05,264.5,267.0,600,22950,271.36,266.05,268.5
8429,2021-02-24 11:52:00,264.5,268.05,264.5,267.0,600,22950,271.36,266.05,268.5
8430,2021-02-24 11:53:00,264.5,268.05,264.5,267.0,600,22950,271.36,266.05,268.5
8431,2021-02-24 11:54:00,264.5,268.05,264.5,267.0,600,22950,271.36,266.05,268.5
8432,2021-02-24 11:55:00,264.5,268.05,264.5,267.0,600,22950,271.36,266.05,268.5
8433,2021-02-24 11:56:00,264.5,268.05,264.5,267.0,600,22950,271.36,266.05,268.5
8434,2021-02-24 11:57:00,264.5,268.05,264.5,267.0,600,22950,271.36,266.05,268.5
8435,2021-02-24 11:58:00,264.5,268.05,264.5,267.0,600,22950,271.36,266.05,268.5
8436,2021-02-24 11:59:00,264.5,268.05,264.5,267.0,600,22950,271.36,266.05,268.5
8437,2021-02-24 12:00:00,264.5,268.05,264.5,267.0,600,22950,271.36,266.05,268.5
8438,2021-02-24 12:01:00,264.5,268.05,264.5,267.0,600,22950,271.36,266.05,268.5
8439,2021-02-24 12:02:00,264.5,268.05,264.5,267.0,600,22950,271.36,266.05,268.5
8440,2021-02-24 12:03:00,264.5,268.05,264.5,267.0,600,22950,271.36,266.05,268.5
8441,2021-02-24 12:04:00,264.5,268.05,264.5,267.0,600,22950,271.36,266.05,268.5
8442,2021-02-24 12:05:00,264.5,268.05,264.5,267.0,600,22950,271.36,266.05,268.5
8443,2021-02-24 12:06:00,264.5,268.05,264.5,267.0,600,22950,271.36,266.05,268.5
8444,2021-02-24 12:07:00,264.5,268.05,264.5,267.0,600,22950,271.36,266.05,268.5
8445,2021-02-24 12:08:00,264.5,268.05,264.5,267.0,600,22950,271.36,266.05,268.5
8446,2021-02-24 12:09:00,264.5,268.05,264.5,267.0,600,22950,271.36,266.05,268.5
8447,2021-02-24 12:10:00,264.5,268.05,264.5,267.0,600,22950,271.36,266.05,268.5
8448,2021-02-24 12:11:00,264.5,268.05,264.5,267.0,600,22950,271.36,266.05,268.5
8449,2021-02-24 12:12:00,264.5,268.05,264.5,267.0,600,22950,271.36,266.05,268.5
8450,2021-02-24 12:13:00,264.5,268.05,264.5,267.0,600,22950,271.36,266.05,268.5
8451,2021-02-24 12:14:00,264.5,268.05,264.5,267.0,600,22950,271.36,266.05,268.5
8452,2021-02-24 12:15:00,264.5,268.05,264.5,267.0,600,22950,271.36,266.05,268.5
8453,2021-02-24 12:16:00,264.5,268.05,264.5,267.0,600,22950,271.36,266.05,268.5
8454,2021-02-24 12:17:00,264.5,268.05,264.5,267.0,600,22950,271.36,266.05,268.5
8455,2021-02-24 12:18:00,264.5,268.05,264.5,267.0,600,22950,271.36,266.05,268.5
8456,2021-02-24 12:19:00,264.5,268.05,264.5,267.0,600,22950,271.36,266.05,268.5
8457,2021-02-24 12:20:00,264.5,268.05,264.5,267.0,600,22950,271.36,266.05,268.5
8458,2021-02-24 12:21:00,264.5,268.05,264.5,267.0,600,22950,271.36,266.05,268.5
8459,2021-02-24 12:22:00,264.5,268.05,264.5,267.0,600,22950,271.36,266.05,268.5
8460,2021-02-24 12:23:00,264.5,268.05,264.5,267.0,600,22950,271.36,266.05,268.5
8461,2021-02-24 12:24:00,264.5,268.05,264.5,267.0,600,22950,271.36,266.05,268.5
8462,2021-02-24 12:25:00,264.5,268.05,264.5,267.0,600,22950,271.36,266.05,268.5
8463,2021-02-24 12:26:00,264.5,268.05,264.5,267.0,600,22950,271.36,266.05,268.5
8464,2021-02-24 12:27:00,264.5,268.05,264.5,267.0,600,22950,271.36,266.05,268.5
8465,2021-02-24 12:28:00,264.5,268.05,264.5,267.0,600,22950,271.36,266.05,268.5
8466,2021-02-24 12:29:00,264.5,268.05,264.5,267.0,600,22950,271.36,266.05,268.5
8467,2021-02-24 12:30:00,264.5,268.05,264.5,267.0,600,22950,271.36,266.05,268.5
8468,2021-02-24 12:31:00,264.5,268.05,264.5,267.0,600,22950,271.36,266.05,268.5
8469,2021-02-24 12:32:00,264.5,268.05,264.5,267.0,600,22950,271.36,266.05,268.5
8470,2021-02-24 12:33:00,264.5,268.05,264.5,267.0,600,22950,271.36,266.05,268.5
8471,2021-02-24 12:34:00,264.5,268.05,264.5,267.0,600,22950,271.36,266.05,268.5
8472,2021-02-24 12:35:00,264.5,268.05,264.5,267.0,600,22950,271.36,266.05,268.5
8473,2021-02-24 12:36:00,264.5,268.05,264.5,267.0,600,22950,271.36,266.05,268.5
8474,2021-02-24 12:37:00,264.5,268.05,264.5,267.0,600,22950,271.36,266.05,268.5
8475,2021-02-24 12:38:00,264.5,268.05,264.5,267.0,600,22950,271.36,266.05,268.5
8476,2021-02-24 12:39:00,264.5,268.05,264.5,267.0,600,22950,271.36,266.05,268.5
8477,2021-02-24 12:40:00,264.5,268.05,264.5,267.0,600,22950,271.36,266.05,268.5
8478,2021-02-24 12:41:00,264.5,268.05,264.5,267.0,600,22950,271.36,266.05,268.5
8479,2021-02-24 12:42:00,264.5,268.05,264.5,267.0,600,22950,271.36,266.05,268.5
8480,2021-02-24 12:43:00,264.5,268.05,264.5,267.0,600,22950,271.36,266.05,268.5
8481,2021-02-24 12:44:00,264.5,268.05,264.5,267.0,600,22950,271.36,266.05,268.5
8482,2021-02-24 12:45:00,264.5,268.05,264.5,267.0,600,22950,271.36,266.05,268.5
8483,2021-02-24 12:46:00,264.5,268.05,264.5,267.0,600,22950,271.36,266.05,268.5
8484,2021-02-24 12:47:00,264.5,268.05,264.5,267.0,600,22950,271.36,266.05,268.5
8485,2021-02-24 12:48:00,264.5,268.05,264.5,267.0,600,22950,271.36,266.05,268.5
8486,2021-02-24 12:49:00,264.5,268.05,264.5,267.0,600,22950,271.36,266.05,268.5
8487,2021-02-24 12:50:00,264.5,268.05,264.5,267.0,600,22950,271.36,266.05,268.5
8488,2021-02-24 12:51:00,264.5,268.05,264.5,267.0,600,22950,271.36,266.05,268.5
8489,2021-02-24 12:52:00,264.5,268.05,264.5,267.0,600,22950,271.36,266.05,268.5
8490,2021-02-24 12:53:00,264.5,268.05,264.5,267.0,600,22950,271.36,266.05,268.5
8491,2021-02-24 12:54:00,264.5,268.05,264.5,267.0,600,22950,271.36,266.05,268.5
8492,2021-02-24 12:55:00,264.5,268.05,264.5,267.0,600,22950,271.36,266.05,268.5
8493,2021-02-24 12:56:00,264.5,268.05,264.5,267.0,600,22950,271.36,266.05,268.5
8494,2021-02-24 12:57:00,264.5,268.05,264.5,267.0,600,22950,271.36,266.05,268.5
8495,2021-02-24 12:58:00,264.5,268.05,264.5,267.0,600,22950,271.36,266.05,268.5
8496,2021-02-24 12:59:00,264.5,268.05,264.5,267.0,600,22950,271.36,266.05,268.5
8497,2021-02-24 13:00:00,264.5,268.05,264.5,267.0,600,22950,271.36,266.05,268.5
8498,2021-02-24 13:01:00,264.5,268.05,264.5,267.0,600,22950,271.36,266.05,268.5
8499,2021-02-24 13:02:00,264.5,268.05,264.5,267.0,600,22950,271.36,266.05,268.5
8500,2021-02-24 13:03:00,264.5,268.05,264.5,267.0,600,22950,271.36,266.05,268.5
8501,2021-02-24 13:04:00,264.5,268.05,264.5,267.0,600,22950,271.36,266.05,268.5
8502,2021-02-24 13:05:00,264.5,268.05,264.5,267.0,600,22950,271.36,266.05,268.5
8503,2021-02-24 13:06:00,264.5,268.05,264.5,267.0,600,22950,271.36,266.05,268.5
8504,2021-02-24 13:07:00,264.5,268.05,264.5,267.0,600,22950,271.36,266.05,268.5
8505,2021-02-24 13:08:00,264.5,268.05,264.5,267.0,600,22950,271.36,266.05,268.5
8506,2021-02-24 13:09:00,264.5,268.05,264.5,267.0,600,22950,271.36,266.05,268.5
8507,2021-02-24 13:10:00,264.5,268.05,264.5,267.0,600,22950,271.36,266.05,268.5
8508,2021-02-24 13:11:00,264.5,268.05,264.5,267.0,600,22950,271.36,266.05,268.5
8509,2021-02-24 13:12:00,264.5,268.05,264.5,267.0,600,22950,271.36,266.05,268.5
8510,2021-02-24 13:13:00,264.5,268.05,264.5,267.0,600,22950,271.36,266.05,268.5
8511,2021-02-24 13:14:00,264.5,268.05,264.5,267.0,600,22950,271.36,266.05,268.5
8512,2021-02-24 13:15:00,264.5,268.05,264.5,267.0,600,22950,271.36,266.05,268.5
8513,2021-02-24 13:16:00,264.5,268.05,264.5,267.0,600,22950,271.36,266.05,268.5
8514,2021-02-24 13:17:00,264.5,268.05,264.5,267.0,600,22950,271.36,266.05,268.5
8515,2021-02-24 13:18:00,264.5,268.05,264.5,267.0,600,22950,271.36,266.05,268.5
8516,2021-02-24 13:19:00,264.5,268.05,264.5,267.0,600,22950,271.36,266.05,268.5
8517,2021-02-24 13:20:00,264.5,268.05,264.5,267.0,600,22950,271.36,266.05,268.5
8518,2021-02-24 13:21:00,264.5,268.05,264.5,267.0,600,22950,271.36,266.05,268.5
8519,2021-02-24 13:22:00,264.5,268.05,264.5,267.0,600,22950,271.36,266.05,268.5
8520,2021-02-24 13:23:00,264.5,268.05,264.5,267.0,600,22950,271.36,266.05,268.5
8521,2021-02-24 13:24:00,264.5,268.05,264.5,267.0,600,22950,271.36,266.05,268.5
8522,2021-02-24 13:25:00,264.5,268.05,264.5,267.0,600,22950,271.36,266.05,268.5
8523,2021-02-24 13:26:00,264.5,268.05,264.5,267.0,600,22950,271.36,266.05,268.5
8524,2021-02-24 13:27:00,264.5,268.05,264.5,267.0,600,22950,271.36,266.05,268.5
8525,2021-02-24 13:28:00,264.5,268.05,264.5,267.0,600,22950,271.36,266.05,268.5
8526,2021-02-24 13:29:00,264.5,268.05,264.5,267.0,600,22950,271.36,266.05,268.5
8527,2021-02-24 13:30:00,264.5,268.05,264.5,267.0,600,22950,271.36,266.05,268.5
8528,2021-02-24 13:31:00,264.5,268.05,264.5,267.0,600,22950,271.36,266.05,268.5
8529,2021-02-24 13:32:00,264.5,268.05,264.5,267.0,600,22950,271.36,266.05,268.5
8530,2021-02-24 13:33:00,264.5,268.05,264.5,267.0,600,22950,271.36,266.05,268.5
8531,2021-02-24 13:34:00,264.5,268.05,264.5,267.0,600,22950,271.36,266.05,268.5
8532,2021-02-24 13:35:00,264.5,268.05,264.5,267.0,600,22950,271.36,266.05,268.5
8533,2021-02-24 13:36:00,264.5,268.05,264.5,267.0,600,22950,271.36,266.05,268.5
8534,2021-02-24 13:37:00,264.5,268.05,264.5,267.0,600,22950,271.36,266.05,268.5
8535,2021-02-24 13:38:00,264.5,268.05,264.5,267.0,600,22950,271.36,266.05,268.5
8536,2021-02-24 13:39:00,264.5,268.05,264.5,267.0,600,22950,271.36,266.05,268.5
8537,2021-02-24 13:40:00,264.5,268.05,264.5,267.0,600,22950,271.36,266.05,268.5
8538,2021-02-24 13:41:00,264.5,268.05,264.5,267.0,600,22950,271.36,266.05,268.5
8539,2021-02-24 13:42:00,264.5,268.05,264.5,267.0,600,22950,271.36,266.05,268.5
8540,2021-02-24 13:43:00,264.5,268.05,264.5,267.0,600,22950,271.36,266.05,268.5
8541,2021-02-24 13:44:00,264.5,268.05,264.5,267.0,600,22950,271.36,266.05,268.5
8542,2021-02-24 13:45:00,264.5,268.05,264.5,267.0,600,22950,271.36,266.05,268.5
8543,2021-02-24 13:46:00,264.5,268.05,264.5,267.0,600,22950,271.36,266.05,268.5
8544,2021-02-24 13:47:00,264.5,268.05,264.5,267.0,600,22950,271.36,266.05,268.5
8545,2021-02-24 13:48:00,264.5,268.05,264.5,267.0,600,22950,271.36,266.05,268.5
8546,2021-02-24 13:49:00,264.5,268.05,264.5,267.0,600,22950,271.36,266.05,268.5
8547,2021-02-24 13:50:00,264.5,268.05,264.5,267.0,600,22950,271.36,266.05,268.5
8548,2021-02-24 13:51:00,264.5,268.05,264.5,267.0,600,22950,271.36,266.05,268.5
8549,2021-02-24 13:52:00,264.5,268.05,264.5,267.0,600,22950,271.36,266.05,268.5
8550,2021-02-24 13:53:00,264.5,268.05,264.5,267.0,600,22950,271.36,266.05,268.5
8551,2021-02-24 13:54:00,264.5,268.05,264.5,267.0,600,22950,271.36,266.05,268.5
8552,2021-02-24 13:55:00,264.5,268.05,264.5,267.0,600,22950,271.36,266.05,268.5
8553,2021-02-24 13:56:00,264.5,268.05,264.5,267.0,600,22950,271.36,266.05,268.5
8554,2021-02-24 13:57:00,264.5,268.05,264.5,267.0,600,22950,271.36,266.05,268.5
8555,2021-02-24 13:58:00,264.5,268.05,264.5,267.0,600,22950,271.36,266.05,268.5
8556,2021-02-24 13:59:00,264.5,268.05,264.5,267.0,600,22950,271.36,266.05,268.5
8557,2021-02-24 14:00:00,264.5,268.05,264.5,267.0,600,22950,271.36,266.05,268.5
8558,2021-02-24 14:01:00,264.5,268.05,264.5,267.0,600,22950,271.36,266.05,268.5
8559,2021-02-24 14:02:00,264.5,268.05,264.5,267.0,600,22950,271.36,266.05,268.5
8560,2021-02-24 14:03:00,264.5,268.05,264.5,267.0,600,22950,271.36,266.05,268.5
8561,2021-02-24 14:04:00,264.5,268.05,264.5,267.0,600,22950,271.36,266.05,268.5
8562,2021-02-24 14:05:00,264.5,268.05,264.5,267.0,600,22950,271.36,266.05,268.5
8563,2021-02-24 14:06:00,264.5,268.05,264.5,267.0,600,22950,271.36,266.05,268.5
8564,2021-02-24 14:07:00,264.5,268.05,264.5,267.0,600,22950,271.36,266.05,268.5
8565,2021-02-24 14:08:00,264.5,268.05,264.5,267.0,600,22950,271.36,266.05,268.5
8566,2021-02-24 14:09:00,264.5,268.05,264.5,267.0,600,22950,271.36,266.05,268.5
8567,2021-02-24 14:10:00,264.5,268.05,264.5,267.0,600,22950,271.36,266.05,268.5
8568,2021-02-24 14:11:00,264.5,268.05,264.5,267.0,600,22950,271.36,266.05,268.5
8569,2021-02-24 14:12:00,264.5,268.05,264.5,267.0,600,22950,271.36,266.05,268.5
8570,2021-02-24 14:13:00,264.5,268.05,264.5,267.0,600,22950,271.36,266.05,268.5
8571,2021-02-24 14:14:00,264.5,268.05,264.5,267.0,600,22950,271.36,266.05,268.5
8572,2021-02-24 14:15:00,264.5,268.05,264.5,267.0,600,22950,271.36,266.05,268.5
8573,2021-02-24 14:16:00,264.5,268.05,264.5,267.0,600,22950,271.36,266.05,268.5
8574,2021-02-24 14:17:00,264.5,268.05,264.5,267.0,600,22950,271.36,266.05,268.5
8575,2021-02-24 14:18:00,264.5,268.05,264.5,267.0,600,22950,271.36,266.05,268.5
8576,2021-02-24 14:19:00,264.5,268.05,264.5,267.0,600,22950,271.36,266.05,268.5
8577,2021-02-24 14:20:00,264.5,268.05,264.5,267.0,600,22950,271.36,266.05,268.5
8578,2021-02-24 14:21:00,264.5,268.05,264.5,267.0,600,22950,271.36,266.05,268.5
8579,2021-02-24 14:22:00,264.5,268.05,264.5,267.0,600,22950,271.36,266.05,268.5
8580,2021-02-24 14:23:00,264.5,268.05,264.5,267.0,600,22950,271.36,266.05,268.5
8581,2021-02-24 14:24:00,264.5,268.05,264.5,267.0,600,22950,271.36,266.05,268.5
8582,2021-02-24 14:25:00,264.5,268.05,264.5,267.0,600,22950,271.36,266.05,268.5
8583,2021-02-24 14:26:00,264.5,268.05,264.5,267.0,600,22950,271.36,266.05,268.5
8584,2021-02-24 14:27:00,264.5,268.05,264.5,267.0,600,22950,271.36,266.05,268.5
8585,2021-02-24 14:28:00,264.5,268.05,264.5,267.0,600,22950,271.36,266.05,268.5
8586,2021-02-24 14:29:00,264.5,268.05,264.5,267.0,600,22950,271.36,266.05,268.5
8587,2021-02-24 14:30:00,264.5,268.05,264.5,267.0,600,22950,271.36,266.05,268.5
8588,2021-02-24 14:31:00,264.5,268.05,264.5,267.0,600,22950,271.36,266.05,268.5
8589,2021-02-24 14:32:00,264.5,268.05,264.5,267.0,600,22950,271.36,266.05,268.5
8590,2021-02-24 14:33:00,264.5,268.05,264.5,267.0,600,22950,271.36,266.05,268.5
8591,2021-02-24 14:34:00,264.5,268.05,264.5,267.0,600,22950,271.36,266.05,268.5
8592,2021-02-24 14:35:00,264.5,268.05,264.5,267.0,600,22950,271.36,266.05,268.5
8593,2021-02-24 14:36:00,264.5,268.05,264.5,267.0,600,22950,271.36,266.05,268.5
8594,2021-02-24 14:37:00,264.5,268.05,264.5,267.0,600,22950,271.36,266.05,268.5
8595,2021-02-24 14:38:00,264.5,268.05,264.5,267.0,600,22950,271.36,266.05,268.5
8596,2021-02-24 14:39:00,264.5,268.05,264.5,267.0,600,22950,271.36,266.05,268.5
8597,2021-02-24 14:40:00,264.5,268.05,264.5,267.0,600,22950,271.36,266.05,268.5
8598,2021-02-24 14:41:00,264.5,268.05,264.5,267.0,600,22950,271.36,266.05,268.5
8599,2021-02-24 14:42:00,264.5,268.05,264.5,267.0,600,22950,271.36,266.05,268.5
8600,2021-02-24 14:43:00,264.5,268.05,264.5,267.0,600,22950,271.36,266.05,268.5
8601,2021-02-24 14:44:00,264.5,268.05,264.5,267.0,600,22950,271.36,266.05,268.5
8602,2021-02-24 14:45:00,264.5,268.05,264.5,267.0,600,22950,271.36,266.05,268.5
8603,2021-02-24 14:46:00,264.5,268.05,264.5,267.0,600,22950,271.36,266.05,268.5
8604,2021-02-24 14:47:00,264.5,268.05,264.5,267.0,600,22950,271.36,266.05,268.5
8605,2021-02-24 14:48:00,264.5,268.05,264.5,267.0,600,22950,271.36,266.05,268.5
8606,2021-02-24 14:49:00,264.5,268.05,264.5,267.0,600,22950,271.36,266.05,268.5
8607,2021-02-24 14:50:00,264.5,268.05,264.5,267.0,600,22950,271.36,266.05,268.5
8608,2021-02-24 14:51:00,264.5,268.05,264.5,267.0,600,22950,271.36,266.05,268.5
8609,2021-02-24 14:52:00,264.5,268.05,264.5,267.0,600,22950,271.36,266.05,268.5
8610,2021-02-24 14:53:00,264.5,268.05,264.5,267.0,600,22950,271.36,266.05,268.5
8611,2021-02-24 14:54:00,264.5,268.05,264.5,267.0,600,22950,271.36,266.05,268.5
8612,2021-02-24 14:55:00,264.5,268.05,264.5,267.0,600,22950,271.36,266.05,268.5
8613,2021-02-24 14:56:00,264.5,268.05,264.5,267.0,600,22950,271.36,266.05,268.5
8614,2021-02-24 14:57:00,264.5,268.05,264.5,267.0,600,22950,271.36,266.05,268.5
8615,2021-02-24 14:58:00,264.5,268.05,264.5,267.0,600,22950,271.36,266.05,268.5
8616,2021-02-24 14:59:00,264.5,268.05,264.5,267.0,600,22950,271.36,266.05,268.5
8617,2021-02-24 15:00:00,264.5,268.05,264.5,267.0,600,22950,271.36,266.05,268.5
8618,2021-02-24 15:01:00,264.5,268.05,264.5,267.0,600,22950,271.36,266.05,268.5
8619,2021-02-24 15:02:00,264.5,268.05,264.5,267.0,600,22950,271.36,266.05,268.5
8620,2021-02-24 15:03:00,264.5,268.05,264.5,267.0,600,22950,271.36,266.05,268.5
8621,2021-02-24 15:04:00,264.5,268.05,264.5,267.0,600,22950,271.36,266.05,268.5
8622,2021-02-24 15:05:00,264.5,268.05,264.5,267.0,600,22950,271.36,266.05,268.5
8623,2021-02-24 15:06:00,264.5,268.05,264.5,267.0,600,22950,271.36,266.05,268.5
8624,2021-02-24 15:07:00,264.5,268.05,264.5,267.0,600,22950,271.36,266.05,268.5
8625,2021-02-24 15:08:00,264.5,268.05,264.5,267.0,600,22950,271.36,266.05,268.5
8626,2021-02-24 15:09:00,264.5,268.05,264.5,267.0,600,22950,271.36,266.05,268.5
8627,2021-02-24 15:10:00,264.5,268.05,264.5,267.0,600,22950,271.36,266.05,268.5
8628,2021-02-24 15:11:00,264.5,268.05,264.5,267.0,600,22950,271.36,266.05,268.5
8629,2021-02-24 15:12:00,264.5,268.05,264.5,267.0,600,22950,271.36,266.05,268.5
8630,2021-02-24 15:13:00,264.5,268.05,264.5,267.0,600,22950,271.36,266.05,268.5
8631,2021-02-24 15:14:00,264.5,268.05,264.5,267.0,600,22950,271.36,266.05,268.5
8632,2021-02-24 15:15:00,264.5,268.05,264.5,267.0,600,22950,271.36,266.05,268.5
8633,2021-02-24 15:16:00,264.5,268.05,264.5,267.0,600,22950,271.36,266.05,268.5
8634,2021-02-24 15:17:00,264.5,268.05,264.5,267.0,600,22950,271.36,266.05,268.5
8635,2021-02-24 15:18:00,264.5,268.05,264.5,267.0,600,22950,271.36,266.05,268.5
8636,2021-02-24 15:19:00,264.5,268.05,264.5,267.0,600,22950,271.36,266.05,268.5
8637,2021-02-24 15:20:00,264.5,268.05,264.5,267.0,600,22950,271.36,266.05,268.5
8638,2021-02-24 15:21:00,264.5,268.05,264.5,267.0,600,22950,271.36,266.05,268.5
8639,2021-02-24 15:22:00,264.5,268.05,264.5,267.0,600,22950,271.36,266.05,268.5
8640,2021-02-24 15:23:00,264.5,268.05,264.5,267.0,600,22950,271.36,266.05,268.5
8641,2021-02-24 15:24:00,264.5,268.05,264.5,267.0,600,22950,271.36,266.05,268.5
8642,2021-02-24 15:25:00,264.5,268.05,264.5,267.0,600,22950,271.36,266.05,268.5
8643,2021-02-24 15:26:00,264.5,268.05,264.5,267.0,600,22950,271.36,266.05,268.5
8644,2021-02-24 15:27:00,264.5,268.05,264.5,267.0,600,22950,271.36,266.05,268.5
8645,2021-02-24 15:28:00,264.5,268.05,264.5,267.0,600,22950,271.36,266.05,268.5
8646,2021-02-24 15:29:00,264.5,268.05,264.5,267.0,600,22950,271.36,266.05,268.5
8647,2021-02-24 15:30:00,264.5,268.05,264.5,267.0,600,22950,271.36,266.05,268.5
8648,2021-02-25 09:15:00,264.5,268.05,264.5,267.0,600,22950,271.36,266.05,268.5
8649,2021-02-25 09:16:00,135.9,135.9,135.9,135.9,75,23175,135.9,139.7,159.8
8650,2021-02-25 09:17:00,158.8,158.8,155.3,155.3,450,23175,153.14,145.3,155.4
8651,2021-02-25 09:18:00,153.5,153.55,152.9,152.9,600,23175,153.18,145.3,153.85
8652,2021-02-25 09:19:00,153.5,153.55,152.9,152.9,600,23175,153.18,145.3,153.85
8653,2021-02-25 09:20:00,148.6,148.6,148.6,148.6,75,23250,152.9,149.0,156.15
8654,2021-02-25 09:21:00,149.85,149.85,149.0,149.1,375,23250,152.1,139.25,157.3
8655,2021-02-25 09:22:00,149.85,149.85,149.0,149.1,375,23250,152.1,139.25,157.3
8656,2021-02-25 09:23:00,147.05,147.05,147.05,147.05,450,23250,150.96,140.15,150.0
8657,2021-02-25 09:24:00,150.7,150.75,150.7,150.75,150,23250,150.94,141.05,153.1
8658,2021-02-25 09:25:00,150.7,150.75,150.7,150.75,150,23250,150.94,141.05,153.1
8659,2021-02-25 09:26:00,150.7,150.75,150.7,150.75,150,23250,150.94,141.05,153.1
8660,2021-02-25 09:27:00,150.7,150.75,150.7,150.75,150,23250,150.94,141.05,153.1
8661,2021-02-25 09:28:00,150.7,150.75,150.7,150.75,150,23250,150.94,141.05,153.1
8662,2021-02-25 09:29:00,141.45,141.45,141.45,141.45,75,23250,150.63,136.95,146.6
8663,2021-02-25 09:30:00,141.45,141.45,141.45,141.45,75,23250,150.63,136.95,146.6
8664,2021-02-25 09:31:00,145.0,145.0,145.0,145.0,225,22800,150.11,138.9,148.55
8665,2021-02-25 09:32:00,145.0,145.0,145.0,145.0,225,22800,150.11,138.9,148.55
8666,2021-02-25 09:33:00,146.7,146.7,146.7,146.7,75,22425,150.01,141.1,160.0
8667,2021-02-25 09:34:00,141.1,141.1,141.1,141.1,75,22425,149.76,132.75,145.35
8668,2021-02-25 09:35:00,141.1,141.1,141.1,141.1,75,22425,149.76,132.75,145.35
8669,2021-02-25 09:36:00,142.45,142.45,142.45,142.45,75,22500,149.56,140.3,144.45
8670,2021-02-25 09:37:00,142.45,142.45,142.45,142.45,75,22500,149.56,140.3,144.45
8671,2021-02-25 09:38:00,142.45,142.45,142.45,142.45,75,22500,149.56,140.3,144.45
8672,2021-02-25 09:39:00,151.2,151.2,151.2,151.2,75,22500,149.6,140.3,147.45
8673,2021-02-25 09:40:00,151.2,151.2,151.2,151.2,75,22500,149.6,140.3,147.45
8674,2021-02-25 09:41:00,151.2,151.2,151.2,151.2,75,22500,149.6,140.3,147.45
8675,2021-02-25 09:42:00,151.2,151.2,151.2,151.2,75,22500,149.6,140.3,147.45
8676,2021-02-25 09:43:00,151.2,151.2,151.2,151.2,75,22500,149.6,140.3,147.45
8677,2021-02-25 09:44:00,143.85,143.85,143.85,143.85,75,22200,149.45,143.65,148.15
8678,2021-02-25 09:45:00,144.95,145.1,144.95,145.1,150,22200,149.23,145.9,149.1
8679,2021-02-25 09:46:00,146.0,146.45,146.0,146.4,225,22200,149.02,146.15,148.7
8680,2021-02-25 09:47:00,146.15,146.15,146.15,146.15,75,22200,148.96,145.55,148.5
8681,2021-02-25 09:48:00,146.25,146.7,146.25,146.7,150,22125,148.85,146.55,148.5
8682,2021-02-25 09:49:00,146.95,146.95,146.65,146.65,150,22125,148.76,146.15,148.5
8683,2021-02-25 09:50:00,146.35,146.35,146.35,146.35,75,22125,148.71,146.7,150.55
8684,2021-02-25 09:51:00,147.85,147.85,147.85,147.85,75,22050,148.7,146.65,150.15
8685,2021-02-25 09:52:00,146.9,146.9,146.65,146.65,150,22050,148.62,146.9,147.8
8686,2021-02-25 09:53:00,146.9,146.9,146.65,146.65,150,22050,148.62,146.9,147.8
8687,2021-02-25 09:54:00,145.45,145.45,145.45,145.45,75,21975,148.56,144.4,145.2
8688,2021-02-25 09:55:00,144.15,144.15,144.15,144.15,150,21975,148.4,145.4,145.85
8689,2021-02-25 09:56:00,145.8,146.65,145.8,146.65,375,21975,148.23,145.9,147.1
8690,2021-02-25 09:57:00,145.8,146.65,145.8,146.65,375,21975,148.23,145.9,147.1
8691,2021-02-25 09:58:00,145.8,146.65,145.8,146.65,375,21975,148.23,145.9,147.1
8692,2021-02-25 09:59:00,145.8,146.65,145.8,146.65,375,21975,148.23,145.9,147.1
8693,2021-02-25 10:00:00,147.8,147.8,146.3,146.3,225,22050,148.16,147.25,147.85
8694,2021-02-25 10:01:00,147.8,147.8,146.3,146.3,225,22050,148.16,147.25,147.85
8695,2021-02-25 10:02:00,147.0,147.0,147.0,147.0,150,22050,148.13,147.65,148.5
8696,2021-02-25 10:03:00,147.0,147.0,147.0,147.0,150,22050,148.13,147.65,148.5
8697,2021-02-25 10:04:00,148.9,148.9,148.9,148.9,75,22050,148.14,148.1,148.85
8698,2021-02-25 10:05:00,149.0,149.0,149.0,149.0,75,22050,148.15,148.05,148.7
8699,2021-02-25 10:06:00,149.0,149.0,149.0,149.0,75,22050,148.15,148.05,148.7
8700,2021-02-25 10:07:00,147.25,149.45,147.25,149.45,150,22050,148.16,149.75,150.4
8701,2021-02-25 10:08:00,150.4,150.4,149.9,149.9,150,22050,148.21,150.65,151.45
8702,2021-02-25 10:09:00,151.85,152.35,151.85,152.35,150,22050,148.32,151.85,153.95
8703,2021-02-25 10:10:00,153.95,153.95,153.95,153.95,75,22050,148.4,153.35,154.05
8704,2021-02-25 10:11:00,153.95,153.95,153.95,153.95,75,22050,148.4,153.35,154.05
8705,2021-02-25 10:12:00,153.95,153.95,153.95,153.95,75,22050,148.4,153.35,154.05
8706,2021-02-25 10:13:00,153.95,153.95,153.95,153.95,75,22050,148.4,153.35,154.05
8707,2021-02-25 10:14:00,152.4,152.85,152.1,152.1,225,21675,148.55,151.75,152.5
8708,2021-02-25 10:15:00,152.5,153.7,152.15,153.7,225,21675,148.71,152.7,153.5
8709,2021-02-25 10:16:00,151.2,151.2,151.05,151.05,375,21675,148.83,150.75,151.45
8710,2021-02-25 10:17:00,151.2,151.2,151.05,151.05,375,21675,148.83,150.75,151.45
8711,2021-02-25 10:18:00,151.2,151.2,151.05,151.05,375,21675,148.83,150.75,151.45
8712,2021-02-25 10:19:00,149.65,149.65,149.65,149.65,75,21450,148.84,148.1,148.9
8713,2021-02-25 10:20:00,147.45,147.45,147.45,147.45,75,21450,148.83,147.75,148.5
8714,2021-02-25 10:21:00,147.45,147.45,147.45,147.45,75,21450,148.83,147.75,148.5
8715,2021-02-25 10:22:00,147.5,147.5,147.5,147.5,75,21375,148.81,147.7,148.45
8716,2021-02-25 10:23:00,148.8,148.8,148.8,148.8,150,21225,148.81,148.3,149.0
8717,2021-02-25 10:24:00,148.8,148.8,148.8,148.8,150,21225,148.81,148.3,149.0
8718,2021-02-25 10:25:00,148.8,148.8,148.8,148.8,150,21225,148.81,148.3,149.0
8719,2021-02-25 10:26:00,148.8,148.8,148.8,148.8,150,21225,148.81,148.3,149.0
8720,2021-02-25 10:27:00,148.8,148.8,148.8,148.8,150,21225,148.81,148.3,149.0
8721,2021-02-25 10:28:00,148.8,148.8,148.8,148.8,150,21225,148.81,148.3,149.0
8722,2021-02-25 10:29:00,149.8,149.8,149.8,149.8,900,21150,148.92,147.95,148.65
8723,2021-02-25 10:30:00,148.45,148.45,148.0,148.0,975,21150,148.82,147.35,148.25
8724,2021-02-25 10:31:00,148.45,148.45,148.0,148.0,975,21150,148.82,147.35,148.25
8725,2021-02-25 10:32:00,148.45,148.45,148.0,148.0,975,21150,148.82,147.35,148.25
8726,2021-02-25 10:33:00,148.45,148.45,148.0,148.0,975,21150,148.82,147.35,148.25
8727,2021-02-25 10:34:00,148.45,148.45,148.0,148.0,975,21150,148.82,147.35,148.25
8728,2021-02-25 10:35:00,148.45,148.45,148.0,148.0,975,21150,148.82,147.35,148.25
8729,2021-02-25 10:36:00,148.45,148.45,148.0,148.0,975,21150,148.82,147.35,148.25
8730,2021-02-25 10:37:00,148.45,148.45,148.0,148.0,975,21150,148.82,147.35,148.25
8731,2021-02-25 10:38:00,148.45,148.45,148.0,148.0,975,21150,148.82,147.35,148.25
8732,2021-02-25 10:39:00,148.45,148.45,148.0,148.0,975,21150,148.82,147.35,148.25
8733,2021-02-25 10:40:00,148.45,148.45,148.0,148.0,975,21150,148.82,147.35,148.25
8734,2021-02-25 10:41:00,148.45,148.45,148.0,148.0,975,21150,148.82,147.35,148.25
8735,2021-02-25 10:42:00,145.8,146.95,145.2,146.95,4950,20850,147.76,146.9,147.6
8736,2021-02-25 10:43:00,145.8,146.95,145.2,146.95,4950,20850,147.76,146.9,147.6
8737,2021-02-25 10:44:00,146.75,147.55,146.75,147.55,675,20925,147.74,147.15,147.8
8738,2021-02-25 10:45:00,146.55,146.55,146.55,146.55,75,20925,147.73,145.9,146.65
8739,2021-02-25 10:46:00,147.3,147.3,147.2,147.2,525,20925,147.72,146.45,147.1
8740,2021-02-25 10:47:00,147.3,147.3,147.2,147.2,525,20925,147.72,146.45,147.1
8741,2021-02-25 10:48:00,147.7,148.55,147.7,148.35,7050,20850,147.88,147.45,158.25
8742,2021-02-25 10:49:00,148.35,148.7,148.0,148.0,3450,20850,147.97,147.6,148.55
8743,2021-02-25 10:50:00,147.3,148.45,147.3,147.4,4275,20850,147.92,130.05,148.1
8744,2021-02-25 10:51:00,147.2,148.15,146.75,146.95,9225,20850,147.71,146.5,147.45
8745,2021-02-25 10:52:00,146.75,146.75,146.75,146.75,75,20850,147.71,145.7,146.7
8746,2021-02-25 10:53:00,146.75,146.75,146.75,146.75,75,20850,147.71,145.7,146.7
8747,2021-02-25 10:54:00,146.35,146.35,146.3,146.3,150,20925,147.71,145.55,146.5
8748,2021-02-25 10:55:00,146.1,146.75,146.1,146.75,375,20925,147.7,146.55,147.4
8749,2021-02-25 10:56:00,146.1,146.75,146.1,146.75,375,20925,147.7,146.55,147.4
8750,2021-02-25 10:57:00,146.1,146.75,146.1,146.75,375,20925,147.7,146.55,147.4
8751,2021-02-25 10:58:00,146.1,146.75,146.1,146.75,375,20925,147.7,146.55,147.4
8752,2021-02-25 10:59:00,146.1,146.75,146.1,146.75,375,20925,147.7,146.55,147.4
8753,2021-02-25 11:00:00,146.1,146.75,146.1,146.75,375,20925,147.7,146.55,147.4
8754,2021-02-25 11:01:00,146.1,146.75,146.1,146.75,375,20925,147.7,146.55,147.4
8755,2021-02-25 11:02:00,146.05,146.05,145.65,145.65,675,21150,147.67,145.75,146.55
8756,2021-02-25 11:03:00,146.05,146.05,145.65,145.65,675,21150,147.67,145.75,146.55
8757,2021-02-25 11:04:00,145.75,145.75,145.75,145.75,75,21225,147.66,146.35,147.05
8758,2021-02-25 11:05:00,145.75,145.75,145.75,145.75,75,21225,147.66,146.35,147.05
8759,2021-02-25 11:06:00,145.75,145.75,145.75,145.75,75,21225,147.66,146.35,147.05
8760,2021-02-25 11:07:00,145.75,145.75,145.75,145.75,75,21225,147.66,146.35,147.05
8761,2021-02-25 11:08:00,145.75,145.75,145.75,145.75,75,21225,147.66,146.35,147.05
8762,2021-02-25 11:09:00,145.75,145.75,145.75,145.75,75,21225,147.66,146.35,147.05
8763,2021-02-25 11:10:00,145.75,145.75,145.75,145.75,150,21075,147.66,145.75,146.45
8764,2021-02-25 11:11:00,145.75,145.75,145.75,145.75,150,21075,147.66,145.75,146.45
8765,2021-02-25 11:12:00,145.75,145.75,145.75,145.75,150,21075,147.66,145.75,146.45
8766,2021-02-25 11:13:00,145.75,145.75,145.75,145.75,150,21075,147.66,145.75,146.45
8767,2021-02-25 11:14:00,145.75,145.75,145.75,145.75,150,21075,147.66,145.75,146.45
8768,2021-02-25 11:15:00,145.45,145.45,145.45,145.45,300,21075,147.64,145.55,146.35
8769,2021-02-25 11:16:00,145.45,145.45,145.45,145.45,300,21075,147.64,145.55,146.35
8770,2021-02-25 11:17:00,145.45,145.45,145.45,145.45,300,21075,147.64,145.55,146.35
8771,2021-02-25 11:18:00,145.45,145.45,145.45,145.45,300,21075,147.64,145.55,146.35
8772,2021-02-25 11:19:00,146.05,146.05,146.05,146.05,75,21000,147.64,145.6,146.35
8773,2021-02-25 11:20:00,146.05,146.05,146.05,146.05,75,21000,147.64,145.6,146.35
8774,2021-02-25 11:21:00,145.75,145.75,145.65,145.65,525,21000,147.61,145.5,146.4
8775,2021-02-25 11:22:00,145.75,145.75,145.65,145.65,525,21000,147.61,145.5,146.4
8776,2021-02-25 11:23:00,145.75,145.75,145.65,145.65,525,21000,147.61,145.5,146.4
8777,2021-02-25 11:24:00,145.75,145.75,145.65,145.65,525,21000,147.61,145.5,146.4
8778,2021-02-25 11:25:00,145.75,145.75,145.65,145.65,525,21000,147.61,145.5,146.4
8779,2021-02-25 11:26:00,146.95,146.95,146.95,146.95,375,21000,147.61,146.45,147.05
8780,2021-02-25 11:27:00,146.95,146.95,146.95,146.95,375,21000,147.61,146.45,147.05
8781,2021-02-25 11:28:00,146.95,146.95,146.95,146.95,375,21000,147.61,146.45,147.05
8782,2021-02-25 11:29:00,146.95,146.95,146.95,146.95,375,21000,147.61,146.45,147.05
8783,2021-02-25 11:30:00,146.95,146.95,146.95,146.95,375,21000,147.61,146.45,147.05
8784,2021-02-25 11:31:00,146.95,146.95,146.95,146.95,375,21000,147.61,146.45,147.05
8785,2021-02-25 11:32:00,148.05,148.05,148.05,148.05,75,26850,147.61,148.3,149.0
8786,2021-02-25 11:33:00,148.05,148.05,148.05,148.05,75,26850,147.61,148.3,149.0
8787,2021-02-25 11:34:00,148.1,148.1,148.1,148.1,75,25200,147.61,149.25,150.1
8788,2021-02-25 11:35:00,151.1,151.1,150.9,150.9,975,25200,147.69,151.3,152.3
8789,2021-02-25 11:36:00,153.05,153.2,152.85,152.85,375,25200,147.73,153.0,153.75
8790,2021-02-25 11:37:00,154.9,154.9,154.9,154.9,75,25200,147.74,154.75,155.7
8791,2021-02-25 11:38:00,156.4,156.4,155.6,155.6,150,25200,147.77,154.8,155.65
8792,2021-02-25 11:39:00,156.3,156.3,156.3,156.3,75,25200,147.79,156.15,157.05
8793,2021-02-25 11:40:00,156.3,156.3,156.3,156.3,75,25200,147.79,156.15,157.05
8794,2021-02-25 11:41:00,156.75,157.2,156.75,157.2,150,25200,147.82,155.75,156.65
8795,2021-02-25 11:42:00,156.75,157.2,156.75,157.2,150,25200,147.82,155.75,156.65
8796,2021-02-25 11:43:00,156.55,156.55,156.55,156.55,75,0,147.83,155.95,156.9
8797,2021-02-25 11:44:00,157.25,157.4,157.25,157.4,300,24975,147.9,156.6,157.5
8798,2021-02-25 11:45:00,160.0,160.0,160.0,160.0,825,24900,148.12,159.7,160.5
8799,2021-02-25 11:46:00,160.0,160.0,160.0,160.0,825,24900,148.12,159.7,160.5
8800,2021-02-25 11:47:00,160.0,160.0,160.0,160.0,825,24900,148.12,159.7,160.5
8801,2021-02-25 11:48:00,155.95,155.95,155.95,155.95,75,24825,148.13,155.05,155.8
8802,2021-02-25 11:49:00,155.05,155.05,155.05,155.05,75,24825,148.15,154.45,155.25
8803,2021-02-25 11:50:00,154.9,154.9,154.9,154.9,75,24825,148.16,153.4,154.2
8804,2021-02-25 11:51:00,154.9,154.9,154.9,154.9,75,24825,148.16,153.4,154.2
8805,2021-02-25 11:52:00,154.9,154.9,154.9,154.9,75,24825,148.16,153.4,154.2
8806,2021-02-25 11:53:00,154.9,154.9,154.9,154.9,75,24825,148.16,153.4,154.2
8807,2021-02-25 11:54:00,154.9,154.9,154.9,154.9,75,24825,148.16,153.4,154.2
8808,2021-02-25 11:55:00,154.9,154.9,154.9,154.9,75,24825,148.16,153.4,154.2
8809,2021-02-25 11:56:00,154.9,154.9,154.9,154.9,75,24825,148.16,153.4,154.2
8810,2021-02-25 11:57:00,154.9,154.9,154.9,154.9,75,24825,148.16,153.4,154.2
8811,2021-02-25 11:58:00,153.35,153.35,153.35,153.35,75,23925,148.17,153.1,153.95
8812,2021-02-25 11:59:00,157.05,157.05,157.05,157.05,75,23925,148.18,157.85,158.85
8813,2021-02-25 12:00:00,157.05,157.05,157.05,157.05,75,23925,148.18,157.85,158.85
8814,2021-02-25 12:01:00,157.1,157.1,157.1,157.1,900,23550,148.36,158.55,159.35
8815,2021-02-25 12:02:00,157.1,157.1,157.1,157.1,900,23550,148.36,158.55,159.35
8816,2021-02-25 12:03:00,160.6,160.6,160.6,160.6,75,23550,148.38,159.05,159.85
8817,2021-02-25 12:04:00,160.6,160.6,160.6,160.6,75,23550,148.38,159.05,159.85
8818,2021-02-25 12:05:00,160.6,160.6,160.6,160.6,75,23550,148.38,159.05,159.85
8819,2021-02-25 12:06:00,160.6,160.6,160.6,160.6,75,23550,148.38,159.05,159.85
8820,2021-02-25 12:07:00,160.6,160.6,160.6,160.6,75,23550,148.38,159.05,159.85
8821,2021-02-25 12:08:00,160.6,160.6,160.6,160.6,75,23550,148.38,159.05,159.85
8822,2021-02-25 12:09:00,160.6,160.6,160.6,160.6,75,23550,148.38,159.05,159.85
8823,2021-02-25 12:10:00,159.4,161.0,159.4,161.0,150,23025,148.41,160.3,161.25
8824,2021-02-25 12:11:00,161.1,161.1,161.1,161.1,75,23025,148.43,159.4,160.3
8825,2021-02-25 12:12:00,161.1,161.1,161.1,161.1,75,23025,148.43,159.4,160.3
8826,2021-02-25 12:13:00,161.1,161.1,161.1,161.1,75,23025,148.43,159.4,160.3
8827,2021-02-25 12:14:00,159.6,159.6,158.05,158.05,225,22875,148.48,158.05,158.6
8828,2021-02-25 12:15:00,156.65,156.65,156.0,156.0,150,22725,148.51,156.3,157.3
8829,2021-02-25 12:16:00,156.65,156.65,156.0,156.0,150,22725,148.51,156.3,157.3
8830,2021-02-25 12:17:00,158.5,158.85,158.5,158.85,150,22725,148.54,158.3,159.15
8831,2021-02-25 12:18:00,158.5,158.85,158.5,158.85,150,22725,148.54,158.3,159.15
8832,2021-02-25 12:19:00,158.5,158.85,158.5,158.85,150,22725,148.54,158.3,159.15
8833,2021-02-25 12:20:00,158.5,158.85,158.5,158.85,150,22725,148.54,158.3,159.15
8834,2021-02-25 12:21:00,159.5,160.6,159.5,160.6,150,22575,148.58,158.6,159.4
8835,2021-02-25 12:22:00,159.5,160.6,159.5,160.6,150,22575,148.58,158.6,159.4
8836,2021-02-25 12:23:00,159.5,160.6,159.5,160.6,150,22575,148.58,158.6,159.4
8837,2021-02-25 12:24:00,159.5,160.6,159.5,160.6,150,22575,148.58,158.6,159.4
8838,2021-02-25 12:25:00,159.5,160.6,159.5,160.6,150,22575,148.58,158.6,159.4
8839,2021-02-25 12:26:00,159.6,159.6,159.6,159.6,525,22575,148.7,158.3,159.4
8840,2021-02-25 12:27:00,157.8,157.8,157.8,157.8,75,22500,148.71,157.0,158.05
8841,2021-02-25 12:28:00,157.8,157.8,157.8,157.8,75,22500,148.71,157.0,158.05
8842,2021-02-25 12:29:00,157.8,157.8,157.8,157.8,75,22500,148.71,157.0,158.05
8843,2021-02-25 12:30:00,155.6,156.7,155.6,156.7,150,22500,148.74,156.25,157.05
8844,2021-02-25 12:31:00,155.6,156.7,155.6,156.7,150,22500,148.74,156.25,157.05
8845,2021-02-25 12:32:00,153.25,153.25,150.3,150.3,150,22500,148.75,151.2,152.1
8846,2021-02-25 12:33:00,153.25,153.25,150.3,150.3,150,22500,148.75,151.2,152.1
8847,2021-02-25 12:34:00,153.25,153.25,150.3,150.3,150,22500,148.75,151.2,152.1
8848,2021-02-25 12:35:00,153.25,153.25,150.3,150.3,150,22500,148.75,151.2,152.1
8849,2021-02-25 12:36:00,155.2,155.2,155.2,155.2,75,21750,148.76,154.35,155.15
8850,2021-02-25 12:37:00,155.2,155.2,155.2,155.2,75,21750,148.76,154.35,155.15
8851,2021-02-25 12:38:00,155.2,155.2,155.2,155.2,75,21750,148.76,154.35,155.15
8852,2021-02-25 12:39:00,152.25,152.25,152.25,152.25,75,21750,148.76,152.6,153.4
8853,2021-02-25 12:40:00,152.25,152.25,152.25,152.25,75,21750,148.76,152.6,153.4
8854,2021-02-25 12:41:00,152.25,152.25,152.25,152.25,75,21750,148.76,152.6,153.4
8855,2021-02-25 12:42:00,152.25,152.25,152.25,152.25,75,21750,148.76,152.6,153.4
8856,2021-02-25 12:43:00,152.25,152.25,152.25,152.25,75,21750,148.76,152.6,153.4
8857,2021-02-25 12:44:00,150.5,150.5,150.5,150.5,150,20850,148.77,150.9,151.8
8858,2021-02-25 12:45:00,150.5,150.5,150.5,150.5,150,20850,148.77,150.9,151.8
8859,2021-02-25 12:46:00,150.5,150.5,150.5,150.5,150,20850,148.77,150.9,151.8
8860,2021-02-25 12:47:00,151.2,151.2,151.2,151.2,75,20925,148.77,151.9,152.7
8861,2021-02-25 12:48:00,151.2,151.2,151.2,151.2,75,20925,148.77,151.9,152.7
8862,2021-02-25 12:49:00,149.45,149.45,149.45,149.45,75,21000,148.77,147.9,148.7
8863,2021-02-25 12:50:00,149.45,149.45,149.45,149.45,75,21000,148.77,147.9,148.7
8864,2021-02-25 12:51:00,147.55,147.55,147.55,147.55,75,21000,148.77,147.65,148.4
8865,2021-02-25 12:52:00,147.55,147.55,147.55,147.55,75,21000,148.77,147.65,148.4
8866,2021-02-25 12:53:00,147.85,147.85,147.85,147.85,75,21000,148.77,147.45,148.3
8867,2021-02-25 12:54:00,147.85,147.85,147.85,147.85,75,21000,148.77,147.45,148.3
8868,2021-02-25 12:55:00,147.85,147.85,147.85,147.85,75,21000,148.77,147.45,148.3
8869,2021-02-25 12:56:00,147.85,147.85,147.85,147.85,75,21000,148.77,147.45,148.3
8870,2021-02-25 12:57:00,147.85,147.85,147.85,147.85,75,21000,148.77,147.45,148.3
8871,2021-02-25 12:58:00,147.85,147.85,147.85,147.85,75,21000,148.77,147.45,148.3
8872,2021-02-25 12:59:00,150.75,150.75,150.75,150.75,75,20625,148.77,151.7,152.7
8873,2021-02-25 13:00:00,152.25,152.25,152.25,152.25,75,20475,148.78,152.6,153.4
8874,2021-02-25 13:01:00,152.25,152.25,152.25,152.25,75,20475,148.78,152.6,153.4
8875,2021-02-25 13:02:00,151.65,151.65,151.05,151.05,150,20475,148.78,151.75,152.45
8876,2021-02-25 13:03:00,151.65,151.65,151.05,151.05,150,20475,148.78,151.75,152.45
8877,2021-02-25 13:04:00,151.65,151.65,151.05,151.05,150,20475,148.78,151.75,152.45
8878,2021-02-25 13:05:00,154.35,154.35,154.35,154.35,75,20475,148.79,154.85,155.5
8879,2021-02-25 13:06:00,154.35,154.35,154.35,154.35,75,20475,148.79,154.85,155.5
8880,2021-02-25 13:07:00,154.35,154.35,154.35,154.35,75,20475,148.79,154.85,155.5
8881,2021-02-25 13:08:00,154.35,154.35,154.35,154.35,75,20475,148.79,154.85,155.5
8882,2021-02-25 13:09:00,154.35,154.35,154.35,154.35,75,20475,148.79,154.85,155.5
8883,2021-02-25 13:10:00,154.35,154.35,154.35,154.35,75,20475,148.79,154.85,155.5
8884,2021-02-25 13:11:00,154.35,154.35,154.35,154.35,75,20475,148.79,154.85,155.5
8885,2021-02-25 13:12:00,154.35,154.35,154.35,154.35,75,20475,148.79,154.85,155.5
8886,2021-02-25 13:13:00,154.35,154.35,154.35,154.35,75,20475,148.79,154.85,155.5
8887,2021-02-25 13:14:00,154.35,154.35,154.35,154.35,75,20475,148.79,154.85,155.5
8888,2021-02-25 13:15:00,154.35,154.35,154.35,154.35,75,20475,148.79,154.85,155.5
8889,2021-02-25 13:16:00,154.35,154.35,154.35,154.35,75,20475,148.79,154.85,155.5
8890,2021-02-25 13:17:00,154.35,154.35,154.35,154.35,75,20475,148.79,154.85,155.5
8891,2021-02-25 13:18:00,154.35,154.35,154.35,154.35,75,20475,148.79,154.85,155.5
8892,2021-02-25 13:19:00,154.35,154.35,154.35,154.35,75,20475,148.79,154.85,155.5
8893,2021-02-25 13:20:00,154.35,154.35,154.35,154.35,75,20475,148.79,154.85,155.5
8894,2021-02-25 13:21:00,154.35,154.35,154.35,154.35,75,20475,148.79,154.85,155.5
8895,2021-02-25 13:22:00,149.45,149.45,149.45,149.45,75,19875,148.79,144.8,163.4
8896,2021-02-25 13:23:00,149.45,149.45,149.45,149.45,75,19875,148.79,144.8,163.4
8897,2021-02-25 13:24:00,149.45,149.45,149.45,149.45,75,19875,148.79,144.8,163.4
8898,2021-02-25 13:25:00,149.45,149.45,149.45,149.45,75,19875,148.79,144.8,163.4
8899,2021-02-25 13:26:00,149.45,149.45,149.45,149.45,75,19875,148.79,144.8,163.4
8900,2021-02-25 13:27:00,149.45,149.45,149.45,149.45,75,19875,148.79,144.8,163.4
8901,2021-02-25 13:28:00,149.45,149.45,149.45,149.45,75,19875,148.79,144.8,163.4
8902,2021-02-25 13:29:00,149.45,149.45,149.45,149.45,75,19875,148.79,144.8,163.4
8903,2021-02-25 13:30:00,149.45,149.45,149.45,149.45,75,19875,148.79,144.8,163.4
8904,2021-02-25 13:31:00,149.45,149.45,149.45,149.45,75,19875,148.79,144.8,163.4
8905,2021-02-25 13:32:00,149.45,149.45,149.45,149.45,75,19875,148.79,144.8,163.4
8906,2021-02-25 13:33:00,149.45,149.45,149.45,149.45,75,19875,148.79,144.8,163.4
8907,2021-02-25 13:34:00,149.45,149.45,149.45,149.45,75,19875,148.79,144.8,163.4
8908,2021-02-25 13:35:00,149.45,149.45,149.45,149.45,75,19875,148.79,144.8,163.4
8909,2021-02-25 13:36:00,149.45,149.45,149.45,149.45,75,19875,148.79,144.8,163.4
8910,2021-02-25 13:37:00,149.45,149.45,149.45,149.45,75,19875,148.79,144.8,163.4
8911,2021-02-25 13:38:00,149.45,149.45,149.45,149.45,75,19875,148.79,144.8,163.4
8912,2021-02-25 13:39:00,146.3,146.3,146.3,146.3,75,19725,148.79,142.6,149.65
8913,2021-02-25 13:40:00,146.3,146.3,146.3,146.3,75,19725,148.79,142.6,149.65
8914,2021-02-25 13:41:00,146.3,146.3,146.3,146.3,75,19725,148.79,142.6,149.65
8915,2021-02-25 13:42:00,146.3,146.3,146.3,146.3,75,19725,148.79,142.6,149.65
8916,2021-02-25 13:43:00,146.3,146.3,146.3,146.3,75,19725,148.79,142.6,149.65
8917,2021-02-25 13:44:00,146.3,146.3,146.3,146.3,75,19725,148.79,142.6,149.65
8918,2021-02-25 13:45:00,146.3,146.3,146.3,146.3,75,19725,148.79,142.6,149.65
8919,2021-02-25 13:46:00,146.3,146.3,146.3,146.3,75,19725,148.79,142.6,149.65
8920,2021-02-25 13:47:00,146.3,146.3,146.3,146.3,75,19725,148.79,142.6,149.65
8921,2021-02-25 13:48:00,146.3,146.3,146.3,146.3,75,19725,148.79,142.6,149.65
8922,2021-02-25 13:49:00,146.3,146.3,146.3,146.3,75,19725,148.79,142.6,149.65
8923,2021-02-25 13:50:00,146.3,146.3,146.3,146.3,75,19725,148.79,142.6,149.65
8924,2021-02-25 13:51:00,146.3,146.3,146.3,146.3,75,19725,148.79,142.6,149.65
8925,2021-02-25 13:52:00,146.3,146.3,146.3,146.3,75,19725,148.79,142.6,149.65
8926,2021-02-25 13:53:00,146.3,146.3,146.3,146.3,75,19725,148.79,142.6,149.65
8927,2021-02-25 13:54:00,146.3,146.3,146.3,146.3,75,19725,148.79,142.6,149.65
8928,2021-02-25 13:55:00,146.3,146.3,146.3,146.3,75,19725,148.79,142.6,149.65
8929,2021-02-25 13:56:00,146.3,146.3,146.3,146.3,75,19725,148.79,142.6,149.65
8930,2021-02-25 13:57:00,146.3,146.3,146.3,146.3,75,19725,148.79,142.6,149.65
8931,2021-02-25 13:58:00,146.3,146.3,146.3,146.3,75,19725,148.79,142.6,149.65
8932,2021-02-25 13:59:00,146.3,146.3,146.3,146.3,75,19725,148.79,142.6,149.65
8933,2021-02-25 14:00:00,146.3,146.3,146.3,146.3,75,19725,148.79,142.6,149.65
8934,2021-02-25 14:01:00,146.3,146.3,146.3,146.3,75,19725,148.79,142.6,149.65
8935,2021-02-25 14:02:00,146.3,146.3,146.3,146.3,75,19725,148.79,142.6,149.65
8936,2021-02-25 14:03:00,146.3,146.3,146.3,146.3,75,19725,148.79,142.6,149.65
8937,2021-02-25 14:04:00,146.3,146.3,146.3,146.3,75,19725,148.79,142.6,149.65
8938,2021-02-25 14:05:00,146.3,146.3,146.3,146.3,75,19725,148.79,142.6,149.65
8939,2021-02-25 14:06:00,146.3,146.3,146.3,146.3,75,19725,148.79,142.6,149.65
8940,2021-02-25 14:07:00,146.3,146.3,146.3,146.3,75,19725,148.79,142.6,149.65
8941,2021-02-25 14:08:00,146.3,146.3,146.3,146.3,75,19725,148.79,142.6,149.65
8942,2021-02-25 14:09:00,146.3,146.3,146.3,146.3,75,19725,148.79,142.6,149.65
8943,2021-02-25 14:10:00,146.3,146.3,146.3,146.3,75,19725,148.79,142.6,149.65
8944,2021-02-25 14:11:00,146.3,146.3,146.3,146.3,75,19725,148.79,142.6,149.65
8945,2021-02-25 14:12:00,146.3,146.3,146.3,146.3,75,19725,148.79,142.6,149.65
8946,2021-02-25 14:13:00,146.3,146.3,146.3,146.3,75,19725,148.79,142.6,149.65
8947,2021-02-25 14:14:00,146.3,146.3,146.3,146.3,75,19725,148.79,142.6,149.65
8948,2021-02-25 14:15:00,146.3,146.3,146.3,146.3,75,19725,148.79,142.6,149.65
8949,2021-02-25 14:16:00,146.3,146.3,146.3,146.3,75,19725,148.79,142.6,149.65
8950,2021-02-25 14:17:00,146.3,146.3,146.3,146.3,75,19725,148.79,142.6,149.65
8951,2021-02-25 14:18:00,146.3,146.3,146.3,146.3,75,19725,148.79,142.6,149.65
8952,2021-02-25 14:19:00,146.3,146.3,146.3,146.3,75,19725,148.79,142.6,149.65
8953,2021-02-25 14:20:00,146.3,146.3,146.3,146.3,75,19725,148.79,142.6,149.65
8954,2021-02-25 14:21:00,146.3,146.3,146.3,146.3,75,19725,148.79,142.6,149.65
8955,2021-02-25 14:22:00,146.3,146.3,146.3,146.3,75,19725,148.79,142.6,149.65
8956,2021-02-25 14:23:00,146.3,146.3,146.3,146.3,75,19725,148.79,142.6,149.65
8957,2021-02-25 14:24:00,146.3,146.3,146.3,146.3,75,19725,148.79,142.6,149.65
8958,2021-02-25 14:25:00,142.6,142.6,142.6,142.6,75,19650,148.78,133.05,146.45
8959,2021-02-25 14:26:00,142.6,142.6,142.6,142.6,75,19650,148.78,133.05,146.45
8960,2021-02-25 14:27:00,142.6,142.6,142.6,142.6,75,19650,148.78,133.05,146.45
8961,2021-02-25 14:28:00,142.6,142.6,142.6,142.6,75,19650,148.78,133.05,146.45
8962,2021-02-25 14:29:00,142.6,142.6,142.6,142.6,75,19650,148.78,133.05,146.45
8963,2021-02-25 14:30:00,142.6,142.6,142.6,142.6,75,19650,148.78,133.05,146.45
8964,2021-02-25 14:31:00,142.6,142.6,142.6,142.6,75,19650,148.78,133.05,146.45
8965,2021-02-25 14:32:00,142.6,142.6,142.6,142.6,75,19650,148.78,133.05,146.45
8966,2021-02-25 14:33:00,142.6,142.6,142.6,142.6,75,19650,148.78,133.05,146.45
8967,2021-02-25 14:34:00,142.6,142.6,142.6,142.6,75,19650,148.78,133.05,146.45
8968,2021-02-25 14:35:00,142.6,142.6,142.6,142.6,75,19650,148.78,133.05,146.45
8969,2021-02-25 14:36:00,142.6,142.6,142.6,142.6,75,19650,148.78,133.05,146.45
8970,2021-02-25 14:37:00,142.6,142.6,142.6,142.6,75,19650,148.78,133.05,146.45
8971,2021-02-25 14:38:00,142.6,142.6,142.6,142.6,75,19650,148.78,133.05,146.45
8972,2021-02-25 14:39:00,142.6,142.6,142.6,142.6,75,19650,148.78,133.05,146.45
8973,2021-02-25 14:40:00,142.6,142.6,142.6,142.6,75,19650,148.78,133.05,146.45
8974,2021-02-25 14:41:00,142.6,142.6,142.6,142.6,75,19650,148.78,133.05,146.45
8975,2021-02-25 14:42:00,142.6,142.6,142.6,142.6,75,19650,148.78,133.05,146.45
8976,2021-02-25 14:43:00,142.6,142.6,142.6,142.6,75,19650,148.78,133.05,146.45
8977,2021-02-25 14:44:00,142.6,142.6,142.6,142.6,75,19650,148.78,133.05,146.45
8978,2021-02-25 14:45:00,142.6,142.6,142.6,142.6,75,19650,148.78,133.05,146.45
8979,2021-02-25 14:46:00,142.6,142.6,142.6,142.6,75,19650,148.78,133.05,146.45
8980,2021-02-25 14:47:00,142.6,142.6,142.6,142.6,75,19650,148.78,133.05,146.45
8981,2021-02-25 14:48:00,142.6,142.6,142.6,142.6,75,19650,148.78,133.05,146.45
8982,2021-02-25 14:49:00,142.6,142.6,142.6,142.6,75,19650,148.78,133.05,146.45
8983,2021-02-25 14:50:00,142.6,142.6,142.6,142.6,75,19650,148.78,133.05,146.45
8984,2021-02-25 14:51:00,142.6,142.6,142.6,142.6,75,19650,148.78,133.05,146.45
8985,2021-02-25 14:52:00,142.6,142.6,142.6,142.6,75,19650,148.78,133.05,146.45
8986,2021-02-25 14:53:00,142.6,142.6,142.6,142.6,75,19650,148.78,133.05,146.45
8987,2021-02-25 14:54:00,142.1,142.1,142.1,142.1,225,19650,148.75,135.35,153.25
8988,2021-02-25 14:55:00,142.1,142.1,142.1,142.1,225,19650,148.75,135.35,153.25
8989,2021-02-25 14:56:00,142.1,142.1,142.1,142.1,225,19650,148.75,135.35,153.25
8990,2021-02-25 14:57:00,142.1,142.1,142.1,142.1,225,19650,148.75,135.35,153.25
8991,2021-02-25 14:58:00,142.1,142.1,142.1,142.1,225,19650,148.75,135.35,153.25
8992,2021-02-25 14:59:00,142.1,142.1,142.1,142.1,225,19650,148.75,135.35,153.25
8993,2021-02-25 15:00:00,142.1,142.1,142.1,142.1,225,19650,148.75,135.35,153.25
8994,2021-02-25 15:01:00,142.1,142.1,142.1,142.1,225,19650,148.75,135.35,153.25
8995,2021-02-25 15:02:00,151.15,151.15,151.15,151.15,75,19650,148.75,144.85,153.2
8996,2021-02-25 15:03:00,151.15,151.15,151.15,151.15,75,19650,148.75,144.85,153.2
8997,2021-02-25 15:04:00,151.15,151.15,151.15,151.15,75,19650,148.75,144.85,153.2
8998,2021-02-25 15:05:00,151.15,151.15,151.15,151.15,75,19650,148.75,144.85,153.2
8999,2021-02-25 15:06:00,151.15,151.15,151.15,151.15,75,19650,148.75,144.85,153.2
9000,2021-02-25 15:07:00,151.15,151.15,151.15,151.15,75,19650,148.75,144.85,153.2
9001,2021-02-25 15:08:00,151.15,151.15,151.15,151.15,75,19650,148.75,144.85,153.2
9002,2021-02-25 15:09:00,151.15,151.15,151.15,151.15,75,19650,148.75,144.85,153.2
9003,2021-02-25 15:10:00,144.85,144.85,144.85,144.85,75,19650,148.75,143.25,148.0
9004,2021-02-25 15:11:00,144.85,144.85,144.85,144.85,75,19650,148.75,143.25,148.0
9005,2021-02-25 15:12:00,144.85,144.85,144.85,144.85,75,19650,148.75,143.25,148.0
9006,2021-02-25 15:13:00,144.85,144.85,144.85,144.85,75,19650,148.75,143.25,148.0
9007,2021-02-25 15:14:00,144.85,144.85,144.85,144.85,75,19650,148.75,143.25,148.0
9008,2021-02-25 15:15:00,148.0,148.0,148.0,148.0,75,19650,148.75,143.25,147.95
9009,2021-02-25 15:16:00,148.0,148.0,148.0,148.0,75,19650,148.75,143.25,147.95
9010,2021-02-25 15:17:00,148.0,148.0,148.0,148.0,75,19650,148.75,143.25,147.95
9011,2021-02-25 15:18:00,148.0,148.0,148.0,148.0,75,19650,148.75,143.25,147.95
9012,2021-02-25 15:19:00,148.0,148.0,148.0,148.0,75,19650,148.75,143.25,147.95
9013,2021-02-25 15:20:00,147.95,147.95,147.95,147.95,75,19650,148.75,143.25,147.95
9014,2021-02-25 15:21:00,147.95,147.95,147.95,147.95,75,19650,148.75,143.25,147.95
9015,2021-02-25 15:22:00,143.25,143.25,143.25,143.25,75,19650,148.74,143.25,147.65
9016,2021-02-25 15:23:00,143.25,143.25,143.25,143.25,75,19650,148.74,143.25,147.65
9017,2021-02-25 15:24:00,143.25,143.25,143.25,143.25,75,19650,148.74,143.25,147.65
9018,2021-02-25 15:25:00,143.25,143.25,143.25,143.25,75,19650,148.73,144.05,149.95
9019,2021-02-25 15:26:00,143.25,143.25,143.25,143.25,75,19650,148.73,144.05,149.95
9020,2021-02-25 15:27:00,143.25,143.25,143.25,143.25,75,19650,148.73,144.05,149.95
9021,2021-02-25 15:28:00,149.05,149.05,149.05,149.05,75,19650,148.73,144.55,146.95
9022,2021-02-25 15:29:00,149.05,149.05,149.05,149.05,75,19650,148.73,144.55,146.95
9023,2021-02-25 15:30:00,145.0,145.0,145.0,145.0,75,19650,148.72,143.25,165.4
9024,2021-02-26 09:15:00,242.0,242.05,242.0,242.05,300,19800,242.03,265.35,289.8
9025,2021-02-26 09:16:00,242.0,242.05,242.0,242.05,300,19800,242.03,265.35,289.8
9026,2021-02-26 09:17:00,258.0,258.0,253.35,253.35,375,20100,249.2,248.55,269.05
9027,2021-02-26 09:18:00,251.65,251.65,251.65,251.65,150,20100,249.52,247.2,259.15
9028,2021-02-26 09:19:00,259.5,259.5,259.5,259.5,225,20100,251.66,250.45,263.85
9029,2021-02-26 09:20:00,266.5,266.9,259.55,259.55,450,20250,255.63,259.0,262.5
9030,2021-02-26 09:21:00,266.5,266.9,259.55,259.55,450,20250,255.63,259.0,262.5
9031,2021-02-26 09:22:00,248.0,252.95,248.0,252.95,225,20250,254.89,250.5,254.0
9032,2021-02-26 09:23:00,251.45,251.45,248.95,248.95,150,20475,254.52,243.25,246.95
9033,2021-02-26 09:24:00,246.95,251.95,246.95,251.95,375,20475,253.64,250.05,252.0
9034,2021-02-26 09:25:00,252.0,252.0,241.7,241.7,150,20475,253.21,242.45,247.75
9035,2021-02-26 09:26:00,252.0,252.0,241.7,241.7,150,20475,253.21,242.45,247.75
9036,2021-02-26 09:27:00,252.0,252.0,241.7,241.7,150,20475,253.21,242.45,247.75
9037,2021-02-26 09:28:00,252.0,252.0,241.7,241.7,150,20475,253.21,242.45,247.75
9038,2021-02-26 09:29:00,252.0,252.0,241.7,241.7,150,20475,253.21,242.45,247.75
9039,2021-02-26 09:30:00,238.0,243.45,238.0,243.45,150,20325,252.48,237.55,241.5
9040,2021-02-26 09:31:00,238.0,238.0,238.0,238.0,75,20325,252.06,234.55,238.45
9041,2021-02-26 09:32:00,233.55,233.55,233.55,233.55,75,20325,251.55,229.05,231.95
9042,2021-02-26 09:33:00,233.55,233.55,233.55,233.55,75,20325,251.55,229.05,231.95
9043,2021-02-26 09:34:00,231.55,231.55,231.55,231.55,75,20550,251.01,229.55,231.55
9044,2021-02-26 09:35:00,231.55,239.95,231.55,238.05,375,20625,249.45,237.0,239.45
9045,2021-02-26 09:36:00,237.0,242.0,237.0,240.45,300,20625,248.6,236.05,239.95
9046,2021-02-26 09:37:00,236.55,236.55,236.55,236.55,75,0,248.34,238.55,241.95
9047,2021-02-26 09:38:00,240.0,240.0,239.05,239.05,225,20625,247.83,237.05,240.45
9048,2021-02-26 09:39:00,240.0,240.0,238.0,238.0,450,20625,246.92,237.05,240.25
9049,2021-02-26 09:40:00,240.0,240.0,238.0,238.0,450,20625,246.92,237.05,240.25
9050,2021-02-26 09:41:00,246.0,246.0,241.55,241.55,225,20625,246.79,236.85,238.65
9051,2021-02-26 09:42:00,246.0,246.0,241.55,241.55,225,20625,246.79,236.85,238.65
9052,2021-02-26 09:43:00,239.85,241.2,239.6,241.2,225,20625,246.47,241.85,243.55
9053,2021-02-26 09:44:00,242.6,242.6,242.6,242.6,75,20625,246.41,241.85,242.65
9054,2021-02-26 09:45:00,246.95,248.8,245.55,245.55,1425,20625,246.7,245.2,246.25
9055,2021-02-26 09:46:00,246.4,246.4,243.1,243.1,225,20625,246.61,242.1,243.6
9056,2021-02-26 09:47:00,242.4,242.4,242.4,242.4,75,20700,246.56,241.75,242.95
9057,2021-02-26 09:48:00,241.3,242.65,241.3,241.6,375,20700,246.31,234.25,235.5
9058,2021-02-26 09:49:00,235.4,235.8,234.45,235.8,1050,20700,244.71,233.35,234.65
9059,2021-02-26 09:50:00,236.35,236.35,236.35,236.35,75,20700,244.63,234.45,235.45
9060,2021-02-26 09:51:00,233.55,236.55,233.55,236.55,150,20700,244.46,235.95,237.35
9061,2021-02-26 09:52:00,239.3,240.45,239.05,240.4,1200,20700,243.9,239.75,240.9
9062,2021-02-26 09:53:00,240.8,241.45,240.8,241.45,150,20700,243.85,238.7,240.05
9063,2021-02-26 09:54:00,243.0,243.0,243.0,243.0,75,20550,243.85,244.45,245.85
9064,2021-02-26 09:55:00,243.0,243.0,243.0,243.0,75,20550,243.85,244.45,245.85
9065,2021-02-26 09:56:00,248.25,248.25,248.25,248.25,75,20550,243.88,246.8,248.1
9066,2021-02-26 09:57:00,248.25,248.25,248.25,248.25,75,20550,243.88,246.8,248.1
9067,2021-02-26 09:58:00,243.6,243.6,243.6,243.6,75,20550,243.88,242.7,243.6
9068,2021-02-26 09:59:00,243.6,243.6,243.6,243.6,75,20550,243.88,242.7,243.6
9069,2021-02-26 10:00:00,245.4,248.6,245.4,246.05,525,20700,244.03,244.5,245.95
9070,2021-02-26 10:01:00,242.75,242.75,242.75,242.75,75,20700,244.02,241.4,242.45
9071,2021-02-26 10:02:00,242.75,242.75,242.75,242.75,75,20700,244.02,241.4,242.45
9072,2021-02-26 10:03:00,242.15,242.15,241.25,241.25,150,20925,243.98,241.8,243.15
9073,2021-02-26 10:04:00,242.15,242.15,241.25,241.25,150,20925,243.98,241.8,243.15
9074,2021-02-26 10:05:00,242.15,242.15,241.25,241.25,150,20925,243.98,241.8,243.15
9075,2021-02-26 10:06:00,238.95,238.95,238.95,238.95,75,21000,243.95,239.25,240.4
9076,2021-02-26 10:07:00,243.15,243.15,243.15,243.15,75,21000,243.94,243.05,244.45
9077,2021-02-26 10:08:00,243.15,243.15,243.15,243.15,75,21000,243.94,243.05,244.45
9078,2021-02-26 10:09:00,244.95,244.95,244.95,244.95,75,21075,243.95,242.75,243.85
9079,2021-02-26 10:10:00,242.9,242.9,242.9,242.9,75,21075,243.94,242.5,243.65
9080,2021-02-26 10:11:00,242.9,242.9,242.9,242.9,75,21075,243.94,242.5,243.65
9081,2021-02-26 10:12:00,241.95,241.95,241.95,241.95,300,22350,243.89,239.6,240.45
9082,2021-02-26 10:13:00,242.1,242.1,242.1,242.1,375,22350,243.84,240.55,241.75
9083,2021-02-26 10:14:00,239.45,239.45,239.45,239.45,75,22350,243.82,238.8,240.05
9084,2021-02-26 10:15:00,242.8,242.8,242.8,242.8,150,22425,243.8,244.15,245.25
9085,2021-02-26 10:16:00,246.3,246.3,246.3,246.3,75,22425,243.82,246.6,247.7
9086,2021-02-26 10:17:00,249.05,252.25,249.05,250.5,450,22575,244.08,249.15,250.25
9087,2021-02-26 10:18:00,253.1,253.1,250.7,251.25,2325,22575,245.25,250.4,251.85
9088,2021-02-26 10:19:00,251.0,253.8,251.0,252.7,1050,22575,245.66,252.3,253.45
9089,2021-02-26 10:20:00,255.85,260.0,255.85,258.4,1125,23400,246.45,256.35,257.45
9090,2021-02-26 10:21:00,258.0,261.35,258.0,258.55,2475,23400,248.02,259.05,260.3
9091,2021-02-26 10:22:00,258.45,259.2,257.75,257.75,1200,23400,248.64,254.65,255.95
9092,2021-02-26 10:23:00,255.9,260.3,255.9,260.3,2475,23550,249.75,260.4,261.7
9093,2021-02-26 10:24:00,261.0,261.5,258.7,261.0,1725,23550,250.5,261.15,262.4
9094,2021-02-26 10:25:00,264.35,280.7,263.9,275.95,2775,23550,252.68,277.5,278.7
9095,2021-02-26 10:26:00,277.6,282.5,274.55,280.5,2025,23550,254.48,280.5,282.5
9096,2021-02-26 10:27:00,285.2,288.15,280.6,280.6,975,23550,255.49,279.8,281.1
9097,2021-02-26 10:28:00,285.2,288.15,280.6,280.6,975,23550,255.49,279.8,281.1
9098,2021-02-26 10:29:00,285.2,288.15,280.6,280.6,975,23550,255.49,279.8,281.1
9099,2021-02-26 10:30:00,279.0,280.6,279.0,280.6,150,23625,255.61,281.95,283.1
9100,2021-02-26 10:31:00,284.0,284.0,281.35,283.25,375,23625,255.93,281.55,282.75
9101,2021-02-26 10:32:00,284.0,284.0,281.35,283.25,375,23625,255.93,281.55,282.75
9102,2021-02-26 10:33:00,280.4,280.4,277.3,277.3,300,23025,256.16,275.4,276.75
9103,2021-02-26 10:34:00,280.4,280.4,277.3,277.3,300,23025,256.16,275.4,276.75
9104,2021-02-26 10:35:00,286.3,286.3,279.65,279.65,450,23025,256.55,275.55,276.9
9105,2021-02-26 10:36:00,286.3,286.3,279.65,279.65,450,23025,256.55,275.55,276.9
9106,2021-02-26 10:37:00,277.7,277.7,277.7,277.7,75,22950,256.6,276.95,278.25
9107,2021-02-26 10:38:00,277.7,277.7,277.7,277.7,75,22950,256.6,276.95,278.25
9108,2021-02-26 10:39:00,275.85,275.85,275.85,275.85,75,22950,256.64,276.8,277.95
9109,2021-02-26 10:40:00,275.85,275.85,275.85,275.85,75,22950,256.64,276.8,277.95
9110,2021-02-26 10:41:00,275.85,275.85,275.85,275.85,75,22950,256.64,276.8,277.95
9111,2021-02-26 10:42:00,275.85,275.85,275.85,275.85,75,22950,256.64,276.8,277.95
9112,2021-02-26 10:43:00,275.85,275.85,275.85,275.85,75,22950,256.64,276.8,277.95
9113,2021-02-26 10:44:00,275.85,275.85,275.85,275.85,75,22950,256.64,276.8,277.95
9114,2021-02-26 10:45:00,278.3,278.3,278.3,278.3,75,22875,256.69,276.35,277.5
9115,2021-02-26 10:46:00,284.85,284.85,284.65,284.65,375,22875,257.02,283.1,284.3
9116,2021-02-26 10:47:00,284.85,284.85,284.65,284.65,375,22875,257.02,283.1,284.3
9117,2021-02-26 10:48:00,284.85,284.85,284.65,284.65,375,22875,257.02,283.1,284.3
9118,2021-02-26 10:49:00,280.5,280.5,279.15,279.15,150,22875,257.12,279.0,280.35
9119,2021-02-26 10:50:00,279.85,279.85,279.85,279.85,75,22875,257.18,276.9,278.15
9120,2021-02-26 10:51:00,279.85,279.85,279.85,279.85,75,22875,257.18,276.9,278.15
9121,2021-02-26 10:52:00,279.85,279.85,279.85,279.85,75,22875,257.18,276.9,278.15
9122,2021-02-26 10:53:00,279.5,279.5,279.5,279.5,75,22950,257.23,278.2,279.4
9123,2021-02-26 10:54:00,279.5,279.5,279.5,279.5,75,22950,257.23,278.2,279.4
9124,2021-02-26 10:55:00,279.5,279.5,279.5,279.5,75,22950,257.23,278.2,279.4
9125,2021-02-26 10:56:00,275.85,275.85,275.85,275.85,75,22950,257.27,279.85,280.95
9126,2021-02-26 10:57:00,275.85,275.85,275.85,275.85,75,22950,257.27,279.85,280.95
9127,2021-02-26 10:58:00,275.85,275.85,275.85,275.85,75,22950,257.27,279.85,280.95
9128,2021-02-26 10:59:00,275.85,275.85,275.85,275.85,75,22950,257.27,279.85,280.95
9129,2021-02-26 11:00:00,298.85,300.0,298.85,300.0,150,22950,257.47,298.0,299.5
9130,2021-02-26 11:01:00,308.85,308.85,305.2,305.2,300,22950,257.91,306.55,308.1
9131,2021-02-26 11:02:00,311.5,312.15,311.5,312.15,150,22875,258.15,310.95,312.35
9132,2021-02-26 11:03:00,310.95,310.95,310.95,310.95,75,22875,258.27,315.75,317.15
9133,2021-02-26 11:04:00,320.25,320.25,318.75,318.75,150,22875,258.55,314.6,316.2
9134,2021-02-26 11:05:00,320.25,320.25,318.75,318.75,150,22875,258.55,314.6,316.2
9135,2021-02-26 11:06:00,320.25,320.25,318.75,318.75,150,22875,258.55,314.6,316.2
9136,2021-02-26 11:07:00,320.25,320.25,318.75,318.75,150,22875,258.55,314.6,316.2
9137,2021-02-26 11:08:00,320.25,320.25,318.75,318.75,150,22875,258.55,314.6,316.2
9138,2021-02-26 11:09:00,318.75,320.9,318.75,320.9,300,22800,259.1,329.0,330.4
9139,2021-02-26 11:10:00,330.0,334.15,330.0,334.15,450,22800,260.07,329.1,330.75
9140,2021-02-26 11:11:00,330.0,334.15,330.0,334.15,450,22800,260.07,329.1,330.75
9141,2021-02-26 11:12:00,327.0,329.05,327.0,329.05,525,22875,261.09,324.0,327.0
9142,2021-02-26 11:13:00,324.5,324.5,316.0,316.0,375,22875,261.7,316.55,318.25
9143,2021-02-26 11:14:00,313.7,313.7,310.95,313.6,225,22800,262.03,313.8,315.95
9144,2021-02-26 11:15:00,321.55,326.0,321.55,326.0,150,22800,262.29,327.05,328.65
9145,2021-02-26 11:16:00,321.55,326.0,321.55,326.0,150,22800,262.29,327.05,328.65
9146,2021-02-26 11:17:00,321.55,326.0,321.55,326.0,150,22800,262.29,327.05,328.65
9147,2021-02-26 11:18:00,331.55,331.55,331.55,331.55,75,22725,262.43,330.1,331.45
9148,2021-02-26 11:19:00,334.5,344.5,334.5,344.35,600,22725,263.72,340.45,342.4
9149,2021-02-26 11:20:00,351.35,351.35,351.35,351.35,75,23025,263.9,351.0,353.15
9150,2021-02-26 11:21:00,355.3,355.3,353.2,353.2,300,23025,264.65,354.0,355.35
9151,2021-02-26 11:22:00,353.2,353.2,353.2,353.2,75,23025,264.83,351.45,353.4
9152,2021-02-26 11:23:00,351.35,351.35,350.4,350.4,150,22800,265.18,348.7,350.45
9153,2021-02-26 11:24:00,349.7,352.35,349.7,352.35,300,22800,265.88,354.8,356.15
9154,2021-02-26 11:25:00,360.0,360.0,360.0,360.0,75,22800,266.07,356.65,358.15
9155,2021-02-26 11:26:00,361.0,361.0,361.0,361.0,75,22800,266.26,360.55,361.95
9156,2021-02-26 11:27:00,360.95,360.95,360.95,360.95,75,22650,266.45,360.15,361.8
9157,2021-02-26 11:28:00,356.05,357.05,356.05,357.05,150,22650,266.81,353.05,355.15
9158,2021-02-26 11:29:00,356.05,357.05,356.05,357.05,150,22650,266.81,353.05,355.15
9159,2021-02-26 11:30:00,361.4,375.0,361.4,371.4,1500,22650,270.57,370.7,372.2
9160,2021-02-26 11:31:00,365.6,365.6,365.6,365.6,75,22650,270.75,366.7,368.3
9161,2021-02-26 11:32:00,365.6,365.6,365.6,365.6,75,22650,270.75,366.7,368.3
9162,2021-02-26 11:33:00,365.6,365.6,365.6,365.6,75,22650,270.75,366.7,368.3
9163,2021-02-26 11:34:00,377.3,377.3,377.3,377.3,75,23475,270.96,369.95,371.7
9164,2021-02-26 11:35:00,384.05,385.5,381.2,381.85,375,23625,272.03,380.75,382.75
9165,2021-02-26 11:36:00,378.8,378.8,374.45,374.45,600,23625,273.59,372.9,374.75
9166,2021-02-26 11:37:00,371.45,371.45,367.6,367.6,225,23625,274.12,365.45,367.2
9167,2021-02-26 11:38:00,371.45,371.45,367.6,367.6,225,23625,274.12,365.45,367.2
9168,2021-02-26 11:39:00,356.0,356.0,356.0,356.0,225,23550,274.58,361.65,363.65
9169,2021-02-26 11:40:00,360.25,360.25,358.6,358.6,225,23550,275.05,362.25,363.85
9170,2021-02-26 11:41:00,364.1,367.55,364.1,365.2,300,23550,275.72,360.55,362.65
9171,2021-02-26 11:42:00,362.8,366.5,362.8,366.5,225,23475,276.2,369.05,371.9
9172,2021-02-26 11:43:00,372.2,372.2,372.2,372.2,75,23475,276.37,369.1,370.7
9173,2021-02-26 11:44:00,372.2,372.2,372.2,372.2,75,23475,276.37,369.1,370.7
9174,2021-02-26 11:45:00,366.6,366.6,366.6,366.6,75,23475,276.54,366.95,368.55
9175,2021-02-26 11:46:00,370.15,370.15,370.15,370.15,75,23475,276.71,367.85,369.25
9176,2021-02-26 11:47:00,370.15,370.15,370.15,370.15,75,23475,276.71,367.85,369.25
9177,2021-02-26 11:48:00,370.15,370.15,370.15,370.15,75,23475,276.71,367.85,369.25
9178,2021-02-26 11:49:00,366.0,366.0,366.0,366.0,150,23475,277.03,370.5,371.75
9179,2021-02-26 11:50:00,372.6,372.6,372.6,372.6,75,23475,277.2,373.95,375.55
9180,2021-02-26 11:51:00,372.6,372.6,372.6,372.6,75,23475,277.2,373.95,375.55
9181,2021-02-26 11:52:00,372.6,372.6,372.6,372.6,75,23475,277.2,373.95,375.55
9182,2021-02-26 11:53:00,361.25,361.25,350.75,356.8,675,14250,278.45,356.85,359.95
9183,2021-02-26 11:54:00,356.85,356.85,352.3,352.4,300,14250,278.98,351.15,352.7
9184,2021-02-26 11:55:00,349.45,351.55,349.45,351.55,300,14250,279.49,348.6,351.2
9185,2021-02-26 11:56:00,349.55,349.55,348.95,348.95,150,14250,279.73,354.45,355.85
9186,2021-02-26 11:57:00,355.5,355.5,355.5,355.5,75,14175,279.86,357.65,359.25
9187,2021-02-26 11:58:00,360.1,360.1,360.1,360.1,150,0,280.14,363.6,365.5
9188,2021-02-26 11:59:00,360.1,360.1,360.1,360.1,150,0,280.14,363.6,365.5
9189,2021-02-26 12:00:00,360.1,360.1,360.1,360.1,150,0,280.14,363.6,365.5
9190,2021-02-26 12:01:00,366.9,366.9,365.9,365.9,150,14175,280.43,366.2,367.85
9191,2021-02-26 12:02:00,378.25,378.25,378.25,378.25,75,14175,280.6,376.05,377.95
9192,2021-02-26 12:03:00,378.25,378.25,378.25,378.25,75,14175,280.6,376.05,377.95
9193,2021-02-26 12:04:00,381.05,395.0,381.05,395.0,1650,14100,284.47,394.2,396.4
9194,2021-02-26 12:05:00,395.0,395.0,391.1,391.1,300,14100,285.18,391.3,393.65
9195,2021-02-26 12:06:00,394.9,394.9,394.9,394.9,750,13800,286.96,399.0,401.1
9196,2021-02-26 12:07:00,398.1,398.1,391.45,391.45,900,13800,289.02,390.75,392.3
9197,2021-02-26 12:08:00,392.1,398.1,390.55,398.1,750,13800,290.68,395.65,397.3
9198,2021-02-26 12:09:00,393.55,398.5,393.55,398.5,300,13800,291.34,395.25,397.15
9199,2021-02-26 12:10:00,397.6,397.6,397.6,397.6,75,13800,291.5,392.6,394.65
9200,2021-02-26 12:11:00,394.25,394.25,390.2,390.2,300,13800,292.13,386.95,388.6
9201,2021-02-26 12:12:00,389.55,389.55,389.55,389.55,225,13800,292.58,390.2,391.8
9202,2021-02-26 12:13:00,397.45,397.45,397.45,397.45,75,13800,292.74,395.65,397.1
9203,2021-02-26 12:14:00,397.45,397.45,397.45,397.45,225,13800,293.22,403.1,405.0
9204,2021-02-26 12:15:00,403.95,416.3,403.95,415.45,1650,13800,297.05,414.1,417.8
9205,2021-02-26 12:16:00,415.45,419.6,415.45,419.6,225,13800,297.59,413.75,415.5
9206,2021-02-26 12:17:00,413.6,413.6,411.35,411.35,525,13800,298.77,414.8,416.8
9207,2021-02-26 12:18:00,405.2,405.2,405.2,405.2,75,13800,298.92,406.0,407.35
9208,2021-02-26 12:19:00,398.55,398.55,393.0,393.0,300,13800,299.49,396.75,398.3
9209,2021-02-26 12:20:00,394.25,394.25,393.7,393.7,225,13800,299.9,393.4,395.3
9210,2021-02-26 12:21:00,393.1,399.85,393.1,399.85,150,13800,300.17,400.3,401.95
9211,2021-02-26 12:22:00,408.3,408.3,408.3,408.3,225,13800,300.64,407.9,409.45
9212,2021-02-26 12:23:00,408.2,408.2,407.6,407.6,225,13800,301.1,410.5,412.15
9213,2021-02-26 12:24:00,408.2,408.2,407.6,407.6,225,13800,301.1,410.5,412.15
9214,2021-02-26 12:25:00,406.3,406.3,406.3,406.3,150,13800,301.4,404.85,406.75
9215,2021-02-26 12:26:00,404.5,406.0,404.5,406.0,300,13800,301.98,404.25,406.05
9216,2021-02-26 12:27:00,404.5,406.0,404.5,406.0,300,13800,301.98,404.25,406.05
9217,2021-02-26 12:28:00,399.7,399.7,396.45,396.45,225,13725,302.38,396.05,397.5
9218,2021-02-26 12:29:00,398.2,398.2,398.2,398.2,75,13725,302.52,401.55,403.3
9219,2021-02-26 12:30:00,398.2,398.2,398.2,398.2,75,13725,302.52,401.55,403.3
9220,2021-02-26 12:31:00,398.2,398.2,398.2,398.2,75,13725,302.52,401.55,403.3
9221,2021-02-26 12:32:00,398.2,398.2,398.2,398.2,75,13725,302.52,401.55,403.3
9222,2021-02-26 12:33:00,413.95,414.4,413.95,414.4,150,13725,302.83,412.5,414.5
9223,2021-02-26 12:34:00,415.0,415.0,415.0,415.0,75,13725,302.99,416.4,418.0
9224,2021-02-26 12:35:00,421.4,423.35,421.4,421.55,450,13725,303.98,420.35,421.45
9225,2021-02-26 12:36:00,424.15,430.4,424.15,426.55,525,13875,305.17,427.75,429.5
9226,2021-02-26 12:37:00,429.8,429.8,421.3,424.95,525,13875,306.31,423.3,425.4
9227,2021-02-26 12:38:00,427.4,435.25,427.4,432.6,1950,13875,310.52,427.25,429.1
9228,2021-02-26 12:39:00,427.4,435.25,427.4,432.6,1950,13875,310.52,427.25,429.1
9229,2021-02-26 12:40:00,430.0,430.0,426.8,426.8,675,13875,311.88,425.4,427.25
9230,2021-02-26 12:41:00,438.55,442.0,438.55,441.0,600,13875,313.21,439.3,441.25
9231,2021-02-26 12:42:00,442.55,443.15,439.05,439.05,600,13875,314.51,435.35,437.05
9232,2021-02-26 12:43:00,436.5,436.75,434.85,434.85,375,13875,315.28,434.85,436.35
9233,2021-02-26 12:44:00,439.3,439.3,436.05,436.05,450,13875,316.19,432.85,434.7
9234,2021-02-26 12:45:00,434.15,436.55,434.15,436.55,450,13950,317.08,434.3,435.9
9235,2021-02-26 12:46:00,431.15,431.6,424.65,424.65,1275,13950,319.41,420.85,423.95
9236,2021-02-26 12:47:00,421.4,424.95,421.4,424.95,450,13950,320.16,423.35,425.25
9237,2021-02-26 12:48:00,426.25,426.7,426.25,426.55,600,13950,321.18,422.45,424.55
9238,2021-02-26 12:49:00,424.05,424.05,419.0,419.0,150,13950,321.42,416.35,417.95
9239,2021-02-26 12:50:00,415.7,417.8,408.1,417.8,450,13950,322.06,411.65,413.6
9240,2021-02-26 12:51:00,415.7,417.8,408.1,417.8,450,13950,322.06,411.65,413.6
9241,2021-02-26 12:52:00,418.15,418.15,418.15,418.15,75,14025,322.18,418.4,421.8
9242,2021-02-26 12:53:00,418.0,418.0,415.75,415.75,150,14025,322.4,414.15,415.8
9243,2021-02-26 12:54:00,411.7,411.7,411.7,411.7,75,14025,322.51,411.3,412.6
9244,2021-02-26 12:55:00,406.6,406.6,398.3,398.3,300,14025,322.87,396.5,398.25
9245,2021-02-26 12:56:00,392.45,396.95,392.45,396.95,225,14025,323.13,390.5,392.0
9246,2021-02-26 12:57:00,392.55,399.2,392.0,399.2,525,14025,323.69,397.7,399.0
9247,2021-02-26 12:58:00,386.0,386.0,386.0,386.0,375,14025,324.05,384.95,386.95
9248,2021-02-26 12:59:00,387.45,387.45,381.0,381.0,525,14025,324.54,377.3,379.3
9249,2021-02-26 13:00:00,379.35,390.0,379.35,390.0,300,13950,324.82,385.35,387.25
9250,2021-02-26 13:01:00,386.9,396.05,386.9,396.05,750,13950,325.56,395.15,396.9
9251,2021-02-26 13:02:00,392.2,392.2,390.55,390.55,150,13950,325.71,392.45,394.45
9252,2021-02-26 13:03:00,395.8,395.8,395.8,395.8,75,13950,325.79,395.0,396.5
9253,2021-02-26 13:04:00,399.0,399.0,394.8,394.8,225,13950,326.02,393.2,394.95
9254,2021-02-26 13:05:00,390.8,404.55,388.7,404.55,675,13950,326.74,401.6,403.4
9255,2021-02-26 13:06:00,402.1,402.1,402.1,402.1,75,13950,326.82,401.0,402.9
9256,2021-02-26 13:07:00,406.6,406.6,406.6,406.6,75,13875,326.91,402.45,404.3
9257,2021-02-26 13:08:00,401.45,402.0,400.25,400.25,825,13875,327.8,401.85,403.85
9258,2021-02-26 13:09:00,405.4,405.4,402.5,402.5,150,13875,327.96,400.85,402.4
9259,2021-02-26 13:10:00,402.9,403.05,402.9,403.05,825,13875,328.85,403.45,405.0
9260,2021-02-26 13:11:00,402.55,402.55,402.55,402.55,75,13875,328.93,402.4,403.85
9261,2021-02-26 13:12:00,403.85,412.9,403.85,412.9,750,13875,329.8,410.0,411.8
9262,2021-02-26 13:13:00,416.25,416.25,413.15,413.15,225,13875,330.07,412.35,414.45
9263,2021-02-26 13:14:00,413.15,413.15,413.15,413.15,75,13875,330.16,413.4,414.75
9264,2021-02-26 13:15:00,410.35,410.35,410.0,410.0,225,14025,330.42,416.9,418.55
9265,2021-02-26 13:16:00,421.3,421.3,418.0,418.0,375,14025,330.89,417.95,419.85
9266,2021-02-26 13:17:00,420.55,420.55,420.55,420.55,300,14025,331.27,420.45,421.9
9267,2021-02-26 13:18:00,421.15,421.15,415.25,415.25,150,14025,331.45,414.35,416.0
9268,2021-02-26 13:19:00,417.9,418.9,417.9,418.9,300,14025,331.81,419.1,420.35
9269,2021-02-26 13:20:00,417.2,417.2,417.2,417.2,75,14025,331.9,420.95,422.6
9270,2021-02-26 13:21:00,420.85,420.85,418.0,418.0,975,14025,333.05,414.05,415.75
9271,2021-02-26 13:22:00,415.05,415.05,398.4,399.25,750,14025,333.81,400.55,402.0
9272,2021-02-26 13:23:00,396.95,396.95,396.95,396.95,75,14025,333.87,397.95,399.7
9273,2021-02-26 13:24:00,396.25,396.25,394.65,394.65,150,14250,334.0,393.1,394.9
9274,2021-02-26 13:25:00,390.0,390.0,390.0,390.0,75,14250,334.06,390.9,392.4
9275,2021-02-26 13:26:00,392.8,392.8,392.8,392.8,75,14250,334.12,389.45,390.9
9276,2021-02-26 13:27:00,392.8,392.8,392.8,392.8,75,14250,334.12,389.45,390.9
9277,2021-02-26 13:28:00,400.85,400.85,400.85,400.85,75,14250,334.18,399.5,401.9
9278,2021-02-26 13:29:00,400.7,405.75,400.7,401.5,675,14250,334.8,400.0,401.9
9279,2021-02-26 13:30:00,396.9,396.9,396.9,396.9,75,14250,334.86,400.6,402.1
9280,2021-02-26 13:31:00,406.85,409.9,406.85,409.9,225,14250,335.08,407.95,409.75
9281,2021-02-26 13:32:00,407.6,409.5,407.6,409.5,450,14250,335.51,401.95,403.5
9282,2021-02-26 13:33:00,409.5,409.5,409.5,409.5,150,14100,335.66,407.85,409.4
9283,2021-02-26 13:34:00,409.5,409.5,409.5,409.5,150,14100,335.66,407.85,409.4
9284,2021-02-26 13:35:00,408.55,409.5,408.55,409.5,150,14100,335.8,407.45,409.1
9285,2021-02-26 13:36:00,408.55,409.5,408.55,409.5,150,14100,335.8,407.45,409.1
9286,2021-02-26 13:37:00,408.55,409.5,408.55,409.5,150,14100,335.8,407.45,409.1
9287,2021-02-26 13:38:00,390.6,390.6,390.6,390.6,75,14025,335.86,390.95,392.85
9288,2021-02-26 13:39:00,389.8,389.8,387.6,387.6,150,14025,335.96,389.65,391.1
9289,2021-02-26 13:40:00,388.8,388.8,388.8,388.8,75,14025,336.01,391.45,393.05
9290,2021-02-26 13:41:00,392.9,392.9,392.9,392.9,75,14025,336.07,397.45,399.25
9291,2021-02-26 13:42:00,394.95,394.95,394.95,394.95,150,14025,336.18,392.6,394.75
9292,2021-02-26 13:43:00,394.95,394.95,394.95,394.95,150,14025,336.18,392.6,394.75
9293,2021-02-26 13:44:00,387.4,388.0,387.4,388.0,150,14175,336.28,388.5,390.45
9294,2021-02-26 13:45:00,390.5,398.7,390.5,398.7,225,14250,336.46,397.65,399.2
9295,2021-02-26 13:46:00,397.1,398.65,397.1,398.65,150,14250,336.58,399.8,401.1
9296,2021-02-26 13:47:00,397.1,398.65,397.1,398.65,150,14250,336.58,399.8,401.1
9297,2021-02-26 13:48:00,393.3,393.3,393.3,393.3,75,14250,336.63,393.25,395.25
9298,2021-02-26 13:49:00,388.3,388.3,378.8,381.95,525,14250,336.95,384.15,386.3
9299,2021-02-26 13:50:00,388.3,388.3,378.8,381.95,525,14250,336.95,384.15,386.3
9300,2021-02-26 13:51:00,388.3,388.3,378.8,381.95,525,14250,336.95,384.15,386.3
9301,2021-02-26 13:52:00,377.7,381.25,372.8,381.25,1275,14175,337.63,379.15,382.0
9302,2021-02-26 13:53:00,379.95,379.95,379.6,379.6,150,14175,337.71,382.95,384.65
9303,2021-02-26 13:54:00,384.4,384.4,384.4,384.4,75,14175,337.75,382.9,384.85
9304,2021-02-26 13:55:00,382.6,382.6,372.0,378.35,450,14100,337.97,371.4,373.35
9305,2021-02-26 13:56:00,373.25,373.25,369.65,373.0,1275,14100,338.53,373.6,376.15
9306,2021-02-26 13:57:00,371.35,371.35,371.35,371.35,75,14100,338.56,371.6,373.3
9307,2021-02-26 13:58:00,368.0,368.0,368.0,368.0,750,14025,338.83,367.9,370.5
9308,2021-02-26 13:59:00,368.0,368.0,368.0,368.0,750,14025,338.83,367.9,370.5
9309,2021-02-26 14:00:00,365.8,372.7,365.8,372.7,525,14025,339.01,368.2,369.8
9310,2021-02-26 14:01:00,372.75,372.75,372.75,372.75,750,14025,339.32,365.75,367.35
9311,2021-02-26 14:02:00,361.15,361.15,355.25,355.25,375,14025,339.41,358.9,360.5
9312,2021-02-26 14:03:00,361.65,361.65,354.4,354.4,1200,14100,339.64,350.0,352.55
9313,2021-02-26 14:04:00,351.15,351.8,349.3,349.3,300,14100,339.68,346.45,348.1
9314,2021-02-26 14:05:00,351.15,351.8,349.3,349.3,300,14100,339.68,346.45,348.1
9315,2021-02-26 14:06:00,351.15,351.8,349.3,349.3,300,14100,339.68,346.45,348.1
9316,2021-02-26 14:07:00,346.65,346.65,346.65,346.65,75,14100,339.69,342.15,344.2
9317,2021-02-26 14:08:00,344.85,348.85,344.85,348.85,450,14100,339.73,348.85,350.7
9318,2021-02-26 14:09:00,357.0,357.0,355.05,355.05,450,14100,339.81,344.7,347.45
9319,2021-02-26 14:10:00,347.75,347.75,336.55,336.55,450,14100,339.83,345.15,347.0
9320,2021-02-26 14:11:00,347.45,347.45,347.45,347.45,300,14100,339.85,348.2,349.75
9321,2021-02-26 14:12:00,350.0,352.45,350.0,352.45,825,14100,339.97,349.5,351.1
9322,2021-02-26 14:13:00,349.55,349.55,343.7,345.75,225,14100,339.98,345.85,347.25
9323,2021-02-26 14:14:00,343.45,343.45,343.45,343.45,75,14100,339.99,339.9,341.0
9324,2021-02-26 14:15:00,336.65,338.0,336.65,338.0,525,14100,339.97,340.45,341.95
9325,2021-02-26 14:16:00,341.55,344.8,341.55,344.8,150,14625,339.98,343.8,345.3
9326,2021-02-26 14:17:00,343.35,351.65,343.35,351.4,375,14625,340.02,348.2,349.35
9327,2021-02-26 14:18:00,350.1,358.4,349.5,358.4,525,14625,340.1,350.65,353.7
9328,2021-02-26 14:19:00,353.45,354.45,353.45,354.45,375,14625,340.16,359.8,361.35
9329,2021-02-26 14:20:00,363.1,367.7,363.1,367.7,300,14625,340.24,365.7,367.35
9330,2021-02-26 14:21:00,358.9,360.8,358.9,360.8,300,14625,340.31,358.95,360.85
9331,2021-02-26 14:22:00,358.9,360.8,358.9,360.8,300,14625,340.31,358.95,360.85
9332,2021-02-26 14:23:00,358.9,360.8,358.9,360.8,300,14625,340.31,358.95,360.85
9333,2021-02-26 14:24:00,356.5,356.5,356.5,356.5,300,14625,340.36,358.8,360.15
9334,2021-02-26 14:25:00,356.5,356.5,356.5,356.5,300,14625,340.36,358.8,360.15
9335,2021-02-26 14:26:00,356.5,356.5,356.5,356.5,300,14625,340.36,358.8,360.15
9336,2021-02-26 14:27:00,348.5,348.5,344.5,344.5,150,14625,340.37,344.8,346.45
9337,2021-02-26 14:28:00,348.5,348.5,344.5,344.5,150,14625,340.37,344.8,346.45
9338,2021-02-26 14:29:00,348.5,348.5,344.5,344.5,150,14625,340.37,344.8,346.45
9339,2021-02-26 14:30:00,348.5,348.5,344.5,344.5,150,14625,340.37,344.8,346.45
9340,2021-02-26 14:31:00,350.5,350.5,347.7,347.7,150,14700,340.39,350.65,352.5
9341,2021-02-26 14:32:00,355.4,361.9,355.4,361.9,750,14700,340.54,355.05,356.8
9342,2021-02-26 14:33:00,355.55,356.5,355.55,356.5,150,14700,340.57,359.4,361.15
9343,2021-02-26 14:34:00,355.55,356.5,355.55,356.5,150,14700,340.57,359.4,361.15
9344,2021-02-26 14:35:00,360.95,360.95,360.95,360.95,75,14625,340.58,354.2,356.05
9345,2021-02-26 14:36:00,360.95,360.95,360.95,360.95,75,14625,340.58,354.2,356.05
9346,2021-02-26 14:37:00,360.95,360.95,360.95,360.95,75,14625,340.58,354.2,356.05
9347,2021-02-26 14:38:00,348.2,348.45,348.2,348.45,150,14625,340.6,347.3,348.65
9348,2021-02-26 14:39:00,348.2,348.45,348.2,348.45,150,14625,340.6,347.3,348.65
9349,2021-02-26 14:40:00,348.2,348.45,348.2,348.45,150,14625,340.6,347.3,348.65
9350,2021-02-26 14:41:00,345.95,346.25,345.95,346.25,150,14550,340.61,342.05,343.45
9351,2021-02-26 14:42:00,339.65,339.65,336.55,337.5,600,14550,340.59,338.45,340.2
9352,2021-02-26 14:43:00,339.65,339.65,336.55,337.5,600,14550,340.59,338.45,340.2
9353,2021-02-26 14:44:00,339.65,339.65,336.55,337.5,600,14550,340.59,338.45,340.2
9354,2021-02-26 14:45:00,339.65,339.65,336.55,337.5,600,14550,340.59,338.45,340.2
9355,2021-02-26 14:46:00,346.7,346.7,341.25,341.25,225,14250,340.6,339.25,340.5
9356,2021-02-26 14:47:00,346.7,346.7,341.25,341.25,225,14250,340.6,339.25,340.5
9357,2021-02-26 14:48:00,346.7,346.7,341.25,341.25,225,14250,340.6,339.25,340.5
9358,2021-02-26 14:49:00,346.7,346.7,341.25,341.25,225,14250,340.6,339.25,340.5
9359,2021-02-26 14:50:00,335.95,339.3,335.95,339.3,975,14250,340.55,336.4,338.05
9360,2021-02-26 14:51:00,338.8,338.8,338.8,338.8,75,14250,340.55,337.85,339.4
9361,2021-02-26 14:52:00,341.7,347.95,341.7,347.95,150,14250,340.56,347.55,349.0
9362,2021-02-26 14:53:00,344.65,344.65,344.65,344.65,75,14250,340.56,346.8,348.05
9363,2021-02-26 14:54:00,348.0,348.0,346.7,347.45,225,14250,340.58,344.6,346.1
9364,2021-02-26 14:55:00,348.0,348.0,346.7,347.45,225,14250,340.58,344.6,346.1
9365,2021-02-26 14:56:00,346.4,349.0,346.4,349.0,825,14250,340.64,351.25,352.75
9366,2021-02-26 14:57:00,353.2,356.2,353.2,356.15,600,14250,340.73,358.55,360.0
9367,2021-02-26 14:58:00,354.65,354.65,354.65,354.65,75,14250,340.74,355.15,356.0
9368,2021-02-26 14:59:00,354.2,356.3,354.2,356.3,600,14250,340.83,358.35,359.95
9369,2021-02-26 15:00:00,360.3,388.05,360.1,388.05,1500,14325,341.26,387.05,389.8
9370,2021-02-26 15:01:00,382.6,393.05,382.6,393.05,450,14325,341.47,396.05,399.4
9371,2021-02-26 15:02:00,400.0,410.3,400.0,404.85,750,14325,341.96,407.4,409.1
9372,2021-02-26 15:03:00,409.55,409.55,389.55,395.75,525,14325,342.26,400.0,402.3
9373,2021-02-26 15:04:00,403.1,408.0,401.8,404.05,675,14325,342.68,407.75,409.95
9374,2021-02-26 15:05:00,409.0,409.6,400.0,400.0,1125,14325,343.38,396.55,399.35
9375,2021-02-26 15:06:00,399.2,407.5,399.2,403.3,750,14400,343.83,402.25,404.45
9376,2021-02-26 15:07:00,406.0,417.8,406.0,417.8,1725,14400,344.99,416.75,418.75
9377,2021-02-26 15:08:00,417.55,417.55,405.65,409.7,2550,14400,346.54,407.1,409.05
9378,2021-02-26 15:09:00,408.25,415.4,408.25,415.4,1875,14400,347.69,415.4,417.05
9379,2021-02-26 15:10:00,417.55,423.15,415.75,423.15,3900,14400,350.12,421.95,423.4
9380,2021-02-26 15:11:00,422.95,423.35,415.0,415.0,3075,14400,352.0,415.6,417.15
9381,2021-02-26 15:12:00,418.15,418.45,410.55,410.95,2550,14250,353.29,409.9,411.35
9382,2021-02-26 15:13:00,411.95,411.95,404.9,404.9,900,14250,353.72,406.0,407.95
9383,2021-02-26 15:14:00,405.9,408.3,405.9,408.3,600,14250,353.98,407.4,409.0
9384,2021-02-26 15:15:00,407.0,407.1,405.65,405.65,1575,14250,354.66,410.7,412.85
9385,2021-02-26 15:16:00,411.35,421.85,411.35,421.85,375,14250,354.85,420.45,422.15
9386,2021-02-26 15:17:00,416.75,424.9,414.95,424.9,1125,14250,355.45,423.9,425.6
9387,2021-02-26 15:18:00,420.55,428.05,420.55,427.9,2400,14175,356.76,425.0,426.9
9388,2021-02-26 15:19:00,425.0,425.9,421.0,421.0,1275,14175,357.43,417.35,419.15
9389,2021-02-26 15:20:00,417.1,422.4,417.1,422.4,375,14175,357.61,420.05,422.05
9390,2021-02-26 15:21:00,423.8,430.0,419.2,430.0,1500,14175,358.39,430.0,432.2
9391,2021-02-26 15:22:00,434.35,434.5,434.1,434.5,300,14100,358.57,435.05,437.1
9392,2021-02-26 15:23:00,437.25,439.05,434.7,439.05,675,14100,358.98,436.75,438.75
9393,2021-02-26 15:24:00,433.95,433.95,431.5,431.5,300,14100,359.16,430.75,432.8
9394,2021-02-26 15:25:00,431.3,433.35,429.65,433.35,375,14700,359.36,431.1,434.55
9395,2021-02-26 15:26:00,431.1,432.75,431.1,432.75,900,14700,359.87,430.85,433.95
9396,2021-02-26 15:27:00,429.0,429.0,421.15,421.15,150,14700,359.94,422.1,423.6
9397,2021-02-26 15:28:00,423.55,423.55,413.05,414.15,525,14700,360.17,415.15,422.7
9398,2021-02-26 15:29:00,423.55,423.55,413.05,414.15,525,14700,360.17,415.15,422.7
9399,2021-02-26 15:30:00,408.5,425.95,405.4,425.95,600,14700,360.43,385.45,466.75
9400,2021-02-27 09:15:00,408.5,425.95,405.4,425.95,600,14700,360.43,385.45,466.75
9401,2021-02-27 09:16:00,408.5,425.95,405.4,425.95,600,14700,360.43,385.45,466.75
9402,2021-02-27 09:17:00,408.5,425.95,405.4,425.95,600,14700,360.43,385.45,466.75
9403,2021-02-27 09:18:00,408.5,425.95,405.4,425.95,600,14700,360.43,385.45,466.75
9404,2021-02-27 09:19:00,408.5,425.95,405.4,425.95,600,14700,360.43,385.45,466.75
9405,2021-02-27 09:20:00,408.5,425.95,405.4,425.95,600,14700,360.43,385.45,466.75
9406,2021-02-27 09:21:00,408.5,425.95,405.4,425.95,600,14700,360.43,385.45,466.75
9407,2021-02-27 09:22:00,408.5,425.95,405.4,425.95,600,14700,360.43,385.45,466.75
9408,2021-02-27 09:23:00,408.5,425.95,405.4,425.95,600,14700,360.43,385.45,466.75
9409,2021-02-27 09:24:00,408.5,425.95,405.4,425.95,600,14700,360.43,385.45,466.75
9410,2021-02-27 09:25:00,408.5,425.95,405.4,425.95,600,14700,360.43,385.45,466.75
9411,2021-02-27 09:26:00,408.5,425.95,405.4,425.95,600,14700,360.43,385.45,466.75
9412,2021-02-27 09:27:00,408.5,425.95,405.4,425.95,600,14700,360.43,385.45,466.75
9413,2021-02-27 09:28:00,408.5,425.95,405.4,425.95,600,14700,360.43,385.45,466.75
9414,2021-02-27 09:29:00,408.5,425.95,405.4,425.95,600,14700,360.43,385.45,466.75
9415,2021-02-27 09:30:00,408.5,425.95,405.4,425.95,600,14700,360.43,385.45,466.75
9416,2021-02-27 09:31:00,408.5,425.95,405.4,425.95,600,14700,360.43,385.45,466.75
9417,2021-02-27 09:32:00,408.5,425.95,405.4,425.95,600,14700,360.43,385.45,466.75
9418,2021-02-27 09:33:00,408.5,425.95,405.4,425.95,600,14700,360.43,385.45,466.75
9419,2021-02-27 09:34:00,408.5,425.95,405.4,425.95,600,14700,360.43,385.45,466.75
9420,2021-02-27 09:35:00,408.5,425.95,405.4,425.95,600,14700,360.43,385.45,466.75
9421,2021-02-27 09:36:00,408.5,425.95,405.4,425.95,600,14700,360.43,385.45,466.75
9422,2021-02-27 09:37:00,408.5,425.95,405.4,425.95,600,14700,360.43,385.45,466.75
9423,2021-02-27 09:38:00,408.5,425.95,405.4,425.95,600,14700,360.43,385.45,466.75
9424,2021-02-27 09:39:00,408.5,425.95,405.4,425.95,600,14700,360.43,385.45,466.75
9425,2021-02-27 09:40:00,408.5,425.95,405.4,425.95,600,14700,360.43,385.45,466.75
9426,2021-02-27 09:41:00,408.5,425.95,405.4,425.95,600,14700,360.43,385.45,466.75
9427,2021-02-27 09:42:00,408.5,425.95,405.4,425.95,600,14700,360.43,385.45,466.75
9428,2021-02-27 09:43:00,408.5,425.95,405.4,425.95,600,14700,360.43,385.45,466.75
9429,2021-02-27 09:44:00,408.5,425.95,405.4,425.95,600,14700,360.43,385.45,466.75
9430,2021-02-27 09:45:00,408.5,425.95,405.4,425.95,600,14700,360.43,385.45,466.75
9431,2021-02-27 09:46:00,408.5,425.95,405.4,425.95,600,14700,360.43,385.45,466.75
9432,2021-02-27 09:47:00,408.5,425.95,405.4,425.95,600,14700,360.43,385.45,466.75
9433,2021-02-27 09:48:00,408.5,425.95,405.4,425.95,600,14700,360.43,385.45,466.75
9434,2021-02-27 09:49:00,408.5,425.95,405.4,425.95,600,14700,360.43,385.45,466.75
9435,2021-02-27 09:50:00,408.5,425.95,405.4,425.95,600,14700,360.43,385.45,466.75
9436,2021-02-27 09:51:00,408.5,425.95,405.4,425.95,600,14700,360.43,385.45,466.75
9437,2021-02-27 09:52:00,408.5,425.95,405.4,425.95,600,14700,360.43,385.45,466.75
9438,2021-02-27 09:53:00,408.5,425.95,405.4,425.95,600,14700,360.43,385.45,466.75
9439,2021-02-27 09:54:00,408.5,425.95,405.4,425.95,600,14700,360.43,385.45,466.75
9440,2021-02-27 09:55:00,408.5,425.95,405.4,425.95,600,14700,360.43,385.45,466.75
9441,2021-02-27 09:56:00,408.5,425.95,405.4,425.95,600,14700,360.43,385.45,466.75
9442,2021-02-27 09:57:00,408.5,425.95,405.4,425.95,600,14700,360.43,385.45,466.75
9443,2021-02-27 09:58:00,408.5,425.95,405.4,425.95,600,14700,360.43,385.45,466.75
9444,2021-02-27 09:59:00,408.5,425.95,405.4,425.95,600,14700,360.43,385.45,466.75
9445,2021-02-27 10:00:00,408.5,425.95,405.4,425.95,600,14700,360.43,385.45,466.75
9446,2021-02-27 10:01:00,408.5,425.95,405.4,425.95,600,14700,360.43,385.45,466.75
9447,2021-02-27 10:02:00,408.5,425.95,405.4,425.95,600,14700,360.43,385.45,466.75
9448,2021-02-27 10:03:00,408.5,425.95,405.4,425.95,600,14700,360.43,385.45,466.75
9449,2021-02-27 10:04:00,408.5,425.95,405.4,425.95,600,14700,360.43,385.45,466.75
9450,2021-02-27 10:05:00,408.5,425.95,405.4,425.95,600,14700,360.43,385.45,466.75
9451,2021-02-27 10:06:00,408.5,425.95,405.4,425.95,600,14700,360.43,385.45,466.75
9452,2021-02-27 10:07:00,408.5,425.95,405.4,425.95,600,14700,360.43,385.45,466.75
9453,2021-02-27 10:08:00,408.5,425.95,405.4,425.95,600,14700,360.43,385.45,466.75
9454,2021-02-27 10:09:00,408.5,425.95,405.4,425.95,600,14700,360.43,385.45,466.75
9455,2021-02-27 10:10:00,408.5,425.95,405.4,425.95,600,14700,360.43,385.45,466.75
9456,2021-02-27 10:11:00,408.5,425.95,405.4,425.95,600,14700,360.43,385.45,466.75
9457,2021-02-27 10:12:00,408.5,425.95,405.4,425.95,600,14700,360.43,385.45,466.75
9458,2021-02-27 10:13:00,408.5,425.95,405.4,425.95,600,14700,360.43,385.45,466.75
9459,2021-02-27 10:14:00,408.5,425.95,405.4,425.95,600,14700,360.43,385.45,466.75
9460,2021-02-27 10:15:00,408.5,425.95,405.4,425.95,600,14700,360.43,385.45,466.75
9461,2021-02-27 10:16:00,408.5,425.95,405.4,425.95,600,14700,360.43,385.45,466.75
9462,2021-02-27 10:17:00,408.5,425.95,405.4,425.95,600,14700,360.43,385.45,466.75
9463,2021-02-27 10:18:00,408.5,425.95,405.4,425.95,600,14700,360.43,385.45,466.75
9464,2021-02-27 10:19:00,408.5,425.95,405.4,425.95,600,14700,360.43,385.45,466.75
9465,2021-02-27 10:20:00,408.5,425.95,405.4,425.95,600,14700,360.43,385.45,466.75
9466,2021-02-27 10:21:00,408.5,425.95,405.4,425.95,600,14700,360.43,385.45,466.75
9467,2021-02-27 10:22:00,408.5,425.95,405.4,425.95,600,14700,360.43,385.45,466.75
9468,2021-02-27 10:23:00,408.5,425.95,405.4,425.95,600,14700,360.43,385.45,466.75
9469,2021-02-27 10:24:00,408.5,425.95,405.4,425.95,600,14700,360.43,385.45,466.75
9470,2021-02-27 10:25:00,408.5,425.95,405.4,425.95,600,14700,360.43,385.45,466.75
9471,2021-02-27 10:26:00,408.5,425.95,405.4,425.95,600,14700,360.43,385.45,466.75
9472,2021-02-27 10:27:00,408.5,425.95,405.4,425.95,600,14700,360.43,385.45,466.75
9473,2021-02-27 10:28:00,408.5,425.95,405.4,425.95,600,14700,360.43,385.45,466.75
9474,2021-02-27 10:29:00,408.5,425.95,405.4,425.95,600,14700,360.43,385.45,466.75
9475,2021-02-27 10:30:00,408.5,425.95,405.4,425.95,600,14700,360.43,385.45,466.75
9476,2021-02-27 10:31:00,408.5,425.95,405.4,425.95,600,14700,360.43,385.45,466.75
9477,2021-02-27 10:32:00,408.5,425.95,405.4,425.95,600,14700,360.43,385.45,466.75
9478,2021-02-27 10:33:00,408.5,425.95,405.4,425.95,600,14700,360.43,385.45,466.75
9479,2021-02-27 10:34:00,408.5,425.95,405.4,425.95,600,14700,360.43,385.45,466.75
9480,2021-02-27 10:35:00,408.5,425.95,405.4,425.95,600,14700,360.43,385.45,466.75
9481,2021-02-27 10:36:00,408.5,425.95,405.4,425.95,600,14700,360.43,385.45,466.75
9482,2021-02-27 10:37:00,408.5,425.95,405.4,425.95,600,14700,360.43,385.45,466.75
9483,2021-02-27 10:38:00,408.5,425.95,405.4,425.95,600,14700,360.43,385.45,466.75
9484,2021-02-27 10:39:00,408.5,425.95,405.4,425.95,600,14700,360.43,385.45,466.75
9485,2021-02-27 10:40:00,408.5,425.95,405.4,425.95,600,14700,360.43,385.45,466.75
9486,2021-02-27 10:41:00,408.5,425.95,405.4,425.95,600,14700,360.43,385.45,466.75
9487,2021-02-27 10:42:00,408.5,425.95,405.4,425.95,600,14700,360.43,385.45,466.75
9488,2021-02-27 10:43:00,408.5,425.95,405.4,425.95,600,14700,360.43,385.45,466.75
9489,2021-02-27 10:44:00,408.5,425.95,405.4,425.95,600,14700,360.43,385.45,466.75
9490,2021-02-27 10:45:00,408.5,425.95,405.4,425.95,600,14700,360.43,385.45,466.75
9491,2021-02-27 10:46:00,408.5,425.95,405.4,425.95,600,14700,360.43,385.45,466.75
9492,2021-02-27 10:47:00,408.5,425.95,405.4,425.95,600,14700,360.43,385.45,466.75
9493,2021-02-27 10:48:00,408.5,425.95,405.4,425.95,600,14700,360.43,385.45,466.75
9494,2021-02-27 10:49:00,408.5,425.95,405.4,425.95,600,14700,360.43,385.45,466.75
9495,2021-02-27 10:50:00,408.5,425.95,405.4,425.95,600,14700,360.43,385.45,466.75
9496,2021-02-27 10:51:00,408.5,425.95,405.4,425.95,600,14700,360.43,385.45,466.75
9497,2021-02-27 10:52:00,408.5,425.95,405.4,425.95,600,14700,360.43,385.45,466.75
9498,2021-02-27 10:53:00,408.5,425.95,405.4,425.95,600,14700,360.43,385.45,466.75
9499,2021-02-27 10:54:00,408.5,425.95,405.4,425.95,600,14700,360.43,385.45,466.75
9500,2021-02-27 10:55:00,408.5,425.95,405.4,425.95,600,14700,360.43,385.45,466.75
9501,2021-02-27 10:56:00,408.5,425.95,405.4,425.95,600,14700,360.43,385.45,466.75
9502,2021-02-27 10:57:00,408.5,425.95,405.4,425.95,600,14700,360.43,385.45,466.75
9503,2021-02-27 10:58:00,408.5,425.95,405.4,425.95,600,14700,360.43,385.45,466.75
9504,2021-02-27 10:59:00,408.5,425.95,405.4,425.95,600,14700,360.43,385.45,466.75
9505,2021-02-27 11:00:00,408.5,425.95,405.4,425.95,600,14700,360.43,385.45,466.75
9506,2021-02-27 11:01:00,408.5,425.95,405.4,425.95,600,14700,360.43,385.45,466.75
9507,2021-02-27 11:02:00,408.5,425.95,405.4,425.95,600,14700,360.43,385.45,466.75
9508,2021-02-27 11:03:00,408.5,425.95,405.4,425.95,600,14700,360.43,385.45,466.75
9509,2021-02-27 11:04:00,408.5,425.95,405.4,425.95,600,14700,360.43,385.45,466.75
9510,2021-02-27 11:05:00,408.5,425.95,405.4,425.95,600,14700,360.43,385.45,466.75
9511,2021-02-27 11:06:00,408.5,425.95,405.4,425.95,600,14700,360.43,385.45,466.75
9512,2021-02-27 11:07:00,408.5,425.95,405.4,425.95,600,14700,360.43,385.45,466.75
9513,2021-02-27 11:08:00,408.5,425.95,405.4,425.95,600,14700,360.43,385.45,466.75
9514,2021-02-27 11:09:00,408.5,425.95,405.4,425.95,600,14700,360.43,385.45,466.75
9515,2021-02-27 11:10:00,408.5,425.95,405.4,425.95,600,14700,360.43,385.45,466.75
9516,2021-02-27 11:11:00,408.5,425.95,405.4,425.95,600,14700,360.43,385.45,466.75
9517,2021-02-27 11:12:00,408.5,425.95,405.4,425.95,600,14700,360.43,385.45,466.75
9518,2021-02-27 11:13:00,408.5,425.95,405.4,425.95,600,14700,360.43,385.45,466.75
9519,2021-02-27 11:14:00,408.5,425.95,405.4,425.95,600,14700,360.43,385.45,466.75
9520,2021-02-27 11:15:00,408.5,425.95,405.4,425.95,600,14700,360.43,385.45,466.75
9521,2021-02-27 11:16:00,408.5,425.95,405.4,425.95,600,14700,360.43,385.45,466.75
9522,2021-02-27 11:17:00,408.5,425.95,405.4,425.95,600,14700,360.43,385.45,466.75
9523,2021-02-27 11:18:00,408.5,425.95,405.4,425.95,600,14700,360.43,385.45,466.75
9524,2021-02-27 11:19:00,408.5,425.95,405.4,425.95,600,14700,360.43,385.45,466.75
9525,2021-02-27 11:20:00,408.5,425.95,405.4,425.95,600,14700,360.43,385.45,466.75
9526,2021-02-27 11:21:00,408.5,425.95,405.4,425.95,600,14700,360.43,385.45,466.75
9527,2021-02-27 11:22:00,408.5,425.95,405.4,425.95,600,14700,360.43,385.45,466.75
9528,2021-02-27 11:23:00,408.5,425.95,405.4,425.95,600,14700,360.43,385.45,466.75
9529,2021-02-27 11:24:00,408.5,425.95,405.4,425.95,600,14700,360.43,385.45,466.75
9530,2021-02-27 11:25:00,408.5,425.95,405.4,425.95,600,14700,360.43,385.45,466.75
9531,2021-02-27 11:26:00,408.5,425.95,405.4,425.95,600,14700,360.43,385.45,466.75
9532,2021-02-27 11:27:00,408.5,425.95,405.4,425.95,600,14700,360.43,385.45,466.75
9533,2021-02-27 11:28:00,408.5,425.95,405.4,425.95,600,14700,360.43,385.45,466.75
9534,2021-02-27 11:29:00,408.5,425.95,405.4,425.95,600,14700,360.43,385.45,466.75
9535,2021-02-27 11:30:00,408.5,425.95,405.4,425.95,600,14700,360.43,385.45,466.75
9536,2021-02-27 11:31:00,408.5,425.95,405.4,425.95,600,14700,360.43,385.45,466.75
9537,2021-02-27 11:32:00,408.5,425.95,405.4,425.95,600,14700,360.43,385.45,466.75
9538,2021-02-27 11:33:00,408.5,425.95,405.4,425.95,600,14700,360.43,385.45,466.75
9539,2021-02-27 11:34:00,408.5,425.95,405.4,425.95,600,14700,360.43,385.45,466.75
9540,2021-02-27 11:35:00,408.5,425.95,405.4,425.95,600,14700,360.43,385.45,466.75
9541,2021-02-27 11:36:00,408.5,425.95,405.4,425.95,600,14700,360.43,385.45,466.75
9542,2021-02-27 11:37:00,408.5,425.95,405.4,425.95,600,14700,360.43,385.45,466.75
9543,2021-02-27 11:38:00,408.5,425.95,405.4,425.95,600,14700,360.43,385.45,466.75
9544,2021-02-27 11:39:00,408.5,425.95,405.4,425.95,600,14700,360.43,385.45,466.75
9545,2021-02-27 11:40:00,408.5,425.95,405.4,425.95,600,14700,360.43,385.45,466.75
9546,2021-02-27 11:41:00,408.5,425.95,405.4,425.95,600,14700,360.43,385.45,466.75
9547,2021-02-27 11:42:00,408.5,425.95,405.4,425.95,600,14700,360.43,385.45,466.75
9548,2021-02-27 11:43:00,408.5,425.95,405.4,425.95,600,14700,360.43,385.45,466.75
9549,2021-02-27 11:44:00,408.5,425.95,405.4,425.95,600,14700,360.43,385.45,466.75
9550,2021-02-27 11:45:00,408.5,425.95,405.4,425.95,600,14700,360.43,385.45,466.75
9551,2021-02-27 11:46:00,408.5,425.95,405.4,425.95,600,14700,360.43,385.45,466.75
9552,2021-02-27 11:47:00,408.5,425.95,405.4,425.95,600,14700,360.43,385.45,466.75
9553,2021-02-27 11:48:00,408.5,425.95,405.4,425.95,600,14700,360.43,385.45,466.75
9554,2021-02-27 11:49:00,408.5,425.95,405.4,425.95,600,14700,360.43,385.45,466.75
9555,2021-02-27 11:50:00,408.5,425.95,405.4,425.95,600,14700,360.43,385.45,466.75
9556,2021-02-27 11:51:00,408.5,425.95,405.4,425.95,600,14700,360.43,385.45,466.75
9557,2021-02-27 11:52:00,408.5,425.95,405.4,425.95,600,14700,360.43,385.45,466.75
9558,2021-02-27 11:53:00,408.5,425.95,405.4,425.95,600,14700,360.43,385.45,466.75
9559,2021-02-27 11:54:00,408.5,425.95,405.4,425.95,600,14700,360.43,385.45,466.75
9560,2021-02-27 11:55:00,408.5,425.95,405.4,425.95,600,14700,360.43,385.45,466.75
9561,2021-02-27 11:56:00,408.5,425.95,405.4,425.95,600,14700,360.43,385.45,466.75
9562,2021-02-27 11:57:00,408.5,425.95,405.4,425.95,600,14700,360.43,385.45,466.75
9563,2021-02-27 11:58:00,408.5,425.95,405.4,425.95,600,14700,360.43,385.45,466.75
9564,2021-02-27 11:59:00,408.5,425.95,405.4,425.95,600,14700,360.43,385.45,466.75
9565,2021-02-27 12:00:00,408.5,425.95,405.4,425.95,600,14700,360.43,385.45,466.75
9566,2021-02-27 12:01:00,408.5,425.95,405.4,425.95,600,14700,360.43,385.45,466.75
9567,2021-02-27 12:02:00,408.5,425.95,405.4,425.95,600,14700,360.43,385.45,466.75
9568,2021-02-27 12:03:00,408.5,425.95,405.4,425.95,600,14700,360.43,385.45,466.75
9569,2021-02-27 12:04:00,408.5,425.95,405.4,425.95,600,14700,360.43,385.45,466.75
9570,2021-02-27 12:05:00,408.5,425.95,405.4,425.95,600,14700,360.43,385.45,466.75
9571,2021-02-27 12:06:00,408.5,425.95,405.4,425.95,600,14700,360.43,385.45,466.75
9572,2021-02-27 12:07:00,408.5,425.95,405.4,425.95,600,14700,360.43,385.45,466.75
9573,2021-02-27 12:08:00,408.5,425.95,405.4,425.95,600,14700,360.43,385.45,466.75
9574,2021-02-27 12:09:00,408.5,425.95,405.4,425.95,600,14700,360.43,385.45,466.75
9575,2021-02-27 12:10:00,408.5,425.95,405.4,425.95,600,14700,360.43,385.45,466.75
9576,2021-02-27 12:11:00,408.5,425.95,405.4,425.95,600,14700,360.43,385.45,466.75
9577,2021-02-27 12:12:00,408.5,425.95,405.4,425.95,600,14700,360.43,385.45,466.75
9578,2021-02-27 12:13:00,408.5,425.95,405.4,425.95,600,14700,360.43,385.45,466.75
9579,2021-02-27 12:14:00,408.5,425.95,405.4,425.95,600,14700,360.43,385.45,466.75
9580,2021-02-27 12:15:00,408.5,425.95,405.4,425.95,600,14700,360.43,385.45,466.75
9581,2021-02-27 12:16:00,408.5,425.95,405.4,425.95,600,14700,360.43,385.45,466.75
9582,2021-02-27 12:17:00,408.5,425.95,405.4,425.95,600,14700,360.43,385.45,466.75
9583,2021-02-27 12:18:00,408.5,425.95,405.4,425.95,600,14700,360.43,385.45,466.75
9584,2021-02-27 12:19:00,408.5,425.95,405.4,425.95,600,14700,360.43,385.45,466.75
9585,2021-02-27 12:20:00,408.5,425.95,405.4,425.95,600,14700,360.43,385.45,466.75
9586,2021-02-27 12:21:00,408.5,425.95,405.4,425.95,600,14700,360.43,385.45,466.75
9587,2021-02-27 12:22:00,408.5,425.95,405.4,425.95,600,14700,360.43,385.45,466.75
9588,2021-02-27 12:23:00,408.5,425.95,405.4,425.95,600,14700,360.43,385.45,466.75
9589,2021-02-27 12:24:00,408.5,425.95,405.4,425.95,600,14700,360.43,385.45,466.75
9590,2021-02-27 12:25:00,408.5,425.95,405.4,425.95,600,14700,360.43,385.45,466.75
9591,2021-02-27 12:26:00,408.5,425.95,405.4,425.95,600,14700,360.43,385.45,466.75
9592,2021-02-27 12:27:00,408.5,425.95,405.4,425.95,600,14700,360.43,385.45,466.75
9593,2021-02-27 12:28:00,408.5,425.95,405.4,425.95,600,14700,360.43,385.45,466.75
9594,2021-02-27 12:29:00,408.5,425.95,405.4,425.95,600,14700,360.43,385.45,466.75
9595,2021-02-27 12:30:00,408.5,425.95,405.4,425.95,600,14700,360.43,385.45,466.75
9596,2021-02-27 12:31:00,408.5,425.95,405.4,425.95,600,14700,360.43,385.45,466.75
9597,2021-02-27 12:32:00,408.5,425.95,405.4,425.95,600,14700,360.43,385.45,466.75
9598,2021-02-27 12:33:00,408.5,425.95,405.4,425.95,600,14700,360.43,385.45,466.75
9599,2021-02-27 12:34:00,408.5,425.95,405.4,425.95,600,14700,360.43,385.45,466.75
9600,2021-02-27 12:35:00,408.5,425.95,405.4,425.95,600,14700,360.43,385.45,466.75
9601,2021-02-27 12:36:00,408.5,425.95,405.4,425.95,600,14700,360.43,385.45,466.75
9602,2021-02-27 12:37:00,408.5,425.95,405.4,425.95,600,14700,360.43,385.45,466.75
9603,2021-02-27 12:38:00,408.5,425.95,405.4,425.95,600,14700,360.43,385.45,466.75
9604,2021-02-27 12:39:00,408.5,425.95,405.4,425.95,600,14700,360.43,385.45,466.75
9605,2021-02-27 12:40:00,408.5,425.95,405.4,425.95,600,14700,360.43,385.45,466.75
9606,2021-02-27 12:41:00,408.5,425.95,405.4,425.95,600,14700,360.43,385.45,466.75
9607,2021-02-27 12:42:00,408.5,425.95,405.4,425.95,600,14700,360.43,385.45,466.75
9608,2021-02-27 12:43:00,408.5,425.95,405.4,425.95,600,14700,360.43,385.45,466.75
9609,2021-02-27 12:44:00,408.5,425.95,405.4,425.95,600,14700,360.43,385.45,466.75
9610,2021-02-27 12:45:00,408.5,425.95,405.4,425.95,600,14700,360.43,385.45,466.75
9611,2021-02-27 12:46:00,408.5,425.95,405.4,425.95,600,14700,360.43,385.45,466.75
9612,2021-02-27 12:47:00,408.5,425.95,405.4,425.95,600,14700,360.43,385.45,466.75
9613,2021-02-27 12:48:00,408.5,425.95,405.4,425.95,600,14700,360.43,385.45,466.75
9614,2021-02-27 12:49:00,408.5,425.95,405.4,425.95,600,14700,360.43,385.45,466.75
9615,2021-02-27 12:50:00,408.5,425.95,405.4,425.95,600,14700,360.43,385.45,466.75
9616,2021-02-27 12:51:00,408.5,425.95,405.4,425.95,600,14700,360.43,385.45,466.75
9617,2021-02-27 12:52:00,408.5,425.95,405.4,425.95,600,14700,360.43,385.45,466.75
9618,2021-02-27 12:53:00,408.5,425.95,405.4,425.95,600,14700,360.43,385.45,466.75
9619,2021-02-27 12:54:00,408.5,425.95,405.4,425.95,600,14700,360.43,385.45,466.75
9620,2021-02-27 12:55:00,408.5,425.95,405.4,425.95,600,14700,360.43,385.45,466.75
9621,2021-02-27 12:56:00,408.5,425.95,405.4,425.95,600,14700,360.43,385.45,466.75
9622,2021-02-27 12:57:00,408.5,425.95,405.4,425.95,600,14700,360.43,385.45,466.75
9623,2021-02-27 12:58:00,408.5,425.95,405.4,425.95,600,14700,360.43,385.45,466.75
9624,2021-02-27 12:59:00,408.5,425.95,405.4,425.95,600,14700,360.43,385.45,466.75
9625,2021-02-27 13:00:00,408.5,425.95,405.4,425.95,600,14700,360.43,385.45,466.75
9626,2021-02-27 13:01:00,408.5,425.95,405.4,425.95,600,14700,360.43,385.45,466.75
9627,2021-02-27 13:02:00,408.5,425.95,405.4,425.95,600,14700,360.43,385.45,466.75
9628,2021-02-27 13:03:00,408.5,425.95,405.4,425.95,600,14700,360.43,385.45,466.75
9629,2021-02-27 13:04:00,408.5,425.95,405.4,425.95,600,14700,360.43,385.45,466.75
9630,2021-02-27 13:05:00,408.5,425.95,405.4,425.95,600,14700,360.43,385.45,466.75
9631,2021-02-27 13:06:00,408.5,425.95,405.4,425.95,600,14700,360.43,385.45,466.75
9632,2021-02-27 13:07:00,408.5,425.95,405.4,425.95,600,14700,360.43,385.45,466.75
9633,2021-02-27 13:08:00,408.5,425.95,405.4,425.95,600,14700,360.43,385.45,466.75
9634,2021-02-27 13:09:00,408.5,425.95,405.4,425.95,600,14700,360.43,385.45,466.75
9635,2021-02-27 13:10:00,408.5,425.95,405.4,425.95,600,14700,360.43,385.45,466.75
9636,2021-02-27 13:11:00,408.5,425.95,405.4,425.95,600,14700,360.43,385.45,466.75
9637,2021-02-27 13:12:00,408.5,425.95,405.4,425.95,600,14700,360.43,385.45,466.75
9638,2021-02-27 13:13:00,408.5,425.95,405.4,425.95,600,14700,360.43,385.45,466.75
9639,2021-02-27 13:14:00,408.5,425.95,405.4,425.95,600,14700,360.43,385.45,466.75
9640,2021-02-27 13:15:00,408.5,425.95,405.4,425.95,600,14700,360.43,385.45,466.75
9641,2021-02-27 13:16:00,408.5,425.95,405.4,425.95,600,14700,360.43,385.45,466.75
9642,2021-02-27 13:17:00,408.5,425.95,405.4,425.95,600,14700,360.43,385.45,466.75
9643,2021-02-27 13:18:00,408.5,425.95,405.4,425.95,600,14700,360.43,385.45,466.75
9644,2021-02-27 13:19:00,408.5,425.95,405.4,425.95,600,14700,360.43,385.45,466.75
9645,2021-02-27 13:20:00,408.5,425.95,405.4,425.95,600,14700,360.43,385.45,466.75
9646,2021-02-27 13:21:00,408.5,425.95,405.4,425.95,600,14700,360.43,385.45,466.75
9647,2021-02-27 13:22:00,408.5,425.95,405.4,425.95,600,14700,360.43,385.45,466.75
9648,2021-02-27 13:23:00,408.5,425.95,405.4,425.95,600,14700,360.43,385.45,466.75
9649,2021-02-27 13:24:00,408.5,425.95,405.4,425.95,600,14700,360.43,385.45,466.75
9650,2021-02-27 13:25:00,408.5,425.95,405.4,425.95,600,14700,360.43,385.45,466.75
9651,2021-02-27 13:26:00,408.5,425.95,405.4,425.95,600,14700,360.43,385.45,466.75
9652,2021-02-27 13:27:00,408.5,425.95,405.4,425.95,600,14700,360.43,385.45,466.75
9653,2021-02-27 13:28:00,408.5,425.95,405.4,425.95,600,14700,360.43,385.45,466.75
9654,2021-02-27 13:29:00,408.5,425.95,405.4,425.95,600,14700,360.43,385.45,466.75
9655,2021-02-27 13:30:00,408.5,425.95,405.4,425.95,600,14700,360.43,385.45,466.75
9656,2021-02-27 13:31:00,408.5,425.95,405.4,425.95,600,14700,360.43,385.45,466.75
9657,2021-02-27 13:32:00,408.5,425.95,405.4,425.95,600,14700,360.43,385.45,466.75
9658,2021-02-27 13:33:00,408.5,425.95,405.4,425.95,600,14700,360.43,385.45,466.75
9659,2021-02-27 13:34:00,408.5,425.95,405.4,425.95,600,14700,360.43,385.45,466.75
9660,2021-02-27 13:35:00,408.5,425.95,405.4,425.95,600,14700,360.43,385.45,466.75
9661,2021-02-27 13:36:00,408.5,425.95,405.4,425.95,600,14700,360.43,385.45,466.75
9662,2021-02-27 13:37:00,408.5,425.95,405.4,425.95,600,14700,360.43,385.45,466.75
9663,2021-02-27 13:38:00,408.5,425.95,405.4,425.95,600,14700,360.43,385.45,466.75
9664,2021-02-27 13:39:00,408.5,425.95,405.4,425.95,600,14700,360.43,385.45,466.75
9665,2021-02-27 13:40:00,408.5,425.95,405.4,425.95,600,14700,360.43,385.45,466.75
9666,2021-02-27 13:41:00,408.5,425.95,405.4,425.95,600,14700,360.43,385.45,466.75
9667,2021-02-27 13:42:00,408.5,425.95,405.4,425.95,600,14700,360.43,385.45,466.75
9668,2021-02-27 13:43:00,408.5,425.95,405.4,425.95,600,14700,360.43,385.45,466.75
9669,2021-02-27 13:44:00,408.5,425.95,405.4,425.95,600,14700,360.43,385.45,466.75
9670,2021-02-27 13:45:00,408.5,425.95,405.4,425.95,600,14700,360.43,385.45,466.75
9671,2021-02-27 13:46:00,408.5,425.95,405.4,425.95,600,14700,360.43,385.45,466.75
9672,2021-02-27 13:47:00,408.5,425.95,405.4,425.95,600,14700,360.43,385.45,466.75
9673,2021-02-27 13:48:00,408.5,425.95,405.4,425.95,600,14700,360.43,385.45,466.75
9674,2021-02-27 13:49:00,408.5,425.95,405.4,425.95,600,14700,360.43,385.45,466.75
9675,2021-02-27 13:50:00,408.5,425.95,405.4,425.95,600,14700,360.43,385.45,466.75
9676,2021-02-27 13:51:00,408.5,425.95,405.4,425.95,600,14700,360.43,385.45,466.75
9677,2021-02-27 13:52:00,408.5,425.95,405.4,425.95,600,14700,360.43,385.45,466.75
9678,2021-02-27 13:53:00,408.5,425.95,405.4,425.95,600,14700,360.43,385.45,466.75
9679,2021-02-27 13:54:00,408.5,425.95,405.4,425.95,600,14700,360.43,385.45,466.75
9680,2021-02-27 13:55:00,408.5,425.95,405.4,425.95,600,14700,360.43,385.45,466.75
9681,2021-02-27 13:56:00,408.5,425.95,405.4,425.95,600,14700,360.43,385.45,466.75
9682,2021-02-27 13:57:00,408.5,425.95,405.4,425.95,600,14700,360.43,385.45,466.75
9683,2021-02-27 13:58:00,408.5,425.95,405.4,425.95,600,14700,360.43,385.45,466.75
9684,2021-02-27 13:59:00,408.5,425.95,405.4,425.95,600,14700,360.43,385.45,466.75
9685,2021-02-27 14:00:00,408.5,425.95,405.4,425.95,600,14700,360.43,385.45,466.75
9686,2021-02-27 14:01:00,408.5,425.95,405.4,425.95,600,14700,360.43,385.45,466.75
9687,2021-02-27 14:02:00,408.5,425.95,405.4,425.95,600,14700,360.43,385.45,466.75
9688,2021-02-27 14:03:00,408.5,425.95,405.4,425.95,600,14700,360.43,385.45,466.75
9689,2021-02-27 14:04:00,408.5,425.95,405.4,425.95,600,14700,360.43,385.45,466.75
9690,2021-02-27 14:05:00,408.5,425.95,405.4,425.95,600,14700,360.43,385.45,466.75
9691,2021-02-27 14:06:00,408.5,425.95,405.4,425.95,600,14700,360.43,385.45,466.75
9692,2021-02-27 14:07:00,408.5,425.95,405.4,425.95,600,14700,360.43,385.45,466.75
9693,2021-02-27 14:08:00,408.5,425.95,405.4,425.95,600,14700,360.43,385.45,466.75
9694,2021-02-27 14:09:00,408.5,425.95,405.4,425.95,600,14700,360.43,385.45,466.75
9695,2021-02-27 14:10:00,408.5,425.95,405.4,425.95,600,14700,360.43,385.45,466.75
9696,2021-02-27 14:11:00,408.5,425.95,405.4,425.95,600,14700,360.43,385.45,466.75
9697,2021-02-27 14:12:00,408.5,425.95,405.4,425.95,600,14700,360.43,385.45,466.75
9698,2021-02-27 14:13:00,408.5,425.95,405.4,425.95,600,14700,360.43,385.45,466.75
9699,2021-02-27 14:14:00,408.5,425.95,405.4,425.95,600,14700,360.43,385.45,466.75
9700,2021-02-27 14:15:00,408.5,425.95,405.4,425.95,600,14700,360.43,385.45,466.75
9701,2021-02-27 14:16:00,408.5,425.95,405.4,425.95,600,14700,360.43,385.45,466.75
9702,2021-02-27 14:17:00,408.5,425.95,405.4,425.95,600,14700,360.43,385.45,466.75
9703,2021-02-27 14:18:00,408.5,425.95,405.4,425.95,600,14700,360.43,385.45,466.75
9704,2021-02-27 14:19:00,408.5,425.95,405.4,425.95,600,14700,360.43,385.45,466.75
9705,2021-02-27 14:20:00,408.5,425.95,405.4,425.95,600,14700,360.43,385.45,466.75
9706,2021-02-27 14:21:00,408.5,425.95,405.4,425.95,600,14700,360.43,385.45,466.75
9707,2021-02-27 14:22:00,408.5,425.95,405.4,425.95,600,14700,360.43,385.45,466.75
9708,2021-02-27 14:23:00,408.5,425.95,405.4,425.95,600,14700,360.43,385.45,466.75
9709,2021-02-27 14:24:00,408.5,425.95,405.4,425.95,600,14700,360.43,385.45,466.75
9710,2021-02-27 14:25:00,408.5,425.95,405.4,425.95,600,14700,360.43,385.45,466.75
9711,2021-02-27 14:26:00,408.5,425.95,405.4,425.95,600,14700,360.43,385.45,466.75
9712,2021-02-27 14:27:00,408.5,425.95,405.4,425.95,600,14700,360.43,385.45,466.75
9713,2021-02-27 14:28:00,408.5,425.95,405.4,425.95,600,14700,360.43,385.45,466.75
9714,2021-02-27 14:29:00,408.5,425.95,405.4,425.95,600,14700,360.43,385.45,466.75
9715,2021-02-27 14:30:00,408.5,425.95,405.4,425.95,600,14700,360.43,385.45,466.75
9716,2021-02-27 14:31:00,408.5,425.95,405.4,425.95,600,14700,360.43,385.45,466.75
9717,2021-02-27 14:32:00,408.5,425.95,405.4,425.95,600,14700,360.43,385.45,466.75
9718,2021-02-27 14:33:00,408.5,425.95,405.4,425.95,600,14700,360.43,385.45,466.75
9719,2021-02-27 14:34:00,408.5,425.95,405.4,425.95,600,14700,360.43,385.45,466.75
9720,2021-02-27 14:35:00,408.5,425.95,405.4,425.95,600,14700,360.43,385.45,466.75
9721,2021-02-27 14:36:00,408.5,425.95,405.4,425.95,600,14700,360.43,385.45,466.75
9722,2021-02-27 14:37:00,408.5,425.95,405.4,425.95,600,14700,360.43,385.45,466.75
9723,2021-02-27 14:38:00,408.5,425.95,405.4,425.95,600,14700,360.43,385.45,466.75
9724,2021-02-27 14:39:00,408.5,425.95,405.4,425.95,600,14700,360.43,385.45,466.75
9725,2021-02-27 14:40:00,408.5,425.95,405.4,425.95,600,14700,360.43,385.45,466.75
9726,2021-02-27 14:41:00,408.5,425.95,405.4,425.95,600,14700,360.43,385.45,466.75
9727,2021-02-27 14:42:00,408.5,425.95,405.4,425.95,600,14700,360.43,385.45,466.75
9728,2021-02-27 14:43:00,408.5,425.95,405.4,425.95,600,14700,360.43,385.45,466.75
9729,2021-02-27 14:44:00,408.5,425.95,405.4,425.95,600,14700,360.43,385.45,466.75
9730,2021-02-27 14:45:00,408.5,425.95,405.4,425.95,600,14700,360.43,385.45,466.75
9731,2021-02-27 14:46:00,408.5,425.95,405.4,425.95,600,14700,360.43,385.45,466.75
9732,2021-02-27 14:47:00,408.5,425.95,405.4,425.95,600,14700,360.43,385.45,466.75
9733,2021-02-27 14:48:00,408.5,425.95,405.4,425.95,600,14700,360.43,385.45,466.75
9734,2021-02-27 14:49:00,408.5,425.95,405.4,425.95,600,14700,360.43,385.45,466.75
9735,2021-02-27 14:50:00,408.5,425.95,405.4,425.95,600,14700,360.43,385.45,466.75
9736,2021-02-27 14:51:00,408.5,425.95,405.4,425.95,600,14700,360.43,385.45,466.75
9737,2021-02-27 14:52:00,408.5,425.95,405.4,425.95,600,14700,360.43,385.45,466.75
9738,2021-02-27 14:53:00,408.5,425.95,405.4,425.95,600,14700,360.43,385.45,466.75
9739,2021-02-27 14:54:00,408.5,425.95,405.4,425.95,600,14700,360.43,385.45,466.75
9740,2021-02-27 14:55:00,408.5,425.95,405.4,425.95,600,14700,360.43,385.45,466.75
9741,2021-02-27 14:56:00,408.5,425.95,405.4,425.95,600,14700,360.43,385.45,466.75
9742,2021-02-27 14:57:00,408.5,425.95,405.4,425.95,600,14700,360.43,385.45,466.75
9743,2021-02-27 14:58:00,408.5,425.95,405.4,425.95,600,14700,360.43,385.45,466.75
9744,2021-02-27 14:59:00,408.5,425.95,405.4,425.95,600,14700,360.43,385.45,466.75
9745,2021-02-27 15:00:00,408.5,425.95,405.4,425.95,600,14700,360.43,385.45,466.75
9746,2021-02-27 15:01:00,408.5,425.95,405.4,425.95,600,14700,360.43,385.45,466.75
9747,2021-02-27 15:02:00,408.5,425.95,405.4,425.95,600,14700,360.43,385.45,466.75
9748,2021-02-27 15:03:00,408.5,425.95,405.4,425.95,600,14700,360.43,385.45,466.75
9749,2021-02-27 15:04:00,408.5,425.95,405.4,425.95,600,14700,360.43,385.45,466.75
9750,2021-02-27 15:05:00,408.5,425.95,405.4,425.95,600,14700,360.43,385.45,466.75
9751,2021-02-27 15:06:00,408.5,425.95,405.4,425.95,600,14700,360.43,385.45,466.75
9752,2021-02-27 15:07:00,408.5,425.95,405.4,425.95,600,14700,360.43,385.45,466.75
9753,2021-02-27 15:08:00,408.5,425.95,405.4,425.95,600,14700,360.43,385.45,466.75
9754,2021-02-27 15:09:00,408.5,425.95,405.4,425.95,600,14700,360.43,385.45,466.75
9755,2021-02-27 15:10:00,408.5,425.95,405.4,425.95,600,14700,360.43,385.45,466.75
9756,2021-02-27 15:11:00,408.5,425.95,405.4,425.95,600,14700,360.43,385.45,466.75
9757,2021-02-27 15:12:00,408.5,425.95,405.4,425.95,600,14700,360.43,385.45,466.75
9758,2021-02-27 15:13:00,408.5,425.95,405.4,425.95,600,14700,360.43,385.45,466.75
9759,2021-02-27 15:14:00,408.5,425.95,405.4,425.95,600,14700,360.43,385.45,466.75
9760,2021-02-27 15:15:00,408.5,425.95,405.4,425.95,600,14700,360.43,385.45,466.75
9761,2021-02-27 15:16:00,408.5,425.95,405.4,425.95,600,14700,360.43,385.45,466.75
9762,2021-02-27 15:17:00,408.5,425.95,405.4,425.95,600,14700,360.43,385.45,466.75
9763,2021-02-27 15:18:00,408.5,425.95,405.4,425.95,600,14700,360.43,385.45,466.75
9764,2021-02-27 15:19:00,408.5,425.95,405.4,425.95,600,14700,360.43,385.45,466.75
9765,2021-02-27 15:20:00,408.5,425.95,405.4,425.95,600,14700,360.43,385.45,466.75
9766,2021-02-27 15:21:00,408.5,425.95,405.4,425.95,600,14700,360.43,385.45,466.75
9767,2021-02-27 15:22:00,408.5,425.95,405.4,425.95,600,14700,360.43,385.45,466.75
9768,2021-02-27 15:23:00,408.5,425.95,405.4,425.95,600,14700,360.43,385.45,466.75
9769,2021-02-27 15:24:00,408.5,425.95,405.4,425.95,600,14700,360.43,385.45,466.75
9770,2021-02-27 15:25:00,408.5,425.95,405.4,425.95,600,14700,360.43,385.45,466.75
9771,2021-02-27 15:26:00,408.5,425.95,405.4,425.95,600,14700,360.43,385.45,466.75
9772,2021-02-27 15:27:00,408.5,425.95,405.4,425.95,600,14700,360.43,385.45,466.75
9773,2021-02-27 15:28:00,408.5,425.95,405.4,425.95,600,14700,360.43,385.45,466.75
9774,2021-02-27 15:29:00,408.5,425.95,405.4,425.95,600,14700,360.43,385.45,466.75
9775,2021-02-27 15:30:00,408.5,425.95,405.4,425.95,600,14700,360.43,385.45,466.75
9776,2021-02-28 09:15:00,408.5,425.95,405.4,425.95,600,14700,360.43,385.45,466.75
9777,2021-02-28 09:16:00,408.5,425.95,405.4,425.95,600,14700,360.43,385.45,466.75
9778,2021-02-28 09:17:00,408.5,425.95,405.4,425.95,600,14700,360.43,385.45,466.75
9779,2021-02-28 09:18:00,408.5,425.95,405.4,425.95,600,14700,360.43,385.45,466.75
9780,2021-02-28 09:19:00,408.5,425.95,405.4,425.95,600,14700,360.43,385.45,466.75
9781,2021-02-28 09:20:00,408.5,425.95,405.4,425.95,600,14700,360.43,385.45,466.75
9782,2021-02-28 09:21:00,408.5,425.95,405.4,425.95,600,14700,360.43,385.45,466.75
9783,2021-02-28 09:22:00,408.5,425.95,405.4,425.95,600,14700,360.43,385.45,466.75
9784,2021-02-28 09:23:00,408.5,425.95,405.4,425.95,600,14700,360.43,385.45,466.75
9785,2021-02-28 09:24:00,408.5,425.95,405.4,425.95,600,14700,360.43,385.45,466.75
9786,2021-02-28 09:25:00,408.5,425.95,405.4,425.95,600,14700,360.43,385.45,466.75
9787,2021-02-28 09:26:00,408.5,425.95,405.4,425.95,600,14700,360.43,385.45,466.75
9788,2021-02-28 09:27:00,408.5,425.95,405.4,425.95,600,14700,360.43,385.45,466.75
9789,2021-02-28 09:28:00,408.5,425.95,405.4,425.95,600,14700,360.43,385.45,466.75
9790,2021-02-28 09:29:00,408.5,425.95,405.4,425.95,600,14700,360.43,385.45,466.75
9791,2021-02-28 09:30:00,408.5,425.95,405.4,425.95,600,14700,360.43,385.45,466.75
9792,2021-02-28 09:31:00,408.5,425.95,405.4,425.95,600,14700,360.43,385.45,466.75
9793,2021-02-28 09:32:00,408.5,425.95,405.4,425.95,600,14700,360.43,385.45,466.75
9794,2021-02-28 09:33:00,408.5,425.95,405.4,425.95,600,14700,360.43,385.45,466.75
9795,2021-02-28 09:34:00,408.5,425.95,405.4,425.95,600,14700,360.43,385.45,466.75
9796,2021-02-28 09:35:00,408.5,425.95,405.4,425.95,600,14700,360.43,385.45,466.75
9797,2021-02-28 09:36:00,408.5,425.95,405.4,425.95,600,14700,360.43,385.45,466.75
9798,2021-02-28 09:37:00,408.5,425.95,405.4,425.95,600,14700,360.43,385.45,466.75
9799,2021-02-28 09:38:00,408.5,425.95,405.4,425.95,600,14700,360.43,385.45,466.75
9800,2021-02-28 09:39:00,408.5,425.95,405.4,425.95,600,14700,360.43,385.45,466.75
9801,2021-02-28 09:40:00,408.5,425.95,405.4,425.95,600,14700,360.43,385.45,466.75
9802,2021-02-28 09:41:00,408.5,425.95,405.4,425.95,600,14700,360.43,385.45,466.75
9803,2021-02-28 09:42:00,408.5,425.95,405.4,425.95,600,14700,360.43,385.45,466.75
9804,2021-02-28 09:43:00,408.5,425.95,405.4,425.95,600,14700,360.43,385.45,466.75
9805,2021-02-28 09:44:00,408.5,425.95,405.4,425.95,600,14700,360.43,385.45,466.75
9806,2021-02-28 09:45:00,408.5,425.95,405.4,425.95,600,14700,360.43,385.45,466.75
9807,2021-02-28 09:46:00,408.5,425.95,405.4,425.95,600,14700,360.43,385.45,466.75
9808,2021-02-28 09:47:00,408.5,425.95,405.4,425.95,600,14700,360.43,385.45,466.75
9809,2021-02-28 09:48:00,408.5,425.95,405.4,425.95,600,14700,360.43,385.45,466.75
9810,2021-02-28 09:49:00,408.5,425.95,405.4,425.95,600,14700,360.43,385.45,466.75
9811,2021-02-28 09:50:00,408.5,425.95,405.4,425.95,600,14700,360.43,385.45,466.75
9812,2021-02-28 09:51:00,408.5,425.95,405.4,425.95,600,14700,360.43,385.45,466.75
9813,2021-02-28 09:52:00,408.5,425.95,405.4,425.95,600,14700,360.43,385.45,466.75
9814,2021-02-28 09:53:00,408.5,425.95,405.4,425.95,600,14700,360.43,385.45,466.75
9815,2021-02-28 09:54:00,408.5,425.95,405.4,425.95,600,14700,360.43,385.45,466.75
9816,2021-02-28 09:55:00,408.5,425.95,405.4,425.95,600,14700,360.43,385.45,466.75
9817,2021-02-28 09:56:00,408.5,425.95,405.4,425.95,600,14700,360.43,385.45,466.75
9818,2021-02-28 09:57:00,408.5,425.95,405.4,425.95,600,14700,360.43,385.45,466.75
9819,2021-02-28 09:58:00,408.5,425.95,405.4,425.95,600,14700,360.43,385.45,466.75
9820,2021-02-28 09:59:00,408.5,425.95,405.4,425.95,600,14700,360.43,385.45,466.75
9821,2021-02-28 10:00:00,408.5,425.95,405.4,425.95,600,14700,360.43,385.45,466.75
9822,2021-02-28 10:01:00,408.5,425.95,405.4,425.95,600,14700,360.43,385.45,466.75
9823,2021-02-28 10:02:00,408.5,425.95,405.4,425.95,600,14700,360.43,385.45,466.75
9824,2021-02-28 10:03:00,408.5,425.95,405.4,425.95,600,14700,360.43,385.45,466.75
9825,2021-02-28 10:04:00,408.5,425.95,405.4,425.95,600,14700,360.43,385.45,466.75
9826,2021-02-28 10:05:00,408.5,425.95,405.4,425.95,600,14700,360.43,385.45,466.75
9827,2021-02-28 10:06:00,408.5,425.95,405.4,425.95,600,14700,360.43,385.45,466.75
9828,2021-02-28 10:07:00,408.5,425.95,405.4,425.95,600,14700,360.43,385.45,466.75
9829,2021-02-28 10:08:00,408.5,425.95,405.4,425.95,600,14700,360.43,385.45,466.75
9830,2021-02-28 10:09:00,408.5,425.95,405.4,425.95,600,14700,360.43,385.45,466.75
9831,2021-02-28 10:10:00,408.5,425.95,405.4,425.95,600,14700,360.43,385.45,466.75
9832,2021-02-28 10:11:00,408.5,425.95,405.4,425.95,600,14700,360.43,385.45,466.75
9833,2021-02-28 10:12:00,408.5,425.95,405.4,425.95,600,14700,360.43,385.45,466.75
9834,2021-02-28 10:13:00,408.5,425.95,405.4,425.95,600,14700,360.43,385.45,466.75
9835,2021-02-28 10:14:00,408.5,425.95,405.4,425.95,600,14700,360.43,385.45,466.75
9836,2021-02-28 10:15:00,408.5,425.95,405.4,425.95,600,14700,360.43,385.45,466.75
9837,2021-02-28 10:16:00,408.5,425.95,405.4,425.95,600,14700,360.43,385.45,466.75
9838,2021-02-28 10:17:00,408.5,425.95,405.4,425.95,600,14700,360.43,385.45,466.75
9839,2021-02-28 10:18:00,408.5,425.95,405.4,425.95,600,14700,360.43,385.45,466.75
9840,2021-02-28 10:19:00,408.5,425.95,405.4,425.95,600,14700,360.43,385.45,466.75
9841,2021-02-28 10:20:00,408.5,425.95,405.4,425.95,600,14700,360.43,385.45,466.75
9842,2021-02-28 10:21:00,408.5,425.95,405.4,425.95,600,14700,360.43,385.45,466.75
9843,2021-02-28 10:22:00,408.5,425.95,405.4,425.95,600,14700,360.43,385.45,466.75
9844,2021-02-28 10:23:00,408.5,425.95,405.4,425.95,600,14700,360.43,385.45,466.75
9845,2021-02-28 10:24:00,408.5,425.95,405.4,425.95,600,14700,360.43,385.45,466.75
9846,2021-02-28 10:25:00,408.5,425.95,405.4,425.95,600,14700,360.43,385.45,466.75
9847,2021-02-28 10:26:00,408.5,425.95,405.4,425.95,600,14700,360.43,385.45,466.75
9848,2021-02-28 10:27:00,408.5,425.95,405.4,425.95,600,14700,360.43,385.45,466.75
9849,2021-02-28 10:28:00,408.5,425.95,405.4,425.95,600,14700,360.43,385.45,466.75
9850,2021-02-28 10:29:00,408.5,425.95,405.4,425.95,600,14700,360.43,385.45,466.75
9851,2021-02-28 10:30:00,408.5,425.95,405.4,425.95,600,14700,360.43,385.45,466.75
9852,2021-02-28 10:31:00,408.5,425.95,405.4,425.95,600,14700,360.43,385.45,466.75
9853,2021-02-28 10:32:00,408.5,425.95,405.4,425.95,600,14700,360.43,385.45,466.75
9854,2021-02-28 10:33:00,408.5,425.95,405.4,425.95,600,14700,360.43,385.45,466.75
9855,2021-02-28 10:34:00,408.5,425.95,405.4,425.95,600,14700,360.43,385.45,466.75
9856,2021-02-28 10:35:00,408.5,425.95,405.4,425.95,600,14700,360.43,385.45,466.75
9857,2021-02-28 10:36:00,408.5,425.95,405.4,425.95,600,14700,360.43,385.45,466.75
9858,2021-02-28 10:37:00,408.5,425.95,405.4,425.95,600,14700,360.43,385.45,466.75
9859,2021-02-28 10:38:00,408.5,425.95,405.4,425.95,600,14700,360.43,385.45,466.75
9860,2021-02-28 10:39:00,408.5,425.95,405.4,425.95,600,14700,360.43,385.45,466.75
9861,2021-02-28 10:40:00,408.5,425.95,405.4,425.95,600,14700,360.43,385.45,466.75
9862,2021-02-28 10:41:00,408.5,425.95,405.4,425.95,600,14700,360.43,385.45,466.75
9863,2021-02-28 10:42:00,408.5,425.95,405.4,425.95,600,14700,360.43,385.45,466.75
9864,2021-02-28 10:43:00,408.5,425.95,405.4,425.95,600,14700,360.43,385.45,466.75
9865,2021-02-28 10:44:00,408.5,425.95,405.4,425.95,600,14700,360.43,385.45,466.75
9866,2021-02-28 10:45:00,408.5,425.95,405.4,425.95,600,14700,360.43,385.45,466.75
9867,2021-02-28 10:46:00,408.5,425.95,405.4,425.95,600,14700,360.43,385.45,466.75
9868,2021-02-28 10:47:00,408.5,425.95,405.4,425.95,600,14700,360.43,385.45,466.75
9869,2021-02-28 10:48:00,408.5,425.95,405.4,425.95,600,14700,360.43,385.45,466.75
9870,2021-02-28 10:49:00,408.5,425.95,405.4,425.95,600,14700,360.43,385.45,466.75
9871,2021-02-28 10:50:00,408.5,425.95,405.4,425.95,600,14700,360.43,385.45,466.75
9872,2021-02-28 10:51:00,408.5,425.95,405.4,425.95,600,14700,360.43,385.45,466.75
9873,2021-02-28 10:52:00,408.5,425.95,405.4,425.95,600,14700,360.43,385.45,466.75
9874,2021-02-28 10:53:00,408.5,425.95,405.4,425.95,600,14700,360.43,385.45,466.75
9875,2021-02-28 10:54:00,408.5,425.95,405.4,425.95,600,14700,360.43,385.45,466.75
9876,2021-02-28 10:55:00,408.5,425.95,405.4,425.95,600,14700,360.43,385.45,466.75
9877,2021-02-28 10:56:00,408.5,425.95,405.4,425.95,600,14700,360.43,385.45,466.75
9878,2021-02-28 10:57:00,408.5,425.95,405.4,425.95,600,14700,360.43,385.45,466.75
9879,2021-02-28 10:58:00,408.5,425.95,405.4,425.95,600,14700,360.43,385.45,466.75
9880,2021-02-28 10:59:00,408.5,425.95,405.4,425.95,600,14700,360.43,385.45,466.75
9881,2021-02-28 11:00:00,408.5,425.95,405.4,425.95,600,14700,360.43,385.45,466.75
9882,2021-02-28 11:01:00,408.5,425.95,405.4,425.95,600,14700,360.43,385.45,466.75
9883,2021-02-28 11:02:00,408.5,425.95,405.4,425.95,600,14700,360.43,385.45,466.75
9884,2021-02-28 11:03:00,408.5,425.95,405.4,425.95,600,14700,360.43,385.45,466.75
9885,2021-02-28 11:04:00,408.5,425.95,405.4,425.95,600,14700,360.43,385.45,466.75
9886,2021-02-28 11:05:00,408.5,425.95,405.4,425.95,600,14700,360.43,385.45,466.75
9887,2021-02-28 11:06:00,408.5,425.95,405.4,425.95,600,14700,360.43,385.45,466.75
9888,2021-02-28 11:07:00,408.5,425.95,405.4,425.95,600,14700,360.43,385.45,466.75
9889,2021-02-28 11:08:00,408.5,425.95,405.4,425.95,600,14700,360.43,385.45,466.75
9890,2021-02-28 11:09:00,408.5,425.95,405.4,425.95,600,14700,360.43,385.45,466.75
9891,2021-02-28 11:10:00,408.5,425.95,405.4,425.95,600,14700,360.43,385.45,466.75
9892,2021-02-28 11:11:00,408.5,425.95,405.4,425.95,600,14700,360.43,385.45,466.75
9893,2021-02-28 11:12:00,408.5,425.95,405.4,425.95,600,14700,360.43,385.45,466.75
9894,2021-02-28 11:13:00,408.5,425.95,405.4,425.95,600,14700,360.43,385.45,466.75
9895,2021-02-28 11:14:00,408.5,425.95,405.4,425.95,600,14700,360.43,385.45,466.75
9896,2021-02-28 11:15:00,408.5,425.95,405.4,425.95,600,14700,360.43,385.45,466.75
9897,2021-02-28 11:16:00,408.5,425.95,405.4,425.95,600,14700,360.43,385.45,466.75
9898,2021-02-28 11:17:00,408.5,425.95,405.4,425.95,600,14700,360.43,385.45,466.75
9899,2021-02-28 11:18:00,408.5,425.95,405.4,425.95,600,14700,360.43,385.45,466.75
9900,2021-02-28 11:19:00,408.5,425.95,405.4,425.95,600,14700,360.43,385.45,466.75
9901,2021-02-28 11:20:00,408.5,425.95,405.4,425.95,600,14700,360.43,385.45,466.75
9902,2021-02-28 11:21:00,408.5,425.95,405.4,425.95,600,14700,360.43,385.45,466.75
9903,2021-02-28 11:22:00,408.5,425.95,405.4,425.95,600,14700,360.43,385.45,466.75
9904,2021-02-28 11:23:00,408.5,425.95,405.4,425.95,600,14700,360.43,385.45,466.75
9905,2021-02-28 11:24:00,408.5,425.95,405.4,425.95,600,14700,360.43,385.45,466.75
9906,2021-02-28 11:25:00,408.5,425.95,405.4,425.95,600,14700,360.43,385.45,466.75
9907,2021-02-28 11:26:00,408.5,425.95,405.4,425.95,600,14700,360.43,385.45,466.75
9908,2021-02-28 11:27:00,408.5,425.95,405.4,425.95,600,14700,360.43,385.45,466.75
9909,2021-02-28 11:28:00,408.5,425.95,405.4,425.95,600,14700,360.43,385.45,466.75
9910,2021-02-28 11:29:00,408.5,425.95,405.4,425.95,600,14700,360.43,385.45,466.75
9911,2021-02-28 11:30:00,408.5,425.95,405.4,425.95,600,14700,360.43,385.45,466.75
9912,2021-02-28 11:31:00,408.5,425.95,405.4,425.95,600,14700,360.43,385.45,466.75
9913,2021-02-28 11:32:00,408.5,425.95,405.4,425.95,600,14700,360.43,385.45,466.75
9914,2021-02-28 11:33:00,408.5,425.95,405.4,425.95,600,14700,360.43,385.45,466.75
9915,2021-02-28 11:34:00,408.5,425.95,405.4,425.95,600,14700,360.43,385.45,466.75
9916,2021-02-28 11:35:00,408.5,425.95,405.4,425.95,600,14700,360.43,385.45,466.75
9917,2021-02-28 11:36:00,408.5,425.95,405.4,425.95,600,14700,360.43,385.45,466.75
9918,2021-02-28 11:37:00,408.5,425.95,405.4,425.95,600,14700,360.43,385.45,466.75
9919,2021-02-28 11:38:00,408.5,425.95,405.4,425.95,600,14700,360.43,385.45,466.75
9920,2021-02-28 11:39:00,408.5,425.95,405.4,425.95,600,14700,360.43,385.45,466.75
9921,2021-02-28 11:40:00,408.5,425.95,405.4,425.95,600,14700,360.43,385.45,466.75
9922,2021-02-28 11:41:00,408.5,425.95,405.4,425.95,600,14700,360.43,385.45,466.75
9923,2021-02-28 11:42:00,408.5,425.95,405.4,425.95,600,14700,360.43,385.45,466.75
9924,2021-02-28 11:43:00,408.5,425.95,405.4,425.95,600,14700,360.43,385.45,466.75
9925,2021-02-28 11:44:00,408.5,425.95,405.4,425.95,600,14700,360.43,385.45,466.75
9926,2021-02-28 11:45:00,408.5,425.95,405.4,425.95,600,14700,360.43,385.45,466.75
9927,2021-02-28 11:46:00,408.5,425.95,405.4,425.95,600,14700,360.43,385.45,466.75
9928,2021-02-28 11:47:00,408.5,425.95,405.4,425.95,600,14700,360.43,385.45,466.75
9929,2021-02-28 11:48:00,408.5,425.95,405.4,425.95,600,14700,360.43,385.45,466.75
9930,2021-02-28 11:49:00,408.5,425.95,405.4,425.95,600,14700,360.43,385.45,466.75
9931,2021-02-28 11:50:00,408.5,425.95,405.4,425.95,600,14700,360.43,385.45,466.75
9932,2021-02-28 11:51:00,408.5,425.95,405.4,425.95,600,14700,360.43,385.45,466.75
9933,2021-02-28 11:52:00,408.5,425.95,405.4,425.95,600,14700,360.43,385.45,466.75
9934,2021-02-28 11:53:00,408.5,425.95,405.4,425.95,600,14700,360.43,385.45,466.75
9935,2021-02-28 11:54:00,408.5,425.95,405.4,425.95,600,14700,360.43,385.45,466.75
9936,2021-02-28 11:55:00,408.5,425.95,405.4,425.95,600,14700,360.43,385.45,466.75
9937,2021-02-28 11:56:00,408.5,425.95,405.4,425.95,600,14700,360.43,385.45,466.75
9938,2021-02-28 11:57:00,408.5,425.95,405.4,425.95,600,14700,360.43,385.45,466.75
9939,2021-02-28 11:58:00,408.5,425.95,405.4,425.95,600,14700,360.43,385.45,466.75
9940,2021-02-28 11:59:00,408.5,425.95,405.4,425.95,600,14700,360.43,385.45,466.75
9941,2021-02-28 12:00:00,408.5,425.95,405.4,425.95,600,14700,360.43,385.45,466.75
9942,2021-02-28 12:01:00,408.5,425.95,405.4,425.95,600,14700,360.43,385.45,466.75
9943,2021-02-28 12:02:00,408.5,425.95,405.4,425.95,600,14700,360.43,385.45,466.75
9944,2021-02-28 12:03:00,408.5,425.95,405.4,425.95,600,14700,360.43,385.45,466.75
9945,2021-02-28 12:04:00,408.5,425.95,405.4,425.95,600,14700,360.43,385.45,466.75
9946,2021-02-28 12:05:00,408.5,425.95,405.4,425.95,600,14700,360.43,385.45,466.75
9947,2021-02-28 12:06:00,408.5,425.95,405.4,425.95,600,14700,360.43,385.45,466.75
9948,2021-02-28 12:07:00,408.5,425.95,405.4,425.95,600,14700,360.43,385.45,466.75
9949,2021-02-28 12:08:00,408.5,425.95,405.4,425.95,600,14700,360.43,385.45,466.75
9950,2021-02-28 12:09:00,408.5,425.95,405.4,425.95,600,14700,360.43,385.45,466.75
9951,2021-02-28 12:10:00,408.5,425.95,405.4,425.95,600,14700,360.43,385.45,466.75
9952,2021-02-28 12:11:00,408.5,425.95,405.4,425.95,600,14700,360.43,385.45,466.75
9953,2021-02-28 12:12:00,408.5,425.95,405.4,425.95,600,14700,360.43,385.45,466.75
9954,2021-02-28 12:13:00,408.5,425.95,405.4,425.95,600,14700,360.43,385.45,466.75
9955,2021-02-28 12:14:00,408.5,425.95,405.4,425.95,600,14700,360.43,385.45,466.75
9956,2021-02-28 12:15:00,408.5,425.95,405.4,425.95,600,14700,360.43,385.45,466.75
9957,2021-02-28 12:16:00,408.5,425.95,405.4,425.95,600,14700,360.43,385.45,466.75
9958,2021-02-28 12:17:00,408.5,425.95,405.4,425.95,600,14700,360.43,385.45,466.75
9959,2021-02-28 12:18:00,408.5,425.95,405.4,425.95,600,14700,360.43,385.45,466.75
9960,2021-02-28 12:19:00,408.5,425.95,405.4,425.95,600,14700,360.43,385.45,466.75
9961,2021-02-28 12:20:00,408.5,425.95,405.4,425.95,600,14700,360.43,385.45,466.75
9962,2021-02-28 12:21:00,408.5,425.95,405.4,425.95,600,14700,360.43,385.45,466.75
9963,2021-02-28 12:22:00,408.5,425.95,405.4,425.95,600,14700,360.43,385.45,466.75
9964,2021-02-28 12:23:00,408.5,425.95,405.4,425.95,600,14700,360.43,385.45,466.75
9965,2021-02-28 12:24:00,408.5,425.95,405.4,425.95,600,14700,360.43,385.45,466.75
9966,2021-02-28 12:25:00,408.5,425.95,405.4,425.95,600,14700,360.43,385.45,466.75
9967,2021-02-28 12:26:00,408.5,425.95,405.4,425.95,600,14700,360.43,385.45,466.75
9968,2021-02-28 12:27:00,408.5,425.95,405.4,425.95,600,14700,360.43,385.45,466.75
9969,2021-02-28 12:28:00,408.5,425.95,405.4,425.95,600,14700,360.43,385.45,466.75
9970,2021-02-28 12:29:00,408.5,425.95,405.4,425.95,600,14700,360.43,385.45,466.75
9971,2021-02-28 12:30:00,408.5,425.95,405.4,425.95,600,14700,360.43,385.45,466.75
9972,2021-02-28 12:31:00,408.5,425.95,405.4,425.95,600,14700,360.43,385.45,466.75
9973,2021-02-28 12:32:00,408.5,425.95,405.4,425.95,600,14700,360.43,385.45,466.75
9974,2021-02-28 12:33:00,408.5,425.95,405.4,425.95,600,14700,360.43,385.45,466.75
9975,2021-02-28 12:34:00,408.5,425.95,405.4,425.95,600,14700,360.43,385.45,466.75
9976,2021-02-28 12:35:00,408.5,425.95,405.4,425.95,600,14700,360.43,385.45,466.75
9977,2021-02-28 12:36:00,408.5,425.95,405.4,425.95,600,14700,360.43,385.45,466.75
9978,2021-02-28 12:37:00,408.5,425.95,405.4,425.95,600,14700,360.43,385.45,466.75
9979,2021-02-28 12:38:00,408.5,425.95,405.4,425.95,600,14700,360.43,385.45,466.75
9980,2021-02-28 12:39:00,408.5,425.95,405.4,425.95,600,14700,360.43,385.45,466.75
9981,2021-02-28 12:40:00,408.5,425.95,405.4,425.95,600,14700,360.43,385.45,466.75
9982,2021-02-28 12:41:00,408.5,425.95,405.4,425.95,600,14700,360.43,385.45,466.75
9983,2021-02-28 12:42:00,408.5,425.95,405.4,425.95,600,14700,360.43,385.45,466.75
9984,2021-02-28 12:43:00,408.5,425.95,405.4,425.95,600,14700,360.43,385.45,466.75
9985,2021-02-28 12:44:00,408.5,425.95,405.4,425.95,600,14700,360.43,385.45,466.75
9986,2021-02-28 12:45:00,408.5,425.95,405.4,425.95,600,14700,360.43,385.45,466.75
9987,2021-02-28 12:46:00,408.5,425.95,405.4,425.95,600,14700,360.43,385.45,466.75
9988,2021-02-28 12:47:00,408.5,425.95,405.4,425.95,600,14700,360.43,385.45,466.75
9989,2021-02-28 12:48:00,408.5,425.95,405.4,425.95,600,14700,360.43,385.45,466.75
9990,2021-02-28 12:49:00,408.5,425.95,405.4,425.95,600,14700,360.43,385.45,466.75
9991,2021-02-28 12:50:00,408.5,425.95,405.4,425.95,600,14700,360.43,385.45,466.75
9992,2021-02-28 12:51:00,408.5,425.95,405.4,425.95,600,14700,360.43,385.45,466.75
9993,2021-02-28 12:52:00,408.5,425.95,405.4,425.95,600,14700,360.43,385.45,466.75
9994,2021-02-28 12:53:00,408.5,425.95,405.4,425.95,600,14700,360.43,385.45,466.75
9995,2021-02-28 12:54:00,408.5,425.95,405.4,425.95,600,14700,360.43,385.45,466.75
9996,2021-02-28 12:55:00,408.5,425.95,405.4,425.95,600,14700,360.43,385.45,466.75
9997,2021-02-28 12:56:00,408.5,425.95,405.4,425.95,600,14700,360.43,385.45,466.75
9998,2021-02-28 12:57:00,408.5,425.95,405.4,425.95,600,14700,360.43,385.45,466.75
9999,2021-02-28 12:58:00,408.5,425.95,405.4,425.95,600,14700,360.43,385.45,466.75
10000,2021-02-28 12:59:00,408.5,425.95,405.4,425.95,600,14700,360.43,385.45,466.75
10001,2021-02-28 13:00:00,408.5,425.95,405.4,425.95,600,14700,360.43,385.45,466.75
10002,2021-02-28 13:01:00,408.5,425.95,405.4,425.95,600,14700,360.43,385.45,466.75
10003,2021-02-28 13:02:00,408.5,425.95,405.4,425.95,600,14700,360.43,385.45,466.75
10004,2021-02-28 13:03:00,408.5,425.95,405.4,425.95,600,14700,360.43,385.45,466.75
10005,2021-02-28 13:04:00,408.5,425.95,405.4,425.95,600,14700,360.43,385.45,466.75
10006,2021-02-28 13:05:00,408.5,425.95,405.4,425.95,600,14700,360.43,385.45,466.75
10007,2021-02-28 13:06:00,408.5,425.95,405.4,425.95,600,14700,360.43,385.45,466.75
10008,2021-02-28 13:07:00,408.5,425.95,405.4,425.95,600,14700,360.43,385.45,466.75
10009,2021-02-28 13:08:00,408.5,425.95,405.4,425.95,600,14700,360.43,385.45,466.75
10010,2021-02-28 13:09:00,408.5,425.95,405.4,425.95,600,14700,360.43,385.45,466.75
10011,2021-02-28 13:10:00,408.5,425.95,405.4,425.95,600,14700,360.43,385.45,466.75
10012,2021-02-28 13:11:00,408.5,425.95,405.4,425.95,600,14700,360.43,385.45,466.75
10013,2021-02-28 13:12:00,408.5,425.95,405.4,425.95,600,14700,360.43,385.45,466.75
10014,2021-02-28 13:13:00,408.5,425.95,405.4,425.95,600,14700,360.43,385.45,466.75
10015,2021-02-28 13:14:00,408.5,425.95,405.4,425.95,600,14700,360.43,385.45,466.75
10016,2021-02-28 13:15:00,408.5,425.95,405.4,425.95,600,14700,360.43,385.45,466.75
10017,2021-02-28 13:16:00,408.5,425.95,405.4,425.95,600,14700,360.43,385.45,466.75
10018,2021-02-28 13:17:00,408.5,425.95,405.4,425.95,600,14700,360.43,385.45,466.75
10019,2021-02-28 13:18:00,408.5,425.95,405.4,425.95,600,14700,360.43,385.45,466.75
10020,2021-02-28 13:19:00,408.5,425.95,405.4,425.95,600,14700,360.43,385.45,466.75
10021,2021-02-28 13:20:00,408.5,425.95,405.4,425.95,600,14700,360.43,385.45,466.75
10022,2021-02-28 13:21:00,408.5,425.95,405.4,425.95,600,14700,360.43,385.45,466.75
10023,2021-02-28 13:22:00,408.5,425.95,405.4,425.95,600,14700,360.43,385.45,466.75
10024,2021-02-28 13:23:00,408.5,425.95,405.4,425.95,600,14700,360.43,385.45,466.75
10025,2021-02-28 13:24:00,408.5,425.95,405.4,425.95,600,14700,360.43,385.45,466.75
10026,2021-02-28 13:25:00,408.5,425.95,405.4,425.95,600,14700,360.43,385.45,466.75
10027,2021-02-28 13:26:00,408.5,425.95,405.4,425.95,600,14700,360.43,385.45,466.75
10028,2021-02-28 13:27:00,408.5,425.95,405.4,425.95,600,14700,360.43,385.45,466.75
10029,2021-02-28 13:28:00,408.5,425.95,405.4,425.95,600,14700,360.43,385.45,466.75
10030,2021-02-28 13:29:00,408.5,425.95,405.4,425.95,600,14700,360.43,385.45,466.75
10031,2021-02-28 13:30:00,408.5,425.95,405.4,425.95,600,14700,360.43,385.45,466.75
10032,2021-02-28 13:31:00,408.5,425.95,405.4,425.95,600,14700,360.43,385.45,466.75
10033,2021-02-28 13:32:00,408.5,425.95,405.4,425.95,600,14700,360.43,385.45,466.75
10034,2021-02-28 13:33:00,408.5,425.95,405.4,425.95,600,14700,360.43,385.45,466.75
10035,2021-02-28 13:34:00,408.5,425.95,405.4,425.95,600,14700,360.43,385.45,466.75
10036,2021-02-28 13:35:00,408.5,425.95,405.4,425.95,600,14700,360.43,385.45,466.75
10037,2021-02-28 13:36:00,408.5,425.95,405.4,425.95,600,14700,360.43,385.45,466.75
10038,2021-02-28 13:37:00,408.5,425.95,405.4,425.95,600,14700,360.43,385.45,466.75
10039,2021-02-28 13:38:00,408.5,425.95,405.4,425.95,600,14700,360.43,385.45,466.75
10040,2021-02-28 13:39:00,408.5,425.95,405.4,425.95,600,14700,360.43,385.45,466.75
10041,2021-02-28 13:40:00,408.5,425.95,405.4,425.95,600,14700,360.43,385.45,466.75
10042,2021-02-28 13:41:00,408.5,425.95,405.4,425.95,600,14700,360.43,385.45,466.75
10043,2021-02-28 13:42:00,408.5,425.95,405.4,425.95,600,14700,360.43,385.45,466.75
10044,2021-02-28 13:43:00,408.5,425.95,405.4,425.95,600,14700,360.43,385.45,466.75
10045,2021-02-28 13:44:00,408.5,425.95,405.4,425.95,600,14700,360.43,385.45,466.75
10046,2021-02-28 13:45:00,408.5,425.95,405.4,425.95,600,14700,360.43,385.45,466.75
10047,2021-02-28 13:46:00,408.5,425.95,405.4,425.95,600,14700,360.43,385.45,466.75
10048,2021-02-28 13:47:00,408.5,425.95,405.4,425.95,600,14700,360.43,385.45,466.75
10049,2021-02-28 13:48:00,408.5,425.95,405.4,425.95,600,14700,360.43,385.45,466.75
10050,2021-02-28 13:49:00,408.5,425.95,405.4,425.95,600,14700,360.43,385.45,466.75
10051,2021-02-28 13:50:00,408.5,425.95,405.4,425.95,600,14700,360.43,385.45,466.75
10052,2021-02-28 13:51:00,408.5,425.95,405.4,425.95,600,14700,360.43,385.45,466.75
10053,2021-02-28 13:52:00,408.5,425.95,405.4,425.95,600,14700,360.43,385.45,466.75
10054,2021-02-28 13:53:00,408.5,425.95,405.4,425.95,600,14700,360.43,385.45,466.75
10055,2021-02-28 13:54:00,408.5,425.95,405.4,425.95,600,14700,360.43,385.45,466.75
10056,2021-02-28 13:55:00,408.5,425.95,405.4,425.95,600,14700,360.43,385.45,466.75
10057,2021-02-28 13:56:00,408.5,425.95,405.4,425.95,600,14700,360.43,385.45,466.75
10058,2021-02-28 13:57:00,408.5,425.95,405.4,425.95,600,14700,360.43,385.45,466.75
10059,2021-02-28 13:58:00,408.5,425.95,405.4,425.95,600,14700,360.43,385.45,466.75
10060,2021-02-28 13:59:00,408.5,425.95,405.4,425.95,600,14700,360.43,385.45,466.75
10061,2021-02-28 14:00:00,408.5,425.95,405.4,425.95,600,14700,360.43,385.45,466.75
10062,2021-02-28 14:01:00,408.5,425.95,405.4,425.95,600,14700,360.43,385.45,466.75
10063,2021-02-28 14:02:00,408.5,425.95,405.4,425.95,600,14700,360.43,385.45,466.75
10064,2021-02-28 14:03:00,408.5,425.95,405.4,425.95,600,14700,360.43,385.45,466.75
10065,2021-02-28 14:04:00,408.5,425.95,405.4,425.95,600,14700,360.43,385.45,466.75
10066,2021-02-28 14:05:00,408.5,425.95,405.4,425.95,600,14700,360.43,385.45,466.75
10067,2021-02-28 14:06:00,408.5,425.95,405.4,425.95,600,14700,360.43,385.45,466.75
10068,2021-02-28 14:07:00,408.5,425.95,405.4,425.95,600,14700,360.43,385.45,466.75
10069,2021-02-28 14:08:00,408.5,425.95,405.4,425.95,600,14700,360.43,385.45,466.75
10070,2021-02-28 14:09:00,408.5,425.95,405.4,425.95,600,14700,360.43,385.45,466.75
10071,2021-02-28 14:10:00,408.5,425.95,405.4,425.95,600,14700,360.43,385.45,466.75
10072,2021-02-28 14:11:00,408.5,425.95,405.4,425.95,600,14700,360.43,385.45,466.75
10073,2021-02-28 14:12:00,408.5,425.95,405.4,425.95,600,14700,360.43,385.45,466.75
10074,2021-02-28 14:13:00,408.5,425.95,405.4,425.95,600,14700,360.43,385.45,466.75
10075,2021-02-28 14:14:00,408.5,425.95,405.4,425.95,600,14700,360.43,385.45,466.75
10076,2021-02-28 14:15:00,408.5,425.95,405.4,425.95,600,14700,360.43,385.45,466.75
10077,2021-02-28 14:16:00,408.5,425.95,405.4,425.95,600,14700,360.43,385.45,466.75
10078,2021-02-28 14:17:00,408.5,425.95,405.4,425.95,600,14700,360.43,385.45,466.75
10079,2021-02-28 14:18:00,408.5,425.95,405.4,425.95,600,14700,360.43,385.45,466.75
10080,2021-02-28 14:19:00,408.5,425.95,405.4,425.95,600,14700,360.43,385.45,466.75
10081,2021-02-28 14:20:00,408.5,425.95,405.4,425.95,600,14700,360.43,385.45,466.75
10082,2021-02-28 14:21:00,408.5,425.95,405.4,425.95,600,14700,360.43,385.45,466.75
10083,2021-02-28 14:22:00,408.5,425.95,405.4,425.95,600,14700,360.43,385.45,466.75
10084,2021-02-28 14:23:00,408.5,425.95,405.4,425.95,600,14700,360.43,385.45,466.75
10085,2021-02-28 14:24:00,408.5,425.95,405.4,425.95,600,14700,360.43,385.45,466.75
10086,2021-02-28 14:25:00,408.5,425.95,405.4,425.95,600,14700,360.43,385.45,466.75
10087,2021-02-28 14:26:00,408.5,425.95,405.4,425.95,600,14700,360.43,385.45,466.75
10088,2021-02-28 14:27:00,408.5,425.95,405.4,425.95,600,14700,360.43,385.45,466.75
10089,2021-02-28 14:28:00,408.5,425.95,405.4,425.95,600,14700,360.43,385.45,466.75
10090,2021-02-28 14:29:00,408.5,425.95,405.4,425.95,600,14700,360.43,385.45,466.75
10091,2021-02-28 14:30:00,408.5,425.95,405.4,425.95,600,14700,360.43,385.45,466.75
10092,2021-02-28 14:31:00,408.5,425.95,405.4,425.95,600,14700,360.43,385.45,466.75
10093,2021-02-28 14:32:00,408.5,425.95,405.4,425.95,600,14700,360.43,385.45,466.75
10094,2021-02-28 14:33:00,408.5,425.95,405.4,425.95,600,14700,360.43,385.45,466.75
10095,2021-02-28 14:34:00,408.5,425.95,405.4,425.95,600,14700,360.43,385.45,466.75
10096,2021-02-28 14:35:00,408.5,425.95,405.4,425.95,600,14700,360.43,385.45,466.75
10097,2021-02-28 14:36:00,408.5,425.95,405.4,425.95,600,14700,360.43,385.45,466.75
10098,2021-02-28 14:37:00,408.5,425.95,405.4,425.95,600,14700,360.43,385.45,466.75
10099,2021-02-28 14:38:00,408.5,425.95,405.4,425.95,600,14700,360.43,385.45,466.75
10100,2021-02-28 14:39:00,408.5,425.95,405.4,425.95,600,14700,360.43,385.45,466.75
10101,2021-02-28 14:40:00,408.5,425.95,405.4,425.95,600,14700,360.43,385.45,466.75
10102,2021-02-28 14:41:00,408.5,425.95,405.4,425.95,600,14700,360.43,385.45,466.75
10103,2021-02-28 14:42:00,408.5,425.95,405.4,425.95,600,14700,360.43,385.45,466.75
10104,2021-02-28 14:43:00,408.5,425.95,405.4,425.95,600,14700,360.43,385.45,466.75
10105,2021-02-28 14:44:00,408.5,425.95,405.4,425.95,600,14700,360.43,385.45,466.75
10106,2021-02-28 14:45:00,408.5,425.95,405.4,425.95,600,14700,360.43,385.45,466.75
10107,2021-02-28 14:46:00,408.5,425.95,405.4,425.95,600,14700,360.43,385.45,466.75
10108,2021-02-28 14:47:00,408.5,425.95,405.4,425.95,600,14700,360.43,385.45,466.75
10109,2021-02-28 14:48:00,408.5,425.95,405.4,425.95,600,14700,360.43,385.45,466.75
10110,2021-02-28 14:49:00,408.5,425.95,405.4,425.95,600,14700,360.43,385.45,466.75
10111,2021-02-28 14:50:00,408.5,425.95,405.4,425.95,600,14700,360.43,385.45,466.75
10112,2021-02-28 14:51:00,408.5,425.95,405.4,425.95,600,14700,360.43,385.45,466.75
10113,2021-02-28 14:52:00,408.5,425.95,405.4,425.95,600,14700,360.43,385.45,466.75
10114,2021-02-28 14:53:00,408.5,425.95,405.4,425.95,600,14700,360.43,385.45,466.75
10115,2021-02-28 14:54:00,408.5,425.95,405.4,425.95,600,14700,360.43,385.45,466.75
10116,2021-02-28 14:55:00,408.5,425.95,405.4,425.95,600,14700,360.43,385.45,466.75
10117,2021-02-28 14:56:00,408.5,425.95,405.4,425.95,600,14700,360.43,385.45,466.75
10118,2021-02-28 14:57:00,408.5,425.95,405.4,425.95,600,14700,360.43,385.45,466.75
10119,2021-02-28 14:58:00,408.5,425.95,405.4,425.95,600,14700,360.43,385.45,466.75
10120,2021-02-28 14:59:00,408.5,425.95,405.4,425.95,600,14700,360.43,385.45,466.75
10121,2021-02-28 15:00:00,408.5,425.95,405.4,425.95,600,14700,360.43,385.45,466.75
10122,2021-02-28 15:01:00,408.5,425.95,405.4,425.95,600,14700,360.43,385.45,466.75
10123,2021-02-28 15:02:00,408.5,425.95,405.4,425.95,600,14700,360.43,385.45,466.75
10124,2021-02-28 15:03:00,408.5,425.95,405.4,425.95,600,14700,360.43,385.45,466.75
10125,2021-02-28 15:04:00,408.5,425.95,405.4,425.95,600,14700,360.43,385.45,466.75
10126,2021-02-28 15:05:00,408.5,425.95,405.4,425.95,600,14700,360.43,385.45,466.75
10127,2021-02-28 15:06:00,408.5,425.95,405.4,425.95,600,14700,360.43,385.45,466.75
10128,2021-02-28 15:07:00,408.5,425.95,405.4,425.95,600,14700,360.43,385.45,466.75
10129,2021-02-28 15:08:00,408.5,425.95,405.4,425.95,600,14700,360.43,385.45,466.75
10130,2021-02-28 15:09:00,408.5,425.95,405.4,425.95,600,14700,360.43,385.45,466.75
10131,2021-02-28 15:10:00,408.5,425.95,405.4,425.95,600,14700,360.43,385.45,466.75
10132,2021-02-28 15:11:00,408.5,425.95,405.4,425.95,600,14700,360.43,385.45,466.75
10133,2021-02-28 15:12:00,408.5,425.95,405.4,425.95,600,14700,360.43,385.45,466.75
10134,2021-02-28 15:13:00,408.5,425.95,405.4,425.95,600,14700,360.43,385.45,466.75
10135,2021-02-28 15:14:00,408.5,425.95,405.4,425.95,600,14700,360.43,385.45,466.75
10136,2021-02-28 15:15:00,408.5,425.95,405.4,425.95,600,14700,360.43,385.45,466.75
10137,2021-02-28 15:16:00,408.5,425.95,405.4,425.95,600,14700,360.43,385.45,466.75
10138,2021-02-28 15:17:00,408.5,425.95,405.4,425.95,600,14700,360.43,385.45,466.75
10139,2021-02-28 15:18:00,408.5,425.95,405.4,425.95,600,14700,360.43,385.45,466.75
10140,2021-02-28 15:19:00,408.5,425.95,405.4,425.95,600,14700,360.43,385.45,466.75
10141,2021-02-28 15:20:00,408.5,425.95,405.4,425.95,600,14700,360.43,385.45,466.75
10142,2021-02-28 15:21:00,408.5,425.95,405.4,425.95,600,14700,360.43,385.45,466.75
10143,2021-02-28 15:22:00,408.5,425.95,405.4,425.95,600,14700,360.43,385.45,466.75
10144,2021-02-28 15:23:00,408.5,425.95,405.4,425.95,600,14700,360.43,385.45,466.75
10145,2021-02-28 15:24:00,408.5,425.95,405.4,425.95,600,14700,360.43,385.45,466.75
10146,2021-02-28 15:25:00,408.5,425.95,405.4,425.95,600,14700,360.43,385.45,466.75
10147,2021-02-28 15:26:00,408.5,425.95,405.4,425.95,600,14700,360.43,385.45,466.75
10148,2021-02-28 15:27:00,408.5,425.95,405.4,425.95,600,14700,360.43,385.45,466.75
10149,2021-02-28 15:28:00,408.5,425.95,405.4,425.95,600,14700,360.43,385.45,466.75
10150,2021-02-28 15:29:00,408.5,425.95,405.4,425.95,600,14700,360.43,385.45,466.75
10151,2021-02-28 15:30:00,408.5,425.95,405.4,425.95,600,14700,360.43,385.45,466.75
10152,2021-03-01 09:15:00,322.55,342.95,317.75,342.95,525,18900,327.66,341.05,346.95
10153,2021-03-01 09:16:00,351.5,353.45,351.5,353.45,600,18900,339.71,334.95,337.2
10154,2021-03-01 09:17:00,345.9,345.9,345.9,345.9,300,18525,341.01,340.15,342.35
10155,2021-03-01 09:18:00,337.7,338.15,337.7,338.15,675,18525,340.07,335.55,337.4
10156,2021-03-01 09:19:00,332.7,332.7,330.0,330.0,225,18525,339.18,325.6,327.75
10157,2021-03-01 09:20:00,322.05,322.5,312.5,322.5,1275,18900,332.51,318.8,320.85
10158,2021-03-01 09:21:00,318.45,318.45,312.85,313.25,1050,18900,328.79,315.95,317.5
10159,2021-03-01 09:22:00,318.45,328.6,315.15,328.6,900,18900,327.44,328.5,330.15
10160,2021-03-01 09:23:00,330.15,330.15,324.15,324.15,225,18600,327.47,324.65,326.25
10161,2021-03-01 09:24:00,325.6,325.6,325.6,325.6,75,18600,327.44,325.2,326.85
10162,2021-03-01 09:25:00,330.75,330.75,330.75,330.75,75,18600,327.49,329.05,330.75
10163,2021-03-01 09:26:00,330.75,330.75,330.75,330.75,75,18600,327.49,329.05,330.75
10164,2021-03-01 09:27:00,326.6,336.35,326.1,336.35,675,18525,327.87,334.85,336.55
10165,2021-03-01 09:28:00,336.05,339.3,336.05,339.3,225,18525,328.2,343.85,346.8
10166,2021-03-01 09:29:00,345.15,345.15,342.5,343.55,225,18450,328.69,339.9,341.65
10167,2021-03-01 09:30:00,340.7,350.0,340.7,350.0,375,18450,329.52,346.7,348.4
10168,2021-03-01 09:31:00,343.05,343.05,343.05,343.05,75,18450,329.66,340.2,341.6
10169,2021-03-01 09:32:00,342.05,352.2,342.05,350.2,225,18375,330.19,351.75,353.2
10170,2021-03-01 09:33:00,350.45,350.45,345.9,345.9,375,18375,331.04,342.05,343.7
10171,2021-03-01 09:34:00,343.3,345.4,342.85,345.4,300,18375,331.49,342.1,343.4
10172,2021-03-01 09:35:00,340.35,340.95,331.0,331.0,450,18375,331.76,329.7,331.2
10173,2021-03-01 09:36:00,329.0,329.0,325.0,325.5,300,18375,331.59,325.85,327.85
10174,2021-03-01 09:37:00,329.0,329.0,325.0,325.5,300,18375,331.59,325.85,327.85
10175,2021-03-01 09:38:00,321.6,321.6,320.0,320.0,150,18750,331.42,317.8,319.3
10176,2021-03-01 09:39:00,322.1,322.3,314.8,314.8,375,18750,330.95,314.6,316.3
10177,2021-03-01 09:40:00,322.1,322.3,314.8,314.8,375,18750,330.95,314.6,316.3
10178,2021-03-01 09:41:00,313.0,313.0,313.0,313.0,75,18750,330.81,313.9,315.05
10179,2021-03-01 09:42:00,314.25,314.25,313.5,313.5,150,18975,330.55,310.55,312.0
10180,2021-03-01 09:43:00,312.35,312.35,311.55,311.55,150,18975,330.27,310.05,311.65
10181,2021-03-01 09:44:00,310.35,310.35,310.35,310.35,75,18975,330.13,309.35,310.75
10182,2021-03-01 09:45:00,307.85,307.85,304.4,304.4,375,19125,329.28,300.75,302.2
10183,2021-03-01 09:46:00,305.55,305.55,305.05,305.05,225,19125,328.77,303.65,305.1
10184,2021-03-01 09:47:00,305.15,305.15,301.45,301.45,225,19050,328.26,299.8,301.0
10185,2021-03-01 09:48:00,299.8,299.8,299.8,299.8,75,0,328.06,305.05,306.2
10186,2021-03-01 09:49:00,299.8,299.8,299.8,299.8,75,0,328.06,305.05,306.2
10187,2021-03-01 09:50:00,302.65,302.65,302.65,302.65,75,19050,327.89,303.5,304.8
10188,2021-03-01 09:51:00,303.95,304.85,303.95,304.85,225,18900,327.42,303.7,305.05
10189,2021-03-01 09:52:00,299.8,300.95,299.8,300.95,225,18900,326.9,299.95,301.2
10190,2021-03-01 09:53:00,299.8,300.95,299.8,300.95,225,18900,326.9,299.95,301.2
10191,2021-03-01 09:54:00,304.7,304.7,304.7,304.7,75,19050,326.76,296.3,297.7
10192,2021-03-01 09:55:00,295.9,298.2,292.85,298.2,750,19050,324.8,300.65,301.85
10193,2021-03-01 09:56:00,299.45,299.45,299.45,299.45,75,19350,324.65,301.95,303.25
10194,2021-03-01 09:57:00,298.35,298.35,298.35,298.35,75,19350,324.49,297.45,298.6
10195,2021-03-01 09:58:00,298.35,298.35,298.35,298.35,75,19350,324.49,297.45,298.6
10196,2021-03-01 09:59:00,305.0,305.0,302.35,302.35,225,19350,324.13,299.55,301.0
10197,2021-03-01 10:00:00,298.05,298.05,298.05,298.05,75,19425,323.97,296.65,297.95
10198,2021-03-01 10:01:00,298.05,298.05,298.05,298.05,75,19425,323.97,296.65,297.95
10199,2021-03-01 10:02:00,298.05,298.05,298.05,298.05,75,19425,323.97,296.65,297.95
10200,2021-03-01 10:03:00,298.05,298.05,298.05,298.05,75,19425,323.97,296.65,297.95
10201,2021-03-01 10:04:00,293.35,293.4,293.35,293.4,225,19500,323.45,297.1,298.4
10202,2021-03-01 10:05:00,299.1,299.1,299.1,299.1,150,19500,323.18,298.1,299.0
10203,2021-03-01 10:06:00,299.1,299.1,299.1,299.1,150,19500,323.18,298.1,299.0
10204,2021-03-01 10:07:00,301.7,303.9,301.7,303.9,150,19575,322.95,301.6,302.85
10205,2021-03-01 10:08:00,301.7,303.9,301.7,303.9,150,19575,322.95,301.6,302.85
10206,2021-03-01 10:09:00,303.95,303.95,303.95,303.95,75,19575,322.84,304.5,305.8
10207,2021-03-01 10:10:00,304.35,304.35,304.25,304.25,150,19575,322.64,304.3,305.75
10208,2021-03-01 10:11:00,304.35,304.35,304.25,304.25,150,19575,322.64,304.3,305.75
10209,2021-03-01 10:12:00,304.35,304.35,304.25,304.25,150,19575,322.64,304.3,305.75
10210,2021-03-01 10:13:00,304.35,304.35,304.25,304.25,150,19575,322.64,304.3,305.75
10211,2021-03-01 10:14:00,304.35,304.35,304.25,304.25,150,19575,322.64,304.3,305.75
10212,2021-03-01 10:15:00,300.05,301.4,300.05,301.4,450,19575,321.94,302.25,303.35
10213,2021-03-01 10:16:00,302.05,302.05,302.05,302.05,75,19575,321.83,300.3,301.55
10214,2021-03-01 10:17:00,300.0,300.0,300.0,300.0,1575,19725,319.64,297.05,298.35
10215,2021-03-01 10:18:00,297.6,297.6,296.8,296.8,225,19725,319.32,296.25,297.5
10216,2021-03-01 10:19:00,297.75,297.75,297.75,297.75,150,19725,319.12,295.0,296.35
10217,2021-03-01 10:20:00,294.95,294.95,284.2,286.9,675,19725,317.86,286.75,287.8
10218,2021-03-01 10:21:00,288.25,288.25,288.25,288.25,75,19725,317.73,286.15,287.35
10219,2021-03-01 10:22:00,288.25,288.25,288.25,288.25,75,19725,317.73,286.15,287.35
10220,2021-03-01 10:23:00,288.25,288.25,288.25,288.25,75,19725,317.73,286.15,287.35
10221,2021-03-01 10:24:00,288.25,288.25,288.25,288.25,75,19725,317.73,286.15,287.35
10222,2021-03-01 10:25:00,279.4,279.4,279.4,279.4,450,19650,316.74,278.0,279.5
10223,2021-03-01 10:26:00,279.4,279.4,279.4,279.4,75,19725,316.58,279.9,281.05
10224,2021-03-01 10:27:00,279.4,279.4,279.4,279.4,75,19725,316.58,279.9,281.05
10225,2021-03-01 10:28:00,279.4,279.4,279.4,279.4,75,19725,316.58,279.9,281.05
10226,2021-03-01 10:29:00,279.4,279.4,279.4,279.4,75,19725,316.58,279.9,281.05
10227,2021-03-01 10:30:00,276.9,276.9,275.75,276.4,225,19725,316.07,275.75,277.8
10228,2021-03-01 10:31:00,276.9,276.9,275.75,276.4,225,19725,316.07,275.75,277.8
10229,2021-03-01 10:32:00,276.9,276.9,275.75,276.4,225,19725,316.07,275.75,277.8
10230,2021-03-01 10:33:00,276.9,276.9,275.75,276.4,225,19725,316.07,275.75,277.8
10231,2021-03-01 10:34:00,276.9,276.9,275.75,276.4,225,19725,316.07,275.75,277.8
10232,2021-03-01 10:35:00,276.9,276.9,275.75,276.4,225,19725,316.07,275.75,277.8
10233,2021-03-01 10:36:00,280.95,280.95,280.95,280.95,375,19725,315.33,280.15,281.55
10234,2021-03-01 10:37:00,279.7,279.7,276.85,276.85,150,19725,315.02,276.55,277.7
10235,2021-03-01 10:38:00,277.1,277.25,277.0,277.25,225,19725,314.56,277.55,278.8
10236,2021-03-01 10:39:00,277.1,277.25,277.0,277.25,225,19725,314.56,277.55,278.8
10237,2021-03-01 10:40:00,271.5,271.5,271.5,271.5,75,19725,314.38,270.0,271.35
10238,2021-03-01 10:41:00,271.5,271.5,271.5,271.5,75,19725,314.38,270.0,271.35
10239,2021-03-01 10:42:00,271.5,271.5,271.5,271.5,75,19725,314.38,270.0,271.35
10240,2021-03-01 10:43:00,275.2,275.2,275.0,275.0,225,19875,313.91,274.1,275.15
10241,2021-03-01 10:44:00,275.2,275.2,275.0,275.0,225,19875,313.91,274.1,275.15
10242,2021-03-01 10:45:00,275.2,275.2,275.0,275.0,225,19875,313.91,274.1,275.15
10243,2021-03-01 10:46:00,275.2,275.2,275.0,275.0,225,19875,313.91,274.1,275.15
10244,2021-03-01 10:47:00,275.2,275.2,275.0,275.0,225,19875,313.91,274.1,275.15
10245,2021-03-01 10:48:00,275.2,275.2,275.0,275.0,225,19875,313.91,274.1,275.15
10246,2021-03-01 10:49:00,276.95,276.95,276.95,276.95,75,19875,313.76,277.25,278.6
10247,2021-03-01 10:50:00,276.15,276.15,276.15,276.15,75,19875,313.61,275.65,277.1
10248,2021-03-01 10:51:00,276.45,276.45,276.45,276.45,75,19800,313.46,275.85,277.15
10249,2021-03-01 10:52:00,276.45,276.45,276.45,276.45,75,19800,313.46,275.85,277.15
10250,2021-03-01 10:53:00,276.45,276.45,276.45,276.45,75,19800,313.46,275.85,277.15
10251,2021-03-01 10:54:00,279.8,279.8,279.8,279.8,75,19800,313.33,279.0,280.35
10252,2021-03-01 10:55:00,279.8,279.8,279.8,279.8,75,19800,313.33,279.0,280.35
10253,2021-03-01 10:56:00,277.8,277.8,277.8,277.8,300,19950,312.77,277.4,278.75
10254,2021-03-01 10:57:00,275.55,275.55,275.55,275.55,150,19950,312.48,274.3,275.5
10255,2021-03-01 10:58:00,275.35,275.35,275.35,275.35,150,19950,312.2,274.05,275.2
10256,2021-03-01 10:59:00,275.35,275.35,275.35,275.35,150,19950,312.2,274.05,275.2
10257,2021-03-01 11:00:00,275.6,275.6,275.6,275.6,75,20475,312.06,272.35,273.55
10258,2021-03-01 11:01:00,275.6,275.6,275.6,275.6,75,20475,312.06,272.35,273.55
10259,2021-03-01 11:02:00,275.6,275.6,275.6,275.6,75,20475,312.06,272.35,273.55
10260,2021-03-01 11:03:00,275.6,275.6,275.6,275.6,75,20475,312.06,272.35,273.55
10261,2021-03-01 11:04:00,279.85,279.85,279.85,279.85,75,20475,311.93,278.65,279.65
10262,2021-03-01 11:05:00,281.15,285.05,281.15,282.45,525,20850,311.16,281.3,282.7
10263,2021-03-01 11:06:00,281.15,285.05,281.15,282.45,525,20850,311.16,281.3,282.7
10264,2021-03-01 11:07:00,281.15,285.05,281.15,282.45,525,20850,311.16,281.3,282.7
10265,2021-03-01 11:08:00,281.15,285.05,281.15,282.45,525,20850,311.16,281.3,282.7
10266,2021-03-01 11:09:00,281.15,285.05,281.15,282.45,525,20850,311.16,281.3,282.7
10267,2021-03-01 11:10:00,281.15,285.05,281.15,282.45,525,20850,311.16,281.3,282.7
10268,2021-03-01 11:11:00,279.0,279.0,279.0,279.0,525,20775,310.35,278.15,279.45
10269,2021-03-01 11:12:00,279.0,279.0,279.0,279.0,525,20775,310.35,278.15,279.45
10270,2021-03-01 11:13:00,279.0,279.0,279.0,279.0,525,20775,310.35,278.15,279.45
10271,2021-03-01 11:14:00,279.0,279.0,279.0,279.0,525,20775,310.35,278.15,279.45
10272,2021-03-01 11:15:00,279.0,279.0,279.0,279.0,525,20775,310.35,278.15,279.45
10273,2021-03-01 11:16:00,279.0,279.0,279.0,279.0,525,20775,310.35,278.15,279.45
10274,2021-03-01 11:17:00,279.7,279.7,279.7,279.7,75,21300,310.24,278.15,279.55
10275,2021-03-01 11:18:00,279.7,279.7,279.7,279.7,75,21300,310.24,278.15,279.55
10276,2021-03-01 11:19:00,279.7,279.7,279.7,279.7,75,21300,310.24,278.15,279.55
10277,2021-03-01 11:20:00,282.7,282.7,282.7,282.7,150,21300,310.04,284.45,285.7
10278,2021-03-01 11:21:00,282.7,282.7,282.7,282.7,150,21300,310.04,284.45,285.7
10279,2021-03-01 11:22:00,282.7,282.7,282.7,282.7,150,21300,310.04,284.45,285.7
10280,2021-03-01 11:23:00,285.8,285.8,285.8,285.8,225,21300,309.78,287.1,288.9
10281,2021-03-01 11:24:00,293.25,293.25,293.25,293.25,75,21225,309.72,291.1,292.6
10282,2021-03-01 11:25:00,293.3,293.55,293.3,293.55,150,21225,309.61,291.5,293.0
10283,2021-03-01 11:26:00,293.3,293.55,293.3,293.55,150,21225,309.61,291.5,293.0
10284,2021-03-01 11:27:00,293.3,293.55,293.3,293.55,150,21225,309.61,291.5,293.0
10285,2021-03-01 11:28:00,289.9,289.9,289.9,289.9,75,21375,309.54,289.7,291.25
10286,2021-03-01 11:29:00,293.35,293.35,293.35,293.35,150,21300,309.43,291.6,297.35
10287,2021-03-01 11:30:00,293.25,298.1,293.25,298.1,225,21300,309.3,294.3,295.25
10288,2021-03-01 11:31:00,294.9,296.35,294.9,296.35,600,21300,308.94,291.15,292.3
10289,2021-03-01 11:32:00,294.85,294.85,294.85,294.85,75,21075,308.9,294.3,295.7
10290,2021-03-01 11:33:00,292.6,292.6,292.6,292.6,75,21075,308.84,291.75,292.65
10291,2021-03-01 11:34:00,292.6,292.6,292.6,292.6,75,21075,308.84,291.75,292.65
10292,2021-03-01 11:35:00,294.85,294.85,294.85,294.85,75,21075,308.8,289.2,290.4
10293,2021-03-01 11:36:00,286.15,286.15,284.55,284.55,375,21150,308.42,283.65,285.05
10294,2021-03-01 11:37:00,286.15,286.15,284.55,284.55,375,21150,308.42,283.65,285.05
10295,2021-03-01 11:38:00,288.25,288.25,288.25,288.25,300,20925,308.17,287.45,288.75
10296,2021-03-01 11:39:00,294.65,295.9,294.65,295.9,150,20925,308.09,294.1,295.4
10297,2021-03-01 11:40:00,300.95,300.95,300.95,300.95,300,20925,307.99,298.8,300.4
10298,2021-03-01 11:41:00,299.5,302.6,299.5,302.6,150,20925,307.95,305.0,307.3
10299,2021-03-01 11:42:00,305.0,305.0,305.0,305.0,75,20850,307.94,305.0,306.6
10300,2021-03-01 11:43:00,305.0,305.0,305.0,305.0,75,20850,307.94,305.0,306.6
10301,2021-03-01 11:44:00,311.45,311.55,309.45,309.45,750,20925,308.01,308.45,309.75
10302,2021-03-01 11:45:00,314.9,314.9,314.9,314.9,75,20925,308.03,311.7,313.05
10303,2021-03-01 11:46:00,314.9,314.9,314.9,314.9,75,20925,308.03,311.7,313.05
10304,2021-03-01 11:47:00,310.9,310.9,310.9,310.9,75,20925,308.04,312.9,314.4
10305,2021-03-01 11:48:00,316.35,316.35,316.35,316.35,150,0,308.09,308.1,309.75
10306,2021-03-01 11:49:00,307.75,307.75,307.75,307.75,75,20925,308.09,308.95,310.4
10307,2021-03-01 11:50:00,312.9,312.9,302.6,302.6,450,20925,308.06,301.75,303.0
10308,2021-03-01 11:51:00,305.75,305.75,305.75,305.75,150,21075,308.04,303.5,305.1
10309,2021-03-01 11:52:00,304.35,304.35,304.35,304.35,75,21075,308.03,302.5,303.45
10310,2021-03-01 11:53:00,304.35,304.35,304.35,304.35,75,21075,308.03,302.5,303.45
10311,2021-03-01 11:54:00,302.5,302.5,302.5,302.5,75,21075,308.02,305.35,306.55
10312,2021-03-01 11:55:00,309.0,309.3,309.0,309.3,150,21075,308.02,305.35,306.4
10313,2021-03-01 11:56:00,309.0,309.3,309.0,309.3,150,21075,308.02,305.35,306.4
10314,2021-03-01 11:57:00,309.0,309.3,309.0,309.3,150,21075,308.02,305.35,306.4
10315,2021-03-01 11:58:00,309.0,309.3,309.0,309.3,150,21075,308.02,305.35,306.4
10316,2021-03-01 11:59:00,309.0,309.3,309.0,309.3,150,21075,308.02,305.35,306.4
10317,2021-03-01 12:00:00,314.65,314.65,314.65,314.65,75,21000,308.04,311.1,312.5
10318,2021-03-01 12:01:00,314.65,314.65,314.65,314.65,75,21000,308.04,311.1,312.5
10319,2021-03-01 12:02:00,313.7,313.7,313.7,313.7,75,21000,308.06,313.1,314.45
10320,2021-03-01 12:03:00,313.7,313.7,313.7,313.7,75,21000,308.06,313.1,314.45
10321,2021-03-01 12:04:00,313.7,313.7,313.7,313.7,75,21000,308.06,313.1,314.45
10322,2021-03-01 12:05:00,317.35,317.35,317.35,317.35,150,21150,308.11,316.35,317.7
10323,2021-03-01 12:06:00,313.7,313.7,313.3,313.3,150,21075,308.14,314.2,315.65
10324,2021-03-01 12:07:00,312.35,312.35,312.35,312.35,450,21075,308.21,310.9,312.15
10325,2021-03-01 12:08:00,312.35,312.35,312.35,312.35,450,21075,308.21,310.9,312.15
10326,2021-03-01 12:09:00,312.35,312.35,312.35,312.35,450,21075,308.21,310.9,312.15
10327,2021-03-01 12:10:00,312.35,312.35,312.35,312.35,450,21075,308.21,310.9,312.15
10328,2021-03-01 12:11:00,312.35,312.35,312.35,312.35,450,21075,308.21,310.9,312.15
10329,2021-03-01 12:12:00,312.35,312.35,312.35,312.35,450,21075,308.21,310.9,312.15
10330,2021-03-01 12:13:00,312.35,312.35,312.35,312.35,450,21075,308.21,310.9,312.15
10331,2021-03-01 12:14:00,306.45,306.45,306.45,306.45,75,21075,308.21,304.05,305.3
10332,2021-03-01 12:15:00,302.55,306.75,302.55,306.75,675,21000,308.15,310.1,311.75
10333,2021-03-01 12:16:00,302.55,306.75,302.55,306.75,675,21000,308.15,310.1,311.75
10334,2021-03-01 12:17:00,312.65,312.65,312.65,312.65,75,21000,308.17,310.25,311.6
10335,2021-03-01 12:18:00,312.65,312.65,312.65,312.65,75,21000,308.17,310.25,311.6
10336,2021-03-01 12:19:00,312.65,312.65,312.65,312.65,75,21000,308.17,310.25,311.6
10337,2021-03-01 12:20:00,312.65,312.65,312.65,312.65,75,21000,308.17,310.25,311.6
10338,2021-03-01 12:21:00,312.65,312.65,312.65,312.65,75,21000,308.17,310.25,311.6
10339,2021-03-01 12:22:00,312.65,312.65,312.65,312.65,75,21000,308.17,310.25,311.6
10340,2021-03-01 12:23:00,311.0,315.25,311.0,315.25,150,21000,308.19,314.8,316.25
10341,2021-03-01 12:24:00,319.0,325.0,319.0,323.4,525,20925,308.47,326.2,329.2
10342,2021-03-01 12:25:00,329.8,329.8,329.8,329.8,75,20925,308.52,324.5,326.1
10343,2021-03-01 12:26:00,325.45,325.45,325.45,325.45,75,20925,308.57,319.4,320.85
10344,2021-03-01 12:27:00,321.1,321.1,321.1,321.1,75,20850,308.6,322.05,323.2
10345,2021-03-01 12:28:00,321.1,321.1,321.1,321.1,75,20850,308.6,322.05,323.2
10346,2021-03-01 12:29:00,332.0,333.15,332.0,333.15,150,20850,308.73,332.2,333.6
10347,2021-03-01 12:30:00,332.05,332.05,332.05,332.05,75,20775,308.79,330.5,331.9
10348,2021-03-01 12:31:00,334.25,334.25,333.35,333.35,150,20775,308.92,327.9,329.05
10349,2021-03-01 12:32:00,334.25,334.25,333.35,333.35,150,20775,308.92,327.9,329.05
10350,2021-03-01 12:33:00,331.65,331.65,331.65,331.65,75,20550,308.97,332.15,333.0
10351,2021-03-01 12:34:00,333.0,335.45,333.0,333.75,450,20550,309.36,334.8,336.55
10352,2021-03-01 12:35:00,333.15,333.15,333.15,333.15,225,20550,309.54,331.55,332.7
10353,2021-03-01 12:36:00,325.0,325.0,325.0,325.0,75,20625,309.58,323.2,324.6
10354,2021-03-01 12:37:00,324.0,324.0,324.0,324.0,75,20625,309.62,323.8,325.3
10355,2021-03-01 12:38:00,325.75,325.75,325.75,325.75,75,20625,309.66,325.75,327.45
10356,2021-03-01 12:39:00,325.75,325.75,325.75,325.75,75,20625,309.66,325.75,327.45
10357,2021-03-01 12:40:00,325.75,325.75,325.75,325.75,75,20625,309.66,325.75,327.45
10358,2021-03-01 12:41:00,325.75,326.45,325.0,326.45,300,20700,309.82,326.1,327.75
10359,2021-03-01 12:42:00,325.75,326.45,325.0,326.45,300,20700,309.82,326.1,327.75
10360,2021-03-01 12:43:00,325.75,326.45,325.0,326.45,300,20700,309.82,326.1,327.75
10361,2021-03-01 12:44:00,325.75,326.45,325.0,326.45,300,20700,309.82,326.1,327.75
10362,2021-03-01 12:45:00,324.55,324.55,318.1,318.1,150,20775,309.88,316.9,318.6
10363,2021-03-01 12:46:00,324.55,324.55,318.1,318.1,150,20775,309.88,316.9,318.6
10364,2021-03-01 12:47:00,311.5,311.5,311.5,311.5,900,20775,309.97,308.4,309.9
10365,2021-03-01 12:48:00,305.15,305.15,303.7,303.7,450,21525,309.9,303.05,304.75
10366,2021-03-01 12:49:00,306.45,309.45,306.45,308.3,225,21525,309.89,309.25,310.45
10367,2021-03-01 12:50:00,306.45,309.45,306.45,308.3,225,21525,309.89,309.25,310.45
10368,2021-03-01 12:51:00,309.1,309.1,309.1,309.1,75,21525,309.88,306.6,307.8
10369,2021-03-01 12:52:00,309.1,309.1,309.1,309.1,75,21525,309.88,306.6,307.8
10370,2021-03-01 12:53:00,309.1,309.1,309.1,309.1,75,21525,309.88,306.6,307.8
10371,2021-03-01 12:54:00,309.1,309.1,309.1,309.1,75,21525,309.88,306.6,307.8
10372,2021-03-01 12:55:00,306.7,306.7,306.7,306.7,75,21825,309.88,303.4,304.95
10373,2021-03-01 12:56:00,306.7,306.7,306.7,306.7,75,21825,309.88,303.4,304.95
10374,2021-03-01 12:57:00,306.7,306.7,306.7,306.7,75,21825,309.88,303.4,304.95
10375,2021-03-01 12:58:00,306.7,306.7,306.7,306.7,75,21825,309.88,303.4,304.95
10376,2021-03-01 12:59:00,306.7,306.7,306.7,306.7,75,21825,309.88,303.4,304.95
10377,2021-03-01 13:00:00,306.7,306.7,306.7,306.7,75,21825,309.88,303.4,304.95
10378,2021-03-01 13:01:00,303.0,303.0,299.4,299.4,525,21825,309.73,295.05,297.95
10379,2021-03-01 13:02:00,290.6,292.75,290.6,292.75,150,21825,309.64,292.9,294.2
10380,2021-03-01 13:03:00,290.6,292.75,290.6,292.75,150,21825,309.64,292.9,294.2
10381,2021-03-01 13:04:00,297.35,297.35,297.35,297.35,225,22050,309.56,295.95,297.35
10382,2021-03-01 13:05:00,297.35,297.35,297.35,297.35,225,22050,309.56,295.95,297.35
10383,2021-03-01 13:06:00,288.0,288.0,287.8,287.85,375,22050,309.32,291.25,292.65
10384,2021-03-01 13:07:00,288.0,288.0,287.8,287.85,375,22050,309.32,291.25,292.65
10385,2021-03-01 13:08:00,292.85,292.85,292.85,292.85,75,22200,309.28,291.55,293.0
10386,2021-03-01 13:09:00,292.85,292.85,292.85,292.85,75,22200,309.28,291.55,293.0
10387,2021-03-01 13:10:00,292.85,292.85,292.85,292.85,75,22200,309.28,291.55,293.0
10388,2021-03-01 13:11:00,292.85,292.85,292.85,292.85,75,22200,309.28,291.55,293.0
10389,2021-03-01 13:12:00,292.85,292.85,292.85,292.85,75,22200,309.28,291.55,293.0
10390,2021-03-01 13:13:00,292.85,292.85,292.85,292.85,75,22200,309.28,291.55,293.0
10391,2021-03-01 13:14:00,289.0,289.0,289.0,289.0,75,22200,309.24,290.0,291.35
10392,2021-03-01 13:15:00,284.5,285.75,284.5,285.75,375,22200,308.97,286.35,287.65
10393,2021-03-01 13:16:00,284.5,285.75,284.5,285.75,375,22200,308.97,286.35,287.65
10394,2021-03-01 13:17:00,293.6,293.6,293.6,293.6,75,22200,308.93,299.45,300.9
10395,2021-03-01 13:18:00,302.15,302.15,296.7,296.7,300,22275,308.84,296.5,297.95
10396,2021-03-01 13:19:00,302.15,302.15,296.7,296.7,300,22275,308.84,296.5,297.95
10397,2021-03-01 13:20:00,304.8,304.8,304.8,304.8,150,22275,308.82,301.7,303.05
10398,2021-03-01 13:21:00,304.8,304.8,304.8,304.8,150,22275,308.82,301.7,303.05
10399,2021-03-01 13:22:00,304.8,304.8,304.8,304.8,150,22275,308.82,301.7,303.05
10400,2021-03-01 13:23:00,300.8,300.8,300.8,300.8,75,22350,308.8,295.75,297.05
10401,2021-03-01 13:24:00,300.8,300.8,300.8,300.8,75,22350,308.8,295.75,297.05
10402,2021-03-01 13:25:00,290.35,290.35,287.4,289.65,225,22425,308.68,288.65,289.9
10403,2021-03-01 13:26:00,290.35,290.35,287.4,289.65,225,22425,308.68,288.65,289.9
10404,2021-03-01 13:27:00,290.35,290.35,287.4,289.65,225,22425,308.68,288.65,289.9
10405,2021-03-01 13:28:00,290.35,290.35,287.4,289.65,225,22425,308.68,288.65,289.9
10406,2021-03-01 13:29:00,290.35,290.35,287.4,289.65,225,22425,308.68,288.65,289.9
10407,2021-03-01 13:30:00,280.0,280.0,277.55,277.55,900,22500,307.92,278.1,279.2
10408,2021-03-01 13:31:00,280.0,280.0,277.55,277.55,900,22500,307.92,278.1,279.2
10409,2021-03-01 13:32:00,280.0,280.0,277.55,277.55,900,22500,307.92,278.1,279.2
10410,2021-03-01 13:33:00,276.05,276.05,276.05,276.05,300,23325,307.66,276.6,277.65
10411,2021-03-01 13:34:00,279.5,279.5,279.5,279.5,75,23325,307.6,276.75,278.1
10412,2021-03-01 13:35:00,279.5,279.5,279.5,279.5,75,23325,307.6,276.75,278.1
10413,2021-03-01 13:36:00,280.15,282.75,280.15,282.75,675,22875,307.14,282.3,283.7
10414,2021-03-01 13:37:00,280.15,282.75,280.15,282.75,675,22875,307.14,282.3,283.7
10415,2021-03-01 13:38:00,280.15,282.75,280.15,282.75,675,22875,307.14,282.3,283.7
10416,2021-03-01 13:39:00,274.35,274.35,270.7,270.7,750,22875,306.45,270.05,271.8
10417,2021-03-01 13:40:00,270.05,270.05,270.05,270.05,750,22875,305.74,270.55,271.95
10418,2021-03-01 13:41:00,265.9,268.8,265.9,268.8,225,22875,305.51,268.55,269.9
10419,2021-03-01 13:42:00,265.9,268.8,265.9,268.8,225,22875,305.51,268.55,269.9
10420,2021-03-01 13:43:00,265.9,268.8,265.9,268.8,225,22875,305.51,268.55,269.9
10421,2021-03-01 13:44:00,272.4,272.4,272.4,272.4,75,23100,305.45,272.85,274.3
10422,2021-03-01 13:45:00,271.75,271.75,271.75,271.75,75,23100,305.38,272.45,273.75
10423,2021-03-01 13:46:00,271.75,271.75,271.75,271.75,75,23100,305.38,272.45,273.75
10424,2021-03-01 13:47:00,271.75,271.75,271.75,271.75,75,23100,305.38,272.45,273.75
10425,2021-03-01 13:48:00,278.0,278.0,278.0,278.0,75,0,305.33,275.9,277.0
10426,2021-03-01 13:49:00,279.4,279.4,279.4,279.4,750,23100,304.84,279.4,280.4
10427,2021-03-01 13:50:00,279.4,279.4,279.4,279.4,750,23100,304.84,279.4,280.4
10428,2021-03-01 13:51:00,278.75,283.15,278.75,283.15,225,23100,304.7,278.85,280.25
10429,2021-03-01 13:52:00,276.55,276.55,276.55,276.55,75,23100,304.65,275.8,276.95
10430,2021-03-01 13:53:00,274.15,274.15,274.15,274.15,75,23100,304.59,271.2,272.2
10431,2021-03-01 13:54:00,274.15,274.15,274.15,274.15,75,23100,304.59,271.2,272.2
10432,2021-03-01 13:55:00,274.15,274.15,274.15,274.15,75,23100,304.59,271.2,272.2
10433,2021-03-01 13:56:00,274.15,274.15,274.15,274.15,75,23100,304.59,271.2,272.2
10434,2021-03-01 13:57:00,285.65,286.5,285.65,286.5,600,23175,304.31,285.7,286.85
10435,2021-03-01 13:58:00,285.65,286.5,285.65,286.5,600,23175,304.31,285.7,286.85
10436,2021-03-01 13:59:00,287.95,287.95,287.95,287.95,75,23175,304.28,288.25,289.6
10437,2021-03-01 14:00:00,285.15,285.15,285.15,285.15,150,23175,304.21,286.1,287.15
10438,2021-03-01 14:01:00,285.6,285.6,281.4,281.4,225,23325,304.1,281.2,282.4
10439,2021-03-01 14:02:00,285.6,285.6,281.4,281.4,225,23325,304.1,281.2,282.4
10440,2021-03-01 14:03:00,273.8,273.8,273.8,273.8,150,23325,303.99,274.1,275.2
10441,2021-03-01 14:04:00,273.8,273.8,273.8,273.8,150,23325,303.99,274.1,275.2
10442,2021-03-01 14:05:00,273.8,273.8,273.8,273.8,150,23325,303.99,274.1,275.2
10443,2021-03-01 14:06:00,273.8,273.8,273.8,273.8,150,23325,303.99,274.1,275.2
10444,2021-03-01 14:07:00,273.8,273.8,273.8,273.8,150,23325,303.99,274.1,275.2
10445,2021-03-01 14:08:00,273.8,273.8,273.8,273.8,150,23325,303.99,274.1,275.2
10446,2021-03-01 14:09:00,273.8,273.8,273.8,273.8,150,23325,303.99,274.1,275.2
10447,2021-03-01 14:10:00,273.8,273.8,273.8,273.8,150,23325,303.99,274.1,275.2
10448,2021-03-01 14:11:00,276.1,276.1,276.1,276.1,225,23400,303.84,274.95,276.15
10449,2021-03-01 14:12:00,276.1,276.1,276.1,276.1,225,23400,303.84,274.95,276.15
10450,2021-03-01 14:13:00,272.7,272.7,272.7,272.7,75,23475,303.78,274.15,275.25
10451,2021-03-01 14:14:00,272.7,272.7,272.7,272.7,75,23475,303.78,274.15,275.25
10452,2021-03-01 14:15:00,275.9,275.9,275.9,275.9,75,23550,303.73,275.2,276.5
10453,2021-03-01 14:16:00,275.0,275.0,275.0,275.0,150,23550,303.63,272.0,273.2
10454,2021-03-01 14:17:00,275.0,275.0,275.0,275.0,150,23550,303.63,272.0,273.2
10455,2021-03-01 14:18:00,275.85,275.85,275.85,275.85,75,23625,303.58,274.35,275.5
10456,2021-03-01 14:19:00,275.85,275.85,275.85,275.85,75,23625,303.58,274.35,275.5
10457,2021-03-01 14:20:00,281.2,281.2,281.2,281.2,225,23625,303.45,283.0,284.35
10458,2021-03-01 14:21:00,281.2,281.2,281.2,281.2,225,23625,303.45,283.0,284.35
10459,2021-03-01 14:22:00,283.0,286.6,282.95,286.6,750,23775,303.1,283.0,284.15
10460,2021-03-01 14:23:00,283.0,286.6,282.95,286.6,750,23775,303.1,283.0,284.15
10461,2021-03-01 14:24:00,281.35,281.35,281.35,281.35,75,23775,303.06,283.25,284.6
10462,2021-03-01 14:25:00,282.0,282.0,282.0,282.0,75,23775,303.03,280.45,281.65
10463,2021-03-01 14:26:00,281.2,281.2,281.2,281.2,150,23775,302.95,279.7,280.9
10464,2021-03-01 14:27:00,281.2,281.2,281.2,281.2,150,23775,302.95,279.7,280.9
10465,2021-03-01 14:28:00,281.2,281.2,281.2,281.2,150,23775,302.95,279.7,280.9
10466,2021-03-01 14:29:00,281.2,281.2,281.2,281.2,150,23775,302.95,279.7,280.9
10467,2021-03-01 14:30:00,281.2,281.2,281.2,281.2,150,23775,302.95,279.7,280.9
10468,2021-03-01 14:31:00,266.4,266.4,265.7,266.4,225,23925,302.76,269.15,270.2
10469,2021-03-01 14:32:00,272.85,272.85,272.85,272.85,150,23925,302.65,272.05,273.05
10470,2021-03-01 14:33:00,274.75,274.75,273.95,273.95,150,23925,302.56,272.25,273.4
10471,2021-03-01 14:34:00,274.75,274.75,273.95,273.95,150,23925,302.56,272.25,273.4
10472,2021-03-01 14:35:00,272.4,272.4,272.4,272.4,75,24150,302.5,271.15,272.35
10473,2021-03-01 14:36:00,272.4,272.4,272.4,272.4,75,24150,302.5,271.15,272.35
10474,2021-03-01 14:37:00,272.4,272.4,272.4,272.4,75,24150,302.5,271.15,272.35
10475,2021-03-01 14:38:00,270.55,270.55,270.55,270.55,150,24075,302.4,270.85,272.05
10476,2021-03-01 14:39:00,270.55,270.55,270.55,270.55,150,24075,302.4,270.85,272.05
10477,2021-03-01 14:40:00,270.55,270.55,270.55,270.55,150,24075,302.4,270.85,272.05
10478,2021-03-01 14:41:00,270.55,270.55,270.55,270.55,150,24075,302.4,270.85,272.05
10479,2021-03-01 14:42:00,270.55,270.55,270.55,270.55,150,24075,302.4,270.85,272.05
10480,2021-03-01 14:43:00,270.55,270.55,270.55,270.55,150,24075,302.4,270.85,272.05
10481,2021-03-01 14:44:00,268.45,268.45,268.45,268.45,75,24075,302.34,273.05,274.2
10482,2021-03-01 14:45:00,280.0,280.0,280.0,280.0,75,24075,302.3,280.4,281.55
10483,2021-03-01 14:46:00,283.5,283.5,283.5,283.5,300,24075,302.17,281.35,282.55
10484,2021-03-01 14:47:00,283.5,283.5,283.5,283.5,300,24075,302.17,281.35,282.55
10485,2021-03-01 14:48:00,283.5,283.5,283.5,283.5,300,24075,302.17,281.35,282.55
10486,2021-03-01 14:49:00,286.55,286.55,286.55,286.55,75,23850,302.15,284.3,285.4
10487,2021-03-01 14:50:00,284.25,284.25,284.25,284.25,75,23850,302.12,285.65,286.9
10488,2021-03-01 14:51:00,286.85,286.85,284.45,284.45,150,23925,302.06,284.2,285.45
10489,2021-03-01 14:52:00,290.0,291.25,290.0,291.25,225,23925,302.0,292.25,293.4
10490,2021-03-01 14:53:00,293.1,294.85,291.75,294.85,300,23925,301.95,295.9,296.95
10491,2021-03-01 14:54:00,293.1,294.85,291.75,294.85,300,23925,301.95,295.9,296.95
10492,2021-03-01 14:55:00,297.7,297.7,291.3,292.0,525,24075,301.85,292.95,293.95
10493,2021-03-01 14:56:00,297.7,297.7,291.3,292.0,525,24075,301.85,292.95,293.95
10494,2021-03-01 14:57:00,297.7,297.7,291.3,292.0,525,24075,301.85,292.95,293.95
10495,2021-03-01 14:58:00,297.7,297.7,291.3,292.0,525,24075,301.85,292.95,293.95
10496,2021-03-01 14:59:00,292.6,292.6,292.6,292.6,150,24075,301.82,289.15,290.4
10497,2021-03-01 15:00:00,283.25,283.9,279.15,279.15,375,24375,301.67,276.45,277.9
10498,2021-03-01 15:01:00,283.25,283.9,279.15,279.15,375,24375,301.67,276.45,277.9
10499,2021-03-01 15:02:00,283.25,283.9,279.15,279.15,375,24375,301.67,276.45,277.9
10500,2021-03-01 15:03:00,283.25,283.9,279.15,279.15,375,24375,301.67,276.45,277.9
10501,2021-03-01 15:04:00,287.1,287.1,287.1,287.1,75,24450,301.65,286.2,287.5
10502,2021-03-01 15:05:00,284.3,284.3,283.35,283.35,225,24450,301.56,282.7,284.15
10503,2021-03-01 15:06:00,284.3,284.3,283.35,283.35,225,24450,301.56,282.7,284.15
10504,2021-03-01 15:07:00,284.3,284.3,283.35,283.35,225,24450,301.56,282.7,284.15
10505,2021-03-01 15:08:00,282.0,282.0,282.0,282.0,150,24600,301.5,281.45,282.0
10506,2021-03-01 15:09:00,281.75,281.75,281.75,281.75,75,24525,301.46,279.85,280.95
10507,2021-03-01 15:10:00,279.8,281.8,279.8,281.8,375,24525,301.3,280.8,281.9
10508,2021-03-01 15:11:00,279.8,281.8,279.8,281.8,375,24525,301.3,280.8,281.9
10509,2021-03-01 15:12:00,278.0,278.0,278.0,278.0,75,24525,301.26,277.05,278.3
10510,2021-03-01 15:13:00,276.4,276.4,276.4,276.4,75,24525,301.22,271.7,272.55
10511,2021-03-01 15:14:00,272.6,272.6,269.75,269.75,150,24525,301.13,268.8,269.95
10512,2021-03-01 15:15:00,272.6,272.6,269.75,269.75,150,24525,301.13,268.8,269.95
10513,2021-03-01 15:16:00,268.8,268.8,268.8,268.8,75,24525,301.08,266.15,267.3
10514,2021-03-01 15:17:00,268.8,268.8,268.8,268.8,75,24525,301.08,266.15,267.3
10515,2021-03-01 15:18:00,263.1,263.1,262.8,262.8,825,24525,300.42,263.7,264.85
10516,2021-03-01 15:19:00,263.35,263.35,262.0,262.0,150,24600,300.3,262.05,263.2
10517,2021-03-01 15:20:00,263.35,263.35,262.0,262.0,150,24600,300.3,262.05,263.2
10518,2021-03-01 15:21:00,263.35,263.35,262.0,262.0,150,24600,300.3,262.05,263.2
10519,2021-03-01 15:22:00,268.05,268.05,268.05,268.05,75,24675,300.25,268.2,269.35
10520,2021-03-01 15:23:00,268.35,268.95,268.35,268.95,375,24675,300.01,267.75,268.8
10521,2021-03-01 15:24:00,266.0,266.0,266.0,266.0,75,24675,299.95,266.45,267.4
10522,2021-03-01 15:25:00,266.0,266.0,266.0,266.0,75,24675,299.95,266.45,267.4
10523,2021-03-01 15:26:00,266.0,266.0,266.0,266.0,75,24675,299.95,266.45,267.4
10524,2021-03-01 15:27:00,265.45,265.45,265.25,265.25,150,24825,299.85,264.75,266.0
10525,2021-03-01 15:28:00,265.45,265.45,265.25,265.25,150,24825,299.85,264.75,266.0
10526,2021-03-01 15:29:00,265.45,265.45,265.25,265.25,150,24825,299.85,264.75,266.0
10527,2021-03-01 15:30:00,264.05,264.05,264.05,264.05,75,24900,299.79,264.0,299.9
10528,2021-03-02 09:15:00,259.45,259.45,259.45,259.45,75,23775,259.45,256.8,260.85
10529,2021-03-02 09:16:00,256.6,256.6,253.85,253.85,150,23775,256.63,256.55,257.85
10530,2021-03-02 09:17:00,256.1,256.1,254.15,254.15,150,23850,256.03,251.5,253.05
10531,2021-03-02 09:18:00,246.2,246.2,244.45,245.95,300,23850,251.43,244.7,245.95
10532,2021-03-02 09:19:00,244.5,244.7,244.5,244.7,225,23850,249.72,238.75,240.2
10533,2021-03-02 09:20:00,229.05,232.8,229.05,231.05,450,24075,243.76,230.65,231.2
10534,2021-03-02 09:21:00,230.15,230.15,227.05,227.75,225,24075,241.55,226.55,228.65
10535,2021-03-02 09:22:00,230.15,230.15,227.05,227.75,225,24075,241.55,226.55,228.65
10536,2021-03-02 09:23:00,230.15,230.15,227.05,227.75,225,24075,241.55,226.55,228.65
10537,2021-03-02 09:24:00,225.0,225.0,225.0,225.0,75,24225,240.8,224.3,225.4
10538,2021-03-02 09:25:00,223.75,223.75,223.75,223.75,75,24225,240.06,225.3,226.15
10539,2021-03-02 09:26:00,224.2,224.2,224.2,224.2,375,24375,237.24,224.2,225.2
10540,2021-03-02 09:27:00,222.05,222.05,222.05,222.05,75,24375,236.71,220.6,221.75
10541,2021-03-02 09:28:00,222.15,222.15,222.15,222.15,300,24375,234.96,222.35,223.4
10542,2021-03-02 09:29:00,222.15,222.15,222.15,222.15,300,24375,234.96,222.35,223.4
10543,2021-03-02 09:30:00,216.0,216.0,215.2,215.2,375,24525,232.42,213.55,214.5
10544,2021-03-02 09:31:00,214.65,215.85,214.65,215.45,225,24525,231.17,215.75,216.85
10545,2021-03-02 09:32:00,213.75,213.75,213.75,213.75,75,24525,230.75,216.1,217.25
10546,2021-03-02 09:33:00,217.05,217.05,217.05,217.05,75,24525,230.44,217.55,218.75
10547,2021-03-02 09:34:00,217.3,217.3,217.3,217.3,75,24525,230.14,217.1,218.15
10548,2021-03-02 09:35:00,214.6,215.4,214.6,215.4,150,24825,229.48,215.2,216.45
10549,2021-03-02 09:36:00,214.6,215.4,214.6,215.4,150,24825,229.48,215.2,216.45
10550,2021-03-02 09:37:00,215.25,215.25,215.25,215.25,75,24825,229.18,215.2,216.5
10551,2021-03-02 09:38:00,215.25,215.25,215.25,215.25,75,24825,229.18,215.2,216.5
10552,2021-03-02 09:39:00,215.25,215.25,215.25,215.25,75,24825,229.18,215.2,216.5
10553,2021-03-02 09:40:00,215.25,215.25,215.25,215.25,75,24825,229.18,215.2,216.5
10554,2021-03-02 09:41:00,217.0,217.0,217.0,217.0,75,24975,228.92,217.55,218.45
10555,2021-03-02 09:42:00,217.0,217.0,217.0,217.0,75,24975,228.92,217.55,218.45
10556,2021-03-02 09:43:00,217.0,217.0,217.0,217.0,75,24975,228.92,217.55,218.45
10557,2021-03-02 09:44:00,216.1,216.1,216.1,216.1,150,25125,228.4,218.2,219.35
10558,2021-03-02 09:45:00,220.25,224.2,220.25,224.2,375,25200,227.82,223.1,224.25
10559,2021-03-02 09:46:00,220.25,224.2,220.25,224.2,375,25200,227.82,223.1,224.25
10560,2021-03-02 09:47:00,220.25,224.2,220.25,224.2,375,25200,227.82,223.1,224.25
10561,2021-03-02 09:48:00,220.25,224.2,220.25,224.2,375,25200,227.82,223.1,224.25
10562,2021-03-02 09:49:00,220.25,224.2,220.25,224.2,375,25200,227.82,223.1,224.25
10563,2021-03-02 09:50:00,220.75,220.75,219.85,219.85,150,25350,227.56,218.75,219.65
10564,2021-03-02 09:51:00,217.3,217.3,216.6,216.6,150,25350,227.2,217.1,218.15
10565,2021-03-02 09:52:00,217.3,217.3,216.6,216.6,150,25350,227.2,217.1,218.15
10566,2021-03-02 09:53:00,217.3,217.3,216.6,216.6,150,25350,227.2,217.1,218.15
10567,2021-03-02 09:54:00,217.3,217.3,216.6,216.6,150,25350,227.2,217.1,218.15
10568,2021-03-02 09:55:00,217.3,217.3,216.6,216.6,150,25350,227.2,217.1,218.15
10569,2021-03-02 09:56:00,217.3,217.3,216.6,216.6,150,25350,227.2,217.1,218.15
10570,2021-03-02 09:57:00,210.65,210.65,210.65,210.65,75,25575,226.92,210.7,211.7
10571,2021-03-02 09:58:00,211.15,211.15,211.15,211.15,150,25575,226.43,211.0,211.85
10572,2021-03-02 09:59:00,211.15,211.15,211.15,211.15,150,25575,226.43,211.0,211.85
10573,2021-03-02 10:00:00,206.95,207.55,206.95,207.55,300,25650,225.27,207.0,208.1
10574,2021-03-02 10:01:00,202.8,202.8,202.8,202.8,150,25650,224.61,203.7,204.55
10575,2021-03-02 10:02:00,202.25,202.25,202.25,202.25,75,25650,224.28,201.75,202.6
10576,2021-03-02 10:03:00,202.25,202.25,202.25,202.25,75,25650,224.28,201.75,202.6
10577,2021-03-02 10:04:00,202.25,202.25,202.25,202.25,75,25650,224.28,201.75,202.6
10578,2021-03-02 10:05:00,200.0,200.0,200.0,200.0,75,25650,223.94,200.45,201.35
10579,2021-03-02 10:06:00,200.0,200.0,200.0,200.0,75,25650,223.94,200.45,201.35
10580,2021-03-02 10:07:00,201.75,203.25,201.75,203.25,150,25650,223.34,203.25,203.95
10581,2021-03-02 10:08:00,203.5,203.5,203.5,203.5,75,25650,223.07,202.3,203.4
10582,2021-03-02 10:09:00,203.5,203.5,203.5,203.5,75,25650,223.07,202.3,203.4
10583,2021-03-02 10:10:00,201.5,201.5,201.5,201.5,75,25650,222.78,201.55,202.5
10584,2021-03-02 10:11:00,201.5,201.5,201.5,201.5,75,25650,222.78,201.55,202.5
10585,2021-03-02 10:12:00,201.5,201.5,201.5,201.5,75,25650,222.78,201.55,202.5
10586,2021-03-02 10:13:00,201.5,201.5,201.5,201.5,75,25650,222.78,201.55,202.5
10587,2021-03-02 10:14:00,203.85,203.85,202.45,202.45,150,25650,222.26,200.6,201.6
10588,2021-03-02 10:15:00,203.85,203.85,202.45,202.45,150,25650,222.26,200.6,201.6
10589,2021-03-02 10:16:00,203.85,203.85,202.45,202.45,150,25650,222.26,200.6,201.6
10590,2021-03-02 10:17:00,202.05,202.5,202.05,202.5,525,25650,220.59,202.35,203.35
10591,2021-03-02 10:18:00,202.05,202.5,202.05,202.5,525,25650,220.59,202.35,203.35
10592,2021-03-02 10:19:00,202.05,202.5,202.05,202.5,525,25650,220.59,202.35,203.35
10593,2021-03-02 10:20:00,205.35,205.35,204.15,204.15,150,25650,220.22,203.05,203.9
10594,2021-03-02 10:21:00,205.35,205.35,204.15,204.15,150,25650,220.22,203.05,203.9
10595,2021-03-02 10:22:00,206.4,206.4,206.4,206.4,75,25800,220.06,205.55,206.45
10596,2021-03-02 10:23:00,206.4,206.4,206.4,206.4,75,25800,220.06,205.55,206.45
10597,2021-03-02 10:24:00,206.4,206.4,206.4,206.4,75,25800,220.06,205.55,206.45
10598,2021-03-02 10:25:00,206.4,206.4,206.4,206.4,75,25800,220.06,205.55,206.45
10599,2021-03-02 10:26:00,205.5,205.5,205.5,205.5,75,25800,219.89,204.7,205.75
10600,2021-03-02 10:27:00,204.3,205.1,204.3,205.1,825,25800,218.15,205.65,206.5
10601,2021-03-02 10:28:00,204.3,205.1,204.3,205.1,825,25800,218.15,205.65,206.5
10602,2021-03-02 10:29:00,204.3,205.1,204.3,205.1,825,25800,218.15,205.65,206.5
10603,2021-03-02 10:30:00,204.3,205.1,204.3,205.1,825,25800,218.15,205.65,206.5
10604,2021-03-02 10:31:00,204.3,205.1,204.3,205.1,825,25800,218.15,205.65,206.5
10605,2021-03-02 10:32:00,204.3,205.1,204.3,205.1,825,25800,218.15,205.65,206.5
10606,2021-03-02 10:33:00,204.3,205.1,204.3,205.1,825,25800,218.15,205.65,206.5
10607,2021-03-02 10:34:00,204.3,205.1,204.3,205.1,825,25800,218.15,205.65,206.5
10608,2021-03-02 10:35:00,212.35,213.0,212.35,213.0,375,25875,217.89,211.35,212.2
10609,2021-03-02 10:36:00,212.35,213.0,212.35,213.0,375,25875,217.89,211.35,212.2
10610,2021-03-02 10:37:00,212.35,213.0,212.35,213.0,375,25875,217.89,211.35,212.2
10611,2021-03-02 10:38:00,212.35,213.0,212.35,213.0,375,25875,217.89,211.35,212.2
10612,2021-03-02 10:39:00,212.35,213.0,212.35,213.0,375,25875,217.89,211.35,212.2
10613,2021-03-02 10:40:00,217.45,224.0,217.45,224.0,525,25950,218.0,220.35,221.25
10614,2021-03-02 10:41:00,222.1,222.1,221.45,221.45,150,25950,218.07,217.15,217.9
10615,2021-03-02 10:42:00,222.1,222.1,221.45,221.45,150,25950,218.07,217.15,217.9
10616,2021-03-02 10:43:00,215.55,216.3,215.55,216.3,450,25950,217.96,215.85,216.8
10617,2021-03-02 10:44:00,218.0,218.0,218.0,218.0,225,25875,217.96,217.95,218.6
10618,2021-03-02 10:45:00,220.15,220.15,220.15,220.15,75,25875,217.98,221.1,222.0
10619,2021-03-02 10:46:00,219.0,219.0,219.0,219.0,225,25875,218.0,218.4,219.35
10620,2021-03-02 10:47:00,219.0,219.0,219.0,219.0,225,25875,218.0,218.4,219.35
10621,2021-03-02 10:48:00,219.0,219.0,219.0,219.0,225,25875,218.0,218.4,219.35
10622,2021-03-02 10:49:00,223.0,223.0,223.0,223.0,225,0,218.12,222.6,223.65
10623,2021-03-02 10:50:00,223.0,223.0,223.0,223.0,225,0,218.12,222.6,223.65
10624,2021-03-02 10:51:00,228.4,228.4,228.4,228.4,150,26025,218.27,227.35,228.25
10625,2021-03-02 10:52:00,228.4,228.4,228.4,228.4,150,26025,218.27,227.35,228.25
10626,2021-03-02 10:53:00,225.05,225.05,224.1,224.1,300,26025,218.47,220.8,221.75
10627,2021-03-02 10:54:00,225.05,225.05,224.1,224.1,300,26025,218.47,220.8,221.75
10628,2021-03-02 10:55:00,225.05,225.05,224.1,224.1,300,26025,218.47,220.8,221.75
10629,2021-03-02 10:56:00,225.45,225.45,225.45,225.45,75,26025,218.52,223.05,224.0
10630,2021-03-02 10:57:00,221.6,221.6,221.6,221.6,75,26100,218.54,220.65,221.65
10631,2021-03-02 10:58:00,221.6,221.6,221.6,221.6,75,26100,218.54,220.65,221.65
10632,2021-03-02 10:59:00,222.0,222.0,222.0,222.0,225,26100,218.62,222.9,223.7
10633,2021-03-02 11:00:00,219.55,219.55,219.55,219.55,75,26175,218.62,218.2,219.2
10634,2021-03-02 11:01:00,219.55,219.55,219.55,219.55,75,26175,218.62,218.2,219.2
10635,2021-03-02 11:02:00,225.0,225.0,225.0,225.0,75,26175,218.67,225.1,226.2
10636,2021-03-02 11:03:00,225.0,225.0,225.0,225.0,75,26175,218.67,225.1,226.2
10637,2021-03-02 11:04:00,225.0,225.0,225.0,225.0,75,26175,218.67,225.1,226.2
10638,2021-03-02 11:05:00,229.95,229.95,229.95,229.95,75,26175,218.75,228.3,229.35
10639,2021-03-02 11:06:00,229.25,235.0,229.25,235.0,1275,26175,220.25,234.3,235.35
10640,2021-03-02 11:07:00,235.15,236.75,235.15,236.75,150,26175,220.44,233.45,234.5
10641,2021-03-02 11:08:00,235.15,236.75,235.15,236.75,150,26175,220.44,233.45,234.5
10642,2021-03-02 11:09:00,234.8,234.8,234.8,234.8,300,25650,220.79,233.85,235.1
10643,2021-03-02 11:10:00,238.85,238.85,238.85,238.85,75,25650,220.9,238.8,240.0
10644,2021-03-02 11:11:00,239.95,239.95,239.95,239.95,75,25650,221.01,237.4,238.25
10645,2021-03-02 11:12:00,239.0,239.55,239.0,239.55,225,25650,221.34,236.85,237.95
10646,2021-03-02 11:13:00,232.9,232.9,232.9,232.9,75,25650,221.4,231.75,232.8
10647,2021-03-02 11:14:00,232.9,232.9,232.9,232.9,75,25650,221.4,231.75,232.8
10648,2021-03-02 11:15:00,243.95,252.35,243.95,249.45,1650,25650,224.26,251.8,252.8
10649,2021-03-02 11:16:00,252.85,260.8,252.85,256.75,975,25650,226.31,256.0,256.75
10650,2021-03-02 11:17:00,256.5,258.0,254.05,254.05,975,25650,228.1,253.85,254.55
10651,2021-03-02 11:18:00,249.05,249.05,249.05,249.05,75,25650,228.2,248.1,249.35
10652,2021-03-02 11:19:00,248.9,253.1,248.9,253.1,150,25650,228.4,260.15,261.55
10653,2021-03-02 11:20:00,262.5,263.45,260.0,260.0,1050,25650,230.4,257.85,259.15
10654,2021-03-02 11:21:00,258.5,258.5,258.0,258.0,375,25650,230.97,254.1,255.25
10655,2021-03-02 11:22:00,258.5,258.5,258.0,258.0,375,25650,230.97,254.1,255.25
10656,2021-03-02 11:23:00,252.55,252.6,252.25,252.25,225,25650,231.24,251.2,252.05
10657,2021-03-02 11:24:00,252.55,252.6,252.25,252.25,225,25650,231.24,251.2,252.05
10658,2021-03-02 11:25:00,254.4,254.4,254.4,254.4,300,25650,231.57,253.35,254.5
10659,2021-03-02 11:26:00,247.75,248.4,247.75,248.4,225,25650,231.77,246.05,247.35
10660,2021-03-02 11:27:00,249.65,253.25,249.65,253.25,450,25650,232.24,254.6,255.75
10661,2021-03-02 11:28:00,254.75,254.75,254.75,254.75,75,25650,232.32,251.6,252.5
10662,2021-03-02 11:29:00,250.8,250.8,250.8,250.8,75,25650,232.39,251.45,252.45
10663,2021-03-02 11:30:00,251.95,251.95,251.95,251.95,75,25650,232.47,252.45,253.35
10664,2021-03-02 11:31:00,256.55,256.55,255.5,256.05,525,25650,233.09,255.6,256.5
10665,2021-03-02 11:32:00,258.0,258.0,257.25,257.25,150,25650,233.28,251.7,252.75
10666,2021-03-02 11:33:00,247.15,247.15,247.15,247.15,75,25800,233.33,247.65,248.85
10667,2021-03-02 11:34:00,247.65,247.65,247.65,247.65,300,25800,233.54,244.0,245.05
10668,2021-03-02 11:35:00,242.45,242.45,242.45,242.45,75,25800,233.57,240.75,241.95
10669,2021-03-02 11:36:00,242.45,242.45,242.45,242.45,75,25800,233.57,240.75,241.95
10670,2021-03-02 11:37:00,238.3,238.3,238.3,238.3,300,25800,233.64,238.7,239.9
10671,2021-03-02 11:38:00,239.2,239.2,239.2,239.2,75,25800,233.66,238.05,239.1
10672,2021-03-02 11:39:00,239.2,239.2,239.2,239.2,75,25800,233.66,238.05,239.1
10673,2021-03-02 11:40:00,234.9,234.9,231.55,231.55,225,25800,233.66,231.25,232.25
10674,2021-03-02 11:41:00,231.2,231.2,231.2,231.2,150,25800,233.64,231.4,232.45
10675,2021-03-02 11:42:00,231.2,231.2,231.2,231.2,150,25800,233.64,231.4,232.45
10676,2021-03-02 11:43:00,234.6,234.6,234.6,234.6,75,25575,233.65,232.85,233.75
10677,2021-03-02 11:44:00,234.6,234.6,234.6,234.6,75,25575,233.65,232.85,233.75
10678,2021-03-02 11:45:00,229.6,229.6,228.5,229.0,675,25575,233.52,228.55,229.45
10679,2021-03-02 11:46:00,229.6,229.6,228.5,229.0,675,25575,233.52,228.55,229.45
10680,2021-03-02 11:47:00,229.6,229.6,228.5,229.0,675,25575,233.52,228.55,229.45
10681,2021-03-02 11:48:00,229.15,229.15,229.15,229.15,75,25575,233.5,228.15,229.2
10682,2021-03-02 11:49:00,229.15,229.15,229.15,229.15,75,25575,233.5,228.15,229.2
10683,2021-03-02 11:50:00,225.05,225.05,225.05,225.05,150,25575,233.45,225.5,226.5
10684,2021-03-02 11:51:00,225.05,225.05,225.05,225.05,150,25575,233.45,225.5,226.5
10685,2021-03-02 11:52:00,225.05,225.05,225.05,225.05,150,25575,233.45,225.5,226.5
10686,2021-03-02 11:53:00,227.25,227.25,227.25,227.25,75,25875,233.43,228.1,229.0
10687,2021-03-02 11:54:00,227.25,227.25,227.25,227.25,75,25875,233.43,228.1,229.0
10688,2021-03-02 11:55:00,227.25,227.25,227.25,227.25,75,25875,233.43,228.1,229.0
10689,2021-03-02 11:56:00,227.25,227.25,227.25,227.25,75,25875,233.43,228.1,229.0
10690,2021-03-02 11:57:00,227.25,227.25,227.25,227.25,75,25875,233.43,228.1,229.0
10691,2021-03-02 11:58:00,227.25,227.25,227.25,227.25,75,25875,233.43,228.1,229.0
10692,2021-03-02 11:59:00,227.25,227.25,227.25,227.25,75,25875,233.43,228.1,229.0
10693,2021-03-02 12:00:00,227.25,227.25,227.25,227.25,75,25875,233.43,228.1,229.0
10694,2021-03-02 12:01:00,227.25,227.25,227.25,227.25,75,25875,233.43,228.1,229.0
10695,2021-03-02 12:02:00,231.05,231.05,231.05,231.05,75,25950,233.42,233.25,234.35
10696,2021-03-02 12:03:00,231.05,231.05,231.05,231.05,75,25950,233.42,233.25,234.35
10697,2021-03-02 12:04:00,231.05,231.05,231.05,231.05,75,25950,233.42,233.25,234.35
10698,2021-03-02 12:05:00,231.05,231.05,231.05,231.05,75,25950,233.42,233.25,234.35
10699,2021-03-02 12:06:00,231.05,231.05,231.05,231.05,75,25950,233.42,233.25,234.35
10700,2021-03-02 12:07:00,231.05,231.05,231.05,231.05,75,25950,233.42,233.25,234.35
10701,2021-03-02 12:08:00,231.05,231.05,231.05,231.05,75,25950,233.42,233.25,234.35
10702,2021-03-02 12:09:00,231.05,231.05,231.05,231.05,75,25950,233.42,233.25,234.35
10703,2021-03-02 12:10:00,231.05,231.05,231.05,231.05,75,25950,233.42,233.25,234.35
10704,2021-03-02 12:11:00,236.5,236.5,236.5,236.5,75,26100,233.43,236.45,237.4
10705,2021-03-02 12:12:00,236.5,236.5,236.5,236.5,75,26100,233.43,236.45,237.4
10706,2021-03-02 12:13:00,236.5,236.5,236.5,236.5,75,26100,233.43,236.45,237.4
10707,2021-03-02 12:14:00,229.0,229.0,229.0,229.0,75,26475,233.41,227.75,228.9
10708,2021-03-02 12:15:00,229.0,229.0,229.0,229.0,75,26475,233.41,227.75,228.9
10709,2021-03-02 12:16:00,229.0,229.0,229.0,229.0,75,26475,233.41,227.75,228.9
10710,2021-03-02 12:17:00,226.2,226.2,226.2,226.2,150,26475,233.37,226.25,227.25
10711,2021-03-02 12:18:00,226.2,226.2,226.2,226.2,150,26475,233.37,226.25,227.25
10712,2021-03-02 12:19:00,226.2,226.2,226.2,226.2,150,26475,233.37,226.25,227.25
10713,2021-03-02 12:20:00,226.2,226.2,226.2,226.2,150,26475,233.37,226.25,227.25
10714,2021-03-02 12:21:00,227.5,227.5,227.5,227.5,75,26475,233.35,229.95,230.95
10715,2021-03-02 12:22:00,227.5,227.5,227.5,227.5,75,26475,233.35,229.95,230.95
10716,2021-03-02 12:23:00,233.85,233.85,233.85,233.85,75,26400,233.35,232.45,233.45
10717,2021-03-02 12:24:00,233.85,233.85,233.85,233.85,75,26400,233.35,232.45,233.45
10718,2021-03-02 12:25:00,233.85,233.85,233.85,233.85,75,26400,233.35,232.45,233.45
10719,2021-03-02 12:26:00,235.6,235.6,234.45,234.45,150,26475,233.36,232.2,233.15
10720,2021-03-02 12:27:00,234.45,234.45,234.45,234.45,300,26475,233.37,233.45,234.4
10721,2021-03-02 12:28:00,234.45,234.45,234.45,234.45,300,26475,233.37,233.45,234.4
10722,2021-03-02 12:29:00,233.8,234.95,233.8,234.95,150,26475,233.38,233.6,234.65
10723,2021-03-02 12:30:00,237.35,237.35,237.35,237.35,75,26550,233.39,235.2,236.1
10724,2021-03-02 12:31:00,230.95,230.95,230.95,230.95,75,26550,233.39,229.65,230.45
10725,2021-03-02 12:32:00,230.95,230.95,230.95,230.95,75,26550,233.39,229.65,230.45
10726,2021-03-02 12:33:00,230.25,230.25,230.25,230.25,75,26550,233.38,230.9,231.8
10727,2021-03-02 12:34:00,230.25,230.25,230.25,230.25,75,26550,233.38,230.9,231.8
10728,2021-03-02 12:35:00,230.25,230.25,230.25,230.25,75,26550,233.38,230.9,231.8
10729,2021-03-02 12:36:00,232.5,232.85,232.5,232.85,150,26250,233.37,234.7,235.8
10730,2021-03-02 12:37:00,237.0,237.0,237.0,237.0,300,26250,233.42,236.0,237.0
10731,2021-03-02 12:38:00,237.0,237.0,237.0,237.0,300,26250,233.42,236.0,237.0
10732,2021-03-02 12:39:00,234.65,234.65,234.65,234.65,300,26250,233.43,233.8,234.7
10733,2021-03-02 12:40:00,234.65,234.65,234.65,234.65,300,26250,233.43,233.8,234.7
10734,2021-03-02 12:41:00,234.65,234.65,234.65,234.65,300,26250,233.43,233.8,234.7
10735,2021-03-02 12:42:00,234.65,234.65,234.65,234.65,300,26250,233.43,233.8,234.7
10736,2021-03-02 12:43:00,229.5,229.5,229.5,229.5,75,0,233.42,229.65,230.55
10737,2021-03-02 12:44:00,231.75,231.75,231.75,231.75,75,26625,233.41,232.95,234.1
10738,2021-03-02 12:45:00,236.35,236.35,236.3,236.3,1350,26175,233.52,235.4,236.35
10739,2021-03-02 12:46:00,239.9,239.9,237.45,237.45,375,26175,233.59,241.15,242.35
10740,2021-03-02 12:47:00,239.9,239.9,237.45,237.45,375,26175,233.59,241.15,242.35
10741,2021-03-02 12:48:00,244.45,246.85,244.45,246.85,375,26175,233.77,246.5,247.45
10742,2021-03-02 12:49:00,244.45,246.85,244.45,246.85,375,26175,233.77,246.5,247.45
10743,2021-03-02 12:50:00,244.45,246.85,244.45,246.85,375,26175,233.77,246.5,247.45
10744,2021-03-02 12:51:00,244.45,246.85,244.45,246.85,375,26175,233.77,246.5,247.45
10745,2021-03-02 12:52:00,237.2,237.2,237.15,237.15,150,26175,233.79,238.4,239.25
10746,2021-03-02 12:53:00,237.2,237.2,237.15,237.15,150,26175,233.79,238.4,239.25
10747,2021-03-02 12:54:00,237.2,237.2,237.15,237.15,150,26175,233.79,238.4,239.25
10748,2021-03-02 12:55:00,233.9,236.7,233.9,236.7,225,26325,233.8,236.75,237.65
10749,2021-03-02 12:56:00,238.6,238.9,236.2,236.2,1050,26325,233.96,236.2,237.1
10750,2021-03-02 12:57:00,235.25,235.25,235.25,235.25,300,26400,233.98,234.75,235.6
10751,2021-03-02 12:58:00,235.85,235.85,235.85,235.85,150,26400,233.98,234.7,235.8
10752,2021-03-02 12:59:00,234.65,234.65,234.65,234.65,75,26400,233.99,233.85,235.0
10753,2021-03-02 13:00:00,230.3,230.3,230.3,230.3,75,26400,233.98,228.2,229.25
10754,2021-03-02 13:01:00,228.3,229.45,228.3,229.45,300,26550,233.92,227.8,228.75
10755,2021-03-02 13:02:00,229.05,229.95,229.05,229.95,225,26550,233.89,232.2,233.25
10756,2021-03-02 13:03:00,233.7,233.7,233.45,233.45,375,26550,233.89,235.55,236.55
10757,2021-03-02 13:04:00,233.7,233.7,233.45,233.45,375,26550,233.89,235.55,236.55
10758,2021-03-02 13:05:00,233.7,233.7,233.45,233.45,375,26550,233.89,235.55,236.55
10759,2021-03-02 13:06:00,233.6,233.6,233.6,233.6,75,27225,233.89,234.0,234.95
10760,2021-03-02 13:07:00,235.0,235.0,235.0,235.0,300,27075,233.9,234.65,235.7
10761,2021-03-02 13:08:00,233.4,233.4,233.4,233.4,75,27075,233.9,233.35,234.45
10762,2021-03-02 13:09:00,233.4,233.4,233.4,233.4,75,27075,233.9,233.35,234.45
10763,2021-03-02 13:10:00,230.75,231.45,230.75,231.45,150,27075,233.89,232.05,232.9
10764,2021-03-02 13:11:00,233.0,233.0,233.0,233.0,75,27075,233.88,233.15,234.1
10765,2021-03-02 13:12:00,233.0,233.0,233.0,233.0,75,27075,233.88,233.15,234.1
10766,2021-03-02 13:13:00,233.0,233.0,233.0,233.0,75,27075,233.88,233.15,234.1
10767,2021-03-02 13:14:00,233.0,233.0,233.0,233.0,75,27075,233.88,233.15,234.1
10768,2021-03-02 13:15:00,237.1,237.1,237.1,237.1,75,27450,233.89,238.55,239.65
10769,2021-03-02 13:16:00,237.1,237.1,237.1,237.1,75,27450,233.89,238.55,239.65
10770,2021-03-02 13:17:00,233.3,233.75,233.3,233.75,300,27450,233.89,232.85,234.0
10771,2021-03-02 13:18:00,233.3,233.75,233.3,233.75,300,27450,233.89,232.85,234.0
10772,2021-03-02 13:19:00,229.05,231.15,229.05,231.15,225,27525,233.86,231.35,232.1
10773,2021-03-02 13:20:00,229.05,231.15,229.05,231.15,225,27525,233.86,231.35,232.1
10774,2021-03-02 13:21:00,229.05,231.15,229.05,231.15,225,27525,233.86,231.35,232.1
10775,2021-03-02 13:22:00,229.05,231.15,229.05,231.15,225,27525,233.86,231.35,232.1
10776,2021-03-02 13:23:00,229.05,231.15,229.05,231.15,225,27525,233.86,231.35,232.1
10777,2021-03-02 13:24:00,236.0,236.0,235.25,235.25,300,27675,233.87,234.35,235.5
10778,2021-03-02 13:25:00,236.0,236.0,235.25,235.25,300,27675,233.87,234.35,235.5
10779,2021-03-02 13:26:00,237.0,237.0,237.0,237.0,75,27675,233.88,235.3,236.45
10780,2021-03-02 13:27:00,237.0,237.0,237.0,237.0,75,27675,233.88,235.3,236.45
10781,2021-03-02 13:28:00,233.75,233.75,233.75,233.75,75,27975,233.88,234.55,235.5
10782,2021-03-02 13:29:00,233.75,233.75,233.75,233.75,75,27975,233.88,234.55,235.5
10783,2021-03-02 13:30:00,235.6,235.6,234.8,234.8,150,27975,233.89,233.1,234.15
10784,2021-03-02 13:31:00,235.6,235.6,234.8,234.8,150,27975,233.89,233.1,234.15
10785,2021-03-02 13:32:00,239.0,239.0,239.0,239.0,300,28050,233.94,240.3,241.4
10786,2021-03-02 13:33:00,239.0,239.0,239.0,239.0,300,28050,233.94,240.3,241.4
10787,2021-03-02 13:34:00,240.95,240.95,240.0,240.0,375,27825,234.01,239.4,240.35
10788,2021-03-02 13:35:00,240.35,240.35,240.35,240.35,75,0,234.02,240.25,241.3
10789,2021-03-02 13:36:00,241.75,247.75,241.75,247.05,525,27900,234.22,248.05,249.25
10790,2021-03-02 13:37:00,241.75,247.75,241.75,247.05,525,27900,234.22,248.05,249.25
10791,2021-03-02 13:38:00,241.75,247.75,241.75,247.05,525,27900,234.22,248.05,249.25
10792,2021-03-02 13:39:00,242.0,242.0,242.0,242.0,75,27900,234.23,242.1,242.9
10793,2021-03-02 13:40:00,242.0,242.0,242.0,242.0,75,27900,234.23,242.1,242.9
10794,2021-03-02 13:41:00,233.25,233.25,223.2,223.2,1725,27900,234.1,224.55,226.2
10795,2021-03-02 13:42:00,233.25,233.25,223.2,223.2,1725,27900,234.1,224.55,226.2
10796,2021-03-02 13:43:00,221.3,221.3,221.3,221.3,300,27825,233.99,221.0,221.6
10797,2021-03-02 13:44:00,220.45,220.5,219.75,220.5,1050,27825,233.59,220.6,221.5
10798,2021-03-02 13:45:00,219.15,219.15,214.45,214.45,1425,27825,232.92,214.35,214.75
10799,2021-03-02 13:46:00,211.6,213.7,211.6,213.7,225,27825,232.79,213.75,214.85
10800,2021-03-02 13:47:00,211.3,211.3,207.0,207.0,375,27825,232.56,206.0,207.0
10801,2021-03-02 13:48:00,207.4,208.75,207.4,208.75,225,27825,232.42,210.2,211.15
10802,2021-03-02 13:49:00,207.4,208.75,207.4,208.75,225,27825,232.42,210.2,211.15
10803,2021-03-02 13:50:00,213.6,213.6,213.6,213.6,75,27900,232.38,213.15,214.05
10804,2021-03-02 13:51:00,216.1,216.1,215.55,215.55,225,27900,232.28,215.35,216.0
10805,2021-03-02 13:52:00,216.1,216.1,215.55,215.55,225,27900,232.28,215.35,216.0
10806,2021-03-02 13:53:00,216.1,216.1,215.55,215.55,225,27900,232.28,215.35,216.0
10807,2021-03-02 13:54:00,215.85,215.85,215.85,215.85,75,27900,232.25,217.05,217.75
10808,2021-03-02 13:55:00,215.85,215.85,215.85,215.85,75,27900,232.25,217.05,217.75
10809,2021-03-02 13:56:00,222.15,225.25,222.15,225.25,375,28125,232.17,222.7,223.65
10810,2021-03-02 13:57:00,222.15,225.25,222.15,225.25,375,28125,232.17,222.7,223.65
10811,2021-03-02 13:58:00,221.45,221.45,221.45,221.45,75,28725,232.15,221.75,222.55
10812,2021-03-02 13:59:00,225.85,225.85,225.85,225.85,150,28725,232.12,224.05,224.95
10813,2021-03-02 14:00:00,228.65,228.65,228.65,228.65,225,28725,232.1,225.65,226.65
10814,2021-03-02 14:01:00,225.45,226.0,225.45,226.0,225,28725,232.07,225.85,227.05
10815,2021-03-02 14:02:00,225.45,226.0,225.45,226.0,225,28725,232.07,225.85,227.05
10816,2021-03-02 14:03:00,217.25,217.25,217.25,217.25,75,28575,232.04,218.05,218.85
10817,2021-03-02 14:04:00,215.1,215.4,215.1,215.4,150,28575,231.97,214.95,216.05
10818,2021-03-02 14:05:00,216.75,216.75,216.75,216.75,750,28575,231.69,214.9,215.9
10819,2021-03-02 14:06:00,214.15,214.15,214.15,214.15,75,28575,231.66,216.1,217.15
10820,2021-03-02 14:07:00,214.15,214.15,214.15,214.15,75,28575,231.66,216.1,217.15
10821,2021-03-02 14:08:00,214.15,214.15,214.15,214.15,75,28575,231.66,216.1,217.15
10822,2021-03-02 14:09:00,214.15,214.15,214.15,214.15,75,28575,231.66,216.1,217.15
10823,2021-03-02 14:10:00,214.15,214.15,214.15,214.15,75,28575,231.66,216.1,217.15
10824,2021-03-02 14:11:00,214.15,214.15,214.15,214.15,75,28575,231.66,216.1,217.15
10825,2021-03-02 14:12:00,219.4,219.4,219.4,219.4,75,28500,231.64,218.5,219.55
10826,2021-03-02 14:13:00,215.6,215.6,215.6,215.6,75,28875,231.61,215.0,216.05
10827,2021-03-02 14:14:00,211.5,212.0,211.4,211.4,300,28875,231.46,210.55,211.35
10828,2021-03-02 14:15:00,209.5,209.5,209.5,209.5,75,28875,231.42,211.6,212.5
10829,2021-03-02 14:16:00,210.2,210.6,210.2,210.6,375,28875,231.23,209.8,210.4
10830,2021-03-02 14:17:00,209.5,209.5,209.5,209.5,75,28875,231.2,209.0,209.7
10831,2021-03-02 14:18:00,209.0,210.2,209.0,209.35,300,28875,231.04,209.25,210.05
10832,2021-03-02 14:19:00,209.0,210.2,209.0,209.35,300,28875,231.04,209.25,210.05
10833,2021-03-02 14:20:00,210.65,211.75,210.65,211.2,375,28950,230.87,211.15,212.05
10834,2021-03-02 14:21:00,214.9,214.9,214.15,214.15,300,28875,230.75,213.95,214.95
10835,2021-03-02 14:22:00,214.9,214.9,214.15,214.15,300,28875,230.75,213.95,214.95
10836,2021-03-02 14:23:00,214.9,214.9,214.15,214.15,300,28875,230.75,213.95,214.95
10837,2021-03-02 14:24:00,214.9,214.9,214.15,214.15,300,28875,230.75,213.95,214.95
10838,2021-03-02 14:25:00,214.9,214.9,214.15,214.15,300,28875,230.75,213.95,214.95
10839,2021-03-02 14:26:00,214.9,214.9,214.15,214.15,300,28875,230.75,213.95,214.95
10840,2021-03-02 14:27:00,214.9,214.9,214.15,214.15,300,28875,230.75,213.95,214.95
10841,2021-03-02 14:28:00,216.45,216.45,216.25,216.25,150,28725,230.7,216.1,216.95
10842,2021-03-02 14:29:00,217.15,217.15,217.15,217.15,75,28725,230.68,216.0,217.05
10843,2021-03-02 14:30:00,217.15,217.15,217.15,217.15,75,28725,230.68,216.0,217.05
10844,2021-03-02 14:31:00,216.3,216.3,216.3,216.3,375,28425,230.55,214.75,215.8
10845,2021-03-02 14:32:00,216.3,216.3,216.3,216.3,375,28425,230.55,214.75,215.8
10846,2021-03-02 14:33:00,217.55,217.55,217.55,217.55,75,28425,230.53,217.45,218.5
10847,2021-03-02 14:34:00,217.15,217.15,217.15,217.15,75,28425,230.51,216.85,217.8
10848,2021-03-02 14:35:00,219.5,223.05,219.5,223.05,150,28425,230.48,218.7,219.65
10849,2021-03-02 14:36:00,219.5,223.05,219.5,223.05,150,28425,230.48,218.7,219.65
10850,2021-03-02 14:37:00,218.85,219.5,218.85,219.5,150,28425,230.44,218.65,219.65
10851,2021-03-02 14:38:00,214.2,214.2,214.2,214.2,225,28425,230.35,214.25,215.1
10852,2021-03-02 14:39:00,214.2,214.2,214.2,214.2,225,28425,230.35,214.25,215.1
10853,2021-03-02 14:40:00,214.2,214.2,214.2,214.2,225,28425,230.35,214.25,215.1
10854,2021-03-02 14:41:00,214.2,214.2,214.2,214.2,225,28425,230.35,214.25,215.1
10855,2021-03-02 14:42:00,214.2,214.2,214.2,214.2,225,28425,230.35,214.25,215.1
10856,2021-03-02 14:43:00,217.35,217.35,217.35,217.35,75,28425,230.33,216.65,217.65
10857,2021-03-02 14:44:00,217.35,217.35,217.35,217.35,75,28425,230.33,216.65,217.65
10858,2021-03-02 14:45:00,217.35,217.35,217.35,217.35,75,28425,230.33,216.65,217.65
10859,2021-03-02 14:46:00,212.0,212.0,212.0,212.0,150,28425,230.27,210.2,211.05
10860,2021-03-02 14:47:00,211.05,211.05,211.05,211.05,75,28425,230.24,212.6,213.5
10861,2021-03-02 14:48:00,211.05,211.05,211.05,211.05,75,28425,230.24,212.6,213.5
10862,2021-03-02 14:49:00,211.05,211.05,211.05,211.05,75,28425,230.24,212.6,213.5
10863,2021-03-02 14:50:00,224.25,227.0,224.25,226.1,675,28425,230.18,225.4,226.35
10864,2021-03-02 14:51:00,225.35,225.35,225.35,225.35,75,28425,230.17,222.7,223.6
10865,2021-03-02 14:52:00,224.35,224.35,224.35,224.35,225,28425,230.14,216.3,217.3
10866,2021-03-02 14:53:00,218.75,218.75,218.55,218.55,150,28425,230.1,217.0,218.05
10867,2021-03-02 14:54:00,218.75,218.75,218.55,218.55,150,28425,230.1,217.0,218.05
10868,2021-03-02 14:55:00,218.75,218.75,218.55,218.55,150,28425,230.1,217.0,218.05
10869,2021-03-02 14:56:00,218.75,218.75,218.55,218.55,150,28425,230.1,217.0,218.05
10870,2021-03-02 14:57:00,218.75,218.75,218.55,218.55,150,28425,230.1,217.0,218.05
10871,2021-03-02 14:58:00,218.75,218.75,218.55,218.55,150,28425,230.1,217.0,218.05
10872,2021-03-02 14:59:00,218.1,218.1,218.1,218.1,150,28350,230.06,215.4,216.35
10873,2021-03-02 15:00:00,215.25,215.25,215.25,215.25,300,28350,229.97,209.35,209.85
10874,2021-03-02 15:01:00,209.85,209.85,205.9,206.1,825,28350,229.55,207.05,208.05
10875,2021-03-02 15:02:00,209.85,209.85,205.9,206.1,825,28350,229.55,207.05,208.05
10876,2021-03-02 15:03:00,204.05,204.05,204.05,204.05,75,28350,229.51,205.4,206.3
10877,2021-03-02 15:04:00,205.1,205.1,205.1,205.1,75,28350,229.47,205.25,206.3
10878,2021-03-02 15:05:00,206.25,206.25,206.25,206.25,75,28350,229.44,206.9,207.65
10879,2021-03-02 15:06:00,206.6,206.6,206.6,206.6,75,28350,229.4,204.45,205.55
10880,2021-03-02 15:07:00,206.6,206.6,206.6,206.6,75,28350,229.4,204.45,205.55
10881,2021-03-02 15:08:00,203.95,203.95,203.95,203.95,75,28275,229.36,203.95,204.8
10882,2021-03-02 15:09:00,200.75,201.4,200.75,201.4,375,28275,229.14,201.0,201.95
10883,2021-03-02 15:10:00,198.9,198.9,193.6,193.6,750,28275,228.66,192.5,193.3
10884,2021-03-02 15:11:00,192.45,193.75,192.45,193.75,225,28275,228.49,189.5,190.5
10885,2021-03-02 15:12:00,189.05,189.05,187.85,188.55,525,28275,228.06,190.55,191.45
10886,2021-03-02 15:13:00,189.05,189.05,187.85,188.55,525,28275,228.06,190.55,191.45
10887,2021-03-02 15:14:00,188.55,188.55,185.05,185.05,300,27900,227.81,184.7,185.7
10888,2021-03-02 15:15:00,185.7,185.95,185.7,185.95,300,27900,227.56,183.85,184.8
10889,2021-03-02 15:16:00,183.6,183.6,183.1,183.1,150,27900,227.42,182.4,183.1
10890,2021-03-02 15:17:00,183.1,183.1,181.85,182.45,225,27900,227.22,181.65,182.55
10891,2021-03-02 15:18:00,181.1,181.1,180.0,180.8,900,27900,226.39,180.15,181.05
10892,2021-03-02 15:19:00,180.15,180.15,178.8,178.8,675,27900,225.78,178.5,179.35
10893,2021-03-02 15:20:00,178.7,180.95,178.1,180.9,6225,27900,220.84,180.1,180.9
10894,2021-03-02 15:21:00,180.9,180.9,179.5,180.6,2100,27975,219.41,180.15,181.05
10895,2021-03-02 15:22:00,180.9,180.9,176.15,176.85,1425,27975,218.46,176.05,176.9
10896,2021-03-02 15:23:00,177.45,177.45,175.05,175.55,1425,27975,217.49,175.05,175.75
10897,2021-03-02 15:24:00,175.05,176.3,175.05,175.95,750,27900,217.0,175.2,175.95
10898,2021-03-02 15:25:00,175.4,177.0,175.3,175.5,600,27900,216.61,175.1,176.1
10899,2021-03-02 15:26:00,176.25,176.25,176.25,176.25,75,27900,216.57,175.4,176.3
10900,2021-03-02 15:27:00,175.8,175.8,174.75,174.75,225,27900,216.42,174.65,175.3
10901,2021-03-02 15:28:00,175.8,175.8,174.75,174.75,225,27900,216.42,174.65,175.3
10902,2021-03-02 15:29:00,175.8,175.8,174.75,174.75,225,27900,216.42,174.65,175.3
10903,2021-03-02 15:30:00,174.45,175.75,174.45,175.75,150,27900,216.33,170.0,194.0
10904,2021-03-03 09:15:00,145.45,147.95,145.45,147.95,150,34875,146.7,144.0,148.4
10905,2021-03-03 09:16:00,148.25,148.25,146.45,147.0,375,34875,147.14,145.6,147.2
10906,2021-03-03 09:17:00,147.1,147.6,147.1,147.35,525,35025,147.23,146.7,147.55
10907,2021-03-03 09:18:00,147.0,147.15,145.8,147.15,825,35025,147.06,146.6,147.3
10908,2021-03-03 09:19:00,147.1,147.55,146.45,146.45,1050,35025,147.06,147.5,147.8
10909,2021-03-03 09:20:00,147.5,147.5,143.6,143.6,1275,35175,146.65,141.95,142.65
10910,2021-03-03 09:21:00,141.25,143.1,141.25,141.55,750,35175,145.98,140.95,141.8
10911,2021-03-03 09:22:00,141.4,142.15,141.25,142.15,750,35175,145.43,142.95,143.55
10912,2021-03-03 09:23:00,143.4,144.55,143.4,144.55,300,35550,145.35,143.55,144.25
10913,2021-03-03 09:24:00,144.35,144.35,144.35,144.35,225,35550,145.31,144.8,145.1
10914,2021-03-03 09:25:00,142.85,144.35,142.85,144.35,375,35550,145.19,145.05,145.55
10915,2021-03-03 09:26:00,146.15,146.15,146.15,146.15,225,35325,145.22,146.0,146.65
10916,2021-03-03 09:27:00,146.65,146.8,146.65,146.8,300,35325,145.29,146.65,147.1
10917,2021-03-03 09:28:00,147.25,148.2,147.25,148.2,300,35325,145.37,146.8,147.5
10918,2021-03-03 09:29:00,145.3,145.65,145.3,145.65,375,34875,145.38,145.95,146.65
10919,2021-03-03 09:30:00,144.45,144.75,144.25,144.25,300,34875,145.35,143.6,144.4
10920,2021-03-03 09:31:00,143.65,143.65,143.65,143.65,225,34875,145.3,142.65,143.2
10921,2021-03-03 09:32:00,143.05,143.05,143.05,143.05,225,34875,145.24,142.25,142.7
10922,2021-03-03 09:33:00,142.5,144.1,142.5,144.1,450,34800,145.13,143.3,144.05
10923,2021-03-03 09:34:00,144.3,145.95,144.3,144.6,450,34800,145.11,144.55,145.25
10924,2021-03-03 09:35:00,145.35,146.4,145.35,145.4,450,34875,145.14,145.25,145.95
10925,2021-03-03 09:36:00,146.05,147.1,146.05,146.65,450,34875,145.19,146.7,147.1
10926,2021-03-03 09:37:00,146.7,146.7,145.55,145.55,375,34875,145.22,143.95,144.45
10927,2021-03-03 09:38:00,144.1,144.8,144.1,144.8,375,34875,145.2,144.3,144.9
10928,2021-03-03 09:39:00,143.55,144.5,143.55,144.5,450,34800,145.15,144.5,145.15
10929,2021-03-03 09:40:00,145.4,146.6,145.4,146.1,675,34800,145.2,145.65,146.4
10930,2021-03-03 09:41:00,146.15,146.95,146.15,146.95,300,34725,145.23,147.45,148.05
10931,2021-03-03 09:42:00,147.6,147.6,147.6,147.6,150,34725,145.26,147.05,147.45
10932,2021-03-03 09:43:00,148.2,149.85,148.2,149.55,900,34725,145.51,149.75,150.05
10933,2021-03-03 09:44:00,148.9,150.0,148.9,149.75,1125,34575,145.83,149.85,150.6
10934,2021-03-03 09:45:00,151.3,151.3,151.25,151.25,225,34575,145.91,149.65,150.3
10935,2021-03-03 09:46:00,150.35,150.35,147.55,147.55,150,34575,145.94,146.85,147.5
10936,2021-03-03 09:47:00,146.35,147.3,146.35,147.3,525,34350,145.98,147.6,148.05
10937,2021-03-03 09:48:00,148.05,149.35,148.05,148.25,225,34350,146.01,148.05,148.6
10938,2021-03-03 09:49:00,148.05,149.35,148.05,148.25,225,34350,146.01,148.05,148.6
10939,2021-03-03 09:50:00,146.05,146.25,146.05,146.25,150,33900,146.01,145.25,145.9
10940,2021-03-03 09:51:00,146.05,146.25,146.05,146.25,150,33900,146.01,145.25,145.9
10941,2021-03-03 09:52:00,145.2,145.2,145.2,145.2,75,33900,146.01,144.8,145.45
10942,2021-03-03 09:53:00,145.2,145.2,145.2,145.2,75,33900,146.01,144.8,145.45
10943,2021-03-03 09:54:00,145.2,145.2,145.2,145.2,75,33900,146.01,144.8,145.45
10944,2021-03-03 09:55:00,143.2,143.2,143.2,143.2,75,33825,146.0,143.6,144.25
10945,2021-03-03 09:56:00,143.2,143.2,143.2,143.2,75,33825,146.0,143.6,144.25
10946,2021-03-03 09:57:00,143.2,143.2,143.2,143.2,75,33825,146.0,143.6,144.25
10947,2021-03-03 09:58:00,143.5,143.5,143.5,143.5,75,33450,145.98,143.3,144.05
10948,2021-03-03 09:59:00,143.5,143.5,143.5,143.5,75,33450,145.98,143.3,144.05
10949,2021-03-03 10:00:00,143.1,143.55,143.1,143.55,150,32925,145.96,145.7,146.4
10950,2021-03-03 10:01:00,143.1,143.55,143.1,143.55,150,32925,145.96,145.7,146.4
10951,2021-03-03 10:02:00,143.1,143.55,143.1,143.55,150,32925,145.96,145.7,146.4
10952,2021-03-03 10:03:00,145.0,145.0,144.7,144.7,450,32250,145.93,144.65,145.35
10953,2021-03-03 10:04:00,145.0,145.0,144.7,144.7,450,32250,145.93,144.65,145.35
10954,2021-03-03 10:05:00,145.0,145.0,144.7,144.7,450,32250,145.93,144.65,145.35
10955,2021-03-03 10:06:00,140.85,140.85,140.85,140.85,75,31125,145.91,140.2,140.7
10956,2021-03-03 10:07:00,140.9,141.35,140.9,141.35,150,31125,145.87,140.9,141.5
10957,2021-03-03 10:08:00,141.2,141.2,141.2,141.2,75,31125,145.85,141.05,141.75
10958,2021-03-03 10:09:00,140.65,141.15,140.55,140.55,225,31050,145.78,140.55,141.15
10959,2021-03-03 10:10:00,140.7,140.95,140.5,140.9,675,31050,145.59,140.7,141.3
10960,2021-03-03 10:11:00,140.2,140.2,140.0,140.2,450,31050,145.46,140.15,140.6
10961,2021-03-03 10:12:00,140.75,142.1,140.75,142.1,375,31350,145.39,142.0,142.65
10962,2021-03-03 10:13:00,140.75,142.1,140.75,142.1,375,31350,145.39,142.0,142.65
10963,2021-03-03 10:14:00,140.75,142.1,140.75,142.1,375,31350,145.39,142.0,142.65
10964,2021-03-03 10:15:00,142.1,142.1,139.75,139.75,150,31275,145.35,139.55,140.2
10965,2021-03-03 10:16:00,142.1,142.1,139.75,139.75,150,31275,145.35,139.55,140.2
10966,2021-03-03 10:17:00,142.1,142.1,139.75,139.75,150,31275,145.35,139.55,140.2
10967,2021-03-03 10:18:00,142.1,142.1,139.75,139.75,150,31275,145.35,139.55,140.2
10968,2021-03-03 10:19:00,142.1,142.1,139.75,139.75,150,31275,145.35,139.55,140.2
10969,2021-03-03 10:20:00,142.1,142.1,139.75,139.75,150,31275,145.35,139.55,140.2
10970,2021-03-03 10:21:00,141.65,141.65,141.65,141.65,75,31200,145.34,140.6,141.3
10971,2021-03-03 10:22:00,141.65,141.65,141.65,141.65,75,31200,145.34,140.6,141.3
10972,2021-03-03 10:23:00,141.65,141.65,141.65,141.65,75,31200,145.34,140.6,141.3
10973,2021-03-03 10:24:00,141.65,141.65,141.65,141.65,75,31200,145.34,140.6,141.3
10974,2021-03-03 10:25:00,141.65,141.65,141.65,141.65,75,31200,145.34,140.6,141.3
10975,2021-03-03 10:26:00,141.65,141.65,141.65,141.65,75,31200,145.34,140.6,141.3
10976,2021-03-03 10:27:00,141.65,141.65,141.65,141.65,75,31200,145.34,140.6,141.3
10977,2021-03-03 10:28:00,141.2,141.2,141.2,141.2,300,30750,145.27,140.35,141.3
10978,2021-03-03 10:29:00,140.45,140.45,140.45,140.45,75,30825,145.25,139.8,140.45
10979,2021-03-03 10:30:00,138.7,138.9,136.35,136.35,3225,30825,144.43,135.55,136.3
10980,2021-03-03 10:31:00,135.55,135.55,134.95,135.0,375,30825,144.28,134.85,135.55
10981,2021-03-03 10:32:00,135.55,135.55,134.95,135.0,375,30825,144.28,134.85,135.55
10982,2021-03-03 10:33:00,135.55,135.55,134.95,135.0,375,30825,144.28,134.85,135.55
10983,2021-03-03 10:34:00,135.55,135.55,134.95,135.0,375,30825,144.28,134.85,135.55
10984,2021-03-03 10:35:00,136.3,136.3,136.3,136.3,75,30600,144.25,135.7,136.3
10985,2021-03-03 10:36:00,136.3,136.3,136.3,136.3,75,30600,144.25,135.7,136.3
10986,2021-03-03 10:37:00,136.3,136.3,136.3,136.3,75,30600,144.25,135.7,136.3
10987,2021-03-03 10:38:00,133.7,133.7,133.7,133.7,75,30600,144.22,132.1,132.75
10988,2021-03-03 10:39:00,133.45,133.45,133.45,133.45,75,30300,144.18,132.55,133.15
10989,2021-03-03 10:40:00,133.45,133.45,133.45,133.45,75,30300,144.18,132.55,133.15
10990,2021-03-03 10:41:00,132.5,132.5,132.45,132.5,900,30300,143.75,132.1,132.7
10991,2021-03-03 10:42:00,132.3,132.3,132.3,132.3,75,30375,143.71,132.6,133.1
10992,2021-03-03 10:43:00,132.3,132.3,132.3,132.3,75,30375,143.71,132.6,133.1
10993,2021-03-03 10:44:00,132.85,132.85,132.85,132.85,75,30375,143.68,131.7,132.4
10994,2021-03-03 10:45:00,132.95,132.95,132.95,132.95,75,30300,143.65,132.0,132.75
10995,2021-03-03 10:46:00,132.8,133.45,132.3,133.45,375,30300,143.48,132.6,133.35
10996,2021-03-03 10:47:00,132.75,132.75,132.75,132.75,75,30300,143.45,132.75,133.5
10997,2021-03-03 10:48:00,132.75,132.75,132.75,132.75,75,30300,143.45,132.75,133.5
10998,2021-03-03 10:49:00,134.55,134.55,134.55,134.55,150,30375,143.4,133.8,134.45
10999,2021-03-03 10:50:00,134.55,134.55,134.55,134.55,150,30375,143.4,133.8,134.45
11000,2021-03-03 10:51:00,132.8,132.8,132.8,132.8,75,30375,143.37,133.0,133.65
11001,2021-03-03 10:52:00,133.65,133.65,133.65,133.65,75,30375,143.34,133.2,133.95
11002,2021-03-03 10:53:00,133.65,133.65,133.65,133.65,75,30375,143.34,133.2,133.95
11003,2021-03-03 10:54:00,133.65,133.65,133.65,133.65,75,30375,143.34,133.2,133.95
11004,2021-03-03 10:55:00,133.65,133.65,133.65,133.65,75,30375,143.34,133.2,133.95
11005,2021-03-03 10:56:00,133.65,133.65,133.65,133.65,75,30375,143.34,133.2,133.95
11006,2021-03-03 10:57:00,133.65,133.65,133.65,133.65,75,30375,143.34,133.2,133.95
11007,2021-03-03 10:58:00,133.65,133.65,133.65,133.65,75,30375,143.34,133.2,133.95
11008,2021-03-03 10:59:00,133.65,133.65,133.65,133.65,75,30375,143.34,133.2,133.95
11009,2021-03-03 11:00:00,133.65,133.65,133.65,133.65,75,30375,143.34,133.2,133.95
11010,2021-03-03 11:01:00,135.6,135.6,135.6,135.6,75,30825,143.31,134.75,135.45
11011,2021-03-03 11:02:00,135.6,135.6,135.6,135.6,75,30825,143.31,134.75,135.45
11012,2021-03-03 11:03:00,135.6,135.6,135.6,135.6,75,30825,143.31,134.75,135.45
11013,2021-03-03 11:04:00,134.85,134.85,134.85,134.85,225,30900,143.24,134.05,134.7
11014,2021-03-03 11:05:00,134.85,134.85,134.85,134.85,225,30900,143.24,134.05,134.7
11015,2021-03-03 11:06:00,135.6,136.55,135.6,136.55,225,31725,143.17,135.9,136.4
11016,2021-03-03 11:07:00,135.95,135.95,135.95,135.95,900,31725,142.93,135.1,135.6
11017,2021-03-03 11:08:00,135.95,135.95,135.95,135.95,900,31725,142.93,135.1,135.6
11018,2021-03-03 11:09:00,135.95,135.95,135.95,135.95,900,31725,142.93,135.1,135.6
11019,2021-03-03 11:10:00,135.95,135.95,135.95,135.95,900,31725,142.93,135.1,135.6
11020,2021-03-03 11:11:00,135.95,135.95,135.95,135.95,900,31725,142.93,135.1,135.6
11021,2021-03-03 11:12:00,135.95,135.95,135.95,135.95,900,31725,142.93,135.1,135.6
11022,2021-03-03 11:13:00,135.95,135.95,135.95,135.95,900,31725,142.93,135.1,135.6
11023,2021-03-03 11:14:00,134.05,134.05,134.05,134.05,75,31575,142.9,134.5,135.1
11024,2021-03-03 11:15:00,134.85,134.85,134.0,134.0,225,31725,142.83,133.45,134.15
11025,2021-03-03 11:16:00,132.5,132.5,132.5,132.5,75,31725,142.81,131.85,132.6
11026,2021-03-03 11:17:00,132.6,132.6,132.6,132.6,75,31725,142.78,132.55,133.2
11027,2021-03-03 11:18:00,132.6,132.6,132.6,132.6,75,31725,142.78,132.55,133.2
11028,2021-03-03 11:19:00,132.7,132.7,132.7,132.7,75,31800,142.75,132.9,133.5
11029,2021-03-03 11:20:00,135.1,135.1,135.1,135.1,300,31800,142.66,134.45,135.1
11030,2021-03-03 11:21:00,135.1,135.1,135.1,135.1,300,31800,142.66,134.45,135.1
11031,2021-03-03 11:22:00,135.1,135.1,135.1,135.1,300,31800,142.66,134.45,135.1
11032,2021-03-03 11:23:00,135.1,135.1,135.1,135.1,300,31800,142.66,134.45,135.1
11033,2021-03-03 11:24:00,135.1,135.1,135.1,135.1,300,31800,142.66,134.45,135.1
11034,2021-03-03 11:25:00,133.0,133.0,132.6,132.6,975,31725,142.32,132.3,132.9
11035,2021-03-03 11:26:00,133.0,133.0,132.6,132.6,975,31725,142.32,132.3,132.9
11036,2021-03-03 11:27:00,133.0,133.0,132.6,132.6,975,31725,142.32,132.3,132.9
11037,2021-03-03 11:28:00,133.0,133.0,132.6,132.6,975,31725,142.32,132.3,132.9
11038,2021-03-03 11:29:00,133.0,133.0,132.6,132.6,975,31725,142.32,132.3,132.9
11039,2021-03-03 11:30:00,133.0,133.0,132.6,132.6,975,31725,142.32,132.3,132.9
11040,2021-03-03 11:31:00,133.0,133.0,132.6,132.6,975,31725,142.32,132.3,132.9
11041,2021-03-03 11:32:00,133.0,133.0,132.6,132.6,975,31725,142.32,132.3,132.9
11042,2021-03-03 11:33:00,133.0,133.0,132.6,132.6,975,31725,142.32,132.3,132.9
11043,2021-03-03 11:34:00,133.0,133.0,132.6,132.6,975,31725,142.32,132.3,132.9
11044,2021-03-03 11:35:00,131.1,131.1,128.6,128.6,150,32175,142.25,128.55,129.05
11045,2021-03-03 11:36:00,131.1,131.1,128.6,128.6,150,32175,142.25,128.55,129.05
11046,2021-03-03 11:37:00,131.1,131.1,128.6,128.6,150,32175,142.25,128.55,129.05
11047,2021-03-03 11:38:00,131.1,131.1,128.6,128.6,150,32175,142.25,128.55,129.05
11048,2021-03-03 11:39:00,131.1,131.1,128.6,128.6,150,32175,142.25,128.55,129.05
11049,2021-03-03 11:40:00,131.1,131.1,128.6,128.6,150,32175,142.25,128.55,129.05
11050,2021-03-03 11:41:00,131.1,131.1,128.6,128.6,150,32175,142.25,128.55,129.05
11051,2021-03-03 11:42:00,131.1,131.1,128.6,128.6,150,32175,142.25,128.55,129.05
11052,2021-03-03 11:43:00,131.1,131.1,128.6,128.6,150,32175,142.25,128.55,129.05
11053,2021-03-03 11:44:00,131.1,131.1,128.6,128.6,150,32175,142.25,128.55,129.05
11054,2021-03-03 11:45:00,131.1,131.1,128.6,128.6,150,32175,142.25,128.55,129.05
11055,2021-03-03 11:46:00,130.3,130.3,130.3,130.3,900,32025,141.89,129.75,130.4
11056,2021-03-03 11:47:00,130.3,130.3,130.3,130.3,900,32025,141.89,129.75,130.4
11057,2021-03-03 11:48:00,128.2,128.2,128.2,128.2,75,30975,141.85,128.2,128.75
11058,2021-03-03 11:49:00,128.2,128.2,128.2,128.2,75,30975,141.85,128.2,128.75
11059,2021-03-03 11:50:00,128.2,128.2,128.2,128.2,75,30975,141.82,127.55,128.1
11060,2021-03-03 11:51:00,127.55,127.55,126.75,127.3,300,30900,141.67,126.95,127.6
11061,2021-03-03 11:52:00,126.1,126.1,126.1,126.1,75,30900,141.63,125.6,126.3
11062,2021-03-03 11:53:00,126.1,126.1,126.1,126.1,75,30900,141.63,125.6,126.3
11063,2021-03-03 11:54:00,126.1,126.1,126.1,126.1,75,30900,141.63,125.6,126.3
11064,2021-03-03 11:55:00,128.3,128.3,128.3,128.3,75,30450,141.6,127.6,128.1
11065,2021-03-03 11:56:00,128.3,128.3,128.3,128.3,75,30450,141.6,127.6,128.1
11066,2021-03-03 11:57:00,128.3,128.3,128.3,128.3,75,30450,141.6,127.6,128.1
11067,2021-03-03 11:58:00,128.3,128.3,128.3,128.3,75,30450,141.6,127.6,128.1
11068,2021-03-03 11:59:00,128.3,128.3,128.3,128.3,75,30450,141.6,127.6,128.1
11069,2021-03-03 12:00:00,127.8,127.8,127.8,127.8,75,31125,141.56,127.55,128.05
11070,2021-03-03 12:01:00,127.95,127.95,126.35,126.35,825,31125,141.19,126.8,127.35
11071,2021-03-03 12:02:00,126.35,126.35,126.35,126.35,75,31125,141.15,126.35,126.9
11072,2021-03-03 12:03:00,126.65,126.65,126.65,126.65,75,31200,141.12,125.55,126.15
11073,2021-03-03 12:04:00,126.0,126.0,126.0,126.0,75,31200,141.08,124.85,125.45
11074,2021-03-03 12:05:00,124.85,124.85,124.85,124.85,75,31200,141.04,125.75,126.45
11075,2021-03-03 12:06:00,126.05,126.15,125.8,125.85,300,31200,140.9,126.05,126.55
11076,2021-03-03 12:07:00,126.15,126.15,126.15,126.15,75,31200,140.86,126.4,127.0
11077,2021-03-03 12:08:00,126.15,126.15,126.15,126.15,75,31200,140.86,126.4,127.0
11078,2021-03-03 12:09:00,126.15,126.15,126.15,126.15,75,31200,140.86,126.4,127.0
11079,2021-03-03 12:10:00,126.15,126.15,126.15,126.15,75,31200,140.86,126.4,127.0
11080,2021-03-03 12:11:00,126.15,126.15,126.15,126.15,75,31200,140.86,126.4,127.0
11081,2021-03-03 12:12:00,126.15,126.15,126.15,126.15,75,31200,140.86,126.4,127.0
11082,2021-03-03 12:13:00,127.55,127.55,127.55,127.55,75,30450,140.83,126.25,126.8
11083,2021-03-03 12:14:00,127.55,127.55,127.55,127.55,75,30450,140.83,126.25,126.8
11084,2021-03-03 12:15:00,127.55,127.55,127.55,127.55,75,30450,140.83,126.25,126.8
11085,2021-03-03 12:16:00,127.55,127.55,127.55,127.55,75,30450,140.83,126.25,126.8
11086,2021-03-03 12:17:00,125.55,125.55,125.55,125.55,75,30450,140.79,126.05,126.6
11087,2021-03-03 12:18:00,125.55,125.55,125.55,125.55,75,30450,140.79,126.05,126.6
11088,2021-03-03 12:19:00,126.25,126.35,126.25,126.35,300,30375,140.66,126.65,127.2
11089,2021-03-03 12:20:00,126.25,126.35,126.25,126.35,300,30375,140.66,126.65,127.2
11090,2021-03-03 12:21:00,126.25,126.35,126.25,126.35,300,30375,140.66,126.65,127.2
11091,2021-03-03 12:22:00,126.25,126.35,126.25,126.35,300,30375,140.66,126.65,127.2
11092,2021-03-03 12:23:00,126.25,126.35,126.25,126.35,300,30375,140.66,126.65,127.2
11093,2021-03-03 12:24:00,126.25,126.35,126.25,126.35,300,30375,140.66,126.65,127.2
11094,2021-03-03 12:25:00,126.25,126.35,126.25,126.35,300,30375,140.66,126.65,127.2
11095,2021-03-03 12:26:00,126.25,126.35,126.25,126.35,300,30375,140.66,126.65,127.2
11096,2021-03-03 12:27:00,126.25,126.35,126.25,126.35,300,30375,140.66,126.65,127.2
11097,2021-03-03 12:28:00,127.15,127.15,127.15,127.15,75,29250,140.63,127.15,127.85
11098,2021-03-03 12:29:00,127.15,127.15,127.15,127.15,75,29250,140.63,127.15,127.85
11099,2021-03-03 12:30:00,127.8,127.8,127.8,127.8,150,29325,140.57,128.0,128.6
11100,2021-03-03 12:31:00,127.8,127.8,127.8,127.8,150,29325,140.57,128.0,128.6
11101,2021-03-03 12:32:00,127.8,127.8,127.8,127.8,150,29325,140.57,128.0,128.6
11102,2021-03-03 12:33:00,127.8,127.8,127.8,127.8,150,29325,140.57,128.0,128.6
11103,2021-03-03 12:34:00,127.8,127.8,127.8,127.8,150,29325,140.57,128.0,128.6
11104,2021-03-03 12:35:00,127.8,127.8,127.8,127.8,150,29325,140.57,128.0,128.6
11105,2021-03-03 12:36:00,127.8,127.8,127.8,127.8,150,29325,140.57,128.0,128.6
11106,2021-03-03 12:37:00,127.8,127.8,127.8,127.8,150,29325,140.57,128.0,128.6
11107,2021-03-03 12:38:00,127.8,127.8,127.8,127.8,150,29325,140.57,128.0,128.6
11108,2021-03-03 12:39:00,127.8,127.8,127.8,127.8,150,29325,140.57,128.0,128.6
11109,2021-03-03 12:40:00,124.5,124.5,124.5,124.5,75,29175,140.53,125.85,126.55
11110,2021-03-03 12:41:00,126.5,126.5,125.9,125.9,300,29175,140.4,125.95,126.5
11111,2021-03-03 12:42:00,126.95,126.95,126.95,126.95,75,29025,140.37,126.45,127.0
11112,2021-03-03 12:43:00,126.15,126.15,126.15,126.15,75,29025,140.33,124.9,125.55
11113,2021-03-03 12:44:00,125.55,125.55,125.0,125.0,150,29025,140.26,124.55,125.1
11114,2021-03-03 12:45:00,125.55,125.55,125.0,125.0,150,29025,140.26,124.55,125.1
11115,2021-03-03 12:46:00,125.0,125.0,125.0,125.0,150,29025,140.2,124.7,125.2
11116,2021-03-03 12:47:00,123.3,123.3,121.65,122.9,225,29025,140.08,123.5,123.95
11117,2021-03-03 12:48:00,123.65,124.75,123.65,124.75,225,29100,139.97,124.3,124.85
11118,2021-03-03 12:49:00,123.65,124.75,123.65,124.75,225,29100,139.97,124.3,124.85
11119,2021-03-03 12:50:00,123.65,124.75,123.65,124.75,225,29100,139.97,124.3,124.85
11120,2021-03-03 12:51:00,123.25,123.25,123.25,123.25,75,29100,139.93,121.95,122.6
11121,2021-03-03 12:52:00,123.25,123.25,123.25,123.25,75,29100,139.93,121.95,122.6
11122,2021-03-03 12:53:00,123.25,123.25,123.25,123.25,75,29100,139.93,121.95,122.6
11123,2021-03-03 12:54:00,122.15,122.15,122.15,122.15,75,29100,139.89,122.4,122.85
11124,2021-03-03 12:55:00,123.05,123.6,123.05,123.6,225,29100,139.78,122.35,123.0
11125,2021-03-03 12:56:00,123.05,123.6,123.05,123.6,225,29100,139.78,122.35,123.0
11126,2021-03-03 12:57:00,123.05,123.6,123.05,123.6,225,29100,139.78,122.35,123.0
11127,2021-03-03 12:58:00,122.65,123.15,122.65,123.15,975,29175,139.31,122.9,123.5
11128,2021-03-03 12:59:00,121.95,121.95,121.95,121.95,75,29175,139.28,120.45,121.05
11129,2021-03-03 13:00:00,120.7,120.7,120.05,120.7,300,29025,139.12,120.9,121.5
11130,2021-03-03 13:01:00,121.3,122.4,121.3,122.4,2175,29025,138.11,121.45,121.95
11131,2021-03-03 13:02:00,122.2,122.2,122.2,122.2,150,29025,138.05,121.85,122.35
11132,2021-03-03 13:03:00,122.2,122.2,122.2,122.2,150,29025,138.05,121.85,122.35
11133,2021-03-03 13:04:00,122.2,122.2,122.2,122.2,150,29025,138.05,121.85,122.35
11134,2021-03-03 13:05:00,122.2,122.2,122.2,122.2,150,29025,138.05,121.85,122.35
11135,2021-03-03 13:06:00,122.2,122.2,122.2,122.2,150,29025,138.05,121.85,122.35
11136,2021-03-03 13:07:00,123.65,123.65,123.65,123.65,75,28425,138.02,122.55,123.1
11137,2021-03-03 13:08:00,123.15,123.15,123.05,123.05,150,28425,137.96,122.05,122.65
11138,2021-03-03 13:09:00,123.15,123.15,123.05,123.05,150,28425,137.96,122.05,122.65
11139,2021-03-03 13:10:00,123.15,123.15,123.05,123.05,150,28425,137.96,122.05,122.65
11140,2021-03-03 13:11:00,123.4,123.4,122.7,122.7,225,27525,137.87,122.35,122.95
11141,2021-03-03 13:12:00,123.4,123.4,122.7,122.7,225,27525,137.87,122.35,122.95
11142,2021-03-03 13:13:00,123.4,123.4,122.7,122.7,225,27525,137.87,122.35,122.95
11143,2021-03-03 13:14:00,123.4,123.4,122.7,122.7,225,27525,137.87,122.35,122.95
11144,2021-03-03 13:15:00,122.0,122.0,121.65,121.65,150,27525,137.81,122.8,123.2
11145,2021-03-03 13:16:00,122.8,122.8,122.8,122.8,75,27525,137.78,122.25,122.8
11146,2021-03-03 13:17:00,123.55,123.55,123.55,123.55,75,27525,137.75,122.3,122.8
11147,2021-03-03 13:18:00,121.7,121.7,121.7,121.7,75,27525,137.72,122.15,122.7
11148,2021-03-03 13:19:00,122.45,122.45,122.45,122.45,75,27000,137.69,122.4,123.0
11149,2021-03-03 13:20:00,122.45,122.45,122.45,122.45,75,27000,137.69,122.4,123.0
11150,2021-03-03 13:21:00,122.45,122.45,122.45,122.45,75,27000,137.69,122.4,123.0
11151,2021-03-03 13:22:00,121.1,121.5,121.1,121.5,225,27075,137.59,120.95,121.25
11152,2021-03-03 13:23:00,121.0,121.55,121.0,121.4,900,27075,137.22,121.05,121.7
11153,2021-03-03 13:24:00,121.3,122.45,121.3,122.45,300,27075,137.11,121.6,122.1
11154,2021-03-03 13:25:00,121.3,122.45,121.3,122.45,300,27075,137.11,121.6,122.1
11155,2021-03-03 13:26:00,122.1,122.25,122.1,122.25,150,27075,137.05,121.85,122.4
11156,2021-03-03 13:27:00,118.8,119.2,118.35,119.2,600,27075,136.78,119.95,120.45
11157,2021-03-03 13:28:00,118.8,119.2,118.35,119.2,600,27075,136.78,119.95,120.45
11158,2021-03-03 13:29:00,121.15,121.15,121.15,121.15,75,27075,136.75,120.85,121.4
11159,2021-03-03 13:30:00,121.15,121.15,121.15,121.15,75,27075,136.75,120.85,121.4
11160,2021-03-03 13:31:00,121.15,121.15,121.15,121.15,75,27075,136.75,120.85,121.4
11161,2021-03-03 13:32:00,121.15,121.15,121.15,121.15,75,27075,136.75,120.85,121.4
11162,2021-03-03 13:33:00,121.15,121.15,121.15,121.15,75,27075,136.75,120.85,121.4
11163,2021-03-03 13:34:00,123.15,123.15,123.15,123.15,525,27225,136.58,123.0,123.55
11164,2021-03-03 13:35:00,123.15,123.3,123.15,123.3,225,27225,136.51,123.25,123.7
11165,2021-03-03 13:36:00,123.15,123.3,123.15,123.3,225,27225,136.51,123.25,123.7
11166,2021-03-03 13:37:00,123.15,123.3,123.15,123.3,225,27225,136.51,123.25,123.7
11167,2021-03-03 13:38:00,123.15,123.3,123.15,123.3,225,27225,136.51,123.25,123.7
11168,2021-03-03 13:39:00,118.4,118.4,118.2,118.2,150,27300,136.44,118.3,118.85
11169,2021-03-03 13:40:00,118.4,118.4,118.2,118.2,150,27300,136.44,118.3,118.85
11170,2021-03-03 13:41:00,118.6,118.6,118.6,118.6,75,27375,136.41,117.75,118.4
11171,2021-03-03 13:42:00,118.6,118.6,118.6,118.6,75,27375,136.41,117.75,118.4
11172,2021-03-03 13:43:00,116.85,117.0,116.85,117.0,300,27375,136.27,116.85,117.3
11173,2021-03-03 13:44:00,116.85,117.0,116.85,117.0,300,27375,136.27,116.85,117.3
11174,2021-03-03 13:45:00,116.85,117.0,116.85,117.0,300,27375,136.27,116.85,117.3
11175,2021-03-03 13:46:00,117.5,117.5,117.5,117.5,150,27375,136.2,116.55,117.15
11176,2021-03-03 13:47:00,117.5,117.5,117.5,117.5,75,27375,136.17,116.85,117.35
11177,2021-03-03 13:48:00,117.0,117.5,117.0,117.5,225,27225,136.07,117.0,117.6
11178,2021-03-03 13:49:00,117.0,117.0,116.25,116.25,375,27225,135.9,117.35,117.8
11179,2021-03-03 13:50:00,115.7,116.65,115.55,116.65,3000,27225,134.59,118.5,119.0
11180,2021-03-03 13:51:00,117.9,118.0,117.9,118.0,150,26925,134.54,117.7,118.35
11181,2021-03-03 13:52:00,117.9,118.0,117.9,118.0,150,26925,134.54,117.7,118.35
11182,2021-03-03 13:53:00,117.9,118.0,117.9,118.0,150,26925,134.54,117.7,118.35
11183,2021-03-03 13:54:00,117.9,118.0,117.9,118.0,150,26925,134.54,117.7,118.35
11184,2021-03-03 13:55:00,120.65,120.65,119.5,119.5,150,26925,134.49,119.85,120.5
11185,2021-03-03 13:56:00,120.6,120.6,120.6,120.6,75,26925,134.47,119.65,120.15
11186,2021-03-03 13:57:00,120.0,120.0,120.0,120.0,75,26925,134.44,119.8,120.25
11187,2021-03-03 13:58:00,120.0,120.0,120.0,120.0,75,26925,134.44,119.8,120.25
11188,2021-03-03 13:59:00,119.4,119.4,119.4,119.4,75,26925,134.42,118.75,119.2
11189,2021-03-03 14:00:00,119.25,119.25,119.25,119.25,75,27000,134.4,116.85,117.4
11190,2021-03-03 14:01:00,117.65,117.65,117.65,117.65,75,27000,134.37,117.85,118.35
11191,2021-03-03 14:02:00,119.0,119.0,119.0,119.0,75,27000,134.34,118.3,118.9
11192,2021-03-03 14:03:00,119.0,119.0,119.0,119.0,75,27000,134.34,118.3,118.9
11193,2021-03-03 14:04:00,120.7,121.4,120.7,121.4,1125,27075,134.04,120.65,121.1
11194,2021-03-03 14:05:00,120.95,120.95,120.95,120.95,150,27075,134.0,119.1,119.55
11195,2021-03-03 14:06:00,120.95,120.95,120.95,120.95,150,27075,134.0,119.1,119.55
11196,2021-03-03 14:07:00,120.95,120.95,120.95,120.95,150,27075,134.0,119.1,119.55
11197,2021-03-03 14:08:00,120.95,120.95,120.95,120.95,150,27075,134.0,119.1,119.55
11198,2021-03-03 14:09:00,120.95,120.95,120.95,120.95,150,27075,134.0,119.1,119.55
11199,2021-03-03 14:10:00,119.95,119.95,119.95,119.95,75,27075,133.97,119.5,119.95
11200,2021-03-03 14:11:00,119.95,119.95,119.95,119.95,75,27075,133.97,119.5,119.95
11201,2021-03-03 14:12:00,120.7,120.7,120.7,120.7,75,27075,133.95,121.7,122.2
11202,2021-03-03 14:13:00,121.75,121.75,121.75,121.75,150,27075,133.92,121.85,122.35
11203,2021-03-03 14:14:00,122.6,122.9,122.6,122.9,150,27075,133.88,120.85,121.45
11204,2021-03-03 14:15:00,120.1,120.1,120.1,120.1,75,27075,133.86,121.95,122.55
11205,2021-03-03 14:16:00,122.45,122.45,121.6,121.6,150,27150,133.82,120.75,121.2
11206,2021-03-03 14:17:00,122.45,122.45,121.6,121.6,150,27150,133.82,120.75,121.2
11207,2021-03-03 14:18:00,122.45,122.45,121.6,121.6,150,27150,133.82,120.75,121.2
11208,2021-03-03 14:19:00,120.4,120.4,120.2,120.2,225,27150,133.76,119.8,120.35
11209,2021-03-03 14:20:00,118.55,118.55,118.55,118.55,75,27150,133.74,117.05,117.55
11210,2021-03-03 14:21:00,118.55,118.55,118.55,118.55,75,27150,133.74,117.05,117.55
11211,2021-03-03 14:22:00,115.8,115.8,115.8,115.8,75,27075,133.71,115.5,115.85
11212,2021-03-03 14:23:00,115.8,115.8,115.5,115.5,225,27075,133.63,115.35,115.85
11213,2021-03-03 14:24:00,114.8,114.8,113.4,113.4,1500,27150,133.04,112.9,113.35
11214,2021-03-03 14:25:00,112.95,113.55,112.4,113.55,450,27150,132.86,114.25,114.85
11215,2021-03-03 14:26:00,114.5,114.5,114.5,114.5,75,27150,132.84,114.0,114.5
11216,2021-03-03 14:27:00,114.0,114.0,113.3,113.3,225,27150,132.75,112.0,112.6
11217,2021-03-03 14:28:00,111.6,111.6,110.85,110.85,150,27150,132.69,110.5,110.9
11218,2021-03-03 14:29:00,111.6,111.6,110.85,110.85,150,27150,132.69,110.5,110.9
11219,2021-03-03 14:30:00,111.8,112.45,111.25,112.45,450,27150,132.51,112.55,113.1
11220,2021-03-03 14:31:00,112.65,113.2,112.65,113.2,225,27150,132.43,113.25,113.7
11221,2021-03-03 14:32:00,114.25,114.25,114.25,114.25,225,27150,132.35,114.1,114.6
11222,2021-03-03 14:33:00,114.25,114.25,114.25,114.25,225,27150,132.35,114.1,114.6
11223,2021-03-03 14:34:00,113.6,113.6,113.6,113.6,75,26700,132.32,112.2,112.65
11224,2021-03-03 14:35:00,111.9,111.9,111.9,111.9,75,26700,132.29,110.95,111.45
11225,2021-03-03 14:36:00,110.5,110.5,109.0,109.0,225,26700,132.2,108.9,109.35
11226,2021-03-03 14:37:00,109.05,109.4,108.7,108.7,225,26700,132.1,108.2,108.6
11227,2021-03-03 14:38:00,107.65,107.65,107.0,107.0,150,26700,132.03,107.1,107.6
11228,2021-03-03 14:39:00,107.65,107.65,107.0,107.0,150,26700,132.03,107.1,107.6
11229,2021-03-03 14:40:00,108.4,108.4,107.5,107.5,225,26700,131.93,106.8,107.3
11230,2021-03-03 14:41:00,106.5,106.5,106.5,106.5,75,26700,131.89,106.3,106.8
11231,2021-03-03 14:42:00,106.5,106.5,106.5,106.5,75,26700,131.85,105.6,106.2
11232,2021-03-03 14:43:00,106.5,106.5,106.5,106.5,75,26700,131.85,105.6,106.2
11233,2021-03-03 14:44:00,105.0,105.0,104.0,104.0,150,26700,131.78,103.4,103.9
11234,2021-03-03 14:45:00,103.2,103.2,101.85,101.85,600,26775,131.45,101.9,102.4
11235,2021-03-03 14:46:00,101.55,102.15,100.45,101.05,2850,26775,129.94,101.05,101.45
11236,2021-03-03 14:47:00,101.0,101.0,100.0,100.0,375,26775,129.75,100.35,100.85
11237,2021-03-03 14:48:00,100.6,100.6,99.95,100.3,825,26775,129.33,100.25,100.55
11238,2021-03-03 14:49:00,99.15,99.15,98.55,98.55,375,26475,129.14,98.35,98.8
11239,2021-03-03 14:50:00,98.95,100.05,98.95,99.65,600,26475,128.84,99.0,99.35
11240,2021-03-03 14:51:00,99.85,99.85,99.85,99.85,75,26475,128.8,99.85,100.4
11241,2021-03-03 14:52:00,99.85,99.85,99.85,99.85,75,26475,128.8,99.85,100.4
11242,2021-03-03 14:53:00,100.15,100.75,100.1,100.75,300,26475,128.66,100.65,101.05
11243,2021-03-03 14:54:00,101.75,102.4,101.75,102.4,225,26475,128.56,102.85,103.1
11244,2021-03-03 14:55:00,103.15,103.15,101.15,101.15,225,26475,128.46,101.0,101.3
11245,2021-03-03 14:56:00,101.0,101.25,101.0,101.15,225,26475,128.36,101.1,101.45
11246,2021-03-03 14:57:00,101.7,101.95,101.7,101.95,300,26475,128.23,101.25,101.65
11247,2021-03-03 14:58:00,101.7,101.95,101.7,101.95,300,26475,128.23,101.25,101.65
11248,2021-03-03 14:59:00,101.1,101.1,101.1,101.1,150,26475,128.16,100.1,100.45
11249,2021-03-03 15:00:00,98.55,98.55,97.9,97.9,225,26475,128.05,97.7,98.0
11250,2021-03-03 15:01:00,97.7,99.05,97.7,99.05,300,26475,127.9,99.15,99.55
11251,2021-03-03 15:02:00,99.25,99.25,99.15,99.15,150,26475,127.83,97.5,97.9
11252,2021-03-03 15:03:00,97.2,97.2,97.2,97.2,225,26475,127.72,96.35,96.75
11253,2021-03-03 15:04:00,97.45,98.15,97.45,98.15,375,26475,127.54,98.0,98.3
11254,2021-03-03 15:05:00,98.15,98.75,97.85,98.75,375,26475,127.37,98.85,99.25
11255,2021-03-03 15:06:00,98.15,98.75,97.85,98.75,375,26475,127.37,98.85,99.25
11256,2021-03-03 15:07:00,98.15,98.75,97.85,98.75,375,26475,127.37,98.85,99.25
11257,2021-03-03 15:08:00,98.5,98.5,98.3,98.35,300,27300,127.23,97.75,98.15
11258,2021-03-03 15:09:00,97.05,97.05,97.05,97.05,75,27300,127.19,98.1,98.45
11259,2021-03-03 15:10:00,97.05,97.05,97.05,97.05,75,27300,127.19,98.1,98.45
11260,2021-03-03 15:11:00,97.65,97.65,96.8,96.8,225,27150,127.08,96.8,97.25
11261,2021-03-03 15:12:00,96.65,96.65,95.95,96.35,600,27150,126.79,96.15,96.6
11262,2021-03-03 15:13:00,95.5,95.5,95.5,95.5,75,27150,126.76,94.85,95.3
11263,2021-03-03 15:14:00,95.65,95.85,95.65,95.85,450,27150,126.54,96.3,96.7
11264,2021-03-03 15:15:00,95.65,95.85,95.65,95.85,450,27150,126.54,96.3,96.7
11265,2021-03-03 15:16:00,94.1,94.1,94.1,94.1,150,27150,126.47,93.75,94.2
11266,2021-03-03 15:17:00,93.85,93.85,93.85,93.85,75,27150,126.43,93.6,94.05
11267,2021-03-03 15:18:00,94.05,94.05,92.85,92.85,600,27150,126.12,92.65,93.05
11268,2021-03-03 15:19:00,92.9,93.55,92.65,93.55,375,27075,125.93,93.45,93.9
11269,2021-03-03 15:20:00,94.65,94.65,94.15,94.15,150,27075,125.86,94.45,94.9
11270,2021-03-03 15:21:00,93.75,93.75,93.7,93.7,150,27075,125.79,94.1,94.45
11271,2021-03-03 15:22:00,93.9,93.9,93.9,93.9,75,27075,125.75,94.0,94.4
11272,2021-03-03 15:23:00,94.35,94.9,94.35,94.9,150,27075,125.68,94.8,95.15
11273,2021-03-03 15:24:00,95.3,95.3,95.3,95.3,75,27075,125.64,96.3,96.75
11274,2021-03-03 15:25:00,95.95,95.95,95.5,95.5,300,27075,125.51,95.35,95.9
11275,2021-03-03 15:26:00,95.7,95.7,95.55,95.55,525,27075,125.27,95.55,96.3
11276,2021-03-03 15:27:00,95.7,95.7,95.55,95.55,525,27075,125.27,95.55,96.3
11277,2021-03-03 15:28:00,96.3,96.3,96.3,96.3,150,27075,125.21,96.2,96.75
11278,2021-03-03 15:29:00,96.3,96.3,96.3,96.3,150,27075,125.21,96.2,96.75
11279,2021-03-03 15:30:00,96.2,96.2,96.2,96.2,75,27075,125.18,95.25,107.65
11280,2021-03-04 09:15:00,161.8,161.8,141.05,156.5,300,22275,153.96,137.8,152.5
11281,2021-03-04 09:16:00,152.4,152.4,152.4,152.4,75,22275,153.65,137.7,141.85
11282,2021-03-04 09:17:00,145.0,145.0,138.6,142.0,3300,22275,142.99,135.3,142.2
11283,2021-03-04 09:18:00,141.75,141.75,141.75,141.75,600,22275,142.81,135.5,141.85
11284,2021-03-04 09:19:00,141.2,142.0,139.95,139.95,750,22275,142.55,132.55,141.0
11285,2021-03-04 09:20:00,141.2,142.0,139.95,139.95,750,22275,142.55,132.55,141.0
11286,2021-03-04 09:21:00,134.65,136.55,134.65,135.9,825,22500,141.57,135.4,136.1
11287,2021-03-04 09:22:00,136.4,136.6,136.4,136.6,225,22500,141.38,135.95,136.7
11288,2021-03-04 09:23:00,136.65,137.15,136.65,136.95,375,22575,141.12,136.3,136.85
11289,2021-03-04 09:24:00,135.0,135.0,134.05,134.05,300,22575,140.84,132.7,133.15
11290,2021-03-04 09:25:00,133.15,135.35,133.15,134.85,225,22575,140.63,134.6,135.3
11291,2021-03-04 09:26:00,134.1,134.1,134.1,134.1,75,23250,140.56,133.4,134.05
11292,2021-03-04 09:27:00,133.65,136.3,133.65,136.3,375,23250,140.28,137.5,138.25
11293,2021-03-04 09:28:00,133.65,136.3,133.65,136.3,375,23250,140.28,137.5,138.25
11294,2021-03-04 09:29:00,133.65,136.3,133.65,136.3,375,23250,140.28,137.5,138.25
11295,2021-03-04 09:30:00,143.3,146.95,143.3,146.95,2250,23250,141.38,146.85,147.5
11296,2021-03-04 09:31:00,148.1,148.1,147.7,148.05,375,23250,141.63,148.45,149.25
11297,2021-03-04 09:32:00,150.6,150.6,149.45,149.45,225,23475,141.82,148.65,149.45
11298,2021-03-04 09:33:00,149.9,150.0,149.5,150.0,225,23475,141.99,150.95,151.65
11299,2021-03-04 09:34:00,152.2,153.15,150.3,152.8,600,23475,142.53,153.55,154.25
11300,2021-03-04 09:35:00,153.75,158.15,153.75,158.15,1800,23400,144.37,157.4,157.95
11301,2021-03-04 09:36:00,158.6,159.85,158.6,159.85,750,23400,145.17,160.0,160.8
11302,2021-03-04 09:37:00,162.7,168.05,162.7,168.0,2475,23400,148.25,168.0,168.7
11303,2021-03-04 09:38:00,166.75,166.75,166.25,166.55,450,23250,148.74,166.25,167.0
11304,2021-03-04 09:39:00,166.85,166.85,164.35,164.35,750,23250,149.44,160.75,161.55
11305,2021-03-04 09:40:00,164.0,165.35,164.0,165.35,1800,23250,150.89,165.45,166.15
11306,2021-03-04 09:41:00,166.55,168.1,165.3,165.3,675,22950,151.44,165.75,166.55
11307,2021-03-04 09:42:00,165.1,165.1,162.0,162.85,300,22950,151.62,166.75,167.45
11308,2021-03-04 09:43:00,166.75,167.6,165.9,165.9,225,22950,151.79,165.15,166.1
11309,2021-03-04 09:44:00,166.75,167.6,165.9,165.9,225,22950,151.79,165.15,166.1
11310,2021-03-04 09:45:00,166.0,170.9,166.0,170.9,750,23025,152.43,170.25,171.2
11311,2021-03-04 09:46:00,172.5,178.0,172.5,178.0,450,23025,152.92,176.05,177.8
11312,2021-03-04 09:47:00,176.1,176.65,175.25,176.65,450,22950,153.4,177.65,178.55
11313,2021-03-04 09:48:00,178.6,178.6,178.6,178.6,225,0,153.66,176.9,177.6
11314,2021-03-04 09:49:00,177.8,177.85,177.8,177.85,225,22950,153.9,177.15,177.95
11315,2021-03-04 09:50:00,177.0,177.0,174.5,174.5,300,22875,154.19,168.6,169.4
11316,2021-03-04 09:51:00,169.3,172.85,169.3,172.85,225,22875,154.36,168.2,168.9
11317,2021-03-04 09:52:00,168.25,168.25,167.9,167.9,150,22875,154.45,169.0,169.65
11318,2021-03-04 09:53:00,168.25,168.25,167.9,167.9,150,22875,154.45,169.0,169.65
11319,2021-03-04 09:54:00,167.0,167.0,164.6,166.2,750,22875,154.8,167.1,168.0
11320,2021-03-04 09:55:00,167.0,167.0,164.6,166.2,750,22875,154.8,167.1,168.0
11321,2021-03-04 09:56:00,167.0,167.0,164.6,166.2,750,22875,154.8,167.1,168.0
11322,2021-03-04 09:57:00,167.0,167.0,164.6,166.2,750,22875,154.8,167.1,168.0
11323,2021-03-04 09:58:00,163.15,163.15,163.15,163.15,75,22800,154.83,163.75,164.5
11324,2021-03-04 09:59:00,163.15,163.15,163.15,163.15,75,22800,154.83,163.75,164.5
11325,2021-03-04 10:00:00,163.15,163.15,163.15,163.15,75,22800,154.83,163.75,164.5
11326,2021-03-04 10:01:00,162.7,162.7,162.7,162.7,75,22800,154.85,161.65,162.5
11327,2021-03-04 10:02:00,158.7,158.7,158.7,158.7,75,22575,154.87,158.7,159.4
11328,2021-03-04 10:03:00,160.95,161.35,160.95,161.35,150,22575,154.9,160.65,161.55
11329,2021-03-04 10:04:00,161.3,161.3,160.0,160.0,150,22575,154.94,160.0,160.8
11330,2021-03-04 10:05:00,160.25,160.25,160.25,160.25,75,22575,154.96,158.65,159.15
11331,2021-03-04 10:06:00,158.65,160.6,157.8,160.6,375,22575,155.01,159.95,160.7
11332,2021-03-04 10:07:00,158.65,160.6,157.8,160.6,375,22575,155.01,159.95,160.7
11333,2021-03-04 10:08:00,158.65,160.6,157.8,160.6,375,22575,155.01,159.95,160.7
11334,2021-03-04 10:09:00,158.65,160.6,157.8,160.6,375,22575,155.01,159.95,160.7
11335,2021-03-04 10:10:00,158.65,160.6,157.8,160.6,375,22575,155.01,159.95,160.7
11336,2021-03-04 10:11:00,151.9,151.9,150.85,150.85,225,22425,154.98,150.95,151.65
11337,2021-03-04 10:12:00,150.95,151.05,150.95,151.05,450,22425,154.91,154.85,155.4
11338,2021-03-04 10:13:00,150.95,151.05,150.95,151.05,450,22425,154.91,154.85,155.4
11339,2021-03-04 10:14:00,150.3,150.3,150.3,150.3,75,22425,154.9,149.15,149.9
11340,2021-03-04 10:15:00,150.3,150.3,150.3,150.3,75,22425,154.9,149.15,149.9
11341,2021-03-04 10:16:00,151.8,151.8,151.8,151.8,75,21825,154.89,151.9,152.7
11342,2021-03-04 10:17:00,151.0,151.0,151.0,151.0,75,21825,154.88,150.2,150.9
11343,2021-03-04 10:18:00,151.0,151.0,151.0,151.0,75,21825,154.88,150.2,150.9
11344,2021-03-04 10:19:00,151.0,151.0,151.0,151.0,75,21825,154.88,150.2,150.9
11345,2021-03-04 10:20:00,158.65,158.65,158.65,158.65,75,21825,154.89,158.6,159.5
11346,2021-03-04 10:21:00,159.2,161.1,159.2,161.1,1050,21825,155.11,160.55,161.15
11347,2021-03-04 10:22:00,161.7,162.65,161.7,162.65,375,21825,155.21,161.55,162.4
11348,2021-03-04 10:23:00,162.35,162.35,162.35,162.35,150,20475,155.25,160.95,161.7
11349,2021-03-04 10:24:00,162.35,162.35,162.35,162.35,150,20475,155.25,160.95,161.7
11350,2021-03-04 10:25:00,162.35,162.35,162.35,162.35,150,20475,155.25,160.95,161.7
11351,2021-03-04 10:26:00,155.9,155.9,155.9,155.9,75,20475,155.25,153.7,154.35
11352,2021-03-04 10:27:00,155.9,155.9,155.9,155.9,75,20475,155.25,153.7,154.35
11353,2021-03-04 10:28:00,155.9,155.9,155.9,155.9,75,20475,155.25,153.7,154.35
11354,2021-03-04 10:29:00,155.9,155.9,155.9,155.9,75,20475,155.25,153.7,154.35
11355,2021-03-04 10:30:00,150.3,150.3,150.3,150.3,75,20700,155.24,150.15,150.8
11356,2021-03-04 10:31:00,147.7,147.7,145.1,145.1,375,20700,155.12,147.05,147.8
11357,2021-03-04 10:32:00,148.1,148.1,147.9,147.9,150,20700,155.08,146.05,146.85
11358,2021-03-04 10:33:00,146.2,146.2,146.2,146.2,75,20700,155.05,146.45,147.05
11359,2021-03-04 10:34:00,146.2,146.2,146.2,146.2,225,20700,154.98,143.75,144.7
11360,2021-03-04 10:35:00,146.2,146.2,146.2,146.2,225,20700,154.98,143.75,144.7
11361,2021-03-04 10:36:00,146.2,146.2,146.2,146.2,225,20700,154.98,143.75,144.7
11362,2021-03-04 10:37:00,147.1,147.1,147.1,147.1,75,20700,154.96,145.35,146.0
11363,2021-03-04 10:38:00,146.0,146.0,146.0,146.0,75,0,154.94,144.05,144.6
11364,2021-03-04 10:39:00,146.0,146.0,146.0,146.0,75,0,154.94,144.05,144.6
11365,2021-03-04 10:40:00,146.0,146.0,146.0,146.0,75,0,154.94,144.05,144.6
11366,2021-03-04 10:41:00,149.65,149.75,149.65,149.75,150,20550,154.91,149.1,149.8
11367,2021-03-04 10:42:00,149.65,149.75,149.65,149.75,150,20550,154.91,149.1,149.8
11368,2021-03-04 10:43:00,147.35,147.35,147.35,147.35,75,20550,154.89,146.15,146.75
11369,2021-03-04 10:44:00,146.5,146.5,146.5,146.5,150,20550,154.85,147.7,148.35
11370,2021-03-04 10:45:00,146.5,146.5,146.5,146.5,150,20550,154.85,147.7,148.35
11371,2021-03-04 10:46:00,146.5,146.5,146.5,146.5,150,20550,154.85,147.7,148.35
11372,2021-03-04 10:47:00,145.1,145.1,145.1,145.1,75,20475,154.82,143.75,144.4
11373,2021-03-04 10:48:00,147.5,147.5,147.5,147.5,75,21975,154.8,148.15,148.9
11374,2021-03-04 10:49:00,147.5,147.5,147.5,147.5,75,21975,154.8,148.15,148.9
11375,2021-03-04 10:50:00,149.8,149.8,148.25,148.25,150,21975,154.77,147.2,147.9
11376,2021-03-04 10:51:00,149.8,149.8,148.25,148.25,150,21975,154.77,147.2,147.9
11377,2021-03-04 10:52:00,149.8,149.8,148.25,148.25,150,21975,154.77,147.2,147.9
11378,2021-03-04 10:53:00,149.8,149.8,148.25,148.25,150,21975,154.77,147.2,147.9
11379,2021-03-04 10:54:00,149.8,149.8,148.25,148.25,150,21975,154.77,147.2,147.9
11380,2021-03-04 10:55:00,149.0,149.0,149.0,149.0,75,22050,154.76,149.9,150.5
11381,2021-03-04 10:56:00,149.0,149.0,149.0,149.0,75,22050,154.76,149.9,150.5
11382,2021-03-04 10:57:00,149.95,149.95,149.95,149.95,75,22275,154.75,148.5,149.25
11383,2021-03-04 10:58:00,149.95,149.95,149.95,149.95,75,22275,154.75,148.5,149.25
11384,2021-03-04 10:59:00,149.5,149.5,149.5,149.5,75,22275,154.73,148.45,149.15
11385,2021-03-04 11:00:00,149.5,149.5,149.5,149.5,75,22275,154.73,148.45,149.15
11386,2021-03-04 11:01:00,149.5,149.5,149.5,149.5,75,22275,154.73,148.45,149.15
11387,2021-03-04 11:02:00,149.5,149.5,149.5,149.5,75,22275,154.73,148.45,149.15
11388,2021-03-04 11:03:00,149.5,149.5,149.5,149.5,75,22275,154.73,148.45,149.15
11389,2021-03-04 11:04:00,149.5,149.5,149.5,149.5,75,22275,154.73,148.45,149.15
11390,2021-03-04 11:05:00,149.5,149.5,149.5,149.5,75,22275,154.73,148.45,149.15
11391,2021-03-04 11:06:00,149.5,149.5,149.5,149.5,75,22275,154.73,148.45,149.15
11392,2021-03-04 11:07:00,149.5,149.5,149.5,149.5,75,22275,154.73,148.45,149.15
11393,2021-03-04 11:08:00,145.0,145.0,145.0,145.0,150,22575,154.68,145.0,145.5
11394,2021-03-04 11:09:00,145.0,145.0,141.75,141.75,3750,22575,153.56,139.8,140.55
11395,2021-03-04 11:10:00,139.25,139.25,132.35,132.35,1125,22575,152.97,130.35,131.0
11396,2021-03-04 11:11:00,130.95,130.95,128.95,128.95,300,22575,152.77,130.75,131.25
11397,2021-03-04 11:12:00,129.15,129.15,128.35,128.35,150,22650,152.67,130.25,130.85
11398,2021-03-04 11:13:00,131.6,131.6,131.6,131.6,75,22650,152.62,130.95,131.65
11399,2021-03-04 11:14:00,131.5,131.5,131.5,131.5,75,22650,152.58,128.4,129.5
11400,2021-03-04 11:15:00,131.5,131.5,131.5,131.5,75,22650,152.58,128.4,129.5
11401,2021-03-04 11:16:00,131.9,132.9,131.9,132.9,150,21900,152.49,132.1,132.7
11402,2021-03-04 11:17:00,130.75,130.75,124.95,124.95,825,21900,151.9,124.85,125.45
11403,2021-03-04 11:18:00,130.75,130.75,124.95,124.95,825,21900,151.9,124.85,125.45
11404,2021-03-04 11:19:00,130.75,130.75,124.95,124.95,825,21900,151.9,124.85,125.45
11405,2021-03-04 11:20:00,126.7,126.7,126.7,126.7,75,21900,151.85,127.4,128.05
11406,2021-03-04 11:21:00,127.25,129.0,127.25,129.0,150,21900,151.75,128.8,129.55
11407,2021-03-04 11:22:00,129.4,129.4,127.3,127.3,225,21900,151.61,126.9,127.5
11408,2021-03-04 11:23:00,129.4,129.4,127.3,127.3,225,21900,151.61,126.9,127.5
11409,2021-03-04 11:24:00,133.6,133.6,133.6,133.6,225,21900,151.5,133.65,134.35
11410,2021-03-04 11:25:00,132.8,132.8,132.8,132.8,150,21900,151.42,131.9,132.6
11411,2021-03-04 11:26:00,133.75,133.75,133.75,133.75,150,21900,151.35,133.5,134.05
11412,2021-03-04 11:27:00,133.4,135.35,133.4,135.35,225,21900,151.24,134.7,135.45
11413,2021-03-04 11:28:00,135.45,135.45,135.45,135.45,75,21900,151.21,136.25,136.9
11414,2021-03-04 11:29:00,136.25,136.25,136.25,136.25,75,21900,151.18,135.6,136.25
11415,2021-03-04 11:30:00,136.25,136.25,136.25,136.25,75,21900,151.18,135.6,136.25
11416,2021-03-04 11:31:00,136.25,136.25,136.25,136.25,75,21900,151.18,135.6,136.25
11417,2021-03-04 11:32:00,136.25,136.25,136.25,136.25,75,21900,151.18,135.6,136.25
11418,2021-03-04 11:33:00,132.7,133.05,132.7,133.05,150,22350,151.11,133.25,133.8
11419,2021-03-04 11:34:00,132.7,133.05,132.7,133.05,150,22350,151.11,133.25,133.8
11420,2021-03-04 11:35:00,132.7,133.05,132.7,133.05,150,22350,151.11,133.25,133.8
11421,2021-03-04 11:36:00,132.7,133.05,132.7,133.05,150,22350,151.11,133.25,133.8
11422,2021-03-04 11:37:00,132.1,132.1,131.15,131.15,150,22500,151.03,131.1,131.7
11423,2021-03-04 11:38:00,132.1,132.1,131.15,131.15,150,22500,151.03,131.1,131.7
11424,2021-03-04 11:39:00,130.15,130.15,125.9,125.9,300,22425,150.85,126.35,127.0
11425,2021-03-04 11:40:00,127.3,127.3,125.25,126.0,525,22425,150.51,127.95,128.5
11426,2021-03-04 11:41:00,128.45,128.45,128.45,128.45,75,22425,150.47,128.0,128.75
11427,2021-03-04 11:42:00,127.2,127.2,127.2,127.2,75,22275,150.42,127.35,128.05
11428,2021-03-04 11:43:00,127.2,127.2,127.2,127.2,75,22275,150.42,127.35,128.05
11429,2021-03-04 11:44:00,127.2,127.2,127.2,127.2,75,22275,150.42,127.35,128.05
11430,2021-03-04 11:45:00,127.6,127.6,127.6,127.6,75,22275,150.38,126.25,126.9
11431,2021-03-04 11:46:00,127.85,127.85,127.85,127.85,75,22275,150.34,127.4,127.95
11432,2021-03-04 11:47:00,127.85,127.85,127.85,127.85,75,22275,150.34,127.4,127.95
11433,2021-03-04 11:48:00,127.85,127.85,127.85,127.85,75,22275,150.34,127.4,127.95
11434,2021-03-04 11:49:00,127.85,127.85,127.85,127.85,75,22275,150.34,127.4,127.95
11435,2021-03-04 11:50:00,127.85,127.85,127.85,127.85,75,22275,150.34,127.4,127.95
11436,2021-03-04 11:51:00,127.85,127.85,127.85,127.85,75,22275,150.34,127.4,127.95
11437,2021-03-04 11:52:00,127.85,127.85,127.85,127.85,75,22275,150.34,127.4,127.95
11438,2021-03-04 11:53:00,127.85,127.85,127.85,127.85,75,22275,150.34,127.4,127.95
11439,2021-03-04 11:54:00,133.6,134.9,133.6,134.9,150,22425,150.27,134.3,134.9
11440,2021-03-04 11:55:00,133.6,134.9,133.6,134.9,150,22425,150.27,134.3,134.9
11441,2021-03-04 11:56:00,133.6,134.9,133.6,134.9,150,22425,150.27,134.3,134.9
11442,2021-03-04 11:57:00,132.9,132.9,132.9,132.9,150,22650,150.21,131.05,131.65
11443,2021-03-04 11:58:00,132.9,132.9,132.9,132.9,150,22650,150.21,131.05,131.65
11444,2021-03-04 11:59:00,132.9,132.9,132.9,132.9,150,22650,150.21,131.05,131.65
11445,2021-03-04 12:00:00,133.8,134.85,133.8,134.85,150,21750,150.15,134.0,134.7
11446,2021-03-04 12:01:00,134.3,134.3,134.3,134.3,75,21750,150.12,134.2,134.8
11447,2021-03-04 12:02:00,134.05,134.85,134.05,134.85,150,21750,150.06,134.6,135.15
11448,2021-03-04 12:03:00,134.05,134.85,134.05,134.85,150,21750,150.06,134.6,135.15
11449,2021-03-04 12:04:00,134.05,134.85,134.05,134.85,150,21750,150.06,134.6,135.15
11450,2021-03-04 12:05:00,134.05,134.85,134.05,134.85,150,21750,150.06,134.6,135.15
11451,2021-03-04 12:06:00,134.05,134.85,134.05,134.85,150,21750,150.06,134.6,135.15
11452,2021-03-04 12:07:00,134.05,134.85,134.05,134.85,150,21750,150.06,134.6,135.15
11453,2021-03-04 12:08:00,135.3,135.9,135.3,135.9,375,21825,149.92,134.75,135.3
11454,2021-03-04 12:09:00,135.3,135.9,135.3,135.9,375,21825,149.92,134.75,135.3
11455,2021-03-04 12:10:00,135.3,135.9,135.3,135.9,375,21825,149.92,134.75,135.3
11456,2021-03-04 12:11:00,135.3,135.9,135.3,135.9,375,21825,149.92,134.75,135.3
11457,2021-03-04 12:12:00,135.3,135.9,135.3,135.9,375,21825,149.92,134.75,135.3
11458,2021-03-04 12:13:00,135.3,135.9,135.3,135.9,375,21825,149.92,134.75,135.3
11459,2021-03-04 12:14:00,135.3,135.9,135.3,135.9,375,21825,149.92,134.75,135.3
11460,2021-03-04 12:15:00,135.5,135.5,134.8,134.8,150,21900,149.87,136.2,136.8
11461,2021-03-04 12:16:00,136.95,137.3,136.95,137.3,375,21900,149.75,136.8,137.4
11462,2021-03-04 12:17:00,136.95,137.3,136.95,137.3,375,21900,149.75,136.8,137.4
11463,2021-03-04 12:18:00,136.95,137.3,136.95,137.3,375,21900,149.75,136.8,137.4
11464,2021-03-04 12:19:00,136.95,137.3,136.95,137.3,375,21900,149.75,136.8,137.4
11465,2021-03-04 12:20:00,136.95,137.3,136.95,137.3,375,21900,149.75,136.8,137.4
11466,2021-03-04 12:21:00,136.95,137.3,136.95,137.3,375,21900,149.75,136.8,137.4
11467,2021-03-04 12:22:00,131.0,131.0,131.0,131.0,75,21825,149.71,131.05,131.55
11468,2021-03-04 12:23:00,131.0,131.0,131.0,131.0,75,21825,149.71,131.05,131.55
11469,2021-03-04 12:24:00,133.0,133.1,133.0,133.1,150,21450,149.65,132.7,133.3
11470,2021-03-04 12:25:00,133.0,133.1,133.0,133.1,150,21450,149.65,132.7,133.3
11471,2021-03-04 12:26:00,133.0,133.1,133.0,133.1,150,21450,149.65,132.7,133.3
11472,2021-03-04 12:27:00,129.15,129.15,129.15,129.15,300,21450,149.5,129.55,130.2
11473,2021-03-04 12:28:00,129.15,129.15,129.15,129.15,300,21450,149.5,129.55,130.2
11474,2021-03-04 12:29:00,128.75,128.75,128.75,128.75,75,0,149.46,128.2,128.85
11475,2021-03-04 12:30:00,128.75,128.75,128.75,128.75,75,0,149.46,128.2,128.85
11476,2021-03-04 12:31:00,128.75,128.75,128.75,128.75,75,21450,149.43,127.65,128.25
11477,2021-03-04 12:32:00,127.55,127.55,126.35,126.35,600,21450,149.1,125.95,126.35
11478,2021-03-04 12:33:00,125.85,125.85,124.6,124.6,675,21525,148.72,124.0,124.45
11479,2021-03-04 12:34:00,124.2,124.2,124.0,124.0,300,21525,148.55,123.6,124.0
11480,2021-03-04 12:35:00,125.45,125.45,125.45,125.45,75,21525,148.51,124.7,125.25
11481,2021-03-04 12:36:00,124.9,124.9,124.9,124.9,2025,21450,147.44,125.0,125.55
11482,2021-03-04 12:37:00,126.9,126.9,125.9,125.9,225,21450,147.34,125.4,126.05
11483,2021-03-04 12:38:00,124.0,124.0,124.0,124.0,1500,21450,146.58,123.95,124.0
11484,2021-03-04 12:39:00,123.95,123.95,121.1,121.1,1425,21375,145.85,120.8,121.4
11485,2021-03-04 12:40:00,119.45,120.1,119.45,120.1,300,21375,145.69,121.25,121.75
11486,2021-03-04 12:41:00,119.45,120.1,119.45,120.1,300,21375,145.69,121.25,121.75
11487,2021-03-04 12:42:00,121.25,121.25,120.1,120.2,450,21375,145.45,120.4,120.95
11488,2021-03-04 12:43:00,121.7,121.7,121.7,121.7,150,21375,145.38,121.5,122.05
11489,2021-03-04 12:44:00,121.7,121.7,121.7,121.7,150,21375,145.38,121.5,122.05
11490,2021-03-04 12:45:00,121.7,121.7,121.7,121.7,150,21375,145.38,121.5,122.05
11491,2021-03-04 12:46:00,121.7,121.7,121.7,121.7,150,21375,145.38,121.5,122.05
11492,2021-03-04 12:47:00,121.7,121.7,121.7,121.7,150,21375,145.38,121.5,122.05
11493,2021-03-04 12:48:00,121.95,121.95,121.95,121.95,75,21525,145.34,121.2,121.7
11494,2021-03-04 12:49:00,121.95,121.95,121.95,121.95,75,21525,145.34,121.2,121.7
11495,2021-03-04 12:50:00,121.95,121.95,121.95,121.95,75,21525,145.34,121.2,121.7
11496,2021-03-04 12:51:00,124.1,124.1,124.1,124.1,150,21525,145.28,123.6,124.2
11497,2021-03-04 12:52:00,124.1,124.1,124.1,124.1,150,21525,145.28,123.6,124.2
11498,2021-03-04 12:53:00,123.1,123.4,123.1,123.4,600,21525,145.01,121.75,122.35
11499,2021-03-04 12:54:00,121.85,121.85,121.85,121.85,75,21525,144.98,121.8,122.45
11500,2021-03-04 12:55:00,121.85,121.85,121.85,121.85,75,21525,144.98,121.8,122.45
11501,2021-03-04 12:56:00,121.85,121.85,121.85,121.85,75,21525,144.98,121.8,122.45
11502,2021-03-04 12:57:00,120.35,120.35,120.35,120.35,75,21525,144.94,121.0,121.55
11503,2021-03-04 12:58:00,120.35,120.35,120.35,120.35,75,21525,144.94,121.0,121.55
11504,2021-03-04 12:59:00,121.6,121.6,121.6,121.6,150,21525,144.87,121.05,121.35
11505,2021-03-04 13:00:00,120.35,120.35,120.35,120.35,300,21525,144.72,120.25,120.75
11506,2021-03-04 13:01:00,120.35,120.35,120.35,120.35,300,21525,144.72,120.25,120.75
11507,2021-03-04 13:02:00,120.35,120.35,120.35,120.35,300,21525,144.72,120.25,120.75
11508,2021-03-04 13:03:00,120.35,120.35,120.35,120.35,300,21525,144.72,120.25,120.75
11509,2021-03-04 13:04:00,120.35,120.35,120.35,120.35,300,21525,144.72,120.25,120.75
11510,2021-03-04 13:05:00,124.65,124.65,124.15,124.15,150,21525,144.66,124.6,125.2
11511,2021-03-04 13:06:00,124.65,124.65,124.15,124.15,150,21525,144.66,124.6,125.2
11512,2021-03-04 13:07:00,125.45,125.45,125.45,125.45,75,21450,144.63,124.9,125.45
11513,2021-03-04 13:08:00,125.0,125.0,123.45,123.45,300,21450,144.51,123.75,124.35
11514,2021-03-04 13:09:00,123.5,123.5,122.95,122.95,225,21450,144.42,124.05,124.55
11515,2021-03-04 13:10:00,123.5,123.5,122.95,122.95,225,21450,144.42,124.05,124.55
11516,2021-03-04 13:11:00,123.5,123.5,122.95,122.95,225,21450,144.42,124.05,124.55
11517,2021-03-04 13:12:00,118.85,120.7,118.25,120.7,450,21525,144.2,120.3,120.95
11518,2021-03-04 13:13:00,121.4,121.4,120.05,120.05,150,21525,144.13,120.15,120.7
11519,2021-03-04 13:14:00,121.4,121.4,120.05,120.05,150,21525,144.13,120.15,120.7
11520,2021-03-04 13:15:00,121.4,121.4,120.05,120.05,150,21525,144.13,120.15,120.7
11521,2021-03-04 13:16:00,121.4,121.4,120.05,120.05,150,21525,144.13,120.15,120.7
11522,2021-03-04 13:17:00,121.4,121.4,120.05,120.05,150,21525,144.13,120.15,120.7
11523,2021-03-04 13:18:00,123.7,123.7,123.2,123.2,150,21600,144.07,123.05,123.6
11524,2021-03-04 13:19:00,123.6,123.6,123.6,123.6,75,21600,144.04,123.85,124.4
11525,2021-03-04 13:20:00,126.0,127.0,126.0,127.0,225,21600,143.97,125.95,126.6
11526,2021-03-04 13:21:00,125.4,125.4,124.5,124.5,375,21600,143.83,126.35,126.95
11527,2021-03-04 13:22:00,127.3,128.75,127.3,128.75,300,21600,143.74,127.5,128.2
11528,2021-03-04 13:23:00,129.0,129.1,128.8,129.1,525,21600,143.59,128.95,129.55
11529,2021-03-04 13:24:00,129.0,129.1,128.8,129.1,525,21600,143.59,128.95,129.55
11530,2021-03-04 13:25:00,127.1,127.75,127.1,127.75,150,21525,143.55,130.0,130.5
11531,2021-03-04 13:26:00,130.35,132.0,130.35,132.0,300,21525,143.48,131.95,132.45
11532,2021-03-04 13:27:00,132.65,133.6,132.65,133.6,150,21525,143.45,132.15,132.9
11533,2021-03-04 13:28:00,132.65,133.6,132.65,133.6,150,21525,143.45,132.15,132.9
11534,2021-03-04 13:29:00,130.25,131.1,130.25,131.1,225,21600,143.4,131.65,132.2
11535,2021-03-04 13:30:00,128.35,128.35,128.35,128.35,150,21600,143.35,127.9,128.5
11536,2021-03-04 13:31:00,127.55,127.55,127.55,127.55,75,21600,143.33,126.15,126.8
11537,2021-03-04 13:32:00,125.25,125.25,125.25,125.25,75,21600,143.31,125.65,126.2
11538,2021-03-04 13:33:00,125.8,125.8,125.8,125.8,75,21600,143.28,125.5,126.05
11539,2021-03-04 13:34:00,125.55,125.55,125.55,125.55,75,21600,143.26,125.35,125.9
11540,2021-03-04 13:35:00,123.2,123.2,122.0,122.1,750,21600,142.98,122.1,122.6
11541,2021-03-04 13:36:00,123.2,123.2,122.0,122.1,750,21600,142.98,122.1,122.6
11542,2021-03-04 13:37:00,124.35,127.5,124.35,127.5,150,21600,142.93,127.25,127.75
11543,2021-03-04 13:38:00,124.35,127.5,124.35,127.5,150,21600,142.93,127.25,127.75
11544,2021-03-04 13:39:00,124.35,127.5,124.35,127.5,150,21600,142.93,127.25,127.75
11545,2021-03-04 13:40:00,128.25,128.25,128.25,128.25,75,21600,142.91,128.45,129.0
11546,2021-03-04 13:41:00,128.25,128.25,128.25,128.25,75,21600,142.91,128.45,129.0
11547,2021-03-04 13:42:00,128.25,128.25,128.25,128.25,75,21600,142.91,128.45,129.0
11548,2021-03-04 13:43:00,128.25,128.25,128.25,128.25,75,21600,142.91,128.45,129.0
11549,2021-03-04 13:44:00,129.2,129.2,129.2,129.2,150,21525,142.87,129.8,130.45
11550,2021-03-04 13:45:00,133.35,134.45,132.85,132.95,750,21675,142.75,131.1,131.65
11551,2021-03-04 13:46:00,133.35,134.45,132.85,132.95,750,21675,142.75,131.1,131.65
11552,2021-03-04 13:47:00,133.5,133.5,133.5,133.5,75,21675,142.73,133.5,134.1
11553,2021-03-04 13:48:00,131.65,131.65,131.65,131.65,75,21675,142.72,128.05,128.65
11554,2021-03-04 13:49:00,129.15,129.15,129.15,129.15,75,22575,142.7,127.2,127.65
11555,2021-03-04 13:50:00,129.15,129.15,129.15,129.15,75,22575,142.7,127.2,127.65
11556,2021-03-04 13:51:00,126.65,129.15,126.65,128.85,300,22800,142.62,129.1,129.7
11557,2021-03-04 13:52:00,130.85,130.85,130.85,130.85,75,22800,142.61,131.8,132.35
11558,2021-03-04 13:53:00,130.85,130.85,130.85,130.85,75,22800,142.61,131.8,132.35
11559,2021-03-04 13:54:00,130.85,130.85,130.85,130.85,75,22800,142.61,131.8,132.35
11560,2021-03-04 13:55:00,135.75,138.5,135.75,135.75,750,22800,142.54,138.6,139.2
11561,2021-03-04 13:56:00,135.75,138.5,135.75,135.75,750,22800,142.54,138.6,139.2
11562,2021-03-04 13:57:00,137.05,137.05,137.05,137.05,75,22800,142.53,137.5,138.15
11563,2021-03-04 13:58:00,137.05,137.05,137.05,137.05,75,22800,142.53,137.5,138.15
11564,2021-03-04 13:59:00,140.3,141.95,140.3,141.95,300,22800,142.52,141.1,141.7
11565,2021-03-04 14:00:00,141.7,144.35,141.7,143.7,600,22725,142.53,143.3,143.9
11566,2021-03-04 14:01:00,143.85,143.85,138.9,138.9,1200,22725,142.47,139.45,139.95
11567,2021-03-04 14:02:00,138.65,138.75,137.8,137.8,450,22725,142.44,137.85,138.5
11568,2021-03-04 14:03:00,137.0,137.0,137.0,137.0,150,22725,142.43,134.8,135.35
11569,2021-03-04 14:04:00,137.0,137.0,137.0,137.0,150,22725,142.43,134.8,135.35
11570,2021-03-04 14:05:00,134.65,134.65,132.5,132.5,300,22725,142.39,131.8,132.35
11571,2021-03-04 14:06:00,134.65,134.65,132.5,132.5,300,22725,142.39,131.8,132.35
11572,2021-03-04 14:07:00,135.4,135.4,133.1,133.1,150,22725,142.36,133.25,133.85
11573,2021-03-04 14:08:00,133.35,133.35,133.35,133.35,75,22725,142.35,134.6,135.25
11574,2021-03-04 14:09:00,130.9,130.9,130.9,130.9,75,22725,142.34,130.45,131.0
11575,2021-03-04 14:10:00,130.9,130.9,130.9,130.9,75,22725,142.34,130.45,131.0
11576,2021-03-04 14:11:00,132.75,132.75,132.75,132.75,75,22725,142.33,132.6,133.25
11577,2021-03-04 14:12:00,132.75,132.75,132.75,132.75,75,22725,142.33,132.6,133.25
11578,2021-03-04 14:13:00,131.95,131.95,131.95,131.95,75,22725,142.32,131.85,132.4
11579,2021-03-04 14:14:00,131.95,131.95,131.95,131.95,75,22725,142.32,131.85,132.4
11580,2021-03-04 14:15:00,129.9,129.9,127.8,127.8,150,22725,142.28,126.8,127.4
11581,2021-03-04 14:16:00,125.1,125.1,125.1,125.1,75,22725,142.26,127.45,128.05
11582,2021-03-04 14:17:00,127.2,128.4,127.2,128.4,150,22725,142.23,128.1,128.65
11583,2021-03-04 14:18:00,127.2,128.4,127.2,128.4,150,22725,142.23,128.1,128.65
11584,2021-03-04 14:19:00,127.2,128.4,127.2,128.4,150,22725,142.23,128.1,128.65
11585,2021-03-04 14:20:00,132.0,132.0,132.0,132.0,75,22725,142.21,132.15,132.7
11586,2021-03-04 14:21:00,132.0,132.0,132.0,132.0,75,22725,142.21,132.15,132.7
11587,2021-03-04 14:22:00,133.05,133.05,133.05,133.05,75,22725,142.2,131.65,132.2
11588,2021-03-04 14:23:00,132.25,132.25,132.25,132.25,75,0,142.19,131.05,131.55
11589,2021-03-04 14:24:00,132.25,132.25,132.25,132.25,75,0,142.19,131.05,131.55
11590,2021-03-04 14:25:00,130.1,130.1,130.1,130.1,75,18225,142.18,131.55,132.1
11591,2021-03-04 14:26:00,130.1,130.1,130.1,130.1,75,18225,142.18,131.55,132.1
11592,2021-03-04 14:27:00,130.1,130.1,130.1,130.1,75,18225,142.18,131.55,132.1
11593,2021-03-04 14:28:00,130.1,130.1,130.1,130.1,75,18225,142.18,131.55,132.1
11594,2021-03-04 14:29:00,130.1,130.1,130.1,130.1,75,18225,142.18,131.55,132.1
11595,2021-03-04 14:30:00,130.3,130.3,130.3,130.3,75,18300,142.16,130.25,130.7
11596,2021-03-04 14:31:00,130.3,130.3,130.3,130.3,75,18300,142.16,130.25,130.7
11597,2021-03-04 14:32:00,130.3,130.3,130.3,130.3,75,18300,142.16,130.25,130.7
11598,2021-03-04 14:33:00,130.3,130.3,130.3,130.3,75,18300,142.16,130.25,130.7
11599,2021-03-04 14:34:00,130.3,130.3,130.3,130.3,75,18300,142.16,130.25,130.7
11600,2021-03-04 14:35:00,130.3,130.3,130.3,130.3,75,18225,142.15,130.75,131.25
11601,2021-03-04 14:36:00,131.9,131.9,131.9,131.9,75,18225,142.13,130.05,130.65
11602,2021-03-04 14:37:00,131.9,131.9,131.9,131.9,75,18225,142.13,130.05,130.65
11603,2021-03-04 14:38:00,131.9,131.9,131.9,131.9,75,18225,142.13,130.05,130.65
11604,2021-03-04 14:39:00,131.9,131.9,131.9,131.9,75,18225,142.13,130.05,130.65
11605,2021-03-04 14:40:00,136.8,137.6,136.8,137.6,225,18150,142.12,135.3,136.0
11606,2021-03-04 14:41:00,136.8,137.6,136.8,137.6,225,18150,142.12,135.3,136.0
11607,2021-03-04 14:42:00,136.8,137.6,136.8,137.6,225,18150,142.12,135.3,136.0
11608,2021-03-04 14:43:00,138.7,138.7,138.7,138.7,75,18150,142.11,139.05,139.6
11609,2021-03-04 14:44:00,138.7,138.7,138.7,138.7,75,18150,142.11,139.05,139.6
11610,2021-03-04 14:45:00,140.9,140.9,140.3,140.3,150,18150,142.11,139.55,140.1
11611,2021-03-04 14:46:00,142.2,142.35,142.2,142.35,225,18225,142.11,140.4,140.9
11612,2021-03-04 14:47:00,138.75,138.75,136.95,136.95,150,18225,142.1,138.45,139.05
11613,2021-03-04 14:48:00,139.3,139.3,139.3,139.3,75,18225,142.1,136.55,137.15
11614,2021-03-04 14:49:00,139.3,139.3,139.3,139.3,75,18225,142.1,136.55,137.15
11615,2021-03-04 14:50:00,139.3,139.3,139.3,139.3,75,18225,142.1,136.55,137.15
11616,2021-03-04 14:51:00,133.8,134.45,133.55,134.45,450,18450,142.04,135.85,136.4
11617,2021-03-04 14:52:00,133.8,134.45,133.55,134.45,450,18450,142.04,135.85,136.4
11618,2021-03-04 14:53:00,136.85,137.0,136.85,137.0,150,18750,142.03,136.6,137.0
11619,2021-03-04 14:54:00,138.3,141.4,138.3,141.4,225,18600,142.02,141.55,142.05
11620,2021-03-04 14:55:00,142.35,142.35,142.35,142.35,150,18600,142.02,138.2,138.8
11621,2021-03-04 14:56:00,137.35,137.35,137.35,137.35,75,18600,142.01,141.35,141.95
11622,2021-03-04 14:57:00,137.35,137.35,137.35,137.35,75,18600,142.01,141.35,141.95
11623,2021-03-04 14:58:00,138.95,140.25,138.95,140.25,150,18375,142.01,139.35,139.85
11624,2021-03-04 14:59:00,138.95,140.25,138.95,140.25,150,18375,142.01,139.35,139.85
11625,2021-03-04 15:00:00,138.3,138.3,136.7,136.7,225,18375,141.99,139.85,140.4
11626,2021-03-04 15:01:00,140.15,142.6,140.15,142.6,225,18450,141.99,142.45,143.2
11627,2021-03-04 15:02:00,141.55,146.4,141.55,146.4,375,18450,142.0,146.8,147.5
11628,2021-03-04 15:03:00,147.7,147.7,145.4,145.4,300,18450,142.02,145.05,145.65
11629,2021-03-04 15:04:00,146.75,151.55,146.75,151.55,375,18450,142.07,151.35,152.05
11630,2021-03-04 15:05:00,151.7,151.7,151.7,151.7,150,18450,142.1,155.15,155.7
11631,2021-03-04 15:06:00,156.3,158.9,156.3,158.9,150,18900,142.13,159.05,159.6
11632,2021-03-04 15:07:00,158.85,158.85,158.85,158.85,150,18900,142.17,157.15,157.75
11633,2021-03-04 15:08:00,158.85,158.85,158.85,158.85,150,18900,142.17,157.15,157.75
11634,2021-03-04 15:09:00,158.0,158.0,158.0,158.0,225,18675,142.22,156.55,157.1
11635,2021-03-04 15:10:00,157.1,157.1,157.1,157.1,75,0,142.24,155.25,155.9
11636,2021-03-04 15:11:00,157.1,157.1,157.1,157.1,75,0,142.24,155.25,155.9
11637,2021-03-04 15:12:00,153.0,153.0,153.0,153.0,75,18675,142.25,153.8,154.7
11638,2021-03-04 15:13:00,153.0,153.0,153.0,153.0,75,18675,142.25,153.8,154.7
11639,2021-03-04 15:14:00,156.55,156.95,156.55,156.8,525,18900,142.36,157.65,158.3
11640,2021-03-04 15:15:00,156.55,156.95,156.55,156.8,525,18900,142.36,157.65,158.3
11641,2021-03-04 15:16:00,161.35,161.4,161.35,161.4,150,18975,142.4,161.4,162.0
11642,2021-03-04 15:17:00,161.75,162.75,161.75,162.75,150,18975,142.45,162.2,162.75
11643,2021-03-04 15:18:00,162.0,162.0,162.0,162.0,75,18975,142.47,161.45,162.1
11644,2021-03-04 15:19:00,160.95,160.95,160.95,160.95,75,18975,142.49,161.05,161.75
11645,2021-03-04 15:20:00,160.95,160.95,160.95,160.95,75,18975,142.49,161.05,161.75
11646,2021-03-04 15:21:00,160.95,160.95,160.95,160.95,75,18975,142.49,161.05,161.75
11647,2021-03-04 15:22:00,160.95,160.95,160.95,160.95,75,18975,142.49,161.05,161.75
11648,2021-03-04 15:23:00,162.35,162.35,162.35,162.35,75,18450,142.51,162.25,162.85
11649,2021-03-04 15:24:00,162.35,162.35,162.35,162.35,75,18450,142.51,162.25,162.85
11650,2021-03-04 15:25:00,162.85,162.85,162.85,162.85,75,18300,142.54,162.5,163.55
11651,2021-03-04 15:26:00,163.8,163.8,163.8,163.8,75,18300,142.56,163.2,164.1
11652,2021-03-04 15:27:00,163.05,163.05,162.8,162.8,225,18300,142.63,162.9,163.65
11653,2021-03-04 15:28:00,163.65,164.7,163.15,164.7,1425,18375,143.07,164.2,165.65
11654,2021-03-04 15:29:00,163.65,164.7,163.15,164.7,1425,18375,143.07,164.2,165.65
11655,2021-03-04 15:30:00,164.3,164.5,164.3,164.5,225,18375,143.13,135.7,166.0
11656,2021-03-05 09:15:00,212.95,212.95,205.95,207.5,600,18150,208.45,202.55,207.0
11657,2021-03-05 09:16:00,207.5,210.3,206.15,210.3,900,18150,207.83,209.55,211.2
11658,2021-03-05 09:17:00,211.55,213.0,211.55,211.9,1050,18450,209.75,210.75,211.85
11659,2021-03-05 09:18:00,208.65,208.65,205.25,205.25,600,18450,209.41,202.1,203.15
11660,2021-03-05 09:19:00,200.45,204.7,194.45,204.7,1500,18450,206.1,201.75,202.75
11661,2021-03-05 09:20:00,202.9,209.05,202.9,209.05,750,20175,206.28,206.95,207.95
11662,2021-03-05 09:21:00,210.1,210.1,207.8,207.8,300,20175,206.46,204.0,205.0
11663,2021-03-05 09:22:00,207.25,211.05,207.25,211.05,525,20175,206.73,209.5,210.6
11664,2021-03-05 09:23:00,208.9,210.1,208.9,210.1,225,20175,206.83,204.25,205.2
11665,2021-03-05 09:24:00,205.0,205.0,201.1,201.1,225,20325,206.71,199.8,200.95
11666,2021-03-05 09:25:00,198.8,199.65,197.5,199.65,375,20325,206.29,200.0,200.95
11667,2021-03-05 09:26:00,202.75,202.75,202.75,202.75,75,20250,206.26,199.45,200.5
11668,2021-03-05 09:27:00,198.8,200.05,198.8,200.05,150,20250,206.11,199.25,200.1
11669,2021-03-05 09:28:00,201.95,205.75,201.95,205.75,300,20250,206.05,205.6,206.45
11670,2021-03-05 09:29:00,208.05,208.3,208.05,208.3,150,20250,206.09,204.95,205.95
11671,2021-03-05 09:30:00,209.55,209.55,208.35,208.35,225,19950,206.17,207.75,208.35
11672,2021-03-05 09:31:00,208.75,211.75,208.75,211.75,450,19950,206.4,211.0,212.1
11673,2021-03-05 09:32:00,212.0,212.3,207.45,208.75,1125,20475,206.88,210.25,211.15
11674,2021-03-05 09:33:00,210.6,210.6,209.2,209.2,300,20475,206.98,208.3,209.1
11675,2021-03-05 09:34:00,211.0,217.9,211.0,217.35,825,20475,207.5,217.55,218.95
11676,2021-03-05 09:35:00,218.35,220.65,217.95,218.6,600,20775,208.12,219.15,220.25
11677,2021-03-05 09:36:00,220.2,220.2,219.75,219.75,150,20775,208.27,218.25,219.3
11678,2021-03-05 09:37:00,218.15,218.15,218.15,218.15,75,20775,208.34,216.6,217.35
11679,2021-03-05 09:38:00,215.75,215.75,214.45,214.45,375,21375,208.57,213.25,214.2
11680,2021-03-05 09:39:00,215.75,215.75,214.45,214.45,375,21375,208.57,213.25,214.2
11681,2021-03-05 09:40:00,207.5,207.5,205.8,205.8,225,21375,208.52,205.4,206.2
11682,2021-03-05 09:41:00,202.9,205.4,202.0,202.0,375,21600,208.39,201.85,202.6
11683,2021-03-05 09:42:00,199.0,199.0,199.0,199.0,75,21600,208.33,200.15,200.85
11684,2021-03-05 09:43:00,201.25,201.25,200.15,200.15,150,21600,208.24,197.15,197.8
11685,2021-03-05 09:44:00,197.75,197.75,192.95,193.4,450,21750,207.78,193.45,194.3
11686,2021-03-05 09:45:00,192.05,192.45,188.15,192.45,675,21750,206.93,192.45,193.2
11687,2021-03-05 09:46:00,194.8,194.8,193.8,193.8,225,21750,206.73,193.0,193.95
11688,2021-03-05 09:47:00,192.75,192.75,192.75,192.75,75,21675,206.66,187.9,188.65
11689,2021-03-05 09:48:00,187.7,187.7,187.4,187.7,150,0,206.46,192.15,192.75
11690,2021-03-05 09:49:00,194.1,196.3,194.1,196.3,150,21675,206.34,191.05,191.95
11691,2021-03-05 09:50:00,194.1,196.3,194.1,196.3,150,21675,206.34,191.05,191.95
11692,2021-03-05 09:51:00,190.85,192.95,190.05,190.05,300,21825,206.03,191.25,192.2
11693,2021-03-05 09:52:00,193.25,195.0,193.25,195.0,150,21825,205.91,193.65,194.6
11694,2021-03-05 09:53:00,193.15,193.15,193.15,193.15,75,21825,205.85,191.6,192.4
11695,2021-03-05 09:54:00,192.0,192.0,192.0,192.0,75,21600,205.78,187.0,189.5
11696,2021-03-05 09:55:00,192.0,192.0,192.0,192.0,75,21600,205.78,187.0,189.5
11697,2021-03-05 09:56:00,191.25,191.25,190.35,190.35,150,21450,205.63,190.35,191.25
11698,2021-03-05 09:57:00,191.25,192.0,191.25,192.0,225,21450,205.43,193.05,193.9
11699,2021-03-05 09:58:00,191.25,192.0,191.25,192.0,225,21450,205.43,193.05,193.9
11700,2021-03-05 09:59:00,191.25,192.0,191.25,192.0,225,21450,205.43,193.05,193.9
11701,2021-03-05 10:00:00,183.95,185.8,183.95,185.8,225,21675,205.13,185.65,186.5
11702,2021-03-05 10:01:00,184.65,186.15,184.65,186.15,225,21675,204.86,184.65,185.45
11703,2021-03-05 10:02:00,184.65,186.15,184.65,186.15,225,21675,204.86,184.65,185.45
11704,2021-03-05 10:03:00,186.9,192.5,186.9,192.45,600,21675,204.34,192.4,193.3
11705,2021-03-05 10:04:00,194.35,195.6,194.35,195.6,150,21675,204.26,192.8,193.6
11706,2021-03-05 10:05:00,195.35,195.35,193.8,193.8,150,21750,204.17,193.55,194.2
11707,2021-03-05 10:06:00,189.0,189.0,189.0,189.0,150,21750,204.04,189.05,189.9
11708,2021-03-05 10:07:00,189.0,189.0,189.0,189.0,150,21750,204.04,189.05,189.9
11709,2021-03-05 10:08:00,189.0,189.0,189.0,189.0,150,21750,204.04,189.05,189.9
11710,2021-03-05 10:09:00,184.5,184.5,184.5,184.5,75,21825,203.95,181.15,181.8
11711,2021-03-05 10:10:00,180.1,182.15,180.1,182.15,150,21825,203.75,181.7,182.45
11712,2021-03-05 10:11:00,182.0,184.3,182.0,184.3,150,21825,203.57,184.05,184.7
11713,2021-03-05 10:12:00,184.05,184.9,184.05,184.9,150,21825,203.41,186.4,187.2
11714,2021-03-05 10:13:00,184.05,184.9,184.05,184.9,150,21825,203.41,186.4,187.2
11715,2021-03-05 10:14:00,186.6,186.6,185.7,186.5,375,21900,203.04,187.35,188.1
11716,2021-03-05 10:15:00,190.05,190.05,190.05,190.05,150,21900,202.93,188.95,189.85
11717,2021-03-05 10:16:00,187.45,187.45,187.45,187.45,75,21900,202.87,189.85,190.45
11718,2021-03-05 10:17:00,187.45,187.45,187.45,187.45,75,21900,202.87,189.85,190.45
11719,2021-03-05 10:18:00,191.75,192.8,191.75,192.8,225,22050,202.74,192.75,193.5
11720,2021-03-05 10:19:00,193.75,193.75,193.75,193.75,75,22050,202.7,193.9,194.6
11721,2021-03-05 10:20:00,193.75,193.75,193.75,193.75,75,22050,202.7,193.9,194.6
11722,2021-03-05 10:21:00,194.4,194.4,194.4,194.4,300,21900,202.57,194.2,195.05
11723,2021-03-05 10:22:00,195.15,195.15,195.15,195.15,300,21900,202.45,194.45,195.3
11724,2021-03-05 10:23:00,194.7,194.7,194.7,194.7,75,21900,202.42,194.9,195.7
11725,2021-03-05 10:24:00,199.7,199.7,198.75,198.75,150,22050,202.39,197.2,198.1
11726,2021-03-05 10:25:00,200.15,200.95,200.15,200.95,150,22050,202.38,200.7,201.55
11727,2021-03-05 10:26:00,200.15,200.95,200.15,200.95,150,22050,202.38,200.7,201.55
11728,2021-03-05 10:27:00,200.15,200.95,200.15,200.95,150,22050,202.38,200.7,201.55
11729,2021-03-05 10:28:00,200.15,200.95,200.15,200.95,150,22050,202.38,200.7,201.55
11730,2021-03-05 10:29:00,200.15,200.95,200.15,200.95,150,22050,202.38,200.7,201.55
11731,2021-03-05 10:30:00,205.2,206.1,205.2,206.1,150,21975,202.41,197.7,198.6
11732,2021-03-05 10:31:00,199.0,199.0,199.0,199.0,75,21975,202.39,199.6,200.6
11733,2021-03-05 10:32:00,201.95,201.95,200.8,200.8,150,22050,202.38,198.8,199.8
11734,2021-03-05 10:33:00,201.95,201.95,200.8,200.8,150,22050,202.38,198.8,199.8
11735,2021-03-05 10:34:00,194.15,194.15,193.6,193.6,150,22050,202.32,193.1,193.95
11736,2021-03-05 10:35:00,194.15,194.15,193.6,193.6,150,22050,202.32,193.1,193.95
11737,2021-03-05 10:36:00,194.65,196.4,194.65,196.4,150,22050,202.27,194.85,195.55
11738,2021-03-05 10:37:00,197.85,197.85,197.85,197.85,75,22050,202.25,196.15,196.95
11739,2021-03-05 10:38:00,198.95,198.95,198.95,198.95,75,22050,202.24,197.5,198.35
11740,2021-03-05 10:39:00,201.05,202.25,201.05,202.25,225,22050,202.24,198.6,199.55
11741,2021-03-05 10:40:00,201.05,202.25,201.05,202.25,225,22050,202.24,198.6,199.55
11742,2021-03-05 10:41:00,207.6,208.15,207.6,208.15,150,22275,202.28,207.5,208.45
11743,2021-03-05 10:42:00,207.6,208.15,207.6,208.15,150,22275,202.28,207.5,208.45
11744,2021-03-05 10:43:00,207.6,208.15,207.6,208.15,150,22275,202.28,207.5,208.45
11745,2021-03-05 10:44:00,207.6,208.15,207.6,208.15,150,22275,202.28,207.5,208.45
11746,2021-03-05 10:45:00,204.4,204.4,204.4,204.4,150,22200,202.29,205.45,206.35
11747,2021-03-05 10:46:00,206.55,206.55,206.45,206.45,150,22200,202.32,205.75,206.75
11748,2021-03-05 10:47:00,206.0,206.0,205.95,205.95,150,22200,202.35,207.35,208.05
11749,2021-03-05 10:48:00,205.7,205.7,202.05,202.05,225,22200,202.37,200.8,201.7
11750,2021-03-05 10:49:00,200.0,200.0,200.0,200.0,75,0,202.36,198.9,199.65
11751,2021-03-05 10:50:00,201.3,202.05,201.3,202.05,150,22200,202.36,204.4,205.3
11752,2021-03-05 10:51:00,205.95,205.95,205.95,205.95,75,22350,202.37,204.9,205.85
11753,2021-03-05 10:52:00,206.2,206.2,206.2,206.2,150,22350,202.39,207.45,214.95
11754,2021-03-05 10:53:00,211.75,211.75,211.75,211.75,75,22350,202.43,212.2,213.15
11755,2021-03-05 10:54:00,215.0,215.65,213.55,215.65,225,22350,202.55,214.7,215.75
11756,2021-03-05 10:55:00,217.65,217.65,211.1,211.1,225,22350,202.67,209.35,210.3
11757,2021-03-05 10:56:00,210.35,210.35,209.75,209.75,150,22500,202.72,210.95,211.7
11758,2021-03-05 10:57:00,211.15,211.15,209.7,209.7,150,22500,202.77,209.5,210.35
11759,2021-03-05 10:58:00,211.15,211.15,209.7,209.7,150,22500,202.77,209.5,210.35
11760,2021-03-05 10:59:00,217.0,217.0,217.0,217.0,75,22500,202.82,216.3,217.25
11761,2021-03-05 11:00:00,219.55,219.55,216.7,218.35,300,22500,203.03,219.35,220.35
11762,2021-03-05 11:01:00,217.1,217.1,212.45,212.45,225,22500,203.14,210.7,211.6
11763,2021-03-05 11:02:00,210.45,214.7,207.6,214.7,375,22575,203.27,214.1,214.8
11764,2021-03-05 11:03:00,214.25,214.25,214.25,214.25,825,0,203.64,211.9,212.75
11765,2021-03-05 11:04:00,210.5,210.5,210.5,210.5,75,22575,203.67,210.3,211.2
11766,2021-03-05 11:05:00,208.3,209.2,208.3,209.2,150,22575,203.7,211.55,212.7
11767,2021-03-05 11:06:00,209.45,209.45,205.1,205.7,375,23025,203.75,204.7,205.8
11768,2021-03-05 11:07:00,209.45,209.45,205.1,205.7,375,23025,203.75,204.7,205.8
11769,2021-03-05 11:08:00,207.9,207.9,207.9,207.9,75,23025,203.77,207.65,208.6
11770,2021-03-05 11:09:00,207.9,207.9,207.9,207.9,75,23025,203.77,207.65,208.6
11771,2021-03-05 11:10:00,205.6,205.6,205.4,205.4,150,23025,203.78,204.5,205.25
11772,2021-03-05 11:11:00,205.6,205.6,205.4,205.4,150,23025,203.78,204.5,205.25
11773,2021-03-05 11:12:00,202.7,202.7,202.7,202.7,75,22875,203.77,203.35,204.1
11774,2021-03-05 11:13:00,199.05,199.05,199.05,199.05,75,22875,203.76,199.35,200.25
11775,2021-03-05 11:14:00,198.9,199.9,197.7,199.9,675,22425,203.63,200.15,201.1
11776,2021-03-05 11:15:00,199.95,199.95,199.95,199.95,150,22425,203.61,198.7,199.6
11777,2021-03-05 11:16:00,194.3,194.65,190.55,194.35,1050,22425,203.18,194.25,195.05
11778,2021-03-05 11:17:00,194.3,194.65,190.55,194.35,1050,22425,203.18,194.25,195.05
11779,2021-03-05 11:18:00,194.3,194.65,190.55,194.35,1050,22425,203.18,194.25,195.05
11780,2021-03-05 11:19:00,194.3,194.65,190.55,194.35,1050,22425,203.18,194.25,195.05
11781,2021-03-05 11:20:00,192.75,196.0,192.75,196.0,150,23250,203.13,195.3,196.15
11782,2021-03-05 11:21:00,192.75,196.0,192.75,196.0,150,23250,203.13,195.3,196.15
11783,2021-03-05 11:22:00,201.1,201.1,201.1,201.1,225,23250,203.11,199.9,200.7
11784,2021-03-05 11:23:00,202.9,202.9,202.9,202.9,75,23250,203.11,202.15,203.05
11785,2021-03-05 11:24:00,203.05,203.05,203.05,203.05,75,22800,203.11,200.45,201.2
11786,2021-03-05 11:25:00,205.2,205.2,205.2,205.2,75,22800,203.12,204.65,205.5
11787,2021-03-05 11:26:00,200.5,200.5,200.5,200.5,75,22725,203.11,199.65,200.4
11788,2021-03-05 11:27:00,200.2,200.2,195.45,195.45,300,22725,203.05,196.75,197.6
11789,2021-03-05 11:28:00,200.2,200.2,195.45,195.45,300,22725,203.05,196.75,197.6
11790,2021-03-05 11:29:00,200.2,200.2,195.45,195.45,300,22725,203.05,196.75,197.6
11791,2021-03-05 11:30:00,194.5,194.5,194.5,194.5,75,22800,203.03,196.1,197.05
11792,2021-03-05 11:31:00,194.0,194.0,191.6,191.6,300,22800,202.92,192.6,193.55
11793,2021-03-05 11:32:00,190.75,190.75,190.75,190.75,75,22800,202.88,191.75,192.6
11794,2021-03-05 11:33:00,189.75,190.95,189.75,190.95,150,22875,202.82,190.05,190.85
11795,2021-03-05 11:34:00,190.3,190.3,190.3,190.3,75,22875,202.79,191.45,192.3
11796,2021-03-05 11:35:00,192.75,192.75,192.75,192.75,75,22875,202.76,189.0,189.85
11797,2021-03-05 11:36:00,192.2,192.2,192.2,192.2,75,22875,202.73,193.35,194.1
11798,2021-03-05 11:37:00,193.0,193.0,193.0,193.0,75,22875,202.71,192.15,192.95
11799,2021-03-05 11:38:00,190.85,191.2,190.85,191.2,225,22875,202.61,192.75,193.45
11800,2021-03-05 11:39:00,194.85,194.85,194.85,194.85,150,23100,202.57,193.1,193.95
11801,2021-03-05 11:40:00,191.7,191.7,191.7,191.7,75,23100,202.55,193.25,194.05
11802,2021-03-05 11:41:00,194.75,197.9,194.75,197.9,150,23100,202.52,197.7,198.6
11803,2021-03-05 11:42:00,194.75,197.9,194.75,197.9,150,23100,202.52,197.7,198.6
11804,2021-03-05 11:43:00,194.75,197.9,194.75,197.9,150,23100,202.52,197.7,198.6
11805,2021-03-05 11:44:00,194.75,197.9,194.75,197.9,150,23100,202.52,197.7,198.6
11806,2021-03-05 11:45:00,194.75,197.9,194.75,197.9,150,23100,202.52,197.7,198.6
11807,2021-03-05 11:46:00,194.75,197.9,194.75,197.9,150,23100,202.52,197.7,198.6
11808,2021-03-05 11:47:00,194.75,197.9,194.75,197.9,150,23100,202.52,197.7,198.6
11809,2021-03-05 11:48:00,190.85,191.85,190.85,191.85,150,23100,202.46,191.25,192.15
11810,2021-03-05 11:49:00,191.65,192.55,191.65,192.55,150,23100,202.41,192.15,193.05
11811,2021-03-05 11:50:00,193.65,194.65,193.65,194.25,450,23100,202.29,195.35,196.2
11812,2021-03-05 11:51:00,196.75,196.75,196.75,196.75,75,23625,202.27,196.45,197.2
11813,2021-03-05 11:52:00,198.75,200.75,198.75,200.75,300,23625,202.25,200.65,201.6
11814,2021-03-05 11:53:00,199.3,199.4,197.65,197.65,300,23625,202.22,200.8,201.55
11815,2021-03-05 11:54:00,202.15,202.15,202.15,202.15,75,23925,202.22,201.4,202.05
11816,2021-03-05 11:55:00,202.15,202.15,202.15,202.15,75,23925,202.22,200.15,200.85
11817,2021-03-05 11:56:00,202.15,202.15,202.15,202.15,75,23925,202.22,200.15,200.85
11818,2021-03-05 11:57:00,202.15,202.15,202.15,202.15,75,23925,202.22,200.15,200.85
11819,2021-03-05 11:58:00,200.25,200.25,199.85,199.85,150,23925,202.21,200.2,201.05
11820,2021-03-05 11:59:00,200.25,200.25,199.85,199.85,150,23925,202.21,200.2,201.05
11821,2021-03-05 12:00:00,200.25,200.25,199.85,199.85,150,23925,202.21,200.2,201.05
11822,2021-03-05 12:01:00,200.25,200.25,199.85,199.85,150,23925,202.21,200.2,201.05
11823,2021-03-05 12:02:00,204.95,204.95,204.35,204.35,150,24000,202.22,202.25,202.95
11824,2021-03-05 12:03:00,199.0,199.0,197.4,197.4,225,24000,202.19,196.75,197.45
11825,2021-03-05 12:04:00,197.1,197.1,197.1,197.1,600,24000,202.1,200.1,200.8
11826,2021-03-05 12:05:00,200.1,203.45,200.1,203.45,450,24000,202.08,204.1,204.75
11827,2021-03-05 12:06:00,200.1,203.45,200.1,203.45,450,24000,202.08,204.1,204.75
11828,2021-03-05 12:07:00,200.1,203.45,200.1,203.45,450,24000,202.08,204.1,204.75
11829,2021-03-05 12:08:00,200.1,203.45,200.1,203.45,450,24000,202.08,204.1,204.75
11830,2021-03-05 12:09:00,200.1,203.45,200.1,203.45,450,24000,202.08,204.1,204.75
11831,2021-03-05 12:10:00,200.1,203.45,200.1,203.45,450,24000,202.08,204.1,204.75
11832,2021-03-05 12:11:00,199.95,199.95,199.95,199.95,75,24750,202.07,203.45,204.25
11833,2021-03-05 12:12:00,204.3,204.3,204.3,204.3,75,24750,202.08,204.05,204.75
11834,2021-03-05 12:13:00,204.3,204.3,204.3,204.3,75,24750,202.08,204.05,204.75
11835,2021-03-05 12:14:00,200.4,200.4,198.35,198.35,150,24750,202.07,198.8,199.55
11836,2021-03-05 12:15:00,196.95,196.95,196.95,196.95,75,24825,202.05,194.7,196.75
11837,2021-03-05 12:16:00,196.1,196.9,196.1,196.3,675,24825,201.94,199.55,200.3
11838,2021-03-05 12:17:00,198.05,198.05,198.05,198.05,225,24825,201.92,198.5,198.9
11839,2021-03-05 12:18:00,198.45,198.45,197.45,197.45,300,25500,201.88,197.05,197.95
11840,2021-03-05 12:19:00,196.45,196.45,196.45,196.45,150,25500,201.86,197.0,197.7
11841,2021-03-05 12:20:00,196.45,196.45,196.45,196.45,150,25500,201.86,197.0,197.7
11842,2021-03-05 12:21:00,196.85,196.85,196.85,196.85,75,25725,201.85,196.75,197.65
11843,2021-03-05 12:22:00,198.35,198.35,198.35,198.35,75,25725,201.84,197.8,198.55
11844,2021-03-05 12:23:00,198.35,198.35,198.35,198.35,75,25725,201.84,197.8,198.55
11845,2021-03-05 12:24:00,198.35,198.35,198.35,198.35,75,25725,201.84,197.8,198.55
11846,2021-03-05 12:25:00,198.4,198.4,198.4,198.4,75,25800,201.83,198.05,198.85
11847,2021-03-05 12:26:00,198.4,198.4,198.4,198.4,75,25800,201.83,198.05,198.85
11848,2021-03-05 12:27:00,195.35,195.35,195.35,195.35,75,25800,201.82,194.45,195.2
11849,2021-03-05 12:28:00,193.85,193.85,192.45,192.6,225,25800,201.76,190.85,191.75
11850,2021-03-05 12:29:00,192.65,192.65,192.65,192.65,75,25800,201.74,191.45,192.35
11851,2021-03-05 12:30:00,190.15,190.15,190.15,190.15,75,25875,201.72,187.95,188.7
11852,2021-03-05 12:31:00,183.95,184.25,183.95,184.25,225,25875,201.61,183.05,183.9
11853,2021-03-05 12:32:00,183.85,183.85,183.85,183.85,75,25875,201.57,183.15,183.9
11854,2021-03-05 12:33:00,183.1,183.1,183.1,183.1,75,26025,201.53,184.45,185.15
11855,2021-03-05 12:34:00,185.4,185.4,185.4,185.4,75,26025,201.5,186.6,187.45
11856,2021-03-05 12:35:00,190.3,191.1,190.3,191.1,150,26025,201.45,191.25,192.1
11857,2021-03-05 12:36:00,190.3,191.1,190.3,191.1,150,26025,201.45,191.25,192.1
11858,2021-03-05 12:37:00,194.95,194.95,194.95,194.95,75,26325,201.44,194.15,194.95
11859,2021-03-05 12:38:00,194.95,194.95,194.95,194.95,75,26325,201.44,194.15,194.95
11860,2021-03-05 12:39:00,194.95,194.95,194.95,194.95,75,26325,201.44,194.15,194.95
11861,2021-03-05 12:40:00,194.95,194.95,194.95,194.95,75,26325,201.44,194.15,194.95
11862,2021-03-05 12:41:00,192.7,192.7,192.7,192.7,150,26250,201.4,193.55,194.4
11863,2021-03-05 12:42:00,192.7,192.7,192.7,192.7,150,26250,201.4,193.55,194.4
11864,2021-03-05 12:43:00,192.7,192.7,192.7,192.7,150,26250,201.4,193.55,194.4
11865,2021-03-05 12:44:00,192.7,192.7,192.7,192.7,150,26250,201.4,193.55,194.4
11866,2021-03-05 12:45:00,192.7,192.7,192.7,192.7,150,26250,201.4,193.55,194.4
11867,2021-03-05 12:46:00,192.7,192.7,192.7,192.7,150,26250,201.4,193.55,194.4
11868,2021-03-05 12:47:00,192.7,192.7,192.7,192.7,150,26250,201.4,193.55,194.4
11869,2021-03-05 12:48:00,192.7,192.7,192.7,192.7,150,26250,201.4,193.55,194.4
11870,2021-03-05 12:49:00,192.7,192.7,192.7,192.7,150,26250,201.4,193.55,194.4
11871,2021-03-05 12:50:00,192.7,192.7,192.7,192.7,150,26250,201.4,193.55,194.4
11872,2021-03-05 12:51:00,192.7,192.7,192.7,192.7,150,26250,201.4,193.55,194.4
11873,2021-03-05 12:52:00,193.05,193.05,193.05,193.05,75,26175,201.38,191.6,192.45
11874,2021-03-05 12:53:00,192.85,192.85,192.85,192.85,75,26175,201.36,191.95,192.85
11875,2021-03-05 12:54:00,193.1,193.1,193.1,193.1,75,26250,201.35,191.95,192.8
11876,2021-03-05 12:55:00,189.75,189.75,189.75,189.75,75,26250,201.32,189.7,190.5
11877,2021-03-05 12:56:00,189.75,189.75,189.75,189.75,75,26250,201.32,189.7,190.5
11878,2021-03-05 12:57:00,189.75,189.75,189.75,189.75,75,26250,201.32,189.7,190.5
11879,2021-03-05 12:58:00,191.15,191.15,191.15,191.15,150,26325,201.28,191.5,192.2
11880,2021-03-05 12:59:00,191.75,191.75,189.9,191.45,375,26325,201.17,193.15,193.8
11881,2021-03-05 13:00:00,194.55,196.05,194.55,195.5,300,26775,201.12,193.75,194.7
11882,2021-03-05 13:01:00,194.55,196.05,194.55,195.5,300,26775,201.12,193.75,194.7
11883,2021-03-05 13:02:00,194.55,196.05,194.55,195.5,300,26775,201.12,193.75,194.7
11884,2021-03-05 13:03:00,194.55,196.05,194.55,195.5,300,26775,201.12,193.75,194.7
11885,2021-03-05 13:04:00,194.55,196.05,194.55,195.5,300,26775,201.12,193.75,194.7
11886,2021-03-05 13:05:00,194.55,196.05,194.55,195.5,300,26775,201.12,193.75,194.7
11887,2021-03-05 13:06:00,198.9,198.9,198.7,198.7,375,26850,201.1,195.7,196.5
11888,2021-03-05 13:07:00,194.9,194.9,194.9,194.9,75,26850,201.09,192.95,193.75
11889,2021-03-05 13:08:00,191.1,191.1,191.1,191.1,300,26850,201.01,190.5,191.4
11890,2021-03-05 13:09:00,191.1,191.1,191.1,191.1,300,26850,201.01,190.5,191.4
11891,2021-03-05 13:10:00,191.1,191.1,191.1,191.1,300,26850,201.01,190.5,191.4
11892,2021-03-05 13:11:00,191.1,191.1,191.1,191.1,300,26850,201.01,190.5,191.4
11893,2021-03-05 13:12:00,191.1,191.1,191.1,191.1,300,26850,201.01,190.5,191.4
11894,2021-03-05 13:13:00,196.2,196.9,196.2,196.9,300,27150,200.97,196.5,197.2
11895,2021-03-05 13:14:00,196.2,196.9,196.2,196.9,300,27150,200.97,196.5,197.2
11896,2021-03-05 13:15:00,196.2,196.9,196.2,196.9,300,27150,200.97,196.5,197.2
11897,2021-03-05 13:16:00,198.5,198.5,198.5,198.5,225,27225,200.96,196.3,197.0
11898,2021-03-05 13:17:00,198.5,198.5,198.5,198.5,225,27225,200.96,196.3,197.0
11899,2021-03-05 13:18:00,198.5,198.5,198.5,198.5,225,27225,200.96,196.3,197.0
11900,2021-03-05 13:19:00,198.5,198.5,198.5,198.5,225,27225,200.96,196.3,197.0
11901,2021-03-05 13:20:00,198.5,198.5,198.5,198.5,225,27225,200.96,196.3,197.0
11902,2021-03-05 13:21:00,198.5,198.5,198.5,198.5,225,27225,200.96,196.3,197.0
11903,2021-03-05 13:22:00,198.5,198.5,198.5,198.5,225,27225,200.96,196.3,197.0
11904,2021-03-05 13:23:00,195.8,195.8,195.8,195.8,75,27225,200.95,191.7,192.95
11905,2021-03-05 13:24:00,192.1,192.1,190.45,191.45,450,27150,200.84,190.4,191.15
11906,2021-03-05 13:25:00,192.1,192.1,190.45,191.45,450,27150,200.84,190.4,191.15
11907,2021-03-05 13:26:00,191.2,191.2,190.65,190.65,150,27150,200.8,190.95,191.75
11908,2021-03-05 13:27:00,191.2,191.2,190.65,190.65,150,27150,200.8,190.95,191.75
11909,2021-03-05 13:28:00,191.2,191.2,190.65,190.65,150,27150,200.8,190.95,191.75
11910,2021-03-05 13:29:00,194.85,194.85,194.85,194.85,75,27300,200.79,190.95,191.7
11911,2021-03-05 13:30:00,194.85,194.85,194.85,194.85,75,27300,200.79,190.95,191.7
11912,2021-03-05 13:31:00,195.65,195.65,195.65,195.65,75,27300,200.78,193.75,194.4
11913,2021-03-05 13:32:00,195.65,195.65,195.65,195.65,75,27300,200.78,193.75,194.4
11914,2021-03-05 13:33:00,195.65,195.65,195.65,195.65,75,27300,200.78,193.75,194.4
11915,2021-03-05 13:34:00,195.65,195.65,195.65,195.65,75,27300,200.78,193.75,194.4
11916,2021-03-05 13:35:00,195.65,195.65,195.65,195.65,75,27300,200.78,193.75,194.4
11917,2021-03-05 13:36:00,198.05,198.05,198.05,198.05,75,27300,200.77,196.85,197.75
11918,2021-03-05 13:37:00,198.05,198.05,198.05,198.05,75,27300,200.77,196.85,197.75
11919,2021-03-05 13:38:00,204.6,207.15,204.6,207.15,225,27300,200.8,207.4,208.25
11920,2021-03-05 13:39:00,207.2,208.2,207.2,208.2,150,27525,200.83,207.75,209.7
11921,2021-03-05 13:40:00,209.05,213.5,209.05,213.5,150,27525,200.87,210.4,211.35
11922,2021-03-05 13:41:00,210.8,210.8,210.8,210.8,75,27525,200.88,210.95,211.9
11923,2021-03-05 13:42:00,210.8,210.8,210.8,210.8,75,27525,200.88,210.95,211.9
11924,2021-03-05 13:43:00,210.0,210.0,206.95,206.95,300,27525,200.94,203.95,205.35
11925,2021-03-05 13:44:00,207.65,207.65,207.65,207.65,75,27525,200.96,211.55,212.55
11926,2021-03-05 13:45:00,215.0,215.0,210.65,210.65,450,27525,201.09,209.65,210.7
11927,2021-03-05 13:46:00,209.2,209.2,205.6,206.5,600,27525,201.18,206.45,207.3
11928,2021-03-05 13:47:00,205.4,205.4,205.1,205.1,150,27525,201.19,203.8,204.7
11929,2021-03-05 13:48:00,203.4,204.2,203.4,204.2,900,27600,201.26,204.05,204.9
11930,2021-03-05 13:49:00,203.4,204.2,203.4,204.2,900,27600,201.26,204.05,204.9
11931,2021-03-05 13:50:00,208.8,208.8,208.8,208.8,75,27600,201.27,209.2,210.25
11932,2021-03-05 13:51:00,208.8,208.8,208.8,208.8,75,27600,201.27,209.2,210.25
11933,2021-03-05 13:52:00,208.8,208.8,208.8,208.8,75,27600,201.27,209.2,210.25
11934,2021-03-05 13:53:00,220.35,228.65,220.35,222.95,300,28125,201.43,224.55,226.25
11935,2021-03-05 13:54:00,228.15,228.95,228.15,228.15,150,28125,201.52,228.95,229.75
11936,2021-03-05 13:55:00,230.0,237.9,230.0,235.0,1500,28125,202.62,233.0,233.95
11937,2021-03-05 13:56:00,228.9,228.9,227.6,228.65,375,28125,202.83,225.95,226.75
11938,2021-03-05 13:57:00,230.95,230.95,226.9,226.9,375,28425,203.05,226.0,226.95
11939,2021-03-05 13:58:00,222.45,222.45,222.45,222.45,75,28425,203.08,221.2,222.05
11940,2021-03-05 13:59:00,219.8,220.25,218.4,220.25,3075,28425,204.13,219.4,220.35
11941,2021-03-05 14:00:00,218.85,226.5,218.85,225.7,300,28425,204.25,223.8,224.8
11942,2021-03-05 14:01:00,224.9,224.9,224.7,224.7,150,30150,204.32,221.25,222.25
11943,2021-03-05 14:02:00,225.1,225.1,225.1,225.1,150,30150,204.38,225.35,226.15
11944,2021-03-05 14:03:00,231.0,231.0,231.0,231.0,75,30225,204.42,230.35,231.35
11945,2021-03-05 14:04:00,231.0,231.0,231.0,231.0,75,30225,204.42,230.35,231.35
11946,2021-03-05 14:05:00,238.5,238.9,238.5,238.5,600,30225,204.83,238.8,239.9
11947,2021-03-05 14:06:00,239.75,240.35,238.7,238.7,225,30375,204.99,237.75,239.05
11948,2021-03-05 14:07:00,237.0,237.0,233.8,233.8,375,30375,205.23,232.5,233.55
11949,2021-03-05 14:08:00,230.1,230.1,230.1,230.1,825,30375,205.63,231.65,232.45
11950,2021-03-05 14:09:00,227.0,227.0,227.0,227.0,300,31050,205.75,233.35,234.25
11951,2021-03-05 14:10:00,240.35,243.6,240.35,243.6,300,31050,205.97,237.95,239.1
11952,2021-03-05 14:11:00,239.2,243.7,239.2,240.85,975,31050,206.64,239.7,240.55
11953,2021-03-05 14:12:00,236.55,238.2,236.55,238.2,150,30750,206.73,239.75,241.1
11954,2021-03-05 14:13:00,240.8,240.8,239.95,239.95,150,30750,206.82,236.05,236.9
11955,2021-03-05 14:14:00,233.05,233.05,230.9,230.9,150,30750,206.9,231.0,232.65
11956,2021-03-05 14:15:00,238.8,239.55,238.8,239.55,150,30900,206.99,237.5,238.6
11957,2021-03-05 14:16:00,239.95,240.55,239.95,240.55,1050,30900,207.63,237.2,238.6
11958,2021-03-05 14:17:00,234.5,234.5,234.5,234.5,75,30900,207.67,232.05,233.2
11959,2021-03-05 14:18:00,232.7,234.3,225.85,225.85,1125,31050,208.16,227.0,228.2
11960,2021-03-05 14:19:00,227.25,227.35,226.1,226.95,1875,31050,208.77,225.9,226.85
11961,2021-03-05 14:20:00,224.1,224.5,224.1,224.3,225,31050,208.83,222.6,223.6
11962,2021-03-05 14:21:00,221.35,221.35,218.35,218.35,600,33675,208.95,218.55,219.6
11963,2021-03-05 14:22:00,222.3,222.3,222.3,222.3,150,33675,208.99,226.45,227.45
11964,2021-03-05 14:23:00,224.1,231.75,223.95,230.8,375,33675,209.1,229.5,230.6
11965,2021-03-05 14:24:00,224.1,231.75,223.95,230.8,375,33675,209.1,229.5,230.6
11966,2021-03-05 14:25:00,234.4,234.4,234.4,234.4,75,33600,209.14,228.4,229.4
11967,2021-03-05 14:26:00,226.95,226.95,226.95,226.95,750,33600,209.36,226.8,227.7
11968,2021-03-05 14:27:00,226.95,226.95,226.95,226.95,750,33600,209.36,226.8,227.7
11969,2021-03-05 14:28:00,221.75,221.75,221.75,221.75,75,33525,209.38,223.6,224.6
11970,2021-03-05 14:29:00,221.75,221.75,221.75,221.75,75,33525,209.38,223.6,224.6
11971,2021-03-05 14:30:00,228.45,228.45,224.9,224.9,225,33600,209.44,224.25,225.4
11972,2021-03-05 14:31:00,224.5,224.5,224.5,224.5,75,33600,209.46,221.6,222.65
11973,2021-03-05 14:32:00,224.5,224.5,224.5,224.5,75,33600,209.46,221.6,222.65
11974,2021-03-05 14:33:00,220.25,220.25,220.25,220.25,150,33600,209.49,217.75,218.7
11975,2021-03-05 14:34:00,215.8,215.8,215.8,215.8,75,33450,209.5,216.85,218.1
11976,2021-03-05 14:35:00,219.2,219.2,219.2,219.2,75,33450,209.51,216.25,217.15
11977,2021-03-05 14:36:00,217.1,217.1,217.1,217.1,75,0,209.52,219.0,220.0
11978,2021-03-05 14:37:00,217.1,217.1,217.1,217.1,75,0,209.52,219.0,220.0
11979,2021-03-05 14:38:00,217.1,217.1,217.1,217.1,75,0,209.52,219.0,220.0
11980,2021-03-05 14:39:00,217.95,217.95,217.95,217.95,75,34575,209.53,221.5,222.55
11981,2021-03-05 14:40:00,223.0,226.45,223.0,226.45,150,34275,209.57,225.35,225.95
11982,2021-03-05 14:41:00,223.0,226.45,223.0,226.45,150,34275,209.57,225.35,225.95
11983,2021-03-05 14:42:00,223.0,226.45,223.0,226.45,150,34275,209.57,225.35,225.95
11984,2021-03-05 14:43:00,223.0,226.45,223.0,226.45,150,34275,209.57,225.35,225.95
11985,2021-03-05 14:44:00,223.0,226.45,223.0,226.45,150,34275,209.57,225.35,225.95
11986,2021-03-05 14:45:00,222.45,226.85,222.45,226.85,300,33150,209.64,227.5,228.55
11987,2021-03-05 14:46:00,222.45,226.85,222.45,226.85,300,33150,209.64,227.5,228.55
11988,2021-03-05 14:47:00,222.45,226.85,222.45,226.85,300,33150,209.64,227.5,228.55
11989,2021-03-05 14:48:00,222.45,226.85,222.45,226.85,300,33150,209.64,227.5,228.55
11990,2021-03-05 14:49:00,222.45,226.85,222.45,226.85,300,33150,209.64,227.5,228.55
11991,2021-03-05 14:50:00,222.45,226.85,222.45,226.85,300,33150,209.64,227.5,228.55
11992,2021-03-05 14:51:00,222.95,222.95,218.3,218.3,150,33075,209.67,218.25,219.25
11993,2021-03-05 14:52:00,222.95,222.95,218.3,218.3,150,33075,209.67,218.25,219.25
11994,2021-03-05 14:53:00,216.85,216.85,216.85,216.85,75,33075,209.68,218.05,218.95
11995,2021-03-05 14:54:00,219.4,219.4,219.4,219.4,75,33075,209.69,219.4,220.4
11996,2021-03-05 14:55:00,223.6,223.6,223.6,223.6,75,33000,209.7,223.85,224.85
11997,2021-03-05 14:56:00,223.6,223.6,223.6,223.6,75,33000,209.7,223.85,224.85
11998,2021-03-05 14:57:00,217.85,217.85,217.85,217.85,75,33000,209.71,220.0,221.05
11999,2021-03-05 14:58:00,224.1,224.1,224.1,224.1,150,33075,209.75,222.05,223.1
12000,2021-03-05 14:59:00,224.1,224.1,224.1,224.1,150,33075,209.75,222.05,223.1
12001,2021-03-05 15:00:00,224.1,224.1,224.1,224.1,150,33075,209.75,222.05,223.1
12002,2021-03-05 15:01:00,229.8,229.8,229.8,229.8,225,33150,209.82,227.5,228.55
12003,2021-03-05 15:02:00,226.3,226.3,226.3,226.3,75,33150,209.84,220.5,221.5
12004,2021-03-05 15:03:00,222.5,222.5,222.5,222.5,75,33150,209.86,221.1,222.15
12005,2021-03-05 15:04:00,217.0,217.0,217.0,217.0,75,33300,209.87,216.25,217.35
12006,2021-03-05 15:05:00,217.0,217.0,217.0,217.0,75,33300,209.87,216.25,217.35
12007,2021-03-05 15:06:00,211.05,211.05,205.55,206.4,1500,33750,209.84,207.75,208.75
12008,2021-03-05 15:07:00,211.05,211.05,205.55,206.4,1500,33750,209.84,207.75,208.75
12009,2021-03-05 15:08:00,209.15,209.15,209.15,209.15,150,33750,209.84,210.8,212.1
12010,2021-03-05 15:09:00,211.75,211.75,196.35,196.35,2475,33600,209.54,196.8,197.75
12011,2021-03-05 15:10:00,198.4,200.65,198.4,199.0,975,33600,209.39,200.25,201.1
12012,2021-03-05 15:11:00,200.15,201.0,198.8,201.0,525,33600,209.31,203.95,204.8
12013,2021-03-05 15:12:00,206.4,207.6,202.85,202.85,1950,36675,209.18,202.2,203.2
12014,2021-03-05 15:13:00,202.6,204.15,202.1,203.45,1425,36675,209.06,203.45,203.5
12015,2021-03-05 15:14:00,203.45,203.45,198.35,198.35,1800,36675,208.84,198.0,198.75
12016,2021-03-05 15:15:00,199.35,203.05,198.6,203.05,675,41475,208.77,202.75,203.45
12017,2021-03-05 15:16:00,202.75,204.35,202.75,204.35,600,41475,208.72,204.15,205.0
12018,2021-03-05 15:17:00,204.2,206.25,203.15,206.25,1200,41475,208.65,205.4,206.15
12019,2021-03-05 15:18:00,205.4,205.4,201.65,201.65,1275,43800,208.56,201.0,201.85
12020,2021-03-05 15:19:00,200.65,201.25,200.65,201.25,225,43800,208.54,201.85,202.5
12021,2021-03-05 15:20:00,202.2,202.6,199.8,199.8,3300,43800,208.25,199.8,200.9
12022,2021-03-05 15:21:00,198.05,198.05,198.05,198.05,75,43800,208.24,199.45,200.25
12023,2021-03-05 15:22:00,200.0,200.0,197.9,198.25,1200,46500,208.1,198.5,199.35
12024,2021-03-05 15:23:00,199.3,200.1,199.3,200.1,375,46500,208.06,199.15,200.1
12025,2021-03-05 15:24:00,198.85,199.9,198.85,199.65,450,45300,208.01,197.65,198.55
12026,2021-03-05 15:25:00,198.5,198.5,198.15,198.4,900,45300,207.91,197.2,198.3
12027,2021-03-05 15:26:00,198.45,199.0,197.7,197.7,2700,45300,207.6,196.75,197.7
12028,2021-03-05 15:27:00,197.15,197.15,196.1,196.1,450,45300,207.54,195.7,196.8
12029,2021-03-05 15:28:00,194.45,194.45,194.45,194.45,75,48150,207.53,194.3,195.45
12030,2021-03-05 15:29:00,194.45,194.45,194.45,194.45,75,48150,207.53,194.3,195.45
12031,2021-03-05 15:30:00,195.05,195.05,195.05,195.05,75,48150,207.52,167.3,196.4
12032,2021-03-06 09:15:00,195.05,195.05,195.05,195.05,75,48150,207.52,167.3,196.4
12033,2021-03-06 09:16:00,195.05,195.05,195.05,195.05,75,48150,207.52,167.3,196.4
12034,2021-03-06 09:17:00,195.05,195.05,195.05,195.05,75,48150,207.52,167.3,196.4
12035,2021-03-06 09:18:00,195.05,195.05,195.05,195.05,75,48150,207.52,167.3,196.4
12036,2021-03-06 09:19:00,195.05,195.05,195.05,195.05,75,48150,207.52,167.3,196.4
12037,2021-03-06 09:20:00,195.05,195.05,195.05,195.05,75,48150,207.52,167.3,196.4
12038,2021-03-06 09:21:00,195.05,195.05,195.05,195.05,75,48150,207.52,167.3,196.4
12039,2021-03-06 09:22:00,195.05,195.05,195.05,195.05,75,48150,207.52,167.3,196.4
12040,2021-03-06 09:23:00,195.05,195.05,195.05,195.05,75,48150,207.52,167.3,196.4
12041,2021-03-06 09:24:00,195.05,195.05,195.05,195.05,75,48150,207.52,167.3,196.4
12042,2021-03-06 09:25:00,195.05,195.05,195.05,195.05,75,48150,207.52,167.3,196.4
12043,2021-03-06 09:26:00,195.05,195.05,195.05,195.05,75,48150,207.52,167.3,196.4
12044,2021-03-06 09:27:00,195.05,195.05,195.05,195.05,75,48150,207.52,167.3,196.4
12045,2021-03-06 09:28:00,195.05,195.05,195.05,195.05,75,48150,207.52,167.3,196.4
12046,2021-03-06 09:29:00,195.05,195.05,195.05,195.05,75,48150,207.52,167.3,196.4
12047,2021-03-06 09:30:00,195.05,195.05,195.05,195.05,75,48150,207.52,167.3,196.4
12048,2021-03-06 09:31:00,195.05,195.05,195.05,195.05,75,48150,207.52,167.3,196.4
12049,2021-03-06 09:32:00,195.05,195.05,195.05,195.05,75,48150,207.52,167.3,196.4
12050,2021-03-06 09:33:00,195.05,195.05,195.05,195.05,75,48150,207.52,167.3,196.4
12051,2021-03-06 09:34:00,195.05,195.05,195.05,195.05,75,48150,207.52,167.3,196.4
12052,2021-03-06 09:35:00,195.05,195.05,195.05,195.05,75,48150,207.52,167.3,196.4
12053,2021-03-06 09:36:00,195.05,195.05,195.05,195.05,75,48150,207.52,167.3,196.4
12054,2021-03-06 09:37:00,195.05,195.05,195.05,195.05,75,48150,207.52,167.3,196.4
12055,2021-03-06 09:38:00,195.05,195.05,195.05,195.05,75,48150,207.52,167.3,196.4
12056,2021-03-06 09:39:00,195.05,195.05,195.05,195.05,75,48150,207.52,167.3,196.4
12057,2021-03-06 09:40:00,195.05,195.05,195.05,195.05,75,48150,207.52,167.3,196.4
12058,2021-03-06 09:41:00,195.05,195.05,195.05,195.05,75,48150,207.52,167.3,196.4
12059,2021-03-06 09:42:00,195.05,195.05,195.05,195.05,75,48150,207.52,167.3,196.4
12060,2021-03-06 09:43:00,195.05,195.05,195.05,195.05,75,48150,207.52,167.3,196.4
12061,2021-03-06 09:44:00,195.05,195.05,195.05,195.05,75,48150,207.52,167.3,196.4
12062,2021-03-06 09:45:00,195.05,195.05,195.05,195.05,75,48150,207.52,167.3,196.4
12063,2021-03-06 09:46:00,195.05,195.05,195.05,195.05,75,48150,207.52,167.3,196.4
12064,2021-03-06 09:47:00,195.05,195.05,195.05,195.05,75,48150,207.52,167.3,196.4
12065,2021-03-06 09:48:00,195.05,195.05,195.05,195.05,75,48150,207.52,167.3,196.4
12066,2021-03-06 09:49:00,195.05,195.05,195.05,195.05,75,48150,207.52,167.3,196.4
12067,2021-03-06 09:50:00,195.05,195.05,195.05,195.05,75,48150,207.52,167.3,196.4
12068,2021-03-06 09:51:00,195.05,195.05,195.05,195.05,75,48150,207.52,167.3,196.4
12069,2021-03-06 09:52:00,195.05,195.05,195.05,195.05,75,48150,207.52,167.3,196.4
12070,2021-03-06 09:53:00,195.05,195.05,195.05,195.05,75,48150,207.52,167.3,196.4
12071,2021-03-06 09:54:00,195.05,195.05,195.05,195.05,75,48150,207.52,167.3,196.4
12072,2021-03-06 09:55:00,195.05,195.05,195.05,195.05,75,48150,207.52,167.3,196.4
12073,2021-03-06 09:56:00,195.05,195.05,195.05,195.05,75,48150,207.52,167.3,196.4
12074,2021-03-06 09:57:00,195.05,195.05,195.05,195.05,75,48150,207.52,167.3,196.4
12075,2021-03-06 09:58:00,195.05,195.05,195.05,195.05,75,48150,207.52,167.3,196.4
12076,2021-03-06 09:59:00,195.05,195.05,195.05,195.05,75,48150,207.52,167.3,196.4
12077,2021-03-06 10:00:00,195.05,195.05,195.05,195.05,75,48150,207.52,167.3,196.4
12078,2021-03-06 10:01:00,195.05,195.05,195.05,195.05,75,48150,207.52,167.3,196.4
12079,2021-03-06 10:02:00,195.05,195.05,195.05,195.05,75,48150,207.52,167.3,196.4
12080,2021-03-06 10:03:00,195.05,195.05,195.05,195.05,75,48150,207.52,167.3,196.4
12081,2021-03-06 10:04:00,195.05,195.05,195.05,195.05,75,48150,207.52,167.3,196.4
12082,2021-03-06 10:05:00,195.05,195.05,195.05,195.05,75,48150,207.52,167.3,196.4
12083,2021-03-06 10:06:00,195.05,195.05,195.05,195.05,75,48150,207.52,167.3,196.4
12084,2021-03-06 10:07:00,195.05,195.05,195.05,195.05,75,48150,207.52,167.3,196.4
12085,2021-03-06 10:08:00,195.05,195.05,195.05,195.05,75,48150,207.52,167.3,196.4
12086,2021-03-06 10:09:00,195.05,195.05,195.05,195.05,75,48150,207.52,167.3,196.4
12087,2021-03-06 10:10:00,195.05,195.05,195.05,195.05,75,48150,207.52,167.3,196.4
12088,2021-03-06 10:11:00,195.05,195.05,195.05,195.05,75,48150,207.52,167.3,196.4
12089,2021-03-06 10:12:00,195.05,195.05,195.05,195.05,75,48150,207.52,167.3,196.4
12090,2021-03-06 10:13:00,195.05,195.05,195.05,195.05,75,48150,207.52,167.3,196.4
12091,2021-03-06 10:14:00,195.05,195.05,195.05,195.05,75,48150,207.52,167.3,196.4
12092,2021-03-06 10:15:00,195.05,195.05,195.05,195.05,75,48150,207.52,167.3,196.4
12093,2021-03-06 10:16:00,195.05,195.05,195.05,195.05,75,48150,207.52,167.3,196.4
12094,2021-03-06 10:17:00,195.05,195.05,195.05,195.05,75,48150,207.52,167.3,196.4
12095,2021-03-06 10:18:00,195.05,195.05,195.05,195.05,75,48150,207.52,167.3,196.4
12096,2021-03-06 10:19:00,195.05,195.05,195.05,195.05,75,48150,207.52,167.3,196.4
12097,2021-03-06 10:20:00,195.05,195.05,195.05,195.05,75,48150,207.52,167.3,196.4
12098,2021-03-06 10:21:00,195.05,195.05,195.05,195.05,75,48150,207.52,167.3,196.4
12099,2021-03-06 10:22:00,195.05,195.05,195.05,195.05,75,48150,207.52,167.3,196.4
12100,2021-03-06 10:23:00,195.05,195.05,195.05,195.05,75,48150,207.52,167.3,196.4
12101,2021-03-06 10:24:00,195.05,195.05,195.05,195.05,75,48150,207.52,167.3,196.4
12102,2021-03-06 10:25:00,195.05,195.05,195.05,195.05,75,48150,207.52,167.3,196.4
12103,2021-03-06 10:26:00,195.05,195.05,195.05,195.05,75,48150,207.52,167.3,196.4
12104,2021-03-06 10:27:00,195.05,195.05,195.05,195.05,75,48150,207.52,167.3,196.4
12105,2021-03-06 10:28:00,195.05,195.05,195.05,195.05,75,48150,207.52,167.3,196.4
12106,2021-03-06 10:29:00,195.05,195.05,195.05,195.05,75,48150,207.52,167.3,196.4
12107,2021-03-06 10:30:00,195.05,195.05,195.05,195.05,75,48150,207.52,167.3,196.4
12108,2021-03-06 10:31:00,195.05,195.05,195.05,195.05,75,48150,207.52,167.3,196.4
12109,2021-03-06 10:32:00,195.05,195.05,195.05,195.05,75,48150,207.52,167.3,196.4
12110,2021-03-06 10:33:00,195.05,195.05,195.05,195.05,75,48150,207.52,167.3,196.4
12111,2021-03-06 10:34:00,195.05,195.05,195.05,195.05,75,48150,207.52,167.3,196.4
12112,2021-03-06 10:35:00,195.05,195.05,195.05,195.05,75,48150,207.52,167.3,196.4
12113,2021-03-06 10:36:00,195.05,195.05,195.05,195.05,75,48150,207.52,167.3,196.4
12114,2021-03-06 10:37:00,195.05,195.05,195.05,195.05,75,48150,207.52,167.3,196.4
12115,2021-03-06 10:38:00,195.05,195.05,195.05,195.05,75,48150,207.52,167.3,196.4
12116,2021-03-06 10:39:00,195.05,195.05,195.05,195.05,75,48150,207.52,167.3,196.4
12117,2021-03-06 10:40:00,195.05,195.05,195.05,195.05,75,48150,207.52,167.3,196.4
12118,2021-03-06 10:41:00,195.05,195.05,195.05,195.05,75,48150,207.52,167.3,196.4
12119,2021-03-06 10:42:00,195.05,195.05,195.05,195.05,75,48150,207.52,167.3,196.4
12120,2021-03-06 10:43:00,195.05,195.05,195.05,195.05,75,48150,207.52,167.3,196.4
12121,2021-03-06 10:44:00,195.05,195.05,195.05,195.05,75,48150,207.52,167.3,196.4
12122,2021-03-06 10:45:00,195.05,195.05,195.05,195.05,75,48150,207.52,167.3,196.4
12123,2021-03-06 10:46:00,195.05,195.05,195.05,195.05,75,48150,207.52,167.3,196.4
12124,2021-03-06 10:47:00,195.05,195.05,195.05,195.05,75,48150,207.52,167.3,196.4
12125,2021-03-06 10:48:00,195.05,195.05,195.05,195.05,75,48150,207.52,167.3,196.4
12126,2021-03-06 10:49:00,195.05,195.05,195.05,195.05,75,48150,207.52,167.3,196.4
12127,2021-03-06 10:50:00,195.05,195.05,195.05,195.05,75,48150,207.52,167.3,196.4
12128,2021-03-06 10:51:00,195.05,195.05,195.05,195.05,75,48150,207.52,167.3,196.4
12129,2021-03-06 10:52:00,195.05,195.05,195.05,195.05,75,48150,207.52,167.3,196.4
12130,2021-03-06 10:53:00,195.05,195.05,195.05,195.05,75,48150,207.52,167.3,196.4
12131,2021-03-06 10:54:00,195.05,195.05,195.05,195.05,75,48150,207.52,167.3,196.4
12132,2021-03-06 10:55:00,195.05,195.05,195.05,195.05,75,48150,207.52,167.3,196.4
12133,2021-03-06 10:56:00,195.05,195.05,195.05,195.05,75,48150,207.52,167.3,196.4
12134,2021-03-06 10:57:00,195.05,195.05,195.05,195.05,75,48150,207.52,167.3,196.4
12135,2021-03-06 10:58:00,195.05,195.05,195.05,195.05,75,48150,207.52,167.3,196.4
12136,2021-03-06 10:59:00,195.05,195.05,195.05,195.05,75,48150,207.52,167.3,196.4
12137,2021-03-06 11:00:00,195.05,195.05,195.05,195.05,75,48150,207.52,167.3,196.4
12138,2021-03-06 11:01:00,195.05,195.05,195.05,195.05,75,48150,207.52,167.3,196.4
12139,2021-03-06 11:02:00,195.05,195.05,195.05,195.05,75,48150,207.52,167.3,196.4
12140,2021-03-06 11:03:00,195.05,195.05,195.05,195.05,75,48150,207.52,167.3,196.4
12141,2021-03-06 11:04:00,195.05,195.05,195.05,195.05,75,48150,207.52,167.3,196.4
12142,2021-03-06 11:05:00,195.05,195.05,195.05,195.05,75,48150,207.52,167.3,196.4
12143,2021-03-06 11:06:00,195.05,195.05,195.05,195.05,75,48150,207.52,167.3,196.4
12144,2021-03-06 11:07:00,195.05,195.05,195.05,195.05,75,48150,207.52,167.3,196.4
12145,2021-03-06 11:08:00,195.05,195.05,195.05,195.05,75,48150,207.52,167.3,196.4
12146,2021-03-06 11:09:00,195.05,195.05,195.05,195.05,75,48150,207.52,167.3,196.4
12147,2021-03-06 11:10:00,195.05,195.05,195.05,195.05,75,48150,207.52,167.3,196.4
12148,2021-03-06 11:11:00,195.05,195.05,195.05,195.05,75,48150,207.52,167.3,196.4
12149,2021-03-06 11:12:00,195.05,195.05,195.05,195.05,75,48150,207.52,167.3,196.4
12150,2021-03-06 11:13:00,195.05,195.05,195.05,195.05,75,48150,207.52,167.3,196.4
12151,2021-03-06 11:14:00,195.05,195.05,195.05,195.05,75,48150,207.52,167.3,196.4
12152,2021-03-06 11:15:00,195.05,195.05,195.05,195.05,75,48150,207.52,167.3,196.4
12153,2021-03-06 11:16:00,195.05,195.05,195.05,195.05,75,48150,207.52,167.3,196.4
12154,2021-03-06 11:17:00,195.05,195.05,195.05,195.05,75,48150,207.52,167.3,196.4
12155,2021-03-06 11:18:00,195.05,195.05,195.05,195.05,75,48150,207.52,167.3,196.4
12156,2021-03-06 11:19:00,195.05,195.05,195.05,195.05,75,48150,207.52,167.3,196.4
12157,2021-03-06 11:20:00,195.05,195.05,195.05,195.05,75,48150,207.52,167.3,196.4
12158,2021-03-06 11:21:00,195.05,195.05,195.05,195.05,75,48150,207.52,167.3,196.4
12159,2021-03-06 11:22:00,195.05,195.05,195.05,195.05,75,48150,207.52,167.3,196.4
12160,2021-03-06 11:23:00,195.05,195.05,195.05,195.05,75,48150,207.52,167.3,196.4
12161,2021-03-06 11:24:00,195.05,195.05,195.05,195.05,75,48150,207.52,167.3,196.4
12162,2021-03-06 11:25:00,195.05,195.05,195.05,195.05,75,48150,207.52,167.3,196.4
12163,2021-03-06 11:26:00,195.05,195.05,195.05,195.05,75,48150,207.52,167.3,196.4
12164,2021-03-06 11:27:00,195.05,195.05,195.05,195.05,75,48150,207.52,167.3,196.4
12165,2021-03-06 11:28:00,195.05,195.05,195.05,195.05,75,48150,207.52,167.3,196.4
12166,2021-03-06 11:29:00,195.05,195.05,195.05,195.05,75,48150,207.52,167.3,196.4
12167,2021-03-06 11:30:00,195.05,195.05,195.05,195.05,75,48150,207.52,167.3,196.4
12168,2021-03-06 11:31:00,195.05,195.05,195.05,195.05,75,48150,207.52,167.3,196.4
12169,2021-03-06 11:32:00,195.05,195.05,195.05,195.05,75,48150,207.52,167.3,196.4
12170,2021-03-06 11:33:00,195.05,195.05,195.05,195.05,75,48150,207.52,167.3,196.4
12171,2021-03-06 11:34:00,195.05,195.05,195.05,195.05,75,48150,207.52,167.3,196.4
12172,2021-03-06 11:35:00,195.05,195.05,195.05,195.05,75,48150,207.52,167.3,196.4
12173,2021-03-06 11:36:00,195.05,195.05,195.05,195.05,75,48150,207.52,167.3,196.4
12174,2021-03-06 11:37:00,195.05,195.05,195.05,195.05,75,48150,207.52,167.3,196.4
12175,2021-03-06 11:38:00,195.05,195.05,195.05,195.05,75,48150,207.52,167.3,196.4
12176,2021-03-06 11:39:00,195.05,195.05,195.05,195.05,75,48150,207.52,167.3,196.4
12177,2021-03-06 11:40:00,195.05,195.05,195.05,195.05,75,48150,207.52,167.3,196.4
12178,2021-03-06 11:41:00,195.05,195.05,195.05,195.05,75,48150,207.52,167.3,196.4
12179,2021-03-06 11:42:00,195.05,195.05,195.05,195.05,75,48150,207.52,167.3,196.4
12180,2021-03-06 11:43:00,195.05,195.05,195.05,195.05,75,48150,207.52,167.3,196.4
12181,2021-03-06 11:44:00,195.05,195.05,195.05,195.05,75,48150,207.52,167.3,196.4
12182,2021-03-06 11:45:00,195.05,195.05,195.05,195.05,75,48150,207.52,167.3,196.4
12183,2021-03-06 11:46:00,195.05,195.05,195.05,195.05,75,48150,207.52,167.3,196.4
12184,2021-03-06 11:47:00,195.05,195.05,195.05,195.05,75,48150,207.52,167.3,196.4
12185,2021-03-06 11:48:00,195.05,195.05,195.05,195.05,75,48150,207.52,167.3,196.4
12186,2021-03-06 11:49:00,195.05,195.05,195.05,195.05,75,48150,207.52,167.3,196.4
12187,2021-03-06 11:50:00,195.05,195.05,195.05,195.05,75,48150,207.52,167.3,196.4
12188,2021-03-06 11:51:00,195.05,195.05,195.05,195.05,75,48150,207.52,167.3,196.4
12189,2021-03-06 11:52:00,195.05,195.05,195.05,195.05,75,48150,207.52,167.3,196.4
12190,2021-03-06 11:53:00,195.05,195.05,195.05,195.05,75,48150,207.52,167.3,196.4
12191,2021-03-06 11:54:00,195.05,195.05,195.05,195.05,75,48150,207.52,167.3,196.4
12192,2021-03-06 11:55:00,195.05,195.05,195.05,195.05,75,48150,207.52,167.3,196.4
12193,2021-03-06 11:56:00,195.05,195.05,195.05,195.05,75,48150,207.52,167.3,196.4
12194,2021-03-06 11:57:00,195.05,195.05,195.05,195.05,75,48150,207.52,167.3,196.4
12195,2021-03-06 11:58:00,195.05,195.05,195.05,195.05,75,48150,207.52,167.3,196.4
12196,2021-03-06 11:59:00,195.05,195.05,195.05,195.05,75,48150,207.52,167.3,196.4
12197,2021-03-06 12:00:00,195.05,195.05,195.05,195.05,75,48150,207.52,167.3,196.4
12198,2021-03-06 12:01:00,195.05,195.05,195.05,195.05,75,48150,207.52,167.3,196.4
12199,2021-03-06 12:02:00,195.05,195.05,195.05,195.05,75,48150,207.52,167.3,196.4
12200,2021-03-06 12:03:00,195.05,195.05,195.05,195.05,75,48150,207.52,167.3,196.4
12201,2021-03-06 12:04:00,195.05,195.05,195.05,195.05,75,48150,207.52,167.3,196.4
12202,2021-03-06 12:05:00,195.05,195.05,195.05,195.05,75,48150,207.52,167.3,196.4
12203,2021-03-06 12:06:00,195.05,195.05,195.05,195.05,75,48150,207.52,167.3,196.4
12204,2021-03-06 12:07:00,195.05,195.05,195.05,195.05,75,48150,207.52,167.3,196.4
12205,2021-03-06 12:08:00,195.05,195.05,195.05,195.05,75,48150,207.52,167.3,196.4
12206,2021-03-06 12:09:00,195.05,195.05,195.05,195.05,75,48150,207.52,167.3,196.4
12207,2021-03-06 12:10:00,195.05,195.05,195.05,195.05,75,48150,207.52,167.3,196.4
12208,2021-03-06 12:11:00,195.05,195.05,195.05,195.05,75,48150,207.52,167.3,196.4
12209,2021-03-06 12:12:00,195.05,195.05,195.05,195.05,75,48150,207.52,167.3,196.4
12210,2021-03-06 12:13:00,195.05,195.05,195.05,195.05,75,48150,207.52,167.3,196.4
12211,2021-03-06 12:14:00,195.05,195.05,195.05,195.05,75,48150,207.52,167.3,196.4
12212,2021-03-06 12:15:00,195.05,195.05,195.05,195.05,75,48150,207.52,167.3,196.4
12213,2021-03-06 12:16:00,195.05,195.05,195.05,195.05,75,48150,207.52,167.3,196.4
12214,2021-03-06 12:17:00,195.05,195.05,195.05,195.05,75,48150,207.52,167.3,196.4
12215,2021-03-06 12:18:00,195.05,195.05,195.05,195.05,75,48150,207.52,167.3,196.4
12216,2021-03-06 12:19:00,195.05,195.05,195.05,195.05,75,48150,207.52,167.3,196.4
12217,2021-03-06 12:20:00,195.05,195.05,195.05,195.05,75,48150,207.52,167.3,196.4
12218,2021-03-06 12:21:00,195.05,195.05,195.05,195.05,75,48150,207.52,167.3,196.4
12219,2021-03-06 12:22:00,195.05,195.05,195.05,195.05,75,48150,207.52,167.3,196.4
12220,2021-03-06 12:23:00,195.05,195.05,195.05,195.05,75,48150,207.52,167.3,196.4
12221,2021-03-06 12:24:00,195.05,195.05,195.05,195.05,75,48150,207.52,167.3,196.4
12222,2021-03-06 12:25:00,195.05,195.05,195.05,195.05,75,48150,207.52,167.3,196.4
12223,2021-03-06 12:26:00,195.05,195.05,195.05,195.05,75,48150,207.52,167.3,196.4
12224,2021-03-06 12:27:00,195.05,195.05,195.05,195.05,75,48150,207.52,167.3,196.4
12225,2021-03-06 12:28:00,195.05,195.05,195.05,195.05,75,48150,207.52,167.3,196.4
12226,2021-03-06 12:29:00,195.05,195.05,195.05,195.05,75,48150,207.52,167.3,196.4
12227,2021-03-06 12:30:00,195.05,195.05,195.05,195.05,75,48150,207.52,167.3,196.4
12228,2021-03-06 12:31:00,195.05,195.05,195.05,195.05,75,48150,207.52,167.3,196.4
12229,2021-03-06 12:32:00,195.05,195.05,195.05,195.05,75,48150,207.52,167.3,196.4
12230,2021-03-06 12:33:00,195.05,195.05,195.05,195.05,75,48150,207.52,167.3,196.4
12231,2021-03-06 12:34:00,195.05,195.05,195.05,195.05,75,48150,207.52,167.3,196.4
12232,2021-03-06 12:35:00,195.05,195.05,195.05,195.05,75,48150,207.52,167.3,196.4
12233,2021-03-06 12:36:00,195.05,195.05,195.05,195.05,75,48150,207.52,167.3,196.4
12234,2021-03-06 12:37:00,195.05,195.05,195.05,195.05,75,48150,207.52,167.3,196.4
12235,2021-03-06 12:38:00,195.05,195.05,195.05,195.05,75,48150,207.52,167.3,196.4
12236,2021-03-06 12:39:00,195.05,195.05,195.05,195.05,75,48150,207.52,167.3,196.4
12237,2021-03-06 12:40:00,195.05,195.05,195.05,195.05,75,48150,207.52,167.3,196.4
12238,2021-03-06 12:41:00,195.05,195.05,195.05,195.05,75,48150,207.52,167.3,196.4
12239,2021-03-06 12:42:00,195.05,195.05,195.05,195.05,75,48150,207.52,167.3,196.4
12240,2021-03-06 12:43:00,195.05,195.05,195.05,195.05,75,48150,207.52,167.3,196.4
12241,2021-03-06 12:44:00,195.05,195.05,195.05,195.05,75,48150,207.52,167.3,196.4
12242,2021-03-06 12:45:00,195.05,195.05,195.05,195.05,75,48150,207.52,167.3,196.4
12243,2021-03-06 12:46:00,195.05,195.05,195.05,195.05,75,48150,207.52,167.3,196.4
12244,2021-03-06 12:47:00,195.05,195.05,195.05,195.05,75,48150,207.52,167.3,196.4
12245,2021-03-06 12:48:00,195.05,195.05,195.05,195.05,75,48150,207.52,167.3,196.4
12246,2021-03-06 12:49:00,195.05,195.05,195.05,195.05,75,48150,207.52,167.3,196.4
12247,2021-03-06 12:50:00,195.05,195.05,195.05,195.05,75,48150,207.52,167.3,196.4
12248,2021-03-06 12:51:00,195.05,195.05,195.05,195.05,75,48150,207.52,167.3,196.4
12249,2021-03-06 12:52:00,195.05,195.05,195.05,195.05,75,48150,207.52,167.3,196.4
12250,2021-03-06 12:53:00,195.05,195.05,195.05,195.05,75,48150,207.52,167.3,196.4
12251,2021-03-06 12:54:00,195.05,195.05,195.05,195.05,75,48150,207.52,167.3,196.4
12252,2021-03-06 12:55:00,195.05,195.05,195.05,195.05,75,48150,207.52,167.3,196.4
12253,2021-03-06 12:56:00,195.05,195.05,195.05,195.05,75,48150,207.52,167.3,196.4
12254,2021-03-06 12:57:00,195.05,195.05,195.05,195.05,75,48150,207.52,167.3,196.4
12255,2021-03-06 12:58:00,195.05,195.05,195.05,195.05,75,48150,207.52,167.3,196.4
12256,2021-03-06 12:59:00,195.05,195.05,195.05,195.05,75,48150,207.52,167.3,196.4
12257,2021-03-06 13:00:00,195.05,195.05,195.05,195.05,75,48150,207.52,167.3,196.4
12258,2021-03-06 13:01:00,195.05,195.05,195.05,195.05,75,48150,207.52,167.3,196.4
12259,2021-03-06 13:02:00,195.05,195.05,195.05,195.05,75,48150,207.52,167.3,196.4
12260,2021-03-06 13:03:00,195.05,195.05,195.05,195.05,75,48150,207.52,167.3,196.4
12261,2021-03-06 13:04:00,195.05,195.05,195.05,195.05,75,48150,207.52,167.3,196.4
12262,2021-03-06 13:05:00,195.05,195.05,195.05,195.05,75,48150,207.52,167.3,196.4
12263,2021-03-06 13:06:00,195.05,195.05,195.05,195.05,75,48150,207.52,167.3,196.4
12264,2021-03-06 13:07:00,195.05,195.05,195.05,195.05,75,48150,207.52,167.3,196.4
12265,2021-03-06 13:08:00,195.05,195.05,195.05,195.05,75,48150,207.52,167.3,196.4
12266,2021-03-06 13:09:00,195.05,195.05,195.05,195.05,75,48150,207.52,167.3,196.4
12267,2021-03-06 13:10:00,195.05,195.05,195.05,195.05,75,48150,207.52,167.3,196.4
12268,2021-03-06 13:11:00,195.05,195.05,195.05,195.05,75,48150,207.52,167.3,196.4
12269,2021-03-06 13:12:00,195.05,195.05,195.05,195.05,75,48150,207.52,167.3,196.4
12270,2021-03-06 13:13:00,195.05,195.05,195.05,195.05,75,48150,207.52,167.3,196.4
12271,2021-03-06 13:14:00,195.05,195.05,195.05,195.05,75,48150,207.52,167.3,196.4
12272,2021-03-06 13:15:00,195.05,195.05,195.05,195.05,75,48150,207.52,167.3,196.4
12273,2021-03-06 13:16:00,195.05,195.05,195.05,195.05,75,48150,207.52,167.3,196.4
12274,2021-03-06 13:17:00,195.05,195.05,195.05,195.05,75,48150,207.52,167.3,196.4
12275,2021-03-06 13:18:00,195.05,195.05,195.05,195.05,75,48150,207.52,167.3,196.4
12276,2021-03-06 13:19:00,195.05,195.05,195.05,195.05,75,48150,207.52,167.3,196.4
12277,2021-03-06 13:20:00,195.05,195.05,195.05,195.05,75,48150,207.52,167.3,196.4
12278,2021-03-06 13:21:00,195.05,195.05,195.05,195.05,75,48150,207.52,167.3,196.4
12279,2021-03-06 13:22:00,195.05,195.05,195.05,195.05,75,48150,207.52,167.3,196.4
12280,2021-03-06 13:23:00,195.05,195.05,195.05,195.05,75,48150,207.52,167.3,196.4
12281,2021-03-06 13:24:00,195.05,195.05,195.05,195.05,75,48150,207.52,167.3,196.4
12282,2021-03-06 13:25:00,195.05,195.05,195.05,195.05,75,48150,207.52,167.3,196.4
12283,2021-03-06 13:26:00,195.05,195.05,195.05,195.05,75,48150,207.52,167.3,196.4
12284,2021-03-06 13:27:00,195.05,195.05,195.05,195.05,75,48150,207.52,167.3,196.4
12285,2021-03-06 13:28:00,195.05,195.05,195.05,195.05,75,48150,207.52,167.3,196.4
12286,2021-03-06 13:29:00,195.05,195.05,195.05,195.05,75,48150,207.52,167.3,196.4
12287,2021-03-06 13:30:00,195.05,195.05,195.05,195.05,75,48150,207.52,167.3,196.4
12288,2021-03-06 13:31:00,195.05,195.05,195.05,195.05,75,48150,207.52,167.3,196.4
12289,2021-03-06 13:32:00,195.05,195.05,195.05,195.05,75,48150,207.52,167.3,196.4
12290,2021-03-06 13:33:00,195.05,195.05,195.05,195.05,75,48150,207.52,167.3,196.4
12291,2021-03-06 13:34:00,195.05,195.05,195.05,195.05,75,48150,207.52,167.3,196.4
12292,2021-03-06 13:35:00,195.05,195.05,195.05,195.05,75,48150,207.52,167.3,196.4
12293,2021-03-06 13:36:00,195.05,195.05,195.05,195.05,75,48150,207.52,167.3,196.4
12294,2021-03-06 13:37:00,195.05,195.05,195.05,195.05,75,48150,207.52,167.3,196.4
12295,2021-03-06 13:38:00,195.05,195.05,195.05,195.05,75,48150,207.52,167.3,196.4
12296,2021-03-06 13:39:00,195.05,195.05,195.05,195.05,75,48150,207.52,167.3,196.4
12297,2021-03-06 13:40:00,195.05,195.05,195.05,195.05,75,48150,207.52,167.3,196.4
12298,2021-03-06 13:41:00,195.05,195.05,195.05,195.05,75,48150,207.52,167.3,196.4
12299,2021-03-06 13:42:00,195.05,195.05,195.05,195.05,75,48150,207.52,167.3,196.4
12300,2021-03-06 13:43:00,195.05,195.05,195.05,195.05,75,48150,207.52,167.3,196.4
12301,2021-03-06 13:44:00,195.05,195.05,195.05,195.05,75,48150,207.52,167.3,196.4
12302,2021-03-06 13:45:00,195.05,195.05,195.05,195.05,75,48150,207.52,167.3,196.4
12303,2021-03-06 13:46:00,195.05,195.05,195.05,195.05,75,48150,207.52,167.3,196.4
12304,2021-03-06 13:47:00,195.05,195.05,195.05,195.05,75,48150,207.52,167.3,196.4
12305,2021-03-06 13:48:00,195.05,195.05,195.05,195.05,75,48150,207.52,167.3,196.4
12306,2021-03-06 13:49:00,195.05,195.05,195.05,195.05,75,48150,207.52,167.3,196.4
12307,2021-03-06 13:50:00,195.05,195.05,195.05,195.05,75,48150,207.52,167.3,196.4
12308,2021-03-06 13:51:00,195.05,195.05,195.05,195.05,75,48150,207.52,167.3,196.4
12309,2021-03-06 13:52:00,195.05,195.05,195.05,195.05,75,48150,207.52,167.3,196.4
12310,2021-03-06 13:53:00,195.05,195.05,195.05,195.05,75,48150,207.52,167.3,196.4
12311,2021-03-06 13:54:00,195.05,195.05,195.05,195.05,75,48150,207.52,167.3,196.4
12312,2021-03-06 13:55:00,195.05,195.05,195.05,195.05,75,48150,207.52,167.3,196.4
12313,2021-03-06 13:56:00,195.05,195.05,195.05,195.05,75,48150,207.52,167.3,196.4
12314,2021-03-06 13:57:00,195.05,195.05,195.05,195.05,75,48150,207.52,167.3,196.4
12315,2021-03-06 13:58:00,195.05,195.05,195.05,195.05,75,48150,207.52,167.3,196.4
12316,2021-03-06 13:59:00,195.05,195.05,195.05,195.05,75,48150,207.52,167.3,196.4
12317,2021-03-06 14:00:00,195.05,195.05,195.05,195.05,75,48150,207.52,167.3,196.4
12318,2021-03-06 14:01:00,195.05,195.05,195.05,195.05,75,48150,207.52,167.3,196.4
12319,2021-03-06 14:02:00,195.05,195.05,195.05,195.05,75,48150,207.52,167.3,196.4
12320,2021-03-06 14:03:00,195.05,195.05,195.05,195.05,75,48150,207.52,167.3,196.4
12321,2021-03-06 14:04:00,195.05,195.05,195.05,195.05,75,48150,207.52,167.3,196.4
12322,2021-03-06 14:05:00,195.05,195.05,195.05,195.05,75,48150,207.52,167.3,196.4
12323,2021-03-06 14:06:00,195.05,195.05,195.05,195.05,75,48150,207.52,167.3,196.4
12324,2021-03-06 14:07:00,195.05,195.05,195.05,195.05,75,48150,207.52,167.3,196.4
12325,2021-03-06 14:08:00,195.05,195.05,195.05,195.05,75,48150,207.52,167.3,196.4
12326,2021-03-06 14:09:00,195.05,195.05,195.05,195.05,75,48150,207.52,167.3,196.4
12327,2021-03-06 14:10:00,195.05,195.05,195.05,195.05,75,48150,207.52,167.3,196.4
12328,2021-03-06 14:11:00,195.05,195.05,195.05,195.05,75,48150,207.52,167.3,196.4
12329,2021-03-06 14:12:00,195.05,195.05,195.05,195.05,75,48150,207.52,167.3,196.4
12330,2021-03-06 14:13:00,195.05,195.05,195.05,195.05,75,48150,207.52,167.3,196.4
12331,2021-03-06 14:14:00,195.05,195.05,195.05,195.05,75,48150,207.52,167.3,196.4
12332,2021-03-06 14:15:00,195.05,195.05,195.05,195.05,75,48150,207.52,167.3,196.4
12333,2021-03-06 14:16:00,195.05,195.05,195.05,195.05,75,48150,207.52,167.3,196.4
12334,2021-03-06 14:17:00,195.05,195.05,195.05,195.05,75,48150,207.52,167.3,196.4
12335,2021-03-06 14:18:00,195.05,195.05,195.05,195.05,75,48150,207.52,167.3,196.4
12336,2021-03-06 14:19:00,195.05,195.05,195.05,195.05,75,48150,207.52,167.3,196.4
12337,2021-03-06 14:20:00,195.05,195.05,195.05,195.05,75,48150,207.52,167.3,196.4
12338,2021-03-06 14:21:00,195.05,195.05,195.05,195.05,75,48150,207.52,167.3,196.4
12339,2021-03-06 14:22:00,195.05,195.05,195.05,195.05,75,48150,207.52,167.3,196.4
12340,2021-03-06 14:23:00,195.05,195.05,195.05,195.05,75,48150,207.52,167.3,196.4
12341,2021-03-06 14:24:00,195.05,195.05,195.05,195.05,75,48150,207.52,167.3,196.4
12342,2021-03-06 14:25:00,195.05,195.05,195.05,195.05,75,48150,207.52,167.3,196.4
12343,2021-03-06 14:26:00,195.05,195.05,195.05,195.05,75,48150,207.52,167.3,196.4
12344,2021-03-06 14:27:00,195.05,195.05,195.05,195.05,75,48150,207.52,167.3,196.4
12345,2021-03-06 14:28:00,195.05,195.05,195.05,195.05,75,48150,207.52,167.3,196.4
12346,2021-03-06 14:29:00,195.05,195.05,195.05,195.05,75,48150,207.52,167.3,196.4
12347,2021-03-06 14:30:00,195.05,195.05,195.05,195.05,75,48150,207.52,167.3,196.4
12348,2021-03-06 14:31:00,195.05,195.05,195.05,195.05,75,48150,207.52,167.3,196.4
12349,2021-03-06 14:32:00,195.05,195.05,195.05,195.05,75,48150,207.52,167.3,196.4
12350,2021-03-06 14:33:00,195.05,195.05,195.05,195.05,75,48150,207.52,167.3,196.4
12351,2021-03-06 14:34:00,195.05,195.05,195.05,195.05,75,48150,207.52,167.3,196.4
12352,2021-03-06 14:35:00,195.05,195.05,195.05,195.05,75,48150,207.52,167.3,196.4
12353,2021-03-06 14:36:00,195.05,195.05,195.05,195.05,75,48150,207.52,167.3,196.4
12354,2021-03-06 14:37:00,195.05,195.05,195.05,195.05,75,48150,207.52,167.3,196.4
12355,2021-03-06 14:38:00,195.05,195.05,195.05,195.05,75,48150,207.52,167.3,196.4
12356,2021-03-06 14:39:00,195.05,195.05,195.05,195.05,75,48150,207.52,167.3,196.4
12357,2021-03-06 14:40:00,195.05,195.05,195.05,195.05,75,48150,207.52,167.3,196.4
12358,2021-03-06 14:41:00,195.05,195.05,195.05,195.05,75,48150,207.52,167.3,196.4
12359,2021-03-06 14:42:00,195.05,195.05,195.05,195.05,75,48150,207.52,167.3,196.4
12360,2021-03-06 14:43:00,195.05,195.05,195.05,195.05,75,48150,207.52,167.3,196.4
12361,2021-03-06 14:44:00,195.05,195.05,195.05,195.05,75,48150,207.52,167.3,196.4
12362,2021-03-06 14:45:00,195.05,195.05,195.05,195.05,75,48150,207.52,167.3,196.4
12363,2021-03-06 14:46:00,195.05,195.05,195.05,195.05,75,48150,207.52,167.3,196.4
12364,2021-03-06 14:47:00,195.05,195.05,195.05,195.05,75,48150,207.52,167.3,196.4
12365,2021-03-06 14:48:00,195.05,195.05,195.05,195.05,75,48150,207.52,167.3,196.4
12366,2021-03-06 14:49:00,195.05,195.05,195.05,195.05,75,48150,207.52,167.3,196.4
12367,2021-03-06 14:50:00,195.05,195.05,195.05,195.05,75,48150,207.52,167.3,196.4
12368,2021-03-06 14:51:00,195.05,195.05,195.05,195.05,75,48150,207.52,167.3,196.4
12369,2021-03-06 14:52:00,195.05,195.05,195.05,195.05,75,48150,207.52,167.3,196.4
12370,2021-03-06 14:53:00,195.05,195.05,195.05,195.05,75,48150,207.52,167.3,196.4
12371,2021-03-06 14:54:00,195.05,195.05,195.05,195.05,75,48150,207.52,167.3,196.4
12372,2021-03-06 14:55:00,195.05,195.05,195.05,195.05,75,48150,207.52,167.3,196.4
12373,2021-03-06 14:56:00,195.05,195.05,195.05,195.05,75,48150,207.52,167.3,196.4
12374,2021-03-06 14:57:00,195.05,195.05,195.05,195.05,75,48150,207.52,167.3,196.4
12375,2021-03-06 14:58:00,195.05,195.05,195.05,195.05,75,48150,207.52,167.3,196.4
12376,2021-03-06 14:59:00,195.05,195.05,195.05,195.05,75,48150,207.52,167.3,196.4
12377,2021-03-06 15:00:00,195.05,195.05,195.05,195.05,75,48150,207.52,167.3,196.4
12378,2021-03-06 15:01:00,195.05,195.05,195.05,195.05,75,48150,207.52,167.3,196.4
12379,2021-03-06 15:02:00,195.05,195.05,195.05,195.05,75,48150,207.52,167.3,196.4
12380,2021-03-06 15:03:00,195.05,195.05,195.05,195.05,75,48150,207.52,167.3,196.4
12381,2021-03-06 15:04:00,195.05,195.05,195.05,195.05,75,48150,207.52,167.3,196.4
12382,2021-03-06 15:05:00,195.05,195.05,195.05,195.05,75,48150,207.52,167.3,196.4
12383,2021-03-06 15:06:00,195.05,195.05,195.05,195.05,75,48150,207.52,167.3,196.4
12384,2021-03-06 15:07:00,195.05,195.05,195.05,195.05,75,48150,207.52,167.3,196.4
12385,2021-03-06 15:08:00,195.05,195.05,195.05,195.05,75,48150,207.52,167.3,196.4
12386,2021-03-06 15:09:00,195.05,195.05,195.05,195.05,75,48150,207.52,167.3,196.4
12387,2021-03-06 15:10:00,195.05,195.05,195.05,195.05,75,48150,207.52,167.3,196.4
12388,2021-03-06 15:11:00,195.05,195.05,195.05,195.05,75,48150,207.52,167.3,196.4
12389,2021-03-06 15:12:00,195.05,195.05,195.05,195.05,75,48150,207.52,167.3,196.4
12390,2021-03-06 15:13:00,195.05,195.05,195.05,195.05,75,48150,207.52,167.3,196.4
12391,2021-03-06 15:14:00,195.05,195.05,195.05,195.05,75,48150,207.52,167.3,196.4
12392,2021-03-06 15:15:00,195.05,195.05,195.05,195.05,75,48150,207.52,167.3,196.4
12393,2021-03-06 15:16:00,195.05,195.05,195.05,195.05,75,48150,207.52,167.3,196.4
12394,2021-03-06 15:17:00,195.05,195.05,195.05,195.05,75,48150,207.52,167.3,196.4
12395,2021-03-06 15:18:00,195.05,195.05,195.05,195.05,75,48150,207.52,167.3,196.4
12396,2021-03-06 15:19:00,195.05,195.05,195.05,195.05,75,48150,207.52,167.3,196.4
12397,2021-03-06 15:20:00,195.05,195.05,195.05,195.05,75,48150,207.52,167.3,196.4
12398,2021-03-06 15:21:00,195.05,195.05,195.05,195.05,75,48150,207.52,167.3,196.4
12399,2021-03-06 15:22:00,195.05,195.05,195.05,195.05,75,48150,207.52,167.3,196.4
12400,2021-03-06 15:23:00,195.05,195.05,195.05,195.05,75,48150,207.52,167.3,196.4
12401,2021-03-06 15:24:00,195.05,195.05,195.05,195.05,75,48150,207.52,167.3,196.4
12402,2021-03-06 15:25:00,195.05,195.05,195.05,195.05,75,48150,207.52,167.3,196.4
12403,2021-03-06 15:26:00,195.05,195.05,195.05,195.05,75,48150,207.52,167.3,196.4
12404,2021-03-06 15:27:00,195.05,195.05,195.05,195.05,75,48150,207.52,167.3,196.4
12405,2021-03-06 15:28:00,195.05,195.05,195.05,195.05,75,48150,207.52,167.3,196.4
12406,2021-03-06 15:29:00,195.05,195.05,195.05,195.05,75,48150,207.52,167.3,196.4
12407,2021-03-06 15:30:00,195.05,195.05,195.05,195.05,75,48150,207.52,167.3,196.4
12408,2021-03-07 09:15:00,195.05,195.05,195.05,195.05,75,48150,207.52,167.3,196.4
12409,2021-03-07 09:16:00,195.05,195.05,195.05,195.05,75,48150,207.52,167.3,196.4
12410,2021-03-07 09:17:00,195.05,195.05,195.05,195.05,75,48150,207.52,167.3,196.4
12411,2021-03-07 09:18:00,195.05,195.05,195.05,195.05,75,48150,207.52,167.3,196.4
12412,2021-03-07 09:19:00,195.05,195.05,195.05,195.05,75,48150,207.52,167.3,196.4
12413,2021-03-07 09:20:00,195.05,195.05,195.05,195.05,75,48150,207.52,167.3,196.4
12414,2021-03-07 09:21:00,195.05,195.05,195.05,195.05,75,48150,207.52,167.3,196.4
12415,2021-03-07 09:22:00,195.05,195.05,195.05,195.05,75,48150,207.52,167.3,196.4
12416,2021-03-07 09:23:00,195.05,195.05,195.05,195.05,75,48150,207.52,167.3,196.4
12417,2021-03-07 09:24:00,195.05,195.05,195.05,195.05,75,48150,207.52,167.3,196.4
12418,2021-03-07 09:25:00,195.05,195.05,195.05,195.05,75,48150,207.52,167.3,196.4
12419,2021-03-07 09:26:00,195.05,195.05,195.05,195.05,75,48150,207.52,167.3,196.4
12420,2021-03-07 09:27:00,195.05,195.05,195.05,195.05,75,48150,207.52,167.3,196.4
12421,2021-03-07 09:28:00,195.05,195.05,195.05,195.05,75,48150,207.52,167.3,196.4
12422,2021-03-07 09:29:00,195.05,195.05,195.05,195.05,75,48150,207.52,167.3,196.4
12423,2021-03-07 09:30:00,195.05,195.05,195.05,195.05,75,48150,207.52,167.3,196.4
12424,2021-03-07 09:31:00,195.05,195.05,195.05,195.05,75,48150,207.52,167.3,196.4
12425,2021-03-07 09:32:00,195.05,195.05,195.05,195.05,75,48150,207.52,167.3,196.4
12426,2021-03-07 09:33:00,195.05,195.05,195.05,195.05,75,48150,207.52,167.3,196.4
12427,2021-03-07 09:34:00,195.05,195.05,195.05,195.05,75,48150,207.52,167.3,196.4
12428,2021-03-07 09:35:00,195.05,195.05,195.05,195.05,75,48150,207.52,167.3,196.4
12429,2021-03-07 09:36:00,195.05,195.05,195.05,195.05,75,48150,207.52,167.3,196.4
12430,2021-03-07 09:37:00,195.05,195.05,195.05,195.05,75,48150,207.52,167.3,196.4
12431,2021-03-07 09:38:00,195.05,195.05,195.05,195.05,75,48150,207.52,167.3,196.4
12432,2021-03-07 09:39:00,195.05,195.05,195.05,195.05,75,48150,207.52,167.3,196.4
12433,2021-03-07 09:40:00,195.05,195.05,195.05,195.05,75,48150,207.52,167.3,196.4
12434,2021-03-07 09:41:00,195.05,195.05,195.05,195.05,75,48150,207.52,167.3,196.4
12435,2021-03-07 09:42:00,195.05,195.05,195.05,195.05,75,48150,207.52,167.3,196.4
12436,2021-03-07 09:43:00,195.05,195.05,195.05,195.05,75,48150,207.52,167.3,196.4
12437,2021-03-07 09:44:00,195.05,195.05,195.05,195.05,75,48150,207.52,167.3,196.4
12438,2021-03-07 09:45:00,195.05,195.05,195.05,195.05,75,48150,207.52,167.3,196.4
12439,2021-03-07 09:46:00,195.05,195.05,195.05,195.05,75,48150,207.52,167.3,196.4
12440,2021-03-07 09:47:00,195.05,195.05,195.05,195.05,75,48150,207.52,167.3,196.4
12441,2021-03-07 09:48:00,195.05,195.05,195.05,195.05,75,48150,207.52,167.3,196.4
12442,2021-03-07 09:49:00,195.05,195.05,195.05,195.05,75,48150,207.52,167.3,196.4
12443,2021-03-07 09:50:00,195.05,195.05,195.05,195.05,75,48150,207.52,167.3,196.4
12444,2021-03-07 09:51:00,195.05,195.05,195.05,195.05,75,48150,207.52,167.3,196.4
12445,2021-03-07 09:52:00,195.05,195.05,195.05,195.05,75,48150,207.52,167.3,196.4
12446,2021-03-07 09:53:00,195.05,195.05,195.05,195.05,75,48150,207.52,167.3,196.4
12447,2021-03-07 09:54:00,195.05,195.05,195.05,195.05,75,48150,207.52,167.3,196.4
12448,2021-03-07 09:55:00,195.05,195.05,195.05,195.05,75,48150,207.52,167.3,196.4
12449,2021-03-07 09:56:00,195.05,195.05,195.05,195.05,75,48150,207.52,167.3,196.4
12450,2021-03-07 09:57:00,195.05,195.05,195.05,195.05,75,48150,207.52,167.3,196.4
12451,2021-03-07 09:58:00,195.05,195.05,195.05,195.05,75,48150,207.52,167.3,196.4
12452,2021-03-07 09:59:00,195.05,195.05,195.05,195.05,75,48150,207.52,167.3,196.4
12453,2021-03-07 10:00:00,195.05,195.05,195.05,195.05,75,48150,207.52,167.3,196.4
12454,2021-03-07 10:01:00,195.05,195.05,195.05,195.05,75,48150,207.52,167.3,196.4
12455,2021-03-07 10:02:00,195.05,195.05,195.05,195.05,75,48150,207.52,167.3,196.4
12456,2021-03-07 10:03:00,195.05,195.05,195.05,195.05,75,48150,207.52,167.3,196.4
12457,2021-03-07 10:04:00,195.05,195.05,195.05,195.05,75,48150,207.52,167.3,196.4
12458,2021-03-07 10:05:00,195.05,195.05,195.05,195.05,75,48150,207.52,167.3,196.4
12459,2021-03-07 10:06:00,195.05,195.05,195.05,195.05,75,48150,207.52,167.3,196.4
12460,2021-03-07 10:07:00,195.05,195.05,195.05,195.05,75,48150,207.52,167.3,196.4
12461,2021-03-07 10:08:00,195.05,195.05,195.05,195.05,75,48150,207.52,167.3,196.4
12462,2021-03-07 10:09:00,195.05,195.05,195.05,195.05,75,48150,207.52,167.3,196.4
12463,2021-03-07 10:10:00,195.05,195.05,195.05,195.05,75,48150,207.52,167.3,196.4
12464,2021-03-07 10:11:00,195.05,195.05,195.05,195.05,75,48150,207.52,167.3,196.4
12465,2021-03-07 10:12:00,195.05,195.05,195.05,195.05,75,48150,207.52,167.3,196.4
12466,2021-03-07 10:13:00,195.05,195.05,195.05,195.05,75,48150,207.52,167.3,196.4
12467,2021-03-07 10:14:00,195.05,195.05,195.05,195.05,75,48150,207.52,167.3,196.4
12468,2021-03-07 10:15:00,195.05,195.05,195.05,195.05,75,48150,207.52,167.3,196.4
12469,2021-03-07 10:16:00,195.05,195.05,195.05,195.05,75,48150,207.52,167.3,196.4
12470,2021-03-07 10:17:00,195.05,195.05,195.05,195.05,75,48150,207.52,167.3,196.4
12471,2021-03-07 10:18:00,195.05,195.05,195.05,195.05,75,48150,207.52,167.3,196.4
12472,2021-03-07 10:19:00,195.05,195.05,195.05,195.05,75,48150,207.52,167.3,196.4
12473,2021-03-07 10:20:00,195.05,195.05,195.05,195.05,75,48150,207.52,167.3,196.4
12474,2021-03-07 10:21:00,195.05,195.05,195.05,195.05,75,48150,207.52,167.3,196.4
12475,2021-03-07 10:22:00,195.05,195.05,195.05,195.05,75,48150,207.52,167.3,196.4
12476,2021-03-07 10:23:00,195.05,195.05,195.05,195.05,75,48150,207.52,167.3,196.4
12477,2021-03-07 10:24:00,195.05,195.05,195.05,195.05,75,48150,207.52,167.3,196.4
12478,2021-03-07 10:25:00,195.05,195.05,195.05,195.05,75,48150,207.52,167.3,196.4
12479,2021-03-07 10:26:00,195.05,195.05,195.05,195.05,75,48150,207.52,167.3,196.4
12480,2021-03-07 10:27:00,195.05,195.05,195.05,195.05,75,48150,207.52,167.3,196.4
12481,2021-03-07 10:28:00,195.05,195.05,195.05,195.05,75,48150,207.52,167.3,196.4
12482,2021-03-07 10:29:00,195.05,195.05,195.05,195.05,75,48150,207.52,167.3,196.4
12483,2021-03-07 10:30:00,195.05,195.05,195.05,195.05,75,48150,207.52,167.3,196.4
12484,2021-03-07 10:31:00,195.05,195.05,195.05,195.05,75,48150,207.52,167.3,196.4
12485,2021-03-07 10:32:00,195.05,195.05,195.05,195.05,75,48150,207.52,167.3,196.4
12486,2021-03-07 10:33:00,195.05,195.05,195.05,195.05,75,48150,207.52,167.3,196.4
12487,2021-03-07 10:34:00,195.05,195.05,195.05,195.05,75,48150,207.52,167.3,196.4
12488,2021-03-07 10:35:00,195.05,195.05,195.05,195.05,75,48150,207.52,167.3,196.4
12489,2021-03-07 10:36:00,195.05,195.05,195.05,195.05,75,48150,207.52,167.3,196.4
12490,2021-03-07 10:37:00,195.05,195.05,195.05,195.05,75,48150,207.52,167.3,196.4
12491,2021-03-07 10:38:00,195.05,195.05,195.05,195.05,75,48150,207.52,167.3,196.4
12492,2021-03-07 10:39:00,195.05,195.05,195.05,195.05,75,48150,207.52,167.3,196.4
12493,2021-03-07 10:40:00,195.05,195.05,195.05,195.05,75,48150,207.52,167.3,196.4
12494,2021-03-07 10:41:00,195.05,195.05,195.05,195.05,75,48150,207.52,167.3,196.4
12495,2021-03-07 10:42:00,195.05,195.05,195.05,195.05,75,48150,207.52,167.3,196.4
12496,2021-03-07 10:43:00,195.05,195.05,195.05,195.05,75,48150,207.52,167.3,196.4
12497,2021-03-07 10:44:00,195.05,195.05,195.05,195.05,75,48150,207.52,167.3,196.4
12498,2021-03-07 10:45:00,195.05,195.05,195.05,195.05,75,48150,207.52,167.3,196.4
12499,2021-03-07 10:46:00,195.05,195.05,195.05,195.05,75,48150,207.52,167.3,196.4
12500,2021-03-07 10:47:00,195.05,195.05,195.05,195.05,75,48150,207.52,167.3,196.4
12501,2021-03-07 10:48:00,195.05,195.05,195.05,195.05,75,48150,207.52,167.3,196.4
12502,2021-03-07 10:49:00,195.05,195.05,195.05,195.05,75,48150,207.52,167.3,196.4
12503,2021-03-07 10:50:00,195.05,195.05,195.05,195.05,75,48150,207.52,167.3,196.4
12504,2021-03-07 10:51:00,195.05,195.05,195.05,195.05,75,48150,207.52,167.3,196.4
12505,2021-03-07 10:52:00,195.05,195.05,195.05,195.05,75,48150,207.52,167.3,196.4
12506,2021-03-07 10:53:00,195.05,195.05,195.05,195.05,75,48150,207.52,167.3,196.4
12507,2021-03-07 10:54:00,195.05,195.05,195.05,195.05,75,48150,207.52,167.3,196.4
12508,2021-03-07 10:55:00,195.05,195.05,195.05,195.05,75,48150,207.52,167.3,196.4
12509,2021-03-07 10:56:00,195.05,195.05,195.05,195.05,75,48150,207.52,167.3,196.4
12510,2021-03-07 10:57:00,195.05,195.05,195.05,195.05,75,48150,207.52,167.3,196.4
12511,2021-03-07 10:58:00,195.05,195.05,195.05,195.05,75,48150,207.52,167.3,196.4
12512,2021-03-07 10:59:00,195.05,195.05,195.05,195.05,75,48150,207.52,167.3,196.4
12513,2021-03-07 11:00:00,195.05,195.05,195.05,195.05,75,48150,207.52,167.3,196.4
12514,2021-03-07 11:01:00,195.05,195.05,195.05,195.05,75,48150,207.52,167.3,196.4
12515,2021-03-07 11:02:00,195.05,195.05,195.05,195.05,75,48150,207.52,167.3,196.4
12516,2021-03-07 11:03:00,195.05,195.05,195.05,195.05,75,48150,207.52,167.3,196.4
12517,2021-03-07 11:04:00,195.05,195.05,195.05,195.05,75,48150,207.52,167.3,196.4
12518,2021-03-07 11:05:00,195.05,195.05,195.05,195.05,75,48150,207.52,167.3,196.4
12519,2021-03-07 11:06:00,195.05,195.05,195.05,195.05,75,48150,207.52,167.3,196.4
12520,2021-03-07 11:07:00,195.05,195.05,195.05,195.05,75,48150,207.52,167.3,196.4
12521,2021-03-07 11:08:00,195.05,195.05,195.05,195.05,75,48150,207.52,167.3,196.4
12522,2021-03-07 11:09:00,195.05,195.05,195.05,195.05,75,48150,207.52,167.3,196.4
12523,2021-03-07 11:10:00,195.05,195.05,195.05,195.05,75,48150,207.52,167.3,196.4
12524,2021-03-07 11:11:00,195.05,195.05,195.05,195.05,75,48150,207.52,167.3,196.4
12525,2021-03-07 11:12:00,195.05,195.05,195.05,195.05,75,48150,207.52,167.3,196.4
12526,2021-03-07 11:13:00,195.05,195.05,195.05,195.05,75,48150,207.52,167.3,196.4
12527,2021-03-07 11:14:00,195.05,195.05,195.05,195.05,75,48150,207.52,167.3,196.4
12528,2021-03-07 11:15:00,195.05,195.05,195.05,195.05,75,48150,207.52,167.3,196.4
12529,2021-03-07 11:16:00,195.05,195.05,195.05,195.05,75,48150,207.52,167.3,196.4
12530,2021-03-07 11:17:00,195.05,195.05,195.05,195.05,75,48150,207.52,167.3,196.4
12531,2021-03-07 11:18:00,195.05,195.05,195.05,195.05,75,48150,207.52,167.3,196.4
12532,2021-03-07 11:19:00,195.05,195.05,195.05,195.05,75,48150,207.52,167.3,196.4
12533,2021-03-07 11:20:00,195.05,195.05,195.05,195.05,75,48150,207.52,167.3,196.4
12534,2021-03-07 11:21:00,195.05,195.05,195.05,195.05,75,48150,207.52,167.3,196.4
12535,2021-03-07 11:22:00,195.05,195.05,195.05,195.05,75,48150,207.52,167.3,196.4
12536,2021-03-07 11:23:00,195.05,195.05,195.05,195.05,75,48150,207.52,167.3,196.4
12537,2021-03-07 11:24:00,195.05,195.05,195.05,195.05,75,48150,207.52,167.3,196.4
12538,2021-03-07 11:25:00,195.05,195.05,195.05,195.05,75,48150,207.52,167.3,196.4
12539,2021-03-07 11:26:00,195.05,195.05,195.05,195.05,75,48150,207.52,167.3,196.4
12540,2021-03-07 11:27:00,195.05,195.05,195.05,195.05,75,48150,207.52,167.3,196.4
12541,2021-03-07 11:28:00,195.05,195.05,195.05,195.05,75,48150,207.52,167.3,196.4
12542,2021-03-07 11:29:00,195.05,195.05,195.05,195.05,75,48150,207.52,167.3,196.4
12543,2021-03-07 11:30:00,195.05,195.05,195.05,195.05,75,48150,207.52,167.3,196.4
12544,2021-03-07 11:31:00,195.05,195.05,195.05,195.05,75,48150,207.52,167.3,196.4
12545,2021-03-07 11:32:00,195.05,195.05,195.05,195.05,75,48150,207.52,167.3,196.4
12546,2021-03-07 11:33:00,195.05,195.05,195.05,195.05,75,48150,207.52,167.3,196.4
12547,2021-03-07 11:34:00,195.05,195.05,195.05,195.05,75,48150,207.52,167.3,196.4
12548,2021-03-07 11:35:00,195.05,195.05,195.05,195.05,75,48150,207.52,167.3,196.4
12549,2021-03-07 11:36:00,195.05,195.05,195.05,195.05,75,48150,207.52,167.3,196.4
12550,2021-03-07 11:37:00,195.05,195.05,195.05,195.05,75,48150,207.52,167.3,196.4
12551,2021-03-07 11:38:00,195.05,195.05,195.05,195.05,75,48150,207.52,167.3,196.4
12552,2021-03-07 11:39:00,195.05,195.05,195.05,195.05,75,48150,207.52,167.3,196.4
12553,2021-03-07 11:40:00,195.05,195.05,195.05,195.05,75,48150,207.52,167.3,196.4
12554,2021-03-07 11:41:00,195.05,195.05,195.05,195.05,75,48150,207.52,167.3,196.4
12555,2021-03-07 11:42:00,195.05,195.05,195.05,195.05,75,48150,207.52,167.3,196.4
12556,2021-03-07 11:43:00,195.05,195.05,195.05,195.05,75,48150,207.52,167.3,196.4
12557,2021-03-07 11:44:00,195.05,195.05,195.05,195.05,75,48150,207.52,167.3,196.4
12558,2021-03-07 11:45:00,195.05,195.05,195.05,195.05,75,48150,207.52,167.3,196.4
12559,2021-03-07 11:46:00,195.05,195.05,195.05,195.05,75,48150,207.52,167.3,196.4
12560,2021-03-07 11:47:00,195.05,195.05,195.05,195.05,75,48150,207.52,167.3,196.4
12561,2021-03-07 11:48:00,195.05,195.05,195.05,195.05,75,48150,207.52,167.3,196.4
12562,2021-03-07 11:49:00,195.05,195.05,195.05,195.05,75,48150,207.52,167.3,196.4
12563,2021-03-07 11:50:00,195.05,195.05,195.05,195.05,75,48150,207.52,167.3,196.4
12564,2021-03-07 11:51:00,195.05,195.05,195.05,195.05,75,48150,207.52,167.3,196.4
12565,2021-03-07 11:52:00,195.05,195.05,195.05,195.05,75,48150,207.52,167.3,196.4
12566,2021-03-07 11:53:00,195.05,195.05,195.05,195.05,75,48150,207.52,167.3,196.4
12567,2021-03-07 11:54:00,195.05,195.05,195.05,195.05,75,48150,207.52,167.3,196.4
12568,2021-03-07 11:55:00,195.05,195.05,195.05,195.05,75,48150,207.52,167.3,196.4
12569,2021-03-07 11:56:00,195.05,195.05,195.05,195.05,75,48150,207.52,167.3,196.4
12570,2021-03-07 11:57:00,195.05,195.05,195.05,195.05,75,48150,207.52,167.3,196.4
12571,2021-03-07 11:58:00,195.05,195.05,195.05,195.05,75,48150,207.52,167.3,196.4
12572,2021-03-07 11:59:00,195.05,195.05,195.05,195.05,75,48150,207.52,167.3,196.4
12573,2021-03-07 12:00:00,195.05,195.05,195.05,195.05,75,48150,207.52,167.3,196.4
12574,2021-03-07 12:01:00,195.05,195.05,195.05,195.05,75,48150,207.52,167.3,196.4
12575,2021-03-07 12:02:00,195.05,195.05,195.05,195.05,75,48150,207.52,167.3,196.4
12576,2021-03-07 12:03:00,195.05,195.05,195.05,195.05,75,48150,207.52,167.3,196.4
12577,2021-03-07 12:04:00,195.05,195.05,195.05,195.05,75,48150,207.52,167.3,196.4
12578,2021-03-07 12:05:00,195.05,195.05,195.05,195.05,75,48150,207.52,167.3,196.4
12579,2021-03-07 12:06:00,195.05,195.05,195.05,195.05,75,48150,207.52,167.3,196.4
12580,2021-03-07 12:07:00,195.05,195.05,195.05,195.05,75,48150,207.52,167.3,196.4
12581,2021-03-07 12:08:00,195.05,195.05,195.05,195.05,75,48150,207.52,167.3,196.4
12582,2021-03-07 12:09:00,195.05,195.05,195.05,195.05,75,48150,207.52,167.3,196.4
12583,2021-03-07 12:10:00,195.05,195.05,195.05,195.05,75,48150,207.52,167.3,196.4
12584,2021-03-07 12:11:00,195.05,195.05,195.05,195.05,75,48150,207.52,167.3,196.4
12585,2021-03-07 12:12:00,195.05,195.05,195.05,195.05,75,48150,207.52,167.3,196.4
12586,2021-03-07 12:13:00,195.05,195.05,195.05,195.05,75,48150,207.52,167.3,196.4
12587,2021-03-07 12:14:00,195.05,195.05,195.05,195.05,75,48150,207.52,167.3,196.4
12588,2021-03-07 12:15:00,195.05,195.05,195.05,195.05,75,48150,207.52,167.3,196.4
12589,2021-03-07 12:16:00,195.05,195.05,195.05,195.05,75,48150,207.52,167.3,196.4
12590,2021-03-07 12:17:00,195.05,195.05,195.05,195.05,75,48150,207.52,167.3,196.4
12591,2021-03-07 12:18:00,195.05,195.05,195.05,195.05,75,48150,207.52,167.3,196.4
12592,2021-03-07 12:19:00,195.05,195.05,195.05,195.05,75,48150,207.52,167.3,196.4
12593,2021-03-07 12:20:00,195.05,195.05,195.05,195.05,75,48150,207.52,167.3,196.4
12594,2021-03-07 12:21:00,195.05,195.05,195.05,195.05,75,48150,207.52,167.3,196.4
12595,2021-03-07 12:22:00,195.05,195.05,195.05,195.05,75,48150,207.52,167.3,196.4
12596,2021-03-07 12:23:00,195.05,195.05,195.05,195.05,75,48150,207.52,167.3,196.4
12597,2021-03-07 12:24:00,195.05,195.05,195.05,195.05,75,48150,207.52,167.3,196.4
12598,2021-03-07 12:25:00,195.05,195.05,195.05,195.05,75,48150,207.52,167.3,196.4
12599,2021-03-07 12:26:00,195.05,195.05,195.05,195.05,75,48150,207.52,167.3,196.4
12600,2021-03-07 12:27:00,195.05,195.05,195.05,195.05,75,48150,207.52,167.3,196.4
12601,2021-03-07 12:28:00,195.05,195.05,195.05,195.05,75,48150,207.52,167.3,196.4
12602,2021-03-07 12:29:00,195.05,195.05,195.05,195.05,75,48150,207.52,167.3,196.4
12603,2021-03-07 12:30:00,195.05,195.05,195.05,195.05,75,48150,207.52,167.3,196.4
12604,2021-03-07 12:31:00,195.05,195.05,195.05,195.05,75,48150,207.52,167.3,196.4
12605,2021-03-07 12:32:00,195.05,195.05,195.05,195.05,75,48150,207.52,167.3,196.4
12606,2021-03-07 12:33:00,195.05,195.05,195.05,195.05,75,48150,207.52,167.3,196.4
12607,2021-03-07 12:34:00,195.05,195.05,195.05,195.05,75,48150,207.52,167.3,196.4
12608,2021-03-07 12:35:00,195.05,195.05,195.05,195.05,75,48150,207.52,167.3,196.4
12609,2021-03-07 12:36:00,195.05,195.05,195.05,195.05,75,48150,207.52,167.3,196.4
12610,2021-03-07 12:37:00,195.05,195.05,195.05,195.05,75,48150,207.52,167.3,196.4
12611,2021-03-07 12:38:00,195.05,195.05,195.05,195.05,75,48150,207.52,167.3,196.4
12612,2021-03-07 12:39:00,195.05,195.05,195.05,195.05,75,48150,207.52,167.3,196.4
12613,2021-03-07 12:40:00,195.05,195.05,195.05,195.05,75,48150,207.52,167.3,196.4
12614,2021-03-07 12:41:00,195.05,195.05,195.05,195.05,75,48150,207.52,167.3,196.4
12615,2021-03-07 12:42:00,195.05,195.05,195.05,195.05,75,48150,207.52,167.3,196.4
12616,2021-03-07 12:43:00,195.05,195.05,195.05,195.05,75,48150,207.52,167.3,196.4
12617,2021-03-07 12:44:00,195.05,195.05,195.05,195.05,75,48150,207.52,167.3,196.4
12618,2021-03-07 12:45:00,195.05,195.05,195.05,195.05,75,48150,207.52,167.3,196.4
12619,2021-03-07 12:46:00,195.05,195.05,195.05,195.05,75,48150,207.52,167.3,196.4
12620,2021-03-07 12:47:00,195.05,195.05,195.05,195.05,75,48150,207.52,167.3,196.4
12621,2021-03-07 12:48:00,195.05,195.05,195.05,195.05,75,48150,207.52,167.3,196.4
12622,2021-03-07 12:49:00,195.05,195.05,195.05,195.05,75,48150,207.52,167.3,196.4
12623,2021-03-07 12:50:00,195.05,195.05,195.05,195.05,75,48150,207.52,167.3,196.4
12624,2021-03-07 12:51:00,195.05,195.05,195.05,195.05,75,48150,207.52,167.3,196.4
12625,2021-03-07 12:52:00,195.05,195.05,195.05,195.05,75,48150,207.52,167.3,196.4
12626,2021-03-07 12:53:00,195.05,195.05,195.05,195.05,75,48150,207.52,167.3,196.4
12627,2021-03-07 12:54:00,195.05,195.05,195.05,195.05,75,48150,207.52,167.3,196.4
12628,2021-03-07 12:55:00,195.05,195.05,195.05,195.05,75,48150,207.52,167.3,196.4
12629,2021-03-07 12:56:00,195.05,195.05,195.05,195.05,75,48150,207.52,167.3,196.4
12630,2021-03-07 12:57:00,195.05,195.05,195.05,195.05,75,48150,207.52,167.3,196.4
12631,2021-03-07 12:58:00,195.05,195.05,195.05,195.05,75,48150,207.52,167.3,196.4
12632,2021-03-07 12:59:00,195.05,195.05,195.05,195.05,75,48150,207.52,167.3,196.4
12633,2021-03-07 13:00:00,195.05,195.05,195.05,195.05,75,48150,207.52,167.3,196.4
12634,2021-03-07 13:01:00,195.05,195.05,195.05,195.05,75,48150,207.52,167.3,196.4
12635,2021-03-07 13:02:00,195.05,195.05,195.05,195.05,75,48150,207.52,167.3,196.4
12636,2021-03-07 13:03:00,195.05,195.05,195.05,195.05,75,48150,207.52,167.3,196.4
12637,2021-03-07 13:04:00,195.05,195.05,195.05,195.05,75,48150,207.52,167.3,196.4
12638,2021-03-07 13:05:00,195.05,195.05,195.05,195.05,75,48150,207.52,167.3,196.4
12639,2021-03-07 13:06:00,195.05,195.05,195.05,195.05,75,48150,207.52,167.3,196.4
12640,2021-03-07 13:07:00,195.05,195.05,195.05,195.05,75,48150,207.52,167.3,196.4
12641,2021-03-07 13:08:00,195.05,195.05,195.05,195.05,75,48150,207.52,167.3,196.4
12642,2021-03-07 13:09:00,195.05,195.05,195.05,195.05,75,48150,207.52,167.3,196.4
12643,2021-03-07 13:10:00,195.05,195.05,195.05,195.05,75,48150,207.52,167.3,196.4
12644,2021-03-07 13:11:00,195.05,195.05,195.05,195.05,75,48150,207.52,167.3,196.4
12645,2021-03-07 13:12:00,195.05,195.05,195.05,195.05,75,48150,207.52,167.3,196.4
12646,2021-03-07 13:13:00,195.05,195.05,195.05,195.05,75,48150,207.52,167.3,196.4
12647,2021-03-07 13:14:00,195.05,195.05,195.05,195.05,75,48150,207.52,167.3,196.4
12648,2021-03-07 13:15:00,195.05,195.05,195.05,195.05,75,48150,207.52,167.3,196.4
12649,2021-03-07 13:16:00,195.05,195.05,195.05,195.05,75,48150,207.52,167.3,196.4
12650,2021-03-07 13:17:00,195.05,195.05,195.05,195.05,75,48150,207.52,167.3,196.4
12651,2021-03-07 13:18:00,195.05,195.05,195.05,195.05,75,48150,207.52,167.3,196.4
12652,2021-03-07 13:19:00,195.05,195.05,195.05,195.05,75,48150,207.52,167.3,196.4
12653,2021-03-07 13:20:00,195.05,195.05,195.05,195.05,75,48150,207.52,167.3,196.4
12654,2021-03-07 13:21:00,195.05,195.05,195.05,195.05,75,48150,207.52,167.3,196.4
12655,2021-03-07 13:22:00,195.05,195.05,195.05,195.05,75,48150,207.52,167.3,196.4
12656,2021-03-07 13:23:00,195.05,195.05,195.05,195.05,75,48150,207.52,167.3,196.4
12657,2021-03-07 13:24:00,195.05,195.05,195.05,195.05,75,48150,207.52,167.3,196.4
12658,2021-03-07 13:25:00,195.05,195.05,195.05,195.05,75,48150,207.52,167.3,196.4
12659,2021-03-07 13:26:00,195.05,195.05,195.05,195.05,75,48150,207.52,167.3,196.4
12660,2021-03-07 13:27:00,195.05,195.05,195.05,195.05,75,48150,207.52,167.3,196.4
12661,2021-03-07 13:28:00,195.05,195.05,195.05,195.05,75,48150,207.52,167.3,196.4
12662,2021-03-07 13:29:00,195.05,195.05,195.05,195.05,75,48150,207.52,167.3,196.4
12663,2021-03-07 13:30:00,195.05,195.05,195.05,195.05,75,48150,207.52,167.3,196.4
12664,2021-03-07 13:31:00,195.05,195.05,195.05,195.05,75,48150,207.52,167.3,196.4
12665,2021-03-07 13:32:00,195.05,195.05,195.05,195.05,75,48150,207.52,167.3,196.4
12666,2021-03-07 13:33:00,195.05,195.05,195.05,195.05,75,48150,207.52,167.3,196.4
12667,2021-03-07 13:34:00,195.05,195.05,195.05,195.05,75,48150,207.52,167.3,196.4
12668,2021-03-07 13:35:00,195.05,195.05,195.05,195.05,75,48150,207.52,167.3,196.4
12669,2021-03-07 13:36:00,195.05,195.05,195.05,195.05,75,48150,207.52,167.3,196.4
12670,2021-03-07 13:37:00,195.05,195.05,195.05,195.05,75,48150,207.52,167.3,196.4
12671,2021-03-07 13:38:00,195.05,195.05,195.05,195.05,75,48150,207.52,167.3,196.4
12672,2021-03-07 13:39:00,195.05,195.05,195.05,195.05,75,48150,207.52,167.3,196.4
12673,2021-03-07 13:40:00,195.05,195.05,195.05,195.05,75,48150,207.52,167.3,196.4
12674,2021-03-07 13:41:00,195.05,195.05,195.05,195.05,75,48150,207.52,167.3,196.4
12675,2021-03-07 13:42:00,195.05,195.05,195.05,195.05,75,48150,207.52,167.3,196.4
12676,2021-03-07 13:43:00,195.05,195.05,195.05,195.05,75,48150,207.52,167.3,196.4
12677,2021-03-07 13:44:00,195.05,195.05,195.05,195.05,75,48150,207.52,167.3,196.4
12678,2021-03-07 13:45:00,195.05,195.05,195.05,195.05,75,48150,207.52,167.3,196.4
12679,2021-03-07 13:46:00,195.05,195.05,195.05,195.05,75,48150,207.52,167.3,196.4
12680,2021-03-07 13:47:00,195.05,195.05,195.05,195.05,75,48150,207.52,167.3,196.4
12681,2021-03-07 13:48:00,195.05,195.05,195.05,195.05,75,48150,207.52,167.3,196.4
12682,2021-03-07 13:49:00,195.05,195.05,195.05,195.05,75,48150,207.52,167.3,196.4
12683,2021-03-07 13:50:00,195.05,195.05,195.05,195.05,75,48150,207.52,167.3,196.4
12684,2021-03-07 13:51:00,195.05,195.05,195.05,195.05,75,48150,207.52,167.3,196.4
12685,2021-03-07 13:52:00,195.05,195.05,195.05,195.05,75,48150,207.52,167.3,196.4
12686,2021-03-07 13:53:00,195.05,195.05,195.05,195.05,75,48150,207.52,167.3,196.4
12687,2021-03-07 13:54:00,195.05,195.05,195.05,195.05,75,48150,207.52,167.3,196.4
12688,2021-03-07 13:55:00,195.05,195.05,195.05,195.05,75,48150,207.52,167.3,196.4
12689,2021-03-07 13:56:00,195.05,195.05,195.05,195.05,75,48150,207.52,167.3,196.4
12690,2021-03-07 13:57:00,195.05,195.05,195.05,195.05,75,48150,207.52,167.3,196.4
12691,2021-03-07 13:58:00,195.05,195.05,195.05,195.05,75,48150,207.52,167.3,196.4
12692,2021-03-07 13:59:00,195.05,195.05,195.05,195.05,75,48150,207.52,167.3,196.4
12693,2021-03-07 14:00:00,195.05,195.05,195.05,195.05,75,48150,207.52,167.3,196.4
12694,2021-03-07 14:01:00,195.05,195.05,195.05,195.05,75,48150,207.52,167.3,196.4
12695,2021-03-07 14:02:00,195.05,195.05,195.05,195.05,75,48150,207.52,167.3,196.4
12696,2021-03-07 14:03:00,195.05,195.05,195.05,195.05,75,48150,207.52,167.3,196.4
12697,2021-03-07 14:04:00,195.05,195.05,195.05,195.05,75,48150,207.52,167.3,196.4
12698,2021-03-07 14:05:00,195.05,195.05,195.05,195.05,75,48150,207.52,167.3,196.4
12699,2021-03-07 14:06:00,195.05,195.05,195.05,195.05,75,48150,207.52,167.3,196.4
12700,2021-03-07 14:07:00,195.05,195.05,195.05,195.05,75,48150,207.52,167.3,196.4
12701,2021-03-07 14:08:00,195.05,195.05,195.05,195.05,75,48150,207.52,167.3,196.4
12702,2021-03-07 14:09:00,195.05,195.05,195.05,195.05,75,48150,207.52,167.3,196.4
12703,2021-03-07 14:10:00,195.05,195.05,195.05,195.05,75,48150,207.52,167.3,196.4
12704,2021-03-07 14:11:00,195.05,195.05,195.05,195.05,75,48150,207.52,167.3,196.4
12705,2021-03-07 14:12:00,195.05,195.05,195.05,195.05,75,48150,207.52,167.3,196.4
12706,2021-03-07 14:13:00,195.05,195.05,195.05,195.05,75,48150,207.52,167.3,196.4
12707,2021-03-07 14:14:00,195.05,195.05,195.05,195.05,75,48150,207.52,167.3,196.4
12708,2021-03-07 14:15:00,195.05,195.05,195.05,195.05,75,48150,207.52,167.3,196.4
12709,2021-03-07 14:16:00,195.05,195.05,195.05,195.05,75,48150,207.52,167.3,196.4
12710,2021-03-07 14:17:00,195.05,195.05,195.05,195.05,75,48150,207.52,167.3,196.4
12711,2021-03-07 14:18:00,195.05,195.05,195.05,195.05,75,48150,207.52,167.3,196.4
12712,2021-03-07 14:19:00,195.05,195.05,195.05,195.05,75,48150,207.52,167.3,196.4
12713,2021-03-07 14:20:00,195.05,195.05,195.05,195.05,75,48150,207.52,167.3,196.4
12714,2021-03-07 14:21:00,195.05,195.05,195.05,195.05,75,48150,207.52,167.3,196.4
12715,2021-03-07 14:22:00,195.05,195.05,195.05,195.05,75,48150,207.52,167.3,196.4
12716,2021-03-07 14:23:00,195.05,195.05,195.05,195.05,75,48150,207.52,167.3,196.4
12717,2021-03-07 14:24:00,195.05,195.05,195.05,195.05,75,48150,207.52,167.3,196.4
12718,2021-03-07 14:25:00,195.05,195.05,195.05,195.05,75,48150,207.52,167.3,196.4
12719,2021-03-07 14:26:00,195.05,195.05,195.05,195.05,75,48150,207.52,167.3,196.4
12720,2021-03-07 14:27:00,195.05,195.05,195.05,195.05,75,48150,207.52,167.3,196.4
12721,2021-03-07 14:28:00,195.05,195.05,195.05,195.05,75,48150,207.52,167.3,196.4
12722,2021-03-07 14:29:00,195.05,195.05,195.05,195.05,75,48150,207.52,167.3,196.4
12723,2021-03-07 14:30:00,195.05,195.05,195.05,195.05,75,48150,207.52,167.3,196.4
12724,2021-03-07 14:31:00,195.05,195.05,195.05,195.05,75,48150,207.52,167.3,196.4
12725,2021-03-07 14:32:00,195.05,195.05,195.05,195.05,75,48150,207.52,167.3,196.4
12726,2021-03-07 14:33:00,195.05,195.05,195.05,195.05,75,48150,207.52,167.3,196.4
12727,2021-03-07 14:34:00,195.05,195.05,195.05,195.05,75,48150,207.52,167.3,196.4
12728,2021-03-07 14:35:00,195.05,195.05,195.05,195.05,75,48150,207.52,167.3,196.4
12729,2021-03-07 14:36:00,195.05,195.05,195.05,195.05,75,48150,207.52,167.3,196.4
12730,2021-03-07 14:37:00,195.05,195.05,195.05,195.05,75,48150,207.52,167.3,196.4
12731,2021-03-07 14:38:00,195.05,195.05,195.05,195.05,75,48150,207.52,167.3,196.4
12732,2021-03-07 14:39:00,195.05,195.05,195.05,195.05,75,48150,207.52,167.3,196.4
12733,2021-03-07 14:40:00,195.05,195.05,195.05,195.05,75,48150,207.52,167.3,196.4
12734,2021-03-07 14:41:00,195.05,195.05,195.05,195.05,75,48150,207.52,167.3,196.4
12735,2021-03-07 14:42:00,195.05,195.05,195.05,195.05,75,48150,207.52,167.3,196.4
12736,2021-03-07 14:43:00,195.05,195.05,195.05,195.05,75,48150,207.52,167.3,196.4
12737,2021-03-07 14:44:00,195.05,195.05,195.05,195.05,75,48150,207.52,167.3,196.4
12738,2021-03-07 14:45:00,195.05,195.05,195.05,195.05,75,48150,207.52,167.3,196.4
12739,2021-03-07 14:46:00,195.05,195.05,195.05,195.05,75,48150,207.52,167.3,196.4
12740,2021-03-07 14:47:00,195.05,195.05,195.05,195.05,75,48150,207.52,167.3,196.4
12741,2021-03-07 14:48:00,195.05,195.05,195.05,195.05,75,48150,207.52,167.3,196.4
12742,2021-03-07 14:49:00,195.05,195.05,195.05,195.05,75,48150,207.52,167.3,196.4
12743,2021-03-07 14:50:00,195.05,195.05,195.05,195.05,75,48150,207.52,167.3,196.4
12744,2021-03-07 14:51:00,195.05,195.05,195.05,195.05,75,48150,207.52,167.3,196.4
12745,2021-03-07 14:52:00,195.05,195.05,195.05,195.05,75,48150,207.52,167.3,196.4
12746,2021-03-07 14:53:00,195.05,195.05,195.05,195.05,75,48150,207.52,167.3,196.4
12747,2021-03-07 14:54:00,195.05,195.05,195.05,195.05,75,48150,207.52,167.3,196.4
12748,2021-03-07 14:55:00,195.05,195.05,195.05,195.05,75,48150,207.52,167.3,196.4
12749,2021-03-07 14:56:00,195.05,195.05,195.05,195.05,75,48150,207.52,167.3,196.4
12750,2021-03-07 14:57:00,195.05,195.05,195.05,195.05,75,48150,207.52,167.3,196.4
12751,2021-03-07 14:58:00,195.05,195.05,195.05,195.05,75,48150,207.52,167.3,196.4
12752,2021-03-07 14:59:00,195.05,195.05,195.05,195.05,75,48150,207.52,167.3,196.4
12753,2021-03-07 15:00:00,195.05,195.05,195.05,195.05,75,48150,207.52,167.3,196.4
12754,2021-03-07 15:01:00,195.05,195.05,195.05,195.05,75,48150,207.52,167.3,196.4
12755,2021-03-07 15:02:00,195.05,195.05,195.05,195.05,75,48150,207.52,167.3,196.4
12756,2021-03-07 15:03:00,195.05,195.05,195.05,195.05,75,48150,207.52,167.3,196.4
12757,2021-03-07 15:04:00,195.05,195.05,195.05,195.05,75,48150,207.52,167.3,196.4
12758,2021-03-07 15:05:00,195.05,195.05,195.05,195.05,75,48150,207.52,167.3,196.4
12759,2021-03-07 15:06:00,195.05,195.05,195.05,195.05,75,48150,207.52,167.3,196.4
12760,2021-03-07 15:07:00,195.05,195.05,195.05,195.05,75,48150,207.52,167.3,196.4
12761,2021-03-07 15:08:00,195.05,195.05,195.05,195.05,75,48150,207.52,167.3,196.4
12762,2021-03-07 15:09:00,195.05,195.05,195.05,195.05,75,48150,207.52,167.3,196.4
12763,2021-03-07 15:10:00,195.05,195.05,195.05,195.05,75,48150,207.52,167.3,196.4
12764,2021-03-07 15:11:00,195.05,195.05,195.05,195.05,75,48150,207.52,167.3,196.4
12765,2021-03-07 15:12:00,195.05,195.05,195.05,195.05,75,48150,207.52,167.3,196.4
12766,2021-03-07 15:13:00,195.05,195.05,195.05,195.05,75,48150,207.52,167.3,196.4
12767,2021-03-07 15:14:00,195.05,195.05,195.05,195.05,75,48150,207.52,167.3,196.4
12768,2021-03-07 15:15:00,195.05,195.05,195.05,195.05,75,48150,207.52,167.3,196.4
12769,2021-03-07 15:16:00,195.05,195.05,195.05,195.05,75,48150,207.52,167.3,196.4
12770,2021-03-07 15:17:00,195.05,195.05,195.05,195.05,75,48150,207.52,167.3,196.4
12771,2021-03-07 15:18:00,195.05,195.05,195.05,195.05,75,48150,207.52,167.3,196.4
12772,2021-03-07 15:19:00,195.05,195.05,195.05,195.05,75,48150,207.52,167.3,196.4
12773,2021-03-07 15:20:00,195.05,195.05,195.05,195.05,75,48150,207.52,167.3,196.4
12774,2021-03-07 15:21:00,195.05,195.05,195.05,195.05,75,48150,207.52,167.3,196.4
12775,2021-03-07 15:22:00,195.05,195.05,195.05,195.05,75,48150,207.52,167.3,196.4
12776,2021-03-07 15:23:00,195.05,195.05,195.05,195.05,75,48150,207.52,167.3,196.4
12777,2021-03-07 15:24:00,195.05,195.05,195.05,195.05,75,48150,207.52,167.3,196.4
12778,2021-03-07 15:25:00,195.05,195.05,195.05,195.05,75,48150,207.52,167.3,196.4
12779,2021-03-07 15:26:00,195.05,195.05,195.05,195.05,75,48150,207.52,167.3,196.4
12780,2021-03-07 15:27:00,195.05,195.05,195.05,195.05,75,48150,207.52,167.3,196.4
12781,2021-03-07 15:28:00,195.05,195.05,195.05,195.05,75,48150,207.52,167.3,196.4
12782,2021-03-07 15:29:00,195.05,195.05,195.05,195.05,75,48150,207.52,167.3,196.4
12783,2021-03-07 15:30:00,195.05,195.05,195.05,195.05,75,48150,207.52,167.3,196.4
12784,2021-03-08 09:15:00,166.95,166.95,166.95,166.95,75,43275,166.95,159.45,187.95
12785,2021-03-08 09:16:00,187.8,187.85,187.8,187.8,300,43275,183.66,170.3,183.8
12786,2021-03-08 09:17:00,180.55,180.55,179.05,179.3,1350,43500,180.9,175.9,177.45
12787,2021-03-08 09:18:00,175.8,179.05,170.1,170.1,1350,43500,178.56,169.2,172.15
12788,2021-03-08 09:19:00,172.0,173.2,166.4,166.4,1125,43500,176.19,165.5,166.65
12789,2021-03-08 09:20:00,167.3,168.0,165.3,168.0,2850,43200,172.35,167.1,168.35
12790,2021-03-08 09:21:00,166.35,169.15,166.35,168.9,750,43200,171.96,167.85,169.2
12791,2021-03-08 09:22:00,169.05,170.0,169.05,170.0,600,43200,171.78,167.55,168.7
12792,2021-03-08 09:23:00,168.9,169.05,168.8,169.05,525,42375,171.61,167.3,168.3
12793,2021-03-08 09:24:00,167.0,168.45,164.3,166.35,1650,42375,170.73,165.9,167.05
12794,2021-03-08 09:25:00,165.1,165.7,163.9,165.7,2325,42375,169.59,165.5,166.5
12795,2021-03-08 09:26:00,166.6,168.9,166.6,168.9,375,41100,169.52,166.05,167.15
12796,2021-03-08 09:27:00,164.0,168.6,164.0,168.6,1650,41100,169.09,164.0,164.65
12797,2021-03-08 09:28:00,165.6,165.95,164.9,165.95,1350,41100,168.78,165.75,166.7
12798,2021-03-08 09:29:00,166.2,167.55,165.0,165.0,3300,41250,168.43,164.75,165.5
12799,2021-03-08 09:30:00,166.4,166.4,160.0,160.5,1050,41250,168.08,159.95,160.6
12800,2021-03-08 09:31:00,161.3,161.3,159.55,159.55,675,41250,167.84,160.35,161.0
12801,2021-03-08 09:32:00,161.15,166.0,161.15,164.9,1125,41925,167.63,164.15,164.95
12802,2021-03-08 09:33:00,163.85,165.7,163.7,163.7,900,41925,167.5,163.55,164.35
12803,2021-03-08 09:34:00,164.5,166.4,164.5,166.4,1050,41925,167.43,165.6,166.5
12804,2021-03-08 09:35:00,166.95,167.25,166.75,167.25,450,41400,167.42,166.4,167.35
12805,2021-03-08 09:36:00,167.85,167.85,163.95,163.95,450,41400,167.4,162.6,163.45
12806,2021-03-08 09:37:00,162.5,162.65,162.35,162.65,375,41400,167.33,162.75,163.6
12807,2021-03-08 09:38:00,163.95,163.95,163.95,163.95,75,38850,167.32,161.8,162.55
12808,2021-03-08 09:39:00,162.4,162.4,161.85,161.85,225,38850,167.27,161.05,161.95
12809,2021-03-08 09:40:00,163.0,165.75,163.0,164.8,450,38850,167.23,164.75,165.55
12810,2021-03-08 09:41:00,163.0,165.75,163.0,164.8,450,38850,167.23,164.75,165.55
12811,2021-03-08 09:42:00,163.0,165.75,163.0,164.8,450,38850,167.23,164.75,165.55
12812,2021-03-08 09:43:00,164.5,164.5,164.5,164.5,75,36300,167.22,163.3,164.05
12813,2021-03-08 09:44:00,164.5,164.5,164.5,164.5,75,36300,167.22,163.3,164.05
12814,2021-03-08 09:45:00,164.5,164.5,164.5,164.5,75,36300,167.22,163.3,164.05
12815,2021-03-08 09:46:00,164.5,164.5,164.5,164.5,75,36300,167.22,163.3,164.05
12816,2021-03-08 09:47:00,164.5,164.5,164.5,164.5,75,36300,167.22,163.3,164.05
12817,2021-03-08 09:48:00,163.75,163.75,163.75,163.75,3750,36075,166.72,162.25,162.9
12818,2021-03-08 09:49:00,163.75,163.75,163.75,163.75,3750,36075,166.72,162.25,162.9
12819,2021-03-08 09:50:00,160.4,160.4,155.1,155.1,3675,36075,165.58,154.05,154.8
12820,2021-03-08 09:51:00,153.15,153.15,148.0,148.0,300,40125,165.45,148.35,149.0
12821,2021-03-08 09:52:00,149.0,149.0,146.45,148.8,900,40125,165.01,148.75,149.5
12822,2021-03-08 09:53:00,149.0,149.0,146.45,148.8,900,40125,165.01,148.75,149.5
12823,2021-03-08 09:54:00,151.0,151.0,151.0,151.0,75,40350,164.98,150.55,151.35
12824,2021-03-08 09:55:00,149.75,149.75,149.75,149.75,75,40350,164.94,148.65,149.45
12825,2021-03-08 09:56:00,149.4,150.3,149.4,150.3,225,40350,164.85,149.75,150.3
12826,2021-03-08 09:57:00,149.4,150.3,149.4,150.3,225,40350,164.85,149.75,150.3
12827,2021-03-08 09:58:00,149.4,150.3,149.4,150.3,225,40350,164.85,149.75,150.3
12828,2021-03-08 09:59:00,145.1,145.1,145.0,145.1,525,39225,164.56,144.85,145.6
12829,2021-03-08 10:00:00,142.45,142.45,142.45,142.45,75,39225,164.51,143.15,143.8
12830,2021-03-08 10:01:00,144.7,145.35,143.25,143.25,375,39225,164.3,143.3,143.9
12831,2021-03-08 10:02:00,140.0,140.15,140.0,140.15,300,38400,164.1,139.4,140.15
12832,2021-03-08 10:03:00,140.0,140.15,140.0,140.15,300,38400,164.1,139.4,140.15
12833,2021-03-08 10:04:00,140.7,141.1,139.9,139.9,675,38400,163.69,139.4,140.15
12834,2021-03-08 10:05:00,138.2,140.3,138.0,140.3,225,38400,163.54,139.75,140.35
12835,2021-03-08 10:06:00,142.2,142.2,142.2,142.2,75,38250,163.49,141.7,142.45
12836,2021-03-08 10:07:00,143.0,143.0,142.0,142.0,375,38250,163.29,142.15,142.8
12837,2021-03-08 10:08:00,143.0,143.0,142.0,142.0,375,38250,163.29,142.15,142.8
12838,2021-03-08 10:09:00,144.1,144.1,144.0,144.0,150,38475,163.21,142.4,143.1
12839,2021-03-08 10:10:00,144.1,144.1,144.0,144.0,150,38475,163.21,142.4,143.1
12840,2021-03-08 10:11:00,143.85,144.3,143.75,144.3,600,38475,162.91,144.5,145.25
12841,2021-03-08 10:12:00,142.7,142.7,142.7,142.7,75,38325,162.87,142.9,143.65
12842,2021-03-08 10:13:00,144.95,144.95,144.55,144.55,375,38325,162.7,145.3,145.95
12843,2021-03-08 10:14:00,144.95,144.95,144.55,144.55,375,38325,162.7,145.3,145.95
12844,2021-03-08 10:15:00,147.6,147.6,147.6,147.6,975,38400,162.33,147.95,148.8
12845,2021-03-08 10:16:00,149.1,150.3,149.1,150.3,225,38400,162.26,147.25,148.1
12846,2021-03-08 10:17:00,149.1,150.3,149.1,150.3,225,38400,162.26,147.25,148.1
12847,2021-03-08 10:18:00,150.45,151.45,150.45,151.45,225,38100,162.2,150.7,151.45
12848,2021-03-08 10:19:00,150.45,151.45,150.45,151.45,225,38100,162.2,150.7,151.45
12849,2021-03-08 10:20:00,151.3,151.3,151.3,151.3,75,38100,162.18,146.7,147.4
12850,2021-03-08 10:21:00,151.3,151.3,151.3,151.3,75,38100,162.18,146.7,147.4
12851,2021-03-08 10:22:00,151.3,151.3,151.3,151.3,75,38100,162.18,146.7,147.4
12852,2021-03-08 10:23:00,144.75,144.75,144.25,144.25,150,38100,162.12,144.35,145.05
12853,2021-03-08 10:24:00,144.75,144.75,144.25,144.25,150,38100,162.12,144.35,145.05
12854,2021-03-08 10:25:00,144.75,144.75,144.25,144.25,150,38100,162.12,144.35,145.05
12855,2021-03-08 10:26:00,144.75,144.75,144.25,144.25,150,38100,162.12,144.35,145.05
12856,2021-03-08 10:27:00,148.25,148.25,147.9,147.9,450,37125,161.96,147.1,147.8
12857,2021-03-08 10:28:00,148.25,148.25,147.9,147.9,450,37125,161.96,147.1,147.8
12858,2021-03-08 10:29:00,148.25,148.25,147.9,147.9,450,37125,161.96,147.1,147.8
12859,2021-03-08 10:30:00,148.25,148.25,147.9,147.9,450,37125,161.96,147.1,147.8
12860,2021-03-08 10:31:00,151.3,151.3,151.3,151.3,75,37125,161.95,150.65,151.45
12861,2021-03-08 10:32:00,151.4,152.6,151.4,152.6,600,37125,161.8,149.95,150.75
12862,2021-03-08 10:33:00,151.4,152.6,151.4,152.6,600,37125,161.8,149.95,150.75
12863,2021-03-08 10:34:00,151.4,152.6,151.4,152.6,600,37125,161.8,149.95,150.75
12864,2021-03-08 10:35:00,149.3,149.3,149.3,149.3,150,37125,161.76,151.15,151.75
12865,2021-03-08 10:36:00,152.35,152.35,152.35,152.35,75,37125,161.74,149.25,149.75
12866,2021-03-08 10:37:00,152.35,152.35,152.35,152.35,75,37125,161.74,149.25,149.75
12867,2021-03-08 10:38:00,151.55,151.65,151.55,151.65,150,37200,161.7,150.95,151.75
12868,2021-03-08 10:39:00,155.05,155.05,155.05,155.05,225,37200,161.67,154.35,155.05
12869,2021-03-08 10:40:00,155.6,155.6,155.6,155.6,375,37200,161.61,155.6,156.35
12870,2021-03-08 10:41:00,158.15,158.15,158.15,158.15,75,37200,161.61,154.35,155.05
12871,2021-03-08 10:42:00,161.15,164.85,161.15,164.85,525,37275,161.61,166.15,166.8
12872,2021-03-08 10:43:00,166.35,167.2,163.25,163.8,900,37275,161.68,164.05,164.85
12873,2021-03-08 10:44:00,166.3,171.2,166.3,171.2,450,37275,161.75,171.25,171.95
12874,2021-03-08 10:45:00,176.95,177.35,174.45,177.35,525,37275,161.91,176.15,177.7
12875,2021-03-08 10:46:00,179.35,181.6,179.35,181.2,675,37275,162.19,178.35,179.25
12876,2021-03-08 10:47:00,176.65,176.65,170.6,170.6,1200,37500,162.46,171.4,172.15
12877,2021-03-08 10:48:00,170.55,170.55,170.55,170.55,75,37500,162.47,171.3,172.1
12878,2021-03-08 10:49:00,172.55,172.55,170.2,170.2,600,37500,162.58,169.75,170.5
12879,2021-03-08 10:50:00,175.0,175.0,175.0,175.0,75,37275,162.59,169.5,170.25
12880,2021-03-08 10:51:00,169.45,169.45,165.15,165.15,675,37275,162.65,164.2,164.9
12881,2021-03-08 10:52:00,169.45,169.45,165.15,165.15,675,37275,162.65,164.2,164.9
12882,2021-03-08 10:53:00,163.9,163.9,163.4,163.4,150,37275,162.65,166.5,167.45
12883,2021-03-08 10:54:00,166.95,166.95,166.95,166.95,75,36825,162.66,165.25,166.3
12884,2021-03-08 10:55:00,169.2,170.15,166.7,166.7,225,36825,162.69,165.25,166.0
12885,2021-03-08 10:56:00,165.45,165.45,164.15,164.15,150,37050,162.69,166.2,166.95
12886,2021-03-08 10:57:00,165.45,165.45,164.15,164.15,150,37050,162.69,166.2,166.95
12887,2021-03-08 10:58:00,166.9,166.9,166.9,166.9,75,37050,162.7,164.65,165.5
12888,2021-03-08 10:59:00,166.15,166.15,163.6,163.9,300,37050,162.71,166.05,166.8
12889,2021-03-08 11:00:00,166.15,166.15,163.6,163.9,300,37050,162.71,166.05,166.8
12890,2021-03-08 11:01:00,166.15,166.15,163.6,163.9,300,37050,162.71,166.05,166.8
12891,2021-03-08 11:02:00,171.5,171.5,168.95,168.95,300,37050,162.76,168.8,169.6
12892,2021-03-08 11:03:00,171.85,173.85,171.85,173.85,150,37050,162.79,173.6,174.5
12893,2021-03-08 11:04:00,171.15,171.15,168.8,171.0,2550,37050,163.08,171.35,172.2
12894,2021-03-08 11:05:00,174.1,174.1,174.1,174.1,75,37050,163.1,171.2,171.8
12895,2021-03-08 11:06:00,174.1,174.1,174.1,174.1,75,37050,163.1,171.2,171.8
12896,2021-03-08 11:07:00,174.1,174.1,174.1,174.1,75,37050,163.1,171.2,171.8
12897,2021-03-08 11:08:00,174.1,174.1,174.1,174.1,75,37050,163.1,171.2,171.8
12898,2021-03-08 11:09:00,167.15,167.15,167.15,167.15,75,38475,163.11,164.15,165.15
12899,2021-03-08 11:10:00,167.15,167.15,167.15,167.15,75,38475,163.11,164.15,165.15
12900,2021-03-08 11:11:00,160.75,160.75,160.75,160.75,150,38475,163.1,160.3,161.1
12901,2021-03-08 11:12:00,160.75,160.75,160.75,160.75,150,38475,163.1,160.3,161.1
12902,2021-03-08 11:13:00,162.7,162.7,162.7,162.7,300,38475,163.1,161.6,162.4
12903,2021-03-08 11:14:00,161.95,161.95,161.95,161.95,75,38475,163.1,161.05,161.85
12904,2021-03-08 11:15:00,161.3,161.3,161.3,161.3,150,38475,163.09,159.95,160.45
12905,2021-03-08 11:16:00,161.95,161.95,161.95,161.95,75,38475,163.09,160.55,161.45
12906,2021-03-08 11:17:00,160.4,160.4,160.4,160.4,150,38475,163.08,159.85,160.65
12907,2021-03-08 11:18:00,155.85,155.85,155.85,155.85,150,36675,163.06,154.8,155.7
12908,2021-03-08 11:19:00,155.7,155.7,154.1,154.8,375,36675,163.01,154.45,155.3
12909,2021-03-08 11:20:00,155.3,155.3,153.8,153.8,450,36675,162.93,152.9,153.6
12910,2021-03-08 11:21:00,155.3,155.3,153.8,153.8,450,36675,162.93,152.9,153.6
12911,2021-03-08 11:22:00,155.3,155.3,153.8,153.8,450,36675,162.93,152.9,153.6
12912,2021-03-08 11:23:00,159.55,159.55,159.55,159.55,75,36750,162.93,159.15,159.85
12913,2021-03-08 11:24:00,160.05,160.05,160.05,160.05,75,36825,162.93,159.65,160.55
12914,2021-03-08 11:25:00,159.95,159.95,159.95,159.95,150,36825,162.92,160.95,161.75
12915,2021-03-08 11:26:00,159.95,159.95,159.95,159.95,150,36825,162.92,160.95,161.75
12916,2021-03-08 11:27:00,159.95,159.95,159.95,159.95,150,36825,162.92,160.95,161.75
12917,2021-03-08 11:28:00,155.95,155.95,155.95,155.95,75,36750,162.91,159.95,160.8
12918,2021-03-08 11:29:00,161.25,161.25,161.25,161.25,150,36675,162.9,160.4,161.2
12919,2021-03-08 11:30:00,158.95,158.95,156.9,156.9,150,36675,162.89,157.45,158.3
12920,2021-03-08 11:31:00,158.95,158.95,156.9,156.9,150,36675,162.89,157.45,158.3
12921,2021-03-08 11:32:00,158.95,158.95,156.9,156.9,150,36675,162.89,157.45,158.3
12922,2021-03-08 11:33:00,155.95,155.95,155.95,155.95,150,36525,162.87,155.65,156.4
12923,2021-03-08 11:34:00,155.0,155.0,154.75,154.75,150,36525,162.85,154.5,155.4
12924,2021-03-08 11:35:00,152.85,152.85,152.85,152.85,75,36525,162.84,154.1,155.05
12925,2021-03-08 11:36:00,152.85,152.85,152.85,152.85,75,36525,162.84,154.1,155.05
12926,2021-03-08 11:37:00,154.15,154.15,152.4,153.15,375,36525,162.77,153.3,154.05
12927,2021-03-08 11:38:00,153.8,153.8,153.8,153.8,75,36525,162.76,153.9,154.65
12928,2021-03-08 11:39:00,153.8,153.8,153.8,153.8,75,36150,162.75,155.5,156.1
12929,2021-03-08 11:40:00,153.8,153.8,153.8,153.8,75,36150,162.75,155.5,156.1
12930,2021-03-08 11:41:00,153.8,153.8,153.8,153.8,75,36150,162.75,155.5,156.1
12931,2021-03-08 11:42:00,158.0,159.15,158.0,159.15,150,36225,162.74,157.15,158.15
12932,2021-03-08 11:43:00,158.65,158.65,158.65,158.65,75,36225,162.73,158.4,159.15
12933,2021-03-08 11:44:00,158.65,158.65,158.65,158.65,75,36225,162.73,158.4,159.15
12934,2021-03-08 11:45:00,158.65,158.65,158.65,158.65,75,36225,162.73,158.4,159.15
12935,2021-03-08 11:46:00,163.1,163.1,163.1,163.1,75,36225,162.73,161.75,162.6
12936,2021-03-08 11:47:00,163.1,163.1,163.1,163.1,75,36225,162.73,161.75,162.6
12937,2021-03-08 11:48:00,163.1,163.1,163.1,163.1,75,36225,162.73,161.75,162.6
12938,2021-03-08 11:49:00,161.35,161.35,161.35,161.35,75,36225,162.73,160.65,161.5
12939,2021-03-08 11:50:00,160.6,160.6,160.6,160.6,75,36225,162.73,161.7,162.45
12940,2021-03-08 11:51:00,160.6,160.6,160.6,160.6,75,36225,162.73,161.7,162.45
12941,2021-03-08 11:52:00,160.6,160.6,160.6,160.6,75,36225,162.73,161.7,162.45
12942,2021-03-08 11:53:00,160.6,160.6,160.6,160.6,75,36225,162.73,161.7,162.45
12943,2021-03-08 11:54:00,159.6,159.6,159.6,159.6,75,36225,162.73,158.05,158.8
12944,2021-03-08 11:55:00,159.15,159.15,159.15,159.15,225,36225,162.71,158.1,158.9
12945,2021-03-08 11:56:00,159.15,159.15,159.15,159.15,225,36225,162.71,158.1,158.9
12946,2021-03-08 11:57:00,159.15,159.15,159.15,159.15,225,36225,162.71,158.1,158.9
12947,2021-03-08 11:58:00,159.15,159.15,159.15,159.15,225,36225,162.71,158.1,158.9
12948,2021-03-08 11:59:00,159.15,159.15,159.15,159.15,225,36225,162.71,158.1,158.9
12949,2021-03-08 12:00:00,159.15,159.15,159.15,159.15,225,36225,162.71,158.1,158.9
12950,2021-03-08 12:01:00,159.15,159.15,159.15,159.15,225,36225,162.71,158.1,158.9
12951,2021-03-08 12:02:00,159.15,159.15,159.15,159.15,225,36225,162.71,158.1,158.9
12952,2021-03-08 12:03:00,159.15,159.15,159.15,159.15,225,36225,162.71,158.1,158.9
12953,2021-03-08 12:04:00,159.15,159.15,159.15,159.15,225,36225,162.71,158.1,158.9
12954,2021-03-08 12:05:00,161.7,161.7,161.7,161.7,75,36375,162.71,162.25,163.05
12955,2021-03-08 12:06:00,163.2,166.2,163.2,165.7,300,36375,162.72,166.05,166.95
12956,2021-03-08 12:07:00,163.2,166.2,163.2,165.7,300,36375,162.72,166.05,166.95
12957,2021-03-08 12:08:00,167.4,167.4,167.4,167.4,75,36375,162.73,166.25,167.1
12958,2021-03-08 12:09:00,167.4,167.4,167.4,167.4,75,36375,162.73,166.25,167.1
12959,2021-03-08 12:10:00,167.4,167.4,167.4,167.4,75,36375,162.73,166.25,167.1
12960,2021-03-08 12:11:00,165.25,165.25,165.25,165.25,225,36300,162.74,165.0,165.75
12961,2021-03-08 12:12:00,165.25,165.25,165.25,165.25,225,36300,162.74,165.0,165.75
12962,2021-03-08 12:13:00,165.25,165.25,165.25,165.25,225,36300,162.74,165.0,165.75
12963,2021-03-08 12:14:00,165.25,165.25,165.25,165.25,225,36300,162.74,165.0,165.75
12964,2021-03-08 12:15:00,165.25,165.25,165.25,165.25,225,36300,162.74,165.0,165.75
12965,2021-03-08 12:16:00,165.25,165.25,165.25,165.25,225,36300,162.74,165.0,165.75
12966,2021-03-08 12:17:00,165.25,165.25,165.25,165.25,225,36300,162.74,165.0,165.75
12967,2021-03-08 12:18:00,165.25,165.25,165.25,165.25,225,36300,162.74,165.0,165.75
12968,2021-03-08 12:19:00,165.25,165.25,165.25,165.25,225,36300,162.74,165.0,165.75
12969,2021-03-08 12:20:00,165.25,165.25,165.25,165.25,225,36300,162.74,165.0,165.75
12970,2021-03-08 12:21:00,165.25,165.25,165.25,165.25,225,36300,162.74,165.0,165.75
12971,2021-03-08 12:22:00,165.25,165.25,165.25,165.25,225,36300,162.74,165.0,165.75
12972,2021-03-08 12:23:00,165.25,165.25,165.25,165.25,225,36300,162.74,165.0,165.75
12973,2021-03-08 12:24:00,165.25,165.25,165.25,165.25,225,36300,162.74,165.0,165.75
12974,2021-03-08 12:25:00,165.25,165.25,165.25,165.25,225,36300,162.74,165.0,165.75
12975,2021-03-08 12:26:00,165.25,165.25,165.25,165.25,225,36300,162.74,165.0,165.75
12976,2021-03-08 12:27:00,163.1,163.1,163.1,163.1,75,0,162.74,162.05,162.95
12977,2021-03-08 12:28:00,163.1,163.1,163.1,163.1,75,0,162.74,162.05,162.95
12978,2021-03-08 12:29:00,163.1,163.1,163.1,163.1,75,0,162.74,162.05,162.95
12979,2021-03-08 12:30:00,169.95,169.95,169.95,169.95,300,35925,162.77,167.0,167.95
12980,2021-03-08 12:31:00,166.55,166.55,163.8,163.8,150,35925,162.78,161.0,161.9
12981,2021-03-08 12:32:00,166.55,166.55,163.8,163.8,150,35925,162.78,161.0,161.9
12982,2021-03-08 12:33:00,166.55,166.55,163.8,163.8,150,35925,162.78,161.0,161.9
12983,2021-03-08 12:34:00,158.0,158.0,158.0,158.0,75,35850,162.77,157.7,158.5
12984,2021-03-08 12:35:00,158.0,158.0,158.0,158.0,75,35850,162.77,157.7,158.5
12985,2021-03-08 12:36:00,158.0,158.0,158.0,158.0,75,35850,162.77,157.7,158.5
12986,2021-03-08 12:37:00,158.0,158.0,158.0,158.0,75,35850,162.77,157.7,158.5
12987,2021-03-08 12:38:00,158.0,158.0,158.0,158.0,75,35850,162.77,157.7,158.5
12988,2021-03-08 12:39:00,158.0,158.0,158.0,158.0,75,35850,162.77,157.7,158.5
12989,2021-03-08 12:40:00,158.0,158.0,158.0,158.0,75,35850,162.77,157.7,158.5
12990,2021-03-08 12:41:00,158.0,158.0,158.0,158.0,75,35850,162.77,157.7,158.5
12991,2021-03-08 12:42:00,168.5,172.35,168.5,172.35,600,35925,162.86,171.95,175.85
12992,2021-03-08 12:43:00,171.95,171.95,169.5,169.5,225,35925,162.89,169.35,175.85
12993,2021-03-08 12:44:00,171.95,171.95,169.5,169.5,225,35925,162.89,169.35,175.85
12994,2021-03-08 12:45:00,172.45,176.95,172.15,176.35,675,36150,163.02,176.2,177.15
12995,2021-03-08 12:46:00,177.55,177.55,177.3,177.3,300,36150,163.09,175.3,177.2
12996,2021-03-08 12:47:00,175.9,175.9,174.15,174.15,450,36150,163.18,173.45,174.8
12997,2021-03-08 12:48:00,172.05,172.05,171.25,171.25,225,36000,163.21,171.25,172.2
12998,2021-03-08 12:49:00,174.0,174.0,174.0,174.0,75,36000,163.23,173.5,174.35
12999,2021-03-08 12:50:00,173.2,173.2,173.2,173.2,75,36000,163.24,171.85,172.7
13000,2021-03-08 12:51:00,171.8,172.5,171.5,172.5,375,36225,163.29,176.25,176.9
13001,2021-03-08 12:52:00,178.0,178.0,177.95,177.95,525,36225,163.42,179.9,180.8
13002,2021-03-08 12:53:00,180.25,180.25,180.25,180.25,75,36225,163.44,181.7,182.6
13003,2021-03-08 12:54:00,185.05,185.65,181.2,181.2,375,36600,163.56,181.1,182.0
13004,2021-03-08 12:55:00,182.5,182.5,178.3,178.3,150,36600,163.6,177.95,178.85
13005,2021-03-08 12:56:00,176.45,176.45,174.5,174.5,225,36600,163.64,174.5,175.25
13006,2021-03-08 12:57:00,176.45,176.45,174.5,174.5,225,36600,163.64,174.5,175.25
13007,2021-03-08 12:58:00,176.45,176.45,174.5,174.5,225,36600,163.64,174.5,175.25
13008,2021-03-08 12:59:00,176.45,176.45,174.5,174.5,225,36600,163.64,174.5,175.25
13009,2021-03-08 13:00:00,174.45,174.45,169.15,169.15,375,36150,163.68,167.9,169.05
13010,2021-03-08 13:01:00,174.45,174.45,169.15,169.15,375,36150,163.68,167.9,169.05
13011,2021-03-08 13:02:00,174.45,174.45,169.15,169.15,375,36150,163.68,167.9,169.05
13012,2021-03-08 13:03:00,174.45,174.45,169.15,169.15,375,36150,163.68,167.9,169.05
13013,2021-03-08 13:04:00,174.45,174.45,169.15,169.15,375,36150,163.68,167.9,169.05
13014,2021-03-08 13:05:00,174.45,174.45,169.15,169.15,375,36150,163.68,167.9,169.05
13015,2021-03-08 13:06:00,174.45,174.45,169.15,169.15,375,36150,163.68,167.9,169.05
13016,2021-03-08 13:07:00,174.45,174.45,169.15,169.15,375,36150,163.68,167.9,169.05
13017,2021-03-08 13:08:00,174.45,174.45,169.15,169.15,375,36150,163.68,167.9,169.05
13018,2021-03-08 13:09:00,174.45,174.45,169.15,169.15,375,36150,163.68,167.9,169.05
13019,2021-03-08 13:10:00,174.45,174.45,169.15,169.15,375,36150,163.68,167.9,169.05
13020,2021-03-08 13:11:00,165.0,165.0,165.0,165.0,150,35400,163.69,164.1,164.85
13021,2021-03-08 13:12:00,165.65,165.65,165.65,165.65,75,35400,163.69,164.2,165.0
13022,2021-03-08 13:13:00,164.75,164.75,164.75,164.75,75,35400,163.69,166.9,167.7
13023,2021-03-08 13:14:00,164.75,164.75,164.75,164.75,75,35400,163.69,166.9,167.7
13024,2021-03-08 13:15:00,164.75,164.75,164.75,164.75,75,35400,163.69,166.9,167.7
13025,2021-03-08 13:16:00,167.05,167.05,167.05,167.05,75,35550,163.69,166.85,167.65
13026,2021-03-08 13:17:00,167.05,167.05,167.05,167.05,75,35550,163.69,166.85,167.65
13027,2021-03-08 13:18:00,167.5,167.5,167.05,167.05,150,35550,163.7,166.8,167.7
13028,2021-03-08 13:19:00,167.5,167.5,167.05,167.05,150,35550,163.7,166.8,167.7
13029,2021-03-08 13:20:00,167.5,167.5,167.05,167.05,150,35550,163.7,166.8,167.7
13030,2021-03-08 13:21:00,167.5,167.5,167.05,167.05,150,35550,163.7,166.8,167.7
13031,2021-03-08 13:22:00,167.5,167.5,167.05,167.05,150,35550,163.7,166.8,167.7
13032,2021-03-08 13:23:00,167.5,167.5,167.05,167.05,150,35550,163.7,166.8,167.7
13033,2021-03-08 13:24:00,167.5,167.5,167.05,167.05,150,35550,163.7,166.8,167.7
13034,2021-03-08 13:25:00,167.5,167.5,167.05,167.05,150,35550,163.7,166.8,167.7
13035,2021-03-08 13:26:00,167.5,167.5,167.05,167.05,150,35550,163.7,166.8,167.7
13036,2021-03-08 13:27:00,172.5,172.5,172.5,172.5,75,35700,163.71,172.1,172.9
13037,2021-03-08 13:28:00,172.5,172.5,172.5,172.5,75,35700,163.71,172.1,172.9
13038,2021-03-08 13:29:00,171.9,171.9,171.9,171.9,75,35700,163.72,169.75,170.65
13039,2021-03-08 13:30:00,168.5,168.6,166.5,168.6,375,35925,163.75,168.7,169.55
13040,2021-03-08 13:31:00,163.4,163.4,163.4,163.4,75,35925,163.75,163.35,163.9
13041,2021-03-08 13:32:00,162.05,162.85,162.05,162.2,300,35925,163.74,161.85,162.45
13042,2021-03-08 13:33:00,162.05,162.85,162.05,162.2,300,35925,163.74,161.85,162.45
13043,2021-03-08 13:34:00,162.05,162.85,162.05,162.2,300,35925,163.74,161.85,162.45
13044,2021-03-08 13:35:00,175.0,175.0,173.6,173.6,150,36150,163.76,172.8,173.45
13045,2021-03-08 13:36:00,171.45,171.75,171.45,171.75,225,36150,163.79,174.15,174.9
13046,2021-03-08 13:37:00,171.45,171.75,171.45,171.75,225,36150,163.79,174.15,174.9
13047,2021-03-08 13:38:00,171.45,171.75,171.45,171.75,225,36150,163.79,174.15,174.9
13048,2021-03-08 13:39:00,180.0,184.8,178.65,184.8,3000,36225,164.66,182.8,183.8
13049,2021-03-08 13:40:00,184.05,189.75,184.05,185.75,1725,36225,165.22,187.1,188.45
13050,2021-03-08 13:41:00,185.65,185.65,185.65,185.65,75,36225,165.24,185.15,186.45
13051,2021-03-08 13:42:00,188.8,190.1,188.8,190.05,225,37350,165.32,188.6,189.55
13052,2021-03-08 13:43:00,184.35,184.35,181.2,181.2,150,37350,165.36,179.95,180.6
13053,2021-03-08 13:44:00,180.9,182.25,180.9,182.25,150,37350,165.39,180.95,181.9
13054,2021-03-08 13:45:00,175.85,175.85,175.85,175.85,225,37350,165.43,175.35,176.35
13055,2021-03-08 13:46:00,176.0,176.0,176.0,176.0,75,37350,165.44,174.7,175.55
13056,2021-03-08 13:47:00,173.95,173.95,173.95,173.95,75,37350,165.45,177.2,178.15
13057,2021-03-08 13:48:00,178.9,178.9,178.9,178.9,75,37350,165.46,179.7,180.75
13058,2021-03-08 13:49:00,182.75,182.75,182.75,182.75,75,37125,165.48,183.3,184.3
13059,2021-03-08 13:50:00,184.85,188.2,184.85,188.2,150,37125,165.52,187.4,188.15
13060,2021-03-08 13:51:00,188.7,190.85,188.7,190.85,300,36750,165.62,188.85,189.7
13061,2021-03-08 13:52:00,190.3,190.3,190.3,190.3,75,36750,165.65,184.55,185.5
13062,2021-03-08 13:53:00,184.45,184.45,183.05,183.05,300,36750,165.73,183.75,184.55
13063,2021-03-08 13:54:00,184.45,184.45,183.05,183.05,300,36750,165.73,183.75,184.55
13064,2021-03-08 13:55:00,188.55,188.55,188.55,188.55,75,36525,165.75,191.35,192.1
13065,2021-03-08 13:56:00,189.05,189.05,184.9,184.9,225,36525,165.82,185.1,186.15
13066,2021-03-08 13:57:00,184.3,184.3,184.3,184.3,225,36525,165.88,183.4,184.3
13067,2021-03-08 13:58:00,182.05,182.05,182.05,182.05,75,35625,165.89,180.5,181.45
13068,2021-03-08 13:59:00,182.05,182.05,182.05,182.05,75,35625,165.89,180.5,181.45
13069,2021-03-08 14:00:00,178.5,178.5,178.5,178.5,150,35625,165.92,181.25,182.3
13070,2021-03-08 14:01:00,182.85,182.85,181.5,181.5,675,35775,166.07,181.55,182.35
13071,2021-03-08 14:02:00,182.85,182.85,181.5,181.5,675,35775,166.07,181.55,182.35
13072,2021-03-08 14:03:00,182.85,182.85,181.5,181.5,675,35775,166.07,181.55,182.35
13073,2021-03-08 14:04:00,182.85,182.85,181.5,181.5,675,35775,166.07,181.55,182.35
13074,2021-03-08 14:05:00,177.9,177.9,177.9,177.9,225,35100,166.11,179.6,180.65
13075,2021-03-08 14:06:00,181.4,181.4,181.4,181.4,75,35100,166.13,178.45,179.45
13076,2021-03-08 14:07:00,180.5,180.5,180.5,180.5,75,34950,166.14,180.5,181.5
13077,2021-03-08 14:08:00,180.5,180.5,180.5,180.5,75,34950,166.14,180.5,181.5
13078,2021-03-08 14:09:00,180.5,180.5,180.5,180.5,75,34950,166.14,180.5,181.5
13079,2021-03-08 14:10:00,171.8,171.8,171.05,171.05,1725,34725,166.25,170.0,171.2
13080,2021-03-08 14:11:00,171.7,173.55,171.55,172.6,1950,34725,166.4,171.9,172.55
13081,2021-03-08 14:12:00,170.85,170.85,166.4,167.8,1875,36675,166.44,167.15,167.95
13082,2021-03-08 14:13:00,167.55,169.45,167.55,169.45,375,36675,166.45,169.7,170.45
13083,2021-03-08 14:14:00,169.55,172.3,169.55,172.3,300,36675,166.47,171.95,172.7
13084,2021-03-08 14:15:00,169.55,172.3,169.55,172.3,300,36675,166.47,171.95,172.7
13085,2021-03-08 14:16:00,169.55,172.3,169.55,172.3,300,36675,166.47,171.95,172.7
13086,2021-03-08 14:17:00,169.55,172.3,169.55,172.3,300,36675,166.47,171.95,172.7
13087,2021-03-08 14:18:00,171.0,171.7,171.0,171.7,300,35625,166.48,169.2,169.9
13088,2021-03-08 14:19:00,168.2,168.2,168.2,168.2,75,35625,166.49,165.45,166.25
13089,2021-03-08 14:20:00,162.9,162.9,159.65,159.65,150,35625,166.48,159.05,159.8
13090,2021-03-08 14:21:00,158.95,159.25,155.65,156.1,375,35625,166.43,158.05,158.75
13091,2021-03-08 14:22:00,158.95,159.25,155.65,156.1,375,35625,166.43,158.05,158.75
13092,2021-03-08 14:23:00,158.95,159.25,155.65,156.1,375,35625,166.43,158.05,158.75
13093,2021-03-08 14:24:00,157.85,157.85,151.45,151.45,1500,36150,166.18,150.75,154.0
13094,2021-03-08 14:25:00,150.85,155.1,149.35,154.75,4800,36150,165.33,154.55,155.45
13095,2021-03-08 14:26:00,155.1,155.1,154.5,154.5,225,36150,165.31,154.3,155.1
13096,2021-03-08 14:27:00,155.6,155.6,155.35,155.35,375,36150,165.26,157.2,158.0
13097,2021-03-08 14:28:00,156.1,156.1,156.1,156.1,150,36975,165.25,154.8,155.55
13098,2021-03-08 14:29:00,156.1,156.1,156.1,156.1,150,36975,165.25,154.8,155.55
13099,2021-03-08 14:30:00,157.2,157.2,157.1,157.1,225,37050,165.23,156.5,157.2
13100,2021-03-08 14:31:00,157.95,157.95,157.95,157.95,75,37050,165.22,158.1,158.9
13101,2021-03-08 14:32:00,156.75,157.15,156.75,157.15,300,37050,165.19,155.7,156.65
13102,2021-03-08 14:33:00,155.5,155.5,155.5,155.5,75,37050,165.18,153.65,154.25
13103,2021-03-08 14:34:00,155.5,155.5,155.5,155.5,75,37050,165.18,153.65,154.25
13104,2021-03-08 14:35:00,160.75,161.85,160.75,160.9,750,35625,165.15,161.3,162.1
13105,2021-03-08 14:36:00,162.7,162.7,162.7,162.7,75,35700,165.15,161.4,162.15
13106,2021-03-08 14:37:00,162.7,162.7,162.7,162.7,75,35700,165.15,161.4,162.15
13107,2021-03-08 14:38:00,161.35,162.1,161.35,162.1,900,35700,165.11,161.2,162.15
13108,2021-03-08 14:39:00,161.35,162.1,161.35,162.1,900,35700,165.11,161.2,162.15
13109,2021-03-08 14:40:00,153.7,153.7,153.7,153.7,75,34425,165.1,152.55,154.05
13110,2021-03-08 14:41:00,151.95,151.95,151.95,151.95,225,34425,165.07,153.5,154.15
13111,2021-03-08 14:42:00,151.95,151.95,151.95,151.95,225,34425,165.07,153.5,154.15
13112,2021-03-08 14:43:00,151.95,151.95,151.95,151.95,225,34425,165.07,153.5,154.15
13113,2021-03-08 14:44:00,151.95,151.95,151.95,151.95,225,34425,165.07,153.5,154.15
13114,2021-03-08 14:45:00,155.0,155.0,155.0,155.0,75,34425,165.06,153.75,154.6
13115,2021-03-08 14:46:00,155.0,155.0,155.0,155.0,75,34425,165.06,153.75,154.6
13116,2021-03-08 14:47:00,156.8,158.2,156.8,158.15,450,34425,165.03,157.8,158.5
13117,2021-03-08 14:48:00,155.5,156.5,155.5,156.5,525,34650,164.97,156.15,156.85
13118,2021-03-08 14:49:00,156.9,157.75,156.9,157.75,300,34650,164.95,155.9,156.65
13119,2021-03-08 14:50:00,157.7,157.7,157.7,157.7,75,34650,164.94,156.85,157.45
13120,2021-03-08 14:51:00,162.15,162.4,158.0,158.0,525,34425,164.92,158.5,159.1
13121,2021-03-08 14:52:00,158.55,161.3,158.55,160.0,300,34425,164.9,160.8,161.6
13122,2021-03-08 14:53:00,162.45,162.45,162.45,162.45,75,34425,164.9,164.25,165.0
13123,2021-03-08 14:54:00,165.0,167.0,165.0,167.0,675,34425,164.91,163.8,164.8
13124,2021-03-08 14:55:00,164.2,167.0,164.2,167.0,900,35025,164.93,166.6,167.45
13125,2021-03-08 14:56:00,169.95,169.95,169.95,169.95,225,35025,164.94,168.15,169.0
13126,2021-03-08 14:57:00,167.4,167.4,165.45,165.45,150,35025,164.94,165.8,166.5
13127,2021-03-08 14:58:00,163.75,163.75,163.75,163.75,75,35100,164.94,164.5,165.25
13128,2021-03-08 14:59:00,164.8,164.8,163.0,163.0,375,35100,164.94,163.25,164.05
13129,2021-03-08 15:00:00,169.4,169.8,167.35,167.35,825,35475,164.97,166.5,167.4
13130,2021-03-08 15:01:00,166.65,169.45,166.25,169.45,825,35475,165.0,169.5,170.35
13131,2021-03-08 15:02:00,171.1,172.15,171.05,172.0,675,35475,165.04,172.5,173.3
13132,2021-03-08 15:03:00,174.3,175.25,174.0,175.25,1125,35850,165.15,174.15,175.0
13133,2021-03-08 15:04:00,177.25,177.25,176.3,176.3,225,35850,165.18,176.6,177.3
13134,2021-03-08 15:05:00,182.0,187.95,182.0,187.95,750,35850,165.32,186.25,189.45
13135,2021-03-08 15:06:00,189.9,192.05,185.0,185.0,900,35025,165.54,184.15,185.1
13136,2021-03-08 15:07:00,185.0,185.0,179.8,179.9,1875,35025,165.84,179.2,180.2
13137,2021-03-08 15:08:00,180.05,183.25,179.85,182.9,1275,35025,166.01,182.7,183.5
13138,2021-03-08 15:09:00,184.4,184.4,182.5,182.5,1200,34800,166.21,185.6,186.45
13139,2021-03-08 15:10:00,187.6,187.6,185.25,185.3,225,34800,166.25,182.5,183.35
13140,2021-03-08 15:11:00,184.2,184.2,184.2,184.2,75,34800,166.27,182.2,183.2
13141,2021-03-08 15:12:00,178.8,180.7,178.8,180.3,900,35025,166.38,179.55,179.95
13142,2021-03-08 15:13:00,179.55,179.55,172.05,172.05,6150,35025,166.84,171.15,171.8
13143,2021-03-08 15:14:00,172.3,174.5,172.3,172.9,1125,35025,166.91,172.1,172.9
13144,2021-03-08 15:15:00,172.1,173.8,168.75,168.75,2025,40050,166.99,168.3,169.1
13145,2021-03-08 15:16:00,169.5,170.75,169.5,170.65,975,40050,167.02,169.65,170.3
13146,2021-03-08 15:17:00,172.4,172.75,171.55,171.55,975,40050,167.06,170.75,171.55
13147,2021-03-08 15:18:00,170.75,170.85,168.9,170.85,1950,42900,167.11,170.15,171.05
13148,2021-03-08 15:19:00,170.2,170.55,166.5,166.5,1725,42900,167.14,166.55,167.3
13149,2021-03-08 15:20:00,167.35,170.6,167.35,170.6,3375,42900,167.18,169.95,170.6
13150,2021-03-08 15:21:00,170.1,171.9,170.1,170.5,450,47250,167.19,169.95,170.75
13151,2021-03-08 15:22:00,169.05,169.75,168.8,168.8,225,47250,167.2,169.3,170.15
13152,2021-03-08 15:23:00,169.25,169.4,169.25,169.4,150,47250,167.2,169.2,169.9
13153,2021-03-08 15:24:00,169.25,169.4,169.25,169.4,150,47250,167.2,169.2,169.9
13154,2021-03-08 15:25:00,167.0,167.95,166.05,166.05,300,47175,167.2,166.05,166.85
13155,2021-03-08 15:26:00,166.75,166.9,166.75,166.85,225,47175,167.2,166.85,167.15
13156,2021-03-08 15:27:00,167.65,167.65,167.65,167.65,75,47175,167.2,168.6,169.4
13157,2021-03-08 15:28:00,170.95,171.05,170.95,171.05,150,47475,167.2,172.3,173.3
13158,2021-03-08 15:29:00,170.95,171.05,170.95,171.05,150,47475,167.2,172.3,173.3
13159,2021-03-08 15:30:00,173.55,173.55,173.0,173.0,150,47475,167.21,161.0,188.0
13160,2021-03-09 09:15:00,111.5,111.5,111.5,111.5,75,47325,111.5,119.45,138.85
13161,2021-03-09 09:16:00,131.3,131.3,131.3,131.3,75,47325,121.4,127.1,127.95
13162,2021-03-09 09:17:00,127.7,128.45,127.45,128.2,2400,47325,127.52,127.25,128.05
13163,2021-03-09 09:18:00,127.55,128.2,126.9,127.6,1350,47325,127.53,127.6,128.05
13164,2021-03-09 09:19:00,128.05,129.85,127.3,127.3,1500,47325,127.87,126.9,127.45
13165,2021-03-09 09:20:00,125.0,125.05,123.0,124.2,6750,44850,126.14,123.4,124.05
13166,2021-03-09 09:21:00,123.75,124.3,122.2,122.6,1650,44850,125.83,122.55,122.9
13167,2021-03-09 09:22:00,122.9,122.9,121.65,121.7,1050,44850,125.56,121.15,121.75
13168,2021-03-09 09:23:00,121.5,122.2,121.5,122.2,300,43275,125.49,122.65,123.35
13169,2021-03-09 09:24:00,122.0,122.0,121.0,121.0,1275,43275,125.17,120.25,120.75
13170,2021-03-09 09:25:00,118.05,118.55,117.55,118.45,825,43275,124.83,118.4,119.1
13171,2021-03-09 09:26:00,119.65,119.65,119.1,119.1,300,42975,124.74,118.75,119.4
13172,2021-03-09 09:27:00,119.5,120.5,119.5,120.5,375,42975,124.63,120.3,120.85
13173,2021-03-09 09:28:00,120.85,121.8,120.85,121.8,300,42975,124.57,122.65,123.05
13174,2021-03-09 09:29:00,123.05,123.3,121.95,123.3,525,41925,124.52,121.75,122.6
13175,2021-03-09 09:30:00,121.2,123.05,121.2,123.05,450,41925,124.46,122.4,123.0
13176,2021-03-09 09:31:00,122.95,123.55,122.95,123.55,375,41925,124.44,122.4,122.95
13177,2021-03-09 09:32:00,123.15,123.15,121.5,122.3,825,40950,124.35,122.15,122.75
13178,2021-03-09 09:33:00,122.4,122.7,121.8,121.8,450,40950,124.3,121.25,121.9
13179,2021-03-09 09:34:00,120.7,121.35,120.7,121.35,300,40950,124.26,120.65,121.25
13180,2021-03-09 09:35:00,119.5,120.1,119.5,120.1,750,39900,124.1,119.95,120.5
13181,2021-03-09 09:36:00,119.7,120.05,119.7,119.85,675,39900,123.98,120.1,120.6
13182,2021-03-09 09:37:00,120.6,121.2,120.6,121.2,450,39900,123.92,121.15,121.85
13183,2021-03-09 09:38:00,122.1,122.1,122.1,122.1,150,39900,123.91,121.35,121.85
13184,2021-03-09 09:39:00,120.9,121.25,120.9,121.25,300,38325,123.87,120.6,120.85
13185,2021-03-09 09:40:00,120.85,122.65,120.85,122.65,750,38325,123.8,121.6,122.1
13186,2021-03-09 09:41:00,122.25,123.4,122.25,123.4,900,37125,123.77,122.85,123.55
13187,2021-03-09 09:42:00,123.4,123.4,123.05,123.05,150,37125,123.76,123.5,124.25
13188,2021-03-09 09:43:00,122.5,123.8,122.5,123.5,525,37125,123.76,123.75,124.35
13189,2021-03-09 09:44:00,122.5,123.8,122.5,123.5,525,37125,123.76,123.75,124.35
13190,2021-03-09 09:45:00,122.5,123.8,122.5,123.5,525,37125,123.76,123.75,124.35
13191,2021-03-09 09:46:00,122.5,123.8,122.5,123.5,525,37125,123.76,123.75,124.35
13192,2021-03-09 09:47:00,127.0,130.2,126.9,130.2,1050,36975,123.95,129.85,130.4
13193,2021-03-09 09:48:00,128.45,128.45,128.45,128.45,75,36975,123.96,129.9,130.4
13194,2021-03-09 09:49:00,130.0,130.0,130.0,130.0,150,36975,124.0,130.8,131.5
13195,2021-03-09 09:50:00,130.35,131.0,130.35,131.0,300,37350,124.07,130.75,131.4
13196,2021-03-09 09:51:00,133.0,133.0,133.0,133.0,75,37350,124.09,128.25,128.95
13197,2021-03-09 09:52:00,128.8,130.2,128.8,130.2,150,37350,124.12,128.65,129.3
13198,2021-03-09 09:53:00,128.8,130.2,128.8,130.2,150,37350,124.12,128.65,129.3
13199,2021-03-09 09:54:00,128.8,130.2,128.8,130.2,150,37350,124.12,128.65,129.3
13200,2021-03-09 09:55:00,132.7,134.05,132.7,133.35,450,37200,124.27,133.05,133.65
13201,2021-03-09 09:56:00,136.05,136.05,133.6,133.6,825,36825,124.57,133.35,133.75
13202,2021-03-09 09:57:00,130.95,130.95,129.65,129.65,300,36825,124.63,129.3,129.9
13203,2021-03-09 09:58:00,130.2,130.2,128.6,128.6,150,36825,124.66,127.25,127.9
13204,2021-03-09 09:59:00,126.4,126.4,125.35,125.35,225,36600,124.66,125.85,126.45
13205,2021-03-09 10:00:00,126.4,126.4,125.35,125.35,225,36600,124.66,125.85,126.45
13206,2021-03-09 10:01:00,126.4,126.4,125.35,125.35,225,36600,124.66,125.85,126.45
13207,2021-03-09 10:02:00,127.75,127.75,127.65,127.65,225,36600,124.69,127.05,127.65
13208,2021-03-09 10:03:00,128.35,129.0,128.35,128.65,1275,36600,124.85,127.65,128.15
13209,2021-03-09 10:04:00,128.35,129.0,128.35,128.65,1275,36600,124.85,127.65,128.15
13210,2021-03-09 10:05:00,125.8,125.8,123.95,124.2,225,36300,124.85,122.2,122.85
13211,2021-03-09 10:06:00,122.35,122.35,122.35,122.35,75,36300,124.84,121.9,122.25
13212,2021-03-09 10:07:00,121.9,121.9,121.9,121.9,75,36300,124.84,121.6,122.2
13213,2021-03-09 10:08:00,121.9,121.9,121.9,121.9,75,36300,124.84,121.6,122.2
13214,2021-03-09 10:09:00,122.05,122.05,122.05,122.05,75,36150,124.83,122.4,123.1
13215,2021-03-09 10:10:00,125.8,125.8,125.8,125.8,75,36150,124.83,125.75,126.3
13216,2021-03-09 10:11:00,125.8,125.8,125.8,125.8,75,36150,124.83,125.75,126.3
13217,2021-03-09 10:12:00,125.8,125.8,125.8,125.8,75,36150,124.83,125.75,126.3
13218,2021-03-09 10:13:00,128.8,128.8,128.8,128.8,75,36000,124.84,128.4,129.0
13219,2021-03-09 10:14:00,128.8,128.8,128.8,128.8,75,36000,124.84,128.4,129.0
13220,2021-03-09 10:15:00,127.8,127.8,127.8,127.8,75,35325,124.85,128.2,128.95
13221,2021-03-09 10:16:00,129.2,129.2,128.65,128.65,150,35325,124.87,127.9,128.65
13222,2021-03-09 10:17:00,129.2,129.2,128.65,128.65,150,35325,124.87,127.9,128.65
13223,2021-03-09 10:18:00,129.2,129.2,128.65,128.65,150,35325,124.87,127.9,128.65
13224,2021-03-09 10:19:00,125.3,125.3,125.3,125.3,75,35325,124.87,124.9,125.5
13225,2021-03-09 10:20:00,123.65,123.65,123.65,123.65,75,35325,124.87,124.15,124.75
13226,2021-03-09 10:21:00,123.65,123.65,123.65,123.65,75,35325,124.87,124.15,124.75
13227,2021-03-09 10:22:00,126.7,126.7,126.7,126.7,75,35325,124.87,125.0,125.75
13228,2021-03-09 10:23:00,125.3,125.3,124.6,124.6,600,35325,124.87,124.05,124.8
13229,2021-03-09 10:24:00,125.3,125.3,124.6,124.6,600,35325,124.87,124.05,124.8
13230,2021-03-09 10:25:00,125.85,125.85,125.85,125.85,600,35325,124.88,126.55,127.15
13231,2021-03-09 10:26:00,128.0,128.0,128.0,128.0,75,35250,124.89,127.4,127.95
13232,2021-03-09 10:27:00,128.0,128.0,128.0,128.0,75,35250,124.89,127.4,127.95
13233,2021-03-09 10:28:00,128.0,128.0,128.0,128.0,75,35250,124.89,127.4,127.95
13234,2021-03-09 10:29:00,124.0,124.0,124.0,124.0,450,35250,124.88,124.65,125.3
13235,2021-03-09 10:30:00,124.45,124.45,124.45,124.45,150,35250,124.88,122.85,123.45
13236,2021-03-09 10:31:00,124.45,124.45,124.45,124.45,150,35250,124.88,122.85,123.45
13237,2021-03-09 10:32:00,123.25,123.25,123.25,123.25,75,35250,124.87,123.8,124.55
13238,2021-03-09 10:33:00,123.25,123.25,123.25,123.25,75,35250,124.87,123.8,124.55
13239,2021-03-09 10:34:00,126.3,126.3,126.3,126.3,75,35700,124.88,125.9,126.6
13240,2021-03-09 10:35:00,125.55,125.55,125.55,125.55,75,35700,124.88,125.9,126.65
13241,2021-03-09 10:36:00,125.55,125.55,125.55,125.55,75,35700,124.88,125.9,126.65
13242,2021-03-09 10:37:00,125.85,125.85,125.85,125.85,450,35700,124.89,125.7,126.5
13243,2021-03-09 10:38:00,126.3,126.3,125.95,125.95,375,35925,124.9,124.8,125.5
13244,2021-03-09 10:39:00,125.2,125.95,124.55,125.95,600,35925,124.91,125.15,125.85
13245,2021-03-09 10:40:00,125.2,125.95,124.55,125.95,600,35925,124.91,125.15,125.85
13246,2021-03-09 10:41:00,125.2,125.95,124.55,125.95,600,35925,124.91,125.15,125.85
13247,2021-03-09 10:42:00,125.2,125.95,124.55,125.95,600,35925,124.91,125.15,125.85
13248,2021-03-09 10:43:00,125.0,125.0,125.0,125.0,225,35925,124.91,127.9,128.7
13249,2021-03-09 10:44:00,125.0,125.0,125.0,125.0,225,35925,124.91,127.9,128.7
13250,2021-03-09 10:45:00,126.0,126.0,126.0,126.0,75,36150,124.91,125.25,125.95
13251,2021-03-09 10:46:00,126.0,126.0,126.0,126.0,75,36150,124.91,125.25,125.95
13252,2021-03-09 10:47:00,126.0,126.0,126.0,126.0,75,36150,124.91,125.25,125.95
13253,2021-03-09 10:48:00,126.0,126.0,126.0,126.0,75,36150,124.91,125.25,125.95
13254,2021-03-09 10:49:00,124.6,124.6,124.6,124.6,75,36150,124.91,124.95,125.7
13255,2021-03-09 10:50:00,128.4,128.4,128.05,128.05,150,36075,124.92,128.1,128.65
13256,2021-03-09 10:51:00,127.45,127.45,127.45,127.45,75,36075,124.93,124.6,125.2
13257,2021-03-09 10:52:00,127.45,127.45,127.45,127.45,75,36075,124.93,124.6,125.2
13258,2021-03-09 10:53:00,127.15,127.15,127.15,127.15,75,36075,124.93,126.7,127.4
13259,2021-03-09 10:54:00,127.15,127.15,127.15,127.15,75,36075,124.93,126.7,127.4
13260,2021-03-09 10:55:00,127.4,127.4,127.4,127.4,75,36150,124.94,128.2,128.85
13261,2021-03-09 10:56:00,128.6,128.6,128.6,128.6,150,36150,124.95,127.5,128.25
13262,2021-03-09 10:57:00,128.6,128.6,128.6,128.6,150,36150,124.95,127.5,128.25
13263,2021-03-09 10:58:00,124.3,124.3,124.3,124.3,825,36150,124.94,124.85,125.55
13264,2021-03-09 10:59:00,125.35,125.35,125.35,125.35,450,36150,124.94,124.45,125.1
13265,2021-03-09 11:00:00,124.75,124.75,124.75,124.75,75,37125,124.94,123.65,124.25
13266,2021-03-09 11:01:00,124.75,124.75,124.75,124.75,75,37125,124.94,123.65,124.25
13267,2021-03-09 11:02:00,124.75,124.75,124.75,124.75,75,37125,124.94,123.65,124.25
13268,2021-03-09 11:03:00,124.75,124.75,124.75,124.75,75,37125,124.94,123.65,124.25
13269,2021-03-09 11:04:00,124.75,124.75,124.75,124.75,75,37125,124.94,123.65,124.25
13270,2021-03-09 11:05:00,124.75,124.75,124.75,124.75,75,37125,124.94,123.65,124.25
13271,2021-03-09 11:06:00,124.85,126.7,124.85,126.7,225,37200,124.95,126.35,127.0
13272,2021-03-09 11:07:00,125.25,125.25,125.25,125.25,150,37200,124.95,124.9,125.6
13273,2021-03-09 11:08:00,125.15,125.15,125.15,125.15,75,37200,124.95,125.05,125.75
13274,2021-03-09 11:09:00,125.15,125.15,125.15,125.15,75,37200,124.95,125.05,125.75
13275,2021-03-09 11:10:00,125.15,125.15,125.15,125.15,75,37200,124.95,125.05,125.75
13276,2021-03-09 11:11:00,125.15,125.15,125.15,125.15,600,37350,124.95,124.3,124.85
13277,2021-03-09 11:12:00,124.5,124.5,124.5,124.5,225,37275,124.95,124.05,124.75
13278,2021-03-09 11:13:00,124.25,124.25,124.25,124.25,600,37275,124.94,125.15,125.85
13279,2021-03-09 11:14:00,124.25,124.25,124.25,124.25,600,37275,124.94,125.15,125.85
13280,2021-03-09 11:15:00,124.25,124.25,124.25,124.25,600,37275,124.94,125.15,125.85
13281,2021-03-09 11:16:00,124.25,124.25,124.25,124.25,600,37275,124.94,125.15,125.85
13282,2021-03-09 11:17:00,124.25,124.25,124.25,124.25,600,37275,124.94,125.15,125.85
13283,2021-03-09 11:18:00,124.25,124.25,124.25,124.25,600,37275,124.94,125.15,125.85
13284,2021-03-09 11:19:00,122.05,122.05,122.05,122.05,675,38100,124.89,121.75,122.45
13285,2021-03-09 11:20:00,122.75,122.75,121.35,121.45,300,38700,124.87,120.85,121.4
13286,2021-03-09 11:21:00,119.2,119.2,119.15,119.15,300,38700,124.83,118.9,119.5
13287,2021-03-09 11:22:00,119.95,119.95,119.95,119.95,150,38700,124.81,120.35,121.0
13288,2021-03-09 11:23:00,119.95,119.95,119.95,119.95,150,38700,124.81,120.35,121.0
13289,2021-03-09 11:24:00,119.95,119.95,119.95,119.95,150,38700,124.81,120.35,121.0
13290,2021-03-09 11:25:00,122.0,122.0,122.0,122.0,225,38850,124.8,120.85,121.5
13291,2021-03-09 11:26:00,122.0,122.0,122.0,122.0,225,38850,124.8,120.85,121.5
13292,2021-03-09 11:27:00,122.0,122.0,122.0,122.0,225,38850,124.8,120.85,121.5
13293,2021-03-09 11:28:00,122.0,122.0,122.0,122.0,225,38850,124.8,120.85,121.5
13294,2021-03-09 11:29:00,121.25,121.25,121.25,121.25,75,38850,124.79,121.4,122.0
13295,2021-03-09 11:30:00,122.0,122.0,122.0,122.0,75,38775,124.78,120.7,121.35
13296,2021-03-09 11:31:00,120.25,120.25,120.25,120.25,75,38775,124.78,120.15,120.7
13297,2021-03-09 11:32:00,121.15,121.15,121.15,121.15,1050,38775,124.69,121.15,121.9
13298,2021-03-09 11:33:00,121.6,121.6,121.6,121.6,75,37950,124.68,120.95,121.6
13299,2021-03-09 11:34:00,119.0,119.0,119.0,119.0,150,37950,124.66,118.7,119.45
13300,2021-03-09 11:35:00,117.95,117.95,117.95,117.95,75,37950,124.65,117.35,118.05
13301,2021-03-09 11:36:00,116.15,116.15,116.15,116.15,75,38025,124.64,116.35,117.15
13302,2021-03-09 11:37:00,116.15,116.15,116.15,116.15,75,38025,124.64,116.35,117.15
13303,2021-03-09 11:38:00,116.15,116.15,116.15,116.15,75,38025,124.64,116.35,117.15
13304,2021-03-09 11:39:00,116.15,116.15,116.15,116.15,75,38025,124.64,116.35,117.15
13305,2021-03-09 11:40:00,117.15,117.15,117.15,117.15,75,37950,124.62,115.35,116.5
13306,2021-03-09 11:41:00,116.55,116.55,116.55,116.55,75,37950,124.61,116.8,117.45
13307,2021-03-09 11:42:00,116.55,116.55,116.55,116.55,75,37950,124.61,116.8,117.45
13308,2021-03-09 11:43:00,117.0,117.0,117.0,117.0,75,37725,124.6,116.6,117.35
13309,2021-03-09 11:44:00,117.0,117.0,117.0,117.0,75,37725,124.6,116.6,117.35
13310,2021-03-09 11:45:00,117.0,117.0,117.0,117.0,75,37725,124.6,116.6,117.35
13311,2021-03-09 11:46:00,117.0,117.0,117.0,117.0,75,37725,124.6,116.6,117.35
13312,2021-03-09 11:47:00,117.0,117.0,117.0,117.0,75,37725,124.6,116.6,117.35
13313,2021-03-09 11:48:00,117.0,117.0,117.0,117.0,75,37725,124.6,116.6,117.35
13314,2021-03-09 11:49:00,117.0,117.0,117.0,117.0,75,37725,124.6,116.6,117.35
13315,2021-03-09 11:50:00,117.0,117.0,117.0,117.0,75,37725,124.6,116.6,117.35
13316,2021-03-09 11:51:00,118.05,118.05,118.05,118.05,75,37725,124.58,118.05,118.8
13317,2021-03-09 11:52:00,118.05,118.05,118.05,118.05,75,37725,124.58,118.05,118.8
13318,2021-03-09 11:53:00,118.05,118.05,118.05,118.05,75,37725,124.58,118.05,118.8
13319,2021-03-09 11:54:00,120.15,120.15,120.15,120.15,75,37725,124.58,120.5,121.25
13320,2021-03-09 11:55:00,120.1,120.1,119.95,119.95,225,37725,124.55,119.85,120.6
13321,2021-03-09 11:56:00,119.75,119.75,118.6,119.45,2250,37725,124.29,119.65,120.3
13322,2021-03-09 11:57:00,119.5,119.75,118.95,119.35,2325,40200,124.05,119.35,120.05
13323,2021-03-09 11:58:00,119.35,121.15,119.0,120.75,2475,40200,123.86,120.7,121.3
13324,2021-03-09 11:59:00,120.6,120.7,119.45,120.5,2325,40200,123.7,120.25,120.85
13325,2021-03-09 12:00:00,121.5,122.35,121.5,121.9,450,46125,123.69,121.4,122.15
13326,2021-03-09 12:01:00,121.5,122.35,121.5,121.9,450,46125,123.69,121.4,122.15
13327,2021-03-09 12:02:00,121.5,122.35,121.5,121.9,450,46125,123.69,121.4,122.15
13328,2021-03-09 12:03:00,121.55,121.55,121.55,121.55,75,45975,123.68,121.55,122.25
13329,2021-03-09 12:04:00,123.25,123.25,123.25,123.25,75,45975,123.68,122.3,123.0
13330,2021-03-09 12:05:00,123.25,123.25,123.25,123.25,75,45975,123.68,122.3,123.0
13331,2021-03-09 12:06:00,123.25,123.25,123.25,123.25,75,45975,123.68,122.3,123.0
13332,2021-03-09 12:07:00,123.25,123.25,123.25,123.25,75,45975,123.68,122.3,123.0
13333,2021-03-09 12:08:00,121.9,121.9,121.9,121.9,75,41475,123.68,121.45,122.15
13334,2021-03-09 12:09:00,123.0,123.0,123.0,123.0,300,40050,123.68,122.65,123.25
13335,2021-03-09 12:10:00,123.0,123.0,123.0,123.0,300,40050,123.68,122.65,123.25
13336,2021-03-09 12:11:00,123.0,123.0,123.0,123.0,300,40050,123.68,122.65,123.25
13337,2021-03-09 12:12:00,123.0,123.0,123.0,123.0,300,40050,123.68,122.65,123.25
13338,2021-03-09 12:13:00,120.75,120.9,120.75,120.9,150,38775,123.67,120.8,121.5
13339,2021-03-09 12:14:00,120.75,120.9,120.75,120.9,150,38775,123.67,120.8,121.5
13340,2021-03-09 12:15:00,120.75,120.9,120.75,120.9,150,38775,123.67,120.8,121.5
13341,2021-03-09 12:16:00,120.75,120.9,120.75,120.9,150,38775,123.67,120.8,121.5
13342,2021-03-09 12:17:00,120.75,120.9,120.75,120.9,150,38775,123.67,120.8,121.5
13343,2021-03-09 12:18:00,124.05,124.05,124.05,124.05,75,38325,123.67,123.6,124.15
13344,2021-03-09 12:19:00,124.65,126.3,124.65,126.3,450,38325,123.68,127.45,127.9
13345,2021-03-09 12:20:00,126.85,127.9,126.85,127.9,150,38325,123.69,127.65,128.35
13346,2021-03-09 12:21:00,129.4,133.45,129.4,132.6,825,38325,123.81,130.95,131.75
13347,2021-03-09 12:22:00,131.7,132.05,131.05,132.05,375,38325,123.86,133.1,134.3
13348,2021-03-09 12:23:00,131.7,132.05,131.05,132.05,375,38325,123.86,133.1,134.3
13349,2021-03-09 12:24:00,128.35,128.35,128.35,128.35,225,38250,123.88,127.8,128.35
13350,2021-03-09 12:25:00,127.8,127.8,125.9,125.9,225,38250,123.89,128.65,129.3
13351,2021-03-09 12:26:00,129.15,129.15,129.15,129.15,150,38250,123.91,128.25,129.05
13352,2021-03-09 12:27:00,129.15,129.15,129.15,129.15,150,38250,123.91,128.25,129.05
13353,2021-03-09 12:28:00,129.15,129.15,129.15,129.15,150,38250,123.91,128.25,129.05
13354,2021-03-09 12:29:00,129.15,129.15,129.15,129.15,150,38250,123.91,128.25,129.05
13355,2021-03-09 12:30:00,127.25,127.35,127.25,127.35,450,38250,123.93,128.15,128.75
13356,2021-03-09 12:31:00,131.25,133.5,131.25,133.3,1275,38250,124.13,131.85,132.45
13357,2021-03-09 12:32:00,131.65,134.35,131.65,134.35,300,38250,124.18,134.1,134.8
13358,2021-03-09 12:33:00,134.8,135.0,134.8,135.0,150,37575,124.21,134.1,134.85
13359,2021-03-09 12:34:00,135.25,135.25,135.25,135.25,375,37575,124.28,134.15,134.85
13360,2021-03-09 12:35:00,138.0,138.0,138.0,138.0,150,37575,124.31,134.45,135.05
13361,2021-03-09 12:36:00,132.8,132.8,130.05,130.05,525,37425,124.38,129.85,130.6
13362,2021-03-09 12:37:00,132.55,132.55,132.55,132.55,75,37425,124.39,132.5,133.15
13363,2021-03-09 12:38:00,130.05,130.05,130.05,130.05,225,37425,124.41,129.9,130.65
13364,2021-03-09 12:39:00,130.05,130.05,130.05,130.05,225,37425,124.41,129.9,130.65
13365,2021-03-09 12:40:00,130.05,130.05,130.05,130.05,225,37425,124.41,129.9,130.65
13366,2021-03-09 12:41:00,130.05,130.05,130.05,130.05,225,37425,124.41,129.9,130.65
13367,2021-03-09 12:42:00,129.3,129.3,129.3,129.3,75,37275,124.42,129.35,130.0
13368,2021-03-09 12:43:00,129.3,129.3,129.3,129.3,75,37275,124.42,129.35,130.0
13369,2021-03-09 12:44:00,129.3,129.3,129.3,129.3,75,37275,124.42,129.35,130.0
13370,2021-03-09 12:45:00,127.85,127.85,127.85,127.85,75,37275,124.42,126.85,127.45
13371,2021-03-09 12:46:00,127.85,127.85,127.85,127.85,75,37275,124.42,126.85,127.45
13372,2021-03-09 12:47:00,130.0,130.0,130.0,130.0,225,37350,124.44,128.8,129.4
13373,2021-03-09 12:48:00,129.0,129.1,129.0,129.1,5100,40050,124.73,129.05,129.65
13374,2021-03-09 12:49:00,129.0,129.1,129.0,129.1,5100,40050,124.73,129.05,129.65
13375,2021-03-09 12:50:00,129.0,129.1,129.0,129.1,5100,40050,124.73,129.05,129.65
13376,2021-03-09 12:51:00,129.0,129.1,129.0,129.1,5100,40050,124.73,129.05,129.65
13377,2021-03-09 12:52:00,129.15,129.15,127.45,127.45,225,39750,124.74,126.65,127.35
13378,2021-03-09 12:53:00,125.95,126.25,125.95,126.25,225,39750,124.74,126.05,126.75
13379,2021-03-09 12:54:00,125.95,126.25,125.95,126.25,225,39750,124.74,126.05,126.75
13380,2021-03-09 12:55:00,125.95,126.25,125.95,126.25,225,39750,124.74,126.05,126.75
13381,2021-03-09 12:56:00,125.95,126.25,125.95,126.25,225,39750,124.74,126.05,126.75
13382,2021-03-09 12:57:00,128.9,128.9,128.9,128.9,375,39075,124.76,128.3,129.2
13383,2021-03-09 12:58:00,130.25,130.25,130.15,130.25,225,39075,124.78,129.9,130.5
13384,2021-03-09 12:59:00,130.25,130.25,130.15,130.25,225,39075,124.78,129.9,130.5
13385,2021-03-09 13:00:00,131.45,134.95,131.45,134.95,450,39075,124.85,134.75,135.4
13386,2021-03-09 13:01:00,135.9,135.9,134.85,134.85,225,38700,124.88,135.2,135.8
13387,2021-03-09 13:02:00,137.2,137.2,137.15,137.15,150,38700,124.91,135.8,136.45
13388,2021-03-09 13:03:00,134.8,134.8,134.8,134.8,75,39075,124.92,135.7,136.2
13389,2021-03-09 13:04:00,135.9,135.9,135.9,135.9,225,39075,124.96,136.3,136.95
13390,2021-03-09 13:05:00,140.8,141.75,140.6,140.6,525,39075,125.08,141.05,141.7
13391,2021-03-09 13:06:00,141.25,141.25,141.25,141.25,750,39075,125.25,139.1,139.7
13392,2021-03-09 13:07:00,137.1,137.1,137.1,137.1,375,39975,125.32,135.9,136.5
13393,2021-03-09 13:08:00,135.25,135.25,135.25,135.25,75,39975,125.33,134.3,134.95
13394,2021-03-09 13:09:00,137.1,137.1,137.1,137.1,75,39375,125.34,136.9,137.45
13395,2021-03-09 13:10:00,137.1,137.1,137.1,137.1,75,39375,125.34,136.9,137.45
13396,2021-03-09 13:11:00,137.1,137.1,137.1,137.1,75,39375,125.34,136.9,137.45
13397,2021-03-09 13:12:00,139.8,141.55,139.8,141.55,450,38250,125.44,141.45,142.15
13398,2021-03-09 13:13:00,139.8,141.55,139.8,141.55,450,38250,125.44,141.45,142.15
13399,2021-03-09 13:14:00,141.6,145.0,141.6,144.75,975,38250,125.68,144.75,145.55
13400,2021-03-09 13:15:00,145.65,147.1,145.1,145.35,750,38025,125.89,143.3,143.95
13401,2021-03-09 13:16:00,142.35,142.45,140.85,140.85,450,38025,126.0,139.55,140.35
13402,2021-03-09 13:17:00,138.85,138.85,138.05,138.05,225,38025,126.03,137.3,138.1
13403,2021-03-09 13:18:00,138.85,138.85,138.05,138.05,225,38025,126.03,137.3,138.1
13404,2021-03-09 13:19:00,144.5,150.85,144.5,150.85,600,37500,126.21,150.2,151.2
13405,2021-03-09 13:20:00,151.9,153.15,148.45,152.65,975,37500,126.53,152.4,153.1
13406,2021-03-09 13:21:00,154.75,156.95,150.85,150.85,300,37425,126.65,151.7,152.45
13407,2021-03-09 13:22:00,153.75,153.75,153.75,153.75,150,37425,126.7,153.5,154.2
13408,2021-03-09 13:23:00,153.5,153.5,148.2,148.2,300,37425,126.8,147.4,148.15
13409,2021-03-09 13:24:00,148.85,148.85,148.85,148.85,75,37725,126.82,151.6,152.15
13410,2021-03-09 13:25:00,148.85,148.85,148.85,148.85,75,37725,126.82,151.6,152.15
13411,2021-03-09 13:26:00,154.8,154.8,153.8,153.8,150,37725,126.87,150.2,150.9
13412,2021-03-09 13:27:00,150.55,150.55,150.55,150.55,75,37725,126.9,148.9,149.45
13413,2021-03-09 13:28:00,146.1,146.1,145.5,145.5,975,37200,127.14,146.65,147.3
13414,2021-03-09 13:29:00,144.75,144.75,144.75,144.75,75,37200,127.15,144.15,145.1
13415,2021-03-09 13:30:00,146.35,146.75,146.35,146.75,225,37125,127.21,142.85,143.55
13416,2021-03-09 13:31:00,140.95,140.95,140.8,140.8,225,37125,127.25,139.6,140.3
13417,2021-03-09 13:32:00,140.95,140.95,140.8,140.8,225,37125,127.25,139.6,140.3
13418,2021-03-09 13:33:00,138.45,138.45,137.9,137.9,150,37125,127.27,136.25,137.0
13419,2021-03-09 13:34:00,137.0,137.7,137.0,137.7,375,37125,127.32,135.35,136.1
13420,2021-03-09 13:35:00,134.9,134.9,134.9,134.9,225,37125,127.34,137.5,138.3
13421,2021-03-09 13:36:00,138.45,138.45,136.9,136.9,150,37125,127.36,135.3,136.1
13422,2021-03-09 13:37:00,135.6,135.6,135.6,135.6,225,37125,127.39,137.15,137.85
13423,2021-03-09 13:38:00,135.6,135.6,135.6,135.6,225,37125,127.39,137.15,137.85
13424,2021-03-09 13:39:00,137.75,137.75,137.75,137.75,150,37800,127.41,138.05,138.8
13425,2021-03-09 13:40:00,141.65,141.65,141.65,141.65,75,37800,127.42,142.65,143.45
13426,2021-03-09 13:41:00,142.8,143.05,142.8,143.05,150,37800,127.45,142.85,143.45
13427,2021-03-09 13:42:00,142.55,142.55,142.55,142.55,150,37800,127.48,143.05,143.85
13428,2021-03-09 13:43:00,143.85,147.05,143.85,147.05,150,38100,127.51,146.85,147.6
13429,2021-03-09 13:44:00,148.7,152.05,148.7,152.05,375,38100,127.62,150.5,151.1
13430,2021-03-09 13:45:00,151.55,152.35,151.55,152.35,150,38100,127.67,152.05,152.65
13431,2021-03-09 13:46:00,151.55,152.35,151.55,152.35,150,38100,127.67,152.05,152.65
13432,2021-03-09 13:47:00,147.65,151.5,146.85,149.65,1500,37875,128.05,147.7,148.45
13433,2021-03-09 13:48:00,148.0,148.0,148.0,148.0,75,37875,128.07,148.5,149.15
13434,2021-03-09 13:49:00,148.0,148.0,148.0,148.0,75,37875,128.07,148.5,149.15
13435,2021-03-09 13:50:00,146.9,146.9,146.9,146.9,75,38025,128.08,147.1,147.7
13436,2021-03-09 13:51:00,146.9,146.9,146.9,146.9,75,38025,128.08,147.1,147.7
13437,2021-03-09 13:52:00,146.45,146.45,146.45,146.45,75,37875,128.1,145.9,146.45
13438,2021-03-09 13:53:00,144.75,144.75,140.6,140.6,375,37875,128.17,140.75,141.35
13439,2021-03-09 13:54:00,144.75,144.75,140.6,140.6,375,37875,128.17,140.75,141.35
13440,2021-03-09 13:55:00,136.9,136.9,136.9,136.9,75,38100,128.18,136.0,136.6
13441,2021-03-09 13:56:00,135.1,135.1,135.1,135.1,75,38100,128.18,136.25,137.0
13442,2021-03-09 13:57:00,135.1,135.1,134.55,134.55,225,38100,128.2,133.7,134.4
13443,2021-03-09 13:58:00,132.25,133.5,132.25,132.75,1050,39300,128.26,132.6,133.25
13444,2021-03-09 13:59:00,132.25,133.5,132.25,132.75,1050,39300,128.26,132.6,133.25
13445,2021-03-09 14:00:00,128.0,128.0,128.0,128.0,150,39075,128.26,128.7,129.2
13446,2021-03-09 14:01:00,129.05,129.05,129.05,129.05,75,39075,128.26,128.6,129.45
13447,2021-03-09 14:02:00,128.85,131.5,128.85,131.5,300,39075,128.27,132.05,132.55
13448,2021-03-09 14:03:00,132.0,132.0,132.0,132.0,75,39075,128.27,130.95,131.8
13449,2021-03-09 14:04:00,130.7,131.45,130.7,131.25,900,38400,128.3,132.4,133.0
13450,2021-03-09 14:05:00,133.7,135.5,133.7,135.5,375,38400,128.33,134.85,135.5
13451,2021-03-09 14:06:00,133.7,135.5,133.7,135.5,375,38400,128.33,134.85,135.5
13452,2021-03-09 14:07:00,135.15,135.45,135.15,135.45,975,38325,128.41,135.25,135.95
13453,2021-03-09 14:08:00,135.15,135.45,135.15,135.45,975,38325,128.41,135.25,135.95
13454,2021-03-09 14:09:00,135.15,135.45,135.15,135.45,975,38325,128.41,135.25,135.95
13455,2021-03-09 14:10:00,137.45,137.45,137.45,137.45,75,38400,128.42,136.45,137.05
13456,2021-03-09 14:11:00,136.35,137.95,136.35,137.95,300,38400,128.45,137.4,138.15
13457,2021-03-09 14:12:00,136.35,137.95,136.35,137.95,300,38400,128.45,137.4,138.15
13458,2021-03-09 14:13:00,136.35,137.95,136.35,137.95,300,38400,128.45,137.4,138.15
13459,2021-03-09 14:14:00,136.35,137.95,136.35,137.95,300,38400,128.45,137.4,138.15
13460,2021-03-09 14:15:00,138.9,138.9,138.9,138.9,300,38025,128.48,139.25,139.9
13461,2021-03-09 14:16:00,138.9,138.9,138.9,138.9,300,38025,128.48,139.25,139.9
13462,2021-03-09 14:17:00,138.9,138.9,138.9,138.9,300,38025,128.48,139.25,139.9
13463,2021-03-09 14:18:00,137.1,137.1,137.1,137.1,75,36225,128.49,136.4,137.1
13464,2021-03-09 14:19:00,135.7,135.7,135.7,135.7,75,36225,128.5,132.1,132.5
13465,2021-03-09 14:20:00,132.25,132.25,126.8,128.4,450,36225,128.51,128.65,129.25
13466,2021-03-09 14:21:00,128.95,128.95,128.25,128.25,3150,36225,128.51,128.35,129.05
13467,2021-03-09 14:22:00,128.45,128.45,128.2,128.2,300,35850,128.51,126.75,127.4
13468,2021-03-09 14:23:00,125.0,125.0,124.1,124.1,150,35850,128.51,125.35,126.25
13469,2021-03-09 14:24:00,127.25,128.55,127.25,128.55,150,35850,128.5,128.3,128.85
13470,2021-03-09 14:25:00,130.6,130.6,130.6,130.6,75,39075,128.51,130.75,131.35
13471,2021-03-09 14:26:00,131.05,131.4,131.05,131.4,225,39075,128.51,130.15,130.85
13472,2021-03-09 14:27:00,131.05,131.4,131.05,131.4,225,39075,128.51,130.15,130.85
13473,2021-03-09 14:28:00,131.05,131.4,131.05,131.4,225,39075,128.51,130.15,130.85
13474,2021-03-09 14:29:00,129.25,129.25,129.25,129.25,75,37950,128.51,129.9,130.45
13475,2021-03-09 14:30:00,128.5,128.5,128.5,128.5,75,36825,128.51,128.85,129.4
13476,2021-03-09 14:31:00,129.85,129.85,126.35,126.35,225,36825,128.51,126.35,127.1
13477,2021-03-09 14:32:00,126.15,126.15,126.15,126.15,75,36825,128.51,125.1,125.75
13478,2021-03-09 14:33:00,126.6,126.6,126.6,126.6,75,36825,128.51,127.0,127.75
13479,2021-03-09 14:34:00,128.5,128.5,126.9,126.9,375,36675,128.5,127.1,127.6
13480,2021-03-09 14:35:00,128.5,128.5,126.9,126.9,375,36675,128.5,127.1,127.6
13481,2021-03-09 14:36:00,124.65,124.65,124.65,124.65,75,36675,128.5,125.45,125.9
13482,2021-03-09 14:37:00,124.65,124.65,124.65,124.65,75,36675,128.5,125.45,125.9
13483,2021-03-09 14:38:00,127.95,127.95,127.95,127.95,150,36675,128.5,126.9,127.6
13484,2021-03-09 14:39:00,127.95,127.95,127.95,127.95,150,36675,128.5,126.9,127.6
13485,2021-03-09 14:40:00,126.85,126.85,126.0,126.0,450,35850,128.49,124.25,124.8
13486,2021-03-09 14:41:00,126.85,126.85,126.0,126.0,450,35850,128.49,124.25,124.8
13487,2021-03-09 14:42:00,126.85,126.85,126.0,126.0,450,35850,128.49,124.25,124.8
13488,2021-03-09 14:43:00,126.6,126.6,126.6,126.6,150,36075,128.49,124.9,125.4
13489,2021-03-09 14:44:00,126.55,126.55,126.55,126.55,150,36075,128.48,126.2,126.95
13490,2021-03-09 14:45:00,126.55,126.55,126.55,126.55,150,36075,128.48,126.2,126.95
13491,2021-03-09 14:46:00,126.55,126.55,126.55,126.55,150,36075,128.48,126.2,126.95
13492,2021-03-09 14:47:00,125.2,125.2,121.2,121.2,525,35850,128.45,121.2,122.05
13493,2021-03-09 14:48:00,119.5,119.5,119.5,119.5,75,35850,128.45,118.55,119.25
13494,2021-03-09 14:49:00,119.5,119.5,119.5,119.5,75,35925,128.44,119.0,119.65
13495,2021-03-09 14:50:00,121.55,121.55,121.2,121.2,600,35925,128.39,120.65,121.15
13496,2021-03-09 14:51:00,121.55,121.55,121.2,121.2,600,35925,128.39,120.65,121.15
13497,2021-03-09 14:52:00,121.55,121.55,121.2,121.2,600,35925,128.39,120.65,121.15
13498,2021-03-09 14:53:00,119.55,119.55,119.55,119.55,75,36000,128.39,118.0,118.75
13499,2021-03-09 14:54:00,119.55,119.55,119.55,119.55,75,36000,128.39,118.0,118.75
13500,2021-03-09 14:55:00,119.45,119.55,119.35,119.35,300,35850,128.36,118.35,118.95
13501,2021-03-09 14:56:00,119.45,119.55,119.35,119.35,300,35850,128.36,118.35,118.95
13502,2021-03-09 14:57:00,118.5,119.15,118.5,119.15,225,35850,128.33,119.45,119.9
13503,2021-03-09 14:58:00,119.9,119.9,119.1,119.25,3225,36075,128.03,118.25,118.8
13504,2021-03-09 14:59:00,117.7,121.05,117.5,121.05,675,36075,127.97,120.75,121.4
13505,2021-03-09 15:00:00,120.6,120.6,116.65,117.2,450,36450,127.92,116.45,116.75
13506,2021-03-09 15:01:00,115.0,115.0,110.85,110.85,1500,36450,127.7,111.35,111.95
13507,2021-03-09 15:02:00,112.0,113.5,112.0,113.0,1200,36450,127.53,112.85,113.5
13508,2021-03-09 15:03:00,112.65,112.65,112.65,112.65,75,36450,127.51,113.2,113.85
13509,2021-03-09 15:04:00,113.15,113.15,110.5,110.5,450,37650,127.45,110.0,110.6
13510,2021-03-09 15:05:00,110.0,110.0,108.85,108.85,225,37650,127.41,109.55,110.15
13511,2021-03-09 15:06:00,110.3,110.3,110.3,110.3,225,37650,127.37,109.65,110.3
13512,2021-03-09 15:07:00,109.0,109.0,108.15,108.15,300,37800,127.32,106.95,107.6
13513,2021-03-09 15:08:00,109.0,109.0,108.15,108.15,300,37800,127.32,106.95,107.6
13514,2021-03-09 15:09:00,107.55,107.55,107.55,107.55,75,37125,127.3,107.4,107.85
13515,2021-03-09 15:10:00,107.35,107.35,105.1,105.1,525,37125,127.19,105.2,105.75
13516,2021-03-09 15:11:00,104.3,104.3,103.8,103.8,150,37125,127.16,104.85,105.25
13517,2021-03-09 15:12:00,104.75,104.75,104.75,104.75,75,37125,127.14,102.0,102.5
13518,2021-03-09 15:13:00,104.75,104.75,104.75,104.75,75,37125,127.14,102.0,102.5
13519,2021-03-09 15:14:00,103.35,103.35,103.35,103.35,75,37200,127.13,101.85,102.4
13520,2021-03-09 15:15:00,101.0,101.65,101.0,101.65,225,37200,127.07,101.65,102.15
13521,2021-03-09 15:16:00,102.95,103.0,102.95,103.0,225,37200,127.02,101.8,102.35
13522,2021-03-09 15:17:00,101.55,101.55,100.95,100.95,225,37200,126.96,101.5,101.85
13523,2021-03-09 15:18:00,102.15,102.15,102.15,102.15,75,37200,126.95,102.55,103.0
13524,2021-03-09 15:19:00,102.15,102.15,101.85,101.85,375,36750,126.86,101.5,102.05
13525,2021-03-09 15:20:00,102.25,102.25,102.25,102.25,150,36750,126.82,102.55,103.0
13526,2021-03-09 15:21:00,102.25,102.25,102.25,102.25,150,36750,126.82,102.55,103.0
13527,2021-03-09 15:22:00,102.25,102.25,102.25,102.25,150,36750,126.82,102.55,103.0
13528,2021-03-09 15:23:00,101.8,101.8,101.8,101.8,150,36825,126.79,101.55,102.05
13529,2021-03-09 15:24:00,102.25,103.35,102.25,103.35,300,36750,126.72,103.15,103.75
13530,2021-03-09 15:25:00,102.25,103.35,102.25,103.35,300,36750,126.72,103.15,103.75
13531,2021-03-09 15:26:00,102.25,102.25,102.0,102.0,150,36750,126.68,101.3,101.85
13532,2021-03-09 15:27:00,101.0,101.0,101.0,101.0,75,36450,126.66,100.7,101.35
13533,2021-03-09 15:28:00,100.85,101.3,100.7,101.3,300,36450,126.59,101.0,101.55
13534,2021-03-09 15:29:00,100.85,101.3,100.7,101.3,300,36450,126.59,101.0,101.55
13535,2021-03-09 15:30:00,101.0,101.1,101.0,101.1,375,36450,126.5,94.05,103.7
13536,2021-03-10 09:15:00,90.05,90.05,80.0,82.0,825,36300,81.6,80.4,81.75
13537,2021-03-10 09:16:00,81.4,81.4,79.7,80.5,600,36300,81.2,78.75,86.55
13538,2021-03-10 09:17:00,80.3,80.3,79.1,79.1,1350,36375,80.49,79.65,80.2
13539,2021-03-10 09:18:00,80.0,80.0,79.5,79.5,525,36375,80.36,79.8,80.45
13540,2021-03-10 09:19:00,80.45,81.35,80.45,81.35,3675,36375,80.45,81.0,81.55
13541,2021-03-10 09:20:00,81.0,81.0,78.55,78.85,1275,36375,80.44,78.15,78.65
13542,2021-03-10 09:21:00,79.1,79.1,79.1,79.1,375,36375,80.38,78.7,79.3
13543,2021-03-10 09:22:00,79.6,79.6,79.0,79.0,900,36375,80.3,78.7,79.35
13544,2021-03-10 09:23:00,79.55,79.8,79.55,79.8,225,36300,80.28,79.35,79.95
13545,2021-03-10 09:24:00,79.65,80.0,79.65,80.0,225,36300,80.26,79.45,79.95
13546,2021-03-10 09:25:00,79.65,80.0,79.65,80.0,225,36300,80.26,79.45,79.95
13547,2021-03-10 09:26:00,80.85,81.25,80.85,81.25,675,36750,80.33,80.95,81.35
13548,2021-03-10 09:27:00,81.05,81.05,80.45,80.9,1350,36750,80.37,80.95,81.45
13549,2021-03-10 09:28:00,81.1,82.45,81.1,82.45,1500,36750,80.5,82.25,82.7
13550,2021-03-10 09:29:00,82.85,82.85,82.7,82.7,900,36675,80.65,82.35,82.9
13551,2021-03-10 09:30:00,82.9,82.9,82.6,82.75,300,36675,80.69,81.7,82.3
13552,2021-03-10 09:31:00,81.35,81.35,81.35,81.35,75,36675,80.69,81.2,81.75
13553,2021-03-10 09:32:00,81.35,81.85,81.1,81.65,1275,36900,80.74,81.4,81.95
13554,2021-03-10 09:33:00,81.65,83.5,81.65,82.95,2100,36900,80.91,82.8,83.35
13555,2021-03-10 09:34:00,82.95,82.95,82.95,82.95,75,36900,80.91,83.25,83.8
13556,2021-03-10 09:35:00,84.1,84.5,83.25,83.25,375,37050,80.98,83.0,83.45
13557,2021-03-10 09:36:00,83.0,83.0,83.0,83.0,75,37050,80.99,81.65,82.0
13558,2021-03-10 09:37:00,83.0,83.0,83.0,83.0,75,37050,80.99,81.65,82.0
13559,2021-03-10 09:38:00,81.1,81.8,81.1,81.8,150,37050,80.99,81.9,82.3
13560,2021-03-10 09:39:00,82.55,83.35,82.55,82.95,300,36975,81.02,83.05,83.65
13561,2021-03-10 09:40:00,83.35,83.35,81.8,81.8,450,36975,81.05,81.6,82.1
13562,2021-03-10 09:41:00,82.25,82.25,82.25,82.25,675,36975,81.09,82.6,83.1
13563,2021-03-10 09:42:00,82.3,82.3,82.3,82.3,150,34725,81.1,82.55,83.05
13564,2021-03-10 09:43:00,82.5,82.5,82.5,82.5,375,34725,81.12,81.95,82.5
13565,2021-03-10 09:44:00,82.25,82.3,82.1,82.1,225,34725,81.14,82.35,82.9
13566,2021-03-10 09:45:00,82.6,82.6,81.3,81.3,825,35325,81.17,80.3,80.95
13567,2021-03-10 09:46:00,82.6,82.6,81.3,81.3,825,35325,81.17,80.3,80.95
13568,2021-03-10 09:47:00,80.35,80.4,80.05,80.05,1200,32925,81.12,80.05,80.65
13569,2021-03-10 09:48:00,80.25,80.25,80.0,80.0,300,32925,81.11,78.45,79.6
13570,2021-03-10 09:49:00,79.55,80.6,79.55,80.6,1425,32925,81.06,80.4,80.75
13571,2021-03-10 09:50:00,80.8,80.8,80.8,80.8,75,32775,81.06,80.4,80.8
13572,2021-03-10 09:51:00,80.8,80.8,80.8,80.8,75,32775,81.06,80.4,80.8
13573,2021-03-10 09:52:00,80.8,80.8,80.8,80.8,75,32775,81.06,80.4,80.8
13574,2021-03-10 09:53:00,80.8,80.8,80.8,80.8,75,32775,81.06,80.4,80.8
13575,2021-03-10 09:54:00,80.8,80.8,80.8,80.8,75,32775,81.06,80.4,80.8
13576,2021-03-10 09:55:00,80.8,80.8,80.8,80.8,75,32775,81.06,80.4,80.8
13577,2021-03-10 09:56:00,80.8,80.8,80.8,80.8,75,32775,81.06,80.4,80.8
13578,2021-03-10 09:57:00,83.3,83.3,83.3,83.3,150,31350,81.08,83.7,84.15
13579,2021-03-10 09:58:00,83.3,83.3,83.3,83.3,150,31350,81.08,83.7,84.15
13580,2021-03-10 09:59:00,83.3,83.3,83.3,83.3,150,31350,81.08,83.7,84.15
13581,2021-03-10 10:00:00,81.45,81.45,81.45,81.45,75,30825,81.08,81.9,82.4
13582,2021-03-10 10:01:00,81.45,81.45,81.45,81.45,75,30825,81.08,81.9,82.4
13583,2021-03-10 10:02:00,82.1,82.1,82.1,82.1,75,30825,81.08,81.05,81.45
13584,2021-03-10 10:03:00,82.1,82.1,82.1,82.1,75,30825,81.08,81.05,81.45
13585,2021-03-10 10:04:00,82.1,82.1,82.1,82.1,75,30825,81.08,81.05,81.45
13586,2021-03-10 10:05:00,81.4,81.4,81.3,81.3,975,29925,81.09,81.25,81.6
13587,2021-03-10 10:06:00,81.4,81.4,81.3,81.3,975,29925,81.09,81.25,81.6
13588,2021-03-10 10:07:00,81.8,81.8,81.8,81.8,75,29925,81.09,81.85,82.3
13589,2021-03-10 10:08:00,82.2,82.3,82.2,82.3,150,29925,81.1,81.45,81.75
13590,2021-03-10 10:09:00,81.85,81.85,80.85,80.85,225,30600,81.1,80.55,81.0
13591,2021-03-10 10:10:00,81.85,81.85,80.85,80.85,225,30600,81.1,80.55,81.0
13592,2021-03-10 10:11:00,82.0,82.0,82.0,82.0,75,30000,81.1,81.15,81.65
13593,2021-03-10 10:12:00,81.25,81.25,81.25,81.25,75,30000,81.1,80.65,81.05
13594,2021-03-10 10:13:00,81.3,81.3,81.3,81.3,75,30000,81.1,80.7,81.1
13595,2021-03-10 10:14:00,81.3,81.3,81.3,81.3,75,30000,81.1,80.7,81.1
13596,2021-03-10 10:15:00,80.5,80.5,80.25,80.25,150,30075,81.1,80.2,80.7
13597,2021-03-10 10:16:00,80.45,80.45,80.45,80.45,300,30075,81.09,80.3,80.75
13598,2021-03-10 10:17:00,80.45,80.45,80.45,80.45,300,30075,81.09,80.3,80.75
13599,2021-03-10 10:18:00,80.45,80.45,80.45,80.45,300,30075,81.09,80.3,80.75
13600,2021-03-10 10:19:00,80.45,80.45,80.45,80.45,300,30075,81.09,80.3,80.75
13601,2021-03-10 10:20:00,80.45,80.45,80.45,80.45,300,30075,81.09,80.3,80.75
13602,2021-03-10 10:21:00,80.45,80.45,80.45,80.45,300,30075,81.09,80.3,80.75
13603,2021-03-10 10:22:00,80.85,80.85,80.85,80.85,75,29775,81.09,80.95,81.3
13604,2021-03-10 10:23:00,81.5,81.5,81.5,81.5,75,29775,81.09,81.35,81.85
13605,2021-03-10 10:24:00,81.2,82.0,81.2,82.0,150,29775,81.09,81.6,82.1
13606,2021-03-10 10:25:00,82.2,82.2,82.2,82.2,75,29775,81.1,81.65,82.0
13607,2021-03-10 10:26:00,82.2,82.2,82.2,82.2,75,29775,81.1,81.65,82.0
13608,2021-03-10 10:27:00,82.2,82.2,82.2,82.2,75,29775,81.1,81.65,82.0
13609,2021-03-10 10:28:00,82.2,82.2,82.2,82.2,75,29775,81.1,81.65,82.0
13610,2021-03-10 10:29:00,82.2,82.2,82.2,82.2,75,29775,81.1,81.65,82.0
13611,2021-03-10 10:30:00,82.2,82.2,82.2,82.2,75,29775,81.1,81.65,82.0
13612,2021-03-10 10:31:00,82.2,82.2,82.2,82.2,75,29775,81.1,81.65,82.0
13613,2021-03-10 10:32:00,82.2,82.2,82.2,82.2,75,29775,81.1,81.65,82.0
13614,2021-03-10 10:33:00,82.2,82.2,82.2,82.2,75,29775,81.1,81.65,82.0
13615,2021-03-10 10:34:00,82.2,82.2,82.2,82.2,75,29775,81.1,81.65,82.0
13616,2021-03-10 10:35:00,86.35,87.35,86.35,87.35,1050,29700,81.28,85.9,86.45
13617,2021-03-10 10:36:00,86.35,87.35,86.35,87.35,1050,29700,81.28,85.9,86.45
13618,2021-03-10 10:37:00,85.05,85.05,85.05,85.05,75,30225,81.29,85.7,86.25
13619,2021-03-10 10:38:00,85.05,85.05,85.05,85.05,75,30225,81.29,85.7,86.25
13620,2021-03-10 10:39:00,85.05,85.05,85.05,85.05,75,30225,81.29,85.7,86.25
13621,2021-03-10 10:40:00,87.35,87.5,87.35,87.5,375,30225,81.37,85.9,86.4
13622,2021-03-10 10:41:00,87.35,87.5,87.35,87.5,375,30225,81.37,85.9,86.4
13623,2021-03-10 10:42:00,87.35,87.5,87.35,87.5,375,30225,81.37,85.9,86.4
13624,2021-03-10 10:43:00,86.35,88.05,86.35,88.05,600,30075,81.48,87.6,88.05
13625,2021-03-10 10:44:00,87.5,87.85,87.5,87.85,300,30075,81.55,86.8,87.2
13626,2021-03-10 10:45:00,87.2,87.2,87.1,87.1,300,29550,81.6,87.0,87.5
13627,2021-03-10 10:46:00,87.2,87.2,87.1,87.1,300,29550,81.6,87.0,87.5
13628,2021-03-10 10:47:00,86.05,86.05,86.05,86.05,225,29550,81.64,86.75,87.3
13629,2021-03-10 10:48:00,86.05,86.05,86.05,86.05,225,29550,81.64,86.75,87.3
13630,2021-03-10 10:49:00,86.05,86.05,86.05,86.05,225,29550,81.64,86.75,87.3
13631,2021-03-10 10:50:00,86.7,86.7,86.7,86.7,75,29550,81.65,86.3,86.9
13632,2021-03-10 10:51:00,86.7,86.7,86.7,86.7,75,29550,81.65,86.3,86.9
13633,2021-03-10 10:52:00,86.7,86.7,86.7,86.7,75,29550,81.65,86.3,86.9
13634,2021-03-10 10:53:00,86.7,86.7,86.7,86.7,75,29550,81.65,86.3,86.9
13635,2021-03-10 10:54:00,83.65,84.15,83.65,84.05,300,29550,81.67,83.9,84.4
13636,2021-03-10 10:55:00,83.65,84.15,83.65,84.05,300,29550,81.67,83.9,84.4
13637,2021-03-10 10:56:00,83.65,84.15,83.65,84.05,300,29550,81.67,83.9,84.4
13638,2021-03-10 10:57:00,85.75,85.75,85.75,85.75,150,29775,81.69,86.25,86.75
13639,2021-03-10 10:58:00,85.75,85.75,85.75,85.75,150,29775,81.69,86.25,86.75
13640,2021-03-10 10:59:00,85.75,85.75,85.75,85.75,150,29775,81.69,86.25,86.75
13641,2021-03-10 11:00:00,86.4,86.4,86.4,86.4,75,29700,81.7,86.3,86.85
13642,2021-03-10 11:01:00,86.4,86.4,86.4,86.4,75,29700,81.7,86.3,86.85
13643,2021-03-10 11:02:00,87.65,87.7,87.65,87.7,150,29700,81.73,88.15,88.65
13644,2021-03-10 11:03:00,88.6,88.6,88.6,88.6,75,29850,81.75,87.6,88.0
13645,2021-03-10 11:04:00,88.6,88.6,88.6,88.6,75,29850,81.75,87.6,88.0
13646,2021-03-10 11:05:00,88.6,88.6,88.6,88.6,75,29850,81.75,87.6,88.0
13647,2021-03-10 11:06:00,84.9,84.9,84.65,84.65,150,29625,81.76,84.55,85.05
13648,2021-03-10 11:07:00,84.9,84.9,84.65,84.65,150,29625,81.76,84.55,85.05
13649,2021-03-10 11:08:00,84.55,84.55,84.55,84.55,75,29625,81.77,84.5,84.9
13650,2021-03-10 11:09:00,84.55,84.55,84.55,84.55,75,29625,81.77,84.5,84.9
13651,2021-03-10 11:10:00,86.35,86.35,86.35,86.35,75,29550,81.78,86.1,86.65
13652,2021-03-10 11:11:00,86.35,86.35,86.35,86.35,75,29550,81.78,86.1,86.65
13653,2021-03-10 11:12:00,86.35,86.35,86.35,86.35,75,29550,81.78,86.1,86.65
13654,2021-03-10 11:13:00,85.7,85.7,85.65,85.65,150,29700,81.8,85.45,85.9
13655,2021-03-10 11:14:00,85.7,85.7,85.65,85.65,150,29700,81.8,85.45,85.9
13656,2021-03-10 11:15:00,86.55,86.55,86.55,86.55,75,29700,81.81,86.0,86.45
13657,2021-03-10 11:16:00,86.55,86.55,86.55,86.55,75,29700,81.81,86.0,86.45
13658,2021-03-10 11:17:00,86.55,86.55,86.55,86.55,75,29700,81.81,86.0,86.45
13659,2021-03-10 11:18:00,86.55,86.55,86.55,86.55,75,29700,81.81,86.0,86.45
13660,2021-03-10 11:19:00,86.55,86.55,86.55,86.55,75,29700,81.81,86.0,86.45
13661,2021-03-10 11:20:00,86.55,86.55,86.55,86.55,75,29700,81.81,86.0,86.45
13662,2021-03-10 11:21:00,86.5,86.5,86.5,86.5,450,29700,81.87,85.85,86.3
13663,2021-03-10 11:22:00,86.5,86.5,86.5,86.5,300,29700,81.92,85.95,86.4
13664,2021-03-10 11:23:00,86.5,86.5,86.5,86.5,300,29700,81.92,85.95,86.4
13665,2021-03-10 11:24:00,87.0,87.0,87.0,87.0,375,29625,81.97,87.35,87.9
13666,2021-03-10 11:25:00,88.0,88.0,88.0,88.0,75,29625,81.99,87.5,88.05
13667,2021-03-10 11:26:00,87.25,87.25,87.25,87.25,75,29625,82.0,85.5,85.95
13668,2021-03-10 11:27:00,86.1,86.1,86.1,86.1,75,29550,82.01,85.85,86.25
13669,2021-03-10 11:28:00,86.1,86.1,86.1,86.1,75,29550,82.01,85.85,86.25
13670,2021-03-10 11:29:00,86.1,86.1,86.1,86.1,75,29550,82.01,85.85,86.25
13671,2021-03-10 11:30:00,84.3,84.3,82.5,82.5,450,29625,82.03,82.2,82.7
13672,2021-03-10 11:31:00,84.3,84.3,82.5,82.5,450,29625,82.03,82.2,82.7
13673,2021-03-10 11:32:00,83.75,83.75,83.75,83.75,75,29625,82.03,84.1,84.5
13674,2021-03-10 11:33:00,84.25,84.25,83.75,83.75,600,29625,82.07,83.1,83.45
13675,2021-03-10 11:34:00,83.1,83.1,83.1,83.1,75,29625,82.07,83.8,84.35
13676,2021-03-10 11:35:00,83.1,83.1,83.1,83.1,75,29625,82.07,83.8,84.35
13677,2021-03-10 11:36:00,83.1,83.1,83.1,83.1,75,29625,82.07,83.8,84.35
13678,2021-03-10 11:37:00,83.1,83.1,83.1,83.1,75,29625,82.07,83.8,84.35
13679,2021-03-10 11:38:00,85.9,85.9,85.9,85.9,75,29850,82.08,85.75,86.2
13680,2021-03-10 11:39:00,85.9,85.9,85.9,85.9,75,29850,82.08,85.75,86.2
13681,2021-03-10 11:40:00,85.9,85.9,85.9,85.9,75,29850,82.08,85.75,86.2
13682,2021-03-10 11:41:00,87.15,87.4,87.15,87.35,1275,29850,82.26,87.35,87.6
13683,2021-03-10 11:42:00,87.35,88.55,87.35,88.55,1350,29850,82.47,87.75,88.2
13684,2021-03-10 11:43:00,87.65,87.65,86.75,87.15,900,29850,82.59,86.9,87.35
13685,2021-03-10 11:44:00,87.65,87.65,86.75,87.15,900,29850,82.59,86.9,87.35
13686,2021-03-10 11:45:00,87.65,87.65,86.75,87.15,900,29850,82.59,86.9,87.35
13687,2021-03-10 11:46:00,86.75,86.75,86.75,86.75,75,28200,82.59,85.75,86.15
13688,2021-03-10 11:47:00,85.3,85.3,85.3,85.3,75,28200,82.6,85.1,85.45
13689,2021-03-10 11:48:00,85.3,85.3,85.3,85.3,75,28200,82.6,85.1,85.45
13690,2021-03-10 11:49:00,85.3,85.3,85.3,85.3,75,28200,82.6,85.1,85.45
13691,2021-03-10 11:50:00,85.3,85.3,85.3,85.3,75,28200,82.6,85.1,85.45
13692,2021-03-10 11:51:00,86.4,86.4,86.4,86.4,450,28200,82.64,86.35,86.9
13693,2021-03-10 11:52:00,86.65,86.65,86.65,86.65,75,28200,82.65,85.9,86.3
13694,2021-03-10 11:53:00,86.0,86.3,86.0,86.3,150,28200,82.66,85.8,86.25
13695,2021-03-10 11:54:00,86.0,86.3,86.0,86.3,150,28200,82.66,85.8,86.25
13696,2021-03-10 11:55:00,86.0,86.3,86.0,86.3,150,28200,82.66,85.8,86.25
13697,2021-03-10 11:56:00,84.9,84.9,84.9,84.9,150,0,82.67,85.3,85.75
13698,2021-03-10 11:57:00,84.9,84.9,84.9,84.9,150,0,82.67,85.3,85.75
13699,2021-03-10 11:58:00,85.0,85.0,85.0,85.0,75,28650,82.68,84.45,84.95
13700,2021-03-10 11:59:00,84.5,84.5,84.5,84.5,975,28650,82.72,84.2,84.6
13701,2021-03-10 12:00:00,84.5,84.5,84.5,84.5,975,28650,82.72,84.2,84.6
13702,2021-03-10 12:01:00,84.5,84.75,84.5,84.75,150,27900,82.73,84.7,85.25
13703,2021-03-10 12:02:00,87.0,87.0,87.0,87.0,75,27900,82.74,87.1,87.8
13704,2021-03-10 12:03:00,87.6,89.35,87.6,89.35,600,28050,82.82,88.7,89.15
13705,2021-03-10 12:04:00,89.75,89.75,89.75,89.75,75,28050,82.83,88.7,89.2
13706,2021-03-10 12:05:00,88.4,88.4,88.4,88.4,75,28050,82.84,87.75,88.2
13707,2021-03-10 12:06:00,88.2,88.2,88.2,88.2,150,28050,82.86,88.7,89.2
13708,2021-03-10 12:07:00,88.2,88.2,88.2,88.2,150,28050,82.86,88.7,89.2
13709,2021-03-10 12:08:00,88.2,88.2,88.2,88.2,150,28050,82.86,88.7,89.2
13710,2021-03-10 12:09:00,88.2,88.2,88.2,88.2,150,28050,82.86,88.7,89.2
13711,2021-03-10 12:10:00,88.2,88.2,88.2,88.2,150,28050,82.86,88.7,89.2
13712,2021-03-10 12:11:00,88.2,88.2,88.2,88.2,150,28050,82.86,88.7,89.2
13713,2021-03-10 12:12:00,88.2,88.2,88.2,88.2,150,28050,82.86,88.7,89.2
13714,2021-03-10 12:13:00,89.8,89.8,89.8,89.8,225,28125,82.9,89.55,90.05
13715,2021-03-10 12:14:00,89.8,89.8,89.8,89.8,225,28125,82.9,89.55,90.05
13716,2021-03-10 12:15:00,89.8,89.8,89.8,89.8,225,28125,82.9,89.55,90.05
13717,2021-03-10 12:16:00,89.8,89.8,89.8,89.8,225,28125,82.9,89.55,90.05
13718,2021-03-10 12:17:00,89.8,89.8,89.8,89.8,225,28125,82.9,89.55,90.05
13719,2021-03-10 12:18:00,89.8,89.8,89.8,89.8,225,28125,82.9,89.55,90.05
13720,2021-03-10 12:19:00,91.0,91.0,91.0,91.0,150,0,82.93,92.1,92.6
13721,2021-03-10 12:20:00,92.0,92.1,92.0,92.0,225,28050,82.98,91.6,92.0
13722,2021-03-10 12:21:00,92.0,92.1,92.0,92.0,225,28050,82.98,91.6,92.0
13723,2021-03-10 12:22:00,92.0,92.1,92.0,92.0,225,28050,82.98,91.6,92.0
13724,2021-03-10 12:23:00,90.6,90.8,90.6,90.8,150,27900,83.01,90.2,90.7
13725,2021-03-10 12:24:00,90.6,90.8,90.6,90.8,150,27900,83.01,90.2,90.7
13726,2021-03-10 12:25:00,90.6,90.8,90.6,90.8,150,27900,83.01,90.2,90.7
13727,2021-03-10 12:26:00,88.35,88.35,88.35,88.35,75,28125,83.02,88.1,88.5
13728,2021-03-10 12:27:00,87.55,87.65,87.55,87.65,300,28200,83.05,87.75,88.25
13729,2021-03-10 12:28:00,87.0,87.0,87.0,87.0,75,28200,83.05,86.85,87.25
13730,2021-03-10 12:29:00,88.1,88.2,88.1,88.2,225,28200,83.08,87.4,87.95
13731,2021-03-10 12:30:00,88.05,88.05,88.05,88.05,75,28200,83.09,88.65,89.25
13732,2021-03-10 12:31:00,88.2,88.2,88.1,88.1,150,28275,83.11,88.05,88.5
13733,2021-03-10 12:32:00,86.85,86.85,86.85,86.85,75,28275,83.11,86.1,86.65
13734,2021-03-10 12:33:00,85.25,85.25,85.25,85.25,75,28350,83.12,84.95,85.4
13735,2021-03-10 12:34:00,85.25,85.25,85.25,85.25,75,28350,83.12,84.95,85.4
13736,2021-03-10 12:35:00,85.25,85.25,85.25,85.25,75,28350,83.12,84.95,85.4
13737,2021-03-10 12:36:00,84.85,84.85,84.85,84.85,75,28350,83.12,84.55,85.05
13738,2021-03-10 12:37:00,85.25,85.25,85.25,85.25,75,28350,83.13,85.95,86.5
13739,2021-03-10 12:38:00,85.25,85.25,85.25,85.25,75,28350,83.13,85.95,86.5
13740,2021-03-10 12:39:00,85.25,85.25,85.25,85.25,75,28350,83.13,85.95,86.5
13741,2021-03-10 12:40:00,85.25,85.25,85.25,85.25,75,28350,83.13,85.95,86.5
13742,2021-03-10 12:41:00,84.5,84.5,84.5,84.5,75,28350,83.13,84.45,84.9
13743,2021-03-10 12:42:00,84.5,84.5,84.5,84.5,75,28350,83.13,84.45,84.9
13744,2021-03-10 12:43:00,84.5,84.5,84.5,84.5,75,28350,83.13,84.45,84.9
13745,2021-03-10 12:44:00,83.15,83.15,83.15,83.15,150,28125,83.13,82.85,83.35
13746,2021-03-10 12:45:00,83.0,83.0,83.0,83.0,450,28200,83.13,82.95,83.45
13747,2021-03-10 12:46:00,83.0,83.0,83.0,83.0,450,28200,83.13,82.95,83.45
13748,2021-03-10 12:47:00,83.0,83.0,83.0,83.0,450,28200,83.13,82.95,83.45
13749,2021-03-10 12:48:00,85.25,85.25,85.25,85.25,75,28200,83.13,84.45,84.95
13750,2021-03-10 12:49:00,85.25,85.25,85.25,85.25,75,28200,83.13,84.45,84.95
13751,2021-03-10 12:50:00,85.25,85.25,85.25,85.25,75,28200,83.13,84.45,84.95
13752,2021-03-10 12:51:00,85.25,85.25,85.25,85.25,75,28200,83.13,84.45,84.95
13753,2021-03-10 12:52:00,85.25,85.25,85.25,85.25,75,28200,83.13,84.45,84.95
13754,2021-03-10 12:53:00,85.25,85.25,85.25,85.25,75,28200,83.13,84.45,84.95
13755,2021-03-10 12:54:00,85.25,85.25,85.25,85.25,75,28200,83.13,84.45,84.95
13756,2021-03-10 12:55:00,82.25,82.25,82.25,82.25,150,28575,83.13,82.25,82.7
13757,2021-03-10 12:56:00,82.25,82.25,82.25,82.25,150,28575,83.13,82.25,82.7
13758,2021-03-10 12:57:00,81.95,81.95,81.95,81.95,150,28575,83.12,81.85,82.2
13759,2021-03-10 12:58:00,80.9,81.05,80.9,81.05,675,28575,83.09,81.7,82.15
13760,2021-03-10 12:59:00,80.9,81.05,80.9,81.05,675,28575,83.09,81.7,82.15
13761,2021-03-10 13:00:00,80.9,81.05,80.9,81.05,675,28575,83.09,81.7,82.15
13762,2021-03-10 13:01:00,80.9,81.05,80.9,81.05,675,28575,83.09,81.7,82.15
13763,2021-03-10 13:02:00,80.9,81.05,80.9,81.05,675,28575,83.09,81.7,82.15
13764,2021-03-10 13:03:00,80.9,81.05,80.9,81.05,675,28575,83.09,81.7,82.15
13765,2021-03-10 13:04:00,80.9,81.05,80.9,81.05,675,28575,83.09,81.7,82.15
13766,2021-03-10 13:05:00,80.9,81.05,80.9,81.05,675,28575,83.09,81.7,82.15
13767,2021-03-10 13:06:00,80.9,81.05,80.9,81.05,675,28575,83.09,81.7,82.15
13768,2021-03-10 13:07:00,80.9,81.05,80.9,81.05,675,28575,83.09,81.7,82.15
13769,2021-03-10 13:08:00,80.9,81.05,80.9,81.05,675,28575,83.09,81.7,82.15
13770,2021-03-10 13:09:00,80.4,80.4,80.4,80.4,75,29025,83.09,80.4,80.85
13771,2021-03-10 13:10:00,80.4,80.4,80.4,80.4,75,29025,83.09,80.4,80.85
13772,2021-03-10 13:11:00,80.4,80.4,80.4,80.4,75,29025,83.09,80.4,80.85
13773,2021-03-10 13:12:00,80.4,80.4,80.4,80.4,75,29025,83.09,80.4,80.85
13774,2021-03-10 13:13:00,80.4,80.4,80.4,80.4,75,29025,83.09,80.4,80.85
13775,2021-03-10 13:14:00,79.3,79.3,79.3,79.3,75,29025,83.08,79.0,79.45
13776,2021-03-10 13:15:00,79.0,79.0,78.15,78.15,150,29025,83.07,77.8,78.25
13777,2021-03-10 13:16:00,77.2,77.25,76.75,77.25,450,28950,83.0,77.1,77.3
13778,2021-03-10 13:17:00,77.05,77.05,77.05,77.05,75,28950,82.99,76.95,77.55
13779,2021-03-10 13:18:00,77.0,77.0,77.0,77.0,75,28950,82.99,77.1,77.55
13780,2021-03-10 13:19:00,78.25,78.25,78.25,78.25,75,28950,82.98,77.55,77.9
13781,2021-03-10 13:20:00,78.25,78.25,78.25,78.25,75,28950,82.98,77.55,77.9
13782,2021-03-10 13:21:00,79.15,79.15,79.15,79.15,75,28950,82.97,78.8,79.15
13783,2021-03-10 13:22:00,79.15,79.15,79.15,79.15,75,28950,82.97,78.8,79.15
13784,2021-03-10 13:23:00,79.15,79.15,79.15,79.15,75,28950,82.97,78.8,79.15
13785,2021-03-10 13:24:00,79.15,79.15,79.15,79.15,75,28950,82.97,78.8,79.15
13786,2021-03-10 13:25:00,79.35,79.35,79.35,79.35,375,28800,82.94,79.65,80.05
13787,2021-03-10 13:26:00,79.35,79.35,79.35,79.35,375,28800,82.94,79.65,80.05
13788,2021-03-10 13:27:00,80.9,80.9,80.9,80.9,150,28800,82.94,81.05,81.45
13789,2021-03-10 13:28:00,80.9,80.9,80.9,80.9,150,28800,82.94,81.05,81.45
13790,2021-03-10 13:29:00,80.9,80.9,80.9,80.9,150,28800,82.94,81.05,81.45
13791,2021-03-10 13:30:00,80.5,80.5,80.5,80.5,75,28725,82.93,79.9,80.35
13792,2021-03-10 13:31:00,80.5,80.5,80.5,80.5,150,28725,82.92,78.9,79.45
13793,2021-03-10 13:32:00,79.0,79.0,79.0,79.0,225,28725,82.91,80.5,80.95
13794,2021-03-10 13:33:00,80.95,81.4,80.95,81.4,150,28725,82.9,81.2,81.7
13795,2021-03-10 13:34:00,81.5,82.0,81.5,82.0,150,28800,82.9,81.9,82.35
13796,2021-03-10 13:35:00,81.5,82.0,81.5,82.0,150,28800,82.9,81.9,82.35
13797,2021-03-10 13:36:00,83.65,83.85,83.65,83.85,150,28950,82.9,82.5,82.95
13798,2021-03-10 13:37:00,82.95,82.95,82.95,82.95,75,28950,82.9,82.25,82.65
13799,2021-03-10 13:38:00,82.95,82.95,82.95,82.95,75,28950,82.9,82.25,82.65
13800,2021-03-10 13:39:00,81.2,81.2,81.2,81.2,75,28950,82.9,81.4,81.9
13801,2021-03-10 13:40:00,81.2,81.2,81.2,81.2,75,28950,82.9,81.4,81.9
13802,2021-03-10 13:41:00,81.2,81.2,81.2,81.2,75,28950,82.9,81.4,81.9
13803,2021-03-10 13:42:00,81.2,81.2,81.2,81.2,75,28950,82.9,81.4,81.9
13804,2021-03-10 13:43:00,79.05,79.05,79.05,79.05,150,28950,82.88,77.85,78.4
13805,2021-03-10 13:44:00,79.05,79.05,79.05,79.05,150,28950,82.88,77.85,78.4
13806,2021-03-10 13:45:00,79.05,79.05,79.05,79.05,150,28950,82.88,77.85,78.4
13807,2021-03-10 13:46:00,79.05,79.05,79.05,79.05,150,28950,82.88,77.85,78.4
13808,2021-03-10 13:47:00,78.2,78.45,78.2,78.3,375,28950,82.85,78.25,78.65
13809,2021-03-10 13:48:00,78.2,78.45,78.2,78.3,375,28950,82.85,78.25,78.65
13810,2021-03-10 13:49:00,77.0,77.0,77.0,77.0,225,28800,82.82,76.4,76.85
13811,2021-03-10 13:50:00,76.4,76.4,76.0,76.0,225,28800,82.79,75.9,76.35
13812,2021-03-10 13:51:00,76.15,76.15,76.15,76.15,150,28800,82.77,76.0,76.3
13813,2021-03-10 13:52:00,76.15,76.15,75.1,75.1,150,29100,82.75,74.9,75.35
13814,2021-03-10 13:53:00,75.8,76.2,75.8,76.2,600,29100,82.67,74.85,75.35
13815,2021-03-10 13:54:00,75.8,76.2,75.8,76.2,600,29100,82.67,74.85,75.35
13816,2021-03-10 13:55:00,76.0,76.15,76.0,76.15,150,28950,82.65,76.3,76.75
13817,2021-03-10 13:56:00,76.0,76.15,76.0,76.15,150,28950,82.65,76.3,76.75
13818,2021-03-10 13:57:00,76.0,76.15,76.0,76.15,150,28950,82.65,76.3,76.75
13819,2021-03-10 13:58:00,76.0,76.15,76.0,76.15,150,28950,82.65,76.3,76.75
13820,2021-03-10 13:59:00,76.0,76.15,76.0,76.15,150,28950,82.65,76.3,76.75
13821,2021-03-10 14:00:00,77.05,77.05,77.05,77.05,75,28725,82.64,76.5,76.85
13822,2021-03-10 14:01:00,77.05,77.05,77.05,77.05,75,28725,82.64,76.5,76.85
13823,2021-03-10 14:02:00,75.7,75.7,75.7,75.7,75,28725,82.63,76.5,76.95
13824,2021-03-10 14:03:00,76.25,76.25,76.25,76.25,75,28725,82.62,75.85,76.3
13825,2021-03-10 14:04:00,76.25,76.25,76.25,76.25,75,28725,82.62,75.85,76.3
13826,2021-03-10 14:05:00,76.25,76.25,76.25,76.25,75,28725,82.62,75.85,76.3
13827,2021-03-10 14:06:00,76.2,76.2,76.2,76.2,75,28950,82.61,76.05,76.5
13828,2021-03-10 14:07:00,76.0,76.0,76.0,76.0,75,28950,82.6,74.85,75.25
13829,2021-03-10 14:08:00,73.0,73.0,73.0,73.0,75,28950,82.58,73.05,73.55
13830,2021-03-10 14:09:00,73.0,73.0,73.0,73.0,75,28950,82.58,73.05,73.55
13831,2021-03-10 14:10:00,71.55,71.55,71.55,71.55,75,29025,82.57,70.6,71.05
13832,2021-03-10 14:11:00,70.85,71.35,70.85,71.35,150,29025,82.53,70.85,71.3
13833,2021-03-10 14:12:00,70.75,70.75,69.7,69.7,225,29025,82.48,69.85,70.25
13834,2021-03-10 14:13:00,70.45,70.45,70.45,70.45,75,28950,82.46,70.8,71.15
13835,2021-03-10 14:14:00,71.65,71.65,71.1,71.1,525,28950,82.35,71.05,71.55
13836,2021-03-10 14:15:00,71.0,71.0,69.85,69.85,300,28875,82.27,70.05,70.35
13837,2021-03-10 14:16:00,69.8,70.05,69.8,70.05,225,28875,82.22,69.85,70.3
13838,2021-03-10 14:17:00,69.8,70.05,69.8,70.05,225,28875,82.22,69.85,70.3
13839,2021-03-10 14:18:00,69.8,70.05,69.8,70.05,225,28875,82.22,69.85,70.3
13840,2021-03-10 14:19:00,71.8,71.8,71.8,71.8,300,29025,82.16,70.3,70.7
13841,2021-03-10 14:20:00,70.65,71.1,70.6,70.65,825,29025,81.98,70.2,70.65
13842,2021-03-10 14:21:00,70.55,71.0,70.55,70.95,600,29775,81.86,70.85,71.4
13843,2021-03-10 14:22:00,70.85,71.2,70.6,70.95,450,29775,81.76,70.65,71.2
13844,2021-03-10 14:23:00,70.65,70.65,70.4,70.65,975,29775,81.56,70.5,71.0
13845,2021-03-10 14:24:00,69.9,70.2,69.9,70.2,300,30375,81.5,69.95,70.35
13846,2021-03-10 14:25:00,70.15,70.6,69.85,69.85,675,30375,81.36,69.95,70.45
13847,2021-03-10 14:26:00,70.4,70.8,70.4,70.8,300,30375,81.3,71.0,71.45
13848,2021-03-10 14:27:00,71.85,71.85,71.85,71.85,75,30375,81.29,71.7,72.1
13849,2021-03-10 14:28:00,71.85,71.85,71.75,71.75,150,30750,81.26,71.35,71.8
13850,2021-03-10 14:29:00,70.3,71.1,69.85,71.1,975,30750,81.08,70.65,71.0
13851,2021-03-10 14:30:00,70.65,71.8,70.65,71.4,825,31950,80.94,71.2,71.5
13852,2021-03-10 14:31:00,70.95,71.05,70.95,71.05,225,31950,80.9,70.8,71.15
13853,2021-03-10 14:32:00,71.25,71.25,70.6,70.6,675,31950,80.78,70.65,71.1
13854,2021-03-10 14:33:00,71.25,71.8,71.25,71.8,300,33000,80.74,71.85,72.1
13855,2021-03-10 14:34:00,72.05,73.4,72.05,72.6,450,33000,80.67,71.95,72.3
13856,2021-03-10 14:35:00,72.65,72.65,72.35,72.35,225,33000,80.64,71.95,72.4
13857,2021-03-10 14:36:00,72.25,72.25,71.1,71.1,150,33000,80.62,69.9,70.15
13858,2021-03-10 14:37:00,70.15,71.05,70.1,70.95,1425,33375,80.39,70.45,70.95
13859,2021-03-10 14:38:00,71.3,71.9,70.85,71.6,2700,33375,80.01,71.25,71.65
13860,2021-03-10 14:39:00,71.25,71.4,70.65,71.15,2550,33450,79.67,70.85,71.2
13861,2021-03-10 14:40:00,71.2,72.25,71.1,72.0,2925,33450,79.33,71.65,72.05
13862,2021-03-10 14:41:00,72.05,72.95,72.0,72.25,1950,33450,79.14,71.6,71.9
13863,2021-03-10 14:42:00,71.7,71.95,71.45,71.45,600,33450,79.08,71.15,71.6
13864,2021-03-10 14:43:00,71.75,72.1,71.75,72.1,375,33000,79.04,71.35,71.8
13865,2021-03-10 14:44:00,71.45,71.45,70.95,71.0,525,33000,78.99,70.9,71.35
13866,2021-03-10 14:45:00,71.3,72.2,71.3,72.2,300,33750,78.96,72.15,72.5
13867,2021-03-10 14:46:00,72.8,73.5,72.15,72.15,525,33750,78.91,71.7,72.1
13868,2021-03-10 14:47:00,71.45,72.0,71.45,72.0,525,33750,78.86,71.3,71.7
13869,2021-03-10 14:48:00,72.1,72.3,72.1,72.3,300,34425,78.83,72.4,72.8
13870,2021-03-10 14:49:00,72.5,73.1,72.5,72.55,300,34425,78.81,72.6,73.0
13871,2021-03-10 14:50:00,72.5,73.1,72.5,72.55,300,34425,78.81,72.6,73.0
13872,2021-03-10 14:51:00,73.4,73.4,72.5,72.6,525,34425,78.77,72.1,72.5
13873,2021-03-10 14:52:00,71.95,73.25,71.95,72.9,750,34500,78.71,72.7,73.1
13874,2021-03-10 14:53:00,72.25,72.65,72.25,72.65,300,34500,78.68,73.0,73.5
13875,2021-03-10 14:54:00,72.9,73.3,72.9,73.3,375,34500,78.65,73.15,73.6
13876,2021-03-10 14:55:00,73.3,74.0,73.3,74.0,300,34575,78.63,73.65,74.15
13877,2021-03-10 14:56:00,73.85,75.0,73.85,74.5,750,34575,78.59,74.4,74.75
13878,2021-03-10 14:57:00,76.3,76.3,76.3,76.3,75,35475,78.59,76.0,76.5
13879,2021-03-10 14:58:00,76.3,76.3,76.3,76.3,75,35475,78.59,76.0,76.5
13880,2021-03-10 14:59:00,75.15,75.15,75.15,75.15,75,35475,78.59,75.15,75.4
13881,2021-03-10 15:00:00,74.4,74.55,72.55,74.55,1200,35400,78.51,74.0,74.5
13882,2021-03-10 15:01:00,73.15,73.15,73.15,73.15,75,35400,78.51,73.7,74.25
13883,2021-03-10 15:02:00,73.65,73.9,73.65,73.9,225,35400,78.49,73.65,74.05
13884,2021-03-10 15:03:00,73.9,74.2,73.9,74.2,225,35400,78.48,74.9,75.35
13885,2021-03-10 15:04:00,73.9,74.2,73.9,74.2,225,35400,78.48,74.9,75.35
13886,2021-03-10 15:05:00,73.9,74.2,73.9,74.2,225,35400,78.48,74.9,75.35
13887,2021-03-10 15:06:00,74.6,74.95,74.35,74.95,675,36525,78.45,74.75,75.25
13888,2021-03-10 15:07:00,74.4,74.4,74.4,74.4,75,36525,78.45,74.05,74.4
13889,2021-03-10 15:08:00,74.35,74.35,74.35,74.35,150,36525,78.44,73.8,74.25
13890,2021-03-10 15:09:00,73.5,73.5,73.15,73.15,150,36525,78.43,72.8,73.25
13891,2021-03-10 15:10:00,72.75,72.85,72.7,72.7,225,36750,78.41,72.55,72.85
13892,2021-03-10 15:11:00,72.7,72.7,72.7,72.7,75,36750,78.41,72.6,72.95
13893,2021-03-10 15:12:00,72.45,72.45,72.45,72.45,300,36750,78.39,72.2,72.7
13894,2021-03-10 15:13:00,72.75,72.75,72.55,72.55,150,37125,78.38,72.4,72.85
13895,2021-03-10 15:14:00,72.7,72.7,72.45,72.45,150,37125,78.36,72.25,72.6
13896,2021-03-10 15:15:00,72.25,72.25,70.1,70.6,5925,39075,77.87,69.95,70.3
13897,2021-03-10 15:16:00,69.8,69.95,69.65,69.65,525,39075,77.83,69.75,70.0
13898,2021-03-10 15:17:00,69.7,69.7,69.7,69.7,150,39075,77.81,69.6,70.0
13899,2021-03-10 15:18:00,69.7,69.7,69.5,69.7,300,39075,77.78,69.55,69.9
13900,2021-03-10 15:19:00,69.7,69.7,69.45,69.45,525,38700,77.74,69.35,69.8
13901,2021-03-10 15:20:00,70.0,70.15,70.0,70.15,5175,38700,77.31,70.05,70.45
13902,2021-03-10 15:21:00,70.2,70.45,69.95,70.45,1725,38700,77.18,70.55,71.0
13903,2021-03-10 15:22:00,70.45,70.5,70.4,70.5,1725,45225,77.06,70.3,70.7
13904,2021-03-10 15:23:00,70.75,70.75,70.75,70.75,75,45225,77.06,70.35,70.75
13905,2021-03-10 15:24:00,70.05,70.9,69.75,70.6,1575,46725,76.95,70.65,71.05
13906,2021-03-10 15:25:00,70.5,70.8,69.95,70.0,825,46725,76.9,69.9,70.35
13907,2021-03-10 15:26:00,70.15,70.15,69.7,69.7,2025,46725,76.76,69.65,70.05
13908,2021-03-10 15:27:00,69.8,70.05,69.8,69.9,225,46725,76.74,69.7,70.15
13909,2021-03-10 15:28:00,70.05,70.05,69.6,70.05,225,48375,76.73,69.85,70.4
13910,2021-03-10 15:29:00,70.05,70.05,69.6,70.05,225,48375,76.73,69.85,70.4
13911,2021-03-10 15:30:00,69.9,70.55,69.9,70.55,975,48375,76.67,67.05,76.75
13912,2021-03-11 09:15:00,69.9,70.55,69.9,70.55,975,48375,76.67,67.05,76.75
13913,2021-03-11 09:16:00,69.9,70.55,69.9,70.55,975,48375,76.67,67.05,76.75
13914,2021-03-11 09:17:00,69.9,70.55,69.9,70.55,975,48375,76.67,67.05,76.75
13915,2021-03-11 09:18:00,69.9,70.55,69.9,70.55,975,48375,76.67,67.05,76.75
13916,2021-03-11 09:19:00,69.9,70.55,69.9,70.55,975,48375,76.67,67.05,76.75
13917,2021-03-11 09:20:00,69.9,70.55,69.9,70.55,975,48375,76.67,67.05,76.75
13918,2021-03-11 09:21:00,69.9,70.55,69.9,70.55,975,48375,76.67,67.05,76.75
13919,2021-03-11 09:22:00,69.9,70.55,69.9,70.55,975,48375,76.67,67.05,76.75
13920,2021-03-11 09:23:00,69.9,70.55,69.9,70.55,975,48375,76.67,67.05,76.75
13921,2021-03-11 09:24:00,69.9,70.55,69.9,70.55,975,48375,76.67,67.05,76.75
13922,2021-03-11 09:25:00,69.9,70.55,69.9,70.55,975,48375,76.67,67.05,76.75
13923,2021-03-11 09:26:00,69.9,70.55,69.9,70.55,975,48375,76.67,67.05,76.75
13924,2021-03-11 09:27:00,69.9,70.55,69.9,70.55,975,48375,76.67,67.05,76.75
13925,2021-03-11 09:28:00,69.9,70.55,69.9,70.55,975,48375,76.67,67.05,76.75
13926,2021-03-11 09:29:00,69.9,70.55,69.9,70.55,975,48375,76.67,67.05,76.75
13927,2021-03-11 09:30:00,69.9,70.55,69.9,70.55,975,48375,76.67,67.05,76.75
13928,2021-03-11 09:31:00,69.9,70.55,69.9,70.55,975,48375,76.67,67.05,76.75
13929,2021-03-11 09:32:00,69.9,70.55,69.9,70.55,975,48375,76.67,67.05,76.75
13930,2021-03-11 09:33:00,69.9,70.55,69.9,70.55,975,48375,76.67,67.05,76.75
13931,2021-03-11 09:34:00,69.9,70.55,69.9,70.55,975,48375,76.67,67.05,76.75
13932,2021-03-11 09:35:00,69.9,70.55,69.9,70.55,975,48375,76.67,67.05,76.75
13933,2021-03-11 09:36:00,69.9,70.55,69.9,70.55,975,48375,76.67,67.05,76.75
13934,2021-03-11 09:37:00,69.9,70.55,69.9,70.55,975,48375,76.67,67.05,76.75
13935,2021-03-11 09:38:00,69.9,70.55,69.9,70.55,975,48375,76.67,67.05,76.75
13936,2021-03-11 09:39:00,69.9,70.55,69.9,70.55,975,48375,76.67,67.05,76.75
13937,2021-03-11 09:40:00,69.9,70.55,69.9,70.55,975,48375,76.67,67.05,76.75
13938,2021-03-11 09:41:00,69.9,70.55,69.9,70.55,975,48375,76.67,67.05,76.75
13939,2021-03-11 09:42:00,69.9,70.55,69.9,70.55,975,48375,76.67,67.05,76.75
13940,2021-03-11 09:43:00,69.9,70.55,69.9,70.55,975,48375,76.67,67.05,76.75
13941,2021-03-11 09:44:00,69.9,70.55,69.9,70.55,975,48375,76.67,67.05,76.75
13942,2021-03-11 09:45:00,69.9,70.55,69.9,70.55,975,48375,76.67,67.05,76.75
13943,2021-03-11 09:46:00,69.9,70.55,69.9,70.55,975,48375,76.67,67.05,76.75
13944,2021-03-11 09:47:00,69.9,70.55,69.9,70.55,975,48375,76.67,67.05,76.75
13945,2021-03-11 09:48:00,69.9,70.55,69.9,70.55,975,48375,76.67,67.05,76.75
13946,2021-03-11 09:49:00,69.9,70.55,69.9,70.55,975,48375,76.67,67.05,76.75
13947,2021-03-11 09:50:00,69.9,70.55,69.9,70.55,975,48375,76.67,67.05,76.75
13948,2021-03-11 09:51:00,69.9,70.55,69.9,70.55,975,48375,76.67,67.05,76.75
13949,2021-03-11 09:52:00,69.9,70.55,69.9,70.55,975,48375,76.67,67.05,76.75
13950,2021-03-11 09:53:00,69.9,70.55,69.9,70.55,975,48375,76.67,67.05,76.75
13951,2021-03-11 09:54:00,69.9,70.55,69.9,70.55,975,48375,76.67,67.05,76.75
13952,2021-03-11 09:55:00,69.9,70.55,69.9,70.55,975,48375,76.67,67.05,76.75
13953,2021-03-11 09:56:00,69.9,70.55,69.9,70.55,975,48375,76.67,67.05,76.75
13954,2021-03-11 09:57:00,69.9,70.55,69.9,70.55,975,48375,76.67,67.05,76.75
13955,2021-03-11 09:58:00,69.9,70.55,69.9,70.55,975,48375,76.67,67.05,76.75
13956,2021-03-11 09:59:00,69.9,70.55,69.9,70.55,975,48375,76.67,67.05,76.75
13957,2021-03-11 10:00:00,69.9,70.55,69.9,70.55,975,48375,76.67,67.05,76.75
13958,2021-03-11 10:01:00,69.9,70.55,69.9,70.55,975,48375,76.67,67.05,76.75
13959,2021-03-11 10:02:00,69.9,70.55,69.9,70.55,975,48375,76.67,67.05,76.75
13960,2021-03-11 10:03:00,69.9,70.55,69.9,70.55,975,48375,76.67,67.05,76.75
13961,2021-03-11 10:04:00,69.9,70.55,69.9,70.55,975,48375,76.67,67.05,76.75
13962,2021-03-11 10:05:00,69.9,70.55,69.9,70.55,975,48375,76.67,67.05,76.75
13963,2021-03-11 10:06:00,69.9,70.55,69.9,70.55,975,48375,76.67,67.05,76.75
13964,2021-03-11 10:07:00,69.9,70.55,69.9,70.55,975,48375,76.67,67.05,76.75
13965,2021-03-11 10:08:00,69.9,70.55,69.9,70.55,975,48375,76.67,67.05,76.75
13966,2021-03-11 10:09:00,69.9,70.55,69.9,70.55,975,48375,76.67,67.05,76.75
13967,2021-03-11 10:10:00,69.9,70.55,69.9,70.55,975,48375,76.67,67.05,76.75
13968,2021-03-11 10:11:00,69.9,70.55,69.9,70.55,975,48375,76.67,67.05,76.75
13969,2021-03-11 10:12:00,69.9,70.55,69.9,70.55,975,48375,76.67,67.05,76.75
13970,2021-03-11 10:13:00,69.9,70.55,69.9,70.55,975,48375,76.67,67.05,76.75
13971,2021-03-11 10:14:00,69.9,70.55,69.9,70.55,975,48375,76.67,67.05,76.75
13972,2021-03-11 10:15:00,69.9,70.55,69.9,70.55,975,48375,76.67,67.05,76.75
13973,2021-03-11 10:16:00,69.9,70.55,69.9,70.55,975,48375,76.67,67.05,76.75
13974,2021-03-11 10:17:00,69.9,70.55,69.9,70.55,975,48375,76.67,67.05,76.75
13975,2021-03-11 10:18:00,69.9,70.55,69.9,70.55,975,48375,76.67,67.05,76.75
13976,2021-03-11 10:19:00,69.9,70.55,69.9,70.55,975,48375,76.67,67.05,76.75
13977,2021-03-11 10:20:00,69.9,70.55,69.9,70.55,975,48375,76.67,67.05,76.75
13978,2021-03-11 10:21:00,69.9,70.55,69.9,70.55,975,48375,76.67,67.05,76.75
13979,2021-03-11 10:22:00,69.9,70.55,69.9,70.55,975,48375,76.67,67.05,76.75
13980,2021-03-11 10:23:00,69.9,70.55,69.9,70.55,975,48375,76.67,67.05,76.75
13981,2021-03-11 10:24:00,69.9,70.55,69.9,70.55,975,48375,76.67,67.05,76.75
13982,2021-03-11 10:25:00,69.9,70.55,69.9,70.55,975,48375,76.67,67.05,76.75
13983,2021-03-11 10:26:00,69.9,70.55,69.9,70.55,975,48375,76.67,67.05,76.75
13984,2021-03-11 10:27:00,69.9,70.55,69.9,70.55,975,48375,76.67,67.05,76.75
13985,2021-03-11 10:28:00,69.9,70.55,69.9,70.55,975,48375,76.67,67.05,76.75
13986,2021-03-11 10:29:00,69.9,70.55,69.9,70.55,975,48375,76.67,67.05,76.75
13987,2021-03-11 10:30:00,69.9,70.55,69.9,70.55,975,48375,76.67,67.05,76.75
13988,2021-03-11 10:31:00,69.9,70.55,69.9,70.55,975,48375,76.67,67.05,76.75
13989,2021-03-11 10:32:00,69.9,70.55,69.9,70.55,975,48375,76.67,67.05,76.75
13990,2021-03-11 10:33:00,69.9,70.55,69.9,70.55,975,48375,76.67,67.05,76.75
13991,2021-03-11 10:34:00,69.9,70.55,69.9,70.55,975,48375,76.67,67.05,76.75
13992,2021-03-11 10:35:00,69.9,70.55,69.9,70.55,975,48375,76.67,67.05,76.75
13993,2021-03-11 10:36:00,69.9,70.55,69.9,70.55,975,48375,76.67,67.05,76.75
13994,2021-03-11 10:37:00,69.9,70.55,69.9,70.55,975,48375,76.67,67.05,76.75
13995,2021-03-11 10:38:00,69.9,70.55,69.9,70.55,975,48375,76.67,67.05,76.75
13996,2021-03-11 10:39:00,69.9,70.55,69.9,70.55,975,48375,76.67,67.05,76.75
13997,2021-03-11 10:40:00,69.9,70.55,69.9,70.55,975,48375,76.67,67.05,76.75
13998,2021-03-11 10:41:00,69.9,70.55,69.9,70.55,975,48375,76.67,67.05,76.75
13999,2021-03-11 10:42:00,69.9,70.55,69.9,70.55,975,48375,76.67,67.05,76.75
14000,2021-03-11 10:43:00,69.9,70.55,69.9,70.55,975,48375,76.67,67.05,76.75
14001,2021-03-11 10:44:00,69.9,70.55,69.9,70.55,975,48375,76.67,67.05,76.75
14002,2021-03-11 10:45:00,69.9,70.55,69.9,70.55,975,48375,76.67,67.05,76.75
14003,2021-03-11 10:46:00,69.9,70.55,69.9,70.55,975,48375,76.67,67.05,76.75
14004,2021-03-11 10:47:00,69.9,70.55,69.9,70.55,975,48375,76.67,67.05,76.75
14005,2021-03-11 10:48:00,69.9,70.55,69.9,70.55,975,48375,76.67,67.05,76.75
14006,2021-03-11 10:49:00,69.9,70.55,69.9,70.55,975,48375,76.67,67.05,76.75
14007,2021-03-11 10:50:00,69.9,70.55,69.9,70.55,975,48375,76.67,67.05,76.75
14008,2021-03-11 10:51:00,69.9,70.55,69.9,70.55,975,48375,76.67,67.05,76.75
14009,2021-03-11 10:52:00,69.9,70.55,69.9,70.55,975,48375,76.67,67.05,76.75
14010,2021-03-11 10:53:00,69.9,70.55,69.9,70.55,975,48375,76.67,67.05,76.75
14011,2021-03-11 10:54:00,69.9,70.55,69.9,70.55,975,48375,76.67,67.05,76.75
14012,2021-03-11 10:55:00,69.9,70.55,69.9,70.55,975,48375,76.67,67.05,76.75
14013,2021-03-11 10:56:00,69.9,70.55,69.9,70.55,975,48375,76.67,67.05,76.75
14014,2021-03-11 10:57:00,69.9,70.55,69.9,70.55,975,48375,76.67,67.05,76.75
14015,2021-03-11 10:58:00,69.9,70.55,69.9,70.55,975,48375,76.67,67.05,76.75
14016,2021-03-11 10:59:00,69.9,70.55,69.9,70.55,975,48375,76.67,67.05,76.75
14017,2021-03-11 11:00:00,69.9,70.55,69.9,70.55,975,48375,76.67,67.05,76.75
14018,2021-03-11 11:01:00,69.9,70.55,69.9,70.55,975,48375,76.67,67.05,76.75
14019,2021-03-11 11:02:00,69.9,70.55,69.9,70.55,975,48375,76.67,67.05,76.75
14020,2021-03-11 11:03:00,69.9,70.55,69.9,70.55,975,48375,76.67,67.05,76.75
14021,2021-03-11 11:04:00,69.9,70.55,69.9,70.55,975,48375,76.67,67.05,76.75
14022,2021-03-11 11:05:00,69.9,70.55,69.9,70.55,975,48375,76.67,67.05,76.75
14023,2021-03-11 11:06:00,69.9,70.55,69.9,70.55,975,48375,76.67,67.05,76.75
14024,2021-03-11 11:07:00,69.9,70.55,69.9,70.55,975,48375,76.67,67.05,76.75
14025,2021-03-11 11:08:00,69.9,70.55,69.9,70.55,975,48375,76.67,67.05,76.75
14026,2021-03-11 11:09:00,69.9,70.55,69.9,70.55,975,48375,76.67,67.05,76.75
14027,2021-03-11 11:10:00,69.9,70.55,69.9,70.55,975,48375,76.67,67.05,76.75
14028,2021-03-11 11:11:00,69.9,70.55,69.9,70.55,975,48375,76.67,67.05,76.75
14029,2021-03-11 11:12:00,69.9,70.55,69.9,70.55,975,48375,76.67,67.05,76.75
14030,2021-03-11 11:13:00,69.9,70.55,69.9,70.55,975,48375,76.67,67.05,76.75
14031,2021-03-11 11:14:00,69.9,70.55,69.9,70.55,975,48375,76.67,67.05,76.75
14032,2021-03-11 11:15:00,69.9,70.55,69.9,70.55,975,48375,76.67,67.05,76.75
14033,2021-03-11 11:16:00,69.9,70.55,69.9,70.55,975,48375,76.67,67.05,76.75
14034,2021-03-11 11:17:00,69.9,70.55,69.9,70.55,975,48375,76.67,67.05,76.75
14035,2021-03-11 11:18:00,69.9,70.55,69.9,70.55,975,48375,76.67,67.05,76.75
14036,2021-03-11 11:19:00,69.9,70.55,69.9,70.55,975,48375,76.67,67.05,76.75
14037,2021-03-11 11:20:00,69.9,70.55,69.9,70.55,975,48375,76.67,67.05,76.75
14038,2021-03-11 11:21:00,69.9,70.55,69.9,70.55,975,48375,76.67,67.05,76.75
14039,2021-03-11 11:22:00,69.9,70.55,69.9,70.55,975,48375,76.67,67.05,76.75
14040,2021-03-11 11:23:00,69.9,70.55,69.9,70.55,975,48375,76.67,67.05,76.75
14041,2021-03-11 11:24:00,69.9,70.55,69.9,70.55,975,48375,76.67,67.05,76.75
14042,2021-03-11 11:25:00,69.9,70.55,69.9,70.55,975,48375,76.67,67.05,76.75
14043,2021-03-11 11:26:00,69.9,70.55,69.9,70.55,975,48375,76.67,67.05,76.75
14044,2021-03-11 11:27:00,69.9,70.55,69.9,70.55,975,48375,76.67,67.05,76.75
14045,2021-03-11 11:28:00,69.9,70.55,69.9,70.55,975,48375,76.67,67.05,76.75
14046,2021-03-11 11:29:00,69.9,70.55,69.9,70.55,975,48375,76.67,67.05,76.75
14047,2021-03-11 11:30:00,69.9,70.55,69.9,70.55,975,48375,76.67,67.05,76.75
14048,2021-03-11 11:31:00,69.9,70.55,69.9,70.55,975,48375,76.67,67.05,76.75
14049,2021-03-11 11:32:00,69.9,70.55,69.9,70.55,975,48375,76.67,67.05,76.75
14050,2021-03-11 11:33:00,69.9,70.55,69.9,70.55,975,48375,76.67,67.05,76.75
14051,2021-03-11 11:34:00,69.9,70.55,69.9,70.55,975,48375,76.67,67.05,76.75
14052,2021-03-11 11:35:00,69.9,70.55,69.9,70.55,975,48375,76.67,67.05,76.75
14053,2021-03-11 11:36:00,69.9,70.55,69.9,70.55,975,48375,76.67,67.05,76.75
14054,2021-03-11 11:37:00,69.9,70.55,69.9,70.55,975,48375,76.67,67.05,76.75
14055,2021-03-11 11:38:00,69.9,70.55,69.9,70.55,975,48375,76.67,67.05,76.75
14056,2021-03-11 11:39:00,69.9,70.55,69.9,70.55,975,48375,76.67,67.05,76.75
14057,2021-03-11 11:40:00,69.9,70.55,69.9,70.55,975,48375,76.67,67.05,76.75
14058,2021-03-11 11:41:00,69.9,70.55,69.9,70.55,975,48375,76.67,67.05,76.75
14059,2021-03-11 11:42:00,69.9,70.55,69.9,70.55,975,48375,76.67,67.05,76.75
14060,2021-03-11 11:43:00,69.9,70.55,69.9,70.55,975,48375,76.67,67.05,76.75
14061,2021-03-11 11:44:00,69.9,70.55,69.9,70.55,975,48375,76.67,67.05,76.75
14062,2021-03-11 11:45:00,69.9,70.55,69.9,70.55,975,48375,76.67,67.05,76.75
14063,2021-03-11 11:46:00,69.9,70.55,69.9,70.55,975,48375,76.67,67.05,76.75
14064,2021-03-11 11:47:00,69.9,70.55,69.9,70.55,975,48375,76.67,67.05,76.75
14065,2021-03-11 11:48:00,69.9,70.55,69.9,70.55,975,48375,76.67,67.05,76.75
14066,2021-03-11 11:49:00,69.9,70.55,69.9,70.55,975,48375,76.67,67.05,76.75
14067,2021-03-11 11:50:00,69.9,70.55,69.9,70.55,975,48375,76.67,67.05,76.75
14068,2021-03-11 11:51:00,69.9,70.55,69.9,70.55,975,48375,76.67,67.05,76.75
14069,2021-03-11 11:52:00,69.9,70.55,69.9,70.55,975,48375,76.67,67.05,76.75
14070,2021-03-11 11:53:00,69.9,70.55,69.9,70.55,975,48375,76.67,67.05,76.75
14071,2021-03-11 11:54:00,69.9,70.55,69.9,70.55,975,48375,76.67,67.05,76.75
14072,2021-03-11 11:55:00,69.9,70.55,69.9,70.55,975,48375,76.67,67.05,76.75
14073,2021-03-11 11:56:00,69.9,70.55,69.9,70.55,975,48375,76.67,67.05,76.75
14074,2021-03-11 11:57:00,69.9,70.55,69.9,70.55,975,48375,76.67,67.05,76.75
14075,2021-03-11 11:58:00,69.9,70.55,69.9,70.55,975,48375,76.67,67.05,76.75
14076,2021-03-11 11:59:00,69.9,70.55,69.9,70.55,975,48375,76.67,67.05,76.75
14077,2021-03-11 12:00:00,69.9,70.55,69.9,70.55,975,48375,76.67,67.05,76.75
14078,2021-03-11 12:01:00,69.9,70.55,69.9,70.55,975,48375,76.67,67.05,76.75
14079,2021-03-11 12:02:00,69.9,70.55,69.9,70.55,975,48375,76.67,67.05,76.75
14080,2021-03-11 12:03:00,69.9,70.55,69.9,70.55,975,48375,76.67,67.05,76.75
14081,2021-03-11 12:04:00,69.9,70.55,69.9,70.55,975,48375,76.67,67.05,76.75
14082,2021-03-11 12:05:00,69.9,70.55,69.9,70.55,975,48375,76.67,67.05,76.75
14083,2021-03-11 12:06:00,69.9,70.55,69.9,70.55,975,48375,76.67,67.05,76.75
14084,2021-03-11 12:07:00,69.9,70.55,69.9,70.55,975,48375,76.67,67.05,76.75
14085,2021-03-11 12:08:00,69.9,70.55,69.9,70.55,975,48375,76.67,67.05,76.75
14086,2021-03-11 12:09:00,69.9,70.55,69.9,70.55,975,48375,76.67,67.05,76.75
14087,2021-03-11 12:10:00,69.9,70.55,69.9,70.55,975,48375,76.67,67.05,76.75
14088,2021-03-11 12:11:00,69.9,70.55,69.9,70.55,975,48375,76.67,67.05,76.75
14089,2021-03-11 12:12:00,69.9,70.55,69.9,70.55,975,48375,76.67,67.05,76.75
14090,2021-03-11 12:13:00,69.9,70.55,69.9,70.55,975,48375,76.67,67.05,76.75
14091,2021-03-11 12:14:00,69.9,70.55,69.9,70.55,975,48375,76.67,67.05,76.75
14092,2021-03-11 12:15:00,69.9,70.55,69.9,70.55,975,48375,76.67,67.05,76.75
14093,2021-03-11 12:16:00,69.9,70.55,69.9,70.55,975,48375,76.67,67.05,76.75
14094,2021-03-11 12:17:00,69.9,70.55,69.9,70.55,975,48375,76.67,67.05,76.75
14095,2021-03-11 12:18:00,69.9,70.55,69.9,70.55,975,48375,76.67,67.05,76.75
14096,2021-03-11 12:19:00,69.9,70.55,69.9,70.55,975,48375,76.67,67.05,76.75
14097,2021-03-11 12:20:00,69.9,70.55,69.9,70.55,975,48375,76.67,67.05,76.75
14098,2021-03-11 12:21:00,69.9,70.55,69.9,70.55,975,48375,76.67,67.05,76.75
14099,2021-03-11 12:22:00,69.9,70.55,69.9,70.55,975,48375,76.67,67.05,76.75
14100,2021-03-11 12:23:00,69.9,70.55,69.9,70.55,975,48375,76.67,67.05,76.75
14101,2021-03-11 12:24:00,69.9,70.55,69.9,70.55,975,48375,76.67,67.05,76.75
14102,2021-03-11 12:25:00,69.9,70.55,69.9,70.55,975,48375,76.67,67.05,76.75
14103,2021-03-11 12:26:00,69.9,70.55,69.9,70.55,975,48375,76.67,67.05,76.75
14104,2021-03-11 12:27:00,69.9,70.55,69.9,70.55,975,48375,76.67,67.05,76.75
14105,2021-03-11 12:28:00,69.9,70.55,69.9,70.55,975,48375,76.67,67.05,76.75
14106,2021-03-11 12:29:00,69.9,70.55,69.9,70.55,975,48375,76.67,67.05,76.75
14107,2021-03-11 12:30:00,69.9,70.55,69.9,70.55,975,48375,76.67,67.05,76.75
14108,2021-03-11 12:31:00,69.9,70.55,69.9,70.55,975,48375,76.67,67.05,76.75
14109,2021-03-11 12:32:00,69.9,70.55,69.9,70.55,975,48375,76.67,67.05,76.75
14110,2021-03-11 12:33:00,69.9,70.55,69.9,70.55,975,48375,76.67,67.05,76.75
14111,2021-03-11 12:34:00,69.9,70.55,69.9,70.55,975,48375,76.67,67.05,76.75
14112,2021-03-11 12:35:00,69.9,70.55,69.9,70.55,975,48375,76.67,67.05,76.75
14113,2021-03-11 12:36:00,69.9,70.55,69.9,70.55,975,48375,76.67,67.05,76.75
14114,2021-03-11 12:37:00,69.9,70.55,69.9,70.55,975,48375,76.67,67.05,76.75
14115,2021-03-11 12:38:00,69.9,70.55,69.9,70.55,975,48375,76.67,67.05,76.75
14116,2021-03-11 12:39:00,69.9,70.55,69.9,70.55,975,48375,76.67,67.05,76.75
14117,2021-03-11 12:40:00,69.9,70.55,69.9,70.55,975,48375,76.67,67.05,76.75
14118,2021-03-11 12:41:00,69.9,70.55,69.9,70.55,975,48375,76.67,67.05,76.75
14119,2021-03-11 12:42:00,69.9,70.55,69.9,70.55,975,48375,76.67,67.05,76.75
14120,2021-03-11 12:43:00,69.9,70.55,69.9,70.55,975,48375,76.67,67.05,76.75
14121,2021-03-11 12:44:00,69.9,70.55,69.9,70.55,975,48375,76.67,67.05,76.75
14122,2021-03-11 12:45:00,69.9,70.55,69.9,70.55,975,48375,76.67,67.05,76.75
14123,2021-03-11 12:46:00,69.9,70.55,69.9,70.55,975,48375,76.67,67.05,76.75
14124,2021-03-11 12:47:00,69.9,70.55,69.9,70.55,975,48375,76.67,67.05,76.75
14125,2021-03-11 12:48:00,69.9,70.55,69.9,70.55,975,48375,76.67,67.05,76.75
14126,2021-03-11 12:49:00,69.9,70.55,69.9,70.55,975,48375,76.67,67.05,76.75
14127,2021-03-11 12:50:00,69.9,70.55,69.9,70.55,975,48375,76.67,67.05,76.75
14128,2021-03-11 12:51:00,69.9,70.55,69.9,70.55,975,48375,76.67,67.05,76.75
14129,2021-03-11 12:52:00,69.9,70.55,69.9,70.55,975,48375,76.67,67.05,76.75
14130,2021-03-11 12:53:00,69.9,70.55,69.9,70.55,975,48375,76.67,67.05,76.75
14131,2021-03-11 12:54:00,69.9,70.55,69.9,70.55,975,48375,76.67,67.05,76.75
14132,2021-03-11 12:55:00,69.9,70.55,69.9,70.55,975,48375,76.67,67.05,76.75
14133,2021-03-11 12:56:00,69.9,70.55,69.9,70.55,975,48375,76.67,67.05,76.75
14134,2021-03-11 12:57:00,69.9,70.55,69.9,70.55,975,48375,76.67,67.05,76.75
14135,2021-03-11 12:58:00,69.9,70.55,69.9,70.55,975,48375,76.67,67.05,76.75
14136,2021-03-11 12:59:00,69.9,70.55,69.9,70.55,975,48375,76.67,67.05,76.75
14137,2021-03-11 13:00:00,69.9,70.55,69.9,70.55,975,48375,76.67,67.05,76.75
14138,2021-03-11 13:01:00,69.9,70.55,69.9,70.55,975,48375,76.67,67.05,76.75
14139,2021-03-11 13:02:00,69.9,70.55,69.9,70.55,975,48375,76.67,67.05,76.75
14140,2021-03-11 13:03:00,69.9,70.55,69.9,70.55,975,48375,76.67,67.05,76.75
14141,2021-03-11 13:04:00,69.9,70.55,69.9,70.55,975,48375,76.67,67.05,76.75
14142,2021-03-11 13:05:00,69.9,70.55,69.9,70.55,975,48375,76.67,67.05,76.75
14143,2021-03-11 13:06:00,69.9,70.55,69.9,70.55,975,48375,76.67,67.05,76.75
14144,2021-03-11 13:07:00,69.9,70.55,69.9,70.55,975,48375,76.67,67.05,76.75
14145,2021-03-11 13:08:00,69.9,70.55,69.9,70.55,975,48375,76.67,67.05,76.75
14146,2021-03-11 13:09:00,69.9,70.55,69.9,70.55,975,48375,76.67,67.05,76.75
14147,2021-03-11 13:10:00,69.9,70.55,69.9,70.55,975,48375,76.67,67.05,76.75
14148,2021-03-11 13:11:00,69.9,70.55,69.9,70.55,975,48375,76.67,67.05,76.75
14149,2021-03-11 13:12:00,69.9,70.55,69.9,70.55,975,48375,76.67,67.05,76.75
14150,2021-03-11 13:13:00,69.9,70.55,69.9,70.55,975,48375,76.67,67.05,76.75
14151,2021-03-11 13:14:00,69.9,70.55,69.9,70.55,975,48375,76.67,67.05,76.75
14152,2021-03-11 13:15:00,69.9,70.55,69.9,70.55,975,48375,76.67,67.05,76.75
14153,2021-03-11 13:16:00,69.9,70.55,69.9,70.55,975,48375,76.67,67.05,76.75
14154,2021-03-11 13:17:00,69.9,70.55,69.9,70.55,975,48375,76.67,67.05,76.75
14155,2021-03-11 13:18:00,69.9,70.55,69.9,70.55,975,48375,76.67,67.05,76.75
14156,2021-03-11 13:19:00,69.9,70.55,69.9,70.55,975,48375,76.67,67.05,76.75
14157,2021-03-11 13:20:00,69.9,70.55,69.9,70.55,975,48375,76.67,67.05,76.75
14158,2021-03-11 13:21:00,69.9,70.55,69.9,70.55,975,48375,76.67,67.05,76.75
14159,2021-03-11 13:22:00,69.9,70.55,69.9,70.55,975,48375,76.67,67.05,76.75
14160,2021-03-11 13:23:00,69.9,70.55,69.9,70.55,975,48375,76.67,67.05,76.75
14161,2021-03-11 13:24:00,69.9,70.55,69.9,70.55,975,48375,76.67,67.05,76.75
14162,2021-03-11 13:25:00,69.9,70.55,69.9,70.55,975,48375,76.67,67.05,76.75
14163,2021-03-11 13:26:00,69.9,70.55,69.9,70.55,975,48375,76.67,67.05,76.75
14164,2021-03-11 13:27:00,69.9,70.55,69.9,70.55,975,48375,76.67,67.05,76.75
14165,2021-03-11 13:28:00,69.9,70.55,69.9,70.55,975,48375,76.67,67.05,76.75
14166,2021-03-11 13:29:00,69.9,70.55,69.9,70.55,975,48375,76.67,67.05,76.75
14167,2021-03-11 13:30:00,69.9,70.55,69.9,70.55,975,48375,76.67,67.05,76.75
14168,2021-03-11 13:31:00,69.9,70.55,69.9,70.55,975,48375,76.67,67.05,76.75
14169,2021-03-11 13:32:00,69.9,70.55,69.9,70.55,975,48375,76.67,67.05,76.75
14170,2021-03-11 13:33:00,69.9,70.55,69.9,70.55,975,48375,76.67,67.05,76.75
14171,2021-03-11 13:34:00,69.9,70.55,69.9,70.55,975,48375,76.67,67.05,76.75
14172,2021-03-11 13:35:00,69.9,70.55,69.9,70.55,975,48375,76.67,67.05,76.75
14173,2021-03-11 13:36:00,69.9,70.55,69.9,70.55,975,48375,76.67,67.05,76.75
14174,2021-03-11 13:37:00,69.9,70.55,69.9,70.55,975,48375,76.67,67.05,76.75
14175,2021-03-11 13:38:00,69.9,70.55,69.9,70.55,975,48375,76.67,67.05,76.75
14176,2021-03-11 13:39:00,69.9,70.55,69.9,70.55,975,48375,76.67,67.05,76.75
14177,2021-03-11 13:40:00,69.9,70.55,69.9,70.55,975,48375,76.67,67.05,76.75
14178,2021-03-11 13:41:00,69.9,70.55,69.9,70.55,975,48375,76.67,67.05,76.75
14179,2021-03-11 13:42:00,69.9,70.55,69.9,70.55,975,48375,76.67,67.05,76.75
14180,2021-03-11 13:43:00,69.9,70.55,69.9,70.55,975,48375,76.67,67.05,76.75
14181,2021-03-11 13:44:00,69.9,70.55,69.9,70.55,975,48375,76.67,67.05,76.75
14182,2021-03-11 13:45:00,69.9,70.55,69.9,70.55,975,48375,76.67,67.05,76.75
14183,2021-03-11 13:46:00,69.9,70.55,69.9,70.55,975,48375,76.67,67.05,76.75
14184,2021-03-11 13:47:00,69.9,70.55,69.9,70.55,975,48375,76.67,67.05,76.75
14185,2021-03-11 13:48:00,69.9,70.55,69.9,70.55,975,48375,76.67,67.05,76.75
14186,2021-03-11 13:49:00,69.9,70.55,69.9,70.55,975,48375,76.67,67.05,76.75
14187,2021-03-11 13:50:00,69.9,70.55,69.9,70.55,975,48375,76.67,67.05,76.75
14188,2021-03-11 13:51:00,69.9,70.55,69.9,70.55,975,48375,76.67,67.05,76.75
14189,2021-03-11 13:52:00,69.9,70.55,69.9,70.55,975,48375,76.67,67.05,76.75
14190,2021-03-11 13:53:00,69.9,70.55,69.9,70.55,975,48375,76.67,67.05,76.75
14191,2021-03-11 13:54:00,69.9,70.55,69.9,70.55,975,48375,76.67,67.05,76.75
14192,2021-03-11 13:55:00,69.9,70.55,69.9,70.55,975,48375,76.67,67.05,76.75
14193,2021-03-11 13:56:00,69.9,70.55,69.9,70.55,975,48375,76.67,67.05,76.75
14194,2021-03-11 13:57:00,69.9,70.55,69.9,70.55,975,48375,76.67,67.05,76.75
14195,2021-03-11 13:58:00,69.9,70.55,69.9,70.55,975,48375,76.67,67.05,76.75
14196,2021-03-11 13:59:00,69.9,70.55,69.9,70.55,975,48375,76.67,67.05,76.75
14197,2021-03-11 14:00:00,69.9,70.55,69.9,70.55,975,48375,76.67,67.05,76.75
14198,2021-03-11 14:01:00,69.9,70.55,69.9,70.55,975,48375,76.67,67.05,76.75
14199,2021-03-11 14:02:00,69.9,70.55,69.9,70.55,975,48375,76.67,67.05,76.75
14200,2021-03-11 14:03:00,69.9,70.55,69.9,70.55,975,48375,76.67,67.05,76.75
14201,2021-03-11 14:04:00,69.9,70.55,69.9,70.55,975,48375,76.67,67.05,76.75
14202,2021-03-11 14:05:00,69.9,70.55,69.9,70.55,975,48375,76.67,67.05,76.75
14203,2021-03-11 14:06:00,69.9,70.55,69.9,70.55,975,48375,76.67,67.05,76.75
14204,2021-03-11 14:07:00,69.9,70.55,69.9,70.55,975,48375,76.67,67.05,76.75
14205,2021-03-11 14:08:00,69.9,70.55,69.9,70.55,975,48375,76.67,67.05,76.75
14206,2021-03-11 14:09:00,69.9,70.55,69.9,70.55,975,48375,76.67,67.05,76.75
14207,2021-03-11 14:10:00,69.9,70.55,69.9,70.55,975,48375,76.67,67.05,76.75
14208,2021-03-11 14:11:00,69.9,70.55,69.9,70.55,975,48375,76.67,67.05,76.75
14209,2021-03-11 14:12:00,69.9,70.55,69.9,70.55,975,48375,76.67,67.05,76.75
14210,2021-03-11 14:13:00,69.9,70.55,69.9,70.55,975,48375,76.67,67.05,76.75
14211,2021-03-11 14:14:00,69.9,70.55,69.9,70.55,975,48375,76.67,67.05,76.75
14212,2021-03-11 14:15:00,69.9,70.55,69.9,70.55,975,48375,76.67,67.05,76.75
14213,2021-03-11 14:16:00,69.9,70.55,69.9,70.55,975,48375,76.67,67.05,76.75
14214,2021-03-11 14:17:00,69.9,70.55,69.9,70.55,975,48375,76.67,67.05,76.75
14215,2021-03-11 14:18:00,69.9,70.55,69.9,70.55,975,48375,76.67,67.05,76.75
14216,2021-03-11 14:19:00,69.9,70.55,69.9,70.55,975,48375,76.67,67.05,76.75
14217,2021-03-11 14:20:00,69.9,70.55,69.9,70.55,975,48375,76.67,67.05,76.75
14218,2021-03-11 14:21:00,69.9,70.55,69.9,70.55,975,48375,76.67,67.05,76.75
14219,2021-03-11 14:22:00,69.9,70.55,69.9,70.55,975,48375,76.67,67.05,76.75
14220,2021-03-11 14:23:00,69.9,70.55,69.9,70.55,975,48375,76.67,67.05,76.75
14221,2021-03-11 14:24:00,69.9,70.55,69.9,70.55,975,48375,76.67,67.05,76.75
14222,2021-03-11 14:25:00,69.9,70.55,69.9,70.55,975,48375,76.67,67.05,76.75
14223,2021-03-11 14:26:00,69.9,70.55,69.9,70.55,975,48375,76.67,67.05,76.75
14224,2021-03-11 14:27:00,69.9,70.55,69.9,70.55,975,48375,76.67,67.05,76.75
14225,2021-03-11 14:28:00,69.9,70.55,69.9,70.55,975,48375,76.67,67.05,76.75
14226,2021-03-11 14:29:00,69.9,70.55,69.9,70.55,975,48375,76.67,67.05,76.75
14227,2021-03-11 14:30:00,69.9,70.55,69.9,70.55,975,48375,76.67,67.05,76.75
14228,2021-03-11 14:31:00,69.9,70.55,69.9,70.55,975,48375,76.67,67.05,76.75
14229,2021-03-11 14:32:00,69.9,70.55,69.9,70.55,975,48375,76.67,67.05,76.75
14230,2021-03-11 14:33:00,69.9,70.55,69.9,70.55,975,48375,76.67,67.05,76.75
14231,2021-03-11 14:34:00,69.9,70.55,69.9,70.55,975,48375,76.67,67.05,76.75
14232,2021-03-11 14:35:00,69.9,70.55,69.9,70.55,975,48375,76.67,67.05,76.75
14233,2021-03-11 14:36:00,69.9,70.55,69.9,70.55,975,48375,76.67,67.05,76.75
14234,2021-03-11 14:37:00,69.9,70.55,69.9,70.55,975,48375,76.67,67.05,76.75
14235,2021-03-11 14:38:00,69.9,70.55,69.9,70.55,975,48375,76.67,67.05,76.75
14236,2021-03-11 14:39:00,69.9,70.55,69.9,70.55,975,48375,76.67,67.05,76.75
14237,2021-03-11 14:40:00,69.9,70.55,69.9,70.55,975,48375,76.67,67.05,76.75
14238,2021-03-11 14:41:00,69.9,70.55,69.9,70.55,975,48375,76.67,67.05,76.75
14239,2021-03-11 14:42:00,69.9,70.55,69.9,70.55,975,48375,76.67,67.05,76.75
14240,2021-03-11 14:43:00,69.9,70.55,69.9,70.55,975,48375,76.67,67.05,76.75
14241,2021-03-11 14:44:00,69.9,70.55,69.9,70.55,975,48375,76.67,67.05,76.75
14242,2021-03-11 14:45:00,69.9,70.55,69.9,70.55,975,48375,76.67,67.05,76.75
14243,2021-03-11 14:46:00,69.9,70.55,69.9,70.55,975,48375,76.67,67.05,76.75
14244,2021-03-11 14:47:00,69.9,70.55,69.9,70.55,975,48375,76.67,67.05,76.75
14245,2021-03-11 14:48:00,69.9,70.55,69.9,70.55,975,48375,76.67,67.05,76.75
14246,2021-03-11 14:49:00,69.9,70.55,69.9,70.55,975,48375,76.67,67.05,76.75
14247,2021-03-11 14:50:00,69.9,70.55,69.9,70.55,975,48375,76.67,67.05,76.75
14248,2021-03-11 14:51:00,69.9,70.55,69.9,70.55,975,48375,76.67,67.05,76.75
14249,2021-03-11 14:52:00,69.9,70.55,69.9,70.55,975,48375,76.67,67.05,76.75
14250,2021-03-11 14:53:00,69.9,70.55,69.9,70.55,975,48375,76.67,67.05,76.75
14251,2021-03-11 14:54:00,69.9,70.55,69.9,70.55,975,48375,76.67,67.05,76.75
14252,2021-03-11 14:55:00,69.9,70.55,69.9,70.55,975,48375,76.67,67.05,76.75
14253,2021-03-11 14:56:00,69.9,70.55,69.9,70.55,975,48375,76.67,67.05,76.75
14254,2021-03-11 14:57:00,69.9,70.55,69.9,70.55,975,48375,76.67,67.05,76.75
14255,2021-03-11 14:58:00,69.9,70.55,69.9,70.55,975,48375,76.67,67.05,76.75
14256,2021-03-11 14:59:00,69.9,70.55,69.9,70.55,975,48375,76.67,67.05,76.75
14257,2021-03-11 15:00:00,69.9,70.55,69.9,70.55,975,48375,76.67,67.05,76.75
14258,2021-03-11 15:01:00,69.9,70.55,69.9,70.55,975,48375,76.67,67.05,76.75
14259,2021-03-11 15:02:00,69.9,70.55,69.9,70.55,975,48375,76.67,67.05,76.75
14260,2021-03-11 15:03:00,69.9,70.55,69.9,70.55,975,48375,76.67,67.05,76.75
14261,2021-03-11 15:04:00,69.9,70.55,69.9,70.55,975,48375,76.67,67.05,76.75
14262,2021-03-11 15:05:00,69.9,70.55,69.9,70.55,975,48375,76.67,67.05,76.75
14263,2021-03-11 15:06:00,69.9,70.55,69.9,70.55,975,48375,76.67,67.05,76.75
14264,2021-03-11 15:07:00,69.9,70.55,69.9,70.55,975,48375,76.67,67.05,76.75
14265,2021-03-11 15:08:00,69.9,70.55,69.9,70.55,975,48375,76.67,67.05,76.75
14266,2021-03-11 15:09:00,69.9,70.55,69.9,70.55,975,48375,76.67,67.05,76.75
14267,2021-03-11 15:10:00,69.9,70.55,69.9,70.55,975,48375,76.67,67.05,76.75
14268,2021-03-11 15:11:00,69.9,70.55,69.9,70.55,975,48375,76.67,67.05,76.75
14269,2021-03-11 15:12:00,69.9,70.55,69.9,70.55,975,48375,76.67,67.05,76.75
14270,2021-03-11 15:13:00,69.9,70.55,69.9,70.55,975,48375,76.67,67.05,76.75
14271,2021-03-11 15:14:00,69.9,70.55,69.9,70.55,975,48375,76.67,67.05,76.75
14272,2021-03-11 15:15:00,69.9,70.55,69.9,70.55,975,48375,76.67,67.05,76.75
14273,2021-03-11 15:16:00,69.9,70.55,69.9,70.55,975,48375,76.67,67.05,76.75
14274,2021-03-11 15:17:00,69.9,70.55,69.9,70.55,975,48375,76.67,67.05,76.75
14275,2021-03-11 15:18:00,69.9,70.55,69.9,70.55,975,48375,76.67,67.05,76.75
14276,2021-03-11 15:19:00,69.9,70.55,69.9,70.55,975,48375,76.67,67.05,76.75
14277,2021-03-11 15:20:00,69.9,70.55,69.9,70.55,975,48375,76.67,67.05,76.75
14278,2021-03-11 15:21:00,69.9,70.55,69.9,70.55,975,48375,76.67,67.05,76.75
14279,2021-03-11 15:22:00,69.9,70.55,69.9,70.55,975,48375,76.67,67.05,76.75
14280,2021-03-11 15:23:00,69.9,70.55,69.9,70.55,975,48375,76.67,67.05,76.75
14281,2021-03-11 15:24:00,69.9,70.55,69.9,70.55,975,48375,76.67,67.05,76.75
14282,2021-03-11 15:25:00,69.9,70.55,69.9,70.55,975,48375,76.67,67.05,76.75
14283,2021-03-11 15:26:00,69.9,70.55,69.9,70.55,975,48375,76.67,67.05,76.75
14284,2021-03-11 15:27:00,69.9,70.55,69.9,70.55,975,48375,76.67,67.05,76.75
14285,2021-03-11 15:28:00,69.9,70.55,69.9,70.55,975,48375,76.67,67.05,76.75
14286,2021-03-11 15:29:00,69.9,70.55,69.9,70.55,975,48375,76.67,67.05,76.75
14287,2021-03-11 15:30:00,69.9,70.55,69.9,70.55,975,48375,76.67,67.05,76.75
14288,2021-03-12 09:15:00,42.15,45.5,42.15,45.0,525,43800,44.66,43.95,44.9
14289,2021-03-12 09:16:00,45.35,45.35,44.95,44.95,150,43800,44.77,45.8,47.85
14290,2021-03-12 09:17:00,48.35,48.35,48.35,48.35,225,43800,45.66,46.9,48.9
14291,2021-03-12 09:18:00,48.55,49.0,48.55,49.0,525,43800,46.8,48.4,49.1
14292,2021-03-12 09:19:00,49.15,49.15,47.7,47.7,525,43800,47.26,45.45,47.75
14293,2021-03-12 09:20:00,47.8,48.0,47.45,48.0,825,43950,47.43,46.4,46.95
14294,2021-03-12 09:21:00,46.4,46.9,46.2,46.2,975,43950,47.16,46.1,46.65
14295,2021-03-12 09:22:00,46.8,47.65,46.6,47.65,2850,43950,47.45,47.0,47.5
14296,2021-03-12 09:23:00,47.15,47.15,47.15,47.15,75,43050,47.45,47.05,47.4
14297,2021-03-12 09:24:00,47.3,47.4,46.8,47.4,375,43050,47.44,47.35,47.8
14298,2021-03-12 09:25:00,47.45,48.0,47.45,47.95,1200,43050,47.49,47.7,48.0
14299,2021-03-12 09:26:00,48.0,48.3,47.35,47.35,2250,43575,47.65,46.8,47.3
14300,2021-03-12 09:27:00,46.8,47.0,46.4,46.4,975,43575,47.57,46.3,46.75
14301,2021-03-12 09:28:00,46.4,46.8,46.1,46.8,900,43575,47.48,46.65,47.1
14302,2021-03-12 09:29:00,46.9,47.55,46.9,47.2,525,45525,47.47,47.0,47.3
14303,2021-03-12 09:30:00,47.2,47.45,46.55,47.45,2625,45525,47.37,47.5,47.9
14304,2021-03-12 09:31:00,48.05,49.4,48.05,48.7,900,45525,47.45,49.15,49.4
14305,2021-03-12 09:32:00,49.25,49.6,49.25,49.45,900,47400,47.56,49.4,49.65
14306,2021-03-12 09:33:00,49.35,50.65,49.35,50.55,1500,47400,47.73,50.25,50.6
14307,2021-03-12 09:34:00,50.5,50.55,50.5,50.55,150,47400,47.76,50.3,50.6
14308,2021-03-12 09:35:00,50.35,50.35,49.75,49.75,675,48975,47.84,49.55,49.7
14309,2021-03-12 09:36:00,49.6,49.6,48.9,48.9,600,48975,47.88,48.8,49.1
14310,2021-03-12 09:37:00,49.05,50.4,48.55,50.4,975,48975,47.94,50.2,50.55
14311,2021-03-12 09:38:00,50.25,50.25,49.9,49.95,225,48975,47.96,49.15,49.55
14312,2021-03-12 09:39:00,49.55,50.1,49.55,50.1,450,48975,48.0,50.05,50.35
14313,2021-03-12 09:40:00,50.1,50.1,50.1,50.1,300,48975,48.03,49.4,49.7
14314,2021-03-12 09:41:00,49.75,50.05,49.75,50.05,150,48525,48.04,49.7,50.05
14315,2021-03-12 09:42:00,50.05,50.05,48.95,48.95,225,48525,48.06,49.0,49.3
14316,2021-03-12 09:43:00,49.2,49.35,48.7,48.95,4125,48525,48.19,49.55,49.85
14317,2021-03-12 09:44:00,49.35,49.35,48.7,48.8,750,40125,48.2,48.45,48.75
14318,2021-03-12 09:45:00,48.95,48.95,48.95,48.95,150,40125,48.21,48.85,49.1
14319,2021-03-12 09:46:00,49.15,49.15,49.15,49.15,75,40125,48.21,49.65,49.95
14320,2021-03-12 09:47:00,49.9,50.7,49.85,49.9,1050,39600,48.28,49.65,49.9
14321,2021-03-12 09:48:00,50.05,50.05,49.95,49.95,375,39600,48.31,49.9,50.25
14322,2021-03-12 09:49:00,50.45,50.9,50.3,50.9,450,39600,48.34,50.8,51.1
14323,2021-03-12 09:50:00,50.45,50.9,50.3,50.9,450,39600,48.34,50.8,51.1
14324,2021-03-12 09:51:00,49.4,49.5,49.4,49.5,225,38700,48.35,49.6,49.85
14325,2021-03-12 09:52:00,50.05,50.05,50.05,50.05,75,38700,48.35,50.0,50.35
14326,2021-03-12 09:53:00,49.85,50.2,49.8,50.2,225,38775,48.36,49.8,50.1
14327,2021-03-12 09:54:00,49.8,49.8,49.8,49.8,150,38775,48.37,49.75,50.05
14328,2021-03-12 09:55:00,49.55,49.95,49.55,49.95,150,38775,48.38,49.75,50.05
14329,2021-03-12 09:56:00,49.55,49.55,49.5,49.5,3150,38175,48.49,49.4,49.55
14330,2021-03-12 09:57:00,49.55,49.85,49.55,49.7,1875,38175,48.55,49.2,49.55
14331,2021-03-12 09:58:00,49.2,49.4,48.65,48.65,1275,38175,48.57,48.5,48.85
14332,2021-03-12 09:59:00,49.2,49.4,48.65,48.65,1275,38175,48.57,48.5,48.85
14333,2021-03-12 10:00:00,48.65,48.75,48.25,48.25,225,39525,48.57,48.15,48.4
14334,2021-03-12 10:01:00,48.6,48.65,48.6,48.65,150,39525,48.57,48.95,49.25
14335,2021-03-12 10:02:00,48.8,48.9,48.8,48.9,300,39525,48.57,49.0,49.25
14336,2021-03-12 10:03:00,49.7,49.7,49.7,49.7,75,39525,48.58,49.7,49.85
14337,2021-03-12 10:04:00,49.7,49.9,49.35,49.9,675,39525,48.59,49.3,49.65
14338,2021-03-12 10:05:00,49.75,49.75,49.75,49.75,300,39525,48.6,49.2,49.5
14339,2021-03-12 10:06:00,49.75,49.75,49.75,49.75,300,39525,48.6,49.2,49.5
14340,2021-03-12 10:07:00,49.0,49.0,49.0,49.0,75,39825,48.6,48.75,49.0
14341,2021-03-12 10:08:00,49.0,49.0,49.0,49.0,75,39825,48.6,48.75,49.0
14342,2021-03-12 10:09:00,49.0,49.0,49.0,49.0,75,39825,48.6,48.75,49.0
14343,2021-03-12 10:10:00,49.0,49.0,49.0,49.0,75,39825,48.6,48.75,49.0
14344,2021-03-12 10:11:00,49.15,49.15,48.55,49.1,600,39975,48.61,49.2,49.5
14345,2021-03-12 10:12:00,48.95,48.95,48.8,48.8,150,39975,48.61,48.6,48.85
14346,2021-03-12 10:13:00,48.5,48.55,48.2,48.55,225,39975,48.61,48.4,48.65
14347,2021-03-12 10:14:00,48.7,48.7,48.7,48.7,150,39975,48.61,49.15,49.45
14348,2021-03-12 10:15:00,49.7,49.85,49.35,49.35,1650,40575,48.65,49.2,49.4
14349,2021-03-12 10:16:00,49.35,49.35,49.35,49.35,75,40575,48.65,49.65,49.85
14350,2021-03-12 10:17:00,49.55,49.55,49.55,49.55,150,40575,48.65,49.45,49.75
14351,2021-03-12 10:18:00,49.55,49.55,49.55,49.55,150,40875,48.66,49.4,49.65
14352,2021-03-12 10:19:00,49.55,49.55,49.55,49.55,150,40875,48.66,49.4,49.65
14353,2021-03-12 10:20:00,49.45,49.45,49.45,49.45,75,40875,48.66,49.1,49.45
14354,2021-03-12 10:21:00,49.7,49.7,49.6,49.6,150,39525,48.66,49.5,49.75
14355,2021-03-12 10:22:00,49.7,49.7,49.6,49.6,150,39525,48.66,49.5,49.75
14356,2021-03-12 10:23:00,50.0,50.0,50.0,50.0,150,39600,48.67,50.0,50.4
14357,2021-03-12 10:24:00,50.35,50.8,50.35,50.8,1050,39600,48.72,50.8,51.1
14358,2021-03-12 10:25:00,51.55,51.55,51.55,51.55,675,39600,48.76,51.3,51.7
14359,2021-03-12 10:26:00,51.8,51.8,51.45,51.45,600,39600,48.8,51.1,51.4
14360,2021-03-12 10:27:00,51.6,51.7,51.6,51.7,150,39975,48.81,51.05,51.4
14361,2021-03-12 10:28:00,51.8,51.8,51.8,51.8,150,39975,48.82,51.65,51.9
14362,2021-03-12 10:29:00,52.55,52.55,51.85,51.85,675,39975,48.87,52.0,52.3
14363,2021-03-12 10:30:00,52.95,52.95,51.95,52.0,300,39750,48.89,52.3,52.6
14364,2021-03-12 10:31:00,52.95,52.95,51.95,52.0,300,39750,48.89,52.3,52.6
14365,2021-03-12 10:32:00,51.7,51.7,51.7,51.7,75,39750,48.9,50.7,50.95
14366,2021-03-12 10:33:00,50.55,50.8,50.55,50.55,450,39000,48.92,50.4,50.65
14367,2021-03-12 10:34:00,50.65,50.65,50.65,50.65,150,39000,48.92,50.5,50.75
14368,2021-03-12 10:35:00,50.5,50.5,49.8,49.95,375,39600,48.93,49.9,50.1
14369,2021-03-12 10:36:00,49.75,49.95,49.75,49.95,525,39600,48.94,49.95,50.15
14370,2021-03-12 10:37:00,49.75,49.95,49.75,49.95,525,39600,48.94,49.95,50.15
14371,2021-03-12 10:38:00,50.25,50.25,50.25,50.25,75,39600,48.94,50.4,50.6
14372,2021-03-12 10:39:00,50.25,50.25,50.25,50.25,75,39600,48.94,50.4,50.6
14373,2021-03-12 10:40:00,51.2,51.2,51.2,51.2,150,40050,48.95,51.2,51.45
14374,2021-03-12 10:41:00,51.0,51.0,50.85,50.85,150,40050,48.96,50.9,51.25
14375,2021-03-12 10:42:00,51.0,51.0,50.85,50.85,150,40050,48.96,50.9,51.25
14376,2021-03-12 10:43:00,51.2,51.2,51.2,51.2,150,39975,48.96,50.7,51.05
14377,2021-03-12 10:44:00,51.2,51.2,51.2,51.2,150,39975,48.96,50.7,51.05
14378,2021-03-12 10:45:00,51.2,51.2,51.2,51.2,150,39975,48.96,50.7,51.05
14379,2021-03-12 10:46:00,51.2,51.2,51.2,51.2,150,39975,48.96,50.7,51.05
14380,2021-03-12 10:47:00,51.2,51.2,51.2,51.2,150,39975,48.96,50.7,51.05
14381,2021-03-12 10:48:00,51.2,51.2,51.2,51.2,150,39975,48.96,50.7,51.05
14382,2021-03-12 10:49:00,51.2,51.2,51.2,51.2,150,39975,48.96,50.7,51.05
14383,2021-03-12 10:50:00,51.2,51.2,51.2,51.2,150,39975,48.96,50.7,51.05
14384,2021-03-12 10:51:00,51.0,51.15,51.0,51.15,225,39750,48.97,51.2,51.55
14385,2021-03-12 10:52:00,51.0,51.15,51.0,51.15,225,39750,48.97,51.2,51.55
14386,2021-03-12 10:53:00,51.0,51.15,51.0,51.15,225,39750,48.97,51.2,51.55
14387,2021-03-12 10:54:00,51.0,51.15,51.0,51.15,225,39750,48.97,51.2,51.55
14388,2021-03-12 10:55:00,51.0,51.15,51.0,51.15,225,39750,48.97,51.2,51.55
14389,2021-03-12 10:56:00,50.7,50.7,50.7,50.7,225,39675,48.98,50.7,51.05
14390,2021-03-12 10:57:00,50.7,50.7,50.7,50.7,225,39675,48.98,50.7,51.05
14391,2021-03-12 10:58:00,51.3,51.3,51.3,51.3,300,39675,49.0,51.15,51.45
14392,2021-03-12 10:59:00,51.3,51.3,51.3,51.3,300,39675,49.0,51.15,51.45
14393,2021-03-12 11:00:00,51.55,51.55,51.55,51.55,75,39900,49.0,51.15,51.4
14394,2021-03-12 11:01:00,51.55,51.55,51.55,51.55,75,39900,49.0,51.15,51.4
14395,2021-03-12 11:02:00,51.6,51.6,51.25,51.6,675,39900,49.03,51.55,51.85
14396,2021-03-12 11:03:00,51.6,51.6,51.25,51.6,675,39900,49.03,51.55,51.85
14397,2021-03-12 11:04:00,51.6,51.6,51.25,51.6,675,39900,49.03,51.55,51.85
14398,2021-03-12 11:05:00,51.6,51.6,51.25,51.6,675,39900,49.03,51.55,51.85
14399,2021-03-12 11:06:00,50.8,50.8,50.8,50.8,225,39600,49.04,50.6,50.9
14400,2021-03-12 11:07:00,50.8,50.8,50.8,50.8,225,39600,49.04,50.6,50.9
14401,2021-03-12 11:08:00,50.8,50.8,50.8,50.8,225,39600,49.04,50.6,50.9
14402,2021-03-12 11:09:00,51.35,51.35,51.35,51.35,75,39600,49.05,51.05,51.35
14403,2021-03-12 11:10:00,51.35,51.35,51.35,51.35,75,39600,49.05,51.05,51.35
14404,2021-03-12 11:11:00,51.35,51.35,51.35,51.35,75,39600,49.05,50.9,51.25
14405,2021-03-12 11:12:00,51.35,51.35,51.35,51.35,75,39600,49.05,50.9,51.25
14406,2021-03-12 11:13:00,51.5,51.5,51.5,51.5,450,35025,49.07,51.65,51.95
14407,2021-03-12 11:14:00,51.5,51.5,51.5,51.5,450,35025,49.07,51.65,51.95
14408,2021-03-12 11:15:00,51.5,51.5,51.5,51.5,450,35025,49.07,51.65,51.95
14409,2021-03-12 11:16:00,51.5,51.5,51.5,51.5,75,34875,49.07,50.9,51.2
14410,2021-03-12 11:17:00,50.6,50.6,50.6,50.6,450,34875,49.09,51.2,51.45
14411,2021-03-12 11:18:00,50.6,50.6,50.6,50.6,450,34875,49.09,51.2,51.45
14412,2021-03-12 11:19:00,50.6,50.6,50.6,50.6,450,34875,49.09,51.2,51.45
14413,2021-03-12 11:20:00,51.1,51.1,51.1,51.1,225,34725,49.1,51.4,51.75
14414,2021-03-12 11:21:00,51.1,51.1,51.1,51.1,225,34725,49.1,51.4,51.75
14415,2021-03-12 11:22:00,51.1,51.1,51.1,51.1,225,34725,49.1,51.4,51.75
14416,2021-03-12 11:23:00,51.1,51.1,51.1,51.1,225,34725,49.1,51.4,51.75
14417,2021-03-12 11:24:00,50.85,51.1,50.8,50.8,1050,34725,49.13,50.65,50.9
14418,2021-03-12 11:25:00,50.9,51.0,50.9,51.0,225,34725,49.14,50.9,51.3
14419,2021-03-12 11:26:00,50.9,51.0,50.9,51.0,225,34725,49.14,50.9,51.3
14420,2021-03-12 11:27:00,51.05,51.05,51.05,51.05,150,35025,49.15,51.0,51.3
14421,2021-03-12 11:28:00,51.4,51.4,51.4,51.4,75,35025,49.15,51.25,51.5
14422,2021-03-12 11:29:00,51.4,51.4,51.4,51.4,75,35025,49.15,51.25,51.5
14423,2021-03-12 11:30:00,51.5,51.5,51.5,51.5,75,35100,49.15,50.8,51.05
14424,2021-03-12 11:31:00,51.5,51.5,51.5,51.5,75,35100,49.15,50.8,51.05
14425,2021-03-12 11:32:00,51.5,51.5,51.5,51.5,75,35100,49.15,50.8,51.05
14426,2021-03-12 11:33:00,50.05,50.05,48.65,48.65,225,35175,49.16,48.4,48.8
14427,2021-03-12 11:34:00,49.0,49.0,49.0,49.0,150,35175,49.15,49.25,49.55
14428,2021-03-12 11:35:00,49.2,49.2,49.2,49.2,75,35175,49.15,49.8,50.05
14429,2021-03-12 11:36:00,49.25,49.5,49.15,49.15,375,34650,49.16,49.25,49.5
14430,2021-03-12 11:37:00,49.3,49.3,49.3,49.3,75,34650,49.16,49.4,49.5
14431,2021-03-12 11:38:00,49.5,49.5,49.4,49.4,375,35250,49.16,49.2,49.5
14432,2021-03-12 11:39:00,49.7,49.7,49.5,49.7,300,35250,49.16,49.55,49.9
14433,2021-03-12 11:40:00,49.8,49.8,49.8,49.8,225,35250,49.16,49.8,50.05
14434,2021-03-12 11:41:00,50.3,50.3,50.2,50.2,150,35250,49.17,50.35,50.7
14435,2021-03-12 11:42:00,50.5,50.55,50.45,50.45,375,35475,49.18,50.15,50.35
14436,2021-03-12 11:43:00,50.55,50.55,50.55,50.55,75,35475,49.18,50.25,50.5
14437,2021-03-12 11:44:00,50.05,50.05,49.75,49.9,375,35475,49.18,49.75,50.05
14438,2021-03-12 11:45:00,49.9,49.9,49.9,49.9,75,35850,49.18,49.95,50.3
14439,2021-03-12 11:46:00,49.9,49.9,49.9,49.9,75,35850,49.18,49.95,50.3
14440,2021-03-12 11:47:00,49.9,49.9,49.9,49.9,75,35850,49.18,49.95,50.3
14441,2021-03-12 11:48:00,49.55,49.55,49.55,49.55,150,35850,49.18,49.7,49.95
14442,2021-03-12 11:49:00,49.55,49.55,49.55,49.55,150,35850,49.18,49.7,49.95
14443,2021-03-12 11:50:00,49.65,49.65,49.65,49.65,75,35850,49.18,49.15,49.45
14444,2021-03-12 11:51:00,49.65,49.65,49.65,49.65,75,35850,49.18,49.15,49.45
14445,2021-03-12 11:52:00,49.65,49.65,49.65,49.65,75,35850,49.18,49.15,49.45
14446,2021-03-12 11:53:00,49.6,49.6,49.6,49.6,75,36000,49.19,49.3,49.6
14447,2021-03-12 11:54:00,49.6,49.6,49.6,49.6,75,36000,49.19,49.3,49.6
14448,2021-03-12 11:55:00,49.35,49.35,49.35,49.35,75,36075,49.19,49.4,49.65
14449,2021-03-12 11:56:00,49.35,49.35,49.35,49.35,75,36075,49.19,49.4,49.65
14450,2021-03-12 11:57:00,49.35,49.35,49.35,49.35,75,36075,49.19,49.4,49.65
14451,2021-03-12 11:58:00,49.35,49.35,49.35,49.35,75,36075,49.19,49.4,49.65
14452,2021-03-12 11:59:00,49.35,49.35,49.35,49.35,75,36075,49.19,49.4,49.65
14453,2021-03-12 12:00:00,49.35,49.35,49.35,49.35,75,36075,49.19,49.4,49.65
14454,2021-03-12 12:01:00,49.3,49.3,49.3,49.3,150,36075,49.19,49.15,49.45
14455,2021-03-12 12:02:00,49.3,49.3,49.3,49.3,150,36075,49.19,49.15,49.45
14456,2021-03-12 12:03:00,49.3,49.3,49.3,49.3,150,36075,49.19,49.15,49.45
14457,2021-03-12 12:04:00,49.3,49.3,49.3,49.3,150,36075,49.19,49.15,49.45
14458,2021-03-12 12:05:00,49.3,49.3,49.3,49.3,150,36075,49.19,49.15,49.45
14459,2021-03-12 12:06:00,49.35,49.35,49.35,49.35,150,35925,49.19,49.1,49.35
14460,2021-03-12 12:07:00,49.35,49.35,49.35,49.35,150,35925,49.19,49.65,49.85
14461,2021-03-12 12:08:00,49.65,49.7,49.5,49.7,300,35925,49.19,49.45,49.7
14462,2021-03-12 12:09:00,49.65,49.65,49.65,49.65,300,36300,49.19,49.6,49.9
14463,2021-03-12 12:10:00,49.8,49.8,49.8,49.8,75,36300,49.19,49.5,49.85
14464,2021-03-12 12:11:00,49.7,49.7,49.7,49.7,300,36300,49.19,49.25,49.55
14465,2021-03-12 12:12:00,49.7,49.7,49.7,49.7,300,36300,49.19,49.25,49.55
14466,2021-03-12 12:13:00,49.7,49.7,49.7,49.7,150,36675,49.2,49.55,49.85
14467,2021-03-12 12:14:00,50.65,50.95,50.65,50.95,150,36675,49.2,50.75,51.15
14468,2021-03-12 12:15:00,52.3,52.35,52.3,52.35,975,36525,49.25,51.15,51.5
14469,2021-03-12 12:16:00,51.25,51.25,51.25,51.25,75,36525,49.25,51.0,51.2
14470,2021-03-12 12:17:00,51.25,51.25,51.25,51.25,75,36525,49.25,51.0,51.2
14471,2021-03-12 12:18:00,51.25,51.25,51.2,51.2,150,36300,49.26,50.9,51.3
14472,2021-03-12 12:19:00,50.35,50.35,50.35,50.35,75,36300,49.26,50.95,51.2
14473,2021-03-12 12:20:00,51.65,51.7,51.65,51.7,150,36300,49.27,51.5,51.75
14474,2021-03-12 12:21:00,52.0,52.0,52.0,52.0,75,36375,49.27,51.9,52.25
14475,2021-03-12 12:22:00,52.35,54.05,52.35,53.6,750,36375,49.32,53.1,53.4
14476,2021-03-12 12:23:00,52.55,52.9,52.55,52.9,525,36375,49.35,53.1,53.3
14477,2021-03-12 12:24:00,52.55,52.9,52.55,52.9,525,36375,49.35,53.1,53.3
14478,2021-03-12 12:25:00,52.9,53.7,52.8,52.8,900,36225,49.41,52.65,52.95
14479,2021-03-12 12:26:00,52.7,53.0,52.7,53.0,225,36225,49.42,53.1,53.4
14480,2021-03-12 12:27:00,52.7,53.0,52.7,53.0,225,36225,49.42,53.1,53.4
14481,2021-03-12 12:28:00,52.7,53.0,52.7,53.0,225,36225,49.42,53.1,53.4
14482,2021-03-12 12:29:00,54.95,55.0,53.6,53.6,300,36300,49.45,53.8,54.15
14483,2021-03-12 12:30:00,53.95,53.95,53.95,53.95,75,36300,49.45,52.65,52.9
14484,2021-03-12 12:31:00,53.3,53.5,53.05,53.05,525,36225,49.49,52.55,52.85
14485,2021-03-12 12:32:00,52.55,52.55,52.55,52.55,150,36225,49.49,52.35,52.65
14486,2021-03-12 12:33:00,52.7,52.7,52.6,52.6,150,36225,49.5,52.35,52.7
14487,2021-03-12 12:34:00,52.45,52.45,52.45,52.45,75,36225,49.5,52.2,52.45
14488,2021-03-12 12:35:00,52.25,52.25,52.25,52.25,75,36225,49.51,52.6,53.0
14489,2021-03-12 12:36:00,53.0,53.3,53.0,53.0,825,36000,49.55,52.95,53.25
14490,2021-03-12 12:37:00,53.0,53.3,53.0,53.3,675,36000,49.59,53.35,53.65
14491,2021-03-12 12:38:00,53.0,53.3,53.0,53.3,675,36000,49.59,53.35,53.65
14492,2021-03-12 12:39:00,53.0,53.3,53.0,53.3,675,36000,49.59,53.35,53.65
14493,2021-03-12 12:40:00,53.8,54.3,53.8,54.3,900,37200,49.66,54.8,55.05
14494,2021-03-12 12:41:00,54.5,54.7,54.5,54.7,150,37200,49.67,54.65,54.95
14495,2021-03-12 12:42:00,54.5,54.7,54.5,54.7,150,37200,49.67,54.65,54.95
14496,2021-03-12 12:43:00,56.15,56.95,56.15,56.95,225,37275,49.69,56.75,57.0
14497,2021-03-12 12:44:00,57.2,57.2,57.2,57.2,150,37275,49.71,56.95,57.2
14498,2021-03-12 12:45:00,57.25,58.6,57.25,58.15,300,37275,49.75,57.9,58.25
14499,2021-03-12 12:46:00,58.0,58.0,57.4,57.4,225,37275,49.77,57.95,58.2
14500,2021-03-12 12:47:00,57.45,57.45,57.05,57.05,750,37275,49.86,57.25,57.45
14501,2021-03-12 12:48:00,57.45,57.45,57.05,57.05,750,37275,49.86,57.25,57.45
14502,2021-03-12 12:49:00,58.8,58.8,58.8,58.8,75,37350,49.87,57.95,58.35
14503,2021-03-12 12:50:00,58.1,58.9,58.1,58.9,300,37350,49.9,59.55,59.9
14504,2021-03-12 12:51:00,59.95,60.6,59.95,60.55,300,36750,49.95,60.4,60.75
14505,2021-03-12 12:52:00,60.9,60.95,60.2,60.2,300,36750,50.0,60.2,60.5
14506,2021-03-12 12:53:00,60.9,60.95,60.2,60.2,300,36750,50.0,60.2,60.5
14507,2021-03-12 12:54:00,59.3,59.3,58.65,58.65,150,36900,50.02,58.4,58.8
14508,2021-03-12 12:55:00,58.5,59.4,58.5,59.4,150,36900,50.04,58.7,59.0
14509,2021-03-12 12:56:00,59.5,59.5,59.5,59.5,75,36900,50.05,59.4,59.75
14510,2021-03-12 12:57:00,59.3,59.3,58.85,58.85,150,36975,50.07,58.85,59.25
14511,2021-03-12 12:58:00,59.3,59.3,58.85,58.85,150,36975,50.07,58.85,59.25
14512,2021-03-12 12:59:00,59.2,59.2,59.2,59.2,225,36975,50.1,59.4,59.7
14513,2021-03-12 13:00:00,60.0,61.65,60.0,61.65,300,36150,50.15,60.65,60.95
14514,2021-03-12 13:01:00,60.8,60.95,60.25,60.25,225,36150,50.18,59.75,60.15
14515,2021-03-12 13:02:00,59.4,59.4,59.4,59.4,75,36150,50.19,58.5,58.9
14516,2021-03-12 13:03:00,57.4,57.4,56.65,56.65,150,36450,50.21,56.15,56.4
14517,2021-03-12 13:04:00,55.45,55.7,55.3,55.3,300,36450,50.23,55.35,55.7
14518,2021-03-12 13:05:00,55.65,56.55,55.65,56.55,150,36450,50.24,55.75,56.05
14519,2021-03-12 13:06:00,56.2,57.35,56.2,57.35,450,36450,50.28,57.5,57.9
14520,2021-03-12 13:07:00,57.55,57.55,57.55,57.55,75,36450,50.29,58.15,58.45
14521,2021-03-12 13:08:00,57.55,57.55,57.55,57.55,75,36450,50.29,58.15,58.45
14522,2021-03-12 13:09:00,58.2,58.6,58.2,58.6,150,36450,50.31,58.25,58.6
14523,2021-03-12 13:10:00,58.2,58.6,58.2,58.6,150,36450,50.31,58.25,58.6
14524,2021-03-12 13:11:00,56.9,56.9,56.9,56.9,75,36450,50.32,57.3,57.6
14525,2021-03-12 13:12:00,56.85,56.85,56.85,56.85,75,36000,50.32,58.0,58.35
14526,2021-03-12 13:13:00,58.9,58.9,58.9,58.9,75,36000,50.33,59.8,60.15
14527,2021-03-12 13:14:00,58.7,60.6,58.7,60.6,225,36000,50.36,60.35,60.8
14528,2021-03-12 13:15:00,61.9,63.1,61.9,63.1,750,36075,50.49,62.75,63.05
14529,2021-03-12 13:16:00,63.65,63.65,63.2,63.2,300,36075,50.54,63.25,63.55
14530,2021-03-12 13:17:00,63.1,63.1,60.95,60.95,525,36075,50.62,60.95,61.2
14531,2021-03-12 13:18:00,61.0,61.0,59.9,59.9,525,36150,50.7,59.7,60.0
14532,2021-03-12 13:19:00,60.4,61.75,60.4,61.75,450,36150,50.76,62.55,62.95
14533,2021-03-12 13:20:00,60.4,61.75,60.4,61.75,450,36150,50.76,62.55,62.95
14534,2021-03-12 13:21:00,62.05,62.05,62.05,62.05,75,36150,50.77,61.65,61.95
14535,2021-03-12 13:22:00,62.05,62.05,62.05,62.05,75,36150,50.77,61.65,61.95
14536,2021-03-12 13:23:00,62.05,62.05,62.05,62.05,75,36150,50.77,61.65,61.95
14537,2021-03-12 13:24:00,60.0,60.0,59.5,59.5,300,36300,50.81,59.95,60.25
14538,2021-03-12 13:25:00,59.6,59.6,59.35,59.35,150,36300,50.83,60.2,60.55
14539,2021-03-12 13:26:00,60.7,60.7,60.7,60.7,75,36300,50.84,60.55,60.85
14540,2021-03-12 13:27:00,60.85,60.85,60.85,60.85,75,36300,50.85,60.3,60.7
14541,2021-03-12 13:28:00,60.85,60.85,60.85,60.85,75,36300,50.85,60.3,60.7
14542,2021-03-12 13:29:00,60.85,60.85,60.85,60.85,75,36300,50.85,60.3,60.7
14543,2021-03-12 13:30:00,62.35,62.75,61.2,62.75,450,35550,50.91,62.6,62.95
14544,2021-03-12 13:31:00,62.4,64.25,62.4,64.2,675,35550,51.03,64.75,65.1
14545,2021-03-12 13:32:00,65.85,66.05,65.8,66.05,225,35550,51.07,66.2,66.6
14546,2021-03-12 13:33:00,67.7,69.6,67.7,69.55,825,35400,51.26,70.25,70.7
14547,2021-03-12 13:34:00,71.0,76.0,71.0,75.6,450,35400,51.39,76.0,76.4
14548,2021-03-12 13:35:00,79.05,79.05,78.1,78.1,225,35400,51.47,77.95,78.4
14549,2021-03-12 13:36:00,78.15,78.4,75.15,76.25,1425,35325,51.93,75.85,76.3
14550,2021-03-12 13:37:00,76.75,77.1,76.65,76.65,525,35325,52.09,76.35,76.75
14551,2021-03-12 13:38:00,76.7,76.7,73.35,73.5,600,35325,52.26,73.65,74.1
14552,2021-03-12 13:39:00,75.25,75.5,75.25,75.5,375,35475,52.37,76.6,77.0
14553,2021-03-12 13:40:00,77.0,84.35,77.0,82.75,5025,35475,54.14,82.5,83.05
14554,2021-03-12 13:41:00,82.8,85.35,82.35,82.8,4125,35475,55.5,82.95,83.45
14555,2021-03-12 13:42:00,84.0,95.15,84.0,92.4,6300,36525,57.88,92.25,93.35
14556,2021-03-12 13:43:00,93.45,113.1,93.45,113.1,6975,36525,61.06,107.75,113.4
14557,2021-03-12 13:44:00,109.9,109.9,99.7,99.7,1050,36525,61.52,99.05,99.8
14558,2021-03-12 13:45:00,100.9,110.3,100.9,106.6,2625,37800,62.6,106.0,106.6
14559,2021-03-12 13:46:00,106.6,106.6,94.55,95.45,2175,37800,63.35,95.0,95.75
14560,2021-03-12 13:47:00,95.0,97.5,90.75,97.5,2475,37800,64.02,96.05,98.15
14561,2021-03-12 13:48:00,100.4,103.55,95.9,98.85,2775,38775,64.9,98.65,99.1
14562,2021-03-12 13:49:00,99.1,100.1,93.0,94.6,5700,38775,66.23,95.8,96.65
14563,2021-03-12 13:50:00,97.5,97.5,91.25,95.1,2400,38775,66.83,95.15,96.0
14564,2021-03-12 13:51:00,94.0,94.0,91.2,91.35,750,37875,66.99,92.05,92.55
14565,2021-03-12 13:52:00,92.15,93.85,88.6,90.05,1350,37875,67.25,89.95,90.55
14566,2021-03-12 13:53:00,90.0,93.0,90.0,92.9,900,37875,67.43,91.75,92.4
14567,2021-03-12 13:54:00,90.75,90.9,85.1,86.8,1425,35700,67.65,86.65,87.15
14568,2021-03-12 13:55:00,86.3,88.15,86.3,87.85,525,35700,67.74,86.75,87.3
14569,2021-03-12 13:56:00,86.6,92.25,86.6,92.25,600,35700,67.84,91.3,91.95
14570,2021-03-12 13:57:00,90.85,92.95,90.85,92.95,375,35325,67.91,92.0,92.45
14571,2021-03-12 13:58:00,95.1,95.1,91.65,92.05,225,35325,67.96,92.25,92.85
14572,2021-03-12 13:59:00,90.5,90.5,87.75,87.75,225,35325,67.99,87.6,88.1
14573,2021-03-12 14:00:00,89.15,92.05,89.15,90.65,375,35775,68.06,91.0,91.5
14574,2021-03-12 14:01:00,94.3,95.05,93.9,94.75,375,35775,68.14,95.05,95.75
14575,2021-03-12 14:02:00,95.45,95.45,94.25,94.25,150,35775,68.17,95.15,95.7
14576,2021-03-12 14:03:00,95.45,97.6,95.45,97.15,375,35700,68.25,96.85,97.35
14577,2021-03-12 14:04:00,96.65,99.75,96.5,99.75,675,35700,68.41,99.7,100.25
14578,2021-03-12 14:05:00,102.1,102.55,97.95,97.95,675,35700,68.57,97.55,98.1
14579,2021-03-12 14:06:00,97.7,97.7,96.55,97.6,1125,35775,68.82,97.25,97.75
14580,2021-03-12 14:07:00,97.7,97.7,97.7,97.7,75,35775,68.83,98.9,99.3
14581,2021-03-12 14:08:00,102.45,103.2,101.15,103.2,1050,35775,69.1,103.0,103.6
14582,2021-03-12 14:09:00,103.15,106.15,102.7,105.65,975,37200,69.36,105.95,106.7
14583,2021-03-12 14:10:00,109.05,110.95,108.75,108.95,1200,37200,69.72,108.2,108.95
14584,2021-03-12 14:11:00,112.0,115.95,112.0,113.55,3075,37200,70.68,111.6,112.25
14585,2021-03-12 14:12:00,111.75,111.75,108.1,109.55,900,36450,70.94,107.3,108.6
14586,2021-03-12 14:13:00,106.9,113.15,106.9,112.5,825,36450,71.18,111.75,112.25
14587,2021-03-12 14:14:00,113.1,118.5,113.1,118.5,1800,36450,71.75,118.6,119.2
14588,2021-03-12 14:15:00,118.6,128.6,117.4,128.6,1350,36975,72.24,126.8,129.0
14589,2021-03-12 14:16:00,127.8,129.15,122.3,122.3,2400,36975,73.11,121.55,122.2
14590,2021-03-12 14:17:00,121.4,125.2,116.95,116.95,1800,36975,73.71,116.5,117.0
14591,2021-03-12 14:18:00,115.75,119.25,115.75,118.15,3375,38925,74.69,117.55,118.4
14592,2021-03-12 14:19:00,117.15,125.2,117.15,123.0,2925,38925,75.62,122.55,123.45
14593,2021-03-12 14:20:00,123.7,123.7,120.0,122.05,15225,38925,79.77,122.15,122.75
14594,2021-03-12 14:21:00,121.15,124.95,121.15,122.95,8025,52425,81.72,122.95,123.7
14595,2021-03-12 14:22:00,123.9,129.75,123.9,129.75,6525,52425,83.38,128.9,129.85
14596,2021-03-12 14:23:00,129.0,131.7,129.0,130.6,8550,52425,85.46,129.75,130.5
14597,2021-03-12 14:24:00,130.5,135.1,128.35,134.05,2100,64875,85.97,132.05,132.95
14598,2021-03-12 14:25:00,127.95,128.25,122.5,124.75,15000,64875,88.9,124.4,125.5
14599,2021-03-12 14:26:00,122.5,123.35,119.6,121.4,8100,64875,90.19,120.25,121.1
14600,2021-03-12 14:27:00,120.3,122.05,120.3,122.05,150,64875,90.21,118.8,119.65
14601,2021-03-12 14:28:00,118.5,118.5,118.5,118.5,75,80925,90.22,115.65,116.45
14602,2021-03-12 14:29:00,117.5,120.15,117.5,120.15,750,80925,90.32,118.75,119.45
14603,2021-03-12 14:30:00,118.95,124.35,118.95,122.1,600,81375,90.4,122.0,122.7
14604,2021-03-12 14:31:00,119.25,119.25,119.25,119.25,225,81375,90.43,122.0,122.85
14605,2021-03-12 14:32:00,121.75,123.25,118.2,118.2,1200,81375,90.6,117.75,118.45
14606,2021-03-12 14:33:00,117.8,117.8,109.75,115.45,1800,81825,90.78,112.45,113.35
14607,2021-03-12 14:34:00,112.1,112.1,109.3,109.3,675,81825,90.84,110.5,111.05
14608,2021-03-12 14:35:00,110.7,112.55,110.7,111.5,450,81825,90.89,111.5,112.1
14609,2021-03-12 14:36:00,113.15,113.15,111.5,111.5,150,82650,90.9,111.6,112.15
14610,2021-03-12 14:37:00,112.5,117.55,112.5,117.55,375,82650,90.94,117.75,118.4
14611,2021-03-12 14:38:00,117.5,120.6,116.9,119.05,5475,82650,91.59,118.45,119.45
14612,2021-03-12 14:39:00,118.7,118.7,116.35,117.05,300,81600,91.62,116.05,116.7
14613,2021-03-12 14:40:00,115.8,115.8,113.1,115.5,1050,81600,91.73,115.6,116.3
14614,2021-03-12 14:41:00,115.05,119.35,115.05,119.35,825,81600,91.81,119.3,120.2
14615,2021-03-12 14:42:00,118.5,118.7,115.5,116.35,900,81600,91.91,114.5,115.3
14616,2021-03-12 14:43:00,115.0,115.9,110.9,110.9,600,81600,91.97,110.45,111.1
14617,2021-03-12 14:44:00,111.7,113.45,111.3,111.7,825,81600,92.04,111.05,111.75
14618,2021-03-12 14:45:00,110.25,112.15,109.85,112.15,825,82350,92.11,111.4,112.1
14619,2021-03-12 14:46:00,113.95,115.65,113.35,114.5,975,82350,92.2,114.4,115.2
14620,2021-03-12 14:47:00,114.45,115.3,114.45,114.5,675,82350,92.27,114.25,114.8
14621,2021-03-12 14:48:00,114.65,114.85,111.85,111.85,450,84000,92.31,111.1,111.7
14622,2021-03-12 14:49:00,111.7,111.7,110.35,110.75,600,84000,92.35,110.85,111.5
14623,2021-03-12 14:50:00,111.7,111.7,110.95,110.95,300,84000,92.38,110.35,111.05
14624,2021-03-12 14:51:00,115.0,117.9,115.0,115.9,675,84450,92.45,115.65,116.25
14625,2021-03-12 14:52:00,117.2,120.6,117.2,118.55,1425,84450,92.61,118.45,119.15
14626,2021-03-12 14:53:00,120.0,120.6,118.6,118.6,600,84450,92.68,118.25,119.0
14627,2021-03-12 14:54:00,117.75,117.75,117.45,117.45,150,84450,92.69,118.1,118.8
14628,2021-03-12 14:55:00,118.55,120.7,118.35,118.35,375,84075,92.74,118.7,119.4
14629,2021-03-12 14:56:00,118.1,118.1,113.95,114.7,675,84075,92.8,114.2,115.0
14630,2021-03-12 14:57:00,115.1,115.7,113.85,114.1,375,84450,92.83,114.3,114.95
14631,2021-03-12 14:58:00,115.0,117.15,115.0,117.0,225,84450,92.85,116.0,116.7
14632,2021-03-12 14:59:00,116.05,116.05,115.35,115.35,150,84450,92.87,114.85,115.65
14633,2021-03-12 15:00:00,113.25,113.25,100.65,100.65,3000,83475,93.0,99.1,100.0
14634,2021-03-12 15:01:00,99.2,100.4,93.8,95.4,1500,83475,93.02,94.95,95.45
14635,2021-03-12 15:02:00,95.1,98.9,95.1,98.9,3375,83475,93.07,99.0,99.6
14636,2021-03-12 15:03:00,98.75,99.1,95.2,95.6,4875,84225,93.15,95.4,95.85
14637,2021-03-12 15:04:00,95.4,96.9,95.4,95.85,1650,84225,93.17,94.45,94.8
14638,2021-03-12 15:05:00,94.45,99.7,94.3,99.7,3750,84225,93.23,99.5,100.1
14639,2021-03-12 15:06:00,99.7,101.55,98.95,101.55,1350,89925,93.27,101.25,101.85
14640,2021-03-12 15:07:00,101.25,101.25,98.25,98.5,1950,89925,93.31,98.3,98.95
14641,2021-03-12 15:08:00,98.1,101.75,97.85,101.75,1425,89925,93.34,101.5,102.15
14642,2021-03-12 15:09:00,101.45,101.45,99.55,100.2,1800,89700,93.39,99.55,100.0
14643,2021-03-12 15:10:00,99.65,100.15,98.9,100.15,2400,89700,93.44,99.55,100.15
14644,2021-03-12 15:11:00,101.6,102.5,100.95,102.5,825,89700,93.47,102.2,102.75
14645,2021-03-12 15:12:00,102.2,103.7,101.5,103.6,1200,91200,93.51,102.95,103.45
14646,2021-03-12 15:13:00,103.05,103.05,100.5,100.5,900,91200,93.54,100.25,100.8
14647,2021-03-12 15:14:00,99.85,101.65,99.85,101.5,1725,91200,93.58,101.0,101.6
14648,2021-03-12 15:15:00,100.5,100.8,99.0,100.1,1875,83925,93.62,100.0,100.45
14649,2021-03-12 15:16:00,100.45,101.6,100.2,101.0,1200,83925,93.66,101.05,101.45
14650,2021-03-12 15:17:00,101.65,104.3,101.5,102.8,1350,83925,93.7,103.65,104.25
14651,2021-03-12 15:18:00,103.2,103.2,101.55,101.6,1125,82575,93.73,101.65,102.05
14652,2021-03-12 15:19:00,100.4,100.65,98.55,98.85,1425,82575,93.76,98.75,99.3
14653,2021-03-12 15:20:00,99.05,102.3,98.9,102.3,2475,82575,93.82,102.0,102.6
14654,2021-03-12 15:21:00,101.5,104.4,101.25,102.25,3075,84750,93.92,102.0,102.55
14655,2021-03-12 15:22:00,102.05,102.6,99.9,100.15,2700,84750,93.98,99.95,100.5
14656,2021-03-12 15:23:00,99.8,100.5,99.0,100.45,900,84750,94.0,99.4,99.95
14657,2021-03-12 15:24:00,98.85,99.85,98.85,98.9,1425,84375,94.03,98.4,99.05
14658,2021-03-12 15:25:00,98.25,99.1,97.65,98.5,1050,84375,94.04,98.55,99.15
14659,2021-03-12 15:26:00,99.05,99.1,97.85,97.85,1500,84375,94.07,97.95,98.25
14660,2021-03-12 15:27:00,98.25,98.25,97.6,97.75,1950,83325,94.09,97.55,97.75
14661,2021-03-12 15:28:00,97.75,97.8,97.3,97.7,1050,83325,94.1,97.3,98.1
14662,2021-03-12 15:29:00,97.75,97.8,97.3,97.7,1050,83325,94.1,97.3,98.1
14663,2021-03-12 15:30:00,98.05,100.2,98.05,99.0,1125,83325,94.12,88.0,101.55
14664,2021-03-13 09:15:00,98.05,100.2,98.05,99.0,1125,83325,94.12,88.0,101.55
14665,2021-03-13 09:16:00,98.05,100.2,98.05,99.0,1125,83325,94.12,88.0,101.55
14666,2021-03-13 09:17:00,98.05,100.2,98.05,99.0,1125,83325,94.12,88.0,101.55
14667,2021-03-13 09:18:00,98.05,100.2,98.05,99.0,1125,83325,94.12,88.0,101.55
14668,2021-03-13 09:19:00,98.05,100.2,98.05,99.0,1125,83325,94.12,88.0,101.55
14669,2021-03-13 09:20:00,98.05,100.2,98.05,99.0,1125,83325,94.12,88.0,101.55
14670,2021-03-13 09:21:00,98.05,100.2,98.05,99.0,1125,83325,94.12,88.0,101.55
14671,2021-03-13 09:22:00,98.05,100.2,98.05,99.0,1125,83325,94.12,88.0,101.55
14672,2021-03-13 09:23:00,98.05,100.2,98.05,99.0,1125,83325,94.12,88.0,101.55
14673,2021-03-13 09:24:00,98.05,100.2,98.05,99.0,1125,83325,94.12,88.0,101.55
14674,2021-03-13 09:25:00,98.05,100.2,98.05,99.0,1125,83325,94.12,88.0,101.55
14675,2021-03-13 09:26:00,98.05,100.2,98.05,99.0,1125,83325,94.12,88.0,101.55
14676,2021-03-13 09:27:00,98.05,100.2,98.05,99.0,1125,83325,94.12,88.0,101.55
14677,2021-03-13 09:28:00,98.05,100.2,98.05,99.0,1125,83325,94.12,88.0,101.55
14678,2021-03-13 09:29:00,98.05,100.2,98.05,99.0,1125,83325,94.12,88.0,101.55
14679,2021-03-13 09:30:00,98.05,100.2,98.05,99.0,1125,83325,94.12,88.0,101.55
14680,2021-03-13 09:31:00,98.05,100.2,98.05,99.0,1125,83325,94.12,88.0,101.55
14681,2021-03-13 09:32:00,98.05,100.2,98.05,99.0,1125,83325,94.12,88.0,101.55
14682,2021-03-13 09:33:00,98.05,100.2,98.05,99.0,1125,83325,94.12,88.0,101.55
14683,2021-03-13 09:34:00,98.05,100.2,98.05,99.0,1125,83325,94.12,88.0,101.55
14684,2021-03-13 09:35:00,98.05,100.2,98.05,99.0,1125,83325,94.12,88.0,101.55
14685,2021-03-13 09:36:00,98.05,100.2,98.05,99.0,1125,83325,94.12,88.0,101.55
14686,2021-03-13 09:37:00,98.05,100.2,98.05,99.0,1125,83325,94.12,88.0,101.55
14687,2021-03-13 09:38:00,98.05,100.2,98.05,99.0,1125,83325,94.12,88.0,101.55
14688,2021-03-13 09:39:00,98.05,100.2,98.05,99.0,1125,83325,94.12,88.0,101.55
14689,2021-03-13 09:40:00,98.05,100.2,98.05,99.0,1125,83325,94.12,88.0,101.55
14690,2021-03-13 09:41:00,98.05,100.2,98.05,99.0,1125,83325,94.12,88.0,101.55
14691,2021-03-13 09:42:00,98.05,100.2,98.05,99.0,1125,83325,94.12,88.0,101.55
14692,2021-03-13 09:43:00,98.05,100.2,98.05,99.0,1125,83325,94.12,88.0,101.55
14693,2021-03-13 09:44:00,98.05,100.2,98.05,99.0,1125,83325,94.12,88.0,101.55
14694,2021-03-13 09:45:00,98.05,100.2,98.05,99.0,1125,83325,94.12,88.0,101.55
14695,2021-03-13 09:46:00,98.05,100.2,98.05,99.0,1125,83325,94.12,88.0,101.55
14696,2021-03-13 09:47:00,98.05,100.2,98.05,99.0,1125,83325,94.12,88.0,101.55
14697,2021-03-13 09:48:00,98.05,100.2,98.05,99.0,1125,83325,94.12,88.0,101.55
14698,2021-03-13 09:49:00,98.05,100.2,98.05,99.0,1125,83325,94.12,88.0,101.55
14699,2021-03-13 09:50:00,98.05,100.2,98.05,99.0,1125,83325,94.12,88.0,101.55
14700,2021-03-13 09:51:00,98.05,100.2,98.05,99.0,1125,83325,94.12,88.0,101.55
14701,2021-03-13 09:52:00,98.05,100.2,98.05,99.0,1125,83325,94.12,88.0,101.55
14702,2021-03-13 09:53:00,98.05,100.2,98.05,99.0,1125,83325,94.12,88.0,101.55
14703,2021-03-13 09:54:00,98.05,100.2,98.05,99.0,1125,83325,94.12,88.0,101.55
14704,2021-03-13 09:55:00,98.05,100.2,98.05,99.0,1125,83325,94.12,88.0,101.55
14705,2021-03-13 09:56:00,98.05,100.2,98.05,99.0,1125,83325,94.12,88.0,101.55
14706,2021-03-13 09:57:00,98.05,100.2,98.05,99.0,1125,83325,94.12,88.0,101.55
14707,2021-03-13 09:58:00,98.05,100.2,98.05,99.0,1125,83325,94.12,88.0,101.55
14708,2021-03-13 09:59:00,98.05,100.2,98.05,99.0,1125,83325,94.12,88.0,101.55
14709,2021-03-13 10:00:00,98.05,100.2,98.05,99.0,1125,83325,94.12,88.0,101.55
14710,2021-03-13 10:01:00,98.05,100.2,98.05,99.0,1125,83325,94.12,88.0,101.55
14711,2021-03-13 10:02:00,98.05,100.2,98.05,99.0,1125,83325,94.12,88.0,101.55
14712,2021-03-13 10:03:00,98.05,100.2,98.05,99.0,1125,83325,94.12,88.0,101.55
14713,2021-03-13 10:04:00,98.05,100.2,98.05,99.0,1125,83325,94.12,88.0,101.55
14714,2021-03-13 10:05:00,98.05,100.2,98.05,99.0,1125,83325,94.12,88.0,101.55
14715,2021-03-13 10:06:00,98.05,100.2,98.05,99.0,1125,83325,94.12,88.0,101.55
14716,2021-03-13 10:07:00,98.05,100.2,98.05,99.0,1125,83325,94.12,88.0,101.55
14717,2021-03-13 10:08:00,98.05,100.2,98.05,99.0,1125,83325,94.12,88.0,101.55
14718,2021-03-13 10:09:00,98.05,100.2,98.05,99.0,1125,83325,94.12,88.0,101.55
14719,2021-03-13 10:10:00,98.05,100.2,98.05,99.0,1125,83325,94.12,88.0,101.55
14720,2021-03-13 10:11:00,98.05,100.2,98.05,99.0,1125,83325,94.12,88.0,101.55
14721,2021-03-13 10:12:00,98.05,100.2,98.05,99.0,1125,83325,94.12,88.0,101.55
14722,2021-03-13 10:13:00,98.05,100.2,98.05,99.0,1125,83325,94.12,88.0,101.55
14723,2021-03-13 10:14:00,98.05,100.2,98.05,99.0,1125,83325,94.12,88.0,101.55
14724,2021-03-13 10:15:00,98.05,100.2,98.05,99.0,1125,83325,94.12,88.0,101.55
14725,2021-03-13 10:16:00,98.05,100.2,98.05,99.0,1125,83325,94.12,88.0,101.55
14726,2021-03-13 10:17:00,98.05,100.2,98.05,99.0,1125,83325,94.12,88.0,101.55
14727,2021-03-13 10:18:00,98.05,100.2,98.05,99.0,1125,83325,94.12,88.0,101.55
14728,2021-03-13 10:19:00,98.05,100.2,98.05,99.0,1125,83325,94.12,88.0,101.55
14729,2021-03-13 10:20:00,98.05,100.2,98.05,99.0,1125,83325,94.12,88.0,101.55
14730,2021-03-13 10:21:00,98.05,100.2,98.05,99.0,1125,83325,94.12,88.0,101.55
14731,2021-03-13 10:22:00,98.05,100.2,98.05,99.0,1125,83325,94.12,88.0,101.55
14732,2021-03-13 10:23:00,98.05,100.2,98.05,99.0,1125,83325,94.12,88.0,101.55
14733,2021-03-13 10:24:00,98.05,100.2,98.05,99.0,1125,83325,94.12,88.0,101.55
14734,2021-03-13 10:25:00,98.05,100.2,98.05,99.0,1125,83325,94.12,88.0,101.55
14735,2021-03-13 10:26:00,98.05,100.2,98.05,99.0,1125,83325,94.12,88.0,101.55
14736,2021-03-13 10:27:00,98.05,100.2,98.05,99.0,1125,83325,94.12,88.0,101.55
14737,2021-03-13 10:28:00,98.05,100.2,98.05,99.0,1125,83325,94.12,88.0,101.55
14738,2021-03-13 10:29:00,98.05,100.2,98.05,99.0,1125,83325,94.12,88.0,101.55
14739,2021-03-13 10:30:00,98.05,100.2,98.05,99.0,1125,83325,94.12,88.0,101.55
14740,2021-03-13 10:31:00,98.05,100.2,98.05,99.0,1125,83325,94.12,88.0,101.55
14741,2021-03-13 10:32:00,98.05,100.2,98.05,99.0,1125,83325,94.12,88.0,101.55
14742,2021-03-13 10:33:00,98.05,100.2,98.05,99.0,1125,83325,94.12,88.0,101.55
14743,2021-03-13 10:34:00,98.05,100.2,98.05,99.0,1125,83325,94.12,88.0,101.55
14744,2021-03-13 10:35:00,98.05,100.2,98.05,99.0,1125,83325,94.12,88.0,101.55
14745,2021-03-13 10:36:00,98.05,100.2,98.05,99.0,1125,83325,94.12,88.0,101.55
14746,2021-03-13 10:37:00,98.05,100.2,98.05,99.0,1125,83325,94.12,88.0,101.55
14747,2021-03-13 10:38:00,98.05,100.2,98.05,99.0,1125,83325,94.12,88.0,101.55
14748,2021-03-13 10:39:00,98.05,100.2,98.05,99.0,1125,83325,94.12,88.0,101.55
14749,2021-03-13 10:40:00,98.05,100.2,98.05,99.0,1125,83325,94.12,88.0,101.55
14750,2021-03-13 10:41:00,98.05,100.2,98.05,99.0,1125,83325,94.12,88.0,101.55
14751,2021-03-13 10:42:00,98.05,100.2,98.05,99.0,1125,83325,94.12,88.0,101.55
14752,2021-03-13 10:43:00,98.05,100.2,98.05,99.0,1125,83325,94.12,88.0,101.55
14753,2021-03-13 10:44:00,98.05,100.2,98.05,99.0,1125,83325,94.12,88.0,101.55
14754,2021-03-13 10:45:00,98.05,100.2,98.05,99.0,1125,83325,94.12,88.0,101.55
14755,2021-03-13 10:46:00,98.05,100.2,98.05,99.0,1125,83325,94.12,88.0,101.55
14756,2021-03-13 10:47:00,98.05,100.2,98.05,99.0,1125,83325,94.12,88.0,101.55
14757,2021-03-13 10:48:00,98.05,100.2,98.05,99.0,1125,83325,94.12,88.0,101.55
14758,2021-03-13 10:49:00,98.05,100.2,98.05,99.0,1125,83325,94.12,88.0,101.55
14759,2021-03-13 10:50:00,98.05,100.2,98.05,99.0,1125,83325,94.12,88.0,101.55
14760,2021-03-13 10:51:00,98.05,100.2,98.05,99.0,1125,83325,94.12,88.0,101.55
14761,2021-03-13 10:52:00,98.05,100.2,98.05,99.0,1125,83325,94.12,88.0,101.55
14762,2021-03-13 10:53:00,98.05,100.2,98.05,99.0,1125,83325,94.12,88.0,101.55
14763,2021-03-13 10:54:00,98.05,100.2,98.05,99.0,1125,83325,94.12,88.0,101.55
14764,2021-03-13 10:55:00,98.05,100.2,98.05,99.0,1125,83325,94.12,88.0,101.55
14765,2021-03-13 10:56:00,98.05,100.2,98.05,99.0,1125,83325,94.12,88.0,101.55
14766,2021-03-13 10:57:00,98.05,100.2,98.05,99.0,1125,83325,94.12,88.0,101.55
14767,2021-03-13 10:58:00,98.05,100.2,98.05,99.0,1125,83325,94.12,88.0,101.55
14768,2021-03-13 10:59:00,98.05,100.2,98.05,99.0,1125,83325,94.12,88.0,101.55
14769,2021-03-13 11:00:00,98.05,100.2,98.05,99.0,1125,83325,94.12,88.0,101.55
14770,2021-03-13 11:01:00,98.05,100.2,98.05,99.0,1125,83325,94.12,88.0,101.55
14771,2021-03-13 11:02:00,98.05,100.2,98.05,99.0,1125,83325,94.12,88.0,101.55
14772,2021-03-13 11:03:00,98.05,100.2,98.05,99.0,1125,83325,94.12,88.0,101.55
14773,2021-03-13 11:04:00,98.05,100.2,98.05,99.0,1125,83325,94.12,88.0,101.55
14774,2021-03-13 11:05:00,98.05,100.2,98.05,99.0,1125,83325,94.12,88.0,101.55
14775,2021-03-13 11:06:00,98.05,100.2,98.05,99.0,1125,83325,94.12,88.0,101.55
14776,2021-03-13 11:07:00,98.05,100.2,98.05,99.0,1125,83325,94.12,88.0,101.55
14777,2021-03-13 11:08:00,98.05,100.2,98.05,99.0,1125,83325,94.12,88.0,101.55
14778,2021-03-13 11:09:00,98.05,100.2,98.05,99.0,1125,83325,94.12,88.0,101.55
14779,2021-03-13 11:10:00,98.05,100.2,98.05,99.0,1125,83325,94.12,88.0,101.55
14780,2021-03-13 11:11:00,98.05,100.2,98.05,99.0,1125,83325,94.12,88.0,101.55
14781,2021-03-13 11:12:00,98.05,100.2,98.05,99.0,1125,83325,94.12,88.0,101.55
14782,2021-03-13 11:13:00,98.05,100.2,98.05,99.0,1125,83325,94.12,88.0,101.55
14783,2021-03-13 11:14:00,98.05,100.2,98.05,99.0,1125,83325,94.12,88.0,101.55
14784,2021-03-13 11:15:00,98.05,100.2,98.05,99.0,1125,83325,94.12,88.0,101.55
14785,2021-03-13 11:16:00,98.05,100.2,98.05,99.0,1125,83325,94.12,88.0,101.55
14786,2021-03-13 11:17:00,98.05,100.2,98.05,99.0,1125,83325,94.12,88.0,101.55
14787,2021-03-13 11:18:00,98.05,100.2,98.05,99.0,1125,83325,94.12,88.0,101.55
14788,2021-03-13 11:19:00,98.05,100.2,98.05,99.0,1125,83325,94.12,88.0,101.55
14789,2021-03-13 11:20:00,98.05,100.2,98.05,99.0,1125,83325,94.12,88.0,101.55
14790,2021-03-13 11:21:00,98.05,100.2,98.05,99.0,1125,83325,94.12,88.0,101.55
14791,2021-03-13 11:22:00,98.05,100.2,98.05,99.0,1125,83325,94.12,88.0,101.55
14792,2021-03-13 11:23:00,98.05,100.2,98.05,99.0,1125,83325,94.12,88.0,101.55
14793,2021-03-13 11:24:00,98.05,100.2,98.05,99.0,1125,83325,94.12,88.0,101.55
14794,2021-03-13 11:25:00,98.05,100.2,98.05,99.0,1125,83325,94.12,88.0,101.55
14795,2021-03-13 11:26:00,98.05,100.2,98.05,99.0,1125,83325,94.12,88.0,101.55
14796,2021-03-13 11:27:00,98.05,100.2,98.05,99.0,1125,83325,94.12,88.0,101.55
14797,2021-03-13 11:28:00,98.05,100.2,98.05,99.0,1125,83325,94.12,88.0,101.55
14798,2021-03-13 11:29:00,98.05,100.2,98.05,99.0,1125,83325,94.12,88.0,101.55
14799,2021-03-13 11:30:00,98.05,100.2,98.05,99.0,1125,83325,94.12,88.0,101.55
14800,2021-03-13 11:31:00,98.05,100.2,98.05,99.0,1125,83325,94.12,88.0,101.55
14801,2021-03-13 11:32:00,98.05,100.2,98.05,99.0,1125,83325,94.12,88.0,101.55
14802,2021-03-13 11:33:00,98.05,100.2,98.05,99.0,1125,83325,94.12,88.0,101.55
14803,2021-03-13 11:34:00,98.05,100.2,98.05,99.0,1125,83325,94.12,88.0,101.55
14804,2021-03-13 11:35:00,98.05,100.2,98.05,99.0,1125,83325,94.12,88.0,101.55
14805,2021-03-13 11:36:00,98.05,100.2,98.05,99.0,1125,83325,94.12,88.0,101.55
14806,2021-03-13 11:37:00,98.05,100.2,98.05,99.0,1125,83325,94.12,88.0,101.55
14807,2021-03-13 11:38:00,98.05,100.2,98.05,99.0,1125,83325,94.12,88.0,101.55
14808,2021-03-13 11:39:00,98.05,100.2,98.05,99.0,1125,83325,94.12,88.0,101.55
14809,2021-03-13 11:40:00,98.05,100.2,98.05,99.0,1125,83325,94.12,88.0,101.55
14810,2021-03-13 11:41:00,98.05,100.2,98.05,99.0,1125,83325,94.12,88.0,101.55
14811,2021-03-13 11:42:00,98.05,100.2,98.05,99.0,1125,83325,94.12,88.0,101.55
14812,2021-03-13 11:43:00,98.05,100.2,98.05,99.0,1125,83325,94.12,88.0,101.55
14813,2021-03-13 11:44:00,98.05,100.2,98.05,99.0,1125,83325,94.12,88.0,101.55
14814,2021-03-13 11:45:00,98.05,100.2,98.05,99.0,1125,83325,94.12,88.0,101.55
14815,2021-03-13 11:46:00,98.05,100.2,98.05,99.0,1125,83325,94.12,88.0,101.55
14816,2021-03-13 11:47:00,98.05,100.2,98.05,99.0,1125,83325,94.12,88.0,101.55
14817,2021-03-13 11:48:00,98.05,100.2,98.05,99.0,1125,83325,94.12,88.0,101.55
14818,2021-03-13 11:49:00,98.05,100.2,98.05,99.0,1125,83325,94.12,88.0,101.55
14819,2021-03-13 11:50:00,98.05,100.2,98.05,99.0,1125,83325,94.12,88.0,101.55
14820,2021-03-13 11:51:00,98.05,100.2,98.05,99.0,1125,83325,94.12,88.0,101.55
14821,2021-03-13 11:52:00,98.05,100.2,98.05,99.0,1125,83325,94.12,88.0,101.55
14822,2021-03-13 11:53:00,98.05,100.2,98.05,99.0,1125,83325,94.12,88.0,101.55
14823,2021-03-13 11:54:00,98.05,100.2,98.05,99.0,1125,83325,94.12,88.0,101.55
14824,2021-03-13 11:55:00,98.05,100.2,98.05,99.0,1125,83325,94.12,88.0,101.55
14825,2021-03-13 11:56:00,98.05,100.2,98.05,99.0,1125,83325,94.12,88.0,101.55
14826,2021-03-13 11:57:00,98.05,100.2,98.05,99.0,1125,83325,94.12,88.0,101.55
14827,2021-03-13 11:58:00,98.05,100.2,98.05,99.0,1125,83325,94.12,88.0,101.55
14828,2021-03-13 11:59:00,98.05,100.2,98.05,99.0,1125,83325,94.12,88.0,101.55
14829,2021-03-13 12:00:00,98.05,100.2,98.05,99.0,1125,83325,94.12,88.0,101.55
14830,2021-03-13 12:01:00,98.05,100.2,98.05,99.0,1125,83325,94.12,88.0,101.55
14831,2021-03-13 12:02:00,98.05,100.2,98.05,99.0,1125,83325,94.12,88.0,101.55
14832,2021-03-13 12:03:00,98.05,100.2,98.05,99.0,1125,83325,94.12,88.0,101.55
14833,2021-03-13 12:04:00,98.05,100.2,98.05,99.0,1125,83325,94.12,88.0,101.55
14834,2021-03-13 12:05:00,98.05,100.2,98.05,99.0,1125,83325,94.12,88.0,101.55
14835,2021-03-13 12:06:00,98.05,100.2,98.05,99.0,1125,83325,94.12,88.0,101.55
14836,2021-03-13 12:07:00,98.05,100.2,98.05,99.0,1125,83325,94.12,88.0,101.55
14837,2021-03-13 12:08:00,98.05,100.2,98.05,99.0,1125,83325,94.12,88.0,101.55
14838,2021-03-13 12:09:00,98.05,100.2,98.05,99.0,1125,83325,94.12,88.0,101.55
14839,2021-03-13 12:10:00,98.05,100.2,98.05,99.0,1125,83325,94.12,88.0,101.55
14840,2021-03-13 12:11:00,98.05,100.2,98.05,99.0,1125,83325,94.12,88.0,101.55
14841,2021-03-13 12:12:00,98.05,100.2,98.05,99.0,1125,83325,94.12,88.0,101.55
14842,2021-03-13 12:13:00,98.05,100.2,98.05,99.0,1125,83325,94.12,88.0,101.55
14843,2021-03-13 12:14:00,98.05,100.2,98.05,99.0,1125,83325,94.12,88.0,101.55
14844,2021-03-13 12:15:00,98.05,100.2,98.05,99.0,1125,83325,94.12,88.0,101.55
14845,2021-03-13 12:16:00,98.05,100.2,98.05,99.0,1125,83325,94.12,88.0,101.55
14846,2021-03-13 12:17:00,98.05,100.2,98.05,99.0,1125,83325,94.12,88.0,101.55
14847,2021-03-13 12:18:00,98.05,100.2,98.05,99.0,1125,83325,94.12,88.0,101.55
14848,2021-03-13 12:19:00,98.05,100.2,98.05,99.0,1125,83325,94.12,88.0,101.55
14849,2021-03-13 12:20:00,98.05,100.2,98.05,99.0,1125,83325,94.12,88.0,101.55
14850,2021-03-13 12:21:00,98.05,100.2,98.05,99.0,1125,83325,94.12,88.0,101.55
14851,2021-03-13 12:22:00,98.05,100.2,98.05,99.0,1125,83325,94.12,88.0,101.55
14852,2021-03-13 12:23:00,98.05,100.2,98.05,99.0,1125,83325,94.12,88.0,101.55
14853,2021-03-13 12:24:00,98.05,100.2,98.05,99.0,1125,83325,94.12,88.0,101.55
14854,2021-03-13 12:25:00,98.05,100.2,98.05,99.0,1125,83325,94.12,88.0,101.55
14855,2021-03-13 12:26:00,98.05,100.2,98.05,99.0,1125,83325,94.12,88.0,101.55
14856,2021-03-13 12:27:00,98.05,100.2,98.05,99.0,1125,83325,94.12,88.0,101.55
14857,2021-03-13 12:28:00,98.05,100.2,98.05,99.0,1125,83325,94.12,88.0,101.55
14858,2021-03-13 12:29:00,98.05,100.2,98.05,99.0,1125,83325,94.12,88.0,101.55
14859,2021-03-13 12:30:00,98.05,100.2,98.05,99.0,1125,83325,94.12,88.0,101.55
14860,2021-03-13 12:31:00,98.05,100.2,98.05,99.0,1125,83325,94.12,88.0,101.55
14861,2021-03-13 12:32:00,98.05,100.2,98.05,99.0,1125,83325,94.12,88.0,101.55
14862,2021-03-13 12:33:00,98.05,100.2,98.05,99.0,1125,83325,94.12,88.0,101.55
14863,2021-03-13 12:34:00,98.05,100.2,98.05,99.0,1125,83325,94.12,88.0,101.55
14864,2021-03-13 12:35:00,98.05,100.2,98.05,99.0,1125,83325,94.12,88.0,101.55
14865,2021-03-13 12:36:00,98.05,100.2,98.05,99.0,1125,83325,94.12,88.0,101.55
14866,2021-03-13 12:37:00,98.05,100.2,98.05,99.0,1125,83325,94.12,88.0,101.55
14867,2021-03-13 12:38:00,98.05,100.2,98.05,99.0,1125,83325,94.12,88.0,101.55
14868,2021-03-13 12:39:00,98.05,100.2,98.05,99.0,1125,83325,94.12,88.0,101.55
14869,2021-03-13 12:40:00,98.05,100.2,98.05,99.0,1125,83325,94.12,88.0,101.55
14870,2021-03-13 12:41:00,98.05,100.2,98.05,99.0,1125,83325,94.12,88.0,101.55
14871,2021-03-13 12:42:00,98.05,100.2,98.05,99.0,1125,83325,94.12,88.0,101.55
14872,2021-03-13 12:43:00,98.05,100.2,98.05,99.0,1125,83325,94.12,88.0,101.55
14873,2021-03-13 12:44:00,98.05,100.2,98.05,99.0,1125,83325,94.12,88.0,101.55
14874,2021-03-13 12:45:00,98.05,100.2,98.05,99.0,1125,83325,94.12,88.0,101.55
14875,2021-03-13 12:46:00,98.05,100.2,98.05,99.0,1125,83325,94.12,88.0,101.55
14876,2021-03-13 12:47:00,98.05,100.2,98.05,99.0,1125,83325,94.12,88.0,101.55
14877,2021-03-13 12:48:00,98.05,100.2,98.05,99.0,1125,83325,94.12,88.0,101.55
14878,2021-03-13 12:49:00,98.05,100.2,98.05,99.0,1125,83325,94.12,88.0,101.55
14879,2021-03-13 12:50:00,98.05,100.2,98.05,99.0,1125,83325,94.12,88.0,101.55
14880,2021-03-13 12:51:00,98.05,100.2,98.05,99.0,1125,83325,94.12,88.0,101.55
14881,2021-03-13 12:52:00,98.05,100.2,98.05,99.0,1125,83325,94.12,88.0,101.55
14882,2021-03-13 12:53:00,98.05,100.2,98.05,99.0,1125,83325,94.12,88.0,101.55
14883,2021-03-13 12:54:00,98.05,100.2,98.05,99.0,1125,83325,94.12,88.0,101.55
14884,2021-03-13 12:55:00,98.05,100.2,98.05,99.0,1125,83325,94.12,88.0,101.55
14885,2021-03-13 12:56:00,98.05,100.2,98.05,99.0,1125,83325,94.12,88.0,101.55
14886,2021-03-13 12:57:00,98.05,100.2,98.05,99.0,1125,83325,94.12,88.0,101.55
14887,2021-03-13 12:58:00,98.05,100.2,98.05,99.0,1125,83325,94.12,88.0,101.55
14888,2021-03-13 12:59:00,98.05,100.2,98.05,99.0,1125,83325,94.12,88.0,101.55
14889,2021-03-13 13:00:00,98.05,100.2,98.05,99.0,1125,83325,94.12,88.0,101.55
14890,2021-03-13 13:01:00,98.05,100.2,98.05,99.0,1125,83325,94.12,88.0,101.55
14891,2021-03-13 13:02:00,98.05,100.2,98.05,99.0,1125,83325,94.12,88.0,101.55
14892,2021-03-13 13:03:00,98.05,100.2,98.05,99.0,1125,83325,94.12,88.0,101.55
14893,2021-03-13 13:04:00,98.05,100.2,98.05,99.0,1125,83325,94.12,88.0,101.55
14894,2021-03-13 13:05:00,98.05,100.2,98.05,99.0,1125,83325,94.12,88.0,101.55
14895,2021-03-13 13:06:00,98.05,100.2,98.05,99.0,1125,83325,94.12,88.0,101.55
14896,2021-03-13 13:07:00,98.05,100.2,98.05,99.0,1125,83325,94.12,88.0,101.55
14897,2021-03-13 13:08:00,98.05,100.2,98.05,99.0,1125,83325,94.12,88.0,101.55
14898,2021-03-13 13:09:00,98.05,100.2,98.05,99.0,1125,83325,94.12,88.0,101.55
14899,2021-03-13 13:10:00,98.05,100.2,98.05,99.0,1125,83325,94.12,88.0,101.55
14900,2021-03-13 13:11:00,98.05,100.2,98.05,99.0,1125,83325,94.12,88.0,101.55
14901,2021-03-13 13:12:00,98.05,100.2,98.05,99.0,1125,83325,94.12,88.0,101.55
14902,2021-03-13 13:13:00,98.05,100.2,98.05,99.0,1125,83325,94.12,88.0,101.55
14903,2021-03-13 13:14:00,98.05,100.2,98.05,99.0,1125,83325,94.12,88.0,101.55
14904,2021-03-13 13:15:00,98.05,100.2,98.05,99.0,1125,83325,94.12,88.0,101.55
14905,2021-03-13 13:16:00,98.05,100.2,98.05,99.0,1125,83325,94.12,88.0,101.55
14906,2021-03-13 13:17:00,98.05,100.2,98.05,99.0,1125,83325,94.12,88.0,101.55
14907,2021-03-13 13:18:00,98.05,100.2,98.05,99.0,1125,83325,94.12,88.0,101.55
14908,2021-03-13 13:19:00,98.05,100.2,98.05,99.0,1125,83325,94.12,88.0,101.55
14909,2021-03-13 13:20:00,98.05,100.2,98.05,99.0,1125,83325,94.12,88.0,101.55
14910,2021-03-13 13:21:00,98.05,100.2,98.05,99.0,1125,83325,94.12,88.0,101.55
14911,2021-03-13 13:22:00,98.05,100.2,98.05,99.0,1125,83325,94.12,88.0,101.55
14912,2021-03-13 13:23:00,98.05,100.2,98.05,99.0,1125,83325,94.12,88.0,101.55
14913,2021-03-13 13:24:00,98.05,100.2,98.05,99.0,1125,83325,94.12,88.0,101.55
14914,2021-03-13 13:25:00,98.05,100.2,98.05,99.0,1125,83325,94.12,88.0,101.55
14915,2021-03-13 13:26:00,98.05,100.2,98.05,99.0,1125,83325,94.12,88.0,101.55
14916,2021-03-13 13:27:00,98.05,100.2,98.05,99.0,1125,83325,94.12,88.0,101.55
14917,2021-03-13 13:28:00,98.05,100.2,98.05,99.0,1125,83325,94.12,88.0,101.55
14918,2021-03-13 13:29:00,98.05,100.2,98.05,99.0,1125,83325,94.12,88.0,101.55
14919,2021-03-13 13:30:00,98.05,100.2,98.05,99.0,1125,83325,94.12,88.0,101.55
14920,2021-03-13 13:31:00,98.05,100.2,98.05,99.0,1125,83325,94.12,88.0,101.55
14921,2021-03-13 13:32:00,98.05,100.2,98.05,99.0,1125,83325,94.12,88.0,101.55
14922,2021-03-13 13:33:00,98.05,100.2,98.05,99.0,1125,83325,94.12,88.0,101.55
14923,2021-03-13 13:34:00,98.05,100.2,98.05,99.0,1125,83325,94.12,88.0,101.55
14924,2021-03-13 13:35:00,98.05,100.2,98.05,99.0,1125,83325,94.12,88.0,101.55
14925,2021-03-13 13:36:00,98.05,100.2,98.05,99.0,1125,83325,94.12,88.0,101.55
14926,2021-03-13 13:37:00,98.05,100.2,98.05,99.0,1125,83325,94.12,88.0,101.55
14927,2021-03-13 13:38:00,98.05,100.2,98.05,99.0,1125,83325,94.12,88.0,101.55
14928,2021-03-13 13:39:00,98.05,100.2,98.05,99.0,1125,83325,94.12,88.0,101.55
14929,2021-03-13 13:40:00,98.05,100.2,98.05,99.0,1125,83325,94.12,88.0,101.55
14930,2021-03-13 13:41:00,98.05,100.2,98.05,99.0,1125,83325,94.12,88.0,101.55
14931,2021-03-13 13:42:00,98.05,100.2,98.05,99.0,1125,83325,94.12,88.0,101.55
14932,2021-03-13 13:43:00,98.05,100.2,98.05,99.0,1125,83325,94.12,88.0,101.55
14933,2021-03-13 13:44:00,98.05,100.2,98.05,99.0,1125,83325,94.12,88.0,101.55
14934,2021-03-13 13:45:00,98.05,100.2,98.05,99.0,1125,83325,94.12,88.0,101.55
14935,2021-03-13 13:46:00,98.05,100.2,98.05,99.0,1125,83325,94.12,88.0,101.55
14936,2021-03-13 13:47:00,98.05,100.2,98.05,99.0,1125,83325,94.12,88.0,101.55
14937,2021-03-13 13:48:00,98.05,100.2,98.05,99.0,1125,83325,94.12,88.0,101.55
14938,2021-03-13 13:49:00,98.05,100.2,98.05,99.0,1125,83325,94.12,88.0,101.55
14939,2021-03-13 13:50:00,98.05,100.2,98.05,99.0,1125,83325,94.12,88.0,101.55
14940,2021-03-13 13:51:00,98.05,100.2,98.05,99.0,1125,83325,94.12,88.0,101.55
14941,2021-03-13 13:52:00,98.05,100.2,98.05,99.0,1125,83325,94.12,88.0,101.55
14942,2021-03-13 13:53:00,98.05,100.2,98.05,99.0,1125,83325,94.12,88.0,101.55
14943,2021-03-13 13:54:00,98.05,100.2,98.05,99.0,1125,83325,94.12,88.0,101.55
14944,2021-03-13 13:55:00,98.05,100.2,98.05,99.0,1125,83325,94.12,88.0,101.55
14945,2021-03-13 13:56:00,98.05,100.2,98.05,99.0,1125,83325,94.12,88.0,101.55
14946,2021-03-13 13:57:00,98.05,100.2,98.05,99.0,1125,83325,94.12,88.0,101.55
14947,2021-03-13 13:58:00,98.05,100.2,98.05,99.0,1125,83325,94.12,88.0,101.55
14948,2021-03-13 13:59:00,98.05,100.2,98.05,99.0,1125,83325,94.12,88.0,101.55
14949,2021-03-13 14:00:00,98.05,100.2,98.05,99.0,1125,83325,94.12,88.0,101.55
14950,2021-03-13 14:01:00,98.05,100.2,98.05,99.0,1125,83325,94.12,88.0,101.55
14951,2021-03-13 14:02:00,98.05,100.2,98.05,99.0,1125,83325,94.12,88.0,101.55
14952,2021-03-13 14:03:00,98.05,100.2,98.05,99.0,1125,83325,94.12,88.0,101.55
14953,2021-03-13 14:04:00,98.05,100.2,98.05,99.0,1125,83325,94.12,88.0,101.55
14954,2021-03-13 14:05:00,98.05,100.2,98.05,99.0,1125,83325,94.12,88.0,101.55
14955,2021-03-13 14:06:00,98.05,100.2,98.05,99.0,1125,83325,94.12,88.0,101.55
14956,2021-03-13 14:07:00,98.05,100.2,98.05,99.0,1125,83325,94.12,88.0,101.55
14957,2021-03-13 14:08:00,98.05,100.2,98.05,99.0,1125,83325,94.12,88.0,101.55
14958,2021-03-13 14:09:00,98.05,100.2,98.05,99.0,1125,83325,94.12,88.0,101.55
14959,2021-03-13 14:10:00,98.05,100.2,98.05,99.0,1125,83325,94.12,88.0,101.55
14960,2021-03-13 14:11:00,98.05,100.2,98.05,99.0,1125,83325,94.12,88.0,101.55
14961,2021-03-13 14:12:00,98.05,100.2,98.05,99.0,1125,83325,94.12,88.0,101.55
14962,2021-03-13 14:13:00,98.05,100.2,98.05,99.0,1125,83325,94.12,88.0,101.55
14963,2021-03-13 14:14:00,98.05,100.2,98.05,99.0,1125,83325,94.12,88.0,101.55
14964,2021-03-13 14:15:00,98.05,100.2,98.05,99.0,1125,83325,94.12,88.0,101.55
14965,2021-03-13 14:16:00,98.05,100.2,98.05,99.0,1125,83325,94.12,88.0,101.55
14966,2021-03-13 14:17:00,98.05,100.2,98.05,99.0,1125,83325,94.12,88.0,101.55
14967,2021-03-13 14:18:00,98.05,100.2,98.05,99.0,1125,83325,94.12,88.0,101.55
14968,2021-03-13 14:19:00,98.05,100.2,98.05,99.0,1125,83325,94.12,88.0,101.55
14969,2021-03-13 14:20:00,98.05,100.2,98.05,99.0,1125,83325,94.12,88.0,101.55
14970,2021-03-13 14:21:00,98.05,100.2,98.05,99.0,1125,83325,94.12,88.0,101.55
14971,2021-03-13 14:22:00,98.05,100.2,98.05,99.0,1125,83325,94.12,88.0,101.55
14972,2021-03-13 14:23:00,98.05,100.2,98.05,99.0,1125,83325,94.12,88.0,101.55
14973,2021-03-13 14:24:00,98.05,100.2,98.05,99.0,1125,83325,94.12,88.0,101.55
14974,2021-03-13 14:25:00,98.05,100.2,98.05,99.0,1125,83325,94.12,88.0,101.55
14975,2021-03-13 14:26:00,98.05,100.2,98.05,99.0,1125,83325,94.12,88.0,101.55
14976,2021-03-13 14:27:00,98.05,100.2,98.05,99.0,1125,83325,94.12,88.0,101.55
14977,2021-03-13 14:28:00,98.05,100.2,98.05,99.0,1125,83325,94.12,88.0,101.55
14978,2021-03-13 14:29:00,98.05,100.2,98.05,99.0,1125,83325,94.12,88.0,101.55
14979,2021-03-13 14:30:00,98.05,100.2,98.05,99.0,1125,83325,94.12,88.0,101.55
14980,2021-03-13 14:31:00,98.05,100.2,98.05,99.0,1125,83325,94.12,88.0,101.55
14981,2021-03-13 14:32:00,98.05,100.2,98.05,99.0,1125,83325,94.12,88.0,101.55
14982,2021-03-13 14:33:00,98.05,100.2,98.05,99.0,1125,83325,94.12,88.0,101.55
14983,2021-03-13 14:34:00,98.05,100.2,98.05,99.0,1125,83325,94.12,88.0,101.55
14984,2021-03-13 14:35:00,98.05,100.2,98.05,99.0,1125,83325,94.12,88.0,101.55
14985,2021-03-13 14:36:00,98.05,100.2,98.05,99.0,1125,83325,94.12,88.0,101.55
14986,2021-03-13 14:37:00,98.05,100.2,98.05,99.0,1125,83325,94.12,88.0,101.55
14987,2021-03-13 14:38:00,98.05,100.2,98.05,99.0,1125,83325,94.12,88.0,101.55
14988,2021-03-13 14:39:00,98.05,100.2,98.05,99.0,1125,83325,94.12,88.0,101.55
14989,2021-03-13 14:40:00,98.05,100.2,98.05,99.0,1125,83325,94.12,88.0,101.55
14990,2021-03-13 14:41:00,98.05,100.2,98.05,99.0,1125,83325,94.12,88.0,101.55
14991,2021-03-13 14:42:00,98.05,100.2,98.05,99.0,1125,83325,94.12,88.0,101.55
14992,2021-03-13 14:43:00,98.05,100.2,98.05,99.0,1125,83325,94.12,88.0,101.55
14993,2021-03-13 14:44:00,98.05,100.2,98.05,99.0,1125,83325,94.12,88.0,101.55
14994,2021-03-13 14:45:00,98.05,100.2,98.05,99.0,1125,83325,94.12,88.0,101.55
14995,2021-03-13 14:46:00,98.05,100.2,98.05,99.0,1125,83325,94.12,88.0,101.55
14996,2021-03-13 14:47:00,98.05,100.2,98.05,99.0,1125,83325,94.12,88.0,101.55
14997,2021-03-13 14:48:00,98.05,100.2,98.05,99.0,1125,83325,94.12,88.0,101.55
14998,2021-03-13 14:49:00,98.05,100.2,98.05,99.0,1125,83325,94.12,88.0,101.55
14999,2021-03-13 14:50:00,98.05,100.2,98.05,99.0,1125,83325,94.12,88.0,101.55
15000,2021-03-13 14:51:00,98.05,100.2,98.05,99.0,1125,83325,94.12,88.0,101.55
15001,2021-03-13 14:52:00,98.05,100.2,98.05,99.0,1125,83325,94.12,88.0,101.55
15002,2021-03-13 14:53:00,98.05,100.2,98.05,99.0,1125,83325,94.12,88.0,101.55
15003,2021-03-13 14:54:00,98.05,100.2,98.05,99.0,1125,83325,94.12,88.0,101.55
15004,2021-03-13 14:55:00,98.05,100.2,98.05,99.0,1125,83325,94.12,88.0,101.55
15005,2021-03-13 14:56:00,98.05,100.2,98.05,99.0,1125,83325,94.12,88.0,101.55
15006,2021-03-13 14:57:00,98.05,100.2,98.05,99.0,1125,83325,94.12,88.0,101.55
15007,2021-03-13 14:58:00,98.05,100.2,98.05,99.0,1125,83325,94.12,88.0,101.55
15008,2021-03-13 14:59:00,98.05,100.2,98.05,99.0,1125,83325,94.12,88.0,101.55
15009,2021-03-13 15:00:00,98.05,100.2,98.05,99.0,1125,83325,94.12,88.0,101.55
15010,2021-03-13 15:01:00,98.05,100.2,98.05,99.0,1125,83325,94.12,88.0,101.55
15011,2021-03-13 15:02:00,98.05,100.2,98.05,99.0,1125,83325,94.12,88.0,101.55
15012,2021-03-13 15:03:00,98.05,100.2,98.05,99.0,1125,83325,94.12,88.0,101.55
15013,2021-03-13 15:04:00,98.05,100.2,98.05,99.0,1125,83325,94.12,88.0,101.55
15014,2021-03-13 15:05:00,98.05,100.2,98.05,99.0,1125,83325,94.12,88.0,101.55
15015,2021-03-13 15:06:00,98.05,100.2,98.05,99.0,1125,83325,94.12,88.0,101.55
15016,2021-03-13 15:07:00,98.05,100.2,98.05,99.0,1125,83325,94.12,88.0,101.55
15017,2021-03-13 15:08:00,98.05,100.2,98.05,99.0,1125,83325,94.12,88.0,101.55
15018,2021-03-13 15:09:00,98.05,100.2,98.05,99.0,1125,83325,94.12,88.0,101.55
15019,2021-03-13 15:10:00,98.05,100.2,98.05,99.0,1125,83325,94.12,88.0,101.55
15020,2021-03-13 15:11:00,98.05,100.2,98.05,99.0,1125,83325,94.12,88.0,101.55
15021,2021-03-13 15:12:00,98.05,100.2,98.05,99.0,1125,83325,94.12,88.0,101.55
15022,2021-03-13 15:13:00,98.05,100.2,98.05,99.0,1125,83325,94.12,88.0,101.55
15023,2021-03-13 15:14:00,98.05,100.2,98.05,99.0,1125,83325,94.12,88.0,101.55
15024,2021-03-13 15:15:00,98.05,100.2,98.05,99.0,1125,83325,94.12,88.0,101.55
15025,2021-03-13 15:16:00,98.05,100.2,98.05,99.0,1125,83325,94.12,88.0,101.55
15026,2021-03-13 15:17:00,98.05,100.2,98.05,99.0,1125,83325,94.12,88.0,101.55
15027,2021-03-13 15:18:00,98.05,100.2,98.05,99.0,1125,83325,94.12,88.0,101.55
15028,2021-03-13 15:19:00,98.05,100.2,98.05,99.0,1125,83325,94.12,88.0,101.55
15029,2021-03-13 15:20:00,98.05,100.2,98.05,99.0,1125,83325,94.12,88.0,101.55
15030,2021-03-13 15:21:00,98.05,100.2,98.05,99.0,1125,83325,94.12,88.0,101.55
15031,2021-03-13 15:22:00,98.05,100.2,98.05,99.0,1125,83325,94.12,88.0,101.55
15032,2021-03-13 15:23:00,98.05,100.2,98.05,99.0,1125,83325,94.12,88.0,101.55
15033,2021-03-13 15:24:00,98.05,100.2,98.05,99.0,1125,83325,94.12,88.0,101.55
15034,2021-03-13 15:25:00,98.05,100.2,98.05,99.0,1125,83325,94.12,88.0,101.55
15035,2021-03-13 15:26:00,98.05,100.2,98.05,99.0,1125,83325,94.12,88.0,101.55
15036,2021-03-13 15:27:00,98.05,100.2,98.05,99.0,1125,83325,94.12,88.0,101.55
15037,2021-03-13 15:28:00,98.05,100.2,98.05,99.0,1125,83325,94.12,88.0,101.55
15038,2021-03-13 15:29:00,98.05,100.2,98.05,99.0,1125,83325,94.12,88.0,101.55
15039,2021-03-13 15:30:00,98.05,100.2,98.05,99.0,1125,83325,94.12,88.0,101.55
15040,2021-03-14 09:15:00,98.05,100.2,98.05,99.0,1125,83325,94.12,88.0,101.55
15041,2021-03-14 09:16:00,98.05,100.2,98.05,99.0,1125,83325,94.12,88.0,101.55
15042,2021-03-14 09:17:00,98.05,100.2,98.05,99.0,1125,83325,94.12,88.0,101.55
15043,2021-03-14 09:18:00,98.05,100.2,98.05,99.0,1125,83325,94.12,88.0,101.55
15044,2021-03-14 09:19:00,98.05,100.2,98.05,99.0,1125,83325,94.12,88.0,101.55
15045,2021-03-14 09:20:00,98.05,100.2,98.05,99.0,1125,83325,94.12,88.0,101.55
15046,2021-03-14 09:21:00,98.05,100.2,98.05,99.0,1125,83325,94.12,88.0,101.55
15047,2021-03-14 09:22:00,98.05,100.2,98.05,99.0,1125,83325,94.12,88.0,101.55
15048,2021-03-14 09:23:00,98.05,100.2,98.05,99.0,1125,83325,94.12,88.0,101.55
15049,2021-03-14 09:24:00,98.05,100.2,98.05,99.0,1125,83325,94.12,88.0,101.55
15050,2021-03-14 09:25:00,98.05,100.2,98.05,99.0,1125,83325,94.12,88.0,101.55
15051,2021-03-14 09:26:00,98.05,100.2,98.05,99.0,1125,83325,94.12,88.0,101.55
15052,2021-03-14 09:27:00,98.05,100.2,98.05,99.0,1125,83325,94.12,88.0,101.55
15053,2021-03-14 09:28:00,98.05,100.2,98.05,99.0,1125,83325,94.12,88.0,101.55
15054,2021-03-14 09:29:00,98.05,100.2,98.05,99.0,1125,83325,94.12,88.0,101.55
15055,2021-03-14 09:30:00,98.05,100.2,98.05,99.0,1125,83325,94.12,88.0,101.55
15056,2021-03-14 09:31:00,98.05,100.2,98.05,99.0,1125,83325,94.12,88.0,101.55
15057,2021-03-14 09:32:00,98.05,100.2,98.05,99.0,1125,83325,94.12,88.0,101.55
15058,2021-03-14 09:33:00,98.05,100.2,98.05,99.0,1125,83325,94.12,88.0,101.55
15059,2021-03-14 09:34:00,98.05,100.2,98.05,99.0,1125,83325,94.12,88.0,101.55
15060,2021-03-14 09:35:00,98.05,100.2,98.05,99.0,1125,83325,94.12,88.0,101.55
15061,2021-03-14 09:36:00,98.05,100.2,98.05,99.0,1125,83325,94.12,88.0,101.55
15062,2021-03-14 09:37:00,98.05,100.2,98.05,99.0,1125,83325,94.12,88.0,101.55
15063,2021-03-14 09:38:00,98.05,100.2,98.05,99.0,1125,83325,94.12,88.0,101.55
15064,2021-03-14 09:39:00,98.05,100.2,98.05,99.0,1125,83325,94.12,88.0,101.55
15065,2021-03-14 09:40:00,98.05,100.2,98.05,99.0,1125,83325,94.12,88.0,101.55
15066,2021-03-14 09:41:00,98.05,100.2,98.05,99.0,1125,83325,94.12,88.0,101.55
15067,2021-03-14 09:42:00,98.05,100.2,98.05,99.0,1125,83325,94.12,88.0,101.55
15068,2021-03-14 09:43:00,98.05,100.2,98.05,99.0,1125,83325,94.12,88.0,101.55
15069,2021-03-14 09:44:00,98.05,100.2,98.05,99.0,1125,83325,94.12,88.0,101.55
15070,2021-03-14 09:45:00,98.05,100.2,98.05,99.0,1125,83325,94.12,88.0,101.55
15071,2021-03-14 09:46:00,98.05,100.2,98.05,99.0,1125,83325,94.12,88.0,101.55
15072,2021-03-14 09:47:00,98.05,100.2,98.05,99.0,1125,83325,94.12,88.0,101.55
15073,2021-03-14 09:48:00,98.05,100.2,98.05,99.0,1125,83325,94.12,88.0,101.55
15074,2021-03-14 09:49:00,98.05,100.2,98.05,99.0,1125,83325,94.12,88.0,101.55
15075,2021-03-14 09:50:00,98.05,100.2,98.05,99.0,1125,83325,94.12,88.0,101.55
15076,2021-03-14 09:51:00,98.05,100.2,98.05,99.0,1125,83325,94.12,88.0,101.55
15077,2021-03-14 09:52:00,98.05,100.2,98.05,99.0,1125,83325,94.12,88.0,101.55
15078,2021-03-14 09:53:00,98.05,100.2,98.05,99.0,1125,83325,94.12,88.0,101.55
15079,2021-03-14 09:54:00,98.05,100.2,98.05,99.0,1125,83325,94.12,88.0,101.55
15080,2021-03-14 09:55:00,98.05,100.2,98.05,99.0,1125,83325,94.12,88.0,101.55
15081,2021-03-14 09:56:00,98.05,100.2,98.05,99.0,1125,83325,94.12,88.0,101.55
15082,2021-03-14 09:57:00,98.05,100.2,98.05,99.0,1125,83325,94.12,88.0,101.55
15083,2021-03-14 09:58:00,98.05,100.2,98.05,99.0,1125,83325,94.12,88.0,101.55
15084,2021-03-14 09:59:00,98.05,100.2,98.05,99.0,1125,83325,94.12,88.0,101.55
15085,2021-03-14 10:00:00,98.05,100.2,98.05,99.0,1125,83325,94.12,88.0,101.55
15086,2021-03-14 10:01:00,98.05,100.2,98.05,99.0,1125,83325,94.12,88.0,101.55
15087,2021-03-14 10:02:00,98.05,100.2,98.05,99.0,1125,83325,94.12,88.0,101.55
15088,2021-03-14 10:03:00,98.05,100.2,98.05,99.0,1125,83325,94.12,88.0,101.55
15089,2021-03-14 10:04:00,98.05,100.2,98.05,99.0,1125,83325,94.12,88.0,101.55
15090,2021-03-14 10:05:00,98.05,100.2,98.05,99.0,1125,83325,94.12,88.0,101.55
15091,2021-03-14 10:06:00,98.05,100.2,98.05,99.0,1125,83325,94.12,88.0,101.55
15092,2021-03-14 10:07:00,98.05,100.2,98.05,99.0,1125,83325,94.12,88.0,101.55
15093,2021-03-14 10:08:00,98.05,100.2,98.05,99.0,1125,83325,94.12,88.0,101.55
15094,2021-03-14 10:09:00,98.05,100.2,98.05,99.0,1125,83325,94.12,88.0,101.55
15095,2021-03-14 10:10:00,98.05,100.2,98.05,99.0,1125,83325,94.12,88.0,101.55
15096,2021-03-14 10:11:00,98.05,100.2,98.05,99.0,1125,83325,94.12,88.0,101.55
15097,2021-03-14 10:12:00,98.05,100.2,98.05,99.0,1125,83325,94.12,88.0,101.55
15098,2021-03-14 10:13:00,98.05,100.2,98.05,99.0,1125,83325,94.12,88.0,101.55
15099,2021-03-14 10:14:00,98.05,100.2,98.05,99.0,1125,83325,94.12,88.0,101.55
15100,2021-03-14 10:15:00,98.05,100.2,98.05,99.0,1125,83325,94.12,88.0,101.55
15101,2021-03-14 10:16:00,98.05,100.2,98.05,99.0,1125,83325,94.12,88.0,101.55
15102,2021-03-14 10:17:00,98.05,100.2,98.05,99.0,1125,83325,94.12,88.0,101.55
15103,2021-03-14 10:18:00,98.05,100.2,98.05,99.0,1125,83325,94.12,88.0,101.55
15104,2021-03-14 10:19:00,98.05,100.2,98.05,99.0,1125,83325,94.12,88.0,101.55
15105,2021-03-14 10:20:00,98.05,100.2,98.05,99.0,1125,83325,94.12,88.0,101.55
15106,2021-03-14 10:21:00,98.05,100.2,98.05,99.0,1125,83325,94.12,88.0,101.55
15107,2021-03-14 10:22:00,98.05,100.2,98.05,99.0,1125,83325,94.12,88.0,101.55
15108,2021-03-14 10:23:00,98.05,100.2,98.05,99.0,1125,83325,94.12,88.0,101.55
15109,2021-03-14 10:24:00,98.05,100.2,98.05,99.0,1125,83325,94.12,88.0,101.55
15110,2021-03-14 10:25:00,98.05,100.2,98.05,99.0,1125,83325,94.12,88.0,101.55
15111,2021-03-14 10:26:00,98.05,100.2,98.05,99.0,1125,83325,94.12,88.0,101.55
15112,2021-03-14 10:27:00,98.05,100.2,98.05,99.0,1125,83325,94.12,88.0,101.55
15113,2021-03-14 10:28:00,98.05,100.2,98.05,99.0,1125,83325,94.12,88.0,101.55
15114,2021-03-14 10:29:00,98.05,100.2,98.05,99.0,1125,83325,94.12,88.0,101.55
15115,2021-03-14 10:30:00,98.05,100.2,98.05,99.0,1125,83325,94.12,88.0,101.55
15116,2021-03-14 10:31:00,98.05,100.2,98.05,99.0,1125,83325,94.12,88.0,101.55
15117,2021-03-14 10:32:00,98.05,100.2,98.05,99.0,1125,83325,94.12,88.0,101.55
15118,2021-03-14 10:33:00,98.05,100.2,98.05,99.0,1125,83325,94.12,88.0,101.55
15119,2021-03-14 10:34:00,98.05,100.2,98.05,99.0,1125,83325,94.12,88.0,101.55
15120,2021-03-14 10:35:00,98.05,100.2,98.05,99.0,1125,83325,94.12,88.0,101.55
15121,2021-03-14 10:36:00,98.05,100.2,98.05,99.0,1125,83325,94.12,88.0,101.55
15122,2021-03-14 10:37:00,98.05,100.2,98.05,99.0,1125,83325,94.12,88.0,101.55
15123,2021-03-14 10:38:00,98.05,100.2,98.05,99.0,1125,83325,94.12,88.0,101.55
15124,2021-03-14 10:39:00,98.05,100.2,98.05,99.0,1125,83325,94.12,88.0,101.55
15125,2021-03-14 10:40:00,98.05,100.2,98.05,99.0,1125,83325,94.12,88.0,101.55
15126,2021-03-14 10:41:00,98.05,100.2,98.05,99.0,1125,83325,94.12,88.0,101.55
15127,2021-03-14 10:42:00,98.05,100.2,98.05,99.0,1125,83325,94.12,88.0,101.55
15128,2021-03-14 10:43:00,98.05,100.2,98.05,99.0,1125,83325,94.12,88.0,101.55
15129,2021-03-14 10:44:00,98.05,100.2,98.05,99.0,1125,83325,94.12,88.0,101.55
15130,2021-03-14 10:45:00,98.05,100.2,98.05,99.0,1125,83325,94.12,88.0,101.55
15131,2021-03-14 10:46:00,98.05,100.2,98.05,99.0,1125,83325,94.12,88.0,101.55
15132,2021-03-14 10:47:00,98.05,100.2,98.05,99.0,1125,83325,94.12,88.0,101.55
15133,2021-03-14 10:48:00,98.05,100.2,98.05,99.0,1125,83325,94.12,88.0,101.55
15134,2021-03-14 10:49:00,98.05,100.2,98.05,99.0,1125,83325,94.12,88.0,101.55
15135,2021-03-14 10:50:00,98.05,100.2,98.05,99.0,1125,83325,94.12,88.0,101.55
15136,2021-03-14 10:51:00,98.05,100.2,98.05,99.0,1125,83325,94.12,88.0,101.55
15137,2021-03-14 10:52:00,98.05,100.2,98.05,99.0,1125,83325,94.12,88.0,101.55
15138,2021-03-14 10:53:00,98.05,100.2,98.05,99.0,1125,83325,94.12,88.0,101.55
15139,2021-03-14 10:54:00,98.05,100.2,98.05,99.0,1125,83325,94.12,88.0,101.55
15140,2021-03-14 10:55:00,98.05,100.2,98.05,99.0,1125,83325,94.12,88.0,101.55
15141,2021-03-14 10:56:00,98.05,100.2,98.05,99.0,1125,83325,94.12,88.0,101.55
15142,2021-03-14 10:57:00,98.05,100.2,98.05,99.0,1125,83325,94.12,88.0,101.55
15143,2021-03-14 10:58:00,98.05,100.2,98.05,99.0,1125,83325,94.12,88.0,101.55
15144,2021-03-14 10:59:00,98.05,100.2,98.05,99.0,1125,83325,94.12,88.0,101.55
15145,2021-03-14 11:00:00,98.05,100.2,98.05,99.0,1125,83325,94.12,88.0,101.55
15146,2021-03-14 11:01:00,98.05,100.2,98.05,99.0,1125,83325,94.12,88.0,101.55
15147,2021-03-14 11:02:00,98.05,100.2,98.05,99.0,1125,83325,94.12,88.0,101.55
15148,2021-03-14 11:03:00,98.05,100.2,98.05,99.0,1125,83325,94.12,88.0,101.55
15149,2021-03-14 11:04:00,98.05,100.2,98.05,99.0,1125,83325,94.12,88.0,101.55
15150,2021-03-14 11:05:00,98.05,100.2,98.05,99.0,1125,83325,94.12,88.0,101.55
15151,2021-03-14 11:06:00,98.05,100.2,98.05,99.0,1125,83325,94.12,88.0,101.55
15152,2021-03-14 11:07:00,98.05,100.2,98.05,99.0,1125,83325,94.12,88.0,101.55
15153,2021-03-14 11:08:00,98.05,100.2,98.05,99.0,1125,83325,94.12,88.0,101.55
15154,2021-03-14 11:09:00,98.05,100.2,98.05,99.0,1125,83325,94.12,88.0,101.55
15155,2021-03-14 11:10:00,98.05,100.2,98.05,99.0,1125,83325,94.12,88.0,101.55
15156,2021-03-14 11:11:00,98.05,100.2,98.05,99.0,1125,83325,94.12,88.0,101.55
15157,2021-03-14 11:12:00,98.05,100.2,98.05,99.0,1125,83325,94.12,88.0,101.55
15158,2021-03-14 11:13:00,98.05,100.2,98.05,99.0,1125,83325,94.12,88.0,101.55
15159,2021-03-14 11:14:00,98.05,100.2,98.05,99.0,1125,83325,94.12,88.0,101.55
15160,2021-03-14 11:15:00,98.05,100.2,98.05,99.0,1125,83325,94.12,88.0,101.55
15161,2021-03-14 11:16:00,98.05,100.2,98.05,99.0,1125,83325,94.12,88.0,101.55
15162,2021-03-14 11:17:00,98.05,100.2,98.05,99.0,1125,83325,94.12,88.0,101.55
15163,2021-03-14 11:18:00,98.05,100.2,98.05,99.0,1125,83325,94.12,88.0,101.55
15164,2021-03-14 11:19:00,98.05,100.2,98.05,99.0,1125,83325,94.12,88.0,101.55
15165,2021-03-14 11:20:00,98.05,100.2,98.05,99.0,1125,83325,94.12,88.0,101.55
15166,2021-03-14 11:21:00,98.05,100.2,98.05,99.0,1125,83325,94.12,88.0,101.55
15167,2021-03-14 11:22:00,98.05,100.2,98.05,99.0,1125,83325,94.12,88.0,101.55
15168,2021-03-14 11:23:00,98.05,100.2,98.05,99.0,1125,83325,94.12,88.0,101.55
15169,2021-03-14 11:24:00,98.05,100.2,98.05,99.0,1125,83325,94.12,88.0,101.55
15170,2021-03-14 11:25:00,98.05,100.2,98.05,99.0,1125,83325,94.12,88.0,101.55
15171,2021-03-14 11:26:00,98.05,100.2,98.05,99.0,1125,83325,94.12,88.0,101.55
15172,2021-03-14 11:27:00,98.05,100.2,98.05,99.0,1125,83325,94.12,88.0,101.55
15173,2021-03-14 11:28:00,98.05,100.2,98.05,99.0,1125,83325,94.12,88.0,101.55
15174,2021-03-14 11:29:00,98.05,100.2,98.05,99.0,1125,83325,94.12,88.0,101.55
15175,2021-03-14 11:30:00,98.05,100.2,98.05,99.0,1125,83325,94.12,88.0,101.55
15176,2021-03-14 11:31:00,98.05,100.2,98.05,99.0,1125,83325,94.12,88.0,101.55
15177,2021-03-14 11:32:00,98.05,100.2,98.05,99.0,1125,83325,94.12,88.0,101.55
15178,2021-03-14 11:33:00,98.05,100.2,98.05,99.0,1125,83325,94.12,88.0,101.55
15179,2021-03-14 11:34:00,98.05,100.2,98.05,99.0,1125,83325,94.12,88.0,101.55
15180,2021-03-14 11:35:00,98.05,100.2,98.05,99.0,1125,83325,94.12,88.0,101.55
15181,2021-03-14 11:36:00,98.05,100.2,98.05,99.0,1125,83325,94.12,88.0,101.55
15182,2021-03-14 11:37:00,98.05,100.2,98.05,99.0,1125,83325,94.12,88.0,101.55
15183,2021-03-14 11:38:00,98.05,100.2,98.05,99.0,1125,83325,94.12,88.0,101.55
15184,2021-03-14 11:39:00,98.05,100.2,98.05,99.0,1125,83325,94.12,88.0,101.55
15185,2021-03-14 11:40:00,98.05,100.2,98.05,99.0,1125,83325,94.12,88.0,101.55
15186,2021-03-14 11:41:00,98.05,100.2,98.05,99.0,1125,83325,94.12,88.0,101.55
15187,2021-03-14 11:42:00,98.05,100.2,98.05,99.0,1125,83325,94.12,88.0,101.55
15188,2021-03-14 11:43:00,98.05,100.2,98.05,99.0,1125,83325,94.12,88.0,101.55
15189,2021-03-14 11:44:00,98.05,100.2,98.05,99.0,1125,83325,94.12,88.0,101.55
15190,2021-03-14 11:45:00,98.05,100.2,98.05,99.0,1125,83325,94.12,88.0,101.55
15191,2021-03-14 11:46:00,98.05,100.2,98.05,99.0,1125,83325,94.12,88.0,101.55
15192,2021-03-14 11:47:00,98.05,100.2,98.05,99.0,1125,83325,94.12,88.0,101.55
15193,2021-03-14 11:48:00,98.05,100.2,98.05,99.0,1125,83325,94.12,88.0,101.55
15194,2021-03-14 11:49:00,98.05,100.2,98.05,99.0,1125,83325,94.12,88.0,101.55
15195,2021-03-14 11:50:00,98.05,100.2,98.05,99.0,1125,83325,94.12,88.0,101.55
15196,2021-03-14 11:51:00,98.05,100.2,98.05,99.0,1125,83325,94.12,88.0,101.55
15197,2021-03-14 11:52:00,98.05,100.2,98.05,99.0,1125,83325,94.12,88.0,101.55
15198,2021-03-14 11:53:00,98.05,100.2,98.05,99.0,1125,83325,94.12,88.0,101.55
15199,2021-03-14 11:54:00,98.05,100.2,98.05,99.0,1125,83325,94.12,88.0,101.55
15200,2021-03-14 11:55:00,98.05,100.2,98.05,99.0,1125,83325,94.12,88.0,101.55
15201,2021-03-14 11:56:00,98.05,100.2,98.05,99.0,1125,83325,94.12,88.0,101.55
15202,2021-03-14 11:57:00,98.05,100.2,98.05,99.0,1125,83325,94.12,88.0,101.55
15203,2021-03-14 11:58:00,98.05,100.2,98.05,99.0,1125,83325,94.12,88.0,101.55
15204,2021-03-14 11:59:00,98.05,100.2,98.05,99.0,1125,83325,94.12,88.0,101.55
15205,2021-03-14 12:00:00,98.05,100.2,98.05,99.0,1125,83325,94.12,88.0,101.55
15206,2021-03-14 12:01:00,98.05,100.2,98.05,99.0,1125,83325,94.12,88.0,101.55
15207,2021-03-14 12:02:00,98.05,100.2,98.05,99.0,1125,83325,94.12,88.0,101.55
15208,2021-03-14 12:03:00,98.05,100.2,98.05,99.0,1125,83325,94.12,88.0,101.55
15209,2021-03-14 12:04:00,98.05,100.2,98.05,99.0,1125,83325,94.12,88.0,101.55
15210,2021-03-14 12:05:00,98.05,100.2,98.05,99.0,1125,83325,94.12,88.0,101.55
15211,2021-03-14 12:06:00,98.05,100.2,98.05,99.0,1125,83325,94.12,88.0,101.55
15212,2021-03-14 12:07:00,98.05,100.2,98.05,99.0,1125,83325,94.12,88.0,101.55
15213,2021-03-14 12:08:00,98.05,100.2,98.05,99.0,1125,83325,94.12,88.0,101.55
15214,2021-03-14 12:09:00,98.05,100.2,98.05,99.0,1125,83325,94.12,88.0,101.55
15215,2021-03-14 12:10:00,98.05,100.2,98.05,99.0,1125,83325,94.12,88.0,101.55
15216,2021-03-14 12:11:00,98.05,100.2,98.05,99.0,1125,83325,94.12,88.0,101.55
15217,2021-03-14 12:12:00,98.05,100.2,98.05,99.0,1125,83325,94.12,88.0,101.55
15218,2021-03-14 12:13:00,98.05,100.2,98.05,99.0,1125,83325,94.12,88.0,101.55
15219,2021-03-14 12:14:00,98.05,100.2,98.05,99.0,1125,83325,94.12,88.0,101.55
15220,2021-03-14 12:15:00,98.05,100.2,98.05,99.0,1125,83325,94.12,88.0,101.55
15221,2021-03-14 12:16:00,98.05,100.2,98.05,99.0,1125,83325,94.12,88.0,101.55
15222,2021-03-14 12:17:00,98.05,100.2,98.05,99.0,1125,83325,94.12,88.0,101.55
15223,2021-03-14 12:18:00,98.05,100.2,98.05,99.0,1125,83325,94.12,88.0,101.55
15224,2021-03-14 12:19:00,98.05,100.2,98.05,99.0,1125,83325,94.12,88.0,101.55
15225,2021-03-14 12:20:00,98.05,100.2,98.05,99.0,1125,83325,94.12,88.0,101.55
15226,2021-03-14 12:21:00,98.05,100.2,98.05,99.0,1125,83325,94.12,88.0,101.55
15227,2021-03-14 12:22:00,98.05,100.2,98.05,99.0,1125,83325,94.12,88.0,101.55
15228,2021-03-14 12:23:00,98.05,100.2,98.05,99.0,1125,83325,94.12,88.0,101.55
15229,2021-03-14 12:24:00,98.05,100.2,98.05,99.0,1125,83325,94.12,88.0,101.55
15230,2021-03-14 12:25:00,98.05,100.2,98.05,99.0,1125,83325,94.12,88.0,101.55
15231,2021-03-14 12:26:00,98.05,100.2,98.05,99.0,1125,83325,94.12,88.0,101.55
15232,2021-03-14 12:27:00,98.05,100.2,98.05,99.0,1125,83325,94.12,88.0,101.55
15233,2021-03-14 12:28:00,98.05,100.2,98.05,99.0,1125,83325,94.12,88.0,101.55
15234,2021-03-14 12:29:00,98.05,100.2,98.05,99.0,1125,83325,94.12,88.0,101.55
15235,2021-03-14 12:30:00,98.05,100.2,98.05,99.0,1125,83325,94.12,88.0,101.55
15236,2021-03-14 12:31:00,98.05,100.2,98.05,99.0,1125,83325,94.12,88.0,101.55
15237,2021-03-14 12:32:00,98.05,100.2,98.05,99.0,1125,83325,94.12,88.0,101.55
15238,2021-03-14 12:33:00,98.05,100.2,98.05,99.0,1125,83325,94.12,88.0,101.55
15239,2021-03-14 12:34:00,98.05,100.2,98.05,99.0,1125,83325,94.12,88.0,101.55
15240,2021-03-14 12:35:00,98.05,100.2,98.05,99.0,1125,83325,94.12,88.0,101.55
15241,2021-03-14 12:36:00,98.05,100.2,98.05,99.0,1125,83325,94.12,88.0,101.55
15242,2021-03-14 12:37:00,98.05,100.2,98.05,99.0,1125,83325,94.12,88.0,101.55
15243,2021-03-14 12:38:00,98.05,100.2,98.05,99.0,1125,83325,94.12,88.0,101.55
15244,2021-03-14 12:39:00,98.05,100.2,98.05,99.0,1125,83325,94.12,88.0,101.55
15245,2021-03-14 12:40:00,98.05,100.2,98.05,99.0,1125,83325,94.12,88.0,101.55
15246,2021-03-14 12:41:00,98.05,100.2,98.05,99.0,1125,83325,94.12,88.0,101.55
15247,2021-03-14 12:42:00,98.05,100.2,98.05,99.0,1125,83325,94.12,88.0,101.55
15248,2021-03-14 12:43:00,98.05,100.2,98.05,99.0,1125,83325,94.12,88.0,101.55
15249,2021-03-14 12:44:00,98.05,100.2,98.05,99.0,1125,83325,94.12,88.0,101.55
15250,2021-03-14 12:45:00,98.05,100.2,98.05,99.0,1125,83325,94.12,88.0,101.55
15251,2021-03-14 12:46:00,98.05,100.2,98.05,99.0,1125,83325,94.12,88.0,101.55
15252,2021-03-14 12:47:00,98.05,100.2,98.05,99.0,1125,83325,94.12,88.0,101.55
15253,2021-03-14 12:48:00,98.05,100.2,98.05,99.0,1125,83325,94.12,88.0,101.55
15254,2021-03-14 12:49:00,98.05,100.2,98.05,99.0,1125,83325,94.12,88.0,101.55
15255,2021-03-14 12:50:00,98.05,100.2,98.05,99.0,1125,83325,94.12,88.0,101.55
15256,2021-03-14 12:51:00,98.05,100.2,98.05,99.0,1125,83325,94.12,88.0,101.55
15257,2021-03-14 12:52:00,98.05,100.2,98.05,99.0,1125,83325,94.12,88.0,101.55
15258,2021-03-14 12:53:00,98.05,100.2,98.05,99.0,1125,83325,94.12,88.0,101.55
15259,2021-03-14 12:54:00,98.05,100.2,98.05,99.0,1125,83325,94.12,88.0,101.55
15260,2021-03-14 12:55:00,98.05,100.2,98.05,99.0,1125,83325,94.12,88.0,101.55
15261,2021-03-14 12:56:00,98.05,100.2,98.05,99.0,1125,83325,94.12,88.0,101.55
15262,2021-03-14 12:57:00,98.05,100.2,98.05,99.0,1125,83325,94.12,88.0,101.55
15263,2021-03-14 12:58:00,98.05,100.2,98.05,99.0,1125,83325,94.12,88.0,101.55
15264,2021-03-14 12:59:00,98.05,100.2,98.05,99.0,1125,83325,94.12,88.0,101.55
15265,2021-03-14 13:00:00,98.05,100.2,98.05,99.0,1125,83325,94.12,88.0,101.55
15266,2021-03-14 13:01:00,98.05,100.2,98.05,99.0,1125,83325,94.12,88.0,101.55
15267,2021-03-14 13:02:00,98.05,100.2,98.05,99.0,1125,83325,94.12,88.0,101.55
15268,2021-03-14 13:03:00,98.05,100.2,98.05,99.0,1125,83325,94.12,88.0,101.55
15269,2021-03-14 13:04:00,98.05,100.2,98.05,99.0,1125,83325,94.12,88.0,101.55
15270,2021-03-14 13:05:00,98.05,100.2,98.05,99.0,1125,83325,94.12,88.0,101.55
15271,2021-03-14 13:06:00,98.05,100.2,98.05,99.0,1125,83325,94.12,88.0,101.55
15272,2021-03-14 13:07:00,98.05,100.2,98.05,99.0,1125,83325,94.12,88.0,101.55
15273,2021-03-14 13:08:00,98.05,100.2,98.05,99.0,1125,83325,94.12,88.0,101.55
15274,2021-03-14 13:09:00,98.05,100.2,98.05,99.0,1125,83325,94.12,88.0,101.55
15275,2021-03-14 13:10:00,98.05,100.2,98.05,99.0,1125,83325,94.12,88.0,101.55
15276,2021-03-14 13:11:00,98.05,100.2,98.05,99.0,1125,83325,94.12,88.0,101.55
15277,2021-03-14 13:12:00,98.05,100.2,98.05,99.0,1125,83325,94.12,88.0,101.55
15278,2021-03-14 13:13:00,98.05,100.2,98.05,99.0,1125,83325,94.12,88.0,101.55
15279,2021-03-14 13:14:00,98.05,100.2,98.05,99.0,1125,83325,94.12,88.0,101.55
15280,2021-03-14 13:15:00,98.05,100.2,98.05,99.0,1125,83325,94.12,88.0,101.55
15281,2021-03-14 13:16:00,98.05,100.2,98.05,99.0,1125,83325,94.12,88.0,101.55
15282,2021-03-14 13:17:00,98.05,100.2,98.05,99.0,1125,83325,94.12,88.0,101.55
15283,2021-03-14 13:18:00,98.05,100.2,98.05,99.0,1125,83325,94.12,88.0,101.55
15284,2021-03-14 13:19:00,98.05,100.2,98.05,99.0,1125,83325,94.12,88.0,101.55
15285,2021-03-14 13:20:00,98.05,100.2,98.05,99.0,1125,83325,94.12,88.0,101.55
15286,2021-03-14 13:21:00,98.05,100.2,98.05,99.0,1125,83325,94.12,88.0,101.55
15287,2021-03-14 13:22:00,98.05,100.2,98.05,99.0,1125,83325,94.12,88.0,101.55
15288,2021-03-14 13:23:00,98.05,100.2,98.05,99.0,1125,83325,94.12,88.0,101.55
15289,2021-03-14 13:24:00,98.05,100.2,98.05,99.0,1125,83325,94.12,88.0,101.55
15290,2021-03-14 13:25:00,98.05,100.2,98.05,99.0,1125,83325,94.12,88.0,101.55
15291,2021-03-14 13:26:00,98.05,100.2,98.05,99.0,1125,83325,94.12,88.0,101.55
15292,2021-03-14 13:27:00,98.05,100.2,98.05,99.0,1125,83325,94.12,88.0,101.55
15293,2021-03-14 13:28:00,98.05,100.2,98.05,99.0,1125,83325,94.12,88.0,101.55
15294,2021-03-14 13:29:00,98.05,100.2,98.05,99.0,1125,83325,94.12,88.0,101.55
15295,2021-03-14 13:30:00,98.05,100.2,98.05,99.0,1125,83325,94.12,88.0,101.55
15296,2021-03-14 13:31:00,98.05,100.2,98.05,99.0,1125,83325,94.12,88.0,101.55
15297,2021-03-14 13:32:00,98.05,100.2,98.05,99.0,1125,83325,94.12,88.0,101.55
15298,2021-03-14 13:33:00,98.05,100.2,98.05,99.0,1125,83325,94.12,88.0,101.55
15299,2021-03-14 13:34:00,98.05,100.2,98.05,99.0,1125,83325,94.12,88.0,101.55
15300,2021-03-14 13:35:00,98.05,100.2,98.05,99.0,1125,83325,94.12,88.0,101.55
15301,2021-03-14 13:36:00,98.05,100.2,98.05,99.0,1125,83325,94.12,88.0,101.55
15302,2021-03-14 13:37:00,98.05,100.2,98.05,99.0,1125,83325,94.12,88.0,101.55
15303,2021-03-14 13:38:00,98.05,100.2,98.05,99.0,1125,83325,94.12,88.0,101.55
15304,2021-03-14 13:39:00,98.05,100.2,98.05,99.0,1125,83325,94.12,88.0,101.55
15305,2021-03-14 13:40:00,98.05,100.2,98.05,99.0,1125,83325,94.12,88.0,101.55
15306,2021-03-14 13:41:00,98.05,100.2,98.05,99.0,1125,83325,94.12,88.0,101.55
15307,2021-03-14 13:42:00,98.05,100.2,98.05,99.0,1125,83325,94.12,88.0,101.55
15308,2021-03-14 13:43:00,98.05,100.2,98.05,99.0,1125,83325,94.12,88.0,101.55
15309,2021-03-14 13:44:00,98.05,100.2,98.05,99.0,1125,83325,94.12,88.0,101.55
15310,2021-03-14 13:45:00,98.05,100.2,98.05,99.0,1125,83325,94.12,88.0,101.55
15311,2021-03-14 13:46:00,98.05,100.2,98.05,99.0,1125,83325,94.12,88.0,101.55
15312,2021-03-14 13:47:00,98.05,100.2,98.05,99.0,1125,83325,94.12,88.0,101.55
15313,2021-03-14 13:48:00,98.05,100.2,98.05,99.0,1125,83325,94.12,88.0,101.55
15314,2021-03-14 13:49:00,98.05,100.2,98.05,99.0,1125,83325,94.12,88.0,101.55
15315,2021-03-14 13:50:00,98.05,100.2,98.05,99.0,1125,83325,94.12,88.0,101.55
15316,2021-03-14 13:51:00,98.05,100.2,98.05,99.0,1125,83325,94.12,88.0,101.55
15317,2021-03-14 13:52:00,98.05,100.2,98.05,99.0,1125,83325,94.12,88.0,101.55
15318,2021-03-14 13:53:00,98.05,100.2,98.05,99.0,1125,83325,94.12,88.0,101.55
15319,2021-03-14 13:54:00,98.05,100.2,98.05,99.0,1125,83325,94.12,88.0,101.55
15320,2021-03-14 13:55:00,98.05,100.2,98.05,99.0,1125,83325,94.12,88.0,101.55
15321,2021-03-14 13:56:00,98.05,100.2,98.05,99.0,1125,83325,94.12,88.0,101.55
15322,2021-03-14 13:57:00,98.05,100.2,98.05,99.0,1125,83325,94.12,88.0,101.55
15323,2021-03-14 13:58:00,98.05,100.2,98.05,99.0,1125,83325,94.12,88.0,101.55
15324,2021-03-14 13:59:00,98.05,100.2,98.05,99.0,1125,83325,94.12,88.0,101.55
15325,2021-03-14 14:00:00,98.05,100.2,98.05,99.0,1125,83325,94.12,88.0,101.55
15326,2021-03-14 14:01:00,98.05,100.2,98.05,99.0,1125,83325,94.12,88.0,101.55
15327,2021-03-14 14:02:00,98.05,100.2,98.05,99.0,1125,83325,94.12,88.0,101.55
15328,2021-03-14 14:03:00,98.05,100.2,98.05,99.0,1125,83325,94.12,88.0,101.55
15329,2021-03-14 14:04:00,98.05,100.2,98.05,99.0,1125,83325,94.12,88.0,101.55
15330,2021-03-14 14:05:00,98.05,100.2,98.05,99.0,1125,83325,94.12,88.0,101.55
15331,2021-03-14 14:06:00,98.05,100.2,98.05,99.0,1125,83325,94.12,88.0,101.55
15332,2021-03-14 14:07:00,98.05,100.2,98.05,99.0,1125,83325,94.12,88.0,101.55
15333,2021-03-14 14:08:00,98.05,100.2,98.05,99.0,1125,83325,94.12,88.0,101.55
15334,2021-03-14 14:09:00,98.05,100.2,98.05,99.0,1125,83325,94.12,88.0,101.55
15335,2021-03-14 14:10:00,98.05,100.2,98.05,99.0,1125,83325,94.12,88.0,101.55
15336,2021-03-14 14:11:00,98.05,100.2,98.05,99.0,1125,83325,94.12,88.0,101.55
15337,2021-03-14 14:12:00,98.05,100.2,98.05,99.0,1125,83325,94.12,88.0,101.55
15338,2021-03-14 14:13:00,98.05,100.2,98.05,99.0,1125,83325,94.12,88.0,101.55
15339,2021-03-14 14:14:00,98.05,100.2,98.05,99.0,1125,83325,94.12,88.0,101.55
15340,2021-03-14 14:15:00,98.05,100.2,98.05,99.0,1125,83325,94.12,88.0,101.55
15341,2021-03-14 14:16:00,98.05,100.2,98.05,99.0,1125,83325,94.12,88.0,101.55
15342,2021-03-14 14:17:00,98.05,100.2,98.05,99.0,1125,83325,94.12,88.0,101.55
15343,2021-03-14 14:18:00,98.05,100.2,98.05,99.0,1125,83325,94.12,88.0,101.55
15344,2021-03-14 14:19:00,98.05,100.2,98.05,99.0,1125,83325,94.12,88.0,101.55
15345,2021-03-14 14:20:00,98.05,100.2,98.05,99.0,1125,83325,94.12,88.0,101.55
15346,2021-03-14 14:21:00,98.05,100.2,98.05,99.0,1125,83325,94.12,88.0,101.55
15347,2021-03-14 14:22:00,98.05,100.2,98.05,99.0,1125,83325,94.12,88.0,101.55
15348,2021-03-14 14:23:00,98.05,100.2,98.05,99.0,1125,83325,94.12,88.0,101.55
15349,2021-03-14 14:24:00,98.05,100.2,98.05,99.0,1125,83325,94.12,88.0,101.55
15350,2021-03-14 14:25:00,98.05,100.2,98.05,99.0,1125,83325,94.12,88.0,101.55
15351,2021-03-14 14:26:00,98.05,100.2,98.05,99.0,1125,83325,94.12,88.0,101.55
15352,2021-03-14 14:27:00,98.05,100.2,98.05,99.0,1125,83325,94.12,88.0,101.55
15353,2021-03-14 14:28:00,98.05,100.2,98.05,99.0,1125,83325,94.12,88.0,101.55
15354,2021-03-14 14:29:00,98.05,100.2,98.05,99.0,1125,83325,94.12,88.0,101.55
15355,2021-03-14 14:30:00,98.05,100.2,98.05,99.0,1125,83325,94.12,88.0,101.55
15356,2021-03-14 14:31:00,98.05,100.2,98.05,99.0,1125,83325,94.12,88.0,101.55
15357,2021-03-14 14:32:00,98.05,100.2,98.05,99.0,1125,83325,94.12,88.0,101.55
15358,2021-03-14 14:33:00,98.05,100.2,98.05,99.0,1125,83325,94.12,88.0,101.55
15359,2021-03-14 14:34:00,98.05,100.2,98.05,99.0,1125,83325,94.12,88.0,101.55
15360,2021-03-14 14:35:00,98.05,100.2,98.05,99.0,1125,83325,94.12,88.0,101.55
15361,2021-03-14 14:36:00,98.05,100.2,98.05,99.0,1125,83325,94.12,88.0,101.55
15362,2021-03-14 14:37:00,98.05,100.2,98.05,99.0,1125,83325,94.12,88.0,101.55
15363,2021-03-14 14:38:00,98.05,100.2,98.05,99.0,1125,83325,94.12,88.0,101.55
15364,2021-03-14 14:39:00,98.05,100.2,98.05,99.0,1125,83325,94.12,88.0,101.55
15365,2021-03-14 14:40:00,98.05,100.2,98.05,99.0,1125,83325,94.12,88.0,101.55
15366,2021-03-14 14:41:00,98.05,100.2,98.05,99.0,1125,83325,94.12,88.0,101.55
15367,2021-03-14 14:42:00,98.05,100.2,98.05,99.0,1125,83325,94.12,88.0,101.55
15368,2021-03-14 14:43:00,98.05,100.2,98.05,99.0,1125,83325,94.12,88.0,101.55
15369,2021-03-14 14:44:00,98.05,100.2,98.05,99.0,1125,83325,94.12,88.0,101.55
15370,2021-03-14 14:45:00,98.05,100.2,98.05,99.0,1125,83325,94.12,88.0,101.55
15371,2021-03-14 14:46:00,98.05,100.2,98.05,99.0,1125,83325,94.12,88.0,101.55
15372,2021-03-14 14:47:00,98.05,100.2,98.05,99.0,1125,83325,94.12,88.0,101.55
15373,2021-03-14 14:48:00,98.05,100.2,98.05,99.0,1125,83325,94.12,88.0,101.55
15374,2021-03-14 14:49:00,98.05,100.2,98.05,99.0,1125,83325,94.12,88.0,101.55
15375,2021-03-14 14:50:00,98.05,100.2,98.05,99.0,1125,83325,94.12,88.0,101.55
15376,2021-03-14 14:51:00,98.05,100.2,98.05,99.0,1125,83325,94.12,88.0,101.55
15377,2021-03-14 14:52:00,98.05,100.2,98.05,99.0,1125,83325,94.12,88.0,101.55
15378,2021-03-14 14:53:00,98.05,100.2,98.05,99.0,1125,83325,94.12,88.0,101.55
15379,2021-03-14 14:54:00,98.05,100.2,98.05,99.0,1125,83325,94.12,88.0,101.55
15380,2021-03-14 14:55:00,98.05,100.2,98.05,99.0,1125,83325,94.12,88.0,101.55
15381,2021-03-14 14:56:00,98.05,100.2,98.05,99.0,1125,83325,94.12,88.0,101.55
15382,2021-03-14 14:57:00,98.05,100.2,98.05,99.0,1125,83325,94.12,88.0,101.55
15383,2021-03-14 14:58:00,98.05,100.2,98.05,99.0,1125,83325,94.12,88.0,101.55
15384,2021-03-14 14:59:00,98.05,100.2,98.05,99.0,1125,83325,94.12,88.0,101.55
15385,2021-03-14 15:00:00,98.05,100.2,98.05,99.0,1125,83325,94.12,88.0,101.55
15386,2021-03-14 15:01:00,98.05,100.2,98.05,99.0,1125,83325,94.12,88.0,101.55
15387,2021-03-14 15:02:00,98.05,100.2,98.05,99.0,1125,83325,94.12,88.0,101.55
15388,2021-03-14 15:03:00,98.05,100.2,98.05,99.0,1125,83325,94.12,88.0,101.55
15389,2021-03-14 15:04:00,98.05,100.2,98.05,99.0,1125,83325,94.12,88.0,101.55
15390,2021-03-14 15:05:00,98.05,100.2,98.05,99.0,1125,83325,94.12,88.0,101.55
15391,2021-03-14 15:06:00,98.05,100.2,98.05,99.0,1125,83325,94.12,88.0,101.55
15392,2021-03-14 15:07:00,98.05,100.2,98.05,99.0,1125,83325,94.12,88.0,101.55
15393,2021-03-14 15:08:00,98.05,100.2,98.05,99.0,1125,83325,94.12,88.0,101.55
15394,2021-03-14 15:09:00,98.05,100.2,98.05,99.0,1125,83325,94.12,88.0,101.55
15395,2021-03-14 15:10:00,98.05,100.2,98.05,99.0,1125,83325,94.12,88.0,101.55
15396,2021-03-14 15:11:00,98.05,100.2,98.05,99.0,1125,83325,94.12,88.0,101.55
15397,2021-03-14 15:12:00,98.05,100.2,98.05,99.0,1125,83325,94.12,88.0,101.55
15398,2021-03-14 15:13:00,98.05,100.2,98.05,99.0,1125,83325,94.12,88.0,101.55
15399,2021-03-14 15:14:00,98.05,100.2,98.05,99.0,1125,83325,94.12,88.0,101.55
15400,2021-03-14 15:15:00,98.05,100.2,98.05,99.0,1125,83325,94.12,88.0,101.55
15401,2021-03-14 15:16:00,98.05,100.2,98.05,99.0,1125,83325,94.12,88.0,101.55
15402,2021-03-14 15:17:00,98.05,100.2,98.05,99.0,1125,83325,94.12,88.0,101.55
15403,2021-03-14 15:18:00,98.05,100.2,98.05,99.0,1125,83325,94.12,88.0,101.55
15404,2021-03-14 15:19:00,98.05,100.2,98.05,99.0,1125,83325,94.12,88.0,101.55
15405,2021-03-14 15:20:00,98.05,100.2,98.05,99.0,1125,83325,94.12,88.0,101.55
15406,2021-03-14 15:21:00,98.05,100.2,98.05,99.0,1125,83325,94.12,88.0,101.55
15407,2021-03-14 15:22:00,98.05,100.2,98.05,99.0,1125,83325,94.12,88.0,101.55
15408,2021-03-14 15:23:00,98.05,100.2,98.05,99.0,1125,83325,94.12,88.0,101.55
15409,2021-03-14 15:24:00,98.05,100.2,98.05,99.0,1125,83325,94.12,88.0,101.55
15410,2021-03-14 15:25:00,98.05,100.2,98.05,99.0,1125,83325,94.12,88.0,101.55
15411,2021-03-14 15:26:00,98.05,100.2,98.05,99.0,1125,83325,94.12,88.0,101.55
15412,2021-03-14 15:27:00,98.05,100.2,98.05,99.0,1125,83325,94.12,88.0,101.55
15413,2021-03-14 15:28:00,98.05,100.2,98.05,99.0,1125,83325,94.12,88.0,101.55
15414,2021-03-14 15:29:00,98.05,100.2,98.05,99.0,1125,83325,94.12,88.0,101.55
15415,2021-03-14 15:30:00,98.05,100.2,98.05,99.0,1125,83325,94.12,88.0,101.55
15416,2021-03-15 09:15:00,83.85,83.85,83.85,83.85,75,83175,83.85,103.25,107.8
15417,2021-03-15 09:16:00,109.2,109.2,107.6,107.6,150,83175,100.21,107.05,108.3
15418,2021-03-15 09:17:00,109.0,109.0,99.8,99.8,2475,83250,105.29,98.1,99.15
15419,2021-03-15 09:18:00,99.2,105.4,99.2,105.4,1650,83250,103.96,105.5,106.1
15420,2021-03-15 09:19:00,104.3,109.55,104.3,109.55,1125,83250,104.7,108.85,109.6
15421,2021-03-15 09:20:00,110.6,113.35,110.6,113.05,1125,82875,106.05,112.85,113.95
15422,2021-03-15 09:21:00,114.1,124.7,114.1,124.7,2550,82875,109.76,124.35,130.3
15423,2021-03-15 09:22:00,125.65,126.05,122.0,124.7,1050,82875,111.29,123.7,124.25
15424,2021-03-15 09:23:00,124.55,127.6,122.4,122.65,1575,82575,113.17,122.25,122.7
15425,2021-03-15 09:24:00,122.4,127.3,122.4,123.4,1350,82575,114.34,122.85,123.3
15426,2021-03-15 09:25:00,123.85,128.3,123.85,127.15,1650,82575,115.59,127.2,127.7
15427,2021-03-15 09:26:00,126.55,126.55,121.55,121.55,1200,82950,116.3,120.95,121.8
15428,2021-03-15 09:27:00,120.6,123.5,120.35,120.35,975,82950,116.62,119.3,119.75
15429,2021-03-15 09:28:00,118.75,118.75,114.9,116.25,1950,82950,116.78,115.35,115.85
15430,2021-03-15 09:29:00,116.65,124.05,116.65,124.05,1800,84150,117.14,123.7,124.2
15431,2021-03-15 09:30:00,123.65,128.0,123.05,128.0,2175,84150,117.89,127.4,127.9
15432,2021-03-15 09:31:00,126.25,128.0,124.35,125.15,54150,84150,123.26,125.4,125.95
15433,2021-03-15 09:32:00,127.55,132.55,126.7,132.0,9375,131400,123.87,130.35,130.8
15434,2021-03-15 09:33:00,131.65,135.0,131.65,133.0,1725,131400,124.03,132.75,133.2
15435,2021-03-15 09:34:00,133.3,133.3,130.3,132.75,20100,131400,125.45,131.65,132.15
15436,2021-03-15 09:35:00,133.55,139.05,133.5,138.05,37125,111525,128.3,137.85,138.5
15437,2021-03-15 09:36:00,138.4,144.15,138.0,144.15,7350,111525,128.88,143.7,144.3
15438,2021-03-15 09:37:00,145.6,152.65,145.6,150.95,7725,111525,129.87,150.2,150.95
15439,2021-03-15 09:38:00,151.35,151.35,138.4,138.65,4350,93975,130.29,137.8,138.55
15440,2021-03-15 09:39:00,137.95,146.65,137.65,145.95,3975,93975,130.61,144.9,145.65
15441,2021-03-15 09:40:00,148.75,155.95,148.75,154.95,7650,93975,131.6,154.25,154.85
15442,2021-03-15 09:41:00,156.4,157.5,146.5,148.85,3975,102825,132.08,148.55,149.3
15443,2021-03-15 09:42:00,147.75,151.7,145.25,151.7,1725,102825,132.24,151.6,152.35
15444,2021-03-15 09:43:00,151.7,153.8,148.55,149.85,3075,102825,132.55,149.25,149.95
15445,2021-03-15 09:44:00,150.3,153.9,149.4,153.9,1650,113175,132.72,153.7,154.4
15446,2021-03-15 09:45:00,155.0,155.0,144.05,144.05,1950,113175,132.9,142.15,142.9
15447,2021-03-15 09:46:00,142.75,147.15,142.75,144.05,2625,113175,133.08,143.2,143.95
15448,2021-03-15 09:47:00,143.0,144.4,143.0,144.25,525,101700,133.11,142.85,143.5
15449,2021-03-15 09:48:00,141.75,141.85,131.2,131.2,1725,101700,133.13,131.4,132.05
15450,2021-03-15 09:49:00,131.75,137.15,130.75,135.0,3150,101700,133.14,134.4,135.3
15451,2021-03-15 09:50:00,135.25,141.85,135.25,141.85,2250,97500,133.22,140.4,141.1
15452,2021-03-15 09:51:00,140.05,143.05,137.6,139.3,1650,97500,133.28,139.1,139.85
15453,2021-03-15 09:52:00,140.1,140.1,133.45,135.75,2175,97500,133.3,134.75,135.25
15454,2021-03-15 09:53:00,134.75,134.75,131.1,133.55,900,95025,133.3,133.8,134.25
15455,2021-03-15 09:54:00,133.8,133.8,130.7,131.6,1350,95025,133.29,130.75,131.2
15456,2021-03-15 09:55:00,129.35,133.6,125.3,126.05,3600,95025,133.21,125.55,125.95
15457,2021-03-15 09:56:00,125.95,131.25,125.95,131.15,900,89925,133.19,131.8,132.3
15458,2021-03-15 09:57:00,133.75,135.45,133.75,135.45,150,89925,133.19,133.6,134.1
15459,2021-03-15 09:58:00,133.75,133.75,131.7,131.7,600,89925,133.19,131.0,131.5
15460,2021-03-15 09:59:00,128.5,130.85,128.5,130.85,300,89925,133.19,130.05,130.55
15461,2021-03-15 10:00:00,130.4,132.95,130.4,132.95,375,89925,133.18,133.2,133.65
15462,2021-03-15 10:01:00,133.05,138.75,132.75,138.75,1050,89925,133.19,138.3,138.8
15463,2021-03-15 10:02:00,139.2,139.2,136.45,136.45,525,90150,133.2,137.05,137.4
15464,2021-03-15 10:03:00,137.3,139.55,135.6,139.55,1500,90150,133.23,139.9,140.45
15465,2021-03-15 10:04:00,141.6,144.85,141.5,144.85,600,90150,133.26,142.9,143.55
15466,2021-03-15 10:05:00,145.0,147.95,145.0,145.0,675,90225,133.3,144.3,145.0
15467,2021-03-15 10:06:00,142.35,142.35,140.0,141.9,375,90225,133.31,141.1,141.85
15468,2021-03-15 10:07:00,142.35,142.35,140.0,141.9,375,90225,133.31,141.1,141.85
15469,2021-03-15 10:08:00,143.05,145.5,143.05,145.5,300,90300,133.33,145.4,146.05
15470,2021-03-15 10:09:00,144.6,144.6,142.65,142.65,375,90300,133.34,141.65,142.3
15471,2021-03-15 10:10:00,142.65,142.65,141.75,142.5,375,90300,133.36,140.6,141.25
15472,2021-03-15 10:11:00,139.0,139.0,136.2,136.2,225,90375,133.36,136.3,137.0
15473,2021-03-15 10:12:00,134.6,134.6,134.25,134.25,150,90375,133.36,135.05,135.7
15474,2021-03-15 10:13:00,134.05,134.05,132.55,132.55,225,90375,133.36,133.1,133.65
15475,2021-03-15 10:14:00,134.95,134.95,134.95,134.95,75,90375,133.37,135.95,136.55
15476,2021-03-15 10:15:00,138.55,140.6,137.2,140.6,375,88875,133.37,140.45,141.15
15477,2021-03-15 10:16:00,140.2,141.45,139.8,140.1,525,88875,133.39,136.4,137.05
15478,2021-03-15 10:17:00,135.85,135.85,131.65,131.75,300,88275,133.39,131.75,132.35
15479,2021-03-15 10:18:00,130.85,130.85,130.85,130.85,75,88275,133.39,130.45,131.05
15480,2021-03-15 10:19:00,130.75,131.2,128.8,131.05,1125,88275,133.37,130.5,131.0
15481,2021-03-15 10:20:00,129.95,131.15,128.75,128.75,975,88200,133.36,127.7,128.2
15482,2021-03-15 10:21:00,128.55,131.1,128.5,130.45,375,88200,133.35,129.0,129.4
15483,2021-03-15 10:22:00,127.4,127.75,124.0,124.0,450,88200,133.33,125.0,125.4
15484,2021-03-15 10:23:00,124.9,125.15,124.9,125.15,150,88575,133.33,126.4,126.85
15485,2021-03-15 10:24:00,124.75,124.75,121.6,124.35,1125,88575,133.28,123.3,123.75
15486,2021-03-15 10:25:00,123.2,126.55,120.8,126.3,1500,88575,133.21,126.3,126.7
15487,2021-03-15 10:26:00,126.5,126.5,126.5,126.5,150,88575,133.21,127.75,128.2
15488,2021-03-15 10:27:00,128.0,131.2,128.0,130.25,375,88125,133.2,128.65,129.1
15489,2021-03-15 10:28:00,129.5,131.15,129.5,130.55,600,88125,133.19,130.5,131.25
15490,2021-03-15 10:29:00,130.55,130.55,130.55,130.55,300,88125,133.19,132.0,132.55
15491,2021-03-15 10:30:00,127.3,127.3,127.3,127.3,150,88575,133.19,126.4,126.9
15492,2021-03-15 10:31:00,125.45,125.45,125.45,125.45,225,88575,133.18,125.15,125.7
15493,2021-03-15 10:32:00,126.35,126.35,125.0,126.35,900,88575,133.15,124.4,125.05
15494,2021-03-15 10:33:00,129.0,129.0,129.0,129.0,75,88125,133.15,128.6,129.25
15495,2021-03-15 10:34:00,129.0,129.0,129.0,129.0,75,88125,133.15,128.6,129.25
15496,2021-03-15 10:35:00,133.0,133.0,132.2,132.2,450,87975,133.15,131.7,132.4
15497,2021-03-15 10:36:00,130.5,130.5,130.1,130.1,300,87975,133.14,131.45,132.0
15498,2021-03-15 10:37:00,132.7,135.05,132.7,134.8,225,87975,133.15,133.8,134.5
15499,2021-03-15 10:38:00,132.0,132.0,132.0,132.0,300,87975,133.14,128.4,128.95
15500,2021-03-15 10:39:00,127.35,127.35,127.35,127.35,300,88200,133.14,129.0,129.45
15501,2021-03-15 10:40:00,132.0,132.2,130.7,132.2,225,88200,133.14,132.2,132.7
15502,2021-03-15 10:41:00,129.4,129.4,129.4,129.4,150,88200,133.13,128.35,128.75
15503,2021-03-15 10:42:00,129.6,129.9,129.4,129.9,1425,87300,133.11,130.5,130.95
15504,2021-03-15 10:43:00,132.05,132.05,131.55,131.55,225,87300,133.11,131.8,132.35
15505,2021-03-15 10:44:00,131.0,132.95,129.75,132.95,375,87825,133.11,132.55,133.0
15506,2021-03-15 10:45:00,134.75,139.3,134.75,135.35,1275,87825,133.13,135.35,135.7
15507,2021-03-15 10:46:00,135.8,135.8,135.0,135.0,300,87825,133.13,132.1,132.75
15508,2021-03-15 10:47:00,133.25,133.25,133.25,133.25,150,87825,133.13,132.3,133.0
15509,2021-03-15 10:48:00,133.1,133.1,129.7,129.7,225,87750,133.13,129.05,129.45
15510,2021-03-15 10:49:00,128.7,129.1,127.9,129.1,450,87750,133.12,128.25,128.8
15511,2021-03-15 10:50:00,128.7,129.1,127.9,129.1,450,87750,133.12,128.25,128.8
15512,2021-03-15 10:51:00,128.7,129.1,127.9,129.1,450,87750,133.12,128.25,128.8
15513,2021-03-15 10:52:00,138.35,138.35,134.6,134.6,225,86850,133.12,134.0,134.7
15514,2021-03-15 10:53:00,131.7,133.95,131.7,133.95,150,86925,133.12,134.1,134.7
15515,2021-03-15 10:54:00,134.65,134.65,134.65,134.65,75,86925,133.12,135.0,135.65
15516,2021-03-15 10:55:00,134.85,134.85,134.85,134.85,75,86925,133.12,138.7,139.45
15517,2021-03-15 10:56:00,140.0,142.0,140.0,142.0,1575,86775,133.18,141.9,142.6
15518,2021-03-15 10:57:00,142.0,142.0,139.8,141.25,2475,86775,133.28,140.55,141.3
15519,2021-03-15 10:58:00,140.65,143.65,140.65,143.65,1125,86775,133.32,142.95,143.5
15520,2021-03-15 10:59:00,142.1,142.1,140.75,141.05,450,86775,133.33,142.25,143.05
15521,2021-03-15 11:00:00,144.5,145.3,144.0,145.0,450,85650,133.36,143.05,143.65
15522,2021-03-15 11:01:00,143.85,143.85,139.8,142.35,750,85650,133.38,142.25,142.8
15523,2021-03-15 11:02:00,143.0,143.0,143.0,143.0,75,85650,133.38,143.6,144.15
15524,2021-03-15 11:03:00,145.0,148.7,145.0,148.5,2925,85425,133.55,149.55,149.95
15525,2021-03-15 11:04:00,150.0,153.3,149.55,153.3,1650,85425,133.67,153.6,154.1
15526,2021-03-15 11:05:00,153.65,153.9,147.6,147.6,2175,85275,133.83,146.05,146.85
15527,2021-03-15 11:06:00,146.05,150.8,146.05,150.2,1425,85275,133.91,150.75,151.35
15528,2021-03-15 11:07:00,150.65,150.65,149.0,150.45,450,85275,133.94,148.0,148.65
15529,2021-03-15 11:08:00,146.65,148.35,146.65,147.7,300,85575,133.96,146.55,147.55
15530,2021-03-15 11:09:00,144.45,144.45,144.45,144.45,300,85575,133.97,145.05,145.7
15531,2021-03-15 11:10:00,144.45,144.45,144.45,144.45,300,85575,133.97,145.05,145.7
15532,2021-03-15 11:11:00,145.45,148.5,145.45,148.5,450,85875,133.99,148.25,148.8
15533,2021-03-15 11:12:00,148.85,151.25,148.0,151.25,450,85875,134.02,150.55,151.25
15534,2021-03-15 11:13:00,151.7,154.05,150.8,153.0,2625,85875,134.21,151.65,152.15
15535,2021-03-15 11:14:00,150.85,151.15,147.6,149.0,1650,85650,134.31,148.5,149.05
15536,2021-03-15 11:15:00,150.85,151.15,147.6,149.0,1650,85650,134.31,148.5,149.05
15537,2021-03-15 11:16:00,153.7,158.05,153.7,155.4,900,85650,134.38,154.75,155.35
15538,2021-03-15 11:17:00,154.7,155.0,152.3,155.0,825,85125,134.45,155.0,155.35
15539,2021-03-15 11:18:00,155.0,159.2,155.0,159.05,1575,85125,134.58,158.85,159.45
15540,2021-03-15 11:19:00,157.15,158.6,156.85,158.6,300,85125,134.61,156.2,156.75
15541,2021-03-15 11:20:00,158.8,164.25,158.8,163.55,1125,85425,134.73,162.55,163.45
15542,2021-03-15 11:21:00,160.0,160.65,159.4,159.9,600,85425,134.79,158.25,159.2
15543,2021-03-15 11:22:00,159.05,159.05,155.05,155.05,525,85425,134.83,155.25,155.95
15544,2021-03-15 11:23:00,155.45,155.45,155.4,155.4,300,85425,134.86,153.35,154.0
15545,2021-03-15 11:24:00,155.95,155.95,152.95,152.95,525,84900,134.89,152.95,153.45
15546,2021-03-15 11:25:00,151.5,151.5,148.2,148.2,1575,84900,134.98,149.8,150.5
15547,2021-03-15 11:26:00,151.5,151.5,148.2,148.2,1575,84900,134.98,149.8,150.5
15548,2021-03-15 11:27:00,151.2,151.2,151.2,151.2,75,84750,134.99,149.3,149.95
15549,2021-03-15 11:28:00,151.2,151.2,151.2,151.2,75,84750,134.99,149.3,149.95
15550,2021-03-15 11:29:00,150.65,150.65,150.65,150.65,600,84825,135.02,148.95,149.65
15551,2021-03-15 11:30:00,149.65,149.65,143.3,143.3,1575,84825,135.1,142.75,143.8
15552,2021-03-15 11:31:00,143.7,145.25,143.7,145.25,450,84825,135.12,145.4,146.25
15553,2021-03-15 11:32:00,145.25,146.1,145.25,145.8,525,84825,135.14,144.75,145.45
15554,2021-03-15 11:33:00,147.95,147.95,147.65,147.65,225,86250,135.15,147.4,148.1
15555,2021-03-15 11:34:00,149.2,152.1,149.2,152.1,150,86250,135.16,152.4,153.2
15556,2021-03-15 11:35:00,153.65,153.65,152.6,153.0,375,86250,135.18,151.2,151.95
15557,2021-03-15 11:36:00,150.65,150.65,150.65,150.65,75,86175,135.19,148.65,149.3
15558,2021-03-15 11:37:00,151.3,151.3,151.3,151.3,75,86175,135.19,150.55,151.4
15559,2021-03-15 11:38:00,151.1,151.1,151.1,151.1,150,86175,135.2,150.5,151.3
15560,2021-03-15 11:39:00,151.1,151.1,151.1,151.1,150,86175,135.2,150.5,151.3
15561,2021-03-15 11:40:00,147.9,147.9,147.9,147.9,75,85350,135.2,147.5,148.3
15562,2021-03-15 11:41:00,146.05,146.2,146.05,146.2,225,85350,135.21,147.45,148.1
15563,2021-03-15 11:42:00,146.15,149.7,146.15,149.7,150,85350,135.22,148.75,149.45
15564,2021-03-15 11:43:00,150.45,150.45,148.9,148.95,600,85350,135.25,148.7,149.4
15565,2021-03-15 11:44:00,148.8,149.5,148.8,149.5,1575,85350,135.33,151.8,152.3
15566,2021-03-15 11:45:00,152.3,155.4,152.3,155.4,300,86400,135.35,155.1,155.65
15567,2021-03-15 11:46:00,155.15,156.05,154.5,155.4,600,86400,135.4,155.45,156.15
15568,2021-03-15 11:47:00,157.8,159.45,157.8,159.45,150,86625,135.41,158.9,159.5
15569,2021-03-15 11:48:00,157.85,158.5,157.85,158.0,600,86625,135.46,157.2,157.85
15570,2021-03-15 11:49:00,159.8,159.8,159.8,159.8,75,86625,135.47,158.9,159.6
15571,2021-03-15 11:50:00,158.15,158.15,154.05,155.5,2850,86625,135.68,154.75,155.5
15572,2021-03-15 11:51:00,154.25,155.95,154.25,154.75,1575,87825,135.79,155.05,155.75
15573,2021-03-15 11:52:00,154.25,155.95,154.25,154.75,1575,87825,135.79,155.05,155.75
15574,2021-03-15 11:53:00,154.75,154.75,153.4,153.4,300,87825,135.81,151.7,152.3
15575,2021-03-15 11:54:00,151.75,153.6,150.75,150.75,600,89025,135.85,150.4,151.25
15576,2021-03-15 11:55:00,151.15,151.15,151.15,151.15,75,89025,135.85,152.65,153.45
15577,2021-03-15 11:56:00,150.45,150.45,150.45,150.45,75,88950,135.86,150.2,150.95
15578,2021-03-15 11:57:00,147.0,147.45,146.8,146.8,375,88950,135.87,145.25,145.6
15579,2021-03-15 11:58:00,146.65,146.65,146.65,146.65,75,88950,135.87,146.75,147.4
15580,2021-03-15 11:59:00,147.5,147.5,141.85,141.85,375,88800,135.89,141.7,142.45
15581,2021-03-15 12:00:00,142.6,142.6,138.95,139.0,1275,88800,135.91,138.3,139.05
15582,2021-03-15 12:01:00,138.0,138.0,136.75,137.75,600,88800,135.91,137.05,137.85
15583,2021-03-15 12:02:00,139.2,139.35,138.6,138.6,1575,88800,135.93,139.35,140.05
15584,2021-03-15 12:03:00,140.95,140.95,139.95,139.95,525,89400,135.94,139.5,140.1
15585,2021-03-15 12:04:00,140.35,140.35,138.95,139.4,525,89400,135.94,137.7,138.15
15586,2021-03-15 12:05:00,138.3,138.7,135.95,135.95,300,89400,135.95,135.9,136.4
15587,2021-03-15 12:06:00,135.3,135.3,135.2,135.2,150,90150,135.95,135.8,136.3
15588,2021-03-15 12:07:00,130.65,135.1,130.65,135.1,1200,90150,135.93,134.25,134.95
15589,2021-03-15 12:08:00,132.25,136.25,132.25,136.25,900,90150,135.93,136.55,137.25
15590,2021-03-15 12:09:00,137.5,137.5,137.5,137.5,600,89475,135.93,136.8,137.45
15591,2021-03-15 12:10:00,138.4,142.0,138.4,139.5,900,89475,135.95,139.2,140.05
15592,2021-03-15 12:11:00,141.65,141.65,141.65,141.65,75,89475,135.95,141.1,141.7
15593,2021-03-15 12:12:00,140.35,141.0,140.35,141.0,150,88650,135.96,140.7,141.4
15594,2021-03-15 12:13:00,141.5,144.65,141.5,143.95,1050,88650,135.98,144.25,144.85
15595,2021-03-15 12:14:00,143.95,144.0,143.95,144.0,1125,88650,136.01,144.4,145.1
15596,2021-03-15 12:15:00,144.0,147.6,144.0,147.6,300,87450,136.02,148.55,149.1
15597,2021-03-15 12:16:00,148.4,148.4,148.4,148.4,75,87450,136.02,148.45,149.0
15598,2021-03-15 12:17:00,150.6,150.6,150.6,150.6,75,87450,136.03,148.1,148.75
15599,2021-03-15 12:18:00,150.1,150.1,150.1,150.1,150,87525,136.04,150.7,151.3
15600,2021-03-15 12:19:00,150.05,150.25,150.05,150.05,675,87525,136.07,147.5,147.9
15601,2021-03-15 12:20:00,149.0,149.0,145.75,145.75,1500,87525,136.12,146.0,146.6
15602,2021-03-15 12:21:00,146.5,147.4,143.85,143.95,1350,87375,136.17,143.95,144.55
15603,2021-03-15 12:22:00,146.5,147.4,143.85,143.95,1350,87375,136.17,143.95,144.55
15604,2021-03-15 12:23:00,147.6,147.6,147.6,147.6,75,87375,136.17,145.95,146.65
15605,2021-03-15 12:24:00,148.0,148.0,148.0,148.0,75,87150,136.17,148.0,148.5
15606,2021-03-15 12:25:00,148.0,148.0,148.0,148.0,75,87150,136.17,148.0,148.5
15607,2021-03-15 12:26:00,147.15,148.6,147.15,148.6,825,87150,136.21,148.15,148.7
15608,2021-03-15 12:27:00,149.45,149.45,149.45,149.45,225,87450,136.22,148.65,149.3
15609,2021-03-15 12:28:00,149.45,149.45,149.45,149.45,225,87450,136.22,148.65,149.3
15610,2021-03-15 12:29:00,149.45,149.45,149.45,149.45,225,87450,136.22,148.65,149.3
15611,2021-03-15 12:30:00,149.45,149.45,149.45,149.45,225,87450,136.22,148.65,149.3
15612,2021-03-15 12:31:00,149.45,149.45,149.45,149.45,225,87450,136.22,148.65,149.3
15613,2021-03-15 12:32:00,153.1,153.95,153.1,153.95,225,87450,136.23,153.65,154.35
15614,2021-03-15 12:33:00,155.05,155.05,155.05,155.05,75,87600,136.24,151.3,151.9
15615,2021-03-15 12:34:00,152.65,152.65,152.65,152.65,150,87600,136.24,152.2,152.75
15616,2021-03-15 12:35:00,152.65,157.05,152.65,157.05,525,87600,136.28,155.7,156.3
15617,2021-03-15 12:36:00,157.35,161.0,156.65,157.15,2850,87450,136.49,157.35,158.05
15618,2021-03-15 12:37:00,158.0,160.0,158.0,159.1,1050,87450,136.57,160.7,161.4
15619,2021-03-15 12:38:00,161.75,165.05,159.25,159.25,3675,87450,136.88,158.05,158.65
15620,2021-03-15 12:39:00,157.1,158.1,156.8,158.1,1500,89925,136.98,158.45,159.2
15621,2021-03-15 12:40:00,162.45,163.15,159.7,163.1,2100,89925,137.15,162.45,163.1
15622,2021-03-15 12:41:00,162.3,162.3,158.65,158.65,1575,89925,137.27,158.95,159.75
15623,2021-03-15 12:42:00,160.0,162.2,160.0,161.0,600,90675,137.31,162.05,162.7
15624,2021-03-15 12:43:00,161.3,164.85,161.3,163.45,600,90675,137.36,164.65,165.35
15625,2021-03-15 12:44:00,164.25,164.25,160.15,161.25,2025,90675,137.52,159.85,160.45
15626,2021-03-15 12:45:00,159.8,162.15,155.65,157.35,1200,91875,137.6,156.4,157.2
15627,2021-03-15 12:46:00,154.8,155.7,150.35,150.35,675,91875,137.63,150.2,150.7
15628,2021-03-15 12:47:00,153.05,153.05,148.6,148.6,225,91875,137.64,147.9,148.7
15629,2021-03-15 12:48:00,149.65,149.7,149.3,149.3,300,91575,137.65,147.35,148.05
15630,2021-03-15 12:49:00,151.1,151.1,151.1,151.1,75,91575,137.66,149.75,150.35
15631,2021-03-15 12:50:00,151.1,151.1,151.1,151.1,75,91575,137.66,149.75,150.35
15632,2021-03-15 12:51:00,151.1,151.1,151.1,151.1,75,91575,137.66,149.75,150.35
15633,2021-03-15 12:52:00,146.55,147.9,146.55,147.9,225,91800,137.66,148.25,148.9
15634,2021-03-15 12:53:00,151.0,151.0,151.0,151.0,75,91800,137.66,151.95,152.7
15635,2021-03-15 12:54:00,152.7,154.65,152.7,154.65,150,91725,137.67,156.0,156.75
15636,2021-03-15 12:55:00,152.7,154.65,152.7,154.65,150,91725,137.67,156.0,156.75
15637,2021-03-15 12:56:00,155.85,156.05,155.85,156.05,225,91725,137.69,156.15,156.8
15638,2021-03-15 12:57:00,157.15,157.15,156.45,156.45,150,91050,137.69,156.1,156.9
15639,2021-03-15 12:58:00,155.8,155.8,155.8,155.8,150,91050,137.7,155.65,156.4
15640,2021-03-15 12:59:00,155.8,155.8,155.8,155.8,150,91050,137.7,155.65,156.4
15641,2021-03-15 13:00:00,156.8,158.5,156.8,158.5,825,91425,137.76,160.1,160.65
15642,2021-03-15 13:01:00,160.65,162.3,160.65,162.3,225,91425,137.77,162.75,163.5
15643,2021-03-15 13:02:00,162.6,163.85,162.6,163.85,375,91425,137.8,164.5,165.15
15644,2021-03-15 13:03:00,163.5,163.5,162.95,162.95,225,92100,137.82,162.15,162.85
15645,2021-03-15 13:04:00,162.45,162.45,157.9,158.0,375,92100,137.85,157.0,157.5
15646,2021-03-15 13:05:00,157.45,162.05,155.6,162.05,56250,92100,140.94,162.15,162.8
15647,2021-03-15 13:06:00,161.85,163.05,161.25,162.45,1575,79125,141.03,162.1,162.55
15648,2021-03-15 13:07:00,162.4,166.0,162.4,164.8,1275,79125,141.11,163.45,164.15
15649,2021-03-15 13:08:00,163.35,167.3,163.35,166.5,1050,79125,141.18,167.85,168.65
15650,2021-03-15 13:09:00,166.85,167.85,164.6,165.45,1275,77925,141.27,165.25,165.85
15651,2021-03-15 13:10:00,165.8,165.8,162.25,162.25,225,77925,141.28,161.7,162.4
15652,2021-03-15 13:11:00,162.8,162.8,159.8,161.35,375,77925,141.3,160.8,161.5
15653,2021-03-15 13:12:00,159.5,159.5,158.95,158.95,525,70350,141.32,158.2,159.0
15654,2021-03-15 13:13:00,159.1,159.1,159.1,159.1,75,70350,141.33,159.95,160.7
15655,2021-03-15 13:14:00,158.5,159.0,158.5,159.0,225,70350,141.34,158.2,158.85
15656,2021-03-15 13:15:00,155.9,155.9,155.9,155.9,75,67875,141.34,155.8,156.45
15657,2021-03-15 13:16:00,157.1,159.3,156.15,158.75,1275,67875,141.39,158.9,159.4
15658,2021-03-15 13:17:00,158.3,158.3,158.3,158.3,75,67875,141.4,156.6,157.2
15659,2021-03-15 13:18:00,153.6,157.5,153.6,157.5,600,67650,141.42,157.3,157.95
15660,2021-03-15 13:19:00,156.65,157.25,156.65,157.15,825,67650,141.45,157.0,157.4
15661,2021-03-15 13:20:00,158.3,158.3,157.2,157.25,300,67650,141.47,160.15,160.85
15662,2021-03-15 13:21:00,160.35,161.0,160.35,161.0,375,67350,141.48,159.75,160.4
15663,2021-03-15 13:22:00,161.0,161.0,160.6,160.6,225,67350,141.5,158.1,158.8
15664,2021-03-15 13:23:00,151.4,153.25,151.4,153.25,900,67350,141.52,152.4,152.8
15665,2021-03-15 13:24:00,152.4,152.4,149.45,150.6,300,58650,141.53,149.9,150.45
15666,2021-03-15 13:25:00,150.95,153.6,150.95,153.6,525,58650,141.54,153.8,154.25
15667,2021-03-15 13:26:00,152.75,154.0,151.0,153.15,450,58650,141.55,153.2,153.75
15668,2021-03-15 13:27:00,153.4,153.6,153.4,153.6,150,59175,141.56,152.5,153.1
15669,2021-03-15 13:28:00,152.05,152.05,152.05,152.05,75,59175,141.56,152.25,152.9
15670,2021-03-15 13:29:00,153.45,153.45,151.3,151.9,225,59175,141.57,152.25,152.9
15671,2021-03-15 13:30:00,150.95,150.95,150.95,150.95,75,59175,141.57,151.05,151.8
15672,2021-03-15 13:31:00,150.2,152.05,150.15,152.05,225,59175,141.57,151.4,152.05
15673,2021-03-15 13:32:00,154.55,154.55,154.55,154.55,225,59175,141.58,154.55,155.05
15674,2021-03-15 13:33:00,155.65,157.7,155.65,156.4,375,59400,141.6,157.9,158.45
15675,2021-03-15 13:34:00,155.0,155.0,155.0,155.0,75,59400,141.6,154.05,154.7
15676,2021-03-15 13:35:00,153.25,153.25,141.6,144.95,1425,59400,141.61,144.95,145.7
15677,2021-03-15 13:36:00,144.8,144.8,144.8,144.8,75,58350,141.61,143.7,144.4
15678,2021-03-15 13:37:00,142.0,142.0,139.4,141.2,2175,58350,141.61,139.95,140.5
15679,2021-03-15 13:38:00,140.0,140.0,135.45,135.45,450,58350,141.6,135.4,136.25
15680,2021-03-15 13:39:00,137.05,142.0,137.05,141.2,750,58800,141.6,140.75,141.45
15681,2021-03-15 13:40:00,140.2,140.2,140.15,140.15,225,58800,141.6,141.65,142.4
15682,2021-03-15 13:41:00,142.45,144.45,142.45,144.1,825,58800,141.6,142.75,143.3
15683,2021-03-15 13:42:00,143.15,146.1,143.15,145.0,1050,58875,141.61,147.35,147.9
15684,2021-03-15 13:43:00,146.1,146.1,141.0,141.0,450,58875,141.61,140.2,140.85
15685,2021-03-15 13:44:00,138.05,138.05,136.5,136.75,375,58875,141.61,137.45,138.15
15686,2021-03-15 13:45:00,136.75,136.75,133.45,133.45,300,58875,141.6,137.55,138.2
15687,2021-03-15 13:46:00,136.2,136.75,136.0,136.75,300,57675,141.6,137.1,137.9
15688,2021-03-15 13:47:00,137.05,137.9,137.05,137.4,225,57675,141.6,138.0,138.5
15689,2021-03-15 13:48:00,137.4,137.4,137.1,137.1,225,57675,141.59,135.85,136.6
15690,2021-03-15 13:49:00,135.95,137.25,135.95,136.8,1650,57150,141.57,134.9,135.6
15691,2021-03-15 13:50:00,135.45,137.75,135.45,137.75,1200,57150,141.56,137.65,138.2
15692,2021-03-15 13:51:00,138.2,138.9,137.85,137.85,1875,59475,141.54,136.9,137.5
15693,2021-03-15 13:52:00,134.15,134.15,131.25,131.25,675,59475,141.53,130.85,131.4
15694,2021-03-15 13:53:00,126.8,130.0,126.8,130.0,2550,59475,141.45,130.55,131.1
15695,2021-03-15 13:54:00,132.65,133.2,132.65,133.0,1050,59775,141.43,133.5,134.1
15696,2021-03-15 13:55:00,133.15,133.15,128.45,128.45,1575,59775,141.38,128.35,128.8
15697,2021-03-15 13:56:00,128.2,133.3,128.2,133.3,1275,59775,141.35,133.55,134.05
15698,2021-03-15 13:57:00,133.55,133.55,132.65,132.65,225,59175,141.34,132.1,132.8
15699,2021-03-15 13:58:00,133.25,135.0,133.25,133.55,975,59175,141.33,133.2,133.95
15700,2021-03-15 13:59:00,133.1,134.8,133.1,134.8,600,59175,141.32,135.0,135.6
15701,2021-03-15 14:00:00,135.0,135.0,133.35,133.5,375,57750,141.31,133.25,133.95
15702,2021-03-15 14:01:00,133.0,133.0,129.4,131.25,2250,57750,141.25,130.85,131.3
15703,2021-03-15 14:02:00,131.4,134.15,131.4,134.15,900,57750,141.23,133.8,134.4
15704,2021-03-15 14:03:00,135.1,145.95,135.1,143.85,5175,60975,141.22,143.1,143.65
15705,2021-03-15 14:04:00,144.45,147.95,144.45,145.5,975,60975,141.23,145.45,146.15
15706,2021-03-15 14:05:00,144.95,144.95,140.6,142.55,375,60975,141.23,142.3,142.85
15707,2021-03-15 14:06:00,140.9,140.9,140.9,140.9,1275,61950,141.23,140.95,141.7
15708,2021-03-15 14:07:00,139.2,142.0,139.2,142.0,150,61950,141.23,141.45,142.2
15709,2021-03-15 14:08:00,146.05,146.05,146.05,146.05,75,61950,141.23,145.85,146.5
15710,2021-03-15 14:09:00,146.05,146.05,146.05,146.05,75,61950,141.23,145.85,146.5
15711,2021-03-15 14:10:00,141.2,142.0,141.2,142.0,150,61275,141.23,141.95,142.75
15712,2021-03-15 14:11:00,143.65,145.35,143.65,145.35,225,61275,141.23,144.55,145.4
15713,2021-03-15 14:12:00,144.7,145.75,144.7,145.75,150,61350,141.24,146.0,146.55
15714,2021-03-15 14:13:00,144.7,145.75,144.7,145.75,150,61350,141.24,146.0,146.55
15715,2021-03-15 14:14:00,135.75,136.5,135.75,136.5,600,61350,141.23,134.95,135.65
15716,2021-03-15 14:15:00,135.5,135.5,130.35,131.4,750,61350,141.21,132.2,132.85
15717,2021-03-15 14:16:00,129.15,129.15,129.1,129.1,150,61650,141.21,128.55,129.25
15718,2021-03-15 14:17:00,129.4,132.0,129.4,132.0,600,61650,141.19,131.1,131.8
15719,2021-03-15 14:18:00,134.9,134.9,134.9,134.9,75,61650,141.19,136.05,136.85
15720,2021-03-15 14:19:00,134.9,134.9,134.9,134.9,75,61650,141.19,136.05,136.85
15721,2021-03-15 14:20:00,135.25,135.25,135.25,135.25,75,61650,141.19,137.8,138.45
15722,2021-03-15 14:21:00,138.1,138.95,138.1,138.95,225,60825,141.19,137.0,137.55
15723,2021-03-15 14:22:00,137.0,137.0,137.0,137.0,75,0,141.19,134.8,135.2
15724,2021-03-15 14:23:00,133.0,133.0,132.6,132.6,900,60825,141.17,132.6,133.35
15725,2021-03-15 14:24:00,133.45,133.45,133.0,133.0,300,60825,141.17,132.95,133.55
15726,2021-03-15 14:25:00,131.75,131.75,131.75,131.75,75,61050,141.16,132.7,133.45
15727,2021-03-15 14:26:00,131.75,131.75,131.75,131.75,75,61050,141.16,132.7,133.45
15728,2021-03-15 14:27:00,131.75,131.75,131.75,131.75,75,61050,141.16,132.7,133.45
15729,2021-03-15 14:28:00,131.75,131.75,128.25,128.25,900,61200,141.14,128.15,128.7
15730,2021-03-15 14:29:00,127.5,129.15,127.5,129.15,375,61200,141.13,127.85,128.5
15731,2021-03-15 14:30:00,127.1,130.65,125.6,129.5,600,61350,141.11,129.05,129.75
15732,2021-03-15 14:31:00,127.2,127.2,124.95,124.95,225,61350,141.1,125.55,126.25
15733,2021-03-15 14:32:00,125.4,125.4,125.1,125.1,225,61350,141.1,126.3,127.0
15734,2021-03-15 14:33:00,130.15,130.15,130.15,130.15,75,61575,141.09,129.65,130.3
15735,2021-03-15 14:34:00,131.75,131.75,131.35,131.35,150,61575,141.09,129.8,130.5
15736,2021-03-15 14:35:00,125.5,125.5,121.2,123.9,750,61575,141.06,122.95,123.6
15737,2021-03-15 14:36:00,119.7,119.7,115.0,115.05,1050,61125,141.0,117.3,117.9
15738,2021-03-15 14:37:00,117.65,117.65,113.75,115.05,1050,61125,140.93,114.85,115.4
15739,2021-03-15 14:38:00,115.9,117.65,115.9,116.25,1875,61125,140.83,116.65,117.2
15740,2021-03-15 14:39:00,115.8,117.2,115.8,116.2,1800,61125,140.73,117.05,117.55
15741,2021-03-15 14:40:00,117.25,117.25,111.75,113.7,675,61950,140.69,114.0,114.5
15742,2021-03-15 14:41:00,114.3,116.25,113.7,116.25,1875,61950,140.58,116.35,116.75
15743,2021-03-15 14:42:00,116.65,116.8,114.3,114.85,2400,64425,140.44,114.7,115.15
15744,2021-03-15 14:43:00,115.5,117.0,114.95,117.0,900,64425,140.39,117.0,117.55
15745,2021-03-15 14:44:00,116.95,116.95,113.25,114.35,600,64425,140.36,114.25,114.85
15746,2021-03-15 14:45:00,110.75,112.55,110.75,112.55,825,64350,140.3,113.7,114.2
15747,2021-03-15 14:46:00,117.5,117.5,117.5,117.5,75,64350,140.3,116.05,116.7
15748,2021-03-15 14:47:00,115.3,118.3,115.3,118.1,750,64350,140.26,117.5,118.2
15749,2021-03-15 14:48:00,118.1,118.1,113.3,113.3,600,64725,140.23,113.25,113.7
15750,2021-03-15 14:49:00,115.0,115.7,114.8,114.85,1275,64725,140.16,113.75,114.25
15751,2021-03-15 14:50:00,113.95,115.5,112.35,112.35,1275,64725,140.08,112.2,112.55
15752,2021-03-15 14:51:00,112.35,115.4,112.35,115.4,525,65775,140.05,114.75,115.35
15753,2021-03-15 14:52:00,114.35,114.35,113.3,113.7,375,65775,140.03,114.25,114.85
15754,2021-03-15 14:53:00,114.3,114.3,112.05,112.05,375,65775,140.01,112.0,112.45
15755,2021-03-15 14:54:00,110.1,110.1,104.15,104.15,600,65400,139.96,103.9,104.3
15756,2021-03-15 14:55:00,102.75,105.75,102.75,105.25,1500,65400,139.85,105.2,105.75
15757,2021-03-15 14:56:00,104.85,105.8,100.0,100.0,1800,65400,139.7,99.85,100.45
15758,2021-03-15 14:57:00,100.7,105.4,100.7,104.85,4800,64050,139.32,104.3,104.85
15759,2021-03-15 14:58:00,104.95,104.95,102.05,103.7,6000,64050,138.85,103.55,104.15
15760,2021-03-15 14:59:00,103.95,106.6,103.95,104.8,1050,64050,138.77,104.8,105.5
15761,2021-03-15 15:00:00,105.55,105.55,98.1,101.5,4200,63825,138.43,101.6,101.95
15762,2021-03-15 15:01:00,101.6,101.6,95.25,95.25,1275,63825,138.32,95.5,95.95
15763,2021-03-15 15:02:00,97.5,97.5,94.35,94.35,2250,63825,138.12,94.0,94.5
15764,2021-03-15 15:03:00,95.25,99.45,95.25,99.45,750,66000,138.05,99.45,99.7
15765,2021-03-15 15:04:00,99.25,99.25,95.9,95.9,4575,66000,137.66,95.1,95.5
15766,2021-03-15 15:05:00,95.45,98.25,90.75,90.75,3600,66000,137.34,90.35,90.75
15767,2021-03-15 15:06:00,90.55,91.85,90.55,91.1,1725,68025,137.18,90.95,91.45
15768,2021-03-15 15:07:00,91.7,91.7,88.5,91.25,2400,68025,136.94,91.65,92.15
15769,2021-03-15 15:08:00,92.25,94.0,92.25,93.9,975,68025,136.86,94.4,94.8
15770,2021-03-15 15:09:00,94.5,94.85,91.9,91.9,975,65925,136.77,91.65,92.1
15771,2021-03-15 15:10:00,92.95,95.05,92.95,94.85,525,65925,136.72,95.15,95.75
15772,2021-03-15 15:11:00,96.7,97.4,95.1,95.45,2925,65925,136.48,95.4,95.95
15773,2021-03-15 15:12:00,95.35,97.3,95.35,97.3,450,65925,136.44,97.2,97.7
15774,2021-03-15 15:13:00,96.65,98.05,96.6,97.25,3225,66150,136.19,97.7,98.3
15775,2021-03-15 15:14:00,97.7,98.3,96.0,96.9,2250,66150,136.01,96.3,96.7
15776,2021-03-15 15:15:00,96.2,96.2,93.4,95.35,2550,64800,135.8,94.95,95.35
15777,2021-03-15 15:16:00,95.25,97.45,94.35,95.0,3675,64800,135.5,95.85,96.3
15778,2021-03-15 15:17:00,97.0,97.0,96.6,96.6,150,64800,135.49,95.9,96.4
15779,2021-03-15 15:18:00,97.05,97.05,96.8,97.05,375,63075,135.46,97.3,97.75
15780,2021-03-15 15:19:00,96.25,96.25,96.25,96.25,150,63075,135.45,97.95,98.4
15781,2021-03-15 15:20:00,98.5,98.8,94.7,95.8,675,63075,135.4,95.5,96.05
15782,2021-03-15 15:21:00,95.5,96.85,95.0,96.0,25050,64800,133.53,96.3,96.6
15783,2021-03-15 15:22:00,95.9,96.5,95.3,96.5,3000,64800,133.32,96.6,97.05
15784,2021-03-15 15:23:00,96.55,97.65,96.55,97.65,225,64800,133.31,97.65,98.15
15785,2021-03-15 15:24:00,99.55,100.05,99.0,99.95,1350,70125,133.22,100.3,100.85
15786,2021-03-15 15:25:00,100.6,101.0,99.8,100.0,5100,70125,132.91,100.0,100.45
15787,2021-03-15 15:26:00,100.2,100.6,99.9,100.55,1800,70125,132.8,100.3,100.85
15788,2021-03-15 15:27:00,100.4,100.9,100.4,100.9,900,70125,132.75,100.5,100.85
15789,2021-03-15 15:28:00,100.5,100.5,100.5,100.5,75,66600,132.74,100.45,101.0
15790,2021-03-15 15:29:00,100.5,100.5,100.5,100.5,75,66600,132.74,100.45,101.0
15791,2021-03-15 15:30:00,100.45,101.0,100.35,100.35,1125,66600,132.68,96.65,106.65
15792,2021-03-16 09:15:00,86.85,90.1,86.85,87.95,825,66975,88.08,80.35,88.9
15793,2021-03-16 09:16:00,81.6,83.4,79.35,79.75,3225,66975,82.58,79.0,79.6
15794,2021-03-16 09:17:00,78.8,78.8,75.15,77.8,2400,68325,80.5,77.2,77.75
15795,2021-03-16 09:18:00,78.4,82.5,78.4,82.0,1050,68325,80.5,81.05,81.6
15796,2021-03-16 09:19:00,81.75,83.3,80.85,83.0,2250,68325,80.97,83.1,83.5
15797,2021-03-16 09:20:00,83.05,83.05,75.6,81.45,3225,70050,80.46,81.1,81.45
15798,2021-03-16 09:21:00,80.9,84.75,80.9,84.75,3000,70050,80.88,83.8,84.4
15799,2021-03-16 09:22:00,83.65,85.15,82.2,82.2,1425,70050,81.13,83.25,83.75
15800,2021-03-16 09:23:00,83.75,83.75,81.0,83.0,1125,71475,81.2,83.3,83.85
15801,2021-03-16 09:24:00,82.65,83.15,80.8,83.15,975,71475,81.26,83.4,84.0
15802,2021-03-16 09:25:00,81.0,81.0,78.9,79.3,900,71475,81.2,77.75,78.15
15803,2021-03-16 09:26:00,77.95,80.5,77.5,80.5,1200,71925,81.04,80.25,80.85
15804,2021-03-16 09:27:00,80.35,82.45,80.35,81.1,675,71925,81.05,80.4,80.75
15805,2021-03-16 09:28:00,80.0,81.35,79.4,81.35,450,71925,81.04,81.1,81.65
15806,2021-03-16 09:29:00,80.9,81.65,80.1,81.65,1575,71850,81.03,81.35,81.8
15807,2021-03-16 09:30:00,82.45,83.8,81.3,82.05,525,71850,81.06,80.45,80.85
15808,2021-03-16 09:31:00,80.0,82.35,80.0,82.35,600,71850,81.05,80.15,80.7
15809,2021-03-16 09:32:00,79.8,79.8,76.25,77.55,2025,72750,80.83,77.1,77.6
15810,2021-03-16 09:33:00,77.6,77.6,74.35,75.6,2700,72750,80.36,75.1,75.7
15811,2021-03-16 09:34:00,75.25,76.9,74.75,75.55,1725,72750,80.09,75.05,75.55
15812,2021-03-16 09:35:00,74.65,75.0,74.35,75.0,900,74025,79.94,74.95,75.35
15813,2021-03-16 09:36:00,74.0,74.5,74.0,74.5,525,74025,79.85,74.05,74.35
15814,2021-03-16 09:37:00,74.85,76.35,74.85,75.65,2850,74025,79.51,75.4,76.0
15815,2021-03-16 09:38:00,76.1,77.05,75.6,76.95,825,74925,79.44,76.85,77.35
15816,2021-03-16 09:39:00,76.9,76.9,76.0,76.6,675,74925,79.38,76.5,77.1
15817,2021-03-16 09:40:00,76.5,77.0,75.3,75.3,375,74925,79.35,75.3,75.8
15818,2021-03-16 09:41:00,76.6,77.45,76.0,77.45,1050,74325,79.28,77.65,78.25
15819,2021-03-16 09:42:00,78.45,79.35,78.45,79.0,1050,74325,79.28,79.2,79.9
15820,2021-03-16 09:43:00,79.8,84.8,79.45,84.8,3675,74325,79.5,84.2,84.65
15821,2021-03-16 09:44:00,84.55,85.9,84.55,84.85,2550,73650,79.79,84.25,84.9
15822,2021-03-16 09:45:00,84.5,84.9,83.45,83.75,1200,73650,79.9,83.65,84.3
15823,2021-03-16 09:46:00,83.65,83.65,81.25,82.4,825,73650,79.94,82.8,83.3
15824,2021-03-16 09:47:00,83.65,83.8,82.7,82.95,525,72000,79.98,83.3,83.8
15825,2021-03-16 09:48:00,85.0,85.7,83.65,83.65,825,72000,80.05,82.6,83.05
15826,2021-03-16 09:49:00,81.75,83.0,81.75,83.0,225,72000,80.06,83.05,83.6
15827,2021-03-16 09:50:00,85.0,85.85,84.75,85.85,450,71925,80.11,85.05,85.5
15828,2021-03-16 09:51:00,85.8,88.55,85.8,88.4,1050,71925,80.26,87.55,88.1
15829,2021-03-16 09:52:00,87.15,87.2,86.65,87.2,900,71925,80.37,86.25,86.6
15830,2021-03-16 09:53:00,86.65,86.65,86.0,86.05,375,71400,80.42,86.3,86.85
15831,2021-03-16 09:54:00,85.15,85.15,84.8,85.0,525,71400,80.46,85.4,85.95
15832,2021-03-16 09:55:00,86.45,86.45,84.45,84.45,300,71400,80.49,84.45,84.9
15833,2021-03-16 09:56:00,85.15,86.35,85.15,86.35,300,71025,80.52,85.8,86.35
15834,2021-03-16 09:57:00,84.05,84.05,81.55,81.55,600,71025,80.54,81.35,81.8
15835,2021-03-16 09:58:00,81.4,81.65,77.8,77.8,1125,71025,80.52,78.2,78.75
15836,2021-03-16 09:59:00,79.0,79.75,77.1,78.35,1200,71400,80.48,78.65,79.1
15837,2021-03-16 10:00:00,76.8,76.8,76.15,76.65,300,71400,80.46,76.5,76.95
15838,2021-03-16 10:01:00,77.05,77.4,76.95,77.4,225,71400,80.44,77.9,78.35
15839,2021-03-16 10:02:00,78.45,78.6,78.0,78.3,300,71175,80.43,78.1,78.6
15840,2021-03-16 10:03:00,78.4,78.4,76.55,77.2,675,71175,80.39,76.8,77.15
15841,2021-03-16 10:04:00,77.05,80.0,77.05,79.65,600,71175,80.38,79.55,79.95
15842,2021-03-16 10:05:00,79.65,81.4,79.0,80.5,750,72000,80.38,80.1,80.75
15843,2021-03-16 10:06:00,80.5,81.4,80.5,81.4,225,72000,80.38,80.4,80.7
15844,2021-03-16 10:07:00,79.4,79.4,79.4,79.4,1050,72000,80.36,79.05,79.6
15845,2021-03-16 10:08:00,79.6,81.0,79.6,81.0,975,71550,80.36,81.2,81.5
15846,2021-03-16 10:09:00,81.05,81.05,79.9,80.3,600,71550,80.35,80.5,80.95
15847,2021-03-16 10:10:00,81.1,81.8,80.8,81.8,675,71550,80.36,81.2,81.7
15848,2021-03-16 10:11:00,80.2,80.2,78.85,79.65,825,70275,80.35,79.25,79.6
15849,2021-03-16 10:12:00,79.35,79.45,78.55,78.55,300,70275,80.35,78.3,78.65
15850,2021-03-16 10:13:00,78.6,78.6,77.75,78.0,1125,70275,80.31,77.75,78.0
15851,2021-03-16 10:14:00,78.1,78.5,77.9,78.5,525,69600,80.29,78.1,78.55
15852,2021-03-16 10:15:00,79.55,79.55,78.3,78.9,975,69600,80.27,78.6,79.05
15853,2021-03-16 10:16:00,77.75,77.75,77.0,77.05,525,69600,80.25,76.65,77.1
15854,2021-03-16 10:17:00,76.5,76.5,75.6,75.65,1575,69150,80.15,75.3,75.8
15855,2021-03-16 10:18:00,75.8,77.0,75.8,77.0,825,69150,80.11,77.0,77.45
15856,2021-03-16 10:19:00,76.2,76.25,76.2,76.25,225,69150,80.09,76.6,77.05
15857,2021-03-16 10:20:00,76.65,76.65,74.05,74.8,1800,69150,79.96,74.2,74.75
15858,2021-03-16 10:21:00,73.85,73.85,72.0,72.45,1875,69150,79.78,72.6,72.85
15859,2021-03-16 10:22:00,72.85,74.15,71.85,71.85,2025,69150,79.6,71.75,72.2
15860,2021-03-16 10:23:00,72.5,73.8,72.5,73.8,675,70350,79.54,73.4,73.85
15861,2021-03-16 10:24:00,73.8,75.3,73.8,74.5,900,70350,79.49,74.85,75.15
15862,2021-03-16 10:25:00,75.4,76.05,75.0,75.0,2175,70350,79.38,74.95,75.3
15863,2021-03-16 10:26:00,73.8,74.35,73.7,74.2,900,71400,79.32,73.4,73.85
15864,2021-03-16 10:27:00,73.9,73.9,73.0,73.35,375,71400,79.3,73.05,73.3
15865,2021-03-16 10:28:00,73.45,74.05,73.25,74.05,1875,71400,79.17,73.8,74.2
15866,2021-03-16 10:29:00,73.75,73.75,70.5,71.15,2475,71400,78.96,70.95,71.3
15867,2021-03-16 10:30:00,70.0,70.0,63.8,66.7,4725,71400,78.36,66.5,66.95
15868,2021-03-16 10:31:00,66.6,67.45,66.6,67.35,18300,71400,76.43,66.9,67.35
15869,2021-03-16 10:32:00,66.8,66.8,65.55,66.5,9525,84900,75.59,66.2,66.55
15870,2021-03-16 10:33:00,66.05,66.4,64.2,66.2,4200,84900,75.22,66.4,66.65
15871,2021-03-16 10:34:00,66.65,66.75,65.55,66.25,525,84900,75.18,65.55,65.95
15872,2021-03-16 10:35:00,65.3,67.0,64.6,67.0,600,89925,75.14,66.9,67.2
15873,2021-03-16 10:36:00,65.95,66.9,65.8,66.9,975,89925,75.07,66.4,66.95
15874,2021-03-16 10:37:00,67.5,68.0,67.5,68.0,450,89925,75.04,68.05,68.5
15875,2021-03-16 10:38:00,68.3,68.3,67.5,67.5,225,89925,75.03,66.95,67.35
15876,2021-03-16 10:39:00,68.3,68.3,67.5,67.5,225,89925,75.03,66.95,67.35
15877,2021-03-16 10:40:00,68.3,68.3,67.5,67.5,225,89925,75.03,66.95,67.35
15878,2021-03-16 10:41:00,65.5,65.5,65.5,65.5,75,90000,75.02,65.7,66.1
15879,2021-03-16 10:42:00,65.95,66.0,65.95,66.0,150,90000,75.01,64.9,65.35
15880,2021-03-16 10:43:00,65.35,65.35,62.95,63.3,1725,90000,74.86,63.0,63.35
15881,2021-03-16 10:44:00,63.4,63.4,63.4,63.4,150,90000,74.84,64.25,64.6
15882,2021-03-16 10:45:00,64.3,65.15,64.3,65.15,150,89850,74.83,65.4,65.95
15883,2021-03-16 10:46:00,66.05,66.05,66.05,66.05,75,89850,74.83,65.3,65.65
15884,2021-03-16 10:47:00,65.65,65.65,65.65,65.65,75,89700,74.82,66.35,66.7
15885,2021-03-16 10:48:00,66.75,66.75,66.05,66.05,525,89700,74.79,66.05,66.55
15886,2021-03-16 10:49:00,66.6,66.75,66.6,66.6,2700,89700,74.61,65.4,65.9
15887,2021-03-16 10:50:00,65.6,65.9,65.6,65.9,150,92100,74.6,65.75,66.15
15888,2021-03-16 10:51:00,66.75,66.75,66.4,66.4,375,92100,74.57,66.1,66.45
15889,2021-03-16 10:52:00,66.8,66.8,66.8,66.8,150,92100,74.56,67.2,67.5
15890,2021-03-16 10:53:00,67.5,67.5,67.5,67.5,75,92100,74.56,66.3,66.7
15891,2021-03-16 10:54:00,67.5,67.5,67.5,67.5,75,92100,74.56,66.3,66.7
15892,2021-03-16 10:55:00,67.0,67.0,67.0,67.0,75,91725,74.56,66.8,67.15
15893,2021-03-16 10:56:00,66.05,66.05,66.05,66.05,75,91725,74.55,65.95,66.35
15894,2021-03-16 10:57:00,66.05,66.05,66.05,66.05,75,91725,74.55,65.95,66.35
15895,2021-03-16 10:58:00,68.1,69.15,67.95,69.15,1050,91725,74.5,67.5,67.95
15896,2021-03-16 10:59:00,68.15,68.5,68.05,68.05,525,90750,74.48,67.7,68.05
15897,2021-03-16 11:00:00,66.3,66.3,66.3,66.3,75,90750,74.47,66.15,66.45
15898,2021-03-16 11:01:00,66.4,66.8,66.4,66.8,225,90750,74.46,65.7,66.1
15899,2021-03-16 11:02:00,66.4,66.8,66.4,66.8,225,90750,74.46,65.7,66.1
15900,2021-03-16 11:03:00,66.8,66.8,66.8,66.8,150,90675,74.45,65.7,66.15
15901,2021-03-16 11:04:00,66.0,66.0,66.0,66.0,75,90675,74.45,66.0,66.45
15902,2021-03-16 11:05:00,66.0,66.0,66.0,66.0,75,90675,74.45,66.0,66.45
15903,2021-03-16 11:06:00,66.0,66.0,66.0,66.0,75,90675,74.45,66.0,66.45
15904,2021-03-16 11:07:00,66.0,66.0,66.0,66.0,75,90675,74.45,66.0,66.45
15905,2021-03-16 11:08:00,65.0,65.0,65.0,65.0,75,90675,74.44,65.15,65.45
15906,2021-03-16 11:09:00,65.0,65.0,65.0,65.0,75,90675,74.44,65.15,65.45
15907,2021-03-16 11:10:00,64.85,65.0,64.85,65.0,225,90675,74.43,65.15,65.5
15908,2021-03-16 11:11:00,64.8,65.65,64.8,65.35,375,90675,74.4,64.95,65.4
15909,2021-03-16 11:12:00,65.15,65.25,65.0,65.0,450,90675,74.37,64.7,65.15
15910,2021-03-16 11:13:00,65.05,66.25,65.05,66.25,300,90675,74.35,65.6,65.95
15911,2021-03-16 11:14:00,65.05,66.25,65.05,66.25,300,90675,74.35,65.6,65.95
15912,2021-03-16 11:15:00,65.05,66.25,65.05,66.25,300,90675,74.35,65.6,65.95
15913,2021-03-16 11:16:00,68.15,69.0,68.15,69.0,20700,91200,73.6,68.35,69.05
15914,2021-03-16 11:17:00,68.15,69.5,68.15,68.8,3975,85950,73.49,68.55,68.95
15915,2021-03-16 11:18:00,68.95,71.0,68.95,70.45,1575,85950,73.46,70.1,70.65
15916,2021-03-16 11:19:00,70.0,70.0,69.8,69.8,225,85950,73.46,69.3,69.65
15917,2021-03-16 11:20:00,69.8,70.45,69.8,70.3,525,85875,73.45,69.7,70.15
15918,2021-03-16 11:21:00,70.15,70.45,69.5,69.85,525,85875,73.44,69.4,69.8
15919,2021-03-16 11:22:00,69.7,70.15,69.6,69.95,825,85875,73.42,70.05,70.4
15920,2021-03-16 11:23:00,69.6,69.6,69.6,69.6,225,85875,73.41,69.15,69.5
15921,2021-03-16 11:24:00,68.95,69.3,68.95,69.3,16725,85950,73.02,69.3,69.5
15922,2021-03-16 11:25:00,69.35,69.65,68.5,69.65,7200,85950,72.87,69.35,69.65
15923,2021-03-16 11:26:00,69.0,69.0,67.55,67.65,7875,74025,72.72,67.2,67.7
15924,2021-03-16 11:27:00,67.95,68.3,67.85,67.85,525,74025,72.71,67.95,68.55
15925,2021-03-16 11:28:00,70.15,70.15,70.15,70.15,75,74025,72.71,70.3,70.85
15926,2021-03-16 11:29:00,72.65,72.65,70.55,71.5,3150,74025,72.69,72.65,72.95
15927,2021-03-16 11:30:00,73.95,75.0,71.85,72.4,3900,74025,72.71,72.65,73.15
15928,2021-03-16 11:31:00,73.25,73.25,72.35,72.65,600,74025,72.71,72.0,72.45
15929,2021-03-16 11:32:00,72.9,73.45,72.6,73.2,825,74025,72.71,73.25,73.65
15930,2021-03-16 11:33:00,72.85,72.85,72.85,72.85,75,70350,72.71,72.6,73.0
15931,2021-03-16 11:34:00,73.35,73.6,73.1,73.6,450,70350,72.71,74.05,74.4
15932,2021-03-16 11:35:00,74.5,77.9,74.5,75.7,1950,70650,72.74,75.3,75.8
15933,2021-03-16 11:36:00,75.65,76.5,74.55,76.5,1575,70650,72.76,75.9,76.3
15934,2021-03-16 11:37:00,76.35,76.85,75.65,75.65,450,70650,72.77,75.35,75.75
15935,2021-03-16 11:38:00,75.0,76.25,74.25,74.25,375,70650,72.78,74.2,74.55
15936,2021-03-16 11:39:00,74.25,74.75,72.45,74.75,825,63675,72.78,74.5,74.85
15937,2021-03-16 11:40:00,74.7,76.15,74.7,76.15,375,63675,72.78,76.2,76.65
15938,2021-03-16 11:41:00,76.2,77.0,76.2,77.0,600,63675,72.8,76.25,76.6
15939,2021-03-16 11:42:00,75.5,75.5,75.5,75.5,75,59325,72.8,76.65,77.0
15940,2021-03-16 11:43:00,76.5,79.05,76.4,78.15,1350,59325,72.83,77.85,78.4
15941,2021-03-16 11:44:00,79.0,79.0,78.0,78.25,375,59325,72.84,77.0,77.45
15942,2021-03-16 11:45:00,77.6,77.6,74.7,75.1,825,58950,72.85,75.0,75.35
15943,2021-03-16 11:46:00,74.9,74.9,74.0,74.0,900,58950,72.86,74.4,74.75
15944,2021-03-16 11:47:00,74.45,74.45,73.3,73.3,300,58950,72.86,73.55,74.1
15945,2021-03-16 11:48:00,74.8,74.8,74.8,74.8,75,59025,72.86,73.95,74.4
15946,2021-03-16 11:49:00,73.3,73.3,72.6,72.6,150,59025,72.86,71.7,72.1
15947,2021-03-16 11:50:00,72.3,73.25,72.3,72.9,975,59025,72.86,72.05,72.45
15948,2021-03-16 11:51:00,72.85,72.85,72.0,72.45,225,59400,72.86,72.2,72.55
15949,2021-03-16 11:52:00,73.3,73.3,73.1,73.1,225,59400,72.86,74.0,74.4
15950,2021-03-16 11:53:00,73.3,73.3,73.1,73.1,225,59400,72.86,74.0,74.4
15951,2021-03-16 11:54:00,73.1,75.0,73.1,75.0,150,59400,72.86,75.25,75.65
15952,2021-03-16 11:55:00,75.75,75.75,75.0,75.0,300,59400,72.86,73.4,73.75
15953,2021-03-16 11:56:00,73.15,76.0,73.15,76.0,450,59400,72.87,76.0,76.45
15954,2021-03-16 11:57:00,76.0,76.0,76.0,76.0,225,59025,72.87,76.0,76.5
15955,2021-03-16 11:58:00,76.0,76.0,76.0,76.0,225,59025,72.87,76.0,76.5
15956,2021-03-16 11:59:00,76.0,76.0,76.0,76.0,150,59025,72.87,75.65,76.1
15957,2021-03-16 12:00:00,77.0,77.0,76.35,76.35,600,58950,72.88,76.2,76.7
15958,2021-03-16 12:01:00,70.0,71.1,67.25,67.85,2550,58950,72.84,66.5,67.05
15959,2021-03-16 12:02:00,64.9,64.9,61.5,63.5,2325,58950,72.74,63.3,63.8
15960,2021-03-16 12:03:00,63.95,65.7,63.95,65.4,1125,59175,72.71,64.7,65.1
15961,2021-03-16 12:04:00,64.95,66.15,64.9,66.15,2550,59175,72.63,65.75,66.1
15962,2021-03-16 12:05:00,64.85,65.5,64.05,64.05,450,59175,72.61,64.6,65.05
15963,2021-03-16 12:06:00,64.0,67.65,63.7,66.85,1800,59775,72.56,66.4,67.0
15964,2021-03-16 12:07:00,66.85,68.0,66.35,66.35,1725,59775,72.52,66.15,66.5
15965,2021-03-16 12:08:00,66.6,67.1,66.6,66.6,825,59775,72.5,67.0,67.4
15966,2021-03-16 12:09:00,67.25,67.65,67.25,67.25,675,60300,72.48,67.15,67.55
15967,2021-03-16 12:10:00,68.65,68.65,68.65,68.65,150,60300,72.48,68.55,68.95
15968,2021-03-16 12:11:00,69.1,69.1,67.25,67.8,525,60300,72.47,67.4,67.85
15969,2021-03-16 12:12:00,67.7,68.7,67.7,68.7,225,59250,72.46,69.05,69.35
15970,2021-03-16 12:13:00,70.5,71.25,70.5,71.25,375,59250,72.46,70.4,70.85
15971,2021-03-16 12:14:00,72.0,72.8,71.1,72.1,1575,59250,72.46,71.75,72.1
15972,2021-03-16 12:15:00,70.8,70.8,70.8,70.8,675,59550,72.45,69.85,70.15
15973,2021-03-16 12:16:00,71.05,71.05,70.7,70.7,225,59550,72.45,68.75,69.15
15974,2021-03-16 12:17:00,67.7,68.6,67.7,68.6,300,59550,72.45,68.95,69.45
15975,2021-03-16 12:18:00,69.7,69.7,68.95,68.95,225,57900,72.44,69.3,69.8
15976,2021-03-16 12:19:00,68.9,68.9,67.55,67.55,975,57900,72.43,67.1,67.5
15977,2021-03-16 12:20:00,68.9,68.9,67.55,67.55,975,57900,72.43,67.1,67.5
15978,2021-03-16 12:21:00,68.9,68.9,68.6,68.75,450,57300,72.42,68.2,68.6
15979,2021-03-16 12:22:00,70.0,70.0,70.0,70.0,75,57300,72.42,69.85,70.1
15980,2021-03-16 12:23:00,70.0,70.7,70.0,70.7,1050,57300,72.41,70.5,70.8
15981,2021-03-16 12:24:00,70.8,70.8,70.8,70.8,75,0,72.41,70.95,71.25
15982,2021-03-16 12:25:00,71.2,71.2,71.0,71.0,150,58200,72.41,69.85,70.25
15983,2021-03-16 12:26:00,71.0,71.8,71.0,71.8,150,58200,72.41,72.05,72.5
15984,2021-03-16 12:27:00,71.05,71.25,71.05,71.25,225,57675,72.41,71.35,71.8
15985,2021-03-16 12:28:00,71.75,71.75,71.1,71.1,300,57675,72.41,71.0,71.45
15986,2021-03-16 12:29:00,72.0,72.6,72.0,72.6,150,57675,72.41,71.8,72.3
15987,2021-03-16 12:30:00,73.0,73.0,73.0,73.0,450,57600,72.41,73.05,73.5
15988,2021-03-16 12:31:00,73.05,73.85,73.05,73.85,150,57600,72.41,73.95,74.4
15989,2021-03-16 12:32:00,74.35,74.35,73.0,73.0,225,57600,72.41,70.95,71.5
15990,2021-03-16 12:33:00,70.0,70.0,68.05,69.3,975,57225,72.4,68.85,69.3
15991,2021-03-16 12:34:00,69.3,69.3,68.8,69.25,750,57225,72.39,69.95,70.45
15992,2021-03-16 12:35:00,69.3,69.3,68.8,69.25,750,57225,72.39,69.95,70.45
15993,2021-03-16 12:36:00,72.0,72.0,72.0,72.0,300,58425,72.39,71.75,72.0
15994,2021-03-16 12:37:00,71.35,71.35,71.35,71.35,75,58425,72.39,71.1,71.4
15995,2021-03-16 12:38:00,70.55,70.65,70.4,70.65,450,58425,72.38,70.65,71.05
15996,2021-03-16 12:39:00,69.15,69.15,69.15,69.15,375,57900,72.38,69.95,70.35
15997,2021-03-16 12:40:00,70.25,70.25,70.25,70.25,75,57900,72.38,71.0,71.45
15998,2021-03-16 12:41:00,70.25,70.25,70.25,70.25,75,57900,72.38,71.0,71.45
15999,2021-03-16 12:42:00,71.8,71.8,71.5,71.5,150,56775,72.38,70.95,71.3
16000,2021-03-16 12:43:00,71.5,71.5,71.5,71.5,75,56775,72.38,70.3,70.6
16001,2021-03-16 12:44:00,70.2,70.2,68.35,68.35,600,56775,72.37,68.4,68.75
16002,2021-03-16 12:45:00,70.2,70.2,68.35,68.35,600,56775,72.37,68.4,68.75
16003,2021-03-16 12:46:00,69.05,69.05,69.05,69.05,75,57075,72.37,69.25,69.7
16004,2021-03-16 12:47:00,69.45,69.45,69.45,69.45,75,57075,72.37,69.75,70.2
16005,2021-03-16 12:48:00,70.0,70.0,70.0,70.0,225,57075,72.36,69.2,69.5
16006,2021-03-16 12:49:00,70.0,70.0,70.0,70.0,225,57075,72.36,69.2,69.5
16007,2021-03-16 12:50:00,69.95,70.8,69.95,70.8,225,56850,72.36,70.4,70.75
16008,2021-03-16 12:51:00,70.65,71.0,70.55,70.55,450,56850,72.36,69.05,69.45
16009,2021-03-16 12:52:00,70.65,71.0,70.55,70.55,450,56850,72.36,69.05,69.45
16010,2021-03-16 12:53:00,70.65,71.0,70.55,70.55,450,56850,72.36,69.05,69.45
16011,2021-03-16 12:54:00,70.65,71.0,70.55,70.55,450,56850,72.36,69.05,69.45
16012,2021-03-16 12:55:00,69.6,69.6,69.0,69.55,375,56850,72.35,69.2,69.65
16013,2021-03-16 12:56:00,70.75,70.75,70.75,70.75,75,56850,72.35,69.95,70.3
16014,2021-03-16 12:57:00,70.3,70.3,70.3,70.3,150,0,72.35,69.7,70.05
16015,2021-03-16 12:58:00,69.4,70.15,69.4,70.15,375,57150,72.35,70.1,70.45
16016,2021-03-16 12:59:00,70.15,70.15,70.15,70.15,75,57150,72.35,70.1,70.4
16017,2021-03-16 13:00:00,71.0,72.0,70.9,70.9,675,57300,72.35,71.25,71.55
16018,2021-03-16 13:01:00,71.0,72.0,70.9,70.9,675,57300,72.35,71.25,71.55
16019,2021-03-16 13:02:00,71.0,72.0,70.9,70.9,675,57300,72.35,71.25,71.55
16020,2021-03-16 13:03:00,71.6,71.9,71.6,71.9,150,57225,72.35,71.1,71.55
16021,2021-03-16 13:04:00,71.6,71.6,69.55,69.55,150,57225,72.34,69.45,69.95
16022,2021-03-16 13:05:00,69.3,69.3,64.0,67.1,2325,57225,72.29,66.85,67.25
16023,2021-03-16 13:06:00,67.1,67.35,67.1,67.35,525,57600,72.27,67.25,67.7
16024,2021-03-16 13:07:00,67.1,67.35,67.1,67.35,525,57600,72.27,67.25,67.7
16025,2021-03-16 13:08:00,67.1,67.35,67.1,67.35,525,57600,72.27,67.25,67.7
16026,2021-03-16 13:09:00,71.15,75.0,70.85,75.0,2550,58200,72.29,75.05,75.5
16027,2021-03-16 13:10:00,76.0,79.9,75.65,77.25,5025,58200,72.41,77.5,77.95
16028,2021-03-16 13:11:00,77.7,81.9,76.55,81.25,3150,58200,72.49,81.55,82.0
16029,2021-03-16 13:12:00,82.0,85.4,80.0,84.6,3450,57300,72.61,84.95,85.55
16030,2021-03-16 13:13:00,84.35,84.5,81.45,82.35,1425,57300,72.67,81.7,82.3
16031,2021-03-16 13:14:00,82.05,82.1,79.35,81.0,525,57300,72.69,81.65,82.2
16032,2021-03-16 13:15:00,83.45,86.2,82.45,85.75,1125,55050,72.74,86.6,87.1
16033,2021-03-16 13:16:00,87.15,88.25,83.9,84.8,2325,55050,72.84,84.55,85.15
16034,2021-03-16 13:17:00,84.8,86.7,84.65,84.75,825,55050,72.88,84.75,85.15
16035,2021-03-16 13:18:00,84.75,84.75,84.15,84.7,375,55275,72.9,82.15,82.95
16036,2021-03-16 13:19:00,80.0,80.75,79.45,80.75,1350,55275,72.93,81.5,82.1
16037,2021-03-16 13:20:00,81.9,84.55,81.9,83.6,450,55275,72.95,84.1,84.65
16038,2021-03-16 13:21:00,83.45,84.6,83.45,83.8,675,54900,72.98,83.05,83.65
16039,2021-03-16 13:22:00,81.1,81.1,78.0,78.65,900,54900,73.0,78.45,78.85
16040,2021-03-16 13:23:00,79.0,79.0,79.0,79.0,75,54900,73.0,79.9,80.3
16041,2021-03-16 13:24:00,80.0,82.0,80.0,82.0,450,54750,73.01,81.4,81.85
16042,2021-03-16 13:25:00,80.0,82.0,80.0,82.0,450,54750,73.01,81.4,81.85
16043,2021-03-16 13:26:00,84.75,86.0,84.0,85.4,1800,54750,73.09,84.95,85.35
16044,2021-03-16 13:27:00,85.4,85.4,81.45,82.5,1725,54675,73.15,81.4,81.8
16045,2021-03-16 13:28:00,81.45,83.95,81.45,82.7,2475,54675,73.23,81.95,82.4
16046,2021-03-16 13:29:00,82.9,85.15,81.9,85.15,675,54675,73.25,85.0,85.35
16047,2021-03-16 13:30:00,85.0,86.6,83.7,83.7,525,54675,73.27,84.35,84.75
16048,2021-03-16 13:31:00,83.8,83.8,78.8,80.1,1125,53850,73.3,79.9,80.3
16049,2021-03-16 13:32:00,80.4,83.15,80.4,82.05,750,53850,73.33,82.1,82.5
16050,2021-03-16 13:33:00,81.95,83.7,81.9,83.7,600,54225,73.35,82.9,83.35
16051,2021-03-16 13:34:00,83.3,85.0,83.3,85.0,900,54225,73.38,84.35,84.8
16052,2021-03-16 13:35:00,87.9,90.4,86.1,90.4,1425,54225,73.45,90.35,90.95
16053,2021-03-16 13:36:00,90.0,91.85,87.25,87.65,2925,54975,73.62,87.5,88.0
16054,2021-03-16 13:37:00,87.5,89.15,87.5,87.5,225,54975,73.63,88.25,88.85
16055,2021-03-16 13:38:00,89.0,90.05,89.0,89.15,675,54975,73.67,89.4,89.9
16056,2021-03-16 13:39:00,88.95,91.7,88.65,90.6,2850,55650,73.83,90.65,91.1
16057,2021-03-16 13:40:00,88.5,89.25,85.95,85.95,900,55650,73.87,85.55,85.9
16058,2021-03-16 13:41:00,85.0,85.0,80.8,81.5,2775,55650,73.95,81.0,81.5
16059,2021-03-16 13:42:00,82.95,84.1,82.95,83.45,975,56175,73.98,82.1,82.75
16060,2021-03-16 13:43:00,82.45,83.9,81.9,82.05,375,56175,73.99,80.55,81.1
16061,2021-03-16 13:44:00,78.4,80.2,78.4,80.2,1950,56175,74.02,80.6,81.2
16062,2021-03-16 13:45:00,79.25,79.25,76.35,78.55,2700,56175,74.06,78.85,79.3
16063,2021-03-16 13:46:00,79.9,82.95,79.9,82.75,4125,56175,74.16,82.55,82.95
16064,2021-03-16 13:47:00,82.85,82.85,80.35,80.35,2250,56175,74.22,81.15,81.65
16065,2021-03-16 13:48:00,80.9,82.1,80.4,80.4,1575,58875,74.26,80.4,80.8
16066,2021-03-16 13:49:00,80.4,83.9,80.4,83.9,600,58875,74.27,83.45,83.95
16067,2021-03-16 13:50:00,83.05,85.0,83.05,85.0,675,58875,74.29,84.4,84.9
16068,2021-03-16 13:51:00,81.8,81.8,81.8,81.8,150,58725,74.3,81.35,81.8
16069,2021-03-16 13:52:00,82.0,82.05,81.7,82.05,750,58725,74.31,82.3,82.8
16070,2021-03-16 13:53:00,82.35,82.35,79.3,79.45,600,58725,74.32,78.8,79.35
16071,2021-03-16 13:54:00,78.2,78.2,75.9,77.3,1200,58125,74.33,77.05,77.4
16072,2021-03-16 13:55:00,77.3,77.3,76.8,76.8,150,58125,74.33,76.45,77.0
16073,2021-03-16 13:56:00,78.75,78.75,78.55,78.55,300,58125,74.34,77.55,78.05
16074,2021-03-16 13:57:00,78.55,79.35,78.55,79.35,150,58575,74.34,78.65,79.25
16075,2021-03-16 13:58:00,79.35,79.35,78.05,79.15,300,58575,74.35,79.45,79.95
16076,2021-03-16 13:59:00,78.65,78.65,78.65,78.65,75,58575,74.35,78.8,79.3
16077,2021-03-16 14:00:00,79.75,80.15,79.75,80.15,150,58500,74.35,80.4,80.65
16078,2021-03-16 14:01:00,81.0,81.0,80.2,80.65,600,58500,74.36,79.7,80.2
16079,2021-03-16 14:02:00,78.45,78.85,69.65,69.65,3150,58500,74.34,70.0,70.4
16080,2021-03-16 14:03:00,70.45,74.5,70.45,73.85,1800,60150,74.33,74.4,74.9
16081,2021-03-16 14:04:00,73.7,74.0,73.7,74.0,375,60150,74.33,73.1,73.5
16082,2021-03-16 14:05:00,74.95,74.95,74.95,74.95,2100,60150,74.33,74.3,74.75
16083,2021-03-16 14:06:00,75.0,77.4,75.0,76.95,600,61425,74.33,76.5,76.9
16084,2021-03-16 14:07:00,77.6,77.6,76.2,77.05,2625,61425,74.35,76.9,77.35
16085,2021-03-16 14:08:00,77.95,77.95,77.95,77.95,75,61425,74.35,78.05,78.5
16086,2021-03-16 14:09:00,78.0,78.0,78.0,78.0,300,61425,74.35,80.25,80.65
16087,2021-03-16 14:10:00,82.5,85.2,82.5,85.2,3825,59850,74.46,85.2,85.95
16088,2021-03-16 14:11:00,87.2,89.9,87.0,87.3,975,59850,74.5,85.9,86.35
16089,2021-03-16 14:12:00,85.15,85.9,84.0,85.55,1050,59250,74.53,85.25,85.9
16090,2021-03-16 14:13:00,85.1,85.2,85.0,85.1,300,59250,74.54,84.5,85.0
16091,2021-03-16 14:14:00,85.0,86.4,84.35,86.4,2100,59250,74.61,86.15,86.6
16092,2021-03-16 14:15:00,86.1,87.75,81.6,82.5,1275,59325,74.65,82.5,83.0
16093,2021-03-16 14:16:00,82.55,82.55,80.45,80.8,525,59325,74.66,81.65,82.05
16094,2021-03-16 14:17:00,82.6,83.65,82.6,83.65,300,59325,74.67,83.9,84.35
16095,2021-03-16 14:18:00,82.4,84.2,81.7,84.2,300,59550,74.67,84.25,84.6
16096,2021-03-16 14:19:00,85.3,85.3,84.4,84.4,375,59550,74.68,84.45,84.9
16097,2021-03-16 14:20:00,82.9,82.95,82.9,82.95,225,59550,74.69,82.2,82.6
16098,2021-03-16 14:21:00,79.9,79.9,79.9,79.9,150,59550,74.69,79.5,80.05
16099,2021-03-16 14:22:00,81.15,81.15,81.15,81.15,75,59475,74.69,80.45,80.9
16100,2021-03-16 14:23:00,81.15,81.15,81.15,81.15,75,59475,74.69,80.45,80.9
16101,2021-03-16 14:24:00,82.5,82.5,82.5,82.5,225,59475,74.7,81.7,82.25
16102,2021-03-16 14:25:00,78.2,79.25,78.2,79.25,150,59400,74.7,79.3,79.8
16103,2021-03-16 14:26:00,83.85,83.85,83.85,83.85,75,59400,74.7,83.8,84.25
16104,2021-03-16 14:27:00,83.05,83.5,82.9,82.9,600,59400,74.72,82.85,83.3
16105,2021-03-16 14:28:00,81.7,81.7,81.7,81.7,150,59325,74.72,81.8,82.25
16106,2021-03-16 14:29:00,81.7,81.7,81.7,81.7,150,59325,74.72,81.8,82.25
16107,2021-03-16 14:30:00,79.05,79.05,73.7,75.3,750,59625,74.72,75.8,76.2
16108,2021-03-16 14:31:00,75.3,75.3,72.85,74.05,525,59625,74.72,74.7,75.1
16109,2021-03-16 14:32:00,74.85,76.6,74.85,76.6,300,59625,74.72,76.75,77.2
16110,2021-03-16 14:33:00,76.85,77.15,76.45,77.15,300,59925,74.72,77.05,77.4
16111,2021-03-16 14:34:00,77.6,77.6,76.85,76.85,150,59925,74.73,77.05,77.5
16112,2021-03-16 14:35:00,79.8,81.7,79.8,81.7,1875,59925,74.76,81.85,82.15
16113,2021-03-16 14:36:00,81.0,81.0,76.6,76.8,600,60525,74.76,77.1,77.5
16114,2021-03-16 14:37:00,77.3,77.3,75.0,75.0,150,60525,74.76,74.5,74.95
16115,2021-03-16 14:38:00,74.4,75.9,74.4,75.8,375,60525,74.76,75.45,75.85
16116,2021-03-16 14:39:00,75.75,76.4,73.6,73.6,975,60750,74.76,73.55,73.9
16117,2021-03-16 14:40:00,72.35,75.05,72.35,75.05,300,60750,74.76,74.85,75.2
16118,2021-03-16 14:41:00,72.35,75.05,72.35,75.05,300,60750,74.76,74.85,75.2
16119,2021-03-16 14:42:00,76.2,76.2,76.2,76.2,75,60825,74.76,76.35,76.7
16120,2021-03-16 14:43:00,76.2,76.2,76.2,76.2,75,60825,74.76,76.35,76.7
16121,2021-03-16 14:44:00,77.6,77.6,77.6,77.6,150,60825,74.76,75.45,75.85
16122,2021-03-16 14:45:00,75.25,76.6,75.25,76.6,225,60975,74.77,76.6,76.9
16123,2021-03-16 14:46:00,77.55,77.55,76.05,76.05,150,60975,74.77,76.45,76.8
16124,2021-03-16 14:47:00,77.55,77.55,76.05,76.05,150,60975,74.77,76.45,76.8
16125,2021-03-16 14:48:00,76.85,76.85,74.7,74.7,450,61425,74.77,74.6,75.05
16126,2021-03-16 14:49:00,74.65,77.6,74.65,75.95,900,61425,74.77,76.15,76.4
16127,2021-03-16 14:50:00,76.35,76.35,76.35,76.35,75,61425,74.77,74.75,75.1
16128,2021-03-16 14:51:00,72.75,73.0,72.75,73.0,225,61950,74.77,72.65,73.15
16129,2021-03-16 14:52:00,74.3,74.3,74.3,74.3,225,61950,74.77,75.0,75.35
16130,2021-03-16 14:53:00,75.35,75.95,74.9,75.95,525,61950,74.77,76.15,76.55
16131,2021-03-16 14:54:00,76.1,76.6,76.05,76.05,450,61875,74.77,76.4,76.95
16132,2021-03-16 14:55:00,76.2,76.2,76.2,76.2,75,61875,74.77,76.9,77.2
16133,2021-03-16 14:56:00,77.2,78.05,77.15,77.85,450,61875,74.78,77.6,77.95
16134,2021-03-16 14:57:00,77.4,77.4,74.65,74.65,225,62175,74.78,75.2,75.65
16135,2021-03-16 14:58:00,75.65,75.65,75.65,75.65,75,62175,74.78,74.85,75.2
16136,2021-03-16 14:59:00,75.65,75.65,75.65,75.65,75,62175,74.78,74.85,75.2
16137,2021-03-16 15:00:00,70.05,73.1,70.05,73.1,1500,62625,74.76,72.65,73.15
16138,2021-03-16 15:01:00,73.9,76.8,73.9,76.45,675,62625,74.76,75.8,76.25
16139,2021-03-16 15:02:00,77.95,83.0,77.95,81.35,1350,62625,74.79,81.25,81.75
16140,2021-03-16 15:03:00,79.6,83.95,79.6,83.3,750,62400,74.8,82.65,83.1
16141,2021-03-16 15:04:00,83.55,85.8,83.55,85.1,1275,62400,74.84,81.35,81.8
16142,2021-03-16 15:05:00,81.9,87.4,81.9,86.6,2175,62400,74.9,86.5,86.95
16143,2021-03-16 15:06:00,86.5,87.55,85.0,86.3,2400,63750,74.98,86.2,86.7
16144,2021-03-16 15:07:00,86.8,86.8,82.85,84.5,1275,63750,75.01,84.9,85.25
16145,2021-03-16 15:08:00,85.95,87.95,85.95,86.5,2550,63750,75.1,87.0,87.45
16146,2021-03-16 15:09:00,85.75,85.75,85.15,85.15,300,63750,75.1,85.75,86.2
16147,2021-03-16 15:10:00,82.85,85.25,82.8,85.25,1650,63000,75.14,84.5,84.85
16148,2021-03-16 15:11:00,83.0,83.7,82.6,83.7,1500,63000,75.17,85.45,85.85
16149,2021-03-16 15:12:00,85.3,85.3,83.0,83.0,450,63000,75.19,82.85,83.25
16150,2021-03-16 15:13:00,81.35,82.0,81.35,82.0,525,63975,75.19,81.7,82.1
16151,2021-03-16 15:14:00,82.25,82.25,82.25,82.25,75,63975,75.2,81.9,82.25
16152,2021-03-16 15:15:00,81.9,81.9,79.2,80.0,1200,63900,75.21,79.95,80.3
16153,2021-03-16 15:16:00,80.75,82.15,80.75,82.15,150,63900,75.21,81.05,81.5
16154,2021-03-16 15:17:00,80.8,81.8,80.7,80.7,450,63900,75.22,79.75,80.1
16155,2021-03-16 15:18:00,80.0,80.0,79.2,80.0,600,63900,75.23,80.3,80.7
16156,2021-03-16 15:19:00,80.15,80.15,79.6,79.8,300,63975,75.23,80.25,80.7
16157,2021-03-16 15:20:00,80.15,80.15,78.65,79.25,375,63975,75.24,78.55,78.95
16158,2021-03-16 15:21:00,78.75,79.1,78.0,79.1,1500,63975,75.25,79.05,79.4
16159,2021-03-16 15:22:00,79.65,79.65,77.35,77.35,300,63000,75.25,77.3,77.7
16160,2021-03-16 15:23:00,77.45,78.1,76.35,76.35,1125,63000,75.26,76.6,77.0
16161,2021-03-16 15:24:00,77.0,77.7,76.8,76.8,600,63450,75.26,76.3,76.5
16162,2021-03-16 15:25:00,76.6,76.6,75.35,75.35,1875,63450,75.27,75.0,75.5
16163,2021-03-16 15:26:00,75.1,75.1,75.05,75.05,225,63450,75.27,74.55,74.95
16164,2021-03-16 15:27:00,74.5,74.8,74.5,74.7,1275,63450,75.27,74.35,74.8
16165,2021-03-16 15:28:00,74.9,75.05,74.5,74.55,2025,63825,75.26,74.55,75.05
16166,2021-03-16 15:29:00,74.9,75.05,74.5,74.55,2025,63825,75.26,74.55,75.05
16167,2021-03-16 15:30:00,75.1,75.1,75.05,75.05,150,63825,75.26,74.1,82.0
16168,2021-03-17 09:15:00,81.55,88.3,80.35,88.3,2400,62850,85.11,84.6,87.1
16169,2021-03-17 09:16:00,88.65,89.5,84.45,84.45,3450,62850,86.85,85.0,85.7
16170,2021-03-17 09:17:00,86.15,88.05,85.1,85.1,1275,64200,86.86,85.2,85.85
16171,2021-03-17 09:18:00,85.35,85.85,84.6,84.6,675,64200,86.72,84.65,85.25
16172,2021-03-17 09:19:00,87.75,87.75,85.85,86.3,525,64200,86.73,86.25,86.7
16173,2021-03-17 09:20:00,85.6,86.05,83.75,83.75,3075,64500,86.11,83.65,84.2
16174,2021-03-17 09:21:00,83.7,83.7,80.9,80.9,1050,64500,85.82,81.25,81.8
16175,2021-03-17 09:22:00,81.85,82.25,77.85,78.0,1425,64500,85.18,78.45,79.05
16176,2021-03-17 09:23:00,79.05,79.95,78.25,78.25,375,64800,85.03,77.35,77.7
16177,2021-03-17 09:24:00,78.2,78.5,78.2,78.5,375,64800,84.86,77.85,78.4
16178,2021-03-17 09:25:00,78.4,80.2,78.4,80.2,150,64800,84.8,79.7,80.2
16179,2021-03-17 09:26:00,80.0,80.0,79.6,79.6,150,65025,84.75,80.4,81.0
16180,2021-03-17 09:27:00,81.0,81.0,80.85,80.95,300,65025,84.67,79.6,80.1
16181,2021-03-17 09:28:00,79.65,79.65,75.65,75.65,1350,65025,84.04,75.3,75.7
16182,2021-03-17 09:29:00,75.2,78.15,74.85,75.15,2475,66075,83.0,75.2,75.5
16183,2021-03-17 09:30:00,74.95,76.45,73.8,74.5,6300,66075,81.08,74.05,74.4
16184,2021-03-17 09:31:00,73.7,74.55,73.05,74.55,975,66075,80.82,73.55,73.85
16185,2021-03-17 09:32:00,73.8,73.8,73.8,73.8,150,67350,80.78,73.65,74.05
16186,2021-03-17 09:33:00,74.55,76.35,74.55,75.9,1275,67350,80.54,75.7,76.05
16187,2021-03-17 09:34:00,75.0,75.8,74.5,75.4,675,67350,80.41,74.95,75.4
16188,2021-03-17 09:35:00,74.7,76.5,74.7,76.5,225,67650,80.38,76.65,77.1
16189,2021-03-17 09:36:00,76.0,76.4,75.1,76.4,450,67650,80.31,76.8,77.15
16190,2021-03-17 09:37:00,76.75,76.75,76.75,76.75,75,67650,80.3,76.8,77.35
16191,2021-03-17 09:38:00,76.85,77.7,76.85,77.7,375,67650,80.26,78.05,78.55
16192,2021-03-17 09:39:00,77.4,77.4,77.4,77.4,150,67050,80.25,77.75,78.25
16193,2021-03-17 09:40:00,79.3,79.3,78.75,78.75,225,67050,80.24,78.45,78.95
16194,2021-03-17 09:41:00,78.65,78.65,78.65,78.65,75,67050,80.23,78.55,79.1
16195,2021-03-17 09:42:00,77.15,78.75,77.15,78.75,450,66300,80.19,78.45,78.95
16196,2021-03-17 09:43:00,78.95,78.95,78.4,78.4,450,66300,80.17,79.0,79.6
16197,2021-03-17 09:44:00,78.7,78.7,78.6,78.6,150,66225,80.17,78.65,79.2
16198,2021-03-17 09:45:00,78.45,78.45,78.05,78.05,600,66225,80.13,78.2,78.6
16199,2021-03-17 09:46:00,78.65,80.0,78.65,80.0,450,66225,80.12,80.5,80.8
16200,2021-03-17 09:47:00,80.25,80.25,80.25,80.25,75,66000,80.12,80.2,80.55
16201,2021-03-17 09:48:00,80.25,80.25,79.5,79.65,375,66000,80.11,79.95,80.3
16202,2021-03-17 09:49:00,81.15,82.45,80.8,82.05,975,66000,80.16,82.05,82.4
16203,2021-03-17 09:50:00,82.7,82.7,80.35,80.35,150,66000,80.17,80.4,80.7
16204,2021-03-17 09:51:00,80.75,80.75,80.75,80.75,150,66000,80.17,80.4,80.75
16205,2021-03-17 09:52:00,80.75,80.75,80.75,80.75,150,66000,80.17,80.4,80.75
16206,2021-03-17 09:53:00,80.75,80.75,80.75,80.75,150,66000,80.17,80.4,80.75
16207,2021-03-17 09:54:00,81.35,81.45,81.35,81.45,375,65625,80.19,81.8,82.15
16208,2021-03-17 09:55:00,83.6,83.6,82.1,82.65,450,65625,80.22,82.6,82.95
16209,2021-03-17 09:56:00,81.2,81.35,79.8,81.35,525,65475,80.22,81.2,81.55
16210,2021-03-17 09:57:00,81.0,82.25,81.0,82.05,525,65475,80.24,82.6,82.95
16211,2021-03-17 09:58:00,83.55,83.55,83.0,83.0,225,65475,80.26,83.0,83.3
16212,2021-03-17 09:59:00,83.2,83.55,83.15,83.3,1275,65100,80.37,83.05,83.4
16213,2021-03-17 10:00:00,84.35,85.45,84.0,84.0,4050,65100,80.82,84.15,84.55
16214,2021-03-17 10:01:00,84.05,84.05,82.55,82.55,300,65100,80.84,81.85,82.1
16215,2021-03-17 10:02:00,82.35,83.35,82.05,83.35,675,64800,80.87,83.7,84.05
16216,2021-03-17 10:03:00,83.6,83.6,82.55,82.55,375,64800,80.89,82.45,82.8
16217,2021-03-17 10:04:00,82.75,82.75,82.25,82.25,225,64800,80.9,81.85,82.25
16218,2021-03-17 10:05:00,82.2,83.35,81.9,83.1,1950,65175,80.95,82.85,83.2
16219,2021-03-17 10:06:00,83.6,83.6,80.7,80.7,525,65175,80.96,80.25,80.6
16220,2021-03-17 10:07:00,80.75,80.75,79.45,79.45,1725,65175,80.95,79.25,79.55
16221,2021-03-17 10:08:00,79.4,80.0,78.55,80.0,1800,66375,80.88,80.1,80.4
16222,2021-03-17 10:09:00,80.4,80.4,80.4,80.4,75,66375,80.88,79.85,80.25
16223,2021-03-17 10:10:00,80.45,81.05,80.45,80.45,300,66375,80.88,80.5,80.8
16224,2021-03-17 10:11:00,81.4,85.25,81.4,85.25,3675,65550,80.99,85.0,85.4
16225,2021-03-17 10:12:00,86.0,87.45,86.0,86.0,1650,65550,81.18,86.15,86.4
16226,2021-03-17 10:13:00,86.05,87.3,86.05,87.3,675,65550,81.24,87.65,88.05
16227,2021-03-17 10:14:00,88.95,89.45,87.95,87.95,600,67950,81.32,87.55,87.95
16228,2021-03-17 10:15:00,88.35,89.55,87.3,89.5,1275,67950,81.49,89.45,89.95
16229,2021-03-17 10:16:00,90.6,91.8,90.1,90.1,1725,67950,81.76,89.7,90.1
16230,2021-03-17 10:17:00,89.6,89.6,87.75,89.15,1200,66825,81.9,88.85,89.35
16231,2021-03-17 10:18:00,88.35,89.0,87.75,87.75,525,66825,81.96,87.95,88.4
16232,2021-03-17 10:19:00,86.75,87.3,85.35,86.55,450,66825,81.99,86.3,86.65
16233,2021-03-17 10:20:00,87.3,88.65,87.3,88.65,1650,66900,82.14,88.05,88.5
16234,2021-03-17 10:21:00,87.7,87.7,87.7,87.7,75,66900,82.15,87.75,88.15
16235,2021-03-17 10:22:00,87.5,87.7,87.05,87.7,300,66900,82.17,86.55,87.0
16236,2021-03-17 10:23:00,87.0,88.0,86.35,88.0,750,66075,82.23,87.95,88.45
16237,2021-03-17 10:24:00,89.05,89.45,89.05,89.45,1125,66075,82.35,89.15,89.65
16238,2021-03-17 10:25:00,89.65,91.0,89.65,91.0,1275,66075,82.51,90.8,91.25
16239,2021-03-17 10:26:00,92.0,92.9,91.7,92.9,1125,65475,82.67,92.25,92.65
16240,2021-03-17 10:27:00,90.4,90.9,90.4,90.65,525,65475,82.74,90.6,91.0
16241,2021-03-17 10:28:00,90.4,90.9,90.4,90.65,525,65475,82.74,90.6,91.0
16242,2021-03-17 10:29:00,89.45,89.45,86.15,86.15,225,65325,82.75,86.35,86.85
16243,2021-03-17 10:30:00,87.45,87.45,85.25,85.25,600,65325,82.78,85.0,85.35
16244,2021-03-17 10:31:00,85.0,85.1,83.9,85.1,600,65325,82.8,85.1,85.4
16245,2021-03-17 10:32:00,85.25,85.25,83.65,83.65,600,64425,82.81,84.05,84.25
16246,2021-03-17 10:33:00,83.9,83.9,83.5,83.9,375,64425,82.82,85.25,85.55
16247,2021-03-17 10:34:00,86.35,86.55,85.55,86.5,450,64425,82.84,86.2,86.45
16248,2021-03-17 10:35:00,86.85,87.0,86.85,87.0,300,64425,82.85,87.05,87.35
16249,2021-03-17 10:36:00,87.0,87.0,84.8,84.95,525,64800,82.87,84.95,85.2
16250,2021-03-17 10:37:00,85.95,86.35,83.35,83.35,825,64800,82.89,83.2,83.5
16251,2021-03-17 10:38:00,83.3,84.75,83.3,84.75,225,64800,82.89,83.9,84.2
16252,2021-03-17 10:39:00,83.35,83.35,81.95,81.95,600,64575,82.89,81.75,82.1
16253,2021-03-17 10:40:00,81.95,83.7,81.95,83.7,225,64575,82.89,83.35,83.75
16254,2021-03-17 10:41:00,81.95,83.7,81.95,83.7,225,64575,82.89,83.35,83.75
16255,2021-03-17 10:42:00,84.35,84.9,84.35,84.9,300,64800,82.89,84.4,84.7
16256,2021-03-17 10:43:00,85.0,85.0,85.0,85.0,75,64800,82.9,85.0,85.3
16257,2021-03-17 10:44:00,85.35,85.35,85.35,85.35,150,64800,82.9,85.3,85.75
16258,2021-03-17 10:45:00,87.0,88.2,87.0,88.05,600,64875,82.94,88.1,88.55
16259,2021-03-17 10:46:00,89.0,89.0,89.0,89.0,150,64875,82.95,88.2,88.65
16260,2021-03-17 10:47:00,89.0,89.0,89.0,89.0,150,64875,82.95,88.2,88.65
16261,2021-03-17 10:48:00,87.4,87.4,86.15,86.15,150,64650,82.96,86.05,86.55
16262,2021-03-17 10:49:00,87.4,87.4,86.15,86.15,150,64650,82.96,86.05,86.55
16263,2021-03-17 10:50:00,87.4,87.4,86.15,86.15,150,64650,82.96,86.05,86.55
16264,2021-03-17 10:51:00,87.7,87.8,87.35,87.8,1500,64575,83.05,86.75,87.15
16265,2021-03-17 10:52:00,85.4,86.05,85.4,86.05,225,64575,83.05,85.4,85.95
16266,2021-03-17 10:53:00,85.4,86.05,85.4,86.05,225,64575,83.05,85.4,85.95
16267,2021-03-17 10:54:00,85.0,85.75,85.0,85.75,225,64725,83.06,85.25,85.75
16268,2021-03-17 10:55:00,85.35,86.5,85.35,86.5,225,64725,83.07,85.65,85.9
16269,2021-03-17 10:56:00,85.35,86.5,85.35,86.5,225,64725,83.07,85.65,85.9
16270,2021-03-17 10:57:00,87.4,88.0,87.35,87.5,900,64800,83.12,87.25,87.55
16271,2021-03-17 10:58:00,87.8,88.0,87.8,88.0,600,64800,83.16,87.75,88.05
16272,2021-03-17 10:59:00,87.75,87.75,86.3,86.3,300,64800,83.17,86.05,86.4
16273,2021-03-17 11:00:00,86.35,86.35,86.35,86.35,75,66000,83.18,86.0,86.35
16274,2021-03-17 11:01:00,87.75,88.2,87.75,88.2,2550,66000,83.33,87.75,88.1
16275,2021-03-17 11:02:00,88.45,88.55,88.15,88.15,300,66000,83.35,87.2,87.5
16276,2021-03-17 11:03:00,87.8,87.8,86.75,86.75,150,68475,83.35,86.8,87.1
16277,2021-03-17 11:04:00,87.6,87.6,87.6,87.6,225,68475,83.37,87.45,87.95
16278,2021-03-17 11:05:00,88.35,89.55,88.35,89.55,150,68400,83.38,88.85,89.3
16279,2021-03-17 11:06:00,88.15,88.15,88.15,88.15,75,68400,83.38,87.9,88.3
16280,2021-03-17 11:07:00,88.45,88.45,88.45,88.45,75,68400,83.38,88.05,88.45
16281,2021-03-17 11:08:00,89.65,89.75,89.65,89.75,225,68400,83.4,88.9,89.4
16282,2021-03-17 11:09:00,88.45,88.45,88.45,88.45,150,68100,83.41,88.35,88.7
16283,2021-03-17 11:10:00,87.75,87.75,87.75,87.75,75,68100,83.41,85.9,86.4
16284,2021-03-17 11:11:00,86.7,86.7,86.35,86.35,1200,68100,83.46,86.05,86.4
16285,2021-03-17 11:12:00,85.85,85.85,85.85,85.85,75,67950,83.46,85.45,85.9
16286,2021-03-17 11:13:00,86.3,86.3,86.2,86.2,150,67950,83.47,85.75,86.15
16287,2021-03-17 11:14:00,86.0,86.0,85.0,85.6,675,68175,83.49,85.1,85.6
16288,2021-03-17 11:15:00,85.3,85.3,85.15,85.3,225,68175,83.49,85.05,85.35
16289,2021-03-17 11:16:00,85.75,85.75,85.75,85.75,150,68175,83.5,85.4,85.7
16290,2021-03-17 11:17:00,84.25,84.25,83.3,83.3,300,68175,83.5,83.15,83.4
16291,2021-03-17 11:18:00,82.9,82.9,81.95,82.6,375,68175,83.49,81.95,82.2
16292,2021-03-17 11:19:00,82.0,82.85,82.0,82.0,525,68175,83.48,81.6,81.8
16293,2021-03-17 11:20:00,81.45,81.45,78.55,79.45,2325,67275,83.38,79.65,79.9
16294,2021-03-17 11:21:00,79.6,79.75,77.6,78.05,1950,67275,83.27,77.75,77.95
16295,2021-03-17 11:22:00,77.25,79.25,77.2,79.25,975,67275,83.22,79.15,79.4
16296,2021-03-17 11:23:00,79.2,79.2,78.35,78.35,750,66825,83.18,78.6,78.85
16297,2021-03-17 11:24:00,79.65,79.65,79.65,79.65,225,66825,83.17,79.65,79.75
16298,2021-03-17 11:25:00,78.25,78.25,72.1,74.3,5625,66825,82.65,73.7,73.95
16299,2021-03-17 11:26:00,73.65,74.05,72.0,72.55,2025,66825,82.46,73.85,74.3
16300,2021-03-17 11:27:00,74.2,75.55,74.2,75.55,300,66450,82.44,75.8,76.15
16301,2021-03-17 11:28:00,75.75,75.75,75.0,75.0,225,66450,82.42,74.3,74.6
16302,2021-03-17 11:29:00,74.0,74.0,71.9,71.9,300,66450,82.4,71.75,72.15
16303,2021-03-17 11:30:00,71.2,71.2,69.5,71.0,1650,66675,82.2,69.7,70.15
16304,2021-03-17 11:31:00,68.05,68.65,67.3,68.65,1950,66675,81.94,69.6,70.05
16305,2021-03-17 11:32:00,69.75,69.8,68.55,69.05,825,66675,81.84,69.2,69.55
16306,2021-03-17 11:33:00,69.4,70.35,69.05,70.35,975,67875,81.73,70.5,71.0
16307,2021-03-17 11:34:00,70.8,71.8,70.7,71.2,1200,67875,81.61,71.15,71.6
16308,2021-03-17 11:35:00,72.05,73.05,71.55,72.5,675,68625,81.55,72.8,73.25
16309,2021-03-17 11:36:00,73.0,73.25,72.75,72.95,450,68625,81.52,72.5,72.95
16310,2021-03-17 11:37:00,73.0,73.25,72.75,72.95,450,68625,81.52,72.5,72.95
16311,2021-03-17 11:38:00,74.25,74.25,74.25,74.25,75,68625,81.51,74.0,74.35
16312,2021-03-17 11:39:00,74.8,75.55,74.1,74.8,825,67275,81.46,74.45,74.7
16313,2021-03-17 11:40:00,74.2,74.7,72.5,72.5,1350,67275,81.37,72.3,72.55
16314,2021-03-17 11:41:00,71.05,71.95,71.05,71.9,675,66375,81.31,72.0,72.35
16315,2021-03-17 11:42:00,73.0,73.85,73.0,73.85,375,66375,81.28,74.15,74.45
16316,2021-03-17 11:43:00,74.05,74.05,73.1,73.55,975,66375,81.22,73.0,73.3
16317,2021-03-17 11:44:00,73.1,73.6,72.7,73.4,1350,66375,81.12,73.6,73.9
16318,2021-03-17 11:45:00,74.45,74.6,74.25,74.25,525,67500,81.09,72.85,73.2
16319,2021-03-17 11:46:00,72.7,72.7,72.0,72.1,1200,67500,81.0,72.15,72.45
16320,2021-03-17 11:47:00,72.8,73.25,72.8,73.25,225,67500,80.99,72.6,72.95
16321,2021-03-17 11:48:00,73.35,73.35,73.35,73.35,450,67350,80.96,73.0,73.3
16322,2021-03-17 11:49:00,73.1,74.7,73.1,74.7,375,67350,80.93,74.65,75.1
16323,2021-03-17 11:50:00,75.75,75.75,75.05,75.05,225,67350,80.92,75.05,75.5
16324,2021-03-17 11:51:00,75.75,76.35,75.75,76.35,150,67725,80.92,75.8,76.2
16325,2021-03-17 11:52:00,76.3,76.3,76.3,76.3,75,67725,80.91,75.95,76.35
16326,2021-03-17 11:53:00,75.8,75.8,75.1,75.1,225,67725,80.9,75.35,75.75
16327,2021-03-17 11:54:00,75.8,75.8,75.1,75.1,225,67725,80.9,75.35,75.75
16328,2021-03-17 11:55:00,74.65,74.65,74.65,74.65,300,67125,80.89,74.3,74.7
16329,2021-03-17 11:56:00,75.1,75.1,74.35,74.35,150,67125,80.88,75.4,75.7
16330,2021-03-17 11:57:00,74.6,74.6,74.6,74.6,75,66825,80.88,74.45,74.85
16331,2021-03-17 11:58:00,75.0,75.0,75.0,75.0,75,66825,80.87,76.05,76.55
16332,2021-03-17 11:59:00,76.65,78.7,76.65,78.4,300,66825,80.86,77.3,77.65
16333,2021-03-17 12:00:00,77.6,77.6,76.2,76.2,900,66900,80.83,76.2,76.55
16334,2021-03-17 12:01:00,75.8,75.8,75.2,75.2,150,66900,80.83,75.25,75.55
16335,2021-03-17 12:02:00,75.5,75.5,75.5,75.5,150,66900,80.82,76.3,76.65
16336,2021-03-17 12:03:00,77.35,79.75,77.35,79.75,1275,66375,80.8,79.35,79.7
16337,2021-03-17 12:04:00,79.1,79.25,79.1,79.25,150,66375,80.8,79.7,80.0
16338,2021-03-17 12:05:00,80.8,80.8,79.9,80.5,900,66375,80.79,79.25,79.65
16339,2021-03-17 12:06:00,79.0,79.1,78.8,79.1,300,66825,80.79,80.35,80.65
16340,2021-03-17 12:07:00,82.0,82.45,81.8,81.8,525,66825,80.8,81.85,82.2
16341,2021-03-17 12:08:00,83.5,84.15,82.85,82.85,2100,66825,80.84,82.4,82.65
16342,2021-03-17 12:09:00,82.9,82.9,82.05,82.05,375,66150,80.85,82.9,83.2
16343,2021-03-17 12:10:00,83.35,83.95,82.8,83.95,300,66150,80.85,83.25,83.6
16344,2021-03-17 12:11:00,84.0,84.0,81.35,81.35,900,66150,80.87,81.35,81.7
16345,2021-03-17 12:12:00,81.8,82.0,81.65,82.0,375,65850,80.87,81.8,82.2
16346,2021-03-17 12:13:00,81.8,82.0,81.65,82.0,375,65850,80.87,81.8,82.2
16347,2021-03-17 12:14:00,81.8,82.0,81.65,82.0,375,65850,80.87,81.8,82.2
16348,2021-03-17 12:15:00,83.55,83.55,83.55,83.55,75,65625,80.87,80.3,80.75
16349,2021-03-17 12:16:00,79.5,79.5,79.5,79.5,75,65625,80.87,81.65,82.05
16350,2021-03-17 12:17:00,82.3,83.0,82.05,82.05,375,65625,80.88,82.95,83.4
16351,2021-03-17 12:18:00,83.25,85.0,83.25,85.0,375,65175,80.89,84.25,84.7
16352,2021-03-17 12:19:00,83.25,85.0,83.25,85.0,375,65175,80.89,84.25,84.7
16353,2021-03-17 12:20:00,83.85,83.85,82.65,82.65,1650,65175,80.91,82.8,83.3
16354,2021-03-17 12:21:00,84.45,84.8,83.75,84.65,1125,65100,80.95,84.6,84.9
16355,2021-03-17 12:22:00,86.7,86.7,85.1,85.1,3075,65100,81.06,85.1,85.35
16356,2021-03-17 12:23:00,85.7,85.7,85.2,85.55,675,65100,81.08,84.75,85.1
16357,2021-03-17 12:24:00,84.45,84.75,84.25,84.75,375,64275,81.09,84.8,85.1
16358,2021-03-17 12:25:00,85.8,85.8,84.05,84.05,225,64275,81.1,83.85,84.15
16359,2021-03-17 12:26:00,82.8,83.6,81.8,83.6,1875,64275,81.12,83.5,83.8
16360,2021-03-17 12:27:00,82.95,82.95,81.6,81.6,600,64500,81.13,81.8,82.1
16361,2021-03-17 12:28:00,81.5,82.95,81.5,82.75,300,64500,81.13,82.35,82.7
16362,2021-03-17 12:29:00,83.05,83.05,82.05,82.05,375,64500,81.13,81.35,81.65
16363,2021-03-17 12:30:00,81.2,81.7,81.2,81.5,525,64575,81.13,81.4,81.8
16364,2021-03-17 12:31:00,81.15,81.15,81.15,81.15,75,64575,81.13,81.25,81.6
16365,2021-03-17 12:32:00,81.15,81.7,80.9,80.9,225,64575,81.13,80.4,80.8
16366,2021-03-17 12:33:00,79.75,80.05,79.6,80.05,300,64200,81.13,80.75,81.15
16367,2021-03-17 12:34:00,79.75,80.05,79.6,80.05,300,64200,81.13,80.75,81.15
16368,2021-03-17 12:35:00,83.0,84.25,82.95,84.25,3000,64200,81.17,84.9,85.25
16369,2021-03-17 12:36:00,85.35,89.45,85.35,89.25,2100,65175,81.27,89.1,89.5
16370,2021-03-17 12:37:00,89.65,91.0,87.8,88.7,2925,65175,81.43,88.6,89.0
16371,2021-03-17 12:38:00,88.9,89.2,88.75,88.95,1200,65175,81.49,88.9,89.35
16372,2021-03-17 12:39:00,88.9,88.9,86.85,86.85,150,64500,81.5,88.6,89.0
16373,2021-03-17 12:40:00,89.7,90.9,89.1,90.9,675,64500,81.54,90.35,90.75
16374,2021-03-17 12:41:00,90.8,90.8,89.0,89.0,450,64500,81.56,88.05,88.45
16375,2021-03-17 12:42:00,86.65,87.6,86.65,87.25,450,64275,81.58,86.65,87.05
16376,2021-03-17 12:43:00,87.3,87.7,86.4,86.4,1575,64275,81.64,85.95,86.3
16377,2021-03-17 12:44:00,85.4,85.4,84.6,84.6,375,64275,81.64,84.5,84.8
16378,2021-03-17 12:45:00,84.65,84.65,82.15,82.15,375,65475,81.65,82.2,82.55
16379,2021-03-17 12:46:00,81.65,83.45,81.65,83.45,450,65475,81.65,83.65,84.1
16380,2021-03-17 12:47:00,85.9,87.45,85.9,87.45,225,65475,81.66,88.15,88.55
16381,2021-03-17 12:48:00,87.35,88.9,87.35,88.9,225,65475,81.67,88.05,88.45
16382,2021-03-17 12:49:00,90.55,92.85,90.25,90.25,1350,65475,81.75,90.05,90.55
16383,2021-03-17 12:50:00,90.65,90.65,88.8,88.8,150,65475,81.76,89.65,90.05
16384,2021-03-17 12:51:00,89.7,90.1,87.55,88.4,450,65550,81.78,88.35,88.75
16385,2021-03-17 12:52:00,89.45,89.45,89.45,89.45,75,65550,81.79,89.3,89.75
16386,2021-03-17 12:53:00,89.7,91.1,89.7,91.1,675,65550,81.82,90.4,90.85
16387,2021-03-17 12:54:00,90.05,91.2,89.0,91.2,300,65625,81.84,91.2,91.6
16388,2021-03-17 12:55:00,90.8,90.8,88.15,88.4,600,65625,81.87,87.8,88.25
16389,2021-03-17 12:56:00,87.85,88.35,87.7,87.7,300,65625,81.88,87.3,87.6
16390,2021-03-17 12:57:00,87.0,90.05,87.0,90.05,450,66000,81.89,90.3,90.6
16391,2021-03-17 12:58:00,90.05,90.05,90.05,90.05,150,66000,81.9,87.3,87.75
16392,2021-03-17 12:59:00,87.35,87.35,85.95,86.1,825,66000,81.93,85.8,86.1
16393,2021-03-17 13:00:00,86.1,86.1,85.7,85.7,150,66750,81.93,86.95,87.4
16394,2021-03-17 13:01:00,87.35,89.3,87.35,89.1,225,66750,81.94,89.25,89.6
16395,2021-03-17 13:02:00,88.7,88.7,88.7,88.7,75,66750,81.94,89.7,90.15
16396,2021-03-17 13:03:00,89.6,89.6,88.7,89.55,450,66675,81.96,87.75,88.2
16397,2021-03-17 13:04:00,88.85,88.85,88.55,88.55,150,66675,81.97,88.75,89.2
16398,2021-03-17 13:05:00,88.9,88.9,88.0,88.15,300,66675,81.98,88.0,88.4
16399,2021-03-17 13:06:00,87.75,88.55,87.2,87.95,1425,66525,82.03,87.7,88.0
16400,2021-03-17 13:07:00,87.5,87.5,86.6,87.2,600,66525,82.05,85.75,86.1
16401,2021-03-17 13:08:00,86.6,86.6,85.85,86.2,525,66525,82.07,86.3,86.75
16402,2021-03-17 13:09:00,86.25,87.65,86.25,87.65,225,67425,82.07,86.95,87.45
16403,2021-03-17 13:10:00,85.2,86.15,85.2,86.15,375,67425,82.08,85.75,86.1
16404,2021-03-17 13:11:00,87.1,87.1,87.1,87.1,75,67425,82.08,86.55,86.95
16405,2021-03-17 13:12:00,87.1,87.1,87.1,87.1,75,67425,82.08,86.55,86.95
16406,2021-03-17 13:13:00,87.7,88.0,87.55,88.0,225,67500,82.09,87.6,88.0
16407,2021-03-17 13:14:00,87.15,87.15,86.75,86.75,150,67500,82.1,87.35,87.75
16408,2021-03-17 13:15:00,86.15,86.15,84.1,85.25,900,67800,82.11,85.35,85.7
16409,2021-03-17 13:16:00,84.5,84.5,84.05,84.1,375,67800,82.12,84.3,84.75
16410,2021-03-17 13:17:00,83.15,83.15,81.35,82.7,900,67800,82.12,82.35,82.8
16411,2021-03-17 13:18:00,83.05,83.05,83.05,83.05,75,68175,82.12,81.8,82.05
16412,2021-03-17 13:19:00,81.35,81.35,81.35,81.35,75,68175,82.12,82.6,82.95
16413,2021-03-17 13:20:00,80.0,81.1,79.4,80.75,750,68175,82.11,81.45,81.9
16414,2021-03-17 13:21:00,81.95,82.95,81.95,82.95,375,68250,82.11,83.4,83.8
16415,2021-03-17 13:22:00,83.6,85.45,83.2,85.45,450,68250,82.11,85.85,86.25
16416,2021-03-17 13:23:00,85.55,86.3,85.55,85.95,300,68250,82.12,86.1,86.3
16417,2021-03-17 13:24:00,86.3,87.05,86.3,86.4,225,68475,82.13,86.2,86.55
16418,2021-03-17 13:25:00,86.55,87.6,86.55,87.4,375,68475,82.14,87.55,87.85
16419,2021-03-17 13:26:00,86.55,87.6,86.55,87.4,375,68475,82.14,87.55,87.85
16420,2021-03-17 13:27:00,86.6,86.6,86.6,86.6,75,68325,82.14,85.7,86.2
16421,2021-03-17 13:28:00,86.0,87.3,86.0,87.3,150,68325,82.14,87.05,87.45
16422,2021-03-17 13:29:00,86.55,86.55,85.55,85.85,225,68325,82.15,85.8,86.15
16423,2021-03-17 13:30:00,86.85,87.45,86.85,87.45,150,68400,82.15,86.95,87.4
16424,2021-03-17 13:31:00,86.85,87.45,86.85,87.45,150,68400,82.15,86.95,87.4
16425,2021-03-17 13:32:00,84.05,84.05,78.4,79.85,5400,68400,82.2,79.95,80.3
16426,2021-03-17 13:33:00,79.7,81.6,79.3,81.45,1650,65625,82.19,81.35,81.6
16427,2021-03-17 13:34:00,81.45,81.9,80.65,81.2,1200,65625,82.18,81.9,82.2
16428,2021-03-17 13:35:00,81.05,84.2,80.85,83.85,1425,65625,82.19,84.8,85.25
16429,2021-03-17 13:36:00,84.45,84.45,84.45,84.45,75,66450,82.19,83.75,84.0
16430,2021-03-17 13:37:00,83.65,83.65,83.2,83.2,150,66450,82.19,84.3,84.65
16431,2021-03-17 13:38:00,82.9,82.9,82.9,82.9,75,66450,82.19,82.4,82.65
16432,2021-03-17 13:39:00,81.5,81.75,81.5,81.75,300,66450,82.19,82.15,82.45
16433,2021-03-17 13:40:00,82.75,83.2,82.75,83.2,300,66525,82.19,81.6,81.95
16434,2021-03-17 13:41:00,80.85,82.05,80.85,82.0,825,66525,82.18,82.45,82.85
16435,2021-03-17 13:42:00,82.5,83.5,81.7,83.5,8625,70425,82.2,82.95,83.35
16436,2021-03-17 13:43:00,82.95,83.35,82.5,82.65,3525,70425,82.21,82.55,82.9
16437,2021-03-17 13:44:00,83.05,83.95,83.05,83.95,150,70425,82.21,83.55,83.95
16438,2021-03-17 13:45:00,83.4,84.15,83.4,84.15,150,76275,82.21,84.05,84.45
16439,2021-03-17 13:46:00,84.5,84.8,83.1,83.1,1425,76275,82.22,82.8,83.15
16440,2021-03-17 13:47:00,83.35,83.5,82.7,83.15,600,76275,82.23,82.5,82.95
16441,2021-03-17 13:48:00,82.55,83.25,82.55,83.25,300,76650,82.23,82.9,83.35
16442,2021-03-17 13:49:00,83.5,90.15,83.5,88.55,3000,76650,82.32,88.55,88.95
16443,2021-03-17 13:50:00,90.65,94.5,90.65,91.8,2325,76650,82.43,91.7,92.05
16444,2021-03-17 13:51:00,92.9,94.2,92.35,92.35,1125,76125,82.49,92.65,93.1
16445,2021-03-17 13:52:00,92.4,92.55,92.25,92.55,300,76125,82.51,93.9,94.4
16446,2021-03-17 13:53:00,93.85,96.15,93.6,95.75,3750,76125,82.74,94.5,95.15
16447,2021-03-17 13:54:00,95.25,95.25,93.25,93.25,300,75000,82.76,94.2,94.9
16448,2021-03-17 13:55:00,93.65,93.65,91.2,91.2,600,75000,82.79,90.95,91.55
16449,2021-03-17 13:56:00,92.0,93.7,91.4,92.5,1950,75000,82.88,94.0,94.35
16450,2021-03-17 13:57:00,93.0,93.0,91.8,91.8,1500,77175,82.95,92.55,93.05
16451,2021-03-17 13:58:00,92.65,92.65,90.9,90.9,675,77175,82.97,92.05,92.5
16452,2021-03-17 13:59:00,91.5,91.85,91.5,91.85,225,77175,82.98,92.6,93.1
16453,2021-03-17 14:00:00,91.7,91.7,89.25,90.9,1200,78525,83.02,89.75,90.15
16454,2021-03-17 14:01:00,91.7,91.7,89.25,90.9,1200,78525,83.02,89.75,90.15
16455,2021-03-17 14:02:00,90.75,90.75,89.2,89.2,750,78525,83.05,89.45,89.9
16456,2021-03-17 14:03:00,89.65,91.3,89.65,91.3,225,77850,83.06,92.35,92.7
16457,2021-03-17 14:04:00,94.7,99.3,94.1,99.3,3525,77850,83.29,98.65,99.1
16458,2021-03-17 14:05:00,98.65,101.15,98.65,99.6,4500,77850,83.62,99.25,99.7
16459,2021-03-17 14:06:00,98.8,100.9,97.0,100.75,14325,88350,84.51,101.15,101.65
16460,2021-03-17 14:07:00,100.95,101.4,97.9,99.15,12375,88350,85.26,99.65,100.0
16461,2021-03-17 14:08:00,99.55,104.0,99.45,102.85,4725,88350,85.57,102.4,103.0
16462,2021-03-17 14:09:00,102.25,102.25,99.15,101.9,17025,107475,86.51,101.05,101.4
16463,2021-03-17 14:10:00,101.05,101.05,96.45,96.75,900,107475,86.56,96.55,97.0
16464,2021-03-17 14:11:00,96.6,98.0,96.1,96.6,2475,107475,86.65,97.45,97.95
16465,2021-03-17 14:12:00,98.35,99.6,98.35,98.7,300,109725,86.66,98.4,98.75
16466,2021-03-17 14:13:00,98.75,98.95,97.0,98.25,2625,109725,86.77,97.95,98.45
16467,2021-03-17 14:14:00,98.15,98.75,97.6,97.6,225,109725,86.78,98.0,98.5
16468,2021-03-17 14:15:00,98.8,98.8,95.95,97.2,450,111300,86.8,99.65,100.25
16469,2021-03-17 14:16:00,103.0,104.5,102.15,103.35,7725,111300,87.24,103.35,103.9
16470,2021-03-17 14:17:00,103.95,105.6,102.5,104.6,4050,111300,87.48,104.7,105.3
16471,2021-03-17 14:18:00,104.7,106.05,104.0,104.6,3525,121275,87.69,104.6,105.1
16472,2021-03-17 14:19:00,103.75,104.5,101.05,102.05,1425,121275,87.76,101.9,102.55
16473,2021-03-17 14:20:00,101.5,106.05,101.0,106.05,3300,121275,87.94,105.55,106.15
16474,2021-03-17 14:21:00,106.55,108.4,106.5,107.5,1725,123900,88.05,106.75,107.15
16475,2021-03-17 14:22:00,106.6,107.0,104.25,107.0,1950,123900,88.16,106.65,107.15
16476,2021-03-17 14:23:00,106.3,106.3,104.5,104.5,600,123900,88.2,104.0,104.45
16477,2021-03-17 14:24:00,103.75,103.75,102.3,102.9,375,124875,88.22,102.25,102.65
16478,2021-03-17 14:25:00,102.1,102.1,100.55,100.9,300,124875,88.23,101.05,101.6
16479,2021-03-17 14:26:00,99.6,99.6,97.3,97.3,375,124875,88.24,98.15,98.7
16480,2021-03-17 14:27:00,98.75,98.75,97.3,97.8,450,125100,88.26,97.65,98.15
16481,2021-03-17 14:28:00,97.55,97.55,97.55,97.55,150,125100,88.26,97.5,98.05
16482,2021-03-17 14:29:00,100.1,101.55,100.0,101.25,375,125100,88.28,101.1,101.55
16483,2021-03-17 14:30:00,101.6,104.2,101.25,103.7,2100,126600,88.38,104.8,105.25
16484,2021-03-17 14:31:00,106.0,106.0,105.4,105.4,525,126600,88.41,104.65,105.0
16485,2021-03-17 14:32:00,102.55,103.75,102.55,103.65,1500,126600,88.48,102.1,102.75
16486,2021-03-17 14:33:00,101.25,101.8,100.55,100.7,525,126525,88.5,100.55,101.15
16487,2021-03-17 14:34:00,100.65,101.95,100.65,101.95,450,126525,88.52,102.55,103.0
16488,2021-03-17 14:35:00,100.5,100.5,99.5,99.5,300,126525,88.53,100.6,101.1
16489,2021-03-17 14:36:00,101.15,101.15,98.0,98.0,225,126525,88.54,98.75,99.2
16490,2021-03-17 14:37:00,98.15,98.65,98.15,98.65,225,126525,88.54,98.4,98.95
16491,2021-03-17 14:38:00,98.25,98.25,96.8,98.0,375,126525,88.55,97.25,97.8
16492,2021-03-17 14:39:00,98.25,98.25,96.8,98.0,375,126525,88.55,97.25,97.8
16493,2021-03-17 14:40:00,101.5,103.0,101.2,101.35,675,126750,88.58,101.8,102.25
16494,2021-03-17 14:41:00,100.35,100.35,98.9,99.4,375,126750,88.6,98.85,99.3
16495,2021-03-17 14:42:00,99.2,99.2,98.05,98.25,525,126975,88.61,96.55,96.95
16496,2021-03-17 14:43:00,95.7,97.7,95.7,97.7,1200,126975,88.65,97.5,98.15
16497,2021-03-17 14:44:00,98.35,98.35,97.2,97.2,150,126975,88.65,97.4,97.95
16498,2021-03-17 14:45:00,97.0,97.0,95.5,96.75,1050,127650,88.67,97.25,97.75
16499,2021-03-17 14:46:00,97.95,97.95,96.35,96.35,225,127650,88.68,96.65,97.1
16500,2021-03-17 14:47:00,96.55,96.55,96.55,96.55,150,127650,88.68,96.5,96.95
16501,2021-03-17 14:48:00,96.0,96.0,96.0,96.0,150,127650,88.69,97.25,97.65
16502,2021-03-17 14:49:00,97.0,97.5,97.0,97.5,450,127425,88.7,97.5,98.0
16503,2021-03-17 14:50:00,97.95,97.95,97.95,97.95,75,127425,88.7,99.2,99.75
16504,2021-03-17 14:51:00,99.15,99.15,98.35,98.35,300,127425,88.71,97.65,98.1
16505,2021-03-17 14:52:00,99.0,99.2,98.95,99.0,750,127350,88.74,97.45,98.05
16506,2021-03-17 14:53:00,98.0,98.0,96.25,96.25,450,127350,88.75,96.35,97.0
16507,2021-03-17 14:54:00,95.85,95.85,95.85,95.85,75,127350,88.75,96.65,97.25
16508,2021-03-17 14:55:00,97.55,99.15,97.55,99.15,675,127800,88.77,98.9,99.35
16509,2021-03-17 14:56:00,100.2,100.5,99.0,100.5,525,127800,88.79,100.0,100.3
16510,2021-03-17 14:57:00,100.65,100.65,96.0,96.0,1725,127050,88.85,95.1,95.6
16511,2021-03-17 14:58:00,95.2,95.5,90.7,91.9,1650,127050,88.86,92.05,92.5
16512,2021-03-17 14:59:00,92.15,92.15,90.6,91.95,1050,127050,88.87,92.25,92.9
16513,2021-03-17 15:00:00,91.55,93.75,89.0,93.75,1200,126750,88.88,94.6,95.3
16514,2021-03-17 15:01:00,95.15,97.0,95.0,97.0,900,126750,88.9,97.95,98.5
16515,2021-03-17 15:02:00,97.9,100.45,97.1,99.55,1050,126750,88.93,99.5,100.35
16516,2021-03-17 15:03:00,98.8,107.65,98.8,107.0,1725,127350,89.01,106.25,107.2
16517,2021-03-17 15:04:00,106.85,106.85,103.9,105.8,1800,127350,89.1,106.2,106.75
16518,2021-03-17 15:05:00,107.0,111.0,105.55,111.0,2400,127350,89.24,111.65,112.05
16519,2021-03-17 15:06:00,110.5,113.3,108.05,113.3,1050,127575,89.31,113.45,113.9
16520,2021-03-17 15:07:00,114.25,119.25,113.4,115.05,3450,127575,89.59,115.45,115.95
16521,2021-03-17 15:08:00,116.95,122.0,115.75,122.0,2250,127575,89.78,121.75,122.35
16522,2021-03-17 15:09:00,122.0,122.0,118.4,121.5,3750,127725,90.11,121.25,121.95
16523,2021-03-17 15:10:00,121.95,126.2,119.9,125.5,4200,127725,90.51,125.8,126.4
16524,2021-03-17 15:11:00,128.05,129.3,123.55,123.55,7950,127725,91.32,123.35,124.05
16525,2021-03-17 15:12:00,122.95,127.5,122.5,127.5,9000,132825,92.13,127.6,128.15
16526,2021-03-17 15:13:00,126.85,127.2,123.8,123.95,7500,132825,92.81,124.1,124.3
16527,2021-03-17 15:14:00,123.05,127.7,122.35,127.7,4575,132825,93.21,127.55,128.1
16528,2021-03-17 15:15:00,127.6,127.6,122.3,122.75,3975,141300,93.54,122.5,123.0
16529,2021-03-17 15:16:00,122.9,122.9,118.75,120.0,2400,141300,93.7,120.5,121.2
16530,2021-03-17 15:17:00,120.7,121.7,116.8,117.7,1500,141300,93.8,117.8,118.55
16531,2021-03-17 15:18:00,117.8,121.8,117.5,120.4,1125,137850,93.88,120.3,121.1
16532,2021-03-17 15:19:00,119.8,121.55,119.0,119.95,3450,137850,94.11,119.35,120.05
16533,2021-03-17 15:20:00,119.65,119.65,118.4,119.0,1125,137850,94.19,117.55,118.4
16534,2021-03-17 15:21:00,117.1,122.5,117.1,122.5,675,137475,94.23,123.3,124.25
16535,2021-03-17 15:22:00,122.35,122.35,120.5,121.1,1650,137475,94.35,120.95,121.55
16536,2021-03-17 15:23:00,120.4,121.95,120.35,121.95,900,137475,94.41,121.3,121.9
16537,2021-03-17 15:24:00,122.1,122.55,121.95,122.45,525,137775,94.44,121.95,122.4
16538,2021-03-17 15:25:00,121.75,122.05,117.55,118.0,3900,137775,94.69,117.7,118.0
16539,2021-03-17 15:26:00,117.65,118.7,116.85,118.7,3900,137775,94.92,118.05,118.6
16540,2021-03-17 15:27:00,118.15,118.95,118.05,118.95,2325,142275,95.05,119.05,119.75
16541,2021-03-17 15:28:00,119.7,120.15,119.25,119.25,1575,142275,95.15,119.6,120.2
16542,2021-03-17 15:29:00,119.7,120.15,119.25,119.25,1575,142275,95.15,119.6,120.2
16543,2021-03-17 15:30:00,119.85,121.65,119.55,120.55,1275,142275,95.23,120.0,121.65
16544,2021-03-18 09:15:00,78.15,80.0,63.85,69.9,4050,142500,73.62,67.7,69.95
16545,2021-03-18 09:16:00,69.95,73.15,69.0,70.3,11325,142500,71.41,70.35,70.9
16546,2021-03-18 09:17:00,71.2,72.5,70.35,72.5,3150,145125,71.37,72.05,72.55
16547,2021-03-18 09:18:00,72.9,75.2,72.05,73.7,3450,145125,71.77,73.35,73.85
16548,2021-03-18 09:19:00,73.75,75.55,73.15,75.0,3450,145125,72.14,75.15,75.7
16549,2021-03-18 09:20:00,77.15,77.15,72.45,73.2,4875,143850,72.59,72.55,73.15
16550,2021-03-18 09:21:00,75.0,75.25,72.95,74.55,4050,143850,72.77,73.85,74.3
16551,2021-03-18 09:22:00,73.8,76.55,72.9,75.0,3975,143850,73.02,75.55,75.95
16552,2021-03-18 09:23:00,75.55,76.75,75.5,76.75,3900,141300,73.26,77.7,77.95
16553,2021-03-18 09:24:00,77.05,80.3,77.05,79.85,3450,141300,73.71,80.0,80.45
16554,2021-03-18 09:25:00,80.45,84.45,80.45,83.35,1500,141300,73.99,84.25,84.65
16555,2021-03-18 09:26:00,84.55,86.1,83.6,85.6,5025,139350,75.07,85.8,86.2
16556,2021-03-18 09:27:00,86.05,86.05,84.0,84.0,1875,139350,75.4,83.7,84.1
16557,2021-03-18 09:28:00,82.6,82.6,77.25,77.25,1875,139350,75.54,77.2,77.65
16558,2021-03-18 09:29:00,77.4,80.0,77.4,78.8,1875,136650,75.63,79.3,79.75
16559,2021-03-18 09:30:00,79.15,79.15,77.15,78.3,825,136650,75.67,78.55,78.95
16560,2021-03-18 09:31:00,77.75,78.2,77.65,78.2,825,136650,75.7,77.5,77.8
16561,2021-03-18 09:32:00,77.6,78.1,74.85,75.75,3750,137025,75.76,75.35,75.7
16562,2021-03-18 09:33:00,75.2,75.9,74.5,74.85,2625,137025,75.73,74.9,75.2
16563,2021-03-18 09:34:00,75.1,75.3,74.95,75.3,450,137025,75.72,74.05,74.45
16564,2021-03-18 09:35:00,74.05,76.1,73.85,74.85,3975,134100,75.68,75.15,75.45
16565,2021-03-18 09:36:00,75.95,75.95,74.2,74.3,2175,134100,75.64,74.1,74.4
16566,2021-03-18 09:37:00,74.35,75.35,73.3,74.9,6750,134100,75.55,75.0,75.35
16567,2021-03-18 09:38:00,75.05,75.85,74.7,74.7,450,138675,75.55,74.4,74.85
16568,2021-03-18 09:39:00,75.3,75.8,74.05,74.05,2700,138675,75.53,74.1,74.3
16569,2021-03-18 09:40:00,74.0,74.25,73.5,74.25,1650,138675,75.5,74.0,74.4
16570,2021-03-18 09:41:00,74.15,75.7,74.15,75.65,3900,138075,75.48,75.65,75.9
16571,2021-03-18 09:42:00,75.6,76.2,75.0,75.15,1725,138075,75.49,74.7,75.1
16572,2021-03-18 09:43:00,74.55,74.55,72.95,73.2,2925,138075,75.43,73.0,73.25
16573,2021-03-18 09:44:00,73.2,73.2,71.05,71.7,1650,137475,75.37,71.4,71.7
16574,2021-03-18 09:45:00,71.1,74.3,70.8,74.2,2325,137475,75.3,74.35,74.6
16575,2021-03-18 09:46:00,74.4,74.4,73.05,73.05,525,137475,75.3,73.05,73.35
16576,2021-03-18 09:47:00,73.0,75.55,72.7,74.7,1275,138450,75.29,73.7,74.1
16577,2021-03-18 09:48:00,73.55,76.45,73.55,76.3,3075,138450,75.3,75.8,76.1
16578,2021-03-18 09:49:00,76.05,76.05,75.0,75.0,600,138450,75.3,73.65,73.95
16579,2021-03-18 09:50:00,74.5,76.8,74.5,76.2,1425,134175,75.31,76.0,76.4
16580,2021-03-18 09:51:00,76.05,76.05,76.05,76.05,150,0,75.31,75.45,75.75
16581,2021-03-18 09:52:00,75.9,77.85,75.5,75.5,1500,134175,75.33,75.65,75.95
16582,2021-03-18 09:53:00,75.65,78.65,75.65,78.65,1500,134250,75.36,78.1,78.4
16583,2021-03-18 09:54:00,77.85,78.95,77.65,78.55,1275,134250,75.4,78.6,78.9
16584,2021-03-18 09:55:00,79.05,79.95,77.9,78.0,1500,134250,75.45,77.75,78.05
16585,2021-03-18 09:56:00,78.15,78.35,76.65,78.35,675,132975,75.46,78.95,79.25
16586,2021-03-18 09:57:00,78.9,80.7,78.9,80.7,2400,132975,75.56,79.7,80.1
16587,2021-03-18 09:58:00,79.8,81.1,79.0,81.1,1575,132975,75.62,80.65,81.1
16588,2021-03-18 09:59:00,80.75,81.0,77.8,78.65,900,134025,75.65,78.4,78.75
16589,2021-03-18 10:00:00,79.25,82.0,78.95,79.0,2025,134025,75.73,79.4,79.75
16590,2021-03-18 10:01:00,78.8,79.5,77.95,79.5,2100,134025,75.78,79.2,79.55
16591,2021-03-18 10:02:00,78.5,78.5,78.45,78.45,150,133500,75.79,78.0,78.2
16592,2021-03-18 10:03:00,78.1,79.0,77.1,79.0,1500,133500,75.81,79.15,79.45
16593,2021-03-18 10:04:00,78.95,78.95,77.35,78.0,1275,133500,75.84,78.05,78.4
16594,2021-03-18 10:05:00,78.3,78.3,75.0,75.0,2700,133350,75.87,75.7,76.05
16595,2021-03-18 10:06:00,76.35,77.35,76.35,77.0,900,133350,75.87,77.4,77.75
16596,2021-03-18 10:07:00,77.0,77.0,76.75,76.75,225,133350,75.87,76.45,76.85
16597,2021-03-18 10:08:00,76.4,78.0,76.1,78.0,1650,132975,75.9,78.2,78.55
16598,2021-03-18 10:09:00,78.45,80.0,78.4,79.85,1725,132975,75.94,79.65,79.95
16599,2021-03-18 10:10:00,79.4,80.95,79.4,80.0,525,132975,75.96,79.7,80.0
16600,2021-03-18 10:11:00,79.65,81.15,79.55,81.15,1275,132600,76.0,80.5,80.9
16601,2021-03-18 10:12:00,81.75,82.7,81.25,81.6,8925,132600,76.38,81.95,82.25
16602,2021-03-18 10:13:00,82.1,82.9,81.8,82.05,2775,132600,76.49,81.2,81.6
16603,2021-03-18 10:14:00,82.0,83.25,81.95,82.3,4800,132450,76.69,81.9,82.2
16604,2021-03-18 10:15:00,81.45,81.5,79.95,80.0,2400,132450,76.76,80.25,80.6
16605,2021-03-18 10:16:00,82.15,83.0,81.55,82.55,600,132450,76.78,82.6,82.9
16606,2021-03-18 10:17:00,83.95,83.95,80.9,81.2,3000,135000,76.89,80.75,81.1
16607,2021-03-18 10:18:00,80.85,83.0,80.85,83.0,675,135000,76.91,83.6,83.95
16608,2021-03-18 10:19:00,83.65,83.75,82.35,82.75,2100,135000,77.0,82.55,83.0
16609,2021-03-18 10:20:00,82.65,82.65,81.3,81.3,900,135525,77.02,81.15,81.4
16610,2021-03-18 10:21:00,81.0,82.35,81.0,81.45,675,135525,77.05,81.35,81.65
16611,2021-03-18 10:22:00,81.1,81.1,80.55,80.55,600,135525,77.06,80.6,80.95
16612,2021-03-18 10:23:00,80.45,81.0,80.45,81.0,300,136425,77.07,81.0,81.3
16613,2021-03-18 10:24:00,81.4,82.45,81.4,81.6,1125,136425,77.1,81.25,81.6
16614,2021-03-18 10:25:00,81.5,83.5,81.5,83.5,1050,136425,77.13,83.5,83.9
16615,2021-03-18 10:26:00,84.2,84.2,82.25,83.45,975,136800,77.17,83.4,83.85
16616,2021-03-18 10:27:00,83.9,84.8,83.1,83.45,1575,136800,77.24,83.4,83.8
16617,2021-03-18 10:28:00,83.0,83.05,82.3,82.75,975,136800,77.27,81.9,82.25
16618,2021-03-18 10:29:00,80.5,81.9,80.5,81.9,2250,137400,77.32,81.65,82.0
16619,2021-03-18 10:30:00,81.85,85.35,81.85,85.35,4575,137400,77.5,85.0,85.5
16620,2021-03-18 10:31:00,85.5,85.5,83.4,84.55,4950,137400,77.7,85.05,85.55
16621,2021-03-18 10:32:00,85.15,85.15,83.5,83.95,975,138000,77.74,83.85,84.25
16622,2021-03-18 10:33:00,84.75,86.4,84.75,85.9,1200,138000,77.79,86.05,86.5
16623,2021-03-18 10:34:00,86.75,88.3,86.6,88.3,2850,138000,77.94,88.0,88.4
16624,2021-03-18 10:35:00,88.0,88.9,85.9,87.4,2625,140025,78.07,87.4,87.8
16625,2021-03-18 10:36:00,87.35,89.2,87.1,87.85,1425,140025,78.15,87.85,88.25
16626,2021-03-18 10:37:00,87.55,87.55,85.8,86.5,1050,140025,78.2,86.25,86.65
16627,2021-03-18 10:38:00,85.85,88.15,85.85,88.15,675,141300,78.23,88.05,88.45
16628,2021-03-18 10:39:00,87.85,88.95,87.85,88.2,2250,141300,78.35,87.9,88.25
16629,2021-03-18 10:40:00,87.35,92.05,87.35,91.15,2775,141300,78.52,91.35,91.75
16630,2021-03-18 10:41:00,91.25,91.75,89.95,91.1,2625,144075,78.68,90.85,91.35
16631,2021-03-18 10:42:00,91.1,93.45,91.1,91.3,2025,144075,78.82,90.85,91.35
16632,2021-03-18 10:43:00,91.3,91.3,89.25,89.4,2325,144075,78.96,89.2,89.6
16633,2021-03-18 10:44:00,89.05,91.0,88.2,90.8,2250,145800,79.08,90.65,91.05
16634,2021-03-18 10:45:00,89.35,89.4,85.25,86.2,2175,145800,79.17,85.9,86.3
16635,2021-03-18 10:46:00,85.7,85.7,83.95,84.05,975,145800,79.2,83.9,84.3
16636,2021-03-18 10:47:00,84.5,85.7,83.2,84.8,3750,145800,79.28,84.15,84.5
16637,2021-03-18 10:48:00,84.2,84.2,82.35,83.7,450,145800,79.29,84.0,84.4
16638,2021-03-18 10:49:00,84.85,84.85,83.4,83.4,525,145800,79.3,82.0,82.4
16639,2021-03-18 10:50:00,83.3,83.3,79.15,79.15,1200,146250,79.31,79.2,79.6
16640,2021-03-18 10:51:00,79.0,80.45,78.25,80.35,2100,146250,79.32,79.45,79.85
16641,2021-03-18 10:52:00,80.0,81.35,80.0,81.3,1800,146250,79.32,81.75,82.2
16642,2021-03-18 10:53:00,82.0,82.0,81.55,81.55,150,146250,79.33,80.5,80.95
16643,2021-03-18 10:54:00,80.55,81.4,80.55,81.0,525,149250,79.33,81.3,81.7
16644,2021-03-18 10:55:00,83.05,83.2,82.75,82.9,450,149250,79.34,82.95,83.35
16645,2021-03-18 10:56:00,85.35,85.35,84.95,84.95,150,149250,79.34,85.1,85.5
16646,2021-03-18 10:57:00,85.9,85.9,84.15,84.35,375,149325,79.35,84.6,84.95
16647,2021-03-18 10:58:00,84.45,84.5,83.95,83.95,825,149325,79.37,84.1,84.5
16648,2021-03-18 10:59:00,83.9,84.05,83.5,84.0,450,149325,79.38,84.0,84.35
16649,2021-03-18 11:00:00,83.2,84.8,83.2,84.8,300,149625,79.39,84.05,84.4
16650,2021-03-18 11:01:00,84.25,84.25,83.0,83.0,900,149625,79.4,82.85,83.25
16651,2021-03-18 11:02:00,82.45,82.45,81.85,81.85,225,149625,79.41,82.0,82.4
16652,2021-03-18 11:03:00,83.0,83.0,83.0,83.0,75,149625,79.41,84.25,84.65
16653,2021-03-18 11:04:00,83.55,83.55,82.55,82.55,750,149625,79.42,82.3,82.75
16654,2021-03-18 11:05:00,83.25,84.6,83.25,83.85,300,149550,79.43,83.85,84.25
16655,2021-03-18 11:06:00,84.5,85.45,84.5,85.45,525,149550,79.44,85.0,85.35
16656,2021-03-18 11:07:00,83.55,83.55,83.55,83.55,450,149550,79.45,83.75,84.05
16657,2021-03-18 11:08:00,83.95,84.3,83.55,83.55,450,149250,79.46,83.3,83.7
16658,2021-03-18 11:09:00,84.6,84.75,84.55,84.75,1125,149250,79.48,84.1,84.5
16659,2021-03-18 11:10:00,83.5,83.5,83.15,83.15,150,149250,79.49,83.5,83.85
16660,2021-03-18 11:11:00,84.65,84.7,84.65,84.7,375,150225,79.49,84.4,84.85
16661,2021-03-18 11:12:00,85.4,85.55,85.1,85.1,600,150225,79.51,85.0,85.4
16662,2021-03-18 11:13:00,85.85,86.75,85.45,86.75,525,150225,79.53,86.55,87.0
16663,2021-03-18 11:14:00,87.15,87.15,87.15,87.15,600,150225,79.55,86.4,86.65
16664,2021-03-18 11:15:00,87.1,87.1,86.05,86.05,150,149625,79.55,86.0,86.4
16665,2021-03-18 11:16:00,86.05,86.05,86.0,86.0,150,149625,79.55,85.45,85.85
16666,2021-03-18 11:17:00,85.5,85.5,85.5,85.5,2100,149625,79.61,85.95,86.25
16667,2021-03-18 11:18:00,86.8,87.0,86.8,87.0,450,149550,79.62,86.95,87.25
16668,2021-03-18 11:19:00,87.2,88.8,87.15,88.8,750,149550,79.65,88.2,88.65
16669,2021-03-18 11:20:00,87.6,88.95,87.6,88.5,825,149550,79.68,88.1,88.5
16670,2021-03-18 11:21:00,87.2,88.0,87.2,88.0,450,148950,79.7,88.05,88.45
16671,2021-03-18 11:22:00,87.85,87.9,87.15,87.9,300,148950,79.71,87.5,87.95
16672,2021-03-18 11:23:00,88.2,88.2,86.8,86.8,675,148950,79.73,86.6,87.05
16673,2021-03-18 11:24:00,86.5,86.5,86.4,86.4,300,148950,79.74,85.45,85.85
16674,2021-03-18 11:25:00,85.45,85.45,84.0,84.0,150,148950,79.74,84.3,84.7
16675,2021-03-18 11:26:00,84.5,85.7,84.5,85.7,375,148950,79.75,85.65,86.1
16676,2021-03-18 11:27:00,87.0,87.6,87.0,87.6,150,148800,79.76,87.6,87.95
16677,2021-03-18 11:28:00,87.6,87.6,87.55,87.55,150,148800,79.76,86.85,87.25
16678,2021-03-18 11:29:00,86.65,87.15,86.65,87.15,750,149025,79.78,86.7,87.15
16679,2021-03-18 11:30:00,85.95,85.95,85.0,85.0,225,149025,79.79,84.5,84.9
16680,2021-03-18 11:31:00,84.0,84.4,83.2,84.4,450,149025,79.8,83.95,84.35
16681,2021-03-18 11:32:00,85.05,85.05,85.05,85.05,600,149025,79.81,85.35,85.75
16682,2021-03-18 11:33:00,85.7,85.7,85.7,85.7,75,148875,79.81,85.8,86.2
16683,2021-03-18 11:34:00,85.7,85.7,85.7,85.7,75,148875,79.81,85.05,85.45
16684,2021-03-18 11:35:00,86.55,86.55,85.9,85.9,150,148875,79.82,85.3,85.65
16685,2021-03-18 11:36:00,85.7,86.0,85.7,85.85,375,149025,79.83,86.2,86.55
16686,2021-03-18 11:37:00,86.6,87.3,86.6,86.95,600,149025,79.85,86.55,86.95
16687,2021-03-18 11:38:00,86.95,87.3,86.95,87.3,300,149025,79.86,86.05,86.5
16688,2021-03-18 11:39:00,86.5,86.5,86.25,86.5,225,149325,79.86,86.5,86.9
16689,2021-03-18 11:40:00,88.45,88.45,88.45,88.45,150,149325,79.87,87.65,87.9
16690,2021-03-18 11:41:00,88.05,88.05,88.05,88.05,150,149325,79.87,87.7,88.15
16691,2021-03-18 11:42:00,88.15,88.65,88.0,88.0,450,149400,79.89,87.65,88.1
16692,2021-03-18 11:43:00,87.25,87.25,85.8,85.8,225,149400,79.9,85.35,85.8
16693,2021-03-18 11:44:00,85.7,85.7,85.7,85.7,75,149400,79.9,87.1,87.5
16694,2021-03-18 11:45:00,87.65,87.65,87.65,87.65,75,149175,79.9,86.75,87.2
16695,2021-03-18 11:46:00,86.75,87.25,86.75,87.25,375,149175,79.91,86.65,87.0
16696,2021-03-18 11:47:00,87.0,87.05,87.0,87.05,900,149175,79.94,85.7,86.0
16697,2021-03-18 11:48:00,86.05,86.05,85.55,85.85,300,148950,79.95,85.0,85.35
16698,2021-03-18 11:49:00,85.0,85.0,84.85,84.85,450,148950,79.95,85.3,85.6
16699,2021-03-18 11:50:00,85.6,85.6,84.0,84.0,750,148650,79.97,83.25,83.7
16700,2021-03-18 11:51:00,83.35,83.55,81.0,83.35,1050,148650,79.98,83.45,83.95
16701,2021-03-18 11:52:00,83.7,83.7,82.55,82.55,525,148650,79.99,82.55,82.95
16702,2021-03-18 11:53:00,80.45,81.2,80.45,81.2,525,148650,79.99,80.9,81.25
16703,2021-03-18 11:54:00,82.2,82.85,82.2,82.85,225,148500,79.99,82.95,83.35
16704,2021-03-18 11:55:00,82.2,82.8,82.2,82.8,150,148500,80.0,82.4,82.8
16705,2021-03-18 11:56:00,81.8,81.8,81.8,81.8,225,148500,80.0,81.75,82.15
16706,2021-03-18 11:57:00,81.7,82.4,81.7,82.1,225,148500,80.0,82.5,82.95
16707,2021-03-18 11:58:00,82.4,82.55,82.4,82.55,225,148500,80.0,81.85,82.25
16708,2021-03-18 11:59:00,82.4,82.4,78.3,79.1,675,148500,80.0,78.35,78.8
16709,2021-03-18 12:00:00,77.8,77.8,76.65,77.2,600,148875,80.0,75.85,76.15
16710,2021-03-18 12:01:00,77.0,77.3,76.65,76.65,1575,148875,79.98,76.5,76.9
16711,2021-03-18 12:02:00,76.95,78.35,76.95,78.35,300,148875,79.97,78.1,78.45
16712,2021-03-18 12:03:00,78.1,80.2,78.1,80.2,150,148125,79.97,79.45,79.9
16713,2021-03-18 12:04:00,79.15,80.2,79.15,79.9,450,148125,79.97,79.55,79.95
16714,2021-03-18 12:05:00,81.4,81.4,80.9,80.9,375,148125,79.98,80.75,81.2
16715,2021-03-18 12:06:00,80.55,81.05,80.35,80.35,525,148650,79.98,79.6,80.0
16716,2021-03-18 12:07:00,79.8,79.8,79.8,79.8,75,148650,79.98,79.1,79.5
16717,2021-03-18 12:08:00,79.05,79.05,77.4,77.4,375,148650,79.97,77.7,78.1
16718,2021-03-18 12:09:00,77.75,78.35,77.75,78.35,300,149025,79.97,78.25,78.6
16719,2021-03-18 12:10:00,79.45,79.45,77.3,78.6,300,149025,79.97,77.8,78.15
16720,2021-03-18 12:11:00,77.5,77.5,76.25,76.25,600,149025,79.96,76.75,77.1
16721,2021-03-18 12:12:00,74.7,75.35,73.3,73.45,3675,148950,79.88,73.25,73.65
16722,2021-03-18 12:13:00,73.15,74.5,73.15,74.5,900,148950,79.86,73.75,74.15
16723,2021-03-18 12:14:00,73.4,73.6,71.75,71.85,825,148950,79.84,72.1,72.45
16724,2021-03-18 12:15:00,72.5,73.65,71.2,73.65,1575,147600,79.79,73.6,73.9
16725,2021-03-18 12:16:00,74.1,74.1,72.8,73.6,2325,147600,79.74,73.35,73.7
16726,2021-03-18 12:17:00,73.9,74.85,73.9,74.85,2700,147600,79.68,74.35,74.65
16727,2021-03-18 12:18:00,74.65,76.75,74.65,76.05,3300,148800,79.64,75.9,76.25
16728,2021-03-18 12:19:00,75.55,76.95,75.55,76.95,750,148800,79.63,76.25,76.5
16729,2021-03-18 12:20:00,76.6,77.9,76.6,77.9,1425,148800,79.62,77.95,78.2
16730,2021-03-18 12:21:00,77.85,77.85,76.15,76.15,1050,150075,79.61,76.5,76.75
16731,2021-03-18 12:22:00,76.5,76.55,76.25,76.4,450,150075,79.6,76.2,76.5
16732,2021-03-18 12:23:00,76.0,77.65,76.0,77.65,450,150075,79.6,78.05,78.25
16733,2021-03-18 12:24:00,77.35,77.4,76.55,76.75,675,149925,79.59,76.6,76.95
16734,2021-03-18 12:25:00,76.85,76.95,76.85,76.9,225,149925,79.59,76.65,77.0
16735,2021-03-18 12:26:00,76.85,76.95,76.85,76.9,225,149925,79.59,76.65,77.0
16736,2021-03-18 12:27:00,76.85,76.95,76.85,76.9,225,149925,79.59,76.65,77.0
16737,2021-03-18 12:28:00,75.3,75.65,73.2,75.0,4875,149775,79.48,74.95,75.3
16738,2021-03-18 12:29:00,75.3,75.3,75.3,75.3,75,149775,79.48,75.8,76.15
16739,2021-03-18 12:30:00,75.6,75.75,75.2,75.2,225,147300,79.48,74.75,75.2
16740,2021-03-18 12:31:00,76.25,77.25,76.25,77.25,600,147300,79.47,76.85,77.35
16741,2021-03-18 12:32:00,77.25,80.15,77.25,77.9,5550,147300,79.44,78.2,78.55
16742,2021-03-18 12:33:00,78.4,80.45,78.4,79.85,1050,148050,79.44,79.6,79.9
16743,2021-03-18 12:34:00,79.05,79.05,78.85,78.85,150,148050,79.44,78.55,78.85
16744,2021-03-18 12:35:00,80.1,80.1,77.45,77.45,1200,148050,79.44,77.45,77.85
16745,2021-03-18 12:36:00,77.5,78.65,77.5,78.65,600,147750,79.44,78.15,78.55
16746,2021-03-18 12:37:00,77.7,77.7,77.7,77.7,75,147750,79.44,77.7,78.0
16747,2021-03-18 12:38:00,77.15,77.15,77.0,77.0,300,147750,79.44,77.4,77.75
16748,2021-03-18 12:39:00,78.4,78.4,78.25,78.25,150,147375,79.43,78.25,78.7
16749,2021-03-18 12:40:00,77.9,78.55,77.9,78.55,225,147375,79.43,78.1,78.55
16750,2021-03-18 12:41:00,78.35,78.35,76.5,76.5,525,147375,79.43,75.6,76.0
16751,2021-03-18 12:42:00,76.6,76.6,76.6,76.6,225,147000,79.43,76.85,77.2
16752,2021-03-18 12:43:00,76.55,76.55,76.4,76.4,150,147000,79.43,76.05,76.35
16753,2021-03-18 12:44:00,76.7,77.7,76.65,76.65,525,147000,79.42,76.6,76.8
16754,2021-03-18 12:45:00,78.0,78.0,78.0,78.0,75,146925,79.42,77.8,78.1
16755,2021-03-18 12:46:00,78.95,79.05,78.8,78.8,450,146925,79.42,79.15,79.5
16756,2021-03-18 12:47:00,78.55,78.55,78.55,78.55,75,146925,79.42,77.95,78.25
16757,2021-03-18 12:48:00,78.55,78.55,78.55,78.55,75,146925,79.42,77.95,78.25
16758,2021-03-18 12:49:00,78.55,78.55,78.55,78.55,75,146925,79.42,77.95,78.25
16759,2021-03-18 12:50:00,78.55,78.55,78.55,78.55,75,146925,79.42,77.95,78.25
16760,2021-03-18 12:51:00,80.05,80.5,79.8,79.8,1350,146775,79.42,79.25,79.75
16761,2021-03-18 12:52:00,81.8,83.0,81.7,82.5,3000,146775,79.45,82.05,82.5
16762,2021-03-18 12:53:00,82.4,82.9,82.3,82.55,5775,146775,79.51,82.4,82.95
16763,2021-03-18 12:54:00,81.3,83.8,81.3,83.6,4725,153675,79.55,82.85,83.2
16764,2021-03-18 12:55:00,84.5,85.0,84.4,85.0,1725,153675,79.58,85.25,85.7
16765,2021-03-18 12:56:00,85.7,86.4,85.7,86.4,150,153675,79.58,85.7,86.35
16766,2021-03-18 12:57:00,86.25,88.85,86.25,88.45,3750,152925,79.68,88.45,88.8
16767,2021-03-18 12:58:00,87.95,88.4,85.75,86.9,825,152925,79.7,85.05,85.6
16768,2021-03-18 12:59:00,84.1,85.55,84.1,85.15,825,152925,79.72,86.35,86.8
16769,2021-03-18 13:00:00,87.8,89.0,87.8,88.5,2325,151650,79.79,88.45,88.95
16770,2021-03-18 13:01:00,88.55,88.8,87.3,88.8,975,151650,79.81,88.7,89.25
16771,2021-03-18 13:02:00,86.2,88.55,86.2,88.55,1125,151650,79.84,87.8,88.35
16772,2021-03-18 13:03:00,87.6,90.0,87.25,90.0,1950,150825,79.89,89.8,90.15
16773,2021-03-18 13:04:00,90.15,92.8,90.15,92.7,4950,150825,80.08,92.45,93.0
16774,2021-03-18 13:05:00,92.8,93.0,88.2,91.15,1350,150825,80.13,91.4,91.95
16775,2021-03-18 13:06:00,91.25,95.8,91.05,94.95,3675,151650,80.29,94.6,95.1
16776,2021-03-18 13:07:00,95.0,98.25,93.85,97.05,3600,151650,80.46,97.1,97.6
16777,2021-03-18 13:08:00,97.15,97.6,94.9,97.6,1350,151650,80.52,97.25,97.9
16778,2021-03-18 13:09:00,97.25,99.45,97.25,97.4,1575,153075,80.61,97.9,98.45
16779,2021-03-18 13:10:00,98.25,100.1,98.25,99.75,2325,153075,80.74,99.6,100.3
16780,2021-03-18 13:11:00,99.85,103.05,99.85,102.65,1050,153075,80.81,103.0,103.7
16781,2021-03-18 13:12:00,104.0,108.95,104.0,107.05,3825,153450,81.09,106.75,107.35
16782,2021-03-18 13:13:00,105.75,106.35,101.95,102.3,2250,153450,81.24,102.15,102.8
16783,2021-03-18 13:14:00,103.35,112.95,103.35,111.55,6375,153450,81.76,111.25,111.85
16784,2021-03-18 13:15:00,113.35,113.35,107.35,111.4,6600,157500,82.29,111.4,111.95
16785,2021-03-18 13:16:00,112.0,122.75,112.0,122.75,8550,157500,83.16,122.95,123.65
16786,2021-03-18 13:17:00,125.0,125.9,117.95,120.35,7275,157500,83.93,120.05,120.8
16787,2021-03-18 13:18:00,122.15,130.2,120.15,128.45,7725,162000,84.76,128.25,128.9
16788,2021-03-18 13:19:00,125.95,136.2,125.95,136.0,7725,162000,85.69,136.0,136.9
16789,2021-03-18 13:20:00,136.4,136.4,126.8,129.5,14475,162000,87.35,129.5,130.3
16790,2021-03-18 13:21:00,128.9,133.85,126.0,127.15,4575,161625,87.83,125.75,126.55
16791,2021-03-18 13:22:00,125.6,125.6,119.35,123.65,2625,161625,88.05,123.5,124.35
16792,2021-03-18 13:23:00,124.8,131.5,124.05,131.5,1575,161625,88.2,130.85,131.6
16793,2021-03-18 13:24:00,131.95,139.3,131.0,136.6,4125,166125,88.66,136.3,136.95
16794,2021-03-18 13:25:00,137.0,150.35,137.0,147.5,4950,166125,89.34,146.8,147.4
16795,2021-03-18 13:26:00,146.25,151.0,140.2,140.95,7125,166125,90.28,140.25,140.9
16796,2021-03-18 13:27:00,141.15,151.65,141.15,147.0,5025,165750,90.97,146.2,147.1
16797,2021-03-18 13:28:00,147.95,153.0,144.55,147.4,5925,165750,91.77,146.75,147.75
16798,2021-03-18 13:29:00,148.6,149.35,144.15,146.1,2250,165750,92.05,145.7,146.65
16799,2021-03-18 13:30:00,147.95,158.6,146.95,156.75,5325,163725,92.8,156.05,156.9
16800,2021-03-18 13:31:00,156.0,163.15,154.7,163.15,8250,163725,94.01,162.4,163.45
16801,2021-03-18 13:32:00,163.6,178.0,163.6,172.55,24525,163725,97.99,172.5,173.5
16802,2021-03-18 13:33:00,173.4,173.4,162.95,162.95,13200,168675,99.89,161.6,162.75
16803,2021-03-18 13:34:00,162.1,162.1,152.0,152.0,11400,168675,101.17,151.25,151.85
16804,2021-03-18 13:35:00,151.25,158.15,143.5,152.05,9450,168675,102.07,151.45,152.25
16805,2021-03-18 13:36:00,151.65,151.65,141.55,143.45,5325,172200,102.53,140.95,141.55
16806,2021-03-18 13:37:00,142.1,153.4,141.15,153.4,3225,172200,102.8,152.15,152.8
16807,2021-03-18 13:38:00,153.15,163.2,153.15,157.65,3675,172200,103.19,157.25,158.1
16808,2021-03-18 13:39:00,157.8,160.0,151.4,154.8,6075,168750,103.8,156.85,157.75
16809,2021-03-18 13:40:00,154.8,161.35,154.8,160.6,2775,168750,104.09,160.7,161.65
16810,2021-03-18 13:41:00,161.2,163.75,157.7,161.65,8325,168750,104.97,161.95,162.75
16811,2021-03-18 13:42:00,164.05,164.55,155.35,155.35,10950,169050,106.09,154.05,154.95
16812,2021-03-18 13:43:00,153.55,160.9,150.0,158.25,8550,169050,106.86,158.2,159.1
16813,2021-03-18 13:44:00,157.6,159.9,154.7,156.0,3300,169050,107.15,155.4,156.15
16814,2021-03-18 13:45:00,156.7,156.7,143.9,144.1,8250,168825,107.75,144.65,145.35
16815,2021-03-18 13:46:00,144.4,146.9,139.65,139.65,3600,168825,107.98,139.35,140.15
16816,2021-03-18 13:47:00,137.2,149.65,136.8,147.4,4500,168825,108.25,147.85,148.85
16817,2021-03-18 13:48:00,148.35,153.25,148.25,148.25,2925,174450,108.46,149.6,150.3
16818,2021-03-18 13:49:00,149.55,149.6,143.4,146.75,2100,174450,108.61,146.8,147.8
16819,2021-03-18 13:50:00,146.8,149.0,145.0,147.2,1425,174450,108.7,148.7,149.6
16820,2021-03-18 13:51:00,149.65,152.0,144.05,146.15,2550,171300,108.87,144.0,144.85
16821,2021-03-18 13:52:00,145.05,150.4,145.05,148.9,2250,171300,109.02,148.85,149.85
16822,2021-03-18 13:53:00,148.0,151.0,145.9,150.2,1275,171300,109.11,149.3,150.1
16823,2021-03-18 13:54:00,149.85,154.65,148.6,152.15,1950,169875,109.25,150.95,151.85
16824,2021-03-18 13:55:00,151.85,155.35,149.45,152.5,4875,169875,109.61,151.9,152.7
16825,2021-03-18 13:56:00,153.7,155.0,150.85,154.9,1200,169875,109.69,153.8,154.55
16826,2021-03-18 13:57:00,155.0,163.0,154.3,161.15,8925,169200,110.44,160.35,161.3
16827,2021-03-18 13:58:00,161.0,169.75,160.65,165.95,11175,169200,111.41,167.75,168.7
16828,2021-03-18 13:59:00,168.75,177.3,167.75,175.15,13050,169200,112.68,175.0,176.0
16829,2021-03-18 14:00:00,177.4,184.95,175.4,180.45,12525,165675,114.0,179.4,180.35
16830,2021-03-18 14:01:00,179.75,179.9,167.15,173.65,12450,165675,115.16,173.85,174.7
16831,2021-03-18 14:02:00,173.8,181.1,173.8,177.45,7800,165675,115.91,178.65,179.75
16832,2021-03-18 14:03:00,180.4,182.45,177.9,179.95,7425,159075,116.62,180.0,180.8
16833,2021-03-18 14:04:00,179.65,179.65,173.6,174.75,7575,159075,117.28,174.8,175.5
16834,2021-03-18 14:05:00,176.2,183.4,176.2,180.15,5925,159075,117.83,182.05,183.1
16835,2021-03-18 14:06:00,182.35,184.35,180.0,181.65,7125,154650,118.48,180.9,181.7
16836,2021-03-18 14:07:00,181.1,182.1,178.0,178.0,4500,154650,118.88,177.0,177.65
16837,2021-03-18 14:08:00,177.0,183.35,175.0,175.9,7650,154650,119.52,175.45,176.7
16838,2021-03-18 14:09:00,175.2,175.2,166.5,173.6,7050,157275,120.02,172.7,173.6
16839,2021-03-18 14:10:00,173.55,177.4,169.45,177.4,3525,157275,120.28,176.8,177.75
16840,2021-03-18 14:11:00,178.85,185.9,178.85,185.9,7950,157275,120.96,185.25,186.15
16841,2021-03-18 14:12:00,185.55,192.7,185.55,192.4,14775,160200,122.33,192.35,193.3
16842,2021-03-18 14:13:00,192.25,199.0,192.25,198.3,11250,160200,123.42,198.05,198.95
16843,2021-03-18 14:14:00,198.05,214.15,197.6,208.25,32250,160200,126.78,208.05,209.2
16844,2021-03-18 14:15:00,207.65,210.0,196.8,207.85,18150,162525,128.52,208.4,208.9
16845,2021-03-18 14:16:00,207.9,226.65,207.9,226.3,14700,162525,130.18,225.75,227.0
16846,2021-03-18 14:17:00,225.15,231.8,218.7,225.45,21600,162525,132.61,224.65,226.0
16847,2021-03-18 14:18:00,226.0,227.35,219.85,223.25,13575,152325,134.07,223.25,224.2
16848,2021-03-18 14:19:00,223.25,225.8,216.35,216.35,19575,152325,136.07,216.15,217.15
16849,2021-03-18 14:20:00,215.25,217.35,208.0,208.05,4650,152325,136.48,208.35,209.75
16850,2021-03-18 14:21:00,208.3,216.0,208.3,216.0,16575,145800,137.89,216.25,217.65
16851,2021-03-18 14:22:00,216.4,226.95,216.4,225.0,10425,145800,138.87,224.7,226.15
16852,2021-03-18 14:23:00,225.25,229.0,224.45,225.4,5100,145800,139.36,223.15,224.25
16853,2021-03-18 14:24:00,223.1,224.75,212.0,213.85,7725,138450,140.03,214.15,215.1
16854,2021-03-18 14:25:00,215.1,215.1,198.6,202.0,7350,138450,140.55,201.75,202.75
16855,2021-03-18 14:26:00,202.15,215.0,202.15,206.5,5850,138450,140.98,207.2,208.65
16856,2021-03-18 14:27:00,208.15,212.25,202.05,202.05,5025,135675,141.35,202.8,203.8
16857,2021-03-18 14:28:00,204.85,208.85,202.3,204.55,4800,135675,141.68,204.6,205.65
16858,2021-03-18 14:29:00,204.4,211.3,203.75,206.1,8700,135675,142.27,204.25,205.3
16859,2021-03-18 14:30:00,206.25,207.95,193.2,197.1,4650,134100,142.55,197.0,198.05
16860,2021-03-18 14:31:00,199.1,201.85,193.0,193.2,4950,134100,142.83,192.0,193.0
16861,2021-03-18 14:32:00,192.75,193.4,185.25,186.15,6900,134100,143.17,185.35,186.35
16862,2021-03-18 14:33:00,187.0,189.95,183.0,186.7,3675,133500,143.33,185.4,186.4
16863,2021-03-18 14:34:00,186.35,196.25,184.7,194.1,8175,133500,143.74,194.75,195.75
16864,2021-03-18 14:35:00,196.3,196.3,191.2,194.7,5550,133500,144.03,195.4,196.6
16865,2021-03-18 14:36:00,195.3,195.8,187.9,187.9,9075,136500,144.46,186.75,187.8
16866,2021-03-18 14:37:00,185.8,194.95,183.45,193.15,8700,136500,144.87,192.15,193.15
16867,2021-03-18 14:38:00,191.8,191.8,180.8,181.25,9375,136500,145.24,181.25,182.25
16868,2021-03-18 14:39:00,182.5,188.4,182.5,186.6,10050,145500,145.64,185.65,186.3
16869,2021-03-18 14:40:00,186.55,189.1,182.0,182.5,5025,145500,145.83,180.45,181.6
16870,2021-03-18 14:41:00,178.7,190.0,178.7,186.8,5100,145500,146.02,186.05,187.1
16871,2021-03-18 14:42:00,187.4,196.0,187.4,195.0,4500,146850,146.23,196.45,197.75
16872,2021-03-18 14:43:00,199.15,207.0,199.15,207.0,11400,146850,146.84,206.4,208.0
16873,2021-03-18 14:44:00,208.0,212.0,199.6,204.75,10950,146850,147.49,204.1,205.15
16874,2021-03-18 14:45:00,205.1,213.95,205.1,206.25,6675,145425,147.88,205.85,207.2
16875,2021-03-18 14:46:00,207.15,213.35,205.3,205.3,7125,145425,148.29,205.25,206.35
16876,2021-03-18 14:47:00,206.05,214.0,206.05,210.2,6525,145425,148.67,210.05,211.35
16877,2021-03-18 14:48:00,210.05,210.9,199.9,199.95,5250,144975,148.94,200.45,201.6
16878,2021-03-18 14:49:00,202.15,205.0,197.6,197.6,2925,144975,149.08,197.2,198.35
16879,2021-03-18 14:50:00,195.05,201.3,190.55,201.3,2700,144975,149.2,200.35,201.1
16880,2021-03-18 14:51:00,199.8,206.0,199.25,203.7,5700,141375,149.48,202.7,203.8
16881,2021-03-18 14:52:00,204.9,206.1,197.25,198.3,4275,141375,149.68,198.15,199.35
16882,2021-03-18 14:53:00,200.0,202.95,197.8,198.85,1575,141375,149.75,198.4,199.55
16883,2021-03-18 14:54:00,197.5,199.1,194.0,194.45,3525,140925,149.9,193.3,194.35
16884,2021-03-18 14:55:00,193.85,198.15,188.15,188.45,4125,140925,150.06,188.55,189.7
16885,2021-03-18 14:56:00,189.35,189.95,183.2,184.95,4200,140925,150.2,185.45,186.45
16886,2021-03-18 14:57:00,187.45,193.05,187.45,193.05,2625,143250,150.29,193.95,194.95
16887,2021-03-18 14:58:00,195.0,195.9,193.25,195.5,4275,143250,150.46,195.95,197.15
16888,2021-03-18 14:59:00,197.35,199.85,192.75,194.7,6600,143250,150.72,194.75,195.75
16889,2021-03-18 15:00:00,197.05,201.0,193.65,199.95,6150,138750,150.97,199.55,200.65
16890,2021-03-18 15:01:00,200.35,209.5,199.95,207.0,10050,138750,151.46,205.75,207.15
16891,2021-03-18 15:02:00,205.7,209.6,205.0,205.0,3150,138750,151.62,204.05,205.0
16892,2021-03-18 15:03:00,202.0,204.35,194.15,194.15,5775,143100,151.85,194.95,196.0
16893,2021-03-18 15:04:00,197.6,200.75,197.6,198.25,7800,143100,152.17,198.0,199.05
16894,2021-03-18 15:05:00,199.2,204.75,197.85,201.7,3975,143100,152.34,198.05,199.25
16895,2021-03-18 15:06:00,199.15,199.25,194.0,194.0,6375,146850,152.59,193.65,194.55
16896,2021-03-18 15:07:00,193.8,195.75,192.85,193.6,2325,146850,152.67,192.9,193.75
16897,2021-03-18 15:08:00,192.9,192.9,185.3,187.55,4425,146850,152.81,186.9,187.85
16898,2021-03-18 15:09:00,186.8,187.55,184.2,184.25,5100,149325,152.95,184.45,185.45
16899,2021-03-18 15:10:00,186.15,186.15,178.0,178.2,10350,149325,153.22,178.3,179.1
16900,2021-03-18 15:11:00,178.4,178.4,171.5,171.5,6000,149325,153.34,171.0,171.5
16901,2021-03-18 15:12:00,171.45,171.45,166.65,168.0,10200,156525,153.47,167.35,168.4
16902,2021-03-18 15:13:00,168.1,170.4,165.3,165.3,8025,156525,153.57,164.5,165.4
16903,2021-03-18 15:14:00,164.55,164.6,156.5,157.0,8400,156525,153.61,157.05,157.8
16904,2021-03-18 15:15:00,157.0,159.0,156.0,159.0,14100,159225,153.65,158.25,159.0
16905,2021-03-18 15:16:00,158.7,170.0,158.7,167.0,9675,159225,153.75,166.8,167.4
16906,2021-03-18 15:17:00,166.75,169.65,166.3,168.0,6600,159225,153.83,167.25,168.05
16907,2021-03-18 15:18:00,167.45,167.85,163.85,163.85,6525,162075,153.89,163.5,164.4
16908,2021-03-18 15:19:00,164.4,164.4,160.05,162.0,8850,162075,153.94,161.95,162.75
16909,2021-03-18 15:20:00,161.95,168.5,161.8,168.5,7200,162075,154.0,167.2,167.95
16910,2021-03-18 15:21:00,166.8,171.55,165.4,171.25,6225,162375,154.08,170.9,171.85
16911,2021-03-18 15:22:00,171.0,174.1,170.55,173.5,7650,162375,154.18,173.55,174.5
16912,2021-03-18 15:23:00,173.55,176.6,173.55,174.9,25950,162375,154.61,174.0,174.8
16913,2021-03-18 15:24:00,174.0,174.0,170.0,170.45,4800,169575,154.67,170.65,171.0
16914,2021-03-18 15:25:00,170.7,176.0,170.7,173.55,9000,169575,154.8,173.75,174.6
16915,2021-03-18 15:26:00,174.5,175.35,173.15,173.15,4875,169575,154.88,173.15,174.1
16916,2021-03-18 15:27:00,172.9,175.0,167.55,167.55,11700,178275,155.03,167.55,168.2
16917,2021-03-18 15:28:00,167.55,170.3,166.0,170.25,7950,178275,155.11,168.9,169.9
16918,2021-03-18 15:29:00,167.55,170.3,166.0,170.25,7950,178275,155.11,168.9,169.9
16919,2021-03-18 15:30:00,169.9,169.9,162.0,162.0,5475,178275,155.15,162.0,168.8
16920,2021-03-19 09:15:00,199.95,230.75,199.95,221.1,25650,164475,220.58,221.4,223.75
16921,2021-03-19 09:16:00,224.1,225.95,213.55,225.15,23250,164475,220.39,224.5,225.6
16922,2021-03-19 09:17:00,224.9,239.5,224.9,239.2,23475,161775,224.4,238.5,239.95
16923,2021-03-19 09:18:00,238.7,254.35,238.7,251.0,27000,161775,230.69,249.6,251.35
16924,2021-03-19 09:19:00,250.8,263.85,249.75,262.95,17250,161775,235.01,262.25,263.45
16925,2021-03-19 09:20:00,258.1,258.1,237.85,251.6,33300,171525,238.22,250.75,251.8
16926,2021-03-19 09:21:00,250.0,258.9,249.4,255.5,31200,171525,240.99,255.25,256.4
16927,2021-03-19 09:22:00,253.85,254.05,240.7,247.65,28575,171525,241.82,247.05,248.55
16928,2021-03-19 09:23:00,249.0,255.0,248.25,252.05,10800,177600,242.29,250.15,251.25
16929,2021-03-19 09:24:00,249.6,257.5,246.65,257.4,14700,177600,242.95,256.85,258.2
16930,2021-03-19 09:25:00,257.2,265.5,257.2,262.05,25425,177600,244.86,260.85,262.2
16931,2021-03-19 09:26:00,261.35,275.5,255.55,271.8,17625,195750,246.26,270.75,271.9
16932,2021-03-19 09:27:00,273.25,293.45,273.25,287.1,32250,195750,250.32,287.3,288.35
16933,2021-03-19 09:28:00,286.0,288.3,278.85,287.25,20025,195750,252.35,286.75,287.9
16934,2021-03-19 09:29:00,290.0,297.0,284.65,290.4,11550,207150,253.69,290.35,291.6
16935,2021-03-19 09:30:00,293.0,310.0,293.0,300.0,19575,207150,256.31,299.25,301.15
16936,2021-03-19 09:31:00,298.0,305.35,289.8,304.05,28650,207150,259.13,302.85,305.0
16937,2021-03-19 09:32:00,304.1,304.1,291.0,297.2,5925,208950,259.71,297.2,298.5
16938,2021-03-19 09:33:00,295.75,302.2,295.0,297.45,4950,208950,260.2,296.25,298.0
16939,2021-03-19 09:34:00,295.6,295.6,280.0,283.5,9075,208950,260.78,283.55,285.35
16940,2021-03-19 09:35:00,283.55,286.25,267.9,273.8,10200,201225,261.2,273.65,274.75
16941,2021-03-19 09:36:00,272.5,291.3,269.2,288.25,10050,201225,261.66,288.5,289.55
16942,2021-03-19 09:37:00,288.8,295.0,288.55,288.55,5775,201225,262.05,287.75,288.9
16943,2021-03-19 09:38:00,285.65,287.35,276.65,276.75,4875,195975,262.27,277.5,278.65
16944,2021-03-19 09:39:00,275.0,283.05,269.4,281.15,6675,195975,262.49,280.35,281.7
16945,2021-03-19 09:40:00,278.3,278.3,262.3,268.15,9525,195975,262.6,266.0,267.05
16946,2021-03-19 09:41:00,265.5,274.4,264.15,264.15,6525,197475,262.71,263.9,265.05
16947,2021-03-19 09:42:00,262.0,266.65,258.85,266.3,7350,197475,262.71,265.15,266.65
16948,2021-03-19 09:43:00,264.65,265.2,259.0,262.9,5550,197475,262.72,260.55,261.4
16949,2021-03-19 09:44:00,259.8,268.75,256.95,268.75,4875,199200,262.7,267.85,269.1
16950,2021-03-19 09:45:00,267.6,276.75,267.55,273.45,13350,199200,262.97,272.9,274.35
16951,2021-03-19 09:46:00,274.7,274.7,264.15,269.0,5175,199200,263.03,268.65,269.65
16952,2021-03-19 09:47:00,271.5,271.5,256.4,258.2,2400,196350,263.03,258.8,259.9
16953,2021-03-19 09:48:00,258.25,258.8,249.75,253.65,12150,196350,262.81,253.4,254.3
16954,2021-03-19 09:49:00,254.0,263.0,250.2,261.7,8475,196350,262.73,258.1,259.05
16955,2021-03-19 09:50:00,258.3,258.3,250.0,253.25,6825,193050,262.62,252.6,253.4
16956,2021-03-19 09:51:00,253.2,256.15,248.05,256.0,10350,193050,262.39,255.8,256.75
16957,2021-03-19 09:52:00,257.9,258.0,249.85,249.85,3600,193050,262.32,248.5,249.5
16958,2021-03-19 09:53:00,248.35,248.35,239.85,243.2,13425,193050,261.87,243.4,244.2
16959,2021-03-19 09:54:00,244.7,245.0,236.15,236.15,8700,193050,261.53,235.15,236.25
16960,2021-03-19 09:55:00,235.0,240.25,230.0,239.25,15075,193050,260.79,237.8,238.55
16961,2021-03-19 09:56:00,237.7,248.7,237.7,241.6,17325,196050,260.31,241.5,242.55
16962,2021-03-19 09:57:00,242.55,242.55,234.6,235.65,11175,196050,259.91,234.05,235.0
16963,2021-03-19 09:58:00,235.55,246.8,235.55,241.8,6075,196050,259.72,240.3,241.25
16964,2021-03-19 09:59:00,239.5,244.65,234.05,235.6,9000,199500,259.41,233.8,234.8
16965,2021-03-19 10:00:00,232.0,241.95,228.15,241.0,9300,199500,259.02,240.6,241.65
16966,2021-03-19 10:01:00,241.9,247.6,240.0,247.6,8025,199500,258.83,245.85,246.8
16967,2021-03-19 10:02:00,246.95,246.95,238.9,238.9,3000,199575,258.76,239.3,240.05
16968,2021-03-19 10:03:00,235.0,237.2,224.7,228.35,7650,199575,258.42,227.8,228.9
16969,2021-03-19 10:04:00,227.55,232.9,223.6,229.0,5550,199575,258.17,228.95,230.1
16970,2021-03-19 10:05:00,230.5,237.8,229.75,232.25,7125,199950,257.91,231.0,232.0
16971,2021-03-19 10:06:00,231.0,233.1,223.85,224.45,7200,199950,257.6,223.95,224.9
16972,2021-03-19 10:07:00,223.3,223.3,215.95,216.55,21825,199950,256.38,215.5,216.15
16973,2021-03-19 10:08:00,216.5,225.5,216.4,221.95,7875,203325,255.99,220.6,221.55
16974,2021-03-19 10:09:00,219.25,222.05,208.75,208.75,21225,203325,254.81,207.95,208.8
16975,2021-03-19 10:10:00,205.55,213.15,201.7,213.15,34650,203325,252.61,213.3,214.3
16976,2021-03-19 10:11:00,213.35,219.6,210.65,216.75,14175,205500,251.95,216.6,217.35
16977,2021-03-19 10:12:00,216.65,216.65,208.9,212.8,11925,205500,251.34,212.55,213.45
16978,2021-03-19 10:13:00,207.95,216.4,207.0,213.9,9675,205500,250.85,213.25,213.95
16979,2021-03-19 10:14:00,213.25,217.0,211.1,216.05,11775,204975,250.3,215.45,216.4
16980,2021-03-19 10:15:00,216.35,216.75,208.1,212.15,18825,204975,249.4,212.55,213.4
16981,2021-03-19 10:16:00,213.9,230.35,213.9,225.2,21000,204975,248.75,225.05,226.1
16982,2021-03-19 10:17:00,224.6,224.8,218.35,221.5,8175,207525,248.49,221.35,222.35
16983,2021-03-19 10:18:00,219.55,227.5,219.55,226.0,6675,207525,248.3,225.6,226.5
16984,2021-03-19 10:19:00,226.55,228.1,222.0,226.55,5625,207525,248.15,226.0,226.8
16985,2021-03-19 10:20:00,226.55,238.8,225.25,235.3,18675,210375,247.83,236.0,237.1
16986,2021-03-19 10:21:00,237.0,240.0,231.2,232.0,9825,210375,247.69,230.9,231.85
16987,2021-03-19 10:22:00,230.0,232.7,225.1,225.1,5625,210375,247.58,225.0,225.1
16988,2021-03-19 10:23:00,224.55,225.3,215.5,217.6,6900,208050,247.36,216.25,217.15
16989,2021-03-19 10:24:00,216.3,218.15,197.0,197.0,18825,208050,246.48,196.65,196.95
16990,2021-03-19 10:25:00,194.5,195.1,183.45,192.7,33975,208050,244.5,192.05,192.95
16991,2021-03-19 10:26:00,191.65,203.7,191.65,201.9,24600,204900,243.34,200.5,201.5
16992,2021-03-19 10:27:00,200.25,202.0,193.6,196.95,17400,204900,242.55,196.25,197.0
16993,2021-03-19 10:28:00,197.45,203.2,196.0,200.7,21975,204900,241.63,200.65,201.4
16994,2021-03-19 10:29:00,201.1,205.9,200.4,201.2,14550,211875,241.09,200.5,201.55
16995,2021-03-19 10:30:00,199.0,199.0,192.95,195.75,19500,211875,240.25,194.9,195.7
16996,2021-03-19 10:31:00,196.75,207.6,196.75,207.0,18975,211875,239.59,207.0,207.9
16997,2021-03-19 10:32:00,206.95,212.8,205.0,205.75,19350,215550,239.06,205.7,206.45
16998,2021-03-19 10:33:00,206.45,211.3,205.2,208.65,12900,215550,238.71,208.6,209.7
16999,2021-03-19 10:34:00,207.75,209.4,200.85,202.9,9750,215550,238.42,201.85,202.85
17000,2021-03-19 10:35:00,201.5,201.5,195.35,199.05,25950,224775,237.5,199.05,200.0
17001,2021-03-19 10:36:00,199.75,212.0,199.75,212.0,24750,224775,236.84,211.45,212.0
17002,2021-03-19 10:37:00,211.65,217.55,209.0,209.0,18075,224775,236.49,208.0,208.9
17003,2021-03-19 10:38:00,208.0,208.4,203.15,207.45,11400,246075,236.21,206.85,207.95
17004,2021-03-19 10:39:00,206.75,206.75,198.45,205.5,17250,246075,235.72,204.6,205.65
17005,2021-03-19 10:40:00,204.35,205.65,195.3,195.3,14700,246075,235.28,195.25,196.25
17006,2021-03-19 10:41:00,196.05,201.85,195.2,201.35,16500,259350,234.79,201.4,202.25
17007,2021-03-19 10:42:00,202.5,205.55,200.45,202.9,11250,259350,234.51,202.85,203.85
17008,2021-03-19 10:43:00,202.7,207.9,200.55,200.55,11775,259350,234.23,200.25,201.2
17009,2021-03-19 10:44:00,201.55,209.5,201.55,206.85,8625,265275,234.04,207.45,208.0
17010,2021-03-19 10:45:00,207.85,212.55,207.25,212.2,15975,265275,233.74,211.4,212.2
17011,2021-03-19 10:46:00,211.5,215.55,210.6,212.3,17175,265275,233.47,212.15,213.1
17012,2021-03-19 10:47:00,213.85,213.85,198.0,198.0,30525,276150,232.79,197.15,198.35
17013,2021-03-19 10:48:00,197.5,197.5,177.8,180.35,78975,276150,230.16,179.45,180.0
17014,2021-03-19 10:49:00,179.35,183.65,175.7,178.05,37650,276150,228.89,177.45,178.15
17015,2021-03-19 10:50:00,176.95,191.7,176.95,189.8,54525,276150,227.37,188.75,189.3
17016,2021-03-19 10:51:00,189.8,193.45,186.2,191.35,44700,276150,226.29,190.7,191.6
17017,2021-03-19 10:52:00,191.6,192.55,183.95,188.0,25950,276150,225.64,188.05,188.65
17018,2021-03-19 10:53:00,188.0,188.0,179.0,180.95,44850,288525,224.47,180.7,181.7
17019,2021-03-19 10:54:00,181.55,183.55,175.5,175.5,61950,288525,222.83,175.2,176.0
17020,2021-03-19 10:55:00,177.1,181.75,173.95,181.5,50400,288525,221.54,180.1,180.9
17021,2021-03-19 10:56:00,181.35,185.0,179.95,184.55,19425,317775,221.12,184.0,184.7
17022,2021-03-19 10:57:00,184.15,188.95,183.4,187.0,32325,317775,220.47,186.25,186.9
17023,2021-03-19 10:58:00,187.05,187.75,181.2,184.15,16050,317775,220.16,183.2,183.8
17024,2021-03-19 10:59:00,182.0,182.7,173.6,174.2,24825,321375,219.58,173.5,173.95
17025,2021-03-19 11:00:00,170.4,170.4,162.15,164.8,100650,321375,216.84,164.4,165.0
17026,2021-03-19 11:01:00,165.0,170.3,164.15,170.3,27375,321375,216.14,170.2,170.4
17027,2021-03-19 11:02:00,170.4,171.35,167.2,169.1,19950,327600,215.67,169.15,169.8
17028,2021-03-19 11:03:00,169.8,170.3,162.4,163.85,34500,327600,214.81,163.4,164.35
17029,2021-03-19 11:04:00,165.0,169.75,164.75,166.5,19050,327600,214.37,165.45,166.15
17030,2021-03-19 11:05:00,165.2,165.2,156.7,160.3,33900,328050,213.49,160.35,161.0
17031,2021-03-19 11:06:00,160.25,165.2,160.25,164.25,29925,328050,212.76,164.15,164.8
17032,2021-03-19 11:07:00,163.9,168.6,163.1,168.35,12975,328050,212.47,168.15,168.8
17033,2021-03-19 11:08:00,168.6,168.6,160.4,162.5,18150,336525,212.06,162.55,163.3
17034,2021-03-19 11:09:00,162.0,171.95,162.0,169.0,21450,336525,211.63,168.6,169.35
17035,2021-03-19 11:10:00,169.3,169.4,160.1,164.05,16875,336525,211.26,163.45,164.2
17036,2021-03-19 11:11:00,164.85,166.9,161.05,161.85,9825,337725,211.04,161.05,161.85
17037,2021-03-19 11:12:00,160.25,164.15,153.8,162.4,26550,337725,210.42,161.3,161.9
17038,2021-03-19 11:13:00,161.65,164.85,158.65,162.35,9225,337725,210.21,162.3,162.95
17039,2021-03-19 11:14:00,163.0,168.55,160.0,167.9,8775,339150,210.03,168.05,168.8
17040,2021-03-19 11:15:00,169.0,170.7,163.25,170.0,19125,339150,209.66,169.85,170.55
17041,2021-03-19 11:16:00,170.9,177.4,170.0,175.25,35100,339150,209.1,174.7,175.15
17042,2021-03-19 11:17:00,174.15,179.0,171.5,175.0,29925,336975,208.67,175.3,175.7
17043,2021-03-19 11:18:00,176.0,187.65,176.0,187.6,48225,336975,208.13,186.9,187.6
17044,2021-03-19 11:19:00,188.8,190.0,175.2,177.0,38100,336975,207.73,176.65,177.25
17045,2021-03-19 11:20:00,175.7,185.35,173.75,184.3,28950,340800,207.38,183.2,183.75
17046,2021-03-19 11:21:00,184.55,186.1,178.25,178.25,34275,340800,207.04,178.3,178.9
17047,2021-03-19 11:22:00,178.55,183.85,176.35,180.0,14625,340800,206.88,180.15,180.6
17048,2021-03-19 11:23:00,180.4,181.4,174.5,177.8,16125,347100,206.68,177.3,177.9
17049,2021-03-19 11:24:00,176.55,185.0,175.0,185.0,17775,347100,206.49,184.25,184.85
17050,2021-03-19 11:25:00,183.7,195.5,183.15,194.75,56100,347100,206.12,194.05,194.7
17051,2021-03-19 11:26:00,194.8,196.0,185.25,186.35,56775,343200,205.82,185.6,186.25
17052,2021-03-19 11:27:00,187.95,191.25,185.0,186.5,28725,343200,205.63,185.9,186.55
17053,2021-03-19 11:28:00,187.9,187.9,175.95,177.65,39525,343200,205.25,177.45,177.95
17054,2021-03-19 11:29:00,178.3,183.0,178.3,182.25,22350,350925,205.05,181.3,181.9
17055,2021-03-19 11:30:00,182.0,188.55,177.15,178.3,31800,350925,204.78,177.75,178.35
17056,2021-03-19 11:31:00,176.8,188.0,176.8,183.15,23100,350925,204.6,183.25,183.9
17057,2021-03-19 11:32:00,184.15,187.95,178.2,187.2,29175,356775,204.37,186.95,187.5
17058,2021-03-19 11:33:00,188.75,193.7,186.6,189.5,31575,356775,204.2,188.8,189.45
17059,2021-03-19 11:34:00,189.45,192.65,184.9,191.4,26100,356775,204.06,191.4,192.0
17060,2021-03-19 11:35:00,191.2,200.8,191.2,193.25,65175,356025,203.9,193.5,194.45
17061,2021-03-19 11:36:00,193.3,198.4,190.7,196.3,36150,356025,203.79,195.7,196.8
17062,2021-03-19 11:37:00,197.4,199.0,183.0,186.95,44475,356025,203.6,186.2,187.0
17063,2021-03-19 11:38:00,186.9,194.1,185.4,192.8,30825,366375,203.46,192.1,193.0
17064,2021-03-19 11:39:00,193.0,197.2,191.9,193.6,25125,366375,203.39,192.7,193.55
17065,2021-03-19 11:40:00,193.05,198.7,189.3,198.7,26325,366375,203.31,198.05,199.0
17066,2021-03-19 11:41:00,198.7,200.7,197.0,199.25,29775,377400,203.26,199.35,200.0
17067,2021-03-19 11:42:00,200.6,204.0,199.6,204.0,39000,377400,203.25,204.05,204.7
17068,2021-03-19 11:43:00,204.65,205.65,197.4,204.5,35250,377400,203.24,204.35,205.1
17069,2021-03-19 11:44:00,205.5,206.65,203.0,203.0,25050,360150,203.25,203.1,203.9
17070,2021-03-19 11:45:00,203.05,214.2,197.35,211.65,46425,360150,203.28,211.1,211.9
17071,2021-03-19 11:46:00,212.65,214.7,209.5,212.8,27375,360150,203.36,212.6,213.15
17072,2021-03-19 11:47:00,212.9,214.95,207.0,210.0,30450,348750,203.43,209.55,210.35
17073,2021-03-19 11:48:00,209.0,212.85,205.15,212.85,22575,348750,203.47,212.9,213.85
17074,2021-03-19 11:49:00,212.7,212.7,199.1,203.85,22275,348750,203.48,203.0,203.85
17075,2021-03-19 11:50:00,203.95,209.1,197.15,197.7,23025,348750,203.48,196.55,197.4
17076,2021-03-19 11:51:00,196.1,204.25,196.1,204.25,26850,343950,203.45,204.3,205.0
17077,2021-03-19 11:52:00,205.0,205.0,199.2,200.4,16350,343950,203.44,199.3,200.15
17078,2021-03-19 11:53:00,199.15,204.15,189.55,191.55,30450,343950,203.37,190.35,191.1
17079,2021-03-19 11:54:00,191.3,191.55,180.95,187.15,28500,347625,203.22,187.7,188.05
17080,2021-03-19 11:55:00,188.0,189.3,183.75,189.0,12225,347625,203.16,189.2,189.75
17081,2021-03-19 11:56:00,189.9,196.05,189.35,195.95,28800,347625,203.08,194.9,195.5
17082,2021-03-19 11:57:00,196.5,197.15,187.35,189.9,17100,352425,203.03,189.25,189.95
17083,2021-03-19 11:58:00,189.95,191.0,184.45,184.45,17250,352425,202.95,184.0,184.35
17084,2021-03-19 11:59:00,183.25,184.55,176.45,182.4,31725,352425,202.75,181.5,182.05
17085,2021-03-19 12:00:00,180.45,186.45,178.5,186.45,22725,361500,202.62,186.55,187.15
17086,2021-03-19 12:01:00,187.6,191.25,182.6,190.0,22800,361500,202.53,189.85,190.5
17087,2021-03-19 12:02:00,189.55,194.0,186.55,190.65,16050,361500,202.48,190.5,191.1
17088,2021-03-19 12:03:00,191.8,199.2,191.1,199.2,22575,365700,202.44,198.7,200.0
17089,2021-03-19 12:04:00,197.4,198.15,191.9,196.35,22725,365700,202.4,196.4,197.0
17090,2021-03-19 12:05:00,196.4,198.0,191.7,194.15,14400,365700,202.37,193.65,194.0
17091,2021-03-19 12:06:00,194.0,194.65,188.7,189.2,20475,365325,202.31,188.35,189.0
17092,2021-03-19 12:07:00,188.25,200.55,188.25,200.55,23625,365325,202.27,199.6,200.35
17093,2021-03-19 12:08:00,199.75,206.4,197.05,203.5,28350,365325,202.27,203.45,204.2
17094,2021-03-19 12:09:00,204.95,205.35,198.4,201.6,19650,367425,202.27,200.7,201.6
17095,2021-03-19 12:10:00,202.15,207.95,201.8,206.4,25800,367425,202.29,204.25,205.05
17096,2021-03-19 12:11:00,204.65,208.25,200.3,205.0,18825,367425,202.3,204.85,205.45
17097,2021-03-19 12:12:00,204.95,212.4,204.75,210.55,17175,366900,202.33,210.6,211.35
17098,2021-03-19 12:13:00,210.85,210.85,205.55,208.05,19575,366900,202.35,207.85,208.65
17099,2021-03-19 12:14:00,209.35,213.55,205.5,205.6,29550,366900,202.42,206.0,206.85
17100,2021-03-19 12:15:00,205.65,214.5,205.65,212.8,18600,359025,202.46,213.0,213.95
17101,2021-03-19 12:16:00,214.0,222.7,213.6,218.65,52500,359025,202.68,217.55,218.3
17102,2021-03-19 12:17:00,218.6,222.15,212.8,213.4,24075,359025,202.76,212.4,213.35
17103,2021-03-19 12:18:00,213.5,213.7,197.7,201.15,49275,349275,202.77,200.1,200.85
17104,2021-03-19 12:19:00,201.3,203.2,193.95,197.45,22125,349275,202.75,197.3,198.1
17105,2021-03-19 12:20:00,197.75,199.15,185.15,189.0,37950,349275,202.63,188.3,189.2
17106,2021-03-19 12:21:00,189.15,196.45,189.05,194.0,30750,362100,202.55,193.15,194.0
17107,2021-03-19 12:22:00,193.5,199.25,193.35,198.05,31200,362100,202.5,197.75,198.6
17108,2021-03-19 12:23:00,198.4,198.9,193.3,194.8,14400,362100,202.48,194.5,195.25
17109,2021-03-19 12:24:00,193.8,198.55,193.8,196.8,6225,365475,202.47,196.4,197.2
17110,2021-03-19 12:25:00,197.4,202.45,196.8,201.15,9825,365475,202.46,200.55,201.3
17111,2021-03-19 12:26:00,201.5,204.0,196.2,197.75,22200,365475,202.45,198.4,199.2
17112,2021-03-19 12:27:00,198.65,199.45,185.1,191.05,21975,369600,202.39,190.75,191.45
17113,2021-03-19 12:28:00,191.45,191.45,178.85,184.6,32700,369600,202.25,184.15,184.8
17114,2021-03-19 12:29:00,185.55,192.0,183.8,191.05,25725,369600,202.17,191.05,191.8
17115,2021-03-19 12:30:00,189.2,195.95,188.95,194.7,22875,377850,202.11,194.3,194.8
17116,2021-03-19 12:31:00,195.3,196.55,189.9,192.8,11175,377850,202.09,192.55,193.3
17117,2021-03-19 12:32:00,193.0,195.55,190.0,192.05,11700,377850,202.07,190.7,191.55
17118,2021-03-19 12:33:00,192.65,195.0,191.85,192.65,15675,384750,202.04,192.45,193.1
17119,2021-03-19 12:34:00,192.6,193.4,185.0,187.35,26325,384750,201.95,186.4,187.15
17120,2021-03-19 12:35:00,187.2,187.2,180.5,182.7,16500,384750,201.88,182.1,182.85
17121,2021-03-19 12:36:00,181.0,181.0,163.1,163.65,72075,386925,201.38,163.75,164.3
17122,2021-03-19 12:37:00,165.75,172.45,165.75,170.6,32325,386925,201.15,170.05,170.65
17123,2021-03-19 12:38:00,170.9,175.0,170.9,173.8,25350,386925,200.99,173.3,173.8
17124,2021-03-19 12:39:00,173.85,175.45,170.45,174.75,13500,394650,200.91,174.25,174.7
17125,2021-03-19 12:40:00,174.5,176.45,169.7,176.45,19350,394650,200.79,176.3,176.85
17126,2021-03-19 12:41:00,175.55,182.6,175.0,181.0,24600,394650,200.67,181.1,181.5
17127,2021-03-19 12:42:00,180.65,189.1,179.45,187.65,33450,401400,200.55,187.7,188.2
17128,2021-03-19 12:43:00,187.75,188.8,182.85,188.6,22950,401400,200.48,188.45,188.85
17129,2021-03-19 12:44:00,189.3,191.65,186.5,190.9,28350,401400,200.41,190.0,190.4
17130,2021-03-19 12:45:00,190.0,195.7,190.0,192.2,36525,403200,200.36,192.15,192.65
17131,2021-03-19 12:46:00,192.1,192.1,182.55,183.8,27825,403200,200.28,182.9,183.55
17132,2021-03-19 12:47:00,183.05,183.05,175.8,177.75,37125,403200,200.11,178.0,178.5
17133,2021-03-19 12:48:00,177.85,179.7,176.0,178.5,26700,401475,199.99,178.65,179.35
17134,2021-03-19 12:49:00,179.5,180.35,169.25,170.0,22800,401475,199.87,169.7,170.2
17135,2021-03-19 12:50:00,169.65,177.55,169.65,177.55,19050,401475,199.76,177.55,178.0
17136,2021-03-19 12:51:00,177.55,180.1,174.3,174.4,13575,407475,199.7,174.2,174.6
17137,2021-03-19 12:52:00,173.05,176.25,171.35,171.8,23475,407475,199.58,171.55,172.15
17138,2021-03-19 12:53:00,171.95,172.5,164.1,169.85,36900,407475,199.34,169.75,170.25
17139,2021-03-19 12:54:00,169.85,172.0,168.0,169.8,12750,414600,199.26,170.4,170.95
17140,2021-03-19 12:55:00,170.65,176.35,170.55,173.85,18075,414600,199.17,173.25,173.85
17141,2021-03-19 12:56:00,174.0,178.0,173.3,175.95,21525,414600,199.07,175.7,176.3
17142,2021-03-19 12:57:00,176.9,182.25,175.8,181.0,17475,417825,198.99,180.9,181.6
17143,2021-03-19 12:58:00,181.8,182.45,179.65,181.0,21900,417825,198.92,181.25,181.7
17144,2021-03-19 12:59:00,181.8,184.0,180.15,181.4,11700,417825,198.88,181.75,182.4
17145,2021-03-19 13:00:00,182.5,187.15,182.0,183.5,25800,411600,198.8,182.95,183.55
17146,2021-03-19 13:01:00,183.05,183.45,175.8,176.9,22500,411600,198.71,176.95,177.75
17147,2021-03-19 13:02:00,177.2,178.05,171.75,173.7,14400,411600,198.64,173.0,173.8
17148,2021-03-19 13:03:00,173.0,177.55,171.7,172.7,9600,415050,198.6,172.5,172.95
17149,2021-03-19 13:04:00,172.8,177.0,172.8,175.2,9150,415050,198.56,175.35,175.9
17150,2021-03-19 13:05:00,176.45,181.3,176.15,180.15,17925,415050,198.49,179.65,180.2
17151,2021-03-19 13:06:00,179.8,181.25,174.5,175.0,13050,420150,198.44,174.5,175.1
17152,2021-03-19 13:07:00,175.5,181.75,175.5,181.6,8175,420150,198.41,180.7,181.1
17153,2021-03-19 13:08:00,180.75,187.9,180.75,185.65,24075,420150,198.34,185.45,186.0
17154,2021-03-19 13:09:00,184.85,186.3,179.0,182.8,36675,420600,198.23,182.3,182.85
17155,2021-03-19 13:10:00,181.4,186.35,180.4,180.6,21750,420600,198.17,180.4,181.0
17156,2021-03-19 13:11:00,180.65,184.85,177.05,177.3,18825,420600,198.11,176.65,177.05
17157,2021-03-19 13:12:00,177.55,177.55,171.0,171.0,25050,426525,198.0,170.2,170.75
17158,2021-03-19 13:13:00,171.1,176.35,166.9,176.35,33675,426525,197.82,176.05,176.4
17159,2021-03-19 13:14:00,176.1,176.45,171.8,174.25,20625,426525,197.73,173.9,174.4
17160,2021-03-19 13:15:00,174.5,175.3,169.15,172.85,11175,429150,197.68,171.9,172.7
17161,2021-03-19 13:16:00,173.0,175.0,171.45,174.4,8250,429150,197.64,174.9,175.35
17162,2021-03-19 13:17:00,174.9,180.45,174.85,177.5,19275,429150,197.57,177.35,177.9
17163,2021-03-19 13:18:00,178.5,178.5,166.35,168.5,26700,433350,197.43,167.2,168.05
17164,2021-03-19 13:19:00,167.15,173.45,167.15,170.9,24525,433350,197.31,171.25,171.9
17165,2021-03-19 13:20:00,171.9,174.0,160.1,161.35,43350,433350,197.05,161.25,161.9
17166,2021-03-19 13:21:00,160.35,167.55,158.3,161.05,31575,438975,196.86,160.65,161.25
17167,2021-03-19 13:22:00,160.65,161.8,150.05,152.35,52575,438975,196.46,152.35,153.05
17168,2021-03-19 13:23:00,152.7,157.05,151.7,156.95,27900,438975,196.26,156.85,157.45
17169,2021-03-19 13:24:00,156.2,159.15,154.95,157.6,23325,426450,196.09,156.5,157.1
17170,2021-03-19 13:25:00,156.85,160.5,152.15,160.3,24225,426450,195.92,159.7,160.35
17171,2021-03-19 13:26:00,159.9,162.75,157.75,157.75,18675,426450,195.81,157.45,158.15
17172,2021-03-19 13:27:00,158.7,158.7,153.95,156.8,28875,426825,195.6,156.25,156.8
17173,2021-03-19 13:28:00,156.2,162.25,156.2,161.9,17400,426825,195.49,161.9,162.5
17174,2021-03-19 13:29:00,163.0,166.55,162.55,166.0,21900,426825,195.37,165.85,166.4
17175,2021-03-19 13:30:00,167.05,178.35,167.05,170.0,66525,422025,195.12,169.65,170.2
17176,2021-03-19 13:31:00,169.6,170.8,156.35,157.0,38475,422025,194.92,156.1,156.65
17177,2021-03-19 13:32:00,156.0,157.25,148.1,156.3,62550,422025,194.47,156.0,156.45
17178,2021-03-19 13:33:00,156.4,164.0,154.65,164.0,23475,412875,194.34,163.8,164.3
17179,2021-03-19 13:34:00,162.4,164.0,156.9,159.05,26325,412875,194.19,158.1,158.3
17180,2021-03-19 13:35:00,158.7,164.7,158.7,161.7,24900,412875,194.05,161.05,161.55
17181,2021-03-19 13:36:00,161.05,161.05,152.9,155.05,18525,417825,193.93,155.4,155.9
17182,2021-03-19 13:37:00,156.1,161.1,154.0,157.7,19650,417825,193.81,157.85,158.2
17183,2021-03-19 13:38:00,158.4,162.8,154.0,154.0,25425,417825,193.67,154.0,154.55
17184,2021-03-19 13:39:00,155.3,162.0,152.9,157.0,16500,417150,193.57,156.4,157.0
17185,2021-03-19 13:40:00,157.15,157.15,142.4,155.0,47775,417150,193.23,154.95,155.35
17186,2021-03-19 13:41:00,155.1,159.85,153.0,159.85,25275,417150,193.08,159.25,159.9
17187,2021-03-19 13:42:00,160.55,168.0,159.85,165.05,32250,421650,192.93,164.3,164.95
17188,2021-03-19 13:43:00,164.95,168.0,157.0,157.0,27600,421650,192.8,157.45,158.25
17189,2021-03-19 13:44:00,158.9,165.1,158.0,164.4,20400,421650,192.7,164.85,165.55
17190,2021-03-19 13:45:00,164.1,167.75,158.5,160.7,18675,423825,192.61,160.65,161.35
17191,2021-03-19 13:46:00,159.35,161.55,154.0,157.85,22575,423825,192.49,157.95,158.6
17192,2021-03-19 13:47:00,157.9,160.5,152.8,159.75,14700,423825,192.4,159.55,160.2
17193,2021-03-19 13:48:00,161.35,161.55,155.8,158.7,10425,428400,192.35,159.0,159.5
17194,2021-03-19 13:49:00,159.9,160.85,153.7,153.9,26325,428400,192.2,153.8,154.4
17195,2021-03-19 13:50:00,153.8,156.95,150.9,155.55,21000,428400,192.07,155.55,156.2
17196,2021-03-19 13:51:00,156.15,157.0,150.85,152.5,11325,422550,192.0,151.95,152.55
17197,2021-03-19 13:52:00,152.85,154.7,147.4,150.0,22275,422550,191.86,149.25,149.8
17198,2021-03-19 13:53:00,150.4,155.75,149.25,154.8,18075,422550,191.75,154.3,154.75
17199,2021-03-19 13:54:00,155.0,160.55,154.65,159.7,27150,424425,191.6,159.25,159.8
17200,2021-03-19 13:55:00,159.35,161.65,155.5,155.5,15375,424425,191.52,155.4,155.9
17201,2021-03-19 13:56:00,155.05,155.7,147.85,149.95,23850,424425,191.37,149.5,149.9
17202,2021-03-19 13:57:00,149.95,151.25,140.6,143.55,57000,431325,190.97,143.6,143.95
17203,2021-03-19 13:58:00,142.65,143.6,136.3,141.75,62700,431325,190.47,141.45,141.85
17204,2021-03-19 13:59:00,141.8,141.8,134.0,137.65,76425,431325,189.87,137.4,137.85
17205,2021-03-19 14:00:00,137.5,138.05,129.1,130.45,88950,419700,189.11,130.65,131.1
17206,2021-03-19 14:01:00,130.45,135.95,130.45,133.8,35325,419700,188.82,133.45,134.0
17207,2021-03-19 14:02:00,133.4,141.55,133.4,141.4,30000,419700,188.59,141.0,141.5
17208,2021-03-19 14:03:00,141.1,142.1,138.0,140.3,20175,407775,188.45,140.2,140.6
17209,2021-03-19 14:04:00,140.7,143.35,140.35,142.8,13875,407775,188.35,142.55,143.0
17210,2021-03-19 14:05:00,143.15,143.15,135.7,135.7,18300,407775,188.22,135.45,136.0
17211,2021-03-19 14:06:00,134.65,136.95,132.05,135.9,19875,396825,188.07,135.6,136.2
17212,2021-03-19 14:07:00,136.35,139.7,135.75,139.7,15300,396825,187.96,139.25,139.8
17213,2021-03-19 14:08:00,137.65,139.75,135.75,138.8,23325,396825,187.79,138.55,139.1
17214,2021-03-19 14:09:00,141.0,141.0,133.9,134.0,23400,376725,187.61,134.1,134.55
17215,2021-03-19 14:10:00,134.0,136.8,133.65,136.6,23250,376725,187.44,135.65,136.25
17216,2021-03-19 14:11:00,134.75,135.55,131.0,135.55,20925,376725,187.28,135.0,135.6
17217,2021-03-19 14:12:00,133.9,135.05,123.6,128.5,33750,374400,186.99,128.5,128.9
17218,2021-03-19 14:13:00,127.6,129.8,126.0,129.5,20850,374400,186.82,129.0,129.3
17219,2021-03-19 14:14:00,128.7,133.0,128.7,131.65,19275,374400,186.66,131.55,131.95
17220,2021-03-19 14:15:00,131.8,131.8,125.25,125.25,15525,365850,186.53,126.1,126.55
17221,2021-03-19 14:16:00,126.8,128.95,119.45,127.25,100425,365850,185.64,127.45,127.9
17222,2021-03-19 14:17:00,127.75,138.6,127.75,136.95,27225,365850,185.44,137.45,137.9
17223,2021-03-19 14:18:00,137.2,144.0,135.5,136.1,48225,395025,185.14,135.3,135.75
17224,2021-03-19 14:19:00,134.95,140.0,134.95,137.9,19200,395025,185.02,137.2,137.6
17225,2021-03-19 14:20:00,137.9,138.05,127.5,128.25,20775,395025,184.87,128.05,128.5
17226,2021-03-19 14:21:00,128.35,130.0,123.95,125.7,13575,394650,184.76,125.45,126.0
17227,2021-03-19 14:22:00,125.8,131.55,125.0,130.4,12825,394650,184.66,130.55,131.0
17228,2021-03-19 14:23:00,131.0,134.0,129.0,129.0,13575,394650,184.56,128.65,129.15
17229,2021-03-19 14:24:00,127.3,130.1,126.35,129.95,11175,395250,184.48,129.6,129.95
17230,2021-03-19 14:25:00,129.65,133.9,125.7,130.3,17400,395250,184.35,130.25,130.7
17231,2021-03-19 14:26:00,129.95,132.5,128.7,131.25,8025,395250,184.29,131.2,131.65
17232,2021-03-19 14:27:00,131.85,134.65,128.85,130.75,18075,379275,184.16,130.25,130.75
17233,2021-03-19 14:28:00,131.25,131.25,127.25,129.55,8850,379275,184.09,129.15,129.6
17234,2021-03-19 14:29:00,129.1,129.1,123.3,123.7,16950,379275,183.96,123.8,124.2
17235,2021-03-19 14:30:00,124.05,125.1,109.05,113.25,59400,383400,183.41,112.9,113.25
17236,2021-03-19 14:31:00,113.4,114.7,110.7,114.4,21375,383400,183.21,114.4,114.85
17237,2021-03-19 14:32:00,113.5,114.0,108.35,108.85,31200,383400,182.91,108.7,109.05
17238,2021-03-19 14:33:00,108.55,112.55,104.5,106.25,33375,379725,182.58,105.35,105.75
17239,2021-03-19 14:34:00,105.15,106.9,101.5,101.95,73875,379725,181.82,102.1,102.5
17240,2021-03-19 14:35:00,102.65,106.25,99.1,106.05,108300,379725,180.71,106.05,106.35
17241,2021-03-19 14:36:00,106.75,108.6,103.75,103.75,41550,368925,180.32,103.45,103.8
17242,2021-03-19 14:37:00,104.1,107.3,103.0,107.0,16875,368925,180.15,106.9,107.25
17243,2021-03-19 14:38:00,107.15,108.5,104.2,107.9,17175,368925,179.99,106.7,107.05
17244,2021-03-19 14:39:00,106.8,108.05,102.35,103.55,26175,368025,179.74,103.0,103.3
17245,2021-03-19 14:40:00,101.35,102.7,95.2,102.6,72150,368025,179.0,102.55,102.85
17246,2021-03-19 14:41:00,103.3,107.95,102.9,106.3,28575,368025,178.74,106.25,106.5
17247,2021-03-19 14:42:00,106.7,107.6,100.45,100.95,25875,363450,178.49,100.65,100.95
17248,2021-03-19 14:43:00,101.15,104.0,100.8,102.9,15750,363450,178.34,102.4,102.75
17249,2021-03-19 14:44:00,103.05,105.45,100.4,101.0,19125,363450,178.16,100.6,100.9
17250,2021-03-19 14:45:00,100.65,100.65,92.5,94.7,42975,366975,177.72,94.75,95.0
17251,2021-03-19 14:46:00,94.8,98.9,94.6,98.55,22050,366975,177.5,98.35,98.7
17252,2021-03-19 14:47:00,99.0,101.15,98.65,99.7,21675,366975,177.3,99.55,99.95
17253,2021-03-19 14:48:00,99.55,101.05,96.9,101.05,12750,363900,177.17,100.85,101.15
17254,2021-03-19 14:49:00,101.2,103.8,100.6,100.6,12225,363900,177.06,100.15,100.5
17255,2021-03-19 14:50:00,99.8,100.4,95.4,98.15,20325,363900,176.86,98.1,98.4
17256,2021-03-19 14:51:00,98.1,101.8,98.1,101.75,15150,366900,176.71,101.6,101.95
17257,2021-03-19 14:52:00,101.35,104.75,100.7,103.55,22575,366900,176.51,103.55,103.9
17258,2021-03-19 14:53:00,103.0,105.8,100.45,100.45,15225,366900,176.37,100.2,100.45
17259,2021-03-19 14:54:00,100.55,100.85,97.5,98.55,10575,363150,176.27,98.2,98.35
17260,2021-03-19 14:55:00,98.5,102.55,98.5,101.8,12675,363150,176.16,101.25,101.6
17261,2021-03-19 14:56:00,101.4,102.75,97.9,97.9,9225,363150,176.07,97.2,97.5
17262,2021-03-19 14:57:00,98.1,98.6,93.25,98.0,22125,360600,175.85,98.15,98.5
17263,2021-03-19 14:58:00,97.6,100.0,96.8,97.15,7425,360600,175.78,97.25,97.5
17264,2021-03-19 14:59:00,97.2,98.6,88.7,89.0,31125,360600,175.47,89.1,89.4
17265,2021-03-19 15:00:00,89.4,91.55,87.45,88.0,40050,351975,175.06,87.8,88.1
17266,2021-03-19 15:01:00,88.0,95.25,88.0,93.5,52575,351975,174.53,93.25,93.55
17267,2021-03-19 15:02:00,93.0,94.55,91.15,91.15,35700,351975,174.18,91.0,91.4
17268,2021-03-19 15:03:00,90.6,92.0,88.9,91.5,31125,359550,173.87,90.9,91.25
17269,2021-03-19 15:04:00,91.0,91.2,85.35,85.45,22050,359550,173.65,85.15,85.45
17270,2021-03-19 15:05:00,85.15,86.05,81.95,84.05,38325,359550,173.24,84.1,84.4
17271,2021-03-19 15:06:00,83.7,86.85,82.9,86.85,25950,362850,172.97,86.55,86.85
17272,2021-03-19 15:07:00,86.7,90.3,86.35,89.65,37200,362850,172.6,89.2,89.45
17273,2021-03-19 15:08:00,90.0,90.4,87.15,90.35,25725,362850,172.35,90.4,90.75
17274,2021-03-19 15:09:00,91.0,92.9,89.95,91.4,25875,356175,172.11,91.35,91.55
17275,2021-03-19 15:10:00,91.4,97.4,91.1,96.55,51000,356175,171.65,96.55,96.65
17276,2021-03-19 15:11:00,96.9,98.65,94.35,97.45,47700,356175,171.23,97.15,97.45
17277,2021-03-19 15:12:00,97.55,100.7,96.85,99.75,42150,345525,170.88,99.7,100.05
17278,2021-03-19 15:13:00,100.0,100.5,94.95,94.95,27225,345525,170.66,94.6,94.85
17279,2021-03-19 15:14:00,94.8,98.3,91.4,91.9,27075,345525,170.42,92.0,92.3
17280,2021-03-19 15:15:00,92.1,98.7,92.1,98.7,32550,331500,170.15,98.15,98.5
17281,2021-03-19 15:16:00,97.35,101.3,97.35,100.25,47175,331500,169.77,99.75,100.05
17282,2021-03-19 15:17:00,99.75,99.85,96.95,96.95,24000,331500,169.58,96.5,96.75
17283,2021-03-19 15:18:00,96.5,96.9,93.05,94.3,27600,316650,169.35,94.3,94.6
17284,2021-03-19 15:19:00,94.3,96.1,93.0,96.1,13800,316650,169.23,95.85,96.15
17285,2021-03-19 15:20:00,95.9,99.15,95.55,98.85,34875,316650,168.95,98.7,98.9
17286,2021-03-19 15:21:00,98.9,99.1,94.35,97.85,25650,301350,168.75,97.9,98.1
17287,2021-03-19 15:22:00,98.1,98.8,90.55,91.0,21150,301350,168.57,90.65,90.85
17288,2021-03-19 15:23:00,90.65,95.4,89.75,94.1,13725,301350,168.46,94.05,94.35
17289,2021-03-19 15:24:00,93.9,94.15,90.2,91.8,37575,289425,168.14,91.75,92.0
17290,2021-03-19 15:25:00,91.7,93.75,89.75,92.6,33825,289425,167.86,92.8,93.0
17291,2021-03-19 15:26:00,93.5,93.85,92.0,92.9,13425,289425,167.75,92.85,93.25
17292,2021-03-19 15:27:00,92.9,93.35,92.15,92.15,7350,271800,167.69,92.15,92.3
17293,2021-03-19 15:28:00,92.1,92.25,88.25,88.95,14625,271800,167.56,88.3,88.9
17294,2021-03-19 15:29:00,92.1,92.25,88.25,88.95,14625,271800,167.56,88.3,88.9
17295,2021-03-19 15:30:00,89.5,89.65,85.0,87.6,20025,271800,167.39,85.0,87.6
17296,2021-03-20 09:15:00,89.5,89.65,85.0,87.6,20025,271800,167.39,85.0,87.6
17297,2021-03-20 09:16:00,89.5,89.65,85.0,87.6,20025,271800,167.39,85.0,87.6
17298,2021-03-20 09:17:00,89.5,89.65,85.0,87.6,20025,271800,167.39,85.0,87.6
17299,2021-03-20 09:18:00,89.5,89.65,85.0,87.6,20025,271800,167.39,85.0,87.6
17300,2021-03-20 09:19:00,89.5,89.65,85.0,87.6,20025,271800,167.39,85.0,87.6
17301,2021-03-20 09:20:00,89.5,89.65,85.0,87.6,20025,271800,167.39,85.0,87.6
17302,2021-03-20 09:21:00,89.5,89.65,85.0,87.6,20025,271800,167.39,85.0,87.6
17303,2021-03-20 09:22:00,89.5,89.65,85.0,87.6,20025,271800,167.39,85.0,87.6
17304,2021-03-20 09:23:00,89.5,89.65,85.0,87.6,20025,271800,167.39,85.0,87.6
17305,2021-03-20 09:24:00,89.5,89.65,85.0,87.6,20025,271800,167.39,85.0,87.6
17306,2021-03-20 09:25:00,89.5,89.65,85.0,87.6,20025,271800,167.39,85.0,87.6
17307,2021-03-20 09:26:00,89.5,89.65,85.0,87.6,20025,271800,167.39,85.0,87.6
17308,2021-03-20 09:27:00,89.5,89.65,85.0,87.6,20025,271800,167.39,85.0,87.6
17309,2021-03-20 09:28:00,89.5,89.65,85.0,87.6,20025,271800,167.39,85.0,87.6
17310,2021-03-20 09:29:00,89.5,89.65,85.0,87.6,20025,271800,167.39,85.0,87.6
17311,2021-03-20 09:30:00,89.5,89.65,85.0,87.6,20025,271800,167.39,85.0,87.6
17312,2021-03-20 09:31:00,89.5,89.65,85.0,87.6,20025,271800,167.39,85.0,87.6
17313,2021-03-20 09:32:00,89.5,89.65,85.0,87.6,20025,271800,167.39,85.0,87.6
17314,2021-03-20 09:33:00,89.5,89.65,85.0,87.6,20025,271800,167.39,85.0,87.6
17315,2021-03-20 09:34:00,89.5,89.65,85.0,87.6,20025,271800,167.39,85.0,87.6
17316,2021-03-20 09:35:00,89.5,89.65,85.0,87.6,20025,271800,167.39,85.0,87.6
17317,2021-03-20 09:36:00,89.5,89.65,85.0,87.6,20025,271800,167.39,85.0,87.6
17318,2021-03-20 09:37:00,89.5,89.65,85.0,87.6,20025,271800,167.39,85.0,87.6
17319,2021-03-20 09:38:00,89.5,89.65,85.0,87.6,20025,271800,167.39,85.0,87.6
17320,2021-03-20 09:39:00,89.5,89.65,85.0,87.6,20025,271800,167.39,85.0,87.6
17321,2021-03-20 09:40:00,89.5,89.65,85.0,87.6,20025,271800,167.39,85.0,87.6
17322,2021-03-20 09:41:00,89.5,89.65,85.0,87.6,20025,271800,167.39,85.0,87.6
17323,2021-03-20 09:42:00,89.5,89.65,85.0,87.6,20025,271800,167.39,85.0,87.6
17324,2021-03-20 09:43:00,89.5,89.65,85.0,87.6,20025,271800,167.39,85.0,87.6
17325,2021-03-20 09:44:00,89.5,89.65,85.0,87.6,20025,271800,167.39,85.0,87.6
17326,2021-03-20 09:45:00,89.5,89.65,85.0,87.6,20025,271800,167.39,85.0,87.6
17327,2021-03-20 09:46:00,89.5,89.65,85.0,87.6,20025,271800,167.39,85.0,87.6
17328,2021-03-20 09:47:00,89.5,89.65,85.0,87.6,20025,271800,167.39,85.0,87.6
17329,2021-03-20 09:48:00,89.5,89.65,85.0,87.6,20025,271800,167.39,85.0,87.6
17330,2021-03-20 09:49:00,89.5,89.65,85.0,87.6,20025,271800,167.39,85.0,87.6
17331,2021-03-20 09:50:00,89.5,89.65,85.0,87.6,20025,271800,167.39,85.0,87.6
17332,2021-03-20 09:51:00,89.5,89.65,85.0,87.6,20025,271800,167.39,85.0,87.6
17333,2021-03-20 09:52:00,89.5,89.65,85.0,87.6,20025,271800,167.39,85.0,87.6
17334,2021-03-20 09:53:00,89.5,89.65,85.0,87.6,20025,271800,167.39,85.0,87.6
17335,2021-03-20 09:54:00,89.5,89.65,85.0,87.6,20025,271800,167.39,85.0,87.6
17336,2021-03-20 09:55:00,89.5,89.65,85.0,87.6,20025,271800,167.39,85.0,87.6
17337,2021-03-20 09:56:00,89.5,89.65,85.0,87.6,20025,271800,167.39,85.0,87.6
17338,2021-03-20 09:57:00,89.5,89.65,85.0,87.6,20025,271800,167.39,85.0,87.6
17339,2021-03-20 09:58:00,89.5,89.65,85.0,87.6,20025,271800,167.39,85.0,87.6
17340,2021-03-20 09:59:00,89.5,89.65,85.0,87.6,20025,271800,167.39,85.0,87.6
17341,2021-03-20 10:00:00,89.5,89.65,85.0,87.6,20025,271800,167.39,85.0,87.6
17342,2021-03-20 10:01:00,89.5,89.65,85.0,87.6,20025,271800,167.39,85.0,87.6
17343,2021-03-20 10:02:00,89.5,89.65,85.0,87.6,20025,271800,167.39,85.0,87.6
17344,2021-03-20 10:03:00,89.5,89.65,85.0,87.6,20025,271800,167.39,85.0,87.6
17345,2021-03-20 10:04:00,89.5,89.65,85.0,87.6,20025,271800,167.39,85.0,87.6
17346,2021-03-20 10:05:00,89.5,89.65,85.0,87.6,20025,271800,167.39,85.0,87.6
17347,2021-03-20 10:06:00,89.5,89.65,85.0,87.6,20025,271800,167.39,85.0,87.6
17348,2021-03-20 10:07:00,89.5,89.65,85.0,87.6,20025,271800,167.39,85.0,87.6
17349,2021-03-20 10:08:00,89.5,89.65,85.0,87.6,20025,271800,167.39,85.0,87.6
17350,2021-03-20 10:09:00,89.5,89.65,85.0,87.6,20025,271800,167.39,85.0,87.6
17351,2021-03-20 10:10:00,89.5,89.65,85.0,87.6,20025,271800,167.39,85.0,87.6
17352,2021-03-20 10:11:00,89.5,89.65,85.0,87.6,20025,271800,167.39,85.0,87.6
17353,2021-03-20 10:12:00,89.5,89.65,85.0,87.6,20025,271800,167.39,85.0,87.6
17354,2021-03-20 10:13:00,89.5,89.65,85.0,87.6,20025,271800,167.39,85.0,87.6
17355,2021-03-20 10:14:00,89.5,89.65,85.0,87.6,20025,271800,167.39,85.0,87.6
17356,2021-03-20 10:15:00,89.5,89.65,85.0,87.6,20025,271800,167.39,85.0,87.6
17357,2021-03-20 10:16:00,89.5,89.65,85.0,87.6,20025,271800,167.39,85.0,87.6
17358,2021-03-20 10:17:00,89.5,89.65,85.0,87.6,20025,271800,167.39,85.0,87.6
17359,2021-03-20 10:18:00,89.5,89.65,85.0,87.6,20025,271800,167.39,85.0,87.6
17360,2021-03-20 10:19:00,89.5,89.65,85.0,87.6,20025,271800,167.39,85.0,87.6
17361,2021-03-20 10:20:00,89.5,89.65,85.0,87.6,20025,271800,167.39,85.0,87.6
17362,2021-03-20 10:21:00,89.5,89.65,85.0,87.6,20025,271800,167.39,85.0,87.6
17363,2021-03-20 10:22:00,89.5,89.65,85.0,87.6,20025,271800,167.39,85.0,87.6
17364,2021-03-20 10:23:00,89.5,89.65,85.0,87.6,20025,271800,167.39,85.0,87.6
17365,2021-03-20 10:24:00,89.5,89.65,85.0,87.6,20025,271800,167.39,85.0,87.6
17366,2021-03-20 10:25:00,89.5,89.65,85.0,87.6,20025,271800,167.39,85.0,87.6
17367,2021-03-20 10:26:00,89.5,89.65,85.0,87.6,20025,271800,167.39,85.0,87.6
17368,2021-03-20 10:27:00,89.5,89.65,85.0,87.6,20025,271800,167.39,85.0,87.6
17369,2021-03-20 10:28:00,89.5,89.65,85.0,87.6,20025,271800,167.39,85.0,87.6
17370,2021-03-20 10:29:00,89.5,89.65,85.0,87.6,20025,271800,167.39,85.0,87.6
17371,2021-03-20 10:30:00,89.5,89.65,85.0,87.6,20025,271800,167.39,85.0,87.6
17372,2021-03-20 10:31:00,89.5,89.65,85.0,87.6,20025,271800,167.39,85.0,87.6
17373,2021-03-20 10:32:00,89.5,89.65,85.0,87.6,20025,271800,167.39,85.0,87.6
17374,2021-03-20 10:33:00,89.5,89.65,85.0,87.6,20025,271800,167.39,85.0,87.6
17375,2021-03-20 10:34:00,89.5,89.65,85.0,87.6,20025,271800,167.39,85.0,87.6
17376,2021-03-20 10:35:00,89.5,89.65,85.0,87.6,20025,271800,167.39,85.0,87.6
17377,2021-03-20 10:36:00,89.5,89.65,85.0,87.6,20025,271800,167.39,85.0,87.6
17378,2021-03-20 10:37:00,89.5,89.65,85.0,87.6,20025,271800,167.39,85.0,87.6
17379,2021-03-20 10:38:00,89.5,89.65,85.0,87.6,20025,271800,167.39,85.0,87.6
17380,2021-03-20 10:39:00,89.5,89.65,85.0,87.6,20025,271800,167.39,85.0,87.6
17381,2021-03-20 10:40:00,89.5,89.65,85.0,87.6,20025,271800,167.39,85.0,87.6
17382,2021-03-20 10:41:00,89.5,89.65,85.0,87.6,20025,271800,167.39,85.0,87.6
17383,2021-03-20 10:42:00,89.5,89.65,85.0,87.6,20025,271800,167.39,85.0,87.6
17384,2021-03-20 10:43:00,89.5,89.65,85.0,87.6,20025,271800,167.39,85.0,87.6
17385,2021-03-20 10:44:00,89.5,89.65,85.0,87.6,20025,271800,167.39,85.0,87.6
17386,2021-03-20 10:45:00,89.5,89.65,85.0,87.6,20025,271800,167.39,85.0,87.6
17387,2021-03-20 10:46:00,89.5,89.65,85.0,87.6,20025,271800,167.39,85.0,87.6
17388,2021-03-20 10:47:00,89.5,89.65,85.0,87.6,20025,271800,167.39,85.0,87.6
17389,2021-03-20 10:48:00,89.5,89.65,85.0,87.6,20025,271800,167.39,85.0,87.6
17390,2021-03-20 10:49:00,89.5,89.65,85.0,87.6,20025,271800,167.39,85.0,87.6
17391,2021-03-20 10:50:00,89.5,89.65,85.0,87.6,20025,271800,167.39,85.0,87.6
17392,2021-03-20 10:51:00,89.5,89.65,85.0,87.6,20025,271800,167.39,85.0,87.6
17393,2021-03-20 10:52:00,89.5,89.65,85.0,87.6,20025,271800,167.39,85.0,87.6
17394,2021-03-20 10:53:00,89.5,89.65,85.0,87.6,20025,271800,167.39,85.0,87.6
17395,2021-03-20 10:54:00,89.5,89.65,85.0,87.6,20025,271800,167.39,85.0,87.6
17396,2021-03-20 10:55:00,89.5,89.65,85.0,87.6,20025,271800,167.39,85.0,87.6
17397,2021-03-20 10:56:00,89.5,89.65,85.0,87.6,20025,271800,167.39,85.0,87.6
17398,2021-03-20 10:57:00,89.5,89.65,85.0,87.6,20025,271800,167.39,85.0,87.6
17399,2021-03-20 10:58:00,89.5,89.65,85.0,87.6,20025,271800,167.39,85.0,87.6
17400,2021-03-20 10:59:00,89.5,89.65,85.0,87.6,20025,271800,167.39,85.0,87.6
17401,2021-03-20 11:00:00,89.5,89.65,85.0,87.6,20025,271800,167.39,85.0,87.6
17402,2021-03-20 11:01:00,89.5,89.65,85.0,87.6,20025,271800,167.39,85.0,87.6
17403,2021-03-20 11:02:00,89.5,89.65,85.0,87.6,20025,271800,167.39,85.0,87.6
17404,2021-03-20 11:03:00,89.5,89.65,85.0,87.6,20025,271800,167.39,85.0,87.6
17405,2021-03-20 11:04:00,89.5,89.65,85.0,87.6,20025,271800,167.39,85.0,87.6
17406,2021-03-20 11:05:00,89.5,89.65,85.0,87.6,20025,271800,167.39,85.0,87.6
17407,2021-03-20 11:06:00,89.5,89.65,85.0,87.6,20025,271800,167.39,85.0,87.6
17408,2021-03-20 11:07:00,89.5,89.65,85.0,87.6,20025,271800,167.39,85.0,87.6
17409,2021-03-20 11:08:00,89.5,89.65,85.0,87.6,20025,271800,167.39,85.0,87.6
17410,2021-03-20 11:09:00,89.5,89.65,85.0,87.6,20025,271800,167.39,85.0,87.6
17411,2021-03-20 11:10:00,89.5,89.65,85.0,87.6,20025,271800,167.39,85.0,87.6
17412,2021-03-20 11:11:00,89.5,89.65,85.0,87.6,20025,271800,167.39,85.0,87.6
17413,2021-03-20 11:12:00,89.5,89.65,85.0,87.6,20025,271800,167.39,85.0,87.6
17414,2021-03-20 11:13:00,89.5,89.65,85.0,87.6,20025,271800,167.39,85.0,87.6
17415,2021-03-20 11:14:00,89.5,89.65,85.0,87.6,20025,271800,167.39,85.0,87.6
17416,2021-03-20 11:15:00,89.5,89.65,85.0,87.6,20025,271800,167.39,85.0,87.6
17417,2021-03-20 11:16:00,89.5,89.65,85.0,87.6,20025,271800,167.39,85.0,87.6
17418,2021-03-20 11:17:00,89.5,89.65,85.0,87.6,20025,271800,167.39,85.0,87.6
17419,2021-03-20 11:18:00,89.5,89.65,85.0,87.6,20025,271800,167.39,85.0,87.6
17420,2021-03-20 11:19:00,89.5,89.65,85.0,87.6,20025,271800,167.39,85.0,87.6
17421,2021-03-20 11:20:00,89.5,89.65,85.0,87.6,20025,271800,167.39,85.0,87.6
17422,2021-03-20 11:21:00,89.5,89.65,85.0,87.6,20025,271800,167.39,85.0,87.6
17423,2021-03-20 11:22:00,89.5,89.65,85.0,87.6,20025,271800,167.39,85.0,87.6
17424,2021-03-20 11:23:00,89.5,89.65,85.0,87.6,20025,271800,167.39,85.0,87.6
17425,2021-03-20 11:24:00,89.5,89.65,85.0,87.6,20025,271800,167.39,85.0,87.6
17426,2021-03-20 11:25:00,89.5,89.65,85.0,87.6,20025,271800,167.39,85.0,87.6
17427,2021-03-20 11:26:00,89.5,89.65,85.0,87.6,20025,271800,167.39,85.0,87.6
17428,2021-03-20 11:27:00,89.5,89.65,85.0,87.6,20025,271800,167.39,85.0,87.6
17429,2021-03-20 11:28:00,89.5,89.65,85.0,87.6,20025,271800,167.39,85.0,87.6
17430,2021-03-20 11:29:00,89.5,89.65,85.0,87.6,20025,271800,167.39,85.0,87.6
17431,2021-03-20 11:30:00,89.5,89.65,85.0,87.6,20025,271800,167.39,85.0,87.6
17432,2021-03-20 11:31:00,89.5,89.65,85.0,87.6,20025,271800,167.39,85.0,87.6
17433,2021-03-20 11:32:00,89.5,89.65,85.0,87.6,20025,271800,167.39,85.0,87.6
17434,2021-03-20 11:33:00,89.5,89.65,85.0,87.6,20025,271800,167.39,85.0,87.6
17435,2021-03-20 11:34:00,89.5,89.65,85.0,87.6,20025,271800,167.39,85.0,87.6
17436,2021-03-20 11:35:00,89.5,89.65,85.0,87.6,20025,271800,167.39,85.0,87.6
17437,2021-03-20 11:36:00,89.5,89.65,85.0,87.6,20025,271800,167.39,85.0,87.6
17438,2021-03-20 11:37:00,89.5,89.65,85.0,87.6,20025,271800,167.39,85.0,87.6
17439,2021-03-20 11:38:00,89.5,89.65,85.0,87.6,20025,271800,167.39,85.0,87.6
17440,2021-03-20 11:39:00,89.5,89.65,85.0,87.6,20025,271800,167.39,85.0,87.6
17441,2021-03-20 11:40:00,89.5,89.65,85.0,87.6,20025,271800,167.39,85.0,87.6
17442,2021-03-20 11:41:00,89.5,89.65,85.0,87.6,20025,271800,167.39,85.0,87.6
17443,2021-03-20 11:42:00,89.5,89.65,85.0,87.6,20025,271800,167.39,85.0,87.6
17444,2021-03-20 11:43:00,89.5,89.65,85.0,87.6,20025,271800,167.39,85.0,87.6
17445,2021-03-20 11:44:00,89.5,89.65,85.0,87.6,20025,271800,167.39,85.0,87.6
17446,2021-03-20 11:45:00,89.5,89.65,85.0,87.6,20025,271800,167.39,85.0,87.6
17447,2021-03-20 11:46:00,89.5,89.65,85.0,87.6,20025,271800,167.39,85.0,87.6
17448,2021-03-20 11:47:00,89.5,89.65,85.0,87.6,20025,271800,167.39,85.0,87.6
17449,2021-03-20 11:48:00,89.5,89.65,85.0,87.6,20025,271800,167.39,85.0,87.6
17450,2021-03-20 11:49:00,89.5,89.65,85.0,87.6,20025,271800,167.39,85.0,87.6
17451,2021-03-20 11:50:00,89.5,89.65,85.0,87.6,20025,271800,167.39,85.0,87.6
17452,2021-03-20 11:51:00,89.5,89.65,85.0,87.6,20025,271800,167.39,85.0,87.6
17453,2021-03-20 11:52:00,89.5,89.65,85.0,87.6,20025,271800,167.39,85.0,87.6
17454,2021-03-20 11:53:00,89.5,89.65,85.0,87.6,20025,271800,167.39,85.0,87.6
17455,2021-03-20 11:54:00,89.5,89.65,85.0,87.6,20025,271800,167.39,85.0,87.6
17456,2021-03-20 11:55:00,89.5,89.65,85.0,87.6,20025,271800,167.39,85.0,87.6
17457,2021-03-20 11:56:00,89.5,89.65,85.0,87.6,20025,271800,167.39,85.0,87.6
17458,2021-03-20 11:57:00,89.5,89.65,85.0,87.6,20025,271800,167.39,85.0,87.6
17459,2021-03-20 11:58:00,89.5,89.65,85.0,87.6,20025,271800,167.39,85.0,87.6
17460,2021-03-20 11:59:00,89.5,89.65,85.0,87.6,20025,271800,167.39,85.0,87.6
17461,2021-03-20 12:00:00,89.5,89.65,85.0,87.6,20025,271800,167.39,85.0,87.6
17462,2021-03-20 12:01:00,89.5,89.65,85.0,87.6,20025,271800,167.39,85.0,87.6
17463,2021-03-20 12:02:00,89.5,89.65,85.0,87.6,20025,271800,167.39,85.0,87.6
17464,2021-03-20 12:03:00,89.5,89.65,85.0,87.6,20025,271800,167.39,85.0,87.6
17465,2021-03-20 12:04:00,89.5,89.65,85.0,87.6,20025,271800,167.39,85.0,87.6
17466,2021-03-20 12:05:00,89.5,89.65,85.0,87.6,20025,271800,167.39,85.0,87.6
17467,2021-03-20 12:06:00,89.5,89.65,85.0,87.6,20025,271800,167.39,85.0,87.6
17468,2021-03-20 12:07:00,89.5,89.65,85.0,87.6,20025,271800,167.39,85.0,87.6
17469,2021-03-20 12:08:00,89.5,89.65,85.0,87.6,20025,271800,167.39,85.0,87.6
17470,2021-03-20 12:09:00,89.5,89.65,85.0,87.6,20025,271800,167.39,85.0,87.6
17471,2021-03-20 12:10:00,89.5,89.65,85.0,87.6,20025,271800,167.39,85.0,87.6
17472,2021-03-20 12:11:00,89.5,89.65,85.0,87.6,20025,271800,167.39,85.0,87.6
17473,2021-03-20 12:12:00,89.5,89.65,85.0,87.6,20025,271800,167.39,85.0,87.6
17474,2021-03-20 12:13:00,89.5,89.65,85.0,87.6,20025,271800,167.39,85.0,87.6
17475,2021-03-20 12:14:00,89.5,89.65,85.0,87.6,20025,271800,167.39,85.0,87.6
17476,2021-03-20 12:15:00,89.5,89.65,85.0,87.6,20025,271800,167.39,85.0,87.6
17477,2021-03-20 12:16:00,89.5,89.65,85.0,87.6,20025,271800,167.39,85.0,87.6
17478,2021-03-20 12:17:00,89.5,89.65,85.0,87.6,20025,271800,167.39,85.0,87.6
17479,2021-03-20 12:18:00,89.5,89.65,85.0,87.6,20025,271800,167.39,85.0,87.6
17480,2021-03-20 12:19:00,89.5,89.65,85.0,87.6,20025,271800,167.39,85.0,87.6
17481,2021-03-20 12:20:00,89.5,89.65,85.0,87.6,20025,271800,167.39,85.0,87.6
17482,2021-03-20 12:21:00,89.5,89.65,85.0,87.6,20025,271800,167.39,85.0,87.6
17483,2021-03-20 12:22:00,89.5,89.65,85.0,87.6,20025,271800,167.39,85.0,87.6
17484,2021-03-20 12:23:00,89.5,89.65,85.0,87.6,20025,271800,167.39,85.0,87.6
17485,2021-03-20 12:24:00,89.5,89.65,85.0,87.6,20025,271800,167.39,85.0,87.6
17486,2021-03-20 12:25:00,89.5,89.65,85.0,87.6,20025,271800,167.39,85.0,87.6
17487,2021-03-20 12:26:00,89.5,89.65,85.0,87.6,20025,271800,167.39,85.0,87.6
17488,2021-03-20 12:27:00,89.5,89.65,85.0,87.6,20025,271800,167.39,85.0,87.6
17489,2021-03-20 12:28:00,89.5,89.65,85.0,87.6,20025,271800,167.39,85.0,87.6
17490,2021-03-20 12:29:00,89.5,89.65,85.0,87.6,20025,271800,167.39,85.0,87.6
17491,2021-03-20 12:30:00,89.5,89.65,85.0,87.6,20025,271800,167.39,85.0,87.6
17492,2021-03-20 12:31:00,89.5,89.65,85.0,87.6,20025,271800,167.39,85.0,87.6
17493,2021-03-20 12:32:00,89.5,89.65,85.0,87.6,20025,271800,167.39,85.0,87.6
17494,2021-03-20 12:33:00,89.5,89.65,85.0,87.6,20025,271800,167.39,85.0,87.6
17495,2021-03-20 12:34:00,89.5,89.65,85.0,87.6,20025,271800,167.39,85.0,87.6
17496,2021-03-20 12:35:00,89.5,89.65,85.0,87.6,20025,271800,167.39,85.0,87.6
17497,2021-03-20 12:36:00,89.5,89.65,85.0,87.6,20025,271800,167.39,85.0,87.6
17498,2021-03-20 12:37:00,89.5,89.65,85.0,87.6,20025,271800,167.39,85.0,87.6
17499,2021-03-20 12:38:00,89.5,89.65,85.0,87.6,20025,271800,167.39,85.0,87.6
17500,2021-03-20 12:39:00,89.5,89.65,85.0,87.6,20025,271800,167.39,85.0,87.6
17501,2021-03-20 12:40:00,89.5,89.65,85.0,87.6,20025,271800,167.39,85.0,87.6
17502,2021-03-20 12:41:00,89.5,89.65,85.0,87.6,20025,271800,167.39,85.0,87.6
17503,2021-03-20 12:42:00,89.5,89.65,85.0,87.6,20025,271800,167.39,85.0,87.6
17504,2021-03-20 12:43:00,89.5,89.65,85.0,87.6,20025,271800,167.39,85.0,87.6
17505,2021-03-20 12:44:00,89.5,89.65,85.0,87.6,20025,271800,167.39,85.0,87.6
17506,2021-03-20 12:45:00,89.5,89.65,85.0,87.6,20025,271800,167.39,85.0,87.6
17507,2021-03-20 12:46:00,89.5,89.65,85.0,87.6,20025,271800,167.39,85.0,87.6
17508,2021-03-20 12:47:00,89.5,89.65,85.0,87.6,20025,271800,167.39,85.0,87.6
17509,2021-03-20 12:48:00,89.5,89.65,85.0,87.6,20025,271800,167.39,85.0,87.6
17510,2021-03-20 12:49:00,89.5,89.65,85.0,87.6,20025,271800,167.39,85.0,87.6
17511,2021-03-20 12:50:00,89.5,89.65,85.0,87.6,20025,271800,167.39,85.0,87.6
17512,2021-03-20 12:51:00,89.5,89.65,85.0,87.6,20025,271800,167.39,85.0,87.6
17513,2021-03-20 12:52:00,89.5,89.65,85.0,87.6,20025,271800,167.39,85.0,87.6
17514,2021-03-20 12:53:00,89.5,89.65,85.0,87.6,20025,271800,167.39,85.0,87.6
17515,2021-03-20 12:54:00,89.5,89.65,85.0,87.6,20025,271800,167.39,85.0,87.6
17516,2021-03-20 12:55:00,89.5,89.65,85.0,87.6,20025,271800,167.39,85.0,87.6
17517,2021-03-20 12:56:00,89.5,89.65,85.0,87.6,20025,271800,167.39,85.0,87.6
17518,2021-03-20 12:57:00,89.5,89.65,85.0,87.6,20025,271800,167.39,85.0,87.6
17519,2021-03-20 12:58:00,89.5,89.65,85.0,87.6,20025,271800,167.39,85.0,87.6
17520,2021-03-20 12:59:00,89.5,89.65,85.0,87.6,20025,271800,167.39,85.0,87.6
17521,2021-03-20 13:00:00,89.5,89.65,85.0,87.6,20025,271800,167.39,85.0,87.6
17522,2021-03-20 13:01:00,89.5,89.65,85.0,87.6,20025,271800,167.39,85.0,87.6
17523,2021-03-20 13:02:00,89.5,89.65,85.0,87.6,20025,271800,167.39,85.0,87.6
17524,2021-03-20 13:03:00,89.5,89.65,85.0,87.6,20025,271800,167.39,85.0,87.6
17525,2021-03-20 13:04:00,89.5,89.65,85.0,87.6,20025,271800,167.39,85.0,87.6
17526,2021-03-20 13:05:00,89.5,89.65,85.0,87.6,20025,271800,167.39,85.0,87.6
17527,2021-03-20 13:06:00,89.5,89.65,85.0,87.6,20025,271800,167.39,85.0,87.6
17528,2021-03-20 13:07:00,89.5,89.65,85.0,87.6,20025,271800,167.39,85.0,87.6
17529,2021-03-20 13:08:00,89.5,89.65,85.0,87.6,20025,271800,167.39,85.0,87.6
17530,2021-03-20 13:09:00,89.5,89.65,85.0,87.6,20025,271800,167.39,85.0,87.6
17531,2021-03-20 13:10:00,89.5,89.65,85.0,87.6,20025,271800,167.39,85.0,87.6
17532,2021-03-20 13:11:00,89.5,89.65,85.0,87.6,20025,271800,167.39,85.0,87.6
17533,2021-03-20 13:12:00,89.5,89.65,85.0,87.6,20025,271800,167.39,85.0,87.6
17534,2021-03-20 13:13:00,89.5,89.65,85.0,87.6,20025,271800,167.39,85.0,87.6
17535,2021-03-20 13:14:00,89.5,89.65,85.0,87.6,20025,271800,167.39,85.0,87.6
17536,2021-03-20 13:15:00,89.5,89.65,85.0,87.6,20025,271800,167.39,85.0,87.6
17537,2021-03-20 13:16:00,89.5,89.65,85.0,87.6,20025,271800,167.39,85.0,87.6
17538,2021-03-20 13:17:00,89.5,89.65,85.0,87.6,20025,271800,167.39,85.0,87.6
17539,2021-03-20 13:18:00,89.5,89.65,85.0,87.6,20025,271800,167.39,85.0,87.6
17540,2021-03-20 13:19:00,89.5,89.65,85.0,87.6,20025,271800,167.39,85.0,87.6
17541,2021-03-20 13:20:00,89.5,89.65,85.0,87.6,20025,271800,167.39,85.0,87.6
17542,2021-03-20 13:21:00,89.5,89.65,85.0,87.6,20025,271800,167.39,85.0,87.6
17543,2021-03-20 13:22:00,89.5,89.65,85.0,87.6,20025,271800,167.39,85.0,87.6
17544,2021-03-20 13:23:00,89.5,89.65,85.0,87.6,20025,271800,167.39,85.0,87.6
17545,2021-03-20 13:24:00,89.5,89.65,85.0,87.6,20025,271800,167.39,85.0,87.6
17546,2021-03-20 13:25:00,89.5,89.65,85.0,87.6,20025,271800,167.39,85.0,87.6
17547,2021-03-20 13:26:00,89.5,89.65,85.0,87.6,20025,271800,167.39,85.0,87.6
17548,2021-03-20 13:27:00,89.5,89.65,85.0,87.6,20025,271800,167.39,85.0,87.6
17549,2021-03-20 13:28:00,89.5,89.65,85.0,87.6,20025,271800,167.39,85.0,87.6
17550,2021-03-20 13:29:00,89.5,89.65,85.0,87.6,20025,271800,167.39,85.0,87.6
17551,2021-03-20 13:30:00,89.5,89.65,85.0,87.6,20025,271800,167.39,85.0,87.6
17552,2021-03-20 13:31:00,89.5,89.65,85.0,87.6,20025,271800,167.39,85.0,87.6
17553,2021-03-20 13:32:00,89.5,89.65,85.0,87.6,20025,271800,167.39,85.0,87.6
17554,2021-03-20 13:33:00,89.5,89.65,85.0,87.6,20025,271800,167.39,85.0,87.6
17555,2021-03-20 13:34:00,89.5,89.65,85.0,87.6,20025,271800,167.39,85.0,87.6
17556,2021-03-20 13:35:00,89.5,89.65,85.0,87.6,20025,271800,167.39,85.0,87.6
17557,2021-03-20 13:36:00,89.5,89.65,85.0,87.6,20025,271800,167.39,85.0,87.6
17558,2021-03-20 13:37:00,89.5,89.65,85.0,87.6,20025,271800,167.39,85.0,87.6
17559,2021-03-20 13:38:00,89.5,89.65,85.0,87.6,20025,271800,167.39,85.0,87.6
17560,2021-03-20 13:39:00,89.5,89.65,85.0,87.6,20025,271800,167.39,85.0,87.6
17561,2021-03-20 13:40:00,89.5,89.65,85.0,87.6,20025,271800,167.39,85.0,87.6
17562,2021-03-20 13:41:00,89.5,89.65,85.0,87.6,20025,271800,167.39,85.0,87.6
17563,2021-03-20 13:42:00,89.5,89.65,85.0,87.6,20025,271800,167.39,85.0,87.6
17564,2021-03-20 13:43:00,89.5,89.65,85.0,87.6,20025,271800,167.39,85.0,87.6
17565,2021-03-20 13:44:00,89.5,89.65,85.0,87.6,20025,271800,167.39,85.0,87.6
17566,2021-03-20 13:45:00,89.5,89.65,85.0,87.6,20025,271800,167.39,85.0,87.6
17567,2021-03-20 13:46:00,89.5,89.65,85.0,87.6,20025,271800,167.39,85.0,87.6
17568,2021-03-20 13:47:00,89.5,89.65,85.0,87.6,20025,271800,167.39,85.0,87.6
17569,2021-03-20 13:48:00,89.5,89.65,85.0,87.6,20025,271800,167.39,85.0,87.6
17570,2021-03-20 13:49:00,89.5,89.65,85.0,87.6,20025,271800,167.39,85.0,87.6
17571,2021-03-20 13:50:00,89.5,89.65,85.0,87.6,20025,271800,167.39,85.0,87.6
17572,2021-03-20 13:51:00,89.5,89.65,85.0,87.6,20025,271800,167.39,85.0,87.6
17573,2021-03-20 13:52:00,89.5,89.65,85.0,87.6,20025,271800,167.39,85.0,87.6
17574,2021-03-20 13:53:00,89.5,89.65,85.0,87.6,20025,271800,167.39,85.0,87.6
17575,2021-03-20 13:54:00,89.5,89.65,85.0,87.6,20025,271800,167.39,85.0,87.6
17576,2021-03-20 13:55:00,89.5,89.65,85.0,87.6,20025,271800,167.39,85.0,87.6
17577,2021-03-20 13:56:00,89.5,89.65,85.0,87.6,20025,271800,167.39,85.0,87.6
17578,2021-03-20 13:57:00,89.5,89.65,85.0,87.6,20025,271800,167.39,85.0,87.6
17579,2021-03-20 13:58:00,89.5,89.65,85.0,87.6,20025,271800,167.39,85.0,87.6
17580,2021-03-20 13:59:00,89.5,89.65,85.0,87.6,20025,271800,167.39,85.0,87.6
17581,2021-03-20 14:00:00,89.5,89.65,85.0,87.6,20025,271800,167.39,85.0,87.6
17582,2021-03-20 14:01:00,89.5,89.65,85.0,87.6,20025,271800,167.39,85.0,87.6
17583,2021-03-20 14:02:00,89.5,89.65,85.0,87.6,20025,271800,167.39,85.0,87.6
17584,2021-03-20 14:03:00,89.5,89.65,85.0,87.6,20025,271800,167.39,85.0,87.6
17585,2021-03-20 14:04:00,89.5,89.65,85.0,87.6,20025,271800,167.39,85.0,87.6
17586,2021-03-20 14:05:00,89.5,89.65,85.0,87.6,20025,271800,167.39,85.0,87.6
17587,2021-03-20 14:06:00,89.5,89.65,85.0,87.6,20025,271800,167.39,85.0,87.6
17588,2021-03-20 14:07:00,89.5,89.65,85.0,87.6,20025,271800,167.39,85.0,87.6
17589,2021-03-20 14:08:00,89.5,89.65,85.0,87.6,20025,271800,167.39,85.0,87.6
17590,2021-03-20 14:09:00,89.5,89.65,85.0,87.6,20025,271800,167.39,85.0,87.6
17591,2021-03-20 14:10:00,89.5,89.65,85.0,87.6,20025,271800,167.39,85.0,87.6
17592,2021-03-20 14:11:00,89.5,89.65,85.0,87.6,20025,271800,167.39,85.0,87.6
17593,2021-03-20 14:12:00,89.5,89.65,85.0,87.6,20025,271800,167.39,85.0,87.6
17594,2021-03-20 14:13:00,89.5,89.65,85.0,87.6,20025,271800,167.39,85.0,87.6
17595,2021-03-20 14:14:00,89.5,89.65,85.0,87.6,20025,271800,167.39,85.0,87.6
17596,2021-03-20 14:15:00,89.5,89.65,85.0,87.6,20025,271800,167.39,85.0,87.6
17597,2021-03-20 14:16:00,89.5,89.65,85.0,87.6,20025,271800,167.39,85.0,87.6
17598,2021-03-20 14:17:00,89.5,89.65,85.0,87.6,20025,271800,167.39,85.0,87.6
17599,2021-03-20 14:18:00,89.5,89.65,85.0,87.6,20025,271800,167.39,85.0,87.6
17600,2021-03-20 14:19:00,89.5,89.65,85.0,87.6,20025,271800,167.39,85.0,87.6
17601,2021-03-20 14:20:00,89.5,89.65,85.0,87.6,20025,271800,167.39,85.0,87.6
17602,2021-03-20 14:21:00,89.5,89.65,85.0,87.6,20025,271800,167.39,85.0,87.6
17603,2021-03-20 14:22:00,89.5,89.65,85.0,87.6,20025,271800,167.39,85.0,87.6
17604,2021-03-20 14:23:00,89.5,89.65,85.0,87.6,20025,271800,167.39,85.0,87.6
17605,2021-03-20 14:24:00,89.5,89.65,85.0,87.6,20025,271800,167.39,85.0,87.6
17606,2021-03-20 14:25:00,89.5,89.65,85.0,87.6,20025,271800,167.39,85.0,87.6
17607,2021-03-20 14:26:00,89.5,89.65,85.0,87.6,20025,271800,167.39,85.0,87.6
17608,2021-03-20 14:27:00,89.5,89.65,85.0,87.6,20025,271800,167.39,85.0,87.6
17609,2021-03-20 14:28:00,89.5,89.65,85.0,87.6,20025,271800,167.39,85.0,87.6
17610,2021-03-20 14:29:00,89.5,89.65,85.0,87.6,20025,271800,167.39,85.0,87.6
17611,2021-03-20 14:30:00,89.5,89.65,85.0,87.6,20025,271800,167.39,85.0,87.6
17612,2021-03-20 14:31:00,89.5,89.65,85.0,87.6,20025,271800,167.39,85.0,87.6
17613,2021-03-20 14:32:00,89.5,89.65,85.0,87.6,20025,271800,167.39,85.0,87.6
17614,2021-03-20 14:33:00,89.5,89.65,85.0,87.6,20025,271800,167.39,85.0,87.6
17615,2021-03-20 14:34:00,89.5,89.65,85.0,87.6,20025,271800,167.39,85.0,87.6
17616,2021-03-20 14:35:00,89.5,89.65,85.0,87.6,20025,271800,167.39,85.0,87.6
17617,2021-03-20 14:36:00,89.5,89.65,85.0,87.6,20025,271800,167.39,85.0,87.6
17618,2021-03-20 14:37:00,89.5,89.65,85.0,87.6,20025,271800,167.39,85.0,87.6
17619,2021-03-20 14:38:00,89.5,89.65,85.0,87.6,20025,271800,167.39,85.0,87.6
17620,2021-03-20 14:39:00,89.5,89.65,85.0,87.6,20025,271800,167.39,85.0,87.6
17621,2021-03-20 14:40:00,89.5,89.65,85.0,87.6,20025,271800,167.39,85.0,87.6
17622,2021-03-20 14:41:00,89.5,89.65,85.0,87.6,20025,271800,167.39,85.0,87.6
17623,2021-03-20 14:42:00,89.5,89.65,85.0,87.6,20025,271800,167.39,85.0,87.6
17624,2021-03-20 14:43:00,89.5,89.65,85.0,87.6,20025,271800,167.39,85.0,87.6
17625,2021-03-20 14:44:00,89.5,89.65,85.0,87.6,20025,271800,167.39,85.0,87.6
17626,2021-03-20 14:45:00,89.5,89.65,85.0,87.6,20025,271800,167.39,85.0,87.6
17627,2021-03-20 14:46:00,89.5,89.65,85.0,87.6,20025,271800,167.39,85.0,87.6
17628,2021-03-20 14:47:00,89.5,89.65,85.0,87.6,20025,271800,167.39,85.0,87.6
17629,2021-03-20 14:48:00,89.5,89.65,85.0,87.6,20025,271800,167.39,85.0,87.6
17630,2021-03-20 14:49:00,89.5,89.65,85.0,87.6,20025,271800,167.39,85.0,87.6
17631,2021-03-20 14:50:00,89.5,89.65,85.0,87.6,20025,271800,167.39,85.0,87.6
17632,2021-03-20 14:51:00,89.5,89.65,85.0,87.6,20025,271800,167.39,85.0,87.6
17633,2021-03-20 14:52:00,89.5,89.65,85.0,87.6,20025,271800,167.39,85.0,87.6
17634,2021-03-20 14:53:00,89.5,89.65,85.0,87.6,20025,271800,167.39,85.0,87.6
17635,2021-03-20 14:54:00,89.5,89.65,85.0,87.6,20025,271800,167.39,85.0,87.6
17636,2021-03-20 14:55:00,89.5,89.65,85.0,87.6,20025,271800,167.39,85.0,87.6
17637,2021-03-20 14:56:00,89.5,89.65,85.0,87.6,20025,271800,167.39,85.0,87.6
17638,2021-03-20 14:57:00,89.5,89.65,85.0,87.6,20025,271800,167.39,85.0,87.6
17639,2021-03-20 14:58:00,89.5,89.65,85.0,87.6,20025,271800,167.39,85.0,87.6
17640,2021-03-20 14:59:00,89.5,89.65,85.0,87.6,20025,271800,167.39,85.0,87.6
17641,2021-03-20 15:00:00,89.5,89.65,85.0,87.6,20025,271800,167.39,85.0,87.6
17642,2021-03-20 15:01:00,89.5,89.65,85.0,87.6,20025,271800,167.39,85.0,87.6
17643,2021-03-20 15:02:00,89.5,89.65,85.0,87.6,20025,271800,167.39,85.0,87.6
17644,2021-03-20 15:03:00,89.5,89.65,85.0,87.6,20025,271800,167.39,85.0,87.6
17645,2021-03-20 15:04:00,89.5,89.65,85.0,87.6,20025,271800,167.39,85.0,87.6
17646,2021-03-20 15:05:00,89.5,89.65,85.0,87.6,20025,271800,167.39,85.0,87.6
17647,2021-03-20 15:06:00,89.5,89.65,85.0,87.6,20025,271800,167.39,85.0,87.6
17648,2021-03-20 15:07:00,89.5,89.65,85.0,87.6,20025,271800,167.39,85.0,87.6
17649,2021-03-20 15:08:00,89.5,89.65,85.0,87.6,20025,271800,167.39,85.0,87.6
17650,2021-03-20 15:09:00,89.5,89.65,85.0,87.6,20025,271800,167.39,85.0,87.6
17651,2021-03-20 15:10:00,89.5,89.65,85.0,87.6,20025,271800,167.39,85.0,87.6
17652,2021-03-20 15:11:00,89.5,89.65,85.0,87.6,20025,271800,167.39,85.0,87.6
17653,2021-03-20 15:12:00,89.5,89.65,85.0,87.6,20025,271800,167.39,85.0,87.6
17654,2021-03-20 15:13:00,89.5,89.65,85.0,87.6,20025,271800,167.39,85.0,87.6
17655,2021-03-20 15:14:00,89.5,89.65,85.0,87.6,20025,271800,167.39,85.0,87.6
17656,2021-03-20 15:15:00,89.5,89.65,85.0,87.6,20025,271800,167.39,85.0,87.6
17657,2021-03-20 15:16:00,89.5,89.65,85.0,87.6,20025,271800,167.39,85.0,87.6
17658,2021-03-20 15:17:00,89.5,89.65,85.0,87.6,20025,271800,167.39,85.0,87.6
17659,2021-03-20 15:18:00,89.5,89.65,85.0,87.6,20025,271800,167.39,85.0,87.6
17660,2021-03-20 15:19:00,89.5,89.65,85.0,87.6,20025,271800,167.39,85.0,87.6
17661,2021-03-20 15:20:00,89.5,89.65,85.0,87.6,20025,271800,167.39,85.0,87.6
17662,2021-03-20 15:21:00,89.5,89.65,85.0,87.6,20025,271800,167.39,85.0,87.6
17663,2021-03-20 15:22:00,89.5,89.65,85.0,87.6,20025,271800,167.39,85.0,87.6
17664,2021-03-20 15:23:00,89.5,89.65,85.0,87.6,20025,271800,167.39,85.0,87.6
17665,2021-03-20 15:24:00,89.5,89.65,85.0,87.6,20025,271800,167.39,85.0,87.6
17666,2021-03-20 15:25:00,89.5,89.65,85.0,87.6,20025,271800,167.39,85.0,87.6
17667,2021-03-20 15:26:00,89.5,89.65,85.0,87.6,20025,271800,167.39,85.0,87.6
17668,2021-03-20 15:27:00,89.5,89.65,85.0,87.6,20025,271800,167.39,85.0,87.6
17669,2021-03-20 15:28:00,89.5,89.65,85.0,87.6,20025,271800,167.39,85.0,87.6
17670,2021-03-20 15:29:00,89.5,89.65,85.0,87.6,20025,271800,167.39,85.0,87.6
17671,2021-03-20 15:30:00,89.5,89.65,85.0,87.6,20025,271800,167.39,85.0,87.6
17672,2021-03-21 09:15:00,89.5,89.65,85.0,87.6,20025,271800,167.39,85.0,87.6
17673,2021-03-21 09:16:00,89.5,89.65,85.0,87.6,20025,271800,167.39,85.0,87.6
17674,2021-03-21 09:17:00,89.5,89.65,85.0,87.6,20025,271800,167.39,85.0,87.6
17675,2021-03-21 09:18:00,89.5,89.65,85.0,87.6,20025,271800,167.39,85.0,87.6
17676,2021-03-21 09:19:00,89.5,89.65,85.0,87.6,20025,271800,167.39,85.0,87.6
17677,2021-03-21 09:20:00,89.5,89.65,85.0,87.6,20025,271800,167.39,85.0,87.6
17678,2021-03-21 09:21:00,89.5,89.65,85.0,87.6,20025,271800,167.39,85.0,87.6
17679,2021-03-21 09:22:00,89.5,89.65,85.0,87.6,20025,271800,167.39,85.0,87.6
17680,2021-03-21 09:23:00,89.5,89.65,85.0,87.6,20025,271800,167.39,85.0,87.6
17681,2021-03-21 09:24:00,89.5,89.65,85.0,87.6,20025,271800,167.39,85.0,87.6
17682,2021-03-21 09:25:00,89.5,89.65,85.0,87.6,20025,271800,167.39,85.0,87.6
17683,2021-03-21 09:26:00,89.5,89.65,85.0,87.6,20025,271800,167.39,85.0,87.6
17684,2021-03-21 09:27:00,89.5,89.65,85.0,87.6,20025,271800,167.39,85.0,87.6
17685,2021-03-21 09:28:00,89.5,89.65,85.0,87.6,20025,271800,167.39,85.0,87.6
17686,2021-03-21 09:29:00,89.5,89.65,85.0,87.6,20025,271800,167.39,85.0,87.6
17687,2021-03-21 09:30:00,89.5,89.65,85.0,87.6,20025,271800,167.39,85.0,87.6
17688,2021-03-21 09:31:00,89.5,89.65,85.0,87.6,20025,271800,167.39,85.0,87.6
17689,2021-03-21 09:32:00,89.5,89.65,85.0,87.6,20025,271800,167.39,85.0,87.6
17690,2021-03-21 09:33:00,89.5,89.65,85.0,87.6,20025,271800,167.39,85.0,87.6
17691,2021-03-21 09:34:00,89.5,89.65,85.0,87.6,20025,271800,167.39,85.0,87.6
17692,2021-03-21 09:35:00,89.5,89.65,85.0,87.6,20025,271800,167.39,85.0,87.6
17693,2021-03-21 09:36:00,89.5,89.65,85.0,87.6,20025,271800,167.39,85.0,87.6
17694,2021-03-21 09:37:00,89.5,89.65,85.0,87.6,20025,271800,167.39,85.0,87.6
17695,2021-03-21 09:38:00,89.5,89.65,85.0,87.6,20025,271800,167.39,85.0,87.6
17696,2021-03-21 09:39:00,89.5,89.65,85.0,87.6,20025,271800,167.39,85.0,87.6
17697,2021-03-21 09:40:00,89.5,89.65,85.0,87.6,20025,271800,167.39,85.0,87.6
17698,2021-03-21 09:41:00,89.5,89.65,85.0,87.6,20025,271800,167.39,85.0,87.6
17699,2021-03-21 09:42:00,89.5,89.65,85.0,87.6,20025,271800,167.39,85.0,87.6
17700,2021-03-21 09:43:00,89.5,89.65,85.0,87.6,20025,271800,167.39,85.0,87.6
17701,2021-03-21 09:44:00,89.5,89.65,85.0,87.6,20025,271800,167.39,85.0,87.6
17702,2021-03-21 09:45:00,89.5,89.65,85.0,87.6,20025,271800,167.39,85.0,87.6
17703,2021-03-21 09:46:00,89.5,89.65,85.0,87.6,20025,271800,167.39,85.0,87.6
17704,2021-03-21 09:47:00,89.5,89.65,85.0,87.6,20025,271800,167.39,85.0,87.6
17705,2021-03-21 09:48:00,89.5,89.65,85.0,87.6,20025,271800,167.39,85.0,87.6
17706,2021-03-21 09:49:00,89.5,89.65,85.0,87.6,20025,271800,167.39,85.0,87.6
17707,2021-03-21 09:50:00,89.5,89.65,85.0,87.6,20025,271800,167.39,85.0,87.6
17708,2021-03-21 09:51:00,89.5,89.65,85.0,87.6,20025,271800,167.39,85.0,87.6
17709,2021-03-21 09:52:00,89.5,89.65,85.0,87.6,20025,271800,167.39,85.0,87.6
17710,2021-03-21 09:53:00,89.5,89.65,85.0,87.6,20025,271800,167.39,85.0,87.6
17711,2021-03-21 09:54:00,89.5,89.65,85.0,87.6,20025,271800,167.39,85.0,87.6
17712,2021-03-21 09:55:00,89.5,89.65,85.0,87.6,20025,271800,167.39,85.0,87.6
17713,2021-03-21 09:56:00,89.5,89.65,85.0,87.6,20025,271800,167.39,85.0,87.6
17714,2021-03-21 09:57:00,89.5,89.65,85.0,87.6,20025,271800,167.39,85.0,87.6
17715,2021-03-21 09:58:00,89.5,89.65,85.0,87.6,20025,271800,167.39,85.0,87.6
17716,2021-03-21 09:59:00,89.5,89.65,85.0,87.6,20025,271800,167.39,85.0,87.6
17717,2021-03-21 10:00:00,89.5,89.65,85.0,87.6,20025,271800,167.39,85.0,87.6
17718,2021-03-21 10:01:00,89.5,89.65,85.0,87.6,20025,271800,167.39,85.0,87.6
17719,2021-03-21 10:02:00,89.5,89.65,85.0,87.6,20025,271800,167.39,85.0,87.6
17720,2021-03-21 10:03:00,89.5,89.65,85.0,87.6,20025,271800,167.39,85.0,87.6
17721,2021-03-21 10:04:00,89.5,89.65,85.0,87.6,20025,271800,167.39,85.0,87.6
17722,2021-03-21 10:05:00,89.5,89.65,85.0,87.6,20025,271800,167.39,85.0,87.6
17723,2021-03-21 10:06:00,89.5,89.65,85.0,87.6,20025,271800,167.39,85.0,87.6
17724,2021-03-21 10:07:00,89.5,89.65,85.0,87.6,20025,271800,167.39,85.0,87.6
17725,2021-03-21 10:08:00,89.5,89.65,85.0,87.6,20025,271800,167.39,85.0,87.6
17726,2021-03-21 10:09:00,89.5,89.65,85.0,87.6,20025,271800,167.39,85.0,87.6
17727,2021-03-21 10:10:00,89.5,89.65,85.0,87.6,20025,271800,167.39,85.0,87.6
17728,2021-03-21 10:11:00,89.5,89.65,85.0,87.6,20025,271800,167.39,85.0,87.6
17729,2021-03-21 10:12:00,89.5,89.65,85.0,87.6,20025,271800,167.39,85.0,87.6
17730,2021-03-21 10:13:00,89.5,89.65,85.0,87.6,20025,271800,167.39,85.0,87.6
17731,2021-03-21 10:14:00,89.5,89.65,85.0,87.6,20025,271800,167.39,85.0,87.6
17732,2021-03-21 10:15:00,89.5,89.65,85.0,87.6,20025,271800,167.39,85.0,87.6
17733,2021-03-21 10:16:00,89.5,89.65,85.0,87.6,20025,271800,167.39,85.0,87.6
17734,2021-03-21 10:17:00,89.5,89.65,85.0,87.6,20025,271800,167.39,85.0,87.6
17735,2021-03-21 10:18:00,89.5,89.65,85.0,87.6,20025,271800,167.39,85.0,87.6
17736,2021-03-21 10:19:00,89.5,89.65,85.0,87.6,20025,271800,167.39,85.0,87.6
17737,2021-03-21 10:20:00,89.5,89.65,85.0,87.6,20025,271800,167.39,85.0,87.6
17738,2021-03-21 10:21:00,89.5,89.65,85.0,87.6,20025,271800,167.39,85.0,87.6
17739,2021-03-21 10:22:00,89.5,89.65,85.0,87.6,20025,271800,167.39,85.0,87.6
17740,2021-03-21 10:23:00,89.5,89.65,85.0,87.6,20025,271800,167.39,85.0,87.6
17741,2021-03-21 10:24:00,89.5,89.65,85.0,87.6,20025,271800,167.39,85.0,87.6
17742,2021-03-21 10:25:00,89.5,89.65,85.0,87.6,20025,271800,167.39,85.0,87.6
17743,2021-03-21 10:26:00,89.5,89.65,85.0,87.6,20025,271800,167.39,85.0,87.6
17744,2021-03-21 10:27:00,89.5,89.65,85.0,87.6,20025,271800,167.39,85.0,87.6
17745,2021-03-21 10:28:00,89.5,89.65,85.0,87.6,20025,271800,167.39,85.0,87.6
17746,2021-03-21 10:29:00,89.5,89.65,85.0,87.6,20025,271800,167.39,85.0,87.6
17747,2021-03-21 10:30:00,89.5,89.65,85.0,87.6,20025,271800,167.39,85.0,87.6
17748,2021-03-21 10:31:00,89.5,89.65,85.0,87.6,20025,271800,167.39,85.0,87.6
17749,2021-03-21 10:32:00,89.5,89.65,85.0,87.6,20025,271800,167.39,85.0,87.6
17750,2021-03-21 10:33:00,89.5,89.65,85.0,87.6,20025,271800,167.39,85.0,87.6
17751,2021-03-21 10:34:00,89.5,89.65,85.0,87.6,20025,271800,167.39,85.0,87.6
17752,2021-03-21 10:35:00,89.5,89.65,85.0,87.6,20025,271800,167.39,85.0,87.6
17753,2021-03-21 10:36:00,89.5,89.65,85.0,87.6,20025,271800,167.39,85.0,87.6
17754,2021-03-21 10:37:00,89.5,89.65,85.0,87.6,20025,271800,167.39,85.0,87.6
17755,2021-03-21 10:38:00,89.5,89.65,85.0,87.6,20025,271800,167.39,85.0,87.6
17756,2021-03-21 10:39:00,89.5,89.65,85.0,87.6,20025,271800,167.39,85.0,87.6
17757,2021-03-21 10:40:00,89.5,89.65,85.0,87.6,20025,271800,167.39,85.0,87.6
17758,2021-03-21 10:41:00,89.5,89.65,85.0,87.6,20025,271800,167.39,85.0,87.6
17759,2021-03-21 10:42:00,89.5,89.65,85.0,87.6,20025,271800,167.39,85.0,87.6
17760,2021-03-21 10:43:00,89.5,89.65,85.0,87.6,20025,271800,167.39,85.0,87.6
17761,2021-03-21 10:44:00,89.5,89.65,85.0,87.6,20025,271800,167.39,85.0,87.6
17762,2021-03-21 10:45:00,89.5,89.65,85.0,87.6,20025,271800,167.39,85.0,87.6
17763,2021-03-21 10:46:00,89.5,89.65,85.0,87.6,20025,271800,167.39,85.0,87.6
17764,2021-03-21 10:47:00,89.5,89.65,85.0,87.6,20025,271800,167.39,85.0,87.6
17765,2021-03-21 10:48:00,89.5,89.65,85.0,87.6,20025,271800,167.39,85.0,87.6
17766,2021-03-21 10:49:00,89.5,89.65,85.0,87.6,20025,271800,167.39,85.0,87.6
17767,2021-03-21 10:50:00,89.5,89.65,85.0,87.6,20025,271800,167.39,85.0,87.6
17768,2021-03-21 10:51:00,89.5,89.65,85.0,87.6,20025,271800,167.39,85.0,87.6
17769,2021-03-21 10:52:00,89.5,89.65,85.0,87.6,20025,271800,167.39,85.0,87.6
17770,2021-03-21 10:53:00,89.5,89.65,85.0,87.6,20025,271800,167.39,85.0,87.6
17771,2021-03-21 10:54:00,89.5,89.65,85.0,87.6,20025,271800,167.39,85.0,87.6
17772,2021-03-21 10:55:00,89.5,89.65,85.0,87.6,20025,271800,167.39,85.0,87.6
17773,2021-03-21 10:56:00,89.5,89.65,85.0,87.6,20025,271800,167.39,85.0,87.6
17774,2021-03-21 10:57:00,89.5,89.65,85.0,87.6,20025,271800,167.39,85.0,87.6
17775,2021-03-21 10:58:00,89.5,89.65,85.0,87.6,20025,271800,167.39,85.0,87.6
17776,2021-03-21 10:59:00,89.5,89.65,85.0,87.6,20025,271800,167.39,85.0,87.6
17777,2021-03-21 11:00:00,89.5,89.65,85.0,87.6,20025,271800,167.39,85.0,87.6
17778,2021-03-21 11:01:00,89.5,89.65,85.0,87.6,20025,271800,167.39,85.0,87.6
17779,2021-03-21 11:02:00,89.5,89.65,85.0,87.6,20025,271800,167.39,85.0,87.6
17780,2021-03-21 11:03:00,89.5,89.65,85.0,87.6,20025,271800,167.39,85.0,87.6
17781,2021-03-21 11:04:00,89.5,89.65,85.0,87.6,20025,271800,167.39,85.0,87.6
17782,2021-03-21 11:05:00,89.5,89.65,85.0,87.6,20025,271800,167.39,85.0,87.6
17783,2021-03-21 11:06:00,89.5,89.65,85.0,87.6,20025,271800,167.39,85.0,87.6
17784,2021-03-21 11:07:00,89.5,89.65,85.0,87.6,20025,271800,167.39,85.0,87.6
17785,2021-03-21 11:08:00,89.5,89.65,85.0,87.6,20025,271800,167.39,85.0,87.6
17786,2021-03-21 11:09:00,89.5,89.65,85.0,87.6,20025,271800,167.39,85.0,87.6
17787,2021-03-21 11:10:00,89.5,89.65,85.0,87.6,20025,271800,167.39,85.0,87.6
17788,2021-03-21 11:11:00,89.5,89.65,85.0,87.6,20025,271800,167.39,85.0,87.6
17789,2021-03-21 11:12:00,89.5,89.65,85.0,87.6,20025,271800,167.39,85.0,87.6
17790,2021-03-21 11:13:00,89.5,89.65,85.0,87.6,20025,271800,167.39,85.0,87.6
17791,2021-03-21 11:14:00,89.5,89.65,85.0,87.6,20025,271800,167.39,85.0,87.6
17792,2021-03-21 11:15:00,89.5,89.65,85.0,87.6,20025,271800,167.39,85.0,87.6
17793,2021-03-21 11:16:00,89.5,89.65,85.0,87.6,20025,271800,167.39,85.0,87.6
17794,2021-03-21 11:17:00,89.5,89.65,85.0,87.6,20025,271800,167.39,85.0,87.6
17795,2021-03-21 11:18:00,89.5,89.65,85.0,87.6,20025,271800,167.39,85.0,87.6
17796,2021-03-21 11:19:00,89.5,89.65,85.0,87.6,20025,271800,167.39,85.0,87.6
17797,2021-03-21 11:20:00,89.5,89.65,85.0,87.6,20025,271800,167.39,85.0,87.6
17798,2021-03-21 11:21:00,89.5,89.65,85.0,87.6,20025,271800,167.39,85.0,87.6
17799,2021-03-21 11:22:00,89.5,89.65,85.0,87.6,20025,271800,167.39,85.0,87.6
17800,2021-03-21 11:23:00,89.5,89.65,85.0,87.6,20025,271800,167.39,85.0,87.6
17801,2021-03-21 11:24:00,89.5,89.65,85.0,87.6,20025,271800,167.39,85.0,87.6
17802,2021-03-21 11:25:00,89.5,89.65,85.0,87.6,20025,271800,167.39,85.0,87.6
17803,2021-03-21 11:26:00,89.5,89.65,85.0,87.6,20025,271800,167.39,85.0,87.6
17804,2021-03-21 11:27:00,89.5,89.65,85.0,87.6,20025,271800,167.39,85.0,87.6
17805,2021-03-21 11:28:00,89.5,89.65,85.0,87.6,20025,271800,167.39,85.0,87.6
17806,2021-03-21 11:29:00,89.5,89.65,85.0,87.6,20025,271800,167.39,85.0,87.6
17807,2021-03-21 11:30:00,89.5,89.65,85.0,87.6,20025,271800,167.39,85.0,87.6
17808,2021-03-21 11:31:00,89.5,89.65,85.0,87.6,20025,271800,167.39,85.0,87.6
17809,2021-03-21 11:32:00,89.5,89.65,85.0,87.6,20025,271800,167.39,85.0,87.6
17810,2021-03-21 11:33:00,89.5,89.65,85.0,87.6,20025,271800,167.39,85.0,87.6
17811,2021-03-21 11:34:00,89.5,89.65,85.0,87.6,20025,271800,167.39,85.0,87.6
17812,2021-03-21 11:35:00,89.5,89.65,85.0,87.6,20025,271800,167.39,85.0,87.6
17813,2021-03-21 11:36:00,89.5,89.65,85.0,87.6,20025,271800,167.39,85.0,87.6
17814,2021-03-21 11:37:00,89.5,89.65,85.0,87.6,20025,271800,167.39,85.0,87.6
17815,2021-03-21 11:38:00,89.5,89.65,85.0,87.6,20025,271800,167.39,85.0,87.6
17816,2021-03-21 11:39:00,89.5,89.65,85.0,87.6,20025,271800,167.39,85.0,87.6
17817,2021-03-21 11:40:00,89.5,89.65,85.0,87.6,20025,271800,167.39,85.0,87.6
17818,2021-03-21 11:41:00,89.5,89.65,85.0,87.6,20025,271800,167.39,85.0,87.6
17819,2021-03-21 11:42:00,89.5,89.65,85.0,87.6,20025,271800,167.39,85.0,87.6
17820,2021-03-21 11:43:00,89.5,89.65,85.0,87.6,20025,271800,167.39,85.0,87.6
17821,2021-03-21 11:44:00,89.5,89.65,85.0,87.6,20025,271800,167.39,85.0,87.6
17822,2021-03-21 11:45:00,89.5,89.65,85.0,87.6,20025,271800,167.39,85.0,87.6
17823,2021-03-21 11:46:00,89.5,89.65,85.0,87.6,20025,271800,167.39,85.0,87.6
17824,2021-03-21 11:47:00,89.5,89.65,85.0,87.6,20025,271800,167.39,85.0,87.6
17825,2021-03-21 11:48:00,89.5,89.65,85.0,87.6,20025,271800,167.39,85.0,87.6
17826,2021-03-21 11:49:00,89.5,89.65,85.0,87.6,20025,271800,167.39,85.0,87.6
17827,2021-03-21 11:50:00,89.5,89.65,85.0,87.6,20025,271800,167.39,85.0,87.6
17828,2021-03-21 11:51:00,89.5,89.65,85.0,87.6,20025,271800,167.39,85.0,87.6
17829,2021-03-21 11:52:00,89.5,89.65,85.0,87.6,20025,271800,167.39,85.0,87.6
17830,2021-03-21 11:53:00,89.5,89.65,85.0,87.6,20025,271800,167.39,85.0,87.6
17831,2021-03-21 11:54:00,89.5,89.65,85.0,87.6,20025,271800,167.39,85.0,87.6
17832,2021-03-21 11:55:00,89.5,89.65,85.0,87.6,20025,271800,167.39,85.0,87.6
17833,2021-03-21 11:56:00,89.5,89.65,85.0,87.6,20025,271800,167.39,85.0,87.6
17834,2021-03-21 11:57:00,89.5,89.65,85.0,87.6,20025,271800,167.39,85.0,87.6
17835,2021-03-21 11:58:00,89.5,89.65,85.0,87.6,20025,271800,167.39,85.0,87.6
17836,2021-03-21 11:59:00,89.5,89.65,85.0,87.6,20025,271800,167.39,85.0,87.6
17837,2021-03-21 12:00:00,89.5,89.65,85.0,87.6,20025,271800,167.39,85.0,87.6
17838,2021-03-21 12:01:00,89.5,89.65,85.0,87.6,20025,271800,167.39,85.0,87.6
17839,2021-03-21 12:02:00,89.5,89.65,85.0,87.6,20025,271800,167.39,85.0,87.6
17840,2021-03-21 12:03:00,89.5,89.65,85.0,87.6,20025,271800,167.39,85.0,87.6
17841,2021-03-21 12:04:00,89.5,89.65,85.0,87.6,20025,271800,167.39,85.0,87.6
17842,2021-03-21 12:05:00,89.5,89.65,85.0,87.6,20025,271800,167.39,85.0,87.6
17843,2021-03-21 12:06:00,89.5,89.65,85.0,87.6,20025,271800,167.39,85.0,87.6
17844,2021-03-21 12:07:00,89.5,89.65,85.0,87.6,20025,271800,167.39,85.0,87.6
17845,2021-03-21 12:08:00,89.5,89.65,85.0,87.6,20025,271800,167.39,85.0,87.6
17846,2021-03-21 12:09:00,89.5,89.65,85.0,87.6,20025,271800,167.39,85.0,87.6
17847,2021-03-21 12:10:00,89.5,89.65,85.0,87.6,20025,271800,167.39,85.0,87.6
17848,2021-03-21 12:11:00,89.5,89.65,85.0,87.6,20025,271800,167.39,85.0,87.6
17849,2021-03-21 12:12:00,89.5,89.65,85.0,87.6,20025,271800,167.39,85.0,87.6
17850,2021-03-21 12:13:00,89.5,89.65,85.0,87.6,20025,271800,167.39,85.0,87.6
17851,2021-03-21 12:14:00,89.5,89.65,85.0,87.6,20025,271800,167.39,85.0,87.6
17852,2021-03-21 12:15:00,89.5,89.65,85.0,87.6,20025,271800,167.39,85.0,87.6
17853,2021-03-21 12:16:00,89.5,89.65,85.0,87.6,20025,271800,167.39,85.0,87.6
17854,2021-03-21 12:17:00,89.5,89.65,85.0,87.6,20025,271800,167.39,85.0,87.6
17855,2021-03-21 12:18:00,89.5,89.65,85.0,87.6,20025,271800,167.39,85.0,87.6
17856,2021-03-21 12:19:00,89.5,89.65,85.0,87.6,20025,271800,167.39,85.0,87.6
17857,2021-03-21 12:20:00,89.5,89.65,85.0,87.6,20025,271800,167.39,85.0,87.6
17858,2021-03-21 12:21:00,89.5,89.65,85.0,87.6,20025,271800,167.39,85.0,87.6
17859,2021-03-21 12:22:00,89.5,89.65,85.0,87.6,20025,271800,167.39,85.0,87.6
17860,2021-03-21 12:23:00,89.5,89.65,85.0,87.6,20025,271800,167.39,85.0,87.6
17861,2021-03-21 12:24:00,89.5,89.65,85.0,87.6,20025,271800,167.39,85.0,87.6
17862,2021-03-21 12:25:00,89.5,89.65,85.0,87.6,20025,271800,167.39,85.0,87.6
17863,2021-03-21 12:26:00,89.5,89.65,85.0,87.6,20025,271800,167.39,85.0,87.6
17864,2021-03-21 12:27:00,89.5,89.65,85.0,87.6,20025,271800,167.39,85.0,87.6
17865,2021-03-21 12:28:00,89.5,89.65,85.0,87.6,20025,271800,167.39,85.0,87.6
17866,2021-03-21 12:29:00,89.5,89.65,85.0,87.6,20025,271800,167.39,85.0,87.6
17867,2021-03-21 12:30:00,89.5,89.65,85.0,87.6,20025,271800,167.39,85.0,87.6
17868,2021-03-21 12:31:00,89.5,89.65,85.0,87.6,20025,271800,167.39,85.0,87.6
17869,2021-03-21 12:32:00,89.5,89.65,85.0,87.6,20025,271800,167.39,85.0,87.6
17870,2021-03-21 12:33:00,89.5,89.65,85.0,87.6,20025,271800,167.39,85.0,87.6
17871,2021-03-21 12:34:00,89.5,89.65,85.0,87.6,20025,271800,167.39,85.0,87.6
17872,2021-03-21 12:35:00,89.5,89.65,85.0,87.6,20025,271800,167.39,85.0,87.6
17873,2021-03-21 12:36:00,89.5,89.65,85.0,87.6,20025,271800,167.39,85.0,87.6
17874,2021-03-21 12:37:00,89.5,89.65,85.0,87.6,20025,271800,167.39,85.0,87.6
17875,2021-03-21 12:38:00,89.5,89.65,85.0,87.6,20025,271800,167.39,85.0,87.6
17876,2021-03-21 12:39:00,89.5,89.65,85.0,87.6,20025,271800,167.39,85.0,87.6
17877,2021-03-21 12:40:00,89.5,89.65,85.0,87.6,20025,271800,167.39,85.0,87.6
17878,2021-03-21 12:41:00,89.5,89.65,85.0,87.6,20025,271800,167.39,85.0,87.6
17879,2021-03-21 12:42:00,89.5,89.65,85.0,87.6,20025,271800,167.39,85.0,87.6
17880,2021-03-21 12:43:00,89.5,89.65,85.0,87.6,20025,271800,167.39,85.0,87.6
17881,2021-03-21 12:44:00,89.5,89.65,85.0,87.6,20025,271800,167.39,85.0,87.6
17882,2021-03-21 12:45:00,89.5,89.65,85.0,87.6,20025,271800,167.39,85.0,87.6
17883,2021-03-21 12:46:00,89.5,89.65,85.0,87.6,20025,271800,167.39,85.0,87.6
17884,2021-03-21 12:47:00,89.5,89.65,85.0,87.6,20025,271800,167.39,85.0,87.6
17885,2021-03-21 12:48:00,89.5,89.65,85.0,87.6,20025,271800,167.39,85.0,87.6
17886,2021-03-21 12:49:00,89.5,89.65,85.0,87.6,20025,271800,167.39,85.0,87.6
17887,2021-03-21 12:50:00,89.5,89.65,85.0,87.6,20025,271800,167.39,85.0,87.6
17888,2021-03-21 12:51:00,89.5,89.65,85.0,87.6,20025,271800,167.39,85.0,87.6
17889,2021-03-21 12:52:00,89.5,89.65,85.0,87.6,20025,271800,167.39,85.0,87.6
17890,2021-03-21 12:53:00,89.5,89.65,85.0,87.6,20025,271800,167.39,85.0,87.6
17891,2021-03-21 12:54:00,89.5,89.65,85.0,87.6,20025,271800,167.39,85.0,87.6
17892,2021-03-21 12:55:00,89.5,89.65,85.0,87.6,20025,271800,167.39,85.0,87.6
17893,2021-03-21 12:56:00,89.5,89.65,85.0,87.6,20025,271800,167.39,85.0,87.6
17894,2021-03-21 12:57:00,89.5,89.65,85.0,87.6,20025,271800,167.39,85.0,87.6
17895,2021-03-21 12:58:00,89.5,89.65,85.0,87.6,20025,271800,167.39,85.0,87.6
17896,2021-03-21 12:59:00,89.5,89.65,85.0,87.6,20025,271800,167.39,85.0,87.6
17897,2021-03-21 13:00:00,89.5,89.65,85.0,87.6,20025,271800,167.39,85.0,87.6
17898,2021-03-21 13:01:00,89.5,89.65,85.0,87.6,20025,271800,167.39,85.0,87.6
17899,2021-03-21 13:02:00,89.5,89.65,85.0,87.6,20025,271800,167.39,85.0,87.6
17900,2021-03-21 13:03:00,89.5,89.65,85.0,87.6,20025,271800,167.39,85.0,87.6
17901,2021-03-21 13:04:00,89.5,89.65,85.0,87.6,20025,271800,167.39,85.0,87.6
17902,2021-03-21 13:05:00,89.5,89.65,85.0,87.6,20025,271800,167.39,85.0,87.6
17903,2021-03-21 13:06:00,89.5,89.65,85.0,87.6,20025,271800,167.39,85.0,87.6
17904,2021-03-21 13:07:00,89.5,89.65,85.0,87.6,20025,271800,167.39,85.0,87.6
17905,2021-03-21 13:08:00,89.5,89.65,85.0,87.6,20025,271800,167.39,85.0,87.6
17906,2021-03-21 13:09:00,89.5,89.65,85.0,87.6,20025,271800,167.39,85.0,87.6
17907,2021-03-21 13:10:00,89.5,89.65,85.0,87.6,20025,271800,167.39,85.0,87.6
17908,2021-03-21 13:11:00,89.5,89.65,85.0,87.6,20025,271800,167.39,85.0,87.6
17909,2021-03-21 13:12:00,89.5,89.65,85.0,87.6,20025,271800,167.39,85.0,87.6
17910,2021-03-21 13:13:00,89.5,89.65,85.0,87.6,20025,271800,167.39,85.0,87.6
17911,2021-03-21 13:14:00,89.5,89.65,85.0,87.6,20025,271800,167.39,85.0,87.6
17912,2021-03-21 13:15:00,89.5,89.65,85.0,87.6,20025,271800,167.39,85.0,87.6
17913,2021-03-21 13:16:00,89.5,89.65,85.0,87.6,20025,271800,167.39,85.0,87.6
17914,2021-03-21 13:17:00,89.5,89.65,85.0,87.6,20025,271800,167.39,85.0,87.6
17915,2021-03-21 13:18:00,89.5,89.65,85.0,87.6,20025,271800,167.39,85.0,87.6
17916,2021-03-21 13:19:00,89.5,89.65,85.0,87.6,20025,271800,167.39,85.0,87.6
17917,2021-03-21 13:20:00,89.5,89.65,85.0,87.6,20025,271800,167.39,85.0,87.6
17918,2021-03-21 13:21:00,89.5,89.65,85.0,87.6,20025,271800,167.39,85.0,87.6
17919,2021-03-21 13:22:00,89.5,89.65,85.0,87.6,20025,271800,167.39,85.0,87.6
17920,2021-03-21 13:23:00,89.5,89.65,85.0,87.6,20025,271800,167.39,85.0,87.6
17921,2021-03-21 13:24:00,89.5,89.65,85.0,87.6,20025,271800,167.39,85.0,87.6
17922,2021-03-21 13:25:00,89.5,89.65,85.0,87.6,20025,271800,167.39,85.0,87.6
17923,2021-03-21 13:26:00,89.5,89.65,85.0,87.6,20025,271800,167.39,85.0,87.6
17924,2021-03-21 13:27:00,89.5,89.65,85.0,87.6,20025,271800,167.39,85.0,87.6
17925,2021-03-21 13:28:00,89.5,89.65,85.0,87.6,20025,271800,167.39,85.0,87.6
17926,2021-03-21 13:29:00,89.5,89.65,85.0,87.6,20025,271800,167.39,85.0,87.6
17927,2021-03-21 13:30:00,89.5,89.65,85.0,87.6,20025,271800,167.39,85.0,87.6
17928,2021-03-21 13:31:00,89.5,89.65,85.0,87.6,20025,271800,167.39,85.0,87.6
17929,2021-03-21 13:32:00,89.5,89.65,85.0,87.6,20025,271800,167.39,85.0,87.6
17930,2021-03-21 13:33:00,89.5,89.65,85.0,87.6,20025,271800,167.39,85.0,87.6
17931,2021-03-21 13:34:00,89.5,89.65,85.0,87.6,20025,271800,167.39,85.0,87.6
17932,2021-03-21 13:35:00,89.5,89.65,85.0,87.6,20025,271800,167.39,85.0,87.6
17933,2021-03-21 13:36:00,89.5,89.65,85.0,87.6,20025,271800,167.39,85.0,87.6
17934,2021-03-21 13:37:00,89.5,89.65,85.0,87.6,20025,271800,167.39,85.0,87.6
17935,2021-03-21 13:38:00,89.5,89.65,85.0,87.6,20025,271800,167.39,85.0,87.6
17936,2021-03-21 13:39:00,89.5,89.65,85.0,87.6,20025,271800,167.39,85.0,87.6
17937,2021-03-21 13:40:00,89.5,89.65,85.0,87.6,20025,271800,167.39,85.0,87.6
17938,2021-03-21 13:41:00,89.5,89.65,85.0,87.6,20025,271800,167.39,85.0,87.6
17939,2021-03-21 13:42:00,89.5,89.65,85.0,87.6,20025,271800,167.39,85.0,87.6
17940,2021-03-21 13:43:00,89.5,89.65,85.0,87.6,20025,271800,167.39,85.0,87.6
17941,2021-03-21 13:44:00,89.5,89.65,85.0,87.6,20025,271800,167.39,85.0,87.6
17942,2021-03-21 13:45:00,89.5,89.65,85.0,87.6,20025,271800,167.39,85.0,87.6
17943,2021-03-21 13:46:00,89.5,89.65,85.0,87.6,20025,271800,167.39,85.0,87.6
17944,2021-03-21 13:47:00,89.5,89.65,85.0,87.6,20025,271800,167.39,85.0,87.6
17945,2021-03-21 13:48:00,89.5,89.65,85.0,87.6,20025,271800,167.39,85.0,87.6
17946,2021-03-21 13:49:00,89.5,89.65,85.0,87.6,20025,271800,167.39,85.0,87.6
17947,2021-03-21 13:50:00,89.5,89.65,85.0,87.6,20025,271800,167.39,85.0,87.6
17948,2021-03-21 13:51:00,89.5,89.65,85.0,87.6,20025,271800,167.39,85.0,87.6
17949,2021-03-21 13:52:00,89.5,89.65,85.0,87.6,20025,271800,167.39,85.0,87.6
17950,2021-03-21 13:53:00,89.5,89.65,85.0,87.6,20025,271800,167.39,85.0,87.6
17951,2021-03-21 13:54:00,89.5,89.65,85.0,87.6,20025,271800,167.39,85.0,87.6
17952,2021-03-21 13:55:00,89.5,89.65,85.0,87.6,20025,271800,167.39,85.0,87.6
17953,2021-03-21 13:56:00,89.5,89.65,85.0,87.6,20025,271800,167.39,85.0,87.6
17954,2021-03-21 13:57:00,89.5,89.65,85.0,87.6,20025,271800,167.39,85.0,87.6
17955,2021-03-21 13:58:00,89.5,89.65,85.0,87.6,20025,271800,167.39,85.0,87.6
17956,2021-03-21 13:59:00,89.5,89.65,85.0,87.6,20025,271800,167.39,85.0,87.6
17957,2021-03-21 14:00:00,89.5,89.65,85.0,87.6,20025,271800,167.39,85.0,87.6
17958,2021-03-21 14:01:00,89.5,89.65,85.0,87.6,20025,271800,167.39,85.0,87.6
17959,2021-03-21 14:02:00,89.5,89.65,85.0,87.6,20025,271800,167.39,85.0,87.6
17960,2021-03-21 14:03:00,89.5,89.65,85.0,87.6,20025,271800,167.39,85.0,87.6
17961,2021-03-21 14:04:00,89.5,89.65,85.0,87.6,20025,271800,167.39,85.0,87.6
17962,2021-03-21 14:05:00,89.5,89.65,85.0,87.6,20025,271800,167.39,85.0,87.6
17963,2021-03-21 14:06:00,89.5,89.65,85.0,87.6,20025,271800,167.39,85.0,87.6
17964,2021-03-21 14:07:00,89.5,89.65,85.0,87.6,20025,271800,167.39,85.0,87.6
17965,2021-03-21 14:08:00,89.5,89.65,85.0,87.6,20025,271800,167.39,85.0,87.6
17966,2021-03-21 14:09:00,89.5,89.65,85.0,87.6,20025,271800,167.39,85.0,87.6
17967,2021-03-21 14:10:00,89.5,89.65,85.0,87.6,20025,271800,167.39,85.0,87.6
17968,2021-03-21 14:11:00,89.5,89.65,85.0,87.6,20025,271800,167.39,85.0,87.6
17969,2021-03-21 14:12:00,89.5,89.65,85.0,87.6,20025,271800,167.39,85.0,87.6
17970,2021-03-21 14:13:00,89.5,89.65,85.0,87.6,20025,271800,167.39,85.0,87.6
17971,2021-03-21 14:14:00,89.5,89.65,85.0,87.6,20025,271800,167.39,85.0,87.6
17972,2021-03-21 14:15:00,89.5,89.65,85.0,87.6,20025,271800,167.39,85.0,87.6
17973,2021-03-21 14:16:00,89.5,89.65,85.0,87.6,20025,271800,167.39,85.0,87.6
17974,2021-03-21 14:17:00,89.5,89.65,85.0,87.6,20025,271800,167.39,85.0,87.6
17975,2021-03-21 14:18:00,89.5,89.65,85.0,87.6,20025,271800,167.39,85.0,87.6
17976,2021-03-21 14:19:00,89.5,89.65,85.0,87.6,20025,271800,167.39,85.0,87.6
17977,2021-03-21 14:20:00,89.5,89.65,85.0,87.6,20025,271800,167.39,85.0,87.6
17978,2021-03-21 14:21:00,89.5,89.65,85.0,87.6,20025,271800,167.39,85.0,87.6
17979,2021-03-21 14:22:00,89.5,89.65,85.0,87.6,20025,271800,167.39,85.0,87.6
17980,2021-03-21 14:23:00,89.5,89.65,85.0,87.6,20025,271800,167.39,85.0,87.6
17981,2021-03-21 14:24:00,89.5,89.65,85.0,87.6,20025,271800,167.39,85.0,87.6
17982,2021-03-21 14:25:00,89.5,89.65,85.0,87.6,20025,271800,167.39,85.0,87.6
17983,2021-03-21 14:26:00,89.5,89.65,85.0,87.6,20025,271800,167.39,85.0,87.6
17984,2021-03-21 14:27:00,89.5,89.65,85.0,87.6,20025,271800,167.39,85.0,87.6
17985,2021-03-21 14:28:00,89.5,89.65,85.0,87.6,20025,271800,167.39,85.0,87.6
17986,2021-03-21 14:29:00,89.5,89.65,85.0,87.6,20025,271800,167.39,85.0,87.6
17987,2021-03-21 14:30:00,89.5,89.65,85.0,87.6,20025,271800,167.39,85.0,87.6
17988,2021-03-21 14:31:00,89.5,89.65,85.0,87.6,20025,271800,167.39,85.0,87.6
17989,2021-03-21 14:32:00,89.5,89.65,85.0,87.6,20025,271800,167.39,85.0,87.6
17990,2021-03-21 14:33:00,89.5,89.65,85.0,87.6,20025,271800,167.39,85.0,87.6
17991,2021-03-21 14:34:00,89.5,89.65,85.0,87.6,20025,271800,167.39,85.0,87.6
17992,2021-03-21 14:35:00,89.5,89.65,85.0,87.6,20025,271800,167.39,85.0,87.6
17993,2021-03-21 14:36:00,89.5,89.65,85.0,87.6,20025,271800,167.39,85.0,87.6
17994,2021-03-21 14:37:00,89.5,89.65,85.0,87.6,20025,271800,167.39,85.0,87.6
17995,2021-03-21 14:38:00,89.5,89.65,85.0,87.6,20025,271800,167.39,85.0,87.6
17996,2021-03-21 14:39:00,89.5,89.65,85.0,87.6,20025,271800,167.39,85.0,87.6
17997,2021-03-21 14:40:00,89.5,89.65,85.0,87.6,20025,271800,167.39,85.0,87.6
17998,2021-03-21 14:41:00,89.5,89.65,85.0,87.6,20025,271800,167.39,85.0,87.6
17999,2021-03-21 14:42:00,89.5,89.65,85.0,87.6,20025,271800,167.39,85.0,87.6
18000,2021-03-21 14:43:00,89.5,89.65,85.0,87.6,20025,271800,167.39,85.0,87.6
18001,2021-03-21 14:44:00,89.5,89.65,85.0,87.6,20025,271800,167.39,85.0,87.6
18002,2021-03-21 14:45:00,89.5,89.65,85.0,87.6,20025,271800,167.39,85.0,87.6
18003,2021-03-21 14:46:00,89.5,89.65,85.0,87.6,20025,271800,167.39,85.0,87.6
18004,2021-03-21 14:47:00,89.5,89.65,85.0,87.6,20025,271800,167.39,85.0,87.6
18005,2021-03-21 14:48:00,89.5,89.65,85.0,87.6,20025,271800,167.39,85.0,87.6
18006,2021-03-21 14:49:00,89.5,89.65,85.0,87.6,20025,271800,167.39,85.0,87.6
18007,2021-03-21 14:50:00,89.5,89.65,85.0,87.6,20025,271800,167.39,85.0,87.6
18008,2021-03-21 14:51:00,89.5,89.65,85.0,87.6,20025,271800,167.39,85.0,87.6
18009,2021-03-21 14:52:00,89.5,89.65,85.0,87.6,20025,271800,167.39,85.0,87.6
18010,2021-03-21 14:53:00,89.5,89.65,85.0,87.6,20025,271800,167.39,85.0,87.6
18011,2021-03-21 14:54:00,89.5,89.65,85.0,87.6,20025,271800,167.39,85.0,87.6
18012,2021-03-21 14:55:00,89.5,89.65,85.0,87.6,20025,271800,167.39,85.0,87.6
18013,2021-03-21 14:56:00,89.5,89.65,85.0,87.6,20025,271800,167.39,85.0,87.6
18014,2021-03-21 14:57:00,89.5,89.65,85.0,87.6,20025,271800,167.39,85.0,87.6
18015,2021-03-21 14:58:00,89.5,89.65,85.0,87.6,20025,271800,167.39,85.0,87.6
18016,2021-03-21 14:59:00,89.5,89.65,85.0,87.6,20025,271800,167.39,85.0,87.6
18017,2021-03-21 15:00:00,89.5,89.65,85.0,87.6,20025,271800,167.39,85.0,87.6
18018,2021-03-21 15:01:00,89.5,89.65,85.0,87.6,20025,271800,167.39,85.0,87.6
18019,2021-03-21 15:02:00,89.5,89.65,85.0,87.6,20025,271800,167.39,85.0,87.6
18020,2021-03-21 15:03:00,89.5,89.65,85.0,87.6,20025,271800,167.39,85.0,87.6
18021,2021-03-21 15:04:00,89.5,89.65,85.0,87.6,20025,271800,167.39,85.0,87.6
18022,2021-03-21 15:05:00,89.5,89.65,85.0,87.6,20025,271800,167.39,85.0,87.6
18023,2021-03-21 15:06:00,89.5,89.65,85.0,87.6,20025,271800,167.39,85.0,87.6
18024,2021-03-21 15:07:00,89.5,89.65,85.0,87.6,20025,271800,167.39,85.0,87.6
18025,2021-03-21 15:08:00,89.5,89.65,85.0,87.6,20025,271800,167.39,85.0,87.6
18026,2021-03-21 15:09:00,89.5,89.65,85.0,87.6,20025,271800,167.39,85.0,87.6
18027,2021-03-21 15:10:00,89.5,89.65,85.0,87.6,20025,271800,167.39,85.0,87.6
18028,2021-03-21 15:11:00,89.5,89.65,85.0,87.6,20025,271800,167.39,85.0,87.6
18029,2021-03-21 15:12:00,89.5,89.65,85.0,87.6,20025,271800,167.39,85.0,87.6
18030,2021-03-21 15:13:00,89.5,89.65,85.0,87.6,20025,271800,167.39,85.0,87.6
18031,2021-03-21 15:14:00,89.5,89.65,85.0,87.6,20025,271800,167.39,85.0,87.6
18032,2021-03-21 15:15:00,89.5,89.65,85.0,87.6,20025,271800,167.39,85.0,87.6
18033,2021-03-21 15:16:00,89.5,89.65,85.0,87.6,20025,271800,167.39,85.0,87.6
18034,2021-03-21 15:17:00,89.5,89.65,85.0,87.6,20025,271800,167.39,85.0,87.6
18035,2021-03-21 15:18:00,89.5,89.65,85.0,87.6,20025,271800,167.39,85.0,87.6
18036,2021-03-21 15:19:00,89.5,89.65,85.0,87.6,20025,271800,167.39,85.0,87.6
18037,2021-03-21 15:20:00,89.5,89.65,85.0,87.6,20025,271800,167.39,85.0,87.6
18038,2021-03-21 15:21:00,89.5,89.65,85.0,87.6,20025,271800,167.39,85.0,87.6
18039,2021-03-21 15:22:00,89.5,89.65,85.0,87.6,20025,271800,167.39,85.0,87.6
18040,2021-03-21 15:23:00,89.5,89.65,85.0,87.6,20025,271800,167.39,85.0,87.6
18041,2021-03-21 15:24:00,89.5,89.65,85.0,87.6,20025,271800,167.39,85.0,87.6
18042,2021-03-21 15:25:00,89.5,89.65,85.0,87.6,20025,271800,167.39,85.0,87.6
18043,2021-03-21 15:26:00,89.5,89.65,85.0,87.6,20025,271800,167.39,85.0,87.6
18044,2021-03-21 15:27:00,89.5,89.65,85.0,87.6,20025,271800,167.39,85.0,87.6
18045,2021-03-21 15:28:00,89.5,89.65,85.0,87.6,20025,271800,167.39,85.0,87.6
18046,2021-03-21 15:29:00,89.5,89.65,85.0,87.6,20025,271800,167.39,85.0,87.6
18047,2021-03-21 15:30:00,89.5,89.65,85.0,87.6,20025,271800,167.39,85.0,87.6
18048,2021-03-22 09:15:00,80.05,114.05,80.05,110.4,47550,254625,106.57,110.5,111.05
18049,2021-03-22 09:16:00,110.15,111.0,103.8,109.45,44025,254625,107.33,109.1,109.55
18050,2021-03-22 09:17:00,110.7,111.0,104.65,106.2,43350,270450,107.43,106.1,106.6
18051,2021-03-22 09:18:00,107.15,109.2,104.75,108.05,55650,270450,107.25,107.7,108.2
18052,2021-03-22 09:19:00,108.4,112.25,107.2,110.2,90225,270450,107.85,110.1,110.45
18053,2021-03-22 09:20:00,106.65,106.95,100.9,101.35,44250,317025,107.42,101.1,101.45
18054,2021-03-22 09:21:00,101.0,101.0,94.7,97.0,55425,317025,106.01,96.8,97.2
18055,2021-03-22 09:22:00,98.2,99.45,96.1,98.15,29550,317025,105.44,98.25,98.65
18056,2021-03-22 09:23:00,98.0,106.25,98.0,105.85,24900,355725,105.32,105.95,106.3
18057,2021-03-22 09:24:00,105.6,108.35,105.25,107.1,33075,355725,105.43,107.05,107.4
18058,2021-03-22 09:25:00,107.8,113.55,107.15,113.55,30675,355725,105.77,113.45,113.9
18059,2021-03-22 09:26:00,114.35,116.5,110.45,112.35,45075,356325,106.38,112.25,112.65
18060,2021-03-22 09:27:00,112.15,113.45,108.25,108.8,24975,356325,106.58,108.55,109.05
18061,2021-03-22 09:28:00,109.35,112.0,107.3,111.1,24300,356325,106.69,110.85,111.35
18062,2021-03-22 09:29:00,111.1,113.8,108.65,109.7,15075,356475,106.8,108.85,109.1
18063,2021-03-22 09:30:00,108.7,111.45,102.6,104.85,30525,356475,106.78,104.1,104.55
18064,2021-03-22 09:31:00,105.0,106.4,99.0,101.25,42750,356475,106.46,101.1,101.45
18065,2021-03-22 09:32:00,101.7,105.0,101.4,102.8,51600,378300,106.21,102.6,102.85
18066,2021-03-22 09:33:00,102.9,102.9,97.2,98.75,54150,378300,105.77,99.15,99.5
18067,2021-03-22 09:34:00,99.15,102.95,98.8,102.2,31875,378300,105.55,102.2,102.5
18068,2021-03-22 09:35:00,102.3,107.35,101.65,105.15,40275,442050,105.56,105.0,105.3
18069,2021-03-22 09:36:00,105.55,107.55,101.0,101.0,22875,442050,105.55,101.05,101.45
18070,2021-03-22 09:37:00,101.45,101.45,97.05,98.25,27225,442050,105.35,98.05,98.3
18071,2021-03-22 09:38:00,98.1,99.9,97.0,99.6,23775,456000,105.17,99.6,99.9
18072,2021-03-22 09:39:00,100.4,101.25,97.6,99.45,19725,456000,105.06,100.05,100.35
18073,2021-03-22 09:40:00,100.6,100.6,94.75,95.3,20400,456000,104.88,95.3,95.6
18074,2021-03-22 09:41:00,96.35,99.9,95.65,99.2,18075,456000,104.74,99.0,99.3
18075,2021-03-22 09:42:00,98.45,99.15,93.6,95.4,25050,456000,104.5,95.25,95.45
18076,2021-03-22 09:43:00,94.7,98.2,94.7,97.5,15450,456000,104.39,97.55,97.85
18077,2021-03-22 09:44:00,97.75,98.4,95.95,96.85,16050,459675,104.28,96.95,97.25
18078,2021-03-22 09:45:00,96.2,96.2,89.15,90.35,52125,459675,103.69,89.9,90.15
18079,2021-03-22 09:46:00,89.65,91.45,86.95,91.15,29100,459675,103.3,91.4,91.65
18080,2021-03-22 09:47:00,91.25,91.6,86.3,88.1,20775,456975,103.04,88.0,88.3
18081,2021-03-22 09:48:00,88.0,88.0,79.2,80.95,47625,456975,102.22,80.7,80.9
18082,2021-03-22 09:49:00,81.0,85.05,81.0,84.3,22200,456975,101.87,84.35,84.6
18083,2021-03-22 09:50:00,83.0,84.15,81.65,83.35,40950,456675,101.25,83.05,83.3
18084,2021-03-22 09:51:00,83.25,83.25,78.9,81.3,35475,456675,100.69,81.05,81.35
18085,2021-03-22 09:52:00,81.0,83.6,80.8,82.85,32850,456675,100.25,82.85,83.05
18086,2021-03-22 09:53:00,83.4,83.4,80.0,82.0,16200,469875,100.03,81.85,82.1
18087,2021-03-22 09:54:00,80.55,84.3,79.45,83.15,26325,469875,99.67,83.05,83.35
18088,2021-03-22 09:55:00,82.75,87.1,82.75,85.85,27900,469875,99.39,85.75,86.05
18089,2021-03-22 09:56:00,85.9,90.15,85.25,88.7,28950,482850,99.16,88.45,88.7
18090,2021-03-22 09:57:00,89.05,92.0,86.65,88.3,39375,482850,98.9,88.0,88.25
18091,2021-03-22 09:58:00,87.75,88.35,85.65,88.35,12225,482850,98.8,88.25,88.5
18092,2021-03-22 09:59:00,88.55,91.75,88.15,90.7,36000,503400,98.6,90.6,90.9
18093,2021-03-22 10:00:00,90.85,97.05,90.85,96.85,63900,503400,98.41,96.55,96.8
18094,2021-03-22 10:01:00,96.85,98.9,93.5,95.0,48000,503400,98.35,94.75,95.0
18095,2021-03-22 10:02:00,95.35,98.6,95.0,98.15,26400,505800,98.33,97.5,97.85
18096,2021-03-22 10:03:00,97.9,97.9,90.8,92.85,22725,505800,98.26,92.65,92.95
18097,2021-03-22 10:04:00,92.85,94.4,89.0,93.95,27675,505800,98.16,93.6,93.9
18098,2021-03-22 10:05:00,93.75,97.0,92.5,93.6,16575,513600,98.13,93.25,93.55
18099,2021-03-22 10:06:00,93.45,93.45,90.0,90.0,13050,513600,98.08,90.0,90.3
18100,2021-03-22 10:07:00,90.3,90.4,84.8,86.3,30525,513600,97.89,85.6,85.8
18101,2021-03-22 10:08:00,85.6,89.65,85.15,87.6,13350,518475,97.82,87.2,87.5
18102,2021-03-22 10:09:00,87.1,87.9,85.0,85.15,8550,518475,97.76,85.0,85.25
18103,2021-03-22 10:10:00,84.7,86.15,81.25,86.15,22800,518475,97.58,86.1,86.35
18104,2021-03-22 10:11:00,86.5,88.15,85.25,85.8,8250,517800,97.53,85.7,85.9
18105,2021-03-22 10:12:00,86.2,87.8,84.6,84.6,6825,517800,97.49,84.65,84.9
18106,2021-03-22 10:13:00,84.0,87.5,83.0,87.5,11850,517800,97.41,87.5,87.8
18107,2021-03-22 10:14:00,87.0,87.6,85.6,86.45,10725,517050,97.35,86.15,86.4
18108,2021-03-22 10:15:00,86.4,91.5,86.4,88.95,20100,517050,97.26,88.65,88.9
18109,2021-03-22 10:16:00,88.15,88.35,84.5,88.3,9150,517050,97.21,88.05,88.35
18110,2021-03-22 10:17:00,88.65,90.95,88.0,90.4,6300,518550,97.18,89.85,90.1
18111,2021-03-22 10:18:00,90.25,91.0,88.8,90.4,6525,518550,97.16,90.15,90.35
18112,2021-03-22 10:19:00,89.2,90.3,88.0,89.65,4275,518550,97.14,89.5,89.8
18113,2021-03-22 10:20:00,89.3,95.5,89.3,92.9,23625,519675,97.09,92.75,93.05
18114,2021-03-22 10:21:00,93.1,95.8,92.4,93.0,14775,519675,97.07,93.4,93.7
18115,2021-03-22 10:22:00,93.55,96.25,93.55,95.0,11250,519675,97.06,94.9,95.2
18116,2021-03-22 10:23:00,94.4,95.45,92.0,94.2,13575,517425,97.04,94.2,94.45
18117,2021-03-22 10:24:00,94.6,96.75,94.45,95.8,16650,517425,97.03,95.5,95.8
18118,2021-03-22 10:25:00,97.5,100.95,97.5,98.85,63900,517425,97.08,98.55,98.85
18119,2021-03-22 10:26:00,98.35,98.85,94.7,96.1,18150,515100,97.07,96.4,96.7
18120,2021-03-22 10:27:00,96.15,99.5,96.15,99.15,19575,515100,97.09,98.75,99.05
18121,2021-03-22 10:28:00,99.0,100.1,96.75,99.0,12150,515100,97.1,98.75,99.1
18122,2021-03-22 10:29:00,100.0,102.3,99.35,100.45,14925,508275,97.13,100.1,100.35
18123,2021-03-22 10:30:00,99.95,103.15,99.95,101.0,20925,508275,97.17,101.25,101.45
18124,2021-03-22 10:31:00,101.25,104.75,101.25,102.35,28200,508275,97.25,102.05,102.3
18125,2021-03-22 10:32:00,102.2,103.9,99.85,101.6,15750,510075,97.28,100.9,101.2
18126,2021-03-22 10:33:00,100.8,101.0,96.05,99.05,18675,510075,97.29,98.95,99.15
18127,2021-03-22 10:34:00,99.1,105.3,99.05,101.55,38250,510075,97.39,101.5,101.8
18128,2021-03-22 10:35:00,102.0,104.25,101.1,103.0,29250,516900,97.47,102.35,102.65
18129,2021-03-22 10:36:00,102.65,103.6,99.05,100.85,15525,516900,97.49,100.45,100.7
18130,2021-03-22 10:37:00,100.5,101.8,97.8,99.2,8850,516900,97.5,98.7,99.0
18131,2021-03-22 10:38:00,98.5,98.5,93.0,94.7,23550,517800,97.47,94.55,94.85
18132,2021-03-22 10:39:00,95.05,95.9,91.65,95.65,23100,517800,97.43,95.2,95.5
18133,2021-03-22 10:40:00,95.3,99.45,95.3,98.0,23100,517800,97.43,98.05,98.35
18134,2021-03-22 10:41:00,98.55,98.8,95.05,98.8,13800,510900,97.43,98.5,98.8
18135,2021-03-22 10:42:00,98.8,100.15,98.65,98.65,11100,510900,97.44,99.1,99.4
18136,2021-03-22 10:43:00,99.5,103.85,99.0,102.3,19875,510900,97.48,102.2,102.45
18137,2021-03-22 10:44:00,102.45,103.35,100.7,101.8,18825,517125,97.51,101.55,101.75
18138,2021-03-22 10:45:00,102.0,103.85,98.7,102.4,21750,517125,97.55,102.15,102.5
18139,2021-03-22 10:46:00,102.0,108.0,102.0,108.0,53400,517125,97.72,107.65,107.95
18140,2021-03-22 10:47:00,108.2,111.05,106.5,109.25,40500,503175,97.89,109.05,109.3
18141,2021-03-22 10:48:00,109.5,110.6,107.15,107.9,33750,503175,98.04,107.75,107.9
18142,2021-03-22 10:49:00,108.0,109.75,105.6,109.75,23400,503175,98.13,109.6,109.9
18143,2021-03-22 10:50:00,109.9,112.6,106.35,107.05,74925,501225,98.46,106.55,106.85
18144,2021-03-22 10:51:00,106.5,111.8,105.0,110.55,64725,501225,98.68,110.4,110.75
18145,2021-03-22 10:52:00,110.3,114.5,109.8,110.1,48375,501225,98.92,109.6,110.0
18146,2021-03-22 10:53:00,109.9,111.0,107.85,107.85,25500,536775,99.02,107.85,108.15
18147,2021-03-22 10:54:00,108.3,110.9,107.2,108.2,24300,536775,99.1,108.05,108.4
18148,2021-03-22 10:55:00,108.25,110.35,105.4,107.3,18750,536775,99.16,107.65,108.0
18149,2021-03-22 10:56:00,108.0,109.8,104.9,109.8,19650,557925,99.22,109.6,109.95
18150,2021-03-22 10:57:00,109.2,111.35,107.95,110.55,32700,557925,99.34,109.85,110.2
18151,2021-03-22 10:58:00,110.0,110.45,106.75,107.45,18675,557925,99.4,107.45,107.85
18152,2021-03-22 10:59:00,108.0,111.0,107.0,110.0,12900,575100,99.44,109.7,110.1
18153,2021-03-22 11:00:00,110.6,118.95,110.6,113.0,49950,575100,99.7,112.8,113.1
18154,2021-03-22 11:01:00,113.1,115.75,111.75,113.7,19575,575100,99.8,113.55,113.85
18155,2021-03-22 11:02:00,114.0,114.1,111.95,112.9,27300,584400,99.92,112.8,113.2
18156,2021-03-22 11:03:00,113.15,114.45,110.05,111.1,20625,584400,100.0,111.5,111.85
18157,2021-03-22 11:04:00,112.05,112.65,109.55,111.6,23250,584400,100.08,112.15,112.55
18158,2021-03-22 11:05:00,112.5,113.85,108.4,108.6,28425,585525,100.18,108.2,108.6
18159,2021-03-22 11:06:00,108.35,108.35,101.15,101.15,29925,585525,100.23,101.15,101.5
18160,2021-03-22 11:07:00,101.85,106.3,99.25,106.3,33225,585525,100.24,105.75,106.0
18161,2021-03-22 11:08:00,106.05,106.2,102.75,103.2,9375,580350,100.26,103.0,103.3
18162,2021-03-22 11:09:00,103.15,104.75,101.9,104.1,11100,580350,100.27,104.1,104.45
18163,2021-03-22 11:10:00,104.15,105.45,100.7,105.25,14100,580350,100.28,105.25,105.5
18164,2021-03-22 11:11:00,105.55,107.55,104.45,105.3,11925,585450,100.3,105.6,105.9
18165,2021-03-22 11:12:00,106.2,106.45,102.85,104.95,8100,585450,100.31,104.85,105.15
18166,2021-03-22 11:13:00,105.05,105.5,103.0,104.25,13275,585450,100.33,104.65,104.9
18167,2021-03-22 11:14:00,105.35,105.5,101.25,102.2,11625,588975,100.34,102.2,102.55
18168,2021-03-22 11:15:00,101.8,101.8,97.75,99.4,21000,588975,100.33,99.1,99.4
18169,2021-03-22 11:16:00,99.2,100.25,96.55,99.1,25050,588975,100.31,99.0,99.25
18170,2021-03-22 11:17:00,98.85,103.0,98.7,102.4,10575,590250,100.31,102.8,103.1
18171,2021-03-22 11:18:00,103.0,103.0,99.7,99.7,9600,590250,100.32,100.05,100.3
18172,2021-03-22 11:19:00,100.05,102.2,99.3,99.75,6675,590250,100.32,99.45,99.75
18173,2021-03-22 11:20:00,99.7,100.4,98.4,99.3,6150,596850,100.32,99.0,99.3
18174,2021-03-22 11:21:00,99.0,105.0,99.0,103.9,15225,596850,100.33,103.6,103.9
18175,2021-03-22 11:22:00,103.9,105.85,103.35,103.9,8625,596850,100.34,103.75,104.05
18176,2021-03-22 11:23:00,104.2,104.2,101.4,101.8,9825,598800,100.35,102.35,102.55
18177,2021-03-22 11:24:00,102.3,105.5,102.0,103.4,10200,598800,100.36,103.9,104.1
18178,2021-03-22 11:25:00,104.25,106.0,104.25,105.0,12000,598800,100.37,104.8,105.0
18179,2021-03-22 11:26:00,104.7,107.0,104.7,106.5,15375,592200,100.4,106.15,106.45
18180,2021-03-22 11:27:00,106.65,107.0,103.75,105.8,8625,592200,100.41,105.9,106.2
18181,2021-03-22 11:28:00,106.1,108.8,105.0,107.0,9525,592200,100.43,106.65,106.9
18182,2021-03-22 11:29:00,106.7,108.0,105.3,107.2,5625,595800,100.44,107.2,107.5
18183,2021-03-22 11:30:00,107.1,111.95,107.1,110.95,18375,595800,100.49,110.55,110.9
18184,2021-03-22 11:31:00,110.1,110.65,104.4,105.05,19500,595800,100.53,105.15,105.45
18185,2021-03-22 11:32:00,106.05,108.45,106.0,106.9,11100,603150,100.55,106.8,107.1
18186,2021-03-22 11:33:00,107.35,108.0,106.0,106.3,7275,603150,100.57,106.25,106.6
18187,2021-03-22 11:34:00,107.15,108.5,104.2,104.7,13575,603150,100.59,104.4,104.7
18188,2021-03-22 11:35:00,104.4,106.0,101.35,101.35,12750,607500,100.6,101.1,101.35
18189,2021-03-22 11:36:00,101.35,101.55,95.25,100.05,37725,607500,100.57,99.35,99.7
18190,2021-03-22 11:37:00,99.8,102.75,97.85,102.75,16725,607500,100.57,102.35,102.7
18191,2021-03-22 11:38:00,102.65,102.65,100.5,100.95,9375,610200,100.57,101.1,101.4
18192,2021-03-22 11:39:00,101.3,103.3,100.05,101.05,8850,610200,100.57,101.05,101.3
18193,2021-03-22 11:40:00,101.65,104.3,101.65,102.55,12075,610200,100.58,102.55,102.85
18194,2021-03-22 11:41:00,102.6,102.95,100.75,101.25,12900,616350,100.59,101.8,102.15
18195,2021-03-22 11:42:00,102.3,103.0,100.1,102.7,7875,616350,100.59,102.25,102.55
18196,2021-03-22 11:43:00,102.3,104.7,102.0,104.05,9675,616350,100.6,103.85,104.25
18197,2021-03-22 11:44:00,103.6,104.25,101.0,101.75,8475,601350,100.6,101.25,101.45
18198,2021-03-22 11:45:00,101.55,101.55,97.6,100.25,13800,601350,100.59,100.05,100.3
18199,2021-03-22 11:46:00,100.45,104.25,100.45,102.1,9825,601350,100.6,101.4,101.7
18200,2021-03-22 11:47:00,101.65,103.0,99.45,99.6,9600,604125,100.6,99.4,99.65
18201,2021-03-22 11:48:00,99.3,99.7,97.5,99.5,21150,604125,100.59,99.3,99.6
18202,2021-03-22 11:49:00,100.25,100.8,96.25,97.0,19125,604125,100.58,97.05,97.35
18203,2021-03-22 11:50:00,97.25,98.0,93.65,96.8,34125,604125,100.54,96.8,97.05
18204,2021-03-22 11:51:00,96.05,97.9,94.55,97.55,13800,602850,100.52,97.3,97.65
18205,2021-03-22 11:52:00,97.4,98.2,94.95,96.95,8325,602850,100.51,96.55,96.8
18206,2021-03-22 11:53:00,96.15,97.5,94.4,94.4,7725,602850,100.5,94.8,95.05
18207,2021-03-22 11:54:00,94.6,96.3,87.3,87.3,33750,604575,100.42,87.05,87.25
18208,2021-03-22 11:55:00,87.15,90.95,85.75,90.1,31800,604575,100.31,89.95,90.25
18209,2021-03-22 11:56:00,90.3,94.0,90.3,93.55,17925,604575,100.28,93.55,93.8
18210,2021-03-22 11:57:00,93.6,93.75,90.9,93.0,9525,596025,100.26,93.1,93.35
18211,2021-03-22 11:58:00,93.0,93.0,89.95,92.05,13050,596025,100.22,91.7,92.0
18212,2021-03-22 11:59:00,91.7,93.8,90.3,93.8,13800,596025,100.2,93.45,93.75
18213,2021-03-22 12:00:00,93.5,94.8,91.0,94.3,20775,596775,100.16,94.7,95.0
18214,2021-03-22 12:01:00,95.0,97.65,94.3,97.65,21000,596775,100.14,97.6,97.75
18215,2021-03-22 12:02:00,97.5,98.3,95.5,97.15,15150,596775,100.13,97.05,97.3
18216,2021-03-22 12:03:00,96.7,99.3,95.5,98.7,16950,605250,100.12,98.2,98.5
18217,2021-03-22 12:04:00,98.45,100.1,97.3,98.8,20775,605250,100.11,98.4,98.6
18218,2021-03-22 12:05:00,99.7,101.55,98.25,99.5,38100,605250,100.11,99.35,99.65
18219,2021-03-22 12:06:00,99.65,101.0,95.8,98.0,17550,614775,100.11,97.75,98.0
18220,2021-03-22 12:07:00,97.7,99.0,96.45,98.9,7275,614775,100.1,99.1,99.35
18221,2021-03-22 12:08:00,99.05,99.7,95.5,96.0,15000,614775,100.09,95.9,96.2
18222,2021-03-22 12:09:00,95.95,96.2,93.45,96.2,17925,621075,100.07,96.05,96.3
18223,2021-03-22 12:10:00,96.05,97.15,95.35,96.45,7275,621075,100.06,95.95,96.25
18224,2021-03-22 12:11:00,96.8,97.95,96.0,97.15,3225,621075,100.06,97.15,97.45
18225,2021-03-22 12:12:00,97.1,99.75,97.1,98.5,12075,617325,100.06,98.35,98.7
18226,2021-03-22 12:13:00,97.75,99.95,97.0,98.65,6900,617325,100.05,99.2,99.4
18227,2021-03-22 12:14:00,99.4,101.45,99.4,99.45,15900,617325,100.06,99.35,99.6
18228,2021-03-22 12:15:00,99.25,104.0,99.25,102.9,32325,608850,100.08,103.05,103.3
18229,2021-03-22 12:16:00,102.35,103.2,101.05,102.9,15525,608850,100.08,102.65,102.95
18230,2021-03-22 12:17:00,102.25,106.7,101.7,105.75,26625,608850,100.12,105.35,105.65
18231,2021-03-22 12:18:00,105.4,107.9,105.4,107.9,21075,608775,100.15,107.6,107.9
18232,2021-03-22 12:19:00,107.5,111.8,107.5,109.05,41175,608775,100.24,109.0,109.3
18233,2021-03-22 12:20:00,109.6,112.55,109.6,112.55,41925,608775,100.34,112.5,112.75
18234,2021-03-22 12:21:00,111.75,113.75,107.55,110.25,26550,598125,100.41,110.15,110.45
18235,2021-03-22 12:22:00,110.35,115.6,110.05,115.1,33750,598125,100.51,115.0,115.45
18236,2021-03-22 12:23:00,115.15,115.15,112.0,114.25,24300,598125,100.58,114.25,114.55
18237,2021-03-22 12:24:00,114.85,116.4,108.8,111.8,31425,597825,100.67,111.45,111.75
18238,2021-03-22 12:25:00,111.45,116.3,111.0,115.6,22125,597825,100.73,115.3,115.65
18239,2021-03-22 12:26:00,114.95,119.4,113.1,118.05,41925,597825,100.88,117.55,117.9
18240,2021-03-22 12:27:00,117.4,120.55,116.9,118.15,54225,594375,101.1,117.95,118.2
18241,2021-03-22 12:28:00,117.7,118.7,115.3,116.3,36525,594375,101.23,116.25,116.5
18242,2021-03-22 12:29:00,116.4,117.2,113.65,117.15,15375,594375,101.28,117.0,117.3
18243,2021-03-22 12:30:00,117.9,123.85,117.9,121.85,81975,600975,101.63,121.75,122.15
18244,2021-03-22 12:31:00,122.55,125.0,119.25,122.65,58575,600975,101.9,122.85,123.1
18245,2021-03-22 12:32:00,123.9,124.2,118.6,119.05,44250,600975,102.08,119.05,119.45
18246,2021-03-22 12:33:00,118.95,122.0,113.4,117.45,47625,593925,102.23,117.75,118.1
18247,2021-03-22 12:34:00,117.75,120.2,116.8,118.15,20175,593925,102.3,118.05,118.4
18248,2021-03-22 12:35:00,117.6,124.6,117.6,121.6,83850,593925,102.64,121.3,121.65
18249,2021-03-22 12:36:00,121.15,122.85,118.4,120.05,26475,573375,102.74,120.7,121.0
18250,2021-03-22 12:37:00,121.0,123.9,119.1,119.45,18675,573375,102.81,119.0,119.35
18251,2021-03-22 12:38:00,119.85,121.3,116.2,119.05,23775,573375,102.89,118.8,119.15
18252,2021-03-22 12:39:00,119.5,120.6,115.95,118.85,14925,570750,102.93,118.55,118.95
18253,2021-03-22 12:40:00,119.0,123.1,119.0,121.8,25950,570750,103.03,121.75,122.1
18254,2021-03-22 12:41:00,122.6,126.55,121.3,125.8,42000,570750,103.21,125.45,125.7
18255,2021-03-22 12:42:00,126.1,127.0,122.5,123.45,29550,567600,103.33,123.2,123.55
18256,2021-03-22 12:43:00,123.5,125.15,122.85,124.0,20100,567600,103.41,123.35,123.7
18257,2021-03-22 12:44:00,123.7,124.4,118.9,124.4,28650,567600,103.51,124.45,124.75
18258,2021-03-22 12:45:00,125.0,128.6,122.3,126.4,41775,563175,103.69,126.15,126.55
18259,2021-03-22 12:46:00,125.85,127.4,123.0,124.35,23775,563175,103.79,124.25,124.6
18260,2021-03-22 12:47:00,124.0,125.45,117.6,118.7,35475,563175,103.91,118.55,118.9
18261,2021-03-22 12:48:00,118.55,118.55,108.9,108.9,68175,573675,104.03,108.6,109.0
18262,2021-03-22 12:49:00,109.2,114.35,108.0,114.3,28650,573675,104.06,114.7,115.0
18263,2021-03-22 12:50:00,114.75,118.95,113.05,118.45,29025,573675,104.12,118.35,118.7
18264,2021-03-22 12:51:00,118.1,118.7,115.5,116.8,21075,564225,104.18,116.7,117.0
18265,2021-03-22 12:52:00,116.55,119.15,115.15,116.2,17100,564225,104.22,116.15,116.45
18266,2021-03-22 12:53:00,116.7,117.25,112.55,116.3,19200,564225,104.25,116.75,117.0
18267,2021-03-22 12:54:00,117.55,118.15,114.5,117.75,11325,570000,104.28,117.5,117.85
18268,2021-03-22 12:55:00,118.3,121.0,117.4,121.0,19800,570000,104.33,120.55,120.9
18269,2021-03-22 12:56:00,120.45,121.3,116.85,119.9,26400,570000,104.41,119.6,119.9
18270,2021-03-22 12:57:00,119.7,119.95,117.15,118.9,26625,580725,104.48,118.85,119.15
18271,2021-03-22 12:58:00,119.65,119.65,117.0,118.45,7950,580725,104.5,118.05,118.45
18272,2021-03-22 12:59:00,117.8,120.85,115.9,120.6,14100,580725,104.53,119.65,120.05
18273,2021-03-22 13:00:00,120.4,124.4,119.8,123.0,24675,585900,104.61,122.75,123.0
18274,2021-03-22 13:01:00,123.05,125.65,121.8,124.95,24600,585900,104.69,124.8,125.25
18275,2021-03-22 13:02:00,125.55,130.55,125.55,129.35,61650,585900,104.95,128.9,129.35
18276,2021-03-22 13:03:00,128.9,132.0,126.85,131.0,37725,574800,105.11,130.85,131.25
18277,2021-03-22 13:04:00,130.9,132.9,126.3,127.65,62850,574800,105.39,127.15,127.5
18278,2021-03-22 13:05:00,127.35,129.85,120.2,120.55,34050,574800,105.5,120.35,120.7
18279,2021-03-22 13:06:00,119.4,127.95,118.3,126.3,27750,570600,105.59,126.35,126.8
18280,2021-03-22 13:07:00,126.75,129.15,123.65,125.9,21600,570600,105.67,125.6,126.0
18281,2021-03-22 13:08:00,126.0,126.25,122.35,125.35,19050,570600,105.73,124.8,125.35
18282,2021-03-22 13:09:00,124.1,127.1,123.95,125.25,14550,577800,105.78,125.35,125.7
18283,2021-03-22 13:10:00,125.8,126.95,121.6,122.0,24750,577800,105.85,122.05,122.45
18284,2021-03-22 13:11:00,122.85,123.35,117.15,122.75,32400,577800,105.93,122.65,123.0
18285,2021-03-22 13:12:00,121.9,122.5,120.0,121.85,18675,578775,105.98,121.85,122.2
18286,2021-03-22 13:13:00,121.5,122.35,117.05,118.9,19575,578775,106.02,119.0,119.4
18287,2021-03-22 13:14:00,119.85,121.2,118.4,120.3,16500,578775,106.06,119.8,120.2
18288,2021-03-22 13:15:00,120.35,120.45,115.8,119.05,24975,578400,106.1,118.75,119.1
18289,2021-03-22 13:16:00,118.95,123.95,118.3,123.25,16125,578400,106.15,122.8,123.2
18290,2021-03-22 13:17:00,122.2,125.45,121.7,124.85,13800,578400,106.19,124.45,124.9
18291,2021-03-22 13:18:00,125.0,129.45,123.75,127.75,31425,579975,106.29,127.55,127.95
18292,2021-03-22 13:19:00,127.65,130.5,126.4,128.8,27675,579975,106.4,128.85,128.95
18293,2021-03-22 13:20:00,129.0,134.1,129.0,130.8,75825,579975,106.71,130.45,130.7
18294,2021-03-22 13:21:00,130.7,131.05,123.55,124.0,42150,584475,106.86,123.7,123.95
18295,2021-03-22 13:22:00,124.25,128.3,124.25,126.0,18000,584475,106.92,125.85,126.2
18296,2021-03-22 13:23:00,125.85,128.2,122.65,127.75,23250,584475,106.98,127.55,127.75
18297,2021-03-22 13:24:00,127.3,128.0,124.85,124.85,15525,588150,107.03,124.6,124.9
18298,2021-03-22 13:25:00,125.8,126.2,121.0,121.0,24300,588150,107.09,121.35,121.7
18299,2021-03-22 13:26:00,121.6,123.55,118.3,118.3,26325,588150,107.15,118.2,118.5
18300,2021-03-22 13:27:00,118.3,119.6,114.25,119.0,47925,579825,107.22,118.75,119.15
18301,2021-03-22 13:28:00,118.4,120.85,116.2,116.35,17175,579825,107.25,116.2,116.55
18302,2021-03-22 13:29:00,116.75,120.55,114.9,120.1,23850,579825,107.29,119.4,119.8
18303,2021-03-22 13:30:00,118.15,123.9,118.15,121.1,32175,572100,107.36,120.65,120.9
18304,2021-03-22 13:31:00,121.0,124.75,120.15,121.6,20550,572100,107.41,121.8,122.15
18305,2021-03-22 13:32:00,121.85,124.25,121.25,122.65,14100,572100,107.44,121.9,122.3
18306,2021-03-22 13:33:00,122.35,125.7,122.35,124.0,14700,569400,107.48,123.5,123.95
18307,2021-03-22 13:34:00,123.0,123.5,120.0,121.15,21150,569400,107.52,121.05,121.45
18308,2021-03-22 13:35:00,121.45,122.85,108.1,113.2,100725,569400,107.59,113.2,113.55
18309,2021-03-22 13:36:00,114.0,114.4,110.05,113.4,30900,558450,107.61,113.5,113.8
18310,2021-03-22 13:37:00,114.3,115.25,104.7,105.2,69825,558450,107.62,104.8,105.15
18311,2021-03-22 13:38:00,106.2,108.65,104.0,105.75,51975,558450,107.61,105.75,106.0
18312,2021-03-22 13:39:00,106.1,106.85,99.8,102.35,51150,542700,107.57,102.45,102.85
18313,2021-03-22 13:40:00,103.45,106.9,100.85,105.0,20325,542700,107.56,105.15,105.45
18314,2021-03-22 13:41:00,105.0,105.0,96.4,98.4,38250,542700,107.51,98.35,98.6
18315,2021-03-22 13:42:00,98.35,103.4,97.25,101.85,21750,534975,107.49,101.3,101.6
18316,2021-03-22 13:43:00,101.15,101.15,96.95,96.95,28650,534975,107.45,96.55,96.85
18317,2021-03-22 13:44:00,97.3,101.0,97.3,99.55,21600,534975,107.43,99.45,99.8
18318,2021-03-22 13:45:00,99.95,104.0,99.95,101.85,45075,547200,107.39,101.45,101.75
18319,2021-03-22 13:46:00,101.4,101.4,89.55,89.8,62850,547200,107.27,89.6,89.9
18320,2021-03-22 13:47:00,89.15,94.0,88.5,94.0,29100,547200,107.2,93.65,93.95
18321,2021-03-22 13:48:00,93.2,97.0,91.55,97.0,34650,551775,107.14,96.35,96.65
18322,2021-03-22 13:49:00,96.0,97.0,94.2,95.85,15225,551775,107.11,95.85,96.2
18323,2021-03-22 13:50:00,95.2,95.45,89.3,94.2,38625,551775,107.03,94.05,94.35
18324,2021-03-22 13:51:00,94.5,97.3,91.9,95.4,22950,538875,106.99,95.05,95.45
18325,2021-03-22 13:52:00,95.0,97.15,92.6,97.15,15600,538875,106.96,96.6,97.0
18326,2021-03-22 13:53:00,96.4,97.5,95.2,96.05,15525,538875,106.94,96.4,96.75
18327,2021-03-22 13:54:00,96.75,96.75,93.5,94.3,9375,544125,106.93,93.75,94.05
18328,2021-03-22 13:55:00,93.6,100.75,89.25,99.6,41325,544125,106.86,99.45,99.8
18329,2021-03-22 13:56:00,101.5,107.45,101.5,103.75,66900,544125,106.84,103.2,103.5
18330,2021-03-22 13:57:00,102.85,103.55,100.0,100.2,22350,544500,106.82,100.4,100.75
18331,2021-03-22 13:58:00,100.9,104.45,98.05,104.45,14250,544500,106.81,104.15,104.45
18332,2021-03-22 13:59:00,102.95,103.25,100.2,102.25,12675,544500,106.81,102.3,102.65
18333,2021-03-22 14:00:00,102.35,103.45,98.35,103.4,26100,542100,106.79,103.15,103.55
18334,2021-03-22 14:01:00,102.85,105.65,102.25,104.0,27300,542100,106.78,103.5,103.9
18335,2021-03-22 14:02:00,104.1,105.3,99.15,99.8,23850,542100,106.76,100.0,100.3
18336,2021-03-22 14:03:00,100.8,102.85,98.5,101.4,20325,553050,106.74,101.5,101.85
18337,2021-03-22 14:04:00,101.75,102.0,94.9,95.25,24900,553050,106.71,94.75,95.05
18338,2021-03-22 14:05:00,95.55,95.55,84.35,84.5,69675,553050,106.55,84.35,84.7
18339,2021-03-22 14:06:00,85.0,87.95,81.0,81.5,78450,543600,106.32,81.25,81.5
18340,2021-03-22 14:07:00,81.0,84.55,80.0,82.5,41325,543600,106.19,82.5,82.7
18341,2021-03-22 14:08:00,83.05,83.8,80.6,83.45,24300,543600,106.11,82.9,83.15
18342,2021-03-22 14:09:00,83.25,85.95,83.25,84.4,27600,548925,106.04,84.4,84.6
18343,2021-03-22 14:10:00,83.9,87.95,82.25,86.85,26625,548925,105.97,86.55,86.85
18344,2021-03-22 14:11:00,85.9,87.5,83.45,87.5,21525,548925,105.91,87.7,87.95
18345,2021-03-22 14:12:00,87.45,87.95,84.35,87.0,16125,552975,105.87,86.8,87.1
18346,2021-03-22 14:13:00,86.5,87.55,84.95,87.0,8400,552975,105.85,86.9,87.15
18347,2021-03-22 14:14:00,87.0,89.25,85.05,87.55,14175,552975,105.82,87.25,87.55
18348,2021-03-22 14:15:00,87.75,87.75,79.9,82.7,30300,555900,105.73,82.2,82.45
18349,2021-03-22 14:16:00,83.65,83.65,81.2,82.65,15225,555900,105.68,82.9,83.15
18350,2021-03-22 14:17:00,82.85,83.7,80.6,82.4,16500,555900,105.63,82.35,82.65
18351,2021-03-22 14:18:00,82.6,86.95,82.6,85.6,24000,548025,105.57,85.85,86.15
18352,2021-03-22 14:19:00,86.25,93.15,85.0,93.15,38925,548025,105.49,93.2,93.4
18353,2021-03-22 14:20:00,92.95,99.5,88.9,99.5,40425,548025,105.43,98.95,99.2
18354,2021-03-22 14:21:00,99.45,100.35,95.9,96.85,35625,544875,105.4,96.95,97.25
18355,2021-03-22 14:22:00,98.0,98.2,94.25,97.45,20775,544875,105.37,97.3,97.6
18356,2021-03-22 14:23:00,97.55,97.55,92.45,92.45,23625,544875,105.34,93.05,93.35
18357,2021-03-22 14:24:00,93.45,94.3,89.95,91.3,21600,543300,105.3,91.25,91.5
18358,2021-03-22 14:25:00,92.7,93.4,87.55,91.2,13800,543300,105.28,90.95,91.2
18359,2021-03-22 14:26:00,90.0,91.8,88.5,89.6,12225,543300,105.25,89.2,89.5
18360,2021-03-22 14:27:00,88.8,88.95,83.25,87.3,29925,540375,105.18,86.55,86.9
18361,2021-03-22 14:28:00,86.65,87.1,84.3,86.8,11700,540375,105.15,86.7,87.0
18362,2021-03-22 14:29:00,87.55,87.55,82.0,82.65,24900,540375,105.09,82.3,82.65
18363,2021-03-22 14:30:00,82.8,86.9,81.1,86.3,20700,537375,105.04,86.45,86.75
18364,2021-03-22 14:31:00,86.8,87.0,78.6,79.85,27750,537375,104.96,79.35,79.65
18365,2021-03-22 14:32:00,80.1,82.55,78.05,81.85,26925,537375,104.88,81.65,81.95
18366,2021-03-22 14:33:00,81.6,83.85,81.0,83.85,17775,540525,104.83,83.95,84.15
18367,2021-03-22 14:34:00,84.2,84.3,80.85,83.45,17850,540525,104.79,83.45,83.65
18368,2021-03-22 14:35:00,83.25,88.4,83.25,87.05,20475,540525,104.74,87.1,87.4
18369,2021-03-22 14:36:00,87.85,87.9,84.45,86.9,11775,537000,104.72,87.1,87.45
18370,2021-03-22 14:37:00,86.35,87.0,84.55,87.0,16125,537000,104.68,86.75,86.95
18371,2021-03-22 14:38:00,86.75,90.0,86.75,89.65,25425,537000,104.63,89.8,89.95
18372,2021-03-22 14:39:00,89.2,91.6,89.2,90.1,24900,533025,104.59,89.95,90.15
18373,2021-03-22 14:40:00,89.95,93.5,88.8,90.4,22650,533025,104.55,89.75,90.05
18374,2021-03-22 14:41:00,89.8,90.3,82.95,90.2,31875,533025,104.48,90.9,91.0
18375,2021-03-22 14:42:00,91.0,95.35,91.0,91.3,30525,523350,104.44,90.85,91.1
18376,2021-03-22 14:43:00,91.2,94.25,88.0,93.45,18675,523350,104.41,93.4,93.65
18377,2021-03-22 14:44:00,94.0,94.0,89.75,91.65,10350,523350,104.4,91.8,92.05
18378,2021-03-22 14:45:00,91.4,93.15,88.5,90.3,17625,522450,104.37,90.2,90.45
18379,2021-03-22 14:46:00,90.9,94.6,90.9,94.4,20100,522450,104.34,94.75,94.95
18380,2021-03-22 14:47:00,95.6,99.1,94.95,95.15,46425,522450,104.3,95.1,95.35
18381,2021-03-22 14:48:00,94.75,96.6,89.65,94.75,25275,511575,104.27,94.65,94.85
18382,2021-03-22 14:49:00,94.75,99.0,93.05,98.05,25725,511575,104.24,97.9,98.15
18383,2021-03-22 14:50:00,98.0,103.0,98.0,99.25,52500,511575,104.22,99.5,99.8
18384,2021-03-22 14:51:00,100.15,100.2,93.85,94.85,30450,513300,104.19,94.85,95.1
18385,2021-03-22 14:52:00,95.15,95.7,91.0,93.85,20850,513300,104.17,94.3,94.65
18386,2021-03-22 14:53:00,95.25,96.3,93.05,95.0,15075,513300,104.15,95.15,95.4
18387,2021-03-22 14:54:00,95.2,95.6,92.6,94.0,14100,505875,104.14,93.95,94.2
18388,2021-03-22 14:55:00,92.5,92.65,86.05,92.0,39000,505875,104.07,92.35,92.7
18389,2021-03-22 14:56:00,91.95,91.95,86.0,89.4,27450,505875,104.02,89.0,89.3
18390,2021-03-22 14:57:00,89.7,92.0,87.6,89.3,13875,502425,104.0,89.05,89.35
18391,2021-03-22 14:58:00,89.35,89.35,86.25,88.75,20550,502425,103.96,88.5,88.75
18392,2021-03-22 14:59:00,88.85,89.4,84.15,85.0,28200,502425,103.91,84.6,84.95
18393,2021-03-22 15:00:00,84.65,89.15,81.45,89.15,54675,507150,103.79,89.05,89.25
18394,2021-03-22 15:01:00,89.45,91.7,88.1,91.7,29100,507150,103.75,91.45,91.7
18395,2021-03-22 15:02:00,91.3,91.45,87.4,89.05,22275,507150,103.71,88.5,88.65
18396,2021-03-22 15:03:00,88.65,88.65,84.4,85.2,15450,512325,103.68,85.55,85.75
18397,2021-03-22 15:04:00,83.85,84.65,76.4,78.2,47925,512325,103.56,78.15,78.35
18398,2021-03-22 15:05:00,77.0,80.9,74.6,80.7,50250,512325,103.42,80.5,80.7
18399,2021-03-22 15:06:00,80.6,80.6,75.0,75.0,85275,543825,103.19,74.95,75.0
18400,2021-03-22 15:07:00,73.95,74.15,70.25,72.75,87375,543825,102.9,72.6,72.7
18401,2021-03-22 15:08:00,72.9,72.9,67.5,70.25,96225,543825,102.57,70.35,70.55
18402,2021-03-22 15:09:00,70.2,70.2,65.8,65.95,116325,531075,102.14,65.7,65.95
18403,2021-03-22 15:10:00,66.15,68.2,64.0,66.25,134175,531075,101.64,66.3,66.45
18404,2021-03-22 15:11:00,66.25,66.5,62.95,64.0,94050,531075,101.29,63.7,63.9
18405,2021-03-22 15:12:00,64.45,64.45,61.45,63.05,59025,478950,101.05,62.9,63.1
18406,2021-03-22 15:13:00,62.95,65.1,61.7,65.0,76725,478950,100.76,65.05,65.25
18407,2021-03-22 15:14:00,65.15,65.8,62.5,62.55,30750,478950,100.65,62.5,62.6
18408,2021-03-22 15:15:00,62.2,65.45,61.9,64.65,54600,469425,100.44,64.55,64.7
18409,2021-03-22 15:16:00,64.2,65.0,63.55,64.6,43200,469425,100.28,64.3,64.4
18410,2021-03-22 15:17:00,64.5,66.0,63.9,65.75,37800,469425,100.15,65.65,65.9
18411,2021-03-22 15:18:00,66.1,66.4,64.6,66.0,25950,474975,100.06,66.0,66.1
18412,2021-03-22 15:19:00,66.0,66.45,65.35,65.4,25575,474975,99.97,65.4,65.6
18413,2021-03-22 15:20:00,65.45,65.9,64.0,65.9,22275,474975,99.9,65.7,65.9
18414,2021-03-22 15:21:00,65.65,65.9,62.35,64.6,33150,462600,99.78,64.45,64.65
18415,2021-03-22 15:22:00,64.5,64.75,61.65,61.8,40800,462600,99.63,61.85,62.05
18416,2021-03-22 15:23:00,61.6,62.55,60.15,62.25,21675,462600,99.55,62.45,62.55
18417,2021-03-22 15:24:00,62.7,63.8,62.55,62.85,15225,453675,99.5,62.65,62.85
18418,2021-03-22 15:25:00,62.85,64.1,60.4,60.4,25800,453675,99.41,60.25,60.4
18419,2021-03-22 15:26:00,60.4,62.15,59.9,62.15,26550,453675,99.31,61.95,62.1
18420,2021-03-22 15:27:00,61.95,62.85,61.8,62.0,19950,444225,99.23,62.0,62.5
18421,2021-03-22 15:28:00,62.0,62.4,61.55,61.7,11925,444225,99.19,61.4,61.8
18422,2021-03-22 15:29:00,62.0,62.4,61.55,61.7,11925,444225,99.19,61.4,61.8
18423,2021-03-22 15:30:00,61.7,61.85,50.0,61.0,19800,444225,99.12,58.6,61.0
18424,2021-03-23 09:15:00,66.6,69.3,53.2,58.1,64725,436650,61.0,57.7,58.05
18425,2021-03-23 09:16:00,57.3,58.15,55.05,55.05,46500,436650,59.2,55.0,55.3
18426,2021-03-23 09:17:00,54.0,55.5,51.85,52.65,44175,450225,57.59,52.4,52.6
18427,2021-03-23 09:18:00,52.2,53.9,51.75,53.0,34875,450225,56.75,52.75,53.0
18428,2021-03-23 09:19:00,52.9,52.9,50.35,50.85,26850,450225,56.1,50.65,50.85
18429,2021-03-23 09:20:00,49.65,50.0,45.85,46.25,82950,471975,53.77,46.0,46.25
18430,2021-03-23 09:21:00,46.4,47.05,44.85,47.05,49800,471975,52.67,46.7,46.9
18431,2021-03-23 09:22:00,46.5,47.7,45.3,47.3,42300,471975,52.02,47.15,47.35
18432,2021-03-23 09:23:00,47.35,47.35,45.9,47.05,33375,485250,51.62,46.6,46.8
18433,2021-03-23 09:24:00,46.2,46.5,45.5,46.1,26775,485250,51.28,46.1,46.3
18434,2021-03-23 09:25:00,46.5,46.5,44.75,45.8,44400,485250,50.78,45.75,45.85
18435,2021-03-23 09:26:00,45.75,46.1,44.65,45.35,34125,499575,50.45,45.2,45.3
18436,2021-03-23 09:27:00,45.25,46.6,44.05,45.15,51300,499575,50.0,45.1,45.25
18437,2021-03-23 09:28:00,45.0,47.0,44.2,47.0,41925,499575,49.71,46.85,47.0
18438,2021-03-23 09:29:00,46.8,46.8,45.25,45.55,36375,509250,49.52,45.55,45.65
18439,2021-03-23 09:30:00,45.85,48.2,45.0,47.55,49425,509250,49.34,47.4,47.6
18440,2021-03-23 09:31:00,47.85,48.55,47.6,48.25,26850,509250,49.29,48.2,48.35
18441,2021-03-23 09:32:00,47.8,48.0,46.65,48.0,29775,498075,49.21,47.85,48.05
18442,2021-03-23 09:33:00,47.9,48.25,47.5,47.95,22950,498075,49.17,47.9,48.05
18443,2021-03-23 09:34:00,48.15,48.7,46.8,46.85,35700,498075,49.11,46.9,47.15
18444,2021-03-23 09:35:00,47.45,48.2,46.7,48.0,33300,500100,49.06,47.8,48.05
18445,2021-03-23 09:36:00,48.1,48.95,47.95,47.95,28500,500100,49.04,47.7,47.9
18446,2021-03-23 09:37:00,47.7,48.7,47.6,48.6,16875,500100,49.02,48.6,48.7
18447,2021-03-23 09:38:00,48.85,49.45,47.65,49.45,32925,503250,49.0,49.15,49.25
18448,2021-03-23 09:39:00,49.25,49.5,48.6,48.85,22275,503250,49.01,48.7,48.9
18449,2021-03-23 09:40:00,48.8,48.9,46.85,47.45,15450,503250,48.98,47.45,47.6
18450,2021-03-23 09:41:00,47.95,49.45,47.5,48.4,19650,510150,48.98,48.3,48.45
18451,2021-03-23 09:42:00,48.3,48.4,46.2,46.55,15825,510150,48.95,46.45,46.6
18452,2021-03-23 09:43:00,46.75,48.0,45.65,47.9,26700,510150,48.88,47.85,48.1
18453,2021-03-23 09:44:00,47.75,48.6,47.3,48.55,26625,517050,48.86,48.45,48.6
18454,2021-03-23 09:45:00,48.4,49.95,48.35,49.7,41400,517050,48.88,49.65,49.85
18455,2021-03-23 09:46:00,49.7,50.05,48.65,50.0,23400,517050,48.89,49.95,50.0
18456,2021-03-23 09:47:00,49.95,50.1,48.7,49.4,20025,531450,48.9,49.35,49.55
18457,2021-03-23 09:48:00,49.35,49.85,48.4,48.5,17850,531450,48.91,48.3,48.45
18458,2021-03-23 09:49:00,48.3,48.75,46.7,47.25,17550,531450,48.88,47.1,47.25
18459,2021-03-23 09:50:00,47.1,48.1,45.5,45.8,20550,533400,48.85,45.7,45.85
18460,2021-03-23 09:51:00,46.05,46.45,44.45,44.95,34500,533400,48.76,44.85,45.0
18461,2021-03-23 09:52:00,44.8,45.5,43.7,44.7,41775,533400,48.62,44.6,44.75
18462,2021-03-23 09:53:00,44.9,45.7,44.7,45.4,17325,541275,48.58,45.45,45.55
18463,2021-03-23 09:54:00,45.35,45.75,44.8,45.4,28875,541275,48.51,45.25,45.35
18464,2021-03-23 09:55:00,44.7,44.7,42.8,43.45,89850,541275,48.2,43.4,43.55
18465,2021-03-23 09:56:00,43.5,43.95,43.2,43.85,29850,545250,48.11,43.85,43.95
18466,2021-03-23 09:57:00,44.3,44.3,41.55,42.4,36525,545250,47.98,42.55,42.65
18467,2021-03-23 09:58:00,41.95,42.9,41.95,42.3,14925,545250,47.92,42.2,42.35
18468,2021-03-23 09:59:00,42.2,43.0,42.15,42.5,13725,551550,47.87,42.4,42.55
18469,2021-03-23 10:00:00,42.8,44.05,42.6,44.05,12975,551550,47.84,43.95,44.1
18470,2021-03-23 10:01:00,44.05,45.7,44.05,45.5,14025,551550,47.81,45.45,45.5
18471,2021-03-23 10:02:00,45.25,45.4,44.3,44.65,17250,548925,47.78,44.5,44.65
18472,2021-03-23 10:03:00,44.5,45.55,43.9,45.2,10200,548925,47.75,45.3,45.45
18473,2021-03-23 10:04:00,45.3,46.6,45.3,46.15,12600,548925,47.74,46.2,46.35
18474,2021-03-23 10:05:00,46.45,47.6,46.15,46.9,25050,550050,47.73,46.9,47.1
18475,2021-03-23 10:06:00,47.25,48.3,47.15,48.25,9975,550050,47.73,48.1,48.25
18476,2021-03-23 10:07:00,48.3,49.25,47.3,47.7,30450,550050,47.75,47.85,47.95
18477,2021-03-23 10:08:00,48.15,48.65,48.0,48.25,18675,553725,47.75,48.25,48.35
18478,2021-03-23 10:09:00,48.2,49.0,47.65,49.0,23250,553725,47.76,48.75,48.9
18479,2021-03-23 10:10:00,48.8,50.85,48.4,50.5,41625,553725,47.81,50.5,50.7
18480,2021-03-23 10:11:00,50.55,50.65,49.5,50.05,28575,545400,47.85,49.95,50.1
18481,2021-03-23 10:12:00,50.3,51.1,49.95,50.65,32400,545400,47.9,50.75,50.95
18482,2021-03-23 10:13:00,50.95,52.45,50.05,51.25,29400,545400,47.95,51.25,51.35
18483,2021-03-23 10:14:00,51.2,51.75,50.0,51.5,27300,545025,47.99,51.45,51.65
18484,2021-03-23 10:15:00,51.65,53.2,50.5,51.05,36075,545025,48.07,51.0,51.2
18485,2021-03-23 10:16:00,51.15,54.25,51.1,53.9,28200,545025,48.14,53.7,53.9
18486,2021-03-23 10:17:00,54.0,54.0,52.3,52.55,19650,540900,48.19,52.55,52.65
18487,2021-03-23 10:18:00,52.55,55.85,52.35,55.85,33825,540900,48.29,55.75,55.95
18488,2021-03-23 10:19:00,55.85,56.0,54.0,54.25,41775,540900,48.43,54.1,54.3
18489,2021-03-23 10:20:00,53.4,54.05,51.45,51.45,29250,542250,48.49,51.25,51.45
18490,2021-03-23 10:21:00,51.15,51.35,49.5,49.75,36075,542250,48.52,49.6,49.8
18491,2021-03-23 10:22:00,49.85,51.0,49.5,51.0,31650,542250,48.55,50.85,51.05
18492,2021-03-23 10:23:00,51.1,51.5,49.3,51.15,24150,531300,48.57,51.15,51.35
18493,2021-03-23 10:24:00,51.45,53.85,51.2,53.85,23700,531300,48.61,53.8,53.95
18494,2021-03-23 10:25:00,54.15,55.6,52.9,55.25,39075,531300,48.72,55.3,55.5
18495,2021-03-23 10:26:00,55.35,55.65,52.95,53.6,37125,526800,48.81,53.6,53.75
18496,2021-03-23 10:27:00,53.8,56.0,53.75,53.75,25200,526800,48.88,53.6,53.8
18497,2021-03-23 10:28:00,53.7,55.9,53.3,54.85,18750,526800,48.93,54.9,55.05
18498,2021-03-23 10:29:00,54.85,55.5,54.15,55.25,16725,522675,48.97,55.2,55.35
18499,2021-03-23 10:30:00,55.55,58.9,55.25,57.95,69900,522675,49.24,57.8,58.0
18500,2021-03-23 10:31:00,57.7,59.45,57.3,57.85,32025,522675,49.36,57.85,58.1
18501,2021-03-23 10:32:00,58.2,58.2,55.35,56.9,24300,527400,49.44,56.75,56.95
18502,2021-03-23 10:33:00,56.6,57.5,54.8,55.7,37500,527400,49.54,55.6,55.8
18503,2021-03-23 10:34:00,56.4,56.8,52.3,53.0,25050,527400,49.58,52.6,52.75
18504,2021-03-23 10:35:00,52.0,52.05,49.2,51.3,54450,525900,49.6,51.3,51.45
18505,2021-03-23 10:36:00,51.25,51.9,50.3,50.45,26175,525900,49.61,50.2,50.35
18506,2021-03-23 10:37:00,50.2,50.25,47.85,49.25,30150,525900,49.6,49.1,49.25
18507,2021-03-23 10:38:00,49.35,49.35,47.4,48.4,21375,534000,49.59,48.4,48.6
18508,2021-03-23 10:39:00,48.55,49.5,47.9,48.55,17100,534000,49.59,48.65,48.8
18509,2021-03-23 10:40:00,48.4,48.95,46.15,48.95,32625,534000,49.56,48.8,48.95
18510,2021-03-23 10:41:00,48.8,49.2,46.5,48.5,19125,538875,49.55,48.35,48.5
18511,2021-03-23 10:42:00,48.5,51.2,48.5,50.9,26025,538875,49.55,50.65,50.85
18512,2021-03-23 10:43:00,50.75,51.95,50.4,51.55,16875,538875,49.56,51.5,51.7
18513,2021-03-23 10:44:00,51.55,51.75,50.0,51.15,18975,550425,49.57,51.0,51.15
18514,2021-03-23 10:45:00,50.9,51.2,48.4,49.35,18525,550425,49.57,49.05,49.2
18515,2021-03-23 10:46:00,49.25,49.25,47.45,49.25,14700,550425,49.56,49.4,49.5
18516,2021-03-23 10:47:00,49.5,51.75,49.5,51.7,12450,557700,49.57,51.75,51.9
18517,2021-03-23 10:48:00,52.0,53.0,51.75,52.25,26775,557700,49.59,52.4,52.55
18518,2021-03-23 10:49:00,52.85,53.75,52.0,52.3,14400,557700,49.61,52.75,52.95
18519,2021-03-23 10:50:00,53.25,53.5,50.95,51.85,19275,560925,49.63,51.65,51.85
18520,2021-03-23 10:51:00,51.7,51.8,48.75,48.8,16425,560925,49.63,48.7,48.85
18521,2021-03-23 10:52:00,49.15,49.35,45.35,45.35,40500,560925,49.59,45.4,45.55
18522,2021-03-23 10:53:00,45.7,45.75,38.05,40.75,138075,584250,49.21,40.9,41.05
18523,2021-03-23 10:54:00,40.6,41.25,29.4,34.05,199425,584250,48.27,33.7,33.75
18524,2021-03-23 10:55:00,33.5,36.15,31.7,36.15,104250,584250,47.81,36.1,36.2
18525,2021-03-23 10:56:00,36.45,37.15,35.05,35.65,57675,582975,47.6,35.6,35.75
18526,2021-03-23 10:57:00,36.2,38.2,34.65,38.15,59175,582975,47.42,38.0,38.2
18527,2021-03-23 10:58:00,38.0,38.9,35.35,36.2,29850,582975,47.32,35.95,36.15
18528,2021-03-23 10:59:00,35.85,37.9,35.85,37.1,16875,572850,47.27,37.0,37.15
18529,2021-03-23 11:00:00,37.15,37.25,35.4,35.45,13725,572850,47.23,35.25,35.45
18530,2021-03-23 11:01:00,35.6,36.65,34.05,34.65,29475,572850,47.13,34.35,34.5
18531,2021-03-23 11:02:00,34.2,36.0,34.0,35.55,19875,570300,47.06,35.55,35.75
18532,2021-03-23 11:03:00,35.0,35.65,33.75,35.05,24450,570300,46.98,35.2,35.35
18533,2021-03-23 11:04:00,35.5,35.55,34.1,35.2,11925,570300,46.94,35.25,35.35
18534,2021-03-23 11:05:00,35.45,38.9,35.2,38.5,43950,577050,46.83,38.5,38.65
18535,2021-03-23 11:06:00,38.6,38.85,36.75,38.4,15450,577050,46.79,38.3,38.45
18536,2021-03-23 11:07:00,38.3,39.4,38.0,38.2,13050,577050,46.76,38.05,38.25
18537,2021-03-23 11:08:00,38.35,40.2,38.35,39.1,13575,577650,46.73,38.85,39.0
18538,2021-03-23 11:09:00,39.15,40.1,38.15,39.25,15225,577650,46.7,39.2,39.4
18539,2021-03-23 11:10:00,39.35,41.05,37.65,38.35,22650,577650,46.66,38.2,38.35
18540,2021-03-23 11:11:00,37.9,38.9,36.9,38.6,13575,579675,46.63,38.3,38.45
18541,2021-03-23 11:12:00,38.8,40.1,38.5,39.35,15000,579675,46.6,39.0,39.15
18542,2021-03-23 11:13:00,39.1,39.8,37.75,38.65,18075,579675,46.56,38.55,38.75
18543,2021-03-23 11:14:00,38.55,40.5,37.9,40.0,21600,578400,46.52,39.8,40.05
18544,2021-03-23 11:15:00,40.3,41.45,39.25,39.4,28650,578400,46.47,39.3,39.5
18545,2021-03-23 11:16:00,39.5,42.15,39.5,42.0,35025,578400,46.42,41.75,42.0
18546,2021-03-23 11:17:00,41.95,42.15,40.25,41.7,20400,579600,46.39,41.7,41.9
18547,2021-03-23 11:18:00,41.95,41.95,39.65,39.65,18450,579600,46.37,39.7,39.9
18548,2021-03-23 11:19:00,39.55,40.2,37.0,37.4,30375,579600,46.31,37.3,37.5
18549,2021-03-23 11:20:00,37.2,37.7,34.9,37.6,38400,579150,46.21,37.65,37.85
18550,2021-03-23 11:21:00,37.65,40.85,37.4,40.85,28425,579150,46.16,40.8,41.0
18551,2021-03-23 11:22:00,40.95,41.15,39.3,39.85,31950,579150,46.12,39.95,40.1
18552,2021-03-23 11:23:00,39.95,41.05,38.75,40.5,35475,582750,46.06,40.4,40.6
18553,2021-03-23 11:24:00,40.3,40.55,39.2,40.2,23175,582750,46.03,40.1,40.35
18554,2021-03-23 11:25:00,40.85,41.4,38.55,39.55,28200,582750,45.98,39.5,39.75
18555,2021-03-23 11:26:00,39.5,40.25,38.35,40.0,15300,582225,45.96,39.9,40.05
18556,2021-03-23 11:27:00,40.2,40.85,39.2,39.95,19500,582225,45.93,39.95,40.2
18557,2021-03-23 11:28:00,40.15,40.35,39.25,40.2,15225,582225,45.91,40.1,40.3
18558,2021-03-23 11:29:00,40.5,43.6,40.4,42.35,48450,581775,45.87,42.1,42.3
18559,2021-03-23 11:30:00,42.1,42.8,40.95,42.35,21075,581775,45.85,42.3,42.55
18560,2021-03-23 11:31:00,42.5,45.4,42.0,44.6,44175,581775,45.82,44.8,45.0
18561,2021-03-23 11:32:00,45.1,49.1,44.2,49.1,44400,569100,45.83,49.0,49.25
18562,2021-03-23 11:33:00,49.95,55.85,49.2,55.85,124650,569100,46.04,55.55,55.9
18563,2021-03-23 11:34:00,55.65,63.1,55.0,55.8,130575,569100,46.41,55.4,55.7
18564,2021-03-23 11:35:00,56.3,59.8,50.95,51.6,63375,537900,46.55,51.5,51.8
18565,2021-03-23 11:36:00,50.95,59.1,50.95,57.25,49650,537900,46.66,57.2,57.45
18566,2021-03-23 11:37:00,57.65,57.65,52.0,54.2,25875,537900,46.7,53.95,54.25
18567,2021-03-23 11:38:00,54.15,54.2,49.6,52.55,48450,532950,46.75,52.5,52.65
18568,2021-03-23 11:39:00,52.65,53.45,47.35,47.65,37125,532950,46.77,47.55,47.8
18569,2021-03-23 11:40:00,48.0,52.7,48.0,52.65,38625,532950,46.81,52.65,52.85
18570,2021-03-23 11:41:00,52.75,53.9,50.9,52.75,43800,527625,46.86,52.6,52.8
18571,2021-03-23 11:42:00,52.65,53.1,49.3,51.05,19500,527625,46.87,50.65,50.8
18572,2021-03-23 11:43:00,51.4,52.7,49.65,52.15,25275,527625,46.9,52.2,52.45
18573,2021-03-23 11:44:00,52.35,54.65,51.35,53.2,36225,540675,46.94,53.2,53.45
18574,2021-03-23 11:45:00,53.25,56.45,53.25,54.3,33150,540675,47.0,53.9,54.1
18575,2021-03-23 11:46:00,53.9,55.4,52.15,52.3,23475,540675,47.03,52.25,52.45
18576,2021-03-23 11:47:00,52.25,55.2,51.75,54.2,19575,537525,47.06,53.5,53.65
18577,2021-03-23 11:48:00,53.85,56.0,53.5,55.25,21900,537525,47.09,55.15,55.4
18578,2021-03-23 11:49:00,55.7,58.85,54.75,58.85,32325,537525,47.15,58.65,58.8
18579,2021-03-23 11:50:00,59.35,59.5,54.65,55.65,34275,540975,47.21,55.45,55.65
18580,2021-03-23 11:51:00,55.5,56.3,51.65,52.6,30300,540975,47.25,52.75,52.95
18581,2021-03-23 11:52:00,52.75,54.6,52.0,53.75,14100,540975,47.27,54.05,54.2
18582,2021-03-23 11:53:00,54.1,54.1,51.8,53.0,10950,538950,47.28,52.65,52.85
18583,2021-03-23 11:54:00,53.15,56.65,53.15,55.1,12825,538950,47.3,55.05,55.3
18584,2021-03-23 11:55:00,55.3,55.6,52.7,52.7,10950,538950,47.31,52.6,52.7
18585,2021-03-23 11:56:00,52.6,52.6,49.9,50.4,27900,542325,47.33,50.2,50.4
18586,2021-03-23 11:57:00,51.3,51.8,45.05,46.4,44325,542325,47.33,46.4,46.65
18587,2021-03-23 11:58:00,46.35,47.9,44.65,47.9,20850,542325,47.33,47.95,48.1
18588,2021-03-23 11:59:00,47.85,48.85,47.2,47.75,19200,542325,47.33,47.65,47.85
18589,2021-03-23 12:00:00,47.65,50.15,47.35,50.0,10350,547575,47.33,49.95,50.2
18590,2021-03-23 12:01:00,50.4,51.25,48.75,49.6,15375,547575,47.34,49.35,49.6
18591,2021-03-23 12:02:00,49.65,49.65,45.8,46.3,11400,547575,47.34,46.25,46.4
18592,2021-03-23 12:03:00,46.05,46.4,42.0,43.75,41175,554175,47.32,43.5,43.65
18593,2021-03-23 12:04:00,43.45,44.5,42.7,43.05,15900,554175,47.31,43.1,43.3
18594,2021-03-23 12:05:00,43.3,45.7,43.3,44.85,14775,554175,47.3,44.65,44.9
18595,2021-03-23 12:06:00,44.9,45.7,42.45,42.7,14625,564375,47.29,42.7,42.9
18596,2021-03-23 12:07:00,42.85,45.3,42.35,45.05,7725,564375,47.29,45.1,45.3
18597,2021-03-23 12:08:00,45.25,45.3,43.75,43.75,7425,564375,47.28,43.7,43.8
18598,2021-03-23 12:09:00,43.8,44.85,43.0,44.85,8025,565800,47.28,44.85,45.0
18599,2021-03-23 12:10:00,44.85,47.55,44.85,46.4,16575,565800,47.28,46.2,46.35
18600,2021-03-23 12:11:00,46.15,48.95,45.85,48.75,10800,565800,47.28,48.5,48.65
18601,2021-03-23 12:12:00,48.25,48.3,45.85,47.25,16800,564600,47.28,47.25,47.5
18602,2021-03-23 12:13:00,47.05,48.1,46.8,47.4,8400,564600,47.28,47.2,47.45
18603,2021-03-23 12:14:00,47.55,47.85,45.0,45.3,7050,564600,47.28,45.7,45.85
18604,2021-03-23 12:15:00,45.65,48.55,45.65,47.85,10950,567525,47.28,47.85,48.05
18605,2021-03-23 12:16:00,47.7,50.75,47.65,50.75,16350,567525,47.28,50.65,50.75
18606,2021-03-23 12:17:00,50.75,54.7,50.55,53.6,38625,567525,47.32,53.65,53.85
18607,2021-03-23 12:18:00,53.75,53.75,50.6,51.5,25650,563025,47.34,51.2,51.4
18608,2021-03-23 12:19:00,51.5,51.5,49.8,51.15,12000,563025,47.35,50.85,51.05
18609,2021-03-23 12:20:00,51.2,54.3,51.2,53.9,24450,563025,47.37,53.85,54.0
18610,2021-03-23 12:21:00,53.45,55.05,52.65,53.15,41625,567075,47.42,52.9,53.05
18611,2021-03-23 12:22:00,53.05,54.15,50.05,50.35,30225,567075,47.44,50.15,50.35
18612,2021-03-23 12:23:00,50.0,50.8,47.5,49.7,24600,567075,47.45,49.7,49.85
18613,2021-03-23 12:24:00,49.9,53.75,49.9,52.6,27975,567000,47.47,52.75,52.9
18614,2021-03-23 12:25:00,52.6,53.75,49.9,51.5,24225,567000,47.49,51.4,51.6
18615,2021-03-23 12:26:00,51.25,51.35,48.3,48.9,24075,567000,47.5,49.0,49.2
18616,2021-03-23 12:27:00,48.85,51.5,48.0,48.1,18075,578400,47.5,48.05,48.2
18617,2021-03-23 12:28:00,48.2,50.6,48.2,50.6,17025,578400,47.51,50.15,50.3
18618,2021-03-23 12:29:00,50.05,51.85,49.4,50.7,9000,578400,47.51,50.7,50.9
18619,2021-03-23 12:30:00,51.3,51.65,48.75,49.35,23175,578850,47.52,49.55,49.65
18620,2021-03-23 12:31:00,49.0,51.85,48.15,50.4,24000,578850,47.53,50.0,50.2
18621,2021-03-23 12:32:00,50.25,50.25,46.85,47.2,25575,578850,47.54,47.0,47.2
18622,2021-03-23 12:33:00,46.75,47.25,41.0,44.5,69975,593400,47.49,44.1,44.3
18623,2021-03-23 12:34:00,44.85,45.7,43.5,45.05,17475,593400,47.48,44.95,45.1
18624,2021-03-23 12:35:00,44.65,45.0,42.25,42.25,14475,593400,47.47,42.1,42.3
18625,2021-03-23 12:36:00,42.3,44.85,42.25,43.5,16425,593850,47.46,43.2,43.4
18626,2021-03-23 12:37:00,43.5,45.1,43.05,45.1,7950,593850,47.46,44.85,45.0
18627,2021-03-23 12:38:00,44.7,45.25,43.1,44.6,13050,593850,47.45,44.5,44.65
18628,2021-03-23 12:39:00,44.4,47.7,44.4,46.4,20550,594075,47.45,46.3,46.5
18629,2021-03-23 12:40:00,46.3,47.7,46.3,46.3,11850,594075,47.45,46.4,46.55
18630,2021-03-23 12:41:00,46.3,46.3,44.75,45.15,12825,594075,47.44,45.1,45.25
18631,2021-03-23 12:42:00,44.2,45.8,43.75,44.6,12150,592575,47.44,44.3,44.45
18632,2021-03-23 12:43:00,44.0,44.6,43.45,43.55,9225,592575,47.43,43.2,43.4
18633,2021-03-23 12:44:00,43.25,44.1,42.4,44.1,12300,592575,47.42,43.9,44.1
18634,2021-03-23 12:45:00,44.2,44.2,38.55,39.5,90150,588375,47.31,39.15,39.3
18635,2021-03-23 12:46:00,39.35,40.4,38.95,40.15,21075,588375,47.29,40.0,40.2
18636,2021-03-23 12:47:00,39.9,39.9,37.05,38.5,28050,588375,47.24,38.2,38.35
18637,2021-03-23 12:48:00,37.8,40.05,37.8,39.75,21900,596100,47.22,39.45,39.55
18638,2021-03-23 12:49:00,39.65,40.85,39.25,39.3,16275,596100,47.2,39.25,39.4
18639,2021-03-23 12:50:00,39.3,41.05,39.1,39.2,16275,596100,47.18,39.0,39.15
18640,2021-03-23 12:51:00,39.4,41.65,39.4,41.65,12300,599325,47.17,41.5,41.65
18641,2021-03-23 12:52:00,40.85,40.85,38.55,39.1,12075,599325,47.15,38.9,39.05
18642,2021-03-23 12:53:00,38.95,39.25,37.8,38.35,19725,599325,47.13,38.2,38.3
18643,2021-03-23 12:54:00,38.3,38.4,35.45,35.9,51450,602775,47.04,35.7,35.9
18644,2021-03-23 12:55:00,36.15,37.95,35.6,37.25,21450,602775,47.01,37.2,37.35
18645,2021-03-23 12:56:00,37.3,38.85,37.3,38.3,21600,602775,46.98,38.2,38.3
18646,2021-03-23 12:57:00,38.4,40.35,38.4,39.0,32550,594225,46.94,38.85,38.95
18647,2021-03-23 12:58:00,39.6,39.9,39.3,39.4,9375,594225,46.93,39.2,39.35
18648,2021-03-23 12:59:00,39.0,41.5,38.35,41.45,29250,594225,46.89,41.2,41.3
18649,2021-03-23 13:00:00,41.4,42.7,40.85,41.0,19500,594675,46.88,40.9,41.05
18650,2021-03-23 13:01:00,41.0,42.3,40.6,40.6,15375,594675,46.87,40.35,40.55
18651,2021-03-23 13:02:00,40.25,40.4,37.5,38.55,20400,594675,46.84,38.5,38.65
18652,2021-03-23 13:03:00,38.4,39.9,38.15,39.3,11925,601050,46.83,39.05,39.25
18653,2021-03-23 13:04:00,38.8,39.6,38.25,39.35,8700,601050,46.82,39.2,39.35
18654,2021-03-23 13:05:00,39.5,41.0,39.5,40.7,17025,601050,46.8,40.55,40.7
18655,2021-03-23 13:06:00,40.55,41.45,40.05,41.1,11925,602325,46.79,40.8,40.95
18656,2021-03-23 13:07:00,40.65,42.45,39.85,42.0,13800,602325,46.78,41.9,42.1
18657,2021-03-23 13:08:00,42.1,42.6,41.5,41.5,10050,602325,46.77,41.45,41.6
18658,2021-03-23 13:09:00,41.6,41.8,38.9,38.95,18525,606525,46.75,38.85,39.05
18659,2021-03-23 13:10:00,39.25,41.5,39.25,41.35,9750,606525,46.74,41.1,41.3
18660,2021-03-23 13:11:00,41.1,41.3,39.2,39.3,5775,606525,46.74,39.3,39.5
18661,2021-03-23 13:12:00,39.6,39.65,36.45,38.3,16050,611475,46.72,38.35,38.55
18662,2021-03-23 13:13:00,38.5,39.4,37.75,38.85,7350,611475,46.71,38.6,38.8
18663,2021-03-23 13:14:00,39.2,39.4,37.65,37.65,11850,611475,46.69,37.55,37.8
18664,2021-03-23 13:15:00,37.4,39.15,37.0,38.55,12675,622875,46.68,38.75,39.0
18665,2021-03-23 13:16:00,38.9,40.2,38.5,39.75,14325,622875,46.66,39.55,39.75
18666,2021-03-23 13:17:00,39.8,43.15,39.75,41.95,29475,622875,46.64,41.95,42.1
18667,2021-03-23 13:18:00,41.85,42.95,40.6,42.25,23250,628500,46.63,42.2,42.4
18668,2021-03-23 13:19:00,42.1,42.2,40.8,41.25,29550,628500,46.61,41.0,41.25
18669,2021-03-23 13:20:00,41.2,43.55,41.2,42.6,19425,628500,46.59,42.35,42.6
18670,2021-03-23 13:21:00,42.65,42.65,41.5,42.15,7350,616575,46.59,42.3,42.55
18671,2021-03-23 13:22:00,42.0,42.0,38.9,40.65,22575,616575,46.57,40.4,40.6
18672,2021-03-23 13:23:00,40.35,40.35,39.35,40.15,5250,616575,46.56,40.15,40.3
18673,2021-03-23 13:24:00,40.1,40.65,38.45,40.15,9300,616575,46.55,40.0,40.2
18674,2021-03-23 13:25:00,39.55,39.55,36.4,36.4,21675,616575,46.53,36.3,36.5
18675,2021-03-23 13:26:00,36.45,37.5,35.6,36.9,52800,616575,46.45,36.5,36.65
18676,2021-03-23 13:27:00,36.45,36.45,33.35,33.6,53475,632175,46.36,33.7,33.85
18677,2021-03-23 13:28:00,33.7,36.5,33.7,35.9,29175,632175,46.31,35.8,35.9
18678,2021-03-23 13:29:00,35.8,36.4,35.3,35.95,13050,632175,46.29,35.8,35.95
18679,2021-03-23 13:30:00,36.2,38.2,36.2,37.4,29925,646350,46.26,37.25,37.45
18680,2021-03-23 13:31:00,37.45,38.65,36.4,38.2,18675,646350,46.24,38.0,38.25
18681,2021-03-23 13:32:00,37.7,39.0,37.35,38.35,13875,646350,46.22,38.25,38.5
18682,2021-03-23 13:33:00,38.25,39.4,37.65,37.9,13275,651975,46.21,37.6,37.8
18683,2021-03-23 13:34:00,38.05,38.05,36.15,37.25,12150,651975,46.19,37.15,37.35
18684,2021-03-23 13:35:00,37.3,40.2,37.3,40.15,24825,651975,46.17,40.3,40.5
18685,2021-03-23 13:36:00,40.25,46.55,39.9,46.55,66150,656100,46.15,46.5,46.65
18686,2021-03-23 13:37:00,45.9,48.45,44.05,44.85,70200,656100,46.15,44.6,44.85
18687,2021-03-23 13:38:00,45.0,46.95,44.35,45.45,40950,656100,46.15,45.4,45.65
18688,2021-03-23 13:39:00,44.7,45.1,41.9,43.75,38100,667800,46.13,43.65,43.85
18689,2021-03-23 13:40:00,43.6,44.25,38.8,40.0,40725,667800,46.1,40.05,40.3
18690,2021-03-23 13:41:00,39.9,42.0,39.0,39.45,21375,667800,46.09,39.2,39.45
18691,2021-03-23 13:42:00,39.05,40.95,38.95,40.35,16650,673125,46.07,40.1,40.4
18692,2021-03-23 13:43:00,40.1,40.1,37.05,38.15,28200,673125,46.04,38.0,38.25
18693,2021-03-23 13:44:00,37.5,37.75,34.3,35.95,49650,673125,45.97,35.9,36.1
18694,2021-03-23 13:45:00,36.05,36.15,34.4,36.1,16875,669900,45.95,36.1,36.25
18695,2021-03-23 13:46:00,36.4,38.0,35.5,38.0,13800,669900,45.93,37.75,38.05
18696,2021-03-23 13:47:00,37.65,38.0,35.35,37.3,16350,669900,45.91,37.0,37.15
18697,2021-03-23 13:48:00,37.05,37.85,35.5,35.75,8925,666600,45.9,35.5,35.7
18698,2021-03-23 13:49:00,35.6,35.7,34.0,35.05,31500,666600,45.85,35.0,35.15
18699,2021-03-23 13:50:00,35.15,36.2,31.8,32.45,44100,666600,45.79,32.6,32.75
18700,2021-03-23 13:51:00,32.75,34.1,31.65,33.45,44325,676200,45.71,33.4,33.55
18701,2021-03-23 13:52:00,33.25,33.25,31.75,32.5,55125,676200,45.62,32.45,32.55
18702,2021-03-23 13:53:00,32.45,32.85,29.65,30.05,83775,676200,45.46,29.9,30.1
18703,2021-03-23 13:54:00,30.05,31.95,30.05,31.2,30900,684975,45.41,31.2,31.35
18704,2021-03-23 13:55:00,31.35,33.4,30.85,32.85,45450,684975,45.33,32.75,32.95
18705,2021-03-23 13:56:00,32.5,33.35,30.4,32.6,43575,684975,45.26,32.55,32.7
18706,2021-03-23 13:57:00,32.9,33.55,31.25,31.5,29550,679575,45.21,31.35,31.55
18707,2021-03-23 13:58:00,30.8,32.3,30.2,31.95,24525,679575,45.17,31.85,32.05
18708,2021-03-23 13:59:00,32.1,32.95,31.65,32.05,18600,679575,45.14,31.7,31.85
18709,2021-03-23 14:00:00,31.9,34.2,31.05,33.15,38325,675525,45.09,33.15,33.3
18710,2021-03-23 14:01:00,33.45,35.2,32.8,34.75,28650,675525,45.05,34.65,34.85
18711,2021-03-23 14:02:00,35.0,35.05,34.25,34.5,14475,675525,45.03,34.45,34.65
18712,2021-03-23 14:03:00,34.6,34.85,33.3,34.35,26850,671925,44.99,34.05,34.3
18713,2021-03-23 14:04:00,33.95,34.75,31.65,32.7,23850,671925,44.96,32.7,32.9
18714,2021-03-23 14:05:00,32.6,33.95,31.9,33.8,37125,671925,44.91,33.7,33.95
18715,2021-03-23 14:06:00,33.85,33.9,31.2,32.0,24000,659550,44.87,32.0,32.2
18716,2021-03-23 14:07:00,31.8,32.15,30.5,32.15,36225,659550,44.81,32.05,32.2
18717,2021-03-23 14:08:00,31.95,32.05,29.85,30.95,29400,659550,44.76,30.85,31.0
18718,2021-03-23 14:09:00,30.75,31.15,29.95,31.1,19275,651525,44.73,31.0,31.15
18719,2021-03-23 14:10:00,31.1,31.3,29.15,29.85,32250,651525,44.67,29.85,30.05
18720,2021-03-23 14:11:00,29.6,30.55,29.2,30.45,25125,651525,44.63,30.35,30.5
18721,2021-03-23 14:12:00,30.15,31.75,29.75,31.05,32325,650850,44.57,30.95,31.15
18722,2021-03-23 14:13:00,30.95,31.7,30.15,30.6,19125,650850,44.54,30.55,30.65
18723,2021-03-23 14:14:00,30.65,30.65,28.9,30.1,37875,650850,44.48,30.0,30.15
18724,2021-03-23 14:15:00,30.1,30.1,27.45,29.15,45600,660450,44.39,29.05,29.2
18725,2021-03-23 14:16:00,29.0,31.7,28.9,31.7,40200,660450,44.33,31.6,31.75
18726,2021-03-23 14:17:00,31.7,31.8,23.85,25.7,111150,660450,44.1,25.55,25.75
18727,2021-03-23 14:18:00,26.0,26.75,25.5,26.35,75600,666450,43.94,26.25,26.35
18728,2021-03-23 14:19:00,26.35,26.35,25.3,25.75,74775,666450,43.79,25.7,25.85
18729,2021-03-23 14:20:00,25.6,25.6,22.9,24.0,99000,666450,43.57,24.0,24.1
18730,2021-03-23 14:21:00,24.1,24.7,23.25,24.7,61050,675225,43.44,24.6,24.7
18731,2021-03-23 14:22:00,24.75,24.9,24.3,24.6,30225,675225,43.38,24.65,24.8
18732,2021-03-23 14:23:00,24.85,24.95,22.85,23.95,63375,675225,43.24,23.8,23.95
18733,2021-03-23 14:24:00,23.7,24.0,22.7,22.85,34800,673125,43.17,22.6,22.75
18734,2021-03-23 14:25:00,22.3,22.95,21.25,22.8,93225,673125,42.95,22.7,22.8
18735,2021-03-23 14:26:00,22.65,23.25,21.4,22.1,63900,673125,42.81,22.05,22.2
18736,2021-03-23 14:27:00,21.95,23.55,21.95,23.45,60225,660750,42.68,23.3,23.45
18737,2021-03-23 14:28:00,23.2,24.55,23.1,23.8,37275,660750,42.61,23.9,24.05
18738,2021-03-23 14:29:00,24.1,24.5,23.55,24.4,32625,660750,42.55,24.3,24.45
18739,2021-03-23 14:30:00,23.85,25.85,23.35,25.5,63300,659850,42.43,25.35,25.5
18740,2021-03-23 14:31:00,25.4,26.05,24.35,24.4,40425,659850,42.36,24.3,24.4
18741,2021-03-23 14:32:00,24.15,24.5,23.2,24.4,34875,659850,42.29,24.25,24.35
18742,2021-03-23 14:33:00,24.3,24.4,23.4,23.9,14025,675075,42.26,23.9,24.0
18743,2021-03-23 14:34:00,24.0,24.15,22.35,23.5,32325,675075,42.2,23.45,23.5
18744,2021-03-23 14:35:00,23.35,24.6,23.2,24.6,35475,675075,42.13,24.55,24.65
18745,2021-03-23 14:36:00,24.8,24.95,22.95,23.15,26250,668400,42.08,22.95,23.05
18746,2021-03-23 14:37:00,23.45,24.2,23.1,24.15,9975,668400,42.06,24.0,24.1
18747,2021-03-23 14:38:00,24.1,24.35,23.45,24.15,20400,668400,42.03,23.95,24.1
18748,2021-03-23 14:39:00,23.95,24.3,23.6,23.9,17850,672750,41.99,23.85,23.95
18749,2021-03-23 14:40:00,23.8,24.0,22.35,22.4,18525,672750,41.96,22.3,22.4
18750,2021-03-23 14:41:00,22.25,22.35,21.55,21.95,36225,672750,41.88,21.8,21.95
18751,2021-03-23 14:42:00,21.9,21.9,20.1,20.8,43650,682875,41.79,20.7,20.8
18752,2021-03-23 14:43:00,20.7,21.65,20.6,21.6,16275,682875,41.76,21.5,21.6
18753,2021-03-23 14:44:00,21.55,21.55,20.55,21.3,46950,682875,41.66,21.25,21.35
18754,2021-03-23 14:45:00,21.15,22.25,21.1,22.0,45375,669075,41.57,22.0,22.15
18755,2021-03-23 14:46:00,22.5,22.75,22.0,22.55,26100,669075,41.52,22.45,22.6
18756,2021-03-23 14:47:00,22.3,23.0,22.3,23.0,21000,669075,41.48,22.9,23.0
18757,2021-03-23 14:48:00,22.95,23.6,22.75,23.5,7800,664125,41.46,23.5,23.65
18758,2021-03-23 14:49:00,23.55,23.55,22.7,23.0,14850,664125,41.43,22.75,22.85
18759,2021-03-23 14:50:00,22.7,23.5,21.1,21.1,15525,664125,41.4,20.9,21.05
18760,2021-03-23 14:51:00,21.05,22.0,20.7,21.7,38250,653475,41.33,21.5,21.6
18761,2021-03-23 14:52:00,21.5,22.15,21.4,21.75,14250,653475,41.3,21.75,21.9
18762,2021-03-23 14:53:00,21.85,22.25,21.5,22.2,9450,653475,41.28,22.25,22.4
18763,2021-03-23 14:54:00,22.3,22.85,21.9,22.7,10875,648600,41.26,22.6,22.75
18764,2021-03-23 14:55:00,22.75,23.3,22.7,23.3,13575,648600,41.24,23.15,23.25
18765,2021-03-23 14:56:00,22.9,23.35,21.95,22.5,13575,648600,41.21,22.45,22.6
18766,2021-03-23 14:57:00,22.7,24.35,22.65,24.1,18900,646425,41.18,23.95,24.15
18767,2021-03-23 14:58:00,24.1,24.35,23.1,24.2,10725,646425,41.16,24.05,24.2
18768,2021-03-23 14:59:00,23.8,25.5,23.2,25.4,25200,646425,41.12,25.3,25.4
18769,2021-03-23 15:00:00,25.35,25.6,23.9,24.85,34575,648375,41.07,24.85,25.0
18770,2021-03-23 15:01:00,25.1,26.9,24.9,25.05,52650,648375,40.99,24.95,25.1
18771,2021-03-23 15:02:00,25.3,26.55,24.3,24.65,32700,648375,40.94,24.65,24.8
18772,2021-03-23 15:03:00,24.8,27.35,24.8,27.0,50700,668325,40.87,26.55,26.75
18773,2021-03-23 15:04:00,26.8,27.2,25.65,26.55,46500,668325,40.8,26.3,26.45
18774,2021-03-23 15:05:00,26.45,27.4,25.55,27.05,29175,668325,40.76,27.05,27.2
18775,2021-03-23 15:06:00,27.0,27.55,25.15,25.3,36225,674250,40.71,25.25,25.4
18776,2021-03-23 15:07:00,25.35,25.6,23.5,24.2,36075,674250,40.66,24.15,24.25
18777,2021-03-23 15:08:00,24.1,25.55,24.0,25.4,23850,674250,40.62,25.5,25.65
18778,2021-03-23 15:09:00,25.7,27.45,25.7,27.3,33750,678900,40.58,27.25,27.4
18779,2021-03-23 15:10:00,27.45,27.8,26.85,26.85,22500,678900,40.55,26.8,26.95
18780,2021-03-23 15:11:00,26.7,27.4,25.6,25.6,17550,678900,40.53,25.45,25.6
18781,2021-03-23 15:12:00,25.7,27.3,25.6,25.7,23850,677175,40.5,25.55,25.7
18782,2021-03-23 15:13:00,25.8,26.0,24.5,26.0,45525,677175,40.43,25.95,26.1
18783,2021-03-23 15:14:00,26.05,26.8,25.15,25.8,38175,677175,40.38,25.7,25.85
18784,2021-03-23 15:15:00,25.85,26.55,25.55,26.0,26250,680475,40.34,25.95,26.15
18785,2021-03-23 15:16:00,25.7,26.05,24.8,25.15,34050,680475,40.3,25.05,25.2
18786,2021-03-23 15:17:00,25.05,25.9,25.0,25.65,24750,680475,40.26,25.6,25.7
18787,2021-03-23 15:18:00,25.3,26.15,25.0,26.15,28875,685350,40.22,26.1,26.25
18788,2021-03-23 15:19:00,26.05,27.9,25.9,27.45,52500,685350,40.16,27.35,27.5
18789,2021-03-23 15:20:00,27.9,27.9,26.2,26.9,53250,685350,40.1,26.7,26.85
18790,2021-03-23 15:21:00,26.95,28.1,26.4,27.35,42600,674625,40.05,27.25,27.35
18791,2021-03-23 15:22:00,27.35,28.0,26.65,27.5,62925,674625,39.97,27.55,27.7
18792,2021-03-23 15:23:00,27.7,29.2,27.2,29.2,40575,674625,39.93,29.1,29.25
18793,2021-03-23 15:24:00,29.1,29.8,28.8,29.75,43350,675825,39.89,29.75,29.85
18794,2021-03-23 15:25:00,29.75,29.85,28.05,28.25,63675,675825,39.83,28.2,28.35
18795,2021-03-23 15:26:00,28.4,28.5,27.35,27.5,26325,675825,39.8,27.4,27.55
18796,2021-03-23 15:27:00,27.6,28.0,27.4,27.65,42975,675600,39.75,27.45,27.65
18797,2021-03-23 15:28:00,27.5,27.55,27.2,27.3,22275,675600,39.73,27.25,27.45
18798,2021-03-23 15:29:00,27.5,27.55,27.2,27.3,22275,675600,39.73,27.25,27.45
18799,2021-03-23 15:30:00,27.3,27.5,26.3,27.05,38025,675600,39.68,26.3,27.25
18800,2021-03-24 09:15:00,31.95,43.1,31.95,34.75,139425,683175,37.14,34.7,34.85
18801,2021-03-24 09:16:00,35.55,39.4,35.55,39.1,105675,683175,37.44,38.85,39.0
18802,2021-03-24 09:17:00,38.75,40.95,38.0,38.6,92850,712125,38.03,38.6,38.75
18803,2021-03-24 09:18:00,38.6,38.75,36.0,37.6,77775,712125,37.9,37.4,37.5
18804,2021-03-24 09:19:00,37.45,39.0,35.4,38.4,68475,712125,37.79,38.35,38.45
18805,2021-03-24 09:20:00,38.05,38.7,34.65,35.15,74700,708150,37.66,35.05,35.2
18806,2021-03-24 09:21:00,35.15,37.05,35.15,36.15,64050,708150,37.52,36.1,36.2
18807,2021-03-24 09:22:00,36.55,36.55,33.2,35.65,80625,708150,37.22,35.55,35.7
18808,2021-03-24 09:23:00,35.4,35.4,32.75,34.1,66000,712275,36.95,33.95,34.1
18809,2021-03-24 09:24:00,34.05,36.45,34.05,35.9,64425,712275,36.84,35.75,35.9
18810,2021-03-24 09:25:00,35.4,40.35,35.4,40.15,104175,712275,37.03,40.15,40.35
18811,2021-03-24 09:26:00,40.0,40.2,36.5,38.0,66075,722700,37.14,38.05,38.15
18812,2021-03-24 09:27:00,38.05,39.4,36.9,37.45,39375,722700,37.18,37.0,37.15
18813,2021-03-24 09:28:00,37.6,38.75,37.25,38.15,22350,722700,37.2,37.95,38.1
18814,2021-03-24 09:29:00,37.85,38.7,37.2,38.45,35925,690750,37.22,38.4,38.6
18815,2021-03-24 09:30:00,38.8,40.15,37.9,38.75,61500,690750,37.32,38.45,38.6
18816,2021-03-24 09:31:00,38.55,38.7,35.2,35.9,52800,690750,37.29,35.9,36.05
18817,2021-03-24 09:32:00,36.0,36.9,34.9,34.9,39525,697800,37.24,34.7,34.85
18818,2021-03-24 09:33:00,34.25,35.45,34.15,35.45,41025,697800,37.17,35.4,35.5
18819,2021-03-24 09:34:00,35.85,36.85,35.35,35.35,31650,697800,37.14,35.4,35.55
18820,2021-03-24 09:35:00,35.45,36.1,33.0,35.85,47625,715800,37.06,35.65,35.8
18821,2021-03-24 09:36:00,35.5,36.35,35.25,36.0,23400,715800,37.04,35.85,35.95
18822,2021-03-24 09:37:00,35.75,35.75,32.4,32.55,74325,715800,36.87,32.5,32.6
18823,2021-03-24 09:38:00,32.1,34.05,31.5,33.75,52650,733575,36.72,33.65,33.8
18824,2021-03-24 09:39:00,34.05,34.05,32.5,32.75,29625,733575,36.66,32.7,32.85
18825,2021-03-24 09:40:00,32.65,34.05,32.2,32.65,36825,733575,36.58,32.6,32.75
18826,2021-03-24 09:41:00,32.5,33.2,29.35,31.45,92625,754350,36.27,31.5,31.65
18827,2021-03-24 09:42:00,31.65,33.2,31.55,32.9,53175,754350,36.15,32.9,33.05
18828,2021-03-24 09:43:00,32.8,34.2,32.2,33.9,32025,754350,36.1,33.85,33.95
18829,2021-03-24 09:44:00,33.85,35.15,33.7,34.8,57900,766800,36.05,34.7,34.8
18830,2021-03-24 09:45:00,34.85,35.15,33.0,34.1,35925,766800,36.01,34.0,34.2
18831,2021-03-24 09:46:00,33.9,35.5,33.3,35.4,32700,766800,35.99,35.3,35.45
18832,2021-03-24 09:47:00,35.4,35.9,34.3,34.6,44625,771675,35.97,34.7,34.85
18833,2021-03-24 09:48:00,35.0,35.0,33.6,33.85,33975,771675,35.94,33.65,33.8
18834,2021-03-24 09:49:00,33.7,35.15,32.3,34.7,29925,771675,35.91,34.7,34.85
18835,2021-03-24 09:50:00,34.55,35.8,34.4,34.95,24750,778575,35.9,35.1,35.2
18836,2021-03-24 09:51:00,34.9,35.4,33.7,34.6,18000,778575,35.88,34.4,34.55
18837,2021-03-24 09:52:00,34.0,34.15,32.05,33.65,28125,778575,35.85,33.4,33.55
18838,2021-03-24 09:53:00,33.75,35.2,33.75,35.2,29025,791850,35.83,35.25,35.3
18839,2021-03-24 09:54:00,35.5,36.85,35.25,36.75,68025,791850,35.84,36.25,36.4
18840,2021-03-24 09:55:00,36.45,37.95,36.45,37.45,89250,791850,35.9,37.5,37.65
18841,2021-03-24 09:56:00,37.45,38.0,36.3,36.9,33225,787950,35.92,36.7,36.85
18842,2021-03-24 09:57:00,37.15,37.8,35.5,35.6,21150,787950,35.93,35.7,35.85
18843,2021-03-24 09:58:00,35.85,36.3,34.9,36.25,23700,787950,35.92,36.2,36.4
18844,2021-03-24 09:59:00,36.3,37.55,36.3,37.35,23850,786750,35.93,37.5,37.65
18845,2021-03-24 10:00:00,37.65,40.25,37.55,39.8,107250,786750,36.08,39.75,39.85
18846,2021-03-24 10:01:00,40.0,41.95,39.6,40.5,110625,786750,36.28,40.3,40.5
18847,2021-03-24 10:02:00,40.3,44.05,40.3,42.2,103275,800700,36.53,42.25,42.35
18848,2021-03-24 10:03:00,42.55,43.45,40.7,41.6,55350,800700,36.65,41.6,41.75
18849,2021-03-24 10:04:00,41.75,43.35,40.2,42.65,48375,800700,36.74,42.55,42.65
18850,2021-03-24 10:05:00,42.7,47.05,42.7,44.85,111900,809550,37.06,44.6,44.7
18851,2021-03-24 10:06:00,45.0,47.9,45.0,47.05,110850,809550,37.41,47.0,47.05
18852,2021-03-24 10:07:00,47.1,49.3,44.95,45.85,117825,809550,37.76,45.8,45.95
18853,2021-03-24 10:08:00,46.0,47.45,45.25,45.25,108750,902175,38.05,45.25,45.5
18854,2021-03-24 10:09:00,46.0,52.0,45.95,50.3,186075,902175,38.67,50.15,50.35
18855,2021-03-24 10:10:00,50.0,54.7,50.0,50.75,179850,902175,39.34,50.75,51.0
18856,2021-03-24 10:11:00,50.95,51.65,46.2,49.35,141375,952200,39.69,49.35,49.5
18857,2021-03-24 10:12:00,49.95,51.5,48.7,50.75,100050,952200,39.95,50.65,50.8
18858,2021-03-24 10:13:00,51.4,53.2,50.45,51.6,111000,952200,40.28,51.55,51.7
18859,2021-03-24 10:14:00,51.95,53.25,50.1,52.65,84150,1028475,40.53,52.6,52.75
18860,2021-03-24 10:15:00,53.4,57.6,53.4,56.6,179175,1028475,41.18,56.45,56.65
18861,2021-03-24 10:16:00,56.3,60.7,56.2,57.9,149250,1028475,41.78,57.8,58.0
18862,2021-03-24 10:17:00,58.2,59.7,57.8,57.8,68400,998400,42.04,57.8,57.95
18863,2021-03-24 10:18:00,58.15,68.35,57.95,68.0,219450,998400,43.08,67.9,68.05
18864,2021-03-24 10:19:00,70.4,76.85,69.05,75.95,352050,998400,45.18,75.75,75.95
18865,2021-03-24 10:20:00,77.6,79.35,68.2,68.2,200325,934725,46.3,67.9,68.15
18866,2021-03-24 10:21:00,68.1,71.95,64.55,68.25,159525,934725,46.95,68.3,68.45
18867,2021-03-24 10:22:00,67.9,68.1,62.65,65.65,118875,934725,47.35,65.45,65.6
18868,2021-03-24 10:23:00,65.3,66.0,61.3,64.25,77775,925425,47.58,64.2,64.45
18869,2021-03-24 10:24:00,63.9,66.85,63.9,64.55,50775,925425,47.74,64.5,64.65
18870,2021-03-24 10:25:00,64.4,64.75,59.7,59.7,84825,925425,47.96,59.4,59.65
18871,2021-03-24 10:26:00,60.1,63.1,58.8,61.8,67350,947700,48.1,61.6,61.85
18872,2021-03-24 10:27:00,61.6,63.0,59.55,60.85,41325,947700,48.2,60.75,60.95
18873,2021-03-24 10:28:00,60.4,60.95,57.55,59.75,57450,947700,48.31,59.4,59.6
18874,2021-03-24 10:29:00,59.85,67.35,59.85,67.35,89400,947775,48.54,67.2,67.45
18875,2021-03-24 10:30:00,67.2,67.7,64.5,65.45,77100,947775,48.78,65.4,65.65
18876,2021-03-24 10:31:00,65.5,66.4,62.75,64.75,37875,947775,48.88,64.75,64.85
18877,2021-03-24 10:32:00,65.45,67.0,62.0,62.1,45450,953850,48.99,61.9,62.1
18878,2021-03-24 10:33:00,62.45,64.85,62.25,62.85,30450,953850,49.07,62.8,63.05
18879,2021-03-24 10:34:00,62.7,64.95,61.8,64.05,31500,953850,49.14,63.65,63.85
18880,2021-03-24 10:35:00,63.6,64.4,58.5,59.3,69750,958575,49.27,59.35,59.5
18881,2021-03-24 10:36:00,58.95,60.45,56.55,60.45,69825,958575,49.37,60.4,60.55
18882,2021-03-24 10:37:00,60.75,65.0,60.0,63.6,51075,958575,49.48,63.25,63.5
18883,2021-03-24 10:38:00,63.7,63.7,58.7,60.45,44550,975075,49.55,60.25,60.5
18884,2021-03-24 10:39:00,59.9,65.4,58.9,65.35,59175,975075,49.68,65.55,65.65
18885,2021-03-24 10:40:00,65.75,70.45,65.4,70.45,116325,975075,50.01,70.25,70.45
18886,2021-03-24 10:41:00,70.35,70.85,65.05,65.3,82050,972000,50.23,65.75,66.0
18887,2021-03-24 10:42:00,66.0,67.4,61.7,62.05,46125,972000,50.33,61.6,61.8
18888,2021-03-24 10:43:00,61.7,62.75,60.0,61.0,44250,972000,50.4,60.6,60.85
18889,2021-03-24 10:44:00,61.2,61.7,59.2,59.9,43425,998550,50.46,59.5,59.7
18890,2021-03-24 10:45:00,59.6,65.15,59.6,65.15,40275,998550,50.53,64.9,65.1
18891,2021-03-24 10:46:00,64.85,65.9,62.0,62.05,32625,998550,50.6,62.0,62.1
18892,2021-03-24 10:47:00,61.65,63.35,60.8,63.25,29325,1007925,50.65,62.85,63.05
18893,2021-03-24 10:48:00,62.85,63.95,61.8,62.6,20400,1007925,50.68,62.35,62.55
18894,2021-03-24 10:49:00,62.6,64.9,61.75,62.0,15375,1007925,50.71,61.8,61.95
18895,2021-03-24 10:50:00,61.85,63.0,59.95,61.35,38925,1014825,50.77,61.3,61.55
18896,2021-03-24 10:51:00,61.25,74.35,61.25,72.85,186150,1014825,51.28,72.9,73.15
18897,2021-03-24 10:52:00,73.1,74.15,70.0,74.0,101550,1014825,51.58,74.1,74.4
18898,2021-03-24 10:53:00,74.45,78.0,74.45,74.7,167400,987525,52.13,74.65,74.85
18899,2021-03-24 10:54:00,74.7,80.0,74.7,80.0,134700,987525,52.58,79.75,80.0
18900,2021-03-24 10:55:00,80.3,81.9,74.5,76.45,145425,987525,53.06,76.3,76.6
18901,2021-03-24 10:56:00,76.55,77.5,73.5,74.0,69375,992175,53.26,73.6,73.85
18902,2021-03-24 10:57:00,73.6,76.0,70.8,72.25,74850,992175,53.45,71.9,72.2
18903,2021-03-24 10:58:00,71.55,74.4,71.1,73.0,56400,992175,53.59,72.9,73.2
18904,2021-03-24 10:59:00,73.1,73.65,68.15,69.35,69525,983175,53.73,69.15,69.4
18905,2021-03-24 11:00:00,69.55,75.9,69.55,75.45,52725,983175,53.86,75.35,75.6
18906,2021-03-24 11:01:00,75.6,76.85,72.25,72.55,49200,983175,53.99,72.35,72.6
18907,2021-03-24 11:02:00,72.55,73.05,65.1,65.1,85200,978150,54.14,64.95,65.2
18908,2021-03-24 11:03:00,65.2,69.5,64.45,69.5,49125,978150,54.22,69.35,69.6
18909,2021-03-24 11:04:00,69.6,70.0,66.35,66.35,28275,978150,54.27,66.3,66.55
18910,2021-03-24 11:05:00,66.65,68.25,65.15,67.2,47925,986025,54.34,67.1,67.3
18911,2021-03-24 11:06:00,67.0,68.4,62.75,63.7,50850,986025,54.4,63.55,63.75
18912,2021-03-24 11:07:00,63.5,64.9,61.85,63.35,34275,986025,54.43,63.2,63.4
18913,2021-03-24 11:08:00,63.5,67.15,63.5,67.15,30525,993150,54.47,67.05,67.25
18914,2021-03-24 11:09:00,67.5,69.7,66.75,69.05,44775,993150,54.54,69.1,69.4
18915,2021-03-24 11:10:00,69.1,76.85,68.95,73.85,121950,993150,54.82,73.9,74.15
18916,2021-03-24 11:11:00,74.0,75.25,72.55,73.9,42225,983625,54.92,73.65,73.9
18917,2021-03-24 11:12:00,73.9,74.0,68.8,69.7,46425,983625,55.01,69.8,70.05
18918,2021-03-24 11:13:00,69.95,71.25,67.8,69.8,41700,983625,55.08,69.6,69.85
18919,2021-03-24 11:14:00,69.9,71.15,66.15,68.55,26325,994725,55.12,68.25,68.5
18920,2021-03-24 11:15:00,68.5,74.7,68.5,74.2,49950,994725,55.21,74.1,74.4
18921,2021-03-24 11:16:00,73.95,74.6,67.9,69.4,42825,994725,55.28,69.3,69.6
18922,2021-03-24 11:17:00,70.25,70.25,65.85,65.85,50775,1003125,55.36,65.7,65.95
18923,2021-03-24 11:18:00,65.95,70.6,65.25,70.5,32250,1003125,55.4,70.1,70.35
18924,2021-03-24 11:19:00,70.6,72.7,70.3,72.3,39900,1003125,55.47,71.85,72.1
18925,2021-03-24 11:20:00,72.5,78.7,72.5,76.9,118725,991350,55.74,76.5,76.75
18926,2021-03-24 11:21:00,76.95,77.2,71.1,72.7,67950,991350,55.88,72.5,72.75
18927,2021-03-24 11:22:00,72.75,77.2,72.75,75.05,51000,991350,55.99,74.95,75.2
18928,2021-03-24 11:23:00,75.8,75.95,71.75,73.0,38025,1000575,56.06,72.95,73.2
18929,2021-03-24 11:24:00,73.9,77.2,73.9,75.85,45525,1000575,56.16,75.55,75.8
18930,2021-03-24 11:25:00,75.95,77.2,72.0,73.85,38250,1000575,56.23,73.65,73.9
18931,2021-03-24 11:26:00,73.05,74.95,70.5,73.8,37575,1007100,56.3,74.15,74.35
18932,2021-03-24 11:27:00,75.6,75.85,72.2,72.65,40275,1007100,56.37,72.8,73.0
18933,2021-03-24 11:28:00,73.3,74.0,71.9,73.4,26550,1007100,56.42,73.3,73.6
18934,2021-03-24 11:29:00,73.95,85.6,73.95,82.45,256800,1003350,57.08,82.75,83.0
18935,2021-03-24 11:30:00,83.5,84.55,78.65,81.0,152775,1003350,57.47,81.15,81.4
18936,2021-03-24 11:31:00,82.05,84.9,82.05,82.85,107550,1003350,57.75,82.8,83.1
18937,2021-03-24 11:32:00,84.0,90.55,84.0,84.45,202275,1003350,58.34,84.4,84.8
18938,2021-03-24 11:33:00,84.0,89.1,82.85,89.1,82725,967800,58.57,88.75,89.0
18939,2021-03-24 11:34:00,88.6,90.0,86.25,88.0,108600,967800,58.88,88.0,88.25
18940,2021-03-24 11:35:00,88.6,88.95,82.8,85.05,90150,967800,59.11,85.0,85.1
18941,2021-03-24 11:36:00,84.6,89.0,84.6,86.75,78000,993150,59.32,86.75,87.1
18942,2021-03-24 11:37:00,86.8,87.0,83.85,84.55,46200,993150,59.43,84.4,84.7
18943,2021-03-24 11:38:00,86.0,86.25,82.6,83.0,41100,993150,59.53,82.7,83.0
18944,2021-03-24 11:39:00,82.65,83.65,78.55,78.55,80700,1001775,59.69,78.35,78.65
18945,2021-03-24 11:40:00,77.85,81.15,75.75,76.4,77175,1001775,59.82,76.3,76.55
18946,2021-03-24 11:41:00,77.2,80.45,76.9,78.3,51450,1001775,59.91,78.25,78.5
18947,2021-03-24 11:42:00,79.35,80.0,76.25,77.9,33975,1007850,59.97,77.75,78.0
18948,2021-03-24 11:43:00,78.3,78.65,73.35,74.25,80325,1007850,60.08,74.2,74.5
18949,2021-03-24 11:44:00,74.4,75.05,69.15,69.2,97275,1007850,60.19,68.95,69.25
18950,2021-03-24 11:45:00,70.3,74.65,70.3,74.45,49800,1015125,60.24,74.3,74.5
18951,2021-03-24 11:46:00,74.8,75.5,71.75,71.75,43800,1015125,60.3,71.7,71.95
18952,2021-03-24 11:47:00,71.35,71.8,66.5,67.85,84675,1015125,60.36,67.6,67.85
18953,2021-03-24 11:48:00,67.75,67.75,63.0,65.75,89925,1007100,60.4,65.55,65.8
18954,2021-03-24 11:49:00,67.0,69.2,63.3,63.75,56925,1007100,60.43,63.65,63.85
18955,2021-03-24 11:50:00,64.1,66.15,61.95,62.55,53625,1007100,60.45,62.3,62.55
18956,2021-03-24 11:51:00,62.55,68.75,62.55,67.95,72825,1019400,60.48,67.95,68.1
18957,2021-03-24 11:52:00,68.1,68.4,65.2,65.9,27000,1019400,60.49,65.85,66.1
18958,2021-03-24 11:53:00,65.75,68.65,64.7,64.7,54300,1019400,60.52,64.55,64.75
18959,2021-03-24 11:54:00,65.25,65.6,59.6,61.45,104025,1019175,60.53,61.4,61.6
18960,2021-03-24 11:55:00,61.75,63.2,60.95,62.15,38550,1019175,60.54,62.05,62.25
18961,2021-03-24 11:56:00,61.85,66.2,61.8,65.6,49650,1019175,60.55,65.8,66.0
18962,2021-03-24 11:57:00,66.35,66.4,61.65,62.9,32175,1033200,60.56,62.65,62.85
18963,2021-03-24 11:58:00,62.85,65.45,62.85,65.3,23025,1033200,60.57,65.3,65.55
18964,2021-03-24 11:59:00,65.45,65.45,60.1,60.6,47550,1033200,60.58,60.8,61.0
18965,2021-03-24 12:00:00,60.95,62.0,56.2,60.2,103650,1041750,60.56,59.95,60.15
18966,2021-03-24 12:01:00,60.5,61.5,58.05,58.3,51375,1041750,60.55,58.0,58.2
18967,2021-03-24 12:02:00,57.65,61.55,57.65,60.3,40350,1041750,60.55,60.2,60.4
18968,2021-03-24 12:03:00,60.25,61.25,57.0,57.8,42600,1026300,60.55,57.7,57.9
18969,2021-03-24 12:04:00,57.55,61.35,57.2,60.6,36225,1026300,60.55,60.7,60.9
18970,2021-03-24 12:05:00,60.7,64.35,60.45,64.0,51075,1026300,60.55,64.05,64.25
18971,2021-03-24 12:06:00,63.7,64.3,62.15,63.3,30600,1027950,60.56,63.2,63.45
18972,2021-03-24 12:07:00,63.45,63.45,60.85,61.75,27975,1027950,60.56,61.9,62.1
18973,2021-03-24 12:08:00,62.15,64.45,62.15,63.3,38025,1027950,60.57,63.1,63.3
18974,2021-03-24 12:09:00,63.0,66.5,62.95,65.65,55800,1034175,60.59,65.55,65.8
18975,2021-03-24 12:10:00,65.15,70.8,65.15,69.45,114000,1034175,60.66,69.0,69.05
18976,2021-03-24 12:11:00,69.45,71.2,67.85,70.1,64350,1034175,60.71,70.1,70.35
18977,2021-03-24 12:12:00,71.0,72.0,68.85,69.65,63450,1019175,60.76,69.8,70.05
18978,2021-03-24 12:13:00,70.05,70.35,66.75,68.25,46275,1019175,60.79,67.7,67.9
18979,2021-03-24 12:14:00,67.9,67.9,63.55,64.4,60900,1019175,60.81,64.4,64.5
18980,2021-03-24 12:15:00,64.5,65.0,59.45,59.45,74250,1029450,60.82,59.25,59.45
18981,2021-03-24 12:16:00,59.6,61.05,58.0,59.6,61875,1029450,60.81,59.35,59.6
18982,2021-03-24 12:17:00,59.65,60.8,58.15,60.3,36075,1029450,60.81,60.4,60.65
18983,2021-03-24 12:18:00,60.3,62.95,59.8,60.95,37200,1047375,60.81,61.0,61.2
18984,2021-03-24 12:19:00,61.25,61.25,57.55,57.6,44400,1047375,60.8,57.7,57.95
18985,2021-03-24 12:20:00,58.3,58.6,54.8,56.65,75675,1047375,60.77,56.65,56.9
18986,2021-03-24 12:21:00,56.4,60.1,56.15,60.1,37275,1047900,60.77,60.15,60.35
18987,2021-03-24 12:22:00,60.5,60.9,55.45,55.9,31950,1047900,60.76,55.8,56.0
18988,2021-03-24 12:23:00,55.75,58.6,55.75,57.9,26400,1047900,60.75,57.9,58.1
18989,2021-03-24 12:24:00,58.1,59.7,57.0,58.45,24600,1040400,60.75,58.25,58.5
18990,2021-03-24 12:25:00,58.1,58.1,54.0,56.15,57450,1040400,60.72,56.05,56.3
18991,2021-03-24 12:26:00,56.6,59.0,56.5,58.45,36825,1040400,60.71,58.25,58.5
18992,2021-03-24 12:27:00,58.5,59.8,55.65,57.2,17775,1038150,60.71,57.05,57.25
18993,2021-03-24 12:28:00,57.4,59.6,56.7,56.7,22875,1038150,60.71,56.35,56.55
18994,2021-03-24 12:29:00,56.55,58.75,55.0,56.9,22125,1038150,60.7,56.65,56.8
18995,2021-03-24 12:30:00,56.4,57.8,54.45,56.75,31050,1043775,60.69,56.55,56.85
18996,2021-03-24 12:31:00,58.0,62.15,57.8,58.4,68325,1043775,60.68,58.1,58.35
18997,2021-03-24 12:32:00,58.25,58.25,47.85,49.45,177525,1043775,60.55,49.3,49.5
18998,2021-03-24 12:33:00,48.0,49.65,46.7,47.05,120000,1031175,60.44,47.05,47.2
18999,2021-03-24 12:34:00,47.0,47.5,44.5,46.85,93375,1031175,60.35,47.05,47.2
19000,2021-03-24 12:35:00,47.75,49.2,45.75,48.3,83925,1031175,60.27,48.25,48.3
19001,2021-03-24 12:36:00,48.1,50.55,46.6,47.85,133950,1020225,60.16,47.8,47.95
19002,2021-03-24 12:37:00,48.1,49.2,46.9,47.95,62775,1020225,60.1,47.85,48.0
19003,2021-03-24 12:38:00,47.8,49.55,46.8,48.8,63525,1020225,60.05,48.9,49.05
19004,2021-03-24 12:39:00,48.95,50.1,47.7,49.9,61875,1056900,60.0,49.85,50.0
19005,2021-03-24 12:40:00,50.85,51.35,48.65,49.95,56550,1056900,59.96,49.7,49.85
19006,2021-03-24 12:41:00,49.0,52.6,48.65,51.5,44250,1056900,59.93,51.4,51.6
19007,2021-03-24 12:42:00,51.35,52.7,49.85,50.55,41100,1065525,59.91,50.5,50.65
19008,2021-03-24 12:43:00,50.7,51.25,49.45,50.6,42300,1065525,59.88,50.45,50.6
19009,2021-03-24 12:44:00,50.65,50.8,48.65,50.65,33375,1065525,59.86,50.6,50.8
19010,2021-03-24 12:45:00,51.4,53.7,50.4,52.9,50925,1085925,59.83,52.7,52.9
19011,2021-03-24 12:46:00,53.15,54.3,52.85,53.3,44400,1085925,59.81,53.3,53.55
19012,2021-03-24 12:47:00,53.6,54.4,51.55,53.0,30225,1085925,59.8,53.2,53.4
19013,2021-03-24 12:48:00,53.7,55.85,53.5,55.1,57000,1097850,59.78,54.95,55.15
19014,2021-03-24 12:49:00,55.0,56.55,54.0,56.55,31500,1097850,59.77,56.35,56.55
19015,2021-03-24 12:50:00,57.2,61.1,56.35,60.75,76050,1097850,59.76,60.65,60.85
19016,2021-03-24 12:51:00,60.55,61.05,58.95,59.35,85650,1107600,59.76,59.2,59.4
19017,2021-03-24 12:52:00,59.25,63.3,59.25,61.35,76950,1107600,59.77,61.3,61.5
19018,2021-03-24 12:53:00,61.35,61.75,58.95,60.65,50250,1107600,59.78,60.3,60.55
19019,2021-03-24 12:54:00,59.65,62.6,59.65,62.35,40500,1128750,59.78,62.4,62.55
19020,2021-03-24 12:55:00,62.7,64.8,60.8,60.8,82650,1128750,59.8,60.3,60.5
19021,2021-03-24 12:56:00,60.7,61.9,58.35,58.35,42975,1128750,59.8,58.25,58.45
19022,2021-03-24 12:57:00,59.35,61.0,59.0,59.75,29250,1131900,59.8,59.85,60.0
19023,2021-03-24 12:58:00,60.15,60.8,57.85,57.85,37575,1131900,59.8,57.95,58.15
19024,2021-03-24 12:59:00,58.65,64.3,58.65,64.0,35850,1131900,59.8,64.1,64.35
19025,2021-03-24 13:00:00,64.25,65.0,61.8,61.8,67500,1124325,59.82,61.45,61.65
19026,2021-03-24 13:01:00,61.4,67.55,61.25,66.45,95400,1124325,59.86,66.4,66.65
19027,2021-03-24 13:02:00,66.85,69.35,66.25,66.95,102600,1124325,59.91,66.75,66.9
19028,2021-03-24 13:03:00,66.85,69.1,64.8,64.8,71100,1124025,59.94,64.6,64.8
19029,2021-03-24 13:04:00,64.75,66.1,63.0,64.1,56400,1124025,59.96,63.8,64.0
19030,2021-03-24 13:05:00,64.15,65.8,63.85,65.15,32100,1124025,59.97,65.0,65.15
19031,2021-03-24 13:06:00,64.85,65.55,58.6,60.2,98550,1139775,59.97,60.0,60.15
19032,2021-03-24 13:07:00,61.1,61.75,58.0,59.2,53100,1139775,59.97,59.1,59.25
19033,2021-03-24 13:08:00,59.35,63.2,59.35,63.05,32775,1139775,59.97,63.1,63.3
19034,2021-03-24 13:09:00,63.3,64.6,62.0,62.35,41175,1148850,59.98,62.3,62.6
19035,2021-03-24 13:10:00,62.85,64.8,62.85,62.95,32025,1148850,59.99,62.8,63.0
19036,2021-03-24 13:11:00,62.7,67.2,62.7,67.05,51525,1148850,60.01,66.7,66.95
19037,2021-03-24 13:12:00,67.45,68.05,66.15,67.35,64650,1139550,60.04,67.2,67.4
19038,2021-03-24 13:13:00,67.0,69.75,65.95,66.25,68475,1139550,60.07,66.25,66.5
19039,2021-03-24 13:14:00,66.45,66.7,64.6,65.45,36300,1139550,60.08,65.45,65.7
19040,2021-03-24 13:15:00,65.3,66.85,61.4,62.4,54000,1133025,60.1,62.3,62.6
19041,2021-03-24 13:16:00,62.35,70.0,62.0,68.55,75900,1133025,60.13,68.35,68.55
19042,2021-03-24 13:17:00,68.65,70.2,67.7,68.0,54300,1133025,60.16,67.95,68.1
19043,2021-03-24 13:18:00,68.0,69.0,66.25,67.25,41550,1137825,60.18,66.9,67.1
19044,2021-03-24 13:19:00,66.6,66.6,61.8,63.1,68925,1137825,60.19,62.75,62.95
19045,2021-03-24 13:20:00,62.95,63.6,53.65,55.95,158925,1137825,60.16,55.7,55.9
19046,2021-03-24 13:21:00,55.8,56.05,48.0,53.55,142800,1151700,60.08,53.55,53.75
19047,2021-03-24 13:22:00,53.55,55.65,52.9,55.25,66975,1151700,60.05,55.15,55.3
19048,2021-03-24 13:23:00,55.0,57.85,54.95,55.3,53025,1151700,60.04,55.1,55.35
19049,2021-03-24 13:24:00,55.55,57.5,55.35,56.0,32775,1144200,60.04,55.8,55.95
19050,2021-03-24 13:25:00,56.35,56.35,52.75,55.1,54075,1144200,60.02,54.8,54.95
19051,2021-03-24 13:26:00,55.05,58.9,55.05,56.75,57675,1144200,60.01,56.85,57.05
19052,2021-03-24 13:27:00,57.35,58.2,55.2,55.5,22650,1150800,60.0,55.3,55.5
19053,2021-03-24 13:28:00,55.8,57.5,52.7,53.5,50625,1150800,59.99,53.55,53.75
19054,2021-03-24 13:29:00,54.6,55.2,52.85,53.3,35850,1150800,59.97,53.2,53.4
19055,2021-03-24 13:30:00,53.4,55.45,53.0,55.0,47175,1145850,59.96,55.1,55.3
19056,2021-03-24 13:31:00,56.0,57.4,51.55,51.55,79050,1145850,59.93,51.75,52.0
19057,2021-03-24 13:32:00,52.05,56.1,52.05,55.25,38175,1145850,59.92,55.15,55.3
19058,2021-03-24 13:33:00,55.45,59.0,55.45,57.45,60900,1141875,59.91,57.25,57.5
19059,2021-03-24 13:34:00,57.5,60.25,57.5,59.5,58950,1141875,59.91,59.2,59.45
19060,2021-03-24 13:35:00,59.5,62.6,59.5,61.4,44475,1141875,59.91,61.5,61.7
19061,2021-03-24 13:36:00,62.05,66.0,62.05,62.8,96750,1137750,59.94,62.55,62.75
19062,2021-03-24 13:37:00,62.8,65.6,56.6,57.95,88650,1137750,59.94,57.8,58.0
19063,2021-03-24 13:38:00,58.55,61.95,58.1,58.95,53175,1137750,59.94,58.85,58.95
19064,2021-03-24 13:39:00,59.45,64.0,59.45,62.7,48825,1153275,59.95,62.65,62.85
19065,2021-03-24 13:40:00,62.25,65.1,61.15,62.9,71250,1153275,59.96,62.7,62.95
19066,2021-03-24 13:41:00,62.75,65.25,60.35,60.35,47400,1153275,59.97,60.8,61.05
19067,2021-03-24 13:42:00,60.6,62.9,58.1,61.25,68250,1152000,59.97,61.25,61.5
19068,2021-03-24 13:43:00,61.85,63.45,59.5,60.3,50625,1152000,59.98,60.3,60.5
19069,2021-03-24 13:44:00,60.3,61.55,55.75,56.5,55425,1152000,59.97,56.3,56.55
19070,2021-03-24 13:45:00,55.1,58.4,54.5,58.35,39225,1156200,59.96,58.05,58.25
19071,2021-03-24 13:46:00,57.45,57.45,52.8,54.4,80475,1156200,59.94,54.65,54.8
19072,2021-03-24 13:47:00,54.8,57.55,54.3,56.7,32025,1156200,59.93,56.5,56.7
19073,2021-03-24 13:48:00,57.1,57.3,54.8,55.2,37350,1169775,59.92,55.1,55.3
19074,2021-03-24 13:49:00,55.0,57.5,53.6,56.7,68925,1169775,59.91,56.6,56.75
19075,2021-03-24 13:50:00,56.5,59.5,55.8,59.0,60225,1169775,59.9,58.95,59.15
19076,2021-03-24 13:51:00,59.2,61.95,58.85,61.5,61950,1186650,59.91,61.35,61.6
19077,2021-03-24 13:52:00,61.9,62.2,58.45,58.55,35625,1186650,59.91,58.4,58.65
19078,2021-03-24 13:53:00,57.65,61.0,57.65,60.5,25275,1186650,59.9,60.25,60.45
19079,2021-03-24 13:54:00,60.35,61.8,58.7,58.7,33000,1187250,59.91,58.9,59.15
19080,2021-03-24 13:55:00,59.15,59.9,53.1,53.6,82500,1187250,59.88,53.5,53.65
19081,2021-03-24 13:56:00,53.5,55.2,52.5,52.6,71700,1187250,59.86,52.6,52.8
19082,2021-03-24 13:57:00,52.95,54.65,52.05,52.85,65925,1178850,59.84,52.55,52.8
19083,2021-03-24 13:58:00,53.0,53.0,46.25,50.1,127950,1178850,59.76,49.9,50.05
19084,2021-03-24 13:59:00,50.35,52.35,50.2,52.1,46200,1178850,59.74,51.95,52.1
19085,2021-03-24 14:00:00,50.85,51.2,46.25,49.0,89325,1182000,59.69,48.85,49.05
19086,2021-03-24 14:01:00,49.05,50.3,47.45,49.9,52275,1182000,59.66,49.75,49.95
19087,2021-03-24 14:02:00,50.1,51.0,48.3,49.6,33600,1182000,59.64,49.35,49.45
19088,2021-03-24 14:03:00,49.3,50.55,43.0,43.7,126750,1173900,59.54,43.7,43.9
19089,2021-03-24 14:04:00,44.15,44.7,40.9,43.65,109425,1173900,59.45,43.6,43.75
19090,2021-03-24 14:05:00,43.6,46.85,43.6,46.1,68325,1173900,59.4,46.3,46.4
19091,2021-03-24 14:06:00,46.3,48.1,45.25,48.05,39075,1159275,59.37,48.0,48.15
19092,2021-03-24 14:07:00,47.55,51.7,47.55,50.85,70125,1159275,59.34,50.8,51.0
19093,2021-03-24 14:08:00,51.25,52.3,50.3,50.85,80100,1159275,59.31,50.75,50.95
19094,2021-03-24 14:09:00,51.55,54.6,50.3,54.15,66150,1153275,59.28,53.9,54.1
19095,2021-03-24 14:10:00,54.15,55.75,52.35,53.55,59175,1153275,59.27,53.45,53.65
19096,2021-03-24 14:11:00,53.55,55.25,52.05,55.15,42750,1153275,59.25,54.8,55.0
19097,2021-03-24 14:12:00,54.85,55.0,52.4,53.2,39150,1148925,59.24,53.2,53.35
19098,2021-03-24 14:13:00,53.35,54.05,47.1,48.65,59025,1148925,59.21,48.6,48.75
19099,2021-03-24 14:14:00,48.65,52.0,48.35,51.85,30825,1148925,59.2,51.8,52.0
19100,2021-03-24 14:15:00,51.6,52.5,47.9,50.0,42675,1156950,59.18,49.85,50.05
19101,2021-03-24 14:16:00,50.05,54.4,49.55,53.65,54150,1156950,59.16,53.6,53.7
19102,2021-03-24 14:17:00,53.4,53.4,50.2,51.35,28200,1156950,59.15,51.45,51.6
19103,2021-03-24 14:18:00,51.65,53.0,50.95,52.75,32175,1159725,59.14,52.55,52.8
19104,2021-03-24 14:19:00,52.95,55.0,49.5,49.9,97650,1159725,59.11,49.65,49.95
19105,2021-03-24 14:20:00,49.75,51.45,46.0,49.65,67050,1159725,59.08,49.3,49.5
19106,2021-03-24 14:21:00,48.8,51.2,46.7,50.0,35700,1164600,59.06,49.95,50.15
19107,2021-03-24 14:22:00,49.95,51.95,49.35,51.25,40125,1164600,59.04,51.2,51.4
19108,2021-03-24 14:23:00,51.1,53.0,50.65,51.2,24750,1164600,59.03,50.95,51.15
19109,2021-03-24 14:24:00,51.45,54.0,51.15,51.2,35925,1164300,59.02,50.95,51.15
19110,2021-03-24 14:25:00,50.2,50.55,46.75,49.5,45975,1164300,59.0,49.55,49.8
19111,2021-03-24 14:26:00,49.9,49.9,45.75,47.85,52125,1164300,58.97,48.05,48.2
19112,2021-03-24 14:27:00,48.45,49.15,46.85,48.5,29025,1170975,58.95,47.95,48.2
19113,2021-03-24 14:28:00,48.6,50.85,47.95,49.85,21000,1170975,58.94,49.55,49.75
19114,2021-03-24 14:29:00,49.65,50.75,46.95,47.9,35325,1170975,58.92,47.75,47.95
19115,2021-03-24 14:30:00,48.25,48.25,43.5,47.05,87900,1156875,58.86,46.8,46.95
19116,2021-03-24 14:31:00,46.6,48.35,46.25,46.8,40650,1156875,58.84,46.6,46.8
19117,2021-03-24 14:32:00,46.85,47.4,46.3,47.0,21750,1156875,58.83,46.95,47.15
19118,2021-03-24 14:33:00,47.1,48.6,46.05,46.8,30525,1154550,58.81,46.6,46.8
19119,2021-03-24 14:34:00,47.1,47.1,43.65,45.85,60000,1154550,58.77,45.7,45.9
19120,2021-03-24 14:35:00,45.35,47.4,45.35,45.65,31950,1154550,58.75,45.65,45.8
19121,2021-03-24 14:36:00,45.95,46.25,33.1,36.3,255000,1150800,58.51,36.25,36.4
19122,2021-03-24 14:37:00,36.35,39.25,36.05,37.5,125175,1150800,58.38,37.55,37.7
19123,2021-03-24 14:38:00,38.05,39.8,37.0,38.8,96825,1150800,58.29,38.5,38.65
19124,2021-03-24 14:39:00,38.95,39.6,37.8,38.75,72000,1163100,58.23,38.75,38.9
19125,2021-03-24 14:40:00,38.95,41.2,37.0,41.2,85875,1163100,58.15,41.05,41.2
19126,2021-03-24 14:41:00,41.05,41.7,38.9,40.0,49575,1163100,58.11,39.85,40.0
19127,2021-03-24 14:42:00,39.7,42.6,38.85,41.4,59025,1171050,58.06,41.5,41.7
19128,2021-03-24 14:43:00,41.8,44.35,41.5,43.2,58425,1171050,58.02,43.25,43.5
19129,2021-03-24 14:44:00,43.4,43.45,41.4,43.1,44025,1171050,57.99,43.1,43.3
19130,2021-03-24 14:45:00,42.85,42.85,40.9,41.2,50175,1181250,57.95,41.2,41.4
19131,2021-03-24 14:46:00,41.55,47.95,41.55,47.05,107550,1181250,57.89,47.2,47.4
19132,2021-03-24 14:47:00,47.05,65.75,46.25,65.75,341400,1181250,57.87,65.9,65.95
19133,2021-03-24 14:48:00,61.45,78.7,60.8,72.05,482925,1159800,58.14,72.05,72.3
19134,2021-03-24 14:49:00,72.65,82.6,71.95,76.8,368625,1159800,58.46,76.8,77.1
19135,2021-03-24 14:50:00,78.25,82.7,76.3,79.75,309600,1159800,58.73,79.35,79.65
19136,2021-03-24 14:51:00,81.2,83.15,66.15,71.6,301725,1120650,58.93,71.35,71.65
19137,2021-03-24 14:52:00,73.3,79.1,71.35,79.1,139125,1120650,59.02,79.0,79.45
19138,2021-03-24 14:53:00,80.0,84.95,76.6,76.6,280200,1120650,59.28,76.9,77.2
19139,2021-03-24 14:54:00,75.5,84.5,75.5,83.0,194700,1124625,59.46,82.95,83.25
19140,2021-03-24 14:55:00,81.8,81.95,77.0,79.15,169725,1124625,59.6,79.0,79.3
19141,2021-03-24 14:56:00,78.85,78.85,69.1,71.25,187200,1124625,59.7,71.1,71.4
19142,2021-03-24 14:57:00,70.3,77.4,70.3,71.7,130050,1120425,59.78,71.65,71.95
19143,2021-03-24 14:58:00,72.5,74.6,69.85,72.2,85725,1120425,59.83,72.25,72.55
19144,2021-03-24 14:59:00,71.8,74.5,65.0,71.45,186600,1120425,59.89,71.15,71.35
19145,2021-03-24 15:00:00,72.3,76.8,63.95,76.6,190800,1148025,59.98,76.2,76.4
19146,2021-03-24 15:01:00,77.0,79.2,72.6,79.2,167850,1148025,60.09,79.1,79.4
19147,2021-03-24 15:02:00,79.55,79.55,73.7,78.0,187050,1148025,60.21,77.9,78.1
19148,2021-03-24 15:03:00,77.35,83.2,77.15,81.6,242025,1169475,60.41,81.35,81.7
19149,2021-03-24 15:04:00,82.55,83.55,75.85,79.4,226275,1169475,60.58,79.6,79.85
19150,2021-03-24 15:05:00,80.0,85.4,80.0,82.0,251100,1169475,60.8,81.65,82.05
19151,2021-03-24 15:06:00,82.7,84.2,77.25,83.55,141975,1143300,60.9,83.55,83.9
19152,2021-03-24 15:07:00,83.95,83.95,77.85,82.3,122250,1143300,61.0,82.2,82.4
19153,2021-03-24 15:08:00,81.95,82.8,78.8,81.65,73200,1143300,61.05,81.55,81.9
19154,2021-03-24 15:09:00,81.9,84.65,81.0,81.7,171675,1107675,61.19,81.4,81.65
19155,2021-03-24 15:10:00,81.0,82.2,77.9,79.45,128325,1107675,61.28,79.35,79.65
19156,2021-03-24 15:11:00,79.6,80.3,76.35,78.05,124350,1107675,61.36,78.15,78.4
19157,2021-03-24 15:12:00,78.1,79.2,71.45,72.95,155700,1090425,61.44,72.7,73.0
19158,2021-03-24 15:13:00,72.7,76.0,71.5,74.85,125925,1090425,61.49,74.85,75.1
19159,2021-03-24 15:14:00,74.35,75.1,71.9,74.65,107550,1090425,61.54,74.65,74.85
19160,2021-03-24 15:15:00,74.35,74.4,71.0,73.25,80475,1036950,61.58,73.6,73.8
19161,2021-03-24 15:16:00,73.6,74.6,71.2,72.4,93450,1036950,61.62,72.35,72.65
19162,2021-03-24 15:17:00,72.55,77.4,72.55,76.4,91725,1036950,61.66,76.15,76.3
19163,2021-03-24 15:18:00,76.2,78.65,75.05,78.6,95625,996150,61.71,78.55,78.85
19164,2021-03-24 15:19:00,75.8,78.25,75.35,76.7,109500,996150,61.77,76.45,76.7
19165,2021-03-24 15:20:00,76.75,76.75,74.4,75.6,82800,996150,61.81,75.3,75.5
19166,2021-03-24 15:21:00,75.65,76.9,73.15,75.8,94200,939750,61.86,75.5,75.75
19167,2021-03-24 15:22:00,75.8,75.8,71.05,71.05,92025,939750,61.9,71.0,71.25
19168,2021-03-24 15:23:00,70.9,75.0,70.8,74.65,71775,939750,61.93,74.5,74.75
19169,2021-03-24 15:24:00,74.8,75.15,73.8,74.85,66375,910650,61.96,74.7,74.8
19170,2021-03-24 15:25:00,74.65,74.65,69.7,69.9,118575,910650,62.0,69.85,70.15
19171,2021-03-24 15:26:00,70.25,70.55,68.35,69.0,48225,910650,62.01,68.75,69.0
19172,2021-03-24 15:27:00,68.45,69.1,68.0,68.15,50475,910650,62.02,68.0,68.15
19173,2021-03-24 15:28:00,68.15,68.4,66.8,66.9,58500,866925,62.03,66.85,67.3
19174,2021-03-24 15:29:00,68.15,68.4,66.8,66.9,58500,866925,62.03,66.85,67.3
19175,2021-03-24 15:30:00,67.1,67.95,66.35,67.0,88725,866925,62.05,66.55,68.0
