,datetime,open,high,low,close,volume,oi,vwap,best_bid,best_offer
0,2021-06-01 09:15:00,-1.0,-1.0,-1.0,-1.0,-1,-1,-1.0,-1.0,-1.0
1,2021-06-01 09:16:00,-1.0,-1.0,-1.0,-1.0,-1,-1,-1.0,-1.0,-1.0
2,2021-06-01 09:17:00,2353.1,2353.1,2353.1,2353.1,25,0,2353.1,2323.0,2466.75
3,2021-06-01 09:18:00,2353.1,2353.1,2353.1,2353.1,25,0,2353.1,2323.0,2466.75
4,2021-06-01 09:19:00,2353.1,2353.1,2353.1,2353.1,25,0,2353.1,2323.0,2466.75
5,2021-06-01 09:20:00,2353.1,2353.1,2353.1,2353.1,25,0,2353.1,2323.0,2466.75
6,2021-06-01 09:21:00,2353.1,2353.1,2353.1,2353.1,25,0,2353.1,2323.0,2466.75
7,2021-06-01 09:22:00,2353.1,2353.1,2353.1,2353.1,25,0,2353.1,2323.0,2466.75
8,2021-06-01 09:23:00,2353.1,2353.1,2353.1,2353.1,25,0,2353.1,2323.0,2466.75
9,2021-06-01 09:24:00,2353.1,2353.1,2353.1,2353.1,25,0,2353.1,2323.0,2466.75
10,2021-06-01 09:25:00,2353.1,2353.1,2353.1,2353.1,25,0,2353.1,2323.0,2466.75
11,2021-06-01 09:26:00,2353.1,2353.1,2353.1,2353.1,25,0,2353.1,2323.0,2466.75
12,2021-06-01 09:27:00,2353.1,2353.1,2353.1,2353.1,25,0,2353.1,2323.0,2466.75
13,2021-06-01 09:28:00,2353.1,2353.1,2353.1,2353.1,25,0,2353.1,2323.0,2466.75
14,2021-06-01 09:29:00,2353.1,2353.1,2353.1,2353.1,25,0,2353.1,2323.0,2466.75
15,2021-06-01 09:30:00,2353.1,2353.1,2353.1,2353.1,25,0,2353.1,2323.0,2466.75
16,2021-06-01 09:31:00,2353.1,2353.1,2353.1,2353.1,25,0,2353.1,2323.0,2466.75
17,2021-06-01 09:32:00,2353.1,2353.1,2353.1,2353.1,25,0,2353.1,2323.0,2466.75
18,2021-06-01 09:33:00,2353.1,2353.1,2353.1,2353.1,25,0,2353.1,2323.0,2466.75
19,2021-06-01 09:34:00,2353.1,2353.1,2353.1,2353.1,25,0,2353.1,2323.0,2466.75
20,2021-06-01 09:35:00,2353.1,2353.1,2353.1,2353.1,25,0,2353.1,2323.0,2466.75
21,2021-06-01 09:36:00,2353.1,2353.1,2353.1,2353.1,25,0,2353.1,2323.0,2466.75
22,2021-06-01 09:37:00,2353.1,2353.1,2353.1,2353.1,25,0,2353.1,2323.0,2466.75
23,2021-06-01 09:38:00,2353.1,2353.1,2353.1,2353.1,25,0,2353.1,2323.0,2466.75
24,2021-06-01 09:39:00,2353.1,2353.1,2353.1,2353.1,25,0,2353.1,2323.0,2466.75
25,2021-06-01 09:40:00,2353.1,2353.1,2353.1,2353.1,25,0,2353.1,2323.0,2466.75
26,2021-06-01 09:41:00,2353.1,2353.1,2353.1,2353.1,25,0,2353.1,2323.0,2466.75
27,2021-06-01 09:42:00,2353.1,2353.1,2353.1,2353.1,25,0,2353.1,2323.0,2466.75
28,2021-06-01 09:43:00,2353.1,2353.1,2353.1,2353.1,25,0,2353.1,2323.0,2466.75
29,2021-06-01 09:44:00,2353.1,2353.1,2353.1,2353.1,25,0,2353.1,2323.0,2466.75
30,2021-06-01 09:45:00,2353.1,2353.1,2353.1,2353.1,25,0,2353.1,2323.0,2466.75
31,2021-06-01 09:46:00,2353.1,2353.1,2353.1,2353.1,25,0,2353.1,2323.0,2466.75
32,2021-06-01 09:47:00,2353.1,2353.1,2353.1,2353.1,25,0,2353.1,2323.0,2466.75
33,2021-06-01 09:48:00,2353.1,2353.1,2353.1,2353.1,25,0,2353.1,2323.0,2466.75
34,2021-06-01 09:49:00,2353.1,2353.1,2353.1,2353.1,25,0,2353.1,2323.0,2466.75
35,2021-06-01 09:50:00,2353.1,2353.1,2353.1,2353.1,25,0,2353.1,2323.0,2466.75
36,2021-06-01 09:51:00,2353.1,2353.1,2353.1,2353.1,25,0,2353.1,2323.0,2466.75
37,2021-06-01 09:52:00,2353.1,2353.1,2353.1,2353.1,25,0,2353.1,2323.0,2466.75
38,2021-06-01 09:53:00,2353.1,2353.1,2353.1,2353.1,25,0,2353.1,2323.0,2466.75
39,2021-06-01 09:54:00,2353.1,2353.1,2353.1,2353.1,25,0,2353.1,2323.0,2466.75
40,2021-06-01 09:55:00,2353.1,2353.1,2353.1,2353.1,25,0,2353.1,2323.0,2466.75
41,2021-06-01 09:56:00,2353.1,2353.1,2353.1,2353.1,25,0,2353.1,2323.0,2466.75
42,2021-06-01 09:57:00,2353.1,2353.1,2353.1,2353.1,25,0,2353.1,2323.0,2466.75
43,2021-06-01 09:58:00,2353.1,2353.1,2353.1,2353.1,25,0,2353.1,2323.0,2466.75
44,2021-06-01 09:59:00,2353.1,2353.1,2353.1,2353.1,25,0,2353.1,2323.0,2466.75
45,2021-06-01 10:00:00,2353.1,2353.1,2353.1,2353.1,25,0,2353.1,2323.0,2466.75
46,2021-06-01 10:01:00,2353.1,2353.1,2353.1,2353.1,25,0,2353.1,2323.0,2466.75
47,2021-06-01 10:02:00,2353.1,2353.1,2353.1,2353.1,25,0,2353.1,2323.0,2466.75
48,2021-06-01 10:03:00,2353.1,2353.1,2353.1,2353.1,25,0,2353.1,2323.0,2466.75
49,2021-06-01 10:04:00,2353.1,2353.1,2353.1,2353.1,25,0,2353.1,2323.0,2466.75
50,2021-06-01 10:05:00,2353.1,2353.1,2353.1,2353.1,25,0,2353.1,2323.0,2466.75
51,2021-06-01 10:06:00,2353.1,2353.1,2353.1,2353.1,25,0,2353.1,2323.0,2466.75
52,2021-06-01 10:07:00,2353.1,2353.1,2353.1,2353.1,25,0,2353.1,2323.0,2466.75
53,2021-06-01 10:08:00,2353.1,2353.1,2353.1,2353.1,25,0,2353.1,2323.0,2466.75
54,2021-06-01 10:09:00,2353.1,2353.1,2353.1,2353.1,25,0,2353.1,2323.0,2466.75
55,2021-06-01 10:10:00,2353.1,2353.1,2353.1,2353.1,25,0,2353.1,2323.0,2466.75
56,2021-06-01 10:11:00,2353.1,2353.1,2353.1,2353.1,25,0,2353.1,2323.0,2466.75
57,2021-06-01 10:12:00,2353.1,2353.1,2353.1,2353.1,25,0,2353.1,2323.0,2466.75
58,2021-06-01 10:13:00,2353.1,2353.1,2353.1,2353.1,25,0,2353.1,2323.0,2466.75
59,2021-06-01 10:14:00,2353.1,2353.1,2353.1,2353.1,25,0,2353.1,2323.0,2466.75
60,2021-06-01 10:15:00,2353.1,2353.1,2353.1,2353.1,25,0,2353.1,2323.0,2466.75
61,2021-06-01 10:16:00,2353.1,2353.1,2353.1,2353.1,25,0,2353.1,2323.0,2466.75
62,2021-06-01 10:17:00,2353.1,2353.1,2353.1,2353.1,25,0,2353.1,2323.0,2466.75
63,2021-06-01 10:18:00,2353.1,2353.1,2353.1,2353.1,25,0,2353.1,2323.0,2466.75
64,2021-06-01 10:19:00,2353.1,2353.1,2353.1,2353.1,25,0,2353.1,2323.0,2466.75
65,2021-06-01 10:20:00,2353.1,2353.1,2353.1,2353.1,25,0,2353.1,2323.0,2466.75
66,2021-06-01 10:21:00,2353.1,2353.1,2353.1,2353.1,25,0,2353.1,2323.0,2466.75
67,2021-06-01 10:22:00,2353.1,2353.1,2353.1,2353.1,25,0,2353.1,2323.0,2466.75
68,2021-06-01 10:23:00,2353.1,2353.1,2353.1,2353.1,25,0,2353.1,2323.0,2466.75
69,2021-06-01 10:24:00,2353.1,2353.1,2353.1,2353.1,25,0,2353.1,2323.0,2466.75
70,2021-06-01 10:25:00,2353.1,2353.1,2353.1,2353.1,25,0,2353.1,2323.0,2466.75
71,2021-06-01 10:26:00,2353.1,2353.1,2353.1,2353.1,25,0,2353.1,2323.0,2466.75
72,2021-06-01 10:27:00,2353.1,2353.1,2353.1,2353.1,25,0,2353.1,2323.0,2466.75
73,2021-06-01 10:28:00,2353.1,2353.1,2353.1,2353.1,25,0,2353.1,2323.0,2466.75
74,2021-06-01 10:29:00,2353.1,2353.1,2353.1,2353.1,25,0,2353.1,2323.0,2466.75
75,2021-06-01 10:30:00,2353.1,2353.1,2353.1,2353.1,25,0,2353.1,2323.0,2466.75
76,2021-06-01 10:31:00,2353.1,2353.1,2353.1,2353.1,25,0,2353.1,2323.0,2466.75
77,2021-06-01 10:32:00,2353.1,2353.1,2353.1,2353.1,25,0,2353.1,2323.0,2466.75
78,2021-06-01 10:33:00,2353.1,2353.1,2353.1,2353.1,25,0,2353.1,2323.0,2466.75
79,2021-06-01 10:34:00,2353.1,2353.1,2353.1,2353.1,25,0,2353.1,2323.0,2466.75
80,2021-06-01 10:35:00,2353.1,2353.1,2353.1,2353.1,25,0,2353.1,2323.0,2466.75
81,2021-06-01 10:36:00,2353.1,2353.1,2353.1,2353.1,25,0,2353.1,2323.0,2466.75
82,2021-06-01 10:37:00,2353.1,2353.1,2353.1,2353.1,25,0,2353.1,2323.0,2466.75
83,2021-06-01 10:38:00,2353.1,2353.1,2353.1,2353.1,25,0,2353.1,2323.0,2466.75
84,2021-06-01 10:39:00,2353.1,2353.1,2353.1,2353.1,25,0,2353.1,2323.0,2466.75
85,2021-06-01 10:40:00,2353.1,2353.1,2353.1,2353.1,25,0,2353.1,2323.0,2466.75
86,2021-06-01 10:41:00,2353.1,2353.1,2353.1,2353.1,25,0,2353.1,2323.0,2466.75
87,2021-06-01 10:42:00,2353.1,2353.1,2353.1,2353.1,25,0,2353.1,2323.0,2466.75
88,2021-06-01 10:43:00,2353.1,2353.1,2353.1,2353.1,25,0,2353.1,2323.0,2466.75
89,2021-06-01 10:44:00,2353.1,2353.1,2353.1,2353.1,25,0,2353.1,2323.0,2466.75
90,2021-06-01 10:45:00,2353.1,2353.1,2353.1,2353.1,25,0,2353.1,2323.0,2466.75
91,2021-06-01 10:46:00,2353.1,2353.1,2353.1,2353.1,25,0,2353.1,2323.0,2466.75
92,2021-06-01 10:47:00,2353.1,2353.1,2353.1,2353.1,25,0,2353.1,2323.0,2466.75
93,2021-06-01 10:48:00,2353.1,2353.1,2353.1,2353.1,25,0,2353.1,2323.0,2466.75
94,2021-06-01 10:49:00,2353.1,2353.1,2353.1,2353.1,25,0,2353.1,2323.0,2466.75
95,2021-06-01 10:50:00,2353.1,2353.1,2353.1,2353.1,25,0,2353.1,2323.0,2466.75
96,2021-06-01 10:51:00,2353.1,2353.1,2353.1,2353.1,25,0,2353.1,2323.0,2466.75
97,2021-06-01 10:52:00,2353.1,2353.1,2353.1,2353.1,25,0,2353.1,2323.0,2466.75
98,2021-06-01 10:53:00,2353.1,2353.1,2353.1,2353.1,25,0,2353.1,2323.0,2466.75
99,2021-06-01 10:54:00,2353.1,2353.1,2353.1,2353.1,25,0,2353.1,2323.0,2466.75
100,2021-06-01 10:55:00,2353.1,2353.1,2353.1,2353.1,25,0,2353.1,2323.0,2466.75
101,2021-06-01 10:56:00,2353.1,2353.1,2353.1,2353.1,25,0,2353.1,2323.0,2466.75
102,2021-06-01 10:57:00,2353.1,2353.1,2353.1,2353.1,25,0,2353.1,2323.0,2466.75
103,2021-06-01 10:58:00,2353.1,2353.1,2353.1,2353.1,25,0,2353.1,2323.0,2466.75
104,2021-06-01 10:59:00,2353.1,2353.1,2353.1,2353.1,25,0,2353.1,2323.0,2466.75
105,2021-06-01 11:00:00,2353.1,2353.1,2353.1,2353.1,25,0,2353.1,2323.0,2466.75
106,2021-06-01 11:01:00,2353.1,2353.1,2353.1,2353.1,25,0,2353.1,2323.0,2466.75
107,2021-06-01 11:02:00,2353.1,2353.1,2353.1,2353.1,25,0,2353.1,2323.0,2466.75
108,2021-06-01 11:03:00,2353.1,2353.1,2353.1,2353.1,25,0,2353.1,2323.0,2466.75
109,2021-06-01 11:04:00,2353.1,2353.1,2353.1,2353.1,25,0,2353.1,2323.0,2466.75
110,2021-06-01 11:05:00,2353.1,2353.1,2353.1,2353.1,25,0,2353.1,2323.0,2466.75
111,2021-06-01 11:06:00,2353.1,2353.1,2353.1,2353.1,25,0,2353.1,2323.0,2466.75
112,2021-06-01 11:07:00,2353.1,2353.1,2353.1,2353.1,25,0,2353.1,2323.0,2466.75
113,2021-06-01 11:08:00,2353.1,2353.1,2353.1,2353.1,25,0,2353.1,2323.0,2466.75
114,2021-06-01 11:09:00,2353.1,2353.1,2353.1,2353.1,25,0,2353.1,2323.0,2466.75
115,2021-06-01 11:10:00,2353.1,2353.1,2353.1,2353.1,25,0,2353.1,2323.0,2466.75
116,2021-06-01 11:11:00,2353.1,2353.1,2353.1,2353.1,25,0,2353.1,2323.0,2466.75
117,2021-06-01 11:12:00,2353.1,2353.1,2353.1,2353.1,25,0,2353.1,2323.0,2466.75
118,2021-06-01 11:13:00,2615.15,2615.15,2615.15,2615.15,25,25,2484.12,2514.0,2734.9
119,2021-06-01 11:14:00,2615.15,2615.15,2615.15,2615.15,25,25,2484.12,2514.0,2734.9
120,2021-06-01 11:15:00,2615.15,2615.15,2615.15,2615.15,25,25,2484.12,2514.0,2734.9
121,2021-06-01 11:16:00,2615.15,2615.15,2615.15,2615.15,25,25,2484.12,2514.0,2734.9
122,2021-06-01 11:17:00,2615.15,2615.15,2615.15,2615.15,25,25,2484.12,2514.0,2734.9
123,2021-06-01 11:18:00,2615.15,2615.15,2615.15,2615.15,25,25,2484.12,2514.0,2734.9
124,2021-06-01 11:19:00,2615.15,2615.15,2615.15,2615.15,25,25,2484.12,2514.0,2734.9
125,2021-06-01 11:20:00,2615.15,2615.15,2615.15,2615.15,25,25,2484.12,2514.0,2734.9
126,2021-06-01 11:21:00,2615.15,2615.15,2615.15,2615.15,25,25,2484.12,2514.0,2734.9
127,2021-06-01 11:22:00,2615.15,2615.15,2615.15,2615.15,25,25,2484.12,2514.0,2734.9
128,2021-06-01 11:23:00,2615.15,2615.15,2615.15,2615.15,25,25,2484.12,2514.0,2734.9
129,2021-06-01 11:24:00,2615.15,2615.15,2615.15,2615.15,25,25,2484.12,2514.0,2734.9
130,2021-06-01 11:25:00,2615.15,2615.15,2615.15,2615.15,25,25,2484.12,2514.0,2734.9
131,2021-06-01 11:26:00,2615.15,2615.15,2615.15,2615.15,25,25,2484.12,2514.0,2734.9
132,2021-06-01 11:27:00,2615.15,2615.15,2615.15,2615.15,25,25,2484.12,2514.0,2734.9
133,2021-06-01 11:28:00,2615.15,2615.15,2615.15,2615.15,25,25,2484.12,2514.0,2734.9
134,2021-06-01 11:29:00,2615.15,2615.15,2615.15,2615.15,25,25,2484.12,2514.0,2734.9
135,2021-06-01 11:30:00,2515.1,2515.1,2515.1,2515.1,25,50,2494.45,2380.85,2549.95
136,2021-06-01 11:31:00,2515.1,2515.1,2515.1,2515.1,25,50,2494.45,2380.85,2549.95
137,2021-06-01 11:32:00,2515.1,2515.1,2515.1,2515.1,25,50,2494.45,2380.85,2549.95
138,2021-06-01 11:33:00,2515.1,2515.1,2515.1,2515.1,25,50,2494.45,2380.85,2549.95
139,2021-06-01 11:34:00,2515.1,2515.1,2515.1,2515.1,25,50,2494.45,2380.85,2549.95
140,2021-06-01 11:35:00,2515.1,2515.1,2515.1,2515.1,25,50,2494.45,2380.85,2549.95
141,2021-06-01 11:36:00,2515.1,2515.1,2515.1,2515.1,25,50,2494.45,2380.85,2549.95
142,2021-06-01 11:37:00,2515.1,2515.1,2515.1,2515.1,25,50,2494.45,2380.85,2549.95
143,2021-06-01 11:38:00,2515.1,2515.1,2515.1,2515.1,25,50,2494.45,2380.85,2549.95
144,2021-06-01 11:39:00,2515.1,2515.1,2515.1,2515.1,25,50,2494.45,2380.85,2549.95
145,2021-06-01 11:40:00,2515.1,2515.1,2515.1,2515.1,25,50,2494.45,2380.85,2549.95
146,2021-06-01 11:41:00,2515.1,2515.1,2515.1,2515.1,25,50,2494.45,2380.85,2549.95
147,2021-06-01 11:42:00,2515.1,2515.1,2515.1,2515.1,25,50,2494.45,2380.85,2549.95
148,2021-06-01 11:43:00,2515.1,2515.1,2515.1,2515.1,25,50,2494.45,2380.85,2549.95
149,2021-06-01 11:44:00,2515.1,2515.1,2515.1,2515.1,25,50,2494.45,2380.85,2549.95
150,2021-06-01 11:45:00,2515.1,2515.1,2515.1,2515.1,25,50,2494.45,2380.85,2549.95
151,2021-06-01 11:46:00,2515.1,2515.1,2515.1,2515.1,25,50,2494.45,2380.85,2549.95
152,2021-06-01 11:47:00,2515.1,2515.1,2515.1,2515.1,25,50,2494.45,2380.85,2549.95
153,2021-06-01 11:48:00,2515.1,2515.1,2515.1,2515.1,25,50,2494.45,2380.85,2549.95
154,2021-06-01 11:49:00,2515.1,2515.1,2515.1,2515.1,25,50,2494.45,2380.85,2549.95
155,2021-06-01 11:50:00,2515.1,2515.1,2515.1,2515.1,25,50,2494.45,2380.85,2549.95
156,2021-06-01 11:51:00,2515.1,2515.1,2515.1,2515.1,25,50,2494.45,2380.85,2549.95
157,2021-06-01 11:52:00,2515.1,2515.1,2515.1,2515.1,25,50,2494.45,2380.85,2549.95
158,2021-06-01 11:53:00,2515.1,2515.1,2515.1,2515.1,25,50,2494.45,2380.85,2549.95
159,2021-06-01 11:54:00,2515.1,2515.1,2515.1,2515.1,25,50,2494.45,2380.85,2549.95
160,2021-06-01 11:55:00,2515.1,2515.1,2515.1,2515.1,25,50,2494.45,2380.85,2549.95
161,2021-06-01 11:56:00,2515.1,2515.1,2515.1,2515.1,25,50,2494.45,2380.85,2549.95
162,2021-06-01 11:57:00,2515.1,2515.1,2515.1,2515.1,25,50,2494.45,2380.85,2549.95
163,2021-06-01 11:58:00,2515.1,2515.1,2515.1,2515.1,25,50,2494.45,2380.85,2549.95
164,2021-06-01 11:59:00,2515.1,2515.1,2515.1,2515.1,25,50,2494.45,2380.85,2549.95
165,2021-06-01 12:00:00,2515.1,2515.1,2515.1,2515.1,25,50,2494.45,2380.85,2549.95
166,2021-06-01 12:01:00,2515.1,2515.1,2515.1,2515.1,25,50,2494.45,2380.85,2549.95
167,2021-06-01 12:02:00,2515.1,2515.1,2515.1,2515.1,25,50,2494.45,2380.85,2549.95
168,2021-06-01 12:03:00,2515.1,2515.1,2515.1,2515.1,25,50,2494.45,2380.85,2549.95
169,2021-06-01 12:04:00,2515.1,2515.1,2515.1,2515.1,25,50,2494.45,2380.85,2549.95
170,2021-06-01 12:05:00,2515.1,2515.1,2515.1,2515.1,25,50,2494.45,2380.85,2549.95
171,2021-06-01 12:06:00,2515.1,2515.1,2515.1,2515.1,25,50,2494.45,2380.85,2549.95
172,2021-06-01 12:07:00,2515.1,2515.1,2515.1,2515.1,25,50,2494.45,2380.85,2549.95
173,2021-06-01 12:08:00,2515.1,2515.1,2515.1,2515.1,25,50,2494.45,2380.85,2549.95
174,2021-06-01 12:09:00,2515.1,2515.1,2515.1,2515.1,25,50,2494.45,2380.85,2549.95
175,2021-06-01 12:10:00,2515.1,2515.1,2515.1,2515.1,25,50,2494.45,2380.85,2549.95
176,2021-06-01 12:11:00,2515.1,2515.1,2515.1,2515.1,25,50,2494.45,2380.85,2549.95
177,2021-06-01 12:12:00,2515.1,2515.1,2515.1,2515.1,25,50,2494.45,2380.85,2549.95
178,2021-06-01 12:13:00,2515.1,2515.1,2515.1,2515.1,25,50,2494.45,2380.85,2549.95
179,2021-06-01 12:14:00,2515.1,2515.1,2515.1,2515.1,25,50,2494.45,2380.85,2549.95
180,2021-06-01 12:15:00,2515.1,2515.1,2515.1,2515.1,25,50,2494.45,2380.85,2549.95
181,2021-06-01 12:16:00,2515.1,2515.1,2515.1,2515.1,25,50,2494.45,2380.85,2549.95
182,2021-06-01 12:17:00,2515.1,2515.1,2515.1,2515.1,25,50,2494.45,2380.85,2549.95
183,2021-06-01 12:18:00,2515.1,2515.1,2515.1,2515.1,25,50,2494.45,2380.85,2549.95
184,2021-06-01 12:19:00,2515.1,2515.1,2515.1,2515.1,25,50,2494.45,2380.85,2549.95
185,2021-06-01 12:20:00,2515.1,2515.1,2515.1,2515.1,25,50,2494.45,2380.85,2549.95
186,2021-06-01 12:21:00,2515.1,2515.1,2515.1,2515.1,25,50,2494.45,2380.85,2549.95
187,2021-06-01 12:22:00,2515.1,2515.1,2515.1,2515.1,25,50,2494.45,2380.85,2549.95
188,2021-06-01 12:23:00,2515.1,2515.1,2515.1,2515.1,25,50,2494.45,2380.85,2549.95
189,2021-06-01 12:24:00,2515.1,2515.1,2515.1,2515.1,25,50,2494.45,2380.85,2549.95
190,2021-06-01 12:25:00,2515.1,2515.1,2515.1,2515.1,25,50,2494.45,2380.85,2549.95
191,2021-06-01 12:26:00,2515.1,2515.1,2515.1,2515.1,25,50,2494.45,2380.85,2549.95
192,2021-06-01 12:27:00,2515.1,2515.1,2515.1,2515.1,25,50,2494.45,2380.85,2549.95
193,2021-06-01 12:28:00,2515.1,2515.1,2515.1,2515.1,25,50,2494.45,2380.85,2549.95
194,2021-06-01 12:29:00,2515.1,2515.1,2515.1,2515.1,25,50,2494.45,2380.85,2549.95
195,2021-06-01 12:30:00,2515.1,2515.1,2515.1,2515.1,25,50,2494.45,2380.85,2549.95
196,2021-06-01 12:31:00,2515.1,2515.1,2515.1,2515.1,25,50,2494.45,2380.85,2549.95
197,2021-06-01 12:32:00,2515.1,2515.1,2515.1,2515.1,25,50,2494.45,2380.85,2549.95
198,2021-06-01 12:33:00,2515.1,2515.1,2515.1,2515.1,25,50,2494.45,2380.85,2549.95
199,2021-06-01 12:34:00,2515.1,2515.1,2515.1,2515.1,25,50,2494.45,2380.85,2549.95
200,2021-06-01 12:35:00,2515.1,2515.1,2515.1,2515.1,25,50,2494.45,2380.85,2549.95
201,2021-06-01 12:36:00,2515.1,2515.1,2515.1,2515.1,25,50,2494.45,2380.85,2549.95
202,2021-06-01 12:37:00,2515.1,2515.1,2515.1,2515.1,25,50,2494.45,2380.85,2549.95
203,2021-06-01 12:38:00,2515.1,2515.1,2515.1,2515.1,25,50,2494.45,2380.85,2549.95
204,2021-06-01 12:39:00,2515.1,2515.1,2515.1,2515.1,25,50,2494.45,2380.85,2549.95
205,2021-06-01 12:40:00,2515.1,2515.1,2515.1,2515.1,25,50,2494.45,2380.85,2549.95
206,2021-06-01 12:41:00,2515.1,2515.1,2515.1,2515.1,25,50,2494.45,2380.85,2549.95
207,2021-06-01 12:42:00,2515.1,2515.1,2515.1,2515.1,25,50,2494.45,2380.85,2549.95
208,2021-06-01 12:43:00,2515.1,2515.1,2515.1,2515.1,25,50,2494.45,2380.85,2549.95
209,2021-06-01 12:44:00,2515.1,2515.1,2515.1,2515.1,25,50,2494.45,2380.85,2549.95
210,2021-06-01 12:45:00,2515.1,2515.1,2515.1,2515.1,25,50,2494.45,2380.85,2549.95
211,2021-06-01 12:46:00,2515.1,2515.1,2515.1,2515.1,25,50,2494.45,2380.85,2549.95
212,2021-06-01 12:47:00,2515.1,2515.1,2515.1,2515.1,25,50,2494.45,2380.85,2549.95
213,2021-06-01 12:48:00,2515.1,2515.1,2515.1,2515.1,25,50,2494.45,2380.85,2549.95
214,2021-06-01 12:49:00,2515.1,2515.1,2515.1,2515.1,25,50,2494.45,2380.85,2549.95
215,2021-06-01 12:50:00,2515.1,2515.1,2515.1,2515.1,25,50,2494.45,2380.85,2549.95
216,2021-06-01 12:51:00,2515.1,2515.1,2515.1,2515.1,25,50,2494.45,2380.85,2549.95
217,2021-06-01 12:52:00,2515.1,2515.1,2515.1,2515.1,25,50,2494.45,2380.85,2549.95
218,2021-06-01 12:53:00,2515.1,2515.1,2515.1,2515.1,25,50,2494.45,2380.85,2549.95
219,2021-06-01 12:54:00,2515.1,2515.1,2515.1,2515.1,25,50,2494.45,2380.85,2549.95
220,2021-06-01 12:55:00,2515.1,2515.1,2515.1,2515.1,25,50,2494.45,2380.85,2549.95
221,2021-06-01 12:56:00,2515.1,2515.1,2515.1,2515.1,25,50,2494.45,2380.85,2549.95
222,2021-06-01 12:57:00,2515.1,2515.1,2515.1,2515.1,25,50,2494.45,2380.85,2549.95
223,2021-06-01 12:58:00,2515.1,2515.1,2515.1,2515.1,25,50,2494.45,2380.85,2549.95
224,2021-06-01 12:59:00,2515.1,2515.1,2515.1,2515.1,25,50,2494.45,2380.85,2549.95
225,2021-06-01 13:00:00,2515.1,2515.1,2515.1,2515.1,25,50,2494.45,2380.85,2549.95
226,2021-06-01 13:01:00,2515.1,2515.1,2515.1,2515.1,25,50,2494.45,2380.85,2549.95
227,2021-06-01 13:02:00,2515.1,2515.1,2515.1,2515.1,25,50,2494.45,2380.85,2549.95
228,2021-06-01 13:03:00,2515.1,2515.1,2515.1,2515.1,25,50,2494.45,2380.85,2549.95
229,2021-06-01 13:04:00,2515.1,2515.1,2515.1,2515.1,25,50,2494.45,2380.85,2549.95
230,2021-06-01 13:05:00,2515.1,2515.1,2515.1,2515.1,25,50,2494.45,2380.85,2549.95
231,2021-06-01 13:06:00,2515.1,2515.1,2515.1,2515.1,25,50,2494.45,2380.85,2549.95
232,2021-06-01 13:07:00,2515.1,2515.1,2515.1,2515.1,25,50,2494.45,2380.85,2549.95
233,2021-06-01 13:08:00,2515.1,2515.1,2515.1,2515.1,25,50,2494.45,2380.85,2549.95
234,2021-06-01 13:09:00,2515.1,2515.1,2515.1,2515.1,25,50,2494.45,2380.85,2549.95
235,2021-06-01 13:10:00,2515.1,2515.1,2515.1,2515.1,25,50,2494.45,2380.85,2549.95
236,2021-06-01 13:11:00,2515.1,2515.1,2515.1,2515.1,25,50,2494.45,2380.85,2549.95
237,2021-06-01 13:12:00,2515.1,2515.1,2515.1,2515.1,25,50,2494.45,2380.85,2549.95
238,2021-06-01 13:13:00,2515.1,2515.1,2515.1,2515.1,25,50,2494.45,2380.85,2549.95
239,2021-06-01 13:14:00,2515.1,2515.1,2515.1,2515.1,25,50,2494.45,2380.85,2549.95
240,2021-06-01 13:15:00,2515.1,2515.1,2515.1,2515.1,25,50,2494.45,2380.85,2549.95
241,2021-06-01 13:16:00,2515.1,2515.1,2515.1,2515.1,25,50,2494.45,2380.85,2549.95
242,2021-06-01 13:17:00,2515.1,2515.1,2515.1,2515.1,25,50,2494.45,2380.85,2549.95
243,2021-06-01 13:18:00,2515.1,2515.1,2515.1,2515.1,25,50,2494.45,2380.85,2549.95
244,2021-06-01 13:19:00,2515.1,2515.1,2515.1,2515.1,25,50,2494.45,2380.85,2549.95
245,2021-06-01 13:20:00,2515.1,2515.1,2515.1,2515.1,25,50,2494.45,2380.85,2549.95
246,2021-06-01 13:21:00,2515.1,2515.1,2515.1,2515.1,25,50,2494.45,2380.85,2549.95
247,2021-06-01 13:22:00,2515.1,2515.1,2515.1,2515.1,25,50,2494.45,2380.85,2549.95
248,2021-06-01 13:23:00,2515.1,2515.1,2515.1,2515.1,25,50,2494.45,2380.85,2549.95
249,2021-06-01 13:24:00,2515.1,2515.1,2515.1,2515.1,25,50,2494.45,2380.85,2549.95
250,2021-06-01 13:25:00,2515.1,2515.1,2515.1,2515.1,25,50,2494.45,2380.85,2549.95
251,2021-06-01 13:26:00,2515.1,2515.1,2515.1,2515.1,25,50,2494.45,2380.85,2549.95
252,2021-06-01 13:27:00,2515.1,2515.1,2515.1,2515.1,25,50,2494.45,2380.85,2549.95
253,2021-06-01 13:28:00,2515.1,2515.1,2515.1,2515.1,25,50,2494.45,2380.85,2549.95
254,2021-06-01 13:29:00,2515.1,2515.1,2515.1,2515.1,25,50,2494.45,2380.85,2549.95
255,2021-06-01 13:30:00,2515.1,2515.1,2515.1,2515.1,25,50,2494.45,2380.85,2549.95
256,2021-06-01 13:31:00,2515.1,2515.1,2515.1,2515.1,25,50,2494.45,2380.85,2549.95
257,2021-06-01 13:32:00,2515.1,2515.1,2515.1,2515.1,25,50,2494.45,2380.85,2549.95
258,2021-06-01 13:33:00,2515.1,2515.1,2515.1,2515.1,25,50,2494.45,2380.85,2549.95
259,2021-06-01 13:34:00,2515.1,2515.1,2515.1,2515.1,25,50,2494.45,2380.85,2549.95
260,2021-06-01 13:35:00,2515.1,2515.1,2515.1,2515.1,25,50,2494.45,2380.85,2549.95
261,2021-06-01 13:36:00,2515.1,2515.1,2515.1,2515.1,25,50,2494.45,2380.85,2549.95
262,2021-06-01 13:37:00,2515.1,2515.1,2515.1,2515.1,25,50,2494.45,2380.85,2549.95
263,2021-06-01 13:38:00,2515.1,2515.1,2515.1,2515.1,25,50,2494.45,2380.85,2549.95
264,2021-06-01 13:39:00,2515.1,2515.1,2515.1,2515.1,25,50,2494.45,2380.85,2549.95
265,2021-06-01 13:40:00,2515.1,2515.1,2515.1,2515.1,25,50,2494.45,2380.85,2549.95
266,2021-06-01 13:41:00,2515.1,2515.1,2515.1,2515.1,25,50,2494.45,2380.85,2549.95
267,2021-06-01 13:42:00,2515.1,2515.1,2515.1,2515.1,25,50,2494.45,2380.85,2549.95
268,2021-06-01 13:43:00,2515.1,2515.1,2515.1,2515.1,25,50,2494.45,2380.85,2549.95
269,2021-06-01 13:44:00,2515.1,2515.1,2515.1,2515.1,25,50,2494.45,2380.85,2549.95
270,2021-06-01 13:45:00,2515.1,2515.1,2515.1,2515.1,25,50,2494.45,2380.85,2549.95
271,2021-06-01 13:46:00,2515.1,2515.1,2515.1,2515.1,25,50,2494.45,2380.85,2549.95
272,2021-06-01 13:47:00,2515.1,2515.1,2515.1,2515.1,25,50,2494.45,2380.85,2549.95
273,2021-06-01 13:48:00,2515.1,2515.1,2515.1,2515.1,25,50,2494.45,2380.85,2549.95
274,2021-06-01 13:49:00,2515.1,2515.1,2515.1,2515.1,25,50,2494.45,2380.85,2549.95
275,2021-06-01 13:50:00,2515.1,2515.1,2515.1,2515.1,25,50,2494.45,2380.85,2549.95
276,2021-06-01 13:51:00,2515.1,2515.1,2515.1,2515.1,25,50,2494.45,2380.85,2549.95
277,2021-06-01 13:52:00,2515.1,2515.1,2515.1,2515.1,25,50,2494.45,2380.85,2549.95
278,2021-06-01 13:53:00,2515.1,2515.1,2515.1,2515.1,25,50,2494.45,2380.85,2549.95
279,2021-06-01 13:54:00,2515.1,2515.1,2515.1,2515.1,25,50,2494.45,2380.85,2549.95
280,2021-06-01 13:55:00,2515.1,2515.1,2515.1,2515.1,25,50,2494.45,2380.85,2549.95
281,2021-06-01 13:56:00,2515.1,2515.1,2515.1,2515.1,25,50,2494.45,2380.85,2549.95
282,2021-06-01 13:57:00,2515.1,2515.1,2515.1,2515.1,25,50,2494.45,2380.85,2549.95
283,2021-06-01 13:58:00,2515.1,2515.1,2515.1,2515.1,25,50,2494.45,2380.85,2549.95
284,2021-06-01 13:59:00,2515.1,2515.1,2515.1,2515.1,25,50,2494.45,2380.85,2549.95
285,2021-06-01 14:00:00,2515.1,2515.1,2515.1,2515.1,25,50,2494.45,2380.85,2549.95
286,2021-06-01 14:01:00,2515.1,2515.1,2515.1,2515.1,25,50,2494.45,2380.85,2549.95
287,2021-06-01 14:02:00,2515.1,2515.1,2515.1,2515.1,25,50,2494.45,2380.85,2549.95
288,2021-06-01 14:03:00,2515.1,2515.1,2515.1,2515.1,25,50,2494.45,2380.85,2549.95
289,2021-06-01 14:04:00,2515.1,2515.1,2515.1,2515.1,25,50,2494.45,2380.85,2549.95
290,2021-06-01 14:05:00,2515.1,2515.1,2515.1,2515.1,25,50,2494.45,2380.85,2549.95
291,2021-06-01 14:06:00,2515.1,2515.1,2515.1,2515.1,25,50,2494.45,2380.85,2549.95
292,2021-06-01 14:07:00,2515.1,2515.1,2515.1,2515.1,25,50,2494.45,2380.85,2549.95
293,2021-06-01 14:08:00,2515.1,2515.1,2515.1,2515.1,25,50,2494.45,2380.85,2549.95
294,2021-06-01 14:09:00,2515.1,2515.1,2515.1,2515.1,25,50,2494.45,2380.85,2549.95
295,2021-06-01 14:10:00,2515.1,2515.1,2515.1,2515.1,25,50,2494.45,2380.85,2549.95
296,2021-06-01 14:11:00,2515.1,2515.1,2515.1,2515.1,25,50,2494.45,2380.85,2549.95
297,2021-06-01 14:12:00,2515.1,2515.1,2515.1,2515.1,25,50,2494.45,2380.85,2549.95
298,2021-06-01 14:13:00,2515.1,2515.1,2515.1,2515.1,25,50,2494.45,2380.85,2549.95
299,2021-06-01 14:14:00,2515.1,2515.1,2515.1,2515.1,25,50,2494.45,2380.85,2549.95
300,2021-06-01 14:15:00,2515.1,2515.1,2515.1,2515.1,25,50,2494.45,2380.85,2549.95
301,2021-06-01 14:16:00,2515.1,2515.1,2515.1,2515.1,25,50,2494.45,2380.85,2549.95
302,2021-06-01 14:17:00,2515.1,2515.1,2515.1,2515.1,25,50,2494.45,2380.85,2549.95
303,2021-06-01 14:18:00,2515.1,2515.1,2515.1,2515.1,25,50,2494.45,2380.85,2549.95
304,2021-06-01 14:19:00,2515.1,2515.1,2515.1,2515.1,25,50,2494.45,2380.85,2549.95
305,2021-06-01 14:20:00,2515.1,2515.1,2515.1,2515.1,25,50,2494.45,2380.85,2549.95
306,2021-06-01 14:21:00,2515.1,2515.1,2515.1,2515.1,25,50,2494.45,2380.85,2549.95
307,2021-06-01 14:22:00,2515.1,2515.1,2515.1,2515.1,25,50,2494.45,2380.85,2549.95
308,2021-06-01 14:23:00,2515.1,2515.1,2515.1,2515.1,25,50,2494.45,2380.85,2549.95
309,2021-06-01 14:24:00,2515.1,2515.1,2515.1,2515.1,25,50,2494.45,2380.85,2549.95
310,2021-06-01 14:25:00,2515.1,2515.1,2515.1,2515.1,25,50,2494.45,2380.85,2549.95
311,2021-06-01 14:26:00,2515.1,2515.1,2515.1,2515.1,25,50,2494.45,2380.85,2549.95
312,2021-06-01 14:27:00,2515.1,2515.1,2515.1,2515.1,25,50,2494.45,2380.85,2549.95
313,2021-06-01 14:28:00,2515.1,2515.1,2515.1,2515.1,25,50,2494.45,2380.85,2549.95
314,2021-06-01 14:29:00,2515.1,2515.1,2515.1,2515.1,25,50,2494.45,2380.85,2549.95
315,2021-06-01 14:30:00,2515.1,2515.1,2515.1,2515.1,25,50,2494.45,2380.85,2549.95
316,2021-06-01 14:31:00,2515.1,2515.1,2515.1,2515.1,25,50,2494.45,2380.85,2549.95
317,2021-06-01 14:32:00,2515.1,2515.1,2515.1,2515.1,25,50,2494.45,2380.85,2549.95
318,2021-06-01 14:33:00,2515.1,2515.1,2515.1,2515.1,25,50,2494.45,2380.85,2549.95
319,2021-06-01 14:34:00,2515.1,2515.1,2515.1,2515.1,25,50,2494.45,2380.85,2549.95
320,2021-06-01 14:35:00,2515.1,2515.1,2515.1,2515.1,25,50,2494.45,2380.85,2549.95
321,2021-06-01 14:36:00,2515.1,2515.1,2515.1,2515.1,25,50,2494.45,2380.85,2549.95
322,2021-06-01 14:37:00,2515.1,2515.1,2515.1,2515.1,25,50,2494.45,2380.85,2549.95
323,2021-06-01 14:38:00,2515.1,2515.1,2515.1,2515.1,25,50,2494.45,2380.85,2549.95
324,2021-06-01 14:39:00,2515.1,2515.1,2515.1,2515.1,25,50,2494.45,2380.85,2549.95
325,2021-06-01 14:40:00,2515.1,2515.1,2515.1,2515.1,25,50,2494.45,2380.85,2549.95
326,2021-06-01 14:41:00,2515.1,2515.1,2515.1,2515.1,25,50,2494.45,2380.85,2549.95
327,2021-06-01 14:42:00,2515.1,2515.1,2515.1,2515.1,25,50,2494.45,2380.85,2549.95
328,2021-06-01 14:43:00,2515.1,2515.1,2515.1,2515.1,25,50,2494.45,2380.85,2549.95
329,2021-06-01 14:44:00,2515.1,2515.1,2515.1,2515.1,25,50,2494.45,2380.85,2549.95
330,2021-06-01 14:45:00,2515.1,2515.1,2515.1,2515.1,25,50,2494.45,2380.85,2549.95
331,2021-06-01 14:46:00,2515.1,2515.1,2515.1,2515.1,25,50,2494.45,2380.85,2549.95
332,2021-06-01 14:47:00,2515.1,2515.1,2515.1,2515.1,25,50,2494.45,2380.85,2549.95
333,2021-06-01 14:48:00,2515.1,2515.1,2515.1,2515.1,25,50,2494.45,2380.85,2549.95
334,2021-06-01 14:49:00,2515.1,2515.1,2515.1,2515.1,25,50,2494.45,2380.85,2549.95
335,2021-06-01 14:50:00,2515.1,2515.1,2515.1,2515.1,25,50,2494.45,2380.85,2549.95
336,2021-06-01 14:51:00,2515.1,2515.1,2515.1,2515.1,25,50,2494.45,2380.85,2549.95
337,2021-06-01 14:52:00,2515.1,2515.1,2515.1,2515.1,25,50,2494.45,2380.85,2549.95
338,2021-06-01 14:53:00,2515.1,2515.1,2515.1,2515.1,25,50,2494.45,2380.85,2549.95
339,2021-06-01 14:54:00,2515.1,2515.1,2515.1,2515.1,25,50,2494.45,2380.85,2549.95
340,2021-06-01 14:55:00,2515.1,2515.1,2515.1,2515.1,25,50,2494.45,2380.85,2549.95
341,2021-06-01 14:56:00,2515.1,2515.1,2515.1,2515.1,25,50,2494.45,2380.85,2549.95
342,2021-06-01 14:57:00,2515.1,2515.1,2515.1,2515.1,25,50,2494.45,2380.85,2549.95
343,2021-06-01 14:58:00,2515.1,2515.1,2515.1,2515.1,25,50,2494.45,2380.85,2549.95
344,2021-06-01 14:59:00,2515.1,2515.1,2515.1,2515.1,25,50,2494.45,2380.85,2549.95
345,2021-06-01 15:00:00,2515.1,2515.1,2515.1,2515.1,25,50,2494.45,2380.85,2549.95
346,2021-06-01 15:01:00,2515.1,2515.1,2515.1,2515.1,25,50,2494.45,2380.85,2549.95
347,2021-06-01 15:02:00,2515.1,2515.1,2515.1,2515.1,25,50,2494.45,2380.85,2549.95
348,2021-06-01 15:03:00,2515.1,2515.1,2515.1,2515.1,25,50,2494.45,2380.85,2549.95
349,2021-06-01 15:04:00,2515.1,2515.1,2515.1,2515.1,25,50,2494.45,2380.85,2549.95
350,2021-06-01 15:05:00,2515.1,2515.1,2515.1,2515.1,25,50,2494.45,2380.85,2549.95
351,2021-06-01 15:06:00,2515.1,2515.1,2515.1,2515.1,25,50,2494.45,2380.85,2549.95
352,2021-06-01 15:07:00,2515.1,2515.1,2515.1,2515.1,25,50,2494.45,2380.85,2549.95
353,2021-06-01 15:08:00,2515.1,2515.1,2515.1,2515.1,25,50,2494.45,2380.85,2549.95
354,2021-06-01 15:09:00,2515.1,2515.1,2515.1,2515.1,25,50,2494.45,2380.85,2549.95
355,2021-06-01 15:10:00,2515.1,2515.1,2515.1,2515.1,25,50,2494.45,2380.85,2549.95
356,2021-06-01 15:11:00,2515.1,2515.1,2515.1,2515.1,25,50,2494.45,2380.85,2549.95
357,2021-06-01 15:12:00,2515.1,2515.1,2515.1,2515.1,25,50,2494.45,2380.85,2549.95
358,2021-06-01 15:13:00,2515.1,2515.1,2515.1,2515.1,25,50,2494.45,2380.85,2549.95
359,2021-06-01 15:14:00,2515.1,2515.1,2515.1,2515.1,25,50,2494.45,2380.85,2549.95
360,2021-06-01 15:15:00,2515.1,2515.1,2515.1,2515.1,25,50,2494.45,2380.85,2549.95
361,2021-06-01 15:16:00,2515.1,2515.1,2515.1,2515.1,25,50,2494.45,2380.85,2549.95
362,2021-06-01 15:17:00,2515.1,2515.1,2515.1,2515.1,25,50,2494.45,2380.85,2549.95
363,2021-06-01 15:18:00,2515.1,2515.1,2515.1,2515.1,25,50,2494.45,2380.85,2549.95
364,2021-06-01 15:19:00,2515.1,2515.1,2515.1,2515.1,25,50,2494.45,2380.85,2549.95
365,2021-06-01 15:20:00,2515.1,2515.1,2515.1,2515.1,25,50,2494.45,2380.85,2549.95
366,2021-06-01 15:21:00,2515.1,2515.1,2515.1,2515.1,25,50,2494.45,2380.85,2549.95
367,2021-06-01 15:22:00,2515.1,2515.1,2515.1,2515.1,25,50,2494.45,2380.85,2549.95
368,2021-06-01 15:23:00,2515.1,2515.1,2515.1,2515.1,25,50,2494.45,2380.85,2549.95
369,2021-06-01 15:24:00,2515.1,2515.1,2515.1,2515.1,25,50,2494.45,2380.85,2549.95
370,2021-06-01 15:25:00,2515.1,2515.1,2515.1,2515.1,25,50,2494.45,2380.85,2549.95
371,2021-06-01 15:26:00,2515.1,2515.1,2515.1,2515.1,25,50,2494.45,2380.85,2549.95
372,2021-06-01 15:27:00,2515.1,2515.1,2515.1,2515.1,25,50,2494.45,2380.85,2549.95
373,2021-06-01 15:28:00,2515.1,2515.1,2515.1,2515.1,25,50,2494.45,2380.85,2549.95
374,2021-06-01 15:29:00,2515.1,2515.1,2515.1,2515.1,25,50,2494.45,2380.85,2549.95
375,2021-06-01 15:30:00,2515.1,2515.1,2515.1,2515.1,25,50,2494.45,2380.85,2549.95
376,2021-06-01 09:15:00,2515.1,2515.1,2515.1,2515.1,25,50,2494.45,2380.85,2549.95
377,2021-06-01 09:16:00,2515.1,2515.1,2515.1,2515.1,25,50,2494.45,2380.85,2549.95
378,2021-06-01 09:17:00,2353.1,2353.1,2353.1,2353.1,25,0,2353.1,2323.0,2466.75
379,2021-06-01 09:18:00,2353.1,2353.1,2353.1,2353.1,25,0,2353.1,2323.0,2466.75
380,2021-06-01 09:19:00,2353.1,2353.1,2353.1,2353.1,25,0,2353.1,2323.0,2466.75
381,2021-06-01 09:20:00,2353.1,2353.1,2353.1,2353.1,25,0,2353.1,2323.0,2466.75
382,2021-06-01 09:21:00,2353.1,2353.1,2353.1,2353.1,25,0,2353.1,2323.0,2466.75
383,2021-06-01 09:22:00,2353.1,2353.1,2353.1,2353.1,25,0,2353.1,2323.0,2466.75
384,2021-06-01 09:23:00,2353.1,2353.1,2353.1,2353.1,25,0,2353.1,2323.0,2466.75
385,2021-06-01 09:24:00,2353.1,2353.1,2353.1,2353.1,25,0,2353.1,2323.0,2466.75
386,2021-06-01 09:25:00,2353.1,2353.1,2353.1,2353.1,25,0,2353.1,2323.0,2466.75
387,2021-06-01 09:26:00,2353.1,2353.1,2353.1,2353.1,25,0,2353.1,2323.0,2466.75
388,2021-06-01 09:27:00,2353.1,2353.1,2353.1,2353.1,25,0,2353.1,2323.0,2466.75
389,2021-06-01 09:28:00,2353.1,2353.1,2353.1,2353.1,25,0,2353.1,2323.0,2466.75
390,2021-06-01 09:29:00,2353.1,2353.1,2353.1,2353.1,25,0,2353.1,2323.0,2466.75
391,2021-06-01 09:30:00,2353.1,2353.1,2353.1,2353.1,25,0,2353.1,2323.0,2466.75
392,2021-06-01 09:31:00,2353.1,2353.1,2353.1,2353.1,25,0,2353.1,2323.0,2466.75
393,2021-06-01 09:32:00,2353.1,2353.1,2353.1,2353.1,25,0,2353.1,2323.0,2466.75
394,2021-06-01 09:33:00,2353.1,2353.1,2353.1,2353.1,25,0,2353.1,2323.0,2466.75
395,2021-06-01 09:34:00,2353.1,2353.1,2353.1,2353.1,25,0,2353.1,2323.0,2466.75
396,2021-06-01 09:35:00,2353.1,2353.1,2353.1,2353.1,25,0,2353.1,2323.0,2466.75
397,2021-06-01 09:36:00,2353.1,2353.1,2353.1,2353.1,25,0,2353.1,2323.0,2466.75
398,2021-06-01 09:37:00,2353.1,2353.1,2353.1,2353.1,25,0,2353.1,2323.0,2466.75
399,2021-06-01 09:38:00,2353.1,2353.1,2353.1,2353.1,25,0,2353.1,2323.0,2466.75
400,2021-06-01 09:39:00,2353.1,2353.1,2353.1,2353.1,25,0,2353.1,2323.0,2466.75
401,2021-06-01 09:40:00,2353.1,2353.1,2353.1,2353.1,25,0,2353.1,2323.0,2466.75
402,2021-06-01 09:41:00,2353.1,2353.1,2353.1,2353.1,25,0,2353.1,2323.0,2466.75
403,2021-06-01 09:42:00,2353.1,2353.1,2353.1,2353.1,25,0,2353.1,2323.0,2466.75
404,2021-06-01 09:43:00,2353.1,2353.1,2353.1,2353.1,25,0,2353.1,2323.0,2466.75
405,2021-06-01 09:44:00,2353.1,2353.1,2353.1,2353.1,25,0,2353.1,2323.0,2466.75
406,2021-06-01 09:45:00,2353.1,2353.1,2353.1,2353.1,25,0,2353.1,2323.0,2466.75
407,2021-06-01 09:46:00,2353.1,2353.1,2353.1,2353.1,25,0,2353.1,2323.0,2466.75
408,2021-06-01 09:47:00,2353.1,2353.1,2353.1,2353.1,25,0,2353.1,2323.0,2466.75
409,2021-06-01 09:48:00,2353.1,2353.1,2353.1,2353.1,25,0,2353.1,2323.0,2466.75
410,2021-06-01 09:49:00,2353.1,2353.1,2353.1,2353.1,25,0,2353.1,2323.0,2466.75
411,2021-06-01 09:50:00,2353.1,2353.1,2353.1,2353.1,25,0,2353.1,2323.0,2466.75
412,2021-06-01 09:51:00,2353.1,2353.1,2353.1,2353.1,25,0,2353.1,2323.0,2466.75
413,2021-06-01 09:52:00,2353.1,2353.1,2353.1,2353.1,25,0,2353.1,2323.0,2466.75
414,2021-06-01 09:53:00,2353.1,2353.1,2353.1,2353.1,25,0,2353.1,2323.0,2466.75
415,2021-06-01 09:54:00,2353.1,2353.1,2353.1,2353.1,25,0,2353.1,2323.0,2466.75
416,2021-06-01 09:55:00,2353.1,2353.1,2353.1,2353.1,25,0,2353.1,2323.0,2466.75
417,2021-06-01 09:56:00,2353.1,2353.1,2353.1,2353.1,25,0,2353.1,2323.0,2466.75
418,2021-06-01 09:57:00,2353.1,2353.1,2353.1,2353.1,25,0,2353.1,2323.0,2466.75
419,2021-06-01 09:58:00,2353.1,2353.1,2353.1,2353.1,25,0,2353.1,2323.0,2466.75
420,2021-06-01 09:59:00,2353.1,2353.1,2353.1,2353.1,25,0,2353.1,2323.0,2466.75
421,2021-06-01 10:00:00,2353.1,2353.1,2353.1,2353.1,25,0,2353.1,2323.0,2466.75
422,2021-06-01 10:01:00,2353.1,2353.1,2353.1,2353.1,25,0,2353.1,2323.0,2466.75
423,2021-06-01 10:02:00,2353.1,2353.1,2353.1,2353.1,25,0,2353.1,2323.0,2466.75
424,2021-06-01 10:03:00,2353.1,2353.1,2353.1,2353.1,25,0,2353.1,2323.0,2466.75
425,2021-06-01 10:04:00,2353.1,2353.1,2353.1,2353.1,25,0,2353.1,2323.0,2466.75
426,2021-06-01 10:05:00,2353.1,2353.1,2353.1,2353.1,25,0,2353.1,2323.0,2466.75
427,2021-06-01 10:06:00,2353.1,2353.1,2353.1,2353.1,25,0,2353.1,2323.0,2466.75
428,2021-06-01 10:07:00,2353.1,2353.1,2353.1,2353.1,25,0,2353.1,2323.0,2466.75
429,2021-06-01 10:08:00,2353.1,2353.1,2353.1,2353.1,25,0,2353.1,2323.0,2466.75
430,2021-06-01 10:09:00,2353.1,2353.1,2353.1,2353.1,25,0,2353.1,2323.0,2466.75
431,2021-06-01 10:10:00,2353.1,2353.1,2353.1,2353.1,25,0,2353.1,2323.0,2466.75
432,2021-06-01 10:11:00,2353.1,2353.1,2353.1,2353.1,25,0,2353.1,2323.0,2466.75
433,2021-06-01 10:12:00,2353.1,2353.1,2353.1,2353.1,25,0,2353.1,2323.0,2466.75
434,2021-06-01 10:13:00,2353.1,2353.1,2353.1,2353.1,25,0,2353.1,2323.0,2466.75
435,2021-06-01 10:14:00,2353.1,2353.1,2353.1,2353.1,25,0,2353.1,2323.0,2466.75
436,2021-06-01 10:15:00,2353.1,2353.1,2353.1,2353.1,25,0,2353.1,2323.0,2466.75
437,2021-06-01 10:16:00,2353.1,2353.1,2353.1,2353.1,25,0,2353.1,2323.0,2466.75
438,2021-06-01 10:17:00,2353.1,2353.1,2353.1,2353.1,25,0,2353.1,2323.0,2466.75
439,2021-06-01 10:18:00,2353.1,2353.1,2353.1,2353.1,25,0,2353.1,2323.0,2466.75
440,2021-06-01 10:19:00,2353.1,2353.1,2353.1,2353.1,25,0,2353.1,2323.0,2466.75
441,2021-06-01 10:20:00,2353.1,2353.1,2353.1,2353.1,25,0,2353.1,2323.0,2466.75
442,2021-06-01 10:21:00,2353.1,2353.1,2353.1,2353.1,25,0,2353.1,2323.0,2466.75
443,2021-06-01 10:22:00,2353.1,2353.1,2353.1,2353.1,25,0,2353.1,2323.0,2466.75
444,2021-06-01 10:23:00,2353.1,2353.1,2353.1,2353.1,25,0,2353.1,2323.0,2466.75
445,2021-06-01 10:24:00,2353.1,2353.1,2353.1,2353.1,25,0,2353.1,2323.0,2466.75
446,2021-06-01 10:25:00,2353.1,2353.1,2353.1,2353.1,25,0,2353.1,2323.0,2466.75
447,2021-06-01 10:26:00,2353.1,2353.1,2353.1,2353.1,25,0,2353.1,2323.0,2466.75
448,2021-06-01 10:27:00,2353.1,2353.1,2353.1,2353.1,25,0,2353.1,2323.0,2466.75
449,2021-06-01 10:28:00,2353.1,2353.1,2353.1,2353.1,25,0,2353.1,2323.0,2466.75
450,2021-06-01 10:29:00,2353.1,2353.1,2353.1,2353.1,25,0,2353.1,2323.0,2466.75
451,2021-06-01 10:30:00,2353.1,2353.1,2353.1,2353.1,25,0,2353.1,2323.0,2466.75
452,2021-06-01 10:31:00,2353.1,2353.1,2353.1,2353.1,25,0,2353.1,2323.0,2466.75
453,2021-06-01 10:32:00,2353.1,2353.1,2353.1,2353.1,25,0,2353.1,2323.0,2466.75
454,2021-06-01 10:33:00,2353.1,2353.1,2353.1,2353.1,25,0,2353.1,2323.0,2466.75
455,2021-06-01 10:34:00,2353.1,2353.1,2353.1,2353.1,25,0,2353.1,2323.0,2466.75
456,2021-06-01 10:35:00,2353.1,2353.1,2353.1,2353.1,25,0,2353.1,2323.0,2466.75
457,2021-06-01 10:36:00,2353.1,2353.1,2353.1,2353.1,25,0,2353.1,2323.0,2466.75
458,2021-06-01 10:37:00,2353.1,2353.1,2353.1,2353.1,25,0,2353.1,2323.0,2466.75
459,2021-06-01 10:38:00,2353.1,2353.1,2353.1,2353.1,25,0,2353.1,2323.0,2466.75
460,2021-06-01 10:39:00,2353.1,2353.1,2353.1,2353.1,25,0,2353.1,2323.0,2466.75
461,2021-06-01 10:40:00,2353.1,2353.1,2353.1,2353.1,25,0,2353.1,2323.0,2466.75
462,2021-06-01 10:41:00,2353.1,2353.1,2353.1,2353.1,25,0,2353.1,2323.0,2466.75
463,2021-06-01 10:42:00,2353.1,2353.1,2353.1,2353.1,25,0,2353.1,2323.0,2466.75
464,2021-06-01 10:43:00,2353.1,2353.1,2353.1,2353.1,25,0,2353.1,2323.0,2466.75
465,2021-06-01 10:44:00,2353.1,2353.1,2353.1,2353.1,25,0,2353.1,2323.0,2466.75
466,2021-06-01 10:45:00,2353.1,2353.1,2353.1,2353.1,25,0,2353.1,2323.0,2466.75
467,2021-06-01 10:46:00,2353.1,2353.1,2353.1,2353.1,25,0,2353.1,2323.0,2466.75
468,2021-06-01 10:47:00,2353.1,2353.1,2353.1,2353.1,25,0,2353.1,2323.0,2466.75
469,2021-06-01 10:48:00,2353.1,2353.1,2353.1,2353.1,25,0,2353.1,2323.0,2466.75
470,2021-06-01 10:49:00,2353.1,2353.1,2353.1,2353.1,25,0,2353.1,2323.0,2466.75
471,2021-06-01 10:50:00,2353.1,2353.1,2353.1,2353.1,25,0,2353.1,2323.0,2466.75
472,2021-06-01 10:51:00,2353.1,2353.1,2353.1,2353.1,25,0,2353.1,2323.0,2466.75
473,2021-06-01 10:52:00,2353.1,2353.1,2353.1,2353.1,25,0,2353.1,2323.0,2466.75
474,2021-06-01 10:53:00,2353.1,2353.1,2353.1,2353.1,25,0,2353.1,2323.0,2466.75
475,2021-06-01 10:54:00,2353.1,2353.1,2353.1,2353.1,25,0,2353.1,2323.0,2466.75
476,2021-06-01 10:55:00,2353.1,2353.1,2353.1,2353.1,25,0,2353.1,2323.0,2466.75
477,2021-06-01 10:56:00,2353.1,2353.1,2353.1,2353.1,25,0,2353.1,2323.0,2466.75
478,2021-06-01 10:57:00,2353.1,2353.1,2353.1,2353.1,25,0,2353.1,2323.0,2466.75
479,2021-06-01 10:58:00,2353.1,2353.1,2353.1,2353.1,25,0,2353.1,2323.0,2466.75
480,2021-06-01 10:59:00,2353.1,2353.1,2353.1,2353.1,25,0,2353.1,2323.0,2466.75
481,2021-06-01 11:00:00,2353.1,2353.1,2353.1,2353.1,25,0,2353.1,2323.0,2466.75
482,2021-06-01 11:01:00,2353.1,2353.1,2353.1,2353.1,25,0,2353.1,2323.0,2466.75
483,2021-06-01 11:02:00,2353.1,2353.1,2353.1,2353.1,25,0,2353.1,2323.0,2466.75
484,2021-06-01 11:03:00,2353.1,2353.1,2353.1,2353.1,25,0,2353.1,2323.0,2466.75
485,2021-06-01 11:04:00,2353.1,2353.1,2353.1,2353.1,25,0,2353.1,2323.0,2466.75
486,2021-06-01 11:05:00,2353.1,2353.1,2353.1,2353.1,25,0,2353.1,2323.0,2466.75
487,2021-06-01 11:06:00,2353.1,2353.1,2353.1,2353.1,25,0,2353.1,2323.0,2466.75
488,2021-06-01 11:07:00,2353.1,2353.1,2353.1,2353.1,25,0,2353.1,2323.0,2466.75
489,2021-06-01 11:08:00,2353.1,2353.1,2353.1,2353.1,25,0,2353.1,2323.0,2466.75
490,2021-06-01 11:09:00,2353.1,2353.1,2353.1,2353.1,25,0,2353.1,2323.0,2466.75
491,2021-06-01 11:10:00,2353.1,2353.1,2353.1,2353.1,25,0,2353.1,2323.0,2466.75
492,2021-06-01 11:11:00,2353.1,2353.1,2353.1,2353.1,25,0,2353.1,2323.0,2466.75
493,2021-06-01 11:12:00,2353.1,2353.1,2353.1,2353.1,25,0,2353.1,2323.0,2466.75
494,2021-06-01 11:13:00,2615.15,2615.15,2615.15,2615.15,25,25,2484.12,2514.0,2734.9
495,2021-06-01 11:14:00,2615.15,2615.15,2615.15,2615.15,25,25,2484.12,2514.0,2734.9
496,2021-06-01 11:15:00,2615.15,2615.15,2615.15,2615.15,25,25,2484.12,2514.0,2734.9
497,2021-06-01 11:16:00,2615.15,2615.15,2615.15,2615.15,25,25,2484.12,2514.0,2734.9
498,2021-06-01 11:17:00,2615.15,2615.15,2615.15,2615.15,25,25,2484.12,2514.0,2734.9
499,2021-06-01 11:18:00,2615.15,2615.15,2615.15,2615.15,25,25,2484.12,2514.0,2734.9
500,2021-06-01 11:19:00,2615.15,2615.15,2615.15,2615.15,25,25,2484.12,2514.0,2734.9
501,2021-06-01 11:20:00,2615.15,2615.15,2615.15,2615.15,25,25,2484.12,2514.0,2734.9
502,2021-06-01 11:21:00,2615.15,2615.15,2615.15,2615.15,25,25,2484.12,2514.0,2734.9
503,2021-06-01 11:22:00,2615.15,2615.15,2615.15,2615.15,25,25,2484.12,2514.0,2734.9
504,2021-06-01 11:23:00,2615.15,2615.15,2615.15,2615.15,25,25,2484.12,2514.0,2734.9
505,2021-06-01 11:24:00,2615.15,2615.15,2615.15,2615.15,25,25,2484.12,2514.0,2734.9
506,2021-06-01 11:25:00,2615.15,2615.15,2615.15,2615.15,25,25,2484.12,2514.0,2734.9
507,2021-06-01 11:26:00,2615.15,2615.15,2615.15,2615.15,25,25,2484.12,2514.0,2734.9
508,2021-06-01 11:27:00,2615.15,2615.15,2615.15,2615.15,25,25,2484.12,2514.0,2734.9
509,2021-06-01 11:28:00,2615.15,2615.15,2615.15,2615.15,25,25,2484.12,2514.0,2734.9
510,2021-06-01 11:29:00,2615.15,2615.15,2615.15,2615.15,25,25,2484.12,2514.0,2734.9
511,2021-06-01 11:30:00,2515.1,2515.1,2515.1,2515.1,25,50,2494.45,2380.85,2549.95
512,2021-06-01 11:31:00,2515.1,2515.1,2515.1,2515.1,25,50,2494.45,2380.85,2549.95
513,2021-06-01 11:32:00,2515.1,2515.1,2515.1,2515.1,25,50,2494.45,2380.85,2549.95
514,2021-06-01 11:33:00,2515.1,2515.1,2515.1,2515.1,25,50,2494.45,2380.85,2549.95
515,2021-06-01 11:34:00,2515.1,2515.1,2515.1,2515.1,25,50,2494.45,2380.85,2549.95
516,2021-06-01 11:35:00,2515.1,2515.1,2515.1,2515.1,25,50,2494.45,2380.85,2549.95
517,2021-06-01 11:36:00,2515.1,2515.1,2515.1,2515.1,25,50,2494.45,2380.85,2549.95
518,2021-06-01 11:37:00,2515.1,2515.1,2515.1,2515.1,25,50,2494.45,2380.85,2549.95
519,2021-06-01 11:38:00,2515.1,2515.1,2515.1,2515.1,25,50,2494.45,2380.85,2549.95
520,2021-06-01 11:39:00,2515.1,2515.1,2515.1,2515.1,25,50,2494.45,2380.85,2549.95
521,2021-06-01 11:40:00,2515.1,2515.1,2515.1,2515.1,25,50,2494.45,2380.85,2549.95
522,2021-06-01 11:41:00,2515.1,2515.1,2515.1,2515.1,25,50,2494.45,2380.85,2549.95
523,2021-06-01 11:42:00,2515.1,2515.1,2515.1,2515.1,25,50,2494.45,2380.85,2549.95
524,2021-06-01 11:43:00,2515.1,2515.1,2515.1,2515.1,25,50,2494.45,2380.85,2549.95
525,2021-06-01 11:44:00,2515.1,2515.1,2515.1,2515.1,25,50,2494.45,2380.85,2549.95
526,2021-06-01 11:45:00,2515.1,2515.1,2515.1,2515.1,25,50,2494.45,2380.85,2549.95
527,2021-06-01 11:46:00,2515.1,2515.1,2515.1,2515.1,25,50,2494.45,2380.85,2549.95
528,2021-06-01 11:47:00,2515.1,2515.1,2515.1,2515.1,25,50,2494.45,2380.85,2549.95
529,2021-06-01 11:48:00,2515.1,2515.1,2515.1,2515.1,25,50,2494.45,2380.85,2549.95
530,2021-06-01 11:49:00,2515.1,2515.1,2515.1,2515.1,25,50,2494.45,2380.85,2549.95
531,2021-06-01 11:50:00,2515.1,2515.1,2515.1,2515.1,25,50,2494.45,2380.85,2549.95
532,2021-06-01 11:51:00,2515.1,2515.1,2515.1,2515.1,25,50,2494.45,2380.85,2549.95
533,2021-06-01 11:52:00,2515.1,2515.1,2515.1,2515.1,25,50,2494.45,2380.85,2549.95
534,2021-06-01 11:53:00,2515.1,2515.1,2515.1,2515.1,25,50,2494.45,2380.85,2549.95
535,2021-06-01 11:54:00,2515.1,2515.1,2515.1,2515.1,25,50,2494.45,2380.85,2549.95
536,2021-06-01 11:55:00,2515.1,2515.1,2515.1,2515.1,25,50,2494.45,2380.85,2549.95
537,2021-06-01 11:56:00,2515.1,2515.1,2515.1,2515.1,25,50,2494.45,2380.85,2549.95
538,2021-06-01 11:57:00,2515.1,2515.1,2515.1,2515.1,25,50,2494.45,2380.85,2549.95
539,2021-06-01 11:58:00,2515.1,2515.1,2515.1,2515.1,25,50,2494.45,2380.85,2549.95
540,2021-06-01 11:59:00,2515.1,2515.1,2515.1,2515.1,25,50,2494.45,2380.85,2549.95
541,2021-06-01 12:00:00,2515.1,2515.1,2515.1,2515.1,25,50,2494.45,2380.85,2549.95
542,2021-06-01 12:01:00,2515.1,2515.1,2515.1,2515.1,25,50,2494.45,2380.85,2549.95
543,2021-06-01 12:02:00,2515.1,2515.1,2515.1,2515.1,25,50,2494.45,2380.85,2549.95
544,2021-06-01 12:03:00,2515.1,2515.1,2515.1,2515.1,25,50,2494.45,2380.85,2549.95
545,2021-06-01 12:04:00,2515.1,2515.1,2515.1,2515.1,25,50,2494.45,2380.85,2549.95
546,2021-06-01 12:05:00,2515.1,2515.1,2515.1,2515.1,25,50,2494.45,2380.85,2549.95
547,2021-06-01 12:06:00,2515.1,2515.1,2515.1,2515.1,25,50,2494.45,2380.85,2549.95
548,2021-06-01 12:07:00,2515.1,2515.1,2515.1,2515.1,25,50,2494.45,2380.85,2549.95
549,2021-06-01 12:08:00,2515.1,2515.1,2515.1,2515.1,25,50,2494.45,2380.85,2549.95
550,2021-06-01 12:09:00,2515.1,2515.1,2515.1,2515.1,25,50,2494.45,2380.85,2549.95
551,2021-06-01 12:10:00,2515.1,2515.1,2515.1,2515.1,25,50,2494.45,2380.85,2549.95
552,2021-06-01 12:11:00,2515.1,2515.1,2515.1,2515.1,25,50,2494.45,2380.85,2549.95
553,2021-06-01 12:12:00,2515.1,2515.1,2515.1,2515.1,25,50,2494.45,2380.85,2549.95
554,2021-06-01 12:13:00,2515.1,2515.1,2515.1,2515.1,25,50,2494.45,2380.85,2549.95
555,2021-06-01 12:14:00,2515.1,2515.1,2515.1,2515.1,25,50,2494.45,2380.85,2549.95
556,2021-06-01 12:15:00,2515.1,2515.1,2515.1,2515.1,25,50,2494.45,2380.85,2549.95
557,2021-06-01 12:16:00,2515.1,2515.1,2515.1,2515.1,25,50,2494.45,2380.85,2549.95
558,2021-06-01 12:17:00,2515.1,2515.1,2515.1,2515.1,25,50,2494.45,2380.85,2549.95
559,2021-06-01 12:18:00,2515.1,2515.1,2515.1,2515.1,25,50,2494.45,2380.85,2549.95
560,2021-06-01 12:19:00,2515.1,2515.1,2515.1,2515.1,25,50,2494.45,2380.85,2549.95
561,2021-06-01 12:20:00,2515.1,2515.1,2515.1,2515.1,25,50,2494.45,2380.85,2549.95
562,2021-06-01 12:21:00,2515.1,2515.1,2515.1,2515.1,25,50,2494.45,2380.85,2549.95
563,2021-06-01 12:22:00,2515.1,2515.1,2515.1,2515.1,25,50,2494.45,2380.85,2549.95
564,2021-06-01 12:23:00,2515.1,2515.1,2515.1,2515.1,25,50,2494.45,2380.85,2549.95
565,2021-06-01 12:24:00,2515.1,2515.1,2515.1,2515.1,25,50,2494.45,2380.85,2549.95
566,2021-06-01 12:25:00,2515.1,2515.1,2515.1,2515.1,25,50,2494.45,2380.85,2549.95
567,2021-06-01 12:26:00,2515.1,2515.1,2515.1,2515.1,25,50,2494.45,2380.85,2549.95
568,2021-06-01 12:27:00,2515.1,2515.1,2515.1,2515.1,25,50,2494.45,2380.85,2549.95
569,2021-06-01 12:28:00,2515.1,2515.1,2515.1,2515.1,25,50,2494.45,2380.85,2549.95
570,2021-06-01 12:29:00,2515.1,2515.1,2515.1,2515.1,25,50,2494.45,2380.85,2549.95
571,2021-06-01 12:30:00,2515.1,2515.1,2515.1,2515.1,25,50,2494.45,2380.85,2549.95
572,2021-06-01 12:31:00,2515.1,2515.1,2515.1,2515.1,25,50,2494.45,2380.85,2549.95
573,2021-06-01 12:32:00,2515.1,2515.1,2515.1,2515.1,25,50,2494.45,2380.85,2549.95
574,2021-06-01 12:33:00,2515.1,2515.1,2515.1,2515.1,25,50,2494.45,2380.85,2549.95
575,2021-06-01 12:34:00,2515.1,2515.1,2515.1,2515.1,25,50,2494.45,2380.85,2549.95
576,2021-06-01 12:35:00,2515.1,2515.1,2515.1,2515.1,25,50,2494.45,2380.85,2549.95
577,2021-06-01 12:36:00,2515.1,2515.1,2515.1,2515.1,25,50,2494.45,2380.85,2549.95
578,2021-06-01 12:37:00,2515.1,2515.1,2515.1,2515.1,25,50,2494.45,2380.85,2549.95
579,2021-06-01 12:38:00,2515.1,2515.1,2515.1,2515.1,25,50,2494.45,2380.85,2549.95
580,2021-06-01 12:39:00,2515.1,2515.1,2515.1,2515.1,25,50,2494.45,2380.85,2549.95
581,2021-06-01 12:40:00,2515.1,2515.1,2515.1,2515.1,25,50,2494.45,2380.85,2549.95
582,2021-06-01 12:41:00,2515.1,2515.1,2515.1,2515.1,25,50,2494.45,2380.85,2549.95
583,2021-06-01 12:42:00,2515.1,2515.1,2515.1,2515.1,25,50,2494.45,2380.85,2549.95
584,2021-06-01 12:43:00,2515.1,2515.1,2515.1,2515.1,25,50,2494.45,2380.85,2549.95
585,2021-06-01 12:44:00,2515.1,2515.1,2515.1,2515.1,25,50,2494.45,2380.85,2549.95
586,2021-06-01 12:45:00,2515.1,2515.1,2515.1,2515.1,25,50,2494.45,2380.85,2549.95
587,2021-06-01 12:46:00,2515.1,2515.1,2515.1,2515.1,25,50,2494.45,2380.85,2549.95
588,2021-06-01 12:47:00,2515.1,2515.1,2515.1,2515.1,25,50,2494.45,2380.85,2549.95
589,2021-06-01 12:48:00,2515.1,2515.1,2515.1,2515.1,25,50,2494.45,2380.85,2549.95
590,2021-06-01 12:49:00,2515.1,2515.1,2515.1,2515.1,25,50,2494.45,2380.85,2549.95
591,2021-06-01 12:50:00,2515.1,2515.1,2515.1,2515.1,25,50,2494.45,2380.85,2549.95
592,2021-06-01 12:51:00,2515.1,2515.1,2515.1,2515.1,25,50,2494.45,2380.85,2549.95
593,2021-06-01 12:52:00,2515.1,2515.1,2515.1,2515.1,25,50,2494.45,2380.85,2549.95
594,2021-06-01 12:53:00,2515.1,2515.1,2515.1,2515.1,25,50,2494.45,2380.85,2549.95
595,2021-06-01 12:54:00,2515.1,2515.1,2515.1,2515.1,25,50,2494.45,2380.85,2549.95
596,2021-06-01 12:55:00,2515.1,2515.1,2515.1,2515.1,25,50,2494.45,2380.85,2549.95
597,2021-06-01 12:56:00,2515.1,2515.1,2515.1,2515.1,25,50,2494.45,2380.85,2549.95
598,2021-06-01 12:57:00,2515.1,2515.1,2515.1,2515.1,25,50,2494.45,2380.85,2549.95
599,2021-06-01 12:58:00,2515.1,2515.1,2515.1,2515.1,25,50,2494.45,2380.85,2549.95
600,2021-06-01 12:59:00,2515.1,2515.1,2515.1,2515.1,25,50,2494.45,2380.85,2549.95
601,2021-06-01 13:00:00,2515.1,2515.1,2515.1,2515.1,25,50,2494.45,2380.85,2549.95
602,2021-06-01 13:01:00,2515.1,2515.1,2515.1,2515.1,25,50,2494.45,2380.85,2549.95
603,2021-06-01 13:02:00,2515.1,2515.1,2515.1,2515.1,25,50,2494.45,2380.85,2549.95
604,2021-06-01 13:03:00,2515.1,2515.1,2515.1,2515.1,25,50,2494.45,2380.85,2549.95
605,2021-06-01 13:04:00,2515.1,2515.1,2515.1,2515.1,25,50,2494.45,2380.85,2549.95
606,2021-06-01 13:05:00,2515.1,2515.1,2515.1,2515.1,25,50,2494.45,2380.85,2549.95
607,2021-06-01 13:06:00,2515.1,2515.1,2515.1,2515.1,25,50,2494.45,2380.85,2549.95
608,2021-06-01 13:07:00,2515.1,2515.1,2515.1,2515.1,25,50,2494.45,2380.85,2549.95
609,2021-06-01 13:08:00,2515.1,2515.1,2515.1,2515.1,25,50,2494.45,2380.85,2549.95
610,2021-06-01 13:09:00,2515.1,2515.1,2515.1,2515.1,25,50,2494.45,2380.85,2549.95
611,2021-06-01 13:10:00,2515.1,2515.1,2515.1,2515.1,25,50,2494.45,2380.85,2549.95
612,2021-06-01 13:11:00,2515.1,2515.1,2515.1,2515.1,25,50,2494.45,2380.85,2549.95
613,2021-06-01 13:12:00,2515.1,2515.1,2515.1,2515.1,25,50,2494.45,2380.85,2549.95
614,2021-06-01 13:13:00,2515.1,2515.1,2515.1,2515.1,25,50,2494.45,2380.85,2549.95
615,2021-06-01 13:14:00,2515.1,2515.1,2515.1,2515.1,25,50,2494.45,2380.85,2549.95
616,2021-06-01 13:15:00,2515.1,2515.1,2515.1,2515.1,25,50,2494.45,2380.85,2549.95
617,2021-06-01 13:16:00,2515.1,2515.1,2515.1,2515.1,25,50,2494.45,2380.85,2549.95
618,2021-06-01 13:17:00,2515.1,2515.1,2515.1,2515.1,25,50,2494.45,2380.85,2549.95
619,2021-06-01 13:18:00,2515.1,2515.1,2515.1,2515.1,25,50,2494.45,2380.85,2549.95
620,2021-06-01 13:19:00,2515.1,2515.1,2515.1,2515.1,25,50,2494.45,2380.85,2549.95
621,2021-06-01 13:20:00,2515.1,2515.1,2515.1,2515.1,25,50,2494.45,2380.85,2549.95
622,2021-06-01 13:21:00,2515.1,2515.1,2515.1,2515.1,25,50,2494.45,2380.85,2549.95
623,2021-06-01 13:22:00,2515.1,2515.1,2515.1,2515.1,25,50,2494.45,2380.85,2549.95
624,2021-06-01 13:23:00,2515.1,2515.1,2515.1,2515.1,25,50,2494.45,2380.85,2549.95
625,2021-06-01 13:24:00,2515.1,2515.1,2515.1,2515.1,25,50,2494.45,2380.85,2549.95
626,2021-06-01 13:25:00,2515.1,2515.1,2515.1,2515.1,25,50,2494.45,2380.85,2549.95
627,2021-06-01 13:26:00,2515.1,2515.1,2515.1,2515.1,25,50,2494.45,2380.85,2549.95
628,2021-06-01 13:27:00,2515.1,2515.1,2515.1,2515.1,25,50,2494.45,2380.85,2549.95
629,2021-06-01 13:28:00,2515.1,2515.1,2515.1,2515.1,25,50,2494.45,2380.85,2549.95
630,2021-06-01 13:29:00,2515.1,2515.1,2515.1,2515.1,25,50,2494.45,2380.85,2549.95
631,2021-06-01 13:30:00,2515.1,2515.1,2515.1,2515.1,25,50,2494.45,2380.85,2549.95
632,2021-06-01 13:31:00,2515.1,2515.1,2515.1,2515.1,25,50,2494.45,2380.85,2549.95
633,2021-06-01 13:32:00,2515.1,2515.1,2515.1,2515.1,25,50,2494.45,2380.85,2549.95
634,2021-06-01 13:33:00,2515.1,2515.1,2515.1,2515.1,25,50,2494.45,2380.85,2549.95
635,2021-06-01 13:34:00,2515.1,2515.1,2515.1,2515.1,25,50,2494.45,2380.85,2549.95
636,2021-06-01 13:35:00,2515.1,2515.1,2515.1,2515.1,25,50,2494.45,2380.85,2549.95
637,2021-06-01 13:36:00,2515.1,2515.1,2515.1,2515.1,25,50,2494.45,2380.85,2549.95
638,2021-06-01 13:37:00,2515.1,2515.1,2515.1,2515.1,25,50,2494.45,2380.85,2549.95
639,2021-06-01 13:38:00,2515.1,2515.1,2515.1,2515.1,25,50,2494.45,2380.85,2549.95
640,2021-06-01 13:39:00,2515.1,2515.1,2515.1,2515.1,25,50,2494.45,2380.85,2549.95
641,2021-06-01 13:40:00,2515.1,2515.1,2515.1,2515.1,25,50,2494.45,2380.85,2549.95
642,2021-06-01 13:41:00,2515.1,2515.1,2515.1,2515.1,25,50,2494.45,2380.85,2549.95
643,2021-06-01 13:42:00,2515.1,2515.1,2515.1,2515.1,25,50,2494.45,2380.85,2549.95
644,2021-06-01 13:43:00,2515.1,2515.1,2515.1,2515.1,25,50,2494.45,2380.85,2549.95
645,2021-06-01 13:44:00,2515.1,2515.1,2515.1,2515.1,25,50,2494.45,2380.85,2549.95
646,2021-06-01 13:45:00,2515.1,2515.1,2515.1,2515.1,25,50,2494.45,2380.85,2549.95
647,2021-06-01 13:46:00,2515.1,2515.1,2515.1,2515.1,25,50,2494.45,2380.85,2549.95
648,2021-06-01 13:47:00,2515.1,2515.1,2515.1,2515.1,25,50,2494.45,2380.85,2549.95
649,2021-06-01 13:48:00,2515.1,2515.1,2515.1,2515.1,25,50,2494.45,2380.85,2549.95
650,2021-06-01 13:49:00,2515.1,2515.1,2515.1,2515.1,25,50,2494.45,2380.85,2549.95
651,2021-06-01 13:50:00,2515.1,2515.1,2515.1,2515.1,25,50,2494.45,2380.85,2549.95
652,2021-06-01 13:51:00,2515.1,2515.1,2515.1,2515.1,25,50,2494.45,2380.85,2549.95
653,2021-06-01 13:52:00,2515.1,2515.1,2515.1,2515.1,25,50,2494.45,2380.85,2549.95
654,2021-06-01 13:53:00,2515.1,2515.1,2515.1,2515.1,25,50,2494.45,2380.85,2549.95
655,2021-06-01 13:54:00,2515.1,2515.1,2515.1,2515.1,25,50,2494.45,2380.85,2549.95
656,2021-06-01 13:55:00,2515.1,2515.1,2515.1,2515.1,25,50,2494.45,2380.85,2549.95
657,2021-06-01 13:56:00,2515.1,2515.1,2515.1,2515.1,25,50,2494.45,2380.85,2549.95
658,2021-06-01 13:57:00,2515.1,2515.1,2515.1,2515.1,25,50,2494.45,2380.85,2549.95
659,2021-06-01 13:58:00,2515.1,2515.1,2515.1,2515.1,25,50,2494.45,2380.85,2549.95
660,2021-06-01 13:59:00,2515.1,2515.1,2515.1,2515.1,25,50,2494.45,2380.85,2549.95
661,2021-06-01 14:00:00,2515.1,2515.1,2515.1,2515.1,25,50,2494.45,2380.85,2549.95
662,2021-06-01 14:01:00,2515.1,2515.1,2515.1,2515.1,25,50,2494.45,2380.85,2549.95
663,2021-06-01 14:02:00,2515.1,2515.1,2515.1,2515.1,25,50,2494.45,2380.85,2549.95
664,2021-06-01 14:03:00,2515.1,2515.1,2515.1,2515.1,25,50,2494.45,2380.85,2549.95
665,2021-06-01 14:04:00,2515.1,2515.1,2515.1,2515.1,25,50,2494.45,2380.85,2549.95
666,2021-06-01 14:05:00,2515.1,2515.1,2515.1,2515.1,25,50,2494.45,2380.85,2549.95
667,2021-06-01 14:06:00,2515.1,2515.1,2515.1,2515.1,25,50,2494.45,2380.85,2549.95
668,2021-06-01 14:07:00,2515.1,2515.1,2515.1,2515.1,25,50,2494.45,2380.85,2549.95
669,2021-06-01 14:08:00,2515.1,2515.1,2515.1,2515.1,25,50,2494.45,2380.85,2549.95
670,2021-06-01 14:09:00,2515.1,2515.1,2515.1,2515.1,25,50,2494.45,2380.85,2549.95
671,2021-06-01 14:10:00,2515.1,2515.1,2515.1,2515.1,25,50,2494.45,2380.85,2549.95
672,2021-06-01 14:11:00,2515.1,2515.1,2515.1,2515.1,25,50,2494.45,2380.85,2549.95
673,2021-06-01 14:12:00,2515.1,2515.1,2515.1,2515.1,25,50,2494.45,2380.85,2549.95
674,2021-06-01 14:13:00,2515.1,2515.1,2515.1,2515.1,25,50,2494.45,2380.85,2549.95
675,2021-06-01 14:14:00,2515.1,2515.1,2515.1,2515.1,25,50,2494.45,2380.85,2549.95
676,2021-06-01 14:15:00,2515.1,2515.1,2515.1,2515.1,25,50,2494.45,2380.85,2549.95
677,2021-06-01 14:16:00,2515.1,2515.1,2515.1,2515.1,25,50,2494.45,2380.85,2549.95
678,2021-06-01 14:17:00,2515.1,2515.1,2515.1,2515.1,25,50,2494.45,2380.85,2549.95
679,2021-06-01 14:18:00,2515.1,2515.1,2515.1,2515.1,25,50,2494.45,2380.85,2549.95
680,2021-06-01 14:19:00,2515.1,2515.1,2515.1,2515.1,25,50,2494.45,2380.85,2549.95
681,2021-06-01 14:20:00,2515.1,2515.1,2515.1,2515.1,25,50,2494.45,2380.85,2549.95
682,2021-06-01 14:21:00,2515.1,2515.1,2515.1,2515.1,25,50,2494.45,2380.85,2549.95
683,2021-06-01 14:22:00,2515.1,2515.1,2515.1,2515.1,25,50,2494.45,2380.85,2549.95
684,2021-06-01 14:23:00,2515.1,2515.1,2515.1,2515.1,25,50,2494.45,2380.85,2549.95
685,2021-06-01 14:24:00,2515.1,2515.1,2515.1,2515.1,25,50,2494.45,2380.85,2549.95
686,2021-06-01 14:25:00,2515.1,2515.1,2515.1,2515.1,25,50,2494.45,2380.85,2549.95
687,2021-06-01 14:26:00,2515.1,2515.1,2515.1,2515.1,25,50,2494.45,2380.85,2549.95
688,2021-06-01 14:27:00,2515.1,2515.1,2515.1,2515.1,25,50,2494.45,2380.85,2549.95
689,2021-06-01 14:28:00,2515.1,2515.1,2515.1,2515.1,25,50,2494.45,2380.85,2549.95
690,2021-06-01 14:29:00,2515.1,2515.1,2515.1,2515.1,25,50,2494.45,2380.85,2549.95
691,2021-06-01 14:30:00,2515.1,2515.1,2515.1,2515.1,25,50,2494.45,2380.85,2549.95
692,2021-06-01 14:31:00,2515.1,2515.1,2515.1,2515.1,25,50,2494.45,2380.85,2549.95
693,2021-06-01 14:32:00,2515.1,2515.1,2515.1,2515.1,25,50,2494.45,2380.85,2549.95
694,2021-06-01 14:33:00,2515.1,2515.1,2515.1,2515.1,25,50,2494.45,2380.85,2549.95
695,2021-06-01 14:34:00,2515.1,2515.1,2515.1,2515.1,25,50,2494.45,2380.85,2549.95
696,2021-06-01 14:35:00,2515.1,2515.1,2515.1,2515.1,25,50,2494.45,2380.85,2549.95
697,2021-06-01 14:36:00,2515.1,2515.1,2515.1,2515.1,25,50,2494.45,2380.85,2549.95
698,2021-06-01 14:37:00,2515.1,2515.1,2515.1,2515.1,25,50,2494.45,2380.85,2549.95
699,2021-06-01 14:38:00,2515.1,2515.1,2515.1,2515.1,25,50,2494.45,2380.85,2549.95
700,2021-06-01 14:39:00,2515.1,2515.1,2515.1,2515.1,25,50,2494.45,2380.85,2549.95
701,2021-06-01 14:40:00,2515.1,2515.1,2515.1,2515.1,25,50,2494.45,2380.85,2549.95
702,2021-06-01 14:41:00,2515.1,2515.1,2515.1,2515.1,25,50,2494.45,2380.85,2549.95
703,2021-06-01 14:42:00,2515.1,2515.1,2515.1,2515.1,25,50,2494.45,2380.85,2549.95
704,2021-06-01 14:43:00,2515.1,2515.1,2515.1,2515.1,25,50,2494.45,2380.85,2549.95
705,2021-06-01 14:44:00,2515.1,2515.1,2515.1,2515.1,25,50,2494.45,2380.85,2549.95
706,2021-06-01 14:45:00,2515.1,2515.1,2515.1,2515.1,25,50,2494.45,2380.85,2549.95
707,2021-06-01 14:46:00,2515.1,2515.1,2515.1,2515.1,25,50,2494.45,2380.85,2549.95
708,2021-06-01 14:47:00,2515.1,2515.1,2515.1,2515.1,25,50,2494.45,2380.85,2549.95
709,2021-06-01 14:48:00,2515.1,2515.1,2515.1,2515.1,25,50,2494.45,2380.85,2549.95
710,2021-06-01 14:49:00,2515.1,2515.1,2515.1,2515.1,25,50,2494.45,2380.85,2549.95
711,2021-06-01 14:50:00,2515.1,2515.1,2515.1,2515.1,25,50,2494.45,2380.85,2549.95
712,2021-06-01 14:51:00,2515.1,2515.1,2515.1,2515.1,25,50,2494.45,2380.85,2549.95
713,2021-06-01 14:52:00,2515.1,2515.1,2515.1,2515.1,25,50,2494.45,2380.85,2549.95
714,2021-06-01 14:53:00,2515.1,2515.1,2515.1,2515.1,25,50,2494.45,2380.85,2549.95
715,2021-06-01 14:54:00,2515.1,2515.1,2515.1,2515.1,25,50,2494.45,2380.85,2549.95
716,2021-06-01 14:55:00,2515.1,2515.1,2515.1,2515.1,25,50,2494.45,2380.85,2549.95
717,2021-06-01 14:56:00,2515.1,2515.1,2515.1,2515.1,25,50,2494.45,2380.85,2549.95
718,2021-06-01 14:57:00,2515.1,2515.1,2515.1,2515.1,25,50,2494.45,2380.85,2549.95
719,2021-06-01 14:58:00,2515.1,2515.1,2515.1,2515.1,25,50,2494.45,2380.85,2549.95
720,2021-06-01 14:59:00,2515.1,2515.1,2515.1,2515.1,25,50,2494.45,2380.85,2549.95
721,2021-06-01 15:00:00,2515.1,2515.1,2515.1,2515.1,25,50,2494.45,2380.85,2549.95
722,2021-06-01 15:01:00,2515.1,2515.1,2515.1,2515.1,25,50,2494.45,2380.85,2549.95
723,2021-06-01 15:02:00,2515.1,2515.1,2515.1,2515.1,25,50,2494.45,2380.85,2549.95
724,2021-06-01 15:03:00,2515.1,2515.1,2515.1,2515.1,25,50,2494.45,2380.85,2549.95
725,2021-06-01 15:04:00,2515.1,2515.1,2515.1,2515.1,25,50,2494.45,2380.85,2549.95
726,2021-06-01 15:05:00,2515.1,2515.1,2515.1,2515.1,25,50,2494.45,2380.85,2549.95
727,2021-06-01 15:06:00,2515.1,2515.1,2515.1,2515.1,25,50,2494.45,2380.85,2549.95
728,2021-06-01 15:07:00,2515.1,2515.1,2515.1,2515.1,25,50,2494.45,2380.85,2549.95
729,2021-06-01 15:08:00,2515.1,2515.1,2515.1,2515.1,25,50,2494.45,2380.85,2549.95
730,2021-06-01 15:09:00,2515.1,2515.1,2515.1,2515.1,25,50,2494.45,2380.85,2549.95
731,2021-06-01 15:10:00,2515.1,2515.1,2515.1,2515.1,25,50,2494.45,2380.85,2549.95
732,2021-06-01 15:11:00,2515.1,2515.1,2515.1,2515.1,25,50,2494.45,2380.85,2549.95
733,2021-06-01 15:12:00,2515.1,2515.1,2515.1,2515.1,25,50,2494.45,2380.85,2549.95
734,2021-06-01 15:13:00,2515.1,2515.1,2515.1,2515.1,25,50,2494.45,2380.85,2549.95
735,2021-06-01 15:14:00,2515.1,2515.1,2515.1,2515.1,25,50,2494.45,2380.85,2549.95
736,2021-06-01 15:15:00,2515.1,2515.1,2515.1,2515.1,25,50,2494.45,2380.85,2549.95
737,2021-06-01 15:16:00,2515.1,2515.1,2515.1,2515.1,25,50,2494.45,2380.85,2549.95
738,2021-06-01 15:17:00,2515.1,2515.1,2515.1,2515.1,25,50,2494.45,2380.85,2549.95
739,2021-06-01 15:18:00,2515.1,2515.1,2515.1,2515.1,25,50,2494.45,2380.85,2549.95
740,2021-06-01 15:19:00,2515.1,2515.1,2515.1,2515.1,25,50,2494.45,2380.85,2549.95
741,2021-06-01 15:20:00,2515.1,2515.1,2515.1,2515.1,25,50,2494.45,2380.85,2549.95
742,2021-06-01 15:21:00,2515.1,2515.1,2515.1,2515.1,25,50,2494.45,2380.85,2549.95
743,2021-06-01 15:22:00,2515.1,2515.1,2515.1,2515.1,25,50,2494.45,2380.85,2549.95
744,2021-06-01 15:23:00,2515.1,2515.1,2515.1,2515.1,25,50,2494.45,2380.85,2549.95
745,2021-06-01 15:24:00,2515.1,2515.1,2515.1,2515.1,25,50,2494.45,2380.85,2549.95
746,2021-06-01 15:25:00,2515.1,2515.1,2515.1,2515.1,25,50,2494.45,2380.85,2549.95
747,2021-06-01 15:26:00,2515.1,2515.1,2515.1,2515.1,25,50,2494.45,2380.85,2549.95
748,2021-06-01 15:27:00,2515.1,2515.1,2515.1,2515.1,25,50,2494.45,2380.85,2549.95
749,2021-06-01 15:28:00,2515.1,2515.1,2515.1,2515.1,25,50,2494.45,2380.85,2549.95
750,2021-06-01 15:29:00,2515.1,2515.1,2515.1,2515.1,25,50,2494.45,2380.85,2549.95
751,2021-06-01 15:30:00,2515.1,2515.1,2515.1,2515.1,25,50,2494.45,2380.85,2549.95
