,datetime,open,high,low,close,volume,oi,vwap,best_bid,best_offer
0,2021-02-05 09:15:00,-1.0,-1.0,-1.0,-1.0,-1,-1,-1.0,-1.0,-1.0
1,2021-02-05 09:16:00,-1.0,-1.0,-1.0,-1.0,-1,-1,-1.0,-1.0,-1.0
2,2021-02-05 09:17:00,-1.0,-1.0,-1.0,-1.0,-1,-1,-1.0,-1.0,-1.0
3,2021-02-05 09:18:00,-1.0,-1.0,-1.0,-1.0,-1,-1,-1.0,-1.0,-1.0
4,2021-02-05 09:19:00,-1.0,-1.0,-1.0,-1.0,-1,-1,-1.0,-1.0,-1.0
5,2021-02-05 09:20:00,-1.0,-1.0,-1.0,-1.0,-1,-1,-1.0,-1.0,-1.0
6,2021-02-05 09:21:00,-1.0,-1.0,-1.0,-1.0,-1,-1,-1.0,-1.0,-1.0
7,2021-02-05 09:22:00,-1.0,-1.0,-1.0,-1.0,-1,-1,-1.0,-1.0,-1.0
8,2021-02-05 09:23:00,-1.0,-1.0,-1.0,-1.0,-1,-1,-1.0,-1.0,-1.0
9,2021-02-05 09:24:00,-1.0,-1.0,-1.0,-1.0,-1,-1,-1.0,-1.0,-1.0
10,2021-02-05 09:25:00,-1.0,-1.0,-1.0,-1.0,-1,-1,-1.0,-1.0,-1.0
11,2021-02-05 09:26:00,-1.0,-1.0,-1.0,-1.0,-1,-1,-1.0,-1.0,-1.0
12,2021-02-05 09:27:00,-1.0,-1.0,-1.0,-1.0,-1,-1,-1.0,-1.0,-1.0
13,2021-02-05 09:28:00,-1.0,-1.0,-1.0,-1.0,-1,-1,-1.0,-1.0,-1.0
14,2021-02-05 09:29:00,-1.0,-1.0,-1.0,-1.0,-1,-1,-1.0,-1.0,-1.0
15,2021-02-05 09:30:00,1413.65,1413.65,1413.65,1413.65,25,0,1413.65,678.6,1569.6
16,2021-02-05 09:31:00,1413.65,1413.65,1413.65,1413.65,25,0,1413.65,678.6,1569.6
17,2021-02-05 09:32:00,1413.65,1413.65,1413.65,1413.65,25,0,1413.65,678.6,1569.6
18,2021-02-05 09:33:00,1413.65,1413.65,1413.65,1413.65,25,0,1413.65,678.6,1569.6
19,2021-02-05 09:34:00,1413.65,1413.65,1413.65,1413.65,25,0,1413.65,678.6,1569.6
20,2021-02-05 09:35:00,1413.65,1413.65,1413.65,1413.65,25,0,1413.65,678.6,1569.6
21,2021-02-05 09:36:00,1413.65,1413.65,1413.65,1413.65,25,0,1413.65,678.6,1569.6
22,2021-02-05 09:37:00,1413.65,1413.65,1413.65,1413.65,25,0,1413.65,678.6,1569.6
23,2021-02-05 09:38:00,1413.65,1413.65,1413.65,1413.65,25,0,1413.65,678.6,1569.6
24,2021-02-05 09:39:00,1413.65,1413.65,1413.65,1413.65,25,0,1413.65,678.6,1569.6
25,2021-02-05 09:40:00,1413.65,1413.65,1413.65,1413.65,25,0,1413.65,678.6,1569.6
26,2021-02-05 09:41:00,1413.65,1413.65,1413.65,1413.65,25,0,1413.65,678.6,1569.6
27,2021-02-05 09:42:00,1413.65,1413.65,1413.65,1413.65,25,0,1413.65,678.6,1569.6
28,2021-02-05 09:43:00,1413.65,1413.65,1413.65,1413.65,25,0,1413.65,678.6,1569.6
29,2021-02-05 09:44:00,1413.65,1413.65,1413.65,1413.65,25,0,1413.65,678.6,1569.6
30,2021-02-05 09:45:00,1413.65,1413.65,1413.65,1413.65,25,0,1413.65,678.6,1569.6
31,2021-02-05 09:46:00,1413.65,1413.65,1413.65,1413.65,25,0,1413.65,678.6,1569.6
32,2021-02-05 09:47:00,1413.65,1413.65,1413.65,1413.65,25,0,1413.65,678.6,1569.6
33,2021-02-05 09:48:00,1413.65,1413.65,1413.65,1413.65,25,0,1413.65,678.6,1569.6
34,2021-02-05 09:49:00,1413.65,1413.65,1413.65,1413.65,25,0,1413.65,678.6,1569.6
35,2021-02-05 09:50:00,1413.65,1413.65,1413.65,1413.65,25,0,1413.65,678.6,1569.6
36,2021-02-05 09:51:00,1413.65,1413.65,1413.65,1413.65,25,0,1413.65,678.6,1569.6
37,2021-02-05 09:52:00,1413.65,1413.65,1413.65,1413.65,25,0,1413.65,678.6,1569.6
38,2021-02-05 09:53:00,1413.65,1413.65,1413.65,1413.65,25,0,1413.65,678.6,1569.6
39,2021-02-05 09:54:00,1413.65,1413.65,1413.65,1413.65,25,0,1413.65,678.6,1569.6
40,2021-02-05 09:55:00,1413.65,1413.65,1413.65,1413.65,25,0,1413.65,678.6,1569.6
41,2021-02-05 09:56:00,1413.65,1413.65,1413.65,1413.65,25,0,1413.65,678.6,1569.6
42,2021-02-05 09:57:00,1413.65,1413.65,1413.65,1413.65,25,0,1413.65,678.6,1569.6
43,2021-02-05 09:58:00,1413.65,1413.65,1413.65,1413.65,25,0,1413.65,678.6,1569.6
44,2021-02-05 09:59:00,1413.65,1413.65,1413.65,1413.65,25,0,1413.65,678.6,1569.6
45,2021-02-05 10:00:00,1413.65,1413.65,1413.65,1413.65,25,0,1413.65,678.6,1569.6
46,2021-02-05 10:01:00,1413.65,1413.65,1413.65,1413.65,25,0,1413.65,678.6,1569.6
47,2021-02-05 10:02:00,1413.65,1413.65,1413.65,1413.65,25,0,1413.65,678.6,1569.6
48,2021-02-05 10:03:00,1413.65,1413.65,1413.65,1413.65,25,0,1413.65,678.6,1569.6
49,2021-02-05 10:04:00,1413.65,1413.65,1413.65,1413.65,25,0,1413.65,678.6,1569.6
50,2021-02-05 10:05:00,1413.65,1413.65,1413.65,1413.65,25,0,1413.65,678.6,1569.6
51,2021-02-05 10:06:00,1413.65,1413.65,1413.65,1413.65,25,0,1413.65,678.6,1569.6
52,2021-02-05 10:07:00,1413.65,1413.65,1413.65,1413.65,25,0,1413.65,678.6,1569.6
53,2021-02-05 10:08:00,1413.65,1413.65,1413.65,1413.65,25,0,1413.65,678.6,1569.6
54,2021-02-05 10:09:00,1413.65,1413.65,1413.65,1413.65,25,0,1413.65,678.6,1569.6
55,2021-02-05 10:10:00,1413.65,1413.65,1413.65,1413.65,25,0,1413.65,678.6,1569.6
56,2021-02-05 10:11:00,1413.65,1413.65,1413.65,1413.65,25,0,1413.65,678.6,1569.6
57,2021-02-05 10:12:00,1413.65,1413.65,1413.65,1413.65,25,0,1413.65,678.6,1569.6
58,2021-02-05 10:13:00,1413.65,1413.65,1413.65,1413.65,25,0,1413.65,678.6,1569.6
59,2021-02-05 10:14:00,1413.65,1413.65,1413.65,1413.65,25,0,1413.65,678.6,1569.6
60,2021-02-05 10:15:00,1413.65,1413.65,1413.65,1413.65,25,0,1413.65,678.6,1569.6
61,2021-02-05 10:16:00,1413.65,1413.65,1413.65,1413.65,25,0,1413.65,678.6,1569.6
62,2021-02-05 10:17:00,1413.65,1413.65,1413.65,1413.65,25,0,1413.65,678.6,1569.6
63,2021-02-05 10:18:00,1413.65,1413.65,1413.65,1413.65,25,0,1413.65,678.6,1569.6
64,2021-02-05 10:19:00,1413.65,1413.65,1413.65,1413.65,25,0,1413.65,678.6,1569.6
65,2021-02-05 10:20:00,1413.65,1413.65,1413.65,1413.65,25,0,1413.65,678.6,1569.6
66,2021-02-05 10:21:00,1413.65,1413.65,1413.65,1413.65,25,0,1413.65,678.6,1569.6
67,2021-02-05 10:22:00,1413.65,1413.65,1413.65,1413.65,25,0,1413.65,678.6,1569.6
68,2021-02-05 10:23:00,1413.65,1413.65,1413.65,1413.65,25,0,1413.65,678.6,1569.6
69,2021-02-05 10:24:00,1413.65,1413.65,1413.65,1413.65,25,0,1413.65,678.6,1569.6
70,2021-02-05 10:25:00,1413.65,1413.65,1413.65,1413.65,25,0,1413.65,678.6,1569.6
71,2021-02-05 10:26:00,1413.65,1413.65,1413.65,1413.65,25,0,1413.65,678.6,1569.6
72,2021-02-05 10:27:00,1413.65,1413.65,1413.65,1413.65,25,0,1413.65,678.6,1569.6
73,2021-02-05 10:28:00,1413.65,1413.65,1413.65,1413.65,25,0,1413.65,678.6,1569.6
74,2021-02-05 10:29:00,1413.65,1413.65,1413.65,1413.65,25,0,1413.65,678.6,1569.6
75,2021-02-05 10:30:00,1413.65,1413.65,1413.65,1413.65,25,0,1413.65,678.6,1569.6
76,2021-02-05 10:31:00,1413.65,1413.65,1413.65,1413.65,25,0,1413.65,678.6,1569.6
77,2021-02-05 10:32:00,1413.65,1413.65,1413.65,1413.65,25,0,1413.65,678.6,1569.6
78,2021-02-05 10:33:00,1413.65,1413.65,1413.65,1413.65,25,0,1413.65,678.6,1569.6
79,2021-02-05 10:34:00,1413.65,1413.65,1413.65,1413.65,25,0,1413.65,678.6,1569.6
80,2021-02-05 10:35:00,1413.65,1413.65,1413.65,1413.65,25,0,1413.65,678.6,1569.6
81,2021-02-05 10:36:00,1413.65,1413.65,1413.65,1413.65,25,0,1413.65,678.6,1569.6
82,2021-02-05 10:37:00,1413.65,1413.65,1413.65,1413.65,25,0,1413.65,678.6,1569.6
83,2021-02-05 10:38:00,1413.65,1413.65,1413.65,1413.65,25,0,1413.65,678.6,1569.6
84,2021-02-05 10:39:00,1413.65,1413.65,1413.65,1413.65,25,0,1413.65,678.6,1569.6
85,2021-02-05 10:40:00,1413.65,1413.65,1413.65,1413.65,25,0,1413.65,678.6,1569.6
86,2021-02-05 10:41:00,1413.65,1413.65,1413.65,1413.65,25,0,1413.65,678.6,1569.6
87,2021-02-05 10:42:00,1413.65,1413.65,1413.65,1413.65,25,0,1413.65,678.6,1569.6
88,2021-02-05 10:43:00,1413.65,1413.65,1413.65,1413.65,25,0,1413.65,678.6,1569.6
89,2021-02-05 10:44:00,1413.65,1413.65,1413.65,1413.65,25,0,1413.65,678.6,1569.6
90,2021-02-05 10:45:00,1413.65,1413.65,1413.65,1413.65,25,0,1413.65,678.6,1569.6
91,2021-02-05 10:46:00,1413.65,1413.65,1413.65,1413.65,25,0,1413.65,678.6,1569.6
92,2021-02-05 10:47:00,1413.65,1413.65,1413.65,1413.65,25,0,1413.65,678.6,1569.6
93,2021-02-05 10:48:00,1413.65,1413.65,1413.65,1413.65,25,0,1413.65,678.6,1569.6
94,2021-02-05 10:49:00,1413.65,1413.65,1413.65,1413.65,25,0,1413.65,678.6,1569.6
95,2021-02-05 10:50:00,1413.65,1413.65,1413.65,1413.65,25,0,1413.65,678.6,1569.6
96,2021-02-05 10:51:00,1413.65,1413.65,1413.65,1413.65,25,0,1413.65,678.6,1569.6
97,2021-02-05 10:52:00,1413.65,1413.65,1413.65,1413.65,25,0,1413.65,678.6,1569.6
98,2021-02-05 10:53:00,1413.65,1413.65,1413.65,1413.65,25,0,1413.65,678.6,1569.6
99,2021-02-05 10:54:00,1413.65,1413.65,1413.65,1413.65,25,0,1413.65,678.6,1569.6
100,2021-02-05 10:55:00,1413.65,1413.65,1413.65,1413.65,25,0,1413.65,678.6,1569.6
101,2021-02-05 10:56:00,1413.65,1413.65,1413.65,1413.65,25,0,1413.65,678.6,1569.6
102,2021-02-05 10:57:00,1413.65,1413.65,1413.65,1413.65,25,0,1413.65,678.6,1569.6
103,2021-02-05 10:58:00,1413.65,1413.65,1413.65,1413.65,25,0,1413.65,678.6,1569.6
104,2021-02-05 10:59:00,1413.65,1413.65,1413.65,1413.65,25,0,1413.65,678.6,1569.6
105,2021-02-05 11:00:00,1413.65,1413.65,1413.65,1413.65,25,0,1413.65,678.6,1569.6
106,2021-02-05 11:01:00,1413.65,1413.65,1413.65,1413.65,25,0,1413.65,678.6,1569.6
107,2021-02-05 11:02:00,1413.65,1413.65,1413.65,1413.65,25,0,1413.65,678.6,1569.6
108,2021-02-05 11:03:00,1413.65,1413.65,1413.65,1413.65,25,0,1413.65,678.6,1569.6
109,2021-02-05 11:04:00,1413.65,1413.65,1413.65,1413.65,25,0,1413.65,678.6,1569.6
110,2021-02-05 11:05:00,1413.65,1413.65,1413.65,1413.65,25,0,1413.65,678.6,1569.6
111,2021-02-05 11:06:00,1413.65,1413.65,1413.65,1413.65,25,0,1413.65,678.6,1569.6
112,2021-02-05 11:07:00,1413.65,1413.65,1413.65,1413.65,25,0,1413.65,678.6,1569.6
113,2021-02-05 11:08:00,1413.65,1413.65,1413.65,1413.65,25,0,1413.65,678.6,1569.6
114,2021-02-05 11:09:00,1413.65,1413.65,1413.65,1413.65,25,0,1413.65,678.6,1569.6
115,2021-02-05 11:10:00,1413.65,1413.65,1413.65,1413.65,25,0,1413.65,678.6,1569.6
116,2021-02-05 11:11:00,1413.65,1413.65,1413.65,1413.65,25,0,1413.65,678.6,1569.6
117,2021-02-05 11:12:00,1413.65,1413.65,1413.65,1413.65,25,0,1413.65,678.6,1569.6
118,2021-02-05 11:13:00,1413.65,1413.65,1413.65,1413.65,25,0,1413.65,678.6,1569.6
119,2021-02-05 11:14:00,1413.65,1413.65,1413.65,1413.65,25,0,1413.65,678.6,1569.6
120,2021-02-05 11:15:00,1413.65,1413.65,1413.65,1413.65,25,0,1413.65,678.6,1569.6
121,2021-02-05 11:16:00,1413.65,1413.65,1413.65,1413.65,25,0,1413.65,678.6,1569.6
122,2021-02-05 11:17:00,1413.65,1413.65,1413.65,1413.65,25,0,1413.65,678.6,1569.6
123,2021-02-05 11:18:00,1413.65,1413.65,1413.65,1413.65,25,0,1413.65,678.6,1569.6
124,2021-02-05 11:19:00,1413.65,1413.65,1413.65,1413.65,25,0,1413.65,678.6,1569.6
125,2021-02-05 11:20:00,1413.65,1413.65,1413.65,1413.65,25,0,1413.65,678.6,1569.6
126,2021-02-05 11:21:00,1413.65,1413.65,1413.65,1413.65,25,0,1413.65,678.6,1569.6
127,2021-02-05 11:22:00,1413.65,1413.65,1413.65,1413.65,25,0,1413.65,678.6,1569.6
128,2021-02-05 11:23:00,1413.65,1413.65,1413.65,1413.65,25,0,1413.65,678.6,1569.6
129,2021-02-05 11:24:00,1413.65,1413.65,1413.65,1413.65,25,0,1413.65,678.6,1569.6
130,2021-02-05 11:25:00,1413.65,1413.65,1413.65,1413.65,25,0,1413.65,678.6,1569.6
131,2021-02-05 11:26:00,1413.65,1413.65,1413.65,1413.65,25,0,1413.65,678.6,1569.6
132,2021-02-05 11:27:00,1413.65,1413.65,1413.65,1413.65,25,0,1413.65,678.6,1569.6
133,2021-02-05 11:28:00,1413.65,1413.65,1413.65,1413.65,25,0,1413.65,678.6,1569.6
134,2021-02-05 11:29:00,1413.65,1413.65,1413.65,1413.65,25,0,1413.65,678.6,1569.6
135,2021-02-05 11:30:00,1413.65,1413.65,1413.65,1413.65,25,0,1413.65,678.6,1569.6
136,2021-02-05 11:31:00,1413.65,1413.65,1413.65,1413.65,25,0,1413.65,678.6,1569.6
137,2021-02-05 11:32:00,1413.65,1413.65,1413.65,1413.65,25,0,1413.65,678.6,1569.6
138,2021-02-05 11:33:00,1413.65,1413.65,1413.65,1413.65,25,0,1413.65,678.6,1569.6
139,2021-02-05 11:34:00,1413.65,1413.65,1413.65,1413.65,25,0,1413.65,678.6,1569.6
140,2021-02-05 11:35:00,1413.65,1413.65,1413.65,1413.65,25,0,1413.65,678.6,1569.6
141,2021-02-05 11:36:00,1413.65,1413.65,1413.65,1413.65,25,0,1413.65,678.6,1569.6
142,2021-02-05 11:37:00,1413.65,1413.65,1413.65,1413.65,25,0,1413.65,678.6,1569.6
143,2021-02-05 11:38:00,1413.65,1413.65,1413.65,1413.65,25,0,1413.65,678.6,1569.6
144,2021-02-05 11:39:00,1413.65,1413.65,1413.65,1413.65,25,0,1413.65,678.6,1569.6
145,2021-02-05 11:40:00,1413.65,1413.65,1413.65,1413.65,25,0,1413.65,678.6,1569.6
146,2021-02-05 11:41:00,1413.65,1413.65,1413.65,1413.65,25,0,1413.65,678.6,1569.6
147,2021-02-05 11:42:00,1413.65,1413.65,1413.65,1413.65,25,0,1413.65,678.6,1569.6
148,2021-02-05 11:43:00,1413.65,1413.65,1413.65,1413.65,25,0,1413.65,678.6,1569.6
149,2021-02-05 11:44:00,1413.65,1413.65,1413.65,1413.65,25,0,1413.65,678.6,1569.6
150,2021-02-05 11:45:00,1413.65,1413.65,1413.65,1413.65,25,0,1413.65,678.6,1569.6
151,2021-02-05 11:46:00,1413.65,1413.65,1413.65,1413.65,25,0,1413.65,678.6,1569.6
152,2021-02-05 11:47:00,1413.65,1413.65,1413.65,1413.65,25,0,1413.65,678.6,1569.6
153,2021-02-05 11:48:00,1413.65,1413.65,1413.65,1413.65,25,0,1413.65,678.6,1569.6
154,2021-02-05 11:49:00,1413.65,1413.65,1413.65,1413.65,25,0,1413.65,678.6,1569.6
155,2021-02-05 11:50:00,1413.65,1413.65,1413.65,1413.65,25,0,1413.65,678.6,1569.6
156,2021-02-05 11:51:00,1413.65,1413.65,1413.65,1413.65,25,0,1413.65,678.6,1569.6
157,2021-02-05 11:52:00,1413.65,1413.65,1413.65,1413.65,25,0,1413.65,678.6,1569.6
158,2021-02-05 11:53:00,1413.65,1413.65,1413.65,1413.65,25,0,1413.65,678.6,1569.6
159,2021-02-05 11:54:00,1413.65,1413.65,1413.65,1413.65,25,0,1413.65,678.6,1569.6
160,2021-02-05 11:55:00,1413.65,1413.65,1413.65,1413.65,25,0,1413.65,678.6,1569.6
161,2021-02-05 11:56:00,1413.65,1413.65,1413.65,1413.65,25,0,1413.65,678.6,1569.6
162,2021-02-05 11:57:00,1413.65,1413.65,1413.65,1413.65,25,0,1413.65,678.6,1569.6
163,2021-02-05 11:58:00,1413.65,1413.65,1413.65,1413.65,25,0,1413.65,678.6,1569.6
164,2021-02-05 11:59:00,1413.65,1413.65,1413.65,1413.65,25,0,1413.65,678.6,1569.6
165,2021-02-05 12:00:00,1413.65,1413.65,1413.65,1413.65,25,0,1413.65,678.6,1569.6
166,2021-02-05 12:01:00,1413.65,1413.65,1413.65,1413.65,25,0,1413.65,678.6,1569.6
167,2021-02-05 12:02:00,1413.65,1413.65,1413.65,1413.65,25,0,1413.65,678.6,1569.6
168,2021-02-05 12:03:00,1413.65,1413.65,1413.65,1413.65,25,0,1413.65,678.6,1569.6
169,2021-02-05 12:04:00,1413.65,1413.65,1413.65,1413.65,25,0,1413.65,678.6,1569.6
170,2021-02-05 12:05:00,1413.65,1413.65,1413.65,1413.65,25,0,1413.65,678.6,1569.6
171,2021-02-05 12:06:00,1413.65,1413.65,1413.65,1413.65,25,0,1413.65,678.6,1569.6
172,2021-02-05 12:07:00,1413.65,1413.65,1413.65,1413.65,25,0,1413.65,678.6,1569.6
173,2021-02-05 12:08:00,1413.65,1413.65,1413.65,1413.65,25,0,1413.65,678.6,1569.6
174,2021-02-05 12:09:00,1413.65,1413.65,1413.65,1413.65,25,0,1413.65,678.6,1569.6
175,2021-02-05 12:10:00,1413.65,1413.65,1413.65,1413.65,25,0,1413.65,678.6,1569.6
176,2021-02-05 12:11:00,1413.65,1413.65,1413.65,1413.65,25,0,1413.65,678.6,1569.6
177,2021-02-05 12:12:00,1413.65,1413.65,1413.65,1413.65,25,0,1413.65,678.6,1569.6
178,2021-02-05 12:13:00,1413.65,1413.65,1413.65,1413.65,25,0,1413.65,678.6,1569.6
179,2021-02-05 12:14:00,1413.65,1413.65,1413.65,1413.65,25,0,1413.65,678.6,1569.6
180,2021-02-05 12:15:00,1413.65,1413.65,1413.65,1413.65,25,0,1413.65,678.6,1569.6
181,2021-02-05 12:16:00,1413.65,1413.65,1413.65,1413.65,25,0,1413.65,678.6,1569.6
182,2021-02-05 12:17:00,1413.65,1413.65,1413.65,1413.65,25,0,1413.65,678.6,1569.6
183,2021-02-05 12:18:00,1413.65,1413.65,1413.65,1413.65,25,0,1413.65,678.6,1569.6
184,2021-02-05 12:19:00,1413.65,1413.65,1413.65,1413.65,25,0,1413.65,678.6,1569.6
185,2021-02-05 12:20:00,1413.65,1413.65,1413.65,1413.65,25,0,1413.65,678.6,1569.6
186,2021-02-05 12:21:00,1413.65,1413.65,1413.65,1413.65,25,0,1413.65,678.6,1569.6
187,2021-02-05 12:22:00,1413.65,1413.65,1413.65,1413.65,25,0,1413.65,678.6,1569.6
188,2021-02-05 12:23:00,1413.65,1413.65,1413.65,1413.65,25,0,1413.65,678.6,1569.6
189,2021-02-05 12:24:00,1413.65,1413.65,1413.65,1413.65,25,0,1413.65,678.6,1569.6
190,2021-02-05 12:25:00,1413.65,1413.65,1413.65,1413.65,25,0,1413.65,678.6,1569.6
191,2021-02-05 12:26:00,1413.65,1413.65,1413.65,1413.65,25,0,1413.65,678.6,1569.6
192,2021-02-05 12:27:00,1413.65,1413.65,1413.65,1413.65,25,0,1413.65,678.6,1569.6
193,2021-02-05 12:28:00,1413.65,1413.65,1413.65,1413.65,25,0,1413.65,678.6,1569.6
194,2021-02-05 12:29:00,1413.65,1413.65,1413.65,1413.65,25,0,1413.65,678.6,1569.6
195,2021-02-05 12:30:00,1413.65,1413.65,1413.65,1413.65,25,0,1413.65,678.6,1569.6
196,2021-02-05 12:31:00,1413.65,1413.65,1413.65,1413.65,25,0,1413.65,678.6,1569.6
197,2021-02-05 12:32:00,1413.65,1413.65,1413.65,1413.65,25,0,1413.65,678.6,1569.6
198,2021-02-05 12:33:00,1413.65,1413.65,1413.65,1413.65,25,0,1413.65,678.6,1569.6
199,2021-02-05 12:34:00,1413.65,1413.65,1413.65,1413.65,25,0,1413.65,678.6,1569.6
200,2021-02-05 12:35:00,1413.65,1413.65,1413.65,1413.65,25,0,1413.65,678.6,1569.6
201,2021-02-05 12:36:00,1413.65,1413.65,1413.65,1413.65,25,0,1413.65,678.6,1569.6
202,2021-02-05 12:37:00,1413.65,1413.65,1413.65,1413.65,25,0,1413.65,678.6,1569.6
203,2021-02-05 12:38:00,1413.65,1413.65,1413.65,1413.65,25,0,1413.65,678.6,1569.6
204,2021-02-05 12:39:00,1413.65,1413.65,1413.65,1413.65,25,0,1413.65,678.6,1569.6
205,2021-02-05 12:40:00,1413.65,1413.65,1413.65,1413.65,25,0,1413.65,678.6,1569.6
206,2021-02-05 12:41:00,1413.65,1413.65,1413.65,1413.65,25,0,1413.65,678.6,1569.6
207,2021-02-05 12:42:00,1413.65,1413.65,1413.65,1413.65,25,0,1413.65,678.6,1569.6
208,2021-02-05 12:43:00,1413.65,1413.65,1413.65,1413.65,25,0,1413.65,678.6,1569.6
209,2021-02-05 12:44:00,1413.65,1413.65,1413.65,1413.65,25,0,1413.65,678.6,1569.6
210,2021-02-05 12:45:00,1413.65,1413.65,1413.65,1413.65,25,0,1413.65,678.6,1569.6
211,2021-02-05 12:46:00,1413.65,1413.65,1413.65,1413.65,25,0,1413.65,678.6,1569.6
212,2021-02-05 12:47:00,1413.65,1413.65,1413.65,1413.65,25,0,1413.65,678.6,1569.6
213,2021-02-05 12:48:00,1413.65,1413.65,1413.65,1413.65,25,0,1413.65,678.6,1569.6
214,2021-02-05 12:49:00,1413.65,1413.65,1413.65,1413.65,25,0,1413.65,678.6,1569.6
215,2021-02-05 12:50:00,1413.65,1413.65,1413.65,1413.65,25,0,1413.65,678.6,1569.6
216,2021-02-05 12:51:00,1413.65,1413.65,1413.65,1413.65,25,0,1413.65,678.6,1569.6
217,2021-02-05 12:52:00,1413.65,1413.65,1413.65,1413.65,25,0,1413.65,678.6,1569.6
218,2021-02-05 12:53:00,1413.65,1413.65,1413.65,1413.65,25,0,1413.65,678.6,1569.6
219,2021-02-05 12:54:00,1413.65,1413.65,1413.65,1413.65,25,0,1413.65,678.6,1569.6
220,2021-02-05 12:55:00,1413.65,1413.65,1413.65,1413.65,25,0,1413.65,678.6,1569.6
221,2021-02-05 12:56:00,1413.65,1413.65,1413.65,1413.65,25,0,1413.65,678.6,1569.6
222,2021-02-05 12:57:00,1413.65,1413.65,1413.65,1413.65,25,0,1413.65,678.6,1569.6
223,2021-02-05 12:58:00,1413.65,1413.65,1413.65,1413.65,25,0,1413.65,678.6,1569.6
224,2021-02-05 12:59:00,1413.65,1413.65,1413.65,1413.65,25,0,1413.65,678.6,1569.6
225,2021-02-05 13:00:00,1413.65,1413.65,1413.65,1413.65,25,0,1413.65,678.6,1569.6
226,2021-02-05 13:01:00,1413.65,1413.65,1413.65,1413.65,25,0,1413.65,678.6,1569.6
227,2021-02-05 13:02:00,1413.65,1413.65,1413.65,1413.65,25,0,1413.65,678.6,1569.6
228,2021-02-05 13:03:00,1413.65,1413.65,1413.65,1413.65,25,0,1413.65,678.6,1569.6
229,2021-02-05 13:04:00,1413.65,1413.65,1413.65,1413.65,25,0,1413.65,678.6,1569.6
230,2021-02-05 13:05:00,1413.65,1413.65,1413.65,1413.65,25,0,1413.65,678.6,1569.6
231,2021-02-05 13:06:00,1413.65,1413.65,1413.65,1413.65,25,0,1413.65,678.6,1569.6
232,2021-02-05 13:07:00,1413.65,1413.65,1413.65,1413.65,25,0,1413.65,678.6,1569.6
233,2021-02-05 13:08:00,1413.65,1413.65,1413.65,1413.65,25,0,1413.65,678.6,1569.6
234,2021-02-05 13:09:00,1413.65,1413.65,1413.65,1413.65,25,0,1413.65,678.6,1569.6
235,2021-02-05 13:10:00,1413.65,1413.65,1413.65,1413.65,25,0,1413.65,678.6,1569.6
236,2021-02-05 13:11:00,1413.65,1413.65,1413.65,1413.65,25,0,1413.65,678.6,1569.6
237,2021-02-05 13:12:00,1413.65,1413.65,1413.65,1413.65,25,0,1413.65,678.6,1569.6
238,2021-02-05 13:13:00,1413.65,1413.65,1413.65,1413.65,25,0,1413.65,678.6,1569.6
239,2021-02-05 13:14:00,1413.65,1413.65,1413.65,1413.65,25,0,1413.65,678.6,1569.6
240,2021-02-05 13:15:00,1413.65,1413.65,1413.65,1413.65,25,0,1413.65,678.6,1569.6
241,2021-02-05 13:16:00,1413.65,1413.65,1413.65,1413.65,25,0,1413.65,678.6,1569.6
242,2021-02-05 13:17:00,1413.65,1413.65,1413.65,1413.65,25,0,1413.65,678.6,1569.6
243,2021-02-05 13:18:00,1413.65,1413.65,1413.65,1413.65,25,0,1413.65,678.6,1569.6
244,2021-02-05 13:19:00,1413.65,1413.65,1413.65,1413.65,25,0,1413.65,678.6,1569.6
245,2021-02-05 13:20:00,1413.65,1413.65,1413.65,1413.65,25,0,1413.65,678.6,1569.6
246,2021-02-05 13:21:00,1413.65,1413.65,1413.65,1413.65,25,0,1413.65,678.6,1569.6
247,2021-02-05 13:22:00,1413.65,1413.65,1413.65,1413.65,25,0,1413.65,678.6,1569.6
248,2021-02-05 13:23:00,1413.65,1413.65,1413.65,1413.65,25,0,1413.65,678.6,1569.6
249,2021-02-05 13:24:00,1413.65,1413.65,1413.65,1413.65,25,0,1413.65,678.6,1569.6
250,2021-02-05 13:25:00,1413.65,1413.65,1413.65,1413.65,25,0,1413.65,678.6,1569.6
251,2021-02-05 13:26:00,1413.65,1413.65,1413.65,1413.65,25,0,1413.65,678.6,1569.6
252,2021-02-05 13:27:00,1413.65,1413.65,1413.65,1413.65,25,0,1413.65,678.6,1569.6
253,2021-02-05 13:28:00,1413.65,1413.65,1413.65,1413.65,25,0,1413.65,678.6,1569.6
254,2021-02-05 13:29:00,1413.65,1413.65,1413.65,1413.65,25,0,1413.65,678.6,1569.6
255,2021-02-05 13:30:00,1413.65,1413.65,1413.65,1413.65,25,0,1413.65,678.6,1569.6
256,2021-02-05 13:31:00,1413.65,1413.65,1413.65,1413.65,25,0,1413.65,678.6,1569.6
257,2021-02-05 13:32:00,1413.65,1413.65,1413.65,1413.65,25,0,1413.65,678.6,1569.6
258,2021-02-05 13:33:00,1413.65,1413.65,1413.65,1413.65,25,0,1413.65,678.6,1569.6
259,2021-02-05 13:34:00,1413.65,1413.65,1413.65,1413.65,25,0,1413.65,678.6,1569.6
260,2021-02-05 13:35:00,1413.65,1413.65,1413.65,1413.65,25,0,1413.65,678.6,1569.6
261,2021-02-05 13:36:00,1180.9,1180.9,1180.9,1180.9,25,25,1297.27,777.55,1456.85
262,2021-02-05 13:37:00,1180.9,1180.9,1180.9,1180.9,25,25,1297.27,777.55,1456.85
263,2021-02-05 13:38:00,1180.9,1180.9,1180.9,1180.9,25,25,1297.27,777.55,1456.85
264,2021-02-05 13:39:00,1180.9,1180.9,1180.9,1180.9,25,25,1297.27,777.55,1456.85
265,2021-02-05 13:40:00,1180.9,1180.9,1180.9,1180.9,25,25,1297.27,777.55,1456.85
266,2021-02-05 13:41:00,1180.9,1180.9,1180.9,1180.9,25,25,1297.27,777.55,1456.85
267,2021-02-05 13:42:00,1180.9,1180.9,1180.9,1180.9,25,25,1297.27,777.55,1456.85
268,2021-02-05 13:43:00,1180.9,1180.9,1180.9,1180.9,25,25,1297.27,777.55,1456.85
269,2021-02-05 13:44:00,1180.9,1180.9,1180.9,1180.9,25,25,1297.27,777.55,1456.85
270,2021-02-05 13:45:00,1180.9,1180.9,1180.9,1180.9,25,25,1297.27,777.55,1456.85
271,2021-02-05 13:46:00,1180.9,1180.9,1180.9,1180.9,25,25,1297.27,777.55,1456.85
272,2021-02-05 13:47:00,1180.9,1180.9,1180.9,1180.9,25,25,1297.27,777.55,1456.85
273,2021-02-05 13:48:00,1180.9,1180.9,1180.9,1180.9,25,25,1297.27,777.55,1456.85
274,2021-02-05 13:49:00,1180.9,1180.9,1180.9,1180.9,25,25,1297.27,777.55,1456.85
275,2021-02-05 13:50:00,1180.9,1180.9,1180.9,1180.9,25,25,1297.27,777.55,1456.85
276,2021-02-05 13:51:00,1180.9,1180.9,1180.9,1180.9,25,25,1297.27,777.55,1456.85
277,2021-02-05 13:52:00,1180.9,1180.9,1180.9,1180.9,25,25,1297.27,777.55,1456.85
278,2021-02-05 13:53:00,1180.9,1180.9,1180.9,1180.9,25,25,1297.27,777.55,1456.85
279,2021-02-05 13:54:00,1180.9,1180.9,1180.9,1180.9,25,25,1297.27,777.55,1456.85
280,2021-02-05 13:55:00,1180.9,1180.9,1180.9,1180.9,25,25,1297.27,777.55,1456.85
281,2021-02-05 13:56:00,1180.9,1180.9,1180.9,1180.9,25,25,1297.27,777.55,1456.85
282,2021-02-05 13:57:00,1180.9,1180.9,1180.9,1180.9,25,25,1297.27,777.55,1456.85
283,2021-02-05 13:58:00,1180.9,1180.9,1180.9,1180.9,25,25,1297.27,777.55,1456.85
284,2021-02-05 13:59:00,1180.9,1180.9,1180.9,1180.9,25,25,1297.27,777.55,1456.85
285,2021-02-05 14:00:00,1180.9,1180.9,1180.9,1180.9,25,25,1297.27,777.55,1456.85
286,2021-02-05 14:01:00,1180.9,1180.9,1180.9,1180.9,25,25,1297.27,777.55,1456.85
287,2021-02-05 14:02:00,1180.9,1180.9,1180.9,1180.9,25,25,1297.27,777.55,1456.85
288,2021-02-05 14:03:00,1180.9,1180.9,1180.9,1180.9,25,25,1297.27,777.55,1456.85
289,2021-02-05 14:04:00,1180.9,1180.9,1180.9,1180.9,25,25,1297.27,777.55,1456.85
290,2021-02-05 14:05:00,1180.9,1180.9,1180.9,1180.9,25,25,1297.27,777.55,1456.85
291,2021-02-05 14:06:00,1180.9,1180.9,1180.9,1180.9,25,25,1297.27,777.55,1456.85
292,2021-02-05 14:07:00,1180.9,1180.9,1180.9,1180.9,25,25,1297.27,777.55,1456.85
293,2021-02-05 14:08:00,1180.9,1180.9,1180.9,1180.9,25,25,1297.27,777.55,1456.85
294,2021-02-05 14:09:00,1180.9,1180.9,1180.9,1180.9,25,25,1297.27,777.55,1456.85
295,2021-02-05 14:10:00,1180.9,1180.9,1180.9,1180.9,25,25,1297.27,777.55,1456.85
296,2021-02-05 14:11:00,1180.9,1180.9,1180.9,1180.9,25,25,1297.27,777.55,1456.85
297,2021-02-05 14:12:00,1180.9,1180.9,1180.9,1180.9,25,25,1297.27,777.55,1456.85
298,2021-02-05 14:13:00,1214.9,1214.9,1214.9,1214.9,25,50,1269.81,925.3,1469.05
299,2021-02-05 14:14:00,1214.9,1214.9,1214.9,1214.9,25,50,1269.81,925.3,1469.05
300,2021-02-05 14:15:00,1214.9,1214.9,1214.9,1214.9,25,50,1269.81,925.3,1469.05
301,2021-02-05 14:16:00,1214.9,1214.9,1214.9,1214.9,25,50,1269.81,925.3,1469.05
302,2021-02-05 14:17:00,1214.9,1214.9,1214.9,1214.9,25,50,1269.81,925.3,1469.05
303,2021-02-05 14:18:00,1214.9,1214.9,1214.9,1214.9,25,50,1269.81,925.3,1469.05
304,2021-02-05 14:19:00,1214.9,1214.9,1214.9,1214.9,25,50,1269.81,925.3,1469.05
305,2021-02-05 14:20:00,1214.9,1214.9,1214.9,1214.9,25,50,1269.81,925.3,1469.05
306,2021-02-05 14:21:00,1214.9,1214.9,1214.9,1214.9,25,50,1269.81,925.3,1469.05
307,2021-02-05 14:22:00,1214.9,1214.9,1214.9,1214.9,25,50,1269.81,925.3,1469.05
308,2021-02-05 14:23:00,1214.9,1214.9,1214.9,1214.9,25,50,1269.81,925.3,1469.05
309,2021-02-05 14:24:00,1214.9,1214.9,1214.9,1214.9,25,50,1269.81,925.3,1469.05
310,2021-02-05 14:25:00,1214.9,1214.9,1214.9,1214.9,25,50,1269.81,925.3,1469.05
311,2021-02-05 14:26:00,1214.9,1214.9,1214.9,1214.9,25,50,1269.81,925.3,1469.05
312,2021-02-05 14:27:00,1214.9,1214.9,1214.9,1214.9,25,50,1269.81,925.3,1469.05
313,2021-02-05 14:28:00,1214.9,1214.9,1214.9,1214.9,25,50,1269.81,925.3,1469.05
314,2021-02-05 14:29:00,1214.9,1214.9,1214.9,1214.9,25,50,1269.81,925.3,1469.05
315,2021-02-05 14:30:00,1214.9,1214.9,1214.9,1214.9,25,50,1269.81,925.3,1469.05
316,2021-02-05 14:31:00,1214.9,1214.9,1214.9,1214.9,25,50,1269.81,925.3,1469.05
317,2021-02-05 14:32:00,1214.9,1214.9,1214.9,1214.9,25,50,1269.81,925.3,1469.05
318,2021-02-05 14:33:00,1214.9,1214.9,1214.9,1214.9,25,50,1269.81,925.3,1469.05
319,2021-02-05 14:34:00,1214.9,1214.9,1214.9,1214.9,25,50,1269.81,925.3,1469.05
320,2021-02-05 14:35:00,1214.9,1214.9,1214.9,1214.9,25,50,1269.81,925.3,1469.05
321,2021-02-05 14:36:00,1214.9,1214.9,1214.9,1214.9,25,50,1269.81,925.3,1469.05
322,2021-02-05 14:37:00,1214.9,1214.9,1214.9,1214.9,25,50,1269.81,925.3,1469.05
323,2021-02-05 14:38:00,1214.9,1214.9,1214.9,1214.9,25,50,1269.81,925.3,1469.05
324,2021-02-05 14:39:00,1214.9,1214.9,1214.9,1214.9,25,50,1269.81,925.3,1469.05
325,2021-02-05 14:40:00,1214.9,1214.9,1214.9,1214.9,25,50,1269.81,925.3,1469.05
326,2021-02-05 14:41:00,1214.9,1214.9,1214.9,1214.9,25,50,1269.81,925.3,1469.05
327,2021-02-05 14:42:00,1214.9,1214.9,1214.9,1214.9,25,50,1269.81,925.3,1469.05
328,2021-02-05 14:43:00,1214.9,1214.9,1214.9,1214.9,25,50,1269.81,925.3,1469.05
329,2021-02-05 14:44:00,1214.9,1214.9,1214.9,1214.9,25,50,1269.81,925.3,1469.05
330,2021-02-05 14:45:00,1214.9,1214.9,1214.9,1214.9,25,50,1269.81,925.3,1469.05
331,2021-02-05 14:46:00,1214.9,1214.9,1214.9,1214.9,25,50,1269.81,925.3,1469.05
332,2021-02-05 14:47:00,1214.9,1214.9,1214.9,1214.9,25,50,1269.81,925.3,1469.05
333,2021-02-05 14:48:00,1214.9,1214.9,1214.9,1214.9,25,50,1269.81,925.3,1469.05
334,2021-02-05 14:49:00,1214.9,1214.9,1214.9,1214.9,25,50,1269.81,925.3,1469.05
335,2021-02-05 14:50:00,1214.9,1214.9,1214.9,1214.9,25,50,1269.81,925.3,1469.05
336,2021-02-05 14:51:00,1214.9,1214.9,1214.9,1214.9,25,50,1269.81,925.3,1469.05
337,2021-02-05 14:52:00,1214.9,1214.9,1214.9,1214.9,25,50,1269.81,925.3,1469.05
338,2021-02-05 14:53:00,1214.9,1214.9,1214.9,1214.9,25,50,1269.81,925.3,1469.05
339,2021-02-05 14:54:00,1214.9,1214.9,1214.9,1214.9,25,50,1269.81,925.3,1469.05
340,2021-02-05 14:55:00,1159.1,1159.1,1159.1,1159.1,25,75,1242.13,929.7,1203.8
341,2021-02-05 14:56:00,1159.1,1159.1,1159.1,1159.1,25,75,1242.13,929.7,1203.8
342,2021-02-05 14:57:00,1159.1,1159.1,1159.1,1159.1,25,75,1242.13,929.7,1203.8
343,2021-02-05 14:58:00,1159.1,1159.1,1159.1,1159.1,25,75,1242.13,929.7,1203.8
344,2021-02-05 14:59:00,1159.1,1159.1,1159.1,1159.1,25,75,1242.13,929.7,1203.8
345,2021-02-05 15:00:00,1159.1,1159.1,1159.1,1159.1,25,75,1242.13,929.7,1203.8
346,2021-02-05 15:01:00,1159.1,1159.1,1159.1,1159.1,25,75,1242.13,929.7,1203.8
347,2021-02-05 15:02:00,1159.1,1159.1,1159.1,1159.1,25,75,1242.13,929.7,1203.8
348,2021-02-05 15:03:00,1159.1,1159.1,1159.1,1159.1,25,75,1242.13,929.7,1203.8
349,2021-02-05 15:04:00,1159.1,1159.1,1159.1,1159.1,25,75,1242.13,929.7,1203.8
350,2021-02-05 15:05:00,1159.1,1159.1,1159.1,1159.1,25,75,1242.13,929.7,1203.8
351,2021-02-05 15:06:00,1159.1,1159.1,1159.1,1159.1,25,75,1242.13,929.7,1203.8
352,2021-02-05 15:07:00,1159.1,1159.1,1159.1,1159.1,25,75,1242.13,929.7,1203.8
353,2021-02-05 15:08:00,1159.1,1159.1,1159.1,1159.1,25,75,1242.13,929.7,1203.8
354,2021-02-05 15:09:00,1159.1,1159.1,1159.1,1159.1,25,75,1242.13,929.7,1203.8
355,2021-02-05 15:10:00,1159.1,1159.1,1159.1,1159.1,25,75,1242.13,929.7,1203.8
356,2021-02-05 15:11:00,1159.1,1159.1,1159.1,1159.1,25,75,1242.13,929.7,1203.8
357,2021-02-05 15:12:00,1159.1,1159.1,1159.1,1159.1,25,75,1242.13,929.7,1203.8
358,2021-02-05 15:13:00,1159.1,1159.1,1159.1,1159.1,25,75,1242.13,929.7,1203.8
359,2021-02-05 15:14:00,1159.1,1159.1,1159.1,1159.1,25,75,1242.13,929.7,1203.8
360,2021-02-05 15:15:00,1159.1,1159.1,1159.1,1159.1,25,75,1242.13,929.7,1203.8
361,2021-02-05 15:16:00,1159.1,1159.1,1159.1,1159.1,25,75,1242.13,929.7,1203.8
362,2021-02-05 15:17:00,1159.1,1159.1,1159.1,1159.1,25,75,1242.13,929.7,1203.8
363,2021-02-05 15:18:00,1159.1,1159.1,1159.1,1159.1,25,75,1242.13,929.7,1203.8
364,2021-02-05 15:19:00,1159.1,1159.1,1159.1,1159.1,25,75,1242.13,929.7,1203.8
365,2021-02-05 15:20:00,1159.1,1159.1,1159.1,1159.1,25,75,1242.13,929.7,1203.8
366,2021-02-05 15:21:00,1159.1,1159.1,1159.1,1159.1,25,75,1242.13,929.7,1203.8
367,2021-02-05 15:22:00,1159.1,1159.1,1159.1,1159.1,25,75,1242.13,929.7,1203.8
368,2021-02-05 15:23:00,1159.1,1159.1,1159.1,1159.1,25,75,1242.13,929.7,1203.8
369,2021-02-05 15:24:00,1159.1,1159.1,1159.1,1159.1,25,75,1242.13,929.7,1203.8
370,2021-02-05 15:25:00,1159.1,1159.1,1159.1,1159.1,25,75,1242.13,929.7,1203.8
371,2021-02-05 15:26:00,1159.1,1159.1,1159.1,1159.1,25,75,1242.13,929.7,1203.8
372,2021-02-05 15:27:00,1159.1,1159.1,1159.1,1159.1,25,75,1242.13,929.7,1203.8
373,2021-02-05 15:28:00,1159.1,1159.1,1159.1,1159.1,25,75,1242.13,929.7,1203.8
374,2021-02-05 15:29:00,1159.1,1159.1,1159.1,1159.1,25,75,1242.13,929.7,1203.8
375,2021-02-05 15:30:00,1159.1,1159.1,1159.1,1159.1,25,75,1242.13,929.7,1203.8
376,2021-02-06 09:15:00,1159.1,1159.1,1159.1,1159.1,25,75,1242.13,929.7,1203.8
377,2021-02-06 09:16:00,1159.1,1159.1,1159.1,1159.1,25,75,1242.13,929.7,1203.8
378,2021-02-06 09:17:00,1159.1,1159.1,1159.1,1159.1,25,75,1242.13,929.7,1203.8
379,2021-02-06 09:18:00,1159.1,1159.1,1159.1,1159.1,25,75,1242.13,929.7,1203.8
380,2021-02-06 09:19:00,1159.1,1159.1,1159.1,1159.1,25,75,1242.13,929.7,1203.8
381,2021-02-06 09:20:00,1159.1,1159.1,1159.1,1159.1,25,75,1242.13,929.7,1203.8
382,2021-02-06 09:21:00,1159.1,1159.1,1159.1,1159.1,25,75,1242.13,929.7,1203.8
383,2021-02-06 09:22:00,1159.1,1159.1,1159.1,1159.1,25,75,1242.13,929.7,1203.8
384,2021-02-06 09:23:00,1159.1,1159.1,1159.1,1159.1,25,75,1242.13,929.7,1203.8
385,2021-02-06 09:24:00,1159.1,1159.1,1159.1,1159.1,25,75,1242.13,929.7,1203.8
386,2021-02-06 09:25:00,1159.1,1159.1,1159.1,1159.1,25,75,1242.13,929.7,1203.8
387,2021-02-06 09:26:00,1159.1,1159.1,1159.1,1159.1,25,75,1242.13,929.7,1203.8
388,2021-02-06 09:27:00,1159.1,1159.1,1159.1,1159.1,25,75,1242.13,929.7,1203.8
389,2021-02-06 09:28:00,1159.1,1159.1,1159.1,1159.1,25,75,1242.13,929.7,1203.8
390,2021-02-06 09:29:00,1159.1,1159.1,1159.1,1159.1,25,75,1242.13,929.7,1203.8
391,2021-02-06 09:30:00,1159.1,1159.1,1159.1,1159.1,25,75,1242.13,929.7,1203.8
392,2021-02-06 09:31:00,1159.1,1159.1,1159.1,1159.1,25,75,1242.13,929.7,1203.8
393,2021-02-06 09:32:00,1159.1,1159.1,1159.1,1159.1,25,75,1242.13,929.7,1203.8
394,2021-02-06 09:33:00,1159.1,1159.1,1159.1,1159.1,25,75,1242.13,929.7,1203.8
395,2021-02-06 09:34:00,1159.1,1159.1,1159.1,1159.1,25,75,1242.13,929.7,1203.8
396,2021-02-06 09:35:00,1159.1,1159.1,1159.1,1159.1,25,75,1242.13,929.7,1203.8
397,2021-02-06 09:36:00,1159.1,1159.1,1159.1,1159.1,25,75,1242.13,929.7,1203.8
398,2021-02-06 09:37:00,1159.1,1159.1,1159.1,1159.1,25,75,1242.13,929.7,1203.8
399,2021-02-06 09:38:00,1159.1,1159.1,1159.1,1159.1,25,75,1242.13,929.7,1203.8
400,2021-02-06 09:39:00,1159.1,1159.1,1159.1,1159.1,25,75,1242.13,929.7,1203.8
401,2021-02-06 09:40:00,1159.1,1159.1,1159.1,1159.1,25,75,1242.13,929.7,1203.8
402,2021-02-06 09:41:00,1159.1,1159.1,1159.1,1159.1,25,75,1242.13,929.7,1203.8
403,2021-02-06 09:42:00,1159.1,1159.1,1159.1,1159.1,25,75,1242.13,929.7,1203.8
404,2021-02-06 09:43:00,1159.1,1159.1,1159.1,1159.1,25,75,1242.13,929.7,1203.8
405,2021-02-06 09:44:00,1159.1,1159.1,1159.1,1159.1,25,75,1242.13,929.7,1203.8
406,2021-02-06 09:45:00,1159.1,1159.1,1159.1,1159.1,25,75,1242.13,929.7,1203.8
407,2021-02-06 09:46:00,1159.1,1159.1,1159.1,1159.1,25,75,1242.13,929.7,1203.8
408,2021-02-06 09:47:00,1159.1,1159.1,1159.1,1159.1,25,75,1242.13,929.7,1203.8
409,2021-02-06 09:48:00,1159.1,1159.1,1159.1,1159.1,25,75,1242.13,929.7,1203.8
410,2021-02-06 09:49:00,1159.1,1159.1,1159.1,1159.1,25,75,1242.13,929.7,1203.8
411,2021-02-06 09:50:00,1159.1,1159.1,1159.1,1159.1,25,75,1242.13,929.7,1203.8
412,2021-02-06 09:51:00,1159.1,1159.1,1159.1,1159.1,25,75,1242.13,929.7,1203.8
413,2021-02-06 09:52:00,1159.1,1159.1,1159.1,1159.1,25,75,1242.13,929.7,1203.8
414,2021-02-06 09:53:00,1159.1,1159.1,1159.1,1159.1,25,75,1242.13,929.7,1203.8
415,2021-02-06 09:54:00,1159.1,1159.1,1159.1,1159.1,25,75,1242.13,929.7,1203.8
416,2021-02-06 09:55:00,1159.1,1159.1,1159.1,1159.1,25,75,1242.13,929.7,1203.8
417,2021-02-06 09:56:00,1159.1,1159.1,1159.1,1159.1,25,75,1242.13,929.7,1203.8
418,2021-02-06 09:57:00,1159.1,1159.1,1159.1,1159.1,25,75,1242.13,929.7,1203.8
419,2021-02-06 09:58:00,1159.1,1159.1,1159.1,1159.1,25,75,1242.13,929.7,1203.8
420,2021-02-06 09:59:00,1159.1,1159.1,1159.1,1159.1,25,75,1242.13,929.7,1203.8
421,2021-02-06 10:00:00,1159.1,1159.1,1159.1,1159.1,25,75,1242.13,929.7,1203.8
422,2021-02-06 10:01:00,1159.1,1159.1,1159.1,1159.1,25,75,1242.13,929.7,1203.8
423,2021-02-06 10:02:00,1159.1,1159.1,1159.1,1159.1,25,75,1242.13,929.7,1203.8
424,2021-02-06 10:03:00,1159.1,1159.1,1159.1,1159.1,25,75,1242.13,929.7,1203.8
425,2021-02-06 10:04:00,1159.1,1159.1,1159.1,1159.1,25,75,1242.13,929.7,1203.8
426,2021-02-06 10:05:00,1159.1,1159.1,1159.1,1159.1,25,75,1242.13,929.7,1203.8
427,2021-02-06 10:06:00,1159.1,1159.1,1159.1,1159.1,25,75,1242.13,929.7,1203.8
428,2021-02-06 10:07:00,1159.1,1159.1,1159.1,1159.1,25,75,1242.13,929.7,1203.8
429,2021-02-06 10:08:00,1159.1,1159.1,1159.1,1159.1,25,75,1242.13,929.7,1203.8
430,2021-02-06 10:09:00,1159.1,1159.1,1159.1,1159.1,25,75,1242.13,929.7,1203.8
431,2021-02-06 10:10:00,1159.1,1159.1,1159.1,1159.1,25,75,1242.13,929.7,1203.8
432,2021-02-06 10:11:00,1159.1,1159.1,1159.1,1159.1,25,75,1242.13,929.7,1203.8
433,2021-02-06 10:12:00,1159.1,1159.1,1159.1,1159.1,25,75,1242.13,929.7,1203.8
434,2021-02-06 10:13:00,1159.1,1159.1,1159.1,1159.1,25,75,1242.13,929.7,1203.8
435,2021-02-06 10:14:00,1159.1,1159.1,1159.1,1159.1,25,75,1242.13,929.7,1203.8
436,2021-02-06 10:15:00,1159.1,1159.1,1159.1,1159.1,25,75,1242.13,929.7,1203.8
437,2021-02-06 10:16:00,1159.1,1159.1,1159.1,1159.1,25,75,1242.13,929.7,1203.8
438,2021-02-06 10:17:00,1159.1,1159.1,1159.1,1159.1,25,75,1242.13,929.7,1203.8
439,2021-02-06 10:18:00,1159.1,1159.1,1159.1,1159.1,25,75,1242.13,929.7,1203.8
440,2021-02-06 10:19:00,1159.1,1159.1,1159.1,1159.1,25,75,1242.13,929.7,1203.8
441,2021-02-06 10:20:00,1159.1,1159.1,1159.1,1159.1,25,75,1242.13,929.7,1203.8
442,2021-02-06 10:21:00,1159.1,1159.1,1159.1,1159.1,25,75,1242.13,929.7,1203.8
443,2021-02-06 10:22:00,1159.1,1159.1,1159.1,1159.1,25,75,1242.13,929.7,1203.8
444,2021-02-06 10:23:00,1159.1,1159.1,1159.1,1159.1,25,75,1242.13,929.7,1203.8
445,2021-02-06 10:24:00,1159.1,1159.1,1159.1,1159.1,25,75,1242.13,929.7,1203.8
446,2021-02-06 10:25:00,1159.1,1159.1,1159.1,1159.1,25,75,1242.13,929.7,1203.8
447,2021-02-06 10:26:00,1159.1,1159.1,1159.1,1159.1,25,75,1242.13,929.7,1203.8
448,2021-02-06 10:27:00,1159.1,1159.1,1159.1,1159.1,25,75,1242.13,929.7,1203.8
449,2021-02-06 10:28:00,1159.1,1159.1,1159.1,1159.1,25,75,1242.13,929.7,1203.8
450,2021-02-06 10:29:00,1159.1,1159.1,1159.1,1159.1,25,75,1242.13,929.7,1203.8
451,2021-02-06 10:30:00,1159.1,1159.1,1159.1,1159.1,25,75,1242.13,929.7,1203.8
452,2021-02-06 10:31:00,1159.1,1159.1,1159.1,1159.1,25,75,1242.13,929.7,1203.8
453,2021-02-06 10:32:00,1159.1,1159.1,1159.1,1159.1,25,75,1242.13,929.7,1203.8
454,2021-02-06 10:33:00,1159.1,1159.1,1159.1,1159.1,25,75,1242.13,929.7,1203.8
455,2021-02-06 10:34:00,1159.1,1159.1,1159.1,1159.1,25,75,1242.13,929.7,1203.8
456,2021-02-06 10:35:00,1159.1,1159.1,1159.1,1159.1,25,75,1242.13,929.7,1203.8
457,2021-02-06 10:36:00,1159.1,1159.1,1159.1,1159.1,25,75,1242.13,929.7,1203.8
458,2021-02-06 10:37:00,1159.1,1159.1,1159.1,1159.1,25,75,1242.13,929.7,1203.8
459,2021-02-06 10:38:00,1159.1,1159.1,1159.1,1159.1,25,75,1242.13,929.7,1203.8
460,2021-02-06 10:39:00,1159.1,1159.1,1159.1,1159.1,25,75,1242.13,929.7,1203.8
461,2021-02-06 10:40:00,1159.1,1159.1,1159.1,1159.1,25,75,1242.13,929.7,1203.8
462,2021-02-06 10:41:00,1159.1,1159.1,1159.1,1159.1,25,75,1242.13,929.7,1203.8
463,2021-02-06 10:42:00,1159.1,1159.1,1159.1,1159.1,25,75,1242.13,929.7,1203.8
464,2021-02-06 10:43:00,1159.1,1159.1,1159.1,1159.1,25,75,1242.13,929.7,1203.8
465,2021-02-06 10:44:00,1159.1,1159.1,1159.1,1159.1,25,75,1242.13,929.7,1203.8
466,2021-02-06 10:45:00,1159.1,1159.1,1159.1,1159.1,25,75,1242.13,929.7,1203.8
467,2021-02-06 10:46:00,1159.1,1159.1,1159.1,1159.1,25,75,1242.13,929.7,1203.8
468,2021-02-06 10:47:00,1159.1,1159.1,1159.1,1159.1,25,75,1242.13,929.7,1203.8
469,2021-02-06 10:48:00,1159.1,1159.1,1159.1,1159.1,25,75,1242.13,929.7,1203.8
470,2021-02-06 10:49:00,1159.1,1159.1,1159.1,1159.1,25,75,1242.13,929.7,1203.8
471,2021-02-06 10:50:00,1159.1,1159.1,1159.1,1159.1,25,75,1242.13,929.7,1203.8
472,2021-02-06 10:51:00,1159.1,1159.1,1159.1,1159.1,25,75,1242.13,929.7,1203.8
473,2021-02-06 10:52:00,1159.1,1159.1,1159.1,1159.1,25,75,1242.13,929.7,1203.8
474,2021-02-06 10:53:00,1159.1,1159.1,1159.1,1159.1,25,75,1242.13,929.7,1203.8
475,2021-02-06 10:54:00,1159.1,1159.1,1159.1,1159.1,25,75,1242.13,929.7,1203.8
476,2021-02-06 10:55:00,1159.1,1159.1,1159.1,1159.1,25,75,1242.13,929.7,1203.8
477,2021-02-06 10:56:00,1159.1,1159.1,1159.1,1159.1,25,75,1242.13,929.7,1203.8
478,2021-02-06 10:57:00,1159.1,1159.1,1159.1,1159.1,25,75,1242.13,929.7,1203.8
479,2021-02-06 10:58:00,1159.1,1159.1,1159.1,1159.1,25,75,1242.13,929.7,1203.8
480,2021-02-06 10:59:00,1159.1,1159.1,1159.1,1159.1,25,75,1242.13,929.7,1203.8
481,2021-02-06 11:00:00,1159.1,1159.1,1159.1,1159.1,25,75,1242.13,929.7,1203.8
482,2021-02-06 11:01:00,1159.1,1159.1,1159.1,1159.1,25,75,1242.13,929.7,1203.8
483,2021-02-06 11:02:00,1159.1,1159.1,1159.1,1159.1,25,75,1242.13,929.7,1203.8
484,2021-02-06 11:03:00,1159.1,1159.1,1159.1,1159.1,25,75,1242.13,929.7,1203.8
485,2021-02-06 11:04:00,1159.1,1159.1,1159.1,1159.1,25,75,1242.13,929.7,1203.8
486,2021-02-06 11:05:00,1159.1,1159.1,1159.1,1159.1,25,75,1242.13,929.7,1203.8
487,2021-02-06 11:06:00,1159.1,1159.1,1159.1,1159.1,25,75,1242.13,929.7,1203.8
488,2021-02-06 11:07:00,1159.1,1159.1,1159.1,1159.1,25,75,1242.13,929.7,1203.8
489,2021-02-06 11:08:00,1159.1,1159.1,1159.1,1159.1,25,75,1242.13,929.7,1203.8
490,2021-02-06 11:09:00,1159.1,1159.1,1159.1,1159.1,25,75,1242.13,929.7,1203.8
491,2021-02-06 11:10:00,1159.1,1159.1,1159.1,1159.1,25,75,1242.13,929.7,1203.8
492,2021-02-06 11:11:00,1159.1,1159.1,1159.1,1159.1,25,75,1242.13,929.7,1203.8
493,2021-02-06 11:12:00,1159.1,1159.1,1159.1,1159.1,25,75,1242.13,929.7,1203.8
494,2021-02-06 11:13:00,1159.1,1159.1,1159.1,1159.1,25,75,1242.13,929.7,1203.8
495,2021-02-06 11:14:00,1159.1,1159.1,1159.1,1159.1,25,75,1242.13,929.7,1203.8
496,2021-02-06 11:15:00,1159.1,1159.1,1159.1,1159.1,25,75,1242.13,929.7,1203.8
497,2021-02-06 11:16:00,1159.1,1159.1,1159.1,1159.1,25,75,1242.13,929.7,1203.8
498,2021-02-06 11:17:00,1159.1,1159.1,1159.1,1159.1,25,75,1242.13,929.7,1203.8
499,2021-02-06 11:18:00,1159.1,1159.1,1159.1,1159.1,25,75,1242.13,929.7,1203.8
500,2021-02-06 11:19:00,1159.1,1159.1,1159.1,1159.1,25,75,1242.13,929.7,1203.8
501,2021-02-06 11:20:00,1159.1,1159.1,1159.1,1159.1,25,75,1242.13,929.7,1203.8
502,2021-02-06 11:21:00,1159.1,1159.1,1159.1,1159.1,25,75,1242.13,929.7,1203.8
503,2021-02-06 11:22:00,1159.1,1159.1,1159.1,1159.1,25,75,1242.13,929.7,1203.8
504,2021-02-06 11:23:00,1159.1,1159.1,1159.1,1159.1,25,75,1242.13,929.7,1203.8
505,2021-02-06 11:24:00,1159.1,1159.1,1159.1,1159.1,25,75,1242.13,929.7,1203.8
506,2021-02-06 11:25:00,1159.1,1159.1,1159.1,1159.1,25,75,1242.13,929.7,1203.8
507,2021-02-06 11:26:00,1159.1,1159.1,1159.1,1159.1,25,75,1242.13,929.7,1203.8
508,2021-02-06 11:27:00,1159.1,1159.1,1159.1,1159.1,25,75,1242.13,929.7,1203.8
509,2021-02-06 11:28:00,1159.1,1159.1,1159.1,1159.1,25,75,1242.13,929.7,1203.8
510,2021-02-06 11:29:00,1159.1,1159.1,1159.1,1159.1,25,75,1242.13,929.7,1203.8
511,2021-02-06 11:30:00,1159.1,1159.1,1159.1,1159.1,25,75,1242.13,929.7,1203.8
512,2021-02-06 11:31:00,1159.1,1159.1,1159.1,1159.1,25,75,1242.13,929.7,1203.8
513,2021-02-06 11:32:00,1159.1,1159.1,1159.1,1159.1,25,75,1242.13,929.7,1203.8
514,2021-02-06 11:33:00,1159.1,1159.1,1159.1,1159.1,25,75,1242.13,929.7,1203.8
515,2021-02-06 11:34:00,1159.1,1159.1,1159.1,1159.1,25,75,1242.13,929.7,1203.8
516,2021-02-06 11:35:00,1159.1,1159.1,1159.1,1159.1,25,75,1242.13,929.7,1203.8
517,2021-02-06 11:36:00,1159.1,1159.1,1159.1,1159.1,25,75,1242.13,929.7,1203.8
518,2021-02-06 11:37:00,1159.1,1159.1,1159.1,1159.1,25,75,1242.13,929.7,1203.8
519,2021-02-06 11:38:00,1159.1,1159.1,1159.1,1159.1,25,75,1242.13,929.7,1203.8
520,2021-02-06 11:39:00,1159.1,1159.1,1159.1,1159.1,25,75,1242.13,929.7,1203.8
521,2021-02-06 11:40:00,1159.1,1159.1,1159.1,1159.1,25,75,1242.13,929.7,1203.8
522,2021-02-06 11:41:00,1159.1,1159.1,1159.1,1159.1,25,75,1242.13,929.7,1203.8
523,2021-02-06 11:42:00,1159.1,1159.1,1159.1,1159.1,25,75,1242.13,929.7,1203.8
524,2021-02-06 11:43:00,1159.1,1159.1,1159.1,1159.1,25,75,1242.13,929.7,1203.8
525,2021-02-06 11:44:00,1159.1,1159.1,1159.1,1159.1,25,75,1242.13,929.7,1203.8
526,2021-02-06 11:45:00,1159.1,1159.1,1159.1,1159.1,25,75,1242.13,929.7,1203.8
527,2021-02-06 11:46:00,1159.1,1159.1,1159.1,1159.1,25,75,1242.13,929.7,1203.8
528,2021-02-06 11:47:00,1159.1,1159.1,1159.1,1159.1,25,75,1242.13,929.7,1203.8
529,2021-02-06 11:48:00,1159.1,1159.1,1159.1,1159.1,25,75,1242.13,929.7,1203.8
530,2021-02-06 11:49:00,1159.1,1159.1,1159.1,1159.1,25,75,1242.13,929.7,1203.8
531,2021-02-06 11:50:00,1159.1,1159.1,1159.1,1159.1,25,75,1242.13,929.7,1203.8
532,2021-02-06 11:51:00,1159.1,1159.1,1159.1,1159.1,25,75,1242.13,929.7,1203.8
533,2021-02-06 11:52:00,1159.1,1159.1,1159.1,1159.1,25,75,1242.13,929.7,1203.8
534,2021-02-06 11:53:00,1159.1,1159.1,1159.1,1159.1,25,75,1242.13,929.7,1203.8
535,2021-02-06 11:54:00,1159.1,1159.1,1159.1,1159.1,25,75,1242.13,929.7,1203.8
536,2021-02-06 11:55:00,1159.1,1159.1,1159.1,1159.1,25,75,1242.13,929.7,1203.8
537,2021-02-06 11:56:00,1159.1,1159.1,1159.1,1159.1,25,75,1242.13,929.7,1203.8
538,2021-02-06 11:57:00,1159.1,1159.1,1159.1,1159.1,25,75,1242.13,929.7,1203.8
539,2021-02-06 11:58:00,1159.1,1159.1,1159.1,1159.1,25,75,1242.13,929.7,1203.8
540,2021-02-06 11:59:00,1159.1,1159.1,1159.1,1159.1,25,75,1242.13,929.7,1203.8
541,2021-02-06 12:00:00,1159.1,1159.1,1159.1,1159.1,25,75,1242.13,929.7,1203.8
542,2021-02-06 12:01:00,1159.1,1159.1,1159.1,1159.1,25,75,1242.13,929.7,1203.8
543,2021-02-06 12:02:00,1159.1,1159.1,1159.1,1159.1,25,75,1242.13,929.7,1203.8
544,2021-02-06 12:03:00,1159.1,1159.1,1159.1,1159.1,25,75,1242.13,929.7,1203.8
545,2021-02-06 12:04:00,1159.1,1159.1,1159.1,1159.1,25,75,1242.13,929.7,1203.8
546,2021-02-06 12:05:00,1159.1,1159.1,1159.1,1159.1,25,75,1242.13,929.7,1203.8
547,2021-02-06 12:06:00,1159.1,1159.1,1159.1,1159.1,25,75,1242.13,929.7,1203.8
548,2021-02-06 12:07:00,1159.1,1159.1,1159.1,1159.1,25,75,1242.13,929.7,1203.8
549,2021-02-06 12:08:00,1159.1,1159.1,1159.1,1159.1,25,75,1242.13,929.7,1203.8
550,2021-02-06 12:09:00,1159.1,1159.1,1159.1,1159.1,25,75,1242.13,929.7,1203.8
551,2021-02-06 12:10:00,1159.1,1159.1,1159.1,1159.1,25,75,1242.13,929.7,1203.8
552,2021-02-06 12:11:00,1159.1,1159.1,1159.1,1159.1,25,75,1242.13,929.7,1203.8
553,2021-02-06 12:12:00,1159.1,1159.1,1159.1,1159.1,25,75,1242.13,929.7,1203.8
554,2021-02-06 12:13:00,1159.1,1159.1,1159.1,1159.1,25,75,1242.13,929.7,1203.8
555,2021-02-06 12:14:00,1159.1,1159.1,1159.1,1159.1,25,75,1242.13,929.7,1203.8
556,2021-02-06 12:15:00,1159.1,1159.1,1159.1,1159.1,25,75,1242.13,929.7,1203.8
557,2021-02-06 12:16:00,1159.1,1159.1,1159.1,1159.1,25,75,1242.13,929.7,1203.8
558,2021-02-06 12:17:00,1159.1,1159.1,1159.1,1159.1,25,75,1242.13,929.7,1203.8
559,2021-02-06 12:18:00,1159.1,1159.1,1159.1,1159.1,25,75,1242.13,929.7,1203.8
560,2021-02-06 12:19:00,1159.1,1159.1,1159.1,1159.1,25,75,1242.13,929.7,1203.8
561,2021-02-06 12:20:00,1159.1,1159.1,1159.1,1159.1,25,75,1242.13,929.7,1203.8
562,2021-02-06 12:21:00,1159.1,1159.1,1159.1,1159.1,25,75,1242.13,929.7,1203.8
563,2021-02-06 12:22:00,1159.1,1159.1,1159.1,1159.1,25,75,1242.13,929.7,1203.8
564,2021-02-06 12:23:00,1159.1,1159.1,1159.1,1159.1,25,75,1242.13,929.7,1203.8
565,2021-02-06 12:24:00,1159.1,1159.1,1159.1,1159.1,25,75,1242.13,929.7,1203.8
566,2021-02-06 12:25:00,1159.1,1159.1,1159.1,1159.1,25,75,1242.13,929.7,1203.8
567,2021-02-06 12:26:00,1159.1,1159.1,1159.1,1159.1,25,75,1242.13,929.7,1203.8
568,2021-02-06 12:27:00,1159.1,1159.1,1159.1,1159.1,25,75,1242.13,929.7,1203.8
569,2021-02-06 12:28:00,1159.1,1159.1,1159.1,1159.1,25,75,1242.13,929.7,1203.8
570,2021-02-06 12:29:00,1159.1,1159.1,1159.1,1159.1,25,75,1242.13,929.7,1203.8
571,2021-02-06 12:30:00,1159.1,1159.1,1159.1,1159.1,25,75,1242.13,929.7,1203.8
572,2021-02-06 12:31:00,1159.1,1159.1,1159.1,1159.1,25,75,1242.13,929.7,1203.8
573,2021-02-06 12:32:00,1159.1,1159.1,1159.1,1159.1,25,75,1242.13,929.7,1203.8
574,2021-02-06 12:33:00,1159.1,1159.1,1159.1,1159.1,25,75,1242.13,929.7,1203.8
575,2021-02-06 12:34:00,1159.1,1159.1,1159.1,1159.1,25,75,1242.13,929.7,1203.8
576,2021-02-06 12:35:00,1159.1,1159.1,1159.1,1159.1,25,75,1242.13,929.7,1203.8
577,2021-02-06 12:36:00,1159.1,1159.1,1159.1,1159.1,25,75,1242.13,929.7,1203.8
578,2021-02-06 12:37:00,1159.1,1159.1,1159.1,1159.1,25,75,1242.13,929.7,1203.8
579,2021-02-06 12:38:00,1159.1,1159.1,1159.1,1159.1,25,75,1242.13,929.7,1203.8
580,2021-02-06 12:39:00,1159.1,1159.1,1159.1,1159.1,25,75,1242.13,929.7,1203.8
581,2021-02-06 12:40:00,1159.1,1159.1,1159.1,1159.1,25,75,1242.13,929.7,1203.8
582,2021-02-06 12:41:00,1159.1,1159.1,1159.1,1159.1,25,75,1242.13,929.7,1203.8
583,2021-02-06 12:42:00,1159.1,1159.1,1159.1,1159.1,25,75,1242.13,929.7,1203.8
584,2021-02-06 12:43:00,1159.1,1159.1,1159.1,1159.1,25,75,1242.13,929.7,1203.8
585,2021-02-06 12:44:00,1159.1,1159.1,1159.1,1159.1,25,75,1242.13,929.7,1203.8
586,2021-02-06 12:45:00,1159.1,1159.1,1159.1,1159.1,25,75,1242.13,929.7,1203.8
587,2021-02-06 12:46:00,1159.1,1159.1,1159.1,1159.1,25,75,1242.13,929.7,1203.8
588,2021-02-06 12:47:00,1159.1,1159.1,1159.1,1159.1,25,75,1242.13,929.7,1203.8
589,2021-02-06 12:48:00,1159.1,1159.1,1159.1,1159.1,25,75,1242.13,929.7,1203.8
590,2021-02-06 12:49:00,1159.1,1159.1,1159.1,1159.1,25,75,1242.13,929.7,1203.8
591,2021-02-06 12:50:00,1159.1,1159.1,1159.1,1159.1,25,75,1242.13,929.7,1203.8
592,2021-02-06 12:51:00,1159.1,1159.1,1159.1,1159.1,25,75,1242.13,929.7,1203.8
593,2021-02-06 12:52:00,1159.1,1159.1,1159.1,1159.1,25,75,1242.13,929.7,1203.8
594,2021-02-06 12:53:00,1159.1,1159.1,1159.1,1159.1,25,75,1242.13,929.7,1203.8
595,2021-02-06 12:54:00,1159.1,1159.1,1159.1,1159.1,25,75,1242.13,929.7,1203.8
596,2021-02-06 12:55:00,1159.1,1159.1,1159.1,1159.1,25,75,1242.13,929.7,1203.8
597,2021-02-06 12:56:00,1159.1,1159.1,1159.1,1159.1,25,75,1242.13,929.7,1203.8
598,2021-02-06 12:57:00,1159.1,1159.1,1159.1,1159.1,25,75,1242.13,929.7,1203.8
599,2021-02-06 12:58:00,1159.1,1159.1,1159.1,1159.1,25,75,1242.13,929.7,1203.8
600,2021-02-06 12:59:00,1159.1,1159.1,1159.1,1159.1,25,75,1242.13,929.7,1203.8
601,2021-02-06 13:00:00,1159.1,1159.1,1159.1,1159.1,25,75,1242.13,929.7,1203.8
602,2021-02-06 13:01:00,1159.1,1159.1,1159.1,1159.1,25,75,1242.13,929.7,1203.8
603,2021-02-06 13:02:00,1159.1,1159.1,1159.1,1159.1,25,75,1242.13,929.7,1203.8
604,2021-02-06 13:03:00,1159.1,1159.1,1159.1,1159.1,25,75,1242.13,929.7,1203.8
605,2021-02-06 13:04:00,1159.1,1159.1,1159.1,1159.1,25,75,1242.13,929.7,1203.8
606,2021-02-06 13:05:00,1159.1,1159.1,1159.1,1159.1,25,75,1242.13,929.7,1203.8
607,2021-02-06 13:06:00,1159.1,1159.1,1159.1,1159.1,25,75,1242.13,929.7,1203.8
608,2021-02-06 13:07:00,1159.1,1159.1,1159.1,1159.1,25,75,1242.13,929.7,1203.8
609,2021-02-06 13:08:00,1159.1,1159.1,1159.1,1159.1,25,75,1242.13,929.7,1203.8
610,2021-02-06 13:09:00,1159.1,1159.1,1159.1,1159.1,25,75,1242.13,929.7,1203.8
611,2021-02-06 13:10:00,1159.1,1159.1,1159.1,1159.1,25,75,1242.13,929.7,1203.8
612,2021-02-06 13:11:00,1159.1,1159.1,1159.1,1159.1,25,75,1242.13,929.7,1203.8
613,2021-02-06 13:12:00,1159.1,1159.1,1159.1,1159.1,25,75,1242.13,929.7,1203.8
614,2021-02-06 13:13:00,1159.1,1159.1,1159.1,1159.1,25,75,1242.13,929.7,1203.8
615,2021-02-06 13:14:00,1159.1,1159.1,1159.1,1159.1,25,75,1242.13,929.7,1203.8
616,2021-02-06 13:15:00,1159.1,1159.1,1159.1,1159.1,25,75,1242.13,929.7,1203.8
617,2021-02-06 13:16:00,1159.1,1159.1,1159.1,1159.1,25,75,1242.13,929.7,1203.8
618,2021-02-06 13:17:00,1159.1,1159.1,1159.1,1159.1,25,75,1242.13,929.7,1203.8
619,2021-02-06 13:18:00,1159.1,1159.1,1159.1,1159.1,25,75,1242.13,929.7,1203.8
620,2021-02-06 13:19:00,1159.1,1159.1,1159.1,1159.1,25,75,1242.13,929.7,1203.8
621,2021-02-06 13:20:00,1159.1,1159.1,1159.1,1159.1,25,75,1242.13,929.7,1203.8
622,2021-02-06 13:21:00,1159.1,1159.1,1159.1,1159.1,25,75,1242.13,929.7,1203.8
623,2021-02-06 13:22:00,1159.1,1159.1,1159.1,1159.1,25,75,1242.13,929.7,1203.8
624,2021-02-06 13:23:00,1159.1,1159.1,1159.1,1159.1,25,75,1242.13,929.7,1203.8
625,2021-02-06 13:24:00,1159.1,1159.1,1159.1,1159.1,25,75,1242.13,929.7,1203.8
626,2021-02-06 13:25:00,1159.1,1159.1,1159.1,1159.1,25,75,1242.13,929.7,1203.8
627,2021-02-06 13:26:00,1159.1,1159.1,1159.1,1159.1,25,75,1242.13,929.7,1203.8
628,2021-02-06 13:27:00,1159.1,1159.1,1159.1,1159.1,25,75,1242.13,929.7,1203.8
629,2021-02-06 13:28:00,1159.1,1159.1,1159.1,1159.1,25,75,1242.13,929.7,1203.8
630,2021-02-06 13:29:00,1159.1,1159.1,1159.1,1159.1,25,75,1242.13,929.7,1203.8
631,2021-02-06 13:30:00,1159.1,1159.1,1159.1,1159.1,25,75,1242.13,929.7,1203.8
632,2021-02-06 13:31:00,1159.1,1159.1,1159.1,1159.1,25,75,1242.13,929.7,1203.8
633,2021-02-06 13:32:00,1159.1,1159.1,1159.1,1159.1,25,75,1242.13,929.7,1203.8
634,2021-02-06 13:33:00,1159.1,1159.1,1159.1,1159.1,25,75,1242.13,929.7,1203.8
635,2021-02-06 13:34:00,1159.1,1159.1,1159.1,1159.1,25,75,1242.13,929.7,1203.8
636,2021-02-06 13:35:00,1159.1,1159.1,1159.1,1159.1,25,75,1242.13,929.7,1203.8
637,2021-02-06 13:36:00,1159.1,1159.1,1159.1,1159.1,25,75,1242.13,929.7,1203.8
638,2021-02-06 13:37:00,1159.1,1159.1,1159.1,1159.1,25,75,1242.13,929.7,1203.8
639,2021-02-06 13:38:00,1159.1,1159.1,1159.1,1159.1,25,75,1242.13,929.7,1203.8
640,2021-02-06 13:39:00,1159.1,1159.1,1159.1,1159.1,25,75,1242.13,929.7,1203.8
641,2021-02-06 13:40:00,1159.1,1159.1,1159.1,1159.1,25,75,1242.13,929.7,1203.8
642,2021-02-06 13:41:00,1159.1,1159.1,1159.1,1159.1,25,75,1242.13,929.7,1203.8
643,2021-02-06 13:42:00,1159.1,1159.1,1159.1,1159.1,25,75,1242.13,929.7,1203.8
644,2021-02-06 13:43:00,1159.1,1159.1,1159.1,1159.1,25,75,1242.13,929.7,1203.8
645,2021-02-06 13:44:00,1159.1,1159.1,1159.1,1159.1,25,75,1242.13,929.7,1203.8
646,2021-02-06 13:45:00,1159.1,1159.1,1159.1,1159.1,25,75,1242.13,929.7,1203.8
647,2021-02-06 13:46:00,1159.1,1159.1,1159.1,1159.1,25,75,1242.13,929.7,1203.8
648,2021-02-06 13:47:00,1159.1,1159.1,1159.1,1159.1,25,75,1242.13,929.7,1203.8
649,2021-02-06 13:48:00,1159.1,1159.1,1159.1,1159.1,25,75,1242.13,929.7,1203.8
650,2021-02-06 13:49:00,1159.1,1159.1,1159.1,1159.1,25,75,1242.13,929.7,1203.8
651,2021-02-06 13:50:00,1159.1,1159.1,1159.1,1159.1,25,75,1242.13,929.7,1203.8
652,2021-02-06 13:51:00,1159.1,1159.1,1159.1,1159.1,25,75,1242.13,929.7,1203.8
653,2021-02-06 13:52:00,1159.1,1159.1,1159.1,1159.1,25,75,1242.13,929.7,1203.8
654,2021-02-06 13:53:00,1159.1,1159.1,1159.1,1159.1,25,75,1242.13,929.7,1203.8
655,2021-02-06 13:54:00,1159.1,1159.1,1159.1,1159.1,25,75,1242.13,929.7,1203.8
656,2021-02-06 13:55:00,1159.1,1159.1,1159.1,1159.1,25,75,1242.13,929.7,1203.8
657,2021-02-06 13:56:00,1159.1,1159.1,1159.1,1159.1,25,75,1242.13,929.7,1203.8
658,2021-02-06 13:57:00,1159.1,1159.1,1159.1,1159.1,25,75,1242.13,929.7,1203.8
659,2021-02-06 13:58:00,1159.1,1159.1,1159.1,1159.1,25,75,1242.13,929.7,1203.8
660,2021-02-06 13:59:00,1159.1,1159.1,1159.1,1159.1,25,75,1242.13,929.7,1203.8
661,2021-02-06 14:00:00,1159.1,1159.1,1159.1,1159.1,25,75,1242.13,929.7,1203.8
662,2021-02-06 14:01:00,1159.1,1159.1,1159.1,1159.1,25,75,1242.13,929.7,1203.8
663,2021-02-06 14:02:00,1159.1,1159.1,1159.1,1159.1,25,75,1242.13,929.7,1203.8
664,2021-02-06 14:03:00,1159.1,1159.1,1159.1,1159.1,25,75,1242.13,929.7,1203.8
665,2021-02-06 14:04:00,1159.1,1159.1,1159.1,1159.1,25,75,1242.13,929.7,1203.8
666,2021-02-06 14:05:00,1159.1,1159.1,1159.1,1159.1,25,75,1242.13,929.7,1203.8
667,2021-02-06 14:06:00,1159.1,1159.1,1159.1,1159.1,25,75,1242.13,929.7,1203.8
668,2021-02-06 14:07:00,1159.1,1159.1,1159.1,1159.1,25,75,1242.13,929.7,1203.8
669,2021-02-06 14:08:00,1159.1,1159.1,1159.1,1159.1,25,75,1242.13,929.7,1203.8
670,2021-02-06 14:09:00,1159.1,1159.1,1159.1,1159.1,25,75,1242.13,929.7,1203.8
671,2021-02-06 14:10:00,1159.1,1159.1,1159.1,1159.1,25,75,1242.13,929.7,1203.8
672,2021-02-06 14:11:00,1159.1,1159.1,1159.1,1159.1,25,75,1242.13,929.7,1203.8
673,2021-02-06 14:12:00,1159.1,1159.1,1159.1,1159.1,25,75,1242.13,929.7,1203.8
674,2021-02-06 14:13:00,1159.1,1159.1,1159.1,1159.1,25,75,1242.13,929.7,1203.8
675,2021-02-06 14:14:00,1159.1,1159.1,1159.1,1159.1,25,75,1242.13,929.7,1203.8
676,2021-02-06 14:15:00,1159.1,1159.1,1159.1,1159.1,25,75,1242.13,929.7,1203.8
677,2021-02-06 14:16:00,1159.1,1159.1,1159.1,1159.1,25,75,1242.13,929.7,1203.8
678,2021-02-06 14:17:00,1159.1,1159.1,1159.1,1159.1,25,75,1242.13,929.7,1203.8
679,2021-02-06 14:18:00,1159.1,1159.1,1159.1,1159.1,25,75,1242.13,929.7,1203.8
680,2021-02-06 14:19:00,1159.1,1159.1,1159.1,1159.1,25,75,1242.13,929.7,1203.8
681,2021-02-06 14:20:00,1159.1,1159.1,1159.1,1159.1,25,75,1242.13,929.7,1203.8
682,2021-02-06 14:21:00,1159.1,1159.1,1159.1,1159.1,25,75,1242.13,929.7,1203.8
683,2021-02-06 14:22:00,1159.1,1159.1,1159.1,1159.1,25,75,1242.13,929.7,1203.8
684,2021-02-06 14:23:00,1159.1,1159.1,1159.1,1159.1,25,75,1242.13,929.7,1203.8
685,2021-02-06 14:24:00,1159.1,1159.1,1159.1,1159.1,25,75,1242.13,929.7,1203.8
686,2021-02-06 14:25:00,1159.1,1159.1,1159.1,1159.1,25,75,1242.13,929.7,1203.8
687,2021-02-06 14:26:00,1159.1,1159.1,1159.1,1159.1,25,75,1242.13,929.7,1203.8
688,2021-02-06 14:27:00,1159.1,1159.1,1159.1,1159.1,25,75,1242.13,929.7,1203.8
689,2021-02-06 14:28:00,1159.1,1159.1,1159.1,1159.1,25,75,1242.13,929.7,1203.8
690,2021-02-06 14:29:00,1159.1,1159.1,1159.1,1159.1,25,75,1242.13,929.7,1203.8
691,2021-02-06 14:30:00,1159.1,1159.1,1159.1,1159.1,25,75,1242.13,929.7,1203.8
692,2021-02-06 14:31:00,1159.1,1159.1,1159.1,1159.1,25,75,1242.13,929.7,1203.8
693,2021-02-06 14:32:00,1159.1,1159.1,1159.1,1159.1,25,75,1242.13,929.7,1203.8
694,2021-02-06 14:33:00,1159.1,1159.1,1159.1,1159.1,25,75,1242.13,929.7,1203.8
695,2021-02-06 14:34:00,1159.1,1159.1,1159.1,1159.1,25,75,1242.13,929.7,1203.8
696,2021-02-06 14:35:00,1159.1,1159.1,1159.1,1159.1,25,75,1242.13,929.7,1203.8
697,2021-02-06 14:36:00,1159.1,1159.1,1159.1,1159.1,25,75,1242.13,929.7,1203.8
698,2021-02-06 14:37:00,1159.1,1159.1,1159.1,1159.1,25,75,1242.13,929.7,1203.8
699,2021-02-06 14:38:00,1159.1,1159.1,1159.1,1159.1,25,75,1242.13,929.7,1203.8
700,2021-02-06 14:39:00,1159.1,1159.1,1159.1,1159.1,25,75,1242.13,929.7,1203.8
701,2021-02-06 14:40:00,1159.1,1159.1,1159.1,1159.1,25,75,1242.13,929.7,1203.8
702,2021-02-06 14:41:00,1159.1,1159.1,1159.1,1159.1,25,75,1242.13,929.7,1203.8
703,2021-02-06 14:42:00,1159.1,1159.1,1159.1,1159.1,25,75,1242.13,929.7,1203.8
704,2021-02-06 14:43:00,1159.1,1159.1,1159.1,1159.1,25,75,1242.13,929.7,1203.8
705,2021-02-06 14:44:00,1159.1,1159.1,1159.1,1159.1,25,75,1242.13,929.7,1203.8
706,2021-02-06 14:45:00,1159.1,1159.1,1159.1,1159.1,25,75,1242.13,929.7,1203.8
707,2021-02-06 14:46:00,1159.1,1159.1,1159.1,1159.1,25,75,1242.13,929.7,1203.8
708,2021-02-06 14:47:00,1159.1,1159.1,1159.1,1159.1,25,75,1242.13,929.7,1203.8
709,2021-02-06 14:48:00,1159.1,1159.1,1159.1,1159.1,25,75,1242.13,929.7,1203.8
710,2021-02-06 14:49:00,1159.1,1159.1,1159.1,1159.1,25,75,1242.13,929.7,1203.8
711,2021-02-06 14:50:00,1159.1,1159.1,1159.1,1159.1,25,75,1242.13,929.7,1203.8
712,2021-02-06 14:51:00,1159.1,1159.1,1159.1,1159.1,25,75,1242.13,929.7,1203.8
713,2021-02-06 14:52:00,1159.1,1159.1,1159.1,1159.1,25,75,1242.13,929.7,1203.8
714,2021-02-06 14:53:00,1159.1,1159.1,1159.1,1159.1,25,75,1242.13,929.7,1203.8
715,2021-02-06 14:54:00,1159.1,1159.1,1159.1,1159.1,25,75,1242.13,929.7,1203.8
716,2021-02-06 14:55:00,1159.1,1159.1,1159.1,1159.1,25,75,1242.13,929.7,1203.8
717,2021-02-06 14:56:00,1159.1,1159.1,1159.1,1159.1,25,75,1242.13,929.7,1203.8
718,2021-02-06 14:57:00,1159.1,1159.1,1159.1,1159.1,25,75,1242.13,929.7,1203.8
719,2021-02-06 14:58:00,1159.1,1159.1,1159.1,1159.1,25,75,1242.13,929.7,1203.8
720,2021-02-06 14:59:00,1159.1,1159.1,1159.1,1159.1,25,75,1242.13,929.7,1203.8
721,2021-02-06 15:00:00,1159.1,1159.1,1159.1,1159.1,25,75,1242.13,929.7,1203.8
722,2021-02-06 15:01:00,1159.1,1159.1,1159.1,1159.1,25,75,1242.13,929.7,1203.8
723,2021-02-06 15:02:00,1159.1,1159.1,1159.1,1159.1,25,75,1242.13,929.7,1203.8
724,2021-02-06 15:03:00,1159.1,1159.1,1159.1,1159.1,25,75,1242.13,929.7,1203.8
725,2021-02-06 15:04:00,1159.1,1159.1,1159.1,1159.1,25,75,1242.13,929.7,1203.8
726,2021-02-06 15:05:00,1159.1,1159.1,1159.1,1159.1,25,75,1242.13,929.7,1203.8
727,2021-02-06 15:06:00,1159.1,1159.1,1159.1,1159.1,25,75,1242.13,929.7,1203.8
728,2021-02-06 15:07:00,1159.1,1159.1,1159.1,1159.1,25,75,1242.13,929.7,1203.8
729,2021-02-06 15:08:00,1159.1,1159.1,1159.1,1159.1,25,75,1242.13,929.7,1203.8
730,2021-02-06 15:09:00,1159.1,1159.1,1159.1,1159.1,25,75,1242.13,929.7,1203.8
731,2021-02-06 15:10:00,1159.1,1159.1,1159.1,1159.1,25,75,1242.13,929.7,1203.8
732,2021-02-06 15:11:00,1159.1,1159.1,1159.1,1159.1,25,75,1242.13,929.7,1203.8
733,2021-02-06 15:12:00,1159.1,1159.1,1159.1,1159.1,25,75,1242.13,929.7,1203.8
734,2021-02-06 15:13:00,1159.1,1159.1,1159.1,1159.1,25,75,1242.13,929.7,1203.8
735,2021-02-06 15:14:00,1159.1,1159.1,1159.1,1159.1,25,75,1242.13,929.7,1203.8
736,2021-02-06 15:15:00,1159.1,1159.1,1159.1,1159.1,25,75,1242.13,929.7,1203.8
737,2021-02-06 15:16:00,1159.1,1159.1,1159.1,1159.1,25,75,1242.13,929.7,1203.8
738,2021-02-06 15:17:00,1159.1,1159.1,1159.1,1159.1,25,75,1242.13,929.7,1203.8
739,2021-02-06 15:18:00,1159.1,1159.1,1159.1,1159.1,25,75,1242.13,929.7,1203.8
740,2021-02-06 15:19:00,1159.1,1159.1,1159.1,1159.1,25,75,1242.13,929.7,1203.8
741,2021-02-06 15:20:00,1159.1,1159.1,1159.1,1159.1,25,75,1242.13,929.7,1203.8
742,2021-02-06 15:21:00,1159.1,1159.1,1159.1,1159.1,25,75,1242.13,929.7,1203.8
743,2021-02-06 15:22:00,1159.1,1159.1,1159.1,1159.1,25,75,1242.13,929.7,1203.8
744,2021-02-06 15:23:00,1159.1,1159.1,1159.1,1159.1,25,75,1242.13,929.7,1203.8
745,2021-02-06 15:24:00,1159.1,1159.1,1159.1,1159.1,25,75,1242.13,929.7,1203.8
746,2021-02-06 15:25:00,1159.1,1159.1,1159.1,1159.1,25,75,1242.13,929.7,1203.8
747,2021-02-06 15:26:00,1159.1,1159.1,1159.1,1159.1,25,75,1242.13,929.7,1203.8
748,2021-02-06 15:27:00,1159.1,1159.1,1159.1,1159.1,25,75,1242.13,929.7,1203.8
749,2021-02-06 15:28:00,1159.1,1159.1,1159.1,1159.1,25,75,1242.13,929.7,1203.8
750,2021-02-06 15:29:00,1159.1,1159.1,1159.1,1159.1,25,75,1242.13,929.7,1203.8
751,2021-02-06 15:30:00,1159.1,1159.1,1159.1,1159.1,25,75,1242.13,929.7,1203.8
752,2021-02-07 09:15:00,1159.1,1159.1,1159.1,1159.1,25,75,1242.13,929.7,1203.8
753,2021-02-07 09:16:00,1159.1,1159.1,1159.1,1159.1,25,75,1242.13,929.7,1203.8
754,2021-02-07 09:17:00,1159.1,1159.1,1159.1,1159.1,25,75,1242.13,929.7,1203.8
755,2021-02-07 09:18:00,1159.1,1159.1,1159.1,1159.1,25,75,1242.13,929.7,1203.8
756,2021-02-07 09:19:00,1159.1,1159.1,1159.1,1159.1,25,75,1242.13,929.7,1203.8
757,2021-02-07 09:20:00,1159.1,1159.1,1159.1,1159.1,25,75,1242.13,929.7,1203.8
758,2021-02-07 09:21:00,1159.1,1159.1,1159.1,1159.1,25,75,1242.13,929.7,1203.8
759,2021-02-07 09:22:00,1159.1,1159.1,1159.1,1159.1,25,75,1242.13,929.7,1203.8
760,2021-02-07 09:23:00,1159.1,1159.1,1159.1,1159.1,25,75,1242.13,929.7,1203.8
761,2021-02-07 09:24:00,1159.1,1159.1,1159.1,1159.1,25,75,1242.13,929.7,1203.8
762,2021-02-07 09:25:00,1159.1,1159.1,1159.1,1159.1,25,75,1242.13,929.7,1203.8
763,2021-02-07 09:26:00,1159.1,1159.1,1159.1,1159.1,25,75,1242.13,929.7,1203.8
764,2021-02-07 09:27:00,1159.1,1159.1,1159.1,1159.1,25,75,1242.13,929.7,1203.8
765,2021-02-07 09:28:00,1159.1,1159.1,1159.1,1159.1,25,75,1242.13,929.7,1203.8
766,2021-02-07 09:29:00,1159.1,1159.1,1159.1,1159.1,25,75,1242.13,929.7,1203.8
767,2021-02-07 09:30:00,1159.1,1159.1,1159.1,1159.1,25,75,1242.13,929.7,1203.8
768,2021-02-07 09:31:00,1159.1,1159.1,1159.1,1159.1,25,75,1242.13,929.7,1203.8
769,2021-02-07 09:32:00,1159.1,1159.1,1159.1,1159.1,25,75,1242.13,929.7,1203.8
770,2021-02-07 09:33:00,1159.1,1159.1,1159.1,1159.1,25,75,1242.13,929.7,1203.8
771,2021-02-07 09:34:00,1159.1,1159.1,1159.1,1159.1,25,75,1242.13,929.7,1203.8
772,2021-02-07 09:35:00,1159.1,1159.1,1159.1,1159.1,25,75,1242.13,929.7,1203.8
773,2021-02-07 09:36:00,1159.1,1159.1,1159.1,1159.1,25,75,1242.13,929.7,1203.8
774,2021-02-07 09:37:00,1159.1,1159.1,1159.1,1159.1,25,75,1242.13,929.7,1203.8
775,2021-02-07 09:38:00,1159.1,1159.1,1159.1,1159.1,25,75,1242.13,929.7,1203.8
776,2021-02-07 09:39:00,1159.1,1159.1,1159.1,1159.1,25,75,1242.13,929.7,1203.8
777,2021-02-07 09:40:00,1159.1,1159.1,1159.1,1159.1,25,75,1242.13,929.7,1203.8
778,2021-02-07 09:41:00,1159.1,1159.1,1159.1,1159.1,25,75,1242.13,929.7,1203.8
779,2021-02-07 09:42:00,1159.1,1159.1,1159.1,1159.1,25,75,1242.13,929.7,1203.8
780,2021-02-07 09:43:00,1159.1,1159.1,1159.1,1159.1,25,75,1242.13,929.7,1203.8
781,2021-02-07 09:44:00,1159.1,1159.1,1159.1,1159.1,25,75,1242.13,929.7,1203.8
782,2021-02-07 09:45:00,1159.1,1159.1,1159.1,1159.1,25,75,1242.13,929.7,1203.8
783,2021-02-07 09:46:00,1159.1,1159.1,1159.1,1159.1,25,75,1242.13,929.7,1203.8
784,2021-02-07 09:47:00,1159.1,1159.1,1159.1,1159.1,25,75,1242.13,929.7,1203.8
785,2021-02-07 09:48:00,1159.1,1159.1,1159.1,1159.1,25,75,1242.13,929.7,1203.8
786,2021-02-07 09:49:00,1159.1,1159.1,1159.1,1159.1,25,75,1242.13,929.7,1203.8
787,2021-02-07 09:50:00,1159.1,1159.1,1159.1,1159.1,25,75,1242.13,929.7,1203.8
788,2021-02-07 09:51:00,1159.1,1159.1,1159.1,1159.1,25,75,1242.13,929.7,1203.8
789,2021-02-07 09:52:00,1159.1,1159.1,1159.1,1159.1,25,75,1242.13,929.7,1203.8
790,2021-02-07 09:53:00,1159.1,1159.1,1159.1,1159.1,25,75,1242.13,929.7,1203.8
791,2021-02-07 09:54:00,1159.1,1159.1,1159.1,1159.1,25,75,1242.13,929.7,1203.8
792,2021-02-07 09:55:00,1159.1,1159.1,1159.1,1159.1,25,75,1242.13,929.7,1203.8
793,2021-02-07 09:56:00,1159.1,1159.1,1159.1,1159.1,25,75,1242.13,929.7,1203.8
794,2021-02-07 09:57:00,1159.1,1159.1,1159.1,1159.1,25,75,1242.13,929.7,1203.8
795,2021-02-07 09:58:00,1159.1,1159.1,1159.1,1159.1,25,75,1242.13,929.7,1203.8
796,2021-02-07 09:59:00,1159.1,1159.1,1159.1,1159.1,25,75,1242.13,929.7,1203.8
797,2021-02-07 10:00:00,1159.1,1159.1,1159.1,1159.1,25,75,1242.13,929.7,1203.8
798,2021-02-07 10:01:00,1159.1,1159.1,1159.1,1159.1,25,75,1242.13,929.7,1203.8
799,2021-02-07 10:02:00,1159.1,1159.1,1159.1,1159.1,25,75,1242.13,929.7,1203.8
800,2021-02-07 10:03:00,1159.1,1159.1,1159.1,1159.1,25,75,1242.13,929.7,1203.8
801,2021-02-07 10:04:00,1159.1,1159.1,1159.1,1159.1,25,75,1242.13,929.7,1203.8
802,2021-02-07 10:05:00,1159.1,1159.1,1159.1,1159.1,25,75,1242.13,929.7,1203.8
803,2021-02-07 10:06:00,1159.1,1159.1,1159.1,1159.1,25,75,1242.13,929.7,1203.8
804,2021-02-07 10:07:00,1159.1,1159.1,1159.1,1159.1,25,75,1242.13,929.7,1203.8
805,2021-02-07 10:08:00,1159.1,1159.1,1159.1,1159.1,25,75,1242.13,929.7,1203.8
806,2021-02-07 10:09:00,1159.1,1159.1,1159.1,1159.1,25,75,1242.13,929.7,1203.8
807,2021-02-07 10:10:00,1159.1,1159.1,1159.1,1159.1,25,75,1242.13,929.7,1203.8
808,2021-02-07 10:11:00,1159.1,1159.1,1159.1,1159.1,25,75,1242.13,929.7,1203.8
809,2021-02-07 10:12:00,1159.1,1159.1,1159.1,1159.1,25,75,1242.13,929.7,1203.8
810,2021-02-07 10:13:00,1159.1,1159.1,1159.1,1159.1,25,75,1242.13,929.7,1203.8
811,2021-02-07 10:14:00,1159.1,1159.1,1159.1,1159.1,25,75,1242.13,929.7,1203.8
812,2021-02-07 10:15:00,1159.1,1159.1,1159.1,1159.1,25,75,1242.13,929.7,1203.8
813,2021-02-07 10:16:00,1159.1,1159.1,1159.1,1159.1,25,75,1242.13,929.7,1203.8
814,2021-02-07 10:17:00,1159.1,1159.1,1159.1,1159.1,25,75,1242.13,929.7,1203.8
815,2021-02-07 10:18:00,1159.1,1159.1,1159.1,1159.1,25,75,1242.13,929.7,1203.8
816,2021-02-07 10:19:00,1159.1,1159.1,1159.1,1159.1,25,75,1242.13,929.7,1203.8
817,2021-02-07 10:20:00,1159.1,1159.1,1159.1,1159.1,25,75,1242.13,929.7,1203.8
818,2021-02-07 10:21:00,1159.1,1159.1,1159.1,1159.1,25,75,1242.13,929.7,1203.8
819,2021-02-07 10:22:00,1159.1,1159.1,1159.1,1159.1,25,75,1242.13,929.7,1203.8
820,2021-02-07 10:23:00,1159.1,1159.1,1159.1,1159.1,25,75,1242.13,929.7,1203.8
821,2021-02-07 10:24:00,1159.1,1159.1,1159.1,1159.1,25,75,1242.13,929.7,1203.8
822,2021-02-07 10:25:00,1159.1,1159.1,1159.1,1159.1,25,75,1242.13,929.7,1203.8
823,2021-02-07 10:26:00,1159.1,1159.1,1159.1,1159.1,25,75,1242.13,929.7,1203.8
824,2021-02-07 10:27:00,1159.1,1159.1,1159.1,1159.1,25,75,1242.13,929.7,1203.8
825,2021-02-07 10:28:00,1159.1,1159.1,1159.1,1159.1,25,75,1242.13,929.7,1203.8
826,2021-02-07 10:29:00,1159.1,1159.1,1159.1,1159.1,25,75,1242.13,929.7,1203.8
827,2021-02-07 10:30:00,1159.1,1159.1,1159.1,1159.1,25,75,1242.13,929.7,1203.8
828,2021-02-07 10:31:00,1159.1,1159.1,1159.1,1159.1,25,75,1242.13,929.7,1203.8
829,2021-02-07 10:32:00,1159.1,1159.1,1159.1,1159.1,25,75,1242.13,929.7,1203.8
830,2021-02-07 10:33:00,1159.1,1159.1,1159.1,1159.1,25,75,1242.13,929.7,1203.8
831,2021-02-07 10:34:00,1159.1,1159.1,1159.1,1159.1,25,75,1242.13,929.7,1203.8
832,2021-02-07 10:35:00,1159.1,1159.1,1159.1,1159.1,25,75,1242.13,929.7,1203.8
833,2021-02-07 10:36:00,1159.1,1159.1,1159.1,1159.1,25,75,1242.13,929.7,1203.8
834,2021-02-07 10:37:00,1159.1,1159.1,1159.1,1159.1,25,75,1242.13,929.7,1203.8
835,2021-02-07 10:38:00,1159.1,1159.1,1159.1,1159.1,25,75,1242.13,929.7,1203.8
836,2021-02-07 10:39:00,1159.1,1159.1,1159.1,1159.1,25,75,1242.13,929.7,1203.8
837,2021-02-07 10:40:00,1159.1,1159.1,1159.1,1159.1,25,75,1242.13,929.7,1203.8
838,2021-02-07 10:41:00,1159.1,1159.1,1159.1,1159.1,25,75,1242.13,929.7,1203.8
839,2021-02-07 10:42:00,1159.1,1159.1,1159.1,1159.1,25,75,1242.13,929.7,1203.8
840,2021-02-07 10:43:00,1159.1,1159.1,1159.1,1159.1,25,75,1242.13,929.7,1203.8
841,2021-02-07 10:44:00,1159.1,1159.1,1159.1,1159.1,25,75,1242.13,929.7,1203.8
842,2021-02-07 10:45:00,1159.1,1159.1,1159.1,1159.1,25,75,1242.13,929.7,1203.8
843,2021-02-07 10:46:00,1159.1,1159.1,1159.1,1159.1,25,75,1242.13,929.7,1203.8
844,2021-02-07 10:47:00,1159.1,1159.1,1159.1,1159.1,25,75,1242.13,929.7,1203.8
845,2021-02-07 10:48:00,1159.1,1159.1,1159.1,1159.1,25,75,1242.13,929.7,1203.8
846,2021-02-07 10:49:00,1159.1,1159.1,1159.1,1159.1,25,75,1242.13,929.7,1203.8
847,2021-02-07 10:50:00,1159.1,1159.1,1159.1,1159.1,25,75,1242.13,929.7,1203.8
848,2021-02-07 10:51:00,1159.1,1159.1,1159.1,1159.1,25,75,1242.13,929.7,1203.8
849,2021-02-07 10:52:00,1159.1,1159.1,1159.1,1159.1,25,75,1242.13,929.7,1203.8
850,2021-02-07 10:53:00,1159.1,1159.1,1159.1,1159.1,25,75,1242.13,929.7,1203.8
851,2021-02-07 10:54:00,1159.1,1159.1,1159.1,1159.1,25,75,1242.13,929.7,1203.8
852,2021-02-07 10:55:00,1159.1,1159.1,1159.1,1159.1,25,75,1242.13,929.7,1203.8
853,2021-02-07 10:56:00,1159.1,1159.1,1159.1,1159.1,25,75,1242.13,929.7,1203.8
854,2021-02-07 10:57:00,1159.1,1159.1,1159.1,1159.1,25,75,1242.13,929.7,1203.8
855,2021-02-07 10:58:00,1159.1,1159.1,1159.1,1159.1,25,75,1242.13,929.7,1203.8
856,2021-02-07 10:59:00,1159.1,1159.1,1159.1,1159.1,25,75,1242.13,929.7,1203.8
857,2021-02-07 11:00:00,1159.1,1159.1,1159.1,1159.1,25,75,1242.13,929.7,1203.8
858,2021-02-07 11:01:00,1159.1,1159.1,1159.1,1159.1,25,75,1242.13,929.7,1203.8
859,2021-02-07 11:02:00,1159.1,1159.1,1159.1,1159.1,25,75,1242.13,929.7,1203.8
860,2021-02-07 11:03:00,1159.1,1159.1,1159.1,1159.1,25,75,1242.13,929.7,1203.8
861,2021-02-07 11:04:00,1159.1,1159.1,1159.1,1159.1,25,75,1242.13,929.7,1203.8
862,2021-02-07 11:05:00,1159.1,1159.1,1159.1,1159.1,25,75,1242.13,929.7,1203.8
863,2021-02-07 11:06:00,1159.1,1159.1,1159.1,1159.1,25,75,1242.13,929.7,1203.8
864,2021-02-07 11:07:00,1159.1,1159.1,1159.1,1159.1,25,75,1242.13,929.7,1203.8
865,2021-02-07 11:08:00,1159.1,1159.1,1159.1,1159.1,25,75,1242.13,929.7,1203.8
866,2021-02-07 11:09:00,1159.1,1159.1,1159.1,1159.1,25,75,1242.13,929.7,1203.8
867,2021-02-07 11:10:00,1159.1,1159.1,1159.1,1159.1,25,75,1242.13,929.7,1203.8
868,2021-02-07 11:11:00,1159.1,1159.1,1159.1,1159.1,25,75,1242.13,929.7,1203.8
869,2021-02-07 11:12:00,1159.1,1159.1,1159.1,1159.1,25,75,1242.13,929.7,1203.8
870,2021-02-07 11:13:00,1159.1,1159.1,1159.1,1159.1,25,75,1242.13,929.7,1203.8
871,2021-02-07 11:14:00,1159.1,1159.1,1159.1,1159.1,25,75,1242.13,929.7,1203.8
872,2021-02-07 11:15:00,1159.1,1159.1,1159.1,1159.1,25,75,1242.13,929.7,1203.8
873,2021-02-07 11:16:00,1159.1,1159.1,1159.1,1159.1,25,75,1242.13,929.7,1203.8
874,2021-02-07 11:17:00,1159.1,1159.1,1159.1,1159.1,25,75,1242.13,929.7,1203.8
875,2021-02-07 11:18:00,1159.1,1159.1,1159.1,1159.1,25,75,1242.13,929.7,1203.8
876,2021-02-07 11:19:00,1159.1,1159.1,1159.1,1159.1,25,75,1242.13,929.7,1203.8
877,2021-02-07 11:20:00,1159.1,1159.1,1159.1,1159.1,25,75,1242.13,929.7,1203.8
878,2021-02-07 11:21:00,1159.1,1159.1,1159.1,1159.1,25,75,1242.13,929.7,1203.8
879,2021-02-07 11:22:00,1159.1,1159.1,1159.1,1159.1,25,75,1242.13,929.7,1203.8
880,2021-02-07 11:23:00,1159.1,1159.1,1159.1,1159.1,25,75,1242.13,929.7,1203.8
881,2021-02-07 11:24:00,1159.1,1159.1,1159.1,1159.1,25,75,1242.13,929.7,1203.8
882,2021-02-07 11:25:00,1159.1,1159.1,1159.1,1159.1,25,75,1242.13,929.7,1203.8
883,2021-02-07 11:26:00,1159.1,1159.1,1159.1,1159.1,25,75,1242.13,929.7,1203.8
884,2021-02-07 11:27:00,1159.1,1159.1,1159.1,1159.1,25,75,1242.13,929.7,1203.8
885,2021-02-07 11:28:00,1159.1,1159.1,1159.1,1159.1,25,75,1242.13,929.7,1203.8
886,2021-02-07 11:29:00,1159.1,1159.1,1159.1,1159.1,25,75,1242.13,929.7,1203.8
887,2021-02-07 11:30:00,1159.1,1159.1,1159.1,1159.1,25,75,1242.13,929.7,1203.8
888,2021-02-07 11:31:00,1159.1,1159.1,1159.1,1159.1,25,75,1242.13,929.7,1203.8
889,2021-02-07 11:32:00,1159.1,1159.1,1159.1,1159.1,25,75,1242.13,929.7,1203.8
890,2021-02-07 11:33:00,1159.1,1159.1,1159.1,1159.1,25,75,1242.13,929.7,1203.8
891,2021-02-07 11:34:00,1159.1,1159.1,1159.1,1159.1,25,75,1242.13,929.7,1203.8
892,2021-02-07 11:35:00,1159.1,1159.1,1159.1,1159.1,25,75,1242.13,929.7,1203.8
893,2021-02-07 11:36:00,1159.1,1159.1,1159.1,1159.1,25,75,1242.13,929.7,1203.8
894,2021-02-07 11:37:00,1159.1,1159.1,1159.1,1159.1,25,75,1242.13,929.7,1203.8
895,2021-02-07 11:38:00,1159.1,1159.1,1159.1,1159.1,25,75,1242.13,929.7,1203.8
896,2021-02-07 11:39:00,1159.1,1159.1,1159.1,1159.1,25,75,1242.13,929.7,1203.8
897,2021-02-07 11:40:00,1159.1,1159.1,1159.1,1159.1,25,75,1242.13,929.7,1203.8
898,2021-02-07 11:41:00,1159.1,1159.1,1159.1,1159.1,25,75,1242.13,929.7,1203.8
899,2021-02-07 11:42:00,1159.1,1159.1,1159.1,1159.1,25,75,1242.13,929.7,1203.8
900,2021-02-07 11:43:00,1159.1,1159.1,1159.1,1159.1,25,75,1242.13,929.7,1203.8
901,2021-02-07 11:44:00,1159.1,1159.1,1159.1,1159.1,25,75,1242.13,929.7,1203.8
902,2021-02-07 11:45:00,1159.1,1159.1,1159.1,1159.1,25,75,1242.13,929.7,1203.8
903,2021-02-07 11:46:00,1159.1,1159.1,1159.1,1159.1,25,75,1242.13,929.7,1203.8
904,2021-02-07 11:47:00,1159.1,1159.1,1159.1,1159.1,25,75,1242.13,929.7,1203.8
905,2021-02-07 11:48:00,1159.1,1159.1,1159.1,1159.1,25,75,1242.13,929.7,1203.8
906,2021-02-07 11:49:00,1159.1,1159.1,1159.1,1159.1,25,75,1242.13,929.7,1203.8
907,2021-02-07 11:50:00,1159.1,1159.1,1159.1,1159.1,25,75,1242.13,929.7,1203.8
908,2021-02-07 11:51:00,1159.1,1159.1,1159.1,1159.1,25,75,1242.13,929.7,1203.8
909,2021-02-07 11:52:00,1159.1,1159.1,1159.1,1159.1,25,75,1242.13,929.7,1203.8
910,2021-02-07 11:53:00,1159.1,1159.1,1159.1,1159.1,25,75,1242.13,929.7,1203.8
911,2021-02-07 11:54:00,1159.1,1159.1,1159.1,1159.1,25,75,1242.13,929.7,1203.8
912,2021-02-07 11:55:00,1159.1,1159.1,1159.1,1159.1,25,75,1242.13,929.7,1203.8
913,2021-02-07 11:56:00,1159.1,1159.1,1159.1,1159.1,25,75,1242.13,929.7,1203.8
914,2021-02-07 11:57:00,1159.1,1159.1,1159.1,1159.1,25,75,1242.13,929.7,1203.8
915,2021-02-07 11:58:00,1159.1,1159.1,1159.1,1159.1,25,75,1242.13,929.7,1203.8
916,2021-02-07 11:59:00,1159.1,1159.1,1159.1,1159.1,25,75,1242.13,929.7,1203.8
917,2021-02-07 12:00:00,1159.1,1159.1,1159.1,1159.1,25,75,1242.13,929.7,1203.8
918,2021-02-07 12:01:00,1159.1,1159.1,1159.1,1159.1,25,75,1242.13,929.7,1203.8
919,2021-02-07 12:02:00,1159.1,1159.1,1159.1,1159.1,25,75,1242.13,929.7,1203.8
920,2021-02-07 12:03:00,1159.1,1159.1,1159.1,1159.1,25,75,1242.13,929.7,1203.8
921,2021-02-07 12:04:00,1159.1,1159.1,1159.1,1159.1,25,75,1242.13,929.7,1203.8
922,2021-02-07 12:05:00,1159.1,1159.1,1159.1,1159.1,25,75,1242.13,929.7,1203.8
923,2021-02-07 12:06:00,1159.1,1159.1,1159.1,1159.1,25,75,1242.13,929.7,1203.8
924,2021-02-07 12:07:00,1159.1,1159.1,1159.1,1159.1,25,75,1242.13,929.7,1203.8
925,2021-02-07 12:08:00,1159.1,1159.1,1159.1,1159.1,25,75,1242.13,929.7,1203.8
926,2021-02-07 12:09:00,1159.1,1159.1,1159.1,1159.1,25,75,1242.13,929.7,1203.8
927,2021-02-07 12:10:00,1159.1,1159.1,1159.1,1159.1,25,75,1242.13,929.7,1203.8
928,2021-02-07 12:11:00,1159.1,1159.1,1159.1,1159.1,25,75,1242.13,929.7,1203.8
929,2021-02-07 12:12:00,1159.1,1159.1,1159.1,1159.1,25,75,1242.13,929.7,1203.8
930,2021-02-07 12:13:00,1159.1,1159.1,1159.1,1159.1,25,75,1242.13,929.7,1203.8
931,2021-02-07 12:14:00,1159.1,1159.1,1159.1,1159.1,25,75,1242.13,929.7,1203.8
932,2021-02-07 12:15:00,1159.1,1159.1,1159.1,1159.1,25,75,1242.13,929.7,1203.8
933,2021-02-07 12:16:00,1159.1,1159.1,1159.1,1159.1,25,75,1242.13,929.7,1203.8
934,2021-02-07 12:17:00,1159.1,1159.1,1159.1,1159.1,25,75,1242.13,929.7,1203.8
935,2021-02-07 12:18:00,1159.1,1159.1,1159.1,1159.1,25,75,1242.13,929.7,1203.8
936,2021-02-07 12:19:00,1159.1,1159.1,1159.1,1159.1,25,75,1242.13,929.7,1203.8
937,2021-02-07 12:20:00,1159.1,1159.1,1159.1,1159.1,25,75,1242.13,929.7,1203.8
938,2021-02-07 12:21:00,1159.1,1159.1,1159.1,1159.1,25,75,1242.13,929.7,1203.8
939,2021-02-07 12:22:00,1159.1,1159.1,1159.1,1159.1,25,75,1242.13,929.7,1203.8
940,2021-02-07 12:23:00,1159.1,1159.1,1159.1,1159.1,25,75,1242.13,929.7,1203.8
941,2021-02-07 12:24:00,1159.1,1159.1,1159.1,1159.1,25,75,1242.13,929.7,1203.8
942,2021-02-07 12:25:00,1159.1,1159.1,1159.1,1159.1,25,75,1242.13,929.7,1203.8
943,2021-02-07 12:26:00,1159.1,1159.1,1159.1,1159.1,25,75,1242.13,929.7,1203.8
944,2021-02-07 12:27:00,1159.1,1159.1,1159.1,1159.1,25,75,1242.13,929.7,1203.8
945,2021-02-07 12:28:00,1159.1,1159.1,1159.1,1159.1,25,75,1242.13,929.7,1203.8
946,2021-02-07 12:29:00,1159.1,1159.1,1159.1,1159.1,25,75,1242.13,929.7,1203.8
947,2021-02-07 12:30:00,1159.1,1159.1,1159.1,1159.1,25,75,1242.13,929.7,1203.8
948,2021-02-07 12:31:00,1159.1,1159.1,1159.1,1159.1,25,75,1242.13,929.7,1203.8
949,2021-02-07 12:32:00,1159.1,1159.1,1159.1,1159.1,25,75,1242.13,929.7,1203.8
950,2021-02-07 12:33:00,1159.1,1159.1,1159.1,1159.1,25,75,1242.13,929.7,1203.8
951,2021-02-07 12:34:00,1159.1,1159.1,1159.1,1159.1,25,75,1242.13,929.7,1203.8
952,2021-02-07 12:35:00,1159.1,1159.1,1159.1,1159.1,25,75,1242.13,929.7,1203.8
953,2021-02-07 12:36:00,1159.1,1159.1,1159.1,1159.1,25,75,1242.13,929.7,1203.8
954,2021-02-07 12:37:00,1159.1,1159.1,1159.1,1159.1,25,75,1242.13,929.7,1203.8
955,2021-02-07 12:38:00,1159.1,1159.1,1159.1,1159.1,25,75,1242.13,929.7,1203.8
956,2021-02-07 12:39:00,1159.1,1159.1,1159.1,1159.1,25,75,1242.13,929.7,1203.8
957,2021-02-07 12:40:00,1159.1,1159.1,1159.1,1159.1,25,75,1242.13,929.7,1203.8
958,2021-02-07 12:41:00,1159.1,1159.1,1159.1,1159.1,25,75,1242.13,929.7,1203.8
959,2021-02-07 12:42:00,1159.1,1159.1,1159.1,1159.1,25,75,1242.13,929.7,1203.8
960,2021-02-07 12:43:00,1159.1,1159.1,1159.1,1159.1,25,75,1242.13,929.7,1203.8
961,2021-02-07 12:44:00,1159.1,1159.1,1159.1,1159.1,25,75,1242.13,929.7,1203.8
962,2021-02-07 12:45:00,1159.1,1159.1,1159.1,1159.1,25,75,1242.13,929.7,1203.8
963,2021-02-07 12:46:00,1159.1,1159.1,1159.1,1159.1,25,75,1242.13,929.7,1203.8
964,2021-02-07 12:47:00,1159.1,1159.1,1159.1,1159.1,25,75,1242.13,929.7,1203.8
965,2021-02-07 12:48:00,1159.1,1159.1,1159.1,1159.1,25,75,1242.13,929.7,1203.8
966,2021-02-07 12:49:00,1159.1,1159.1,1159.1,1159.1,25,75,1242.13,929.7,1203.8
967,2021-02-07 12:50:00,1159.1,1159.1,1159.1,1159.1,25,75,1242.13,929.7,1203.8
968,2021-02-07 12:51:00,1159.1,1159.1,1159.1,1159.1,25,75,1242.13,929.7,1203.8
969,2021-02-07 12:52:00,1159.1,1159.1,1159.1,1159.1,25,75,1242.13,929.7,1203.8
970,2021-02-07 12:53:00,1159.1,1159.1,1159.1,1159.1,25,75,1242.13,929.7,1203.8
971,2021-02-07 12:54:00,1159.1,1159.1,1159.1,1159.1,25,75,1242.13,929.7,1203.8
972,2021-02-07 12:55:00,1159.1,1159.1,1159.1,1159.1,25,75,1242.13,929.7,1203.8
973,2021-02-07 12:56:00,1159.1,1159.1,1159.1,1159.1,25,75,1242.13,929.7,1203.8
974,2021-02-07 12:57:00,1159.1,1159.1,1159.1,1159.1,25,75,1242.13,929.7,1203.8
975,2021-02-07 12:58:00,1159.1,1159.1,1159.1,1159.1,25,75,1242.13,929.7,1203.8
976,2021-02-07 12:59:00,1159.1,1159.1,1159.1,1159.1,25,75,1242.13,929.7,1203.8
977,2021-02-07 13:00:00,1159.1,1159.1,1159.1,1159.1,25,75,1242.13,929.7,1203.8
978,2021-02-07 13:01:00,1159.1,1159.1,1159.1,1159.1,25,75,1242.13,929.7,1203.8
979,2021-02-07 13:02:00,1159.1,1159.1,1159.1,1159.1,25,75,1242.13,929.7,1203.8
980,2021-02-07 13:03:00,1159.1,1159.1,1159.1,1159.1,25,75,1242.13,929.7,1203.8
981,2021-02-07 13:04:00,1159.1,1159.1,1159.1,1159.1,25,75,1242.13,929.7,1203.8
982,2021-02-07 13:05:00,1159.1,1159.1,1159.1,1159.1,25,75,1242.13,929.7,1203.8
983,2021-02-07 13:06:00,1159.1,1159.1,1159.1,1159.1,25,75,1242.13,929.7,1203.8
984,2021-02-07 13:07:00,1159.1,1159.1,1159.1,1159.1,25,75,1242.13,929.7,1203.8
985,2021-02-07 13:08:00,1159.1,1159.1,1159.1,1159.1,25,75,1242.13,929.7,1203.8
986,2021-02-07 13:09:00,1159.1,1159.1,1159.1,1159.1,25,75,1242.13,929.7,1203.8
987,2021-02-07 13:10:00,1159.1,1159.1,1159.1,1159.1,25,75,1242.13,929.7,1203.8
988,2021-02-07 13:11:00,1159.1,1159.1,1159.1,1159.1,25,75,1242.13,929.7,1203.8
989,2021-02-07 13:12:00,1159.1,1159.1,1159.1,1159.1,25,75,1242.13,929.7,1203.8
990,2021-02-07 13:13:00,1159.1,1159.1,1159.1,1159.1,25,75,1242.13,929.7,1203.8
991,2021-02-07 13:14:00,1159.1,1159.1,1159.1,1159.1,25,75,1242.13,929.7,1203.8
992,2021-02-07 13:15:00,1159.1,1159.1,1159.1,1159.1,25,75,1242.13,929.7,1203.8
993,2021-02-07 13:16:00,1159.1,1159.1,1159.1,1159.1,25,75,1242.13,929.7,1203.8
994,2021-02-07 13:17:00,1159.1,1159.1,1159.1,1159.1,25,75,1242.13,929.7,1203.8
995,2021-02-07 13:18:00,1159.1,1159.1,1159.1,1159.1,25,75,1242.13,929.7,1203.8
996,2021-02-07 13:19:00,1159.1,1159.1,1159.1,1159.1,25,75,1242.13,929.7,1203.8
997,2021-02-07 13:20:00,1159.1,1159.1,1159.1,1159.1,25,75,1242.13,929.7,1203.8
998,2021-02-07 13:21:00,1159.1,1159.1,1159.1,1159.1,25,75,1242.13,929.7,1203.8
999,2021-02-07 13:22:00,1159.1,1159.1,1159.1,1159.1,25,75,1242.13,929.7,1203.8
1000,2021-02-07 13:23:00,1159.1,1159.1,1159.1,1159.1,25,75,1242.13,929.7,1203.8
1001,2021-02-07 13:24:00,1159.1,1159.1,1159.1,1159.1,25,75,1242.13,929.7,1203.8
1002,2021-02-07 13:25:00,1159.1,1159.1,1159.1,1159.1,25,75,1242.13,929.7,1203.8
1003,2021-02-07 13:26:00,1159.1,1159.1,1159.1,1159.1,25,75,1242.13,929.7,1203.8
1004,2021-02-07 13:27:00,1159.1,1159.1,1159.1,1159.1,25,75,1242.13,929.7,1203.8
1005,2021-02-07 13:28:00,1159.1,1159.1,1159.1,1159.1,25,75,1242.13,929.7,1203.8
1006,2021-02-07 13:29:00,1159.1,1159.1,1159.1,1159.1,25,75,1242.13,929.7,1203.8
1007,2021-02-07 13:30:00,1159.1,1159.1,1159.1,1159.1,25,75,1242.13,929.7,1203.8
1008,2021-02-07 13:31:00,1159.1,1159.1,1159.1,1159.1,25,75,1242.13,929.7,1203.8
1009,2021-02-07 13:32:00,1159.1,1159.1,1159.1,1159.1,25,75,1242.13,929.7,1203.8
1010,2021-02-07 13:33:00,1159.1,1159.1,1159.1,1159.1,25,75,1242.13,929.7,1203.8
1011,2021-02-07 13:34:00,1159.1,1159.1,1159.1,1159.1,25,75,1242.13,929.7,1203.8
1012,2021-02-07 13:35:00,1159.1,1159.1,1159.1,1159.1,25,75,1242.13,929.7,1203.8
1013,2021-02-07 13:36:00,1159.1,1159.1,1159.1,1159.1,25,75,1242.13,929.7,1203.8
1014,2021-02-07 13:37:00,1159.1,1159.1,1159.1,1159.1,25,75,1242.13,929.7,1203.8
1015,2021-02-07 13:38:00,1159.1,1159.1,1159.1,1159.1,25,75,1242.13,929.7,1203.8
1016,2021-02-07 13:39:00,1159.1,1159.1,1159.1,1159.1,25,75,1242.13,929.7,1203.8
1017,2021-02-07 13:40:00,1159.1,1159.1,1159.1,1159.1,25,75,1242.13,929.7,1203.8
1018,2021-02-07 13:41:00,1159.1,1159.1,1159.1,1159.1,25,75,1242.13,929.7,1203.8
1019,2021-02-07 13:42:00,1159.1,1159.1,1159.1,1159.1,25,75,1242.13,929.7,1203.8
1020,2021-02-07 13:43:00,1159.1,1159.1,1159.1,1159.1,25,75,1242.13,929.7,1203.8
1021,2021-02-07 13:44:00,1159.1,1159.1,1159.1,1159.1,25,75,1242.13,929.7,1203.8
1022,2021-02-07 13:45:00,1159.1,1159.1,1159.1,1159.1,25,75,1242.13,929.7,1203.8
1023,2021-02-07 13:46:00,1159.1,1159.1,1159.1,1159.1,25,75,1242.13,929.7,1203.8
1024,2021-02-07 13:47:00,1159.1,1159.1,1159.1,1159.1,25,75,1242.13,929.7,1203.8
1025,2021-02-07 13:48:00,1159.1,1159.1,1159.1,1159.1,25,75,1242.13,929.7,1203.8
1026,2021-02-07 13:49:00,1159.1,1159.1,1159.1,1159.1,25,75,1242.13,929.7,1203.8
1027,2021-02-07 13:50:00,1159.1,1159.1,1159.1,1159.1,25,75,1242.13,929.7,1203.8
1028,2021-02-07 13:51:00,1159.1,1159.1,1159.1,1159.1,25,75,1242.13,929.7,1203.8
1029,2021-02-07 13:52:00,1159.1,1159.1,1159.1,1159.1,25,75,1242.13,929.7,1203.8
1030,2021-02-07 13:53:00,1159.1,1159.1,1159.1,1159.1,25,75,1242.13,929.7,1203.8
1031,2021-02-07 13:54:00,1159.1,1159.1,1159.1,1159.1,25,75,1242.13,929.7,1203.8
1032,2021-02-07 13:55:00,1159.1,1159.1,1159.1,1159.1,25,75,1242.13,929.7,1203.8
1033,2021-02-07 13:56:00,1159.1,1159.1,1159.1,1159.1,25,75,1242.13,929.7,1203.8
1034,2021-02-07 13:57:00,1159.1,1159.1,1159.1,1159.1,25,75,1242.13,929.7,1203.8
1035,2021-02-07 13:58:00,1159.1,1159.1,1159.1,1159.1,25,75,1242.13,929.7,1203.8
1036,2021-02-07 13:59:00,1159.1,1159.1,1159.1,1159.1,25,75,1242.13,929.7,1203.8
1037,2021-02-07 14:00:00,1159.1,1159.1,1159.1,1159.1,25,75,1242.13,929.7,1203.8
1038,2021-02-07 14:01:00,1159.1,1159.1,1159.1,1159.1,25,75,1242.13,929.7,1203.8
1039,2021-02-07 14:02:00,1159.1,1159.1,1159.1,1159.1,25,75,1242.13,929.7,1203.8
1040,2021-02-07 14:03:00,1159.1,1159.1,1159.1,1159.1,25,75,1242.13,929.7,1203.8
1041,2021-02-07 14:04:00,1159.1,1159.1,1159.1,1159.1,25,75,1242.13,929.7,1203.8
1042,2021-02-07 14:05:00,1159.1,1159.1,1159.1,1159.1,25,75,1242.13,929.7,1203.8
1043,2021-02-07 14:06:00,1159.1,1159.1,1159.1,1159.1,25,75,1242.13,929.7,1203.8
1044,2021-02-07 14:07:00,1159.1,1159.1,1159.1,1159.1,25,75,1242.13,929.7,1203.8
1045,2021-02-07 14:08:00,1159.1,1159.1,1159.1,1159.1,25,75,1242.13,929.7,1203.8
1046,2021-02-07 14:09:00,1159.1,1159.1,1159.1,1159.1,25,75,1242.13,929.7,1203.8
1047,2021-02-07 14:10:00,1159.1,1159.1,1159.1,1159.1,25,75,1242.13,929.7,1203.8
1048,2021-02-07 14:11:00,1159.1,1159.1,1159.1,1159.1,25,75,1242.13,929.7,1203.8
1049,2021-02-07 14:12:00,1159.1,1159.1,1159.1,1159.1,25,75,1242.13,929.7,1203.8
1050,2021-02-07 14:13:00,1159.1,1159.1,1159.1,1159.1,25,75,1242.13,929.7,1203.8
1051,2021-02-07 14:14:00,1159.1,1159.1,1159.1,1159.1,25,75,1242.13,929.7,1203.8
1052,2021-02-07 14:15:00,1159.1,1159.1,1159.1,1159.1,25,75,1242.13,929.7,1203.8
1053,2021-02-07 14:16:00,1159.1,1159.1,1159.1,1159.1,25,75,1242.13,929.7,1203.8
1054,2021-02-07 14:17:00,1159.1,1159.1,1159.1,1159.1,25,75,1242.13,929.7,1203.8
1055,2021-02-07 14:18:00,1159.1,1159.1,1159.1,1159.1,25,75,1242.13,929.7,1203.8
1056,2021-02-07 14:19:00,1159.1,1159.1,1159.1,1159.1,25,75,1242.13,929.7,1203.8
1057,2021-02-07 14:20:00,1159.1,1159.1,1159.1,1159.1,25,75,1242.13,929.7,1203.8
1058,2021-02-07 14:21:00,1159.1,1159.1,1159.1,1159.1,25,75,1242.13,929.7,1203.8
1059,2021-02-07 14:22:00,1159.1,1159.1,1159.1,1159.1,25,75,1242.13,929.7,1203.8
1060,2021-02-07 14:23:00,1159.1,1159.1,1159.1,1159.1,25,75,1242.13,929.7,1203.8
1061,2021-02-07 14:24:00,1159.1,1159.1,1159.1,1159.1,25,75,1242.13,929.7,1203.8
1062,2021-02-07 14:25:00,1159.1,1159.1,1159.1,1159.1,25,75,1242.13,929.7,1203.8
1063,2021-02-07 14:26:00,1159.1,1159.1,1159.1,1159.1,25,75,1242.13,929.7,1203.8
1064,2021-02-07 14:27:00,1159.1,1159.1,1159.1,1159.1,25,75,1242.13,929.7,1203.8
1065,2021-02-07 14:28:00,1159.1,1159.1,1159.1,1159.1,25,75,1242.13,929.7,1203.8
1066,2021-02-07 14:29:00,1159.1,1159.1,1159.1,1159.1,25,75,1242.13,929.7,1203.8
1067,2021-02-07 14:30:00,1159.1,1159.1,1159.1,1159.1,25,75,1242.13,929.7,1203.8
1068,2021-02-07 14:31:00,1159.1,1159.1,1159.1,1159.1,25,75,1242.13,929.7,1203.8
1069,2021-02-07 14:32:00,1159.1,1159.1,1159.1,1159.1,25,75,1242.13,929.7,1203.8
1070,2021-02-07 14:33:00,1159.1,1159.1,1159.1,1159.1,25,75,1242.13,929.7,1203.8
1071,2021-02-07 14:34:00,1159.1,1159.1,1159.1,1159.1,25,75,1242.13,929.7,1203.8
1072,2021-02-07 14:35:00,1159.1,1159.1,1159.1,1159.1,25,75,1242.13,929.7,1203.8
1073,2021-02-07 14:36:00,1159.1,1159.1,1159.1,1159.1,25,75,1242.13,929.7,1203.8
1074,2021-02-07 14:37:00,1159.1,1159.1,1159.1,1159.1,25,75,1242.13,929.7,1203.8
1075,2021-02-07 14:38:00,1159.1,1159.1,1159.1,1159.1,25,75,1242.13,929.7,1203.8
1076,2021-02-07 14:39:00,1159.1,1159.1,1159.1,1159.1,25,75,1242.13,929.7,1203.8
1077,2021-02-07 14:40:00,1159.1,1159.1,1159.1,1159.1,25,75,1242.13,929.7,1203.8
1078,2021-02-07 14:41:00,1159.1,1159.1,1159.1,1159.1,25,75,1242.13,929.7,1203.8
1079,2021-02-07 14:42:00,1159.1,1159.1,1159.1,1159.1,25,75,1242.13,929.7,1203.8
1080,2021-02-07 14:43:00,1159.1,1159.1,1159.1,1159.1,25,75,1242.13,929.7,1203.8
1081,2021-02-07 14:44:00,1159.1,1159.1,1159.1,1159.1,25,75,1242.13,929.7,1203.8
1082,2021-02-07 14:45:00,1159.1,1159.1,1159.1,1159.1,25,75,1242.13,929.7,1203.8
1083,2021-02-07 14:46:00,1159.1,1159.1,1159.1,1159.1,25,75,1242.13,929.7,1203.8
1084,2021-02-07 14:47:00,1159.1,1159.1,1159.1,1159.1,25,75,1242.13,929.7,1203.8
1085,2021-02-07 14:48:00,1159.1,1159.1,1159.1,1159.1,25,75,1242.13,929.7,1203.8
1086,2021-02-07 14:49:00,1159.1,1159.1,1159.1,1159.1,25,75,1242.13,929.7,1203.8
1087,2021-02-07 14:50:00,1159.1,1159.1,1159.1,1159.1,25,75,1242.13,929.7,1203.8
1088,2021-02-07 14:51:00,1159.1,1159.1,1159.1,1159.1,25,75,1242.13,929.7,1203.8
1089,2021-02-07 14:52:00,1159.1,1159.1,1159.1,1159.1,25,75,1242.13,929.7,1203.8
1090,2021-02-07 14:53:00,1159.1,1159.1,1159.1,1159.1,25,75,1242.13,929.7,1203.8
1091,2021-02-07 14:54:00,1159.1,1159.1,1159.1,1159.1,25,75,1242.13,929.7,1203.8
1092,2021-02-07 14:55:00,1159.1,1159.1,1159.1,1159.1,25,75,1242.13,929.7,1203.8
1093,2021-02-07 14:56:00,1159.1,1159.1,1159.1,1159.1,25,75,1242.13,929.7,1203.8
1094,2021-02-07 14:57:00,1159.1,1159.1,1159.1,1159.1,25,75,1242.13,929.7,1203.8
1095,2021-02-07 14:58:00,1159.1,1159.1,1159.1,1159.1,25,75,1242.13,929.7,1203.8
1096,2021-02-07 14:59:00,1159.1,1159.1,1159.1,1159.1,25,75,1242.13,929.7,1203.8
1097,2021-02-07 15:00:00,1159.1,1159.1,1159.1,1159.1,25,75,1242.13,929.7,1203.8
1098,2021-02-07 15:01:00,1159.1,1159.1,1159.1,1159.1,25,75,1242.13,929.7,1203.8
1099,2021-02-07 15:02:00,1159.1,1159.1,1159.1,1159.1,25,75,1242.13,929.7,1203.8
1100,2021-02-07 15:03:00,1159.1,1159.1,1159.1,1159.1,25,75,1242.13,929.7,1203.8
1101,2021-02-07 15:04:00,1159.1,1159.1,1159.1,1159.1,25,75,1242.13,929.7,1203.8
1102,2021-02-07 15:05:00,1159.1,1159.1,1159.1,1159.1,25,75,1242.13,929.7,1203.8
1103,2021-02-07 15:06:00,1159.1,1159.1,1159.1,1159.1,25,75,1242.13,929.7,1203.8
1104,2021-02-07 15:07:00,1159.1,1159.1,1159.1,1159.1,25,75,1242.13,929.7,1203.8
1105,2021-02-07 15:08:00,1159.1,1159.1,1159.1,1159.1,25,75,1242.13,929.7,1203.8
1106,2021-02-07 15:09:00,1159.1,1159.1,1159.1,1159.1,25,75,1242.13,929.7,1203.8
1107,2021-02-07 15:10:00,1159.1,1159.1,1159.1,1159.1,25,75,1242.13,929.7,1203.8
1108,2021-02-07 15:11:00,1159.1,1159.1,1159.1,1159.1,25,75,1242.13,929.7,1203.8
1109,2021-02-07 15:12:00,1159.1,1159.1,1159.1,1159.1,25,75,1242.13,929.7,1203.8
1110,2021-02-07 15:13:00,1159.1,1159.1,1159.1,1159.1,25,75,1242.13,929.7,1203.8
1111,2021-02-07 15:14:00,1159.1,1159.1,1159.1,1159.1,25,75,1242.13,929.7,1203.8
1112,2021-02-07 15:15:00,1159.1,1159.1,1159.1,1159.1,25,75,1242.13,929.7,1203.8
1113,2021-02-07 15:16:00,1159.1,1159.1,1159.1,1159.1,25,75,1242.13,929.7,1203.8
1114,2021-02-07 15:17:00,1159.1,1159.1,1159.1,1159.1,25,75,1242.13,929.7,1203.8
1115,2021-02-07 15:18:00,1159.1,1159.1,1159.1,1159.1,25,75,1242.13,929.7,1203.8
1116,2021-02-07 15:19:00,1159.1,1159.1,1159.1,1159.1,25,75,1242.13,929.7,1203.8
1117,2021-02-07 15:20:00,1159.1,1159.1,1159.1,1159.1,25,75,1242.13,929.7,1203.8
1118,2021-02-07 15:21:00,1159.1,1159.1,1159.1,1159.1,25,75,1242.13,929.7,1203.8
1119,2021-02-07 15:22:00,1159.1,1159.1,1159.1,1159.1,25,75,1242.13,929.7,1203.8
1120,2021-02-07 15:23:00,1159.1,1159.1,1159.1,1159.1,25,75,1242.13,929.7,1203.8
1121,2021-02-07 15:24:00,1159.1,1159.1,1159.1,1159.1,25,75,1242.13,929.7,1203.8
1122,2021-02-07 15:25:00,1159.1,1159.1,1159.1,1159.1,25,75,1242.13,929.7,1203.8
1123,2021-02-07 15:26:00,1159.1,1159.1,1159.1,1159.1,25,75,1242.13,929.7,1203.8
1124,2021-02-07 15:27:00,1159.1,1159.1,1159.1,1159.1,25,75,1242.13,929.7,1203.8
1125,2021-02-07 15:28:00,1159.1,1159.1,1159.1,1159.1,25,75,1242.13,929.7,1203.8
1126,2021-02-07 15:29:00,1159.1,1159.1,1159.1,1159.1,25,75,1242.13,929.7,1203.8
1127,2021-02-07 15:30:00,1159.1,1159.1,1159.1,1159.1,25,75,1242.13,929.7,1203.8
1128,2021-02-08 09:15:00,1159.1,1159.1,1159.1,1159.1,25,75,1242.13,929.7,1203.8
1129,2021-02-08 09:16:00,1159.1,1159.1,1159.1,1159.1,25,75,1242.13,929.7,1203.8
1130,2021-02-08 09:17:00,1159.1,1159.1,1159.1,1159.1,25,75,1242.13,929.7,1203.8
1131,2021-02-08 09:18:00,1159.1,1159.1,1159.1,1159.1,25,75,1242.13,929.7,1203.8
1132,2021-02-08 09:19:00,1159.1,1159.1,1159.1,1159.1,25,75,1242.13,929.7,1203.8
1133,2021-02-08 09:20:00,1159.1,1159.1,1159.1,1159.1,25,75,1242.13,929.7,1203.8
1134,2021-02-08 09:21:00,1159.1,1159.1,1159.1,1159.1,25,75,1242.13,929.7,1203.8
1135,2021-02-08 09:22:00,1159.1,1159.1,1159.1,1159.1,25,75,1242.13,929.7,1203.8
1136,2021-02-08 09:23:00,1159.1,1159.1,1159.1,1159.1,25,75,1242.13,929.7,1203.8
1137,2021-02-08 09:24:00,1159.1,1159.1,1159.1,1159.1,25,75,1242.13,929.7,1203.8
1138,2021-02-08 09:25:00,1159.1,1159.1,1159.1,1159.1,25,75,1242.13,929.7,1203.8
1139,2021-02-08 09:26:00,1159.1,1159.1,1159.1,1159.1,25,75,1242.13,929.7,1203.8
1140,2021-02-08 09:27:00,1159.1,1159.1,1159.1,1159.1,25,75,1242.13,929.7,1203.8
1141,2021-02-08 09:28:00,1159.1,1159.1,1159.1,1159.1,25,75,1242.13,929.7,1203.8
1142,2021-02-08 09:29:00,1159.1,1159.1,1159.1,1159.1,25,75,1242.13,929.7,1203.8
1143,2021-02-08 09:30:00,1159.1,1159.1,1159.1,1159.1,25,75,1242.13,929.7,1203.8
1144,2021-02-08 09:31:00,1159.1,1159.1,1159.1,1159.1,25,75,1242.13,929.7,1203.8
1145,2021-02-08 09:32:00,1159.1,1159.1,1159.1,1159.1,25,75,1242.13,929.7,1203.8
1146,2021-02-08 09:33:00,1159.1,1159.1,1159.1,1159.1,25,75,1242.13,929.7,1203.8
1147,2021-02-08 09:34:00,1159.1,1159.1,1159.1,1159.1,25,75,1242.13,929.7,1203.8
1148,2021-02-08 09:35:00,1159.1,1159.1,1159.1,1159.1,25,75,1242.13,929.7,1203.8
1149,2021-02-08 09:36:00,1159.1,1159.1,1159.1,1159.1,25,75,1242.13,929.7,1203.8
1150,2021-02-08 09:37:00,1159.1,1159.1,1159.1,1159.1,25,75,1242.13,929.7,1203.8
1151,2021-02-08 09:38:00,1159.1,1159.1,1159.1,1159.1,25,75,1242.13,929.7,1203.8
1152,2021-02-08 09:39:00,1159.1,1159.1,1159.1,1159.1,25,75,1242.13,929.7,1203.8
1153,2021-02-08 09:40:00,1159.1,1159.1,1159.1,1159.1,25,75,1242.13,929.7,1203.8
1154,2021-02-08 09:41:00,1159.1,1159.1,1159.1,1159.1,25,75,1242.13,929.7,1203.8
1155,2021-02-08 09:42:00,1159.1,1159.1,1159.1,1159.1,25,75,1242.13,929.7,1203.8
1156,2021-02-08 09:43:00,1159.1,1159.1,1159.1,1159.1,25,75,1242.13,929.7,1203.8
1157,2021-02-08 09:44:00,1159.1,1159.1,1159.1,1159.1,25,75,1242.13,929.7,1203.8
1158,2021-02-08 09:45:00,1159.1,1159.1,1159.1,1159.1,25,75,1242.13,929.7,1203.8
1159,2021-02-08 09:46:00,1159.1,1159.1,1159.1,1159.1,25,75,1242.13,929.7,1203.8
1160,2021-02-08 09:47:00,1159.1,1159.1,1159.1,1159.1,25,75,1242.13,929.7,1203.8
1161,2021-02-08 09:48:00,1159.1,1159.1,1159.1,1159.1,25,75,1242.13,929.7,1203.8
1162,2021-02-08 09:49:00,1159.1,1159.1,1159.1,1159.1,25,75,1242.13,929.7,1203.8
1163,2021-02-08 09:50:00,1159.1,1159.1,1159.1,1159.1,25,75,1242.13,929.7,1203.8
1164,2021-02-08 09:51:00,1159.1,1159.1,1159.1,1159.1,25,75,1242.13,929.7,1203.8
1165,2021-02-08 09:52:00,1159.1,1159.1,1159.1,1159.1,25,75,1242.13,929.7,1203.8
1166,2021-02-08 09:53:00,1159.1,1159.1,1159.1,1159.1,25,75,1242.13,929.7,1203.8
1167,2021-02-08 09:54:00,1159.1,1159.1,1159.1,1159.1,25,75,1242.13,929.7,1203.8
1168,2021-02-08 09:55:00,1159.1,1159.1,1159.1,1159.1,25,75,1242.13,929.7,1203.8
1169,2021-02-08 09:56:00,1159.1,1159.1,1159.1,1159.1,25,75,1242.13,929.7,1203.8
1170,2021-02-08 09:57:00,1159.1,1159.1,1159.1,1159.1,25,75,1242.13,929.7,1203.8
1171,2021-02-08 09:58:00,1159.1,1159.1,1159.1,1159.1,25,75,1242.13,929.7,1203.8
1172,2021-02-08 09:59:00,1159.1,1159.1,1159.1,1159.1,25,75,1242.13,929.7,1203.8
1173,2021-02-08 10:00:00,1159.1,1159.1,1159.1,1159.1,25,75,1242.13,929.7,1203.8
1174,2021-02-08 10:01:00,1159.1,1159.1,1159.1,1159.1,25,75,1242.13,929.7,1203.8
1175,2021-02-08 10:02:00,1159.1,1159.1,1159.1,1159.1,25,75,1242.13,929.7,1203.8
1176,2021-02-08 10:03:00,1159.1,1159.1,1159.1,1159.1,25,75,1242.13,929.7,1203.8
1177,2021-02-08 10:04:00,1159.1,1159.1,1159.1,1159.1,25,75,1242.13,929.7,1203.8
1178,2021-02-08 10:05:00,1159.1,1159.1,1159.1,1159.1,25,75,1242.13,929.7,1203.8
1179,2021-02-08 10:06:00,1159.1,1159.1,1159.1,1159.1,25,75,1242.13,929.7,1203.8
1180,2021-02-08 10:07:00,1159.1,1159.1,1159.1,1159.1,25,75,1242.13,929.7,1203.8
1181,2021-02-08 10:08:00,1159.1,1159.1,1159.1,1159.1,25,75,1242.13,929.7,1203.8
1182,2021-02-08 10:09:00,1159.1,1159.1,1159.1,1159.1,25,75,1242.13,929.7,1203.8
1183,2021-02-08 10:10:00,1159.1,1159.1,1159.1,1159.1,25,75,1242.13,929.7,1203.8
1184,2021-02-08 10:11:00,1159.1,1159.1,1159.1,1159.1,25,75,1242.13,929.7,1203.8
1185,2021-02-08 10:12:00,1159.1,1159.1,1159.1,1159.1,25,75,1242.13,929.7,1203.8
1186,2021-02-08 10:13:00,1159.1,1159.1,1159.1,1159.1,25,75,1242.13,929.7,1203.8
1187,2021-02-08 10:14:00,1159.1,1159.1,1159.1,1159.1,25,75,1242.13,929.7,1203.8
1188,2021-02-08 10:15:00,1159.1,1159.1,1159.1,1159.1,25,75,1242.13,929.7,1203.8
1189,2021-02-08 10:16:00,1159.1,1159.1,1159.1,1159.1,25,75,1242.13,929.7,1203.8
1190,2021-02-08 10:17:00,1159.1,1159.1,1159.1,1159.1,25,75,1242.13,929.7,1203.8
1191,2021-02-08 10:18:00,1159.1,1159.1,1159.1,1159.1,25,75,1242.13,929.7,1203.8
1192,2021-02-08 10:19:00,1159.1,1159.1,1159.1,1159.1,25,75,1242.13,929.7,1203.8
1193,2021-02-08 10:20:00,1159.1,1159.1,1159.1,1159.1,25,75,1242.13,929.7,1203.8
1194,2021-02-08 10:21:00,1159.1,1159.1,1159.1,1159.1,25,75,1242.13,929.7,1203.8
1195,2021-02-08 10:22:00,1159.1,1159.1,1159.1,1159.1,25,75,1242.13,929.7,1203.8
1196,2021-02-08 10:23:00,1159.1,1159.1,1159.1,1159.1,25,75,1242.13,929.7,1203.8
1197,2021-02-08 10:24:00,1159.1,1159.1,1159.1,1159.1,25,75,1242.13,929.7,1203.8
1198,2021-02-08 10:25:00,1159.1,1159.1,1159.1,1159.1,25,75,1242.13,929.7,1203.8
1199,2021-02-08 10:26:00,1159.1,1159.1,1159.1,1159.1,25,75,1242.13,929.7,1203.8
1200,2021-02-08 10:27:00,1159.1,1159.1,1159.1,1159.1,25,75,1242.13,929.7,1203.8
1201,2021-02-08 10:28:00,1159.1,1159.1,1159.1,1159.1,25,75,1242.13,929.7,1203.8
1202,2021-02-08 10:29:00,1159.1,1159.1,1159.1,1159.1,25,75,1242.13,929.7,1203.8
1203,2021-02-08 10:30:00,1159.1,1159.1,1159.1,1159.1,25,75,1242.13,929.7,1203.8
1204,2021-02-08 10:31:00,1159.1,1159.1,1159.1,1159.1,25,75,1242.13,929.7,1203.8
1205,2021-02-08 10:32:00,1159.1,1159.1,1159.1,1159.1,25,75,1242.13,929.7,1203.8
1206,2021-02-08 10:33:00,1159.1,1159.1,1159.1,1159.1,25,75,1242.13,929.7,1203.8
1207,2021-02-08 10:34:00,1159.1,1159.1,1159.1,1159.1,25,75,1242.13,929.7,1203.8
1208,2021-02-08 10:35:00,1159.1,1159.1,1159.1,1159.1,25,75,1242.13,929.7,1203.8
1209,2021-02-08 10:36:00,1159.1,1159.1,1159.1,1159.1,25,75,1242.13,929.7,1203.8
1210,2021-02-08 10:37:00,1159.1,1159.1,1159.1,1159.1,25,75,1242.13,929.7,1203.8
1211,2021-02-08 10:38:00,1159.1,1159.1,1159.1,1159.1,25,75,1242.13,929.7,1203.8
1212,2021-02-08 10:39:00,1159.1,1159.1,1159.1,1159.1,25,75,1242.13,929.7,1203.8
1213,2021-02-08 10:40:00,1159.1,1159.1,1159.1,1159.1,25,75,1242.13,929.7,1203.8
1214,2021-02-08 10:41:00,1159.1,1159.1,1159.1,1159.1,25,75,1242.13,929.7,1203.8
1215,2021-02-08 10:42:00,1159.1,1159.1,1159.1,1159.1,25,75,1242.13,929.7,1203.8
1216,2021-02-08 10:43:00,1159.1,1159.1,1159.1,1159.1,25,75,1242.13,929.7,1203.8
1217,2021-02-08 10:44:00,1159.1,1159.1,1159.1,1159.1,25,75,1242.13,929.7,1203.8
1218,2021-02-08 10:45:00,1159.1,1159.1,1159.1,1159.1,25,75,1242.13,929.7,1203.8
1219,2021-02-08 10:46:00,1159.1,1159.1,1159.1,1159.1,25,75,1242.13,929.7,1203.8
1220,2021-02-08 10:47:00,1159.1,1159.1,1159.1,1159.1,25,75,1242.13,929.7,1203.8
1221,2021-02-08 10:48:00,1159.1,1159.1,1159.1,1159.1,25,75,1242.13,929.7,1203.8
1222,2021-02-08 10:49:00,1159.1,1159.1,1159.1,1159.1,25,75,1242.13,929.7,1203.8
1223,2021-02-08 10:50:00,1159.1,1159.1,1159.1,1159.1,25,75,1242.13,929.7,1203.8
1224,2021-02-08 10:51:00,1159.1,1159.1,1159.1,1159.1,25,75,1242.13,929.7,1203.8
1225,2021-02-08 10:52:00,1159.1,1159.1,1159.1,1159.1,25,75,1242.13,929.7,1203.8
1226,2021-02-08 10:53:00,1159.1,1159.1,1159.1,1159.1,25,75,1242.13,929.7,1203.8
1227,2021-02-08 10:54:00,1159.1,1159.1,1159.1,1159.1,25,75,1242.13,929.7,1203.8
1228,2021-02-08 10:55:00,1159.1,1159.1,1159.1,1159.1,25,75,1242.13,929.7,1203.8
1229,2021-02-08 10:56:00,1159.1,1159.1,1159.1,1159.1,25,75,1242.13,929.7,1203.8
1230,2021-02-08 10:57:00,1159.1,1159.1,1159.1,1159.1,25,75,1242.13,929.7,1203.8
1231,2021-02-08 10:58:00,1159.1,1159.1,1159.1,1159.1,25,75,1242.13,929.7,1203.8
1232,2021-02-08 10:59:00,1159.1,1159.1,1159.1,1159.1,25,75,1242.13,929.7,1203.8
1233,2021-02-08 11:00:00,1159.1,1159.1,1159.1,1159.1,25,75,1242.13,929.7,1203.8
1234,2021-02-08 11:01:00,1159.1,1159.1,1159.1,1159.1,25,75,1242.13,929.7,1203.8
1235,2021-02-08 11:02:00,1159.1,1159.1,1159.1,1159.1,25,75,1242.13,929.7,1203.8
1236,2021-02-08 11:03:00,1159.1,1159.1,1159.1,1159.1,25,75,1242.13,929.7,1203.8
1237,2021-02-08 11:04:00,1159.1,1159.1,1159.1,1159.1,25,75,1242.13,929.7,1203.8
1238,2021-02-08 11:05:00,1159.1,1159.1,1159.1,1159.1,25,75,1242.13,929.7,1203.8
1239,2021-02-08 11:06:00,1159.1,1159.1,1159.1,1159.1,25,75,1242.13,929.7,1203.8
1240,2021-02-08 11:07:00,1159.1,1159.1,1159.1,1159.1,25,75,1242.13,929.7,1203.8
1241,2021-02-08 11:08:00,1159.1,1159.1,1159.1,1159.1,25,75,1242.13,929.7,1203.8
1242,2021-02-08 11:09:00,1159.1,1159.1,1159.1,1159.1,25,75,1242.13,929.7,1203.8
1243,2021-02-08 11:10:00,1159.1,1159.1,1159.1,1159.1,25,75,1242.13,929.7,1203.8
1244,2021-02-08 11:11:00,1159.1,1159.1,1159.1,1159.1,25,75,1242.13,929.7,1203.8
1245,2021-02-08 11:12:00,1159.1,1159.1,1159.1,1159.1,25,75,1242.13,929.7,1203.8
1246,2021-02-08 11:13:00,1159.1,1159.1,1159.1,1159.1,25,75,1242.13,929.7,1203.8
1247,2021-02-08 11:14:00,1159.1,1159.1,1159.1,1159.1,25,75,1242.13,929.7,1203.8
1248,2021-02-08 11:15:00,1159.1,1159.1,1159.1,1159.1,25,75,1242.13,929.7,1203.8
1249,2021-02-08 11:16:00,1159.1,1159.1,1159.1,1159.1,25,75,1242.13,929.7,1203.8
1250,2021-02-08 11:17:00,1159.1,1159.1,1159.1,1159.1,25,75,1242.13,929.7,1203.8
1251,2021-02-08 11:18:00,1159.1,1159.1,1159.1,1159.1,25,75,1242.13,929.7,1203.8
1252,2021-02-08 11:19:00,1159.1,1159.1,1159.1,1159.1,25,75,1242.13,929.7,1203.8
1253,2021-02-08 11:20:00,1159.1,1159.1,1159.1,1159.1,25,75,1242.13,929.7,1203.8
1254,2021-02-08 11:21:00,1159.1,1159.1,1159.1,1159.1,25,75,1242.13,929.7,1203.8
1255,2021-02-08 11:22:00,1159.1,1159.1,1159.1,1159.1,25,75,1242.13,929.7,1203.8
1256,2021-02-08 11:23:00,1159.1,1159.1,1159.1,1159.1,25,75,1242.13,929.7,1203.8
1257,2021-02-08 11:24:00,1159.1,1159.1,1159.1,1159.1,25,75,1242.13,929.7,1203.8
1258,2021-02-08 11:25:00,1159.1,1159.1,1159.1,1159.1,25,75,1242.13,929.7,1203.8
1259,2021-02-08 11:26:00,1159.1,1159.1,1159.1,1159.1,25,75,1242.13,929.7,1203.8
1260,2021-02-08 11:27:00,1159.1,1159.1,1159.1,1159.1,25,75,1242.13,929.7,1203.8
1261,2021-02-08 11:28:00,1159.1,1159.1,1159.1,1159.1,25,75,1242.13,929.7,1203.8
1262,2021-02-08 11:29:00,1159.1,1159.1,1159.1,1159.1,25,75,1242.13,929.7,1203.8
1263,2021-02-08 11:30:00,1159.1,1159.1,1159.1,1159.1,25,75,1242.13,929.7,1203.8
1264,2021-02-08 11:31:00,1159.1,1159.1,1159.1,1159.1,25,75,1242.13,929.7,1203.8
1265,2021-02-08 11:32:00,1159.1,1159.1,1159.1,1159.1,25,75,1242.13,929.7,1203.8
1266,2021-02-08 11:33:00,1159.1,1159.1,1159.1,1159.1,25,75,1242.13,929.7,1203.8
1267,2021-02-08 11:34:00,1159.1,1159.1,1159.1,1159.1,25,75,1242.13,929.7,1203.8
1268,2021-02-08 11:35:00,1159.1,1159.1,1159.1,1159.1,25,75,1242.13,929.7,1203.8
1269,2021-02-08 11:36:00,1159.1,1159.1,1159.1,1159.1,25,75,1242.13,929.7,1203.8
1270,2021-02-08 11:37:00,1159.1,1159.1,1159.1,1159.1,25,75,1242.13,929.7,1203.8
1271,2021-02-08 11:38:00,1159.1,1159.1,1159.1,1159.1,25,75,1242.13,929.7,1203.8
1272,2021-02-08 11:39:00,1159.1,1159.1,1159.1,1159.1,25,75,1242.13,929.7,1203.8
1273,2021-02-08 11:40:00,1159.1,1159.1,1159.1,1159.1,25,75,1242.13,929.7,1203.8
1274,2021-02-08 11:41:00,1159.1,1159.1,1159.1,1159.1,25,75,1242.13,929.7,1203.8
1275,2021-02-08 11:42:00,1159.1,1159.1,1159.1,1159.1,25,75,1242.13,929.7,1203.8
1276,2021-02-08 11:43:00,1159.1,1159.1,1159.1,1159.1,25,75,1242.13,929.7,1203.8
1277,2021-02-08 11:44:00,1159.1,1159.1,1159.1,1159.1,25,75,1242.13,929.7,1203.8
1278,2021-02-08 11:45:00,1159.1,1159.1,1159.1,1159.1,25,75,1242.13,929.7,1203.8
1279,2021-02-08 11:46:00,1159.1,1159.1,1159.1,1159.1,25,75,1242.13,929.7,1203.8
1280,2021-02-08 11:47:00,1159.1,1159.1,1159.1,1159.1,25,75,1242.13,929.7,1203.8
1281,2021-02-08 11:48:00,1159.1,1159.1,1159.1,1159.1,25,75,1242.13,929.7,1203.8
1282,2021-02-08 11:49:00,1159.1,1159.1,1159.1,1159.1,25,75,1242.13,929.7,1203.8
1283,2021-02-08 11:50:00,1159.1,1159.1,1159.1,1159.1,25,75,1242.13,929.7,1203.8
1284,2021-02-08 11:51:00,1159.1,1159.1,1159.1,1159.1,25,75,1242.13,929.7,1203.8
1285,2021-02-08 11:52:00,1159.1,1159.1,1159.1,1159.1,25,75,1242.13,929.7,1203.8
1286,2021-02-08 11:53:00,1159.1,1159.1,1159.1,1159.1,25,75,1242.13,929.7,1203.8
1287,2021-02-08 11:54:00,1159.1,1159.1,1159.1,1159.1,25,75,1242.13,929.7,1203.8
1288,2021-02-08 11:55:00,1159.1,1159.1,1159.1,1159.1,25,75,1242.13,929.7,1203.8
1289,2021-02-08 11:56:00,1159.1,1159.1,1159.1,1159.1,25,75,1242.13,929.7,1203.8
1290,2021-02-08 11:57:00,1159.1,1159.1,1159.1,1159.1,25,75,1242.13,929.7,1203.8
1291,2021-02-08 11:58:00,1159.1,1159.1,1159.1,1159.1,25,75,1242.13,929.7,1203.8
1292,2021-02-08 11:59:00,1159.1,1159.1,1159.1,1159.1,25,75,1242.13,929.7,1203.8
1293,2021-02-08 12:00:00,1159.1,1159.1,1159.1,1159.1,25,75,1242.13,929.7,1203.8
1294,2021-02-08 12:01:00,1159.1,1159.1,1159.1,1159.1,25,75,1242.13,929.7,1203.8
1295,2021-02-08 12:02:00,1159.1,1159.1,1159.1,1159.1,25,75,1242.13,929.7,1203.8
1296,2021-02-08 12:03:00,1159.1,1159.1,1159.1,1159.1,25,75,1242.13,929.7,1203.8
1297,2021-02-08 12:04:00,1159.1,1159.1,1159.1,1159.1,25,75,1242.13,929.7,1203.8
1298,2021-02-08 12:05:00,1159.1,1159.1,1159.1,1159.1,25,75,1242.13,929.7,1203.8
1299,2021-02-08 12:06:00,1159.1,1159.1,1159.1,1159.1,25,75,1242.13,929.7,1203.8
1300,2021-02-08 12:07:00,1159.1,1159.1,1159.1,1159.1,25,75,1242.13,929.7,1203.8
1301,2021-02-08 12:08:00,1159.1,1159.1,1159.1,1159.1,25,75,1242.13,929.7,1203.8
1302,2021-02-08 12:09:00,1159.1,1159.1,1159.1,1159.1,25,75,1242.13,929.7,1203.8
1303,2021-02-08 12:10:00,1159.1,1159.1,1159.1,1159.1,25,75,1242.13,929.7,1203.8
1304,2021-02-08 12:11:00,1159.1,1159.1,1159.1,1159.1,25,75,1242.13,929.7,1203.8
1305,2021-02-08 12:12:00,1159.1,1159.1,1159.1,1159.1,25,75,1242.13,929.7,1203.8
1306,2021-02-08 12:13:00,1159.1,1159.1,1159.1,1159.1,25,75,1242.13,929.7,1203.8
1307,2021-02-08 12:14:00,1159.1,1159.1,1159.1,1159.1,25,75,1242.13,929.7,1203.8
1308,2021-02-08 12:15:00,1159.1,1159.1,1159.1,1159.1,25,75,1242.13,929.7,1203.8
1309,2021-02-08 12:16:00,1159.1,1159.1,1159.1,1159.1,25,75,1242.13,929.7,1203.8
1310,2021-02-08 12:17:00,1159.1,1159.1,1159.1,1159.1,25,75,1242.13,929.7,1203.8
1311,2021-02-08 12:18:00,1159.1,1159.1,1159.1,1159.1,25,75,1242.13,929.7,1203.8
1312,2021-02-08 12:19:00,1159.1,1159.1,1159.1,1159.1,25,75,1242.13,929.7,1203.8
1313,2021-02-08 12:20:00,1159.1,1159.1,1159.1,1159.1,25,75,1242.13,929.7,1203.8
1314,2021-02-08 12:21:00,1159.1,1159.1,1159.1,1159.1,25,75,1242.13,929.7,1203.8
1315,2021-02-08 12:22:00,1159.1,1159.1,1159.1,1159.1,25,75,1242.13,929.7,1203.8
1316,2021-02-08 12:23:00,1159.1,1159.1,1159.1,1159.1,25,75,1242.13,929.7,1203.8
1317,2021-02-08 12:24:00,1159.1,1159.1,1159.1,1159.1,25,75,1242.13,929.7,1203.8
1318,2021-02-08 12:25:00,1259.95,1259.95,1259.95,1259.95,25,100,1259.95,979.65,1430.25
1319,2021-02-08 12:26:00,1259.95,1259.95,1259.95,1259.95,25,100,1259.95,979.65,1430.25
1320,2021-02-08 12:27:00,1259.95,1259.95,1259.95,1259.95,25,100,1259.95,979.65,1430.25
1321,2021-02-08 12:28:00,1259.95,1259.95,1259.95,1259.95,25,100,1259.95,979.65,1430.25
1322,2021-02-08 12:29:00,1259.95,1259.95,1259.95,1259.95,25,100,1259.95,979.65,1430.25
1323,2021-02-08 12:30:00,1259.95,1259.95,1259.95,1259.95,25,100,1259.95,979.65,1430.25
1324,2021-02-08 12:31:00,1259.95,1259.95,1259.95,1259.95,25,100,1259.95,979.65,1430.25
1325,2021-02-08 12:32:00,1259.95,1259.95,1259.95,1259.95,25,100,1259.95,979.65,1430.25
1326,2021-02-08 12:33:00,1259.95,1259.95,1259.95,1259.95,25,100,1259.95,979.65,1430.25
1327,2021-02-08 12:34:00,1259.95,1259.95,1259.95,1259.95,25,100,1259.95,979.65,1430.25
1328,2021-02-08 12:35:00,1259.95,1259.95,1259.95,1259.95,25,100,1259.95,979.65,1430.25
1329,2021-02-08 12:36:00,1259.95,1259.95,1259.95,1259.95,25,100,1259.95,979.65,1430.25
1330,2021-02-08 12:37:00,1259.95,1259.95,1259.95,1259.95,25,100,1259.95,979.65,1430.25
1331,2021-02-08 12:38:00,1259.95,1259.95,1259.95,1259.95,25,100,1259.95,979.65,1430.25
1332,2021-02-08 12:39:00,1259.95,1259.95,1259.95,1259.95,25,100,1259.95,979.65,1430.25
1333,2021-02-08 12:40:00,1259.95,1259.95,1259.95,1259.95,25,100,1259.95,979.65,1430.25
1334,2021-02-08 12:41:00,1259.95,1259.95,1259.95,1259.95,25,100,1259.95,979.65,1430.25
1335,2021-02-08 12:42:00,1259.95,1259.95,1259.95,1259.95,25,100,1259.95,979.65,1430.25
1336,2021-02-08 12:43:00,1259.95,1259.95,1259.95,1259.95,25,100,1259.95,979.65,1430.25
1337,2021-02-08 12:44:00,1259.95,1259.95,1259.95,1259.95,25,100,1259.95,979.65,1430.25
1338,2021-02-08 12:45:00,1259.95,1259.95,1259.95,1259.95,25,100,1259.95,979.65,1430.25
1339,2021-02-08 12:46:00,1259.95,1259.95,1259.95,1259.95,25,100,1259.95,979.65,1430.25
1340,2021-02-08 12:47:00,1259.95,1259.95,1259.95,1259.95,25,100,1259.95,979.65,1430.25
1341,2021-02-08 12:48:00,1259.95,1259.95,1259.95,1259.95,25,100,1259.95,979.65,1430.25
1342,2021-02-08 12:49:00,1259.95,1259.95,1259.95,1259.95,25,100,1259.95,979.65,1430.25
1343,2021-02-08 12:50:00,1259.95,1259.95,1259.95,1259.95,25,100,1259.95,979.65,1430.25
1344,2021-02-08 12:51:00,1259.95,1259.95,1259.95,1259.95,25,100,1259.95,979.65,1430.25
1345,2021-02-08 12:52:00,1259.95,1259.95,1259.95,1259.95,25,100,1259.95,979.65,1430.25
1346,2021-02-08 12:53:00,1259.95,1259.95,1259.95,1259.95,25,100,1259.95,979.65,1430.25
1347,2021-02-08 12:54:00,1259.95,1259.95,1259.95,1259.95,25,100,1259.95,979.65,1430.25
1348,2021-02-08 12:55:00,1259.95,1259.95,1259.95,1259.95,25,100,1259.95,979.65,1430.25
1349,2021-02-08 12:56:00,1259.95,1259.95,1259.95,1259.95,25,100,1259.95,979.65,1430.25
1350,2021-02-08 12:57:00,1259.95,1259.95,1259.95,1259.95,25,100,1259.95,979.65,1430.25
1351,2021-02-08 12:58:00,1259.95,1259.95,1259.95,1259.95,25,100,1259.95,979.65,1430.25
1352,2021-02-08 12:59:00,1259.95,1259.95,1259.95,1259.95,25,100,1259.95,979.65,1430.25
1353,2021-02-08 13:00:00,1259.95,1259.95,1259.95,1259.95,25,100,1259.95,979.65,1430.25
1354,2021-02-08 13:01:00,1259.95,1259.95,1259.95,1259.95,25,100,1259.95,979.65,1430.25
1355,2021-02-08 13:02:00,1259.95,1259.95,1259.95,1259.95,25,100,1259.95,979.65,1430.25
1356,2021-02-08 13:03:00,1259.95,1259.95,1259.95,1259.95,25,100,1259.95,979.65,1430.25
1357,2021-02-08 13:04:00,1259.95,1259.95,1259.95,1259.95,25,100,1259.95,979.65,1430.25
1358,2021-02-08 13:05:00,1259.95,1259.95,1259.95,1259.95,25,100,1259.95,979.65,1430.25
1359,2021-02-08 13:06:00,1259.95,1259.95,1259.95,1259.95,25,100,1259.95,979.65,1430.25
1360,2021-02-08 13:07:00,1259.95,1259.95,1259.95,1259.95,25,100,1259.95,979.65,1430.25
1361,2021-02-08 13:08:00,1259.95,1259.95,1259.95,1259.95,25,100,1259.95,979.65,1430.25
1362,2021-02-08 13:09:00,1259.95,1259.95,1259.95,1259.95,25,100,1259.95,979.65,1430.25
1363,2021-02-08 13:10:00,1259.95,1259.95,1259.95,1259.95,25,100,1259.95,979.65,1430.25
1364,2021-02-08 13:11:00,1259.95,1259.95,1259.95,1259.95,25,100,1259.95,979.65,1430.25
1365,2021-02-08 13:12:00,1259.95,1259.95,1259.95,1259.95,25,100,1259.95,979.65,1430.25
1366,2021-02-08 13:13:00,1259.95,1259.95,1259.95,1259.95,25,100,1259.95,979.65,1430.25
1367,2021-02-08 13:14:00,1259.95,1259.95,1259.95,1259.95,25,100,1259.95,979.65,1430.25
1368,2021-02-08 13:15:00,1259.95,1259.95,1259.95,1259.95,25,100,1259.95,979.65,1430.25
1369,2021-02-08 13:16:00,1259.95,1259.95,1259.95,1259.95,25,100,1259.95,979.65,1430.25
1370,2021-02-08 13:17:00,1259.95,1259.95,1259.95,1259.95,25,100,1259.95,979.65,1430.25
1371,2021-02-08 13:18:00,1259.95,1259.95,1259.95,1259.95,25,100,1259.95,979.65,1430.25
1372,2021-02-08 13:19:00,1259.95,1259.95,1259.95,1259.95,25,100,1259.95,979.65,1430.25
1373,2021-02-08 13:20:00,1259.95,1259.95,1259.95,1259.95,25,100,1259.95,979.65,1430.25
1374,2021-02-08 13:21:00,1259.95,1259.95,1259.95,1259.95,25,100,1259.95,979.65,1430.25
1375,2021-02-08 13:22:00,1259.95,1259.95,1259.95,1259.95,25,100,1259.95,979.65,1430.25
1376,2021-02-08 13:23:00,1259.95,1259.95,1259.95,1259.95,25,100,1259.95,979.65,1430.25
1377,2021-02-08 13:24:00,1259.95,1259.95,1259.95,1259.95,25,100,1259.95,979.65,1430.25
1378,2021-02-08 13:25:00,1259.95,1259.95,1259.95,1259.95,25,100,1259.95,979.65,1430.25
1379,2021-02-08 13:26:00,1259.95,1259.95,1259.95,1259.95,25,100,1259.95,979.65,1430.25
1380,2021-02-08 13:27:00,1259.95,1259.95,1259.95,1259.95,25,100,1259.95,979.65,1430.25
1381,2021-02-08 13:28:00,1259.95,1259.95,1259.95,1259.95,25,100,1259.95,979.65,1430.25
1382,2021-02-08 13:29:00,1259.95,1259.95,1259.95,1259.95,25,100,1259.95,979.65,1430.25
1383,2021-02-08 13:30:00,1259.95,1259.95,1259.95,1259.95,25,100,1259.95,979.65,1430.25
1384,2021-02-08 13:31:00,1259.95,1259.95,1259.95,1259.95,25,100,1259.95,979.65,1430.25
1385,2021-02-08 13:32:00,1259.95,1259.95,1259.95,1259.95,25,100,1259.95,979.65,1430.25
1386,2021-02-08 13:33:00,1259.95,1259.95,1259.95,1259.95,25,100,1259.95,979.65,1430.25
1387,2021-02-08 13:34:00,1259.95,1259.95,1259.95,1259.95,25,100,1259.95,979.65,1430.25
1388,2021-02-08 13:35:00,1259.95,1259.95,1259.95,1259.95,25,100,1259.95,979.65,1430.25
1389,2021-02-08 13:36:00,1259.95,1259.95,1259.95,1259.95,25,100,1259.95,979.65,1430.25
1390,2021-02-08 13:37:00,1259.95,1259.95,1259.95,1259.95,25,100,1259.95,979.65,1430.25
1391,2021-02-08 13:38:00,1259.95,1259.95,1259.95,1259.95,25,100,1259.95,979.65,1430.25
1392,2021-02-08 13:39:00,1259.95,1259.95,1259.95,1259.95,25,100,1259.95,979.65,1430.25
1393,2021-02-08 13:40:00,1259.95,1259.95,1259.95,1259.95,25,100,1259.95,979.65,1430.25
1394,2021-02-08 13:41:00,1259.95,1259.95,1259.95,1259.95,25,100,1259.95,979.65,1430.25
1395,2021-02-08 13:42:00,1259.95,1259.95,1259.95,1259.95,25,100,1259.95,979.65,1430.25
1396,2021-02-08 13:43:00,1259.95,1259.95,1259.95,1259.95,25,100,1259.95,979.65,1430.25
1397,2021-02-08 13:44:00,1259.95,1259.95,1259.95,1259.95,25,100,1259.95,979.65,1430.25
1398,2021-02-08 13:45:00,1259.95,1259.95,1259.95,1259.95,25,100,1259.95,979.65,1430.25
1399,2021-02-08 13:46:00,1259.95,1259.95,1259.95,1259.95,25,100,1259.95,979.65,1430.25
1400,2021-02-08 13:47:00,1259.95,1259.95,1259.95,1259.95,25,100,1259.95,979.65,1430.25
1401,2021-02-08 13:48:00,1259.95,1259.95,1259.95,1259.95,25,100,1259.95,979.65,1430.25
1402,2021-02-08 13:49:00,1259.95,1259.95,1259.95,1259.95,25,100,1259.95,979.65,1430.25
1403,2021-02-08 13:50:00,1259.95,1259.95,1259.95,1259.95,25,100,1259.95,979.65,1430.25
1404,2021-02-08 13:51:00,1259.95,1259.95,1259.95,1259.95,25,100,1259.95,979.65,1430.25
1405,2021-02-08 13:52:00,1259.95,1259.95,1259.95,1259.95,25,100,1259.95,979.65,1430.25
1406,2021-02-08 13:53:00,1259.95,1259.95,1259.95,1259.95,25,100,1259.95,979.65,1430.25
1407,2021-02-08 13:54:00,1259.95,1259.95,1259.95,1259.95,25,100,1259.95,979.65,1430.25
1408,2021-02-08 13:55:00,1259.95,1259.95,1259.95,1259.95,25,100,1259.95,979.65,1430.25
1409,2021-02-08 13:56:00,1259.95,1259.95,1259.95,1259.95,25,100,1259.95,979.65,1430.25
1410,2021-02-08 13:57:00,1259.95,1259.95,1259.95,1259.95,25,100,1259.95,979.65,1430.25
1411,2021-02-08 13:58:00,1259.95,1259.95,1259.95,1259.95,25,100,1259.95,979.65,1430.25
1412,2021-02-08 13:59:00,1259.95,1259.95,1259.95,1259.95,25,100,1259.95,979.65,1430.25
1413,2021-02-08 14:00:00,1259.95,1259.95,1259.95,1259.95,25,100,1259.95,979.65,1430.25
1414,2021-02-08 14:01:00,1259.95,1259.95,1259.95,1259.95,25,100,1259.95,979.65,1430.25
1415,2021-02-08 14:02:00,1259.95,1259.95,1259.95,1259.95,25,100,1259.95,979.65,1430.25
1416,2021-02-08 14:03:00,1259.95,1259.95,1259.95,1259.95,25,100,1259.95,979.65,1430.25
1417,2021-02-08 14:04:00,1259.95,1259.95,1259.95,1259.95,25,100,1259.95,979.65,1430.25
1418,2021-02-08 14:05:00,1259.95,1259.95,1259.95,1259.95,25,100,1259.95,979.65,1430.25
1419,2021-02-08 14:06:00,1259.95,1259.95,1259.95,1259.95,25,100,1259.95,979.65,1430.25
1420,2021-02-08 14:07:00,1259.95,1259.95,1259.95,1259.95,25,100,1259.95,979.65,1430.25
1421,2021-02-08 14:08:00,1259.95,1259.95,1259.95,1259.95,25,100,1259.95,979.65,1430.25
1422,2021-02-08 14:09:00,1259.95,1259.95,1259.95,1259.95,25,100,1259.95,979.65,1430.25
1423,2021-02-08 14:10:00,1259.95,1259.95,1259.95,1259.95,25,100,1259.95,979.65,1430.25
1424,2021-02-08 14:11:00,1259.95,1259.95,1259.95,1259.95,25,100,1259.95,979.65,1430.25
1425,2021-02-08 14:12:00,1259.95,1259.95,1259.95,1259.95,25,100,1259.95,979.65,1430.25
1426,2021-02-08 14:13:00,1259.95,1259.95,1259.95,1259.95,25,100,1259.95,979.65,1430.25
1427,2021-02-08 14:14:00,1259.95,1259.95,1259.95,1259.95,25,100,1259.95,979.65,1430.25
1428,2021-02-08 14:15:00,1259.95,1259.95,1259.95,1259.95,25,100,1259.95,979.65,1430.25
1429,2021-02-08 14:16:00,1259.95,1259.95,1259.95,1259.95,25,100,1259.95,979.65,1430.25
1430,2021-02-08 14:17:00,1259.95,1259.95,1259.95,1259.95,25,100,1259.95,979.65,1430.25
1431,2021-02-08 14:18:00,1259.95,1259.95,1259.95,1259.95,25,100,1259.95,979.65,1430.25
1432,2021-02-08 14:19:00,1259.95,1259.95,1259.95,1259.95,25,100,1259.95,979.65,1430.25
1433,2021-02-08 14:20:00,1259.95,1259.95,1259.95,1259.95,25,100,1259.95,979.65,1430.25
1434,2021-02-08 14:21:00,1259.95,1259.95,1259.95,1259.95,25,100,1259.95,979.65,1430.25
1435,2021-02-08 14:22:00,1259.95,1259.95,1259.95,1259.95,25,100,1259.95,979.65,1430.25
1436,2021-02-08 14:23:00,1259.95,1259.95,1259.95,1259.95,25,100,1259.95,979.65,1430.25
1437,2021-02-08 14:24:00,1259.95,1259.95,1259.95,1259.95,25,100,1259.95,979.65,1430.25
1438,2021-02-08 14:25:00,1259.95,1259.95,1259.95,1259.95,25,100,1259.95,979.65,1430.25
1439,2021-02-08 14:26:00,1259.95,1259.95,1259.95,1259.95,25,100,1259.95,979.65,1430.25
1440,2021-02-08 14:27:00,1259.95,1259.95,1259.95,1259.95,25,100,1259.95,979.65,1430.25
1441,2021-02-08 14:28:00,1259.95,1259.95,1259.95,1259.95,25,100,1259.95,979.65,1430.25
1442,2021-02-08 14:29:00,1259.95,1259.95,1259.95,1259.95,25,100,1259.95,979.65,1430.25
1443,2021-02-08 14:30:00,1259.95,1259.95,1259.95,1259.95,25,100,1259.95,979.65,1430.25
1444,2021-02-08 14:31:00,1259.95,1259.95,1259.95,1259.95,25,100,1259.95,979.65,1430.25
1445,2021-02-08 14:32:00,1259.95,1259.95,1259.95,1259.95,25,100,1259.95,979.65,1430.25
1446,2021-02-08 14:33:00,1259.95,1259.95,1259.95,1259.95,25,100,1259.95,979.65,1430.25
1447,2021-02-08 14:34:00,1259.95,1259.95,1259.95,1259.95,25,100,1259.95,979.65,1430.25
1448,2021-02-08 14:35:00,1259.95,1259.95,1259.95,1259.95,25,100,1259.95,979.65,1430.25
1449,2021-02-08 14:36:00,1259.95,1259.95,1259.95,1259.95,25,100,1259.95,979.65,1430.25
1450,2021-02-08 14:37:00,1259.95,1259.95,1259.95,1259.95,25,100,1259.95,979.65,1430.25
1451,2021-02-08 14:38:00,1259.95,1259.95,1259.95,1259.95,25,100,1259.95,979.65,1430.25
1452,2021-02-08 14:39:00,1259.95,1259.95,1259.95,1259.95,25,100,1259.95,979.65,1430.25
1453,2021-02-08 14:40:00,1259.95,1259.95,1259.95,1259.95,25,100,1259.95,979.65,1430.25
1454,2021-02-08 14:41:00,1259.95,1259.95,1259.95,1259.95,25,100,1259.95,979.65,1430.25
1455,2021-02-08 14:42:00,1259.95,1259.95,1259.95,1259.95,25,100,1259.95,979.65,1430.25
1456,2021-02-08 14:43:00,1259.95,1259.95,1259.95,1259.95,25,100,1259.95,979.65,1430.25
1457,2021-02-08 14:44:00,1259.95,1259.95,1259.95,1259.95,25,100,1259.95,979.65,1430.25
1458,2021-02-08 14:45:00,1259.95,1259.95,1259.95,1259.95,25,100,1259.95,979.65,1430.25
1459,2021-02-08 14:46:00,1259.95,1259.95,1259.95,1259.95,25,100,1259.95,979.65,1430.25
1460,2021-02-08 14:47:00,1259.95,1259.95,1259.95,1259.95,25,100,1259.95,979.65,1430.25
1461,2021-02-08 14:48:00,1259.95,1259.95,1259.95,1259.95,25,100,1259.95,979.65,1430.25
1462,2021-02-08 14:49:00,1259.95,1259.95,1259.95,1259.95,25,100,1259.95,979.65,1430.25
1463,2021-02-08 14:50:00,1259.95,1259.95,1259.95,1259.95,25,100,1259.95,979.65,1430.25
1464,2021-02-08 14:51:00,1259.95,1259.95,1259.95,1259.95,25,100,1259.95,979.65,1430.25
1465,2021-02-08 14:52:00,1259.95,1259.95,1259.95,1259.95,25,100,1259.95,979.65,1430.25
1466,2021-02-08 14:53:00,1259.95,1259.95,1259.95,1259.95,25,100,1259.95,979.65,1430.25
1467,2021-02-08 14:54:00,1259.95,1259.95,1259.95,1259.95,25,100,1259.95,979.65,1430.25
1468,2021-02-08 14:55:00,1259.95,1259.95,1259.95,1259.95,25,100,1259.95,979.65,1430.25
1469,2021-02-08 14:56:00,1259.95,1259.95,1259.95,1259.95,25,100,1259.95,979.65,1430.25
1470,2021-02-08 14:57:00,1259.95,1259.95,1259.95,1259.95,25,100,1259.95,979.65,1430.25
1471,2021-02-08 14:58:00,1259.95,1259.95,1259.95,1259.95,25,100,1259.95,979.65,1430.25
1472,2021-02-08 14:59:00,1259.95,1259.95,1259.95,1259.95,25,100,1259.95,979.65,1430.25
1473,2021-02-08 15:00:00,1259.95,1259.95,1259.95,1259.95,25,100,1259.95,979.65,1430.25
1474,2021-02-08 15:01:00,1259.95,1259.95,1259.95,1259.95,25,100,1259.95,979.65,1430.25
1475,2021-02-08 15:02:00,1259.95,1259.95,1259.95,1259.95,25,100,1259.95,979.65,1430.25
1476,2021-02-08 15:03:00,1259.95,1259.95,1259.95,1259.95,25,100,1259.95,979.65,1430.25
1477,2021-02-08 15:04:00,1259.95,1259.95,1259.95,1259.95,25,100,1259.95,979.65,1430.25
1478,2021-02-08 15:05:00,1259.95,1259.95,1259.95,1259.95,25,100,1259.95,979.65,1430.25
1479,2021-02-08 15:06:00,1259.95,1259.95,1259.95,1259.95,25,100,1259.95,979.65,1430.25
1480,2021-02-08 15:07:00,1259.95,1259.95,1259.95,1259.95,25,100,1259.95,979.65,1430.25
1481,2021-02-08 15:08:00,1259.95,1259.95,1259.95,1259.95,25,100,1259.95,979.65,1430.25
1482,2021-02-08 15:09:00,1259.95,1259.95,1259.95,1259.95,25,100,1259.95,979.65,1430.25
1483,2021-02-08 15:10:00,1259.95,1259.95,1259.95,1259.95,25,100,1259.95,979.65,1430.25
1484,2021-02-08 15:11:00,1259.95,1259.95,1259.95,1259.95,25,100,1259.95,979.65,1430.25
1485,2021-02-08 15:12:00,1259.95,1259.95,1259.95,1259.95,25,100,1259.95,979.65,1430.25
1486,2021-02-08 15:13:00,1259.95,1259.95,1259.95,1259.95,25,100,1259.95,979.65,1430.25
1487,2021-02-08 15:14:00,1259.95,1259.95,1259.95,1259.95,25,100,1259.95,979.65,1430.25
1488,2021-02-08 15:15:00,1259.95,1259.95,1259.95,1259.95,25,100,1259.95,979.65,1430.25
1489,2021-02-08 15:16:00,1259.95,1259.95,1259.95,1259.95,25,100,1259.95,979.65,1430.25
1490,2021-02-08 15:17:00,1259.95,1259.95,1259.95,1259.95,25,100,1259.95,979.65,1430.25
1491,2021-02-08 15:18:00,1259.95,1259.95,1259.95,1259.95,25,100,1259.95,979.65,1430.25
1492,2021-02-08 15:19:00,1259.95,1259.95,1259.95,1259.95,25,100,1259.95,979.65,1430.25
1493,2021-02-08 15:20:00,1259.95,1259.95,1259.95,1259.95,25,100,1259.95,979.65,1430.25
1494,2021-02-08 15:21:00,1259.95,1259.95,1259.95,1259.95,25,100,1259.95,979.65,1430.25
1495,2021-02-08 15:22:00,1259.95,1259.95,1259.95,1259.95,25,100,1259.95,979.65,1430.25
1496,2021-02-08 15:23:00,1259.95,1259.95,1259.95,1259.95,25,100,1259.95,979.65,1430.25
1497,2021-02-08 15:24:00,1259.95,1259.95,1259.95,1259.95,25,100,1259.95,979.65,1430.25
1498,2021-02-08 15:25:00,1259.95,1259.95,1259.95,1259.95,25,100,1259.95,979.65,1430.25
1499,2021-02-08 15:26:00,1259.95,1259.95,1259.95,1259.95,25,100,1259.95,979.65,1430.25
1500,2021-02-08 15:27:00,1259.95,1259.95,1259.95,1259.95,25,100,1259.95,979.65,1430.25
1501,2021-02-08 15:28:00,1259.95,1259.95,1259.95,1259.95,25,100,1259.95,979.65,1430.25
1502,2021-02-08 15:29:00,1259.95,1259.95,1259.95,1259.95,25,100,1259.95,979.65,1430.25
1503,2021-02-08 15:30:00,1259.95,1259.95,1259.95,1259.95,25,100,1259.95,979.65,1430.25
1504,2021-02-09 09:15:00,1259.95,1259.95,1259.95,1259.95,25,100,1259.95,979.65,1430.25
1505,2021-02-09 09:16:00,1259.95,1259.95,1259.95,1259.95,25,100,1259.95,979.65,1430.25
1506,2021-02-09 09:17:00,1259.95,1259.95,1259.95,1259.95,25,100,1259.95,979.65,1430.25
1507,2021-02-09 09:18:00,1259.95,1259.95,1259.95,1259.95,25,100,1259.95,979.65,1430.25
1508,2021-02-09 09:19:00,1259.95,1259.95,1259.95,1259.95,25,100,1259.95,979.65,1430.25
1509,2021-02-09 09:20:00,1259.95,1259.95,1259.95,1259.95,25,100,1259.95,979.65,1430.25
1510,2021-02-09 09:21:00,1259.95,1259.95,1259.95,1259.95,25,100,1259.95,979.65,1430.25
1511,2021-02-09 09:22:00,1259.95,1259.95,1259.95,1259.95,25,100,1259.95,979.65,1430.25
1512,2021-02-09 09:23:00,1259.95,1259.95,1259.95,1259.95,25,100,1259.95,979.65,1430.25
1513,2021-02-09 09:24:00,1259.95,1259.95,1259.95,1259.95,25,100,1259.95,979.65,1430.25
1514,2021-02-09 09:25:00,1259.95,1259.95,1259.95,1259.95,25,100,1259.95,979.65,1430.25
1515,2021-02-09 09:26:00,1259.95,1259.95,1259.95,1259.95,25,100,1259.95,979.65,1430.25
1516,2021-02-09 09:27:00,1259.95,1259.95,1259.95,1259.95,25,100,1259.95,979.65,1430.25
1517,2021-02-09 09:28:00,1259.95,1259.95,1259.95,1259.95,25,100,1259.95,979.65,1430.25
1518,2021-02-09 09:29:00,1259.95,1259.95,1259.95,1259.95,25,100,1259.95,979.65,1430.25
1519,2021-02-09 09:30:00,1259.95,1259.95,1259.95,1259.95,25,100,1259.95,979.65,1430.25
1520,2021-02-09 09:31:00,1259.95,1259.95,1259.95,1259.95,25,100,1259.95,979.65,1430.25
1521,2021-02-09 09:32:00,1259.95,1259.95,1259.95,1259.95,25,100,1259.95,979.65,1430.25
1522,2021-02-09 09:33:00,1259.95,1259.95,1259.95,1259.95,25,100,1259.95,979.65,1430.25
1523,2021-02-09 09:34:00,1259.95,1259.95,1259.95,1259.95,25,100,1259.95,979.65,1430.25
1524,2021-02-09 09:35:00,1259.95,1259.95,1259.95,1259.95,25,100,1259.95,979.65,1430.25
1525,2021-02-09 09:36:00,1259.95,1259.95,1259.95,1259.95,25,100,1259.95,979.65,1430.25
1526,2021-02-09 09:37:00,1259.95,1259.95,1259.95,1259.95,25,100,1259.95,979.65,1430.25
1527,2021-02-09 09:38:00,1259.95,1259.95,1259.95,1259.95,25,100,1259.95,979.65,1430.25
1528,2021-02-09 09:39:00,1259.95,1259.95,1259.95,1259.95,25,100,1259.95,979.65,1430.25
1529,2021-02-09 09:40:00,1259.95,1259.95,1259.95,1259.95,25,100,1259.95,979.65,1430.25
1530,2021-02-09 09:41:00,1259.95,1259.95,1259.95,1259.95,25,100,1259.95,979.65,1430.25
1531,2021-02-09 09:42:00,1259.95,1259.95,1259.95,1259.95,25,100,1259.95,979.65,1430.25
1532,2021-02-09 09:43:00,1259.95,1259.95,1259.95,1259.95,25,100,1259.95,979.65,1430.25
1533,2021-02-09 09:44:00,1259.95,1259.95,1259.95,1259.95,25,100,1259.95,979.65,1430.25
1534,2021-02-09 09:45:00,1259.95,1259.95,1259.95,1259.95,25,100,1259.95,979.65,1430.25
1535,2021-02-09 09:46:00,1259.95,1259.95,1259.95,1259.95,25,100,1259.95,979.65,1430.25
1536,2021-02-09 09:47:00,1259.95,1259.95,1259.95,1259.95,25,100,1259.95,979.65,1430.25
1537,2021-02-09 09:48:00,1259.95,1259.95,1259.95,1259.95,25,100,1259.95,979.65,1430.25
1538,2021-02-09 09:49:00,1259.95,1259.95,1259.95,1259.95,25,100,1259.95,979.65,1430.25
1539,2021-02-09 09:50:00,1259.95,1259.95,1259.95,1259.95,25,100,1259.95,979.65,1430.25
1540,2021-02-09 09:51:00,1259.95,1259.95,1259.95,1259.95,25,100,1259.95,979.65,1430.25
1541,2021-02-09 09:52:00,1259.95,1259.95,1259.95,1259.95,25,100,1259.95,979.65,1430.25
1542,2021-02-09 09:53:00,1259.95,1259.95,1259.95,1259.95,25,100,1259.95,979.65,1430.25
1543,2021-02-09 09:54:00,1259.95,1259.95,1259.95,1259.95,25,100,1259.95,979.65,1430.25
1544,2021-02-09 09:55:00,1259.95,1259.95,1259.95,1259.95,25,100,1259.95,979.65,1430.25
1545,2021-02-09 09:56:00,1119.4,1119.4,1119.4,1119.4,25,75,1119.4,124.3,1248.2
1546,2021-02-09 09:57:00,1119.4,1119.4,1119.4,1119.4,25,75,1119.4,124.3,1248.2
1547,2021-02-09 09:58:00,1119.4,1119.4,1119.4,1119.4,25,75,1119.4,124.3,1248.2
1548,2021-02-09 09:59:00,1119.4,1119.4,1119.4,1119.4,25,75,1119.4,124.3,1248.2
1549,2021-02-09 10:00:00,1119.4,1119.4,1119.4,1119.4,25,75,1119.4,124.3,1248.2
1550,2021-02-09 10:01:00,1119.4,1119.4,1119.4,1119.4,25,75,1119.4,124.3,1248.2
1551,2021-02-09 10:02:00,1148.7,1148.7,1148.7,1148.7,25,100,1134.05,888.15,1220.3
1552,2021-02-09 10:03:00,1148.7,1148.7,1148.7,1148.7,25,100,1134.05,888.15,1220.3
1553,2021-02-09 10:04:00,1148.7,1148.7,1148.7,1148.7,25,100,1134.05,888.15,1220.3
1554,2021-02-09 10:05:00,1148.7,1148.7,1148.7,1148.7,25,100,1134.05,888.15,1220.3
1555,2021-02-09 10:06:00,1148.7,1148.7,1148.7,1148.7,25,100,1134.05,888.15,1220.3
1556,2021-02-09 10:07:00,1148.7,1148.7,1148.7,1148.7,25,100,1134.05,888.15,1220.3
1557,2021-02-09 10:08:00,1148.7,1148.7,1148.7,1148.7,25,100,1134.05,888.15,1220.3
1558,2021-02-09 10:09:00,1148.7,1148.7,1148.7,1148.7,25,100,1134.05,888.15,1220.3
1559,2021-02-09 10:10:00,1148.7,1148.7,1148.7,1148.7,25,100,1134.05,888.15,1220.3
1560,2021-02-09 10:11:00,1148.7,1148.7,1148.7,1148.7,25,100,1134.05,888.15,1220.3
1561,2021-02-09 10:12:00,1148.7,1148.7,1148.7,1148.7,25,100,1134.05,888.15,1220.3
1562,2021-02-09 10:13:00,1148.7,1148.7,1148.7,1148.7,25,100,1134.05,888.15,1220.3
1563,2021-02-09 10:14:00,1148.7,1148.7,1148.7,1148.7,25,100,1134.05,888.15,1220.3
1564,2021-02-09 10:15:00,1148.7,1148.7,1148.7,1148.7,25,100,1134.05,888.15,1220.3
1565,2021-02-09 10:16:00,1148.7,1148.7,1148.7,1148.7,25,100,1134.05,888.15,1220.3
1566,2021-02-09 10:17:00,1148.7,1148.7,1148.7,1148.7,25,100,1134.05,888.15,1220.3
1567,2021-02-09 10:18:00,1148.7,1148.7,1148.7,1148.7,25,100,1134.05,888.15,1220.3
1568,2021-02-09 10:19:00,1148.7,1148.7,1148.7,1148.7,25,100,1134.05,888.15,1220.3
1569,2021-02-09 10:20:00,1148.7,1148.7,1148.7,1148.7,25,100,1134.05,888.15,1220.3
1570,2021-02-09 10:21:00,1148.7,1148.7,1148.7,1148.7,25,100,1134.05,888.15,1220.3
1571,2021-02-09 10:22:00,1148.7,1148.7,1148.7,1148.7,25,100,1134.05,888.15,1220.3
1572,2021-02-09 10:23:00,1148.7,1148.7,1148.7,1148.7,25,100,1134.05,888.15,1220.3
1573,2021-02-09 10:24:00,1148.7,1148.7,1148.7,1148.7,25,100,1134.05,888.15,1220.3
1574,2021-02-09 10:25:00,1148.7,1148.7,1148.7,1148.7,25,100,1134.05,888.15,1220.3
1575,2021-02-09 10:26:00,1148.7,1148.7,1148.7,1148.7,25,100,1134.05,888.15,1220.3
1576,2021-02-09 10:27:00,1148.7,1148.7,1148.7,1148.7,25,100,1134.05,888.15,1220.3
1577,2021-02-09 10:28:00,1148.7,1148.7,1148.7,1148.7,25,100,1134.05,888.15,1220.3
1578,2021-02-09 10:29:00,1148.7,1148.7,1148.7,1148.7,25,100,1134.05,888.15,1220.3
1579,2021-02-09 10:30:00,1260.0,1260.0,1260.0,1260.0,25,125,1176.03,1206.6,1260.0
1580,2021-02-09 10:31:00,1260.0,1260.0,1260.0,1260.0,25,125,1197.02,1225.35,1290.05
1581,2021-02-09 10:32:00,1260.0,1260.0,1260.0,1260.0,25,125,1197.02,1225.35,1290.05
1582,2021-02-09 10:33:00,1260.0,1260.0,1260.0,1260.0,25,125,1197.02,1225.35,1290.05
1583,2021-02-09 10:34:00,1260.0,1260.0,1260.0,1260.0,25,125,1197.02,1225.35,1290.05
1584,2021-02-09 10:35:00,1260.0,1260.0,1260.0,1260.0,25,125,1197.02,1225.35,1290.05
1585,2021-02-09 10:36:00,1260.0,1260.0,1260.0,1260.0,25,125,1197.02,1225.35,1290.05
1586,2021-02-09 10:37:00,1260.0,1260.0,1260.0,1260.0,25,125,1197.02,1225.35,1290.05
1587,2021-02-09 10:38:00,1260.0,1260.0,1260.0,1260.0,25,125,1197.02,1225.35,1290.05
1588,2021-02-09 10:39:00,1260.0,1260.0,1260.0,1260.0,25,125,1197.02,1225.35,1290.05
1589,2021-02-09 10:40:00,1260.0,1260.0,1260.0,1260.0,25,125,1197.02,1225.35,1290.05
1590,2021-02-09 10:41:00,1260.0,1260.0,1260.0,1260.0,25,125,1197.02,1225.35,1290.05
1591,2021-02-09 10:42:00,1260.0,1260.0,1260.0,1260.0,25,125,1197.02,1225.35,1290.05
1592,2021-02-09 10:43:00,1260.0,1260.0,1260.0,1260.0,25,125,1197.02,1225.35,1290.05
1593,2021-02-09 10:44:00,1260.0,1260.0,1260.0,1260.0,25,125,1197.02,1225.35,1290.05
1594,2021-02-09 10:45:00,1260.0,1260.0,1260.0,1260.0,25,125,1197.02,1225.35,1290.05
1595,2021-02-09 10:46:00,1260.0,1260.0,1260.0,1260.0,25,125,1197.02,1225.35,1290.05
1596,2021-02-09 10:47:00,1260.0,1260.0,1260.0,1260.0,25,125,1197.02,1225.35,1290.05
1597,2021-02-09 10:48:00,1260.0,1260.0,1260.0,1260.0,25,125,1197.02,1225.35,1290.05
1598,2021-02-09 10:49:00,1260.0,1260.0,1260.0,1260.0,25,125,1197.02,1225.35,1290.05
1599,2021-02-09 10:50:00,1260.0,1260.0,1260.0,1260.0,25,125,1197.02,1225.35,1290.05
1600,2021-02-09 10:51:00,1260.0,1260.0,1260.0,1260.0,25,125,1197.02,1225.35,1290.05
1601,2021-02-09 10:52:00,1260.0,1260.0,1260.0,1260.0,25,125,1197.02,1225.35,1290.05
1602,2021-02-09 10:53:00,1260.0,1260.0,1260.0,1260.0,25,125,1197.02,1225.35,1290.05
1603,2021-02-09 10:54:00,1260.0,1260.0,1260.0,1260.0,25,125,1197.02,1225.35,1290.05
1604,2021-02-09 10:55:00,1260.0,1260.0,1260.0,1260.0,25,125,1197.02,1225.35,1290.05
1605,2021-02-09 10:56:00,1260.0,1260.0,1260.0,1260.0,25,125,1197.02,1225.35,1290.05
1606,2021-02-09 10:57:00,1260.0,1260.0,1260.0,1260.0,25,125,1197.02,1225.35,1290.05
1607,2021-02-09 10:58:00,1260.0,1260.0,1260.0,1260.0,25,125,1197.02,1225.35,1290.05
1608,2021-02-09 10:59:00,1260.0,1260.0,1260.0,1260.0,25,125,1197.02,1225.35,1290.05
1609,2021-02-09 11:00:00,1260.0,1260.0,1260.0,1260.0,25,125,1197.02,1225.35,1290.05
1610,2021-02-09 11:01:00,1260.0,1260.0,1260.0,1260.0,25,125,1197.02,1225.35,1290.05
1611,2021-02-09 11:02:00,1260.0,1260.0,1260.0,1260.0,25,125,1197.02,1225.35,1290.05
1612,2021-02-09 11:03:00,1260.0,1260.0,1260.0,1260.0,25,125,1197.02,1225.35,1290.05
1613,2021-02-09 11:04:00,1260.0,1260.0,1260.0,1260.0,25,125,1197.02,1225.35,1290.05
1614,2021-02-09 11:05:00,1260.0,1260.0,1260.0,1260.0,25,125,1197.02,1225.35,1290.05
1615,2021-02-09 11:06:00,1260.0,1260.0,1260.0,1260.0,25,125,1197.02,1225.35,1290.05
1616,2021-02-09 11:07:00,1260.0,1260.0,1260.0,1260.0,25,125,1197.02,1225.35,1290.05
1617,2021-02-09 11:08:00,1260.0,1260.0,1260.0,1260.0,25,125,1197.02,1225.35,1290.05
1618,2021-02-09 11:09:00,1260.0,1260.0,1260.0,1260.0,25,125,1197.02,1225.35,1290.05
1619,2021-02-09 11:10:00,1260.0,1260.0,1260.0,1260.0,25,125,1197.02,1225.35,1290.05
1620,2021-02-09 11:11:00,1260.0,1260.0,1260.0,1260.0,25,125,1197.02,1225.35,1290.05
1621,2021-02-09 11:12:00,1260.0,1260.0,1260.0,1260.0,25,125,1197.02,1225.35,1290.05
1622,2021-02-09 11:13:00,1260.0,1260.0,1260.0,1260.0,25,125,1197.02,1225.35,1290.05
1623,2021-02-09 11:14:00,1260.0,1260.0,1260.0,1260.0,25,125,1197.02,1225.35,1290.05
1624,2021-02-09 11:15:00,1260.0,1260.0,1260.0,1260.0,25,125,1197.02,1225.35,1290.05
1625,2021-02-09 11:16:00,1260.0,1260.0,1260.0,1260.0,25,125,1197.02,1225.35,1290.05
1626,2021-02-09 11:17:00,1260.0,1260.0,1260.0,1260.0,25,125,1197.02,1225.35,1290.05
1627,2021-02-09 11:18:00,1260.0,1260.0,1260.0,1260.0,25,125,1197.02,1225.35,1290.05
1628,2021-02-09 11:19:00,1260.0,1260.0,1260.0,1260.0,25,125,1197.02,1225.35,1290.05
1629,2021-02-09 11:20:00,1260.0,1260.0,1260.0,1260.0,25,125,1197.02,1225.35,1290.05
1630,2021-02-09 11:21:00,1260.0,1260.0,1260.0,1260.0,25,125,1197.02,1225.35,1290.05
1631,2021-02-09 11:22:00,1260.0,1260.0,1260.0,1260.0,25,125,1197.02,1225.35,1290.05
1632,2021-02-09 11:23:00,1260.0,1260.0,1260.0,1260.0,25,125,1197.02,1225.35,1290.05
1633,2021-02-09 11:24:00,1260.0,1260.0,1260.0,1260.0,25,125,1197.02,1225.35,1290.05
1634,2021-02-09 11:25:00,1260.0,1260.0,1260.0,1260.0,25,125,1197.02,1225.35,1290.05
1635,2021-02-09 11:26:00,1260.0,1260.0,1260.0,1260.0,25,125,1197.02,1225.35,1290.05
1636,2021-02-09 11:27:00,1260.0,1260.0,1260.0,1260.0,25,125,1197.02,1225.35,1290.05
1637,2021-02-09 11:28:00,1260.0,1260.0,1260.0,1260.0,25,125,1197.02,1225.35,1290.05
1638,2021-02-09 11:29:00,1260.0,1260.0,1260.0,1260.0,25,125,1197.02,1225.35,1290.05
1639,2021-02-09 11:30:00,1260.0,1260.0,1260.0,1260.0,25,125,1197.02,1225.35,1290.05
1640,2021-02-09 11:31:00,1260.0,1260.0,1260.0,1260.0,25,125,1197.02,1225.35,1290.05
1641,2021-02-09 11:32:00,1260.0,1260.0,1260.0,1260.0,25,125,1197.02,1225.35,1290.05
1642,2021-02-09 11:33:00,1260.0,1260.0,1260.0,1260.0,25,125,1197.02,1225.35,1290.05
1643,2021-02-09 11:34:00,1260.0,1260.0,1260.0,1260.0,25,125,1197.02,1225.35,1290.05
1644,2021-02-09 11:35:00,1260.0,1260.0,1260.0,1260.0,25,125,1197.02,1225.35,1290.05
1645,2021-02-09 11:36:00,1260.0,1260.0,1260.0,1260.0,25,125,1197.02,1225.35,1290.05
1646,2021-02-09 11:37:00,1260.0,1260.0,1260.0,1260.0,25,125,1197.02,1225.35,1290.05
1647,2021-02-09 11:38:00,1260.0,1260.0,1260.0,1260.0,25,125,1197.02,1225.35,1290.05
1648,2021-02-09 11:39:00,1260.0,1260.0,1260.0,1260.0,25,125,1197.02,1225.35,1290.05
1649,2021-02-09 11:40:00,1260.0,1260.0,1260.0,1260.0,25,125,1197.02,1225.35,1290.05
1650,2021-02-09 11:41:00,1260.0,1260.0,1260.0,1260.0,25,125,1197.02,1225.35,1290.05
1651,2021-02-09 11:42:00,1260.0,1260.0,1260.0,1260.0,25,125,1197.02,1225.35,1290.05
1652,2021-02-09 11:43:00,1260.0,1260.0,1260.0,1260.0,25,125,1197.02,1225.35,1290.05
1653,2021-02-09 11:44:00,1260.0,1260.0,1260.0,1260.0,25,125,1197.02,1225.35,1290.05
1654,2021-02-09 11:45:00,1260.0,1260.0,1260.0,1260.0,25,125,1197.02,1225.35,1290.05
1655,2021-02-09 11:46:00,1260.0,1260.0,1260.0,1260.0,25,125,1197.02,1225.35,1290.05
1656,2021-02-09 11:47:00,1260.0,1260.0,1260.0,1260.0,25,125,1197.02,1225.35,1290.05
1657,2021-02-09 11:48:00,1260.0,1260.0,1260.0,1260.0,25,125,1197.02,1225.35,1290.05
1658,2021-02-09 11:49:00,1260.0,1260.0,1260.0,1260.0,25,125,1197.02,1225.35,1290.05
1659,2021-02-09 11:50:00,1260.0,1260.0,1260.0,1260.0,25,125,1197.02,1225.35,1290.05
1660,2021-02-09 11:51:00,1260.0,1260.0,1260.0,1260.0,25,125,1197.02,1225.35,1290.05
1661,2021-02-09 11:52:00,1260.0,1260.0,1260.0,1260.0,25,125,1197.02,1225.35,1290.05
1662,2021-02-09 11:53:00,1260.0,1260.0,1260.0,1260.0,25,125,1197.02,1225.35,1290.05
1663,2021-02-09 11:54:00,1260.0,1260.0,1260.0,1260.0,25,125,1197.02,1225.35,1290.05
1664,2021-02-09 11:55:00,1260.0,1260.0,1260.0,1260.0,25,125,1197.02,1225.35,1290.05
1665,2021-02-09 11:56:00,1260.0,1260.0,1260.0,1260.0,25,125,1197.02,1225.35,1290.05
1666,2021-02-09 11:57:00,1260.0,1260.0,1260.0,1260.0,25,125,1197.02,1225.35,1290.05
1667,2021-02-09 11:58:00,1260.0,1260.0,1260.0,1260.0,25,125,1197.02,1225.35,1290.05
1668,2021-02-09 11:59:00,1260.0,1260.0,1260.0,1260.0,25,125,1197.02,1225.35,1290.05
1669,2021-02-09 12:00:00,1260.0,1260.0,1260.0,1260.0,25,125,1197.02,1225.35,1290.05
1670,2021-02-09 12:01:00,1260.0,1260.0,1260.0,1260.0,25,125,1197.02,1225.35,1290.05
1671,2021-02-09 12:02:00,1260.0,1260.0,1260.0,1260.0,25,125,1197.02,1225.35,1290.05
1672,2021-02-09 12:03:00,1260.0,1260.0,1260.0,1260.0,25,125,1197.02,1225.35,1290.05
1673,2021-02-09 12:04:00,1260.0,1260.0,1260.0,1260.0,25,125,1197.02,1225.35,1290.05
1674,2021-02-09 12:05:00,1260.0,1260.0,1260.0,1260.0,25,125,1197.02,1225.35,1290.05
1675,2021-02-09 12:06:00,1260.0,1260.0,1260.0,1260.0,25,125,1197.02,1225.35,1290.05
1676,2021-02-09 12:07:00,1260.0,1260.0,1260.0,1260.0,25,125,1197.02,1225.35,1290.05
1677,2021-02-09 12:08:00,1260.0,1260.0,1260.0,1260.0,25,125,1197.02,1225.35,1290.05
1678,2021-02-09 12:09:00,1260.0,1260.0,1260.0,1260.0,25,125,1197.02,1225.35,1290.05
1679,2021-02-09 12:10:00,1260.0,1260.0,1260.0,1260.0,25,125,1197.02,1225.35,1290.05
1680,2021-02-09 12:11:00,1260.0,1260.0,1260.0,1260.0,25,125,1197.02,1225.35,1290.05
1681,2021-02-09 12:12:00,1260.0,1260.0,1260.0,1260.0,25,125,1197.02,1225.35,1290.05
1682,2021-02-09 12:13:00,1260.0,1260.0,1260.0,1260.0,25,125,1197.02,1225.35,1290.05
1683,2021-02-09 12:14:00,1260.0,1260.0,1260.0,1260.0,25,125,1197.02,1225.35,1290.05
1684,2021-02-09 12:15:00,1260.0,1260.0,1260.0,1260.0,25,125,1197.02,1225.35,1290.05
1685,2021-02-09 12:16:00,1260.0,1260.0,1260.0,1260.0,25,125,1197.02,1225.35,1290.05
1686,2021-02-09 12:17:00,1260.0,1260.0,1260.0,1260.0,25,125,1197.02,1225.35,1290.05
1687,2021-02-09 12:18:00,1260.0,1260.0,1260.0,1260.0,25,125,1197.02,1225.35,1290.05
1688,2021-02-09 12:19:00,1260.0,1260.0,1260.0,1260.0,25,125,1197.02,1225.35,1290.05
1689,2021-02-09 12:20:00,1260.0,1260.0,1260.0,1260.0,25,125,1197.02,1225.35,1290.05
1690,2021-02-09 12:21:00,1260.0,1260.0,1260.0,1260.0,25,125,1197.02,1225.35,1290.05
1691,2021-02-09 12:22:00,1260.0,1260.0,1260.0,1260.0,25,125,1197.02,1225.35,1290.05
1692,2021-02-09 12:23:00,1260.0,1260.0,1260.0,1260.0,25,125,1197.02,1225.35,1290.05
1693,2021-02-09 12:24:00,1260.0,1260.0,1260.0,1260.0,25,125,1197.02,1225.35,1290.05
1694,2021-02-09 12:25:00,1260.0,1260.0,1260.0,1260.0,25,125,1197.02,1225.35,1290.05
1695,2021-02-09 12:26:00,1260.0,1260.0,1260.0,1260.0,25,125,1197.02,1225.35,1290.05
1696,2021-02-09 12:27:00,1260.0,1260.0,1260.0,1260.0,25,125,1197.02,1225.35,1290.05
1697,2021-02-09 12:28:00,1260.0,1260.0,1260.0,1260.0,25,125,1197.02,1225.35,1290.05
1698,2021-02-09 12:29:00,1260.0,1260.0,1260.0,1260.0,25,125,1197.02,1225.35,1290.05
1699,2021-02-09 12:30:00,1260.0,1260.0,1260.0,1260.0,25,125,1197.02,1225.35,1290.05
1700,2021-02-09 12:31:00,1260.0,1260.0,1260.0,1260.0,25,125,1197.02,1225.35,1290.05
1701,2021-02-09 12:32:00,1260.0,1260.0,1260.0,1260.0,25,125,1197.02,1225.35,1290.05
1702,2021-02-09 12:33:00,1260.0,1260.0,1260.0,1260.0,25,125,1197.02,1225.35,1290.05
1703,2021-02-09 12:34:00,1260.0,1260.0,1260.0,1260.0,25,125,1197.02,1225.35,1290.05
1704,2021-02-09 12:35:00,1260.0,1260.0,1260.0,1260.0,25,125,1197.02,1225.35,1290.05
1705,2021-02-09 12:36:00,1260.0,1260.0,1260.0,1260.0,25,125,1197.02,1225.35,1290.05
1706,2021-02-09 12:37:00,1260.0,1260.0,1260.0,1260.0,25,125,1197.02,1225.35,1290.05
1707,2021-02-09 12:38:00,1260.0,1260.0,1260.0,1260.0,25,125,1197.02,1225.35,1290.05
1708,2021-02-09 12:39:00,1260.0,1260.0,1260.0,1260.0,25,125,1197.02,1225.35,1290.05
1709,2021-02-09 12:40:00,1260.0,1260.0,1260.0,1260.0,25,125,1197.02,1225.35,1290.05
1710,2021-02-09 12:41:00,1260.0,1260.0,1260.0,1260.0,25,125,1197.02,1225.35,1290.05
1711,2021-02-09 12:42:00,1260.0,1260.0,1260.0,1260.0,25,125,1197.02,1225.35,1290.05
1712,2021-02-09 12:43:00,1260.0,1260.0,1260.0,1260.0,25,125,1197.02,1225.35,1290.05
1713,2021-02-09 12:44:00,1377.15,1377.15,1377.15,1377.15,25,125,1233.05,1351.35,1412.15
1714,2021-02-09 12:45:00,1377.15,1377.15,1377.15,1377.15,25,125,1233.05,1351.35,1412.15
1715,2021-02-09 12:46:00,1377.15,1377.15,1377.15,1377.15,25,125,1233.05,1351.35,1412.15
1716,2021-02-09 12:47:00,1377.15,1377.15,1377.15,1377.15,25,125,1233.05,1351.35,1412.15
1717,2021-02-09 12:48:00,1377.15,1377.15,1377.15,1377.15,25,125,1233.05,1351.35,1412.15
1718,2021-02-09 12:49:00,1377.15,1377.15,1377.15,1377.15,25,125,1233.05,1351.35,1412.15
1719,2021-02-09 12:50:00,1377.15,1377.15,1377.15,1377.15,25,125,1233.05,1351.35,1412.15
1720,2021-02-09 12:51:00,1377.15,1377.15,1377.15,1377.15,25,125,1233.05,1351.35,1412.15
1721,2021-02-09 12:52:00,1377.15,1377.15,1377.15,1377.15,25,125,1257.06,1358.7,1422.9
1722,2021-02-09 12:53:00,1377.15,1377.15,1377.15,1377.15,25,125,1257.06,1358.7,1422.9
1723,2021-02-09 12:54:00,1377.15,1377.15,1377.15,1377.15,25,125,1257.06,1358.7,1422.9
1724,2021-02-09 12:55:00,1377.15,1377.15,1377.15,1377.15,25,125,1257.06,1358.7,1422.9
1725,2021-02-09 12:56:00,1377.15,1377.15,1377.15,1377.15,25,125,1257.06,1358.7,1422.9
1726,2021-02-09 12:57:00,1377.15,1377.15,1377.15,1377.15,25,125,1257.06,1358.7,1422.9
1727,2021-02-09 12:58:00,1377.15,1377.15,1377.15,1377.15,25,125,1257.06,1358.7,1422.9
1728,2021-02-09 12:59:00,1377.15,1377.15,1377.15,1377.15,25,125,1257.06,1358.7,1422.9
1729,2021-02-09 13:00:00,1377.15,1377.15,1377.15,1377.15,25,125,1257.06,1358.7,1422.9
1730,2021-02-09 13:01:00,1377.15,1377.15,1377.15,1377.15,25,125,1257.06,1358.7,1422.9
1731,2021-02-09 13:02:00,1377.15,1377.15,1377.15,1377.15,25,125,1257.06,1358.7,1422.9
1732,2021-02-09 13:03:00,1377.15,1377.15,1377.15,1377.15,25,125,1257.06,1358.7,1422.9
1733,2021-02-09 13:04:00,1377.15,1377.15,1377.15,1377.15,25,125,1257.06,1358.7,1422.9
1734,2021-02-09 13:05:00,1377.15,1377.15,1377.15,1377.15,25,125,1257.06,1358.7,1422.9
1735,2021-02-09 13:06:00,1377.15,1377.15,1377.15,1377.15,25,125,1257.06,1358.7,1422.9
1736,2021-02-09 13:07:00,1377.15,1377.15,1377.15,1377.15,25,125,1257.06,1358.7,1422.9
1737,2021-02-09 13:08:00,1377.15,1377.15,1377.15,1377.15,25,125,1257.06,1358.7,1422.9
1738,2021-02-09 13:09:00,1377.15,1377.15,1377.15,1377.15,25,125,1257.06,1358.7,1422.9
1739,2021-02-09 13:10:00,1377.15,1377.15,1377.15,1377.15,25,125,1257.06,1358.7,1422.9
1740,2021-02-09 13:11:00,1377.15,1377.15,1377.15,1377.15,25,125,1257.06,1358.7,1422.9
1741,2021-02-09 13:12:00,1377.15,1377.15,1377.15,1377.15,25,125,1257.06,1358.7,1422.9
1742,2021-02-09 13:13:00,1377.15,1377.15,1377.15,1377.15,25,125,1257.06,1358.7,1422.9
1743,2021-02-09 13:14:00,1377.15,1377.15,1377.15,1377.15,25,125,1257.06,1358.7,1422.9
1744,2021-02-09 13:15:00,1377.15,1377.15,1377.15,1377.15,25,125,1257.06,1358.7,1422.9
1745,2021-02-09 13:16:00,1377.15,1377.15,1377.15,1377.15,25,125,1257.06,1358.7,1422.9
1746,2021-02-09 13:17:00,1377.15,1377.15,1377.15,1377.15,25,125,1257.06,1358.7,1422.9
1747,2021-02-09 13:18:00,1377.15,1377.15,1377.15,1377.15,25,125,1257.06,1358.7,1422.9
1748,2021-02-09 13:19:00,1377.15,1377.15,1377.15,1377.15,25,125,1257.06,1358.7,1422.9
1749,2021-02-09 13:20:00,1377.15,1377.15,1377.15,1377.15,25,125,1257.06,1358.7,1422.9
1750,2021-02-09 13:21:00,1377.15,1377.15,1377.15,1377.15,25,125,1257.06,1358.7,1422.9
1751,2021-02-09 13:22:00,1377.15,1377.15,1377.15,1377.15,25,125,1257.06,1358.7,1422.9
1752,2021-02-09 13:23:00,1377.15,1377.15,1377.15,1377.15,25,125,1257.06,1358.7,1422.9
1753,2021-02-09 13:24:00,1377.15,1377.15,1377.15,1377.15,25,125,1257.06,1358.7,1422.9
1754,2021-02-09 13:25:00,1377.15,1377.15,1377.15,1377.15,25,125,1257.06,1358.7,1422.9
1755,2021-02-09 13:26:00,1377.15,1377.15,1377.15,1377.15,25,125,1257.06,1358.7,1422.9
1756,2021-02-09 13:27:00,1379.0,1379.0,1379.0,1379.0,25,125,1274.48,1379.0,1416.95
1757,2021-02-09 13:28:00,1379.0,1379.0,1379.0,1379.0,25,125,1274.48,1379.0,1416.95
1758,2021-02-09 13:29:00,1379.0,1379.0,1379.0,1379.0,25,125,1274.48,1379.0,1416.95
1759,2021-02-09 13:30:00,1379.0,1379.0,1379.0,1379.0,25,125,1274.48,1379.0,1416.95
1760,2021-02-09 13:31:00,1379.0,1379.0,1379.0,1379.0,25,125,1274.48,1379.0,1416.95
1761,2021-02-09 13:32:00,1379.0,1379.0,1379.0,1379.0,25,125,1274.48,1379.0,1416.95
1762,2021-02-09 13:33:00,1379.0,1379.0,1379.0,1379.0,25,125,1274.48,1379.0,1416.95
1763,2021-02-09 13:34:00,1379.0,1379.0,1379.0,1379.0,25,125,1274.48,1379.0,1416.95
1764,2021-02-09 13:35:00,1379.0,1379.0,1379.0,1379.0,25,125,1274.48,1379.0,1416.95
1765,2021-02-09 13:36:00,1379.0,1379.0,1379.0,1379.0,25,125,1274.48,1379.0,1416.95
1766,2021-02-09 13:37:00,1379.0,1379.0,1379.0,1379.0,25,125,1274.48,1379.0,1416.95
1767,2021-02-09 13:38:00,1379.0,1379.0,1379.0,1379.0,25,125,1274.48,1379.0,1416.95
1768,2021-02-09 13:39:00,1379.0,1379.0,1379.0,1379.0,25,125,1274.48,1379.0,1416.95
1769,2021-02-09 13:40:00,1379.0,1379.0,1379.0,1379.0,25,125,1274.48,1379.0,1416.95
1770,2021-02-09 13:41:00,1379.0,1379.0,1379.0,1379.0,25,125,1274.48,1379.0,1416.95
1771,2021-02-09 13:42:00,1379.0,1379.0,1379.0,1379.0,25,125,1274.48,1379.0,1416.95
1772,2021-02-09 13:43:00,1379.0,1379.0,1379.0,1379.0,25,125,1274.48,1379.0,1416.95
1773,2021-02-09 13:44:00,1379.0,1379.0,1379.0,1379.0,25,125,1274.48,1379.0,1416.95
1774,2021-02-09 13:45:00,1379.0,1379.0,1379.0,1379.0,25,125,1274.48,1379.0,1416.95
1775,2021-02-09 13:46:00,1379.0,1379.0,1379.0,1379.0,25,125,1274.48,1379.0,1416.95
1776,2021-02-09 13:47:00,1379.0,1379.0,1379.0,1379.0,25,125,1274.48,1379.0,1416.95
1777,2021-02-09 13:48:00,1379.0,1379.0,1379.0,1379.0,25,125,1274.48,1379.0,1416.95
1778,2021-02-09 13:49:00,1379.0,1379.0,1379.0,1379.0,25,125,1274.48,1379.0,1416.95
1779,2021-02-09 13:50:00,1379.0,1379.0,1379.0,1379.0,25,125,1274.48,1379.0,1416.95
1780,2021-02-09 13:51:00,1379.0,1379.0,1379.0,1379.0,25,125,1274.48,1379.0,1416.95
1781,2021-02-09 13:52:00,1379.0,1379.0,1379.0,1379.0,25,125,1274.48,1379.0,1416.95
1782,2021-02-09 13:53:00,1379.0,1379.0,1379.0,1379.0,25,125,1274.48,1379.0,1416.95
1783,2021-02-09 13:54:00,1379.0,1379.0,1379.0,1379.0,25,125,1274.48,1379.0,1416.95
1784,2021-02-09 13:55:00,1379.0,1379.0,1379.0,1379.0,25,125,1274.48,1379.0,1416.95
1785,2021-02-09 13:56:00,1379.0,1379.0,1379.0,1379.0,25,125,1274.48,1379.0,1416.95
1786,2021-02-09 13:57:00,1379.0,1379.0,1379.0,1379.0,25,125,1274.48,1379.0,1416.95
1787,2021-02-09 13:58:00,1379.0,1379.0,1379.0,1379.0,25,125,1274.48,1379.0,1416.95
1788,2021-02-09 13:59:00,1379.0,1379.0,1379.0,1379.0,25,125,1274.48,1379.0,1416.95
1789,2021-02-09 14:00:00,1379.0,1379.0,1379.0,1379.0,25,100,1287.55,1296.75,1411.65
1790,2021-02-09 14:01:00,1379.0,1379.0,1379.0,1379.0,25,100,1287.55,1296.75,1411.65
1791,2021-02-09 14:02:00,1379.0,1379.0,1379.0,1379.0,25,100,1287.55,1296.75,1411.65
1792,2021-02-09 14:03:00,1379.0,1379.0,1379.0,1379.0,25,100,1287.55,1296.75,1411.65
1793,2021-02-09 14:04:00,1379.0,1379.0,1379.0,1379.0,25,100,1287.55,1296.75,1411.65
1794,2021-02-09 14:05:00,1379.0,1379.0,1379.0,1379.0,25,100,1287.55,1296.75,1411.65
1795,2021-02-09 14:06:00,1379.0,1379.0,1379.0,1379.0,25,100,1287.55,1296.75,1411.65
1796,2021-02-09 14:07:00,1379.0,1379.0,1379.0,1379.0,25,100,1287.55,1296.75,1411.65
1797,2021-02-09 14:08:00,1379.0,1379.0,1379.0,1379.0,25,100,1287.55,1296.75,1411.65
1798,2021-02-09 14:09:00,1379.0,1379.0,1379.0,1379.0,25,100,1287.55,1296.75,1411.65
1799,2021-02-09 14:10:00,1379.0,1379.0,1379.0,1379.0,25,100,1287.55,1296.75,1411.65
1800,2021-02-09 14:11:00,1379.0,1379.0,1379.0,1379.0,25,100,1287.55,1296.75,1411.65
1801,2021-02-09 14:12:00,1379.0,1379.0,1379.0,1379.0,25,100,1287.55,1296.75,1411.65
1802,2021-02-09 14:13:00,1379.0,1379.0,1379.0,1379.0,25,100,1287.55,1296.75,1411.65
1803,2021-02-09 14:14:00,1379.0,1379.0,1379.0,1379.0,25,100,1287.55,1296.75,1411.65
1804,2021-02-09 14:15:00,1379.0,1379.0,1379.0,1379.0,25,100,1287.55,1296.75,1411.65
1805,2021-02-09 14:16:00,1379.0,1379.0,1379.0,1379.0,25,100,1287.55,1296.75,1411.65
1806,2021-02-09 14:17:00,1379.0,1379.0,1379.0,1379.0,25,100,1287.55,1296.75,1411.65
1807,2021-02-09 14:18:00,1379.0,1379.0,1379.0,1379.0,25,100,1287.55,1296.75,1411.65
1808,2021-02-09 14:19:00,1379.0,1379.0,1379.0,1379.0,25,100,1287.55,1296.75,1411.65
1809,2021-02-09 14:20:00,1379.0,1379.0,1379.0,1379.0,25,100,1287.55,1296.75,1411.65
1810,2021-02-09 14:21:00,1379.0,1379.0,1379.0,1379.0,25,100,1287.55,1296.75,1411.65
1811,2021-02-09 14:22:00,1379.0,1379.0,1379.0,1379.0,25,100,1287.55,1296.75,1411.65
1812,2021-02-09 14:23:00,1379.0,1379.0,1379.0,1379.0,25,100,1287.55,1296.75,1411.65
1813,2021-02-09 14:24:00,1379.0,1379.0,1379.0,1379.0,25,100,1287.55,1296.75,1411.65
1814,2021-02-09 14:25:00,1379.0,1379.0,1379.0,1379.0,25,100,1287.55,1296.75,1411.65
1815,2021-02-09 14:26:00,1379.0,1379.0,1379.0,1379.0,25,100,1287.55,1296.75,1411.65
1816,2021-02-09 14:27:00,1379.0,1379.0,1379.0,1379.0,25,100,1287.55,1296.75,1411.65
1817,2021-02-09 14:28:00,1379.0,1379.0,1379.0,1379.0,25,100,1287.55,1296.75,1411.65
1818,2021-02-09 14:29:00,1379.0,1379.0,1379.0,1379.0,25,100,1287.55,1296.75,1411.65
1819,2021-02-09 14:30:00,1379.0,1379.0,1379.0,1379.0,25,100,1287.55,1296.75,1411.65
1820,2021-02-09 14:31:00,1379.0,1379.0,1379.0,1379.0,25,100,1287.55,1296.75,1411.65
1821,2021-02-09 14:32:00,1379.0,1379.0,1379.0,1379.0,25,100,1287.55,1296.75,1411.65
1822,2021-02-09 14:33:00,1379.0,1379.0,1379.0,1379.0,25,100,1287.55,1296.75,1411.65
1823,2021-02-09 14:34:00,1379.0,1379.0,1379.0,1379.0,25,100,1287.55,1296.75,1411.65
1824,2021-02-09 14:35:00,1379.0,1379.0,1379.0,1379.0,25,100,1287.55,1296.75,1411.65
1825,2021-02-09 14:36:00,1379.0,1379.0,1379.0,1379.0,25,100,1287.55,1296.75,1411.65
1826,2021-02-09 14:37:00,1379.0,1379.0,1379.0,1379.0,25,100,1287.55,1296.75,1411.65
1827,2021-02-09 14:38:00,1379.0,1379.0,1379.0,1379.0,25,100,1287.55,1296.75,1411.65
1828,2021-02-09 14:39:00,1379.0,1379.0,1379.0,1379.0,25,100,1287.55,1296.75,1411.65
1829,2021-02-09 14:40:00,1379.0,1379.0,1379.0,1379.0,25,100,1287.55,1296.75,1411.65
1830,2021-02-09 14:41:00,1379.0,1379.0,1379.0,1379.0,25,100,1287.55,1296.75,1411.65
1831,2021-02-09 14:42:00,1379.0,1379.0,1379.0,1379.0,25,100,1287.55,1296.75,1411.65
1832,2021-02-09 14:43:00,1379.0,1379.0,1379.0,1379.0,25,100,1287.55,1296.75,1411.65
1833,2021-02-09 14:44:00,1379.0,1379.0,1379.0,1379.0,25,100,1287.55,1296.75,1411.65
1834,2021-02-09 14:45:00,1379.0,1379.0,1379.0,1379.0,25,100,1287.55,1296.75,1411.65
1835,2021-02-09 14:46:00,1379.0,1379.0,1379.0,1379.0,25,100,1287.55,1296.75,1411.65
1836,2021-02-09 14:47:00,1379.0,1379.0,1379.0,1379.0,25,100,1287.55,1296.75,1411.65
1837,2021-02-09 14:48:00,1379.0,1379.0,1379.0,1379.0,25,100,1287.55,1296.75,1411.65
1838,2021-02-09 14:49:00,1379.0,1379.0,1379.0,1379.0,25,100,1287.55,1296.75,1411.65
1839,2021-02-09 14:50:00,1379.0,1379.0,1379.0,1379.0,25,100,1287.55,1296.75,1411.65
1840,2021-02-09 14:51:00,1379.0,1379.0,1379.0,1379.0,25,100,1287.55,1296.75,1411.65
1841,2021-02-09 14:52:00,1379.0,1379.0,1379.0,1379.0,25,100,1287.55,1296.75,1411.65
1842,2021-02-09 14:53:00,1379.0,1379.0,1379.0,1379.0,25,100,1287.55,1296.75,1411.65
1843,2021-02-09 14:54:00,1379.0,1379.0,1379.0,1379.0,25,100,1287.55,1296.75,1411.65
1844,2021-02-09 14:55:00,1379.0,1379.0,1379.0,1379.0,25,100,1287.55,1296.75,1411.65
1845,2021-02-09 14:56:00,1379.0,1379.0,1379.0,1379.0,25,100,1287.55,1296.75,1411.65
1846,2021-02-09 14:57:00,1379.0,1379.0,1379.0,1379.0,25,100,1287.55,1296.75,1411.65
1847,2021-02-09 14:58:00,1379.0,1379.0,1379.0,1379.0,25,100,1287.55,1296.75,1411.65
1848,2021-02-09 14:59:00,1379.0,1379.0,1379.0,1379.0,25,100,1287.55,1296.75,1411.65
1849,2021-02-09 15:00:00,1379.0,1379.0,1379.0,1379.0,25,100,1287.55,1296.75,1411.65
1850,2021-02-09 15:01:00,1379.0,1379.0,1379.0,1379.0,25,100,1287.55,1296.75,1411.65
1851,2021-02-09 15:02:00,1379.0,1379.0,1379.0,1379.0,25,100,1287.55,1296.75,1411.65
1852,2021-02-09 15:03:00,1379.0,1379.0,1379.0,1379.0,25,100,1287.55,1296.75,1411.65
1853,2021-02-09 15:04:00,1379.0,1379.0,1379.0,1379.0,25,100,1287.55,1296.75,1411.65
1854,2021-02-09 15:05:00,1379.0,1379.0,1379.0,1379.0,25,100,1287.55,1296.75,1411.65
1855,2021-02-09 15:06:00,1379.0,1379.0,1379.0,1379.0,25,100,1287.55,1296.75,1411.65
1856,2021-02-09 15:07:00,1379.0,1379.0,1379.0,1379.0,25,100,1287.55,1296.75,1411.65
1857,2021-02-09 15:08:00,1379.0,1379.0,1379.0,1379.0,25,100,1287.55,1296.75,1411.65
1858,2021-02-09 15:09:00,1379.0,1379.0,1379.0,1379.0,25,100,1287.55,1296.75,1411.65
1859,2021-02-09 15:10:00,1379.0,1379.0,1379.0,1379.0,25,100,1287.55,1296.75,1411.65
1860,2021-02-09 15:11:00,1379.0,1379.0,1379.0,1379.0,25,100,1287.55,1296.75,1411.65
1861,2021-02-09 15:12:00,1379.0,1379.0,1379.0,1379.0,25,100,1287.55,1296.75,1411.65
1862,2021-02-09 15:13:00,1379.0,1379.0,1379.0,1379.0,25,100,1287.55,1296.75,1411.65
1863,2021-02-09 15:14:00,1379.0,1379.0,1379.0,1379.0,25,100,1287.55,1296.75,1411.65
1864,2021-02-09 15:15:00,1379.0,1379.0,1379.0,1379.0,25,100,1287.55,1296.75,1411.65
1865,2021-02-09 15:16:00,1379.0,1379.0,1379.0,1379.0,25,100,1287.55,1296.75,1411.65
1866,2021-02-09 15:17:00,1379.0,1379.0,1379.0,1379.0,25,100,1287.55,1296.75,1411.65
1867,2021-02-09 15:18:00,1379.0,1379.0,1379.0,1379.0,25,100,1287.55,1296.75,1411.65
1868,2021-02-09 15:19:00,1379.0,1379.0,1379.0,1379.0,25,100,1287.55,1296.75,1411.65
1869,2021-02-09 15:20:00,1379.0,1379.0,1379.0,1379.0,25,100,1287.55,1296.75,1411.65
1870,2021-02-09 15:21:00,1379.0,1379.0,1379.0,1379.0,25,100,1287.55,1296.75,1411.65
1871,2021-02-09 15:22:00,1379.0,1379.0,1379.0,1379.0,25,100,1287.55,1296.75,1411.65
1872,2021-02-09 15:23:00,1379.0,1379.0,1379.0,1379.0,25,100,1287.55,1296.75,1411.65
1873,2021-02-09 15:24:00,1379.0,1379.0,1379.0,1379.0,25,100,1287.55,1296.75,1411.65
1874,2021-02-09 15:25:00,1379.0,1379.0,1379.0,1379.0,25,100,1287.55,1296.75,1411.65
1875,2021-02-09 15:26:00,1379.0,1379.0,1379.0,1379.0,25,100,1287.55,1296.75,1411.65
1876,2021-02-09 15:27:00,1379.0,1379.0,1379.0,1379.0,25,100,1287.55,1296.75,1411.65
1877,2021-02-09 15:28:00,1379.0,1379.0,1379.0,1379.0,25,100,1287.55,1296.75,1411.65
1878,2021-02-09 15:29:00,1379.0,1379.0,1379.0,1379.0,25,100,1287.55,1296.75,1411.65
1879,2021-02-09 15:30:00,1379.0,1379.0,1379.0,1379.0,25,100,1287.55,1296.75,1411.65
1880,2021-02-10 09:15:00,1379.0,1379.0,1379.0,1379.0,25,100,1287.55,1296.75,1411.65
1881,2021-02-10 09:16:00,1379.0,1379.0,1379.0,1379.0,25,100,1287.55,1296.75,1411.65
1882,2021-02-10 09:17:00,1379.0,1379.0,1379.0,1379.0,25,100,1287.55,1296.75,1411.65
1883,2021-02-10 09:18:00,1379.0,1379.0,1379.0,1379.0,25,100,1287.55,1296.75,1411.65
1884,2021-02-10 09:19:00,1379.0,1379.0,1379.0,1379.0,25,100,1287.55,1296.75,1411.65
1885,2021-02-10 09:20:00,1379.0,1379.0,1379.0,1379.0,25,100,1287.55,1296.75,1411.65
1886,2021-02-10 09:21:00,1379.0,1379.0,1379.0,1379.0,25,100,1287.55,1296.75,1411.65
1887,2021-02-10 09:22:00,1379.0,1379.0,1379.0,1379.0,25,100,1287.55,1296.75,1411.65
1888,2021-02-10 09:23:00,1379.0,1379.0,1379.0,1379.0,25,100,1287.55,1296.75,1411.65
1889,2021-02-10 09:24:00,1379.0,1379.0,1379.0,1379.0,25,100,1287.55,1296.75,1411.65
1890,2021-02-10 09:25:00,1379.0,1379.0,1379.0,1379.0,25,100,1287.55,1296.75,1411.65
1891,2021-02-10 09:26:00,1379.0,1379.0,1379.0,1379.0,25,100,1287.55,1296.75,1411.65
1892,2021-02-10 09:27:00,1379.0,1379.0,1379.0,1379.0,25,100,1287.55,1296.75,1411.65
1893,2021-02-10 09:28:00,1379.0,1379.0,1379.0,1379.0,25,100,1287.55,1296.75,1411.65
1894,2021-02-10 09:29:00,1379.0,1379.0,1379.0,1379.0,25,100,1287.55,1296.75,1411.65
1895,2021-02-10 09:30:00,1379.0,1379.0,1379.0,1379.0,25,100,1287.55,1296.75,1411.65
1896,2021-02-10 09:31:00,1379.0,1379.0,1379.0,1379.0,25,100,1287.55,1296.75,1411.65
1897,2021-02-10 09:32:00,1379.0,1379.0,1379.0,1379.0,25,100,1287.55,1296.75,1411.65
1898,2021-02-10 09:33:00,1379.0,1379.0,1379.0,1379.0,25,100,1287.55,1296.75,1411.65
1899,2021-02-10 09:34:00,1379.0,1379.0,1379.0,1379.0,25,100,1287.55,1296.75,1411.65
1900,2021-02-10 09:35:00,1379.0,1379.0,1379.0,1379.0,25,100,1287.55,1296.75,1411.65
1901,2021-02-10 09:36:00,1379.0,1379.0,1379.0,1379.0,25,100,1287.55,1296.75,1411.65
1902,2021-02-10 09:37:00,1379.0,1379.0,1379.0,1379.0,25,100,1287.55,1296.75,1411.65
1903,2021-02-10 09:38:00,1379.0,1379.0,1379.0,1379.0,25,100,1287.55,1296.75,1411.65
1904,2021-02-10 09:39:00,1379.0,1379.0,1379.0,1379.0,25,100,1287.55,1296.75,1411.65
1905,2021-02-10 09:40:00,1379.0,1379.0,1379.0,1379.0,25,100,1287.55,1296.75,1411.65
1906,2021-02-10 09:41:00,1379.0,1379.0,1379.0,1379.0,25,100,1287.55,1296.75,1411.65
1907,2021-02-10 09:42:00,1379.0,1379.0,1379.0,1379.0,25,100,1287.55,1296.75,1411.65
1908,2021-02-10 09:43:00,1379.0,1379.0,1379.0,1379.0,25,100,1287.55,1296.75,1411.65
1909,2021-02-10 09:44:00,1379.0,1379.0,1379.0,1379.0,25,100,1287.55,1296.75,1411.65
1910,2021-02-10 09:45:00,1379.0,1379.0,1379.0,1379.0,25,100,1287.55,1296.75,1411.65
1911,2021-02-10 09:46:00,1379.0,1379.0,1379.0,1379.0,25,100,1287.55,1296.75,1411.65
1912,2021-02-10 09:47:00,1379.0,1379.0,1379.0,1379.0,25,100,1287.55,1296.75,1411.65
1913,2021-02-10 09:48:00,1379.0,1379.0,1379.0,1379.0,25,100,1287.55,1296.75,1411.65
1914,2021-02-10 09:49:00,1379.0,1379.0,1379.0,1379.0,25,100,1287.55,1296.75,1411.65
1915,2021-02-10 09:50:00,1379.0,1379.0,1379.0,1379.0,25,100,1287.55,1296.75,1411.65
1916,2021-02-10 09:51:00,1379.0,1379.0,1379.0,1379.0,25,100,1287.55,1296.75,1411.65
1917,2021-02-10 09:52:00,1379.0,1379.0,1379.0,1379.0,25,100,1287.55,1296.75,1411.65
1918,2021-02-10 09:53:00,1379.0,1379.0,1379.0,1379.0,25,100,1287.55,1296.75,1411.65
1919,2021-02-10 09:54:00,1379.0,1379.0,1379.0,1379.0,25,100,1287.55,1296.75,1411.65
1920,2021-02-10 09:55:00,1379.0,1379.0,1379.0,1379.0,25,100,1287.55,1296.75,1411.65
1921,2021-02-10 09:56:00,1379.0,1379.0,1379.0,1379.0,25,100,1287.55,1296.75,1411.65
1922,2021-02-10 09:57:00,1379.0,1379.0,1379.0,1379.0,25,100,1287.55,1296.75,1411.65
1923,2021-02-10 09:58:00,1379.0,1379.0,1379.0,1379.0,25,100,1287.55,1296.75,1411.65
1924,2021-02-10 09:59:00,1379.0,1379.0,1379.0,1379.0,25,100,1287.55,1296.75,1411.65
1925,2021-02-10 10:00:00,1379.0,1379.0,1379.0,1379.0,25,100,1287.55,1296.75,1411.65
1926,2021-02-10 10:01:00,1379.0,1379.0,1379.0,1379.0,25,100,1287.55,1296.75,1411.65
1927,2021-02-10 10:02:00,1379.0,1379.0,1379.0,1379.0,25,100,1287.55,1296.75,1411.65
1928,2021-02-10 10:03:00,1379.0,1379.0,1379.0,1379.0,25,100,1287.55,1296.75,1411.65
1929,2021-02-10 10:04:00,1379.0,1379.0,1379.0,1379.0,25,100,1287.55,1296.75,1411.65
1930,2021-02-10 10:05:00,1379.0,1379.0,1379.0,1379.0,25,100,1287.55,1296.75,1411.65
1931,2021-02-10 10:06:00,1379.0,1379.0,1379.0,1379.0,25,100,1287.55,1296.75,1411.65
1932,2021-02-10 10:07:00,1379.0,1379.0,1379.0,1379.0,25,100,1287.55,1296.75,1411.65
1933,2021-02-10 10:08:00,1379.0,1379.0,1379.0,1379.0,25,100,1287.55,1296.75,1411.65
1934,2021-02-10 10:09:00,1379.0,1379.0,1379.0,1379.0,25,100,1287.55,1296.75,1411.65
1935,2021-02-10 10:10:00,1379.0,1379.0,1379.0,1379.0,25,100,1287.55,1296.75,1411.65
1936,2021-02-10 10:11:00,1379.0,1379.0,1379.0,1379.0,25,100,1287.55,1296.75,1411.65
1937,2021-02-10 10:12:00,1379.0,1379.0,1379.0,1379.0,25,100,1287.55,1296.75,1411.65
1938,2021-02-10 10:13:00,1379.0,1379.0,1379.0,1379.0,25,100,1287.55,1296.75,1411.65
1939,2021-02-10 10:14:00,1379.0,1379.0,1379.0,1379.0,25,100,1287.55,1296.75,1411.65
1940,2021-02-10 10:15:00,1379.0,1379.0,1379.0,1379.0,25,100,1287.55,1296.75,1411.65
1941,2021-02-10 10:16:00,1379.0,1379.0,1379.0,1379.0,25,100,1287.55,1296.75,1411.65
1942,2021-02-10 10:17:00,1379.0,1379.0,1379.0,1379.0,25,100,1287.55,1296.75,1411.65
1943,2021-02-10 10:18:00,1379.0,1379.0,1379.0,1379.0,25,100,1287.55,1296.75,1411.65
1944,2021-02-10 10:19:00,1379.0,1379.0,1379.0,1379.0,25,100,1287.55,1296.75,1411.65
1945,2021-02-10 10:20:00,1379.0,1379.0,1379.0,1379.0,25,100,1287.55,1296.75,1411.65
1946,2021-02-10 10:21:00,1379.0,1379.0,1379.0,1379.0,25,100,1287.55,1296.75,1411.65
1947,2021-02-10 10:22:00,1379.0,1379.0,1379.0,1379.0,25,100,1287.55,1296.75,1411.65
1948,2021-02-10 10:23:00,1379.0,1379.0,1379.0,1379.0,25,100,1287.55,1296.75,1411.65
1949,2021-02-10 10:24:00,1379.0,1379.0,1379.0,1379.0,25,100,1287.55,1296.75,1411.65
1950,2021-02-10 10:25:00,1379.0,1379.0,1379.0,1379.0,25,100,1287.55,1296.75,1411.65
1951,2021-02-10 10:26:00,1379.0,1379.0,1379.0,1379.0,25,100,1287.55,1296.75,1411.65
1952,2021-02-10 10:27:00,1379.0,1379.0,1379.0,1379.0,25,100,1287.55,1296.75,1411.65
1953,2021-02-10 10:28:00,1379.0,1379.0,1379.0,1379.0,25,100,1287.55,1296.75,1411.65
1954,2021-02-10 10:29:00,1379.0,1379.0,1379.0,1379.0,25,100,1287.55,1296.75,1411.65
1955,2021-02-10 10:30:00,1379.0,1379.0,1379.0,1379.0,25,100,1287.55,1296.75,1411.65
1956,2021-02-10 10:31:00,1379.0,1379.0,1379.0,1379.0,25,100,1287.55,1296.75,1411.65
1957,2021-02-10 10:32:00,1379.0,1379.0,1379.0,1379.0,25,100,1287.55,1296.75,1411.65
1958,2021-02-10 10:33:00,1379.0,1379.0,1379.0,1379.0,25,100,1287.55,1296.75,1411.65
1959,2021-02-10 10:34:00,1379.0,1379.0,1379.0,1379.0,25,100,1287.55,1296.75,1411.65
1960,2021-02-10 10:35:00,1379.0,1379.0,1379.0,1379.0,25,100,1287.55,1296.75,1411.65
1961,2021-02-10 10:36:00,1379.0,1379.0,1379.0,1379.0,25,100,1287.55,1296.75,1411.65
1962,2021-02-10 10:37:00,1379.0,1379.0,1379.0,1379.0,25,100,1287.55,1296.75,1411.65
1963,2021-02-10 10:38:00,1379.0,1379.0,1379.0,1379.0,25,100,1287.55,1296.75,1411.65
1964,2021-02-10 10:39:00,1379.0,1379.0,1379.0,1379.0,25,100,1287.55,1296.75,1411.65
1965,2021-02-10 10:40:00,1379.0,1379.0,1379.0,1379.0,25,100,1287.55,1296.75,1411.65
1966,2021-02-10 10:41:00,1379.0,1379.0,1379.0,1379.0,25,100,1287.55,1296.75,1411.65
1967,2021-02-10 10:42:00,1379.0,1379.0,1379.0,1379.0,25,100,1287.55,1296.75,1411.65
1968,2021-02-10 10:43:00,1379.0,1379.0,1379.0,1379.0,25,100,1287.55,1296.75,1411.65
1969,2021-02-10 10:44:00,1379.0,1379.0,1379.0,1379.0,25,100,1287.55,1296.75,1411.65
1970,2021-02-10 10:45:00,1379.0,1379.0,1379.0,1379.0,25,100,1287.55,1296.75,1411.65
1971,2021-02-10 10:46:00,1379.0,1379.0,1379.0,1379.0,25,100,1287.55,1296.75,1411.65
1972,2021-02-10 10:47:00,1379.0,1379.0,1379.0,1379.0,25,100,1287.55,1296.75,1411.65
1973,2021-02-10 10:48:00,1379.0,1379.0,1379.0,1379.0,25,100,1287.55,1296.75,1411.65
1974,2021-02-10 10:49:00,1379.0,1379.0,1379.0,1379.0,25,100,1287.55,1296.75,1411.65
1975,2021-02-10 10:50:00,1379.0,1379.0,1379.0,1379.0,25,100,1287.55,1296.75,1411.65
1976,2021-02-10 10:51:00,1379.0,1379.0,1379.0,1379.0,25,100,1287.55,1296.75,1411.65
1977,2021-02-10 10:52:00,1379.0,1379.0,1379.0,1379.0,25,100,1287.55,1296.75,1411.65
1978,2021-02-10 10:53:00,1379.0,1379.0,1379.0,1379.0,25,100,1287.55,1296.75,1411.65
1979,2021-02-10 10:54:00,1379.0,1379.0,1379.0,1379.0,25,100,1287.55,1296.75,1411.65
1980,2021-02-10 10:55:00,1379.0,1379.0,1379.0,1379.0,25,100,1287.55,1296.75,1411.65
1981,2021-02-10 10:56:00,1379.0,1379.0,1379.0,1379.0,25,100,1287.55,1296.75,1411.65
1982,2021-02-10 10:57:00,1379.0,1379.0,1379.0,1379.0,25,100,1287.55,1296.75,1411.65
1983,2021-02-10 10:58:00,1379.0,1379.0,1379.0,1379.0,25,100,1287.55,1296.75,1411.65
1984,2021-02-10 10:59:00,1379.0,1379.0,1379.0,1379.0,25,100,1287.55,1296.75,1411.65
1985,2021-02-10 11:00:00,1379.0,1379.0,1379.0,1379.0,25,100,1287.55,1296.75,1411.65
1986,2021-02-10 11:01:00,1379.0,1379.0,1379.0,1379.0,25,100,1287.55,1296.75,1411.65
1987,2021-02-10 11:02:00,1379.0,1379.0,1379.0,1379.0,25,100,1287.55,1296.75,1411.65
1988,2021-02-10 11:03:00,1379.0,1379.0,1379.0,1379.0,25,100,1287.55,1296.75,1411.65
1989,2021-02-10 11:04:00,1379.0,1379.0,1379.0,1379.0,25,100,1287.55,1296.75,1411.65
1990,2021-02-10 11:05:00,1379.0,1379.0,1379.0,1379.0,25,100,1287.55,1296.75,1411.65
1991,2021-02-10 11:06:00,1379.0,1379.0,1379.0,1379.0,25,100,1287.55,1296.75,1411.65
1992,2021-02-10 11:07:00,1379.0,1379.0,1379.0,1379.0,25,100,1287.55,1296.75,1411.65
1993,2021-02-10 11:08:00,1379.0,1379.0,1379.0,1379.0,25,100,1287.55,1296.75,1411.65
1994,2021-02-10 11:09:00,1379.0,1379.0,1379.0,1379.0,25,100,1287.55,1296.75,1411.65
1995,2021-02-10 11:10:00,1379.0,1379.0,1379.0,1379.0,25,100,1287.55,1296.75,1411.65
1996,2021-02-10 11:11:00,1379.0,1379.0,1379.0,1379.0,25,100,1287.55,1296.75,1411.65
1997,2021-02-10 11:12:00,1379.0,1379.0,1379.0,1379.0,25,100,1287.55,1296.75,1411.65
1998,2021-02-10 11:13:00,1379.0,1379.0,1379.0,1379.0,25,100,1287.55,1296.75,1411.65
1999,2021-02-10 11:14:00,1379.0,1379.0,1379.0,1379.0,25,100,1287.55,1296.75,1411.65
2000,2021-02-10 11:15:00,1379.0,1379.0,1379.0,1379.0,25,100,1287.55,1296.75,1411.65
2001,2021-02-10 11:16:00,1379.0,1379.0,1379.0,1379.0,25,100,1287.55,1296.75,1411.65
2002,2021-02-10 11:17:00,1379.0,1379.0,1379.0,1379.0,25,100,1287.55,1296.75,1411.65
2003,2021-02-10 11:18:00,1379.0,1379.0,1379.0,1379.0,25,100,1287.55,1296.75,1411.65
2004,2021-02-10 11:19:00,1379.0,1379.0,1379.0,1379.0,25,100,1287.55,1296.75,1411.65
2005,2021-02-10 11:20:00,1379.0,1379.0,1379.0,1379.0,25,100,1287.55,1296.75,1411.65
2006,2021-02-10 11:21:00,1379.0,1379.0,1379.0,1379.0,25,100,1287.55,1296.75,1411.65
2007,2021-02-10 11:22:00,1379.0,1379.0,1379.0,1379.0,25,100,1287.55,1296.75,1411.65
2008,2021-02-10 11:23:00,1379.0,1379.0,1379.0,1379.0,25,100,1287.55,1296.75,1411.65
2009,2021-02-10 11:24:00,1379.0,1379.0,1379.0,1379.0,25,100,1287.55,1296.75,1411.65
2010,2021-02-10 11:25:00,1379.0,1379.0,1379.0,1379.0,25,100,1287.55,1296.75,1411.65
2011,2021-02-10 11:26:00,1379.0,1379.0,1379.0,1379.0,25,100,1287.55,1296.75,1411.65
2012,2021-02-10 11:27:00,1379.0,1379.0,1379.0,1379.0,25,100,1287.55,1296.75,1411.65
2013,2021-02-10 11:28:00,1379.0,1379.0,1379.0,1379.0,25,100,1287.55,1296.75,1411.65
2014,2021-02-10 11:29:00,1379.0,1379.0,1379.0,1379.0,25,100,1287.55,1296.75,1411.65
2015,2021-02-10 11:30:00,1379.0,1379.0,1379.0,1379.0,25,100,1287.55,1296.75,1411.65
2016,2021-02-10 11:31:00,1379.0,1379.0,1379.0,1379.0,25,100,1287.55,1296.75,1411.65
2017,2021-02-10 11:32:00,1379.0,1379.0,1379.0,1379.0,25,100,1287.55,1296.75,1411.65
2018,2021-02-10 11:33:00,1379.0,1379.0,1379.0,1379.0,25,100,1287.55,1296.75,1411.65
2019,2021-02-10 11:34:00,1379.0,1379.0,1379.0,1379.0,25,100,1287.55,1296.75,1411.65
2020,2021-02-10 11:35:00,1379.0,1379.0,1379.0,1379.0,25,100,1287.55,1296.75,1411.65
2021,2021-02-10 11:36:00,1379.0,1379.0,1379.0,1379.0,25,100,1287.55,1296.75,1411.65
2022,2021-02-10 11:37:00,1379.0,1379.0,1379.0,1379.0,25,100,1287.55,1296.75,1411.65
2023,2021-02-10 11:38:00,1379.0,1379.0,1379.0,1379.0,25,100,1287.55,1296.75,1411.65
2024,2021-02-10 11:39:00,1379.0,1379.0,1379.0,1379.0,25,100,1287.55,1296.75,1411.65
2025,2021-02-10 11:40:00,1379.0,1379.0,1379.0,1379.0,25,100,1287.55,1296.75,1411.65
2026,2021-02-10 11:41:00,1379.0,1379.0,1379.0,1379.0,25,100,1287.55,1296.75,1411.65
2027,2021-02-10 11:42:00,1379.0,1379.0,1379.0,1379.0,25,100,1287.55,1296.75,1411.65
2028,2021-02-10 11:43:00,1379.0,1379.0,1379.0,1379.0,25,100,1287.55,1296.75,1411.65
2029,2021-02-10 11:44:00,1379.0,1379.0,1379.0,1379.0,25,100,1287.55,1296.75,1411.65
2030,2021-02-10 11:45:00,1379.0,1379.0,1379.0,1379.0,25,100,1287.55,1296.75,1411.65
2031,2021-02-10 11:46:00,1379.0,1379.0,1379.0,1379.0,25,100,1287.55,1296.75,1411.65
2032,2021-02-10 11:47:00,1379.0,1379.0,1379.0,1379.0,25,100,1287.55,1296.75,1411.65
2033,2021-02-10 11:48:00,1379.0,1379.0,1379.0,1379.0,25,100,1287.55,1296.75,1411.65
2034,2021-02-10 11:49:00,1379.0,1379.0,1379.0,1379.0,25,100,1287.55,1296.75,1411.65
2035,2021-02-10 11:50:00,1379.0,1379.0,1379.0,1379.0,25,100,1287.55,1296.75,1411.65
2036,2021-02-10 11:51:00,1379.0,1379.0,1379.0,1379.0,25,100,1287.55,1296.75,1411.65
2037,2021-02-10 11:52:00,1379.0,1379.0,1379.0,1379.0,25,100,1287.55,1296.75,1411.65
2038,2021-02-10 11:53:00,1379.0,1379.0,1379.0,1379.0,25,100,1287.55,1296.75,1411.65
2039,2021-02-10 11:54:00,1379.0,1379.0,1379.0,1379.0,25,100,1287.55,1296.75,1411.65
2040,2021-02-10 11:55:00,1379.0,1379.0,1379.0,1379.0,25,100,1287.55,1296.75,1411.65
2041,2021-02-10 11:56:00,1379.0,1379.0,1379.0,1379.0,25,100,1287.55,1296.75,1411.65
2042,2021-02-10 11:57:00,1379.0,1379.0,1379.0,1379.0,25,100,1287.55,1296.75,1411.65
2043,2021-02-10 11:58:00,1379.0,1379.0,1379.0,1379.0,25,100,1287.55,1296.75,1411.65
2044,2021-02-10 11:59:00,1379.0,1379.0,1379.0,1379.0,25,100,1287.55,1296.75,1411.65
2045,2021-02-10 12:00:00,1379.0,1379.0,1379.0,1379.0,25,100,1287.55,1296.75,1411.65
2046,2021-02-10 12:01:00,1379.0,1379.0,1379.0,1379.0,25,100,1287.55,1296.75,1411.65
2047,2021-02-10 12:02:00,1379.0,1379.0,1379.0,1379.0,25,100,1287.55,1296.75,1411.65
2048,2021-02-10 12:03:00,1379.0,1379.0,1379.0,1379.0,25,100,1287.55,1296.75,1411.65
2049,2021-02-10 12:04:00,1379.0,1379.0,1379.0,1379.0,25,100,1287.55,1296.75,1411.65
2050,2021-02-10 12:05:00,1379.0,1379.0,1379.0,1379.0,25,100,1287.55,1296.75,1411.65
2051,2021-02-10 12:06:00,1379.0,1379.0,1379.0,1379.0,25,100,1287.55,1296.75,1411.65
2052,2021-02-10 12:07:00,1379.0,1379.0,1379.0,1379.0,25,100,1287.55,1296.75,1411.65
2053,2021-02-10 12:08:00,1379.0,1379.0,1379.0,1379.0,25,100,1287.55,1296.75,1411.65
2054,2021-02-10 12:09:00,1379.0,1379.0,1379.0,1379.0,25,100,1287.55,1296.75,1411.65
2055,2021-02-10 12:10:00,1379.0,1379.0,1379.0,1379.0,25,100,1287.55,1296.75,1411.65
2056,2021-02-10 12:11:00,1379.0,1379.0,1379.0,1379.0,25,100,1287.55,1296.75,1411.65
2057,2021-02-10 12:12:00,1379.0,1379.0,1379.0,1379.0,25,100,1287.55,1296.75,1411.65
2058,2021-02-10 12:13:00,1379.0,1379.0,1379.0,1379.0,25,100,1287.55,1296.75,1411.65
2059,2021-02-10 12:14:00,1379.0,1379.0,1379.0,1379.0,25,100,1287.55,1296.75,1411.65
2060,2021-02-10 12:15:00,1379.0,1379.0,1379.0,1379.0,25,100,1287.55,1296.75,1411.65
2061,2021-02-10 12:16:00,1379.0,1379.0,1379.0,1379.0,25,100,1287.55,1296.75,1411.65
2062,2021-02-10 12:17:00,1379.0,1379.0,1379.0,1379.0,25,100,1287.55,1296.75,1411.65
2063,2021-02-10 12:18:00,1379.0,1379.0,1379.0,1379.0,25,100,1287.55,1296.75,1411.65
2064,2021-02-10 12:19:00,1379.0,1379.0,1379.0,1379.0,25,100,1287.55,1296.75,1411.65
2065,2021-02-10 12:20:00,1379.0,1379.0,1379.0,1379.0,25,100,1287.55,1296.75,1411.65
2066,2021-02-10 12:21:00,1379.0,1379.0,1379.0,1379.0,25,100,1287.55,1296.75,1411.65
2067,2021-02-10 12:22:00,1379.0,1379.0,1379.0,1379.0,25,100,1287.55,1296.75,1411.65
2068,2021-02-10 12:23:00,1379.0,1379.0,1379.0,1379.0,25,100,1287.55,1296.75,1411.65
2069,2021-02-10 12:24:00,1379.0,1379.0,1379.0,1379.0,25,100,1287.55,1296.75,1411.65
2070,2021-02-10 12:25:00,1167.6,1167.6,1167.6,1167.6,25,100,1167.6,955.8,1185.85
2071,2021-02-10 12:26:00,1167.6,1167.6,1167.6,1167.6,25,100,1167.6,955.8,1185.85
2072,2021-02-10 12:27:00,1167.6,1167.6,1167.6,1167.6,25,100,1167.6,955.8,1185.85
2073,2021-02-10 12:28:00,1167.6,1167.6,1167.6,1167.6,25,100,1167.6,955.8,1185.85
2074,2021-02-10 12:29:00,1167.6,1167.6,1167.6,1167.6,25,100,1167.6,955.8,1185.85
2075,2021-02-10 12:30:00,1167.6,1167.6,1167.6,1167.6,25,100,1167.6,955.8,1185.85
2076,2021-02-10 12:31:00,1167.6,1167.6,1167.6,1167.6,25,100,1167.6,955.8,1185.85
2077,2021-02-10 12:32:00,1167.6,1167.6,1167.6,1167.6,25,100,1167.6,955.8,1185.85
2078,2021-02-10 12:33:00,1167.6,1167.6,1167.6,1167.6,25,100,1167.6,955.8,1185.85
2079,2021-02-10 12:34:00,1167.6,1167.6,1167.6,1167.6,25,100,1167.6,955.8,1185.85
2080,2021-02-10 12:35:00,1167.6,1167.6,1167.6,1167.6,25,100,1167.6,955.8,1185.85
2081,2021-02-10 12:36:00,1167.6,1167.6,1167.6,1167.6,25,100,1167.6,955.8,1185.85
2082,2021-02-10 12:37:00,1167.6,1167.6,1167.6,1167.6,25,100,1167.6,955.8,1185.85
2083,2021-02-10 12:38:00,1167.6,1167.6,1167.6,1167.6,25,100,1167.6,955.8,1185.85
2084,2021-02-10 12:39:00,1167.6,1167.6,1167.6,1167.6,25,100,1167.6,955.8,1185.85
2085,2021-02-10 12:40:00,1167.6,1167.6,1167.6,1167.6,25,100,1167.6,955.8,1185.85
2086,2021-02-10 12:41:00,1167.6,1167.6,1167.6,1167.6,25,100,1167.6,955.8,1185.85
2087,2021-02-10 12:42:00,1167.6,1167.6,1167.6,1167.6,25,100,1167.6,955.8,1185.85
2088,2021-02-10 12:43:00,1167.6,1167.6,1167.6,1167.6,25,100,1167.6,955.8,1185.85
2089,2021-02-10 12:44:00,1167.6,1167.6,1167.6,1167.6,25,100,1167.6,955.8,1185.85
2090,2021-02-10 12:45:00,1167.6,1167.6,1167.6,1167.6,25,100,1167.6,955.8,1185.85
2091,2021-02-10 12:46:00,1167.6,1167.6,1167.6,1167.6,25,100,1167.6,955.8,1185.85
2092,2021-02-10 12:47:00,1167.6,1167.6,1167.6,1167.6,25,100,1167.6,955.8,1185.85
2093,2021-02-10 12:48:00,1167.6,1167.6,1167.6,1167.6,25,100,1167.6,955.8,1185.85
2094,2021-02-10 12:49:00,1167.6,1167.6,1167.6,1167.6,25,100,1167.6,955.8,1185.85
2095,2021-02-10 12:50:00,1167.6,1167.6,1167.6,1167.6,25,100,1167.6,955.8,1185.85
2096,2021-02-10 12:51:00,1167.6,1167.6,1167.6,1167.6,25,100,1167.6,955.8,1185.85
2097,2021-02-10 12:52:00,1167.6,1167.6,1167.6,1167.6,25,100,1167.6,955.8,1185.85
2098,2021-02-10 12:53:00,1167.6,1167.6,1167.6,1167.6,25,100,1167.6,955.8,1185.85
2099,2021-02-10 12:54:00,1167.6,1167.6,1167.6,1167.6,25,100,1167.6,955.8,1185.85
2100,2021-02-10 12:55:00,1167.6,1167.6,1167.6,1167.6,25,100,1167.6,955.8,1185.85
2101,2021-02-10 12:56:00,1167.6,1167.6,1167.6,1167.6,25,100,1167.6,955.8,1185.85
2102,2021-02-10 12:57:00,1167.6,1167.6,1167.6,1167.6,25,100,1167.6,955.8,1185.85
2103,2021-02-10 12:58:00,1167.6,1167.6,1167.6,1167.6,25,100,1167.6,955.8,1185.85
2104,2021-02-10 12:59:00,1167.6,1167.6,1167.6,1167.6,25,100,1167.6,955.8,1185.85
2105,2021-02-10 13:00:00,1167.6,1167.6,1167.6,1167.6,25,100,1167.6,955.8,1185.85
2106,2021-02-10 13:01:00,1167.6,1167.6,1167.6,1167.6,25,100,1167.6,955.8,1185.85
2107,2021-02-10 13:02:00,1167.6,1167.6,1167.6,1167.6,25,100,1167.6,955.8,1185.85
2108,2021-02-10 13:03:00,1167.6,1167.6,1167.6,1167.6,25,100,1167.6,955.8,1185.85
2109,2021-02-10 13:04:00,1167.6,1167.6,1167.6,1167.6,25,100,1167.6,955.8,1185.85
2110,2021-02-10 13:05:00,1167.6,1167.6,1167.6,1167.6,25,100,1167.6,955.8,1185.85
2111,2021-02-10 13:06:00,1167.6,1167.6,1167.6,1167.6,25,100,1167.6,955.8,1185.85
2112,2021-02-10 13:07:00,1167.6,1167.6,1167.6,1167.6,25,100,1167.6,955.8,1185.85
2113,2021-02-10 13:08:00,1167.6,1167.6,1167.6,1167.6,25,100,1167.6,955.8,1185.85
2114,2021-02-10 13:09:00,1167.6,1167.6,1167.6,1167.6,25,100,1167.6,955.8,1185.85
2115,2021-02-10 13:10:00,1167.6,1167.6,1167.6,1167.6,25,100,1167.6,955.8,1185.85
2116,2021-02-10 13:11:00,1167.6,1167.6,1167.6,1167.6,25,100,1167.6,955.8,1185.85
2117,2021-02-10 13:12:00,1167.6,1167.6,1167.6,1167.6,25,100,1167.6,955.8,1185.85
2118,2021-02-10 13:13:00,1167.6,1167.6,1167.6,1167.6,25,100,1167.6,955.8,1185.85
2119,2021-02-10 13:14:00,1167.6,1167.6,1167.6,1167.6,25,100,1167.6,955.8,1185.85
2120,2021-02-10 13:15:00,1167.6,1167.6,1167.6,1167.6,25,100,1167.6,955.8,1185.85
2121,2021-02-10 13:16:00,1167.6,1167.6,1167.6,1167.6,25,100,1167.6,955.8,1185.85
2122,2021-02-10 13:17:00,1167.6,1167.6,1167.6,1167.6,25,100,1167.6,955.8,1185.85
2123,2021-02-10 13:18:00,1167.6,1167.6,1167.6,1167.6,25,100,1167.6,955.8,1185.85
2124,2021-02-10 13:19:00,1167.6,1167.6,1167.6,1167.6,25,100,1167.6,955.8,1185.85
2125,2021-02-10 13:20:00,1167.6,1167.6,1167.6,1167.6,25,100,1167.6,955.8,1185.85
2126,2021-02-10 13:21:00,1167.6,1167.6,1167.6,1167.6,25,100,1167.6,955.8,1185.85
2127,2021-02-10 13:22:00,1167.6,1167.6,1167.6,1167.6,25,100,1167.6,955.8,1185.85
2128,2021-02-10 13:23:00,1167.6,1167.6,1167.6,1167.6,25,100,1167.6,955.8,1185.85
2129,2021-02-10 13:24:00,1167.6,1167.6,1167.6,1167.6,25,100,1167.6,955.8,1185.85
2130,2021-02-10 13:25:00,1167.6,1167.6,1167.6,1167.6,25,100,1167.6,955.8,1185.85
2131,2021-02-10 13:26:00,1167.6,1167.6,1167.6,1167.6,25,100,1167.6,955.8,1185.85
2132,2021-02-10 13:27:00,1167.6,1167.6,1167.6,1167.6,25,100,1167.6,955.8,1185.85
2133,2021-02-10 13:28:00,1167.6,1167.6,1167.6,1167.6,25,100,1167.6,955.8,1185.85
2134,2021-02-10 13:29:00,1167.6,1167.6,1167.6,1167.6,25,100,1167.6,955.8,1185.85
2135,2021-02-10 13:30:00,1167.6,1167.6,1167.6,1167.6,25,100,1167.6,955.8,1185.85
2136,2021-02-10 13:31:00,1167.6,1167.6,1167.6,1167.6,25,100,1167.6,955.8,1185.85
2137,2021-02-10 13:32:00,1167.6,1167.6,1167.6,1167.6,25,100,1167.6,955.8,1185.85
2138,2021-02-10 13:33:00,1167.6,1167.6,1167.6,1167.6,25,100,1167.6,955.8,1185.85
2139,2021-02-10 13:34:00,1167.6,1167.6,1167.6,1167.6,25,100,1167.6,955.8,1185.85
2140,2021-02-10 13:35:00,1167.6,1167.6,1167.6,1167.6,25,100,1167.6,955.8,1185.85
2141,2021-02-10 13:36:00,1167.6,1167.6,1167.6,1167.6,25,100,1167.6,955.8,1185.85
2142,2021-02-10 13:37:00,1167.6,1167.6,1167.6,1167.6,25,100,1167.6,955.8,1185.85
2143,2021-02-10 13:38:00,1167.6,1167.6,1167.6,1167.6,25,100,1167.6,955.8,1185.85
2144,2021-02-10 13:39:00,1167.6,1167.6,1167.6,1167.6,25,100,1167.6,955.8,1185.85
2145,2021-02-10 13:40:00,1167.6,1167.6,1167.6,1167.6,25,100,1167.6,955.8,1185.85
2146,2021-02-10 13:41:00,1167.6,1167.6,1167.6,1167.6,25,100,1167.6,955.8,1185.85
2147,2021-02-10 13:42:00,1167.6,1167.6,1167.6,1167.6,25,100,1167.6,955.8,1185.85
2148,2021-02-10 13:43:00,1167.6,1167.6,1167.6,1167.6,25,100,1167.6,955.8,1185.85
2149,2021-02-10 13:44:00,1167.6,1167.6,1167.6,1167.6,25,100,1167.6,955.8,1185.85
2150,2021-02-10 13:45:00,1167.6,1167.6,1167.6,1167.6,25,100,1167.6,955.8,1185.85
2151,2021-02-10 13:46:00,1167.6,1167.6,1167.6,1167.6,25,100,1167.6,955.8,1185.85
2152,2021-02-10 13:47:00,1167.6,1167.6,1167.6,1167.6,25,100,1167.6,955.8,1185.85
2153,2021-02-10 13:48:00,1167.6,1167.6,1167.6,1167.6,25,100,1167.6,955.8,1185.85
2154,2021-02-10 13:49:00,1167.6,1167.6,1167.6,1167.6,25,100,1167.6,955.8,1185.85
2155,2021-02-10 13:50:00,1167.6,1167.6,1167.6,1167.6,25,100,1167.6,955.8,1185.85
2156,2021-02-10 13:51:00,1167.6,1167.6,1167.6,1167.6,25,100,1167.6,955.8,1185.85
2157,2021-02-10 13:52:00,1167.6,1167.6,1167.6,1167.6,25,100,1167.6,955.8,1185.85
2158,2021-02-10 13:53:00,1167.6,1167.6,1167.6,1167.6,25,100,1167.6,955.8,1185.85
2159,2021-02-10 13:54:00,1167.6,1167.6,1167.6,1167.6,25,100,1167.6,955.8,1185.85
2160,2021-02-10 13:55:00,1167.6,1167.6,1167.6,1167.6,25,100,1167.6,955.8,1185.85
2161,2021-02-10 13:56:00,1167.6,1167.6,1167.6,1167.6,25,100,1167.6,955.8,1185.85
2162,2021-02-10 13:57:00,1167.6,1167.6,1167.6,1167.6,25,100,1167.6,955.8,1185.85
2163,2021-02-10 13:58:00,1167.6,1167.6,1167.6,1167.6,25,100,1167.6,955.8,1185.85
2164,2021-02-10 13:59:00,1167.6,1167.6,1167.6,1167.6,25,100,1167.6,955.8,1185.85
2165,2021-02-10 14:00:00,1167.6,1167.6,1167.6,1167.6,25,100,1167.6,955.8,1185.85
2166,2021-02-10 14:01:00,1167.6,1167.6,1167.6,1167.6,25,100,1167.6,955.8,1185.85
2167,2021-02-10 14:02:00,1167.6,1167.6,1167.6,1167.6,25,100,1167.6,955.8,1185.85
2168,2021-02-10 14:03:00,1167.6,1167.6,1167.6,1167.6,25,100,1167.6,955.8,1185.85
2169,2021-02-10 14:04:00,1167.6,1167.6,1167.6,1167.6,25,100,1167.6,955.8,1185.85
2170,2021-02-10 14:05:00,1167.6,1167.6,1167.6,1167.6,25,100,1167.6,955.8,1185.85
2171,2021-02-10 14:06:00,1167.6,1167.6,1167.6,1167.6,25,100,1167.6,955.8,1185.85
2172,2021-02-10 14:07:00,1167.6,1167.6,1167.6,1167.6,25,100,1167.6,955.8,1185.85
2173,2021-02-10 14:08:00,1167.6,1167.6,1167.6,1167.6,25,100,1167.6,955.8,1185.85
2174,2021-02-10 14:09:00,1167.6,1167.6,1167.6,1167.6,25,100,1167.6,955.8,1185.85
2175,2021-02-10 14:10:00,1167.6,1167.6,1167.6,1167.6,25,100,1167.6,955.8,1185.85
2176,2021-02-10 14:11:00,1167.6,1167.6,1167.6,1167.6,25,100,1167.6,955.8,1185.85
2177,2021-02-10 14:12:00,1167.6,1167.6,1167.6,1167.6,25,100,1167.6,955.8,1185.85
2178,2021-02-10 14:13:00,1167.6,1167.6,1167.6,1167.6,25,100,1167.6,955.8,1185.85
2179,2021-02-10 14:14:00,1167.6,1167.6,1167.6,1167.6,25,100,1167.6,955.8,1185.85
2180,2021-02-10 14:15:00,1167.6,1167.6,1167.6,1167.6,25,100,1167.6,955.8,1185.85
2181,2021-02-10 14:16:00,1167.6,1167.6,1167.6,1167.6,25,100,1167.6,955.8,1185.85
2182,2021-02-10 14:17:00,1167.6,1167.6,1167.6,1167.6,25,100,1167.6,955.8,1185.85
2183,2021-02-10 14:18:00,1167.6,1167.6,1167.6,1167.6,25,100,1167.6,955.8,1185.85
2184,2021-02-10 14:19:00,1167.6,1167.6,1167.6,1167.6,25,100,1167.6,955.8,1185.85
2185,2021-02-10 14:20:00,1167.6,1167.6,1167.6,1167.6,25,100,1167.6,955.8,1185.85
2186,2021-02-10 14:21:00,1167.6,1167.6,1167.6,1167.6,25,100,1167.6,955.8,1185.85
2187,2021-02-10 14:22:00,1167.6,1167.6,1167.6,1167.6,25,100,1167.6,955.8,1185.85
2188,2021-02-10 14:23:00,1167.6,1167.6,1167.6,1167.6,25,100,1167.6,955.8,1185.85
2189,2021-02-10 14:24:00,1167.6,1167.6,1167.6,1167.6,25,100,1167.6,955.8,1185.85
2190,2021-02-10 14:25:00,1167.6,1167.6,1167.6,1167.6,25,100,1167.6,955.8,1185.85
2191,2021-02-10 14:26:00,1167.6,1167.6,1167.6,1167.6,25,100,1167.6,955.8,1185.85
2192,2021-02-10 14:27:00,1167.6,1167.6,1167.6,1167.6,25,100,1167.6,955.8,1185.85
2193,2021-02-10 14:28:00,1167.6,1167.6,1167.6,1167.6,25,100,1167.6,955.8,1185.85
2194,2021-02-10 14:29:00,1167.6,1167.6,1167.6,1167.6,25,100,1167.6,955.8,1185.85
2195,2021-02-10 14:30:00,1167.6,1167.6,1167.6,1167.6,25,100,1167.6,955.8,1185.85
2196,2021-02-10 14:31:00,1167.6,1167.6,1167.6,1167.6,25,100,1167.6,955.8,1185.85
2197,2021-02-10 14:32:00,1167.6,1167.6,1167.6,1167.6,25,100,1167.6,955.8,1185.85
2198,2021-02-10 14:33:00,1167.6,1167.6,1167.6,1167.6,25,100,1167.6,955.8,1185.85
2199,2021-02-10 14:34:00,1167.6,1167.6,1167.6,1167.6,25,100,1167.6,955.8,1185.85
2200,2021-02-10 14:35:00,1167.6,1167.6,1167.6,1167.6,25,100,1167.6,955.8,1185.85
2201,2021-02-10 14:36:00,1167.6,1167.6,1167.6,1167.6,25,100,1167.6,955.8,1185.85
2202,2021-02-10 14:37:00,1167.6,1167.6,1167.6,1167.6,25,100,1167.6,955.8,1185.85
2203,2021-02-10 14:38:00,1167.6,1167.6,1167.6,1167.6,25,100,1167.6,955.8,1185.85
2204,2021-02-10 14:39:00,1167.6,1167.6,1167.6,1167.6,25,100,1167.6,955.8,1185.85
2205,2021-02-10 14:40:00,1167.6,1167.6,1167.6,1167.6,25,100,1167.6,955.8,1185.85
2206,2021-02-10 14:41:00,1167.6,1167.6,1167.6,1167.6,25,100,1167.6,955.8,1185.85
2207,2021-02-10 14:42:00,1167.6,1167.6,1167.6,1167.6,25,100,1167.6,955.8,1185.85
2208,2021-02-10 14:43:00,1167.6,1167.6,1167.6,1167.6,25,100,1167.6,955.8,1185.85
2209,2021-02-10 14:44:00,1167.6,1167.6,1167.6,1167.6,25,100,1167.6,955.8,1185.85
2210,2021-02-10 14:45:00,1167.6,1167.6,1167.6,1167.6,25,100,1167.6,955.8,1185.85
2211,2021-02-10 14:46:00,1167.6,1167.6,1167.6,1167.6,25,100,1167.6,955.8,1185.85
2212,2021-02-10 14:47:00,1167.6,1167.6,1167.6,1167.6,25,100,1167.6,955.8,1185.85
2213,2021-02-10 14:48:00,1167.6,1167.6,1167.6,1167.6,25,100,1167.6,955.8,1185.85
2214,2021-02-10 14:49:00,1167.6,1167.6,1167.6,1167.6,25,100,1167.6,955.8,1185.85
2215,2021-02-10 14:50:00,1167.6,1167.6,1167.6,1167.6,25,100,1167.6,955.8,1185.85
2216,2021-02-10 14:51:00,1167.6,1167.6,1167.6,1167.6,25,100,1167.6,955.8,1185.85
2217,2021-02-10 14:52:00,1167.6,1167.6,1167.6,1167.6,25,100,1167.6,955.8,1185.85
2218,2021-02-10 14:53:00,1167.6,1167.6,1167.6,1167.6,25,100,1167.6,955.8,1185.85
2219,2021-02-10 14:54:00,1167.6,1167.6,1167.6,1167.6,25,100,1167.6,955.8,1185.85
2220,2021-02-10 14:55:00,1167.6,1167.6,1167.6,1167.6,25,100,1167.6,955.8,1185.85
2221,2021-02-10 14:56:00,1167.6,1167.6,1167.6,1167.6,25,100,1167.6,955.8,1185.85
2222,2021-02-10 14:57:00,1167.6,1167.6,1167.6,1167.6,25,100,1167.6,955.8,1185.85
2223,2021-02-10 14:58:00,1167.6,1167.6,1167.6,1167.6,25,100,1167.6,955.8,1185.85
2224,2021-02-10 14:59:00,1167.6,1167.6,1167.6,1167.6,25,100,1167.6,955.8,1185.85
2225,2021-02-10 15:00:00,1167.6,1167.6,1167.6,1167.6,25,100,1167.6,955.8,1185.85
2226,2021-02-10 15:01:00,1167.6,1167.6,1167.6,1167.6,25,100,1167.6,955.8,1185.85
2227,2021-02-10 15:02:00,1167.6,1167.6,1167.6,1167.6,25,100,1167.6,955.8,1185.85
2228,2021-02-10 15:03:00,1167.6,1167.6,1167.6,1167.6,25,100,1167.6,955.8,1185.85
2229,2021-02-10 15:04:00,1167.6,1167.6,1167.6,1167.6,25,100,1167.6,955.8,1185.85
2230,2021-02-10 15:05:00,1167.6,1167.6,1167.6,1167.6,25,100,1167.6,955.8,1185.85
2231,2021-02-10 15:06:00,1167.6,1167.6,1167.6,1167.6,25,100,1167.6,955.8,1185.85
2232,2021-02-10 15:07:00,1167.6,1167.6,1167.6,1167.6,25,100,1167.6,955.8,1185.85
2233,2021-02-10 15:08:00,1167.6,1167.6,1167.6,1167.6,25,100,1167.6,955.8,1185.85
2234,2021-02-10 15:09:00,1167.6,1167.6,1167.6,1167.6,25,100,1167.6,955.8,1185.85
2235,2021-02-10 15:10:00,1167.6,1167.6,1167.6,1167.6,25,100,1167.6,955.8,1185.85
2236,2021-02-10 15:11:00,1167.6,1167.6,1167.6,1167.6,25,100,1167.6,955.8,1185.85
2237,2021-02-10 15:12:00,1167.6,1167.6,1167.6,1167.6,25,100,1167.6,955.8,1185.85
2238,2021-02-10 15:13:00,1167.6,1167.6,1167.6,1167.6,25,100,1167.6,955.8,1185.85
2239,2021-02-10 15:14:00,1167.6,1167.6,1167.6,1167.6,25,100,1167.6,955.8,1185.85
2240,2021-02-10 15:15:00,1167.6,1167.6,1167.6,1167.6,25,100,1167.6,955.8,1185.85
2241,2021-02-10 15:16:00,1167.6,1167.6,1167.6,1167.6,25,100,1167.6,955.8,1185.85
2242,2021-02-10 15:17:00,1167.6,1167.6,1167.6,1167.6,25,100,1167.6,955.8,1185.85
2243,2021-02-10 15:18:00,1167.6,1167.6,1167.6,1167.6,25,100,1167.6,955.8,1185.85
2244,2021-02-10 15:19:00,1167.6,1167.6,1167.6,1167.6,25,100,1167.6,955.8,1185.85
2245,2021-02-10 15:20:00,1167.6,1167.6,1167.6,1167.6,25,100,1167.6,955.8,1185.85
2246,2021-02-10 15:21:00,1167.6,1167.6,1167.6,1167.6,25,100,1167.6,955.8,1185.85
2247,2021-02-10 15:22:00,1167.6,1167.6,1167.6,1167.6,25,100,1167.6,955.8,1185.85
2248,2021-02-10 15:23:00,1167.6,1167.6,1167.6,1167.6,25,100,1167.6,955.8,1185.85
2249,2021-02-10 15:24:00,1167.6,1167.6,1167.6,1167.6,25,100,1167.6,955.8,1185.85
2250,2021-02-10 15:25:00,1167.6,1167.6,1167.6,1167.6,25,100,1167.6,955.8,1185.85
2251,2021-02-10 15:26:00,1167.6,1167.6,1167.6,1167.6,25,100,1167.6,955.8,1185.85
2252,2021-02-10 15:27:00,1167.6,1167.6,1167.6,1167.6,25,100,1167.6,955.8,1185.85
2253,2021-02-10 15:28:00,1167.6,1167.6,1167.6,1167.6,25,100,1167.6,955.8,1185.85
2254,2021-02-10 15:29:00,1167.6,1167.6,1167.6,1167.6,25,100,1167.6,955.8,1185.85
2255,2021-02-10 15:30:00,1167.6,1167.6,1167.6,1167.6,25,100,1167.6,955.8,1185.85
2256,2021-02-11 09:15:00,1167.6,1167.6,1167.6,1167.6,25,100,1167.6,955.8,1185.85
2257,2021-02-11 09:16:00,1167.6,1167.6,1167.6,1167.6,25,100,1167.6,955.8,1185.85
2258,2021-02-11 09:17:00,1167.6,1167.6,1167.6,1167.6,25,100,1167.6,955.8,1185.85
2259,2021-02-11 09:18:00,1167.6,1167.6,1167.6,1167.6,25,100,1167.6,955.8,1185.85
2260,2021-02-11 09:19:00,1167.6,1167.6,1167.6,1167.6,25,100,1167.6,955.8,1185.85
2261,2021-02-11 09:20:00,1167.6,1167.6,1167.6,1167.6,25,100,1167.6,955.8,1185.85
2262,2021-02-11 09:21:00,1167.6,1167.6,1167.6,1167.6,25,100,1167.6,955.8,1185.85
2263,2021-02-11 09:22:00,1167.6,1167.6,1167.6,1167.6,25,100,1167.6,955.8,1185.85
2264,2021-02-11 09:23:00,1167.6,1167.6,1167.6,1167.6,25,100,1167.6,955.8,1185.85
2265,2021-02-11 09:24:00,1167.6,1167.6,1167.6,1167.6,25,100,1167.6,955.8,1185.85
2266,2021-02-11 09:25:00,1167.6,1167.6,1167.6,1167.6,25,100,1167.6,955.8,1185.85
2267,2021-02-11 09:26:00,1167.6,1167.6,1167.6,1167.6,25,100,1167.6,955.8,1185.85
2268,2021-02-11 09:27:00,1167.6,1167.6,1167.6,1167.6,25,100,1167.6,955.8,1185.85
2269,2021-02-11 09:28:00,1167.6,1167.6,1167.6,1167.6,25,100,1167.6,955.8,1185.85
2270,2021-02-11 09:29:00,1167.6,1167.6,1167.6,1167.6,25,100,1167.6,955.8,1185.85
2271,2021-02-11 09:30:00,1167.6,1167.6,1167.6,1167.6,25,100,1167.6,955.8,1185.85
2272,2021-02-11 09:31:00,1167.6,1167.6,1167.6,1167.6,25,100,1167.6,955.8,1185.85
2273,2021-02-11 09:32:00,1167.6,1167.6,1167.6,1167.6,25,100,1167.6,955.8,1185.85
2274,2021-02-11 09:33:00,1167.6,1167.6,1167.6,1167.6,25,100,1167.6,955.8,1185.85
2275,2021-02-11 09:34:00,1167.6,1167.6,1167.6,1167.6,25,100,1167.6,955.8,1185.85
2276,2021-02-11 09:35:00,1167.6,1167.6,1167.6,1167.6,25,100,1167.6,955.8,1185.85
2277,2021-02-11 09:36:00,1167.6,1167.6,1167.6,1167.6,25,100,1167.6,955.8,1185.85
2278,2021-02-11 09:37:00,1167.6,1167.6,1167.6,1167.6,25,100,1167.6,955.8,1185.85
2279,2021-02-11 09:38:00,1167.6,1167.6,1167.6,1167.6,25,100,1167.6,955.8,1185.85
2280,2021-02-11 09:39:00,1167.6,1167.6,1167.6,1167.6,25,100,1167.6,955.8,1185.85
2281,2021-02-11 09:40:00,1167.6,1167.6,1167.6,1167.6,25,100,1167.6,955.8,1185.85
2282,2021-02-11 09:41:00,1167.6,1167.6,1167.6,1167.6,25,100,1167.6,955.8,1185.85
2283,2021-02-11 09:42:00,1167.6,1167.6,1167.6,1167.6,25,100,1167.6,955.8,1185.85
2284,2021-02-11 09:43:00,1167.6,1167.6,1167.6,1167.6,25,100,1167.6,955.8,1185.85
2285,2021-02-11 09:44:00,1167.6,1167.6,1167.6,1167.6,25,100,1167.6,955.8,1185.85
2286,2021-02-11 09:45:00,1167.6,1167.6,1167.6,1167.6,25,100,1167.6,955.8,1185.85
2287,2021-02-11 09:46:00,1167.6,1167.6,1167.6,1167.6,25,100,1167.6,955.8,1185.85
2288,2021-02-11 09:47:00,1167.6,1167.6,1167.6,1167.6,25,100,1167.6,955.8,1185.85
2289,2021-02-11 09:48:00,1167.6,1167.6,1167.6,1167.6,25,100,1167.6,955.8,1185.85
2290,2021-02-11 09:49:00,1167.6,1167.6,1167.6,1167.6,25,100,1167.6,955.8,1185.85
2291,2021-02-11 09:50:00,1167.6,1167.6,1167.6,1167.6,25,100,1167.6,955.8,1185.85
2292,2021-02-11 09:51:00,1167.6,1167.6,1167.6,1167.6,25,100,1167.6,955.8,1185.85
2293,2021-02-11 09:52:00,1167.6,1167.6,1167.6,1167.6,25,100,1167.6,955.8,1185.85
2294,2021-02-11 09:53:00,1167.6,1167.6,1167.6,1167.6,25,100,1167.6,955.8,1185.85
2295,2021-02-11 09:54:00,1167.6,1167.6,1167.6,1167.6,25,100,1167.6,955.8,1185.85
2296,2021-02-11 09:55:00,1167.6,1167.6,1167.6,1167.6,25,100,1167.6,955.8,1185.85
2297,2021-02-11 09:56:00,1167.6,1167.6,1167.6,1167.6,25,100,1167.6,955.8,1185.85
2298,2021-02-11 09:57:00,1167.6,1167.6,1167.6,1167.6,25,100,1167.6,955.8,1185.85
2299,2021-02-11 09:58:00,1167.6,1167.6,1167.6,1167.6,25,100,1167.6,955.8,1185.85
2300,2021-02-11 09:59:00,1167.6,1167.6,1167.6,1167.6,25,100,1167.6,955.8,1185.85
2301,2021-02-11 10:00:00,1167.6,1167.6,1167.6,1167.6,25,100,1167.6,955.8,1185.85
2302,2021-02-11 10:01:00,1167.6,1167.6,1167.6,1167.6,25,100,1167.6,955.8,1185.85
2303,2021-02-11 10:02:00,1167.6,1167.6,1167.6,1167.6,25,100,1167.6,955.8,1185.85
2304,2021-02-11 10:03:00,1167.6,1167.6,1167.6,1167.6,25,100,1167.6,955.8,1185.85
2305,2021-02-11 10:04:00,1167.6,1167.6,1167.6,1167.6,25,100,1167.6,955.8,1185.85
2306,2021-02-11 10:05:00,1167.6,1167.6,1167.6,1167.6,25,100,1167.6,955.8,1185.85
2307,2021-02-11 10:06:00,1167.6,1167.6,1167.6,1167.6,25,100,1167.6,955.8,1185.85
2308,2021-02-11 10:07:00,1167.6,1167.6,1167.6,1167.6,25,100,1167.6,955.8,1185.85
2309,2021-02-11 10:08:00,1167.6,1167.6,1167.6,1167.6,25,100,1167.6,955.8,1185.85
2310,2021-02-11 10:09:00,1167.6,1167.6,1167.6,1167.6,25,100,1167.6,955.8,1185.85
2311,2021-02-11 10:10:00,1167.6,1167.6,1167.6,1167.6,25,100,1167.6,955.8,1185.85
2312,2021-02-11 10:11:00,1167.6,1167.6,1167.6,1167.6,25,100,1167.6,955.8,1185.85
2313,2021-02-11 10:12:00,1167.6,1167.6,1167.6,1167.6,25,100,1167.6,955.8,1185.85
2314,2021-02-11 10:13:00,1167.6,1167.6,1167.6,1167.6,25,100,1167.6,955.8,1185.85
2315,2021-02-11 10:14:00,1167.6,1167.6,1167.6,1167.6,25,100,1167.6,955.8,1185.85
2316,2021-02-11 10:15:00,1167.6,1167.6,1167.6,1167.6,25,100,1167.6,955.8,1185.85
2317,2021-02-11 10:16:00,1167.6,1167.6,1167.6,1167.6,25,100,1167.6,955.8,1185.85
2318,2021-02-11 10:17:00,1167.6,1167.6,1167.6,1167.6,25,100,1167.6,955.8,1185.85
2319,2021-02-11 10:18:00,1167.6,1167.6,1167.6,1167.6,25,100,1167.6,955.8,1185.85
2320,2021-02-11 10:19:00,1167.6,1167.6,1167.6,1167.6,25,100,1167.6,955.8,1185.85
2321,2021-02-11 10:20:00,1167.6,1167.6,1167.6,1167.6,25,100,1167.6,955.8,1185.85
2322,2021-02-11 10:21:00,1167.6,1167.6,1167.6,1167.6,25,100,1167.6,955.8,1185.85
2323,2021-02-11 10:22:00,1167.6,1167.6,1167.6,1167.6,25,100,1167.6,955.8,1185.85
2324,2021-02-11 10:23:00,1167.6,1167.6,1167.6,1167.6,25,100,1167.6,955.8,1185.85
2325,2021-02-11 10:24:00,1167.6,1167.6,1167.6,1167.6,25,100,1167.6,955.8,1185.85
2326,2021-02-11 10:25:00,1167.6,1167.6,1167.6,1167.6,25,100,1167.6,955.8,1185.85
2327,2021-02-11 10:26:00,1167.6,1167.6,1167.6,1167.6,25,100,1167.6,955.8,1185.85
2328,2021-02-11 10:27:00,1167.6,1167.6,1167.6,1167.6,25,100,1167.6,955.8,1185.85
2329,2021-02-11 10:28:00,1167.6,1167.6,1167.6,1167.6,25,100,1167.6,955.8,1185.85
2330,2021-02-11 10:29:00,1167.6,1167.6,1167.6,1167.6,25,100,1167.6,955.8,1185.85
2331,2021-02-11 10:30:00,1167.6,1167.6,1167.6,1167.6,25,100,1167.6,955.8,1185.85
2332,2021-02-11 10:31:00,1167.6,1167.6,1167.6,1167.6,25,100,1167.6,955.8,1185.85
2333,2021-02-11 10:32:00,1167.6,1167.6,1167.6,1167.6,25,100,1167.6,955.8,1185.85
2334,2021-02-11 10:33:00,1167.6,1167.6,1167.6,1167.6,25,100,1167.6,955.8,1185.85
2335,2021-02-11 10:34:00,1167.6,1167.6,1167.6,1167.6,25,100,1167.6,955.8,1185.85
2336,2021-02-11 10:35:00,1167.6,1167.6,1167.6,1167.6,25,100,1167.6,955.8,1185.85
2337,2021-02-11 10:36:00,1167.6,1167.6,1167.6,1167.6,25,100,1167.6,955.8,1185.85
2338,2021-02-11 10:37:00,1167.6,1167.6,1167.6,1167.6,25,100,1167.6,955.8,1185.85
2339,2021-02-11 10:38:00,1167.6,1167.6,1167.6,1167.6,25,100,1167.6,955.8,1185.85
2340,2021-02-11 10:39:00,1167.6,1167.6,1167.6,1167.6,25,100,1167.6,955.8,1185.85
2341,2021-02-11 10:40:00,1167.6,1167.6,1167.6,1167.6,25,100,1167.6,955.8,1185.85
2342,2021-02-11 10:41:00,1167.6,1167.6,1167.6,1167.6,25,100,1167.6,955.8,1185.85
2343,2021-02-11 10:42:00,1167.6,1167.6,1167.6,1167.6,25,100,1167.6,955.8,1185.85
2344,2021-02-11 10:43:00,1167.6,1167.6,1167.6,1167.6,25,100,1167.6,955.8,1185.85
2345,2021-02-11 10:44:00,1167.6,1167.6,1167.6,1167.6,25,100,1167.6,955.8,1185.85
2346,2021-02-11 10:45:00,1167.6,1167.6,1167.6,1167.6,25,100,1167.6,955.8,1185.85
2347,2021-02-11 10:46:00,1167.6,1167.6,1167.6,1167.6,25,100,1167.6,955.8,1185.85
2348,2021-02-11 10:47:00,1167.6,1167.6,1167.6,1167.6,25,100,1167.6,955.8,1185.85
2349,2021-02-11 10:48:00,1167.6,1167.6,1167.6,1167.6,25,100,1167.6,955.8,1185.85
2350,2021-02-11 10:49:00,1167.6,1167.6,1167.6,1167.6,25,100,1167.6,955.8,1185.85
2351,2021-02-11 10:50:00,1167.6,1167.6,1167.6,1167.6,25,100,1167.6,955.8,1185.85
2352,2021-02-11 10:51:00,1167.6,1167.6,1167.6,1167.6,25,100,1167.6,955.8,1185.85
2353,2021-02-11 10:52:00,1167.6,1167.6,1167.6,1167.6,25,100,1167.6,955.8,1185.85
2354,2021-02-11 10:53:00,1167.6,1167.6,1167.6,1167.6,25,100,1167.6,955.8,1185.85
2355,2021-02-11 10:54:00,1167.6,1167.6,1167.6,1167.6,25,100,1167.6,955.8,1185.85
2356,2021-02-11 10:55:00,1167.6,1167.6,1167.6,1167.6,25,100,1167.6,955.8,1185.85
2357,2021-02-11 10:56:00,1167.6,1167.6,1167.6,1167.6,25,100,1167.6,955.8,1185.85
2358,2021-02-11 10:57:00,1167.6,1167.6,1167.6,1167.6,25,100,1167.6,955.8,1185.85
2359,2021-02-11 10:58:00,1167.6,1167.6,1167.6,1167.6,25,100,1167.6,955.8,1185.85
2360,2021-02-11 10:59:00,1167.6,1167.6,1167.6,1167.6,25,100,1167.6,955.8,1185.85
2361,2021-02-11 11:00:00,1167.6,1167.6,1167.6,1167.6,25,100,1167.6,955.8,1185.85
2362,2021-02-11 11:01:00,1167.6,1167.6,1167.6,1167.6,25,100,1167.6,955.8,1185.85
2363,2021-02-11 11:02:00,1167.6,1167.6,1167.6,1167.6,25,100,1167.6,955.8,1185.85
2364,2021-02-11 11:03:00,1167.6,1167.6,1167.6,1167.6,25,100,1167.6,955.8,1185.85
2365,2021-02-11 11:04:00,1167.6,1167.6,1167.6,1167.6,25,100,1167.6,955.8,1185.85
2366,2021-02-11 11:05:00,1167.6,1167.6,1167.6,1167.6,25,100,1167.6,955.8,1185.85
2367,2021-02-11 11:06:00,1167.6,1167.6,1167.6,1167.6,25,100,1167.6,955.8,1185.85
2368,2021-02-11 11:07:00,1167.6,1167.6,1167.6,1167.6,25,100,1167.6,955.8,1185.85
2369,2021-02-11 11:08:00,1167.6,1167.6,1167.6,1167.6,25,100,1167.6,955.8,1185.85
2370,2021-02-11 11:09:00,1167.6,1167.6,1167.6,1167.6,25,100,1167.6,955.8,1185.85
2371,2021-02-11 11:10:00,1167.6,1167.6,1167.6,1167.6,25,100,1167.6,955.8,1185.85
2372,2021-02-11 11:11:00,1167.6,1167.6,1167.6,1167.6,25,100,1167.6,955.8,1185.85
2373,2021-02-11 11:12:00,1167.6,1167.6,1167.6,1167.6,25,100,1167.6,955.8,1185.85
2374,2021-02-11 11:13:00,1167.6,1167.6,1167.6,1167.6,25,100,1167.6,955.8,1185.85
2375,2021-02-11 11:14:00,1167.6,1167.6,1167.6,1167.6,25,100,1167.6,955.8,1185.85
2376,2021-02-11 11:15:00,1167.6,1167.6,1167.6,1167.6,25,100,1167.6,955.8,1185.85
2377,2021-02-11 11:16:00,1167.6,1167.6,1167.6,1167.6,25,100,1167.6,955.8,1185.85
2378,2021-02-11 11:17:00,993.05,993.05,993.05,993.05,25,100,993.05,325.6,1079.2
2379,2021-02-11 11:18:00,993.05,993.05,993.05,993.05,25,100,993.05,325.6,1079.2
2380,2021-02-11 11:19:00,993.05,993.05,993.05,993.05,25,100,993.05,325.6,1079.2
2381,2021-02-11 11:20:00,993.05,993.05,993.05,993.05,25,100,993.05,325.6,1079.2
2382,2021-02-11 11:21:00,993.05,993.05,993.05,993.05,25,100,993.05,325.6,1079.2
2383,2021-02-11 11:22:00,993.05,993.05,993.05,993.05,25,100,993.05,325.6,1079.2
2384,2021-02-11 11:23:00,993.05,993.05,993.05,993.05,25,100,993.05,325.6,1079.2
2385,2021-02-11 11:24:00,993.05,993.05,993.05,993.05,25,100,993.05,325.6,1079.2
2386,2021-02-11 11:25:00,993.05,993.05,993.05,993.05,25,100,993.05,325.6,1079.2
2387,2021-02-11 11:26:00,993.05,993.05,993.05,993.05,25,100,993.05,325.6,1079.2
2388,2021-02-11 11:27:00,993.05,993.05,993.05,993.05,25,100,993.05,325.6,1079.2
2389,2021-02-11 11:28:00,993.05,993.05,993.05,993.05,25,100,993.05,325.6,1079.2
2390,2021-02-11 11:29:00,993.05,993.05,993.05,993.05,25,100,993.05,325.6,1079.2
2391,2021-02-11 11:30:00,993.05,993.05,993.05,993.05,25,125,993.05,968.95,1002.55
2392,2021-02-11 11:31:00,993.05,993.05,993.05,993.05,25,125,993.05,968.95,1002.55
2393,2021-02-11 11:32:00,993.05,993.05,993.05,993.05,25,125,993.05,968.95,1002.55
2394,2021-02-11 11:33:00,993.05,993.05,993.05,993.05,25,125,993.05,968.95,1002.55
2395,2021-02-11 11:34:00,993.05,993.05,993.05,993.05,25,125,993.05,968.95,1002.55
2396,2021-02-11 11:35:00,993.05,993.05,993.05,993.05,25,125,993.05,968.95,1002.55
2397,2021-02-11 11:36:00,993.05,993.05,993.05,993.05,25,125,993.05,968.95,1002.55
2398,2021-02-11 11:37:00,993.05,993.05,993.05,993.05,25,125,993.05,968.95,1002.55
2399,2021-02-11 11:38:00,993.05,993.05,993.05,993.05,25,125,993.05,968.95,1002.55
2400,2021-02-11 11:39:00,993.05,993.05,993.05,993.05,25,125,993.05,968.95,1002.55
2401,2021-02-11 11:40:00,993.05,993.05,993.05,993.05,25,125,993.05,968.95,1002.55
2402,2021-02-11 11:41:00,993.05,993.05,993.05,993.05,25,125,993.05,968.95,1002.55
2403,2021-02-11 11:42:00,993.05,993.05,993.05,993.05,25,125,993.05,968.95,1002.55
2404,2021-02-11 11:43:00,993.05,993.05,993.05,993.05,25,125,993.05,968.95,1002.55
2405,2021-02-11 11:44:00,993.05,993.05,993.05,993.05,25,125,993.05,968.95,1002.55
2406,2021-02-11 11:45:00,993.05,993.05,993.05,993.05,25,125,993.05,968.95,1002.55
2407,2021-02-11 11:46:00,993.05,993.05,993.05,993.05,25,125,993.05,968.95,1002.55
2408,2021-02-11 11:47:00,993.05,993.05,993.05,993.05,25,125,993.05,968.95,1002.55
2409,2021-02-11 11:48:00,993.05,993.05,993.05,993.05,25,125,993.05,968.95,1002.55
2410,2021-02-11 11:49:00,993.05,993.05,993.05,993.05,25,125,993.05,968.95,1002.55
2411,2021-02-11 11:50:00,993.05,993.05,993.05,993.05,25,125,993.05,968.95,1002.55
2412,2021-02-11 11:51:00,993.05,993.05,993.05,993.05,25,125,993.05,968.95,1002.55
2413,2021-02-11 11:52:00,993.05,993.05,993.05,993.05,25,125,993.05,968.95,1002.55
2414,2021-02-11 11:53:00,993.05,993.05,993.05,993.05,25,125,993.05,968.95,1002.55
2415,2021-02-11 11:54:00,993.05,993.05,993.05,993.05,25,125,993.05,968.95,1002.55
2416,2021-02-11 11:55:00,993.05,993.05,993.05,993.05,25,125,993.05,968.95,1002.55
2417,2021-02-11 11:56:00,993.05,993.05,993.05,993.05,25,125,993.05,968.95,1002.55
2418,2021-02-11 11:57:00,993.05,993.05,993.05,993.05,25,125,993.05,968.95,1002.55
2419,2021-02-11 11:58:00,993.05,993.05,993.05,993.05,25,125,993.05,968.95,1002.55
2420,2021-02-11 11:59:00,948.0,948.0,948.0,948.0,25,100,978.03,901.5,967.15
2421,2021-02-11 12:00:00,948.0,948.0,948.0,948.0,25,100,978.03,901.5,967.15
2422,2021-02-11 12:01:00,948.0,948.0,948.0,948.0,25,100,978.03,901.5,967.15
2423,2021-02-11 12:02:00,948.0,948.0,948.0,948.0,25,100,978.03,901.5,967.15
2424,2021-02-11 12:03:00,948.0,948.0,948.0,948.0,25,100,978.03,901.5,967.15
2425,2021-02-11 12:04:00,948.0,948.0,948.0,948.0,25,100,978.03,901.5,967.15
2426,2021-02-11 12:05:00,948.0,948.0,948.0,948.0,25,100,978.03,901.5,967.15
2427,2021-02-11 12:06:00,948.0,948.0,948.0,948.0,25,100,978.03,901.5,967.15
2428,2021-02-11 12:07:00,948.0,948.0,948.0,948.0,25,100,978.03,901.5,967.15
2429,2021-02-11 12:08:00,948.0,948.0,948.0,948.0,25,100,978.03,901.5,967.15
2430,2021-02-11 12:09:00,948.0,948.0,948.0,948.0,25,100,978.03,901.5,967.15
2431,2021-02-11 12:10:00,948.0,948.0,948.0,948.0,25,100,978.03,901.5,967.15
2432,2021-02-11 12:11:00,948.0,948.0,948.0,948.0,25,100,978.03,901.5,967.15
2433,2021-02-11 12:12:00,948.0,948.0,948.0,948.0,25,100,978.03,901.5,967.15
2434,2021-02-11 12:13:00,948.0,948.0,948.0,948.0,25,100,978.03,901.5,967.15
2435,2021-02-11 12:14:00,948.0,948.0,948.0,948.0,25,100,978.03,901.5,967.15
2436,2021-02-11 12:15:00,948.0,948.0,948.0,948.0,25,100,978.03,901.5,967.15
2437,2021-02-11 12:16:00,948.0,948.0,948.0,948.0,25,100,978.03,901.5,967.15
2438,2021-02-11 12:17:00,948.0,948.0,948.0,948.0,25,100,978.03,901.5,967.15
2439,2021-02-11 12:18:00,948.0,948.0,948.0,948.0,25,100,978.03,901.5,967.15
2440,2021-02-11 12:19:00,948.0,948.0,948.0,948.0,25,100,978.03,901.5,967.15
2441,2021-02-11 12:20:00,948.0,948.0,948.0,948.0,25,100,978.03,901.5,967.15
2442,2021-02-11 12:21:00,948.0,948.0,948.0,948.0,25,100,978.03,901.5,967.15
2443,2021-02-11 12:22:00,948.0,948.0,948.0,948.0,25,100,978.03,901.5,967.15
2444,2021-02-11 12:23:00,948.0,948.0,948.0,948.0,25,100,978.03,901.5,967.15
2445,2021-02-11 12:24:00,948.0,948.0,948.0,948.0,25,100,978.03,901.5,967.15
2446,2021-02-11 12:25:00,948.0,948.0,948.0,948.0,25,100,978.03,901.5,967.15
2447,2021-02-11 12:26:00,948.0,948.0,948.0,948.0,25,100,978.03,901.5,967.15
2448,2021-02-11 12:27:00,948.0,948.0,948.0,948.0,25,100,978.03,901.5,967.15
2449,2021-02-11 12:28:00,948.0,948.0,948.0,948.0,25,100,978.03,901.5,967.15
2450,2021-02-11 12:29:00,948.0,948.0,948.0,948.0,25,100,978.03,901.5,967.15
2451,2021-02-11 12:30:00,948.0,948.0,948.0,948.0,25,100,978.03,901.5,967.15
2452,2021-02-11 12:31:00,948.0,948.0,948.0,948.0,25,100,978.03,901.5,967.15
2453,2021-02-11 12:32:00,948.0,948.0,948.0,948.0,25,100,978.03,901.5,967.15
2454,2021-02-11 12:33:00,948.0,948.0,948.0,948.0,25,100,978.03,901.5,967.15
2455,2021-02-11 12:34:00,948.0,948.0,948.0,948.0,25,100,978.03,901.5,967.15
2456,2021-02-11 12:35:00,948.0,948.0,948.0,948.0,25,100,978.03,901.5,967.15
2457,2021-02-11 12:36:00,948.0,948.0,948.0,948.0,25,100,978.03,901.5,967.15
2458,2021-02-11 12:37:00,948.0,948.0,948.0,948.0,25,100,978.03,901.5,967.15
2459,2021-02-11 12:38:00,948.0,948.0,948.0,948.0,25,100,978.03,901.5,967.15
2460,2021-02-11 12:39:00,948.0,948.0,948.0,948.0,25,100,978.03,901.5,967.15
2461,2021-02-11 12:40:00,948.0,948.0,948.0,948.0,25,100,978.03,901.5,967.15
2462,2021-02-11 12:41:00,948.0,948.0,948.0,948.0,25,100,978.03,901.5,967.15
2463,2021-02-11 12:42:00,948.0,948.0,948.0,948.0,25,100,978.03,901.5,967.15
2464,2021-02-11 12:43:00,948.0,948.0,948.0,948.0,25,100,978.03,901.5,967.15
2465,2021-02-11 12:44:00,948.0,948.0,948.0,948.0,25,100,978.03,901.5,967.15
2466,2021-02-11 12:45:00,948.0,948.0,948.0,948.0,25,100,978.03,901.5,967.15
2467,2021-02-11 12:46:00,948.0,948.0,948.0,948.0,25,100,978.03,901.5,967.15
2468,2021-02-11 12:47:00,948.0,948.0,948.0,948.0,25,100,978.03,901.5,967.15
2469,2021-02-11 12:48:00,948.0,948.0,948.0,948.0,25,100,978.03,901.5,967.15
2470,2021-02-11 12:49:00,948.0,948.0,948.0,948.0,25,100,978.03,901.5,967.15
2471,2021-02-11 12:50:00,948.0,948.0,948.0,948.0,25,100,978.03,901.5,967.15
2472,2021-02-11 12:51:00,948.0,948.0,948.0,948.0,25,100,978.03,901.5,967.15
2473,2021-02-11 12:52:00,948.0,948.0,948.0,948.0,25,100,978.03,901.5,967.15
2474,2021-02-11 12:53:00,948.0,948.0,948.0,948.0,25,100,978.03,901.5,967.15
2475,2021-02-11 12:54:00,948.0,948.0,948.0,948.0,25,100,978.03,901.5,967.15
2476,2021-02-11 12:55:00,948.0,948.0,948.0,948.0,25,100,978.03,901.5,967.15
2477,2021-02-11 12:56:00,948.0,948.0,948.0,948.0,25,100,978.03,901.5,967.15
2478,2021-02-11 12:57:00,948.0,948.0,948.0,948.0,25,100,978.03,901.5,967.15
2479,2021-02-11 12:58:00,948.0,948.0,948.0,948.0,25,100,978.03,901.5,967.15
2480,2021-02-11 12:59:00,948.0,948.0,948.0,948.0,25,100,978.03,901.5,967.15
2481,2021-02-11 13:00:00,948.0,948.0,948.0,948.0,25,100,978.03,901.5,967.15
2482,2021-02-11 13:01:00,948.0,948.0,948.0,948.0,25,100,978.03,901.5,967.15
2483,2021-02-11 13:02:00,948.0,948.0,948.0,948.0,25,100,978.03,901.5,967.15
2484,2021-02-11 13:03:00,948.0,948.0,948.0,948.0,25,100,978.03,901.5,967.15
2485,2021-02-11 13:04:00,948.0,948.0,948.0,948.0,25,100,978.03,901.5,967.15
2486,2021-02-11 13:05:00,948.0,948.0,948.0,948.0,25,100,978.03,901.5,967.15
2487,2021-02-11 13:06:00,948.0,948.0,948.0,948.0,25,100,978.03,901.5,967.15
2488,2021-02-11 13:07:00,948.0,948.0,948.0,948.0,25,100,978.03,901.5,967.15
2489,2021-02-11 13:08:00,948.0,948.0,948.0,948.0,25,100,978.03,901.5,967.15
2490,2021-02-11 13:09:00,948.0,948.0,948.0,948.0,25,100,978.03,901.5,967.15
2491,2021-02-11 13:10:00,948.0,948.0,948.0,948.0,25,100,978.03,901.5,967.15
2492,2021-02-11 13:11:00,948.0,948.0,948.0,948.0,25,100,978.03,901.5,967.15
2493,2021-02-11 13:12:00,948.0,948.0,948.0,948.0,25,100,978.03,901.5,967.15
2494,2021-02-11 13:13:00,948.0,948.0,948.0,948.0,25,100,978.03,901.5,967.15
2495,2021-02-11 13:14:00,948.0,948.0,948.0,948.0,25,100,978.03,901.5,967.15
2496,2021-02-11 13:15:00,948.0,948.0,948.0,948.0,25,100,978.03,901.5,967.15
2497,2021-02-11 13:16:00,948.0,948.0,948.0,948.0,25,100,978.03,901.5,967.15
2498,2021-02-11 13:17:00,948.0,948.0,948.0,948.0,25,100,978.03,901.5,967.15
2499,2021-02-11 13:18:00,948.0,948.0,948.0,948.0,25,100,978.03,901.5,967.15
2500,2021-02-11 13:19:00,948.0,948.0,948.0,948.0,25,100,978.03,901.5,967.15
2501,2021-02-11 13:20:00,948.0,948.0,948.0,948.0,25,100,978.03,901.5,967.15
2502,2021-02-11 13:21:00,948.0,948.0,948.0,948.0,25,100,978.03,901.5,967.15
2503,2021-02-11 13:22:00,948.0,948.0,948.0,948.0,25,100,978.03,901.5,967.15
2504,2021-02-11 13:23:00,948.0,948.0,948.0,948.0,25,100,978.03,901.5,967.15
2505,2021-02-11 13:24:00,948.0,948.0,948.0,948.0,25,100,978.03,901.5,967.15
2506,2021-02-11 13:25:00,948.0,948.0,948.0,948.0,25,100,978.03,901.5,967.15
2507,2021-02-11 13:26:00,948.0,948.0,948.0,948.0,25,100,978.03,901.5,967.15
2508,2021-02-11 13:27:00,948.0,948.0,948.0,948.0,25,100,978.03,901.5,967.15
2509,2021-02-11 13:28:00,948.0,948.0,948.0,948.0,25,100,978.03,901.5,967.15
2510,2021-02-11 13:29:00,948.0,948.0,948.0,948.0,25,100,978.03,901.5,967.15
2511,2021-02-11 13:30:00,948.0,948.0,948.0,948.0,25,100,978.03,901.5,967.15
2512,2021-02-11 13:31:00,948.0,948.0,948.0,948.0,25,100,978.03,901.5,967.15
2513,2021-02-11 13:32:00,948.0,948.0,948.0,948.0,25,100,978.03,901.5,967.15
2514,2021-02-11 13:33:00,948.0,948.0,948.0,948.0,25,100,978.03,901.5,967.15
2515,2021-02-11 13:34:00,948.0,948.0,948.0,948.0,25,100,978.03,901.5,967.15
2516,2021-02-11 13:35:00,948.0,948.0,948.0,948.0,25,100,978.03,901.5,967.15
2517,2021-02-11 13:36:00,948.0,948.0,948.0,948.0,25,100,978.03,901.5,967.15
2518,2021-02-11 13:37:00,948.0,948.0,948.0,948.0,25,100,978.03,901.5,967.15
2519,2021-02-11 13:38:00,948.0,948.0,948.0,948.0,25,100,978.03,901.5,967.15
2520,2021-02-11 13:39:00,948.0,948.0,948.0,948.0,25,100,978.03,901.5,967.15
2521,2021-02-11 13:40:00,948.0,948.0,948.0,948.0,25,100,978.03,901.5,967.15
2522,2021-02-11 13:41:00,948.0,948.0,948.0,948.0,25,100,978.03,901.5,967.15
2523,2021-02-11 13:42:00,948.0,948.0,948.0,948.0,25,100,978.03,901.5,967.15
2524,2021-02-11 13:43:00,948.0,948.0,948.0,948.0,25,100,978.03,901.5,967.15
2525,2021-02-11 13:44:00,948.0,948.0,948.0,948.0,25,100,978.03,901.5,967.15
2526,2021-02-11 13:45:00,948.0,948.0,948.0,948.0,25,100,978.03,901.5,967.15
2527,2021-02-11 13:46:00,948.0,948.0,948.0,948.0,25,100,978.03,901.5,967.15
2528,2021-02-11 13:47:00,934.45,934.45,934.45,934.45,25,75,967.13,750.8,1009.65
2529,2021-02-11 13:48:00,934.45,934.45,934.45,934.45,25,75,967.13,750.8,1009.65
2530,2021-02-11 13:49:00,934.45,934.45,934.45,934.45,25,75,967.13,750.8,1009.65
2531,2021-02-11 13:50:00,934.45,934.45,934.45,934.45,25,75,967.13,750.8,1009.65
2532,2021-02-11 13:51:00,934.45,934.45,934.45,934.45,25,75,967.13,750.8,1009.65
2533,2021-02-11 13:52:00,934.45,934.45,934.45,934.45,25,75,967.13,750.8,1009.65
2534,2021-02-11 13:53:00,934.45,934.45,934.45,934.45,25,75,967.13,750.8,1009.65
2535,2021-02-11 13:54:00,934.45,934.45,934.45,934.45,25,75,967.13,750.8,1009.65
2536,2021-02-11 13:55:00,934.45,934.45,934.45,934.45,25,75,967.13,750.8,1009.65
2537,2021-02-11 13:56:00,934.45,934.45,934.45,934.45,25,75,967.13,750.8,1009.65
2538,2021-02-11 13:57:00,934.45,934.45,934.45,934.45,25,75,967.13,750.8,1009.65
2539,2021-02-11 13:58:00,934.45,934.45,934.45,934.45,25,75,967.13,750.8,1009.65
2540,2021-02-11 13:59:00,934.45,934.45,934.45,934.45,25,75,967.13,750.8,1009.65
2541,2021-02-11 14:00:00,934.45,934.45,934.45,934.45,25,75,967.13,750.8,1009.65
2542,2021-02-11 14:01:00,934.45,934.45,934.45,934.45,25,75,967.13,750.8,1009.65
2543,2021-02-11 14:02:00,934.45,934.45,934.45,934.45,25,75,967.13,750.8,1009.65
2544,2021-02-11 14:03:00,934.45,934.45,934.45,934.45,25,75,967.13,750.8,1009.65
2545,2021-02-11 14:04:00,934.45,934.45,934.45,934.45,25,75,967.13,750.8,1009.65
2546,2021-02-11 14:05:00,934.45,934.45,934.45,934.45,25,75,967.13,750.8,1009.65
2547,2021-02-11 14:06:00,934.45,934.45,934.45,934.45,25,75,967.13,750.8,1009.65
2548,2021-02-11 14:07:00,934.45,934.45,934.45,934.45,25,75,967.13,750.8,1009.65
2549,2021-02-11 14:08:00,934.45,934.45,934.45,934.45,25,75,967.13,750.8,1009.65
2550,2021-02-11 14:09:00,934.45,934.45,934.45,934.45,25,75,967.13,750.8,1009.65
2551,2021-02-11 14:10:00,934.45,934.45,934.45,934.45,25,75,967.13,750.8,1009.65
2552,2021-02-11 14:11:00,934.45,934.45,934.45,934.45,25,75,967.13,750.8,1009.65
2553,2021-02-11 14:12:00,934.45,934.45,934.45,934.45,25,75,967.13,750.8,1009.65
2554,2021-02-11 14:13:00,934.45,934.45,934.45,934.45,25,75,967.13,750.8,1009.65
2555,2021-02-11 14:14:00,934.45,934.45,934.45,934.45,25,75,967.13,750.8,1009.65
2556,2021-02-11 14:15:00,934.45,934.45,934.45,934.45,25,75,967.13,750.8,1009.65
2557,2021-02-11 14:16:00,934.45,934.45,934.45,934.45,25,75,967.13,750.8,1009.65
2558,2021-02-11 14:17:00,934.45,934.45,934.45,934.45,25,75,967.13,750.8,1009.65
2559,2021-02-11 14:18:00,934.45,934.45,934.45,934.45,25,75,967.13,750.8,1009.65
2560,2021-02-11 14:19:00,934.45,934.45,934.45,934.45,25,75,967.13,750.8,1009.65
2561,2021-02-11 14:20:00,934.45,934.45,934.45,934.45,25,75,967.13,750.8,1009.65
2562,2021-02-11 14:21:00,934.45,934.45,934.45,934.45,25,75,967.13,750.8,1009.65
2563,2021-02-11 14:22:00,934.45,934.45,934.45,934.45,25,75,967.13,750.8,1009.65
2564,2021-02-11 14:23:00,934.45,934.45,934.45,934.45,25,75,967.13,750.8,1009.65
2565,2021-02-11 14:24:00,946.35,946.35,946.35,946.35,25,100,962.98,211.9,1025.8
2566,2021-02-11 14:25:00,946.35,946.35,946.35,946.35,25,100,962.98,211.9,1025.8
2567,2021-02-11 14:26:00,984.9,984.9,984.9,984.9,25,100,966.63,260.25,1029.85
2568,2021-02-11 14:27:00,984.9,984.9,984.9,984.9,25,100,966.63,260.25,1029.85
2569,2021-02-11 14:28:00,984.9,984.9,984.9,984.9,25,100,966.63,260.25,1029.85
2570,2021-02-11 14:29:00,984.9,984.9,984.9,984.9,25,100,966.63,260.25,1029.85
2571,2021-02-11 14:30:00,984.9,984.9,984.9,984.9,25,100,966.63,260.25,1029.85
2572,2021-02-11 14:31:00,984.9,984.9,984.9,984.9,25,100,966.63,260.25,1029.85
2573,2021-02-11 14:32:00,984.9,984.9,984.9,984.9,25,100,966.63,260.25,1029.85
2574,2021-02-11 14:33:00,984.9,984.9,984.9,984.9,25,100,966.63,260.25,1029.85
2575,2021-02-11 14:34:00,984.9,984.9,984.9,984.9,25,100,966.63,260.25,1029.85
2576,2021-02-11 14:35:00,984.9,984.9,984.9,984.9,25,100,966.63,260.25,1029.85
2577,2021-02-11 14:36:00,984.9,984.9,984.9,984.9,25,100,966.63,260.25,1029.85
2578,2021-02-11 14:37:00,984.9,984.9,984.9,984.9,25,100,966.63,260.25,1029.85
2579,2021-02-11 14:38:00,984.9,984.9,984.9,984.9,25,100,966.63,260.25,1029.85
2580,2021-02-11 14:39:00,984.9,984.9,984.9,984.9,25,100,966.63,260.25,1029.85
2581,2021-02-11 14:40:00,984.9,984.9,984.9,984.9,25,100,966.63,260.25,1029.85
2582,2021-02-11 14:41:00,984.9,984.9,984.9,984.9,25,100,966.63,260.25,1029.85
2583,2021-02-11 14:42:00,984.9,984.9,984.9,984.9,25,100,966.63,260.25,1029.85
2584,2021-02-11 14:43:00,984.9,984.9,984.9,984.9,25,100,966.63,260.25,1029.85
2585,2021-02-11 14:44:00,984.9,984.9,984.9,984.9,25,100,966.63,260.25,1029.85
2586,2021-02-11 14:45:00,984.9,984.9,984.9,984.9,25,100,966.63,260.25,1029.85
2587,2021-02-11 14:46:00,984.9,984.9,984.9,984.9,25,100,966.63,260.25,1029.85
2588,2021-02-11 14:47:00,984.9,984.9,984.9,984.9,25,100,966.63,260.25,1029.85
2589,2021-02-11 14:48:00,984.9,984.9,984.9,984.9,25,100,966.63,260.25,1029.85
2590,2021-02-11 14:49:00,984.9,984.9,984.9,984.9,25,100,966.63,260.25,1029.85
2591,2021-02-11 14:50:00,984.9,984.9,984.9,984.9,25,100,966.63,260.25,1029.85
2592,2021-02-11 14:51:00,984.9,984.9,984.9,984.9,25,100,966.63,260.25,1029.85
2593,2021-02-11 14:52:00,984.9,984.9,984.9,984.9,25,100,966.63,260.25,1029.85
2594,2021-02-11 14:53:00,984.9,984.9,984.9,984.9,25,100,966.63,260.25,1029.85
2595,2021-02-11 14:54:00,984.9,984.9,984.9,984.9,25,100,966.63,260.25,1029.85
2596,2021-02-11 14:55:00,984.9,984.9,984.9,984.9,25,100,966.63,260.25,1029.85
2597,2021-02-11 14:56:00,984.9,984.9,984.9,984.9,25,100,966.63,260.25,1029.85
2598,2021-02-11 14:57:00,984.9,984.9,984.9,984.9,25,100,966.63,260.25,1029.85
2599,2021-02-11 14:58:00,984.9,984.9,984.9,984.9,25,100,966.63,260.25,1029.85
2600,2021-02-11 14:59:00,984.9,984.9,984.9,984.9,25,100,966.63,260.25,1029.85
2601,2021-02-11 15:00:00,984.9,984.9,984.9,984.9,25,100,966.63,260.25,1029.85
2602,2021-02-11 15:01:00,984.9,984.9,984.9,984.9,25,100,966.63,260.25,1029.85
2603,2021-02-11 15:02:00,984.9,984.9,984.9,984.9,25,100,966.63,260.25,1029.85
2604,2021-02-11 15:03:00,984.9,984.9,984.9,984.9,25,100,966.63,260.25,1029.85
2605,2021-02-11 15:04:00,984.9,984.9,984.9,984.9,25,100,966.63,260.25,1029.85
2606,2021-02-11 15:05:00,984.9,984.9,984.9,984.9,25,100,966.63,260.25,1029.85
2607,2021-02-11 15:06:00,984.9,984.9,984.9,984.9,25,100,966.63,260.25,1029.85
2608,2021-02-11 15:07:00,984.9,984.9,984.9,984.9,25,100,966.63,260.25,1029.85
2609,2021-02-11 15:08:00,984.9,984.9,984.9,984.9,25,100,966.63,260.25,1029.85
2610,2021-02-11 15:09:00,984.9,984.9,984.9,984.9,25,100,966.63,260.25,1029.85
2611,2021-02-11 15:10:00,984.9,984.9,984.9,984.9,25,100,966.63,260.25,1029.85
2612,2021-02-11 15:11:00,984.9,984.9,984.9,984.9,25,100,966.63,260.25,1029.85
2613,2021-02-11 15:12:00,984.9,984.9,984.9,984.9,25,100,966.63,260.25,1029.85
2614,2021-02-11 15:13:00,984.9,984.9,984.9,984.9,25,100,966.63,260.25,1029.85
2615,2021-02-11 15:14:00,984.9,984.9,984.9,984.9,25,100,966.63,260.25,1029.85
2616,2021-02-11 15:15:00,984.9,984.9,984.9,984.9,25,100,966.63,260.25,1029.85
2617,2021-02-11 15:16:00,984.9,984.9,984.9,984.9,25,100,966.63,260.25,1029.85
2618,2021-02-11 15:17:00,984.9,984.9,984.9,984.9,25,100,966.63,260.25,1029.85
2619,2021-02-11 15:18:00,984.9,984.9,984.9,984.9,25,100,966.63,260.25,1029.85
2620,2021-02-11 15:19:00,984.9,984.9,984.9,984.9,25,100,966.63,260.25,1029.85
2621,2021-02-11 15:20:00,984.9,984.9,984.9,984.9,25,100,966.63,260.25,1029.85
2622,2021-02-11 15:21:00,984.9,984.9,984.9,984.9,25,100,966.63,260.25,1029.85
2623,2021-02-11 15:22:00,984.9,984.9,984.9,984.9,25,100,966.63,260.25,1029.85
2624,2021-02-11 15:23:00,984.9,984.9,984.9,984.9,25,100,966.63,260.25,1029.85
2625,2021-02-11 15:24:00,984.9,984.9,984.9,984.9,25,100,966.63,260.25,1029.85
2626,2021-02-11 15:25:00,984.9,984.9,984.9,984.9,25,100,966.63,260.25,1029.85
2627,2021-02-11 15:26:00,984.9,984.9,984.9,984.9,25,100,966.63,260.25,1029.85
2628,2021-02-11 15:27:00,984.9,984.9,984.9,984.9,25,100,966.63,260.25,1029.85
2629,2021-02-11 15:28:00,984.9,984.9,984.9,984.9,25,100,966.63,260.25,1029.85
2630,2021-02-11 15:29:00,984.9,984.9,984.9,984.9,25,100,966.63,260.25,1029.85
2631,2021-02-11 15:30:00,984.9,984.9,984.9,984.9,25,100,966.63,260.25,1029.85
2632,2021-02-12 09:15:00,984.9,984.9,984.9,984.9,25,100,966.63,260.25,1029.85
2633,2021-02-12 09:16:00,984.9,984.9,984.9,984.9,25,100,966.63,260.25,1029.85
2634,2021-02-12 09:17:00,984.9,984.9,984.9,984.9,25,100,966.63,260.25,1029.85
2635,2021-02-12 09:18:00,984.9,984.9,984.9,984.9,25,100,966.63,260.25,1029.85
2636,2021-02-12 09:19:00,984.9,984.9,984.9,984.9,25,100,966.63,260.25,1029.85
2637,2021-02-12 09:20:00,984.9,984.9,984.9,984.9,25,100,966.63,260.25,1029.85
2638,2021-02-12 09:21:00,984.9,984.9,984.9,984.9,25,100,966.63,260.25,1029.85
2639,2021-02-12 09:22:00,984.9,984.9,984.9,984.9,25,100,966.63,260.25,1029.85
2640,2021-02-12 09:23:00,984.9,984.9,984.9,984.9,25,100,966.63,260.25,1029.85
2641,2021-02-12 09:24:00,984.9,984.9,984.9,984.9,25,100,966.63,260.25,1029.85
2642,2021-02-12 09:25:00,984.9,984.9,984.9,984.9,25,100,966.63,260.25,1029.85
2643,2021-02-12 09:26:00,984.9,984.9,984.9,984.9,25,100,966.63,260.25,1029.85
2644,2021-02-12 09:27:00,984.9,984.9,984.9,984.9,25,100,966.63,260.25,1029.85
2645,2021-02-12 09:28:00,984.9,984.9,984.9,984.9,25,100,966.63,260.25,1029.85
2646,2021-02-12 09:29:00,984.9,984.9,984.9,984.9,25,100,966.63,260.25,1029.85
2647,2021-02-12 09:30:00,984.9,984.9,984.9,984.9,25,100,966.63,260.25,1029.85
2648,2021-02-12 09:31:00,984.9,984.9,984.9,984.9,25,100,966.63,260.25,1029.85
2649,2021-02-12 09:32:00,984.9,984.9,984.9,984.9,25,100,966.63,260.25,1029.85
2650,2021-02-12 09:33:00,984.9,984.9,984.9,984.9,25,100,966.63,260.25,1029.85
2651,2021-02-12 09:34:00,984.9,984.9,984.9,984.9,25,100,966.63,260.25,1029.85
2652,2021-02-12 09:35:00,984.9,984.9,984.9,984.9,25,100,966.63,260.25,1029.85
2653,2021-02-12 09:36:00,984.9,984.9,984.9,984.9,25,100,966.63,260.25,1029.85
2654,2021-02-12 09:37:00,984.9,984.9,984.9,984.9,25,100,966.63,260.25,1029.85
2655,2021-02-12 09:38:00,984.9,984.9,984.9,984.9,25,100,966.63,260.25,1029.85
2656,2021-02-12 09:39:00,984.9,984.9,984.9,984.9,25,100,966.63,260.25,1029.85
2657,2021-02-12 09:40:00,984.9,984.9,984.9,984.9,25,100,966.63,260.25,1029.85
2658,2021-02-12 09:41:00,984.9,984.9,984.9,984.9,25,100,966.63,260.25,1029.85
2659,2021-02-12 09:42:00,984.9,984.9,984.9,984.9,25,100,966.63,260.25,1029.85
2660,2021-02-12 09:43:00,984.9,984.9,984.9,984.9,25,100,966.63,260.25,1029.85
2661,2021-02-12 09:44:00,984.9,984.9,984.9,984.9,25,100,966.63,260.25,1029.85
2662,2021-02-12 09:45:00,984.9,984.9,984.9,984.9,25,100,966.63,260.25,1029.85
2663,2021-02-12 09:46:00,984.9,984.9,984.9,984.9,25,100,966.63,260.25,1029.85
2664,2021-02-12 09:47:00,984.9,984.9,984.9,984.9,25,100,966.63,260.25,1029.85
2665,2021-02-12 09:48:00,984.9,984.9,984.9,984.9,25,100,966.63,260.25,1029.85
2666,2021-02-12 09:49:00,984.9,984.9,984.9,984.9,25,100,966.63,260.25,1029.85
2667,2021-02-12 09:50:00,984.9,984.9,984.9,984.9,25,100,966.63,260.25,1029.85
2668,2021-02-12 09:51:00,984.9,984.9,984.9,984.9,25,100,966.63,260.25,1029.85
2669,2021-02-12 09:52:00,984.9,984.9,984.9,984.9,25,100,966.63,260.25,1029.85
2670,2021-02-12 09:53:00,984.9,984.9,984.9,984.9,25,100,966.63,260.25,1029.85
2671,2021-02-12 09:54:00,984.9,984.9,984.9,984.9,25,100,966.63,260.25,1029.85
2672,2021-02-12 09:55:00,984.9,984.9,984.9,984.9,25,100,966.63,260.25,1029.85
2673,2021-02-12 09:56:00,984.9,984.9,984.9,984.9,25,100,966.63,260.25,1029.85
2674,2021-02-12 09:57:00,984.9,984.9,984.9,984.9,25,100,966.63,260.25,1029.85
2675,2021-02-12 09:58:00,984.9,984.9,984.9,984.9,25,100,966.63,260.25,1029.85
2676,2021-02-12 09:59:00,984.9,984.9,984.9,984.9,25,100,966.63,260.25,1029.85
2677,2021-02-12 10:00:00,984.9,984.9,984.9,984.9,25,100,966.63,260.25,1029.85
2678,2021-02-12 10:01:00,984.9,984.9,984.9,984.9,25,100,966.63,260.25,1029.85
2679,2021-02-12 10:02:00,984.9,984.9,984.9,984.9,25,100,966.63,260.25,1029.85
2680,2021-02-12 10:03:00,984.9,984.9,984.9,984.9,25,100,966.63,260.25,1029.85
2681,2021-02-12 10:04:00,984.9,984.9,984.9,984.9,25,100,966.63,260.25,1029.85
2682,2021-02-12 10:05:00,984.9,984.9,984.9,984.9,25,100,966.63,260.25,1029.85
2683,2021-02-12 10:06:00,984.9,984.9,984.9,984.9,25,100,966.63,260.25,1029.85
2684,2021-02-12 10:07:00,984.9,984.9,984.9,984.9,25,100,966.63,260.25,1029.85
2685,2021-02-12 10:08:00,984.9,984.9,984.9,984.9,25,100,966.63,260.25,1029.85
2686,2021-02-12 10:09:00,984.9,984.9,984.9,984.9,25,100,966.63,260.25,1029.85
2687,2021-02-12 10:10:00,984.9,984.9,984.9,984.9,25,100,966.63,260.25,1029.85
2688,2021-02-12 10:11:00,984.9,984.9,984.9,984.9,25,100,966.63,260.25,1029.85
2689,2021-02-12 10:12:00,984.9,984.9,984.9,984.9,25,100,966.63,260.25,1029.85
2690,2021-02-12 10:13:00,984.9,984.9,984.9,984.9,25,100,966.63,260.25,1029.85
2691,2021-02-12 10:14:00,984.9,984.9,984.9,984.9,25,100,966.63,260.25,1029.85
2692,2021-02-12 10:15:00,984.9,984.9,984.9,984.9,25,100,966.63,260.25,1029.85
2693,2021-02-12 10:16:00,984.9,984.9,984.9,984.9,25,100,966.63,260.25,1029.85
2694,2021-02-12 10:17:00,984.9,984.9,984.9,984.9,25,100,966.63,260.25,1029.85
2695,2021-02-12 10:18:00,984.9,984.9,984.9,984.9,25,100,966.63,260.25,1029.85
2696,2021-02-12 10:19:00,984.9,984.9,984.9,984.9,25,100,966.63,260.25,1029.85
2697,2021-02-12 10:20:00,984.9,984.9,984.9,984.9,25,100,966.63,260.25,1029.85
2698,2021-02-12 10:21:00,984.9,984.9,984.9,984.9,25,100,966.63,260.25,1029.85
2699,2021-02-12 10:22:00,984.9,984.9,984.9,984.9,25,100,966.63,260.25,1029.85
2700,2021-02-12 10:23:00,984.9,984.9,984.9,984.9,25,100,966.63,260.25,1029.85
2701,2021-02-12 10:24:00,984.9,984.9,984.9,984.9,25,100,966.63,260.25,1029.85
2702,2021-02-12 10:25:00,984.9,984.9,984.9,984.9,25,100,966.63,260.25,1029.85
2703,2021-02-12 10:26:00,984.9,984.9,984.9,984.9,25,100,966.63,260.25,1029.85
2704,2021-02-12 10:27:00,984.9,984.9,984.9,984.9,25,100,966.63,260.25,1029.85
2705,2021-02-12 10:28:00,984.9,984.9,984.9,984.9,25,100,966.63,260.25,1029.85
2706,2021-02-12 10:29:00,984.9,984.9,984.9,984.9,25,100,966.63,260.25,1029.85
2707,2021-02-12 10:30:00,964.85,964.85,964.85,964.85,25,150,964.85,942.55,988.45
2708,2021-02-12 10:31:00,964.85,964.85,964.85,964.85,25,150,964.85,942.55,988.45
2709,2021-02-12 10:32:00,964.85,964.85,964.85,964.85,25,150,964.85,942.55,988.45
2710,2021-02-12 10:33:00,964.85,964.85,964.85,964.85,25,150,964.85,942.55,988.45
2711,2021-02-12 10:34:00,964.85,964.85,964.85,964.85,25,150,964.85,942.55,988.45
2712,2021-02-12 10:35:00,964.85,964.85,964.85,964.85,25,150,964.85,942.55,988.45
2713,2021-02-12 10:36:00,964.85,964.85,964.85,964.85,25,150,964.85,942.55,988.45
2714,2021-02-12 10:37:00,989.6,989.6,989.6,989.6,25,175,977.22,965.85,1014.95
2715,2021-02-12 10:38:00,989.6,989.6,989.6,989.6,25,175,977.22,965.85,1014.95
2716,2021-02-12 10:39:00,989.6,989.6,989.6,989.6,25,175,977.22,965.85,1014.95
2717,2021-02-12 10:40:00,989.6,989.6,989.6,989.6,25,175,977.22,965.85,1014.95
2718,2021-02-12 10:41:00,989.6,989.6,989.6,989.6,25,175,977.22,965.85,1014.95
2719,2021-02-12 10:42:00,989.6,989.6,989.6,989.6,25,175,977.22,965.85,1014.95
2720,2021-02-12 10:43:00,989.6,989.6,989.6,989.6,25,175,977.22,965.85,1014.95
2721,2021-02-12 10:44:00,989.6,989.6,989.6,989.6,25,175,977.22,965.85,1014.95
2722,2021-02-12 10:45:00,989.6,989.6,989.6,989.6,25,175,977.22,965.85,1014.95
2723,2021-02-12 10:46:00,989.6,989.6,989.6,989.6,25,175,977.22,965.85,1014.95
2724,2021-02-12 10:47:00,989.6,989.6,989.6,989.6,25,175,977.22,965.85,1014.95
2725,2021-02-12 10:48:00,989.6,989.6,989.6,989.6,25,175,977.22,965.85,1014.95
2726,2021-02-12 10:49:00,989.6,989.6,989.6,989.6,25,175,977.22,965.85,1014.95
2727,2021-02-12 10:50:00,989.6,989.6,989.6,989.6,25,175,977.22,965.85,1014.95
2728,2021-02-12 10:51:00,989.6,989.6,989.6,989.6,25,175,977.22,965.85,1014.95
2729,2021-02-12 10:52:00,989.6,989.6,989.6,989.6,25,175,977.22,965.85,1014.95
2730,2021-02-12 10:53:00,989.6,989.6,989.6,989.6,25,175,977.22,965.85,1014.95
2731,2021-02-12 10:54:00,989.6,989.6,989.6,989.6,25,175,977.22,965.85,1014.95
2732,2021-02-12 10:55:00,989.6,989.6,989.6,989.6,25,175,977.22,965.85,1014.95
2733,2021-02-12 10:56:00,989.6,989.6,989.6,989.6,25,175,977.22,965.85,1014.95
2734,2021-02-12 10:57:00,989.6,989.6,989.6,989.6,25,175,977.22,965.85,1014.95
2735,2021-02-12 10:58:00,989.6,989.6,989.6,989.6,25,175,977.22,965.85,1014.95
2736,2021-02-12 10:59:00,989.6,989.6,989.6,989.6,25,175,977.22,965.85,1014.95
2737,2021-02-12 11:00:00,989.6,989.6,989.6,989.6,25,175,977.22,965.85,1014.95
2738,2021-02-12 11:01:00,989.6,989.6,989.6,989.6,25,175,977.22,965.85,1014.95
2739,2021-02-12 11:02:00,989.6,989.6,989.6,989.6,25,175,977.22,965.85,1014.95
2740,2021-02-12 11:03:00,989.6,989.6,989.6,989.6,25,175,977.22,965.85,1014.95
2741,2021-02-12 11:04:00,989.6,989.6,989.6,989.6,25,175,977.22,965.85,1014.95
2742,2021-02-12 11:05:00,989.6,989.6,989.6,989.6,25,175,977.22,965.85,1014.95
2743,2021-02-12 11:06:00,989.6,989.6,989.6,989.6,25,175,977.22,965.85,1014.95
2744,2021-02-12 11:07:00,989.6,989.6,989.6,989.6,25,175,977.22,965.85,1014.95
2745,2021-02-12 11:08:00,989.6,989.6,989.6,989.6,25,175,977.22,965.85,1014.95
2746,2021-02-12 11:09:00,989.6,989.6,989.6,989.6,25,175,977.22,965.85,1014.95
2747,2021-02-12 11:10:00,989.6,989.6,989.6,989.6,25,175,977.22,965.85,1014.95
2748,2021-02-12 11:11:00,989.6,989.6,989.6,989.6,25,175,977.22,965.85,1014.95
2749,2021-02-12 11:12:00,989.6,989.6,989.6,989.6,25,175,977.22,965.85,1014.95
2750,2021-02-12 11:13:00,989.6,989.6,989.6,989.6,25,175,977.22,965.85,1014.95
2751,2021-02-12 11:14:00,989.6,989.6,989.6,989.6,25,175,977.22,965.85,1014.95
2752,2021-02-12 11:15:00,989.6,989.6,989.6,989.6,25,175,977.22,965.85,1014.95
2753,2021-02-12 11:16:00,989.6,989.6,989.6,989.6,25,175,977.22,965.85,1014.95
2754,2021-02-12 11:17:00,989.6,989.6,989.6,989.6,25,175,977.22,965.85,1014.95
2755,2021-02-12 11:18:00,989.6,989.6,989.6,989.6,25,175,977.22,965.85,1014.95
2756,2021-02-12 11:19:00,989.6,989.6,989.6,989.6,25,175,977.22,965.85,1014.95
2757,2021-02-12 11:20:00,989.6,989.6,989.6,989.6,25,175,977.22,965.85,1014.95
2758,2021-02-12 11:21:00,989.6,989.6,989.6,989.6,25,175,977.22,965.85,1014.95
2759,2021-02-12 11:22:00,989.6,989.6,989.6,989.6,25,175,977.22,965.85,1014.95
2760,2021-02-12 11:23:00,989.6,989.6,989.6,989.6,25,175,977.22,965.85,1014.95
2761,2021-02-12 11:24:00,989.6,989.6,989.6,989.6,25,175,977.22,965.85,1014.95
2762,2021-02-12 11:25:00,989.6,989.6,989.6,989.6,25,175,977.22,965.85,1014.95
2763,2021-02-12 11:26:00,989.6,989.6,989.6,989.6,25,175,977.22,965.85,1014.95
2764,2021-02-12 11:27:00,989.6,989.6,989.6,989.6,25,175,977.22,965.85,1014.95
2765,2021-02-12 11:28:00,989.6,989.6,989.6,989.6,25,175,977.22,965.85,1014.95
2766,2021-02-12 11:29:00,989.6,989.6,989.6,989.6,25,175,977.22,965.85,1014.95
2767,2021-02-12 11:30:00,989.6,989.6,989.6,989.6,25,175,977.22,965.85,1014.95
2768,2021-02-12 11:31:00,989.6,989.6,989.6,989.6,25,175,977.22,965.85,1014.95
2769,2021-02-12 11:32:00,989.6,989.6,989.6,989.6,25,175,977.22,965.85,1014.95
2770,2021-02-12 11:33:00,1122.2,1155.3,1122.2,1122.2,50,200,1057.98,1116.95,1156.15
2771,2021-02-12 11:34:00,1122.2,1155.3,1122.2,1122.2,50,200,1057.98,1116.95,1156.15
2772,2021-02-12 11:35:00,1122.2,1155.3,1122.2,1122.2,50,200,1057.98,1116.95,1156.15
2773,2021-02-12 11:36:00,1122.2,1155.3,1122.2,1122.2,50,200,1057.98,1116.95,1156.15
2774,2021-02-12 11:37:00,1122.2,1155.3,1122.2,1122.2,50,200,1057.98,1116.95,1156.15
2775,2021-02-12 11:38:00,1122.2,1155.3,1122.2,1122.2,50,200,1057.98,1116.95,1156.15
2776,2021-02-12 11:39:00,1122.2,1155.3,1122.2,1122.2,50,200,1057.98,1116.95,1156.15
2777,2021-02-12 11:40:00,1122.2,1155.3,1122.2,1122.2,50,200,1057.98,1116.95,1156.15
2778,2021-02-12 11:41:00,1122.2,1155.3,1122.2,1122.2,50,200,1057.98,1116.95,1156.15
2779,2021-02-12 11:42:00,1122.2,1155.3,1122.2,1122.2,50,200,1057.98,1116.95,1156.15
2780,2021-02-12 11:43:00,1122.2,1155.3,1122.2,1122.2,50,200,1057.98,1116.95,1156.15
2781,2021-02-12 11:44:00,1122.2,1155.3,1122.2,1122.2,50,200,1057.98,1116.95,1156.15
2782,2021-02-12 11:45:00,1122.2,1155.3,1122.2,1122.2,50,200,1057.98,1116.95,1156.15
2783,2021-02-12 11:46:00,1155.2,1155.2,1155.2,1155.2,50,200,1086.89,1123.0,1142.4
2784,2021-02-12 11:47:00,1155.0,1155.0,1155.0,1155.0,25,200,1096.62,1123.05,1148.65
2785,2021-02-12 11:48:00,1155.0,1155.0,1155.0,1155.0,25,200,1096.62,1123.05,1148.65
2786,2021-02-12 11:49:00,1142.05,1142.05,1142.05,1142.05,25,0,1102.3,1099.15,1137.05
2787,2021-02-12 11:50:00,1142.05,1142.05,1142.05,1142.05,25,0,1102.3,1099.15,1137.05
2788,2021-02-12 11:51:00,1142.05,1142.05,1142.05,1142.05,25,0,1102.3,1099.15,1137.05
2789,2021-02-12 11:52:00,1142.05,1142.05,1142.05,1142.05,25,0,1102.3,1099.15,1137.05
2790,2021-02-12 11:53:00,1142.05,1142.05,1142.05,1142.05,25,0,1102.3,1099.15,1137.05
2791,2021-02-12 11:54:00,1142.05,1142.05,1142.05,1142.05,25,0,1102.3,1099.15,1137.05
2792,2021-02-12 11:55:00,1142.05,1142.05,1142.05,1142.05,25,0,1102.3,1099.15,1137.05
2793,2021-02-12 11:56:00,1142.05,1142.05,1142.05,1142.05,25,0,1102.3,1099.15,1137.05
2794,2021-02-12 11:57:00,1142.05,1142.05,1142.05,1142.05,25,0,1102.3,1099.15,1137.05
2795,2021-02-12 11:58:00,1142.05,1142.05,1142.05,1142.05,25,0,1102.3,1099.15,1137.05
2796,2021-02-12 11:59:00,1142.05,1142.05,1142.05,1142.05,25,0,1102.3,1099.15,1137.05
2797,2021-02-12 12:00:00,1142.05,1142.05,1142.05,1142.05,25,0,1102.3,1099.15,1137.05
2798,2021-02-12 12:01:00,1142.05,1142.05,1142.05,1142.05,25,0,1102.3,1099.15,1137.05
2799,2021-02-12 12:02:00,1142.05,1142.05,1142.05,1142.05,25,0,1102.3,1099.15,1137.05
2800,2021-02-12 12:03:00,1142.05,1142.05,1142.05,1142.05,25,0,1102.3,1099.15,1137.05
2801,2021-02-12 12:04:00,1142.05,1142.05,1142.05,1142.05,25,0,1102.3,1099.15,1137.05
2802,2021-02-12 12:05:00,1142.05,1142.05,1142.05,1142.05,25,0,1102.3,1099.15,1137.05
2803,2021-02-12 12:06:00,1142.05,1142.05,1142.05,1142.05,25,0,1102.3,1099.15,1137.05
2804,2021-02-12 12:07:00,1142.05,1142.05,1142.05,1142.05,25,0,1102.3,1099.15,1137.05
2805,2021-02-12 12:08:00,1142.05,1142.05,1142.05,1142.05,25,0,1102.3,1099.15,1137.05
2806,2021-02-12 12:09:00,1142.05,1142.05,1142.05,1142.05,25,0,1102.3,1099.15,1137.05
2807,2021-02-12 12:10:00,1142.05,1142.05,1142.05,1142.05,25,0,1102.3,1099.15,1137.05
2808,2021-02-12 12:11:00,1142.05,1142.05,1142.05,1142.05,25,0,1102.3,1099.15,1137.05
2809,2021-02-12 12:12:00,1142.05,1142.05,1142.05,1142.05,25,0,1102.3,1099.15,1137.05
2810,2021-02-12 12:13:00,1142.05,1142.05,1142.05,1142.05,25,0,1102.3,1099.15,1137.05
2811,2021-02-12 12:14:00,1142.05,1142.05,1142.05,1142.05,25,0,1102.3,1099.15,1137.05
2812,2021-02-12 12:15:00,1142.05,1142.05,1142.05,1142.05,25,0,1102.3,1099.15,1137.05
2813,2021-02-12 12:16:00,1142.05,1142.05,1142.05,1142.05,25,0,1102.3,1099.15,1137.05
2814,2021-02-12 12:17:00,1142.05,1142.05,1142.05,1142.05,25,0,1102.3,1099.15,1137.05
2815,2021-02-12 12:18:00,1142.05,1142.05,1142.05,1142.05,25,0,1102.3,1099.15,1137.05
2816,2021-02-12 12:19:00,1142.05,1142.05,1142.05,1142.05,25,0,1102.3,1099.15,1137.05
2817,2021-02-12 12:20:00,1142.05,1142.05,1142.05,1142.05,25,0,1102.3,1099.15,1137.05
2818,2021-02-12 12:21:00,1142.05,1142.05,1142.05,1142.05,25,0,1102.3,1099.15,1137.05
2819,2021-02-12 12:22:00,1142.05,1142.05,1142.05,1142.05,25,0,1102.3,1099.15,1137.05
2820,2021-02-12 12:23:00,1142.05,1142.05,1142.05,1142.05,25,0,1102.3,1099.15,1137.05
2821,2021-02-12 12:24:00,1142.05,1142.05,1142.05,1142.05,25,0,1102.3,1099.15,1137.05
2822,2021-02-12 12:25:00,1142.05,1142.05,1142.05,1142.05,25,0,1102.3,1099.15,1137.05
2823,2021-02-12 12:26:00,1142.05,1142.05,1142.05,1142.05,25,0,1102.3,1099.15,1137.05
2824,2021-02-12 12:27:00,1142.05,1142.05,1142.05,1142.05,25,0,1102.3,1099.15,1137.05
2825,2021-02-12 12:28:00,1142.05,1142.05,1142.05,1142.05,25,0,1102.3,1099.15,1137.05
2826,2021-02-12 12:29:00,1142.05,1142.05,1142.05,1142.05,25,0,1102.3,1099.15,1137.05
2827,2021-02-12 12:30:00,1142.05,1142.05,1142.05,1142.05,25,0,1102.3,1099.15,1137.05
2828,2021-02-12 12:31:00,1142.05,1142.05,1142.05,1142.05,25,0,1102.3,1099.15,1137.05
2829,2021-02-12 12:32:00,1142.05,1142.05,1142.05,1142.05,25,0,1102.3,1099.15,1137.05
2830,2021-02-12 12:33:00,1142.05,1142.05,1142.05,1142.05,25,0,1102.3,1099.15,1137.05
2831,2021-02-12 12:34:00,1142.05,1142.05,1142.05,1142.05,25,0,1102.3,1099.15,1137.05
2832,2021-02-12 12:35:00,1142.05,1142.05,1142.05,1142.05,25,0,1102.3,1099.15,1137.05
2833,2021-02-12 12:36:00,1142.05,1142.05,1142.05,1142.05,25,0,1102.3,1099.15,1137.05
2834,2021-02-12 12:37:00,1142.05,1142.05,1142.05,1142.05,25,0,1102.3,1099.15,1137.05
2835,2021-02-12 12:38:00,1142.05,1142.05,1142.05,1142.05,25,0,1102.3,1099.15,1137.05
2836,2021-02-12 12:39:00,1142.05,1142.05,1142.05,1142.05,25,0,1102.3,1099.15,1137.05
2837,2021-02-12 12:40:00,1142.05,1142.05,1142.05,1142.05,25,0,1102.3,1099.15,1137.05
2838,2021-02-12 12:41:00,1142.05,1142.05,1142.05,1142.05,25,0,1102.3,1099.15,1137.05
2839,2021-02-12 12:42:00,1142.05,1142.05,1142.05,1142.05,25,0,1102.3,1099.15,1137.05
2840,2021-02-12 12:43:00,1142.05,1142.05,1142.05,1142.05,25,0,1102.3,1099.15,1137.05
2841,2021-02-12 12:44:00,1142.05,1142.05,1142.05,1142.05,25,0,1102.3,1099.15,1137.05
2842,2021-02-12 12:45:00,1142.05,1142.05,1142.05,1142.05,25,0,1102.3,1099.15,1137.05
2843,2021-02-12 12:46:00,1142.05,1142.05,1142.05,1142.05,25,0,1102.3,1099.15,1137.05
2844,2021-02-12 12:47:00,1142.05,1142.05,1142.05,1142.05,25,0,1102.3,1099.15,1137.05
2845,2021-02-12 12:48:00,1132.05,1132.05,1132.05,1132.05,25,250,1105.6,1106.7,1142.6
2846,2021-02-12 12:49:00,1132.05,1132.05,1132.05,1132.05,25,250,1105.6,1106.7,1142.6
2847,2021-02-12 12:50:00,1132.05,1132.05,1132.05,1132.05,25,250,1105.6,1106.7,1142.6
2848,2021-02-12 12:51:00,1132.05,1132.05,1132.05,1132.05,25,250,1105.6,1106.7,1142.6
2849,2021-02-12 12:52:00,1132.05,1132.05,1132.05,1132.05,25,250,1105.6,1106.7,1142.6
2850,2021-02-12 12:53:00,1132.05,1132.05,1132.05,1132.05,25,250,1105.6,1106.7,1142.6
2851,2021-02-12 12:54:00,1132.05,1132.05,1132.05,1132.05,25,250,1105.6,1106.7,1142.6
2852,2021-02-12 12:55:00,1132.05,1132.05,1132.05,1132.05,25,250,1105.6,1106.7,1142.6
2853,2021-02-12 12:56:00,1132.05,1132.05,1132.05,1132.05,25,250,1105.6,1106.7,1142.6
2854,2021-02-12 12:57:00,1132.05,1132.05,1132.05,1132.05,25,250,1105.6,1106.7,1142.6
2855,2021-02-12 12:58:00,1132.05,1132.05,1132.05,1132.05,25,250,1105.6,1106.7,1142.6
2856,2021-02-12 12:59:00,1132.05,1132.05,1132.05,1132.05,25,250,1105.6,1106.7,1142.6
2857,2021-02-12 13:00:00,1132.05,1132.05,1132.05,1132.05,25,250,1105.6,1106.7,1142.6
2858,2021-02-12 13:01:00,1132.05,1132.05,1132.05,1132.05,25,250,1105.6,1106.7,1142.6
2859,2021-02-12 13:02:00,1132.05,1132.05,1132.05,1132.05,25,250,1105.6,1106.7,1142.6
2860,2021-02-12 13:03:00,1132.05,1132.05,1132.05,1132.05,25,250,1105.6,1106.7,1142.6
2861,2021-02-12 13:04:00,1132.05,1132.05,1132.05,1132.05,25,250,1105.6,1106.7,1142.6
2862,2021-02-12 13:05:00,1132.05,1132.05,1132.05,1132.05,25,250,1105.6,1106.7,1142.6
2863,2021-02-12 13:06:00,1132.05,1132.05,1132.05,1132.05,25,250,1105.6,1106.7,1142.6
2864,2021-02-12 13:07:00,1132.05,1132.05,1132.05,1132.05,25,250,1105.6,1106.7,1142.6
2865,2021-02-12 13:08:00,1132.05,1132.05,1132.05,1132.05,25,250,1105.6,1106.7,1142.6
2866,2021-02-12 13:09:00,1132.05,1132.05,1132.05,1132.05,25,250,1105.6,1106.7,1142.6
2867,2021-02-12 13:10:00,1132.05,1132.05,1132.05,1132.05,25,250,1105.6,1106.7,1142.6
2868,2021-02-12 13:11:00,1132.05,1132.05,1132.05,1132.05,25,250,1105.6,1106.7,1142.6
2869,2021-02-12 13:12:00,1132.05,1132.05,1132.05,1132.05,25,250,1105.6,1106.7,1142.6
2870,2021-02-12 13:13:00,1132.05,1132.05,1132.05,1132.05,25,250,1105.6,1106.7,1142.6
2871,2021-02-12 13:14:00,1132.05,1132.05,1132.05,1132.05,25,250,1105.6,1106.7,1142.6
2872,2021-02-12 13:15:00,1132.05,1132.05,1132.05,1132.05,25,250,1105.6,1106.7,1142.6
2873,2021-02-12 13:16:00,1132.05,1132.05,1132.05,1132.05,25,250,1105.6,1106.7,1142.6
2874,2021-02-12 13:17:00,1132.05,1132.05,1132.05,1132.05,25,250,1105.6,1106.7,1142.6
2875,2021-02-12 13:18:00,1132.05,1132.05,1132.05,1132.05,25,250,1105.6,1106.7,1142.6
2876,2021-02-12 13:19:00,1132.05,1132.05,1132.05,1132.05,25,250,1105.6,1106.7,1142.6
2877,2021-02-12 13:20:00,1132.05,1132.05,1132.05,1132.05,25,250,1105.6,1106.7,1142.6
2878,2021-02-12 13:21:00,1132.05,1132.05,1132.05,1132.05,25,250,1105.6,1106.7,1142.6
2879,2021-02-12 13:22:00,1132.05,1132.05,1132.05,1132.05,25,250,1105.6,1106.7,1142.6
2880,2021-02-12 13:23:00,1132.05,1132.05,1132.05,1132.05,25,250,1105.6,1106.7,1142.6
2881,2021-02-12 13:24:00,1132.05,1132.05,1132.05,1132.05,25,250,1105.6,1106.7,1142.6
2882,2021-02-12 13:25:00,1132.05,1132.05,1132.05,1132.05,25,250,1105.6,1106.7,1142.6
2883,2021-02-12 13:26:00,1132.05,1132.05,1132.05,1132.05,25,250,1105.6,1106.7,1142.6
2884,2021-02-12 13:27:00,1132.05,1132.05,1132.05,1132.05,25,250,1105.6,1106.7,1142.6
2885,2021-02-12 13:28:00,1132.05,1132.05,1132.05,1132.05,25,250,1105.6,1106.7,1142.6
2886,2021-02-12 13:29:00,1132.05,1132.05,1132.05,1132.05,25,250,1105.6,1106.7,1142.6
2887,2021-02-12 13:30:00,1132.05,1132.05,1132.05,1132.05,25,250,1105.6,1106.7,1142.6
2888,2021-02-12 13:31:00,1132.05,1132.05,1132.05,1132.05,25,250,1105.6,1106.7,1142.6
2889,2021-02-12 13:32:00,1132.05,1132.05,1132.05,1132.05,25,250,1105.6,1106.7,1142.6
2890,2021-02-12 13:33:00,1132.05,1132.05,1132.05,1132.05,25,250,1105.6,1106.7,1142.6
2891,2021-02-12 13:34:00,1132.05,1132.05,1132.05,1132.05,25,250,1105.6,1106.7,1142.6
2892,2021-02-12 13:35:00,1132.05,1132.05,1132.05,1132.05,25,250,1105.6,1106.7,1142.6
2893,2021-02-12 13:36:00,1132.05,1132.05,1132.05,1132.05,25,250,1105.6,1106.7,1142.6
2894,2021-02-12 13:37:00,1132.05,1132.05,1132.05,1132.05,25,250,1105.6,1106.7,1142.6
2895,2021-02-12 13:38:00,1132.05,1132.05,1132.05,1132.05,25,250,1105.6,1106.7,1142.6
2896,2021-02-12 13:39:00,1132.05,1132.05,1132.05,1132.05,25,250,1105.6,1106.7,1142.6
2897,2021-02-12 13:40:00,1132.05,1132.05,1132.05,1132.05,25,250,1105.6,1106.7,1142.6
2898,2021-02-12 13:41:00,1132.05,1132.05,1132.05,1132.05,25,250,1105.6,1106.7,1142.6
2899,2021-02-12 13:42:00,1132.05,1132.05,1132.05,1132.05,25,250,1105.6,1106.7,1142.6
2900,2021-02-12 13:43:00,1132.05,1132.05,1132.05,1132.05,25,250,1105.6,1106.7,1142.6
2901,2021-02-12 13:44:00,1132.05,1132.05,1132.05,1132.05,25,250,1105.6,1106.7,1142.6
2902,2021-02-12 13:45:00,1132.05,1132.05,1132.05,1132.05,25,250,1105.6,1106.7,1142.6
2903,2021-02-12 13:46:00,1132.05,1132.05,1132.05,1132.05,25,250,1105.6,1106.7,1142.6
2904,2021-02-12 13:47:00,1132.05,1132.05,1132.05,1132.05,25,250,1105.6,1106.7,1142.6
2905,2021-02-12 13:48:00,1132.05,1132.05,1132.05,1132.05,25,250,1105.6,1106.7,1142.6
2906,2021-02-12 13:49:00,1132.05,1132.05,1132.05,1132.05,25,250,1105.6,1106.7,1142.6
2907,2021-02-12 13:50:00,1132.05,1132.05,1132.05,1132.05,25,250,1105.6,1106.7,1142.6
2908,2021-02-12 13:51:00,1132.05,1132.05,1132.05,1132.05,25,250,1105.6,1106.7,1142.6
2909,2021-02-12 13:52:00,1132.05,1132.05,1132.05,1132.05,25,250,1105.6,1106.7,1142.6
2910,2021-02-12 13:53:00,1132.05,1132.05,1132.05,1132.05,25,250,1105.6,1106.7,1142.6
2911,2021-02-12 13:54:00,1132.05,1132.05,1132.05,1132.05,25,250,1105.6,1106.7,1142.6
2912,2021-02-12 13:55:00,1132.05,1132.05,1132.05,1132.05,25,250,1105.6,1106.7,1142.6
2913,2021-02-12 13:56:00,1132.05,1132.05,1132.05,1132.05,25,250,1105.6,1106.7,1142.6
2914,2021-02-12 13:57:00,1132.05,1132.05,1132.05,1132.05,25,250,1105.6,1106.7,1142.6
2915,2021-02-12 13:58:00,1132.05,1132.05,1132.05,1132.05,25,250,1105.6,1106.7,1142.6
2916,2021-02-12 13:59:00,1132.05,1132.05,1132.05,1132.05,25,250,1105.6,1106.7,1142.6
2917,2021-02-12 14:00:00,1132.05,1132.05,1132.05,1132.05,25,250,1105.6,1106.7,1142.6
2918,2021-02-12 14:01:00,1132.05,1132.05,1132.05,1132.05,25,250,1105.6,1106.7,1142.6
2919,2021-02-12 14:02:00,1132.05,1132.05,1132.05,1132.05,25,250,1105.6,1106.7,1142.6
2920,2021-02-12 14:03:00,1132.05,1132.05,1132.05,1132.05,25,250,1105.6,1106.7,1142.6
2921,2021-02-12 14:04:00,1132.05,1132.05,1132.05,1132.05,25,250,1105.6,1106.7,1142.6
2922,2021-02-12 14:05:00,1132.05,1132.05,1132.05,1132.05,25,250,1105.6,1106.7,1142.6
2923,2021-02-12 14:06:00,1132.05,1132.05,1132.05,1132.05,25,250,1105.6,1106.7,1142.6
2924,2021-02-12 14:07:00,1132.05,1132.05,1132.05,1132.05,25,250,1105.6,1106.7,1142.6
2925,2021-02-12 14:08:00,1132.05,1132.05,1132.05,1132.05,25,250,1105.6,1106.7,1142.6
2926,2021-02-12 14:09:00,1132.05,1132.05,1132.05,1132.05,25,250,1105.6,1106.7,1142.6
2927,2021-02-12 14:10:00,1132.05,1132.05,1132.05,1132.05,25,250,1105.6,1106.7,1142.6
2928,2021-02-12 14:11:00,1132.05,1132.05,1132.05,1132.05,25,250,1105.6,1106.7,1142.6
2929,2021-02-12 14:12:00,1132.05,1132.05,1132.05,1132.05,25,250,1105.6,1106.7,1142.6
2930,2021-02-12 14:13:00,1132.05,1132.05,1132.05,1132.05,25,250,1105.6,1106.7,1142.6
2931,2021-02-12 14:14:00,1132.05,1132.05,1132.05,1132.05,25,250,1105.6,1106.7,1142.6
2932,2021-02-12 14:15:00,1132.05,1132.05,1132.05,1132.05,25,250,1105.6,1106.7,1142.6
2933,2021-02-12 14:16:00,1132.05,1132.05,1132.05,1132.05,25,250,1105.6,1106.7,1142.6
2934,2021-02-12 14:17:00,1132.05,1132.05,1132.05,1132.05,25,250,1105.6,1106.7,1142.6
2935,2021-02-12 14:18:00,1132.05,1132.05,1132.05,1132.05,25,250,1105.6,1106.7,1142.6
2936,2021-02-12 14:19:00,1132.05,1132.05,1132.05,1132.05,25,250,1105.6,1106.7,1142.6
2937,2021-02-12 14:20:00,1132.05,1132.05,1132.05,1132.05,25,250,1105.6,1106.7,1142.6
2938,2021-02-12 14:21:00,1132.05,1132.05,1132.05,1132.05,25,250,1105.6,1106.7,1142.6
2939,2021-02-12 14:22:00,1132.05,1132.05,1132.05,1132.05,25,250,1105.6,1106.7,1142.6
2940,2021-02-12 14:23:00,1132.05,1132.05,1132.05,1132.05,25,250,1105.6,1106.7,1142.6
2941,2021-02-12 14:24:00,1132.05,1132.05,1132.05,1132.05,25,250,1105.6,1106.7,1142.6
2942,2021-02-12 14:25:00,1132.05,1132.05,1132.05,1132.05,25,250,1105.6,1106.7,1142.6
2943,2021-02-12 14:26:00,1132.05,1132.05,1132.05,1132.05,25,250,1105.6,1106.7,1142.6
2944,2021-02-12 14:27:00,1132.05,1132.05,1132.05,1132.05,25,250,1105.6,1106.7,1142.6
2945,2021-02-12 14:28:00,1132.05,1132.05,1132.05,1132.05,25,250,1105.6,1106.7,1142.6
2946,2021-02-12 14:29:00,1132.05,1132.05,1132.05,1132.05,25,250,1105.6,1106.7,1142.6
2947,2021-02-12 14:30:00,1132.05,1132.05,1132.05,1132.05,25,250,1105.6,1106.7,1142.6
2948,2021-02-12 14:31:00,1132.05,1132.05,1132.05,1132.05,25,250,1105.6,1106.7,1142.6
2949,2021-02-12 14:32:00,1132.05,1132.05,1132.05,1132.05,25,250,1105.6,1106.7,1142.6
2950,2021-02-12 14:33:00,1132.05,1132.05,1132.05,1132.05,25,250,1105.6,1106.7,1142.6
2951,2021-02-12 14:34:00,1132.05,1132.05,1132.05,1132.05,25,250,1105.6,1106.7,1142.6
2952,2021-02-12 14:35:00,1132.05,1132.05,1132.05,1132.05,25,250,1105.6,1106.7,1142.6
2953,2021-02-12 14:36:00,1132.05,1132.05,1132.05,1132.05,25,250,1105.6,1106.7,1142.6
2954,2021-02-12 14:37:00,1132.05,1132.05,1132.05,1132.05,25,250,1105.6,1106.7,1142.6
2955,2021-02-12 14:38:00,1132.05,1132.05,1132.05,1132.05,25,250,1105.6,1106.7,1142.6
2956,2021-02-12 14:39:00,1132.05,1132.05,1132.05,1132.05,25,250,1105.6,1106.7,1142.6
2957,2021-02-12 14:40:00,1132.05,1132.05,1132.05,1132.05,25,250,1105.6,1106.7,1142.6
2958,2021-02-12 14:41:00,1132.05,1132.05,1132.05,1132.05,25,250,1105.6,1106.7,1142.6
2959,2021-02-12 14:42:00,1132.05,1132.05,1132.05,1132.05,25,250,1105.6,1106.7,1142.6
2960,2021-02-12 14:43:00,1132.05,1132.05,1132.05,1132.05,25,250,1105.6,1106.7,1142.6
2961,2021-02-12 14:44:00,1132.05,1132.05,1132.05,1132.05,25,250,1105.6,1106.7,1142.6
2962,2021-02-12 14:45:00,1132.05,1132.05,1132.05,1132.05,25,250,1105.6,1106.7,1142.6
2963,2021-02-12 14:46:00,1132.05,1132.05,1132.05,1132.05,25,250,1105.6,1106.7,1142.6
2964,2021-02-12 14:47:00,1132.05,1132.05,1132.05,1132.05,25,250,1105.6,1106.7,1142.6
2965,2021-02-12 14:48:00,1132.05,1132.05,1132.05,1132.05,25,250,1105.6,1106.7,1142.6
2966,2021-02-12 14:49:00,1132.05,1132.05,1132.05,1132.05,25,250,1105.6,1106.7,1142.6
2967,2021-02-12 14:50:00,1132.05,1132.05,1132.05,1132.05,25,250,1105.6,1106.7,1142.6
2968,2021-02-12 14:51:00,1132.05,1132.05,1132.05,1132.05,25,250,1105.6,1106.7,1142.6
2969,2021-02-12 14:52:00,1132.05,1132.05,1132.05,1132.05,25,250,1105.6,1106.7,1142.6
2970,2021-02-12 14:53:00,1132.05,1132.05,1132.05,1132.05,25,250,1105.6,1106.7,1142.6
2971,2021-02-12 14:54:00,1132.05,1132.05,1132.05,1132.05,25,250,1105.6,1106.7,1142.6
2972,2021-02-12 14:55:00,1132.05,1132.05,1132.05,1132.05,25,250,1105.6,1106.7,1142.6
2973,2021-02-12 14:56:00,1132.05,1132.05,1132.05,1132.05,25,250,1105.6,1106.7,1142.6
2974,2021-02-12 14:57:00,1132.05,1132.05,1132.05,1132.05,25,250,1105.6,1106.7,1142.6
2975,2021-02-12 14:58:00,1132.05,1132.05,1132.05,1132.05,25,250,1105.6,1106.7,1142.6
2976,2021-02-12 14:59:00,1132.05,1132.05,1132.05,1132.05,25,250,1105.6,1106.7,1142.6
2977,2021-02-12 15:00:00,1132.05,1132.05,1132.05,1132.05,25,250,1105.6,1106.7,1142.6
2978,2021-02-12 15:01:00,1132.05,1132.05,1132.05,1132.05,25,250,1105.6,1106.7,1142.6
2979,2021-02-12 15:02:00,1132.05,1132.05,1132.05,1132.05,25,250,1105.6,1106.7,1142.6
2980,2021-02-12 15:03:00,1132.05,1132.05,1132.05,1132.05,25,250,1105.6,1106.7,1142.6
2981,2021-02-12 15:04:00,1132.05,1132.05,1132.05,1132.05,25,250,1105.6,1106.7,1142.6
2982,2021-02-12 15:05:00,1132.05,1132.05,1132.05,1132.05,25,250,1105.6,1106.7,1142.6
2983,2021-02-12 15:06:00,1132.05,1132.05,1132.05,1132.05,25,250,1105.6,1106.7,1142.6
2984,2021-02-12 15:07:00,1132.05,1132.05,1132.05,1132.05,25,250,1105.6,1106.7,1142.6
2985,2021-02-12 15:08:00,1132.05,1132.05,1132.05,1132.05,25,250,1105.6,1106.7,1142.6
2986,2021-02-12 15:09:00,1132.05,1132.05,1132.05,1132.05,25,250,1105.6,1106.7,1142.6
2987,2021-02-12 15:10:00,1132.05,1132.05,1132.05,1132.05,25,250,1105.6,1106.7,1142.6
2988,2021-02-12 15:11:00,1132.05,1132.05,1132.05,1132.05,25,250,1105.6,1106.7,1142.6
2989,2021-02-12 15:12:00,1132.05,1132.05,1132.05,1132.05,25,250,1105.6,1106.7,1142.6
2990,2021-02-12 15:13:00,1132.05,1132.05,1132.05,1132.05,25,250,1105.6,1106.7,1142.6
2991,2021-02-12 15:14:00,1132.05,1132.05,1132.05,1132.05,25,250,1105.6,1106.7,1142.6
2992,2021-02-12 15:15:00,1132.05,1132.05,1132.05,1132.05,25,250,1105.6,1106.7,1142.6
2993,2021-02-12 15:16:00,1132.05,1132.05,1132.05,1132.05,25,250,1105.6,1106.7,1142.6
2994,2021-02-12 15:17:00,1132.05,1132.05,1132.05,1132.05,25,250,1105.6,1106.7,1142.6
2995,2021-02-12 15:18:00,1132.05,1132.05,1132.05,1132.05,25,250,1105.6,1106.7,1142.6
2996,2021-02-12 15:19:00,1101.85,1101.85,1101.85,1101.85,25,275,1105.23,1074.35,1106.95
2997,2021-02-12 15:20:00,1101.85,1101.85,1101.85,1101.85,25,275,1105.23,1074.35,1106.95
2998,2021-02-12 15:21:00,1101.85,1101.85,1101.85,1101.85,25,275,1105.23,1074.35,1106.95
2999,2021-02-12 15:22:00,1101.85,1101.85,1101.85,1101.85,25,275,1105.23,1074.35,1106.95
3000,2021-02-12 15:23:00,1101.85,1101.85,1101.85,1101.85,25,275,1105.23,1074.35,1106.95
3001,2021-02-12 15:24:00,1101.85,1101.85,1101.85,1101.85,25,275,1105.23,1074.35,1106.95
3002,2021-02-12 15:25:00,1101.85,1101.85,1101.85,1101.85,25,275,1105.23,1074.35,1106.95
3003,2021-02-12 15:26:00,1101.85,1101.85,1101.85,1101.85,25,275,1105.23,1074.35,1106.95
3004,2021-02-12 15:27:00,1101.85,1101.85,1101.85,1101.85,25,275,1105.23,1074.35,1106.95
3005,2021-02-12 15:28:00,1101.85,1101.85,1101.85,1101.85,25,275,1105.23,1074.35,1106.95
3006,2021-02-12 15:29:00,1101.85,1101.85,1101.85,1101.85,25,275,1105.23,1074.35,1106.95
3007,2021-02-12 15:30:00,1101.8,1101.8,1101.8,1101.8,25,300,1104.91,1019.65,1113.95
3008,2021-02-13 09:15:00,1101.8,1101.8,1101.8,1101.8,25,300,1104.91,1019.65,1113.95
3009,2021-02-13 09:16:00,1101.8,1101.8,1101.8,1101.8,25,300,1104.91,1019.65,1113.95
3010,2021-02-13 09:17:00,1101.8,1101.8,1101.8,1101.8,25,300,1104.91,1019.65,1113.95
3011,2021-02-13 09:18:00,1101.8,1101.8,1101.8,1101.8,25,300,1104.91,1019.65,1113.95
3012,2021-02-13 09:19:00,1101.8,1101.8,1101.8,1101.8,25,300,1104.91,1019.65,1113.95
3013,2021-02-13 09:20:00,1101.8,1101.8,1101.8,1101.8,25,300,1104.91,1019.65,1113.95
3014,2021-02-13 09:21:00,1101.8,1101.8,1101.8,1101.8,25,300,1104.91,1019.65,1113.95
3015,2021-02-13 09:22:00,1101.8,1101.8,1101.8,1101.8,25,300,1104.91,1019.65,1113.95
3016,2021-02-13 09:23:00,1101.8,1101.8,1101.8,1101.8,25,300,1104.91,1019.65,1113.95
3017,2021-02-13 09:24:00,1101.8,1101.8,1101.8,1101.8,25,300,1104.91,1019.65,1113.95
3018,2021-02-13 09:25:00,1101.8,1101.8,1101.8,1101.8,25,300,1104.91,1019.65,1113.95
3019,2021-02-13 09:26:00,1101.8,1101.8,1101.8,1101.8,25,300,1104.91,1019.65,1113.95
3020,2021-02-13 09:27:00,1101.8,1101.8,1101.8,1101.8,25,300,1104.91,1019.65,1113.95
3021,2021-02-13 09:28:00,1101.8,1101.8,1101.8,1101.8,25,300,1104.91,1019.65,1113.95
3022,2021-02-13 09:29:00,1101.8,1101.8,1101.8,1101.8,25,300,1104.91,1019.65,1113.95
3023,2021-02-13 09:30:00,1101.8,1101.8,1101.8,1101.8,25,300,1104.91,1019.65,1113.95
3024,2021-02-13 09:31:00,1101.8,1101.8,1101.8,1101.8,25,300,1104.91,1019.65,1113.95
3025,2021-02-13 09:32:00,1101.8,1101.8,1101.8,1101.8,25,300,1104.91,1019.65,1113.95
3026,2021-02-13 09:33:00,1101.8,1101.8,1101.8,1101.8,25,300,1104.91,1019.65,1113.95
3027,2021-02-13 09:34:00,1101.8,1101.8,1101.8,1101.8,25,300,1104.91,1019.65,1113.95
3028,2021-02-13 09:35:00,1101.8,1101.8,1101.8,1101.8,25,300,1104.91,1019.65,1113.95
3029,2021-02-13 09:36:00,1101.8,1101.8,1101.8,1101.8,25,300,1104.91,1019.65,1113.95
3030,2021-02-13 09:37:00,1101.8,1101.8,1101.8,1101.8,25,300,1104.91,1019.65,1113.95
3031,2021-02-13 09:38:00,1101.8,1101.8,1101.8,1101.8,25,300,1104.91,1019.65,1113.95
3032,2021-02-13 09:39:00,1101.8,1101.8,1101.8,1101.8,25,300,1104.91,1019.65,1113.95
3033,2021-02-13 09:40:00,1101.8,1101.8,1101.8,1101.8,25,300,1104.91,1019.65,1113.95
3034,2021-02-13 09:41:00,1101.8,1101.8,1101.8,1101.8,25,300,1104.91,1019.65,1113.95
3035,2021-02-13 09:42:00,1101.8,1101.8,1101.8,1101.8,25,300,1104.91,1019.65,1113.95
3036,2021-02-13 09:43:00,1101.8,1101.8,1101.8,1101.8,25,300,1104.91,1019.65,1113.95
3037,2021-02-13 09:44:00,1101.8,1101.8,1101.8,1101.8,25,300,1104.91,1019.65,1113.95
3038,2021-02-13 09:45:00,1101.8,1101.8,1101.8,1101.8,25,300,1104.91,1019.65,1113.95
3039,2021-02-13 09:46:00,1101.8,1101.8,1101.8,1101.8,25,300,1104.91,1019.65,1113.95
3040,2021-02-13 09:47:00,1101.8,1101.8,1101.8,1101.8,25,300,1104.91,1019.65,1113.95
3041,2021-02-13 09:48:00,1101.8,1101.8,1101.8,1101.8,25,300,1104.91,1019.65,1113.95
3042,2021-02-13 09:49:00,1101.8,1101.8,1101.8,1101.8,25,300,1104.91,1019.65,1113.95
3043,2021-02-13 09:50:00,1101.8,1101.8,1101.8,1101.8,25,300,1104.91,1019.65,1113.95
3044,2021-02-13 09:51:00,1101.8,1101.8,1101.8,1101.8,25,300,1104.91,1019.65,1113.95
3045,2021-02-13 09:52:00,1101.8,1101.8,1101.8,1101.8,25,300,1104.91,1019.65,1113.95
3046,2021-02-13 09:53:00,1101.8,1101.8,1101.8,1101.8,25,300,1104.91,1019.65,1113.95
3047,2021-02-13 09:54:00,1101.8,1101.8,1101.8,1101.8,25,300,1104.91,1019.65,1113.95
3048,2021-02-13 09:55:00,1101.8,1101.8,1101.8,1101.8,25,300,1104.91,1019.65,1113.95
3049,2021-02-13 09:56:00,1101.8,1101.8,1101.8,1101.8,25,300,1104.91,1019.65,1113.95
3050,2021-02-13 09:57:00,1101.8,1101.8,1101.8,1101.8,25,300,1104.91,1019.65,1113.95
3051,2021-02-13 09:58:00,1101.8,1101.8,1101.8,1101.8,25,300,1104.91,1019.65,1113.95
3052,2021-02-13 09:59:00,1101.8,1101.8,1101.8,1101.8,25,300,1104.91,1019.65,1113.95
3053,2021-02-13 10:00:00,1101.8,1101.8,1101.8,1101.8,25,300,1104.91,1019.65,1113.95
3054,2021-02-13 10:01:00,1101.8,1101.8,1101.8,1101.8,25,300,1104.91,1019.65,1113.95
3055,2021-02-13 10:02:00,1101.8,1101.8,1101.8,1101.8,25,300,1104.91,1019.65,1113.95
3056,2021-02-13 10:03:00,1101.8,1101.8,1101.8,1101.8,25,300,1104.91,1019.65,1113.95
3057,2021-02-13 10:04:00,1101.8,1101.8,1101.8,1101.8,25,300,1104.91,1019.65,1113.95
3058,2021-02-13 10:05:00,1101.8,1101.8,1101.8,1101.8,25,300,1104.91,1019.65,1113.95
3059,2021-02-13 10:06:00,1101.8,1101.8,1101.8,1101.8,25,300,1104.91,1019.65,1113.95
3060,2021-02-13 10:07:00,1101.8,1101.8,1101.8,1101.8,25,300,1104.91,1019.65,1113.95
3061,2021-02-13 10:08:00,1101.8,1101.8,1101.8,1101.8,25,300,1104.91,1019.65,1113.95
3062,2021-02-13 10:09:00,1101.8,1101.8,1101.8,1101.8,25,300,1104.91,1019.65,1113.95
3063,2021-02-13 10:10:00,1101.8,1101.8,1101.8,1101.8,25,300,1104.91,1019.65,1113.95
3064,2021-02-13 10:11:00,1101.8,1101.8,1101.8,1101.8,25,300,1104.91,1019.65,1113.95
3065,2021-02-13 10:12:00,1101.8,1101.8,1101.8,1101.8,25,300,1104.91,1019.65,1113.95
3066,2021-02-13 10:13:00,1101.8,1101.8,1101.8,1101.8,25,300,1104.91,1019.65,1113.95
3067,2021-02-13 10:14:00,1101.8,1101.8,1101.8,1101.8,25,300,1104.91,1019.65,1113.95
3068,2021-02-13 10:15:00,1101.8,1101.8,1101.8,1101.8,25,300,1104.91,1019.65,1113.95
3069,2021-02-13 10:16:00,1101.8,1101.8,1101.8,1101.8,25,300,1104.91,1019.65,1113.95
3070,2021-02-13 10:17:00,1101.8,1101.8,1101.8,1101.8,25,300,1104.91,1019.65,1113.95
3071,2021-02-13 10:18:00,1101.8,1101.8,1101.8,1101.8,25,300,1104.91,1019.65,1113.95
3072,2021-02-13 10:19:00,1101.8,1101.8,1101.8,1101.8,25,300,1104.91,1019.65,1113.95
3073,2021-02-13 10:20:00,1101.8,1101.8,1101.8,1101.8,25,300,1104.91,1019.65,1113.95
3074,2021-02-13 10:21:00,1101.8,1101.8,1101.8,1101.8,25,300,1104.91,1019.65,1113.95
3075,2021-02-13 10:22:00,1101.8,1101.8,1101.8,1101.8,25,300,1104.91,1019.65,1113.95
3076,2021-02-13 10:23:00,1101.8,1101.8,1101.8,1101.8,25,300,1104.91,1019.65,1113.95
3077,2021-02-13 10:24:00,1101.8,1101.8,1101.8,1101.8,25,300,1104.91,1019.65,1113.95
3078,2021-02-13 10:25:00,1101.8,1101.8,1101.8,1101.8,25,300,1104.91,1019.65,1113.95
3079,2021-02-13 10:26:00,1101.8,1101.8,1101.8,1101.8,25,300,1104.91,1019.65,1113.95
3080,2021-02-13 10:27:00,1101.8,1101.8,1101.8,1101.8,25,300,1104.91,1019.65,1113.95
3081,2021-02-13 10:28:00,1101.8,1101.8,1101.8,1101.8,25,300,1104.91,1019.65,1113.95
3082,2021-02-13 10:29:00,1101.8,1101.8,1101.8,1101.8,25,300,1104.91,1019.65,1113.95
3083,2021-02-13 10:30:00,1101.8,1101.8,1101.8,1101.8,25,300,1104.91,1019.65,1113.95
3084,2021-02-13 10:31:00,1101.8,1101.8,1101.8,1101.8,25,300,1104.91,1019.65,1113.95
3085,2021-02-13 10:32:00,1101.8,1101.8,1101.8,1101.8,25,300,1104.91,1019.65,1113.95
3086,2021-02-13 10:33:00,1101.8,1101.8,1101.8,1101.8,25,300,1104.91,1019.65,1113.95
3087,2021-02-13 10:34:00,1101.8,1101.8,1101.8,1101.8,25,300,1104.91,1019.65,1113.95
3088,2021-02-13 10:35:00,1101.8,1101.8,1101.8,1101.8,25,300,1104.91,1019.65,1113.95
3089,2021-02-13 10:36:00,1101.8,1101.8,1101.8,1101.8,25,300,1104.91,1019.65,1113.95
3090,2021-02-13 10:37:00,1101.8,1101.8,1101.8,1101.8,25,300,1104.91,1019.65,1113.95
3091,2021-02-13 10:38:00,1101.8,1101.8,1101.8,1101.8,25,300,1104.91,1019.65,1113.95
3092,2021-02-13 10:39:00,1101.8,1101.8,1101.8,1101.8,25,300,1104.91,1019.65,1113.95
3093,2021-02-13 10:40:00,1101.8,1101.8,1101.8,1101.8,25,300,1104.91,1019.65,1113.95
3094,2021-02-13 10:41:00,1101.8,1101.8,1101.8,1101.8,25,300,1104.91,1019.65,1113.95
3095,2021-02-13 10:42:00,1101.8,1101.8,1101.8,1101.8,25,300,1104.91,1019.65,1113.95
3096,2021-02-13 10:43:00,1101.8,1101.8,1101.8,1101.8,25,300,1104.91,1019.65,1113.95
3097,2021-02-13 10:44:00,1101.8,1101.8,1101.8,1101.8,25,300,1104.91,1019.65,1113.95
3098,2021-02-13 10:45:00,1101.8,1101.8,1101.8,1101.8,25,300,1104.91,1019.65,1113.95
3099,2021-02-13 10:46:00,1101.8,1101.8,1101.8,1101.8,25,300,1104.91,1019.65,1113.95
3100,2021-02-13 10:47:00,1101.8,1101.8,1101.8,1101.8,25,300,1104.91,1019.65,1113.95
3101,2021-02-13 10:48:00,1101.8,1101.8,1101.8,1101.8,25,300,1104.91,1019.65,1113.95
3102,2021-02-13 10:49:00,1101.8,1101.8,1101.8,1101.8,25,300,1104.91,1019.65,1113.95
3103,2021-02-13 10:50:00,1101.8,1101.8,1101.8,1101.8,25,300,1104.91,1019.65,1113.95
3104,2021-02-13 10:51:00,1101.8,1101.8,1101.8,1101.8,25,300,1104.91,1019.65,1113.95
3105,2021-02-13 10:52:00,1101.8,1101.8,1101.8,1101.8,25,300,1104.91,1019.65,1113.95
3106,2021-02-13 10:53:00,1101.8,1101.8,1101.8,1101.8,25,300,1104.91,1019.65,1113.95
3107,2021-02-13 10:54:00,1101.8,1101.8,1101.8,1101.8,25,300,1104.91,1019.65,1113.95
3108,2021-02-13 10:55:00,1101.8,1101.8,1101.8,1101.8,25,300,1104.91,1019.65,1113.95
3109,2021-02-13 10:56:00,1101.8,1101.8,1101.8,1101.8,25,300,1104.91,1019.65,1113.95
3110,2021-02-13 10:57:00,1101.8,1101.8,1101.8,1101.8,25,300,1104.91,1019.65,1113.95
3111,2021-02-13 10:58:00,1101.8,1101.8,1101.8,1101.8,25,300,1104.91,1019.65,1113.95
3112,2021-02-13 10:59:00,1101.8,1101.8,1101.8,1101.8,25,300,1104.91,1019.65,1113.95
3113,2021-02-13 11:00:00,1101.8,1101.8,1101.8,1101.8,25,300,1104.91,1019.65,1113.95
3114,2021-02-13 11:01:00,1101.8,1101.8,1101.8,1101.8,25,300,1104.91,1019.65,1113.95
3115,2021-02-13 11:02:00,1101.8,1101.8,1101.8,1101.8,25,300,1104.91,1019.65,1113.95
3116,2021-02-13 11:03:00,1101.8,1101.8,1101.8,1101.8,25,300,1104.91,1019.65,1113.95
3117,2021-02-13 11:04:00,1101.8,1101.8,1101.8,1101.8,25,300,1104.91,1019.65,1113.95
3118,2021-02-13 11:05:00,1101.8,1101.8,1101.8,1101.8,25,300,1104.91,1019.65,1113.95
3119,2021-02-13 11:06:00,1101.8,1101.8,1101.8,1101.8,25,300,1104.91,1019.65,1113.95
3120,2021-02-13 11:07:00,1101.8,1101.8,1101.8,1101.8,25,300,1104.91,1019.65,1113.95
3121,2021-02-13 11:08:00,1101.8,1101.8,1101.8,1101.8,25,300,1104.91,1019.65,1113.95
3122,2021-02-13 11:09:00,1101.8,1101.8,1101.8,1101.8,25,300,1104.91,1019.65,1113.95
3123,2021-02-13 11:10:00,1101.8,1101.8,1101.8,1101.8,25,300,1104.91,1019.65,1113.95
3124,2021-02-13 11:11:00,1101.8,1101.8,1101.8,1101.8,25,300,1104.91,1019.65,1113.95
3125,2021-02-13 11:12:00,1101.8,1101.8,1101.8,1101.8,25,300,1104.91,1019.65,1113.95
3126,2021-02-13 11:13:00,1101.8,1101.8,1101.8,1101.8,25,300,1104.91,1019.65,1113.95
3127,2021-02-13 11:14:00,1101.8,1101.8,1101.8,1101.8,25,300,1104.91,1019.65,1113.95
3128,2021-02-13 11:15:00,1101.8,1101.8,1101.8,1101.8,25,300,1104.91,1019.65,1113.95
3129,2021-02-13 11:16:00,1101.8,1101.8,1101.8,1101.8,25,300,1104.91,1019.65,1113.95
3130,2021-02-13 11:17:00,1101.8,1101.8,1101.8,1101.8,25,300,1104.91,1019.65,1113.95
3131,2021-02-13 11:18:00,1101.8,1101.8,1101.8,1101.8,25,300,1104.91,1019.65,1113.95
3132,2021-02-13 11:19:00,1101.8,1101.8,1101.8,1101.8,25,300,1104.91,1019.65,1113.95
3133,2021-02-13 11:20:00,1101.8,1101.8,1101.8,1101.8,25,300,1104.91,1019.65,1113.95
3134,2021-02-13 11:21:00,1101.8,1101.8,1101.8,1101.8,25,300,1104.91,1019.65,1113.95
3135,2021-02-13 11:22:00,1101.8,1101.8,1101.8,1101.8,25,300,1104.91,1019.65,1113.95
3136,2021-02-13 11:23:00,1101.8,1101.8,1101.8,1101.8,25,300,1104.91,1019.65,1113.95
3137,2021-02-13 11:24:00,1101.8,1101.8,1101.8,1101.8,25,300,1104.91,1019.65,1113.95
3138,2021-02-13 11:25:00,1101.8,1101.8,1101.8,1101.8,25,300,1104.91,1019.65,1113.95
3139,2021-02-13 11:26:00,1101.8,1101.8,1101.8,1101.8,25,300,1104.91,1019.65,1113.95
3140,2021-02-13 11:27:00,1101.8,1101.8,1101.8,1101.8,25,300,1104.91,1019.65,1113.95
3141,2021-02-13 11:28:00,1101.8,1101.8,1101.8,1101.8,25,300,1104.91,1019.65,1113.95
3142,2021-02-13 11:29:00,1101.8,1101.8,1101.8,1101.8,25,300,1104.91,1019.65,1113.95
3143,2021-02-13 11:30:00,1101.8,1101.8,1101.8,1101.8,25,300,1104.91,1019.65,1113.95
3144,2021-02-13 11:31:00,1101.8,1101.8,1101.8,1101.8,25,300,1104.91,1019.65,1113.95
3145,2021-02-13 11:32:00,1101.8,1101.8,1101.8,1101.8,25,300,1104.91,1019.65,1113.95
3146,2021-02-13 11:33:00,1101.8,1101.8,1101.8,1101.8,25,300,1104.91,1019.65,1113.95
3147,2021-02-13 11:34:00,1101.8,1101.8,1101.8,1101.8,25,300,1104.91,1019.65,1113.95
3148,2021-02-13 11:35:00,1101.8,1101.8,1101.8,1101.8,25,300,1104.91,1019.65,1113.95
3149,2021-02-13 11:36:00,1101.8,1101.8,1101.8,1101.8,25,300,1104.91,1019.65,1113.95
3150,2021-02-13 11:37:00,1101.8,1101.8,1101.8,1101.8,25,300,1104.91,1019.65,1113.95
3151,2021-02-13 11:38:00,1101.8,1101.8,1101.8,1101.8,25,300,1104.91,1019.65,1113.95
3152,2021-02-13 11:39:00,1101.8,1101.8,1101.8,1101.8,25,300,1104.91,1019.65,1113.95
3153,2021-02-13 11:40:00,1101.8,1101.8,1101.8,1101.8,25,300,1104.91,1019.65,1113.95
3154,2021-02-13 11:41:00,1101.8,1101.8,1101.8,1101.8,25,300,1104.91,1019.65,1113.95
3155,2021-02-13 11:42:00,1101.8,1101.8,1101.8,1101.8,25,300,1104.91,1019.65,1113.95
3156,2021-02-13 11:43:00,1101.8,1101.8,1101.8,1101.8,25,300,1104.91,1019.65,1113.95
3157,2021-02-13 11:44:00,1101.8,1101.8,1101.8,1101.8,25,300,1104.91,1019.65,1113.95
3158,2021-02-13 11:45:00,1101.8,1101.8,1101.8,1101.8,25,300,1104.91,1019.65,1113.95
3159,2021-02-13 11:46:00,1101.8,1101.8,1101.8,1101.8,25,300,1104.91,1019.65,1113.95
3160,2021-02-13 11:47:00,1101.8,1101.8,1101.8,1101.8,25,300,1104.91,1019.65,1113.95
3161,2021-02-13 11:48:00,1101.8,1101.8,1101.8,1101.8,25,300,1104.91,1019.65,1113.95
3162,2021-02-13 11:49:00,1101.8,1101.8,1101.8,1101.8,25,300,1104.91,1019.65,1113.95
3163,2021-02-13 11:50:00,1101.8,1101.8,1101.8,1101.8,25,300,1104.91,1019.65,1113.95
3164,2021-02-13 11:51:00,1101.8,1101.8,1101.8,1101.8,25,300,1104.91,1019.65,1113.95
3165,2021-02-13 11:52:00,1101.8,1101.8,1101.8,1101.8,25,300,1104.91,1019.65,1113.95
3166,2021-02-13 11:53:00,1101.8,1101.8,1101.8,1101.8,25,300,1104.91,1019.65,1113.95
3167,2021-02-13 11:54:00,1101.8,1101.8,1101.8,1101.8,25,300,1104.91,1019.65,1113.95
3168,2021-02-13 11:55:00,1101.8,1101.8,1101.8,1101.8,25,300,1104.91,1019.65,1113.95
3169,2021-02-13 11:56:00,1101.8,1101.8,1101.8,1101.8,25,300,1104.91,1019.65,1113.95
3170,2021-02-13 11:57:00,1101.8,1101.8,1101.8,1101.8,25,300,1104.91,1019.65,1113.95
3171,2021-02-13 11:58:00,1101.8,1101.8,1101.8,1101.8,25,300,1104.91,1019.65,1113.95
3172,2021-02-13 11:59:00,1101.8,1101.8,1101.8,1101.8,25,300,1104.91,1019.65,1113.95
3173,2021-02-13 12:00:00,1101.8,1101.8,1101.8,1101.8,25,300,1104.91,1019.65,1113.95
3174,2021-02-13 12:01:00,1101.8,1101.8,1101.8,1101.8,25,300,1104.91,1019.65,1113.95
3175,2021-02-13 12:02:00,1101.8,1101.8,1101.8,1101.8,25,300,1104.91,1019.65,1113.95
3176,2021-02-13 12:03:00,1101.8,1101.8,1101.8,1101.8,25,300,1104.91,1019.65,1113.95
3177,2021-02-13 12:04:00,1101.8,1101.8,1101.8,1101.8,25,300,1104.91,1019.65,1113.95
3178,2021-02-13 12:05:00,1101.8,1101.8,1101.8,1101.8,25,300,1104.91,1019.65,1113.95
3179,2021-02-13 12:06:00,1101.8,1101.8,1101.8,1101.8,25,300,1104.91,1019.65,1113.95
3180,2021-02-13 12:07:00,1101.8,1101.8,1101.8,1101.8,25,300,1104.91,1019.65,1113.95
3181,2021-02-13 12:08:00,1101.8,1101.8,1101.8,1101.8,25,300,1104.91,1019.65,1113.95
3182,2021-02-13 12:09:00,1101.8,1101.8,1101.8,1101.8,25,300,1104.91,1019.65,1113.95
3183,2021-02-13 12:10:00,1101.8,1101.8,1101.8,1101.8,25,300,1104.91,1019.65,1113.95
3184,2021-02-13 12:11:00,1101.8,1101.8,1101.8,1101.8,25,300,1104.91,1019.65,1113.95
3185,2021-02-13 12:12:00,1101.8,1101.8,1101.8,1101.8,25,300,1104.91,1019.65,1113.95
3186,2021-02-13 12:13:00,1101.8,1101.8,1101.8,1101.8,25,300,1104.91,1019.65,1113.95
3187,2021-02-13 12:14:00,1101.8,1101.8,1101.8,1101.8,25,300,1104.91,1019.65,1113.95
3188,2021-02-13 12:15:00,1101.8,1101.8,1101.8,1101.8,25,300,1104.91,1019.65,1113.95
3189,2021-02-13 12:16:00,1101.8,1101.8,1101.8,1101.8,25,300,1104.91,1019.65,1113.95
3190,2021-02-13 12:17:00,1101.8,1101.8,1101.8,1101.8,25,300,1104.91,1019.65,1113.95
3191,2021-02-13 12:18:00,1101.8,1101.8,1101.8,1101.8,25,300,1104.91,1019.65,1113.95
3192,2021-02-13 12:19:00,1101.8,1101.8,1101.8,1101.8,25,300,1104.91,1019.65,1113.95
3193,2021-02-13 12:20:00,1101.8,1101.8,1101.8,1101.8,25,300,1104.91,1019.65,1113.95
3194,2021-02-13 12:21:00,1101.8,1101.8,1101.8,1101.8,25,300,1104.91,1019.65,1113.95
3195,2021-02-13 12:22:00,1101.8,1101.8,1101.8,1101.8,25,300,1104.91,1019.65,1113.95
3196,2021-02-13 12:23:00,1101.8,1101.8,1101.8,1101.8,25,300,1104.91,1019.65,1113.95
3197,2021-02-13 12:24:00,1101.8,1101.8,1101.8,1101.8,25,300,1104.91,1019.65,1113.95
3198,2021-02-13 12:25:00,1101.8,1101.8,1101.8,1101.8,25,300,1104.91,1019.65,1113.95
3199,2021-02-13 12:26:00,1101.8,1101.8,1101.8,1101.8,25,300,1104.91,1019.65,1113.95
3200,2021-02-13 12:27:00,1101.8,1101.8,1101.8,1101.8,25,300,1104.91,1019.65,1113.95
3201,2021-02-13 12:28:00,1101.8,1101.8,1101.8,1101.8,25,300,1104.91,1019.65,1113.95
3202,2021-02-13 12:29:00,1101.8,1101.8,1101.8,1101.8,25,300,1104.91,1019.65,1113.95
3203,2021-02-13 12:30:00,1101.8,1101.8,1101.8,1101.8,25,300,1104.91,1019.65,1113.95
3204,2021-02-13 12:31:00,1101.8,1101.8,1101.8,1101.8,25,300,1104.91,1019.65,1113.95
3205,2021-02-13 12:32:00,1101.8,1101.8,1101.8,1101.8,25,300,1104.91,1019.65,1113.95
3206,2021-02-13 12:33:00,1101.8,1101.8,1101.8,1101.8,25,300,1104.91,1019.65,1113.95
3207,2021-02-13 12:34:00,1101.8,1101.8,1101.8,1101.8,25,300,1104.91,1019.65,1113.95
3208,2021-02-13 12:35:00,1101.8,1101.8,1101.8,1101.8,25,300,1104.91,1019.65,1113.95
3209,2021-02-13 12:36:00,1101.8,1101.8,1101.8,1101.8,25,300,1104.91,1019.65,1113.95
3210,2021-02-13 12:37:00,1101.8,1101.8,1101.8,1101.8,25,300,1104.91,1019.65,1113.95
3211,2021-02-13 12:38:00,1101.8,1101.8,1101.8,1101.8,25,300,1104.91,1019.65,1113.95
3212,2021-02-13 12:39:00,1101.8,1101.8,1101.8,1101.8,25,300,1104.91,1019.65,1113.95
3213,2021-02-13 12:40:00,1101.8,1101.8,1101.8,1101.8,25,300,1104.91,1019.65,1113.95
3214,2021-02-13 12:41:00,1101.8,1101.8,1101.8,1101.8,25,300,1104.91,1019.65,1113.95
3215,2021-02-13 12:42:00,1101.8,1101.8,1101.8,1101.8,25,300,1104.91,1019.65,1113.95
3216,2021-02-13 12:43:00,1101.8,1101.8,1101.8,1101.8,25,300,1104.91,1019.65,1113.95
3217,2021-02-13 12:44:00,1101.8,1101.8,1101.8,1101.8,25,300,1104.91,1019.65,1113.95
3218,2021-02-13 12:45:00,1101.8,1101.8,1101.8,1101.8,25,300,1104.91,1019.65,1113.95
3219,2021-02-13 12:46:00,1101.8,1101.8,1101.8,1101.8,25,300,1104.91,1019.65,1113.95
3220,2021-02-13 12:47:00,1101.8,1101.8,1101.8,1101.8,25,300,1104.91,1019.65,1113.95
3221,2021-02-13 12:48:00,1101.8,1101.8,1101.8,1101.8,25,300,1104.91,1019.65,1113.95
3222,2021-02-13 12:49:00,1101.8,1101.8,1101.8,1101.8,25,300,1104.91,1019.65,1113.95
3223,2021-02-13 12:50:00,1101.8,1101.8,1101.8,1101.8,25,300,1104.91,1019.65,1113.95
3224,2021-02-13 12:51:00,1101.8,1101.8,1101.8,1101.8,25,300,1104.91,1019.65,1113.95
3225,2021-02-13 12:52:00,1101.8,1101.8,1101.8,1101.8,25,300,1104.91,1019.65,1113.95
3226,2021-02-13 12:53:00,1101.8,1101.8,1101.8,1101.8,25,300,1104.91,1019.65,1113.95
3227,2021-02-13 12:54:00,1101.8,1101.8,1101.8,1101.8,25,300,1104.91,1019.65,1113.95
3228,2021-02-13 12:55:00,1101.8,1101.8,1101.8,1101.8,25,300,1104.91,1019.65,1113.95
3229,2021-02-13 12:56:00,1101.8,1101.8,1101.8,1101.8,25,300,1104.91,1019.65,1113.95
3230,2021-02-13 12:57:00,1101.8,1101.8,1101.8,1101.8,25,300,1104.91,1019.65,1113.95
3231,2021-02-13 12:58:00,1101.8,1101.8,1101.8,1101.8,25,300,1104.91,1019.65,1113.95
3232,2021-02-13 12:59:00,1101.8,1101.8,1101.8,1101.8,25,300,1104.91,1019.65,1113.95
3233,2021-02-13 13:00:00,1101.8,1101.8,1101.8,1101.8,25,300,1104.91,1019.65,1113.95
3234,2021-02-13 13:01:00,1101.8,1101.8,1101.8,1101.8,25,300,1104.91,1019.65,1113.95
3235,2021-02-13 13:02:00,1101.8,1101.8,1101.8,1101.8,25,300,1104.91,1019.65,1113.95
3236,2021-02-13 13:03:00,1101.8,1101.8,1101.8,1101.8,25,300,1104.91,1019.65,1113.95
3237,2021-02-13 13:04:00,1101.8,1101.8,1101.8,1101.8,25,300,1104.91,1019.65,1113.95
3238,2021-02-13 13:05:00,1101.8,1101.8,1101.8,1101.8,25,300,1104.91,1019.65,1113.95
3239,2021-02-13 13:06:00,1101.8,1101.8,1101.8,1101.8,25,300,1104.91,1019.65,1113.95
3240,2021-02-13 13:07:00,1101.8,1101.8,1101.8,1101.8,25,300,1104.91,1019.65,1113.95
3241,2021-02-13 13:08:00,1101.8,1101.8,1101.8,1101.8,25,300,1104.91,1019.65,1113.95
3242,2021-02-13 13:09:00,1101.8,1101.8,1101.8,1101.8,25,300,1104.91,1019.65,1113.95
3243,2021-02-13 13:10:00,1101.8,1101.8,1101.8,1101.8,25,300,1104.91,1019.65,1113.95
3244,2021-02-13 13:11:00,1101.8,1101.8,1101.8,1101.8,25,300,1104.91,1019.65,1113.95
3245,2021-02-13 13:12:00,1101.8,1101.8,1101.8,1101.8,25,300,1104.91,1019.65,1113.95
3246,2021-02-13 13:13:00,1101.8,1101.8,1101.8,1101.8,25,300,1104.91,1019.65,1113.95
3247,2021-02-13 13:14:00,1101.8,1101.8,1101.8,1101.8,25,300,1104.91,1019.65,1113.95
3248,2021-02-13 13:15:00,1101.8,1101.8,1101.8,1101.8,25,300,1104.91,1019.65,1113.95
3249,2021-02-13 13:16:00,1101.8,1101.8,1101.8,1101.8,25,300,1104.91,1019.65,1113.95
3250,2021-02-13 13:17:00,1101.8,1101.8,1101.8,1101.8,25,300,1104.91,1019.65,1113.95
3251,2021-02-13 13:18:00,1101.8,1101.8,1101.8,1101.8,25,300,1104.91,1019.65,1113.95
3252,2021-02-13 13:19:00,1101.8,1101.8,1101.8,1101.8,25,300,1104.91,1019.65,1113.95
3253,2021-02-13 13:20:00,1101.8,1101.8,1101.8,1101.8,25,300,1104.91,1019.65,1113.95
3254,2021-02-13 13:21:00,1101.8,1101.8,1101.8,1101.8,25,300,1104.91,1019.65,1113.95
3255,2021-02-13 13:22:00,1101.8,1101.8,1101.8,1101.8,25,300,1104.91,1019.65,1113.95
3256,2021-02-13 13:23:00,1101.8,1101.8,1101.8,1101.8,25,300,1104.91,1019.65,1113.95
3257,2021-02-13 13:24:00,1101.8,1101.8,1101.8,1101.8,25,300,1104.91,1019.65,1113.95
3258,2021-02-13 13:25:00,1101.8,1101.8,1101.8,1101.8,25,300,1104.91,1019.65,1113.95
3259,2021-02-13 13:26:00,1101.8,1101.8,1101.8,1101.8,25,300,1104.91,1019.65,1113.95
3260,2021-02-13 13:27:00,1101.8,1101.8,1101.8,1101.8,25,300,1104.91,1019.65,1113.95
3261,2021-02-13 13:28:00,1101.8,1101.8,1101.8,1101.8,25,300,1104.91,1019.65,1113.95
3262,2021-02-13 13:29:00,1101.8,1101.8,1101.8,1101.8,25,300,1104.91,1019.65,1113.95
3263,2021-02-13 13:30:00,1101.8,1101.8,1101.8,1101.8,25,300,1104.91,1019.65,1113.95
3264,2021-02-13 13:31:00,1101.8,1101.8,1101.8,1101.8,25,300,1104.91,1019.65,1113.95
3265,2021-02-13 13:32:00,1101.8,1101.8,1101.8,1101.8,25,300,1104.91,1019.65,1113.95
3266,2021-02-13 13:33:00,1101.8,1101.8,1101.8,1101.8,25,300,1104.91,1019.65,1113.95
3267,2021-02-13 13:34:00,1101.8,1101.8,1101.8,1101.8,25,300,1104.91,1019.65,1113.95
3268,2021-02-13 13:35:00,1101.8,1101.8,1101.8,1101.8,25,300,1104.91,1019.65,1113.95
3269,2021-02-13 13:36:00,1101.8,1101.8,1101.8,1101.8,25,300,1104.91,1019.65,1113.95
3270,2021-02-13 13:37:00,1101.8,1101.8,1101.8,1101.8,25,300,1104.91,1019.65,1113.95
3271,2021-02-13 13:38:00,1101.8,1101.8,1101.8,1101.8,25,300,1104.91,1019.65,1113.95
3272,2021-02-13 13:39:00,1101.8,1101.8,1101.8,1101.8,25,300,1104.91,1019.65,1113.95
3273,2021-02-13 13:40:00,1101.8,1101.8,1101.8,1101.8,25,300,1104.91,1019.65,1113.95
3274,2021-02-13 13:41:00,1101.8,1101.8,1101.8,1101.8,25,300,1104.91,1019.65,1113.95
3275,2021-02-13 13:42:00,1101.8,1101.8,1101.8,1101.8,25,300,1104.91,1019.65,1113.95
3276,2021-02-13 13:43:00,1101.8,1101.8,1101.8,1101.8,25,300,1104.91,1019.65,1113.95
3277,2021-02-13 13:44:00,1101.8,1101.8,1101.8,1101.8,25,300,1104.91,1019.65,1113.95
3278,2021-02-13 13:45:00,1101.8,1101.8,1101.8,1101.8,25,300,1104.91,1019.65,1113.95
3279,2021-02-13 13:46:00,1101.8,1101.8,1101.8,1101.8,25,300,1104.91,1019.65,1113.95
3280,2021-02-13 13:47:00,1101.8,1101.8,1101.8,1101.8,25,300,1104.91,1019.65,1113.95
3281,2021-02-13 13:48:00,1101.8,1101.8,1101.8,1101.8,25,300,1104.91,1019.65,1113.95
3282,2021-02-13 13:49:00,1101.8,1101.8,1101.8,1101.8,25,300,1104.91,1019.65,1113.95
3283,2021-02-13 13:50:00,1101.8,1101.8,1101.8,1101.8,25,300,1104.91,1019.65,1113.95
3284,2021-02-13 13:51:00,1101.8,1101.8,1101.8,1101.8,25,300,1104.91,1019.65,1113.95
3285,2021-02-13 13:52:00,1101.8,1101.8,1101.8,1101.8,25,300,1104.91,1019.65,1113.95
3286,2021-02-13 13:53:00,1101.8,1101.8,1101.8,1101.8,25,300,1104.91,1019.65,1113.95
3287,2021-02-13 13:54:00,1101.8,1101.8,1101.8,1101.8,25,300,1104.91,1019.65,1113.95
3288,2021-02-13 13:55:00,1101.8,1101.8,1101.8,1101.8,25,300,1104.91,1019.65,1113.95
3289,2021-02-13 13:56:00,1101.8,1101.8,1101.8,1101.8,25,300,1104.91,1019.65,1113.95
3290,2021-02-13 13:57:00,1101.8,1101.8,1101.8,1101.8,25,300,1104.91,1019.65,1113.95
3291,2021-02-13 13:58:00,1101.8,1101.8,1101.8,1101.8,25,300,1104.91,1019.65,1113.95
3292,2021-02-13 13:59:00,1101.8,1101.8,1101.8,1101.8,25,300,1104.91,1019.65,1113.95
3293,2021-02-13 14:00:00,1101.8,1101.8,1101.8,1101.8,25,300,1104.91,1019.65,1113.95
3294,2021-02-13 14:01:00,1101.8,1101.8,1101.8,1101.8,25,300,1104.91,1019.65,1113.95
3295,2021-02-13 14:02:00,1101.8,1101.8,1101.8,1101.8,25,300,1104.91,1019.65,1113.95
3296,2021-02-13 14:03:00,1101.8,1101.8,1101.8,1101.8,25,300,1104.91,1019.65,1113.95
3297,2021-02-13 14:04:00,1101.8,1101.8,1101.8,1101.8,25,300,1104.91,1019.65,1113.95
3298,2021-02-13 14:05:00,1101.8,1101.8,1101.8,1101.8,25,300,1104.91,1019.65,1113.95
3299,2021-02-13 14:06:00,1101.8,1101.8,1101.8,1101.8,25,300,1104.91,1019.65,1113.95
3300,2021-02-13 14:07:00,1101.8,1101.8,1101.8,1101.8,25,300,1104.91,1019.65,1113.95
3301,2021-02-13 14:08:00,1101.8,1101.8,1101.8,1101.8,25,300,1104.91,1019.65,1113.95
3302,2021-02-13 14:09:00,1101.8,1101.8,1101.8,1101.8,25,300,1104.91,1019.65,1113.95
3303,2021-02-13 14:10:00,1101.8,1101.8,1101.8,1101.8,25,300,1104.91,1019.65,1113.95
3304,2021-02-13 14:11:00,1101.8,1101.8,1101.8,1101.8,25,300,1104.91,1019.65,1113.95
3305,2021-02-13 14:12:00,1101.8,1101.8,1101.8,1101.8,25,300,1104.91,1019.65,1113.95
3306,2021-02-13 14:13:00,1101.8,1101.8,1101.8,1101.8,25,300,1104.91,1019.65,1113.95
3307,2021-02-13 14:14:00,1101.8,1101.8,1101.8,1101.8,25,300,1104.91,1019.65,1113.95
3308,2021-02-13 14:15:00,1101.8,1101.8,1101.8,1101.8,25,300,1104.91,1019.65,1113.95
3309,2021-02-13 14:16:00,1101.8,1101.8,1101.8,1101.8,25,300,1104.91,1019.65,1113.95
3310,2021-02-13 14:17:00,1101.8,1101.8,1101.8,1101.8,25,300,1104.91,1019.65,1113.95
3311,2021-02-13 14:18:00,1101.8,1101.8,1101.8,1101.8,25,300,1104.91,1019.65,1113.95
3312,2021-02-13 14:19:00,1101.8,1101.8,1101.8,1101.8,25,300,1104.91,1019.65,1113.95
3313,2021-02-13 14:20:00,1101.8,1101.8,1101.8,1101.8,25,300,1104.91,1019.65,1113.95
3314,2021-02-13 14:21:00,1101.8,1101.8,1101.8,1101.8,25,300,1104.91,1019.65,1113.95
3315,2021-02-13 14:22:00,1101.8,1101.8,1101.8,1101.8,25,300,1104.91,1019.65,1113.95
3316,2021-02-13 14:23:00,1101.8,1101.8,1101.8,1101.8,25,300,1104.91,1019.65,1113.95
3317,2021-02-13 14:24:00,1101.8,1101.8,1101.8,1101.8,25,300,1104.91,1019.65,1113.95
3318,2021-02-13 14:25:00,1101.8,1101.8,1101.8,1101.8,25,300,1104.91,1019.65,1113.95
3319,2021-02-13 14:26:00,1101.8,1101.8,1101.8,1101.8,25,300,1104.91,1019.65,1113.95
3320,2021-02-13 14:27:00,1101.8,1101.8,1101.8,1101.8,25,300,1104.91,1019.65,1113.95
3321,2021-02-13 14:28:00,1101.8,1101.8,1101.8,1101.8,25,300,1104.91,1019.65,1113.95
3322,2021-02-13 14:29:00,1101.8,1101.8,1101.8,1101.8,25,300,1104.91,1019.65,1113.95
3323,2021-02-13 14:30:00,1101.8,1101.8,1101.8,1101.8,25,300,1104.91,1019.65,1113.95
3324,2021-02-13 14:31:00,1101.8,1101.8,1101.8,1101.8,25,300,1104.91,1019.65,1113.95
3325,2021-02-13 14:32:00,1101.8,1101.8,1101.8,1101.8,25,300,1104.91,1019.65,1113.95
3326,2021-02-13 14:33:00,1101.8,1101.8,1101.8,1101.8,25,300,1104.91,1019.65,1113.95
3327,2021-02-13 14:34:00,1101.8,1101.8,1101.8,1101.8,25,300,1104.91,1019.65,1113.95
3328,2021-02-13 14:35:00,1101.8,1101.8,1101.8,1101.8,25,300,1104.91,1019.65,1113.95
3329,2021-02-13 14:36:00,1101.8,1101.8,1101.8,1101.8,25,300,1104.91,1019.65,1113.95
3330,2021-02-13 14:37:00,1101.8,1101.8,1101.8,1101.8,25,300,1104.91,1019.65,1113.95
3331,2021-02-13 14:38:00,1101.8,1101.8,1101.8,1101.8,25,300,1104.91,1019.65,1113.95
3332,2021-02-13 14:39:00,1101.8,1101.8,1101.8,1101.8,25,300,1104.91,1019.65,1113.95
3333,2021-02-13 14:40:00,1101.8,1101.8,1101.8,1101.8,25,300,1104.91,1019.65,1113.95
3334,2021-02-13 14:41:00,1101.8,1101.8,1101.8,1101.8,25,300,1104.91,1019.65,1113.95
3335,2021-02-13 14:42:00,1101.8,1101.8,1101.8,1101.8,25,300,1104.91,1019.65,1113.95
3336,2021-02-13 14:43:00,1101.8,1101.8,1101.8,1101.8,25,300,1104.91,1019.65,1113.95
3337,2021-02-13 14:44:00,1101.8,1101.8,1101.8,1101.8,25,300,1104.91,1019.65,1113.95
3338,2021-02-13 14:45:00,1101.8,1101.8,1101.8,1101.8,25,300,1104.91,1019.65,1113.95
3339,2021-02-13 14:46:00,1101.8,1101.8,1101.8,1101.8,25,300,1104.91,1019.65,1113.95
3340,2021-02-13 14:47:00,1101.8,1101.8,1101.8,1101.8,25,300,1104.91,1019.65,1113.95
3341,2021-02-13 14:48:00,1101.8,1101.8,1101.8,1101.8,25,300,1104.91,1019.65,1113.95
3342,2021-02-13 14:49:00,1101.8,1101.8,1101.8,1101.8,25,300,1104.91,1019.65,1113.95
3343,2021-02-13 14:50:00,1101.8,1101.8,1101.8,1101.8,25,300,1104.91,1019.65,1113.95
3344,2021-02-13 14:51:00,1101.8,1101.8,1101.8,1101.8,25,300,1104.91,1019.65,1113.95
3345,2021-02-13 14:52:00,1101.8,1101.8,1101.8,1101.8,25,300,1104.91,1019.65,1113.95
3346,2021-02-13 14:53:00,1101.8,1101.8,1101.8,1101.8,25,300,1104.91,1019.65,1113.95
3347,2021-02-13 14:54:00,1101.8,1101.8,1101.8,1101.8,25,300,1104.91,1019.65,1113.95
3348,2021-02-13 14:55:00,1101.8,1101.8,1101.8,1101.8,25,300,1104.91,1019.65,1113.95
3349,2021-02-13 14:56:00,1101.8,1101.8,1101.8,1101.8,25,300,1104.91,1019.65,1113.95
3350,2021-02-13 14:57:00,1101.8,1101.8,1101.8,1101.8,25,300,1104.91,1019.65,1113.95
3351,2021-02-13 14:58:00,1101.8,1101.8,1101.8,1101.8,25,300,1104.91,1019.65,1113.95
3352,2021-02-13 14:59:00,1101.8,1101.8,1101.8,1101.8,25,300,1104.91,1019.65,1113.95
3353,2021-02-13 15:00:00,1101.8,1101.8,1101.8,1101.8,25,300,1104.91,1019.65,1113.95
3354,2021-02-13 15:01:00,1101.8,1101.8,1101.8,1101.8,25,300,1104.91,1019.65,1113.95
3355,2021-02-13 15:02:00,1101.8,1101.8,1101.8,1101.8,25,300,1104.91,1019.65,1113.95
3356,2021-02-13 15:03:00,1101.8,1101.8,1101.8,1101.8,25,300,1104.91,1019.65,1113.95
3357,2021-02-13 15:04:00,1101.8,1101.8,1101.8,1101.8,25,300,1104.91,1019.65,1113.95
3358,2021-02-13 15:05:00,1101.8,1101.8,1101.8,1101.8,25,300,1104.91,1019.65,1113.95
3359,2021-02-13 15:06:00,1101.8,1101.8,1101.8,1101.8,25,300,1104.91,1019.65,1113.95
3360,2021-02-13 15:07:00,1101.8,1101.8,1101.8,1101.8,25,300,1104.91,1019.65,1113.95
3361,2021-02-13 15:08:00,1101.8,1101.8,1101.8,1101.8,25,300,1104.91,1019.65,1113.95
3362,2021-02-13 15:09:00,1101.8,1101.8,1101.8,1101.8,25,300,1104.91,1019.65,1113.95
3363,2021-02-13 15:10:00,1101.8,1101.8,1101.8,1101.8,25,300,1104.91,1019.65,1113.95
3364,2021-02-13 15:11:00,1101.8,1101.8,1101.8,1101.8,25,300,1104.91,1019.65,1113.95
3365,2021-02-13 15:12:00,1101.8,1101.8,1101.8,1101.8,25,300,1104.91,1019.65,1113.95
3366,2021-02-13 15:13:00,1101.8,1101.8,1101.8,1101.8,25,300,1104.91,1019.65,1113.95
3367,2021-02-13 15:14:00,1101.8,1101.8,1101.8,1101.8,25,300,1104.91,1019.65,1113.95
3368,2021-02-13 15:15:00,1101.8,1101.8,1101.8,1101.8,25,300,1104.91,1019.65,1113.95
3369,2021-02-13 15:16:00,1101.8,1101.8,1101.8,1101.8,25,300,1104.91,1019.65,1113.95
3370,2021-02-13 15:17:00,1101.8,1101.8,1101.8,1101.8,25,300,1104.91,1019.65,1113.95
3371,2021-02-13 15:18:00,1101.8,1101.8,1101.8,1101.8,25,300,1104.91,1019.65,1113.95
3372,2021-02-13 15:19:00,1101.8,1101.8,1101.8,1101.8,25,300,1104.91,1019.65,1113.95
3373,2021-02-13 15:20:00,1101.8,1101.8,1101.8,1101.8,25,300,1104.91,1019.65,1113.95
3374,2021-02-13 15:21:00,1101.8,1101.8,1101.8,1101.8,25,300,1104.91,1019.65,1113.95
3375,2021-02-13 15:22:00,1101.8,1101.8,1101.8,1101.8,25,300,1104.91,1019.65,1113.95
3376,2021-02-13 15:23:00,1101.8,1101.8,1101.8,1101.8,25,300,1104.91,1019.65,1113.95
3377,2021-02-13 15:24:00,1101.8,1101.8,1101.8,1101.8,25,300,1104.91,1019.65,1113.95
3378,2021-02-13 15:25:00,1101.8,1101.8,1101.8,1101.8,25,300,1104.91,1019.65,1113.95
3379,2021-02-13 15:26:00,1101.8,1101.8,1101.8,1101.8,25,300,1104.91,1019.65,1113.95
3380,2021-02-13 15:27:00,1101.8,1101.8,1101.8,1101.8,25,300,1104.91,1019.65,1113.95
3381,2021-02-13 15:28:00,1101.8,1101.8,1101.8,1101.8,25,300,1104.91,1019.65,1113.95
3382,2021-02-13 15:29:00,1101.8,1101.8,1101.8,1101.8,25,300,1104.91,1019.65,1113.95
3383,2021-02-13 15:30:00,1101.8,1101.8,1101.8,1101.8,25,300,1104.91,1019.65,1113.95
3384,2021-02-14 09:15:00,1101.8,1101.8,1101.8,1101.8,25,300,1104.91,1019.65,1113.95
3385,2021-02-14 09:16:00,1101.8,1101.8,1101.8,1101.8,25,300,1104.91,1019.65,1113.95
3386,2021-02-14 09:17:00,1101.8,1101.8,1101.8,1101.8,25,300,1104.91,1019.65,1113.95
3387,2021-02-14 09:18:00,1101.8,1101.8,1101.8,1101.8,25,300,1104.91,1019.65,1113.95
3388,2021-02-14 09:19:00,1101.8,1101.8,1101.8,1101.8,25,300,1104.91,1019.65,1113.95
3389,2021-02-14 09:20:00,1101.8,1101.8,1101.8,1101.8,25,300,1104.91,1019.65,1113.95
3390,2021-02-14 09:21:00,1101.8,1101.8,1101.8,1101.8,25,300,1104.91,1019.65,1113.95
3391,2021-02-14 09:22:00,1101.8,1101.8,1101.8,1101.8,25,300,1104.91,1019.65,1113.95
3392,2021-02-14 09:23:00,1101.8,1101.8,1101.8,1101.8,25,300,1104.91,1019.65,1113.95
3393,2021-02-14 09:24:00,1101.8,1101.8,1101.8,1101.8,25,300,1104.91,1019.65,1113.95
3394,2021-02-14 09:25:00,1101.8,1101.8,1101.8,1101.8,25,300,1104.91,1019.65,1113.95
3395,2021-02-14 09:26:00,1101.8,1101.8,1101.8,1101.8,25,300,1104.91,1019.65,1113.95
3396,2021-02-14 09:27:00,1101.8,1101.8,1101.8,1101.8,25,300,1104.91,1019.65,1113.95
3397,2021-02-14 09:28:00,1101.8,1101.8,1101.8,1101.8,25,300,1104.91,1019.65,1113.95
3398,2021-02-14 09:29:00,1101.8,1101.8,1101.8,1101.8,25,300,1104.91,1019.65,1113.95
3399,2021-02-14 09:30:00,1101.8,1101.8,1101.8,1101.8,25,300,1104.91,1019.65,1113.95
3400,2021-02-14 09:31:00,1101.8,1101.8,1101.8,1101.8,25,300,1104.91,1019.65,1113.95
3401,2021-02-14 09:32:00,1101.8,1101.8,1101.8,1101.8,25,300,1104.91,1019.65,1113.95
3402,2021-02-14 09:33:00,1101.8,1101.8,1101.8,1101.8,25,300,1104.91,1019.65,1113.95
3403,2021-02-14 09:34:00,1101.8,1101.8,1101.8,1101.8,25,300,1104.91,1019.65,1113.95
3404,2021-02-14 09:35:00,1101.8,1101.8,1101.8,1101.8,25,300,1104.91,1019.65,1113.95
3405,2021-02-14 09:36:00,1101.8,1101.8,1101.8,1101.8,25,300,1104.91,1019.65,1113.95
3406,2021-02-14 09:37:00,1101.8,1101.8,1101.8,1101.8,25,300,1104.91,1019.65,1113.95
3407,2021-02-14 09:38:00,1101.8,1101.8,1101.8,1101.8,25,300,1104.91,1019.65,1113.95
3408,2021-02-14 09:39:00,1101.8,1101.8,1101.8,1101.8,25,300,1104.91,1019.65,1113.95
3409,2021-02-14 09:40:00,1101.8,1101.8,1101.8,1101.8,25,300,1104.91,1019.65,1113.95
3410,2021-02-14 09:41:00,1101.8,1101.8,1101.8,1101.8,25,300,1104.91,1019.65,1113.95
3411,2021-02-14 09:42:00,1101.8,1101.8,1101.8,1101.8,25,300,1104.91,1019.65,1113.95
3412,2021-02-14 09:43:00,1101.8,1101.8,1101.8,1101.8,25,300,1104.91,1019.65,1113.95
3413,2021-02-14 09:44:00,1101.8,1101.8,1101.8,1101.8,25,300,1104.91,1019.65,1113.95
3414,2021-02-14 09:45:00,1101.8,1101.8,1101.8,1101.8,25,300,1104.91,1019.65,1113.95
3415,2021-02-14 09:46:00,1101.8,1101.8,1101.8,1101.8,25,300,1104.91,1019.65,1113.95
3416,2021-02-14 09:47:00,1101.8,1101.8,1101.8,1101.8,25,300,1104.91,1019.65,1113.95
3417,2021-02-14 09:48:00,1101.8,1101.8,1101.8,1101.8,25,300,1104.91,1019.65,1113.95
3418,2021-02-14 09:49:00,1101.8,1101.8,1101.8,1101.8,25,300,1104.91,1019.65,1113.95
3419,2021-02-14 09:50:00,1101.8,1101.8,1101.8,1101.8,25,300,1104.91,1019.65,1113.95
3420,2021-02-14 09:51:00,1101.8,1101.8,1101.8,1101.8,25,300,1104.91,1019.65,1113.95
3421,2021-02-14 09:52:00,1101.8,1101.8,1101.8,1101.8,25,300,1104.91,1019.65,1113.95
3422,2021-02-14 09:53:00,1101.8,1101.8,1101.8,1101.8,25,300,1104.91,1019.65,1113.95
3423,2021-02-14 09:54:00,1101.8,1101.8,1101.8,1101.8,25,300,1104.91,1019.65,1113.95
3424,2021-02-14 09:55:00,1101.8,1101.8,1101.8,1101.8,25,300,1104.91,1019.65,1113.95
3425,2021-02-14 09:56:00,1101.8,1101.8,1101.8,1101.8,25,300,1104.91,1019.65,1113.95
3426,2021-02-14 09:57:00,1101.8,1101.8,1101.8,1101.8,25,300,1104.91,1019.65,1113.95
3427,2021-02-14 09:58:00,1101.8,1101.8,1101.8,1101.8,25,300,1104.91,1019.65,1113.95
3428,2021-02-14 09:59:00,1101.8,1101.8,1101.8,1101.8,25,300,1104.91,1019.65,1113.95
3429,2021-02-14 10:00:00,1101.8,1101.8,1101.8,1101.8,25,300,1104.91,1019.65,1113.95
3430,2021-02-14 10:01:00,1101.8,1101.8,1101.8,1101.8,25,300,1104.91,1019.65,1113.95
3431,2021-02-14 10:02:00,1101.8,1101.8,1101.8,1101.8,25,300,1104.91,1019.65,1113.95
3432,2021-02-14 10:03:00,1101.8,1101.8,1101.8,1101.8,25,300,1104.91,1019.65,1113.95
3433,2021-02-14 10:04:00,1101.8,1101.8,1101.8,1101.8,25,300,1104.91,1019.65,1113.95
3434,2021-02-14 10:05:00,1101.8,1101.8,1101.8,1101.8,25,300,1104.91,1019.65,1113.95
3435,2021-02-14 10:06:00,1101.8,1101.8,1101.8,1101.8,25,300,1104.91,1019.65,1113.95
3436,2021-02-14 10:07:00,1101.8,1101.8,1101.8,1101.8,25,300,1104.91,1019.65,1113.95
3437,2021-02-14 10:08:00,1101.8,1101.8,1101.8,1101.8,25,300,1104.91,1019.65,1113.95
3438,2021-02-14 10:09:00,1101.8,1101.8,1101.8,1101.8,25,300,1104.91,1019.65,1113.95
3439,2021-02-14 10:10:00,1101.8,1101.8,1101.8,1101.8,25,300,1104.91,1019.65,1113.95
3440,2021-02-14 10:11:00,1101.8,1101.8,1101.8,1101.8,25,300,1104.91,1019.65,1113.95
3441,2021-02-14 10:12:00,1101.8,1101.8,1101.8,1101.8,25,300,1104.91,1019.65,1113.95
3442,2021-02-14 10:13:00,1101.8,1101.8,1101.8,1101.8,25,300,1104.91,1019.65,1113.95
3443,2021-02-14 10:14:00,1101.8,1101.8,1101.8,1101.8,25,300,1104.91,1019.65,1113.95
3444,2021-02-14 10:15:00,1101.8,1101.8,1101.8,1101.8,25,300,1104.91,1019.65,1113.95
3445,2021-02-14 10:16:00,1101.8,1101.8,1101.8,1101.8,25,300,1104.91,1019.65,1113.95
3446,2021-02-14 10:17:00,1101.8,1101.8,1101.8,1101.8,25,300,1104.91,1019.65,1113.95
3447,2021-02-14 10:18:00,1101.8,1101.8,1101.8,1101.8,25,300,1104.91,1019.65,1113.95
3448,2021-02-14 10:19:00,1101.8,1101.8,1101.8,1101.8,25,300,1104.91,1019.65,1113.95
3449,2021-02-14 10:20:00,1101.8,1101.8,1101.8,1101.8,25,300,1104.91,1019.65,1113.95
3450,2021-02-14 10:21:00,1101.8,1101.8,1101.8,1101.8,25,300,1104.91,1019.65,1113.95
3451,2021-02-14 10:22:00,1101.8,1101.8,1101.8,1101.8,25,300,1104.91,1019.65,1113.95
3452,2021-02-14 10:23:00,1101.8,1101.8,1101.8,1101.8,25,300,1104.91,1019.65,1113.95
3453,2021-02-14 10:24:00,1101.8,1101.8,1101.8,1101.8,25,300,1104.91,1019.65,1113.95
3454,2021-02-14 10:25:00,1101.8,1101.8,1101.8,1101.8,25,300,1104.91,1019.65,1113.95
3455,2021-02-14 10:26:00,1101.8,1101.8,1101.8,1101.8,25,300,1104.91,1019.65,1113.95
3456,2021-02-14 10:27:00,1101.8,1101.8,1101.8,1101.8,25,300,1104.91,1019.65,1113.95
3457,2021-02-14 10:28:00,1101.8,1101.8,1101.8,1101.8,25,300,1104.91,1019.65,1113.95
3458,2021-02-14 10:29:00,1101.8,1101.8,1101.8,1101.8,25,300,1104.91,1019.65,1113.95
3459,2021-02-14 10:30:00,1101.8,1101.8,1101.8,1101.8,25,300,1104.91,1019.65,1113.95
3460,2021-02-14 10:31:00,1101.8,1101.8,1101.8,1101.8,25,300,1104.91,1019.65,1113.95
3461,2021-02-14 10:32:00,1101.8,1101.8,1101.8,1101.8,25,300,1104.91,1019.65,1113.95
3462,2021-02-14 10:33:00,1101.8,1101.8,1101.8,1101.8,25,300,1104.91,1019.65,1113.95
3463,2021-02-14 10:34:00,1101.8,1101.8,1101.8,1101.8,25,300,1104.91,1019.65,1113.95
3464,2021-02-14 10:35:00,1101.8,1101.8,1101.8,1101.8,25,300,1104.91,1019.65,1113.95
3465,2021-02-14 10:36:00,1101.8,1101.8,1101.8,1101.8,25,300,1104.91,1019.65,1113.95
3466,2021-02-14 10:37:00,1101.8,1101.8,1101.8,1101.8,25,300,1104.91,1019.65,1113.95
3467,2021-02-14 10:38:00,1101.8,1101.8,1101.8,1101.8,25,300,1104.91,1019.65,1113.95
3468,2021-02-14 10:39:00,1101.8,1101.8,1101.8,1101.8,25,300,1104.91,1019.65,1113.95
3469,2021-02-14 10:40:00,1101.8,1101.8,1101.8,1101.8,25,300,1104.91,1019.65,1113.95
3470,2021-02-14 10:41:00,1101.8,1101.8,1101.8,1101.8,25,300,1104.91,1019.65,1113.95
3471,2021-02-14 10:42:00,1101.8,1101.8,1101.8,1101.8,25,300,1104.91,1019.65,1113.95
3472,2021-02-14 10:43:00,1101.8,1101.8,1101.8,1101.8,25,300,1104.91,1019.65,1113.95
3473,2021-02-14 10:44:00,1101.8,1101.8,1101.8,1101.8,25,300,1104.91,1019.65,1113.95
3474,2021-02-14 10:45:00,1101.8,1101.8,1101.8,1101.8,25,300,1104.91,1019.65,1113.95
3475,2021-02-14 10:46:00,1101.8,1101.8,1101.8,1101.8,25,300,1104.91,1019.65,1113.95
3476,2021-02-14 10:47:00,1101.8,1101.8,1101.8,1101.8,25,300,1104.91,1019.65,1113.95
3477,2021-02-14 10:48:00,1101.8,1101.8,1101.8,1101.8,25,300,1104.91,1019.65,1113.95
3478,2021-02-14 10:49:00,1101.8,1101.8,1101.8,1101.8,25,300,1104.91,1019.65,1113.95
3479,2021-02-14 10:50:00,1101.8,1101.8,1101.8,1101.8,25,300,1104.91,1019.65,1113.95
3480,2021-02-14 10:51:00,1101.8,1101.8,1101.8,1101.8,25,300,1104.91,1019.65,1113.95
3481,2021-02-14 10:52:00,1101.8,1101.8,1101.8,1101.8,25,300,1104.91,1019.65,1113.95
3482,2021-02-14 10:53:00,1101.8,1101.8,1101.8,1101.8,25,300,1104.91,1019.65,1113.95
3483,2021-02-14 10:54:00,1101.8,1101.8,1101.8,1101.8,25,300,1104.91,1019.65,1113.95
3484,2021-02-14 10:55:00,1101.8,1101.8,1101.8,1101.8,25,300,1104.91,1019.65,1113.95
3485,2021-02-14 10:56:00,1101.8,1101.8,1101.8,1101.8,25,300,1104.91,1019.65,1113.95
3486,2021-02-14 10:57:00,1101.8,1101.8,1101.8,1101.8,25,300,1104.91,1019.65,1113.95
3487,2021-02-14 10:58:00,1101.8,1101.8,1101.8,1101.8,25,300,1104.91,1019.65,1113.95
3488,2021-02-14 10:59:00,1101.8,1101.8,1101.8,1101.8,25,300,1104.91,1019.65,1113.95
3489,2021-02-14 11:00:00,1101.8,1101.8,1101.8,1101.8,25,300,1104.91,1019.65,1113.95
3490,2021-02-14 11:01:00,1101.8,1101.8,1101.8,1101.8,25,300,1104.91,1019.65,1113.95
3491,2021-02-14 11:02:00,1101.8,1101.8,1101.8,1101.8,25,300,1104.91,1019.65,1113.95
3492,2021-02-14 11:03:00,1101.8,1101.8,1101.8,1101.8,25,300,1104.91,1019.65,1113.95
3493,2021-02-14 11:04:00,1101.8,1101.8,1101.8,1101.8,25,300,1104.91,1019.65,1113.95
3494,2021-02-14 11:05:00,1101.8,1101.8,1101.8,1101.8,25,300,1104.91,1019.65,1113.95
3495,2021-02-14 11:06:00,1101.8,1101.8,1101.8,1101.8,25,300,1104.91,1019.65,1113.95
3496,2021-02-14 11:07:00,1101.8,1101.8,1101.8,1101.8,25,300,1104.91,1019.65,1113.95
3497,2021-02-14 11:08:00,1101.8,1101.8,1101.8,1101.8,25,300,1104.91,1019.65,1113.95
3498,2021-02-14 11:09:00,1101.8,1101.8,1101.8,1101.8,25,300,1104.91,1019.65,1113.95
3499,2021-02-14 11:10:00,1101.8,1101.8,1101.8,1101.8,25,300,1104.91,1019.65,1113.95
3500,2021-02-14 11:11:00,1101.8,1101.8,1101.8,1101.8,25,300,1104.91,1019.65,1113.95
3501,2021-02-14 11:12:00,1101.8,1101.8,1101.8,1101.8,25,300,1104.91,1019.65,1113.95
3502,2021-02-14 11:13:00,1101.8,1101.8,1101.8,1101.8,25,300,1104.91,1019.65,1113.95
3503,2021-02-14 11:14:00,1101.8,1101.8,1101.8,1101.8,25,300,1104.91,1019.65,1113.95
3504,2021-02-14 11:15:00,1101.8,1101.8,1101.8,1101.8,25,300,1104.91,1019.65,1113.95
3505,2021-02-14 11:16:00,1101.8,1101.8,1101.8,1101.8,25,300,1104.91,1019.65,1113.95
3506,2021-02-14 11:17:00,1101.8,1101.8,1101.8,1101.8,25,300,1104.91,1019.65,1113.95
3507,2021-02-14 11:18:00,1101.8,1101.8,1101.8,1101.8,25,300,1104.91,1019.65,1113.95
3508,2021-02-14 11:19:00,1101.8,1101.8,1101.8,1101.8,25,300,1104.91,1019.65,1113.95
3509,2021-02-14 11:20:00,1101.8,1101.8,1101.8,1101.8,25,300,1104.91,1019.65,1113.95
3510,2021-02-14 11:21:00,1101.8,1101.8,1101.8,1101.8,25,300,1104.91,1019.65,1113.95
3511,2021-02-14 11:22:00,1101.8,1101.8,1101.8,1101.8,25,300,1104.91,1019.65,1113.95
3512,2021-02-14 11:23:00,1101.8,1101.8,1101.8,1101.8,25,300,1104.91,1019.65,1113.95
3513,2021-02-14 11:24:00,1101.8,1101.8,1101.8,1101.8,25,300,1104.91,1019.65,1113.95
3514,2021-02-14 11:25:00,1101.8,1101.8,1101.8,1101.8,25,300,1104.91,1019.65,1113.95
3515,2021-02-14 11:26:00,1101.8,1101.8,1101.8,1101.8,25,300,1104.91,1019.65,1113.95
3516,2021-02-14 11:27:00,1101.8,1101.8,1101.8,1101.8,25,300,1104.91,1019.65,1113.95
3517,2021-02-14 11:28:00,1101.8,1101.8,1101.8,1101.8,25,300,1104.91,1019.65,1113.95
3518,2021-02-14 11:29:00,1101.8,1101.8,1101.8,1101.8,25,300,1104.91,1019.65,1113.95
3519,2021-02-14 11:30:00,1101.8,1101.8,1101.8,1101.8,25,300,1104.91,1019.65,1113.95
3520,2021-02-14 11:31:00,1101.8,1101.8,1101.8,1101.8,25,300,1104.91,1019.65,1113.95
3521,2021-02-14 11:32:00,1101.8,1101.8,1101.8,1101.8,25,300,1104.91,1019.65,1113.95
3522,2021-02-14 11:33:00,1101.8,1101.8,1101.8,1101.8,25,300,1104.91,1019.65,1113.95
3523,2021-02-14 11:34:00,1101.8,1101.8,1101.8,1101.8,25,300,1104.91,1019.65,1113.95
3524,2021-02-14 11:35:00,1101.8,1101.8,1101.8,1101.8,25,300,1104.91,1019.65,1113.95
3525,2021-02-14 11:36:00,1101.8,1101.8,1101.8,1101.8,25,300,1104.91,1019.65,1113.95
3526,2021-02-14 11:37:00,1101.8,1101.8,1101.8,1101.8,25,300,1104.91,1019.65,1113.95
3527,2021-02-14 11:38:00,1101.8,1101.8,1101.8,1101.8,25,300,1104.91,1019.65,1113.95
3528,2021-02-14 11:39:00,1101.8,1101.8,1101.8,1101.8,25,300,1104.91,1019.65,1113.95
3529,2021-02-14 11:40:00,1101.8,1101.8,1101.8,1101.8,25,300,1104.91,1019.65,1113.95
3530,2021-02-14 11:41:00,1101.8,1101.8,1101.8,1101.8,25,300,1104.91,1019.65,1113.95
3531,2021-02-14 11:42:00,1101.8,1101.8,1101.8,1101.8,25,300,1104.91,1019.65,1113.95
3532,2021-02-14 11:43:00,1101.8,1101.8,1101.8,1101.8,25,300,1104.91,1019.65,1113.95
3533,2021-02-14 11:44:00,1101.8,1101.8,1101.8,1101.8,25,300,1104.91,1019.65,1113.95
3534,2021-02-14 11:45:00,1101.8,1101.8,1101.8,1101.8,25,300,1104.91,1019.65,1113.95
3535,2021-02-14 11:46:00,1101.8,1101.8,1101.8,1101.8,25,300,1104.91,1019.65,1113.95
3536,2021-02-14 11:47:00,1101.8,1101.8,1101.8,1101.8,25,300,1104.91,1019.65,1113.95
3537,2021-02-14 11:48:00,1101.8,1101.8,1101.8,1101.8,25,300,1104.91,1019.65,1113.95
3538,2021-02-14 11:49:00,1101.8,1101.8,1101.8,1101.8,25,300,1104.91,1019.65,1113.95
3539,2021-02-14 11:50:00,1101.8,1101.8,1101.8,1101.8,25,300,1104.91,1019.65,1113.95
3540,2021-02-14 11:51:00,1101.8,1101.8,1101.8,1101.8,25,300,1104.91,1019.65,1113.95
3541,2021-02-14 11:52:00,1101.8,1101.8,1101.8,1101.8,25,300,1104.91,1019.65,1113.95
3542,2021-02-14 11:53:00,1101.8,1101.8,1101.8,1101.8,25,300,1104.91,1019.65,1113.95
3543,2021-02-14 11:54:00,1101.8,1101.8,1101.8,1101.8,25,300,1104.91,1019.65,1113.95
3544,2021-02-14 11:55:00,1101.8,1101.8,1101.8,1101.8,25,300,1104.91,1019.65,1113.95
3545,2021-02-14 11:56:00,1101.8,1101.8,1101.8,1101.8,25,300,1104.91,1019.65,1113.95
3546,2021-02-14 11:57:00,1101.8,1101.8,1101.8,1101.8,25,300,1104.91,1019.65,1113.95
3547,2021-02-14 11:58:00,1101.8,1101.8,1101.8,1101.8,25,300,1104.91,1019.65,1113.95
3548,2021-02-14 11:59:00,1101.8,1101.8,1101.8,1101.8,25,300,1104.91,1019.65,1113.95
3549,2021-02-14 12:00:00,1101.8,1101.8,1101.8,1101.8,25,300,1104.91,1019.65,1113.95
3550,2021-02-14 12:01:00,1101.8,1101.8,1101.8,1101.8,25,300,1104.91,1019.65,1113.95
3551,2021-02-14 12:02:00,1101.8,1101.8,1101.8,1101.8,25,300,1104.91,1019.65,1113.95
3552,2021-02-14 12:03:00,1101.8,1101.8,1101.8,1101.8,25,300,1104.91,1019.65,1113.95
3553,2021-02-14 12:04:00,1101.8,1101.8,1101.8,1101.8,25,300,1104.91,1019.65,1113.95
3554,2021-02-14 12:05:00,1101.8,1101.8,1101.8,1101.8,25,300,1104.91,1019.65,1113.95
3555,2021-02-14 12:06:00,1101.8,1101.8,1101.8,1101.8,25,300,1104.91,1019.65,1113.95
3556,2021-02-14 12:07:00,1101.8,1101.8,1101.8,1101.8,25,300,1104.91,1019.65,1113.95
3557,2021-02-14 12:08:00,1101.8,1101.8,1101.8,1101.8,25,300,1104.91,1019.65,1113.95
3558,2021-02-14 12:09:00,1101.8,1101.8,1101.8,1101.8,25,300,1104.91,1019.65,1113.95
3559,2021-02-14 12:10:00,1101.8,1101.8,1101.8,1101.8,25,300,1104.91,1019.65,1113.95
3560,2021-02-14 12:11:00,1101.8,1101.8,1101.8,1101.8,25,300,1104.91,1019.65,1113.95
3561,2021-02-14 12:12:00,1101.8,1101.8,1101.8,1101.8,25,300,1104.91,1019.65,1113.95
3562,2021-02-14 12:13:00,1101.8,1101.8,1101.8,1101.8,25,300,1104.91,1019.65,1113.95
3563,2021-02-14 12:14:00,1101.8,1101.8,1101.8,1101.8,25,300,1104.91,1019.65,1113.95
3564,2021-02-14 12:15:00,1101.8,1101.8,1101.8,1101.8,25,300,1104.91,1019.65,1113.95
3565,2021-02-14 12:16:00,1101.8,1101.8,1101.8,1101.8,25,300,1104.91,1019.65,1113.95
3566,2021-02-14 12:17:00,1101.8,1101.8,1101.8,1101.8,25,300,1104.91,1019.65,1113.95
3567,2021-02-14 12:18:00,1101.8,1101.8,1101.8,1101.8,25,300,1104.91,1019.65,1113.95
3568,2021-02-14 12:19:00,1101.8,1101.8,1101.8,1101.8,25,300,1104.91,1019.65,1113.95
3569,2021-02-14 12:20:00,1101.8,1101.8,1101.8,1101.8,25,300,1104.91,1019.65,1113.95
3570,2021-02-14 12:21:00,1101.8,1101.8,1101.8,1101.8,25,300,1104.91,1019.65,1113.95
3571,2021-02-14 12:22:00,1101.8,1101.8,1101.8,1101.8,25,300,1104.91,1019.65,1113.95
3572,2021-02-14 12:23:00,1101.8,1101.8,1101.8,1101.8,25,300,1104.91,1019.65,1113.95
3573,2021-02-14 12:24:00,1101.8,1101.8,1101.8,1101.8,25,300,1104.91,1019.65,1113.95
3574,2021-02-14 12:25:00,1101.8,1101.8,1101.8,1101.8,25,300,1104.91,1019.65,1113.95
3575,2021-02-14 12:26:00,1101.8,1101.8,1101.8,1101.8,25,300,1104.91,1019.65,1113.95
3576,2021-02-14 12:27:00,1101.8,1101.8,1101.8,1101.8,25,300,1104.91,1019.65,1113.95
3577,2021-02-14 12:28:00,1101.8,1101.8,1101.8,1101.8,25,300,1104.91,1019.65,1113.95
3578,2021-02-14 12:29:00,1101.8,1101.8,1101.8,1101.8,25,300,1104.91,1019.65,1113.95
3579,2021-02-14 12:30:00,1101.8,1101.8,1101.8,1101.8,25,300,1104.91,1019.65,1113.95
3580,2021-02-14 12:31:00,1101.8,1101.8,1101.8,1101.8,25,300,1104.91,1019.65,1113.95
3581,2021-02-14 12:32:00,1101.8,1101.8,1101.8,1101.8,25,300,1104.91,1019.65,1113.95
3582,2021-02-14 12:33:00,1101.8,1101.8,1101.8,1101.8,25,300,1104.91,1019.65,1113.95
3583,2021-02-14 12:34:00,1101.8,1101.8,1101.8,1101.8,25,300,1104.91,1019.65,1113.95
3584,2021-02-14 12:35:00,1101.8,1101.8,1101.8,1101.8,25,300,1104.91,1019.65,1113.95
3585,2021-02-14 12:36:00,1101.8,1101.8,1101.8,1101.8,25,300,1104.91,1019.65,1113.95
3586,2021-02-14 12:37:00,1101.8,1101.8,1101.8,1101.8,25,300,1104.91,1019.65,1113.95
3587,2021-02-14 12:38:00,1101.8,1101.8,1101.8,1101.8,25,300,1104.91,1019.65,1113.95
3588,2021-02-14 12:39:00,1101.8,1101.8,1101.8,1101.8,25,300,1104.91,1019.65,1113.95
3589,2021-02-14 12:40:00,1101.8,1101.8,1101.8,1101.8,25,300,1104.91,1019.65,1113.95
3590,2021-02-14 12:41:00,1101.8,1101.8,1101.8,1101.8,25,300,1104.91,1019.65,1113.95
3591,2021-02-14 12:42:00,1101.8,1101.8,1101.8,1101.8,25,300,1104.91,1019.65,1113.95
3592,2021-02-14 12:43:00,1101.8,1101.8,1101.8,1101.8,25,300,1104.91,1019.65,1113.95
3593,2021-02-14 12:44:00,1101.8,1101.8,1101.8,1101.8,25,300,1104.91,1019.65,1113.95
3594,2021-02-14 12:45:00,1101.8,1101.8,1101.8,1101.8,25,300,1104.91,1019.65,1113.95
3595,2021-02-14 12:46:00,1101.8,1101.8,1101.8,1101.8,25,300,1104.91,1019.65,1113.95
3596,2021-02-14 12:47:00,1101.8,1101.8,1101.8,1101.8,25,300,1104.91,1019.65,1113.95
3597,2021-02-14 12:48:00,1101.8,1101.8,1101.8,1101.8,25,300,1104.91,1019.65,1113.95
3598,2021-02-14 12:49:00,1101.8,1101.8,1101.8,1101.8,25,300,1104.91,1019.65,1113.95
3599,2021-02-14 12:50:00,1101.8,1101.8,1101.8,1101.8,25,300,1104.91,1019.65,1113.95
3600,2021-02-14 12:51:00,1101.8,1101.8,1101.8,1101.8,25,300,1104.91,1019.65,1113.95
3601,2021-02-14 12:52:00,1101.8,1101.8,1101.8,1101.8,25,300,1104.91,1019.65,1113.95
3602,2021-02-14 12:53:00,1101.8,1101.8,1101.8,1101.8,25,300,1104.91,1019.65,1113.95
3603,2021-02-14 12:54:00,1101.8,1101.8,1101.8,1101.8,25,300,1104.91,1019.65,1113.95
3604,2021-02-14 12:55:00,1101.8,1101.8,1101.8,1101.8,25,300,1104.91,1019.65,1113.95
3605,2021-02-14 12:56:00,1101.8,1101.8,1101.8,1101.8,25,300,1104.91,1019.65,1113.95
3606,2021-02-14 12:57:00,1101.8,1101.8,1101.8,1101.8,25,300,1104.91,1019.65,1113.95
3607,2021-02-14 12:58:00,1101.8,1101.8,1101.8,1101.8,25,300,1104.91,1019.65,1113.95
3608,2021-02-14 12:59:00,1101.8,1101.8,1101.8,1101.8,25,300,1104.91,1019.65,1113.95
3609,2021-02-14 13:00:00,1101.8,1101.8,1101.8,1101.8,25,300,1104.91,1019.65,1113.95
3610,2021-02-14 13:01:00,1101.8,1101.8,1101.8,1101.8,25,300,1104.91,1019.65,1113.95
3611,2021-02-14 13:02:00,1101.8,1101.8,1101.8,1101.8,25,300,1104.91,1019.65,1113.95
3612,2021-02-14 13:03:00,1101.8,1101.8,1101.8,1101.8,25,300,1104.91,1019.65,1113.95
3613,2021-02-14 13:04:00,1101.8,1101.8,1101.8,1101.8,25,300,1104.91,1019.65,1113.95
3614,2021-02-14 13:05:00,1101.8,1101.8,1101.8,1101.8,25,300,1104.91,1019.65,1113.95
3615,2021-02-14 13:06:00,1101.8,1101.8,1101.8,1101.8,25,300,1104.91,1019.65,1113.95
3616,2021-02-14 13:07:00,1101.8,1101.8,1101.8,1101.8,25,300,1104.91,1019.65,1113.95
3617,2021-02-14 13:08:00,1101.8,1101.8,1101.8,1101.8,25,300,1104.91,1019.65,1113.95
3618,2021-02-14 13:09:00,1101.8,1101.8,1101.8,1101.8,25,300,1104.91,1019.65,1113.95
3619,2021-02-14 13:10:00,1101.8,1101.8,1101.8,1101.8,25,300,1104.91,1019.65,1113.95
3620,2021-02-14 13:11:00,1101.8,1101.8,1101.8,1101.8,25,300,1104.91,1019.65,1113.95
3621,2021-02-14 13:12:00,1101.8,1101.8,1101.8,1101.8,25,300,1104.91,1019.65,1113.95
3622,2021-02-14 13:13:00,1101.8,1101.8,1101.8,1101.8,25,300,1104.91,1019.65,1113.95
3623,2021-02-14 13:14:00,1101.8,1101.8,1101.8,1101.8,25,300,1104.91,1019.65,1113.95
3624,2021-02-14 13:15:00,1101.8,1101.8,1101.8,1101.8,25,300,1104.91,1019.65,1113.95
3625,2021-02-14 13:16:00,1101.8,1101.8,1101.8,1101.8,25,300,1104.91,1019.65,1113.95
3626,2021-02-14 13:17:00,1101.8,1101.8,1101.8,1101.8,25,300,1104.91,1019.65,1113.95
3627,2021-02-14 13:18:00,1101.8,1101.8,1101.8,1101.8,25,300,1104.91,1019.65,1113.95
3628,2021-02-14 13:19:00,1101.8,1101.8,1101.8,1101.8,25,300,1104.91,1019.65,1113.95
3629,2021-02-14 13:20:00,1101.8,1101.8,1101.8,1101.8,25,300,1104.91,1019.65,1113.95
3630,2021-02-14 13:21:00,1101.8,1101.8,1101.8,1101.8,25,300,1104.91,1019.65,1113.95
3631,2021-02-14 13:22:00,1101.8,1101.8,1101.8,1101.8,25,300,1104.91,1019.65,1113.95
3632,2021-02-14 13:23:00,1101.8,1101.8,1101.8,1101.8,25,300,1104.91,1019.65,1113.95
3633,2021-02-14 13:24:00,1101.8,1101.8,1101.8,1101.8,25,300,1104.91,1019.65,1113.95
3634,2021-02-14 13:25:00,1101.8,1101.8,1101.8,1101.8,25,300,1104.91,1019.65,1113.95
3635,2021-02-14 13:26:00,1101.8,1101.8,1101.8,1101.8,25,300,1104.91,1019.65,1113.95
3636,2021-02-14 13:27:00,1101.8,1101.8,1101.8,1101.8,25,300,1104.91,1019.65,1113.95
3637,2021-02-14 13:28:00,1101.8,1101.8,1101.8,1101.8,25,300,1104.91,1019.65,1113.95
3638,2021-02-14 13:29:00,1101.8,1101.8,1101.8,1101.8,25,300,1104.91,1019.65,1113.95
3639,2021-02-14 13:30:00,1101.8,1101.8,1101.8,1101.8,25,300,1104.91,1019.65,1113.95
3640,2021-02-14 13:31:00,1101.8,1101.8,1101.8,1101.8,25,300,1104.91,1019.65,1113.95
3641,2021-02-14 13:32:00,1101.8,1101.8,1101.8,1101.8,25,300,1104.91,1019.65,1113.95
3642,2021-02-14 13:33:00,1101.8,1101.8,1101.8,1101.8,25,300,1104.91,1019.65,1113.95
3643,2021-02-14 13:34:00,1101.8,1101.8,1101.8,1101.8,25,300,1104.91,1019.65,1113.95
3644,2021-02-14 13:35:00,1101.8,1101.8,1101.8,1101.8,25,300,1104.91,1019.65,1113.95
3645,2021-02-14 13:36:00,1101.8,1101.8,1101.8,1101.8,25,300,1104.91,1019.65,1113.95
3646,2021-02-14 13:37:00,1101.8,1101.8,1101.8,1101.8,25,300,1104.91,1019.65,1113.95
3647,2021-02-14 13:38:00,1101.8,1101.8,1101.8,1101.8,25,300,1104.91,1019.65,1113.95
3648,2021-02-14 13:39:00,1101.8,1101.8,1101.8,1101.8,25,300,1104.91,1019.65,1113.95
3649,2021-02-14 13:40:00,1101.8,1101.8,1101.8,1101.8,25,300,1104.91,1019.65,1113.95
3650,2021-02-14 13:41:00,1101.8,1101.8,1101.8,1101.8,25,300,1104.91,1019.65,1113.95
3651,2021-02-14 13:42:00,1101.8,1101.8,1101.8,1101.8,25,300,1104.91,1019.65,1113.95
3652,2021-02-14 13:43:00,1101.8,1101.8,1101.8,1101.8,25,300,1104.91,1019.65,1113.95
3653,2021-02-14 13:44:00,1101.8,1101.8,1101.8,1101.8,25,300,1104.91,1019.65,1113.95
3654,2021-02-14 13:45:00,1101.8,1101.8,1101.8,1101.8,25,300,1104.91,1019.65,1113.95
3655,2021-02-14 13:46:00,1101.8,1101.8,1101.8,1101.8,25,300,1104.91,1019.65,1113.95
3656,2021-02-14 13:47:00,1101.8,1101.8,1101.8,1101.8,25,300,1104.91,1019.65,1113.95
3657,2021-02-14 13:48:00,1101.8,1101.8,1101.8,1101.8,25,300,1104.91,1019.65,1113.95
3658,2021-02-14 13:49:00,1101.8,1101.8,1101.8,1101.8,25,300,1104.91,1019.65,1113.95
3659,2021-02-14 13:50:00,1101.8,1101.8,1101.8,1101.8,25,300,1104.91,1019.65,1113.95
3660,2021-02-14 13:51:00,1101.8,1101.8,1101.8,1101.8,25,300,1104.91,1019.65,1113.95
3661,2021-02-14 13:52:00,1101.8,1101.8,1101.8,1101.8,25,300,1104.91,1019.65,1113.95
3662,2021-02-14 13:53:00,1101.8,1101.8,1101.8,1101.8,25,300,1104.91,1019.65,1113.95
3663,2021-02-14 13:54:00,1101.8,1101.8,1101.8,1101.8,25,300,1104.91,1019.65,1113.95
3664,2021-02-14 13:55:00,1101.8,1101.8,1101.8,1101.8,25,300,1104.91,1019.65,1113.95
3665,2021-02-14 13:56:00,1101.8,1101.8,1101.8,1101.8,25,300,1104.91,1019.65,1113.95
3666,2021-02-14 13:57:00,1101.8,1101.8,1101.8,1101.8,25,300,1104.91,1019.65,1113.95
3667,2021-02-14 13:58:00,1101.8,1101.8,1101.8,1101.8,25,300,1104.91,1019.65,1113.95
3668,2021-02-14 13:59:00,1101.8,1101.8,1101.8,1101.8,25,300,1104.91,1019.65,1113.95
3669,2021-02-14 14:00:00,1101.8,1101.8,1101.8,1101.8,25,300,1104.91,1019.65,1113.95
3670,2021-02-14 14:01:00,1101.8,1101.8,1101.8,1101.8,25,300,1104.91,1019.65,1113.95
3671,2021-02-14 14:02:00,1101.8,1101.8,1101.8,1101.8,25,300,1104.91,1019.65,1113.95
3672,2021-02-14 14:03:00,1101.8,1101.8,1101.8,1101.8,25,300,1104.91,1019.65,1113.95
3673,2021-02-14 14:04:00,1101.8,1101.8,1101.8,1101.8,25,300,1104.91,1019.65,1113.95
3674,2021-02-14 14:05:00,1101.8,1101.8,1101.8,1101.8,25,300,1104.91,1019.65,1113.95
3675,2021-02-14 14:06:00,1101.8,1101.8,1101.8,1101.8,25,300,1104.91,1019.65,1113.95
3676,2021-02-14 14:07:00,1101.8,1101.8,1101.8,1101.8,25,300,1104.91,1019.65,1113.95
3677,2021-02-14 14:08:00,1101.8,1101.8,1101.8,1101.8,25,300,1104.91,1019.65,1113.95
3678,2021-02-14 14:09:00,1101.8,1101.8,1101.8,1101.8,25,300,1104.91,1019.65,1113.95
3679,2021-02-14 14:10:00,1101.8,1101.8,1101.8,1101.8,25,300,1104.91,1019.65,1113.95
3680,2021-02-14 14:11:00,1101.8,1101.8,1101.8,1101.8,25,300,1104.91,1019.65,1113.95
3681,2021-02-14 14:12:00,1101.8,1101.8,1101.8,1101.8,25,300,1104.91,1019.65,1113.95
3682,2021-02-14 14:13:00,1101.8,1101.8,1101.8,1101.8,25,300,1104.91,1019.65,1113.95
3683,2021-02-14 14:14:00,1101.8,1101.8,1101.8,1101.8,25,300,1104.91,1019.65,1113.95
3684,2021-02-14 14:15:00,1101.8,1101.8,1101.8,1101.8,25,300,1104.91,1019.65,1113.95
3685,2021-02-14 14:16:00,1101.8,1101.8,1101.8,1101.8,25,300,1104.91,1019.65,1113.95
3686,2021-02-14 14:17:00,1101.8,1101.8,1101.8,1101.8,25,300,1104.91,1019.65,1113.95
3687,2021-02-14 14:18:00,1101.8,1101.8,1101.8,1101.8,25,300,1104.91,1019.65,1113.95
3688,2021-02-14 14:19:00,1101.8,1101.8,1101.8,1101.8,25,300,1104.91,1019.65,1113.95
3689,2021-02-14 14:20:00,1101.8,1101.8,1101.8,1101.8,25,300,1104.91,1019.65,1113.95
3690,2021-02-14 14:21:00,1101.8,1101.8,1101.8,1101.8,25,300,1104.91,1019.65,1113.95
3691,2021-02-14 14:22:00,1101.8,1101.8,1101.8,1101.8,25,300,1104.91,1019.65,1113.95
3692,2021-02-14 14:23:00,1101.8,1101.8,1101.8,1101.8,25,300,1104.91,1019.65,1113.95
3693,2021-02-14 14:24:00,1101.8,1101.8,1101.8,1101.8,25,300,1104.91,1019.65,1113.95
3694,2021-02-14 14:25:00,1101.8,1101.8,1101.8,1101.8,25,300,1104.91,1019.65,1113.95
3695,2021-02-14 14:26:00,1101.8,1101.8,1101.8,1101.8,25,300,1104.91,1019.65,1113.95
3696,2021-02-14 14:27:00,1101.8,1101.8,1101.8,1101.8,25,300,1104.91,1019.65,1113.95
3697,2021-02-14 14:28:00,1101.8,1101.8,1101.8,1101.8,25,300,1104.91,1019.65,1113.95
3698,2021-02-14 14:29:00,1101.8,1101.8,1101.8,1101.8,25,300,1104.91,1019.65,1113.95
3699,2021-02-14 14:30:00,1101.8,1101.8,1101.8,1101.8,25,300,1104.91,1019.65,1113.95
3700,2021-02-14 14:31:00,1101.8,1101.8,1101.8,1101.8,25,300,1104.91,1019.65,1113.95
3701,2021-02-14 14:32:00,1101.8,1101.8,1101.8,1101.8,25,300,1104.91,1019.65,1113.95
3702,2021-02-14 14:33:00,1101.8,1101.8,1101.8,1101.8,25,300,1104.91,1019.65,1113.95
3703,2021-02-14 14:34:00,1101.8,1101.8,1101.8,1101.8,25,300,1104.91,1019.65,1113.95
3704,2021-02-14 14:35:00,1101.8,1101.8,1101.8,1101.8,25,300,1104.91,1019.65,1113.95
3705,2021-02-14 14:36:00,1101.8,1101.8,1101.8,1101.8,25,300,1104.91,1019.65,1113.95
3706,2021-02-14 14:37:00,1101.8,1101.8,1101.8,1101.8,25,300,1104.91,1019.65,1113.95
3707,2021-02-14 14:38:00,1101.8,1101.8,1101.8,1101.8,25,300,1104.91,1019.65,1113.95
3708,2021-02-14 14:39:00,1101.8,1101.8,1101.8,1101.8,25,300,1104.91,1019.65,1113.95
3709,2021-02-14 14:40:00,1101.8,1101.8,1101.8,1101.8,25,300,1104.91,1019.65,1113.95
3710,2021-02-14 14:41:00,1101.8,1101.8,1101.8,1101.8,25,300,1104.91,1019.65,1113.95
3711,2021-02-14 14:42:00,1101.8,1101.8,1101.8,1101.8,25,300,1104.91,1019.65,1113.95
3712,2021-02-14 14:43:00,1101.8,1101.8,1101.8,1101.8,25,300,1104.91,1019.65,1113.95
3713,2021-02-14 14:44:00,1101.8,1101.8,1101.8,1101.8,25,300,1104.91,1019.65,1113.95
3714,2021-02-14 14:45:00,1101.8,1101.8,1101.8,1101.8,25,300,1104.91,1019.65,1113.95
3715,2021-02-14 14:46:00,1101.8,1101.8,1101.8,1101.8,25,300,1104.91,1019.65,1113.95
3716,2021-02-14 14:47:00,1101.8,1101.8,1101.8,1101.8,25,300,1104.91,1019.65,1113.95
3717,2021-02-14 14:48:00,1101.8,1101.8,1101.8,1101.8,25,300,1104.91,1019.65,1113.95
3718,2021-02-14 14:49:00,1101.8,1101.8,1101.8,1101.8,25,300,1104.91,1019.65,1113.95
3719,2021-02-14 14:50:00,1101.8,1101.8,1101.8,1101.8,25,300,1104.91,1019.65,1113.95
3720,2021-02-14 14:51:00,1101.8,1101.8,1101.8,1101.8,25,300,1104.91,1019.65,1113.95
3721,2021-02-14 14:52:00,1101.8,1101.8,1101.8,1101.8,25,300,1104.91,1019.65,1113.95
3722,2021-02-14 14:53:00,1101.8,1101.8,1101.8,1101.8,25,300,1104.91,1019.65,1113.95
3723,2021-02-14 14:54:00,1101.8,1101.8,1101.8,1101.8,25,300,1104.91,1019.65,1113.95
3724,2021-02-14 14:55:00,1101.8,1101.8,1101.8,1101.8,25,300,1104.91,1019.65,1113.95
3725,2021-02-14 14:56:00,1101.8,1101.8,1101.8,1101.8,25,300,1104.91,1019.65,1113.95
3726,2021-02-14 14:57:00,1101.8,1101.8,1101.8,1101.8,25,300,1104.91,1019.65,1113.95
3727,2021-02-14 14:58:00,1101.8,1101.8,1101.8,1101.8,25,300,1104.91,1019.65,1113.95
3728,2021-02-14 14:59:00,1101.8,1101.8,1101.8,1101.8,25,300,1104.91,1019.65,1113.95
3729,2021-02-14 15:00:00,1101.8,1101.8,1101.8,1101.8,25,300,1104.91,1019.65,1113.95
3730,2021-02-14 15:01:00,1101.8,1101.8,1101.8,1101.8,25,300,1104.91,1019.65,1113.95
3731,2021-02-14 15:02:00,1101.8,1101.8,1101.8,1101.8,25,300,1104.91,1019.65,1113.95
3732,2021-02-14 15:03:00,1101.8,1101.8,1101.8,1101.8,25,300,1104.91,1019.65,1113.95
3733,2021-02-14 15:04:00,1101.8,1101.8,1101.8,1101.8,25,300,1104.91,1019.65,1113.95
3734,2021-02-14 15:05:00,1101.8,1101.8,1101.8,1101.8,25,300,1104.91,1019.65,1113.95
3735,2021-02-14 15:06:00,1101.8,1101.8,1101.8,1101.8,25,300,1104.91,1019.65,1113.95
3736,2021-02-14 15:07:00,1101.8,1101.8,1101.8,1101.8,25,300,1104.91,1019.65,1113.95
3737,2021-02-14 15:08:00,1101.8,1101.8,1101.8,1101.8,25,300,1104.91,1019.65,1113.95
3738,2021-02-14 15:09:00,1101.8,1101.8,1101.8,1101.8,25,300,1104.91,1019.65,1113.95
3739,2021-02-14 15:10:00,1101.8,1101.8,1101.8,1101.8,25,300,1104.91,1019.65,1113.95
3740,2021-02-14 15:11:00,1101.8,1101.8,1101.8,1101.8,25,300,1104.91,1019.65,1113.95
3741,2021-02-14 15:12:00,1101.8,1101.8,1101.8,1101.8,25,300,1104.91,1019.65,1113.95
3742,2021-02-14 15:13:00,1101.8,1101.8,1101.8,1101.8,25,300,1104.91,1019.65,1113.95
3743,2021-02-14 15:14:00,1101.8,1101.8,1101.8,1101.8,25,300,1104.91,1019.65,1113.95
3744,2021-02-14 15:15:00,1101.8,1101.8,1101.8,1101.8,25,300,1104.91,1019.65,1113.95
3745,2021-02-14 15:16:00,1101.8,1101.8,1101.8,1101.8,25,300,1104.91,1019.65,1113.95
3746,2021-02-14 15:17:00,1101.8,1101.8,1101.8,1101.8,25,300,1104.91,1019.65,1113.95
3747,2021-02-14 15:18:00,1101.8,1101.8,1101.8,1101.8,25,300,1104.91,1019.65,1113.95
3748,2021-02-14 15:19:00,1101.8,1101.8,1101.8,1101.8,25,300,1104.91,1019.65,1113.95
3749,2021-02-14 15:20:00,1101.8,1101.8,1101.8,1101.8,25,300,1104.91,1019.65,1113.95
3750,2021-02-14 15:21:00,1101.8,1101.8,1101.8,1101.8,25,300,1104.91,1019.65,1113.95
3751,2021-02-14 15:22:00,1101.8,1101.8,1101.8,1101.8,25,300,1104.91,1019.65,1113.95
3752,2021-02-14 15:23:00,1101.8,1101.8,1101.8,1101.8,25,300,1104.91,1019.65,1113.95
3753,2021-02-14 15:24:00,1101.8,1101.8,1101.8,1101.8,25,300,1104.91,1019.65,1113.95
3754,2021-02-14 15:25:00,1101.8,1101.8,1101.8,1101.8,25,300,1104.91,1019.65,1113.95
3755,2021-02-14 15:26:00,1101.8,1101.8,1101.8,1101.8,25,300,1104.91,1019.65,1113.95
3756,2021-02-14 15:27:00,1101.8,1101.8,1101.8,1101.8,25,300,1104.91,1019.65,1113.95
3757,2021-02-14 15:28:00,1101.8,1101.8,1101.8,1101.8,25,300,1104.91,1019.65,1113.95
3758,2021-02-14 15:29:00,1101.8,1101.8,1101.8,1101.8,25,300,1104.91,1019.65,1113.95
3759,2021-02-14 15:30:00,1101.8,1101.8,1101.8,1101.8,25,300,1104.91,1019.65,1113.95
3760,2021-02-15 09:15:00,1101.8,1101.8,1101.8,1101.8,25,300,1104.91,1019.65,1113.95
3761,2021-02-15 09:16:00,1101.8,1101.8,1101.8,1101.8,25,300,1104.91,1019.65,1113.95
3762,2021-02-15 09:17:00,1288.7,1288.7,1288.7,1288.7,25,325,1288.7,1170.55,1300.95
3763,2021-02-15 09:18:00,1288.7,1288.7,1288.7,1288.7,25,325,1288.7,1170.55,1300.95
3764,2021-02-15 09:19:00,1288.7,1288.7,1288.7,1288.7,25,325,1288.7,1170.55,1300.95
3765,2021-02-15 09:20:00,1288.7,1288.7,1288.7,1288.7,25,325,1288.7,1170.55,1300.95
3766,2021-02-15 09:21:00,1288.7,1288.7,1288.7,1288.7,25,325,1288.7,1170.55,1300.95
3767,2021-02-15 09:22:00,1288.7,1288.7,1288.7,1288.7,25,325,1288.7,1170.55,1300.95
3768,2021-02-15 09:23:00,1288.7,1288.7,1288.7,1288.7,25,325,1288.7,1170.55,1300.95
3769,2021-02-15 09:24:00,1288.7,1288.7,1288.7,1288.7,25,325,1288.7,1170.55,1300.95
3770,2021-02-15 09:25:00,1288.7,1288.7,1288.7,1288.7,25,325,1288.7,1170.55,1300.95
3771,2021-02-15 09:26:00,1288.7,1288.7,1288.7,1288.7,25,325,1288.7,1170.55,1300.95
3772,2021-02-15 09:27:00,1412.55,1412.55,1412.55,1412.55,25,350,1350.62,1362.6,1403.8
3773,2021-02-15 09:28:00,1412.55,1412.55,1412.55,1412.55,25,350,1350.62,1362.6,1403.8
3774,2021-02-15 09:29:00,1412.55,1412.55,1412.55,1412.55,25,350,1350.62,1362.6,1403.8
3775,2021-02-15 09:30:00,1412.55,1412.55,1412.55,1412.55,25,350,1350.62,1362.6,1403.8
3776,2021-02-15 09:31:00,1412.55,1412.55,1412.55,1412.55,25,350,1350.62,1362.6,1403.8
3777,2021-02-15 09:32:00,1412.55,1412.55,1412.55,1412.55,25,350,1350.62,1362.6,1403.8
3778,2021-02-15 09:33:00,1412.55,1412.55,1412.55,1412.55,25,350,1350.62,1362.6,1403.8
3779,2021-02-15 09:34:00,1412.55,1412.55,1412.55,1412.55,25,350,1350.62,1362.6,1403.8
3780,2021-02-15 09:35:00,1412.55,1412.55,1412.55,1412.55,25,350,1350.62,1362.6,1403.8
3781,2021-02-15 09:36:00,1412.55,1412.55,1412.55,1412.55,25,350,1350.62,1362.6,1403.8
3782,2021-02-15 09:37:00,1412.55,1412.55,1412.55,1412.55,25,350,1350.62,1362.6,1403.8
3783,2021-02-15 09:38:00,1412.55,1412.55,1412.55,1412.55,25,350,1350.62,1362.6,1403.8
3784,2021-02-15 09:39:00,1412.55,1412.55,1412.55,1412.55,25,350,1350.62,1362.6,1403.8
3785,2021-02-15 09:40:00,1412.55,1412.55,1412.55,1412.55,25,350,1350.62,1362.6,1403.8
3786,2021-02-15 09:41:00,1412.55,1412.55,1412.55,1412.55,25,350,1350.62,1362.6,1403.8
3787,2021-02-15 09:42:00,1412.55,1412.55,1412.55,1412.55,25,350,1350.62,1362.6,1403.8
3788,2021-02-15 09:43:00,1412.55,1412.55,1412.55,1412.55,25,350,1350.62,1362.6,1403.8
3789,2021-02-15 09:44:00,1412.55,1412.55,1412.55,1412.55,25,350,1350.62,1362.6,1403.8
3790,2021-02-15 09:45:00,1412.55,1412.55,1412.55,1412.55,25,350,1350.62,1362.6,1403.8
3791,2021-02-15 09:46:00,1412.55,1412.55,1412.55,1412.55,25,350,1350.62,1362.6,1403.8
3792,2021-02-15 09:47:00,1412.55,1412.55,1412.55,1412.55,25,350,1350.62,1362.6,1403.8
3793,2021-02-15 09:48:00,1412.55,1412.55,1412.55,1412.55,25,350,1350.62,1362.6,1403.8
3794,2021-02-15 09:49:00,1412.55,1412.55,1412.55,1412.55,25,350,1350.62,1362.6,1403.8
3795,2021-02-15 09:50:00,1412.55,1412.55,1412.55,1412.55,25,350,1350.62,1362.6,1403.8
3796,2021-02-15 09:51:00,1412.55,1412.55,1412.55,1412.55,25,350,1350.62,1362.6,1403.8
3797,2021-02-15 09:52:00,1412.55,1412.55,1412.55,1412.55,25,350,1350.62,1362.6,1403.8
3798,2021-02-15 09:53:00,1412.55,1412.55,1412.55,1412.55,25,350,1350.62,1362.6,1403.8
3799,2021-02-15 09:54:00,1412.55,1412.55,1412.55,1412.55,25,350,1350.62,1362.6,1403.8
3800,2021-02-15 09:55:00,1412.55,1412.55,1412.55,1412.55,25,350,1350.62,1362.6,1403.8
3801,2021-02-15 09:56:00,1412.55,1412.55,1412.55,1412.55,25,350,1350.62,1362.6,1403.8
3802,2021-02-15 09:57:00,1412.55,1412.55,1412.55,1412.55,25,350,1350.62,1362.6,1403.8
3803,2021-02-15 09:58:00,1412.55,1412.55,1412.55,1412.55,25,350,1350.62,1362.6,1403.8
3804,2021-02-15 09:59:00,1412.55,1412.55,1412.55,1412.55,25,350,1350.62,1362.6,1403.8
3805,2021-02-15 10:00:00,1412.55,1412.55,1412.55,1412.55,25,350,1350.62,1362.6,1403.8
3806,2021-02-15 10:01:00,1412.55,1412.55,1412.55,1412.55,25,350,1350.62,1362.6,1403.8
3807,2021-02-15 10:02:00,1412.55,1412.55,1412.55,1412.55,25,350,1350.62,1362.6,1403.8
3808,2021-02-15 10:03:00,1412.55,1412.55,1412.55,1412.55,25,350,1350.62,1362.6,1403.8
3809,2021-02-15 10:04:00,1412.55,1412.55,1412.55,1412.55,25,350,1350.62,1362.6,1403.8
3810,2021-02-15 10:05:00,1412.55,1412.55,1412.55,1412.55,25,350,1350.62,1362.6,1403.8
3811,2021-02-15 10:06:00,1412.55,1412.55,1412.55,1412.55,25,350,1350.62,1362.6,1403.8
3812,2021-02-15 10:07:00,1412.55,1412.55,1412.55,1412.55,25,350,1350.62,1362.6,1403.8
3813,2021-02-15 10:08:00,1412.55,1412.55,1412.55,1412.55,25,350,1350.62,1362.6,1403.8
3814,2021-02-15 10:09:00,1412.55,1412.55,1412.55,1412.55,25,350,1350.62,1362.6,1403.8
3815,2021-02-15 10:10:00,1412.55,1412.55,1412.55,1412.55,25,350,1350.62,1362.6,1403.8
3816,2021-02-15 10:11:00,1412.55,1412.55,1412.55,1412.55,25,350,1350.62,1362.6,1403.8
3817,2021-02-15 10:12:00,1412.55,1412.55,1412.55,1412.55,25,350,1350.62,1362.6,1403.8
3818,2021-02-15 10:13:00,1412.55,1412.55,1412.55,1412.55,25,350,1350.62,1362.6,1403.8
3819,2021-02-15 10:14:00,1412.55,1412.55,1412.55,1412.55,25,350,1350.62,1362.6,1403.8
3820,2021-02-15 10:15:00,1412.55,1412.55,1412.55,1412.55,25,350,1350.62,1362.6,1403.8
3821,2021-02-15 10:16:00,1412.55,1412.55,1412.55,1412.55,25,350,1350.62,1362.6,1403.8
3822,2021-02-15 10:17:00,1412.55,1412.55,1412.55,1412.55,25,350,1350.62,1362.6,1403.8
3823,2021-02-15 10:18:00,1412.55,1412.55,1412.55,1412.55,25,350,1350.62,1362.6,1403.8
3824,2021-02-15 10:19:00,1412.55,1412.55,1412.55,1412.55,25,350,1350.62,1362.6,1403.8
3825,2021-02-15 10:20:00,1412.55,1412.55,1412.55,1412.55,25,350,1350.62,1362.6,1403.8
3826,2021-02-15 10:21:00,1412.55,1412.55,1412.55,1412.55,25,350,1350.62,1362.6,1403.8
3827,2021-02-15 10:22:00,1412.55,1412.55,1412.55,1412.55,25,350,1350.62,1362.6,1403.8
3828,2021-02-15 10:23:00,1412.55,1412.55,1412.55,1412.55,25,350,1350.62,1362.6,1403.8
3829,2021-02-15 10:24:00,1412.55,1412.55,1412.55,1412.55,25,350,1350.62,1362.6,1403.8
3830,2021-02-15 10:25:00,1412.55,1412.55,1412.55,1412.55,25,350,1350.62,1362.6,1403.8
3831,2021-02-15 10:26:00,1412.55,1412.55,1412.55,1412.55,25,350,1350.62,1362.6,1403.8
3832,2021-02-15 10:27:00,1412.55,1412.55,1412.55,1412.55,25,350,1350.62,1362.6,1403.8
3833,2021-02-15 10:28:00,1412.55,1412.55,1412.55,1412.55,25,350,1350.62,1362.6,1403.8
3834,2021-02-15 10:29:00,1412.55,1412.55,1412.55,1412.55,25,350,1350.62,1362.6,1403.8
3835,2021-02-15 10:30:00,1412.55,1412.55,1412.55,1412.55,25,350,1350.62,1362.6,1403.8
3836,2021-02-15 10:31:00,1412.55,1412.55,1412.55,1412.55,25,350,1350.62,1362.6,1403.8
3837,2021-02-15 10:32:00,1412.55,1412.55,1412.55,1412.55,25,350,1350.62,1362.6,1403.8
3838,2021-02-15 10:33:00,1412.55,1412.55,1412.55,1412.55,25,350,1350.62,1362.6,1403.8
3839,2021-02-15 10:34:00,1412.55,1412.55,1412.55,1412.55,25,350,1350.62,1362.6,1403.8
3840,2021-02-15 10:35:00,1412.55,1412.55,1412.55,1412.55,25,350,1350.62,1362.6,1403.8
3841,2021-02-15 10:36:00,1412.55,1412.55,1412.55,1412.55,25,350,1350.62,1362.6,1403.8
3842,2021-02-15 10:37:00,1412.55,1412.55,1412.55,1412.55,25,350,1350.62,1362.6,1403.8
3843,2021-02-15 10:38:00,1412.55,1412.55,1412.55,1412.55,25,350,1350.62,1362.6,1403.8
3844,2021-02-15 10:39:00,1412.55,1412.55,1412.55,1412.55,25,350,1350.62,1362.6,1403.8
3845,2021-02-15 10:40:00,1412.55,1412.55,1412.55,1412.55,25,350,1350.62,1362.6,1403.8
3846,2021-02-15 10:41:00,1412.55,1412.55,1412.55,1412.55,25,350,1350.62,1362.6,1403.8
3847,2021-02-15 10:42:00,1412.55,1412.55,1412.55,1412.55,25,350,1350.62,1362.6,1403.8
3848,2021-02-15 10:43:00,1412.55,1412.55,1412.55,1412.55,25,350,1350.62,1362.6,1403.8
3849,2021-02-15 10:44:00,1412.55,1412.55,1412.55,1412.55,25,350,1350.62,1362.6,1403.8
3850,2021-02-15 10:45:00,1412.55,1412.55,1412.55,1412.55,25,350,1350.62,1362.6,1403.8
3851,2021-02-15 10:46:00,1412.55,1412.55,1412.55,1412.55,25,350,1350.62,1362.6,1403.8
3852,2021-02-15 10:47:00,1412.55,1412.55,1412.55,1412.55,25,350,1350.62,1362.6,1403.8
3853,2021-02-15 10:48:00,1412.55,1412.55,1412.55,1412.55,25,350,1350.62,1362.6,1403.8
3854,2021-02-15 10:49:00,1412.55,1412.55,1412.55,1412.55,25,350,1350.62,1362.6,1403.8
3855,2021-02-15 10:50:00,1412.55,1412.55,1412.55,1412.55,25,350,1350.62,1362.6,1403.8
3856,2021-02-15 10:51:00,1412.55,1412.55,1412.55,1412.55,25,350,1350.62,1362.6,1403.8
3857,2021-02-15 10:52:00,1412.55,1412.55,1412.55,1412.55,25,350,1350.62,1362.6,1403.8
3858,2021-02-15 10:53:00,1412.55,1412.55,1412.55,1412.55,25,350,1350.62,1362.6,1403.8
3859,2021-02-15 10:54:00,1412.55,1412.55,1412.55,1412.55,25,350,1350.62,1362.6,1403.8
3860,2021-02-15 10:55:00,1412.55,1412.55,1412.55,1412.55,25,350,1350.62,1362.6,1403.8
3861,2021-02-15 10:56:00,1412.55,1412.55,1412.55,1412.55,25,350,1350.62,1362.6,1403.8
3862,2021-02-15 10:57:00,1412.55,1412.55,1412.55,1412.55,25,350,1350.62,1362.6,1403.8
3863,2021-02-15 10:58:00,1412.55,1412.55,1412.55,1412.55,25,350,1350.62,1362.6,1403.8
3864,2021-02-15 10:59:00,1412.55,1412.55,1412.55,1412.55,25,350,1350.62,1362.6,1403.8
3865,2021-02-15 11:00:00,1412.55,1412.55,1412.55,1412.55,25,350,1350.62,1362.6,1403.8
3866,2021-02-15 11:01:00,1412.55,1412.55,1412.55,1412.55,25,350,1350.62,1362.6,1403.8
3867,2021-02-15 11:02:00,1412.55,1412.55,1412.55,1412.55,25,350,1350.62,1362.6,1403.8
3868,2021-02-15 11:03:00,1412.55,1412.55,1412.55,1412.55,25,350,1350.62,1362.6,1403.8
3869,2021-02-15 11:04:00,1412.55,1412.55,1412.55,1412.55,25,350,1350.62,1362.6,1403.8
3870,2021-02-15 11:05:00,1412.55,1412.55,1412.55,1412.55,25,350,1350.62,1362.6,1403.8
3871,2021-02-15 11:06:00,1412.55,1412.55,1412.55,1412.55,25,350,1350.62,1362.6,1403.8
3872,2021-02-15 11:07:00,1351.55,1351.55,1351.55,1351.55,25,375,1350.93,1347.05,1387.3
3873,2021-02-15 11:08:00,1351.55,1351.55,1351.55,1351.55,25,375,1350.93,1347.05,1387.3
3874,2021-02-15 11:09:00,1351.55,1351.55,1351.55,1351.55,25,375,1350.93,1347.05,1387.3
3875,2021-02-15 11:10:00,1351.55,1351.55,1351.55,1351.55,25,375,1350.93,1347.05,1387.3
3876,2021-02-15 11:11:00,1351.55,1351.55,1351.55,1351.55,25,375,1350.93,1347.05,1387.3
3877,2021-02-15 11:12:00,1351.55,1351.55,1351.55,1351.55,25,375,1350.93,1347.05,1387.3
3878,2021-02-15 11:13:00,1351.55,1351.55,1351.55,1351.55,25,375,1350.93,1347.05,1387.3
3879,2021-02-15 11:14:00,1351.55,1351.55,1351.55,1351.55,25,375,1350.93,1347.05,1387.3
3880,2021-02-15 11:15:00,1351.55,1351.55,1351.55,1351.55,25,375,1350.93,1347.05,1387.3
3881,2021-02-15 11:16:00,1351.55,1351.55,1351.55,1351.55,25,375,1350.93,1347.05,1387.3
3882,2021-02-15 11:17:00,1351.55,1351.55,1351.55,1351.55,25,375,1350.93,1347.05,1387.3
3883,2021-02-15 11:18:00,1351.55,1351.55,1351.55,1351.55,25,375,1350.93,1347.05,1387.3
3884,2021-02-15 11:19:00,1351.55,1351.55,1351.55,1351.55,25,375,1350.93,1347.05,1387.3
3885,2021-02-15 11:20:00,1351.55,1351.55,1351.55,1351.55,25,375,1350.93,1347.05,1387.3
3886,2021-02-15 11:21:00,1351.55,1351.55,1351.55,1351.55,25,375,1350.93,1347.05,1387.3
3887,2021-02-15 11:22:00,1351.55,1351.55,1351.55,1351.55,25,375,1350.93,1347.05,1387.3
3888,2021-02-15 11:23:00,1351.55,1351.55,1351.55,1351.55,25,375,1350.93,1347.05,1387.3
3889,2021-02-15 11:24:00,1351.55,1351.55,1351.55,1351.55,25,375,1350.93,1347.05,1387.3
3890,2021-02-15 11:25:00,1351.55,1351.55,1351.55,1351.55,25,375,1350.93,1347.05,1387.3
3891,2021-02-15 11:26:00,1351.55,1351.55,1351.55,1351.55,25,375,1350.93,1347.05,1387.3
3892,2021-02-15 11:27:00,1351.55,1351.55,1351.55,1351.55,25,375,1350.93,1347.05,1387.3
3893,2021-02-15 11:28:00,1351.55,1351.55,1351.55,1351.55,25,375,1350.93,1347.05,1387.3
3894,2021-02-15 11:29:00,1351.55,1351.55,1351.55,1351.55,25,375,1350.93,1347.05,1387.3
3895,2021-02-15 11:30:00,1351.55,1351.55,1351.55,1351.55,25,375,1350.93,1347.05,1387.3
3896,2021-02-15 11:31:00,1351.55,1351.55,1351.55,1351.55,25,375,1350.93,1347.05,1387.3
3897,2021-02-15 11:32:00,1436.45,1436.45,1436.45,1436.45,25,350,1372.31,1399.05,1434.9
3898,2021-02-15 11:33:00,1436.45,1436.45,1436.45,1436.45,25,350,1372.31,1399.05,1434.9
3899,2021-02-15 11:34:00,1436.45,1436.45,1436.45,1436.45,25,350,1372.31,1399.05,1434.9
3900,2021-02-15 11:35:00,1436.45,1436.45,1436.45,1436.45,25,350,1372.31,1399.05,1434.9
3901,2021-02-15 11:36:00,1436.45,1436.45,1436.45,1436.45,25,350,1372.31,1399.05,1434.9
3902,2021-02-15 11:37:00,1436.45,1436.45,1436.45,1436.45,25,350,1372.31,1399.05,1434.9
3903,2021-02-15 11:38:00,1436.45,1436.45,1436.45,1436.45,25,350,1372.31,1399.05,1434.9
3904,2021-02-15 11:39:00,1436.45,1436.45,1436.45,1436.45,25,350,1372.31,1399.05,1434.9
3905,2021-02-15 11:40:00,1436.45,1436.45,1436.45,1436.45,25,350,1372.31,1399.05,1434.9
3906,2021-02-15 11:41:00,1436.45,1436.45,1436.45,1436.45,25,350,1372.31,1399.05,1434.9
3907,2021-02-15 11:42:00,1436.45,1436.45,1436.45,1436.45,25,350,1372.31,1399.05,1434.9
3908,2021-02-15 11:43:00,1436.45,1436.45,1436.45,1436.45,25,350,1372.31,1399.05,1434.9
3909,2021-02-15 11:44:00,1436.45,1436.45,1436.45,1436.45,25,350,1372.31,1399.05,1434.9
3910,2021-02-15 11:45:00,1436.45,1436.45,1436.45,1436.45,25,350,1372.31,1399.05,1434.9
3911,2021-02-15 11:46:00,1436.45,1436.45,1436.45,1436.45,25,350,1372.31,1399.05,1434.9
3912,2021-02-15 11:47:00,1436.45,1436.45,1436.45,1436.45,25,350,1372.31,1399.05,1434.9
3913,2021-02-15 11:48:00,1436.45,1436.45,1436.45,1436.45,25,350,1372.31,1399.05,1434.9
3914,2021-02-15 11:49:00,1436.45,1436.45,1436.45,1436.45,25,350,1372.31,1399.05,1434.9
3915,2021-02-15 11:50:00,1436.45,1436.45,1436.45,1436.45,25,350,1372.31,1399.05,1434.9
3916,2021-02-15 11:51:00,1436.45,1436.45,1436.45,1436.45,25,350,1372.31,1399.05,1434.9
3917,2021-02-15 11:52:00,1436.45,1436.45,1436.45,1436.45,25,350,1372.31,1399.05,1434.9
3918,2021-02-15 11:53:00,1436.45,1436.45,1436.45,1436.45,25,350,1372.31,1399.05,1434.9
3919,2021-02-15 11:54:00,1436.45,1436.45,1436.45,1436.45,25,350,1372.31,1399.05,1434.9
3920,2021-02-15 11:55:00,1436.45,1436.45,1436.45,1436.45,25,350,1372.31,1399.05,1434.9
3921,2021-02-15 11:56:00,1436.45,1436.45,1436.45,1436.45,25,350,1372.31,1399.05,1434.9
3922,2021-02-15 11:57:00,1436.45,1436.45,1436.45,1436.45,25,350,1372.31,1399.05,1434.9
3923,2021-02-15 11:58:00,1436.45,1436.45,1436.45,1436.45,25,350,1372.31,1399.05,1434.9
3924,2021-02-15 11:59:00,1436.45,1436.45,1436.45,1436.45,25,350,1372.31,1399.05,1434.9
3925,2021-02-15 12:00:00,1436.45,1436.45,1436.45,1436.45,25,350,1372.31,1399.05,1434.9
3926,2021-02-15 12:01:00,1436.45,1436.45,1436.45,1436.45,25,350,1372.31,1399.05,1434.9
3927,2021-02-15 12:02:00,1436.45,1436.45,1436.45,1436.45,25,350,1372.31,1399.05,1434.9
3928,2021-02-15 12:03:00,1436.45,1436.45,1436.45,1436.45,25,350,1372.31,1399.05,1434.9
3929,2021-02-15 12:04:00,1436.45,1436.45,1436.45,1436.45,25,350,1372.31,1399.05,1434.9
3930,2021-02-15 12:05:00,1436.45,1436.45,1436.45,1436.45,25,350,1372.31,1399.05,1434.9
3931,2021-02-15 12:06:00,1436.45,1436.45,1436.45,1436.45,25,350,1372.31,1399.05,1434.9
3932,2021-02-15 12:07:00,1436.45,1436.45,1436.45,1436.45,25,350,1372.31,1399.05,1434.9
3933,2021-02-15 12:08:00,1436.45,1436.45,1436.45,1436.45,25,350,1372.31,1399.05,1434.9
3934,2021-02-15 12:09:00,1436.45,1436.45,1436.45,1436.45,25,350,1372.31,1399.05,1434.9
3935,2021-02-15 12:10:00,1436.45,1436.45,1436.45,1436.45,25,350,1372.31,1399.05,1434.9
3936,2021-02-15 12:11:00,1436.45,1436.45,1436.45,1436.45,25,350,1372.31,1399.05,1434.9
3937,2021-02-15 12:12:00,1436.45,1436.45,1436.45,1436.45,25,350,1372.31,1399.05,1434.9
3938,2021-02-15 12:13:00,1436.45,1436.45,1436.45,1436.45,25,350,1372.31,1399.05,1434.9
3939,2021-02-15 12:14:00,1436.45,1436.45,1436.45,1436.45,25,350,1372.31,1399.05,1434.9
3940,2021-02-15 12:15:00,1436.45,1436.45,1436.45,1436.45,25,350,1372.31,1399.05,1434.9
3941,2021-02-15 12:16:00,1435.3,1435.3,1435.3,1435.3,75,375,1398.98,1399.85,1434.65
3942,2021-02-15 12:17:00,1435.3,1435.3,1435.3,1435.3,75,375,1398.98,1399.85,1434.65
3943,2021-02-15 12:18:00,1435.3,1435.3,1435.3,1435.3,75,375,1398.98,1399.85,1434.65
3944,2021-02-15 12:19:00,1435.3,1435.3,1435.3,1435.3,75,375,1398.98,1399.85,1434.65
3945,2021-02-15 12:20:00,1435.3,1435.3,1435.3,1435.3,75,375,1398.98,1399.85,1434.65
3946,2021-02-15 12:21:00,1435.3,1435.3,1435.3,1435.3,75,375,1398.98,1399.85,1434.65
3947,2021-02-15 12:22:00,1435.3,1435.3,1435.3,1435.3,75,375,1398.98,1399.85,1434.65
3948,2021-02-15 12:23:00,1435.3,1435.3,1435.3,1435.3,75,375,1398.98,1399.85,1434.65
3949,2021-02-15 12:24:00,1435.3,1435.3,1435.3,1435.3,75,375,1398.98,1399.85,1434.65
3950,2021-02-15 12:25:00,1435.3,1435.3,1435.3,1435.3,75,375,1398.98,1399.85,1434.65
3951,2021-02-15 12:26:00,1435.3,1435.3,1435.3,1435.3,75,375,1398.98,1399.85,1434.65
3952,2021-02-15 12:27:00,1435.3,1435.3,1435.3,1435.3,75,375,1398.98,1399.85,1434.65
3953,2021-02-15 12:28:00,1435.3,1435.3,1435.3,1435.3,75,375,1398.98,1399.85,1434.65
3954,2021-02-15 12:29:00,1435.3,1435.3,1435.3,1435.3,75,375,1398.98,1399.85,1434.65
3955,2021-02-15 12:30:00,1435.3,1435.3,1435.3,1435.3,75,375,1398.98,1399.85,1434.65
3956,2021-02-15 12:31:00,1435.3,1435.3,1435.3,1435.3,75,375,1398.98,1399.85,1434.65
3957,2021-02-15 12:32:00,1435.3,1435.3,1435.3,1435.3,75,375,1398.98,1399.85,1434.65
3958,2021-02-15 12:33:00,1435.3,1435.3,1435.3,1435.3,75,375,1398.98,1399.85,1434.65
3959,2021-02-15 12:34:00,1435.3,1435.3,1435.3,1435.3,75,375,1398.98,1399.85,1434.65
3960,2021-02-15 12:35:00,1435.3,1435.3,1435.3,1435.3,75,375,1398.98,1399.85,1434.65
3961,2021-02-15 12:36:00,1435.3,1435.3,1435.3,1435.3,75,375,1398.98,1399.85,1434.65
3962,2021-02-15 12:37:00,1435.3,1435.3,1435.3,1435.3,75,375,1398.98,1399.85,1434.65
3963,2021-02-15 12:38:00,1435.3,1435.3,1435.3,1435.3,75,375,1398.98,1399.85,1434.65
3964,2021-02-15 12:39:00,1435.3,1435.3,1435.3,1435.3,75,375,1398.98,1399.85,1434.65
3965,2021-02-15 12:40:00,1500.0,1500.0,1500.0,1500.0,25,450,1411.61,1482.8,1519.45
3966,2021-02-15 12:41:00,1500.0,1500.0,1500.0,1500.0,25,450,1411.61,1482.8,1519.45
3967,2021-02-15 12:42:00,1500.0,1500.0,1500.0,1500.0,25,450,1411.61,1482.8,1519.45
3968,2021-02-15 12:43:00,1500.0,1500.0,1500.0,1500.0,25,450,1411.61,1482.8,1519.45
3969,2021-02-15 12:44:00,1500.0,1500.0,1500.0,1500.0,25,450,1411.61,1482.8,1519.45
3970,2021-02-15 12:45:00,1500.0,1500.0,1500.0,1500.0,25,450,1411.61,1482.8,1519.45
3971,2021-02-15 12:46:00,1500.0,1500.0,1500.0,1500.0,25,450,1411.61,1482.8,1519.45
3972,2021-02-15 12:47:00,1500.0,1500.0,1500.0,1500.0,25,450,1411.61,1482.8,1519.45
3973,2021-02-15 12:48:00,1500.0,1500.0,1500.0,1500.0,25,450,1411.61,1482.8,1519.45
3974,2021-02-15 12:49:00,1500.0,1500.0,1500.0,1500.0,25,450,1411.61,1482.8,1519.45
3975,2021-02-15 12:50:00,1500.0,1500.0,1500.0,1500.0,25,450,1411.61,1482.8,1519.45
3976,2021-02-15 12:51:00,1500.0,1500.0,1500.0,1500.0,25,450,1411.61,1482.8,1519.45
3977,2021-02-15 12:52:00,1500.0,1500.0,1500.0,1500.0,25,450,1411.61,1482.8,1519.45
3978,2021-02-15 12:53:00,1500.0,1500.0,1500.0,1500.0,25,450,1411.61,1482.8,1519.45
3979,2021-02-15 12:54:00,1500.0,1500.0,1500.0,1500.0,25,450,1411.61,1482.8,1519.45
3980,2021-02-15 12:55:00,1500.0,1500.0,1500.0,1500.0,25,450,1411.61,1482.8,1519.45
3981,2021-02-15 12:56:00,1500.0,1500.0,1500.0,1500.0,25,450,1411.61,1482.8,1519.45
3982,2021-02-15 12:57:00,1500.0,1500.0,1500.0,1500.0,25,450,1411.61,1482.8,1519.45
3983,2021-02-15 12:58:00,1500.0,1500.0,1500.0,1500.0,25,450,1411.61,1482.8,1519.45
3984,2021-02-15 12:59:00,1500.0,1500.0,1500.0,1500.0,25,450,1411.61,1482.8,1519.45
3985,2021-02-15 13:00:00,1500.0,1500.0,1500.0,1500.0,25,450,1411.61,1482.8,1519.45
3986,2021-02-15 13:01:00,1500.0,1500.0,1500.0,1500.0,25,450,1411.61,1482.8,1519.45
3987,2021-02-15 13:02:00,1500.0,1500.0,1500.0,1500.0,25,450,1411.61,1482.8,1519.45
3988,2021-02-15 13:03:00,1500.0,1500.0,1500.0,1500.0,25,450,1411.61,1482.8,1519.45
3989,2021-02-15 13:04:00,1519.3,1519.3,1519.3,1519.3,25,450,1423.57,1519.3,1549.45
3990,2021-02-15 13:05:00,1519.3,1519.3,1519.3,1519.3,25,450,1423.57,1519.3,1549.45
3991,2021-02-15 13:06:00,1427.65,1519.35,1427.65,1427.65,75,450,1439.87,1506.95,1546.55
3992,2021-02-15 13:07:00,1427.65,1519.35,1427.65,1427.65,75,450,1439.87,1506.95,1546.55
3993,2021-02-15 13:08:00,1427.65,1519.35,1427.65,1427.65,75,450,1439.87,1506.95,1546.55
3994,2021-02-15 13:09:00,1427.65,1519.35,1427.65,1427.65,75,450,1439.87,1506.95,1546.55
3995,2021-02-15 13:10:00,1427.65,1519.35,1427.65,1427.65,75,450,1439.87,1506.95,1546.55
3996,2021-02-15 13:11:00,1427.65,1519.35,1427.65,1427.65,75,450,1439.87,1506.95,1546.55
3997,2021-02-15 13:12:00,1427.65,1519.35,1427.65,1427.65,75,450,1439.87,1506.95,1546.55
3998,2021-02-15 13:13:00,1427.65,1519.35,1427.65,1427.65,75,450,1439.87,1506.95,1546.55
3999,2021-02-15 13:14:00,1427.65,1519.35,1427.65,1427.65,75,450,1439.87,1506.95,1546.55
4000,2021-02-15 13:15:00,1427.65,1519.35,1427.65,1427.65,75,450,1439.87,1506.95,1546.55
4001,2021-02-15 13:16:00,1427.65,1519.35,1427.65,1427.65,75,450,1439.87,1506.95,1546.55
4002,2021-02-15 13:17:00,1427.65,1519.35,1427.65,1427.65,75,450,1439.87,1506.95,1546.55
4003,2021-02-15 13:18:00,1427.65,1519.35,1427.65,1427.65,75,450,1439.87,1506.95,1546.55
4004,2021-02-15 13:19:00,1427.65,1519.35,1427.65,1427.65,75,450,1439.87,1506.95,1546.55
4005,2021-02-15 13:20:00,1427.65,1519.35,1427.65,1427.65,75,450,1439.87,1506.95,1546.55
4006,2021-02-15 13:21:00,1427.65,1519.35,1427.65,1427.65,75,450,1439.87,1506.95,1546.55
4007,2021-02-15 13:22:00,1427.65,1519.35,1427.65,1427.65,75,450,1439.87,1506.95,1546.55
4008,2021-02-15 13:23:00,1427.65,1519.35,1427.65,1427.65,75,450,1439.87,1506.95,1546.55
4009,2021-02-15 13:24:00,1427.65,1519.35,1427.65,1427.65,75,450,1439.87,1506.95,1546.55
4010,2021-02-15 13:25:00,1427.65,1519.35,1427.65,1427.65,75,450,1439.87,1506.95,1546.55
4011,2021-02-15 13:26:00,1427.65,1519.35,1427.65,1427.65,75,450,1439.87,1506.95,1546.55
4012,2021-02-15 13:27:00,1506.0,1506.0,1506.0,1506.0,25,375,1444.96,1474.9,1514.35
4013,2021-02-15 13:28:00,1506.0,1506.0,1506.0,1506.0,25,375,1444.96,1474.9,1514.35
4014,2021-02-15 13:29:00,1506.0,1506.0,1506.0,1506.0,25,375,1444.96,1474.9,1514.35
4015,2021-02-15 13:30:00,1506.0,1506.0,1506.0,1506.0,25,375,1444.96,1474.9,1514.35
4016,2021-02-15 13:31:00,1506.0,1506.0,1506.0,1506.0,25,375,1444.96,1474.9,1514.35
4017,2021-02-15 13:32:00,1506.0,1506.0,1506.0,1506.0,25,375,1444.96,1474.9,1514.35
4018,2021-02-15 13:33:00,1506.0,1506.0,1506.0,1506.0,25,375,1444.96,1474.9,1514.35
4019,2021-02-15 13:34:00,1506.0,1506.0,1506.0,1506.0,25,375,1444.96,1474.9,1514.35
4020,2021-02-15 13:35:00,1506.0,1506.0,1506.0,1506.0,25,375,1444.96,1474.9,1514.35
4021,2021-02-15 13:36:00,1506.0,1506.0,1506.0,1506.0,25,375,1444.96,1474.9,1514.35
4022,2021-02-15 13:37:00,1506.0,1506.0,1506.0,1506.0,25,375,1444.96,1474.9,1514.35
4023,2021-02-15 13:38:00,1506.0,1506.0,1506.0,1506.0,25,375,1444.96,1474.9,1514.35
4024,2021-02-15 13:39:00,1506.0,1506.0,1506.0,1506.0,25,375,1444.96,1474.9,1514.35
4025,2021-02-15 13:40:00,1506.0,1506.0,1506.0,1506.0,25,375,1444.96,1474.9,1514.35
4026,2021-02-15 13:41:00,1506.0,1506.0,1506.0,1506.0,25,375,1444.96,1474.9,1514.35
4027,2021-02-15 13:42:00,1506.0,1506.0,1506.0,1506.0,25,375,1444.96,1474.9,1514.35
4028,2021-02-15 13:43:00,1506.0,1506.0,1506.0,1506.0,25,375,1444.96,1474.9,1514.35
4029,2021-02-15 13:44:00,1506.0,1506.0,1506.0,1506.0,25,375,1444.96,1474.9,1514.35
4030,2021-02-15 13:45:00,1506.0,1506.0,1506.0,1506.0,25,375,1444.96,1474.9,1514.35
4031,2021-02-15 13:46:00,1506.0,1506.0,1506.0,1506.0,25,375,1444.96,1474.9,1514.35
4032,2021-02-15 13:47:00,1506.0,1506.0,1506.0,1506.0,25,375,1444.96,1474.9,1514.35
4033,2021-02-15 13:48:00,1506.0,1506.0,1506.0,1506.0,25,375,1444.96,1474.9,1514.35
4034,2021-02-15 13:49:00,1506.0,1506.0,1506.0,1506.0,25,375,1444.96,1474.9,1514.35
4035,2021-02-15 13:50:00,1506.0,1506.0,1506.0,1506.0,25,375,1444.96,1474.9,1514.35
4036,2021-02-15 13:51:00,1506.0,1506.0,1506.0,1506.0,25,375,1444.96,1474.9,1514.35
4037,2021-02-15 13:52:00,1506.0,1506.0,1506.0,1506.0,25,375,1444.96,1474.9,1514.35
4038,2021-02-15 13:53:00,1506.0,1506.0,1506.0,1506.0,25,375,1444.96,1474.9,1514.35
4039,2021-02-15 13:54:00,1506.0,1506.0,1506.0,1506.0,25,375,1444.96,1474.9,1514.35
4040,2021-02-15 13:55:00,1506.0,1506.0,1506.0,1506.0,25,375,1444.96,1474.9,1514.35
4041,2021-02-15 13:56:00,1506.0,1506.0,1506.0,1506.0,25,375,1444.96,1474.9,1514.35
4042,2021-02-15 13:57:00,1506.0,1506.0,1506.0,1506.0,25,375,1444.96,1474.9,1514.35
4043,2021-02-15 13:58:00,1506.0,1506.0,1506.0,1506.0,25,375,1444.96,1474.9,1514.35
4044,2021-02-15 13:59:00,1506.0,1506.0,1506.0,1506.0,25,375,1444.96,1474.9,1514.35
4045,2021-02-15 14:00:00,1506.0,1506.0,1506.0,1506.0,25,375,1444.96,1474.9,1514.35
4046,2021-02-15 14:01:00,1506.0,1506.0,1506.0,1506.0,25,375,1444.96,1474.9,1514.35
4047,2021-02-15 14:02:00,1506.0,1506.0,1506.0,1506.0,25,375,1444.96,1474.9,1514.35
4048,2021-02-15 14:03:00,1506.0,1506.0,1506.0,1506.0,25,375,1444.96,1474.9,1514.35
4049,2021-02-15 14:04:00,1506.0,1506.0,1506.0,1506.0,25,375,1444.96,1474.9,1514.35
4050,2021-02-15 14:05:00,1506.0,1506.0,1506.0,1506.0,25,375,1444.96,1474.9,1514.35
4051,2021-02-15 14:06:00,1506.0,1506.0,1506.0,1506.0,25,375,1444.96,1474.9,1514.35
4052,2021-02-15 14:07:00,1506.0,1506.0,1506.0,1506.0,25,375,1444.96,1474.9,1514.35
4053,2021-02-15 14:08:00,1506.0,1506.0,1506.0,1506.0,25,375,1444.96,1474.9,1514.35
4054,2021-02-15 14:09:00,1506.0,1506.0,1506.0,1506.0,25,375,1444.96,1474.9,1514.35
4055,2021-02-15 14:10:00,1506.0,1506.0,1506.0,1506.0,25,375,1444.96,1474.9,1514.35
4056,2021-02-15 14:11:00,1506.0,1506.0,1506.0,1506.0,25,375,1444.96,1474.9,1514.35
4057,2021-02-15 14:12:00,1506.0,1506.0,1506.0,1506.0,25,375,1444.96,1474.9,1514.35
4058,2021-02-15 14:13:00,1506.0,1506.0,1506.0,1506.0,25,375,1444.96,1474.9,1514.35
4059,2021-02-15 14:14:00,1506.0,1506.0,1506.0,1506.0,25,375,1444.96,1474.9,1514.35
4060,2021-02-15 14:15:00,1506.0,1506.0,1506.0,1506.0,25,375,1444.96,1474.9,1514.35
4061,2021-02-15 14:16:00,1506.0,1506.0,1506.0,1506.0,25,375,1444.96,1474.9,1514.35
4062,2021-02-15 14:17:00,1506.0,1506.0,1506.0,1506.0,25,375,1444.96,1474.9,1514.35
4063,2021-02-15 14:18:00,1506.0,1506.0,1506.0,1506.0,25,375,1444.96,1474.9,1514.35
4064,2021-02-15 14:19:00,1506.0,1506.0,1506.0,1506.0,25,375,1444.96,1474.9,1514.35
4065,2021-02-15 14:20:00,1506.0,1506.0,1506.0,1506.0,25,375,1444.96,1474.9,1514.35
4066,2021-02-15 14:21:00,1506.0,1506.0,1506.0,1506.0,25,375,1444.96,1474.9,1514.35
4067,2021-02-15 14:22:00,1506.0,1506.0,1506.0,1506.0,25,375,1444.96,1474.9,1514.35
4068,2021-02-15 14:23:00,1506.0,1506.0,1506.0,1506.0,25,375,1444.96,1474.9,1514.35
4069,2021-02-15 14:24:00,1506.0,1506.0,1506.0,1506.0,25,375,1444.96,1474.9,1514.35
4070,2021-02-15 14:25:00,1506.0,1506.0,1506.0,1506.0,25,375,1444.96,1474.9,1514.35
4071,2021-02-15 14:26:00,1506.0,1506.0,1506.0,1506.0,25,375,1444.96,1474.9,1514.35
4072,2021-02-15 14:27:00,1506.0,1506.0,1506.0,1506.0,25,375,1444.96,1474.9,1514.35
4073,2021-02-15 14:28:00,1506.0,1506.0,1506.0,1506.0,25,375,1444.96,1474.9,1514.35
4074,2021-02-15 14:29:00,1506.0,1506.0,1506.0,1506.0,25,375,1444.96,1474.9,1514.35
4075,2021-02-15 14:30:00,1506.0,1506.0,1506.0,1506.0,25,375,1444.96,1474.9,1514.35
4076,2021-02-15 14:31:00,1506.0,1506.0,1506.0,1506.0,25,375,1444.96,1474.9,1514.35
4077,2021-02-15 14:32:00,1506.0,1506.0,1506.0,1506.0,25,375,1444.96,1474.9,1514.35
4078,2021-02-15 14:33:00,1506.0,1506.0,1506.0,1506.0,25,375,1444.96,1474.9,1514.35
4079,2021-02-15 14:34:00,1567.0,1567.0,1567.0,1567.0,25,375,1453.68,1583.8,1643.0
4080,2021-02-15 14:35:00,1567.0,1567.0,1567.0,1567.0,25,375,1453.68,1583.8,1643.0
4081,2021-02-15 14:36:00,1567.0,1567.0,1567.0,1567.0,25,375,1453.68,1583.8,1643.0
4082,2021-02-15 14:37:00,1567.0,1567.0,1567.0,1567.0,25,375,1453.68,1583.8,1643.0
4083,2021-02-15 14:38:00,1567.0,1567.0,1567.0,1567.0,25,375,1453.68,1583.8,1643.0
4084,2021-02-15 14:39:00,1567.0,1567.0,1567.0,1567.0,25,375,1453.68,1583.8,1643.0
4085,2021-02-15 14:40:00,1567.0,1567.0,1567.0,1567.0,25,375,1453.68,1583.8,1643.0
4086,2021-02-15 14:41:00,1567.0,1567.0,1567.0,1567.0,25,375,1453.68,1583.8,1643.0
4087,2021-02-15 14:42:00,1567.0,1567.0,1567.0,1567.0,25,375,1453.68,1583.8,1643.0
4088,2021-02-15 14:43:00,1567.0,1567.0,1567.0,1567.0,25,375,1453.68,1583.8,1643.0
4089,2021-02-15 14:44:00,1567.0,1567.0,1567.0,1567.0,25,375,1453.68,1583.8,1643.0
4090,2021-02-15 14:45:00,1656.65,1656.65,1656.65,1656.65,25,350,1467.21,1636.1,1693.05
4091,2021-02-15 14:46:00,1656.65,1656.65,1656.65,1656.65,25,350,1467.21,1636.1,1693.05
4092,2021-02-15 14:47:00,1656.65,1656.65,1656.65,1656.65,25,350,1467.21,1636.1,1693.05
4093,2021-02-15 14:48:00,1680.2,1680.2,1680.2,1680.2,75,350,1502.71,1596.1,1678.3
4094,2021-02-15 14:49:00,1680.2,1680.2,1680.2,1680.2,75,350,1502.71,1596.1,1678.3
4095,2021-02-15 14:50:00,1680.2,1680.2,1680.2,1680.2,75,350,1502.71,1596.1,1678.3
4096,2021-02-15 14:51:00,1680.2,1680.2,1680.2,1680.2,75,350,1502.71,1596.1,1678.3
4097,2021-02-15 14:52:00,1680.2,1680.2,1680.2,1680.2,75,350,1502.71,1596.1,1678.3
4098,2021-02-15 14:53:00,1680.2,1680.2,1680.2,1680.2,75,350,1502.71,1596.1,1678.3
4099,2021-02-15 14:54:00,1680.2,1680.2,1680.2,1680.2,75,350,1502.71,1596.1,1678.3
4100,2021-02-15 14:55:00,1680.2,1680.2,1680.2,1680.2,75,350,1502.71,1596.1,1678.3
4101,2021-02-15 14:56:00,1651.85,1651.85,1651.85,1651.85,50,400,1517.62,1673.0,1715.95
4102,2021-02-15 14:57:00,1651.85,1651.85,1651.85,1651.85,50,400,1517.62,1673.0,1715.95
4103,2021-02-15 14:58:00,1651.85,1651.85,1651.85,1651.85,50,400,1517.62,1673.0,1715.95
4104,2021-02-15 14:59:00,1651.85,1651.85,1651.85,1651.85,50,400,1517.62,1673.0,1715.95
4105,2021-02-15 15:00:00,1651.85,1651.85,1651.85,1651.85,50,400,1517.62,1673.0,1715.95
4106,2021-02-15 15:01:00,1651.85,1651.85,1651.85,1651.85,50,400,1517.62,1673.0,1715.95
4107,2021-02-15 15:02:00,1651.85,1651.85,1651.85,1651.85,50,400,1517.62,1673.0,1715.95
4108,2021-02-15 15:03:00,1651.85,1651.85,1651.85,1651.85,50,400,1517.62,1673.0,1715.95
4109,2021-02-15 15:04:00,1651.85,1651.85,1651.85,1651.85,50,400,1517.62,1673.0,1715.95
4110,2021-02-15 15:05:00,1651.85,1651.85,1651.85,1651.85,50,400,1517.62,1673.0,1715.95
4111,2021-02-15 15:06:00,1651.85,1651.85,1651.85,1651.85,50,400,1517.62,1673.0,1715.95
4112,2021-02-15 15:07:00,1651.85,1651.85,1651.85,1651.85,50,400,1517.62,1673.0,1715.95
4113,2021-02-15 15:08:00,1651.85,1651.85,1651.85,1651.85,50,400,1517.62,1673.0,1715.95
4114,2021-02-15 15:09:00,1651.85,1651.85,1651.85,1651.85,50,400,1517.62,1673.0,1715.95
4115,2021-02-15 15:10:00,1651.85,1651.85,1651.85,1651.85,50,400,1517.62,1673.0,1715.95
4116,2021-02-15 15:11:00,1651.85,1651.85,1651.85,1651.85,50,400,1517.62,1673.0,1715.95
4117,2021-02-15 15:12:00,1651.85,1651.85,1651.85,1651.85,50,400,1517.62,1673.0,1715.95
4118,2021-02-15 15:13:00,1651.85,1651.85,1651.85,1651.85,50,400,1517.62,1673.0,1715.95
4119,2021-02-15 15:14:00,1651.85,1651.85,1651.85,1651.85,50,400,1517.62,1673.0,1715.95
4120,2021-02-15 15:15:00,1651.85,1651.85,1651.85,1651.85,50,400,1517.62,1673.0,1715.95
4121,2021-02-15 15:16:00,1651.85,1651.85,1651.85,1651.85,50,400,1517.62,1673.0,1715.95
4122,2021-02-15 15:17:00,1651.85,1651.85,1651.85,1651.85,50,400,1517.62,1673.0,1715.95
4123,2021-02-15 15:18:00,1651.85,1651.85,1651.85,1651.85,50,400,1517.62,1673.0,1715.95
4124,2021-02-15 15:19:00,1651.85,1651.85,1651.85,1651.85,50,400,1517.62,1673.0,1715.95
4125,2021-02-15 15:20:00,1651.85,1651.85,1651.85,1651.85,50,400,1517.62,1673.0,1715.95
4126,2021-02-15 15:21:00,1651.85,1651.85,1651.85,1651.85,50,400,1517.62,1673.0,1715.95
4127,2021-02-15 15:22:00,1651.85,1651.85,1651.85,1651.85,50,400,1517.62,1673.0,1715.95
4128,2021-02-15 15:23:00,1651.85,1651.85,1651.85,1651.85,50,400,1517.62,1673.0,1715.95
4129,2021-02-15 15:24:00,1651.85,1651.85,1651.85,1651.85,50,400,1517.62,1673.0,1715.95
4130,2021-02-15 15:25:00,1651.85,1651.85,1651.85,1651.85,50,400,1517.62,1673.0,1715.95
4131,2021-02-15 15:26:00,1651.85,1651.85,1651.85,1651.85,50,400,1517.62,1673.0,1715.95
4132,2021-02-15 15:27:00,1651.85,1651.85,1651.85,1651.85,50,400,1517.62,1673.0,1715.95
4133,2021-02-15 15:28:00,1651.85,1651.85,1651.85,1651.85,50,400,1517.62,1673.0,1715.95
4134,2021-02-15 15:29:00,1651.85,1651.85,1651.85,1651.85,50,400,1517.62,1673.0,1715.95
4135,2021-02-15 15:30:00,1651.85,1651.85,1651.85,1651.85,50,400,1517.62,1673.0,1715.95
4136,2021-02-16 09:15:00,1651.85,1651.85,1651.85,1651.85,50,400,1517.62,1673.0,1715.95
4137,2021-02-16 09:16:00,1651.85,1651.85,1651.85,1651.85,50,400,1517.62,1673.0,1715.95
4138,2021-02-16 09:17:00,1651.85,1651.85,1651.85,1651.85,50,400,1517.62,1673.0,1715.95
4139,2021-02-16 09:18:00,1651.85,1651.85,1651.85,1651.85,50,400,1517.62,1673.0,1715.95
4140,2021-02-16 09:19:00,1651.85,1651.85,1651.85,1651.85,50,400,1517.62,1673.0,1715.95
4141,2021-02-16 09:20:00,1651.85,1651.85,1651.85,1651.85,50,400,1517.62,1673.0,1715.95
4142,2021-02-16 09:21:00,1651.85,1651.85,1651.85,1651.85,50,400,1517.62,1673.0,1715.95
4143,2021-02-16 09:22:00,1651.85,1651.85,1651.85,1651.85,50,400,1517.62,1673.0,1715.95
4144,2021-02-16 09:23:00,1651.85,1651.85,1651.85,1651.85,50,400,1517.62,1673.0,1715.95
4145,2021-02-16 09:24:00,2066.1,2066.1,2066.1,2066.1,25,375,2066.1,1908.15,2074.75
4146,2021-02-16 09:25:00,2066.1,2066.1,2066.1,2066.1,25,375,2066.1,1908.15,2074.75
4147,2021-02-16 09:26:00,2066.1,2066.1,2066.1,2066.1,25,375,2066.1,1908.15,2074.75
4148,2021-02-16 09:27:00,2066.1,2066.1,2066.1,2066.1,25,375,2066.1,1908.15,2074.75
4149,2021-02-16 09:28:00,2066.1,2066.1,2066.1,2066.1,25,375,2066.1,1908.15,2074.75
4150,2021-02-16 09:29:00,2066.1,2066.1,2066.1,2066.1,25,375,2066.1,1908.15,2074.75
4151,2021-02-16 09:30:00,2066.1,2066.1,2066.1,2066.1,25,375,2066.1,1908.15,2074.75
4152,2021-02-16 09:31:00,2066.1,2066.1,2066.1,2066.1,25,375,2066.1,1908.15,2074.75
4153,2021-02-16 09:32:00,2066.1,2066.1,2066.1,2066.1,25,375,2066.1,1908.15,2074.75
4154,2021-02-16 09:33:00,2066.1,2066.1,2066.1,2066.1,25,375,2066.1,1908.15,2074.75
4155,2021-02-16 09:34:00,2066.1,2066.1,2066.1,2066.1,25,375,2066.1,1908.15,2074.75
4156,2021-02-16 09:35:00,2066.1,2066.1,2066.1,2066.1,25,375,2066.1,1908.15,2074.75
4157,2021-02-16 09:36:00,2066.1,2066.1,2066.1,2066.1,25,375,2066.1,1908.15,2074.75
4158,2021-02-16 09:37:00,2066.1,2066.1,2066.1,2066.1,25,375,2066.1,1908.15,2074.75
4159,2021-02-16 09:38:00,2066.1,2066.1,2066.1,2066.1,25,375,2066.1,1908.15,2074.75
4160,2021-02-16 09:39:00,2066.1,2066.1,2066.1,2066.1,25,375,2066.1,1908.15,2074.75
4161,2021-02-16 09:40:00,2066.1,2066.1,2066.1,2066.1,25,375,2066.1,1908.15,2074.75
4162,2021-02-16 09:41:00,2066.1,2066.1,2066.1,2066.1,25,375,2066.1,1908.15,2074.75
4163,2021-02-16 09:42:00,2066.1,2066.1,2066.1,2066.1,25,375,2066.1,1908.15,2074.75
4164,2021-02-16 09:43:00,2066.1,2066.1,2066.1,2066.1,25,375,2066.1,1908.15,2074.75
4165,2021-02-16 09:44:00,2066.1,2066.1,2066.1,2066.1,25,375,2066.1,1908.15,2074.75
4166,2021-02-16 09:45:00,2066.1,2066.1,2066.1,2066.1,25,375,2066.1,1908.15,2074.75
4167,2021-02-16 09:46:00,2066.1,2066.1,2066.1,2066.1,25,375,2066.1,1908.15,2074.75
4168,2021-02-16 09:47:00,2066.1,2066.1,2066.1,2066.1,25,375,2066.1,1908.15,2074.75
4169,2021-02-16 09:48:00,2066.1,2066.1,2066.1,2066.1,25,375,2066.1,1908.15,2074.75
4170,2021-02-16 09:49:00,2066.1,2066.1,2066.1,2066.1,25,375,2066.1,1908.15,2074.75
4171,2021-02-16 09:50:00,2066.1,2066.1,2066.1,2066.1,25,375,2066.1,1908.15,2074.75
4172,2021-02-16 09:51:00,2066.1,2066.1,2066.1,2066.1,25,375,2066.1,1908.15,2074.75
4173,2021-02-16 09:52:00,2066.1,2066.1,2066.1,2066.1,25,375,2066.1,1908.15,2074.75
4174,2021-02-16 09:53:00,2066.1,2066.1,2066.1,2066.1,25,375,2066.1,1908.15,2074.75
4175,2021-02-16 09:54:00,2066.1,2066.1,2066.1,2066.1,25,375,2066.1,1908.15,2074.75
4176,2021-02-16 09:55:00,2066.1,2066.1,2066.1,2066.1,25,375,2066.1,1908.15,2074.75
4177,2021-02-16 09:56:00,2066.1,2066.1,2066.1,2066.1,25,375,2066.1,1908.15,2074.75
4178,2021-02-16 09:57:00,2066.1,2066.1,2066.1,2066.1,25,375,2066.1,1908.15,2074.75
4179,2021-02-16 09:58:00,2066.1,2066.1,2066.1,2066.1,25,375,2066.1,1908.15,2074.75
4180,2021-02-16 09:59:00,2066.1,2066.1,2066.1,2066.1,25,375,2066.1,1908.15,2074.75
4181,2021-02-16 10:00:00,2066.1,2066.1,2066.1,2066.1,25,375,2066.1,1908.15,2074.75
4182,2021-02-16 10:01:00,2066.1,2066.1,2066.1,2066.1,25,375,2066.1,1908.15,2074.75
4183,2021-02-16 10:02:00,2066.1,2066.1,2066.1,2066.1,25,375,2066.1,1908.15,2074.75
4184,2021-02-16 10:03:00,2066.1,2066.1,2066.1,2066.1,25,375,2066.1,1908.15,2074.75
4185,2021-02-16 10:04:00,2066.1,2066.1,2066.1,2066.1,25,375,2066.1,1908.15,2074.75
4186,2021-02-16 10:05:00,2066.1,2066.1,2066.1,2066.1,25,375,2066.1,1908.15,2074.75
4187,2021-02-16 10:06:00,2066.1,2066.1,2066.1,2066.1,25,375,2066.1,1908.15,2074.75
4188,2021-02-16 10:07:00,2066.1,2066.1,2066.1,2066.1,25,375,2066.1,1908.15,2074.75
4189,2021-02-16 10:08:00,2066.1,2066.1,2066.1,2066.1,25,375,2066.1,1908.15,2074.75
4190,2021-02-16 10:09:00,2066.1,2066.1,2066.1,2066.1,25,375,2066.1,1908.15,2074.75
4191,2021-02-16 10:10:00,2066.1,2066.1,2066.1,2066.1,25,375,2066.1,1908.15,2074.75
4192,2021-02-16 10:11:00,2066.1,2066.1,2066.1,2066.1,25,375,2066.1,1908.15,2074.75
4193,2021-02-16 10:12:00,2066.1,2066.1,2066.1,2066.1,25,375,2066.1,1908.15,2074.75
4194,2021-02-16 10:13:00,2066.1,2066.1,2066.1,2066.1,25,375,2066.1,1908.15,2074.75
4195,2021-02-16 10:14:00,2066.1,2066.1,2066.1,2066.1,25,375,2066.1,1908.15,2074.75
4196,2021-02-16 10:15:00,2066.1,2066.1,2066.1,2066.1,25,375,2066.1,1908.15,2074.75
4197,2021-02-16 10:16:00,2066.1,2066.1,2066.1,2066.1,25,375,2066.1,1908.15,2074.75
4198,2021-02-16 10:17:00,2066.1,2066.1,2066.1,2066.1,25,375,2066.1,1908.15,2074.75
4199,2021-02-16 10:18:00,2066.1,2066.1,2066.1,2066.1,25,375,2066.1,1908.15,2074.75
4200,2021-02-16 10:19:00,2066.1,2066.1,2066.1,2066.1,25,375,2066.1,1908.15,2074.75
4201,2021-02-16 10:20:00,2066.1,2066.1,2066.1,2066.1,25,375,2066.1,1908.15,2074.75
4202,2021-02-16 10:21:00,2066.1,2066.1,2066.1,2066.1,25,375,2066.1,1908.15,2074.75
4203,2021-02-16 10:22:00,2066.1,2066.1,2066.1,2066.1,25,375,2066.1,1908.15,2074.75
4204,2021-02-16 10:23:00,2066.1,2066.1,2066.1,2066.1,25,375,2066.1,1908.15,2074.75
4205,2021-02-16 10:24:00,2066.1,2066.1,2066.1,2066.1,25,375,2066.1,1908.15,2074.75
4206,2021-02-16 10:25:00,2066.1,2066.1,2066.1,2066.1,25,375,2066.1,1908.15,2074.75
4207,2021-02-16 10:26:00,2066.1,2066.1,2066.1,2066.1,25,375,2066.1,1908.15,2074.75
4208,2021-02-16 10:27:00,2066.1,2066.1,2066.1,2066.1,25,375,2066.1,1908.15,2074.75
4209,2021-02-16 10:28:00,2066.1,2066.1,2066.1,2066.1,25,375,2066.1,1908.15,2074.75
4210,2021-02-16 10:29:00,2066.1,2066.1,2066.1,2066.1,25,375,2066.1,1908.15,2074.75
4211,2021-02-16 10:30:00,2066.1,2066.1,2066.1,2066.1,25,375,2066.1,1908.15,2074.75
4212,2021-02-16 10:31:00,2066.1,2066.1,2066.1,2066.1,25,375,2066.1,1908.15,2074.75
4213,2021-02-16 10:32:00,2066.1,2066.1,2066.1,2066.1,25,375,2066.1,1908.15,2074.75
4214,2021-02-16 10:33:00,2066.1,2066.1,2066.1,2066.1,25,375,2066.1,1908.15,2074.75
4215,2021-02-16 10:34:00,2066.1,2066.1,2066.1,2066.1,25,375,2066.1,1908.15,2074.75
4216,2021-02-16 10:35:00,2066.1,2066.1,2066.1,2066.1,25,375,2066.1,1908.15,2074.75
4217,2021-02-16 10:36:00,2066.1,2066.1,2066.1,2066.1,25,375,2066.1,1908.15,2074.75
4218,2021-02-16 10:37:00,2066.1,2066.1,2066.1,2066.1,25,375,2066.1,1908.15,2074.75
4219,2021-02-16 10:38:00,2066.1,2066.1,2066.1,2066.1,25,375,2066.1,1908.15,2074.75
4220,2021-02-16 10:39:00,2066.1,2066.1,2066.1,2066.1,25,375,2066.1,1908.15,2074.75
4221,2021-02-16 10:40:00,2066.1,2066.1,2066.1,2066.1,25,375,2066.1,1908.15,2074.75
4222,2021-02-16 10:41:00,2066.1,2066.1,2066.1,2066.1,25,375,2066.1,1908.15,2074.75
4223,2021-02-16 10:42:00,2066.1,2066.1,2066.1,2066.1,25,375,2066.1,1908.15,2074.75
4224,2021-02-16 10:43:00,2066.1,2066.1,2066.1,2066.1,25,375,2066.1,1908.15,2074.75
4225,2021-02-16 10:44:00,2066.1,2066.1,2066.1,2066.1,25,375,2066.1,1908.15,2074.75
4226,2021-02-16 10:45:00,2066.1,2066.1,2066.1,2066.1,25,375,2066.1,1908.15,2074.75
4227,2021-02-16 10:46:00,2066.1,2066.1,2066.1,2066.1,25,375,2066.1,1908.15,2074.75
4228,2021-02-16 10:47:00,2066.1,2066.1,2066.1,2066.1,25,375,2066.1,1908.15,2074.75
4229,2021-02-16 10:48:00,2066.1,2066.1,2066.1,2066.1,25,375,2066.1,1908.15,2074.75
4230,2021-02-16 10:49:00,2066.1,2066.1,2066.1,2066.1,25,375,2066.1,1908.15,2074.75
4231,2021-02-16 10:50:00,2066.1,2066.1,2066.1,2066.1,25,375,2066.1,1908.15,2074.75
4232,2021-02-16 10:51:00,2066.1,2066.1,2066.1,2066.1,25,375,2066.1,1908.15,2074.75
4233,2021-02-16 10:52:00,2066.1,2066.1,2066.1,2066.1,25,375,2066.1,1908.15,2074.75
4234,2021-02-16 10:53:00,2066.1,2066.1,2066.1,2066.1,25,375,2066.1,1908.15,2074.75
4235,2021-02-16 10:54:00,2066.1,2066.1,2066.1,2066.1,25,375,2066.1,1908.15,2074.75
4236,2021-02-16 10:55:00,2066.1,2066.1,2066.1,2066.1,25,375,2066.1,1908.15,2074.75
4237,2021-02-16 10:56:00,2066.1,2066.1,2066.1,2066.1,25,375,2066.1,1908.15,2074.75
4238,2021-02-16 10:57:00,2066.1,2066.1,2066.1,2066.1,25,375,2066.1,1908.15,2074.75
4239,2021-02-16 10:58:00,2066.1,2066.1,2066.1,2066.1,25,375,2066.1,1908.15,2074.75
4240,2021-02-16 10:59:00,2066.1,2066.1,2066.1,2066.1,25,375,2066.1,1908.15,2074.75
4241,2021-02-16 11:00:00,2066.1,2066.1,2066.1,2066.1,25,375,2066.1,1908.15,2074.75
4242,2021-02-16 11:01:00,2066.1,2066.1,2066.1,2066.1,25,375,2066.1,1908.15,2074.75
4243,2021-02-16 11:02:00,2066.1,2066.1,2066.1,2066.1,25,375,2066.1,1908.15,2074.75
4244,2021-02-16 11:03:00,2066.1,2066.1,2066.1,2066.1,25,375,2066.1,1908.15,2074.75
4245,2021-02-16 11:04:00,2066.1,2066.1,2066.1,2066.1,25,375,2066.1,1908.15,2074.75
4246,2021-02-16 11:05:00,2066.1,2066.1,2066.1,2066.1,25,375,2066.1,1908.15,2074.75
4247,2021-02-16 11:06:00,2066.1,2066.1,2066.1,2066.1,25,375,2066.1,1908.15,2074.75
4248,2021-02-16 11:07:00,2066.1,2066.1,2066.1,2066.1,25,375,2066.1,1908.15,2074.75
4249,2021-02-16 11:08:00,2066.1,2066.1,2066.1,2066.1,25,375,2066.1,1908.15,2074.75
4250,2021-02-16 11:09:00,2066.1,2066.1,2066.1,2066.1,25,375,2066.1,1908.15,2074.75
4251,2021-02-16 11:10:00,2066.1,2066.1,2066.1,2066.1,25,375,2066.1,1908.15,2074.75
4252,2021-02-16 11:11:00,2066.1,2066.1,2066.1,2066.1,25,375,2066.1,1908.15,2074.75
4253,2021-02-16 11:12:00,2066.1,2066.1,2066.1,2066.1,25,375,2066.1,1908.15,2074.75
4254,2021-02-16 11:13:00,2066.1,2066.1,2066.1,2066.1,25,375,2066.1,1908.15,2074.75
4255,2021-02-16 11:14:00,2066.1,2066.1,2066.1,2066.1,25,375,2066.1,1908.15,2074.75
4256,2021-02-16 11:15:00,2066.1,2066.1,2066.1,2066.1,25,375,2066.1,1908.15,2074.75
4257,2021-02-16 11:16:00,2066.1,2066.1,2066.1,2066.1,25,375,2066.1,1908.15,2074.75
4258,2021-02-16 11:17:00,2066.1,2066.1,2066.1,2066.1,25,375,2066.1,1908.15,2074.75
4259,2021-02-16 11:18:00,2066.1,2066.1,2066.1,2066.1,25,375,2066.1,1908.15,2074.75
4260,2021-02-16 11:19:00,2066.1,2066.1,2066.1,2066.1,25,375,2066.1,1908.15,2074.75
4261,2021-02-16 11:20:00,2066.1,2066.1,2066.1,2066.1,25,375,2066.1,1908.15,2074.75
4262,2021-02-16 11:21:00,2066.1,2066.1,2066.1,2066.1,25,375,2066.1,1908.15,2074.75
4263,2021-02-16 11:22:00,2066.1,2066.1,2066.1,2066.1,25,375,2066.1,1908.15,2074.75
4264,2021-02-16 11:23:00,2066.1,2066.1,2066.1,2066.1,25,375,2066.1,1908.15,2074.75
4265,2021-02-16 11:24:00,2066.1,2066.1,2066.1,2066.1,25,375,2066.1,1908.15,2074.75
4266,2021-02-16 11:25:00,2066.1,2066.1,2066.1,2066.1,25,375,2066.1,1908.15,2074.75
4267,2021-02-16 11:26:00,2066.1,2066.1,2066.1,2066.1,25,375,2066.1,1908.15,2074.75
4268,2021-02-16 11:27:00,2066.1,2066.1,2066.1,2066.1,25,375,2066.1,1908.15,2074.75
4269,2021-02-16 11:28:00,2066.1,2066.1,2066.1,2066.1,25,375,2066.1,1908.15,2074.75
4270,2021-02-16 11:29:00,2066.1,2066.1,2066.1,2066.1,25,375,2066.1,1908.15,2074.75
4271,2021-02-16 11:30:00,2066.1,2066.1,2066.1,2066.1,25,375,2066.1,1908.15,2074.75
4272,2021-02-16 11:31:00,2066.1,2066.1,2066.1,2066.1,25,375,2066.1,1908.15,2074.75
4273,2021-02-16 11:32:00,2066.1,2066.1,2066.1,2066.1,25,375,2066.1,1908.15,2074.75
4274,2021-02-16 11:33:00,2066.1,2066.1,2066.1,2066.1,25,375,2066.1,1908.15,2074.75
4275,2021-02-16 11:34:00,2066.1,2066.1,2066.1,2066.1,25,375,2066.1,1908.15,2074.75
4276,2021-02-16 11:35:00,2066.1,2066.1,2066.1,2066.1,25,375,2066.1,1908.15,2074.75
4277,2021-02-16 11:36:00,2066.1,2066.1,2066.1,2066.1,25,375,2066.1,1908.15,2074.75
4278,2021-02-16 11:37:00,2066.1,2066.1,2066.1,2066.1,25,375,2066.1,1908.15,2074.75
4279,2021-02-16 11:38:00,2066.1,2066.1,2066.1,2066.1,25,375,2066.1,1908.15,2074.75
4280,2021-02-16 11:39:00,2066.1,2066.1,2066.1,2066.1,25,375,2066.1,1908.15,2074.75
4281,2021-02-16 11:40:00,2066.1,2066.1,2066.1,2066.1,25,375,2066.1,1908.15,2074.75
4282,2021-02-16 11:41:00,2066.1,2066.1,2066.1,2066.1,25,375,2066.1,1908.15,2074.75
4283,2021-02-16 11:42:00,2066.1,2066.1,2066.1,2066.1,25,375,2066.1,1908.15,2074.75
4284,2021-02-16 11:43:00,2066.1,2066.1,2066.1,2066.1,25,375,2066.1,1908.15,2074.75
4285,2021-02-16 11:44:00,2066.1,2066.1,2066.1,2066.1,25,375,2066.1,1908.15,2074.75
4286,2021-02-16 11:45:00,2066.1,2066.1,2066.1,2066.1,25,375,2066.1,1908.15,2074.75
4287,2021-02-16 11:46:00,2066.1,2066.1,2066.1,2066.1,25,375,2066.1,1908.15,2074.75
4288,2021-02-16 11:47:00,2066.1,2066.1,2066.1,2066.1,25,375,2066.1,1908.15,2074.75
4289,2021-02-16 11:48:00,2066.1,2066.1,2066.1,2066.1,25,375,2066.1,1908.15,2074.75
4290,2021-02-16 11:49:00,2066.1,2066.1,2066.1,2066.1,25,375,2066.1,1908.15,2074.75
4291,2021-02-16 11:50:00,2066.1,2066.1,2066.1,2066.1,25,375,2066.1,1908.15,2074.75
4292,2021-02-16 11:51:00,2066.1,2066.1,2066.1,2066.1,25,375,2066.1,1908.15,2074.75
4293,2021-02-16 11:52:00,2066.1,2066.1,2066.1,2066.1,25,375,2066.1,1908.15,2074.75
4294,2021-02-16 11:53:00,2066.1,2066.1,2066.1,2066.1,25,375,2066.1,1908.15,2074.75
4295,2021-02-16 11:54:00,2066.1,2066.1,2066.1,2066.1,25,375,2066.1,1908.15,2074.75
4296,2021-02-16 11:55:00,2066.1,2066.1,2066.1,2066.1,25,375,2066.1,1908.15,2074.75
4297,2021-02-16 11:56:00,2066.1,2066.1,2066.1,2066.1,25,375,2066.1,1908.15,2074.75
4298,2021-02-16 11:57:00,2066.1,2066.1,2066.1,2066.1,25,375,2066.1,1908.15,2074.75
4299,2021-02-16 11:58:00,2066.1,2066.1,2066.1,2066.1,25,375,2066.1,1908.15,2074.75
4300,2021-02-16 11:59:00,2066.1,2066.1,2066.1,2066.1,25,375,2066.1,1908.15,2074.75
4301,2021-02-16 12:00:00,2066.1,2066.1,2066.1,2066.1,25,375,2066.1,1908.15,2074.75
4302,2021-02-16 12:01:00,2066.1,2066.1,2066.1,2066.1,25,375,2066.1,1908.15,2074.75
4303,2021-02-16 12:02:00,2066.1,2066.1,2066.1,2066.1,25,375,2066.1,1908.15,2074.75
4304,2021-02-16 12:03:00,2066.1,2066.1,2066.1,2066.1,25,375,2066.1,1908.15,2074.75
4305,2021-02-16 12:04:00,2066.1,2066.1,2066.1,2066.1,25,375,2066.1,1908.15,2074.75
4306,2021-02-16 12:05:00,2066.1,2066.1,2066.1,2066.1,25,375,2066.1,1908.15,2074.75
4307,2021-02-16 12:06:00,2066.1,2066.1,2066.1,2066.1,25,375,2066.1,1908.15,2074.75
4308,2021-02-16 12:07:00,2066.1,2066.1,2066.1,2066.1,25,375,2066.1,1908.15,2074.75
4309,2021-02-16 12:08:00,2066.1,2066.1,2066.1,2066.1,25,375,2066.1,1908.15,2074.75
4310,2021-02-16 12:09:00,2066.1,2066.1,2066.1,2066.1,25,375,2066.1,1908.15,2074.75
4311,2021-02-16 12:10:00,2066.1,2066.1,2066.1,2066.1,25,375,2066.1,1908.15,2074.75
4312,2021-02-16 12:11:00,2066.1,2066.1,2066.1,2066.1,25,375,2066.1,1908.15,2074.75
4313,2021-02-16 12:12:00,2066.1,2066.1,2066.1,2066.1,25,375,2066.1,1908.15,2074.75
4314,2021-02-16 12:13:00,2066.1,2066.1,2066.1,2066.1,25,375,2066.1,1908.15,2074.75
4315,2021-02-16 12:14:00,2066.1,2066.1,2066.1,2066.1,25,375,2066.1,1908.15,2074.75
4316,2021-02-16 12:15:00,2066.1,2066.1,2066.1,2066.1,25,375,2066.1,1908.15,2074.75
4317,2021-02-16 12:16:00,2066.1,2066.1,2066.1,2066.1,25,375,2066.1,1908.15,2074.75
4318,2021-02-16 12:17:00,2066.1,2066.1,2066.1,2066.1,25,375,2066.1,1908.15,2074.75
4319,2021-02-16 12:18:00,2066.1,2066.1,2066.1,2066.1,25,375,2066.1,1908.15,2074.75
4320,2021-02-16 12:19:00,2066.1,2066.1,2066.1,2066.1,25,375,2066.1,1908.15,2074.75
4321,2021-02-16 12:20:00,2066.1,2066.1,2066.1,2066.1,25,375,2066.1,1908.15,2074.75
4322,2021-02-16 12:21:00,2066.1,2066.1,2066.1,2066.1,25,375,2066.1,1908.15,2074.75
4323,2021-02-16 12:22:00,1762.9,1762.9,1762.9,1762.9,25,400,1914.5,1687.15,1750.3
4324,2021-02-16 12:23:00,1704.6,1704.6,1704.6,1704.6,25,400,1844.53,1659.25,1726.25
4325,2021-02-16 12:24:00,1704.6,1704.6,1704.6,1704.6,25,400,1844.53,1659.25,1726.25
4326,2021-02-16 12:25:00,1704.6,1704.6,1704.6,1704.6,25,400,1844.53,1659.25,1726.25
4327,2021-02-16 12:26:00,1704.6,1704.6,1704.6,1704.6,25,400,1844.53,1659.25,1726.25
4328,2021-02-16 12:27:00,1704.6,1704.6,1704.6,1704.6,25,400,1844.53,1659.25,1726.25
4329,2021-02-16 12:28:00,1704.6,1704.6,1704.6,1704.6,25,400,1844.53,1659.25,1726.25
4330,2021-02-16 12:29:00,1704.6,1704.6,1704.6,1704.6,25,400,1844.53,1659.25,1726.25
4331,2021-02-16 12:30:00,1704.6,1704.6,1704.6,1704.6,25,400,1844.53,1659.25,1726.25
4332,2021-02-16 12:31:00,1704.6,1704.6,1704.6,1704.6,25,400,1844.53,1659.25,1726.25
4333,2021-02-16 12:32:00,1704.6,1704.6,1704.6,1704.6,25,400,1844.53,1659.25,1726.25
4334,2021-02-16 12:33:00,1704.6,1704.6,1704.6,1704.6,25,400,1844.53,1659.25,1726.25
4335,2021-02-16 12:34:00,1704.6,1704.6,1704.6,1704.6,25,400,1844.53,1659.25,1726.25
4336,2021-02-16 12:35:00,1704.6,1704.6,1704.6,1704.6,25,400,1844.53,1659.25,1726.25
4337,2021-02-16 12:36:00,1704.6,1704.6,1704.6,1704.6,25,400,1844.53,1659.25,1726.25
4338,2021-02-16 12:37:00,1704.6,1704.6,1704.6,1704.6,25,400,1844.53,1659.25,1726.25
4339,2021-02-16 12:38:00,1704.6,1704.6,1704.6,1704.6,25,400,1844.53,1659.25,1726.25
4340,2021-02-16 12:39:00,1704.6,1704.6,1704.6,1704.6,25,400,1844.53,1659.25,1726.25
4341,2021-02-16 12:40:00,1704.6,1704.6,1704.6,1704.6,25,400,1844.53,1659.25,1726.25
4342,2021-02-16 12:41:00,1704.6,1704.6,1704.6,1704.6,25,400,1844.53,1659.25,1726.25
4343,2021-02-16 12:42:00,1704.6,1704.6,1704.6,1704.6,25,400,1844.53,1659.25,1726.25
4344,2021-02-16 12:43:00,1704.6,1704.6,1704.6,1704.6,25,400,1844.53,1659.25,1726.25
4345,2021-02-16 12:44:00,1704.6,1704.6,1704.6,1704.6,25,400,1844.53,1659.25,1726.25
4346,2021-02-16 12:45:00,1704.6,1704.6,1704.6,1704.6,25,400,1844.53,1659.25,1726.25
4347,2021-02-16 12:46:00,1704.6,1704.6,1704.6,1704.6,25,400,1844.53,1659.25,1726.25
4348,2021-02-16 12:47:00,1704.6,1704.6,1704.6,1704.6,25,400,1844.53,1659.25,1726.25
4349,2021-02-16 12:48:00,1704.6,1704.6,1704.6,1704.6,25,400,1844.53,1659.25,1726.25
4350,2021-02-16 12:49:00,1704.6,1704.6,1704.6,1704.6,25,400,1844.53,1659.25,1726.25
4351,2021-02-16 12:50:00,1704.6,1704.6,1704.6,1704.6,25,400,1844.53,1659.25,1726.25
4352,2021-02-16 12:51:00,1704.6,1704.6,1704.6,1704.6,25,400,1844.53,1659.25,1726.25
4353,2021-02-16 12:52:00,1704.6,1704.6,1704.6,1704.6,25,400,1844.53,1659.25,1726.25
4354,2021-02-16 12:53:00,1704.6,1704.6,1704.6,1704.6,25,400,1844.53,1659.25,1726.25
4355,2021-02-16 12:54:00,1704.6,1704.6,1704.6,1704.6,25,400,1844.53,1659.25,1726.25
4356,2021-02-16 12:55:00,1704.6,1704.6,1704.6,1704.6,25,400,1844.53,1659.25,1726.25
4357,2021-02-16 12:56:00,1704.6,1704.6,1704.6,1704.6,25,400,1844.53,1659.25,1726.25
4358,2021-02-16 12:57:00,1704.6,1704.6,1704.6,1704.6,25,400,1844.53,1659.25,1726.25
4359,2021-02-16 12:58:00,1704.6,1704.6,1704.6,1704.6,25,400,1844.53,1659.25,1726.25
4360,2021-02-16 12:59:00,1704.6,1704.6,1704.6,1704.6,25,400,1844.53,1659.25,1726.25
4361,2021-02-16 13:00:00,1704.6,1704.6,1704.6,1704.6,25,400,1844.53,1659.25,1726.25
4362,2021-02-16 13:01:00,1704.6,1704.6,1704.6,1704.6,25,400,1844.53,1659.25,1726.25
4363,2021-02-16 13:02:00,1704.6,1704.6,1704.6,1704.6,25,400,1844.53,1659.25,1726.25
4364,2021-02-16 13:03:00,1704.6,1704.6,1704.6,1704.6,25,400,1844.53,1659.25,1726.25
4365,2021-02-16 13:04:00,1704.6,1704.6,1704.6,1704.6,25,400,1844.53,1659.25,1726.25
4366,2021-02-16 13:05:00,1704.6,1704.6,1704.6,1704.6,25,400,1844.53,1659.25,1726.25
4367,2021-02-16 13:06:00,1704.6,1704.6,1704.6,1704.6,25,400,1844.53,1659.25,1726.25
4368,2021-02-16 13:07:00,1704.6,1704.6,1704.6,1704.6,25,400,1844.53,1659.25,1726.25
4369,2021-02-16 13:08:00,1704.6,1704.6,1704.6,1704.6,25,400,1844.53,1659.25,1726.25
4370,2021-02-16 13:09:00,1704.6,1704.6,1704.6,1704.6,25,400,1844.53,1659.25,1726.25
4371,2021-02-16 13:10:00,1704.6,1704.6,1704.6,1704.6,25,400,1844.53,1659.25,1726.25
4372,2021-02-16 13:11:00,1704.6,1704.6,1704.6,1704.6,25,400,1844.53,1659.25,1726.25
4373,2021-02-16 13:12:00,1704.6,1704.6,1704.6,1704.6,25,400,1844.53,1659.25,1726.25
4374,2021-02-16 13:13:00,1704.6,1704.6,1704.6,1704.6,25,400,1844.53,1659.25,1726.25
4375,2021-02-16 13:14:00,1704.6,1704.6,1704.6,1704.6,25,400,1844.53,1659.25,1726.25
4376,2021-02-16 13:15:00,1704.6,1704.6,1704.6,1704.6,25,400,1844.53,1659.25,1726.25
4377,2021-02-16 13:16:00,1704.6,1704.6,1704.6,1704.6,25,400,1844.53,1659.25,1726.25
4378,2021-02-16 13:17:00,1704.6,1704.6,1704.6,1704.6,25,400,1844.53,1659.25,1726.25
4379,2021-02-16 13:18:00,1704.6,1704.6,1704.6,1704.6,25,400,1844.53,1659.25,1726.25
4380,2021-02-16 13:19:00,1704.6,1704.6,1704.6,1704.6,25,400,1844.53,1659.25,1726.25
4381,2021-02-16 13:20:00,1704.6,1704.6,1704.6,1704.6,25,400,1844.53,1659.25,1726.25
4382,2021-02-16 13:21:00,1704.6,1704.6,1704.6,1704.6,25,400,1844.53,1659.25,1726.25
4383,2021-02-16 13:22:00,1704.6,1704.6,1704.6,1704.6,25,400,1844.53,1659.25,1726.25
4384,2021-02-16 13:23:00,1704.6,1704.6,1704.6,1704.6,25,400,1844.53,1659.25,1726.25
4385,2021-02-16 13:24:00,1704.6,1704.6,1704.6,1704.6,25,400,1844.53,1659.25,1726.25
4386,2021-02-16 13:25:00,1704.6,1704.6,1704.6,1704.6,25,400,1844.53,1659.25,1726.25
4387,2021-02-16 13:26:00,1704.6,1704.6,1704.6,1704.6,25,400,1844.53,1659.25,1726.25
4388,2021-02-16 13:27:00,1704.6,1704.6,1704.6,1704.6,25,400,1844.53,1659.25,1726.25
4389,2021-02-16 13:28:00,1704.6,1704.6,1704.6,1704.6,25,400,1844.53,1659.25,1726.25
4390,2021-02-16 13:29:00,1704.6,1704.6,1704.6,1704.6,25,400,1844.53,1659.25,1726.25
4391,2021-02-16 13:30:00,1704.6,1704.6,1704.6,1704.6,25,400,1844.53,1659.25,1726.25
4392,2021-02-16 13:31:00,1704.6,1704.6,1704.6,1704.6,25,400,1844.53,1659.25,1726.25
4393,2021-02-16 13:32:00,1704.6,1704.6,1704.6,1704.6,25,400,1844.53,1659.25,1726.25
4394,2021-02-16 13:33:00,1704.6,1704.6,1704.6,1704.6,25,400,1844.53,1659.25,1726.25
4395,2021-02-16 13:34:00,1704.6,1704.6,1704.6,1704.6,25,400,1844.53,1659.25,1726.25
4396,2021-02-16 13:35:00,1704.6,1704.6,1704.6,1704.6,25,400,1844.53,1659.25,1726.25
4397,2021-02-16 13:36:00,1704.6,1704.6,1704.6,1704.6,25,400,1844.53,1659.25,1726.25
4398,2021-02-16 13:37:00,1704.6,1704.6,1704.6,1704.6,25,400,1844.53,1659.25,1726.25
4399,2021-02-16 13:38:00,1704.6,1704.6,1704.6,1704.6,25,400,1844.53,1659.25,1726.25
4400,2021-02-16 13:39:00,1704.6,1704.6,1704.6,1704.6,25,400,1844.53,1659.25,1726.25
4401,2021-02-16 13:40:00,1704.6,1704.6,1704.6,1704.6,25,400,1844.53,1659.25,1726.25
4402,2021-02-16 13:41:00,1704.6,1704.6,1704.6,1704.6,25,400,1844.53,1659.25,1726.25
4403,2021-02-16 13:42:00,1704.6,1704.6,1704.6,1704.6,25,400,1844.53,1659.25,1726.25
4404,2021-02-16 13:43:00,1704.6,1704.6,1704.6,1704.6,25,400,1844.53,1659.25,1726.25
4405,2021-02-16 13:44:00,1704.6,1704.6,1704.6,1704.6,25,400,1844.53,1659.25,1726.25
4406,2021-02-16 13:45:00,1704.6,1704.6,1704.6,1704.6,25,400,1844.53,1659.25,1726.25
4407,2021-02-16 13:46:00,1704.6,1704.6,1704.6,1704.6,25,400,1844.53,1659.25,1726.25
4408,2021-02-16 13:47:00,1704.6,1704.6,1704.6,1704.6,25,400,1844.53,1659.25,1726.25
4409,2021-02-16 13:48:00,1704.6,1704.6,1704.6,1704.6,25,400,1844.53,1659.25,1726.25
4410,2021-02-16 13:49:00,1704.6,1704.6,1704.6,1704.6,25,400,1844.53,1659.25,1726.25
4411,2021-02-16 13:50:00,1704.6,1704.6,1704.6,1704.6,25,400,1844.53,1659.25,1726.25
4412,2021-02-16 13:51:00,1704.6,1704.6,1704.6,1704.6,25,400,1844.53,1659.25,1726.25
4413,2021-02-16 13:52:00,1704.6,1704.6,1704.6,1704.6,25,400,1844.53,1659.25,1726.25
4414,2021-02-16 13:53:00,1704.6,1704.6,1704.6,1704.6,25,400,1844.53,1659.25,1726.25
4415,2021-02-16 13:54:00,1704.6,1704.6,1704.6,1704.6,25,400,1844.53,1659.25,1726.25
4416,2021-02-16 13:55:00,1704.6,1704.6,1704.6,1704.6,25,400,1844.53,1659.25,1726.25
4417,2021-02-16 13:56:00,1704.6,1704.6,1704.6,1704.6,25,400,1844.53,1659.25,1726.25
4418,2021-02-16 13:57:00,1704.6,1704.6,1704.6,1704.6,25,400,1844.53,1659.25,1726.25
4419,2021-02-16 13:58:00,1704.6,1704.6,1704.6,1704.6,25,400,1844.53,1659.25,1726.25
4420,2021-02-16 13:59:00,1704.6,1704.6,1704.6,1704.6,25,400,1844.53,1659.25,1726.25
4421,2021-02-16 14:00:00,1704.6,1704.6,1704.6,1704.6,25,400,1844.53,1659.25,1726.25
4422,2021-02-16 14:01:00,1704.6,1704.6,1704.6,1704.6,25,400,1844.53,1659.25,1726.25
4423,2021-02-16 14:02:00,1704.6,1704.6,1704.6,1704.6,25,400,1844.53,1659.25,1726.25
4424,2021-02-16 14:03:00,1704.6,1704.6,1704.6,1704.6,25,400,1844.53,1659.25,1726.25
4425,2021-02-16 14:04:00,1704.6,1704.6,1704.6,1704.6,25,400,1844.53,1659.25,1726.25
4426,2021-02-16 14:05:00,1704.6,1704.6,1704.6,1704.6,25,400,1844.53,1659.25,1726.25
4427,2021-02-16 14:06:00,1704.6,1704.6,1704.6,1704.6,25,400,1844.53,1659.25,1726.25
4428,2021-02-16 14:07:00,1704.6,1704.6,1704.6,1704.6,25,400,1844.53,1659.25,1726.25
4429,2021-02-16 14:08:00,1704.6,1704.6,1704.6,1704.6,25,400,1844.53,1659.25,1726.25
4430,2021-02-16 14:09:00,1704.6,1704.6,1704.6,1704.6,25,400,1844.53,1659.25,1726.25
4431,2021-02-16 14:10:00,1704.6,1704.6,1704.6,1704.6,25,400,1844.53,1659.25,1726.25
4432,2021-02-16 14:11:00,1704.6,1704.6,1704.6,1704.6,25,400,1844.53,1659.25,1726.25
4433,2021-02-16 14:12:00,1704.6,1704.6,1704.6,1704.6,25,400,1844.53,1659.25,1726.25
4434,2021-02-16 14:13:00,1704.6,1704.6,1704.6,1704.6,25,400,1844.53,1659.25,1726.25
4435,2021-02-16 14:14:00,1704.6,1704.6,1704.6,1704.6,25,400,1844.53,1659.25,1726.25
4436,2021-02-16 14:15:00,1704.6,1704.6,1704.6,1704.6,25,400,1844.53,1659.25,1726.25
4437,2021-02-16 14:16:00,1704.6,1704.6,1704.6,1704.6,25,400,1844.53,1659.25,1726.25
4438,2021-02-16 14:17:00,1704.6,1704.6,1704.6,1704.6,25,400,1844.53,1659.25,1726.25
4439,2021-02-16 14:18:00,1704.6,1704.6,1704.6,1704.6,25,400,1844.53,1659.25,1726.25
4440,2021-02-16 14:19:00,1704.6,1704.6,1704.6,1704.6,25,400,1844.53,1659.25,1726.25
4441,2021-02-16 14:20:00,1704.6,1704.6,1704.6,1704.6,25,400,1844.53,1659.25,1726.25
4442,2021-02-16 14:21:00,1704.6,1704.6,1704.6,1704.6,25,400,1844.53,1659.25,1726.25
4443,2021-02-16 14:22:00,1704.6,1704.6,1704.6,1704.6,25,400,1844.53,1659.25,1726.25
4444,2021-02-16 14:23:00,1704.6,1704.6,1704.6,1704.6,25,400,1844.53,1659.25,1726.25
4445,2021-02-16 14:24:00,1704.6,1704.6,1704.6,1704.6,25,400,1844.53,1659.25,1726.25
4446,2021-02-16 14:25:00,1704.6,1704.6,1704.6,1704.6,25,400,1844.53,1659.25,1726.25
4447,2021-02-16 14:26:00,1704.6,1704.6,1704.6,1704.6,25,400,1844.53,1659.25,1726.25
4448,2021-02-16 14:27:00,1704.6,1704.6,1704.6,1704.6,25,400,1844.53,1659.25,1726.25
4449,2021-02-16 14:28:00,1704.6,1704.6,1704.6,1704.6,25,400,1844.53,1659.25,1726.25
4450,2021-02-16 14:29:00,1704.6,1704.6,1704.6,1704.6,25,400,1844.53,1659.25,1726.25
4451,2021-02-16 14:30:00,1704.6,1704.6,1704.6,1704.6,25,400,1844.53,1659.25,1726.25
4452,2021-02-16 14:31:00,1704.6,1704.6,1704.6,1704.6,25,400,1844.53,1659.25,1726.25
4453,2021-02-16 14:32:00,1704.6,1704.6,1704.6,1704.6,25,400,1844.53,1659.25,1726.25
4454,2021-02-16 14:33:00,1704.6,1704.6,1704.6,1704.6,25,400,1844.53,1659.25,1726.25
4455,2021-02-16 14:34:00,1704.6,1704.6,1704.6,1704.6,25,400,1844.53,1659.25,1726.25
4456,2021-02-16 14:35:00,1704.6,1704.6,1704.6,1704.6,25,400,1844.53,1659.25,1726.25
4457,2021-02-16 14:36:00,1704.6,1704.6,1704.6,1704.6,25,400,1844.53,1659.25,1726.25
4458,2021-02-16 14:37:00,1704.6,1704.6,1704.6,1704.6,25,400,1844.53,1659.25,1726.25
4459,2021-02-16 14:38:00,1704.6,1704.6,1704.6,1704.6,25,400,1844.53,1659.25,1726.25
4460,2021-02-16 14:39:00,1704.6,1704.6,1704.6,1704.6,25,400,1844.53,1659.25,1726.25
4461,2021-02-16 14:40:00,1704.6,1704.6,1704.6,1704.6,25,400,1844.53,1659.25,1726.25
4462,2021-02-16 14:41:00,1704.6,1704.6,1704.6,1704.6,25,400,1844.53,1659.25,1726.25
4463,2021-02-16 14:42:00,1704.6,1704.6,1704.6,1704.6,25,400,1844.53,1659.25,1726.25
4464,2021-02-16 14:43:00,1704.6,1704.6,1704.6,1704.6,25,400,1844.53,1659.25,1726.25
4465,2021-02-16 14:44:00,1704.6,1704.6,1704.6,1704.6,25,400,1844.53,1659.25,1726.25
4466,2021-02-16 14:45:00,1704.6,1704.6,1704.6,1704.6,25,400,1844.53,1659.25,1726.25
4467,2021-02-16 14:46:00,1704.6,1704.6,1704.6,1704.6,25,400,1844.53,1659.25,1726.25
4468,2021-02-16 14:47:00,1704.6,1704.6,1704.6,1704.6,25,400,1844.53,1659.25,1726.25
4469,2021-02-16 14:48:00,1704.6,1704.6,1704.6,1704.6,25,400,1844.53,1659.25,1726.25
4470,2021-02-16 14:49:00,1704.6,1704.6,1704.6,1704.6,25,400,1844.53,1659.25,1726.25
4471,2021-02-16 14:50:00,1704.6,1704.6,1704.6,1704.6,25,400,1844.53,1659.25,1726.25
4472,2021-02-16 14:51:00,1704.6,1704.6,1704.6,1704.6,25,400,1844.53,1659.25,1726.25
4473,2021-02-16 14:52:00,1704.6,1704.6,1704.6,1704.6,25,400,1844.53,1659.25,1726.25
4474,2021-02-16 14:53:00,1704.6,1704.6,1704.6,1704.6,25,400,1844.53,1659.25,1726.25
4475,2021-02-16 14:54:00,1704.6,1704.6,1704.6,1704.6,25,400,1844.53,1659.25,1726.25
4476,2021-02-16 14:55:00,1704.6,1704.6,1704.6,1704.6,25,400,1844.53,1659.25,1726.25
4477,2021-02-16 14:56:00,1704.6,1704.6,1704.6,1704.6,25,400,1844.53,1659.25,1726.25
4478,2021-02-16 14:57:00,1704.6,1704.6,1704.6,1704.6,25,400,1844.53,1659.25,1726.25
4479,2021-02-16 14:58:00,1704.6,1704.6,1704.6,1704.6,25,400,1844.53,1659.25,1726.25
4480,2021-02-16 14:59:00,1704.6,1704.6,1704.6,1704.6,25,400,1844.53,1659.25,1726.25
4481,2021-02-16 15:00:00,1704.6,1704.6,1704.6,1704.6,25,400,1844.53,1659.25,1726.25
4482,2021-02-16 15:01:00,1704.6,1704.6,1704.6,1704.6,25,400,1844.53,1659.25,1726.25
4483,2021-02-16 15:02:00,1704.6,1704.6,1704.6,1704.6,25,400,1844.53,1659.25,1726.25
4484,2021-02-16 15:03:00,1704.6,1704.6,1704.6,1704.6,25,400,1844.53,1659.25,1726.25
4485,2021-02-16 15:04:00,1704.6,1704.6,1704.6,1704.6,25,400,1844.53,1659.25,1726.25
4486,2021-02-16 15:05:00,1704.6,1704.6,1704.6,1704.6,25,400,1844.53,1659.25,1726.25
4487,2021-02-16 15:06:00,1704.6,1704.6,1704.6,1704.6,25,400,1844.53,1659.25,1726.25
4488,2021-02-16 15:07:00,1704.6,1704.6,1704.6,1704.6,25,400,1844.53,1659.25,1726.25
4489,2021-02-16 15:08:00,1704.6,1704.6,1704.6,1704.6,25,400,1844.53,1659.25,1726.25
4490,2021-02-16 15:09:00,1704.6,1704.6,1704.6,1704.6,25,400,1844.53,1659.25,1726.25
4491,2021-02-16 15:10:00,1704.6,1704.6,1704.6,1704.6,25,400,1844.53,1659.25,1726.25
4492,2021-02-16 15:11:00,1704.6,1704.6,1704.6,1704.6,25,400,1844.53,1659.25,1726.25
4493,2021-02-16 15:12:00,1704.6,1704.6,1704.6,1704.6,25,400,1844.53,1659.25,1726.25
4494,2021-02-16 15:13:00,1704.6,1704.6,1704.6,1704.6,25,400,1844.53,1659.25,1726.25
4495,2021-02-16 15:14:00,1704.6,1704.6,1704.6,1704.6,25,400,1844.53,1659.25,1726.25
4496,2021-02-16 15:15:00,1704.6,1704.6,1704.6,1704.6,25,400,1844.53,1659.25,1726.25
4497,2021-02-16 15:16:00,1704.6,1704.6,1704.6,1704.6,25,400,1844.53,1659.25,1726.25
4498,2021-02-16 15:17:00,1704.6,1704.6,1704.6,1704.6,25,400,1844.53,1659.25,1726.25
4499,2021-02-16 15:18:00,1704.6,1704.6,1704.6,1704.6,25,400,1844.53,1659.25,1726.25
4500,2021-02-16 15:19:00,1704.6,1704.6,1704.6,1704.6,25,400,1844.53,1659.25,1726.25
4501,2021-02-16 15:20:00,1704.6,1704.6,1704.6,1704.6,25,400,1844.53,1659.25,1726.25
4502,2021-02-16 15:21:00,1704.6,1704.6,1704.6,1704.6,25,400,1844.53,1659.25,1726.25
4503,2021-02-16 15:22:00,1704.6,1704.6,1704.6,1704.6,25,400,1844.53,1659.25,1726.25
4504,2021-02-16 15:23:00,1704.6,1704.6,1704.6,1704.6,25,400,1844.53,1659.25,1726.25
4505,2021-02-16 15:24:00,1704.6,1704.6,1704.6,1704.6,25,400,1844.53,1659.25,1726.25
4506,2021-02-16 15:25:00,1704.6,1704.6,1704.6,1704.6,25,400,1844.53,1659.25,1726.25
4507,2021-02-16 15:26:00,1704.6,1704.6,1704.6,1704.6,25,400,1844.53,1659.25,1726.25
4508,2021-02-16 15:27:00,1704.6,1704.6,1704.6,1704.6,25,400,1844.53,1659.25,1726.25
4509,2021-02-16 15:28:00,1704.6,1704.6,1704.6,1704.6,25,400,1844.53,1659.25,1726.25
4510,2021-02-16 15:29:00,1704.6,1704.6,1704.6,1704.6,25,400,1844.53,1659.25,1726.25
4511,2021-02-16 15:30:00,1704.6,1704.6,1704.6,1704.6,25,400,1844.53,1659.25,1726.25
4512,2021-02-17 09:15:00,1704.6,1704.6,1704.6,1704.6,25,400,1844.53,1659.25,1726.25
4513,2021-02-17 09:16:00,1704.6,1704.6,1704.6,1704.6,25,400,1844.53,1659.25,1726.25
4514,2021-02-17 09:17:00,1704.6,1704.6,1704.6,1704.6,25,400,1844.53,1659.25,1726.25
4515,2021-02-17 09:18:00,1704.6,1704.6,1704.6,1704.6,25,400,1844.53,1659.25,1726.25
4516,2021-02-17 09:19:00,1704.6,1704.6,1704.6,1704.6,25,400,1844.53,1659.25,1726.25
4517,2021-02-17 09:20:00,1704.6,1704.6,1704.6,1704.6,25,400,1844.53,1659.25,1726.25
4518,2021-02-17 09:21:00,1704.6,1704.6,1704.6,1704.6,25,400,1844.53,1659.25,1726.25
4519,2021-02-17 09:22:00,1704.6,1704.6,1704.6,1704.6,25,400,1844.53,1659.25,1726.25
4520,2021-02-17 09:23:00,1704.6,1704.6,1704.6,1704.6,25,400,1844.53,1659.25,1726.25
4521,2021-02-17 09:24:00,1704.6,1704.6,1704.6,1704.6,25,400,1844.53,1659.25,1726.25
4522,2021-02-17 09:25:00,1704.6,1704.6,1704.6,1704.6,25,400,1844.53,1659.25,1726.25
4523,2021-02-17 09:26:00,1704.6,1704.6,1704.6,1704.6,25,400,1844.53,1659.25,1726.25
4524,2021-02-17 09:27:00,1704.6,1704.6,1704.6,1704.6,25,400,1844.53,1659.25,1726.25
4525,2021-02-17 09:28:00,1704.6,1704.6,1704.6,1704.6,25,400,1844.53,1659.25,1726.25
4526,2021-02-17 09:29:00,1704.6,1704.6,1704.6,1704.6,25,400,1844.53,1659.25,1726.25
4527,2021-02-17 09:30:00,1566.0,1566.0,1566.0,1566.0,25,400,1566.0,1526.35,1607.35
4528,2021-02-17 09:31:00,1566.0,1566.0,1566.0,1566.0,25,400,1566.0,1526.35,1607.35
4529,2021-02-17 09:32:00,1566.0,1566.0,1566.0,1566.0,25,400,1566.0,1526.35,1607.35
4530,2021-02-17 09:33:00,1566.0,1566.0,1566.0,1566.0,25,400,1566.0,1526.35,1607.35
4531,2021-02-17 09:34:00,1566.0,1566.0,1566.0,1566.0,25,400,1566.0,1526.35,1607.35
4532,2021-02-17 09:35:00,1566.0,1566.0,1566.0,1566.0,25,400,1566.0,1526.35,1607.35
4533,2021-02-17 09:36:00,1566.0,1566.0,1566.0,1566.0,25,400,1566.0,1526.35,1607.35
4534,2021-02-17 09:37:00,1566.0,1566.0,1566.0,1566.0,25,400,1566.0,1526.35,1607.35
4535,2021-02-17 09:38:00,1566.0,1566.0,1566.0,1566.0,25,400,1566.0,1526.35,1607.35
4536,2021-02-17 09:39:00,1566.0,1566.0,1566.0,1566.0,25,400,1566.0,1526.35,1607.35
4537,2021-02-17 09:40:00,1566.0,1566.0,1566.0,1566.0,25,400,1566.0,1526.35,1607.35
4538,2021-02-17 09:41:00,1566.0,1566.0,1566.0,1566.0,25,400,1566.0,1526.35,1607.35
4539,2021-02-17 09:42:00,1566.0,1566.0,1566.0,1566.0,25,400,1566.0,1526.35,1607.35
4540,2021-02-17 09:43:00,1566.0,1566.0,1566.0,1566.0,25,400,1566.0,1526.35,1607.35
4541,2021-02-17 09:44:00,1566.0,1566.0,1566.0,1566.0,25,400,1566.0,1526.35,1607.35
4542,2021-02-17 09:45:00,1566.0,1566.0,1566.0,1566.0,25,400,1566.0,1526.35,1607.35
4543,2021-02-17 09:46:00,1566.0,1566.0,1566.0,1566.0,25,400,1566.0,1526.35,1607.35
4544,2021-02-17 09:47:00,1566.0,1566.0,1566.0,1566.0,25,400,1566.0,1526.35,1607.35
4545,2021-02-17 09:48:00,1566.0,1566.0,1566.0,1566.0,25,400,1566.0,1526.35,1607.35
4546,2021-02-17 09:49:00,1566.0,1566.0,1566.0,1566.0,25,400,1566.0,1526.35,1607.35
4547,2021-02-17 09:50:00,1566.0,1566.0,1566.0,1566.0,25,400,1566.0,1526.35,1607.35
4548,2021-02-17 09:51:00,1566.0,1566.0,1566.0,1566.0,25,400,1566.0,1526.35,1607.35
4549,2021-02-17 09:52:00,1566.0,1566.0,1566.0,1566.0,25,400,1566.0,1526.35,1607.35
4550,2021-02-17 09:53:00,1566.0,1566.0,1566.0,1566.0,25,400,1566.0,1526.35,1607.35
4551,2021-02-17 09:54:00,1566.0,1566.0,1566.0,1566.0,25,400,1566.0,1526.35,1607.35
4552,2021-02-17 09:55:00,1566.0,1566.0,1566.0,1566.0,25,400,1566.0,1526.35,1607.35
4553,2021-02-17 09:56:00,1566.0,1566.0,1566.0,1566.0,25,400,1566.0,1526.35,1607.35
4554,2021-02-17 09:57:00,1566.0,1566.0,1566.0,1566.0,25,400,1566.0,1526.35,1607.35
4555,2021-02-17 09:58:00,1566.0,1566.0,1566.0,1566.0,25,400,1566.0,1526.35,1607.35
4556,2021-02-17 09:59:00,1566.0,1566.0,1566.0,1566.0,25,400,1566.0,1526.35,1607.35
4557,2021-02-17 10:00:00,1566.0,1566.0,1566.0,1566.0,25,400,1566.0,1526.35,1607.35
4558,2021-02-17 10:01:00,1566.0,1566.0,1566.0,1566.0,25,400,1566.0,1526.35,1607.35
4559,2021-02-17 10:02:00,1566.0,1566.0,1566.0,1566.0,25,400,1566.0,1526.35,1607.35
4560,2021-02-17 10:03:00,1566.0,1566.0,1566.0,1566.0,25,400,1566.0,1526.35,1607.35
4561,2021-02-17 10:04:00,1566.0,1566.0,1566.0,1566.0,25,400,1566.0,1526.35,1607.35
4562,2021-02-17 10:05:00,1566.0,1566.0,1566.0,1566.0,25,400,1566.0,1526.35,1607.35
4563,2021-02-17 10:06:00,1566.0,1566.0,1566.0,1566.0,25,400,1566.0,1526.35,1607.35
4564,2021-02-17 10:07:00,1566.0,1566.0,1566.0,1566.0,25,400,1566.0,1526.35,1607.35
4565,2021-02-17 10:08:00,1566.0,1566.0,1566.0,1566.0,25,400,1566.0,1526.35,1607.35
4566,2021-02-17 10:09:00,1566.0,1566.0,1566.0,1566.0,25,400,1566.0,1526.35,1607.35
4567,2021-02-17 10:10:00,1566.0,1566.0,1566.0,1566.0,25,400,1566.0,1526.35,1607.35
4568,2021-02-17 10:11:00,1566.0,1566.0,1566.0,1566.0,25,400,1566.0,1526.35,1607.35
4569,2021-02-17 10:12:00,1566.0,1566.0,1566.0,1566.0,25,400,1566.0,1526.35,1607.35
4570,2021-02-17 10:13:00,1566.0,1566.0,1566.0,1566.0,25,400,1566.0,1526.35,1607.35
4571,2021-02-17 10:14:00,1566.0,1566.0,1566.0,1566.0,25,400,1566.0,1526.35,1607.35
4572,2021-02-17 10:15:00,1566.0,1566.0,1566.0,1566.0,25,400,1566.0,1526.35,1607.35
4573,2021-02-17 10:16:00,1566.0,1566.0,1566.0,1566.0,25,400,1566.0,1526.35,1607.35
4574,2021-02-17 10:17:00,1566.0,1566.0,1566.0,1566.0,25,400,1566.0,1526.35,1607.35
4575,2021-02-17 10:18:00,1566.0,1566.0,1566.0,1566.0,25,400,1566.0,1526.35,1607.35
4576,2021-02-17 10:19:00,1566.0,1566.0,1566.0,1566.0,25,400,1566.0,1526.35,1607.35
4577,2021-02-17 10:20:00,1566.0,1566.0,1566.0,1566.0,25,400,1566.0,1526.35,1607.35
4578,2021-02-17 10:21:00,1566.0,1566.0,1566.0,1566.0,25,400,1566.0,1526.35,1607.35
4579,2021-02-17 10:22:00,1566.0,1566.0,1566.0,1566.0,25,400,1566.0,1526.35,1607.35
4580,2021-02-17 10:23:00,1566.0,1566.0,1566.0,1566.0,25,400,1566.0,1526.35,1607.35
4581,2021-02-17 10:24:00,1566.0,1566.0,1566.0,1566.0,25,400,1566.0,1526.35,1607.35
4582,2021-02-17 10:25:00,1566.0,1566.0,1566.0,1566.0,25,400,1566.0,1526.35,1607.35
4583,2021-02-17 10:26:00,1566.0,1566.0,1566.0,1566.0,25,400,1566.0,1526.35,1607.35
4584,2021-02-17 10:27:00,1566.0,1566.0,1566.0,1566.0,25,400,1566.0,1526.35,1607.35
4585,2021-02-17 10:28:00,1566.0,1566.0,1566.0,1566.0,25,400,1566.0,1526.35,1607.35
4586,2021-02-17 10:29:00,1566.0,1566.0,1566.0,1566.0,25,400,1566.0,1526.35,1607.35
4587,2021-02-17 10:30:00,1566.0,1566.0,1566.0,1566.0,25,400,1566.0,1526.35,1607.35
4588,2021-02-17 10:31:00,1566.0,1566.0,1566.0,1566.0,25,400,1566.0,1526.35,1607.35
4589,2021-02-17 10:32:00,1566.0,1566.0,1566.0,1566.0,25,400,1566.0,1526.35,1607.35
4590,2021-02-17 10:33:00,1566.0,1566.0,1566.0,1566.0,25,400,1566.0,1526.35,1607.35
4591,2021-02-17 10:34:00,1566.0,1566.0,1566.0,1566.0,25,400,1566.0,1526.35,1607.35
4592,2021-02-17 10:35:00,1566.0,1566.0,1566.0,1566.0,25,400,1566.0,1526.35,1607.35
4593,2021-02-17 10:36:00,1566.0,1566.0,1566.0,1566.0,25,400,1566.0,1526.35,1607.35
4594,2021-02-17 10:37:00,1566.0,1566.0,1566.0,1566.0,25,400,1566.0,1526.35,1607.35
4595,2021-02-17 10:38:00,1566.0,1566.0,1566.0,1566.0,25,400,1566.0,1526.35,1607.35
4596,2021-02-17 10:39:00,1566.0,1566.0,1566.0,1566.0,25,400,1566.0,1526.35,1607.35
4597,2021-02-17 10:40:00,1566.0,1566.0,1566.0,1566.0,25,400,1566.0,1526.35,1607.35
4598,2021-02-17 10:41:00,1566.0,1566.0,1566.0,1566.0,25,400,1566.0,1526.35,1607.35
4599,2021-02-17 10:42:00,1566.0,1566.0,1566.0,1566.0,25,400,1566.0,1526.35,1607.35
4600,2021-02-17 10:43:00,1566.0,1566.0,1566.0,1566.0,25,400,1566.0,1526.35,1607.35
4601,2021-02-17 10:44:00,1566.0,1566.0,1566.0,1566.0,25,400,1566.0,1526.35,1607.35
4602,2021-02-17 10:45:00,1566.0,1566.0,1566.0,1566.0,25,400,1566.0,1526.35,1607.35
4603,2021-02-17 10:46:00,1566.0,1566.0,1566.0,1566.0,25,400,1566.0,1526.35,1607.35
4604,2021-02-17 10:47:00,1566.0,1566.0,1566.0,1566.0,25,400,1566.0,1526.35,1607.35
4605,2021-02-17 10:48:00,1566.0,1566.0,1566.0,1566.0,25,400,1566.0,1526.35,1607.35
4606,2021-02-17 10:49:00,1566.0,1566.0,1566.0,1566.0,25,400,1566.0,1526.35,1607.35
4607,2021-02-17 10:50:00,1566.0,1566.0,1566.0,1566.0,25,400,1566.0,1526.35,1607.35
4608,2021-02-17 10:51:00,1566.0,1566.0,1566.0,1566.0,25,400,1566.0,1526.35,1607.35
4609,2021-02-17 10:52:00,1566.0,1566.0,1566.0,1566.0,25,400,1566.0,1526.35,1607.35
4610,2021-02-17 10:53:00,1566.0,1566.0,1566.0,1566.0,25,400,1566.0,1526.35,1607.35
4611,2021-02-17 10:54:00,1566.0,1566.0,1566.0,1566.0,25,400,1566.0,1526.35,1607.35
4612,2021-02-17 10:55:00,1566.0,1566.0,1566.0,1566.0,25,400,1566.0,1526.35,1607.35
4613,2021-02-17 10:56:00,1566.0,1566.0,1566.0,1566.0,25,400,1566.0,1526.35,1607.35
4614,2021-02-17 10:57:00,1566.0,1566.0,1566.0,1566.0,25,400,1566.0,1526.35,1607.35
4615,2021-02-17 10:58:00,1566.0,1566.0,1566.0,1566.0,25,400,1566.0,1526.35,1607.35
4616,2021-02-17 10:59:00,1566.0,1566.0,1566.0,1566.0,25,400,1566.0,1526.35,1607.35
4617,2021-02-17 11:00:00,1566.0,1566.0,1566.0,1566.0,25,400,1566.0,1526.35,1607.35
4618,2021-02-17 11:01:00,1566.0,1566.0,1566.0,1566.0,25,400,1566.0,1526.35,1607.35
4619,2021-02-17 11:02:00,1566.0,1566.0,1566.0,1566.0,25,400,1566.0,1526.35,1607.35
4620,2021-02-17 11:03:00,1566.0,1566.0,1566.0,1566.0,25,400,1566.0,1526.35,1607.35
4621,2021-02-17 11:04:00,1566.0,1566.0,1566.0,1566.0,25,400,1566.0,1526.35,1607.35
4622,2021-02-17 11:05:00,1566.0,1566.0,1566.0,1566.0,25,400,1566.0,1526.35,1607.35
4623,2021-02-17 11:06:00,1566.0,1566.0,1566.0,1566.0,25,400,1566.0,1526.35,1607.35
4624,2021-02-17 11:07:00,1566.0,1566.0,1566.0,1566.0,25,400,1566.0,1526.35,1607.35
4625,2021-02-17 11:08:00,1566.0,1566.0,1566.0,1566.0,25,400,1566.0,1526.35,1607.35
4626,2021-02-17 11:09:00,1566.0,1566.0,1566.0,1566.0,25,400,1566.0,1526.35,1607.35
4627,2021-02-17 11:10:00,1566.0,1566.0,1566.0,1566.0,25,400,1566.0,1526.35,1607.35
4628,2021-02-17 11:11:00,1566.0,1566.0,1566.0,1566.0,25,400,1566.0,1526.35,1607.35
4629,2021-02-17 11:12:00,1566.0,1566.0,1566.0,1566.0,25,400,1566.0,1526.35,1607.35
4630,2021-02-17 11:13:00,1566.0,1566.0,1566.0,1566.0,25,400,1566.0,1526.35,1607.35
4631,2021-02-17 11:14:00,1566.0,1566.0,1566.0,1566.0,25,400,1566.0,1526.35,1607.35
4632,2021-02-17 11:15:00,1566.0,1566.0,1566.0,1566.0,25,400,1566.0,1526.35,1607.35
4633,2021-02-17 11:16:00,1566.0,1566.0,1566.0,1566.0,25,400,1566.0,1526.35,1607.35
4634,2021-02-17 11:17:00,1566.0,1566.0,1566.0,1566.0,25,400,1566.0,1526.35,1607.35
4635,2021-02-17 11:18:00,1566.0,1566.0,1566.0,1566.0,25,400,1566.0,1526.35,1607.35
4636,2021-02-17 11:19:00,1566.0,1566.0,1566.0,1566.0,25,400,1566.0,1526.35,1607.35
4637,2021-02-17 11:20:00,1566.0,1566.0,1566.0,1566.0,25,400,1566.0,1526.35,1607.35
4638,2021-02-17 11:21:00,1566.0,1566.0,1566.0,1566.0,25,400,1566.0,1526.35,1607.35
4639,2021-02-17 11:22:00,1566.0,1566.0,1566.0,1566.0,25,400,1566.0,1526.35,1607.35
4640,2021-02-17 11:23:00,1566.0,1566.0,1566.0,1566.0,25,400,1566.0,1526.35,1607.35
4641,2021-02-17 11:24:00,1566.0,1566.0,1566.0,1566.0,25,400,1566.0,1526.35,1607.35
4642,2021-02-17 11:25:00,1566.0,1566.0,1566.0,1566.0,25,400,1566.0,1526.35,1607.35
4643,2021-02-17 11:26:00,1566.0,1566.0,1566.0,1566.0,25,400,1566.0,1526.35,1607.35
4644,2021-02-17 11:27:00,1566.0,1566.0,1566.0,1566.0,25,400,1566.0,1526.35,1607.35
4645,2021-02-17 11:28:00,1566.0,1566.0,1566.0,1566.0,25,400,1566.0,1526.35,1607.35
4646,2021-02-17 11:29:00,1566.0,1566.0,1566.0,1566.0,25,400,1566.0,1526.35,1607.35
4647,2021-02-17 11:30:00,1566.0,1566.0,1566.0,1566.0,25,400,1566.0,1526.35,1607.35
4648,2021-02-17 11:31:00,1566.0,1566.0,1566.0,1566.0,25,400,1566.0,1526.35,1607.35
4649,2021-02-17 11:32:00,1566.0,1566.0,1566.0,1566.0,25,400,1566.0,1526.35,1607.35
4650,2021-02-17 11:33:00,1566.0,1566.0,1566.0,1566.0,25,400,1566.0,1526.35,1607.35
4651,2021-02-17 11:34:00,1566.0,1566.0,1566.0,1566.0,25,400,1566.0,1526.35,1607.35
4652,2021-02-17 11:35:00,1566.0,1566.0,1566.0,1566.0,25,400,1566.0,1526.35,1607.35
4653,2021-02-17 11:36:00,1566.0,1566.0,1566.0,1566.0,25,400,1566.0,1526.35,1607.35
4654,2021-02-17 11:37:00,1566.0,1566.0,1566.0,1566.0,25,400,1566.0,1526.35,1607.35
4655,2021-02-17 11:38:00,1566.0,1566.0,1566.0,1566.0,25,400,1566.0,1526.35,1607.35
4656,2021-02-17 11:39:00,1566.0,1566.0,1566.0,1566.0,25,400,1566.0,1526.35,1607.35
4657,2021-02-17 11:40:00,1566.0,1566.0,1566.0,1566.0,25,400,1566.0,1526.35,1607.35
4658,2021-02-17 11:41:00,1566.0,1566.0,1566.0,1566.0,25,400,1566.0,1526.35,1607.35
4659,2021-02-17 11:42:00,1566.0,1566.0,1566.0,1566.0,25,400,1566.0,1526.35,1607.35
4660,2021-02-17 11:43:00,1566.0,1566.0,1566.0,1566.0,25,400,1566.0,1526.35,1607.35
4661,2021-02-17 11:44:00,1566.0,1566.0,1566.0,1566.0,25,400,1566.0,1526.35,1607.35
4662,2021-02-17 11:45:00,1566.0,1566.0,1566.0,1566.0,25,400,1566.0,1526.35,1607.35
4663,2021-02-17 11:46:00,1566.0,1566.0,1566.0,1566.0,25,400,1566.0,1526.35,1607.35
4664,2021-02-17 11:47:00,1566.0,1566.0,1566.0,1566.0,25,400,1566.0,1526.35,1607.35
4665,2021-02-17 11:48:00,1566.0,1566.0,1566.0,1566.0,25,400,1566.0,1526.35,1607.35
4666,2021-02-17 11:49:00,1566.0,1566.0,1566.0,1566.0,25,400,1566.0,1526.35,1607.35
4667,2021-02-17 11:50:00,1566.0,1566.0,1566.0,1566.0,25,400,1566.0,1526.35,1607.35
4668,2021-02-17 11:51:00,1566.0,1566.0,1566.0,1566.0,25,400,1566.0,1526.35,1607.35
4669,2021-02-17 11:52:00,1566.0,1566.0,1566.0,1566.0,25,400,1566.0,1526.35,1607.35
4670,2021-02-17 11:53:00,1566.0,1566.0,1566.0,1566.0,25,400,1566.0,1526.35,1607.35
4671,2021-02-17 11:54:00,1566.0,1566.0,1566.0,1566.0,25,400,1566.0,1526.35,1607.35
4672,2021-02-17 11:55:00,1566.0,1566.0,1566.0,1566.0,25,400,1566.0,1526.35,1607.35
4673,2021-02-17 11:56:00,1566.0,1566.0,1566.0,1566.0,25,400,1566.0,1526.35,1607.35
4674,2021-02-17 11:57:00,1566.0,1566.0,1566.0,1566.0,25,400,1566.0,1526.35,1607.35
4675,2021-02-17 11:58:00,1566.0,1566.0,1566.0,1566.0,25,400,1566.0,1526.35,1607.35
4676,2021-02-17 11:59:00,1566.0,1566.0,1566.0,1566.0,25,400,1566.0,1526.35,1607.35
4677,2021-02-17 12:00:00,1566.0,1566.0,1566.0,1566.0,25,400,1566.0,1526.35,1607.35
4678,2021-02-17 12:01:00,1566.0,1566.0,1566.0,1566.0,25,400,1566.0,1526.35,1607.35
4679,2021-02-17 12:02:00,1566.0,1566.0,1566.0,1566.0,25,400,1566.0,1526.35,1607.35
4680,2021-02-17 12:03:00,1566.0,1566.0,1566.0,1566.0,25,400,1566.0,1526.35,1607.35
4681,2021-02-17 12:04:00,1566.0,1566.0,1566.0,1566.0,25,400,1566.0,1526.35,1607.35
4682,2021-02-17 12:05:00,1566.0,1566.0,1566.0,1566.0,25,400,1566.0,1526.35,1607.35
4683,2021-02-17 12:06:00,1566.0,1566.0,1566.0,1566.0,25,400,1566.0,1526.35,1607.35
4684,2021-02-17 12:07:00,1566.0,1566.0,1566.0,1566.0,25,400,1566.0,1526.35,1607.35
4685,2021-02-17 12:08:00,1566.0,1566.0,1566.0,1566.0,25,400,1566.0,1526.35,1607.35
4686,2021-02-17 12:09:00,1566.0,1566.0,1566.0,1566.0,25,400,1566.0,1526.35,1607.35
4687,2021-02-17 12:10:00,1566.0,1566.0,1566.0,1566.0,25,400,1566.0,1526.35,1607.35
4688,2021-02-17 12:11:00,1566.0,1566.0,1566.0,1566.0,25,400,1566.0,1526.35,1607.35
4689,2021-02-17 12:12:00,1566.0,1566.0,1566.0,1566.0,25,400,1566.0,1526.35,1607.35
4690,2021-02-17 12:13:00,1566.0,1566.0,1566.0,1566.0,25,400,1566.0,1526.35,1607.35
4691,2021-02-17 12:14:00,1566.0,1566.0,1566.0,1566.0,25,400,1566.0,1526.35,1607.35
4692,2021-02-17 12:15:00,1566.0,1566.0,1566.0,1566.0,25,400,1566.0,1526.35,1607.35
4693,2021-02-17 12:16:00,1566.0,1566.0,1566.0,1566.0,25,400,1566.0,1526.35,1607.35
4694,2021-02-17 12:17:00,1566.0,1566.0,1566.0,1566.0,25,400,1566.0,1526.35,1607.35
4695,2021-02-17 12:18:00,1566.0,1566.0,1566.0,1566.0,25,400,1566.0,1526.35,1607.35
4696,2021-02-17 12:19:00,1566.0,1566.0,1566.0,1566.0,25,400,1566.0,1526.35,1607.35
4697,2021-02-17 12:20:00,1566.0,1566.0,1566.0,1566.0,25,400,1566.0,1526.35,1607.35
4698,2021-02-17 12:21:00,1566.0,1566.0,1566.0,1566.0,25,400,1566.0,1526.35,1607.35
4699,2021-02-17 12:22:00,1566.0,1566.0,1566.0,1566.0,25,400,1566.0,1526.35,1607.35
4700,2021-02-17 12:23:00,1566.0,1566.0,1566.0,1566.0,25,400,1566.0,1526.35,1607.35
4701,2021-02-17 12:24:00,1566.0,1566.0,1566.0,1566.0,25,400,1566.0,1526.35,1607.35
4702,2021-02-17 12:25:00,1566.0,1566.0,1566.0,1566.0,25,400,1566.0,1526.35,1607.35
4703,2021-02-17 12:26:00,1566.0,1566.0,1566.0,1566.0,25,400,1566.0,1526.35,1607.35
4704,2021-02-17 12:27:00,1566.0,1566.0,1566.0,1566.0,25,400,1566.0,1526.35,1607.35
4705,2021-02-17 12:28:00,1566.0,1566.0,1566.0,1566.0,25,400,1566.0,1526.35,1607.35
4706,2021-02-17 12:29:00,1566.0,1566.0,1566.0,1566.0,25,400,1566.0,1526.35,1607.35
4707,2021-02-17 12:30:00,1566.0,1566.0,1566.0,1566.0,25,400,1566.0,1526.35,1607.35
4708,2021-02-17 12:31:00,1566.0,1566.0,1566.0,1566.0,25,400,1566.0,1526.35,1607.35
4709,2021-02-17 12:32:00,1566.0,1566.0,1566.0,1566.0,25,400,1566.0,1526.35,1607.35
4710,2021-02-17 12:33:00,1566.0,1566.0,1566.0,1566.0,25,400,1566.0,1526.35,1607.35
4711,2021-02-17 12:34:00,1566.0,1566.0,1566.0,1566.0,25,400,1566.0,1526.35,1607.35
4712,2021-02-17 12:35:00,1566.0,1566.0,1566.0,1566.0,25,400,1566.0,1526.35,1607.35
4713,2021-02-17 12:36:00,1566.0,1566.0,1566.0,1566.0,25,400,1566.0,1526.35,1607.35
4714,2021-02-17 12:37:00,1566.0,1566.0,1566.0,1566.0,25,400,1566.0,1526.35,1607.35
4715,2021-02-17 12:38:00,1566.0,1566.0,1566.0,1566.0,25,400,1566.0,1526.35,1607.35
4716,2021-02-17 12:39:00,1566.0,1566.0,1566.0,1566.0,25,400,1566.0,1526.35,1607.35
4717,2021-02-17 12:40:00,1566.0,1566.0,1566.0,1566.0,25,400,1566.0,1526.35,1607.35
4718,2021-02-17 12:41:00,1566.0,1566.0,1566.0,1566.0,25,400,1566.0,1526.35,1607.35
4719,2021-02-17 12:42:00,1566.0,1566.0,1566.0,1566.0,25,400,1566.0,1526.35,1607.35
4720,2021-02-17 12:43:00,1566.0,1566.0,1566.0,1566.0,25,400,1566.0,1526.35,1607.35
4721,2021-02-17 12:44:00,1566.0,1566.0,1566.0,1566.0,25,400,1566.0,1526.35,1607.35
4722,2021-02-17 12:45:00,1566.0,1566.0,1566.0,1566.0,25,400,1566.0,1526.35,1607.35
4723,2021-02-17 12:46:00,1566.0,1566.0,1566.0,1566.0,25,400,1566.0,1526.35,1607.35
4724,2021-02-17 12:47:00,1566.0,1566.0,1566.0,1566.0,25,400,1566.0,1526.35,1607.35
4725,2021-02-17 12:48:00,1566.0,1566.0,1566.0,1566.0,25,400,1566.0,1526.35,1607.35
4726,2021-02-17 12:49:00,1566.0,1566.0,1566.0,1566.0,25,400,1566.0,1526.35,1607.35
4727,2021-02-17 12:50:00,1566.0,1566.0,1566.0,1566.0,25,400,1566.0,1526.35,1607.35
4728,2021-02-17 12:51:00,1566.0,1566.0,1566.0,1566.0,25,400,1566.0,1526.35,1607.35
4729,2021-02-17 12:52:00,1566.0,1566.0,1566.0,1566.0,25,400,1566.0,1526.35,1607.35
4730,2021-02-17 12:53:00,1566.0,1566.0,1566.0,1566.0,25,400,1566.0,1526.35,1607.35
4731,2021-02-17 12:54:00,1566.0,1566.0,1566.0,1566.0,25,400,1566.0,1526.35,1607.35
4732,2021-02-17 12:55:00,1566.0,1566.0,1566.0,1566.0,25,400,1566.0,1526.35,1607.35
4733,2021-02-17 12:56:00,1566.0,1566.0,1566.0,1566.0,25,400,1566.0,1526.35,1607.35
4734,2021-02-17 12:57:00,1566.0,1566.0,1566.0,1566.0,25,400,1566.0,1526.35,1607.35
4735,2021-02-17 12:58:00,1566.0,1566.0,1566.0,1566.0,25,400,1566.0,1526.35,1607.35
4736,2021-02-17 12:59:00,1566.0,1566.0,1566.0,1566.0,25,400,1566.0,1526.35,1607.35
4737,2021-02-17 13:00:00,1566.0,1566.0,1566.0,1566.0,25,400,1566.0,1526.35,1607.35
4738,2021-02-17 13:01:00,1566.0,1566.0,1566.0,1566.0,25,400,1566.0,1526.35,1607.35
4739,2021-02-17 13:02:00,1566.0,1566.0,1566.0,1566.0,25,400,1566.0,1526.35,1607.35
4740,2021-02-17 13:03:00,1566.0,1566.0,1566.0,1566.0,25,400,1566.0,1526.35,1607.35
4741,2021-02-17 13:04:00,1566.0,1566.0,1566.0,1566.0,25,400,1566.0,1526.35,1607.35
4742,2021-02-17 13:05:00,1566.0,1566.0,1566.0,1566.0,25,400,1566.0,1526.35,1607.35
4743,2021-02-17 13:06:00,1566.0,1566.0,1566.0,1566.0,25,400,1566.0,1526.35,1607.35
4744,2021-02-17 13:07:00,1566.0,1566.0,1566.0,1566.0,25,400,1566.0,1526.35,1607.35
4745,2021-02-17 13:08:00,1566.0,1566.0,1566.0,1566.0,25,400,1566.0,1526.35,1607.35
4746,2021-02-17 13:09:00,1566.0,1566.0,1566.0,1566.0,25,400,1566.0,1526.35,1607.35
4747,2021-02-17 13:10:00,1566.0,1566.0,1566.0,1566.0,25,400,1566.0,1526.35,1607.35
4748,2021-02-17 13:11:00,1566.0,1566.0,1566.0,1566.0,25,400,1566.0,1526.35,1607.35
4749,2021-02-17 13:12:00,1566.0,1566.0,1566.0,1566.0,25,400,1566.0,1526.35,1607.35
4750,2021-02-17 13:13:00,1566.0,1566.0,1566.0,1566.0,25,400,1566.0,1526.35,1607.35
4751,2021-02-17 13:14:00,1566.0,1566.0,1566.0,1566.0,25,400,1566.0,1526.35,1607.35
4752,2021-02-17 13:15:00,1566.0,1566.0,1566.0,1566.0,25,400,1566.0,1526.35,1607.35
4753,2021-02-17 13:16:00,1566.0,1566.0,1566.0,1566.0,25,400,1566.0,1526.35,1607.35
4754,2021-02-17 13:17:00,1566.0,1566.0,1566.0,1566.0,25,400,1566.0,1526.35,1607.35
4755,2021-02-17 13:18:00,1566.0,1566.0,1566.0,1566.0,25,400,1566.0,1526.35,1607.35
4756,2021-02-17 13:19:00,1566.0,1566.0,1566.0,1566.0,25,400,1566.0,1526.35,1607.35
4757,2021-02-17 13:20:00,1566.0,1566.0,1566.0,1566.0,25,400,1566.0,1526.35,1607.35
4758,2021-02-17 13:21:00,1566.0,1566.0,1566.0,1566.0,25,400,1566.0,1526.35,1607.35
4759,2021-02-17 13:22:00,1566.0,1566.0,1566.0,1566.0,25,400,1566.0,1526.35,1607.35
4760,2021-02-17 13:23:00,1566.0,1566.0,1566.0,1566.0,25,400,1566.0,1526.35,1607.35
4761,2021-02-17 13:24:00,1566.0,1566.0,1566.0,1566.0,25,400,1566.0,1526.35,1607.35
4762,2021-02-17 13:25:00,1566.0,1566.0,1566.0,1566.0,25,400,1566.0,1526.35,1607.35
4763,2021-02-17 13:26:00,1566.0,1566.0,1566.0,1566.0,25,400,1566.0,1526.35,1607.35
4764,2021-02-17 13:27:00,1566.0,1566.0,1566.0,1566.0,25,400,1566.0,1526.35,1607.35
4765,2021-02-17 13:28:00,1566.0,1566.0,1566.0,1566.0,25,400,1566.0,1526.35,1607.35
4766,2021-02-17 13:29:00,1566.0,1566.0,1566.0,1566.0,25,400,1566.0,1526.35,1607.35
4767,2021-02-17 13:30:00,1566.0,1566.0,1566.0,1566.0,25,400,1566.0,1526.35,1607.35
4768,2021-02-17 13:31:00,1566.0,1566.0,1566.0,1566.0,25,400,1566.0,1526.35,1607.35
4769,2021-02-17 13:32:00,1566.0,1566.0,1566.0,1566.0,25,400,1566.0,1526.35,1607.35
4770,2021-02-17 13:33:00,1566.0,1566.0,1566.0,1566.0,25,400,1566.0,1526.35,1607.35
4771,2021-02-17 13:34:00,1566.0,1566.0,1566.0,1566.0,25,400,1566.0,1526.35,1607.35
4772,2021-02-17 13:35:00,1566.0,1566.0,1566.0,1566.0,25,400,1566.0,1526.35,1607.35
4773,2021-02-17 13:36:00,1566.0,1566.0,1566.0,1566.0,25,400,1566.0,1526.35,1607.35
4774,2021-02-17 13:37:00,1566.0,1566.0,1566.0,1566.0,25,400,1566.0,1526.35,1607.35
4775,2021-02-17 13:38:00,1566.0,1566.0,1566.0,1566.0,25,400,1566.0,1526.35,1607.35
4776,2021-02-17 13:39:00,1566.0,1566.0,1566.0,1566.0,25,400,1566.0,1526.35,1607.35
4777,2021-02-17 13:40:00,1566.0,1566.0,1566.0,1566.0,25,400,1566.0,1526.35,1607.35
4778,2021-02-17 13:41:00,1566.0,1566.0,1566.0,1566.0,25,400,1566.0,1526.35,1607.35
4779,2021-02-17 13:42:00,1566.0,1566.0,1566.0,1566.0,25,400,1566.0,1526.35,1607.35
4780,2021-02-17 13:43:00,1566.0,1566.0,1566.0,1566.0,25,400,1566.0,1526.35,1607.35
4781,2021-02-17 13:44:00,1566.0,1566.0,1566.0,1566.0,25,400,1566.0,1526.35,1607.35
4782,2021-02-17 13:45:00,1566.0,1566.0,1566.0,1566.0,25,400,1566.0,1526.35,1607.35
4783,2021-02-17 13:46:00,1566.0,1566.0,1566.0,1566.0,25,400,1566.0,1526.35,1607.35
4784,2021-02-17 13:47:00,1566.0,1566.0,1566.0,1566.0,25,400,1566.0,1526.35,1607.35
4785,2021-02-17 13:48:00,1566.0,1566.0,1566.0,1566.0,25,400,1566.0,1526.35,1607.35
4786,2021-02-17 13:49:00,1566.0,1566.0,1566.0,1566.0,25,400,1566.0,1526.35,1607.35
4787,2021-02-17 13:50:00,1566.0,1566.0,1566.0,1566.0,25,400,1566.0,1526.35,1607.35
4788,2021-02-17 13:51:00,1566.0,1566.0,1566.0,1566.0,25,400,1566.0,1526.35,1607.35
4789,2021-02-17 13:52:00,1566.0,1566.0,1566.0,1566.0,25,400,1566.0,1526.35,1607.35
4790,2021-02-17 13:53:00,1566.0,1566.0,1566.0,1566.0,25,400,1566.0,1526.35,1607.35
4791,2021-02-17 13:54:00,1566.0,1566.0,1566.0,1566.0,25,400,1566.0,1526.35,1607.35
4792,2021-02-17 13:55:00,1566.0,1566.0,1566.0,1566.0,25,400,1566.0,1526.35,1607.35
4793,2021-02-17 13:56:00,1566.0,1566.0,1566.0,1566.0,25,400,1566.0,1526.35,1607.35
4794,2021-02-17 13:57:00,1566.0,1566.0,1566.0,1566.0,25,400,1566.0,1526.35,1607.35
4795,2021-02-17 13:58:00,1566.0,1566.0,1566.0,1566.0,25,400,1566.0,1526.35,1607.35
4796,2021-02-17 13:59:00,1566.0,1566.0,1566.0,1566.0,25,400,1566.0,1526.35,1607.35
4797,2021-02-17 14:00:00,1566.0,1566.0,1566.0,1566.0,25,400,1566.0,1526.35,1607.35
4798,2021-02-17 14:01:00,1566.0,1566.0,1566.0,1566.0,25,400,1566.0,1526.35,1607.35
4799,2021-02-17 14:02:00,1566.0,1566.0,1566.0,1566.0,25,400,1566.0,1526.35,1607.35
4800,2021-02-17 14:03:00,1566.0,1566.0,1566.0,1566.0,25,400,1566.0,1526.35,1607.35
4801,2021-02-17 14:04:00,1566.0,1566.0,1566.0,1566.0,25,400,1566.0,1526.35,1607.35
4802,2021-02-17 14:05:00,1566.0,1566.0,1566.0,1566.0,25,400,1566.0,1526.35,1607.35
4803,2021-02-17 14:06:00,1566.0,1566.0,1566.0,1566.0,25,400,1566.0,1526.35,1607.35
4804,2021-02-17 14:07:00,1566.0,1566.0,1566.0,1566.0,25,400,1566.0,1526.35,1607.35
4805,2021-02-17 14:08:00,1566.0,1566.0,1566.0,1566.0,25,400,1566.0,1526.35,1607.35
4806,2021-02-17 14:09:00,1566.0,1566.0,1566.0,1566.0,25,400,1566.0,1526.35,1607.35
4807,2021-02-17 14:10:00,1566.0,1566.0,1566.0,1566.0,25,400,1566.0,1526.35,1607.35
4808,2021-02-17 14:11:00,1566.0,1566.0,1566.0,1566.0,25,400,1566.0,1526.35,1607.35
4809,2021-02-17 14:12:00,1566.0,1566.0,1566.0,1566.0,25,400,1566.0,1526.35,1607.35
4810,2021-02-17 14:13:00,1566.0,1566.0,1566.0,1566.0,25,400,1566.0,1526.35,1607.35
4811,2021-02-17 14:14:00,1566.0,1566.0,1566.0,1566.0,25,400,1566.0,1526.35,1607.35
4812,2021-02-17 14:15:00,1566.0,1566.0,1566.0,1566.0,25,400,1566.0,1526.35,1607.35
4813,2021-02-17 14:16:00,1566.0,1566.0,1566.0,1566.0,25,400,1566.0,1526.35,1607.35
4814,2021-02-17 14:17:00,1566.0,1566.0,1566.0,1566.0,25,400,1566.0,1526.35,1607.35
4815,2021-02-17 14:18:00,1566.0,1566.0,1566.0,1566.0,25,400,1566.0,1526.35,1607.35
4816,2021-02-17 14:19:00,1566.0,1566.0,1566.0,1566.0,25,400,1566.0,1526.35,1607.35
4817,2021-02-17 14:20:00,1566.0,1566.0,1566.0,1566.0,25,400,1566.0,1526.35,1607.35
4818,2021-02-17 14:21:00,1566.0,1566.0,1566.0,1566.0,25,400,1566.0,1526.35,1607.35
4819,2021-02-17 14:22:00,1566.0,1566.0,1566.0,1566.0,25,400,1566.0,1526.35,1607.35
4820,2021-02-17 14:23:00,1566.0,1566.0,1566.0,1566.0,25,400,1566.0,1526.35,1607.35
4821,2021-02-17 14:24:00,1566.0,1566.0,1566.0,1566.0,25,400,1566.0,1526.35,1607.35
4822,2021-02-17 14:25:00,1566.0,1566.0,1566.0,1566.0,25,400,1566.0,1526.35,1607.35
4823,2021-02-17 14:26:00,1566.0,1566.0,1566.0,1566.0,25,400,1566.0,1526.35,1607.35
4824,2021-02-17 14:27:00,1566.0,1566.0,1566.0,1566.0,25,400,1566.0,1526.35,1607.35
4825,2021-02-17 14:28:00,1566.0,1566.0,1566.0,1566.0,25,400,1566.0,1526.35,1607.35
4826,2021-02-17 14:29:00,1566.0,1566.0,1566.0,1566.0,25,400,1566.0,1526.35,1607.35
4827,2021-02-17 14:30:00,1566.0,1566.0,1566.0,1566.0,25,400,1566.0,1526.35,1607.35
4828,2021-02-17 14:31:00,1566.0,1566.0,1566.0,1566.0,25,400,1566.0,1526.35,1607.35
4829,2021-02-17 14:32:00,1566.0,1566.0,1566.0,1566.0,25,400,1566.0,1526.35,1607.35
4830,2021-02-17 14:33:00,1566.0,1566.0,1566.0,1566.0,25,400,1566.0,1526.35,1607.35
4831,2021-02-17 14:34:00,1566.0,1566.0,1566.0,1566.0,25,400,1566.0,1526.35,1607.35
4832,2021-02-17 14:35:00,1566.0,1566.0,1566.0,1566.0,25,400,1566.0,1526.35,1607.35
4833,2021-02-17 14:36:00,1566.0,1566.0,1566.0,1566.0,25,400,1566.0,1526.35,1607.35
4834,2021-02-17 14:37:00,1566.0,1566.0,1566.0,1566.0,25,400,1566.0,1526.35,1607.35
4835,2021-02-17 14:38:00,1566.0,1566.0,1566.0,1566.0,25,400,1566.0,1526.35,1607.35
4836,2021-02-17 14:39:00,1566.0,1566.0,1566.0,1566.0,25,400,1566.0,1526.35,1607.35
4837,2021-02-17 14:40:00,1566.0,1566.0,1566.0,1566.0,25,400,1566.0,1526.35,1607.35
4838,2021-02-17 14:41:00,1566.0,1566.0,1566.0,1566.0,25,400,1566.0,1526.35,1607.35
4839,2021-02-17 14:42:00,1566.0,1566.0,1566.0,1566.0,25,400,1566.0,1526.35,1607.35
4840,2021-02-17 14:43:00,1566.0,1566.0,1566.0,1566.0,25,400,1566.0,1526.35,1607.35
4841,2021-02-17 14:44:00,1566.0,1566.0,1566.0,1566.0,25,400,1566.0,1526.35,1607.35
4842,2021-02-17 14:45:00,1566.0,1566.0,1566.0,1566.0,25,400,1566.0,1526.35,1607.35
4843,2021-02-17 14:46:00,1566.0,1566.0,1566.0,1566.0,25,400,1566.0,1526.35,1607.35
4844,2021-02-17 14:47:00,1566.0,1566.0,1566.0,1566.0,25,400,1566.0,1526.35,1607.35
4845,2021-02-17 14:48:00,1566.0,1566.0,1566.0,1566.0,25,400,1566.0,1526.35,1607.35
4846,2021-02-17 14:49:00,1566.0,1566.0,1566.0,1566.0,25,400,1566.0,1526.35,1607.35
4847,2021-02-17 14:50:00,1566.0,1566.0,1566.0,1566.0,25,400,1566.0,1526.35,1607.35
4848,2021-02-17 14:51:00,1566.0,1566.0,1566.0,1566.0,25,400,1566.0,1526.35,1607.35
4849,2021-02-17 14:52:00,1566.0,1566.0,1566.0,1566.0,25,400,1566.0,1526.35,1607.35
4850,2021-02-17 14:53:00,1566.0,1566.0,1566.0,1566.0,25,400,1566.0,1526.35,1607.35
4851,2021-02-17 14:54:00,1566.0,1566.0,1566.0,1566.0,25,400,1566.0,1526.35,1607.35
4852,2021-02-17 14:55:00,1566.0,1566.0,1566.0,1566.0,25,400,1566.0,1526.35,1607.35
4853,2021-02-17 14:56:00,1566.0,1566.0,1566.0,1566.0,25,400,1566.0,1526.35,1607.35
4854,2021-02-17 14:57:00,1566.0,1566.0,1566.0,1566.0,25,400,1566.0,1526.35,1607.35
4855,2021-02-17 14:58:00,1566.0,1566.0,1566.0,1566.0,25,400,1566.0,1526.35,1607.35
4856,2021-02-17 14:59:00,1566.0,1566.0,1566.0,1566.0,25,400,1566.0,1526.35,1607.35
4857,2021-02-17 15:00:00,1566.0,1566.0,1566.0,1566.0,25,400,1566.0,1526.35,1607.35
4858,2021-02-17 15:01:00,1566.0,1566.0,1566.0,1566.0,25,400,1566.0,1526.35,1607.35
4859,2021-02-17 15:02:00,1570.0,1570.0,1570.0,1570.0,25,400,1568.0,1522.05,1571.7
4860,2021-02-17 15:03:00,1570.0,1570.0,1570.0,1570.0,25,400,1568.0,1522.05,1571.7
4861,2021-02-17 15:04:00,1570.0,1570.0,1570.0,1570.0,25,400,1568.0,1522.05,1571.7
4862,2021-02-17 15:05:00,1570.0,1570.0,1570.0,1570.0,25,400,1568.0,1522.05,1571.7
4863,2021-02-17 15:06:00,1570.0,1570.0,1570.0,1570.0,25,400,1568.0,1522.05,1571.7
4864,2021-02-17 15:07:00,1570.0,1570.0,1570.0,1570.0,25,400,1568.0,1522.05,1571.7
4865,2021-02-17 15:08:00,1570.0,1570.0,1570.0,1570.0,25,400,1568.0,1522.05,1571.7
4866,2021-02-17 15:09:00,1570.0,1570.0,1570.0,1570.0,25,400,1568.0,1522.05,1571.7
4867,2021-02-17 15:10:00,1570.0,1570.0,1570.0,1570.0,25,400,1568.0,1522.05,1571.7
4868,2021-02-17 15:11:00,1570.0,1570.0,1570.0,1570.0,25,400,1568.0,1522.05,1571.7
4869,2021-02-17 15:12:00,1570.0,1570.0,1570.0,1570.0,25,400,1568.0,1522.05,1571.7
4870,2021-02-17 15:13:00,1570.0,1570.0,1570.0,1570.0,25,400,1568.0,1522.05,1571.7
4871,2021-02-17 15:14:00,1570.0,1570.0,1570.0,1570.0,25,400,1568.0,1522.05,1571.7
4872,2021-02-17 15:15:00,1570.0,1570.0,1570.0,1570.0,25,400,1568.0,1522.05,1571.7
4873,2021-02-17 15:16:00,1570.0,1570.0,1570.0,1570.0,25,400,1568.0,1522.05,1571.7
4874,2021-02-17 15:17:00,1570.0,1570.0,1570.0,1570.0,25,400,1568.0,1522.05,1571.7
4875,2021-02-17 15:18:00,1570.0,1570.0,1570.0,1570.0,25,400,1568.0,1522.05,1571.7
4876,2021-02-17 15:19:00,1570.0,1570.0,1570.0,1570.0,25,400,1568.0,1522.05,1571.7
4877,2021-02-17 15:20:00,1570.0,1570.0,1570.0,1570.0,25,400,1568.0,1522.05,1571.7
4878,2021-02-17 15:21:00,1570.0,1570.0,1570.0,1570.0,25,400,1568.0,1522.05,1571.7
4879,2021-02-17 15:22:00,1570.0,1570.0,1570.0,1570.0,25,400,1568.0,1522.05,1571.7
4880,2021-02-17 15:23:00,1570.0,1570.0,1570.0,1570.0,25,400,1568.0,1522.05,1571.7
4881,2021-02-17 15:24:00,1570.0,1570.0,1570.0,1570.0,25,400,1568.0,1522.05,1571.7
4882,2021-02-17 15:25:00,1570.0,1570.0,1570.0,1570.0,25,400,1568.0,1522.05,1571.7
4883,2021-02-17 15:26:00,1570.0,1570.0,1570.0,1570.0,25,400,1568.0,1522.05,1571.7
4884,2021-02-17 15:27:00,1570.0,1570.0,1570.0,1570.0,25,400,1568.0,1522.05,1571.7
4885,2021-02-17 15:28:00,1570.0,1570.0,1570.0,1570.0,25,400,1568.0,1522.05,1571.7
4886,2021-02-17 15:29:00,1570.0,1570.0,1570.0,1570.0,25,400,1568.0,1522.05,1571.7
4887,2021-02-17 15:30:00,1570.0,1570.0,1570.0,1570.0,25,400,1568.0,1522.05,1571.7
4888,2021-02-18 09:15:00,1570.0,1570.0,1570.0,1570.0,25,400,1568.0,1522.05,1571.7
4889,2021-02-18 09:16:00,1570.0,1570.0,1570.0,1570.0,25,400,1568.0,1522.05,1571.7
4890,2021-02-18 09:17:00,1570.0,1570.0,1570.0,1570.0,25,400,1568.0,1522.05,1571.7
4891,2021-02-18 09:18:00,1570.0,1570.0,1570.0,1570.0,25,400,1568.0,1522.05,1571.7
4892,2021-02-18 09:19:00,1570.0,1570.0,1570.0,1570.0,25,400,1568.0,1522.05,1571.7
4893,2021-02-18 09:20:00,1570.0,1570.0,1570.0,1570.0,25,400,1568.0,1522.05,1571.7
4894,2021-02-18 09:21:00,1570.0,1570.0,1570.0,1570.0,25,400,1568.0,1522.05,1571.7
4895,2021-02-18 09:22:00,1570.0,1570.0,1570.0,1570.0,25,400,1568.0,1522.05,1571.7
4896,2021-02-18 09:23:00,1570.0,1570.0,1570.0,1570.0,25,400,1568.0,1522.05,1571.7
4897,2021-02-18 09:24:00,1570.0,1570.0,1570.0,1570.0,25,400,1568.0,1522.05,1571.7
4898,2021-02-18 09:25:00,1570.0,1570.0,1570.0,1570.0,25,400,1568.0,1522.05,1571.7
4899,2021-02-18 09:26:00,1570.0,1570.0,1570.0,1570.0,25,400,1568.0,1522.05,1571.7
4900,2021-02-18 09:27:00,1570.0,1570.0,1570.0,1570.0,25,400,1568.0,1522.05,1571.7
4901,2021-02-18 09:28:00,1570.0,1570.0,1570.0,1570.0,25,400,1568.0,1522.05,1571.7
4902,2021-02-18 09:29:00,1570.0,1570.0,1570.0,1570.0,25,400,1568.0,1522.05,1571.7
4903,2021-02-18 09:30:00,1570.0,1570.0,1570.0,1570.0,25,400,1568.0,1522.05,1571.7
4904,2021-02-18 09:31:00,1570.0,1570.0,1570.0,1570.0,25,400,1568.0,1522.05,1571.7
4905,2021-02-18 09:32:00,1570.0,1570.0,1570.0,1570.0,25,400,1568.0,1522.05,1571.7
4906,2021-02-18 09:33:00,1570.0,1570.0,1570.0,1570.0,25,400,1568.0,1522.05,1571.7
4907,2021-02-18 09:34:00,1570.0,1570.0,1570.0,1570.0,25,400,1568.0,1522.05,1571.7
4908,2021-02-18 09:35:00,1570.0,1570.0,1570.0,1570.0,25,400,1568.0,1522.05,1571.7
4909,2021-02-18 09:36:00,1570.0,1570.0,1570.0,1570.0,25,400,1568.0,1522.05,1571.7
4910,2021-02-18 09:37:00,1570.0,1570.0,1570.0,1570.0,25,400,1568.0,1522.05,1571.7
4911,2021-02-18 09:38:00,1570.0,1570.0,1570.0,1570.0,25,400,1568.0,1522.05,1571.7
4912,2021-02-18 09:39:00,1570.0,1570.0,1570.0,1570.0,25,400,1568.0,1522.05,1571.7
4913,2021-02-18 09:40:00,1570.0,1570.0,1570.0,1570.0,25,400,1568.0,1522.05,1571.7
4914,2021-02-18 09:41:00,1570.0,1570.0,1570.0,1570.0,25,400,1568.0,1522.05,1571.7
4915,2021-02-18 09:42:00,1570.0,1570.0,1570.0,1570.0,25,400,1568.0,1522.05,1571.7
4916,2021-02-18 09:43:00,1570.0,1570.0,1570.0,1570.0,25,400,1568.0,1522.05,1571.7
4917,2021-02-18 09:44:00,1570.0,1570.0,1570.0,1570.0,25,400,1568.0,1522.05,1571.7
4918,2021-02-18 09:45:00,1570.0,1570.0,1570.0,1570.0,25,400,1568.0,1522.05,1571.7
4919,2021-02-18 09:46:00,1570.0,1570.0,1570.0,1570.0,25,400,1568.0,1522.05,1571.7
4920,2021-02-18 09:47:00,1570.0,1570.0,1570.0,1570.0,25,400,1568.0,1522.05,1571.7
4921,2021-02-18 09:48:00,1570.0,1570.0,1570.0,1570.0,25,400,1568.0,1522.05,1571.7
4922,2021-02-18 09:49:00,1570.0,1570.0,1570.0,1570.0,25,400,1568.0,1522.05,1571.7
4923,2021-02-18 09:50:00,1570.0,1570.0,1570.0,1570.0,25,400,1568.0,1522.05,1571.7
4924,2021-02-18 09:51:00,1570.0,1570.0,1570.0,1570.0,25,400,1568.0,1522.05,1571.7
4925,2021-02-18 09:52:00,1570.0,1570.0,1570.0,1570.0,25,400,1568.0,1522.05,1571.7
4926,2021-02-18 09:53:00,1570.0,1570.0,1570.0,1570.0,25,400,1568.0,1522.05,1571.7
4927,2021-02-18 09:54:00,1570.0,1570.0,1570.0,1570.0,25,400,1568.0,1522.05,1571.7
4928,2021-02-18 09:55:00,1570.0,1570.0,1570.0,1570.0,25,400,1568.0,1522.05,1571.7
4929,2021-02-18 09:56:00,1570.0,1570.0,1570.0,1570.0,25,400,1568.0,1522.05,1571.7
4930,2021-02-18 09:57:00,1570.0,1570.0,1570.0,1570.0,25,400,1568.0,1522.05,1571.7
4931,2021-02-18 09:58:00,1570.0,1570.0,1570.0,1570.0,25,400,1568.0,1522.05,1571.7
4932,2021-02-18 09:59:00,1570.0,1570.0,1570.0,1570.0,25,400,1568.0,1522.05,1571.7
4933,2021-02-18 10:00:00,1570.0,1570.0,1570.0,1570.0,25,400,1568.0,1522.05,1571.7
4934,2021-02-18 10:01:00,1570.0,1570.0,1570.0,1570.0,25,400,1568.0,1522.05,1571.7
4935,2021-02-18 10:02:00,1570.0,1570.0,1570.0,1570.0,25,400,1568.0,1522.05,1571.7
4936,2021-02-18 10:03:00,1570.0,1570.0,1570.0,1570.0,25,400,1568.0,1522.05,1571.7
4937,2021-02-18 10:04:00,1570.0,1570.0,1570.0,1570.0,25,400,1568.0,1522.05,1571.7
4938,2021-02-18 10:05:00,1570.0,1570.0,1570.0,1570.0,25,400,1568.0,1522.05,1571.7
4939,2021-02-18 10:06:00,1570.0,1570.0,1570.0,1570.0,25,400,1568.0,1522.05,1571.7
4940,2021-02-18 10:07:00,1570.0,1570.0,1570.0,1570.0,25,400,1568.0,1522.05,1571.7
4941,2021-02-18 10:08:00,1570.0,1570.0,1570.0,1570.0,25,400,1568.0,1522.05,1571.7
4942,2021-02-18 10:09:00,1570.0,1570.0,1570.0,1570.0,25,400,1568.0,1522.05,1571.7
4943,2021-02-18 10:10:00,1570.0,1570.0,1570.0,1570.0,25,400,1568.0,1522.05,1571.7
4944,2021-02-18 10:11:00,1570.0,1570.0,1570.0,1570.0,25,400,1568.0,1522.05,1571.7
4945,2021-02-18 10:12:00,1570.0,1570.0,1570.0,1570.0,25,400,1568.0,1522.05,1571.7
4946,2021-02-18 10:13:00,1570.0,1570.0,1570.0,1570.0,25,400,1568.0,1522.05,1571.7
4947,2021-02-18 10:14:00,1570.0,1570.0,1570.0,1570.0,25,400,1568.0,1522.05,1571.7
4948,2021-02-18 10:15:00,1570.0,1570.0,1570.0,1570.0,25,400,1568.0,1522.05,1571.7
4949,2021-02-18 10:16:00,1570.0,1570.0,1570.0,1570.0,25,400,1568.0,1522.05,1571.7
4950,2021-02-18 10:17:00,1570.0,1570.0,1570.0,1570.0,25,400,1568.0,1522.05,1571.7
4951,2021-02-18 10:18:00,1570.0,1570.0,1570.0,1570.0,25,400,1568.0,1522.05,1571.7
4952,2021-02-18 10:19:00,1570.0,1570.0,1570.0,1570.0,25,400,1568.0,1522.05,1571.7
4953,2021-02-18 10:20:00,1570.0,1570.0,1570.0,1570.0,25,400,1568.0,1522.05,1571.7
4954,2021-02-18 10:21:00,1570.0,1570.0,1570.0,1570.0,25,400,1568.0,1522.05,1571.7
4955,2021-02-18 10:22:00,1570.0,1570.0,1570.0,1570.0,25,400,1568.0,1522.05,1571.7
4956,2021-02-18 10:23:00,1570.0,1570.0,1570.0,1570.0,25,400,1568.0,1522.05,1571.7
4957,2021-02-18 10:24:00,1570.0,1570.0,1570.0,1570.0,25,400,1568.0,1522.05,1571.7
4958,2021-02-18 10:25:00,1570.0,1570.0,1570.0,1570.0,25,400,1568.0,1522.05,1571.7
4959,2021-02-18 10:26:00,1570.0,1570.0,1570.0,1570.0,25,400,1568.0,1522.05,1571.7
4960,2021-02-18 10:27:00,1570.0,1570.0,1570.0,1570.0,25,400,1568.0,1522.05,1571.7
4961,2021-02-18 10:28:00,1570.0,1570.0,1570.0,1570.0,25,400,1568.0,1522.05,1571.7
4962,2021-02-18 10:29:00,1570.0,1570.0,1570.0,1570.0,25,400,1568.0,1522.05,1571.7
4963,2021-02-18 10:30:00,1570.0,1570.0,1570.0,1570.0,25,400,1568.0,1522.05,1571.7
4964,2021-02-18 10:31:00,1570.0,1570.0,1570.0,1570.0,25,400,1568.0,1522.05,1571.7
4965,2021-02-18 10:32:00,1570.0,1570.0,1570.0,1570.0,25,400,1568.0,1522.05,1571.7
4966,2021-02-18 10:33:00,1570.0,1570.0,1570.0,1570.0,25,400,1568.0,1522.05,1571.7
4967,2021-02-18 10:34:00,1570.0,1570.0,1570.0,1570.0,25,400,1568.0,1522.05,1571.7
4968,2021-02-18 10:35:00,1570.0,1570.0,1570.0,1570.0,25,400,1568.0,1522.05,1571.7
4969,2021-02-18 10:36:00,1570.0,1570.0,1570.0,1570.0,25,400,1568.0,1522.05,1571.7
4970,2021-02-18 10:37:00,1570.0,1570.0,1570.0,1570.0,25,400,1568.0,1522.05,1571.7
4971,2021-02-18 10:38:00,1570.0,1570.0,1570.0,1570.0,25,400,1568.0,1522.05,1571.7
4972,2021-02-18 10:39:00,1570.0,1570.0,1570.0,1570.0,25,400,1568.0,1522.05,1571.7
4973,2021-02-18 10:40:00,1570.0,1570.0,1570.0,1570.0,25,400,1568.0,1522.05,1571.7
4974,2021-02-18 10:41:00,1570.0,1570.0,1570.0,1570.0,25,400,1568.0,1522.05,1571.7
4975,2021-02-18 10:42:00,1570.0,1570.0,1570.0,1570.0,25,400,1568.0,1522.05,1571.7
4976,2021-02-18 10:43:00,1570.0,1570.0,1570.0,1570.0,25,400,1568.0,1522.05,1571.7
4977,2021-02-18 10:44:00,1570.0,1570.0,1570.0,1570.0,25,400,1568.0,1522.05,1571.7
4978,2021-02-18 10:45:00,1570.0,1570.0,1570.0,1570.0,25,400,1568.0,1522.05,1571.7
4979,2021-02-18 10:46:00,1570.0,1570.0,1570.0,1570.0,25,400,1568.0,1522.05,1571.7
4980,2021-02-18 10:47:00,1570.0,1570.0,1570.0,1570.0,25,400,1568.0,1522.05,1571.7
4981,2021-02-18 10:48:00,1570.0,1570.0,1570.0,1570.0,25,400,1568.0,1522.05,1571.7
4982,2021-02-18 10:49:00,1570.0,1570.0,1570.0,1570.0,25,400,1568.0,1522.05,1571.7
4983,2021-02-18 10:50:00,1570.0,1570.0,1570.0,1570.0,25,400,1568.0,1522.05,1571.7
4984,2021-02-18 10:51:00,1570.0,1570.0,1570.0,1570.0,25,400,1568.0,1522.05,1571.7
4985,2021-02-18 10:52:00,1570.0,1570.0,1570.0,1570.0,25,400,1568.0,1522.05,1571.7
4986,2021-02-18 10:53:00,1570.0,1570.0,1570.0,1570.0,25,400,1568.0,1522.05,1571.7
4987,2021-02-18 10:54:00,1570.0,1570.0,1570.0,1570.0,25,400,1568.0,1522.05,1571.7
4988,2021-02-18 10:55:00,1570.0,1570.0,1570.0,1570.0,25,400,1568.0,1522.05,1571.7
4989,2021-02-18 10:56:00,1570.0,1570.0,1570.0,1570.0,25,400,1568.0,1522.05,1571.7
4990,2021-02-18 10:57:00,1570.0,1570.0,1570.0,1570.0,25,400,1568.0,1522.05,1571.7
4991,2021-02-18 10:58:00,1570.0,1570.0,1570.0,1570.0,25,400,1568.0,1522.05,1571.7
4992,2021-02-18 10:59:00,1570.0,1570.0,1570.0,1570.0,25,400,1568.0,1522.05,1571.7
4993,2021-02-18 11:00:00,1570.0,1570.0,1570.0,1570.0,25,400,1568.0,1522.05,1571.7
4994,2021-02-18 11:01:00,1570.0,1570.0,1570.0,1570.0,25,400,1568.0,1522.05,1571.7
4995,2021-02-18 11:02:00,1570.0,1570.0,1570.0,1570.0,25,400,1568.0,1522.05,1571.7
4996,2021-02-18 11:03:00,1570.0,1570.0,1570.0,1570.0,25,400,1568.0,1522.05,1571.7
4997,2021-02-18 11:04:00,1570.0,1570.0,1570.0,1570.0,25,400,1568.0,1522.05,1571.7
4998,2021-02-18 11:05:00,1570.0,1570.0,1570.0,1570.0,25,400,1568.0,1522.05,1571.7
4999,2021-02-18 11:06:00,1570.0,1570.0,1570.0,1570.0,25,400,1568.0,1522.05,1571.7
5000,2021-02-18 11:07:00,1570.0,1570.0,1570.0,1570.0,25,400,1568.0,1522.05,1571.7
5001,2021-02-18 11:08:00,1570.0,1570.0,1570.0,1570.0,25,400,1568.0,1522.05,1571.7
5002,2021-02-18 11:09:00,1570.0,1570.0,1570.0,1570.0,25,400,1568.0,1522.05,1571.7
5003,2021-02-18 11:10:00,1570.0,1570.0,1570.0,1570.0,25,400,1568.0,1522.05,1571.7
5004,2021-02-18 11:11:00,1570.0,1570.0,1570.0,1570.0,25,400,1568.0,1522.05,1571.7
5005,2021-02-18 11:12:00,1570.0,1570.0,1570.0,1570.0,25,400,1568.0,1522.05,1571.7
5006,2021-02-18 11:13:00,1570.0,1570.0,1570.0,1570.0,25,400,1568.0,1522.05,1571.7
5007,2021-02-18 11:14:00,1570.0,1570.0,1570.0,1570.0,25,400,1568.0,1522.05,1571.7
5008,2021-02-18 11:15:00,1570.0,1570.0,1570.0,1570.0,25,400,1568.0,1522.05,1571.7
5009,2021-02-18 11:16:00,1570.0,1570.0,1570.0,1570.0,25,400,1568.0,1522.05,1571.7
5010,2021-02-18 11:17:00,1570.0,1570.0,1570.0,1570.0,25,400,1568.0,1522.05,1571.7
5011,2021-02-18 11:18:00,1570.0,1570.0,1570.0,1570.0,25,400,1568.0,1522.05,1571.7
5012,2021-02-18 11:19:00,1570.0,1570.0,1570.0,1570.0,25,400,1568.0,1522.05,1571.7
5013,2021-02-18 11:20:00,1570.0,1570.0,1570.0,1570.0,25,400,1568.0,1522.05,1571.7
5014,2021-02-18 11:21:00,1570.0,1570.0,1570.0,1570.0,25,400,1568.0,1522.05,1571.7
5015,2021-02-18 11:22:00,1570.0,1570.0,1570.0,1570.0,25,400,1568.0,1522.05,1571.7
5016,2021-02-18 11:23:00,1570.0,1570.0,1570.0,1570.0,25,400,1568.0,1522.05,1571.7
5017,2021-02-18 11:24:00,1570.0,1570.0,1570.0,1570.0,25,400,1568.0,1522.05,1571.7
5018,2021-02-18 11:25:00,1570.0,1570.0,1570.0,1570.0,25,400,1568.0,1522.05,1571.7
5019,2021-02-18 11:26:00,1570.0,1570.0,1570.0,1570.0,25,400,1568.0,1522.05,1571.7
5020,2021-02-18 11:27:00,1570.0,1570.0,1570.0,1570.0,25,400,1568.0,1522.05,1571.7
5021,2021-02-18 11:28:00,1570.0,1570.0,1570.0,1570.0,25,400,1568.0,1522.05,1571.7
5022,2021-02-18 11:29:00,1570.0,1570.0,1570.0,1570.0,25,400,1568.0,1522.05,1571.7
5023,2021-02-18 11:30:00,1570.0,1570.0,1570.0,1570.0,25,400,1568.0,1522.05,1571.7
5024,2021-02-18 11:31:00,1570.0,1570.0,1570.0,1570.0,25,400,1568.0,1522.05,1571.7
5025,2021-02-18 11:32:00,1570.0,1570.0,1570.0,1570.0,25,400,1568.0,1522.05,1571.7
5026,2021-02-18 11:33:00,1570.0,1570.0,1570.0,1570.0,25,400,1568.0,1522.05,1571.7
5027,2021-02-18 11:34:00,1570.0,1570.0,1570.0,1570.0,25,400,1568.0,1522.05,1571.7
5028,2021-02-18 11:35:00,1570.0,1570.0,1570.0,1570.0,25,400,1568.0,1522.05,1571.7
5029,2021-02-18 11:36:00,1570.0,1570.0,1570.0,1570.0,25,400,1568.0,1522.05,1571.7
5030,2021-02-18 11:37:00,1570.0,1570.0,1570.0,1570.0,25,400,1568.0,1522.05,1571.7
5031,2021-02-18 11:38:00,1570.0,1570.0,1570.0,1570.0,25,400,1568.0,1522.05,1571.7
5032,2021-02-18 11:39:00,1570.0,1570.0,1570.0,1570.0,25,400,1568.0,1522.05,1571.7
5033,2021-02-18 11:40:00,1570.0,1570.0,1570.0,1570.0,25,400,1568.0,1522.05,1571.7
5034,2021-02-18 11:41:00,1570.0,1570.0,1570.0,1570.0,25,400,1568.0,1522.05,1571.7
5035,2021-02-18 11:42:00,1570.0,1570.0,1570.0,1570.0,25,400,1568.0,1522.05,1571.7
5036,2021-02-18 11:43:00,1309.15,1309.15,1309.15,1309.15,25,375,1309.15,1336.0,1388.1
5037,2021-02-18 11:44:00,1309.15,1309.15,1309.15,1309.15,25,375,1309.15,1336.0,1388.1
5038,2021-02-18 11:45:00,1309.15,1309.15,1309.15,1309.15,25,375,1309.15,1336.0,1388.1
5039,2021-02-18 11:46:00,1309.15,1309.15,1309.15,1309.15,25,375,1309.15,1336.0,1388.1
5040,2021-02-18 11:47:00,1309.15,1309.15,1309.15,1309.15,25,375,1309.15,1336.0,1388.1
5041,2021-02-18 11:48:00,1309.15,1309.15,1309.15,1309.15,25,375,1309.15,1336.0,1388.1
5042,2021-02-18 11:49:00,1309.15,1309.15,1309.15,1309.15,25,375,1309.15,1336.0,1388.1
5043,2021-02-18 11:50:00,1309.15,1309.15,1309.15,1309.15,25,375,1309.15,1336.0,1388.1
5044,2021-02-18 11:51:00,1309.15,1309.15,1309.15,1309.15,25,375,1309.15,1336.0,1388.1
5045,2021-02-18 11:52:00,1309.15,1309.15,1309.15,1309.15,25,375,1309.15,1336.0,1388.1
5046,2021-02-18 11:53:00,1309.15,1309.15,1309.15,1309.15,25,375,1309.15,1336.0,1388.1
5047,2021-02-18 11:54:00,1309.15,1309.15,1309.15,1309.15,25,375,1309.15,1336.0,1388.1
5048,2021-02-18 11:55:00,1309.15,1309.15,1309.15,1309.15,25,375,1309.15,1336.0,1388.1
5049,2021-02-18 11:56:00,1309.15,1309.15,1309.15,1309.15,25,375,1309.15,1336.0,1388.1
5050,2021-02-18 11:57:00,1309.15,1309.15,1309.15,1309.15,25,375,1309.15,1336.0,1388.1
5051,2021-02-18 11:58:00,1309.15,1309.15,1309.15,1309.15,25,375,1309.15,1336.0,1388.1
5052,2021-02-18 11:59:00,1309.15,1309.15,1309.15,1309.15,25,375,1309.15,1336.0,1388.1
5053,2021-02-18 12:00:00,1309.15,1309.15,1309.15,1309.15,25,375,1309.15,1336.0,1388.1
5054,2021-02-18 12:01:00,1309.15,1309.15,1309.15,1309.15,25,375,1309.15,1336.0,1388.1
5055,2021-02-18 12:02:00,1309.15,1309.15,1309.15,1309.15,25,375,1309.15,1336.0,1388.1
5056,2021-02-18 12:03:00,1309.15,1309.15,1309.15,1309.15,25,375,1309.15,1336.0,1388.1
5057,2021-02-18 12:04:00,1309.15,1309.15,1309.15,1309.15,25,375,1309.15,1336.0,1388.1
5058,2021-02-18 12:05:00,1309.15,1309.15,1309.15,1309.15,25,375,1309.15,1336.0,1388.1
5059,2021-02-18 12:06:00,1309.15,1309.15,1309.15,1309.15,25,375,1309.15,1336.0,1388.1
5060,2021-02-18 12:07:00,1309.15,1309.15,1309.15,1309.15,25,375,1309.15,1336.0,1388.1
5061,2021-02-18 12:08:00,1309.15,1309.15,1309.15,1309.15,25,375,1309.15,1336.0,1388.1
5062,2021-02-18 12:09:00,1309.15,1309.15,1309.15,1309.15,25,375,1309.15,1336.0,1388.1
5063,2021-02-18 12:10:00,1309.15,1309.15,1309.15,1309.15,25,375,1309.15,1336.0,1388.1
5064,2021-02-18 12:11:00,1309.15,1309.15,1309.15,1309.15,25,375,1309.15,1336.0,1388.1
5065,2021-02-18 12:12:00,1309.15,1309.15,1309.15,1309.15,25,375,1309.15,1336.0,1388.1
5066,2021-02-18 12:13:00,1309.15,1309.15,1309.15,1309.15,25,375,1309.15,1336.0,1388.1
5067,2021-02-18 12:14:00,1309.15,1309.15,1309.15,1309.15,25,375,1309.15,1336.0,1388.1
5068,2021-02-18 12:15:00,1309.15,1309.15,1309.15,1309.15,50,350,1309.15,1229.6,1322.45
5069,2021-02-18 12:16:00,1309.15,1309.15,1309.15,1309.15,50,350,1309.15,1229.6,1322.45
5070,2021-02-18 12:17:00,1309.15,1309.15,1309.15,1309.15,50,350,1309.15,1229.6,1322.45
5071,2021-02-18 12:18:00,1309.15,1309.15,1309.15,1309.15,50,350,1309.15,1229.6,1322.45
5072,2021-02-18 12:19:00,1309.15,1309.15,1309.15,1309.15,50,350,1309.15,1229.6,1322.45
5073,2021-02-18 12:20:00,1309.15,1309.15,1309.15,1309.15,50,350,1309.15,1229.6,1322.45
5074,2021-02-18 12:21:00,1309.15,1309.15,1309.15,1309.15,50,350,1309.15,1229.6,1322.45
5075,2021-02-18 12:22:00,1309.15,1309.15,1309.15,1309.15,50,350,1309.15,1229.6,1322.45
5076,2021-02-18 12:23:00,1309.15,1309.15,1309.15,1309.15,50,350,1309.15,1229.6,1322.45
5077,2021-02-18 12:24:00,1309.15,1309.15,1309.15,1309.15,50,350,1309.15,1229.6,1322.45
5078,2021-02-18 12:25:00,1309.15,1309.15,1309.15,1309.15,50,350,1309.15,1229.6,1322.45
5079,2021-02-18 12:26:00,1309.15,1309.15,1309.15,1309.15,50,350,1309.15,1229.6,1322.45
5080,2021-02-18 12:27:00,1309.15,1309.15,1309.15,1309.15,50,350,1309.15,1229.6,1322.45
5081,2021-02-18 12:28:00,1309.15,1309.15,1309.15,1309.15,50,350,1309.15,1229.6,1322.45
5082,2021-02-18 12:29:00,1309.15,1309.15,1309.15,1309.15,50,350,1309.15,1229.6,1322.45
5083,2021-02-18 12:30:00,1309.15,1309.15,1309.15,1309.15,50,350,1309.15,1229.6,1322.45
5084,2021-02-18 12:31:00,1309.15,1309.15,1309.15,1309.15,50,350,1309.15,1229.6,1322.45
5085,2021-02-18 12:32:00,1309.15,1309.15,1309.15,1309.15,50,350,1309.15,1229.6,1322.45
5086,2021-02-18 12:33:00,1309.15,1309.15,1309.15,1309.15,50,350,1309.15,1229.6,1322.45
5087,2021-02-18 12:34:00,1309.15,1309.15,1309.15,1309.15,50,350,1309.15,1229.6,1322.45
5088,2021-02-18 12:35:00,1309.15,1309.15,1309.15,1309.15,50,350,1309.15,1229.6,1322.45
5089,2021-02-18 12:36:00,1309.15,1309.15,1309.15,1309.15,50,350,1309.15,1229.6,1322.45
5090,2021-02-18 12:37:00,1309.15,1309.15,1309.15,1309.15,50,350,1309.15,1229.6,1322.45
5091,2021-02-18 12:38:00,1309.15,1309.15,1309.15,1309.15,50,350,1309.15,1229.6,1322.45
5092,2021-02-18 12:39:00,1309.15,1309.15,1309.15,1309.15,50,350,1309.15,1229.6,1322.45
5093,2021-02-18 12:40:00,1309.15,1309.15,1309.15,1309.15,50,350,1309.15,1229.6,1322.45
5094,2021-02-18 12:41:00,1309.15,1309.15,1309.15,1309.15,50,350,1309.15,1229.6,1322.45
5095,2021-02-18 12:42:00,1309.15,1309.15,1309.15,1309.15,50,350,1309.15,1229.6,1322.45
5096,2021-02-18 12:43:00,1309.15,1309.15,1309.15,1309.15,50,350,1309.15,1229.6,1322.45
5097,2021-02-18 12:44:00,1309.15,1309.15,1309.15,1309.15,50,350,1309.15,1229.6,1322.45
5098,2021-02-18 12:45:00,1309.15,1309.15,1309.15,1309.15,50,350,1309.15,1229.6,1322.45
5099,2021-02-18 12:46:00,1309.15,1309.15,1309.15,1309.15,50,350,1309.15,1229.6,1322.45
5100,2021-02-18 12:47:00,1309.15,1309.15,1309.15,1309.15,50,350,1309.15,1229.6,1322.45
5101,2021-02-18 12:48:00,1309.15,1309.15,1309.15,1309.15,50,350,1309.15,1229.6,1322.45
5102,2021-02-18 12:49:00,1309.15,1309.15,1309.15,1309.15,50,350,1309.15,1229.6,1322.45
5103,2021-02-18 12:50:00,1263.05,1263.05,1263.05,1263.05,25,400,1297.62,1081.05,1409.2
5104,2021-02-18 12:51:00,1263.05,1263.05,1263.05,1263.05,25,400,1297.62,1081.05,1409.2
5105,2021-02-18 12:52:00,1263.05,1263.05,1263.05,1263.05,25,400,1297.62,1081.05,1409.2
5106,2021-02-18 12:53:00,1263.05,1263.05,1263.05,1263.05,25,400,1297.62,1081.05,1409.2
5107,2021-02-18 12:54:00,1303.15,1303.15,1303.15,1303.15,50,400,1299.46,1263.05,1302.5
5108,2021-02-18 12:55:00,1303.15,1303.15,1303.15,1303.15,50,400,1299.46,1263.05,1302.5
5109,2021-02-18 12:56:00,1303.15,1303.15,1303.15,1303.15,50,400,1299.46,1263.05,1302.5
5110,2021-02-18 12:57:00,1285.0,1285.0,1285.0,1285.0,25,450,1297.4,1263.1,1299.15
5111,2021-02-18 12:58:00,1285.0,1296.3,1285.0,1296.3,50,450,1295.9,1205.6,1300.75
5112,2021-02-18 12:59:00,1285.0,1296.3,1285.0,1296.3,50,450,1295.9,1205.6,1300.75
5113,2021-02-18 13:00:00,1299.55,1299.55,1299.55,1299.55,25,0,1296.26,1199.25,1313.9
5114,2021-02-18 13:01:00,1299.55,1299.55,1299.55,1299.55,25,0,1296.26,1199.25,1313.9
5115,2021-02-18 13:02:00,1252.8,1252.8,1252.8,1252.8,25,550,1292.31,1207.7,1280.5
5116,2021-02-18 13:03:00,1216.05,1216.05,1216.05,1216.05,25,525,1285.95,1219.25,1265.4
5117,2021-02-18 13:04:00,1222.8,1222.8,1222.8,1222.8,25,525,1281.1,1222.85,1262.25
5118,2021-02-18 13:05:00,1222.8,1222.8,1222.8,1222.8,25,525,1281.1,1222.85,1262.25
5119,2021-02-18 13:06:00,1222.8,1222.8,1222.8,1222.8,25,525,1281.1,1222.85,1262.25
5120,2021-02-18 13:07:00,1288.0,1288.0,1288.0,1288.0,50,475,1281.89,1241.6,1285.8
5121,2021-02-18 13:08:00,1288.0,1288.0,1288.0,1288.0,50,475,1281.89,1241.6,1285.8
5122,2021-02-18 13:09:00,1288.0,1288.0,1288.0,1288.0,50,475,1281.89,1241.6,1285.8
5123,2021-02-18 13:10:00,1288.0,1288.0,1288.0,1288.0,50,475,1281.89,1241.6,1285.8
5124,2021-02-18 13:11:00,1288.0,1288.0,1288.0,1288.0,50,475,1281.89,1241.6,1285.8
5125,2021-02-18 13:12:00,1288.0,1288.0,1288.0,1288.0,50,475,1281.89,1241.6,1285.8
5126,2021-02-18 13:13:00,1288.0,1288.0,1288.0,1288.0,50,475,1281.89,1241.6,1285.8
5127,2021-02-18 13:14:00,1288.0,1288.0,1288.0,1288.0,50,475,1281.89,1241.6,1285.8
5128,2021-02-18 13:15:00,1288.0,1288.0,1288.0,1288.0,50,475,1281.89,1241.6,1285.8
5129,2021-02-18 13:16:00,1278.15,1278.15,1278.15,1278.15,25,525,1281.65,1241.45,1268.5
5130,2021-02-18 13:17:00,1282.7,1282.7,1282.7,1282.7,25,525,1281.72,1250.4,1290.2
5131,2021-02-18 13:18:00,1282.7,1282.7,1282.7,1282.7,25,525,1281.72,1250.4,1290.2
5132,2021-02-18 13:19:00,1130.3,1130.3,1130.3,1130.3,50,575,1265.78,1141.05,1228.95
5133,2021-02-18 13:20:00,1130.3,1130.3,1130.3,1130.3,50,575,1265.78,1141.05,1228.95
5134,2021-02-18 13:21:00,1130.3,1130.3,1130.3,1130.3,50,575,1265.78,1141.05,1228.95
5135,2021-02-18 13:22:00,1130.3,1130.3,1130.3,1130.3,50,575,1265.78,1141.05,1228.95
5136,2021-02-18 13:23:00,1130.3,1130.3,1130.3,1130.3,50,575,1265.78,1141.05,1228.95
5137,2021-02-18 13:24:00,1130.3,1130.3,1130.3,1130.3,50,575,1265.78,1141.05,1228.95
5138,2021-02-18 13:25:00,1130.3,1130.3,1130.3,1130.3,50,575,1265.78,1141.05,1228.95
5139,2021-02-18 13:26:00,1225.0,1225.0,1225.0,1225.0,25,550,1263.74,1201.55,1225.05
5140,2021-02-18 13:27:00,1201.65,1201.65,1201.65,1201.65,25,550,1260.78,673.65,1239.75
5141,2021-02-18 13:28:00,1201.65,1201.65,1201.65,1201.65,25,550,1260.78,673.65,1239.75
5142,2021-02-18 13:29:00,1201.65,1201.65,1201.65,1201.65,25,550,1260.78,673.65,1239.75
5143,2021-02-18 13:30:00,1201.65,1201.65,1201.65,1201.65,25,550,1260.78,673.65,1239.75
5144,2021-02-18 13:31:00,1201.65,1201.65,1201.65,1201.65,25,550,1260.78,673.65,1239.75
5145,2021-02-18 13:32:00,1201.65,1201.65,1201.65,1201.65,25,550,1260.78,673.65,1239.75
5146,2021-02-18 13:33:00,1201.65,1201.65,1201.65,1201.65,25,550,1260.78,673.65,1239.75
5147,2021-02-18 13:34:00,1201.65,1201.65,1201.65,1201.65,25,550,1260.78,673.65,1239.75
5148,2021-02-18 13:35:00,1201.65,1201.65,1201.65,1201.65,25,550,1260.78,673.65,1239.75
5149,2021-02-18 13:36:00,1201.65,1201.65,1201.65,1201.65,25,550,1260.78,673.65,1239.75
5150,2021-02-18 13:37:00,1201.65,1201.65,1201.65,1201.65,25,550,1260.78,673.65,1239.75
5151,2021-02-18 13:38:00,1201.65,1201.65,1201.65,1201.65,25,550,1260.78,673.65,1239.75
5152,2021-02-18 13:39:00,1201.65,1201.65,1201.65,1201.65,25,550,1260.78,673.65,1239.75
5153,2021-02-18 13:40:00,1201.65,1201.65,1201.65,1201.65,25,550,1260.78,673.65,1239.75
5154,2021-02-18 13:41:00,1201.65,1201.65,1201.65,1201.65,25,550,1260.78,673.65,1239.75
5155,2021-02-18 13:42:00,1201.65,1201.65,1201.65,1201.65,25,550,1260.78,673.65,1239.75
5156,2021-02-18 13:43:00,1201.65,1201.65,1201.65,1201.65,25,550,1260.78,673.65,1239.75
5157,2021-02-18 13:44:00,1201.65,1201.65,1201.65,1201.65,25,550,1260.78,673.65,1239.75
5158,2021-02-18 13:45:00,1201.65,1201.65,1201.65,1201.65,25,550,1260.78,673.65,1239.75
5159,2021-02-18 13:46:00,1193.7,1193.7,1193.7,1193.7,25,550,1257.73,1173.8,1210.0
5160,2021-02-18 13:47:00,1193.7,1193.7,1193.7,1193.7,25,550,1257.73,1173.8,1210.0
5161,2021-02-18 13:48:00,1193.7,1193.7,1193.7,1193.7,25,550,1257.73,1173.8,1210.0
5162,2021-02-18 13:49:00,1193.7,1193.7,1193.7,1193.7,25,550,1257.73,1173.8,1210.0
5163,2021-02-18 13:50:00,1193.7,1193.7,1193.7,1193.7,25,550,1257.73,1173.8,1210.0
5164,2021-02-18 13:51:00,1193.7,1193.7,1193.7,1193.7,25,550,1257.73,1173.8,1210.0
5165,2021-02-18 13:52:00,1193.7,1193.7,1193.7,1193.7,25,550,1257.73,1173.8,1210.0
5166,2021-02-18 13:53:00,1193.7,1193.7,1193.7,1193.7,25,550,1257.73,1173.8,1210.0
5167,2021-02-18 13:54:00,1193.7,1193.7,1193.7,1193.7,25,550,1257.73,1173.8,1210.0
5168,2021-02-18 13:55:00,1193.7,1193.7,1193.7,1193.7,25,550,1257.73,1173.8,1210.0
5169,2021-02-18 13:56:00,1193.7,1193.7,1193.7,1193.7,25,550,1257.73,1173.8,1210.0
5170,2021-02-18 13:57:00,1193.7,1193.7,1193.7,1193.7,25,550,1257.73,1173.8,1210.0
5171,2021-02-18 13:58:00,1193.7,1193.7,1193.7,1193.7,25,550,1257.73,1173.8,1210.0
5172,2021-02-18 13:59:00,1193.7,1193.7,1193.7,1193.7,25,550,1257.73,1173.8,1210.0
5173,2021-02-18 14:00:00,1190.0,1190.0,1190.0,1190.0,125,525,1245.19,1178.9,1205.7
5174,2021-02-18 14:01:00,1190.0,1190.0,1190.0,1190.0,125,525,1245.19,1178.9,1205.7
5175,2021-02-18 14:02:00,1190.0,1190.0,1190.0,1190.0,125,525,1245.19,1178.9,1205.7
5176,2021-02-18 14:03:00,1190.0,1190.0,1190.0,1190.0,125,525,1245.19,1178.9,1205.7
5177,2021-02-18 14:04:00,1190.0,1190.0,1190.0,1190.0,125,525,1245.19,1178.9,1205.7
5178,2021-02-18 14:05:00,1190.0,1190.0,1190.0,1190.0,125,525,1245.19,1178.9,1205.7
5179,2021-02-18 14:06:00,1190.0,1190.0,1190.0,1190.0,125,525,1245.19,1178.9,1205.7
5180,2021-02-18 14:07:00,1190.0,1190.0,1190.0,1190.0,125,525,1245.19,1178.9,1205.7
5181,2021-02-18 14:08:00,1190.0,1190.0,1190.0,1190.0,125,525,1245.19,1178.9,1205.7
5182,2021-02-18 14:09:00,1190.0,1190.0,1190.0,1190.0,125,525,1245.19,1178.9,1205.7
5183,2021-02-18 14:10:00,1190.0,1190.0,1190.0,1190.0,125,525,1245.19,1178.9,1205.7
5184,2021-02-18 14:11:00,1190.0,1190.0,1190.0,1190.0,125,525,1245.19,1178.9,1205.7
5185,2021-02-18 14:12:00,1190.0,1190.0,1190.0,1190.0,125,525,1245.19,1178.9,1205.7
5186,2021-02-18 14:13:00,1234.2,1234.2,1234.2,1234.2,25,650,1244.8,1238.65,1268.1
5187,2021-02-18 14:14:00,1234.2,1234.2,1234.2,1234.2,25,650,1244.8,1238.65,1268.1
5188,2021-02-18 14:15:00,1300.1,1300.1,1300.1,1300.1,25,650,1246.7,1252.7,1325.4
5189,2021-02-18 14:16:00,1300.1,1300.1,1300.1,1300.1,25,650,1246.7,1252.7,1325.4
5190,2021-02-18 14:17:00,1300.1,1300.1,1300.1,1300.1,25,650,1246.7,1252.7,1325.4
5191,2021-02-18 14:18:00,1300.1,1300.1,1300.1,1300.1,25,650,1246.7,1252.7,1325.4
5192,2021-02-18 14:19:00,1300.1,1300.1,1300.1,1300.1,25,650,1246.7,1252.7,1325.4
5193,2021-02-18 14:20:00,1300.1,1300.1,1300.1,1300.1,25,650,1246.7,1252.7,1325.4
5194,2021-02-18 14:21:00,1300.1,1300.1,1300.1,1300.1,25,650,1246.7,1252.7,1325.4
5195,2021-02-18 14:22:00,1300.1,1300.1,1300.1,1300.1,25,650,1246.7,1252.7,1325.4
5196,2021-02-18 14:23:00,1306.05,1306.05,1306.05,1306.05,50,625,1250.53,1290.0,1312.15
5197,2021-02-18 14:24:00,1301.0,1301.0,1301.0,1301.0,250,675,1262.84,1224.35,1311.55
5198,2021-02-18 14:25:00,1301.0,1301.0,1301.0,1301.0,250,675,1262.84,1224.35,1311.55
5199,2021-02-18 14:26:00,1301.0,1301.0,1301.0,1301.0,250,675,1262.84,1224.35,1311.55
5200,2021-02-18 14:27:00,1301.0,1301.0,1301.0,1301.0,250,675,1262.84,1224.35,1311.55
5201,2021-02-18 14:28:00,1301.0,1301.0,1301.0,1301.0,250,675,1262.84,1224.35,1311.55
5202,2021-02-18 14:29:00,1301.0,1301.0,1301.0,1301.0,250,675,1262.84,1224.35,1311.55
5203,2021-02-18 14:30:00,1301.0,1301.0,1301.0,1301.0,250,675,1262.84,1224.35,1311.55
5204,2021-02-18 14:31:00,1301.0,1301.0,1301.0,1301.0,250,675,1262.84,1224.35,1311.55
5205,2021-02-18 14:32:00,1301.0,1301.0,1301.0,1301.0,250,675,1262.84,1224.35,1311.55
5206,2021-02-18 14:33:00,1284.95,1284.95,1284.95,1284.95,25,900,1263.37,1265.1,1285.0
5207,2021-02-18 14:34:00,1284.95,1284.95,1284.95,1284.95,25,900,1263.37,1265.1,1285.0
5208,2021-02-18 14:35:00,1282.35,1285.0,1282.35,1285.0,50,925,1264.29,1255.55,1289.8
5209,2021-02-18 14:36:00,1282.35,1285.0,1282.35,1285.0,50,925,1264.29,1255.55,1289.8
5210,2021-02-18 14:37:00,1282.35,1285.0,1282.35,1285.0,50,925,1264.29,1255.55,1289.8
5211,2021-02-18 14:38:00,1282.35,1285.0,1282.35,1285.0,50,925,1264.29,1255.55,1289.8
5212,2021-02-18 14:39:00,1282.35,1285.0,1282.35,1285.0,50,925,1264.29,1255.55,1289.8
5213,2021-02-18 14:40:00,1282.35,1285.0,1282.35,1285.0,50,925,1264.29,1255.55,1289.8
5214,2021-02-18 14:41:00,1282.35,1285.0,1282.35,1285.0,50,925,1264.29,1255.55,1289.8
5215,2021-02-18 14:42:00,1282.35,1285.0,1282.35,1285.0,50,925,1264.29,1255.55,1289.8
5216,2021-02-18 14:43:00,1282.35,1285.0,1282.35,1285.0,50,925,1264.29,1255.55,1289.8
5217,2021-02-18 14:44:00,1282.35,1285.0,1282.35,1285.0,50,925,1264.29,1255.55,1289.8
5218,2021-02-18 14:45:00,1282.35,1285.0,1282.35,1285.0,50,925,1264.29,1255.55,1289.8
5219,2021-02-18 14:46:00,1282.35,1285.0,1282.35,1285.0,50,925,1264.29,1255.55,1289.8
5220,2021-02-18 14:47:00,1282.35,1285.0,1282.35,1285.0,50,925,1264.29,1255.55,1289.8
5221,2021-02-18 14:48:00,1282.35,1285.0,1282.35,1285.0,50,925,1264.29,1255.55,1289.8
5222,2021-02-18 14:49:00,1282.35,1285.0,1282.35,1285.0,50,925,1264.29,1255.55,1289.8
5223,2021-02-18 14:50:00,1282.35,1285.0,1282.35,1285.0,50,925,1264.29,1255.55,1289.8
5224,2021-02-18 14:51:00,1264.75,1264.75,1264.75,1264.75,25,875,1264.3,1218.7,1264.75
5225,2021-02-18 14:52:00,1264.75,1264.75,1264.75,1264.75,25,875,1264.3,1218.7,1264.75
5226,2021-02-18 14:53:00,1229.0,1229.0,1229.0,1229.0,25,875,1263.53,1235.45,1264.7
5227,2021-02-18 14:54:00,1229.0,1229.0,1229.0,1229.0,25,875,1263.53,1235.45,1264.7
5228,2021-02-18 14:55:00,1229.0,1229.0,1229.0,1229.0,25,875,1263.53,1235.45,1264.7
5229,2021-02-18 14:56:00,1261.25,1261.25,1261.25,1261.25,25,825,1263.48,1238.4,1267.45
5230,2021-02-18 14:57:00,1261.25,1261.25,1261.25,1261.25,25,825,1263.48,1238.4,1267.45
5231,2021-02-18 14:58:00,1261.25,1261.25,1261.25,1261.25,25,825,1263.48,1238.4,1267.45
5232,2021-02-18 14:59:00,1261.25,1261.25,1261.25,1261.25,25,825,1263.48,1238.4,1267.45
5233,2021-02-18 15:00:00,1261.25,1261.25,1261.25,1261.25,25,825,1263.48,1238.4,1267.45
5234,2021-02-18 15:01:00,1261.25,1261.25,1261.25,1261.25,25,825,1263.48,1238.4,1267.45
5235,2021-02-18 15:02:00,1261.25,1261.25,1261.25,1261.25,25,825,1263.48,1238.4,1267.45
5236,2021-02-18 15:03:00,1289.95,1289.95,1289.95,1289.95,250,850,1268.08,1256.25,1289.1
5237,2021-02-18 15:04:00,1289.95,1289.95,1289.95,1289.95,250,850,1268.08,1256.25,1289.1
5238,2021-02-18 15:05:00,1289.95,1289.95,1289.95,1289.95,250,850,1268.08,1256.25,1289.1
5239,2021-02-18 15:06:00,1281.05,1281.05,1281.05,1281.05,25,1100,1268.3,1248.0,1279.35
5240,2021-02-18 15:07:00,1281.05,1281.05,1281.05,1281.05,25,1100,1268.3,1248.0,1279.35
5241,2021-02-18 15:08:00,1261.0,1261.0,1261.0,1261.0,25,1125,1268.18,1247.05,1270.25
5242,2021-02-18 15:09:00,1261.0,1261.0,1261.0,1261.0,25,1125,1268.18,1247.05,1270.25
5243,2021-02-18 15:10:00,1261.0,1261.0,1261.0,1261.0,25,1125,1268.18,1247.05,1270.25
5244,2021-02-18 15:11:00,1261.0,1261.0,1261.0,1261.0,25,1125,1268.18,1247.05,1270.25
5245,2021-02-18 15:12:00,1261.0,1261.0,1261.0,1261.0,25,1125,1268.18,1247.05,1270.25
5246,2021-02-18 15:13:00,1261.0,1261.0,1261.0,1261.0,25,1125,1268.18,1247.05,1270.25
5247,2021-02-18 15:14:00,1261.0,1261.0,1261.0,1261.0,25,1150,1268.06,1247.85,1274.1
5248,2021-02-18 15:15:00,1261.0,1261.0,1261.0,1261.0,25,1150,1268.06,1247.85,1274.1
5249,2021-02-18 15:16:00,1261.0,1261.0,1261.0,1261.0,25,1150,1268.06,1247.85,1274.1
5250,2021-02-18 15:17:00,1268.95,1268.95,1268.95,1268.95,25,1175,1268.07,1252.05,1283.15
5251,2021-02-18 15:18:00,1268.95,1268.95,1268.95,1268.95,25,1175,1268.07,1252.05,1283.15
5252,2021-02-18 15:19:00,1268.95,1268.95,1268.95,1268.95,25,1175,1268.07,1252.05,1283.15
5253,2021-02-18 15:20:00,1268.95,1268.95,1268.95,1268.95,25,1175,1268.07,1252.05,1283.15
5254,2021-02-18 15:21:00,1245.1,1245.1,1245.1,1245.1,25,1175,1267.7,1248.35,1278.2
5255,2021-02-18 15:22:00,1245.1,1245.1,1245.1,1245.1,25,1175,1267.7,1248.35,1278.2
5256,2021-02-18 15:23:00,1245.1,1245.1,1245.1,1245.1,25,1175,1267.7,1248.35,1278.2
5257,2021-02-18 15:24:00,1245.1,1245.1,1245.1,1245.1,25,1175,1267.7,1248.35,1278.2
5258,2021-02-18 15:25:00,1245.1,1245.1,1245.1,1245.1,25,1175,1267.7,1248.35,1278.2
5259,2021-02-18 15:26:00,1245.1,1245.1,1245.1,1245.1,25,1175,1267.7,1248.35,1278.2
5260,2021-02-18 15:27:00,1245.1,1245.1,1245.1,1245.1,25,1175,1267.7,1248.35,1278.2
5261,2021-02-18 15:28:00,1245.1,1245.1,1245.1,1245.1,25,1175,1267.7,1248.35,1278.2
5262,2021-02-18 15:29:00,1245.1,1245.1,1245.1,1245.1,25,1175,1267.7,1248.35,1278.2
5263,2021-02-18 15:30:00,1245.1,1245.1,1245.1,1245.1,25,1175,1267.7,1248.35,1278.2
5264,2021-02-19 09:15:00,1245.1,1245.1,1245.1,1245.1,25,1175,1267.7,1248.35,1278.2
5265,2021-02-19 09:16:00,1245.1,1245.1,1245.1,1245.1,25,1175,1267.7,1248.35,1278.2
5266,2021-02-19 09:17:00,1245.1,1245.1,1245.1,1245.1,25,1175,1267.7,1248.35,1278.2
5267,2021-02-19 09:18:00,1245.1,1245.1,1245.1,1245.1,25,1175,1267.7,1248.35,1278.2
5268,2021-02-19 09:19:00,1062.15,1062.15,1062.15,1062.15,25,1150,1062.15,1040.1,1114.05
5269,2021-02-19 09:20:00,1099.85,1100.45,1099.85,1100.45,50,1150,1087.48,1076.95,1116.1
5270,2021-02-19 09:21:00,1099.85,1100.45,1099.85,1100.45,50,1150,1087.48,1076.95,1116.1
5271,2021-02-19 09:22:00,1099.85,1100.45,1099.85,1100.45,50,1150,1087.48,1076.95,1116.1
5272,2021-02-19 09:23:00,1099.85,1100.45,1099.85,1100.45,50,1150,1087.48,1076.95,1116.1
5273,2021-02-19 09:24:00,1099.85,1100.45,1099.85,1100.45,50,1150,1087.48,1076.95,1116.1
5274,2021-02-19 09:25:00,1099.85,1100.45,1099.85,1100.45,50,1150,1087.48,1076.95,1116.1
5275,2021-02-19 09:26:00,1099.85,1100.45,1099.85,1100.45,50,1150,1087.48,1076.95,1116.1
5276,2021-02-19 09:27:00,1099.85,1100.45,1099.85,1100.45,50,1150,1087.48,1076.95,1116.1
5277,2021-02-19 09:28:00,1099.85,1100.45,1099.85,1100.45,50,1150,1087.48,1076.95,1116.1
5278,2021-02-19 09:29:00,1099.85,1100.45,1099.85,1100.45,50,1150,1087.48,1076.95,1116.1
5279,2021-02-19 09:30:00,1099.85,1100.45,1099.85,1100.45,50,1150,1087.48,1076.95,1116.1
5280,2021-02-19 09:31:00,1099.85,1100.45,1099.85,1100.45,50,1150,1087.48,1076.95,1116.1
5281,2021-02-19 09:32:00,1083.95,1086.0,1083.8,1086.0,125,1125,1085.53,1061.5,1095.95
5282,2021-02-19 09:33:00,1083.95,1086.0,1083.8,1086.0,125,1125,1085.53,1061.5,1095.95
5283,2021-02-19 09:34:00,1083.95,1086.0,1083.8,1086.0,125,1125,1085.53,1061.5,1095.95
5284,2021-02-19 09:35:00,1083.95,1086.0,1083.8,1086.0,125,1125,1085.53,1061.5,1095.95
5285,2021-02-19 09:36:00,1083.95,1086.0,1083.8,1086.0,125,1125,1085.53,1061.5,1095.95
5286,2021-02-19 09:37:00,1122.3,1122.3,1122.3,1122.3,100,1100,1097.78,1066.0,1110.75
5287,2021-02-19 09:38:00,1122.3,1122.3,1122.3,1122.3,100,1100,1097.78,1066.0,1110.75
5288,2021-02-19 09:39:00,1122.3,1122.3,1122.3,1122.3,100,1100,1097.78,1066.0,1110.75
5289,2021-02-19 09:40:00,1122.3,1122.3,1122.3,1122.3,100,1100,1097.78,1066.0,1110.75
5290,2021-02-19 09:41:00,1122.3,1122.3,1122.3,1122.3,100,1100,1097.78,1066.0,1110.75
5291,2021-02-19 09:42:00,1122.3,1122.3,1122.3,1122.3,100,1100,1097.78,1066.0,1110.75
5292,2021-02-19 09:43:00,1122.3,1122.3,1122.3,1122.3,100,1100,1097.78,1066.0,1110.75
5293,2021-02-19 09:44:00,1122.3,1122.3,1122.3,1122.3,100,1100,1097.78,1066.0,1110.75
5294,2021-02-19 09:45:00,1122.3,1122.3,1122.3,1122.3,100,1100,1097.78,1066.0,1110.75
5295,2021-02-19 09:46:00,1122.3,1122.3,1122.3,1122.3,100,1100,1097.78,1066.0,1110.75
5296,2021-02-19 09:47:00,1122.3,1122.3,1122.3,1122.3,100,1100,1097.78,1066.0,1110.75
5297,2021-02-19 09:48:00,1122.3,1122.3,1122.3,1122.3,100,1100,1097.78,1066.0,1110.75
5298,2021-02-19 09:49:00,1122.3,1122.3,1122.3,1122.3,100,1100,1097.78,1066.0,1110.75
5299,2021-02-19 09:50:00,1122.3,1122.3,1122.3,1122.3,100,1100,1097.78,1066.0,1110.75
5300,2021-02-19 09:51:00,1122.3,1122.3,1122.3,1122.3,100,1100,1097.78,1066.0,1110.75
5301,2021-02-19 09:52:00,1122.3,1122.3,1122.3,1122.3,100,1100,1097.78,1066.0,1110.75
5302,2021-02-19 09:53:00,1122.3,1122.3,1122.3,1122.3,100,1100,1097.78,1066.0,1110.75
5303,2021-02-19 09:54:00,1122.3,1122.3,1122.3,1122.3,100,1100,1097.78,1066.0,1110.75
5304,2021-02-19 09:55:00,1122.3,1122.3,1122.3,1122.3,100,1100,1097.78,1066.0,1110.75
5305,2021-02-19 09:56:00,1122.3,1122.3,1122.3,1122.3,100,1100,1097.78,1066.0,1110.75
5306,2021-02-19 09:57:00,1119.75,1119.75,1119.75,1119.75,50,1200,1100.92,1118.3,1139.9
5307,2021-02-19 09:58:00,1119.75,1119.75,1119.75,1119.75,50,1200,1100.92,1118.3,1139.9
5308,2021-02-19 09:59:00,1119.75,1119.75,1119.75,1119.75,50,1200,1100.92,1118.3,1139.9
5309,2021-02-19 10:00:00,1108.0,1108.0,1106.95,1106.95,50,1200,1101.74,1096.5,1131.35
5310,2021-02-19 10:01:00,1092.9,1092.9,1092.9,1092.9,25,1200,1101.22,1083.5,1119.9
5311,2021-02-19 10:02:00,1092.9,1092.9,1092.9,1092.9,25,1200,1101.22,1083.5,1119.9
5312,2021-02-19 10:03:00,1092.9,1092.9,1092.9,1092.9,25,1200,1101.22,1083.5,1119.9
5313,2021-02-19 10:04:00,1092.9,1092.9,1092.9,1092.9,25,1200,1101.22,1083.5,1119.9
5314,2021-02-19 10:05:00,1092.9,1092.9,1092.9,1092.9,25,1200,1101.22,1083.5,1119.9
5315,2021-02-19 10:06:00,1092.9,1092.9,1092.9,1092.9,25,1200,1101.22,1083.5,1119.9
5316,2021-02-19 10:07:00,1080.0,1080.0,1080.0,1080.0,25,0,1100.04,1069.15,1094.95
5317,2021-02-19 10:08:00,1080.0,1080.0,1080.0,1080.0,25,0,1100.04,1069.15,1094.95
5318,2021-02-19 10:09:00,1080.0,1080.0,1080.0,1080.0,25,0,1100.04,1069.15,1094.95
5319,2021-02-19 10:10:00,1100.0,1100.0,1100.0,1100.0,25,1225,1100.04,1107.7,1162.9
5320,2021-02-19 10:11:00,1178.85,1178.85,1178.85,1178.85,75,0,1110.55,1158.8,1231.4
5321,2021-02-19 10:12:00,1200.0,1231.2,1200.0,1229.05,100,1250,1127.75,1190.95,1236.6
5322,2021-02-19 10:13:00,1200.0,1231.2,1200.0,1229.05,100,1250,1127.75,1190.95,1236.6
5323,2021-02-19 10:14:00,1200.0,1231.2,1200.0,1229.05,100,1250,1127.75,1190.95,1236.6
5324,2021-02-19 10:15:00,1200.0,1231.2,1200.0,1229.05,100,1250,1127.75,1190.95,1236.6
5325,2021-02-19 10:16:00,1200.0,1231.2,1200.0,1229.05,100,1250,1127.75,1190.95,1236.6
5326,2021-02-19 10:17:00,1200.0,1231.2,1200.0,1229.05,100,1250,1127.75,1190.95,1236.6
5327,2021-02-19 10:18:00,1200.0,1231.2,1200.0,1229.05,100,1250,1127.75,1190.95,1236.6
5328,2021-02-19 10:19:00,1229.05,1229.05,1229.05,1229.05,25,1325,1131.5,1210.15,1236.2
5329,2021-02-19 10:20:00,1229.05,1229.05,1229.05,1229.05,25,1325,1131.5,1210.15,1236.2
5330,2021-02-19 10:21:00,1229.05,1229.05,1229.05,1229.05,25,1325,1131.5,1210.15,1236.2
5331,2021-02-19 10:22:00,1229.05,1229.05,1229.05,1229.05,25,1325,1131.5,1210.15,1236.2
5332,2021-02-19 10:23:00,1229.05,1229.05,1229.05,1229.05,25,1325,1131.5,1210.15,1236.2
5333,2021-02-19 10:24:00,1229.05,1229.05,1229.05,1229.05,25,1325,1131.5,1210.15,1236.2
5334,2021-02-19 10:25:00,1229.05,1229.05,1229.05,1229.05,25,1325,1131.5,1210.15,1236.2
5335,2021-02-19 10:26:00,1229.05,1229.05,1229.05,1229.05,25,1325,1131.5,1210.15,1236.2
5336,2021-02-19 10:27:00,1241.6,1260.0,1241.6,1260.0,100,1350,1147.48,1228.05,1257.0
5337,2021-02-19 10:28:00,1241.6,1260.0,1241.6,1260.0,100,1350,1147.48,1228.05,1257.0
5338,2021-02-19 10:29:00,1241.6,1260.0,1241.6,1260.0,100,1350,1147.48,1228.05,1257.0
5339,2021-02-19 10:30:00,1241.6,1260.0,1241.6,1260.0,100,1350,1147.48,1228.05,1257.0
5340,2021-02-19 10:31:00,1241.6,1260.0,1241.6,1260.0,100,1350,1147.48,1228.05,1257.0
5341,2021-02-19 10:32:00,1241.6,1260.0,1241.6,1260.0,100,1350,1147.48,1228.05,1257.0
5342,2021-02-19 10:33:00,1241.6,1260.0,1241.6,1260.0,100,1350,1147.48,1228.05,1257.0
5343,2021-02-19 10:34:00,1241.6,1260.0,1241.6,1260.0,100,1350,1147.48,1228.05,1257.0
5344,2021-02-19 10:35:00,1241.6,1260.0,1241.6,1260.0,100,1350,1147.48,1228.05,1257.0
5345,2021-02-19 10:36:00,1241.6,1260.0,1241.6,1260.0,100,1350,1147.48,1228.05,1257.0
5346,2021-02-19 10:37:00,1241.6,1260.0,1241.6,1260.0,100,1350,1147.48,1228.05,1257.0
5347,2021-02-19 10:38:00,1262.0,1262.0,1262.0,1262.0,25,1400,1151.06,1260.0,1277.25
5348,2021-02-19 10:39:00,1271.0,1271.0,1260.0,1260.0,50,1400,1157.79,1258.45,1288.95
5349,2021-02-19 10:40:00,1295.0,1295.0,1295.0,1295.0,25,1400,1161.71,1270.1,1304.5
5350,2021-02-19 10:41:00,1295.0,1295.0,1295.0,1295.0,25,1400,1161.71,1270.1,1304.5
5351,2021-02-19 10:42:00,1305.0,1305.0,1305.0,1305.0,25,1500,1165.69,1260.25,1287.4
5352,2021-02-19 10:43:00,1280.95,1280.95,1260.0,1260.0,200,1500,1186.05,1245.25,1272.25
5353,2021-02-19 10:44:00,1272.25,1283.7,1271.25,1283.7,125,1800,1195.05,1248.25,1280.4
5354,2021-02-19 10:45:00,1280.0,1280.0,1266.65,1266.65,175,1800,1204.75,1242.7,1269.15
5355,2021-02-19 10:46:00,1266.95,1266.95,1263.45,1264.1,100,1800,1208.75,1243.9,1264.6
5356,2021-02-19 10:47:00,1261.45,1261.45,1258.55,1258.55,50,1800,1210.4,1243.85,1265.6
5357,2021-02-19 10:48:00,1261.45,1261.45,1258.55,1258.55,50,1800,1210.4,1243.85,1265.6
5358,2021-02-19 10:49:00,1256.65,1256.65,1256.65,1256.65,25,2175,1211.13,1239.8,1256.65
5359,2021-02-19 10:50:00,1256.65,1256.65,1256.65,1256.65,25,2175,1211.13,1239.8,1256.65
5360,2021-02-19 10:51:00,1256.65,1256.65,1256.65,1256.65,25,2175,1211.13,1239.8,1256.65
5361,2021-02-19 10:52:00,1227.65,1227.65,1227.65,1227.65,150,2200,1212.57,1213.75,1225.4
5362,2021-02-19 10:53:00,1227.65,1227.65,1227.65,1227.65,150,2200,1212.57,1213.75,1225.4
5363,2021-02-19 10:54:00,1194.35,1194.35,1194.35,1194.35,175,2325,1211.03,1175.7,1185.2
5364,2021-02-19 10:55:00,1181.0,1181.0,1181.0,1181.0,250,2325,1206.68,1166.75,1184.9
5365,2021-02-19 10:56:00,1182.15,1182.15,1182.15,1182.15,75,2325,1205.85,1183.0,1199.45
5366,2021-02-19 10:57:00,1182.15,1182.15,1182.15,1182.15,75,2325,1205.85,1183.0,1199.45
5367,2021-02-19 10:58:00,1193.5,1193.5,1193.5,1193.5,25,0,1205.71,1176.35,1193.3
5368,2021-02-19 10:59:00,1193.5,1193.5,1193.5,1193.5,25,0,1205.71,1176.35,1193.3
5369,2021-02-19 11:00:00,1193.5,1193.5,1193.5,1193.5,25,0,1205.71,1176.35,1193.3
5370,2021-02-19 11:01:00,1151.65,1151.65,1151.65,1151.65,25,2350,1205.12,1154.45,1177.4
5371,2021-02-19 11:02:00,1151.65,1151.65,1151.65,1151.65,25,2350,1205.12,1154.45,1177.4
5372,2021-02-19 11:03:00,1151.65,1151.65,1151.65,1151.65,25,2350,1205.12,1154.45,1177.4
5373,2021-02-19 11:04:00,1151.65,1151.65,1151.65,1151.65,25,2350,1205.12,1154.45,1177.4
5374,2021-02-19 11:05:00,1151.65,1151.65,1151.65,1151.65,25,2350,1205.12,1154.45,1177.4
5375,2021-02-19 11:06:00,1148.35,1148.35,1148.35,1148.35,25,2350,1204.5,1145.95,1159.6
5376,2021-02-19 11:07:00,1169.4,1171.5,1169.4,1171.5,75,2350,1203.38,1162.45,1174.45
5377,2021-02-19 11:08:00,1174.45,1174.45,1169.0,1169.8,175,2550,1201.15,1154.1,1167.85
5378,2021-02-19 11:09:00,1165.15,1165.15,1141.8,1141.8,225,2550,1197.18,1136.05,1148.95
5379,2021-02-19 11:10:00,1147.4,1147.4,1147.4,1147.4,25,0,1196.74,1145.45,1157.85
5380,2021-02-19 11:11:00,1146.0,1146.0,1146.0,1146.0,25,2550,1196.29,1131.7,1146.1
5381,2021-02-19 11:12:00,1146.0,1146.0,1146.0,1146.0,25,2550,1196.29,1131.7,1146.1
5382,2021-02-19 11:13:00,1152.7,1152.7,1152.7,1152.7,25,2775,1195.9,1145.95,1162.1
5383,2021-02-19 11:14:00,1152.7,1152.7,1152.7,1152.7,25,2775,1195.9,1145.95,1162.1
5384,2021-02-19 11:15:00,1153.8,1153.8,1144.05,1144.05,50,2775,1195.09,1126.85,1145.2
5385,2021-02-19 11:16:00,1153.8,1153.8,1144.05,1144.05,50,2775,1195.09,1126.85,1145.2
5386,2021-02-19 11:17:00,1153.8,1153.8,1144.05,1144.05,50,2775,1195.09,1126.85,1145.2
5387,2021-02-19 11:18:00,1153.8,1153.8,1144.05,1144.05,50,2775,1195.09,1126.85,1145.2
5388,2021-02-19 11:19:00,1145.75,1145.75,1145.7,1145.7,75,2800,1193.85,1139.05,1160.65
5389,2021-02-19 11:20:00,1145.75,1145.75,1145.7,1145.7,75,2800,1193.85,1139.05,1160.65
5390,2021-02-19 11:21:00,1145.75,1145.75,1145.7,1145.7,75,2800,1193.85,1139.05,1160.65
5391,2021-02-19 11:22:00,1156.0,1156.0,1156.0,1156.0,25,2825,1193.53,1128.15,1146.95
5392,2021-02-19 11:23:00,1156.0,1156.0,1156.0,1156.0,25,2825,1193.53,1128.15,1146.95
5393,2021-02-19 11:24:00,1154.4,1154.4,1154.4,1154.4,25,2850,1193.21,1149.2,1171.4
5394,2021-02-19 11:25:00,1154.4,1154.4,1154.4,1154.4,25,2850,1193.21,1149.2,1171.4
5395,2021-02-19 11:26:00,1154.4,1154.4,1154.4,1154.4,25,2850,1193.21,1149.2,1171.4
5396,2021-02-19 11:27:00,1154.4,1154.4,1154.4,1154.4,25,2850,1193.21,1149.2,1171.4
5397,2021-02-19 11:28:00,1154.4,1154.4,1154.4,1154.4,25,2850,1193.21,1149.2,1171.4
5398,2021-02-19 11:29:00,1154.4,1154.4,1154.4,1154.4,25,2850,1193.21,1149.2,1171.4
5399,2021-02-19 11:30:00,1154.4,1154.4,1154.4,1154.4,25,2850,1193.21,1149.2,1171.4
5400,2021-02-19 11:31:00,1154.4,1154.4,1154.4,1154.4,25,2850,1193.21,1149.2,1171.4
5401,2021-02-19 11:32:00,1154.4,1154.4,1154.4,1154.4,25,2850,1193.21,1149.2,1171.4
5402,2021-02-19 11:33:00,1154.4,1154.4,1154.4,1154.4,25,2850,1193.21,1149.2,1171.4
5403,2021-02-19 11:34:00,1154.4,1154.4,1154.4,1154.4,25,2850,1193.21,1149.2,1171.4
5404,2021-02-19 11:35:00,1154.4,1154.4,1154.4,1154.4,25,2850,1193.21,1149.2,1171.4
5405,2021-02-19 11:36:00,1154.4,1154.4,1154.4,1154.4,25,2850,1193.21,1149.2,1171.4
5406,2021-02-19 11:37:00,1154.4,1154.4,1154.4,1154.4,25,2850,1193.21,1149.2,1171.4
5407,2021-02-19 11:38:00,1154.4,1154.4,1154.4,1154.4,25,2850,1193.21,1149.2,1171.4
5408,2021-02-19 11:39:00,1154.4,1154.4,1154.4,1154.4,25,2850,1193.21,1149.2,1171.4
5409,2021-02-19 11:40:00,1154.4,1154.4,1154.4,1154.4,25,2850,1193.21,1149.2,1171.4
5410,2021-02-19 11:41:00,1154.4,1154.4,1154.4,1154.4,25,2850,1193.21,1149.2,1171.4
5411,2021-02-19 11:42:00,1154.4,1154.4,1154.4,1154.4,25,2850,1193.21,1149.2,1171.4
5412,2021-02-19 11:43:00,1154.4,1154.4,1154.4,1154.4,25,2850,1193.21,1149.2,1171.4
5413,2021-02-19 11:44:00,1154.4,1154.4,1154.4,1154.4,25,2850,1193.21,1149.2,1171.4
5414,2021-02-19 11:45:00,1152.2,1152.2,1152.2,1152.2,25,0,1192.87,1171.6,1184.95
5415,2021-02-19 11:46:00,1171.75,1171.75,1171.75,1171.75,25,2850,1192.7,1161.75,1176.75
5416,2021-02-19 11:47:00,1171.75,1171.75,1171.75,1171.75,25,2850,1192.7,1161.75,1176.75
5417,2021-02-19 11:48:00,1171.75,1171.75,1171.75,1171.75,25,2850,1192.7,1161.75,1176.75
5418,2021-02-19 11:49:00,1171.75,1171.75,1171.75,1171.75,25,2850,1192.7,1161.75,1176.75
5419,2021-02-19 11:50:00,1171.75,1171.75,1171.75,1171.75,25,2850,1192.7,1161.75,1176.75
5420,2021-02-19 11:51:00,1171.75,1171.75,1171.75,1171.75,25,2850,1192.7,1161.75,1176.75
5421,2021-02-19 11:52:00,1171.75,1171.75,1171.75,1171.75,25,2850,1192.7,1161.75,1176.75
5422,2021-02-19 11:53:00,1171.75,1171.75,1171.75,1171.75,25,2850,1192.7,1161.75,1176.75
5423,2021-02-19 11:54:00,1171.75,1171.75,1171.75,1171.75,25,2850,1192.7,1161.75,1176.75
5424,2021-02-19 11:55:00,1197.65,1197.65,1197.65,1197.65,50,2850,1192.78,1179.85,1202.25
5425,2021-02-19 11:56:00,1197.65,1197.65,1197.65,1197.65,50,2850,1192.78,1179.85,1202.25
5426,2021-02-19 11:57:00,1197.65,1197.65,1197.65,1197.65,50,2850,1192.78,1179.85,1202.25
5427,2021-02-19 11:58:00,1197.65,1197.65,1197.65,1197.65,50,2850,1192.78,1179.85,1202.25
5428,2021-02-19 11:59:00,1197.65,1197.65,1197.65,1197.65,50,2850,1192.78,1179.85,1202.25
5429,2021-02-19 12:00:00,1197.65,1197.65,1197.65,1197.65,50,2850,1192.78,1179.85,1202.25
5430,2021-02-19 12:01:00,1139.6,1139.6,1139.6,1139.6,50,2850,1191.94,1139.9,1156.05
5431,2021-02-19 12:02:00,1139.6,1139.6,1139.6,1139.6,50,2850,1191.94,1139.9,1156.05
5432,2021-02-19 12:03:00,1139.6,1139.6,1139.6,1139.6,50,2850,1191.94,1139.9,1156.05
5433,2021-02-19 12:04:00,1139.6,1139.6,1139.6,1139.6,50,2850,1191.94,1139.9,1156.05
5434,2021-02-19 12:05:00,1139.6,1139.6,1139.6,1139.6,50,2850,1191.94,1139.9,1156.05
5435,2021-02-19 12:06:00,1139.6,1139.6,1139.6,1139.6,50,2850,1191.94,1139.9,1156.05
5436,2021-02-19 12:07:00,1139.6,1139.6,1139.6,1139.6,50,2850,1191.94,1139.9,1156.05
5437,2021-02-19 12:08:00,1139.6,1139.6,1139.6,1139.6,50,2850,1191.94,1139.9,1156.05
5438,2021-02-19 12:09:00,1139.6,1139.6,1139.6,1139.6,50,2850,1191.94,1139.9,1156.05
5439,2021-02-19 12:10:00,1139.6,1139.6,1139.6,1139.6,50,2850,1191.94,1139.9,1156.05
5440,2021-02-19 12:11:00,1139.6,1139.6,1139.6,1139.6,50,2850,1191.94,1139.9,1156.05
5441,2021-02-19 12:12:00,1139.6,1139.6,1139.6,1139.6,50,2850,1191.94,1139.9,1156.05
5442,2021-02-19 12:13:00,1139.6,1139.6,1139.6,1139.6,50,2850,1191.94,1139.9,1156.05
5443,2021-02-19 12:14:00,1139.6,1139.6,1139.6,1139.6,50,2850,1191.94,1139.9,1156.05
5444,2021-02-19 12:15:00,1139.6,1139.6,1139.6,1139.6,50,2850,1191.94,1139.9,1156.05
5445,2021-02-19 12:16:00,1139.6,1139.6,1139.6,1139.6,50,2850,1191.94,1139.9,1156.05
5446,2021-02-19 12:17:00,1139.6,1139.6,1139.6,1139.6,50,2850,1191.94,1139.9,1156.05
5447,2021-02-19 12:18:00,1139.6,1139.6,1139.6,1139.6,50,2850,1191.94,1139.9,1156.05
5448,2021-02-19 12:19:00,1139.6,1139.6,1139.6,1139.6,50,2850,1191.94,1139.9,1156.05
5449,2021-02-19 12:20:00,1139.6,1139.6,1139.6,1139.6,50,2850,1191.94,1139.9,1156.05
5450,2021-02-19 12:21:00,1139.6,1139.6,1139.6,1139.6,50,2850,1191.94,1139.9,1156.05
5451,2021-02-19 12:22:00,1139.6,1139.6,1139.6,1139.6,50,2850,1191.94,1139.9,1156.05
5452,2021-02-19 12:23:00,1139.6,1139.6,1139.6,1139.6,50,2850,1191.94,1139.9,1156.05
5453,2021-02-19 12:24:00,1139.6,1139.6,1139.6,1139.6,50,2850,1191.94,1139.9,1156.05
5454,2021-02-19 12:25:00,1139.6,1139.6,1139.6,1139.6,50,2850,1191.94,1139.9,1156.05
5455,2021-02-19 12:26:00,1139.6,1139.6,1139.6,1139.6,50,2850,1191.94,1139.9,1156.05
5456,2021-02-19 12:27:00,1139.6,1139.6,1139.6,1139.6,50,2850,1191.94,1139.9,1156.05
5457,2021-02-19 12:28:00,1139.6,1139.6,1139.6,1139.6,50,2850,1191.94,1139.9,1156.05
5458,2021-02-19 12:29:00,1139.6,1139.6,1139.6,1139.6,50,2850,1191.94,1139.9,1156.05
5459,2021-02-19 12:30:00,1139.95,1139.95,1139.95,1139.95,25,2875,1191.54,1110.8,1137.9
5460,2021-02-19 12:31:00,1139.95,1139.95,1139.95,1139.95,25,2875,1191.54,1110.8,1137.9
5461,2021-02-19 12:32:00,1139.95,1139.95,1139.95,1139.95,25,2875,1191.54,1110.8,1137.9
5462,2021-02-19 12:33:00,1139.95,1139.95,1139.95,1139.95,25,2875,1191.54,1110.8,1137.9
5463,2021-02-19 12:34:00,1139.95,1139.95,1139.95,1139.95,25,2875,1191.54,1110.8,1137.9
5464,2021-02-19 12:35:00,1139.95,1139.95,1139.95,1139.95,25,2875,1191.54,1110.8,1137.9
5465,2021-02-19 12:36:00,1139.95,1139.95,1139.95,1139.95,25,2875,1191.54,1110.8,1137.9
5466,2021-02-19 12:37:00,1139.95,1139.95,1139.95,1139.95,25,2875,1191.54,1110.8,1137.9
5467,2021-02-19 12:38:00,1139.95,1139.95,1139.95,1139.95,25,2875,1191.54,1110.8,1137.9
5468,2021-02-19 12:39:00,1139.95,1139.95,1139.95,1139.95,25,2875,1191.54,1110.8,1137.9
5469,2021-02-19 12:40:00,1139.95,1139.95,1139.95,1139.95,25,2875,1191.54,1110.8,1137.9
5470,2021-02-19 12:41:00,1139.95,1139.95,1139.95,1139.95,25,2875,1191.54,1110.8,1137.9
5471,2021-02-19 12:42:00,1139.95,1139.95,1139.95,1139.95,25,2875,1191.54,1110.8,1137.9
5472,2021-02-19 12:43:00,1139.95,1139.95,1139.95,1139.95,25,2875,1191.54,1110.8,1137.9
5473,2021-02-19 12:44:00,1139.95,1139.95,1139.95,1139.95,25,2875,1191.54,1110.8,1137.9
5474,2021-02-19 12:45:00,1139.95,1139.95,1139.95,1139.95,25,2875,1191.54,1110.8,1137.9
5475,2021-02-19 12:46:00,1139.95,1139.95,1139.95,1139.95,25,2875,1191.54,1110.8,1137.9
5476,2021-02-19 12:47:00,1139.95,1139.95,1139.95,1139.95,25,2875,1191.54,1110.8,1137.9
5477,2021-02-19 12:48:00,1139.95,1139.95,1139.95,1139.95,25,2875,1191.54,1110.8,1137.9
5478,2021-02-19 12:49:00,1139.95,1139.95,1139.95,1139.95,25,2875,1191.54,1110.8,1137.9
5479,2021-02-19 12:50:00,1139.95,1139.95,1139.95,1139.95,25,2875,1191.54,1110.8,1137.9
5480,2021-02-19 12:51:00,1139.95,1139.95,1139.95,1139.95,25,2875,1191.54,1110.8,1137.9
5481,2021-02-19 12:52:00,1139.95,1139.95,1139.95,1139.95,25,2875,1191.54,1110.8,1137.9
5482,2021-02-19 12:53:00,1139.95,1139.95,1139.95,1139.95,25,2875,1191.54,1110.8,1137.9
5483,2021-02-19 12:54:00,1139.95,1139.95,1139.95,1139.95,25,2875,1191.54,1110.8,1137.9
5484,2021-02-19 12:55:00,1139.95,1139.95,1139.95,1139.95,25,2875,1191.54,1110.8,1137.9
5485,2021-02-19 12:56:00,1139.95,1139.95,1139.95,1139.95,25,2875,1191.54,1110.8,1137.9
5486,2021-02-19 12:57:00,1139.95,1139.95,1139.95,1139.95,25,2875,1191.54,1110.8,1137.9
5487,2021-02-19 12:58:00,1139.95,1139.95,1139.95,1139.95,25,2875,1191.54,1110.8,1137.9
5488,2021-02-19 12:59:00,1139.95,1139.95,1139.95,1139.95,25,2875,1191.54,1110.8,1137.9
5489,2021-02-19 13:00:00,1139.95,1139.95,1139.95,1139.95,25,2875,1191.54,1110.8,1137.9
5490,2021-02-19 13:01:00,1139.95,1139.95,1139.95,1139.95,25,2875,1191.54,1110.8,1137.9
5491,2021-02-19 13:02:00,1139.95,1139.95,1139.95,1139.95,25,2875,1191.54,1110.8,1137.9
5492,2021-02-19 13:03:00,1139.95,1139.95,1139.95,1139.95,25,2875,1191.54,1110.8,1137.9
5493,2021-02-19 13:04:00,1139.95,1139.95,1139.95,1139.95,25,2875,1191.54,1110.8,1137.9
5494,2021-02-19 13:05:00,1139.95,1139.95,1139.95,1139.95,25,2875,1191.54,1110.8,1137.9
5495,2021-02-19 13:06:00,1139.95,1139.95,1139.95,1139.95,25,2875,1191.54,1110.8,1137.9
5496,2021-02-19 13:07:00,1139.95,1139.95,1139.95,1139.95,25,2875,1191.54,1110.8,1137.9
5497,2021-02-19 13:08:00,1139.95,1139.95,1139.95,1139.95,25,2875,1191.54,1110.8,1137.9
5498,2021-02-19 13:09:00,1139.95,1139.95,1139.95,1139.95,25,2875,1191.54,1110.8,1137.9
5499,2021-02-19 13:10:00,1139.95,1139.95,1139.95,1139.95,25,2875,1191.54,1110.8,1137.9
5500,2021-02-19 13:11:00,1139.95,1139.95,1139.95,1139.95,25,2875,1191.54,1110.8,1137.9
5501,2021-02-19 13:12:00,1139.95,1139.95,1139.95,1139.95,25,2875,1191.54,1110.8,1137.9
5502,2021-02-19 13:13:00,1139.95,1139.95,1139.95,1139.95,25,2875,1191.54,1110.8,1137.9
5503,2021-02-19 13:14:00,1139.95,1139.95,1139.95,1139.95,25,2875,1191.54,1110.8,1137.9
5504,2021-02-19 13:15:00,1139.95,1139.95,1139.95,1139.95,25,2875,1191.54,1110.8,1137.9
5505,2021-02-19 13:16:00,1139.95,1139.95,1139.95,1139.95,25,2875,1191.54,1110.8,1137.9
5506,2021-02-19 13:17:00,1139.95,1139.95,1139.95,1139.95,25,2875,1191.54,1110.8,1137.9
5507,2021-02-19 13:18:00,1139.95,1139.95,1139.95,1139.95,25,2875,1191.54,1110.8,1137.9
5508,2021-02-19 13:19:00,1139.95,1139.95,1139.95,1139.95,25,2875,1191.54,1110.8,1137.9
5509,2021-02-19 13:20:00,1139.95,1139.95,1139.95,1139.95,25,2875,1191.54,1110.8,1137.9
5510,2021-02-19 13:21:00,1139.95,1139.95,1139.95,1139.95,25,2875,1191.54,1110.8,1137.9
5511,2021-02-19 13:22:00,1139.95,1139.95,1139.95,1139.95,25,2875,1191.54,1110.8,1137.9
5512,2021-02-19 13:23:00,1139.95,1139.95,1139.95,1139.95,25,2875,1191.54,1110.8,1137.9
5513,2021-02-19 13:24:00,1072.8,1072.8,1072.8,1072.8,25,2750,1190.62,1080.8,1106.6
5514,2021-02-19 13:25:00,1072.8,1072.8,1072.8,1072.8,25,2750,1190.62,1080.8,1106.6
5515,2021-02-19 13:26:00,1072.8,1072.8,1072.8,1072.8,25,2750,1190.62,1080.8,1106.6
5516,2021-02-19 13:27:00,1072.8,1072.8,1072.8,1072.8,25,2750,1190.62,1080.8,1106.6
5517,2021-02-19 13:28:00,1072.8,1072.8,1072.8,1072.8,25,2750,1190.62,1080.8,1106.6
5518,2021-02-19 13:29:00,1072.8,1072.8,1072.8,1072.8,25,2750,1190.62,1080.8,1106.6
5519,2021-02-19 13:30:00,1072.8,1072.8,1072.8,1072.8,25,2750,1190.62,1080.8,1106.6
5520,2021-02-19 13:31:00,1072.8,1072.8,1072.8,1072.8,25,2750,1190.62,1080.8,1106.6
5521,2021-02-19 13:32:00,1072.8,1072.8,1072.8,1072.8,25,2750,1190.62,1080.8,1106.6
5522,2021-02-19 13:33:00,1036.5,1036.5,1036.5,1036.5,25,2750,1189.43,1037.1,1060.3
5523,2021-02-19 13:34:00,1036.5,1036.5,1036.5,1036.5,25,2750,1189.43,1037.1,1060.3
5524,2021-02-19 13:35:00,1036.5,1036.5,1036.5,1036.5,25,2750,1189.43,1037.1,1060.3
5525,2021-02-19 13:36:00,1036.5,1036.5,1036.5,1036.5,25,2750,1189.43,1037.1,1060.3
5526,2021-02-19 13:37:00,1036.5,1036.5,1036.5,1036.5,25,2750,1189.43,1037.1,1060.3
5527,2021-02-19 13:38:00,1036.5,1036.5,1036.5,1036.5,25,2750,1189.43,1037.1,1060.3
5528,2021-02-19 13:39:00,1036.5,1036.5,1036.5,1036.5,25,2750,1189.43,1037.1,1060.3
5529,2021-02-19 13:40:00,1036.5,1036.5,1036.5,1036.5,25,2750,1189.43,1037.1,1060.3
5530,2021-02-19 13:41:00,945.0,945.0,945.0,945.0,100,2750,1182.97,1001.9,1033.7
5531,2021-02-19 13:42:00,1034.45,1034.45,1034.45,1034.45,25,2725,1181.87,1017.85,1043.75
5532,2021-02-19 13:43:00,1034.45,1034.45,1034.45,1034.45,25,2725,1181.87,1017.85,1043.75
5533,2021-02-19 13:44:00,1050.6,1050.6,1050.6,1050.6,50,2725,1179.96,1036.15,1052.85
5534,2021-02-19 13:45:00,1050.6,1050.6,1050.6,1050.6,50,2725,1179.96,1036.15,1052.85
5535,2021-02-19 13:46:00,1038.9,1038.9,1036.95,1036.95,50,2725,1177.91,1026.55,1054.55
5536,2021-02-19 13:47:00,1038.9,1038.9,1036.95,1036.95,50,2725,1177.91,1026.55,1054.55
5537,2021-02-19 13:48:00,1038.9,1038.9,1036.95,1036.95,50,2725,1177.91,1026.55,1054.55
5538,2021-02-19 13:49:00,1038.9,1038.9,1036.95,1036.95,50,2725,1177.91,1026.55,1054.55
5539,2021-02-19 13:50:00,1038.9,1038.9,1036.95,1036.95,50,2725,1177.91,1026.55,1054.55
5540,2021-02-19 13:51:00,1038.9,1038.9,1036.95,1036.95,50,2725,1177.91,1026.55,1054.55
5541,2021-02-19 13:52:00,1038.9,1038.9,1036.95,1036.95,50,2725,1177.91,1026.55,1054.55
5542,2021-02-19 13:53:00,1038.9,1038.9,1036.95,1036.95,50,2725,1177.91,1026.55,1054.55
5543,2021-02-19 13:54:00,1038.9,1038.9,1036.95,1036.95,50,2725,1177.91,1026.55,1054.55
5544,2021-02-19 13:55:00,1038.9,1038.9,1036.95,1036.95,50,2725,1177.91,1026.55,1054.55
5545,2021-02-19 13:56:00,1038.9,1038.9,1036.95,1036.95,50,2725,1177.91,1026.55,1054.55
5546,2021-02-19 13:57:00,1038.9,1038.9,1036.95,1036.95,50,2725,1177.91,1026.55,1054.55
5547,2021-02-19 13:58:00,1038.9,1038.9,1036.95,1036.95,50,2725,1177.91,1026.55,1054.55
5548,2021-02-19 13:59:00,1038.9,1038.9,1036.95,1036.95,50,2725,1177.91,1026.55,1054.55
5549,2021-02-19 14:00:00,1038.9,1038.9,1036.95,1036.95,50,2725,1177.91,1026.55,1054.55
5550,2021-02-19 14:01:00,1016.35,1016.35,1016.35,1016.35,25,2650,1176.76,988.2,1021.3
5551,2021-02-19 14:02:00,1016.35,1016.35,1016.35,1016.35,25,2650,1176.76,988.2,1021.3
5552,2021-02-19 14:03:00,1016.35,1016.35,1016.35,1016.35,25,2650,1176.76,988.2,1021.3
5553,2021-02-19 14:04:00,1016.35,1016.35,1016.35,1016.35,25,2650,1176.76,988.2,1021.3
5554,2021-02-19 14:05:00,1016.35,1016.35,1016.35,1016.35,25,2650,1176.76,988.2,1021.3
5555,2021-02-19 14:06:00,1016.35,1016.35,1016.35,1016.35,25,2650,1176.76,988.2,1021.3
5556,2021-02-19 14:07:00,948.0,948.0,948.0,948.0,75,2675,1171.96,897.6,961.3
5557,2021-02-19 14:08:00,948.0,948.0,948.0,948.0,75,2675,1171.96,897.6,961.3
5558,2021-02-19 14:09:00,948.0,948.0,948.0,948.0,75,2675,1171.96,897.6,961.3
5559,2021-02-19 14:10:00,879.8,879.8,879.8,879.8,50,2725,1167.93,896.0,978.1
5560,2021-02-19 14:11:00,896.05,896.05,896.05,896.05,25,2725,1166.07,888.8,935.4
5561,2021-02-19 14:12:00,896.05,896.05,896.05,896.05,25,2725,1166.07,888.8,935.4
5562,2021-02-19 14:13:00,896.05,896.05,896.05,896.05,25,2725,1166.07,888.8,935.4
5563,2021-02-19 14:14:00,896.05,896.05,896.05,896.05,25,2725,1166.07,888.8,935.4
5564,2021-02-19 14:15:00,896.05,896.05,896.05,896.05,25,2725,1166.07,888.8,935.4
5565,2021-02-19 14:16:00,896.05,896.05,896.05,896.05,25,2725,1166.07,888.8,935.4
5566,2021-02-19 14:17:00,896.05,896.05,896.05,896.05,25,2725,1166.07,888.8,935.4
5567,2021-02-19 14:18:00,896.05,896.05,896.05,896.05,25,2725,1166.07,888.8,935.4
5568,2021-02-19 14:19:00,941.95,941.95,941.95,941.95,50,2750,1162.9,918.95,952.45
5569,2021-02-19 14:20:00,941.95,941.95,941.95,941.95,50,2750,1162.9,918.95,952.45
5570,2021-02-19 14:21:00,941.95,941.95,941.95,941.95,50,2750,1162.9,918.95,952.45
5571,2021-02-19 14:22:00,941.95,941.95,941.95,941.95,50,2750,1162.9,918.95,952.45
5572,2021-02-19 14:23:00,941.95,941.95,941.95,941.95,50,2750,1162.9,918.95,952.45
5573,2021-02-19 14:24:00,941.95,941.95,941.95,941.95,50,2750,1162.9,918.95,952.45
5574,2021-02-19 14:25:00,941.95,941.95,941.95,941.95,50,2750,1162.9,918.95,952.45
5575,2021-02-19 14:26:00,941.95,941.95,941.95,941.95,50,2750,1162.9,918.95,952.45
5576,2021-02-19 14:27:00,941.95,941.95,941.95,941.95,50,2750,1162.9,918.95,952.45
5577,2021-02-19 14:28:00,941.95,941.95,941.95,941.95,50,2750,1162.9,918.95,952.45
5578,2021-02-19 14:29:00,920.35,920.35,920.35,920.35,25,2775,1161.27,923.3,950.8
5579,2021-02-19 14:30:00,920.35,920.35,920.35,920.35,25,2775,1161.27,923.3,950.8
5580,2021-02-19 14:31:00,920.35,920.35,920.35,920.35,25,2775,1161.27,923.3,950.8
5581,2021-02-19 14:32:00,920.35,920.35,920.35,920.35,25,2775,1161.27,923.3,950.8
5582,2021-02-19 14:33:00,920.35,920.35,920.35,920.35,25,2775,1161.27,923.3,950.8
5583,2021-02-19 14:34:00,920.35,920.35,920.35,920.35,25,2775,1161.27,923.3,950.8
5584,2021-02-19 14:35:00,920.35,920.35,920.35,920.35,25,2775,1161.27,923.3,950.8
5585,2021-02-19 14:36:00,917.45,917.45,917.45,917.45,50,2725,1158.04,890.95,917.75
5586,2021-02-19 14:37:00,917.45,917.45,917.45,917.45,50,2725,1158.04,890.95,917.75
5587,2021-02-19 14:38:00,917.45,917.45,917.45,917.45,50,2725,1158.04,890.95,917.75
5588,2021-02-19 14:39:00,917.45,917.45,917.45,917.45,50,2725,1158.04,890.95,917.75
5589,2021-02-19 14:40:00,917.45,917.45,917.45,917.45,50,2725,1158.04,890.95,917.75
5590,2021-02-19 14:41:00,917.45,917.45,917.45,917.45,50,2725,1158.04,890.95,917.75
5591,2021-02-19 14:42:00,917.45,917.45,917.45,917.45,50,2725,1158.04,890.95,917.75
5592,2021-02-19 14:43:00,917.45,917.45,917.45,917.45,50,2725,1158.04,890.95,917.75
5593,2021-02-19 14:44:00,917.45,917.45,917.45,917.45,50,2725,1158.04,890.95,917.75
5594,2021-02-19 14:45:00,917.45,917.45,917.45,917.45,50,2725,1158.04,890.95,917.75
5595,2021-02-19 14:46:00,917.45,917.45,917.45,917.45,50,2725,1158.04,890.95,917.75
5596,2021-02-19 14:47:00,917.45,917.45,917.45,917.45,50,2725,1158.04,890.95,917.75
5597,2021-02-19 14:48:00,917.45,917.45,917.45,917.45,50,2725,1158.04,890.95,917.75
5598,2021-02-19 14:49:00,917.45,917.45,917.45,917.45,50,2725,1158.04,890.95,917.75
5599,2021-02-19 14:50:00,917.45,917.45,917.45,917.45,50,2725,1158.04,890.95,917.75
5600,2021-02-19 14:51:00,917.45,917.45,917.45,917.45,50,2725,1158.04,890.95,917.75
5601,2021-02-19 14:52:00,917.45,917.45,917.45,917.45,50,2725,1158.04,890.95,917.75
5602,2021-02-19 14:53:00,890.0,890.0,878.35,890.0,200,2750,1144.43,864.8,888.05
5603,2021-02-19 14:54:00,890.0,890.0,878.35,890.0,200,2750,1144.43,864.8,888.05
5604,2021-02-19 14:55:00,890.0,890.0,878.35,890.0,200,2750,1144.43,864.8,888.05
5605,2021-02-19 14:56:00,890.0,890.0,878.35,890.0,200,2750,1144.43,864.8,888.05
5606,2021-02-19 14:57:00,874.4,883.8,870.15,870.15,200,2925,1131.63,854.7,885.3
5607,2021-02-19 14:58:00,848.0,848.0,848.0,848.0,25,2925,1129.94,817.55,838.05
5608,2021-02-19 14:59:00,814.85,814.85,814.85,814.85,25,2925,1128.07,812.75,839.9
5609,2021-02-19 15:00:00,814.85,814.85,814.85,814.85,75,2975,1122.61,822.2,844.7
5610,2021-02-19 15:01:00,814.85,814.85,814.85,814.85,75,2975,1122.61,822.2,844.7
5611,2021-02-19 15:02:00,847.95,848.0,847.95,848.0,75,2975,1117.9,837.3,858.8
5612,2021-02-19 15:03:00,847.95,848.0,847.95,848.0,75,2975,1117.9,837.3,858.8
5613,2021-02-19 15:04:00,837.3,837.3,837.3,837.3,25,2850,1116.31,839.05,861.55
5614,2021-02-19 15:05:00,837.3,837.3,837.3,837.3,25,2850,1116.31,839.05,861.55
5615,2021-02-19 15:06:00,871.25,871.25,871.25,871.25,25,2850,1114.92,852.1,873.0
5616,2021-02-19 15:07:00,871.25,871.25,871.25,871.25,25,2850,1114.92,852.1,873.0
5617,2021-02-19 15:08:00,871.25,871.25,871.25,871.25,25,2850,1114.92,852.1,873.0
5618,2021-02-19 15:09:00,922.7,922.7,872.7,872.7,250,2825,1103.23,900.85,929.85
5619,2021-02-19 15:10:00,908.5,908.5,908.45,908.5,75,2825,1100.16,907.5,938.35
5620,2021-02-19 15:11:00,920.6,920.6,920.6,920.6,25,2825,1099.22,908.8,928.8
5621,2021-02-19 15:12:00,920.6,920.6,920.6,920.6,25,2825,1099.22,908.8,928.8
5622,2021-02-19 15:13:00,920.6,920.6,920.6,920.6,25,2825,1099.22,908.8,928.8
5623,2021-02-19 15:14:00,920.6,920.6,920.6,920.6,25,2825,1099.22,908.8,928.8
5624,2021-02-19 15:15:00,920.6,920.6,920.6,920.6,25,2825,1099.22,908.8,928.8
5625,2021-02-19 15:16:00,920.6,920.6,920.6,920.6,25,2825,1099.22,908.8,928.8
5626,2021-02-19 15:17:00,920.6,920.6,920.6,920.6,25,2825,1099.22,908.8,928.8
5627,2021-02-19 15:18:00,920.6,920.6,920.6,920.6,25,2825,1099.22,908.8,928.8
5628,2021-02-19 15:19:00,920.6,920.6,920.6,920.6,25,2825,1099.22,908.8,928.8
5629,2021-02-19 15:20:00,906.45,906.45,906.45,906.45,25,2650,1098.21,883.35,903.35
5630,2021-02-19 15:21:00,903.35,903.35,903.35,903.35,25,2650,1097.2,889.2,921.85
5631,2021-02-19 15:22:00,903.35,903.35,903.35,903.35,25,2650,1097.2,889.2,921.85
5632,2021-02-19 15:23:00,914.05,920.15,914.05,920.15,50,2650,1095.36,910.85,934.4
5633,2021-02-19 15:24:00,914.05,920.15,914.05,920.15,50,2650,1095.36,910.85,934.4
5634,2021-02-19 15:25:00,914.05,920.15,914.05,920.15,50,2650,1095.36,910.85,934.4
5635,2021-02-19 15:26:00,914.05,920.15,914.05,920.15,50,2650,1095.36,910.85,934.4
5636,2021-02-19 15:27:00,914.05,920.15,914.05,920.15,50,2650,1095.36,910.85,934.4
5637,2021-02-19 15:28:00,955.0,955.0,955.0,955.0,50,2650,1093.93,930.5,956.6
5638,2021-02-19 15:29:00,955.0,955.0,955.0,955.0,50,2650,1093.93,930.5,956.6
5639,2021-02-19 15:30:00,955.0,955.0,955.0,955.0,50,2650,1093.93,930.5,956.6
5640,2021-02-20 09:15:00,955.0,955.0,955.0,955.0,50,2650,1093.93,930.5,956.6
5641,2021-02-20 09:16:00,955.0,955.0,955.0,955.0,50,2650,1093.93,930.5,956.6
5642,2021-02-20 09:17:00,955.0,955.0,955.0,955.0,50,2650,1093.93,930.5,956.6
5643,2021-02-20 09:18:00,955.0,955.0,955.0,955.0,50,2650,1093.93,930.5,956.6
5644,2021-02-20 09:19:00,955.0,955.0,955.0,955.0,50,2650,1093.93,930.5,956.6
5645,2021-02-20 09:20:00,955.0,955.0,955.0,955.0,50,2650,1093.93,930.5,956.6
5646,2021-02-20 09:21:00,955.0,955.0,955.0,955.0,50,2650,1093.93,930.5,956.6
5647,2021-02-20 09:22:00,955.0,955.0,955.0,955.0,50,2650,1093.93,930.5,956.6
5648,2021-02-20 09:23:00,955.0,955.0,955.0,955.0,50,2650,1093.93,930.5,956.6
5649,2021-02-20 09:24:00,955.0,955.0,955.0,955.0,50,2650,1093.93,930.5,956.6
5650,2021-02-20 09:25:00,955.0,955.0,955.0,955.0,50,2650,1093.93,930.5,956.6
5651,2021-02-20 09:26:00,955.0,955.0,955.0,955.0,50,2650,1093.93,930.5,956.6
5652,2021-02-20 09:27:00,955.0,955.0,955.0,955.0,50,2650,1093.93,930.5,956.6
5653,2021-02-20 09:28:00,955.0,955.0,955.0,955.0,50,2650,1093.93,930.5,956.6
5654,2021-02-20 09:29:00,955.0,955.0,955.0,955.0,50,2650,1093.93,930.5,956.6
5655,2021-02-20 09:30:00,955.0,955.0,955.0,955.0,50,2650,1093.93,930.5,956.6
5656,2021-02-20 09:31:00,955.0,955.0,955.0,955.0,50,2650,1093.93,930.5,956.6
5657,2021-02-20 09:32:00,955.0,955.0,955.0,955.0,50,2650,1093.93,930.5,956.6
5658,2021-02-20 09:33:00,955.0,955.0,955.0,955.0,50,2650,1093.93,930.5,956.6
5659,2021-02-20 09:34:00,955.0,955.0,955.0,955.0,50,2650,1093.93,930.5,956.6
5660,2021-02-20 09:35:00,955.0,955.0,955.0,955.0,50,2650,1093.93,930.5,956.6
5661,2021-02-20 09:36:00,955.0,955.0,955.0,955.0,50,2650,1093.93,930.5,956.6
5662,2021-02-20 09:37:00,955.0,955.0,955.0,955.0,50,2650,1093.93,930.5,956.6
5663,2021-02-20 09:38:00,955.0,955.0,955.0,955.0,50,2650,1093.93,930.5,956.6
5664,2021-02-20 09:39:00,955.0,955.0,955.0,955.0,50,2650,1093.93,930.5,956.6
5665,2021-02-20 09:40:00,955.0,955.0,955.0,955.0,50,2650,1093.93,930.5,956.6
5666,2021-02-20 09:41:00,955.0,955.0,955.0,955.0,50,2650,1093.93,930.5,956.6
5667,2021-02-20 09:42:00,955.0,955.0,955.0,955.0,50,2650,1093.93,930.5,956.6
5668,2021-02-20 09:43:00,955.0,955.0,955.0,955.0,50,2650,1093.93,930.5,956.6
5669,2021-02-20 09:44:00,955.0,955.0,955.0,955.0,50,2650,1093.93,930.5,956.6
5670,2021-02-20 09:45:00,955.0,955.0,955.0,955.0,50,2650,1093.93,930.5,956.6
5671,2021-02-20 09:46:00,955.0,955.0,955.0,955.0,50,2650,1093.93,930.5,956.6
5672,2021-02-20 09:47:00,955.0,955.0,955.0,955.0,50,2650,1093.93,930.5,956.6
5673,2021-02-20 09:48:00,955.0,955.0,955.0,955.0,50,2650,1093.93,930.5,956.6
5674,2021-02-20 09:49:00,955.0,955.0,955.0,955.0,50,2650,1093.93,930.5,956.6
5675,2021-02-20 09:50:00,955.0,955.0,955.0,955.0,50,2650,1093.93,930.5,956.6
5676,2021-02-20 09:51:00,955.0,955.0,955.0,955.0,50,2650,1093.93,930.5,956.6
5677,2021-02-20 09:52:00,955.0,955.0,955.0,955.0,50,2650,1093.93,930.5,956.6
5678,2021-02-20 09:53:00,955.0,955.0,955.0,955.0,50,2650,1093.93,930.5,956.6
5679,2021-02-20 09:54:00,955.0,955.0,955.0,955.0,50,2650,1093.93,930.5,956.6
5680,2021-02-20 09:55:00,955.0,955.0,955.0,955.0,50,2650,1093.93,930.5,956.6
5681,2021-02-20 09:56:00,955.0,955.0,955.0,955.0,50,2650,1093.93,930.5,956.6
5682,2021-02-20 09:57:00,955.0,955.0,955.0,955.0,50,2650,1093.93,930.5,956.6
5683,2021-02-20 09:58:00,955.0,955.0,955.0,955.0,50,2650,1093.93,930.5,956.6
5684,2021-02-20 09:59:00,955.0,955.0,955.0,955.0,50,2650,1093.93,930.5,956.6
5685,2021-02-20 10:00:00,955.0,955.0,955.0,955.0,50,2650,1093.93,930.5,956.6
5686,2021-02-20 10:01:00,955.0,955.0,955.0,955.0,50,2650,1093.93,930.5,956.6
5687,2021-02-20 10:02:00,955.0,955.0,955.0,955.0,50,2650,1093.93,930.5,956.6
5688,2021-02-20 10:03:00,955.0,955.0,955.0,955.0,50,2650,1093.93,930.5,956.6
5689,2021-02-20 10:04:00,955.0,955.0,955.0,955.0,50,2650,1093.93,930.5,956.6
5690,2021-02-20 10:05:00,955.0,955.0,955.0,955.0,50,2650,1093.93,930.5,956.6
5691,2021-02-20 10:06:00,955.0,955.0,955.0,955.0,50,2650,1093.93,930.5,956.6
5692,2021-02-20 10:07:00,955.0,955.0,955.0,955.0,50,2650,1093.93,930.5,956.6
5693,2021-02-20 10:08:00,955.0,955.0,955.0,955.0,50,2650,1093.93,930.5,956.6
5694,2021-02-20 10:09:00,955.0,955.0,955.0,955.0,50,2650,1093.93,930.5,956.6
5695,2021-02-20 10:10:00,955.0,955.0,955.0,955.0,50,2650,1093.93,930.5,956.6
5696,2021-02-20 10:11:00,955.0,955.0,955.0,955.0,50,2650,1093.93,930.5,956.6
5697,2021-02-20 10:12:00,955.0,955.0,955.0,955.0,50,2650,1093.93,930.5,956.6
5698,2021-02-20 10:13:00,955.0,955.0,955.0,955.0,50,2650,1093.93,930.5,956.6
5699,2021-02-20 10:14:00,955.0,955.0,955.0,955.0,50,2650,1093.93,930.5,956.6
5700,2021-02-20 10:15:00,955.0,955.0,955.0,955.0,50,2650,1093.93,930.5,956.6
5701,2021-02-20 10:16:00,955.0,955.0,955.0,955.0,50,2650,1093.93,930.5,956.6
5702,2021-02-20 10:17:00,955.0,955.0,955.0,955.0,50,2650,1093.93,930.5,956.6
5703,2021-02-20 10:18:00,955.0,955.0,955.0,955.0,50,2650,1093.93,930.5,956.6
5704,2021-02-20 10:19:00,955.0,955.0,955.0,955.0,50,2650,1093.93,930.5,956.6
5705,2021-02-20 10:20:00,955.0,955.0,955.0,955.0,50,2650,1093.93,930.5,956.6
5706,2021-02-20 10:21:00,955.0,955.0,955.0,955.0,50,2650,1093.93,930.5,956.6
5707,2021-02-20 10:22:00,955.0,955.0,955.0,955.0,50,2650,1093.93,930.5,956.6
5708,2021-02-20 10:23:00,955.0,955.0,955.0,955.0,50,2650,1093.93,930.5,956.6
5709,2021-02-20 10:24:00,955.0,955.0,955.0,955.0,50,2650,1093.93,930.5,956.6
5710,2021-02-20 10:25:00,955.0,955.0,955.0,955.0,50,2650,1093.93,930.5,956.6
5711,2021-02-20 10:26:00,955.0,955.0,955.0,955.0,50,2650,1093.93,930.5,956.6
5712,2021-02-20 10:27:00,955.0,955.0,955.0,955.0,50,2650,1093.93,930.5,956.6
5713,2021-02-20 10:28:00,955.0,955.0,955.0,955.0,50,2650,1093.93,930.5,956.6
5714,2021-02-20 10:29:00,955.0,955.0,955.0,955.0,50,2650,1093.93,930.5,956.6
5715,2021-02-20 10:30:00,955.0,955.0,955.0,955.0,50,2650,1093.93,930.5,956.6
5716,2021-02-20 10:31:00,955.0,955.0,955.0,955.0,50,2650,1093.93,930.5,956.6
5717,2021-02-20 10:32:00,955.0,955.0,955.0,955.0,50,2650,1093.93,930.5,956.6
5718,2021-02-20 10:33:00,955.0,955.0,955.0,955.0,50,2650,1093.93,930.5,956.6
5719,2021-02-20 10:34:00,955.0,955.0,955.0,955.0,50,2650,1093.93,930.5,956.6
5720,2021-02-20 10:35:00,955.0,955.0,955.0,955.0,50,2650,1093.93,930.5,956.6
5721,2021-02-20 10:36:00,955.0,955.0,955.0,955.0,50,2650,1093.93,930.5,956.6
5722,2021-02-20 10:37:00,955.0,955.0,955.0,955.0,50,2650,1093.93,930.5,956.6
5723,2021-02-20 10:38:00,955.0,955.0,955.0,955.0,50,2650,1093.93,930.5,956.6
5724,2021-02-20 10:39:00,955.0,955.0,955.0,955.0,50,2650,1093.93,930.5,956.6
5725,2021-02-20 10:40:00,955.0,955.0,955.0,955.0,50,2650,1093.93,930.5,956.6
5726,2021-02-20 10:41:00,955.0,955.0,955.0,955.0,50,2650,1093.93,930.5,956.6
5727,2021-02-20 10:42:00,955.0,955.0,955.0,955.0,50,2650,1093.93,930.5,956.6
5728,2021-02-20 10:43:00,955.0,955.0,955.0,955.0,50,2650,1093.93,930.5,956.6
5729,2021-02-20 10:44:00,955.0,955.0,955.0,955.0,50,2650,1093.93,930.5,956.6
5730,2021-02-20 10:45:00,955.0,955.0,955.0,955.0,50,2650,1093.93,930.5,956.6
5731,2021-02-20 10:46:00,955.0,955.0,955.0,955.0,50,2650,1093.93,930.5,956.6
5732,2021-02-20 10:47:00,955.0,955.0,955.0,955.0,50,2650,1093.93,930.5,956.6
5733,2021-02-20 10:48:00,955.0,955.0,955.0,955.0,50,2650,1093.93,930.5,956.6
5734,2021-02-20 10:49:00,955.0,955.0,955.0,955.0,50,2650,1093.93,930.5,956.6
5735,2021-02-20 10:50:00,955.0,955.0,955.0,955.0,50,2650,1093.93,930.5,956.6
5736,2021-02-20 10:51:00,955.0,955.0,955.0,955.0,50,2650,1093.93,930.5,956.6
5737,2021-02-20 10:52:00,955.0,955.0,955.0,955.0,50,2650,1093.93,930.5,956.6
5738,2021-02-20 10:53:00,955.0,955.0,955.0,955.0,50,2650,1093.93,930.5,956.6
5739,2021-02-20 10:54:00,955.0,955.0,955.0,955.0,50,2650,1093.93,930.5,956.6
5740,2021-02-20 10:55:00,955.0,955.0,955.0,955.0,50,2650,1093.93,930.5,956.6
5741,2021-02-20 10:56:00,955.0,955.0,955.0,955.0,50,2650,1093.93,930.5,956.6
5742,2021-02-20 10:57:00,955.0,955.0,955.0,955.0,50,2650,1093.93,930.5,956.6
5743,2021-02-20 10:58:00,955.0,955.0,955.0,955.0,50,2650,1093.93,930.5,956.6
5744,2021-02-20 10:59:00,955.0,955.0,955.0,955.0,50,2650,1093.93,930.5,956.6
5745,2021-02-20 11:00:00,955.0,955.0,955.0,955.0,50,2650,1093.93,930.5,956.6
5746,2021-02-20 11:01:00,955.0,955.0,955.0,955.0,50,2650,1093.93,930.5,956.6
5747,2021-02-20 11:02:00,955.0,955.0,955.0,955.0,50,2650,1093.93,930.5,956.6
5748,2021-02-20 11:03:00,955.0,955.0,955.0,955.0,50,2650,1093.93,930.5,956.6
5749,2021-02-20 11:04:00,955.0,955.0,955.0,955.0,50,2650,1093.93,930.5,956.6
5750,2021-02-20 11:05:00,955.0,955.0,955.0,955.0,50,2650,1093.93,930.5,956.6
5751,2021-02-20 11:06:00,955.0,955.0,955.0,955.0,50,2650,1093.93,930.5,956.6
5752,2021-02-20 11:07:00,955.0,955.0,955.0,955.0,50,2650,1093.93,930.5,956.6
5753,2021-02-20 11:08:00,955.0,955.0,955.0,955.0,50,2650,1093.93,930.5,956.6
5754,2021-02-20 11:09:00,955.0,955.0,955.0,955.0,50,2650,1093.93,930.5,956.6
5755,2021-02-20 11:10:00,955.0,955.0,955.0,955.0,50,2650,1093.93,930.5,956.6
5756,2021-02-20 11:11:00,955.0,955.0,955.0,955.0,50,2650,1093.93,930.5,956.6
5757,2021-02-20 11:12:00,955.0,955.0,955.0,955.0,50,2650,1093.93,930.5,956.6
5758,2021-02-20 11:13:00,955.0,955.0,955.0,955.0,50,2650,1093.93,930.5,956.6
5759,2021-02-20 11:14:00,955.0,955.0,955.0,955.0,50,2650,1093.93,930.5,956.6
5760,2021-02-20 11:15:00,955.0,955.0,955.0,955.0,50,2650,1093.93,930.5,956.6
5761,2021-02-20 11:16:00,955.0,955.0,955.0,955.0,50,2650,1093.93,930.5,956.6
5762,2021-02-20 11:17:00,955.0,955.0,955.0,955.0,50,2650,1093.93,930.5,956.6
5763,2021-02-20 11:18:00,955.0,955.0,955.0,955.0,50,2650,1093.93,930.5,956.6
5764,2021-02-20 11:19:00,955.0,955.0,955.0,955.0,50,2650,1093.93,930.5,956.6
5765,2021-02-20 11:20:00,955.0,955.0,955.0,955.0,50,2650,1093.93,930.5,956.6
5766,2021-02-20 11:21:00,955.0,955.0,955.0,955.0,50,2650,1093.93,930.5,956.6
5767,2021-02-20 11:22:00,955.0,955.0,955.0,955.0,50,2650,1093.93,930.5,956.6
5768,2021-02-20 11:23:00,955.0,955.0,955.0,955.0,50,2650,1093.93,930.5,956.6
5769,2021-02-20 11:24:00,955.0,955.0,955.0,955.0,50,2650,1093.93,930.5,956.6
5770,2021-02-20 11:25:00,955.0,955.0,955.0,955.0,50,2650,1093.93,930.5,956.6
5771,2021-02-20 11:26:00,955.0,955.0,955.0,955.0,50,2650,1093.93,930.5,956.6
5772,2021-02-20 11:27:00,955.0,955.0,955.0,955.0,50,2650,1093.93,930.5,956.6
5773,2021-02-20 11:28:00,955.0,955.0,955.0,955.0,50,2650,1093.93,930.5,956.6
5774,2021-02-20 11:29:00,955.0,955.0,955.0,955.0,50,2650,1093.93,930.5,956.6
5775,2021-02-20 11:30:00,955.0,955.0,955.0,955.0,50,2650,1093.93,930.5,956.6
5776,2021-02-20 11:31:00,955.0,955.0,955.0,955.0,50,2650,1093.93,930.5,956.6
5777,2021-02-20 11:32:00,955.0,955.0,955.0,955.0,50,2650,1093.93,930.5,956.6
5778,2021-02-20 11:33:00,955.0,955.0,955.0,955.0,50,2650,1093.93,930.5,956.6
5779,2021-02-20 11:34:00,955.0,955.0,955.0,955.0,50,2650,1093.93,930.5,956.6
5780,2021-02-20 11:35:00,955.0,955.0,955.0,955.0,50,2650,1093.93,930.5,956.6
5781,2021-02-20 11:36:00,955.0,955.0,955.0,955.0,50,2650,1093.93,930.5,956.6
5782,2021-02-20 11:37:00,955.0,955.0,955.0,955.0,50,2650,1093.93,930.5,956.6
5783,2021-02-20 11:38:00,955.0,955.0,955.0,955.0,50,2650,1093.93,930.5,956.6
5784,2021-02-20 11:39:00,955.0,955.0,955.0,955.0,50,2650,1093.93,930.5,956.6
5785,2021-02-20 11:40:00,955.0,955.0,955.0,955.0,50,2650,1093.93,930.5,956.6
5786,2021-02-20 11:41:00,955.0,955.0,955.0,955.0,50,2650,1093.93,930.5,956.6
5787,2021-02-20 11:42:00,955.0,955.0,955.0,955.0,50,2650,1093.93,930.5,956.6
5788,2021-02-20 11:43:00,955.0,955.0,955.0,955.0,50,2650,1093.93,930.5,956.6
5789,2021-02-20 11:44:00,955.0,955.0,955.0,955.0,50,2650,1093.93,930.5,956.6
5790,2021-02-20 11:45:00,955.0,955.0,955.0,955.0,50,2650,1093.93,930.5,956.6
5791,2021-02-20 11:46:00,955.0,955.0,955.0,955.0,50,2650,1093.93,930.5,956.6
5792,2021-02-20 11:47:00,955.0,955.0,955.0,955.0,50,2650,1093.93,930.5,956.6
5793,2021-02-20 11:48:00,955.0,955.0,955.0,955.0,50,2650,1093.93,930.5,956.6
5794,2021-02-20 11:49:00,955.0,955.0,955.0,955.0,50,2650,1093.93,930.5,956.6
5795,2021-02-20 11:50:00,955.0,955.0,955.0,955.0,50,2650,1093.93,930.5,956.6
5796,2021-02-20 11:51:00,955.0,955.0,955.0,955.0,50,2650,1093.93,930.5,956.6
5797,2021-02-20 11:52:00,955.0,955.0,955.0,955.0,50,2650,1093.93,930.5,956.6
5798,2021-02-20 11:53:00,955.0,955.0,955.0,955.0,50,2650,1093.93,930.5,956.6
5799,2021-02-20 11:54:00,955.0,955.0,955.0,955.0,50,2650,1093.93,930.5,956.6
5800,2021-02-20 11:55:00,955.0,955.0,955.0,955.0,50,2650,1093.93,930.5,956.6
5801,2021-02-20 11:56:00,955.0,955.0,955.0,955.0,50,2650,1093.93,930.5,956.6
5802,2021-02-20 11:57:00,955.0,955.0,955.0,955.0,50,2650,1093.93,930.5,956.6
5803,2021-02-20 11:58:00,955.0,955.0,955.0,955.0,50,2650,1093.93,930.5,956.6
5804,2021-02-20 11:59:00,955.0,955.0,955.0,955.0,50,2650,1093.93,930.5,956.6
5805,2021-02-20 12:00:00,955.0,955.0,955.0,955.0,50,2650,1093.93,930.5,956.6
5806,2021-02-20 12:01:00,955.0,955.0,955.0,955.0,50,2650,1093.93,930.5,956.6
5807,2021-02-20 12:02:00,955.0,955.0,955.0,955.0,50,2650,1093.93,930.5,956.6
5808,2021-02-20 12:03:00,955.0,955.0,955.0,955.0,50,2650,1093.93,930.5,956.6
5809,2021-02-20 12:04:00,955.0,955.0,955.0,955.0,50,2650,1093.93,930.5,956.6
5810,2021-02-20 12:05:00,955.0,955.0,955.0,955.0,50,2650,1093.93,930.5,956.6
5811,2021-02-20 12:06:00,955.0,955.0,955.0,955.0,50,2650,1093.93,930.5,956.6
5812,2021-02-20 12:07:00,955.0,955.0,955.0,955.0,50,2650,1093.93,930.5,956.6
5813,2021-02-20 12:08:00,955.0,955.0,955.0,955.0,50,2650,1093.93,930.5,956.6
5814,2021-02-20 12:09:00,955.0,955.0,955.0,955.0,50,2650,1093.93,930.5,956.6
5815,2021-02-20 12:10:00,955.0,955.0,955.0,955.0,50,2650,1093.93,930.5,956.6
5816,2021-02-20 12:11:00,955.0,955.0,955.0,955.0,50,2650,1093.93,930.5,956.6
5817,2021-02-20 12:12:00,955.0,955.0,955.0,955.0,50,2650,1093.93,930.5,956.6
5818,2021-02-20 12:13:00,955.0,955.0,955.0,955.0,50,2650,1093.93,930.5,956.6
5819,2021-02-20 12:14:00,955.0,955.0,955.0,955.0,50,2650,1093.93,930.5,956.6
5820,2021-02-20 12:15:00,955.0,955.0,955.0,955.0,50,2650,1093.93,930.5,956.6
5821,2021-02-20 12:16:00,955.0,955.0,955.0,955.0,50,2650,1093.93,930.5,956.6
5822,2021-02-20 12:17:00,955.0,955.0,955.0,955.0,50,2650,1093.93,930.5,956.6
5823,2021-02-20 12:18:00,955.0,955.0,955.0,955.0,50,2650,1093.93,930.5,956.6
5824,2021-02-20 12:19:00,955.0,955.0,955.0,955.0,50,2650,1093.93,930.5,956.6
5825,2021-02-20 12:20:00,955.0,955.0,955.0,955.0,50,2650,1093.93,930.5,956.6
5826,2021-02-20 12:21:00,955.0,955.0,955.0,955.0,50,2650,1093.93,930.5,956.6
5827,2021-02-20 12:22:00,955.0,955.0,955.0,955.0,50,2650,1093.93,930.5,956.6
5828,2021-02-20 12:23:00,955.0,955.0,955.0,955.0,50,2650,1093.93,930.5,956.6
5829,2021-02-20 12:24:00,955.0,955.0,955.0,955.0,50,2650,1093.93,930.5,956.6
5830,2021-02-20 12:25:00,955.0,955.0,955.0,955.0,50,2650,1093.93,930.5,956.6
5831,2021-02-20 12:26:00,955.0,955.0,955.0,955.0,50,2650,1093.93,930.5,956.6
5832,2021-02-20 12:27:00,955.0,955.0,955.0,955.0,50,2650,1093.93,930.5,956.6
5833,2021-02-20 12:28:00,955.0,955.0,955.0,955.0,50,2650,1093.93,930.5,956.6
5834,2021-02-20 12:29:00,955.0,955.0,955.0,955.0,50,2650,1093.93,930.5,956.6
5835,2021-02-20 12:30:00,955.0,955.0,955.0,955.0,50,2650,1093.93,930.5,956.6
5836,2021-02-20 12:31:00,955.0,955.0,955.0,955.0,50,2650,1093.93,930.5,956.6
5837,2021-02-20 12:32:00,955.0,955.0,955.0,955.0,50,2650,1093.93,930.5,956.6
5838,2021-02-20 12:33:00,955.0,955.0,955.0,955.0,50,2650,1093.93,930.5,956.6
5839,2021-02-20 12:34:00,955.0,955.0,955.0,955.0,50,2650,1093.93,930.5,956.6
5840,2021-02-20 12:35:00,955.0,955.0,955.0,955.0,50,2650,1093.93,930.5,956.6
5841,2021-02-20 12:36:00,955.0,955.0,955.0,955.0,50,2650,1093.93,930.5,956.6
5842,2021-02-20 12:37:00,955.0,955.0,955.0,955.0,50,2650,1093.93,930.5,956.6
5843,2021-02-20 12:38:00,955.0,955.0,955.0,955.0,50,2650,1093.93,930.5,956.6
5844,2021-02-20 12:39:00,955.0,955.0,955.0,955.0,50,2650,1093.93,930.5,956.6
5845,2021-02-20 12:40:00,955.0,955.0,955.0,955.0,50,2650,1093.93,930.5,956.6
5846,2021-02-20 12:41:00,955.0,955.0,955.0,955.0,50,2650,1093.93,930.5,956.6
5847,2021-02-20 12:42:00,955.0,955.0,955.0,955.0,50,2650,1093.93,930.5,956.6
5848,2021-02-20 12:43:00,955.0,955.0,955.0,955.0,50,2650,1093.93,930.5,956.6
5849,2021-02-20 12:44:00,955.0,955.0,955.0,955.0,50,2650,1093.93,930.5,956.6
5850,2021-02-20 12:45:00,955.0,955.0,955.0,955.0,50,2650,1093.93,930.5,956.6
5851,2021-02-20 12:46:00,955.0,955.0,955.0,955.0,50,2650,1093.93,930.5,956.6
5852,2021-02-20 12:47:00,955.0,955.0,955.0,955.0,50,2650,1093.93,930.5,956.6
5853,2021-02-20 12:48:00,955.0,955.0,955.0,955.0,50,2650,1093.93,930.5,956.6
5854,2021-02-20 12:49:00,955.0,955.0,955.0,955.0,50,2650,1093.93,930.5,956.6
5855,2021-02-20 12:50:00,955.0,955.0,955.0,955.0,50,2650,1093.93,930.5,956.6
5856,2021-02-20 12:51:00,955.0,955.0,955.0,955.0,50,2650,1093.93,930.5,956.6
5857,2021-02-20 12:52:00,955.0,955.0,955.0,955.0,50,2650,1093.93,930.5,956.6
5858,2021-02-20 12:53:00,955.0,955.0,955.0,955.0,50,2650,1093.93,930.5,956.6
5859,2021-02-20 12:54:00,955.0,955.0,955.0,955.0,50,2650,1093.93,930.5,956.6
5860,2021-02-20 12:55:00,955.0,955.0,955.0,955.0,50,2650,1093.93,930.5,956.6
5861,2021-02-20 12:56:00,955.0,955.0,955.0,955.0,50,2650,1093.93,930.5,956.6
5862,2021-02-20 12:57:00,955.0,955.0,955.0,955.0,50,2650,1093.93,930.5,956.6
5863,2021-02-20 12:58:00,955.0,955.0,955.0,955.0,50,2650,1093.93,930.5,956.6
5864,2021-02-20 12:59:00,955.0,955.0,955.0,955.0,50,2650,1093.93,930.5,956.6
5865,2021-02-20 13:00:00,955.0,955.0,955.0,955.0,50,2650,1093.93,930.5,956.6
5866,2021-02-20 13:01:00,955.0,955.0,955.0,955.0,50,2650,1093.93,930.5,956.6
5867,2021-02-20 13:02:00,955.0,955.0,955.0,955.0,50,2650,1093.93,930.5,956.6
5868,2021-02-20 13:03:00,955.0,955.0,955.0,955.0,50,2650,1093.93,930.5,956.6
5869,2021-02-20 13:04:00,955.0,955.0,955.0,955.0,50,2650,1093.93,930.5,956.6
5870,2021-02-20 13:05:00,955.0,955.0,955.0,955.0,50,2650,1093.93,930.5,956.6
5871,2021-02-20 13:06:00,955.0,955.0,955.0,955.0,50,2650,1093.93,930.5,956.6
5872,2021-02-20 13:07:00,955.0,955.0,955.0,955.0,50,2650,1093.93,930.5,956.6
5873,2021-02-20 13:08:00,955.0,955.0,955.0,955.0,50,2650,1093.93,930.5,956.6
5874,2021-02-20 13:09:00,955.0,955.0,955.0,955.0,50,2650,1093.93,930.5,956.6
5875,2021-02-20 13:10:00,955.0,955.0,955.0,955.0,50,2650,1093.93,930.5,956.6
5876,2021-02-20 13:11:00,955.0,955.0,955.0,955.0,50,2650,1093.93,930.5,956.6
5877,2021-02-20 13:12:00,955.0,955.0,955.0,955.0,50,2650,1093.93,930.5,956.6
5878,2021-02-20 13:13:00,955.0,955.0,955.0,955.0,50,2650,1093.93,930.5,956.6
5879,2021-02-20 13:14:00,955.0,955.0,955.0,955.0,50,2650,1093.93,930.5,956.6
5880,2021-02-20 13:15:00,955.0,955.0,955.0,955.0,50,2650,1093.93,930.5,956.6
5881,2021-02-20 13:16:00,955.0,955.0,955.0,955.0,50,2650,1093.93,930.5,956.6
5882,2021-02-20 13:17:00,955.0,955.0,955.0,955.0,50,2650,1093.93,930.5,956.6
5883,2021-02-20 13:18:00,955.0,955.0,955.0,955.0,50,2650,1093.93,930.5,956.6
5884,2021-02-20 13:19:00,955.0,955.0,955.0,955.0,50,2650,1093.93,930.5,956.6
5885,2021-02-20 13:20:00,955.0,955.0,955.0,955.0,50,2650,1093.93,930.5,956.6
5886,2021-02-20 13:21:00,955.0,955.0,955.0,955.0,50,2650,1093.93,930.5,956.6
5887,2021-02-20 13:22:00,955.0,955.0,955.0,955.0,50,2650,1093.93,930.5,956.6
5888,2021-02-20 13:23:00,955.0,955.0,955.0,955.0,50,2650,1093.93,930.5,956.6
5889,2021-02-20 13:24:00,955.0,955.0,955.0,955.0,50,2650,1093.93,930.5,956.6
5890,2021-02-20 13:25:00,955.0,955.0,955.0,955.0,50,2650,1093.93,930.5,956.6
5891,2021-02-20 13:26:00,955.0,955.0,955.0,955.0,50,2650,1093.93,930.5,956.6
5892,2021-02-20 13:27:00,955.0,955.0,955.0,955.0,50,2650,1093.93,930.5,956.6
5893,2021-02-20 13:28:00,955.0,955.0,955.0,955.0,50,2650,1093.93,930.5,956.6
5894,2021-02-20 13:29:00,955.0,955.0,955.0,955.0,50,2650,1093.93,930.5,956.6
5895,2021-02-20 13:30:00,955.0,955.0,955.0,955.0,50,2650,1093.93,930.5,956.6
5896,2021-02-20 13:31:00,955.0,955.0,955.0,955.0,50,2650,1093.93,930.5,956.6
5897,2021-02-20 13:32:00,955.0,955.0,955.0,955.0,50,2650,1093.93,930.5,956.6
5898,2021-02-20 13:33:00,955.0,955.0,955.0,955.0,50,2650,1093.93,930.5,956.6
5899,2021-02-20 13:34:00,955.0,955.0,955.0,955.0,50,2650,1093.93,930.5,956.6
5900,2021-02-20 13:35:00,955.0,955.0,955.0,955.0,50,2650,1093.93,930.5,956.6
5901,2021-02-20 13:36:00,955.0,955.0,955.0,955.0,50,2650,1093.93,930.5,956.6
5902,2021-02-20 13:37:00,955.0,955.0,955.0,955.0,50,2650,1093.93,930.5,956.6
5903,2021-02-20 13:38:00,955.0,955.0,955.0,955.0,50,2650,1093.93,930.5,956.6
5904,2021-02-20 13:39:00,955.0,955.0,955.0,955.0,50,2650,1093.93,930.5,956.6
5905,2021-02-20 13:40:00,955.0,955.0,955.0,955.0,50,2650,1093.93,930.5,956.6
5906,2021-02-20 13:41:00,955.0,955.0,955.0,955.0,50,2650,1093.93,930.5,956.6
5907,2021-02-20 13:42:00,955.0,955.0,955.0,955.0,50,2650,1093.93,930.5,956.6
5908,2021-02-20 13:43:00,955.0,955.0,955.0,955.0,50,2650,1093.93,930.5,956.6
5909,2021-02-20 13:44:00,955.0,955.0,955.0,955.0,50,2650,1093.93,930.5,956.6
5910,2021-02-20 13:45:00,955.0,955.0,955.0,955.0,50,2650,1093.93,930.5,956.6
5911,2021-02-20 13:46:00,955.0,955.0,955.0,955.0,50,2650,1093.93,930.5,956.6
5912,2021-02-20 13:47:00,955.0,955.0,955.0,955.0,50,2650,1093.93,930.5,956.6
5913,2021-02-20 13:48:00,955.0,955.0,955.0,955.0,50,2650,1093.93,930.5,956.6
5914,2021-02-20 13:49:00,955.0,955.0,955.0,955.0,50,2650,1093.93,930.5,956.6
5915,2021-02-20 13:50:00,955.0,955.0,955.0,955.0,50,2650,1093.93,930.5,956.6
5916,2021-02-20 13:51:00,955.0,955.0,955.0,955.0,50,2650,1093.93,930.5,956.6
5917,2021-02-20 13:52:00,955.0,955.0,955.0,955.0,50,2650,1093.93,930.5,956.6
5918,2021-02-20 13:53:00,955.0,955.0,955.0,955.0,50,2650,1093.93,930.5,956.6
5919,2021-02-20 13:54:00,955.0,955.0,955.0,955.0,50,2650,1093.93,930.5,956.6
5920,2021-02-20 13:55:00,955.0,955.0,955.0,955.0,50,2650,1093.93,930.5,956.6
5921,2021-02-20 13:56:00,955.0,955.0,955.0,955.0,50,2650,1093.93,930.5,956.6
5922,2021-02-20 13:57:00,955.0,955.0,955.0,955.0,50,2650,1093.93,930.5,956.6
5923,2021-02-20 13:58:00,955.0,955.0,955.0,955.0,50,2650,1093.93,930.5,956.6
5924,2021-02-20 13:59:00,955.0,955.0,955.0,955.0,50,2650,1093.93,930.5,956.6
5925,2021-02-20 14:00:00,955.0,955.0,955.0,955.0,50,2650,1093.93,930.5,956.6
5926,2021-02-20 14:01:00,955.0,955.0,955.0,955.0,50,2650,1093.93,930.5,956.6
5927,2021-02-20 14:02:00,955.0,955.0,955.0,955.0,50,2650,1093.93,930.5,956.6
5928,2021-02-20 14:03:00,955.0,955.0,955.0,955.0,50,2650,1093.93,930.5,956.6
5929,2021-02-20 14:04:00,955.0,955.0,955.0,955.0,50,2650,1093.93,930.5,956.6
5930,2021-02-20 14:05:00,955.0,955.0,955.0,955.0,50,2650,1093.93,930.5,956.6
5931,2021-02-20 14:06:00,955.0,955.0,955.0,955.0,50,2650,1093.93,930.5,956.6
5932,2021-02-20 14:07:00,955.0,955.0,955.0,955.0,50,2650,1093.93,930.5,956.6
5933,2021-02-20 14:08:00,955.0,955.0,955.0,955.0,50,2650,1093.93,930.5,956.6
5934,2021-02-20 14:09:00,955.0,955.0,955.0,955.0,50,2650,1093.93,930.5,956.6
5935,2021-02-20 14:10:00,955.0,955.0,955.0,955.0,50,2650,1093.93,930.5,956.6
5936,2021-02-20 14:11:00,955.0,955.0,955.0,955.0,50,2650,1093.93,930.5,956.6
5937,2021-02-20 14:12:00,955.0,955.0,955.0,955.0,50,2650,1093.93,930.5,956.6
5938,2021-02-20 14:13:00,955.0,955.0,955.0,955.0,50,2650,1093.93,930.5,956.6
5939,2021-02-20 14:14:00,955.0,955.0,955.0,955.0,50,2650,1093.93,930.5,956.6
5940,2021-02-20 14:15:00,955.0,955.0,955.0,955.0,50,2650,1093.93,930.5,956.6
5941,2021-02-20 14:16:00,955.0,955.0,955.0,955.0,50,2650,1093.93,930.5,956.6
5942,2021-02-20 14:17:00,955.0,955.0,955.0,955.0,50,2650,1093.93,930.5,956.6
5943,2021-02-20 14:18:00,955.0,955.0,955.0,955.0,50,2650,1093.93,930.5,956.6
5944,2021-02-20 14:19:00,955.0,955.0,955.0,955.0,50,2650,1093.93,930.5,956.6
5945,2021-02-20 14:20:00,955.0,955.0,955.0,955.0,50,2650,1093.93,930.5,956.6
5946,2021-02-20 14:21:00,955.0,955.0,955.0,955.0,50,2650,1093.93,930.5,956.6
5947,2021-02-20 14:22:00,955.0,955.0,955.0,955.0,50,2650,1093.93,930.5,956.6
5948,2021-02-20 14:23:00,955.0,955.0,955.0,955.0,50,2650,1093.93,930.5,956.6
5949,2021-02-20 14:24:00,955.0,955.0,955.0,955.0,50,2650,1093.93,930.5,956.6
5950,2021-02-20 14:25:00,955.0,955.0,955.0,955.0,50,2650,1093.93,930.5,956.6
5951,2021-02-20 14:26:00,955.0,955.0,955.0,955.0,50,2650,1093.93,930.5,956.6
5952,2021-02-20 14:27:00,955.0,955.0,955.0,955.0,50,2650,1093.93,930.5,956.6
5953,2021-02-20 14:28:00,955.0,955.0,955.0,955.0,50,2650,1093.93,930.5,956.6
5954,2021-02-20 14:29:00,955.0,955.0,955.0,955.0,50,2650,1093.93,930.5,956.6
5955,2021-02-20 14:30:00,955.0,955.0,955.0,955.0,50,2650,1093.93,930.5,956.6
5956,2021-02-20 14:31:00,955.0,955.0,955.0,955.0,50,2650,1093.93,930.5,956.6
5957,2021-02-20 14:32:00,955.0,955.0,955.0,955.0,50,2650,1093.93,930.5,956.6
5958,2021-02-20 14:33:00,955.0,955.0,955.0,955.0,50,2650,1093.93,930.5,956.6
5959,2021-02-20 14:34:00,955.0,955.0,955.0,955.0,50,2650,1093.93,930.5,956.6
5960,2021-02-20 14:35:00,955.0,955.0,955.0,955.0,50,2650,1093.93,930.5,956.6
5961,2021-02-20 14:36:00,955.0,955.0,955.0,955.0,50,2650,1093.93,930.5,956.6
5962,2021-02-20 14:37:00,955.0,955.0,955.0,955.0,50,2650,1093.93,930.5,956.6
5963,2021-02-20 14:38:00,955.0,955.0,955.0,955.0,50,2650,1093.93,930.5,956.6
5964,2021-02-20 14:39:00,955.0,955.0,955.0,955.0,50,2650,1093.93,930.5,956.6
5965,2021-02-20 14:40:00,955.0,955.0,955.0,955.0,50,2650,1093.93,930.5,956.6
5966,2021-02-20 14:41:00,955.0,955.0,955.0,955.0,50,2650,1093.93,930.5,956.6
5967,2021-02-20 14:42:00,955.0,955.0,955.0,955.0,50,2650,1093.93,930.5,956.6
5968,2021-02-20 14:43:00,955.0,955.0,955.0,955.0,50,2650,1093.93,930.5,956.6
5969,2021-02-20 14:44:00,955.0,955.0,955.0,955.0,50,2650,1093.93,930.5,956.6
5970,2021-02-20 14:45:00,955.0,955.0,955.0,955.0,50,2650,1093.93,930.5,956.6
5971,2021-02-20 14:46:00,955.0,955.0,955.0,955.0,50,2650,1093.93,930.5,956.6
5972,2021-02-20 14:47:00,955.0,955.0,955.0,955.0,50,2650,1093.93,930.5,956.6
5973,2021-02-20 14:48:00,955.0,955.0,955.0,955.0,50,2650,1093.93,930.5,956.6
5974,2021-02-20 14:49:00,955.0,955.0,955.0,955.0,50,2650,1093.93,930.5,956.6
5975,2021-02-20 14:50:00,955.0,955.0,955.0,955.0,50,2650,1093.93,930.5,956.6
5976,2021-02-20 14:51:00,955.0,955.0,955.0,955.0,50,2650,1093.93,930.5,956.6
5977,2021-02-20 14:52:00,955.0,955.0,955.0,955.0,50,2650,1093.93,930.5,956.6
5978,2021-02-20 14:53:00,955.0,955.0,955.0,955.0,50,2650,1093.93,930.5,956.6
5979,2021-02-20 14:54:00,955.0,955.0,955.0,955.0,50,2650,1093.93,930.5,956.6
5980,2021-02-20 14:55:00,955.0,955.0,955.0,955.0,50,2650,1093.93,930.5,956.6
5981,2021-02-20 14:56:00,955.0,955.0,955.0,955.0,50,2650,1093.93,930.5,956.6
5982,2021-02-20 14:57:00,955.0,955.0,955.0,955.0,50,2650,1093.93,930.5,956.6
5983,2021-02-20 14:58:00,955.0,955.0,955.0,955.0,50,2650,1093.93,930.5,956.6
5984,2021-02-20 14:59:00,955.0,955.0,955.0,955.0,50,2650,1093.93,930.5,956.6
5985,2021-02-20 15:00:00,955.0,955.0,955.0,955.0,50,2650,1093.93,930.5,956.6
5986,2021-02-20 15:01:00,955.0,955.0,955.0,955.0,50,2650,1093.93,930.5,956.6
5987,2021-02-20 15:02:00,955.0,955.0,955.0,955.0,50,2650,1093.93,930.5,956.6
5988,2021-02-20 15:03:00,955.0,955.0,955.0,955.0,50,2650,1093.93,930.5,956.6
5989,2021-02-20 15:04:00,955.0,955.0,955.0,955.0,50,2650,1093.93,930.5,956.6
5990,2021-02-20 15:05:00,955.0,955.0,955.0,955.0,50,2650,1093.93,930.5,956.6
5991,2021-02-20 15:06:00,955.0,955.0,955.0,955.0,50,2650,1093.93,930.5,956.6
5992,2021-02-20 15:07:00,955.0,955.0,955.0,955.0,50,2650,1093.93,930.5,956.6
5993,2021-02-20 15:08:00,955.0,955.0,955.0,955.0,50,2650,1093.93,930.5,956.6
5994,2021-02-20 15:09:00,955.0,955.0,955.0,955.0,50,2650,1093.93,930.5,956.6
5995,2021-02-20 15:10:00,955.0,955.0,955.0,955.0,50,2650,1093.93,930.5,956.6
5996,2021-02-20 15:11:00,955.0,955.0,955.0,955.0,50,2650,1093.93,930.5,956.6
5997,2021-02-20 15:12:00,955.0,955.0,955.0,955.0,50,2650,1093.93,930.5,956.6
5998,2021-02-20 15:13:00,955.0,955.0,955.0,955.0,50,2650,1093.93,930.5,956.6
5999,2021-02-20 15:14:00,955.0,955.0,955.0,955.0,50,2650,1093.93,930.5,956.6
6000,2021-02-20 15:15:00,955.0,955.0,955.0,955.0,50,2650,1093.93,930.5,956.6
6001,2021-02-20 15:16:00,955.0,955.0,955.0,955.0,50,2650,1093.93,930.5,956.6
6002,2021-02-20 15:17:00,955.0,955.0,955.0,955.0,50,2650,1093.93,930.5,956.6
6003,2021-02-20 15:18:00,955.0,955.0,955.0,955.0,50,2650,1093.93,930.5,956.6
6004,2021-02-20 15:19:00,955.0,955.0,955.0,955.0,50,2650,1093.93,930.5,956.6
6005,2021-02-20 15:20:00,955.0,955.0,955.0,955.0,50,2650,1093.93,930.5,956.6
6006,2021-02-20 15:21:00,955.0,955.0,955.0,955.0,50,2650,1093.93,930.5,956.6
6007,2021-02-20 15:22:00,955.0,955.0,955.0,955.0,50,2650,1093.93,930.5,956.6
6008,2021-02-20 15:23:00,955.0,955.0,955.0,955.0,50,2650,1093.93,930.5,956.6
6009,2021-02-20 15:24:00,955.0,955.0,955.0,955.0,50,2650,1093.93,930.5,956.6
6010,2021-02-20 15:25:00,955.0,955.0,955.0,955.0,50,2650,1093.93,930.5,956.6
6011,2021-02-20 15:26:00,955.0,955.0,955.0,955.0,50,2650,1093.93,930.5,956.6
6012,2021-02-20 15:27:00,955.0,955.0,955.0,955.0,50,2650,1093.93,930.5,956.6
6013,2021-02-20 15:28:00,955.0,955.0,955.0,955.0,50,2650,1093.93,930.5,956.6
6014,2021-02-20 15:29:00,955.0,955.0,955.0,955.0,50,2650,1093.93,930.5,956.6
6015,2021-02-20 15:30:00,955.0,955.0,955.0,955.0,50,2650,1093.93,930.5,956.6
6016,2021-02-21 09:15:00,955.0,955.0,955.0,955.0,50,2650,1093.93,930.5,956.6
6017,2021-02-21 09:16:00,955.0,955.0,955.0,955.0,50,2650,1093.93,930.5,956.6
6018,2021-02-21 09:17:00,955.0,955.0,955.0,955.0,50,2650,1093.93,930.5,956.6
6019,2021-02-21 09:18:00,955.0,955.0,955.0,955.0,50,2650,1093.93,930.5,956.6
6020,2021-02-21 09:19:00,955.0,955.0,955.0,955.0,50,2650,1093.93,930.5,956.6
6021,2021-02-21 09:20:00,955.0,955.0,955.0,955.0,50,2650,1093.93,930.5,956.6
6022,2021-02-21 09:21:00,955.0,955.0,955.0,955.0,50,2650,1093.93,930.5,956.6
6023,2021-02-21 09:22:00,955.0,955.0,955.0,955.0,50,2650,1093.93,930.5,956.6
6024,2021-02-21 09:23:00,955.0,955.0,955.0,955.0,50,2650,1093.93,930.5,956.6
6025,2021-02-21 09:24:00,955.0,955.0,955.0,955.0,50,2650,1093.93,930.5,956.6
6026,2021-02-21 09:25:00,955.0,955.0,955.0,955.0,50,2650,1093.93,930.5,956.6
6027,2021-02-21 09:26:00,955.0,955.0,955.0,955.0,50,2650,1093.93,930.5,956.6
6028,2021-02-21 09:27:00,955.0,955.0,955.0,955.0,50,2650,1093.93,930.5,956.6
6029,2021-02-21 09:28:00,955.0,955.0,955.0,955.0,50,2650,1093.93,930.5,956.6
6030,2021-02-21 09:29:00,955.0,955.0,955.0,955.0,50,2650,1093.93,930.5,956.6
6031,2021-02-21 09:30:00,955.0,955.0,955.0,955.0,50,2650,1093.93,930.5,956.6
6032,2021-02-21 09:31:00,955.0,955.0,955.0,955.0,50,2650,1093.93,930.5,956.6
6033,2021-02-21 09:32:00,955.0,955.0,955.0,955.0,50,2650,1093.93,930.5,956.6
6034,2021-02-21 09:33:00,955.0,955.0,955.0,955.0,50,2650,1093.93,930.5,956.6
6035,2021-02-21 09:34:00,955.0,955.0,955.0,955.0,50,2650,1093.93,930.5,956.6
6036,2021-02-21 09:35:00,955.0,955.0,955.0,955.0,50,2650,1093.93,930.5,956.6
6037,2021-02-21 09:36:00,955.0,955.0,955.0,955.0,50,2650,1093.93,930.5,956.6
6038,2021-02-21 09:37:00,955.0,955.0,955.0,955.0,50,2650,1093.93,930.5,956.6
6039,2021-02-21 09:38:00,955.0,955.0,955.0,955.0,50,2650,1093.93,930.5,956.6
6040,2021-02-21 09:39:00,955.0,955.0,955.0,955.0,50,2650,1093.93,930.5,956.6
6041,2021-02-21 09:40:00,955.0,955.0,955.0,955.0,50,2650,1093.93,930.5,956.6
6042,2021-02-21 09:41:00,955.0,955.0,955.0,955.0,50,2650,1093.93,930.5,956.6
6043,2021-02-21 09:42:00,955.0,955.0,955.0,955.0,50,2650,1093.93,930.5,956.6
6044,2021-02-21 09:43:00,955.0,955.0,955.0,955.0,50,2650,1093.93,930.5,956.6
6045,2021-02-21 09:44:00,955.0,955.0,955.0,955.0,50,2650,1093.93,930.5,956.6
6046,2021-02-21 09:45:00,955.0,955.0,955.0,955.0,50,2650,1093.93,930.5,956.6
6047,2021-02-21 09:46:00,955.0,955.0,955.0,955.0,50,2650,1093.93,930.5,956.6
6048,2021-02-21 09:47:00,955.0,955.0,955.0,955.0,50,2650,1093.93,930.5,956.6
6049,2021-02-21 09:48:00,955.0,955.0,955.0,955.0,50,2650,1093.93,930.5,956.6
6050,2021-02-21 09:49:00,955.0,955.0,955.0,955.0,50,2650,1093.93,930.5,956.6
6051,2021-02-21 09:50:00,955.0,955.0,955.0,955.0,50,2650,1093.93,930.5,956.6
6052,2021-02-21 09:51:00,955.0,955.0,955.0,955.0,50,2650,1093.93,930.5,956.6
6053,2021-02-21 09:52:00,955.0,955.0,955.0,955.0,50,2650,1093.93,930.5,956.6
6054,2021-02-21 09:53:00,955.0,955.0,955.0,955.0,50,2650,1093.93,930.5,956.6
6055,2021-02-21 09:54:00,955.0,955.0,955.0,955.0,50,2650,1093.93,930.5,956.6
6056,2021-02-21 09:55:00,955.0,955.0,955.0,955.0,50,2650,1093.93,930.5,956.6
6057,2021-02-21 09:56:00,955.0,955.0,955.0,955.0,50,2650,1093.93,930.5,956.6
6058,2021-02-21 09:57:00,955.0,955.0,955.0,955.0,50,2650,1093.93,930.5,956.6
6059,2021-02-21 09:58:00,955.0,955.0,955.0,955.0,50,2650,1093.93,930.5,956.6
6060,2021-02-21 09:59:00,955.0,955.0,955.0,955.0,50,2650,1093.93,930.5,956.6
6061,2021-02-21 10:00:00,955.0,955.0,955.0,955.0,50,2650,1093.93,930.5,956.6
6062,2021-02-21 10:01:00,955.0,955.0,955.0,955.0,50,2650,1093.93,930.5,956.6
6063,2021-02-21 10:02:00,955.0,955.0,955.0,955.0,50,2650,1093.93,930.5,956.6
6064,2021-02-21 10:03:00,955.0,955.0,955.0,955.0,50,2650,1093.93,930.5,956.6
6065,2021-02-21 10:04:00,955.0,955.0,955.0,955.0,50,2650,1093.93,930.5,956.6
6066,2021-02-21 10:05:00,955.0,955.0,955.0,955.0,50,2650,1093.93,930.5,956.6
6067,2021-02-21 10:06:00,955.0,955.0,955.0,955.0,50,2650,1093.93,930.5,956.6
6068,2021-02-21 10:07:00,955.0,955.0,955.0,955.0,50,2650,1093.93,930.5,956.6
6069,2021-02-21 10:08:00,955.0,955.0,955.0,955.0,50,2650,1093.93,930.5,956.6
6070,2021-02-21 10:09:00,955.0,955.0,955.0,955.0,50,2650,1093.93,930.5,956.6
6071,2021-02-21 10:10:00,955.0,955.0,955.0,955.0,50,2650,1093.93,930.5,956.6
6072,2021-02-21 10:11:00,955.0,955.0,955.0,955.0,50,2650,1093.93,930.5,956.6
6073,2021-02-21 10:12:00,955.0,955.0,955.0,955.0,50,2650,1093.93,930.5,956.6
6074,2021-02-21 10:13:00,955.0,955.0,955.0,955.0,50,2650,1093.93,930.5,956.6
6075,2021-02-21 10:14:00,955.0,955.0,955.0,955.0,50,2650,1093.93,930.5,956.6
6076,2021-02-21 10:15:00,955.0,955.0,955.0,955.0,50,2650,1093.93,930.5,956.6
6077,2021-02-21 10:16:00,955.0,955.0,955.0,955.0,50,2650,1093.93,930.5,956.6
6078,2021-02-21 10:17:00,955.0,955.0,955.0,955.0,50,2650,1093.93,930.5,956.6
6079,2021-02-21 10:18:00,955.0,955.0,955.0,955.0,50,2650,1093.93,930.5,956.6
6080,2021-02-21 10:19:00,955.0,955.0,955.0,955.0,50,2650,1093.93,930.5,956.6
6081,2021-02-21 10:20:00,955.0,955.0,955.0,955.0,50,2650,1093.93,930.5,956.6
6082,2021-02-21 10:21:00,955.0,955.0,955.0,955.0,50,2650,1093.93,930.5,956.6
6083,2021-02-21 10:22:00,955.0,955.0,955.0,955.0,50,2650,1093.93,930.5,956.6
6084,2021-02-21 10:23:00,955.0,955.0,955.0,955.0,50,2650,1093.93,930.5,956.6
6085,2021-02-21 10:24:00,955.0,955.0,955.0,955.0,50,2650,1093.93,930.5,956.6
6086,2021-02-21 10:25:00,955.0,955.0,955.0,955.0,50,2650,1093.93,930.5,956.6
6087,2021-02-21 10:26:00,955.0,955.0,955.0,955.0,50,2650,1093.93,930.5,956.6
6088,2021-02-21 10:27:00,955.0,955.0,955.0,955.0,50,2650,1093.93,930.5,956.6
6089,2021-02-21 10:28:00,955.0,955.0,955.0,955.0,50,2650,1093.93,930.5,956.6
6090,2021-02-21 10:29:00,955.0,955.0,955.0,955.0,50,2650,1093.93,930.5,956.6
6091,2021-02-21 10:30:00,955.0,955.0,955.0,955.0,50,2650,1093.93,930.5,956.6
6092,2021-02-21 10:31:00,955.0,955.0,955.0,955.0,50,2650,1093.93,930.5,956.6
6093,2021-02-21 10:32:00,955.0,955.0,955.0,955.0,50,2650,1093.93,930.5,956.6
6094,2021-02-21 10:33:00,955.0,955.0,955.0,955.0,50,2650,1093.93,930.5,956.6
6095,2021-02-21 10:34:00,955.0,955.0,955.0,955.0,50,2650,1093.93,930.5,956.6
6096,2021-02-21 10:35:00,955.0,955.0,955.0,955.0,50,2650,1093.93,930.5,956.6
6097,2021-02-21 10:36:00,955.0,955.0,955.0,955.0,50,2650,1093.93,930.5,956.6
6098,2021-02-21 10:37:00,955.0,955.0,955.0,955.0,50,2650,1093.93,930.5,956.6
6099,2021-02-21 10:38:00,955.0,955.0,955.0,955.0,50,2650,1093.93,930.5,956.6
6100,2021-02-21 10:39:00,955.0,955.0,955.0,955.0,50,2650,1093.93,930.5,956.6
6101,2021-02-21 10:40:00,955.0,955.0,955.0,955.0,50,2650,1093.93,930.5,956.6
6102,2021-02-21 10:41:00,955.0,955.0,955.0,955.0,50,2650,1093.93,930.5,956.6
6103,2021-02-21 10:42:00,955.0,955.0,955.0,955.0,50,2650,1093.93,930.5,956.6
6104,2021-02-21 10:43:00,955.0,955.0,955.0,955.0,50,2650,1093.93,930.5,956.6
6105,2021-02-21 10:44:00,955.0,955.0,955.0,955.0,50,2650,1093.93,930.5,956.6
6106,2021-02-21 10:45:00,955.0,955.0,955.0,955.0,50,2650,1093.93,930.5,956.6
6107,2021-02-21 10:46:00,955.0,955.0,955.0,955.0,50,2650,1093.93,930.5,956.6
6108,2021-02-21 10:47:00,955.0,955.0,955.0,955.0,50,2650,1093.93,930.5,956.6
6109,2021-02-21 10:48:00,955.0,955.0,955.0,955.0,50,2650,1093.93,930.5,956.6
6110,2021-02-21 10:49:00,955.0,955.0,955.0,955.0,50,2650,1093.93,930.5,956.6
6111,2021-02-21 10:50:00,955.0,955.0,955.0,955.0,50,2650,1093.93,930.5,956.6
6112,2021-02-21 10:51:00,955.0,955.0,955.0,955.0,50,2650,1093.93,930.5,956.6
6113,2021-02-21 10:52:00,955.0,955.0,955.0,955.0,50,2650,1093.93,930.5,956.6
6114,2021-02-21 10:53:00,955.0,955.0,955.0,955.0,50,2650,1093.93,930.5,956.6
6115,2021-02-21 10:54:00,955.0,955.0,955.0,955.0,50,2650,1093.93,930.5,956.6
6116,2021-02-21 10:55:00,955.0,955.0,955.0,955.0,50,2650,1093.93,930.5,956.6
6117,2021-02-21 10:56:00,955.0,955.0,955.0,955.0,50,2650,1093.93,930.5,956.6
6118,2021-02-21 10:57:00,955.0,955.0,955.0,955.0,50,2650,1093.93,930.5,956.6
6119,2021-02-21 10:58:00,955.0,955.0,955.0,955.0,50,2650,1093.93,930.5,956.6
6120,2021-02-21 10:59:00,955.0,955.0,955.0,955.0,50,2650,1093.93,930.5,956.6
6121,2021-02-21 11:00:00,955.0,955.0,955.0,955.0,50,2650,1093.93,930.5,956.6
6122,2021-02-21 11:01:00,955.0,955.0,955.0,955.0,50,2650,1093.93,930.5,956.6
6123,2021-02-21 11:02:00,955.0,955.0,955.0,955.0,50,2650,1093.93,930.5,956.6
6124,2021-02-21 11:03:00,955.0,955.0,955.0,955.0,50,2650,1093.93,930.5,956.6
6125,2021-02-21 11:04:00,955.0,955.0,955.0,955.0,50,2650,1093.93,930.5,956.6
6126,2021-02-21 11:05:00,955.0,955.0,955.0,955.0,50,2650,1093.93,930.5,956.6
6127,2021-02-21 11:06:00,955.0,955.0,955.0,955.0,50,2650,1093.93,930.5,956.6
6128,2021-02-21 11:07:00,955.0,955.0,955.0,955.0,50,2650,1093.93,930.5,956.6
6129,2021-02-21 11:08:00,955.0,955.0,955.0,955.0,50,2650,1093.93,930.5,956.6
6130,2021-02-21 11:09:00,955.0,955.0,955.0,955.0,50,2650,1093.93,930.5,956.6
6131,2021-02-21 11:10:00,955.0,955.0,955.0,955.0,50,2650,1093.93,930.5,956.6
6132,2021-02-21 11:11:00,955.0,955.0,955.0,955.0,50,2650,1093.93,930.5,956.6
6133,2021-02-21 11:12:00,955.0,955.0,955.0,955.0,50,2650,1093.93,930.5,956.6
6134,2021-02-21 11:13:00,955.0,955.0,955.0,955.0,50,2650,1093.93,930.5,956.6
6135,2021-02-21 11:14:00,955.0,955.0,955.0,955.0,50,2650,1093.93,930.5,956.6
6136,2021-02-21 11:15:00,955.0,955.0,955.0,955.0,50,2650,1093.93,930.5,956.6
6137,2021-02-21 11:16:00,955.0,955.0,955.0,955.0,50,2650,1093.93,930.5,956.6
6138,2021-02-21 11:17:00,955.0,955.0,955.0,955.0,50,2650,1093.93,930.5,956.6
6139,2021-02-21 11:18:00,955.0,955.0,955.0,955.0,50,2650,1093.93,930.5,956.6
6140,2021-02-21 11:19:00,955.0,955.0,955.0,955.0,50,2650,1093.93,930.5,956.6
6141,2021-02-21 11:20:00,955.0,955.0,955.0,955.0,50,2650,1093.93,930.5,956.6
6142,2021-02-21 11:21:00,955.0,955.0,955.0,955.0,50,2650,1093.93,930.5,956.6
6143,2021-02-21 11:22:00,955.0,955.0,955.0,955.0,50,2650,1093.93,930.5,956.6
6144,2021-02-21 11:23:00,955.0,955.0,955.0,955.0,50,2650,1093.93,930.5,956.6
6145,2021-02-21 11:24:00,955.0,955.0,955.0,955.0,50,2650,1093.93,930.5,956.6
6146,2021-02-21 11:25:00,955.0,955.0,955.0,955.0,50,2650,1093.93,930.5,956.6
6147,2021-02-21 11:26:00,955.0,955.0,955.0,955.0,50,2650,1093.93,930.5,956.6
6148,2021-02-21 11:27:00,955.0,955.0,955.0,955.0,50,2650,1093.93,930.5,956.6
6149,2021-02-21 11:28:00,955.0,955.0,955.0,955.0,50,2650,1093.93,930.5,956.6
6150,2021-02-21 11:29:00,955.0,955.0,955.0,955.0,50,2650,1093.93,930.5,956.6
6151,2021-02-21 11:30:00,955.0,955.0,955.0,955.0,50,2650,1093.93,930.5,956.6
6152,2021-02-21 11:31:00,955.0,955.0,955.0,955.0,50,2650,1093.93,930.5,956.6
6153,2021-02-21 11:32:00,955.0,955.0,955.0,955.0,50,2650,1093.93,930.5,956.6
6154,2021-02-21 11:33:00,955.0,955.0,955.0,955.0,50,2650,1093.93,930.5,956.6
6155,2021-02-21 11:34:00,955.0,955.0,955.0,955.0,50,2650,1093.93,930.5,956.6
6156,2021-02-21 11:35:00,955.0,955.0,955.0,955.0,50,2650,1093.93,930.5,956.6
6157,2021-02-21 11:36:00,955.0,955.0,955.0,955.0,50,2650,1093.93,930.5,956.6
6158,2021-02-21 11:37:00,955.0,955.0,955.0,955.0,50,2650,1093.93,930.5,956.6
6159,2021-02-21 11:38:00,955.0,955.0,955.0,955.0,50,2650,1093.93,930.5,956.6
6160,2021-02-21 11:39:00,955.0,955.0,955.0,955.0,50,2650,1093.93,930.5,956.6
6161,2021-02-21 11:40:00,955.0,955.0,955.0,955.0,50,2650,1093.93,930.5,956.6
6162,2021-02-21 11:41:00,955.0,955.0,955.0,955.0,50,2650,1093.93,930.5,956.6
6163,2021-02-21 11:42:00,955.0,955.0,955.0,955.0,50,2650,1093.93,930.5,956.6
6164,2021-02-21 11:43:00,955.0,955.0,955.0,955.0,50,2650,1093.93,930.5,956.6
6165,2021-02-21 11:44:00,955.0,955.0,955.0,955.0,50,2650,1093.93,930.5,956.6
6166,2021-02-21 11:45:00,955.0,955.0,955.0,955.0,50,2650,1093.93,930.5,956.6
6167,2021-02-21 11:46:00,955.0,955.0,955.0,955.0,50,2650,1093.93,930.5,956.6
6168,2021-02-21 11:47:00,955.0,955.0,955.0,955.0,50,2650,1093.93,930.5,956.6
6169,2021-02-21 11:48:00,955.0,955.0,955.0,955.0,50,2650,1093.93,930.5,956.6
6170,2021-02-21 11:49:00,955.0,955.0,955.0,955.0,50,2650,1093.93,930.5,956.6
6171,2021-02-21 11:50:00,955.0,955.0,955.0,955.0,50,2650,1093.93,930.5,956.6
6172,2021-02-21 11:51:00,955.0,955.0,955.0,955.0,50,2650,1093.93,930.5,956.6
6173,2021-02-21 11:52:00,955.0,955.0,955.0,955.0,50,2650,1093.93,930.5,956.6
6174,2021-02-21 11:53:00,955.0,955.0,955.0,955.0,50,2650,1093.93,930.5,956.6
6175,2021-02-21 11:54:00,955.0,955.0,955.0,955.0,50,2650,1093.93,930.5,956.6
6176,2021-02-21 11:55:00,955.0,955.0,955.0,955.0,50,2650,1093.93,930.5,956.6
6177,2021-02-21 11:56:00,955.0,955.0,955.0,955.0,50,2650,1093.93,930.5,956.6
6178,2021-02-21 11:57:00,955.0,955.0,955.0,955.0,50,2650,1093.93,930.5,956.6
6179,2021-02-21 11:58:00,955.0,955.0,955.0,955.0,50,2650,1093.93,930.5,956.6
6180,2021-02-21 11:59:00,955.0,955.0,955.0,955.0,50,2650,1093.93,930.5,956.6
6181,2021-02-21 12:00:00,955.0,955.0,955.0,955.0,50,2650,1093.93,930.5,956.6
6182,2021-02-21 12:01:00,955.0,955.0,955.0,955.0,50,2650,1093.93,930.5,956.6
6183,2021-02-21 12:02:00,955.0,955.0,955.0,955.0,50,2650,1093.93,930.5,956.6
6184,2021-02-21 12:03:00,955.0,955.0,955.0,955.0,50,2650,1093.93,930.5,956.6
6185,2021-02-21 12:04:00,955.0,955.0,955.0,955.0,50,2650,1093.93,930.5,956.6
6186,2021-02-21 12:05:00,955.0,955.0,955.0,955.0,50,2650,1093.93,930.5,956.6
6187,2021-02-21 12:06:00,955.0,955.0,955.0,955.0,50,2650,1093.93,930.5,956.6
6188,2021-02-21 12:07:00,955.0,955.0,955.0,955.0,50,2650,1093.93,930.5,956.6
6189,2021-02-21 12:08:00,955.0,955.0,955.0,955.0,50,2650,1093.93,930.5,956.6
6190,2021-02-21 12:09:00,955.0,955.0,955.0,955.0,50,2650,1093.93,930.5,956.6
6191,2021-02-21 12:10:00,955.0,955.0,955.0,955.0,50,2650,1093.93,930.5,956.6
6192,2021-02-21 12:11:00,955.0,955.0,955.0,955.0,50,2650,1093.93,930.5,956.6
6193,2021-02-21 12:12:00,955.0,955.0,955.0,955.0,50,2650,1093.93,930.5,956.6
6194,2021-02-21 12:13:00,955.0,955.0,955.0,955.0,50,2650,1093.93,930.5,956.6
6195,2021-02-21 12:14:00,955.0,955.0,955.0,955.0,50,2650,1093.93,930.5,956.6
6196,2021-02-21 12:15:00,955.0,955.0,955.0,955.0,50,2650,1093.93,930.5,956.6
6197,2021-02-21 12:16:00,955.0,955.0,955.0,955.0,50,2650,1093.93,930.5,956.6
6198,2021-02-21 12:17:00,955.0,955.0,955.0,955.0,50,2650,1093.93,930.5,956.6
6199,2021-02-21 12:18:00,955.0,955.0,955.0,955.0,50,2650,1093.93,930.5,956.6
6200,2021-02-21 12:19:00,955.0,955.0,955.0,955.0,50,2650,1093.93,930.5,956.6
6201,2021-02-21 12:20:00,955.0,955.0,955.0,955.0,50,2650,1093.93,930.5,956.6
6202,2021-02-21 12:21:00,955.0,955.0,955.0,955.0,50,2650,1093.93,930.5,956.6
6203,2021-02-21 12:22:00,955.0,955.0,955.0,955.0,50,2650,1093.93,930.5,956.6
6204,2021-02-21 12:23:00,955.0,955.0,955.0,955.0,50,2650,1093.93,930.5,956.6
6205,2021-02-21 12:24:00,955.0,955.0,955.0,955.0,50,2650,1093.93,930.5,956.6
6206,2021-02-21 12:25:00,955.0,955.0,955.0,955.0,50,2650,1093.93,930.5,956.6
6207,2021-02-21 12:26:00,955.0,955.0,955.0,955.0,50,2650,1093.93,930.5,956.6
6208,2021-02-21 12:27:00,955.0,955.0,955.0,955.0,50,2650,1093.93,930.5,956.6
6209,2021-02-21 12:28:00,955.0,955.0,955.0,955.0,50,2650,1093.93,930.5,956.6
6210,2021-02-21 12:29:00,955.0,955.0,955.0,955.0,50,2650,1093.93,930.5,956.6
6211,2021-02-21 12:30:00,955.0,955.0,955.0,955.0,50,2650,1093.93,930.5,956.6
6212,2021-02-21 12:31:00,955.0,955.0,955.0,955.0,50,2650,1093.93,930.5,956.6
6213,2021-02-21 12:32:00,955.0,955.0,955.0,955.0,50,2650,1093.93,930.5,956.6
6214,2021-02-21 12:33:00,955.0,955.0,955.0,955.0,50,2650,1093.93,930.5,956.6
6215,2021-02-21 12:34:00,955.0,955.0,955.0,955.0,50,2650,1093.93,930.5,956.6
6216,2021-02-21 12:35:00,955.0,955.0,955.0,955.0,50,2650,1093.93,930.5,956.6
6217,2021-02-21 12:36:00,955.0,955.0,955.0,955.0,50,2650,1093.93,930.5,956.6
6218,2021-02-21 12:37:00,955.0,955.0,955.0,955.0,50,2650,1093.93,930.5,956.6
6219,2021-02-21 12:38:00,955.0,955.0,955.0,955.0,50,2650,1093.93,930.5,956.6
6220,2021-02-21 12:39:00,955.0,955.0,955.0,955.0,50,2650,1093.93,930.5,956.6
6221,2021-02-21 12:40:00,955.0,955.0,955.0,955.0,50,2650,1093.93,930.5,956.6
6222,2021-02-21 12:41:00,955.0,955.0,955.0,955.0,50,2650,1093.93,930.5,956.6
6223,2021-02-21 12:42:00,955.0,955.0,955.0,955.0,50,2650,1093.93,930.5,956.6
6224,2021-02-21 12:43:00,955.0,955.0,955.0,955.0,50,2650,1093.93,930.5,956.6
6225,2021-02-21 12:44:00,955.0,955.0,955.0,955.0,50,2650,1093.93,930.5,956.6
6226,2021-02-21 12:45:00,955.0,955.0,955.0,955.0,50,2650,1093.93,930.5,956.6
6227,2021-02-21 12:46:00,955.0,955.0,955.0,955.0,50,2650,1093.93,930.5,956.6
6228,2021-02-21 12:47:00,955.0,955.0,955.0,955.0,50,2650,1093.93,930.5,956.6
6229,2021-02-21 12:48:00,955.0,955.0,955.0,955.0,50,2650,1093.93,930.5,956.6
6230,2021-02-21 12:49:00,955.0,955.0,955.0,955.0,50,2650,1093.93,930.5,956.6
6231,2021-02-21 12:50:00,955.0,955.0,955.0,955.0,50,2650,1093.93,930.5,956.6
6232,2021-02-21 12:51:00,955.0,955.0,955.0,955.0,50,2650,1093.93,930.5,956.6
6233,2021-02-21 12:52:00,955.0,955.0,955.0,955.0,50,2650,1093.93,930.5,956.6
6234,2021-02-21 12:53:00,955.0,955.0,955.0,955.0,50,2650,1093.93,930.5,956.6
6235,2021-02-21 12:54:00,955.0,955.0,955.0,955.0,50,2650,1093.93,930.5,956.6
6236,2021-02-21 12:55:00,955.0,955.0,955.0,955.0,50,2650,1093.93,930.5,956.6
6237,2021-02-21 12:56:00,955.0,955.0,955.0,955.0,50,2650,1093.93,930.5,956.6
6238,2021-02-21 12:57:00,955.0,955.0,955.0,955.0,50,2650,1093.93,930.5,956.6
6239,2021-02-21 12:58:00,955.0,955.0,955.0,955.0,50,2650,1093.93,930.5,956.6
6240,2021-02-21 12:59:00,955.0,955.0,955.0,955.0,50,2650,1093.93,930.5,956.6
6241,2021-02-21 13:00:00,955.0,955.0,955.0,955.0,50,2650,1093.93,930.5,956.6
6242,2021-02-21 13:01:00,955.0,955.0,955.0,955.0,50,2650,1093.93,930.5,956.6
6243,2021-02-21 13:02:00,955.0,955.0,955.0,955.0,50,2650,1093.93,930.5,956.6
6244,2021-02-21 13:03:00,955.0,955.0,955.0,955.0,50,2650,1093.93,930.5,956.6
6245,2021-02-21 13:04:00,955.0,955.0,955.0,955.0,50,2650,1093.93,930.5,956.6
6246,2021-02-21 13:05:00,955.0,955.0,955.0,955.0,50,2650,1093.93,930.5,956.6
6247,2021-02-21 13:06:00,955.0,955.0,955.0,955.0,50,2650,1093.93,930.5,956.6
6248,2021-02-21 13:07:00,955.0,955.0,955.0,955.0,50,2650,1093.93,930.5,956.6
6249,2021-02-21 13:08:00,955.0,955.0,955.0,955.0,50,2650,1093.93,930.5,956.6
6250,2021-02-21 13:09:00,955.0,955.0,955.0,955.0,50,2650,1093.93,930.5,956.6
6251,2021-02-21 13:10:00,955.0,955.0,955.0,955.0,50,2650,1093.93,930.5,956.6
6252,2021-02-21 13:11:00,955.0,955.0,955.0,955.0,50,2650,1093.93,930.5,956.6
6253,2021-02-21 13:12:00,955.0,955.0,955.0,955.0,50,2650,1093.93,930.5,956.6
6254,2021-02-21 13:13:00,955.0,955.0,955.0,955.0,50,2650,1093.93,930.5,956.6
6255,2021-02-21 13:14:00,955.0,955.0,955.0,955.0,50,2650,1093.93,930.5,956.6
6256,2021-02-21 13:15:00,955.0,955.0,955.0,955.0,50,2650,1093.93,930.5,956.6
6257,2021-02-21 13:16:00,955.0,955.0,955.0,955.0,50,2650,1093.93,930.5,956.6
6258,2021-02-21 13:17:00,955.0,955.0,955.0,955.0,50,2650,1093.93,930.5,956.6
6259,2021-02-21 13:18:00,955.0,955.0,955.0,955.0,50,2650,1093.93,930.5,956.6
6260,2021-02-21 13:19:00,955.0,955.0,955.0,955.0,50,2650,1093.93,930.5,956.6
6261,2021-02-21 13:20:00,955.0,955.0,955.0,955.0,50,2650,1093.93,930.5,956.6
6262,2021-02-21 13:21:00,955.0,955.0,955.0,955.0,50,2650,1093.93,930.5,956.6
6263,2021-02-21 13:22:00,955.0,955.0,955.0,955.0,50,2650,1093.93,930.5,956.6
6264,2021-02-21 13:23:00,955.0,955.0,955.0,955.0,50,2650,1093.93,930.5,956.6
6265,2021-02-21 13:24:00,955.0,955.0,955.0,955.0,50,2650,1093.93,930.5,956.6
6266,2021-02-21 13:25:00,955.0,955.0,955.0,955.0,50,2650,1093.93,930.5,956.6
6267,2021-02-21 13:26:00,955.0,955.0,955.0,955.0,50,2650,1093.93,930.5,956.6
6268,2021-02-21 13:27:00,955.0,955.0,955.0,955.0,50,2650,1093.93,930.5,956.6
6269,2021-02-21 13:28:00,955.0,955.0,955.0,955.0,50,2650,1093.93,930.5,956.6
6270,2021-02-21 13:29:00,955.0,955.0,955.0,955.0,50,2650,1093.93,930.5,956.6
6271,2021-02-21 13:30:00,955.0,955.0,955.0,955.0,50,2650,1093.93,930.5,956.6
6272,2021-02-21 13:31:00,955.0,955.0,955.0,955.0,50,2650,1093.93,930.5,956.6
6273,2021-02-21 13:32:00,955.0,955.0,955.0,955.0,50,2650,1093.93,930.5,956.6
6274,2021-02-21 13:33:00,955.0,955.0,955.0,955.0,50,2650,1093.93,930.5,956.6
6275,2021-02-21 13:34:00,955.0,955.0,955.0,955.0,50,2650,1093.93,930.5,956.6
6276,2021-02-21 13:35:00,955.0,955.0,955.0,955.0,50,2650,1093.93,930.5,956.6
6277,2021-02-21 13:36:00,955.0,955.0,955.0,955.0,50,2650,1093.93,930.5,956.6
6278,2021-02-21 13:37:00,955.0,955.0,955.0,955.0,50,2650,1093.93,930.5,956.6
6279,2021-02-21 13:38:00,955.0,955.0,955.0,955.0,50,2650,1093.93,930.5,956.6
6280,2021-02-21 13:39:00,955.0,955.0,955.0,955.0,50,2650,1093.93,930.5,956.6
6281,2021-02-21 13:40:00,955.0,955.0,955.0,955.0,50,2650,1093.93,930.5,956.6
6282,2021-02-21 13:41:00,955.0,955.0,955.0,955.0,50,2650,1093.93,930.5,956.6
6283,2021-02-21 13:42:00,955.0,955.0,955.0,955.0,50,2650,1093.93,930.5,956.6
6284,2021-02-21 13:43:00,955.0,955.0,955.0,955.0,50,2650,1093.93,930.5,956.6
6285,2021-02-21 13:44:00,955.0,955.0,955.0,955.0,50,2650,1093.93,930.5,956.6
6286,2021-02-21 13:45:00,955.0,955.0,955.0,955.0,50,2650,1093.93,930.5,956.6
6287,2021-02-21 13:46:00,955.0,955.0,955.0,955.0,50,2650,1093.93,930.5,956.6
6288,2021-02-21 13:47:00,955.0,955.0,955.0,955.0,50,2650,1093.93,930.5,956.6
6289,2021-02-21 13:48:00,955.0,955.0,955.0,955.0,50,2650,1093.93,930.5,956.6
6290,2021-02-21 13:49:00,955.0,955.0,955.0,955.0,50,2650,1093.93,930.5,956.6
6291,2021-02-21 13:50:00,955.0,955.0,955.0,955.0,50,2650,1093.93,930.5,956.6
6292,2021-02-21 13:51:00,955.0,955.0,955.0,955.0,50,2650,1093.93,930.5,956.6
6293,2021-02-21 13:52:00,955.0,955.0,955.0,955.0,50,2650,1093.93,930.5,956.6
6294,2021-02-21 13:53:00,955.0,955.0,955.0,955.0,50,2650,1093.93,930.5,956.6
6295,2021-02-21 13:54:00,955.0,955.0,955.0,955.0,50,2650,1093.93,930.5,956.6
6296,2021-02-21 13:55:00,955.0,955.0,955.0,955.0,50,2650,1093.93,930.5,956.6
6297,2021-02-21 13:56:00,955.0,955.0,955.0,955.0,50,2650,1093.93,930.5,956.6
6298,2021-02-21 13:57:00,955.0,955.0,955.0,955.0,50,2650,1093.93,930.5,956.6
6299,2021-02-21 13:58:00,955.0,955.0,955.0,955.0,50,2650,1093.93,930.5,956.6
6300,2021-02-21 13:59:00,955.0,955.0,955.0,955.0,50,2650,1093.93,930.5,956.6
6301,2021-02-21 14:00:00,955.0,955.0,955.0,955.0,50,2650,1093.93,930.5,956.6
6302,2021-02-21 14:01:00,955.0,955.0,955.0,955.0,50,2650,1093.93,930.5,956.6
6303,2021-02-21 14:02:00,955.0,955.0,955.0,955.0,50,2650,1093.93,930.5,956.6
6304,2021-02-21 14:03:00,955.0,955.0,955.0,955.0,50,2650,1093.93,930.5,956.6
6305,2021-02-21 14:04:00,955.0,955.0,955.0,955.0,50,2650,1093.93,930.5,956.6
6306,2021-02-21 14:05:00,955.0,955.0,955.0,955.0,50,2650,1093.93,930.5,956.6
6307,2021-02-21 14:06:00,955.0,955.0,955.0,955.0,50,2650,1093.93,930.5,956.6
6308,2021-02-21 14:07:00,955.0,955.0,955.0,955.0,50,2650,1093.93,930.5,956.6
6309,2021-02-21 14:08:00,955.0,955.0,955.0,955.0,50,2650,1093.93,930.5,956.6
6310,2021-02-21 14:09:00,955.0,955.0,955.0,955.0,50,2650,1093.93,930.5,956.6
6311,2021-02-21 14:10:00,955.0,955.0,955.0,955.0,50,2650,1093.93,930.5,956.6
6312,2021-02-21 14:11:00,955.0,955.0,955.0,955.0,50,2650,1093.93,930.5,956.6
6313,2021-02-21 14:12:00,955.0,955.0,955.0,955.0,50,2650,1093.93,930.5,956.6
6314,2021-02-21 14:13:00,955.0,955.0,955.0,955.0,50,2650,1093.93,930.5,956.6
6315,2021-02-21 14:14:00,955.0,955.0,955.0,955.0,50,2650,1093.93,930.5,956.6
6316,2021-02-21 14:15:00,955.0,955.0,955.0,955.0,50,2650,1093.93,930.5,956.6
6317,2021-02-21 14:16:00,955.0,955.0,955.0,955.0,50,2650,1093.93,930.5,956.6
6318,2021-02-21 14:17:00,955.0,955.0,955.0,955.0,50,2650,1093.93,930.5,956.6
6319,2021-02-21 14:18:00,955.0,955.0,955.0,955.0,50,2650,1093.93,930.5,956.6
6320,2021-02-21 14:19:00,955.0,955.0,955.0,955.0,50,2650,1093.93,930.5,956.6
6321,2021-02-21 14:20:00,955.0,955.0,955.0,955.0,50,2650,1093.93,930.5,956.6
6322,2021-02-21 14:21:00,955.0,955.0,955.0,955.0,50,2650,1093.93,930.5,956.6
6323,2021-02-21 14:22:00,955.0,955.0,955.0,955.0,50,2650,1093.93,930.5,956.6
6324,2021-02-21 14:23:00,955.0,955.0,955.0,955.0,50,2650,1093.93,930.5,956.6
6325,2021-02-21 14:24:00,955.0,955.0,955.0,955.0,50,2650,1093.93,930.5,956.6
6326,2021-02-21 14:25:00,955.0,955.0,955.0,955.0,50,2650,1093.93,930.5,956.6
6327,2021-02-21 14:26:00,955.0,955.0,955.0,955.0,50,2650,1093.93,930.5,956.6
6328,2021-02-21 14:27:00,955.0,955.0,955.0,955.0,50,2650,1093.93,930.5,956.6
6329,2021-02-21 14:28:00,955.0,955.0,955.0,955.0,50,2650,1093.93,930.5,956.6
6330,2021-02-21 14:29:00,955.0,955.0,955.0,955.0,50,2650,1093.93,930.5,956.6
6331,2021-02-21 14:30:00,955.0,955.0,955.0,955.0,50,2650,1093.93,930.5,956.6
6332,2021-02-21 14:31:00,955.0,955.0,955.0,955.0,50,2650,1093.93,930.5,956.6
6333,2021-02-21 14:32:00,955.0,955.0,955.0,955.0,50,2650,1093.93,930.5,956.6
6334,2021-02-21 14:33:00,955.0,955.0,955.0,955.0,50,2650,1093.93,930.5,956.6
6335,2021-02-21 14:34:00,955.0,955.0,955.0,955.0,50,2650,1093.93,930.5,956.6
6336,2021-02-21 14:35:00,955.0,955.0,955.0,955.0,50,2650,1093.93,930.5,956.6
6337,2021-02-21 14:36:00,955.0,955.0,955.0,955.0,50,2650,1093.93,930.5,956.6
6338,2021-02-21 14:37:00,955.0,955.0,955.0,955.0,50,2650,1093.93,930.5,956.6
6339,2021-02-21 14:38:00,955.0,955.0,955.0,955.0,50,2650,1093.93,930.5,956.6
6340,2021-02-21 14:39:00,955.0,955.0,955.0,955.0,50,2650,1093.93,930.5,956.6
6341,2021-02-21 14:40:00,955.0,955.0,955.0,955.0,50,2650,1093.93,930.5,956.6
6342,2021-02-21 14:41:00,955.0,955.0,955.0,955.0,50,2650,1093.93,930.5,956.6
6343,2021-02-21 14:42:00,955.0,955.0,955.0,955.0,50,2650,1093.93,930.5,956.6
6344,2021-02-21 14:43:00,955.0,955.0,955.0,955.0,50,2650,1093.93,930.5,956.6
6345,2021-02-21 14:44:00,955.0,955.0,955.0,955.0,50,2650,1093.93,930.5,956.6
6346,2021-02-21 14:45:00,955.0,955.0,955.0,955.0,50,2650,1093.93,930.5,956.6
6347,2021-02-21 14:46:00,955.0,955.0,955.0,955.0,50,2650,1093.93,930.5,956.6
6348,2021-02-21 14:47:00,955.0,955.0,955.0,955.0,50,2650,1093.93,930.5,956.6
6349,2021-02-21 14:48:00,955.0,955.0,955.0,955.0,50,2650,1093.93,930.5,956.6
6350,2021-02-21 14:49:00,955.0,955.0,955.0,955.0,50,2650,1093.93,930.5,956.6
6351,2021-02-21 14:50:00,955.0,955.0,955.0,955.0,50,2650,1093.93,930.5,956.6
6352,2021-02-21 14:51:00,955.0,955.0,955.0,955.0,50,2650,1093.93,930.5,956.6
6353,2021-02-21 14:52:00,955.0,955.0,955.0,955.0,50,2650,1093.93,930.5,956.6
6354,2021-02-21 14:53:00,955.0,955.0,955.0,955.0,50,2650,1093.93,930.5,956.6
6355,2021-02-21 14:54:00,955.0,955.0,955.0,955.0,50,2650,1093.93,930.5,956.6
6356,2021-02-21 14:55:00,955.0,955.0,955.0,955.0,50,2650,1093.93,930.5,956.6
6357,2021-02-21 14:56:00,955.0,955.0,955.0,955.0,50,2650,1093.93,930.5,956.6
6358,2021-02-21 14:57:00,955.0,955.0,955.0,955.0,50,2650,1093.93,930.5,956.6
6359,2021-02-21 14:58:00,955.0,955.0,955.0,955.0,50,2650,1093.93,930.5,956.6
6360,2021-02-21 14:59:00,955.0,955.0,955.0,955.0,50,2650,1093.93,930.5,956.6
6361,2021-02-21 15:00:00,955.0,955.0,955.0,955.0,50,2650,1093.93,930.5,956.6
6362,2021-02-21 15:01:00,955.0,955.0,955.0,955.0,50,2650,1093.93,930.5,956.6
6363,2021-02-21 15:02:00,955.0,955.0,955.0,955.0,50,2650,1093.93,930.5,956.6
6364,2021-02-21 15:03:00,955.0,955.0,955.0,955.0,50,2650,1093.93,930.5,956.6
6365,2021-02-21 15:04:00,955.0,955.0,955.0,955.0,50,2650,1093.93,930.5,956.6
6366,2021-02-21 15:05:00,955.0,955.0,955.0,955.0,50,2650,1093.93,930.5,956.6
6367,2021-02-21 15:06:00,955.0,955.0,955.0,955.0,50,2650,1093.93,930.5,956.6
6368,2021-02-21 15:07:00,955.0,955.0,955.0,955.0,50,2650,1093.93,930.5,956.6
6369,2021-02-21 15:08:00,955.0,955.0,955.0,955.0,50,2650,1093.93,930.5,956.6
6370,2021-02-21 15:09:00,955.0,955.0,955.0,955.0,50,2650,1093.93,930.5,956.6
6371,2021-02-21 15:10:00,955.0,955.0,955.0,955.0,50,2650,1093.93,930.5,956.6
6372,2021-02-21 15:11:00,955.0,955.0,955.0,955.0,50,2650,1093.93,930.5,956.6
6373,2021-02-21 15:12:00,955.0,955.0,955.0,955.0,50,2650,1093.93,930.5,956.6
6374,2021-02-21 15:13:00,955.0,955.0,955.0,955.0,50,2650,1093.93,930.5,956.6
6375,2021-02-21 15:14:00,955.0,955.0,955.0,955.0,50,2650,1093.93,930.5,956.6
6376,2021-02-21 15:15:00,955.0,955.0,955.0,955.0,50,2650,1093.93,930.5,956.6
6377,2021-02-21 15:16:00,955.0,955.0,955.0,955.0,50,2650,1093.93,930.5,956.6
6378,2021-02-21 15:17:00,955.0,955.0,955.0,955.0,50,2650,1093.93,930.5,956.6
6379,2021-02-21 15:18:00,955.0,955.0,955.0,955.0,50,2650,1093.93,930.5,956.6
6380,2021-02-21 15:19:00,955.0,955.0,955.0,955.0,50,2650,1093.93,930.5,956.6
6381,2021-02-21 15:20:00,955.0,955.0,955.0,955.0,50,2650,1093.93,930.5,956.6
6382,2021-02-21 15:21:00,955.0,955.0,955.0,955.0,50,2650,1093.93,930.5,956.6
6383,2021-02-21 15:22:00,955.0,955.0,955.0,955.0,50,2650,1093.93,930.5,956.6
6384,2021-02-21 15:23:00,955.0,955.0,955.0,955.0,50,2650,1093.93,930.5,956.6
6385,2021-02-21 15:24:00,955.0,955.0,955.0,955.0,50,2650,1093.93,930.5,956.6
6386,2021-02-21 15:25:00,955.0,955.0,955.0,955.0,50,2650,1093.93,930.5,956.6
6387,2021-02-21 15:26:00,955.0,955.0,955.0,955.0,50,2650,1093.93,930.5,956.6
6388,2021-02-21 15:27:00,955.0,955.0,955.0,955.0,50,2650,1093.93,930.5,956.6
6389,2021-02-21 15:28:00,955.0,955.0,955.0,955.0,50,2650,1093.93,930.5,956.6
6390,2021-02-21 15:29:00,955.0,955.0,955.0,955.0,50,2650,1093.93,930.5,956.6
6391,2021-02-21 15:30:00,955.0,955.0,955.0,955.0,50,2650,1093.93,930.5,956.6
6392,2021-02-22 09:15:00,955.0,955.0,955.0,955.0,50,2650,1093.93,930.5,956.6
6393,2021-02-22 09:16:00,955.0,955.0,955.0,955.0,50,2650,1093.93,930.5,956.6
6394,2021-02-22 09:17:00,955.0,955.0,955.0,955.0,50,2650,1093.93,930.5,956.6
6395,2021-02-22 09:18:00,920.95,920.95,920.95,920.95,25,2700,920.95,897.0,928.9
6396,2021-02-22 09:19:00,920.95,920.95,920.95,920.95,25,2700,920.95,897.0,928.9
6397,2021-02-22 09:20:00,920.95,920.95,920.95,920.95,25,2700,920.95,897.0,928.9
6398,2021-02-22 09:21:00,920.95,920.95,920.95,920.95,25,2700,920.95,897.0,928.9
6399,2021-02-22 09:22:00,920.95,920.95,920.95,920.95,25,2700,920.95,897.0,928.9
6400,2021-02-22 09:23:00,920.95,920.95,920.95,920.95,25,2700,920.95,897.0,928.9
6401,2021-02-22 09:24:00,920.95,920.95,920.95,920.95,25,2700,920.95,897.0,928.9
6402,2021-02-22 09:25:00,920.95,920.95,920.95,920.95,25,2700,920.95,897.0,928.9
6403,2021-02-22 09:26:00,864.3,864.3,864.3,864.3,25,2725,892.62,841.35,871.05
6404,2021-02-22 09:27:00,876.45,881.9,841.05,841.05,125,2725,873.25,871.5,903.65
6405,2021-02-22 09:28:00,938.5,938.5,934.6,934.6,50,2725,887.32,934.65,960.75
6406,2021-02-22 09:29:00,938.5,938.5,934.6,934.6,50,2725,887.32,934.65,960.75
6407,2021-02-22 09:30:00,938.5,938.5,934.6,934.6,50,2725,887.32,934.65,960.75
6408,2021-02-22 09:31:00,937.5,937.5,937.5,937.5,25,2700,892.34,951.55,977.15
6409,2021-02-22 09:32:00,937.5,937.5,937.5,937.5,25,2700,892.34,951.55,977.15
6410,2021-02-22 09:33:00,937.5,937.5,937.5,937.5,25,2700,892.34,951.55,977.15
6411,2021-02-22 09:34:00,937.5,937.5,937.5,937.5,25,2700,892.34,951.55,977.15
6412,2021-02-22 09:35:00,981.7,981.7,981.7,981.7,50,2700,907.23,984.9,1016.9
6413,2021-02-22 09:36:00,1026.9,1026.9,1026.9,1026.9,25,2700,916.43,1013.65,1044.3
6414,2021-02-22 09:37:00,1002.45,1002.45,1002.45,1002.45,25,2700,922.58,932.1,1023.65
6415,2021-02-22 09:38:00,991.3,991.3,991.3,991.3,25,2700,927.16,963.5,1003.15
6416,2021-02-22 09:39:00,991.3,991.3,991.3,991.3,25,2700,927.16,963.5,1003.15
6417,2021-02-22 09:40:00,991.3,991.3,991.3,991.3,25,2700,927.16,963.5,1003.15
6418,2021-02-22 09:41:00,991.3,991.3,991.3,991.3,25,2700,931.17,945.1,977.8
6419,2021-02-22 09:42:00,991.3,991.3,991.3,991.3,25,2700,931.17,945.1,977.8
6420,2021-02-22 09:43:00,991.3,991.3,991.3,991.3,25,2700,931.17,945.1,977.8
6421,2021-02-22 09:44:00,991.3,991.3,991.3,991.3,25,2700,931.17,945.1,977.8
6422,2021-02-22 09:45:00,991.3,991.3,991.3,991.3,25,2775,934.7,957.35,988.5
6423,2021-02-22 09:46:00,991.3,991.3,991.3,991.3,25,2775,934.7,957.35,988.5
6424,2021-02-22 09:47:00,991.3,991.3,991.3,991.3,25,2775,934.7,957.35,988.5
6425,2021-02-22 09:48:00,991.3,991.3,991.3,991.3,25,2775,934.7,957.35,988.5
6426,2021-02-22 09:49:00,991.3,991.3,991.3,991.3,25,2775,934.7,957.35,988.5
6427,2021-02-22 09:50:00,991.3,991.3,991.3,991.3,25,2775,934.7,957.35,988.5
6428,2021-02-22 09:51:00,965.9,965.9,965.9,965.9,25,2750,936.44,932.35,959.2
6429,2021-02-22 09:52:00,965.9,965.9,965.9,965.9,25,2750,936.44,932.35,959.2
6430,2021-02-22 09:53:00,910.7,910.7,910.7,910.7,25,2750,935.08,942.05,968.6
6431,2021-02-22 09:54:00,910.7,910.7,910.7,910.7,25,2750,935.08,942.05,968.6
6432,2021-02-22 09:55:00,910.7,910.7,910.7,910.7,25,2750,935.08,942.05,968.6
6433,2021-02-22 09:56:00,933.25,933.25,933.25,933.25,25,2725,934.99,934.8,966.1
6434,2021-02-22 09:57:00,933.25,933.25,933.25,933.25,25,2725,934.99,934.8,966.1
6435,2021-02-22 09:58:00,910.7,910.7,910.7,910.7,25,2725,933.83,895.2,923.1
6436,2021-02-22 09:59:00,910.7,910.7,910.7,910.7,25,2725,933.83,895.2,923.1
6437,2021-02-22 10:00:00,910.7,910.7,910.7,910.7,25,2725,933.83,895.2,923.1
6438,2021-02-22 10:01:00,910.7,910.7,910.7,910.7,25,2725,933.83,895.2,923.1
6439,2021-02-22 10:02:00,910.7,910.7,910.7,910.7,25,2725,932.78,907.0,931.25
6440,2021-02-22 10:03:00,910.7,910.7,910.7,910.7,25,2725,932.78,907.0,931.25
6441,2021-02-22 10:04:00,910.7,910.7,910.7,910.7,25,2725,932.78,907.0,931.25
6442,2021-02-22 10:05:00,910.7,910.7,910.7,910.7,25,2725,931.82,894.5,921.45
6443,2021-02-22 10:06:00,910.7,910.7,910.7,910.7,25,2725,931.82,894.5,921.45
6444,2021-02-22 10:07:00,910.7,910.7,910.7,910.7,25,2725,931.82,894.5,921.45
6445,2021-02-22 10:08:00,910.7,910.7,910.7,910.7,25,2725,931.82,894.5,921.45
6446,2021-02-22 10:09:00,910.7,910.7,910.7,910.7,25,2725,931.82,894.5,921.45
6447,2021-02-22 10:10:00,910.7,910.7,910.7,910.7,25,2725,931.82,894.5,921.45
6448,2021-02-22 10:11:00,910.7,910.7,910.7,910.7,25,2725,931.82,894.5,921.45
6449,2021-02-22 10:12:00,890.0,890.0,890.0,890.0,50,2725,928.48,871.45,900.65
6450,2021-02-22 10:13:00,890.0,890.0,890.0,890.0,50,2725,928.48,871.45,900.65
6451,2021-02-22 10:14:00,890.0,890.0,890.0,890.0,50,2725,928.48,871.45,900.65
6452,2021-02-22 10:15:00,890.0,890.0,890.0,890.0,50,2725,928.48,871.45,900.65
6453,2021-02-22 10:16:00,890.0,890.0,890.0,890.0,50,2725,928.48,871.45,900.65
6454,2021-02-22 10:17:00,890.0,890.0,890.0,890.0,50,2725,928.48,871.45,900.65
6455,2021-02-22 10:18:00,890.0,890.0,890.0,890.0,50,2725,928.48,871.45,900.65
6456,2021-02-22 10:19:00,890.0,890.0,890.0,890.0,50,2725,928.48,871.45,900.65
6457,2021-02-22 10:20:00,890.0,890.0,890.0,890.0,50,2725,928.48,871.45,900.65
6458,2021-02-22 10:21:00,890.0,890.0,890.0,890.0,50,2725,928.48,871.45,900.65
6459,2021-02-22 10:22:00,890.0,890.0,890.0,890.0,50,2725,928.48,871.45,900.65
6460,2021-02-22 10:23:00,890.0,890.0,890.0,890.0,50,2725,928.48,871.45,900.65
6461,2021-02-22 10:24:00,890.0,890.0,890.0,890.0,50,2725,928.48,871.45,900.65
6462,2021-02-22 10:25:00,890.0,890.0,890.0,890.0,50,2725,928.48,871.45,900.65
6463,2021-02-22 10:26:00,890.0,890.0,890.0,890.0,50,2725,928.48,871.45,900.65
6464,2021-02-22 10:27:00,890.0,890.0,890.0,890.0,50,2725,928.48,871.45,900.65
6465,2021-02-22 10:28:00,890.0,890.0,890.0,890.0,50,2725,928.48,871.45,900.65
6466,2021-02-22 10:29:00,890.0,890.0,890.0,890.0,50,2725,928.48,871.45,900.65
6467,2021-02-22 10:30:00,890.0,890.0,890.0,890.0,50,2725,928.48,871.45,900.65
6468,2021-02-22 10:31:00,890.0,890.0,890.0,890.0,50,2725,928.48,871.45,900.65
6469,2021-02-22 10:32:00,890.0,890.0,890.0,890.0,50,2725,928.48,871.45,900.65
6470,2021-02-22 10:33:00,890.0,890.0,890.0,890.0,50,2725,928.48,871.45,900.65
6471,2021-02-22 10:34:00,890.0,890.0,890.0,890.0,50,2725,928.48,871.45,900.65
6472,2021-02-22 10:35:00,890.0,890.0,890.0,890.0,50,2725,928.48,871.45,900.65
6473,2021-02-22 10:36:00,890.0,890.0,890.0,890.0,50,2725,928.48,871.45,900.65
6474,2021-02-22 10:37:00,890.0,890.0,890.0,890.0,50,2725,928.48,871.45,900.65
6475,2021-02-22 10:38:00,890.0,890.0,890.0,890.0,50,2725,928.48,871.45,900.65
6476,2021-02-22 10:39:00,890.0,890.0,890.0,890.0,50,2725,928.48,871.45,900.65
6477,2021-02-22 10:40:00,890.0,890.0,890.0,890.0,50,2725,928.48,871.45,900.65
6478,2021-02-22 10:41:00,890.0,890.0,890.0,890.0,50,2725,928.48,871.45,900.65
6479,2021-02-22 10:42:00,890.0,890.0,890.0,890.0,50,2725,928.48,871.45,900.65
6480,2021-02-22 10:43:00,890.0,890.0,890.0,890.0,50,2725,928.48,871.45,900.65
6481,2021-02-22 10:44:00,890.0,890.0,890.0,890.0,50,2725,928.48,871.45,900.65
6482,2021-02-22 10:45:00,890.0,890.0,890.0,890.0,50,2725,928.48,871.45,900.65
6483,2021-02-22 10:46:00,890.0,890.0,890.0,890.0,50,2725,928.48,871.45,900.65
6484,2021-02-22 10:47:00,890.0,890.0,890.0,890.0,50,2725,928.48,871.45,900.65
6485,2021-02-22 10:48:00,890.0,890.0,890.0,890.0,50,2725,928.48,871.45,900.65
6486,2021-02-22 10:49:00,890.0,890.0,890.0,890.0,50,2725,928.48,871.45,900.65
6487,2021-02-22 10:50:00,890.0,890.0,890.0,890.0,50,2725,928.48,871.45,900.65
6488,2021-02-22 10:51:00,890.0,890.0,890.0,890.0,50,2725,928.48,871.45,900.65
6489,2021-02-22 10:52:00,890.0,890.0,890.0,890.0,50,2725,928.48,871.45,900.65
6490,2021-02-22 10:53:00,890.0,890.0,890.0,890.0,50,2725,928.48,871.45,900.65
6491,2021-02-22 10:54:00,890.0,890.0,890.0,890.0,50,2725,928.48,871.45,900.65
6492,2021-02-22 10:55:00,890.0,890.0,890.0,890.0,50,2725,928.48,871.45,900.65
6493,2021-02-22 10:56:00,890.0,890.0,890.0,890.0,50,2725,928.48,871.45,900.65
6494,2021-02-22 10:57:00,890.0,890.0,890.0,890.0,50,2725,928.48,871.45,900.65
6495,2021-02-22 10:58:00,890.0,890.0,890.0,890.0,50,2725,928.48,871.45,900.65
6496,2021-02-22 10:59:00,890.0,890.0,890.0,890.0,50,2725,928.48,871.45,900.65
6497,2021-02-22 11:00:00,890.0,890.0,890.0,890.0,50,2725,928.48,871.45,900.65
6498,2021-02-22 11:01:00,890.0,890.0,890.0,890.0,50,2725,928.48,871.45,900.65
6499,2021-02-22 11:02:00,890.0,890.0,890.0,890.0,50,2725,928.48,871.45,900.65
6500,2021-02-22 11:03:00,890.0,890.0,890.0,890.0,50,2725,928.48,871.45,900.65
6501,2021-02-22 11:04:00,890.0,890.0,890.0,890.0,50,2725,928.48,871.45,900.65
6502,2021-02-22 11:05:00,890.0,890.0,890.0,890.0,50,2725,928.48,871.45,900.65
6503,2021-02-22 11:06:00,890.0,890.0,890.0,890.0,50,2725,928.48,871.45,900.65
6504,2021-02-22 11:07:00,890.0,890.0,890.0,890.0,50,2725,928.48,871.45,900.65
6505,2021-02-22 11:08:00,890.0,890.0,890.0,890.0,50,2725,928.48,871.45,900.65
6506,2021-02-22 11:09:00,858.9,858.9,858.9,858.9,50,2775,923.32,816.65,870.6
6507,2021-02-22 11:10:00,858.9,858.9,858.9,858.9,50,2775,923.32,816.65,870.6
6508,2021-02-22 11:11:00,858.9,858.9,858.9,858.9,50,2775,923.32,816.65,870.6
6509,2021-02-22 11:12:00,858.9,858.9,858.9,858.9,50,2775,923.32,816.65,870.6
6510,2021-02-22 11:13:00,858.9,858.9,858.9,858.9,50,2775,923.32,816.65,870.6
6511,2021-02-22 11:14:00,858.9,858.9,858.9,858.9,50,2775,923.32,816.65,870.6
6512,2021-02-22 11:15:00,858.9,858.9,858.9,858.9,50,2775,923.32,816.65,870.6
6513,2021-02-22 11:16:00,858.9,858.9,858.9,858.9,50,2775,923.32,816.65,870.6
6514,2021-02-22 11:17:00,858.9,858.9,858.9,858.9,50,2775,923.32,816.65,870.6
6515,2021-02-22 11:18:00,858.9,858.9,858.9,858.9,50,2775,923.32,816.65,870.6
6516,2021-02-22 11:19:00,858.9,858.9,858.9,858.9,50,2775,923.32,816.65,870.6
6517,2021-02-22 11:20:00,843.3,843.3,843.3,843.3,50,2775,917.8,817.45,848.3
6518,2021-02-22 11:21:00,843.3,843.3,843.3,843.3,50,2775,917.8,817.45,848.3
6519,2021-02-22 11:22:00,843.3,843.3,843.3,843.3,50,2775,917.8,817.45,848.3
6520,2021-02-22 11:23:00,843.3,843.3,843.3,843.3,50,2775,917.8,817.45,848.3
6521,2021-02-22 11:24:00,843.3,843.3,843.3,843.3,50,2775,917.8,817.45,848.3
6522,2021-02-22 11:25:00,843.3,843.3,843.3,843.3,50,2775,917.8,817.45,848.3
6523,2021-02-22 11:26:00,843.3,843.3,843.3,843.3,50,2775,917.8,817.45,848.3
6524,2021-02-22 11:27:00,843.3,843.3,843.3,843.3,50,2775,917.8,817.45,848.3
6525,2021-02-22 11:28:00,843.3,843.3,843.3,843.3,50,2775,917.8,817.45,848.3
6526,2021-02-22 11:29:00,843.3,843.3,843.3,843.3,50,2775,917.8,817.45,848.3
6527,2021-02-22 11:30:00,843.3,843.3,843.3,843.3,50,2775,917.8,817.45,848.3
6528,2021-02-22 11:31:00,843.3,843.3,843.3,843.3,50,2775,917.8,817.45,848.3
6529,2021-02-22 11:32:00,843.3,843.3,843.3,843.3,50,2775,917.8,817.45,848.3
6530,2021-02-22 11:33:00,843.3,843.3,843.3,843.3,50,2775,917.8,817.45,848.3
6531,2021-02-22 11:34:00,843.3,843.3,843.3,843.3,50,2775,917.8,817.45,848.3
6532,2021-02-22 11:35:00,843.3,843.3,843.3,843.3,50,2775,917.8,817.45,848.3
6533,2021-02-22 11:36:00,843.3,843.3,843.3,843.3,50,2775,917.8,817.45,848.3
6534,2021-02-22 11:37:00,843.3,843.3,843.3,843.3,50,2775,917.8,817.45,848.3
6535,2021-02-22 11:38:00,843.3,843.3,843.3,843.3,50,2775,917.8,817.45,848.3
6536,2021-02-22 11:39:00,843.3,843.3,843.3,843.3,50,2775,917.8,817.45,848.3
6537,2021-02-22 11:40:00,843.3,843.3,843.3,843.3,50,2775,917.8,817.45,848.3
6538,2021-02-22 11:41:00,843.3,843.3,843.3,843.3,50,2775,917.8,817.45,848.3
6539,2021-02-22 11:42:00,843.3,843.3,843.3,843.3,50,2775,917.8,817.45,848.3
6540,2021-02-22 11:43:00,843.3,843.3,843.3,843.3,50,2775,917.8,817.45,848.3
6541,2021-02-22 11:44:00,843.3,843.3,843.3,843.3,50,2775,917.8,817.45,848.3
6542,2021-02-22 11:45:00,843.3,843.3,843.3,843.3,50,2775,917.8,817.45,848.3
6543,2021-02-22 11:46:00,843.3,843.3,843.3,843.3,50,2775,917.8,817.45,848.3
6544,2021-02-22 11:47:00,843.3,843.3,843.3,843.3,50,2775,917.8,817.45,848.3
6545,2021-02-22 11:48:00,843.3,843.3,843.3,843.3,50,2775,917.8,817.45,848.3
6546,2021-02-22 11:49:00,843.3,843.3,843.3,843.3,50,2775,917.8,817.45,848.3
6547,2021-02-22 11:50:00,843.3,843.3,843.3,843.3,50,2775,917.8,817.45,848.3
6548,2021-02-22 11:51:00,843.3,843.3,843.3,843.3,50,2775,917.8,817.45,848.3
6549,2021-02-22 11:52:00,843.3,843.3,843.3,843.3,50,2775,917.8,817.45,848.3
6550,2021-02-22 11:53:00,843.3,843.3,843.3,843.3,50,2775,917.8,817.45,848.3
6551,2021-02-22 11:54:00,843.3,843.3,843.3,843.3,50,2775,917.8,817.45,848.3
6552,2021-02-22 11:55:00,843.3,843.3,843.3,843.3,50,2775,917.8,817.45,848.3
6553,2021-02-22 11:56:00,843.3,843.3,843.3,843.3,50,2775,917.8,817.45,848.3
6554,2021-02-22 11:57:00,843.3,843.3,843.3,843.3,50,2775,917.8,817.45,848.3
6555,2021-02-22 11:58:00,843.3,843.3,843.3,843.3,50,2775,917.8,817.45,848.3
6556,2021-02-22 11:59:00,843.3,843.3,843.3,843.3,50,2775,917.8,817.45,848.3
6557,2021-02-22 12:00:00,830.5,830.5,775.3,775.3,50,2750,910.39,787.55,814.5
6558,2021-02-22 12:01:00,830.5,830.5,775.3,775.3,50,2750,910.39,787.55,814.5
6559,2021-02-22 12:02:00,830.5,830.5,775.3,775.3,50,2750,910.39,787.55,814.5
6560,2021-02-22 12:03:00,830.5,830.5,775.3,775.3,50,2750,910.39,787.55,814.5
6561,2021-02-22 12:04:00,830.5,830.5,775.3,775.3,50,2750,910.39,787.55,814.5
6562,2021-02-22 12:05:00,830.5,830.5,775.3,775.3,50,2750,910.39,787.55,814.5
6563,2021-02-22 12:06:00,830.5,830.5,775.3,775.3,50,2750,910.39,787.55,814.5
6564,2021-02-22 12:07:00,830.5,830.5,775.3,775.3,50,2750,910.39,787.55,814.5
6565,2021-02-22 12:08:00,830.5,830.5,775.3,775.3,50,2750,910.39,787.55,814.5
6566,2021-02-22 12:09:00,830.5,830.5,775.3,775.3,50,2750,910.39,787.55,814.5
6567,2021-02-22 12:10:00,830.5,830.5,775.3,775.3,50,2750,910.39,787.55,814.5
6568,2021-02-22 12:11:00,830.5,830.5,775.3,775.3,50,2750,910.39,787.55,814.5
6569,2021-02-22 12:12:00,830.5,830.5,775.3,775.3,50,2750,910.39,787.55,814.5
6570,2021-02-22 12:13:00,830.5,830.5,775.3,775.3,50,2750,910.39,787.55,814.5
6571,2021-02-22 12:14:00,830.5,830.5,775.3,775.3,50,2750,910.39,787.55,814.5
6572,2021-02-22 12:15:00,830.5,830.5,775.3,775.3,50,2750,910.39,787.55,814.5
6573,2021-02-22 12:16:00,830.5,830.5,775.3,775.3,50,2750,910.39,787.55,814.5
6574,2021-02-22 12:17:00,830.5,830.5,775.3,775.3,50,2750,910.39,787.55,814.5
6575,2021-02-22 12:18:00,830.5,830.5,775.3,775.3,50,2750,910.39,787.55,814.5
6576,2021-02-22 12:19:00,830.5,830.5,775.3,775.3,50,2750,910.39,787.55,814.5
6577,2021-02-22 12:20:00,830.5,830.5,775.3,775.3,50,2750,910.39,787.55,814.5
6578,2021-02-22 12:21:00,830.5,830.5,775.3,775.3,50,2750,910.39,787.55,814.5
6579,2021-02-22 12:22:00,830.5,830.5,775.3,775.3,50,2750,910.39,787.55,814.5
6580,2021-02-22 12:23:00,830.5,830.5,775.3,775.3,50,2750,910.39,787.55,814.5
6581,2021-02-22 12:24:00,830.5,830.5,775.3,775.3,50,2750,910.39,787.55,814.5
6582,2021-02-22 12:25:00,830.5,830.5,775.3,775.3,50,2750,910.39,787.55,814.5
6583,2021-02-22 12:26:00,830.5,830.5,775.3,775.3,50,2750,910.39,787.55,814.5
6584,2021-02-22 12:27:00,830.5,830.5,775.3,775.3,50,2750,910.39,787.55,814.5
6585,2021-02-22 12:28:00,830.5,830.5,775.3,775.3,50,2750,910.39,787.55,814.5
6586,2021-02-22 12:29:00,830.5,830.5,775.3,775.3,50,2750,910.39,787.55,814.5
6587,2021-02-22 12:30:00,830.5,830.5,775.3,775.3,50,2750,910.39,787.55,814.5
6588,2021-02-22 12:31:00,830.5,830.5,775.3,775.3,50,2750,910.39,787.55,814.5
6589,2021-02-22 12:32:00,830.5,830.5,775.3,775.3,50,2750,910.39,787.55,814.5
6590,2021-02-22 12:33:00,830.5,830.5,775.3,775.3,50,2750,910.39,787.55,814.5
6591,2021-02-22 12:34:00,830.5,830.5,775.3,775.3,50,2750,910.39,787.55,814.5
6592,2021-02-22 12:35:00,830.5,830.5,775.3,775.3,50,2750,910.39,787.55,814.5
6593,2021-02-22 12:36:00,830.5,830.5,775.3,775.3,50,2750,910.39,787.55,814.5
6594,2021-02-22 12:37:00,830.5,830.5,775.3,775.3,50,2750,910.39,787.55,814.5
6595,2021-02-22 12:38:00,830.5,830.5,775.3,775.3,50,2750,910.39,787.55,814.5
6596,2021-02-22 12:39:00,830.5,830.5,775.3,775.3,50,2750,910.39,787.55,814.5
6597,2021-02-22 12:40:00,830.5,830.5,775.3,775.3,50,2750,910.39,787.55,814.5
6598,2021-02-22 12:41:00,830.5,830.5,775.3,775.3,50,2750,910.39,787.55,814.5
6599,2021-02-22 12:42:00,830.5,830.5,775.3,775.3,50,2750,910.39,787.55,814.5
6600,2021-02-22 12:43:00,830.5,830.5,775.3,775.3,50,2750,910.39,787.55,814.5
6601,2021-02-22 12:44:00,830.5,830.5,775.3,775.3,50,2750,910.39,787.55,814.5
6602,2021-02-22 12:45:00,830.5,830.5,775.3,775.3,50,2750,910.39,787.55,814.5
6603,2021-02-22 12:46:00,830.5,830.5,775.3,775.3,50,2750,910.39,787.55,814.5
6604,2021-02-22 12:47:00,830.5,830.5,775.3,775.3,50,2750,910.39,787.55,814.5
6605,2021-02-22 12:48:00,830.5,830.5,775.3,775.3,50,2750,910.39,787.55,814.5
6606,2021-02-22 12:49:00,830.5,830.5,775.3,775.3,50,2750,910.39,787.55,814.5
6607,2021-02-22 12:50:00,830.5,830.5,775.3,775.3,50,2750,910.39,787.55,814.5
6608,2021-02-22 12:51:00,830.5,830.5,775.3,775.3,50,2750,910.39,787.55,814.5
6609,2021-02-22 12:52:00,830.5,830.5,775.3,775.3,50,2750,910.39,787.55,814.5
6610,2021-02-22 12:53:00,830.5,830.5,775.3,775.3,50,2750,910.39,787.55,814.5
6611,2021-02-22 12:54:00,830.5,830.5,775.3,775.3,50,2750,910.39,787.55,814.5
6612,2021-02-22 12:55:00,830.5,830.5,775.3,775.3,50,2750,910.39,787.55,814.5
6613,2021-02-22 12:56:00,830.5,830.5,775.3,775.3,50,2750,910.39,787.55,814.5
6614,2021-02-22 12:57:00,830.5,830.5,775.3,775.3,50,2750,910.39,787.55,814.5
6615,2021-02-22 12:58:00,830.5,830.5,775.3,775.3,50,2750,910.39,787.55,814.5
6616,2021-02-22 12:59:00,830.5,830.5,775.3,775.3,50,2750,910.39,787.55,814.5
6617,2021-02-22 13:00:00,763.4,763.4,763.4,763.4,25,2750,905.79,732.3,754.25
6618,2021-02-22 13:01:00,763.4,763.4,763.4,763.4,25,2750,905.79,732.3,754.25
6619,2021-02-22 13:02:00,763.4,763.4,763.4,763.4,25,2750,905.79,732.3,754.25
6620,2021-02-22 13:03:00,763.4,763.4,763.4,763.4,25,2750,905.79,732.3,754.25
6621,2021-02-22 13:04:00,763.4,763.4,763.4,763.4,25,2750,905.79,732.3,754.25
6622,2021-02-22 13:05:00,763.4,763.4,763.4,763.4,25,2750,905.79,732.3,754.25
6623,2021-02-22 13:06:00,763.4,763.4,763.4,763.4,25,2750,905.79,732.3,754.25
6624,2021-02-22 13:07:00,777.7,777.7,777.7,777.7,25,2750,901.91,766.75,805.9
6625,2021-02-22 13:08:00,777.7,777.7,777.7,777.7,25,2750,901.91,766.75,805.9
6626,2021-02-22 13:09:00,777.7,777.7,777.7,777.7,25,2750,901.91,766.75,805.9
6627,2021-02-22 13:10:00,759.0,759.0,758.95,759.0,50,2775,893.74,725.9,758.65
6628,2021-02-22 13:11:00,759.0,759.0,758.95,759.0,50,2775,893.74,725.9,758.65
6629,2021-02-22 13:12:00,759.0,759.0,758.95,759.0,50,2775,893.74,725.9,758.65
6630,2021-02-22 13:13:00,759.0,759.0,758.95,759.0,50,2775,893.74,725.9,758.65
6631,2021-02-22 13:14:00,759.0,759.0,758.95,759.0,50,2775,893.74,725.9,758.65
6632,2021-02-22 13:15:00,759.0,759.0,758.95,759.0,50,2775,893.74,725.9,758.65
6633,2021-02-22 13:16:00,759.0,759.0,758.95,759.0,50,2775,893.74,725.9,758.65
6634,2021-02-22 13:17:00,759.0,759.0,758.95,759.0,50,2775,893.74,725.9,758.65
6635,2021-02-22 13:18:00,759.0,759.0,758.95,759.0,50,2775,893.74,725.9,758.65
6636,2021-02-22 13:19:00,759.0,759.0,758.95,759.0,50,2775,893.74,725.9,758.65
6637,2021-02-22 13:20:00,759.0,759.0,758.95,759.0,50,2775,893.74,725.9,758.65
6638,2021-02-22 13:21:00,759.0,759.0,758.95,759.0,50,2775,893.74,725.9,758.65
6639,2021-02-22 13:22:00,759.0,759.0,758.95,759.0,50,2775,893.74,725.9,758.65
6640,2021-02-22 13:23:00,759.0,759.0,758.95,759.0,50,2775,893.74,725.9,758.65
6641,2021-02-22 13:24:00,759.0,759.0,758.95,759.0,50,2775,893.74,725.9,758.65
6642,2021-02-22 13:25:00,759.0,759.0,758.95,759.0,50,2775,893.74,725.9,758.65
6643,2021-02-22 13:26:00,759.0,759.0,758.95,759.0,50,2775,893.74,725.9,758.65
6644,2021-02-22 13:27:00,759.0,759.0,758.95,759.0,50,2775,893.74,725.9,758.65
6645,2021-02-22 13:28:00,759.0,759.0,758.95,759.0,50,2775,893.74,725.9,758.65
6646,2021-02-22 13:29:00,759.0,759.0,758.95,759.0,50,2775,893.74,725.9,758.65
6647,2021-02-22 13:30:00,750.0,750.0,738.0,738.0,50,2750,885.65,715.95,761.5
6648,2021-02-22 13:31:00,727.9,727.9,727.9,727.9,25,2750,881.5,735.25,773.3
6649,2021-02-22 13:32:00,727.9,727.9,727.9,727.9,25,2750,881.5,735.25,773.3
6650,2021-02-22 13:33:00,727.9,727.9,727.9,727.9,25,2750,881.5,735.25,773.3
6651,2021-02-22 13:34:00,727.9,727.9,727.9,727.9,25,2750,881.5,735.25,773.3
6652,2021-02-22 13:35:00,727.9,727.9,727.9,727.9,25,2750,881.5,735.25,773.3
6653,2021-02-22 13:36:00,727.9,727.9,727.9,727.9,25,2750,881.5,735.25,773.3
6654,2021-02-22 13:37:00,742.85,742.85,742.85,742.85,75,2775,871.35,707.9,742.15
6655,2021-02-22 13:38:00,742.85,742.85,742.85,742.85,75,2775,871.35,707.9,742.15
6656,2021-02-22 13:39:00,742.85,742.85,742.85,742.85,75,2775,871.35,707.9,742.15
6657,2021-02-22 13:40:00,742.85,742.85,742.85,742.85,75,2775,871.35,707.9,742.15
6658,2021-02-22 13:41:00,742.85,742.85,742.85,742.85,75,2775,871.35,707.9,742.15
6659,2021-02-22 13:42:00,711.5,711.5,711.5,711.5,25,2850,867.54,706.5,733.2
6660,2021-02-22 13:43:00,711.5,711.5,711.5,711.5,25,2850,867.54,706.5,733.2
6661,2021-02-22 13:44:00,715.45,715.45,715.45,715.45,25,2850,864.01,676.2,705.0
6662,2021-02-22 13:45:00,715.45,715.45,715.45,715.45,25,2850,864.01,676.2,705.0
6663,2021-02-22 13:46:00,682.3,682.3,682.3,682.3,25,2875,859.88,692.75,719.9
6664,2021-02-22 13:47:00,682.3,682.3,682.3,682.3,25,2875,859.88,692.75,719.9
6665,2021-02-22 13:48:00,682.3,682.3,682.3,682.3,25,2875,859.88,692.75,719.9
6666,2021-02-22 13:49:00,682.3,682.3,682.3,682.3,25,2875,859.88,692.75,719.9
6667,2021-02-22 13:50:00,682.3,682.3,682.3,682.3,25,2875,859.88,692.75,719.9
6668,2021-02-22 13:51:00,682.3,682.3,682.3,682.3,25,2875,859.88,692.75,719.9
6669,2021-02-22 13:52:00,682.3,682.3,682.3,682.3,25,2875,859.88,692.75,719.9
6670,2021-02-22 13:53:00,682.3,682.3,682.3,682.3,25,2875,859.88,692.75,719.9
6671,2021-02-22 13:54:00,678.1,678.1,678.1,678.1,50,2875,852.02,654.95,689.3
6672,2021-02-22 13:55:00,678.1,678.1,678.1,678.1,50,2875,852.02,654.95,689.3
6673,2021-02-22 13:56:00,678.1,678.1,678.1,678.1,50,2875,852.02,654.95,689.3
6674,2021-02-22 13:57:00,678.1,678.1,678.1,678.1,50,2875,852.02,654.95,689.3
6675,2021-02-22 13:58:00,678.1,678.1,678.1,678.1,50,2875,852.02,654.95,689.3
6676,2021-02-22 13:59:00,678.1,678.1,678.1,678.1,50,2875,852.02,654.95,689.3
6677,2021-02-22 14:00:00,678.1,678.1,678.1,678.1,50,2875,852.02,654.95,689.3
6678,2021-02-22 14:01:00,678.1,678.1,678.1,678.1,50,2875,852.02,654.95,689.3
6679,2021-02-22 14:02:00,678.1,678.1,678.1,678.1,50,2875,852.02,654.95,689.3
6680,2021-02-22 14:03:00,678.1,678.1,678.1,678.1,50,2875,852.02,654.95,689.3
6681,2021-02-22 14:04:00,678.1,678.1,678.1,678.1,50,2875,852.02,654.95,689.3
6682,2021-02-22 14:05:00,678.1,678.1,678.1,678.1,50,2875,852.02,654.95,689.3
6683,2021-02-22 14:06:00,678.1,678.1,678.1,678.1,50,2875,852.02,654.95,689.3
6684,2021-02-22 14:07:00,743.35,743.35,743.35,743.35,125,2900,840.68,710.85,730.3
6685,2021-02-22 14:08:00,743.35,743.35,743.35,743.35,125,2900,840.68,710.85,730.3
6686,2021-02-22 14:09:00,743.35,743.35,743.35,743.35,125,2900,840.68,710.85,730.3
6687,2021-02-22 14:10:00,687.35,687.35,678.0,678.0,75,3025,831.99,649.8,678.6
6688,2021-02-22 14:11:00,687.35,687.35,678.0,678.0,75,3025,831.99,649.8,678.6
6689,2021-02-22 14:12:00,687.35,687.35,678.0,678.0,75,3025,831.99,649.8,678.6
6690,2021-02-22 14:13:00,659.4,659.4,659.4,659.4,50,3050,825.83,644.85,673.65
6691,2021-02-22 14:14:00,659.4,659.4,659.4,659.4,50,3050,825.83,644.85,673.65
6692,2021-02-22 14:15:00,659.4,659.4,659.4,659.4,50,3050,825.83,644.85,673.65
6693,2021-02-22 14:16:00,659.4,659.4,659.4,659.4,50,3050,825.83,644.85,673.65
6694,2021-02-22 14:17:00,659.4,659.4,659.4,659.4,50,3050,825.83,644.85,673.65
6695,2021-02-22 14:18:00,659.4,659.4,659.4,659.4,50,3050,825.83,644.85,673.65
6696,2021-02-22 14:19:00,659.4,659.4,659.4,659.4,50,3050,825.83,644.85,673.65
6697,2021-02-22 14:20:00,659.4,659.4,659.4,659.4,50,3050,825.83,644.85,673.65
6698,2021-02-22 14:21:00,659.4,659.4,659.4,659.4,50,3050,825.83,644.85,673.65
6699,2021-02-22 14:22:00,635.2,635.2,635.2,635.2,25,3050,822.48,607.7,644.85
6700,2021-02-22 14:23:00,635.2,635.2,635.2,635.2,25,3050,822.48,607.7,644.85
6701,2021-02-22 14:24:00,635.2,635.2,635.2,635.2,25,3050,822.48,607.7,644.85
6702,2021-02-22 14:25:00,650.5,650.5,629.15,629.15,125,3050,807.68,606.65,646.45
6703,2021-02-22 14:26:00,650.5,650.5,629.15,629.15,125,3050,807.68,606.65,646.45
6704,2021-02-22 14:27:00,650.5,650.5,629.15,629.15,125,3050,807.68,606.65,646.45
6705,2021-02-22 14:28:00,629.15,629.15,629.15,629.15,50,3150,802.1,619.8,647.25
6706,2021-02-22 14:29:00,629.15,629.15,629.15,629.15,50,3150,802.1,619.8,647.25
6707,2021-02-22 14:30:00,629.15,629.15,629.15,629.15,50,3150,802.1,619.8,647.25
6708,2021-02-22 14:31:00,662.2,662.2,662.2,662.2,100,3150,793.78,627.65,655.6
6709,2021-02-22 14:32:00,662.2,662.2,662.2,662.2,100,3150,793.78,627.65,655.6
6710,2021-02-22 14:33:00,662.2,662.2,662.2,662.2,100,3150,793.78,627.65,655.6
6711,2021-02-22 14:34:00,658.0,658.0,658.0,658.0,25,3250,791.81,655.4,676.5
6712,2021-02-22 14:35:00,658.0,658.0,658.0,658.0,25,3250,791.81,655.4,676.5
6713,2021-02-22 14:36:00,658.0,658.0,658.0,658.0,25,3250,791.81,655.4,676.5
6714,2021-02-22 14:37:00,649.1,649.1,649.1,649.1,125,3225,782.17,635.15,657.6
6715,2021-02-22 14:38:00,649.1,649.1,649.1,649.1,125,3225,782.17,635.15,657.6
6716,2021-02-22 14:39:00,649.1,649.1,649.1,649.1,125,3225,782.17,635.15,657.6
6717,2021-02-22 14:40:00,649.1,649.1,649.1,649.1,125,3225,782.17,635.15,657.6
6718,2021-02-22 14:41:00,649.1,649.1,649.1,649.1,125,3225,782.17,635.15,657.6
6719,2021-02-22 14:42:00,649.1,649.1,649.1,649.1,125,3225,782.17,635.15,657.6
6720,2021-02-22 14:43:00,649.1,649.1,649.1,649.1,125,3225,782.17,635.15,657.6
6721,2021-02-22 14:44:00,649.1,649.1,649.1,649.1,125,3225,782.17,635.15,657.6
6722,2021-02-22 14:45:00,649.1,649.1,649.1,649.1,125,3225,782.17,635.15,657.6
6723,2021-02-22 14:46:00,714.9,714.9,714.9,714.9,100,3350,778.43,677.95,706.7
6724,2021-02-22 14:47:00,714.9,714.9,714.9,714.9,75,3350,776.07,700.85,735.85
6725,2021-02-22 14:48:00,714.9,714.9,714.9,714.9,75,3350,776.07,700.85,735.85
6726,2021-02-22 14:49:00,714.9,714.9,714.9,714.9,75,3350,776.07,700.85,735.85
6727,2021-02-22 14:50:00,714.9,714.9,714.9,714.9,75,3350,776.07,700.85,735.85
6728,2021-02-22 14:51:00,714.9,714.9,714.9,714.9,75,3350,776.07,700.85,735.85
6729,2021-02-22 14:52:00,728.0,728.0,728.0,728.0,25,3325,775.49,720.35,734.2
6730,2021-02-22 14:53:00,727.8,727.8,727.8,727.8,25,3325,774.91,723.55,739.45
6731,2021-02-22 14:54:00,727.8,727.8,727.8,727.8,25,3325,774.91,723.55,739.45
6732,2021-02-22 14:55:00,727.8,727.8,727.8,727.8,25,3325,774.91,723.55,739.45
6733,2021-02-22 14:56:00,727.8,727.8,727.8,727.8,25,3325,774.91,723.55,739.45
6734,2021-02-22 14:57:00,727.8,727.8,727.8,727.8,25,3325,774.91,723.55,739.45
6735,2021-02-22 14:58:00,727.8,727.8,727.8,727.8,25,3325,774.91,723.55,739.45
6736,2021-02-22 14:59:00,714.9,714.9,714.9,714.9,25,3375,774.2,709.05,723.6
6737,2021-02-22 15:00:00,714.9,714.9,714.9,714.9,25,3375,774.2,709.05,723.6
6738,2021-02-22 15:01:00,714.9,714.9,714.9,714.9,25,3375,774.2,709.05,723.6
6739,2021-02-22 15:02:00,717.25,717.25,699.95,699.95,50,3375,772.67,690.5,700.8
6740,2021-02-22 15:03:00,717.25,717.25,699.95,699.95,50,3375,772.67,690.5,700.8
6741,2021-02-22 15:04:00,717.25,717.25,699.95,699.95,50,3375,772.67,690.5,700.8
6742,2021-02-22 15:05:00,717.25,717.25,699.95,699.95,50,3375,772.67,690.5,700.8
6743,2021-02-22 15:06:00,717.25,717.25,699.95,699.95,50,3375,772.67,690.5,700.8
6744,2021-02-22 15:07:00,717.25,717.25,699.95,699.95,50,3375,772.67,690.5,700.8
6745,2021-02-22 15:08:00,717.25,717.25,699.95,699.95,50,3375,772.67,690.5,700.8
6746,2021-02-22 15:09:00,717.25,717.25,699.95,699.95,50,3375,772.67,690.5,700.8
6747,2021-02-22 15:10:00,717.25,717.25,699.95,699.95,50,3375,772.67,690.5,700.8
6748,2021-02-22 15:11:00,717.25,717.25,699.95,699.95,50,3375,772.67,690.5,700.8
6749,2021-02-22 15:12:00,717.25,717.25,699.95,699.95,50,3375,772.67,690.5,700.8
6750,2021-02-22 15:13:00,717.25,717.25,699.95,699.95,50,3375,772.67,690.5,700.8
6751,2021-02-22 15:14:00,717.25,717.25,699.95,699.95,50,3375,772.67,690.5,700.8
6752,2021-02-22 15:15:00,717.25,717.25,699.95,699.95,50,3375,772.67,690.5,700.8
6753,2021-02-22 15:16:00,717.25,717.25,699.95,699.95,50,3375,772.67,690.5,700.8
6754,2021-02-22 15:17:00,693.5,693.5,693.5,693.5,25,3375,771.76,643.9,690.3
6755,2021-02-22 15:18:00,693.5,693.5,693.5,693.5,25,3375,771.76,643.9,690.3
6756,2021-02-22 15:19:00,693.5,693.5,693.5,693.5,25,3375,771.76,643.9,690.3
6757,2021-02-22 15:20:00,693.5,693.5,693.5,693.5,25,3375,771.76,643.9,690.3
6758,2021-02-22 15:21:00,693.5,693.5,693.5,693.5,25,3375,771.76,643.9,690.3
6759,2021-02-22 15:22:00,625.05,625.05,625.05,625.05,25,3400,770.1,628.9,655.95
6760,2021-02-22 15:23:00,625.05,625.05,625.05,625.05,25,3400,770.1,628.9,655.95
6761,2021-02-22 15:24:00,625.05,625.05,625.05,625.05,25,3400,770.1,628.9,655.95
6762,2021-02-22 15:25:00,625.05,625.05,625.05,625.05,25,3400,770.1,628.9,655.95
6763,2021-02-22 15:26:00,660.0,660.0,640.55,640.55,225,3375,759.6,613.6,651.45
6764,2021-02-22 15:27:00,660.0,660.0,640.55,640.55,225,3375,759.6,613.6,651.45
6765,2021-02-22 15:28:00,660.0,660.0,640.55,640.55,225,3375,759.6,613.6,651.45
6766,2021-02-22 15:29:00,660.0,660.0,640.55,640.55,225,3375,759.6,613.6,651.45
6767,2021-02-22 15:30:00,660.0,660.0,640.55,640.55,225,3375,759.6,613.6,651.45
6768,2021-02-23 09:15:00,660.0,660.0,640.55,640.55,225,3375,759.6,613.6,651.45
6769,2021-02-23 09:16:00,660.0,660.0,640.55,640.55,225,3375,759.6,613.6,651.45
6770,2021-02-23 09:17:00,660.0,660.0,640.55,640.55,225,3375,759.6,613.6,651.45
6771,2021-02-23 09:18:00,660.0,660.0,640.55,640.55,225,3375,759.6,613.6,651.45
6772,2021-02-23 09:19:00,660.0,660.0,640.55,640.55,225,3375,759.6,613.6,651.45
6773,2021-02-23 09:20:00,660.0,660.0,640.55,640.55,225,3375,759.6,613.6,651.45
6774,2021-02-23 09:21:00,660.0,660.0,640.55,640.55,225,3375,759.6,613.6,651.45
6775,2021-02-23 09:22:00,660.0,660.0,640.55,640.55,225,3375,759.6,613.6,651.45
6776,2021-02-23 09:23:00,660.0,660.0,640.55,640.55,225,3375,759.6,613.6,651.45
6777,2021-02-23 09:24:00,660.0,660.0,640.55,640.55,225,3375,759.6,613.6,651.45
6778,2021-02-23 09:25:00,660.0,660.0,640.55,640.55,225,3375,759.6,613.6,651.45
6779,2021-02-23 09:26:00,660.0,660.0,640.55,640.55,225,3375,759.6,613.6,651.45
6780,2021-02-23 09:27:00,660.0,660.0,640.55,640.55,225,3375,759.6,613.6,651.45
6781,2021-02-23 09:28:00,660.0,660.0,640.55,640.55,225,3375,759.6,613.6,651.45
6782,2021-02-23 09:29:00,660.0,660.0,640.55,640.55,225,3375,759.6,613.6,651.45
6783,2021-02-23 09:30:00,660.0,660.0,640.55,640.55,225,3375,759.6,613.6,651.45
6784,2021-02-23 09:31:00,660.0,660.0,640.55,640.55,225,3375,759.6,613.6,651.45
6785,2021-02-23 09:32:00,660.0,660.0,640.55,640.55,225,3375,759.6,613.6,651.45
6786,2021-02-23 09:33:00,660.0,660.0,640.55,640.55,225,3375,759.6,613.6,651.45
6787,2021-02-23 09:34:00,660.0,660.0,640.55,640.55,225,3375,759.6,613.6,651.45
6788,2021-02-23 09:35:00,660.0,660.0,640.55,640.55,225,3375,759.6,613.6,651.45
6789,2021-02-23 09:36:00,660.0,660.0,640.55,640.55,225,3375,759.6,613.6,651.45
6790,2021-02-23 09:37:00,701.75,701.85,701.75,701.85,75,3575,701.78,669.25,700.3
6791,2021-02-23 09:38:00,701.75,701.85,701.75,701.85,75,3575,701.78,669.25,700.3
6792,2021-02-23 09:39:00,701.75,701.85,701.75,701.85,75,3575,701.78,669.25,700.3
6793,2021-02-23 09:40:00,701.75,701.85,701.75,701.85,75,3575,701.78,669.25,700.3
6794,2021-02-23 09:41:00,701.75,701.85,701.75,701.85,75,3575,701.78,669.25,700.3
6795,2021-02-23 09:42:00,640.0,640.0,640.0,640.0,400,3650,649.75,603.2,657.2
6796,2021-02-23 09:43:00,640.0,640.0,640.0,640.0,400,3650,649.75,603.2,657.2
6797,2021-02-23 09:44:00,640.0,640.0,640.0,640.0,400,3650,649.75,603.2,657.2
6798,2021-02-23 09:45:00,640.0,640.0,640.0,640.0,400,3650,649.75,603.2,657.2
6799,2021-02-23 09:46:00,640.25,640.25,640.25,640.25,25,3925,649.28,609.0,639.65
6800,2021-02-23 09:47:00,640.25,640.25,640.25,640.25,25,3925,649.28,609.0,639.65
6801,2021-02-23 09:48:00,640.25,640.25,640.25,640.25,25,3925,649.28,609.0,639.65
6802,2021-02-23 09:49:00,640.25,640.25,640.25,640.25,25,3925,649.28,609.0,639.65
6803,2021-02-23 09:50:00,640.25,640.25,640.25,640.25,25,3925,649.28,609.0,639.65
6804,2021-02-23 09:51:00,640.25,640.25,640.25,640.25,25,3925,649.28,609.0,639.65
6805,2021-02-23 09:52:00,640.25,640.25,640.25,640.25,25,3925,649.28,609.0,639.65
6806,2021-02-23 09:53:00,640.25,640.25,640.25,640.25,25,3925,649.28,609.0,639.65
6807,2021-02-23 09:54:00,640.25,640.25,640.25,640.25,25,3925,649.28,609.0,639.65
6808,2021-02-23 09:55:00,640.25,640.25,640.25,640.25,25,3925,649.28,609.0,639.65
6809,2021-02-23 09:56:00,640.25,640.25,640.25,640.25,25,3925,649.28,609.0,639.65
6810,2021-02-23 09:57:00,640.25,640.25,640.25,640.25,25,3925,649.28,609.0,639.65
6811,2021-02-23 09:58:00,640.25,640.25,640.25,640.25,25,3925,649.28,609.0,639.65
6812,2021-02-23 09:59:00,640.25,640.25,640.25,640.25,25,3925,649.28,609.0,639.65
6813,2021-02-23 10:00:00,640.25,640.25,640.25,640.25,25,3925,649.28,609.0,639.65
6814,2021-02-23 10:01:00,640.25,640.25,640.25,640.25,25,3925,649.28,609.0,639.65
6815,2021-02-23 10:02:00,640.25,640.25,640.25,640.25,25,3925,649.28,609.0,639.65
6816,2021-02-23 10:03:00,640.25,640.25,640.25,640.25,25,3925,649.28,609.0,639.65
6817,2021-02-23 10:04:00,640.25,640.25,640.25,640.25,25,3925,649.28,609.0,639.65
6818,2021-02-23 10:05:00,640.25,640.25,640.25,640.25,25,3925,649.28,609.0,639.65
6819,2021-02-23 10:06:00,640.25,640.25,640.25,640.25,25,3925,649.28,609.0,639.65
6820,2021-02-23 10:07:00,640.25,640.25,640.25,640.25,25,3925,649.28,609.0,639.65
6821,2021-02-23 10:08:00,640.25,640.25,640.25,640.25,25,3925,649.28,609.0,639.65
6822,2021-02-23 10:09:00,640.25,640.25,640.25,640.25,25,3925,649.28,609.0,639.65
6823,2021-02-23 10:10:00,640.25,640.25,640.25,640.25,25,3925,649.28,609.0,639.65
6824,2021-02-23 10:11:00,640.25,640.25,640.25,640.25,25,3925,649.28,609.0,639.65
6825,2021-02-23 10:12:00,640.25,640.25,640.25,640.25,25,3925,649.28,609.0,639.65
6826,2021-02-23 10:13:00,640.25,640.25,640.25,640.25,25,3925,649.28,609.0,639.65
6827,2021-02-23 10:14:00,640.25,640.25,640.25,640.25,25,3925,649.28,609.0,639.65
6828,2021-02-23 10:15:00,640.25,640.25,640.25,640.25,25,3925,649.28,609.0,639.65
6829,2021-02-23 10:16:00,640.25,640.25,640.25,640.25,25,3925,649.28,609.0,639.65
6830,2021-02-23 10:17:00,640.25,640.25,640.25,640.25,25,3925,649.28,609.0,639.65
6831,2021-02-23 10:18:00,640.25,640.25,640.25,640.25,25,3925,649.28,609.0,639.65
6832,2021-02-23 10:19:00,640.25,640.25,640.25,640.25,25,3925,649.28,609.0,639.65
6833,2021-02-23 10:20:00,640.25,640.25,640.25,640.25,25,3925,649.28,609.0,639.65
6834,2021-02-23 10:21:00,640.25,640.25,640.25,640.25,25,3925,649.28,609.0,639.65
6835,2021-02-23 10:22:00,640.25,640.25,640.25,640.25,25,3925,649.28,609.0,639.65
6836,2021-02-23 10:23:00,640.25,640.25,640.25,640.25,25,3925,649.28,609.0,639.65
6837,2021-02-23 10:24:00,640.25,640.25,640.25,640.25,25,3925,649.28,609.0,639.65
6838,2021-02-23 10:25:00,640.25,640.25,640.25,640.25,25,3925,649.28,609.0,639.65
6839,2021-02-23 10:26:00,640.25,640.25,640.25,640.25,25,3925,649.28,609.0,639.65
6840,2021-02-23 10:27:00,699.1,699.1,699.1,699.1,50,3675,653.8,699.2,709.45
6841,2021-02-23 10:28:00,699.1,699.1,699.1,699.1,50,3675,653.8,699.2,709.45
6842,2021-02-23 10:29:00,699.1,699.1,699.1,699.1,50,3675,653.8,699.2,709.45
6843,2021-02-23 10:30:00,699.1,699.1,699.1,699.1,50,3675,653.8,699.2,709.45
6844,2021-02-23 10:31:00,699.1,699.1,699.1,699.1,50,3675,653.8,699.2,709.45
6845,2021-02-23 10:32:00,699.1,699.1,699.1,699.1,50,3675,653.8,699.2,709.45
6846,2021-02-23 10:33:00,699.1,699.1,699.1,699.1,50,3675,653.8,699.2,709.45
6847,2021-02-23 10:34:00,699.1,699.1,699.1,699.1,50,3675,653.8,699.2,709.45
6848,2021-02-23 10:35:00,699.1,699.1,699.1,699.1,50,3675,653.8,699.2,709.45
6849,2021-02-23 10:36:00,699.1,699.1,699.1,699.1,50,3675,653.8,699.2,709.45
6850,2021-02-23 10:37:00,699.1,699.1,699.1,699.1,50,3675,653.8,699.2,709.45
6851,2021-02-23 10:38:00,699.1,699.1,699.1,699.1,50,3675,653.8,699.2,709.45
6852,2021-02-23 10:39:00,795.3,810.3,795.3,810.3,450,3725,723.4,776.65,803.85
6853,2021-02-23 10:40:00,795.3,810.3,795.3,810.3,450,3725,723.4,776.65,803.85
6854,2021-02-23 10:41:00,810.3,810.3,810.3,810.3,25,3725,725.52,785.7,808.6
6855,2021-02-23 10:42:00,810.3,810.3,810.3,810.3,25,3725,725.52,785.7,808.6
6856,2021-02-23 10:43:00,810.3,810.3,810.3,810.3,25,3725,725.52,785.7,808.6
6857,2021-02-23 10:44:00,810.3,810.3,810.3,810.3,25,3725,725.52,785.7,808.6
6858,2021-02-23 10:45:00,810.3,810.3,810.3,810.3,25,3725,725.52,785.7,808.6
6859,2021-02-23 10:46:00,775.0,775.0,775.0,775.0,25,3750,726.69,766.5,787.2
6860,2021-02-23 10:47:00,775.0,775.0,775.0,775.0,25,3750,726.69,766.5,787.2
6861,2021-02-23 10:48:00,775.0,775.0,775.0,775.0,25,3750,726.69,766.5,787.2
6862,2021-02-23 10:49:00,775.0,775.0,775.0,775.0,25,3750,726.69,766.5,787.2
6863,2021-02-23 10:50:00,775.0,775.0,775.0,775.0,25,3750,726.69,766.5,787.2
6864,2021-02-23 10:51:00,775.0,775.0,775.0,775.0,25,3750,726.69,766.5,787.2
6865,2021-02-23 10:52:00,775.0,775.0,775.0,775.0,25,3750,726.69,766.5,787.2
6866,2021-02-23 10:53:00,775.0,775.0,775.0,775.0,25,3750,726.69,766.5,787.2
6867,2021-02-23 10:54:00,775.0,775.0,775.0,775.0,25,3750,726.69,766.5,787.2
6868,2021-02-23 10:55:00,775.0,775.0,775.0,775.0,25,3750,726.69,766.5,787.2
6869,2021-02-23 10:56:00,775.0,775.0,775.0,775.0,25,3750,726.69,766.5,787.2
6870,2021-02-23 10:57:00,775.0,775.0,775.0,775.0,25,3750,726.69,766.5,787.2
6871,2021-02-23 10:58:00,775.0,775.0,775.0,775.0,25,3750,726.69,766.5,787.2
6872,2021-02-23 10:59:00,768.85,768.85,728.5,728.5,50,3775,727.69,737.3,766.2
6873,2021-02-23 11:00:00,734.25,734.25,734.25,734.25,25,3775,727.84,719.2,749.0
6874,2021-02-23 11:01:00,734.25,734.25,734.25,734.25,25,3775,727.84,719.2,749.0
6875,2021-02-23 11:02:00,734.25,734.25,734.25,734.25,25,3775,727.84,719.2,749.0
6876,2021-02-23 11:03:00,731.25,731.25,731.25,731.25,50,3775,727.98,725.9,744.35
6877,2021-02-23 11:04:00,731.25,731.25,731.25,731.25,50,3775,727.98,725.9,744.35
6878,2021-02-23 11:05:00,731.25,731.25,731.25,731.25,50,3775,727.98,725.9,744.35
6879,2021-02-23 11:06:00,731.25,731.25,731.25,731.25,50,3775,727.98,725.9,744.35
6880,2021-02-23 11:07:00,731.25,731.25,731.25,731.25,50,3775,727.98,725.9,744.35
6881,2021-02-23 11:08:00,731.25,731.25,731.25,731.25,50,3775,727.98,725.9,744.35
6882,2021-02-23 11:09:00,731.25,731.25,731.25,731.25,50,3775,727.98,725.9,744.35
6883,2021-02-23 11:10:00,731.25,731.25,731.25,731.25,50,3775,727.98,725.9,744.35
6884,2021-02-23 11:11:00,731.25,731.25,731.25,731.25,50,3775,727.98,725.9,744.35
6885,2021-02-23 11:12:00,731.25,731.25,731.25,731.25,50,3775,727.98,725.9,744.35
6886,2021-02-23 11:13:00,731.25,731.25,731.25,731.25,50,3775,727.98,725.9,744.35
6887,2021-02-23 11:14:00,731.25,731.25,731.25,731.25,50,3775,727.98,725.9,744.35
6888,2021-02-23 11:15:00,731.25,731.25,731.25,731.25,50,3775,727.98,725.9,744.35
6889,2021-02-23 11:16:00,731.25,731.25,731.25,731.25,50,3775,727.98,725.9,744.35
6890,2021-02-23 11:17:00,731.25,731.25,731.25,731.25,50,3775,727.98,725.9,744.35
6891,2021-02-23 11:18:00,731.25,731.25,731.25,731.25,50,3775,727.98,725.9,744.35
6892,2021-02-23 11:19:00,731.25,731.25,731.25,731.25,50,3775,727.98,725.9,744.35
6893,2021-02-23 11:20:00,731.25,731.25,731.25,731.25,50,3775,727.98,725.9,744.35
6894,2021-02-23 11:21:00,731.25,731.25,731.25,731.25,50,3775,727.98,725.9,744.35
6895,2021-02-23 11:22:00,731.25,731.25,731.25,731.25,50,3775,727.98,725.9,744.35
6896,2021-02-23 11:23:00,731.25,731.25,731.25,731.25,50,3775,727.98,725.9,744.35
6897,2021-02-23 11:24:00,731.25,731.25,731.25,731.25,50,3775,727.98,725.9,744.35
6898,2021-02-23 11:25:00,731.25,731.25,731.25,731.25,50,3775,727.98,725.9,744.35
6899,2021-02-23 11:26:00,731.25,731.25,731.25,731.25,50,3775,727.98,725.9,744.35
6900,2021-02-23 11:27:00,731.25,731.25,731.25,731.25,50,3775,727.98,725.9,744.35
6901,2021-02-23 11:28:00,731.25,731.25,731.25,731.25,50,3775,727.98,725.9,744.35
6902,2021-02-23 11:29:00,731.25,731.25,731.25,731.25,50,3775,727.98,725.9,744.35
6903,2021-02-23 11:30:00,731.25,731.25,731.25,731.25,50,3775,727.98,725.9,744.35
6904,2021-02-23 11:31:00,731.25,731.25,731.25,731.25,50,3775,727.98,725.9,744.35
6905,2021-02-23 11:32:00,731.25,731.25,731.25,731.25,50,3775,727.98,725.9,744.35
6906,2021-02-23 11:33:00,731.25,731.25,731.25,731.25,50,3775,727.98,725.9,744.35
6907,2021-02-23 11:34:00,731.25,731.25,731.25,731.25,50,3775,727.98,725.9,744.35
6908,2021-02-23 11:35:00,675.1,675.1,675.1,675.1,150,3775,722.0,660.65,696.9
6909,2021-02-23 11:36:00,675.1,675.1,675.1,675.1,150,3775,722.0,660.65,696.9
6910,2021-02-23 11:37:00,675.1,675.1,675.1,675.1,150,3775,722.0,660.65,696.9
6911,2021-02-23 11:38:00,675.1,675.1,675.1,675.1,150,3775,722.0,660.65,696.9
6912,2021-02-23 11:39:00,675.1,675.1,675.1,675.1,150,3775,722.0,660.65,696.9
6913,2021-02-23 11:40:00,675.1,675.1,675.1,675.1,150,3775,722.0,660.65,696.9
6914,2021-02-23 11:41:00,675.1,675.1,675.1,675.1,150,3775,722.0,660.65,696.9
6915,2021-02-23 11:42:00,675.1,675.1,675.1,675.1,150,3775,722.0,660.65,696.9
6916,2021-02-23 11:43:00,675.1,675.1,675.1,675.1,150,3775,722.0,660.65,696.9
6917,2021-02-23 11:44:00,675.1,675.1,675.1,675.1,150,3775,722.0,660.65,696.9
6918,2021-02-23 11:45:00,612.9,612.9,612.9,612.9,50,3925,718.03,590.95,618.65
6919,2021-02-23 11:46:00,612.9,612.9,612.9,612.9,50,3925,718.03,590.95,618.65
6920,2021-02-23 11:47:00,612.9,612.9,612.9,612.9,50,3925,718.03,590.95,618.65
6921,2021-02-23 11:48:00,612.9,612.9,612.9,612.9,50,3925,718.03,590.95,618.65
6922,2021-02-23 11:49:00,612.9,612.9,612.9,612.9,25,3925,716.15,601.05,627.65
6923,2021-02-23 11:50:00,638.0,638.0,638.0,638.0,25,3925,714.78,614.1,652.6
6924,2021-02-23 11:51:00,638.0,638.0,638.0,638.0,25,3925,714.78,614.1,652.6
6925,2021-02-23 11:52:00,638.0,638.0,638.0,638.0,25,3925,714.78,614.1,652.6
6926,2021-02-23 11:53:00,638.0,638.0,638.0,638.0,25,3925,714.78,614.1,652.6
6927,2021-02-23 11:54:00,638.0,638.0,638.0,638.0,25,3925,714.78,614.1,652.6
6928,2021-02-23 11:55:00,638.0,638.0,638.0,638.0,25,3925,714.78,614.1,652.6
6929,2021-02-23 11:56:00,638.0,638.0,638.0,638.0,25,3925,714.78,614.1,652.6
6930,2021-02-23 11:57:00,638.0,638.0,638.0,638.0,25,3925,714.78,614.1,652.6
6931,2021-02-23 11:58:00,638.0,638.0,638.0,638.0,25,3925,714.78,614.1,652.6
6932,2021-02-23 11:59:00,638.0,638.0,638.0,638.0,25,3925,714.78,614.1,652.6
6933,2021-02-23 12:00:00,638.0,638.0,638.0,638.0,25,3925,714.78,614.1,652.6
6934,2021-02-23 12:01:00,638.0,638.0,638.0,638.0,25,3925,714.78,614.1,652.6
6935,2021-02-23 12:02:00,638.0,638.0,638.0,638.0,25,3925,714.78,614.1,652.6
6936,2021-02-23 12:03:00,638.0,638.0,638.0,638.0,25,3925,714.78,614.1,652.6
6937,2021-02-23 12:04:00,638.0,638.0,638.0,638.0,25,3925,714.78,614.1,652.6
6938,2021-02-23 12:05:00,638.0,638.0,638.0,638.0,25,3925,714.78,614.1,652.6
6939,2021-02-23 12:06:00,654.2,654.2,638.0,638.0,100,3950,710.01,608.35,650.7
6940,2021-02-23 12:07:00,654.2,654.2,638.0,638.0,100,3950,710.01,608.35,650.7
6941,2021-02-23 12:08:00,654.2,654.2,638.0,638.0,100,3950,710.01,608.35,650.7
6942,2021-02-23 12:09:00,654.2,654.2,638.0,638.0,100,3950,710.01,608.35,650.7
6943,2021-02-23 12:10:00,654.2,654.2,638.0,638.0,100,3950,710.01,608.35,650.7
6944,2021-02-23 12:11:00,654.2,654.2,638.0,638.0,100,3950,710.01,608.35,650.7
6945,2021-02-23 12:12:00,654.2,654.2,638.0,638.0,100,3950,710.01,608.35,650.7
6946,2021-02-23 12:13:00,654.2,654.2,638.0,638.0,100,3950,710.01,608.35,650.7
6947,2021-02-23 12:14:00,630.0,630.0,630.0,630.0,50,4000,707.47,610.45,642.4
6948,2021-02-23 12:15:00,630.0,630.0,630.0,630.0,50,4000,707.47,610.45,642.4
6949,2021-02-23 12:16:00,630.0,630.0,630.0,630.0,50,4000,707.47,610.45,642.4
6950,2021-02-23 12:17:00,630.0,630.0,630.0,630.0,50,4000,707.47,610.45,642.4
6951,2021-02-23 12:18:00,630.0,630.0,630.0,630.0,50,4000,707.47,610.45,642.4
6952,2021-02-23 12:19:00,630.0,630.0,630.0,630.0,50,4000,707.47,610.45,642.4
6953,2021-02-23 12:20:00,630.0,630.0,630.0,630.0,50,4000,707.47,610.45,642.4
6954,2021-02-23 12:21:00,630.0,630.0,630.0,630.0,50,4000,707.47,610.45,642.4
6955,2021-02-23 12:22:00,630.0,630.0,630.0,630.0,50,4000,707.47,610.45,642.4
6956,2021-02-23 12:23:00,630.0,630.0,630.0,630.0,50,4000,707.47,610.45,642.4
6957,2021-02-23 12:24:00,630.0,630.0,630.0,630.0,50,4000,707.47,610.45,642.4
6958,2021-02-23 12:25:00,630.0,630.0,630.0,630.0,50,4000,707.47,610.45,642.4
6959,2021-02-23 12:26:00,630.0,630.0,630.0,630.0,50,4000,707.47,610.45,642.4
6960,2021-02-23 12:27:00,630.0,630.0,630.0,630.0,50,4000,707.47,610.45,642.4
6961,2021-02-23 12:28:00,630.0,630.0,630.0,630.0,50,4000,707.47,610.45,642.4
6962,2021-02-23 12:29:00,630.0,630.0,630.0,630.0,50,4000,707.47,610.45,642.4
6963,2021-02-23 12:30:00,630.0,630.0,630.0,630.0,50,4000,707.47,610.45,642.4
6964,2021-02-23 12:31:00,630.0,630.0,630.0,630.0,50,4000,707.47,610.45,642.4
6965,2021-02-23 12:32:00,630.0,630.0,630.0,630.0,50,4000,707.47,610.45,642.4
6966,2021-02-23 12:33:00,630.0,630.0,630.0,630.0,50,4000,707.47,610.45,642.4
6967,2021-02-23 12:34:00,630.0,630.0,630.0,630.0,50,4000,707.47,610.45,642.4
6968,2021-02-23 12:35:00,630.0,630.0,630.0,630.0,50,4000,707.47,610.45,642.4
6969,2021-02-23 12:36:00,630.0,630.0,630.0,630.0,50,4000,707.47,610.45,642.4
6970,2021-02-23 12:37:00,630.0,630.0,630.0,630.0,50,4000,707.47,610.45,642.4
6971,2021-02-23 12:38:00,630.0,630.0,630.0,630.0,50,4000,707.47,610.45,642.4
6972,2021-02-23 12:39:00,630.0,630.0,630.0,630.0,50,4000,707.47,610.45,642.4
6973,2021-02-23 12:40:00,630.0,630.0,630.0,630.0,50,4000,707.47,610.45,642.4
6974,2021-02-23 12:41:00,630.0,630.0,630.0,630.0,50,4000,707.47,610.45,642.4
6975,2021-02-23 12:42:00,630.0,630.0,630.0,630.0,50,4000,707.47,610.45,642.4
6976,2021-02-23 12:43:00,630.0,630.0,630.0,630.0,50,4000,707.47,610.45,642.4
6977,2021-02-23 12:44:00,630.0,630.0,630.0,630.0,50,4000,707.47,610.45,642.4
6978,2021-02-23 12:45:00,630.0,630.0,630.0,630.0,50,4000,707.47,610.45,642.4
6979,2021-02-23 12:46:00,630.0,630.0,630.0,630.0,50,4000,707.47,610.45,642.4
6980,2021-02-23 12:47:00,630.0,630.0,630.0,630.0,50,4000,707.47,610.45,642.4
6981,2021-02-23 12:48:00,630.0,630.0,630.0,630.0,50,4000,707.47,610.45,642.4
6982,2021-02-23 12:49:00,630.0,630.0,630.0,630.0,50,4000,707.47,610.45,642.4
6983,2021-02-23 12:50:00,630.0,630.0,630.0,630.0,50,4000,707.47,610.45,642.4
6984,2021-02-23 12:51:00,630.0,630.0,630.0,630.0,50,4000,707.47,610.45,642.4
6985,2021-02-23 12:52:00,630.0,630.0,630.0,630.0,50,4000,707.47,610.45,642.4
6986,2021-02-23 12:53:00,630.0,630.0,630.0,630.0,50,4000,707.47,610.45,642.4
6987,2021-02-23 12:54:00,630.0,630.0,630.0,630.0,50,4000,707.47,610.45,642.4
6988,2021-02-23 12:55:00,630.0,630.0,630.0,630.0,50,4000,707.47,610.45,642.4
6989,2021-02-23 12:56:00,630.0,630.0,630.0,630.0,50,4000,707.47,610.45,642.4
6990,2021-02-23 12:57:00,630.0,630.0,630.0,630.0,50,4000,707.47,610.45,642.4
6991,2021-02-23 12:58:00,630.0,630.0,630.0,630.0,50,4000,707.47,610.45,642.4
6992,2021-02-23 12:59:00,630.0,630.0,630.0,630.0,50,4000,707.47,610.45,642.4
6993,2021-02-23 13:00:00,630.0,630.0,630.0,630.0,50,4000,707.47,610.45,642.4
6994,2021-02-23 13:01:00,630.0,630.0,630.0,630.0,50,4000,707.47,610.45,642.4
6995,2021-02-23 13:02:00,630.0,630.0,630.0,630.0,50,4000,707.47,610.45,642.4
6996,2021-02-23 13:03:00,630.0,630.0,630.0,630.0,50,4000,707.47,610.45,642.4
6997,2021-02-23 13:04:00,630.0,630.0,630.0,630.0,50,4000,707.47,610.45,642.4
6998,2021-02-23 13:05:00,630.0,630.0,630.0,630.0,50,4000,707.47,610.45,642.4
6999,2021-02-23 13:06:00,630.0,630.0,630.0,630.0,50,4000,707.47,610.45,642.4
7000,2021-02-23 13:07:00,630.0,630.0,630.0,630.0,50,4000,707.47,610.45,642.4
7001,2021-02-23 13:08:00,630.0,630.0,630.0,630.0,50,4000,707.47,610.45,642.4
7002,2021-02-23 13:09:00,630.0,630.0,630.0,630.0,50,4000,707.47,610.45,642.4
7003,2021-02-23 13:10:00,630.0,630.0,630.0,630.0,50,4000,707.47,610.45,642.4
7004,2021-02-23 13:11:00,650.0,650.0,650.0,650.0,25,4000,706.57,648.05,669.6
7005,2021-02-23 13:12:00,650.0,650.0,650.0,650.0,50,0,704.86,649.95,673.7
7006,2021-02-23 13:13:00,650.0,650.0,650.0,650.0,50,0,704.86,649.95,673.7
7007,2021-02-23 13:14:00,650.0,650.0,650.0,650.0,50,0,704.86,649.95,673.7
7008,2021-02-23 13:15:00,678.35,678.35,678.35,678.35,25,3975,704.46,670.4,706.4
7009,2021-02-23 13:16:00,678.35,678.35,678.35,678.35,25,3975,704.46,670.4,706.4
7010,2021-02-23 13:17:00,678.35,678.35,678.35,678.35,25,3975,704.46,670.4,706.4
7011,2021-02-23 13:18:00,678.35,678.35,678.35,678.35,25,3975,704.46,670.4,706.4
7012,2021-02-23 13:19:00,678.35,678.35,678.35,678.35,25,3975,704.46,670.4,706.4
7013,2021-02-23 13:20:00,678.35,678.35,678.35,678.35,25,3975,704.46,670.4,706.4
7014,2021-02-23 13:21:00,678.35,678.35,678.35,678.35,25,3975,704.46,670.4,706.4
7015,2021-02-23 13:22:00,678.35,678.35,678.35,678.35,25,3975,704.46,670.4,706.4
7016,2021-02-23 13:23:00,678.35,678.35,678.35,678.35,25,3975,704.46,670.4,706.4
7017,2021-02-23 13:24:00,678.35,678.35,678.35,678.35,25,3975,704.46,670.4,706.4
7018,2021-02-23 13:25:00,678.35,678.35,678.35,678.35,25,3975,704.46,670.4,706.4
7019,2021-02-23 13:26:00,678.35,678.35,678.35,678.35,25,3975,704.46,670.4,706.4
7020,2021-02-23 13:27:00,678.35,678.35,678.35,678.35,25,3975,704.46,670.4,706.4
7021,2021-02-23 13:28:00,678.35,678.35,678.35,678.35,25,3975,704.46,670.4,706.4
7022,2021-02-23 13:29:00,678.35,678.35,678.35,678.35,25,3975,704.46,670.4,706.4
7023,2021-02-23 13:30:00,678.35,678.35,678.35,678.35,25,3975,704.46,670.4,706.4
7024,2021-02-23 13:31:00,678.35,678.35,678.35,678.35,25,3975,704.46,670.4,706.4
7025,2021-02-23 13:32:00,678.35,678.35,678.35,678.35,25,3975,704.46,670.4,706.4
7026,2021-02-23 13:33:00,678.35,678.35,678.35,678.35,25,3975,704.46,670.4,706.4
7027,2021-02-23 13:34:00,678.35,678.35,678.35,678.35,25,3975,704.46,670.4,706.4
7028,2021-02-23 13:35:00,643.15,643.15,643.15,643.15,25,3900,703.56,607.05,644.5
7029,2021-02-23 13:36:00,643.15,643.15,643.15,643.15,25,3900,703.56,607.05,644.5
7030,2021-02-23 13:37:00,643.15,643.15,643.15,643.15,25,3900,703.56,607.05,644.5
7031,2021-02-23 13:38:00,643.15,643.15,643.15,643.15,25,3900,703.56,607.05,644.5
7032,2021-02-23 13:39:00,643.15,643.15,643.15,643.15,25,3900,703.56,607.05,644.5
7033,2021-02-23 13:40:00,643.15,643.15,643.15,643.15,25,3900,703.56,607.05,644.5
7034,2021-02-23 13:41:00,643.15,643.15,643.15,643.15,25,3900,703.56,607.05,644.5
7035,2021-02-23 13:42:00,643.15,643.15,643.15,643.15,25,3900,703.56,607.05,644.5
7036,2021-02-23 13:43:00,643.15,643.15,643.15,643.15,25,3900,703.56,607.05,644.5
7037,2021-02-23 13:44:00,643.15,643.15,643.15,643.15,25,3900,703.56,607.05,644.5
7038,2021-02-23 13:45:00,643.15,643.15,643.15,643.15,25,3900,703.56,607.05,644.5
7039,2021-02-23 13:46:00,643.15,643.15,643.15,643.15,25,3900,703.56,607.05,644.5
7040,2021-02-23 13:47:00,643.15,643.15,643.15,643.15,25,3900,703.56,607.05,644.5
7041,2021-02-23 13:48:00,643.15,643.15,643.15,643.15,25,3900,703.56,607.05,644.5
7042,2021-02-23 13:49:00,643.15,643.15,643.15,643.15,25,3900,703.56,607.05,644.5
7043,2021-02-23 13:50:00,643.15,643.15,643.15,643.15,25,3900,703.56,607.05,644.5
7044,2021-02-23 13:51:00,643.15,643.15,643.15,643.15,25,3900,703.56,607.05,644.5
7045,2021-02-23 13:52:00,643.15,643.15,643.15,643.15,25,3900,703.56,607.05,644.5
7046,2021-02-23 13:53:00,643.15,643.15,643.15,643.15,25,3900,703.56,607.05,644.5
7047,2021-02-23 13:54:00,643.15,643.15,643.15,643.15,25,3900,703.56,607.05,644.5
7048,2021-02-23 13:55:00,643.15,643.15,643.15,643.15,25,3900,703.56,607.05,644.5
7049,2021-02-23 13:56:00,643.15,643.15,643.15,643.15,25,3900,703.56,607.05,644.5
7050,2021-02-23 13:57:00,643.15,643.15,643.15,643.15,25,3900,703.56,607.05,644.5
7051,2021-02-23 13:58:00,643.15,643.15,643.15,643.15,25,3900,703.56,607.05,644.5
7052,2021-02-23 13:59:00,643.15,643.15,643.15,643.15,25,3900,703.56,607.05,644.5
7053,2021-02-23 14:00:00,643.15,643.15,643.15,643.15,25,3900,703.56,607.05,644.5
7054,2021-02-23 14:01:00,643.15,643.15,643.15,643.15,25,3900,703.56,607.05,644.5
7055,2021-02-23 14:02:00,643.15,643.15,643.15,643.15,25,3900,703.56,607.05,644.5
7056,2021-02-23 14:03:00,643.15,643.15,643.15,643.15,25,3900,703.56,607.05,644.5
7057,2021-02-23 14:04:00,643.15,643.15,643.15,643.15,25,3900,703.56,607.05,644.5
7058,2021-02-23 14:05:00,643.15,643.15,643.15,643.15,25,3900,703.56,607.05,644.5
7059,2021-02-23 14:06:00,643.15,643.15,643.15,643.15,25,3900,703.56,607.05,644.5
7060,2021-02-23 14:07:00,643.15,643.15,643.15,643.15,25,3900,703.56,607.05,644.5
7061,2021-02-23 14:08:00,643.15,643.15,643.15,643.15,25,3900,703.56,607.05,644.5
7062,2021-02-23 14:09:00,643.15,643.15,643.15,643.15,25,3900,703.56,607.05,644.5
7063,2021-02-23 14:10:00,643.15,643.15,643.15,643.15,25,3900,703.56,607.05,644.5
7064,2021-02-23 14:11:00,643.15,643.15,643.15,643.15,25,3900,703.56,607.05,644.5
7065,2021-02-23 14:12:00,643.15,643.15,643.15,643.15,25,3900,703.56,607.05,644.5
7066,2021-02-23 14:13:00,643.15,643.15,643.15,643.15,25,3900,703.56,607.05,644.5
7067,2021-02-23 14:14:00,643.15,643.15,643.15,643.15,25,3900,703.56,607.05,644.5
7068,2021-02-23 14:15:00,643.15,643.15,643.15,643.15,25,3900,703.56,607.05,644.5
7069,2021-02-23 14:16:00,643.15,643.15,643.15,643.15,25,3900,703.56,607.05,644.5
7070,2021-02-23 14:17:00,643.15,643.15,643.15,643.15,25,3900,703.56,607.05,644.5
7071,2021-02-23 14:18:00,643.15,643.15,643.15,643.15,25,3900,703.56,607.05,644.5
7072,2021-02-23 14:19:00,643.15,643.15,643.15,643.15,25,3900,703.56,607.05,644.5
7073,2021-02-23 14:20:00,643.15,643.15,643.15,643.15,25,3900,703.56,607.05,644.5
7074,2021-02-23 14:21:00,643.15,643.15,643.15,643.15,25,3900,703.56,607.05,644.5
7075,2021-02-23 14:22:00,643.15,643.15,643.15,643.15,25,3900,703.56,607.05,644.5
7076,2021-02-23 14:23:00,643.15,643.15,643.15,643.15,25,3900,703.56,607.05,644.5
7077,2021-02-23 14:24:00,643.15,643.15,643.15,643.15,25,3900,703.56,607.05,644.5
7078,2021-02-23 14:25:00,643.15,643.15,643.15,643.15,25,3900,703.56,607.05,644.5
7079,2021-02-23 14:26:00,643.15,643.15,643.15,643.15,25,3900,703.56,607.05,644.5
7080,2021-02-23 14:27:00,643.15,643.15,643.15,643.15,25,3900,703.56,607.05,644.5
7081,2021-02-23 14:28:00,643.15,643.15,643.15,643.15,25,3900,703.56,607.05,644.5
7082,2021-02-23 14:29:00,643.15,643.15,643.15,643.15,25,3900,703.56,607.05,644.5
7083,2021-02-23 14:30:00,643.15,643.15,643.15,643.15,25,3900,703.56,607.05,644.5
7084,2021-02-23 14:31:00,643.15,643.15,643.15,643.15,25,3900,703.56,607.05,644.5
7085,2021-02-23 14:32:00,643.15,643.15,643.15,643.15,25,3900,703.56,607.05,644.5
7086,2021-02-23 14:33:00,643.15,643.15,643.15,643.15,25,3900,703.56,607.05,644.5
7087,2021-02-23 14:34:00,643.15,643.15,643.15,643.15,25,3900,703.56,607.05,644.5
7088,2021-02-23 14:35:00,643.15,643.15,643.15,643.15,25,3900,703.56,607.05,644.5
7089,2021-02-23 14:36:00,643.15,643.15,643.15,643.15,25,3900,703.56,607.05,644.5
7090,2021-02-23 14:37:00,643.15,643.15,643.15,643.15,25,3900,703.56,607.05,644.5
7091,2021-02-23 14:38:00,643.15,643.15,643.15,643.15,25,3900,703.56,607.05,644.5
7092,2021-02-23 14:39:00,643.15,643.15,643.15,643.15,25,3900,703.56,607.05,644.5
7093,2021-02-23 14:40:00,643.15,643.15,643.15,643.15,25,3900,703.56,607.05,644.5
7094,2021-02-23 14:41:00,643.15,643.15,643.15,643.15,25,3900,703.56,607.05,644.5
7095,2021-02-23 14:42:00,643.15,643.15,643.15,643.15,25,3900,703.56,607.05,644.5
7096,2021-02-23 14:43:00,643.15,643.15,643.15,643.15,25,3900,703.56,607.05,644.5
7097,2021-02-23 14:44:00,643.15,643.15,643.15,643.15,25,3900,703.56,607.05,644.5
7098,2021-02-23 14:45:00,643.15,643.15,643.15,643.15,25,3900,703.56,607.05,644.5
7099,2021-02-23 14:46:00,643.15,643.15,643.15,643.15,25,3900,703.56,607.05,644.5
7100,2021-02-23 14:47:00,643.15,643.15,643.15,643.15,25,3900,703.56,607.05,644.5
7101,2021-02-23 14:48:00,643.15,643.15,643.15,643.15,25,3900,703.56,607.05,644.5
7102,2021-02-23 14:49:00,643.15,643.15,643.15,643.15,25,3900,703.56,607.05,644.5
7103,2021-02-23 14:50:00,643.15,643.15,643.15,643.15,25,3900,703.56,607.05,644.5
7104,2021-02-23 14:51:00,643.15,643.15,643.15,643.15,25,3900,703.56,607.05,644.5
7105,2021-02-23 14:52:00,643.15,643.15,643.15,643.15,25,3900,703.56,607.05,644.5
7106,2021-02-23 14:53:00,643.15,643.15,643.15,643.15,25,3900,703.56,607.05,644.5
7107,2021-02-23 14:54:00,643.15,643.15,643.15,643.15,25,3900,703.56,607.05,644.5
7108,2021-02-23 14:55:00,643.15,643.15,643.15,643.15,25,3900,703.56,607.05,644.5
7109,2021-02-23 14:56:00,643.15,643.15,643.15,643.15,25,3900,703.56,607.05,644.5
7110,2021-02-23 14:57:00,643.15,643.15,643.15,643.15,25,3900,703.56,607.05,644.5
7111,2021-02-23 14:58:00,643.15,643.15,643.15,643.15,25,3900,703.56,607.05,644.5
7112,2021-02-23 14:59:00,643.15,643.15,643.15,643.15,25,3900,703.56,607.05,644.5
7113,2021-02-23 15:00:00,651.25,651.25,651.25,651.25,50,3900,702.07,592.3,642.9
7114,2021-02-23 15:01:00,651.25,651.25,651.25,651.25,50,3900,702.07,592.3,642.9
7115,2021-02-23 15:02:00,612.25,612.25,612.25,612.25,75,3900,698.38,593.4,628.65
7116,2021-02-23 15:03:00,612.25,612.25,612.25,612.25,75,3900,698.38,593.4,628.65
7117,2021-02-23 15:04:00,612.25,612.25,612.25,612.25,75,3900,698.38,593.4,628.65
7118,2021-02-23 15:05:00,612.25,612.25,612.25,612.25,75,3900,698.38,593.4,628.65
7119,2021-02-23 15:06:00,612.25,612.25,612.25,612.25,75,3900,698.38,593.4,628.65
7120,2021-02-23 15:07:00,612.25,612.25,612.25,612.25,75,3900,698.38,593.4,628.65
7121,2021-02-23 15:08:00,612.25,612.25,612.25,612.25,75,3900,698.38,593.4,628.65
7122,2021-02-23 15:09:00,612.25,612.25,612.25,612.25,75,3900,698.38,593.4,628.65
7123,2021-02-23 15:10:00,612.25,612.25,612.25,612.25,75,3900,698.38,593.4,628.65
7124,2021-02-23 15:11:00,612.25,612.25,612.25,612.25,75,3900,698.38,593.4,628.65
7125,2021-02-23 15:12:00,612.25,612.25,612.25,612.25,75,3900,698.38,593.4,628.65
7126,2021-02-23 15:13:00,612.25,612.25,612.25,612.25,75,3900,698.38,593.4,628.65
7127,2021-02-23 15:14:00,612.25,612.25,612.25,612.25,75,3900,698.38,593.4,628.65
7128,2021-02-23 15:15:00,612.25,612.25,612.25,612.25,75,3900,698.38,593.4,628.65
7129,2021-02-23 15:16:00,612.25,612.25,612.25,612.25,75,3900,698.38,593.4,628.65
7130,2021-02-23 15:17:00,612.25,612.25,612.25,612.25,75,3900,698.38,593.4,628.65
7131,2021-02-23 15:18:00,612.25,612.25,612.25,612.25,75,3900,698.38,593.4,628.65
7132,2021-02-23 15:19:00,612.25,612.25,612.25,612.25,75,3900,698.38,593.4,628.65
7133,2021-02-23 15:20:00,600.0,600.0,600.0,600.0,25,3950,697.05,574.85,608.6
7134,2021-02-23 15:21:00,600.0,600.0,600.0,600.0,25,3950,697.05,574.85,608.6
7135,2021-02-23 15:22:00,600.0,600.0,600.0,600.0,25,3950,697.05,574.85,608.6
7136,2021-02-23 15:23:00,600.0,600.0,600.0,600.0,25,3950,697.05,574.85,608.6
7137,2021-02-23 15:24:00,600.0,600.0,600.0,600.0,25,3950,697.05,574.85,608.6
7138,2021-02-23 15:25:00,600.0,600.0,600.0,600.0,25,3950,697.05,574.85,608.6
7139,2021-02-23 15:26:00,600.0,600.0,600.0,600.0,25,3950,697.05,574.85,608.6
7140,2021-02-23 15:27:00,600.0,600.0,600.0,600.0,25,3950,697.05,574.85,608.6
7141,2021-02-23 15:28:00,600.0,600.0,600.0,600.0,25,3950,697.05,574.85,608.6
7142,2021-02-23 15:29:00,600.0,600.0,600.0,600.0,25,3950,697.05,574.85,608.6
7143,2021-02-23 15:30:00,600.0,600.0,600.0,600.0,25,3950,697.05,574.85,608.6
7144,2021-02-24 09:15:00,600.0,600.0,600.0,600.0,25,3950,697.05,574.85,608.6
7145,2021-02-24 09:16:00,600.0,600.0,600.0,600.0,25,3950,697.05,574.85,608.6
7146,2021-02-24 09:17:00,600.0,600.0,600.0,600.0,25,3950,697.05,574.85,608.6
7147,2021-02-24 09:18:00,600.0,600.0,600.0,600.0,25,3950,697.05,574.85,608.6
7148,2021-02-24 09:19:00,600.0,600.0,600.0,600.0,25,3950,697.05,574.85,608.6
7149,2021-02-24 09:20:00,600.0,600.0,600.0,600.0,25,3950,697.05,574.85,608.6
7150,2021-02-24 09:21:00,600.0,600.0,600.0,600.0,25,3950,697.05,574.85,608.6
7151,2021-02-24 09:22:00,600.0,600.0,600.0,600.0,25,3950,697.05,574.85,608.6
7152,2021-02-24 09:23:00,600.0,600.0,600.0,600.0,25,3950,697.05,574.85,608.6
7153,2021-02-24 09:24:00,600.0,600.0,600.0,600.0,25,3950,697.05,574.85,608.6
7154,2021-02-24 09:25:00,600.0,600.0,600.0,600.0,25,3950,697.05,574.85,608.6
7155,2021-02-24 09:26:00,600.0,600.0,600.0,600.0,25,3950,697.05,574.85,608.6
7156,2021-02-24 09:27:00,600.0,600.0,600.0,600.0,25,3950,697.05,574.85,608.6
7157,2021-02-24 09:28:00,600.0,600.0,600.0,600.0,25,3950,697.05,574.85,608.6
7158,2021-02-24 09:29:00,600.0,600.0,600.0,600.0,25,3950,697.05,574.85,608.6
7159,2021-02-24 09:30:00,600.0,600.0,600.0,600.0,25,3950,697.05,574.85,608.6
7160,2021-02-24 09:31:00,600.0,600.0,600.0,600.0,25,3950,697.05,574.85,608.6
7161,2021-02-24 09:32:00,600.0,600.0,600.0,600.0,25,3950,697.05,574.85,608.6
7162,2021-02-24 09:33:00,600.0,600.0,600.0,600.0,25,3950,697.05,574.85,608.6
7163,2021-02-24 09:34:00,600.0,600.0,600.0,600.0,25,3950,697.05,574.85,608.6
7164,2021-02-24 09:35:00,600.0,600.0,600.0,600.0,25,3950,697.05,574.85,608.6
7165,2021-02-24 09:36:00,600.0,600.0,600.0,600.0,25,3950,697.05,574.85,608.6
7166,2021-02-24 09:37:00,600.0,600.0,600.0,600.0,25,3950,697.05,574.85,608.6
7167,2021-02-24 09:38:00,680.8,680.8,680.8,680.8,25,3975,680.8,652.25,677.1
7168,2021-02-24 09:39:00,680.8,680.8,680.8,680.8,25,3975,680.8,652.25,677.1
7169,2021-02-24 09:40:00,680.8,680.8,680.8,680.8,25,3975,680.8,652.25,677.1
7170,2021-02-24 09:41:00,680.8,680.8,680.8,680.8,25,3975,680.8,652.25,677.1
7171,2021-02-24 09:42:00,680.8,680.8,680.8,680.8,25,3975,680.8,652.25,677.1
7172,2021-02-24 09:43:00,680.8,680.8,680.8,680.8,25,3975,680.8,652.25,677.1
7173,2021-02-24 09:44:00,680.8,680.8,680.8,680.8,25,3975,680.8,652.25,677.1
7174,2021-02-24 09:45:00,680.8,680.8,680.8,680.8,25,3975,680.8,652.25,677.1
7175,2021-02-24 09:46:00,680.8,680.8,680.8,680.8,25,3975,680.8,652.25,677.1
7176,2021-02-24 09:47:00,680.8,680.8,680.8,680.8,25,3975,680.8,652.25,677.1
7177,2021-02-24 09:48:00,680.8,680.8,680.8,680.8,25,3975,680.8,652.25,677.1
7178,2021-02-24 09:49:00,680.8,680.8,680.8,680.8,25,3975,680.8,652.25,677.1
7179,2021-02-24 09:50:00,679.9,679.9,679.9,679.9,50,4000,680.2,667.5,690.75
7180,2021-02-24 09:51:00,679.9,679.9,679.9,679.9,50,4000,680.2,667.5,690.75
7181,2021-02-24 09:52:00,679.9,679.9,679.9,679.9,50,4000,680.2,667.5,690.75
7182,2021-02-24 09:53:00,679.9,679.9,679.9,679.9,50,4000,680.2,667.5,690.75
7183,2021-02-24 09:54:00,679.9,679.9,679.9,679.9,50,4000,680.2,667.5,690.75
7184,2021-02-24 09:55:00,679.9,679.9,679.9,679.9,425,3950,679.94,677.5,697.9
7185,2021-02-24 09:56:00,679.9,679.9,679.9,679.9,425,3950,679.94,677.5,697.9
7186,2021-02-24 09:57:00,679.9,679.9,679.9,679.9,425,3950,679.94,677.5,697.9
7187,2021-02-24 09:58:00,679.9,679.9,679.9,679.9,425,3950,679.94,677.5,697.9
7188,2021-02-24 09:59:00,679.9,679.9,679.9,679.9,425,3950,679.94,677.5,697.9
7189,2021-02-24 10:00:00,679.9,679.9,679.9,679.9,425,3950,679.94,677.5,697.9
7190,2021-02-24 10:01:00,679.9,679.9,679.9,679.9,425,3950,679.94,677.5,697.9
7191,2021-02-24 10:02:00,679.9,679.9,679.9,679.9,425,3950,679.94,677.5,697.9
7192,2021-02-24 10:03:00,679.9,679.9,679.9,679.9,425,3950,679.94,677.5,697.9
7193,2021-02-24 10:04:00,700.0,700.0,700.0,700.0,25,3950,680.9,694.95,730.0
7194,2021-02-24 10:05:00,700.0,700.0,700.0,700.0,25,3950,680.9,694.95,730.0
7195,2021-02-24 10:06:00,700.0,700.0,700.0,700.0,25,3950,680.9,694.95,730.0
7196,2021-02-24 10:07:00,744.1,744.1,744.1,744.1,25,3950,683.77,720.9,742.35
7197,2021-02-24 10:08:00,744.1,744.1,744.1,744.1,25,3950,683.77,720.9,742.35
7198,2021-02-24 10:09:00,744.1,744.1,744.1,744.1,25,3950,683.77,720.9,742.35
7199,2021-02-24 10:10:00,744.1,744.1,744.1,744.1,25,3950,683.77,720.9,742.35
7200,2021-02-24 10:11:00,744.1,744.1,744.1,744.1,25,3950,683.77,720.9,742.35
7201,2021-02-24 10:12:00,710.6,710.6,710.6,710.6,25,3950,684.93,700.9,729.25
7202,2021-02-24 10:13:00,710.6,710.6,710.6,710.6,25,3950,684.93,700.9,729.25
7203,2021-02-24 10:14:00,710.6,710.6,710.6,710.6,25,3950,684.93,700.9,729.25
7204,2021-02-24 10:15:00,710.6,710.6,710.6,710.6,25,3950,684.93,700.9,729.25
7205,2021-02-24 10:16:00,637.35,637.35,637.35,637.35,25,3950,682.95,657.3,718.45
7206,2021-02-24 10:17:00,637.35,637.35,637.35,637.35,25,3950,682.95,657.3,718.45
7207,2021-02-24 10:18:00,637.35,637.35,637.35,637.35,25,3950,682.95,657.3,718.45
7208,2021-02-24 10:19:00,637.35,637.35,637.35,637.35,25,3950,682.95,657.3,718.45
7209,2021-02-24 10:20:00,637.35,637.35,637.35,637.35,25,3950,682.95,657.3,718.45
7210,2021-02-24 10:21:00,637.35,637.35,637.35,637.35,25,3950,682.95,657.3,718.45
7211,2021-02-24 10:22:00,637.35,637.35,637.35,637.35,25,3950,682.95,657.3,718.45
7212,2021-02-24 10:23:00,637.35,637.35,637.35,637.35,25,3950,682.95,657.3,718.45
7213,2021-02-24 10:24:00,637.35,637.35,637.35,637.35,25,3950,682.95,657.3,718.45
7214,2021-02-24 10:25:00,637.35,637.35,637.35,637.35,25,3950,682.95,657.3,718.45
7215,2021-02-24 10:26:00,637.35,637.35,637.35,637.35,25,3950,682.95,657.3,718.45
7216,2021-02-24 10:27:00,637.35,637.35,637.35,637.35,25,3950,682.95,657.3,718.45
7217,2021-02-24 10:28:00,637.35,637.35,637.35,637.35,25,3950,682.95,657.3,718.45
7218,2021-02-24 10:29:00,637.35,637.35,637.35,637.35,25,3950,682.95,657.3,718.45
7219,2021-02-24 10:30:00,637.35,637.35,637.35,637.35,25,3950,682.95,657.3,718.45
7220,2021-02-24 10:31:00,637.35,637.35,637.35,637.35,25,3950,682.95,657.3,718.45
7221,2021-02-24 10:32:00,637.35,637.35,637.35,637.35,25,3950,682.95,657.3,718.45
7222,2021-02-24 10:33:00,637.35,637.35,637.35,637.35,25,3950,682.95,657.3,718.45
7223,2021-02-24 10:34:00,637.35,637.35,637.35,637.35,25,3950,682.95,657.3,718.45
7224,2021-02-24 10:35:00,637.35,637.35,637.35,637.35,25,3950,682.95,657.3,718.45
7225,2021-02-24 10:36:00,637.35,637.35,637.35,637.35,25,3950,682.95,657.3,718.45
7226,2021-02-24 10:37:00,637.35,637.35,637.35,637.35,25,3950,682.95,657.3,718.45
7227,2021-02-24 10:38:00,637.35,637.35,637.35,637.35,25,3950,682.95,657.3,718.45
7228,2021-02-24 10:39:00,637.35,637.35,637.35,637.35,25,3950,682.95,657.3,718.45
7229,2021-02-24 10:40:00,637.35,637.35,637.35,637.35,25,3950,682.95,657.3,718.45
7230,2021-02-24 10:41:00,637.35,637.35,637.35,637.35,25,3950,682.95,657.3,718.45
7231,2021-02-24 10:42:00,637.35,637.35,637.35,637.35,25,3950,682.95,657.3,718.45
7232,2021-02-24 10:43:00,637.35,637.35,637.35,637.35,25,3950,682.95,657.3,718.45
7233,2021-02-24 10:44:00,637.35,637.35,637.35,637.35,25,3950,682.95,657.3,718.45
7234,2021-02-24 10:45:00,637.35,637.35,637.35,637.35,25,3950,682.95,657.3,718.45
7235,2021-02-24 10:46:00,637.35,637.35,637.35,637.35,25,3950,682.95,657.3,718.45
7236,2021-02-24 10:47:00,637.35,637.35,637.35,637.35,25,3950,682.95,657.3,718.45
7237,2021-02-24 10:48:00,637.35,637.35,637.35,637.35,25,3950,682.95,657.3,718.45
7238,2021-02-24 10:49:00,637.35,637.35,637.35,637.35,25,3950,682.95,657.3,718.45
7239,2021-02-24 10:50:00,637.35,637.35,637.35,637.35,25,3950,682.95,657.3,718.45
7240,2021-02-24 10:51:00,637.35,637.35,637.35,637.35,25,3950,682.95,657.3,718.45
7241,2021-02-24 10:52:00,637.35,637.35,637.35,637.35,25,3950,682.95,657.3,718.45
7242,2021-02-24 10:53:00,637.35,637.35,637.35,637.35,25,3950,682.95,657.3,718.45
7243,2021-02-24 10:54:00,637.35,637.35,637.35,637.35,25,3950,682.95,657.3,718.45
7244,2021-02-24 10:55:00,637.35,637.35,637.35,637.35,25,3950,682.95,657.3,718.45
7245,2021-02-24 10:56:00,637.35,637.35,637.35,637.35,25,3950,682.95,657.3,718.45
7246,2021-02-24 10:57:00,637.35,637.35,637.35,637.35,25,3950,682.95,657.3,718.45
7247,2021-02-24 10:58:00,637.35,637.35,637.35,637.35,25,3950,682.95,657.3,718.45
7248,2021-02-24 10:59:00,704.9,704.9,704.9,704.9,150,3950,687.34,704.5,740.15
7249,2021-02-24 11:00:00,704.9,704.9,704.9,704.9,150,3950,687.34,704.5,740.15
7250,2021-02-24 11:01:00,704.9,704.9,704.9,704.9,150,3950,687.34,704.5,740.15
7251,2021-02-24 11:02:00,704.9,704.9,704.9,704.9,150,3950,687.34,704.5,740.15
7252,2021-02-24 11:03:00,704.9,704.9,704.9,704.9,150,3950,687.34,704.5,740.15
7253,2021-02-24 11:04:00,704.9,704.9,704.9,704.9,150,3950,687.34,704.5,740.15
7254,2021-02-24 11:05:00,704.9,704.9,704.9,704.9,150,3950,687.34,704.5,740.15
7255,2021-02-24 11:06:00,704.9,704.9,704.9,704.9,150,3950,687.34,704.5,740.15
7256,2021-02-24 11:07:00,704.9,704.9,704.9,704.9,150,3950,687.34,704.5,740.15
7257,2021-02-24 11:08:00,750.0,750.0,750.0,750.0,25,3950,689.36,744.25,770.7
7258,2021-02-24 11:09:00,750.0,750.0,750.0,750.0,25,3950,689.36,744.25,770.7
7259,2021-02-24 11:10:00,750.0,750.0,750.0,750.0,25,3950,689.36,744.25,770.7
7260,2021-02-24 11:11:00,750.0,750.0,750.0,750.0,25,3950,689.36,744.25,770.7
7261,2021-02-24 11:12:00,750.0,750.0,750.0,750.0,25,3950,689.36,744.25,770.7
7262,2021-02-24 11:13:00,750.0,750.0,750.0,750.0,25,3950,689.36,744.25,770.7
7263,2021-02-24 11:14:00,750.0,750.0,750.0,750.0,25,3950,689.36,744.25,770.7
7264,2021-02-24 11:15:00,750.0,750.0,750.0,750.0,25,3950,689.36,744.25,770.7
7265,2021-02-24 11:16:00,750.0,750.0,750.0,750.0,25,3950,689.36,744.25,770.7
7266,2021-02-24 11:17:00,750.0,750.0,750.0,750.0,25,3950,689.36,744.25,770.7
7267,2021-02-24 11:18:00,750.0,750.0,750.0,750.0,25,3950,689.36,744.25,770.7
7268,2021-02-24 11:19:00,750.0,750.0,750.0,750.0,25,3950,689.36,744.25,770.7
7269,2021-02-24 11:20:00,750.0,750.0,750.0,750.0,25,3950,689.36,744.25,770.7
7270,2021-02-24 11:21:00,750.0,750.0,750.0,750.0,25,3950,689.36,744.25,770.7
7271,2021-02-24 11:22:00,750.0,750.0,750.0,750.0,25,3950,689.36,744.25,770.7
7272,2021-02-24 11:23:00,750.0,750.0,750.0,750.0,25,3950,689.36,744.25,770.7
7273,2021-02-24 11:24:00,750.0,750.0,750.0,750.0,25,3950,689.36,744.25,770.7
7274,2021-02-24 11:25:00,750.0,750.0,750.0,750.0,25,3950,689.36,744.25,770.7
7275,2021-02-24 11:26:00,750.0,750.0,750.0,750.0,25,3950,689.36,744.25,770.7
7276,2021-02-24 11:27:00,750.0,750.0,750.0,750.0,25,3950,689.36,744.25,770.7
7277,2021-02-24 11:28:00,750.0,750.0,750.0,750.0,25,3950,689.36,744.25,770.7
7278,2021-02-24 11:29:00,750.0,750.0,750.0,750.0,25,3950,689.36,744.25,770.7
7279,2021-02-24 11:30:00,750.0,750.0,750.0,750.0,25,3950,689.36,744.25,770.7
7280,2021-02-24 11:31:00,750.0,750.0,750.0,750.0,25,3950,689.36,744.25,770.7
7281,2021-02-24 11:32:00,750.0,750.0,750.0,750.0,25,3950,689.36,744.25,770.7
7282,2021-02-24 11:33:00,775.0,775.0,775.0,775.0,25,3950,692.04,714.45,774.25
7283,2021-02-24 11:34:00,775.0,775.0,775.0,775.0,25,3950,692.04,714.45,774.25
7284,2021-02-24 11:35:00,775.0,775.0,775.0,775.0,25,3950,692.04,714.45,774.25
7285,2021-02-24 11:36:00,775.0,775.0,775.0,775.0,25,3950,692.04,714.45,774.25
7286,2021-02-24 11:37:00,775.0,775.0,775.0,775.0,25,3950,692.04,714.45,774.25
7287,2021-02-24 11:38:00,775.0,775.0,775.0,775.0,25,3950,692.04,714.45,774.25
7288,2021-02-24 11:39:00,775.0,775.0,775.0,775.0,25,3950,692.04,714.45,774.25
7289,2021-02-24 11:40:00,775.0,775.0,775.0,775.0,25,3950,692.04,714.45,774.25
7290,2021-02-24 11:41:00,775.0,775.0,775.0,775.0,25,3950,692.04,714.45,774.25
7291,2021-02-24 11:42:00,775.0,775.0,775.0,775.0,25,3950,692.04,714.45,774.25
7292,2021-02-24 11:43:00,775.0,775.0,775.0,775.0,25,3950,692.04,714.45,774.25
7293,2021-02-24 11:44:00,775.0,775.0,775.0,775.0,25,3950,692.04,714.45,774.25
7294,2021-02-24 11:45:00,775.0,775.0,775.0,775.0,25,3950,692.04,714.45,774.25
7295,2021-02-24 11:46:00,775.0,775.0,775.0,775.0,25,3950,692.04,714.45,774.25
7296,2021-02-24 11:47:00,775.0,775.0,775.0,775.0,25,3950,692.04,714.45,774.25
7297,2021-02-24 11:48:00,775.0,775.0,775.0,775.0,25,3950,692.04,714.45,774.25
7298,2021-02-24 11:49:00,775.0,775.0,775.0,775.0,25,3950,692.04,714.45,774.25
7299,2021-02-24 11:50:00,775.0,775.0,775.0,775.0,25,3950,692.04,714.45,774.25
7300,2021-02-24 11:51:00,775.0,775.0,775.0,775.0,25,3950,692.04,714.45,774.25
7301,2021-02-24 11:52:00,775.0,775.0,775.0,775.0,25,3950,692.04,714.45,774.25
7302,2021-02-24 11:53:00,775.0,775.0,775.0,775.0,25,3950,692.04,714.45,774.25
7303,2021-02-24 11:54:00,775.0,775.0,775.0,775.0,25,3950,692.04,714.45,774.25
7304,2021-02-24 11:55:00,775.0,775.0,775.0,775.0,25,3950,692.04,714.45,774.25
7305,2021-02-24 11:56:00,775.0,775.0,775.0,775.0,25,3950,692.04,714.45,774.25
7306,2021-02-24 11:57:00,775.0,775.0,775.0,775.0,25,3950,692.04,714.45,774.25
7307,2021-02-24 11:58:00,775.0,775.0,775.0,775.0,25,3950,692.04,714.45,774.25
7308,2021-02-24 11:59:00,775.0,775.0,775.0,775.0,25,3950,692.04,714.45,774.25
7309,2021-02-24 12:00:00,775.0,775.0,775.0,775.0,25,3950,692.04,714.45,774.25
7310,2021-02-24 12:01:00,775.0,775.0,775.0,775.0,25,3950,692.04,714.45,774.25
7311,2021-02-24 12:02:00,775.0,775.0,775.0,775.0,25,3950,692.04,714.45,774.25
7312,2021-02-24 12:03:00,775.0,775.0,775.0,775.0,25,3950,692.04,714.45,774.25
7313,2021-02-24 12:04:00,775.0,775.0,775.0,775.0,25,3950,692.04,714.45,774.25
7314,2021-02-24 12:05:00,775.0,775.0,775.0,775.0,25,3950,692.04,714.45,774.25
7315,2021-02-24 12:06:00,775.0,775.0,775.0,775.0,25,3950,692.04,714.45,774.25
7316,2021-02-24 12:07:00,775.0,775.0,775.0,775.0,25,3950,692.04,714.45,774.25
7317,2021-02-24 12:08:00,775.0,775.0,775.0,775.0,25,3950,692.04,714.45,774.25
7318,2021-02-24 12:09:00,775.0,775.0,775.0,775.0,25,3950,692.04,714.45,774.25
7319,2021-02-24 12:10:00,775.0,775.0,775.0,775.0,25,3950,692.04,714.45,774.25
7320,2021-02-24 12:11:00,775.0,775.0,775.0,775.0,25,3950,692.04,714.45,774.25
7321,2021-02-24 12:12:00,775.0,775.0,775.0,775.0,25,3950,692.04,714.45,774.25
7322,2021-02-24 12:13:00,775.0,775.0,775.0,775.0,25,3950,692.04,714.45,774.25
7323,2021-02-24 12:14:00,775.0,775.0,775.0,775.0,25,3950,692.04,714.45,774.25
7324,2021-02-24 12:15:00,775.0,775.0,775.0,775.0,25,3950,692.04,714.45,774.25
7325,2021-02-24 12:16:00,775.0,775.0,775.0,775.0,25,3950,692.04,714.45,774.25
7326,2021-02-24 12:17:00,775.0,775.0,775.0,775.0,25,3950,692.04,714.45,774.25
7327,2021-02-24 12:18:00,775.0,775.0,775.0,775.0,25,3950,692.04,714.45,774.25
7328,2021-02-24 12:19:00,775.0,775.0,775.0,775.0,25,3950,692.04,714.45,774.25
7329,2021-02-24 12:20:00,775.0,775.0,775.0,775.0,25,3950,692.04,714.45,774.25
7330,2021-02-24 12:21:00,775.0,775.0,775.0,775.0,25,3950,692.04,714.45,774.25
7331,2021-02-24 12:22:00,775.0,775.0,775.0,775.0,25,3950,692.04,714.45,774.25
7332,2021-02-24 12:23:00,775.0,775.0,775.0,775.0,25,3950,692.04,714.45,774.25
7333,2021-02-24 12:24:00,775.0,775.0,775.0,775.0,25,3950,692.04,714.45,774.25
7334,2021-02-24 12:25:00,775.0,775.0,775.0,775.0,25,3950,692.04,714.45,774.25
7335,2021-02-24 12:26:00,775.0,775.0,775.0,775.0,25,3950,692.04,714.45,774.25
7336,2021-02-24 12:27:00,775.0,775.0,775.0,775.0,25,3950,692.04,714.45,774.25
7337,2021-02-24 12:28:00,775.0,775.0,775.0,775.0,25,3950,692.04,714.45,774.25
7338,2021-02-24 12:29:00,775.0,775.0,775.0,775.0,25,3950,692.04,714.45,774.25
7339,2021-02-24 12:30:00,775.0,775.0,775.0,775.0,25,3950,692.04,714.45,774.25
7340,2021-02-24 12:31:00,775.0,775.0,775.0,775.0,25,3950,692.04,714.45,774.25
7341,2021-02-24 12:32:00,775.0,775.0,775.0,775.0,25,3950,692.04,714.45,774.25
7342,2021-02-24 12:33:00,775.0,775.0,775.0,775.0,25,3950,692.04,714.45,774.25
7343,2021-02-24 12:34:00,775.0,775.0,775.0,775.0,25,3950,692.04,714.45,774.25
7344,2021-02-24 12:35:00,775.0,775.0,775.0,775.0,25,3950,692.04,714.45,774.25
7345,2021-02-24 12:36:00,775.0,775.0,775.0,775.0,25,3950,692.04,714.45,774.25
7346,2021-02-24 12:37:00,775.0,775.0,775.0,775.0,25,3950,692.04,714.45,774.25
7347,2021-02-24 12:38:00,775.0,775.0,775.0,775.0,25,3950,692.04,714.45,774.25
7348,2021-02-24 12:39:00,775.0,775.0,775.0,775.0,25,3950,692.04,714.45,774.25
7349,2021-02-24 12:40:00,775.0,775.0,775.0,775.0,25,3950,692.04,714.45,774.25
7350,2021-02-24 12:41:00,775.0,775.0,775.0,775.0,25,3950,692.04,714.45,774.25
7351,2021-02-24 12:42:00,775.0,775.0,775.0,775.0,25,3950,692.04,714.45,774.25
7352,2021-02-24 12:43:00,775.0,775.0,775.0,775.0,25,3950,692.04,714.45,774.25
7353,2021-02-24 12:44:00,775.0,775.0,775.0,775.0,25,3950,692.04,714.45,774.25
7354,2021-02-24 12:45:00,775.0,775.0,775.0,775.0,25,3950,692.04,714.45,774.25
7355,2021-02-24 12:46:00,775.0,775.0,775.0,775.0,25,3950,692.04,714.45,774.25
7356,2021-02-24 12:47:00,775.0,775.0,775.0,775.0,25,3950,692.04,714.45,774.25
7357,2021-02-24 12:48:00,775.0,775.0,775.0,775.0,25,3950,692.04,714.45,774.25
7358,2021-02-24 12:49:00,775.0,775.0,775.0,775.0,25,3950,692.04,714.45,774.25
7359,2021-02-24 12:50:00,775.0,775.0,775.0,775.0,25,3950,692.04,714.45,774.25
7360,2021-02-24 12:51:00,775.0,775.0,775.0,775.0,25,3950,692.04,714.45,774.25
7361,2021-02-24 12:52:00,775.0,775.0,775.0,775.0,25,3950,692.04,714.45,774.25
7362,2021-02-24 12:53:00,775.0,775.0,775.0,775.0,25,3950,692.04,714.45,774.25
7363,2021-02-24 12:54:00,775.0,775.0,775.0,775.0,25,3950,692.04,714.45,774.25
7364,2021-02-24 12:55:00,775.0,775.0,775.0,775.0,25,3950,692.04,714.45,774.25
7365,2021-02-24 12:56:00,775.0,775.0,775.0,775.0,25,3950,692.04,714.45,774.25
7366,2021-02-24 12:57:00,775.0,775.0,775.0,775.0,25,3950,692.04,714.45,774.25
7367,2021-02-24 12:58:00,775.0,775.0,775.0,775.0,25,3950,692.04,714.45,774.25
7368,2021-02-24 12:59:00,775.0,775.0,775.0,775.0,25,3950,692.04,714.45,774.25
7369,2021-02-24 13:00:00,775.0,775.0,775.0,775.0,25,3950,692.04,714.45,774.25
7370,2021-02-24 13:01:00,775.0,775.0,775.0,775.0,25,3950,692.04,714.45,774.25
7371,2021-02-24 13:02:00,775.0,775.0,775.0,775.0,25,3950,692.04,714.45,774.25
7372,2021-02-24 13:03:00,775.0,775.0,775.0,775.0,25,3950,692.04,714.45,774.25
7373,2021-02-24 13:04:00,775.0,775.0,775.0,775.0,25,3950,692.04,714.45,774.25
7374,2021-02-24 13:05:00,775.0,775.0,775.0,775.0,25,3950,692.04,714.45,774.25
7375,2021-02-24 13:06:00,775.0,775.0,775.0,775.0,25,3950,692.04,714.45,774.25
7376,2021-02-24 13:07:00,775.0,775.0,775.0,775.0,25,3950,692.04,714.45,774.25
7377,2021-02-24 13:08:00,775.0,775.0,775.0,775.0,25,3950,692.04,714.45,774.25
7378,2021-02-24 13:09:00,775.0,775.0,775.0,775.0,25,3950,692.04,714.45,774.25
7379,2021-02-24 13:10:00,775.0,775.0,775.0,775.0,25,3950,692.04,714.45,774.25
7380,2021-02-24 13:11:00,775.0,775.0,775.0,775.0,25,3950,692.04,714.45,774.25
7381,2021-02-24 13:12:00,775.0,775.0,775.0,775.0,25,3950,692.04,714.45,774.25
7382,2021-02-24 13:13:00,775.0,775.0,775.0,775.0,25,3950,692.04,714.45,774.25
7383,2021-02-24 13:14:00,775.0,775.0,775.0,775.0,25,3950,692.04,714.45,774.25
7384,2021-02-24 13:15:00,775.0,775.0,775.0,775.0,25,3950,692.04,714.45,774.25
7385,2021-02-24 13:16:00,775.0,775.0,775.0,775.0,25,3950,692.04,714.45,774.25
7386,2021-02-24 13:17:00,775.0,775.0,775.0,775.0,25,3950,692.04,714.45,774.25
7387,2021-02-24 13:18:00,775.0,775.0,775.0,775.0,25,3950,692.04,714.45,774.25
7388,2021-02-24 13:19:00,775.0,775.0,775.0,775.0,25,3950,692.04,714.45,774.25
7389,2021-02-24 13:20:00,775.0,775.0,775.0,775.0,25,3950,692.04,714.45,774.25
7390,2021-02-24 13:21:00,775.0,775.0,775.0,775.0,25,3950,692.04,714.45,774.25
7391,2021-02-24 13:22:00,775.0,775.0,775.0,775.0,25,3950,692.04,714.45,774.25
7392,2021-02-24 13:23:00,775.0,775.0,775.0,775.0,25,3950,692.04,714.45,774.25
7393,2021-02-24 13:24:00,775.0,775.0,775.0,775.0,25,3950,692.04,714.45,774.25
7394,2021-02-24 13:25:00,775.0,775.0,775.0,775.0,25,3950,692.04,714.45,774.25
7395,2021-02-24 13:26:00,775.0,775.0,775.0,775.0,25,3950,692.04,714.45,774.25
7396,2021-02-24 13:27:00,775.0,775.0,775.0,775.0,25,3950,692.04,714.45,774.25
7397,2021-02-24 13:28:00,775.0,775.0,775.0,775.0,25,3950,692.04,714.45,774.25
7398,2021-02-24 13:29:00,775.0,775.0,775.0,775.0,25,3950,692.04,714.45,774.25
7399,2021-02-24 13:30:00,775.0,775.0,775.0,775.0,25,3950,692.04,714.45,774.25
7400,2021-02-24 13:31:00,775.0,775.0,775.0,775.0,25,3950,692.04,714.45,774.25
7401,2021-02-24 13:32:00,775.0,775.0,775.0,775.0,25,3950,692.04,714.45,774.25
7402,2021-02-24 13:33:00,775.0,775.0,775.0,775.0,25,3950,692.04,714.45,774.25
7403,2021-02-24 13:34:00,775.0,775.0,775.0,775.0,25,3950,692.04,714.45,774.25
7404,2021-02-24 13:35:00,775.0,775.0,775.0,775.0,25,3950,692.04,714.45,774.25
7405,2021-02-24 13:36:00,775.0,775.0,775.0,775.0,25,3950,692.04,714.45,774.25
7406,2021-02-24 13:37:00,775.0,775.0,775.0,775.0,25,3950,692.04,714.45,774.25
7407,2021-02-24 13:38:00,775.0,775.0,775.0,775.0,25,3950,692.04,714.45,774.25
7408,2021-02-24 13:39:00,775.0,775.0,775.0,775.0,25,3950,692.04,714.45,774.25
7409,2021-02-24 13:40:00,775.0,775.0,775.0,775.0,25,3950,692.04,714.45,774.25
7410,2021-02-24 13:41:00,775.0,775.0,775.0,775.0,25,3950,692.04,714.45,774.25
7411,2021-02-24 13:42:00,775.0,775.0,775.0,775.0,25,3950,692.04,714.45,774.25
7412,2021-02-24 13:43:00,775.0,775.0,775.0,775.0,25,3950,692.04,714.45,774.25
7413,2021-02-24 13:44:00,775.0,775.0,775.0,775.0,25,3950,692.04,714.45,774.25
7414,2021-02-24 13:45:00,775.0,775.0,775.0,775.0,25,3950,692.04,714.45,774.25
7415,2021-02-24 13:46:00,775.0,775.0,775.0,775.0,25,3950,692.04,714.45,774.25
7416,2021-02-24 13:47:00,775.0,775.0,775.0,775.0,25,3950,692.04,714.45,774.25
7417,2021-02-24 13:48:00,775.0,775.0,775.0,775.0,25,3950,692.04,714.45,774.25
7418,2021-02-24 13:49:00,775.0,775.0,775.0,775.0,25,3950,692.04,714.45,774.25
7419,2021-02-24 13:50:00,775.0,775.0,775.0,775.0,25,3950,692.04,714.45,774.25
7420,2021-02-24 13:51:00,775.0,775.0,775.0,775.0,25,3950,692.04,714.45,774.25
7421,2021-02-24 13:52:00,775.0,775.0,775.0,775.0,25,3950,692.04,714.45,774.25
7422,2021-02-24 13:53:00,775.0,775.0,775.0,775.0,25,3950,692.04,714.45,774.25
7423,2021-02-24 13:54:00,775.0,775.0,775.0,775.0,25,3950,692.04,714.45,774.25
7424,2021-02-24 13:55:00,775.0,775.0,775.0,775.0,25,3950,692.04,714.45,774.25
7425,2021-02-24 13:56:00,775.0,775.0,775.0,775.0,25,3950,692.04,714.45,774.25
7426,2021-02-24 13:57:00,775.0,775.0,775.0,775.0,25,3950,692.04,714.45,774.25
7427,2021-02-24 13:58:00,775.0,775.0,775.0,775.0,25,3950,692.04,714.45,774.25
7428,2021-02-24 13:59:00,775.0,775.0,775.0,775.0,25,3950,692.04,714.45,774.25
7429,2021-02-24 14:00:00,775.0,775.0,775.0,775.0,25,3950,692.04,714.45,774.25
7430,2021-02-24 14:01:00,775.0,775.0,775.0,775.0,25,3950,692.04,714.45,774.25
7431,2021-02-24 14:02:00,775.0,775.0,775.0,775.0,25,3950,692.04,714.45,774.25
7432,2021-02-24 14:03:00,775.0,775.0,775.0,775.0,25,3950,692.04,714.45,774.25
7433,2021-02-24 14:04:00,775.0,775.0,775.0,775.0,25,3950,692.04,714.45,774.25
7434,2021-02-24 14:05:00,775.0,775.0,775.0,775.0,25,3950,692.04,714.45,774.25
7435,2021-02-24 14:06:00,775.0,775.0,775.0,775.0,25,3950,692.04,714.45,774.25
7436,2021-02-24 14:07:00,775.0,775.0,775.0,775.0,25,3950,692.04,714.45,774.25
7437,2021-02-24 14:08:00,775.0,775.0,775.0,775.0,25,3950,692.04,714.45,774.25
7438,2021-02-24 14:09:00,775.0,775.0,775.0,775.0,25,3950,692.04,714.45,774.25
7439,2021-02-24 14:10:00,775.0,775.0,775.0,775.0,25,3950,692.04,714.45,774.25
7440,2021-02-24 14:11:00,775.0,775.0,775.0,775.0,25,3950,692.04,714.45,774.25
7441,2021-02-24 14:12:00,775.0,775.0,775.0,775.0,25,3950,692.04,714.45,774.25
7442,2021-02-24 14:13:00,775.0,775.0,775.0,775.0,25,3950,692.04,714.45,774.25
7443,2021-02-24 14:14:00,775.0,775.0,775.0,775.0,25,3950,692.04,714.45,774.25
7444,2021-02-24 14:15:00,775.0,775.0,775.0,775.0,25,3950,692.04,714.45,774.25
7445,2021-02-24 14:16:00,775.0,775.0,775.0,775.0,25,3950,692.04,714.45,774.25
7446,2021-02-24 14:17:00,775.0,775.0,775.0,775.0,25,3950,692.04,714.45,774.25
7447,2021-02-24 14:18:00,775.0,775.0,775.0,775.0,25,3950,692.04,714.45,774.25
7448,2021-02-24 14:19:00,775.0,775.0,775.0,775.0,25,3950,692.04,714.45,774.25
7449,2021-02-24 14:20:00,775.0,775.0,775.0,775.0,25,3950,692.04,714.45,774.25
7450,2021-02-24 14:21:00,775.0,775.0,775.0,775.0,25,3950,692.04,714.45,774.25
7451,2021-02-24 14:22:00,775.0,775.0,775.0,775.0,25,3950,692.04,714.45,774.25
7452,2021-02-24 14:23:00,775.0,775.0,775.0,775.0,25,3950,692.04,714.45,774.25
7453,2021-02-24 14:24:00,775.0,775.0,775.0,775.0,25,3950,692.04,714.45,774.25
7454,2021-02-24 14:25:00,775.0,775.0,775.0,775.0,25,3950,692.04,714.45,774.25
7455,2021-02-24 14:26:00,775.0,775.0,775.0,775.0,25,3950,692.04,714.45,774.25
7456,2021-02-24 14:27:00,775.0,775.0,775.0,775.0,25,3950,692.04,714.45,774.25
7457,2021-02-24 14:28:00,775.0,775.0,775.0,775.0,25,3950,692.04,714.45,774.25
7458,2021-02-24 14:29:00,775.0,775.0,775.0,775.0,25,3950,692.04,714.45,774.25
7459,2021-02-24 14:30:00,775.0,775.0,775.0,775.0,25,3950,692.04,714.45,774.25
7460,2021-02-24 14:31:00,775.0,775.0,775.0,775.0,25,3950,692.04,714.45,774.25
7461,2021-02-24 14:32:00,775.0,775.0,775.0,775.0,25,3950,692.04,714.45,774.25
7462,2021-02-24 14:33:00,775.0,775.0,775.0,775.0,25,3950,692.04,714.45,774.25
7463,2021-02-24 14:34:00,775.0,775.0,775.0,775.0,25,3950,692.04,714.45,774.25
7464,2021-02-24 14:35:00,775.0,775.0,775.0,775.0,25,3950,692.04,714.45,774.25
7465,2021-02-24 14:36:00,775.0,775.0,775.0,775.0,25,3950,692.04,714.45,774.25
7466,2021-02-24 14:37:00,775.0,775.0,775.0,775.0,25,3950,692.04,714.45,774.25
7467,2021-02-24 14:38:00,775.0,775.0,775.0,775.0,25,3950,692.04,714.45,774.25
7468,2021-02-24 14:39:00,775.0,775.0,775.0,775.0,25,3950,692.04,714.45,774.25
7469,2021-02-24 14:40:00,775.0,775.0,775.0,775.0,25,3950,692.04,714.45,774.25
7470,2021-02-24 14:41:00,775.0,775.0,775.0,775.0,25,3950,692.04,714.45,774.25
7471,2021-02-24 14:42:00,775.0,775.0,775.0,775.0,25,3950,692.04,714.45,774.25
7472,2021-02-24 14:43:00,775.0,775.0,775.0,775.0,25,3950,692.04,714.45,774.25
7473,2021-02-24 14:44:00,775.0,775.0,775.0,775.0,25,3950,692.04,714.45,774.25
7474,2021-02-24 14:45:00,775.0,775.0,775.0,775.0,25,3950,692.04,714.45,774.25
7475,2021-02-24 14:46:00,775.0,775.0,775.0,775.0,25,3950,692.04,714.45,774.25
7476,2021-02-24 14:47:00,775.0,775.0,775.0,775.0,25,3950,692.04,714.45,774.25
7477,2021-02-24 14:48:00,775.0,775.0,775.0,775.0,25,3950,692.04,714.45,774.25
7478,2021-02-24 14:49:00,775.0,775.0,775.0,775.0,25,3950,692.04,714.45,774.25
7479,2021-02-24 14:50:00,775.0,775.0,775.0,775.0,25,3950,692.04,714.45,774.25
7480,2021-02-24 14:51:00,775.0,775.0,775.0,775.0,25,3950,692.04,714.45,774.25
7481,2021-02-24 14:52:00,775.0,775.0,775.0,775.0,25,3950,692.04,714.45,774.25
7482,2021-02-24 14:53:00,775.0,775.0,775.0,775.0,25,3950,692.04,714.45,774.25
7483,2021-02-24 14:54:00,775.0,775.0,775.0,775.0,25,3950,692.04,714.45,774.25
7484,2021-02-24 14:55:00,775.0,775.0,775.0,775.0,25,3950,692.04,714.45,774.25
7485,2021-02-24 14:56:00,775.0,775.0,775.0,775.0,25,3950,692.04,714.45,774.25
7486,2021-02-24 14:57:00,775.0,775.0,775.0,775.0,25,3950,692.04,714.45,774.25
7487,2021-02-24 14:58:00,775.0,775.0,775.0,775.0,25,3950,692.04,714.45,774.25
7488,2021-02-24 14:59:00,775.0,775.0,775.0,775.0,25,3950,692.04,714.45,774.25
7489,2021-02-24 15:00:00,775.0,775.0,775.0,775.0,25,3950,692.04,714.45,774.25
7490,2021-02-24 15:01:00,775.0,775.0,775.0,775.0,25,3950,692.04,714.45,774.25
7491,2021-02-24 15:02:00,775.0,775.0,775.0,775.0,25,3950,692.04,714.45,774.25
7492,2021-02-24 15:03:00,775.0,775.0,775.0,775.0,25,3950,692.04,714.45,774.25
7493,2021-02-24 15:04:00,775.0,775.0,775.0,775.0,25,3950,692.04,714.45,774.25
7494,2021-02-24 15:05:00,775.0,775.0,775.0,775.0,25,3950,692.04,714.45,774.25
7495,2021-02-24 15:06:00,775.0,775.0,775.0,775.0,25,3950,692.04,714.45,774.25
7496,2021-02-24 15:07:00,775.0,775.0,775.0,775.0,25,3950,692.04,714.45,774.25
7497,2021-02-24 15:08:00,775.0,775.0,775.0,775.0,25,3950,692.04,714.45,774.25
7498,2021-02-24 15:09:00,775.0,775.0,775.0,775.0,25,3950,692.04,714.45,774.25
7499,2021-02-24 15:10:00,775.0,775.0,775.0,775.0,25,3950,692.04,714.45,774.25
7500,2021-02-24 15:11:00,775.0,775.0,775.0,775.0,25,3950,692.04,714.45,774.25
7501,2021-02-24 15:12:00,775.0,775.0,775.0,775.0,25,3950,692.04,714.45,774.25
7502,2021-02-24 15:13:00,775.0,775.0,775.0,775.0,25,3950,692.04,714.45,774.25
7503,2021-02-24 15:14:00,775.0,775.0,775.0,775.0,25,3950,692.04,714.45,774.25
7504,2021-02-24 15:15:00,775.0,775.0,775.0,775.0,25,3950,692.04,714.45,774.25
7505,2021-02-24 15:16:00,775.0,775.0,775.0,775.0,25,3950,692.04,714.45,774.25
7506,2021-02-24 15:17:00,775.0,775.0,775.0,775.0,25,3950,692.04,714.45,774.25
7507,2021-02-24 15:18:00,775.0,775.0,775.0,775.0,25,3950,692.04,714.45,774.25
7508,2021-02-24 15:19:00,775.0,775.0,775.0,775.0,25,3950,692.04,714.45,774.25
7509,2021-02-24 15:20:00,775.0,775.0,775.0,775.0,25,3950,692.04,714.45,774.25
7510,2021-02-24 15:21:00,775.0,775.0,775.0,775.0,25,3950,692.04,714.45,774.25
7511,2021-02-24 15:22:00,775.0,775.0,775.0,775.0,25,3950,692.04,714.45,774.25
7512,2021-02-24 15:23:00,775.0,775.0,775.0,775.0,25,3950,692.04,714.45,774.25
7513,2021-02-24 15:24:00,775.0,775.0,775.0,775.0,25,3950,692.04,714.45,774.25
7514,2021-02-24 15:25:00,775.0,775.0,775.0,775.0,25,3950,692.04,714.45,774.25
7515,2021-02-24 15:26:00,775.0,775.0,775.0,775.0,25,3950,692.04,714.45,774.25
7516,2021-02-24 15:27:00,775.0,775.0,775.0,775.0,25,3950,692.04,714.45,774.25
7517,2021-02-24 15:28:00,775.0,775.0,775.0,775.0,25,3950,692.04,714.45,774.25
7518,2021-02-24 15:29:00,775.0,775.0,775.0,775.0,25,3950,692.04,714.45,774.25
7519,2021-02-24 15:30:00,775.0,775.0,775.0,775.0,25,3950,692.04,714.45,774.25
7520,2021-02-25 09:15:00,1414.6,1414.6,1414.6,1414.6,25,3675,1414.6,1359.25,1423.55
7521,2021-02-25 09:16:00,1364.35,1421.2,1364.35,1420.0,175,3675,1391.65,1413.45,1445.0
7522,2021-02-25 09:17:00,1425.0,1425.0,1425.0,1425.0,25,3650,1395.36,1407.55,1425.0
7523,2021-02-25 09:18:00,1425.0,1430.0,1425.0,1426.5,150,3650,1407.75,1425.05,1442.25
7524,2021-02-25 09:19:00,1427.4,1427.4,1427.4,1427.4,25,3650,1408.97,1439.65,1478.55
7525,2021-02-25 09:20:00,1456.15,1456.15,1456.15,1456.15,25,3500,1411.75,1462.75,1499.95
7526,2021-02-25 09:21:00,1465.15,1550.0,1465.15,1550.0,125,3500,1433.18,1519.5,1598.05
7527,2021-02-25 09:22:00,1465.15,1550.0,1465.15,1550.0,125,3500,1433.18,1519.5,1598.05
7528,2021-02-25 09:23:00,1496.6,1496.6,1496.6,1496.6,50,3500,1438.47,1489.05,1543.3
7529,2021-02-25 09:24:00,1496.6,1496.6,1496.6,1496.6,50,3500,1438.47,1489.05,1543.3
7530,2021-02-25 09:25:00,1496.6,1496.6,1496.6,1496.6,50,3500,1438.47,1489.05,1543.3
7531,2021-02-25 09:26:00,1496.6,1496.6,1496.6,1496.6,50,3500,1438.47,1489.05,1543.3
7532,2021-02-25 09:27:00,1496.6,1496.6,1496.6,1496.6,25,3475,1440.79,1499.8,1532.75
7533,2021-02-25 09:28:00,1544.35,1544.35,1544.35,1544.35,50,3475,1448.5,1524.05,1565.05
7534,2021-02-25 09:29:00,1544.35,1544.35,1544.35,1544.35,50,3475,1448.5,1524.05,1565.05
7535,2021-02-25 09:30:00,1534.1,1534.1,1534.1,1534.1,25,3525,1451.56,1513.55,1546.7
7536,2021-02-25 09:31:00,1516.7,1524.65,1516.7,1524.65,50,3525,1456.17,1521.9,1550.55
7537,2021-02-25 09:32:00,1544.65,1544.65,1544.65,1544.65,25,3525,1459.02,1524.6,1572.3
7538,2021-02-25 09:33:00,1544.65,1544.65,1544.65,1544.65,25,3525,1459.02,1524.6,1572.3
7539,2021-02-25 09:34:00,1544.65,1544.65,1544.65,1544.65,25,3525,1459.02,1524.6,1572.3
7540,2021-02-25 09:35:00,1544.65,1544.65,1544.65,1544.65,25,3525,1459.02,1524.6,1572.3
7541,2021-02-25 09:36:00,1544.65,1544.65,1544.65,1544.65,25,3525,1459.02,1524.6,1572.3
7542,2021-02-25 09:37:00,1544.65,1544.65,1544.65,1544.65,25,3525,1459.02,1524.6,1572.3
7543,2021-02-25 09:38:00,1544.65,1544.65,1544.65,1544.65,25,3525,1459.02,1524.6,1572.3
7544,2021-02-25 09:39:00,1543.8,1543.8,1520.0,1520.0,125,3475,1468.15,1489.4,1536.05
7545,2021-02-25 09:40:00,1488.75,1488.75,1470.8,1470.8,75,3475,1469.28,1472.35,1499.35
7546,2021-02-25 09:41:00,1498.5,1498.5,1498.5,1498.5,100,3475,1472.0,1517.95,1588.3
7547,2021-02-25 09:42:00,1498.5,1498.5,1498.5,1498.5,100,3475,1472.0,1517.95,1588.3
7548,2021-02-25 09:43:00,1498.5,1498.5,1498.5,1498.5,100,3475,1472.0,1517.95,1588.3
7549,2021-02-25 09:44:00,1498.5,1498.5,1498.5,1498.5,100,3475,1472.0,1517.95,1588.3
7550,2021-02-25 09:45:00,1498.5,1498.5,1498.5,1498.5,100,3475,1472.0,1517.95,1588.3
7551,2021-02-25 09:46:00,1498.5,1498.5,1498.5,1498.5,100,3475,1472.0,1517.95,1588.3
7552,2021-02-25 09:47:00,1498.5,1498.5,1498.5,1498.5,100,3475,1472.0,1517.95,1588.3
7553,2021-02-25 09:48:00,1498.5,1498.5,1498.5,1498.5,100,3475,1472.0,1517.95,1588.3
7554,2021-02-25 09:49:00,1498.5,1498.5,1498.5,1498.5,100,3475,1472.0,1517.95,1588.3
7555,2021-02-25 09:50:00,1498.5,1498.5,1498.5,1498.5,100,3475,1472.0,1517.95,1588.3
7556,2021-02-25 09:51:00,1498.5,1498.5,1498.5,1498.5,100,3475,1472.0,1517.95,1588.3
7557,2021-02-25 09:52:00,1498.5,1498.5,1498.5,1498.5,100,3475,1472.0,1517.95,1588.3
7558,2021-02-25 09:53:00,1498.5,1498.5,1498.5,1498.5,100,3475,1472.0,1517.95,1588.3
7559,2021-02-25 09:54:00,1498.5,1498.5,1498.5,1498.5,100,3475,1472.0,1517.95,1588.3
7560,2021-02-25 09:55:00,1498.5,1498.5,1498.5,1498.5,100,3475,1472.0,1517.95,1588.3
7561,2021-02-25 09:56:00,1498.5,1498.5,1498.5,1498.5,100,3475,1472.0,1517.95,1588.3
7562,2021-02-25 09:57:00,1498.5,1498.5,1498.5,1498.5,100,3475,1472.0,1517.95,1588.3
7563,2021-02-25 09:58:00,1498.5,1498.5,1498.5,1498.5,100,3475,1472.0,1517.95,1588.3
7564,2021-02-25 09:59:00,1498.5,1498.5,1498.5,1498.5,100,3475,1472.0,1517.95,1588.3
7565,2021-02-25 10:00:00,1498.5,1498.5,1498.5,1498.5,100,3475,1472.0,1517.95,1588.3
7566,2021-02-25 10:01:00,1435.95,1435.95,1435.95,1435.95,50,0,1470.4,1388.8,1453.25
7567,2021-02-25 10:02:00,1435.95,1435.95,1435.95,1435.95,50,0,1470.4,1388.8,1453.25
7568,2021-02-25 10:03:00,1452.4,1452.4,1452.4,1452.4,25,3400,1470.0,1411.0,1481.8
7569,2021-02-25 10:04:00,1452.4,1452.4,1452.4,1452.4,25,3400,1470.0,1411.0,1481.8
7570,2021-02-25 10:05:00,1452.4,1452.4,1452.4,1452.4,25,3400,1470.0,1411.0,1481.8
7571,2021-02-25 10:06:00,1452.4,1452.4,1452.4,1452.4,25,3400,1470.0,1411.0,1481.8
7572,2021-02-25 10:07:00,1452.4,1452.4,1452.4,1452.4,25,3400,1470.0,1411.0,1481.8
7573,2021-02-25 10:08:00,1452.4,1452.4,1452.4,1452.4,25,3400,1470.0,1411.0,1481.8
7574,2021-02-25 10:09:00,1452.4,1452.4,1452.4,1452.4,25,3400,1470.0,1411.0,1481.8
7575,2021-02-25 10:10:00,1452.4,1452.4,1452.4,1452.4,25,3400,1470.0,1411.0,1481.8
7576,2021-02-25 10:11:00,1397.0,1397.0,1397.0,1397.0,25,3350,1468.45,1364.45,1394.8
7577,2021-02-25 10:12:00,1397.0,1397.0,1397.0,1397.0,25,3350,1468.45,1364.45,1394.8
7578,2021-02-25 10:13:00,1397.0,1397.0,1397.0,1397.0,25,3350,1468.45,1364.45,1394.8
7579,2021-02-25 10:14:00,1397.0,1397.0,1397.0,1397.0,25,3350,1468.45,1364.45,1394.8
7580,2021-02-25 10:15:00,1390.0,1390.0,1390.0,1390.0,100,3350,1462.3,1327.15,1396.5
7581,2021-02-25 10:16:00,1390.0,1390.0,1390.0,1390.0,100,3350,1462.3,1327.15,1396.5
7582,2021-02-25 10:17:00,1396.85,1396.85,1396.85,1396.85,50,3350,1459.83,1370.45,1396.85
7583,2021-02-25 10:18:00,1370.4,1396.8,1370.4,1396.8,125,3350,1453.48,1375.9,1435.0
7584,2021-02-25 10:19:00,1370.4,1396.8,1370.4,1396.8,125,3350,1453.48,1375.9,1435.0
7585,2021-02-25 10:20:00,1370.4,1396.8,1370.4,1396.8,125,3350,1453.48,1375.9,1435.0
7586,2021-02-25 10:21:00,1370.4,1396.8,1370.4,1396.8,125,3350,1453.48,1375.9,1435.0
7587,2021-02-25 10:22:00,1370.4,1396.8,1370.4,1396.8,125,3350,1453.48,1375.9,1435.0
7588,2021-02-25 10:23:00,1370.4,1396.8,1370.4,1396.8,125,3350,1453.48,1375.9,1435.0
7589,2021-02-25 10:24:00,1370.4,1396.8,1370.4,1396.8,125,3350,1453.48,1375.9,1435.0
7590,2021-02-25 10:25:00,1370.4,1396.8,1370.4,1396.8,125,3350,1453.48,1375.9,1435.0
7591,2021-02-25 10:26:00,1370.4,1396.8,1370.4,1396.8,125,3350,1453.48,1375.9,1435.0
7592,2021-02-25 10:27:00,1370.4,1396.8,1370.4,1396.8,125,3350,1453.48,1375.9,1435.0
7593,2021-02-25 10:28:00,1370.4,1396.8,1370.4,1396.8,125,3350,1453.48,1375.9,1435.0
7594,2021-02-25 10:29:00,1370.4,1396.8,1370.4,1396.8,125,3350,1453.48,1375.9,1435.0
7595,2021-02-25 10:30:00,1370.4,1396.8,1370.4,1396.8,125,3350,1453.48,1375.9,1435.0
7596,2021-02-25 10:31:00,1370.4,1396.8,1370.4,1396.8,125,3350,1453.48,1375.9,1435.0
7597,2021-02-25 10:32:00,1370.4,1396.8,1370.4,1396.8,125,3350,1453.48,1375.9,1435.0
7598,2021-02-25 10:33:00,1370.4,1396.8,1370.4,1396.8,125,3350,1453.48,1375.9,1435.0
7599,2021-02-25 10:34:00,1370.4,1396.8,1370.4,1396.8,125,3350,1453.48,1375.9,1435.0
7600,2021-02-25 10:35:00,1370.4,1396.8,1370.4,1396.8,125,3350,1453.48,1375.9,1435.0
7601,2021-02-25 10:36:00,1370.4,1396.8,1370.4,1396.8,125,3350,1453.48,1375.9,1435.0
7602,2021-02-25 10:37:00,1370.4,1396.8,1370.4,1396.8,125,3350,1453.48,1375.9,1435.0
7603,2021-02-25 10:38:00,1370.4,1396.8,1370.4,1396.8,125,3350,1453.48,1375.9,1435.0
7604,2021-02-25 10:39:00,1370.4,1396.8,1370.4,1396.8,125,3350,1453.48,1375.9,1435.0
7605,2021-02-25 10:40:00,1370.4,1396.8,1370.4,1396.8,125,3350,1453.48,1375.9,1435.0
7606,2021-02-25 10:41:00,1370.4,1396.8,1370.4,1396.8,125,3350,1453.48,1375.9,1435.0
7607,2021-02-25 10:42:00,1370.4,1396.8,1370.4,1396.8,125,3350,1453.48,1375.9,1435.0
7608,2021-02-25 10:43:00,1370.4,1396.8,1370.4,1396.8,125,3350,1453.48,1375.9,1435.0
7609,2021-02-25 10:44:00,1370.4,1396.8,1370.4,1396.8,125,3350,1453.48,1375.9,1435.0
7610,2021-02-25 10:45:00,1370.4,1396.8,1370.4,1396.8,125,3350,1453.48,1375.9,1435.0
7611,2021-02-25 10:46:00,1370.4,1396.8,1370.4,1396.8,125,3350,1453.48,1375.9,1435.0
7612,2021-02-25 10:47:00,1370.4,1396.8,1370.4,1396.8,125,3350,1453.48,1375.9,1435.0
7613,2021-02-25 10:48:00,1370.4,1396.8,1370.4,1396.8,125,3350,1453.48,1375.9,1435.0
7614,2021-02-25 10:49:00,1370.4,1396.8,1370.4,1396.8,125,3350,1453.48,1375.9,1435.0
7615,2021-02-25 10:50:00,1370.4,1396.8,1370.4,1396.8,125,3350,1453.48,1375.9,1435.0
7616,2021-02-25 10:51:00,1370.4,1396.8,1370.4,1396.8,125,3350,1453.48,1375.9,1435.0
7617,2021-02-25 10:52:00,1370.4,1396.8,1370.4,1396.8,125,3350,1453.48,1375.9,1435.0
7618,2021-02-25 10:53:00,1370.4,1396.8,1370.4,1396.8,125,3350,1453.48,1375.9,1435.0
7619,2021-02-25 10:54:00,1370.4,1396.8,1370.4,1396.8,125,3350,1453.48,1375.9,1435.0
7620,2021-02-25 10:55:00,1370.4,1396.8,1370.4,1396.8,125,3350,1453.48,1375.9,1435.0
7621,2021-02-25 10:56:00,1370.4,1396.8,1370.4,1396.8,125,3350,1453.48,1375.9,1435.0
7622,2021-02-25 10:57:00,1370.4,1396.8,1370.4,1396.8,125,3350,1453.48,1375.9,1435.0
7623,2021-02-25 10:58:00,1370.4,1396.8,1370.4,1396.8,125,3350,1453.48,1375.9,1435.0
7624,2021-02-25 10:59:00,1370.4,1396.8,1370.4,1396.8,125,3350,1453.48,1375.9,1435.0
7625,2021-02-25 11:00:00,1370.4,1396.8,1370.4,1396.8,125,3350,1453.48,1375.9,1435.0
7626,2021-02-25 11:01:00,1370.4,1396.8,1370.4,1396.8,125,3350,1453.48,1375.9,1435.0
7627,2021-02-25 11:02:00,1370.4,1396.8,1370.4,1396.8,125,3350,1453.48,1375.9,1435.0
7628,2021-02-25 11:03:00,1370.4,1396.8,1370.4,1396.8,125,3350,1453.48,1375.9,1435.0
7629,2021-02-25 11:04:00,1370.4,1396.8,1370.4,1396.8,125,3350,1453.48,1375.9,1435.0
7630,2021-02-25 11:05:00,1370.4,1396.8,1370.4,1396.8,125,3350,1453.48,1375.9,1435.0
7631,2021-02-25 11:06:00,1370.4,1396.8,1370.4,1396.8,125,3350,1453.48,1375.9,1435.0
7632,2021-02-25 11:07:00,1370.4,1396.8,1370.4,1396.8,125,3350,1453.48,1375.9,1435.0
7633,2021-02-25 11:08:00,1370.4,1396.8,1370.4,1396.8,125,3350,1453.48,1375.9,1435.0
7634,2021-02-25 11:09:00,1370.4,1396.8,1370.4,1396.8,125,3350,1453.48,1375.9,1435.0
7635,2021-02-25 11:10:00,1370.4,1396.8,1370.4,1396.8,125,3350,1453.48,1375.9,1435.0
7636,2021-02-25 11:11:00,1370.4,1396.8,1370.4,1396.8,125,3350,1453.48,1375.9,1435.0
7637,2021-02-25 11:12:00,1370.4,1396.8,1370.4,1396.8,125,3350,1453.48,1375.9,1435.0
7638,2021-02-25 11:13:00,1370.4,1396.8,1370.4,1396.8,125,3350,1453.48,1375.9,1435.0
7639,2021-02-25 11:14:00,1370.4,1396.8,1370.4,1396.8,125,3350,1453.48,1375.9,1435.0
7640,2021-02-25 11:15:00,1370.4,1396.8,1370.4,1396.8,125,3350,1453.48,1375.9,1435.0
7641,2021-02-25 11:16:00,1370.4,1396.8,1370.4,1396.8,125,3350,1453.48,1375.9,1435.0
7642,2021-02-25 11:17:00,1370.4,1396.8,1370.4,1396.8,125,3350,1453.48,1375.9,1435.0
7643,2021-02-25 11:18:00,1370.4,1396.8,1370.4,1396.8,125,3350,1453.48,1375.9,1435.0
7644,2021-02-25 11:19:00,1370.4,1396.8,1370.4,1396.8,125,3350,1453.48,1375.9,1435.0
7645,2021-02-25 11:20:00,1370.4,1396.8,1370.4,1396.8,125,3350,1453.48,1375.9,1435.0
7646,2021-02-25 11:21:00,1370.4,1396.8,1370.4,1396.8,125,3350,1453.48,1375.9,1435.0
7647,2021-02-25 11:22:00,1370.4,1396.8,1370.4,1396.8,125,3350,1453.48,1375.9,1435.0
7648,2021-02-25 11:23:00,1370.4,1396.8,1370.4,1396.8,125,3350,1453.48,1375.9,1435.0
7649,2021-02-25 11:24:00,1370.4,1396.8,1370.4,1396.8,125,3350,1453.48,1375.9,1435.0
7650,2021-02-25 11:25:00,1370.4,1396.8,1370.4,1396.8,125,3350,1453.48,1375.9,1435.0
7651,2021-02-25 11:26:00,1370.4,1396.8,1370.4,1396.8,125,3350,1453.48,1375.9,1435.0
7652,2021-02-25 11:27:00,1370.4,1396.8,1370.4,1396.8,125,3350,1453.48,1375.9,1435.0
7653,2021-02-25 11:28:00,1370.4,1396.8,1370.4,1396.8,125,3350,1453.48,1375.9,1435.0
7654,2021-02-25 11:29:00,1370.4,1396.8,1370.4,1396.8,125,3350,1453.48,1375.9,1435.0
7655,2021-02-25 11:30:00,1370.4,1396.8,1370.4,1396.8,125,3350,1453.48,1375.9,1435.0
7656,2021-02-25 11:31:00,1370.4,1396.8,1370.4,1396.8,125,3350,1453.48,1375.9,1435.0
7657,2021-02-25 11:32:00,1370.4,1396.8,1370.4,1396.8,125,3350,1453.48,1375.9,1435.0
7658,2021-02-25 11:33:00,1370.4,1396.8,1370.4,1396.8,125,3350,1453.48,1375.9,1435.0
7659,2021-02-25 11:34:00,1370.4,1396.8,1370.4,1396.8,125,3350,1453.48,1375.9,1435.0
7660,2021-02-25 11:35:00,1370.4,1396.8,1370.4,1396.8,125,3350,1453.48,1375.9,1435.0
7661,2021-02-25 11:36:00,1370.4,1396.8,1370.4,1396.8,125,3350,1453.48,1375.9,1435.0
7662,2021-02-25 11:37:00,1332.0,1332.0,1332.0,1332.0,25,3450,1451.43,1326.5,1355.45
7663,2021-02-25 11:38:00,1326.5,1326.5,1326.5,1326.5,25,0,1449.34,1283.5,1359.6
7664,2021-02-25 11:39:00,1326.5,1326.5,1326.5,1326.5,25,0,1449.34,1283.5,1359.6
7665,2021-02-25 11:40:00,1326.5,1326.5,1326.5,1326.5,25,0,1449.34,1283.5,1359.6
7666,2021-02-25 11:41:00,1326.5,1326.5,1326.5,1326.5,25,0,1449.34,1283.5,1359.6
7667,2021-02-25 11:42:00,1326.5,1326.5,1326.5,1326.5,25,0,1449.34,1283.5,1359.6
7668,2021-02-25 11:43:00,1326.5,1326.5,1326.5,1326.5,25,0,1449.34,1283.5,1359.6
7669,2021-02-25 11:44:00,1326.5,1326.5,1319.75,1326.5,100,3450,1441.56,1251.05,1310.35
7670,2021-02-25 11:45:00,1326.5,1326.5,1319.75,1326.5,100,3450,1441.56,1251.05,1310.35
7671,2021-02-25 11:46:00,1326.5,1326.5,1319.75,1326.5,100,3450,1441.56,1251.05,1310.35
7672,2021-02-25 11:47:00,1326.5,1326.5,1319.75,1326.5,100,3450,1441.56,1251.05,1310.35
7673,2021-02-25 11:48:00,1326.5,1326.5,1319.75,1326.5,100,3450,1441.56,1251.05,1310.35
7674,2021-02-25 11:49:00,1326.5,1326.5,1319.75,1326.5,100,3450,1441.56,1251.05,1310.35
7675,2021-02-25 11:50:00,1326.5,1326.5,1319.75,1326.5,100,3450,1441.56,1251.05,1310.35
7676,2021-02-25 11:51:00,1326.5,1326.5,1319.75,1326.5,100,3450,1441.56,1251.05,1310.35
7677,2021-02-25 11:52:00,1326.5,1326.5,1319.75,1326.5,100,3450,1441.56,1251.05,1310.35
7678,2021-02-25 11:53:00,1310.95,1310.95,1310.95,1310.95,25,3450,1439.55,1280.65,1312.45
7679,2021-02-25 11:54:00,1310.95,1310.95,1310.95,1310.95,25,3450,1439.55,1280.65,1312.45
7680,2021-02-25 11:55:00,1313.0,1313.0,1313.0,1313.0,25,3450,1437.63,1290.15,1336.8
7681,2021-02-25 11:56:00,1313.0,1313.0,1313.0,1313.0,25,3450,1435.77,1247.1,1321.5
7682,2021-02-25 11:57:00,1313.0,1313.0,1313.0,1313.0,25,3450,1435.77,1247.1,1321.5
7683,2021-02-25 11:58:00,1292.6,1292.6,1292.6,1292.6,25,3450,1433.67,1286.7,1333.1
7684,2021-02-25 11:59:00,1292.6,1292.6,1292.6,1292.6,25,3450,1433.67,1286.7,1333.1
7685,2021-02-25 12:00:00,1292.6,1292.6,1292.6,1292.6,25,3450,1433.67,1286.7,1333.1
7686,2021-02-25 12:01:00,1292.6,1292.6,1292.6,1292.6,25,3450,1433.67,1286.7,1333.1
7687,2021-02-25 12:02:00,1292.6,1292.6,1292.6,1292.6,25,3450,1433.67,1286.7,1333.1
7688,2021-02-25 12:03:00,1292.6,1292.6,1292.6,1292.6,25,3450,1433.67,1286.7,1333.1
7689,2021-02-25 12:04:00,1292.6,1292.6,1292.6,1292.6,25,3450,1433.67,1286.7,1333.1
7690,2021-02-25 12:05:00,1292.6,1292.6,1292.6,1292.6,25,3450,1433.67,1286.7,1333.1
7691,2021-02-25 12:06:00,1292.6,1292.6,1292.6,1292.6,25,3450,1433.67,1286.7,1333.1
7692,2021-02-25 12:07:00,1292.6,1292.6,1292.6,1292.6,25,3450,1433.67,1286.7,1333.1
7693,2021-02-25 12:08:00,1292.6,1292.6,1292.6,1292.6,25,3450,1433.67,1286.7,1333.1
7694,2021-02-25 12:09:00,1292.6,1292.6,1292.6,1292.6,25,3450,1433.67,1286.7,1333.1
7695,2021-02-25 12:10:00,1292.6,1292.6,1292.6,1292.6,25,3450,1433.67,1286.7,1333.1
7696,2021-02-25 12:11:00,1292.6,1292.6,1292.6,1292.6,25,3450,1433.67,1286.7,1333.1
7697,2021-02-25 12:12:00,1278.4,1278.4,1278.4,1278.4,25,3450,1431.42,1244.65,1293.2
7698,2021-02-25 12:13:00,1278.4,1278.4,1278.4,1278.4,25,3450,1431.42,1244.65,1293.2
7699,2021-02-25 12:14:00,1278.4,1278.4,1278.4,1278.4,25,3450,1431.42,1244.65,1293.2
7700,2021-02-25 12:15:00,1278.0,1278.0,1278.0,1278.0,25,3450,1429.23,1274.6,1322.75
7701,2021-02-25 12:16:00,1278.0,1278.0,1278.0,1278.0,25,3450,1429.23,1274.6,1322.75
7702,2021-02-25 12:17:00,1278.0,1278.0,1278.0,1278.0,25,3450,1429.23,1274.6,1322.75
7703,2021-02-25 12:18:00,1278.0,1278.0,1278.0,1278.0,25,3450,1429.23,1274.6,1322.75
7704,2021-02-25 12:19:00,1278.0,1278.0,1278.0,1278.0,25,3450,1429.23,1274.6,1322.75
7705,2021-02-25 12:20:00,1278.0,1278.0,1278.0,1278.0,25,3450,1429.23,1274.6,1322.75
7706,2021-02-25 12:21:00,1278.0,1278.0,1278.0,1278.0,25,3450,1429.23,1274.6,1322.75
7707,2021-02-25 12:22:00,1278.0,1278.0,1278.0,1278.0,25,3450,1429.23,1274.6,1322.75
7708,2021-02-25 12:23:00,1278.0,1278.0,1278.0,1278.0,25,3450,1429.23,1274.6,1322.75
7709,2021-02-25 12:24:00,1278.0,1278.0,1278.0,1278.0,25,3450,1429.23,1274.6,1322.75
7710,2021-02-25 12:25:00,1278.0,1278.0,1278.0,1278.0,25,3450,1429.23,1274.6,1322.75
7711,2021-02-25 12:26:00,1278.0,1278.0,1278.0,1278.0,25,3450,1429.23,1274.6,1322.75
7712,2021-02-25 12:27:00,1278.0,1278.0,1278.0,1278.0,25,3450,1429.23,1274.6,1322.75
7713,2021-02-25 12:28:00,1278.0,1278.0,1278.0,1278.0,25,3450,1429.23,1274.6,1322.75
7714,2021-02-25 12:29:00,1278.0,1278.0,1278.0,1278.0,25,3450,1429.23,1274.6,1322.75
7715,2021-02-25 12:30:00,1278.0,1278.0,1278.0,1278.0,25,3450,1429.23,1274.6,1322.75
7716,2021-02-25 12:31:00,1278.0,1278.0,1278.0,1278.0,25,3450,1429.23,1274.6,1322.75
7717,2021-02-25 12:32:00,1278.0,1278.0,1278.0,1278.0,25,3450,1429.23,1274.6,1322.75
7718,2021-02-25 12:33:00,1278.0,1278.0,1278.0,1278.0,25,3450,1429.23,1274.6,1322.75
7719,2021-02-25 12:34:00,1278.0,1278.0,1278.0,1278.0,25,3450,1429.23,1274.6,1322.75
7720,2021-02-25 12:35:00,1278.0,1278.0,1278.0,1278.0,25,3450,1429.23,1274.6,1322.75
7721,2021-02-25 12:36:00,1278.0,1278.0,1278.0,1278.0,25,3450,1429.23,1274.6,1322.75
7722,2021-02-25 12:37:00,1278.0,1278.0,1278.0,1278.0,25,3450,1429.23,1274.6,1322.75
7723,2021-02-25 12:38:00,1278.0,1278.0,1278.0,1278.0,25,3450,1429.23,1274.6,1322.75
7724,2021-02-25 12:39:00,1278.0,1278.0,1278.0,1278.0,25,3450,1429.23,1274.6,1322.75
7725,2021-02-25 12:40:00,1278.0,1278.0,1278.0,1278.0,25,3450,1429.23,1274.6,1322.75
7726,2021-02-25 12:41:00,1278.0,1278.0,1278.0,1278.0,25,3450,1429.23,1274.6,1322.75
7727,2021-02-25 12:42:00,1278.0,1278.0,1278.0,1278.0,25,3450,1429.23,1274.6,1322.75
7728,2021-02-25 12:43:00,1278.0,1278.0,1278.0,1278.0,25,3450,1429.23,1274.6,1322.75
7729,2021-02-25 12:44:00,1278.0,1278.0,1278.0,1278.0,25,3450,1429.23,1274.6,1322.75
7730,2021-02-25 12:45:00,1278.0,1278.0,1278.0,1278.0,25,3450,1429.23,1274.6,1322.75
7731,2021-02-25 12:46:00,1278.0,1278.0,1278.0,1278.0,25,3450,1429.23,1274.6,1322.75
7732,2021-02-25 12:47:00,1278.0,1278.0,1278.0,1278.0,25,3450,1429.23,1274.6,1322.75
7733,2021-02-25 12:48:00,1278.0,1278.0,1278.0,1278.0,25,3450,1429.23,1274.6,1322.75
7734,2021-02-25 12:49:00,1278.0,1278.0,1278.0,1278.0,25,3450,1429.23,1274.6,1322.75
7735,2021-02-25 12:50:00,1278.0,1278.0,1278.0,1278.0,25,3450,1429.23,1274.6,1322.75
7736,2021-02-25 12:51:00,1278.0,1278.0,1278.0,1278.0,25,3450,1429.23,1274.6,1322.75
7737,2021-02-25 12:52:00,1278.0,1278.0,1278.0,1278.0,25,3450,1429.23,1274.6,1322.75
7738,2021-02-25 12:53:00,1278.0,1278.0,1278.0,1278.0,25,3450,1429.23,1274.6,1322.75
7739,2021-02-25 12:54:00,1278.0,1278.0,1278.0,1278.0,25,3450,1429.23,1274.6,1322.75
7740,2021-02-25 12:55:00,1278.0,1278.0,1278.0,1278.0,25,3450,1429.23,1274.6,1322.75
7741,2021-02-25 12:56:00,1278.0,1278.0,1278.0,1278.0,25,3450,1429.23,1274.6,1322.75
7742,2021-02-25 12:57:00,1278.0,1278.0,1278.0,1278.0,25,3450,1429.23,1274.6,1322.75
7743,2021-02-25 12:58:00,1278.0,1278.0,1278.0,1278.0,25,3450,1429.23,1274.6,1322.75
7744,2021-02-25 12:59:00,1320.0,1320.0,1320.0,1320.0,50,3450,1426.19,1250.35,1312.15
7745,2021-02-25 13:00:00,1320.0,1320.0,1320.0,1320.0,50,3450,1426.19,1250.35,1312.15
7746,2021-02-25 13:01:00,1320.0,1320.0,1320.0,1320.0,50,3450,1426.19,1250.35,1312.15
7747,2021-02-25 13:02:00,1320.0,1320.0,1320.0,1320.0,50,3450,1426.19,1250.35,1312.15
7748,2021-02-25 13:03:00,1320.0,1320.0,1320.0,1320.0,50,3450,1426.19,1250.35,1312.15
7749,2021-02-25 13:04:00,1320.0,1320.0,1320.0,1320.0,50,3450,1426.19,1250.35,1312.15
7750,2021-02-25 13:05:00,1320.0,1320.0,1320.0,1320.0,50,3450,1426.19,1250.35,1312.15
7751,2021-02-25 13:06:00,1320.0,1320.0,1320.0,1320.0,50,3450,1426.19,1250.35,1312.15
7752,2021-02-25 13:07:00,1320.0,1320.0,1320.0,1320.0,50,3450,1426.19,1250.35,1312.15
7753,2021-02-25 13:08:00,1320.0,1320.0,1320.0,1320.0,50,3450,1426.19,1250.35,1312.15
7754,2021-02-25 13:09:00,1320.0,1320.0,1320.0,1320.0,50,3450,1426.19,1250.35,1312.15
7755,2021-02-25 13:10:00,1320.0,1320.0,1320.0,1320.0,50,3450,1426.19,1250.35,1312.15
7756,2021-02-25 13:11:00,1320.0,1320.0,1320.0,1320.0,50,3450,1426.19,1250.35,1312.15
7757,2021-02-25 13:12:00,1320.0,1320.0,1320.0,1320.0,50,3450,1426.19,1250.35,1312.15
7758,2021-02-25 13:13:00,1320.0,1320.0,1320.0,1320.0,50,3450,1426.19,1250.35,1312.15
7759,2021-02-25 13:14:00,1320.0,1320.0,1320.0,1320.0,50,3450,1426.19,1250.35,1312.15
7760,2021-02-25 13:15:00,1320.0,1320.0,1320.0,1320.0,50,3450,1426.19,1250.35,1312.15
7761,2021-02-25 13:16:00,1320.0,1320.0,1320.0,1320.0,50,3450,1426.19,1250.35,1312.15
7762,2021-02-25 13:17:00,1300.0,1300.0,1300.0,1300.0,25,0,1424.46,1271.25,1307.45
7763,2021-02-25 13:18:00,1300.0,1300.0,1300.0,1300.0,25,0,1424.46,1271.25,1307.45
7764,2021-02-25 13:19:00,1300.0,1300.0,1300.0,1300.0,25,0,1424.46,1271.25,1307.45
7765,2021-02-25 13:20:00,1300.0,1300.0,1300.0,1300.0,25,0,1424.46,1271.25,1307.45
7766,2021-02-25 13:21:00,1300.0,1300.0,1300.0,1300.0,25,0,1424.46,1271.25,1307.45
7767,2021-02-25 13:22:00,1300.0,1300.0,1300.0,1300.0,25,0,1424.46,1271.25,1307.45
7768,2021-02-25 13:23:00,1300.0,1300.0,1300.0,1300.0,25,0,1424.46,1271.25,1307.45
7769,2021-02-25 13:24:00,1300.0,1300.0,1300.0,1300.0,25,0,1424.46,1271.25,1307.45
7770,2021-02-25 13:25:00,1300.0,1300.0,1300.0,1300.0,25,0,1424.46,1271.25,1307.45
7771,2021-02-25 13:26:00,1300.0,1300.0,1300.0,1300.0,25,0,1424.46,1271.25,1307.45
7772,2021-02-25 13:27:00,1300.0,1300.0,1300.0,1300.0,25,0,1424.46,1271.25,1307.45
7773,2021-02-25 13:28:00,1300.0,1300.0,1300.0,1300.0,25,0,1424.46,1271.25,1307.45
7774,2021-02-25 13:29:00,1300.0,1300.0,1300.0,1300.0,25,0,1424.46,1271.25,1307.45
7775,2021-02-25 13:30:00,1300.0,1300.0,1300.0,1300.0,25,0,1424.46,1271.25,1307.45
7776,2021-02-25 13:31:00,1300.0,1300.0,1300.0,1300.0,25,0,1424.46,1271.25,1307.45
7777,2021-02-25 13:32:00,1300.0,1300.0,1300.0,1300.0,25,0,1424.46,1271.25,1307.45
7778,2021-02-25 13:33:00,1300.0,1300.0,1300.0,1300.0,25,0,1424.46,1271.25,1307.45
7779,2021-02-25 13:34:00,1300.0,1300.0,1300.0,1300.0,25,0,1424.46,1271.25,1307.45
7780,2021-02-25 13:35:00,1300.0,1300.0,1300.0,1300.0,25,0,1424.46,1271.25,1307.45
7781,2021-02-25 13:36:00,1300.0,1300.0,1300.0,1300.0,25,0,1424.46,1271.25,1307.45
7782,2021-02-25 13:37:00,1300.0,1300.0,1300.0,1300.0,25,0,1424.46,1271.25,1307.45
7783,2021-02-25 13:38:00,1300.0,1300.0,1300.0,1300.0,25,0,1424.46,1271.25,1307.45
7784,2021-02-25 13:39:00,1300.0,1300.0,1300.0,1300.0,25,0,1424.46,1271.25,1307.45
7785,2021-02-25 13:40:00,1300.0,1300.0,1300.0,1300.0,25,0,1424.46,1271.25,1307.45
7786,2021-02-25 13:41:00,1300.0,1300.0,1300.0,1300.0,25,0,1424.46,1271.25,1307.45
7787,2021-02-25 13:42:00,1300.0,1300.0,1300.0,1300.0,25,0,1424.46,1271.25,1307.45
7788,2021-02-25 13:43:00,1300.0,1300.0,1300.0,1300.0,25,0,1424.46,1271.25,1307.45
7789,2021-02-25 13:44:00,1300.0,1300.0,1300.0,1300.0,25,0,1424.46,1271.25,1307.45
7790,2021-02-25 13:45:00,1300.0,1300.0,1300.0,1300.0,25,0,1424.46,1271.25,1307.45
7791,2021-02-25 13:46:00,1300.0,1300.0,1300.0,1300.0,25,0,1424.46,1271.25,1307.45
7792,2021-02-25 13:47:00,1300.0,1300.0,1300.0,1300.0,25,0,1424.46,1271.25,1307.45
7793,2021-02-25 13:48:00,1300.0,1300.0,1300.0,1300.0,25,0,1424.46,1271.25,1307.45
7794,2021-02-25 13:49:00,1300.0,1300.0,1300.0,1300.0,25,0,1424.46,1271.25,1307.45
7795,2021-02-25 13:50:00,1300.0,1300.0,1300.0,1300.0,25,0,1424.46,1271.25,1307.45
7796,2021-02-25 13:51:00,1300.0,1300.0,1300.0,1300.0,25,0,1424.46,1271.25,1307.45
7797,2021-02-25 13:52:00,1300.0,1300.0,1300.0,1300.0,25,0,1424.46,1271.25,1307.45
7798,2021-02-25 13:53:00,1300.0,1300.0,1300.0,1300.0,25,0,1424.46,1271.25,1307.45
7799,2021-02-25 13:54:00,1300.0,1300.0,1300.0,1300.0,25,0,1424.46,1271.25,1307.45
7800,2021-02-25 13:55:00,1300.0,1300.0,1300.0,1300.0,25,0,1424.46,1271.25,1307.45
7801,2021-02-25 13:56:00,1300.0,1300.0,1300.0,1300.0,25,0,1424.46,1271.25,1307.45
7802,2021-02-25 13:57:00,1300.0,1300.0,1300.0,1300.0,25,0,1424.46,1271.25,1307.45
7803,2021-02-25 13:58:00,1300.0,1300.0,1300.0,1300.0,25,0,1424.46,1271.25,1307.45
7804,2021-02-25 13:59:00,1300.0,1300.0,1300.0,1300.0,25,0,1424.46,1271.25,1307.45
7805,2021-02-25 14:00:00,1300.0,1300.0,1300.0,1300.0,25,0,1424.46,1271.25,1307.45
7806,2021-02-25 14:01:00,1300.0,1300.0,1300.0,1300.0,25,0,1424.46,1271.25,1307.45
7807,2021-02-25 14:02:00,1300.0,1300.0,1300.0,1300.0,25,0,1424.46,1271.25,1307.45
7808,2021-02-25 14:03:00,1300.0,1300.0,1300.0,1300.0,25,0,1424.46,1271.25,1307.45
7809,2021-02-25 14:04:00,1300.0,1300.0,1300.0,1300.0,25,0,1424.46,1271.25,1307.45
7810,2021-02-25 14:05:00,1230.4,1230.55,1230.4,1230.55,75,3500,1416.8,1174.95,1256.2
7811,2021-02-25 14:06:00,1230.4,1230.55,1230.4,1230.55,75,3500,1416.8,1174.95,1256.2
7812,2021-02-25 14:07:00,1230.4,1230.55,1230.4,1230.55,75,3500,1416.8,1174.95,1256.2
7813,2021-02-25 14:08:00,1240.0,1240.0,1240.0,1240.0,50,3500,1412.38,1223.4,1264.45
7814,2021-02-25 14:09:00,1240.0,1240.0,1240.0,1240.0,50,3500,1412.38,1223.4,1264.45
7815,2021-02-25 14:10:00,1214.8,1214.8,1214.8,1214.8,25,3500,1409.88,1207.95,1249.6
7816,2021-02-25 14:11:00,1214.8,1214.8,1214.8,1214.8,25,3500,1409.88,1207.95,1249.6
7817,2021-02-25 14:12:00,1214.8,1214.8,1214.8,1214.8,25,3500,1407.44,1206.25,1248.7
7818,2021-02-25 14:13:00,1214.8,1214.8,1214.8,1214.8,25,3500,1407.44,1206.25,1248.7
7819,2021-02-25 14:14:00,1214.8,1214.8,1214.8,1214.8,75,3500,1400.48,1201.0,1233.05
7820,2021-02-25 14:15:00,1214.8,1214.8,1214.8,1214.8,75,3500,1400.48,1201.0,1233.05
7821,2021-02-25 14:16:00,1200.0,1200.0,1200.0,1200.0,50,3525,1395.77,1178.7,1226.9
7822,2021-02-25 14:17:00,1214.8,1214.8,1155.05,1155.05,50,3525,1390.92,1159.95,1208.1
7823,2021-02-25 14:18:00,1214.8,1214.8,1155.05,1155.05,50,3525,1390.92,1159.95,1208.1
7824,2021-02-25 14:19:00,1140.0,1140.0,1140.0,1140.0,25,3500,1388.07,1110.85,1163.4
7825,2021-02-25 14:20:00,1140.0,1140.0,1140.0,1140.0,25,3500,1388.07,1110.85,1163.4
7826,2021-02-25 14:21:00,1140.0,1140.0,1140.0,1140.0,25,3500,1388.07,1110.85,1163.4
7827,2021-02-25 14:22:00,1152.1,1152.1,1152.1,1152.1,25,3500,1385.42,1135.05,1173.5
7828,2021-02-25 14:23:00,1150.0,1150.0,1150.0,1150.0,50,0,1380.25,1126.2,1172.2
7829,2021-02-25 14:24:00,1182.8,1182.8,1182.8,1182.8,25,3500,1378.1,1146.9,1193.35
7830,2021-02-25 14:25:00,1182.8,1182.8,1182.8,1182.8,25,3500,1378.1,1146.9,1193.35
7831,2021-02-25 14:26:00,1182.8,1182.8,1182.8,1182.8,25,3500,1378.1,1146.9,1193.35
7832,2021-02-25 14:27:00,1252.65,1252.65,1252.65,1252.65,25,3500,1376.75,1215.5,1265.65
7833,2021-02-25 14:28:00,1252.65,1252.65,1252.65,1252.65,25,3500,1376.75,1215.5,1265.65
7834,2021-02-25 14:29:00,1252.65,1252.65,1252.65,1252.65,25,3500,1376.75,1215.5,1265.65
7835,2021-02-25 14:30:00,1252.65,1252.65,1252.65,1252.65,25,3500,1376.75,1215.5,1265.65
7836,2021-02-25 14:31:00,1252.65,1252.65,1252.65,1252.65,25,3500,1376.75,1215.5,1265.65
7837,2021-02-25 14:32:00,1252.65,1252.65,1252.65,1252.65,25,3500,1376.75,1215.5,1265.65
7838,2021-02-25 14:33:00,1235.7,1235.7,1235.7,1235.7,25,3500,1375.25,1250.0,1275.15
7839,2021-02-25 14:34:00,1250.0,1250.0,1250.0,1250.0,50,3500,1372.64,1213.9,1260.55
7840,2021-02-25 14:35:00,1250.0,1250.0,1250.0,1250.0,50,3500,1372.64,1213.9,1260.55
7841,2021-02-25 14:36:00,1250.0,1250.0,1250.0,1250.0,50,3500,1372.64,1213.9,1260.55
7842,2021-02-25 14:37:00,1250.0,1250.0,1250.0,1250.0,50,3500,1372.64,1213.9,1260.55
7843,2021-02-25 14:38:00,1250.0,1250.0,1250.0,1250.0,50,3500,1372.64,1213.9,1260.55
7844,2021-02-25 14:39:00,1250.0,1250.0,1250.0,1250.0,50,3500,1372.64,1213.9,1260.55
7845,2021-02-25 14:40:00,1250.0,1250.0,1250.0,1250.0,50,3500,1372.64,1213.9,1260.55
7846,2021-02-25 14:41:00,1250.0,1250.0,1250.0,1250.0,50,3500,1372.64,1213.9,1260.55
7847,2021-02-25 14:42:00,1250.0,1250.0,1250.0,1250.0,50,3500,1372.64,1213.9,1260.55
7848,2021-02-25 14:43:00,1250.0,1250.0,1250.0,1250.0,50,3500,1372.64,1213.9,1260.55
7849,2021-02-25 14:44:00,1180.0,1180.0,1180.0,1180.0,25,3500,1370.66,1175.25,1223.9
7850,2021-02-25 14:45:00,1180.0,1180.0,1180.0,1180.0,25,3500,1370.66,1175.25,1223.9
7851,2021-02-25 14:46:00,1180.0,1180.0,1180.0,1180.0,25,3500,1370.66,1175.25,1223.9
7852,2021-02-25 14:47:00,1190.0,1190.0,1190.0,1190.0,50,3500,1367.01,1166.45,1214.9
7853,2021-02-25 14:48:00,1190.0,1190.0,1190.0,1190.0,50,3500,1367.01,1166.45,1214.9
7854,2021-02-25 14:49:00,1190.0,1190.0,1190.0,1190.0,50,3500,1367.01,1166.45,1214.9
7855,2021-02-25 14:50:00,1190.0,1190.0,1190.0,1190.0,50,3500,1367.01,1166.45,1214.9
7856,2021-02-25 14:51:00,1216.4,1216.4,1216.4,1216.4,25,3500,1365.5,1193.25,1215.95
7857,2021-02-25 14:52:00,1216.4,1216.4,1216.4,1216.4,25,3500,1365.5,1193.25,1215.95
7858,2021-02-25 14:53:00,1195.1,1195.1,1195.1,1195.1,25,3500,1363.81,1192.2,1202.35
7859,2021-02-25 14:54:00,1191.0,1191.0,1191.0,1191.0,25,3500,1362.12,1190.05,1200.35
7860,2021-02-25 14:55:00,1190.0,1190.0,1190.0,1190.0,225,3500,1348.16,1184.55,1198.35
7861,2021-02-25 14:56:00,1196.5,1196.5,1196.5,1196.5,25,0,1346.81,1170.2,1188.05
7862,2021-02-25 14:57:00,1168.85,1168.85,1163.45,1163.45,75,3500,1342.07,1159.1,1174.7
7863,2021-02-25 14:58:00,1175.0,1175.0,1175.0,1175.0,25,3500,1340.63,1170.65,1183.55
7864,2021-02-25 14:59:00,1171.0,1177.85,1171.0,1177.85,75,3500,1336.49,1152.1,1175.45
7865,2021-02-25 15:00:00,1170.95,1170.95,1160.0,1160.0,150,3500,1328.37,1151.6,1173.25
7866,2021-02-25 15:01:00,1150.0,1150.0,1150.0,1150.0,25,3500,1326.95,1146.85,1159.25
7867,2021-02-25 15:02:00,1146.85,1146.85,1135.95,1135.95,50,3500,1324.05,1130.7,1154.3
7868,2021-02-25 15:03:00,1154.35,1167.2,1154.35,1167.2,200,3500,1314.28,1170.05,1178.35
7869,2021-02-25 15:04:00,1173.8,1182.75,1173.8,1182.75,50,3500,1312.3,1186.9,1195.0
7870,2021-02-25 15:05:00,1176.25,1176.25,1176.25,1176.25,25,3500,1311.33,1169.3,1177.25
7871,2021-02-25 15:06:00,1167.1,1173.1,1167.1,1173.1,200,3500,1303.77,1172.1,1179.0
7872,2021-02-25 15:07:00,1173.4,1173.4,1170.65,1170.65,75,3500,1301.14,1170.0,1177.3
7873,2021-02-25 15:08:00,1170.0,1170.0,1170.0,1170.0,25,3500,1300.28,1171.0,1177.95
7874,2021-02-25 15:09:00,1178.0,1197.45,1178.0,1197.45,50,3500,1298.8,1183.2,1191.2
7875,2021-02-25 15:10:00,1194.05,1194.05,1194.05,1194.05,25,3500,1298.12,1180.4,1185.65
7876,2021-02-25 15:11:00,1184.3,1184.3,1184.3,1184.3,25,0,1297.39,1170.9,1176.45
7877,2021-02-25 15:12:00,1184.3,1184.3,1184.3,1184.3,25,0,1297.39,1170.9,1176.45
7878,2021-02-25 15:13:00,1173.5,1173.5,1173.5,1173.5,25,3500,1296.6,1172.15,1180.4
7879,2021-02-25 15:14:00,1173.5,1173.5,1173.5,1173.5,25,3500,1296.6,1172.15,1180.4
7880,2021-02-25 15:15:00,1178.0,1178.0,1178.0,1178.0,325,3500,1287.69,1175.0,1180.3
7881,2021-02-25 15:16:00,1176.0,1180.75,1176.0,1180.75,250,3500,1281.66,1173.5,1178.25
7882,2021-02-25 15:17:00,1176.0,1180.75,1176.0,1180.75,250,3500,1281.66,1173.5,1178.25
7883,2021-02-25 15:18:00,1175.85,1175.85,1173.0,1175.15,200,3500,1277.08,1170.05,1175.35
7884,2021-02-25 15:19:00,1170.0,1170.0,1170.0,1170.0,50,3500,1275.95,1167.15,1175.0
7885,2021-02-25 15:20:00,1170.0,1170.0,1170.0,1170.0,50,3500,1275.95,1167.15,1175.0
7886,2021-02-25 15:21:00,1166.45,1166.45,1165.2,1165.2,325,3500,1268.91,1161.05,1173.5
7887,2021-02-25 15:22:00,1166.45,1166.45,1165.2,1165.2,325,3500,1268.91,1161.05,1173.5
7888,2021-02-25 15:23:00,1150.0,1150.0,1150.0,1150.0,25,3500,1268.32,1142.05,1150.6
7889,2021-02-25 15:24:00,1150.0,1150.0,1150.0,1150.0,25,3500,1267.74,1143.85,1152.9
7890,2021-02-25 15:25:00,1155.35,1160.0,1151.4,1151.4,125,3500,1265.04,1150.9,1162.45
7891,2021-02-25 15:26:00,1155.0,1158.0,1155.0,1158.0,100,3500,1263.02,1153.7,1175.0
7892,2021-02-25 15:27:00,1180.95,1188.75,1180.95,1188.75,175,3500,1260.52,1160.65,1187.75
7893,2021-02-25 15:28:00,1180.0,1189.6,1170.55,1180.0,150,3500,1258.42,1170.25,1196.95
7894,2021-02-25 15:29:00,1180.0,1189.6,1170.55,1180.0,150,3500,1258.42,1170.25,1196.95
7895,2021-02-25 15:30:00,1170.9,1176.35,1170.0,1170.0,75,3500,1257.29,1158.35,1198.0
7896,2021-02-26 09:15:00,696.6,761.4,696.6,761.4,100,5775,722.71,720.55,757.35
7897,2021-02-26 09:16:00,724.5,754.75,724.5,754.75,175,5775,732.19,726.85,749.9
7898,2021-02-26 09:17:00,749.9,770.9,730.65,730.65,250,5875,738.97,730.3,765.15
7899,2021-02-26 09:18:00,758.85,758.85,730.05,730.05,275,5875,739.48,730.0,747.95
7900,2021-02-26 09:19:00,730.0,730.0,730.0,730.0,125,5875,738.2,711.65,725.2
7901,2021-02-26 09:20:00,710.0,710.0,710.0,710.0,25,6125,737.46,701.0,726.25
7902,2021-02-26 09:21:00,734.05,770.15,734.05,769.05,375,6125,742.02,727.45,769.05
7903,2021-02-26 09:22:00,769.05,778.2,741.35,764.7,350,6125,747.81,727.45,762.5
7904,2021-02-26 09:23:00,750.0,776.15,738.95,738.95,175,6675,748.21,748.05,779.95
7905,2021-02-26 09:24:00,760.8,760.8,740.85,740.85,250,6675,748.79,740.05,756.25
7906,2021-02-26 09:25:00,740.0,771.0,740.0,771.0,225,6675,749.66,763.6,774.1
7907,2021-02-26 09:26:00,765.4,780.0,765.4,775.75,175,6950,751.47,772.5,786.65
7908,2021-02-26 09:27:00,765.4,780.0,765.4,775.75,175,6950,751.47,772.5,786.65
7909,2021-02-26 09:28:00,775.0,775.0,775.0,775.0,25,6950,751.7,769.05,783.05
7910,2021-02-26 09:29:00,787.15,787.15,767.7,767.7,150,6900,753.13,764.65,770.85
7911,2021-02-26 09:30:00,767.95,767.95,740.55,745.5,375,6900,752.42,741.55,751.35
7912,2021-02-26 09:31:00,735.0,735.0,735.0,735.0,50,6900,752.14,740.6,746.55
7913,2021-02-26 09:32:00,741.2,760.25,741.2,760.25,200,6875,751.77,743.85,754.15
7914,2021-02-26 09:33:00,741.6,741.6,740.8,740.8,50,6875,751.62,745.65,759.85
7915,2021-02-26 09:34:00,747.0,748.85,746.15,746.15,100,6875,751.48,741.65,748.45
7916,2021-02-26 09:35:00,730.0,730.0,720.0,720.0,125,6900,750.64,721.8,729.65
7917,2021-02-26 09:36:00,725.2,726.7,723.7,723.7,75,6900,750.12,725.1,733.5
7918,2021-02-26 09:37:00,723.7,732.0,723.7,732.0,200,6900,748.94,722.3,730.75
7919,2021-02-26 09:38:00,722.5,741.1,722.5,734.9,75,7000,748.64,731.35,737.0
7920,2021-02-26 09:39:00,730.2,736.55,723.2,728.75,275,7000,747.49,724.85,731.15
7921,2021-02-26 09:40:00,725.2,725.2,712.85,712.85,175,7000,746.39,710.15,721.75
7922,2021-02-26 09:41:00,710.0,735.95,705.1,735.95,200,7175,745.22,729.9,736.0
7923,2021-02-26 09:42:00,741.35,741.35,729.45,739.1,225,7175,744.76,734.1,743.6
7924,2021-02-26 09:43:00,736.0,736.45,729.3,730.0,125,7175,744.46,727.8,732.8
7925,2021-02-26 09:44:00,735.15,735.2,728.8,735.2,125,7275,744.15,737.35,747.15
7926,2021-02-26 09:45:00,728.8,737.1,728.0,737.1,200,7275,743.59,731.55,740.8
7927,2021-02-26 09:46:00,772.1,772.1,769.85,771.0,175,7275,744.44,768.7,775.95
7928,2021-02-26 09:47:00,769.05,771.45,769.05,771.35,75,7500,744.79,773.15,779.3
7929,2021-02-26 09:48:00,773.55,781.3,771.55,781.3,125,7500,745.5,778.0,781.25
7930,2021-02-26 09:49:00,781.3,781.7,772.5,781.7,125,7500,746.2,780.85,786.55
7931,2021-02-26 09:50:00,777.6,799.45,777.6,799.45,150,7550,747.34,789.85,799.2
7932,2021-02-26 09:51:00,800.0,800.0,778.75,781.35,200,7550,748.67,792.05,801.1
7933,2021-02-26 09:52:00,771.5,771.5,771.5,771.5,50,7550,748.86,766.8,776.55
7934,2021-02-26 09:53:00,765.0,765.0,765.0,765.0,50,7550,748.99,777.2,783.7
7935,2021-02-26 09:54:00,765.0,765.0,765.0,765.0,50,7550,748.99,777.2,783.7
7936,2021-02-26 09:55:00,761.6,761.6,737.1,753.1,150,7550,749.04,748.95,754.2
7937,2021-02-26 09:56:00,748.9,758.6,748.9,758.6,50,7625,749.08,748.2,754.35
7938,2021-02-26 09:57:00,740.05,740.05,740.0,740.0,50,7625,749.01,747.95,753.1
7939,2021-02-26 09:58:00,745.0,759.5,740.4,754.9,175,7625,749.05,744.85,755.0
7940,2021-02-26 09:59:00,755.0,757.5,750.55,750.55,100,7750,749.14,758.8,768.2
7941,2021-02-26 10:00:00,755.0,755.0,740.0,740.0,650,7750,749.32,735.25,743.85
7942,2021-02-26 10:01:00,745.0,745.0,745.0,745.0,25,7750,749.3,740.05,745.05
7943,2021-02-26 10:02:00,748.1,748.1,736.4,736.4,225,8200,749.02,737.1,745.0
7944,2021-02-26 10:03:00,746.15,746.15,746.15,746.15,75,8200,748.99,736.85,745.65
7945,2021-02-26 10:04:00,745.05,747.35,736.4,736.4,150,8200,748.88,732.15,737.2
7946,2021-02-26 10:05:00,730.0,743.6,730.0,743.6,100,8350,748.7,742.75,748.1
7947,2021-02-26 10:06:00,748.0,759.9,748.0,759.9,50,8350,748.73,748.45,758.3
7948,2021-02-26 10:07:00,757.45,757.45,742.1,742.1,150,8350,748.69,735.6,744.15
7949,2021-02-26 10:08:00,730.0,737.65,730.0,737.65,125,8375,748.47,733.65,738.35
7950,2021-02-26 10:09:00,737.65,737.65,729.45,730.35,100,8375,748.28,737.9,742.25
7951,2021-02-26 10:10:00,741.55,745.0,741.55,742.0,100,8375,748.21,735.85,745.4
7952,2021-02-26 10:11:00,752.75,752.75,752.75,752.75,25,8425,748.23,747.5,756.55
7953,2021-02-26 10:12:00,752.75,752.75,752.75,752.75,50,8425,748.25,742.7,751.25
7954,2021-02-26 10:13:00,752.75,752.75,752.75,752.75,50,8425,748.25,742.7,751.25
7955,2021-02-26 10:14:00,752.75,752.75,752.75,752.75,25,8425,748.26,744.2,754.8
7956,2021-02-26 10:15:00,740.0,740.0,735.45,735.45,150,8475,748.06,726.0,734.8
7957,2021-02-26 10:16:00,725.1,727.35,725.0,727.35,150,8475,747.7,725.35,735.4
7958,2021-02-26 10:17:00,727.35,727.35,692.15,692.15,375,8525,746.01,696.45,703.85
7959,2021-02-26 10:18:00,703.85,703.85,683.85,683.85,225,8525,744.76,694.7,705.6
7960,2021-02-26 10:19:00,705.6,705.6,703.5,703.5,50,8525,744.55,695.35,702.0
7961,2021-02-26 10:20:00,695.35,695.35,683.85,683.85,100,8550,743.97,682.95,695.1
7962,2021-02-26 10:21:00,680.0,686.45,675.0,686.45,225,8550,742.5,679.35,687.95
7963,2021-02-26 10:22:00,685.95,693.2,685.95,693.2,75,8550,742.1,693.1,702.9
7964,2021-02-26 10:23:00,693.65,693.65,685.6,685.6,75,8575,741.7,681.25,691.35
7965,2021-02-26 10:24:00,687.0,687.0,687.0,687.0,25,0,741.57,683.3,688.75
7966,2021-02-26 10:25:00,677.4,677.4,671.2,671.65,150,8575,740.59,661.9,668.25
7967,2021-02-26 10:26:00,643.45,643.45,643.45,643.45,100,8575,739.7,639.55,650.5
7968,2021-02-26 10:27:00,644.35,652.55,640.35,652.55,175,8575,738.15,661.75,669.95
7969,2021-02-26 10:28:00,662.95,681.35,662.95,681.35,225,8575,736.75,678.9,690.35
7970,2021-02-26 10:29:00,662.95,681.35,662.95,681.35,225,8575,736.75,678.9,690.35
7971,2021-02-26 10:30:00,662.95,681.35,662.95,681.35,225,8575,736.75,678.9,690.35
7972,2021-02-26 10:31:00,673.25,677.1,670.4,670.4,175,8650,735.72,670.65,679.8
7973,2021-02-26 10:32:00,679.05,683.65,679.05,683.65,50,8975,735.47,678.75,688.8
7974,2021-02-26 10:33:00,688.75,701.55,688.75,701.55,50,8975,735.28,690.8,712.5
7975,2021-02-26 10:34:00,696.5,699.95,696.5,699.95,50,8975,735.12,678.1,691.5
7976,2021-02-26 10:35:00,670.65,685.25,670.65,685.25,150,8975,734.35,685.05,699.95
7977,2021-02-26 10:36:00,670.65,685.25,670.65,685.25,150,8975,734.35,685.05,699.95
7978,2021-02-26 10:37:00,691.85,691.85,687.1,690.45,100,8875,733.96,683.05,689.7
7979,2021-02-26 10:38:00,683.0,686.55,683.0,683.2,100,8875,733.53,673.65,686.7
7980,2021-02-26 10:39:00,684.3,684.3,684.3,684.3,50,8875,733.33,686.0,696.3
7981,2021-02-26 10:40:00,682.7,682.7,682.7,682.7,25,8875,733.22,679.9,685.9
7982,2021-02-26 10:41:00,682.15,682.15,682.15,682.15,25,8875,733.11,681.25,687.5
7983,2021-02-26 10:42:00,682.35,693.2,682.35,693.2,150,8950,732.54,679.65,686.9
7984,2021-02-26 10:43:00,682.35,693.2,682.35,693.2,150,8950,732.54,679.65,686.9
7985,2021-02-26 10:44:00,682.35,693.2,682.35,693.2,150,8950,732.54,679.65,686.9
7986,2021-02-26 10:45:00,692.95,692.95,692.95,692.95,175,8975,731.94,694.55,707.5
7987,2021-02-26 10:46:00,680.0,680.0,680.0,680.0,50,8975,731.72,678.75,684.7
7988,2021-02-26 10:47:00,684.7,684.7,677.85,677.85,175,9025,730.97,677.5,687.95
7989,2021-02-26 10:48:00,688.65,688.65,688.65,688.65,25,9025,730.88,680.05,685.85
7990,2021-02-26 10:49:00,688.65,688.65,688.65,688.65,25,9025,730.88,680.05,685.85
7991,2021-02-26 10:50:00,709.5,709.5,709.5,709.5,100,9025,730.7,702.05,711.3
7992,2021-02-26 10:51:00,708.75,708.75,697.7,697.7,50,8850,730.59,694.7,702.05
7993,2021-02-26 10:52:00,697.4,697.4,697.4,697.4,25,8850,730.52,701.3,706.5
7994,2021-02-26 10:53:00,701.6,701.6,701.6,701.6,25,8850,730.46,704.35,712.05
7995,2021-02-26 10:54:00,701.6,701.6,701.6,701.6,25,8850,730.46,704.35,712.05
7996,2021-02-26 10:55:00,700.55,700.55,700.55,700.55,25,8900,730.4,699.4,708.95
7997,2021-02-26 10:56:00,700.55,700.55,700.55,700.55,25,8900,730.4,699.4,708.95
7998,2021-02-26 10:57:00,692.05,692.05,692.05,692.05,25,8800,730.32,685.1,688.9
7999,2021-02-26 10:58:00,685.1,685.1,685.1,685.1,25,8800,730.23,684.1,689.6
8000,2021-02-26 10:59:00,680.8,680.8,680.8,680.8,25,8825,730.13,672.2,680.75
8001,2021-02-26 11:00:00,672.2,672.2,668.15,668.15,75,8825,729.76,673.85,679.35
8002,2021-02-26 11:01:00,653.2,653.2,653.2,653.2,25,8825,729.61,658.1,664.75
8003,2021-02-26 11:02:00,667.25,667.25,664.2,665.85,150,8825,728.84,662.8,668.5
8004,2021-02-26 11:03:00,665.15,665.15,654.65,654.65,225,8825,727.64,656.15,664.95
8005,2021-02-26 11:04:00,661.05,661.05,661.05,661.05,25,8825,727.51,657.15,663.4
8006,2021-02-26 11:05:00,661.45,661.45,651.0,651.0,125,8850,726.8,642.4,651.6
8007,2021-02-26 11:06:00,649.5,649.5,645.0,645.0,75,8850,726.35,657.1,662.45
8008,2021-02-26 11:07:00,665.0,669.95,665.0,669.95,75,8850,726.01,666.15,672.35
8009,2021-02-26 11:08:00,670.0,670.0,670.0,670.0,125,8775,725.48,670.05,675.8
8010,2021-02-26 11:09:00,670.0,670.0,670.0,670.0,125,8775,725.48,670.05,675.8
8011,2021-02-26 11:10:00,658.6,658.6,653.7,653.7,75,8775,725.09,654.8,662.7
8012,2021-02-26 11:11:00,663.9,674.9,663.9,674.9,100,8775,724.67,674.7,685.1
8013,2021-02-26 11:12:00,663.9,674.9,663.9,674.9,100,8775,724.67,674.7,685.1
8014,2021-02-26 11:13:00,680.0,680.0,678.85,678.85,175,8750,724.09,678.5,684.05
8015,2021-02-26 11:14:00,685.9,685.9,685.9,685.9,25,8750,724.02,686.85,695.45
8016,2021-02-26 11:15:00,670.05,670.05,670.05,670.05,25,8625,723.92,658.95,670.55
8017,2021-02-26 11:16:00,666.5,666.5,666.5,666.5,25,8625,723.82,664.2,671.0
8018,2021-02-26 11:17:00,666.5,666.5,666.5,666.5,25,8625,723.82,664.2,671.0
8019,2021-02-26 11:18:00,668.25,668.25,668.25,668.25,25,8600,723.72,663.45,668.35
8020,2021-02-26 11:19:00,663.25,663.25,650.55,659.8,225,8600,722.64,655.3,663.55
8021,2021-02-26 11:20:00,656.95,656.95,656.95,656.95,50,8600,722.41,655.55,665.5
8022,2021-02-26 11:21:00,663.5,663.5,661.5,661.5,50,8675,722.19,654.6,665.75
8023,2021-02-26 11:22:00,663.5,663.5,661.5,661.5,50,8675,722.19,654.6,665.75
8024,2021-02-26 11:23:00,663.6,663.6,662.35,662.35,50,8675,721.98,665.6,674.25
8025,2021-02-26 11:24:00,671.4,671.4,667.2,667.2,175,8625,721.34,667.2,671.3
8026,2021-02-26 11:25:00,667.05,667.05,660.6,660.6,200,8625,720.58,658.45,668.6
8027,2021-02-26 11:26:00,667.05,667.05,660.6,660.6,200,8625,720.58,658.45,668.6
8028,2021-02-26 11:27:00,662.45,662.45,662.45,662.45,25,8600,720.48,660.75,670.5
8029,2021-02-26 11:28:00,672.05,672.05,662.4,662.4,175,8600,719.82,657.2,674.9
8030,2021-02-26 11:29:00,668.6,673.55,668.6,669.45,575,8600,717.88,665.8,677.95
8031,2021-02-26 11:30:00,648.8,648.8,648.8,648.8,125,8625,717.33,636.05,651.55
8032,2021-02-26 11:31:00,647.05,647.05,646.2,646.2,50,8625,717.1,652.45,657.85
8033,2021-02-26 11:32:00,652.9,652.9,630.2,630.2,75,8625,716.73,626.45,639.2
8034,2021-02-26 11:33:00,652.9,652.9,630.2,630.2,75,8625,716.73,626.45,639.2
8035,2021-02-26 11:34:00,652.9,652.9,630.2,630.2,75,8625,716.73,626.45,639.2
8036,2021-02-26 11:35:00,614.25,624.9,614.25,623.3,200,8625,715.57,618.05,629.85
8037,2021-02-26 11:36:00,614.25,624.9,614.25,623.3,200,8625,715.57,618.05,629.85
8038,2021-02-26 11:37:00,639.35,639.35,639.35,639.35,25,8675,715.44,633.65,644.25
8039,2021-02-26 11:38:00,642.6,643.15,642.6,643.15,50,8675,715.21,630.05,635.0
8040,2021-02-26 11:39:00,647.7,647.7,647.7,647.7,50,8675,715.01,639.8,649.8
8041,2021-02-26 11:40:00,647.7,647.7,647.7,647.7,50,8675,715.01,639.8,649.8
8042,2021-02-26 11:41:00,646.7,646.7,646.7,646.7,25,8675,714.9,645.4,652.6
8043,2021-02-26 11:42:00,646.7,646.7,646.7,646.7,25,8675,714.9,645.4,652.6
8044,2021-02-26 11:43:00,640.2,649.75,640.2,647.9,75,8675,714.57,645.4,652.3
8045,2021-02-26 11:44:00,646.1,646.1,646.1,646.1,25,8675,714.47,642.2,650.75
8046,2021-02-26 11:45:00,648.1,648.1,648.1,648.1,25,8725,714.36,631.2,644.35
8047,2021-02-26 11:46:00,648.1,648.1,648.1,648.1,25,8725,714.36,631.2,644.35
8048,2021-02-26 11:47:00,648.1,648.1,648.1,648.1,25,8725,714.36,631.2,644.35
8049,2021-02-26 11:48:00,648.1,648.1,648.1,648.1,25,8725,714.36,631.2,644.35
8050,2021-02-26 11:49:00,648.1,648.1,648.1,648.1,25,8725,714.36,631.2,644.35
8051,2021-02-26 11:50:00,639.5,639.5,635.0,635.0,75,8750,714.0,629.8,645.05
8052,2021-02-26 11:51:00,639.5,639.5,635.0,635.0,75,8750,714.0,629.8,645.05
8053,2021-02-26 11:52:00,641.35,642.75,641.35,642.75,150,8825,713.33,643.65,650.15
8054,2021-02-26 11:53:00,641.35,642.75,641.35,642.75,150,8825,713.33,643.65,650.15
8055,2021-02-26 11:54:00,676.95,682.05,671.2,671.2,175,8850,712.93,671.05,688.6
8056,2021-02-26 11:55:00,674.65,691.55,674.65,677.5,425,8850,711.97,671.65,682.4
8057,2021-02-26 11:56:00,682.8,682.8,656.2,659.3,275,8850,711.23,656.4,671.9
8058,2021-02-26 11:57:00,651.8,655.35,645.25,645.25,1925,8925,704.66,645.25,655.25
8059,2021-02-26 11:58:00,647.25,656.95,639.05,639.05,400,8925,703.51,639.85,653.1
8060,2021-02-26 11:59:00,642.9,643.1,642.9,643.1,200,8925,702.88,644.15,651.6
8061,2021-02-26 12:00:00,646.2,646.2,635.65,635.65,100,9025,702.55,634.85,639.35
8062,2021-02-26 12:01:00,639.45,639.6,637.45,637.45,125,9025,702.16,631.7,644.35
8063,2021-02-26 12:02:00,633.25,633.25,628.85,631.8,475,9025,700.48,634.2,647.2
8064,2021-02-26 12:03:00,633.25,633.25,628.85,631.8,475,9025,700.48,634.2,647.2
8065,2021-02-26 12:04:00,617.5,625.25,617.5,625.25,75,9050,700.2,621.75,631.45
8066,2021-02-26 12:05:00,625.9,633.7,625.9,633.7,50,9050,700.03,633.85,639.2
8067,2021-02-26 12:06:00,632.0,633.7,623.1,623.1,125,8975,699.6,618.2,628.05
8068,2021-02-26 12:07:00,622.8,622.8,622.8,622.8,25,8975,699.51,632.55,638.65
8069,2021-02-26 12:08:00,642.55,642.55,627.9,627.9,50,8975,699.35,626.25,633.8
8070,2021-02-26 12:09:00,638.9,638.9,638.9,638.9,25,9000,699.28,631.05,643.35
8071,2021-02-26 12:10:00,638.0,638.0,638.0,638.0,100,9000,698.98,629.25,639.35
8072,2021-02-26 12:11:00,638.0,638.0,638.0,638.0,100,9000,698.98,629.25,639.35
8073,2021-02-26 12:12:00,639.5,640.7,639.5,640.7,75,9000,698.77,636.9,643.95
8074,2021-02-26 12:13:00,645.75,645.75,645.75,645.75,25,9000,698.71,639.65,644.85
8075,2021-02-26 12:14:00,645.75,645.75,645.75,645.75,25,9000,698.71,639.65,644.85
8076,2021-02-26 12:15:00,628.9,628.9,621.0,621.0,50,9050,698.53,610.9,618.8
8077,2021-02-26 12:16:00,612.6,616.0,610.0,616.0,150,9050,697.92,616.6,623.45
8078,2021-02-26 12:17:00,616.55,616.55,616.55,616.55,25,9050,697.83,616.6,624.75
8079,2021-02-26 12:18:00,631.35,631.35,631.35,631.35,50,9050,697.67,627.3,637.8
8080,2021-02-26 12:19:00,632.4,632.4,632.4,632.4,25,9050,697.59,633.7,643.35
8081,2021-02-26 12:20:00,644.05,644.05,644.05,644.05,25,9050,697.53,632.95,647.0
8082,2021-02-26 12:21:00,630.9,630.9,630.9,630.9,25,9025,697.45,627.95,640.0
8083,2021-02-26 12:22:00,630.9,630.9,630.9,630.9,25,9025,697.45,627.95,640.0
8084,2021-02-26 12:23:00,630.9,630.9,630.9,630.9,25,9025,697.45,627.95,640.0
8085,2021-02-26 12:24:00,630.9,630.9,630.9,630.9,25,9025,697.45,627.95,640.0
8086,2021-02-26 12:25:00,630.9,630.9,630.9,630.9,25,9025,697.45,627.95,640.0
8087,2021-02-26 12:26:00,630.9,630.9,630.9,630.9,25,9025,697.45,627.95,640.0
8088,2021-02-26 12:27:00,643.6,643.6,643.6,643.6,25,9175,697.39,635.65,648.65
8089,2021-02-26 12:28:00,644.6,644.6,644.6,644.6,75,9175,697.2,646.05,652.15
8090,2021-02-26 12:29:00,641.35,641.35,641.35,641.35,25,9175,697.13,635.95,647.95
8091,2021-02-26 12:30:00,631.2,636.5,631.2,636.5,50,9175,696.98,636.65,641.75
8092,2021-02-26 12:31:00,643.05,643.05,643.05,643.05,25,9175,696.92,632.15,644.0
8093,2021-02-26 12:32:00,633.9,633.9,633.9,633.9,125,9175,696.55,624.65,638.1
8094,2021-02-26 12:33:00,633.9,633.9,633.9,633.9,125,9175,696.55,624.65,638.1
8095,2021-02-26 12:34:00,633.9,633.9,633.9,633.9,125,9175,696.55,624.65,638.1
8096,2021-02-26 12:35:00,633.9,633.9,633.9,633.9,125,9175,696.55,624.65,638.1
8097,2021-02-26 12:36:00,633.0,633.0,633.0,633.0,25,9200,696.48,622.85,638.1
8098,2021-02-26 12:37:00,633.0,633.0,633.0,633.0,25,9200,696.48,622.85,638.1
8099,2021-02-26 12:38:00,633.0,633.0,633.0,633.0,25,9200,696.48,622.85,638.1
8100,2021-02-26 12:39:00,633.0,633.0,633.0,633.0,25,9200,696.48,622.85,638.1
8101,2021-02-26 12:40:00,616.5,616.5,616.5,616.5,125,9675,696.03,617.6,628.85
8102,2021-02-26 12:41:00,607.45,607.45,597.45,600.0,75,9675,695.7,596.2,606.95
8103,2021-02-26 12:42:00,607.25,607.25,607.25,607.25,25,9700,695.6,609.2,621.5
8104,2021-02-26 12:43:00,621.45,621.45,619.15,619.15,50,9700,695.43,618.4,624.05
8105,2021-02-26 12:44:00,619.95,619.95,619.95,619.95,25,9700,695.34,617.2,623.15
8106,2021-02-26 12:45:00,619.95,619.95,619.95,619.95,25,9700,695.34,617.2,623.15
8107,2021-02-26 12:46:00,618.25,619.1,618.25,619.1,50,9750,695.16,612.45,624.25
8108,2021-02-26 12:47:00,624.8,624.8,623.25,623.25,50,9750,695.0,619.7,626.45
8109,2021-02-26 12:48:00,625.05,629.1,625.05,629.1,75,9750,694.77,620.0,628.95
8110,2021-02-26 12:49:00,614.55,614.55,614.55,614.55,25,9750,694.68,616.45,633.05
8111,2021-02-26 12:50:00,628.55,628.55,623.8,623.8,50,9750,694.52,619.15,630.1
8112,2021-02-26 12:51:00,628.55,628.55,623.8,623.8,50,9750,694.52,619.15,630.1
8113,2021-02-26 12:52:00,628.55,628.55,623.8,623.8,50,9750,694.52,619.15,630.1
8114,2021-02-26 12:53:00,633.5,633.5,633.5,633.5,25,9725,694.45,625.4,634.05
8115,2021-02-26 12:54:00,633.5,633.5,633.5,633.5,25,9725,694.45,625.4,634.05
8116,2021-02-26 12:55:00,641.85,641.85,641.85,641.85,25,9775,694.39,636.2,648.15
8117,2021-02-26 12:56:00,641.85,641.85,641.85,641.85,25,9775,694.39,636.2,648.15
8118,2021-02-26 12:57:00,645.95,645.95,641.0,641.0,50,9750,694.28,644.1,653.6
8119,2021-02-26 12:58:00,646.55,656.65,646.55,656.65,50,9750,694.18,651.35,671.3
8120,2021-02-26 12:59:00,654.5,654.5,654.5,654.5,50,9750,694.09,649.5,664.6
8121,2021-02-26 13:00:00,666.05,666.05,658.9,658.9,75,9750,693.99,640.3,657.65
8122,2021-02-26 13:01:00,666.05,666.05,658.9,658.9,75,9750,693.99,640.3,657.65
8123,2021-02-26 13:02:00,666.05,666.05,658.9,658.9,75,9750,693.99,640.3,657.65
8124,2021-02-26 13:03:00,646.4,646.4,646.4,646.4,50,0,693.88,634.5,647.9
8125,2021-02-26 13:04:00,646.4,646.4,646.4,646.4,50,0,693.88,634.5,647.9
8126,2021-02-26 13:05:00,646.7,646.7,630.05,630.05,50,9750,693.76,629.5,639.7
8127,2021-02-26 13:06:00,646.7,646.7,630.05,630.05,50,9750,693.76,629.5,639.7
8128,2021-02-26 13:07:00,646.7,646.7,630.05,630.05,50,9750,693.76,629.5,639.7
8129,2021-02-26 13:08:00,635.5,635.5,635.5,635.5,25,9750,693.7,630.0,640.35
8130,2021-02-26 13:09:00,635.5,635.5,635.5,635.5,25,9750,693.7,630.0,640.35
8131,2021-02-26 13:10:00,643.0,643.0,643.0,643.0,25,9775,693.64,635.6,646.1
8132,2021-02-26 13:11:00,646.15,646.15,646.15,646.15,25,9775,693.59,634.05,646.5
8133,2021-02-26 13:12:00,636.35,636.35,625.8,625.8,75,9775,693.39,617.15,630.15
8134,2021-02-26 13:13:00,636.35,636.35,625.8,625.8,75,9775,693.39,617.15,630.15
8135,2021-02-26 13:14:00,624.25,624.25,624.25,624.25,25,9775,693.31,622.25,630.9
8136,2021-02-26 13:15:00,624.25,624.25,624.25,624.25,25,9775,693.31,622.25,630.9
8137,2021-02-26 13:16:00,624.25,624.25,624.25,624.25,25,9775,693.31,622.25,630.9
8138,2021-02-26 13:17:00,624.25,624.25,624.25,624.25,25,9775,693.31,622.25,630.9
8139,2021-02-26 13:18:00,624.25,624.25,624.25,624.25,25,9775,693.31,622.25,630.9
8140,2021-02-26 13:19:00,623.25,623.25,620.4,620.4,50,9925,693.16,618.65,623.75
8141,2021-02-26 13:20:00,620.35,620.35,616.75,616.75,100,9925,692.83,610.0,620.45
8142,2021-02-26 13:21:00,620.35,620.35,616.75,616.75,100,9925,692.83,610.0,620.45
8143,2021-02-26 13:22:00,620.35,620.35,616.75,616.75,100,9925,692.83,610.0,620.45
8144,2021-02-26 13:23:00,620.35,620.35,616.75,616.75,100,9925,692.83,610.0,620.45
8145,2021-02-26 13:24:00,620.35,620.35,616.75,616.75,100,9925,692.83,610.0,620.45
8146,2021-02-26 13:25:00,650.45,650.5,643.35,643.35,75,9400,692.68,637.15,645.7
8147,2021-02-26 13:26:00,648.1,648.1,648.1,648.1,25,9400,692.63,639.6,652.7
8148,2021-02-26 13:27:00,649.1,649.1,649.1,649.1,25,9325,692.58,645.55,650.45
8149,2021-02-26 13:28:00,643.45,643.45,643.45,643.45,25,9325,692.53,631.75,646.1
8150,2021-02-26 13:29:00,643.45,643.45,643.45,643.45,25,9325,692.53,631.75,646.1
8151,2021-02-26 13:30:00,644.4,644.7,644.4,644.7,50,9250,692.43,638.75,651.6
8152,2021-02-26 13:31:00,644.4,644.7,644.4,644.7,50,9250,692.43,638.75,651.6
8153,2021-02-26 13:32:00,631.95,631.95,631.95,631.95,25,9250,692.36,625.3,634.65
8154,2021-02-26 13:33:00,631.95,631.95,631.95,631.95,25,9250,692.36,625.3,634.65
8155,2021-02-26 13:34:00,631.95,631.95,631.95,631.95,25,9250,692.36,625.3,634.65
8156,2021-02-26 13:35:00,629.55,629.55,629.55,629.55,25,9225,692.29,621.05,631.5
8157,2021-02-26 13:36:00,633.95,633.95,633.95,633.95,50,9225,692.16,634.9,646.35
8158,2021-02-26 13:37:00,633.95,633.95,633.95,633.95,50,9225,692.16,634.9,646.35
8159,2021-02-26 13:38:00,644.5,644.5,644.5,644.5,25,0,692.11,639.15,656.9
8160,2021-02-26 13:39:00,653.2,653.2,653.2,653.2,25,9150,692.07,645.55,658.9
8161,2021-02-26 13:40:00,658.45,658.45,651.15,651.15,50,9150,691.99,648.2,660.5
8162,2021-02-26 13:41:00,648.2,648.2,648.2,648.2,25,9150,691.94,641.85,652.3
8163,2021-02-26 13:42:00,648.2,648.2,648.2,648.2,25,9150,691.94,641.85,652.3
8164,2021-02-26 13:43:00,657.85,657.85,657.85,657.85,25,9125,691.9,658.7,663.05
8165,2021-02-26 13:44:00,648.65,655.1,648.65,655.1,50,9125,691.82,649.25,655.3
8166,2021-02-26 13:45:00,649.6,649.6,635.85,635.85,50,9075,691.71,632.4,645.55
8167,2021-02-26 13:46:00,648.25,648.25,641.9,641.9,50,9075,691.61,637.1,645.1
8168,2021-02-26 13:47:00,640.6,640.6,640.6,640.6,25,9075,691.56,634.25,645.35
8169,2021-02-26 13:48:00,642.75,642.75,642.75,642.75,50,9075,691.46,650.85,664.1
8170,2021-02-26 13:49:00,668.55,668.55,668.55,668.55,25,9075,691.43,664.65,688.45
8171,2021-02-26 13:50:00,673.35,673.35,673.35,673.35,25,9075,691.42,669.2,676.65
8172,2021-02-26 13:51:00,673.35,673.35,673.35,673.35,25,9075,691.42,669.2,676.65
8173,2021-02-26 13:52:00,675.75,675.75,675.75,675.75,25,9075,691.4,671.85,686.6
8174,2021-02-26 13:53:00,678.2,678.2,678.2,678.2,25,9075,691.38,673.4,682.55
8175,2021-02-26 13:54:00,664.7,664.7,664.7,664.7,50,9100,691.33,652.3,676.25
8176,2021-02-26 13:55:00,674.05,674.05,674.05,674.05,25,9100,691.31,683.0,693.0
8177,2021-02-26 13:56:00,689.25,689.25,689.25,689.25,25,9100,691.31,674.75,687.7
8178,2021-02-26 13:57:00,689.25,689.25,689.25,689.25,25,9100,691.31,674.75,687.7
8179,2021-02-26 13:58:00,689.25,689.25,689.25,689.25,25,9100,691.31,674.75,687.7
8180,2021-02-26 13:59:00,687.05,687.05,687.05,687.05,25,9025,691.3,664.95,688.35
8181,2021-02-26 14:00:00,676.15,676.15,662.8,662.8,75,9025,691.23,662.95,675.15
8182,2021-02-26 14:01:00,663.85,664.15,663.85,664.15,50,9025,691.17,657.0,670.9
8183,2021-02-26 14:02:00,663.85,664.15,663.85,664.15,50,9025,691.17,657.0,670.9
8184,2021-02-26 14:03:00,671.7,671.7,657.05,657.05,75,9025,691.09,668.2,681.65
8185,2021-02-26 14:04:00,671.7,671.7,657.05,657.05,75,9025,691.09,668.2,681.65
8186,2021-02-26 14:05:00,671.7,671.7,657.05,657.05,75,9025,691.09,668.2,681.65
8187,2021-02-26 14:06:00,696.9,696.9,696.9,696.9,25,9025,691.1,690.3,695.7
8188,2021-02-26 14:07:00,693.15,693.15,693.15,693.15,25,9025,691.1,686.6,697.6
8189,2021-02-26 14:08:00,697.6,697.6,697.6,697.6,25,9025,691.11,687.1,689.55
8190,2021-02-26 14:09:00,697.6,697.6,697.6,697.6,25,9025,691.11,687.1,689.55
8191,2021-02-26 14:10:00,679.35,683.45,679.35,683.45,50,8650,691.09,679.3,696.25
8192,2021-02-26 14:11:00,686.3,686.95,683.85,683.85,200,8650,691.04,676.0,684.75
8193,2021-02-26 14:12:00,676.0,676.0,676.0,676.0,25,8650,691.02,664.15,682.55
8194,2021-02-26 14:13:00,683.45,683.45,683.45,683.45,25,8700,691.02,673.5,686.2
8195,2021-02-26 14:14:00,680.7,680.7,680.7,680.7,25,8700,691.01,675.3,688.25
8196,2021-02-26 14:15:00,705.25,705.25,705.25,705.25,75,8700,691.02,692.0,705.7
8197,2021-02-26 14:16:00,689.25,689.25,689.25,689.25,25,8625,691.02,681.3,694.55
8198,2021-02-26 14:17:00,689.25,689.25,689.25,689.25,25,8625,691.02,681.3,694.55
8199,2021-02-26 14:18:00,681.2,681.2,681.2,681.2,50,0,691.0,670.65,675.55
8200,2021-02-26 14:19:00,675.7,675.7,675.7,675.7,25,8625,690.98,664.2,680.8
8201,2021-02-26 14:20:00,648.25,648.25,648.25,648.25,25,8625,690.94,644.35,652.8
8202,2021-02-26 14:21:00,671.1,671.1,671.1,671.1,25,8625,690.92,667.95,672.45
8203,2021-02-26 14:22:00,671.1,671.1,671.1,671.1,25,8625,690.92,667.95,672.45
8204,2021-02-26 14:23:00,671.1,671.1,671.1,671.1,25,8625,690.92,667.95,672.45
8205,2021-02-26 14:24:00,679.5,680.0,679.5,680.0,100,8625,690.87,672.05,683.65
8206,2021-02-26 14:25:00,678.6,678.6,678.6,678.6,25,8625,690.86,672.5,682.9
8207,2021-02-26 14:26:00,678.05,678.05,676.8,676.8,75,8625,690.82,675.0,690.05
8208,2021-02-26 14:27:00,693.65,693.65,693.65,693.65,75,8625,690.84,690.9,700.7
8209,2021-02-26 14:28:00,690.3,690.3,690.3,690.3,25,8625,690.84,685.9,694.55
8210,2021-02-26 14:29:00,685.9,685.9,685.9,685.9,25,8625,690.83,685.1,697.55
8211,2021-02-26 14:30:00,685.75,685.75,685.75,685.75,25,8625,690.83,676.3,685.8
8212,2021-02-26 14:31:00,685.75,685.75,685.75,685.75,25,8625,690.83,676.3,685.8
8213,2021-02-26 14:32:00,669.0,669.0,669.0,669.0,25,8575,690.81,653.9,669.75
8214,2021-02-26 14:33:00,669.0,669.0,669.0,669.0,25,8575,690.81,653.9,669.75
8215,2021-02-26 14:34:00,653.9,659.3,653.9,659.3,75,8650,690.71,652.15,668.4
8216,2021-02-26 14:35:00,653.9,659.3,653.9,659.3,75,8650,690.71,652.15,668.4
8217,2021-02-26 14:36:00,653.9,659.3,653.9,659.3,75,8650,690.71,652.15,668.4
8218,2021-02-26 14:37:00,681.05,681.05,681.05,681.05,25,8650,690.7,669.05,689.55
8219,2021-02-26 14:38:00,677.5,677.5,677.5,677.5,50,8650,690.67,672.05,685.7
8220,2021-02-26 14:39:00,677.5,677.5,677.5,677.5,50,8650,690.67,672.05,685.7
8221,2021-02-26 14:40:00,677.5,677.5,677.5,677.5,50,8650,690.67,672.05,685.7
8222,2021-02-26 14:41:00,687.8,687.8,677.7,677.7,75,8650,690.65,677.85,693.5
8223,2021-02-26 14:42:00,695.5,704.65,695.5,697.35,175,8650,690.7,686.25,697.4
8224,2021-02-26 14:43:00,699.95,699.95,699.95,699.95,25,8650,690.71,683.55,695.45
8225,2021-02-26 14:44:00,685.9,685.9,683.75,683.75,50,8650,690.7,678.3,689.45
8226,2021-02-26 14:45:00,685.9,685.9,683.75,683.75,50,8650,690.7,678.3,689.45
8227,2021-02-26 14:46:00,685.9,685.9,683.75,683.75,50,8650,690.7,678.3,689.45
8228,2021-02-26 14:47:00,696.8,696.8,696.8,696.8,25,8650,690.7,695.15,699.65
8229,2021-02-26 14:48:00,695.2,698.1,688.3,688.3,200,8675,690.7,687.7,695.45
8230,2021-02-26 14:49:00,689.65,689.65,688.95,688.95,50,8675,690.7,688.05,695.8
8231,2021-02-26 14:50:00,688.0,688.0,673.15,673.15,100,8675,690.67,669.7,679.0
8232,2021-02-26 14:51:00,688.0,688.0,673.15,673.15,100,8675,690.67,669.7,679.0
8233,2021-02-26 14:52:00,675.4,676.2,669.7,669.7,100,8675,690.61,664.25,674.45
8234,2021-02-26 14:53:00,675.4,676.2,669.7,669.7,100,8675,690.61,664.25,674.45
8235,2021-02-26 14:54:00,677.35,677.35,677.35,677.35,25,8675,690.6,675.0,681.25
8236,2021-02-26 14:55:00,676.7,679.65,676.7,679.65,100,8675,690.55,674.0,687.75
8237,2021-02-26 14:56:00,676.7,679.65,676.7,679.65,100,8675,690.55,674.0,687.75
8238,2021-02-26 14:57:00,668.75,670.7,668.75,670.7,50,8675,690.51,655.85,664.75
8239,2021-02-26 14:58:00,666.9,666.9,666.9,666.9,25,8675,690.49,662.5,675.55
8240,2021-02-26 14:59:00,667.5,667.5,657.95,657.95,50,8675,690.44,654.5,666.0
8241,2021-02-26 15:00:00,646.05,646.05,620.85,620.85,125,8675,690.17,618.05,625.5
8242,2021-02-26 15:01:00,619.05,647.5,619.05,619.15,200,8675,689.71,608.35,615.45
8243,2021-02-26 15:02:00,608.35,608.35,596.75,604.05,250,8675,688.9,596.9,606.05
8244,2021-02-26 15:03:00,607.95,616.5,604.4,616.5,125,8675,688.52,608.25,623.1
8245,2021-02-26 15:04:00,615.1,615.1,608.95,608.95,50,8675,688.38,596.65,613.25
8246,2021-02-26 15:05:00,611.75,611.75,611.75,611.75,75,8675,688.17,607.75,627.4
8247,2021-02-26 15:06:00,621.6,621.6,621.6,621.6,50,8675,688.04,616.1,624.55
8248,2021-02-26 15:07:00,610.8,610.8,605.95,605.95,75,8650,687.82,600.05,606.05
8249,2021-02-26 15:08:00,613.6,613.6,613.6,613.6,75,8650,687.61,608.25,613.85
8250,2021-02-26 15:09:00,614.05,614.05,608.6,608.6,175,8650,687.12,600.85,609.95
8251,2021-02-26 15:10:00,597.35,597.35,597.35,597.35,50,8650,686.96,585.8,599.25
8252,2021-02-26 15:11:00,595.65,595.65,595.65,595.65,25,8650,686.88,589.25,600.95
8253,2021-02-26 15:12:00,604.0,604.0,604.0,604.0,50,8650,686.73,591.8,602.55
8254,2021-02-26 15:13:00,604.0,604.0,604.0,604.0,50,8650,686.73,591.8,602.55
8255,2021-02-26 15:14:00,604.0,604.0,604.0,604.0,50,8650,686.73,591.8,602.55
8256,2021-02-26 15:15:00,604.0,604.0,604.0,604.0,50,8650,686.73,591.8,602.55
8257,2021-02-26 15:16:00,588.95,588.95,582.4,582.4,75,8525,686.45,575.25,582.55
8258,2021-02-26 15:17:00,582.7,582.7,582.35,582.7,400,8525,684.96,572.3,579.1
8259,2021-02-26 15:18:00,572.35,572.35,569.5,571.35,175,8525,684.25,562.5,571.1
8260,2021-02-26 15:19:00,573.4,573.4,573.4,573.4,25,8425,684.16,573.65,580.0
8261,2021-02-26 15:20:00,568.9,577.4,568.9,577.4,100,8425,683.76,564.15,576.4
8262,2021-02-26 15:21:00,570.95,570.95,564.2,566.4,125,8425,683.25,564.15,570.25
8263,2021-02-26 15:22:00,564.55,564.55,563.55,563.55,50,8350,683.04,553.2,564.9
8264,2021-02-26 15:23:00,558.3,559.2,549.95,557.7,225,8350,682.04,551.6,561.95
8265,2021-02-26 15:24:00,562.0,562.0,562.0,562.0,75,8350,681.73,563.5,577.75
8266,2021-02-26 15:25:00,567.6,567.6,567.6,567.6,50,8325,681.53,567.05,573.1
8267,2021-02-26 15:26:00,571.8,571.8,571.8,571.8,50,8325,681.34,567.1,577.45
8268,2021-02-26 15:27:00,573.95,581.1,573.7,581.1,125,8325,680.89,581.3,585.5
8269,2021-02-26 15:28:00,587.6,597.1,585.05,597.1,125,8325,680.5,594.25,599.85
8270,2021-02-26 15:29:00,587.6,597.1,585.05,597.1,125,8325,680.5,594.25,599.85
8271,2021-02-26 15:30:00,600.0,600.0,600.0,600.0,75,8325,680.29,582.25,606.05
8272,2021-02-27 09:15:00,600.0,600.0,600.0,600.0,75,8325,680.29,582.25,606.05
8273,2021-02-27 09:16:00,600.0,600.0,600.0,600.0,75,8325,680.29,582.25,606.05
8274,2021-02-27 09:17:00,600.0,600.0,600.0,600.0,75,8325,680.29,582.25,606.05
8275,2021-02-27 09:18:00,600.0,600.0,600.0,600.0,75,8325,680.29,582.25,606.05
8276,2021-02-27 09:19:00,600.0,600.0,600.0,600.0,75,8325,680.29,582.25,606.05
8277,2021-02-27 09:20:00,600.0,600.0,600.0,600.0,75,8325,680.29,582.25,606.05
8278,2021-02-27 09:21:00,600.0,600.0,600.0,600.0,75,8325,680.29,582.25,606.05
8279,2021-02-27 09:22:00,600.0,600.0,600.0,600.0,75,8325,680.29,582.25,606.05
8280,2021-02-27 09:23:00,600.0,600.0,600.0,600.0,75,8325,680.29,582.25,606.05
8281,2021-02-27 09:24:00,600.0,600.0,600.0,600.0,75,8325,680.29,582.25,606.05
8282,2021-02-27 09:25:00,600.0,600.0,600.0,600.0,75,8325,680.29,582.25,606.05
8283,2021-02-27 09:26:00,600.0,600.0,600.0,600.0,75,8325,680.29,582.25,606.05
8284,2021-02-27 09:27:00,600.0,600.0,600.0,600.0,75,8325,680.29,582.25,606.05
8285,2021-02-27 09:28:00,600.0,600.0,600.0,600.0,75,8325,680.29,582.25,606.05
8286,2021-02-27 09:29:00,600.0,600.0,600.0,600.0,75,8325,680.29,582.25,606.05
8287,2021-02-27 09:30:00,600.0,600.0,600.0,600.0,75,8325,680.29,582.25,606.05
8288,2021-02-27 09:31:00,600.0,600.0,600.0,600.0,75,8325,680.29,582.25,606.05
8289,2021-02-27 09:32:00,600.0,600.0,600.0,600.0,75,8325,680.29,582.25,606.05
8290,2021-02-27 09:33:00,600.0,600.0,600.0,600.0,75,8325,680.29,582.25,606.05
8291,2021-02-27 09:34:00,600.0,600.0,600.0,600.0,75,8325,680.29,582.25,606.05
8292,2021-02-27 09:35:00,600.0,600.0,600.0,600.0,75,8325,680.29,582.25,606.05
8293,2021-02-27 09:36:00,600.0,600.0,600.0,600.0,75,8325,680.29,582.25,606.05
8294,2021-02-27 09:37:00,600.0,600.0,600.0,600.0,75,8325,680.29,582.25,606.05
8295,2021-02-27 09:38:00,600.0,600.0,600.0,600.0,75,8325,680.29,582.25,606.05
8296,2021-02-27 09:39:00,600.0,600.0,600.0,600.0,75,8325,680.29,582.25,606.05
8297,2021-02-27 09:40:00,600.0,600.0,600.0,600.0,75,8325,680.29,582.25,606.05
8298,2021-02-27 09:41:00,600.0,600.0,600.0,600.0,75,8325,680.29,582.25,606.05
8299,2021-02-27 09:42:00,600.0,600.0,600.0,600.0,75,8325,680.29,582.25,606.05
8300,2021-02-27 09:43:00,600.0,600.0,600.0,600.0,75,8325,680.29,582.25,606.05
8301,2021-02-27 09:44:00,600.0,600.0,600.0,600.0,75,8325,680.29,582.25,606.05
8302,2021-02-27 09:45:00,600.0,600.0,600.0,600.0,75,8325,680.29,582.25,606.05
8303,2021-02-27 09:46:00,600.0,600.0,600.0,600.0,75,8325,680.29,582.25,606.05
8304,2021-02-27 09:47:00,600.0,600.0,600.0,600.0,75,8325,680.29,582.25,606.05
8305,2021-02-27 09:48:00,600.0,600.0,600.0,600.0,75,8325,680.29,582.25,606.05
8306,2021-02-27 09:49:00,600.0,600.0,600.0,600.0,75,8325,680.29,582.25,606.05
8307,2021-02-27 09:50:00,600.0,600.0,600.0,600.0,75,8325,680.29,582.25,606.05
8308,2021-02-27 09:51:00,600.0,600.0,600.0,600.0,75,8325,680.29,582.25,606.05
8309,2021-02-27 09:52:00,600.0,600.0,600.0,600.0,75,8325,680.29,582.25,606.05
8310,2021-02-27 09:53:00,600.0,600.0,600.0,600.0,75,8325,680.29,582.25,606.05
8311,2021-02-27 09:54:00,600.0,600.0,600.0,600.0,75,8325,680.29,582.25,606.05
8312,2021-02-27 09:55:00,600.0,600.0,600.0,600.0,75,8325,680.29,582.25,606.05
8313,2021-02-27 09:56:00,600.0,600.0,600.0,600.0,75,8325,680.29,582.25,606.05
8314,2021-02-27 09:57:00,600.0,600.0,600.0,600.0,75,8325,680.29,582.25,606.05
8315,2021-02-27 09:58:00,600.0,600.0,600.0,600.0,75,8325,680.29,582.25,606.05
8316,2021-02-27 09:59:00,600.0,600.0,600.0,600.0,75,8325,680.29,582.25,606.05
8317,2021-02-27 10:00:00,600.0,600.0,600.0,600.0,75,8325,680.29,582.25,606.05
8318,2021-02-27 10:01:00,600.0,600.0,600.0,600.0,75,8325,680.29,582.25,606.05
8319,2021-02-27 10:02:00,600.0,600.0,600.0,600.0,75,8325,680.29,582.25,606.05
8320,2021-02-27 10:03:00,600.0,600.0,600.0,600.0,75,8325,680.29,582.25,606.05
8321,2021-02-27 10:04:00,600.0,600.0,600.0,600.0,75,8325,680.29,582.25,606.05
8322,2021-02-27 10:05:00,600.0,600.0,600.0,600.0,75,8325,680.29,582.25,606.05
8323,2021-02-27 10:06:00,600.0,600.0,600.0,600.0,75,8325,680.29,582.25,606.05
8324,2021-02-27 10:07:00,600.0,600.0,600.0,600.0,75,8325,680.29,582.25,606.05
8325,2021-02-27 10:08:00,600.0,600.0,600.0,600.0,75,8325,680.29,582.25,606.05
8326,2021-02-27 10:09:00,600.0,600.0,600.0,600.0,75,8325,680.29,582.25,606.05
8327,2021-02-27 10:10:00,600.0,600.0,600.0,600.0,75,8325,680.29,582.25,606.05
8328,2021-02-27 10:11:00,600.0,600.0,600.0,600.0,75,8325,680.29,582.25,606.05
8329,2021-02-27 10:12:00,600.0,600.0,600.0,600.0,75,8325,680.29,582.25,606.05
8330,2021-02-27 10:13:00,600.0,600.0,600.0,600.0,75,8325,680.29,582.25,606.05
8331,2021-02-27 10:14:00,600.0,600.0,600.0,600.0,75,8325,680.29,582.25,606.05
8332,2021-02-27 10:15:00,600.0,600.0,600.0,600.0,75,8325,680.29,582.25,606.05
8333,2021-02-27 10:16:00,600.0,600.0,600.0,600.0,75,8325,680.29,582.25,606.05
8334,2021-02-27 10:17:00,600.0,600.0,600.0,600.0,75,8325,680.29,582.25,606.05
8335,2021-02-27 10:18:00,600.0,600.0,600.0,600.0,75,8325,680.29,582.25,606.05
8336,2021-02-27 10:19:00,600.0,600.0,600.0,600.0,75,8325,680.29,582.25,606.05
8337,2021-02-27 10:20:00,600.0,600.0,600.0,600.0,75,8325,680.29,582.25,606.05
8338,2021-02-27 10:21:00,600.0,600.0,600.0,600.0,75,8325,680.29,582.25,606.05
8339,2021-02-27 10:22:00,600.0,600.0,600.0,600.0,75,8325,680.29,582.25,606.05
8340,2021-02-27 10:23:00,600.0,600.0,600.0,600.0,75,8325,680.29,582.25,606.05
8341,2021-02-27 10:24:00,600.0,600.0,600.0,600.0,75,8325,680.29,582.25,606.05
8342,2021-02-27 10:25:00,600.0,600.0,600.0,600.0,75,8325,680.29,582.25,606.05
8343,2021-02-27 10:26:00,600.0,600.0,600.0,600.0,75,8325,680.29,582.25,606.05
8344,2021-02-27 10:27:00,600.0,600.0,600.0,600.0,75,8325,680.29,582.25,606.05
8345,2021-02-27 10:28:00,600.0,600.0,600.0,600.0,75,8325,680.29,582.25,606.05
8346,2021-02-27 10:29:00,600.0,600.0,600.0,600.0,75,8325,680.29,582.25,606.05
8347,2021-02-27 10:30:00,600.0,600.0,600.0,600.0,75,8325,680.29,582.25,606.05
8348,2021-02-27 10:31:00,600.0,600.0,600.0,600.0,75,8325,680.29,582.25,606.05
8349,2021-02-27 10:32:00,600.0,600.0,600.0,600.0,75,8325,680.29,582.25,606.05
8350,2021-02-27 10:33:00,600.0,600.0,600.0,600.0,75,8325,680.29,582.25,606.05
8351,2021-02-27 10:34:00,600.0,600.0,600.0,600.0,75,8325,680.29,582.25,606.05
8352,2021-02-27 10:35:00,600.0,600.0,600.0,600.0,75,8325,680.29,582.25,606.05
8353,2021-02-27 10:36:00,600.0,600.0,600.0,600.0,75,8325,680.29,582.25,606.05
8354,2021-02-27 10:37:00,600.0,600.0,600.0,600.0,75,8325,680.29,582.25,606.05
8355,2021-02-27 10:38:00,600.0,600.0,600.0,600.0,75,8325,680.29,582.25,606.05
8356,2021-02-27 10:39:00,600.0,600.0,600.0,600.0,75,8325,680.29,582.25,606.05
8357,2021-02-27 10:40:00,600.0,600.0,600.0,600.0,75,8325,680.29,582.25,606.05
8358,2021-02-27 10:41:00,600.0,600.0,600.0,600.0,75,8325,680.29,582.25,606.05
8359,2021-02-27 10:42:00,600.0,600.0,600.0,600.0,75,8325,680.29,582.25,606.05
8360,2021-02-27 10:43:00,600.0,600.0,600.0,600.0,75,8325,680.29,582.25,606.05
8361,2021-02-27 10:44:00,600.0,600.0,600.0,600.0,75,8325,680.29,582.25,606.05
8362,2021-02-27 10:45:00,600.0,600.0,600.0,600.0,75,8325,680.29,582.25,606.05
8363,2021-02-27 10:46:00,600.0,600.0,600.0,600.0,75,8325,680.29,582.25,606.05
8364,2021-02-27 10:47:00,600.0,600.0,600.0,600.0,75,8325,680.29,582.25,606.05
8365,2021-02-27 10:48:00,600.0,600.0,600.0,600.0,75,8325,680.29,582.25,606.05
8366,2021-02-27 10:49:00,600.0,600.0,600.0,600.0,75,8325,680.29,582.25,606.05
8367,2021-02-27 10:50:00,600.0,600.0,600.0,600.0,75,8325,680.29,582.25,606.05
8368,2021-02-27 10:51:00,600.0,600.0,600.0,600.0,75,8325,680.29,582.25,606.05
8369,2021-02-27 10:52:00,600.0,600.0,600.0,600.0,75,8325,680.29,582.25,606.05
8370,2021-02-27 10:53:00,600.0,600.0,600.0,600.0,75,8325,680.29,582.25,606.05
8371,2021-02-27 10:54:00,600.0,600.0,600.0,600.0,75,8325,680.29,582.25,606.05
8372,2021-02-27 10:55:00,600.0,600.0,600.0,600.0,75,8325,680.29,582.25,606.05
8373,2021-02-27 10:56:00,600.0,600.0,600.0,600.0,75,8325,680.29,582.25,606.05
8374,2021-02-27 10:57:00,600.0,600.0,600.0,600.0,75,8325,680.29,582.25,606.05
8375,2021-02-27 10:58:00,600.0,600.0,600.0,600.0,75,8325,680.29,582.25,606.05
8376,2021-02-27 10:59:00,600.0,600.0,600.0,600.0,75,8325,680.29,582.25,606.05
8377,2021-02-27 11:00:00,600.0,600.0,600.0,600.0,75,8325,680.29,582.25,606.05
8378,2021-02-27 11:01:00,600.0,600.0,600.0,600.0,75,8325,680.29,582.25,606.05
8379,2021-02-27 11:02:00,600.0,600.0,600.0,600.0,75,8325,680.29,582.25,606.05
8380,2021-02-27 11:03:00,600.0,600.0,600.0,600.0,75,8325,680.29,582.25,606.05
8381,2021-02-27 11:04:00,600.0,600.0,600.0,600.0,75,8325,680.29,582.25,606.05
8382,2021-02-27 11:05:00,600.0,600.0,600.0,600.0,75,8325,680.29,582.25,606.05
8383,2021-02-27 11:06:00,600.0,600.0,600.0,600.0,75,8325,680.29,582.25,606.05
8384,2021-02-27 11:07:00,600.0,600.0,600.0,600.0,75,8325,680.29,582.25,606.05
8385,2021-02-27 11:08:00,600.0,600.0,600.0,600.0,75,8325,680.29,582.25,606.05
8386,2021-02-27 11:09:00,600.0,600.0,600.0,600.0,75,8325,680.29,582.25,606.05
8387,2021-02-27 11:10:00,600.0,600.0,600.0,600.0,75,8325,680.29,582.25,606.05
8388,2021-02-27 11:11:00,600.0,600.0,600.0,600.0,75,8325,680.29,582.25,606.05
8389,2021-02-27 11:12:00,600.0,600.0,600.0,600.0,75,8325,680.29,582.25,606.05
8390,2021-02-27 11:13:00,600.0,600.0,600.0,600.0,75,8325,680.29,582.25,606.05
8391,2021-02-27 11:14:00,600.0,600.0,600.0,600.0,75,8325,680.29,582.25,606.05
8392,2021-02-27 11:15:00,600.0,600.0,600.0,600.0,75,8325,680.29,582.25,606.05
8393,2021-02-27 11:16:00,600.0,600.0,600.0,600.0,75,8325,680.29,582.25,606.05
8394,2021-02-27 11:17:00,600.0,600.0,600.0,600.0,75,8325,680.29,582.25,606.05
8395,2021-02-27 11:18:00,600.0,600.0,600.0,600.0,75,8325,680.29,582.25,606.05
8396,2021-02-27 11:19:00,600.0,600.0,600.0,600.0,75,8325,680.29,582.25,606.05
8397,2021-02-27 11:20:00,600.0,600.0,600.0,600.0,75,8325,680.29,582.25,606.05
8398,2021-02-27 11:21:00,600.0,600.0,600.0,600.0,75,8325,680.29,582.25,606.05
8399,2021-02-27 11:22:00,600.0,600.0,600.0,600.0,75,8325,680.29,582.25,606.05
8400,2021-02-27 11:23:00,600.0,600.0,600.0,600.0,75,8325,680.29,582.25,606.05
8401,2021-02-27 11:24:00,600.0,600.0,600.0,600.0,75,8325,680.29,582.25,606.05
8402,2021-02-27 11:25:00,600.0,600.0,600.0,600.0,75,8325,680.29,582.25,606.05
8403,2021-02-27 11:26:00,600.0,600.0,600.0,600.0,75,8325,680.29,582.25,606.05
8404,2021-02-27 11:27:00,600.0,600.0,600.0,600.0,75,8325,680.29,582.25,606.05
8405,2021-02-27 11:28:00,600.0,600.0,600.0,600.0,75,8325,680.29,582.25,606.05
8406,2021-02-27 11:29:00,600.0,600.0,600.0,600.0,75,8325,680.29,582.25,606.05
8407,2021-02-27 11:30:00,600.0,600.0,600.0,600.0,75,8325,680.29,582.25,606.05
8408,2021-02-27 11:31:00,600.0,600.0,600.0,600.0,75,8325,680.29,582.25,606.05
8409,2021-02-27 11:32:00,600.0,600.0,600.0,600.0,75,8325,680.29,582.25,606.05
8410,2021-02-27 11:33:00,600.0,600.0,600.0,600.0,75,8325,680.29,582.25,606.05
8411,2021-02-27 11:34:00,600.0,600.0,600.0,600.0,75,8325,680.29,582.25,606.05
8412,2021-02-27 11:35:00,600.0,600.0,600.0,600.0,75,8325,680.29,582.25,606.05
8413,2021-02-27 11:36:00,600.0,600.0,600.0,600.0,75,8325,680.29,582.25,606.05
8414,2021-02-27 11:37:00,600.0,600.0,600.0,600.0,75,8325,680.29,582.25,606.05
8415,2021-02-27 11:38:00,600.0,600.0,600.0,600.0,75,8325,680.29,582.25,606.05
8416,2021-02-27 11:39:00,600.0,600.0,600.0,600.0,75,8325,680.29,582.25,606.05
8417,2021-02-27 11:40:00,600.0,600.0,600.0,600.0,75,8325,680.29,582.25,606.05
8418,2021-02-27 11:41:00,600.0,600.0,600.0,600.0,75,8325,680.29,582.25,606.05
8419,2021-02-27 11:42:00,600.0,600.0,600.0,600.0,75,8325,680.29,582.25,606.05
8420,2021-02-27 11:43:00,600.0,600.0,600.0,600.0,75,8325,680.29,582.25,606.05
8421,2021-02-27 11:44:00,600.0,600.0,600.0,600.0,75,8325,680.29,582.25,606.05
8422,2021-02-27 11:45:00,600.0,600.0,600.0,600.0,75,8325,680.29,582.25,606.05
8423,2021-02-27 11:46:00,600.0,600.0,600.0,600.0,75,8325,680.29,582.25,606.05
8424,2021-02-27 11:47:00,600.0,600.0,600.0,600.0,75,8325,680.29,582.25,606.05
8425,2021-02-27 11:48:00,600.0,600.0,600.0,600.0,75,8325,680.29,582.25,606.05
8426,2021-02-27 11:49:00,600.0,600.0,600.0,600.0,75,8325,680.29,582.25,606.05
8427,2021-02-27 11:50:00,600.0,600.0,600.0,600.0,75,8325,680.29,582.25,606.05
8428,2021-02-27 11:51:00,600.0,600.0,600.0,600.0,75,8325,680.29,582.25,606.05
8429,2021-02-27 11:52:00,600.0,600.0,600.0,600.0,75,8325,680.29,582.25,606.05
8430,2021-02-27 11:53:00,600.0,600.0,600.0,600.0,75,8325,680.29,582.25,606.05
8431,2021-02-27 11:54:00,600.0,600.0,600.0,600.0,75,8325,680.29,582.25,606.05
8432,2021-02-27 11:55:00,600.0,600.0,600.0,600.0,75,8325,680.29,582.25,606.05
8433,2021-02-27 11:56:00,600.0,600.0,600.0,600.0,75,8325,680.29,582.25,606.05
8434,2021-02-27 11:57:00,600.0,600.0,600.0,600.0,75,8325,680.29,582.25,606.05
8435,2021-02-27 11:58:00,600.0,600.0,600.0,600.0,75,8325,680.29,582.25,606.05
8436,2021-02-27 11:59:00,600.0,600.0,600.0,600.0,75,8325,680.29,582.25,606.05
8437,2021-02-27 12:00:00,600.0,600.0,600.0,600.0,75,8325,680.29,582.25,606.05
8438,2021-02-27 12:01:00,600.0,600.0,600.0,600.0,75,8325,680.29,582.25,606.05
8439,2021-02-27 12:02:00,600.0,600.0,600.0,600.0,75,8325,680.29,582.25,606.05
8440,2021-02-27 12:03:00,600.0,600.0,600.0,600.0,75,8325,680.29,582.25,606.05
8441,2021-02-27 12:04:00,600.0,600.0,600.0,600.0,75,8325,680.29,582.25,606.05
8442,2021-02-27 12:05:00,600.0,600.0,600.0,600.0,75,8325,680.29,582.25,606.05
8443,2021-02-27 12:06:00,600.0,600.0,600.0,600.0,75,8325,680.29,582.25,606.05
8444,2021-02-27 12:07:00,600.0,600.0,600.0,600.0,75,8325,680.29,582.25,606.05
8445,2021-02-27 12:08:00,600.0,600.0,600.0,600.0,75,8325,680.29,582.25,606.05
8446,2021-02-27 12:09:00,600.0,600.0,600.0,600.0,75,8325,680.29,582.25,606.05
8447,2021-02-27 12:10:00,600.0,600.0,600.0,600.0,75,8325,680.29,582.25,606.05
8448,2021-02-27 12:11:00,600.0,600.0,600.0,600.0,75,8325,680.29,582.25,606.05
8449,2021-02-27 12:12:00,600.0,600.0,600.0,600.0,75,8325,680.29,582.25,606.05
8450,2021-02-27 12:13:00,600.0,600.0,600.0,600.0,75,8325,680.29,582.25,606.05
8451,2021-02-27 12:14:00,600.0,600.0,600.0,600.0,75,8325,680.29,582.25,606.05
8452,2021-02-27 12:15:00,600.0,600.0,600.0,600.0,75,8325,680.29,582.25,606.05
8453,2021-02-27 12:16:00,600.0,600.0,600.0,600.0,75,8325,680.29,582.25,606.05
8454,2021-02-27 12:17:00,600.0,600.0,600.0,600.0,75,8325,680.29,582.25,606.05
8455,2021-02-27 12:18:00,600.0,600.0,600.0,600.0,75,8325,680.29,582.25,606.05
8456,2021-02-27 12:19:00,600.0,600.0,600.0,600.0,75,8325,680.29,582.25,606.05
8457,2021-02-27 12:20:00,600.0,600.0,600.0,600.0,75,8325,680.29,582.25,606.05
8458,2021-02-27 12:21:00,600.0,600.0,600.0,600.0,75,8325,680.29,582.25,606.05
8459,2021-02-27 12:22:00,600.0,600.0,600.0,600.0,75,8325,680.29,582.25,606.05
8460,2021-02-27 12:23:00,600.0,600.0,600.0,600.0,75,8325,680.29,582.25,606.05
8461,2021-02-27 12:24:00,600.0,600.0,600.0,600.0,75,8325,680.29,582.25,606.05
8462,2021-02-27 12:25:00,600.0,600.0,600.0,600.0,75,8325,680.29,582.25,606.05
8463,2021-02-27 12:26:00,600.0,600.0,600.0,600.0,75,8325,680.29,582.25,606.05
8464,2021-02-27 12:27:00,600.0,600.0,600.0,600.0,75,8325,680.29,582.25,606.05
8465,2021-02-27 12:28:00,600.0,600.0,600.0,600.0,75,8325,680.29,582.25,606.05
8466,2021-02-27 12:29:00,600.0,600.0,600.0,600.0,75,8325,680.29,582.25,606.05
8467,2021-02-27 12:30:00,600.0,600.0,600.0,600.0,75,8325,680.29,582.25,606.05
8468,2021-02-27 12:31:00,600.0,600.0,600.0,600.0,75,8325,680.29,582.25,606.05
8469,2021-02-27 12:32:00,600.0,600.0,600.0,600.0,75,8325,680.29,582.25,606.05
8470,2021-02-27 12:33:00,600.0,600.0,600.0,600.0,75,8325,680.29,582.25,606.05
8471,2021-02-27 12:34:00,600.0,600.0,600.0,600.0,75,8325,680.29,582.25,606.05
8472,2021-02-27 12:35:00,600.0,600.0,600.0,600.0,75,8325,680.29,582.25,606.05
8473,2021-02-27 12:36:00,600.0,600.0,600.0,600.0,75,8325,680.29,582.25,606.05
8474,2021-02-27 12:37:00,600.0,600.0,600.0,600.0,75,8325,680.29,582.25,606.05
8475,2021-02-27 12:38:00,600.0,600.0,600.0,600.0,75,8325,680.29,582.25,606.05
8476,2021-02-27 12:39:00,600.0,600.0,600.0,600.0,75,8325,680.29,582.25,606.05
8477,2021-02-27 12:40:00,600.0,600.0,600.0,600.0,75,8325,680.29,582.25,606.05
8478,2021-02-27 12:41:00,600.0,600.0,600.0,600.0,75,8325,680.29,582.25,606.05
8479,2021-02-27 12:42:00,600.0,600.0,600.0,600.0,75,8325,680.29,582.25,606.05
8480,2021-02-27 12:43:00,600.0,600.0,600.0,600.0,75,8325,680.29,582.25,606.05
8481,2021-02-27 12:44:00,600.0,600.0,600.0,600.0,75,8325,680.29,582.25,606.05
8482,2021-02-27 12:45:00,600.0,600.0,600.0,600.0,75,8325,680.29,582.25,606.05
8483,2021-02-27 12:46:00,600.0,600.0,600.0,600.0,75,8325,680.29,582.25,606.05
8484,2021-02-27 12:47:00,600.0,600.0,600.0,600.0,75,8325,680.29,582.25,606.05
8485,2021-02-27 12:48:00,600.0,600.0,600.0,600.0,75,8325,680.29,582.25,606.05
8486,2021-02-27 12:49:00,600.0,600.0,600.0,600.0,75,8325,680.29,582.25,606.05
8487,2021-02-27 12:50:00,600.0,600.0,600.0,600.0,75,8325,680.29,582.25,606.05
8488,2021-02-27 12:51:00,600.0,600.0,600.0,600.0,75,8325,680.29,582.25,606.05
8489,2021-02-27 12:52:00,600.0,600.0,600.0,600.0,75,8325,680.29,582.25,606.05
8490,2021-02-27 12:53:00,600.0,600.0,600.0,600.0,75,8325,680.29,582.25,606.05
8491,2021-02-27 12:54:00,600.0,600.0,600.0,600.0,75,8325,680.29,582.25,606.05
8492,2021-02-27 12:55:00,600.0,600.0,600.0,600.0,75,8325,680.29,582.25,606.05
8493,2021-02-27 12:56:00,600.0,600.0,600.0,600.0,75,8325,680.29,582.25,606.05
8494,2021-02-27 12:57:00,600.0,600.0,600.0,600.0,75,8325,680.29,582.25,606.05
8495,2021-02-27 12:58:00,600.0,600.0,600.0,600.0,75,8325,680.29,582.25,606.05
8496,2021-02-27 12:59:00,600.0,600.0,600.0,600.0,75,8325,680.29,582.25,606.05
8497,2021-02-27 13:00:00,600.0,600.0,600.0,600.0,75,8325,680.29,582.25,606.05
8498,2021-02-27 13:01:00,600.0,600.0,600.0,600.0,75,8325,680.29,582.25,606.05
8499,2021-02-27 13:02:00,600.0,600.0,600.0,600.0,75,8325,680.29,582.25,606.05
8500,2021-02-27 13:03:00,600.0,600.0,600.0,600.0,75,8325,680.29,582.25,606.05
8501,2021-02-27 13:04:00,600.0,600.0,600.0,600.0,75,8325,680.29,582.25,606.05
8502,2021-02-27 13:05:00,600.0,600.0,600.0,600.0,75,8325,680.29,582.25,606.05
8503,2021-02-27 13:06:00,600.0,600.0,600.0,600.0,75,8325,680.29,582.25,606.05
8504,2021-02-27 13:07:00,600.0,600.0,600.0,600.0,75,8325,680.29,582.25,606.05
8505,2021-02-27 13:08:00,600.0,600.0,600.0,600.0,75,8325,680.29,582.25,606.05
8506,2021-02-27 13:09:00,600.0,600.0,600.0,600.0,75,8325,680.29,582.25,606.05
8507,2021-02-27 13:10:00,600.0,600.0,600.0,600.0,75,8325,680.29,582.25,606.05
8508,2021-02-27 13:11:00,600.0,600.0,600.0,600.0,75,8325,680.29,582.25,606.05
8509,2021-02-27 13:12:00,600.0,600.0,600.0,600.0,75,8325,680.29,582.25,606.05
8510,2021-02-27 13:13:00,600.0,600.0,600.0,600.0,75,8325,680.29,582.25,606.05
8511,2021-02-27 13:14:00,600.0,600.0,600.0,600.0,75,8325,680.29,582.25,606.05
8512,2021-02-27 13:15:00,600.0,600.0,600.0,600.0,75,8325,680.29,582.25,606.05
8513,2021-02-27 13:16:00,600.0,600.0,600.0,600.0,75,8325,680.29,582.25,606.05
8514,2021-02-27 13:17:00,600.0,600.0,600.0,600.0,75,8325,680.29,582.25,606.05
8515,2021-02-27 13:18:00,600.0,600.0,600.0,600.0,75,8325,680.29,582.25,606.05
8516,2021-02-27 13:19:00,600.0,600.0,600.0,600.0,75,8325,680.29,582.25,606.05
8517,2021-02-27 13:20:00,600.0,600.0,600.0,600.0,75,8325,680.29,582.25,606.05
8518,2021-02-27 13:21:00,600.0,600.0,600.0,600.0,75,8325,680.29,582.25,606.05
8519,2021-02-27 13:22:00,600.0,600.0,600.0,600.0,75,8325,680.29,582.25,606.05
8520,2021-02-27 13:23:00,600.0,600.0,600.0,600.0,75,8325,680.29,582.25,606.05
8521,2021-02-27 13:24:00,600.0,600.0,600.0,600.0,75,8325,680.29,582.25,606.05
8522,2021-02-27 13:25:00,600.0,600.0,600.0,600.0,75,8325,680.29,582.25,606.05
8523,2021-02-27 13:26:00,600.0,600.0,600.0,600.0,75,8325,680.29,582.25,606.05
8524,2021-02-27 13:27:00,600.0,600.0,600.0,600.0,75,8325,680.29,582.25,606.05
8525,2021-02-27 13:28:00,600.0,600.0,600.0,600.0,75,8325,680.29,582.25,606.05
8526,2021-02-27 13:29:00,600.0,600.0,600.0,600.0,75,8325,680.29,582.25,606.05
8527,2021-02-27 13:30:00,600.0,600.0,600.0,600.0,75,8325,680.29,582.25,606.05
8528,2021-02-27 13:31:00,600.0,600.0,600.0,600.0,75,8325,680.29,582.25,606.05
8529,2021-02-27 13:32:00,600.0,600.0,600.0,600.0,75,8325,680.29,582.25,606.05
8530,2021-02-27 13:33:00,600.0,600.0,600.0,600.0,75,8325,680.29,582.25,606.05
8531,2021-02-27 13:34:00,600.0,600.0,600.0,600.0,75,8325,680.29,582.25,606.05
8532,2021-02-27 13:35:00,600.0,600.0,600.0,600.0,75,8325,680.29,582.25,606.05
8533,2021-02-27 13:36:00,600.0,600.0,600.0,600.0,75,8325,680.29,582.25,606.05
8534,2021-02-27 13:37:00,600.0,600.0,600.0,600.0,75,8325,680.29,582.25,606.05
8535,2021-02-27 13:38:00,600.0,600.0,600.0,600.0,75,8325,680.29,582.25,606.05
8536,2021-02-27 13:39:00,600.0,600.0,600.0,600.0,75,8325,680.29,582.25,606.05
8537,2021-02-27 13:40:00,600.0,600.0,600.0,600.0,75,8325,680.29,582.25,606.05
8538,2021-02-27 13:41:00,600.0,600.0,600.0,600.0,75,8325,680.29,582.25,606.05
8539,2021-02-27 13:42:00,600.0,600.0,600.0,600.0,75,8325,680.29,582.25,606.05
8540,2021-02-27 13:43:00,600.0,600.0,600.0,600.0,75,8325,680.29,582.25,606.05
8541,2021-02-27 13:44:00,600.0,600.0,600.0,600.0,75,8325,680.29,582.25,606.05
8542,2021-02-27 13:45:00,600.0,600.0,600.0,600.0,75,8325,680.29,582.25,606.05
8543,2021-02-27 13:46:00,600.0,600.0,600.0,600.0,75,8325,680.29,582.25,606.05
8544,2021-02-27 13:47:00,600.0,600.0,600.0,600.0,75,8325,680.29,582.25,606.05
8545,2021-02-27 13:48:00,600.0,600.0,600.0,600.0,75,8325,680.29,582.25,606.05
8546,2021-02-27 13:49:00,600.0,600.0,600.0,600.0,75,8325,680.29,582.25,606.05
8547,2021-02-27 13:50:00,600.0,600.0,600.0,600.0,75,8325,680.29,582.25,606.05
8548,2021-02-27 13:51:00,600.0,600.0,600.0,600.0,75,8325,680.29,582.25,606.05
8549,2021-02-27 13:52:00,600.0,600.0,600.0,600.0,75,8325,680.29,582.25,606.05
8550,2021-02-27 13:53:00,600.0,600.0,600.0,600.0,75,8325,680.29,582.25,606.05
8551,2021-02-27 13:54:00,600.0,600.0,600.0,600.0,75,8325,680.29,582.25,606.05
8552,2021-02-27 13:55:00,600.0,600.0,600.0,600.0,75,8325,680.29,582.25,606.05
8553,2021-02-27 13:56:00,600.0,600.0,600.0,600.0,75,8325,680.29,582.25,606.05
8554,2021-02-27 13:57:00,600.0,600.0,600.0,600.0,75,8325,680.29,582.25,606.05
8555,2021-02-27 13:58:00,600.0,600.0,600.0,600.0,75,8325,680.29,582.25,606.05
8556,2021-02-27 13:59:00,600.0,600.0,600.0,600.0,75,8325,680.29,582.25,606.05
8557,2021-02-27 14:00:00,600.0,600.0,600.0,600.0,75,8325,680.29,582.25,606.05
8558,2021-02-27 14:01:00,600.0,600.0,600.0,600.0,75,8325,680.29,582.25,606.05
8559,2021-02-27 14:02:00,600.0,600.0,600.0,600.0,75,8325,680.29,582.25,606.05
8560,2021-02-27 14:03:00,600.0,600.0,600.0,600.0,75,8325,680.29,582.25,606.05
8561,2021-02-27 14:04:00,600.0,600.0,600.0,600.0,75,8325,680.29,582.25,606.05
8562,2021-02-27 14:05:00,600.0,600.0,600.0,600.0,75,8325,680.29,582.25,606.05
8563,2021-02-27 14:06:00,600.0,600.0,600.0,600.0,75,8325,680.29,582.25,606.05
8564,2021-02-27 14:07:00,600.0,600.0,600.0,600.0,75,8325,680.29,582.25,606.05
8565,2021-02-27 14:08:00,600.0,600.0,600.0,600.0,75,8325,680.29,582.25,606.05
8566,2021-02-27 14:09:00,600.0,600.0,600.0,600.0,75,8325,680.29,582.25,606.05
8567,2021-02-27 14:10:00,600.0,600.0,600.0,600.0,75,8325,680.29,582.25,606.05
8568,2021-02-27 14:11:00,600.0,600.0,600.0,600.0,75,8325,680.29,582.25,606.05
8569,2021-02-27 14:12:00,600.0,600.0,600.0,600.0,75,8325,680.29,582.25,606.05
8570,2021-02-27 14:13:00,600.0,600.0,600.0,600.0,75,8325,680.29,582.25,606.05
8571,2021-02-27 14:14:00,600.0,600.0,600.0,600.0,75,8325,680.29,582.25,606.05
8572,2021-02-27 14:15:00,600.0,600.0,600.0,600.0,75,8325,680.29,582.25,606.05
8573,2021-02-27 14:16:00,600.0,600.0,600.0,600.0,75,8325,680.29,582.25,606.05
8574,2021-02-27 14:17:00,600.0,600.0,600.0,600.0,75,8325,680.29,582.25,606.05
8575,2021-02-27 14:18:00,600.0,600.0,600.0,600.0,75,8325,680.29,582.25,606.05
8576,2021-02-27 14:19:00,600.0,600.0,600.0,600.0,75,8325,680.29,582.25,606.05
8577,2021-02-27 14:20:00,600.0,600.0,600.0,600.0,75,8325,680.29,582.25,606.05
8578,2021-02-27 14:21:00,600.0,600.0,600.0,600.0,75,8325,680.29,582.25,606.05
8579,2021-02-27 14:22:00,600.0,600.0,600.0,600.0,75,8325,680.29,582.25,606.05
8580,2021-02-27 14:23:00,600.0,600.0,600.0,600.0,75,8325,680.29,582.25,606.05
8581,2021-02-27 14:24:00,600.0,600.0,600.0,600.0,75,8325,680.29,582.25,606.05
8582,2021-02-27 14:25:00,600.0,600.0,600.0,600.0,75,8325,680.29,582.25,606.05
8583,2021-02-27 14:26:00,600.0,600.0,600.0,600.0,75,8325,680.29,582.25,606.05
8584,2021-02-27 14:27:00,600.0,600.0,600.0,600.0,75,8325,680.29,582.25,606.05
8585,2021-02-27 14:28:00,600.0,600.0,600.0,600.0,75,8325,680.29,582.25,606.05
8586,2021-02-27 14:29:00,600.0,600.0,600.0,600.0,75,8325,680.29,582.25,606.05
8587,2021-02-27 14:30:00,600.0,600.0,600.0,600.0,75,8325,680.29,582.25,606.05
8588,2021-02-27 14:31:00,600.0,600.0,600.0,600.0,75,8325,680.29,582.25,606.05
8589,2021-02-27 14:32:00,600.0,600.0,600.0,600.0,75,8325,680.29,582.25,606.05
8590,2021-02-27 14:33:00,600.0,600.0,600.0,600.0,75,8325,680.29,582.25,606.05
8591,2021-02-27 14:34:00,600.0,600.0,600.0,600.0,75,8325,680.29,582.25,606.05
8592,2021-02-27 14:35:00,600.0,600.0,600.0,600.0,75,8325,680.29,582.25,606.05
8593,2021-02-27 14:36:00,600.0,600.0,600.0,600.0,75,8325,680.29,582.25,606.05
8594,2021-02-27 14:37:00,600.0,600.0,600.0,600.0,75,8325,680.29,582.25,606.05
8595,2021-02-27 14:38:00,600.0,600.0,600.0,600.0,75,8325,680.29,582.25,606.05
8596,2021-02-27 14:39:00,600.0,600.0,600.0,600.0,75,8325,680.29,582.25,606.05
8597,2021-02-27 14:40:00,600.0,600.0,600.0,600.0,75,8325,680.29,582.25,606.05
8598,2021-02-27 14:41:00,600.0,600.0,600.0,600.0,75,8325,680.29,582.25,606.05
8599,2021-02-27 14:42:00,600.0,600.0,600.0,600.0,75,8325,680.29,582.25,606.05
8600,2021-02-27 14:43:00,600.0,600.0,600.0,600.0,75,8325,680.29,582.25,606.05
8601,2021-02-27 14:44:00,600.0,600.0,600.0,600.0,75,8325,680.29,582.25,606.05
8602,2021-02-27 14:45:00,600.0,600.0,600.0,600.0,75,8325,680.29,582.25,606.05
8603,2021-02-27 14:46:00,600.0,600.0,600.0,600.0,75,8325,680.29,582.25,606.05
8604,2021-02-27 14:47:00,600.0,600.0,600.0,600.0,75,8325,680.29,582.25,606.05
8605,2021-02-27 14:48:00,600.0,600.0,600.0,600.0,75,8325,680.29,582.25,606.05
8606,2021-02-27 14:49:00,600.0,600.0,600.0,600.0,75,8325,680.29,582.25,606.05
8607,2021-02-27 14:50:00,600.0,600.0,600.0,600.0,75,8325,680.29,582.25,606.05
8608,2021-02-27 14:51:00,600.0,600.0,600.0,600.0,75,8325,680.29,582.25,606.05
8609,2021-02-27 14:52:00,600.0,600.0,600.0,600.0,75,8325,680.29,582.25,606.05
8610,2021-02-27 14:53:00,600.0,600.0,600.0,600.0,75,8325,680.29,582.25,606.05
8611,2021-02-27 14:54:00,600.0,600.0,600.0,600.0,75,8325,680.29,582.25,606.05
8612,2021-02-27 14:55:00,600.0,600.0,600.0,600.0,75,8325,680.29,582.25,606.05
8613,2021-02-27 14:56:00,600.0,600.0,600.0,600.0,75,8325,680.29,582.25,606.05
8614,2021-02-27 14:57:00,600.0,600.0,600.0,600.0,75,8325,680.29,582.25,606.05
8615,2021-02-27 14:58:00,600.0,600.0,600.0,600.0,75,8325,680.29,582.25,606.05
8616,2021-02-27 14:59:00,600.0,600.0,600.0,600.0,75,8325,680.29,582.25,606.05
8617,2021-02-27 15:00:00,600.0,600.0,600.0,600.0,75,8325,680.29,582.25,606.05
8618,2021-02-27 15:01:00,600.0,600.0,600.0,600.0,75,8325,680.29,582.25,606.05
8619,2021-02-27 15:02:00,600.0,600.0,600.0,600.0,75,8325,680.29,582.25,606.05
8620,2021-02-27 15:03:00,600.0,600.0,600.0,600.0,75,8325,680.29,582.25,606.05
8621,2021-02-27 15:04:00,600.0,600.0,600.0,600.0,75,8325,680.29,582.25,606.05
8622,2021-02-27 15:05:00,600.0,600.0,600.0,600.0,75,8325,680.29,582.25,606.05
8623,2021-02-27 15:06:00,600.0,600.0,600.0,600.0,75,8325,680.29,582.25,606.05
8624,2021-02-27 15:07:00,600.0,600.0,600.0,600.0,75,8325,680.29,582.25,606.05
8625,2021-02-27 15:08:00,600.0,600.0,600.0,600.0,75,8325,680.29,582.25,606.05
8626,2021-02-27 15:09:00,600.0,600.0,600.0,600.0,75,8325,680.29,582.25,606.05
8627,2021-02-27 15:10:00,600.0,600.0,600.0,600.0,75,8325,680.29,582.25,606.05
8628,2021-02-27 15:11:00,600.0,600.0,600.0,600.0,75,8325,680.29,582.25,606.05
8629,2021-02-27 15:12:00,600.0,600.0,600.0,600.0,75,8325,680.29,582.25,606.05
8630,2021-02-27 15:13:00,600.0,600.0,600.0,600.0,75,8325,680.29,582.25,606.05
8631,2021-02-27 15:14:00,600.0,600.0,600.0,600.0,75,8325,680.29,582.25,606.05
8632,2021-02-27 15:15:00,600.0,600.0,600.0,600.0,75,8325,680.29,582.25,606.05
8633,2021-02-27 15:16:00,600.0,600.0,600.0,600.0,75,8325,680.29,582.25,606.05
8634,2021-02-27 15:17:00,600.0,600.0,600.0,600.0,75,8325,680.29,582.25,606.05
8635,2021-02-27 15:18:00,600.0,600.0,600.0,600.0,75,8325,680.29,582.25,606.05
8636,2021-02-27 15:19:00,600.0,600.0,600.0,600.0,75,8325,680.29,582.25,606.05
8637,2021-02-27 15:20:00,600.0,600.0,600.0,600.0,75,8325,680.29,582.25,606.05
8638,2021-02-27 15:21:00,600.0,600.0,600.0,600.0,75,8325,680.29,582.25,606.05
8639,2021-02-27 15:22:00,600.0,600.0,600.0,600.0,75,8325,680.29,582.25,606.05
8640,2021-02-27 15:23:00,600.0,600.0,600.0,600.0,75,8325,680.29,582.25,606.05
8641,2021-02-27 15:24:00,600.0,600.0,600.0,600.0,75,8325,680.29,582.25,606.05
8642,2021-02-27 15:25:00,600.0,600.0,600.0,600.0,75,8325,680.29,582.25,606.05
8643,2021-02-27 15:26:00,600.0,600.0,600.0,600.0,75,8325,680.29,582.25,606.05
8644,2021-02-27 15:27:00,600.0,600.0,600.0,600.0,75,8325,680.29,582.25,606.05
8645,2021-02-27 15:28:00,600.0,600.0,600.0,600.0,75,8325,680.29,582.25,606.05
8646,2021-02-27 15:29:00,600.0,600.0,600.0,600.0,75,8325,680.29,582.25,606.05
8647,2021-02-27 15:30:00,600.0,600.0,600.0,600.0,75,8325,680.29,582.25,606.05
8648,2021-02-28 09:15:00,600.0,600.0,600.0,600.0,75,8325,680.29,582.25,606.05
8649,2021-02-28 09:16:00,600.0,600.0,600.0,600.0,75,8325,680.29,582.25,606.05
8650,2021-02-28 09:17:00,600.0,600.0,600.0,600.0,75,8325,680.29,582.25,606.05
8651,2021-02-28 09:18:00,600.0,600.0,600.0,600.0,75,8325,680.29,582.25,606.05
8652,2021-02-28 09:19:00,600.0,600.0,600.0,600.0,75,8325,680.29,582.25,606.05
8653,2021-02-28 09:20:00,600.0,600.0,600.0,600.0,75,8325,680.29,582.25,606.05
8654,2021-02-28 09:21:00,600.0,600.0,600.0,600.0,75,8325,680.29,582.25,606.05
8655,2021-02-28 09:22:00,600.0,600.0,600.0,600.0,75,8325,680.29,582.25,606.05
8656,2021-02-28 09:23:00,600.0,600.0,600.0,600.0,75,8325,680.29,582.25,606.05
8657,2021-02-28 09:24:00,600.0,600.0,600.0,600.0,75,8325,680.29,582.25,606.05
8658,2021-02-28 09:25:00,600.0,600.0,600.0,600.0,75,8325,680.29,582.25,606.05
8659,2021-02-28 09:26:00,600.0,600.0,600.0,600.0,75,8325,680.29,582.25,606.05
8660,2021-02-28 09:27:00,600.0,600.0,600.0,600.0,75,8325,680.29,582.25,606.05
8661,2021-02-28 09:28:00,600.0,600.0,600.0,600.0,75,8325,680.29,582.25,606.05
8662,2021-02-28 09:29:00,600.0,600.0,600.0,600.0,75,8325,680.29,582.25,606.05
8663,2021-02-28 09:30:00,600.0,600.0,600.0,600.0,75,8325,680.29,582.25,606.05
8664,2021-02-28 09:31:00,600.0,600.0,600.0,600.0,75,8325,680.29,582.25,606.05
8665,2021-02-28 09:32:00,600.0,600.0,600.0,600.0,75,8325,680.29,582.25,606.05
8666,2021-02-28 09:33:00,600.0,600.0,600.0,600.0,75,8325,680.29,582.25,606.05
8667,2021-02-28 09:34:00,600.0,600.0,600.0,600.0,75,8325,680.29,582.25,606.05
8668,2021-02-28 09:35:00,600.0,600.0,600.0,600.0,75,8325,680.29,582.25,606.05
8669,2021-02-28 09:36:00,600.0,600.0,600.0,600.0,75,8325,680.29,582.25,606.05
8670,2021-02-28 09:37:00,600.0,600.0,600.0,600.0,75,8325,680.29,582.25,606.05
8671,2021-02-28 09:38:00,600.0,600.0,600.0,600.0,75,8325,680.29,582.25,606.05
8672,2021-02-28 09:39:00,600.0,600.0,600.0,600.0,75,8325,680.29,582.25,606.05
8673,2021-02-28 09:40:00,600.0,600.0,600.0,600.0,75,8325,680.29,582.25,606.05
8674,2021-02-28 09:41:00,600.0,600.0,600.0,600.0,75,8325,680.29,582.25,606.05
8675,2021-02-28 09:42:00,600.0,600.0,600.0,600.0,75,8325,680.29,582.25,606.05
8676,2021-02-28 09:43:00,600.0,600.0,600.0,600.0,75,8325,680.29,582.25,606.05
8677,2021-02-28 09:44:00,600.0,600.0,600.0,600.0,75,8325,680.29,582.25,606.05
8678,2021-02-28 09:45:00,600.0,600.0,600.0,600.0,75,8325,680.29,582.25,606.05
8679,2021-02-28 09:46:00,600.0,600.0,600.0,600.0,75,8325,680.29,582.25,606.05
8680,2021-02-28 09:47:00,600.0,600.0,600.0,600.0,75,8325,680.29,582.25,606.05
8681,2021-02-28 09:48:00,600.0,600.0,600.0,600.0,75,8325,680.29,582.25,606.05
8682,2021-02-28 09:49:00,600.0,600.0,600.0,600.0,75,8325,680.29,582.25,606.05
8683,2021-02-28 09:50:00,600.0,600.0,600.0,600.0,75,8325,680.29,582.25,606.05
8684,2021-02-28 09:51:00,600.0,600.0,600.0,600.0,75,8325,680.29,582.25,606.05
8685,2021-02-28 09:52:00,600.0,600.0,600.0,600.0,75,8325,680.29,582.25,606.05
8686,2021-02-28 09:53:00,600.0,600.0,600.0,600.0,75,8325,680.29,582.25,606.05
8687,2021-02-28 09:54:00,600.0,600.0,600.0,600.0,75,8325,680.29,582.25,606.05
8688,2021-02-28 09:55:00,600.0,600.0,600.0,600.0,75,8325,680.29,582.25,606.05
8689,2021-02-28 09:56:00,600.0,600.0,600.0,600.0,75,8325,680.29,582.25,606.05
8690,2021-02-28 09:57:00,600.0,600.0,600.0,600.0,75,8325,680.29,582.25,606.05
8691,2021-02-28 09:58:00,600.0,600.0,600.0,600.0,75,8325,680.29,582.25,606.05
8692,2021-02-28 09:59:00,600.0,600.0,600.0,600.0,75,8325,680.29,582.25,606.05
8693,2021-02-28 10:00:00,600.0,600.0,600.0,600.0,75,8325,680.29,582.25,606.05
8694,2021-02-28 10:01:00,600.0,600.0,600.0,600.0,75,8325,680.29,582.25,606.05
8695,2021-02-28 10:02:00,600.0,600.0,600.0,600.0,75,8325,680.29,582.25,606.05
8696,2021-02-28 10:03:00,600.0,600.0,600.0,600.0,75,8325,680.29,582.25,606.05
8697,2021-02-28 10:04:00,600.0,600.0,600.0,600.0,75,8325,680.29,582.25,606.05
8698,2021-02-28 10:05:00,600.0,600.0,600.0,600.0,75,8325,680.29,582.25,606.05
8699,2021-02-28 10:06:00,600.0,600.0,600.0,600.0,75,8325,680.29,582.25,606.05
8700,2021-02-28 10:07:00,600.0,600.0,600.0,600.0,75,8325,680.29,582.25,606.05
8701,2021-02-28 10:08:00,600.0,600.0,600.0,600.0,75,8325,680.29,582.25,606.05
8702,2021-02-28 10:09:00,600.0,600.0,600.0,600.0,75,8325,680.29,582.25,606.05
8703,2021-02-28 10:10:00,600.0,600.0,600.0,600.0,75,8325,680.29,582.25,606.05
8704,2021-02-28 10:11:00,600.0,600.0,600.0,600.0,75,8325,680.29,582.25,606.05
8705,2021-02-28 10:12:00,600.0,600.0,600.0,600.0,75,8325,680.29,582.25,606.05
8706,2021-02-28 10:13:00,600.0,600.0,600.0,600.0,75,8325,680.29,582.25,606.05
8707,2021-02-28 10:14:00,600.0,600.0,600.0,600.0,75,8325,680.29,582.25,606.05
8708,2021-02-28 10:15:00,600.0,600.0,600.0,600.0,75,8325,680.29,582.25,606.05
8709,2021-02-28 10:16:00,600.0,600.0,600.0,600.0,75,8325,680.29,582.25,606.05
8710,2021-02-28 10:17:00,600.0,600.0,600.0,600.0,75,8325,680.29,582.25,606.05
8711,2021-02-28 10:18:00,600.0,600.0,600.0,600.0,75,8325,680.29,582.25,606.05
8712,2021-02-28 10:19:00,600.0,600.0,600.0,600.0,75,8325,680.29,582.25,606.05
8713,2021-02-28 10:20:00,600.0,600.0,600.0,600.0,75,8325,680.29,582.25,606.05
8714,2021-02-28 10:21:00,600.0,600.0,600.0,600.0,75,8325,680.29,582.25,606.05
8715,2021-02-28 10:22:00,600.0,600.0,600.0,600.0,75,8325,680.29,582.25,606.05
8716,2021-02-28 10:23:00,600.0,600.0,600.0,600.0,75,8325,680.29,582.25,606.05
8717,2021-02-28 10:24:00,600.0,600.0,600.0,600.0,75,8325,680.29,582.25,606.05
8718,2021-02-28 10:25:00,600.0,600.0,600.0,600.0,75,8325,680.29,582.25,606.05
8719,2021-02-28 10:26:00,600.0,600.0,600.0,600.0,75,8325,680.29,582.25,606.05
8720,2021-02-28 10:27:00,600.0,600.0,600.0,600.0,75,8325,680.29,582.25,606.05
8721,2021-02-28 10:28:00,600.0,600.0,600.0,600.0,75,8325,680.29,582.25,606.05
8722,2021-02-28 10:29:00,600.0,600.0,600.0,600.0,75,8325,680.29,582.25,606.05
8723,2021-02-28 10:30:00,600.0,600.0,600.0,600.0,75,8325,680.29,582.25,606.05
8724,2021-02-28 10:31:00,600.0,600.0,600.0,600.0,75,8325,680.29,582.25,606.05
8725,2021-02-28 10:32:00,600.0,600.0,600.0,600.0,75,8325,680.29,582.25,606.05
8726,2021-02-28 10:33:00,600.0,600.0,600.0,600.0,75,8325,680.29,582.25,606.05
8727,2021-02-28 10:34:00,600.0,600.0,600.0,600.0,75,8325,680.29,582.25,606.05
8728,2021-02-28 10:35:00,600.0,600.0,600.0,600.0,75,8325,680.29,582.25,606.05
8729,2021-02-28 10:36:00,600.0,600.0,600.0,600.0,75,8325,680.29,582.25,606.05
8730,2021-02-28 10:37:00,600.0,600.0,600.0,600.0,75,8325,680.29,582.25,606.05
8731,2021-02-28 10:38:00,600.0,600.0,600.0,600.0,75,8325,680.29,582.25,606.05
8732,2021-02-28 10:39:00,600.0,600.0,600.0,600.0,75,8325,680.29,582.25,606.05
8733,2021-02-28 10:40:00,600.0,600.0,600.0,600.0,75,8325,680.29,582.25,606.05
8734,2021-02-28 10:41:00,600.0,600.0,600.0,600.0,75,8325,680.29,582.25,606.05
8735,2021-02-28 10:42:00,600.0,600.0,600.0,600.0,75,8325,680.29,582.25,606.05
8736,2021-02-28 10:43:00,600.0,600.0,600.0,600.0,75,8325,680.29,582.25,606.05
8737,2021-02-28 10:44:00,600.0,600.0,600.0,600.0,75,8325,680.29,582.25,606.05
8738,2021-02-28 10:45:00,600.0,600.0,600.0,600.0,75,8325,680.29,582.25,606.05
8739,2021-02-28 10:46:00,600.0,600.0,600.0,600.0,75,8325,680.29,582.25,606.05
8740,2021-02-28 10:47:00,600.0,600.0,600.0,600.0,75,8325,680.29,582.25,606.05
8741,2021-02-28 10:48:00,600.0,600.0,600.0,600.0,75,8325,680.29,582.25,606.05
8742,2021-02-28 10:49:00,600.0,600.0,600.0,600.0,75,8325,680.29,582.25,606.05
8743,2021-02-28 10:50:00,600.0,600.0,600.0,600.0,75,8325,680.29,582.25,606.05
8744,2021-02-28 10:51:00,600.0,600.0,600.0,600.0,75,8325,680.29,582.25,606.05
8745,2021-02-28 10:52:00,600.0,600.0,600.0,600.0,75,8325,680.29,582.25,606.05
8746,2021-02-28 10:53:00,600.0,600.0,600.0,600.0,75,8325,680.29,582.25,606.05
8747,2021-02-28 10:54:00,600.0,600.0,600.0,600.0,75,8325,680.29,582.25,606.05
8748,2021-02-28 10:55:00,600.0,600.0,600.0,600.0,75,8325,680.29,582.25,606.05
8749,2021-02-28 10:56:00,600.0,600.0,600.0,600.0,75,8325,680.29,582.25,606.05
8750,2021-02-28 10:57:00,600.0,600.0,600.0,600.0,75,8325,680.29,582.25,606.05
8751,2021-02-28 10:58:00,600.0,600.0,600.0,600.0,75,8325,680.29,582.25,606.05
8752,2021-02-28 10:59:00,600.0,600.0,600.0,600.0,75,8325,680.29,582.25,606.05
8753,2021-02-28 11:00:00,600.0,600.0,600.0,600.0,75,8325,680.29,582.25,606.05
8754,2021-02-28 11:01:00,600.0,600.0,600.0,600.0,75,8325,680.29,582.25,606.05
8755,2021-02-28 11:02:00,600.0,600.0,600.0,600.0,75,8325,680.29,582.25,606.05
8756,2021-02-28 11:03:00,600.0,600.0,600.0,600.0,75,8325,680.29,582.25,606.05
8757,2021-02-28 11:04:00,600.0,600.0,600.0,600.0,75,8325,680.29,582.25,606.05
8758,2021-02-28 11:05:00,600.0,600.0,600.0,600.0,75,8325,680.29,582.25,606.05
8759,2021-02-28 11:06:00,600.0,600.0,600.0,600.0,75,8325,680.29,582.25,606.05
8760,2021-02-28 11:07:00,600.0,600.0,600.0,600.0,75,8325,680.29,582.25,606.05
8761,2021-02-28 11:08:00,600.0,600.0,600.0,600.0,75,8325,680.29,582.25,606.05
8762,2021-02-28 11:09:00,600.0,600.0,600.0,600.0,75,8325,680.29,582.25,606.05
8763,2021-02-28 11:10:00,600.0,600.0,600.0,600.0,75,8325,680.29,582.25,606.05
8764,2021-02-28 11:11:00,600.0,600.0,600.0,600.0,75,8325,680.29,582.25,606.05
8765,2021-02-28 11:12:00,600.0,600.0,600.0,600.0,75,8325,680.29,582.25,606.05
8766,2021-02-28 11:13:00,600.0,600.0,600.0,600.0,75,8325,680.29,582.25,606.05
8767,2021-02-28 11:14:00,600.0,600.0,600.0,600.0,75,8325,680.29,582.25,606.05
8768,2021-02-28 11:15:00,600.0,600.0,600.0,600.0,75,8325,680.29,582.25,606.05
8769,2021-02-28 11:16:00,600.0,600.0,600.0,600.0,75,8325,680.29,582.25,606.05
8770,2021-02-28 11:17:00,600.0,600.0,600.0,600.0,75,8325,680.29,582.25,606.05
8771,2021-02-28 11:18:00,600.0,600.0,600.0,600.0,75,8325,680.29,582.25,606.05
8772,2021-02-28 11:19:00,600.0,600.0,600.0,600.0,75,8325,680.29,582.25,606.05
8773,2021-02-28 11:20:00,600.0,600.0,600.0,600.0,75,8325,680.29,582.25,606.05
8774,2021-02-28 11:21:00,600.0,600.0,600.0,600.0,75,8325,680.29,582.25,606.05
8775,2021-02-28 11:22:00,600.0,600.0,600.0,600.0,75,8325,680.29,582.25,606.05
8776,2021-02-28 11:23:00,600.0,600.0,600.0,600.0,75,8325,680.29,582.25,606.05
8777,2021-02-28 11:24:00,600.0,600.0,600.0,600.0,75,8325,680.29,582.25,606.05
8778,2021-02-28 11:25:00,600.0,600.0,600.0,600.0,75,8325,680.29,582.25,606.05
8779,2021-02-28 11:26:00,600.0,600.0,600.0,600.0,75,8325,680.29,582.25,606.05
8780,2021-02-28 11:27:00,600.0,600.0,600.0,600.0,75,8325,680.29,582.25,606.05
8781,2021-02-28 11:28:00,600.0,600.0,600.0,600.0,75,8325,680.29,582.25,606.05
8782,2021-02-28 11:29:00,600.0,600.0,600.0,600.0,75,8325,680.29,582.25,606.05
8783,2021-02-28 11:30:00,600.0,600.0,600.0,600.0,75,8325,680.29,582.25,606.05
8784,2021-02-28 11:31:00,600.0,600.0,600.0,600.0,75,8325,680.29,582.25,606.05
8785,2021-02-28 11:32:00,600.0,600.0,600.0,600.0,75,8325,680.29,582.25,606.05
8786,2021-02-28 11:33:00,600.0,600.0,600.0,600.0,75,8325,680.29,582.25,606.05
8787,2021-02-28 11:34:00,600.0,600.0,600.0,600.0,75,8325,680.29,582.25,606.05
8788,2021-02-28 11:35:00,600.0,600.0,600.0,600.0,75,8325,680.29,582.25,606.05
8789,2021-02-28 11:36:00,600.0,600.0,600.0,600.0,75,8325,680.29,582.25,606.05
8790,2021-02-28 11:37:00,600.0,600.0,600.0,600.0,75,8325,680.29,582.25,606.05
8791,2021-02-28 11:38:00,600.0,600.0,600.0,600.0,75,8325,680.29,582.25,606.05
8792,2021-02-28 11:39:00,600.0,600.0,600.0,600.0,75,8325,680.29,582.25,606.05
8793,2021-02-28 11:40:00,600.0,600.0,600.0,600.0,75,8325,680.29,582.25,606.05
8794,2021-02-28 11:41:00,600.0,600.0,600.0,600.0,75,8325,680.29,582.25,606.05
8795,2021-02-28 11:42:00,600.0,600.0,600.0,600.0,75,8325,680.29,582.25,606.05
8796,2021-02-28 11:43:00,600.0,600.0,600.0,600.0,75,8325,680.29,582.25,606.05
8797,2021-02-28 11:44:00,600.0,600.0,600.0,600.0,75,8325,680.29,582.25,606.05
8798,2021-02-28 11:45:00,600.0,600.0,600.0,600.0,75,8325,680.29,582.25,606.05
8799,2021-02-28 11:46:00,600.0,600.0,600.0,600.0,75,8325,680.29,582.25,606.05
8800,2021-02-28 11:47:00,600.0,600.0,600.0,600.0,75,8325,680.29,582.25,606.05
8801,2021-02-28 11:48:00,600.0,600.0,600.0,600.0,75,8325,680.29,582.25,606.05
8802,2021-02-28 11:49:00,600.0,600.0,600.0,600.0,75,8325,680.29,582.25,606.05
8803,2021-02-28 11:50:00,600.0,600.0,600.0,600.0,75,8325,680.29,582.25,606.05
8804,2021-02-28 11:51:00,600.0,600.0,600.0,600.0,75,8325,680.29,582.25,606.05
8805,2021-02-28 11:52:00,600.0,600.0,600.0,600.0,75,8325,680.29,582.25,606.05
8806,2021-02-28 11:53:00,600.0,600.0,600.0,600.0,75,8325,680.29,582.25,606.05
8807,2021-02-28 11:54:00,600.0,600.0,600.0,600.0,75,8325,680.29,582.25,606.05
8808,2021-02-28 11:55:00,600.0,600.0,600.0,600.0,75,8325,680.29,582.25,606.05
8809,2021-02-28 11:56:00,600.0,600.0,600.0,600.0,75,8325,680.29,582.25,606.05
8810,2021-02-28 11:57:00,600.0,600.0,600.0,600.0,75,8325,680.29,582.25,606.05
8811,2021-02-28 11:58:00,600.0,600.0,600.0,600.0,75,8325,680.29,582.25,606.05
8812,2021-02-28 11:59:00,600.0,600.0,600.0,600.0,75,8325,680.29,582.25,606.05
8813,2021-02-28 12:00:00,600.0,600.0,600.0,600.0,75,8325,680.29,582.25,606.05
8814,2021-02-28 12:01:00,600.0,600.0,600.0,600.0,75,8325,680.29,582.25,606.05
8815,2021-02-28 12:02:00,600.0,600.0,600.0,600.0,75,8325,680.29,582.25,606.05
8816,2021-02-28 12:03:00,600.0,600.0,600.0,600.0,75,8325,680.29,582.25,606.05
8817,2021-02-28 12:04:00,600.0,600.0,600.0,600.0,75,8325,680.29,582.25,606.05
8818,2021-02-28 12:05:00,600.0,600.0,600.0,600.0,75,8325,680.29,582.25,606.05
8819,2021-02-28 12:06:00,600.0,600.0,600.0,600.0,75,8325,680.29,582.25,606.05
8820,2021-02-28 12:07:00,600.0,600.0,600.0,600.0,75,8325,680.29,582.25,606.05
8821,2021-02-28 12:08:00,600.0,600.0,600.0,600.0,75,8325,680.29,582.25,606.05
8822,2021-02-28 12:09:00,600.0,600.0,600.0,600.0,75,8325,680.29,582.25,606.05
8823,2021-02-28 12:10:00,600.0,600.0,600.0,600.0,75,8325,680.29,582.25,606.05
8824,2021-02-28 12:11:00,600.0,600.0,600.0,600.0,75,8325,680.29,582.25,606.05
8825,2021-02-28 12:12:00,600.0,600.0,600.0,600.0,75,8325,680.29,582.25,606.05
8826,2021-02-28 12:13:00,600.0,600.0,600.0,600.0,75,8325,680.29,582.25,606.05
8827,2021-02-28 12:14:00,600.0,600.0,600.0,600.0,75,8325,680.29,582.25,606.05
8828,2021-02-28 12:15:00,600.0,600.0,600.0,600.0,75,8325,680.29,582.25,606.05
8829,2021-02-28 12:16:00,600.0,600.0,600.0,600.0,75,8325,680.29,582.25,606.05
8830,2021-02-28 12:17:00,600.0,600.0,600.0,600.0,75,8325,680.29,582.25,606.05
8831,2021-02-28 12:18:00,600.0,600.0,600.0,600.0,75,8325,680.29,582.25,606.05
8832,2021-02-28 12:19:00,600.0,600.0,600.0,600.0,75,8325,680.29,582.25,606.05
8833,2021-02-28 12:20:00,600.0,600.0,600.0,600.0,75,8325,680.29,582.25,606.05
8834,2021-02-28 12:21:00,600.0,600.0,600.0,600.0,75,8325,680.29,582.25,606.05
8835,2021-02-28 12:22:00,600.0,600.0,600.0,600.0,75,8325,680.29,582.25,606.05
8836,2021-02-28 12:23:00,600.0,600.0,600.0,600.0,75,8325,680.29,582.25,606.05
8837,2021-02-28 12:24:00,600.0,600.0,600.0,600.0,75,8325,680.29,582.25,606.05
8838,2021-02-28 12:25:00,600.0,600.0,600.0,600.0,75,8325,680.29,582.25,606.05
8839,2021-02-28 12:26:00,600.0,600.0,600.0,600.0,75,8325,680.29,582.25,606.05
8840,2021-02-28 12:27:00,600.0,600.0,600.0,600.0,75,8325,680.29,582.25,606.05
8841,2021-02-28 12:28:00,600.0,600.0,600.0,600.0,75,8325,680.29,582.25,606.05
8842,2021-02-28 12:29:00,600.0,600.0,600.0,600.0,75,8325,680.29,582.25,606.05
8843,2021-02-28 12:30:00,600.0,600.0,600.0,600.0,75,8325,680.29,582.25,606.05
8844,2021-02-28 12:31:00,600.0,600.0,600.0,600.0,75,8325,680.29,582.25,606.05
8845,2021-02-28 12:32:00,600.0,600.0,600.0,600.0,75,8325,680.29,582.25,606.05
8846,2021-02-28 12:33:00,600.0,600.0,600.0,600.0,75,8325,680.29,582.25,606.05
8847,2021-02-28 12:34:00,600.0,600.0,600.0,600.0,75,8325,680.29,582.25,606.05
8848,2021-02-28 12:35:00,600.0,600.0,600.0,600.0,75,8325,680.29,582.25,606.05
8849,2021-02-28 12:36:00,600.0,600.0,600.0,600.0,75,8325,680.29,582.25,606.05
8850,2021-02-28 12:37:00,600.0,600.0,600.0,600.0,75,8325,680.29,582.25,606.05
8851,2021-02-28 12:38:00,600.0,600.0,600.0,600.0,75,8325,680.29,582.25,606.05
8852,2021-02-28 12:39:00,600.0,600.0,600.0,600.0,75,8325,680.29,582.25,606.05
8853,2021-02-28 12:40:00,600.0,600.0,600.0,600.0,75,8325,680.29,582.25,606.05
8854,2021-02-28 12:41:00,600.0,600.0,600.0,600.0,75,8325,680.29,582.25,606.05
8855,2021-02-28 12:42:00,600.0,600.0,600.0,600.0,75,8325,680.29,582.25,606.05
8856,2021-02-28 12:43:00,600.0,600.0,600.0,600.0,75,8325,680.29,582.25,606.05
8857,2021-02-28 12:44:00,600.0,600.0,600.0,600.0,75,8325,680.29,582.25,606.05
8858,2021-02-28 12:45:00,600.0,600.0,600.0,600.0,75,8325,680.29,582.25,606.05
8859,2021-02-28 12:46:00,600.0,600.0,600.0,600.0,75,8325,680.29,582.25,606.05
8860,2021-02-28 12:47:00,600.0,600.0,600.0,600.0,75,8325,680.29,582.25,606.05
8861,2021-02-28 12:48:00,600.0,600.0,600.0,600.0,75,8325,680.29,582.25,606.05
8862,2021-02-28 12:49:00,600.0,600.0,600.0,600.0,75,8325,680.29,582.25,606.05
8863,2021-02-28 12:50:00,600.0,600.0,600.0,600.0,75,8325,680.29,582.25,606.05
8864,2021-02-28 12:51:00,600.0,600.0,600.0,600.0,75,8325,680.29,582.25,606.05
8865,2021-02-28 12:52:00,600.0,600.0,600.0,600.0,75,8325,680.29,582.25,606.05
8866,2021-02-28 12:53:00,600.0,600.0,600.0,600.0,75,8325,680.29,582.25,606.05
8867,2021-02-28 12:54:00,600.0,600.0,600.0,600.0,75,8325,680.29,582.25,606.05
8868,2021-02-28 12:55:00,600.0,600.0,600.0,600.0,75,8325,680.29,582.25,606.05
8869,2021-02-28 12:56:00,600.0,600.0,600.0,600.0,75,8325,680.29,582.25,606.05
8870,2021-02-28 12:57:00,600.0,600.0,600.0,600.0,75,8325,680.29,582.25,606.05
8871,2021-02-28 12:58:00,600.0,600.0,600.0,600.0,75,8325,680.29,582.25,606.05
8872,2021-02-28 12:59:00,600.0,600.0,600.0,600.0,75,8325,680.29,582.25,606.05
8873,2021-02-28 13:00:00,600.0,600.0,600.0,600.0,75,8325,680.29,582.25,606.05
8874,2021-02-28 13:01:00,600.0,600.0,600.0,600.0,75,8325,680.29,582.25,606.05
8875,2021-02-28 13:02:00,600.0,600.0,600.0,600.0,75,8325,680.29,582.25,606.05
8876,2021-02-28 13:03:00,600.0,600.0,600.0,600.0,75,8325,680.29,582.25,606.05
8877,2021-02-28 13:04:00,600.0,600.0,600.0,600.0,75,8325,680.29,582.25,606.05
8878,2021-02-28 13:05:00,600.0,600.0,600.0,600.0,75,8325,680.29,582.25,606.05
8879,2021-02-28 13:06:00,600.0,600.0,600.0,600.0,75,8325,680.29,582.25,606.05
8880,2021-02-28 13:07:00,600.0,600.0,600.0,600.0,75,8325,680.29,582.25,606.05
8881,2021-02-28 13:08:00,600.0,600.0,600.0,600.0,75,8325,680.29,582.25,606.05
8882,2021-02-28 13:09:00,600.0,600.0,600.0,600.0,75,8325,680.29,582.25,606.05
8883,2021-02-28 13:10:00,600.0,600.0,600.0,600.0,75,8325,680.29,582.25,606.05
8884,2021-02-28 13:11:00,600.0,600.0,600.0,600.0,75,8325,680.29,582.25,606.05
8885,2021-02-28 13:12:00,600.0,600.0,600.0,600.0,75,8325,680.29,582.25,606.05
8886,2021-02-28 13:13:00,600.0,600.0,600.0,600.0,75,8325,680.29,582.25,606.05
8887,2021-02-28 13:14:00,600.0,600.0,600.0,600.0,75,8325,680.29,582.25,606.05
8888,2021-02-28 13:15:00,600.0,600.0,600.0,600.0,75,8325,680.29,582.25,606.05
8889,2021-02-28 13:16:00,600.0,600.0,600.0,600.0,75,8325,680.29,582.25,606.05
8890,2021-02-28 13:17:00,600.0,600.0,600.0,600.0,75,8325,680.29,582.25,606.05
8891,2021-02-28 13:18:00,600.0,600.0,600.0,600.0,75,8325,680.29,582.25,606.05
8892,2021-02-28 13:19:00,600.0,600.0,600.0,600.0,75,8325,680.29,582.25,606.05
8893,2021-02-28 13:20:00,600.0,600.0,600.0,600.0,75,8325,680.29,582.25,606.05
8894,2021-02-28 13:21:00,600.0,600.0,600.0,600.0,75,8325,680.29,582.25,606.05
8895,2021-02-28 13:22:00,600.0,600.0,600.0,600.0,75,8325,680.29,582.25,606.05
8896,2021-02-28 13:23:00,600.0,600.0,600.0,600.0,75,8325,680.29,582.25,606.05
8897,2021-02-28 13:24:00,600.0,600.0,600.0,600.0,75,8325,680.29,582.25,606.05
8898,2021-02-28 13:25:00,600.0,600.0,600.0,600.0,75,8325,680.29,582.25,606.05
8899,2021-02-28 13:26:00,600.0,600.0,600.0,600.0,75,8325,680.29,582.25,606.05
8900,2021-02-28 13:27:00,600.0,600.0,600.0,600.0,75,8325,680.29,582.25,606.05
8901,2021-02-28 13:28:00,600.0,600.0,600.0,600.0,75,8325,680.29,582.25,606.05
8902,2021-02-28 13:29:00,600.0,600.0,600.0,600.0,75,8325,680.29,582.25,606.05
8903,2021-02-28 13:30:00,600.0,600.0,600.0,600.0,75,8325,680.29,582.25,606.05
8904,2021-02-28 13:31:00,600.0,600.0,600.0,600.0,75,8325,680.29,582.25,606.05
8905,2021-02-28 13:32:00,600.0,600.0,600.0,600.0,75,8325,680.29,582.25,606.05
8906,2021-02-28 13:33:00,600.0,600.0,600.0,600.0,75,8325,680.29,582.25,606.05
8907,2021-02-28 13:34:00,600.0,600.0,600.0,600.0,75,8325,680.29,582.25,606.05
8908,2021-02-28 13:35:00,600.0,600.0,600.0,600.0,75,8325,680.29,582.25,606.05
8909,2021-02-28 13:36:00,600.0,600.0,600.0,600.0,75,8325,680.29,582.25,606.05
8910,2021-02-28 13:37:00,600.0,600.0,600.0,600.0,75,8325,680.29,582.25,606.05
8911,2021-02-28 13:38:00,600.0,600.0,600.0,600.0,75,8325,680.29,582.25,606.05
8912,2021-02-28 13:39:00,600.0,600.0,600.0,600.0,75,8325,680.29,582.25,606.05
8913,2021-02-28 13:40:00,600.0,600.0,600.0,600.0,75,8325,680.29,582.25,606.05
8914,2021-02-28 13:41:00,600.0,600.0,600.0,600.0,75,8325,680.29,582.25,606.05
8915,2021-02-28 13:42:00,600.0,600.0,600.0,600.0,75,8325,680.29,582.25,606.05
8916,2021-02-28 13:43:00,600.0,600.0,600.0,600.0,75,8325,680.29,582.25,606.05
8917,2021-02-28 13:44:00,600.0,600.0,600.0,600.0,75,8325,680.29,582.25,606.05
8918,2021-02-28 13:45:00,600.0,600.0,600.0,600.0,75,8325,680.29,582.25,606.05
8919,2021-02-28 13:46:00,600.0,600.0,600.0,600.0,75,8325,680.29,582.25,606.05
8920,2021-02-28 13:47:00,600.0,600.0,600.0,600.0,75,8325,680.29,582.25,606.05
8921,2021-02-28 13:48:00,600.0,600.0,600.0,600.0,75,8325,680.29,582.25,606.05
8922,2021-02-28 13:49:00,600.0,600.0,600.0,600.0,75,8325,680.29,582.25,606.05
8923,2021-02-28 13:50:00,600.0,600.0,600.0,600.0,75,8325,680.29,582.25,606.05
8924,2021-02-28 13:51:00,600.0,600.0,600.0,600.0,75,8325,680.29,582.25,606.05
8925,2021-02-28 13:52:00,600.0,600.0,600.0,600.0,75,8325,680.29,582.25,606.05
8926,2021-02-28 13:53:00,600.0,600.0,600.0,600.0,75,8325,680.29,582.25,606.05
8927,2021-02-28 13:54:00,600.0,600.0,600.0,600.0,75,8325,680.29,582.25,606.05
8928,2021-02-28 13:55:00,600.0,600.0,600.0,600.0,75,8325,680.29,582.25,606.05
8929,2021-02-28 13:56:00,600.0,600.0,600.0,600.0,75,8325,680.29,582.25,606.05
8930,2021-02-28 13:57:00,600.0,600.0,600.0,600.0,75,8325,680.29,582.25,606.05
8931,2021-02-28 13:58:00,600.0,600.0,600.0,600.0,75,8325,680.29,582.25,606.05
8932,2021-02-28 13:59:00,600.0,600.0,600.0,600.0,75,8325,680.29,582.25,606.05
8933,2021-02-28 14:00:00,600.0,600.0,600.0,600.0,75,8325,680.29,582.25,606.05
8934,2021-02-28 14:01:00,600.0,600.0,600.0,600.0,75,8325,680.29,582.25,606.05
8935,2021-02-28 14:02:00,600.0,600.0,600.0,600.0,75,8325,680.29,582.25,606.05
8936,2021-02-28 14:03:00,600.0,600.0,600.0,600.0,75,8325,680.29,582.25,606.05
8937,2021-02-28 14:04:00,600.0,600.0,600.0,600.0,75,8325,680.29,582.25,606.05
8938,2021-02-28 14:05:00,600.0,600.0,600.0,600.0,75,8325,680.29,582.25,606.05
8939,2021-02-28 14:06:00,600.0,600.0,600.0,600.0,75,8325,680.29,582.25,606.05
8940,2021-02-28 14:07:00,600.0,600.0,600.0,600.0,75,8325,680.29,582.25,606.05
8941,2021-02-28 14:08:00,600.0,600.0,600.0,600.0,75,8325,680.29,582.25,606.05
8942,2021-02-28 14:09:00,600.0,600.0,600.0,600.0,75,8325,680.29,582.25,606.05
8943,2021-02-28 14:10:00,600.0,600.0,600.0,600.0,75,8325,680.29,582.25,606.05
8944,2021-02-28 14:11:00,600.0,600.0,600.0,600.0,75,8325,680.29,582.25,606.05
8945,2021-02-28 14:12:00,600.0,600.0,600.0,600.0,75,8325,680.29,582.25,606.05
8946,2021-02-28 14:13:00,600.0,600.0,600.0,600.0,75,8325,680.29,582.25,606.05
8947,2021-02-28 14:14:00,600.0,600.0,600.0,600.0,75,8325,680.29,582.25,606.05
8948,2021-02-28 14:15:00,600.0,600.0,600.0,600.0,75,8325,680.29,582.25,606.05
8949,2021-02-28 14:16:00,600.0,600.0,600.0,600.0,75,8325,680.29,582.25,606.05
8950,2021-02-28 14:17:00,600.0,600.0,600.0,600.0,75,8325,680.29,582.25,606.05
8951,2021-02-28 14:18:00,600.0,600.0,600.0,600.0,75,8325,680.29,582.25,606.05
8952,2021-02-28 14:19:00,600.0,600.0,600.0,600.0,75,8325,680.29,582.25,606.05
8953,2021-02-28 14:20:00,600.0,600.0,600.0,600.0,75,8325,680.29,582.25,606.05
8954,2021-02-28 14:21:00,600.0,600.0,600.0,600.0,75,8325,680.29,582.25,606.05
8955,2021-02-28 14:22:00,600.0,600.0,600.0,600.0,75,8325,680.29,582.25,606.05
8956,2021-02-28 14:23:00,600.0,600.0,600.0,600.0,75,8325,680.29,582.25,606.05
8957,2021-02-28 14:24:00,600.0,600.0,600.0,600.0,75,8325,680.29,582.25,606.05
8958,2021-02-28 14:25:00,600.0,600.0,600.0,600.0,75,8325,680.29,582.25,606.05
8959,2021-02-28 14:26:00,600.0,600.0,600.0,600.0,75,8325,680.29,582.25,606.05
8960,2021-02-28 14:27:00,600.0,600.0,600.0,600.0,75,8325,680.29,582.25,606.05
8961,2021-02-28 14:28:00,600.0,600.0,600.0,600.0,75,8325,680.29,582.25,606.05
8962,2021-02-28 14:29:00,600.0,600.0,600.0,600.0,75,8325,680.29,582.25,606.05
8963,2021-02-28 14:30:00,600.0,600.0,600.0,600.0,75,8325,680.29,582.25,606.05
8964,2021-02-28 14:31:00,600.0,600.0,600.0,600.0,75,8325,680.29,582.25,606.05
8965,2021-02-28 14:32:00,600.0,600.0,600.0,600.0,75,8325,680.29,582.25,606.05
8966,2021-02-28 14:33:00,600.0,600.0,600.0,600.0,75,8325,680.29,582.25,606.05
8967,2021-02-28 14:34:00,600.0,600.0,600.0,600.0,75,8325,680.29,582.25,606.05
8968,2021-02-28 14:35:00,600.0,600.0,600.0,600.0,75,8325,680.29,582.25,606.05
8969,2021-02-28 14:36:00,600.0,600.0,600.0,600.0,75,8325,680.29,582.25,606.05
8970,2021-02-28 14:37:00,600.0,600.0,600.0,600.0,75,8325,680.29,582.25,606.05
8971,2021-02-28 14:38:00,600.0,600.0,600.0,600.0,75,8325,680.29,582.25,606.05
8972,2021-02-28 14:39:00,600.0,600.0,600.0,600.0,75,8325,680.29,582.25,606.05
8973,2021-02-28 14:40:00,600.0,600.0,600.0,600.0,75,8325,680.29,582.25,606.05
8974,2021-02-28 14:41:00,600.0,600.0,600.0,600.0,75,8325,680.29,582.25,606.05
8975,2021-02-28 14:42:00,600.0,600.0,600.0,600.0,75,8325,680.29,582.25,606.05
8976,2021-02-28 14:43:00,600.0,600.0,600.0,600.0,75,8325,680.29,582.25,606.05
8977,2021-02-28 14:44:00,600.0,600.0,600.0,600.0,75,8325,680.29,582.25,606.05
8978,2021-02-28 14:45:00,600.0,600.0,600.0,600.0,75,8325,680.29,582.25,606.05
8979,2021-02-28 14:46:00,600.0,600.0,600.0,600.0,75,8325,680.29,582.25,606.05
8980,2021-02-28 14:47:00,600.0,600.0,600.0,600.0,75,8325,680.29,582.25,606.05
8981,2021-02-28 14:48:00,600.0,600.0,600.0,600.0,75,8325,680.29,582.25,606.05
8982,2021-02-28 14:49:00,600.0,600.0,600.0,600.0,75,8325,680.29,582.25,606.05
8983,2021-02-28 14:50:00,600.0,600.0,600.0,600.0,75,8325,680.29,582.25,606.05
8984,2021-02-28 14:51:00,600.0,600.0,600.0,600.0,75,8325,680.29,582.25,606.05
8985,2021-02-28 14:52:00,600.0,600.0,600.0,600.0,75,8325,680.29,582.25,606.05
8986,2021-02-28 14:53:00,600.0,600.0,600.0,600.0,75,8325,680.29,582.25,606.05
8987,2021-02-28 14:54:00,600.0,600.0,600.0,600.0,75,8325,680.29,582.25,606.05
8988,2021-02-28 14:55:00,600.0,600.0,600.0,600.0,75,8325,680.29,582.25,606.05
8989,2021-02-28 14:56:00,600.0,600.0,600.0,600.0,75,8325,680.29,582.25,606.05
8990,2021-02-28 14:57:00,600.0,600.0,600.0,600.0,75,8325,680.29,582.25,606.05
8991,2021-02-28 14:58:00,600.0,600.0,600.0,600.0,75,8325,680.29,582.25,606.05
8992,2021-02-28 14:59:00,600.0,600.0,600.0,600.0,75,8325,680.29,582.25,606.05
8993,2021-02-28 15:00:00,600.0,600.0,600.0,600.0,75,8325,680.29,582.25,606.05
8994,2021-02-28 15:01:00,600.0,600.0,600.0,600.0,75,8325,680.29,582.25,606.05
8995,2021-02-28 15:02:00,600.0,600.0,600.0,600.0,75,8325,680.29,582.25,606.05
8996,2021-02-28 15:03:00,600.0,600.0,600.0,600.0,75,8325,680.29,582.25,606.05
8997,2021-02-28 15:04:00,600.0,600.0,600.0,600.0,75,8325,680.29,582.25,606.05
8998,2021-02-28 15:05:00,600.0,600.0,600.0,600.0,75,8325,680.29,582.25,606.05
8999,2021-02-28 15:06:00,600.0,600.0,600.0,600.0,75,8325,680.29,582.25,606.05
9000,2021-02-28 15:07:00,600.0,600.0,600.0,600.0,75,8325,680.29,582.25,606.05
9001,2021-02-28 15:08:00,600.0,600.0,600.0,600.0,75,8325,680.29,582.25,606.05
9002,2021-02-28 15:09:00,600.0,600.0,600.0,600.0,75,8325,680.29,582.25,606.05
9003,2021-02-28 15:10:00,600.0,600.0,600.0,600.0,75,8325,680.29,582.25,606.05
9004,2021-02-28 15:11:00,600.0,600.0,600.0,600.0,75,8325,680.29,582.25,606.05
9005,2021-02-28 15:12:00,600.0,600.0,600.0,600.0,75,8325,680.29,582.25,606.05
9006,2021-02-28 15:13:00,600.0,600.0,600.0,600.0,75,8325,680.29,582.25,606.05
9007,2021-02-28 15:14:00,600.0,600.0,600.0,600.0,75,8325,680.29,582.25,606.05
9008,2021-02-28 15:15:00,600.0,600.0,600.0,600.0,75,8325,680.29,582.25,606.05
9009,2021-02-28 15:16:00,600.0,600.0,600.0,600.0,75,8325,680.29,582.25,606.05
9010,2021-02-28 15:17:00,600.0,600.0,600.0,600.0,75,8325,680.29,582.25,606.05
9011,2021-02-28 15:18:00,600.0,600.0,600.0,600.0,75,8325,680.29,582.25,606.05
9012,2021-02-28 15:19:00,600.0,600.0,600.0,600.0,75,8325,680.29,582.25,606.05
9013,2021-02-28 15:20:00,600.0,600.0,600.0,600.0,75,8325,680.29,582.25,606.05
9014,2021-02-28 15:21:00,600.0,600.0,600.0,600.0,75,8325,680.29,582.25,606.05
9015,2021-02-28 15:22:00,600.0,600.0,600.0,600.0,75,8325,680.29,582.25,606.05
9016,2021-02-28 15:23:00,600.0,600.0,600.0,600.0,75,8325,680.29,582.25,606.05
9017,2021-02-28 15:24:00,600.0,600.0,600.0,600.0,75,8325,680.29,582.25,606.05
9018,2021-02-28 15:25:00,600.0,600.0,600.0,600.0,75,8325,680.29,582.25,606.05
9019,2021-02-28 15:26:00,600.0,600.0,600.0,600.0,75,8325,680.29,582.25,606.05
9020,2021-02-28 15:27:00,600.0,600.0,600.0,600.0,75,8325,680.29,582.25,606.05
9021,2021-02-28 15:28:00,600.0,600.0,600.0,600.0,75,8325,680.29,582.25,606.05
9022,2021-02-28 15:29:00,600.0,600.0,600.0,600.0,75,8325,680.29,582.25,606.05
9023,2021-02-28 15:30:00,600.0,600.0,600.0,600.0,75,8325,680.29,582.25,606.05
9024,2021-03-01 09:15:00,750.0,750.0,750.0,750.0,25,7850,750.0,638.9,701.25
9025,2021-03-01 09:16:00,652.35,652.35,652.35,652.35,75,7850,681.92,661.25,677.8
9026,2021-03-01 09:17:00,668.9,677.95,665.5,665.5,150,7875,673.85,661.9,674.35
9027,2021-03-01 09:18:00,674.35,674.35,674.35,674.35,25,7875,673.89,662.35,674.85
9028,2021-03-01 09:19:00,673.65,673.65,672.35,672.35,125,7875,673.92,666.5,675.0
9029,2021-03-01 09:20:00,675.0,678.75,675.0,678.75,100,7775,674.32,680.35,697.2
9030,2021-03-01 09:21:00,706.0,706.0,706.0,706.0,25,7775,675.83,690.9,700.65
9031,2021-03-01 09:22:00,689.85,699.45,689.85,699.45,50,7775,677.47,689.45,701.9
9032,2021-03-01 09:23:00,680.15,689.35,680.15,689.35,125,7750,679.02,685.1,695.7
9033,2021-03-01 09:24:00,694.7,695.45,690.3,693.45,100,7750,680.83,688.95,698.3
9034,2021-03-01 09:25:00,701.95,701.95,701.95,701.95,25,7750,681.47,694.15,702.95
9035,2021-03-01 09:26:00,701.95,701.95,701.95,701.95,25,7750,681.47,694.15,702.95
9036,2021-03-01 09:27:00,698.65,698.65,690.3,690.3,50,7675,682.21,689.5,698.6
9037,2021-03-01 09:28:00,687.35,687.35,679.7,679.7,675,7675,682.69,672.35,690.35
9038,2021-03-01 09:29:00,672.35,689.05,672.35,689.05,50,7850,682.63,685.7,698.65
9039,2021-03-01 09:30:00,689.05,689.05,660.1,660.1,200,7850,681.08,655.55,670.45
9040,2021-03-01 09:31:00,655.55,667.3,655.55,667.3,50,7850,680.55,660.6,669.5
9041,2021-03-01 09:32:00,630.55,630.55,630.55,630.55,25,7975,679.88,625.65,637.8
9042,2021-03-01 09:33:00,630.55,630.55,630.55,630.55,25,7975,679.88,625.65,637.8
9043,2021-03-01 09:34:00,630.55,630.55,630.55,630.55,25,7975,679.88,625.65,637.8
9044,2021-03-01 09:35:00,641.15,641.15,641.15,641.15,25,7975,679.37,653.85,664.55
9045,2021-03-01 09:36:00,658.15,670.05,658.15,668.9,925,7950,670.1,657.6,671.85
9046,2021-03-01 09:37:00,671.9,681.3,671.9,681.3,50,7950,670.21,668.3,680.5
9047,2021-03-01 09:38:00,680.5,680.5,680.5,680.5,25,0,670.3,672.45,688.95
9048,2021-03-01 09:39:00,680.5,680.5,680.5,680.5,25,0,670.3,672.45,688.95
9049,2021-03-01 09:40:00,698.65,698.65,698.65,698.65,25,8150,670.54,699.95,707.95
9050,2021-03-01 09:41:00,698.65,698.65,698.65,698.65,25,8150,670.54,699.95,707.95
9051,2021-03-01 09:42:00,689.0,689.0,689.0,689.0,25,8150,670.7,689.95,702.45
9052,2021-03-01 09:43:00,689.0,689.0,689.0,689.0,25,8150,670.7,689.95,702.45
9053,2021-03-01 09:44:00,689.0,689.0,689.0,689.0,25,8150,670.7,689.95,702.45
9054,2021-03-01 09:45:00,709.0,714.85,709.0,714.85,75,8150,671.74,714.8,729.75
9055,2021-03-01 09:46:00,727.7,727.7,720.35,725.75,150,8150,674.23,721.05,728.4
9056,2021-03-01 09:47:00,728.7,739.9,728.7,737.35,1225,7900,692.08,735.2,751.2
9057,2021-03-01 09:48:00,728.7,739.9,728.7,737.35,1225,7900,692.08,735.2,751.2
9058,2021-03-01 09:49:00,743.05,743.05,743.05,743.05,150,7900,693.65,740.35,746.15
9059,2021-03-01 09:50:00,742.25,743.15,733.7,737.2,175,7050,695.35,730.65,740.2
9060,2021-03-01 09:51:00,736.45,736.45,736.45,736.45,25,7050,695.57,716.25,725.25
9061,2021-03-01 09:52:00,722.15,728.8,722.15,728.8,50,7050,695.88,722.25,732.7
9062,2021-03-01 09:53:00,740.85,740.85,721.35,721.35,525,7025,699.16,717.5,728.5
9063,2021-03-01 09:54:00,718.2,718.2,718.2,718.2,25,7025,699.25,718.15,733.1
9064,2021-03-01 09:55:00,720.05,724.1,712.75,721.75,125,7025,699.73,708.35,717.3
9065,2021-03-01 09:56:00,721.75,721.75,721.75,721.75,25,6825,699.83,708.75,720.75
9066,2021-03-01 09:57:00,721.75,721.75,721.75,721.75,25,6825,699.83,708.75,720.75
9067,2021-03-01 09:58:00,721.75,721.75,721.75,721.75,25,6825,699.83,708.75,720.75
9068,2021-03-01 09:59:00,703.35,703.35,696.2,696.2,225,6825,699.76,705.3,713.5
9069,2021-03-01 10:00:00,723.85,723.85,723.85,723.85,25,6825,699.87,707.65,723.15
9070,2021-03-01 10:01:00,723.85,723.85,723.85,723.85,25,6825,699.87,707.65,723.15
9071,2021-03-01 10:02:00,711.3,711.3,704.5,704.5,75,6675,699.96,697.3,709.85
9072,2021-03-01 10:03:00,711.3,711.3,704.5,704.5,75,6675,699.96,697.3,709.85
9073,2021-03-01 10:04:00,698.75,698.75,698.75,698.75,50,6675,699.95,688.25,698.75
9074,2021-03-01 10:05:00,685.7,690.85,685.7,690.85,50,6750,699.85,681.45,690.4
9075,2021-03-01 10:06:00,690.45,690.45,690.45,690.45,50,6750,699.77,677.55,688.6
9076,2021-03-01 10:07:00,690.45,690.45,690.45,690.45,50,6750,699.77,677.55,688.6
9077,2021-03-01 10:08:00,690.45,690.45,690.45,690.45,50,6750,699.77,677.55,688.6
9078,2021-03-01 10:09:00,686.7,686.7,686.7,686.7,50,6700,699.66,682.65,698.95
9079,2021-03-01 10:10:00,696.15,696.15,696.15,696.15,25,6700,699.65,688.9,697.55
9080,2021-03-01 10:11:00,685.3,685.3,685.3,685.3,25,6700,699.59,675.0,688.2
9081,2021-03-01 10:12:00,685.3,685.3,685.3,685.3,25,6700,699.59,675.0,688.2
9082,2021-03-01 10:13:00,692.45,692.45,692.45,692.45,25,6700,699.56,689.3,698.05
9083,2021-03-01 10:14:00,692.75,692.75,692.75,692.75,25,6700,699.53,686.45,694.3
9084,2021-03-01 10:15:00,692.75,692.75,692.75,692.75,25,6700,699.53,686.45,694.3
9085,2021-03-01 10:16:00,692.75,692.75,692.75,692.75,25,6700,699.53,686.45,694.3
9086,2021-03-01 10:17:00,698.35,698.35,698.35,698.35,25,6675,699.52,697.2,707.15
9087,2021-03-01 10:18:00,698.35,698.35,698.35,698.35,25,6675,699.52,697.2,707.15
9088,2021-03-01 10:19:00,698.35,698.35,698.35,698.35,25,6675,699.52,697.2,707.15
9089,2021-03-01 10:20:00,698.35,698.35,698.35,698.35,25,6675,699.52,697.2,707.15
9090,2021-03-01 10:21:00,713.85,713.85,713.85,713.85,50,6650,699.64,708.05,714.45
9091,2021-03-01 10:22:00,713.85,713.85,713.85,713.85,50,6650,699.64,708.05,714.45
9092,2021-03-01 10:23:00,713.85,713.85,713.85,713.85,50,6650,699.64,708.05,714.45
9093,2021-03-01 10:24:00,713.85,713.85,713.85,713.85,50,6650,699.64,708.05,714.45
9094,2021-03-01 10:25:00,717.8,733.2,717.8,733.2,325,6650,701.09,727.45,742.15
9095,2021-03-01 10:26:00,742.45,742.45,742.45,742.45,50,6750,701.4,737.15,742.15
9096,2021-03-01 10:27:00,742.45,742.45,742.45,742.45,25,6750,701.55,736.0,744.25
9097,2021-03-01 10:28:00,732.15,732.15,732.15,732.15,25,0,701.67,736.3,749.85
9098,2021-03-01 10:29:00,748.35,750.0,748.35,750.0,100,6750,702.38,738.75,754.65
9099,2021-03-01 10:30:00,758.0,758.0,750.4,758.0,75,6775,702.97,752.6,763.95
9100,2021-03-01 10:31:00,763.3,763.3,756.8,758.0,75,6775,703.58,745.65,752.25
9101,2021-03-01 10:32:00,763.3,763.3,756.8,758.0,75,6775,703.58,745.65,752.25
9102,2021-03-01 10:33:00,742.0,742.0,740.25,740.25,100,6775,704.13,737.25,744.85
9103,2021-03-01 10:34:00,747.6,747.65,747.6,747.65,100,6775,704.74,737.25,743.85
9104,2021-03-01 10:35:00,737.2,737.2,732.15,732.15,125,6775,705.29,731.05,736.05
9105,2021-03-01 10:36:00,738.7,738.7,738.7,738.7,25,7025,705.4,734.35,742.4
9106,2021-03-01 10:37:00,742.55,742.55,741.85,741.85,75,7025,705.77,734.15,747.65
9107,2021-03-01 10:38:00,738.2,745.05,738.2,740.3,100,7075,706.24,738.0,744.1
9108,2021-03-01 10:39:00,740.0,740.0,740.0,740.0,25,7075,706.35,738.05,748.8
9109,2021-03-01 10:40:00,756.1,767.25,756.1,764.0,100,7075,707.08,749.0,766.35
9110,2021-03-01 10:41:00,758.55,758.55,756.1,756.1,50,7100,707.41,750.75,757.4
9111,2021-03-01 10:42:00,756.1,758.3,751.75,754.25,525,7100,710.6,754.2,758.35
9112,2021-03-01 10:43:00,746.95,746.95,746.95,746.95,75,7100,710.93,752.85,761.15
9113,2021-03-01 10:44:00,746.95,746.95,746.95,746.95,75,7100,710.93,752.85,761.15
9114,2021-03-01 10:45:00,749.0,750.1,746.95,750.1,100,7400,711.39,743.05,754.45
9115,2021-03-01 10:46:00,743.25,745.05,742.2,742.2,125,7400,711.87,737.05,743.45
9116,2021-03-01 10:47:00,737.0,740.0,737.0,738.95,150,7500,712.35,731.15,747.5
9117,2021-03-01 10:48:00,701.5,701.5,701.5,701.5,125,7500,712.51,717.6,731.0
9118,2021-03-01 10:49:00,714.5,720.0,714.5,720.0,75,7500,712.56,714.95,725.9
9119,2021-03-01 10:50:00,714.5,720.0,714.5,720.0,75,7500,712.56,714.95,725.9
9120,2021-03-01 10:51:00,725.5,725.5,725.5,725.5,50,7450,712.63,714.05,723.6
9121,2021-03-01 10:52:00,722.15,722.15,721.65,721.65,50,7450,712.69,721.8,728.1
9122,2021-03-01 10:53:00,723.1,723.1,723.1,723.1,25,7450,712.71,710.65,720.0
9123,2021-03-01 10:54:00,711.8,711.8,710.0,710.8,75,7375,712.7,702.05,718.05
9124,2021-03-01 10:55:00,711.8,711.8,710.0,710.8,75,7375,712.7,702.05,718.05
9125,2021-03-01 10:56:00,726.05,726.05,726.05,726.05,75,7375,712.81,723.5,738.9
9126,2021-03-01 10:57:00,726.05,726.05,726.05,726.05,75,7375,712.81,723.5,738.9
9127,2021-03-01 10:58:00,726.05,726.05,726.05,726.05,75,7375,712.81,723.5,738.9
9128,2021-03-01 10:59:00,726.05,726.05,726.05,726.05,75,7375,712.81,723.5,738.9
9129,2021-03-01 11:00:00,742.1,742.1,742.1,742.1,25,7325,712.89,738.1,750.95
9130,2021-03-01 11:01:00,740.9,740.9,740.9,740.9,25,7325,712.97,732.5,739.6
9131,2021-03-01 11:02:00,732.5,732.5,732.5,732.5,25,7325,713.02,722.25,737.25
9132,2021-03-01 11:03:00,723.05,723.05,722.75,722.75,50,7325,713.08,715.2,722.85
9133,2021-03-01 11:04:00,724.5,724.5,722.4,723.95,75,7325,713.16,716.2,734.35
9134,2021-03-01 11:05:00,717.85,717.85,717.7,717.7,50,7325,713.19,706.7,714.3
9135,2021-03-01 11:06:00,724.0,724.0,724.0,724.0,25,7325,713.22,712.05,719.15
9136,2021-03-01 11:07:00,719.2,721.45,719.1,721.45,150,7325,713.31,721.15,729.75
9137,2021-03-01 11:08:00,719.2,721.45,719.1,721.45,150,7325,713.31,721.15,729.75
9138,2021-03-01 11:09:00,721.6,727.55,721.6,727.55,50,7275,713.37,723.4,736.3
9139,2021-03-01 11:10:00,727.2,727.2,727.2,727.2,25,7275,713.41,718.6,735.0
9140,2021-03-01 11:11:00,727.2,727.2,727.2,727.2,25,7275,713.41,718.6,735.0
9141,2021-03-01 11:12:00,727.2,727.2,727.2,727.2,25,7275,713.41,718.6,735.0
9142,2021-03-01 11:13:00,730.3,730.3,729.9,729.9,50,7300,713.5,724.95,735.9
9143,2021-03-01 11:14:00,725.05,725.1,720.65,725.1,75,7275,713.58,719.05,728.6
9144,2021-03-01 11:15:00,729.15,729.15,721.3,721.3,50,7275,713.64,718.3,724.35
9145,2021-03-01 11:16:00,717.8,717.8,717.8,717.8,25,7275,713.65,713.0,722.35
9146,2021-03-01 11:17:00,717.8,717.8,717.8,717.8,25,7275,713.65,713.0,722.35
9147,2021-03-01 11:18:00,717.8,717.8,717.8,717.8,25,7275,713.65,713.0,722.35
9148,2021-03-01 11:19:00,717.8,717.8,717.8,717.8,25,7275,713.65,713.0,722.35
9149,2021-03-01 11:20:00,707.5,707.5,695.0,695.0,50,7275,713.58,692.25,701.35
9150,2021-03-01 11:21:00,707.5,707.5,695.0,695.0,50,7275,713.58,692.25,701.35
9151,2021-03-01 11:22:00,707.5,707.5,695.0,695.0,50,7275,713.58,692.25,701.35
9152,2021-03-01 11:23:00,702.95,702.95,702.95,702.95,25,7300,713.56,696.75,712.1
9153,2021-03-01 11:24:00,702.5,702.5,702.5,702.5,25,7275,713.53,688.3,698.95
9154,2021-03-01 11:25:00,688.3,688.3,688.3,688.3,25,7275,713.46,685.85,699.1
9155,2021-03-01 11:26:00,688.3,688.3,688.3,688.3,25,7275,713.46,685.85,699.1
9156,2021-03-01 11:27:00,709.65,709.65,709.65,709.65,25,7325,713.45,704.85,713.75
9157,2021-03-01 11:28:00,708.7,708.7,708.7,708.7,25,7325,713.44,702.4,715.4
9158,2021-03-01 11:29:00,708.7,708.7,708.7,708.7,25,7325,713.44,702.4,715.4
9159,2021-03-01 11:30:00,703.2,703.2,686.4,686.4,50,7325,713.35,681.5,692.75
9160,2021-03-01 11:31:00,703.2,703.2,686.4,686.4,50,7325,713.35,681.5,692.75
9161,2021-03-01 11:32:00,693.95,693.95,693.95,693.95,25,7325,713.3,693.4,697.9
9162,2021-03-01 11:33:00,693.95,693.95,693.95,693.95,25,7325,713.3,693.4,697.9
9163,2021-03-01 11:34:00,693.95,693.95,693.95,693.95,25,7325,713.3,693.4,697.9
9164,2021-03-01 11:35:00,718.3,718.3,718.3,718.3,50,7325,713.32,712.2,725.05
9165,2021-03-01 11:36:00,718.3,718.3,718.3,718.3,50,7325,713.32,712.2,725.05
9166,2021-03-01 11:37:00,718.3,718.3,718.3,718.3,50,7325,713.32,712.2,725.05
9167,2021-03-01 11:38:00,718.15,718.15,713.8,713.8,50,7275,713.34,709.1,723.0
9168,2021-03-01 11:39:00,718.15,718.15,713.8,713.8,50,7275,713.34,709.1,723.0
9169,2021-03-01 11:40:00,689.45,689.45,678.7,678.7,50,7300,713.19,676.65,685.6
9170,2021-03-01 11:41:00,669.4,669.4,669.4,669.4,50,7300,712.99,662.75,681.7
9171,2021-03-01 11:42:00,669.4,669.4,669.4,669.4,50,7300,712.99,662.75,681.7
9172,2021-03-01 11:43:00,669.4,669.4,669.4,669.4,50,7300,712.99,662.75,681.7
9173,2021-03-01 11:44:00,669.4,669.4,669.4,669.4,50,7300,712.99,662.75,681.7
9174,2021-03-01 11:45:00,650.0,650.0,635.25,635.25,75,7275,712.45,645.55,657.45
9175,2021-03-01 11:46:00,644.8,644.8,644.8,644.8,25,7275,712.29,641.75,650.95
9176,2021-03-01 11:47:00,644.8,644.8,644.8,644.8,25,7275,712.29,641.75,650.95
9177,2021-03-01 11:48:00,644.8,644.8,644.8,644.8,25,7275,712.29,641.75,650.95
9178,2021-03-01 11:49:00,644.8,644.8,644.8,644.8,25,7275,712.29,641.75,650.95
9179,2021-03-01 11:50:00,651.0,651.0,651.0,651.0,50,0,711.99,659.45,671.25
9180,2021-03-01 11:51:00,651.0,651.0,651.0,651.0,50,0,711.99,659.45,671.25
9181,2021-03-01 11:52:00,651.0,651.0,651.0,651.0,50,0,711.99,659.45,671.25
9182,2021-03-01 11:53:00,651.0,651.0,651.0,651.0,50,0,711.99,659.45,671.25
9183,2021-03-01 11:54:00,652.55,652.55,652.55,652.55,50,7250,711.71,649.05,655.5
9184,2021-03-01 11:55:00,645.35,645.35,630.0,630.0,75,7250,711.19,642.35,652.3
9185,2021-03-01 11:56:00,645.35,645.35,630.0,630.0,75,7250,711.19,642.35,652.3
9186,2021-03-01 11:57:00,645.35,645.35,630.0,630.0,75,7250,711.19,642.35,652.3
9187,2021-03-01 11:58:00,645.35,645.35,630.0,630.0,75,7250,711.19,642.35,652.3
9188,2021-03-01 11:59:00,643.35,643.35,643.35,643.35,25,7300,711.02,632.3,644.65
9189,2021-03-01 12:00:00,632.3,634.15,632.3,634.15,200,7300,709.56,636.95,647.8
9190,2021-03-01 12:01:00,640.65,640.65,640.65,640.65,25,7300,709.39,637.0,652.85
9191,2021-03-01 12:02:00,633.7,633.7,633.7,633.7,50,7300,709.04,623.95,644.6
9192,2021-03-01 12:03:00,633.7,633.7,633.7,633.7,50,7300,709.04,623.95,644.6
9193,2021-03-01 12:04:00,633.7,633.7,633.7,633.7,50,7300,709.04,623.95,644.6
9194,2021-03-01 12:05:00,619.55,619.55,619.55,619.55,25,7450,708.84,619.0,629.2
9195,2021-03-01 12:06:00,629.0,629.0,629.0,629.0,25,7450,708.65,628.6,639.7
9196,2021-03-01 12:07:00,629.0,629.0,629.0,629.0,25,7450,708.65,628.6,639.7
9197,2021-03-01 12:08:00,648.15,648.15,648.15,648.15,25,7450,708.51,643.9,654.9
9198,2021-03-01 12:09:00,643.45,643.45,643.45,643.45,50,7425,708.21,637.1,646.5
9199,2021-03-01 12:10:00,643.45,643.45,643.45,643.45,50,7425,708.21,637.1,646.5
9200,2021-03-01 12:11:00,643.45,643.45,643.45,643.45,50,7425,708.21,637.1,646.5
9201,2021-03-01 12:12:00,643.45,643.45,643.45,643.45,50,7425,708.21,637.1,646.5
9202,2021-03-01 12:13:00,643.45,643.45,643.45,643.45,50,7425,708.21,637.1,646.5
9203,2021-03-01 12:14:00,652.0,652.0,652.0,652.0,25,7450,708.08,652.4,662.8
9204,2021-03-01 12:15:00,647.85,647.85,645.3,645.3,50,7450,707.8,642.3,654.95
9205,2021-03-01 12:16:00,644.2,644.2,644.2,644.2,25,0,707.66,634.7,642.4
9206,2021-03-01 12:17:00,644.2,644.2,644.2,644.2,25,0,707.66,634.7,642.4
9207,2021-03-01 12:18:00,644.0,644.0,644.0,644.0,150,7450,706.8,639.5,645.8
9208,2021-03-01 12:19:00,639.5,639.5,639.5,639.5,100,7450,706.2,637.3,643.05
9209,2021-03-01 12:20:00,639.5,639.5,639.5,639.5,100,7450,706.2,637.3,643.05
9210,2021-03-01 12:21:00,639.5,639.5,636.5,636.5,200,7350,705.02,637.65,644.85
9211,2021-03-01 12:22:00,639.5,639.5,636.5,636.5,200,7350,705.02,637.65,644.85
9212,2021-03-01 12:23:00,636.2,636.2,636.2,636.2,25,7350,704.87,619.0,629.5
9213,2021-03-01 12:24:00,619.05,619.05,611.75,611.75,75,7450,704.29,605.0,617.25
9214,2021-03-01 12:25:00,619.05,619.05,611.75,611.75,75,7450,704.29,605.0,617.25
9215,2021-03-01 12:26:00,619.05,619.05,611.75,611.75,75,7450,704.29,605.0,617.25
9216,2021-03-01 12:27:00,620.0,620.0,614.25,614.25,175,7475,703.02,612.5,621.8
9217,2021-03-01 12:28:00,611.1,611.1,611.1,611.1,25,7475,702.82,598.7,612.7
9218,2021-03-01 12:29:00,595.25,597.15,595.25,597.15,50,7475,702.37,583.15,593.6
9219,2021-03-01 12:30:00,587.6,587.6,587.6,587.6,25,7575,702.13,584.4,601.3
9220,2021-03-01 12:31:00,592.95,597.55,592.95,597.15,100,7575,701.24,597.55,608.5
9221,2021-03-01 12:32:00,592.95,597.55,592.95,597.15,100,7575,701.24,597.55,608.5
9222,2021-03-01 12:33:00,600.85,601.3,600.45,601.3,75,7500,700.61,600.95,607.9
9223,2021-03-01 12:34:00,599.55,599.55,599.4,599.4,50,7500,700.19,598.15,602.8
9224,2021-03-01 12:35:00,598.15,598.15,598.15,598.15,25,7500,699.98,605.2,612.05
9225,2021-03-01 12:36:00,617.0,630.5,617.0,630.5,100,7525,699.34,620.4,634.1
9226,2021-03-01 12:37:00,617.0,630.5,617.0,630.5,100,7525,699.34,620.4,634.1
9227,2021-03-01 12:38:00,624.2,624.2,624.2,624.2,25,7525,699.18,607.45,619.6
9228,2021-03-01 12:39:00,624.2,624.2,624.2,624.2,25,7525,699.18,607.45,619.6
9229,2021-03-01 12:40:00,624.2,624.2,624.2,624.2,25,7525,699.18,607.45,619.6
9230,2021-03-01 12:41:00,620.85,620.85,617.5,617.5,50,7550,698.85,611.5,618.7
9231,2021-03-01 12:42:00,611.5,611.5,611.5,611.5,25,7550,698.68,602.35,608.05
9232,2021-03-01 12:43:00,608.05,608.05,608.05,608.05,25,0,698.49,608.9,618.5
9233,2021-03-01 12:44:00,608.05,608.05,608.05,608.05,25,0,698.49,608.9,618.5
9234,2021-03-01 12:45:00,633.85,633.85,633.85,633.85,25,7550,698.36,630.1,643.7
9235,2021-03-01 12:46:00,630.1,630.1,630.1,630.1,25,7550,698.22,630.85,643.5
9236,2021-03-01 12:47:00,639.9,639.9,639.9,639.9,25,7550,698.1,632.4,638.85
9237,2021-03-01 12:48:00,651.2,651.2,651.2,651.2,150,7525,697.5,643.25,658.65
9238,2021-03-01 12:49:00,649.3,649.3,640.2,640.2,125,7525,696.99,636.8,641.7
9239,2021-03-01 12:50:00,640.15,640.15,640.15,640.15,25,7525,696.87,636.4,647.45
9240,2021-03-01 12:51:00,640.15,640.15,640.15,640.15,25,7525,696.87,636.4,647.45
9241,2021-03-01 12:52:00,640.15,640.15,640.15,640.15,25,7525,696.87,636.4,647.45
9242,2021-03-01 12:53:00,636.1,636.1,636.1,636.1,25,7525,696.75,632.1,647.25
9243,2021-03-01 12:54:00,636.1,636.1,636.1,636.1,25,7525,696.75,632.1,647.25
9244,2021-03-01 12:55:00,633.35,633.35,633.35,633.35,25,7550,696.63,627.95,643.05
9245,2021-03-01 12:56:00,633.35,633.35,633.35,633.35,25,7550,696.63,627.95,643.05
9246,2021-03-01 12:57:00,625.45,630.9,625.45,630.9,50,7550,696.36,626.85,633.3
9247,2021-03-01 12:58:00,626.85,626.85,626.85,626.85,25,0,696.22,620.45,630.6
9248,2021-03-01 12:59:00,629.3,638.05,629.3,638.05,50,7550,695.98,631.55,642.0
9249,2021-03-01 13:00:00,631.55,631.55,631.55,631.55,25,0,695.86,634.75,641.65
9250,2021-03-01 13:01:00,631.55,631.55,631.55,631.55,25,0,695.86,634.75,641.65
9251,2021-03-01 13:02:00,659.6,659.6,659.6,659.6,100,7525,695.58,663.65,674.8
9252,2021-03-01 13:03:00,663.65,663.65,663.65,663.65,75,7450,695.39,657.6,669.9
9253,2021-03-01 13:04:00,657.1,657.1,657.1,657.1,50,7450,695.25,651.0,661.8
9254,2021-03-01 13:05:00,662.65,663.55,662.0,662.0,225,7450,694.71,662.1,672.75
9255,2021-03-01 13:06:00,669.75,669.75,669.75,669.75,25,7250,694.66,663.55,673.65
9256,2021-03-01 13:07:00,669.75,669.75,669.75,669.75,25,7250,694.66,663.55,673.65
9257,2021-03-01 13:08:00,669.75,669.75,669.75,669.75,25,7250,694.66,663.55,673.65
9258,2021-03-01 13:09:00,650.8,655.5,650.8,655.5,100,7275,694.36,657.9,667.2
9259,2021-03-01 13:10:00,650.8,655.5,650.8,655.5,100,7275,694.36,657.9,667.2
9260,2021-03-01 13:11:00,660.9,660.9,655.0,655.0,50,7275,694.22,646.05,654.05
9261,2021-03-01 13:12:00,660.9,660.9,655.0,655.0,50,7275,694.22,646.05,654.05
9262,2021-03-01 13:13:00,665.9,665.9,665.9,665.9,25,7250,694.17,659.4,674.05
9263,2021-03-01 13:14:00,665.9,665.9,665.9,665.9,25,7250,694.17,659.4,674.05
9264,2021-03-01 13:15:00,684.0,684.0,684.0,684.0,75,7250,694.11,669.95,686.75
9265,2021-03-01 13:16:00,669.95,669.95,669.95,669.95,25,7250,694.07,658.5,674.1
9266,2021-03-01 13:17:00,657.5,657.5,657.5,657.5,150,7250,693.67,646.2,657.35
9267,2021-03-01 13:18:00,650.6,650.6,650.6,650.6,25,7375,693.59,644.35,657.75
9268,2021-03-01 13:19:00,651.75,651.75,651.75,651.75,25,7375,693.52,649.75,657.0
9269,2021-03-01 13:20:00,651.75,651.75,651.75,651.75,25,7375,693.52,649.75,657.0
9270,2021-03-01 13:21:00,646.8,646.8,646.8,646.8,25,7375,693.43,638.5,653.7
9271,2021-03-01 13:22:00,646.8,646.8,646.8,646.8,25,7375,693.43,638.5,653.7
9272,2021-03-01 13:23:00,642.5,642.5,642.5,642.5,25,0,693.34,638.5,647.6
9273,2021-03-01 13:24:00,642.5,642.5,642.5,642.5,25,0,693.34,638.5,647.6
9274,2021-03-01 13:25:00,642.5,642.5,642.5,642.5,25,0,693.34,638.5,647.6
9275,2021-03-01 13:26:00,649.3,649.3,649.3,649.3,25,7350,693.26,658.5,668.4
9276,2021-03-01 13:27:00,649.3,649.3,649.3,649.3,25,7350,693.26,658.5,668.4
9277,2021-03-01 13:28:00,649.3,649.3,649.3,649.3,25,7350,693.26,658.5,668.4
9278,2021-03-01 13:29:00,649.3,649.3,649.3,649.3,25,7350,693.26,658.5,668.4
9279,2021-03-01 13:30:00,690.0,690.0,690.0,690.0,50,7350,693.25,684.5,697.25
9280,2021-03-01 13:31:00,684.5,684.5,684.5,684.5,150,7350,693.16,682.0,691.65
9281,2021-03-01 13:32:00,678.85,678.85,678.85,678.85,50,7350,693.11,675.15,685.1
9282,2021-03-01 13:33:00,685.05,685.05,685.05,685.05,50,7175,693.08,687.7,696.3
9283,2021-03-01 13:34:00,686.85,686.85,679.6,679.6,125,7175,693.01,673.5,682.5
9284,2021-03-01 13:35:00,677.05,677.05,677.05,677.05,25,7175,692.98,669.6,675.0
9285,2021-03-01 13:36:00,677.05,677.05,677.05,677.05,25,7175,692.98,669.6,675.0
9286,2021-03-01 13:37:00,665.85,675.45,665.85,675.45,200,7200,692.7,668.35,677.9
9287,2021-03-01 13:38:00,667.55,667.55,667.55,667.55,25,7200,692.66,672.0,678.9
9288,2021-03-01 13:39:00,667.55,667.55,667.55,667.55,25,7200,692.66,672.0,678.9
9289,2021-03-01 13:40:00,667.55,667.55,667.55,667.55,25,7200,692.66,672.0,678.9
9290,2021-03-01 13:41:00,708.6,708.6,708.6,708.6,25,7325,692.69,699.65,710.25
9291,2021-03-01 13:42:00,708.6,708.6,708.6,708.6,25,7325,692.69,699.65,710.25
9292,2021-03-01 13:43:00,695.3,695.3,695.3,695.3,150,7350,692.71,692.0,701.6
9293,2021-03-01 13:44:00,696.7,696.7,696.7,696.7,50,7350,692.73,700.5,708.95
9294,2021-03-01 13:45:00,694.45,697.15,694.45,697.15,75,7200,692.75,692.8,700.5
9295,2021-03-01 13:46:00,692.8,692.8,682.35,682.35,50,7200,692.73,672.1,685.55
9296,2021-03-01 13:47:00,672.45,672.45,672.45,672.45,50,7200,692.67,668.25,678.75
9297,2021-03-01 13:48:00,669.6,669.6,669.6,669.6,25,7200,692.63,663.55,675.0
9298,2021-03-01 13:49:00,669.6,669.6,669.6,669.6,25,7200,692.63,663.55,675.0
9299,2021-03-01 13:50:00,666.65,666.65,666.65,666.65,25,7200,692.58,672.5,681.95
9300,2021-03-01 13:51:00,670.1,670.1,670.1,670.1,150,7350,692.36,653.4,666.75
9301,2021-03-01 13:52:00,655.95,671.15,655.95,671.15,50,7350,692.27,668.65,675.9
9302,2021-03-01 13:53:00,655.95,671.15,655.95,671.15,50,7350,692.27,668.65,675.9
9303,2021-03-01 13:54:00,655.95,671.15,655.95,671.15,50,7350,692.27,668.65,675.9
9304,2021-03-01 13:55:00,670.0,671.9,670.0,671.9,50,7300,692.2,663.35,669.4
9305,2021-03-01 13:56:00,670.0,671.9,670.0,671.9,50,7300,692.2,663.35,669.4
9306,2021-03-01 13:57:00,664.7,664.7,661.2,661.2,50,7300,692.1,652.25,665.25
9307,2021-03-01 13:58:00,664.7,664.7,661.2,661.2,50,7300,692.1,652.25,665.25
9308,2021-03-01 13:59:00,664.7,664.7,661.2,661.2,50,7300,692.1,652.25,665.25
9309,2021-03-01 14:00:00,664.7,664.7,661.2,661.2,50,7300,692.1,652.25,665.25
9310,2021-03-01 14:01:00,673.05,673.05,673.05,673.05,50,7325,692.03,666.5,676.75
9311,2021-03-01 14:02:00,673.05,673.05,673.05,673.05,50,7325,692.03,666.5,676.75
9312,2021-03-01 14:03:00,677.05,677.05,677.05,677.05,25,7325,692.01,674.35,686.0
9313,2021-03-01 14:04:00,677.05,677.05,677.05,677.05,25,7325,692.01,674.35,686.0
9314,2021-03-01 14:05:00,677.05,677.05,677.05,677.05,25,7325,692.01,674.35,686.0
9315,2021-03-01 14:06:00,679.35,679.35,679.35,679.35,25,7300,691.99,675.15,679.95
9316,2021-03-01 14:07:00,679.95,679.95,679.95,679.95,25,7300,691.97,677.25,690.1
9317,2021-03-01 14:08:00,675.1,679.4,675.0,679.4,125,7300,691.84,677.75,684.25
9318,2021-03-01 14:09:00,682.7,682.7,676.1,676.1,75,7225,691.78,677.6,683.3
9319,2021-03-01 14:10:00,676.2,682.5,676.2,682.5,50,7225,691.74,680.1,684.15
9320,2021-03-01 14:11:00,676.2,682.5,676.2,682.5,50,7225,691.74,680.1,684.15
9321,2021-03-01 14:12:00,672.1,672.1,670.7,670.7,75,7225,691.65,666.3,679.1
9322,2021-03-01 14:13:00,680.0,680.0,680.0,680.0,150,0,691.54,672.8,683.9
9323,2021-03-01 14:14:00,680.0,680.0,680.0,680.0,150,0,691.54,672.8,683.9
9324,2021-03-01 14:15:00,667.7,669.3,655.4,669.3,200,7100,691.22,659.45,671.25
9325,2021-03-01 14:16:00,666.0,673.0,666.0,673.0,50,7100,691.15,675.6,686.25
9326,2021-03-01 14:17:00,666.0,673.0,666.0,673.0,50,7100,691.15,675.6,686.25
9327,2021-03-01 14:18:00,666.0,673.0,666.0,673.0,50,7100,691.15,675.6,686.25
9328,2021-03-01 14:19:00,679.7,679.7,670.55,670.55,50,7050,691.11,665.95,674.95
9329,2021-03-01 14:20:00,667.05,667.05,660.0,660.0,200,7050,690.74,645.8,659.7
9330,2021-03-01 14:21:00,640.3,640.3,640.3,640.3,75,7050,690.53,639.15,649.8
9331,2021-03-01 14:22:00,649.2,649.2,638.85,638.85,50,7225,690.39,643.85,653.75
9332,2021-03-01 14:23:00,648.95,648.95,648.95,648.95,25,7225,690.32,640.0,651.05
9333,2021-03-01 14:24:00,638.75,638.75,638.75,638.75,25,0,690.25,644.45,653.8
9334,2021-03-01 14:25:00,658.4,658.4,658.4,658.4,25,7225,690.2,655.45,663.1
9335,2021-03-01 14:26:00,658.4,658.4,658.4,658.4,25,7225,690.2,655.45,663.1
9336,2021-03-01 14:27:00,646.1,646.1,646.1,646.1,25,7225,690.13,645.35,655.35
9337,2021-03-01 14:28:00,649.75,649.8,649.75,649.8,75,7225,689.95,647.15,658.25
9338,2021-03-01 14:29:00,647.15,647.15,634.75,634.75,50,7225,689.8,631.0,639.65
9339,2021-03-01 14:30:00,631.0,640.0,631.0,640.0,50,7300,689.64,643.1,650.75
9340,2021-03-01 14:31:00,661.85,661.85,661.85,661.85,75,7300,689.52,667.3,677.2
9341,2021-03-01 14:32:00,661.85,661.85,661.85,661.85,75,7300,689.52,667.3,677.2
9342,2021-03-01 14:33:00,661.85,661.85,661.85,661.85,75,7300,689.52,667.3,677.2
9343,2021-03-01 14:34:00,661.35,661.35,659.1,659.1,75,7250,689.39,656.65,668.2
9344,2021-03-01 14:35:00,661.35,661.35,659.1,659.1,75,7250,689.39,656.65,668.2
9345,2021-03-01 14:36:00,661.35,661.35,659.1,659.1,75,7250,689.39,656.65,668.2
9346,2021-03-01 14:37:00,661.35,661.35,659.1,659.1,75,7250,689.39,656.65,668.2
9347,2021-03-01 14:38:00,665.0,665.0,665.0,665.0,75,7275,689.28,667.3,672.15
9348,2021-03-01 14:39:00,665.75,665.75,665.75,665.75,25,7200,689.25,664.25,672.05
9349,2021-03-01 14:40:00,665.75,665.75,665.75,665.75,25,7200,689.25,664.25,672.05
9350,2021-03-01 14:41:00,665.75,665.75,665.75,665.75,25,7200,689.25,664.25,672.05
9351,2021-03-01 14:42:00,677.1,677.1,677.1,677.1,75,7200,689.19,672.55,682.25
9352,2021-03-01 14:43:00,677.1,677.1,677.1,677.1,75,7200,689.19,672.55,682.25
9353,2021-03-01 14:44:00,669.2,669.2,658.8,658.8,100,7225,689.06,653.35,666.25
9354,2021-03-01 14:45:00,660.8,660.8,649.15,649.15,100,7225,688.86,647.75,655.25
9355,2021-03-01 14:46:00,647.75,647.75,639.85,639.85,125,7225,688.54,630.75,648.7
9356,2021-03-01 14:47:00,647.75,647.75,639.85,639.85,125,7225,688.54,630.75,648.7
9357,2021-03-01 14:48:00,646.0,646.0,646.0,646.0,25,7225,688.48,639.05,649.0
9358,2021-03-01 14:49:00,639.05,639.05,639.05,639.05,50,7275,688.34,631.25,640.85
9359,2021-03-01 14:50:00,639.05,639.05,639.05,639.05,50,7275,688.34,631.25,640.85
9360,2021-03-01 14:51:00,639.05,639.05,639.05,639.05,50,7275,688.34,631.25,640.85
9361,2021-03-01 14:52:00,622.3,622.3,622.3,622.3,25,7300,688.25,610.7,620.3
9362,2021-03-01 14:53:00,610.95,610.95,610.95,610.95,25,7300,688.14,596.5,611.4
9363,2021-03-01 14:54:00,610.95,610.95,610.95,610.95,25,7300,688.14,596.5,611.4
9364,2021-03-01 14:55:00,608.4,608.4,608.4,608.4,50,7300,687.91,609.35,616.7
9365,2021-03-01 14:56:00,616.7,618.2,616.7,618.2,50,7300,687.71,618.3,628.35
9366,2021-03-01 14:57:00,621.9,621.9,621.9,621.9,50,7300,687.53,615.6,625.6
9367,2021-03-01 14:58:00,615.6,615.6,615.6,615.6,50,7325,687.32,616.25,626.9
9368,2021-03-01 14:59:00,615.6,615.6,615.6,615.6,50,7325,687.32,616.25,626.9
9369,2021-03-01 15:00:00,630.05,632.3,630.05,632.3,100,7325,687.0,640.15,653.5
9370,2021-03-01 15:01:00,634.8,634.8,634.8,634.8,25,7325,686.93,631.35,637.1
9371,2021-03-01 15:02:00,632.4,632.4,632.4,632.4,25,7325,686.85,632.0,638.25
9372,2021-03-01 15:03:00,632.0,632.0,629.4,629.4,75,7325,686.62,628.2,632.7
9373,2021-03-01 15:04:00,628.25,628.25,628.25,628.25,25,7400,686.54,624.3,631.55
9374,2021-03-01 15:05:00,626.2,626.2,626.2,626.2,25,7400,686.45,625.5,632.25
9375,2021-03-01 15:06:00,626.2,626.2,626.2,626.2,25,7400,686.45,625.5,632.25
9376,2021-03-01 15:07:00,637.9,637.9,631.9,631.9,50,7425,686.31,626.3,633.7
9377,2021-03-01 15:08:00,637.9,637.9,631.9,631.9,50,7425,686.31,626.3,633.7
9378,2021-03-01 15:09:00,637.9,637.9,631.9,631.9,50,7425,686.31,626.3,633.7
9379,2021-03-01 15:10:00,637.9,637.9,631.9,631.9,50,7425,686.31,626.3,633.7
9380,2021-03-01 15:11:00,637.9,637.9,631.9,631.9,50,7425,686.31,626.3,633.7
9381,2021-03-01 15:12:00,637.9,637.9,631.9,631.9,50,7425,686.31,626.3,633.7
9382,2021-03-01 15:13:00,637.9,637.9,631.9,631.9,50,7425,686.31,626.3,633.7
9383,2021-03-01 15:14:00,639.0,639.0,639.0,639.0,75,7425,686.11,647.1,655.15
9384,2021-03-01 15:15:00,639.0,639.0,639.0,639.0,75,7425,686.11,647.1,655.15
9385,2021-03-01 15:16:00,659.5,659.5,659.5,659.5,25,7375,686.08,660.25,665.35
9386,2021-03-01 15:17:00,661.75,661.75,660.2,660.2,100,7375,685.94,665.95,673.9
9387,2021-03-01 15:18:00,674.2,674.2,674.2,674.2,25,7375,685.92,663.95,672.05
9388,2021-03-01 15:19:00,674.2,674.2,674.2,674.2,25,7375,685.92,663.95,672.05
9389,2021-03-01 15:20:00,651.55,651.55,650.6,650.6,50,7300,685.83,637.7,647.0
9390,2021-03-01 15:21:00,651.55,651.55,650.6,650.6,50,7300,685.83,637.7,647.0
9391,2021-03-01 15:22:00,647.9,647.9,647.9,647.9,25,7325,685.78,644.5,653.35
9392,2021-03-01 15:23:00,647.9,647.9,647.9,647.9,25,7325,685.78,644.5,653.35
9393,2021-03-01 15:24:00,658.15,658.15,658.15,658.15,25,7325,685.74,651.45,662.9
9394,2021-03-01 15:25:00,654.35,654.35,654.35,654.35,100,7300,685.57,651.6,665.8
9395,2021-03-01 15:26:00,654.35,654.35,654.35,654.35,100,7300,685.57,651.6,665.8
9396,2021-03-01 15:27:00,654.35,654.35,654.35,654.35,100,7300,685.57,651.6,665.8
9397,2021-03-01 15:28:00,654.35,654.35,654.35,654.35,100,7300,685.57,651.6,665.8
9398,2021-03-01 15:29:00,654.35,654.35,654.35,654.35,100,7300,685.57,651.6,665.8
9399,2021-03-01 15:30:00,654.35,654.35,654.35,654.35,50,7200,685.49,652.85,681.75
9400,2021-03-02 09:15:00,539.85,539.85,539.85,539.85,25,7175,539.85,591.8,698.6
9401,2021-03-02 09:16:00,594.1,594.1,594.1,594.1,25,0,566.97,670.25,696.9
9402,2021-03-02 09:17:00,685.85,697.15,685.85,690.0,200,7175,665.16,684.6,690.75
9403,2021-03-02 09:18:00,690.85,699.5,690.85,699.5,125,7175,674.05,687.4,701.95
9404,2021-03-02 09:19:00,701.95,705.05,700.0,705.05,75,7175,678.76,696.65,705.1
9405,2021-03-02 09:20:00,701.95,705.05,700.0,705.05,75,7175,678.76,696.65,705.1
9406,2021-03-02 09:21:00,741.5,750.95,741.15,741.15,175,7275,697.0,740.05,750.95
9407,2021-03-02 09:22:00,740.05,740.05,733.75,733.75,50,7275,699.95,727.1,744.7
9408,2021-03-02 09:23:00,741.5,741.5,740.25,740.25,50,7175,702.77,727.8,740.25
9409,2021-03-02 09:24:00,729.85,750.0,729.85,750.0,325,7175,715.51,737.6,757.2
9410,2021-03-02 09:25:00,740.9,745.8,740.9,745.8,1225,7175,729.28,731.75,745.75
9411,2021-03-02 09:26:00,744.6,744.6,744.6,744.6,75,0,729.77,726.5,741.2
9412,2021-03-02 09:27:00,740.7,740.7,740.7,740.7,25,7725,729.89,726.4,739.95
9413,2021-03-02 09:28:00,737.95,737.95,723.35,723.35,125,7725,729.96,727.45,735.6
9414,2021-03-02 09:29:00,733.55,743.15,733.55,743.15,425,7700,731.11,736.7,746.8
9415,2021-03-02 09:30:00,733.55,743.15,733.55,743.15,425,7700,731.11,736.7,746.8
9416,2021-03-02 09:31:00,743.25,752.3,733.1,752.3,375,7700,732.92,731.4,740.35
9417,2021-03-02 09:32:00,739.8,739.8,739.8,739.8,25,7650,732.97,734.35,739.85
9418,2021-03-02 09:33:00,732.9,732.9,730.0,730.0,75,7650,732.94,718.85,730.75
9419,2021-03-02 09:34:00,729.15,729.15,729.15,729.15,25,7650,732.92,713.5,719.05
9420,2021-03-02 09:35:00,724.0,724.0,702.65,702.65,75,7675,732.53,702.2,715.05
9421,2021-03-02 09:36:00,715.5,715.9,715.5,715.9,175,7675,731.72,708.35,715.8
9422,2021-03-02 09:37:00,715.5,715.9,715.5,715.9,175,7675,731.72,708.35,715.8
9423,2021-03-02 09:38:00,715.8,715.8,715.8,715.8,75,7675,731.4,701.65,717.8
9424,2021-03-02 09:39:00,700.0,700.0,700.0,700.0,25,7675,731.19,694.1,706.05
9425,2021-03-02 09:40:00,694.1,694.1,689.0,693.95,75,7675,730.43,691.25,700.7
9426,2021-03-02 09:41:00,700.8,700.8,700.8,700.8,50,7775,730.05,692.05,701.35
9427,2021-03-02 09:42:00,692.15,692.15,692.1,692.1,75,7775,729.34,680.45,691.4
9428,2021-03-02 09:43:00,696.35,696.35,676.05,676.05,50,7775,728.8,676.95,686.55
9429,2021-03-02 09:44:00,690.7,690.7,685.9,685.9,50,7850,728.31,678.1,689.75
9430,2021-03-02 09:45:00,676.05,676.75,660.75,660.75,125,7850,726.64,655.7,664.85
9431,2021-03-02 09:46:00,659.3,659.3,659.3,659.3,25,7850,726.24,650.05,653.9
9432,2021-03-02 09:47:00,650.0,660.0,650.0,660.0,100,7950,724.53,651.05,661.4
9433,2021-03-02 09:48:00,668.65,668.65,668.65,668.65,25,7950,724.21,659.25,672.55
9434,2021-03-02 09:49:00,668.65,668.65,668.65,668.65,25,7950,724.21,659.25,672.55
9435,2021-03-02 09:50:00,660.55,660.55,660.55,660.55,25,7975,723.85,669.1,677.9
9436,2021-03-02 09:51:00,677.9,677.9,676.9,676.9,50,7975,723.32,676.8,683.75
9437,2021-03-02 09:52:00,675.0,675.0,675.0,675.0,75,7975,722.52,665.65,682.35
9438,2021-03-02 09:53:00,675.0,675.0,675.0,675.0,75,7975,722.52,665.65,682.35
9439,2021-03-02 09:54:00,675.0,675.0,675.0,675.0,75,7975,722.52,665.65,682.35
9440,2021-03-02 09:55:00,691.55,700.3,691.55,700.3,50,8025,722.22,693.05,710.55
9441,2021-03-02 09:56:00,693.05,696.45,693.05,696.45,125,8000,721.49,693.05,703.35
9442,2021-03-02 09:57:00,702.6,702.6,695.5,695.5,75,8000,721.13,690.05,698.0
9443,2021-03-02 09:58:00,690.0,690.0,690.0,690.0,50,8000,720.81,683.6,694.15
9444,2021-03-02 09:59:00,683.6,683.6,683.6,683.6,25,8000,720.61,676.05,685.05
9445,2021-03-02 10:00:00,688.8,688.8,688.8,688.8,50,8050,720.29,682.55,698.0
9446,2021-03-02 10:01:00,702.55,702.55,702.55,702.55,150,8050,719.72,690.85,711.95
9447,2021-03-02 10:02:00,702.55,711.95,702.55,711.95,125,8125,719.42,693.65,708.9
9448,2021-03-02 10:03:00,702.55,711.95,702.55,711.95,125,8125,719.42,693.65,708.9
9449,2021-03-02 10:04:00,707.25,707.25,707.25,707.25,25,8125,719.36,690.3,701.05
9450,2021-03-02 10:05:00,707.0,708.4,705.15,705.15,100,8100,719.12,693.8,704.75
9451,2021-03-02 10:06:00,708.4,708.75,708.4,708.75,200,8100,718.64,702.8,711.95
9452,2021-03-02 10:07:00,703.5,703.5,701.0,701.0,50,8100,718.49,696.25,700.95
9453,2021-03-02 10:08:00,701.0,701.0,701.0,701.0,25,8100,718.41,698.65,704.9
9454,2021-03-02 10:09:00,696.15,696.15,696.15,696.15,50,7950,718.21,685.8,696.35
9455,2021-03-02 10:10:00,698.05,704.95,698.05,704.95,100,7950,717.9,701.85,708.0
9456,2021-03-02 10:11:00,698.05,704.95,698.05,704.95,100,7950,717.9,701.85,708.0
9457,2021-03-02 10:12:00,693.3,693.3,693.3,693.3,25,8000,717.79,697.7,705.65
9458,2021-03-02 10:13:00,693.3,693.3,693.3,693.3,25,8000,717.79,697.7,705.65
9459,2021-03-02 10:14:00,698.5,698.5,698.5,698.5,25,0,717.71,699.55,706.65
9460,2021-03-02 10:15:00,704.1,704.1,699.4,699.4,75,8000,717.53,693.95,705.2
9461,2021-03-02 10:16:00,704.1,704.1,699.4,699.4,75,8000,717.53,693.95,705.2
9462,2021-03-02 10:17:00,690.0,690.0,680.0,680.0,150,7975,716.76,671.55,683.75
9463,2021-03-02 10:18:00,665.0,665.0,665.0,665.0,25,7975,716.55,661.95,671.55
9464,2021-03-02 10:19:00,667.15,667.15,667.15,667.15,50,7975,716.14,660.1,671.5
9465,2021-03-02 10:20:00,678.0,678.0,678.0,678.0,25,8100,715.98,670.6,680.15
9466,2021-03-02 10:21:00,668.15,668.15,668.15,668.15,25,8100,715.78,657.6,666.85
9467,2021-03-02 10:22:00,667.55,668.15,667.55,668.15,50,8100,715.39,661.85,673.45
9468,2021-03-02 10:23:00,665.5,665.5,665.5,665.5,25,8100,715.19,658.1,670.1
9469,2021-03-02 10:24:00,669.9,669.9,669.9,669.9,25,8100,715.01,667.35,673.4
9470,2021-03-02 10:25:00,665.5,665.5,665.5,665.5,25,8100,714.81,677.75,683.15
9471,2021-03-02 10:26:00,665.5,665.5,665.5,665.5,25,8100,714.81,677.75,683.15
9472,2021-03-02 10:27:00,665.5,665.5,665.5,665.5,25,8100,714.81,677.75,683.15
9473,2021-03-02 10:28:00,665.5,665.5,665.5,665.5,25,8100,714.81,677.75,683.15
9474,2021-03-02 10:29:00,670.65,670.65,670.65,670.65,25,8125,714.63,660.55,668.05
9475,2021-03-02 10:30:00,666.55,666.55,650.0,650.0,100,8125,713.75,645.15,654.75
9476,2021-03-02 10:31:00,647.3,647.3,647.3,647.3,25,8125,713.49,645.1,656.65
9477,2021-03-02 10:32:00,647.3,647.3,647.3,647.3,25,8125,713.49,645.1,656.65
9478,2021-03-02 10:33:00,650.7,654.65,650.7,654.65,50,8100,713.01,647.35,651.0
9479,2021-03-02 10:34:00,647.3,647.3,647.3,647.3,25,8100,712.76,651.25,663.2
9480,2021-03-02 10:35:00,646.0,646.0,639.5,639.5,100,8100,711.67,646.5,659.05
9481,2021-03-02 10:36:00,640.0,640.0,640.0,640.0,25,8125,711.4,634.6,642.65
9482,2021-03-02 10:37:00,641.2,641.2,641.2,641.2,25,8125,711.13,636.1,645.15
9483,2021-03-02 10:38:00,633.95,633.95,633.95,633.95,50,8175,710.55,627.6,641.75
9484,2021-03-02 10:39:00,633.95,633.95,633.95,633.95,50,8175,710.55,627.6,641.75
9485,2021-03-02 10:40:00,625.0,625.0,620.0,620.0,50,8175,709.9,615.15,627.4
9486,2021-03-02 10:41:00,629.95,630.0,629.95,630.0,75,8275,709.01,624.35,632.0
9487,2021-03-02 10:42:00,629.95,630.0,629.95,630.0,75,8275,709.01,624.35,632.0
9488,2021-03-02 10:43:00,630.0,630.0,630.0,630.0,50,8275,708.43,629.55,636.65
9489,2021-03-02 10:44:00,630.0,630.0,630.0,630.0,50,8275,708.43,629.55,636.65
9490,2021-03-02 10:45:00,615.0,615.55,615.0,615.55,175,8325,706.11,615.75,625.5
9491,2021-03-02 10:46:00,615.0,615.55,615.0,615.55,175,8325,706.11,615.75,625.5
9492,2021-03-02 10:47:00,615.0,615.55,615.0,615.55,175,8325,706.11,615.75,625.5
9493,2021-03-02 10:48:00,615.0,615.55,615.0,615.55,175,8325,706.11,615.75,625.5
9494,2021-03-02 10:49:00,615.0,615.55,615.0,615.55,175,8325,706.11,615.75,625.5
9495,2021-03-02 10:50:00,615.0,615.55,615.0,615.55,175,8325,706.11,615.75,625.5
9496,2021-03-02 10:51:00,600.0,602.45,600.0,602.45,125,8350,704.25,602.35,608.35
9497,2021-03-02 10:52:00,600.0,602.45,600.0,602.45,125,8350,704.25,602.35,608.35
9498,2021-03-02 10:53:00,600.0,602.45,600.0,602.45,125,8350,704.25,602.35,608.35
9499,2021-03-02 10:54:00,617.75,617.75,617.75,617.75,25,8275,703.95,611.4,621.4
9500,2021-03-02 10:55:00,608.8,611.05,608.8,611.05,50,8275,703.29,608.05,620.85
9501,2021-03-02 10:56:00,613.75,613.75,613.75,613.75,25,8275,702.98,613.85,629.45
9502,2021-03-02 10:57:00,613.75,613.75,613.75,613.75,25,8275,702.98,613.85,629.45
9503,2021-03-02 10:58:00,613.75,613.75,613.75,613.75,25,8275,702.98,613.85,629.45
9504,2021-03-02 10:59:00,613.75,613.75,613.75,613.75,25,8275,702.98,613.85,629.45
9505,2021-03-02 11:00:00,629.5,634.3,629.5,634.3,100,8175,702.03,632.9,646.25
9506,2021-03-02 11:01:00,632.9,632.9,626.45,626.45,75,8175,701.29,620.3,632.95
9507,2021-03-02 11:02:00,626.25,626.25,625.35,625.35,100,8175,700.29,610.05,616.95
9508,2021-03-02 11:03:00,626.25,626.25,625.35,625.35,100,8175,700.29,610.05,616.95
9509,2021-03-02 11:04:00,626.25,626.25,625.35,625.35,100,8175,700.29,610.05,616.95
9510,2021-03-02 11:05:00,626.25,626.25,625.35,625.35,100,8175,700.29,610.05,616.95
9511,2021-03-02 11:06:00,611.4,611.4,607.6,607.6,75,8275,699.4,603.85,615.55
9512,2021-03-02 11:07:00,603.85,603.85,588.1,588.1,50,8275,698.72,582.5,588.05
9513,2021-03-02 11:08:00,582.5,582.5,570.4,570.4,150,8275,696.35,572.0,582.45
9514,2021-03-02 11:09:00,582.5,582.5,570.4,570.4,150,8275,696.35,572.0,582.45
9515,2021-03-02 11:10:00,567.5,567.5,567.5,567.5,25,8275,695.94,561.4,570.1
9516,2021-03-02 11:11:00,568.8,574.9,568.3,574.9,75,8250,694.74,570.1,580.7
9517,2021-03-02 11:12:00,569.75,569.75,569.75,569.75,25,8250,694.35,571.35,575.0
9518,2021-03-02 11:13:00,569.75,569.75,569.75,569.75,25,8250,694.35,571.35,575.0
9519,2021-03-02 11:14:00,570.9,570.9,565.6,565.6,50,8250,693.55,550.0,565.5
9520,2021-03-02 11:15:00,542.0,542.0,537.2,537.2,225,8250,689.51,531.9,548.85
9521,2021-03-02 11:16:00,532.05,536.45,532.05,536.45,50,8250,688.57,528.3,540.7
9522,2021-03-02 11:17:00,528.35,540.2,528.35,540.2,150,8250,685.77,530.45,540.5
9523,2021-03-02 11:18:00,549.0,549.0,549.0,549.0,25,8250,685.36,538.45,551.85
9524,2021-03-02 11:19:00,534.2,534.2,534.2,534.2,50,8250,684.47,523.1,533.0
9525,2021-03-02 11:20:00,523.05,530.8,523.05,530.8,50,8225,683.54,525.7,534.4
9526,2021-03-02 11:21:00,534.75,534.75,534.75,534.75,50,0,682.67,543.35,547.3
9527,2021-03-02 11:22:00,534.75,534.75,534.75,534.75,50,0,682.67,543.35,547.3
9528,2021-03-02 11:23:00,534.75,534.75,534.75,534.75,50,0,682.67,543.35,547.3
9529,2021-03-02 11:24:00,534.75,534.75,534.75,534.75,50,0,682.67,543.35,547.3
9530,2021-03-02 11:25:00,552.65,552.65,552.65,552.65,25,8275,682.29,549.7,557.55
9531,2021-03-02 11:26:00,552.65,552.65,552.65,552.65,25,8275,682.29,549.7,557.55
9532,2021-03-02 11:27:00,552.65,552.65,552.65,552.65,25,8275,682.29,549.7,557.55
9533,2021-03-02 11:28:00,552.65,552.65,552.65,552.65,25,8275,682.29,549.7,557.55
9534,2021-03-02 11:29:00,561.65,561.65,561.65,561.65,25,8250,681.94,558.35,565.65
9535,2021-03-02 11:30:00,556.85,556.85,556.85,556.85,25,8250,681.58,558.25,566.8
9536,2021-03-02 11:31:00,558.25,558.25,551.8,551.8,50,8250,680.85,547.85,554.1
9537,2021-03-02 11:32:00,558.25,558.25,551.8,551.8,50,8250,680.85,547.85,554.1
9538,2021-03-02 11:33:00,558.25,558.25,551.8,551.8,50,8250,680.85,547.85,554.1
9539,2021-03-02 11:34:00,567.05,567.05,567.05,567.05,25,8275,680.52,561.95,571.9
9540,2021-03-02 11:35:00,567.05,567.05,567.05,567.05,25,8275,680.52,561.95,571.9
9541,2021-03-02 11:36:00,568.1,568.1,568.1,568.1,50,8275,679.88,563.4,573.85
9542,2021-03-02 11:37:00,577.6,577.6,577.6,577.6,25,0,679.59,568.9,579.35
9543,2021-03-02 11:38:00,577.6,577.6,577.6,577.6,25,0,679.59,568.9,579.35
9544,2021-03-02 11:39:00,580.75,584.95,580.75,584.95,75,8400,678.76,573.65,580.9
9545,2021-03-02 11:40:00,568.75,585.0,568.75,585.0,75,8400,677.93,577.25,591.85
9546,2021-03-02 11:41:00,579.95,585.3,579.95,585.3,50,8400,677.4,573.6,584.95
9547,2021-03-02 11:42:00,579.95,585.3,579.95,585.3,50,8400,677.4,573.6,584.95
9548,2021-03-02 11:43:00,570.1,570.1,566.0,566.0,75,8400,676.5,565.75,580.6
9549,2021-03-02 11:44:00,570.1,570.1,566.0,566.0,75,8400,676.5,565.75,580.6
9550,2021-03-02 11:45:00,579.4,579.4,579.4,579.4,25,8575,676.23,584.7,596.8
9551,2021-03-02 11:46:00,599.4,599.4,597.45,597.45,50,8575,675.8,593.45,600.75
9552,2021-03-02 11:47:00,593.45,593.45,590.0,590.0,50,8575,675.34,585.45,592.45
9553,2021-03-02 11:48:00,593.45,593.45,590.0,590.0,50,8575,675.34,585.45,592.45
9554,2021-03-02 11:49:00,593.45,593.45,590.0,590.0,50,8575,675.34,585.45,592.45
9555,2021-03-02 11:50:00,595.95,595.95,595.95,595.95,25,8600,675.13,589.3,601.0
9556,2021-03-02 11:51:00,595.95,595.95,595.95,595.95,25,8600,675.13,589.3,601.0
9557,2021-03-02 11:52:00,595.95,595.95,595.95,595.95,25,8600,675.13,589.3,601.0
9558,2021-03-02 11:53:00,573.2,573.2,573.2,573.2,25,8750,674.85,562.9,575.1
9559,2021-03-02 11:54:00,562.9,562.9,562.9,562.9,25,0,674.55,573.6,582.6
9560,2021-03-02 11:55:00,562.9,562.9,562.9,562.9,25,0,674.55,573.6,582.6
9561,2021-03-02 11:56:00,562.9,562.9,562.9,562.9,25,0,674.55,573.6,582.6
9562,2021-03-02 11:57:00,562.9,562.9,562.9,562.9,25,0,674.55,573.6,582.6
9563,2021-03-02 11:58:00,562.9,562.9,562.9,562.9,25,0,674.55,573.6,582.6
9564,2021-03-02 11:59:00,562.9,562.9,562.9,562.9,25,0,674.55,573.6,582.6
9565,2021-03-02 12:00:00,562.9,562.9,562.9,562.9,25,0,674.55,573.6,582.6
9566,2021-03-02 12:01:00,562.9,562.9,562.9,562.9,25,0,674.55,573.6,582.6
9567,2021-03-02 12:02:00,562.9,562.9,560.45,560.45,50,8775,673.94,553.6,565.25
9568,2021-03-02 12:03:00,562.9,562.9,560.45,560.45,50,8775,673.94,553.6,565.25
9569,2021-03-02 12:04:00,562.9,562.9,560.45,560.45,50,8775,673.94,553.6,565.25
9570,2021-03-02 12:05:00,562.9,562.9,560.45,560.45,50,8775,673.94,553.6,565.25
9571,2021-03-02 12:06:00,562.4,562.4,562.4,562.4,125,8750,672.46,559.6,567.55
9572,2021-03-02 12:07:00,559.6,559.6,559.6,559.6,25,8750,672.16,554.7,562.4
9573,2021-03-02 12:08:00,554.65,554.65,554.65,554.65,50,0,671.55,552.4,564.45
9574,2021-03-02 12:09:00,554.65,554.65,554.65,554.65,50,0,671.55,552.4,564.45
9575,2021-03-02 12:10:00,554.65,554.65,554.65,554.65,50,0,671.55,552.4,564.45
9576,2021-03-02 12:11:00,554.65,554.65,554.65,554.65,50,0,671.55,552.4,564.45
9577,2021-03-02 12:12:00,560.85,560.85,560.85,560.85,25,8825,671.26,560.65,566.35
9578,2021-03-02 12:13:00,560.85,560.85,560.85,560.85,25,8825,671.26,560.65,566.35
9579,2021-03-02 12:14:00,560.85,560.85,560.85,560.85,25,8825,671.26,560.65,566.35
9580,2021-03-02 12:15:00,582.1,582.1,582.1,582.1,50,8825,670.8,578.8,584.45
9581,2021-03-02 12:16:00,582.1,582.1,582.1,582.1,50,8825,670.8,578.8,584.45
9582,2021-03-02 12:17:00,590.9,595.0,590.9,595.0,50,8825,670.39,583.85,594.35
9583,2021-03-02 12:18:00,590.9,595.0,590.9,595.0,50,8825,670.39,583.85,594.35
9584,2021-03-02 12:19:00,587.25,590.1,587.25,590.1,50,8800,669.97,588.95,598.5
9585,2021-03-02 12:20:00,587.25,590.1,587.25,590.1,50,8800,669.97,588.95,598.5
9586,2021-03-02 12:21:00,587.25,590.1,587.25,590.1,50,8800,669.97,588.95,598.5
9587,2021-03-02 12:22:00,587.25,590.1,587.25,590.1,50,8800,669.97,588.95,598.5
9588,2021-03-02 12:23:00,587.25,590.1,587.25,590.1,50,8800,669.97,588.95,598.5
9589,2021-03-02 12:24:00,587.25,590.1,587.25,590.1,50,8800,669.97,588.95,598.5
9590,2021-03-02 12:25:00,587.25,590.1,587.25,590.1,50,8800,669.97,588.95,598.5
9591,2021-03-02 12:26:00,587.25,590.1,587.25,590.1,50,8800,669.97,588.95,598.5
9592,2021-03-02 12:27:00,557.25,557.25,557.25,557.25,25,8700,669.68,556.25,562.65
9593,2021-03-02 12:28:00,565.0,565.0,565.0,565.0,50,8700,669.14,564.15,573.55
9594,2021-03-02 12:29:00,568.2,568.2,568.2,568.2,75,8700,668.38,564.35,570.0
9595,2021-03-02 12:30:00,564.35,565.65,560.95,565.65,75,8700,667.58,560.1,570.25
9596,2021-03-02 12:31:00,564.35,565.65,560.95,565.65,75,8700,667.58,560.1,570.25
9597,2021-03-02 12:32:00,581.15,581.15,581.15,581.15,25,0,667.37,575.65,579.85
9598,2021-03-02 12:33:00,578.65,578.65,578.65,578.65,25,8700,667.14,572.95,576.95
9599,2021-03-02 12:34:00,578.65,578.65,578.65,578.65,25,8700,667.14,572.95,576.95
9600,2021-03-02 12:35:00,578.65,578.65,578.65,578.65,25,8700,667.14,572.95,576.95
9601,2021-03-02 12:36:00,573.9,573.9,573.9,573.9,25,0,666.91,540.2,553.05
9602,2021-03-02 12:37:00,573.9,573.9,573.9,573.9,25,0,666.91,540.2,553.05
9603,2021-03-02 12:38:00,573.9,573.9,573.9,573.9,25,0,666.91,540.2,553.05
9604,2021-03-02 12:39:00,573.9,573.9,573.9,573.9,25,0,666.91,540.2,553.05
9605,2021-03-02 12:40:00,573.9,573.9,573.9,573.9,25,0,666.91,540.2,553.05
9606,2021-03-02 12:41:00,573.9,573.9,573.9,573.9,25,0,666.91,540.2,553.05
9607,2021-03-02 12:42:00,573.9,573.9,573.9,573.9,25,0,666.91,540.2,553.05
9608,2021-03-02 12:43:00,573.9,573.9,573.9,573.9,25,0,666.91,540.2,553.05
9609,2021-03-02 12:44:00,573.9,573.9,573.9,573.9,25,0,666.91,540.2,553.05
9610,2021-03-02 12:45:00,550.5,550.5,550.5,550.5,25,0,666.62,547.55,555.35
9611,2021-03-02 12:46:00,550.5,550.5,550.5,550.5,25,0,666.62,547.55,555.35
9612,2021-03-02 12:47:00,541.1,541.1,541.1,541.1,25,8775,666.3,534.1,542.7
9613,2021-03-02 12:48:00,541.1,541.1,541.1,541.1,25,8775,666.3,534.1,542.7
9614,2021-03-02 12:49:00,538.7,538.7,538.7,538.7,25,8775,665.99,535.05,543.15
9615,2021-03-02 12:50:00,535.15,535.15,528.6,528.6,75,8775,665.0,529.45,539.75
9616,2021-03-02 12:51:00,535.15,535.15,528.6,528.6,75,8775,665.0,529.45,539.75
9617,2021-03-02 12:52:00,548.6,548.6,545.75,545.75,75,8775,664.14,543.5,547.5
9618,2021-03-02 12:53:00,551.0,551.0,551.0,551.0,50,8775,663.59,548.65,561.95
9619,2021-03-02 12:54:00,554.55,554.55,545.5,545.5,100,8775,662.51,543.1,557.6
9620,2021-03-02 12:55:00,554.55,554.55,545.5,545.5,100,8775,662.51,543.1,557.6
9621,2021-03-02 12:56:00,542.35,542.35,538.85,538.85,50,8775,661.93,537.6,548.15
9622,2021-03-02 12:57:00,542.35,542.35,538.85,538.85,50,8775,661.93,537.6,548.15
9623,2021-03-02 12:58:00,542.35,542.35,538.85,538.85,50,8775,661.93,537.6,548.15
9624,2021-03-02 12:59:00,542.35,542.35,538.85,538.85,50,8775,661.93,537.6,548.15
9625,2021-03-02 13:00:00,560.55,560.55,560.55,560.55,50,8775,661.44,554.45,561.0
9626,2021-03-02 13:01:00,560.55,560.55,560.55,560.55,50,8775,661.44,554.45,561.0
9627,2021-03-02 13:02:00,560.55,560.55,560.55,560.55,50,8775,661.44,554.45,561.0
9628,2021-03-02 13:03:00,560.55,560.55,560.55,560.55,50,8775,661.44,554.45,561.0
9629,2021-03-02 13:04:00,534.05,534.05,534.05,534.05,50,8775,660.83,529.25,541.65
9630,2021-03-02 13:05:00,534.05,534.05,534.05,534.05,50,8775,660.83,529.25,541.65
9631,2021-03-02 13:06:00,540.2,540.2,540.2,540.2,50,8775,660.26,543.5,550.7
9632,2021-03-02 13:07:00,540.2,540.2,540.2,540.2,50,8775,660.26,543.5,550.7
9633,2021-03-02 13:08:00,540.2,540.2,540.2,540.2,50,8775,660.26,543.5,550.7
9634,2021-03-02 13:09:00,540.2,540.2,540.2,540.2,50,8775,660.26,543.5,550.7
9635,2021-03-02 13:10:00,540.2,540.2,540.2,540.2,50,8775,660.26,543.5,550.7
9636,2021-03-02 13:11:00,542.65,542.65,538.1,538.1,50,8925,659.7,534.25,544.9
9637,2021-03-02 13:12:00,532.9,532.9,532.9,532.9,25,8925,659.4,526.15,536.55
9638,2021-03-02 13:13:00,532.9,532.9,532.9,532.9,25,8925,659.4,526.15,536.55
9639,2021-03-02 13:14:00,532.9,532.9,532.9,532.9,25,8925,659.4,526.15,536.55
9640,2021-03-02 13:15:00,532.9,532.9,532.9,532.9,25,8925,659.4,526.15,536.55
9641,2021-03-02 13:16:00,532.9,532.9,532.9,532.9,25,8925,659.4,526.15,536.55
9642,2021-03-02 13:17:00,532.9,532.9,532.9,532.9,25,8925,659.4,526.15,536.55
9643,2021-03-02 13:18:00,543.8,543.8,543.8,543.8,50,8950,658.86,542.05,549.5
9644,2021-03-02 13:19:00,543.8,543.8,543.8,543.8,50,8950,658.86,542.05,549.5
9645,2021-03-02 13:20:00,543.8,543.8,543.8,543.8,50,8950,658.86,542.05,549.5
9646,2021-03-02 13:21:00,540.95,540.95,540.55,540.55,50,8950,658.31,535.55,544.35
9647,2021-03-02 13:22:00,535.55,535.55,535.55,535.55,25,8950,658.02,526.7,542.25
9648,2021-03-02 13:23:00,535.55,535.55,535.55,535.55,25,8950,658.02,526.7,542.25
9649,2021-03-02 13:24:00,535.55,535.55,535.55,535.55,25,8950,658.02,526.7,542.25
9650,2021-03-02 13:25:00,535.55,535.55,535.55,535.55,25,8950,658.02,526.7,542.25
9651,2021-03-02 13:26:00,535.55,535.55,535.55,535.55,25,8950,658.02,526.7,542.25
9652,2021-03-02 13:27:00,541.5,541.5,541.5,541.5,25,8950,657.75,538.75,544.95
9653,2021-03-02 13:28:00,549.6,549.6,545.35,545.35,50,8950,657.24,535.35,546.9
9654,2021-03-02 13:29:00,537.9,537.9,537.9,537.9,25,8950,656.97,532.1,536.85
9655,2021-03-02 13:30:00,536.15,536.15,536.15,536.15,75,8950,656.14,532.1,541.55
9656,2021-03-02 13:31:00,541.7,541.7,530.0,530.0,50,8925,655.59,518.45,531.85
9657,2021-03-02 13:32:00,518.45,518.45,518.45,518.45,25,8925,655.28,512.1,520.95
9658,2021-03-02 13:33:00,518.45,518.45,518.45,518.45,25,8925,655.28,512.1,520.95
9659,2021-03-02 13:34:00,518.45,518.45,518.45,518.45,25,8925,655.28,512.1,520.95
9660,2021-03-02 13:35:00,518.45,518.45,518.45,518.45,25,8925,655.28,512.1,520.95
9661,2021-03-02 13:36:00,514.1,514.1,514.1,514.1,25,8900,654.96,507.9,524.25
9662,2021-03-02 13:37:00,514.1,514.1,514.1,514.1,25,8900,654.96,507.9,524.25
9663,2021-03-02 13:38:00,514.1,514.1,514.1,514.1,25,8900,654.96,507.9,524.25
9664,2021-03-02 13:39:00,523.05,523.05,523.05,523.05,150,8925,653.19,522.6,537.15
9665,2021-03-02 13:40:00,523.05,523.05,523.05,523.05,150,8925,653.19,522.6,537.15
9666,2021-03-02 13:41:00,547.05,547.05,547.05,547.05,25,9000,652.95,547.15,558.55
9667,2021-03-02 13:42:00,547.05,547.05,547.05,547.05,25,9000,652.95,547.15,558.55
9668,2021-03-02 13:43:00,570.0,570.0,570.0,570.0,100,9000,652.22,560.55,569.9
9669,2021-03-02 13:44:00,573.0,573.0,562.85,562.85,250,9000,650.47,558.25,568.9
9670,2021-03-02 13:45:00,580.0,580.0,580.0,580.0,100,9000,649.86,574.85,585.95
9671,2021-03-02 13:46:00,580.0,580.0,580.0,580.0,100,9000,649.86,574.85,585.95
9672,2021-03-02 13:47:00,573.45,573.45,573.45,573.45,25,9000,649.7,572.15,579.8
9673,2021-03-02 13:48:00,580.0,580.0,580.0,580.0,50,0,649.4,583.85,596.95
9674,2021-03-02 13:49:00,599.1,599.1,599.1,599.1,25,9025,649.3,585.6,597.85
9675,2021-03-02 13:50:00,586.2,586.2,583.1,583.1,75,9025,648.88,565.8,580.25
9676,2021-03-02 13:51:00,586.2,586.2,583.1,583.1,75,9025,648.88,565.8,580.25
9677,2021-03-02 13:52:00,586.2,586.2,583.1,583.1,75,9025,648.88,565.8,580.25
9678,2021-03-02 13:53:00,586.2,586.2,583.1,583.1,75,9025,648.88,565.8,580.25
9679,2021-03-02 13:54:00,552.15,552.15,552.15,552.15,100,9025,648.08,552.9,565.7
9680,2021-03-02 13:55:00,552.15,552.15,552.15,552.15,100,9025,648.08,552.9,565.7
9681,2021-03-02 13:56:00,553.25,553.25,544.35,544.35,75,9025,647.49,536.0,548.15
9682,2021-03-02 13:57:00,536.0,536.0,536.0,536.0,25,9025,647.25,534.35,544.35
9683,2021-03-02 13:58:00,536.0,536.0,536.0,536.0,25,9025,647.25,534.35,544.35
9684,2021-03-02 13:59:00,536.0,536.0,536.0,536.0,25,9025,647.25,534.35,544.35
9685,2021-03-02 14:00:00,529.0,529.0,529.0,529.0,50,8925,646.76,531.7,540.1
9686,2021-03-02 14:01:00,529.0,529.0,529.0,529.0,50,8925,646.76,531.7,540.1
9687,2021-03-02 14:02:00,535.0,535.0,535.0,535.0,25,0,646.53,537.0,544.15
9688,2021-03-02 14:03:00,535.0,535.0,535.0,535.0,25,0,646.53,537.0,544.15
9689,2021-03-02 14:04:00,535.0,535.0,535.0,535.0,25,0,646.53,537.0,544.15
9690,2021-03-02 14:05:00,547.75,547.75,547.75,547.75,25,8925,646.33,547.5,560.5
9691,2021-03-02 14:06:00,547.75,547.75,547.75,547.75,25,8925,646.33,547.5,560.5
9692,2021-03-02 14:07:00,547.75,547.75,547.75,547.75,25,8925,646.33,547.5,560.5
9693,2021-03-02 14:08:00,547.75,547.75,547.75,547.75,25,8925,646.33,547.5,560.5
9694,2021-03-02 14:09:00,547.75,547.75,547.75,547.75,25,8925,646.33,547.5,560.5
9695,2021-03-02 14:10:00,547.75,547.75,547.75,547.75,25,8925,646.33,547.5,560.5
9696,2021-03-02 14:11:00,544.65,544.65,544.65,544.65,50,0,645.91,545.35,552.55
9697,2021-03-02 14:12:00,544.65,544.65,544.65,544.65,50,0,645.91,545.35,552.55
9698,2021-03-02 14:13:00,544.65,544.65,544.65,544.65,50,0,645.91,545.35,552.55
9699,2021-03-02 14:14:00,544.65,544.65,544.65,544.65,50,0,645.91,545.35,552.55
9700,2021-03-02 14:15:00,565.5,565.5,565.5,565.5,50,8725,645.58,568.4,575.65
9701,2021-03-02 14:16:00,568.4,570.2,568.4,570.2,50,8725,645.27,558.75,563.9
9702,2021-03-02 14:17:00,568.4,570.2,568.4,570.2,50,8725,645.27,558.75,563.9
9703,2021-03-02 14:18:00,568.4,570.2,568.4,570.2,50,8725,645.27,558.75,563.9
9704,2021-03-02 14:19:00,568.4,570.2,568.4,570.2,50,8725,645.27,558.75,563.9
9705,2021-03-02 14:20:00,568.4,570.2,568.4,570.2,50,8725,645.27,558.75,563.9
9706,2021-03-02 14:21:00,541.65,541.65,541.65,541.65,25,8725,645.06,542.7,549.55
9707,2021-03-02 14:22:00,541.65,541.65,541.65,541.65,25,8725,645.06,542.7,549.55
9708,2021-03-02 14:23:00,541.65,541.65,541.65,541.65,25,8725,645.06,542.7,549.55
9709,2021-03-02 14:24:00,556.55,556.55,556.55,556.55,25,8750,644.88,550.25,557.45
9710,2021-03-02 14:25:00,556.55,556.55,556.55,556.55,25,8750,644.88,550.25,557.45
9711,2021-03-02 14:26:00,556.55,556.55,556.55,556.55,25,8750,644.88,550.25,557.45
9712,2021-03-02 14:27:00,551.05,553.8,551.05,553.8,125,8775,643.95,547.45,552.7
9713,2021-03-02 14:28:00,551.05,553.8,551.05,553.8,125,8775,643.95,547.45,552.7
9714,2021-03-02 14:29:00,544.1,544.1,544.1,544.1,25,8775,643.75,544.05,549.15
9715,2021-03-02 14:30:00,544.1,544.1,544.1,544.1,25,8775,643.75,544.05,549.15
9716,2021-03-02 14:31:00,553.6,553.6,547.65,547.65,50,8775,643.37,543.75,549.85
9717,2021-03-02 14:32:00,553.6,553.6,547.65,547.65,50,8775,643.37,543.75,549.85
9718,2021-03-02 14:33:00,553.6,553.6,547.65,547.65,50,8775,643.37,543.75,549.85
9719,2021-03-02 14:34:00,553.6,553.6,547.65,547.65,50,8775,643.37,543.75,549.85
9720,2021-03-02 14:35:00,540.7,540.7,540.7,540.7,25,8750,643.17,536.0,544.5
9721,2021-03-02 14:36:00,546.55,546.55,546.55,546.55,25,8750,642.98,536.15,541.6
9722,2021-03-02 14:37:00,546.55,546.55,546.55,546.55,25,8750,642.98,536.15,541.6
9723,2021-03-02 14:38:00,541.15,541.15,541.15,541.15,50,0,642.57,548.35,551.7
9724,2021-03-02 14:39:00,554.75,554.75,554.75,554.75,75,8825,642.05,546.5,556.8
9725,2021-03-02 14:40:00,549.9,549.9,548.8,548.8,75,8825,641.51,539.55,548.1
9726,2021-03-02 14:41:00,538.45,538.45,538.45,538.45,50,8825,641.11,540.5,547.95
9727,2021-03-02 14:42:00,533.8,533.8,533.8,533.8,100,8825,640.3,536.8,542.65
9728,2021-03-02 14:43:00,533.8,533.8,533.8,533.8,100,8825,640.3,536.8,542.65
9729,2021-03-02 14:44:00,533.8,533.8,533.8,533.8,100,8825,640.3,536.8,542.65
9730,2021-03-02 14:45:00,533.8,533.8,533.8,533.8,100,8825,640.3,536.8,542.65
9731,2021-03-02 14:46:00,553.55,553.55,553.55,553.55,75,8850,639.79,561.3,566.75
9732,2021-03-02 14:47:00,561.3,561.3,560.45,560.45,50,8850,639.49,555.05,560.7
9733,2021-03-02 14:48:00,555.0,555.0,555.0,555.0,25,8850,639.33,538.25,543.3
9734,2021-03-02 14:49:00,536.85,536.85,536.85,536.85,25,8850,639.13,526.1,533.75
9735,2021-03-02 14:50:00,517.35,523.35,517.35,523.35,200,8850,637.34,521.2,526.4
9736,2021-03-02 14:51:00,517.35,523.35,517.35,523.35,200,8850,637.34,521.2,526.4
9737,2021-03-02 14:52:00,517.35,523.35,517.35,523.35,200,8850,637.34,521.2,526.4
9738,2021-03-02 14:53:00,517.35,523.35,517.35,523.35,200,8850,637.34,521.2,526.4
9739,2021-03-02 14:54:00,534.95,534.95,534.95,534.95,25,8725,637.15,533.25,540.8
9740,2021-03-02 14:55:00,534.95,534.95,534.95,534.95,25,8725,637.15,533.25,540.8
9741,2021-03-02 14:56:00,534.95,534.95,534.95,534.95,25,8725,637.15,533.25,540.8
9742,2021-03-02 14:57:00,534.95,534.95,534.95,534.95,25,8725,637.15,533.25,540.8
9743,2021-03-02 14:58:00,534.95,534.95,534.95,534.95,25,8725,637.15,533.25,540.8
9744,2021-03-02 14:59:00,534.95,534.95,534.95,534.95,25,8725,637.15,533.25,540.8
9745,2021-03-02 15:00:00,548.35,548.35,548.35,548.35,100,8650,636.49,548.55,559.3
9746,2021-03-02 15:01:00,560.7,560.7,560.7,560.7,25,8425,636.34,556.8,565.6
9747,2021-03-02 15:02:00,558.3,558.3,558.3,558.3,25,8425,636.2,554.9,559.15
9748,2021-03-02 15:03:00,558.3,558.3,558.3,558.3,25,8425,636.2,554.9,559.15
9749,2021-03-02 15:04:00,562.1,562.1,562.1,562.1,25,8325,636.06,557.95,567.7
9750,2021-03-02 15:05:00,557.95,557.95,553.2,553.2,50,8325,635.77,548.85,556.9
9751,2021-03-02 15:06:00,557.95,557.95,553.2,553.2,50,8325,635.77,548.85,556.9
9752,2021-03-02 15:07:00,557.95,557.95,553.2,553.2,50,8325,635.77,548.85,556.9
9753,2021-03-02 15:08:00,557.95,557.95,553.2,553.2,50,8325,635.77,548.85,556.9
9754,2021-03-02 15:09:00,562.0,562.0,562.0,562.0,25,8250,635.63,556.05,566.25
9755,2021-03-02 15:10:00,571.85,571.85,571.85,571.85,50,8250,635.4,588.8,596.2
9756,2021-03-02 15:11:00,571.85,571.85,571.85,571.85,50,8250,635.4,588.8,596.2
9757,2021-03-02 15:12:00,571.85,571.85,571.85,571.85,50,8250,635.4,588.8,596.2
9758,2021-03-02 15:13:00,571.85,571.85,571.85,571.85,50,8250,635.4,588.8,596.2
9759,2021-03-02 15:14:00,625.0,625.0,625.0,625.0,25,8325,635.38,624.1,630.55
9760,2021-03-02 15:15:00,631.0,631.0,626.1,626.1,125,8325,635.31,622.45,633.75
9761,2021-03-02 15:16:00,630.25,638.15,630.25,638.15,50,8300,635.3,630.85,641.0
9762,2021-03-02 15:17:00,630.85,630.85,630.85,630.85,25,8300,635.29,619.65,629.05
9763,2021-03-02 15:18:00,631.95,631.95,631.95,631.95,50,8250,635.29,626.4,632.9
9764,2021-03-02 15:19:00,629.0,629.0,629.0,629.0,25,8250,635.27,629.6,634.6
9765,2021-03-02 15:20:00,625.4,625.4,625.4,625.4,25,8250,635.26,614.45,626.05
9766,2021-03-02 15:21:00,625.4,625.4,625.4,625.4,25,8250,635.26,614.45,626.05
9767,2021-03-02 15:22:00,625.4,625.4,625.4,625.4,25,8250,635.26,614.45,626.05
9768,2021-03-02 15:23:00,625.4,625.4,625.4,625.4,25,8250,635.26,614.45,626.05
9769,2021-03-02 15:24:00,625.4,625.4,625.4,625.4,25,8250,635.26,614.45,626.05
9770,2021-03-02 15:25:00,619.65,619.65,608.8,608.8,525,8200,634.67,608.7,616.55
9771,2021-03-02 15:26:00,614.55,614.55,613.1,613.1,150,8200,634.44,603.8,612.4
9772,2021-03-02 15:27:00,605.65,612.25,605.65,612.25,725,8200,633.14,606.75,615.85
9773,2021-03-02 15:28:00,605.65,612.25,605.65,612.25,725,8200,633.14,606.75,615.85
9774,2021-03-02 15:29:00,605.65,612.25,605.65,612.25,725,8200,633.14,606.75,615.85
9775,2021-03-02 15:30:00,605.65,612.25,605.65,612.25,725,8200,633.14,606.75,615.85
9776,2021-03-03 09:15:00,709.0,709.0,599.35,599.35,50,8525,654.17,649.15,674.15
9777,2021-03-03 09:16:00,669.7,669.7,669.7,669.7,725,8525,673.1,653.65,672.9
9778,2021-03-03 09:17:00,672.9,672.9,672.9,672.9,25,0,673.1,659.85,667.5
9779,2021-03-03 09:18:00,668.05,668.65,668.05,668.65,100,8650,672.35,662.05,668.7
9780,2021-03-03 09:19:00,652.75,677.1,652.75,677.1,225,8650,670.42,669.85,680.85
9781,2021-03-03 09:20:00,690.0,690.0,690.0,690.0,50,8675,671.26,692.9,699.65
9782,2021-03-03 09:21:00,707.55,709.95,703.4,703.4,275,8675,677.54,699.55,709.9
9783,2021-03-03 09:22:00,702.85,702.85,702.85,702.85,25,8675,677.97,694.7,704.15
9784,2021-03-03 09:23:00,696.35,696.35,695.8,695.8,50,8900,678.56,697.2,707.1
9785,2021-03-03 09:24:00,697.05,697.05,689.2,689.2,275,8900,681.08,682.15,689.2
9786,2021-03-03 09:25:00,689.15,691.2,683.2,683.2,125,8900,681.56,681.8,688.25
9787,2021-03-03 09:26:00,677.95,679.45,676.0,676.0,275,9000,681.13,669.4,673.45
9788,2021-03-03 09:27:00,664.35,664.35,664.35,664.35,25,9000,680.95,656.45,664.4
9789,2021-03-03 09:28:00,664.35,664.35,664.35,664.35,25,9000,680.95,656.45,664.4
9790,2021-03-03 09:29:00,681.1,681.1,681.1,681.1,250,8975,680.72,668.4,675.0
9791,2021-03-03 09:30:00,681.1,681.1,681.1,681.1,250,8975,680.72,668.4,675.0
9792,2021-03-03 09:31:00,686.65,686.65,686.65,686.65,150,8975,681.06,688.95,694.55
9793,2021-03-03 09:32:00,700.0,700.0,700.0,700.0,75,8975,681.58,695.8,702.85
9794,2021-03-03 09:33:00,693.0,693.0,693.0,693.0,50,8800,681.81,691.5,696.05
9795,2021-03-03 09:34:00,669.75,669.75,669.75,669.75,50,8800,681.6,667.9,675.05
9796,2021-03-03 09:35:00,666.7,666.7,666.7,666.7,50,8800,681.33,656.2,661.15
9797,2021-03-03 09:36:00,651.3,653.6,651.3,653.6,50,8800,680.84,651.15,660.05
9798,2021-03-03 09:37:00,667.9,667.9,667.9,667.9,50,8800,680.6,668.4,681.45
9799,2021-03-03 09:38:00,670.3,670.3,670.3,670.3,25,8800,680.51,661.7,667.9
9800,2021-03-03 09:39:00,670.3,670.3,670.3,670.3,25,8800,680.51,661.7,667.9
9801,2021-03-03 09:40:00,658.1,664.0,658.1,664.0,50,8750,680.19,663.85,668.95
9802,2021-03-03 09:41:00,671.35,672.5,671.35,672.5,50,8750,680.06,660.3,667.1
9803,2021-03-03 09:42:00,671.35,672.5,671.35,672.5,50,8750,680.06,660.3,667.1
9804,2021-03-03 09:43:00,662.35,662.35,662.35,662.35,150,8475,679.34,659.65,664.5
9805,2021-03-03 09:44:00,656.1,656.1,656.1,656.1,50,8500,678.98,651.55,658.85
9806,2021-03-03 09:45:00,645.1,645.1,645.1,645.1,200,8500,677.29,643.45,649.15
9807,2021-03-03 09:46:00,645.1,645.1,645.1,645.1,200,8500,677.29,643.45,649.15
9808,2021-03-03 09:47:00,656.45,656.45,656.45,656.45,25,8500,677.14,659.5,664.65
9809,2021-03-03 09:48:00,662.25,662.25,662.25,662.25,25,0,677.03,663.8,669.35
9810,2021-03-03 09:49:00,662.25,662.25,662.25,662.25,25,0,677.03,663.8,669.35
9811,2021-03-03 09:50:00,671.6,674.65,671.6,674.65,75,8500,676.94,680.4,691.6
9812,2021-03-03 09:51:00,689.55,695.05,689.55,695.05,50,8300,677.15,690.65,698.5
9813,2021-03-03 09:52:00,686.6,686.6,686.6,686.6,50,8300,677.29,693.65,698.95
9814,2021-03-03 09:53:00,697.2,697.2,697.2,697.2,25,8300,677.42,700.0,709.95
9815,2021-03-03 09:54:00,700.0,710.0,700.0,710.0,75,8300,677.98,712.6,717.35
9816,2021-03-03 09:55:00,720.0,720.0,705.85,705.85,200,8300,679.9,708.4,718.7
9817,2021-03-03 09:56:00,718.5,720.3,718.5,720.3,100,8300,680.83,715.4,720.3
9818,2021-03-03 09:57:00,721.4,724.7,721.4,724.7,75,8300,681.57,719.5,726.45
9819,2021-03-03 09:58:00,721.4,724.7,721.4,724.7,75,8300,681.57,719.5,726.45
9820,2021-03-03 09:59:00,726.9,732.0,726.9,732.0,100,8250,682.67,727.5,734.85
9821,2021-03-03 10:00:00,734.35,735.0,729.1,729.1,100,8250,683.83,719.55,729.9
9822,2021-03-03 10:01:00,727.8,727.8,727.8,727.8,25,8250,684.08,722.65,729.05
9823,2021-03-03 10:02:00,729.05,729.05,729.05,729.05,1350,8250,694.64,727.7,734.4
9824,2021-03-03 10:03:00,731.0,731.0,730.8,730.8,75,8275,695.1,727.15,735.65
9825,2021-03-03 10:04:00,720.5,727.65,720.5,727.65,50,8275,695.35,724.15,731.55
9826,2021-03-03 10:05:00,720.5,727.65,720.5,727.65,50,8275,695.35,724.15,731.55
9827,2021-03-03 10:06:00,739.95,739.95,736.65,736.65,125,8300,696.26,729.85,737.2
9828,2021-03-03 10:07:00,732.45,733.7,732.45,733.7,125,8300,696.98,732.65,737.3
9829,2021-03-03 10:08:00,725.95,725.95,725.95,725.95,25,8175,697.1,725.9,731.5
9830,2021-03-03 10:09:00,725.95,725.95,725.95,725.95,25,8175,697.1,725.9,731.5
9831,2021-03-03 10:10:00,729.45,729.45,729.45,729.45,25,8175,697.23,722.45,729.75
9832,2021-03-03 10:11:00,729.45,729.45,729.45,729.45,25,8175,697.23,722.45,729.75
9833,2021-03-03 10:12:00,729.05,729.05,729.05,729.05,25,8200,697.36,718.9,725.35
9834,2021-03-03 10:13:00,718.9,718.9,718.9,718.9,25,0,697.44,718.3,727.7
9835,2021-03-03 10:14:00,718.3,718.3,718.3,718.3,150,8200,697.93,715.3,721.15
9836,2021-03-03 10:15:00,736.7,740.2,736.7,736.7,100,8275,698.57,736.55,747.2
9837,2021-03-03 10:16:00,750.0,760.0,750.0,760.0,100,8275,699.39,757.05,766.75
9838,2021-03-03 10:17:00,766.15,766.15,751.9,751.9,75,8250,700.08,750.85,759.1
9839,2021-03-03 10:18:00,752.6,752.6,752.6,752.6,375,8250,702.9,756.8,762.95
9840,2021-03-03 10:19:00,766.1,766.1,766.1,766.1,375,0,706.06,764.85,769.4
9841,2021-03-03 10:20:00,761.4,761.4,761.4,761.4,25,8250,706.25,757.65,762.25
9842,2021-03-03 10:21:00,761.4,761.4,761.4,761.4,25,8250,706.25,757.65,762.25
9843,2021-03-03 10:22:00,759.9,759.9,759.9,759.9,50,8300,706.61,751.75,758.95
9844,2021-03-03 10:23:00,754.65,754.65,754.65,754.65,25,7825,706.77,752.75,758.45
9845,2021-03-03 10:24:00,766.1,766.1,764.4,764.4,75,7825,707.36,762.15,766.55
9846,2021-03-03 10:25:00,760.0,760.0,760.0,760.0,25,7825,707.53,756.15,761.9
9847,2021-03-03 10:26:00,760.0,760.0,760.0,760.0,25,7825,707.53,756.15,761.9
9848,2021-03-03 10:27:00,760.0,760.0,760.0,760.0,25,7825,707.53,756.15,761.9
9849,2021-03-03 10:28:00,753.05,753.05,750.9,750.9,50,7825,707.82,745.45,756.3
9850,2021-03-03 10:29:00,745.0,752.05,745.0,752.05,50,7850,708.08,749.8,757.1
9851,2021-03-03 10:30:00,752.55,752.55,752.55,752.55,250,7850,709.59,752.95,761.55
9852,2021-03-03 10:31:00,770.0,770.0,770.0,770.0,50,7850,709.97,771.7,781.45
9853,2021-03-03 10:32:00,771.95,771.95,771.95,771.95,50,7850,710.36,772.2,777.75
9854,2021-03-03 10:33:00,776.25,783.95,776.25,778.1,150,7850,711.64,778.15,784.95
9855,2021-03-03 10:34:00,776.25,783.95,776.25,778.1,150,7850,711.64,778.15,784.95
9856,2021-03-03 10:35:00,786.6,786.6,778.9,778.9,150,7850,712.87,775.9,780.55
9857,2021-03-03 10:36:00,786.6,786.6,778.9,778.9,150,7850,712.87,775.9,780.55
9858,2021-03-03 10:37:00,786.6,786.6,778.9,778.9,150,7850,712.87,775.9,780.55
9859,2021-03-03 10:38:00,788.6,788.6,788.6,788.6,25,7825,713.1,787.9,795.75
9860,2021-03-03 10:39:00,791.2,798.25,791.2,798.25,475,7775,717.44,797.4,800.0
9861,2021-03-03 10:40:00,800.0,804.35,800.0,804.35,50,7775,717.92,805.0,812.05
9862,2021-03-03 10:41:00,819.6,819.6,816.05,816.05,75,7700,718.75,816.65,823.1
9863,2021-03-03 10:42:00,816.05,816.05,816.05,816.05,250,7700,721.39,811.45,817.9
9864,2021-03-03 10:43:00,805.0,808.0,805.0,808.0,75,7700,722.07,808.35,817.0
9865,2021-03-03 10:44:00,805.0,808.0,805.0,808.0,75,7700,722.07,808.35,817.0
9866,2021-03-03 10:45:00,814.9,814.9,814.9,814.9,50,7850,722.56,811.3,815.85
9867,2021-03-03 10:46:00,817.0,817.0,812.0,812.0,325,7850,725.71,815.2,821.95
9868,2021-03-03 10:47:00,817.0,817.0,812.0,812.0,325,7850,725.71,815.2,821.95
9869,2021-03-03 10:48:00,815.0,815.0,815.0,815.0,25,7825,725.94,804.3,814.2
9870,2021-03-03 10:49:00,800.9,800.9,800.9,800.9,25,7825,726.13,796.55,803.6
9871,2021-03-03 10:50:00,800.9,800.9,800.9,800.9,25,7825,726.13,796.55,803.6
9872,2021-03-03 10:51:00,790.1,790.1,790.1,790.1,50,7750,726.46,791.95,798.25
9873,2021-03-03 10:52:00,790.1,790.1,790.1,790.1,50,7750,726.46,791.95,798.25
9874,2021-03-03 10:53:00,790.1,790.1,790.1,790.1,50,7750,726.46,791.95,798.25
9875,2021-03-03 10:54:00,803.0,803.0,803.0,803.0,25,7775,726.66,799.4,805.65
9876,2021-03-03 10:55:00,803.0,803.0,803.0,803.0,25,7775,726.66,799.4,805.65
9877,2021-03-03 10:56:00,788.9,788.9,788.9,788.9,25,7400,726.82,780.95,786.35
9878,2021-03-03 10:57:00,788.9,788.9,788.9,788.9,25,7400,726.82,780.95,786.35
9879,2021-03-03 10:58:00,788.9,788.9,788.9,788.9,25,7400,726.82,780.95,786.35
9880,2021-03-03 10:59:00,788.9,788.9,788.9,788.9,25,7400,726.82,780.95,786.35
9881,2021-03-03 11:00:00,784.75,784.75,779.1,779.1,100,7400,727.38,772.25,779.55
9882,2021-03-03 11:01:00,772.9,772.9,772.9,772.9,25,7400,727.49,780.3,786.9
9883,2021-03-03 11:02:00,772.9,772.9,772.9,772.9,25,7400,727.49,780.3,786.9
9884,2021-03-03 11:03:00,772.9,772.9,772.9,772.9,25,7400,727.49,780.3,786.9
9885,2021-03-03 11:04:00,780.2,780.2,780.2,780.2,25,7350,727.62,774.4,782.85
9886,2021-03-03 11:05:00,770.65,770.65,770.65,770.65,25,7350,727.73,770.45,779.65
9887,2021-03-03 11:06:00,771.55,771.55,770.0,770.0,50,7175,727.94,770.15,776.05
9888,2021-03-03 11:07:00,771.55,771.55,770.0,770.0,50,7175,727.94,770.15,776.05
9889,2021-03-03 11:08:00,771.55,771.55,770.0,770.0,50,7175,727.94,770.15,776.05
9890,2021-03-03 11:09:00,807.1,807.1,807.1,807.1,25,7175,728.14,801.8,807.75
9891,2021-03-03 11:10:00,807.5,807.5,807.5,807.5,75,7175,728.73,806.6,814.05
9892,2021-03-03 11:11:00,807.5,807.5,807.5,807.5,75,7175,728.73,806.6,814.05
9893,2021-03-03 11:12:00,807.5,807.5,807.5,807.5,75,7175,728.73,806.6,814.05
9894,2021-03-03 11:13:00,807.5,807.5,807.5,807.5,75,7175,728.73,806.6,814.05
9895,2021-03-03 11:14:00,779.7,779.7,779.7,779.7,50,6950,728.99,781.2,786.7
9896,2021-03-03 11:15:00,779.7,779.7,779.7,779.7,50,6950,728.99,781.2,786.7
9897,2021-03-03 11:16:00,779.7,779.7,779.7,779.7,50,6950,728.99,781.2,786.7
9898,2021-03-03 11:17:00,779.7,779.7,779.7,779.7,50,6950,728.99,781.2,786.7
9899,2021-03-03 11:18:00,772.0,772.0,772.0,772.0,75,7050,729.31,772.0,779.1
9900,2021-03-03 11:19:00,772.0,772.0,770.0,770.0,175,7050,729.99,771.1,777.3
9901,2021-03-03 11:20:00,772.0,772.0,770.0,770.0,175,7050,729.99,771.1,777.3
9902,2021-03-03 11:21:00,772.0,772.0,770.0,770.0,175,7050,729.99,771.1,777.3
9903,2021-03-03 11:22:00,772.0,772.0,770.0,770.0,175,7050,729.99,771.1,777.3
9904,2021-03-03 11:23:00,772.0,772.0,770.0,770.0,175,7050,729.99,771.1,777.3
9905,2021-03-03 11:24:00,772.0,772.0,770.0,770.0,175,7050,729.99,771.1,777.3
9906,2021-03-03 11:25:00,772.0,772.0,770.0,770.0,175,7050,729.99,771.1,777.3
9907,2021-03-03 11:26:00,781.8,790.85,781.8,790.85,50,7175,730.26,786.35,792.5
9908,2021-03-03 11:27:00,781.8,790.85,781.8,790.85,50,7175,730.26,786.35,792.5
9909,2021-03-03 11:28:00,781.8,790.85,781.8,790.85,50,7175,730.26,786.35,792.5
9910,2021-03-03 11:29:00,781.8,790.85,781.8,790.85,50,7175,730.26,786.35,792.5
9911,2021-03-03 11:30:00,785.55,785.55,785.55,785.55,25,7175,730.39,783.9,793.0
9912,2021-03-03 11:31:00,785.55,785.55,785.55,785.55,25,7175,730.39,783.9,793.0
9913,2021-03-03 11:32:00,785.55,785.55,785.55,785.55,25,7175,730.39,783.9,793.0
9914,2021-03-03 11:33:00,785.55,785.55,785.55,785.55,25,7175,730.39,783.9,793.0
9915,2021-03-03 11:34:00,785.55,785.55,785.55,785.55,25,7175,730.39,783.9,793.0
9916,2021-03-03 11:35:00,785.55,785.55,785.55,785.55,25,7175,730.39,783.9,793.0
9917,2021-03-03 11:36:00,813.2,813.2,813.2,813.2,25,7225,730.59,800.2,805.85
9918,2021-03-03 11:37:00,800.1,800.1,800.1,800.1,25,7225,730.75,800.4,805.7
9919,2021-03-03 11:38:00,800.1,800.1,800.1,800.1,25,7225,730.75,800.4,805.7
9920,2021-03-03 11:39:00,800.1,800.1,800.1,800.1,25,7225,730.75,800.4,805.7
9921,2021-03-03 11:40:00,800.8,800.8,800.8,800.8,25,7200,730.92,794.35,801.9
9922,2021-03-03 11:41:00,800.8,800.8,800.8,800.8,25,7200,730.92,794.35,801.9
9923,2021-03-03 11:42:00,800.8,800.8,800.8,800.8,25,7200,730.92,794.35,801.9
9924,2021-03-03 11:43:00,800.8,800.8,800.8,800.8,25,7200,730.92,794.35,801.9
9925,2021-03-03 11:44:00,800.8,800.8,800.8,800.8,25,7200,730.92,794.35,801.9
9926,2021-03-03 11:45:00,800.8,800.8,800.8,800.8,25,7200,730.92,794.35,801.9
9927,2021-03-03 11:46:00,800.8,800.8,800.8,800.8,25,7200,730.92,794.35,801.9
9928,2021-03-03 11:47:00,800.8,800.8,800.8,800.8,25,7200,730.92,794.35,801.9
9929,2021-03-03 11:48:00,800.8,800.8,800.8,800.8,25,7200,730.92,794.35,801.9
9930,2021-03-03 11:49:00,800.8,800.8,800.8,800.8,25,7200,730.92,794.35,801.9
9931,2021-03-03 11:50:00,800.8,800.8,800.8,800.8,25,7200,730.92,794.35,801.9
9932,2021-03-03 11:51:00,800.8,800.8,800.8,800.8,25,7200,730.92,794.35,801.9
9933,2021-03-03 11:52:00,800.8,800.8,800.8,800.8,25,7200,730.92,794.35,801.9
9934,2021-03-03 11:53:00,800.8,800.8,800.8,800.8,25,7200,730.92,794.35,801.9
9935,2021-03-03 11:54:00,800.8,800.8,800.8,800.8,25,7200,730.92,794.35,801.9
9936,2021-03-03 11:55:00,794.6,794.6,794.6,794.6,25,7475,731.07,795.2,802.15
9937,2021-03-03 11:56:00,794.6,794.6,794.6,794.6,25,7475,731.07,795.2,802.15
9938,2021-03-03 11:57:00,783.8,783.8,783.8,783.8,25,7475,731.19,781.8,790.9
9939,2021-03-03 11:58:00,783.8,783.8,783.8,783.8,25,7475,731.19,781.8,790.9
9940,2021-03-03 11:59:00,792.1,792.1,792.1,792.1,25,7475,731.33,797.3,803.8
9941,2021-03-03 12:00:00,792.1,792.1,792.1,792.1,25,7475,731.33,797.3,803.8
9942,2021-03-03 12:01:00,815.0,815.0,815.0,815.0,175,7475,732.68,810.8,822.5
9943,2021-03-03 12:02:00,825.0,825.0,825.0,825.0,175,7475,734.15,817.6,827.85
9944,2021-03-03 12:03:00,825.0,825.0,825.0,825.0,175,7475,734.15,817.6,827.85
9945,2021-03-03 12:04:00,822.25,822.25,822.25,822.25,75,7475,734.74,824.75,834.9
9946,2021-03-03 12:05:00,822.25,822.25,822.25,822.25,75,7475,734.74,824.75,834.9
9947,2021-03-03 12:06:00,831.9,831.9,821.2,821.2,100,7475,735.55,821.4,828.4
9948,2021-03-03 12:07:00,830.0,832.3,830.0,832.3,50,7475,735.98,821.2,831.9
9949,2021-03-03 12:08:00,830.0,832.3,830.0,832.3,50,7475,735.98,821.2,831.9
9950,2021-03-03 12:09:00,830.0,832.3,830.0,832.3,50,7475,735.98,821.2,831.9
9951,2021-03-03 12:10:00,818.45,818.45,818.45,818.45,25,7450,736.16,810.1,818.1
9952,2021-03-03 12:11:00,818.45,818.45,818.45,818.45,25,7450,736.16,810.1,818.1
9953,2021-03-03 12:12:00,818.45,818.45,818.45,818.45,25,7450,736.16,810.1,818.1
9954,2021-03-03 12:13:00,818.45,818.45,818.45,818.45,25,7450,736.16,810.1,818.1
9955,2021-03-03 12:14:00,834.1,834.1,834.1,834.1,25,7450,736.38,838.75,848.4
9956,2021-03-03 12:15:00,850.0,850.0,850.0,850.0,100,7450,737.37,841.05,846.8
9957,2021-03-03 12:16:00,850.0,850.0,850.0,850.0,100,7450,737.37,841.05,846.8
9958,2021-03-03 12:17:00,850.0,850.0,850.0,850.0,100,7450,737.37,841.05,846.8
9959,2021-03-03 12:18:00,850.0,850.0,850.0,850.0,100,7450,737.37,841.05,846.8
9960,2021-03-03 12:19:00,850.0,850.0,850.0,850.0,100,7450,737.37,841.05,846.8
9961,2021-03-03 12:20:00,834.8,834.8,834.8,834.8,25,7425,737.59,836.05,842.6
9962,2021-03-03 12:21:00,834.8,834.8,834.8,834.8,25,7425,737.59,836.05,842.6
9963,2021-03-03 12:22:00,850.0,850.0,850.0,850.0,50,7400,738.08,847.6,854.3
9964,2021-03-03 12:23:00,850.0,850.0,850.0,850.0,50,7400,738.08,847.6,854.3
9965,2021-03-03 12:24:00,855.1,855.1,855.1,855.1,25,7425,738.33,850.4,860.0
9966,2021-03-03 12:25:00,858.45,858.45,858.45,858.45,25,7425,738.59,847.9,855.35
9967,2021-03-03 12:26:00,858.45,858.45,858.45,858.45,25,7425,738.59,847.9,855.35
9968,2021-03-03 12:27:00,858.45,858.45,858.45,858.45,25,7425,738.59,847.9,855.35
9969,2021-03-03 12:28:00,854.15,854.15,854.15,854.15,25,7425,738.84,844.9,853.1
9970,2021-03-03 12:29:00,854.15,854.15,854.15,854.15,25,7425,738.84,844.9,853.1
9971,2021-03-03 12:30:00,844.4,844.4,844.15,844.15,50,7350,739.3,837.8,844.55
9972,2021-03-03 12:31:00,844.4,844.4,844.15,844.15,50,7350,739.3,837.8,844.55
9973,2021-03-03 12:32:00,842.05,842.05,842.05,842.05,25,7350,739.52,838.5,848.15
9974,2021-03-03 12:33:00,842.05,842.05,842.05,842.05,25,7350,739.52,838.5,848.15
9975,2021-03-03 12:34:00,842.05,842.05,842.05,842.05,25,7350,739.52,838.5,848.15
9976,2021-03-03 12:35:00,859.75,859.75,859.75,859.75,675,7350,746.12,865.35,874.35
9977,2021-03-03 12:36:00,859.75,859.75,859.75,859.75,675,7350,746.12,865.35,874.35
9978,2021-03-03 12:37:00,859.75,859.75,859.75,859.75,675,7350,746.12,865.35,874.35
9979,2021-03-03 12:38:00,859.75,859.75,859.75,859.75,675,7350,746.12,865.35,874.35
9980,2021-03-03 12:39:00,859.75,859.75,859.75,859.75,675,7350,746.12,865.35,874.35
9981,2021-03-03 12:40:00,859.75,859.75,859.75,859.75,675,7350,746.12,865.35,874.35
9982,2021-03-03 12:41:00,859.75,859.75,859.75,859.75,675,7350,746.12,865.35,874.35
9983,2021-03-03 12:42:00,859.75,859.75,859.75,859.75,675,7350,746.12,865.35,874.35
9984,2021-03-03 12:43:00,859.75,859.75,859.75,859.75,675,7350,746.12,865.35,874.35
9985,2021-03-03 12:44:00,870.0,870.0,870.0,870.0,25,7075,746.37,866.45,873.8
9986,2021-03-03 12:45:00,864.7,864.7,864.7,864.7,25,7000,746.61,860.15,867.85
9987,2021-03-03 12:46:00,864.7,864.7,864.7,864.7,25,7000,746.61,860.15,867.85
9988,2021-03-03 12:47:00,867.8,867.8,867.8,867.8,25,7000,746.85,873.2,879.9
9989,2021-03-03 12:48:00,867.8,867.8,867.8,867.8,25,7000,746.85,873.2,879.9
9990,2021-03-03 12:49:00,867.8,867.8,867.8,867.8,25,7000,746.85,873.2,879.9
9991,2021-03-03 12:50:00,884.65,884.65,880.0,880.0,50,6975,747.4,875.65,881.55
9992,2021-03-03 12:51:00,884.65,884.65,880.0,880.0,50,6975,747.4,875.65,881.55
9993,2021-03-03 12:52:00,892.2,892.2,892.2,892.2,100,7000,748.54,883.85,891.25
9994,2021-03-03 12:53:00,883.2,883.2,883.2,883.2,50,7000,749.08,886.45,892.05
9995,2021-03-03 12:54:00,889.85,889.85,889.85,889.85,75,7000,749.92,889.65,896.0
9996,2021-03-03 12:55:00,889.95,889.95,889.95,889.95,25,7000,750.2,890.05,895.8
9997,2021-03-03 12:56:00,889.95,889.95,889.95,889.95,25,7000,750.2,890.05,895.8
9998,2021-03-03 12:57:00,895.95,896.0,895.95,896.0,100,7025,751.34,900.4,910.15
9999,2021-03-03 12:58:00,895.95,896.0,895.95,896.0,100,7025,751.34,900.4,910.15
10000,2021-03-03 12:59:00,895.95,896.0,895.95,896.0,100,7025,751.34,900.4,910.15
10001,2021-03-03 13:00:00,895.95,896.0,895.95,896.0,100,7025,751.34,900.4,910.15
10002,2021-03-03 13:01:00,928.45,928.45,915.0,915.0,125,7025,752.97,915.1,922.55
10003,2021-03-03 13:02:00,913.0,913.0,913.0,913.0,25,7025,753.28,912.2,917.5
10004,2021-03-03 13:03:00,913.75,913.75,909.1,909.1,50,7025,753.89,908.9,914.45
10005,2021-03-03 13:04:00,913.75,913.75,909.1,909.1,50,7025,753.89,908.9,914.45
10006,2021-03-03 13:05:00,896.8,896.8,896.8,896.8,50,7100,754.44,894.1,899.05
10007,2021-03-03 13:06:00,895.5,895.5,895.5,895.5,25,7100,754.71,892.9,900.25
10008,2021-03-03 13:07:00,888.65,888.65,888.65,888.65,25,7075,754.96,882.65,888.75
10009,2021-03-03 13:08:00,888.65,888.65,888.65,888.65,25,7075,754.96,882.65,888.75
10010,2021-03-03 13:09:00,892.2,892.2,892.2,892.2,25,7075,755.22,900.85,908.1
10011,2021-03-03 13:10:00,911.75,911.75,911.4,911.4,50,7100,755.82,903.55,911.05
10012,2021-03-03 13:11:00,901.45,901.45,901.45,901.45,25,7100,756.09,901.45,909.0
10013,2021-03-03 13:12:00,901.45,901.45,901.45,901.45,25,7100,756.37,897.75,905.15
10014,2021-03-03 13:13:00,901.45,901.45,901.45,901.45,25,7100,756.37,897.75,905.15
10015,2021-03-03 13:14:00,891.3,898.05,891.3,898.05,100,7100,757.42,895.25,902.05
10016,2021-03-03 13:15:00,891.3,898.05,891.3,898.05,100,7100,757.42,895.25,902.05
10017,2021-03-03 13:16:00,891.3,898.05,891.3,898.05,100,7100,757.42,895.25,902.05
10018,2021-03-03 13:17:00,901.4,901.4,898.95,898.95,75,7075,758.22,897.7,906.1
10019,2021-03-03 13:18:00,910.0,910.0,910.0,910.0,75,7100,759.06,906.25,910.55
10020,2021-03-03 13:19:00,906.05,906.05,906.05,906.05,50,0,759.61,905.75,914.65
10021,2021-03-03 13:20:00,906.05,906.05,906.05,906.05,50,0,759.61,905.75,914.65
10022,2021-03-03 13:21:00,906.05,906.05,906.05,906.05,50,0,759.61,905.75,914.65
10023,2021-03-03 13:22:00,930.9,937.35,930.9,937.35,275,7125,763.06,934.9,941.0
10024,2021-03-03 13:23:00,934.85,934.85,934.85,934.85,25,7125,763.37,934.85,939.1
10025,2021-03-03 13:24:00,935.85,935.85,925.4,925.4,100,7125,764.57,931.25,936.4
10026,2021-03-03 13:25:00,933.95,933.95,933.95,933.95,25,7125,764.88,929.05,934.2
10027,2021-03-03 13:26:00,933.95,933.95,933.95,933.95,25,7125,764.88,929.05,934.2
10028,2021-03-03 13:27:00,953.1,953.1,953.1,953.1,75,7150,765.87,948.0,962.45
10029,2021-03-03 13:28:00,956.8,956.8,946.05,946.05,75,7150,766.85,946.0,950.65
10030,2021-03-03 13:29:00,954.95,954.95,954.0,954.0,100,7150,768.17,951.25,955.0
10031,2021-03-03 13:30:00,954.0,954.0,950.0,950.0,50,7175,768.82,949.45,954.95
10032,2021-03-03 13:31:00,950.9,951.05,946.05,946.05,100,7175,770.08,947.3,953.7
10033,2021-03-03 13:32:00,955.0,955.0,955.0,955.0,75,7175,771.04,951.05,959.0
10034,2021-03-03 13:33:00,955.0,955.0,955.0,955.0,75,7175,771.04,951.05,959.0
10035,2021-03-03 13:34:00,953.25,953.25,953.25,953.25,25,7175,771.36,946.95,954.3
10036,2021-03-03 13:35:00,946.0,946.0,946.0,946.0,25,7175,771.66,935.95,942.25
10037,2021-03-03 13:36:00,946.0,946.0,946.0,946.0,25,7175,771.66,935.95,942.25
10038,2021-03-03 13:37:00,957.1,957.1,957.1,957.1,75,7175,772.62,956.35,964.45
10039,2021-03-03 13:38:00,965.0,965.0,965.0,965.0,25,7175,772.95,967.95,973.35
10040,2021-03-03 13:39:00,972.3,985.0,972.3,981.65,125,7150,774.72,975.0,982.35
10041,2021-03-03 13:40:00,974.95,980.1,974.95,980.1,150,7150,776.78,976.2,980.1
10042,2021-03-03 13:41:00,980.1,982.0,979.55,982.0,175,7150,779.15,981.35,988.6
10043,2021-03-03 13:42:00,991.8,992.3,991.8,992.3,50,7200,779.86,992.05,997.95
10044,2021-03-03 13:43:00,993.6,1000.0,993.6,1000.0,125,7200,781.65,1004.45,1011.5
10045,2021-03-03 13:44:00,993.6,1000.0,993.6,1000.0,125,7200,781.65,1004.45,1011.5
10046,2021-03-03 13:45:00,1025.0,1025.0,1020.0,1020.0,100,7200,783.22,1022.3,1030.6
10047,2021-03-03 13:46:00,1030.0,1030.0,1030.0,1030.0,100,7200,784.83,1035.05,1043.4
10048,2021-03-03 13:47:00,1040.4,1042.75,1038.6,1040.0,400,7200,791.3,1035.95,1043.5
10049,2021-03-03 13:48:00,1040.0,1040.0,1031.7,1031.7,100,7200,792.85,1030.1,1036.9
10050,2021-03-03 13:49:00,1030.0,1035.1,1030.0,1035.1,100,7200,794.35,1033.85,1040.15
10051,2021-03-03 13:50:00,1040.15,1050.0,1008.0,1008.0,275,7200,798.37,1008.7,1014.2
10052,2021-03-03 13:51:00,1008.85,1011.1,1000.0,1005.0,425,7200,803.59,1004.0,1009.85
10053,2021-03-03 13:52:00,1012.65,1012.65,1010.1,1010.1,75,7200,804.53,1004.6,1008.45
10054,2021-03-03 13:53:00,1004.6,1004.6,989.45,989.45,150,7200,806.22,977.95,985.9
10055,2021-03-03 13:54:00,980.0,980.0,979.85,979.85,50,7125,806.73,971.75,980.8
10056,2021-03-03 13:55:00,969.9,969.9,965.0,965.0,75,7125,807.43,972.35,978.4
10057,2021-03-03 13:56:00,969.9,969.9,965.0,965.0,75,7125,807.43,972.35,978.4
10058,2021-03-03 13:57:00,969.3,969.3,969.3,969.3,25,7175,807.67,963.6,970.25
10059,2021-03-03 13:58:00,969.55,979.55,969.55,979.55,75,7175,808.41,978.2,985.95
10060,2021-03-03 13:59:00,969.55,979.55,969.55,979.55,75,7175,808.41,978.2,985.95
10061,2021-03-03 14:00:00,1000.0,1000.0,1000.0,1000.0,25,7200,808.69,996.95,1005.5
10062,2021-03-03 14:01:00,1005.35,1005.35,1000.0,1004.7,125,7200,810.1,995.55,1002.1
10063,2021-03-03 14:02:00,1005.35,1005.35,1000.0,1004.7,125,7200,810.1,995.55,1002.1
10064,2021-03-03 14:03:00,1005.35,1005.35,1000.0,1004.7,125,7200,810.1,995.55,1002.1
10065,2021-03-03 14:04:00,980.1,980.1,964.9,964.9,50,7150,810.57,971.75,980.9
10066,2021-03-03 14:05:00,988.9,988.9,988.9,988.9,25,7150,810.82,991.7,997.95
10067,2021-03-03 14:06:00,988.9,988.9,988.9,988.9,25,7150,810.82,991.7,997.95
10068,2021-03-03 14:07:00,992.8,992.8,985.0,985.0,75,7150,811.6,980.8,988.7
10069,2021-03-03 14:08:00,992.8,992.8,985.0,985.0,75,7150,811.6,980.8,988.7
10070,2021-03-03 14:09:00,994.7,994.7,994.7,994.7,100,7150,812.64,985.7,992.3
10071,2021-03-03 14:10:00,989.9,989.9,989.9,989.9,25,7150,812.89,985.25,992.1
10072,2021-03-03 14:11:00,993.55,993.55,986.75,986.75,50,7150,813.4,980.15,985.8
10073,2021-03-03 14:12:00,963.45,963.45,963.45,963.45,25,7150,813.61,966.2,973.3
10074,2021-03-03 14:13:00,959.65,959.65,959.65,959.65,75,7125,814.23,949.8,955.7
10075,2021-03-03 14:14:00,946.6,951.85,946.6,951.85,75,7125,814.8,950.85,956.45
10076,2021-03-03 14:15:00,946.6,951.85,946.6,951.85,75,7125,814.8,950.85,956.45
10077,2021-03-03 14:16:00,946.6,951.85,946.6,951.85,75,7125,814.8,950.85,956.45
10078,2021-03-03 14:17:00,946.6,951.85,946.6,951.85,75,7125,814.8,950.85,956.45
10079,2021-03-03 14:18:00,946.6,951.85,946.6,951.85,75,7125,814.8,950.85,956.45
10080,2021-03-03 14:19:00,946.6,951.85,946.6,951.85,75,7125,814.8,950.85,956.45
10081,2021-03-03 14:20:00,988.25,990.75,988.25,990.75,50,7250,815.29,987.2,994.45
10082,2021-03-03 14:21:00,988.25,990.75,988.25,990.75,50,7250,815.29,987.2,994.45
10083,2021-03-03 14:22:00,993.25,993.25,993.25,993.25,25,0,815.54,988.85,998.55
10084,2021-03-03 14:23:00,980.35,980.35,980.35,980.35,25,7325,815.77,984.65,991.1
10085,2021-03-03 14:24:00,992.65,992.65,992.65,992.65,25,7350,816.02,995.55,1003.25
10086,2021-03-03 14:25:00,997.65,997.65,997.65,997.65,25,7350,816.27,989.25,995.55
10087,2021-03-03 14:26:00,995.05,996.5,995.05,996.5,50,7350,816.77,994.1,999.45
10088,2021-03-03 14:27:00,995.05,996.5,995.05,996.5,50,7350,816.77,994.1,999.45
10089,2021-03-03 14:28:00,996.5,1023.05,996.5,1023.05,125,7325,818.12,1014.85,1021.8
10090,2021-03-03 14:29:00,1018.95,1018.95,1014.35,1014.35,100,7325,819.22,1014.0,1020.4
10091,2021-03-03 14:30:00,1000.0,1000.0,1000.0,1000.0,150,7325,820.7,1000.0,1004.55
10092,2021-03-03 14:31:00,1000.0,1000.0,1000.0,1000.0,1925,7325,837.72,990.85,999.7
10093,2021-03-03 14:32:00,993.65,993.65,993.65,993.65,25,7325,837.91,985.4,991.85
10094,2021-03-03 14:33:00,993.65,993.65,993.65,993.65,25,7325,837.91,985.4,991.85
10095,2021-03-03 14:34:00,994.5,994.5,994.5,994.5,25,7250,838.1,994.5,999.7
10096,2021-03-03 14:35:00,994.5,994.5,994.5,994.5,25,7250,838.1,994.5,999.7
10097,2021-03-03 14:36:00,994.5,994.5,994.5,994.5,25,7250,838.1,994.5,999.7
10098,2021-03-03 14:37:00,1013.1,1017.9,1013.1,1017.9,75,7250,838.76,1014.6,1019.6
10099,2021-03-03 14:38:00,1025.0,1025.0,1025.0,1025.0,50,7250,839.21,1015.5,1023.8
10100,2021-03-03 14:39:00,1025.0,1025.0,1025.0,1025.0,50,7250,839.21,1015.5,1023.8
10101,2021-03-03 14:40:00,1023.15,1023.15,1016.0,1016.0,75,7250,839.88,1009.65,1013.95
10102,2021-03-03 14:41:00,1008.0,1016.35,1008.0,1016.35,275,7250,842.11,1002.6,1010.8
10103,2021-03-03 14:42:00,1008.0,1016.35,1008.0,1016.35,275,7250,842.11,1002.6,1010.8
10104,2021-03-03 14:43:00,1003.1,1012.95,1003.1,1012.95,50,7300,842.51,1012.05,1020.0
10105,2021-03-03 14:44:00,1017.7,1017.7,1017.7,1017.7,25,7300,842.72,1015.1,1019.45
10106,2021-03-03 14:45:00,1022.9,1022.9,1022.9,1022.9,25,7300,842.93,1024.95,1031.8
10107,2021-03-03 14:46:00,1035.0,1040.0,1035.0,1040.0,100,7325,843.86,1040.95,1047.6
10108,2021-03-03 14:47:00,1040.0,1040.0,1040.0,1040.0,25,7325,844.1,1032.1,1038.0
10109,2021-03-03 14:48:00,1040.0,1040.0,1040.0,1040.0,25,7325,844.1,1032.1,1038.0
10110,2021-03-03 14:49:00,1040.0,1050.0,1040.0,1050.0,125,7300,845.3,1044.75,1058.35
10111,2021-03-03 14:50:00,1044.8,1044.8,1040.55,1040.55,175,7300,846.93,1024.35,1029.3
10112,2021-03-03 14:51:00,1010.75,1010.75,1010.75,1010.75,100,7175,847.7,1010.8,1017.55
10113,2021-03-03 14:52:00,1009.5,1009.5,1009.5,1009.5,25,7175,847.88,1009.95,1015.9
10114,2021-03-03 14:53:00,1009.5,1009.5,1009.5,1009.5,25,7175,847.88,1009.95,1015.9
10115,2021-03-03 14:54:00,1009.5,1009.5,1009.5,1009.5,100,7225,848.63,1004.45,1009.65
10116,2021-03-03 14:55:00,1009.5,1009.5,1009.5,1009.5,100,7225,848.63,1004.45,1009.65
10117,2021-03-03 14:56:00,1009.5,1009.5,1009.5,1009.5,100,7225,848.63,1004.45,1009.65
10118,2021-03-03 14:57:00,1009.5,1009.5,1009.5,1009.5,100,7225,848.63,1004.45,1009.65
10119,2021-03-03 14:58:00,1009.5,1009.5,1009.5,1009.5,100,7225,848.63,1004.45,1009.65
10120,2021-03-03 14:59:00,1009.5,1009.5,1009.5,1009.5,100,7225,848.63,1004.45,1009.65
10121,2021-03-03 15:00:00,1009.5,1009.5,1009.5,1009.5,100,7225,848.63,1004.45,1009.65
10122,2021-03-03 15:01:00,1021.15,1021.15,1021.15,1021.15,25,7150,848.83,1012.5,1018.15
10123,2021-03-03 15:02:00,1014.05,1014.05,1010.0,1010.0,100,7150,849.59,1000.7,1006.65
10124,2021-03-03 15:03:00,1003.2,1003.2,1003.2,1003.2,25,7150,849.77,1011.35,1017.65
10125,2021-03-03 15:04:00,1005.25,1005.25,1005.25,1005.25,50,7150,850.12,996.15,1006.4
10126,2021-03-03 15:05:00,1013.5,1013.5,1013.5,1013.5,25,7150,850.31,1009.55,1015.1
10127,2021-03-03 15:06:00,1005.05,1005.05,1005.05,1005.05,25,7150,850.49,999.8,1006.55
10128,2021-03-03 15:07:00,1010.55,1010.55,999.2,999.2,100,7075,851.19,997.4,1004.5
10129,2021-03-03 15:08:00,991.55,991.55,991.55,991.55,75,7075,851.67,996.9,1003.45
10130,2021-03-03 15:09:00,1009.45,1009.45,1009.45,1009.45,25,7075,851.85,1002.3,1007.85
10131,2021-03-03 15:10:00,1009.45,1009.45,1009.45,1009.45,25,7075,851.85,1002.3,1007.85
10132,2021-03-03 15:11:00,1009.45,1009.45,1009.45,1009.45,25,7075,851.85,1002.3,1007.85
10133,2021-03-03 15:12:00,1009.45,1009.45,1009.45,1009.45,25,7075,851.85,1002.3,1007.85
10134,2021-03-03 15:13:00,1024.75,1024.75,1021.7,1021.7,75,7225,852.43,1020.95,1026.4
10135,2021-03-03 15:14:00,1013.7,1013.7,1013.7,1013.7,25,7225,852.61,1016.4,1022.85
10136,2021-03-03 15:15:00,1013.7,1013.7,1013.7,1013.7,25,7225,852.61,1016.4,1022.85
10137,2021-03-03 15:16:00,1021.0,1021.0,1013.1,1013.1,75,7225,853.16,1010.45,1017.65
10138,2021-03-03 15:17:00,1021.0,1021.0,1013.1,1013.1,75,7225,853.16,1010.45,1017.65
10139,2021-03-03 15:18:00,1013.95,1013.95,1013.95,1013.95,25,7225,853.35,1018.9,1024.75
10140,2021-03-03 15:19:00,1020.65,1020.65,1020.65,1020.65,100,7350,854.1,1016.35,1022.8
10141,2021-03-03 15:20:00,1011.4,1014.6,1011.4,1014.6,75,7350,854.62,1006.1,1012.2
10142,2021-03-03 15:21:00,1008.2,1016.65,1008.2,1016.65,50,7350,854.98,1008.9,1017.5
10143,2021-03-03 15:22:00,1008.2,1016.65,1008.2,1016.65,50,7350,854.98,1008.9,1017.5
10144,2021-03-03 15:23:00,1003.05,1003.05,1003.05,1003.05,25,7325,855.14,999.95,1006.7
10145,2021-03-03 15:24:00,1003.05,1003.05,1003.05,1003.05,25,7325,855.14,999.95,1006.7
10146,2021-03-03 15:25:00,1002.0,1006.9,1000.7,1006.9,125,7200,855.96,996.75,1005.85
10147,2021-03-03 15:26:00,1005.55,1005.55,1005.55,1005.55,25,7200,856.12,999.0,1005.5
10148,2021-03-03 15:27:00,999.0,999.0,996.0,996.0,100,7200,856.75,995.0,1004.35
10149,2021-03-03 15:28:00,1004.35,1012.1,1002.3,1002.3,525,7100,860.13,1000.9,1005.8
10150,2021-03-03 15:29:00,1004.35,1012.1,1002.3,1002.3,525,7100,860.13,1000.9,1005.8
10151,2021-03-03 15:30:00,1002.3,1019.95,1002.3,1019.95,150,7100,861.07,1000.0,1024.45
10152,2021-03-04 09:15:00,709.0,803.5,709.0,742.25,125,8950,756.95,640.85,746.6
10153,2021-03-04 09:16:00,679.9,679.9,630.65,630.65,150,8950,701.46,645.8,688.35
10154,2021-03-04 09:17:00,647.5,647.5,647.5,647.5,100,9100,687.08,656.75,693.55
10155,2021-03-04 09:18:00,705.45,714.6,685.45,685.45,150,9100,692.7,685.5,717.35
10156,2021-03-04 09:19:00,716.5,716.5,710.9,710.9,275,9100,696.88,691.1,718.0
10157,2021-03-04 09:20:00,700.45,700.45,696.65,697.55,175,9175,696.82,692.1,708.7
10158,2021-03-04 09:21:00,734.5,734.5,734.5,734.5,150,9175,699.79,695.05,733.9
10159,2021-03-04 09:22:00,739.85,739.85,739.85,739.85,125,9175,702.81,695.7,743.55
10160,2021-03-04 09:23:00,719.95,719.95,719.95,719.95,100,9175,704.08,712.2,741.25
10161,2021-03-04 09:24:00,744.9,744.9,744.9,744.9,50,9225,705.54,733.25,750.0
10162,2021-03-04 09:25:00,751.2,761.2,751.2,761.2,150,9225,710.49,761.05,780.0
10163,2021-03-04 09:26:00,765.0,765.0,765.0,765.0,200,9325,717.85,757.9,770.95
10164,2021-03-04 09:27:00,764.45,764.45,745.85,758.35,450,9325,725.98,740.35,756.0
10165,2021-03-04 09:28:00,742.45,742.45,732.0,732.0,150,9325,726.67,715.7,729.65
10166,2021-03-04 09:29:00,717.05,717.05,717.05,717.05,75,9375,726.41,708.0,715.85
10167,2021-03-04 09:30:00,704.05,704.05,689.85,689.85,75,9375,725.55,683.8,692.35
10168,2021-03-04 09:31:00,685.95,685.95,661.65,680.0,175,9375,722.33,675.4,684.3
10169,2021-03-04 09:32:00,671.6,672.15,667.45,671.0,200,9450,718.83,671.45,680.0
10170,2021-03-04 09:33:00,669.95,671.2,669.95,671.2,1850,9450,699.2,664.95,674.3
10171,2021-03-04 09:34:00,670.0,670.0,662.05,664.75,300,9450,697.38,660.05,668.75
10172,2021-03-04 09:35:00,662.2,662.2,658.55,658.55,75,9575,696.84,656.6,661.65
10173,2021-03-04 09:36:00,667.0,667.0,667.0,667.0,25,9575,696.7,659.75,664.5
10174,2021-03-04 09:37:00,650.0,650.0,642.0,642.0,225,9575,694.62,639.65,650.6
10175,2021-03-04 09:38:00,643.2,659.7,643.2,659.7,200,9575,692.85,646.9,657.7
10176,2021-03-04 09:39:00,667.35,667.35,667.35,667.35,100,9625,692.4,660.8,672.4
10177,2021-03-04 09:40:00,664.8,664.85,660.0,660.0,300,9625,690.86,650.45,661.6
10178,2021-03-04 09:41:00,664.8,664.85,660.0,660.0,300,9625,690.86,650.45,661.6
10179,2021-03-04 09:42:00,652.95,657.25,652.95,657.25,150,9650,690.01,649.3,659.6
10180,2021-03-04 09:43:00,660.0,660.0,657.25,658.1,75,9650,689.62,653.2,660.85
10181,2021-03-04 09:44:00,653.45,653.45,653.45,653.45,25,9650,689.48,657.1,663.05
10182,2021-03-04 09:45:00,650.0,650.95,650.0,650.95,125,9675,688.71,647.95,656.2
10183,2021-03-04 09:46:00,648.0,648.0,628.05,633.05,1200,9675,681.17,631.8,637.85
10184,2021-03-04 09:47:00,642.2,644.15,628.0,628.0,350,9675,679.12,624.05,635.95
10185,2021-03-04 09:48:00,628.0,628.1,624.35,628.1,125,9675,678.34,624.8,632.7
10186,2021-03-04 09:49:00,632.7,632.7,630.95,630.95,50,9675,678.05,630.6,635.45
10187,2021-03-04 09:50:00,630.0,644.2,630.0,644.2,75,10525,677.65,635.65,644.2
10188,2021-03-04 09:51:00,642.65,642.65,642.6,642.6,50,10525,677.44,632.95,645.5
10189,2021-03-04 09:52:00,642.65,642.65,642.6,642.6,50,10525,677.44,632.95,645.5
10190,2021-03-04 09:53:00,642.6,642.6,639.0,639.4,100,10550,676.98,638.15,643.75
10191,2021-03-04 09:54:00,639.05,646.25,639.05,646.25,125,10550,676.43,638.3,646.3
10192,2021-03-04 09:55:00,640.55,649.85,640.55,648.55,300,10550,675.53,643.9,650.5
10193,2021-03-04 09:56:00,644.9,646.65,643.6,643.6,100,10575,675.19,643.9,648.4
10194,2021-03-04 09:57:00,648.4,648.4,644.65,644.65,75,10575,674.94,640.05,645.75
10195,2021-03-04 09:58:00,643.8,643.8,643.8,643.8,50,10575,674.77,640.05,647.5
10196,2021-03-04 09:59:00,637.0,637.0,637.0,637.0,75,10575,674.46,639.3,646.2
10197,2021-03-04 10:00:00,630.0,630.0,630.0,630.0,25,10675,674.34,630.05,636.9
10198,2021-03-04 10:01:00,632.75,639.2,630.0,639.2,200,10675,673.44,641.2,645.45
10199,2021-03-04 10:02:00,643.95,643.95,643.95,643.95,25,10700,673.36,643.0,649.5
10200,2021-03-04 10:03:00,645.05,645.05,639.2,639.2,225,10700,672.63,635.15,641.5
10201,2021-03-04 10:04:00,635.15,639.3,635.15,639.3,75,10700,672.37,638.45,649.2
10202,2021-03-04 10:05:00,642.9,646.8,642.9,646.8,175,10750,671.95,643.1,649.05
10203,2021-03-04 10:06:00,652.25,652.25,644.9,644.9,100,10750,671.73,641.3,649.2
10204,2021-03-04 10:07:00,652.25,652.25,644.9,644.9,100,10750,671.73,641.3,649.2
10205,2021-03-04 10:08:00,649.7,649.7,649.7,649.7,50,10750,671.62,644.45,650.0
10206,2021-03-04 10:09:00,644.4,644.4,644.4,644.4,925,11375,669.27,649.1,657.5
10207,2021-03-04 10:10:00,652.2,660.5,652.2,656.5,175,11375,669.07,655.15,661.05
10208,2021-03-04 10:11:00,658.95,658.95,656.3,657.1,125,11500,668.94,653.2,657.7
10209,2021-03-04 10:12:00,657.1,657.1,656.9,656.9,50,11500,668.89,645.7,654.6
10210,2021-03-04 10:13:00,657.1,657.1,656.9,656.9,50,11500,668.89,645.7,654.6
10211,2021-03-04 10:14:00,664.85,664.85,664.85,664.85,25,11500,668.88,651.55,657.55
10212,2021-03-04 10:15:00,654.65,654.65,649.4,649.4,100,11600,668.73,642.75,651.65
10213,2021-03-04 10:16:00,654.65,654.65,649.4,649.4,100,11600,668.73,642.75,651.65
10214,2021-03-04 10:17:00,654.65,654.65,649.4,649.4,100,11600,668.73,642.75,651.65
10215,2021-03-04 10:18:00,654.65,654.65,649.4,649.4,100,11600,668.73,642.75,651.65
10216,2021-03-04 10:19:00,650.65,650.65,650.65,650.65,25,11650,668.69,647.0,653.55
10217,2021-03-04 10:20:00,647.0,647.0,641.8,641.8,50,11650,668.59,639.85,646.4
10218,2021-03-04 10:21:00,637.0,637.0,637.0,637.0,50,11700,668.45,637.4,641.15
10219,2021-03-04 10:22:00,639.05,639.05,639.05,639.05,25,11700,668.38,636.85,640.8
10220,2021-03-04 10:23:00,643.85,643.85,632.05,632.05,100,11650,668.11,626.3,634.25
10221,2021-03-04 10:24:00,630.1,630.1,628.1,628.1,50,11650,667.94,626.15,632.45
10222,2021-03-04 10:25:00,628.0,628.0,628.0,628.0,50,11650,667.77,625.1,632.75
10223,2021-03-04 10:26:00,627.3,627.3,627.3,627.3,25,0,667.68,629.4,639.55
10224,2021-03-04 10:27:00,627.3,627.3,627.3,627.3,25,0,667.68,629.4,639.55
10225,2021-03-04 10:28:00,640.3,640.3,640.3,640.3,150,11800,667.34,640.5,647.6
10226,2021-03-04 10:29:00,640.3,640.3,640.3,640.3,150,11800,667.34,640.5,647.6
10227,2021-03-04 10:30:00,640.3,640.3,640.3,640.3,150,11800,667.34,640.5,647.6
10228,2021-03-04 10:31:00,640.3,640.3,640.3,640.3,150,11800,667.34,640.5,647.6
10229,2021-03-04 10:32:00,640.3,640.3,640.3,640.3,150,11800,667.34,640.5,647.6
10230,2021-03-04 10:33:00,662.4,662.4,662.4,662.4,25,11875,667.33,659.1,664.8
10231,2021-03-04 10:34:00,661.3,661.3,659.45,659.45,75,11875,667.28,655.8,659.3
10232,2021-03-04 10:35:00,660.3,660.3,660.3,660.3,25,11875,667.27,654.6,660.25
10233,2021-03-04 10:36:00,656.05,660.3,656.05,660.3,100,11925,667.2,658.35,661.8
10234,2021-03-04 10:37:00,660.25,660.25,660.25,660.25,25,11925,667.19,660.55,664.55
10235,2021-03-04 10:38:00,660.55,665.75,660.55,665.75,75,11925,667.16,663.0,668.3
10236,2021-03-04 10:39:00,661.7,661.7,661.7,661.7,25,11900,667.15,662.25,668.45
10237,2021-03-04 10:40:00,655.0,655.0,655.0,655.0,25,11900,667.12,654.1,660.55
10238,2021-03-04 10:41:00,655.95,655.95,650.9,650.9,50,11900,667.07,646.55,651.35
10239,2021-03-04 10:42:00,655.95,655.95,650.9,650.9,50,11900,667.07,646.55,651.35
10240,2021-03-04 10:43:00,655.95,655.95,650.9,650.9,50,11900,667.07,646.55,651.35
10241,2021-03-04 10:44:00,656.35,659.5,656.35,659.5,75,11875,667.01,655.2,659.45
10242,2021-03-04 10:45:00,656.35,659.5,656.35,659.5,75,11875,667.01,655.2,659.45
10243,2021-03-04 10:46:00,656.35,659.5,656.35,659.5,75,11875,667.01,655.2,659.45
10244,2021-03-04 10:47:00,671.05,671.05,671.05,671.05,50,11875,667.02,665.55,669.4
10245,2021-03-04 10:48:00,657.45,657.45,657.45,657.45,50,11875,666.99,652.35,657.4
10246,2021-03-04 10:49:00,657.45,657.45,657.45,657.45,50,11875,666.95,653.65,657.25
10247,2021-03-04 10:50:00,657.45,657.45,657.45,657.45,50,11875,666.95,653.65,657.25
10248,2021-03-04 10:51:00,664.55,664.55,664.55,664.55,25,11775,666.94,660.9,668.5
10249,2021-03-04 10:52:00,663.8,663.8,663.8,663.8,50,11775,666.94,659.35,666.75
10250,2021-03-04 10:53:00,663.8,663.8,663.8,663.8,50,11775,666.94,659.35,666.75
10251,2021-03-04 10:54:00,663.8,663.8,663.8,663.8,50,11775,666.94,659.35,666.75
10252,2021-03-04 10:55:00,662.15,662.15,659.3,659.3,50,11775,666.91,651.95,659.0
10253,2021-03-04 10:56:00,658.8,658.8,645.05,645.05,900,11775,666.16,645.05,652.15
10254,2021-03-04 10:57:00,658.8,658.8,645.05,645.05,900,11775,666.16,645.05,652.15
10255,2021-03-04 10:58:00,658.8,658.8,645.05,645.05,900,11775,666.16,645.05,652.15
10256,2021-03-04 10:59:00,658.8,658.8,645.05,645.05,900,11775,666.16,645.05,652.15
10257,2021-03-04 11:00:00,658.75,658.75,658.75,658.75,25,0,666.14,654.6,659.0
10258,2021-03-04 11:01:00,655.05,655.05,650.7,650.7,50,11200,666.1,646.7,652.9
10259,2021-03-04 11:02:00,655.05,655.05,650.7,650.7,50,11200,666.1,646.7,652.9
10260,2021-03-04 11:03:00,658.45,658.6,658.45,658.6,50,11225,666.07,651.85,657.0
10261,2021-03-04 11:04:00,654.15,654.15,654.15,654.15,25,11225,666.05,652.2,659.1
10262,2021-03-04 11:05:00,654.55,657.3,654.55,657.3,50,11225,666.01,648.8,653.0
10263,2021-03-04 11:06:00,654.55,657.3,654.55,657.3,50,11225,666.01,648.8,653.0
10264,2021-03-04 11:07:00,656.35,656.35,656.35,656.35,25,11250,665.99,653.15,661.2
10265,2021-03-04 11:08:00,654.35,654.35,654.35,654.35,25,0,665.97,655.45,659.35
10266,2021-03-04 11:09:00,661.45,663.35,661.45,663.35,75,11250,665.95,660.05,664.95
10267,2021-03-04 11:10:00,675.1,685.6,667.75,685.6,150,11250,666.05,686.55,694.6
10268,2021-03-04 11:11:00,694.55,702.9,687.05,702.9,1050,11250,667.92,691.8,702.15
10269,2021-03-04 11:12:00,699.8,699.8,688.25,688.25,125,11250,668.12,689.95,696.7
10270,2021-03-04 11:13:00,700.0,700.0,700.0,700.0,25,11250,668.18,686.65,699.1
10271,2021-03-04 11:14:00,691.25,691.25,691.25,691.25,25,11250,668.21,695.85,704.1
10272,2021-03-04 11:15:00,698.45,698.45,698.15,698.15,50,11250,668.31,694.5,703.5
10273,2021-03-04 11:16:00,698.45,698.45,698.15,698.15,50,11250,668.31,694.5,703.5
10274,2021-03-04 11:17:00,708.95,726.45,708.95,726.45,200,11250,668.92,727.5,735.75
10275,2021-03-04 11:18:00,708.95,726.45,708.95,726.45,200,11250,668.92,727.5,735.75
10276,2021-03-04 11:19:00,724.65,733.35,724.65,733.35,125,11250,669.41,730.1,739.65
10277,2021-03-04 11:20:00,745.0,751.3,745.0,751.3,250,11250,670.63,747.35,752.0
10278,2021-03-04 11:21:00,753.75,754.0,748.6,752.25,225,11275,671.79,751.05,756.75
10279,2021-03-04 11:22:00,758.6,767.95,758.6,767.95,150,11275,672.61,760.8,767.9
10280,2021-03-04 11:23:00,768.0,771.5,765.3,771.5,75,11250,673.05,766.45,770.95
10281,2021-03-04 11:24:00,774.4,774.4,760.0,760.0,1775,11250,682.95,758.35,764.3
10282,2021-03-04 11:25:00,765.1,765.1,765.1,765.1,50,0,683.18,761.2,765.8
10283,2021-03-04 11:26:00,750.0,750.0,750.0,750.0,50,11250,683.36,746.55,751.4
10284,2021-03-04 11:27:00,746.95,746.95,746.95,746.95,75,11250,683.63,745.0,752.0
10285,2021-03-04 11:28:00,739.3,739.3,730.0,730.0,50,11250,683.76,715.2,725.25
10286,2021-03-04 11:29:00,721.45,721.45,711.7,711.7,50,11250,683.85,712.85,717.7
10287,2021-03-04 11:30:00,721.45,721.45,711.7,711.7,50,11250,683.85,712.85,717.7
10288,2021-03-04 11:31:00,728.7,728.7,728.7,728.7,25,11275,683.92,729.05,734.0
10289,2021-03-04 11:32:00,728.7,728.7,728.7,728.7,25,11275,683.92,729.05,734.0
10290,2021-03-04 11:33:00,728.7,728.7,728.7,728.7,25,11275,683.92,729.05,734.0
10291,2021-03-04 11:34:00,740.75,740.75,740.75,740.75,25,11275,683.99,740.2,744.45
10292,2021-03-04 11:35:00,740.75,740.75,740.75,740.75,25,11275,683.99,740.2,744.45
10293,2021-03-04 11:36:00,740.75,740.75,740.75,740.75,25,11275,683.99,740.2,744.45
10294,2021-03-04 11:37:00,750.75,753.8,750.75,753.8,75,11150,684.27,751.8,757.6
10295,2021-03-04 11:38:00,751.8,751.8,748.25,748.25,125,11150,684.72,756.85,763.95
10296,2021-03-04 11:39:00,763.15,772.7,763.15,772.7,150,11150,685.39,777.4,784.2
10297,2021-03-04 11:40:00,784.4,793.75,784.4,793.75,100,11150,685.93,797.3,803.15
10298,2021-03-04 11:41:00,794.05,797.9,794.05,797.9,100,11150,686.52,795.6,801.9
10299,2021-03-04 11:42:00,803.5,803.5,803.5,803.5,25,11150,686.68,804.75,811.05
10300,2021-03-04 11:43:00,816.7,821.7,816.7,821.7,50,11150,687.03,816.05,821.8
10301,2021-03-04 11:44:00,808.5,808.5,808.5,808.5,75,11150,687.5,811.65,817.25
10302,2021-03-04 11:45:00,823.9,844.6,823.8,844.6,200,11150,688.99,838.8,844.95
10303,2021-03-04 11:46:00,844.95,845.0,841.0,841.0,175,11150,690.39,835.0,842.2
10304,2021-03-04 11:47:00,839.35,841.35,839.35,841.35,50,11150,690.77,831.85,838.3
10305,2021-03-04 11:48:00,828.9,828.9,826.75,826.75,300,11150,692.87,823.05,830.9
10306,2021-03-04 11:49:00,820.95,822.3,814.6,818.0,225,11150,694.29,817.55,828.0
10307,2021-03-04 11:50:00,824.3,830.15,824.3,830.15,50,11150,694.62,825.65,836.95
10308,2021-03-04 11:51:00,826.0,826.0,826.0,826.0,50,11175,694.95,819.85,829.0
10309,2021-03-04 11:52:00,826.0,826.0,826.0,826.0,50,11175,694.95,819.85,829.0
10310,2021-03-04 11:53:00,816.85,816.85,816.85,816.85,50,0,695.25,819.85,825.85
10311,2021-03-04 11:54:00,817.65,817.65,817.65,817.65,25,11150,695.4,808.55,817.25
10312,2021-03-04 11:55:00,817.65,817.65,817.65,817.65,25,11150,695.4,808.55,817.25
10313,2021-03-04 11:56:00,817.65,817.65,817.65,817.65,25,11150,695.4,808.55,817.25
10314,2021-03-04 11:57:00,817.65,817.65,817.65,817.65,25,11150,695.4,808.55,817.25
10315,2021-03-04 11:58:00,817.65,817.65,817.65,817.65,50,11150,695.71,816.85,821.5
10316,2021-03-04 11:59:00,817.65,817.65,817.65,817.65,50,11150,695.71,816.85,821.5
10317,2021-03-04 12:00:00,817.65,817.65,817.65,817.65,50,11150,695.71,816.85,821.5
10318,2021-03-04 12:01:00,817.65,817.65,817.65,817.65,50,11150,695.71,816.85,821.5
10319,2021-03-04 12:02:00,817.65,817.65,817.65,817.65,25,0,695.86,807.5,814.25
10320,2021-03-04 12:03:00,817.65,817.65,817.65,817.65,25,0,695.86,807.5,814.25
10321,2021-03-04 12:04:00,806.5,806.5,806.5,806.5,25,11200,695.99,801.1,805.75
10322,2021-03-04 12:05:00,797.8,800.0,791.95,800.0,200,11200,696.97,797.4,804.05
10323,2021-03-04 12:06:00,797.8,800.0,791.95,800.0,200,11200,696.97,797.4,804.05
10324,2021-03-04 12:07:00,800.0,800.0,800.0,800.0,25,11200,697.1,793.15,798.65
10325,2021-03-04 12:08:00,800.0,800.0,800.0,800.0,25,11200,697.1,793.15,798.65
10326,2021-03-04 12:09:00,812.2,812.2,812.2,812.2,25,11200,697.24,806.6,813.5
10327,2021-03-04 12:10:00,805.4,805.4,805.4,805.4,25,0,697.37,802.2,807.55
10328,2021-03-04 12:11:00,805.4,805.4,805.4,805.4,25,0,697.37,802.2,807.55
10329,2021-03-04 12:12:00,805.4,805.4,805.4,805.4,25,0,697.37,802.2,807.55
10330,2021-03-04 12:13:00,798.1,798.1,798.1,798.1,25,11200,697.49,799.85,804.25
10331,2021-03-04 12:14:00,809.0,809.0,805.75,805.75,50,11200,697.76,804.0,810.0
10332,2021-03-04 12:15:00,810.0,813.75,810.0,813.75,50,11200,698.03,801.55,809.0
10333,2021-03-04 12:16:00,810.0,813.75,810.0,813.75,50,11200,698.03,801.55,809.0
10334,2021-03-04 12:17:00,810.0,813.75,810.0,813.75,50,11200,698.03,801.55,809.0
10335,2021-03-04 12:18:00,786.6,786.6,786.6,786.6,25,11225,698.14,792.2,798.65
10336,2021-03-04 12:19:00,786.6,786.6,786.6,786.6,25,11225,698.14,792.2,798.65
10337,2021-03-04 12:20:00,805.65,805.65,801.65,801.65,50,11225,698.4,800.9,808.95
10338,2021-03-04 12:21:00,805.65,805.65,801.65,801.65,50,11225,698.4,800.9,808.95
10339,2021-03-04 12:22:00,805.65,805.65,801.65,801.65,50,11225,698.4,800.9,808.95
10340,2021-03-04 12:23:00,804.3,806.45,804.3,806.45,50,11775,698.65,801.85,810.45
10341,2021-03-04 12:24:00,804.3,806.45,804.3,806.45,50,11775,698.65,801.85,810.45
10342,2021-03-04 12:25:00,804.25,804.25,804.25,804.25,25,11775,698.78,803.25,808.05
10343,2021-03-04 12:26:00,804.25,804.25,804.25,804.25,25,11775,698.78,803.25,808.05
10344,2021-03-04 12:27:00,824.25,824.25,824.25,824.25,25,11775,698.93,812.25,819.3
10345,2021-03-04 12:28:00,824.25,824.25,824.25,824.25,25,11775,698.93,812.25,819.3
10346,2021-03-04 12:29:00,824.25,824.25,824.25,824.25,25,11775,698.93,812.25,819.3
10347,2021-03-04 12:30:00,832.35,832.35,832.35,832.35,75,11800,699.4,830.05,834.05
10348,2021-03-04 12:31:00,845.45,845.45,845.45,845.45,25,11800,699.58,841.35,846.85
10349,2021-03-04 12:32:00,845.45,845.45,845.45,845.45,25,11800,699.58,841.35,846.85
10350,2021-03-04 12:33:00,857.5,858.05,857.5,858.05,100,11850,700.33,857.05,861.85
10351,2021-03-04 12:34:00,861.7,861.7,861.7,861.7,25,11850,700.52,864.0,869.25
10352,2021-03-04 12:35:00,858.05,858.05,850.9,850.9,50,11850,700.88,851.3,857.85
10353,2021-03-04 12:36:00,858.05,858.05,850.9,850.9,50,11850,700.88,851.3,857.85
10354,2021-03-04 12:37:00,857.7,857.7,857.7,857.7,25,11875,701.07,853.25,859.65
10355,2021-03-04 12:38:00,853.25,853.25,853.25,853.25,25,11875,701.25,854.75,861.85
10356,2021-03-04 12:39:00,862.7,884.5,862.7,884.5,225,11875,703.1,877.7,884.3
10357,2021-03-04 12:40:00,889.35,895.2,889.35,895.2,175,11875,704.64,893.85,903.3
10358,2021-03-04 12:41:00,909.75,915.4,909.75,915.4,100,11875,705.59,920.55,928.6
10359,2021-03-04 12:42:00,912.8,922.4,912.8,920.25,450,11900,709.91,914.5,920.45
10360,2021-03-04 12:43:00,918.25,918.25,909.3,909.3,100,11900,710.83,906.3,912.1
10361,2021-03-04 12:44:00,913.2,913.95,913.2,913.95,225,11900,712.85,908.75,914.9
10362,2021-03-04 12:45:00,924.35,950.0,924.35,940.65,225,11900,715.08,943.3,949.45
10363,2021-03-04 12:46:00,948.35,948.35,941.6,941.6,125,11900,716.34,941.85,947.5
10364,2021-03-04 12:47:00,940.95,954.4,940.95,949.9,275,11900,719.09,944.9,951.9
10365,2021-03-04 12:48:00,941.05,945.45,940.05,945.45,150,11425,720.53,947.2,952.2
10366,2021-03-04 12:49:00,941.05,945.45,940.05,945.45,150,11425,720.53,947.2,952.2
10367,2021-03-04 12:50:00,943.0,943.0,926.1,926.1,875,11425,728.17,908.3,914.3
10368,2021-03-04 12:51:00,906.0,906.0,906.0,906.0,50,11425,728.54,905.15,911.3
10369,2021-03-04 12:52:00,924.5,924.5,924.5,924.5,150,11425,729.77,925.05,932.55
10370,2021-03-04 12:53:00,932.35,932.35,932.35,932.35,50,11425,730.19,939.75,945.05
10371,2021-03-04 12:54:00,941.0,941.0,940.25,940.25,50,11400,730.62,942.9,950.45
10372,2021-03-04 12:55:00,956.6,965.0,956.6,962.45,275,11400,733.21,954.4,961.55
10373,2021-03-04 12:56:00,955.05,955.05,955.05,955.05,25,11400,733.43,955.35,961.5
10374,2021-03-04 12:57:00,955.05,955.05,955.05,955.05,25,11400,733.43,955.35,961.5
10375,2021-03-04 12:58:00,949.7,949.7,949.7,949.7,25,11400,733.65,948.75,954.2
10376,2021-03-04 12:59:00,955.0,955.0,955.0,955.0,50,11400,734.1,954.35,960.75
10377,2021-03-04 13:00:00,960.3,960.3,960.3,960.3,25,11375,734.33,962.3,969.25
10378,2021-03-04 13:01:00,961.75,961.75,945.25,945.25,125,11375,735.44,944.6,955.05
10379,2021-03-04 13:02:00,946.75,946.75,945.15,945.15,75,11375,736.08,940.05,946.15
10380,2021-03-04 13:03:00,946.75,946.75,945.15,945.15,75,11375,736.08,940.05,946.15
10381,2021-03-04 13:04:00,926.95,926.95,926.95,926.95,25,11325,736.27,922.75,930.55
10382,2021-03-04 13:05:00,930.9,935.1,926.4,926.4,200,11325,737.81,926.4,933.25
10383,2021-03-04 13:06:00,930.9,935.1,926.4,926.4,200,11325,737.81,926.4,933.25
10384,2021-03-04 13:07:00,930.9,935.1,926.4,926.4,200,11325,737.81,926.4,933.25
10385,2021-03-04 13:08:00,912.2,939.05,908.8,939.05,200,11250,739.29,929.95,941.3
10386,2021-03-04 13:09:00,912.2,939.05,908.8,939.05,200,11250,739.29,929.95,941.3
10387,2021-03-04 13:10:00,912.2,939.05,908.8,939.05,200,11250,739.29,929.95,941.3
10388,2021-03-04 13:11:00,939.05,939.05,939.05,939.05,25,11200,739.48,936.4,942.4
10389,2021-03-04 13:12:00,947.7,947.7,947.7,947.7,125,11275,740.49,940.95,946.75
10390,2021-03-04 13:13:00,947.7,947.7,947.7,947.7,125,11275,740.49,940.95,946.75
10391,2021-03-04 13:14:00,947.7,947.7,947.7,947.7,125,11275,740.49,940.95,946.75
10392,2021-03-04 13:15:00,947.7,947.7,947.7,947.7,125,11275,740.49,940.95,946.75
10393,2021-03-04 13:16:00,947.7,947.7,947.7,947.7,125,11275,740.49,940.95,946.75
10394,2021-03-04 13:17:00,947.7,947.7,947.7,947.7,125,11275,740.49,940.95,946.75
10395,2021-03-04 13:18:00,947.7,947.7,947.7,947.7,125,11275,740.49,940.95,946.75
10396,2021-03-04 13:19:00,924.15,924.15,924.15,924.15,25,10275,740.67,924.8,930.65
10397,2021-03-04 13:20:00,940.7,940.7,921.4,921.4,50,10275,741.04,894.3,903.35
10398,2021-03-04 13:21:00,940.7,940.7,921.4,921.4,50,10275,741.04,894.3,903.35
10399,2021-03-04 13:22:00,879.25,879.25,869.65,878.35,75,10325,741.43,868.9,880.25
10400,2021-03-04 13:23:00,849.45,858.45,849.45,858.45,175,10325,742.17,856.0,864.75
10401,2021-03-04 13:24:00,875.9,878.1,875.9,878.1,125,10375,742.82,869.5,875.25
10402,2021-03-04 13:25:00,875.9,878.1,875.9,878.1,125,10375,742.82,869.5,875.25
10403,2021-03-04 13:26:00,860.15,860.15,848.15,848.55,175,10375,743.54,853.05,860.05
10404,2021-03-04 13:27:00,860.15,860.15,848.15,848.55,175,10375,743.54,853.05,860.05
10405,2021-03-04 13:28:00,850.1,850.1,850.1,850.1,25,10450,743.65,850.85,857.3
10406,2021-03-04 13:29:00,854.75,865.1,854.75,865.1,125,10450,744.2,851.05,859.55
10407,2021-03-04 13:30:00,854.75,865.1,854.75,865.1,125,10450,744.2,851.05,859.55
10408,2021-03-04 13:31:00,854.75,865.1,854.75,865.1,125,10450,744.2,851.05,859.55
10409,2021-03-04 13:32:00,854.75,865.1,854.75,865.1,125,10450,744.2,851.05,859.55
10410,2021-03-04 13:33:00,854.75,865.1,854.75,865.1,125,10450,744.2,851.05,859.55
10411,2021-03-04 13:34:00,854.75,865.1,854.75,865.1,125,10450,744.2,851.05,859.55
10412,2021-03-04 13:35:00,933.95,933.95,933.95,933.95,25,10475,744.38,926.65,933.45
10413,2021-03-04 13:36:00,922.0,922.0,922.0,922.0,25,10475,744.55,916.8,924.0
10414,2021-03-04 13:37:00,922.0,922.0,922.0,922.0,25,10475,744.55,916.8,924.0
10415,2021-03-04 13:38:00,899.85,899.85,899.85,899.85,25,10475,744.69,900.0,902.9
10416,2021-03-04 13:39:00,900.0,900.0,900.0,900.0,25,0,744.84,894.95,900.5
10417,2021-03-04 13:40:00,911.25,911.25,908.55,908.55,50,10500,745.15,902.4,909.05
10418,2021-03-04 13:41:00,902.15,902.15,902.15,902.15,75,10500,745.59,894.45,901.65
10419,2021-03-04 13:42:00,902.15,902.15,902.15,902.15,75,10500,745.59,894.45,901.65
10420,2021-03-04 13:43:00,902.15,902.15,902.15,902.15,75,10500,745.59,894.45,901.65
10421,2021-03-04 13:44:00,902.15,902.15,902.15,902.15,75,10500,745.59,894.45,901.65
10422,2021-03-04 13:45:00,882.85,882.85,855.05,856.25,275,10500,746.87,858.1,863.85
10423,2021-03-04 13:46:00,860.0,860.0,860.0,860.0,50,10500,747.08,852.4,860.6
10424,2021-03-04 13:47:00,860.0,860.0,860.0,860.0,50,10500,747.08,852.4,860.6
10425,2021-03-04 13:48:00,879.8,879.8,879.8,879.8,50,10550,747.33,877.75,885.3
10426,2021-03-04 13:49:00,879.8,879.8,879.8,879.8,50,10550,747.33,877.75,885.3
10427,2021-03-04 13:50:00,886.25,886.25,886.25,886.25,25,10550,747.45,881.45,888.0
10428,2021-03-04 13:51:00,890.6,890.6,881.95,881.95,50,10575,747.71,882.2,888.4
10429,2021-03-04 13:52:00,890.6,890.6,881.95,881.95,50,10575,747.71,882.2,888.4
10430,2021-03-04 13:53:00,890.6,890.6,881.95,881.95,50,10575,747.71,882.2,888.4
10431,2021-03-04 13:54:00,861.15,861.15,861.15,861.15,25,10525,747.82,857.6,862.35
10432,2021-03-04 13:55:00,855.55,855.55,833.25,833.25,225,10525,748.64,840.05,849.1
10433,2021-03-04 13:56:00,855.55,855.55,833.25,833.25,225,10525,748.64,840.05,849.1
10434,2021-03-04 13:57:00,840.2,840.2,840.2,840.2,25,10475,748.72,838.25,842.55
10435,2021-03-04 13:58:00,839.25,839.25,839.25,839.25,25,10475,748.8,841.05,846.25
10436,2021-03-04 13:59:00,833.9,833.9,833.25,833.25,50,10475,748.96,816.5,825.1
10437,2021-03-04 14:00:00,820.6,820.6,820.6,820.6,50,10475,749.09,812.85,820.35
10438,2021-03-04 14:01:00,820.6,820.6,820.6,820.6,50,10475,749.09,812.85,820.35
10439,2021-03-04 14:02:00,820.6,820.6,820.6,820.6,50,10475,749.09,812.85,820.35
10440,2021-03-04 14:03:00,820.6,820.6,820.6,820.6,50,10475,749.09,812.85,820.35
10441,2021-03-04 14:04:00,820.6,820.6,820.6,820.6,50,10475,749.09,812.85,820.35
10442,2021-03-04 14:05:00,858.85,871.75,858.85,871.75,125,10475,749.58,871.1,879.1
10443,2021-03-04 14:06:00,863.0,863.0,856.25,856.25,50,10475,749.78,856.3,862.2
10444,2021-03-04 14:07:00,849.45,851.05,849.45,851.05,100,10475,750.15,854.4,862.15
10445,2021-03-04 14:08:00,849.45,851.05,849.45,851.05,100,10475,750.15,854.4,862.15
10446,2021-03-04 14:09:00,854.3,854.3,854.3,854.3,50,10475,750.33,856.6,863.25
10447,2021-03-04 14:10:00,858.0,858.0,858.0,858.0,200,10450,751.11,852.65,861.85
10448,2021-03-04 14:11:00,858.0,858.0,858.0,858.0,200,10450,751.11,852.65,861.85
10449,2021-03-04 14:12:00,858.0,858.0,858.0,858.0,200,10450,751.11,852.65,861.85
10450,2021-03-04 14:13:00,858.0,858.0,858.0,858.0,200,10450,751.11,852.65,861.85
10451,2021-03-04 14:14:00,851.6,851.6,851.6,851.6,50,10450,751.28,860.9,868.3
10452,2021-03-04 14:15:00,851.6,851.6,851.6,851.6,50,10450,751.28,860.9,868.3
10453,2021-03-04 14:16:00,851.6,851.6,851.6,851.6,50,10450,751.28,860.9,868.3
10454,2021-03-04 14:17:00,878.3,878.3,878.3,878.3,25,10350,751.4,873.45,878.75
10455,2021-03-04 14:18:00,873.2,873.2,869.85,869.85,150,10375,752.04,863.6,868.45
10456,2021-03-04 14:19:00,873.2,873.2,869.85,869.85,150,10375,752.04,863.6,868.45
10457,2021-03-04 14:20:00,863.6,863.6,863.6,863.6,25,10375,752.14,852.9,858.8
10458,2021-03-04 14:21:00,863.6,863.6,863.6,863.6,25,10375,752.14,852.9,858.8
10459,2021-03-04 14:22:00,860.85,860.85,860.85,860.85,25,10375,752.24,848.45,855.1
10460,2021-03-04 14:23:00,860.85,860.85,860.85,860.85,25,10375,752.24,848.45,855.1
10461,2021-03-04 14:24:00,860.85,860.85,860.85,860.85,25,10375,752.24,848.45,855.1
10462,2021-03-04 14:25:00,858.9,858.9,858.9,858.9,25,10200,752.33,854.5,861.5
10463,2021-03-04 14:26:00,858.9,858.9,858.9,858.9,25,10200,752.33,854.5,861.5
10464,2021-03-04 14:27:00,858.9,858.9,858.9,858.9,25,10200,752.33,854.5,861.5
10465,2021-03-04 14:28:00,858.9,858.9,858.9,858.9,25,10200,752.33,854.5,861.5
10466,2021-03-04 14:29:00,858.9,858.9,858.9,858.9,25,10200,752.33,854.5,861.5
10467,2021-03-04 14:30:00,880.0,892.95,880.0,892.95,75,10225,752.69,870.15,879.85
10468,2021-03-04 14:31:00,880.0,892.95,880.0,892.95,75,10225,752.69,870.15,879.85
10469,2021-03-04 14:32:00,880.0,892.95,880.0,892.95,75,10225,752.69,870.15,879.85
10470,2021-03-04 14:33:00,851.3,851.3,851.3,851.3,25,10225,752.78,846.25,853.2
10471,2021-03-04 14:34:00,851.3,851.3,851.3,851.3,25,10225,752.78,846.25,853.2
10472,2021-03-04 14:35:00,850.0,850.0,850.0,850.0,25,0,752.87,846.65,853.05
10473,2021-03-04 14:36:00,841.75,855.2,841.75,855.2,75,10225,753.12,851.05,857.15
10474,2021-03-04 14:37:00,841.75,855.2,841.75,855.2,75,10225,753.12,851.05,857.15
10475,2021-03-04 14:38:00,841.75,855.2,841.75,855.2,75,10225,753.12,851.05,857.15
10476,2021-03-04 14:39:00,835.7,835.7,822.9,822.9,50,10225,753.25,820.25,826.35
10477,2021-03-04 14:40:00,820.0,820.0,820.0,820.0,25,10225,753.31,824.0,832.0
10478,2021-03-04 14:41:00,820.0,820.0,820.0,820.0,25,10225,753.31,824.0,832.0
10479,2021-03-04 14:42:00,821.65,821.65,821.65,821.65,25,10225,753.37,804.65,811.85
10480,2021-03-04 14:43:00,805.2,805.2,805.2,805.2,50,10250,753.46,806.3,814.6
10481,2021-03-04 14:44:00,811.1,811.1,811.1,811.1,25,10250,753.51,807.85,815.45
10482,2021-03-04 14:45:00,801.8,801.8,801.8,801.8,75,10250,753.64,792.65,799.95
10483,2021-03-04 14:46:00,801.8,801.8,801.8,801.8,75,10250,753.64,792.65,799.95
10484,2021-03-04 14:47:00,781.15,808.35,781.15,808.35,150,10350,753.89,801.9,807.85
10485,2021-03-04 14:48:00,792.9,792.9,783.4,783.4,125,10350,754.03,791.3,798.3
10486,2021-03-04 14:49:00,795.95,795.95,795.95,795.95,25,10375,754.07,795.45,800.3
10487,2021-03-04 14:50:00,796.75,796.75,796.75,796.75,25,10375,754.11,803.65,811.0
10488,2021-03-04 14:51:00,805.4,805.4,805.4,805.4,100,0,754.28,803.05,807.6
10489,2021-03-04 14:52:00,805.4,805.4,805.4,805.4,100,0,754.28,803.05,807.6
10490,2021-03-04 14:53:00,810.15,810.15,810.15,810.15,75,10475,754.43,812.5,821.95
10491,2021-03-04 14:54:00,810.75,810.75,800.0,800.0,75,10475,754.56,795.0,797.8
10492,2021-03-04 14:55:00,795.0,795.0,788.3,788.3,50,10475,754.63,788.05,793.8
10493,2021-03-04 14:56:00,795.0,795.0,788.3,788.3,50,10475,754.63,788.05,793.8
10494,2021-03-04 14:57:00,791.55,791.55,791.55,791.55,25,10475,754.66,785.1,789.6
10495,2021-03-04 14:58:00,785.0,785.2,785.0,785.2,275,10525,754.94,784.75,789.95
10496,2021-03-04 14:59:00,783.45,783.45,783.45,783.45,25,10525,754.96,779.0,784.4
10497,2021-03-04 15:00:00,789.75,789.75,789.75,789.75,25,10525,754.99,785.7,791.35
10498,2021-03-04 15:01:00,779.55,779.55,776.1,776.1,200,10750,755.15,760.1,764.95
10499,2021-03-04 15:02:00,779.55,779.55,776.1,776.1,200,10750,755.15,760.1,764.95
10500,2021-03-04 15:03:00,738.35,738.35,738.35,738.35,25,0,755.14,744.8,749.9
10501,2021-03-04 15:04:00,731.8,731.8,731.8,731.8,25,10850,755.12,728.7,735.4
10502,2021-03-04 15:05:00,736.4,736.4,732.35,732.35,100,10850,755.05,731.3,735.95
10503,2021-03-04 15:06:00,731.55,731.55,720.0,720.0,225,11025,754.83,702.45,714.6
10504,2021-03-04 15:07:00,727.2,741.25,727.2,736.4,150,11025,754.7,733.25,738.15
10505,2021-03-04 15:08:00,741.85,741.85,741.85,741.85,25,11025,754.69,740.55,745.1
10506,2021-03-04 15:09:00,765.55,765.55,765.55,765.55,25,10975,754.7,751.05,759.15
10507,2021-03-04 15:10:00,751.45,751.45,751.45,751.45,25,0,754.7,755.3,760.25
10508,2021-03-04 15:11:00,751.45,751.45,751.45,751.45,25,0,754.7,755.3,760.25
10509,2021-03-04 15:12:00,762.55,762.55,762.55,762.55,425,11250,754.79,760.15,765.1
10510,2021-03-04 15:13:00,765.15,765.15,761.05,761.05,125,11250,754.83,761.05,766.7
10511,2021-03-04 15:14:00,765.15,765.15,761.05,761.05,125,11250,754.83,761.05,766.7
10512,2021-03-04 15:15:00,761.05,761.05,754.65,754.65,200,11125,754.85,754.7,760.5
10513,2021-03-04 15:16:00,752.0,752.0,750.0,750.0,75,11125,754.84,745.1,750.0
10514,2021-03-04 15:17:00,745.55,753.55,745.55,751.4,200,11125,754.82,751.4,756.0
10515,2021-03-04 15:18:00,755.05,755.05,755.05,755.05,25,11125,754.82,760.0,763.0
10516,2021-03-04 15:19:00,760.0,760.0,760.0,760.0,25,11125,754.82,757.05,760.0
10517,2021-03-04 15:20:00,760.0,767.45,760.0,767.45,100,11125,754.85,766.1,771.0
10518,2021-03-04 15:21:00,775.3,775.3,767.5,767.5,175,11125,754.93,768.25,774.35
10519,2021-03-04 15:22:00,775.3,775.3,767.5,767.5,175,11125,754.93,768.25,774.35
10520,2021-03-04 15:23:00,768.65,768.65,768.65,768.65,25,11325,754.94,759.5,763.5
10521,2021-03-04 15:24:00,768.65,768.65,768.65,768.65,25,11325,754.94,759.5,763.5
10522,2021-03-04 15:25:00,767.9,767.9,767.9,767.9,25,11250,754.95,761.25,771.05
10523,2021-03-04 15:26:00,767.9,767.9,767.9,767.9,25,11250,754.95,761.25,771.05
10524,2021-03-04 15:27:00,763.75,763.75,757.3,757.3,125,11275,754.97,757.25,761.2
10525,2021-03-04 15:28:00,764.35,764.35,764.35,764.35,75,11275,754.99,761.1,769.95
10526,2021-03-04 15:29:00,764.35,764.35,764.35,764.35,75,11275,754.99,761.1,769.95
10527,2021-03-04 15:30:00,762.15,767.15,755.8,767.15,75,11275,755.0,756.05,770.0
10528,2021-03-05 09:15:00,501.1,502.2,501.1,502.2,50,11050,501.65,550.55,597.7
10529,2021-03-05 09:16:00,501.1,502.2,501.1,502.2,50,11050,501.65,550.55,597.7
10530,2021-03-05 09:17:00,594.15,594.15,594.05,594.05,50,11050,547.87,581.9,596.95
10531,2021-03-05 09:18:00,596.95,600.0,596.95,600.0,100,11050,573.18,586.6,601.0
10532,2021-03-05 09:19:00,601.75,601.8,601.75,601.8,75,11050,580.9,581.85,593.55
10533,2021-03-05 09:20:00,586.6,586.6,578.9,579.5,200,11100,581.3,568.15,582.05
10534,2021-03-05 09:21:00,568.1,581.8,568.1,581.65,325,11100,579.89,574.45,587.65
10535,2021-03-05 09:22:00,580.2,580.35,574.45,580.35,325,11100,579.06,566.25,581.75
10536,2021-03-05 09:23:00,580.2,580.35,574.45,580.35,325,11100,579.06,566.25,581.75
10537,2021-03-05 09:24:00,600.4,600.4,600.4,600.4,25,11550,579.53,588.7,602.6
10538,2021-03-05 09:25:00,600.4,600.4,600.4,600.4,25,11550,579.53,588.7,602.6
10539,2021-03-05 09:26:00,600.75,600.75,600.75,600.75,75,11300,580.82,602.1,618.0
10540,2021-03-05 09:27:00,623.2,625.75,623.2,625.75,75,11300,583.32,616.4,627.6
10541,2021-03-05 09:28:00,627.5,627.5,606.15,606.15,75,11300,585.08,604.25,617.75
10542,2021-03-05 09:29:00,604.2,605.9,604.2,605.9,50,11400,585.78,609.05,619.7
10543,2021-03-05 09:30:00,604.2,605.9,604.2,605.9,50,11400,585.78,609.05,619.7
10544,2021-03-05 09:31:00,593.35,593.35,593.35,593.35,175,11400,586.61,589.65,603.15
10545,2021-03-05 09:32:00,593.35,593.35,593.35,593.35,175,11400,586.61,589.65,603.15
10546,2021-03-05 09:33:00,593.35,593.35,593.35,593.35,175,11400,586.61,589.65,603.15
10547,2021-03-05 09:34:00,572.4,584.25,572.4,584.25,100,11350,586.3,563.0,581.25
10548,2021-03-05 09:35:00,560.05,574.7,560.05,574.7,100,11250,585.25,563.7,577.5
10549,2021-03-05 09:36:00,580.0,580.0,580.0,580.0,25,11250,585.18,569.25,579.95
10550,2021-03-05 09:37:00,580.0,580.0,580.0,580.0,25,11250,585.18,569.25,579.95
10551,2021-03-05 09:38:00,579.95,580.0,579.95,580.0,275,11350,584.5,576.0,580.0
10552,2021-03-05 09:39:00,579.95,590.6,579.95,590.6,1975,11350,582.44,586.35,593.45
10553,2021-03-05 09:40:00,593.45,593.45,593.45,593.45,25,11350,582.5,595.75,602.35
10554,2021-03-05 09:41:00,601.55,601.55,601.55,601.55,25,13075,582.62,600.8,608.0
10555,2021-03-05 09:42:00,606.65,606.65,606.65,606.65,75,13075,583.07,605.45,614.7
10556,2021-03-05 09:43:00,614.65,614.65,614.65,614.65,75,13075,583.62,617.65,630.2
10557,2021-03-05 09:44:00,614.65,614.65,614.65,614.65,75,13075,583.62,617.65,630.2
10558,2021-03-05 09:45:00,641.0,641.0,641.0,641.0,25,13150,583.95,633.4,638.15
10559,2021-03-05 09:46:00,625.55,625.55,625.55,625.55,25,13150,584.19,628.85,636.25
10560,2021-03-05 09:47:00,625.55,625.55,625.55,625.55,25,13150,584.19,628.85,636.25
10561,2021-03-05 09:48:00,625.55,625.55,625.55,625.55,25,13150,584.19,628.85,636.25
10562,2021-03-05 09:49:00,625.55,625.55,625.55,625.55,25,13150,584.19,628.85,636.25
10563,2021-03-05 09:50:00,667.8,667.8,660.75,660.75,75,12050,585.55,661.35,672.35
10564,2021-03-05 09:51:00,663.15,663.15,663.15,663.15,25,12050,585.99,646.5,657.45
10565,2021-03-05 09:52:00,663.15,663.15,663.15,663.15,25,12050,585.99,646.5,657.45
10566,2021-03-05 09:53:00,663.15,663.15,663.15,663.15,25,12050,585.99,646.5,657.45
10567,2021-03-05 09:54:00,663.15,663.15,663.15,663.15,25,12050,585.99,646.5,657.45
10568,2021-03-05 09:55:00,668.7,679.75,662.65,662.65,100,11600,587.87,661.0,667.6
10569,2021-03-05 09:56:00,655.65,655.65,655.65,655.65,50,11625,588.63,653.0,659.15
10570,2021-03-05 09:57:00,657.7,657.7,644.65,644.65,100,11625,590.02,643.1,651.5
10571,2021-03-05 09:58:00,668.55,668.55,668.55,668.55,25,11625,590.44,664.7,670.65
10572,2021-03-05 09:59:00,668.65,668.65,662.65,662.65,50,11625,591.23,667.1,672.35
10573,2021-03-05 10:00:00,668.65,668.65,662.65,662.65,50,11625,591.23,667.1,672.35
10574,2021-03-05 10:01:00,685.25,696.8,685.25,692.3,150,11625,594.29,684.1,689.65
10575,2021-03-05 10:02:00,684.75,684.75,680.0,680.0,125,11625,596.52,679.35,687.35
10576,2021-03-05 10:03:00,668.4,668.4,668.4,668.4,150,11625,598.88,655.05,662.65
10577,2021-03-05 10:04:00,670.15,670.15,670.15,670.15,25,0,599.23,644.6,651.25
10578,2021-03-05 10:05:00,640.0,640.0,639.8,639.8,100,11675,600.0,640.85,645.6
10579,2021-03-05 10:06:00,645.4,662.9,645.4,662.9,100,11675,601.0,655.8,664.5
10580,2021-03-05 10:07:00,645.4,662.9,645.4,662.9,100,11675,601.0,655.8,664.5
10581,2021-03-05 10:08:00,683.2,683.2,683.2,683.2,25,0,601.38,677.35,687.4
10582,2021-03-05 10:09:00,689.15,689.15,689.15,689.15,25,11575,601.78,690.4,697.4
10583,2021-03-05 10:10:00,702.9,726.75,702.9,720.3,2400,11575,639.67,714.45,725.2
10584,2021-03-05 10:11:00,713.55,713.55,712.25,712.25,150,11375,641.07,710.05,721.8
10585,2021-03-05 10:12:00,719.3,719.3,719.3,719.3,25,11375,641.31,708.05,714.05
10586,2021-03-05 10:13:00,714.05,714.05,714.05,714.05,50,11375,641.76,692.25,703.0
10587,2021-03-05 10:14:00,700.6,711.95,700.6,711.95,125,11325,642.77,702.4,710.2
10588,2021-03-05 10:15:00,696.15,696.15,679.6,679.6,150,11325,643.65,679.3,689.85
10589,2021-03-05 10:16:00,696.15,696.15,679.6,679.6,150,11325,643.65,679.3,689.85
10590,2021-03-05 10:17:00,696.15,696.15,679.6,679.6,150,11325,643.65,679.3,689.85
10591,2021-03-05 10:18:00,696.15,696.15,679.6,679.6,150,11325,643.65,679.3,689.85
10592,2021-03-05 10:19:00,678.95,678.95,678.95,678.95,25,11400,643.76,667.35,677.45
10593,2021-03-05 10:20:00,658.55,658.55,647.6,647.6,100,11375,643.85,656.5,666.8
10594,2021-03-05 10:21:00,670.4,670.4,670.4,670.4,25,11375,643.93,672.35,678.15
10595,2021-03-05 10:22:00,670.4,670.4,670.4,670.4,25,11375,643.93,672.35,678.15
10596,2021-03-05 10:23:00,670.4,670.4,670.4,670.4,25,11375,643.93,672.35,678.15
10597,2021-03-05 10:24:00,670.4,670.4,670.4,670.4,25,11375,643.93,672.35,678.15
10598,2021-03-05 10:25:00,648.8,648.8,635.35,635.35,75,11300,643.89,630.7,638.5
10599,2021-03-05 10:26:00,640.6,643.1,640.6,643.1,50,11325,643.88,638.45,651.25
10600,2021-03-05 10:27:00,640.6,643.1,640.6,643.1,50,11325,643.88,638.45,651.25
10601,2021-03-05 10:28:00,640.6,643.1,640.6,643.1,50,11325,643.88,638.45,651.25
10602,2021-03-05 10:29:00,640.6,643.1,640.6,643.1,50,11325,643.88,638.45,651.25
10603,2021-03-05 10:30:00,617.55,617.55,617.55,617.55,75,11300,643.65,628.4,641.8
10604,2021-03-05 10:31:00,643.1,643.1,643.1,643.1,75,0,643.65,635.85,648.55
10605,2021-03-05 10:32:00,643.1,643.1,643.1,643.1,75,0,643.65,635.85,648.55
10606,2021-03-05 10:33:00,643.1,643.1,643.1,643.1,75,0,643.65,635.85,648.55
10607,2021-03-05 10:34:00,643.1,643.1,643.1,643.1,75,0,643.65,635.85,648.55
10608,2021-03-05 10:35:00,643.1,643.1,643.1,643.1,75,0,643.65,635.85,648.55
10609,2021-03-05 10:36:00,643.1,643.1,643.1,643.1,75,0,643.65,635.85,648.55
10610,2021-03-05 10:37:00,639.1,639.1,639.1,639.1,100,11325,643.6,637.5,650.05
10611,2021-03-05 10:38:00,639.1,639.1,639.1,639.1,100,11325,643.6,637.5,650.05
10612,2021-03-05 10:39:00,639.1,639.1,639.1,639.1,100,11325,643.6,637.5,650.05
10613,2021-03-05 10:40:00,639.1,639.1,639.1,639.1,100,11325,643.6,637.5,650.05
10614,2021-03-05 10:41:00,639.1,639.1,639.1,639.1,100,11325,643.6,637.5,650.05
10615,2021-03-05 10:42:00,639.1,639.1,639.1,639.1,100,11325,643.6,637.5,650.05
10616,2021-03-05 10:43:00,617.45,617.45,617.45,617.45,25,11375,643.52,611.9,622.3
10617,2021-03-05 10:44:00,617.45,617.45,617.45,617.45,25,11375,643.52,611.9,622.3
10618,2021-03-05 10:45:00,617.45,617.45,617.45,617.45,25,11375,643.52,611.9,622.3
10619,2021-03-05 10:46:00,620.0,620.0,620.0,620.0,75,11350,643.33,609.2,624.05
10620,2021-03-05 10:47:00,620.0,620.0,620.0,620.0,25,11350,643.26,604.35,618.1
10621,2021-03-05 10:48:00,615.0,630.55,615.0,630.55,100,11375,643.04,618.6,632.65
10622,2021-03-05 10:49:00,630.8,630.8,630.8,630.8,25,0,643.01,632.85,645.2
10623,2021-03-05 10:50:00,620.45,624.9,620.45,624.9,75,11375,642.83,618.3,626.7
10624,2021-03-05 10:51:00,618.3,618.3,618.3,618.3,50,11375,642.71,615.95,624.7
10625,2021-03-05 10:52:00,618.3,618.3,618.3,618.3,50,11375,642.71,615.95,624.7
10626,2021-03-05 10:53:00,615.15,615.15,603.8,603.8,125,11450,642.3,600.0,609.2
10627,2021-03-05 10:54:00,600.0,600.0,585.65,585.65,100,11450,641.81,585.95,596.15
10628,2021-03-05 10:55:00,587.4,596.65,587.4,596.65,125,11450,641.17,596.9,602.4
10629,2021-03-05 10:56:00,587.4,596.65,587.4,596.65,125,11450,641.17,596.9,602.4
10630,2021-03-05 10:57:00,610.3,610.3,608.15,608.15,50,11500,641.0,604.2,610.8
10631,2021-03-05 10:58:00,595.5,595.5,595.5,595.5,50,11500,640.77,590.45,597.95
10632,2021-03-05 10:59:00,592.75,592.75,587.45,587.45,75,11525,640.38,583.45,592.5
10633,2021-03-05 11:00:00,577.6,587.25,577.6,587.25,175,11525,639.33,579.55,589.3
10634,2021-03-05 11:01:00,587.2,587.2,587.2,587.2,25,11525,639.2,597.9,606.35
10635,2021-03-05 11:02:00,594.55,594.55,594.55,594.55,25,11525,639.09,587.25,593.05
10636,2021-03-05 11:03:00,590.65,590.65,590.65,590.65,25,11525,638.97,594.95,601.5
10637,2021-03-05 11:04:00,590.65,590.65,590.65,590.65,25,11525,638.97,594.95,601.5
10638,2021-03-05 11:05:00,590.65,590.65,590.65,590.65,25,11525,638.97,594.95,601.5
10639,2021-03-05 11:06:00,616.8,617.15,616.8,617.15,50,11525,638.86,612.2,619.55
10640,2021-03-05 11:07:00,621.0,621.0,621.0,621.0,75,11525,638.73,616.6,621.15
10641,2021-03-05 11:08:00,617.8,617.8,608.0,609.5,125,11500,638.38,605.75,613.3
10642,2021-03-05 11:09:00,613.0,613.0,613.0,613.0,25,11500,638.32,607.25,615.3
10643,2021-03-05 11:10:00,619.5,619.5,619.5,619.5,25,11500,638.27,609.65,630.55
10644,2021-03-05 11:11:00,619.5,619.5,619.5,619.5,25,11500,638.27,609.65,630.55
10645,2021-03-05 11:12:00,609.75,609.75,605.35,605.35,100,11525,637.97,604.2,612.8
10646,2021-03-05 11:13:00,617.8,617.8,616.4,616.4,75,11525,637.82,614.5,623.3
10647,2021-03-05 11:14:00,617.8,617.8,616.4,616.4,75,11525,637.82,614.5,623.3
10648,2021-03-05 11:15:00,606.2,616.35,606.2,616.35,50,11425,637.69,610.15,621.55
10649,2021-03-05 11:16:00,606.2,616.35,606.2,616.35,50,11425,637.69,610.15,621.55
10650,2021-03-05 11:17:00,606.2,616.35,606.2,616.35,50,11425,637.69,610.15,621.55
10651,2021-03-05 11:18:00,606.2,616.35,606.2,616.35,50,11425,637.69,610.15,621.55
10652,2021-03-05 11:19:00,626.15,626.15,622.35,623.05,75,11450,637.59,622.1,629.55
10653,2021-03-05 11:20:00,626.15,626.15,622.35,623.05,75,11450,637.59,622.1,629.55
10654,2021-03-05 11:21:00,624.5,624.5,624.5,624.5,25,11475,637.56,625.35,635.45
10655,2021-03-05 11:22:00,632.9,632.9,632.9,632.9,25,11475,637.55,605.0,614.05
10656,2021-03-05 11:23:00,600.45,600.45,600.45,600.45,25,11475,637.47,596.6,608.55
10657,2021-03-05 11:24:00,600.45,600.45,600.45,600.45,25,11475,637.47,596.6,608.55
10658,2021-03-05 11:25:00,602.65,602.65,602.65,602.65,25,11475,637.38,593.65,603.85
10659,2021-03-05 11:26:00,602.65,602.65,602.65,602.65,25,11475,637.38,593.65,603.85
10660,2021-03-05 11:27:00,602.65,602.65,602.65,602.65,25,11475,637.38,593.65,603.85
10661,2021-03-05 11:28:00,627.6,627.6,627.6,627.6,50,11500,637.34,624.8,633.15
10662,2021-03-05 11:29:00,627.6,627.6,627.6,627.6,50,11500,637.34,624.8,633.15
10663,2021-03-05 11:30:00,627.6,627.6,627.6,627.6,50,11500,637.34,624.8,633.15
10664,2021-03-05 11:31:00,634.05,645.35,634.05,645.35,125,11450,637.35,634.3,643.05
10665,2021-03-05 11:32:00,634.05,645.35,634.05,645.35,125,11450,637.35,634.3,643.05
10666,2021-03-05 11:33:00,654.05,658.95,654.05,658.95,50,11375,637.44,647.15,657.15
10667,2021-03-05 11:34:00,654.05,658.95,654.05,658.95,50,11375,637.44,647.15,657.15
10668,2021-03-05 11:35:00,641.15,647.4,641.15,647.4,75,11325,637.49,637.9,652.35
10669,2021-03-05 11:36:00,641.15,647.4,641.15,647.4,75,11325,637.49,637.9,652.35
10670,2021-03-05 11:37:00,638.3,639.65,638.3,639.65,100,11325,637.51,630.6,637.15
10671,2021-03-05 11:38:00,636.3,636.3,636.3,636.3,25,11325,637.5,633.95,644.6
10672,2021-03-05 11:39:00,640.2,640.2,640.2,640.2,50,11250,637.51,631.4,640.6
10673,2021-03-05 11:40:00,640.2,640.2,640.2,640.2,50,11250,637.51,631.4,640.6
10674,2021-03-05 11:41:00,621.65,621.65,616.15,616.15,75,11250,637.4,609.35,616.95
10675,2021-03-05 11:42:00,615.6,615.6,615.6,615.6,50,11200,637.3,609.0,614.6
10676,2021-03-05 11:43:00,614.6,621.9,614.6,621.9,50,11200,637.22,613.9,622.85
10677,2021-03-05 11:44:00,615.75,615.75,615.5,615.5,50,11200,637.12,614.0,619.55
10678,2021-03-05 11:45:00,615.75,615.75,615.5,615.5,50,11200,637.12,614.0,619.55
10679,2021-03-05 11:46:00,613.35,613.35,613.35,613.35,50,11175,637.02,619.35,623.75
10680,2021-03-05 11:47:00,613.35,613.35,613.35,613.35,50,11175,637.02,619.35,623.75
10681,2021-03-05 11:48:00,634.0,634.0,634.0,634.0,25,11175,637.01,626.65,633.7
10682,2021-03-05 11:49:00,634.0,634.0,634.0,634.0,25,11175,637.01,626.65,633.7
10683,2021-03-05 11:50:00,634.0,634.0,634.0,634.0,25,11175,637.01,626.65,633.7
10684,2021-03-05 11:51:00,611.25,611.25,611.25,611.25,25,11175,636.96,613.0,618.1
10685,2021-03-05 11:52:00,614.75,614.75,614.75,614.75,25,11175,636.91,603.3,610.6
10686,2021-03-05 11:53:00,609.95,609.95,609.95,609.95,25,11175,636.85,602.55,609.85
10687,2021-03-05 11:54:00,609.95,609.95,609.95,609.95,25,11175,636.85,602.55,609.85
10688,2021-03-05 11:55:00,602.95,608.8,602.95,608.8,300,11100,636.05,603.05,606.35
10689,2021-03-05 11:56:00,606.4,606.4,605.3,605.3,75,11100,635.85,603.7,609.65
10690,2021-03-05 11:57:00,604.0,604.8,604.0,604.8,125,11175,635.53,602.05,605.95
10691,2021-03-05 11:58:00,609.05,609.05,609.05,609.05,25,11175,635.47,602.65,606.25
10692,2021-03-05 11:59:00,609.05,609.05,609.05,609.05,25,11175,635.47,602.65,606.25
10693,2021-03-05 12:00:00,609.05,609.05,609.05,609.05,25,11175,635.47,602.65,606.25
10694,2021-03-05 12:01:00,598.4,598.4,598.4,598.4,50,11050,635.32,599.0,605.65
10695,2021-03-05 12:02:00,598.4,598.4,598.4,598.4,50,11050,635.32,599.0,605.65
10696,2021-03-05 12:03:00,606.6,613.1,606.35,613.1,75,11075,635.16,609.65,615.2
10697,2021-03-05 12:04:00,616.05,616.05,604.0,604.0,75,11075,635.0,602.5,610.8
10698,2021-03-05 12:05:00,596.65,596.65,596.65,596.65,25,11075,634.93,597.4,604.95
10699,2021-03-05 12:06:00,596.65,596.65,596.65,596.65,25,11075,634.93,597.4,604.95
10700,2021-03-05 12:07:00,596.65,596.65,596.65,596.65,25,11075,634.93,597.4,604.95
10701,2021-03-05 12:08:00,596.65,596.65,596.65,596.65,25,11075,634.93,597.4,604.95
10702,2021-03-05 12:09:00,596.65,596.65,596.65,596.65,25,11075,634.93,597.4,604.95
10703,2021-03-05 12:10:00,596.65,596.65,596.65,596.65,25,11075,634.93,597.4,604.95
10704,2021-03-05 12:11:00,603.8,603.8,603.8,603.8,25,10925,634.86,595.2,600.85
10705,2021-03-05 12:12:00,600.6,600.6,600.6,600.6,50,10950,634.72,596.3,602.9
10706,2021-03-05 12:13:00,600.6,600.6,600.6,600.6,50,10950,634.72,596.3,602.9
10707,2021-03-05 12:14:00,600.6,600.6,600.6,600.6,50,10950,634.72,596.3,602.9
10708,2021-03-05 12:15:00,599.35,613.55,599.35,613.55,100,10950,634.51,607.65,629.55
10709,2021-03-05 12:16:00,599.35,613.55,599.35,613.55,100,10950,634.51,607.65,629.55
10710,2021-03-05 12:17:00,599.35,613.55,599.35,613.55,100,10950,634.51,607.65,629.55
10711,2021-03-05 12:18:00,606.0,606.0,606.0,606.0,25,11025,634.45,609.1,614.6
10712,2021-03-05 12:19:00,606.0,606.0,606.0,606.0,25,11025,634.45,609.1,614.6
10713,2021-03-05 12:20:00,619.75,619.75,611.95,611.95,175,11025,634.23,609.9,615.85
10714,2021-03-05 12:21:00,616.0,616.0,616.0,616.0,25,10925,634.19,608.3,615.6
10715,2021-03-05 12:22:00,616.0,616.0,616.0,616.0,25,10925,634.19,608.3,615.6
10716,2021-03-05 12:23:00,616.0,616.0,616.0,616.0,25,10925,634.19,608.3,615.6
10717,2021-03-05 12:24:00,616.0,616.0,616.0,616.0,25,10925,634.19,608.3,615.6
10718,2021-03-05 12:25:00,616.0,616.0,616.0,616.0,25,10925,634.19,608.3,615.6
10719,2021-03-05 12:26:00,611.3,611.3,611.15,611.15,50,10900,634.1,614.15,620.05
10720,2021-03-05 12:27:00,611.3,611.3,611.15,611.15,50,10900,634.1,614.15,620.05
10721,2021-03-05 12:28:00,619.3,619.3,619.3,619.3,25,10900,634.07,618.9,623.8
10722,2021-03-05 12:29:00,619.3,619.3,619.3,619.3,25,10900,634.07,618.9,623.8
10723,2021-03-05 12:30:00,628.5,628.5,628.5,628.5,50,10900,634.05,627.4,636.6
10724,2021-03-05 12:31:00,641.4,641.4,637.85,637.85,50,10900,634.07,640.5,648.35
10725,2021-03-05 12:32:00,641.4,641.4,637.85,637.85,50,10900,634.07,640.5,648.35
10726,2021-03-05 12:33:00,645.15,645.15,645.15,645.15,25,10950,634.09,639.65,647.65
10727,2021-03-05 12:34:00,643.95,643.95,643.95,643.95,25,10950,634.11,639.9,645.8
10728,2021-03-05 12:35:00,637.05,637.05,637.05,637.05,50,10950,634.13,622.95,628.9
10729,2021-03-05 12:36:00,624.6,624.6,615.75,615.75,75,10900,634.05,612.75,622.7
10730,2021-03-05 12:37:00,618.85,618.85,611.15,611.15,50,10900,633.98,605.9,615.4
10731,2021-03-05 12:38:00,620.95,620.95,620.65,620.65,50,10900,633.93,620.0,626.15
10732,2021-03-05 12:39:00,614.75,614.75,614.75,614.75,25,10850,633.89,613.15,621.25
10733,2021-03-05 12:40:00,622.25,622.25,622.25,622.25,25,10850,633.87,619.35,623.9
10734,2021-03-05 12:41:00,619.35,619.35,619.35,619.35,25,10850,633.84,610.95,617.65
10735,2021-03-05 12:42:00,619.35,619.35,619.35,619.35,25,10850,633.84,610.95,617.65
10736,2021-03-05 12:43:00,620.0,620.0,613.25,613.25,50,10875,633.78,610.05,616.6
10737,2021-03-05 12:44:00,614.5,615.55,614.5,615.55,200,10875,633.45,619.05,622.7
10738,2021-03-05 12:45:00,628.9,630.0,625.9,625.9,100,10825,633.41,615.1,622.05
10739,2021-03-05 12:46:00,628.9,630.0,625.9,625.9,100,10825,633.41,615.1,622.05
10740,2021-03-05 12:47:00,624.55,624.55,624.55,624.55,25,10825,633.39,621.1,627.95
10741,2021-03-05 12:48:00,620.55,632.65,620.55,632.65,50,10875,633.36,629.05,633.8
10742,2021-03-05 12:49:00,635.75,644.2,634.55,644.2,150,10875,633.41,641.05,645.35
10743,2021-03-05 12:50:00,637.35,637.35,637.35,637.35,25,10875,633.42,625.05,631.65
10744,2021-03-05 12:51:00,627.4,627.4,627.4,627.4,25,0,633.41,614.8,622.15
10745,2021-03-05 12:52:00,610.9,610.9,606.2,606.2,50,10800,633.32,608.0,612.6
10746,2021-03-05 12:53:00,612.6,612.6,605.6,605.6,100,10800,633.14,604.5,608.9
10747,2021-03-05 12:54:00,606.65,606.65,606.65,606.65,25,10800,633.09,604.4,610.1
10748,2021-03-05 12:55:00,606.65,606.65,606.65,606.65,25,10800,633.09,604.4,610.1
10749,2021-03-05 12:56:00,614.75,614.75,614.75,614.75,25,10800,633.06,611.65,619.0
10750,2021-03-05 12:57:00,614.75,614.75,614.75,614.75,25,10800,633.06,611.65,619.0
10751,2021-03-05 12:58:00,613.05,613.05,613.05,613.05,25,10775,633.02,614.3,619.4
10752,2021-03-05 12:59:00,612.4,612.4,611.3,611.3,50,10775,632.95,609.45,615.35
10753,2021-03-05 13:00:00,603.85,603.85,593.75,593.75,150,10800,632.59,602.1,607.4
10754,2021-03-05 13:01:00,602.1,602.1,600.4,600.4,50,10800,632.48,594.6,600.55
10755,2021-03-05 13:02:00,602.1,602.1,600.4,600.4,50,10800,632.48,594.6,600.55
10756,2021-03-05 13:03:00,602.45,602.45,602.45,602.45,25,10800,632.43,602.8,609.0
10757,2021-03-05 13:04:00,600.6,600.6,600.6,600.6,25,10800,632.37,595.1,602.85
10758,2021-03-05 13:05:00,595.1,595.1,595.1,595.1,25,10800,632.31,581.0,588.95
10759,2021-03-05 13:06:00,595.1,595.1,595.1,595.1,25,10800,632.31,581.0,588.95
10760,2021-03-05 13:07:00,595.1,595.1,595.1,595.1,25,10800,632.31,581.0,588.95
10761,2021-03-05 13:08:00,612.85,617.55,612.85,617.55,50,10825,632.25,614.1,617.5
10762,2021-03-05 13:09:00,614.4,614.4,609.6,609.6,50,10825,632.18,609.8,616.95
10763,2021-03-05 13:10:00,612.65,612.65,612.65,612.65,25,10825,632.14,613.2,617.25
10764,2021-03-05 13:11:00,623.35,623.35,623.35,623.35,25,10825,632.13,622.05,627.1
10765,2021-03-05 13:12:00,617.3,617.3,617.0,617.0,50,10800,632.08,610.35,614.3
10766,2021-03-05 13:13:00,608.75,608.75,604.95,604.95,50,10800,631.99,595.8,602.7
10767,2021-03-05 13:14:00,608.75,608.75,604.95,604.95,50,10800,631.99,595.8,602.7
10768,2021-03-05 13:15:00,608.75,608.75,604.95,604.95,50,10800,631.99,595.8,602.7
10769,2021-03-05 13:16:00,608.75,608.75,604.95,604.95,50,10800,631.99,595.8,602.7
10770,2021-03-05 13:17:00,609.25,609.25,609.25,609.25,25,10825,631.95,604.3,610.5
10771,2021-03-05 13:18:00,609.25,609.25,609.25,609.25,25,10825,631.95,604.3,610.5
10772,2021-03-05 13:19:00,609.25,609.25,609.25,609.25,25,10825,631.95,604.3,610.5
10773,2021-03-05 13:20:00,608.8,608.8,608.8,608.8,25,10850,631.91,604.75,611.6
10774,2021-03-05 13:21:00,606.0,606.0,606.0,606.0,25,10825,631.87,605.85,610.4
10775,2021-03-05 13:22:00,606.0,606.0,606.0,606.0,25,10825,631.87,605.85,610.4
10776,2021-03-05 13:23:00,606.0,606.0,606.0,606.0,25,10825,631.87,605.85,610.4
10777,2021-03-05 13:24:00,617.45,617.45,617.45,617.45,25,10850,631.85,612.75,622.2
10778,2021-03-05 13:25:00,617.45,617.45,617.45,617.45,25,10850,631.85,612.75,622.2
10779,2021-03-05 13:26:00,609.7,609.7,609.7,609.7,25,10850,631.81,610.4,615.5
10780,2021-03-05 13:27:00,606.4,606.4,606.4,606.4,25,10875,631.77,605.65,611.55
10781,2021-03-05 13:28:00,606.4,606.4,606.4,606.4,25,10875,631.77,605.65,611.55
10782,2021-03-05 13:29:00,607.8,607.8,607.8,607.8,25,10875,631.72,607.65,615.0
10783,2021-03-05 13:30:00,607.8,607.8,607.8,607.8,25,10875,631.72,607.65,615.0
10784,2021-03-05 13:31:00,607.8,607.8,607.8,607.8,25,10875,631.72,607.65,615.0
10785,2021-03-05 13:32:00,607.45,607.45,607.45,607.45,25,0,631.68,602.85,609.4
10786,2021-03-05 13:33:00,610.45,610.45,610.45,610.45,25,10850,631.65,599.95,605.35
10787,2021-03-05 13:34:00,600.9,600.9,600.9,600.9,25,10850,631.6,597.75,603.75
10788,2021-03-05 13:35:00,610.45,610.45,610.45,610.45,50,10850,631.53,603.8,611.3
10789,2021-03-05 13:36:00,588.15,588.15,588.15,588.15,25,10875,631.45,590.95,595.5
10790,2021-03-05 13:37:00,588.5,588.5,588.5,588.5,25,10875,631.38,580.25,589.4
10791,2021-03-05 13:38:00,582.95,582.95,575.0,575.0,75,10875,631.12,567.65,578.1
10792,2021-03-05 13:39:00,582.95,582.95,575.0,575.0,75,10875,631.12,567.65,578.1
10793,2021-03-05 13:40:00,555.8,565.0,555.8,565.0,100,10875,630.66,556.35,564.15
10794,2021-03-05 13:41:00,555.0,555.0,555.0,555.0,50,10875,630.41,560.1,569.65
10795,2021-03-05 13:42:00,555.0,555.0,555.0,555.0,50,10875,630.41,560.1,569.65
10796,2021-03-05 13:43:00,555.0,555.0,555.0,555.0,50,10875,630.41,560.1,569.65
10797,2021-03-05 13:44:00,555.0,555.0,555.0,555.0,50,10875,630.41,560.1,569.65
10798,2021-03-05 13:45:00,564.45,564.45,564.45,564.45,25,10950,630.3,562.5,583.85
10799,2021-03-05 13:46:00,564.45,564.45,564.45,564.45,25,10950,630.3,562.5,583.85
10800,2021-03-05 13:47:00,564.45,564.45,564.45,564.45,25,10950,630.3,562.5,583.85
10801,2021-03-05 13:48:00,564.45,564.45,564.45,564.45,25,10950,630.3,562.5,583.85
10802,2021-03-05 13:49:00,569.95,569.95,569.95,569.95,50,10950,630.11,563.75,576.55
10803,2021-03-05 13:50:00,569.95,569.95,569.95,569.95,50,10950,630.11,563.75,576.55
10804,2021-03-05 13:51:00,569.95,569.95,569.95,569.95,50,10950,630.11,563.75,576.55
10805,2021-03-05 13:52:00,569.95,569.95,569.95,569.95,50,10950,630.11,563.75,576.55
10806,2021-03-05 13:53:00,548.0,548.0,548.0,548.0,25,11025,629.97,531.9,554.85
10807,2021-03-05 13:54:00,533.8,533.8,533.8,533.8,25,11025,629.82,524.8,534.8
10808,2021-03-05 13:55:00,518.8,519.0,510.0,516.7,275,11025,627.83,513.4,520.0
10809,2021-03-05 13:56:00,520.05,525.85,518.95,525.85,100,11025,627.15,524.45,531.2
10810,2021-03-05 13:57:00,520.05,525.85,518.95,525.85,100,11025,627.15,524.45,531.2
10811,2021-03-05 13:58:00,519.75,528.1,519.75,528.1,175,11075,625.99,522.95,533.2
10812,2021-03-05 13:59:00,528.35,528.35,528.35,528.35,25,11075,625.84,523.95,530.75
10813,2021-03-05 14:00:00,527.35,527.35,514.25,514.25,75,11075,625.35,515.6,527.65
10814,2021-03-05 14:01:00,523.7,525.1,518.4,525.1,75,11075,624.87,521.7,527.65
10815,2021-03-05 14:02:00,523.7,525.1,518.4,525.1,75,11075,624.87,521.7,527.65
10816,2021-03-05 14:03:00,515.0,515.0,515.0,515.0,25,11075,624.7,505.5,514.35
10817,2021-03-05 14:04:00,515.0,515.0,515.0,515.0,25,11075,624.7,505.5,514.35
10818,2021-03-05 14:05:00,509.45,509.45,509.45,509.45,25,11125,624.53,463.35,489.55
10819,2021-03-05 14:06:00,484.8,492.0,484.75,492.0,100,11150,623.68,483.25,493.85
10820,2021-03-05 14:07:00,490.85,490.85,490.85,490.85,150,11150,622.46,489.7,498.75
10821,2021-03-05 14:08:00,500.75,502.35,468.65,502.35,275,11150,620.26,499.1,505.4
10822,2021-03-05 14:09:00,508.1,511.4,508.1,511.4,75,11150,619.77,497.95,508.65
10823,2021-03-05 14:10:00,498.1,498.1,486.85,486.85,75,11150,619.21,486.4,493.45
10824,2021-03-05 14:11:00,487.7,488.1,487.7,488.1,50,11150,618.82,494.7,501.55
10825,2021-03-05 14:12:00,511.55,511.55,503.0,503.0,75,11000,618.32,497.2,506.25
10826,2021-03-05 14:13:00,498.85,500.9,498.85,499.25,275,11000,616.42,498.05,508.0
10827,2021-03-05 14:14:00,506.15,506.15,503.2,503.2,100,11000,615.78,506.15,511.2
10828,2021-03-05 14:15:00,506.15,506.15,506.15,506.15,25,0,615.62,486.8,495.7
10829,2021-03-05 14:16:00,486.65,486.65,486.65,486.65,25,10950,615.43,494.1,500.35
10830,2021-03-05 14:17:00,499.2,499.2,499.2,499.2,25,10950,615.27,496.8,503.4
10831,2021-03-05 14:18:00,499.2,499.2,499.2,499.2,25,10950,615.27,496.8,503.4
10832,2021-03-05 14:19:00,512.45,513.15,512.45,513.15,75,10950,614.83,510.7,519.55
10833,2021-03-05 14:20:00,516.45,516.45,511.05,511.05,100,10950,614.24,511.9,516.5
10834,2021-03-05 14:21:00,516.5,524.65,516.5,524.65,125,10800,613.59,521.65,529.05
10835,2021-03-05 14:22:00,518.1,518.1,516.6,516.6,50,10800,613.32,511.65,518.9
10836,2021-03-05 14:23:00,504.7,504.7,504.7,504.7,75,10800,612.87,499.15,506.35
10837,2021-03-05 14:24:00,509.8,509.8,507.8,507.8,50,10825,612.57,502.3,507.55
10838,2021-03-05 14:25:00,500.9,520.7,500.9,520.7,100,10825,612.01,520.25,528.15
10839,2021-03-05 14:26:00,524.25,524.25,524.25,524.25,25,10825,611.89,522.45,528.6
10840,2021-03-05 14:27:00,530.45,530.45,530.45,530.45,25,10825,611.78,526.5,535.6
10841,2021-03-05 14:28:00,530.0,530.0,530.0,530.0,75,10825,611.44,516.4,527.0
10842,2021-03-05 14:29:00,518.0,518.0,518.0,518.0,50,10825,611.18,515.75,520.65
10843,2021-03-05 14:30:00,518.0,518.0,518.0,518.0,50,10825,611.18,515.75,520.65
10844,2021-03-05 14:31:00,524.55,524.55,524.55,524.55,25,10775,611.07,526.6,532.65
10845,2021-03-05 14:32:00,531.5,531.5,531.5,531.5,50,10775,610.85,523.85,530.3
10846,2021-03-05 14:33:00,534.05,534.05,534.05,534.05,75,10775,610.53,535.3,544.1
10847,2021-03-05 14:34:00,543.35,543.35,540.7,540.7,75,10750,610.27,539.95,543.7
10848,2021-03-05 14:35:00,539.95,539.95,532.4,535.2,75,10750,609.96,532.15,541.75
10849,2021-03-05 14:36:00,539.95,539.95,532.4,535.2,75,10750,609.96,532.15,541.75
10850,2021-03-05 14:37:00,536.15,542.2,536.15,542.2,75,10825,609.67,536.5,545.0
10851,2021-03-05 14:38:00,536.15,542.2,536.15,542.2,75,10825,609.67,536.5,545.0
10852,2021-03-05 14:39:00,536.05,536.05,536.05,536.05,25,10750,609.57,524.2,534.1
10853,2021-03-05 14:40:00,536.05,536.05,536.05,536.05,25,10750,609.57,524.2,534.1
10854,2021-03-05 14:41:00,519.5,519.5,519.5,519.5,25,10750,609.45,517.7,524.65
10855,2021-03-05 14:42:00,519.5,519.5,519.5,519.5,25,10750,609.45,517.7,524.65
10856,2021-03-05 14:43:00,518.9,518.9,518.9,518.9,25,10750,609.33,516.6,521.35
10857,2021-03-05 14:44:00,520.5,527.75,520.5,527.75,50,10750,609.1,528.05,534.55
10858,2021-03-05 14:45:00,529.7,529.7,525.2,525.2,50,10750,608.88,519.3,523.95
10859,2021-03-05 14:46:00,529.7,529.7,525.2,525.2,50,10750,608.88,519.3,523.95
10860,2021-03-05 14:47:00,529.7,529.7,525.2,525.2,50,10750,608.88,519.3,523.95
10861,2021-03-05 14:48:00,517.8,522.25,517.8,522.25,75,10775,608.53,518.85,526.75
10862,2021-03-05 14:49:00,517.8,522.25,517.8,522.25,75,10775,608.53,518.85,526.75
10863,2021-03-05 14:50:00,518.45,520.4,518.45,520.4,50,10775,608.29,511.5,519.15
10864,2021-03-05 14:51:00,517.0,517.0,517.0,517.0,50,10775,608.05,525.6,531.55
10865,2021-03-05 14:52:00,517.0,517.0,517.0,517.0,50,10775,608.05,525.6,531.55
10866,2021-03-05 14:53:00,540.55,541.5,538.25,541.5,75,10750,607.78,536.3,545.55
10867,2021-03-05 14:54:00,540.55,541.5,538.25,541.5,75,10750,607.78,536.3,545.55
10868,2021-03-05 14:55:00,524.0,524.0,524.0,524.0,75,10800,607.45,517.15,526.8
10869,2021-03-05 14:56:00,524.0,524.0,524.0,524.0,75,10800,607.45,517.15,526.8
10870,2021-03-05 14:57:00,524.0,524.0,524.0,524.0,75,10800,607.45,517.15,526.8
10871,2021-03-05 14:58:00,528.65,528.65,528.65,528.65,25,10800,607.35,528.15,533.7
10872,2021-03-05 14:59:00,532.5,532.5,532.5,532.5,25,10800,607.25,523.85,531.6
10873,2021-03-05 15:00:00,526.55,535.3,526.55,535.3,50,10800,607.05,515.45,520.15
10874,2021-03-05 15:01:00,517.65,517.65,517.65,517.65,125,10800,606.47,515.35,523.3
10875,2021-03-05 15:02:00,528.1,528.1,528.1,528.1,25,10800,606.36,534.3,541.85
10876,2021-03-05 15:03:00,534.3,534.3,534.3,534.3,25,0,606.27,532.45,540.8
10877,2021-03-05 15:04:00,533.35,533.35,533.35,533.35,25,10750,606.18,537.5,547.15
10878,2021-03-05 15:05:00,533.35,533.35,533.35,533.35,25,10750,606.18,537.5,547.15
10879,2021-03-05 15:06:00,541.35,551.0,541.35,551.0,150,10750,605.71,550.45,557.4
10880,2021-03-05 15:07:00,556.65,556.65,556.65,556.65,25,10725,605.64,554.55,559.5
10881,2021-03-05 15:08:00,554.45,554.45,554.45,554.45,25,10725,605.58,551.45,557.25
10882,2021-03-05 15:09:00,560.75,571.75,560.75,571.75,50,10850,605.48,576.45,580.7
10883,2021-03-05 15:10:00,580.7,580.7,580.7,580.7,25,0,605.45,576.35,585.15
10884,2021-03-05 15:11:00,580.0,585.15,580.0,585.05,100,10850,605.34,571.0,580.2
10885,2021-03-05 15:12:00,580.0,585.15,580.0,585.05,100,10850,605.34,571.0,580.2
10886,2021-03-05 15:13:00,560.0,560.0,560.0,560.0,25,10775,605.28,556.95,563.5
10887,2021-03-05 15:14:00,560.0,560.0,560.0,560.0,25,10775,605.28,556.95,563.5
10888,2021-03-05 15:15:00,560.0,560.0,560.0,560.0,25,10775,605.28,556.95,563.5
10889,2021-03-05 15:16:00,560.0,560.0,560.0,560.0,25,10775,605.28,556.95,563.5
10890,2021-03-05 15:17:00,564.05,564.05,564.05,564.05,25,10800,605.23,554.7,563.45
10891,2021-03-05 15:18:00,563.4,563.4,563.4,563.4,25,10800,605.17,561.3,568.05
10892,2021-03-05 15:19:00,563.4,563.4,563.4,563.4,25,10800,605.17,561.3,568.05
10893,2021-03-05 15:20:00,559.05,561.3,559.05,561.3,125,10800,604.9,558.05,561.3
10894,2021-03-05 15:21:00,561.3,561.3,561.3,561.3,25,0,604.84,563.9,567.65
10895,2021-03-05 15:22:00,564.85,564.85,564.85,564.85,25,10700,604.79,560.05,564.45
10896,2021-03-05 15:23:00,564.85,564.85,564.85,564.85,25,10700,604.79,560.05,564.45
10897,2021-03-05 15:24:00,564.85,564.85,564.85,564.85,25,10700,604.79,560.05,564.45
10898,2021-03-05 15:25:00,562.4,566.3,562.4,566.3,50,10750,604.69,562.1,573.55
10899,2021-03-05 15:26:00,562.1,562.1,562.1,562.1,50,10750,604.58,565.9,575.0
10900,2021-03-05 15:27:00,562.1,562.1,562.1,562.1,50,10750,604.58,565.9,575.0
10901,2021-03-05 15:28:00,575.0,575.0,575.0,575.0,25,10675,604.55,575.1,579.85
10902,2021-03-05 15:29:00,575.0,575.0,575.0,575.0,25,10675,604.55,575.1,579.85
10903,2021-03-05 15:30:00,579.85,579.85,570.5,570.5,50,10675,604.47,556.15,579.65
10904,2021-03-06 09:15:00,579.85,579.85,570.5,570.5,50,10675,604.47,556.15,579.65
10905,2021-03-06 09:16:00,579.85,579.85,570.5,570.5,50,10675,604.47,556.15,579.65
10906,2021-03-06 09:17:00,579.85,579.85,570.5,570.5,50,10675,604.47,556.15,579.65
10907,2021-03-06 09:18:00,579.85,579.85,570.5,570.5,50,10675,604.47,556.15,579.65
10908,2021-03-06 09:19:00,579.85,579.85,570.5,570.5,50,10675,604.47,556.15,579.65
10909,2021-03-06 09:20:00,579.85,579.85,570.5,570.5,50,10675,604.47,556.15,579.65
10910,2021-03-06 09:21:00,579.85,579.85,570.5,570.5,50,10675,604.47,556.15,579.65
10911,2021-03-06 09:22:00,579.85,579.85,570.5,570.5,50,10675,604.47,556.15,579.65
10912,2021-03-06 09:23:00,579.85,579.85,570.5,570.5,50,10675,604.47,556.15,579.65
10913,2021-03-06 09:24:00,579.85,579.85,570.5,570.5,50,10675,604.47,556.15,579.65
10914,2021-03-06 09:25:00,579.85,579.85,570.5,570.5,50,10675,604.47,556.15,579.65
10915,2021-03-06 09:26:00,579.85,579.85,570.5,570.5,50,10675,604.47,556.15,579.65
10916,2021-03-06 09:27:00,579.85,579.85,570.5,570.5,50,10675,604.47,556.15,579.65
10917,2021-03-06 09:28:00,579.85,579.85,570.5,570.5,50,10675,604.47,556.15,579.65
10918,2021-03-06 09:29:00,579.85,579.85,570.5,570.5,50,10675,604.47,556.15,579.65
10919,2021-03-06 09:30:00,579.85,579.85,570.5,570.5,50,10675,604.47,556.15,579.65
10920,2021-03-06 09:31:00,579.85,579.85,570.5,570.5,50,10675,604.47,556.15,579.65
10921,2021-03-06 09:32:00,579.85,579.85,570.5,570.5,50,10675,604.47,556.15,579.65
10922,2021-03-06 09:33:00,579.85,579.85,570.5,570.5,50,10675,604.47,556.15,579.65
10923,2021-03-06 09:34:00,579.85,579.85,570.5,570.5,50,10675,604.47,556.15,579.65
10924,2021-03-06 09:35:00,579.85,579.85,570.5,570.5,50,10675,604.47,556.15,579.65
10925,2021-03-06 09:36:00,579.85,579.85,570.5,570.5,50,10675,604.47,556.15,579.65
10926,2021-03-06 09:37:00,579.85,579.85,570.5,570.5,50,10675,604.47,556.15,579.65
10927,2021-03-06 09:38:00,579.85,579.85,570.5,570.5,50,10675,604.47,556.15,579.65
10928,2021-03-06 09:39:00,579.85,579.85,570.5,570.5,50,10675,604.47,556.15,579.65
10929,2021-03-06 09:40:00,579.85,579.85,570.5,570.5,50,10675,604.47,556.15,579.65
10930,2021-03-06 09:41:00,579.85,579.85,570.5,570.5,50,10675,604.47,556.15,579.65
10931,2021-03-06 09:42:00,579.85,579.85,570.5,570.5,50,10675,604.47,556.15,579.65
10932,2021-03-06 09:43:00,579.85,579.85,570.5,570.5,50,10675,604.47,556.15,579.65
10933,2021-03-06 09:44:00,579.85,579.85,570.5,570.5,50,10675,604.47,556.15,579.65
10934,2021-03-06 09:45:00,579.85,579.85,570.5,570.5,50,10675,604.47,556.15,579.65
10935,2021-03-06 09:46:00,579.85,579.85,570.5,570.5,50,10675,604.47,556.15,579.65
10936,2021-03-06 09:47:00,579.85,579.85,570.5,570.5,50,10675,604.47,556.15,579.65
10937,2021-03-06 09:48:00,579.85,579.85,570.5,570.5,50,10675,604.47,556.15,579.65
10938,2021-03-06 09:49:00,579.85,579.85,570.5,570.5,50,10675,604.47,556.15,579.65
10939,2021-03-06 09:50:00,579.85,579.85,570.5,570.5,50,10675,604.47,556.15,579.65
10940,2021-03-06 09:51:00,579.85,579.85,570.5,570.5,50,10675,604.47,556.15,579.65
10941,2021-03-06 09:52:00,579.85,579.85,570.5,570.5,50,10675,604.47,556.15,579.65
10942,2021-03-06 09:53:00,579.85,579.85,570.5,570.5,50,10675,604.47,556.15,579.65
10943,2021-03-06 09:54:00,579.85,579.85,570.5,570.5,50,10675,604.47,556.15,579.65
10944,2021-03-06 09:55:00,579.85,579.85,570.5,570.5,50,10675,604.47,556.15,579.65
10945,2021-03-06 09:56:00,579.85,579.85,570.5,570.5,50,10675,604.47,556.15,579.65
10946,2021-03-06 09:57:00,579.85,579.85,570.5,570.5,50,10675,604.47,556.15,579.65
10947,2021-03-06 09:58:00,579.85,579.85,570.5,570.5,50,10675,604.47,556.15,579.65
10948,2021-03-06 09:59:00,579.85,579.85,570.5,570.5,50,10675,604.47,556.15,579.65
10949,2021-03-06 10:00:00,579.85,579.85,570.5,570.5,50,10675,604.47,556.15,579.65
10950,2021-03-06 10:01:00,579.85,579.85,570.5,570.5,50,10675,604.47,556.15,579.65
10951,2021-03-06 10:02:00,579.85,579.85,570.5,570.5,50,10675,604.47,556.15,579.65
10952,2021-03-06 10:03:00,579.85,579.85,570.5,570.5,50,10675,604.47,556.15,579.65
10953,2021-03-06 10:04:00,579.85,579.85,570.5,570.5,50,10675,604.47,556.15,579.65
10954,2021-03-06 10:05:00,579.85,579.85,570.5,570.5,50,10675,604.47,556.15,579.65
10955,2021-03-06 10:06:00,579.85,579.85,570.5,570.5,50,10675,604.47,556.15,579.65
10956,2021-03-06 10:07:00,579.85,579.85,570.5,570.5,50,10675,604.47,556.15,579.65
10957,2021-03-06 10:08:00,579.85,579.85,570.5,570.5,50,10675,604.47,556.15,579.65
10958,2021-03-06 10:09:00,579.85,579.85,570.5,570.5,50,10675,604.47,556.15,579.65
10959,2021-03-06 10:10:00,579.85,579.85,570.5,570.5,50,10675,604.47,556.15,579.65
10960,2021-03-06 10:11:00,579.85,579.85,570.5,570.5,50,10675,604.47,556.15,579.65
10961,2021-03-06 10:12:00,579.85,579.85,570.5,570.5,50,10675,604.47,556.15,579.65
10962,2021-03-06 10:13:00,579.85,579.85,570.5,570.5,50,10675,604.47,556.15,579.65
10963,2021-03-06 10:14:00,579.85,579.85,570.5,570.5,50,10675,604.47,556.15,579.65
10964,2021-03-06 10:15:00,579.85,579.85,570.5,570.5,50,10675,604.47,556.15,579.65
10965,2021-03-06 10:16:00,579.85,579.85,570.5,570.5,50,10675,604.47,556.15,579.65
10966,2021-03-06 10:17:00,579.85,579.85,570.5,570.5,50,10675,604.47,556.15,579.65
10967,2021-03-06 10:18:00,579.85,579.85,570.5,570.5,50,10675,604.47,556.15,579.65
10968,2021-03-06 10:19:00,579.85,579.85,570.5,570.5,50,10675,604.47,556.15,579.65
10969,2021-03-06 10:20:00,579.85,579.85,570.5,570.5,50,10675,604.47,556.15,579.65
10970,2021-03-06 10:21:00,579.85,579.85,570.5,570.5,50,10675,604.47,556.15,579.65
10971,2021-03-06 10:22:00,579.85,579.85,570.5,570.5,50,10675,604.47,556.15,579.65
10972,2021-03-06 10:23:00,579.85,579.85,570.5,570.5,50,10675,604.47,556.15,579.65
10973,2021-03-06 10:24:00,579.85,579.85,570.5,570.5,50,10675,604.47,556.15,579.65
10974,2021-03-06 10:25:00,579.85,579.85,570.5,570.5,50,10675,604.47,556.15,579.65
10975,2021-03-06 10:26:00,579.85,579.85,570.5,570.5,50,10675,604.47,556.15,579.65
10976,2021-03-06 10:27:00,579.85,579.85,570.5,570.5,50,10675,604.47,556.15,579.65
10977,2021-03-06 10:28:00,579.85,579.85,570.5,570.5,50,10675,604.47,556.15,579.65
10978,2021-03-06 10:29:00,579.85,579.85,570.5,570.5,50,10675,604.47,556.15,579.65
10979,2021-03-06 10:30:00,579.85,579.85,570.5,570.5,50,10675,604.47,556.15,579.65
10980,2021-03-06 10:31:00,579.85,579.85,570.5,570.5,50,10675,604.47,556.15,579.65
10981,2021-03-06 10:32:00,579.85,579.85,570.5,570.5,50,10675,604.47,556.15,579.65
10982,2021-03-06 10:33:00,579.85,579.85,570.5,570.5,50,10675,604.47,556.15,579.65
10983,2021-03-06 10:34:00,579.85,579.85,570.5,570.5,50,10675,604.47,556.15,579.65
10984,2021-03-06 10:35:00,579.85,579.85,570.5,570.5,50,10675,604.47,556.15,579.65
10985,2021-03-06 10:36:00,579.85,579.85,570.5,570.5,50,10675,604.47,556.15,579.65
10986,2021-03-06 10:37:00,579.85,579.85,570.5,570.5,50,10675,604.47,556.15,579.65
10987,2021-03-06 10:38:00,579.85,579.85,570.5,570.5,50,10675,604.47,556.15,579.65
10988,2021-03-06 10:39:00,579.85,579.85,570.5,570.5,50,10675,604.47,556.15,579.65
10989,2021-03-06 10:40:00,579.85,579.85,570.5,570.5,50,10675,604.47,556.15,579.65
10990,2021-03-06 10:41:00,579.85,579.85,570.5,570.5,50,10675,604.47,556.15,579.65
10991,2021-03-06 10:42:00,579.85,579.85,570.5,570.5,50,10675,604.47,556.15,579.65
10992,2021-03-06 10:43:00,579.85,579.85,570.5,570.5,50,10675,604.47,556.15,579.65
10993,2021-03-06 10:44:00,579.85,579.85,570.5,570.5,50,10675,604.47,556.15,579.65
10994,2021-03-06 10:45:00,579.85,579.85,570.5,570.5,50,10675,604.47,556.15,579.65
10995,2021-03-06 10:46:00,579.85,579.85,570.5,570.5,50,10675,604.47,556.15,579.65
10996,2021-03-06 10:47:00,579.85,579.85,570.5,570.5,50,10675,604.47,556.15,579.65
10997,2021-03-06 10:48:00,579.85,579.85,570.5,570.5,50,10675,604.47,556.15,579.65
10998,2021-03-06 10:49:00,579.85,579.85,570.5,570.5,50,10675,604.47,556.15,579.65
10999,2021-03-06 10:50:00,579.85,579.85,570.5,570.5,50,10675,604.47,556.15,579.65
11000,2021-03-06 10:51:00,579.85,579.85,570.5,570.5,50,10675,604.47,556.15,579.65
11001,2021-03-06 10:52:00,579.85,579.85,570.5,570.5,50,10675,604.47,556.15,579.65
11002,2021-03-06 10:53:00,579.85,579.85,570.5,570.5,50,10675,604.47,556.15,579.65
11003,2021-03-06 10:54:00,579.85,579.85,570.5,570.5,50,10675,604.47,556.15,579.65
11004,2021-03-06 10:55:00,579.85,579.85,570.5,570.5,50,10675,604.47,556.15,579.65
11005,2021-03-06 10:56:00,579.85,579.85,570.5,570.5,50,10675,604.47,556.15,579.65
11006,2021-03-06 10:57:00,579.85,579.85,570.5,570.5,50,10675,604.47,556.15,579.65
11007,2021-03-06 10:58:00,579.85,579.85,570.5,570.5,50,10675,604.47,556.15,579.65
11008,2021-03-06 10:59:00,579.85,579.85,570.5,570.5,50,10675,604.47,556.15,579.65
11009,2021-03-06 11:00:00,579.85,579.85,570.5,570.5,50,10675,604.47,556.15,579.65
11010,2021-03-06 11:01:00,579.85,579.85,570.5,570.5,50,10675,604.47,556.15,579.65
11011,2021-03-06 11:02:00,579.85,579.85,570.5,570.5,50,10675,604.47,556.15,579.65
11012,2021-03-06 11:03:00,579.85,579.85,570.5,570.5,50,10675,604.47,556.15,579.65
11013,2021-03-06 11:04:00,579.85,579.85,570.5,570.5,50,10675,604.47,556.15,579.65
11014,2021-03-06 11:05:00,579.85,579.85,570.5,570.5,50,10675,604.47,556.15,579.65
11015,2021-03-06 11:06:00,579.85,579.85,570.5,570.5,50,10675,604.47,556.15,579.65
11016,2021-03-06 11:07:00,579.85,579.85,570.5,570.5,50,10675,604.47,556.15,579.65
11017,2021-03-06 11:08:00,579.85,579.85,570.5,570.5,50,10675,604.47,556.15,579.65
11018,2021-03-06 11:09:00,579.85,579.85,570.5,570.5,50,10675,604.47,556.15,579.65
11019,2021-03-06 11:10:00,579.85,579.85,570.5,570.5,50,10675,604.47,556.15,579.65
11020,2021-03-06 11:11:00,579.85,579.85,570.5,570.5,50,10675,604.47,556.15,579.65
11021,2021-03-06 11:12:00,579.85,579.85,570.5,570.5,50,10675,604.47,556.15,579.65
11022,2021-03-06 11:13:00,579.85,579.85,570.5,570.5,50,10675,604.47,556.15,579.65
11023,2021-03-06 11:14:00,579.85,579.85,570.5,570.5,50,10675,604.47,556.15,579.65
11024,2021-03-06 11:15:00,579.85,579.85,570.5,570.5,50,10675,604.47,556.15,579.65
11025,2021-03-06 11:16:00,579.85,579.85,570.5,570.5,50,10675,604.47,556.15,579.65
11026,2021-03-06 11:17:00,579.85,579.85,570.5,570.5,50,10675,604.47,556.15,579.65
11027,2021-03-06 11:18:00,579.85,579.85,570.5,570.5,50,10675,604.47,556.15,579.65
11028,2021-03-06 11:19:00,579.85,579.85,570.5,570.5,50,10675,604.47,556.15,579.65
11029,2021-03-06 11:20:00,579.85,579.85,570.5,570.5,50,10675,604.47,556.15,579.65
11030,2021-03-06 11:21:00,579.85,579.85,570.5,570.5,50,10675,604.47,556.15,579.65
11031,2021-03-06 11:22:00,579.85,579.85,570.5,570.5,50,10675,604.47,556.15,579.65
11032,2021-03-06 11:23:00,579.85,579.85,570.5,570.5,50,10675,604.47,556.15,579.65
11033,2021-03-06 11:24:00,579.85,579.85,570.5,570.5,50,10675,604.47,556.15,579.65
11034,2021-03-06 11:25:00,579.85,579.85,570.5,570.5,50,10675,604.47,556.15,579.65
11035,2021-03-06 11:26:00,579.85,579.85,570.5,570.5,50,10675,604.47,556.15,579.65
11036,2021-03-06 11:27:00,579.85,579.85,570.5,570.5,50,10675,604.47,556.15,579.65
11037,2021-03-06 11:28:00,579.85,579.85,570.5,570.5,50,10675,604.47,556.15,579.65
11038,2021-03-06 11:29:00,579.85,579.85,570.5,570.5,50,10675,604.47,556.15,579.65
11039,2021-03-06 11:30:00,579.85,579.85,570.5,570.5,50,10675,604.47,556.15,579.65
11040,2021-03-06 11:31:00,579.85,579.85,570.5,570.5,50,10675,604.47,556.15,579.65
11041,2021-03-06 11:32:00,579.85,579.85,570.5,570.5,50,10675,604.47,556.15,579.65
11042,2021-03-06 11:33:00,579.85,579.85,570.5,570.5,50,10675,604.47,556.15,579.65
11043,2021-03-06 11:34:00,579.85,579.85,570.5,570.5,50,10675,604.47,556.15,579.65
11044,2021-03-06 11:35:00,579.85,579.85,570.5,570.5,50,10675,604.47,556.15,579.65
11045,2021-03-06 11:36:00,579.85,579.85,570.5,570.5,50,10675,604.47,556.15,579.65
11046,2021-03-06 11:37:00,579.85,579.85,570.5,570.5,50,10675,604.47,556.15,579.65
11047,2021-03-06 11:38:00,579.85,579.85,570.5,570.5,50,10675,604.47,556.15,579.65
11048,2021-03-06 11:39:00,579.85,579.85,570.5,570.5,50,10675,604.47,556.15,579.65
11049,2021-03-06 11:40:00,579.85,579.85,570.5,570.5,50,10675,604.47,556.15,579.65
11050,2021-03-06 11:41:00,579.85,579.85,570.5,570.5,50,10675,604.47,556.15,579.65
11051,2021-03-06 11:42:00,579.85,579.85,570.5,570.5,50,10675,604.47,556.15,579.65
11052,2021-03-06 11:43:00,579.85,579.85,570.5,570.5,50,10675,604.47,556.15,579.65
11053,2021-03-06 11:44:00,579.85,579.85,570.5,570.5,50,10675,604.47,556.15,579.65
11054,2021-03-06 11:45:00,579.85,579.85,570.5,570.5,50,10675,604.47,556.15,579.65
11055,2021-03-06 11:46:00,579.85,579.85,570.5,570.5,50,10675,604.47,556.15,579.65
11056,2021-03-06 11:47:00,579.85,579.85,570.5,570.5,50,10675,604.47,556.15,579.65
11057,2021-03-06 11:48:00,579.85,579.85,570.5,570.5,50,10675,604.47,556.15,579.65
11058,2021-03-06 11:49:00,579.85,579.85,570.5,570.5,50,10675,604.47,556.15,579.65
11059,2021-03-06 11:50:00,579.85,579.85,570.5,570.5,50,10675,604.47,556.15,579.65
11060,2021-03-06 11:51:00,579.85,579.85,570.5,570.5,50,10675,604.47,556.15,579.65
11061,2021-03-06 11:52:00,579.85,579.85,570.5,570.5,50,10675,604.47,556.15,579.65
11062,2021-03-06 11:53:00,579.85,579.85,570.5,570.5,50,10675,604.47,556.15,579.65
11063,2021-03-06 11:54:00,579.85,579.85,570.5,570.5,50,10675,604.47,556.15,579.65
11064,2021-03-06 11:55:00,579.85,579.85,570.5,570.5,50,10675,604.47,556.15,579.65
11065,2021-03-06 11:56:00,579.85,579.85,570.5,570.5,50,10675,604.47,556.15,579.65
11066,2021-03-06 11:57:00,579.85,579.85,570.5,570.5,50,10675,604.47,556.15,579.65
11067,2021-03-06 11:58:00,579.85,579.85,570.5,570.5,50,10675,604.47,556.15,579.65
11068,2021-03-06 11:59:00,579.85,579.85,570.5,570.5,50,10675,604.47,556.15,579.65
11069,2021-03-06 12:00:00,579.85,579.85,570.5,570.5,50,10675,604.47,556.15,579.65
11070,2021-03-06 12:01:00,579.85,579.85,570.5,570.5,50,10675,604.47,556.15,579.65
11071,2021-03-06 12:02:00,579.85,579.85,570.5,570.5,50,10675,604.47,556.15,579.65
11072,2021-03-06 12:03:00,579.85,579.85,570.5,570.5,50,10675,604.47,556.15,579.65
11073,2021-03-06 12:04:00,579.85,579.85,570.5,570.5,50,10675,604.47,556.15,579.65
11074,2021-03-06 12:05:00,579.85,579.85,570.5,570.5,50,10675,604.47,556.15,579.65
11075,2021-03-06 12:06:00,579.85,579.85,570.5,570.5,50,10675,604.47,556.15,579.65
11076,2021-03-06 12:07:00,579.85,579.85,570.5,570.5,50,10675,604.47,556.15,579.65
11077,2021-03-06 12:08:00,579.85,579.85,570.5,570.5,50,10675,604.47,556.15,579.65
11078,2021-03-06 12:09:00,579.85,579.85,570.5,570.5,50,10675,604.47,556.15,579.65
11079,2021-03-06 12:10:00,579.85,579.85,570.5,570.5,50,10675,604.47,556.15,579.65
11080,2021-03-06 12:11:00,579.85,579.85,570.5,570.5,50,10675,604.47,556.15,579.65
11081,2021-03-06 12:12:00,579.85,579.85,570.5,570.5,50,10675,604.47,556.15,579.65
11082,2021-03-06 12:13:00,579.85,579.85,570.5,570.5,50,10675,604.47,556.15,579.65
11083,2021-03-06 12:14:00,579.85,579.85,570.5,570.5,50,10675,604.47,556.15,579.65
11084,2021-03-06 12:15:00,579.85,579.85,570.5,570.5,50,10675,604.47,556.15,579.65
11085,2021-03-06 12:16:00,579.85,579.85,570.5,570.5,50,10675,604.47,556.15,579.65
11086,2021-03-06 12:17:00,579.85,579.85,570.5,570.5,50,10675,604.47,556.15,579.65
11087,2021-03-06 12:18:00,579.85,579.85,570.5,570.5,50,10675,604.47,556.15,579.65
11088,2021-03-06 12:19:00,579.85,579.85,570.5,570.5,50,10675,604.47,556.15,579.65
11089,2021-03-06 12:20:00,579.85,579.85,570.5,570.5,50,10675,604.47,556.15,579.65
11090,2021-03-06 12:21:00,579.85,579.85,570.5,570.5,50,10675,604.47,556.15,579.65
11091,2021-03-06 12:22:00,579.85,579.85,570.5,570.5,50,10675,604.47,556.15,579.65
11092,2021-03-06 12:23:00,579.85,579.85,570.5,570.5,50,10675,604.47,556.15,579.65
11093,2021-03-06 12:24:00,579.85,579.85,570.5,570.5,50,10675,604.47,556.15,579.65
11094,2021-03-06 12:25:00,579.85,579.85,570.5,570.5,50,10675,604.47,556.15,579.65
11095,2021-03-06 12:26:00,579.85,579.85,570.5,570.5,50,10675,604.47,556.15,579.65
11096,2021-03-06 12:27:00,579.85,579.85,570.5,570.5,50,10675,604.47,556.15,579.65
11097,2021-03-06 12:28:00,579.85,579.85,570.5,570.5,50,10675,604.47,556.15,579.65
11098,2021-03-06 12:29:00,579.85,579.85,570.5,570.5,50,10675,604.47,556.15,579.65
11099,2021-03-06 12:30:00,579.85,579.85,570.5,570.5,50,10675,604.47,556.15,579.65
11100,2021-03-06 12:31:00,579.85,579.85,570.5,570.5,50,10675,604.47,556.15,579.65
11101,2021-03-06 12:32:00,579.85,579.85,570.5,570.5,50,10675,604.47,556.15,579.65
11102,2021-03-06 12:33:00,579.85,579.85,570.5,570.5,50,10675,604.47,556.15,579.65
11103,2021-03-06 12:34:00,579.85,579.85,570.5,570.5,50,10675,604.47,556.15,579.65
11104,2021-03-06 12:35:00,579.85,579.85,570.5,570.5,50,10675,604.47,556.15,579.65
11105,2021-03-06 12:36:00,579.85,579.85,570.5,570.5,50,10675,604.47,556.15,579.65
11106,2021-03-06 12:37:00,579.85,579.85,570.5,570.5,50,10675,604.47,556.15,579.65
11107,2021-03-06 12:38:00,579.85,579.85,570.5,570.5,50,10675,604.47,556.15,579.65
11108,2021-03-06 12:39:00,579.85,579.85,570.5,570.5,50,10675,604.47,556.15,579.65
11109,2021-03-06 12:40:00,579.85,579.85,570.5,570.5,50,10675,604.47,556.15,579.65
11110,2021-03-06 12:41:00,579.85,579.85,570.5,570.5,50,10675,604.47,556.15,579.65
11111,2021-03-06 12:42:00,579.85,579.85,570.5,570.5,50,10675,604.47,556.15,579.65
11112,2021-03-06 12:43:00,579.85,579.85,570.5,570.5,50,10675,604.47,556.15,579.65
11113,2021-03-06 12:44:00,579.85,579.85,570.5,570.5,50,10675,604.47,556.15,579.65
11114,2021-03-06 12:45:00,579.85,579.85,570.5,570.5,50,10675,604.47,556.15,579.65
11115,2021-03-06 12:46:00,579.85,579.85,570.5,570.5,50,10675,604.47,556.15,579.65
11116,2021-03-06 12:47:00,579.85,579.85,570.5,570.5,50,10675,604.47,556.15,579.65
11117,2021-03-06 12:48:00,579.85,579.85,570.5,570.5,50,10675,604.47,556.15,579.65
11118,2021-03-06 12:49:00,579.85,579.85,570.5,570.5,50,10675,604.47,556.15,579.65
11119,2021-03-06 12:50:00,579.85,579.85,570.5,570.5,50,10675,604.47,556.15,579.65
11120,2021-03-06 12:51:00,579.85,579.85,570.5,570.5,50,10675,604.47,556.15,579.65
11121,2021-03-06 12:52:00,579.85,579.85,570.5,570.5,50,10675,604.47,556.15,579.65
11122,2021-03-06 12:53:00,579.85,579.85,570.5,570.5,50,10675,604.47,556.15,579.65
11123,2021-03-06 12:54:00,579.85,579.85,570.5,570.5,50,10675,604.47,556.15,579.65
11124,2021-03-06 12:55:00,579.85,579.85,570.5,570.5,50,10675,604.47,556.15,579.65
11125,2021-03-06 12:56:00,579.85,579.85,570.5,570.5,50,10675,604.47,556.15,579.65
11126,2021-03-06 12:57:00,579.85,579.85,570.5,570.5,50,10675,604.47,556.15,579.65
11127,2021-03-06 12:58:00,579.85,579.85,570.5,570.5,50,10675,604.47,556.15,579.65
11128,2021-03-06 12:59:00,579.85,579.85,570.5,570.5,50,10675,604.47,556.15,579.65
11129,2021-03-06 13:00:00,579.85,579.85,570.5,570.5,50,10675,604.47,556.15,579.65
11130,2021-03-06 13:01:00,579.85,579.85,570.5,570.5,50,10675,604.47,556.15,579.65
11131,2021-03-06 13:02:00,579.85,579.85,570.5,570.5,50,10675,604.47,556.15,579.65
11132,2021-03-06 13:03:00,579.85,579.85,570.5,570.5,50,10675,604.47,556.15,579.65
11133,2021-03-06 13:04:00,579.85,579.85,570.5,570.5,50,10675,604.47,556.15,579.65
11134,2021-03-06 13:05:00,579.85,579.85,570.5,570.5,50,10675,604.47,556.15,579.65
11135,2021-03-06 13:06:00,579.85,579.85,570.5,570.5,50,10675,604.47,556.15,579.65
11136,2021-03-06 13:07:00,579.85,579.85,570.5,570.5,50,10675,604.47,556.15,579.65
11137,2021-03-06 13:08:00,579.85,579.85,570.5,570.5,50,10675,604.47,556.15,579.65
11138,2021-03-06 13:09:00,579.85,579.85,570.5,570.5,50,10675,604.47,556.15,579.65
11139,2021-03-06 13:10:00,579.85,579.85,570.5,570.5,50,10675,604.47,556.15,579.65
11140,2021-03-06 13:11:00,579.85,579.85,570.5,570.5,50,10675,604.47,556.15,579.65
11141,2021-03-06 13:12:00,579.85,579.85,570.5,570.5,50,10675,604.47,556.15,579.65
11142,2021-03-06 13:13:00,579.85,579.85,570.5,570.5,50,10675,604.47,556.15,579.65
11143,2021-03-06 13:14:00,579.85,579.85,570.5,570.5,50,10675,604.47,556.15,579.65
11144,2021-03-06 13:15:00,579.85,579.85,570.5,570.5,50,10675,604.47,556.15,579.65
11145,2021-03-06 13:16:00,579.85,579.85,570.5,570.5,50,10675,604.47,556.15,579.65
11146,2021-03-06 13:17:00,579.85,579.85,570.5,570.5,50,10675,604.47,556.15,579.65
11147,2021-03-06 13:18:00,579.85,579.85,570.5,570.5,50,10675,604.47,556.15,579.65
11148,2021-03-06 13:19:00,579.85,579.85,570.5,570.5,50,10675,604.47,556.15,579.65
11149,2021-03-06 13:20:00,579.85,579.85,570.5,570.5,50,10675,604.47,556.15,579.65
11150,2021-03-06 13:21:00,579.85,579.85,570.5,570.5,50,10675,604.47,556.15,579.65
11151,2021-03-06 13:22:00,579.85,579.85,570.5,570.5,50,10675,604.47,556.15,579.65
11152,2021-03-06 13:23:00,579.85,579.85,570.5,570.5,50,10675,604.47,556.15,579.65
11153,2021-03-06 13:24:00,579.85,579.85,570.5,570.5,50,10675,604.47,556.15,579.65
11154,2021-03-06 13:25:00,579.85,579.85,570.5,570.5,50,10675,604.47,556.15,579.65
11155,2021-03-06 13:26:00,579.85,579.85,570.5,570.5,50,10675,604.47,556.15,579.65
11156,2021-03-06 13:27:00,579.85,579.85,570.5,570.5,50,10675,604.47,556.15,579.65
11157,2021-03-06 13:28:00,579.85,579.85,570.5,570.5,50,10675,604.47,556.15,579.65
11158,2021-03-06 13:29:00,579.85,579.85,570.5,570.5,50,10675,604.47,556.15,579.65
11159,2021-03-06 13:30:00,579.85,579.85,570.5,570.5,50,10675,604.47,556.15,579.65
11160,2021-03-06 13:31:00,579.85,579.85,570.5,570.5,50,10675,604.47,556.15,579.65
11161,2021-03-06 13:32:00,579.85,579.85,570.5,570.5,50,10675,604.47,556.15,579.65
11162,2021-03-06 13:33:00,579.85,579.85,570.5,570.5,50,10675,604.47,556.15,579.65
11163,2021-03-06 13:34:00,579.85,579.85,570.5,570.5,50,10675,604.47,556.15,579.65
11164,2021-03-06 13:35:00,579.85,579.85,570.5,570.5,50,10675,604.47,556.15,579.65
11165,2021-03-06 13:36:00,579.85,579.85,570.5,570.5,50,10675,604.47,556.15,579.65
11166,2021-03-06 13:37:00,579.85,579.85,570.5,570.5,50,10675,604.47,556.15,579.65
11167,2021-03-06 13:38:00,579.85,579.85,570.5,570.5,50,10675,604.47,556.15,579.65
11168,2021-03-06 13:39:00,579.85,579.85,570.5,570.5,50,10675,604.47,556.15,579.65
11169,2021-03-06 13:40:00,579.85,579.85,570.5,570.5,50,10675,604.47,556.15,579.65
11170,2021-03-06 13:41:00,579.85,579.85,570.5,570.5,50,10675,604.47,556.15,579.65
11171,2021-03-06 13:42:00,579.85,579.85,570.5,570.5,50,10675,604.47,556.15,579.65
11172,2021-03-06 13:43:00,579.85,579.85,570.5,570.5,50,10675,604.47,556.15,579.65
11173,2021-03-06 13:44:00,579.85,579.85,570.5,570.5,50,10675,604.47,556.15,579.65
11174,2021-03-06 13:45:00,579.85,579.85,570.5,570.5,50,10675,604.47,556.15,579.65
11175,2021-03-06 13:46:00,579.85,579.85,570.5,570.5,50,10675,604.47,556.15,579.65
11176,2021-03-06 13:47:00,579.85,579.85,570.5,570.5,50,10675,604.47,556.15,579.65
11177,2021-03-06 13:48:00,579.85,579.85,570.5,570.5,50,10675,604.47,556.15,579.65
11178,2021-03-06 13:49:00,579.85,579.85,570.5,570.5,50,10675,604.47,556.15,579.65
11179,2021-03-06 13:50:00,579.85,579.85,570.5,570.5,50,10675,604.47,556.15,579.65
11180,2021-03-06 13:51:00,579.85,579.85,570.5,570.5,50,10675,604.47,556.15,579.65
11181,2021-03-06 13:52:00,579.85,579.85,570.5,570.5,50,10675,604.47,556.15,579.65
11182,2021-03-06 13:53:00,579.85,579.85,570.5,570.5,50,10675,604.47,556.15,579.65
11183,2021-03-06 13:54:00,579.85,579.85,570.5,570.5,50,10675,604.47,556.15,579.65
11184,2021-03-06 13:55:00,579.85,579.85,570.5,570.5,50,10675,604.47,556.15,579.65
11185,2021-03-06 13:56:00,579.85,579.85,570.5,570.5,50,10675,604.47,556.15,579.65
11186,2021-03-06 13:57:00,579.85,579.85,570.5,570.5,50,10675,604.47,556.15,579.65
11187,2021-03-06 13:58:00,579.85,579.85,570.5,570.5,50,10675,604.47,556.15,579.65
11188,2021-03-06 13:59:00,579.85,579.85,570.5,570.5,50,10675,604.47,556.15,579.65
11189,2021-03-06 14:00:00,579.85,579.85,570.5,570.5,50,10675,604.47,556.15,579.65
11190,2021-03-06 14:01:00,579.85,579.85,570.5,570.5,50,10675,604.47,556.15,579.65
11191,2021-03-06 14:02:00,579.85,579.85,570.5,570.5,50,10675,604.47,556.15,579.65
11192,2021-03-06 14:03:00,579.85,579.85,570.5,570.5,50,10675,604.47,556.15,579.65
11193,2021-03-06 14:04:00,579.85,579.85,570.5,570.5,50,10675,604.47,556.15,579.65
11194,2021-03-06 14:05:00,579.85,579.85,570.5,570.5,50,10675,604.47,556.15,579.65
11195,2021-03-06 14:06:00,579.85,579.85,570.5,570.5,50,10675,604.47,556.15,579.65
11196,2021-03-06 14:07:00,579.85,579.85,570.5,570.5,50,10675,604.47,556.15,579.65
11197,2021-03-06 14:08:00,579.85,579.85,570.5,570.5,50,10675,604.47,556.15,579.65
11198,2021-03-06 14:09:00,579.85,579.85,570.5,570.5,50,10675,604.47,556.15,579.65
11199,2021-03-06 14:10:00,579.85,579.85,570.5,570.5,50,10675,604.47,556.15,579.65
11200,2021-03-06 14:11:00,579.85,579.85,570.5,570.5,50,10675,604.47,556.15,579.65
11201,2021-03-06 14:12:00,579.85,579.85,570.5,570.5,50,10675,604.47,556.15,579.65
11202,2021-03-06 14:13:00,579.85,579.85,570.5,570.5,50,10675,604.47,556.15,579.65
11203,2021-03-06 14:14:00,579.85,579.85,570.5,570.5,50,10675,604.47,556.15,579.65
11204,2021-03-06 14:15:00,579.85,579.85,570.5,570.5,50,10675,604.47,556.15,579.65
11205,2021-03-06 14:16:00,579.85,579.85,570.5,570.5,50,10675,604.47,556.15,579.65
11206,2021-03-06 14:17:00,579.85,579.85,570.5,570.5,50,10675,604.47,556.15,579.65
11207,2021-03-06 14:18:00,579.85,579.85,570.5,570.5,50,10675,604.47,556.15,579.65
11208,2021-03-06 14:19:00,579.85,579.85,570.5,570.5,50,10675,604.47,556.15,579.65
11209,2021-03-06 14:20:00,579.85,579.85,570.5,570.5,50,10675,604.47,556.15,579.65
11210,2021-03-06 14:21:00,579.85,579.85,570.5,570.5,50,10675,604.47,556.15,579.65
11211,2021-03-06 14:22:00,579.85,579.85,570.5,570.5,50,10675,604.47,556.15,579.65
11212,2021-03-06 14:23:00,579.85,579.85,570.5,570.5,50,10675,604.47,556.15,579.65
11213,2021-03-06 14:24:00,579.85,579.85,570.5,570.5,50,10675,604.47,556.15,579.65
11214,2021-03-06 14:25:00,579.85,579.85,570.5,570.5,50,10675,604.47,556.15,579.65
11215,2021-03-06 14:26:00,579.85,579.85,570.5,570.5,50,10675,604.47,556.15,579.65
11216,2021-03-06 14:27:00,579.85,579.85,570.5,570.5,50,10675,604.47,556.15,579.65
11217,2021-03-06 14:28:00,579.85,579.85,570.5,570.5,50,10675,604.47,556.15,579.65
11218,2021-03-06 14:29:00,579.85,579.85,570.5,570.5,50,10675,604.47,556.15,579.65
11219,2021-03-06 14:30:00,579.85,579.85,570.5,570.5,50,10675,604.47,556.15,579.65
11220,2021-03-06 14:31:00,579.85,579.85,570.5,570.5,50,10675,604.47,556.15,579.65
11221,2021-03-06 14:32:00,579.85,579.85,570.5,570.5,50,10675,604.47,556.15,579.65
11222,2021-03-06 14:33:00,579.85,579.85,570.5,570.5,50,10675,604.47,556.15,579.65
11223,2021-03-06 14:34:00,579.85,579.85,570.5,570.5,50,10675,604.47,556.15,579.65
11224,2021-03-06 14:35:00,579.85,579.85,570.5,570.5,50,10675,604.47,556.15,579.65
11225,2021-03-06 14:36:00,579.85,579.85,570.5,570.5,50,10675,604.47,556.15,579.65
11226,2021-03-06 14:37:00,579.85,579.85,570.5,570.5,50,10675,604.47,556.15,579.65
11227,2021-03-06 14:38:00,579.85,579.85,570.5,570.5,50,10675,604.47,556.15,579.65
11228,2021-03-06 14:39:00,579.85,579.85,570.5,570.5,50,10675,604.47,556.15,579.65
11229,2021-03-06 14:40:00,579.85,579.85,570.5,570.5,50,10675,604.47,556.15,579.65
11230,2021-03-06 14:41:00,579.85,579.85,570.5,570.5,50,10675,604.47,556.15,579.65
11231,2021-03-06 14:42:00,579.85,579.85,570.5,570.5,50,10675,604.47,556.15,579.65
11232,2021-03-06 14:43:00,579.85,579.85,570.5,570.5,50,10675,604.47,556.15,579.65
11233,2021-03-06 14:44:00,579.85,579.85,570.5,570.5,50,10675,604.47,556.15,579.65
11234,2021-03-06 14:45:00,579.85,579.85,570.5,570.5,50,10675,604.47,556.15,579.65
11235,2021-03-06 14:46:00,579.85,579.85,570.5,570.5,50,10675,604.47,556.15,579.65
11236,2021-03-06 14:47:00,579.85,579.85,570.5,570.5,50,10675,604.47,556.15,579.65
11237,2021-03-06 14:48:00,579.85,579.85,570.5,570.5,50,10675,604.47,556.15,579.65
11238,2021-03-06 14:49:00,579.85,579.85,570.5,570.5,50,10675,604.47,556.15,579.65
11239,2021-03-06 14:50:00,579.85,579.85,570.5,570.5,50,10675,604.47,556.15,579.65
11240,2021-03-06 14:51:00,579.85,579.85,570.5,570.5,50,10675,604.47,556.15,579.65
11241,2021-03-06 14:52:00,579.85,579.85,570.5,570.5,50,10675,604.47,556.15,579.65
11242,2021-03-06 14:53:00,579.85,579.85,570.5,570.5,50,10675,604.47,556.15,579.65
11243,2021-03-06 14:54:00,579.85,579.85,570.5,570.5,50,10675,604.47,556.15,579.65
11244,2021-03-06 14:55:00,579.85,579.85,570.5,570.5,50,10675,604.47,556.15,579.65
11245,2021-03-06 14:56:00,579.85,579.85,570.5,570.5,50,10675,604.47,556.15,579.65
11246,2021-03-06 14:57:00,579.85,579.85,570.5,570.5,50,10675,604.47,556.15,579.65
11247,2021-03-06 14:58:00,579.85,579.85,570.5,570.5,50,10675,604.47,556.15,579.65
11248,2021-03-06 14:59:00,579.85,579.85,570.5,570.5,50,10675,604.47,556.15,579.65
11249,2021-03-06 15:00:00,579.85,579.85,570.5,570.5,50,10675,604.47,556.15,579.65
11250,2021-03-06 15:01:00,579.85,579.85,570.5,570.5,50,10675,604.47,556.15,579.65
11251,2021-03-06 15:02:00,579.85,579.85,570.5,570.5,50,10675,604.47,556.15,579.65
11252,2021-03-06 15:03:00,579.85,579.85,570.5,570.5,50,10675,604.47,556.15,579.65
11253,2021-03-06 15:04:00,579.85,579.85,570.5,570.5,50,10675,604.47,556.15,579.65
11254,2021-03-06 15:05:00,579.85,579.85,570.5,570.5,50,10675,604.47,556.15,579.65
11255,2021-03-06 15:06:00,579.85,579.85,570.5,570.5,50,10675,604.47,556.15,579.65
11256,2021-03-06 15:07:00,579.85,579.85,570.5,570.5,50,10675,604.47,556.15,579.65
11257,2021-03-06 15:08:00,579.85,579.85,570.5,570.5,50,10675,604.47,556.15,579.65
11258,2021-03-06 15:09:00,579.85,579.85,570.5,570.5,50,10675,604.47,556.15,579.65
11259,2021-03-06 15:10:00,579.85,579.85,570.5,570.5,50,10675,604.47,556.15,579.65
11260,2021-03-06 15:11:00,579.85,579.85,570.5,570.5,50,10675,604.47,556.15,579.65
11261,2021-03-06 15:12:00,579.85,579.85,570.5,570.5,50,10675,604.47,556.15,579.65
11262,2021-03-06 15:13:00,579.85,579.85,570.5,570.5,50,10675,604.47,556.15,579.65
11263,2021-03-06 15:14:00,579.85,579.85,570.5,570.5,50,10675,604.47,556.15,579.65
11264,2021-03-06 15:15:00,579.85,579.85,570.5,570.5,50,10675,604.47,556.15,579.65
11265,2021-03-06 15:16:00,579.85,579.85,570.5,570.5,50,10675,604.47,556.15,579.65
11266,2021-03-06 15:17:00,579.85,579.85,570.5,570.5,50,10675,604.47,556.15,579.65
11267,2021-03-06 15:18:00,579.85,579.85,570.5,570.5,50,10675,604.47,556.15,579.65
11268,2021-03-06 15:19:00,579.85,579.85,570.5,570.5,50,10675,604.47,556.15,579.65
11269,2021-03-06 15:20:00,579.85,579.85,570.5,570.5,50,10675,604.47,556.15,579.65
11270,2021-03-06 15:21:00,579.85,579.85,570.5,570.5,50,10675,604.47,556.15,579.65
11271,2021-03-06 15:22:00,579.85,579.85,570.5,570.5,50,10675,604.47,556.15,579.65
11272,2021-03-06 15:23:00,579.85,579.85,570.5,570.5,50,10675,604.47,556.15,579.65
11273,2021-03-06 15:24:00,579.85,579.85,570.5,570.5,50,10675,604.47,556.15,579.65
11274,2021-03-06 15:25:00,579.85,579.85,570.5,570.5,50,10675,604.47,556.15,579.65
11275,2021-03-06 15:26:00,579.85,579.85,570.5,570.5,50,10675,604.47,556.15,579.65
11276,2021-03-06 15:27:00,579.85,579.85,570.5,570.5,50,10675,604.47,556.15,579.65
11277,2021-03-06 15:28:00,579.85,579.85,570.5,570.5,50,10675,604.47,556.15,579.65
11278,2021-03-06 15:29:00,579.85,579.85,570.5,570.5,50,10675,604.47,556.15,579.65
11279,2021-03-06 15:30:00,579.85,579.85,570.5,570.5,50,10675,604.47,556.15,579.65
11280,2021-03-07 09:15:00,579.85,579.85,570.5,570.5,50,10675,604.47,556.15,579.65
11281,2021-03-07 09:16:00,579.85,579.85,570.5,570.5,50,10675,604.47,556.15,579.65
11282,2021-03-07 09:17:00,579.85,579.85,570.5,570.5,50,10675,604.47,556.15,579.65
11283,2021-03-07 09:18:00,579.85,579.85,570.5,570.5,50,10675,604.47,556.15,579.65
11284,2021-03-07 09:19:00,579.85,579.85,570.5,570.5,50,10675,604.47,556.15,579.65
11285,2021-03-07 09:20:00,579.85,579.85,570.5,570.5,50,10675,604.47,556.15,579.65
11286,2021-03-07 09:21:00,579.85,579.85,570.5,570.5,50,10675,604.47,556.15,579.65
11287,2021-03-07 09:22:00,579.85,579.85,570.5,570.5,50,10675,604.47,556.15,579.65
11288,2021-03-07 09:23:00,579.85,579.85,570.5,570.5,50,10675,604.47,556.15,579.65
11289,2021-03-07 09:24:00,579.85,579.85,570.5,570.5,50,10675,604.47,556.15,579.65
11290,2021-03-07 09:25:00,579.85,579.85,570.5,570.5,50,10675,604.47,556.15,579.65
11291,2021-03-07 09:26:00,579.85,579.85,570.5,570.5,50,10675,604.47,556.15,579.65
11292,2021-03-07 09:27:00,579.85,579.85,570.5,570.5,50,10675,604.47,556.15,579.65
11293,2021-03-07 09:28:00,579.85,579.85,570.5,570.5,50,10675,604.47,556.15,579.65
11294,2021-03-07 09:29:00,579.85,579.85,570.5,570.5,50,10675,604.47,556.15,579.65
11295,2021-03-07 09:30:00,579.85,579.85,570.5,570.5,50,10675,604.47,556.15,579.65
11296,2021-03-07 09:31:00,579.85,579.85,570.5,570.5,50,10675,604.47,556.15,579.65
11297,2021-03-07 09:32:00,579.85,579.85,570.5,570.5,50,10675,604.47,556.15,579.65
11298,2021-03-07 09:33:00,579.85,579.85,570.5,570.5,50,10675,604.47,556.15,579.65
11299,2021-03-07 09:34:00,579.85,579.85,570.5,570.5,50,10675,604.47,556.15,579.65
11300,2021-03-07 09:35:00,579.85,579.85,570.5,570.5,50,10675,604.47,556.15,579.65
11301,2021-03-07 09:36:00,579.85,579.85,570.5,570.5,50,10675,604.47,556.15,579.65
11302,2021-03-07 09:37:00,579.85,579.85,570.5,570.5,50,10675,604.47,556.15,579.65
11303,2021-03-07 09:38:00,579.85,579.85,570.5,570.5,50,10675,604.47,556.15,579.65
11304,2021-03-07 09:39:00,579.85,579.85,570.5,570.5,50,10675,604.47,556.15,579.65
11305,2021-03-07 09:40:00,579.85,579.85,570.5,570.5,50,10675,604.47,556.15,579.65
11306,2021-03-07 09:41:00,579.85,579.85,570.5,570.5,50,10675,604.47,556.15,579.65
11307,2021-03-07 09:42:00,579.85,579.85,570.5,570.5,50,10675,604.47,556.15,579.65
11308,2021-03-07 09:43:00,579.85,579.85,570.5,570.5,50,10675,604.47,556.15,579.65
11309,2021-03-07 09:44:00,579.85,579.85,570.5,570.5,50,10675,604.47,556.15,579.65
11310,2021-03-07 09:45:00,579.85,579.85,570.5,570.5,50,10675,604.47,556.15,579.65
11311,2021-03-07 09:46:00,579.85,579.85,570.5,570.5,50,10675,604.47,556.15,579.65
11312,2021-03-07 09:47:00,579.85,579.85,570.5,570.5,50,10675,604.47,556.15,579.65
11313,2021-03-07 09:48:00,579.85,579.85,570.5,570.5,50,10675,604.47,556.15,579.65
11314,2021-03-07 09:49:00,579.85,579.85,570.5,570.5,50,10675,604.47,556.15,579.65
11315,2021-03-07 09:50:00,579.85,579.85,570.5,570.5,50,10675,604.47,556.15,579.65
11316,2021-03-07 09:51:00,579.85,579.85,570.5,570.5,50,10675,604.47,556.15,579.65
11317,2021-03-07 09:52:00,579.85,579.85,570.5,570.5,50,10675,604.47,556.15,579.65
11318,2021-03-07 09:53:00,579.85,579.85,570.5,570.5,50,10675,604.47,556.15,579.65
11319,2021-03-07 09:54:00,579.85,579.85,570.5,570.5,50,10675,604.47,556.15,579.65
11320,2021-03-07 09:55:00,579.85,579.85,570.5,570.5,50,10675,604.47,556.15,579.65
11321,2021-03-07 09:56:00,579.85,579.85,570.5,570.5,50,10675,604.47,556.15,579.65
11322,2021-03-07 09:57:00,579.85,579.85,570.5,570.5,50,10675,604.47,556.15,579.65
11323,2021-03-07 09:58:00,579.85,579.85,570.5,570.5,50,10675,604.47,556.15,579.65
11324,2021-03-07 09:59:00,579.85,579.85,570.5,570.5,50,10675,604.47,556.15,579.65
11325,2021-03-07 10:00:00,579.85,579.85,570.5,570.5,50,10675,604.47,556.15,579.65
11326,2021-03-07 10:01:00,579.85,579.85,570.5,570.5,50,10675,604.47,556.15,579.65
11327,2021-03-07 10:02:00,579.85,579.85,570.5,570.5,50,10675,604.47,556.15,579.65
11328,2021-03-07 10:03:00,579.85,579.85,570.5,570.5,50,10675,604.47,556.15,579.65
11329,2021-03-07 10:04:00,579.85,579.85,570.5,570.5,50,10675,604.47,556.15,579.65
11330,2021-03-07 10:05:00,579.85,579.85,570.5,570.5,50,10675,604.47,556.15,579.65
11331,2021-03-07 10:06:00,579.85,579.85,570.5,570.5,50,10675,604.47,556.15,579.65
11332,2021-03-07 10:07:00,579.85,579.85,570.5,570.5,50,10675,604.47,556.15,579.65
11333,2021-03-07 10:08:00,579.85,579.85,570.5,570.5,50,10675,604.47,556.15,579.65
11334,2021-03-07 10:09:00,579.85,579.85,570.5,570.5,50,10675,604.47,556.15,579.65
11335,2021-03-07 10:10:00,579.85,579.85,570.5,570.5,50,10675,604.47,556.15,579.65
11336,2021-03-07 10:11:00,579.85,579.85,570.5,570.5,50,10675,604.47,556.15,579.65
11337,2021-03-07 10:12:00,579.85,579.85,570.5,570.5,50,10675,604.47,556.15,579.65
11338,2021-03-07 10:13:00,579.85,579.85,570.5,570.5,50,10675,604.47,556.15,579.65
11339,2021-03-07 10:14:00,579.85,579.85,570.5,570.5,50,10675,604.47,556.15,579.65
11340,2021-03-07 10:15:00,579.85,579.85,570.5,570.5,50,10675,604.47,556.15,579.65
11341,2021-03-07 10:16:00,579.85,579.85,570.5,570.5,50,10675,604.47,556.15,579.65
11342,2021-03-07 10:17:00,579.85,579.85,570.5,570.5,50,10675,604.47,556.15,579.65
11343,2021-03-07 10:18:00,579.85,579.85,570.5,570.5,50,10675,604.47,556.15,579.65
11344,2021-03-07 10:19:00,579.85,579.85,570.5,570.5,50,10675,604.47,556.15,579.65
11345,2021-03-07 10:20:00,579.85,579.85,570.5,570.5,50,10675,604.47,556.15,579.65
11346,2021-03-07 10:21:00,579.85,579.85,570.5,570.5,50,10675,604.47,556.15,579.65
11347,2021-03-07 10:22:00,579.85,579.85,570.5,570.5,50,10675,604.47,556.15,579.65
11348,2021-03-07 10:23:00,579.85,579.85,570.5,570.5,50,10675,604.47,556.15,579.65
11349,2021-03-07 10:24:00,579.85,579.85,570.5,570.5,50,10675,604.47,556.15,579.65
11350,2021-03-07 10:25:00,579.85,579.85,570.5,570.5,50,10675,604.47,556.15,579.65
11351,2021-03-07 10:26:00,579.85,579.85,570.5,570.5,50,10675,604.47,556.15,579.65
11352,2021-03-07 10:27:00,579.85,579.85,570.5,570.5,50,10675,604.47,556.15,579.65
11353,2021-03-07 10:28:00,579.85,579.85,570.5,570.5,50,10675,604.47,556.15,579.65
11354,2021-03-07 10:29:00,579.85,579.85,570.5,570.5,50,10675,604.47,556.15,579.65
11355,2021-03-07 10:30:00,579.85,579.85,570.5,570.5,50,10675,604.47,556.15,579.65
11356,2021-03-07 10:31:00,579.85,579.85,570.5,570.5,50,10675,604.47,556.15,579.65
11357,2021-03-07 10:32:00,579.85,579.85,570.5,570.5,50,10675,604.47,556.15,579.65
11358,2021-03-07 10:33:00,579.85,579.85,570.5,570.5,50,10675,604.47,556.15,579.65
11359,2021-03-07 10:34:00,579.85,579.85,570.5,570.5,50,10675,604.47,556.15,579.65
11360,2021-03-07 10:35:00,579.85,579.85,570.5,570.5,50,10675,604.47,556.15,579.65
11361,2021-03-07 10:36:00,579.85,579.85,570.5,570.5,50,10675,604.47,556.15,579.65
11362,2021-03-07 10:37:00,579.85,579.85,570.5,570.5,50,10675,604.47,556.15,579.65
11363,2021-03-07 10:38:00,579.85,579.85,570.5,570.5,50,10675,604.47,556.15,579.65
11364,2021-03-07 10:39:00,579.85,579.85,570.5,570.5,50,10675,604.47,556.15,579.65
11365,2021-03-07 10:40:00,579.85,579.85,570.5,570.5,50,10675,604.47,556.15,579.65
11366,2021-03-07 10:41:00,579.85,579.85,570.5,570.5,50,10675,604.47,556.15,579.65
11367,2021-03-07 10:42:00,579.85,579.85,570.5,570.5,50,10675,604.47,556.15,579.65
11368,2021-03-07 10:43:00,579.85,579.85,570.5,570.5,50,10675,604.47,556.15,579.65
11369,2021-03-07 10:44:00,579.85,579.85,570.5,570.5,50,10675,604.47,556.15,579.65
11370,2021-03-07 10:45:00,579.85,579.85,570.5,570.5,50,10675,604.47,556.15,579.65
11371,2021-03-07 10:46:00,579.85,579.85,570.5,570.5,50,10675,604.47,556.15,579.65
11372,2021-03-07 10:47:00,579.85,579.85,570.5,570.5,50,10675,604.47,556.15,579.65
11373,2021-03-07 10:48:00,579.85,579.85,570.5,570.5,50,10675,604.47,556.15,579.65
11374,2021-03-07 10:49:00,579.85,579.85,570.5,570.5,50,10675,604.47,556.15,579.65
11375,2021-03-07 10:50:00,579.85,579.85,570.5,570.5,50,10675,604.47,556.15,579.65
11376,2021-03-07 10:51:00,579.85,579.85,570.5,570.5,50,10675,604.47,556.15,579.65
11377,2021-03-07 10:52:00,579.85,579.85,570.5,570.5,50,10675,604.47,556.15,579.65
11378,2021-03-07 10:53:00,579.85,579.85,570.5,570.5,50,10675,604.47,556.15,579.65
11379,2021-03-07 10:54:00,579.85,579.85,570.5,570.5,50,10675,604.47,556.15,579.65
11380,2021-03-07 10:55:00,579.85,579.85,570.5,570.5,50,10675,604.47,556.15,579.65
11381,2021-03-07 10:56:00,579.85,579.85,570.5,570.5,50,10675,604.47,556.15,579.65
11382,2021-03-07 10:57:00,579.85,579.85,570.5,570.5,50,10675,604.47,556.15,579.65
11383,2021-03-07 10:58:00,579.85,579.85,570.5,570.5,50,10675,604.47,556.15,579.65
11384,2021-03-07 10:59:00,579.85,579.85,570.5,570.5,50,10675,604.47,556.15,579.65
11385,2021-03-07 11:00:00,579.85,579.85,570.5,570.5,50,10675,604.47,556.15,579.65
11386,2021-03-07 11:01:00,579.85,579.85,570.5,570.5,50,10675,604.47,556.15,579.65
11387,2021-03-07 11:02:00,579.85,579.85,570.5,570.5,50,10675,604.47,556.15,579.65
11388,2021-03-07 11:03:00,579.85,579.85,570.5,570.5,50,10675,604.47,556.15,579.65
11389,2021-03-07 11:04:00,579.85,579.85,570.5,570.5,50,10675,604.47,556.15,579.65
11390,2021-03-07 11:05:00,579.85,579.85,570.5,570.5,50,10675,604.47,556.15,579.65
11391,2021-03-07 11:06:00,579.85,579.85,570.5,570.5,50,10675,604.47,556.15,579.65
11392,2021-03-07 11:07:00,579.85,579.85,570.5,570.5,50,10675,604.47,556.15,579.65
11393,2021-03-07 11:08:00,579.85,579.85,570.5,570.5,50,10675,604.47,556.15,579.65
11394,2021-03-07 11:09:00,579.85,579.85,570.5,570.5,50,10675,604.47,556.15,579.65
11395,2021-03-07 11:10:00,579.85,579.85,570.5,570.5,50,10675,604.47,556.15,579.65
11396,2021-03-07 11:11:00,579.85,579.85,570.5,570.5,50,10675,604.47,556.15,579.65
11397,2021-03-07 11:12:00,579.85,579.85,570.5,570.5,50,10675,604.47,556.15,579.65
11398,2021-03-07 11:13:00,579.85,579.85,570.5,570.5,50,10675,604.47,556.15,579.65
11399,2021-03-07 11:14:00,579.85,579.85,570.5,570.5,50,10675,604.47,556.15,579.65
11400,2021-03-07 11:15:00,579.85,579.85,570.5,570.5,50,10675,604.47,556.15,579.65
11401,2021-03-07 11:16:00,579.85,579.85,570.5,570.5,50,10675,604.47,556.15,579.65
11402,2021-03-07 11:17:00,579.85,579.85,570.5,570.5,50,10675,604.47,556.15,579.65
11403,2021-03-07 11:18:00,579.85,579.85,570.5,570.5,50,10675,604.47,556.15,579.65
11404,2021-03-07 11:19:00,579.85,579.85,570.5,570.5,50,10675,604.47,556.15,579.65
11405,2021-03-07 11:20:00,579.85,579.85,570.5,570.5,50,10675,604.47,556.15,579.65
11406,2021-03-07 11:21:00,579.85,579.85,570.5,570.5,50,10675,604.47,556.15,579.65
11407,2021-03-07 11:22:00,579.85,579.85,570.5,570.5,50,10675,604.47,556.15,579.65
11408,2021-03-07 11:23:00,579.85,579.85,570.5,570.5,50,10675,604.47,556.15,579.65
11409,2021-03-07 11:24:00,579.85,579.85,570.5,570.5,50,10675,604.47,556.15,579.65
11410,2021-03-07 11:25:00,579.85,579.85,570.5,570.5,50,10675,604.47,556.15,579.65
11411,2021-03-07 11:26:00,579.85,579.85,570.5,570.5,50,10675,604.47,556.15,579.65
11412,2021-03-07 11:27:00,579.85,579.85,570.5,570.5,50,10675,604.47,556.15,579.65
11413,2021-03-07 11:28:00,579.85,579.85,570.5,570.5,50,10675,604.47,556.15,579.65
11414,2021-03-07 11:29:00,579.85,579.85,570.5,570.5,50,10675,604.47,556.15,579.65
11415,2021-03-07 11:30:00,579.85,579.85,570.5,570.5,50,10675,604.47,556.15,579.65
11416,2021-03-07 11:31:00,579.85,579.85,570.5,570.5,50,10675,604.47,556.15,579.65
11417,2021-03-07 11:32:00,579.85,579.85,570.5,570.5,50,10675,604.47,556.15,579.65
11418,2021-03-07 11:33:00,579.85,579.85,570.5,570.5,50,10675,604.47,556.15,579.65
11419,2021-03-07 11:34:00,579.85,579.85,570.5,570.5,50,10675,604.47,556.15,579.65
11420,2021-03-07 11:35:00,579.85,579.85,570.5,570.5,50,10675,604.47,556.15,579.65
11421,2021-03-07 11:36:00,579.85,579.85,570.5,570.5,50,10675,604.47,556.15,579.65
11422,2021-03-07 11:37:00,579.85,579.85,570.5,570.5,50,10675,604.47,556.15,579.65
11423,2021-03-07 11:38:00,579.85,579.85,570.5,570.5,50,10675,604.47,556.15,579.65
11424,2021-03-07 11:39:00,579.85,579.85,570.5,570.5,50,10675,604.47,556.15,579.65
11425,2021-03-07 11:40:00,579.85,579.85,570.5,570.5,50,10675,604.47,556.15,579.65
11426,2021-03-07 11:41:00,579.85,579.85,570.5,570.5,50,10675,604.47,556.15,579.65
11427,2021-03-07 11:42:00,579.85,579.85,570.5,570.5,50,10675,604.47,556.15,579.65
11428,2021-03-07 11:43:00,579.85,579.85,570.5,570.5,50,10675,604.47,556.15,579.65
11429,2021-03-07 11:44:00,579.85,579.85,570.5,570.5,50,10675,604.47,556.15,579.65
11430,2021-03-07 11:45:00,579.85,579.85,570.5,570.5,50,10675,604.47,556.15,579.65
11431,2021-03-07 11:46:00,579.85,579.85,570.5,570.5,50,10675,604.47,556.15,579.65
11432,2021-03-07 11:47:00,579.85,579.85,570.5,570.5,50,10675,604.47,556.15,579.65
11433,2021-03-07 11:48:00,579.85,579.85,570.5,570.5,50,10675,604.47,556.15,579.65
11434,2021-03-07 11:49:00,579.85,579.85,570.5,570.5,50,10675,604.47,556.15,579.65
11435,2021-03-07 11:50:00,579.85,579.85,570.5,570.5,50,10675,604.47,556.15,579.65
11436,2021-03-07 11:51:00,579.85,579.85,570.5,570.5,50,10675,604.47,556.15,579.65
11437,2021-03-07 11:52:00,579.85,579.85,570.5,570.5,50,10675,604.47,556.15,579.65
11438,2021-03-07 11:53:00,579.85,579.85,570.5,570.5,50,10675,604.47,556.15,579.65
11439,2021-03-07 11:54:00,579.85,579.85,570.5,570.5,50,10675,604.47,556.15,579.65
11440,2021-03-07 11:55:00,579.85,579.85,570.5,570.5,50,10675,604.47,556.15,579.65
11441,2021-03-07 11:56:00,579.85,579.85,570.5,570.5,50,10675,604.47,556.15,579.65
11442,2021-03-07 11:57:00,579.85,579.85,570.5,570.5,50,10675,604.47,556.15,579.65
11443,2021-03-07 11:58:00,579.85,579.85,570.5,570.5,50,10675,604.47,556.15,579.65
11444,2021-03-07 11:59:00,579.85,579.85,570.5,570.5,50,10675,604.47,556.15,579.65
11445,2021-03-07 12:00:00,579.85,579.85,570.5,570.5,50,10675,604.47,556.15,579.65
11446,2021-03-07 12:01:00,579.85,579.85,570.5,570.5,50,10675,604.47,556.15,579.65
11447,2021-03-07 12:02:00,579.85,579.85,570.5,570.5,50,10675,604.47,556.15,579.65
11448,2021-03-07 12:03:00,579.85,579.85,570.5,570.5,50,10675,604.47,556.15,579.65
11449,2021-03-07 12:04:00,579.85,579.85,570.5,570.5,50,10675,604.47,556.15,579.65
11450,2021-03-07 12:05:00,579.85,579.85,570.5,570.5,50,10675,604.47,556.15,579.65
11451,2021-03-07 12:06:00,579.85,579.85,570.5,570.5,50,10675,604.47,556.15,579.65
11452,2021-03-07 12:07:00,579.85,579.85,570.5,570.5,50,10675,604.47,556.15,579.65
11453,2021-03-07 12:08:00,579.85,579.85,570.5,570.5,50,10675,604.47,556.15,579.65
11454,2021-03-07 12:09:00,579.85,579.85,570.5,570.5,50,10675,604.47,556.15,579.65
11455,2021-03-07 12:10:00,579.85,579.85,570.5,570.5,50,10675,604.47,556.15,579.65
11456,2021-03-07 12:11:00,579.85,579.85,570.5,570.5,50,10675,604.47,556.15,579.65
11457,2021-03-07 12:12:00,579.85,579.85,570.5,570.5,50,10675,604.47,556.15,579.65
11458,2021-03-07 12:13:00,579.85,579.85,570.5,570.5,50,10675,604.47,556.15,579.65
11459,2021-03-07 12:14:00,579.85,579.85,570.5,570.5,50,10675,604.47,556.15,579.65
11460,2021-03-07 12:15:00,579.85,579.85,570.5,570.5,50,10675,604.47,556.15,579.65
11461,2021-03-07 12:16:00,579.85,579.85,570.5,570.5,50,10675,604.47,556.15,579.65
11462,2021-03-07 12:17:00,579.85,579.85,570.5,570.5,50,10675,604.47,556.15,579.65
11463,2021-03-07 12:18:00,579.85,579.85,570.5,570.5,50,10675,604.47,556.15,579.65
11464,2021-03-07 12:19:00,579.85,579.85,570.5,570.5,50,10675,604.47,556.15,579.65
11465,2021-03-07 12:20:00,579.85,579.85,570.5,570.5,50,10675,604.47,556.15,579.65
11466,2021-03-07 12:21:00,579.85,579.85,570.5,570.5,50,10675,604.47,556.15,579.65
11467,2021-03-07 12:22:00,579.85,579.85,570.5,570.5,50,10675,604.47,556.15,579.65
11468,2021-03-07 12:23:00,579.85,579.85,570.5,570.5,50,10675,604.47,556.15,579.65
11469,2021-03-07 12:24:00,579.85,579.85,570.5,570.5,50,10675,604.47,556.15,579.65
11470,2021-03-07 12:25:00,579.85,579.85,570.5,570.5,50,10675,604.47,556.15,579.65
11471,2021-03-07 12:26:00,579.85,579.85,570.5,570.5,50,10675,604.47,556.15,579.65
11472,2021-03-07 12:27:00,579.85,579.85,570.5,570.5,50,10675,604.47,556.15,579.65
11473,2021-03-07 12:28:00,579.85,579.85,570.5,570.5,50,10675,604.47,556.15,579.65
11474,2021-03-07 12:29:00,579.85,579.85,570.5,570.5,50,10675,604.47,556.15,579.65
11475,2021-03-07 12:30:00,579.85,579.85,570.5,570.5,50,10675,604.47,556.15,579.65
11476,2021-03-07 12:31:00,579.85,579.85,570.5,570.5,50,10675,604.47,556.15,579.65
11477,2021-03-07 12:32:00,579.85,579.85,570.5,570.5,50,10675,604.47,556.15,579.65
11478,2021-03-07 12:33:00,579.85,579.85,570.5,570.5,50,10675,604.47,556.15,579.65
11479,2021-03-07 12:34:00,579.85,579.85,570.5,570.5,50,10675,604.47,556.15,579.65
11480,2021-03-07 12:35:00,579.85,579.85,570.5,570.5,50,10675,604.47,556.15,579.65
11481,2021-03-07 12:36:00,579.85,579.85,570.5,570.5,50,10675,604.47,556.15,579.65
11482,2021-03-07 12:37:00,579.85,579.85,570.5,570.5,50,10675,604.47,556.15,579.65
11483,2021-03-07 12:38:00,579.85,579.85,570.5,570.5,50,10675,604.47,556.15,579.65
11484,2021-03-07 12:39:00,579.85,579.85,570.5,570.5,50,10675,604.47,556.15,579.65
11485,2021-03-07 12:40:00,579.85,579.85,570.5,570.5,50,10675,604.47,556.15,579.65
11486,2021-03-07 12:41:00,579.85,579.85,570.5,570.5,50,10675,604.47,556.15,579.65
11487,2021-03-07 12:42:00,579.85,579.85,570.5,570.5,50,10675,604.47,556.15,579.65
11488,2021-03-07 12:43:00,579.85,579.85,570.5,570.5,50,10675,604.47,556.15,579.65
11489,2021-03-07 12:44:00,579.85,579.85,570.5,570.5,50,10675,604.47,556.15,579.65
11490,2021-03-07 12:45:00,579.85,579.85,570.5,570.5,50,10675,604.47,556.15,579.65
11491,2021-03-07 12:46:00,579.85,579.85,570.5,570.5,50,10675,604.47,556.15,579.65
11492,2021-03-07 12:47:00,579.85,579.85,570.5,570.5,50,10675,604.47,556.15,579.65
11493,2021-03-07 12:48:00,579.85,579.85,570.5,570.5,50,10675,604.47,556.15,579.65
11494,2021-03-07 12:49:00,579.85,579.85,570.5,570.5,50,10675,604.47,556.15,579.65
11495,2021-03-07 12:50:00,579.85,579.85,570.5,570.5,50,10675,604.47,556.15,579.65
11496,2021-03-07 12:51:00,579.85,579.85,570.5,570.5,50,10675,604.47,556.15,579.65
11497,2021-03-07 12:52:00,579.85,579.85,570.5,570.5,50,10675,604.47,556.15,579.65
11498,2021-03-07 12:53:00,579.85,579.85,570.5,570.5,50,10675,604.47,556.15,579.65
11499,2021-03-07 12:54:00,579.85,579.85,570.5,570.5,50,10675,604.47,556.15,579.65
11500,2021-03-07 12:55:00,579.85,579.85,570.5,570.5,50,10675,604.47,556.15,579.65
11501,2021-03-07 12:56:00,579.85,579.85,570.5,570.5,50,10675,604.47,556.15,579.65
11502,2021-03-07 12:57:00,579.85,579.85,570.5,570.5,50,10675,604.47,556.15,579.65
11503,2021-03-07 12:58:00,579.85,579.85,570.5,570.5,50,10675,604.47,556.15,579.65
11504,2021-03-07 12:59:00,579.85,579.85,570.5,570.5,50,10675,604.47,556.15,579.65
11505,2021-03-07 13:00:00,579.85,579.85,570.5,570.5,50,10675,604.47,556.15,579.65
11506,2021-03-07 13:01:00,579.85,579.85,570.5,570.5,50,10675,604.47,556.15,579.65
11507,2021-03-07 13:02:00,579.85,579.85,570.5,570.5,50,10675,604.47,556.15,579.65
11508,2021-03-07 13:03:00,579.85,579.85,570.5,570.5,50,10675,604.47,556.15,579.65
11509,2021-03-07 13:04:00,579.85,579.85,570.5,570.5,50,10675,604.47,556.15,579.65
11510,2021-03-07 13:05:00,579.85,579.85,570.5,570.5,50,10675,604.47,556.15,579.65
11511,2021-03-07 13:06:00,579.85,579.85,570.5,570.5,50,10675,604.47,556.15,579.65
11512,2021-03-07 13:07:00,579.85,579.85,570.5,570.5,50,10675,604.47,556.15,579.65
11513,2021-03-07 13:08:00,579.85,579.85,570.5,570.5,50,10675,604.47,556.15,579.65
11514,2021-03-07 13:09:00,579.85,579.85,570.5,570.5,50,10675,604.47,556.15,579.65
11515,2021-03-07 13:10:00,579.85,579.85,570.5,570.5,50,10675,604.47,556.15,579.65
11516,2021-03-07 13:11:00,579.85,579.85,570.5,570.5,50,10675,604.47,556.15,579.65
11517,2021-03-07 13:12:00,579.85,579.85,570.5,570.5,50,10675,604.47,556.15,579.65
11518,2021-03-07 13:13:00,579.85,579.85,570.5,570.5,50,10675,604.47,556.15,579.65
11519,2021-03-07 13:14:00,579.85,579.85,570.5,570.5,50,10675,604.47,556.15,579.65
11520,2021-03-07 13:15:00,579.85,579.85,570.5,570.5,50,10675,604.47,556.15,579.65
11521,2021-03-07 13:16:00,579.85,579.85,570.5,570.5,50,10675,604.47,556.15,579.65
11522,2021-03-07 13:17:00,579.85,579.85,570.5,570.5,50,10675,604.47,556.15,579.65
11523,2021-03-07 13:18:00,579.85,579.85,570.5,570.5,50,10675,604.47,556.15,579.65
11524,2021-03-07 13:19:00,579.85,579.85,570.5,570.5,50,10675,604.47,556.15,579.65
11525,2021-03-07 13:20:00,579.85,579.85,570.5,570.5,50,10675,604.47,556.15,579.65
11526,2021-03-07 13:21:00,579.85,579.85,570.5,570.5,50,10675,604.47,556.15,579.65
11527,2021-03-07 13:22:00,579.85,579.85,570.5,570.5,50,10675,604.47,556.15,579.65
11528,2021-03-07 13:23:00,579.85,579.85,570.5,570.5,50,10675,604.47,556.15,579.65
11529,2021-03-07 13:24:00,579.85,579.85,570.5,570.5,50,10675,604.47,556.15,579.65
11530,2021-03-07 13:25:00,579.85,579.85,570.5,570.5,50,10675,604.47,556.15,579.65
11531,2021-03-07 13:26:00,579.85,579.85,570.5,570.5,50,10675,604.47,556.15,579.65
11532,2021-03-07 13:27:00,579.85,579.85,570.5,570.5,50,10675,604.47,556.15,579.65
11533,2021-03-07 13:28:00,579.85,579.85,570.5,570.5,50,10675,604.47,556.15,579.65
11534,2021-03-07 13:29:00,579.85,579.85,570.5,570.5,50,10675,604.47,556.15,579.65
11535,2021-03-07 13:30:00,579.85,579.85,570.5,570.5,50,10675,604.47,556.15,579.65
11536,2021-03-07 13:31:00,579.85,579.85,570.5,570.5,50,10675,604.47,556.15,579.65
11537,2021-03-07 13:32:00,579.85,579.85,570.5,570.5,50,10675,604.47,556.15,579.65
11538,2021-03-07 13:33:00,579.85,579.85,570.5,570.5,50,10675,604.47,556.15,579.65
11539,2021-03-07 13:34:00,579.85,579.85,570.5,570.5,50,10675,604.47,556.15,579.65
11540,2021-03-07 13:35:00,579.85,579.85,570.5,570.5,50,10675,604.47,556.15,579.65
11541,2021-03-07 13:36:00,579.85,579.85,570.5,570.5,50,10675,604.47,556.15,579.65
11542,2021-03-07 13:37:00,579.85,579.85,570.5,570.5,50,10675,604.47,556.15,579.65
11543,2021-03-07 13:38:00,579.85,579.85,570.5,570.5,50,10675,604.47,556.15,579.65
11544,2021-03-07 13:39:00,579.85,579.85,570.5,570.5,50,10675,604.47,556.15,579.65
11545,2021-03-07 13:40:00,579.85,579.85,570.5,570.5,50,10675,604.47,556.15,579.65
11546,2021-03-07 13:41:00,579.85,579.85,570.5,570.5,50,10675,604.47,556.15,579.65
11547,2021-03-07 13:42:00,579.85,579.85,570.5,570.5,50,10675,604.47,556.15,579.65
11548,2021-03-07 13:43:00,579.85,579.85,570.5,570.5,50,10675,604.47,556.15,579.65
11549,2021-03-07 13:44:00,579.85,579.85,570.5,570.5,50,10675,604.47,556.15,579.65
11550,2021-03-07 13:45:00,579.85,579.85,570.5,570.5,50,10675,604.47,556.15,579.65
11551,2021-03-07 13:46:00,579.85,579.85,570.5,570.5,50,10675,604.47,556.15,579.65
11552,2021-03-07 13:47:00,579.85,579.85,570.5,570.5,50,10675,604.47,556.15,579.65
11553,2021-03-07 13:48:00,579.85,579.85,570.5,570.5,50,10675,604.47,556.15,579.65
11554,2021-03-07 13:49:00,579.85,579.85,570.5,570.5,50,10675,604.47,556.15,579.65
11555,2021-03-07 13:50:00,579.85,579.85,570.5,570.5,50,10675,604.47,556.15,579.65
11556,2021-03-07 13:51:00,579.85,579.85,570.5,570.5,50,10675,604.47,556.15,579.65
11557,2021-03-07 13:52:00,579.85,579.85,570.5,570.5,50,10675,604.47,556.15,579.65
11558,2021-03-07 13:53:00,579.85,579.85,570.5,570.5,50,10675,604.47,556.15,579.65
11559,2021-03-07 13:54:00,579.85,579.85,570.5,570.5,50,10675,604.47,556.15,579.65
11560,2021-03-07 13:55:00,579.85,579.85,570.5,570.5,50,10675,604.47,556.15,579.65
11561,2021-03-07 13:56:00,579.85,579.85,570.5,570.5,50,10675,604.47,556.15,579.65
11562,2021-03-07 13:57:00,579.85,579.85,570.5,570.5,50,10675,604.47,556.15,579.65
11563,2021-03-07 13:58:00,579.85,579.85,570.5,570.5,50,10675,604.47,556.15,579.65
11564,2021-03-07 13:59:00,579.85,579.85,570.5,570.5,50,10675,604.47,556.15,579.65
11565,2021-03-07 14:00:00,579.85,579.85,570.5,570.5,50,10675,604.47,556.15,579.65
11566,2021-03-07 14:01:00,579.85,579.85,570.5,570.5,50,10675,604.47,556.15,579.65
11567,2021-03-07 14:02:00,579.85,579.85,570.5,570.5,50,10675,604.47,556.15,579.65
11568,2021-03-07 14:03:00,579.85,579.85,570.5,570.5,50,10675,604.47,556.15,579.65
11569,2021-03-07 14:04:00,579.85,579.85,570.5,570.5,50,10675,604.47,556.15,579.65
11570,2021-03-07 14:05:00,579.85,579.85,570.5,570.5,50,10675,604.47,556.15,579.65
11571,2021-03-07 14:06:00,579.85,579.85,570.5,570.5,50,10675,604.47,556.15,579.65
11572,2021-03-07 14:07:00,579.85,579.85,570.5,570.5,50,10675,604.47,556.15,579.65
11573,2021-03-07 14:08:00,579.85,579.85,570.5,570.5,50,10675,604.47,556.15,579.65
11574,2021-03-07 14:09:00,579.85,579.85,570.5,570.5,50,10675,604.47,556.15,579.65
11575,2021-03-07 14:10:00,579.85,579.85,570.5,570.5,50,10675,604.47,556.15,579.65
11576,2021-03-07 14:11:00,579.85,579.85,570.5,570.5,50,10675,604.47,556.15,579.65
11577,2021-03-07 14:12:00,579.85,579.85,570.5,570.5,50,10675,604.47,556.15,579.65
11578,2021-03-07 14:13:00,579.85,579.85,570.5,570.5,50,10675,604.47,556.15,579.65
11579,2021-03-07 14:14:00,579.85,579.85,570.5,570.5,50,10675,604.47,556.15,579.65
11580,2021-03-07 14:15:00,579.85,579.85,570.5,570.5,50,10675,604.47,556.15,579.65
11581,2021-03-07 14:16:00,579.85,579.85,570.5,570.5,50,10675,604.47,556.15,579.65
11582,2021-03-07 14:17:00,579.85,579.85,570.5,570.5,50,10675,604.47,556.15,579.65
11583,2021-03-07 14:18:00,579.85,579.85,570.5,570.5,50,10675,604.47,556.15,579.65
11584,2021-03-07 14:19:00,579.85,579.85,570.5,570.5,50,10675,604.47,556.15,579.65
11585,2021-03-07 14:20:00,579.85,579.85,570.5,570.5,50,10675,604.47,556.15,579.65
11586,2021-03-07 14:21:00,579.85,579.85,570.5,570.5,50,10675,604.47,556.15,579.65
11587,2021-03-07 14:22:00,579.85,579.85,570.5,570.5,50,10675,604.47,556.15,579.65
11588,2021-03-07 14:23:00,579.85,579.85,570.5,570.5,50,10675,604.47,556.15,579.65
11589,2021-03-07 14:24:00,579.85,579.85,570.5,570.5,50,10675,604.47,556.15,579.65
11590,2021-03-07 14:25:00,579.85,579.85,570.5,570.5,50,10675,604.47,556.15,579.65
11591,2021-03-07 14:26:00,579.85,579.85,570.5,570.5,50,10675,604.47,556.15,579.65
11592,2021-03-07 14:27:00,579.85,579.85,570.5,570.5,50,10675,604.47,556.15,579.65
11593,2021-03-07 14:28:00,579.85,579.85,570.5,570.5,50,10675,604.47,556.15,579.65
11594,2021-03-07 14:29:00,579.85,579.85,570.5,570.5,50,10675,604.47,556.15,579.65
11595,2021-03-07 14:30:00,579.85,579.85,570.5,570.5,50,10675,604.47,556.15,579.65
11596,2021-03-07 14:31:00,579.85,579.85,570.5,570.5,50,10675,604.47,556.15,579.65
11597,2021-03-07 14:32:00,579.85,579.85,570.5,570.5,50,10675,604.47,556.15,579.65
11598,2021-03-07 14:33:00,579.85,579.85,570.5,570.5,50,10675,604.47,556.15,579.65
11599,2021-03-07 14:34:00,579.85,579.85,570.5,570.5,50,10675,604.47,556.15,579.65
11600,2021-03-07 14:35:00,579.85,579.85,570.5,570.5,50,10675,604.47,556.15,579.65
11601,2021-03-07 14:36:00,579.85,579.85,570.5,570.5,50,10675,604.47,556.15,579.65
11602,2021-03-07 14:37:00,579.85,579.85,570.5,570.5,50,10675,604.47,556.15,579.65
11603,2021-03-07 14:38:00,579.85,579.85,570.5,570.5,50,10675,604.47,556.15,579.65
11604,2021-03-07 14:39:00,579.85,579.85,570.5,570.5,50,10675,604.47,556.15,579.65
11605,2021-03-07 14:40:00,579.85,579.85,570.5,570.5,50,10675,604.47,556.15,579.65
11606,2021-03-07 14:41:00,579.85,579.85,570.5,570.5,50,10675,604.47,556.15,579.65
11607,2021-03-07 14:42:00,579.85,579.85,570.5,570.5,50,10675,604.47,556.15,579.65
11608,2021-03-07 14:43:00,579.85,579.85,570.5,570.5,50,10675,604.47,556.15,579.65
11609,2021-03-07 14:44:00,579.85,579.85,570.5,570.5,50,10675,604.47,556.15,579.65
11610,2021-03-07 14:45:00,579.85,579.85,570.5,570.5,50,10675,604.47,556.15,579.65
11611,2021-03-07 14:46:00,579.85,579.85,570.5,570.5,50,10675,604.47,556.15,579.65
11612,2021-03-07 14:47:00,579.85,579.85,570.5,570.5,50,10675,604.47,556.15,579.65
11613,2021-03-07 14:48:00,579.85,579.85,570.5,570.5,50,10675,604.47,556.15,579.65
11614,2021-03-07 14:49:00,579.85,579.85,570.5,570.5,50,10675,604.47,556.15,579.65
11615,2021-03-07 14:50:00,579.85,579.85,570.5,570.5,50,10675,604.47,556.15,579.65
11616,2021-03-07 14:51:00,579.85,579.85,570.5,570.5,50,10675,604.47,556.15,579.65
11617,2021-03-07 14:52:00,579.85,579.85,570.5,570.5,50,10675,604.47,556.15,579.65
11618,2021-03-07 14:53:00,579.85,579.85,570.5,570.5,50,10675,604.47,556.15,579.65
11619,2021-03-07 14:54:00,579.85,579.85,570.5,570.5,50,10675,604.47,556.15,579.65
11620,2021-03-07 14:55:00,579.85,579.85,570.5,570.5,50,10675,604.47,556.15,579.65
11621,2021-03-07 14:56:00,579.85,579.85,570.5,570.5,50,10675,604.47,556.15,579.65
11622,2021-03-07 14:57:00,579.85,579.85,570.5,570.5,50,10675,604.47,556.15,579.65
11623,2021-03-07 14:58:00,579.85,579.85,570.5,570.5,50,10675,604.47,556.15,579.65
11624,2021-03-07 14:59:00,579.85,579.85,570.5,570.5,50,10675,604.47,556.15,579.65
11625,2021-03-07 15:00:00,579.85,579.85,570.5,570.5,50,10675,604.47,556.15,579.65
11626,2021-03-07 15:01:00,579.85,579.85,570.5,570.5,50,10675,604.47,556.15,579.65
11627,2021-03-07 15:02:00,579.85,579.85,570.5,570.5,50,10675,604.47,556.15,579.65
11628,2021-03-07 15:03:00,579.85,579.85,570.5,570.5,50,10675,604.47,556.15,579.65
11629,2021-03-07 15:04:00,579.85,579.85,570.5,570.5,50,10675,604.47,556.15,579.65
11630,2021-03-07 15:05:00,579.85,579.85,570.5,570.5,50,10675,604.47,556.15,579.65
11631,2021-03-07 15:06:00,579.85,579.85,570.5,570.5,50,10675,604.47,556.15,579.65
11632,2021-03-07 15:07:00,579.85,579.85,570.5,570.5,50,10675,604.47,556.15,579.65
11633,2021-03-07 15:08:00,579.85,579.85,570.5,570.5,50,10675,604.47,556.15,579.65
11634,2021-03-07 15:09:00,579.85,579.85,570.5,570.5,50,10675,604.47,556.15,579.65
11635,2021-03-07 15:10:00,579.85,579.85,570.5,570.5,50,10675,604.47,556.15,579.65
11636,2021-03-07 15:11:00,579.85,579.85,570.5,570.5,50,10675,604.47,556.15,579.65
11637,2021-03-07 15:12:00,579.85,579.85,570.5,570.5,50,10675,604.47,556.15,579.65
11638,2021-03-07 15:13:00,579.85,579.85,570.5,570.5,50,10675,604.47,556.15,579.65
11639,2021-03-07 15:14:00,579.85,579.85,570.5,570.5,50,10675,604.47,556.15,579.65
11640,2021-03-07 15:15:00,579.85,579.85,570.5,570.5,50,10675,604.47,556.15,579.65
11641,2021-03-07 15:16:00,579.85,579.85,570.5,570.5,50,10675,604.47,556.15,579.65
11642,2021-03-07 15:17:00,579.85,579.85,570.5,570.5,50,10675,604.47,556.15,579.65
11643,2021-03-07 15:18:00,579.85,579.85,570.5,570.5,50,10675,604.47,556.15,579.65
11644,2021-03-07 15:19:00,579.85,579.85,570.5,570.5,50,10675,604.47,556.15,579.65
11645,2021-03-07 15:20:00,579.85,579.85,570.5,570.5,50,10675,604.47,556.15,579.65
11646,2021-03-07 15:21:00,579.85,579.85,570.5,570.5,50,10675,604.47,556.15,579.65
11647,2021-03-07 15:22:00,579.85,579.85,570.5,570.5,50,10675,604.47,556.15,579.65
11648,2021-03-07 15:23:00,579.85,579.85,570.5,570.5,50,10675,604.47,556.15,579.65
11649,2021-03-07 15:24:00,579.85,579.85,570.5,570.5,50,10675,604.47,556.15,579.65
11650,2021-03-07 15:25:00,579.85,579.85,570.5,570.5,50,10675,604.47,556.15,579.65
11651,2021-03-07 15:26:00,579.85,579.85,570.5,570.5,50,10675,604.47,556.15,579.65
11652,2021-03-07 15:27:00,579.85,579.85,570.5,570.5,50,10675,604.47,556.15,579.65
11653,2021-03-07 15:28:00,579.85,579.85,570.5,570.5,50,10675,604.47,556.15,579.65
11654,2021-03-07 15:29:00,579.85,579.85,570.5,570.5,50,10675,604.47,556.15,579.65
11655,2021-03-07 15:30:00,579.85,579.85,570.5,570.5,50,10675,604.47,556.15,579.65
11656,2021-03-08 09:15:00,640.6,640.6,417.6,434.0,75,10550,497.4,423.9,632.55
11657,2021-03-08 09:16:00,640.6,640.6,417.6,434.0,75,10550,497.4,423.9,632.55
11658,2021-03-08 09:17:00,640.6,640.6,417.6,434.0,75,10550,497.4,423.9,632.55
11659,2021-03-08 09:18:00,640.6,640.6,417.6,434.0,75,10550,497.4,423.9,632.55
11660,2021-03-08 09:19:00,611.85,611.85,611.85,611.85,25,10550,526.01,607.45,620.35
11661,2021-03-08 09:20:00,618.7,625.85,601.3,601.3,175,10550,583.72,592.7,606.55
11662,2021-03-08 09:21:00,618.7,625.85,601.3,601.3,175,10550,583.72,592.7,606.55
11663,2021-03-08 09:22:00,605.65,605.65,605.65,605.65,150,10550,591.76,605.8,618.05
11664,2021-03-08 09:23:00,605.65,605.65,605.65,605.65,150,10550,591.76,605.8,618.05
11665,2021-03-08 09:24:00,637.1,637.1,637.1,637.1,375,10700,608.13,630.75,640.3
11666,2021-03-08 09:25:00,637.1,637.1,637.1,637.1,375,10700,608.13,630.75,640.3
11667,2021-03-08 09:26:00,620.05,648.15,620.05,620.05,275,10525,615.23,630.25,636.25
11668,2021-03-08 09:27:00,620.05,648.15,620.05,620.05,275,10525,615.23,630.25,636.25
11669,2021-03-08 09:28:00,621.75,621.75,621.75,621.75,150,0,617.29,630.5,639.95
11670,2021-03-08 09:29:00,621.75,621.75,621.75,621.75,150,0,617.29,630.5,639.95
11671,2021-03-08 09:30:00,654.0,654.0,654.0,654.0,75,10525,619.18,622.3,669.3
11672,2021-03-08 09:31:00,654.0,654.0,654.0,654.0,75,10525,619.18,622.3,669.3
11673,2021-03-08 09:32:00,661.15,671.75,661.15,661.15,225,10575,625.58,655.0,664.25
11674,2021-03-08 09:33:00,661.15,671.75,661.15,661.15,225,10575,625.58,655.0,664.25
11675,2021-03-08 09:34:00,655.6,655.6,655.6,655.6,100,10575,627.44,642.1,649.05
11676,2021-03-08 09:35:00,630.0,630.0,630.0,630.0,200,10600,627.88,627.5,637.6
11677,2021-03-08 09:36:00,630.0,630.0,630.0,630.0,200,10600,627.88,627.5,637.6
11678,2021-03-08 09:37:00,639.65,639.65,639.65,639.65,25,10600,628.04,651.05,660.3
11679,2021-03-08 09:38:00,650.1,650.1,650.1,650.1,100,10675,629.21,644.2,651.85
11680,2021-03-08 09:39:00,650.1,650.1,650.1,650.1,100,10675,629.21,644.2,651.85
11681,2021-03-08 09:40:00,641.3,641.3,641.3,641.3,100,10675,629.93,631.4,643.4
11682,2021-03-08 09:41:00,635.15,635.15,635.15,635.15,100,10675,630.05,625.6,636.2
11683,2021-03-08 09:42:00,635.15,635.15,635.15,635.15,100,10675,630.05,625.6,636.2
11684,2021-03-08 09:43:00,621.0,621.0,621.0,621.0,125,10700,629.97,613.9,626.85
11685,2021-03-08 09:44:00,621.0,621.0,621.0,621.0,125,10700,629.97,613.9,626.85
11686,2021-03-08 09:45:00,621.0,621.0,621.0,621.0,75,10725,629.68,613.2,625.85
11687,2021-03-08 09:46:00,616.25,616.25,616.25,616.25,275,10725,628.37,606.25,615.85
11688,2021-03-08 09:47:00,616.25,616.25,616.25,616.25,275,10725,628.37,606.25,615.85
11689,2021-03-08 09:48:00,611.75,611.75,611.75,611.75,2125,0,616.5,605.6,613.95
11690,2021-03-08 09:49:00,619.8,619.8,619.8,619.8,75,10800,616.51,614.05,635.15
11691,2021-03-08 09:50:00,619.8,619.8,619.8,619.8,75,10800,616.51,614.05,635.15
11692,2021-03-08 09:51:00,639.2,639.2,639.2,639.2,350,12325,618.22,637.35,647.95
11693,2021-03-08 09:52:00,639.2,639.2,639.2,639.2,350,12325,618.22,637.35,647.95
11694,2021-03-08 09:53:00,659.95,659.95,659.95,659.95,75,12250,618.74,652.75,656.95
11695,2021-03-08 09:54:00,653.9,653.9,653.9,653.9,175,12250,619.95,646.65,653.85
11696,2021-03-08 09:55:00,653.9,653.9,653.9,653.9,175,12250,619.95,646.65,653.85
11697,2021-03-08 09:56:00,661.85,661.85,661.85,661.85,150,11125,620.97,653.4,660.0
11698,2021-03-08 09:57:00,650.9,650.9,650.9,650.9,75,0,621.36,643.05,649.95
11699,2021-03-08 09:58:00,650.9,650.9,650.9,650.9,75,0,621.36,643.05,649.95
11700,2021-03-08 09:59:00,652.25,652.25,652.25,652.25,100,11225,621.87,654.3,665.8
11701,2021-03-08 10:00:00,652.25,652.25,652.25,652.25,100,11225,621.87,654.3,665.8
11702,2021-03-08 10:01:00,664.45,664.45,664.45,664.45,225,11225,623.47,652.45,661.9
11703,2021-03-08 10:02:00,665.3,665.3,665.3,665.3,150,11125,624.44,663.35,668.3
11704,2021-03-08 10:03:00,665.3,665.3,665.3,665.3,150,11125,624.44,663.35,668.3
11705,2021-03-08 10:04:00,665.1,665.1,665.1,665.1,100,11125,625.08,657.2,667.05
11706,2021-03-08 10:05:00,661.75,661.75,661.75,661.75,175,11050,626.17,651.2,659.6
11707,2021-03-08 10:06:00,661.75,661.75,661.75,661.75,175,11050,626.17,651.2,659.6
11708,2021-03-08 10:07:00,650.0,650.0,650.0,650.0,100,11050,626.59,652.85,657.9
11709,2021-03-08 10:08:00,639.1,639.1,639.1,639.1,75,11075,626.81,633.6,646.65
11710,2021-03-08 10:09:00,648.5,650.65,646.75,650.65,75,11075,627.05,644.6,654.15
11711,2021-03-08 10:10:00,648.5,650.65,646.75,650.65,75,11075,627.05,644.6,654.15
11712,2021-03-08 10:11:00,648.5,650.65,646.75,650.65,75,11075,627.05,644.6,654.15
11713,2021-03-08 10:12:00,648.5,650.65,646.75,650.65,75,11075,627.05,644.6,654.15
11714,2021-03-08 10:13:00,647.55,647.55,647.55,647.55,75,11050,627.3,640.85,647.0
11715,2021-03-08 10:14:00,647.55,647.55,647.55,647.55,75,11050,627.3,640.85,647.0
11716,2021-03-08 10:15:00,647.0,647.0,647.0,647.0,25,11050,627.37,647.15,653.5
11717,2021-03-08 10:16:00,632.65,632.65,632.65,632.65,75,11050,627.53,635.55,643.25
11718,2021-03-08 10:17:00,632.65,632.65,632.65,632.65,75,11050,627.53,635.55,643.25
11719,2021-03-08 10:18:00,629.4,629.4,629.4,629.4,225,11100,627.84,624.0,634.5
11720,2021-03-08 10:19:00,630.05,630.05,630.05,630.05,75,11100,627.83,627.4,632.55
11721,2021-03-08 10:20:00,614.1,614.1,614.1,614.1,50,11100,627.74,630.45,634.55
11722,2021-03-08 10:21:00,614.1,614.1,614.1,614.1,50,11100,627.74,630.45,634.55
11723,2021-03-08 10:22:00,614.1,614.1,614.1,614.1,50,11100,627.74,630.45,634.55
11724,2021-03-08 10:23:00,650.35,650.35,650.35,650.35,100,0,627.94,642.45,650.4
11725,2021-03-08 10:24:00,650.35,650.35,650.35,650.35,100,0,627.94,642.45,650.4
11726,2021-03-08 10:25:00,636.05,636.05,636.05,636.05,50,11075,628.0,629.25,637.7
11727,2021-03-08 10:26:00,633.1,633.1,633.1,633.1,25,11075,628.01,619.4,628.35
11728,2021-03-08 10:27:00,633.1,633.1,633.1,633.1,25,11075,628.01,619.4,628.35
11729,2021-03-08 10:28:00,631.9,631.9,631.9,631.9,50,11025,628.04,618.95,626.8
11730,2021-03-08 10:29:00,616.9,616.9,616.9,616.9,75,11050,627.9,614.3,617.85
11731,2021-03-08 10:30:00,616.9,616.9,616.9,616.9,75,11050,627.9,614.3,617.85
11732,2021-03-08 10:31:00,615.4,615.4,615.4,615.4,25,11050,627.86,611.0,614.85
11733,2021-03-08 10:32:00,615.4,615.4,615.4,615.4,25,11050,627.86,611.0,614.85
11734,2021-03-08 10:33:00,594.35,594.35,594.35,594.35,125,11050,627.46,592.65,598.6
11735,2021-03-08 10:34:00,592.0,592.0,592.0,592.0,275,11050,625.98,585.8,594.85
11736,2021-03-08 10:35:00,592.0,592.0,592.0,592.0,275,11050,625.98,585.8,594.85
11737,2021-03-08 10:36:00,579.5,579.5,579.5,579.5,150,11225,625.26,579.9,586.2
11738,2021-03-08 10:37:00,579.5,579.5,579.5,579.5,150,11225,625.26,579.9,586.2
11739,2021-03-08 10:38:00,580.0,580.0,580.0,580.0,125,11275,624.7,576.1,582.5
11740,2021-03-08 10:39:00,564.4,564.4,564.4,564.4,325,11275,622.77,559.25,564.2
11741,2021-03-08 10:40:00,564.4,564.4,564.4,564.4,325,11275,622.77,559.25,564.2
11742,2021-03-08 10:41:00,545.05,545.05,545.05,545.05,250,11500,620.69,543.9,550.9
11743,2021-03-08 10:42:00,545.05,545.05,545.05,545.05,250,11500,620.69,543.9,550.9
11744,2021-03-08 10:43:00,533.55,533.55,533.55,533.55,175,11500,619.04,529.45,537.7
11745,2021-03-08 10:44:00,533.55,533.55,533.55,533.55,175,11500,619.04,529.45,537.7
11746,2021-03-08 10:45:00,486.75,492.3,486.75,492.3,200,11550,616.15,469.5,481.15
11747,2021-03-08 10:46:00,469.55,469.55,458.25,458.25,150,11550,613.69,462.7,472.2
11748,2021-03-08 10:47:00,474.75,474.75,474.75,474.75,25,11550,613.32,482.45,489.8
11749,2021-03-08 10:48:00,474.75,474.75,474.75,474.75,25,11550,613.32,482.45,489.8
11750,2021-03-08 10:49:00,500.55,500.55,500.55,500.55,200,11625,610.8,496.35,507.45
11751,2021-03-08 10:50:00,500.55,500.55,500.55,500.55,200,11625,610.8,496.35,507.45
11752,2021-03-08 10:51:00,509.65,509.65,509.65,509.65,150,11450,609.15,506.35,515.2
11753,2021-03-08 10:52:00,509.65,509.65,509.65,509.65,150,11450,609.15,506.35,515.2
11754,2021-03-08 10:53:00,517.5,517.5,517.5,517.5,50,11425,608.66,506.65,512.1
11755,2021-03-08 10:54:00,517.5,517.5,517.5,517.5,50,11425,608.66,506.65,512.1
11756,2021-03-08 10:55:00,497.1,497.1,497.1,497.1,200,11425,606.64,484.95,496.15
11757,2021-03-08 10:56:00,497.1,497.1,497.1,497.1,200,11425,606.64,484.95,496.15
11758,2021-03-08 10:57:00,506.05,506.05,506.05,506.05,50,11375,606.11,499.45,505.15
11759,2021-03-08 10:58:00,506.05,506.05,506.05,506.05,50,11375,606.11,499.45,505.15
11760,2021-03-08 10:59:00,513.45,513.45,513.45,513.45,125,11375,604.91,514.95,519.4
11761,2021-03-08 11:00:00,513.45,513.45,513.45,513.45,125,11375,604.91,514.95,519.4
11762,2021-03-08 11:01:00,496.85,496.85,496.85,496.85,25,11425,604.64,488.65,495.2
11763,2021-03-08 11:02:00,497.6,497.6,497.6,497.6,100,11475,603.6,499.05,503.95
11764,2021-03-08 11:03:00,497.6,497.6,497.6,497.6,100,11475,603.6,499.05,503.95
11765,2021-03-08 11:04:00,491.5,491.5,491.5,491.5,150,11475,601.99,493.35,497.2
11766,2021-03-08 11:05:00,491.5,491.5,491.5,491.5,150,11475,601.99,493.35,497.2
11767,2021-03-08 11:06:00,496.25,496.25,496.25,496.25,375,11500,598.17,487.85,493.1
11768,2021-03-08 11:07:00,496.25,496.25,496.25,496.25,375,11500,598.17,487.85,493.1
11769,2021-03-08 11:08:00,502.45,502.45,502.45,502.45,75,0,597.49,497.5,506.3
11770,2021-03-08 11:09:00,502.45,502.45,502.45,502.45,75,0,597.49,497.5,506.3
11771,2021-03-08 11:10:00,510.45,510.45,510.45,510.45,25,11475,597.29,505.35,510.7
11772,2021-03-08 11:11:00,513.9,513.9,513.9,513.9,100,11500,596.52,509.55,517.75
11773,2021-03-08 11:12:00,513.9,513.9,513.9,513.9,100,11500,596.52,509.55,517.75
11774,2021-03-08 11:13:00,512.0,512.0,512.0,512.0,50,11500,596.13,510.85,516.75
11775,2021-03-08 11:14:00,512.0,512.0,512.0,512.0,50,11500,596.13,510.85,516.75
11776,2021-03-08 11:15:00,519.2,519.2,519.2,519.2,275,11525,594.25,513.15,524.4
11777,2021-03-08 11:16:00,519.2,519.2,519.2,519.2,275,11525,594.25,513.15,524.4
11778,2021-03-08 11:17:00,509.95,509.95,509.95,509.95,50,11525,593.89,510.15,518.65
11779,2021-03-08 11:18:00,509.95,509.95,509.95,509.95,50,11525,593.89,510.15,518.65
11780,2021-03-08 11:19:00,532.85,532.85,532.85,532.85,100,11375,593.32,526.6,545.9
11781,2021-03-08 11:20:00,532.85,532.85,532.85,532.85,100,11375,593.32,526.6,545.9
11782,2021-03-08 11:21:00,522.25,522.25,522.25,522.25,175,11375,592.3,518.25,527.55
11783,2021-03-08 11:22:00,522.25,522.25,522.25,522.25,175,11375,592.3,518.25,527.55
11784,2021-03-08 11:23:00,514.85,514.85,514.85,514.85,75,0,591.81,515.15,521.4
11785,2021-03-08 11:24:00,514.85,514.85,514.85,514.85,75,0,591.81,515.15,521.4
11786,2021-03-08 11:25:00,515.0,515.0,515.0,515.0,25,11400,591.64,508.15,518.15
11787,2021-03-08 11:26:00,515.0,515.0,515.0,515.0,25,11400,591.64,508.15,518.15
11788,2021-03-08 11:27:00,515.0,515.0,515.0,515.0,25,11400,591.64,508.15,518.15
11789,2021-03-08 11:28:00,515.0,515.0,515.0,515.0,25,11400,591.64,508.15,518.15
11790,2021-03-08 11:29:00,515.0,515.0,515.0,515.0,25,11400,591.64,508.15,518.15
11791,2021-03-08 11:30:00,511.55,511.55,511.55,511.55,150,11350,590.59,510.7,515.9
11792,2021-03-08 11:31:00,511.55,511.55,511.55,511.55,150,11350,590.59,510.7,515.9
11793,2021-03-08 11:32:00,511.55,511.55,511.55,511.55,150,11350,590.59,510.7,515.9
11794,2021-03-08 11:33:00,511.55,511.55,511.55,511.55,150,11350,590.59,510.7,515.9
11795,2021-03-08 11:34:00,525.05,525.05,525.05,525.05,25,11325,590.45,521.45,525.95
11796,2021-03-08 11:35:00,521.8,521.8,521.8,521.8,50,11325,590.18,521.8,525.95
11797,2021-03-08 11:36:00,521.8,521.8,521.8,521.8,50,11325,590.18,521.8,525.95
11798,2021-03-08 11:37:00,525.25,525.25,525.25,525.25,75,11325,589.78,516.35,527.5
11799,2021-03-08 11:38:00,525.25,525.25,525.25,525.25,75,11325,589.78,516.35,527.5
11800,2021-03-08 11:39:00,525.25,525.25,525.25,525.25,75,11325,589.78,516.35,527.5
11801,2021-03-08 11:40:00,525.25,525.25,525.25,525.25,75,11325,589.78,516.35,527.5
11802,2021-03-08 11:41:00,510.8,510.8,510.8,510.8,50,11275,589.46,503.15,508.55
11803,2021-03-08 11:42:00,505.3,505.3,505.3,505.3,400,11350,586.71,501.0,506.3
11804,2021-03-08 11:43:00,505.3,505.3,505.3,505.3,400,11350,586.71,501.0,506.3
11805,2021-03-08 11:44:00,504.1,504.1,504.1,504.1,50,11525,586.38,502.85,509.9
11806,2021-03-08 11:45:00,504.1,504.1,504.1,504.1,50,11525,586.38,502.85,509.9
11807,2021-03-08 11:46:00,499.65,499.65,499.65,499.65,25,11525,586.2,494.6,501.6
11808,2021-03-08 11:47:00,499.65,499.65,499.65,499.65,25,11525,586.2,494.6,501.6
11809,2021-03-08 11:48:00,497.7,497.7,497.7,497.7,100,11450,585.47,510.55,516.25
11810,2021-03-08 11:49:00,507.65,507.65,507.65,507.65,200,11450,584.24,504.75,511.4
11811,2021-03-08 11:50:00,507.65,507.65,507.65,507.65,200,11450,584.24,504.75,511.4
11812,2021-03-08 11:51:00,500.7,500.7,500.7,500.7,100,11425,583.6,498.8,504.8
11813,2021-03-08 11:52:00,500.7,500.7,500.7,500.7,100,11425,583.6,498.8,504.8
11814,2021-03-08 11:53:00,512.45,512.45,512.45,512.45,25,11425,583.46,511.75,516.2
11815,2021-03-08 11:54:00,506.2,506.2,506.2,506.2,25,11400,583.31,501.15,509.35
11816,2021-03-08 11:55:00,506.2,506.2,506.2,506.2,25,11400,583.31,501.15,509.35
11817,2021-03-08 11:56:00,510.7,510.7,510.7,510.7,50,11400,583.03,506.55,514.45
11818,2021-03-08 11:57:00,510.7,510.7,510.7,510.7,50,11400,583.03,506.55,514.45
11819,2021-03-08 11:58:00,508.05,508.05,508.05,508.05,300,11325,581.44,504.5,509.55
11820,2021-03-08 11:59:00,500.15,500.15,500.15,500.15,200,11500,580.27,496.05,502.95
11821,2021-03-08 12:00:00,500.15,500.15,500.15,500.15,200,11500,580.27,496.05,502.95
11822,2021-03-08 12:01:00,503.5,503.5,503.5,503.5,200,11500,579.14,501.5,507.05
11823,2021-03-08 12:02:00,503.5,503.5,503.5,503.5,200,11500,579.14,501.5,507.05
11824,2021-03-08 12:03:00,502.3,502.3,502.3,502.3,50,0,578.85,500.2,507.3
11825,2021-03-08 12:04:00,503.55,503.55,503.55,503.55,25,11550,578.71,499.2,507.7
11826,2021-03-08 12:05:00,503.55,503.55,503.55,503.55,25,11550,578.71,499.2,507.7
11827,2021-03-08 12:06:00,499.65,499.65,499.65,499.65,50,11575,578.42,484.6,492.2
11828,2021-03-08 12:07:00,499.65,499.65,499.65,499.65,50,11575,578.42,484.6,492.2
11829,2021-03-08 12:08:00,484.2,484.2,484.2,484.2,125,11575,577.61,458.45,489.7
11830,2021-03-08 12:09:00,486.3,486.3,486.3,486.3,50,11550,577.28,481.4,485.6
11831,2021-03-08 12:10:00,486.3,486.3,486.3,486.3,50,11550,577.28,481.4,485.6
11832,2021-03-08 12:11:00,489.25,489.25,489.25,489.25,150,11550,576.33,489.85,493.25
11833,2021-03-08 12:12:00,489.25,489.25,489.25,489.25,150,11550,576.33,489.85,493.25
11834,2021-03-08 12:13:00,493.9,493.9,493.9,493.9,100,0,575.73,492.55,497.25
11835,2021-03-08 12:14:00,493.9,493.9,493.9,493.9,100,0,575.73,492.55,497.25
11836,2021-03-08 12:15:00,493.9,493.9,493.9,493.9,100,0,575.73,492.55,497.25
11837,2021-03-08 12:16:00,493.9,493.9,493.9,493.9,100,0,575.73,492.55,497.25
11838,2021-03-08 12:17:00,500.1,500.1,500.1,500.1,25,11500,575.6,497.55,501.6
11839,2021-03-08 12:18:00,500.1,500.1,500.1,500.1,25,11500,575.6,497.55,501.6
11840,2021-03-08 12:19:00,499.7,499.7,499.7,499.7,50,11525,575.34,504.05,508.4
11841,2021-03-08 12:20:00,499.55,499.55,499.55,499.55,25,0,575.21,496.55,505.5
11842,2021-03-08 12:21:00,499.55,499.55,499.55,499.55,25,0,575.21,496.55,505.5
11843,2021-03-08 12:22:00,508.6,508.6,508.6,508.6,200,11550,574.3,506.65,511.45
11844,2021-03-08 12:23:00,508.6,508.6,508.6,508.6,200,11550,574.3,506.65,511.45
11845,2021-03-08 12:24:00,510.1,510.1,510.1,510.1,25,11525,574.19,510.3,514.7
11846,2021-03-08 12:25:00,510.3,510.3,510.3,510.3,25,0,574.08,508.6,513.65
11847,2021-03-08 12:26:00,508.5,508.5,508.5,508.5,50,11525,573.87,503.5,508.55
11848,2021-03-08 12:27:00,508.5,508.5,508.5,508.5,50,11525,573.87,503.5,508.55
11849,2021-03-08 12:28:00,508.5,508.5,508.5,508.5,50,11525,573.87,503.5,508.55
11850,2021-03-08 12:29:00,507.05,507.05,507.05,507.05,25,11550,573.75,503.8,508.5
11851,2021-03-08 12:30:00,507.05,507.05,507.05,507.05,25,11550,573.75,503.8,508.5
11852,2021-03-08 12:31:00,508.8,508.8,508.8,508.8,125,11575,573.16,508.75,514.2
11853,2021-03-08 12:32:00,508.8,508.8,508.8,508.8,125,11575,573.16,508.75,514.2
11854,2021-03-08 12:33:00,520.35,520.35,520.35,520.35,125,11450,572.7,515.55,524.0
11855,2021-03-08 12:34:00,520.35,520.35,520.35,520.35,125,11450,572.7,515.55,524.0
11856,2021-03-08 12:35:00,519.2,519.2,519.2,519.2,25,0,572.61,518.2,524.6
11857,2021-03-08 12:36:00,519.2,519.2,519.2,519.2,25,0,572.61,518.2,524.6
11858,2021-03-08 12:37:00,516.1,516.1,516.1,516.1,75,11450,572.32,510.8,515.05
11859,2021-03-08 12:38:00,516.1,516.1,516.1,516.1,75,11450,572.32,510.8,515.05
11860,2021-03-08 12:39:00,506.4,506.4,506.4,506.4,50,11475,572.12,495.9,501.9
11861,2021-03-08 12:40:00,506.4,506.4,506.4,506.4,50,11475,572.12,495.9,501.9
11862,2021-03-08 12:41:00,501.95,501.95,501.95,501.95,75,11475,571.78,498.8,504.6
11863,2021-03-08 12:42:00,488.6,488.6,488.6,488.6,125,11525,571.13,483.85,490.2
11864,2021-03-08 12:43:00,488.6,488.6,488.6,488.6,125,11525,571.13,483.85,490.2
11865,2021-03-08 12:44:00,486.75,486.75,486.75,486.75,50,11525,570.86,483.8,492.95
11866,2021-03-08 12:45:00,486.75,486.75,486.75,486.75,50,11525,570.86,483.8,492.95
11867,2021-03-08 12:46:00,470.5,470.5,470.5,470.5,50,11600,570.55,466.0,476.25
11868,2021-03-08 12:47:00,470.5,470.5,470.5,470.5,50,11600,570.55,466.0,476.25
11869,2021-03-08 12:48:00,476.65,476.65,476.65,476.65,175,11575,569.45,474.3,482.95
11870,2021-03-08 12:49:00,480.55,480.55,480.55,480.55,25,0,569.31,478.4,485.75
11871,2021-03-08 12:50:00,480.7,480.7,480.7,480.7,25,11575,569.17,483.3,487.4
11872,2021-03-08 12:51:00,480.7,480.7,480.7,480.7,25,11575,569.17,483.3,487.4
11873,2021-03-08 12:52:00,467.45,467.45,467.45,467.45,150,11575,568.26,467.45,473.3
11874,2021-03-08 12:53:00,467.45,467.45,467.45,467.45,150,11575,568.26,467.45,473.3
11875,2021-03-08 12:54:00,459.1,459.1,459.1,459.1,50,0,567.92,454.85,463.75
11876,2021-03-08 12:55:00,459.1,459.1,459.1,459.1,50,0,567.92,454.85,463.75
11877,2021-03-08 12:56:00,476.15,476.15,476.15,476.15,150,11550,567.01,472.3,490.2
11878,2021-03-08 12:57:00,476.7,476.7,476.7,476.7,300,11350,565.38,474.1,479.45
11879,2021-03-08 12:58:00,476.7,476.7,476.7,476.7,300,11350,565.38,474.1,479.45
11880,2021-03-08 12:59:00,472.5,472.5,472.5,472.5,25,0,565.24,470.7,475.7
11881,2021-03-08 13:00:00,483.5,483.5,483.5,483.5,125,11400,564.6,482.15,490.2
11882,2021-03-08 13:01:00,483.5,483.5,483.5,483.5,125,11400,564.6,482.15,490.2
11883,2021-03-08 13:02:00,482.3,482.3,482.3,482.3,50,0,564.35,476.25,481.1
11884,2021-03-08 13:03:00,482.3,482.3,482.3,482.3,50,0,564.35,476.25,481.1
11885,2021-03-08 13:04:00,483.85,483.85,483.85,483.85,200,11325,563.34,478.4,482.6
11886,2021-03-08 13:05:00,478.35,478.35,478.35,478.35,125,11325,562.7,474.7,480.95
11887,2021-03-08 13:06:00,478.15,478.15,478.15,478.15,100,11450,562.2,476.45,482.3
11888,2021-03-08 13:07:00,478.15,478.15,478.15,478.15,100,11450,562.2,476.45,482.3
11889,2021-03-08 13:08:00,478.15,478.15,478.15,478.15,100,11450,562.2,476.45,482.3
11890,2021-03-08 13:09:00,476.3,476.3,476.3,476.3,50,11450,561.95,472.25,477.8
11891,2021-03-08 13:10:00,476.3,476.3,476.3,476.3,50,11450,561.95,472.25,477.8
11892,2021-03-08 13:11:00,489.25,489.25,489.25,489.25,75,11450,561.59,485.45,491.0
11893,2021-03-08 13:12:00,489.25,489.25,489.25,489.25,75,11450,561.59,485.45,491.0
11894,2021-03-08 13:13:00,494.15,494.15,494.15,494.15,100,0,561.19,494.3,500.45
11895,2021-03-08 13:14:00,489.45,489.45,489.45,489.45,175,11400,560.5,486.7,492.9
11896,2021-03-08 13:15:00,489.45,489.45,489.45,489.45,175,11400,560.5,486.7,492.9
11897,2021-03-08 13:16:00,492.0,492.0,492.0,492.0,125,11475,560.01,489.8,493.6
11898,2021-03-08 13:17:00,492.0,492.0,492.0,492.0,125,11475,560.01,489.8,493.6
11899,2021-03-08 13:18:00,501.65,501.65,501.65,501.65,50,11425,559.84,492.95,497.85
11900,2021-03-08 13:19:00,487.8,487.8,487.8,487.8,150,11425,559.27,483.95,489.15
11901,2021-03-08 13:20:00,487.8,487.8,487.8,487.8,150,11425,559.27,483.95,489.15
11902,2021-03-08 13:21:00,487.8,487.8,487.8,487.8,150,11425,559.27,483.95,489.15
11903,2021-03-08 13:22:00,480.4,480.4,480.4,480.4,25,11475,559.16,472.4,480.4
11904,2021-03-08 13:23:00,480.4,480.4,480.4,480.4,25,11475,559.16,472.4,480.4
11905,2021-03-08 13:24:00,479.8,479.8,479.8,479.8,100,0,558.71,478.8,483.5
11906,2021-03-08 13:25:00,479.8,479.8,479.8,479.8,100,0,558.71,478.8,483.5
11907,2021-03-08 13:26:00,479.8,479.8,479.8,479.8,100,0,558.71,478.8,483.5
11908,2021-03-08 13:27:00,479.8,479.8,479.8,479.8,100,0,558.71,478.8,483.5
11909,2021-03-08 13:28:00,476.3,476.3,476.3,476.3,100,11475,558.24,474.45,478.4
11910,2021-03-08 13:29:00,476.3,476.3,476.3,476.3,100,11475,558.24,474.45,478.4
11911,2021-03-08 13:30:00,483.95,483.95,483.95,483.95,125,11525,557.67,480.05,486.15
11912,2021-03-08 13:31:00,480.65,480.65,480.65,480.65,25,11525,557.57,486.3,488.95
11913,2021-03-08 13:32:00,480.65,480.65,480.65,480.65,25,11525,557.57,486.3,488.95
11914,2021-03-08 13:33:00,490.3,490.3,490.3,490.3,100,11450,557.2,485.0,491.85
11915,2021-03-08 13:34:00,482.45,482.45,482.45,482.45,50,11450,557.0,468.65,474.1
11916,2021-03-08 13:35:00,482.45,482.45,482.45,482.45,50,11450,557.0,468.65,474.1
11917,2021-03-08 13:36:00,464.3,464.3,464.3,464.3,150,11500,556.25,465.3,469.3
11918,2021-03-08 13:37:00,464.3,464.3,464.3,464.3,150,11500,556.25,465.3,469.3
11919,2021-03-08 13:38:00,459.35,459.35,459.35,459.35,50,11500,555.99,463.15,467.15
11920,2021-03-08 13:39:00,459.35,459.35,459.35,459.35,50,11500,555.99,463.15,467.15
11921,2021-03-08 13:40:00,436.95,436.95,436.95,436.95,300,11550,554.3,439.35,451.45
11922,2021-03-08 13:41:00,436.95,436.95,436.95,436.95,300,11550,554.3,439.35,451.45
11923,2021-03-08 13:42:00,448.3,448.3,448.3,448.3,250,11550,552.91,444.8,448.8
11924,2021-03-08 13:43:00,448.3,448.3,448.3,448.3,250,11550,552.91,444.8,448.8
11925,2021-03-08 13:44:00,448.3,448.3,448.3,448.3,250,11550,552.91,444.8,448.8
11926,2021-03-08 13:45:00,453.9,453.9,453.9,453.9,50,11450,552.65,462.7,467.0
11927,2021-03-08 13:46:00,453.9,453.9,453.9,453.9,50,11450,552.65,462.7,467.0
11928,2021-03-08 13:47:00,462.4,462.4,462.4,462.4,75,0,552.3,460.0,470.85
11929,2021-03-08 13:48:00,462.4,462.4,462.4,462.4,75,0,552.3,460.0,470.85
11930,2021-03-08 13:49:00,458.25,458.25,458.25,458.25,125,11475,551.68,448.15,455.0
11931,2021-03-08 13:50:00,440.0,440.0,440.0,440.0,175,11475,550.72,435.95,442.2
11932,2021-03-08 13:51:00,440.0,440.0,440.0,440.0,175,11475,550.72,435.95,442.2
11933,2021-03-08 13:52:00,436.1,436.1,436.1,436.1,175,11550,549.72,440.9,446.5
11934,2021-03-08 13:53:00,436.1,436.1,436.1,436.1,175,11550,549.72,440.9,446.5
11935,2021-03-08 13:54:00,444.05,444.05,444.05,444.05,50,11550,549.45,441.65,451.65
11936,2021-03-08 13:55:00,444.05,444.05,444.05,444.05,50,11550,549.45,441.65,451.65
11937,2021-03-08 13:56:00,444.05,444.05,444.05,444.05,50,11550,549.45,441.65,451.65
11938,2021-03-08 13:57:00,454.45,454.45,454.45,454.45,175,11550,548.51,452.3,457.35
11939,2021-03-08 13:58:00,454.45,454.45,454.45,454.45,175,11550,548.51,452.3,457.35
11940,2021-03-08 13:59:00,462.6,462.6,462.6,462.6,125,11550,547.95,456.35,464.8
11941,2021-03-08 14:00:00,462.6,462.6,462.6,462.6,125,11550,547.95,456.35,464.8
11942,2021-03-08 14:01:00,461.9,461.9,461.9,461.9,75,11600,547.62,444.3,464.55
11943,2021-03-08 14:02:00,453.3,453.3,453.3,453.3,100,11600,547.15,452.95,460.4
11944,2021-03-08 14:03:00,453.3,453.3,453.3,453.3,100,11600,547.15,452.95,460.4
11945,2021-03-08 14:04:00,464.3,464.3,464.3,464.3,275,0,546.06,462.05,466.65
11946,2021-03-08 14:05:00,467.15,467.15,467.15,467.15,25,11675,545.96,462.0,469.9
11947,2021-03-08 14:06:00,467.15,467.15,467.15,467.15,25,11675,545.96,462.0,469.9
11948,2021-03-08 14:07:00,458.2,458.2,458.2,458.2,125,11550,545.46,456.35,461.9
11949,2021-03-08 14:08:00,458.2,458.2,458.2,458.2,125,11550,545.46,456.35,461.9
11950,2021-03-08 14:09:00,468.6,468.6,468.6,468.6,100,11400,545.08,466.2,468.6
11951,2021-03-08 14:10:00,474.4,474.4,474.4,474.4,125,11400,544.62,478.45,485.0
11952,2021-03-08 14:11:00,474.4,474.4,474.4,474.4,125,11400,544.62,478.45,485.0
11953,2021-03-08 14:12:00,487.3,487.3,487.3,487.3,100,11400,544.31,480.05,486.45
11954,2021-03-08 14:13:00,487.3,487.3,487.3,487.3,100,11400,544.31,480.05,486.45
11955,2021-03-08 14:14:00,481.85,481.85,481.85,481.85,175,0,543.81,470.4,481.55
11956,2021-03-08 14:15:00,481.85,481.85,481.85,481.85,175,0,543.81,470.4,481.55
11957,2021-03-08 14:16:00,482.3,482.3,482.3,482.3,50,11350,543.66,478.65,487.1
11958,2021-03-08 14:17:00,482.3,482.3,482.3,482.3,50,11350,543.66,478.65,487.1
11959,2021-03-08 14:18:00,476.75,476.75,476.75,476.75,75,11375,543.42,474.55,480.35
11960,2021-03-08 14:19:00,490.9,490.9,490.9,490.9,150,11375,543.01,489.2,493.75
11961,2021-03-08 14:20:00,490.9,490.9,490.9,490.9,150,11375,543.01,489.2,493.75
11962,2021-03-08 14:21:00,522.8,522.8,522.8,522.8,200,11350,542.66,516.25,524.5
11963,2021-03-08 14:22:00,522.8,522.8,522.8,522.8,200,11350,542.66,516.25,524.5
11964,2021-03-08 14:23:00,533.15,533.15,533.15,533.15,150,11350,542.51,533.7,536.6
11965,2021-03-08 14:24:00,533.15,533.15,533.15,533.15,150,11350,542.51,533.7,536.6
11966,2021-03-08 14:25:00,547.5,547.5,547.5,547.5,300,11250,542.54,542.75,545.0
11967,2021-03-08 14:26:00,547.5,547.5,547.5,547.5,300,11250,542.54,542.75,545.0
11968,2021-03-08 14:27:00,525.05,525.05,525.05,525.05,150,11300,542.48,527.8,532.4
11969,2021-03-08 14:28:00,525.05,525.05,525.05,525.05,150,11300,542.48,527.8,532.4
11970,2021-03-08 14:29:00,532.0,532.0,532.0,532.0,75,11300,542.43,523.15,531.1
11971,2021-03-08 14:30:00,530.5,530.5,530.5,530.5,100,11250,542.4,524.7,528.75
11972,2021-03-08 14:31:00,530.5,530.5,530.5,530.5,100,11250,542.4,524.7,528.75
11973,2021-03-08 14:32:00,525.35,525.35,525.35,525.35,50,11250,542.36,528.1,531.95
11974,2021-03-08 14:33:00,525.35,525.35,525.35,525.35,50,11250,542.36,528.1,531.95
11975,2021-03-08 14:34:00,535.8,535.8,535.8,535.8,150,11275,542.28,532.6,537.15
11976,2021-03-08 14:35:00,505.95,505.95,505.95,505.95,300,11275,541.95,508.45,515.75
11977,2021-03-08 14:36:00,505.95,505.95,505.95,505.95,300,11275,541.95,508.45,515.75
11978,2021-03-08 14:37:00,523.5,523.5,523.5,523.5,150,11275,541.8,516.05,522.8
11979,2021-03-08 14:38:00,523.5,523.5,523.5,523.5,150,11275,541.8,516.05,522.8
11980,2021-03-08 14:39:00,520.8,520.8,520.8,520.8,75,11275,541.72,529.4,534.45
11981,2021-03-08 14:40:00,520.8,520.8,520.8,520.8,75,11275,541.72,529.4,534.45
11982,2021-03-08 14:41:00,552.3,552.3,552.3,552.3,300,11300,541.68,551.05,556.6
11983,2021-03-08 14:42:00,552.3,552.3,552.3,552.3,300,11300,541.68,551.05,556.6
11984,2021-03-08 14:43:00,542.7,542.7,542.7,542.7,175,0,541.77,537.85,542.75
11985,2021-03-08 14:44:00,542.7,542.7,542.7,542.7,175,0,541.77,537.85,542.75
11986,2021-03-08 14:45:00,542.7,542.7,542.7,542.7,175,0,541.77,537.85,542.75
11987,2021-03-08 14:46:00,536.65,536.65,536.65,536.65,50,11225,541.76,535.6,539.6
11988,2021-03-08 14:47:00,536.65,536.65,536.65,536.65,50,11225,541.76,535.6,539.6
11989,2021-03-08 14:48:00,519.6,519.6,519.6,519.6,75,11300,541.71,523.6,529.9
11990,2021-03-08 14:49:00,526.2,526.2,526.2,526.2,50,0,541.69,523.5,530.4
11991,2021-03-08 14:50:00,526.2,526.2,526.2,526.2,50,0,541.69,523.5,530.4
11992,2021-03-08 14:51:00,516.8,516.8,516.8,516.8,125,11325,541.58,513.85,517.8
11993,2021-03-08 14:52:00,516.8,516.8,516.8,516.8,125,11325,541.58,513.85,517.8
11994,2021-03-08 14:53:00,509.85,509.85,509.85,509.85,250,11325,541.27,502.6,519.25
11995,2021-03-08 14:54:00,504.45,504.45,504.45,504.45,75,11325,541.16,497.65,506.9
11996,2021-03-08 14:55:00,504.45,504.45,504.45,504.45,75,11325,541.16,497.65,506.9
11997,2021-03-08 14:56:00,492.85,492.85,492.85,492.85,200,11300,540.79,489.55,496.05
11998,2021-03-08 14:57:00,492.85,492.85,492.85,492.85,200,11300,540.79,489.55,496.05
11999,2021-03-08 14:58:00,502.35,502.35,502.35,502.35,150,11350,540.56,499.2,503.2
12000,2021-03-08 14:59:00,502.35,502.35,502.35,502.35,150,11350,540.56,499.2,503.2
12001,2021-03-08 15:00:00,500.8,500.8,500.8,500.8,50,11325,540.48,493.5,498.1
12002,2021-03-08 15:01:00,500.8,500.8,500.8,500.8,50,11325,540.48,493.5,498.1
12003,2021-03-08 15:02:00,487.9,487.9,487.9,487.9,150,11325,540.21,480.45,487.1
12004,2021-03-08 15:03:00,487.9,487.9,487.9,487.9,150,11325,540.21,480.45,487.1
12005,2021-03-08 15:04:00,482.45,482.45,482.45,482.45,275,11325,539.6,473.6,481.75
12006,2021-03-08 15:05:00,482.45,482.45,482.45,482.45,275,11325,539.6,473.6,481.75
12007,2021-03-08 15:06:00,449.05,449.05,449.05,449.05,100,11375,539.29,444.25,455.85
12008,2021-03-08 15:07:00,449.05,449.05,449.05,449.05,100,11375,539.29,444.25,455.85
12009,2021-03-08 15:08:00,461.85,461.85,461.85,461.85,125,11375,538.88,457.4,464.3
12010,2021-03-08 15:09:00,460.3,460.3,460.3,460.3,25,0,538.8,455.95,461.3
12011,2021-03-08 15:10:00,460.3,460.3,460.3,460.3,25,0,538.8,455.95,461.3
12012,2021-03-08 15:11:00,460.0,460.0,460.0,460.0,75,11325,538.56,450.5,458.8
12013,2021-03-08 15:12:00,464.6,464.6,464.6,464.6,75,11325,538.34,461.15,469.1
12014,2021-03-08 15:13:00,464.6,464.6,464.6,464.6,75,11325,538.34,461.15,469.1
12015,2021-03-08 15:14:00,482.65,482.65,482.65,482.65,175,11325,537.94,482.0,486.65
12016,2021-03-08 15:15:00,482.65,482.65,482.65,482.65,175,11325,537.94,482.0,486.65
12017,2021-03-08 15:16:00,495.25,495.25,495.25,495.25,350,11425,537.24,487.1,500.1
12018,2021-03-08 15:17:00,487.9,487.9,487.9,487.9,25,11425,537.2,484.4,490.9
12019,2021-03-08 15:18:00,487.9,487.9,487.9,487.9,25,11425,537.2,484.4,490.9
12020,2021-03-08 15:19:00,487.9,487.9,487.9,487.9,25,11425,537.15,486.95,492.3
12021,2021-03-08 15:20:00,486.55,486.55,486.55,486.55,100,11425,536.96,482.1,486.85
12022,2021-03-08 15:21:00,486.55,486.55,486.55,486.55,100,11425,536.96,482.1,486.85
12023,2021-03-08 15:22:00,487.15,487.15,487.15,487.15,125,11475,536.72,485.05,490.1
12024,2021-03-08 15:23:00,487.15,487.15,487.15,487.15,125,11475,536.72,485.05,490.1
12025,2021-03-08 15:24:00,487.7,487.7,487.7,487.7,100,0,536.52,484.3,492.35
12026,2021-03-08 15:25:00,492.9,492.9,492.9,492.9,75,11500,536.4,490.85,498.25
12027,2021-03-08 15:26:00,492.9,492.9,492.9,492.9,75,11500,536.4,490.85,498.25
12028,2021-03-08 15:27:00,490.85,490.85,490.85,490.85,100,0,536.22,488.65,491.5
12029,2021-03-08 15:28:00,490.7,490.7,490.7,490.7,50,11450,536.14,486.85,492.75
12030,2021-03-08 15:29:00,490.7,490.7,490.7,490.7,50,11450,536.14,486.85,492.75
12031,2021-03-08 15:30:00,485.5,485.5,485.5,485.5,25,11450,536.09,477.9,509.0
12032,2021-03-09 09:15:00,485.5,485.5,485.5,485.5,25,11450,536.09,477.9,509.0
12033,2021-03-09 09:16:00,485.5,485.5,485.5,485.5,25,11450,536.09,477.9,509.0
12034,2021-03-09 09:17:00,614.15,614.15,566.4,594.1,800,11450,600.46,595.3,606.6
12035,2021-03-09 09:18:00,596.15,596.15,596.15,596.15,25,11450,600.33,589.5,602.65
12036,2021-03-09 09:19:00,590.55,590.55,590.55,590.55,25,11450,600.04,590.8,600.65
12037,2021-03-09 09:20:00,590.55,590.55,590.55,590.55,25,11450,600.04,590.8,600.65
12038,2021-03-09 09:21:00,610.0,610.0,610.0,610.0,200,11225,599.26,603.8,613.2
12039,2021-03-09 09:22:00,605.7,617.75,605.7,605.7,200,11225,601.15,606.25,615.05
12040,2021-03-09 09:23:00,605.7,617.75,605.7,605.7,200,11225,601.15,606.25,615.05
12041,2021-03-09 09:24:00,607.7,607.7,607.7,607.7,100,0,601.79,603.4,609.35
12042,2021-03-09 09:25:00,607.7,607.7,607.7,607.7,100,0,601.79,603.4,609.35
12043,2021-03-09 09:26:00,590.7,590.7,590.7,590.7,650,11175,604.69,592.3,602.75
12044,2021-03-09 09:27:00,582.2,582.2,582.2,582.2,50,11175,604.22,574.6,583.25
12045,2021-03-09 09:28:00,579.7,579.7,565.0,565.0,100,11175,602.79,533.55,569.85
12046,2021-03-09 09:29:00,579.7,579.7,565.0,565.0,100,11175,602.79,533.55,569.85
12047,2021-03-09 09:30:00,570.65,570.65,551.05,570.65,250,10925,598.61,558.95,568.1
12048,2021-03-09 09:31:00,570.65,570.65,551.05,570.65,250,10925,598.61,558.95,568.1
12049,2021-03-09 09:32:00,559.3,559.3,559.3,559.3,25,0,598.21,560.4,569.1
12050,2021-03-09 09:33:00,559.3,559.3,559.3,559.3,25,0,598.21,560.4,569.1
12051,2021-03-09 09:34:00,565.2,565.2,565.2,565.2,50,0,597.48,572.75,577.75
12052,2021-03-09 09:35:00,587.15,587.15,587.15,587.15,100,10925,597.07,590.2,597.65
12053,2021-03-09 09:36:00,587.15,587.15,587.15,587.15,100,10925,597.07,590.2,597.65
12054,2021-03-09 09:37:00,596.7,596.7,596.7,596.7,25,10925,597.06,593.0,596.7
12055,2021-03-09 09:38:00,596.7,596.7,596.7,596.7,25,10925,597.06,593.0,596.7
12056,2021-03-09 09:39:00,580.65,580.65,580.65,580.65,325,10925,596.34,585.3,591.45
12057,2021-03-09 09:40:00,590.25,590.25,590.25,590.25,2175,10925,594.23,579.8,587.9
12058,2021-03-09 09:41:00,590.25,590.25,590.25,590.25,2175,10925,594.23,579.8,587.9
12059,2021-03-09 09:42:00,574.45,574.45,574.45,574.45,325,10725,593.17,564.75,571.1
12060,2021-03-09 09:43:00,574.45,574.45,574.45,574.45,325,10725,593.17,564.75,571.1
12061,2021-03-09 09:44:00,566.2,566.2,566.2,566.2,25,10725,593.05,563.25,569.45
12062,2021-03-09 09:45:00,566.2,566.2,566.2,566.2,25,10725,593.05,563.25,569.45
12063,2021-03-09 09:46:00,564.6,564.6,564.6,564.6,25,10725,592.92,567.3,573.1
12064,2021-03-09 09:47:00,545.95,545.95,544.75,545.95,225,10725,591.34,545.0,553.6
12065,2021-03-09 09:48:00,545.95,545.95,544.75,545.95,225,10725,591.34,545.0,553.6
12066,2021-03-09 09:49:00,554.4,554.4,554.4,554.4,150,10725,590.38,553.3,557.95
12067,2021-03-09 09:50:00,554.4,554.4,554.4,554.4,150,10725,590.38,553.3,557.95
12068,2021-03-09 09:51:00,552.85,552.85,552.85,552.85,25,10650,590.22,542.15,554.3
12069,2021-03-09 09:52:00,552.85,552.85,552.85,552.85,25,10650,590.22,542.15,554.3
12070,2021-03-09 09:53:00,552.85,552.85,552.85,552.85,25,10650,590.22,542.15,554.3
12071,2021-03-09 09:54:00,578.5,578.5,578.5,578.5,100,10650,590.0,570.55,576.8
12072,2021-03-09 09:55:00,578.5,578.5,578.5,578.5,100,10650,590.0,570.55,576.8
12073,2021-03-09 09:56:00,578.5,578.5,578.5,578.5,100,10525,589.81,559.35,568.3
12074,2021-03-09 09:57:00,578.5,578.5,578.5,578.5,100,10525,589.81,559.35,568.3
12075,2021-03-09 09:58:00,590.0,590.0,590.0,590.0,50,10525,589.74,588.0,592.25
12076,2021-03-09 09:59:00,597.3,597.3,597.3,597.3,150,0,589.86,599.25,606.6
12077,2021-03-09 10:00:00,597.3,597.3,597.3,597.3,150,0,589.86,599.25,606.6
12078,2021-03-09 10:01:00,603.6,603.6,603.6,603.6,450,10500,591.0,593.95,601.2
12079,2021-03-09 10:02:00,603.6,603.6,603.6,603.6,450,10500,591.0,593.95,601.2
12080,2021-03-09 10:03:00,603.6,603.6,603.6,603.6,50,10725,591.09,598.0,604.95
12081,2021-03-09 10:04:00,603.6,603.6,603.6,603.6,50,10725,591.09,598.0,604.95
12082,2021-03-09 10:05:00,642.0,642.0,642.0,642.0,200,10675,592.06,639.45,647.95
12083,2021-03-09 10:06:00,642.0,642.0,642.0,642.0,200,10675,592.06,639.45,647.95
12084,2021-03-09 10:07:00,640.0,643.85,640.0,640.0,150,10675,593.08,630.25,635.8
12085,2021-03-09 10:08:00,640.0,643.85,640.0,640.0,150,10675,593.08,630.25,635.8
12086,2021-03-09 10:09:00,640.0,643.85,640.0,640.0,150,10675,593.08,630.25,635.8
12087,2021-03-09 10:10:00,640.0,643.85,640.0,640.0,150,10675,593.08,630.25,635.8
12088,2021-03-09 10:11:00,619.5,619.5,619.5,619.5,100,10625,593.59,616.05,622.9
12089,2021-03-09 10:12:00,619.5,619.5,619.5,619.5,100,10625,593.59,616.05,622.9
12090,2021-03-09 10:13:00,619.5,619.5,619.5,619.5,100,10625,593.59,616.05,622.9
12091,2021-03-09 10:14:00,595.55,595.55,595.55,595.55,150,0,593.77,597.85,602.35
12092,2021-03-09 10:15:00,595.55,595.55,595.55,595.55,150,0,593.77,597.85,602.35
12093,2021-03-09 10:16:00,581.1,581.1,581.1,581.1,75,10475,593.75,583.3,592.15
12094,2021-03-09 10:17:00,581.1,581.1,581.1,581.1,75,10475,593.75,583.3,592.15
12095,2021-03-09 10:18:00,581.1,581.1,581.1,581.1,75,10475,593.75,583.3,592.15
12096,2021-03-09 10:19:00,604.1,604.1,604.1,604.1,125,10450,593.9,601.55,607.05
12097,2021-03-09 10:20:00,604.1,604.1,604.1,604.1,125,10450,593.9,601.55,607.05
12098,2021-03-09 10:21:00,593.35,593.35,593.35,593.35,100,0,593.94,589.45,595.9
12099,2021-03-09 10:22:00,593.35,593.35,593.35,593.35,100,0,593.94,589.45,595.9
12100,2021-03-09 10:23:00,590.0,590.0,590.0,590.0,50,10575,593.91,587.25,595.1
12101,2021-03-09 10:24:00,594.25,594.25,594.25,594.25,150,10575,593.9,591.6,596.75
12102,2021-03-09 10:25:00,594.25,594.25,594.25,594.25,150,10575,593.9,591.6,596.75
12103,2021-03-09 10:26:00,589.0,589.0,589.0,589.0,25,10575,593.89,585.05,590.4
12104,2021-03-09 10:27:00,589.0,589.0,589.0,589.0,25,10575,593.89,585.05,590.4
12105,2021-03-09 10:28:00,593.5,593.5,593.5,593.5,25,0,593.88,595.75,600.35
12106,2021-03-09 10:29:00,596.35,596.35,596.35,596.35,25,10550,593.89,593.7,600.65
12107,2021-03-09 10:30:00,596.35,596.35,596.35,596.35,25,10550,593.89,593.7,600.65
12108,2021-03-09 10:31:00,600.15,600.15,600.15,600.15,125,0,593.84,598.55,602.65
12109,2021-03-09 10:32:00,600.15,600.15,600.15,600.15,125,0,593.84,598.55,602.65
12110,2021-03-09 10:33:00,609.3,609.3,609.3,609.3,75,10375,593.96,604.85,624.7
12111,2021-03-09 10:34:00,607.05,607.05,607.05,607.05,50,0,594.04,596.95,601.3
12112,2021-03-09 10:35:00,607.05,607.05,607.05,607.05,50,0,594.04,596.95,601.3
12113,2021-03-09 10:36:00,597.15,597.15,597.15,597.15,100,0,594.07,595.8,601.1
12114,2021-03-09 10:37:00,597.15,597.15,597.15,597.15,100,0,594.07,595.8,601.1
12115,2021-03-09 10:38:00,602.7,602.7,602.7,602.7,25,0,594.1,597.9,603.05
12116,2021-03-09 10:39:00,602.7,602.7,602.7,602.7,25,0,594.1,597.9,603.05
12117,2021-03-09 10:40:00,602.7,602.7,602.7,602.7,25,0,594.1,597.9,603.05
12118,2021-03-09 10:41:00,596.6,596.6,596.6,596.6,50,10300,594.11,593.25,596.75
12119,2021-03-09 10:42:00,596.6,596.6,596.6,596.6,50,10300,594.11,593.25,596.75
12120,2021-03-09 10:43:00,593.45,593.45,593.45,593.45,150,10300,594.12,587.6,594.5
12121,2021-03-09 10:44:00,566.4,566.4,566.4,566.4,100,0,593.82,569.7,576.75
12122,2021-03-09 10:45:00,566.4,566.4,566.4,566.4,100,0,593.82,569.7,576.75
12123,2021-03-09 10:46:00,583.95,583.95,583.95,583.95,275,10375,593.32,581.3,586.15
12124,2021-03-09 10:47:00,583.95,583.95,583.95,583.95,275,10375,593.32,581.3,586.15
12125,2021-03-09 10:48:00,587.2,587.2,587.2,587.2,200,10575,593.17,587.95,591.85
12126,2021-03-09 10:49:00,594.95,594.95,594.95,594.95,25,0,593.17,590.9,597.3
12127,2021-03-09 10:50:00,594.95,594.95,594.95,594.95,25,0,593.17,590.9,597.3
12128,2021-03-09 10:51:00,587.75,587.75,587.75,587.75,25,0,593.16,590.85,596.05
12129,2021-03-09 10:52:00,587.75,587.75,587.75,587.75,25,0,593.16,590.85,596.05
12130,2021-03-09 10:53:00,587.75,587.75,587.75,587.75,25,0,593.16,590.85,596.05
12131,2021-03-09 10:54:00,587.75,587.75,587.75,587.75,25,0,593.16,590.85,596.05
12132,2021-03-09 10:55:00,587.75,587.75,587.75,587.75,25,0,593.16,590.85,596.05
12133,2021-03-09 10:56:00,578.0,578.0,578.0,578.0,25,10425,593.12,575.0,580.45
12134,2021-03-09 10:57:00,578.0,578.0,578.0,578.0,25,10425,593.12,575.0,580.45
12135,2021-03-09 10:58:00,578.0,578.0,578.0,578.0,25,10425,593.12,575.0,580.45
12136,2021-03-09 10:59:00,578.0,578.0,578.0,578.0,25,10425,593.12,575.0,580.45
12137,2021-03-09 11:00:00,578.0,578.0,578.0,578.0,25,10425,593.12,575.0,580.45
12138,2021-03-09 11:01:00,611.2,611.2,611.2,611.2,425,10325,593.84,609.55,614.6
12139,2021-03-09 11:02:00,611.2,611.2,611.2,611.2,425,10325,593.84,609.55,614.6
12140,2021-03-09 11:03:00,611.2,611.2,611.2,611.2,425,10325,593.84,609.55,614.6
12141,2021-03-09 11:04:00,595.8,595.8,595.8,595.8,25,0,593.84,599.5,605.3
12142,2021-03-09 11:05:00,595.8,595.8,595.8,595.8,25,0,593.84,599.5,605.3
12143,2021-03-09 11:06:00,598.2,598.2,598.2,598.2,25,10625,593.86,595.0,598.9
12144,2021-03-09 11:07:00,598.2,598.2,598.2,598.2,25,10625,593.86,595.0,598.9
12145,2021-03-09 11:08:00,598.7,598.7,598.7,598.7,50,10625,593.87,599.15,602.8
12146,2021-03-09 11:09:00,598.7,598.7,598.7,598.7,50,10625,593.87,599.15,602.8
12147,2021-03-09 11:10:00,598.7,598.7,598.7,598.7,50,10625,593.87,599.15,602.8
12148,2021-03-09 11:11:00,603.8,603.8,603.8,603.8,300,10650,594.27,608.3,613.2
12149,2021-03-09 11:12:00,604.7,604.7,604.7,604.7,50,0,594.33,603.4,608.9
12150,2021-03-09 11:13:00,604.7,604.7,604.7,604.7,50,0,594.33,603.4,608.9
12151,2021-03-09 11:14:00,604.75,604.75,604.75,604.75,75,10475,594.4,598.85,605.05
12152,2021-03-09 11:15:00,604.75,604.75,604.75,604.75,75,10475,594.4,598.85,605.05
12153,2021-03-09 11:16:00,604.75,604.75,604.75,604.75,75,10475,594.4,598.85,605.05
12154,2021-03-09 11:17:00,604.05,604.05,604.05,604.05,25,0,594.42,600.6,605.95
12155,2021-03-09 11:18:00,604.05,604.05,604.05,604.05,25,0,594.42,600.6,605.95
12156,2021-03-09 11:19:00,626.95,626.95,626.95,626.95,125,10425,594.76,620.75,627.3
12157,2021-03-09 11:20:00,626.95,626.95,626.95,626.95,125,10425,594.76,620.75,627.3
12158,2021-03-09 11:21:00,630.95,630.95,630.95,630.95,125,10575,595.13,629.6,634.65
12159,2021-03-09 11:22:00,640.95,640.95,640.95,640.95,25,0,595.24,627.85,632.35
12160,2021-03-09 11:23:00,640.95,640.95,640.95,640.95,25,0,595.24,627.85,632.35
12161,2021-03-09 11:24:00,640.95,640.95,640.95,640.95,25,0,595.24,627.85,632.35
12162,2021-03-09 11:25:00,640.95,640.95,640.95,640.95,25,0,595.24,627.85,632.35
12163,2021-03-09 11:26:00,640.95,640.95,640.95,640.95,25,0,595.24,627.85,632.35
12164,2021-03-09 11:27:00,622.4,622.4,622.4,622.4,50,10400,595.36,621.45,631.5
12165,2021-03-09 11:28:00,622.4,622.4,622.4,622.4,50,10400,595.36,621.45,631.5
12166,2021-03-09 11:29:00,622.6,622.6,622.6,622.6,25,0,595.42,622.3,628.0
12167,2021-03-09 11:30:00,632.25,632.25,632.25,632.25,200,10400,596.09,626.45,632.1
12168,2021-03-09 11:31:00,632.25,632.25,632.25,632.25,200,10400,596.09,626.45,632.1
12169,2021-03-09 11:32:00,632.25,632.25,632.25,632.25,200,10400,596.09,626.45,632.1
12170,2021-03-09 11:33:00,632.25,632.25,632.25,632.25,200,10400,596.09,626.45,632.1
12171,2021-03-09 11:34:00,633.2,633.2,633.2,633.2,25,10350,596.17,631.7,636.05
12172,2021-03-09 11:35:00,633.2,633.2,633.2,633.2,25,10350,596.17,631.7,636.05
12173,2021-03-09 11:36:00,678.0,678.0,678.0,678.0,225,10375,597.26,673.75,680.9
12174,2021-03-09 11:37:00,677.7,678.9,677.7,677.7,125,10375,598.17,680.0,685.5
12175,2021-03-09 11:38:00,677.7,678.9,677.7,677.7,125,10375,598.17,680.0,685.5
12176,2021-03-09 11:39:00,677.65,687.05,677.65,687.05,225,10300,599.77,683.8,689.95
12177,2021-03-09 11:40:00,677.65,687.05,677.65,687.05,225,10300,599.77,683.8,689.95
12178,2021-03-09 11:41:00,687.05,687.05,687.05,687.05,50,0,600.16,680.65,686.8
12179,2021-03-09 11:42:00,687.05,687.05,687.05,687.05,50,0,600.16,680.65,686.8
12180,2021-03-09 11:43:00,681.25,681.25,681.25,681.25,75,10325,600.69,678.45,683.85
12181,2021-03-09 11:44:00,686.05,686.05,685.55,685.55,125,10325,601.6,681.5,688.4
12182,2021-03-09 11:45:00,696.0,712.0,696.0,712.0,275,10325,604.06,710.5,716.6
12183,2021-03-09 11:46:00,714.3,714.4,710.0,710.0,825,10325,611.11,706.9,712.5
12184,2021-03-09 11:47:00,714.3,714.4,710.0,710.0,825,10325,611.11,706.9,712.5
12185,2021-03-09 11:48:00,710.5,710.5,710.5,710.5,225,9875,612.77,708.7,715.45
12186,2021-03-09 11:49:00,710.5,710.5,710.5,710.5,225,9875,612.77,708.7,715.45
12187,2021-03-09 11:50:00,710.85,720.0,710.85,710.85,175,9875,614.16,708.8,713.25
12188,2021-03-09 11:51:00,710.85,720.0,710.85,710.85,175,9875,614.16,708.8,713.25
12189,2021-03-09 11:52:00,702.7,702.7,702.7,702.7,300,9875,616.24,696.7,700.85
12190,2021-03-09 11:53:00,702.7,702.7,702.7,702.7,300,9875,616.24,696.7,700.85
12191,2021-03-09 11:54:00,692.3,692.3,692.3,692.3,75,0,616.68,684.15,689.5
12192,2021-03-09 11:55:00,692.3,692.3,692.3,692.3,75,0,616.68,684.15,689.5
12193,2021-03-09 11:56:00,689.15,689.15,689.15,689.15,75,9850,617.05,690.95,697.15
12194,2021-03-09 11:57:00,689.15,689.15,689.15,689.15,75,9850,617.05,690.95,697.15
12195,2021-03-09 11:58:00,694.45,694.45,694.45,694.45,425,0,619.43,698.4,703.95
12196,2021-03-09 11:59:00,688.9,688.9,688.9,688.9,25,9850,619.56,690.05,694.95
12197,2021-03-09 12:00:00,688.9,688.9,688.9,688.9,25,9850,619.56,690.05,694.95
12198,2021-03-09 12:01:00,695.0,695.0,695.0,695.0,50,10075,619.83,703.9,708.1
12199,2021-03-09 12:02:00,695.0,695.0,695.0,695.0,50,10075,619.83,703.9,708.1
12200,2021-03-09 12:03:00,701.5,701.5,701.5,701.5,125,10225,620.6,697.8,704.05
12201,2021-03-09 12:04:00,701.5,701.5,701.5,701.5,125,10225,620.6,697.8,704.05
12202,2021-03-09 12:05:00,685.25,685.25,685.25,685.25,925,0,624.92,682.25,688.05
12203,2021-03-09 12:06:00,685.25,685.25,685.25,685.25,925,0,624.92,682.25,688.05
12204,2021-03-09 12:07:00,691.85,691.85,691.85,691.85,25,0,625.04,684.55,690.2
12205,2021-03-09 12:08:00,671.35,671.35,671.35,671.35,25,10725,625.11,669.7,674.65
12206,2021-03-09 12:09:00,671.35,671.35,671.35,671.35,25,10725,625.11,669.7,674.65
12207,2021-03-09 12:10:00,663.95,663.95,663.95,663.95,25,0,625.18,676.05,680.95
12208,2021-03-09 12:11:00,663.95,663.95,663.95,663.95,25,0,625.18,676.05,680.95
12209,2021-03-09 12:12:00,687.25,687.25,687.25,687.25,100,10750,625.55,687.15,692.25
12210,2021-03-09 12:13:00,687.25,687.25,687.25,687.25,100,10750,625.55,687.15,692.25
12211,2021-03-09 12:14:00,687.25,687.25,687.25,687.25,100,10750,625.55,687.15,692.25
12212,2021-03-09 12:15:00,687.25,687.25,687.25,687.25,100,10750,625.55,687.15,692.25
12213,2021-03-09 12:16:00,693.8,693.8,693.8,693.8,125,10775,626.18,692.1,697.1
12214,2021-03-09 12:17:00,693.8,693.8,693.8,693.8,125,10775,626.18,692.1,697.1
12215,2021-03-09 12:18:00,694.7,694.7,694.7,694.7,25,10775,626.29,686.45,691.85
12216,2021-03-09 12:19:00,694.7,694.7,694.7,694.7,25,10775,626.29,686.45,691.85
12217,2021-03-09 12:20:00,659.0,659.0,659.0,659.0,100,10775,626.56,653.1,657.7
12218,2021-03-09 12:21:00,659.0,659.0,659.0,659.0,100,10775,626.56,653.1,657.7
12219,2021-03-09 12:22:00,637.65,637.65,637.65,637.65,100,10750,626.69,633.1,639.0
12220,2021-03-09 12:23:00,637.65,637.65,637.65,637.65,100,10750,626.69,633.1,639.0
12221,2021-03-09 12:24:00,641.3,641.3,641.3,641.3,75,10400,626.75,640.65,645.75
12222,2021-03-09 12:25:00,641.3,641.3,641.3,641.3,75,10400,626.75,640.65,645.75
12223,2021-03-09 12:26:00,646.65,646.65,646.65,646.65,25,10400,626.79,635.55,639.95
12224,2021-03-09 12:27:00,646.65,646.65,646.65,646.65,25,10400,626.79,635.55,639.95
12225,2021-03-09 12:28:00,636.95,636.95,636.95,636.95,75,10425,626.85,631.4,635.9
12226,2021-03-09 12:29:00,636.95,636.95,636.95,636.95,75,10425,626.85,631.4,635.9
12227,2021-03-09 12:30:00,632.8,632.8,632.8,632.8,175,10425,626.98,628.15,632.45
12228,2021-03-09 12:31:00,632.8,632.8,632.8,632.8,175,10425,626.98,628.15,632.45
12229,2021-03-09 12:32:00,619.1,619.1,619.1,619.1,100,0,626.96,617.75,622.7
12230,2021-03-09 12:33:00,619.1,619.1,619.1,619.1,100,0,626.96,617.75,622.7
12231,2021-03-09 12:34:00,613.45,613.45,613.45,613.45,25,10425,626.93,609.65,615.5
12232,2021-03-09 12:35:00,613.45,613.45,613.45,613.45,25,10425,626.93,609.65,615.5
12233,2021-03-09 12:36:00,598.15,598.15,598.15,598.15,50,10350,626.87,600.7,605.2
12234,2021-03-09 12:37:00,611.9,611.9,611.9,611.9,50,10350,626.82,616.05,622.7
12235,2021-03-09 12:38:00,611.9,611.9,611.9,611.9,50,10350,626.82,616.05,622.7
12236,2021-03-09 12:39:00,630.0,630.0,630.0,630.0,75,10350,626.82,623.6,629.4
12237,2021-03-09 12:40:00,630.0,630.0,630.0,630.0,75,10350,626.82,623.6,629.4
12238,2021-03-09 12:41:00,620.45,620.45,620.45,620.45,125,0,626.77,619.55,625.85
12239,2021-03-09 12:42:00,620.45,620.45,620.45,620.45,125,0,626.77,619.55,625.85
12240,2021-03-09 12:43:00,620.45,620.45,620.45,620.45,125,0,626.77,619.55,625.85
12241,2021-03-09 12:44:00,621.8,621.8,621.8,621.8,50,0,626.76,627.05,631.5
12242,2021-03-09 12:45:00,621.8,621.8,621.8,621.8,50,0,626.76,627.05,631.5
12243,2021-03-09 12:46:00,621.8,621.8,621.8,621.8,50,0,626.76,627.05,631.5
12244,2021-03-09 12:47:00,621.8,621.8,621.8,621.8,50,0,626.76,627.05,631.5
12245,2021-03-09 12:48:00,621.8,621.8,621.8,621.8,50,0,626.76,627.05,631.5
12246,2021-03-09 12:49:00,621.8,621.8,621.8,621.8,50,0,626.76,627.05,631.5
12247,2021-03-09 12:50:00,616.4,616.4,616.4,616.4,25,10200,626.74,614.2,618.05
12248,2021-03-09 12:51:00,600.0,600.0,600.0,600.0,175,10200,626.56,599.35,604.85
12249,2021-03-09 12:52:00,600.0,600.0,600.0,600.0,175,10200,626.56,599.35,604.85
12250,2021-03-09 12:53:00,628.7,628.7,628.7,628.7,325,10200,626.22,628.2,633.3
12251,2021-03-09 12:54:00,628.7,628.7,628.7,628.7,325,10200,626.22,628.2,633.3
12252,2021-03-09 12:55:00,631.2,631.2,631.2,631.2,125,0,626.27,626.95,631.35
12253,2021-03-09 12:56:00,628.3,630.35,628.3,630.35,50,10225,626.28,622.65,627.25
12254,2021-03-09 12:57:00,627.55,627.55,627.55,627.55,75,10150,626.29,626.9,632.0
12255,2021-03-09 12:58:00,617.65,617.65,617.65,617.65,75,10150,626.25,616.95,621.7
12256,2021-03-09 12:59:00,617.65,617.65,617.65,617.65,75,10150,626.25,616.95,621.7
12257,2021-03-09 13:00:00,595.6,595.6,595.6,595.6,100,10125,626.13,596.25,603.65
12258,2021-03-09 13:01:00,595.6,595.6,595.6,595.6,100,10125,626.13,596.25,603.65
12259,2021-03-09 13:02:00,581.35,581.35,581.35,581.35,100,10125,625.92,579.4,584.25
12260,2021-03-09 13:03:00,581.35,581.35,581.35,581.35,100,10125,625.92,579.4,584.25
12261,2021-03-09 13:04:00,592.4,592.4,592.4,592.4,50,10125,625.82,585.9,592.0
12262,2021-03-09 13:05:00,592.4,592.4,592.4,592.4,50,10125,625.82,585.9,592.0
12263,2021-03-09 13:06:00,578.45,578.45,578.45,578.45,250,10100,625.16,576.0,582.7
12264,2021-03-09 13:07:00,578.45,578.45,578.45,578.45,250,10100,625.16,576.0,582.7
12265,2021-03-09 13:08:00,594.25,594.25,594.25,594.25,125,10100,624.9,594.2,600.35
12266,2021-03-09 13:09:00,591.8,591.8,591.8,591.8,50,10125,624.81,585.55,590.75
12267,2021-03-09 13:10:00,591.8,591.8,591.8,591.8,50,10125,624.81,585.55,590.75
12268,2021-03-09 13:11:00,584.0,584.0,584.0,584.0,100,10125,624.59,585.65,591.05
12269,2021-03-09 13:12:00,584.0,584.0,584.0,584.0,100,10125,624.59,585.65,591.05
12270,2021-03-09 13:13:00,585.0,585.0,585.0,585.0,150,0,624.28,577.85,583.4
12271,2021-03-09 13:14:00,561.0,561.0,561.0,561.0,100,10175,623.94,553.3,566.7
12272,2021-03-09 13:15:00,561.0,561.0,561.0,561.0,100,10175,623.94,553.3,566.7
12273,2021-03-09 13:16:00,530.55,530.55,530.55,530.55,75,10225,623.61,562.25,567.4
12274,2021-03-09 13:17:00,530.55,530.55,530.55,530.55,75,10225,623.61,562.25,567.4
12275,2021-03-09 13:18:00,562.65,562.65,562.65,562.65,75,10225,623.36,546.85,552.4
12276,2021-03-09 13:19:00,562.65,562.65,562.65,562.65,75,10225,623.36,546.85,552.4
12277,2021-03-09 13:20:00,525.4,525.4,525.4,525.4,250,10250,622.21,514.75,533.25
12278,2021-03-09 13:21:00,525.4,525.4,525.4,525.4,250,10250,622.21,514.75,533.25
12279,2021-03-09 13:22:00,528.0,528.0,515.0,528.0,275,10275,620.81,522.9,530.05
12280,2021-03-09 13:23:00,528.0,528.0,515.0,528.0,275,10275,620.81,522.9,530.05
12281,2021-03-09 13:24:00,523.4,523.4,523.4,523.4,25,10475,620.69,538.1,543.15
12282,2021-03-09 13:25:00,523.4,523.4,523.4,523.4,25,10475,620.69,538.1,543.15
12283,2021-03-09 13:26:00,536.1,536.1,536.1,536.1,100,10475,620.25,533.9,537.9
12284,2021-03-09 13:27:00,536.1,536.1,536.1,536.1,100,10475,620.25,533.9,537.9
12285,2021-03-09 13:28:00,545.25,545.25,545.25,545.25,75,0,619.96,553.8,561.1
12286,2021-03-09 13:29:00,545.25,545.25,545.25,545.25,75,0,619.96,553.8,561.1
12287,2021-03-09 13:30:00,568.5,568.5,568.5,568.5,25,10500,619.89,562.95,573.0
12288,2021-03-09 13:31:00,584.55,584.55,584.55,584.55,100,10525,619.67,584.55,590.25
12289,2021-03-09 13:32:00,584.55,584.55,584.55,584.55,100,10525,619.67,584.55,590.25
12290,2021-03-09 13:33:00,599.1,599.1,599.1,599.1,250,10575,619.19,592.25,596.85
12291,2021-03-09 13:34:00,599.1,599.1,599.1,599.1,250,10575,619.19,592.25,596.85
12292,2021-03-09 13:35:00,588.5,588.5,588.5,588.5,125,10575,619.02,579.1,582.9
12293,2021-03-09 13:36:00,588.5,588.5,588.5,588.5,125,10575,619.02,579.1,582.9
12294,2021-03-09 13:37:00,580.2,580.2,580.2,580.2,150,10450,618.73,579.9,587.4
12295,2021-03-09 13:38:00,580.2,580.2,580.2,580.2,150,10450,618.73,579.9,587.4
12296,2021-03-09 13:39:00,566.5,566.5,566.5,566.5,175,10625,618.32,568.2,574.15
12297,2021-03-09 13:40:00,566.5,566.5,566.5,566.5,175,10625,618.32,568.2,574.15
12298,2021-03-09 13:41:00,568.45,568.45,568.45,568.45,50,10625,618.19,561.5,565.4
12299,2021-03-09 13:42:00,568.45,568.45,568.45,568.45,50,10625,618.19,561.5,565.4
12300,2021-03-09 13:43:00,557.1,557.1,557.1,557.1,75,10550,617.98,556.15,563.3
12301,2021-03-09 13:44:00,544.3,544.3,544.3,544.3,50,10550,617.8,538.95,546.0
12302,2021-03-09 13:45:00,544.3,544.3,544.3,544.3,50,10550,617.8,538.95,546.0
12303,2021-03-09 13:46:00,544.3,544.3,544.3,544.3,50,10550,617.8,538.95,546.0
12304,2021-03-09 13:47:00,544.3,544.3,544.3,544.3,50,10550,617.8,538.95,546.0
12305,2021-03-09 13:48:00,555.2,555.2,555.2,555.2,25,0,617.72,540.3,547.55
12306,2021-03-09 13:49:00,555.2,555.2,555.2,555.2,25,0,617.72,540.3,547.55
12307,2021-03-09 13:50:00,544.9,544.9,544.9,544.9,50,10425,617.53,544.3,553.6
12308,2021-03-09 13:51:00,544.9,544.9,544.9,544.9,50,10425,617.53,544.3,553.6
12309,2021-03-09 13:52:00,541.95,541.95,541.95,541.95,50,10250,617.35,536.7,543.7
12310,2021-03-09 13:53:00,539.85,539.85,539.85,539.85,25,10250,617.25,550.4,557.2
12311,2021-03-09 13:54:00,539.85,539.85,539.85,539.85,25,10250,617.25,550.4,557.2
12312,2021-03-09 13:55:00,555.25,555.25,555.25,555.25,1025,10950,614.41,547.9,554.4
12313,2021-03-09 13:56:00,555.25,555.25,555.25,555.25,1025,10950,614.41,547.9,554.4
12314,2021-03-09 13:57:00,562.1,562.1,562.1,562.1,225,0,613.87,557.75,565.6
12315,2021-03-09 13:58:00,562.1,562.1,562.1,562.1,225,0,613.87,557.75,565.6
12316,2021-03-09 13:59:00,562.1,562.1,562.1,562.1,225,0,613.87,557.75,565.6
12317,2021-03-09 14:00:00,561.7,561.7,561.7,561.7,150,11100,613.5,554.0,560.6
12318,2021-03-09 14:01:00,561.7,561.7,561.7,561.7,150,11100,613.5,554.0,560.6
12319,2021-03-09 14:02:00,562.1,562.1,562.1,562.1,75,11100,613.32,555.95,562.4
12320,2021-03-09 14:03:00,562.1,562.1,562.1,562.1,75,11100,613.32,555.95,562.4
12321,2021-03-09 14:04:00,556.35,556.35,556.35,556.35,75,11100,613.12,555.8,562.45
12322,2021-03-09 14:05:00,548.6,548.6,548.6,548.6,25,11100,613.05,548.0,551.0
12323,2021-03-09 14:06:00,548.6,548.6,548.6,548.6,25,11100,613.05,548.0,551.0
12324,2021-03-09 14:07:00,542.15,542.15,542.15,542.15,25,0,612.97,538.25,543.8
12325,2021-03-09 14:08:00,542.15,542.15,542.15,542.15,25,0,612.97,538.25,543.8
12326,2021-03-09 14:09:00,524.6,524.6,524.6,524.6,50,11125,612.77,521.8,527.1
12327,2021-03-09 14:10:00,524.6,524.6,524.6,524.6,50,11125,612.77,521.8,527.1
12328,2021-03-09 14:11:00,535.0,535.0,535.0,535.0,75,11150,612.49,529.95,532.95
12329,2021-03-09 14:12:00,536.35,536.35,536.35,536.35,75,11150,612.23,524.0,540.2
12330,2021-03-09 14:13:00,536.35,536.35,536.35,536.35,75,11150,612.23,524.0,540.2
12331,2021-03-09 14:14:00,527.35,527.35,527.35,527.35,125,11150,611.76,526.8,530.7
12332,2021-03-09 14:15:00,527.35,527.35,527.35,527.35,125,11150,611.76,526.8,530.7
12333,2021-03-09 14:16:00,533.6,533.6,533.6,533.6,150,11175,611.19,524.05,533.6
12334,2021-03-09 14:17:00,533.6,533.6,533.6,533.6,150,11175,611.19,524.05,533.6
12335,2021-03-09 14:18:00,524.1,524.1,524.1,524.1,175,11175,610.55,524.05,527.35
12336,2021-03-09 14:19:00,538.95,538.95,538.95,538.95,275,11450,609.58,535.7,540.75
12337,2021-03-09 14:20:00,538.95,538.95,538.95,538.95,275,11450,609.58,535.7,540.75
12338,2021-03-09 14:21:00,554.2,554.2,554.2,554.2,100,11450,609.35,548.95,552.25
12339,2021-03-09 14:22:00,554.2,554.2,554.2,554.2,100,11450,609.35,548.95,552.25
12340,2021-03-09 14:23:00,562.15,562.15,562.15,562.15,100,11325,609.1,557.15,566.8
12341,2021-03-09 14:24:00,562.15,562.15,562.15,562.15,100,11325,609.1,557.15,566.8
12342,2021-03-09 14:25:00,536.35,536.35,536.35,536.35,50,11350,608.96,531.7,535.9
12343,2021-03-09 14:26:00,536.35,536.35,536.35,536.35,50,11350,608.96,531.7,535.9
12344,2021-03-09 14:27:00,519.75,519.75,519.75,519.75,125,11350,608.51,525.4,530.6
12345,2021-03-09 14:28:00,537.65,537.65,537.65,537.65,25,11350,608.44,524.65,528.6
12346,2021-03-09 14:29:00,537.65,537.65,537.65,537.65,25,11350,608.44,524.65,528.6
12347,2021-03-09 14:30:00,533.2,533.2,533.2,533.2,100,11350,608.1,531.65,535.8
12348,2021-03-09 14:31:00,533.2,533.2,533.2,533.2,100,11350,608.1,531.65,535.8
12349,2021-03-09 14:32:00,530.75,530.75,530.75,530.75,50,0,607.94,537.55,540.85
12350,2021-03-09 14:33:00,530.75,530.75,530.75,530.75,50,0,607.94,537.55,540.85
12351,2021-03-09 14:34:00,533.9,533.9,533.9,533.9,75,11300,607.71,531.15,537.25
12352,2021-03-09 14:35:00,530.0,530.0,530.0,530.0,50,0,607.55,541.95,547.55
12353,2021-03-09 14:36:00,530.0,530.0,530.0,530.0,50,0,607.55,541.95,547.55
12354,2021-03-09 14:37:00,549.0,549.0,549.0,549.0,125,11350,607.24,541.65,545.95
12355,2021-03-09 14:38:00,549.0,549.0,549.0,549.0,125,11350,607.24,541.65,545.95
12356,2021-03-09 14:39:00,532.75,532.75,532.75,532.75,25,11350,607.16,528.8,534.55
12357,2021-03-09 14:40:00,545.0,545.0,545.0,545.0,100,11325,606.89,545.7,551.5
12358,2021-03-09 14:41:00,545.0,545.0,545.0,545.0,100,11325,606.89,545.7,551.5
12359,2021-03-09 14:42:00,550.0,550.0,550.0,550.0,100,11375,606.65,545.95,551.3
12360,2021-03-09 14:43:00,550.0,550.0,550.0,550.0,100,11375,606.65,545.95,551.3
12361,2021-03-09 14:44:00,536.55,536.55,536.55,536.55,125,11375,606.31,537.25,541.95
12362,2021-03-09 14:45:00,536.55,536.55,536.55,536.55,125,11375,606.31,537.25,541.95
12363,2021-03-09 14:46:00,546.65,546.65,546.65,546.65,25,0,606.25,542.8,550.1
12364,2021-03-09 14:47:00,565.5,565.5,565.5,565.5,25,11375,606.21,561.05,570.4
12365,2021-03-09 14:48:00,565.5,565.5,565.5,565.5,25,11375,606.21,561.05,570.4
12366,2021-03-09 14:49:00,576.0,576.0,576.0,576.0,225,11350,605.92,574.35,581.25
12367,2021-03-09 14:50:00,576.0,576.0,576.0,576.0,225,11350,605.92,574.35,581.25
12368,2021-03-09 14:51:00,578.85,578.85,578.85,578.85,75,11350,605.8,576.85,584.4
12369,2021-03-09 14:52:00,578.85,578.85,578.85,578.85,75,11350,605.8,576.85,584.4
12370,2021-03-09 14:53:00,578.85,578.85,578.85,578.85,200,11225,605.59,574.05,580.55
12371,2021-03-09 14:54:00,578.85,578.85,578.85,578.85,200,11225,605.59,574.05,580.55
12372,2021-03-09 14:55:00,574.8,574.8,574.8,574.8,50,11250,605.53,568.25,572.55
12373,2021-03-09 14:56:00,574.8,574.8,574.8,574.8,50,11250,605.53,568.25,572.55
12374,2021-03-09 14:57:00,568.05,568.05,568.05,568.05,150,0,605.31,565.4,569.55
12375,2021-03-09 14:58:00,568.05,568.05,568.05,568.05,150,0,605.31,565.4,569.55
12376,2021-03-09 14:59:00,568.05,568.05,568.05,568.05,150,0,605.31,565.4,569.55
12377,2021-03-09 15:00:00,569.25,569.25,569.25,569.25,200,11250,604.99,569.6,573.8
12378,2021-03-09 15:01:00,569.25,569.25,569.25,569.25,200,11250,604.99,569.6,573.8
12379,2021-03-09 15:02:00,585.45,585.45,585.45,585.45,125,11225,604.89,579.35,582.95
12380,2021-03-09 15:03:00,585.45,585.45,585.45,585.45,125,11225,604.89,579.35,582.95
12381,2021-03-09 15:04:00,580.0,580.0,580.0,580.0,25,0,604.87,581.0,584.85
12382,2021-03-09 15:05:00,580.0,580.0,580.0,580.0,25,0,604.87,581.0,584.85
12383,2021-03-09 15:06:00,575.45,575.45,575.45,575.45,75,11250,604.79,573.7,577.35
12384,2021-03-09 15:07:00,575.45,575.45,575.45,575.45,75,11250,604.79,573.7,577.35
12385,2021-03-09 15:08:00,583.5,583.5,583.5,583.5,50,11250,604.74,578.4,581.95
12386,2021-03-09 15:09:00,583.5,583.5,583.5,583.5,50,11250,604.74,578.4,581.95
12387,2021-03-09 15:10:00,587.4,587.4,587.4,587.4,375,11175,604.43,583.9,587.75
12388,2021-03-09 15:11:00,587.4,587.4,587.4,587.4,375,11175,604.43,583.9,587.75
12389,2021-03-09 15:12:00,602.0,602.0,602.0,602.0,475,11025,604.29,598.7,601.65
12390,2021-03-09 15:13:00,602.0,602.0,602.0,602.0,475,11025,604.29,598.7,601.65
12391,2021-03-09 15:14:00,612.9,612.9,612.9,612.9,250,11025,604.29,611.0,614.95
12392,2021-03-09 15:15:00,612.9,612.9,612.9,612.9,250,11025,604.29,611.0,614.95
12393,2021-03-09 15:16:00,606.25,606.25,606.25,606.25,500,11275,604.57,594.8,599.1
12394,2021-03-09 15:17:00,596.85,596.85,596.85,596.85,25,11275,604.56,599.8,604.25
12395,2021-03-09 15:18:00,597.2,597.2,596.5,596.5,75,11275,604.54,595.75,600.65
12396,2021-03-09 15:19:00,610.45,610.45,606.45,606.45,300,11275,604.59,600.95,605.2
12397,2021-03-09 15:20:00,598.95,598.95,598.95,598.95,25,11275,604.58,596.0,599.0
12398,2021-03-09 15:21:00,601.05,601.05,601.05,601.05,75,11275,604.57,598.05,602.55
12399,2021-03-09 15:22:00,601.05,601.05,601.05,601.05,75,11275,604.57,598.05,602.55
12400,2021-03-09 15:23:00,595.1,595.1,595.1,595.1,25,11400,604.56,596.15,600.75
12401,2021-03-09 15:24:00,595.1,595.1,595.1,595.1,25,11400,604.56,596.15,600.75
12402,2021-03-09 15:25:00,594.45,594.45,594.45,594.45,25,11400,604.55,590.75,595.8
12403,2021-03-09 15:26:00,594.45,594.45,594.45,594.45,25,11400,604.55,590.75,595.8
12404,2021-03-09 15:27:00,594.45,594.45,594.45,594.45,25,11400,604.55,590.75,595.8
12405,2021-03-09 15:28:00,594.95,594.95,594.95,594.95,175,11325,604.49,589.7,595.3
12406,2021-03-09 15:29:00,594.95,594.95,594.95,594.95,175,11325,604.49,589.7,595.3
12407,2021-03-09 15:30:00,603.1,606.1,591.1,606.1,275,11325,604.46,576.95,608.1
12408,2021-03-10 09:15:00,642.0,719.55,642.0,719.55,175,11375,692.62,666.35,720.2
12409,2021-03-10 09:16:00,694.95,694.95,694.95,694.95,625,11375,695.04,685.8,697.5
12410,2021-03-10 09:17:00,682.2,682.2,682.2,682.2,675,11800,688.13,675.0,681.75
12411,2021-03-10 09:18:00,675.8,675.8,670.0,675.8,100,11800,687.25,674.25,677.55
12412,2021-03-10 09:19:00,671.7,671.7,667.9,667.9,100,11800,686.22,662.75,667.35
12413,2021-03-10 09:20:00,671.7,671.7,667.9,667.9,100,11800,686.22,662.75,667.35
12414,2021-03-10 09:21:00,673.75,675.7,670.55,674.0,100,11625,685.5,660.2,664.8
12415,2021-03-10 09:22:00,652.05,654.25,651.5,654.25,225,11625,681.83,656.7,660.85
12416,2021-03-10 09:23:00,663.5,663.5,647.0,647.0,125,11675,680.39,648.25,654.0
12417,2021-03-10 09:24:00,649.35,649.35,640.55,640.55,175,11675,677.51,639.4,644.1
12418,2021-03-10 09:25:00,641.45,641.45,634.8,634.8,250,11675,673.76,632.8,636.3
12419,2021-03-10 09:26:00,634.8,634.8,632.5,632.5,50,11950,672.99,629.4,634.45
12420,2021-03-10 09:27:00,640.5,640.5,640.05,640.5,125,11950,671.48,629.7,634.25
12421,2021-03-10 09:28:00,632.0,632.0,629.95,629.95,100,11950,670.06,628.35,633.0
12422,2021-03-10 09:29:00,640.55,640.55,639.0,639.0,325,12400,667.0,626.5,629.2
12423,2021-03-10 09:30:00,626.5,626.5,604.85,611.0,825,12400,655.25,610.85,615.0
12424,2021-03-10 09:31:00,615.0,622.45,615.0,621.3,325,12400,652.59,612.4,615.7
12425,2021-03-10 09:32:00,611.7,616.7,600.0,610.65,2625,12575,635.28,612.45,616.15
12426,2021-03-10 09:33:00,614.0,614.0,614.0,614.0,50,12575,635.13,608.25,612.5
12427,2021-03-10 09:34:00,610.55,610.55,610.55,610.55,25,12575,635.04,602.55,607.05
12428,2021-03-10 09:35:00,599.45,609.5,599.45,609.5,125,13850,634.5,606.6,610.8
12429,2021-03-10 09:36:00,614.0,614.0,614.0,614.0,25,13850,634.43,613.1,617.25
12430,2021-03-10 09:37:00,621.0,628.8,621.0,628.8,75,13850,634.33,625.25,631.3
12431,2021-03-10 09:38:00,623.5,625.15,623.5,625.15,75,13600,634.23,614.2,617.95
12432,2021-03-10 09:39:00,612.65,612.65,605.45,605.45,75,13600,633.99,604.8,608.5
12433,2021-03-10 09:40:00,619.0,619.0,619.0,619.0,25,13600,633.93,615.9,619.15
12434,2021-03-10 09:41:00,616.65,616.65,599.55,609.25,275,13625,632.99,603.45,609.5
12435,2021-03-10 09:42:00,613.5,616.15,613.5,616.15,100,13625,632.76,607.2,610.05
12436,2021-03-10 09:43:00,613.5,616.15,613.5,616.15,100,13625,632.76,607.2,610.05
12437,2021-03-10 09:44:00,613.95,613.95,613.95,613.95,25,13425,632.7,612.9,615.85
12438,2021-03-10 09:45:00,627.85,627.85,627.85,627.85,25,13425,632.69,629.55,633.7
12439,2021-03-10 09:46:00,629.95,629.95,629.3,629.3,50,13425,632.67,626.15,629.85
12440,2021-03-10 09:47:00,630.0,630.0,630.0,630.0,25,12975,632.66,629.55,633.15
12441,2021-03-10 09:48:00,638.5,642.75,638.5,642.75,75,12975,632.74,638.8,648.6
12442,2021-03-10 09:49:00,638.5,642.75,638.5,642.75,75,12975,632.74,638.8,648.6
12443,2021-03-10 09:50:00,631.05,631.05,613.25,620.4,1050,13600,632.1,616.55,619.4
12444,2021-03-10 09:51:00,615.0,615.0,615.0,615.0,50,13600,632.01,605.8,612.25
12445,2021-03-10 09:52:00,607.75,608.4,603.3,606.35,200,13600,631.44,603.9,608.1
12446,2021-03-10 09:53:00,605.8,605.8,600.7,602.2,75,13600,631.22,602.8,605.25
12447,2021-03-10 09:54:00,603.85,603.85,598.25,598.3,100,13475,630.89,588.75,593.6
12448,2021-03-10 09:55:00,586.75,586.75,585.15,585.25,125,13475,630.31,584.4,588.7
12449,2021-03-10 09:56:00,588.9,588.9,587.65,587.65,75,13375,629.98,588.55,591.85
12450,2021-03-10 09:57:00,587.65,587.65,587.65,587.65,25,13375,629.88,583.7,586.4
12451,2021-03-10 09:58:00,587.65,587.65,587.65,587.65,25,13375,629.88,583.7,586.4
12452,2021-03-10 09:59:00,596.7,596.7,596.7,596.7,25,13350,629.79,594.95,597.75
12453,2021-03-10 10:00:00,605.5,605.5,605.5,605.5,50,13350,629.66,593.95,597.9
12454,2021-03-10 10:01:00,597.95,599.6,597.95,599.6,100,13350,629.33,595.05,598.05
12455,2021-03-10 10:02:00,598.0,599.2,598.0,599.2,50,13100,629.17,599.25,602.35
12456,2021-03-10 10:03:00,598.0,599.2,598.0,599.2,50,13100,629.17,599.25,602.35
12457,2021-03-10 10:04:00,598.0,599.2,598.0,599.2,50,13100,629.17,599.25,602.35
12458,2021-03-10 10:05:00,603.1,603.1,596.25,596.25,150,13100,628.7,597.45,600.7
12459,2021-03-10 10:06:00,603.1,603.1,596.25,596.25,150,13100,628.7,597.45,600.7
12460,2021-03-10 10:07:00,603.1,603.1,596.25,596.25,150,13100,628.7,597.45,600.7
12461,2021-03-10 10:08:00,595.75,595.75,595.5,595.5,100,13150,628.37,597.75,601.1
12462,2021-03-10 10:09:00,602.15,612.15,602.15,612.15,75,13025,628.23,610.15,613.4
12463,2021-03-10 10:10:00,610.45,611.5,610.45,611.5,75,13025,628.11,607.4,611.0
12464,2021-03-10 10:11:00,610.45,611.5,610.45,611.5,75,13025,628.11,607.4,611.0
12465,2021-03-10 10:12:00,612.3,612.3,612.3,612.3,50,13075,628.03,612.15,615.85
12466,2021-03-10 10:13:00,612.25,612.25,605.9,605.9,50,13075,627.94,606.6,609.5
12467,2021-03-10 10:14:00,609.85,609.85,609.85,609.85,25,13025,627.9,612.5,616.3
12468,2021-03-10 10:15:00,609.85,609.85,609.85,609.85,25,13025,627.9,612.5,616.3
12469,2021-03-10 10:16:00,616.05,616.05,615.2,615.2,75,13025,627.81,609.7,613.4
12470,2021-03-10 10:17:00,616.05,616.05,615.2,615.2,75,13025,627.81,609.7,613.4
12471,2021-03-10 10:18:00,616.05,616.05,615.2,615.2,75,13025,627.81,609.7,613.4
12472,2021-03-10 10:19:00,623.95,623.95,621.2,621.2,175,13100,627.71,621.15,625.55
12473,2021-03-10 10:20:00,623.95,623.95,621.2,621.2,175,13100,627.71,621.15,625.55
12474,2021-03-10 10:21:00,623.95,623.95,621.2,621.2,175,13100,627.71,621.15,625.55
12475,2021-03-10 10:22:00,623.95,623.95,621.2,621.2,175,13100,627.71,621.15,625.55
12476,2021-03-10 10:23:00,623.95,623.95,621.2,621.2,175,13100,627.71,621.15,625.55
12477,2021-03-10 10:24:00,605.9,605.9,605.9,605.9,150,12925,627.41,603.7,607.0
12478,2021-03-10 10:25:00,600.05,600.05,595.8,595.8,175,12925,626.92,597.35,600.2
12479,2021-03-10 10:26:00,602.0,602.0,602.0,602.0,25,12925,626.87,600.85,603.4
12480,2021-03-10 10:27:00,602.0,602.0,602.0,602.0,25,12975,626.81,599.2,602.3
12481,2021-03-10 10:28:00,602.0,602.0,602.0,602.0,25,12975,626.81,599.2,602.3
12482,2021-03-10 10:29:00,595.5,595.5,595.5,595.5,25,12975,626.74,596.5,598.05
12483,2021-03-10 10:30:00,590.0,590.0,578.15,584.45,350,13000,625.41,581.0,584.15
12484,2021-03-10 10:31:00,585.4,585.4,572.1,578.6,200,13000,624.64,573.55,576.35
12485,2021-03-10 10:32:00,574.65,574.65,569.65,569.65,50,12900,624.41,570.85,573.9
12486,2021-03-10 10:33:00,575.95,575.95,575.95,575.95,25,12900,624.31,574.95,578.6
12487,2021-03-10 10:34:00,575.95,575.95,575.95,575.95,25,12900,624.31,574.95,578.6
12488,2021-03-10 10:35:00,566.0,571.15,554.05,571.15,700,12800,620.9,570.95,574.0
12489,2021-03-10 10:36:00,574.0,576.0,571.0,571.0,75,12800,620.62,576.75,579.65
12490,2021-03-10 10:37:00,575.95,575.95,575.95,575.95,25,12800,620.53,576.5,577.95
12491,2021-03-10 10:38:00,577.4,577.4,577.4,577.4,25,12775,620.44,578.65,581.65
12492,2021-03-10 10:39:00,577.85,577.85,573.65,573.65,100,12775,620.08,569.6,572.95
12493,2021-03-10 10:40:00,568.8,576.4,568.8,576.4,125,12775,619.6,575.9,579.65
12494,2021-03-10 10:41:00,577.4,577.4,574.75,574.75,100,12775,619.26,573.95,576.15
12495,2021-03-10 10:42:00,577.4,577.4,574.75,574.75,100,12775,619.26,573.95,576.15
12496,2021-03-10 10:43:00,562.8,562.8,562.8,562.8,25,12600,619.15,560.25,564.0
12497,2021-03-10 10:44:00,560.25,562.05,560.25,562.05,50,12600,618.92,558.6,561.8
12498,2021-03-10 10:45:00,560.25,562.05,560.25,562.05,50,12600,618.92,558.6,561.8
12499,2021-03-10 10:46:00,567.25,567.25,567.25,567.25,25,0,618.82,569.9,572.9
12500,2021-03-10 10:47:00,576.25,576.25,576.25,576.25,75,12625,618.58,567.95,570.85
12501,2021-03-10 10:48:00,570.45,570.45,570.45,570.45,25,12650,618.49,566.75,569.35
12502,2021-03-10 10:49:00,570.45,570.45,570.45,570.45,25,12650,618.49,566.75,569.35
12503,2021-03-10 10:50:00,570.45,570.45,570.45,570.45,25,12650,618.49,566.75,569.35
12504,2021-03-10 10:51:00,582.25,582.25,582.25,582.25,25,12650,618.42,580.25,583.4
12505,2021-03-10 10:52:00,580.55,580.55,580.55,580.55,25,12650,618.35,582.25,586.25
12506,2021-03-10 10:53:00,587.1,587.1,587.1,587.1,25,12650,618.29,584.75,586.7
12507,2021-03-10 10:54:00,584.95,584.95,584.95,584.95,25,12650,618.22,582.75,586.45
12508,2021-03-10 10:55:00,584.95,584.95,584.95,584.95,25,12650,618.22,582.75,586.45
12509,2021-03-10 10:56:00,574.75,574.75,574.75,574.75,50,12650,618.06,568.75,572.45
12510,2021-03-10 10:57:00,561.0,561.0,561.0,561.0,25,12650,617.95,557.8,560.95
12511,2021-03-10 10:58:00,561.45,561.45,556.4,556.4,75,12650,617.62,556.5,559.75
12512,2021-03-10 10:59:00,553.1,559.55,553.1,559.55,125,12650,617.04,558.75,561.1
12513,2021-03-10 11:00:00,561.95,561.95,561.95,561.95,50,12625,616.84,565.3,567.75
12514,2021-03-10 11:01:00,566.4,566.4,566.4,566.4,25,12625,616.75,563.8,566.8
12515,2021-03-10 11:02:00,552.85,552.85,550.0,550.0,75,12625,616.38,555.55,558.6
12516,2021-03-10 11:03:00,554.45,554.45,554.45,554.45,50,12725,616.16,561.1,564.35
12517,2021-03-10 11:04:00,562.55,562.55,562.55,562.55,25,12725,616.06,561.75,565.75
12518,2021-03-10 11:05:00,562.55,562.55,562.55,562.55,25,12725,616.06,561.75,565.75
12519,2021-03-10 11:06:00,569.0,573.55,569.0,573.55,50,12750,615.89,574.1,577.85
12520,2021-03-10 11:07:00,573.55,573.55,573.55,573.55,50,12750,615.74,569.6,573.0
12521,2021-03-10 11:08:00,573.55,573.55,573.55,573.55,50,12750,615.74,569.6,573.0
12522,2021-03-10 11:09:00,573.55,573.55,573.55,573.55,50,12750,615.74,569.6,573.0
12523,2021-03-10 11:10:00,564.45,564.45,564.45,564.45,25,12700,615.64,566.05,568.55
12524,2021-03-10 11:11:00,562.65,562.65,562.65,562.65,25,12675,615.55,561.3,564.7
12525,2021-03-10 11:12:00,562.65,562.65,562.65,562.65,25,12675,615.55,561.3,564.7
12526,2021-03-10 11:13:00,560.1,560.1,560.1,560.1,25,12675,615.45,558.95,561.85
12527,2021-03-10 11:14:00,560.1,560.1,560.1,560.1,25,12675,615.45,558.95,561.85
12528,2021-03-10 11:15:00,555.7,555.7,555.7,555.7,25,12700,615.34,556.45,559.8
12529,2021-03-10 11:16:00,555.7,555.7,555.7,555.7,25,12700,615.34,556.45,559.8
12530,2021-03-10 11:17:00,555.7,555.7,555.7,555.7,25,12700,615.34,556.45,559.8
12531,2021-03-10 11:18:00,554.85,554.85,554.85,554.85,25,12725,615.23,556.2,560.1
12532,2021-03-10 11:19:00,561.05,561.05,561.05,561.05,25,12725,615.13,555.5,558.05
12533,2021-03-10 11:20:00,561.05,561.05,561.05,561.05,25,12725,615.13,555.5,558.05
12534,2021-03-10 11:21:00,561.05,561.05,561.05,561.05,25,12725,615.13,555.5,558.05
12535,2021-03-10 11:22:00,564.6,564.6,564.6,564.6,25,12725,615.04,564.65,566.3
12536,2021-03-10 11:23:00,564.6,564.6,564.6,564.6,25,12725,615.04,564.65,566.3
12537,2021-03-10 11:24:00,564.6,564.6,564.6,564.6,25,12725,615.04,564.65,566.3
12538,2021-03-10 11:25:00,558.8,560.35,558.8,560.35,50,12650,614.84,561.3,566.2
12539,2021-03-10 11:26:00,578.6,578.6,578.6,578.6,25,12650,614.78,574.7,578.55
12540,2021-03-10 11:27:00,576.8,576.8,573.2,573.2,275,12675,614.02,571.75,576.55
12541,2021-03-10 11:28:00,576.8,576.8,573.2,573.2,275,12675,614.02,571.75,576.55
12542,2021-03-10 11:29:00,576.8,576.8,573.2,573.2,275,12675,614.02,571.75,576.55
12543,2021-03-10 11:30:00,587.0,588.25,587.0,588.25,125,12750,613.8,582.2,587.8
12544,2021-03-10 11:31:00,580.95,580.95,580.95,580.95,25,12750,613.74,580.15,583.5
12545,2021-03-10 11:32:00,580.95,580.95,580.95,580.95,25,12750,613.74,580.15,583.5
12546,2021-03-10 11:33:00,579.25,579.25,579.25,579.25,100,0,613.51,578.65,582.4
12547,2021-03-10 11:34:00,579.25,579.25,579.25,579.25,100,0,613.51,578.65,582.4
12548,2021-03-10 11:35:00,579.25,579.25,579.25,579.25,100,0,613.51,578.65,582.4
12549,2021-03-10 11:36:00,568.35,568.35,568.35,568.35,25,12750,613.43,563.45,565.85
12550,2021-03-10 11:37:00,562.2,562.2,557.25,557.4,150,12750,612.87,555.75,559.3
12551,2021-03-10 11:38:00,562.2,562.2,557.25,557.4,150,12750,612.87,555.75,559.3
12552,2021-03-10 11:39:00,562.2,562.2,557.25,557.4,150,12750,612.87,555.75,559.3
12553,2021-03-10 11:40:00,565.0,565.0,565.0,565.0,25,12750,612.79,571.4,573.0
12554,2021-03-10 11:41:00,562.9,562.9,562.9,562.9,25,12750,612.71,564.55,566.95
12555,2021-03-10 11:42:00,562.9,562.9,562.9,562.9,25,12750,612.71,564.55,566.95
12556,2021-03-10 11:43:00,560.0,560.0,560.0,560.0,25,12750,612.62,558.5,562.25
12557,2021-03-10 11:44:00,560.0,560.0,560.0,560.0,25,12750,612.62,558.5,562.25
12558,2021-03-10 11:45:00,560.0,560.0,560.0,560.0,25,12750,612.62,558.5,562.25
12559,2021-03-10 11:46:00,559.45,561.3,559.45,561.3,125,12775,612.18,561.55,564.45
12560,2021-03-10 11:47:00,559.45,561.3,559.45,561.3,125,12775,612.18,561.55,564.45
12561,2021-03-10 11:48:00,559.45,561.3,559.45,561.3,125,12775,612.18,561.55,564.45
12562,2021-03-10 11:49:00,560.8,560.8,558.8,558.8,50,12825,612.01,557.4,559.5
12563,2021-03-10 11:50:00,557.4,558.0,553.6,558.0,125,12825,611.54,555.6,559.0
12564,2021-03-10 11:51:00,557.0,557.0,556.1,556.1,50,12775,611.36,556.0,559.75
12565,2021-03-10 11:52:00,557.0,557.0,556.1,556.1,50,12775,611.36,556.0,559.75
12566,2021-03-10 11:53:00,557.0,557.0,556.1,556.1,50,12775,611.36,556.0,559.75
12567,2021-03-10 11:54:00,557.0,557.0,556.1,556.1,50,12775,611.36,556.0,559.75
12568,2021-03-10 11:55:00,557.0,557.0,556.1,556.1,50,12775,611.36,556.0,559.75
12569,2021-03-10 11:56:00,557.0,557.0,557.0,557.0,25,12775,611.27,554.85,558.65
12570,2021-03-10 11:57:00,558.35,558.35,558.35,558.35,25,12800,611.18,557.2,560.7
12571,2021-03-10 11:58:00,558.35,558.35,558.35,558.35,25,12800,611.18,557.2,560.7
12572,2021-03-10 11:59:00,558.35,558.35,558.35,558.35,25,12800,611.18,557.2,560.7
12573,2021-03-10 12:00:00,565.25,565.25,565.25,565.25,25,12775,611.1,566.55,569.8
12574,2021-03-10 12:01:00,566.05,566.05,555.0,555.0,100,12775,610.78,543.3,557.8
12575,2021-03-10 12:02:00,541.6,541.6,527.85,527.85,125,12775,610.17,527.85,530.7
12576,2021-03-10 12:03:00,527.85,527.85,517.65,521.05,300,12850,608.48,520.8,524.6
12577,2021-03-10 12:04:00,527.85,527.85,517.65,521.05,300,12850,608.48,520.8,524.6
12578,2021-03-10 12:05:00,528.7,528.7,528.7,528.7,25,12850,608.35,526.15,529.5
12579,2021-03-10 12:06:00,528.7,528.7,528.7,528.7,25,12850,608.35,526.15,529.5
12580,2021-03-10 12:07:00,523.55,523.55,523.55,523.55,25,12925,608.22,520.6,524.05
12581,2021-03-10 12:08:00,521.25,521.25,521.25,521.25,25,12925,608.08,521.1,524.2
12582,2021-03-10 12:09:00,521.25,521.25,521.25,521.25,25,12925,608.08,521.1,524.2
12583,2021-03-10 12:10:00,508.05,508.05,508.05,508.05,150,12950,607.2,506.8,510.25
12584,2021-03-10 12:11:00,508.05,508.05,508.05,508.05,150,12950,607.2,506.8,510.25
12585,2021-03-10 12:12:00,515.35,515.35,512.0,515.1,100,13025,606.62,517.1,520.7
12586,2021-03-10 12:13:00,518.0,518.65,518.0,518.65,50,13025,606.35,517.4,521.05
12587,2021-03-10 12:14:00,520.0,520.0,520.0,520.0,25,13025,606.21,524.15,527.45
12588,2021-03-10 12:15:00,519.2,521.0,519.2,521.0,75,13100,605.82,520.85,523.4
12589,2021-03-10 12:16:00,519.2,521.0,519.2,521.0,75,13100,605.82,520.85,523.4
12590,2021-03-10 12:17:00,517.75,519.05,516.65,519.05,100,13100,605.28,514.3,518.0
12591,2021-03-10 12:18:00,517.75,519.05,516.65,519.05,100,13100,605.28,514.3,518.0
12592,2021-03-10 12:19:00,503.25,503.25,494.35,501.15,325,13050,603.22,498.8,504.5
12593,2021-03-10 12:20:00,500.0,500.0,500.0,500.0,25,13050,603.07,505.8,509.3
12594,2021-03-10 12:21:00,500.0,500.0,500.0,500.0,25,13050,603.07,505.8,509.3
12595,2021-03-10 12:22:00,508.55,508.55,508.55,508.55,25,13050,602.93,506.0,509.65
12596,2021-03-10 12:23:00,509.2,509.2,509.2,509.2,50,13050,602.65,502.95,506.85
12597,2021-03-10 12:24:00,509.2,509.2,509.2,509.2,50,13050,602.65,502.95,506.85
12598,2021-03-10 12:25:00,509.2,509.2,509.2,509.2,50,13050,602.65,502.95,506.85
12599,2021-03-10 12:26:00,509.2,509.2,509.2,509.2,50,13050,602.65,502.95,506.85
12600,2021-03-10 12:27:00,509.2,509.2,509.2,509.2,50,13050,602.65,502.95,506.85
12601,2021-03-10 12:28:00,524.45,524.45,524.45,524.45,50,13100,602.42,524.15,526.1
12602,2021-03-10 12:29:00,524.15,524.15,524.15,524.15,25,13100,602.3,522.15,525.75
12603,2021-03-10 12:30:00,524.15,524.15,524.15,524.15,25,13100,602.3,522.15,525.75
12604,2021-03-10 12:31:00,525.3,525.3,525.3,525.3,50,13100,602.07,521.0,523.1
12605,2021-03-10 12:32:00,525.3,525.3,525.3,525.3,50,13100,602.07,521.0,523.1
12606,2021-03-10 12:33:00,534.95,538.0,534.95,538.0,175,13100,601.39,533.3,536.55
12607,2021-03-10 12:34:00,538.0,538.0,538.0,538.0,100,13100,601.02,535.6,538.95
12608,2021-03-10 12:35:00,538.0,538.0,538.0,538.0,100,13100,601.02,535.6,538.95
12609,2021-03-10 12:36:00,538.0,538.0,538.0,538.0,100,13100,601.02,535.6,538.95
12610,2021-03-10 12:37:00,534.65,534.65,534.65,534.65,50,13000,600.83,534.35,537.65
12611,2021-03-10 12:38:00,538.15,539.25,537.05,539.25,125,13000,600.38,538.85,542.45
12612,2021-03-10 12:39:00,538.15,539.25,537.05,539.25,125,13000,600.38,538.85,542.45
12613,2021-03-10 12:40:00,541.2,541.2,541.2,541.2,25,12950,600.29,538.0,541.35
12614,2021-03-10 12:41:00,536.0,536.0,536.0,536.0,25,12950,600.2,534.15,537.4
12615,2021-03-10 12:42:00,536.0,536.0,536.0,536.0,25,12950,600.2,534.15,537.4
12616,2021-03-10 12:43:00,542.4,542.4,542.4,542.4,25,12975,600.11,536.25,539.9
12617,2021-03-10 12:44:00,542.4,542.4,542.4,542.4,25,12975,600.11,536.25,539.9
12618,2021-03-10 12:45:00,540.85,548.5,540.85,546.7,100,12975,599.81,547.25,550.75
12619,2021-03-10 12:46:00,540.85,548.5,540.85,546.7,100,12975,599.81,547.25,550.75
12620,2021-03-10 12:47:00,540.85,548.5,540.85,546.7,100,12975,599.81,547.25,550.75
12621,2021-03-10 12:48:00,524.95,524.95,524.95,524.95,50,12900,599.59,524.8,528.35
12622,2021-03-10 12:49:00,525.05,525.05,525.05,525.05,50,12900,599.38,524.2,526.05
12623,2021-03-10 12:50:00,525.05,525.05,525.05,525.05,50,12900,599.38,524.2,526.05
12624,2021-03-10 12:51:00,525.05,525.05,525.05,525.05,50,12900,599.38,524.2,526.05
12625,2021-03-10 12:52:00,534.65,534.65,534.65,534.65,25,12950,599.29,532.7,536.6
12626,2021-03-10 12:53:00,534.65,534.65,534.65,534.65,25,12950,599.29,532.7,536.6
12627,2021-03-10 12:54:00,534.65,534.65,534.65,534.65,25,12950,599.29,532.7,536.6
12628,2021-03-10 12:55:00,534.25,535.2,534.25,535.2,50,12925,599.1,538.75,542.3
12629,2021-03-10 12:56:00,543.05,543.05,543.05,543.05,25,12925,599.03,542.6,546.3
12630,2021-03-10 12:57:00,543.05,543.05,543.05,543.05,25,12925,599.03,542.6,546.3
12631,2021-03-10 12:58:00,550.55,550.55,550.55,550.55,75,12875,598.81,541.9,545.5
12632,2021-03-10 12:59:00,550.55,550.55,550.55,550.55,75,12875,598.81,541.9,545.5
12633,2021-03-10 13:00:00,545.45,545.5,545.45,545.5,50,12825,598.66,537.2,541.75
12634,2021-03-10 13:01:00,545.45,545.5,545.45,545.5,50,12825,598.66,537.2,541.75
12635,2021-03-10 13:02:00,544.05,544.05,544.05,544.05,25,12825,598.58,545.0,548.4
12636,2021-03-10 13:03:00,556.35,556.35,556.35,556.35,50,12850,598.46,553.4,557.7
12637,2021-03-10 13:04:00,562.25,562.25,560.35,560.35,75,12850,598.31,554.55,559.65
12638,2021-03-10 13:05:00,560.0,560.0,560.0,560.0,25,12850,598.26,556.25,559.85
12639,2021-03-10 13:06:00,560.0,560.0,560.0,560.0,25,12850,598.26,556.25,559.85
12640,2021-03-10 13:07:00,568.1,568.1,568.1,568.1,75,0,598.12,561.4,565.75
12641,2021-03-10 13:08:00,566.0,566.0,566.0,566.0,25,12775,598.07,560.15,564.1
12642,2021-03-10 13:09:00,566.0,566.0,566.0,566.0,25,12775,598.07,560.15,564.1
12643,2021-03-10 13:10:00,558.75,558.75,556.55,558.35,75,12775,597.91,553.85,557.5
12644,2021-03-10 13:11:00,549.55,549.55,549.35,549.35,500,12775,596.58,553.35,556.55
12645,2021-03-10 13:12:00,549.55,549.55,549.35,549.35,500,12775,596.58,553.35,556.55
12646,2021-03-10 13:13:00,549.55,549.55,549.35,549.35,500,12775,596.58,553.35,556.55
12647,2021-03-10 13:14:00,549.55,549.55,549.35,549.35,500,12775,596.58,553.35,556.55
12648,2021-03-10 13:15:00,576.55,576.55,576.55,576.55,250,12725,596.3,578.75,585.1
12649,2021-03-10 13:16:00,581.7,581.7,581.7,581.7,25,12725,596.28,584.9,589.45
12650,2021-03-10 13:17:00,581.7,581.7,581.7,581.7,25,12725,596.28,584.9,589.45
12651,2021-03-10 13:18:00,585.0,588.1,585.0,588.1,150,12625,596.2,583.85,587.35
12652,2021-03-10 13:19:00,576.95,576.95,576.95,576.95,50,12625,596.15,584.65,587.9
12653,2021-03-10 13:20:00,584.0,584.0,579.0,580.2,100,12625,596.07,577.9,581.5
12654,2021-03-10 13:21:00,576.4,576.4,570.0,570.0,100,12625,595.95,572.0,575.6
12655,2021-03-10 13:22:00,573.35,573.35,573.35,573.35,25,12625,595.92,574.7,578.95
12656,2021-03-10 13:23:00,573.35,573.35,573.35,573.35,25,12625,595.92,574.7,578.95
12657,2021-03-10 13:24:00,573.35,573.35,573.35,573.35,25,12625,595.92,574.7,578.95
12658,2021-03-10 13:25:00,573.35,573.35,573.35,573.35,25,12625,595.92,574.7,578.95
12659,2021-03-10 13:26:00,572.7,572.7,564.15,564.15,75,12625,595.82,565.25,569.05
12660,2021-03-10 13:27:00,559.3,559.3,556.8,556.8,75,12550,595.67,553.6,557.65
12661,2021-03-10 13:28:00,559.3,559.3,556.8,556.8,75,12550,595.67,553.6,557.65
12662,2021-03-10 13:29:00,559.3,559.3,556.8,556.8,75,12550,595.67,553.6,557.65
12663,2021-03-10 13:30:00,559.3,559.3,556.8,556.8,75,12550,595.67,553.6,557.65
12664,2021-03-10 13:31:00,556.95,556.95,556.95,556.95,25,12525,595.62,560.05,563.35
12665,2021-03-10 13:32:00,559.2,559.2,549.1,549.1,175,12525,595.22,546.05,550.0
12666,2021-03-10 13:33:00,541.75,541.75,535.0,535.0,175,12525,594.74,534.2,538.7
12667,2021-03-10 13:34:00,535.7,535.7,535.7,535.7,25,12550,594.66,537.35,541.5
12668,2021-03-10 13:35:00,535.7,535.7,535.7,535.7,25,12550,594.66,537.35,541.5
12669,2021-03-10 13:36:00,527.95,527.95,520.35,520.45,175,12575,594.03,522.4,525.95
12670,2021-03-10 13:37:00,524.3,524.3,524.3,524.3,25,12575,593.94,525.2,528.45
12671,2021-03-10 13:38:00,537.25,537.25,537.25,537.25,25,12575,593.87,535.2,537.95
12672,2021-03-10 13:39:00,537.25,537.25,537.25,537.25,25,12575,593.87,535.2,537.95
12673,2021-03-10 13:40:00,537.25,537.25,537.25,537.25,25,12575,593.87,535.2,537.95
12674,2021-03-10 13:41:00,541.85,541.85,541.85,541.85,25,12550,593.81,543.15,546.65
12675,2021-03-10 13:42:00,541.35,541.35,541.35,541.35,75,12550,593.61,541.85,544.5
12676,2021-03-10 13:43:00,548.7,555.5,548.7,554.35,150,12550,593.31,554.25,557.5
12677,2021-03-10 13:44:00,553.0,553.0,551.2,551.2,50,12550,593.21,550.85,553.65
12678,2021-03-10 13:45:00,543.95,545.4,543.3,545.4,100,12500,592.97,545.95,549.9
12679,2021-03-10 13:46:00,543.95,545.4,543.3,545.4,100,12500,592.97,545.95,549.9
12680,2021-03-10 13:47:00,545.85,545.85,539.55,539.55,100,12500,592.73,541.35,544.7
12681,2021-03-10 13:48:00,548.5,548.5,548.5,548.5,50,12475,592.62,548.45,551.85
12682,2021-03-10 13:49:00,548.5,548.5,548.5,548.5,50,12475,592.62,548.45,551.85
12683,2021-03-10 13:50:00,548.5,548.5,548.5,548.5,50,12475,592.62,548.45,551.85
12684,2021-03-10 13:51:00,548.5,548.5,548.5,548.5,50,12475,592.62,548.45,551.85
12685,2021-03-10 13:52:00,548.5,548.5,548.5,548.5,50,12475,592.62,548.45,551.85
12686,2021-03-10 13:53:00,548.5,548.5,548.5,548.5,50,12475,592.62,548.45,551.85
12687,2021-03-10 13:54:00,548.5,548.5,548.5,548.5,50,12475,592.62,548.45,551.85
12688,2021-03-10 13:55:00,545.15,545.15,534.85,534.85,75,12500,592.42,536.25,539.55
12689,2021-03-10 13:56:00,536.9,536.9,536.9,536.9,25,12500,592.36,534.65,537.05
12690,2021-03-10 13:57:00,536.9,536.9,536.9,536.9,25,12500,592.36,534.65,537.05
12691,2021-03-10 13:58:00,536.9,536.9,536.9,536.9,25,12500,592.36,534.65,537.05
12692,2021-03-10 13:59:00,539.55,539.55,531.4,531.4,50,12475,592.22,527.2,531.7
12693,2021-03-10 14:00:00,531.3,538.45,531.3,538.45,50,12475,592.08,539.6,542.45
12694,2021-03-10 14:01:00,531.3,538.45,531.3,538.45,50,12475,592.08,539.6,542.45
12695,2021-03-10 14:02:00,531.3,538.45,531.3,538.45,50,12475,592.08,539.6,542.45
12696,2021-03-10 14:03:00,539.15,539.15,539.15,539.15,25,12475,592.02,536.4,540.0
12697,2021-03-10 14:04:00,538.4,538.4,538.4,538.4,50,12475,591.89,542.55,545.95
12698,2021-03-10 14:05:00,546.75,546.75,546.75,546.75,25,12475,591.84,540.3,543.25
12699,2021-03-10 14:06:00,541.25,541.25,535.2,535.2,75,12475,591.65,535.6,538.8
12700,2021-03-10 14:07:00,541.25,541.25,535.2,535.2,75,12475,591.65,535.6,538.8
12701,2021-03-10 14:08:00,543.25,552.65,543.25,552.65,175,12475,591.3,550.95,554.35
12702,2021-03-10 14:09:00,565.05,565.05,565.05,565.05,25,12450,591.27,559.15,562.1
12703,2021-03-10 14:10:00,562.5,562.5,562.5,562.5,25,12450,591.23,558.3,562.8
12704,2021-03-10 14:11:00,561.0,561.0,561.0,561.0,100,12450,591.09,556.6,561.3
12705,2021-03-10 14:12:00,559.65,561.6,559.65,561.6,50,12300,591.02,559.7,562.3
12706,2021-03-10 14:13:00,559.8,559.8,559.8,559.8,25,12300,590.98,561.5,564.4
12707,2021-03-10 14:14:00,559.8,559.8,559.8,559.8,25,12300,590.98,561.5,564.4
12708,2021-03-10 14:15:00,569.05,569.05,568.3,568.3,50,12275,590.93,560.2,563.85
12709,2021-03-10 14:16:00,564.4,568.2,562.9,562.9,150,12275,590.75,559.55,562.85
12710,2021-03-10 14:17:00,552.5,554.25,552.5,554.25,50,12275,590.66,547.9,551.45
12711,2021-03-10 14:18:00,546.5,546.5,546.5,546.5,25,12275,590.61,548.15,550.75
12712,2021-03-10 14:19:00,546.5,546.5,546.5,546.5,25,12275,590.61,548.15,550.75
12713,2021-03-10 14:20:00,563.05,563.05,563.05,563.05,125,12375,590.44,567.45,571.25
12714,2021-03-10 14:21:00,566.5,566.5,564.35,564.35,875,12350,589.45,566.3,569.8
12715,2021-03-10 14:22:00,565.1,565.1,565.1,565.1,25,12350,589.42,565.85,569.85
12716,2021-03-10 14:23:00,565.1,565.1,565.1,565.1,25,12350,589.42,565.85,569.85
12717,2021-03-10 14:24:00,568.0,568.0,568.0,568.0,100,12350,589.34,566.55,571.1
12718,2021-03-10 14:25:00,560.9,560.9,560.9,560.9,75,12375,589.24,560.15,562.4
12719,2021-03-10 14:26:00,560.9,560.9,560.9,560.9,75,12375,589.24,560.15,562.4
12720,2021-03-10 14:27:00,560.9,560.9,560.9,560.9,75,12375,589.24,560.15,562.4
12721,2021-03-10 14:28:00,560.9,560.9,560.9,560.9,75,12375,589.24,560.15,562.4
12722,2021-03-10 14:29:00,560.9,560.9,560.9,560.9,75,12375,589.24,560.15,562.4
12723,2021-03-10 14:30:00,569.6,569.6,569.2,569.2,50,12300,589.2,562.25,565.65
12724,2021-03-10 14:31:00,560.05,560.05,560.05,560.05,25,12325,589.17,562.5,565.6
12725,2021-03-10 14:32:00,561.85,561.85,561.85,561.85,25,12325,589.14,559.65,563.2
12726,2021-03-10 14:33:00,561.15,561.15,561.15,561.15,25,12325,589.1,555.85,558.35
12727,2021-03-10 14:34:00,554.35,554.35,544.5,544.5,100,12300,588.94,548.5,552.35
12728,2021-03-10 14:35:00,554.35,554.35,544.5,544.5,100,12300,588.94,548.5,552.35
12729,2021-03-10 14:36:00,550.2,558.6,549.7,558.6,150,12300,588.71,559.25,563.55
12730,2021-03-10 14:37:00,558.9,558.9,558.9,558.9,25,12275,588.68,556.15,560.5
12731,2021-03-10 14:38:00,558.9,558.9,558.9,558.9,25,12275,588.68,556.15,560.5
12732,2021-03-10 14:39:00,557.05,557.05,557.05,557.05,25,12275,588.64,554.9,558.3
12733,2021-03-10 14:40:00,557.05,557.05,557.05,557.05,25,12275,588.64,554.9,558.3
12734,2021-03-10 14:41:00,554.25,554.25,554.25,554.25,25,12250,588.61,553.65,556.95
12735,2021-03-10 14:42:00,554.25,554.25,554.25,554.25,25,12250,588.61,553.65,556.95
12736,2021-03-10 14:43:00,551.75,551.75,551.75,551.75,25,12225,588.57,549.55,552.95
12737,2021-03-10 14:44:00,551.75,551.75,551.75,551.75,25,12225,588.57,549.55,552.95
12738,2021-03-10 14:45:00,551.5,551.5,548.3,548.3,50,12250,588.49,548.3,551.65
12739,2021-03-10 14:46:00,538.25,538.25,538.25,538.25,25,12250,588.43,540.2,542.5
12740,2021-03-10 14:47:00,539.45,539.45,539.45,539.45,25,12250,588.38,541.85,544.6
12741,2021-03-10 14:48:00,539.45,539.45,539.45,539.45,25,12250,588.33,536.55,539.6
12742,2021-03-10 14:49:00,535.5,535.8,530.3,530.3,250,12250,587.75,524.8,528.5
12743,2021-03-10 14:50:00,521.15,521.15,512.1,512.1,125,12250,587.37,522.85,526.75
12744,2021-03-10 14:51:00,526.0,534.2,526.0,534.2,50,12250,587.25,530.15,533.65
12745,2021-03-10 14:52:00,520.4,527.55,520.4,527.55,125,12250,586.93,526.5,530.2
12746,2021-03-10 14:53:00,533.25,533.8,527.1,527.1,250,12250,586.37,527.9,530.85
12747,2021-03-10 14:54:00,533.25,533.8,527.1,527.1,250,12250,586.37,527.9,530.85
12748,2021-03-10 14:55:00,533.25,533.8,527.1,527.1,250,12250,586.37,527.9,530.85
12749,2021-03-10 14:56:00,533.25,533.8,527.1,527.1,250,12250,586.37,527.9,530.85
12750,2021-03-10 14:57:00,533.25,533.8,527.1,527.1,250,12250,586.37,527.9,530.85
12751,2021-03-10 14:58:00,533.25,533.8,527.1,527.1,250,12250,586.37,527.9,530.85
12752,2021-03-10 14:59:00,537.75,537.75,537.75,537.75,50,12250,586.27,536.75,540.85
12753,2021-03-10 15:00:00,548.5,549.0,544.0,546.65,125,12300,586.06,538.7,544.55
12754,2021-03-10 15:01:00,548.5,549.0,544.0,546.65,125,12300,586.06,538.7,544.55
12755,2021-03-10 15:02:00,540.75,540.75,540.75,540.75,25,0,586.02,539.1,543.15
12756,2021-03-10 15:03:00,540.75,540.75,540.75,540.75,25,0,586.02,539.1,543.15
12757,2021-03-10 15:04:00,538.0,538.0,538.0,538.0,25,12275,585.97,530.45,535.3
12758,2021-03-10 15:05:00,538.0,538.0,538.0,538.0,25,12275,585.97,530.45,535.3
12759,2021-03-10 15:06:00,537.35,537.35,537.35,537.35,25,0,585.92,539.7,542.5
12760,2021-03-10 15:07:00,542.5,542.5,542.5,542.5,125,12250,585.7,540.95,544.35
12761,2021-03-10 15:08:00,542.5,542.5,542.5,542.5,125,12250,585.7,540.95,544.35
12762,2021-03-10 15:09:00,545.0,545.0,545.0,545.0,50,0,585.61,546.4,549.0
12763,2021-03-10 15:10:00,544.7,544.7,544.7,544.7,25,12325,585.57,543.55,546.8
12764,2021-03-10 15:11:00,545.2,545.2,542.05,542.05,175,12325,585.29,542.05,545.15
12765,2021-03-10 15:12:00,542.0,542.0,542.0,542.0,25,12325,585.24,540.35,543.15
12766,2021-03-10 15:13:00,543.4,543.4,543.4,543.4,25,12325,585.2,541.2,544.2
12767,2021-03-10 15:14:00,540.2,544.05,540.2,544.05,50,12325,585.11,542.05,544.2
12768,2021-03-10 15:15:00,541.7,545.0,541.7,545.0,100,12325,584.95,545.3,547.0
12769,2021-03-10 15:16:00,546.9,547.45,546.9,547.45,100,12200,584.8,543.7,546.7
12770,2021-03-10 15:17:00,547.45,547.45,547.45,547.45,25,12200,584.76,545.65,547.4
12771,2021-03-10 15:18:00,547.0,547.0,547.0,547.0,250,12200,584.39,548.1,550.95
12772,2021-03-10 15:19:00,547.0,547.0,547.0,547.0,250,12200,584.39,548.1,550.95
12773,2021-03-10 15:20:00,547.0,547.0,547.0,547.0,250,12200,584.39,548.1,550.95
12774,2021-03-10 15:21:00,552.7,552.7,552.7,552.7,100,12200,584.25,549.15,552.1
12775,2021-03-10 15:22:00,552.7,552.7,552.7,552.7,100,12200,584.25,549.15,552.1
12776,2021-03-10 15:23:00,547.9,547.9,547.9,547.9,100,0,584.12,545.9,547.35
12777,2021-03-10 15:24:00,547.9,547.9,547.9,547.9,100,0,584.12,545.9,547.35
12778,2021-03-10 15:25:00,547.75,547.75,547.75,547.75,25,12200,584.09,548.35,549.55
12779,2021-03-10 15:26:00,549.4,549.4,549.4,549.4,1150,12200,582.63,549.05,553.35
12780,2021-03-10 15:27:00,549.4,549.4,549.4,549.4,1150,12200,582.63,549.05,553.35
12781,2021-03-10 15:28:00,551.35,551.35,545.0,545.0,100,13200,582.51,543.45,545.2
12782,2021-03-10 15:29:00,551.35,551.35,545.0,545.0,100,13200,582.51,543.45,545.2
12783,2021-03-10 15:30:00,543.5,565.0,540.55,545.8,200,13200,582.24,538.05,567.05
12784,2021-03-11 09:15:00,543.5,565.0,540.55,545.8,200,13200,582.24,538.05,567.05
12785,2021-03-11 09:16:00,543.5,565.0,540.55,545.8,200,13200,582.24,538.05,567.05
12786,2021-03-11 09:17:00,543.5,565.0,540.55,545.8,200,13200,582.24,538.05,567.05
12787,2021-03-11 09:18:00,543.5,565.0,540.55,545.8,200,13200,582.24,538.05,567.05
12788,2021-03-11 09:19:00,543.5,565.0,540.55,545.8,200,13200,582.24,538.05,567.05
12789,2021-03-11 09:20:00,543.5,565.0,540.55,545.8,200,13200,582.24,538.05,567.05
12790,2021-03-11 09:21:00,543.5,565.0,540.55,545.8,200,13200,582.24,538.05,567.05
12791,2021-03-11 09:22:00,543.5,565.0,540.55,545.8,200,13200,582.24,538.05,567.05
12792,2021-03-11 09:23:00,543.5,565.0,540.55,545.8,200,13200,582.24,538.05,567.05
12793,2021-03-11 09:24:00,543.5,565.0,540.55,545.8,200,13200,582.24,538.05,567.05
12794,2021-03-11 09:25:00,543.5,565.0,540.55,545.8,200,13200,582.24,538.05,567.05
12795,2021-03-11 09:26:00,543.5,565.0,540.55,545.8,200,13200,582.24,538.05,567.05
12796,2021-03-11 09:27:00,543.5,565.0,540.55,545.8,200,13200,582.24,538.05,567.05
12797,2021-03-11 09:28:00,543.5,565.0,540.55,545.8,200,13200,582.24,538.05,567.05
12798,2021-03-11 09:29:00,543.5,565.0,540.55,545.8,200,13200,582.24,538.05,567.05
12799,2021-03-11 09:30:00,543.5,565.0,540.55,545.8,200,13200,582.24,538.05,567.05
12800,2021-03-11 09:31:00,543.5,565.0,540.55,545.8,200,13200,582.24,538.05,567.05
12801,2021-03-11 09:32:00,543.5,565.0,540.55,545.8,200,13200,582.24,538.05,567.05
12802,2021-03-11 09:33:00,543.5,565.0,540.55,545.8,200,13200,582.24,538.05,567.05
12803,2021-03-11 09:34:00,543.5,565.0,540.55,545.8,200,13200,582.24,538.05,567.05
12804,2021-03-11 09:35:00,543.5,565.0,540.55,545.8,200,13200,582.24,538.05,567.05
12805,2021-03-11 09:36:00,543.5,565.0,540.55,545.8,200,13200,582.24,538.05,567.05
12806,2021-03-11 09:37:00,543.5,565.0,540.55,545.8,200,13200,582.24,538.05,567.05
12807,2021-03-11 09:38:00,543.5,565.0,540.55,545.8,200,13200,582.24,538.05,567.05
12808,2021-03-11 09:39:00,543.5,565.0,540.55,545.8,200,13200,582.24,538.05,567.05
12809,2021-03-11 09:40:00,543.5,565.0,540.55,545.8,200,13200,582.24,538.05,567.05
12810,2021-03-11 09:41:00,543.5,565.0,540.55,545.8,200,13200,582.24,538.05,567.05
12811,2021-03-11 09:42:00,543.5,565.0,540.55,545.8,200,13200,582.24,538.05,567.05
12812,2021-03-11 09:43:00,543.5,565.0,540.55,545.8,200,13200,582.24,538.05,567.05
12813,2021-03-11 09:44:00,543.5,565.0,540.55,545.8,200,13200,582.24,538.05,567.05
12814,2021-03-11 09:45:00,543.5,565.0,540.55,545.8,200,13200,582.24,538.05,567.05
12815,2021-03-11 09:46:00,543.5,565.0,540.55,545.8,200,13200,582.24,538.05,567.05
12816,2021-03-11 09:47:00,543.5,565.0,540.55,545.8,200,13200,582.24,538.05,567.05
12817,2021-03-11 09:48:00,543.5,565.0,540.55,545.8,200,13200,582.24,538.05,567.05
12818,2021-03-11 09:49:00,543.5,565.0,540.55,545.8,200,13200,582.24,538.05,567.05
12819,2021-03-11 09:50:00,543.5,565.0,540.55,545.8,200,13200,582.24,538.05,567.05
12820,2021-03-11 09:51:00,543.5,565.0,540.55,545.8,200,13200,582.24,538.05,567.05
12821,2021-03-11 09:52:00,543.5,565.0,540.55,545.8,200,13200,582.24,538.05,567.05
12822,2021-03-11 09:53:00,543.5,565.0,540.55,545.8,200,13200,582.24,538.05,567.05
12823,2021-03-11 09:54:00,543.5,565.0,540.55,545.8,200,13200,582.24,538.05,567.05
12824,2021-03-11 09:55:00,543.5,565.0,540.55,545.8,200,13200,582.24,538.05,567.05
12825,2021-03-11 09:56:00,543.5,565.0,540.55,545.8,200,13200,582.24,538.05,567.05
12826,2021-03-11 09:57:00,543.5,565.0,540.55,545.8,200,13200,582.24,538.05,567.05
12827,2021-03-11 09:58:00,543.5,565.0,540.55,545.8,200,13200,582.24,538.05,567.05
12828,2021-03-11 09:59:00,543.5,565.0,540.55,545.8,200,13200,582.24,538.05,567.05
12829,2021-03-11 10:00:00,543.5,565.0,540.55,545.8,200,13200,582.24,538.05,567.05
12830,2021-03-11 10:01:00,543.5,565.0,540.55,545.8,200,13200,582.24,538.05,567.05
12831,2021-03-11 10:02:00,543.5,565.0,540.55,545.8,200,13200,582.24,538.05,567.05
12832,2021-03-11 10:03:00,543.5,565.0,540.55,545.8,200,13200,582.24,538.05,567.05
12833,2021-03-11 10:04:00,543.5,565.0,540.55,545.8,200,13200,582.24,538.05,567.05
12834,2021-03-11 10:05:00,543.5,565.0,540.55,545.8,200,13200,582.24,538.05,567.05
12835,2021-03-11 10:06:00,543.5,565.0,540.55,545.8,200,13200,582.24,538.05,567.05
12836,2021-03-11 10:07:00,543.5,565.0,540.55,545.8,200,13200,582.24,538.05,567.05
12837,2021-03-11 10:08:00,543.5,565.0,540.55,545.8,200,13200,582.24,538.05,567.05
12838,2021-03-11 10:09:00,543.5,565.0,540.55,545.8,200,13200,582.24,538.05,567.05
12839,2021-03-11 10:10:00,543.5,565.0,540.55,545.8,200,13200,582.24,538.05,567.05
12840,2021-03-11 10:11:00,543.5,565.0,540.55,545.8,200,13200,582.24,538.05,567.05
12841,2021-03-11 10:12:00,543.5,565.0,540.55,545.8,200,13200,582.24,538.05,567.05
12842,2021-03-11 10:13:00,543.5,565.0,540.55,545.8,200,13200,582.24,538.05,567.05
12843,2021-03-11 10:14:00,543.5,565.0,540.55,545.8,200,13200,582.24,538.05,567.05
12844,2021-03-11 10:15:00,543.5,565.0,540.55,545.8,200,13200,582.24,538.05,567.05
12845,2021-03-11 10:16:00,543.5,565.0,540.55,545.8,200,13200,582.24,538.05,567.05
12846,2021-03-11 10:17:00,543.5,565.0,540.55,545.8,200,13200,582.24,538.05,567.05
12847,2021-03-11 10:18:00,543.5,565.0,540.55,545.8,200,13200,582.24,538.05,567.05
12848,2021-03-11 10:19:00,543.5,565.0,540.55,545.8,200,13200,582.24,538.05,567.05
12849,2021-03-11 10:20:00,543.5,565.0,540.55,545.8,200,13200,582.24,538.05,567.05
12850,2021-03-11 10:21:00,543.5,565.0,540.55,545.8,200,13200,582.24,538.05,567.05
12851,2021-03-11 10:22:00,543.5,565.0,540.55,545.8,200,13200,582.24,538.05,567.05
12852,2021-03-11 10:23:00,543.5,565.0,540.55,545.8,200,13200,582.24,538.05,567.05
12853,2021-03-11 10:24:00,543.5,565.0,540.55,545.8,200,13200,582.24,538.05,567.05
12854,2021-03-11 10:25:00,543.5,565.0,540.55,545.8,200,13200,582.24,538.05,567.05
12855,2021-03-11 10:26:00,543.5,565.0,540.55,545.8,200,13200,582.24,538.05,567.05
12856,2021-03-11 10:27:00,543.5,565.0,540.55,545.8,200,13200,582.24,538.05,567.05
12857,2021-03-11 10:28:00,543.5,565.0,540.55,545.8,200,13200,582.24,538.05,567.05
12858,2021-03-11 10:29:00,543.5,565.0,540.55,545.8,200,13200,582.24,538.05,567.05
12859,2021-03-11 10:30:00,543.5,565.0,540.55,545.8,200,13200,582.24,538.05,567.05
12860,2021-03-11 10:31:00,543.5,565.0,540.55,545.8,200,13200,582.24,538.05,567.05
12861,2021-03-11 10:32:00,543.5,565.0,540.55,545.8,200,13200,582.24,538.05,567.05
12862,2021-03-11 10:33:00,543.5,565.0,540.55,545.8,200,13200,582.24,538.05,567.05
12863,2021-03-11 10:34:00,543.5,565.0,540.55,545.8,200,13200,582.24,538.05,567.05
12864,2021-03-11 10:35:00,543.5,565.0,540.55,545.8,200,13200,582.24,538.05,567.05
12865,2021-03-11 10:36:00,543.5,565.0,540.55,545.8,200,13200,582.24,538.05,567.05
12866,2021-03-11 10:37:00,543.5,565.0,540.55,545.8,200,13200,582.24,538.05,567.05
12867,2021-03-11 10:38:00,543.5,565.0,540.55,545.8,200,13200,582.24,538.05,567.05
12868,2021-03-11 10:39:00,543.5,565.0,540.55,545.8,200,13200,582.24,538.05,567.05
12869,2021-03-11 10:40:00,543.5,565.0,540.55,545.8,200,13200,582.24,538.05,567.05
12870,2021-03-11 10:41:00,543.5,565.0,540.55,545.8,200,13200,582.24,538.05,567.05
12871,2021-03-11 10:42:00,543.5,565.0,540.55,545.8,200,13200,582.24,538.05,567.05
12872,2021-03-11 10:43:00,543.5,565.0,540.55,545.8,200,13200,582.24,538.05,567.05
12873,2021-03-11 10:44:00,543.5,565.0,540.55,545.8,200,13200,582.24,538.05,567.05
12874,2021-03-11 10:45:00,543.5,565.0,540.55,545.8,200,13200,582.24,538.05,567.05
12875,2021-03-11 10:46:00,543.5,565.0,540.55,545.8,200,13200,582.24,538.05,567.05
12876,2021-03-11 10:47:00,543.5,565.0,540.55,545.8,200,13200,582.24,538.05,567.05
12877,2021-03-11 10:48:00,543.5,565.0,540.55,545.8,200,13200,582.24,538.05,567.05
12878,2021-03-11 10:49:00,543.5,565.0,540.55,545.8,200,13200,582.24,538.05,567.05
12879,2021-03-11 10:50:00,543.5,565.0,540.55,545.8,200,13200,582.24,538.05,567.05
12880,2021-03-11 10:51:00,543.5,565.0,540.55,545.8,200,13200,582.24,538.05,567.05
12881,2021-03-11 10:52:00,543.5,565.0,540.55,545.8,200,13200,582.24,538.05,567.05
12882,2021-03-11 10:53:00,543.5,565.0,540.55,545.8,200,13200,582.24,538.05,567.05
12883,2021-03-11 10:54:00,543.5,565.0,540.55,545.8,200,13200,582.24,538.05,567.05
12884,2021-03-11 10:55:00,543.5,565.0,540.55,545.8,200,13200,582.24,538.05,567.05
12885,2021-03-11 10:56:00,543.5,565.0,540.55,545.8,200,13200,582.24,538.05,567.05
12886,2021-03-11 10:57:00,543.5,565.0,540.55,545.8,200,13200,582.24,538.05,567.05
12887,2021-03-11 10:58:00,543.5,565.0,540.55,545.8,200,13200,582.24,538.05,567.05
12888,2021-03-11 10:59:00,543.5,565.0,540.55,545.8,200,13200,582.24,538.05,567.05
12889,2021-03-11 11:00:00,543.5,565.0,540.55,545.8,200,13200,582.24,538.05,567.05
12890,2021-03-11 11:01:00,543.5,565.0,540.55,545.8,200,13200,582.24,538.05,567.05
12891,2021-03-11 11:02:00,543.5,565.0,540.55,545.8,200,13200,582.24,538.05,567.05
12892,2021-03-11 11:03:00,543.5,565.0,540.55,545.8,200,13200,582.24,538.05,567.05
12893,2021-03-11 11:04:00,543.5,565.0,540.55,545.8,200,13200,582.24,538.05,567.05
12894,2021-03-11 11:05:00,543.5,565.0,540.55,545.8,200,13200,582.24,538.05,567.05
12895,2021-03-11 11:06:00,543.5,565.0,540.55,545.8,200,13200,582.24,538.05,567.05
12896,2021-03-11 11:07:00,543.5,565.0,540.55,545.8,200,13200,582.24,538.05,567.05
12897,2021-03-11 11:08:00,543.5,565.0,540.55,545.8,200,13200,582.24,538.05,567.05
12898,2021-03-11 11:09:00,543.5,565.0,540.55,545.8,200,13200,582.24,538.05,567.05
12899,2021-03-11 11:10:00,543.5,565.0,540.55,545.8,200,13200,582.24,538.05,567.05
12900,2021-03-11 11:11:00,543.5,565.0,540.55,545.8,200,13200,582.24,538.05,567.05
12901,2021-03-11 11:12:00,543.5,565.0,540.55,545.8,200,13200,582.24,538.05,567.05
12902,2021-03-11 11:13:00,543.5,565.0,540.55,545.8,200,13200,582.24,538.05,567.05
12903,2021-03-11 11:14:00,543.5,565.0,540.55,545.8,200,13200,582.24,538.05,567.05
12904,2021-03-11 11:15:00,543.5,565.0,540.55,545.8,200,13200,582.24,538.05,567.05
12905,2021-03-11 11:16:00,543.5,565.0,540.55,545.8,200,13200,582.24,538.05,567.05
12906,2021-03-11 11:17:00,543.5,565.0,540.55,545.8,200,13200,582.24,538.05,567.05
12907,2021-03-11 11:18:00,543.5,565.0,540.55,545.8,200,13200,582.24,538.05,567.05
12908,2021-03-11 11:19:00,543.5,565.0,540.55,545.8,200,13200,582.24,538.05,567.05
12909,2021-03-11 11:20:00,543.5,565.0,540.55,545.8,200,13200,582.24,538.05,567.05
12910,2021-03-11 11:21:00,543.5,565.0,540.55,545.8,200,13200,582.24,538.05,567.05
12911,2021-03-11 11:22:00,543.5,565.0,540.55,545.8,200,13200,582.24,538.05,567.05
12912,2021-03-11 11:23:00,543.5,565.0,540.55,545.8,200,13200,582.24,538.05,567.05
12913,2021-03-11 11:24:00,543.5,565.0,540.55,545.8,200,13200,582.24,538.05,567.05
12914,2021-03-11 11:25:00,543.5,565.0,540.55,545.8,200,13200,582.24,538.05,567.05
12915,2021-03-11 11:26:00,543.5,565.0,540.55,545.8,200,13200,582.24,538.05,567.05
12916,2021-03-11 11:27:00,543.5,565.0,540.55,545.8,200,13200,582.24,538.05,567.05
12917,2021-03-11 11:28:00,543.5,565.0,540.55,545.8,200,13200,582.24,538.05,567.05
12918,2021-03-11 11:29:00,543.5,565.0,540.55,545.8,200,13200,582.24,538.05,567.05
12919,2021-03-11 11:30:00,543.5,565.0,540.55,545.8,200,13200,582.24,538.05,567.05
12920,2021-03-11 11:31:00,543.5,565.0,540.55,545.8,200,13200,582.24,538.05,567.05
12921,2021-03-11 11:32:00,543.5,565.0,540.55,545.8,200,13200,582.24,538.05,567.05
12922,2021-03-11 11:33:00,543.5,565.0,540.55,545.8,200,13200,582.24,538.05,567.05
12923,2021-03-11 11:34:00,543.5,565.0,540.55,545.8,200,13200,582.24,538.05,567.05
12924,2021-03-11 11:35:00,543.5,565.0,540.55,545.8,200,13200,582.24,538.05,567.05
12925,2021-03-11 11:36:00,543.5,565.0,540.55,545.8,200,13200,582.24,538.05,567.05
12926,2021-03-11 11:37:00,543.5,565.0,540.55,545.8,200,13200,582.24,538.05,567.05
12927,2021-03-11 11:38:00,543.5,565.0,540.55,545.8,200,13200,582.24,538.05,567.05
12928,2021-03-11 11:39:00,543.5,565.0,540.55,545.8,200,13200,582.24,538.05,567.05
12929,2021-03-11 11:40:00,543.5,565.0,540.55,545.8,200,13200,582.24,538.05,567.05
12930,2021-03-11 11:41:00,543.5,565.0,540.55,545.8,200,13200,582.24,538.05,567.05
12931,2021-03-11 11:42:00,543.5,565.0,540.55,545.8,200,13200,582.24,538.05,567.05
12932,2021-03-11 11:43:00,543.5,565.0,540.55,545.8,200,13200,582.24,538.05,567.05
12933,2021-03-11 11:44:00,543.5,565.0,540.55,545.8,200,13200,582.24,538.05,567.05
12934,2021-03-11 11:45:00,543.5,565.0,540.55,545.8,200,13200,582.24,538.05,567.05
12935,2021-03-11 11:46:00,543.5,565.0,540.55,545.8,200,13200,582.24,538.05,567.05
12936,2021-03-11 11:47:00,543.5,565.0,540.55,545.8,200,13200,582.24,538.05,567.05
12937,2021-03-11 11:48:00,543.5,565.0,540.55,545.8,200,13200,582.24,538.05,567.05
12938,2021-03-11 11:49:00,543.5,565.0,540.55,545.8,200,13200,582.24,538.05,567.05
12939,2021-03-11 11:50:00,543.5,565.0,540.55,545.8,200,13200,582.24,538.05,567.05
12940,2021-03-11 11:51:00,543.5,565.0,540.55,545.8,200,13200,582.24,538.05,567.05
12941,2021-03-11 11:52:00,543.5,565.0,540.55,545.8,200,13200,582.24,538.05,567.05
12942,2021-03-11 11:53:00,543.5,565.0,540.55,545.8,200,13200,582.24,538.05,567.05
12943,2021-03-11 11:54:00,543.5,565.0,540.55,545.8,200,13200,582.24,538.05,567.05
12944,2021-03-11 11:55:00,543.5,565.0,540.55,545.8,200,13200,582.24,538.05,567.05
12945,2021-03-11 11:56:00,543.5,565.0,540.55,545.8,200,13200,582.24,538.05,567.05
12946,2021-03-11 11:57:00,543.5,565.0,540.55,545.8,200,13200,582.24,538.05,567.05
12947,2021-03-11 11:58:00,543.5,565.0,540.55,545.8,200,13200,582.24,538.05,567.05
12948,2021-03-11 11:59:00,543.5,565.0,540.55,545.8,200,13200,582.24,538.05,567.05
12949,2021-03-11 12:00:00,543.5,565.0,540.55,545.8,200,13200,582.24,538.05,567.05
12950,2021-03-11 12:01:00,543.5,565.0,540.55,545.8,200,13200,582.24,538.05,567.05
12951,2021-03-11 12:02:00,543.5,565.0,540.55,545.8,200,13200,582.24,538.05,567.05
12952,2021-03-11 12:03:00,543.5,565.0,540.55,545.8,200,13200,582.24,538.05,567.05
12953,2021-03-11 12:04:00,543.5,565.0,540.55,545.8,200,13200,582.24,538.05,567.05
12954,2021-03-11 12:05:00,543.5,565.0,540.55,545.8,200,13200,582.24,538.05,567.05
12955,2021-03-11 12:06:00,543.5,565.0,540.55,545.8,200,13200,582.24,538.05,567.05
12956,2021-03-11 12:07:00,543.5,565.0,540.55,545.8,200,13200,582.24,538.05,567.05
12957,2021-03-11 12:08:00,543.5,565.0,540.55,545.8,200,13200,582.24,538.05,567.05
12958,2021-03-11 12:09:00,543.5,565.0,540.55,545.8,200,13200,582.24,538.05,567.05
12959,2021-03-11 12:10:00,543.5,565.0,540.55,545.8,200,13200,582.24,538.05,567.05
12960,2021-03-11 12:11:00,543.5,565.0,540.55,545.8,200,13200,582.24,538.05,567.05
12961,2021-03-11 12:12:00,543.5,565.0,540.55,545.8,200,13200,582.24,538.05,567.05
12962,2021-03-11 12:13:00,543.5,565.0,540.55,545.8,200,13200,582.24,538.05,567.05
12963,2021-03-11 12:14:00,543.5,565.0,540.55,545.8,200,13200,582.24,538.05,567.05
12964,2021-03-11 12:15:00,543.5,565.0,540.55,545.8,200,13200,582.24,538.05,567.05
12965,2021-03-11 12:16:00,543.5,565.0,540.55,545.8,200,13200,582.24,538.05,567.05
12966,2021-03-11 12:17:00,543.5,565.0,540.55,545.8,200,13200,582.24,538.05,567.05
12967,2021-03-11 12:18:00,543.5,565.0,540.55,545.8,200,13200,582.24,538.05,567.05
12968,2021-03-11 12:19:00,543.5,565.0,540.55,545.8,200,13200,582.24,538.05,567.05
12969,2021-03-11 12:20:00,543.5,565.0,540.55,545.8,200,13200,582.24,538.05,567.05
12970,2021-03-11 12:21:00,543.5,565.0,540.55,545.8,200,13200,582.24,538.05,567.05
12971,2021-03-11 12:22:00,543.5,565.0,540.55,545.8,200,13200,582.24,538.05,567.05
12972,2021-03-11 12:23:00,543.5,565.0,540.55,545.8,200,13200,582.24,538.05,567.05
12973,2021-03-11 12:24:00,543.5,565.0,540.55,545.8,200,13200,582.24,538.05,567.05
12974,2021-03-11 12:25:00,543.5,565.0,540.55,545.8,200,13200,582.24,538.05,567.05
12975,2021-03-11 12:26:00,543.5,565.0,540.55,545.8,200,13200,582.24,538.05,567.05
12976,2021-03-11 12:27:00,543.5,565.0,540.55,545.8,200,13200,582.24,538.05,567.05
12977,2021-03-11 12:28:00,543.5,565.0,540.55,545.8,200,13200,582.24,538.05,567.05
12978,2021-03-11 12:29:00,543.5,565.0,540.55,545.8,200,13200,582.24,538.05,567.05
12979,2021-03-11 12:30:00,543.5,565.0,540.55,545.8,200,13200,582.24,538.05,567.05
12980,2021-03-11 12:31:00,543.5,565.0,540.55,545.8,200,13200,582.24,538.05,567.05
12981,2021-03-11 12:32:00,543.5,565.0,540.55,545.8,200,13200,582.24,538.05,567.05
12982,2021-03-11 12:33:00,543.5,565.0,540.55,545.8,200,13200,582.24,538.05,567.05
12983,2021-03-11 12:34:00,543.5,565.0,540.55,545.8,200,13200,582.24,538.05,567.05
12984,2021-03-11 12:35:00,543.5,565.0,540.55,545.8,200,13200,582.24,538.05,567.05
12985,2021-03-11 12:36:00,543.5,565.0,540.55,545.8,200,13200,582.24,538.05,567.05
12986,2021-03-11 12:37:00,543.5,565.0,540.55,545.8,200,13200,582.24,538.05,567.05
12987,2021-03-11 12:38:00,543.5,565.0,540.55,545.8,200,13200,582.24,538.05,567.05
12988,2021-03-11 12:39:00,543.5,565.0,540.55,545.8,200,13200,582.24,538.05,567.05
12989,2021-03-11 12:40:00,543.5,565.0,540.55,545.8,200,13200,582.24,538.05,567.05
12990,2021-03-11 12:41:00,543.5,565.0,540.55,545.8,200,13200,582.24,538.05,567.05
12991,2021-03-11 12:42:00,543.5,565.0,540.55,545.8,200,13200,582.24,538.05,567.05
12992,2021-03-11 12:43:00,543.5,565.0,540.55,545.8,200,13200,582.24,538.05,567.05
12993,2021-03-11 12:44:00,543.5,565.0,540.55,545.8,200,13200,582.24,538.05,567.05
12994,2021-03-11 12:45:00,543.5,565.0,540.55,545.8,200,13200,582.24,538.05,567.05
12995,2021-03-11 12:46:00,543.5,565.0,540.55,545.8,200,13200,582.24,538.05,567.05
12996,2021-03-11 12:47:00,543.5,565.0,540.55,545.8,200,13200,582.24,538.05,567.05
12997,2021-03-11 12:48:00,543.5,565.0,540.55,545.8,200,13200,582.24,538.05,567.05
12998,2021-03-11 12:49:00,543.5,565.0,540.55,545.8,200,13200,582.24,538.05,567.05
12999,2021-03-11 12:50:00,543.5,565.0,540.55,545.8,200,13200,582.24,538.05,567.05
13000,2021-03-11 12:51:00,543.5,565.0,540.55,545.8,200,13200,582.24,538.05,567.05
13001,2021-03-11 12:52:00,543.5,565.0,540.55,545.8,200,13200,582.24,538.05,567.05
13002,2021-03-11 12:53:00,543.5,565.0,540.55,545.8,200,13200,582.24,538.05,567.05
13003,2021-03-11 12:54:00,543.5,565.0,540.55,545.8,200,13200,582.24,538.05,567.05
13004,2021-03-11 12:55:00,543.5,565.0,540.55,545.8,200,13200,582.24,538.05,567.05
13005,2021-03-11 12:56:00,543.5,565.0,540.55,545.8,200,13200,582.24,538.05,567.05
13006,2021-03-11 12:57:00,543.5,565.0,540.55,545.8,200,13200,582.24,538.05,567.05
13007,2021-03-11 12:58:00,543.5,565.0,540.55,545.8,200,13200,582.24,538.05,567.05
13008,2021-03-11 12:59:00,543.5,565.0,540.55,545.8,200,13200,582.24,538.05,567.05
13009,2021-03-11 13:00:00,543.5,565.0,540.55,545.8,200,13200,582.24,538.05,567.05
13010,2021-03-11 13:01:00,543.5,565.0,540.55,545.8,200,13200,582.24,538.05,567.05
13011,2021-03-11 13:02:00,543.5,565.0,540.55,545.8,200,13200,582.24,538.05,567.05
13012,2021-03-11 13:03:00,543.5,565.0,540.55,545.8,200,13200,582.24,538.05,567.05
13013,2021-03-11 13:04:00,543.5,565.0,540.55,545.8,200,13200,582.24,538.05,567.05
13014,2021-03-11 13:05:00,543.5,565.0,540.55,545.8,200,13200,582.24,538.05,567.05
13015,2021-03-11 13:06:00,543.5,565.0,540.55,545.8,200,13200,582.24,538.05,567.05
13016,2021-03-11 13:07:00,543.5,565.0,540.55,545.8,200,13200,582.24,538.05,567.05
13017,2021-03-11 13:08:00,543.5,565.0,540.55,545.8,200,13200,582.24,538.05,567.05
13018,2021-03-11 13:09:00,543.5,565.0,540.55,545.8,200,13200,582.24,538.05,567.05
13019,2021-03-11 13:10:00,543.5,565.0,540.55,545.8,200,13200,582.24,538.05,567.05
13020,2021-03-11 13:11:00,543.5,565.0,540.55,545.8,200,13200,582.24,538.05,567.05
13021,2021-03-11 13:12:00,543.5,565.0,540.55,545.8,200,13200,582.24,538.05,567.05
13022,2021-03-11 13:13:00,543.5,565.0,540.55,545.8,200,13200,582.24,538.05,567.05
13023,2021-03-11 13:14:00,543.5,565.0,540.55,545.8,200,13200,582.24,538.05,567.05
13024,2021-03-11 13:15:00,543.5,565.0,540.55,545.8,200,13200,582.24,538.05,567.05
13025,2021-03-11 13:16:00,543.5,565.0,540.55,545.8,200,13200,582.24,538.05,567.05
13026,2021-03-11 13:17:00,543.5,565.0,540.55,545.8,200,13200,582.24,538.05,567.05
13027,2021-03-11 13:18:00,543.5,565.0,540.55,545.8,200,13200,582.24,538.05,567.05
13028,2021-03-11 13:19:00,543.5,565.0,540.55,545.8,200,13200,582.24,538.05,567.05
13029,2021-03-11 13:20:00,543.5,565.0,540.55,545.8,200,13200,582.24,538.05,567.05
13030,2021-03-11 13:21:00,543.5,565.0,540.55,545.8,200,13200,582.24,538.05,567.05
13031,2021-03-11 13:22:00,543.5,565.0,540.55,545.8,200,13200,582.24,538.05,567.05
13032,2021-03-11 13:23:00,543.5,565.0,540.55,545.8,200,13200,582.24,538.05,567.05
13033,2021-03-11 13:24:00,543.5,565.0,540.55,545.8,200,13200,582.24,538.05,567.05
13034,2021-03-11 13:25:00,543.5,565.0,540.55,545.8,200,13200,582.24,538.05,567.05
13035,2021-03-11 13:26:00,543.5,565.0,540.55,545.8,200,13200,582.24,538.05,567.05
13036,2021-03-11 13:27:00,543.5,565.0,540.55,545.8,200,13200,582.24,538.05,567.05
13037,2021-03-11 13:28:00,543.5,565.0,540.55,545.8,200,13200,582.24,538.05,567.05
13038,2021-03-11 13:29:00,543.5,565.0,540.55,545.8,200,13200,582.24,538.05,567.05
13039,2021-03-11 13:30:00,543.5,565.0,540.55,545.8,200,13200,582.24,538.05,567.05
13040,2021-03-11 13:31:00,543.5,565.0,540.55,545.8,200,13200,582.24,538.05,567.05
13041,2021-03-11 13:32:00,543.5,565.0,540.55,545.8,200,13200,582.24,538.05,567.05
13042,2021-03-11 13:33:00,543.5,565.0,540.55,545.8,200,13200,582.24,538.05,567.05
13043,2021-03-11 13:34:00,543.5,565.0,540.55,545.8,200,13200,582.24,538.05,567.05
13044,2021-03-11 13:35:00,543.5,565.0,540.55,545.8,200,13200,582.24,538.05,567.05
13045,2021-03-11 13:36:00,543.5,565.0,540.55,545.8,200,13200,582.24,538.05,567.05
13046,2021-03-11 13:37:00,543.5,565.0,540.55,545.8,200,13200,582.24,538.05,567.05
13047,2021-03-11 13:38:00,543.5,565.0,540.55,545.8,200,13200,582.24,538.05,567.05
13048,2021-03-11 13:39:00,543.5,565.0,540.55,545.8,200,13200,582.24,538.05,567.05
13049,2021-03-11 13:40:00,543.5,565.0,540.55,545.8,200,13200,582.24,538.05,567.05
13050,2021-03-11 13:41:00,543.5,565.0,540.55,545.8,200,13200,582.24,538.05,567.05
13051,2021-03-11 13:42:00,543.5,565.0,540.55,545.8,200,13200,582.24,538.05,567.05
13052,2021-03-11 13:43:00,543.5,565.0,540.55,545.8,200,13200,582.24,538.05,567.05
13053,2021-03-11 13:44:00,543.5,565.0,540.55,545.8,200,13200,582.24,538.05,567.05
13054,2021-03-11 13:45:00,543.5,565.0,540.55,545.8,200,13200,582.24,538.05,567.05
13055,2021-03-11 13:46:00,543.5,565.0,540.55,545.8,200,13200,582.24,538.05,567.05
13056,2021-03-11 13:47:00,543.5,565.0,540.55,545.8,200,13200,582.24,538.05,567.05
13057,2021-03-11 13:48:00,543.5,565.0,540.55,545.8,200,13200,582.24,538.05,567.05
13058,2021-03-11 13:49:00,543.5,565.0,540.55,545.8,200,13200,582.24,538.05,567.05
13059,2021-03-11 13:50:00,543.5,565.0,540.55,545.8,200,13200,582.24,538.05,567.05
13060,2021-03-11 13:51:00,543.5,565.0,540.55,545.8,200,13200,582.24,538.05,567.05
13061,2021-03-11 13:52:00,543.5,565.0,540.55,545.8,200,13200,582.24,538.05,567.05
13062,2021-03-11 13:53:00,543.5,565.0,540.55,545.8,200,13200,582.24,538.05,567.05
13063,2021-03-11 13:54:00,543.5,565.0,540.55,545.8,200,13200,582.24,538.05,567.05
13064,2021-03-11 13:55:00,543.5,565.0,540.55,545.8,200,13200,582.24,538.05,567.05
13065,2021-03-11 13:56:00,543.5,565.0,540.55,545.8,200,13200,582.24,538.05,567.05
13066,2021-03-11 13:57:00,543.5,565.0,540.55,545.8,200,13200,582.24,538.05,567.05
13067,2021-03-11 13:58:00,543.5,565.0,540.55,545.8,200,13200,582.24,538.05,567.05
13068,2021-03-11 13:59:00,543.5,565.0,540.55,545.8,200,13200,582.24,538.05,567.05
13069,2021-03-11 14:00:00,543.5,565.0,540.55,545.8,200,13200,582.24,538.05,567.05
13070,2021-03-11 14:01:00,543.5,565.0,540.55,545.8,200,13200,582.24,538.05,567.05
13071,2021-03-11 14:02:00,543.5,565.0,540.55,545.8,200,13200,582.24,538.05,567.05
13072,2021-03-11 14:03:00,543.5,565.0,540.55,545.8,200,13200,582.24,538.05,567.05
13073,2021-03-11 14:04:00,543.5,565.0,540.55,545.8,200,13200,582.24,538.05,567.05
13074,2021-03-11 14:05:00,543.5,565.0,540.55,545.8,200,13200,582.24,538.05,567.05
13075,2021-03-11 14:06:00,543.5,565.0,540.55,545.8,200,13200,582.24,538.05,567.05
13076,2021-03-11 14:07:00,543.5,565.0,540.55,545.8,200,13200,582.24,538.05,567.05
13077,2021-03-11 14:08:00,543.5,565.0,540.55,545.8,200,13200,582.24,538.05,567.05
13078,2021-03-11 14:09:00,543.5,565.0,540.55,545.8,200,13200,582.24,538.05,567.05
13079,2021-03-11 14:10:00,543.5,565.0,540.55,545.8,200,13200,582.24,538.05,567.05
13080,2021-03-11 14:11:00,543.5,565.0,540.55,545.8,200,13200,582.24,538.05,567.05
13081,2021-03-11 14:12:00,543.5,565.0,540.55,545.8,200,13200,582.24,538.05,567.05
13082,2021-03-11 14:13:00,543.5,565.0,540.55,545.8,200,13200,582.24,538.05,567.05
13083,2021-03-11 14:14:00,543.5,565.0,540.55,545.8,200,13200,582.24,538.05,567.05
13084,2021-03-11 14:15:00,543.5,565.0,540.55,545.8,200,13200,582.24,538.05,567.05
13085,2021-03-11 14:16:00,543.5,565.0,540.55,545.8,200,13200,582.24,538.05,567.05
13086,2021-03-11 14:17:00,543.5,565.0,540.55,545.8,200,13200,582.24,538.05,567.05
13087,2021-03-11 14:18:00,543.5,565.0,540.55,545.8,200,13200,582.24,538.05,567.05
13088,2021-03-11 14:19:00,543.5,565.0,540.55,545.8,200,13200,582.24,538.05,567.05
13089,2021-03-11 14:20:00,543.5,565.0,540.55,545.8,200,13200,582.24,538.05,567.05
13090,2021-03-11 14:21:00,543.5,565.0,540.55,545.8,200,13200,582.24,538.05,567.05
13091,2021-03-11 14:22:00,543.5,565.0,540.55,545.8,200,13200,582.24,538.05,567.05
13092,2021-03-11 14:23:00,543.5,565.0,540.55,545.8,200,13200,582.24,538.05,567.05
13093,2021-03-11 14:24:00,543.5,565.0,540.55,545.8,200,13200,582.24,538.05,567.05
13094,2021-03-11 14:25:00,543.5,565.0,540.55,545.8,200,13200,582.24,538.05,567.05
13095,2021-03-11 14:26:00,543.5,565.0,540.55,545.8,200,13200,582.24,538.05,567.05
13096,2021-03-11 14:27:00,543.5,565.0,540.55,545.8,200,13200,582.24,538.05,567.05
13097,2021-03-11 14:28:00,543.5,565.0,540.55,545.8,200,13200,582.24,538.05,567.05
13098,2021-03-11 14:29:00,543.5,565.0,540.55,545.8,200,13200,582.24,538.05,567.05
13099,2021-03-11 14:30:00,543.5,565.0,540.55,545.8,200,13200,582.24,538.05,567.05
13100,2021-03-11 14:31:00,543.5,565.0,540.55,545.8,200,13200,582.24,538.05,567.05
13101,2021-03-11 14:32:00,543.5,565.0,540.55,545.8,200,13200,582.24,538.05,567.05
13102,2021-03-11 14:33:00,543.5,565.0,540.55,545.8,200,13200,582.24,538.05,567.05
13103,2021-03-11 14:34:00,543.5,565.0,540.55,545.8,200,13200,582.24,538.05,567.05
13104,2021-03-11 14:35:00,543.5,565.0,540.55,545.8,200,13200,582.24,538.05,567.05
13105,2021-03-11 14:36:00,543.5,565.0,540.55,545.8,200,13200,582.24,538.05,567.05
13106,2021-03-11 14:37:00,543.5,565.0,540.55,545.8,200,13200,582.24,538.05,567.05
13107,2021-03-11 14:38:00,543.5,565.0,540.55,545.8,200,13200,582.24,538.05,567.05
13108,2021-03-11 14:39:00,543.5,565.0,540.55,545.8,200,13200,582.24,538.05,567.05
13109,2021-03-11 14:40:00,543.5,565.0,540.55,545.8,200,13200,582.24,538.05,567.05
13110,2021-03-11 14:41:00,543.5,565.0,540.55,545.8,200,13200,582.24,538.05,567.05
13111,2021-03-11 14:42:00,543.5,565.0,540.55,545.8,200,13200,582.24,538.05,567.05
13112,2021-03-11 14:43:00,543.5,565.0,540.55,545.8,200,13200,582.24,538.05,567.05
13113,2021-03-11 14:44:00,543.5,565.0,540.55,545.8,200,13200,582.24,538.05,567.05
13114,2021-03-11 14:45:00,543.5,565.0,540.55,545.8,200,13200,582.24,538.05,567.05
13115,2021-03-11 14:46:00,543.5,565.0,540.55,545.8,200,13200,582.24,538.05,567.05
13116,2021-03-11 14:47:00,543.5,565.0,540.55,545.8,200,13200,582.24,538.05,567.05
13117,2021-03-11 14:48:00,543.5,565.0,540.55,545.8,200,13200,582.24,538.05,567.05
13118,2021-03-11 14:49:00,543.5,565.0,540.55,545.8,200,13200,582.24,538.05,567.05
13119,2021-03-11 14:50:00,543.5,565.0,540.55,545.8,200,13200,582.24,538.05,567.05
13120,2021-03-11 14:51:00,543.5,565.0,540.55,545.8,200,13200,582.24,538.05,567.05
13121,2021-03-11 14:52:00,543.5,565.0,540.55,545.8,200,13200,582.24,538.05,567.05
13122,2021-03-11 14:53:00,543.5,565.0,540.55,545.8,200,13200,582.24,538.05,567.05
13123,2021-03-11 14:54:00,543.5,565.0,540.55,545.8,200,13200,582.24,538.05,567.05
13124,2021-03-11 14:55:00,543.5,565.0,540.55,545.8,200,13200,582.24,538.05,567.05
13125,2021-03-11 14:56:00,543.5,565.0,540.55,545.8,200,13200,582.24,538.05,567.05
13126,2021-03-11 14:57:00,543.5,565.0,540.55,545.8,200,13200,582.24,538.05,567.05
13127,2021-03-11 14:58:00,543.5,565.0,540.55,545.8,200,13200,582.24,538.05,567.05
13128,2021-03-11 14:59:00,543.5,565.0,540.55,545.8,200,13200,582.24,538.05,567.05
13129,2021-03-11 15:00:00,543.5,565.0,540.55,545.8,200,13200,582.24,538.05,567.05
13130,2021-03-11 15:01:00,543.5,565.0,540.55,545.8,200,13200,582.24,538.05,567.05
13131,2021-03-11 15:02:00,543.5,565.0,540.55,545.8,200,13200,582.24,538.05,567.05
13132,2021-03-11 15:03:00,543.5,565.0,540.55,545.8,200,13200,582.24,538.05,567.05
13133,2021-03-11 15:04:00,543.5,565.0,540.55,545.8,200,13200,582.24,538.05,567.05
13134,2021-03-11 15:05:00,543.5,565.0,540.55,545.8,200,13200,582.24,538.05,567.05
13135,2021-03-11 15:06:00,543.5,565.0,540.55,545.8,200,13200,582.24,538.05,567.05
13136,2021-03-11 15:07:00,543.5,565.0,540.55,545.8,200,13200,582.24,538.05,567.05
13137,2021-03-11 15:08:00,543.5,565.0,540.55,545.8,200,13200,582.24,538.05,567.05
13138,2021-03-11 15:09:00,543.5,565.0,540.55,545.8,200,13200,582.24,538.05,567.05
13139,2021-03-11 15:10:00,543.5,565.0,540.55,545.8,200,13200,582.24,538.05,567.05
13140,2021-03-11 15:11:00,543.5,565.0,540.55,545.8,200,13200,582.24,538.05,567.05
13141,2021-03-11 15:12:00,543.5,565.0,540.55,545.8,200,13200,582.24,538.05,567.05
13142,2021-03-11 15:13:00,543.5,565.0,540.55,545.8,200,13200,582.24,538.05,567.05
13143,2021-03-11 15:14:00,543.5,565.0,540.55,545.8,200,13200,582.24,538.05,567.05
13144,2021-03-11 15:15:00,543.5,565.0,540.55,545.8,200,13200,582.24,538.05,567.05
13145,2021-03-11 15:16:00,543.5,565.0,540.55,545.8,200,13200,582.24,538.05,567.05
13146,2021-03-11 15:17:00,543.5,565.0,540.55,545.8,200,13200,582.24,538.05,567.05
13147,2021-03-11 15:18:00,543.5,565.0,540.55,545.8,200,13200,582.24,538.05,567.05
13148,2021-03-11 15:19:00,543.5,565.0,540.55,545.8,200,13200,582.24,538.05,567.05
13149,2021-03-11 15:20:00,543.5,565.0,540.55,545.8,200,13200,582.24,538.05,567.05
13150,2021-03-11 15:21:00,543.5,565.0,540.55,545.8,200,13200,582.24,538.05,567.05
13151,2021-03-11 15:22:00,543.5,565.0,540.55,545.8,200,13200,582.24,538.05,567.05
13152,2021-03-11 15:23:00,543.5,565.0,540.55,545.8,200,13200,582.24,538.05,567.05
13153,2021-03-11 15:24:00,543.5,565.0,540.55,545.8,200,13200,582.24,538.05,567.05
13154,2021-03-11 15:25:00,543.5,565.0,540.55,545.8,200,13200,582.24,538.05,567.05
13155,2021-03-11 15:26:00,543.5,565.0,540.55,545.8,200,13200,582.24,538.05,567.05
13156,2021-03-11 15:27:00,543.5,565.0,540.55,545.8,200,13200,582.24,538.05,567.05
13157,2021-03-11 15:28:00,543.5,565.0,540.55,545.8,200,13200,582.24,538.05,567.05
13158,2021-03-11 15:29:00,543.5,565.0,540.55,545.8,200,13200,582.24,538.05,567.05
13159,2021-03-11 15:30:00,543.5,565.0,540.55,545.8,200,13200,582.24,538.05,567.05
13160,2021-03-12 09:15:00,719.95,745.0,680.45,702.7,2400,13175,713.76,703.2,709.65
13161,2021-03-12 09:16:00,715.85,715.85,697.25,697.25,1275,13175,711.3,697.25,704.55
13162,2021-03-12 09:17:00,708.0,708.0,687.8,687.8,950,13925,708.8,687.8,691.5
13163,2021-03-12 09:18:00,683.35,700.4,679.0,696.7,425,13925,706.95,691.9,699.15
13164,2021-03-12 09:19:00,700.15,710.25,698.1,710.25,475,13925,706.72,709.85,716.3
13165,2021-03-12 09:20:00,711.4,730.7,711.05,730.7,475,14075,707.84,725.5,730.4
13166,2021-03-12 09:21:00,730.85,730.85,715.65,717.85,1025,14075,710.48,716.0,720.3
13167,2021-03-12 09:22:00,713.05,713.05,704.95,704.95,275,14075,710.48,702.7,705.45
13168,2021-03-12 09:23:00,704.85,706.55,700.0,700.0,450,14275,710.13,696.85,701.55
13169,2021-03-12 09:24:00,698.4,719.55,698.4,719.55,475,14275,709.88,715.5,718.85
13170,2021-03-12 09:25:00,718.45,720.0,715.6,715.6,75,14275,709.95,714.05,718.55
13171,2021-03-12 09:26:00,712.0,723.0,712.0,718.05,175,14500,710.14,721.2,726.4
13172,2021-03-12 09:27:00,727.6,734.9,726.8,732.4,475,14500,711.2,731.15,735.75
13173,2021-03-12 09:28:00,725.0,725.0,724.5,724.5,125,14500,711.39,721.3,726.05
13174,2021-03-12 09:29:00,724.9,724.9,714.8,724.9,125,14625,711.53,717.5,723.25
13175,2021-03-12 09:30:00,730.0,736.75,730.0,736.75,200,14625,711.98,720.0,723.8
13176,2021-03-12 09:31:00,720.0,720.0,705.1,714.85,425,14625,712.04,715.15,718.1
13177,2021-03-12 09:32:00,718.1,720.6,715.25,716.2,300,14425,712.2,714.25,717.8
13178,2021-03-12 09:33:00,715.6,715.6,710.0,714.95,400,14425,712.24,717.75,722.4
13179,2021-03-12 09:34:00,712.9,723.0,712.9,719.65,2325,14425,712.75,718.95,723.35
13180,2021-03-12 09:35:00,725.0,725.0,725.0,725.0,300,13850,713.03,718.65,721.8
13181,2021-03-12 09:36:00,719.0,719.0,713.0,713.0,175,13850,713.09,710.35,713.95
13182,2021-03-12 09:37:00,713.0,716.5,694.05,694.05,225,13850,712.93,692.95,696.55
13183,2021-03-12 09:38:00,713.0,716.5,694.05,694.05,225,13850,712.93,692.95,696.55
13184,2021-03-12 09:39:00,696.8,698.5,695.5,697.7,300,14025,712.58,690.5,693.95
13185,2021-03-12 09:40:00,696.45,705.05,696.45,705.05,50,14025,712.54,691.85,696.85
13186,2021-03-12 09:41:00,690.0,696.4,685.05,696.4,200,14325,712.25,691.35,695.75
13187,2021-03-12 09:42:00,700.0,700.0,700.0,700.0,25,14325,712.23,694.05,699.25
13188,2021-03-12 09:43:00,696.3,696.3,696.3,696.3,25,14325,712.2,692.1,696.5
13189,2021-03-12 09:44:00,692.45,702.8,692.45,702.8,125,14350,712.1,702.6,705.75
13190,2021-03-12 09:45:00,705.4,705.4,689.05,695.1,800,14350,710.97,698.55,703.5
13191,2021-03-12 09:46:00,692.15,692.15,692.15,692.15,125,14350,710.81,685.25,689.25
13192,2021-03-12 09:47:00,689.2,691.3,689.2,691.3,150,14125,710.61,689.5,693.3
13193,2021-03-12 09:48:00,693.45,693.45,691.3,691.3,50,14125,710.55,685.0,687.15
13194,2021-03-12 09:49:00,685.0,686.0,670.0,672.7,800,14125,709.12,671.85,674.6
13195,2021-03-12 09:50:00,679.2,679.2,679.2,679.2,50,14650,709.02,679.75,682.95
13196,2021-03-12 09:51:00,687.3,689.0,682.8,682.8,250,14650,708.69,680.3,683.2
13197,2021-03-12 09:52:00,681.5,681.5,674.85,675.2,100,14650,708.5,675.4,678.6
13198,2021-03-12 09:53:00,682.4,682.4,682.4,682.4,25,14775,708.46,675.85,679.35
13199,2021-03-12 09:54:00,682.8,683.0,682.8,683.0,150,14775,708.23,677.1,679.45
13200,2021-03-12 09:55:00,682.8,683.0,682.8,683.0,150,14775,708.23,677.1,679.45
13201,2021-03-12 09:56:00,675.0,675.0,675.0,675.0,25,14775,708.18,674.85,678.45
13202,2021-03-12 09:57:00,681.95,681.95,681.95,681.95,100,14850,708.02,683.6,688.0
13203,2021-03-12 09:58:00,688.0,705.3,688.0,702.85,675,14850,707.72,705.35,707.9
13204,2021-03-12 09:59:00,700.0,702.75,700.0,702.75,175,14850,707.67,702.95,705.9
13205,2021-03-12 10:00:00,709.15,713.5,707.55,713.5,175,14850,707.7,711.8,714.45
13206,2021-03-12 10:01:00,714.5,715.25,711.85,714.6,175,14850,707.75,702.55,706.55
13207,2021-03-12 10:02:00,706.6,706.6,700.1,700.1,100,14750,707.73,698.9,702.3
13208,2021-03-12 10:03:00,698.0,698.0,693.45,695.0,150,14750,707.63,695.2,698.7
13209,2021-03-12 10:04:00,693.0,693.0,689.0,689.0,175,14750,707.47,687.95,691.15
13210,2021-03-12 10:05:00,685.55,689.15,684.4,689.15,475,14850,706.92,691.2,694.2
13211,2021-03-12 10:06:00,687.1,687.1,683.0,683.2,200,14850,706.68,681.75,685.0
13212,2021-03-12 10:07:00,685.3,685.3,685.3,685.3,125,14850,706.54,685.9,689.5
13213,2021-03-12 10:08:00,685.3,685.3,685.3,685.3,125,14850,706.54,685.9,689.5
13214,2021-03-12 10:09:00,685.3,685.3,685.3,685.3,125,14850,706.54,685.9,689.5
13215,2021-03-12 10:10:00,676.55,676.6,676.55,676.6,300,14825,706.08,676.55,679.65
13216,2021-03-12 10:11:00,680.0,680.0,680.0,680.0,25,14825,706.04,677.7,681.15
13217,2021-03-12 10:12:00,679.95,679.95,679.95,679.95,25,15100,706.01,680.0,684.75
13218,2021-03-12 10:13:00,679.95,679.95,679.95,679.95,25,15100,706.01,680.0,684.75
13219,2021-03-12 10:14:00,674.0,674.0,670.0,670.0,50,15075,705.93,665.05,670.1
13220,2021-03-12 10:15:00,660.0,660.0,649.4,658.9,275,15075,705.23,655.9,660.2
13221,2021-03-12 10:16:00,650.0,650.0,646.25,646.25,50,15075,705.09,645.1,649.3
13222,2021-03-12 10:17:00,649.55,649.7,649.55,649.7,150,15075,704.68,651.25,654.2
13223,2021-03-12 10:18:00,650.35,650.35,650.35,650.35,25,15175,704.61,650.4,653.15
13224,2021-03-12 10:19:00,650.35,650.35,650.35,650.35,25,15175,704.61,650.4,653.15
13225,2021-03-12 10:20:00,650.35,650.35,650.35,650.35,25,15175,704.61,650.4,653.15
13226,2021-03-12 10:21:00,653.05,653.05,640.0,648.2,200,15175,704.03,646.9,650.25
13227,2021-03-12 10:22:00,651.0,651.0,651.0,651.0,25,15175,703.97,648.05,651.0
13228,2021-03-12 10:23:00,651.0,651.0,651.0,651.0,25,15175,703.97,648.05,651.0
13229,2021-03-12 10:24:00,645.75,645.75,637.9,637.9,150,15175,703.52,640.05,642.35
13230,2021-03-12 10:25:00,644.45,644.45,644.45,644.45,50,15175,703.37,648.0,650.8
13231,2021-03-12 10:26:00,649.6,649.6,649.6,649.6,75,15175,703.18,653.45,655.9
13232,2021-03-12 10:27:00,651.95,652.4,651.95,652.4,75,15275,702.99,652.0,654.6
13233,2021-03-12 10:28:00,651.95,651.95,650.0,650.0,50,15275,702.87,645.35,647.65
13234,2021-03-12 10:29:00,640.0,640.0,640.0,640.0,275,15275,702.05,640.15,642.9
13235,2021-03-12 10:30:00,636.0,638.95,628.65,638.6,275,15525,701.19,630.15,633.4
13236,2021-03-12 10:31:00,634.8,638.6,631.6,638.6,150,15525,700.73,642.85,645.85
13237,2021-03-12 10:32:00,650.0,650.4,650.0,650.4,275,15550,700.09,650.2,652.8
13238,2021-03-12 10:33:00,657.0,657.0,657.0,657.0,25,15550,700.04,653.9,657.2
13239,2021-03-12 10:34:00,651.45,651.45,651.45,651.45,25,15550,699.98,656.75,659.45
13240,2021-03-12 10:35:00,660.0,663.45,660.0,660.85,175,15500,699.69,662.05,665.25
13241,2021-03-12 10:36:00,662.85,663.95,662.85,663.95,75,15500,699.56,660.3,663.25
13242,2021-03-12 10:37:00,656.95,656.95,656.95,656.95,25,15500,699.52,660.0,663.0
13243,2021-03-12 10:38:00,663.15,663.15,663.15,663.15,25,15475,699.48,657.05,661.05
13244,2021-03-12 10:39:00,663.15,663.15,663.15,663.15,25,15475,699.48,657.05,661.05
13245,2021-03-12 10:40:00,652.3,652.8,652.3,652.8,50,15475,699.37,647.8,650.6
13246,2021-03-12 10:41:00,651.0,651.0,651.0,651.0,100,15475,699.15,647.9,650.7
13247,2021-03-12 10:42:00,651.0,651.0,651.0,651.0,100,15475,699.15,647.9,650.7
13248,2021-03-12 10:43:00,640.0,640.0,640.0,640.0,50,15250,699.02,647.2,649.9
13249,2021-03-12 10:44:00,650.05,650.05,647.95,647.95,50,15250,698.91,650.7,653.75
13250,2021-03-12 10:45:00,648.0,648.0,648.0,648.0,25,15200,698.85,646.2,648.95
13251,2021-03-12 10:46:00,648.0,648.0,648.0,648.0,25,15200,698.85,646.2,648.95
13252,2021-03-12 10:47:00,654.75,654.75,654.75,654.75,50,15200,698.76,654.55,657.3
13253,2021-03-12 10:48:00,657.0,657.0,656.45,656.45,50,15225,698.66,657.65,659.85
13254,2021-03-12 10:49:00,657.0,657.0,656.45,656.45,50,15225,698.66,657.65,659.85
13255,2021-03-12 10:50:00,652.6,652.6,652.6,652.6,25,15225,698.61,649.4,651.3
13256,2021-03-12 10:51:00,652.6,652.6,652.6,652.6,25,15225,698.61,649.4,651.3
13257,2021-03-12 10:52:00,652.1,652.1,652.1,652.1,25,15200,698.56,649.6,652.05
13258,2021-03-12 10:53:00,644.2,644.2,644.2,644.2,25,15175,698.5,641.85,644.9
13259,2021-03-12 10:54:00,644.2,644.2,644.2,644.2,25,15175,698.5,641.85,644.9
13260,2021-03-12 10:55:00,642.5,642.5,642.0,642.0,50,15175,698.38,646.45,648.8
13261,2021-03-12 10:56:00,642.5,642.5,642.0,642.0,50,15175,698.38,646.45,648.8
13262,2021-03-12 10:57:00,642.5,642.5,642.0,642.0,50,15175,698.38,646.45,648.8
13263,2021-03-12 10:58:00,642.5,642.5,642.0,642.0,50,15175,698.38,646.45,648.8
13264,2021-03-12 10:59:00,638.25,638.25,638.25,638.25,25,15150,698.31,639.5,641.9
13265,2021-03-12 11:00:00,638.25,638.25,638.25,638.25,25,15150,698.31,639.5,641.9
13266,2021-03-12 11:01:00,637.9,637.9,630.55,630.55,100,15150,698.03,629.85,632.6
13267,2021-03-12 11:02:00,620.1,624.75,620.0,624.75,425,15175,696.63,618.4,620.45
13268,2021-03-12 11:03:00,619.45,622.35,619.45,622.35,50,15175,696.47,623.25,625.45
13269,2021-03-12 11:04:00,623.8,630.35,623.8,630.35,125,15175,696.11,632.85,636.05
13270,2021-03-12 11:05:00,631.2,634.45,631.2,634.45,50,15450,695.97,634.4,637.0
13271,2021-03-12 11:06:00,631.2,634.45,631.2,634.45,50,15450,695.97,634.4,637.0
13272,2021-03-12 11:07:00,634.5,634.5,630.0,630.0,175,15450,695.49,629.2,631.7
13273,2021-03-12 11:08:00,633.65,633.65,633.65,633.65,25,15625,695.43,630.8,633.7
13274,2021-03-12 11:09:00,633.65,633.65,633.65,633.65,25,15625,695.43,630.8,633.7
13275,2021-03-12 11:10:00,633.65,633.65,633.65,633.65,25,15625,695.43,630.8,633.7
13276,2021-03-12 11:11:00,629.65,629.65,629.65,629.65,25,0,695.36,629.15,631.7
13277,2021-03-12 11:12:00,633.25,633.25,633.25,633.25,75,15525,695.16,633.55,635.1
13278,2021-03-12 11:13:00,632.2,632.2,632.2,632.2,25,15525,695.1,629.75,632.4
13279,2021-03-12 11:14:00,630.5,630.5,630.5,630.5,75,15525,694.89,631.6,633.5
13280,2021-03-12 11:15:00,630.5,630.5,630.5,630.5,75,15525,694.89,631.6,633.5
13281,2021-03-12 11:16:00,635.0,638.05,635.0,638.05,150,15575,694.53,634.8,637.5
13282,2021-03-12 11:17:00,635.0,638.05,635.0,638.05,150,15575,694.53,634.8,637.5
13283,2021-03-12 11:18:00,634.05,634.05,630.65,630.65,425,15700,693.45,627.75,630.8
13284,2021-03-12 11:19:00,626.65,626.65,626.65,626.65,25,15700,693.38,627.9,631.5
13285,2021-03-12 11:20:00,630.0,630.0,630.0,630.0,50,15700,693.25,630.15,633.15
13286,2021-03-12 11:21:00,631.3,631.75,631.3,631.75,50,15825,693.13,633.15,635.9
13287,2021-03-12 11:22:00,633.7,633.7,633.7,633.7,25,15825,693.07,630.6,633.55
13288,2021-03-12 11:23:00,633.25,633.25,633.25,633.25,25,15825,693.0,636.4,638.65
13289,2021-03-12 11:24:00,639.3,639.3,638.2,638.2,125,15725,692.73,633.25,635.55
13290,2021-03-12 11:25:00,631.8,631.8,631.8,631.8,25,15725,692.67,631.8,634.85
13291,2021-03-12 11:26:00,631.8,631.8,631.8,631.8,25,15725,692.67,631.8,634.85
13292,2021-03-12 11:27:00,634.85,634.85,634.85,634.85,50,15675,692.55,630.0,632.4
13293,2021-03-12 11:28:00,630.0,630.0,621.85,621.85,50,15675,692.41,623.6,626.85
13294,2021-03-12 11:29:00,626.95,626.95,626.95,626.95,25,15675,692.35,622.45,625.1
13295,2021-03-12 11:30:00,626.95,626.95,626.95,626.95,25,15675,692.35,622.45,625.1
13296,2021-03-12 11:31:00,626.95,626.95,626.95,626.95,25,15675,692.35,622.45,625.1
13297,2021-03-12 11:32:00,635.0,635.0,635.0,635.0,50,15700,692.23,636.85,639.95
13298,2021-03-12 11:33:00,646.2,661.7,646.2,661.7,300,15725,691.8,651.75,656.7
13299,2021-03-12 11:34:00,660.2,660.2,651.25,651.25,675,15725,690.93,652.9,656.15
13300,2021-03-12 11:35:00,651.25,655.3,651.25,651.25,575,15725,690.07,646.65,648.25
13301,2021-03-12 11:36:00,651.25,660.0,651.25,659.95,225,16725,689.78,657.75,660.0
13302,2021-03-12 11:37:00,651.5,651.5,651.5,651.5,25,16725,689.74,647.85,651.15
13303,2021-03-12 11:38:00,645.2,645.2,645.2,645.2,25,16725,689.7,645.3,648.25
13304,2021-03-12 11:39:00,650.2,650.2,650.2,650.2,25,16700,689.66,644.7,648.1
13305,2021-03-12 11:40:00,645.45,645.45,645.45,645.45,75,16700,689.54,644.15,646.5
13306,2021-03-12 11:41:00,639.7,639.7,639.7,639.7,25,16700,689.49,637.0,640.2
13307,2021-03-12 11:42:00,639.7,645.25,639.7,645.25,50,16775,689.41,642.35,644.95
13308,2021-03-12 11:43:00,643.25,643.25,643.25,643.25,25,16775,689.36,641.65,644.8
13309,2021-03-12 11:44:00,643.25,643.25,643.25,643.25,25,16775,689.36,641.65,644.8
13310,2021-03-12 11:45:00,647.55,647.55,647.55,647.55,25,16800,689.32,642.1,645.15
13311,2021-03-12 11:46:00,643.0,643.0,643.0,643.0,50,16800,689.24,640.65,643.5
13312,2021-03-12 11:47:00,643.0,643.0,643.0,643.0,50,16800,689.24,640.65,643.5
13313,2021-03-12 11:48:00,643.0,643.0,643.0,643.0,50,16800,689.24,640.65,643.5
13314,2021-03-12 11:49:00,643.0,643.0,643.0,643.0,50,16800,689.24,640.65,643.5
13315,2021-03-12 11:50:00,643.0,643.0,643.0,643.0,50,16800,689.24,640.65,643.5
13316,2021-03-12 11:51:00,654.05,654.05,647.1,647.1,300,16825,688.81,645.25,647.9
13317,2021-03-12 11:52:00,654.05,654.05,647.1,647.1,300,16825,688.81,645.25,647.9
13318,2021-03-12 11:53:00,654.05,654.05,647.1,647.1,300,16825,688.81,645.25,647.9
13319,2021-03-12 11:54:00,644.0,644.0,636.0,636.0,275,16925,688.36,638.75,641.15
13320,2021-03-12 11:55:00,642.95,642.95,642.95,642.95,25,16925,688.32,635.6,638.35
13321,2021-03-12 11:56:00,635.8,635.8,635.8,635.8,25,16925,688.27,632.65,635.25
13322,2021-03-12 11:57:00,635.8,635.8,635.8,635.8,25,16925,688.27,632.65,635.25
13323,2021-03-12 11:58:00,635.8,635.8,635.8,635.8,25,16925,688.27,632.65,635.25
13324,2021-03-12 11:59:00,635.8,635.8,635.8,635.8,25,16925,688.27,632.65,635.25
13325,2021-03-12 12:00:00,635.8,635.8,635.8,635.8,25,16925,688.27,632.65,635.25
13326,2021-03-12 12:01:00,641.4,641.4,641.4,641.4,25,16925,688.23,642.45,645.1
13327,2021-03-12 12:02:00,641.4,641.4,641.4,641.4,25,16925,688.23,642.45,645.1
13328,2021-03-12 12:03:00,641.4,641.4,641.4,641.4,25,16925,688.23,642.45,645.1
13329,2021-03-12 12:04:00,641.4,641.4,641.4,641.4,25,16925,688.23,642.45,645.1
13330,2021-03-12 12:05:00,639.35,643.0,639.35,643.0,50,16925,688.14,642.15,643.9
13331,2021-03-12 12:06:00,643.75,643.75,642.35,642.35,50,16925,688.06,635.0,636.4
13332,2021-03-12 12:07:00,635.0,635.0,619.05,619.05,175,16925,687.69,619.05,624.4
13333,2021-03-12 12:08:00,625.2,625.2,625.2,625.2,25,16925,687.63,625.45,627.45
13334,2021-03-12 12:09:00,625.2,625.2,625.2,625.2,25,16925,687.63,625.45,627.45
13335,2021-03-12 12:10:00,617.5,622.8,617.5,622.8,75,17000,687.45,620.25,622.55
13336,2021-03-12 12:11:00,622.05,622.05,622.05,622.05,50,17000,687.34,624.2,626.9
13337,2021-03-12 12:12:00,625.0,625.0,625.0,625.0,25,17075,687.28,624.2,626.8
13338,2021-03-12 12:13:00,622.55,622.85,622.55,622.85,75,17075,687.11,618.85,621.55
13339,2021-03-12 12:14:00,615.2,615.4,584.9,584.9,950,17075,684.16,585.7,588.2
13340,2021-03-12 12:15:00,580.05,580.05,565.85,579.9,650,16975,681.67,579.65,582.05
13341,2021-03-12 12:16:00,577.0,577.0,573.6,573.6,50,16975,681.49,579.1,581.6
13342,2021-03-12 12:17:00,580.1,588.5,580.1,586.55,550,16975,679.74,582.4,584.95
13343,2021-03-12 12:18:00,583.05,583.05,579.75,579.75,50,17450,679.58,577.6,580.95
13344,2021-03-12 12:19:00,581.85,581.85,581.55,581.75,100,17450,679.26,576.5,579.75
13345,2021-03-12 12:20:00,576.75,576.75,576.75,576.75,25,17450,679.18,581.2,582.9
13346,2021-03-12 12:21:00,581.5,581.5,575.35,575.35,525,17425,677.47,572.75,575.8
13347,2021-03-12 12:22:00,570.25,571.05,550.0,556.2,975,17425,673.85,556.9,561.9
13348,2021-03-12 12:23:00,562.05,564.0,562.05,564.0,100,17425,673.5,561.55,563.8
13349,2021-03-12 12:24:00,564.0,566.25,564.0,566.25,50,17250,673.33,565.35,567.75
13350,2021-03-12 12:25:00,566.05,571.9,566.05,571.9,50,17250,673.17,573.55,575.95
13351,2021-03-12 12:26:00,570.0,570.0,570.0,570.0,100,17250,672.85,568.3,570.45
13352,2021-03-12 12:27:00,567.6,567.6,566.9,566.9,50,17300,672.69,569.2,571.85
13353,2021-03-12 12:28:00,569.1,571.0,569.1,570.1,100,17300,672.37,566.85,568.8
13354,2021-03-12 12:29:00,565.2,565.3,565.2,565.3,50,17300,672.21,569.35,571.85
13355,2021-03-12 12:30:00,570.0,584.75,570.0,584.75,225,17625,671.58,582.5,585.1
13356,2021-03-12 12:31:00,580.1,580.1,580.1,580.1,25,17625,671.51,583.2,586.2
13357,2021-03-12 12:32:00,580.1,580.1,580.1,580.1,25,17625,671.51,583.2,586.2
13358,2021-03-12 12:33:00,580.1,580.1,580.1,580.1,25,17625,671.51,583.2,586.2
13359,2021-03-12 12:34:00,591.5,591.5,587.9,587.9,100,17575,671.26,583.55,586.3
13360,2021-03-12 12:35:00,586.75,587.9,586.75,587.9,100,17575,671.0,580.75,583.65
13361,2021-03-12 12:36:00,577.6,580.45,577.4,577.4,125,17475,670.66,575.65,577.85
13362,2021-03-12 12:37:00,577.6,577.6,573.85,573.85,75,17475,670.44,573.7,577.25
13363,2021-03-12 12:38:00,575.7,575.7,575.7,575.7,25,17475,670.37,573.4,576.7
13364,2021-03-12 12:39:00,570.9,575.0,570.9,574.35,150,17275,669.94,571.9,575.4
13365,2021-03-12 12:40:00,570.0,570.0,563.95,564.6,150,17275,669.48,561.35,564.95
13366,2021-03-12 12:41:00,569.5,569.5,569.5,569.5,25,17275,669.4,563.7,566.65
13367,2021-03-12 12:42:00,564.15,564.15,564.15,564.15,25,17175,669.32,562.85,565.35
13368,2021-03-12 12:43:00,562.45,563.95,562.45,563.95,75,17175,669.09,560.65,562.2
13369,2021-03-12 12:44:00,562.5,564.5,562.45,564.5,800,17175,666.62,558.9,560.2
13370,2021-03-12 12:45:00,556.0,557.1,545.65,556.1,850,17725,663.9,554.75,556.4
13371,2021-03-12 12:46:00,556.6,569.45,556.0,566.85,1225,17725,660.5,563.2,566.1
13372,2021-03-12 12:47:00,565.95,573.45,565.65,573.45,225,17725,659.94,570.95,572.4
13373,2021-03-12 12:48:00,572.5,575.35,570.45,572.35,250,18925,659.35,570.0,572.6
13374,2021-03-12 12:49:00,568.9,571.4,568.9,571.4,275,18925,658.69,570.2,573.1
13375,2021-03-12 12:50:00,572.8,572.8,566.6,566.6,50,18925,658.57,560.35,563.0
13376,2021-03-12 12:51:00,567.7,567.7,560.55,562.65,375,19100,657.64,561.05,563.1
13377,2021-03-12 12:52:00,560.7,562.05,558.75,561.05,125,19100,657.32,561.75,564.75
13378,2021-03-12 12:53:00,567.05,575.95,567.05,575.95,675,19100,655.79,573.55,576.5
13379,2021-03-12 12:54:00,575.15,575.15,575.15,575.15,50,19875,655.69,575.35,578.4
13380,2021-03-12 12:55:00,572.35,574.0,572.35,574.0,75,19875,655.53,571.25,574.4
13381,2021-03-12 12:56:00,573.25,575.1,570.9,572.7,250,19875,655.0,571.25,573.2
13382,2021-03-12 12:57:00,574.95,574.95,573.05,573.05,75,20100,654.84,573.5,576.15
13383,2021-03-12 12:58:00,577.85,577.85,577.85,577.85,25,20100,654.79,575.1,578.05
13384,2021-03-12 12:59:00,569.85,569.85,569.85,569.85,25,20100,654.74,569.35,572.3
13385,2021-03-12 13:00:00,571.55,571.55,563.2,565.0,275,19400,654.12,562.5,565.8
13386,2021-03-12 13:01:00,566.6,569.2,561.85,569.2,450,19400,653.12,567.3,569.9
13387,2021-03-12 13:02:00,576.35,580.0,576.35,580.0,450,19400,652.3,577.35,581.25
13388,2021-03-12 13:03:00,585.0,586.7,582.55,582.55,150,19675,652.05,582.7,585.5
13389,2021-03-12 13:04:00,581.6,581.6,581.3,581.3,75,19675,651.92,580.3,583.15
13390,2021-03-12 13:05:00,580.75,580.75,580.75,580.75,25,19675,651.88,586.7,589.75
13391,2021-03-12 13:06:00,586.7,586.95,581.45,581.45,100,19750,651.71,575.05,577.75
13392,2021-03-12 13:07:00,575.45,580.3,571.2,571.2,100,19750,651.52,574.3,577.5
13393,2021-03-12 13:08:00,579.8,579.8,579.8,579.8,25,19750,651.48,580.4,583.05
13394,2021-03-12 13:09:00,583.3,583.3,583.3,583.3,25,19750,651.44,580.95,583.45
13395,2021-03-12 13:10:00,583.3,583.3,583.3,583.3,25,19750,651.44,580.95,583.45
13396,2021-03-12 13:11:00,582.75,582.75,580.8,580.8,275,19750,650.98,576.95,579.7
13397,2021-03-12 13:12:00,582.75,582.75,580.8,580.8,275,19750,650.98,576.95,579.7
13398,2021-03-12 13:13:00,571.3,574.9,571.3,574.9,50,19500,650.88,566.7,569.65
13399,2021-03-12 13:14:00,573.6,573.6,565.0,565.0,50,19500,650.78,566.7,570.0
13400,2021-03-12 13:15:00,561.55,561.55,544.25,552.3,1350,19675,647.47,550.9,554.25
13401,2021-03-12 13:16:00,559.4,559.4,555.6,555.6,50,19675,647.36,556.25,559.15
13402,2021-03-12 13:17:00,559.4,559.4,555.6,555.6,50,19675,647.36,556.25,559.15
13403,2021-03-12 13:18:00,563.45,563.45,563.45,563.45,25,19225,647.31,565.7,568.8
13404,2021-03-12 13:19:00,567.45,571.3,567.45,571.3,75,19225,647.18,561.6,564.65
13405,2021-03-12 13:20:00,567.45,571.3,567.45,571.3,75,19225,647.18,561.6,564.65
13406,2021-03-12 13:21:00,561.35,561.35,561.35,561.35,25,19225,647.13,561.25,564.1
13407,2021-03-12 13:22:00,561.35,561.35,561.35,561.35,25,19225,647.13,561.25,564.1
13408,2021-03-12 13:23:00,562.15,562.15,562.15,562.15,25,19225,647.08,559.1,562.15
13409,2021-03-12 13:24:00,559.3,575.0,559.3,575.0,675,18625,645.85,570.65,573.6
13410,2021-03-12 13:25:00,573.0,573.0,572.5,572.5,75,18625,645.72,563.05,566.0
13411,2021-03-12 13:26:00,561.65,561.65,561.65,561.65,25,18625,645.67,562.5,565.75
13412,2021-03-12 13:27:00,567.95,570.1,565.55,565.55,125,18950,645.45,565.6,568.55
13413,2021-03-12 13:28:00,562.7,568.65,562.7,564.55,100,18950,645.27,563.0,565.75
13414,2021-03-12 13:29:00,560.0,560.0,553.9,553.9,125,18950,645.01,549.15,555.05
13415,2021-03-12 13:30:00,554.0,554.0,554.0,554.0,25,18950,644.96,549.7,554.0
13416,2021-03-12 13:31:00,540.95,541.25,537.45,537.45,300,18800,644.24,535.75,540.2
13417,2021-03-12 13:32:00,536.1,536.1,530.0,534.75,275,18800,643.55,532.45,535.8
13418,2021-03-12 13:33:00,527.1,529.15,520.0,526.0,200,19175,643.01,520.8,523.4
13419,2021-03-12 13:34:00,520.2,520.2,501.45,504.85,725,19175,640.89,505.05,508.5
13420,2021-03-12 13:35:00,508.35,508.35,495.25,507.4,350,19175,639.84,507.25,511.65
13421,2021-03-12 13:36:00,517.15,520.4,515.0,516.8,525,19525,638.44,513.9,518.35
13422,2021-03-12 13:37:00,512.85,517.25,512.85,517.25,100,19525,638.18,512.2,515.75
13423,2021-03-12 13:38:00,518.95,521.0,514.0,518.1,275,19525,637.46,514.15,518.9
13424,2021-03-12 13:39:00,512.75,512.75,510.0,510.0,50,19375,637.33,505.7,509.35
13425,2021-03-12 13:40:00,507.8,507.8,470.85,479.35,450,19375,635.86,474.1,479.1
13426,2021-03-12 13:41:00,474.5,475.0,466.2,474.6,225,19375,635.08,473.4,478.05
13427,2021-03-12 13:42:00,478.1,478.1,400.0,432.85,1725,19700,627.98,427.5,432.85
13428,2021-03-12 13:43:00,421.3,432.1,380.0,380.0,1500,19700,621.54,375.25,384.7
13429,2021-03-12 13:44:00,384.7,438.6,384.7,432.0,1050,19700,617.32,426.95,434.9
13430,2021-03-12 13:45:00,427.2,427.2,407.2,419.25,750,20650,614.45,412.5,419.0
13431,2021-03-12 13:46:00,419.65,447.6,419.0,434.25,1200,20650,610.41,433.45,438.4
13432,2021-03-12 13:47:00,445.9,452.8,426.1,442.65,900,20650,607.61,434.0,439.65
13433,2021-03-12 13:48:00,434.0,450.2,434.0,443.5,450,20600,606.28,442.7,447.15
13434,2021-03-12 13:49:00,447.15,449.6,435.0,448.85,425,20600,605.03,442.25,446.65
13435,2021-03-12 13:50:00,445.8,448.8,440.0,440.0,525,20600,603.54,440.25,447.35
13436,2021-03-12 13:51:00,448.45,450.0,443.1,450.0,2150,20825,597.84,443.85,451.6
13437,2021-03-12 13:52:00,446.9,453.85,446.2,453.15,200,20825,597.33,452.0,458.35
13438,2021-03-12 13:53:00,445.05,450.35,445.05,445.05,75,20825,597.13,446.6,452.95
13439,2021-03-12 13:54:00,452.95,465.95,448.85,460.75,525,19200,595.91,456.5,464.05
13440,2021-03-12 13:55:00,451.1,456.45,451.1,456.45,125,19200,595.61,455.2,459.95
13441,2021-03-12 13:56:00,460.0,460.1,446.6,453.5,675,19200,593.99,451.6,458.15
13442,2021-03-12 13:57:00,453.3,453.3,449.85,449.85,75,19750,593.81,450.15,458.35
13443,2021-03-12 13:58:00,444.75,456.95,444.0,447.35,125,19750,593.51,445.15,452.75
13444,2021-03-12 13:59:00,454.05,465.05,454.05,465.05,50,19750,593.4,459.4,468.25
13445,2021-03-12 14:00:00,462.4,462.4,454.05,454.05,75,19750,593.23,454.1,458.1
13446,2021-03-12 14:01:00,454.05,459.55,444.0,444.85,225,20250,592.69,445.3,448.15
13447,2021-03-12 14:02:00,444.85,444.85,444.85,444.85,25,20250,592.63,440.1,449.5
13448,2021-03-12 14:03:00,440.0,440.1,437.85,440.0,225,20250,592.06,436.05,442.7
13449,2021-03-12 14:04:00,440.75,440.75,428.9,428.95,425,20425,590.95,428.7,433.55
13450,2021-03-12 14:05:00,428.0,437.85,424.6,437.85,475,20425,589.68,437.35,443.2
13451,2021-03-12 14:06:00,439.2,439.2,435.0,435.0,75,20025,589.49,438.05,443.5
13452,2021-03-12 14:07:00,441.0,442.0,435.75,435.75,125,20025,589.19,433.95,437.3
13453,2021-03-12 14:08:00,431.25,431.25,420.0,420.0,400,20025,588.15,420.15,425.0
13454,2021-03-12 14:09:00,425.75,425.75,412.85,413.05,325,20450,587.26,410.1,416.8
13455,2021-03-12 14:10:00,416.0,416.0,402.1,402.1,575,20450,585.6,404.65,411.05
13456,2021-03-12 14:11:00,406.35,406.35,381.75,381.75,875,20450,582.96,384.0,391.35
13457,2021-03-12 14:12:00,394.35,400.0,393.25,400.0,150,20100,582.52,398.05,404.7
13458,2021-03-12 14:13:00,395.0,395.0,387.25,387.25,125,20100,582.15,388.0,394.15
13459,2021-03-12 14:14:00,390.0,390.0,358.25,370.45,925,20100,579.11,365.3,374.0
13460,2021-03-12 14:15:00,365.8,379.5,352.6,360.05,1200,19700,575.22,360.5,369.75
13461,2021-03-12 14:16:00,370.1,386.2,370.1,379.3,275,19700,574.39,376.3,381.95
13462,2021-03-12 14:17:00,377.15,386.95,377.15,386.95,50,19700,574.25,387.3,394.3
13463,2021-03-12 14:18:00,385.3,389.5,385.3,389.5,75,19525,574.04,384.4,390.9
13464,2021-03-12 14:19:00,383.95,383.95,370.0,370.9,1125,19525,570.71,371.6,378.1
13465,2021-03-12 14:20:00,380.4,380.4,372.25,373.6,625,19525,568.91,371.75,375.6
13466,2021-03-12 14:21:00,378.2,386.0,378.2,381.4,75,19125,568.71,379.4,384.9
13467,2021-03-12 14:22:00,377.7,377.7,345.4,355.85,425,19125,567.37,348.9,352.25
13468,2021-03-12 14:23:00,349.0,350.15,347.05,349.8,375,19125,566.18,348.3,354.65
13469,2021-03-12 14:24:00,349.1,349.1,340.55,340.55,50,18275,566.02,338.15,346.45
13470,2021-03-12 14:25:00,345.0,354.6,344.2,352.15,250,18275,565.24,348.95,360.55
13471,2021-03-12 14:26:00,345.0,354.6,344.2,352.15,250,18275,565.24,348.95,360.55
13472,2021-03-12 14:27:00,360.2,368.35,360.2,366.8,400,18275,564.07,363.45,367.65
13473,2021-03-12 14:28:00,372.2,376.0,372.2,376.0,125,18275,563.73,373.55,380.65
13474,2021-03-12 14:29:00,376.75,376.75,370.0,370.0,150,18275,563.31,367.65,375.65
13475,2021-03-12 14:30:00,367.75,367.75,367.75,367.75,25,18275,563.24,356.8,368.2
13476,2021-03-12 14:31:00,363.65,363.65,363.65,363.65,25,17650,563.17,361.65,365.05
13477,2021-03-12 14:32:00,362.9,372.1,360.95,370.2,250,17650,562.47,371.55,377.75
13478,2021-03-12 14:33:00,376.95,386.3,376.95,377.05,175,17650,562.02,373.65,379.7
13479,2021-03-12 14:34:00,383.85,383.85,382.4,382.4,50,17500,561.9,378.3,390.75
13480,2021-03-12 14:35:00,382.0,382.0,382.0,382.0,25,17500,561.83,376.35,381.4
13481,2021-03-12 14:36:00,377.2,382.0,377.2,382.0,50,17525,561.7,382.05,386.7
13482,2021-03-12 14:37:00,381.6,381.6,376.95,376.95,50,17525,561.58,359.2,369.75
13483,2021-03-12 14:38:00,366.75,366.75,358.75,358.75,100,17525,561.29,357.85,364.7
13484,2021-03-12 14:39:00,364.5,364.5,364.5,364.5,25,17525,561.22,369.25,374.65
13485,2021-03-12 14:40:00,377.95,378.2,373.9,375.85,125,17525,560.9,369.8,377.85
13486,2021-03-12 14:41:00,371.1,371.1,361.4,363.55,275,17525,560.13,362.45,365.75
13487,2021-03-12 14:42:00,366.1,376.0,366.1,376.0,100,17450,559.86,373.4,377.6
13488,2021-03-12 14:43:00,375.5,380.05,371.15,380.05,275,17450,559.15,379.65,384.05
13489,2021-03-12 14:44:00,380.15,380.15,380.15,380.15,25,17450,559.09,373.75,380.8
13490,2021-03-12 14:45:00,375.45,376.45,370.45,375.65,450,17225,557.93,373.3,376.05
13491,2021-03-12 14:46:00,370.45,372.3,368.3,368.3,200,17225,557.41,364.85,370.5
13492,2021-03-12 14:47:00,369.35,371.15,365.85,369.35,300,17225,556.63,365.45,368.45
13493,2021-03-12 14:48:00,372.7,372.7,372.7,372.7,25,16700,556.56,371.05,375.7
13494,2021-03-12 14:49:00,374.35,374.35,374.35,374.35,50,16700,556.44,367.15,371.3
13495,2021-03-12 14:50:00,369.1,371.4,362.0,362.35,425,16700,555.34,362.4,369.65
13496,2021-03-12 14:51:00,362.35,362.35,350.0,353.2,175,16850,554.87,351.2,356.2
13497,2021-03-12 14:52:00,349.6,350.5,341.0,347.0,550,16850,553.3,347.4,354.3
13498,2021-03-12 14:53:00,350.55,350.85,350.05,350.85,125,16850,552.96,351.6,356.35
13499,2021-03-12 14:54:00,351.45,351.5,351.45,351.5,50,16475,552.82,349.15,354.5
13500,2021-03-12 14:55:00,349.25,354.05,348.35,349.8,100,16475,552.55,345.55,349.5
13501,2021-03-12 14:56:00,343.35,350.55,343.35,350.55,425,16475,551.36,347.95,355.35
13502,2021-03-12 14:57:00,350.55,350.55,350.55,350.55,25,16375,551.29,349.1,352.7
13503,2021-03-12 14:58:00,349.1,349.1,349.1,349.1,25,16375,551.22,344.05,347.95
13504,2021-03-12 14:59:00,350.1,350.1,350.1,350.1,25,16375,551.16,347.15,351.5
13505,2021-03-12 15:00:00,351.35,376.9,351.35,370.3,150,16425,550.78,379.1,386.4
13506,2021-03-12 15:01:00,381.95,398.0,377.45,388.35,150,16425,550.45,387.55,393.55
13507,2021-03-12 15:02:00,379.9,388.7,379.9,381.75,100,16425,550.22,380.85,391.4
13508,2021-03-12 15:03:00,388.05,395.0,388.05,390.0,75,16400,550.06,388.25,393.8
13509,2021-03-12 15:04:00,386.65,386.65,383.7,383.7,50,16400,549.95,391.6,397.6
13510,2021-03-12 15:05:00,397.15,397.15,379.9,379.9,100,16400,549.74,378.1,384.8
13511,2021-03-12 15:06:00,385.15,392.0,383.2,392.0,250,16150,549.21,383.25,386.7
13512,2021-03-12 15:07:00,385.3,391.35,385.3,390.0,325,16150,548.52,386.75,392.1
13513,2021-03-12 15:08:00,390.0,390.0,383.0,383.0,75,16150,548.36,380.0,382.75
13514,2021-03-12 15:09:00,386.4,386.4,380.65,380.65,100,16150,548.14,384.75,389.8
13515,2021-03-12 15:10:00,380.1,386.0,380.1,381.45,200,16575,547.71,384.45,388.0
13516,2021-03-12 15:11:00,383.75,387.2,380.0,387.2,325,16575,547.02,373.6,381.0
13517,2021-03-12 15:12:00,382.0,382.0,363.0,363.0,375,16800,546.16,365.7,369.05
13518,2021-03-12 15:13:00,371.3,371.3,371.3,371.3,200,16800,545.71,373.75,378.15
13519,2021-03-12 15:14:00,378.75,384.85,378.75,384.85,375,16800,544.91,384.15,389.45
13520,2021-03-12 15:15:00,387.55,392.0,383.4,383.4,150,16900,544.6,381.75,386.3
13521,2021-03-12 15:16:00,383.45,385.25,380.3,380.3,100,16900,544.39,385.3,389.85
13522,2021-03-12 15:17:00,385.3,386.0,383.8,386.0,150,16900,544.09,381.0,384.2
13523,2021-03-12 15:18:00,385.3,386.0,383.8,386.0,150,16900,544.09,381.0,384.2
13524,2021-03-12 15:19:00,390.0,395.15,390.0,391.6,175,16800,543.75,387.95,394.9
13525,2021-03-12 15:20:00,387.9,391.0,378.85,378.85,400,16800,542.93,366.0,369.95
13526,2021-03-12 15:21:00,368.8,379.3,368.8,376.2,100,16800,542.72,372.8,375.15
13527,2021-03-12 15:22:00,372.6,375.0,368.0,368.0,100,17050,542.5,369.8,373.75
13528,2021-03-12 15:23:00,370.35,370.35,369.15,369.15,75,17050,542.33,367.35,371.1
13529,2021-03-12 15:24:00,367.5,367.5,367.5,367.5,25,17150,542.28,366.55,373.15
13530,2021-03-12 15:25:00,373.05,373.05,370.2,370.2,75,17150,542.12,368.95,374.25
13531,2021-03-12 15:26:00,373.05,373.05,370.2,370.2,75,17150,542.12,368.95,374.25
13532,2021-03-12 15:27:00,373.05,373.05,370.2,370.2,75,17150,542.12,368.95,374.25
13533,2021-03-12 15:28:00,365.3,369.5,365.3,367.15,75,17175,541.95,365.05,368.4
13534,2021-03-12 15:29:00,365.3,369.5,365.3,367.15,75,17175,541.95,365.05,368.4
13535,2021-03-12 15:30:00,365.3,369.5,365.3,367.15,75,17175,541.95,365.05,368.4
13536,2021-03-13 09:15:00,365.3,369.5,365.3,367.15,75,17175,541.95,365.05,368.4
13537,2021-03-13 09:16:00,365.3,369.5,365.3,367.15,75,17175,541.95,365.05,368.4
13538,2021-03-13 09:17:00,365.3,369.5,365.3,367.15,75,17175,541.95,365.05,368.4
13539,2021-03-13 09:18:00,365.3,369.5,365.3,367.15,75,17175,541.95,365.05,368.4
13540,2021-03-13 09:19:00,365.3,369.5,365.3,367.15,75,17175,541.95,365.05,368.4
13541,2021-03-13 09:20:00,365.3,369.5,365.3,367.15,75,17175,541.95,365.05,368.4
13542,2021-03-13 09:21:00,365.3,369.5,365.3,367.15,75,17175,541.95,365.05,368.4
13543,2021-03-13 09:22:00,365.3,369.5,365.3,367.15,75,17175,541.95,365.05,368.4
13544,2021-03-13 09:23:00,365.3,369.5,365.3,367.15,75,17175,541.95,365.05,368.4
13545,2021-03-13 09:24:00,365.3,369.5,365.3,367.15,75,17175,541.95,365.05,368.4
13546,2021-03-13 09:25:00,365.3,369.5,365.3,367.15,75,17175,541.95,365.05,368.4
13547,2021-03-13 09:26:00,365.3,369.5,365.3,367.15,75,17175,541.95,365.05,368.4
13548,2021-03-13 09:27:00,365.3,369.5,365.3,367.15,75,17175,541.95,365.05,368.4
13549,2021-03-13 09:28:00,365.3,369.5,365.3,367.15,75,17175,541.95,365.05,368.4
13550,2021-03-13 09:29:00,365.3,369.5,365.3,367.15,75,17175,541.95,365.05,368.4
13551,2021-03-13 09:30:00,365.3,369.5,365.3,367.15,75,17175,541.95,365.05,368.4
13552,2021-03-13 09:31:00,365.3,369.5,365.3,367.15,75,17175,541.95,365.05,368.4
13553,2021-03-13 09:32:00,365.3,369.5,365.3,367.15,75,17175,541.95,365.05,368.4
13554,2021-03-13 09:33:00,365.3,369.5,365.3,367.15,75,17175,541.95,365.05,368.4
13555,2021-03-13 09:34:00,365.3,369.5,365.3,367.15,75,17175,541.95,365.05,368.4
13556,2021-03-13 09:35:00,365.3,369.5,365.3,367.15,75,17175,541.95,365.05,368.4
13557,2021-03-13 09:36:00,365.3,369.5,365.3,367.15,75,17175,541.95,365.05,368.4
13558,2021-03-13 09:37:00,365.3,369.5,365.3,367.15,75,17175,541.95,365.05,368.4
13559,2021-03-13 09:38:00,365.3,369.5,365.3,367.15,75,17175,541.95,365.05,368.4
13560,2021-03-13 09:39:00,365.3,369.5,365.3,367.15,75,17175,541.95,365.05,368.4
13561,2021-03-13 09:40:00,365.3,369.5,365.3,367.15,75,17175,541.95,365.05,368.4
13562,2021-03-13 09:41:00,365.3,369.5,365.3,367.15,75,17175,541.95,365.05,368.4
13563,2021-03-13 09:42:00,365.3,369.5,365.3,367.15,75,17175,541.95,365.05,368.4
13564,2021-03-13 09:43:00,365.3,369.5,365.3,367.15,75,17175,541.95,365.05,368.4
13565,2021-03-13 09:44:00,365.3,369.5,365.3,367.15,75,17175,541.95,365.05,368.4
13566,2021-03-13 09:45:00,365.3,369.5,365.3,367.15,75,17175,541.95,365.05,368.4
13567,2021-03-13 09:46:00,365.3,369.5,365.3,367.15,75,17175,541.95,365.05,368.4
13568,2021-03-13 09:47:00,365.3,369.5,365.3,367.15,75,17175,541.95,365.05,368.4
13569,2021-03-13 09:48:00,365.3,369.5,365.3,367.15,75,17175,541.95,365.05,368.4
13570,2021-03-13 09:49:00,365.3,369.5,365.3,367.15,75,17175,541.95,365.05,368.4
13571,2021-03-13 09:50:00,365.3,369.5,365.3,367.15,75,17175,541.95,365.05,368.4
13572,2021-03-13 09:51:00,365.3,369.5,365.3,367.15,75,17175,541.95,365.05,368.4
13573,2021-03-13 09:52:00,365.3,369.5,365.3,367.15,75,17175,541.95,365.05,368.4
13574,2021-03-13 09:53:00,365.3,369.5,365.3,367.15,75,17175,541.95,365.05,368.4
13575,2021-03-13 09:54:00,365.3,369.5,365.3,367.15,75,17175,541.95,365.05,368.4
13576,2021-03-13 09:55:00,365.3,369.5,365.3,367.15,75,17175,541.95,365.05,368.4
13577,2021-03-13 09:56:00,365.3,369.5,365.3,367.15,75,17175,541.95,365.05,368.4
13578,2021-03-13 09:57:00,365.3,369.5,365.3,367.15,75,17175,541.95,365.05,368.4
13579,2021-03-13 09:58:00,365.3,369.5,365.3,367.15,75,17175,541.95,365.05,368.4
13580,2021-03-13 09:59:00,365.3,369.5,365.3,367.15,75,17175,541.95,365.05,368.4
13581,2021-03-13 10:00:00,365.3,369.5,365.3,367.15,75,17175,541.95,365.05,368.4
13582,2021-03-13 10:01:00,365.3,369.5,365.3,367.15,75,17175,541.95,365.05,368.4
13583,2021-03-13 10:02:00,365.3,369.5,365.3,367.15,75,17175,541.95,365.05,368.4
13584,2021-03-13 10:03:00,365.3,369.5,365.3,367.15,75,17175,541.95,365.05,368.4
13585,2021-03-13 10:04:00,365.3,369.5,365.3,367.15,75,17175,541.95,365.05,368.4
13586,2021-03-13 10:05:00,365.3,369.5,365.3,367.15,75,17175,541.95,365.05,368.4
13587,2021-03-13 10:06:00,365.3,369.5,365.3,367.15,75,17175,541.95,365.05,368.4
13588,2021-03-13 10:07:00,365.3,369.5,365.3,367.15,75,17175,541.95,365.05,368.4
13589,2021-03-13 10:08:00,365.3,369.5,365.3,367.15,75,17175,541.95,365.05,368.4
13590,2021-03-13 10:09:00,365.3,369.5,365.3,367.15,75,17175,541.95,365.05,368.4
13591,2021-03-13 10:10:00,365.3,369.5,365.3,367.15,75,17175,541.95,365.05,368.4
13592,2021-03-13 10:11:00,365.3,369.5,365.3,367.15,75,17175,541.95,365.05,368.4
13593,2021-03-13 10:12:00,365.3,369.5,365.3,367.15,75,17175,541.95,365.05,368.4
13594,2021-03-13 10:13:00,365.3,369.5,365.3,367.15,75,17175,541.95,365.05,368.4
13595,2021-03-13 10:14:00,365.3,369.5,365.3,367.15,75,17175,541.95,365.05,368.4
13596,2021-03-13 10:15:00,365.3,369.5,365.3,367.15,75,17175,541.95,365.05,368.4
13597,2021-03-13 10:16:00,365.3,369.5,365.3,367.15,75,17175,541.95,365.05,368.4
13598,2021-03-13 10:17:00,365.3,369.5,365.3,367.15,75,17175,541.95,365.05,368.4
13599,2021-03-13 10:18:00,365.3,369.5,365.3,367.15,75,17175,541.95,365.05,368.4
13600,2021-03-13 10:19:00,365.3,369.5,365.3,367.15,75,17175,541.95,365.05,368.4
13601,2021-03-13 10:20:00,365.3,369.5,365.3,367.15,75,17175,541.95,365.05,368.4
13602,2021-03-13 10:21:00,365.3,369.5,365.3,367.15,75,17175,541.95,365.05,368.4
13603,2021-03-13 10:22:00,365.3,369.5,365.3,367.15,75,17175,541.95,365.05,368.4
13604,2021-03-13 10:23:00,365.3,369.5,365.3,367.15,75,17175,541.95,365.05,368.4
13605,2021-03-13 10:24:00,365.3,369.5,365.3,367.15,75,17175,541.95,365.05,368.4
13606,2021-03-13 10:25:00,365.3,369.5,365.3,367.15,75,17175,541.95,365.05,368.4
13607,2021-03-13 10:26:00,365.3,369.5,365.3,367.15,75,17175,541.95,365.05,368.4
13608,2021-03-13 10:27:00,365.3,369.5,365.3,367.15,75,17175,541.95,365.05,368.4
13609,2021-03-13 10:28:00,365.3,369.5,365.3,367.15,75,17175,541.95,365.05,368.4
13610,2021-03-13 10:29:00,365.3,369.5,365.3,367.15,75,17175,541.95,365.05,368.4
13611,2021-03-13 10:30:00,365.3,369.5,365.3,367.15,75,17175,541.95,365.05,368.4
13612,2021-03-13 10:31:00,365.3,369.5,365.3,367.15,75,17175,541.95,365.05,368.4
13613,2021-03-13 10:32:00,365.3,369.5,365.3,367.15,75,17175,541.95,365.05,368.4
13614,2021-03-13 10:33:00,365.3,369.5,365.3,367.15,75,17175,541.95,365.05,368.4
13615,2021-03-13 10:34:00,365.3,369.5,365.3,367.15,75,17175,541.95,365.05,368.4
13616,2021-03-13 10:35:00,365.3,369.5,365.3,367.15,75,17175,541.95,365.05,368.4
13617,2021-03-13 10:36:00,365.3,369.5,365.3,367.15,75,17175,541.95,365.05,368.4
13618,2021-03-13 10:37:00,365.3,369.5,365.3,367.15,75,17175,541.95,365.05,368.4
13619,2021-03-13 10:38:00,365.3,369.5,365.3,367.15,75,17175,541.95,365.05,368.4
13620,2021-03-13 10:39:00,365.3,369.5,365.3,367.15,75,17175,541.95,365.05,368.4
13621,2021-03-13 10:40:00,365.3,369.5,365.3,367.15,75,17175,541.95,365.05,368.4
13622,2021-03-13 10:41:00,365.3,369.5,365.3,367.15,75,17175,541.95,365.05,368.4
13623,2021-03-13 10:42:00,365.3,369.5,365.3,367.15,75,17175,541.95,365.05,368.4
13624,2021-03-13 10:43:00,365.3,369.5,365.3,367.15,75,17175,541.95,365.05,368.4
13625,2021-03-13 10:44:00,365.3,369.5,365.3,367.15,75,17175,541.95,365.05,368.4
13626,2021-03-13 10:45:00,365.3,369.5,365.3,367.15,75,17175,541.95,365.05,368.4
13627,2021-03-13 10:46:00,365.3,369.5,365.3,367.15,75,17175,541.95,365.05,368.4
13628,2021-03-13 10:47:00,365.3,369.5,365.3,367.15,75,17175,541.95,365.05,368.4
13629,2021-03-13 10:48:00,365.3,369.5,365.3,367.15,75,17175,541.95,365.05,368.4
13630,2021-03-13 10:49:00,365.3,369.5,365.3,367.15,75,17175,541.95,365.05,368.4
13631,2021-03-13 10:50:00,365.3,369.5,365.3,367.15,75,17175,541.95,365.05,368.4
13632,2021-03-13 10:51:00,365.3,369.5,365.3,367.15,75,17175,541.95,365.05,368.4
13633,2021-03-13 10:52:00,365.3,369.5,365.3,367.15,75,17175,541.95,365.05,368.4
13634,2021-03-13 10:53:00,365.3,369.5,365.3,367.15,75,17175,541.95,365.05,368.4
13635,2021-03-13 10:54:00,365.3,369.5,365.3,367.15,75,17175,541.95,365.05,368.4
13636,2021-03-13 10:55:00,365.3,369.5,365.3,367.15,75,17175,541.95,365.05,368.4
13637,2021-03-13 10:56:00,365.3,369.5,365.3,367.15,75,17175,541.95,365.05,368.4
13638,2021-03-13 10:57:00,365.3,369.5,365.3,367.15,75,17175,541.95,365.05,368.4
13639,2021-03-13 10:58:00,365.3,369.5,365.3,367.15,75,17175,541.95,365.05,368.4
13640,2021-03-13 10:59:00,365.3,369.5,365.3,367.15,75,17175,541.95,365.05,368.4
13641,2021-03-13 11:00:00,365.3,369.5,365.3,367.15,75,17175,541.95,365.05,368.4
13642,2021-03-13 11:01:00,365.3,369.5,365.3,367.15,75,17175,541.95,365.05,368.4
13643,2021-03-13 11:02:00,365.3,369.5,365.3,367.15,75,17175,541.95,365.05,368.4
13644,2021-03-13 11:03:00,365.3,369.5,365.3,367.15,75,17175,541.95,365.05,368.4
13645,2021-03-13 11:04:00,365.3,369.5,365.3,367.15,75,17175,541.95,365.05,368.4
13646,2021-03-13 11:05:00,365.3,369.5,365.3,367.15,75,17175,541.95,365.05,368.4
13647,2021-03-13 11:06:00,365.3,369.5,365.3,367.15,75,17175,541.95,365.05,368.4
13648,2021-03-13 11:07:00,365.3,369.5,365.3,367.15,75,17175,541.95,365.05,368.4
13649,2021-03-13 11:08:00,365.3,369.5,365.3,367.15,75,17175,541.95,365.05,368.4
13650,2021-03-13 11:09:00,365.3,369.5,365.3,367.15,75,17175,541.95,365.05,368.4
13651,2021-03-13 11:10:00,365.3,369.5,365.3,367.15,75,17175,541.95,365.05,368.4
13652,2021-03-13 11:11:00,365.3,369.5,365.3,367.15,75,17175,541.95,365.05,368.4
13653,2021-03-13 11:12:00,365.3,369.5,365.3,367.15,75,17175,541.95,365.05,368.4
13654,2021-03-13 11:13:00,365.3,369.5,365.3,367.15,75,17175,541.95,365.05,368.4
13655,2021-03-13 11:14:00,365.3,369.5,365.3,367.15,75,17175,541.95,365.05,368.4
13656,2021-03-13 11:15:00,365.3,369.5,365.3,367.15,75,17175,541.95,365.05,368.4
13657,2021-03-13 11:16:00,365.3,369.5,365.3,367.15,75,17175,541.95,365.05,368.4
13658,2021-03-13 11:17:00,365.3,369.5,365.3,367.15,75,17175,541.95,365.05,368.4
13659,2021-03-13 11:18:00,365.3,369.5,365.3,367.15,75,17175,541.95,365.05,368.4
13660,2021-03-13 11:19:00,365.3,369.5,365.3,367.15,75,17175,541.95,365.05,368.4
13661,2021-03-13 11:20:00,365.3,369.5,365.3,367.15,75,17175,541.95,365.05,368.4
13662,2021-03-13 11:21:00,365.3,369.5,365.3,367.15,75,17175,541.95,365.05,368.4
13663,2021-03-13 11:22:00,365.3,369.5,365.3,367.15,75,17175,541.95,365.05,368.4
13664,2021-03-13 11:23:00,365.3,369.5,365.3,367.15,75,17175,541.95,365.05,368.4
13665,2021-03-13 11:24:00,365.3,369.5,365.3,367.15,75,17175,541.95,365.05,368.4
13666,2021-03-13 11:25:00,365.3,369.5,365.3,367.15,75,17175,541.95,365.05,368.4
13667,2021-03-13 11:26:00,365.3,369.5,365.3,367.15,75,17175,541.95,365.05,368.4
13668,2021-03-13 11:27:00,365.3,369.5,365.3,367.15,75,17175,541.95,365.05,368.4
13669,2021-03-13 11:28:00,365.3,369.5,365.3,367.15,75,17175,541.95,365.05,368.4
13670,2021-03-13 11:29:00,365.3,369.5,365.3,367.15,75,17175,541.95,365.05,368.4
13671,2021-03-13 11:30:00,365.3,369.5,365.3,367.15,75,17175,541.95,365.05,368.4
13672,2021-03-13 11:31:00,365.3,369.5,365.3,367.15,75,17175,541.95,365.05,368.4
13673,2021-03-13 11:32:00,365.3,369.5,365.3,367.15,75,17175,541.95,365.05,368.4
13674,2021-03-13 11:33:00,365.3,369.5,365.3,367.15,75,17175,541.95,365.05,368.4
13675,2021-03-13 11:34:00,365.3,369.5,365.3,367.15,75,17175,541.95,365.05,368.4
13676,2021-03-13 11:35:00,365.3,369.5,365.3,367.15,75,17175,541.95,365.05,368.4
13677,2021-03-13 11:36:00,365.3,369.5,365.3,367.15,75,17175,541.95,365.05,368.4
13678,2021-03-13 11:37:00,365.3,369.5,365.3,367.15,75,17175,541.95,365.05,368.4
13679,2021-03-13 11:38:00,365.3,369.5,365.3,367.15,75,17175,541.95,365.05,368.4
13680,2021-03-13 11:39:00,365.3,369.5,365.3,367.15,75,17175,541.95,365.05,368.4
13681,2021-03-13 11:40:00,365.3,369.5,365.3,367.15,75,17175,541.95,365.05,368.4
13682,2021-03-13 11:41:00,365.3,369.5,365.3,367.15,75,17175,541.95,365.05,368.4
13683,2021-03-13 11:42:00,365.3,369.5,365.3,367.15,75,17175,541.95,365.05,368.4
13684,2021-03-13 11:43:00,365.3,369.5,365.3,367.15,75,17175,541.95,365.05,368.4
13685,2021-03-13 11:44:00,365.3,369.5,365.3,367.15,75,17175,541.95,365.05,368.4
13686,2021-03-13 11:45:00,365.3,369.5,365.3,367.15,75,17175,541.95,365.05,368.4
13687,2021-03-13 11:46:00,365.3,369.5,365.3,367.15,75,17175,541.95,365.05,368.4
13688,2021-03-13 11:47:00,365.3,369.5,365.3,367.15,75,17175,541.95,365.05,368.4
13689,2021-03-13 11:48:00,365.3,369.5,365.3,367.15,75,17175,541.95,365.05,368.4
13690,2021-03-13 11:49:00,365.3,369.5,365.3,367.15,75,17175,541.95,365.05,368.4
13691,2021-03-13 11:50:00,365.3,369.5,365.3,367.15,75,17175,541.95,365.05,368.4
13692,2021-03-13 11:51:00,365.3,369.5,365.3,367.15,75,17175,541.95,365.05,368.4
13693,2021-03-13 11:52:00,365.3,369.5,365.3,367.15,75,17175,541.95,365.05,368.4
13694,2021-03-13 11:53:00,365.3,369.5,365.3,367.15,75,17175,541.95,365.05,368.4
13695,2021-03-13 11:54:00,365.3,369.5,365.3,367.15,75,17175,541.95,365.05,368.4
13696,2021-03-13 11:55:00,365.3,369.5,365.3,367.15,75,17175,541.95,365.05,368.4
13697,2021-03-13 11:56:00,365.3,369.5,365.3,367.15,75,17175,541.95,365.05,368.4
13698,2021-03-13 11:57:00,365.3,369.5,365.3,367.15,75,17175,541.95,365.05,368.4
13699,2021-03-13 11:58:00,365.3,369.5,365.3,367.15,75,17175,541.95,365.05,368.4
13700,2021-03-13 11:59:00,365.3,369.5,365.3,367.15,75,17175,541.95,365.05,368.4
13701,2021-03-13 12:00:00,365.3,369.5,365.3,367.15,75,17175,541.95,365.05,368.4
13702,2021-03-13 12:01:00,365.3,369.5,365.3,367.15,75,17175,541.95,365.05,368.4
13703,2021-03-13 12:02:00,365.3,369.5,365.3,367.15,75,17175,541.95,365.05,368.4
13704,2021-03-13 12:03:00,365.3,369.5,365.3,367.15,75,17175,541.95,365.05,368.4
13705,2021-03-13 12:04:00,365.3,369.5,365.3,367.15,75,17175,541.95,365.05,368.4
13706,2021-03-13 12:05:00,365.3,369.5,365.3,367.15,75,17175,541.95,365.05,368.4
13707,2021-03-13 12:06:00,365.3,369.5,365.3,367.15,75,17175,541.95,365.05,368.4
13708,2021-03-13 12:07:00,365.3,369.5,365.3,367.15,75,17175,541.95,365.05,368.4
13709,2021-03-13 12:08:00,365.3,369.5,365.3,367.15,75,17175,541.95,365.05,368.4
13710,2021-03-13 12:09:00,365.3,369.5,365.3,367.15,75,17175,541.95,365.05,368.4
13711,2021-03-13 12:10:00,365.3,369.5,365.3,367.15,75,17175,541.95,365.05,368.4
13712,2021-03-13 12:11:00,365.3,369.5,365.3,367.15,75,17175,541.95,365.05,368.4
13713,2021-03-13 12:12:00,365.3,369.5,365.3,367.15,75,17175,541.95,365.05,368.4
13714,2021-03-13 12:13:00,365.3,369.5,365.3,367.15,75,17175,541.95,365.05,368.4
13715,2021-03-13 12:14:00,365.3,369.5,365.3,367.15,75,17175,541.95,365.05,368.4
13716,2021-03-13 12:15:00,365.3,369.5,365.3,367.15,75,17175,541.95,365.05,368.4
13717,2021-03-13 12:16:00,365.3,369.5,365.3,367.15,75,17175,541.95,365.05,368.4
13718,2021-03-13 12:17:00,365.3,369.5,365.3,367.15,75,17175,541.95,365.05,368.4
13719,2021-03-13 12:18:00,365.3,369.5,365.3,367.15,75,17175,541.95,365.05,368.4
13720,2021-03-13 12:19:00,365.3,369.5,365.3,367.15,75,17175,541.95,365.05,368.4
13721,2021-03-13 12:20:00,365.3,369.5,365.3,367.15,75,17175,541.95,365.05,368.4
13722,2021-03-13 12:21:00,365.3,369.5,365.3,367.15,75,17175,541.95,365.05,368.4
13723,2021-03-13 12:22:00,365.3,369.5,365.3,367.15,75,17175,541.95,365.05,368.4
13724,2021-03-13 12:23:00,365.3,369.5,365.3,367.15,75,17175,541.95,365.05,368.4
13725,2021-03-13 12:24:00,365.3,369.5,365.3,367.15,75,17175,541.95,365.05,368.4
13726,2021-03-13 12:25:00,365.3,369.5,365.3,367.15,75,17175,541.95,365.05,368.4
13727,2021-03-13 12:26:00,365.3,369.5,365.3,367.15,75,17175,541.95,365.05,368.4
13728,2021-03-13 12:27:00,365.3,369.5,365.3,367.15,75,17175,541.95,365.05,368.4
13729,2021-03-13 12:28:00,365.3,369.5,365.3,367.15,75,17175,541.95,365.05,368.4
13730,2021-03-13 12:29:00,365.3,369.5,365.3,367.15,75,17175,541.95,365.05,368.4
13731,2021-03-13 12:30:00,365.3,369.5,365.3,367.15,75,17175,541.95,365.05,368.4
13732,2021-03-13 12:31:00,365.3,369.5,365.3,367.15,75,17175,541.95,365.05,368.4
13733,2021-03-13 12:32:00,365.3,369.5,365.3,367.15,75,17175,541.95,365.05,368.4
13734,2021-03-13 12:33:00,365.3,369.5,365.3,367.15,75,17175,541.95,365.05,368.4
13735,2021-03-13 12:34:00,365.3,369.5,365.3,367.15,75,17175,541.95,365.05,368.4
13736,2021-03-13 12:35:00,365.3,369.5,365.3,367.15,75,17175,541.95,365.05,368.4
13737,2021-03-13 12:36:00,365.3,369.5,365.3,367.15,75,17175,541.95,365.05,368.4
13738,2021-03-13 12:37:00,365.3,369.5,365.3,367.15,75,17175,541.95,365.05,368.4
13739,2021-03-13 12:38:00,365.3,369.5,365.3,367.15,75,17175,541.95,365.05,368.4
13740,2021-03-13 12:39:00,365.3,369.5,365.3,367.15,75,17175,541.95,365.05,368.4
13741,2021-03-13 12:40:00,365.3,369.5,365.3,367.15,75,17175,541.95,365.05,368.4
13742,2021-03-13 12:41:00,365.3,369.5,365.3,367.15,75,17175,541.95,365.05,368.4
13743,2021-03-13 12:42:00,365.3,369.5,365.3,367.15,75,17175,541.95,365.05,368.4
13744,2021-03-13 12:43:00,365.3,369.5,365.3,367.15,75,17175,541.95,365.05,368.4
13745,2021-03-13 12:44:00,365.3,369.5,365.3,367.15,75,17175,541.95,365.05,368.4
13746,2021-03-13 12:45:00,365.3,369.5,365.3,367.15,75,17175,541.95,365.05,368.4
13747,2021-03-13 12:46:00,365.3,369.5,365.3,367.15,75,17175,541.95,365.05,368.4
13748,2021-03-13 12:47:00,365.3,369.5,365.3,367.15,75,17175,541.95,365.05,368.4
13749,2021-03-13 12:48:00,365.3,369.5,365.3,367.15,75,17175,541.95,365.05,368.4
13750,2021-03-13 12:49:00,365.3,369.5,365.3,367.15,75,17175,541.95,365.05,368.4
13751,2021-03-13 12:50:00,365.3,369.5,365.3,367.15,75,17175,541.95,365.05,368.4
13752,2021-03-13 12:51:00,365.3,369.5,365.3,367.15,75,17175,541.95,365.05,368.4
13753,2021-03-13 12:52:00,365.3,369.5,365.3,367.15,75,17175,541.95,365.05,368.4
13754,2021-03-13 12:53:00,365.3,369.5,365.3,367.15,75,17175,541.95,365.05,368.4
13755,2021-03-13 12:54:00,365.3,369.5,365.3,367.15,75,17175,541.95,365.05,368.4
13756,2021-03-13 12:55:00,365.3,369.5,365.3,367.15,75,17175,541.95,365.05,368.4
13757,2021-03-13 12:56:00,365.3,369.5,365.3,367.15,75,17175,541.95,365.05,368.4
13758,2021-03-13 12:57:00,365.3,369.5,365.3,367.15,75,17175,541.95,365.05,368.4
13759,2021-03-13 12:58:00,365.3,369.5,365.3,367.15,75,17175,541.95,365.05,368.4
13760,2021-03-13 12:59:00,365.3,369.5,365.3,367.15,75,17175,541.95,365.05,368.4
13761,2021-03-13 13:00:00,365.3,369.5,365.3,367.15,75,17175,541.95,365.05,368.4
13762,2021-03-13 13:01:00,365.3,369.5,365.3,367.15,75,17175,541.95,365.05,368.4
13763,2021-03-13 13:02:00,365.3,369.5,365.3,367.15,75,17175,541.95,365.05,368.4
13764,2021-03-13 13:03:00,365.3,369.5,365.3,367.15,75,17175,541.95,365.05,368.4
13765,2021-03-13 13:04:00,365.3,369.5,365.3,367.15,75,17175,541.95,365.05,368.4
13766,2021-03-13 13:05:00,365.3,369.5,365.3,367.15,75,17175,541.95,365.05,368.4
13767,2021-03-13 13:06:00,365.3,369.5,365.3,367.15,75,17175,541.95,365.05,368.4
13768,2021-03-13 13:07:00,365.3,369.5,365.3,367.15,75,17175,541.95,365.05,368.4
13769,2021-03-13 13:08:00,365.3,369.5,365.3,367.15,75,17175,541.95,365.05,368.4
13770,2021-03-13 13:09:00,365.3,369.5,365.3,367.15,75,17175,541.95,365.05,368.4
13771,2021-03-13 13:10:00,365.3,369.5,365.3,367.15,75,17175,541.95,365.05,368.4
13772,2021-03-13 13:11:00,365.3,369.5,365.3,367.15,75,17175,541.95,365.05,368.4
13773,2021-03-13 13:12:00,365.3,369.5,365.3,367.15,75,17175,541.95,365.05,368.4
13774,2021-03-13 13:13:00,365.3,369.5,365.3,367.15,75,17175,541.95,365.05,368.4
13775,2021-03-13 13:14:00,365.3,369.5,365.3,367.15,75,17175,541.95,365.05,368.4
13776,2021-03-13 13:15:00,365.3,369.5,365.3,367.15,75,17175,541.95,365.05,368.4
13777,2021-03-13 13:16:00,365.3,369.5,365.3,367.15,75,17175,541.95,365.05,368.4
13778,2021-03-13 13:17:00,365.3,369.5,365.3,367.15,75,17175,541.95,365.05,368.4
13779,2021-03-13 13:18:00,365.3,369.5,365.3,367.15,75,17175,541.95,365.05,368.4
13780,2021-03-13 13:19:00,365.3,369.5,365.3,367.15,75,17175,541.95,365.05,368.4
13781,2021-03-13 13:20:00,365.3,369.5,365.3,367.15,75,17175,541.95,365.05,368.4
13782,2021-03-13 13:21:00,365.3,369.5,365.3,367.15,75,17175,541.95,365.05,368.4
13783,2021-03-13 13:22:00,365.3,369.5,365.3,367.15,75,17175,541.95,365.05,368.4
13784,2021-03-13 13:23:00,365.3,369.5,365.3,367.15,75,17175,541.95,365.05,368.4
13785,2021-03-13 13:24:00,365.3,369.5,365.3,367.15,75,17175,541.95,365.05,368.4
13786,2021-03-13 13:25:00,365.3,369.5,365.3,367.15,75,17175,541.95,365.05,368.4
13787,2021-03-13 13:26:00,365.3,369.5,365.3,367.15,75,17175,541.95,365.05,368.4
13788,2021-03-13 13:27:00,365.3,369.5,365.3,367.15,75,17175,541.95,365.05,368.4
13789,2021-03-13 13:28:00,365.3,369.5,365.3,367.15,75,17175,541.95,365.05,368.4
13790,2021-03-13 13:29:00,365.3,369.5,365.3,367.15,75,17175,541.95,365.05,368.4
13791,2021-03-13 13:30:00,365.3,369.5,365.3,367.15,75,17175,541.95,365.05,368.4
13792,2021-03-13 13:31:00,365.3,369.5,365.3,367.15,75,17175,541.95,365.05,368.4
13793,2021-03-13 13:32:00,365.3,369.5,365.3,367.15,75,17175,541.95,365.05,368.4
13794,2021-03-13 13:33:00,365.3,369.5,365.3,367.15,75,17175,541.95,365.05,368.4
13795,2021-03-13 13:34:00,365.3,369.5,365.3,367.15,75,17175,541.95,365.05,368.4
13796,2021-03-13 13:35:00,365.3,369.5,365.3,367.15,75,17175,541.95,365.05,368.4
13797,2021-03-13 13:36:00,365.3,369.5,365.3,367.15,75,17175,541.95,365.05,368.4
13798,2021-03-13 13:37:00,365.3,369.5,365.3,367.15,75,17175,541.95,365.05,368.4
13799,2021-03-13 13:38:00,365.3,369.5,365.3,367.15,75,17175,541.95,365.05,368.4
13800,2021-03-13 13:39:00,365.3,369.5,365.3,367.15,75,17175,541.95,365.05,368.4
13801,2021-03-13 13:40:00,365.3,369.5,365.3,367.15,75,17175,541.95,365.05,368.4
13802,2021-03-13 13:41:00,365.3,369.5,365.3,367.15,75,17175,541.95,365.05,368.4
13803,2021-03-13 13:42:00,365.3,369.5,365.3,367.15,75,17175,541.95,365.05,368.4
13804,2021-03-13 13:43:00,365.3,369.5,365.3,367.15,75,17175,541.95,365.05,368.4
13805,2021-03-13 13:44:00,365.3,369.5,365.3,367.15,75,17175,541.95,365.05,368.4
13806,2021-03-13 13:45:00,365.3,369.5,365.3,367.15,75,17175,541.95,365.05,368.4
13807,2021-03-13 13:46:00,365.3,369.5,365.3,367.15,75,17175,541.95,365.05,368.4
13808,2021-03-13 13:47:00,365.3,369.5,365.3,367.15,75,17175,541.95,365.05,368.4
13809,2021-03-13 13:48:00,365.3,369.5,365.3,367.15,75,17175,541.95,365.05,368.4
13810,2021-03-13 13:49:00,365.3,369.5,365.3,367.15,75,17175,541.95,365.05,368.4
13811,2021-03-13 13:50:00,365.3,369.5,365.3,367.15,75,17175,541.95,365.05,368.4
13812,2021-03-13 13:51:00,365.3,369.5,365.3,367.15,75,17175,541.95,365.05,368.4
13813,2021-03-13 13:52:00,365.3,369.5,365.3,367.15,75,17175,541.95,365.05,368.4
13814,2021-03-13 13:53:00,365.3,369.5,365.3,367.15,75,17175,541.95,365.05,368.4
13815,2021-03-13 13:54:00,365.3,369.5,365.3,367.15,75,17175,541.95,365.05,368.4
13816,2021-03-13 13:55:00,365.3,369.5,365.3,367.15,75,17175,541.95,365.05,368.4
13817,2021-03-13 13:56:00,365.3,369.5,365.3,367.15,75,17175,541.95,365.05,368.4
13818,2021-03-13 13:57:00,365.3,369.5,365.3,367.15,75,17175,541.95,365.05,368.4
13819,2021-03-13 13:58:00,365.3,369.5,365.3,367.15,75,17175,541.95,365.05,368.4
13820,2021-03-13 13:59:00,365.3,369.5,365.3,367.15,75,17175,541.95,365.05,368.4
13821,2021-03-13 14:00:00,365.3,369.5,365.3,367.15,75,17175,541.95,365.05,368.4
13822,2021-03-13 14:01:00,365.3,369.5,365.3,367.15,75,17175,541.95,365.05,368.4
13823,2021-03-13 14:02:00,365.3,369.5,365.3,367.15,75,17175,541.95,365.05,368.4
13824,2021-03-13 14:03:00,365.3,369.5,365.3,367.15,75,17175,541.95,365.05,368.4
13825,2021-03-13 14:04:00,365.3,369.5,365.3,367.15,75,17175,541.95,365.05,368.4
13826,2021-03-13 14:05:00,365.3,369.5,365.3,367.15,75,17175,541.95,365.05,368.4
13827,2021-03-13 14:06:00,365.3,369.5,365.3,367.15,75,17175,541.95,365.05,368.4
13828,2021-03-13 14:07:00,365.3,369.5,365.3,367.15,75,17175,541.95,365.05,368.4
13829,2021-03-13 14:08:00,365.3,369.5,365.3,367.15,75,17175,541.95,365.05,368.4
13830,2021-03-13 14:09:00,365.3,369.5,365.3,367.15,75,17175,541.95,365.05,368.4
13831,2021-03-13 14:10:00,365.3,369.5,365.3,367.15,75,17175,541.95,365.05,368.4
13832,2021-03-13 14:11:00,365.3,369.5,365.3,367.15,75,17175,541.95,365.05,368.4
13833,2021-03-13 14:12:00,365.3,369.5,365.3,367.15,75,17175,541.95,365.05,368.4
13834,2021-03-13 14:13:00,365.3,369.5,365.3,367.15,75,17175,541.95,365.05,368.4
13835,2021-03-13 14:14:00,365.3,369.5,365.3,367.15,75,17175,541.95,365.05,368.4
13836,2021-03-13 14:15:00,365.3,369.5,365.3,367.15,75,17175,541.95,365.05,368.4
13837,2021-03-13 14:16:00,365.3,369.5,365.3,367.15,75,17175,541.95,365.05,368.4
13838,2021-03-13 14:17:00,365.3,369.5,365.3,367.15,75,17175,541.95,365.05,368.4
13839,2021-03-13 14:18:00,365.3,369.5,365.3,367.15,75,17175,541.95,365.05,368.4
13840,2021-03-13 14:19:00,365.3,369.5,365.3,367.15,75,17175,541.95,365.05,368.4
13841,2021-03-13 14:20:00,365.3,369.5,365.3,367.15,75,17175,541.95,365.05,368.4
13842,2021-03-13 14:21:00,365.3,369.5,365.3,367.15,75,17175,541.95,365.05,368.4
13843,2021-03-13 14:22:00,365.3,369.5,365.3,367.15,75,17175,541.95,365.05,368.4
13844,2021-03-13 14:23:00,365.3,369.5,365.3,367.15,75,17175,541.95,365.05,368.4
13845,2021-03-13 14:24:00,365.3,369.5,365.3,367.15,75,17175,541.95,365.05,368.4
13846,2021-03-13 14:25:00,365.3,369.5,365.3,367.15,75,17175,541.95,365.05,368.4
13847,2021-03-13 14:26:00,365.3,369.5,365.3,367.15,75,17175,541.95,365.05,368.4
13848,2021-03-13 14:27:00,365.3,369.5,365.3,367.15,75,17175,541.95,365.05,368.4
13849,2021-03-13 14:28:00,365.3,369.5,365.3,367.15,75,17175,541.95,365.05,368.4
13850,2021-03-13 14:29:00,365.3,369.5,365.3,367.15,75,17175,541.95,365.05,368.4
13851,2021-03-13 14:30:00,365.3,369.5,365.3,367.15,75,17175,541.95,365.05,368.4
13852,2021-03-13 14:31:00,365.3,369.5,365.3,367.15,75,17175,541.95,365.05,368.4
13853,2021-03-13 14:32:00,365.3,369.5,365.3,367.15,75,17175,541.95,365.05,368.4
13854,2021-03-13 14:33:00,365.3,369.5,365.3,367.15,75,17175,541.95,365.05,368.4
13855,2021-03-13 14:34:00,365.3,369.5,365.3,367.15,75,17175,541.95,365.05,368.4
13856,2021-03-13 14:35:00,365.3,369.5,365.3,367.15,75,17175,541.95,365.05,368.4
13857,2021-03-13 14:36:00,365.3,369.5,365.3,367.15,75,17175,541.95,365.05,368.4
13858,2021-03-13 14:37:00,365.3,369.5,365.3,367.15,75,17175,541.95,365.05,368.4
13859,2021-03-13 14:38:00,365.3,369.5,365.3,367.15,75,17175,541.95,365.05,368.4
13860,2021-03-13 14:39:00,365.3,369.5,365.3,367.15,75,17175,541.95,365.05,368.4
13861,2021-03-13 14:40:00,365.3,369.5,365.3,367.15,75,17175,541.95,365.05,368.4
13862,2021-03-13 14:41:00,365.3,369.5,365.3,367.15,75,17175,541.95,365.05,368.4
13863,2021-03-13 14:42:00,365.3,369.5,365.3,367.15,75,17175,541.95,365.05,368.4
13864,2021-03-13 14:43:00,365.3,369.5,365.3,367.15,75,17175,541.95,365.05,368.4
13865,2021-03-13 14:44:00,365.3,369.5,365.3,367.15,75,17175,541.95,365.05,368.4
13866,2021-03-13 14:45:00,365.3,369.5,365.3,367.15,75,17175,541.95,365.05,368.4
13867,2021-03-13 14:46:00,365.3,369.5,365.3,367.15,75,17175,541.95,365.05,368.4
13868,2021-03-13 14:47:00,365.3,369.5,365.3,367.15,75,17175,541.95,365.05,368.4
13869,2021-03-13 14:48:00,365.3,369.5,365.3,367.15,75,17175,541.95,365.05,368.4
13870,2021-03-13 14:49:00,365.3,369.5,365.3,367.15,75,17175,541.95,365.05,368.4
13871,2021-03-13 14:50:00,365.3,369.5,365.3,367.15,75,17175,541.95,365.05,368.4
13872,2021-03-13 14:51:00,365.3,369.5,365.3,367.15,75,17175,541.95,365.05,368.4
13873,2021-03-13 14:52:00,365.3,369.5,365.3,367.15,75,17175,541.95,365.05,368.4
13874,2021-03-13 14:53:00,365.3,369.5,365.3,367.15,75,17175,541.95,365.05,368.4
13875,2021-03-13 14:54:00,365.3,369.5,365.3,367.15,75,17175,541.95,365.05,368.4
13876,2021-03-13 14:55:00,365.3,369.5,365.3,367.15,75,17175,541.95,365.05,368.4
13877,2021-03-13 14:56:00,365.3,369.5,365.3,367.15,75,17175,541.95,365.05,368.4
13878,2021-03-13 14:57:00,365.3,369.5,365.3,367.15,75,17175,541.95,365.05,368.4
13879,2021-03-13 14:58:00,365.3,369.5,365.3,367.15,75,17175,541.95,365.05,368.4
13880,2021-03-13 14:59:00,365.3,369.5,365.3,367.15,75,17175,541.95,365.05,368.4
13881,2021-03-13 15:00:00,365.3,369.5,365.3,367.15,75,17175,541.95,365.05,368.4
13882,2021-03-13 15:01:00,365.3,369.5,365.3,367.15,75,17175,541.95,365.05,368.4
13883,2021-03-13 15:02:00,365.3,369.5,365.3,367.15,75,17175,541.95,365.05,368.4
13884,2021-03-13 15:03:00,365.3,369.5,365.3,367.15,75,17175,541.95,365.05,368.4
13885,2021-03-13 15:04:00,365.3,369.5,365.3,367.15,75,17175,541.95,365.05,368.4
13886,2021-03-13 15:05:00,365.3,369.5,365.3,367.15,75,17175,541.95,365.05,368.4
13887,2021-03-13 15:06:00,365.3,369.5,365.3,367.15,75,17175,541.95,365.05,368.4
13888,2021-03-13 15:07:00,365.3,369.5,365.3,367.15,75,17175,541.95,365.05,368.4
13889,2021-03-13 15:08:00,365.3,369.5,365.3,367.15,75,17175,541.95,365.05,368.4
13890,2021-03-13 15:09:00,365.3,369.5,365.3,367.15,75,17175,541.95,365.05,368.4
13891,2021-03-13 15:10:00,365.3,369.5,365.3,367.15,75,17175,541.95,365.05,368.4
13892,2021-03-13 15:11:00,365.3,369.5,365.3,367.15,75,17175,541.95,365.05,368.4
13893,2021-03-13 15:12:00,365.3,369.5,365.3,367.15,75,17175,541.95,365.05,368.4
13894,2021-03-13 15:13:00,365.3,369.5,365.3,367.15,75,17175,541.95,365.05,368.4
13895,2021-03-13 15:14:00,365.3,369.5,365.3,367.15,75,17175,541.95,365.05,368.4
13896,2021-03-13 15:15:00,365.3,369.5,365.3,367.15,75,17175,541.95,365.05,368.4
13897,2021-03-13 15:16:00,365.3,369.5,365.3,367.15,75,17175,541.95,365.05,368.4
13898,2021-03-13 15:17:00,365.3,369.5,365.3,367.15,75,17175,541.95,365.05,368.4
13899,2021-03-13 15:18:00,365.3,369.5,365.3,367.15,75,17175,541.95,365.05,368.4
13900,2021-03-13 15:19:00,365.3,369.5,365.3,367.15,75,17175,541.95,365.05,368.4
13901,2021-03-13 15:20:00,365.3,369.5,365.3,367.15,75,17175,541.95,365.05,368.4
13902,2021-03-13 15:21:00,365.3,369.5,365.3,367.15,75,17175,541.95,365.05,368.4
13903,2021-03-13 15:22:00,365.3,369.5,365.3,367.15,75,17175,541.95,365.05,368.4
13904,2021-03-13 15:23:00,365.3,369.5,365.3,367.15,75,17175,541.95,365.05,368.4
13905,2021-03-13 15:24:00,365.3,369.5,365.3,367.15,75,17175,541.95,365.05,368.4
13906,2021-03-13 15:25:00,365.3,369.5,365.3,367.15,75,17175,541.95,365.05,368.4
13907,2021-03-13 15:26:00,365.3,369.5,365.3,367.15,75,17175,541.95,365.05,368.4
13908,2021-03-13 15:27:00,365.3,369.5,365.3,367.15,75,17175,541.95,365.05,368.4
13909,2021-03-13 15:28:00,365.3,369.5,365.3,367.15,75,17175,541.95,365.05,368.4
13910,2021-03-13 15:29:00,365.3,369.5,365.3,367.15,75,17175,541.95,365.05,368.4
13911,2021-03-13 15:30:00,365.3,369.5,365.3,367.15,75,17175,541.95,365.05,368.4
13912,2021-03-14 09:15:00,365.3,369.5,365.3,367.15,75,17175,541.95,365.05,368.4
13913,2021-03-14 09:16:00,365.3,369.5,365.3,367.15,75,17175,541.95,365.05,368.4
13914,2021-03-14 09:17:00,365.3,369.5,365.3,367.15,75,17175,541.95,365.05,368.4
13915,2021-03-14 09:18:00,365.3,369.5,365.3,367.15,75,17175,541.95,365.05,368.4
13916,2021-03-14 09:19:00,365.3,369.5,365.3,367.15,75,17175,541.95,365.05,368.4
13917,2021-03-14 09:20:00,365.3,369.5,365.3,367.15,75,17175,541.95,365.05,368.4
13918,2021-03-14 09:21:00,365.3,369.5,365.3,367.15,75,17175,541.95,365.05,368.4
13919,2021-03-14 09:22:00,365.3,369.5,365.3,367.15,75,17175,541.95,365.05,368.4
13920,2021-03-14 09:23:00,365.3,369.5,365.3,367.15,75,17175,541.95,365.05,368.4
13921,2021-03-14 09:24:00,365.3,369.5,365.3,367.15,75,17175,541.95,365.05,368.4
13922,2021-03-14 09:25:00,365.3,369.5,365.3,367.15,75,17175,541.95,365.05,368.4
13923,2021-03-14 09:26:00,365.3,369.5,365.3,367.15,75,17175,541.95,365.05,368.4
13924,2021-03-14 09:27:00,365.3,369.5,365.3,367.15,75,17175,541.95,365.05,368.4
13925,2021-03-14 09:28:00,365.3,369.5,365.3,367.15,75,17175,541.95,365.05,368.4
13926,2021-03-14 09:29:00,365.3,369.5,365.3,367.15,75,17175,541.95,365.05,368.4
13927,2021-03-14 09:30:00,365.3,369.5,365.3,367.15,75,17175,541.95,365.05,368.4
13928,2021-03-14 09:31:00,365.3,369.5,365.3,367.15,75,17175,541.95,365.05,368.4
13929,2021-03-14 09:32:00,365.3,369.5,365.3,367.15,75,17175,541.95,365.05,368.4
13930,2021-03-14 09:33:00,365.3,369.5,365.3,367.15,75,17175,541.95,365.05,368.4
13931,2021-03-14 09:34:00,365.3,369.5,365.3,367.15,75,17175,541.95,365.05,368.4
13932,2021-03-14 09:35:00,365.3,369.5,365.3,367.15,75,17175,541.95,365.05,368.4
13933,2021-03-14 09:36:00,365.3,369.5,365.3,367.15,75,17175,541.95,365.05,368.4
13934,2021-03-14 09:37:00,365.3,369.5,365.3,367.15,75,17175,541.95,365.05,368.4
13935,2021-03-14 09:38:00,365.3,369.5,365.3,367.15,75,17175,541.95,365.05,368.4
13936,2021-03-14 09:39:00,365.3,369.5,365.3,367.15,75,17175,541.95,365.05,368.4
13937,2021-03-14 09:40:00,365.3,369.5,365.3,367.15,75,17175,541.95,365.05,368.4
13938,2021-03-14 09:41:00,365.3,369.5,365.3,367.15,75,17175,541.95,365.05,368.4
13939,2021-03-14 09:42:00,365.3,369.5,365.3,367.15,75,17175,541.95,365.05,368.4
13940,2021-03-14 09:43:00,365.3,369.5,365.3,367.15,75,17175,541.95,365.05,368.4
13941,2021-03-14 09:44:00,365.3,369.5,365.3,367.15,75,17175,541.95,365.05,368.4
13942,2021-03-14 09:45:00,365.3,369.5,365.3,367.15,75,17175,541.95,365.05,368.4
13943,2021-03-14 09:46:00,365.3,369.5,365.3,367.15,75,17175,541.95,365.05,368.4
13944,2021-03-14 09:47:00,365.3,369.5,365.3,367.15,75,17175,541.95,365.05,368.4
13945,2021-03-14 09:48:00,365.3,369.5,365.3,367.15,75,17175,541.95,365.05,368.4
13946,2021-03-14 09:49:00,365.3,369.5,365.3,367.15,75,17175,541.95,365.05,368.4
13947,2021-03-14 09:50:00,365.3,369.5,365.3,367.15,75,17175,541.95,365.05,368.4
13948,2021-03-14 09:51:00,365.3,369.5,365.3,367.15,75,17175,541.95,365.05,368.4
13949,2021-03-14 09:52:00,365.3,369.5,365.3,367.15,75,17175,541.95,365.05,368.4
13950,2021-03-14 09:53:00,365.3,369.5,365.3,367.15,75,17175,541.95,365.05,368.4
13951,2021-03-14 09:54:00,365.3,369.5,365.3,367.15,75,17175,541.95,365.05,368.4
13952,2021-03-14 09:55:00,365.3,369.5,365.3,367.15,75,17175,541.95,365.05,368.4
13953,2021-03-14 09:56:00,365.3,369.5,365.3,367.15,75,17175,541.95,365.05,368.4
13954,2021-03-14 09:57:00,365.3,369.5,365.3,367.15,75,17175,541.95,365.05,368.4
13955,2021-03-14 09:58:00,365.3,369.5,365.3,367.15,75,17175,541.95,365.05,368.4
13956,2021-03-14 09:59:00,365.3,369.5,365.3,367.15,75,17175,541.95,365.05,368.4
13957,2021-03-14 10:00:00,365.3,369.5,365.3,367.15,75,17175,541.95,365.05,368.4
13958,2021-03-14 10:01:00,365.3,369.5,365.3,367.15,75,17175,541.95,365.05,368.4
13959,2021-03-14 10:02:00,365.3,369.5,365.3,367.15,75,17175,541.95,365.05,368.4
13960,2021-03-14 10:03:00,365.3,369.5,365.3,367.15,75,17175,541.95,365.05,368.4
13961,2021-03-14 10:04:00,365.3,369.5,365.3,367.15,75,17175,541.95,365.05,368.4
13962,2021-03-14 10:05:00,365.3,369.5,365.3,367.15,75,17175,541.95,365.05,368.4
13963,2021-03-14 10:06:00,365.3,369.5,365.3,367.15,75,17175,541.95,365.05,368.4
13964,2021-03-14 10:07:00,365.3,369.5,365.3,367.15,75,17175,541.95,365.05,368.4
13965,2021-03-14 10:08:00,365.3,369.5,365.3,367.15,75,17175,541.95,365.05,368.4
13966,2021-03-14 10:09:00,365.3,369.5,365.3,367.15,75,17175,541.95,365.05,368.4
13967,2021-03-14 10:10:00,365.3,369.5,365.3,367.15,75,17175,541.95,365.05,368.4
13968,2021-03-14 10:11:00,365.3,369.5,365.3,367.15,75,17175,541.95,365.05,368.4
13969,2021-03-14 10:12:00,365.3,369.5,365.3,367.15,75,17175,541.95,365.05,368.4
13970,2021-03-14 10:13:00,365.3,369.5,365.3,367.15,75,17175,541.95,365.05,368.4
13971,2021-03-14 10:14:00,365.3,369.5,365.3,367.15,75,17175,541.95,365.05,368.4
13972,2021-03-14 10:15:00,365.3,369.5,365.3,367.15,75,17175,541.95,365.05,368.4
13973,2021-03-14 10:16:00,365.3,369.5,365.3,367.15,75,17175,541.95,365.05,368.4
13974,2021-03-14 10:17:00,365.3,369.5,365.3,367.15,75,17175,541.95,365.05,368.4
13975,2021-03-14 10:18:00,365.3,369.5,365.3,367.15,75,17175,541.95,365.05,368.4
13976,2021-03-14 10:19:00,365.3,369.5,365.3,367.15,75,17175,541.95,365.05,368.4
13977,2021-03-14 10:20:00,365.3,369.5,365.3,367.15,75,17175,541.95,365.05,368.4
13978,2021-03-14 10:21:00,365.3,369.5,365.3,367.15,75,17175,541.95,365.05,368.4
13979,2021-03-14 10:22:00,365.3,369.5,365.3,367.15,75,17175,541.95,365.05,368.4
13980,2021-03-14 10:23:00,365.3,369.5,365.3,367.15,75,17175,541.95,365.05,368.4
13981,2021-03-14 10:24:00,365.3,369.5,365.3,367.15,75,17175,541.95,365.05,368.4
13982,2021-03-14 10:25:00,365.3,369.5,365.3,367.15,75,17175,541.95,365.05,368.4
13983,2021-03-14 10:26:00,365.3,369.5,365.3,367.15,75,17175,541.95,365.05,368.4
13984,2021-03-14 10:27:00,365.3,369.5,365.3,367.15,75,17175,541.95,365.05,368.4
13985,2021-03-14 10:28:00,365.3,369.5,365.3,367.15,75,17175,541.95,365.05,368.4
13986,2021-03-14 10:29:00,365.3,369.5,365.3,367.15,75,17175,541.95,365.05,368.4
13987,2021-03-14 10:30:00,365.3,369.5,365.3,367.15,75,17175,541.95,365.05,368.4
13988,2021-03-14 10:31:00,365.3,369.5,365.3,367.15,75,17175,541.95,365.05,368.4
13989,2021-03-14 10:32:00,365.3,369.5,365.3,367.15,75,17175,541.95,365.05,368.4
13990,2021-03-14 10:33:00,365.3,369.5,365.3,367.15,75,17175,541.95,365.05,368.4
13991,2021-03-14 10:34:00,365.3,369.5,365.3,367.15,75,17175,541.95,365.05,368.4
13992,2021-03-14 10:35:00,365.3,369.5,365.3,367.15,75,17175,541.95,365.05,368.4
13993,2021-03-14 10:36:00,365.3,369.5,365.3,367.15,75,17175,541.95,365.05,368.4
13994,2021-03-14 10:37:00,365.3,369.5,365.3,367.15,75,17175,541.95,365.05,368.4
13995,2021-03-14 10:38:00,365.3,369.5,365.3,367.15,75,17175,541.95,365.05,368.4
13996,2021-03-14 10:39:00,365.3,369.5,365.3,367.15,75,17175,541.95,365.05,368.4
13997,2021-03-14 10:40:00,365.3,369.5,365.3,367.15,75,17175,541.95,365.05,368.4
13998,2021-03-14 10:41:00,365.3,369.5,365.3,367.15,75,17175,541.95,365.05,368.4
13999,2021-03-14 10:42:00,365.3,369.5,365.3,367.15,75,17175,541.95,365.05,368.4
14000,2021-03-14 10:43:00,365.3,369.5,365.3,367.15,75,17175,541.95,365.05,368.4
14001,2021-03-14 10:44:00,365.3,369.5,365.3,367.15,75,17175,541.95,365.05,368.4
14002,2021-03-14 10:45:00,365.3,369.5,365.3,367.15,75,17175,541.95,365.05,368.4
14003,2021-03-14 10:46:00,365.3,369.5,365.3,367.15,75,17175,541.95,365.05,368.4
14004,2021-03-14 10:47:00,365.3,369.5,365.3,367.15,75,17175,541.95,365.05,368.4
14005,2021-03-14 10:48:00,365.3,369.5,365.3,367.15,75,17175,541.95,365.05,368.4
14006,2021-03-14 10:49:00,365.3,369.5,365.3,367.15,75,17175,541.95,365.05,368.4
14007,2021-03-14 10:50:00,365.3,369.5,365.3,367.15,75,17175,541.95,365.05,368.4
14008,2021-03-14 10:51:00,365.3,369.5,365.3,367.15,75,17175,541.95,365.05,368.4
14009,2021-03-14 10:52:00,365.3,369.5,365.3,367.15,75,17175,541.95,365.05,368.4
14010,2021-03-14 10:53:00,365.3,369.5,365.3,367.15,75,17175,541.95,365.05,368.4
14011,2021-03-14 10:54:00,365.3,369.5,365.3,367.15,75,17175,541.95,365.05,368.4
14012,2021-03-14 10:55:00,365.3,369.5,365.3,367.15,75,17175,541.95,365.05,368.4
14013,2021-03-14 10:56:00,365.3,369.5,365.3,367.15,75,17175,541.95,365.05,368.4
14014,2021-03-14 10:57:00,365.3,369.5,365.3,367.15,75,17175,541.95,365.05,368.4
14015,2021-03-14 10:58:00,365.3,369.5,365.3,367.15,75,17175,541.95,365.05,368.4
14016,2021-03-14 10:59:00,365.3,369.5,365.3,367.15,75,17175,541.95,365.05,368.4
14017,2021-03-14 11:00:00,365.3,369.5,365.3,367.15,75,17175,541.95,365.05,368.4
14018,2021-03-14 11:01:00,365.3,369.5,365.3,367.15,75,17175,541.95,365.05,368.4
14019,2021-03-14 11:02:00,365.3,369.5,365.3,367.15,75,17175,541.95,365.05,368.4
14020,2021-03-14 11:03:00,365.3,369.5,365.3,367.15,75,17175,541.95,365.05,368.4
14021,2021-03-14 11:04:00,365.3,369.5,365.3,367.15,75,17175,541.95,365.05,368.4
14022,2021-03-14 11:05:00,365.3,369.5,365.3,367.15,75,17175,541.95,365.05,368.4
14023,2021-03-14 11:06:00,365.3,369.5,365.3,367.15,75,17175,541.95,365.05,368.4
14024,2021-03-14 11:07:00,365.3,369.5,365.3,367.15,75,17175,541.95,365.05,368.4
14025,2021-03-14 11:08:00,365.3,369.5,365.3,367.15,75,17175,541.95,365.05,368.4
14026,2021-03-14 11:09:00,365.3,369.5,365.3,367.15,75,17175,541.95,365.05,368.4
14027,2021-03-14 11:10:00,365.3,369.5,365.3,367.15,75,17175,541.95,365.05,368.4
14028,2021-03-14 11:11:00,365.3,369.5,365.3,367.15,75,17175,541.95,365.05,368.4
14029,2021-03-14 11:12:00,365.3,369.5,365.3,367.15,75,17175,541.95,365.05,368.4
14030,2021-03-14 11:13:00,365.3,369.5,365.3,367.15,75,17175,541.95,365.05,368.4
14031,2021-03-14 11:14:00,365.3,369.5,365.3,367.15,75,17175,541.95,365.05,368.4
14032,2021-03-14 11:15:00,365.3,369.5,365.3,367.15,75,17175,541.95,365.05,368.4
14033,2021-03-14 11:16:00,365.3,369.5,365.3,367.15,75,17175,541.95,365.05,368.4
14034,2021-03-14 11:17:00,365.3,369.5,365.3,367.15,75,17175,541.95,365.05,368.4
14035,2021-03-14 11:18:00,365.3,369.5,365.3,367.15,75,17175,541.95,365.05,368.4
14036,2021-03-14 11:19:00,365.3,369.5,365.3,367.15,75,17175,541.95,365.05,368.4
14037,2021-03-14 11:20:00,365.3,369.5,365.3,367.15,75,17175,541.95,365.05,368.4
14038,2021-03-14 11:21:00,365.3,369.5,365.3,367.15,75,17175,541.95,365.05,368.4
14039,2021-03-14 11:22:00,365.3,369.5,365.3,367.15,75,17175,541.95,365.05,368.4
14040,2021-03-14 11:23:00,365.3,369.5,365.3,367.15,75,17175,541.95,365.05,368.4
14041,2021-03-14 11:24:00,365.3,369.5,365.3,367.15,75,17175,541.95,365.05,368.4
14042,2021-03-14 11:25:00,365.3,369.5,365.3,367.15,75,17175,541.95,365.05,368.4
14043,2021-03-14 11:26:00,365.3,369.5,365.3,367.15,75,17175,541.95,365.05,368.4
14044,2021-03-14 11:27:00,365.3,369.5,365.3,367.15,75,17175,541.95,365.05,368.4
14045,2021-03-14 11:28:00,365.3,369.5,365.3,367.15,75,17175,541.95,365.05,368.4
14046,2021-03-14 11:29:00,365.3,369.5,365.3,367.15,75,17175,541.95,365.05,368.4
14047,2021-03-14 11:30:00,365.3,369.5,365.3,367.15,75,17175,541.95,365.05,368.4
14048,2021-03-14 11:31:00,365.3,369.5,365.3,367.15,75,17175,541.95,365.05,368.4
14049,2021-03-14 11:32:00,365.3,369.5,365.3,367.15,75,17175,541.95,365.05,368.4
14050,2021-03-14 11:33:00,365.3,369.5,365.3,367.15,75,17175,541.95,365.05,368.4
14051,2021-03-14 11:34:00,365.3,369.5,365.3,367.15,75,17175,541.95,365.05,368.4
14052,2021-03-14 11:35:00,365.3,369.5,365.3,367.15,75,17175,541.95,365.05,368.4
14053,2021-03-14 11:36:00,365.3,369.5,365.3,367.15,75,17175,541.95,365.05,368.4
14054,2021-03-14 11:37:00,365.3,369.5,365.3,367.15,75,17175,541.95,365.05,368.4
14055,2021-03-14 11:38:00,365.3,369.5,365.3,367.15,75,17175,541.95,365.05,368.4
14056,2021-03-14 11:39:00,365.3,369.5,365.3,367.15,75,17175,541.95,365.05,368.4
14057,2021-03-14 11:40:00,365.3,369.5,365.3,367.15,75,17175,541.95,365.05,368.4
14058,2021-03-14 11:41:00,365.3,369.5,365.3,367.15,75,17175,541.95,365.05,368.4
14059,2021-03-14 11:42:00,365.3,369.5,365.3,367.15,75,17175,541.95,365.05,368.4
14060,2021-03-14 11:43:00,365.3,369.5,365.3,367.15,75,17175,541.95,365.05,368.4
14061,2021-03-14 11:44:00,365.3,369.5,365.3,367.15,75,17175,541.95,365.05,368.4
14062,2021-03-14 11:45:00,365.3,369.5,365.3,367.15,75,17175,541.95,365.05,368.4
14063,2021-03-14 11:46:00,365.3,369.5,365.3,367.15,75,17175,541.95,365.05,368.4
14064,2021-03-14 11:47:00,365.3,369.5,365.3,367.15,75,17175,541.95,365.05,368.4
14065,2021-03-14 11:48:00,365.3,369.5,365.3,367.15,75,17175,541.95,365.05,368.4
14066,2021-03-14 11:49:00,365.3,369.5,365.3,367.15,75,17175,541.95,365.05,368.4
14067,2021-03-14 11:50:00,365.3,369.5,365.3,367.15,75,17175,541.95,365.05,368.4
14068,2021-03-14 11:51:00,365.3,369.5,365.3,367.15,75,17175,541.95,365.05,368.4
14069,2021-03-14 11:52:00,365.3,369.5,365.3,367.15,75,17175,541.95,365.05,368.4
14070,2021-03-14 11:53:00,365.3,369.5,365.3,367.15,75,17175,541.95,365.05,368.4
14071,2021-03-14 11:54:00,365.3,369.5,365.3,367.15,75,17175,541.95,365.05,368.4
14072,2021-03-14 11:55:00,365.3,369.5,365.3,367.15,75,17175,541.95,365.05,368.4
14073,2021-03-14 11:56:00,365.3,369.5,365.3,367.15,75,17175,541.95,365.05,368.4
14074,2021-03-14 11:57:00,365.3,369.5,365.3,367.15,75,17175,541.95,365.05,368.4
14075,2021-03-14 11:58:00,365.3,369.5,365.3,367.15,75,17175,541.95,365.05,368.4
14076,2021-03-14 11:59:00,365.3,369.5,365.3,367.15,75,17175,541.95,365.05,368.4
14077,2021-03-14 12:00:00,365.3,369.5,365.3,367.15,75,17175,541.95,365.05,368.4
14078,2021-03-14 12:01:00,365.3,369.5,365.3,367.15,75,17175,541.95,365.05,368.4
14079,2021-03-14 12:02:00,365.3,369.5,365.3,367.15,75,17175,541.95,365.05,368.4
14080,2021-03-14 12:03:00,365.3,369.5,365.3,367.15,75,17175,541.95,365.05,368.4
14081,2021-03-14 12:04:00,365.3,369.5,365.3,367.15,75,17175,541.95,365.05,368.4
14082,2021-03-14 12:05:00,365.3,369.5,365.3,367.15,75,17175,541.95,365.05,368.4
14083,2021-03-14 12:06:00,365.3,369.5,365.3,367.15,75,17175,541.95,365.05,368.4
14084,2021-03-14 12:07:00,365.3,369.5,365.3,367.15,75,17175,541.95,365.05,368.4
14085,2021-03-14 12:08:00,365.3,369.5,365.3,367.15,75,17175,541.95,365.05,368.4
14086,2021-03-14 12:09:00,365.3,369.5,365.3,367.15,75,17175,541.95,365.05,368.4
14087,2021-03-14 12:10:00,365.3,369.5,365.3,367.15,75,17175,541.95,365.05,368.4
14088,2021-03-14 12:11:00,365.3,369.5,365.3,367.15,75,17175,541.95,365.05,368.4
14089,2021-03-14 12:12:00,365.3,369.5,365.3,367.15,75,17175,541.95,365.05,368.4
14090,2021-03-14 12:13:00,365.3,369.5,365.3,367.15,75,17175,541.95,365.05,368.4
14091,2021-03-14 12:14:00,365.3,369.5,365.3,367.15,75,17175,541.95,365.05,368.4
14092,2021-03-14 12:15:00,365.3,369.5,365.3,367.15,75,17175,541.95,365.05,368.4
14093,2021-03-14 12:16:00,365.3,369.5,365.3,367.15,75,17175,541.95,365.05,368.4
14094,2021-03-14 12:17:00,365.3,369.5,365.3,367.15,75,17175,541.95,365.05,368.4
14095,2021-03-14 12:18:00,365.3,369.5,365.3,367.15,75,17175,541.95,365.05,368.4
14096,2021-03-14 12:19:00,365.3,369.5,365.3,367.15,75,17175,541.95,365.05,368.4
14097,2021-03-14 12:20:00,365.3,369.5,365.3,367.15,75,17175,541.95,365.05,368.4
14098,2021-03-14 12:21:00,365.3,369.5,365.3,367.15,75,17175,541.95,365.05,368.4
14099,2021-03-14 12:22:00,365.3,369.5,365.3,367.15,75,17175,541.95,365.05,368.4
14100,2021-03-14 12:23:00,365.3,369.5,365.3,367.15,75,17175,541.95,365.05,368.4
14101,2021-03-14 12:24:00,365.3,369.5,365.3,367.15,75,17175,541.95,365.05,368.4
14102,2021-03-14 12:25:00,365.3,369.5,365.3,367.15,75,17175,541.95,365.05,368.4
14103,2021-03-14 12:26:00,365.3,369.5,365.3,367.15,75,17175,541.95,365.05,368.4
14104,2021-03-14 12:27:00,365.3,369.5,365.3,367.15,75,17175,541.95,365.05,368.4
14105,2021-03-14 12:28:00,365.3,369.5,365.3,367.15,75,17175,541.95,365.05,368.4
14106,2021-03-14 12:29:00,365.3,369.5,365.3,367.15,75,17175,541.95,365.05,368.4
14107,2021-03-14 12:30:00,365.3,369.5,365.3,367.15,75,17175,541.95,365.05,368.4
14108,2021-03-14 12:31:00,365.3,369.5,365.3,367.15,75,17175,541.95,365.05,368.4
14109,2021-03-14 12:32:00,365.3,369.5,365.3,367.15,75,17175,541.95,365.05,368.4
14110,2021-03-14 12:33:00,365.3,369.5,365.3,367.15,75,17175,541.95,365.05,368.4
14111,2021-03-14 12:34:00,365.3,369.5,365.3,367.15,75,17175,541.95,365.05,368.4
14112,2021-03-14 12:35:00,365.3,369.5,365.3,367.15,75,17175,541.95,365.05,368.4
14113,2021-03-14 12:36:00,365.3,369.5,365.3,367.15,75,17175,541.95,365.05,368.4
14114,2021-03-14 12:37:00,365.3,369.5,365.3,367.15,75,17175,541.95,365.05,368.4
14115,2021-03-14 12:38:00,365.3,369.5,365.3,367.15,75,17175,541.95,365.05,368.4
14116,2021-03-14 12:39:00,365.3,369.5,365.3,367.15,75,17175,541.95,365.05,368.4
14117,2021-03-14 12:40:00,365.3,369.5,365.3,367.15,75,17175,541.95,365.05,368.4
14118,2021-03-14 12:41:00,365.3,369.5,365.3,367.15,75,17175,541.95,365.05,368.4
14119,2021-03-14 12:42:00,365.3,369.5,365.3,367.15,75,17175,541.95,365.05,368.4
14120,2021-03-14 12:43:00,365.3,369.5,365.3,367.15,75,17175,541.95,365.05,368.4
14121,2021-03-14 12:44:00,365.3,369.5,365.3,367.15,75,17175,541.95,365.05,368.4
14122,2021-03-14 12:45:00,365.3,369.5,365.3,367.15,75,17175,541.95,365.05,368.4
14123,2021-03-14 12:46:00,365.3,369.5,365.3,367.15,75,17175,541.95,365.05,368.4
14124,2021-03-14 12:47:00,365.3,369.5,365.3,367.15,75,17175,541.95,365.05,368.4
14125,2021-03-14 12:48:00,365.3,369.5,365.3,367.15,75,17175,541.95,365.05,368.4
14126,2021-03-14 12:49:00,365.3,369.5,365.3,367.15,75,17175,541.95,365.05,368.4
14127,2021-03-14 12:50:00,365.3,369.5,365.3,367.15,75,17175,541.95,365.05,368.4
14128,2021-03-14 12:51:00,365.3,369.5,365.3,367.15,75,17175,541.95,365.05,368.4
14129,2021-03-14 12:52:00,365.3,369.5,365.3,367.15,75,17175,541.95,365.05,368.4
14130,2021-03-14 12:53:00,365.3,369.5,365.3,367.15,75,17175,541.95,365.05,368.4
14131,2021-03-14 12:54:00,365.3,369.5,365.3,367.15,75,17175,541.95,365.05,368.4
14132,2021-03-14 12:55:00,365.3,369.5,365.3,367.15,75,17175,541.95,365.05,368.4
14133,2021-03-14 12:56:00,365.3,369.5,365.3,367.15,75,17175,541.95,365.05,368.4
14134,2021-03-14 12:57:00,365.3,369.5,365.3,367.15,75,17175,541.95,365.05,368.4
14135,2021-03-14 12:58:00,365.3,369.5,365.3,367.15,75,17175,541.95,365.05,368.4
14136,2021-03-14 12:59:00,365.3,369.5,365.3,367.15,75,17175,541.95,365.05,368.4
14137,2021-03-14 13:00:00,365.3,369.5,365.3,367.15,75,17175,541.95,365.05,368.4
14138,2021-03-14 13:01:00,365.3,369.5,365.3,367.15,75,17175,541.95,365.05,368.4
14139,2021-03-14 13:02:00,365.3,369.5,365.3,367.15,75,17175,541.95,365.05,368.4
14140,2021-03-14 13:03:00,365.3,369.5,365.3,367.15,75,17175,541.95,365.05,368.4
14141,2021-03-14 13:04:00,365.3,369.5,365.3,367.15,75,17175,541.95,365.05,368.4
14142,2021-03-14 13:05:00,365.3,369.5,365.3,367.15,75,17175,541.95,365.05,368.4
14143,2021-03-14 13:06:00,365.3,369.5,365.3,367.15,75,17175,541.95,365.05,368.4
14144,2021-03-14 13:07:00,365.3,369.5,365.3,367.15,75,17175,541.95,365.05,368.4
14145,2021-03-14 13:08:00,365.3,369.5,365.3,367.15,75,17175,541.95,365.05,368.4
14146,2021-03-14 13:09:00,365.3,369.5,365.3,367.15,75,17175,541.95,365.05,368.4
14147,2021-03-14 13:10:00,365.3,369.5,365.3,367.15,75,17175,541.95,365.05,368.4
14148,2021-03-14 13:11:00,365.3,369.5,365.3,367.15,75,17175,541.95,365.05,368.4
14149,2021-03-14 13:12:00,365.3,369.5,365.3,367.15,75,17175,541.95,365.05,368.4
14150,2021-03-14 13:13:00,365.3,369.5,365.3,367.15,75,17175,541.95,365.05,368.4
14151,2021-03-14 13:14:00,365.3,369.5,365.3,367.15,75,17175,541.95,365.05,368.4
14152,2021-03-14 13:15:00,365.3,369.5,365.3,367.15,75,17175,541.95,365.05,368.4
14153,2021-03-14 13:16:00,365.3,369.5,365.3,367.15,75,17175,541.95,365.05,368.4
14154,2021-03-14 13:17:00,365.3,369.5,365.3,367.15,75,17175,541.95,365.05,368.4
14155,2021-03-14 13:18:00,365.3,369.5,365.3,367.15,75,17175,541.95,365.05,368.4
14156,2021-03-14 13:19:00,365.3,369.5,365.3,367.15,75,17175,541.95,365.05,368.4
14157,2021-03-14 13:20:00,365.3,369.5,365.3,367.15,75,17175,541.95,365.05,368.4
14158,2021-03-14 13:21:00,365.3,369.5,365.3,367.15,75,17175,541.95,365.05,368.4
14159,2021-03-14 13:22:00,365.3,369.5,365.3,367.15,75,17175,541.95,365.05,368.4
14160,2021-03-14 13:23:00,365.3,369.5,365.3,367.15,75,17175,541.95,365.05,368.4
14161,2021-03-14 13:24:00,365.3,369.5,365.3,367.15,75,17175,541.95,365.05,368.4
14162,2021-03-14 13:25:00,365.3,369.5,365.3,367.15,75,17175,541.95,365.05,368.4
14163,2021-03-14 13:26:00,365.3,369.5,365.3,367.15,75,17175,541.95,365.05,368.4
14164,2021-03-14 13:27:00,365.3,369.5,365.3,367.15,75,17175,541.95,365.05,368.4
14165,2021-03-14 13:28:00,365.3,369.5,365.3,367.15,75,17175,541.95,365.05,368.4
14166,2021-03-14 13:29:00,365.3,369.5,365.3,367.15,75,17175,541.95,365.05,368.4
14167,2021-03-14 13:30:00,365.3,369.5,365.3,367.15,75,17175,541.95,365.05,368.4
14168,2021-03-14 13:31:00,365.3,369.5,365.3,367.15,75,17175,541.95,365.05,368.4
14169,2021-03-14 13:32:00,365.3,369.5,365.3,367.15,75,17175,541.95,365.05,368.4
14170,2021-03-14 13:33:00,365.3,369.5,365.3,367.15,75,17175,541.95,365.05,368.4
14171,2021-03-14 13:34:00,365.3,369.5,365.3,367.15,75,17175,541.95,365.05,368.4
14172,2021-03-14 13:35:00,365.3,369.5,365.3,367.15,75,17175,541.95,365.05,368.4
14173,2021-03-14 13:36:00,365.3,369.5,365.3,367.15,75,17175,541.95,365.05,368.4
14174,2021-03-14 13:37:00,365.3,369.5,365.3,367.15,75,17175,541.95,365.05,368.4
14175,2021-03-14 13:38:00,365.3,369.5,365.3,367.15,75,17175,541.95,365.05,368.4
14176,2021-03-14 13:39:00,365.3,369.5,365.3,367.15,75,17175,541.95,365.05,368.4
14177,2021-03-14 13:40:00,365.3,369.5,365.3,367.15,75,17175,541.95,365.05,368.4
14178,2021-03-14 13:41:00,365.3,369.5,365.3,367.15,75,17175,541.95,365.05,368.4
14179,2021-03-14 13:42:00,365.3,369.5,365.3,367.15,75,17175,541.95,365.05,368.4
14180,2021-03-14 13:43:00,365.3,369.5,365.3,367.15,75,17175,541.95,365.05,368.4
14181,2021-03-14 13:44:00,365.3,369.5,365.3,367.15,75,17175,541.95,365.05,368.4
14182,2021-03-14 13:45:00,365.3,369.5,365.3,367.15,75,17175,541.95,365.05,368.4
14183,2021-03-14 13:46:00,365.3,369.5,365.3,367.15,75,17175,541.95,365.05,368.4
14184,2021-03-14 13:47:00,365.3,369.5,365.3,367.15,75,17175,541.95,365.05,368.4
14185,2021-03-14 13:48:00,365.3,369.5,365.3,367.15,75,17175,541.95,365.05,368.4
14186,2021-03-14 13:49:00,365.3,369.5,365.3,367.15,75,17175,541.95,365.05,368.4
14187,2021-03-14 13:50:00,365.3,369.5,365.3,367.15,75,17175,541.95,365.05,368.4
14188,2021-03-14 13:51:00,365.3,369.5,365.3,367.15,75,17175,541.95,365.05,368.4
14189,2021-03-14 13:52:00,365.3,369.5,365.3,367.15,75,17175,541.95,365.05,368.4
14190,2021-03-14 13:53:00,365.3,369.5,365.3,367.15,75,17175,541.95,365.05,368.4
14191,2021-03-14 13:54:00,365.3,369.5,365.3,367.15,75,17175,541.95,365.05,368.4
14192,2021-03-14 13:55:00,365.3,369.5,365.3,367.15,75,17175,541.95,365.05,368.4
14193,2021-03-14 13:56:00,365.3,369.5,365.3,367.15,75,17175,541.95,365.05,368.4
14194,2021-03-14 13:57:00,365.3,369.5,365.3,367.15,75,17175,541.95,365.05,368.4
14195,2021-03-14 13:58:00,365.3,369.5,365.3,367.15,75,17175,541.95,365.05,368.4
14196,2021-03-14 13:59:00,365.3,369.5,365.3,367.15,75,17175,541.95,365.05,368.4
14197,2021-03-14 14:00:00,365.3,369.5,365.3,367.15,75,17175,541.95,365.05,368.4
14198,2021-03-14 14:01:00,365.3,369.5,365.3,367.15,75,17175,541.95,365.05,368.4
14199,2021-03-14 14:02:00,365.3,369.5,365.3,367.15,75,17175,541.95,365.05,368.4
14200,2021-03-14 14:03:00,365.3,369.5,365.3,367.15,75,17175,541.95,365.05,368.4
14201,2021-03-14 14:04:00,365.3,369.5,365.3,367.15,75,17175,541.95,365.05,368.4
14202,2021-03-14 14:05:00,365.3,369.5,365.3,367.15,75,17175,541.95,365.05,368.4
14203,2021-03-14 14:06:00,365.3,369.5,365.3,367.15,75,17175,541.95,365.05,368.4
14204,2021-03-14 14:07:00,365.3,369.5,365.3,367.15,75,17175,541.95,365.05,368.4
14205,2021-03-14 14:08:00,365.3,369.5,365.3,367.15,75,17175,541.95,365.05,368.4
14206,2021-03-14 14:09:00,365.3,369.5,365.3,367.15,75,17175,541.95,365.05,368.4
14207,2021-03-14 14:10:00,365.3,369.5,365.3,367.15,75,17175,541.95,365.05,368.4
14208,2021-03-14 14:11:00,365.3,369.5,365.3,367.15,75,17175,541.95,365.05,368.4
14209,2021-03-14 14:12:00,365.3,369.5,365.3,367.15,75,17175,541.95,365.05,368.4
14210,2021-03-14 14:13:00,365.3,369.5,365.3,367.15,75,17175,541.95,365.05,368.4
14211,2021-03-14 14:14:00,365.3,369.5,365.3,367.15,75,17175,541.95,365.05,368.4
14212,2021-03-14 14:15:00,365.3,369.5,365.3,367.15,75,17175,541.95,365.05,368.4
14213,2021-03-14 14:16:00,365.3,369.5,365.3,367.15,75,17175,541.95,365.05,368.4
14214,2021-03-14 14:17:00,365.3,369.5,365.3,367.15,75,17175,541.95,365.05,368.4
14215,2021-03-14 14:18:00,365.3,369.5,365.3,367.15,75,17175,541.95,365.05,368.4
14216,2021-03-14 14:19:00,365.3,369.5,365.3,367.15,75,17175,541.95,365.05,368.4
14217,2021-03-14 14:20:00,365.3,369.5,365.3,367.15,75,17175,541.95,365.05,368.4
14218,2021-03-14 14:21:00,365.3,369.5,365.3,367.15,75,17175,541.95,365.05,368.4
14219,2021-03-14 14:22:00,365.3,369.5,365.3,367.15,75,17175,541.95,365.05,368.4
14220,2021-03-14 14:23:00,365.3,369.5,365.3,367.15,75,17175,541.95,365.05,368.4
14221,2021-03-14 14:24:00,365.3,369.5,365.3,367.15,75,17175,541.95,365.05,368.4
14222,2021-03-14 14:25:00,365.3,369.5,365.3,367.15,75,17175,541.95,365.05,368.4
14223,2021-03-14 14:26:00,365.3,369.5,365.3,367.15,75,17175,541.95,365.05,368.4
14224,2021-03-14 14:27:00,365.3,369.5,365.3,367.15,75,17175,541.95,365.05,368.4
14225,2021-03-14 14:28:00,365.3,369.5,365.3,367.15,75,17175,541.95,365.05,368.4
14226,2021-03-14 14:29:00,365.3,369.5,365.3,367.15,75,17175,541.95,365.05,368.4
14227,2021-03-14 14:30:00,365.3,369.5,365.3,367.15,75,17175,541.95,365.05,368.4
14228,2021-03-14 14:31:00,365.3,369.5,365.3,367.15,75,17175,541.95,365.05,368.4
14229,2021-03-14 14:32:00,365.3,369.5,365.3,367.15,75,17175,541.95,365.05,368.4
14230,2021-03-14 14:33:00,365.3,369.5,365.3,367.15,75,17175,541.95,365.05,368.4
14231,2021-03-14 14:34:00,365.3,369.5,365.3,367.15,75,17175,541.95,365.05,368.4
14232,2021-03-14 14:35:00,365.3,369.5,365.3,367.15,75,17175,541.95,365.05,368.4
14233,2021-03-14 14:36:00,365.3,369.5,365.3,367.15,75,17175,541.95,365.05,368.4
14234,2021-03-14 14:37:00,365.3,369.5,365.3,367.15,75,17175,541.95,365.05,368.4
14235,2021-03-14 14:38:00,365.3,369.5,365.3,367.15,75,17175,541.95,365.05,368.4
14236,2021-03-14 14:39:00,365.3,369.5,365.3,367.15,75,17175,541.95,365.05,368.4
14237,2021-03-14 14:40:00,365.3,369.5,365.3,367.15,75,17175,541.95,365.05,368.4
14238,2021-03-14 14:41:00,365.3,369.5,365.3,367.15,75,17175,541.95,365.05,368.4
14239,2021-03-14 14:42:00,365.3,369.5,365.3,367.15,75,17175,541.95,365.05,368.4
14240,2021-03-14 14:43:00,365.3,369.5,365.3,367.15,75,17175,541.95,365.05,368.4
14241,2021-03-14 14:44:00,365.3,369.5,365.3,367.15,75,17175,541.95,365.05,368.4
14242,2021-03-14 14:45:00,365.3,369.5,365.3,367.15,75,17175,541.95,365.05,368.4
14243,2021-03-14 14:46:00,365.3,369.5,365.3,367.15,75,17175,541.95,365.05,368.4
14244,2021-03-14 14:47:00,365.3,369.5,365.3,367.15,75,17175,541.95,365.05,368.4
14245,2021-03-14 14:48:00,365.3,369.5,365.3,367.15,75,17175,541.95,365.05,368.4
14246,2021-03-14 14:49:00,365.3,369.5,365.3,367.15,75,17175,541.95,365.05,368.4
14247,2021-03-14 14:50:00,365.3,369.5,365.3,367.15,75,17175,541.95,365.05,368.4
14248,2021-03-14 14:51:00,365.3,369.5,365.3,367.15,75,17175,541.95,365.05,368.4
14249,2021-03-14 14:52:00,365.3,369.5,365.3,367.15,75,17175,541.95,365.05,368.4
14250,2021-03-14 14:53:00,365.3,369.5,365.3,367.15,75,17175,541.95,365.05,368.4
14251,2021-03-14 14:54:00,365.3,369.5,365.3,367.15,75,17175,541.95,365.05,368.4
14252,2021-03-14 14:55:00,365.3,369.5,365.3,367.15,75,17175,541.95,365.05,368.4
14253,2021-03-14 14:56:00,365.3,369.5,365.3,367.15,75,17175,541.95,365.05,368.4
14254,2021-03-14 14:57:00,365.3,369.5,365.3,367.15,75,17175,541.95,365.05,368.4
14255,2021-03-14 14:58:00,365.3,369.5,365.3,367.15,75,17175,541.95,365.05,368.4
14256,2021-03-14 14:59:00,365.3,369.5,365.3,367.15,75,17175,541.95,365.05,368.4
14257,2021-03-14 15:00:00,365.3,369.5,365.3,367.15,75,17175,541.95,365.05,368.4
14258,2021-03-14 15:01:00,365.3,369.5,365.3,367.15,75,17175,541.95,365.05,368.4
14259,2021-03-14 15:02:00,365.3,369.5,365.3,367.15,75,17175,541.95,365.05,368.4
14260,2021-03-14 15:03:00,365.3,369.5,365.3,367.15,75,17175,541.95,365.05,368.4
14261,2021-03-14 15:04:00,365.3,369.5,365.3,367.15,75,17175,541.95,365.05,368.4
14262,2021-03-14 15:05:00,365.3,369.5,365.3,367.15,75,17175,541.95,365.05,368.4
14263,2021-03-14 15:06:00,365.3,369.5,365.3,367.15,75,17175,541.95,365.05,368.4
14264,2021-03-14 15:07:00,365.3,369.5,365.3,367.15,75,17175,541.95,365.05,368.4
14265,2021-03-14 15:08:00,365.3,369.5,365.3,367.15,75,17175,541.95,365.05,368.4
14266,2021-03-14 15:09:00,365.3,369.5,365.3,367.15,75,17175,541.95,365.05,368.4
14267,2021-03-14 15:10:00,365.3,369.5,365.3,367.15,75,17175,541.95,365.05,368.4
14268,2021-03-14 15:11:00,365.3,369.5,365.3,367.15,75,17175,541.95,365.05,368.4
14269,2021-03-14 15:12:00,365.3,369.5,365.3,367.15,75,17175,541.95,365.05,368.4
14270,2021-03-14 15:13:00,365.3,369.5,365.3,367.15,75,17175,541.95,365.05,368.4
14271,2021-03-14 15:14:00,365.3,369.5,365.3,367.15,75,17175,541.95,365.05,368.4
14272,2021-03-14 15:15:00,365.3,369.5,365.3,367.15,75,17175,541.95,365.05,368.4
14273,2021-03-14 15:16:00,365.3,369.5,365.3,367.15,75,17175,541.95,365.05,368.4
14274,2021-03-14 15:17:00,365.3,369.5,365.3,367.15,75,17175,541.95,365.05,368.4
14275,2021-03-14 15:18:00,365.3,369.5,365.3,367.15,75,17175,541.95,365.05,368.4
14276,2021-03-14 15:19:00,365.3,369.5,365.3,367.15,75,17175,541.95,365.05,368.4
14277,2021-03-14 15:20:00,365.3,369.5,365.3,367.15,75,17175,541.95,365.05,368.4
14278,2021-03-14 15:21:00,365.3,369.5,365.3,367.15,75,17175,541.95,365.05,368.4
14279,2021-03-14 15:22:00,365.3,369.5,365.3,367.15,75,17175,541.95,365.05,368.4
14280,2021-03-14 15:23:00,365.3,369.5,365.3,367.15,75,17175,541.95,365.05,368.4
14281,2021-03-14 15:24:00,365.3,369.5,365.3,367.15,75,17175,541.95,365.05,368.4
14282,2021-03-14 15:25:00,365.3,369.5,365.3,367.15,75,17175,541.95,365.05,368.4
14283,2021-03-14 15:26:00,365.3,369.5,365.3,367.15,75,17175,541.95,365.05,368.4
14284,2021-03-14 15:27:00,365.3,369.5,365.3,367.15,75,17175,541.95,365.05,368.4
14285,2021-03-14 15:28:00,365.3,369.5,365.3,367.15,75,17175,541.95,365.05,368.4
14286,2021-03-14 15:29:00,365.3,369.5,365.3,367.15,75,17175,541.95,365.05,368.4
14287,2021-03-14 15:30:00,365.3,369.5,365.3,367.15,75,17175,541.95,365.05,368.4
14288,2021-03-15 09:15:00,370.0,370.0,266.0,266.0,175,17150,295.33,250.0,299.25
14289,2021-03-15 09:16:00,306.0,306.0,250.1,306.0,175,17150,294.03,301.25,321.6
14290,2021-03-15 09:17:00,311.1,311.75,311.1,311.75,200,17225,299.72,306.2,316.25
14291,2021-03-15 09:18:00,306.15,320.0,306.15,320.0,225,17225,303.59,321.5,327.7
14292,2021-03-15 09:19:00,322.0,322.0,312.0,312.0,100,17225,304.89,306.9,311.95
14293,2021-03-15 09:20:00,306.25,310.25,306.25,310.25,375,17300,305.7,307.25,315.1
14294,2021-03-15 09:21:00,302.65,310.1,290.45,290.45,375,17300,304.32,275.1,297.2
14295,2021-03-15 09:22:00,290.45,290.55,287.3,290.55,425,17300,301.4,287.35,294.35
14296,2021-03-15 09:23:00,292.9,295.4,292.9,294.25,75,17300,301.14,294.65,299.95
14297,2021-03-15 09:24:00,294.25,294.25,290.0,294.25,175,17300,300.56,292.0,298.65
14298,2021-03-15 09:25:00,292.0,292.0,281.6,281.6,125,17300,299.95,280.0,291.1
14299,2021-03-15 09:26:00,283.1,290.45,283.1,290.45,75,16950,299.52,286.85,292.4
14300,2021-03-15 09:27:00,292.4,292.4,288.15,288.15,125,16950,299.09,287.65,293.1
14301,2021-03-15 09:28:00,290.65,294.85,288.5,292.75,150,16950,298.74,292.3,295.95
14302,2021-03-15 09:29:00,291.1,291.1,279.45,279.45,100,16775,298.23,274.85,282.75
14303,2021-03-15 09:30:00,268.25,268.25,261.0,261.0,125,16775,296.83,259.85,265.1
14304,2021-03-15 09:31:00,265.1,269.85,259.1,259.1,300,16775,293.92,256.9,264.1
14305,2021-03-15 09:32:00,260.0,260.0,246.3,251.25,600,16400,287.2,251.3,258.65
14306,2021-03-15 09:33:00,251.7,251.7,236.5,244.25,225,16400,284.89,238.65,246.3
14307,2021-03-15 09:34:00,243.75,249.2,243.75,248.75,200,16400,283.15,242.85,249.55
14308,2021-03-15 09:35:00,242.0,247.1,242.0,242.0,125,16425,282.03,238.5,244.9
14309,2021-03-15 09:36:00,241.15,241.15,241.15,241.15,25,16425,281.8,231.85,239.9
14310,2021-03-15 09:37:00,241.15,241.15,232.1,239.35,275,16425,279.19,234.2,242.55
14311,2021-03-15 09:38:00,245.6,245.6,245.6,245.6,500,16450,275.9,248.0,251.5
14312,2021-03-15 09:39:00,248.9,248.9,240.95,245.55,1400,16450,269.06,244.25,249.1
14313,2021-03-15 09:40:00,236.2,236.2,229.7,229.7,175,16450,268.12,231.15,233.2
14314,2021-03-15 09:41:00,231.5,235.3,231.5,235.3,150,15950,267.37,234.1,236.85
14315,2021-03-15 09:42:00,233.9,233.9,233.9,233.9,50,15950,267.13,228.7,233.5
14316,2021-03-15 09:43:00,230.6,233.75,230.6,233.3,75,15950,266.76,232.35,236.95
14317,2021-03-15 09:44:00,232.7,233.15,232.6,232.6,75,15950,266.41,229.15,235.45
14318,2021-03-15 09:45:00,236.6,236.6,236.05,236.05,50,15950,266.2,236.65,242.95
14319,2021-03-15 09:46:00,239.0,239.0,239.0,239.0,50,15950,266.01,236.8,242.65
14320,2021-03-15 09:47:00,239.0,239.0,239.0,239.0,50,15950,266.01,236.8,242.65
14321,2021-03-15 09:48:00,238.85,238.85,238.85,238.85,150,16025,265.46,238.55,244.95
14322,2021-03-15 09:49:00,238.25,238.25,238.25,238.25,200,16025,264.87,233.25,241.7
14323,2021-03-15 09:50:00,238.25,238.25,238.25,238.25,200,16025,264.87,233.25,241.7
14324,2021-03-15 09:51:00,234.0,234.0,234.0,234.0,150,16050,264.25,233.25,239.25
14325,2021-03-15 09:52:00,234.0,234.0,234.0,234.0,150,16050,264.25,233.25,239.25
14326,2021-03-15 09:53:00,237.3,237.3,237.3,237.3,75,16075,263.99,228.95,241.25
14327,2021-03-15 09:54:00,238.85,238.85,238.85,238.85,275,16075,263.14,236.05,244.0
14328,2021-03-15 09:55:00,240.85,240.85,240.85,240.85,125,16075,262.86,243.4,258.35
14329,2021-03-15 09:56:00,240.85,240.85,240.85,240.85,125,16075,262.86,243.4,258.35
14330,2021-03-15 09:57:00,242.05,242.05,242.05,242.05,50,16100,262.75,236.65,243.2
14331,2021-03-15 09:58:00,241.3,241.3,241.3,241.3,275,16100,262.1,238.65,245.0
14332,2021-03-15 09:59:00,241.3,241.3,241.3,241.3,275,16100,262.1,238.65,245.0
14333,2021-03-15 10:00:00,240.85,240.85,240.85,240.85,125,16025,261.83,239.8,245.1
14334,2021-03-15 10:01:00,225.05,225.05,225.05,225.05,150,16025,261.35,225.05,228.0
14335,2021-03-15 10:02:00,219.95,219.95,219.95,219.95,2275,16200,253.42,223.8,230.3
14336,2021-03-15 10:03:00,219.95,219.95,219.95,219.95,2275,16200,253.42,223.8,230.3
14337,2021-03-15 10:04:00,220.25,220.25,219.7,220.25,200,16200,252.85,217.8,220.8
14338,2021-03-15 10:05:00,208.0,208.0,206.4,208.0,1050,17175,249.36,204.75,210.05
14339,2021-03-15 10:06:00,208.0,208.0,206.4,208.0,1050,17175,249.36,204.75,210.05
14340,2021-03-15 10:07:00,210.4,210.4,210.4,210.4,550,17175,247.73,206.85,213.15
14341,2021-03-15 10:08:00,210.4,210.4,210.4,210.4,550,17175,247.73,206.85,213.15
14342,2021-03-15 10:09:00,214.9,214.9,214.9,214.9,525,17100,246.37,209.9,213.25
14343,2021-03-15 10:10:00,209.05,209.05,209.05,209.05,1225,17100,243.37,208.45,212.95
14344,2021-03-15 10:11:00,209.05,209.05,209.05,209.05,1225,17100,243.37,208.45,212.95
14345,2021-03-15 10:12:00,216.0,216.0,216.0,216.0,600,17075,242.23,214.15,219.0
14346,2021-03-15 10:13:00,216.0,216.0,216.0,216.0,600,17075,242.23,214.15,219.0
14347,2021-03-15 10:14:00,218.95,218.95,218.95,218.95,50,17075,242.16,219.05,223.45
14348,2021-03-15 10:15:00,210.55,210.55,210.55,210.55,250,17000,241.67,209.15,214.75
14349,2021-03-15 10:16:00,210.55,210.55,210.55,210.55,250,17000,241.67,209.15,214.75
14350,2021-03-15 10:17:00,210.0,210.0,210.0,210.0,75,17000,241.52,208.8,213.75
14351,2021-03-15 10:18:00,210.0,210.0,210.0,210.0,75,17000,241.52,208.8,213.75
14352,2021-03-15 10:19:00,213.6,213.6,213.6,213.6,75,16525,241.37,211.1,214.7
14353,2021-03-15 10:20:00,215.25,215.25,215.25,215.25,50,0,241.29,213.95,217.0
14354,2021-03-15 10:21:00,215.25,215.25,215.25,215.25,50,0,241.29,213.95,217.0
14355,2021-03-15 10:22:00,218.45,218.45,218.45,218.45,75,16500,241.19,217.05,220.1
14356,2021-03-15 10:23:00,218.45,218.45,218.45,218.45,75,16500,241.19,217.05,220.1
14357,2021-03-15 10:24:00,225.0,225.0,225.0,225.0,225,16500,240.89,221.25,224.6
14358,2021-03-15 10:25:00,223.0,223.0,223.0,223.0,75,0,240.82,218.1,223.15
14359,2021-03-15 10:26:00,223.0,223.0,223.0,223.0,75,0,240.82,218.1,223.15
14360,2021-03-15 10:27:00,218.1,218.1,218.1,218.1,800,16350,239.75,214.6,220.5
14361,2021-03-15 10:28:00,219.05,219.05,219.05,219.05,275,16350,239.4,218.45,220.2
14362,2021-03-15 10:29:00,219.05,219.05,219.05,219.05,275,16350,239.4,218.45,220.2
14363,2021-03-15 10:30:00,217.9,217.9,217.9,217.9,225,16475,239.15,218.45,220.65
14364,2021-03-15 10:31:00,223.25,223.25,223.25,223.25,100,16475,239.05,220.5,223.25
14365,2021-03-15 10:32:00,223.25,223.25,223.25,223.25,100,16475,239.05,220.5,223.25
14366,2021-03-15 10:33:00,223.0,223.0,223.0,223.0,100,16450,238.96,220.3,223.25
14367,2021-03-15 10:34:00,218.55,218.55,218.55,218.55,50,16450,238.9,210.3,217.5
14368,2021-03-15 10:35:00,218.55,218.55,218.55,218.55,50,16450,238.9,210.3,217.5
14369,2021-03-15 10:36:00,214.1,214.1,214.1,214.1,100,16500,238.77,210.05,217.0
14370,2021-03-15 10:37:00,214.1,214.1,214.1,214.1,100,16500,238.77,210.05,217.0
14371,2021-03-15 10:38:00,211.0,211.0,211.0,211.0,125,16525,238.6,211.9,214.7
14372,2021-03-15 10:39:00,214.3,214.3,214.3,214.3,200,16525,238.33,213.55,217.35
14373,2021-03-15 10:40:00,214.3,214.3,214.3,214.3,200,16525,238.33,213.55,217.35
14374,2021-03-15 10:41:00,214.3,214.3,214.3,214.3,200,16525,238.33,213.55,217.35
14375,2021-03-15 10:42:00,214.3,214.3,214.3,214.3,200,16525,238.33,213.55,217.35
14376,2021-03-15 10:43:00,214.3,214.3,214.3,214.3,200,16525,238.33,213.55,217.35
14377,2021-03-15 10:44:00,209.85,209.85,209.85,209.85,175,16475,238.06,209.3,211.95
14378,2021-03-15 10:45:00,204.95,204.95,202.3,204.95,200,16500,237.7,202.35,204.6
14379,2021-03-15 10:46:00,204.95,204.95,202.3,204.95,200,16500,237.7,202.35,204.6
14380,2021-03-15 10:47:00,204.15,204.15,204.15,204.15,125,16300,237.48,203.55,205.05
14381,2021-03-15 10:48:00,204.15,204.15,204.15,204.15,125,16300,237.48,203.55,205.05
14382,2021-03-15 10:49:00,206.1,206.1,206.1,206.1,50,16300,237.39,208.1,211.0
14383,2021-03-15 10:50:00,210.4,210.4,210.4,210.4,50,16325,237.32,207.3,210.25
14384,2021-03-15 10:51:00,210.4,210.4,210.4,210.4,50,16325,237.32,207.3,210.25
14385,2021-03-15 10:52:00,200.05,200.05,200.05,200.05,75,16325,237.19,200.05,203.3
14386,2021-03-15 10:53:00,200.05,200.05,200.05,200.05,75,16325,237.19,200.05,203.3
14387,2021-03-15 10:54:00,200.05,200.05,200.05,200.05,75,16325,237.19,200.05,203.3
14388,2021-03-15 10:55:00,203.1,203.1,203.1,203.1,25,16325,237.14,202.35,205.75
14389,2021-03-15 10:56:00,188.7,188.7,188.7,188.7,75,16325,236.98,186.7,190.15
14390,2021-03-15 10:57:00,188.7,188.7,188.7,188.7,75,16325,236.98,186.7,190.15
14391,2021-03-15 10:58:00,180.85,180.85,180.75,180.85,250,16350,236.3,176.9,180.15
14392,2021-03-15 10:59:00,180.85,180.85,180.75,180.85,250,16350,236.3,176.9,180.15
14393,2021-03-15 11:00:00,170.25,170.25,165.0,170.25,350,16325,235.11,168.4,173.35
14394,2021-03-15 11:01:00,170.25,170.25,165.0,170.25,350,16325,235.11,168.4,173.35
14395,2021-03-15 11:02:00,175.8,175.8,175.8,175.8,300,16325,234.2,174.9,179.05
14396,2021-03-15 11:03:00,170.45,170.45,170.45,170.45,150,16225,233.74,170.4,175.1
14397,2021-03-15 11:04:00,170.45,170.45,170.45,170.45,150,16225,233.74,170.4,175.1
14398,2021-03-15 11:05:00,175.8,175.8,175.8,175.8,325,16000,232.76,173.9,178.0
14399,2021-03-15 11:06:00,175.8,175.8,175.8,175.8,325,16000,232.76,173.9,178.0
14400,2021-03-15 11:07:00,172.9,172.9,172.9,172.9,300,16000,231.94,173.65,177.65
14401,2021-03-15 11:08:00,175.55,175.55,175.55,175.55,150,16000,231.53,173.8,175.3
14402,2021-03-15 11:09:00,173.0,175.8,173.0,173.85,100,16000,231.25,173.35,174.9
14403,2021-03-15 11:10:00,171.15,173.2,171.15,173.2,50,16000,231.11,172.95,174.65
14404,2021-03-15 11:11:00,174.05,174.05,174.05,174.05,100,16000,230.84,173.55,175.25
14405,2021-03-15 11:12:00,174.7,174.7,173.15,174.3,100,15950,230.57,169.0,175.8
14406,2021-03-15 11:13:00,172.2,172.2,172.2,172.2,175,15950,230.08,172.1,175.4
14407,2021-03-15 11:14:00,173.35,173.6,173.35,173.6,75,15950,229.88,173.85,175.85
14408,2021-03-15 11:15:00,173.6,173.6,173.6,173.6,25,15950,229.81,171.25,174.1
14409,2021-03-15 11:16:00,173.6,173.6,173.6,173.6,25,15950,229.81,171.25,174.1
14410,2021-03-15 11:17:00,174.65,174.65,174.65,174.65,150,15950,229.42,174.2,177.15
14411,2021-03-15 11:18:00,174.65,174.65,174.65,174.65,150,15950,229.42,174.2,177.15
14412,2021-03-15 11:19:00,176.2,176.2,176.2,176.2,250,15975,228.82,176.1,177.45
14413,2021-03-15 11:20:00,171.6,171.6,171.6,171.6,225,15800,228.25,166.95,173.7
14414,2021-03-15 11:21:00,171.6,171.6,171.6,171.6,225,15800,228.25,166.95,173.7
14415,2021-03-15 11:22:00,171.4,171.4,171.4,171.4,150,15800,227.86,175.1,176.9
14416,2021-03-15 11:23:00,176.05,176.05,176.05,176.05,150,15800,227.52,174.7,178.05
14417,2021-03-15 11:24:00,176.05,176.05,176.05,176.05,150,15800,227.52,174.7,178.05
14418,2021-03-15 11:25:00,176.9,176.9,176.9,176.9,50,15850,227.41,177.1,179.55
14419,2021-03-15 11:26:00,177.0,177.0,177.0,177.0,75,0,227.24,176.75,179.75
14420,2021-03-15 11:27:00,177.0,177.0,177.0,177.0,75,0,227.24,176.75,179.75
14421,2021-03-15 11:28:00,177.9,177.9,177.9,177.9,25,15875,227.18,177.8,180.0
14422,2021-03-15 11:29:00,178.05,178.05,178.05,178.05,150,15875,226.87,177.0,180.45
14423,2021-03-15 11:30:00,178.05,178.05,178.05,178.05,150,15875,226.87,177.0,180.45
14424,2021-03-15 11:31:00,181.0,181.0,181.0,181.0,150,15900,226.56,179.0,181.3
14425,2021-03-15 11:32:00,178.6,178.6,178.6,178.6,100,0,226.35,179.3,182.2
14426,2021-03-15 11:33:00,178.6,178.6,178.6,178.6,100,0,226.35,179.3,182.2
14427,2021-03-15 11:34:00,177.5,177.5,177.5,177.5,225,15800,225.89,175.95,178.95
14428,2021-03-15 11:35:00,179.15,179.15,179.15,179.15,375,15800,225.12,177.85,182.05
14429,2021-03-15 11:36:00,179.15,179.15,179.15,179.15,375,15800,225.12,177.85,182.05
14430,2021-03-15 11:37:00,179.15,179.15,179.15,179.15,375,15800,225.12,177.85,182.05
14431,2021-03-15 11:38:00,177.7,177.7,177.7,177.7,25,15875,225.07,177.3,179.25
14432,2021-03-15 11:39:00,179.35,179.35,179.35,179.35,25,0,225.02,177.3,179.3
14433,2021-03-15 11:40:00,179.35,179.35,179.35,179.35,25,0,225.02,177.3,179.3
14434,2021-03-15 11:41:00,179.35,179.35,179.35,179.35,25,0,225.02,177.3,179.3
14435,2021-03-15 11:42:00,179.35,179.35,179.35,179.35,25,0,225.02,177.3,179.3
14436,2021-03-15 11:43:00,179.35,179.35,179.35,179.35,25,0,225.02,177.3,179.3
14437,2021-03-15 11:44:00,184.2,184.2,184.2,184.2,50,15850,224.93,183.6,185.95
14438,2021-03-15 11:45:00,184.2,184.2,184.2,184.2,50,15850,224.93,183.6,185.95
14439,2021-03-15 11:46:00,177.9,177.9,177.9,177.9,250,0,224.48,175.35,179.45
14440,2021-03-15 11:47:00,177.2,177.2,177.2,177.2,50,15775,224.39,175.35,177.3
14441,2021-03-15 11:48:00,175.5,175.5,175.5,175.5,25,0,224.33,172.1,174.35
14442,2021-03-15 11:49:00,169.5,169.5,169.5,169.5,125,15900,224.05,170.85,172.2
14443,2021-03-15 11:50:00,169.5,169.5,169.5,169.5,125,15900,224.05,170.85,172.2
14444,2021-03-15 11:51:00,172.35,172.35,172.35,172.35,50,0,223.94,170.9,172.8
14445,2021-03-15 11:52:00,173.85,173.85,173.85,173.85,25,15975,223.89,172.45,173.95
14446,2021-03-15 11:53:00,172.4,172.4,172.4,172.4,50,15975,223.78,172.7,174.2
14447,2021-03-15 11:54:00,172.5,172.5,172.5,172.5,75,16025,223.63,173.8,175.7
14448,2021-03-15 11:55:00,174.7,174.7,174.7,174.7,50,16025,223.53,173.1,175.45
14449,2021-03-15 11:56:00,174.7,174.7,174.7,174.7,50,16025,223.53,173.1,175.45
14450,2021-03-15 11:57:00,176.0,176.0,176.0,176.0,50,16050,223.43,176.0,177.95
14451,2021-03-15 11:58:00,179.0,179.0,179.0,179.0,225,16050,223.02,175.65,178.15
14452,2021-03-15 11:59:00,177.3,177.3,177.3,177.3,125,16200,222.79,174.4,178.85
14453,2021-03-15 12:00:00,182.2,182.2,182.2,182.2,50,16200,222.7,178.6,185.1
14454,2021-03-15 12:01:00,182.2,182.2,182.2,182.2,50,16200,222.7,178.6,185.1
14455,2021-03-15 12:02:00,182.2,182.2,182.2,182.2,50,16200,222.7,178.6,185.1
14456,2021-03-15 12:03:00,182.2,182.2,182.2,182.2,50,16200,222.7,178.6,185.1
14457,2021-03-15 12:04:00,182.2,182.2,182.2,182.2,50,16200,222.7,178.6,185.1
14458,2021-03-15 12:05:00,178.95,178.95,178.95,178.95,25,16250,222.66,177.15,178.85
14459,2021-03-15 12:06:00,183.35,183.35,183.35,183.35,525,16250,221.83,182.85,184.3
14460,2021-03-15 12:07:00,190.0,190.0,190.0,190.0,225,16250,221.52,186.05,193.15
14461,2021-03-15 12:08:00,185.6,185.6,185.6,185.6,175,16250,221.3,184.5,187.0
14462,2021-03-15 12:09:00,185.6,185.6,185.6,185.6,175,16250,221.3,184.5,187.0
14463,2021-03-15 12:10:00,187.85,187.85,187.85,187.85,25,16125,221.27,184.25,186.4
14464,2021-03-15 12:11:00,186.0,186.0,186.0,186.0,125,0,221.09,183.1,186.2
14465,2021-03-15 12:12:00,182.3,182.3,182.3,182.3,75,16100,220.98,181.5,183.0
14466,2021-03-15 12:13:00,181.0,181.0,181.0,181.0,75,16100,220.87,177.1,181.15
14467,2021-03-15 12:14:00,181.0,181.0,181.0,181.0,75,16100,220.87,177.1,181.15
14468,2021-03-15 12:15:00,181.0,181.0,181.0,181.0,75,16100,220.87,177.1,181.15
14469,2021-03-15 12:16:00,174.15,174.15,174.15,174.15,225,0,220.48,172.15,174.2
14470,2021-03-15 12:17:00,174.15,174.15,174.15,174.15,225,0,220.48,172.15,174.2
14471,2021-03-15 12:18:00,174.15,174.15,174.15,174.15,225,0,220.48,172.15,174.2
14472,2021-03-15 12:19:00,170.4,170.4,170.4,170.4,225,0,220.08,170.05,172.15
14473,2021-03-15 12:20:00,170.4,170.4,170.4,170.4,225,0,220.08,170.05,172.15
14474,2021-03-15 12:21:00,177.05,177.05,177.05,177.05,175,0,219.79,176.95,178.45
14475,2021-03-15 12:22:00,173.7,173.7,173.7,173.7,25,15525,219.75,174.1,175.55
14476,2021-03-15 12:23:00,173.7,173.7,173.7,173.7,25,15525,219.75,174.1,175.55
14477,2021-03-15 12:24:00,173.55,173.75,173.55,173.75,225,15550,219.36,172.2,173.65
14478,2021-03-15 12:25:00,173.55,173.75,173.55,173.75,225,15550,219.36,172.2,173.65
14479,2021-03-15 12:26:00,173.55,173.75,173.55,173.75,225,15550,219.36,172.2,173.65
14480,2021-03-15 12:27:00,176.0,176.5,176.0,176.5,100,15725,219.2,175.9,177.0
14481,2021-03-15 12:28:00,176.0,176.5,176.0,176.5,100,15725,219.2,175.9,177.0
14482,2021-03-15 12:29:00,177.2,177.2,177.2,177.2,100,0,219.04,175.3,176.9
14483,2021-03-15 12:30:00,177.2,177.2,177.2,177.2,100,0,219.04,175.3,176.9
14484,2021-03-15 12:31:00,176.75,176.75,176.75,176.75,25,0,219.01,176.75,177.65
14485,2021-03-15 12:32:00,174.2,174.2,174.2,174.2,50,15725,218.92,173.15,175.25
14486,2021-03-15 12:33:00,174.2,174.2,174.2,174.2,50,15725,218.92,173.15,175.25
14487,2021-03-15 12:34:00,176.9,176.9,176.9,176.9,100,15725,218.76,173.85,175.65
14488,2021-03-15 12:35:00,176.9,176.9,176.9,176.9,100,15725,218.76,173.85,175.65
14489,2021-03-15 12:36:00,176.9,176.9,176.9,176.9,100,15725,218.76,173.85,175.65
14490,2021-03-15 12:37:00,167.9,167.9,167.9,167.9,50,15725,218.67,166.85,168.85
14491,2021-03-15 12:38:00,167.9,167.9,167.9,167.9,50,15725,218.67,166.85,168.85
14492,2021-03-15 12:39:00,167.9,167.9,163.95,167.9,200,15650,218.28,167.5,168.9
14493,2021-03-15 12:40:00,165.55,165.55,165.55,165.55,150,15650,217.99,165.6,167.35
14494,2021-03-15 12:41:00,165.55,165.55,165.55,165.55,150,15650,217.99,165.6,167.35
14495,2021-03-15 12:42:00,167.2,167.2,167.2,167.2,450,15600,217.17,166.05,167.55
14496,2021-03-15 12:43:00,168.5,168.5,168.5,168.5,75,0,217.04,164.7,166.7
14497,2021-03-15 12:44:00,166.95,166.95,166.95,166.95,25,15600,216.99,166.75,168.95
14498,2021-03-15 12:45:00,169.9,169.9,169.9,169.9,75,15625,216.87,168.5,171.3
14499,2021-03-15 12:46:00,169.9,169.9,169.9,169.9,75,15625,216.87,168.5,171.3
14500,2021-03-15 12:47:00,169.9,169.9,169.9,169.9,75,15625,216.87,168.5,171.3
14501,2021-03-15 12:48:00,174.35,174.35,174.35,174.35,100,15650,216.71,174.45,176.4
14502,2021-03-15 12:49:00,174.35,174.35,174.35,174.35,100,15650,216.71,174.45,176.4
14503,2021-03-15 12:50:00,174.65,174.65,174.65,174.65,175,15650,216.46,174.3,178.8
14504,2021-03-15 12:51:00,175.95,175.95,175.95,175.95,50,0,216.39,176.45,178.1
14505,2021-03-15 12:52:00,175.95,175.95,175.95,175.95,50,0,216.39,176.45,178.1
14506,2021-03-15 12:53:00,173.85,173.85,173.85,173.85,275,15675,216.02,173.9,175.05
14507,2021-03-15 12:54:00,174.5,174.5,174.5,174.5,25,0,215.99,161.7,173.2
14508,2021-03-15 12:55:00,174.5,174.5,174.5,174.5,25,0,215.99,161.7,173.2
14509,2021-03-15 12:56:00,170.7,170.7,170.7,170.7,25,15425,215.95,169.5,171.2
14510,2021-03-15 12:57:00,169.65,169.65,169.65,169.65,75,15425,215.83,167.1,168.55
14511,2021-03-15 12:58:00,169.65,169.65,169.65,169.65,75,15425,215.83,167.1,168.55
14512,2021-03-15 12:59:00,169.65,169.65,169.65,169.65,75,15425,215.83,167.1,168.55
14513,2021-03-15 13:00:00,169.65,169.65,169.65,169.65,75,15425,215.83,167.1,168.55
14514,2021-03-15 13:01:00,169.65,169.65,169.65,169.65,75,15425,215.83,167.1,168.55
14515,2021-03-15 13:02:00,168.15,168.15,168.15,168.15,25,15500,215.78,166.05,168.65
14516,2021-03-15 13:03:00,165.05,165.05,165.05,165.05,50,15500,215.7,163.8,166.0
14517,2021-03-15 13:04:00,165.05,165.05,165.05,165.05,50,15500,215.7,163.8,166.0
14518,2021-03-15 13:05:00,165.85,165.85,165.85,165.85,50,15500,215.61,171.2,175.4
14519,2021-03-15 13:06:00,171.0,171.0,171.0,171.0,75,15475,215.5,171.0,172.75
14520,2021-03-15 13:07:00,169.65,169.65,169.65,169.65,450,15475,214.76,168.35,169.95
14521,2021-03-15 13:08:00,168.05,168.05,168.05,168.05,100,15475,214.61,165.35,168.55
14522,2021-03-15 13:09:00,168.05,168.05,168.05,168.05,100,15475,214.61,165.35,168.55
14523,2021-03-15 13:10:00,168.2,168.2,168.2,168.2,50,15600,214.53,166.65,168.35
14524,2021-03-15 13:11:00,170.65,170.65,170.65,170.65,800,15600,213.38,170.15,172.0
14525,2021-03-15 13:12:00,168.8,168.8,168.8,168.8,25,15775,213.34,170.35,172.1
14526,2021-03-15 13:13:00,170.4,170.4,170.4,170.4,75,15775,213.24,168.3,170.05
14527,2021-03-15 13:14:00,171.2,171.2,171.2,171.2,275,15775,212.86,170.55,172.4
14528,2021-03-15 13:15:00,171.2,171.2,171.2,171.2,275,15775,212.86,170.55,172.4
14529,2021-03-15 13:16:00,175.05,175.05,175.05,175.05,575,16325,212.12,173.1,174.05
14530,2021-03-15 13:17:00,173.05,173.05,173.05,173.05,50,16325,212.06,171.6,172.9
14531,2021-03-15 13:18:00,173.65,173.65,173.65,173.65,675,16750,211.29,173.35,175.3
14532,2021-03-15 13:19:00,173.65,173.65,173.65,173.65,675,16750,211.29,173.35,175.3
14533,2021-03-15 13:20:00,173.05,173.05,173.05,173.05,75,0,211.2,172.3,173.55
14534,2021-03-15 13:21:00,173.05,173.05,173.05,173.05,75,0,211.2,172.3,173.55
14535,2021-03-15 13:22:00,171.8,171.8,171.8,171.8,125,16800,211.05,171.05,172.45
14536,2021-03-15 13:23:00,172.75,172.75,172.75,172.75,225,16800,210.78,173.1,174.85
14537,2021-03-15 13:24:00,181.75,181.75,181.75,181.75,225,17025,210.55,180.25,182.5
14538,2021-03-15 13:25:00,181.75,181.75,181.75,181.75,225,17025,210.55,180.25,182.5
14539,2021-03-15 13:26:00,177.25,177.25,177.25,177.25,950,17025,209.74,175.0,177.4
14540,2021-03-15 13:27:00,177.7,177.7,177.7,177.7,250,17775,209.51,176.15,177.75
14541,2021-03-15 13:28:00,178.2,178.2,178.2,178.2,75,17775,209.44,176.75,178.55
14542,2021-03-15 13:29:00,178.2,178.2,178.2,178.2,75,17775,209.44,176.75,178.55
14543,2021-03-15 13:30:00,174.6,174.6,174.6,174.6,50,17875,209.39,174.35,176.25
14544,2021-03-15 13:31:00,177.15,177.15,177.15,177.15,50,0,209.34,177.2,179.15
14545,2021-03-15 13:32:00,172.8,172.8,172.8,172.8,50,17875,209.29,169.9,171.75
14546,2021-03-15 13:33:00,171.5,171.5,171.5,171.5,150,17975,209.13,169.55,172.9
14547,2021-03-15 13:34:00,171.5,171.5,171.5,171.5,150,17975,209.13,169.55,172.9
14548,2021-03-15 13:35:00,171.5,171.5,171.5,171.5,150,17975,209.13,169.55,172.9
14549,2021-03-15 13:36:00,179.25,179.25,179.25,179.25,350,17950,208.84,180.6,183.0
14550,2021-03-15 13:37:00,185.2,185.2,185.2,185.2,75,17950,208.79,182.8,184.4
14551,2021-03-15 13:38:00,185.2,185.2,185.2,185.2,75,17950,208.79,182.8,184.4
14552,2021-03-15 13:39:00,184.7,184.7,184.7,184.7,100,18050,208.72,182.9,185.15
14553,2021-03-15 13:40:00,186.4,186.4,186.4,186.4,100,18050,208.66,183.8,187.1
14554,2021-03-15 13:41:00,182.0,182.0,182.0,182.0,100,18050,208.58,181.65,184.55
14555,2021-03-15 13:42:00,182.0,182.0,182.0,182.0,100,18050,208.58,181.65,184.55
14556,2021-03-15 13:43:00,183.05,183.05,183.05,183.05,75,18075,208.52,180.0,181.8
14557,2021-03-15 13:44:00,189.6,189.6,189.6,189.6,275,18075,208.33,190.3,193.05
14558,2021-03-15 13:45:00,189.6,189.6,189.6,189.6,275,18075,208.33,190.3,193.05
14559,2021-03-15 13:46:00,200.0,200.0,200.0,200.0,625,18500,208.09,193.25,196.25
14560,2021-03-15 13:47:00,192.25,192.25,192.25,192.25,675,18500,207.85,191.1,193.85
14561,2021-03-15 13:48:00,192.25,192.25,192.25,192.25,675,18500,207.85,191.1,193.85
14562,2021-03-15 13:49:00,192.25,192.25,192.25,192.25,675,18500,207.85,191.1,193.85
14563,2021-03-15 13:50:00,197.2,197.2,197.2,197.2,50,18900,207.84,194.05,198.15
14564,2021-03-15 13:51:00,189.35,189.35,189.35,189.35,200,18925,207.72,187.3,189.65
14565,2021-03-15 13:52:00,193.35,193.35,193.35,193.35,150,18925,207.66,192.0,194.7
14566,2021-03-15 13:53:00,193.35,193.35,193.35,193.35,150,18925,207.66,192.0,194.7
14567,2021-03-15 13:54:00,196.4,196.4,196.4,196.4,25,18925,207.65,194.95,198.3
14568,2021-03-15 13:55:00,200.9,200.9,200.9,200.9,50,18950,207.64,201.4,203.05
14569,2021-03-15 13:56:00,200.9,200.9,200.9,200.9,50,18950,207.64,201.4,203.05
14570,2021-03-15 13:57:00,196.9,196.9,196.9,196.9,200,19000,207.58,193.75,196.95
14571,2021-03-15 13:58:00,194.75,194.75,194.75,194.75,100,19000,207.55,192.4,195.7
14572,2021-03-15 13:59:00,194.3,194.3,194.3,194.3,300,0,207.46,193.25,195.8
14573,2021-03-15 14:00:00,194.3,194.3,194.3,194.3,300,0,207.46,193.25,195.8
14574,2021-03-15 14:01:00,194.3,194.3,194.3,194.3,300,0,207.46,193.25,195.8
14575,2021-03-15 14:02:00,199.5,199.5,199.5,199.5,50,19125,207.44,193.15,194.7
14576,2021-03-15 14:03:00,188.0,188.0,188.0,188.0,100,19175,207.4,187.2,189.15
14577,2021-03-15 14:04:00,178.85,178.85,178.85,178.85,125,19175,207.32,179.45,181.0
14578,2021-03-15 14:05:00,178.85,178.85,178.85,178.85,125,19175,207.32,179.45,181.0
14579,2021-03-15 14:06:00,182.4,182.4,182.4,182.4,25,19125,207.3,182.2,183.4
14580,2021-03-15 14:07:00,189.15,189.15,189.15,189.15,600,19125,207.01,185.4,187.5
14581,2021-03-15 14:08:00,181.7,181.7,181.7,181.7,25,19125,207.0,179.35,181.4
14582,2021-03-15 14:09:00,181.7,181.7,181.7,181.7,25,19125,207.0,179.35,181.4
14583,2021-03-15 14:10:00,183.15,183.15,183.15,183.15,125,0,206.92,184.45,186.4
14584,2021-03-15 14:11:00,183.15,183.15,183.15,183.15,125,0,206.92,184.45,186.4
14585,2021-03-15 14:12:00,183.15,183.15,183.15,183.15,125,0,206.92,184.45,186.4
14586,2021-03-15 14:13:00,186.2,186.2,186.2,186.2,100,19650,206.86,185.35,187.4
14587,2021-03-15 14:14:00,186.2,186.2,186.2,186.2,100,19650,206.86,185.35,187.4
14588,2021-03-15 14:15:00,186.2,186.2,186.2,186.2,100,19650,206.86,185.35,187.4
14589,2021-03-15 14:16:00,193.9,193.9,193.9,193.9,125,19525,206.82,195.4,197.85
14590,2021-03-15 14:17:00,196.05,196.05,196.05,196.05,400,19525,206.72,193.35,195.3
14591,2021-03-15 14:18:00,191.45,191.45,191.45,191.45,100,19450,206.69,191.2,193.75
14592,2021-03-15 14:19:00,191.45,191.45,191.45,191.45,100,19450,206.69,191.2,193.75
14593,2021-03-15 14:20:00,194.35,194.35,194.35,194.35,25,0,206.68,194.0,196.1
14594,2021-03-15 14:21:00,194.35,194.35,194.35,194.35,25,0,206.68,194.0,196.1
14595,2021-03-15 14:22:00,194.35,194.35,194.35,194.35,25,0,206.68,194.0,196.1
14596,2021-03-15 14:23:00,192.8,192.8,192.8,192.8,25,19375,206.68,193.5,196.15
14597,2021-03-15 14:24:00,191.95,191.95,191.95,191.95,25,19400,206.67,191.3,193.5
14598,2021-03-15 14:25:00,194.05,194.05,194.05,194.05,50,19400,206.65,191.5,194.45
14599,2021-03-15 14:26:00,194.05,194.05,194.05,194.05,50,19400,206.65,191.5,194.45
14600,2021-03-15 14:27:00,194.05,194.05,194.05,194.05,50,19400,206.65,191.5,194.45
14601,2021-03-15 14:28:00,190.85,190.85,190.85,190.85,25,19300,206.64,192.55,195.0
14602,2021-03-15 14:29:00,200.05,200.05,200.05,200.05,150,19300,206.62,201.25,203.45
14603,2021-03-15 14:30:00,200.05,200.05,200.05,200.05,150,19300,206.62,201.25,203.45
14604,2021-03-15 14:31:00,201.25,201.25,201.25,201.25,150,19300,206.6,200.05,203.45
14605,2021-03-15 14:32:00,198.9,198.9,198.9,198.9,25,0,206.6,197.15,199.05
14606,2021-03-15 14:33:00,195.0,195.0,195.0,195.0,75,19375,206.58,195.35,198.15
14607,2021-03-15 14:34:00,195.0,195.0,195.0,195.0,75,19375,206.58,195.35,198.15
14608,2021-03-15 14:35:00,199.0,199.0,199.0,199.0,50,19375,206.56,202.65,210.75
14609,2021-03-15 14:36:00,199.0,199.0,199.0,199.0,50,19375,206.56,202.65,210.75
14610,2021-03-15 14:37:00,214.35,214.35,214.35,214.35,175,19400,206.58,209.85,215.25
14611,2021-03-15 14:38:00,216.8,216.8,216.8,216.8,300,0,206.65,212.05,216.6
14612,2021-03-15 14:39:00,216.8,216.8,216.8,216.8,300,0,206.65,212.05,216.6
14613,2021-03-15 14:40:00,216.35,216.35,216.35,216.35,100,19675,206.67,216.35,221.15
14614,2021-03-15 14:41:00,221.5,221.5,221.5,221.5,75,0,206.7,221.65,226.15
14615,2021-03-15 14:42:00,221.5,221.5,221.5,221.5,75,0,206.7,221.65,226.15
14616,2021-03-15 14:43:00,221.3,221.3,221.3,221.3,100,19725,206.73,221.5,223.9
14617,2021-03-15 14:44:00,228.1,228.1,228.1,228.1,125,19725,206.79,226.3,228.8
14618,2021-03-15 14:45:00,228.1,228.1,228.1,228.1,125,19725,206.79,226.3,228.8
14619,2021-03-15 14:46:00,230.9,230.9,230.9,230.9,125,19750,206.87,218.3,222.0
14620,2021-03-15 14:47:00,209.25,209.25,209.25,209.25,475,19750,206.93,208.0,211.55
14621,2021-03-15 14:48:00,209.25,209.25,209.25,209.25,475,19750,206.93,208.0,211.55
14622,2021-03-15 14:49:00,218.15,218.15,218.15,218.15,175,19800,206.96,219.0,221.95
14623,2021-03-15 14:50:00,215.75,215.75,215.75,215.75,100,19800,206.99,213.4,216.4
14624,2021-03-15 14:51:00,219.4,219.4,219.4,219.4,100,19650,207.01,215.55,217.4
14625,2021-03-15 14:52:00,219.4,219.4,219.4,219.4,100,19650,207.01,215.55,217.4
14626,2021-03-15 14:53:00,216.4,216.4,216.4,216.4,75,19650,207.03,208.75,211.1
14627,2021-03-15 14:54:00,216.1,216.1,216.1,216.1,25,19600,207.04,218.2,221.15
14628,2021-03-15 14:55:00,227.85,227.85,227.85,227.85,325,19600,207.18,228.75,232.3
14629,2021-03-15 14:56:00,227.85,227.85,227.85,227.85,325,19600,207.18,228.75,232.3
14630,2021-03-15 14:57:00,237.6,237.6,237.6,237.6,400,19600,207.43,234.85,238.05
14631,2021-03-15 14:58:00,237.6,237.6,237.6,237.6,400,19600,207.43,234.85,238.05
14632,2021-03-15 14:59:00,238.2,238.2,238.2,238.2,75,19375,207.49,236.05,239.85
14633,2021-03-15 15:00:00,247.4,247.4,247.4,247.4,125,19375,207.59,250.55,256.75
14634,2021-03-15 15:01:00,247.4,247.4,247.4,247.4,125,19375,207.59,250.55,256.75
14635,2021-03-15 15:02:00,266.55,266.55,266.55,266.55,650,19400,208.42,262.15,265.55
14636,2021-03-15 15:03:00,266.55,266.55,266.55,266.55,650,19400,208.42,262.15,265.55
14637,2021-03-15 15:04:00,268.4,268.4,268.4,268.4,225,19325,208.73,265.35,268.15
14638,2021-03-15 15:05:00,270.3,270.3,270.3,270.3,100,19325,208.87,264.75,274.5
14639,2021-03-15 15:06:00,270.3,270.3,270.3,270.3,100,19325,208.87,264.75,274.5
14640,2021-03-15 15:07:00,275.05,275.05,275.05,275.05,525,19325,209.59,275.3,279.95
14641,2021-03-15 15:08:00,275.8,275.8,268.75,269.8,125,19325,209.76,266.25,279.6
14642,2021-03-15 15:09:00,275.8,275.8,268.75,269.8,125,19325,209.76,266.25,279.6
14643,2021-03-15 15:10:00,271.65,271.65,271.65,271.65,175,19325,209.99,268.5,279.4
14644,2021-03-15 15:11:00,271.65,271.65,271.65,271.65,175,19325,209.99,268.5,279.4
14645,2021-03-15 15:12:00,272.15,272.15,272.15,272.15,650,0,210.88,267.5,270.55
14646,2021-03-15 15:13:00,270.7,270.7,266.55,266.55,50,19275,210.94,263.15,265.8
14647,2021-03-15 15:14:00,270.7,270.7,266.55,266.55,50,19275,210.94,263.15,265.8
14648,2021-03-15 15:15:00,272.65,272.65,272.65,272.65,50,19225,211.01,269.45,274.65
14649,2021-03-15 15:16:00,272.65,272.65,272.65,272.65,50,19225,211.01,269.45,274.65
14650,2021-03-15 15:17:00,264.55,264.55,264.55,264.55,400,19225,211.51,264.0,266.3
14651,2021-03-15 15:18:00,261.65,261.65,261.65,261.65,25,0,211.54,261.8,264.2
14652,2021-03-15 15:19:00,261.65,261.65,261.65,261.65,25,0,211.54,261.8,264.2
14653,2021-03-15 15:20:00,263.85,263.85,263.85,263.85,25,19325,211.57,260.4,261.7
14654,2021-03-15 15:21:00,269.3,269.3,268.85,268.85,500,19325,212.19,270.15,271.65
14655,2021-03-15 15:22:00,270.9,270.9,265.4,265.4,75,19225,212.28,265.45,267.05
14656,2021-03-15 15:23:00,266.0,267.9,264.3,264.3,675,19225,213.04,262.3,264.2
14657,2021-03-15 15:24:00,262.75,262.75,259.0,259.0,175,19475,213.22,256.45,261.95
14658,2021-03-15 15:25:00,260.55,260.55,260.55,260.55,25,19475,213.24,256.05,258.15
14659,2021-03-15 15:26:00,255.6,257.3,255.35,255.35,150,19475,213.38,255.05,256.75
14660,2021-03-15 15:27:00,257.45,257.45,256.95,256.95,125,19475,213.49,256.6,258.85
14661,2021-03-15 15:28:00,257.8,257.8,257.55,257.55,575,19525,214.0,256.8,258.75
14662,2021-03-15 15:29:00,257.8,257.8,257.55,257.55,575,19525,214.0,256.8,258.75
14663,2021-03-15 15:30:00,257.3,265.1,257.3,265.1,100,19525,214.09,255.0,279.95
14664,2021-03-16 09:15:00,257.3,265.1,257.3,265.1,100,19525,214.09,255.0,279.95
14665,2021-03-16 09:16:00,257.3,265.1,257.3,265.1,100,19525,214.09,255.0,279.95
14666,2021-03-16 09:17:00,262.35,262.35,262.35,262.35,25,18350,262.35,248.4,261.65
14667,2021-03-16 09:18:00,240.0,240.0,240.0,240.0,900,18350,250.94,237.35,251.05
14668,2021-03-16 09:19:00,240.0,240.0,240.0,240.0,900,18350,250.94,237.35,251.05
14669,2021-03-16 09:20:00,230.95,230.95,219.25,230.95,325,18975,245.42,225.15,231.2
14670,2021-03-16 09:21:00,205.25,205.25,204.75,205.25,250,18975,239.19,194.7,206.7
14671,2021-03-16 09:22:00,205.25,205.25,204.75,205.25,250,18975,239.19,194.7,206.7
14672,2021-03-16 09:23:00,209.0,209.0,198.15,209.0,975,18700,226.26,206.55,211.0
14673,2021-03-16 09:24:00,212.3,212.3,212.3,212.3,475,18700,223.64,201.7,212.45
14674,2021-03-16 09:25:00,228.5,228.5,228.5,228.5,400,18700,222.85,223.1,235.45
14675,2021-03-16 09:26:00,228.5,228.5,228.5,228.5,400,18700,222.85,223.1,235.45
14676,2021-03-16 09:27:00,222.75,222.75,222.75,222.75,400,18725,223.84,218.55,224.05
14677,2021-03-16 09:28:00,222.75,222.75,222.75,222.75,400,18725,223.84,218.55,224.05
14678,2021-03-16 09:29:00,224.05,224.05,224.05,224.05,350,19000,223.84,218.9,222.6
14679,2021-03-16 09:30:00,215.15,215.15,215.15,215.15,475,19000,223.39,212.8,222.15
14680,2021-03-16 09:31:00,225.9,225.9,225.9,225.9,350,19000,223.48,212.4,227.15
14681,2021-03-16 09:32:00,225.9,225.9,225.9,225.9,350,19000,223.48,212.4,227.15
14682,2021-03-16 09:33:00,236.1,236.1,236.1,236.1,775,19100,224.51,221.65,236.5
14683,2021-03-16 09:34:00,233.2,233.2,233.2,233.2,1150,19100,225.68,228.45,236.25
14684,2021-03-16 09:35:00,233.2,233.2,233.2,233.2,1150,19100,225.68,228.45,236.25
14685,2021-03-16 09:36:00,233.3,233.3,233.3,233.3,125,18875,225.81,233.2,236.45
14686,2021-03-16 09:37:00,240.35,240.35,240.35,240.35,275,18875,226.37,236.7,245.85
14687,2021-03-16 09:38:00,222.05,222.05,222.05,222.05,275,18650,226.59,219.85,235.1
14688,2021-03-16 09:39:00,222.05,222.05,222.05,222.05,275,18650,226.59,219.85,235.1
14689,2021-03-16 09:40:00,225.3,225.3,225.3,225.3,200,0,226.53,220.3,229.75
14690,2021-03-16 09:41:00,225.3,225.3,225.3,225.3,200,0,226.53,220.3,229.75
14691,2021-03-16 09:42:00,227.45,227.45,227.45,227.45,350,18675,226.57,220.2,224.75
14692,2021-03-16 09:43:00,222.8,222.8,222.8,222.8,100,18675,226.47,206.3,221.25
14693,2021-03-16 09:44:00,222.8,222.8,222.8,222.8,100,18675,226.47,206.3,221.25
14694,2021-03-16 09:45:00,206.4,206.4,206.4,206.4,375,18900,225.53,200.05,206.45
14695,2021-03-16 09:46:00,207.65,207.65,207.65,207.65,175,18900,225.17,200.5,213.6
14696,2021-03-16 09:47:00,210.0,210.0,210.0,210.0,325,19100,224.61,204.15,213.2
14697,2021-03-16 09:48:00,210.0,210.0,210.0,210.0,325,19100,224.61,204.15,213.2
14698,2021-03-16 09:49:00,210.65,210.65,210.65,210.65,175,19100,224.28,201.95,213.05
14699,2021-03-16 09:50:00,203.0,203.0,203.0,203.0,200,19075,223.87,199.55,210.9
14700,2021-03-16 09:51:00,182.8,182.8,182.8,182.8,100,19075,223.51,180.15,196.7
14701,2021-03-16 09:52:00,182.8,182.8,182.8,182.8,100,19075,223.51,180.15,196.7
14702,2021-03-16 09:53:00,182.8,182.8,182.8,182.8,100,19075,223.51,180.15,196.7
14703,2021-03-16 09:54:00,196.55,196.55,196.55,196.55,150,19100,223.09,185.4,199.6
14704,2021-03-16 09:55:00,196.55,196.55,196.55,196.55,150,19100,223.09,185.4,199.6
14705,2021-03-16 09:56:00,196.55,196.55,196.55,196.55,150,19100,223.09,185.4,199.6
14706,2021-03-16 09:57:00,194.55,194.55,194.55,194.55,275,19050,222.11,187.35,201.2
14707,2021-03-16 09:58:00,194.55,194.55,194.55,194.55,275,19050,222.11,187.35,201.2
14708,2021-03-16 09:59:00,194.55,194.55,194.55,194.55,275,19050,222.11,187.35,201.2
14709,2021-03-16 10:00:00,213.9,213.9,213.9,213.9,200,19025,221.89,201.45,218.3
14710,2021-03-16 10:01:00,218.0,218.0,218.0,218.0,100,0,221.84,201.7,218.1
14711,2021-03-16 10:02:00,218.0,218.0,218.0,218.0,100,0,221.84,201.7,218.1
14712,2021-03-16 10:03:00,218.0,218.0,218.0,218.0,100,0,221.84,201.7,218.1
14713,2021-03-16 10:04:00,218.0,218.0,218.0,218.0,100,0,221.84,201.7,218.1
14714,2021-03-16 10:05:00,201.7,201.7,201.7,201.7,125,19025,221.61,199.3,213.6
14715,2021-03-16 10:06:00,196.95,196.95,196.95,196.95,200,0,221.18,192.8,207.7
14716,2021-03-16 10:07:00,196.95,196.95,196.95,196.95,200,0,221.18,192.8,207.7
14717,2021-03-16 10:08:00,196.95,196.95,196.95,196.95,200,0,221.18,192.8,207.7
14718,2021-03-16 10:09:00,196.95,196.95,196.95,196.95,200,0,221.18,192.8,207.7
14719,2021-03-16 10:10:00,196.95,196.95,196.95,196.95,200,0,221.18,192.8,207.7
14720,2021-03-16 10:11:00,196.95,196.95,196.95,196.95,200,0,221.18,192.8,207.7
14721,2021-03-16 10:12:00,206.2,206.2,206.2,206.2,50,18925,221.08,192.65,207.7
14722,2021-03-16 10:13:00,209.8,209.8,209.8,209.8,275,18925,220.77,194.5,211.4
14723,2021-03-16 10:14:00,211.4,211.4,211.4,211.4,25,18925,220.75,206.55,211.6
14724,2021-03-16 10:15:00,211.4,211.4,211.4,211.4,25,18925,220.75,206.55,211.6
14725,2021-03-16 10:16:00,211.45,211.45,211.45,211.45,100,18975,220.64,209.15,213.2
14726,2021-03-16 10:17:00,213.2,213.2,213.2,213.2,25,0,220.62,209.15,219.95
14727,2021-03-16 10:18:00,213.2,213.2,213.2,213.2,25,0,220.62,209.15,219.95
14728,2021-03-16 10:19:00,212.6,212.6,212.6,212.6,525,19000,220.17,210.2,212.95
14729,2021-03-16 10:20:00,212.0,212.0,212.0,212.0,25,19250,220.16,214.6,216.8
14730,2021-03-16 10:21:00,227.85,227.85,223.3,223.3,300,19250,220.28,224.1,226.45
14731,2021-03-16 10:22:00,224.0,233.6,224.0,230.55,275,19250,220.49,229.65,232.15
14732,2021-03-16 10:23:00,229.9,229.9,228.65,228.65,75,19250,220.55,227.35,229.8
14733,2021-03-16 10:24:00,224.8,226.1,222.45,223.0,100,19250,220.57,223.35,225.95
14734,2021-03-16 10:25:00,223.35,223.35,219.0,219.0,100,19250,220.58,219.5,221.4
14735,2021-03-16 10:26:00,221.4,231.4,221.4,231.4,125,19225,220.64,231.1,234.05
14736,2021-03-16 10:27:00,230.55,235.4,230.55,235.4,125,19225,220.76,233.5,238.65
14737,2021-03-16 10:28:00,231.1,231.1,231.1,231.1,200,19225,220.92,227.0,231.25
14738,2021-03-16 10:29:00,231.1,231.1,231.1,231.1,200,19225,220.92,227.0,231.25
14739,2021-03-16 10:30:00,250.0,250.0,250.0,250.0,350,19125,221.42,251.0,262.1
14740,2021-03-16 10:31:00,248.7,248.7,248.7,248.7,325,19125,222.18,245.3,251.15
14741,2021-03-16 10:32:00,248.7,248.7,248.7,248.7,325,19125,222.18,245.3,251.15
14742,2021-03-16 10:33:00,254.95,254.95,254.95,254.95,125,19075,222.47,253.75,258.3
14743,2021-03-16 10:34:00,246.9,246.9,241.4,244.5,350,19075,223.07,240.95,244.35
14744,2021-03-16 10:35:00,249.8,249.8,245.5,245.5,125,19175,223.29,242.4,246.8
14745,2021-03-16 10:36:00,240.95,240.95,240.95,240.95,25,19175,223.32,238.15,241.15
14746,2021-03-16 10:37:00,236.3,236.3,236.3,236.3,25,19175,223.34,231.15,234.65
14747,2021-03-16 10:38:00,232.3,232.3,232.3,232.3,100,0,223.41,237.35,241.35
14748,2021-03-16 10:39:00,232.3,232.3,232.3,232.3,100,0,223.41,237.35,241.35
14749,2021-03-16 10:40:00,232.3,232.3,232.3,232.3,100,0,223.41,237.35,241.35
14750,2021-03-16 10:41:00,244.7,244.7,244.7,244.7,50,19200,223.48,243.1,245.7
14751,2021-03-16 10:42:00,243.65,243.65,243.65,243.65,100,19200,223.62,244.5,248.4
14752,2021-03-16 10:43:00,243.65,243.65,243.65,243.65,100,19200,223.62,244.5,248.4
14753,2021-03-16 10:44:00,252.0,252.0,252.0,252.0,125,0,223.84,247.95,251.15
14754,2021-03-16 10:45:00,252.0,252.0,252.0,252.0,125,0,223.84,247.95,251.15
14755,2021-03-16 10:46:00,242.45,242.45,242.45,242.45,100,19075,223.97,240.6,244.15
14756,2021-03-16 10:47:00,242.45,242.45,242.45,242.45,100,19075,223.97,240.6,244.15
14757,2021-03-16 10:48:00,240.0,240.0,240.0,240.0,50,19025,224.03,237.55,242.25
14758,2021-03-16 10:49:00,240.0,240.0,240.0,240.0,50,19025,224.03,237.55,242.25
14759,2021-03-16 10:50:00,239.5,239.5,239.5,239.5,225,0,224.25,239.6,246.9
14760,2021-03-16 10:51:00,241.55,241.55,241.55,241.55,25,19050,224.28,239.75,242.4
14761,2021-03-16 10:52:00,237.95,237.95,237.95,237.95,125,19050,224.4,238.15,240.0
14762,2021-03-16 10:53:00,237.95,237.95,237.95,237.95,125,19050,224.4,238.15,240.0
14763,2021-03-16 10:54:00,239.6,239.6,239.6,239.6,50,0,224.46,238.0,241.25
14764,2021-03-16 10:55:00,237.0,237.0,234.15,236.3,125,19075,224.55,231.4,234.0
14765,2021-03-16 10:56:00,237.0,237.0,234.15,236.3,125,19075,224.55,231.4,234.0
14766,2021-03-16 10:57:00,235.85,235.85,235.85,235.85,100,19050,224.62,232.95,236.05
14767,2021-03-16 10:58:00,235.5,235.5,224.4,224.4,175,19050,224.68,224.9,227.95
14768,2021-03-16 10:59:00,220.9,220.9,219.75,219.75,50,19050,224.66,219.65,221.6
14769,2021-03-16 11:00:00,221.55,221.55,221.55,221.55,50,19150,224.65,226.25,228.7
14770,2021-03-16 11:01:00,229.15,229.15,229.15,229.15,100,19150,224.67,227.95,229.7
14771,2021-03-16 11:02:00,234.8,234.8,234.8,234.8,50,19150,224.7,232.8,234.85
14772,2021-03-16 11:03:00,234.8,234.8,234.8,234.8,50,19150,224.7,232.8,234.85
14773,2021-03-16 11:04:00,230.05,230.05,230.05,230.05,75,19000,224.73,229.25,231.85
14774,2021-03-16 11:05:00,229.95,229.95,229.95,229.95,75,19000,224.76,227.9,230.85
14775,2021-03-16 11:06:00,229.2,231.6,229.2,231.6,125,19000,224.81,230.55,232.25
14776,2021-03-16 11:07:00,229.2,231.6,229.2,231.6,125,19000,224.81,230.55,232.25
14777,2021-03-16 11:08:00,230.4,231.7,229.05,231.7,75,18900,224.83,230.55,232.45
14778,2021-03-16 11:09:00,229.35,232.15,229.35,231.75,125,18900,224.88,230.4,233.65
14779,2021-03-16 11:10:00,233.75,233.75,231.3,232.7,125,18900,224.94,231.55,233.0
14780,2021-03-16 11:11:00,233.75,233.75,231.3,232.7,125,18900,224.94,231.55,233.0
14781,2021-03-16 11:12:00,231.35,231.35,231.35,231.35,25,18900,224.95,231.3,233.55
14782,2021-03-16 11:13:00,232.5,232.5,228.1,228.1,75,18900,224.98,228.9,230.95
14783,2021-03-16 11:14:00,232.5,232.5,228.1,228.1,75,18900,224.98,228.9,230.95
14784,2021-03-16 11:15:00,231.45,231.45,225.95,226.25,100,18925,224.99,225.1,227.15
14785,2021-03-16 11:16:00,222.35,222.35,216.7,217.25,100,18925,224.96,215.8,218.2
14786,2021-03-16 11:17:00,216.6,216.6,207.65,207.65,125,18825,224.86,208.1,210.6
14787,2021-03-16 11:18:00,208.75,208.75,199.35,202.55,375,18825,224.42,197.05,202.6
14788,2021-03-16 11:19:00,202.6,202.95,202.0,202.95,75,18825,224.32,201.9,203.45
14789,2021-03-16 11:20:00,200.3,201.25,200.1,200.1,75,18825,224.22,196.9,199.4
14790,2021-03-16 11:21:00,200.3,201.25,200.1,200.1,75,18825,224.22,196.9,199.4
14791,2021-03-16 11:22:00,202.6,202.6,202.6,202.6,300,18850,223.82,200.15,202.25
14792,2021-03-16 11:23:00,204.15,204.15,204.15,204.15,100,18850,223.71,203.55,205.6
14793,2021-03-16 11:24:00,207.05,207.05,207.05,207.05,125,18825,223.59,206.3,210.05
14794,2021-03-16 11:25:00,207.85,207.85,207.85,207.85,100,18825,223.5,208.3,210.35
14795,2021-03-16 11:26:00,207.85,207.85,207.85,207.85,100,18825,223.5,208.3,210.35
14796,2021-03-16 11:27:00,211.7,211.7,211.7,211.7,125,18775,223.43,211.05,213.25
14797,2021-03-16 11:28:00,212.35,212.35,212.35,212.35,25,18775,223.41,210.15,211.65
14798,2021-03-16 11:29:00,205.4,205.4,196.7,196.7,175,18775,223.21,195.7,197.95
14799,2021-03-16 11:30:00,191.5,192.8,190.2,192.8,175,18775,222.91,192.95,195.35
14800,2021-03-16 11:31:00,195.35,195.5,194.85,194.85,100,18775,222.76,195.15,197.8
14801,2021-03-16 11:32:00,195.35,195.5,194.85,194.85,100,18775,222.76,195.15,197.8
14802,2021-03-16 11:33:00,202.55,202.55,202.55,202.55,75,18900,222.67,203.8,205.9
14803,2021-03-16 11:34:00,202.1,202.1,202.1,202.1,25,18900,222.64,200.7,202.3
14804,2021-03-16 11:35:00,198.9,198.9,195.8,195.8,100,18900,222.51,195.15,197.8
14805,2021-03-16 11:36:00,195.3,195.3,192.05,192.05,75,18875,222.39,190.6,192.8
14806,2021-03-16 11:37:00,195.3,195.3,192.05,192.05,75,18875,222.39,190.6,192.8
14807,2021-03-16 11:38:00,195.3,195.3,192.05,192.05,75,18875,222.39,190.6,192.8
14808,2021-03-16 11:39:00,195.5,195.5,195.5,195.5,125,18800,222.2,197.3,198.85
14809,2021-03-16 11:40:00,183.15,187.95,183.15,187.95,325,18800,221.65,187.65,189.5
14810,2021-03-16 11:41:00,186.5,187.6,186.5,187.6,75,18800,221.51,187.75,189.55
14811,2021-03-16 11:42:00,186.5,187.6,186.5,187.6,75,18800,221.51,187.75,189.55
14812,2021-03-16 11:43:00,188.45,188.45,188.45,188.45,50,18925,221.43,190.1,191.7
14813,2021-03-16 11:44:00,186.85,186.85,186.85,186.85,350,18925,220.8,186.75,188.3
14814,2021-03-16 11:45:00,189.75,189.75,189.75,189.75,125,19075,220.61,189.8,191.7
14815,2021-03-16 11:46:00,194.1,194.5,194.1,194.5,50,19075,220.54,191.3,193.45
14816,2021-03-16 11:47:00,194.3,194.3,194.3,194.3,25,19075,220.51,195.5,197.25
14817,2021-03-16 11:48:00,198.5,198.5,198.5,198.5,50,19000,220.45,196.0,197.8
14818,2021-03-16 11:49:00,195.05,195.05,195.05,195.05,125,19000,220.3,194.6,196.6
14819,2021-03-16 11:50:00,197.0,197.0,197.0,197.0,125,19000,220.15,197.5,199.2
14820,2021-03-16 11:51:00,195.5,195.5,195.5,195.5,50,19075,220.1,194.3,196.75
14821,2021-03-16 11:52:00,195.5,195.5,195.5,195.5,50,19075,220.1,194.3,196.75
14822,2021-03-16 11:53:00,195.6,195.6,193.45,193.45,50,19075,220.03,192.6,193.9
14823,2021-03-16 11:54:00,195.6,195.6,193.45,193.45,50,19075,220.03,192.6,193.9
14824,2021-03-16 11:55:00,190.35,190.35,190.35,190.35,25,19150,220.0,191.2,192.85
14825,2021-03-16 11:56:00,194.0,194.0,194.0,194.0,100,19150,219.87,190.15,191.7
14826,2021-03-16 11:57:00,194.0,194.0,194.0,194.0,100,19150,219.87,190.15,191.7
14827,2021-03-16 11:58:00,190.05,190.05,190.05,190.05,25,0,219.83,190.85,192.6
14828,2021-03-16 11:59:00,190.05,190.05,190.05,190.05,25,0,219.83,190.85,192.6
14829,2021-03-16 12:00:00,190.75,190.75,190.75,190.75,75,19225,219.73,188.6,190.6
14830,2021-03-16 12:01:00,214.05,214.05,214.05,214.05,375,19225,219.56,207.8,213.45
14831,2021-03-16 12:02:00,233.3,233.3,232.25,232.25,925,19225,220.03,232.8,237.35
14832,2021-03-16 12:03:00,234.35,234.35,226.5,228.75,200,19700,220.12,229.4,232.25
14833,2021-03-16 12:04:00,229.65,231.3,226.45,226.45,225,19700,220.22,224.3,228.05
14834,2021-03-16 12:05:00,228.6,234.7,228.6,229.65,250,19700,220.33,228.75,233.25
14835,2021-03-16 12:06:00,233.2,233.2,222.7,222.85,275,19675,220.43,224.4,227.2
14836,2021-03-16 12:07:00,222.0,222.0,216.45,221.0,200,19675,220.41,220.4,223.0
14837,2021-03-16 12:08:00,219.65,219.65,219.65,219.65,25,19675,220.41,218.35,221.2
14838,2021-03-16 12:09:00,219.95,219.95,219.95,219.95,50,19675,220.4,217.6,220.0
14839,2021-03-16 12:10:00,213.8,214.4,213.8,214.4,125,19675,220.37,206.75,210.85
14840,2021-03-16 12:11:00,209.9,214.95,208.8,214.95,175,19675,220.3,213.15,216.15
14841,2021-03-16 12:12:00,217.65,217.65,211.9,211.9,125,19075,220.27,209.05,212.9
14842,2021-03-16 12:13:00,205.65,205.65,200.15,200.15,150,19075,220.15,201.25,203.85
14843,2021-03-16 12:14:00,199.5,203.3,198.6,201.0,225,19075,219.97,199.2,201.3
14844,2021-03-16 12:15:00,201.7,205.9,201.7,205.9,75,19150,219.92,207.9,210.3
14845,2021-03-16 12:16:00,206.05,206.05,206.05,206.05,25,19150,219.9,209.55,212.3
14846,2021-03-16 12:17:00,211.4,212.8,210.7,211.05,100,19150,219.87,208.9,211.1
14847,2021-03-16 12:18:00,207.55,209.95,204.75,209.95,125,18900,219.8,206.3,209.55
14848,2021-03-16 12:19:00,207.55,209.95,204.75,209.95,125,18900,219.8,206.3,209.55
14849,2021-03-16 12:20:00,210.95,210.95,207.95,208.3,125,18900,219.74,206.8,209.2
14850,2021-03-16 12:21:00,210.95,210.95,207.95,208.3,125,18900,219.74,206.8,209.2
14851,2021-03-16 12:22:00,207.95,208.55,207.95,208.55,150,18850,219.68,203.2,205.6
14852,2021-03-16 12:23:00,207.3,207.3,207.3,207.3,25,18850,219.66,205.5,208.25
14853,2021-03-16 12:24:00,205.75,205.75,205.75,205.75,75,18900,219.62,208.05,210.1
14854,2021-03-16 12:25:00,206.15,206.15,206.15,206.15,50,0,219.6,205.2,209.1
14855,2021-03-16 12:26:00,210.75,210.75,205.5,205.5,100,18900,219.54,204.5,207.95
14856,2021-03-16 12:27:00,210.75,210.75,205.5,205.5,100,18900,219.54,204.5,207.95
14857,2021-03-16 12:28:00,208.35,208.35,208.35,208.35,25,18825,219.53,205.1,208.45
14858,2021-03-16 12:29:00,209.8,209.8,209.8,209.8,75,18825,219.5,208.85,211.2
14859,2021-03-16 12:30:00,203.7,203.7,203.7,203.7,200,18900,219.39,202.2,204.9
14860,2021-03-16 12:31:00,203.95,203.95,203.55,203.55,125,18900,219.32,201.25,202.85
14861,2021-03-16 12:32:00,203.95,203.95,203.55,203.55,125,18900,219.32,201.25,202.85
14862,2021-03-16 12:33:00,207.8,212.9,207.8,210.95,275,18925,219.21,208.15,210.3
14863,2021-03-16 12:34:00,210.05,210.05,210.05,210.05,25,18925,219.2,207.0,208.9
14864,2021-03-16 12:35:00,208.3,208.3,208.3,208.3,50,18925,219.18,207.85,209.75
14865,2021-03-16 12:36:00,208.1,208.1,208.1,208.1,25,0,219.17,206.9,209.0
14866,2021-03-16 12:37:00,208.1,208.1,208.1,208.1,25,0,219.17,206.9,209.0
14867,2021-03-16 12:38:00,208.1,208.1,208.1,208.1,25,0,219.17,206.9,209.0
14868,2021-03-16 12:39:00,203.95,203.95,203.95,203.95,100,18800,219.12,202.85,204.45
14869,2021-03-16 12:40:00,206.3,206.3,206.3,206.3,25,18800,219.1,207.6,210.0
14870,2021-03-16 12:41:00,206.05,206.05,206.05,206.05,75,18800,219.07,204.25,206.65
14871,2021-03-16 12:42:00,204.75,204.75,204.75,204.75,25,18825,219.06,203.3,206.7
14872,2021-03-16 12:43:00,204.75,204.75,204.75,204.75,25,18825,219.06,203.3,206.7
14873,2021-03-16 12:44:00,204.75,204.75,204.75,204.75,25,18825,219.06,203.3,206.7
14874,2021-03-16 12:45:00,208.4,208.4,208.4,208.4,150,18925,219.0,206.25,208.65
14875,2021-03-16 12:46:00,207.55,207.55,207.55,207.55,25,18925,218.99,208.5,210.3
14876,2021-03-16 12:47:00,204.55,204.55,204.55,204.55,100,18925,218.95,203.9,206.3
14877,2021-03-16 12:48:00,204.55,204.55,204.55,204.55,100,18925,218.95,203.9,206.3
14878,2021-03-16 12:49:00,208.3,208.3,208.3,208.3,50,18950,218.92,207.75,210.5
14879,2021-03-16 12:50:00,207.85,207.85,207.85,207.85,50,18950,218.9,205.7,209.2
14880,2021-03-16 12:51:00,207.85,207.85,207.85,207.85,50,18950,218.9,205.7,209.2
14881,2021-03-16 12:52:00,206.2,206.2,206.2,206.2,75,19000,218.87,203.65,205.9
14882,2021-03-16 12:53:00,204.2,204.2,204.2,204.2,25,0,218.85,206.5,209.4
14883,2021-03-16 12:54:00,204.2,204.2,204.2,204.2,25,0,218.85,206.5,209.4
14884,2021-03-16 12:55:00,208.2,208.2,208.2,208.2,50,19000,218.83,206.95,208.75
14885,2021-03-16 12:56:00,206.05,206.05,206.05,206.05,25,19000,218.82,204.45,206.0
14886,2021-03-16 12:57:00,205.15,205.15,205.15,205.15,50,0,218.79,204.5,206.5
14887,2021-03-16 12:58:00,205.15,205.15,205.15,205.15,50,0,218.79,204.5,206.5
14888,2021-03-16 12:59:00,203.5,203.5,203.5,203.5,25,0,218.78,201.3,202.95
14889,2021-03-16 13:00:00,198.4,200.6,194.0,200.6,75,19025,218.72,199.0,201.85
14890,2021-03-16 13:01:00,202.7,203.4,202.7,203.4,50,19025,218.69,201.4,202.7
14891,2021-03-16 13:02:00,204.95,205.95,204.95,205.95,75,19025,218.65,205.25,208.3
14892,2021-03-16 13:03:00,208.0,208.0,208.0,208.0,75,19025,218.62,203.1,205.85
14893,2021-03-16 13:04:00,203.75,203.75,203.75,203.75,25,19125,218.61,205.05,208.3
14894,2021-03-16 13:05:00,207.5,225.0,207.5,220.65,1175,19125,218.6,220.75,222.35
14895,2021-03-16 13:06:00,217.55,218.4,217.55,218.4,50,18950,218.6,214.1,217.0
14896,2021-03-16 13:07:00,214.2,214.65,214.2,214.65,50,18950,218.6,213.1,215.85
14897,2021-03-16 13:08:00,211.7,211.7,211.7,211.7,50,18950,218.58,206.5,209.65
14898,2021-03-16 13:09:00,199.25,199.25,195.0,195.0,175,18900,218.48,193.25,197.05
14899,2021-03-16 13:10:00,194.05,195.6,184.0,185.0,400,18900,218.09,186.15,188.3
14900,2021-03-16 13:11:00,185.8,187.6,185.8,187.6,125,18900,217.95,183.0,186.2
14901,2021-03-16 13:12:00,178.35,178.35,178.35,178.35,75,18875,217.85,175.15,181.15
14902,2021-03-16 13:13:00,178.35,178.35,178.35,178.35,75,18875,217.85,175.15,181.15
14903,2021-03-16 13:14:00,177.9,177.9,172.3,177.9,375,18875,217.3,176.0,177.6
14904,2021-03-16 13:15:00,178.25,178.25,178.25,178.25,200,18825,217.04,176.05,178.35
14905,2021-03-16 13:16:00,178.25,178.25,178.25,178.25,200,18825,217.04,176.05,178.35
14906,2021-03-16 13:17:00,172.0,172.0,169.0,172.0,275,18825,216.61,167.9,170.85
14907,2021-03-16 13:18:00,170.9,170.9,170.9,170.9,325,18600,216.12,169.75,171.8
14908,2021-03-16 13:19:00,175.1,175.1,168.0,175.1,50,18600,216.05,175.0,177.95
14909,2021-03-16 13:20:00,175.1,175.1,168.0,175.1,50,18600,216.05,175.0,177.95
14910,2021-03-16 13:21:00,171.55,171.55,171.55,171.55,150,0,215.83,170.4,174.15
14911,2021-03-16 13:22:00,178.9,178.9,178.9,178.9,100,18700,215.7,176.55,182.0
14912,2021-03-16 13:23:00,176.1,176.1,176.1,176.1,50,18700,215.64,176.2,178.05
14913,2021-03-16 13:24:00,176.1,176.1,176.1,176.1,50,18700,215.64,176.2,178.05
14914,2021-03-16 13:25:00,174.3,174.3,174.3,174.3,75,0,215.54,175.65,177.5
14915,2021-03-16 13:26:00,171.7,171.7,171.7,171.7,25,18675,215.5,170.0,172.6
14916,2021-03-16 13:27:00,171.7,171.7,171.7,171.7,25,18675,215.5,170.0,172.6
14917,2021-03-16 13:28:00,171.1,171.1,171.1,171.1,25,18650,215.47,172.85,174.65
14918,2021-03-16 13:29:00,173.5,173.5,173.5,173.5,350,18650,214.98,171.1,172.6
14919,2021-03-16 13:30:00,165.25,165.25,162.75,165.25,250,18850,214.58,165.35,168.3
14920,2021-03-16 13:31:00,165.25,165.25,162.75,165.25,250,18850,214.58,165.35,168.3
14921,2021-03-16 13:32:00,168.9,168.9,168.9,168.9,150,18850,214.35,165.25,167.3
14922,2021-03-16 13:33:00,169.0,169.0,169.0,169.0,75,18850,214.24,166.6,167.7
14923,2021-03-16 13:34:00,169.0,169.0,169.0,169.0,75,18850,214.24,166.6,167.7
14924,2021-03-16 13:35:00,166.6,166.6,166.6,166.6,75,18850,214.12,164.6,167.1
14925,2021-03-16 13:36:00,163.45,163.45,160.55,163.45,325,18825,213.59,162.7,165.3
14926,2021-03-16 13:37:00,163.45,163.45,160.55,163.45,325,18825,213.59,162.7,165.3
14927,2021-03-16 13:38:00,165.05,165.05,165.05,165.05,225,18825,213.26,164.05,165.55
14928,2021-03-16 13:39:00,163.3,163.3,163.3,163.3,375,18750,212.69,164.4,165.6
14929,2021-03-16 13:40:00,168.45,168.45,168.45,168.45,200,18750,212.41,166.65,168.45
14930,2021-03-16 13:41:00,168.45,168.45,168.45,168.45,200,18750,212.41,166.65,168.45
14931,2021-03-16 13:42:00,173.05,173.05,173.05,173.05,225,18725,212.12,173.6,175.1
14932,2021-03-16 13:43:00,172.35,172.35,172.35,172.35,175,18725,211.91,170.7,173.45
14933,2021-03-16 13:44:00,178.6,178.6,178.6,178.6,1275,18725,210.68,177.1,178.55
14934,2021-03-16 13:45:00,178.6,178.6,178.6,178.6,1275,18725,210.68,177.1,178.55
14935,2021-03-16 13:46:00,178.4,178.4,178.4,178.4,225,18975,210.48,177.0,178.45
14936,2021-03-16 13:47:00,175.7,175.7,175.7,175.7,100,18975,210.39,175.2,177.4
14937,2021-03-16 13:48:00,175.7,175.7,175.7,175.7,100,18975,210.39,175.2,177.4
14938,2021-03-16 13:49:00,180.5,180.5,180.5,180.5,200,19025,210.21,179.75,181.3
14939,2021-03-16 13:50:00,176.75,176.75,176.75,176.75,200,19025,210.02,174.25,176.45
14940,2021-03-16 13:51:00,176.75,176.75,176.75,176.75,200,19025,210.02,174.25,176.45
14941,2021-03-16 13:52:00,171.75,171.75,171.75,171.75,50,18875,209.97,176.0,178.2
14942,2021-03-16 13:53:00,177.6,177.6,177.6,177.6,150,18875,209.83,176.3,180.05
14943,2021-03-16 13:54:00,177.6,177.6,177.6,177.6,150,18875,209.83,176.3,180.05
14944,2021-03-16 13:55:00,180.2,180.2,180.2,180.2,925,19575,209.09,180.7,181.9
14945,2021-03-16 13:56:00,179.85,179.85,179.85,179.85,650,19575,208.59,180.2,181.65
14946,2021-03-16 13:57:00,177.0,177.0,177.0,177.0,575,19025,208.1,177.85,179.55
14947,2021-03-16 13:58:00,177.0,177.0,177.0,177.0,575,19025,208.1,177.85,179.55
14948,2021-03-16 13:59:00,174.75,174.75,174.75,174.75,250,19025,207.9,175.8,177.9
14949,2021-03-16 14:00:00,175.8,175.8,175.8,175.8,200,18925,207.72,176.9,178.95
14950,2021-03-16 14:01:00,175.8,175.8,175.8,175.8,200,18925,207.72,176.9,178.95
14951,2021-03-16 14:02:00,179.95,179.95,179.95,179.95,100,18925,207.64,178.8,180.85
14952,2021-03-16 14:03:00,186.35,186.35,186.35,186.35,325,18925,207.46,184.75,186.95
14953,2021-03-16 14:04:00,186.35,186.35,186.35,186.35,325,18925,207.46,184.75,186.95
14954,2021-03-16 14:05:00,191.65,191.65,191.65,191.65,200,18925,207.36,188.85,190.0
14955,2021-03-16 14:06:00,182.75,182.75,182.75,182.75,700,18600,207.0,181.35,183.45
14956,2021-03-16 14:07:00,182.75,182.75,182.75,182.75,700,18600,207.0,181.35,183.45
14957,2021-03-16 14:08:00,183.15,183.15,183.15,183.15,150,18600,206.91,183.15,184.1
14958,2021-03-16 14:09:00,185.05,185.05,185.05,185.05,75,18550,206.87,182.2,184.45
14959,2021-03-16 14:10:00,175.15,175.15,175.15,175.15,200,18550,206.73,173.95,176.0
14960,2021-03-16 14:11:00,175.15,175.15,175.15,175.15,200,18550,206.73,173.95,176.0
14961,2021-03-16 14:12:00,175.9,175.9,175.9,175.9,350,18475,206.44,173.5,176.05
14962,2021-03-16 14:13:00,172.25,172.25,172.25,172.25,150,18475,206.32,174.4,176.0
14963,2021-03-16 14:14:00,174.15,174.15,174.15,174.15,275,18475,206.1,173.7,175.15
14964,2021-03-16 14:15:00,179.75,179.75,179.75,179.75,225,18350,205.92,171.35,189.9
14965,2021-03-16 14:16:00,179.75,179.75,179.75,179.75,225,18350,205.92,171.35,189.9
14966,2021-03-16 14:17:00,180.85,180.85,180.85,180.85,200,18350,205.78,177.45,179.6
14967,2021-03-16 14:18:00,177.3,177.3,177.3,177.3,225,18350,205.63,173.75,175.75
14968,2021-03-16 14:19:00,173.95,173.95,173.95,173.95,100,18475,205.55,173.2,175.05
14969,2021-03-16 14:20:00,173.95,173.95,173.95,173.95,100,18475,205.55,173.2,175.05
14970,2021-03-16 14:21:00,177.65,177.65,177.65,177.65,300,18575,205.35,177.5,179.05
14971,2021-03-16 14:22:00,179.55,179.55,179.55,179.55,100,0,205.29,178.45,180.2
14972,2021-03-16 14:23:00,178.7,178.7,178.7,178.7,75,18575,205.24,179.0,180.55
14973,2021-03-16 14:24:00,178.7,178.7,178.7,178.7,75,18575,205.24,179.0,180.55
14974,2021-03-16 14:25:00,176.4,176.4,176.4,176.4,175,18700,205.13,173.75,175.45
14975,2021-03-16 14:26:00,180.3,180.3,180.3,180.3,875,18700,204.6,176.2,178.3
14976,2021-03-16 14:27:00,176.15,176.15,176.15,176.15,125,18700,204.52,176.45,178.95
14977,2021-03-16 14:28:00,176.15,176.15,176.15,176.15,125,18700,204.52,176.45,178.95
14978,2021-03-16 14:29:00,176.95,176.95,176.95,176.95,50,19250,204.49,175.35,177.1
14979,2021-03-16 14:30:00,179.55,179.55,179.55,179.55,25,19225,204.48,179.05,180.15
14980,2021-03-16 14:31:00,187.7,187.7,187.7,187.7,300,19225,204.32,183.7,187.7
14981,2021-03-16 14:32:00,182.0,182.0,182.0,182.0,200,19225,204.23,180.15,182.15
14982,2021-03-16 14:33:00,179.6,179.6,178.85,178.85,100,19400,204.17,177.0,178.75
14983,2021-03-16 14:34:00,178.6,178.6,178.6,178.6,25,19400,204.15,177.95,179.85
14984,2021-03-16 14:35:00,175.85,175.85,174.65,174.65,75,19400,204.11,172.75,174.3
14985,2021-03-16 14:36:00,174.2,175.0,174.2,174.95,75,19400,204.06,173.9,175.05
14986,2021-03-16 14:37:00,175.05,175.8,174.65,174.65,300,19525,203.86,175.7,177.8
14987,2021-03-16 14:38:00,176.4,178.1,176.4,178.1,75,19525,203.81,174.9,178.8
14988,2021-03-16 14:39:00,177.75,178.8,174.75,174.75,200,19725,203.69,173.4,174.75
14989,2021-03-16 14:40:00,181.15,181.15,181.15,181.15,225,19725,203.57,177.4,178.75
14990,2021-03-16 14:41:00,181.15,181.15,181.15,181.15,225,19725,203.57,177.4,178.75
14991,2021-03-16 14:42:00,176.3,176.3,176.3,176.3,50,19725,203.54,175.85,177.35
14992,2021-03-16 14:43:00,179.55,179.55,179.55,179.55,100,19725,203.48,177.35,178.85
14993,2021-03-16 14:44:00,176.6,176.6,176.6,176.6,25,0,203.47,175.3,177.4
14994,2021-03-16 14:45:00,176.6,176.6,176.6,176.6,25,0,203.47,175.3,177.4
14995,2021-03-16 14:46:00,177.05,177.05,177.05,177.05,50,0,203.43,176.05,177.4
14996,2021-03-16 14:47:00,173.0,173.0,173.0,173.0,50,19725,203.4,173.85,175.35
14997,2021-03-16 14:48:00,174.9,174.9,174.9,174.9,50,19675,203.37,173.4,175.3
14998,2021-03-16 14:49:00,174.9,174.9,174.9,174.9,50,19675,203.37,173.4,175.3
14999,2021-03-16 14:50:00,174.55,174.55,174.55,174.55,175,0,203.26,174.15,175.65
15000,2021-03-16 14:51:00,174.9,174.9,174.9,174.9,25,19675,203.24,174.6,176.2
15001,2021-03-16 14:52:00,175.0,175.0,175.0,175.0,225,19675,203.12,174.4,175.7
15002,2021-03-16 14:53:00,175.0,175.0,175.0,175.0,225,19675,203.12,174.4,175.7
15003,2021-03-16 14:54:00,175.0,175.0,175.0,175.0,125,0,203.04,175.6,177.55
15004,2021-03-16 14:55:00,175.0,175.0,175.0,175.0,125,0,203.04,175.6,177.55
15005,2021-03-16 14:56:00,176.6,176.6,176.6,176.6,50,19700,203.01,175.4,177.55
15006,2021-03-16 14:57:00,180.95,180.95,180.95,180.95,25,19700,203.0,177.3,178.95
15007,2021-03-16 14:58:00,180.95,180.95,180.95,180.95,25,19700,203.0,177.3,178.95
15008,2021-03-16 14:59:00,178.65,178.65,178.65,178.65,25,19650,202.98,175.75,177.15
15009,2021-03-16 15:00:00,180.75,180.75,180.75,180.75,50,19650,202.96,183.35,187.6
15010,2021-03-16 15:01:00,181.9,181.9,181.9,181.9,100,19600,202.91,173.4,175.3
15011,2021-03-16 15:02:00,181.9,181.9,181.9,181.9,100,19600,202.91,173.4,175.3
15012,2021-03-16 15:03:00,171.2,171.2,171.2,171.2,175,19600,202.79,168.75,171.0
15013,2021-03-16 15:04:00,162.2,162.2,162.2,162.2,325,19650,202.53,160.8,163.6
15014,2021-03-16 15:05:00,162.2,162.2,162.2,162.2,325,19650,202.53,160.8,163.6
15015,2021-03-16 15:06:00,162.2,162.2,162.2,162.2,300,19650,202.27,159.95,161.75
15016,2021-03-16 15:07:00,162.2,162.2,159.35,162.2,125,19700,202.16,158.6,159.95
15017,2021-03-16 15:08:00,162.2,162.2,159.35,162.2,125,19700,202.16,158.6,159.95
15018,2021-03-16 15:09:00,159.7,159.7,155.0,159.7,700,19700,201.49,157.8,162.6
15019,2021-03-16 15:10:00,164.2,164.2,164.2,164.2,125,19725,201.38,160.2,161.6
15020,2021-03-16 15:11:00,164.2,164.2,164.2,164.2,125,19725,201.38,160.2,161.6
15021,2021-03-16 15:12:00,163.75,163.75,163.75,163.75,75,19725,201.32,160.95,162.95
15022,2021-03-16 15:13:00,163.15,163.15,163.15,163.15,100,19725,201.24,161.6,162.7
15023,2021-03-16 15:14:00,160.0,160.0,160.0,160.0,225,19725,201.06,159.15,161.0
15024,2021-03-16 15:15:00,163.4,163.4,163.4,163.4,75,19825,200.99,160.8,162.45
15025,2021-03-16 15:16:00,163.4,163.4,163.4,163.4,75,19825,200.99,160.8,162.45
15026,2021-03-16 15:17:00,160.15,160.15,160.15,160.15,125,19825,200.89,159.5,161.2
15027,2021-03-16 15:18:00,160.5,160.5,160.5,160.5,100,0,200.8,159.55,161.1
15028,2021-03-16 15:19:00,161.2,161.2,161.2,161.2,25,19825,200.78,160.15,162.3
15029,2021-03-16 15:20:00,160.9,160.9,160.9,160.9,50,19825,200.74,160.4,161.9
15030,2021-03-16 15:21:00,158.0,158.0,158.0,158.0,300,19825,200.49,157.2,158.4
15031,2021-03-16 15:22:00,158.75,158.75,158.75,158.75,100,19800,200.4,157.85,159.9
15032,2021-03-16 15:23:00,158.75,158.75,158.75,158.75,100,19800,200.4,157.85,159.9
15033,2021-03-16 15:24:00,157.75,159.0,157.75,159.0,275,19750,200.16,158.9,159.9
15034,2021-03-16 15:25:00,158.75,162.3,158.75,162.3,375,19750,199.86,162.1,163.55
15035,2021-03-16 15:26:00,162.15,162.9,162.15,162.9,50,19750,199.82,162.2,163.9
15036,2021-03-16 15:27:00,162.15,162.9,162.15,162.9,50,19750,199.82,162.2,163.9
15037,2021-03-16 15:28:00,165.3,165.3,165.3,165.3,375,19700,199.55,162.95,164.65
15038,2021-03-16 15:29:00,165.3,165.3,165.3,165.3,375,19700,199.55,162.95,164.65
15039,2021-03-16 15:30:00,161.4,161.4,161.4,161.4,50,19700,199.51,155.1,163.2
15040,2021-03-17 09:15:00,161.4,161.4,161.4,161.4,50,19700,199.51,155.1,163.2
15041,2021-03-17 09:16:00,130.0,131.2,120.0,120.0,500,19450,125.27,109.85,130.65
15042,2021-03-17 09:17:00,118.45,118.45,118.4,118.45,175,19525,124.09,119.1,126.25
15043,2021-03-17 09:18:00,118.45,118.45,118.4,118.45,175,19525,124.09,119.1,126.25
15044,2021-03-17 09:19:00,125.35,125.35,125.35,125.35,475,19525,124.78,123.3,128.2
15045,2021-03-17 09:20:00,125.35,125.35,125.35,125.35,475,19525,124.78,123.3,128.2
15046,2021-03-17 09:21:00,125.0,125.0,125.0,125.0,500,19550,125.24,121.85,129.15
15047,2021-03-17 09:22:00,133.95,133.95,133.95,133.95,425,19550,126.04,129.15,133.6
15048,2021-03-17 09:23:00,133.95,133.95,133.95,133.95,425,19550,126.04,129.15,133.6
15049,2021-03-17 09:24:00,137.4,139.85,137.4,137.4,400,19750,127.73,135.85,138.4
15050,2021-03-17 09:25:00,134.4,134.4,134.4,134.4,425,19750,128.96,132.9,137.45
15051,2021-03-17 09:26:00,134.4,134.4,134.4,134.4,425,19750,128.96,132.9,137.45
15052,2021-03-17 09:27:00,128.25,128.25,128.25,128.25,575,19675,129.84,127.55,130.6
15053,2021-03-17 09:28:00,135.45,135.45,135.45,135.45,200,19675,129.87,132.8,135.35
15054,2021-03-17 09:29:00,135.45,135.45,135.45,135.45,200,19675,129.87,132.8,135.35
15055,2021-03-17 09:30:00,133.7,133.7,133.7,133.7,100,19725,129.99,131.4,133.6
15056,2021-03-17 09:31:00,133.7,133.7,133.7,133.7,100,19725,129.99,131.4,133.6
15057,2021-03-17 09:32:00,137.25,137.25,137.25,137.25,300,19675,130.56,137.0,139.25
15058,2021-03-17 09:33:00,131.95,131.95,131.95,131.95,150,19675,130.77,129.15,133.45
15059,2021-03-17 09:34:00,131.95,131.95,131.95,131.95,150,19675,130.77,129.15,133.45
15060,2021-03-17 09:35:00,133.4,133.4,133.4,133.4,125,19550,130.9,132.3,134.3
15061,2021-03-17 09:36:00,130.1,130.1,130.1,130.1,225,19550,130.8,128.95,130.65
15062,2021-03-17 09:37:00,130.1,130.1,130.1,130.1,225,19550,130.8,128.95,130.65
15063,2021-03-17 09:38:00,129.65,129.65,129.65,129.65,150,19450,130.72,127.55,129.05
15064,2021-03-17 09:39:00,128.0,128.0,128.0,128.0,275,19450,130.53,126.95,128.3
15065,2021-03-17 09:40:00,128.0,128.0,128.0,128.0,275,19450,130.53,126.95,128.3
15066,2021-03-17 09:41:00,120.55,120.55,120.55,120.55,350,19450,130.17,124.85,126.3
15067,2021-03-17 09:42:00,124.9,124.9,124.9,124.9,125,19600,130.06,123.65,124.95
15068,2021-03-17 09:43:00,121.65,121.65,121.65,121.65,125,19600,129.89,121.6,124.2
15069,2021-03-17 09:44:00,121.65,121.65,121.65,121.65,125,19600,129.89,121.6,124.2
15070,2021-03-17 09:45:00,122.85,122.85,122.85,122.85,425,19600,129.39,121.25,122.35
15071,2021-03-17 09:46:00,120.0,120.0,120.0,120.0,175,19600,129.17,118.05,122.75
15072,2021-03-17 09:47:00,121.9,121.9,121.9,121.9,150,19450,129.0,121.1,122.95
15073,2021-03-17 09:48:00,121.9,121.9,121.9,121.9,150,19450,129.0,121.1,122.95
15074,2021-03-17 09:49:00,122.05,122.05,122.05,122.05,75,19450,128.91,121.95,124.05
15075,2021-03-17 09:50:00,118.6,118.6,116.6,118.6,250,19525,128.53,118.1,120.1
15076,2021-03-17 09:51:00,118.6,118.6,116.6,118.6,250,19525,128.53,118.1,120.1
15077,2021-03-17 09:52:00,120.4,120.4,120.4,120.4,50,19525,128.47,120.15,122.1
15078,2021-03-17 09:53:00,121.5,121.5,121.5,121.5,100,19425,128.35,119.7,121.45
15079,2021-03-17 09:54:00,119.9,119.9,119.9,119.9,50,0,128.29,117.6,119.7
15080,2021-03-17 09:55:00,119.9,119.9,119.9,119.9,50,0,128.29,117.6,119.7
15081,2021-03-17 09:56:00,120.8,120.8,114.55,120.8,125,19425,128.09,118.65,120.75
15082,2021-03-17 09:57:00,122.2,122.2,122.2,122.2,50,19300,128.04,119.25,121.25
15083,2021-03-17 09:58:00,118.5,118.5,118.5,118.5,100,19300,127.9,119.3,120.8
15084,2021-03-17 09:59:00,118.5,118.5,118.5,118.5,100,19300,127.9,119.3,120.8
15085,2021-03-17 10:00:00,116.95,116.95,116.95,116.95,125,19225,127.72,116.35,118.05
15086,2021-03-17 10:01:00,119.2,119.2,119.2,119.2,150,19225,127.52,119.5,121.05
15087,2021-03-17 10:02:00,118.85,118.85,118.85,118.85,250,19400,127.28,117.75,119.2
15088,2021-03-17 10:03:00,118.85,118.85,118.85,118.85,250,19400,127.28,117.75,119.2
15089,2021-03-17 10:04:00,120.05,120.05,120.05,120.05,75,0,127.2,120.75,122.2
15090,2021-03-17 10:05:00,121.65,121.65,121.65,121.65,125,19400,127.11,120.35,122.95
15091,2021-03-17 10:06:00,124.95,124.95,124.95,124.95,25,19350,127.11,125.55,127.85
15092,2021-03-17 10:07:00,124.95,124.95,124.95,124.95,25,19350,127.11,125.55,127.85
15093,2021-03-17 10:08:00,126.3,126.3,126.3,126.3,175,19375,127.09,124.95,127.15
15094,2021-03-17 10:09:00,125.3,125.3,125.3,125.3,100,19375,127.07,124.6,126.35
15095,2021-03-17 10:10:00,125.0,125.0,125.0,125.0,25,19375,127.06,121.85,124.15
15096,2021-03-17 10:11:00,125.0,125.0,125.0,125.0,25,19375,127.06,121.85,124.15
15097,2021-03-17 10:12:00,116.15,116.15,116.15,116.15,250,19350,126.78,115.05,116.85
15098,2021-03-17 10:13:00,116.4,116.4,113.65,116.4,125,19350,126.62,116.25,117.25
15099,2021-03-17 10:14:00,116.3,116.3,116.3,116.3,150,19425,126.44,116.5,118.2
15100,2021-03-17 10:15:00,116.3,116.3,116.3,116.3,150,19425,126.44,116.5,118.2
15101,2021-03-17 10:16:00,112.4,112.4,110.1,112.4,225,19425,126.07,112.0,114.6
15102,2021-03-17 10:17:00,116.9,116.9,116.9,116.9,50,19350,126.01,115.2,118.15
15103,2021-03-17 10:18:00,116.9,116.9,116.9,116.9,50,19350,126.01,115.2,118.15
15104,2021-03-17 10:19:00,116.8,116.8,116.8,116.8,25,0,125.98,118.35,120.2
15105,2021-03-17 10:20:00,119.1,119.1,119.1,119.1,75,19300,125.93,118.75,120.55
15106,2021-03-17 10:21:00,122.25,122.25,122.25,122.25,75,19300,125.89,120.8,122.15
15107,2021-03-17 10:22:00,122.25,122.25,122.25,122.25,75,19300,125.89,120.8,122.15
15108,2021-03-17 10:23:00,121.35,121.35,121.35,121.35,25,0,125.88,120.05,121.45
15109,2021-03-17 10:24:00,121.35,121.35,121.35,121.35,25,0,125.88,120.05,121.45
15110,2021-03-17 10:25:00,119.2,119.2,119.2,119.2,250,19325,125.69,118.25,119.8
15111,2021-03-17 10:26:00,118.3,118.3,118.3,118.3,100,19325,125.61,117.25,119.45
15112,2021-03-17 10:27:00,118.3,118.3,118.3,118.3,100,19325,125.61,117.25,119.45
15113,2021-03-17 10:28:00,120.35,120.35,120.35,120.35,25,19325,125.6,119.6,121.0
15114,2021-03-17 10:29:00,123.05,123.05,123.05,123.05,100,19325,125.57,119.7,121.85
15115,2021-03-17 10:30:00,123.45,123.45,123.45,123.45,175,19375,125.51,122.45,124.55
15116,2021-03-17 10:31:00,123.45,123.45,123.45,123.45,175,19375,125.51,122.45,124.55
15117,2021-03-17 10:32:00,124.55,124.55,124.55,124.55,150,19375,125.5,123.25,124.8
15118,2021-03-17 10:33:00,125.0,125.0,125.0,125.0,125,19275,125.49,124.3,126.15
15119,2021-03-17 10:34:00,125.0,125.0,125.0,125.0,125,19275,125.49,124.3,126.15
15120,2021-03-17 10:35:00,124.15,124.15,124.15,124.15,125,19275,125.49,122.55,124.55
15121,2021-03-17 10:36:00,124.15,124.15,124.15,124.15,125,19275,125.49,122.55,124.55
15122,2021-03-17 10:37:00,125.4,125.4,125.4,125.4,25,19300,125.49,124.05,126.45
15123,2021-03-17 10:38:00,133.35,133.35,133.35,133.35,350,19300,125.75,129.45,131.8
15124,2021-03-17 10:39:00,135.5,135.5,135.5,135.5,150,19300,125.85,134.5,138.6
15125,2021-03-17 10:40:00,135.5,135.5,135.5,135.5,150,19300,125.85,134.5,138.6
15126,2021-03-17 10:41:00,131.8,131.8,131.8,131.8,250,19350,126.02,130.75,132.3
15127,2021-03-17 10:42:00,129.95,129.95,129.95,129.95,75,19350,126.04,127.45,130.45
15128,2021-03-17 10:43:00,128.3,128.3,128.3,128.3,50,19350,126.06,127.5,128.65
15129,2021-03-17 10:44:00,128.3,128.3,128.3,128.3,50,19350,126.06,127.5,128.65
15130,2021-03-17 10:45:00,126.8,126.8,126.8,126.8,125,19300,126.07,125.1,126.7
15131,2021-03-17 10:46:00,123.3,123.3,123.3,123.3,175,19300,126.04,122.05,124.6
15132,2021-03-17 10:47:00,123.3,123.3,123.3,123.3,25,19300,126.03,124.05,126.05
15133,2021-03-17 10:48:00,123.3,123.3,123.3,123.3,25,19300,126.03,124.05,126.05
15134,2021-03-17 10:49:00,125.5,125.5,125.5,125.5,50,19300,126.03,125.55,127.3
15135,2021-03-17 10:50:00,127.2,127.2,127.2,127.2,75,19300,126.04,126.95,128.9
15136,2021-03-17 10:51:00,128.8,128.8,128.8,128.8,25,19325,126.05,127.3,128.7
15137,2021-03-17 10:52:00,132.5,132.5,132.5,132.5,150,19325,126.1,131.6,134.1
15138,2021-03-17 10:53:00,132.5,132.5,132.5,132.5,150,19325,126.1,131.6,134.1
15139,2021-03-17 10:54:00,132.5,132.5,132.5,132.5,150,19325,126.1,131.6,134.1
15140,2021-03-17 10:55:00,132.45,132.45,132.45,132.45,125,19350,126.16,131.35,133.25
15141,2021-03-17 10:56:00,130.1,130.1,130.1,130.1,25,19375,126.17,126.85,128.15
15142,2021-03-17 10:57:00,126.25,126.25,126.25,126.25,50,0,126.17,124.8,126.45
15143,2021-03-17 10:58:00,126.0,126.0,126.0,126.0,25,19375,126.17,124.4,126.15
15144,2021-03-17 10:59:00,126.0,126.0,126.0,126.0,25,19375,126.17,124.4,126.15
15145,2021-03-17 11:00:00,125.7,125.7,125.7,125.7,25,19400,126.17,126.25,127.95
15146,2021-03-17 11:01:00,127.45,127.45,127.45,127.45,75,19400,126.17,125.15,127.25
15147,2021-03-17 11:02:00,124.75,124.75,124.75,124.75,50,0,126.17,124.0,125.4
15148,2021-03-17 11:03:00,127.8,127.8,127.8,127.8,25,19425,126.17,126.75,128.45
15149,2021-03-17 11:04:00,125.7,125.7,125.7,125.7,25,19425,126.17,124.15,126.1
15150,2021-03-17 11:05:00,122.9,122.9,122.9,122.9,100,19400,126.15,122.0,123.1
15151,2021-03-17 11:06:00,122.9,122.9,122.9,122.9,100,19400,126.15,122.0,123.1
15152,2021-03-17 11:07:00,121.45,121.45,121.45,121.45,50,0,126.13,122.15,124.45
15153,2021-03-17 11:08:00,121.45,121.45,121.45,121.45,50,0,126.13,122.15,124.45
15154,2021-03-17 11:09:00,121.45,121.45,121.45,121.45,50,0,126.13,122.15,124.45
15155,2021-03-17 11:10:00,126.1,126.1,126.1,126.1,75,19425,126.13,125.75,127.3
15156,2021-03-17 11:11:00,128.95,128.95,128.95,128.95,25,19425,126.13,128.25,129.75
15157,2021-03-17 11:12:00,128.95,128.95,128.95,128.95,25,19425,126.13,128.25,129.75
15158,2021-03-17 11:13:00,128.95,128.95,128.95,128.95,25,19425,126.13,128.25,129.75
15159,2021-03-17 11:14:00,128.45,128.45,128.45,128.45,50,19375,126.14,127.55,129.1
15160,2021-03-17 11:15:00,127.9,127.9,127.9,127.9,100,0,126.16,127.0,128.5
15161,2021-03-17 11:16:00,127.9,127.9,127.9,127.9,100,0,126.16,127.0,128.5
15162,2021-03-17 11:17:00,132.25,132.25,132.25,132.25,125,19400,126.2,131.95,134.4
15163,2021-03-17 11:18:00,132.25,132.25,132.25,132.25,125,19400,126.2,131.95,134.4
15164,2021-03-17 11:19:00,130.7,130.7,130.7,130.7,100,19425,126.25,128.9,130.4
15165,2021-03-17 11:20:00,135.95,135.95,135.95,135.95,225,19475,126.45,134.75,136.45
15166,2021-03-17 11:21:00,135.95,135.95,135.95,135.95,225,19475,126.45,134.75,136.45
15167,2021-03-17 11:22:00,139.55,141.95,139.55,139.55,300,19475,126.74,140.5,141.95
15168,2021-03-17 11:23:00,135.35,135.35,135.35,135.35,125,19475,126.86,134.9,136.5
15169,2021-03-17 11:24:00,137.8,137.8,137.8,137.8,50,19625,126.9,137.75,139.55
15170,2021-03-17 11:25:00,154.95,156.1,154.95,154.95,200,19625,127.2,153.05,155.45
15171,2021-03-17 11:26:00,154.95,156.1,154.95,154.95,200,19625,127.2,153.05,155.45
15172,2021-03-17 11:27:00,154.0,156.5,154.0,154.0,200,19725,127.59,150.65,153.0
15173,2021-03-17 11:28:00,152.0,152.0,152.0,152.0,125,19725,127.81,152.1,154.35
15174,2021-03-17 11:29:00,152.0,152.0,152.0,152.0,125,19725,127.81,152.1,154.35
15175,2021-03-17 11:30:00,174.95,175.55,174.95,174.95,375,19625,128.95,173.05,177.15
15176,2021-03-17 11:31:00,173.25,178.05,173.25,173.25,200,19625,129.59,170.2,173.0
15177,2021-03-17 11:32:00,173.25,178.05,173.25,173.25,200,19625,129.59,170.2,173.0
15178,2021-03-17 11:33:00,177.05,178.9,177.05,177.05,250,19525,130.35,175.85,178.25
15179,2021-03-17 11:34:00,177.05,178.9,177.05,177.05,250,19525,130.35,175.85,178.25
15180,2021-03-17 11:35:00,177.05,178.9,177.05,177.05,250,19525,130.35,175.85,178.25
15181,2021-03-17 11:36:00,161.0,161.0,161.0,161.0,75,19550,130.52,157.95,161.05
15182,2021-03-17 11:37:00,164.85,164.85,164.85,164.85,125,19550,130.79,164.3,166.75
15183,2021-03-17 11:38:00,162.25,162.25,162.25,162.25,50,19550,130.89,158.35,161.15
15184,2021-03-17 11:39:00,162.25,162.25,162.25,162.25,50,19550,130.89,158.35,161.15
15185,2021-03-17 11:40:00,156.65,156.65,156.65,156.65,75,19350,131.02,156.4,158.35
15186,2021-03-17 11:41:00,162.75,162.75,162.75,162.75,50,19350,131.12,159.25,161.35
15187,2021-03-17 11:42:00,162.75,162.75,162.75,162.75,50,19350,131.12,159.25,161.35
15188,2021-03-17 11:43:00,158.9,158.9,158.9,158.9,75,19225,131.26,157.45,159.8
15189,2021-03-17 11:44:00,158.9,158.9,158.9,158.9,75,19225,131.26,157.45,159.8
15190,2021-03-17 11:45:00,158.9,158.9,158.9,158.9,75,19225,131.26,157.45,159.8
15191,2021-03-17 11:46:00,158.9,158.9,158.9,158.9,75,19225,131.26,157.45,159.8
15192,2021-03-17 11:47:00,164.95,164.95,164.95,164.95,100,19225,131.46,164.4,166.95
15193,2021-03-17 11:48:00,171.0,171.0,171.0,171.0,50,19225,131.59,169.4,171.35
15194,2021-03-17 11:49:00,171.4,171.4,171.4,171.4,25,19225,131.65,167.1,169.2
15195,2021-03-17 11:50:00,157.5,157.5,157.5,157.5,300,19225,132.2,156.3,158.1
15196,2021-03-17 11:51:00,157.5,157.5,157.5,157.5,300,19225,132.2,156.3,158.1
15197,2021-03-17 11:52:00,153.35,153.35,153.35,153.35,250,19325,132.54,153.15,154.65
15198,2021-03-17 11:53:00,152.7,152.7,152.7,152.7,50,19350,132.6,151.7,153.8
15199,2021-03-17 11:54:00,148.5,148.5,148.5,148.5,125,19350,132.74,148.65,150.1
15200,2021-03-17 11:55:00,148.5,148.5,148.5,148.5,125,19350,132.74,148.65,150.1
15201,2021-03-17 11:56:00,151.05,151.05,151.05,151.05,25,19350,132.76,149.75,151.5
15202,2021-03-17 11:57:00,149.25,149.25,149.25,149.25,50,19400,132.82,147.1,148.75
15203,2021-03-17 11:58:00,148.2,148.2,148.2,148.2,50,19400,132.86,146.9,148.65
15204,2021-03-17 11:59:00,148.2,148.2,148.2,148.2,50,19400,132.86,146.9,148.65
15205,2021-03-17 12:00:00,144.3,144.3,144.3,144.3,175,19375,132.98,142.8,144.6
15206,2021-03-17 12:01:00,143.75,143.75,143.75,143.75,50,0,133.01,146.05,147.6
15207,2021-03-17 12:02:00,145.85,145.85,145.85,145.85,25,19375,133.03,144.75,146.15
15208,2021-03-17 12:03:00,145.85,145.85,145.85,145.85,25,19375,133.03,144.75,146.15
15209,2021-03-17 12:04:00,137.65,137.65,137.65,137.65,625,19475,133.28,137.05,138.55
15210,2021-03-17 12:05:00,135.45,135.45,135.45,135.45,75,19475,133.3,135.3,136.5
15211,2021-03-17 12:06:00,135.45,135.45,135.45,135.45,75,19475,133.3,135.3,136.5
15212,2021-03-17 12:07:00,136.45,136.45,136.45,136.45,175,19525,133.34,137.55,138.8
15213,2021-03-17 12:08:00,128.7,128.7,128.7,128.7,500,19525,133.26,128.7,130.65
15214,2021-03-17 12:09:00,128.7,128.7,128.7,128.7,500,19525,133.26,128.7,130.65
15215,2021-03-17 12:10:00,130.85,130.85,130.85,130.85,475,19650,133.24,129.3,131.4
15216,2021-03-17 12:11:00,128.65,128.65,128.65,128.65,100,19650,133.21,129.05,130.25
15217,2021-03-17 12:12:00,133.3,133.3,133.3,133.3,300,19900,133.19,132.35,134.0
15218,2021-03-17 12:13:00,133.3,133.3,133.3,133.3,300,19900,133.19,132.35,134.0
15219,2021-03-17 12:14:00,130.2,130.2,130.2,130.2,350,19900,133.14,130.35,131.6
15220,2021-03-17 12:15:00,135.95,135.95,135.95,135.95,200,20200,133.14,136.4,138.35
15221,2021-03-17 12:16:00,135.95,135.95,135.95,135.95,200,20200,133.14,136.4,138.35
15222,2021-03-17 12:17:00,131.35,131.35,131.35,131.35,100,20200,133.15,129.55,132.3
15223,2021-03-17 12:18:00,129.95,129.95,129.95,129.95,275,19850,133.06,128.45,130.1
15224,2021-03-17 12:19:00,129.95,129.95,129.95,129.95,275,19850,133.06,128.45,130.1
15225,2021-03-17 12:20:00,129.45,129.45,129.45,129.45,100,19850,133.04,129.5,130.9
15226,2021-03-17 12:21:00,131.2,131.2,131.2,131.2,125,19575,133.03,130.6,132.15
15227,2021-03-17 12:22:00,128.2,128.2,128.2,128.2,200,19575,132.98,128.15,129.6
15228,2021-03-17 12:23:00,128.2,128.2,128.2,128.2,200,19575,132.98,128.15,129.6
15229,2021-03-17 12:24:00,129.95,129.95,129.95,129.95,75,19700,132.97,130.0,131.1
15230,2021-03-17 12:25:00,130.65,130.65,130.65,130.65,75,19700,132.96,129.4,131.15
15231,2021-03-17 12:26:00,130.65,130.65,130.65,130.65,75,19700,132.96,129.4,131.15
15232,2021-03-17 12:27:00,131.45,131.45,131.45,131.45,150,19825,132.95,130.1,131.9
15233,2021-03-17 12:28:00,130.6,130.6,130.6,130.6,50,19825,132.95,128.4,129.7
15234,2021-03-17 12:29:00,130.2,130.2,130.2,130.2,25,19825,132.94,130.3,131.65
15235,2021-03-17 12:30:00,130.2,130.2,130.2,130.2,25,19825,132.94,130.3,131.65
15236,2021-03-17 12:31:00,130.1,130.1,130.1,130.1,350,19725,132.92,130.65,131.8
15237,2021-03-17 12:32:00,130.75,130.75,130.75,130.75,100,19725,132.91,131.4,132.8
15238,2021-03-17 12:33:00,131.5,131.5,131.5,131.5,25,0,132.91,130.2,131.6
15239,2021-03-17 12:34:00,131.5,131.5,131.5,131.5,25,0,132.91,130.2,131.6
15240,2021-03-17 12:35:00,129.8,129.8,129.8,129.8,75,19725,132.9,128.5,130.15
15241,2021-03-17 12:36:00,125.75,125.75,125.75,125.75,125,19700,132.87,124.4,125.95
15242,2021-03-17 12:37:00,125.75,125.75,125.75,125.75,125,19700,132.87,124.4,125.95
15243,2021-03-17 12:38:00,123.85,123.85,123.85,123.85,225,19700,132.78,122.95,125.4
15244,2021-03-17 12:39:00,123.85,123.85,123.85,123.85,50,0,132.76,126.9,128.1
15245,2021-03-17 12:40:00,123.1,123.1,123.1,123.1,125,19725,132.7,123.2,125.1
15246,2021-03-17 12:41:00,123.1,123.1,123.1,123.1,125,19725,132.7,123.2,125.1
15247,2021-03-17 12:42:00,123.1,123.1,123.1,123.1,125,19725,132.7,123.2,125.1
15248,2021-03-17 12:43:00,126.75,126.75,126.75,126.75,25,19750,132.69,124.05,125.45
15249,2021-03-17 12:44:00,125.75,125.75,125.75,125.75,75,0,132.67,125.3,126.55
15250,2021-03-17 12:45:00,125.75,125.75,125.75,125.75,75,0,132.67,125.3,126.55
15251,2021-03-17 12:46:00,129.35,129.35,129.35,129.35,150,19775,132.64,127.75,128.8
15252,2021-03-17 12:47:00,127.75,127.75,127.75,127.75,75,19775,132.63,124.95,126.3
15253,2021-03-17 12:48:00,127.75,127.75,127.75,127.75,75,19775,132.63,124.95,126.3
15254,2021-03-17 12:49:00,124.55,124.55,124.55,124.55,25,19800,132.62,123.15,124.6
15255,2021-03-17 12:50:00,120.0,120.0,120.0,120.0,175,19800,132.53,121.35,124.7
15256,2021-03-17 12:51:00,120.0,120.0,120.0,120.0,175,19800,132.53,121.35,124.7
15257,2021-03-17 12:52:00,122.45,122.45,122.45,122.45,300,0,132.38,121.45,125.5
15258,2021-03-17 12:53:00,122.45,122.45,122.45,122.45,300,0,132.38,121.45,125.5
15259,2021-03-17 12:54:00,121.3,121.3,121.3,121.3,75,19725,132.35,120.75,122.3
15260,2021-03-17 12:55:00,124.25,124.25,124.25,124.25,225,19725,132.25,125.1,126.3
15261,2021-03-17 12:56:00,124.25,124.25,124.25,124.25,225,19725,132.25,125.1,126.3
15262,2021-03-17 12:57:00,124.65,124.65,124.65,124.65,125,19800,132.21,123.0,124.75
15263,2021-03-17 12:58:00,123.0,123.0,123.0,123.0,100,19800,132.17,122.7,123.75
15264,2021-03-17 12:59:00,123.0,123.0,123.0,123.0,100,19800,132.13,122.1,123.3
15265,2021-03-17 13:00:00,123.0,123.0,123.0,123.0,100,19800,132.13,122.1,123.3
15266,2021-03-17 13:01:00,120.95,120.95,120.95,120.95,150,19875,132.06,119.5,120.9
15267,2021-03-17 13:02:00,118.15,118.15,118.15,118.15,175,19875,131.95,117.4,118.6
15268,2021-03-17 13:03:00,118.15,118.15,118.15,118.15,175,19875,131.95,117.4,118.6
15269,2021-03-17 13:04:00,119.1,119.1,119.1,119.1,175,19975,131.85,119.85,120.85
15270,2021-03-17 13:05:00,119.1,119.1,119.1,119.1,175,19975,131.85,119.85,120.85
15271,2021-03-17 13:06:00,123.5,123.5,123.5,123.5,50,19875,131.83,123.45,125.05
15272,2021-03-17 13:07:00,123.5,123.5,123.5,123.5,50,19875,131.83,123.45,125.05
15273,2021-03-17 13:08:00,123.65,123.65,123.65,123.65,200,19875,131.77,123.4,124.9
15274,2021-03-17 13:09:00,123.9,123.9,123.9,123.9,75,0,131.75,123.7,124.9
15275,2021-03-17 13:10:00,123.9,123.9,123.9,123.9,75,0,131.75,123.7,124.9
15276,2021-03-17 13:11:00,124.0,124.0,124.0,124.0,125,19950,131.71,122.4,124.05
15277,2021-03-17 13:12:00,123.65,123.65,123.65,123.65,200,0,131.65,120.75,122.05
15278,2021-03-17 13:13:00,120.0,120.0,120.0,120.0,50,19975,131.62,118.95,120.2
15279,2021-03-17 13:14:00,120.0,120.0,120.0,120.0,50,19975,131.62,118.95,120.2
15280,2021-03-17 13:15:00,121.85,121.85,121.85,121.85,150,20050,131.56,121.25,122.9
15281,2021-03-17 13:16:00,125.0,125.0,125.0,125.0,125,20050,131.53,126.1,127.55
15282,2021-03-17 13:17:00,127.0,127.0,127.0,127.0,50,20050,131.52,124.7,126.4
15283,2021-03-17 13:18:00,127.0,127.0,127.0,127.0,50,20050,131.52,124.7,126.4
15284,2021-03-17 13:19:00,127.45,127.45,127.45,127.45,50,0,131.51,127.8,129.35
15285,2021-03-17 13:20:00,129.1,129.1,129.1,129.1,375,20025,131.49,127.85,129.05
15286,2021-03-17 13:21:00,125.25,125.25,125.25,125.25,150,20125,131.47,125.0,126.05
15287,2021-03-17 13:22:00,125.25,125.25,125.25,125.25,150,20125,131.47,125.0,126.05
15288,2021-03-17 13:23:00,124.65,124.65,124.65,124.65,25,0,131.46,121.85,123.1
15289,2021-03-17 13:24:00,123.35,123.35,123.35,123.35,25,20100,131.45,120.95,122.85
15290,2021-03-17 13:25:00,121.1,121.1,121.1,121.1,75,20100,131.43,118.25,119.6
15291,2021-03-17 13:26:00,121.1,121.1,121.1,121.1,75,20100,131.43,118.25,119.6
15292,2021-03-17 13:27:00,121.1,121.1,121.1,121.1,75,20100,131.43,118.25,119.6
15293,2021-03-17 13:28:00,121.1,121.1,121.1,121.1,75,20100,131.43,118.25,119.6
15294,2021-03-17 13:29:00,120.8,120.8,120.8,120.8,25,19975,131.42,120.15,121.7
15295,2021-03-17 13:30:00,120.85,120.85,120.85,120.85,25,19975,131.41,120.0,121.15
15296,2021-03-17 13:31:00,120.85,120.85,120.85,120.85,25,19975,131.41,120.0,121.15
15297,2021-03-17 13:32:00,124.65,124.65,124.65,124.65,300,19975,131.28,122.9,125.75
15298,2021-03-17 13:33:00,125.8,125.8,125.8,125.8,225,20000,131.25,124.45,126.95
15299,2021-03-17 13:34:00,125.8,125.8,125.8,125.8,225,20000,131.25,124.45,126.95
15300,2021-03-17 13:35:00,125.15,125.15,125.15,125.15,25,20000,131.24,124.65,126.1
15301,2021-03-17 13:36:00,124.75,124.75,124.75,124.75,75,20025,131.22,120.65,122.45
15302,2021-03-17 13:37:00,121.45,121.45,121.45,121.45,25,0,131.22,120.5,122.25
15303,2021-03-17 13:38:00,121.45,121.45,121.45,121.45,25,0,131.22,120.5,122.25
15304,2021-03-17 13:39:00,123.25,123.25,123.25,123.25,50,20025,131.2,122.8,124.6
15305,2021-03-17 13:40:00,123.25,123.25,123.25,123.25,50,20025,131.2,122.8,124.6
15306,2021-03-17 13:41:00,124.7,124.7,124.7,124.7,50,20050,131.19,123.95,125.55
15307,2021-03-17 13:42:00,124.7,124.7,124.7,124.7,50,20050,131.19,123.95,125.55
15308,2021-03-17 13:43:00,123.05,123.05,123.05,123.05,175,0,131.14,123.0,124.8
15309,2021-03-17 13:44:00,123.05,123.05,123.05,123.05,175,0,131.14,123.0,124.8
15310,2021-03-17 13:45:00,123.05,123.05,123.05,123.05,175,0,131.14,123.0,124.8
15311,2021-03-17 13:46:00,123.05,123.05,123.05,123.05,175,0,131.14,123.0,124.8
15312,2021-03-17 13:47:00,123.05,123.05,123.05,123.05,175,0,131.14,123.0,124.8
15313,2021-03-17 13:48:00,128.4,128.4,128.4,128.4,375,20125,131.06,126.7,129.1
15314,2021-03-17 13:49:00,120.55,120.55,120.55,120.55,225,20125,131.02,120.0,122.0
15315,2021-03-17 13:50:00,120.55,120.55,120.55,120.55,225,20125,131.02,120.0,122.0
15316,2021-03-17 13:51:00,114.7,114.7,114.7,114.7,300,20175,130.86,114.0,115.75
15317,2021-03-17 13:52:00,115.0,115.0,115.0,115.0,100,20175,130.8,114.8,116.0
15318,2021-03-17 13:53:00,115.0,115.0,115.0,115.0,100,20175,130.8,114.8,116.0
15319,2021-03-17 13:54:00,114.65,114.65,114.65,114.65,125,20175,130.73,113.55,114.7
15320,2021-03-17 13:55:00,117.15,117.15,117.15,117.15,125,20175,130.66,114.9,116.1
15321,2021-03-17 13:56:00,115.95,115.95,115.95,115.95,125,20175,130.6,114.55,115.6
15322,2021-03-17 13:57:00,115.95,115.95,115.95,115.95,125,20175,130.6,114.55,115.6
15323,2021-03-17 13:58:00,117.0,117.0,117.0,117.0,100,0,130.55,114.95,116.35
15324,2021-03-17 13:59:00,117.0,117.0,117.0,117.0,100,0,130.55,114.95,116.35
15325,2021-03-17 14:00:00,117.6,117.6,117.6,117.6,225,20125,130.46,117.9,119.65
15326,2021-03-17 14:01:00,117.6,117.6,117.6,117.6,225,20125,130.46,117.9,119.65
15327,2021-03-17 14:02:00,117.6,117.6,117.6,117.6,225,20125,130.46,117.9,119.65
15328,2021-03-17 14:03:00,117.45,117.45,117.45,117.45,50,0,130.44,116.7,117.95
15329,2021-03-17 14:04:00,117.45,117.45,117.45,117.45,50,0,130.44,116.7,117.95
15330,2021-03-17 14:05:00,109.0,109.0,109.0,109.0,550,20150,130.07,108.0,110.4
15331,2021-03-17 14:06:00,111.15,111.15,106.85,111.15,275,20150,129.87,111.55,112.75
15332,2021-03-17 14:07:00,111.15,111.15,106.85,111.15,275,20150,129.87,111.55,112.75
15333,2021-03-17 14:08:00,111.15,111.15,106.85,111.15,275,20150,129.87,111.55,112.75
15334,2021-03-17 14:09:00,111.8,111.8,111.8,111.8,50,20275,129.83,111.7,112.85
15335,2021-03-17 14:10:00,113.45,113.45,113.45,113.45,50,20275,129.8,111.65,112.85
15336,2021-03-17 14:11:00,113.45,113.45,113.45,113.45,50,20275,129.8,111.65,112.85
15337,2021-03-17 14:12:00,113.3,113.3,113.3,113.3,25,20300,129.79,110.8,112.0
15338,2021-03-17 14:13:00,111.2,111.2,111.2,111.2,100,20300,129.73,111.3,112.45
15339,2021-03-17 14:14:00,111.2,111.2,111.2,111.2,100,20300,129.73,111.3,112.45
15340,2021-03-17 14:15:00,111.3,111.3,111.3,111.3,50,20300,129.7,111.4,112.4
15341,2021-03-17 14:16:00,111.5,111.5,111.5,111.5,25,20275,129.68,110.15,111.15
15342,2021-03-17 14:17:00,111.0,111.0,111.0,111.0,350,20275,129.45,108.9,110.8
15343,2021-03-17 14:18:00,111.0,111.0,111.0,111.0,350,20275,129.45,108.9,110.8
15344,2021-03-17 14:19:00,111.1,111.1,111.1,111.1,400,20225,129.2,109.15,110.3
15345,2021-03-17 14:20:00,111.1,111.1,111.1,111.1,400,20225,129.2,109.15,110.3
15346,2021-03-17 14:21:00,111.1,111.1,111.1,111.1,400,20225,129.2,109.15,110.3
15347,2021-03-17 14:22:00,109.05,109.05,106.6,109.05,50,20250,129.17,108.4,109.9
15348,2021-03-17 14:23:00,109.0,109.0,109.0,109.0,125,20250,129.09,109.95,111.1
15349,2021-03-17 14:24:00,111.05,111.05,111.05,111.05,50,20250,129.05,111.35,112.65
15350,2021-03-17 14:25:00,111.05,111.05,111.05,111.05,50,20250,129.05,111.35,112.65
15351,2021-03-17 14:26:00,109.05,109.05,109.05,109.05,100,20375,128.99,109.45,110.55
15352,2021-03-17 14:27:00,112.45,112.45,112.45,112.45,75,20325,128.95,110.45,112.0
15353,2021-03-17 14:28:00,112.35,112.35,112.35,112.35,75,0,128.91,110.4,111.65
15354,2021-03-17 14:29:00,112.35,112.35,112.35,112.35,75,0,128.91,110.4,111.65
15355,2021-03-17 14:30:00,107.75,107.75,107.75,107.75,225,20325,128.77,107.5,108.95
15356,2021-03-17 14:31:00,106.0,106.0,106.0,106.0,25,20275,128.75,105.65,108.35
15357,2021-03-17 14:32:00,106.0,106.0,106.0,106.0,25,20275,128.75,105.65,108.35
15358,2021-03-17 14:33:00,107.7,107.7,107.7,107.7,100,20300,128.68,107.3,108.35
15359,2021-03-17 14:34:00,108.25,108.25,108.25,108.25,25,20300,128.66,105.95,107.3
15360,2021-03-17 14:35:00,107.9,107.9,107.9,107.9,50,20300,128.63,108.0,109.35
15361,2021-03-17 14:36:00,107.9,107.9,107.9,107.9,50,20300,128.63,108.0,109.35
15362,2021-03-17 14:37:00,107.8,107.8,107.8,107.8,225,0,128.48,108.9,110.65
15363,2021-03-17 14:38:00,107.8,107.8,107.8,107.8,225,0,128.48,108.9,110.65
15364,2021-03-17 14:39:00,105.7,105.7,105.7,105.7,600,20425,128.07,105.25,106.9
15365,2021-03-17 14:40:00,105.7,105.7,105.7,105.7,600,20425,128.07,105.25,106.9
15366,2021-03-17 14:41:00,106.0,106.0,104.25,106.0,75,20425,128.01,105.1,106.5
15367,2021-03-17 14:42:00,106.8,106.8,106.8,106.8,75,20450,127.96,105.85,106.65
15368,2021-03-17 14:43:00,109.95,109.95,109.95,109.95,125,20450,127.88,106.85,108.05
15369,2021-03-17 14:44:00,109.95,109.95,109.95,109.95,125,20450,127.88,106.85,108.05
15370,2021-03-17 14:45:00,109.3,109.3,109.3,109.3,50,0,127.85,108.3,109.35
15371,2021-03-17 14:46:00,109.3,109.3,109.3,109.3,25,20450,127.84,108.85,110.45
15372,2021-03-17 14:47:00,109.3,109.3,109.3,109.3,25,20450,127.84,108.85,110.45
15373,2021-03-17 14:48:00,109.3,109.3,109.3,109.3,25,20450,127.84,108.85,110.45
15374,2021-03-17 14:49:00,109.3,109.3,109.3,109.3,25,20450,127.84,108.85,110.45
15375,2021-03-17 14:50:00,105.1,105.1,105.1,105.1,600,20450,127.42,105.25,106.65
15376,2021-03-17 14:51:00,106.65,106.65,106.65,106.65,200,20700,127.29,105.85,107.15
15377,2021-03-17 14:52:00,107.5,107.5,107.5,107.5,175,20700,127.19,105.7,106.8
15378,2021-03-17 14:53:00,107.5,107.5,107.5,107.5,175,20700,127.19,105.7,106.8
15379,2021-03-17 14:54:00,107.5,107.5,107.5,107.5,175,20700,127.19,105.7,106.8
15380,2021-03-17 14:55:00,106.2,106.2,106.2,106.2,25,20625,127.17,104.6,106.2
15381,2021-03-17 14:56:00,106.65,106.65,106.65,106.65,25,0,127.15,104.0,105.4
15382,2021-03-17 14:57:00,106.65,106.65,106.65,106.65,25,0,127.15,104.0,105.4
15383,2021-03-17 14:58:00,106.65,106.65,106.65,106.65,25,0,127.15,104.0,105.4
15384,2021-03-17 14:59:00,107.0,107.0,107.0,107.0,125,0,127.08,107.25,108.3
15385,2021-03-17 15:00:00,107.0,107.0,107.0,107.0,50,20600,127.05,105.9,107.5
15386,2021-03-17 15:01:00,105.4,105.4,105.4,105.4,100,20600,126.98,104.6,105.8
15387,2021-03-17 15:02:00,105.4,105.4,105.4,105.4,100,20600,126.98,104.6,105.8
15388,2021-03-17 15:03:00,103.0,103.0,103.0,103.0,175,20250,126.86,102.55,104.25
15389,2021-03-17 15:04:00,100.35,100.35,99.4,100.35,525,20250,126.47,100.3,103.4
15390,2021-03-17 15:05:00,100.35,100.35,99.4,100.35,525,20250,126.47,100.3,103.4
15391,2021-03-17 15:06:00,96.0,96.0,96.0,96.0,475,20100,126.1,95.2,97.25
15392,2021-03-17 15:07:00,96.0,96.0,90.1,96.0,750,20100,125.41,95.15,96.3
15393,2021-03-17 15:08:00,96.0,96.0,90.1,96.0,750,20100,125.41,95.15,96.3
15394,2021-03-17 15:09:00,92.55,92.55,92.55,92.55,825,20125,124.72,93.25,94.45
15395,2021-03-17 15:10:00,93.3,93.3,93.3,93.3,225,20125,124.53,91.3,93.9
15396,2021-03-17 15:11:00,93.3,93.3,93.3,93.3,225,20125,124.53,91.3,93.9
15397,2021-03-17 15:12:00,94.7,94.7,94.7,94.7,175,20125,124.38,92.9,93.75
15398,2021-03-17 15:13:00,93.2,93.2,93.2,93.2,50,20050,124.34,90.65,92.45
15399,2021-03-17 15:14:00,93.2,93.2,93.2,93.2,50,20050,124.34,90.65,92.45
15400,2021-03-17 15:15:00,90.25,90.25,88.1,90.25,800,19625,123.6,90.15,91.85
15401,2021-03-17 15:16:00,92.95,92.95,92.95,92.95,175,19625,123.44,90.95,92.95
15402,2021-03-17 15:17:00,92.95,92.95,92.95,92.95,175,19625,123.44,90.95,92.95
15403,2021-03-17 15:18:00,90.05,90.05,90.05,90.05,175,19550,123.29,90.05,90.7
15404,2021-03-17 15:19:00,89.6,89.6,89.6,89.6,275,19550,123.05,88.6,89.9
15405,2021-03-17 15:20:00,89.5,89.5,89.5,89.5,25,19550,123.02,90.85,92.25
15406,2021-03-17 15:21:00,89.5,89.5,89.5,89.5,25,19550,123.02,90.85,92.25
15407,2021-03-17 15:22:00,91.2,91.2,91.2,91.2,1275,18975,121.99,89.85,91.65
15408,2021-03-17 15:23:00,90.8,90.8,90.8,90.8,175,18975,121.85,90.25,91.4
15409,2021-03-17 15:24:00,90.8,90.8,90.8,90.8,175,18975,121.85,90.25,91.4
15410,2021-03-17 15:25:00,91.1,91.1,91.1,91.1,175,18850,121.71,91.15,92.05
15411,2021-03-17 15:26:00,92.0,92.0,92.0,92.0,200,18850,121.56,92.05,92.9
15412,2021-03-17 15:27:00,90.15,90.15,90.15,90.15,150,18850,121.45,90.1,91.2
15413,2021-03-17 15:28:00,91.2,91.2,91.2,91.2,575,18900,121.01,88.1,89.2
15414,2021-03-17 15:29:00,91.2,91.2,91.2,91.2,575,18900,121.01,88.1,89.2
15415,2021-03-17 15:30:00,91.2,91.2,91.2,91.2,575,18900,121.01,88.1,89.2
15416,2021-03-18 09:15:00,109.7,109.7,100.0,102.25,450,19000,102.07,96.15,103.65
15417,2021-03-18 09:16:00,109.7,109.7,100.0,102.25,450,19000,102.07,96.15,103.65
15418,2021-03-18 09:17:00,108.95,108.95,96.0,108.95,175,19025,101.77,102.05,109.6
15419,2021-03-18 09:18:00,108.95,108.95,96.0,108.95,175,19025,101.77,102.05,109.6
15420,2021-03-18 09:19:00,106.45,109.9,106.45,106.45,275,19025,103.22,101.65,108.05
15421,2021-03-18 09:20:00,102.05,102.05,102.05,102.05,750,0,102.91,101.5,105.95
15422,2021-03-18 09:21:00,102.05,102.05,102.05,102.05,750,0,102.91,101.5,105.95
15423,2021-03-18 09:22:00,103.3,103.3,103.3,103.3,150,19325,102.95,100.95,103.75
15424,2021-03-18 09:23:00,104.05,104.05,104.05,104.05,275,19250,103.01,101.2,104.1
15425,2021-03-18 09:24:00,100.0,100.0,100.0,100.0,300,19250,102.59,96.95,99.8
15426,2021-03-18 09:25:00,100.0,100.0,100.0,100.0,300,19250,102.59,96.95,99.8
15427,2021-03-18 09:26:00,92.65,92.65,90.35,92.65,325,19250,101.57,90.7,92.95
15428,2021-03-18 09:27:00,92.65,92.65,90.35,92.65,325,19250,101.57,90.7,92.95
15429,2021-03-18 09:28:00,92.4,92.4,90.05,92.4,75,19250,101.29,91.05,91.95
15430,2021-03-18 09:29:00,94.35,94.35,94.35,94.35,425,19125,100.05,92.35,94.1
15431,2021-03-18 09:30:00,94.35,94.35,94.35,94.35,425,19125,100.05,92.35,94.1
15432,2021-03-18 09:31:00,92.25,92.25,92.25,92.25,950,19125,98.65,93.15,95.3
15433,2021-03-18 09:32:00,96.3,96.3,88.2,96.3,350,19050,98.12,95.25,96.8
15434,2021-03-18 09:33:00,96.3,96.3,88.2,96.3,350,19050,98.12,95.25,96.8
15435,2021-03-18 09:34:00,96.45,96.45,96.45,96.45,300,19050,97.91,95.05,97.1
15436,2021-03-18 09:35:00,94.35,94.35,94.35,94.35,625,18775,97.6,93.95,95.35
15437,2021-03-18 09:36:00,94.35,94.35,94.35,94.35,625,18775,97.6,93.95,95.35
15438,2021-03-18 09:37:00,97.0,97.0,97.0,97.0,925,18775,97.46,96.2,97.55
15439,2021-03-18 09:38:00,97.1,97.1,97.1,97.1,225,0,97.41,94.85,96.7
15440,2021-03-18 09:39:00,97.1,97.1,97.1,97.1,225,0,97.41,94.85,96.7
15441,2021-03-18 09:40:00,95.85,95.85,95.85,95.85,50,18925,97.39,94.95,97.2
15442,2021-03-18 09:41:00,95.5,95.5,95.5,95.5,425,18825,97.26,95.15,96.85
15443,2021-03-18 09:42:00,95.5,95.5,95.5,95.5,425,18825,97.26,95.15,96.85
15444,2021-03-18 09:43:00,95.0,95.0,95.0,95.0,275,18825,97.16,93.75,95.55
15445,2021-03-18 09:44:00,94.3,94.3,94.3,94.3,100,18725,97.13,95.5,97.05
15446,2021-03-18 09:45:00,94.3,94.3,94.3,94.3,100,18725,97.13,95.5,97.05
15447,2021-03-18 09:46:00,96.45,96.45,96.45,96.45,475,18725,97.15,95.05,96.1
15448,2021-03-18 09:47:00,96.7,96.7,96.7,96.7,225,18700,97.14,96.5,97.9
15449,2021-03-18 09:48:00,96.7,96.7,96.7,96.7,225,18700,97.14,96.5,97.9
15450,2021-03-18 09:49:00,97.8,97.8,97.8,97.8,200,18700,97.14,96.6,98.55
15451,2021-03-18 09:50:00,99.15,99.15,99.15,99.15,175,18700,97.17,96.9,97.55
15452,2021-03-18 09:51:00,99.15,99.15,99.15,99.15,175,18700,97.17,96.9,97.55
15453,2021-03-18 09:52:00,98.65,98.65,98.65,98.65,300,18600,97.21,96.7,98.3
15454,2021-03-18 09:53:00,97.8,97.8,97.8,97.8,25,0,97.21,96.9,98.0
15455,2021-03-18 09:54:00,97.8,97.8,97.8,97.8,25,0,97.21,96.9,98.0
15456,2021-03-18 09:55:00,95.6,95.6,95.6,95.6,175,18400,97.19,94.1,95.1
15457,2021-03-18 09:56:00,95.6,95.6,95.6,95.6,175,18400,97.19,94.1,95.1
15458,2021-03-18 09:57:00,94.45,94.45,94.45,94.45,350,18500,97.1,94.05,94.8
15459,2021-03-18 09:58:00,92.6,92.6,92.6,92.6,1725,18500,96.47,92.3,93.8
15460,2021-03-18 09:59:00,93.45,93.45,93.45,93.45,975,19775,96.12,92.55,93.95
15461,2021-03-18 10:00:00,93.45,93.45,93.45,93.45,975,19775,96.12,92.55,93.95
15462,2021-03-18 10:01:00,91.9,91.9,91.9,91.9,250,19775,96.02,91.0,92.15
15463,2021-03-18 10:02:00,90.65,90.65,90.65,90.65,225,19775,95.93,90.2,91.5
15464,2021-03-18 10:03:00,90.65,90.65,90.65,90.65,225,19775,95.93,90.2,91.5
15465,2021-03-18 10:04:00,90.7,90.7,90.7,90.7,25,19825,95.91,89.85,91.2
15466,2021-03-18 10:05:00,92.8,92.8,92.8,92.8,75,0,95.89,93.6,94.85
15467,2021-03-18 10:06:00,92.8,92.8,92.8,92.8,75,0,95.89,93.6,94.85
15468,2021-03-18 10:07:00,91.85,91.85,91.85,91.85,125,19750,95.85,90.55,92.15
15469,2021-03-18 10:08:00,95.45,95.45,95.45,95.45,125,19750,95.84,93.45,95.0
15470,2021-03-18 10:09:00,92.45,92.45,92.45,92.45,25,19775,95.84,91.8,92.8
15471,2021-03-18 10:10:00,92.45,92.45,92.45,92.45,25,19775,95.84,91.8,92.8
15472,2021-03-18 10:11:00,90.75,90.75,90.75,90.75,200,19775,95.76,88.7,89.95
15473,2021-03-18 10:12:00,88.0,88.0,87.25,88.0,175,19775,95.66,86.9,88.0
15474,2021-03-18 10:13:00,88.0,88.0,87.25,88.0,175,19775,95.66,86.9,88.0
15475,2021-03-18 10:14:00,88.25,88.25,86.35,88.25,400,0,95.43,88.65,90.15
15476,2021-03-18 10:15:00,88.25,88.25,86.35,88.25,400,0,95.43,88.65,90.15
15477,2021-03-18 10:16:00,88.25,88.25,86.35,88.25,400,0,95.43,88.65,90.15
15478,2021-03-18 10:17:00,90.0,90.0,90.0,90.0,100,20025,95.39,89.25,90.0
15479,2021-03-18 10:18:00,88.9,88.9,88.9,88.9,250,20025,95.28,88.25,88.95
15480,2021-03-18 10:19:00,88.9,88.9,88.9,88.9,250,20025,95.28,88.25,88.95
15481,2021-03-18 10:20:00,88.5,88.5,88.5,88.5,125,20325,95.22,87.5,88.0
15482,2021-03-18 10:21:00,86.5,86.5,86.5,86.5,650,20325,94.9,86.0,87.15
15483,2021-03-18 10:22:00,87.35,87.35,87.35,87.35,75,20325,94.86,86.35,87.3
15484,2021-03-18 10:23:00,87.35,87.35,87.35,87.35,75,20325,94.86,86.35,87.3
15485,2021-03-18 10:24:00,89.1,89.1,89.1,89.1,750,20300,94.53,88.9,89.95
15486,2021-03-18 10:25:00,88.4,88.4,88.4,88.4,2475,20300,93.79,87.95,89.5
15487,2021-03-18 10:26:00,88.4,88.4,88.4,88.4,2475,20300,93.79,87.95,89.5
15488,2021-03-18 10:27:00,83.0,83.0,82.0,83.0,2600,21650,92.43,82.35,83.0
15489,2021-03-18 10:28:00,82.75,82.75,81.65,82.75,425,21650,92.24,82.35,83.2
15490,2021-03-18 10:29:00,82.75,82.75,81.65,82.75,425,21650,92.24,82.35,83.2
15491,2021-03-18 10:30:00,85.65,85.65,85.65,85.65,375,22750,92.1,84.65,85.9
15492,2021-03-18 10:31:00,82.5,82.5,81.4,82.5,375,22750,91.94,81.15,82.35
15493,2021-03-18 10:32:00,82.5,82.5,81.4,82.5,375,22750,91.94,81.15,82.35
15494,2021-03-18 10:33:00,79.6,79.6,79.6,79.6,25,22700,91.92,78.85,80.25
15495,2021-03-18 10:34:00,79.6,79.6,79.6,79.6,25,22700,91.92,78.85,80.25
15496,2021-03-18 10:35:00,76.7,76.7,76.7,76.7,575,22650,91.56,75.95,77.05
15497,2021-03-18 10:36:00,76.0,76.0,75.65,76.0,550,22650,91.2,75.75,76.6
15498,2021-03-18 10:37:00,76.0,76.0,75.65,76.0,550,22650,91.2,75.75,76.6
15499,2021-03-18 10:38:00,77.35,77.35,77.35,77.35,100,22650,91.13,76.75,77.85
15500,2021-03-18 10:39:00,77.35,77.35,77.35,77.35,100,22650,91.13,76.75,77.85
15501,2021-03-18 10:40:00,77.35,77.35,77.35,77.35,100,22650,91.13,76.75,77.85
15502,2021-03-18 10:41:00,72.45,72.45,72.35,72.45,225,22425,90.96,71.65,72.5
15503,2021-03-18 10:42:00,72.45,72.45,72.35,72.45,225,22425,90.96,71.65,72.5
15504,2021-03-18 10:43:00,70.8,70.8,69.25,70.8,725,22425,90.35,70.7,71.8
15505,2021-03-18 10:44:00,73.0,73.0,73.0,73.0,200,22425,90.21,72.2,73.25
15506,2021-03-18 10:45:00,73.0,73.0,73.0,73.0,200,22425,90.21,72.2,73.25
15507,2021-03-18 10:46:00,76.75,76.75,76.75,76.75,175,22300,90.1,76.95,78.3
15508,2021-03-18 10:47:00,76.75,76.75,76.75,76.75,175,22300,90.1,76.95,78.3
15509,2021-03-18 10:48:00,77.95,77.95,77.95,77.95,100,22250,90.05,77.85,78.8
15510,2021-03-18 10:49:00,79.5,79.5,79.5,79.5,275,22250,89.93,78.6,79.7
15511,2021-03-18 10:50:00,79.5,79.5,79.5,79.5,275,22250,89.93,78.6,79.7
15512,2021-03-18 10:51:00,81.7,81.7,81.7,81.7,275,22200,89.84,81.45,82.7
15513,2021-03-18 10:52:00,81.0,81.0,81.0,81.0,500,22200,89.66,80.05,81.0
15514,2021-03-18 10:53:00,81.0,81.0,81.0,81.0,500,22200,89.66,80.05,81.0
15515,2021-03-18 10:54:00,79.75,79.75,79.75,79.75,450,22325,89.5,79.15,80.2
15516,2021-03-18 10:55:00,79.75,79.75,79.75,79.75,450,22325,89.5,79.15,80.2
15517,2021-03-18 10:56:00,78.55,78.55,78.55,78.55,350,22325,89.36,78.25,79.35
15518,2021-03-18 10:57:00,77.05,77.05,77.05,77.05,125,22225,89.3,76.4,77.45
15519,2021-03-18 10:58:00,77.05,77.05,77.05,77.05,125,22225,89.3,76.4,77.45
15520,2021-03-18 10:59:00,77.6,77.6,77.6,77.6,25,22225,89.29,75.65,76.7
15521,2021-03-18 11:00:00,76.35,76.35,76.35,76.35,100,22125,89.24,76.35,77.3
15522,2021-03-18 11:01:00,76.35,76.35,76.35,76.35,100,22125,89.24,76.35,77.3
15523,2021-03-18 11:02:00,77.1,77.1,77.1,77.1,50,22125,89.22,76.55,77.0
15524,2021-03-18 11:03:00,78.0,78.0,78.0,78.0,250,22150,89.12,78.0,78.9
15525,2021-03-18 11:04:00,78.0,78.0,78.0,78.0,250,22150,89.12,78.0,78.9
15526,2021-03-18 11:05:00,78.2,78.2,78.2,78.2,75,22150,89.09,77.0,77.9
15527,2021-03-18 11:06:00,76.65,76.65,76.65,76.65,225,22150,88.99,75.95,76.9
15528,2021-03-18 11:07:00,76.65,76.65,76.65,76.65,225,22150,88.99,75.95,76.9
15529,2021-03-18 11:08:00,77.0,77.0,77.0,77.0,50,22150,88.97,76.75,77.9
15530,2021-03-18 11:09:00,77.7,77.7,77.7,77.7,50,22075,88.94,76.75,77.95
15531,2021-03-18 11:10:00,77.7,77.7,77.7,77.7,50,22075,88.94,76.75,77.95
15532,2021-03-18 11:11:00,76.85,76.85,76.85,76.85,325,22025,88.81,76.4,77.25
15533,2021-03-18 11:12:00,76.1,76.1,76.1,76.1,100,22025,88.77,74.9,75.65
15534,2021-03-18 11:13:00,76.1,76.1,76.1,76.1,100,22025,88.77,74.9,75.65
15535,2021-03-18 11:14:00,75.15,75.15,75.15,75.15,50,22025,88.74,74.65,75.55
15536,2021-03-18 11:15:00,75.5,75.5,75.5,75.5,350,22125,88.57,75.3,76.15
15537,2021-03-18 11:16:00,77.4,77.4,77.4,77.4,100,22125,88.53,77.4,78.15
15538,2021-03-18 11:17:00,77.4,77.4,77.4,77.4,100,22125,88.53,77.4,78.15
15539,2021-03-18 11:18:00,78.25,78.25,78.25,78.25,200,22150,88.46,77.5,78.5
15540,2021-03-18 11:19:00,78.0,78.0,78.0,78.0,25,22150,88.45,77.8,78.8
15541,2021-03-18 11:20:00,78.0,78.0,78.0,78.0,25,22150,88.45,77.8,78.8
15542,2021-03-18 11:21:00,76.3,76.3,76.3,76.3,75,22150,88.42,75.4,76.4
15543,2021-03-18 11:22:00,77.95,77.95,77.95,77.95,425,22150,88.25,75.7,76.55
15544,2021-03-18 11:23:00,76.25,76.25,76.25,76.25,100,22150,88.21,75.1,76.15
15545,2021-03-18 11:24:00,76.25,76.25,76.25,76.25,100,22150,88.21,75.1,76.15
15546,2021-03-18 11:25:00,76.0,76.0,76.0,76.0,350,22275,88.06,75.4,76.0
15547,2021-03-18 11:26:00,76.95,76.95,76.95,76.95,350,22275,87.92,75.25,76.05
15548,2021-03-18 11:27:00,74.95,74.95,74.95,74.95,175,22350,87.85,74.65,75.65
15549,2021-03-18 11:28:00,74.95,74.95,74.95,74.95,175,22350,87.85,74.65,75.65
15550,2021-03-18 11:29:00,75.65,75.65,75.65,75.65,25,0,87.84,75.45,76.6
15551,2021-03-18 11:30:00,75.95,75.95,75.95,75.95,50,22350,87.82,75.3,76.1
15552,2021-03-18 11:31:00,75.95,75.95,75.95,75.95,50,22350,87.82,75.3,76.1
15553,2021-03-18 11:32:00,76.8,76.8,76.8,76.8,200,22350,87.74,76.15,76.95
15554,2021-03-18 11:33:00,76.9,76.9,76.9,76.9,75,22300,87.72,76.05,77.15
15555,2021-03-18 11:34:00,76.9,76.9,76.9,76.9,75,22300,87.72,76.05,77.15
15556,2021-03-18 11:35:00,76.0,76.0,76.0,76.0,100,22300,87.68,74.85,75.65
15557,2021-03-18 11:36:00,75.15,75.15,75.15,75.15,50,22325,87.66,73.95,74.8
15558,2021-03-18 11:37:00,75.15,75.15,75.15,75.15,50,22325,87.66,73.95,74.8
15559,2021-03-18 11:38:00,74.45,74.45,74.45,74.45,50,22325,87.64,74.4,75.3
15560,2021-03-18 11:39:00,75.25,75.25,75.25,75.25,150,22350,87.58,74.35,75.05
15561,2021-03-18 11:40:00,71.6,71.6,71.6,71.6,425,22350,87.39,71.95,73.0
15562,2021-03-18 11:41:00,71.6,71.6,71.6,71.6,425,22350,87.39,71.95,73.0
15563,2021-03-18 11:42:00,70.55,70.55,68.6,70.55,175,22250,87.3,69.5,70.35
15564,2021-03-18 11:43:00,70.55,70.55,68.6,70.55,175,22250,87.3,69.5,70.35
15565,2021-03-18 11:44:00,72.55,72.55,72.55,72.55,50,22250,87.28,71.95,72.85
15566,2021-03-18 11:45:00,72.35,72.35,72.35,72.35,25,22275,87.26,71.8,72.5
15567,2021-03-18 11:46:00,72.1,72.1,72.1,72.1,50,22275,87.24,71.85,72.95
15568,2021-03-18 11:47:00,72.1,72.1,72.1,72.1,50,22275,87.24,71.85,72.95
15569,2021-03-18 11:48:00,72.1,72.1,72.1,72.1,25,0,87.23,72.8,73.7
15570,2021-03-18 11:49:00,72.1,72.1,72.1,72.1,25,0,87.23,72.8,73.7
15571,2021-03-18 11:50:00,72.1,72.1,72.1,72.1,25,0,87.23,72.8,73.7
15572,2021-03-18 11:51:00,74.8,74.8,74.8,74.8,125,22300,87.18,74.1,74.85
15573,2021-03-18 11:52:00,73.95,73.95,73.95,73.95,275,0,87.07,73.9,75.3
15574,2021-03-18 11:53:00,76.85,76.85,76.85,76.85,100,22300,87.04,76.2,77.2
15575,2021-03-18 11:54:00,76.85,76.85,76.85,76.85,100,22300,87.04,76.2,77.2
15576,2021-03-18 11:55:00,75.25,75.25,75.25,75.25,75,22350,87.01,75.85,77.0
15577,2021-03-18 11:56:00,76.9,76.9,76.9,76.9,125,22350,86.97,75.65,76.65
15578,2021-03-18 11:57:00,76.05,76.05,76.05,76.05,100,22325,86.94,75.2,76.1
15579,2021-03-18 11:58:00,76.05,76.05,76.05,76.05,100,22325,86.94,75.2,76.1
15580,2021-03-18 11:59:00,76.55,76.55,76.55,76.55,75,22325,86.91,76.3,77.15
15581,2021-03-18 12:00:00,78.65,78.65,78.65,78.65,225,22325,86.85,78.05,78.9
15582,2021-03-18 12:01:00,78.65,78.65,78.65,78.65,225,22325,86.85,78.05,78.9
15583,2021-03-18 12:02:00,75.2,75.2,75.2,75.2,200,0,86.79,74.5,75.4
15584,2021-03-18 12:03:00,75.2,75.2,75.2,75.2,200,0,86.79,74.5,75.4
15585,2021-03-18 12:04:00,74.35,74.35,74.35,74.35,100,22350,86.75,73.0,74.3
15586,2021-03-18 12:05:00,74.35,74.35,74.35,74.35,100,22350,86.75,73.0,74.3
15587,2021-03-18 12:06:00,73.65,73.65,73.65,73.65,150,22400,86.69,73.25,74.2
15588,2021-03-18 12:07:00,74.55,74.55,74.55,74.55,75,22400,86.66,74.3,75.25
15589,2021-03-18 12:08:00,74.95,74.95,74.95,74.95,25,22400,86.66,74.25,75.0
15590,2021-03-18 12:09:00,74.95,74.95,74.95,74.95,25,22400,86.66,74.25,75.0
15591,2021-03-18 12:10:00,75.35,75.35,75.35,75.35,25,22400,86.65,74.5,75.9
15592,2021-03-18 12:11:00,77.35,77.35,77.35,77.35,500,22400,86.51,76.9,77.95
15593,2021-03-18 12:12:00,80.55,80.55,80.55,80.55,175,22350,86.47,78.7,79.95
15594,2021-03-18 12:13:00,80.55,80.55,80.55,80.55,175,22350,86.47,78.7,79.95
15595,2021-03-18 12:14:00,77.65,77.65,77.65,77.65,125,22350,86.44,77.7,78.5
15596,2021-03-18 12:15:00,79.3,79.3,79.3,79.3,175,22350,86.41,78.05,79.3
15597,2021-03-18 12:16:00,78.3,78.3,78.3,78.3,100,22350,86.39,77.3,78.5
15598,2021-03-18 12:17:00,78.3,78.3,78.3,78.3,100,22350,86.39,77.3,78.5
15599,2021-03-18 12:18:00,79.0,79.0,79.0,79.0,125,0,86.36,77.7,78.65
15600,2021-03-18 12:19:00,76.1,76.1,76.1,76.1,100,22450,86.33,73.3,75.75
15601,2021-03-18 12:20:00,73.5,73.5,73.5,73.5,225,22450,86.25,72.75,73.5
15602,2021-03-18 12:21:00,73.5,73.5,73.5,73.5,225,22450,86.25,72.75,73.5
15603,2021-03-18 12:22:00,75.5,75.5,75.5,75.5,275,22600,86.16,74.45,75.3
15604,2021-03-18 12:23:00,75.25,75.25,75.25,75.25,275,22600,86.07,74.75,75.85
15605,2021-03-18 12:24:00,75.2,75.2,75.2,75.2,400,22850,85.95,74.6,75.7
15606,2021-03-18 12:25:00,75.2,75.2,75.2,75.2,400,22850,85.95,74.6,75.7
15607,2021-03-18 12:26:00,75.2,75.2,75.2,75.2,400,22850,85.95,74.6,75.7
15608,2021-03-18 12:27:00,75.25,75.25,75.25,75.25,100,22900,85.92,74.2,74.95
15609,2021-03-18 12:28:00,75.6,75.6,75.6,75.6,200,22900,85.86,75.05,75.9
15610,2021-03-18 12:29:00,75.6,75.6,75.6,75.6,200,22900,85.86,75.05,75.9
15611,2021-03-18 12:30:00,73.85,73.85,73.85,73.85,25,22850,85.85,74.6,75.3
15612,2021-03-18 12:31:00,74.3,74.3,74.3,74.3,250,22850,85.77,73.7,74.5
15613,2021-03-18 12:32:00,72.3,72.3,72.3,72.3,325,22850,85.65,71.4,72.5
15614,2021-03-18 12:33:00,72.3,72.3,72.3,72.3,325,22850,85.65,71.4,72.5
15615,2021-03-18 12:34:00,72.65,72.65,72.65,72.65,225,22925,85.57,72.6,73.6
15616,2021-03-18 12:35:00,72.7,72.7,72.7,72.7,25,22925,85.56,71.7,72.65
15617,2021-03-18 12:36:00,73.2,73.2,73.2,73.2,75,22925,85.54,72.35,73.25
15618,2021-03-18 12:37:00,73.2,73.2,73.2,73.2,75,22925,85.54,72.35,73.25
15619,2021-03-18 12:38:00,72.35,72.35,72.35,72.35,25,0,85.53,72.85,73.5
15620,2021-03-18 12:39:00,72.35,72.35,72.35,72.35,25,0,85.53,72.85,73.5
15621,2021-03-18 12:40:00,72.8,72.8,72.8,72.8,50,22900,85.51,72.75,73.45
15622,2021-03-18 12:41:00,74.25,74.25,74.25,74.25,100,22900,85.48,72.9,74.5
15623,2021-03-18 12:42:00,74.25,74.25,74.25,74.25,100,22900,85.48,72.9,74.5
15624,2021-03-18 12:43:00,73.0,73.0,73.0,73.0,75,22925,85.46,72.15,72.95
15625,2021-03-18 12:44:00,73.75,73.75,73.75,73.75,100,22925,85.42,72.55,73.3
15626,2021-03-18 12:45:00,73.85,73.85,73.85,73.85,50,0,85.41,72.4,73.1
15627,2021-03-18 12:46:00,73.05,73.05,73.05,73.05,25,22875,85.4,72.6,73.5
15628,2021-03-18 12:47:00,73.05,73.05,73.05,73.05,25,22875,85.4,72.6,73.5
15629,2021-03-18 12:48:00,73.7,73.7,73.7,73.7,25,0,85.39,74.0,75.1
15630,2021-03-18 12:49:00,73.7,73.7,73.7,73.7,25,0,85.39,74.0,75.1
15631,2021-03-18 12:50:00,72.65,72.65,72.65,72.65,75,22850,85.37,72.1,72.8
15632,2021-03-18 12:51:00,71.85,71.85,71.85,71.85,75,0,85.34,73.25,74.15
15633,2021-03-18 12:52:00,71.85,71.85,71.85,71.85,75,0,85.34,73.25,74.15
15634,2021-03-18 12:53:00,71.0,71.0,71.0,71.0,75,22875,85.31,70.8,71.65
15635,2021-03-18 12:54:00,71.0,71.0,71.0,71.0,75,22875,85.31,70.8,71.65
15636,2021-03-18 12:55:00,71.0,71.0,71.0,71.0,75,22875,85.31,70.8,71.65
15637,2021-03-18 12:56:00,71.0,71.0,71.0,71.0,75,22875,85.31,70.8,71.65
15638,2021-03-18 12:57:00,71.0,71.0,71.0,71.0,75,22875,85.31,70.8,71.65
15639,2021-03-18 12:58:00,69.4,69.4,69.4,69.4,450,0,85.13,69.45,70.4
15640,2021-03-18 12:59:00,69.65,69.65,69.65,69.65,50,22875,85.1,69.55,70.75
15641,2021-03-18 13:00:00,65.0,65.0,64.9,65.0,700,22825,84.76,63.65,65.2
15642,2021-03-18 13:01:00,65.0,65.0,64.9,65.0,700,22825,84.76,63.65,65.2
15643,2021-03-18 13:02:00,65.7,65.7,64.45,65.7,375,22825,84.57,65.0,65.65
15644,2021-03-18 13:03:00,63.7,63.7,63.7,63.7,200,22400,84.47,63.1,64.45
15645,2021-03-18 13:04:00,62.45,62.45,61.7,62.45,425,22400,84.24,61.0,62.2
15646,2021-03-18 13:05:00,62.45,62.45,61.7,62.45,425,22400,84.24,61.0,62.2
15647,2021-03-18 13:06:00,64.1,64.1,61.2,64.1,200,22350,84.14,63.1,63.95
15648,2021-03-18 13:07:00,60.0,60.0,60.0,60.0,100,22350,84.08,59.1,60.5
15649,2021-03-18 13:08:00,60.0,60.0,60.0,60.0,100,22350,84.08,59.1,60.5
15650,2021-03-18 13:09:00,62.65,62.65,59.1,62.65,300,22400,83.92,62.25,63.05
15651,2021-03-18 13:10:00,60.75,60.75,60.75,60.75,250,22400,83.78,59.4,60.15
15652,2021-03-18 13:11:00,60.75,60.75,60.75,60.75,250,22400,83.78,59.4,60.15
15653,2021-03-18 13:12:00,56.95,56.95,56.95,56.95,175,22450,83.67,55.8,57.25
15654,2021-03-18 13:13:00,57.25,57.25,53.3,57.25,1250,22450,82.81,56.1,57.25
15655,2021-03-18 13:14:00,57.25,57.25,53.3,57.25,1250,22450,82.81,56.1,57.25
15656,2021-03-18 13:15:00,57.0,57.0,57.0,57.0,425,22575,82.55,56.65,57.5
15657,2021-03-18 13:16:00,56.05,56.05,56.05,56.05,900,22575,82.02,53.4,55.2
15658,2021-03-18 13:17:00,56.05,56.05,56.05,56.05,900,22575,82.02,53.4,55.2
15659,2021-03-18 13:18:00,52.15,52.15,49.4,52.15,1025,21950,81.3,51.05,51.65
15660,2021-03-18 13:19:00,51.15,51.15,51.15,51.15,2175,21950,79.91,50.2,51.9
15661,2021-03-18 13:20:00,51.15,51.15,51.15,51.15,2175,21950,79.91,50.2,51.9
15662,2021-03-18 13:21:00,51.3,51.3,51.3,51.3,900,22050,79.35,50.1,51.45
15663,2021-03-18 13:22:00,54.0,54.0,54.0,54.0,1375,22050,78.57,53.2,54.25
15664,2021-03-18 13:23:00,51.85,51.85,51.85,51.85,2150,22050,77.56,51.6,52.15
15665,2021-03-18 13:24:00,51.85,51.85,51.85,51.85,2150,22050,77.56,51.6,52.15
15666,2021-03-18 13:25:00,51.05,51.05,51.05,51.05,100,21675,77.51,51.05,51.45
15667,2021-03-18 13:26:00,51.25,51.25,48.0,51.25,1925,21675,76.52,51.35,52.2
15668,2021-03-18 13:27:00,51.25,51.25,48.0,51.25,1925,21675,76.52,51.35,52.2
15669,2021-03-18 13:28:00,52.15,52.15,52.15,52.15,150,21550,76.45,52.35,53.1
15670,2021-03-18 13:29:00,56.65,56.65,56.65,56.65,500,21550,76.26,55.35,55.95
15671,2021-03-18 13:30:00,56.65,56.65,56.65,56.65,500,21550,76.26,55.35,55.95
15672,2021-03-18 13:31:00,51.0,51.0,51.0,51.0,400,21475,76.08,51.15,52.15
15673,2021-03-18 13:32:00,51.8,51.8,51.8,51.8,550,21475,75.85,51.15,52.5
15674,2021-03-18 13:33:00,51.8,51.8,51.8,51.8,550,21475,75.85,51.15,52.5
15675,2021-03-18 13:34:00,53.7,53.7,53.7,53.7,600,21400,75.59,53.65,54.95
15676,2021-03-18 13:35:00,54.85,54.85,54.85,54.85,825,21400,75.28,53.95,54.9
15677,2021-03-18 13:36:00,54.85,54.85,54.85,54.85,825,21400,75.28,53.95,54.9
15678,2021-03-18 13:37:00,52.95,52.95,52.95,52.95,500,21575,75.09,53.0,54.25
15679,2021-03-18 13:38:00,50.5,50.5,50.5,50.5,550,21575,74.86,50.75,51.65
15680,2021-03-18 13:39:00,50.5,50.5,50.5,50.5,550,21575,74.86,50.75,51.65
15681,2021-03-18 13:40:00,50.45,50.45,50.45,50.45,150,21700,74.8,50.8,51.9
15682,2021-03-18 13:41:00,51.9,51.9,51.9,51.9,200,21700,74.72,51.1,52.35
15683,2021-03-18 13:42:00,51.9,51.9,51.9,51.9,200,21700,74.72,51.1,52.35
15684,2021-03-18 13:43:00,52.6,52.6,52.6,52.6,250,21700,74.62,53.85,54.7
15685,2021-03-18 13:44:00,53.55,53.55,53.55,53.55,150,21700,74.57,52.25,52.9
15686,2021-03-18 13:45:00,53.55,53.55,53.55,53.55,150,21700,74.57,52.25,52.9
15687,2021-03-18 13:46:00,55.5,55.5,55.5,55.5,2725,21750,73.62,54.55,55.45
15688,2021-03-18 13:47:00,55.5,55.5,55.5,55.5,250,21750,73.54,55.2,56.05
15689,2021-03-18 13:48:00,55.5,55.5,55.5,55.5,250,21750,73.54,55.2,56.05
15690,2021-03-18 13:49:00,54.85,54.85,54.85,54.85,150,21750,73.5,54.4,55.25
15691,2021-03-18 13:50:00,57.1,57.1,57.1,57.1,50,21750,73.48,56.45,57.15
15692,2021-03-18 13:51:00,56.7,56.7,56.7,56.7,125,21625,73.45,56.1,57.05
15693,2021-03-18 13:52:00,55.75,55.75,55.75,55.75,100,21625,73.42,55.55,56.45
15694,2021-03-18 13:53:00,55.75,55.75,55.75,55.75,100,21625,73.42,55.55,56.45
15695,2021-03-18 13:54:00,56.45,56.45,56.45,56.45,25,21650,73.41,55.15,56.3
15696,2021-03-18 13:55:00,55.8,55.8,55.8,55.8,100,21650,73.38,54.8,55.55
15697,2021-03-18 13:56:00,55.45,55.45,55.45,55.45,50,21650,73.37,54.65,55.35
15698,2021-03-18 13:57:00,52.85,52.85,52.85,52.85,1525,21525,72.93,52.55,53.15
15699,2021-03-18 13:58:00,52.85,52.85,52.85,52.85,1525,21525,72.93,52.55,53.15
15700,2021-03-18 13:59:00,51.7,51.7,51.7,51.7,150,21525,72.88,51.2,52.25
15701,2021-03-18 14:00:00,51.7,51.7,51.7,51.7,150,21525,72.88,51.2,52.25
15702,2021-03-18 14:01:00,51.55,51.55,51.55,51.55,1175,21500,72.48,51.35,52.2
15703,2021-03-18 14:02:00,51.65,51.65,51.65,51.65,475,21500,72.33,52.0,53.2
15704,2021-03-18 14:03:00,51.65,51.65,51.65,51.65,475,21500,72.33,52.0,53.2
15705,2021-03-18 14:04:00,51.3,51.3,51.3,51.3,525,21800,72.17,51.65,52.2
15706,2021-03-18 14:05:00,52.6,52.6,52.6,52.6,3150,21800,71.27,51.8,52.1
15707,2021-03-18 14:06:00,52.6,52.6,52.6,52.6,3150,21800,71.27,51.8,52.1
15708,2021-03-18 14:07:00,51.95,51.95,51.95,51.95,850,23925,71.03,52.1,52.7
15709,2021-03-18 14:08:00,53.75,53.75,53.75,53.75,2425,23925,70.44,53.1,53.85
15710,2021-03-18 14:09:00,53.75,53.75,53.75,53.75,2425,23925,70.44,53.1,53.85
15711,2021-03-18 14:10:00,53.4,53.4,53.4,53.4,450,24525,70.34,53.25,53.95
15712,2021-03-18 14:11:00,54.55,54.55,54.55,54.55,175,24525,70.3,54.75,55.45
15713,2021-03-18 14:12:00,54.55,54.55,54.55,54.55,175,24525,70.3,54.75,55.45
15714,2021-03-18 14:13:00,53.85,53.85,53.85,53.85,1225,24400,70.03,52.75,53.6
15715,2021-03-18 14:14:00,51.35,51.35,51.35,51.35,375,24400,69.94,51.7,52.8
15716,2021-03-18 14:15:00,51.35,51.35,51.35,51.35,375,24400,69.94,51.7,52.8
15717,2021-03-18 14:16:00,52.85,52.85,52.85,52.85,1375,24700,69.66,52.15,52.85
15718,2021-03-18 14:17:00,52.85,52.85,52.85,52.85,1375,24700,69.66,52.15,52.85
15719,2021-03-18 14:18:00,53.1,53.1,53.1,53.1,150,24300,69.63,53.15,53.85
15720,2021-03-18 14:19:00,52.7,52.7,52.7,52.7,425,24300,69.53,52.75,53.35
15721,2021-03-18 14:20:00,53.1,53.1,53.1,53.1,325,24300,69.46,53.25,54.15
15722,2021-03-18 14:21:00,53.1,53.1,53.1,53.1,325,24300,69.46,53.25,54.15
15723,2021-03-18 14:22:00,53.1,53.1,53.1,53.1,1775,24600,69.08,52.25,52.85
15724,2021-03-18 14:23:00,53.0,53.0,53.0,53.0,75,24600,69.07,53.05,53.75
15725,2021-03-18 14:24:00,53.0,53.0,53.0,53.0,75,24600,69.07,53.05,53.75
15726,2021-03-18 14:25:00,53.0,53.0,53.0,53.0,75,24600,69.07,53.05,53.75
15727,2021-03-18 14:26:00,51.95,51.95,51.95,51.95,200,24425,69.03,51.45,52.05
15728,2021-03-18 14:27:00,51.95,51.95,51.95,51.95,200,24425,69.03,51.45,52.05
15729,2021-03-18 14:28:00,52.7,52.7,52.7,52.7,150,24425,68.99,52.4,53.15
15730,2021-03-18 14:29:00,52.15,52.15,52.15,52.15,425,24425,68.9,52.0,52.65
15731,2021-03-18 14:30:00,53.7,53.7,53.7,53.7,350,23650,68.84,52.75,53.6
15732,2021-03-18 14:31:00,53.7,53.7,53.7,53.7,350,23650,68.84,52.75,53.6
15733,2021-03-18 14:32:00,53.35,53.35,53.35,53.35,350,23650,68.77,53.55,54.05
15734,2021-03-18 14:33:00,53.35,53.35,53.35,53.35,350,23650,68.77,53.55,54.05
15735,2021-03-18 14:34:00,54.5,54.5,54.5,54.5,175,23575,68.74,54.05,54.4
15736,2021-03-18 14:35:00,52.95,52.95,52.95,52.95,225,23575,68.7,53.3,53.9
15737,2021-03-18 14:36:00,54.15,54.15,54.15,54.15,275,23550,68.65,54.4,55.1
15738,2021-03-18 14:37:00,54.15,54.15,54.15,54.15,275,23550,68.65,54.4,55.1
15739,2021-03-18 14:38:00,54.15,54.15,54.15,54.15,175,23550,68.62,54.15,54.9
15740,2021-03-18 14:39:00,54.15,54.15,54.15,54.15,25,0,68.61,53.15,53.8
15741,2021-03-18 14:40:00,54.15,54.15,54.15,54.15,25,0,68.61,53.15,53.8
15742,2021-03-18 14:41:00,53.75,53.75,53.75,53.75,175,23475,68.58,54.05,54.75
15743,2021-03-18 14:42:00,52.05,52.05,52.05,52.05,400,23500,68.5,51.0,51.3
15744,2021-03-18 14:43:00,49.0,49.0,49.0,49.0,525,23500,68.38,48.05,48.55
15745,2021-03-18 14:44:00,49.0,49.0,49.0,49.0,525,23500,68.38,48.05,48.55
15746,2021-03-18 14:45:00,45.45,45.45,44.55,45.45,950,23775,68.12,45.05,45.7
15747,2021-03-18 14:46:00,44.65,44.65,44.65,44.65,300,23775,68.03,44.35,44.9
15748,2021-03-18 14:47:00,45.75,45.75,45.75,45.75,400,23775,67.92,45.45,46.1
15749,2021-03-18 14:48:00,45.75,45.75,45.75,45.75,400,23775,67.92,45.45,46.1
15750,2021-03-18 14:49:00,47.3,47.3,47.3,47.3,150,24375,67.88,46.4,47.15
15751,2021-03-18 14:50:00,45.9,45.9,45.9,45.9,300,24375,67.8,46.45,47.0
15752,2021-03-18 14:51:00,45.95,45.95,45.95,45.95,150,24275,67.77,45.65,46.25
15753,2021-03-18 14:52:00,45.7,45.7,45.7,45.7,50,24275,67.75,47.4,48.1
15754,2021-03-18 14:53:00,47.45,47.45,47.45,47.45,200,24275,67.7,46.5,46.85
15755,2021-03-18 14:54:00,46.6,46.6,46.6,46.6,425,24475,67.6,46.5,47.1
15756,2021-03-18 14:55:00,46.6,46.6,46.6,46.6,425,24475,67.6,46.5,47.1
15757,2021-03-18 14:56:00,46.1,46.1,46.1,46.1,150,24475,67.56,46.5,47.1
15758,2021-03-18 14:57:00,46.9,46.9,46.9,46.9,375,24425,67.47,47.5,47.95
15759,2021-03-18 14:58:00,46.55,46.55,46.55,46.55,250,24425,67.41,46.25,46.8
15760,2021-03-18 14:59:00,46.55,46.55,46.55,46.55,250,24425,67.41,46.25,46.8
15761,2021-03-18 15:00:00,46.1,46.1,46.1,46.1,625,24575,67.26,46.3,46.6
15762,2021-03-18 15:01:00,41.35,41.35,41.35,41.35,350,24575,67.16,41.55,42.15
15763,2021-03-18 15:02:00,43.7,43.7,43.7,43.7,150,24575,67.12,43.55,44.0
15764,2021-03-18 15:03:00,43.7,43.7,43.7,43.7,150,24575,67.12,43.55,44.0
15765,2021-03-18 15:04:00,43.85,43.85,43.85,43.85,400,24725,67.01,43.7,44.0
15766,2021-03-18 15:05:00,43.15,43.15,43.15,43.15,175,24725,66.96,41.65,42.1
15767,2021-03-18 15:06:00,42.95,42.95,40.95,42.95,200,24650,66.91,42.5,43.0
15768,2021-03-18 15:07:00,42.95,42.95,40.95,42.95,200,24650,66.91,42.5,43.0
15769,2021-03-18 15:08:00,43.35,43.35,43.35,43.35,750,24650,66.7,43.4,44.0
15770,2021-03-18 15:09:00,44.0,44.0,44.0,44.0,175,24150,66.66,44.05,44.35
15771,2021-03-18 15:10:00,44.65,44.65,44.65,44.65,325,24150,66.57,44.6,45.1
15772,2021-03-18 15:11:00,44.65,44.65,44.65,44.65,325,24150,66.57,44.6,45.1
15773,2021-03-18 15:12:00,46.35,46.35,46.35,46.35,225,23900,66.52,46.2,46.55
15774,2021-03-18 15:13:00,47.1,47.1,47.1,47.1,900,23900,66.32,46.9,47.45
15775,2021-03-18 15:14:00,47.1,47.1,47.1,47.1,900,23900,66.32,46.9,47.45
15776,2021-03-18 15:15:00,46.95,46.95,46.95,46.95,275,23875,66.26,46.6,47.25
15777,2021-03-18 15:16:00,46.0,46.0,46.0,46.0,175,23875,66.22,46.0,46.2
15778,2021-03-18 15:17:00,45.7,45.7,45.7,45.7,200,23875,66.18,45.35,45.65
15779,2021-03-18 15:18:00,45.7,45.7,45.7,45.7,200,23875,66.18,45.35,45.65
15780,2021-03-18 15:19:00,44.35,44.35,44.35,44.35,1025,23550,65.94,44.35,44.85
15781,2021-03-18 15:20:00,45.25,45.25,45.25,45.25,100,23550,65.92,44.65,45.35
15782,2021-03-18 15:21:00,45.25,45.25,45.25,45.25,100,23550,65.92,44.65,45.35
15783,2021-03-18 15:22:00,44.75,44.75,44.75,44.75,200,23600,65.87,44.3,44.85
15784,2021-03-18 15:23:00,42.8,42.8,42.8,42.8,2300,23600,65.31,42.8,43.0
15785,2021-03-18 15:24:00,43.5,43.5,43.5,43.5,625,23675,65.17,43.4,43.5
15786,2021-03-18 15:25:00,43.5,43.5,43.5,43.5,625,23675,65.17,43.4,43.5
15787,2021-03-18 15:26:00,42.95,42.95,42.95,42.95,4350,23675,64.2,42.85,43.1
15788,2021-03-18 15:27:00,42.75,42.75,42.75,42.75,5150,28525,63.14,42.55,42.95
15789,2021-03-18 15:28:00,42.75,42.75,42.75,42.75,5150,28525,63.14,42.55,42.95
15790,2021-03-18 15:29:00,42.75,42.75,42.75,42.75,5150,28525,63.14,42.55,42.95
15791,2021-03-18 15:30:00,41.45,41.45,41.45,41.45,1150,28525,62.91,41.8,42.1
15792,2021-03-19 09:15:00,29.55,35.9,21.2,35.1,4425,26200,33.43,31.2,34.5
15793,2021-03-19 09:16:00,33.7,38.85,33.7,36.55,2050,26200,33.68,35.05,37.15
15794,2021-03-19 09:17:00,35.95,36.6,33.0,35.05,2400,28675,34.1,34.85,35.65
15795,2021-03-19 09:18:00,35.2,35.65,32.7,35.65,8975,28675,33.93,35.25,35.5
15796,2021-03-19 09:19:00,36.0,36.05,35.0,35.45,5925,28675,34.23,35.25,35.45
15797,2021-03-19 09:20:00,35.65,37.8,35.25,37.1,6750,30825,34.83,36.85,37.15
15798,2021-03-19 09:21:00,37.05,37.2,36.0,36.0,4025,30825,35.05,35.75,36.1
15799,2021-03-19 09:22:00,36.2,37.1,35.75,36.2,2275,30825,35.13,35.65,36.1
15800,2021-03-19 09:23:00,35.75,36.0,35.4,35.95,925,35100,35.14,35.75,36.05
15801,2021-03-19 09:24:00,36.15,36.15,35.5,36.05,975,35100,35.16,35.7,36.0
15802,2021-03-19 09:25:00,35.95,36.15,35.35,35.75,1700,35100,35.19,36.05,36.3
15803,2021-03-19 09:26:00,35.85,36.8,35.2,35.2,1550,34975,35.22,35.45,35.75
15804,2021-03-19 09:27:00,35.15,35.15,32.5,32.55,5600,34975,35.06,32.3,32.55
15805,2021-03-19 09:28:00,32.75,33.35,32.35,32.95,1775,34975,34.97,32.75,33.1
15806,2021-03-19 09:29:00,32.85,33.8,32.55,33.8,1500,35175,34.92,33.45,33.7
15807,2021-03-19 09:30:00,33.6,33.85,32.65,33.85,2050,35175,34.86,33.55,33.8
15808,2021-03-19 09:31:00,33.8,34.1,33.35,33.4,2650,35175,34.81,33.1,33.65
15809,2021-03-19 09:32:00,33.25,33.9,33.25,33.3,3600,36550,34.73,33.4,33.65
15810,2021-03-19 09:33:00,33.55,33.95,33.3,33.65,2825,36550,34.68,33.75,33.95
15811,2021-03-19 09:34:00,34.0,34.8,33.7,34.45,4100,36550,34.66,34.1,34.45
15812,2021-03-19 09:35:00,34.4,35.65,34.0,35.5,4150,40675,34.65,35.15,35.45
15813,2021-03-19 09:36:00,35.65,35.95,34.05,34.5,1900,40675,34.66,34.65,34.95
15814,2021-03-19 09:37:00,34.6,34.7,33.5,34.7,3000,40675,34.63,34.75,35.05
15815,2021-03-19 09:38:00,34.9,35.0,34.4,34.4,825,42025,34.63,34.25,34.4
15816,2021-03-19 09:39:00,34.5,35.0,33.75,34.05,5850,42025,34.62,34.05,34.25
15817,2021-03-19 09:40:00,34.05,35.15,33.9,34.35,2275,42025,34.61,34.35,34.6
15818,2021-03-19 09:41:00,34.35,34.6,33.55,34.6,1625,41750,34.6,34.15,34.4
15819,2021-03-19 09:42:00,34.2,34.9,33.7,34.3,1850,41750,34.59,33.95,34.3
15820,2021-03-19 09:43:00,34.65,34.65,33.8,34.45,4625,41750,34.58,34.35,34.7
15821,2021-03-19 09:44:00,34.9,35.05,34.5,34.55,4300,45750,34.59,34.35,34.65
15822,2021-03-19 09:45:00,34.45,34.8,34.15,34.3,1300,45750,34.59,34.4,34.65
15823,2021-03-19 09:46:00,34.6,35.55,34.5,35.25,1275,45750,34.6,35.4,35.65
15824,2021-03-19 09:47:00,35.15,35.9,34.65,35.75,1425,45675,34.6,35.55,35.95
15825,2021-03-19 09:48:00,35.65,36.7,35.65,36.2,375,45675,34.61,36.2,36.5
15826,2021-03-19 09:49:00,36.8,36.9,34.9,35.15,1150,45675,34.62,35.4,35.7
15827,2021-03-19 09:50:00,35.5,36.45,35.5,36.45,175,45625,34.63,36.6,36.9
15828,2021-03-19 09:51:00,37.0,37.15,36.2,36.5,975,45625,34.64,36.35,36.7
15829,2021-03-19 09:52:00,36.8,36.8,36.2,36.75,2375,45625,34.68,36.25,36.65
15830,2021-03-19 09:53:00,36.8,38.1,36.8,37.8,1825,48400,34.73,37.55,37.8
15831,2021-03-19 09:54:00,38.1,39.0,36.85,37.6,2650,48400,34.8,37.45,37.65
15832,2021-03-19 09:55:00,37.55,39.5,37.55,38.3,1575,48400,34.86,38.95,39.2
15833,2021-03-19 09:56:00,38.8,38.8,36.5,37.3,4425,47975,34.95,37.25,37.6
15834,2021-03-19 09:57:00,37.3,38.35,37.05,38.35,975,47975,34.97,38.15,38.45
15835,2021-03-19 09:58:00,38.1,38.35,36.85,37.8,950,47975,35.0,37.45,37.75
15836,2021-03-19 09:59:00,37.65,38.55,36.95,38.55,675,50350,35.01,38.2,38.55
15837,2021-03-19 10:00:00,38.8,39.0,37.8,37.8,1550,50350,35.06,37.5,37.85
15838,2021-03-19 10:01:00,38.35,38.35,36.05,36.65,1225,50350,35.08,36.6,36.95
15839,2021-03-19 10:02:00,37.1,38.0,37.1,37.55,675,51600,35.09,37.4,37.75
15840,2021-03-19 10:03:00,38.1,40.2,38.1,39.4,2650,51600,35.18,39.55,39.9
15841,2021-03-19 10:04:00,39.9,40.5,38.75,39.15,2050,51600,35.25,39.1,39.55
15842,2021-03-19 10:05:00,39.1,39.15,38.15,38.7,2600,52275,35.32,38.85,39.15
15843,2021-03-19 10:06:00,38.85,40.15,38.35,40.0,2475,52275,35.4,40.05,40.4
15844,2021-03-19 10:07:00,40.45,42.45,40.15,42.35,3950,52275,35.57,42.1,42.5
15845,2021-03-19 10:08:00,42.35,42.35,40.0,41.0,5700,52275,35.8,41.2,41.45
15846,2021-03-19 10:09:00,41.45,42.1,40.95,42.1,1500,52275,35.86,42.45,42.75
15847,2021-03-19 10:10:00,42.55,42.65,40.25,40.25,2050,52275,35.94,40.05,40.4
15848,2021-03-19 10:11:00,40.3,40.35,39.15,39.15,600,52150,35.96,39.0,39.25
15849,2021-03-19 10:12:00,39.1,40.85,39.1,40.3,1300,52150,35.99,40.25,40.75
15850,2021-03-19 10:13:00,41.0,41.05,40.0,40.0,3100,52150,36.09,40.25,40.6
15851,2021-03-19 10:14:00,40.0,40.5,40.0,40.2,350,48675,36.1,40.1,40.4
15852,2021-03-19 10:15:00,40.35,41.35,39.95,41.05,2250,48675,36.17,40.4,40.8
15853,2021-03-19 10:16:00,40.25,40.25,37.55,37.75,1250,48675,36.19,37.25,37.6
15854,2021-03-19 10:17:00,38.45,38.95,38.0,38.95,1575,48075,36.22,38.65,38.95
15855,2021-03-19 10:18:00,38.95,39.1,37.85,38.2,600,48075,36.22,37.75,38.1
15856,2021-03-19 10:19:00,37.75,37.75,36.95,37.35,1675,48075,36.23,36.95,37.35
15857,2021-03-19 10:20:00,37.35,37.35,34.45,35.05,3700,47450,36.22,34.8,35.15
15858,2021-03-19 10:21:00,35.05,36.45,34.5,36.25,850,47450,36.21,36.25,36.55
15859,2021-03-19 10:22:00,36.3,36.3,35.75,35.95,200,47450,36.21,36.25,36.6
15860,2021-03-19 10:23:00,36.2,37.25,36.2,37.25,400,49550,36.21,36.95,37.45
15861,2021-03-19 10:24:00,37.25,41.0,37.25,40.35,575,49550,36.23,40.2,40.65
15862,2021-03-19 10:25:00,41.75,43.65,41.75,42.35,3350,49550,36.34,41.8,42.1
15863,2021-03-19 10:26:00,41.95,41.95,40.1,40.1,1400,48750,36.38,39.85,40.3
15864,2021-03-19 10:27:00,41.25,41.4,40.9,40.95,525,48750,36.39,40.3,40.65
15865,2021-03-19 10:28:00,40.3,40.3,39.5,39.5,1975,48750,36.43,39.65,39.85
15866,2021-03-19 10:29:00,39.15,39.6,38.55,39.6,275,48750,36.44,39.55,39.95
15867,2021-03-19 10:30:00,40.05,40.9,39.7,40.35,550,48750,36.45,40.3,40.6
15868,2021-03-19 10:31:00,40.3,40.6,37.45,37.45,1700,48750,36.47,37.4,37.75
15869,2021-03-19 10:32:00,37.7,38.35,37.2,38.3,350,48475,36.48,38.05,38.4
15870,2021-03-19 10:33:00,38.3,38.55,38.2,38.5,150,48475,36.48,38.45,38.85
15871,2021-03-19 10:34:00,39.4,40.0,38.9,39.25,275,48475,36.48,38.95,39.3
15872,2021-03-19 10:35:00,40.25,40.95,39.95,39.95,500,49050,36.49,39.75,40.2
15873,2021-03-19 10:36:00,39.8,40.5,38.45,38.45,1075,49050,36.51,38.4,39.0
15874,2021-03-19 10:37:00,38.45,38.75,38.45,38.75,75,49050,36.51,39.1,39.4
15875,2021-03-19 10:38:00,39.85,39.85,39.1,39.25,150,48750,36.52,39.1,39.5
15876,2021-03-19 10:39:00,39.25,39.95,39.25,39.95,300,48750,36.52,39.4,39.95
15877,2021-03-19 10:40:00,39.85,40.0,39.7,40.0,550,48750,36.53,39.65,40.15
15878,2021-03-19 10:41:00,39.6,39.6,38.45,38.7,600,48850,36.54,38.45,38.9
15879,2021-03-19 10:42:00,38.4,38.95,38.05,38.8,725,48850,36.55,38.45,38.85
15880,2021-03-19 10:43:00,38.7,38.7,38.0,38.45,2200,48850,36.57,38.45,38.75
15881,2021-03-19 10:44:00,37.8,37.8,37.0,37.5,225,48250,36.57,37.15,37.5
15882,2021-03-19 10:45:00,37.15,37.15,36.15,37.1,1075,48250,36.57,36.8,37.2
15883,2021-03-19 10:46:00,37.2,37.2,35.85,36.35,375,48250,36.57,36.0,36.35
15884,2021-03-19 10:47:00,37.0,38.35,37.0,38.35,275,48025,36.57,38.2,38.55
15885,2021-03-19 10:48:00,38.55,40.45,38.55,40.45,400,48025,36.58,40.25,40.6
15886,2021-03-19 10:49:00,40.25,41.0,39.55,40.0,1400,48025,36.61,39.65,40.0
15887,2021-03-19 10:50:00,39.55,39.8,38.5,38.5,825,48225,36.62,38.4,38.75
15888,2021-03-19 10:51:00,38.8,38.8,37.6,38.2,700,48225,36.63,38.15,38.55
15889,2021-03-19 10:52:00,38.6,39.25,38.6,38.95,950,48225,36.64,38.5,38.85
15890,2021-03-19 10:53:00,38.9,39.65,38.4,39.2,875,49000,36.65,38.95,39.25
15891,2021-03-19 10:54:00,39.2,39.8,38.8,39.6,2475,49000,36.68,39.35,39.6
15892,2021-03-19 10:55:00,39.6,40.65,38.75,38.75,3200,49000,36.73,39.15,39.45
15893,2021-03-19 10:56:00,39.35,39.35,37.8,38.2,450,51750,36.74,37.8,38.25
15894,2021-03-19 10:57:00,38.35,38.35,37.0,37.7,550,51750,36.74,37.8,38.2
15895,2021-03-19 10:58:00,38.7,38.8,38.7,38.8,2125,51750,36.76,38.9,39.25
15896,2021-03-19 10:59:00,39.25,40.5,39.25,40.5,275,50800,36.77,40.3,40.7
15897,2021-03-19 11:00:00,42.2,44.2,41.85,43.4,2900,50800,36.86,43.05,43.5
15898,2021-03-19 11:01:00,43.0,43.65,42.2,43.65,1175,50800,36.89,43.35,43.65
15899,2021-03-19 11:02:00,43.65,43.8,42.2,43.8,1450,50100,36.93,43.6,43.95
15900,2021-03-19 11:03:00,43.4,48.1,43.4,47.0,2825,50100,37.06,46.95,47.45
15901,2021-03-19 11:04:00,47.35,47.9,46.0,47.9,1625,50100,37.13,48.15,48.55
15902,2021-03-19 11:05:00,48.95,52.15,48.35,50.35,5550,48875,37.47,50.0,50.5
15903,2021-03-19 11:06:00,50.0,50.25,47.25,48.1,3075,48875,37.63,47.9,48.35
15904,2021-03-19 11:07:00,48.1,48.7,46.65,47.55,1900,48875,37.72,47.6,47.95
15905,2021-03-19 11:08:00,47.6,50.0,47.6,49.5,4625,48825,37.96,49.15,49.35
15906,2021-03-19 11:09:00,49.15,49.15,47.0,47.55,3450,48825,38.12,47.15,47.45
15907,2021-03-19 11:10:00,47.15,48.4,47.15,48.15,975,48825,38.16,47.85,48.3
15908,2021-03-19 11:11:00,48.05,49.4,47.55,48.7,1650,48925,38.23,48.55,49.05
15909,2021-03-19 11:12:00,49.0,50.05,48.8,49.3,6900,48925,38.57,48.9,49.4
15910,2021-03-19 11:13:00,49.1,49.55,48.6,48.6,750,48925,38.61,48.3,48.65
15911,2021-03-19 11:14:00,48.9,49.05,47.25,48.15,1000,47550,38.65,47.9,48.35
15912,2021-03-19 11:15:00,48.5,49.0,46.55,46.55,1400,47550,38.7,46.05,46.2
15913,2021-03-19 11:16:00,46.0,46.0,41.25,41.25,5275,47550,38.81,40.9,41.25
15914,2021-03-19 11:17:00,41.35,41.8,39.45,41.15,8200,48025,38.89,41.05,41.25
15915,2021-03-19 11:18:00,41.35,41.85,38.85,38.85,2200,48025,38.9,38.45,38.85
15916,2021-03-19 11:19:00,38.45,42.0,38.25,42.0,1975,48025,38.91,41.35,41.95
15917,2021-03-19 11:20:00,41.35,42.25,39.4,39.95,1150,48175,38.92,39.3,39.55
15918,2021-03-19 11:21:00,39.45,40.35,38.85,40.35,650,48175,38.92,40.65,40.9
15919,2021-03-19 11:22:00,40.9,41.3,38.85,38.85,1675,48175,38.93,39.05,39.4
15920,2021-03-19 11:23:00,39.0,39.7,38.35,38.9,7875,53225,38.94,38.85,39.25
15921,2021-03-19 11:24:00,39.0,39.6,38.05,38.05,1100,53225,38.94,38.05,38.35
15922,2021-03-19 11:25:00,38.0,38.0,36.0,36.0,2450,53225,38.92,35.7,36.05
15923,2021-03-19 11:26:00,35.85,37.5,35.25,37.45,1450,53600,38.91,37.35,37.65
15924,2021-03-19 11:27:00,37.2,38.4,37.2,38.4,325,53600,38.9,38.2,38.6
15925,2021-03-19 11:28:00,38.7,39.65,38.7,39.65,1300,53600,38.9,39.8,40.3
15926,2021-03-19 11:29:00,39.9,39.9,38.45,38.7,325,53600,38.91,38.55,38.85
15927,2021-03-19 11:30:00,38.25,38.5,37.65,37.95,550,52775,38.9,38.25,38.6
15928,2021-03-19 11:31:00,38.15,38.6,37.85,38.1,400,52775,38.9,38.05,38.4
15929,2021-03-19 11:32:00,38.1,38.4,37.5,37.5,375,52825,38.9,37.45,37.85
15930,2021-03-19 11:33:00,37.35,38.2,36.9,37.85,400,52825,38.9,37.75,38.15
15931,2021-03-19 11:34:00,38.0,38.25,37.5,37.5,475,52825,38.9,37.75,37.95
15932,2021-03-19 11:35:00,37.95,37.95,35.9,36.55,850,52825,38.89,36.5,36.75
15933,2021-03-19 11:36:00,36.4,37.2,36.25,36.8,950,52825,38.88,36.7,37.05
15934,2021-03-19 11:37:00,36.9,38.75,36.9,38.25,875,52825,38.88,37.95,38.3
15935,2021-03-19 11:38:00,38.3,38.95,37.15,37.3,850,53100,38.88,36.95,37.35
15936,2021-03-19 11:39:00,37.1,37.4,36.6,37.0,800,53100,38.87,37.15,37.45
15937,2021-03-19 11:40:00,37.0,37.55,36.55,36.55,1250,53100,38.86,36.55,36.8
15938,2021-03-19 11:41:00,36.7,36.85,34.4,34.8,725,53100,38.85,34.85,35.3
15939,2021-03-19 11:42:00,34.85,34.85,33.35,33.4,625,53000,38.84,33.45,33.7
15940,2021-03-19 11:43:00,33.45,34.35,33.35,33.5,625,53000,38.83,33.95,34.2
15941,2021-03-19 11:44:00,33.95,34.1,32.95,34.1,4400,55275,38.74,34.0,34.25
15942,2021-03-19 11:45:00,33.95,34.75,32.6,32.85,1925,55275,38.71,32.8,33.05
15943,2021-03-19 11:46:00,32.35,32.8,32.05,32.8,1600,55275,38.68,32.6,33.05
15944,2021-03-19 11:47:00,33.0,33.6,32.55,33.6,1925,55275,38.64,33.5,33.8
15945,2021-03-19 11:48:00,33.65,34.1,33.65,33.65,1175,55100,38.62,33.05,33.4
15946,2021-03-19 11:49:00,33.55,35.0,33.55,35.0,950,55100,38.61,34.6,34.95
15947,2021-03-19 11:50:00,34.5,34.95,33.9,34.55,975,55100,38.59,34.55,35.0
15948,2021-03-19 11:51:00,34.75,35.0,34.1,34.1,525,55150,38.59,34.1,34.4
15949,2021-03-19 11:52:00,34.45,35.0,34.4,34.7,3175,55150,38.55,34.45,34.8
15950,2021-03-19 11:53:00,34.15,34.75,34.15,34.6,2450,55150,38.51,34.4,34.6
15951,2021-03-19 11:54:00,34.6,36.0,34.55,35.05,2025,56075,38.49,35.0,35.3
15952,2021-03-19 11:55:00,35.15,35.9,35.15,35.75,150,56075,38.49,35.05,35.3
15953,2021-03-19 11:56:00,35.0,35.0,33.4,33.4,2300,56075,38.46,33.35,33.55
15954,2021-03-19 11:57:00,33.35,33.75,33.0,33.75,4525,56725,38.38,33.5,33.8
15955,2021-03-19 11:58:00,33.65,34.25,33.65,34.25,200,56725,38.38,34.2,34.6
15956,2021-03-19 11:59:00,34.1,34.6,33.9,34.05,300,56725,38.38,34.05,34.5
15957,2021-03-19 12:00:00,33.95,34.2,33.95,34.2,125,57300,38.38,33.7,34.0
15958,2021-03-19 12:01:00,34.35,34.35,33.3,33.6,1725,57300,38.35,33.3,33.6
15959,2021-03-19 12:02:00,33.6,33.6,32.9,32.9,475,57300,38.34,32.95,33.2
15960,2021-03-19 12:03:00,32.95,32.95,31.4,31.4,600,57425,38.33,31.25,31.7
15961,2021-03-19 12:04:00,31.8,32.05,31.5,31.5,425,57425,38.32,31.5,31.9
15962,2021-03-19 12:05:00,31.45,32.5,31.45,32.15,2300,57425,38.28,32.05,32.15
15963,2021-03-19 12:06:00,32.05,32.85,32.05,32.85,975,57200,38.26,32.35,32.8
15964,2021-03-19 12:07:00,32.25,32.5,32.0,32.0,275,57200,38.25,31.9,32.2
15965,2021-03-19 12:08:00,32.2,32.2,30.55,30.75,2325,57200,38.2,30.7,31.0
15966,2021-03-19 12:09:00,31.1,31.2,30.75,31.0,2400,58475,38.15,30.75,30.9
15967,2021-03-19 12:10:00,30.55,30.55,29.25,29.6,7225,58475,37.97,29.65,29.85
15968,2021-03-19 12:11:00,29.6,30.0,29.2,29.7,1400,58475,37.93,29.6,29.8
15969,2021-03-19 12:12:00,29.85,29.85,29.2,29.5,925,59050,37.91,29.2,29.45
15970,2021-03-19 12:13:00,29.25,29.25,27.9,27.9,1650,59050,37.86,27.95,28.2
15971,2021-03-19 12:14:00,27.9,28.95,27.6,28.6,850,59050,37.84,28.55,28.9
15972,2021-03-19 12:15:00,28.45,28.9,28.25,28.9,925,58750,37.81,28.65,28.95
15973,2021-03-19 12:16:00,28.55,28.8,27.7,27.7,350,58750,37.8,27.6,27.95
15974,2021-03-19 12:17:00,27.85,28.75,27.4,28.75,1475,58750,37.76,28.65,28.95
15975,2021-03-19 12:18:00,28.95,30.75,28.95,30.75,2400,58425,37.7,30.35,30.75
15976,2021-03-19 12:19:00,30.8,31.0,30.5,30.5,1500,58425,37.67,30.55,30.8
15977,2021-03-19 12:20:00,30.8,31.65,30.6,31.35,2975,58425,37.61,31.6,31.9
15978,2021-03-19 12:21:00,32.05,32.05,30.5,30.55,1050,59400,37.59,30.65,30.85
15979,2021-03-19 12:22:00,30.45,30.6,29.1,29.15,1075,59400,37.57,29.0,29.25
15980,2021-03-19 12:23:00,29.15,29.95,28.85,29.95,3575,59400,37.48,30.15,30.45
15981,2021-03-19 12:24:00,30.1,30.4,29.95,30.0,650,58375,37.47,29.6,29.95
15982,2021-03-19 12:25:00,30.35,31.35,30.35,31.05,2325,58375,37.43,30.75,31.15
15983,2021-03-19 12:26:00,31.05,31.3,30.55,31.25,1900,58375,37.39,30.75,31.2
15984,2021-03-19 12:27:00,30.95,31.65,30.95,31.35,525,60725,37.38,31.3,31.7
15985,2021-03-19 12:28:00,31.45,32.75,31.45,32.65,1525,60725,37.36,32.55,32.9
15986,2021-03-19 12:29:00,33.0,33.0,32.0,32.0,1450,60725,37.34,31.55,31.8
15987,2021-03-19 12:30:00,31.75,31.95,30.65,30.65,550,60550,37.33,30.45,30.75
15988,2021-03-19 12:31:00,30.55,31.1,30.4,30.85,700,60550,37.32,30.45,30.75
15989,2021-03-19 12:32:00,30.45,31.8,30.45,31.8,775,60550,37.31,31.15,31.55
15990,2021-03-19 12:33:00,31.1,31.35,30.65,30.7,525,61475,37.3,30.25,30.7
15991,2021-03-19 12:34:00,30.25,31.2,30.25,31.05,1725,61475,37.27,30.6,30.9
15992,2021-03-19 12:35:00,31.05,32.35,31.05,32.35,750,61475,37.26,32.0,32.3
15993,2021-03-19 12:36:00,32.85,34.4,32.8,34.25,1750,61375,37.24,33.8,34.2
15994,2021-03-19 12:37:00,34.45,34.5,33.05,33.05,2275,61375,37.22,32.75,33.15
15995,2021-03-19 12:38:00,32.6,33.15,32.6,33.15,875,61375,37.21,33.2,33.6
15996,2021-03-19 12:39:00,33.25,33.3,33.05,33.3,200,61275,37.21,33.05,33.4
15997,2021-03-19 12:40:00,34.0,34.0,33.5,33.5,100,61275,37.21,33.45,33.75
15998,2021-03-19 12:41:00,33.5,33.7,31.85,31.95,525,61275,37.2,31.6,32.0
15999,2021-03-19 12:42:00,31.4,31.4,29.65,29.95,725,61300,37.19,29.75,30.1
16000,2021-03-19 12:43:00,29.9,30.35,29.6,29.75,775,61300,37.17,29.7,29.9
16001,2021-03-19 12:44:00,29.75,30.7,29.6,29.85,1625,61300,37.14,30.2,30.5
16002,2021-03-19 12:45:00,29.85,30.0,29.65,29.95,175,62250,37.14,29.4,29.8
16003,2021-03-19 12:46:00,30.05,30.35,29.75,30.35,600,62250,37.13,30.15,30.35
16004,2021-03-19 12:47:00,30.45,30.9,30.35,30.75,400,62250,37.12,30.45,30.85
16005,2021-03-19 12:48:00,31.15,31.5,30.65,30.65,150,62225,37.12,30.6,30.95
16006,2021-03-19 12:49:00,30.95,31.5,30.9,31.5,400,62225,37.11,31.35,31.5
16007,2021-03-19 12:50:00,31.5,31.6,31.25,31.4,2750,62225,37.07,31.1,31.4
16008,2021-03-19 12:51:00,31.35,31.45,31.05,31.45,250,63225,37.07,31.25,31.55
16009,2021-03-19 12:52:00,31.6,31.6,30.9,31.35,300,63225,37.06,31.35,31.55
16010,2021-03-19 12:53:00,31.6,33.0,31.4,32.4,225,63225,37.06,32.15,32.5
16011,2021-03-19 12:54:00,32.05,32.6,31.9,32.05,175,63025,37.06,31.95,32.15
16012,2021-03-19 12:55:00,31.75,31.8,31.0,31.8,875,63025,37.04,31.5,31.8
16013,2021-03-19 12:56:00,30.75,31.15,30.75,31.0,675,63025,37.03,30.9,31.25
16014,2021-03-19 12:57:00,31.05,31.05,31.05,31.05,25,62925,37.03,30.15,30.4
16015,2021-03-19 12:58:00,30.15,30.55,29.9,30.1,1275,62925,37.01,30.15,30.45
16016,2021-03-19 12:59:00,30.05,30.2,30.05,30.2,250,62925,37.0,29.95,30.35
16017,2021-03-19 13:00:00,30.5,30.7,30.0,30.65,2900,62500,36.95,30.2,30.7
16018,2021-03-19 13:01:00,30.55,31.25,30.55,31.0,1075,62500,36.94,31.05,31.35
16019,2021-03-19 13:02:00,30.75,31.75,30.75,31.75,1450,62500,36.92,31.25,31.6
16020,2021-03-19 13:03:00,30.9,30.9,30.55,30.55,450,63675,36.91,30.5,30.75
16021,2021-03-19 13:04:00,30.1,30.3,30.0,30.3,475,63675,36.9,30.3,30.5
16022,2021-03-19 13:05:00,30.25,30.4,29.95,30.2,1225,63675,36.88,30.1,30.35
16023,2021-03-19 13:06:00,30.15,30.3,30.15,30.3,225,63675,36.88,30.45,30.95
16024,2021-03-19 13:07:00,30.0,30.5,30.0,30.5,525,64100,36.87,30.05,30.25
16025,2021-03-19 13:08:00,30.1,30.1,29.8,29.95,850,64100,36.85,29.7,30.0
16026,2021-03-19 13:09:00,30.0,31.1,30.0,30.45,575,64275,36.84,30.6,30.95
16027,2021-03-19 13:10:00,31.1,31.25,30.6,31.25,1450,64275,36.82,31.25,31.5
16028,2021-03-19 13:11:00,31.4,31.4,30.75,30.9,575,64275,36.81,30.85,31.15
16029,2021-03-19 13:12:00,31.15,31.4,30.7,31.25,1350,63350,36.79,31.2,31.6
16030,2021-03-19 13:13:00,31.15,32.25,31.15,31.45,1175,63350,36.78,31.3,31.55
16031,2021-03-19 13:14:00,32.2,32.2,31.6,31.6,450,63350,36.77,31.35,31.8
16032,2021-03-19 13:15:00,32.5,33.0,32.5,32.95,625,63825,36.77,32.9,33.2
16033,2021-03-19 13:16:00,32.85,32.85,31.6,31.6,225,63825,36.76,31.3,31.6
16034,2021-03-19 13:17:00,31.4,31.4,30.75,30.85,1175,63825,36.75,30.6,30.85
16035,2021-03-19 13:18:00,30.8,33.45,30.8,33.15,2350,64550,36.72,32.95,33.45
16036,2021-03-19 13:19:00,33.35,33.35,32.75,33.0,375,64550,36.72,32.4,32.8
16037,2021-03-19 13:20:00,33.15,34.55,32.55,34.3,1000,64550,36.71,34.1,34.5
16038,2021-03-19 13:21:00,34.2,36.75,33.6,36.1,2525,63950,36.7,35.4,35.85
16039,2021-03-19 13:22:00,35.3,37.45,35.3,36.55,700,63950,36.7,36.35,36.8
16040,2021-03-19 13:23:00,37.0,37.9,36.0,36.0,3325,63950,36.71,35.5,36.0
16041,2021-03-19 13:24:00,36.0,36.0,34.95,35.35,775,63650,36.7,35.6,35.9
16042,2021-03-19 13:25:00,36.0,36.5,35.35,35.35,675,63650,36.7,35.05,35.4
16043,2021-03-19 13:26:00,35.05,36.25,35.0,36.25,425,63650,36.7,35.95,36.3
16044,2021-03-19 13:27:00,36.45,38.5,36.45,37.5,1175,63900,36.7,37.45,38.05
16045,2021-03-19 13:28:00,37.75,37.75,36.0,36.4,500,63900,36.7,35.95,36.25
16046,2021-03-19 13:29:00,35.95,35.95,35.15,35.15,450,63900,36.7,34.8,35.3
16047,2021-03-19 13:30:00,34.2,34.2,30.2,31.05,4750,64425,36.65,30.45,30.95
16048,2021-03-19 13:31:00,31.05,33.9,31.0,33.9,3075,64425,36.61,34.55,34.9
16049,2021-03-19 13:32:00,34.9,37.7,34.9,36.95,675,64425,36.61,36.35,36.85
16050,2021-03-19 13:33:00,36.35,37.4,36.35,36.85,800,63900,36.61,36.45,36.8
16051,2021-03-19 13:34:00,36.9,38.8,36.9,37.75,2875,63900,36.62,38.15,38.6
16052,2021-03-19 13:35:00,38.7,38.7,36.6,37.4,1900,63900,36.62,36.8,37.2
16053,2021-03-19 13:36:00,37.35,38.55,37.35,38.05,3075,64675,36.63,37.7,38.1
16054,2021-03-19 13:37:00,38.3,38.3,37.15,37.9,650,64675,36.63,37.5,37.95
16055,2021-03-19 13:38:00,37.4,38.3,36.75,38.3,1000,64675,36.63,38.2,38.65
16056,2021-03-19 13:39:00,38.25,40.2,37.3,38.4,2875,64775,36.65,37.95,38.35
16057,2021-03-19 13:40:00,38.5,39.75,37.8,37.8,2650,64775,36.66,37.6,38.05
16058,2021-03-19 13:41:00,37.6,38.25,35.95,36.25,3950,64775,36.66,36.05,36.5
16059,2021-03-19 13:42:00,36.5,36.5,32.8,33.45,4825,66000,36.64,33.25,33.6
16060,2021-03-19 13:43:00,33.6,34.8,32.7,34.8,2250,66000,36.62,34.35,34.65
16061,2021-03-19 13:44:00,34.55,35.95,34.25,35.05,3275,66000,36.61,34.7,35.15
16062,2021-03-19 13:45:00,34.5,34.5,33.15,34.35,2825,66350,36.6,34.1,34.45
16063,2021-03-19 13:46:00,34.8,35.6,34.6,34.9,150,66350,36.6,34.55,34.9
16064,2021-03-19 13:47:00,35.3,36.95,35.3,35.65,2725,66350,36.59,35.4,35.75
16065,2021-03-19 13:48:00,35.6,35.9,35.55,35.65,150,66650,36.59,35.3,35.6
16066,2021-03-19 13:49:00,35.5,35.9,35.2,35.9,1050,66650,36.59,35.5,35.85
16067,2021-03-19 13:50:00,35.45,36.95,35.45,36.8,1500,66650,36.59,36.45,36.95
16068,2021-03-19 13:51:00,36.0,37.15,35.85,37.15,2875,65325,36.59,36.45,36.75
16069,2021-03-19 13:52:00,36.3,36.85,36.3,36.8,550,65325,36.59,37.1,37.6
16070,2021-03-19 13:53:00,37.85,37.85,36.3,36.3,825,65325,36.59,36.2,36.55
16071,2021-03-19 13:54:00,36.7,36.7,34.55,34.9,2900,64450,36.58,34.5,34.9
16072,2021-03-19 13:55:00,35.1,35.1,35.0,35.0,100,64450,36.58,34.6,35.15
16073,2021-03-19 13:56:00,35.15,36.6,34.75,36.6,975,64450,36.58,36.4,36.95
16074,2021-03-19 13:57:00,36.75,38.65,36.75,38.35,1475,64125,36.58,38.1,38.5
16075,2021-03-19 13:58:00,39.05,40.2,38.9,38.9,3200,64125,36.6,39.2,39.65
16076,2021-03-19 13:59:00,39.2,41.0,38.45,39.8,3950,64125,36.63,39.65,40.2
16077,2021-03-19 14:00:00,39.65,41.95,39.45,41.1,3000,62700,36.65,41.1,41.6
16078,2021-03-19 14:01:00,41.75,41.75,38.6,39.95,1900,62700,36.67,39.85,40.2
16079,2021-03-19 14:02:00,39.75,39.95,37.5,37.5,2325,62700,36.67,37.25,37.65
16080,2021-03-19 14:03:00,37.55,37.95,37.35,37.55,1350,61650,36.68,37.25,37.65
16081,2021-03-19 14:04:00,36.6,37.45,35.7,37.2,2475,61650,36.68,37.15,37.45
16082,2021-03-19 14:05:00,37.15,38.9,37.15,38.9,3125,61650,36.68,38.85,39.2
16083,2021-03-19 14:06:00,38.9,40.0,38.9,39.85,1900,62475,36.69,39.65,40.05
16084,2021-03-19 14:07:00,39.0,39.15,38.0,38.4,2975,62475,36.71,37.7,38.05
16085,2021-03-19 14:08:00,38.05,38.05,36.2,37.65,1625,62475,36.71,37.3,37.65
16086,2021-03-19 14:09:00,37.05,38.55,37.0,38.45,1000,63125,36.71,38.25,38.5
16087,2021-03-19 14:10:00,38.5,39.35,38.35,38.4,1900,63125,36.72,38.0,38.4
16088,2021-03-19 14:11:00,38.1,39.45,37.7,37.7,400,63125,36.72,37.25,37.65
16089,2021-03-19 14:12:00,37.8,39.55,37.75,39.25,1025,62800,36.72,39.15,39.7
16090,2021-03-19 14:13:00,39.4,39.9,38.0,38.0,1350,62800,36.73,38.15,38.5
16091,2021-03-19 14:14:00,38.5,38.5,36.0,37.1,3075,62800,36.73,36.65,37.0
16092,2021-03-19 14:15:00,37.1,38.3,37.1,37.8,2250,64100,36.73,37.7,38.2
16093,2021-03-19 14:16:00,38.25,38.55,37.0,37.0,650,64100,36.73,37.0,37.2
16094,2021-03-19 14:17:00,37.45,37.45,32.0,32.2,3150,64100,36.72,32.05,32.2
16095,2021-03-19 14:18:00,32.0,32.0,29.6,31.25,2675,65675,36.68,31.55,31.7
16096,2021-03-19 14:19:00,31.65,34.05,31.45,33.45,2225,65675,36.67,33.2,33.6
16097,2021-03-19 14:20:00,33.55,34.65,33.55,33.9,350,65675,36.67,34.1,34.5
16098,2021-03-19 14:21:00,34.3,35.0,34.2,34.9,1050,65225,36.66,34.9,35.35
16099,2021-03-19 14:22:00,35.05,35.55,34.8,35.55,1475,65225,36.66,35.1,35.55
16100,2021-03-19 14:23:00,35.55,35.55,34.65,34.65,175,65225,36.66,34.05,34.45
16101,2021-03-19 14:24:00,34.55,34.8,34.25,34.4,150,66550,36.66,34.6,34.95
16102,2021-03-19 14:25:00,34.0,34.2,32.85,34.0,1275,66550,36.65,33.5,33.75
16103,2021-03-19 14:26:00,33.6,34.0,32.9,32.9,1000,66550,36.64,32.8,33.15
16104,2021-03-19 14:27:00,33.0,33.0,32.4,32.4,175,66825,36.64,33.0,33.3
16105,2021-03-19 14:28:00,33.15,33.15,32.3,32.3,75,66825,36.64,32.0,32.45
16106,2021-03-19 14:29:00,33.0,34.35,32.9,34.35,350,66825,36.64,33.9,34.45
16107,2021-03-19 14:30:00,35.1,39.0,35.1,38.55,3550,66800,36.64,38.35,38.65
16108,2021-03-19 14:31:00,38.15,38.6,37.0,37.35,1700,66800,36.64,36.85,37.3
16109,2021-03-19 14:32:00,37.2,38.25,36.55,38.25,3150,66800,36.65,38.05,38.45
16110,2021-03-19 14:33:00,38.0,39.2,37.05,39.1,1750,66625,36.65,38.7,39.15
16111,2021-03-19 14:34:00,39.2,41.9,38.8,41.9,2850,66625,36.67,41.6,41.9
16112,2021-03-19 14:35:00,42.0,43.55,38.85,39.05,5900,66625,36.72,38.95,39.2
16113,2021-03-19 14:36:00,38.95,39.2,37.4,39.1,3250,66250,36.73,38.7,39.1
16114,2021-03-19 14:37:00,38.9,39.0,37.3,37.8,2750,66250,36.74,37.6,37.9
16115,2021-03-19 14:38:00,37.6,38.75,37.25,37.8,4100,66250,36.74,37.75,38.05
16116,2021-03-19 14:39:00,37.9,38.65,37.1,38.3,3175,69225,36.75,38.45,38.8
16117,2021-03-19 14:40:00,39.3,42.0,38.75,41.45,4525,69225,36.78,39.6,40.25
16118,2021-03-19 14:41:00,40.3,40.3,36.5,37.4,3350,69225,36.79,37.4,37.85
16119,2021-03-19 14:42:00,37.65,40.2,37.2,39.75,3950,68825,36.8,39.45,40.05
16120,2021-03-19 14:43:00,39.65,40.1,39.1,39.35,3375,68825,36.81,39.15,39.6
16121,2021-03-19 14:44:00,38.95,40.2,38.8,40.2,950,68825,36.82,39.7,40.25
16122,2021-03-19 14:45:00,39.7,41.85,39.45,41.35,6025,66600,36.85,41.25,41.65
16123,2021-03-19 14:46:00,41.65,41.9,40.3,41.5,2175,66600,36.87,41.0,41.45
16124,2021-03-19 14:47:00,41.25,41.25,40.35,41.2,1650,66600,36.88,40.85,41.4
16125,2021-03-19 14:48:00,41.55,42.15,39.5,39.5,1525,66450,36.89,39.05,39.4
16126,2021-03-19 14:49:00,37.9,38.25,35.7,37.65,7050,66450,36.89,37.85,38.35
16127,2021-03-19 14:50:00,37.75,39.1,37.15,37.3,3625,66450,36.9,37.2,37.6
16128,2021-03-19 14:51:00,37.3,37.7,35.25,35.3,7650,70000,36.89,35.15,35.6
16129,2021-03-19 14:52:00,35.15,35.55,33.05,34.85,5625,70000,36.87,34.15,34.6
16130,2021-03-19 14:53:00,34.6,36.2,34.4,35.75,3925,70000,36.86,36.0,36.5
16131,2021-03-19 14:54:00,36.5,36.9,35.7,36.9,850,70700,36.85,36.8,37.15
16132,2021-03-19 14:55:00,36.6,36.75,35.25,35.55,1550,70700,36.85,35.1,35.45
16133,2021-03-19 14:56:00,35.45,36.25,34.65,36.25,1725,70700,36.85,36.0,36.35
16134,2021-03-19 14:57:00,36.05,37.6,36.05,37.25,9625,63375,36.85,36.95,37.2
16135,2021-03-19 14:58:00,36.9,37.4,36.0,36.7,1350,63375,36.85,36.15,36.7
16136,2021-03-19 14:59:00,36.6,39.65,36.15,39.4,3500,63375,36.85,39.45,39.85
16137,2021-03-19 15:00:00,40.0,56.95,40.0,56.95,15525,64425,37.08,56.4,56.95
16138,2021-03-19 15:01:00,56.6,70.75,56.6,63.05,30600,64425,38.27,63.0,63.55
16139,2021-03-19 15:02:00,64.35,64.35,55.05,59.25,8525,64425,38.53,59.2,59.75
16140,2021-03-19 15:03:00,59.15,59.9,54.1,54.25,4625,64525,38.65,53.8,54.5
16141,2021-03-19 15:04:00,54.2,55.2,52.0,54.0,4525,64525,38.75,54.0,54.7
16142,2021-03-19 15:05:00,54.75,54.8,51.7,52.65,15375,64525,39.07,52.4,52.8
16143,2021-03-19 15:06:00,53.6,55.1,50.85,50.85,9225,59250,39.25,50.75,51.1
16144,2021-03-19 15:07:00,50.35,50.9,45.15,45.35,7575,59250,39.33,45.05,45.5
16145,2021-03-19 15:08:00,45.2,47.4,44.15,45.55,8700,59250,39.41,45.05,45.55
16146,2021-03-19 15:09:00,45.3,45.3,41.75,44.05,8200,59675,39.45,43.6,44.15
16147,2021-03-19 15:10:00,43.9,43.9,33.15,34.1,9000,59675,39.44,34.0,34.4
16148,2021-03-19 15:11:00,34.45,35.6,33.5,35.3,8025,59675,39.38,35.45,35.85
16149,2021-03-19 15:12:00,35.9,36.75,31.65,31.65,4400,59450,39.36,31.6,31.75
16150,2021-03-19 15:13:00,31.35,34.5,31.25,34.15,3050,59450,39.33,34.4,34.8
16151,2021-03-19 15:14:00,34.2,35.1,32.4,34.1,3625,59450,39.31,33.75,34.2
16152,2021-03-19 15:15:00,34.25,35.0,32.7,32.7,3600,57400,39.28,32.4,32.9
16153,2021-03-19 15:16:00,32.35,32.35,29.2,29.55,2850,57400,39.25,29.85,30.05
16154,2021-03-19 15:17:00,30.3,32.25,29.95,32.25,2050,57400,39.23,32.15,32.5
16155,2021-03-19 15:18:00,32.25,35.05,32.25,35.05,2100,58075,39.21,35.2,35.55
16156,2021-03-19 15:19:00,35.15,35.3,34.7,34.8,1875,58075,39.2,34.2,34.5
16157,2021-03-19 15:20:00,34.3,34.8,27.35,28.1,6600,58075,39.14,27.45,27.95
16158,2021-03-19 15:21:00,27.8,30.2,27.45,29.85,3250,57750,39.1,29.8,30.2
16159,2021-03-19 15:22:00,29.8,29.8,28.25,28.35,9225,57750,38.99,28.45,28.8
16160,2021-03-19 15:23:00,28.55,28.95,28.0,28.4,2150,57750,38.96,28.5,28.7
16161,2021-03-19 15:24:00,28.6,29.55,28.55,29.25,3550,59300,38.92,28.95,29.35
16162,2021-03-19 15:25:00,29.0,29.7,28.65,29.45,4650,59300,38.86,29.25,29.45
16163,2021-03-19 15:26:00,29.25,29.35,28.5,28.55,2450,59300,38.83,28.5,28.75
16164,2021-03-19 15:27:00,28.75,29.05,28.5,28.5,5125,58575,38.77,28.2,28.45
16165,2021-03-19 15:28:00,28.45,28.45,26.35,26.95,3800,58575,38.71,26.55,26.95
16166,2021-03-19 15:29:00,28.45,28.45,26.35,26.95,3800,58575,38.71,26.55,26.95
16167,2021-03-19 15:30:00,27.05,27.8,26.65,27.8,3900,58575,38.66,26.5,27.8
16168,2021-03-20 09:15:00,27.05,27.8,26.65,27.8,3900,58575,38.66,26.5,27.8
16169,2021-03-20 09:16:00,27.05,27.8,26.65,27.8,3900,58575,38.66,26.5,27.8
16170,2021-03-20 09:17:00,27.05,27.8,26.65,27.8,3900,58575,38.66,26.5,27.8
16171,2021-03-20 09:18:00,27.05,27.8,26.65,27.8,3900,58575,38.66,26.5,27.8
16172,2021-03-20 09:19:00,27.05,27.8,26.65,27.8,3900,58575,38.66,26.5,27.8
16173,2021-03-20 09:20:00,27.05,27.8,26.65,27.8,3900,58575,38.66,26.5,27.8
16174,2021-03-20 09:21:00,27.05,27.8,26.65,27.8,3900,58575,38.66,26.5,27.8
16175,2021-03-20 09:22:00,27.05,27.8,26.65,27.8,3900,58575,38.66,26.5,27.8
16176,2021-03-20 09:23:00,27.05,27.8,26.65,27.8,3900,58575,38.66,26.5,27.8
16177,2021-03-20 09:24:00,27.05,27.8,26.65,27.8,3900,58575,38.66,26.5,27.8
16178,2021-03-20 09:25:00,27.05,27.8,26.65,27.8,3900,58575,38.66,26.5,27.8
16179,2021-03-20 09:26:00,27.05,27.8,26.65,27.8,3900,58575,38.66,26.5,27.8
16180,2021-03-20 09:27:00,27.05,27.8,26.65,27.8,3900,58575,38.66,26.5,27.8
16181,2021-03-20 09:28:00,27.05,27.8,26.65,27.8,3900,58575,38.66,26.5,27.8
16182,2021-03-20 09:29:00,27.05,27.8,26.65,27.8,3900,58575,38.66,26.5,27.8
16183,2021-03-20 09:30:00,27.05,27.8,26.65,27.8,3900,58575,38.66,26.5,27.8
16184,2021-03-20 09:31:00,27.05,27.8,26.65,27.8,3900,58575,38.66,26.5,27.8
16185,2021-03-20 09:32:00,27.05,27.8,26.65,27.8,3900,58575,38.66,26.5,27.8
16186,2021-03-20 09:33:00,27.05,27.8,26.65,27.8,3900,58575,38.66,26.5,27.8
16187,2021-03-20 09:34:00,27.05,27.8,26.65,27.8,3900,58575,38.66,26.5,27.8
16188,2021-03-20 09:35:00,27.05,27.8,26.65,27.8,3900,58575,38.66,26.5,27.8
16189,2021-03-20 09:36:00,27.05,27.8,26.65,27.8,3900,58575,38.66,26.5,27.8
16190,2021-03-20 09:37:00,27.05,27.8,26.65,27.8,3900,58575,38.66,26.5,27.8
16191,2021-03-20 09:38:00,27.05,27.8,26.65,27.8,3900,58575,38.66,26.5,27.8
16192,2021-03-20 09:39:00,27.05,27.8,26.65,27.8,3900,58575,38.66,26.5,27.8
16193,2021-03-20 09:40:00,27.05,27.8,26.65,27.8,3900,58575,38.66,26.5,27.8
16194,2021-03-20 09:41:00,27.05,27.8,26.65,27.8,3900,58575,38.66,26.5,27.8
16195,2021-03-20 09:42:00,27.05,27.8,26.65,27.8,3900,58575,38.66,26.5,27.8
16196,2021-03-20 09:43:00,27.05,27.8,26.65,27.8,3900,58575,38.66,26.5,27.8
16197,2021-03-20 09:44:00,27.05,27.8,26.65,27.8,3900,58575,38.66,26.5,27.8
16198,2021-03-20 09:45:00,27.05,27.8,26.65,27.8,3900,58575,38.66,26.5,27.8
16199,2021-03-20 09:46:00,27.05,27.8,26.65,27.8,3900,58575,38.66,26.5,27.8
16200,2021-03-20 09:47:00,27.05,27.8,26.65,27.8,3900,58575,38.66,26.5,27.8
16201,2021-03-20 09:48:00,27.05,27.8,26.65,27.8,3900,58575,38.66,26.5,27.8
16202,2021-03-20 09:49:00,27.05,27.8,26.65,27.8,3900,58575,38.66,26.5,27.8
16203,2021-03-20 09:50:00,27.05,27.8,26.65,27.8,3900,58575,38.66,26.5,27.8
16204,2021-03-20 09:51:00,27.05,27.8,26.65,27.8,3900,58575,38.66,26.5,27.8
16205,2021-03-20 09:52:00,27.05,27.8,26.65,27.8,3900,58575,38.66,26.5,27.8
16206,2021-03-20 09:53:00,27.05,27.8,26.65,27.8,3900,58575,38.66,26.5,27.8
16207,2021-03-20 09:54:00,27.05,27.8,26.65,27.8,3900,58575,38.66,26.5,27.8
16208,2021-03-20 09:55:00,27.05,27.8,26.65,27.8,3900,58575,38.66,26.5,27.8
16209,2021-03-20 09:56:00,27.05,27.8,26.65,27.8,3900,58575,38.66,26.5,27.8
16210,2021-03-20 09:57:00,27.05,27.8,26.65,27.8,3900,58575,38.66,26.5,27.8
16211,2021-03-20 09:58:00,27.05,27.8,26.65,27.8,3900,58575,38.66,26.5,27.8
16212,2021-03-20 09:59:00,27.05,27.8,26.65,27.8,3900,58575,38.66,26.5,27.8
16213,2021-03-20 10:00:00,27.05,27.8,26.65,27.8,3900,58575,38.66,26.5,27.8
16214,2021-03-20 10:01:00,27.05,27.8,26.65,27.8,3900,58575,38.66,26.5,27.8
16215,2021-03-20 10:02:00,27.05,27.8,26.65,27.8,3900,58575,38.66,26.5,27.8
16216,2021-03-20 10:03:00,27.05,27.8,26.65,27.8,3900,58575,38.66,26.5,27.8
16217,2021-03-20 10:04:00,27.05,27.8,26.65,27.8,3900,58575,38.66,26.5,27.8
16218,2021-03-20 10:05:00,27.05,27.8,26.65,27.8,3900,58575,38.66,26.5,27.8
16219,2021-03-20 10:06:00,27.05,27.8,26.65,27.8,3900,58575,38.66,26.5,27.8
16220,2021-03-20 10:07:00,27.05,27.8,26.65,27.8,3900,58575,38.66,26.5,27.8
16221,2021-03-20 10:08:00,27.05,27.8,26.65,27.8,3900,58575,38.66,26.5,27.8
16222,2021-03-20 10:09:00,27.05,27.8,26.65,27.8,3900,58575,38.66,26.5,27.8
16223,2021-03-20 10:10:00,27.05,27.8,26.65,27.8,3900,58575,38.66,26.5,27.8
16224,2021-03-20 10:11:00,27.05,27.8,26.65,27.8,3900,58575,38.66,26.5,27.8
16225,2021-03-20 10:12:00,27.05,27.8,26.65,27.8,3900,58575,38.66,26.5,27.8
16226,2021-03-20 10:13:00,27.05,27.8,26.65,27.8,3900,58575,38.66,26.5,27.8
16227,2021-03-20 10:14:00,27.05,27.8,26.65,27.8,3900,58575,38.66,26.5,27.8
16228,2021-03-20 10:15:00,27.05,27.8,26.65,27.8,3900,58575,38.66,26.5,27.8
16229,2021-03-20 10:16:00,27.05,27.8,26.65,27.8,3900,58575,38.66,26.5,27.8
16230,2021-03-20 10:17:00,27.05,27.8,26.65,27.8,3900,58575,38.66,26.5,27.8
16231,2021-03-20 10:18:00,27.05,27.8,26.65,27.8,3900,58575,38.66,26.5,27.8
16232,2021-03-20 10:19:00,27.05,27.8,26.65,27.8,3900,58575,38.66,26.5,27.8
16233,2021-03-20 10:20:00,27.05,27.8,26.65,27.8,3900,58575,38.66,26.5,27.8
16234,2021-03-20 10:21:00,27.05,27.8,26.65,27.8,3900,58575,38.66,26.5,27.8
16235,2021-03-20 10:22:00,27.05,27.8,26.65,27.8,3900,58575,38.66,26.5,27.8
16236,2021-03-20 10:23:00,27.05,27.8,26.65,27.8,3900,58575,38.66,26.5,27.8
16237,2021-03-20 10:24:00,27.05,27.8,26.65,27.8,3900,58575,38.66,26.5,27.8
16238,2021-03-20 10:25:00,27.05,27.8,26.65,27.8,3900,58575,38.66,26.5,27.8
16239,2021-03-20 10:26:00,27.05,27.8,26.65,27.8,3900,58575,38.66,26.5,27.8
16240,2021-03-20 10:27:00,27.05,27.8,26.65,27.8,3900,58575,38.66,26.5,27.8
16241,2021-03-20 10:28:00,27.05,27.8,26.65,27.8,3900,58575,38.66,26.5,27.8
16242,2021-03-20 10:29:00,27.05,27.8,26.65,27.8,3900,58575,38.66,26.5,27.8
16243,2021-03-20 10:30:00,27.05,27.8,26.65,27.8,3900,58575,38.66,26.5,27.8
16244,2021-03-20 10:31:00,27.05,27.8,26.65,27.8,3900,58575,38.66,26.5,27.8
16245,2021-03-20 10:32:00,27.05,27.8,26.65,27.8,3900,58575,38.66,26.5,27.8
16246,2021-03-20 10:33:00,27.05,27.8,26.65,27.8,3900,58575,38.66,26.5,27.8
16247,2021-03-20 10:34:00,27.05,27.8,26.65,27.8,3900,58575,38.66,26.5,27.8
16248,2021-03-20 10:35:00,27.05,27.8,26.65,27.8,3900,58575,38.66,26.5,27.8
16249,2021-03-20 10:36:00,27.05,27.8,26.65,27.8,3900,58575,38.66,26.5,27.8
16250,2021-03-20 10:37:00,27.05,27.8,26.65,27.8,3900,58575,38.66,26.5,27.8
16251,2021-03-20 10:38:00,27.05,27.8,26.65,27.8,3900,58575,38.66,26.5,27.8
16252,2021-03-20 10:39:00,27.05,27.8,26.65,27.8,3900,58575,38.66,26.5,27.8
16253,2021-03-20 10:40:00,27.05,27.8,26.65,27.8,3900,58575,38.66,26.5,27.8
16254,2021-03-20 10:41:00,27.05,27.8,26.65,27.8,3900,58575,38.66,26.5,27.8
16255,2021-03-20 10:42:00,27.05,27.8,26.65,27.8,3900,58575,38.66,26.5,27.8
16256,2021-03-20 10:43:00,27.05,27.8,26.65,27.8,3900,58575,38.66,26.5,27.8
16257,2021-03-20 10:44:00,27.05,27.8,26.65,27.8,3900,58575,38.66,26.5,27.8
16258,2021-03-20 10:45:00,27.05,27.8,26.65,27.8,3900,58575,38.66,26.5,27.8
16259,2021-03-20 10:46:00,27.05,27.8,26.65,27.8,3900,58575,38.66,26.5,27.8
16260,2021-03-20 10:47:00,27.05,27.8,26.65,27.8,3900,58575,38.66,26.5,27.8
16261,2021-03-20 10:48:00,27.05,27.8,26.65,27.8,3900,58575,38.66,26.5,27.8
16262,2021-03-20 10:49:00,27.05,27.8,26.65,27.8,3900,58575,38.66,26.5,27.8
16263,2021-03-20 10:50:00,27.05,27.8,26.65,27.8,3900,58575,38.66,26.5,27.8
16264,2021-03-20 10:51:00,27.05,27.8,26.65,27.8,3900,58575,38.66,26.5,27.8
16265,2021-03-20 10:52:00,27.05,27.8,26.65,27.8,3900,58575,38.66,26.5,27.8
16266,2021-03-20 10:53:00,27.05,27.8,26.65,27.8,3900,58575,38.66,26.5,27.8
16267,2021-03-20 10:54:00,27.05,27.8,26.65,27.8,3900,58575,38.66,26.5,27.8
16268,2021-03-20 10:55:00,27.05,27.8,26.65,27.8,3900,58575,38.66,26.5,27.8
16269,2021-03-20 10:56:00,27.05,27.8,26.65,27.8,3900,58575,38.66,26.5,27.8
16270,2021-03-20 10:57:00,27.05,27.8,26.65,27.8,3900,58575,38.66,26.5,27.8
16271,2021-03-20 10:58:00,27.05,27.8,26.65,27.8,3900,58575,38.66,26.5,27.8
16272,2021-03-20 10:59:00,27.05,27.8,26.65,27.8,3900,58575,38.66,26.5,27.8
16273,2021-03-20 11:00:00,27.05,27.8,26.65,27.8,3900,58575,38.66,26.5,27.8
16274,2021-03-20 11:01:00,27.05,27.8,26.65,27.8,3900,58575,38.66,26.5,27.8
16275,2021-03-20 11:02:00,27.05,27.8,26.65,27.8,3900,58575,38.66,26.5,27.8
16276,2021-03-20 11:03:00,27.05,27.8,26.65,27.8,3900,58575,38.66,26.5,27.8
16277,2021-03-20 11:04:00,27.05,27.8,26.65,27.8,3900,58575,38.66,26.5,27.8
16278,2021-03-20 11:05:00,27.05,27.8,26.65,27.8,3900,58575,38.66,26.5,27.8
16279,2021-03-20 11:06:00,27.05,27.8,26.65,27.8,3900,58575,38.66,26.5,27.8
16280,2021-03-20 11:07:00,27.05,27.8,26.65,27.8,3900,58575,38.66,26.5,27.8
16281,2021-03-20 11:08:00,27.05,27.8,26.65,27.8,3900,58575,38.66,26.5,27.8
16282,2021-03-20 11:09:00,27.05,27.8,26.65,27.8,3900,58575,38.66,26.5,27.8
16283,2021-03-20 11:10:00,27.05,27.8,26.65,27.8,3900,58575,38.66,26.5,27.8
16284,2021-03-20 11:11:00,27.05,27.8,26.65,27.8,3900,58575,38.66,26.5,27.8
16285,2021-03-20 11:12:00,27.05,27.8,26.65,27.8,3900,58575,38.66,26.5,27.8
16286,2021-03-20 11:13:00,27.05,27.8,26.65,27.8,3900,58575,38.66,26.5,27.8
16287,2021-03-20 11:14:00,27.05,27.8,26.65,27.8,3900,58575,38.66,26.5,27.8
16288,2021-03-20 11:15:00,27.05,27.8,26.65,27.8,3900,58575,38.66,26.5,27.8
16289,2021-03-20 11:16:00,27.05,27.8,26.65,27.8,3900,58575,38.66,26.5,27.8
16290,2021-03-20 11:17:00,27.05,27.8,26.65,27.8,3900,58575,38.66,26.5,27.8
16291,2021-03-20 11:18:00,27.05,27.8,26.65,27.8,3900,58575,38.66,26.5,27.8
16292,2021-03-20 11:19:00,27.05,27.8,26.65,27.8,3900,58575,38.66,26.5,27.8
16293,2021-03-20 11:20:00,27.05,27.8,26.65,27.8,3900,58575,38.66,26.5,27.8
16294,2021-03-20 11:21:00,27.05,27.8,26.65,27.8,3900,58575,38.66,26.5,27.8
16295,2021-03-20 11:22:00,27.05,27.8,26.65,27.8,3900,58575,38.66,26.5,27.8
16296,2021-03-20 11:23:00,27.05,27.8,26.65,27.8,3900,58575,38.66,26.5,27.8
16297,2021-03-20 11:24:00,27.05,27.8,26.65,27.8,3900,58575,38.66,26.5,27.8
16298,2021-03-20 11:25:00,27.05,27.8,26.65,27.8,3900,58575,38.66,26.5,27.8
16299,2021-03-20 11:26:00,27.05,27.8,26.65,27.8,3900,58575,38.66,26.5,27.8
16300,2021-03-20 11:27:00,27.05,27.8,26.65,27.8,3900,58575,38.66,26.5,27.8
16301,2021-03-20 11:28:00,27.05,27.8,26.65,27.8,3900,58575,38.66,26.5,27.8
16302,2021-03-20 11:29:00,27.05,27.8,26.65,27.8,3900,58575,38.66,26.5,27.8
16303,2021-03-20 11:30:00,27.05,27.8,26.65,27.8,3900,58575,38.66,26.5,27.8
16304,2021-03-20 11:31:00,27.05,27.8,26.65,27.8,3900,58575,38.66,26.5,27.8
16305,2021-03-20 11:32:00,27.05,27.8,26.65,27.8,3900,58575,38.66,26.5,27.8
16306,2021-03-20 11:33:00,27.05,27.8,26.65,27.8,3900,58575,38.66,26.5,27.8
16307,2021-03-20 11:34:00,27.05,27.8,26.65,27.8,3900,58575,38.66,26.5,27.8
16308,2021-03-20 11:35:00,27.05,27.8,26.65,27.8,3900,58575,38.66,26.5,27.8
16309,2021-03-20 11:36:00,27.05,27.8,26.65,27.8,3900,58575,38.66,26.5,27.8
16310,2021-03-20 11:37:00,27.05,27.8,26.65,27.8,3900,58575,38.66,26.5,27.8
16311,2021-03-20 11:38:00,27.05,27.8,26.65,27.8,3900,58575,38.66,26.5,27.8
16312,2021-03-20 11:39:00,27.05,27.8,26.65,27.8,3900,58575,38.66,26.5,27.8
16313,2021-03-20 11:40:00,27.05,27.8,26.65,27.8,3900,58575,38.66,26.5,27.8
16314,2021-03-20 11:41:00,27.05,27.8,26.65,27.8,3900,58575,38.66,26.5,27.8
16315,2021-03-20 11:42:00,27.05,27.8,26.65,27.8,3900,58575,38.66,26.5,27.8
16316,2021-03-20 11:43:00,27.05,27.8,26.65,27.8,3900,58575,38.66,26.5,27.8
16317,2021-03-20 11:44:00,27.05,27.8,26.65,27.8,3900,58575,38.66,26.5,27.8
16318,2021-03-20 11:45:00,27.05,27.8,26.65,27.8,3900,58575,38.66,26.5,27.8
16319,2021-03-20 11:46:00,27.05,27.8,26.65,27.8,3900,58575,38.66,26.5,27.8
16320,2021-03-20 11:47:00,27.05,27.8,26.65,27.8,3900,58575,38.66,26.5,27.8
16321,2021-03-20 11:48:00,27.05,27.8,26.65,27.8,3900,58575,38.66,26.5,27.8
16322,2021-03-20 11:49:00,27.05,27.8,26.65,27.8,3900,58575,38.66,26.5,27.8
16323,2021-03-20 11:50:00,27.05,27.8,26.65,27.8,3900,58575,38.66,26.5,27.8
16324,2021-03-20 11:51:00,27.05,27.8,26.65,27.8,3900,58575,38.66,26.5,27.8
16325,2021-03-20 11:52:00,27.05,27.8,26.65,27.8,3900,58575,38.66,26.5,27.8
16326,2021-03-20 11:53:00,27.05,27.8,26.65,27.8,3900,58575,38.66,26.5,27.8
16327,2021-03-20 11:54:00,27.05,27.8,26.65,27.8,3900,58575,38.66,26.5,27.8
16328,2021-03-20 11:55:00,27.05,27.8,26.65,27.8,3900,58575,38.66,26.5,27.8
16329,2021-03-20 11:56:00,27.05,27.8,26.65,27.8,3900,58575,38.66,26.5,27.8
16330,2021-03-20 11:57:00,27.05,27.8,26.65,27.8,3900,58575,38.66,26.5,27.8
16331,2021-03-20 11:58:00,27.05,27.8,26.65,27.8,3900,58575,38.66,26.5,27.8
16332,2021-03-20 11:59:00,27.05,27.8,26.65,27.8,3900,58575,38.66,26.5,27.8
16333,2021-03-20 12:00:00,27.05,27.8,26.65,27.8,3900,58575,38.66,26.5,27.8
16334,2021-03-20 12:01:00,27.05,27.8,26.65,27.8,3900,58575,38.66,26.5,27.8
16335,2021-03-20 12:02:00,27.05,27.8,26.65,27.8,3900,58575,38.66,26.5,27.8
16336,2021-03-20 12:03:00,27.05,27.8,26.65,27.8,3900,58575,38.66,26.5,27.8
16337,2021-03-20 12:04:00,27.05,27.8,26.65,27.8,3900,58575,38.66,26.5,27.8
16338,2021-03-20 12:05:00,27.05,27.8,26.65,27.8,3900,58575,38.66,26.5,27.8
16339,2021-03-20 12:06:00,27.05,27.8,26.65,27.8,3900,58575,38.66,26.5,27.8
16340,2021-03-20 12:07:00,27.05,27.8,26.65,27.8,3900,58575,38.66,26.5,27.8
16341,2021-03-20 12:08:00,27.05,27.8,26.65,27.8,3900,58575,38.66,26.5,27.8
16342,2021-03-20 12:09:00,27.05,27.8,26.65,27.8,3900,58575,38.66,26.5,27.8
16343,2021-03-20 12:10:00,27.05,27.8,26.65,27.8,3900,58575,38.66,26.5,27.8
16344,2021-03-20 12:11:00,27.05,27.8,26.65,27.8,3900,58575,38.66,26.5,27.8
16345,2021-03-20 12:12:00,27.05,27.8,26.65,27.8,3900,58575,38.66,26.5,27.8
16346,2021-03-20 12:13:00,27.05,27.8,26.65,27.8,3900,58575,38.66,26.5,27.8
16347,2021-03-20 12:14:00,27.05,27.8,26.65,27.8,3900,58575,38.66,26.5,27.8
16348,2021-03-20 12:15:00,27.05,27.8,26.65,27.8,3900,58575,38.66,26.5,27.8
16349,2021-03-20 12:16:00,27.05,27.8,26.65,27.8,3900,58575,38.66,26.5,27.8
16350,2021-03-20 12:17:00,27.05,27.8,26.65,27.8,3900,58575,38.66,26.5,27.8
16351,2021-03-20 12:18:00,27.05,27.8,26.65,27.8,3900,58575,38.66,26.5,27.8
16352,2021-03-20 12:19:00,27.05,27.8,26.65,27.8,3900,58575,38.66,26.5,27.8
16353,2021-03-20 12:20:00,27.05,27.8,26.65,27.8,3900,58575,38.66,26.5,27.8
16354,2021-03-20 12:21:00,27.05,27.8,26.65,27.8,3900,58575,38.66,26.5,27.8
16355,2021-03-20 12:22:00,27.05,27.8,26.65,27.8,3900,58575,38.66,26.5,27.8
16356,2021-03-20 12:23:00,27.05,27.8,26.65,27.8,3900,58575,38.66,26.5,27.8
16357,2021-03-20 12:24:00,27.05,27.8,26.65,27.8,3900,58575,38.66,26.5,27.8
16358,2021-03-20 12:25:00,27.05,27.8,26.65,27.8,3900,58575,38.66,26.5,27.8
16359,2021-03-20 12:26:00,27.05,27.8,26.65,27.8,3900,58575,38.66,26.5,27.8
16360,2021-03-20 12:27:00,27.05,27.8,26.65,27.8,3900,58575,38.66,26.5,27.8
16361,2021-03-20 12:28:00,27.05,27.8,26.65,27.8,3900,58575,38.66,26.5,27.8
16362,2021-03-20 12:29:00,27.05,27.8,26.65,27.8,3900,58575,38.66,26.5,27.8
16363,2021-03-20 12:30:00,27.05,27.8,26.65,27.8,3900,58575,38.66,26.5,27.8
16364,2021-03-20 12:31:00,27.05,27.8,26.65,27.8,3900,58575,38.66,26.5,27.8
16365,2021-03-20 12:32:00,27.05,27.8,26.65,27.8,3900,58575,38.66,26.5,27.8
16366,2021-03-20 12:33:00,27.05,27.8,26.65,27.8,3900,58575,38.66,26.5,27.8
16367,2021-03-20 12:34:00,27.05,27.8,26.65,27.8,3900,58575,38.66,26.5,27.8
16368,2021-03-20 12:35:00,27.05,27.8,26.65,27.8,3900,58575,38.66,26.5,27.8
16369,2021-03-20 12:36:00,27.05,27.8,26.65,27.8,3900,58575,38.66,26.5,27.8
16370,2021-03-20 12:37:00,27.05,27.8,26.65,27.8,3900,58575,38.66,26.5,27.8
16371,2021-03-20 12:38:00,27.05,27.8,26.65,27.8,3900,58575,38.66,26.5,27.8
16372,2021-03-20 12:39:00,27.05,27.8,26.65,27.8,3900,58575,38.66,26.5,27.8
16373,2021-03-20 12:40:00,27.05,27.8,26.65,27.8,3900,58575,38.66,26.5,27.8
16374,2021-03-20 12:41:00,27.05,27.8,26.65,27.8,3900,58575,38.66,26.5,27.8
16375,2021-03-20 12:42:00,27.05,27.8,26.65,27.8,3900,58575,38.66,26.5,27.8
16376,2021-03-20 12:43:00,27.05,27.8,26.65,27.8,3900,58575,38.66,26.5,27.8
16377,2021-03-20 12:44:00,27.05,27.8,26.65,27.8,3900,58575,38.66,26.5,27.8
16378,2021-03-20 12:45:00,27.05,27.8,26.65,27.8,3900,58575,38.66,26.5,27.8
16379,2021-03-20 12:46:00,27.05,27.8,26.65,27.8,3900,58575,38.66,26.5,27.8
16380,2021-03-20 12:47:00,27.05,27.8,26.65,27.8,3900,58575,38.66,26.5,27.8
16381,2021-03-20 12:48:00,27.05,27.8,26.65,27.8,3900,58575,38.66,26.5,27.8
16382,2021-03-20 12:49:00,27.05,27.8,26.65,27.8,3900,58575,38.66,26.5,27.8
16383,2021-03-20 12:50:00,27.05,27.8,26.65,27.8,3900,58575,38.66,26.5,27.8
16384,2021-03-20 12:51:00,27.05,27.8,26.65,27.8,3900,58575,38.66,26.5,27.8
16385,2021-03-20 12:52:00,27.05,27.8,26.65,27.8,3900,58575,38.66,26.5,27.8
16386,2021-03-20 12:53:00,27.05,27.8,26.65,27.8,3900,58575,38.66,26.5,27.8
16387,2021-03-20 12:54:00,27.05,27.8,26.65,27.8,3900,58575,38.66,26.5,27.8
16388,2021-03-20 12:55:00,27.05,27.8,26.65,27.8,3900,58575,38.66,26.5,27.8
16389,2021-03-20 12:56:00,27.05,27.8,26.65,27.8,3900,58575,38.66,26.5,27.8
16390,2021-03-20 12:57:00,27.05,27.8,26.65,27.8,3900,58575,38.66,26.5,27.8
16391,2021-03-20 12:58:00,27.05,27.8,26.65,27.8,3900,58575,38.66,26.5,27.8
16392,2021-03-20 12:59:00,27.05,27.8,26.65,27.8,3900,58575,38.66,26.5,27.8
16393,2021-03-20 13:00:00,27.05,27.8,26.65,27.8,3900,58575,38.66,26.5,27.8
16394,2021-03-20 13:01:00,27.05,27.8,26.65,27.8,3900,58575,38.66,26.5,27.8
16395,2021-03-20 13:02:00,27.05,27.8,26.65,27.8,3900,58575,38.66,26.5,27.8
16396,2021-03-20 13:03:00,27.05,27.8,26.65,27.8,3900,58575,38.66,26.5,27.8
16397,2021-03-20 13:04:00,27.05,27.8,26.65,27.8,3900,58575,38.66,26.5,27.8
16398,2021-03-20 13:05:00,27.05,27.8,26.65,27.8,3900,58575,38.66,26.5,27.8
16399,2021-03-20 13:06:00,27.05,27.8,26.65,27.8,3900,58575,38.66,26.5,27.8
16400,2021-03-20 13:07:00,27.05,27.8,26.65,27.8,3900,58575,38.66,26.5,27.8
16401,2021-03-20 13:08:00,27.05,27.8,26.65,27.8,3900,58575,38.66,26.5,27.8
16402,2021-03-20 13:09:00,27.05,27.8,26.65,27.8,3900,58575,38.66,26.5,27.8
16403,2021-03-20 13:10:00,27.05,27.8,26.65,27.8,3900,58575,38.66,26.5,27.8
16404,2021-03-20 13:11:00,27.05,27.8,26.65,27.8,3900,58575,38.66,26.5,27.8
16405,2021-03-20 13:12:00,27.05,27.8,26.65,27.8,3900,58575,38.66,26.5,27.8
16406,2021-03-20 13:13:00,27.05,27.8,26.65,27.8,3900,58575,38.66,26.5,27.8
16407,2021-03-20 13:14:00,27.05,27.8,26.65,27.8,3900,58575,38.66,26.5,27.8
16408,2021-03-20 13:15:00,27.05,27.8,26.65,27.8,3900,58575,38.66,26.5,27.8
16409,2021-03-20 13:16:00,27.05,27.8,26.65,27.8,3900,58575,38.66,26.5,27.8
16410,2021-03-20 13:17:00,27.05,27.8,26.65,27.8,3900,58575,38.66,26.5,27.8
16411,2021-03-20 13:18:00,27.05,27.8,26.65,27.8,3900,58575,38.66,26.5,27.8
16412,2021-03-20 13:19:00,27.05,27.8,26.65,27.8,3900,58575,38.66,26.5,27.8
16413,2021-03-20 13:20:00,27.05,27.8,26.65,27.8,3900,58575,38.66,26.5,27.8
16414,2021-03-20 13:21:00,27.05,27.8,26.65,27.8,3900,58575,38.66,26.5,27.8
16415,2021-03-20 13:22:00,27.05,27.8,26.65,27.8,3900,58575,38.66,26.5,27.8
16416,2021-03-20 13:23:00,27.05,27.8,26.65,27.8,3900,58575,38.66,26.5,27.8
16417,2021-03-20 13:24:00,27.05,27.8,26.65,27.8,3900,58575,38.66,26.5,27.8
16418,2021-03-20 13:25:00,27.05,27.8,26.65,27.8,3900,58575,38.66,26.5,27.8
16419,2021-03-20 13:26:00,27.05,27.8,26.65,27.8,3900,58575,38.66,26.5,27.8
16420,2021-03-20 13:27:00,27.05,27.8,26.65,27.8,3900,58575,38.66,26.5,27.8
16421,2021-03-20 13:28:00,27.05,27.8,26.65,27.8,3900,58575,38.66,26.5,27.8
16422,2021-03-20 13:29:00,27.05,27.8,26.65,27.8,3900,58575,38.66,26.5,27.8
16423,2021-03-20 13:30:00,27.05,27.8,26.65,27.8,3900,58575,38.66,26.5,27.8
16424,2021-03-20 13:31:00,27.05,27.8,26.65,27.8,3900,58575,38.66,26.5,27.8
16425,2021-03-20 13:32:00,27.05,27.8,26.65,27.8,3900,58575,38.66,26.5,27.8
16426,2021-03-20 13:33:00,27.05,27.8,26.65,27.8,3900,58575,38.66,26.5,27.8
16427,2021-03-20 13:34:00,27.05,27.8,26.65,27.8,3900,58575,38.66,26.5,27.8
16428,2021-03-20 13:35:00,27.05,27.8,26.65,27.8,3900,58575,38.66,26.5,27.8
16429,2021-03-20 13:36:00,27.05,27.8,26.65,27.8,3900,58575,38.66,26.5,27.8
16430,2021-03-20 13:37:00,27.05,27.8,26.65,27.8,3900,58575,38.66,26.5,27.8
16431,2021-03-20 13:38:00,27.05,27.8,26.65,27.8,3900,58575,38.66,26.5,27.8
16432,2021-03-20 13:39:00,27.05,27.8,26.65,27.8,3900,58575,38.66,26.5,27.8
16433,2021-03-20 13:40:00,27.05,27.8,26.65,27.8,3900,58575,38.66,26.5,27.8
16434,2021-03-20 13:41:00,27.05,27.8,26.65,27.8,3900,58575,38.66,26.5,27.8
16435,2021-03-20 13:42:00,27.05,27.8,26.65,27.8,3900,58575,38.66,26.5,27.8
16436,2021-03-20 13:43:00,27.05,27.8,26.65,27.8,3900,58575,38.66,26.5,27.8
16437,2021-03-20 13:44:00,27.05,27.8,26.65,27.8,3900,58575,38.66,26.5,27.8
16438,2021-03-20 13:45:00,27.05,27.8,26.65,27.8,3900,58575,38.66,26.5,27.8
16439,2021-03-20 13:46:00,27.05,27.8,26.65,27.8,3900,58575,38.66,26.5,27.8
16440,2021-03-20 13:47:00,27.05,27.8,26.65,27.8,3900,58575,38.66,26.5,27.8
16441,2021-03-20 13:48:00,27.05,27.8,26.65,27.8,3900,58575,38.66,26.5,27.8
16442,2021-03-20 13:49:00,27.05,27.8,26.65,27.8,3900,58575,38.66,26.5,27.8
16443,2021-03-20 13:50:00,27.05,27.8,26.65,27.8,3900,58575,38.66,26.5,27.8
16444,2021-03-20 13:51:00,27.05,27.8,26.65,27.8,3900,58575,38.66,26.5,27.8
16445,2021-03-20 13:52:00,27.05,27.8,26.65,27.8,3900,58575,38.66,26.5,27.8
16446,2021-03-20 13:53:00,27.05,27.8,26.65,27.8,3900,58575,38.66,26.5,27.8
16447,2021-03-20 13:54:00,27.05,27.8,26.65,27.8,3900,58575,38.66,26.5,27.8
16448,2021-03-20 13:55:00,27.05,27.8,26.65,27.8,3900,58575,38.66,26.5,27.8
16449,2021-03-20 13:56:00,27.05,27.8,26.65,27.8,3900,58575,38.66,26.5,27.8
16450,2021-03-20 13:57:00,27.05,27.8,26.65,27.8,3900,58575,38.66,26.5,27.8
16451,2021-03-20 13:58:00,27.05,27.8,26.65,27.8,3900,58575,38.66,26.5,27.8
16452,2021-03-20 13:59:00,27.05,27.8,26.65,27.8,3900,58575,38.66,26.5,27.8
16453,2021-03-20 14:00:00,27.05,27.8,26.65,27.8,3900,58575,38.66,26.5,27.8
16454,2021-03-20 14:01:00,27.05,27.8,26.65,27.8,3900,58575,38.66,26.5,27.8
16455,2021-03-20 14:02:00,27.05,27.8,26.65,27.8,3900,58575,38.66,26.5,27.8
16456,2021-03-20 14:03:00,27.05,27.8,26.65,27.8,3900,58575,38.66,26.5,27.8
16457,2021-03-20 14:04:00,27.05,27.8,26.65,27.8,3900,58575,38.66,26.5,27.8
16458,2021-03-20 14:05:00,27.05,27.8,26.65,27.8,3900,58575,38.66,26.5,27.8
16459,2021-03-20 14:06:00,27.05,27.8,26.65,27.8,3900,58575,38.66,26.5,27.8
16460,2021-03-20 14:07:00,27.05,27.8,26.65,27.8,3900,58575,38.66,26.5,27.8
16461,2021-03-20 14:08:00,27.05,27.8,26.65,27.8,3900,58575,38.66,26.5,27.8
16462,2021-03-20 14:09:00,27.05,27.8,26.65,27.8,3900,58575,38.66,26.5,27.8
16463,2021-03-20 14:10:00,27.05,27.8,26.65,27.8,3900,58575,38.66,26.5,27.8
16464,2021-03-20 14:11:00,27.05,27.8,26.65,27.8,3900,58575,38.66,26.5,27.8
16465,2021-03-20 14:12:00,27.05,27.8,26.65,27.8,3900,58575,38.66,26.5,27.8
16466,2021-03-20 14:13:00,27.05,27.8,26.65,27.8,3900,58575,38.66,26.5,27.8
16467,2021-03-20 14:14:00,27.05,27.8,26.65,27.8,3900,58575,38.66,26.5,27.8
16468,2021-03-20 14:15:00,27.05,27.8,26.65,27.8,3900,58575,38.66,26.5,27.8
16469,2021-03-20 14:16:00,27.05,27.8,26.65,27.8,3900,58575,38.66,26.5,27.8
16470,2021-03-20 14:17:00,27.05,27.8,26.65,27.8,3900,58575,38.66,26.5,27.8
16471,2021-03-20 14:18:00,27.05,27.8,26.65,27.8,3900,58575,38.66,26.5,27.8
16472,2021-03-20 14:19:00,27.05,27.8,26.65,27.8,3900,58575,38.66,26.5,27.8
16473,2021-03-20 14:20:00,27.05,27.8,26.65,27.8,3900,58575,38.66,26.5,27.8
16474,2021-03-20 14:21:00,27.05,27.8,26.65,27.8,3900,58575,38.66,26.5,27.8
16475,2021-03-20 14:22:00,27.05,27.8,26.65,27.8,3900,58575,38.66,26.5,27.8
16476,2021-03-20 14:23:00,27.05,27.8,26.65,27.8,3900,58575,38.66,26.5,27.8
16477,2021-03-20 14:24:00,27.05,27.8,26.65,27.8,3900,58575,38.66,26.5,27.8
16478,2021-03-20 14:25:00,27.05,27.8,26.65,27.8,3900,58575,38.66,26.5,27.8
16479,2021-03-20 14:26:00,27.05,27.8,26.65,27.8,3900,58575,38.66,26.5,27.8
16480,2021-03-20 14:27:00,27.05,27.8,26.65,27.8,3900,58575,38.66,26.5,27.8
16481,2021-03-20 14:28:00,27.05,27.8,26.65,27.8,3900,58575,38.66,26.5,27.8
16482,2021-03-20 14:29:00,27.05,27.8,26.65,27.8,3900,58575,38.66,26.5,27.8
16483,2021-03-20 14:30:00,27.05,27.8,26.65,27.8,3900,58575,38.66,26.5,27.8
16484,2021-03-20 14:31:00,27.05,27.8,26.65,27.8,3900,58575,38.66,26.5,27.8
16485,2021-03-20 14:32:00,27.05,27.8,26.65,27.8,3900,58575,38.66,26.5,27.8
16486,2021-03-20 14:33:00,27.05,27.8,26.65,27.8,3900,58575,38.66,26.5,27.8
16487,2021-03-20 14:34:00,27.05,27.8,26.65,27.8,3900,58575,38.66,26.5,27.8
16488,2021-03-20 14:35:00,27.05,27.8,26.65,27.8,3900,58575,38.66,26.5,27.8
16489,2021-03-20 14:36:00,27.05,27.8,26.65,27.8,3900,58575,38.66,26.5,27.8
16490,2021-03-20 14:37:00,27.05,27.8,26.65,27.8,3900,58575,38.66,26.5,27.8
16491,2021-03-20 14:38:00,27.05,27.8,26.65,27.8,3900,58575,38.66,26.5,27.8
16492,2021-03-20 14:39:00,27.05,27.8,26.65,27.8,3900,58575,38.66,26.5,27.8
16493,2021-03-20 14:40:00,27.05,27.8,26.65,27.8,3900,58575,38.66,26.5,27.8
16494,2021-03-20 14:41:00,27.05,27.8,26.65,27.8,3900,58575,38.66,26.5,27.8
16495,2021-03-20 14:42:00,27.05,27.8,26.65,27.8,3900,58575,38.66,26.5,27.8
16496,2021-03-20 14:43:00,27.05,27.8,26.65,27.8,3900,58575,38.66,26.5,27.8
16497,2021-03-20 14:44:00,27.05,27.8,26.65,27.8,3900,58575,38.66,26.5,27.8
16498,2021-03-20 14:45:00,27.05,27.8,26.65,27.8,3900,58575,38.66,26.5,27.8
16499,2021-03-20 14:46:00,27.05,27.8,26.65,27.8,3900,58575,38.66,26.5,27.8
16500,2021-03-20 14:47:00,27.05,27.8,26.65,27.8,3900,58575,38.66,26.5,27.8
16501,2021-03-20 14:48:00,27.05,27.8,26.65,27.8,3900,58575,38.66,26.5,27.8
16502,2021-03-20 14:49:00,27.05,27.8,26.65,27.8,3900,58575,38.66,26.5,27.8
16503,2021-03-20 14:50:00,27.05,27.8,26.65,27.8,3900,58575,38.66,26.5,27.8
16504,2021-03-20 14:51:00,27.05,27.8,26.65,27.8,3900,58575,38.66,26.5,27.8
16505,2021-03-20 14:52:00,27.05,27.8,26.65,27.8,3900,58575,38.66,26.5,27.8
16506,2021-03-20 14:53:00,27.05,27.8,26.65,27.8,3900,58575,38.66,26.5,27.8
16507,2021-03-20 14:54:00,27.05,27.8,26.65,27.8,3900,58575,38.66,26.5,27.8
16508,2021-03-20 14:55:00,27.05,27.8,26.65,27.8,3900,58575,38.66,26.5,27.8
16509,2021-03-20 14:56:00,27.05,27.8,26.65,27.8,3900,58575,38.66,26.5,27.8
16510,2021-03-20 14:57:00,27.05,27.8,26.65,27.8,3900,58575,38.66,26.5,27.8
16511,2021-03-20 14:58:00,27.05,27.8,26.65,27.8,3900,58575,38.66,26.5,27.8
16512,2021-03-20 14:59:00,27.05,27.8,26.65,27.8,3900,58575,38.66,26.5,27.8
16513,2021-03-20 15:00:00,27.05,27.8,26.65,27.8,3900,58575,38.66,26.5,27.8
16514,2021-03-20 15:01:00,27.05,27.8,26.65,27.8,3900,58575,38.66,26.5,27.8
16515,2021-03-20 15:02:00,27.05,27.8,26.65,27.8,3900,58575,38.66,26.5,27.8
16516,2021-03-20 15:03:00,27.05,27.8,26.65,27.8,3900,58575,38.66,26.5,27.8
16517,2021-03-20 15:04:00,27.05,27.8,26.65,27.8,3900,58575,38.66,26.5,27.8
16518,2021-03-20 15:05:00,27.05,27.8,26.65,27.8,3900,58575,38.66,26.5,27.8
16519,2021-03-20 15:06:00,27.05,27.8,26.65,27.8,3900,58575,38.66,26.5,27.8
16520,2021-03-20 15:07:00,27.05,27.8,26.65,27.8,3900,58575,38.66,26.5,27.8
16521,2021-03-20 15:08:00,27.05,27.8,26.65,27.8,3900,58575,38.66,26.5,27.8
16522,2021-03-20 15:09:00,27.05,27.8,26.65,27.8,3900,58575,38.66,26.5,27.8
16523,2021-03-20 15:10:00,27.05,27.8,26.65,27.8,3900,58575,38.66,26.5,27.8
16524,2021-03-20 15:11:00,27.05,27.8,26.65,27.8,3900,58575,38.66,26.5,27.8
16525,2021-03-20 15:12:00,27.05,27.8,26.65,27.8,3900,58575,38.66,26.5,27.8
16526,2021-03-20 15:13:00,27.05,27.8,26.65,27.8,3900,58575,38.66,26.5,27.8
16527,2021-03-20 15:14:00,27.05,27.8,26.65,27.8,3900,58575,38.66,26.5,27.8
16528,2021-03-20 15:15:00,27.05,27.8,26.65,27.8,3900,58575,38.66,26.5,27.8
16529,2021-03-20 15:16:00,27.05,27.8,26.65,27.8,3900,58575,38.66,26.5,27.8
16530,2021-03-20 15:17:00,27.05,27.8,26.65,27.8,3900,58575,38.66,26.5,27.8
16531,2021-03-20 15:18:00,27.05,27.8,26.65,27.8,3900,58575,38.66,26.5,27.8
16532,2021-03-20 15:19:00,27.05,27.8,26.65,27.8,3900,58575,38.66,26.5,27.8
16533,2021-03-20 15:20:00,27.05,27.8,26.65,27.8,3900,58575,38.66,26.5,27.8
16534,2021-03-20 15:21:00,27.05,27.8,26.65,27.8,3900,58575,38.66,26.5,27.8
16535,2021-03-20 15:22:00,27.05,27.8,26.65,27.8,3900,58575,38.66,26.5,27.8
16536,2021-03-20 15:23:00,27.05,27.8,26.65,27.8,3900,58575,38.66,26.5,27.8
16537,2021-03-20 15:24:00,27.05,27.8,26.65,27.8,3900,58575,38.66,26.5,27.8
16538,2021-03-20 15:25:00,27.05,27.8,26.65,27.8,3900,58575,38.66,26.5,27.8
16539,2021-03-20 15:26:00,27.05,27.8,26.65,27.8,3900,58575,38.66,26.5,27.8
16540,2021-03-20 15:27:00,27.05,27.8,26.65,27.8,3900,58575,38.66,26.5,27.8
16541,2021-03-20 15:28:00,27.05,27.8,26.65,27.8,3900,58575,38.66,26.5,27.8
16542,2021-03-20 15:29:00,27.05,27.8,26.65,27.8,3900,58575,38.66,26.5,27.8
16543,2021-03-20 15:30:00,27.05,27.8,26.65,27.8,3900,58575,38.66,26.5,27.8
16544,2021-03-21 09:15:00,27.05,27.8,26.65,27.8,3900,58575,38.66,26.5,27.8
16545,2021-03-21 09:16:00,27.05,27.8,26.65,27.8,3900,58575,38.66,26.5,27.8
16546,2021-03-21 09:17:00,27.05,27.8,26.65,27.8,3900,58575,38.66,26.5,27.8
16547,2021-03-21 09:18:00,27.05,27.8,26.65,27.8,3900,58575,38.66,26.5,27.8
16548,2021-03-21 09:19:00,27.05,27.8,26.65,27.8,3900,58575,38.66,26.5,27.8
16549,2021-03-21 09:20:00,27.05,27.8,26.65,27.8,3900,58575,38.66,26.5,27.8
16550,2021-03-21 09:21:00,27.05,27.8,26.65,27.8,3900,58575,38.66,26.5,27.8
16551,2021-03-21 09:22:00,27.05,27.8,26.65,27.8,3900,58575,38.66,26.5,27.8
16552,2021-03-21 09:23:00,27.05,27.8,26.65,27.8,3900,58575,38.66,26.5,27.8
16553,2021-03-21 09:24:00,27.05,27.8,26.65,27.8,3900,58575,38.66,26.5,27.8
16554,2021-03-21 09:25:00,27.05,27.8,26.65,27.8,3900,58575,38.66,26.5,27.8
16555,2021-03-21 09:26:00,27.05,27.8,26.65,27.8,3900,58575,38.66,26.5,27.8
16556,2021-03-21 09:27:00,27.05,27.8,26.65,27.8,3900,58575,38.66,26.5,27.8
16557,2021-03-21 09:28:00,27.05,27.8,26.65,27.8,3900,58575,38.66,26.5,27.8
16558,2021-03-21 09:29:00,27.05,27.8,26.65,27.8,3900,58575,38.66,26.5,27.8
16559,2021-03-21 09:30:00,27.05,27.8,26.65,27.8,3900,58575,38.66,26.5,27.8
16560,2021-03-21 09:31:00,27.05,27.8,26.65,27.8,3900,58575,38.66,26.5,27.8
16561,2021-03-21 09:32:00,27.05,27.8,26.65,27.8,3900,58575,38.66,26.5,27.8
16562,2021-03-21 09:33:00,27.05,27.8,26.65,27.8,3900,58575,38.66,26.5,27.8
16563,2021-03-21 09:34:00,27.05,27.8,26.65,27.8,3900,58575,38.66,26.5,27.8
16564,2021-03-21 09:35:00,27.05,27.8,26.65,27.8,3900,58575,38.66,26.5,27.8
16565,2021-03-21 09:36:00,27.05,27.8,26.65,27.8,3900,58575,38.66,26.5,27.8
16566,2021-03-21 09:37:00,27.05,27.8,26.65,27.8,3900,58575,38.66,26.5,27.8
16567,2021-03-21 09:38:00,27.05,27.8,26.65,27.8,3900,58575,38.66,26.5,27.8
16568,2021-03-21 09:39:00,27.05,27.8,26.65,27.8,3900,58575,38.66,26.5,27.8
16569,2021-03-21 09:40:00,27.05,27.8,26.65,27.8,3900,58575,38.66,26.5,27.8
16570,2021-03-21 09:41:00,27.05,27.8,26.65,27.8,3900,58575,38.66,26.5,27.8
16571,2021-03-21 09:42:00,27.05,27.8,26.65,27.8,3900,58575,38.66,26.5,27.8
16572,2021-03-21 09:43:00,27.05,27.8,26.65,27.8,3900,58575,38.66,26.5,27.8
16573,2021-03-21 09:44:00,27.05,27.8,26.65,27.8,3900,58575,38.66,26.5,27.8
16574,2021-03-21 09:45:00,27.05,27.8,26.65,27.8,3900,58575,38.66,26.5,27.8
16575,2021-03-21 09:46:00,27.05,27.8,26.65,27.8,3900,58575,38.66,26.5,27.8
16576,2021-03-21 09:47:00,27.05,27.8,26.65,27.8,3900,58575,38.66,26.5,27.8
16577,2021-03-21 09:48:00,27.05,27.8,26.65,27.8,3900,58575,38.66,26.5,27.8
16578,2021-03-21 09:49:00,27.05,27.8,26.65,27.8,3900,58575,38.66,26.5,27.8
16579,2021-03-21 09:50:00,27.05,27.8,26.65,27.8,3900,58575,38.66,26.5,27.8
16580,2021-03-21 09:51:00,27.05,27.8,26.65,27.8,3900,58575,38.66,26.5,27.8
16581,2021-03-21 09:52:00,27.05,27.8,26.65,27.8,3900,58575,38.66,26.5,27.8
16582,2021-03-21 09:53:00,27.05,27.8,26.65,27.8,3900,58575,38.66,26.5,27.8
16583,2021-03-21 09:54:00,27.05,27.8,26.65,27.8,3900,58575,38.66,26.5,27.8
16584,2021-03-21 09:55:00,27.05,27.8,26.65,27.8,3900,58575,38.66,26.5,27.8
16585,2021-03-21 09:56:00,27.05,27.8,26.65,27.8,3900,58575,38.66,26.5,27.8
16586,2021-03-21 09:57:00,27.05,27.8,26.65,27.8,3900,58575,38.66,26.5,27.8
16587,2021-03-21 09:58:00,27.05,27.8,26.65,27.8,3900,58575,38.66,26.5,27.8
16588,2021-03-21 09:59:00,27.05,27.8,26.65,27.8,3900,58575,38.66,26.5,27.8
16589,2021-03-21 10:00:00,27.05,27.8,26.65,27.8,3900,58575,38.66,26.5,27.8
16590,2021-03-21 10:01:00,27.05,27.8,26.65,27.8,3900,58575,38.66,26.5,27.8
16591,2021-03-21 10:02:00,27.05,27.8,26.65,27.8,3900,58575,38.66,26.5,27.8
16592,2021-03-21 10:03:00,27.05,27.8,26.65,27.8,3900,58575,38.66,26.5,27.8
16593,2021-03-21 10:04:00,27.05,27.8,26.65,27.8,3900,58575,38.66,26.5,27.8
16594,2021-03-21 10:05:00,27.05,27.8,26.65,27.8,3900,58575,38.66,26.5,27.8
16595,2021-03-21 10:06:00,27.05,27.8,26.65,27.8,3900,58575,38.66,26.5,27.8
16596,2021-03-21 10:07:00,27.05,27.8,26.65,27.8,3900,58575,38.66,26.5,27.8
16597,2021-03-21 10:08:00,27.05,27.8,26.65,27.8,3900,58575,38.66,26.5,27.8
16598,2021-03-21 10:09:00,27.05,27.8,26.65,27.8,3900,58575,38.66,26.5,27.8
16599,2021-03-21 10:10:00,27.05,27.8,26.65,27.8,3900,58575,38.66,26.5,27.8
16600,2021-03-21 10:11:00,27.05,27.8,26.65,27.8,3900,58575,38.66,26.5,27.8
16601,2021-03-21 10:12:00,27.05,27.8,26.65,27.8,3900,58575,38.66,26.5,27.8
16602,2021-03-21 10:13:00,27.05,27.8,26.65,27.8,3900,58575,38.66,26.5,27.8
16603,2021-03-21 10:14:00,27.05,27.8,26.65,27.8,3900,58575,38.66,26.5,27.8
16604,2021-03-21 10:15:00,27.05,27.8,26.65,27.8,3900,58575,38.66,26.5,27.8
16605,2021-03-21 10:16:00,27.05,27.8,26.65,27.8,3900,58575,38.66,26.5,27.8
16606,2021-03-21 10:17:00,27.05,27.8,26.65,27.8,3900,58575,38.66,26.5,27.8
16607,2021-03-21 10:18:00,27.05,27.8,26.65,27.8,3900,58575,38.66,26.5,27.8
16608,2021-03-21 10:19:00,27.05,27.8,26.65,27.8,3900,58575,38.66,26.5,27.8
16609,2021-03-21 10:20:00,27.05,27.8,26.65,27.8,3900,58575,38.66,26.5,27.8
16610,2021-03-21 10:21:00,27.05,27.8,26.65,27.8,3900,58575,38.66,26.5,27.8
16611,2021-03-21 10:22:00,27.05,27.8,26.65,27.8,3900,58575,38.66,26.5,27.8
16612,2021-03-21 10:23:00,27.05,27.8,26.65,27.8,3900,58575,38.66,26.5,27.8
16613,2021-03-21 10:24:00,27.05,27.8,26.65,27.8,3900,58575,38.66,26.5,27.8
16614,2021-03-21 10:25:00,27.05,27.8,26.65,27.8,3900,58575,38.66,26.5,27.8
16615,2021-03-21 10:26:00,27.05,27.8,26.65,27.8,3900,58575,38.66,26.5,27.8
16616,2021-03-21 10:27:00,27.05,27.8,26.65,27.8,3900,58575,38.66,26.5,27.8
16617,2021-03-21 10:28:00,27.05,27.8,26.65,27.8,3900,58575,38.66,26.5,27.8
16618,2021-03-21 10:29:00,27.05,27.8,26.65,27.8,3900,58575,38.66,26.5,27.8
16619,2021-03-21 10:30:00,27.05,27.8,26.65,27.8,3900,58575,38.66,26.5,27.8
16620,2021-03-21 10:31:00,27.05,27.8,26.65,27.8,3900,58575,38.66,26.5,27.8
16621,2021-03-21 10:32:00,27.05,27.8,26.65,27.8,3900,58575,38.66,26.5,27.8
16622,2021-03-21 10:33:00,27.05,27.8,26.65,27.8,3900,58575,38.66,26.5,27.8
16623,2021-03-21 10:34:00,27.05,27.8,26.65,27.8,3900,58575,38.66,26.5,27.8
16624,2021-03-21 10:35:00,27.05,27.8,26.65,27.8,3900,58575,38.66,26.5,27.8
16625,2021-03-21 10:36:00,27.05,27.8,26.65,27.8,3900,58575,38.66,26.5,27.8
16626,2021-03-21 10:37:00,27.05,27.8,26.65,27.8,3900,58575,38.66,26.5,27.8
16627,2021-03-21 10:38:00,27.05,27.8,26.65,27.8,3900,58575,38.66,26.5,27.8
16628,2021-03-21 10:39:00,27.05,27.8,26.65,27.8,3900,58575,38.66,26.5,27.8
16629,2021-03-21 10:40:00,27.05,27.8,26.65,27.8,3900,58575,38.66,26.5,27.8
16630,2021-03-21 10:41:00,27.05,27.8,26.65,27.8,3900,58575,38.66,26.5,27.8
16631,2021-03-21 10:42:00,27.05,27.8,26.65,27.8,3900,58575,38.66,26.5,27.8
16632,2021-03-21 10:43:00,27.05,27.8,26.65,27.8,3900,58575,38.66,26.5,27.8
16633,2021-03-21 10:44:00,27.05,27.8,26.65,27.8,3900,58575,38.66,26.5,27.8
16634,2021-03-21 10:45:00,27.05,27.8,26.65,27.8,3900,58575,38.66,26.5,27.8
16635,2021-03-21 10:46:00,27.05,27.8,26.65,27.8,3900,58575,38.66,26.5,27.8
16636,2021-03-21 10:47:00,27.05,27.8,26.65,27.8,3900,58575,38.66,26.5,27.8
16637,2021-03-21 10:48:00,27.05,27.8,26.65,27.8,3900,58575,38.66,26.5,27.8
16638,2021-03-21 10:49:00,27.05,27.8,26.65,27.8,3900,58575,38.66,26.5,27.8
16639,2021-03-21 10:50:00,27.05,27.8,26.65,27.8,3900,58575,38.66,26.5,27.8
16640,2021-03-21 10:51:00,27.05,27.8,26.65,27.8,3900,58575,38.66,26.5,27.8
16641,2021-03-21 10:52:00,27.05,27.8,26.65,27.8,3900,58575,38.66,26.5,27.8
16642,2021-03-21 10:53:00,27.05,27.8,26.65,27.8,3900,58575,38.66,26.5,27.8
16643,2021-03-21 10:54:00,27.05,27.8,26.65,27.8,3900,58575,38.66,26.5,27.8
16644,2021-03-21 10:55:00,27.05,27.8,26.65,27.8,3900,58575,38.66,26.5,27.8
16645,2021-03-21 10:56:00,27.05,27.8,26.65,27.8,3900,58575,38.66,26.5,27.8
16646,2021-03-21 10:57:00,27.05,27.8,26.65,27.8,3900,58575,38.66,26.5,27.8
16647,2021-03-21 10:58:00,27.05,27.8,26.65,27.8,3900,58575,38.66,26.5,27.8
16648,2021-03-21 10:59:00,27.05,27.8,26.65,27.8,3900,58575,38.66,26.5,27.8
16649,2021-03-21 11:00:00,27.05,27.8,26.65,27.8,3900,58575,38.66,26.5,27.8
16650,2021-03-21 11:01:00,27.05,27.8,26.65,27.8,3900,58575,38.66,26.5,27.8
16651,2021-03-21 11:02:00,27.05,27.8,26.65,27.8,3900,58575,38.66,26.5,27.8
16652,2021-03-21 11:03:00,27.05,27.8,26.65,27.8,3900,58575,38.66,26.5,27.8
16653,2021-03-21 11:04:00,27.05,27.8,26.65,27.8,3900,58575,38.66,26.5,27.8
16654,2021-03-21 11:05:00,27.05,27.8,26.65,27.8,3900,58575,38.66,26.5,27.8
16655,2021-03-21 11:06:00,27.05,27.8,26.65,27.8,3900,58575,38.66,26.5,27.8
16656,2021-03-21 11:07:00,27.05,27.8,26.65,27.8,3900,58575,38.66,26.5,27.8
16657,2021-03-21 11:08:00,27.05,27.8,26.65,27.8,3900,58575,38.66,26.5,27.8
16658,2021-03-21 11:09:00,27.05,27.8,26.65,27.8,3900,58575,38.66,26.5,27.8
16659,2021-03-21 11:10:00,27.05,27.8,26.65,27.8,3900,58575,38.66,26.5,27.8
16660,2021-03-21 11:11:00,27.05,27.8,26.65,27.8,3900,58575,38.66,26.5,27.8
16661,2021-03-21 11:12:00,27.05,27.8,26.65,27.8,3900,58575,38.66,26.5,27.8
16662,2021-03-21 11:13:00,27.05,27.8,26.65,27.8,3900,58575,38.66,26.5,27.8
16663,2021-03-21 11:14:00,27.05,27.8,26.65,27.8,3900,58575,38.66,26.5,27.8
16664,2021-03-21 11:15:00,27.05,27.8,26.65,27.8,3900,58575,38.66,26.5,27.8
16665,2021-03-21 11:16:00,27.05,27.8,26.65,27.8,3900,58575,38.66,26.5,27.8
16666,2021-03-21 11:17:00,27.05,27.8,26.65,27.8,3900,58575,38.66,26.5,27.8
16667,2021-03-21 11:18:00,27.05,27.8,26.65,27.8,3900,58575,38.66,26.5,27.8
16668,2021-03-21 11:19:00,27.05,27.8,26.65,27.8,3900,58575,38.66,26.5,27.8
16669,2021-03-21 11:20:00,27.05,27.8,26.65,27.8,3900,58575,38.66,26.5,27.8
16670,2021-03-21 11:21:00,27.05,27.8,26.65,27.8,3900,58575,38.66,26.5,27.8
16671,2021-03-21 11:22:00,27.05,27.8,26.65,27.8,3900,58575,38.66,26.5,27.8
16672,2021-03-21 11:23:00,27.05,27.8,26.65,27.8,3900,58575,38.66,26.5,27.8
16673,2021-03-21 11:24:00,27.05,27.8,26.65,27.8,3900,58575,38.66,26.5,27.8
16674,2021-03-21 11:25:00,27.05,27.8,26.65,27.8,3900,58575,38.66,26.5,27.8
16675,2021-03-21 11:26:00,27.05,27.8,26.65,27.8,3900,58575,38.66,26.5,27.8
16676,2021-03-21 11:27:00,27.05,27.8,26.65,27.8,3900,58575,38.66,26.5,27.8
16677,2021-03-21 11:28:00,27.05,27.8,26.65,27.8,3900,58575,38.66,26.5,27.8
16678,2021-03-21 11:29:00,27.05,27.8,26.65,27.8,3900,58575,38.66,26.5,27.8
16679,2021-03-21 11:30:00,27.05,27.8,26.65,27.8,3900,58575,38.66,26.5,27.8
16680,2021-03-21 11:31:00,27.05,27.8,26.65,27.8,3900,58575,38.66,26.5,27.8
16681,2021-03-21 11:32:00,27.05,27.8,26.65,27.8,3900,58575,38.66,26.5,27.8
16682,2021-03-21 11:33:00,27.05,27.8,26.65,27.8,3900,58575,38.66,26.5,27.8
16683,2021-03-21 11:34:00,27.05,27.8,26.65,27.8,3900,58575,38.66,26.5,27.8
16684,2021-03-21 11:35:00,27.05,27.8,26.65,27.8,3900,58575,38.66,26.5,27.8
16685,2021-03-21 11:36:00,27.05,27.8,26.65,27.8,3900,58575,38.66,26.5,27.8
16686,2021-03-21 11:37:00,27.05,27.8,26.65,27.8,3900,58575,38.66,26.5,27.8
16687,2021-03-21 11:38:00,27.05,27.8,26.65,27.8,3900,58575,38.66,26.5,27.8
16688,2021-03-21 11:39:00,27.05,27.8,26.65,27.8,3900,58575,38.66,26.5,27.8
16689,2021-03-21 11:40:00,27.05,27.8,26.65,27.8,3900,58575,38.66,26.5,27.8
16690,2021-03-21 11:41:00,27.05,27.8,26.65,27.8,3900,58575,38.66,26.5,27.8
16691,2021-03-21 11:42:00,27.05,27.8,26.65,27.8,3900,58575,38.66,26.5,27.8
16692,2021-03-21 11:43:00,27.05,27.8,26.65,27.8,3900,58575,38.66,26.5,27.8
16693,2021-03-21 11:44:00,27.05,27.8,26.65,27.8,3900,58575,38.66,26.5,27.8
16694,2021-03-21 11:45:00,27.05,27.8,26.65,27.8,3900,58575,38.66,26.5,27.8
16695,2021-03-21 11:46:00,27.05,27.8,26.65,27.8,3900,58575,38.66,26.5,27.8
16696,2021-03-21 11:47:00,27.05,27.8,26.65,27.8,3900,58575,38.66,26.5,27.8
16697,2021-03-21 11:48:00,27.05,27.8,26.65,27.8,3900,58575,38.66,26.5,27.8
16698,2021-03-21 11:49:00,27.05,27.8,26.65,27.8,3900,58575,38.66,26.5,27.8
16699,2021-03-21 11:50:00,27.05,27.8,26.65,27.8,3900,58575,38.66,26.5,27.8
16700,2021-03-21 11:51:00,27.05,27.8,26.65,27.8,3900,58575,38.66,26.5,27.8
16701,2021-03-21 11:52:00,27.05,27.8,26.65,27.8,3900,58575,38.66,26.5,27.8
16702,2021-03-21 11:53:00,27.05,27.8,26.65,27.8,3900,58575,38.66,26.5,27.8
16703,2021-03-21 11:54:00,27.05,27.8,26.65,27.8,3900,58575,38.66,26.5,27.8
16704,2021-03-21 11:55:00,27.05,27.8,26.65,27.8,3900,58575,38.66,26.5,27.8
16705,2021-03-21 11:56:00,27.05,27.8,26.65,27.8,3900,58575,38.66,26.5,27.8
16706,2021-03-21 11:57:00,27.05,27.8,26.65,27.8,3900,58575,38.66,26.5,27.8
16707,2021-03-21 11:58:00,27.05,27.8,26.65,27.8,3900,58575,38.66,26.5,27.8
16708,2021-03-21 11:59:00,27.05,27.8,26.65,27.8,3900,58575,38.66,26.5,27.8
16709,2021-03-21 12:00:00,27.05,27.8,26.65,27.8,3900,58575,38.66,26.5,27.8
16710,2021-03-21 12:01:00,27.05,27.8,26.65,27.8,3900,58575,38.66,26.5,27.8
16711,2021-03-21 12:02:00,27.05,27.8,26.65,27.8,3900,58575,38.66,26.5,27.8
16712,2021-03-21 12:03:00,27.05,27.8,26.65,27.8,3900,58575,38.66,26.5,27.8
16713,2021-03-21 12:04:00,27.05,27.8,26.65,27.8,3900,58575,38.66,26.5,27.8
16714,2021-03-21 12:05:00,27.05,27.8,26.65,27.8,3900,58575,38.66,26.5,27.8
16715,2021-03-21 12:06:00,27.05,27.8,26.65,27.8,3900,58575,38.66,26.5,27.8
16716,2021-03-21 12:07:00,27.05,27.8,26.65,27.8,3900,58575,38.66,26.5,27.8
16717,2021-03-21 12:08:00,27.05,27.8,26.65,27.8,3900,58575,38.66,26.5,27.8
16718,2021-03-21 12:09:00,27.05,27.8,26.65,27.8,3900,58575,38.66,26.5,27.8
16719,2021-03-21 12:10:00,27.05,27.8,26.65,27.8,3900,58575,38.66,26.5,27.8
16720,2021-03-21 12:11:00,27.05,27.8,26.65,27.8,3900,58575,38.66,26.5,27.8
16721,2021-03-21 12:12:00,27.05,27.8,26.65,27.8,3900,58575,38.66,26.5,27.8
16722,2021-03-21 12:13:00,27.05,27.8,26.65,27.8,3900,58575,38.66,26.5,27.8
16723,2021-03-21 12:14:00,27.05,27.8,26.65,27.8,3900,58575,38.66,26.5,27.8
16724,2021-03-21 12:15:00,27.05,27.8,26.65,27.8,3900,58575,38.66,26.5,27.8
16725,2021-03-21 12:16:00,27.05,27.8,26.65,27.8,3900,58575,38.66,26.5,27.8
16726,2021-03-21 12:17:00,27.05,27.8,26.65,27.8,3900,58575,38.66,26.5,27.8
16727,2021-03-21 12:18:00,27.05,27.8,26.65,27.8,3900,58575,38.66,26.5,27.8
16728,2021-03-21 12:19:00,27.05,27.8,26.65,27.8,3900,58575,38.66,26.5,27.8
16729,2021-03-21 12:20:00,27.05,27.8,26.65,27.8,3900,58575,38.66,26.5,27.8
16730,2021-03-21 12:21:00,27.05,27.8,26.65,27.8,3900,58575,38.66,26.5,27.8
16731,2021-03-21 12:22:00,27.05,27.8,26.65,27.8,3900,58575,38.66,26.5,27.8
16732,2021-03-21 12:23:00,27.05,27.8,26.65,27.8,3900,58575,38.66,26.5,27.8
16733,2021-03-21 12:24:00,27.05,27.8,26.65,27.8,3900,58575,38.66,26.5,27.8
16734,2021-03-21 12:25:00,27.05,27.8,26.65,27.8,3900,58575,38.66,26.5,27.8
16735,2021-03-21 12:26:00,27.05,27.8,26.65,27.8,3900,58575,38.66,26.5,27.8
16736,2021-03-21 12:27:00,27.05,27.8,26.65,27.8,3900,58575,38.66,26.5,27.8
16737,2021-03-21 12:28:00,27.05,27.8,26.65,27.8,3900,58575,38.66,26.5,27.8
16738,2021-03-21 12:29:00,27.05,27.8,26.65,27.8,3900,58575,38.66,26.5,27.8
16739,2021-03-21 12:30:00,27.05,27.8,26.65,27.8,3900,58575,38.66,26.5,27.8
16740,2021-03-21 12:31:00,27.05,27.8,26.65,27.8,3900,58575,38.66,26.5,27.8
16741,2021-03-21 12:32:00,27.05,27.8,26.65,27.8,3900,58575,38.66,26.5,27.8
16742,2021-03-21 12:33:00,27.05,27.8,26.65,27.8,3900,58575,38.66,26.5,27.8
16743,2021-03-21 12:34:00,27.05,27.8,26.65,27.8,3900,58575,38.66,26.5,27.8
16744,2021-03-21 12:35:00,27.05,27.8,26.65,27.8,3900,58575,38.66,26.5,27.8
16745,2021-03-21 12:36:00,27.05,27.8,26.65,27.8,3900,58575,38.66,26.5,27.8
16746,2021-03-21 12:37:00,27.05,27.8,26.65,27.8,3900,58575,38.66,26.5,27.8
16747,2021-03-21 12:38:00,27.05,27.8,26.65,27.8,3900,58575,38.66,26.5,27.8
16748,2021-03-21 12:39:00,27.05,27.8,26.65,27.8,3900,58575,38.66,26.5,27.8
16749,2021-03-21 12:40:00,27.05,27.8,26.65,27.8,3900,58575,38.66,26.5,27.8
16750,2021-03-21 12:41:00,27.05,27.8,26.65,27.8,3900,58575,38.66,26.5,27.8
16751,2021-03-21 12:42:00,27.05,27.8,26.65,27.8,3900,58575,38.66,26.5,27.8
16752,2021-03-21 12:43:00,27.05,27.8,26.65,27.8,3900,58575,38.66,26.5,27.8
16753,2021-03-21 12:44:00,27.05,27.8,26.65,27.8,3900,58575,38.66,26.5,27.8
16754,2021-03-21 12:45:00,27.05,27.8,26.65,27.8,3900,58575,38.66,26.5,27.8
16755,2021-03-21 12:46:00,27.05,27.8,26.65,27.8,3900,58575,38.66,26.5,27.8
16756,2021-03-21 12:47:00,27.05,27.8,26.65,27.8,3900,58575,38.66,26.5,27.8
16757,2021-03-21 12:48:00,27.05,27.8,26.65,27.8,3900,58575,38.66,26.5,27.8
16758,2021-03-21 12:49:00,27.05,27.8,26.65,27.8,3900,58575,38.66,26.5,27.8
16759,2021-03-21 12:50:00,27.05,27.8,26.65,27.8,3900,58575,38.66,26.5,27.8
16760,2021-03-21 12:51:00,27.05,27.8,26.65,27.8,3900,58575,38.66,26.5,27.8
16761,2021-03-21 12:52:00,27.05,27.8,26.65,27.8,3900,58575,38.66,26.5,27.8
16762,2021-03-21 12:53:00,27.05,27.8,26.65,27.8,3900,58575,38.66,26.5,27.8
16763,2021-03-21 12:54:00,27.05,27.8,26.65,27.8,3900,58575,38.66,26.5,27.8
16764,2021-03-21 12:55:00,27.05,27.8,26.65,27.8,3900,58575,38.66,26.5,27.8
16765,2021-03-21 12:56:00,27.05,27.8,26.65,27.8,3900,58575,38.66,26.5,27.8
16766,2021-03-21 12:57:00,27.05,27.8,26.65,27.8,3900,58575,38.66,26.5,27.8
16767,2021-03-21 12:58:00,27.05,27.8,26.65,27.8,3900,58575,38.66,26.5,27.8
16768,2021-03-21 12:59:00,27.05,27.8,26.65,27.8,3900,58575,38.66,26.5,27.8
16769,2021-03-21 13:00:00,27.05,27.8,26.65,27.8,3900,58575,38.66,26.5,27.8
16770,2021-03-21 13:01:00,27.05,27.8,26.65,27.8,3900,58575,38.66,26.5,27.8
16771,2021-03-21 13:02:00,27.05,27.8,26.65,27.8,3900,58575,38.66,26.5,27.8
16772,2021-03-21 13:03:00,27.05,27.8,26.65,27.8,3900,58575,38.66,26.5,27.8
16773,2021-03-21 13:04:00,27.05,27.8,26.65,27.8,3900,58575,38.66,26.5,27.8
16774,2021-03-21 13:05:00,27.05,27.8,26.65,27.8,3900,58575,38.66,26.5,27.8
16775,2021-03-21 13:06:00,27.05,27.8,26.65,27.8,3900,58575,38.66,26.5,27.8
16776,2021-03-21 13:07:00,27.05,27.8,26.65,27.8,3900,58575,38.66,26.5,27.8
16777,2021-03-21 13:08:00,27.05,27.8,26.65,27.8,3900,58575,38.66,26.5,27.8
16778,2021-03-21 13:09:00,27.05,27.8,26.65,27.8,3900,58575,38.66,26.5,27.8
16779,2021-03-21 13:10:00,27.05,27.8,26.65,27.8,3900,58575,38.66,26.5,27.8
16780,2021-03-21 13:11:00,27.05,27.8,26.65,27.8,3900,58575,38.66,26.5,27.8
16781,2021-03-21 13:12:00,27.05,27.8,26.65,27.8,3900,58575,38.66,26.5,27.8
16782,2021-03-21 13:13:00,27.05,27.8,26.65,27.8,3900,58575,38.66,26.5,27.8
16783,2021-03-21 13:14:00,27.05,27.8,26.65,27.8,3900,58575,38.66,26.5,27.8
16784,2021-03-21 13:15:00,27.05,27.8,26.65,27.8,3900,58575,38.66,26.5,27.8
16785,2021-03-21 13:16:00,27.05,27.8,26.65,27.8,3900,58575,38.66,26.5,27.8
16786,2021-03-21 13:17:00,27.05,27.8,26.65,27.8,3900,58575,38.66,26.5,27.8
16787,2021-03-21 13:18:00,27.05,27.8,26.65,27.8,3900,58575,38.66,26.5,27.8
16788,2021-03-21 13:19:00,27.05,27.8,26.65,27.8,3900,58575,38.66,26.5,27.8
16789,2021-03-21 13:20:00,27.05,27.8,26.65,27.8,3900,58575,38.66,26.5,27.8
16790,2021-03-21 13:21:00,27.05,27.8,26.65,27.8,3900,58575,38.66,26.5,27.8
16791,2021-03-21 13:22:00,27.05,27.8,26.65,27.8,3900,58575,38.66,26.5,27.8
16792,2021-03-21 13:23:00,27.05,27.8,26.65,27.8,3900,58575,38.66,26.5,27.8
16793,2021-03-21 13:24:00,27.05,27.8,26.65,27.8,3900,58575,38.66,26.5,27.8
16794,2021-03-21 13:25:00,27.05,27.8,26.65,27.8,3900,58575,38.66,26.5,27.8
16795,2021-03-21 13:26:00,27.05,27.8,26.65,27.8,3900,58575,38.66,26.5,27.8
16796,2021-03-21 13:27:00,27.05,27.8,26.65,27.8,3900,58575,38.66,26.5,27.8
16797,2021-03-21 13:28:00,27.05,27.8,26.65,27.8,3900,58575,38.66,26.5,27.8
16798,2021-03-21 13:29:00,27.05,27.8,26.65,27.8,3900,58575,38.66,26.5,27.8
16799,2021-03-21 13:30:00,27.05,27.8,26.65,27.8,3900,58575,38.66,26.5,27.8
16800,2021-03-21 13:31:00,27.05,27.8,26.65,27.8,3900,58575,38.66,26.5,27.8
16801,2021-03-21 13:32:00,27.05,27.8,26.65,27.8,3900,58575,38.66,26.5,27.8
16802,2021-03-21 13:33:00,27.05,27.8,26.65,27.8,3900,58575,38.66,26.5,27.8
16803,2021-03-21 13:34:00,27.05,27.8,26.65,27.8,3900,58575,38.66,26.5,27.8
16804,2021-03-21 13:35:00,27.05,27.8,26.65,27.8,3900,58575,38.66,26.5,27.8
16805,2021-03-21 13:36:00,27.05,27.8,26.65,27.8,3900,58575,38.66,26.5,27.8
16806,2021-03-21 13:37:00,27.05,27.8,26.65,27.8,3900,58575,38.66,26.5,27.8
16807,2021-03-21 13:38:00,27.05,27.8,26.65,27.8,3900,58575,38.66,26.5,27.8
16808,2021-03-21 13:39:00,27.05,27.8,26.65,27.8,3900,58575,38.66,26.5,27.8
16809,2021-03-21 13:40:00,27.05,27.8,26.65,27.8,3900,58575,38.66,26.5,27.8
16810,2021-03-21 13:41:00,27.05,27.8,26.65,27.8,3900,58575,38.66,26.5,27.8
16811,2021-03-21 13:42:00,27.05,27.8,26.65,27.8,3900,58575,38.66,26.5,27.8
16812,2021-03-21 13:43:00,27.05,27.8,26.65,27.8,3900,58575,38.66,26.5,27.8
16813,2021-03-21 13:44:00,27.05,27.8,26.65,27.8,3900,58575,38.66,26.5,27.8
16814,2021-03-21 13:45:00,27.05,27.8,26.65,27.8,3900,58575,38.66,26.5,27.8
16815,2021-03-21 13:46:00,27.05,27.8,26.65,27.8,3900,58575,38.66,26.5,27.8
16816,2021-03-21 13:47:00,27.05,27.8,26.65,27.8,3900,58575,38.66,26.5,27.8
16817,2021-03-21 13:48:00,27.05,27.8,26.65,27.8,3900,58575,38.66,26.5,27.8
16818,2021-03-21 13:49:00,27.05,27.8,26.65,27.8,3900,58575,38.66,26.5,27.8
16819,2021-03-21 13:50:00,27.05,27.8,26.65,27.8,3900,58575,38.66,26.5,27.8
16820,2021-03-21 13:51:00,27.05,27.8,26.65,27.8,3900,58575,38.66,26.5,27.8
16821,2021-03-21 13:52:00,27.05,27.8,26.65,27.8,3900,58575,38.66,26.5,27.8
16822,2021-03-21 13:53:00,27.05,27.8,26.65,27.8,3900,58575,38.66,26.5,27.8
16823,2021-03-21 13:54:00,27.05,27.8,26.65,27.8,3900,58575,38.66,26.5,27.8
16824,2021-03-21 13:55:00,27.05,27.8,26.65,27.8,3900,58575,38.66,26.5,27.8
16825,2021-03-21 13:56:00,27.05,27.8,26.65,27.8,3900,58575,38.66,26.5,27.8
16826,2021-03-21 13:57:00,27.05,27.8,26.65,27.8,3900,58575,38.66,26.5,27.8
16827,2021-03-21 13:58:00,27.05,27.8,26.65,27.8,3900,58575,38.66,26.5,27.8
16828,2021-03-21 13:59:00,27.05,27.8,26.65,27.8,3900,58575,38.66,26.5,27.8
16829,2021-03-21 14:00:00,27.05,27.8,26.65,27.8,3900,58575,38.66,26.5,27.8
16830,2021-03-21 14:01:00,27.05,27.8,26.65,27.8,3900,58575,38.66,26.5,27.8
16831,2021-03-21 14:02:00,27.05,27.8,26.65,27.8,3900,58575,38.66,26.5,27.8
16832,2021-03-21 14:03:00,27.05,27.8,26.65,27.8,3900,58575,38.66,26.5,27.8
16833,2021-03-21 14:04:00,27.05,27.8,26.65,27.8,3900,58575,38.66,26.5,27.8
16834,2021-03-21 14:05:00,27.05,27.8,26.65,27.8,3900,58575,38.66,26.5,27.8
16835,2021-03-21 14:06:00,27.05,27.8,26.65,27.8,3900,58575,38.66,26.5,27.8
16836,2021-03-21 14:07:00,27.05,27.8,26.65,27.8,3900,58575,38.66,26.5,27.8
16837,2021-03-21 14:08:00,27.05,27.8,26.65,27.8,3900,58575,38.66,26.5,27.8
16838,2021-03-21 14:09:00,27.05,27.8,26.65,27.8,3900,58575,38.66,26.5,27.8
16839,2021-03-21 14:10:00,27.05,27.8,26.65,27.8,3900,58575,38.66,26.5,27.8
16840,2021-03-21 14:11:00,27.05,27.8,26.65,27.8,3900,58575,38.66,26.5,27.8
16841,2021-03-21 14:12:00,27.05,27.8,26.65,27.8,3900,58575,38.66,26.5,27.8
16842,2021-03-21 14:13:00,27.05,27.8,26.65,27.8,3900,58575,38.66,26.5,27.8
16843,2021-03-21 14:14:00,27.05,27.8,26.65,27.8,3900,58575,38.66,26.5,27.8
16844,2021-03-21 14:15:00,27.05,27.8,26.65,27.8,3900,58575,38.66,26.5,27.8
16845,2021-03-21 14:16:00,27.05,27.8,26.65,27.8,3900,58575,38.66,26.5,27.8
16846,2021-03-21 14:17:00,27.05,27.8,26.65,27.8,3900,58575,38.66,26.5,27.8
16847,2021-03-21 14:18:00,27.05,27.8,26.65,27.8,3900,58575,38.66,26.5,27.8
16848,2021-03-21 14:19:00,27.05,27.8,26.65,27.8,3900,58575,38.66,26.5,27.8
16849,2021-03-21 14:20:00,27.05,27.8,26.65,27.8,3900,58575,38.66,26.5,27.8
16850,2021-03-21 14:21:00,27.05,27.8,26.65,27.8,3900,58575,38.66,26.5,27.8
16851,2021-03-21 14:22:00,27.05,27.8,26.65,27.8,3900,58575,38.66,26.5,27.8
16852,2021-03-21 14:23:00,27.05,27.8,26.65,27.8,3900,58575,38.66,26.5,27.8
16853,2021-03-21 14:24:00,27.05,27.8,26.65,27.8,3900,58575,38.66,26.5,27.8
16854,2021-03-21 14:25:00,27.05,27.8,26.65,27.8,3900,58575,38.66,26.5,27.8
16855,2021-03-21 14:26:00,27.05,27.8,26.65,27.8,3900,58575,38.66,26.5,27.8
16856,2021-03-21 14:27:00,27.05,27.8,26.65,27.8,3900,58575,38.66,26.5,27.8
16857,2021-03-21 14:28:00,27.05,27.8,26.65,27.8,3900,58575,38.66,26.5,27.8
16858,2021-03-21 14:29:00,27.05,27.8,26.65,27.8,3900,58575,38.66,26.5,27.8
16859,2021-03-21 14:30:00,27.05,27.8,26.65,27.8,3900,58575,38.66,26.5,27.8
16860,2021-03-21 14:31:00,27.05,27.8,26.65,27.8,3900,58575,38.66,26.5,27.8
16861,2021-03-21 14:32:00,27.05,27.8,26.65,27.8,3900,58575,38.66,26.5,27.8
16862,2021-03-21 14:33:00,27.05,27.8,26.65,27.8,3900,58575,38.66,26.5,27.8
16863,2021-03-21 14:34:00,27.05,27.8,26.65,27.8,3900,58575,38.66,26.5,27.8
16864,2021-03-21 14:35:00,27.05,27.8,26.65,27.8,3900,58575,38.66,26.5,27.8
16865,2021-03-21 14:36:00,27.05,27.8,26.65,27.8,3900,58575,38.66,26.5,27.8
16866,2021-03-21 14:37:00,27.05,27.8,26.65,27.8,3900,58575,38.66,26.5,27.8
16867,2021-03-21 14:38:00,27.05,27.8,26.65,27.8,3900,58575,38.66,26.5,27.8
16868,2021-03-21 14:39:00,27.05,27.8,26.65,27.8,3900,58575,38.66,26.5,27.8
16869,2021-03-21 14:40:00,27.05,27.8,26.65,27.8,3900,58575,38.66,26.5,27.8
16870,2021-03-21 14:41:00,27.05,27.8,26.65,27.8,3900,58575,38.66,26.5,27.8
16871,2021-03-21 14:42:00,27.05,27.8,26.65,27.8,3900,58575,38.66,26.5,27.8
16872,2021-03-21 14:43:00,27.05,27.8,26.65,27.8,3900,58575,38.66,26.5,27.8
16873,2021-03-21 14:44:00,27.05,27.8,26.65,27.8,3900,58575,38.66,26.5,27.8
16874,2021-03-21 14:45:00,27.05,27.8,26.65,27.8,3900,58575,38.66,26.5,27.8
16875,2021-03-21 14:46:00,27.05,27.8,26.65,27.8,3900,58575,38.66,26.5,27.8
16876,2021-03-21 14:47:00,27.05,27.8,26.65,27.8,3900,58575,38.66,26.5,27.8
16877,2021-03-21 14:48:00,27.05,27.8,26.65,27.8,3900,58575,38.66,26.5,27.8
16878,2021-03-21 14:49:00,27.05,27.8,26.65,27.8,3900,58575,38.66,26.5,27.8
16879,2021-03-21 14:50:00,27.05,27.8,26.65,27.8,3900,58575,38.66,26.5,27.8
16880,2021-03-21 14:51:00,27.05,27.8,26.65,27.8,3900,58575,38.66,26.5,27.8
16881,2021-03-21 14:52:00,27.05,27.8,26.65,27.8,3900,58575,38.66,26.5,27.8
16882,2021-03-21 14:53:00,27.05,27.8,26.65,27.8,3900,58575,38.66,26.5,27.8
16883,2021-03-21 14:54:00,27.05,27.8,26.65,27.8,3900,58575,38.66,26.5,27.8
16884,2021-03-21 14:55:00,27.05,27.8,26.65,27.8,3900,58575,38.66,26.5,27.8
16885,2021-03-21 14:56:00,27.05,27.8,26.65,27.8,3900,58575,38.66,26.5,27.8
16886,2021-03-21 14:57:00,27.05,27.8,26.65,27.8,3900,58575,38.66,26.5,27.8
16887,2021-03-21 14:58:00,27.05,27.8,26.65,27.8,3900,58575,38.66,26.5,27.8
16888,2021-03-21 14:59:00,27.05,27.8,26.65,27.8,3900,58575,38.66,26.5,27.8
16889,2021-03-21 15:00:00,27.05,27.8,26.65,27.8,3900,58575,38.66,26.5,27.8
16890,2021-03-21 15:01:00,27.05,27.8,26.65,27.8,3900,58575,38.66,26.5,27.8
16891,2021-03-21 15:02:00,27.05,27.8,26.65,27.8,3900,58575,38.66,26.5,27.8
16892,2021-03-21 15:03:00,27.05,27.8,26.65,27.8,3900,58575,38.66,26.5,27.8
16893,2021-03-21 15:04:00,27.05,27.8,26.65,27.8,3900,58575,38.66,26.5,27.8
16894,2021-03-21 15:05:00,27.05,27.8,26.65,27.8,3900,58575,38.66,26.5,27.8
16895,2021-03-21 15:06:00,27.05,27.8,26.65,27.8,3900,58575,38.66,26.5,27.8
16896,2021-03-21 15:07:00,27.05,27.8,26.65,27.8,3900,58575,38.66,26.5,27.8
16897,2021-03-21 15:08:00,27.05,27.8,26.65,27.8,3900,58575,38.66,26.5,27.8
16898,2021-03-21 15:09:00,27.05,27.8,26.65,27.8,3900,58575,38.66,26.5,27.8
16899,2021-03-21 15:10:00,27.05,27.8,26.65,27.8,3900,58575,38.66,26.5,27.8
16900,2021-03-21 15:11:00,27.05,27.8,26.65,27.8,3900,58575,38.66,26.5,27.8
16901,2021-03-21 15:12:00,27.05,27.8,26.65,27.8,3900,58575,38.66,26.5,27.8
16902,2021-03-21 15:13:00,27.05,27.8,26.65,27.8,3900,58575,38.66,26.5,27.8
16903,2021-03-21 15:14:00,27.05,27.8,26.65,27.8,3900,58575,38.66,26.5,27.8
16904,2021-03-21 15:15:00,27.05,27.8,26.65,27.8,3900,58575,38.66,26.5,27.8
16905,2021-03-21 15:16:00,27.05,27.8,26.65,27.8,3900,58575,38.66,26.5,27.8
16906,2021-03-21 15:17:00,27.05,27.8,26.65,27.8,3900,58575,38.66,26.5,27.8
16907,2021-03-21 15:18:00,27.05,27.8,26.65,27.8,3900,58575,38.66,26.5,27.8
16908,2021-03-21 15:19:00,27.05,27.8,26.65,27.8,3900,58575,38.66,26.5,27.8
16909,2021-03-21 15:20:00,27.05,27.8,26.65,27.8,3900,58575,38.66,26.5,27.8
16910,2021-03-21 15:21:00,27.05,27.8,26.65,27.8,3900,58575,38.66,26.5,27.8
16911,2021-03-21 15:22:00,27.05,27.8,26.65,27.8,3900,58575,38.66,26.5,27.8
16912,2021-03-21 15:23:00,27.05,27.8,26.65,27.8,3900,58575,38.66,26.5,27.8
16913,2021-03-21 15:24:00,27.05,27.8,26.65,27.8,3900,58575,38.66,26.5,27.8
16914,2021-03-21 15:25:00,27.05,27.8,26.65,27.8,3900,58575,38.66,26.5,27.8
16915,2021-03-21 15:26:00,27.05,27.8,26.65,27.8,3900,58575,38.66,26.5,27.8
16916,2021-03-21 15:27:00,27.05,27.8,26.65,27.8,3900,58575,38.66,26.5,27.8
16917,2021-03-21 15:28:00,27.05,27.8,26.65,27.8,3900,58575,38.66,26.5,27.8
16918,2021-03-21 15:29:00,27.05,27.8,26.65,27.8,3900,58575,38.66,26.5,27.8
16919,2021-03-21 15:30:00,27.05,27.8,26.65,27.8,3900,58575,38.66,26.5,27.8
16920,2021-03-22 09:15:00,22.7,27.3,18.6,20.45,6300,47150,20.28,18.85,20.3
16921,2021-03-22 09:16:00,20.2,20.85,18.7,20.0,4450,47150,20.12,19.7,20.1
16922,2021-03-22 09:17:00,19.95,20.65,19.8,20.2,4100,50300,20.12,20.05,20.3
16923,2021-03-22 09:18:00,20.2,20.2,19.1,19.1,4500,50300,20.06,19.05,19.25
16924,2021-03-22 09:19:00,19.25,20.0,18.9,19.8,4150,50300,19.98,19.45,19.7
16925,2021-03-22 09:20:00,19.65,20.25,19.6,20.25,4650,54025,19.95,20.05,20.25
16926,2021-03-22 09:21:00,20.2,21.7,20.1,20.9,8700,54025,20.19,20.55,20.8
16927,2021-03-22 09:22:00,20.55,20.65,19.95,20.3,8725,54025,20.21,20.0,20.15
16928,2021-03-22 09:23:00,20.1,20.1,18.05,18.2,5925,58525,20.09,18.15,18.3
16929,2021-03-22 09:24:00,18.15,20.05,17.8,20.05,71375,58525,19.38,19.75,20.05
16930,2021-03-22 09:25:00,19.95,20.8,19.55,19.55,13750,58525,19.47,19.5,19.65
16931,2021-03-22 09:26:00,19.4,19.55,18.35,18.4,7400,81100,19.45,18.35,18.5
16932,2021-03-22 09:27:00,18.4,21.7,18.4,20.85,6875,81100,19.47,20.65,20.9
16933,2021-03-22 09:28:00,20.85,21.6,19.1,19.1,4650,81100,19.51,19.15,19.3
16934,2021-03-22 09:29:00,19.3,19.5,18.45,19.35,4775,80775,19.49,19.25,19.5
16935,2021-03-22 09:30:00,19.5,20.0,18.9,19.95,4550,80775,19.49,19.8,20.0
16936,2021-03-22 09:31:00,19.95,20.65,19.75,20.05,8050,80775,19.53,19.95,20.1
16937,2021-03-22 09:32:00,19.95,20.15,19.2,19.7,7000,84575,19.53,19.6,19.75
16938,2021-03-22 09:33:00,19.65,20.5,19.45,20.15,6075,84575,19.54,20.0,20.2
16939,2021-03-22 09:34:00,19.85,20.1,19.55,19.6,6975,84575,19.55,19.5,19.65
16940,2021-03-22 09:35:00,19.6,19.95,19.15,19.25,8825,91500,19.54,19.1,19.3
16941,2021-03-22 09:36:00,19.0,19.75,18.5,19.55,4500,91500,19.53,19.45,19.7
16942,2021-03-22 09:37:00,19.7,20.15,19.7,20.0,2250,91500,19.53,19.95,20.1
16943,2021-03-22 09:38:00,19.9,20.3,19.75,19.75,1275,97775,19.54,19.7,19.9
16944,2021-03-22 09:39:00,19.55,20.45,19.15,19.65,3875,97775,19.54,19.5,19.6
16945,2021-03-22 09:40:00,19.75,19.95,19.5,19.5,1625,97775,19.55,19.5,19.7
16946,2021-03-22 09:41:00,19.35,19.55,19.1,19.2,1275,90725,19.54,19.25,19.3
16947,2021-03-22 09:42:00,19.25,19.65,19.1,19.5,2725,90725,19.54,19.35,19.55
16948,2021-03-22 09:43:00,19.55,20.0,19.55,19.55,1325,90725,19.54,19.5,19.7
16949,2021-03-22 09:44:00,19.7,19.8,19.35,19.45,1875,89075,19.54,19.55,19.65
16950,2021-03-22 09:45:00,19.7,21.25,19.7,21.25,10650,89075,19.58,21.25,21.4
16951,2021-03-22 09:46:00,21.3,21.8,21.0,21.0,3375,89075,19.61,21.0,21.1
16952,2021-03-22 09:47:00,21.15,22.15,21.15,21.5,6475,84950,19.67,21.45,21.6
16953,2021-03-22 09:48:00,22.15,23.7,22.15,22.45,9650,84950,19.78,22.45,22.7
16954,2021-03-22 09:49:00,22.5,22.5,21.85,22.0,2500,84950,19.8,21.6,21.8
16955,2021-03-22 09:50:00,21.7,22.05,21.3,21.85,2875,77400,19.83,21.8,22.0
16956,2021-03-22 09:51:00,21.95,23.2,21.95,22.9,2750,77400,19.86,22.8,23.0
16957,2021-03-22 09:52:00,22.95,22.95,22.2,22.5,2000,77400,19.88,22.55,22.8
16958,2021-03-22 09:53:00,22.4,23.15,21.8,22.4,3450,76150,19.91,22.2,22.45
16959,2021-03-22 09:54:00,22.4,22.7,21.6,21.6,5075,76150,19.95,21.4,21.6
16960,2021-03-22 09:55:00,21.55,21.55,20.0,20.25,1950,76150,19.96,20.25,20.45
16961,2021-03-22 09:56:00,20.45,20.6,19.4,19.4,2100,77125,19.96,19.3,19.5
16962,2021-03-22 09:57:00,19.5,19.5,18.75,19.25,1825,77125,19.96,19.1,19.3
16963,2021-03-22 09:58:00,19.35,20.05,19.35,19.85,1475,77125,19.95,19.75,19.9
16964,2021-03-22 09:59:00,19.65,19.85,19.35,19.35,2425,76700,19.95,19.25,19.4
16965,2021-03-22 10:00:00,19.15,19.25,18.5,18.65,5500,76700,19.93,18.7,18.85
16966,2021-03-22 10:01:00,18.7,19.3,18.35,18.8,5075,76700,19.91,18.8,18.85
16967,2021-03-22 10:02:00,18.8,19.1,18.75,18.85,7750,79700,19.89,18.75,18.9
16968,2021-03-22 10:03:00,18.75,19.45,18.7,19.15,1500,79700,19.88,18.95,19.15
16969,2021-03-22 10:04:00,19.3,19.35,18.7,19.0,3825,79700,19.87,18.95,19.15
16970,2021-03-22 10:05:00,18.95,19.05,18.55,19.05,2250,85025,19.86,18.9,19.1
16971,2021-03-22 10:06:00,19.0,19.25,18.8,18.95,1225,85025,19.86,18.85,19.1
16972,2021-03-22 10:07:00,18.85,20.0,18.85,19.6,1925,85025,19.86,19.4,19.65
16973,2021-03-22 10:08:00,19.7,19.7,19.0,19.35,4025,86150,19.85,19.2,19.4
16974,2021-03-22 10:09:00,19.35,19.35,18.95,19.35,425,86150,19.85,19.2,19.35
16975,2021-03-22 10:10:00,19.2,19.65,19.15,19.15,3425,86150,19.84,19.0,19.2
16976,2021-03-22 10:11:00,19.1,19.5,19.0,19.35,1250,85750,19.84,19.15,19.35
16977,2021-03-22 10:12:00,19.15,19.35,19.05,19.35,225,85750,19.84,19.2,19.45
16978,2021-03-22 10:13:00,19.15,19.3,19.0,19.1,1725,85750,19.84,19.0,19.15
16979,2021-03-22 10:14:00,19.4,19.45,19.15,19.35,850,86775,19.84,19.2,19.4
16980,2021-03-22 10:15:00,19.15,19.45,18.75,19.15,2275,86775,19.83,19.15,19.3
16981,2021-03-22 10:16:00,19.4,19.6,19.1,19.1,2325,86775,19.83,19.0,19.2
16982,2021-03-22 10:17:00,19.0,19.1,18.85,18.9,775,86875,19.82,18.9,19.1
16983,2021-03-22 10:18:00,18.8,19.1,18.8,18.9,325,86875,19.82,18.85,19.05
16984,2021-03-22 10:19:00,19.1,19.1,18.85,18.85,1525,86875,19.82,18.75,18.95
16985,2021-03-22 10:20:00,18.75,18.75,18.15,18.2,3450,86825,19.8,18.25,18.4
16986,2021-03-22 10:21:00,18.45,18.45,17.7,17.9,6250,86825,19.77,17.75,17.85
16987,2021-03-22 10:22:00,17.75,17.8,17.55,17.55,600,86825,19.77,17.55,17.7
16988,2021-03-22 10:23:00,17.5,17.75,17.5,17.5,1925,88800,19.75,17.45,17.6
16989,2021-03-22 10:24:00,17.35,17.65,17.0,17.25,1450,88800,19.74,17.1,17.25
16990,2021-03-22 10:25:00,17.05,17.15,16.75,16.8,3500,88800,19.71,16.75,16.9
16991,2021-03-22 10:26:00,16.75,17.35,16.75,17.3,1050,90000,19.71,17.3,17.4
16992,2021-03-22 10:27:00,17.15,17.65,17.05,17.45,2000,90000,19.69,17.4,17.6
16993,2021-03-22 10:28:00,17.35,17.35,17.05,17.05,1225,90000,19.68,17.0,17.15
16994,2021-03-22 10:29:00,16.95,18.5,16.55,18.5,14800,90000,19.61,18.4,18.5
16995,2021-03-22 10:30:00,18.5,18.5,16.95,16.95,12050,90000,19.56,16.85,17.05
16996,2021-03-22 10:31:00,16.6,16.85,16.35,16.7,13975,90000,19.46,16.65,16.85
16997,2021-03-22 10:32:00,16.8,17.2,16.65,17.1,4750,95175,19.43,16.95,17.05
16998,2021-03-22 10:33:00,17.05,17.7,16.95,17.7,3250,95175,19.41,17.55,17.65
16999,2021-03-22 10:34:00,17.65,17.65,17.15,17.5,1800,95175,19.41,17.35,17.5
17000,2021-03-22 10:35:00,17.35,17.35,17.0,17.3,675,92575,19.4,17.15,17.35
17001,2021-03-22 10:36:00,17.35,17.65,17.2,17.4,575,92575,19.4,17.45,17.6
17002,2021-03-22 10:37:00,17.45,17.8,17.45,17.55,350,92575,19.4,17.5,17.65
17003,2021-03-22 10:38:00,17.7,18.15,17.7,18.1,800,92200,19.39,17.95,18.1
17004,2021-03-22 10:39:00,18.05,18.5,17.95,17.95,1125,92200,19.39,17.85,18.05
17005,2021-03-22 10:40:00,17.95,17.95,17.45,17.45,775,92200,19.39,17.4,17.6
17006,2021-03-22 10:41:00,17.55,17.6,17.55,17.55,300,92200,19.39,17.45,17.65
17007,2021-03-22 10:42:00,17.45,17.6,17.35,17.4,675,92400,19.38,17.35,17.55
17008,2021-03-22 10:43:00,17.4,17.5,17.4,17.5,250,92400,19.38,17.35,17.55
17009,2021-03-22 10:44:00,17.35,17.45,17.25,17.35,250,91725,19.38,17.25,17.45
17010,2021-03-22 10:45:00,17.25,17.45,17.15,17.3,775,91725,19.38,17.15,17.35
17011,2021-03-22 10:46:00,17.15,17.2,16.8,16.85,1675,91725,19.37,16.75,16.9
17012,2021-03-22 10:47:00,16.9,17.1,16.85,17.05,1100,91775,19.36,16.95,17.05
17013,2021-03-22 10:48:00,17.05,17.2,16.9,17.2,950,91775,19.36,17.0,17.15
17014,2021-03-22 10:49:00,17.1,17.5,17.1,17.2,2950,91775,19.34,17.2,17.3
17015,2021-03-22 10:50:00,17.3,17.45,16.9,17.4,3025,89800,19.33,17.4,17.5
17016,2021-03-22 10:51:00,17.45,17.65,17.3,17.5,2050,89800,19.32,17.35,17.55
17017,2021-03-22 10:52:00,17.35,17.65,17.2,17.45,3050,89800,19.3,17.4,17.55
17018,2021-03-22 10:53:00,17.35,17.5,17.25,17.5,775,89375,19.3,17.4,17.6
17019,2021-03-22 10:54:00,17.55,17.6,17.2,17.2,2200,89375,19.29,17.15,17.35
17020,2021-03-22 10:55:00,17.15,17.3,17.0,17.3,275,89375,19.29,17.2,17.3
17021,2021-03-22 10:56:00,17.2,17.5,17.2,17.4,1900,88200,19.28,17.35,17.55
17022,2021-03-22 10:57:00,17.7,17.85,17.55,17.7,1025,88200,19.28,17.6,17.8
17023,2021-03-22 10:58:00,17.8,18.0,17.75,17.75,575,88200,19.27,17.65,17.85
17024,2021-03-22 10:59:00,17.65,17.7,17.3,17.4,2450,89225,19.26,17.25,17.4
17025,2021-03-22 11:00:00,17.25,17.35,16.85,17.3,2000,89225,19.25,17.15,17.35
17026,2021-03-22 11:01:00,17.15,17.35,17.1,17.15,3350,89225,19.24,17.1,17.3
17027,2021-03-22 11:02:00,17.1,17.35,17.1,17.1,350,88700,19.24,17.05,17.25
17028,2021-03-22 11:03:00,17.1,17.2,16.95,17.1,675,88700,19.23,17.0,17.15
17029,2021-03-22 11:04:00,17.0,17.15,17.0,17.05,850,88700,19.23,17.1,17.2
17030,2021-03-22 11:05:00,17.1,17.35,17.0,17.35,1825,87250,19.22,17.3,17.5
17031,2021-03-22 11:06:00,17.5,17.65,17.2,17.4,825,87250,19.22,17.35,17.55
17032,2021-03-22 11:07:00,17.65,17.65,17.15,17.45,1175,87250,19.21,17.3,17.45
17033,2021-03-22 11:08:00,17.5,17.75,17.45,17.7,250,86725,19.21,17.55,17.7
17034,2021-03-22 11:09:00,17.8,18.1,17.65,18.1,1725,86725,19.21,17.9,18.05
17035,2021-03-22 11:10:00,18.1,18.1,17.65,18.0,650,86725,19.2,18.0,18.1
17036,2021-03-22 11:11:00,17.95,18.15,17.8,17.8,1050,87375,19.2,17.8,17.95
17037,2021-03-22 11:12:00,17.8,17.95,17.8,17.85,575,87375,19.2,17.35,17.55
17038,2021-03-22 11:13:00,17.45,17.75,17.45,17.75,575,87375,19.2,17.55,17.7
17039,2021-03-22 11:14:00,17.65,17.8,17.65,17.8,425,87575,19.2,17.7,17.85
17040,2021-03-22 11:15:00,18.0,18.0,17.9,18.0,350,87575,19.19,17.75,17.95
17041,2021-03-22 11:16:00,18.0,18.25,17.85,18.0,725,87575,19.19,18.05,18.2
17042,2021-03-22 11:17:00,18.05,18.3,17.85,18.15,475,87350,19.19,18.0,18.2
17043,2021-03-22 11:18:00,18.1,18.2,18.05,18.05,100,87350,19.19,18.05,18.2
17044,2021-03-22 11:19:00,18.15,18.2,17.85,17.85,625,87350,19.19,17.85,18.0
17045,2021-03-22 11:20:00,17.9,17.9,17.8,17.8,1125,87525,19.19,17.8,17.95
17046,2021-03-22 11:21:00,17.65,17.65,17.55,17.65,250,87525,19.19,17.55,17.65
17047,2021-03-22 11:22:00,17.55,17.7,17.55,17.7,250,87525,19.18,17.7,17.8
17048,2021-03-22 11:23:00,17.75,17.9,17.75,17.75,900,87525,19.18,17.65,17.85
17049,2021-03-22 11:24:00,17.5,17.75,17.3,17.3,950,87550,19.18,17.25,17.35
17050,2021-03-22 11:25:00,17.25,17.25,16.8,16.85,350,87550,19.18,16.7,16.9
17051,2021-03-22 11:26:00,16.7,16.75,16.55,16.55,150,86650,19.18,16.55,16.75
17052,2021-03-22 11:27:00,16.6,16.95,16.6,16.95,725,86650,19.17,16.85,17.0
17053,2021-03-22 11:28:00,16.85,16.85,16.65,16.65,1400,86650,19.16,16.75,16.8
17054,2021-03-22 11:29:00,16.8,16.95,16.8,16.9,775,87000,19.16,16.9,17.0
17055,2021-03-22 11:30:00,16.8,16.9,16.6,16.6,2525,87000,19.15,16.6,16.75
17056,2021-03-22 11:31:00,16.8,16.8,16.7,16.75,500,87000,19.14,16.65,16.8
17057,2021-03-22 11:32:00,16.65,16.95,16.65,16.7,1625,89200,19.14,16.7,16.9
17058,2021-03-22 11:33:00,16.65,16.65,16.6,16.6,100,89200,19.14,16.5,16.65
17059,2021-03-22 11:34:00,16.65,16.65,16.6,16.6,100,89200,19.14,16.5,16.65
17060,2021-03-22 11:35:00,16.65,16.85,16.65,16.7,725,88625,19.13,16.7,16.9
17061,2021-03-22 11:36:00,17.0,17.9,17.0,17.8,1825,88625,19.13,17.75,17.9
17062,2021-03-22 11:37:00,17.85,17.85,17.45,17.45,400,88625,19.12,17.3,17.55
17063,2021-03-22 11:38:00,17.55,17.55,17.25,17.3,350,88550,19.12,17.2,17.35
17064,2021-03-22 11:39:00,17.35,17.4,17.05,17.15,400,88550,19.12,17.0,17.2
17065,2021-03-22 11:40:00,16.95,17.2,16.9,17.2,775,88550,19.12,17.15,17.35
17066,2021-03-22 11:41:00,17.15,17.4,17.15,17.2,475,88550,19.12,17.15,17.35
17067,2021-03-22 11:42:00,17.35,17.4,17.15,17.15,625,87350,19.11,17.05,17.25
17068,2021-03-22 11:43:00,17.15,17.25,17.15,17.25,575,87350,19.11,17.05,17.3
17069,2021-03-22 11:44:00,17.4,17.4,17.4,17.4,25,87350,19.11,17.4,17.55
17070,2021-03-22 11:45:00,17.6,17.8,17.55,17.55,350,87325,19.11,17.5,17.7
17071,2021-03-22 11:46:00,17.4,17.4,17.15,17.15,175,87325,19.11,17.15,17.3
17072,2021-03-22 11:47:00,17.05,17.1,16.85,17.1,375,87325,19.11,17.0,17.2
17073,2021-03-22 11:48:00,17.15,17.15,17.05,17.05,100,87425,19.11,16.95,17.2
17074,2021-03-22 11:49:00,17.15,17.15,17.05,17.05,100,87425,19.11,16.95,17.2
17075,2021-03-22 11:50:00,17.2,17.35,17.1,17.1,550,87425,19.1,17.05,17.35
17076,2021-03-22 11:51:00,17.2,17.35,17.1,17.1,550,87425,19.1,17.05,17.35
17077,2021-03-22 11:52:00,17.35,17.35,17.35,17.35,500,87225,19.1,17.2,17.4
17078,2021-03-22 11:53:00,17.4,17.4,17.1,17.1,500,86900,19.1,17.1,17.3
17079,2021-03-22 11:54:00,17.05,17.5,17.05,17.4,900,86900,19.1,17.4,17.6
17080,2021-03-22 11:55:00,17.9,18.2,17.65,17.85,950,86900,19.09,17.7,17.9
17081,2021-03-22 11:56:00,17.65,17.8,17.45,17.45,200,86900,19.09,17.35,17.55
17082,2021-03-22 11:57:00,17.6,17.75,17.6,17.6,1275,86950,19.09,17.5,17.7
17083,2021-03-22 11:58:00,17.65,17.85,17.55,17.55,525,86950,19.09,17.75,17.95
17084,2021-03-22 11:59:00,17.65,17.85,17.55,17.55,525,86950,19.09,17.75,17.95
17085,2021-03-22 12:00:00,17.5,17.5,17.15,17.15,175,86600,19.09,17.25,17.45
17086,2021-03-22 12:01:00,17.15,17.15,17.0,17.0,200,86600,19.09,16.75,16.9
17087,2021-03-22 12:02:00,16.95,17.05,16.95,17.05,225,86600,19.09,16.65,16.8
17088,2021-03-22 12:03:00,16.95,16.95,16.4,16.4,925,86775,19.08,16.6,16.75
17089,2021-03-22 12:04:00,16.8,16.8,16.35,16.55,250,86775,19.08,16.35,16.55
17090,2021-03-22 12:05:00,16.4,16.75,16.1,16.45,400,86775,19.08,16.4,16.55
17091,2021-03-22 12:06:00,16.55,16.65,16.55,16.55,450,86075,19.08,16.6,16.7
17092,2021-03-22 12:07:00,16.6,16.65,16.55,16.55,175,86075,19.07,16.6,16.75
17093,2021-03-22 12:08:00,16.55,16.75,16.55,16.7,300,86075,19.07,16.55,16.7
17094,2021-03-22 12:09:00,16.7,16.8,16.6,16.8,225,86475,19.07,16.65,16.75
17095,2021-03-22 12:10:00,16.65,16.65,16.5,16.6,425,86475,19.07,16.45,16.6
17096,2021-03-22 12:11:00,16.55,16.55,16.5,16.5,150,86475,19.07,16.5,16.65
17097,2021-03-22 12:12:00,16.45,16.7,16.4,16.55,650,86300,19.07,16.55,16.7
17098,2021-03-22 12:13:00,16.55,16.6,16.45,16.6,700,86300,19.06,16.45,16.6
17099,2021-03-22 12:14:00,16.6,16.6,16.3,16.3,1050,86300,19.06,16.3,16.35
17100,2021-03-22 12:15:00,16.15,16.4,15.7,16.4,5425,86125,19.02,16.25,16.45
17101,2021-03-22 12:16:00,16.35,16.85,16.35,16.55,5000,86125,19.0,16.5,16.6
17102,2021-03-22 12:17:00,16.6,16.6,16.0,16.05,3650,86125,18.98,15.9,16.05
17103,2021-03-22 12:18:00,16.1,16.1,15.4,15.55,3300,88825,18.96,15.45,15.55
17104,2021-03-22 12:19:00,15.45,15.65,15.0,15.2,3975,88825,18.93,15.15,15.3
17105,2021-03-22 12:20:00,15.1,15.15,14.8,14.9,3600,88825,18.9,14.85,15.0
17106,2021-03-22 12:21:00,14.95,15.1,14.8,15.1,1575,87500,18.89,15.0,15.1
17107,2021-03-22 12:22:00,14.9,15.45,14.9,15.25,3200,87500,18.86,15.3,15.4
17108,2021-03-22 12:23:00,15.3,15.35,15.1,15.1,1350,87500,18.85,15.1,15.25
17109,2021-03-22 12:24:00,15.1,15.35,15.0,15.1,2550,87350,18.84,15.0,15.15
17110,2021-03-22 12:25:00,15.0,15.35,15.0,15.3,2100,87350,18.82,15.2,15.35
17111,2021-03-22 12:26:00,15.25,15.35,14.9,15.2,4525,87350,18.79,15.15,15.3
17112,2021-03-22 12:27:00,15.15,15.2,14.9,15.0,1200,83700,18.78,14.9,15.0
17113,2021-03-22 12:28:00,15.0,15.05,14.7,14.95,1575,83700,18.77,14.8,15.0
17114,2021-03-22 12:29:00,15.0,15.0,14.75,14.75,675,83700,18.76,14.75,14.9
17115,2021-03-22 12:30:00,14.65,14.65,14.35,14.4,2200,82925,18.75,14.35,14.45
17116,2021-03-22 12:31:00,14.35,14.5,14.2,14.35,1975,82925,18.73,14.2,14.35
17117,2021-03-22 12:32:00,14.25,14.45,14.2,14.25,1075,82925,18.72,14.25,14.4
17118,2021-03-22 12:33:00,14.15,14.35,14.1,14.3,2000,83300,18.7,14.2,14.35
17119,2021-03-22 12:34:00,14.35,14.5,14.35,14.45,1625,83300,18.69,14.4,14.55
17120,2021-03-22 12:35:00,14.5,14.5,14.3,14.35,2125,83300,18.67,14.3,14.45
17121,2021-03-22 12:36:00,14.35,14.4,14.3,14.4,425,84300,18.67,14.25,14.4
17122,2021-03-22 12:37:00,14.35,14.35,14.35,14.35,150,84300,18.67,14.25,14.4
17123,2021-03-22 12:38:00,14.25,14.5,14.25,14.35,1400,84300,18.66,14.35,14.45
17124,2021-03-22 12:39:00,14.45,14.5,14.35,14.45,950,84025,18.65,14.35,14.45
17125,2021-03-22 12:40:00,14.3,14.5,14.2,14.35,3025,84025,18.63,14.25,14.4
17126,2021-03-22 12:41:00,14.25,14.3,14.0,14.05,1875,84025,18.61,14.0,14.15
17127,2021-03-22 12:42:00,14.05,14.1,13.85,13.9,2225,83550,18.59,13.85,14.0
17128,2021-03-22 12:43:00,13.9,14.45,13.8,14.35,3650,83550,18.56,14.3,14.4
17129,2021-03-22 12:44:00,14.45,14.65,14.35,14.6,1675,83550,18.55,14.5,14.6
17130,2021-03-22 12:45:00,14.5,14.7,14.45,14.7,975,87175,18.54,14.6,14.7
17131,2021-03-22 12:46:00,14.55,14.7,14.3,14.45,775,87175,18.54,14.3,14.45
17132,2021-03-22 12:47:00,14.45,14.65,14.3,14.5,750,87175,18.53,14.5,14.6
17133,2021-03-22 12:48:00,14.5,15.2,14.5,15.2,1425,87350,18.52,15.15,15.2
17134,2021-03-22 12:49:00,15.15,15.4,15.05,15.25,3325,87350,18.5,15.2,15.4
17135,2021-03-22 12:50:00,15.2,15.35,14.8,15.0,2800,87350,18.49,14.95,15.05
17136,2021-03-22 12:51:00,14.9,15.05,14.5,14.6,1750,87575,18.47,14.65,14.7
17137,2021-03-22 12:52:00,14.8,14.95,14.7,14.8,675,87575,18.47,14.7,14.85
17138,2021-03-22 12:53:00,14.75,14.8,14.6,14.8,625,87575,18.47,14.7,14.75
17139,2021-03-22 12:54:00,14.75,14.95,14.75,14.8,525,87025,18.46,14.7,14.9
17140,2021-03-22 12:55:00,14.7,14.85,14.55,14.55,875,87025,18.46,14.5,14.6
17141,2021-03-22 12:56:00,14.7,14.7,14.55,14.55,750,87025,18.45,14.5,14.65
17142,2021-03-22 12:57:00,14.65,14.85,14.5,14.7,1075,85275,18.44,14.65,14.7
17143,2021-03-22 12:58:00,14.7,14.95,14.7,14.85,1425,85275,18.44,14.7,14.9
17144,2021-03-22 12:59:00,14.9,15.35,14.85,15.2,750,85275,18.43,15.15,15.3
17145,2021-03-22 13:00:00,15.0,15.05,14.75,14.85,1225,85225,18.42,14.7,14.85
17146,2021-03-22 13:01:00,14.7,14.85,14.45,14.55,975,85225,18.42,14.5,14.6
17147,2021-03-22 13:02:00,14.6,14.75,14.15,14.25,6900,85225,18.37,14.15,14.3
17148,2021-03-22 13:03:00,14.15,14.25,13.85,14.1,3400,84475,18.34,13.9,14.05
17149,2021-03-22 13:04:00,14.05,14.5,14.05,14.2,3775,84475,18.32,14.2,14.3
17150,2021-03-22 13:05:00,14.3,14.65,14.25,14.6,3175,84475,18.3,14.6,14.65
17151,2021-03-22 13:06:00,14.65,14.7,14.5,14.5,3150,83925,18.28,14.45,14.65
17152,2021-03-22 13:07:00,14.55,14.7,14.5,14.65,1925,83925,18.27,14.6,14.7
17153,2021-03-22 13:08:00,14.75,14.9,14.5,14.75,6625,83925,18.23,14.65,14.8
17154,2021-03-22 13:09:00,14.75,14.95,14.65,14.8,7075,80925,18.19,14.8,14.9
17155,2021-03-22 13:10:00,14.8,14.8,14.65,14.65,3125,80925,18.17,14.6,14.75
17156,2021-03-22 13:11:00,14.7,15.0,14.65,14.9,875,80925,18.16,14.85,14.95
17157,2021-03-22 13:12:00,15.0,15.0,14.75,14.75,1100,83600,18.16,14.7,14.8
17158,2021-03-22 13:13:00,14.85,14.95,14.8,14.95,600,83600,18.15,14.8,14.95
17159,2021-03-22 13:14:00,14.8,14.8,14.75,14.75,225,83600,18.15,14.65,14.8
17160,2021-03-22 13:15:00,14.7,14.85,14.7,14.85,150,83300,18.15,14.7,14.9
17161,2021-03-22 13:16:00,14.9,14.9,14.7,14.8,250,83300,18.15,14.7,14.85
17162,2021-03-22 13:17:00,14.75,14.75,14.6,14.6,550,83300,18.15,14.55,14.7
17163,2021-03-22 13:18:00,14.55,14.8,14.55,14.65,1050,83525,18.14,14.55,14.7
17164,2021-03-22 13:19:00,14.6,14.6,14.45,14.45,725,83525,18.14,14.4,14.55
17165,2021-03-22 13:20:00,14.4,14.5,14.25,14.3,1950,83525,18.13,14.3,14.4
17166,2021-03-22 13:21:00,14.3,14.3,14.15,14.15,1000,83700,18.12,14.1,14.2
17167,2021-03-22 13:22:00,14.1,14.25,14.05,14.2,1525,83700,18.11,14.15,14.3
17168,2021-03-22 13:23:00,14.2,14.3,14.15,14.3,750,83700,18.1,14.2,14.35
17169,2021-03-22 13:24:00,14.1,14.35,14.1,14.3,1450,84325,18.1,14.3,14.4
17170,2021-03-22 13:25:00,14.3,14.4,14.3,14.4,1300,84325,18.09,14.3,14.45
17171,2021-03-22 13:26:00,14.3,14.45,14.3,14.45,750,84325,18.08,14.4,14.5
17172,2021-03-22 13:27:00,14.5,14.85,14.45,14.75,950,84750,18.08,14.65,14.85
17173,2021-03-22 13:28:00,14.7,14.75,14.65,14.75,225,84750,18.08,14.7,14.85
17174,2021-03-22 13:29:00,14.75,14.75,14.6,14.6,175,84750,18.08,14.55,14.7
17175,2021-03-22 13:30:00,14.7,14.75,14.5,14.65,950,84800,18.07,14.6,14.75
17176,2021-03-22 13:31:00,14.55,14.65,14.45,14.45,725,84800,18.07,14.4,14.55
17177,2021-03-22 13:32:00,14.55,14.55,14.45,14.45,175,84800,18.07,14.4,14.55
17178,2021-03-22 13:33:00,14.4,14.4,14.25,14.3,450,84400,18.06,14.3,14.45
17179,2021-03-22 13:34:00,14.35,14.35,14.25,14.25,625,84400,18.06,14.15,14.25
17180,2021-03-22 13:35:00,14.15,14.45,14.15,14.45,1700,84400,18.05,14.4,14.55
17181,2021-03-22 13:36:00,14.4,14.45,14.25,14.45,1075,84500,18.04,14.35,14.5
17182,2021-03-22 13:37:00,14.35,14.8,14.35,14.65,1275,84500,18.04,14.7,14.75
17183,2021-03-22 13:38:00,14.75,15.1,14.7,15.1,500,84500,18.03,14.75,14.9
17184,2021-03-22 13:39:00,14.9,15.35,14.8,15.3,1100,84650,18.03,15.25,15.4
17185,2021-03-22 13:40:00,15.2,15.2,15.0,15.05,925,84650,18.02,15.1,15.25
17186,2021-03-22 13:41:00,15.1,15.3,15.1,15.2,1225,84650,18.02,15.15,15.35
17187,2021-03-22 13:42:00,15.45,15.65,15.3,15.3,675,85100,18.02,15.2,15.45
17188,2021-03-22 13:43:00,15.4,15.4,15.05,15.35,1650,85100,18.01,15.35,15.5
17189,2021-03-22 13:44:00,15.3,15.45,15.1,15.2,1025,85100,18.0,15.1,15.2
17190,2021-03-22 13:45:00,15.1,15.1,14.65,14.65,975,83700,18.0,14.6,14.75
17191,2021-03-22 13:46:00,14.75,15.4,14.65,15.4,1075,83700,18.0,15.3,15.45
17192,2021-03-22 13:47:00,15.45,15.5,15.25,15.5,1075,83700,17.99,15.4,15.6
17193,2021-03-22 13:48:00,15.65,15.65,15.4,15.65,1250,83700,17.99,15.4,15.55
17194,2021-03-22 13:49:00,15.45,15.55,15.25,15.25,1425,83700,17.98,15.25,15.35
17195,2021-03-22 13:50:00,15.35,15.5,15.25,15.5,500,83700,17.98,15.4,15.5
17196,2021-03-22 13:51:00,15.5,15.55,15.4,15.5,975,84075,17.97,15.45,15.6
17197,2021-03-22 13:52:00,15.6,15.6,15.3,15.35,1575,84075,17.97,15.25,15.4
17198,2021-03-22 13:53:00,15.4,15.4,15.25,15.25,625,84075,17.97,15.2,15.3
17199,2021-03-22 13:54:00,15.35,15.35,14.75,15.05,1175,83900,17.96,15.1,15.2
17200,2021-03-22 13:55:00,15.1,15.1,14.5,14.5,1625,83900,17.95,14.5,14.6
17201,2021-03-22 13:56:00,14.45,14.45,13.9,13.9,2875,83900,17.94,13.85,14.0
17202,2021-03-22 13:57:00,14.0,14.0,13.85,13.95,1175,84350,17.93,13.85,14.0
17203,2021-03-22 13:58:00,13.85,13.95,13.7,13.7,1050,84350,17.92,13.7,13.8
17204,2021-03-22 13:59:00,13.7,13.8,13.65,13.75,350,84350,17.92,13.65,13.8
17205,2021-03-22 14:00:00,13.8,13.8,13.5,13.5,2050,84275,17.91,13.5,13.6
17206,2021-03-22 14:01:00,13.45,13.55,13.45,13.45,350,84275,17.91,13.5,13.6
17207,2021-03-22 14:02:00,13.55,13.65,13.45,13.55,575,84275,17.9,13.45,13.6
17208,2021-03-22 14:03:00,13.5,13.75,13.5,13.65,900,84300,17.9,13.55,13.7
17209,2021-03-22 14:04:00,13.65,13.75,13.6,13.65,200,84300,17.89,13.55,13.7
17210,2021-03-22 14:05:00,13.85,14.0,13.7,14.0,2150,84300,17.88,13.9,14.05
17211,2021-03-22 14:06:00,14.0,14.25,13.9,14.2,1900,83450,17.87,14.15,14.35
17212,2021-03-22 14:07:00,14.35,14.9,14.3,14.45,1575,83450,17.86,14.4,14.45
17213,2021-03-22 14:08:00,14.55,14.75,14.3,14.65,4225,83450,17.84,14.6,14.7
17214,2021-03-22 14:09:00,14.7,14.7,14.35,14.6,1550,83525,17.83,14.55,14.7
17215,2021-03-22 14:10:00,14.55,14.65,14.15,14.25,2375,83525,17.82,14.2,14.35
17216,2021-03-22 14:11:00,14.35,14.35,14.1,14.1,1600,83525,17.81,13.95,14.1
17217,2021-03-22 14:12:00,14.15,14.45,14.1,14.1,3200,82725,17.8,14.1,14.25
17218,2021-03-22 14:13:00,14.25,14.35,14.2,14.2,850,82725,17.79,14.15,14.3
17219,2021-03-22 14:14:00,14.2,14.25,14.05,14.15,825,82725,17.79,14.15,14.25
17220,2021-03-22 14:15:00,14.2,14.65,14.05,14.65,1700,81725,17.78,14.55,14.65
17221,2021-03-22 14:16:00,14.7,14.75,14.3,14.4,725,81725,17.78,14.3,14.4
17222,2021-03-22 14:17:00,14.3,14.45,14.25,14.4,650,81725,17.77,14.3,14.45
17223,2021-03-22 14:18:00,14.25,14.25,13.9,14.05,1650,81650,17.76,14.0,14.15
17224,2021-03-22 14:19:00,14.15,14.15,13.65,13.65,1725,81650,17.75,13.55,13.7
17225,2021-03-22 14:20:00,13.45,13.55,12.85,13.0,3150,81650,17.73,12.9,13.05
17226,2021-03-22 14:21:00,13.0,13.2,12.95,13.0,1000,82525,17.73,12.85,12.95
17227,2021-03-22 14:22:00,12.9,12.9,12.55,12.55,2350,82525,17.71,12.55,12.65
17228,2021-03-22 14:23:00,12.65,12.75,12.65,12.75,350,82525,17.71,12.65,12.8
17229,2021-03-22 14:24:00,12.65,12.8,12.55,12.8,1350,80450,17.7,12.7,12.85
17230,2021-03-22 14:25:00,12.65,13.95,12.65,13.75,5125,80450,17.66,13.65,13.8
17231,2021-03-22 14:26:00,13.65,13.65,13.3,13.4,2875,80450,17.65,13.25,13.35
17232,2021-03-22 14:27:00,13.25,13.5,13.25,13.5,2250,78750,17.63,13.4,13.5
17233,2021-03-22 14:28:00,13.5,13.55,13.4,13.5,775,78750,17.63,13.35,13.5
17234,2021-03-22 14:29:00,13.55,13.65,13.45,13.65,250,78750,17.63,13.65,13.75
17235,2021-03-22 14:30:00,13.75,13.75,13.6,13.65,825,78775,17.62,13.65,13.75
17236,2021-03-22 14:31:00,13.75,14.25,13.75,14.15,975,78775,17.62,14.1,14.25
17237,2021-03-22 14:32:00,14.1,14.35,13.95,14.0,1100,78775,17.61,13.95,14.1
17238,2021-03-22 14:33:00,14.1,14.2,13.9,13.9,825,79200,17.61,13.9,14.0
17239,2021-03-22 14:34:00,14.0,14.0,13.9,13.95,1575,79200,17.6,13.9,14.05
17240,2021-03-22 14:35:00,13.6,14.0,13.6,13.9,1225,79200,17.59,13.8,13.95
17241,2021-03-22 14:36:00,13.85,13.9,13.7,13.8,1975,79550,17.58,13.75,13.9
17242,2021-03-22 14:37:00,13.75,13.9,13.6,13.9,625,79550,17.58,13.85,14.0
17243,2021-03-22 14:38:00,13.95,13.95,13.6,13.65,325,79550,17.58,13.55,13.7
17244,2021-03-22 14:39:00,13.55,13.65,13.45,13.65,325,79125,17.58,13.55,13.7
17245,2021-03-22 14:40:00,13.55,13.6,13.4,13.55,3000,79125,17.56,13.4,13.55
17246,2021-03-22 14:41:00,13.6,13.7,13.4,13.45,1750,79125,17.55,13.35,13.4
17247,2021-03-22 14:42:00,13.35,13.5,13.15,13.35,2850,77375,17.53,13.25,13.4
17248,2021-03-22 14:43:00,13.25,13.35,13.15,13.15,2825,77375,17.52,13.15,13.25
17249,2021-03-22 14:44:00,13.25,13.25,12.75,13.05,2300,77375,17.5,13.05,13.15
17250,2021-03-22 14:45:00,13.2,13.25,12.85,12.95,3425,75950,17.48,12.9,13.0
17251,2021-03-22 14:46:00,12.9,13.1,12.9,12.95,1275,75950,17.48,12.85,12.95
17252,2021-03-22 14:47:00,12.9,13.1,12.85,12.85,1725,75950,17.46,12.85,12.95
17253,2021-03-22 14:48:00,12.85,13.05,12.85,13.05,1025,74700,17.46,13.0,13.15
17254,2021-03-22 14:49:00,12.95,13.0,12.7,12.8,1025,74700,17.45,12.8,12.9
17255,2021-03-22 14:50:00,12.75,12.8,12.6,12.7,600,74700,17.45,12.65,12.8
17256,2021-03-22 14:51:00,12.65,12.95,12.65,12.85,2125,75100,17.43,12.8,12.95
17257,2021-03-22 14:52:00,12.9,12.95,12.9,12.95,150,75100,17.43,12.9,13.05
17258,2021-03-22 14:53:00,12.9,12.9,12.85,12.85,425,75100,17.43,12.75,12.85
17259,2021-03-22 14:54:00,12.8,12.8,12.65,12.75,450,75150,17.43,12.65,12.75
17260,2021-03-22 14:55:00,12.6,12.85,12.6,12.85,900,75150,17.42,12.75,12.85
17261,2021-03-22 14:56:00,12.9,13.15,12.85,13.05,1475,75150,17.41,13.0,13.1
17262,2021-03-22 14:57:00,13.0,13.2,12.9,12.9,3725,76200,17.39,12.9,13.0
17263,2021-03-22 14:58:00,12.95,13.0,12.8,12.8,800,76200,17.39,12.75,12.85
17264,2021-03-22 14:59:00,12.8,13.05,12.75,13.05,1575,76200,17.38,12.95,13.05
17265,2021-03-22 15:00:00,13.15,13.2,12.85,12.9,1050,75750,17.37,12.75,12.9
17266,2021-03-22 15:01:00,12.7,12.7,12.25,12.3,1425,75750,17.36,12.3,12.4
17267,2021-03-22 15:02:00,12.3,12.4,12.05,12.1,1825,75750,17.35,12.0,12.15
17268,2021-03-22 15:03:00,12.0,12.15,11.9,12.05,1325,73600,17.34,12.05,12.2
17269,2021-03-22 15:04:00,12.1,12.45,12.05,12.3,800,73600,17.34,12.4,12.5
17270,2021-03-22 15:05:00,12.65,12.7,12.15,12.15,1175,73600,17.33,12.0,12.15
17271,2021-03-22 15:06:00,12.35,12.4,12.05,12.15,1825,73125,17.32,12.1,12.25
17272,2021-03-22 15:07:00,12.2,12.35,12.1,12.25,1175,73125,17.31,12.1,12.25
17273,2021-03-22 15:08:00,12.1,12.1,11.9,11.95,1425,73125,17.3,12.0,12.1
17274,2021-03-22 15:09:00,12.0,12.2,12.0,12.15,1650,72250,17.29,12.1,12.2
17275,2021-03-22 15:10:00,12.1,12.75,11.95,12.65,5675,72250,17.25,12.7,12.8
17276,2021-03-22 15:11:00,12.8,13.1,12.7,12.95,2225,72250,17.24,12.85,13.0
17277,2021-03-22 15:12:00,12.9,13.0,12.75,13.0,1825,70175,17.23,12.85,13.0
17278,2021-03-22 15:13:00,12.75,12.95,12.7,12.7,600,70175,17.22,12.6,12.75
17279,2021-03-22 15:14:00,12.7,12.7,12.35,12.5,2625,70175,17.21,12.4,12.5
17280,2021-03-22 15:15:00,12.5,12.55,11.9,12.0,8175,67850,17.16,12.0,12.15
17281,2021-03-22 15:16:00,12.0,12.0,11.65,11.65,850,67850,17.15,11.65,11.75
17282,2021-03-22 15:17:00,11.65,11.75,11.55,11.55,1025,67850,17.14,11.5,11.65
17283,2021-03-22 15:18:00,11.65,11.75,11.65,11.75,450,69000,17.14,11.7,11.8
17284,2021-03-22 15:19:00,11.9,11.95,11.65,11.75,825,69000,17.13,11.65,11.75
17285,2021-03-22 15:20:00,11.8,11.8,11.5,11.55,2350,69000,17.12,11.45,11.65
17286,2021-03-22 15:21:00,11.6,11.85,11.4,11.85,3500,67500,17.09,11.75,11.85
17287,2021-03-22 15:22:00,11.85,12.05,11.5,11.5,3525,67500,17.07,11.5,11.6
17288,2021-03-22 15:23:00,11.5,11.75,11.5,11.6,625,67500,17.07,11.6,11.7
17289,2021-03-22 15:24:00,11.7,12.4,11.7,12.4,1400,66200,17.06,12.3,12.45
17290,2021-03-22 15:25:00,12.35,12.5,12.3,12.5,925,66200,17.05,12.45,12.6
17291,2021-03-22 15:26:00,12.65,12.65,11.2,12.0,8150,66200,17.0,11.8,12.0
17292,2021-03-22 15:27:00,12.0,12.25,11.6,12.0,2250,62450,16.99,11.75,11.9
17293,2021-03-22 15:28:00,11.9,12.0,11.5,11.5,1800,62450,16.98,11.4,11.7
17294,2021-03-22 15:29:00,11.9,12.0,11.5,11.5,1800,62450,16.98,11.4,11.7
17295,2021-03-22 15:30:00,11.55,11.65,11.05,11.5,1475,62450,16.97,10.7,11.35
17296,2021-03-23 09:15:00,11.35,13.15,8.6,12.35,8400,64550,10.58,12.15,13.0
17297,2021-03-23 09:16:00,12.8,13.05,12.0,12.2,5725,64550,11.35,12.0,12.15
17298,2021-03-23 09:17:00,12.15,12.5,12.0,12.3,2425,64400,11.49,12.3,12.4
17299,2021-03-23 09:18:00,12.3,12.65,12.1,12.6,3175,64400,11.62,12.4,12.55
17300,2021-03-23 09:19:00,12.5,13.15,12.5,12.85,1075,64400,11.68,12.8,12.95
17301,2021-03-23 09:20:00,13.3,14.45,13.05,14.35,1550,63550,11.85,14.3,14.45
17302,2021-03-23 09:21:00,14.2,14.5,14.05,14.05,2050,63550,12.05,14.0,14.15
17303,2021-03-23 09:22:00,14.15,14.45,14.15,14.2,1525,63550,12.18,14.2,14.25
17304,2021-03-23 09:23:00,14.2,14.5,14.15,14.3,1100,65200,12.27,14.15,14.3
17305,2021-03-23 09:24:00,14.25,14.25,13.9,14.0,2350,65200,12.41,13.85,14.0
17306,2021-03-23 09:25:00,14.2,14.5,13.8,14.4,1800,65200,12.51,14.3,14.35
17307,2021-03-23 09:26:00,14.25,14.65,14.25,14.5,825,65775,12.56,14.4,14.55
17308,2021-03-23 09:27:00,14.7,15.1,14.5,14.95,1850,65775,12.68,14.75,14.9
17309,2021-03-23 09:28:00,15.0,15.6,14.95,15.5,3050,65775,12.9,15.4,15.5
17310,2021-03-23 09:29:00,15.5,15.5,14.85,15.2,3425,66425,13.09,15.3,15.5
17311,2021-03-23 09:30:00,15.1,15.5,14.3,14.4,3850,66425,13.27,14.05,14.2
17312,2021-03-23 09:31:00,14.0,14.1,13.75,13.75,975,66425,13.28,13.75,13.9
17313,2021-03-23 09:32:00,13.9,14.15,13.9,13.95,3250,67225,13.34,13.85,14.0
17314,2021-03-23 09:33:00,13.85,14.05,13.85,13.85,525,67225,13.34,13.8,13.9
17315,2021-03-23 09:34:00,13.85,13.85,13.5,13.85,2750,67225,13.36,13.75,13.9
17316,2021-03-23 09:35:00,13.85,13.95,13.55,13.55,1225,68300,13.37,13.55,13.65
17317,2021-03-23 09:36:00,13.5,13.65,13.25,13.55,3800,68300,13.37,13.5,13.6
17318,2021-03-23 09:37:00,13.55,13.6,13.35,13.5,625,68300,13.37,13.35,13.5
17319,2021-03-23 09:38:00,13.35,13.5,13.25,13.4,3100,65850,13.38,13.3,13.45
17320,2021-03-23 09:39:00,13.35,13.45,13.2,13.2,1250,65850,13.38,13.1,13.25
17321,2021-03-23 09:40:00,13.15,13.2,13.1,13.15,400,65850,13.37,13.0,13.15
17322,2021-03-23 09:41:00,13.25,13.35,13.0,13.05,750,66200,13.37,12.95,13.1
17323,2021-03-23 09:42:00,13.0,13.2,12.9,13.2,325,66200,13.37,13.1,13.25
17324,2021-03-23 09:43:00,13.5,13.5,12.95,13.0,675,66200,13.37,12.95,13.1
17325,2021-03-23 09:44:00,13.2,13.3,13.0,13.1,1750,65675,13.36,13.1,13.25
17326,2021-03-23 09:45:00,13.2,13.25,12.75,12.95,2250,65675,13.35,12.85,13.0
17327,2021-03-23 09:46:00,12.85,13.4,12.65,13.05,1600,65675,13.34,13.2,13.4
17328,2021-03-23 09:47:00,13.3,13.35,13.25,13.35,725,65625,13.34,13.25,13.4
17329,2021-03-23 09:48:00,13.05,13.3,12.95,13.0,600,65625,13.34,12.95,13.1
17330,2021-03-23 09:49:00,13.05,13.05,12.95,12.95,525,65625,13.33,12.85,13.0
17331,2021-03-23 09:50:00,12.95,12.95,12.95,12.95,275,65850,13.33,12.85,13.05
17332,2021-03-23 09:51:00,12.75,13.2,12.75,13.05,450,65850,13.33,12.85,13.0
17333,2021-03-23 09:52:00,13.05,13.3,13.05,13.2,1200,65850,13.33,13.1,13.25
17334,2021-03-23 09:53:00,13.2,13.2,13.2,13.2,25,65250,13.33,13.1,13.25
17335,2021-03-23 09:54:00,13.25,13.55,13.25,13.3,6275,65250,13.33,13.35,13.5
17336,2021-03-23 09:55:00,13.5,13.95,13.4,13.8,3200,65250,13.35,13.7,13.85
17337,2021-03-23 09:56:00,13.65,13.9,13.55,13.8,3125,67750,13.36,13.85,13.95
17338,2021-03-23 09:57:00,13.7,14.15,13.7,14.0,1300,67750,13.37,13.85,14.0
17339,2021-03-23 09:58:00,14.05,14.1,13.75,13.75,825,67750,13.37,13.7,13.85
17340,2021-03-23 09:59:00,13.9,13.9,13.75,13.85,625,67925,13.38,13.8,13.95
17341,2021-03-23 10:00:00,13.95,13.95,13.6,13.65,400,67925,13.38,13.5,13.65
17342,2021-03-23 10:01:00,13.4,13.9,13.4,13.9,1075,67925,13.38,13.7,13.9
17343,2021-03-23 10:02:00,13.95,14.0,13.95,14.0,225,67275,13.38,13.9,14.05
17344,2021-03-23 10:03:00,14.1,14.25,14.1,14.25,400,67275,13.38,14.2,14.35
17345,2021-03-23 10:04:00,14.2,14.3,14.05,14.15,4550,67275,13.42,14.0,14.15
17346,2021-03-23 10:05:00,14.1,14.15,13.8,13.8,450,70000,13.43,13.75,13.9
17347,2021-03-23 10:06:00,13.7,13.8,13.55,13.65,1175,70000,13.43,13.5,13.65
17348,2021-03-23 10:07:00,13.4,13.7,13.4,13.7,500,70000,13.43,13.5,13.65
17349,2021-03-23 10:08:00,13.65,13.65,13.65,13.65,25,70625,13.43,13.65,13.8
17350,2021-03-23 10:09:00,13.7,13.7,13.7,13.7,175,70625,13.43,13.65,13.8
17351,2021-03-23 10:10:00,13.65,13.75,13.55,13.7,450,70625,13.43,13.45,13.65
17352,2021-03-23 10:11:00,13.5,13.5,13.5,13.5,25,70425,13.43,13.45,13.6
17353,2021-03-23 10:12:00,13.45,13.45,13.15,13.15,575,70425,13.43,13.15,13.25
17354,2021-03-23 10:13:00,13.15,13.15,12.75,12.85,750,70425,13.43,12.9,13.1
17355,2021-03-23 10:14:00,13.1,13.1,12.8,12.8,100,70250,13.43,12.7,12.8
17356,2021-03-23 10:15:00,12.75,12.8,12.75,12.75,225,70250,13.43,12.5,12.65
17357,2021-03-23 10:16:00,12.7,13.2,12.65,13.2,1800,70250,13.42,13.0,13.2
17358,2021-03-23 10:17:00,13.2,13.2,12.6,12.6,625,70300,13.41,12.45,12.6
17359,2021-03-23 10:18:00,12.5,12.7,12.5,12.7,475,70300,13.41,12.6,12.75
17360,2021-03-23 10:19:00,12.8,13.0,12.65,12.65,325,70300,13.41,12.55,12.7
17361,2021-03-23 10:20:00,12.85,13.0,12.75,12.8,675,70150,13.4,12.8,12.9
17362,2021-03-23 10:21:00,12.7,13.1,12.65,13.05,2200,70150,13.39,13.05,13.2
17363,2021-03-23 10:22:00,13.15,13.35,13.0,13.15,1150,70150,13.39,13.0,13.15
17364,2021-03-23 10:23:00,13.1,13.1,13.0,13.0,200,70150,13.39,12.8,13.0
17365,2021-03-23 10:24:00,13.0,13.0,12.8,12.8,475,70350,13.38,12.75,12.9
17366,2021-03-23 10:25:00,13.1,13.1,12.7,12.7,575,70350,13.38,12.65,12.8
17367,2021-03-23 10:26:00,12.65,12.85,12.65,12.7,175,70350,13.38,12.6,12.7
17368,2021-03-23 10:27:00,12.55,13.0,12.55,13.0,675,70475,13.38,12.9,13.05
17369,2021-03-23 10:28:00,13.05,13.15,13.0,13.15,300,70475,13.38,13.0,13.15
17370,2021-03-23 10:29:00,13.15,13.4,13.0,13.4,650,70825,13.37,13.2,13.4
17371,2021-03-23 10:30:00,13.1,13.3,13.0,13.15,2025,70825,13.37,12.95,13.1
17372,2021-03-23 10:31:00,13.15,13.15,12.85,12.85,275,70825,13.37,12.55,12.65
17373,2021-03-23 10:32:00,12.5,12.8,12.5,12.8,150,71650,13.37,12.75,12.85
17374,2021-03-23 10:33:00,12.7,12.8,12.6,12.6,350,71650,13.37,12.45,12.6
17375,2021-03-23 10:34:00,12.45,12.55,12.45,12.5,2125,71650,13.35,12.7,12.85
17376,2021-03-23 10:35:00,12.75,12.8,12.6,12.8,300,71375,13.35,12.65,12.8
17377,2021-03-23 10:36:00,12.85,12.9,12.85,12.9,250,71375,13.35,12.75,12.9
17378,2021-03-23 10:37:00,12.9,13.0,12.75,12.9,275,71375,13.35,12.75,12.9
17379,2021-03-23 10:38:00,12.85,13.3,12.85,13.2,400,71600,13.35,13.05,13.25
17380,2021-03-23 10:39:00,12.95,12.95,12.95,12.95,75,71600,13.35,13.2,13.35
17381,2021-03-23 10:40:00,13.4,13.4,13.0,13.05,350,71600,13.35,13.0,13.15
17382,2021-03-23 10:41:00,13.05,13.05,13.05,13.05,25,71600,13.35,13.0,13.1
17383,2021-03-23 10:42:00,13.05,13.15,13.0,13.15,475,71425,13.34,13.15,13.3
17384,2021-03-23 10:43:00,13.05,13.05,12.85,13.0,475,71425,13.34,12.95,13.1
17385,2021-03-23 10:44:00,13.1,13.1,12.9,12.9,225,70950,13.34,12.9,13.05
17386,2021-03-23 10:45:00,13.05,13.05,13.05,13.05,50,70950,13.34,13.05,13.35
17387,2021-03-23 10:46:00,13.15,13.4,13.15,13.2,275,70950,13.34,13.15,13.35
17388,2021-03-23 10:47:00,13.05,13.05,12.9,12.9,125,71000,13.34,12.9,13.05
17389,2021-03-23 10:48:00,12.95,12.95,12.6,12.7,200,71000,13.34,12.6,12.7
17390,2021-03-23 10:49:00,12.6,12.75,12.55,12.75,100,71000,13.34,12.6,12.9
17391,2021-03-23 10:50:00,12.85,13.0,12.85,13.0,100,70925,13.34,12.9,13.05
17392,2021-03-23 10:51:00,13.1,13.45,13.1,13.45,100,70925,13.34,13.5,13.65
17393,2021-03-23 10:52:00,13.75,15.45,13.75,15.15,1125,70925,13.35,15.15,15.25
17394,2021-03-23 10:53:00,15.15,20.25,14.45,19.9,8625,72050,13.6,19.6,19.95
17395,2021-03-23 10:54:00,19.45,27.95,18.7,27.95,14050,72050,14.55,27.85,28.3
17396,2021-03-23 10:55:00,28.15,37.05,28.15,32.4,14225,72050,16.31,32.45,32.85
17397,2021-03-23 10:56:00,31.4,31.75,27.55,27.95,12650,73275,17.25,27.2,27.45
17398,2021-03-23 10:57:00,27.7,27.7,22.25,22.25,8450,73275,17.64,21.65,21.9
17399,2021-03-23 10:58:00,20.8,27.35,20.0,27.35,6475,73275,17.85,26.9,27.25
17400,2021-03-23 10:59:00,27.2,27.55,22.95,23.1,3850,67150,18.01,22.9,23.1
17401,2021-03-23 11:00:00,23.0,25.05,23.0,24.35,5625,67150,18.19,24.3,24.55
17402,2021-03-23 11:01:00,24.5,25.4,23.35,24.15,22200,67150,18.82,24.2,24.5
17403,2021-03-23 11:02:00,24.55,26.65,24.2,25.35,23775,85600,19.49,25.2,25.5
17404,2021-03-23 11:03:00,25.4,25.45,24.2,25.4,2725,85600,19.55,25.15,25.35
17405,2021-03-23 11:04:00,25.3,25.3,23.0,23.0,3075,85600,19.61,22.7,22.95
17406,2021-03-23 11:05:00,22.8,22.8,19.6,19.95,7425,85300,19.65,20.1,20.45
17407,2021-03-23 11:06:00,20.35,20.35,18.4,18.4,6875,85300,19.64,17.5,17.75
17408,2021-03-23 11:07:00,17.8,18.4,17.5,17.5,3700,85300,19.62,17.4,17.6
17409,2021-03-23 11:08:00,17.25,17.85,16.85,17.4,5175,85175,19.57,17.4,17.55
17410,2021-03-23 11:09:00,17.55,17.75,17.15,17.7,975,85175,19.56,17.2,17.4
17411,2021-03-23 11:10:00,17.25,17.25,16.0,16.35,7800,85175,19.48,16.25,16.45
17412,2021-03-23 11:11:00,16.5,17.75,16.5,17.5,1450,84450,19.46,17.35,17.55
17413,2021-03-23 11:12:00,17.05,17.4,16.35,17.05,2225,84450,19.44,17.0,17.25
17414,2021-03-23 11:13:00,17.1,17.1,16.0,16.05,1925,84450,19.42,15.85,16.0
17415,2021-03-23 11:14:00,15.85,16.55,15.8,16.25,2025,84475,19.4,16.05,16.2
17416,2021-03-23 11:15:00,16.2,16.75,15.45,16.7,1025,84475,19.39,16.3,16.5
17417,2021-03-23 11:16:00,16.3,16.3,15.2,15.4,1375,84475,19.37,15.2,15.4
17418,2021-03-23 11:17:00,15.2,15.55,15.05,15.15,4350,85325,19.31,15.0,15.15
17419,2021-03-23 11:18:00,15.15,15.2,14.65,14.7,1150,85325,19.29,14.8,15.0
17420,2021-03-23 11:19:00,14.85,15.4,14.85,15.4,1200,85325,19.27,15.45,15.6
17421,2021-03-23 11:20:00,15.9,16.7,15.9,16.6,925,83100,19.27,16.35,16.55
17422,2021-03-23 11:21:00,16.35,16.35,15.65,15.65,1850,83100,19.24,15.65,15.8
17423,2021-03-23 11:22:00,15.75,15.85,15.55,15.7,700,83100,19.24,15.5,15.7
17424,2021-03-23 11:23:00,15.5,15.6,15.0,15.0,1150,85600,19.22,14.95,15.1
17425,2021-03-23 11:24:00,15.05,15.15,14.95,15.0,575,85600,19.21,14.7,14.8
17426,2021-03-23 11:25:00,14.7,15.0,14.45,15.0,1250,85600,19.19,15.05,15.25
17427,2021-03-23 11:26:00,15.3,15.35,15.0,15.2,575,84575,19.19,15.0,15.15
17428,2021-03-23 11:27:00,14.9,15.4,14.9,15.4,600,84575,19.18,15.35,15.5
17429,2021-03-23 11:28:00,15.5,15.5,15.35,15.35,300,84575,19.18,15.0,15.15
17430,2021-03-23 11:29:00,15.15,15.15,14.3,14.45,1600,84950,19.15,14.25,14.45
17431,2021-03-23 11:30:00,14.45,14.6,13.5,13.5,1425,84950,19.13,13.3,13.6
17432,2021-03-23 11:31:00,13.55,13.65,12.9,12.95,6575,84950,19.0,12.75,12.95
17433,2021-03-23 11:32:00,12.8,12.9,12.3,12.9,3825,83900,18.93,12.7,12.85
17434,2021-03-23 11:33:00,12.65,12.85,12.25,12.35,4825,83900,18.83,12.25,12.35
17435,2021-03-23 11:34:00,12.25,12.25,11.15,11.15,20600,83900,18.41,11.2,11.45
17436,2021-03-23 11:35:00,11.2,11.45,10.8,10.8,8450,83050,18.23,10.8,10.95
17437,2021-03-23 11:36:00,10.85,11.1,10.45,10.45,6500,83050,18.1,10.35,10.5
17438,2021-03-23 11:37:00,10.5,10.7,10.25,10.7,3500,83050,18.02,10.65,10.8
17439,2021-03-23 11:38:00,10.9,11.3,10.75,11.2,2700,81200,17.97,11.1,11.25
17440,2021-03-23 11:39:00,11.1,11.1,10.65,10.95,6275,81200,17.85,10.85,11.0
17441,2021-03-23 11:40:00,10.85,11.05,10.65,10.75,2925,81200,17.8,10.65,10.75
17442,2021-03-23 11:41:00,10.85,10.85,10.55,10.6,2200,84450,17.75,10.45,10.6
17443,2021-03-23 11:42:00,10.65,10.75,10.5,10.75,1800,84450,17.72,10.45,10.55
17444,2021-03-23 11:43:00,10.45,10.85,10.45,10.85,300,84450,17.71,10.65,10.75
17445,2021-03-23 11:44:00,10.75,11.0,10.7,10.85,1675,82850,17.68,10.8,10.95
17446,2021-03-23 11:45:00,11.0,11.2,10.9,10.9,4325,82850,17.61,10.95,11.1
17447,2021-03-23 11:46:00,10.95,11.05,10.9,10.9,2650,82850,17.56,10.9,11.1
17448,2021-03-23 11:47:00,10.95,11.0,10.7,10.85,1700,82850,17.53,10.8,10.95
17449,2021-03-23 11:48:00,11.05,11.05,10.75,10.8,625,80625,17.52,10.7,10.85
17450,2021-03-23 11:49:00,10.7,10.95,10.6,10.8,2025,80625,17.49,10.8,10.95
17451,2021-03-23 11:50:00,10.75,10.85,10.6,10.65,600,80625,17.48,10.55,10.7
17452,2021-03-23 11:51:00,10.7,11.0,10.55,11.0,3600,81350,17.41,10.85,11.0
17453,2021-03-23 11:52:00,11.0,11.35,11.0,11.25,1900,81350,17.38,11.1,11.25
17454,2021-03-23 11:53:00,11.05,11.3,11.05,11.25,250,81350,17.38,11.2,11.3
17455,2021-03-23 11:54:00,11.05,11.2,11.0,11.1,800,82700,17.37,10.9,11.05
17456,2021-03-23 11:55:00,10.95,11.25,10.95,11.15,550,82700,17.36,11.1,11.25
17457,2021-03-23 11:56:00,11.1,11.25,11.0,11.25,1750,82700,17.33,11.1,11.25
17458,2021-03-23 11:57:00,11.05,11.35,11.05,11.3,2200,82575,17.3,11.15,11.25
17459,2021-03-23 11:58:00,11.25,11.65,11.25,11.55,1450,82575,17.28,11.65,11.8
17460,2021-03-23 11:59:00,11.6,11.7,11.25,11.25,1125,82575,17.26,11.2,11.3
17461,2021-03-23 12:00:00,11.05,11.1,10.95,11.05,425,82575,17.26,10.9,11.05
17462,2021-03-23 12:01:00,10.9,10.9,10.9,10.9,300,82575,17.25,10.8,11.0
17463,2021-03-23 12:02:00,11.1,11.1,10.75,10.75,125,82575,17.25,10.85,11.0
17464,2021-03-23 12:03:00,11.0,11.15,10.95,11.15,625,83025,17.24,11.3,11.45
17465,2021-03-23 12:04:00,11.35,11.65,11.35,11.65,425,83025,17.23,11.5,11.65
17466,2021-03-23 12:05:00,11.5,11.55,11.4,11.45,250,83025,17.23,11.4,11.5
17467,2021-03-23 12:06:00,11.35,11.45,11.25,11.4,550,83625,17.22,11.3,11.45
17468,2021-03-23 12:07:00,11.3,11.3,11.3,11.3,150,83625,17.22,11.15,11.3
17469,2021-03-23 12:08:00,11.25,11.3,11.15,11.3,725,83625,17.21,11.2,11.3
17470,2021-03-23 12:09:00,11.15,11.4,11.15,11.4,250,83800,17.2,11.15,11.3
17471,2021-03-23 12:10:00,11.25,11.25,11.05,11.2,950,83800,17.19,11.05,11.15
17472,2021-03-23 12:11:00,10.9,10.9,10.75,10.75,500,83800,17.18,10.75,10.9
17473,2021-03-23 12:12:00,10.8,10.85,10.7,10.75,2125,83825,17.15,10.6,10.75
17474,2021-03-23 12:13:00,10.95,10.95,10.75,10.75,325,83825,17.14,10.7,10.85
17475,2021-03-23 12:14:00,10.7,10.75,10.6,10.6,825,83825,17.13,10.65,10.75
17476,2021-03-23 12:15:00,10.75,10.9,10.75,10.9,350,81900,17.13,10.8,10.95
17477,2021-03-23 12:16:00,11.0,11.0,10.85,10.85,1125,81900,17.11,10.85,11.0
17478,2021-03-23 12:17:00,10.8,10.8,10.7,10.7,100,81900,17.11,10.7,10.85
17479,2021-03-23 12:18:00,10.8,10.9,10.7,10.75,500,80950,17.1,10.75,10.95
17480,2021-03-23 12:19:00,10.8,10.85,10.6,10.6,650,80950,17.09,10.6,10.75
17481,2021-03-23 12:20:00,10.7,10.85,10.7,10.75,275,80950,17.09,10.75,10.9
17482,2021-03-23 12:21:00,10.95,11.0,10.85,10.95,325,80975,17.08,10.9,11.05
17483,2021-03-23 12:22:00,10.9,10.9,10.85,10.85,875,80975,17.07,10.85,11.0
17484,2021-03-23 12:23:00,11.05,11.1,10.95,11.05,600,80975,17.06,10.9,11.05
17485,2021-03-23 12:24:00,10.9,11.0,10.75,10.85,1025,80475,17.04,10.65,10.8
17486,2021-03-23 12:25:00,10.65,10.65,10.55,10.65,375,80475,17.04,10.65,10.8
17487,2021-03-23 12:26:00,10.65,10.65,10.6,10.6,75,80475,17.04,10.75,10.8
17488,2021-03-23 12:27:00,10.8,10.9,10.7,10.85,200,80625,17.03,10.85,10.95
17489,2021-03-23 12:28:00,10.85,10.85,10.75,10.75,100,80625,17.03,10.7,10.85
17490,2021-03-23 12:29:00,10.85,11.4,10.85,11.4,725,80625,17.02,11.15,11.3
17491,2021-03-23 12:30:00,11.25,11.4,11.15,11.2,1075,80250,17.01,11.1,11.25
17492,2021-03-23 12:31:00,11.25,11.4,11.15,11.2,1075,80250,17.01,11.1,11.25
17493,2021-03-23 12:32:00,11.05,11.15,10.7,10.75,800,80250,17.0,10.75,10.9
17494,2021-03-23 12:33:00,10.8,11.05,10.7,11.05,1000,80250,16.98,11.2,11.35
17495,2021-03-23 12:34:00,11.45,11.5,11.2,11.2,525,80250,16.97,11.2,11.25
17496,2021-03-23 12:35:00,11.25,11.35,11.25,11.35,200,80250,16.97,11.15,11.3
17497,2021-03-23 12:36:00,11.2,11.2,10.95,11.1,175,80550,16.97,10.95,11.1
17498,2021-03-23 12:37:00,11.1,11.3,10.95,11.3,625,80550,16.96,11.15,11.3
17499,2021-03-23 12:38:00,11.4,11.4,11.2,11.2,100,80550,16.96,11.15,11.2
17500,2021-03-23 12:39:00,11.0,11.1,11.0,11.0,425,80975,16.95,10.95,11.1
17501,2021-03-23 12:40:00,11.1,11.1,11.1,11.1,25,80975,16.95,11.0,11.15
17502,2021-03-23 12:41:00,11.05,11.1,11.0,11.1,2425,80975,16.92,11.0,11.2
17503,2021-03-23 12:42:00,11.15,11.25,11.05,11.25,425,82800,16.91,11.25,11.4
17504,2021-03-23 12:43:00,11.4,11.4,11.35,11.35,175,82800,16.91,11.25,11.35
17505,2021-03-23 12:44:00,11.4,11.5,11.35,11.35,725,82800,16.9,11.25,11.4
17506,2021-03-23 12:45:00,11.5,12.5,11.35,12.45,2000,82875,16.88,12.65,12.8
17507,2021-03-23 12:46:00,12.75,12.75,12.7,12.75,625,82875,16.87,12.45,12.6
17508,2021-03-23 12:47:00,12.55,13.05,12.4,13.0,375,82875,16.87,12.75,12.95
17509,2021-03-23 12:48:00,12.4,12.4,12.1,12.1,175,82450,16.87,11.75,11.9
17510,2021-03-23 12:49:00,11.5,11.6,11.5,11.6,300,82450,16.86,11.5,11.75
17511,2021-03-23 12:50:00,11.5,11.75,11.4,11.75,425,82450,16.86,11.8,11.95
17512,2021-03-23 12:51:00,11.75,11.75,11.55,11.55,150,82800,16.85,11.45,11.6
17513,2021-03-23 12:52:00,11.6,12.25,11.6,12.1,325,82800,16.85,12.0,12.1
17514,2021-03-23 12:53:00,12.0,12.15,12.0,12.0,225,82800,16.85,11.8,12.0
17515,2021-03-23 12:54:00,12.2,13.2,12.2,13.1,1200,82575,16.84,13.05,13.15
17516,2021-03-23 12:55:00,13.4,13.75,13.2,13.4,1175,82575,16.83,13.4,13.55
17517,2021-03-23 12:56:00,13.6,13.6,12.2,12.4,1275,82575,16.82,12.3,12.45
17518,2021-03-23 12:57:00,12.4,12.4,11.55,11.65,2075,82700,16.79,11.55,11.7
17519,2021-03-23 12:58:00,11.5,11.8,11.4,11.65,450,82700,16.79,11.65,11.85
17520,2021-03-23 12:59:00,11.7,11.75,11.15,11.3,1600,82700,16.77,11.2,11.35
17521,2021-03-23 13:00:00,11.3,11.3,10.85,11.0,2250,81850,16.74,10.85,11.0
17522,2021-03-23 13:01:00,11.0,11.1,10.85,11.1,275,81850,16.74,11.0,11.15
17523,2021-03-23 13:02:00,11.05,11.5,11.05,11.5,1300,81850,16.72,11.35,11.5
17524,2021-03-23 13:03:00,11.55,11.55,11.45,11.45,150,81000,16.72,11.45,11.6
17525,2021-03-23 13:04:00,11.6,11.6,11.6,11.6,225,81000,16.72,11.6,11.75
17526,2021-03-23 13:05:00,11.25,11.3,11.25,11.3,375,81000,16.71,11.2,11.35
17527,2021-03-23 13:06:00,11.35,11.35,11.35,11.35,75,80875,16.71,11.35,11.5
17528,2021-03-23 13:07:00,11.2,11.2,11.2,11.2,50,80875,16.71,11.15,11.3
17529,2021-03-23 13:08:00,11.25,11.25,11.25,11.25,125,80875,16.71,11.25,11.4
17530,2021-03-23 13:09:00,11.3,11.3,11.05,11.3,800,80950,16.7,11.2,11.4
17531,2021-03-23 13:10:00,11.3,11.3,11.3,11.3,25,80950,16.7,11.25,11.45
17532,2021-03-23 13:11:00,11.25,11.35,11.25,11.35,225,80950,16.7,11.35,11.45
17533,2021-03-23 13:12:00,11.35,11.75,11.35,11.75,950,80900,16.68,11.7,11.8
17534,2021-03-23 13:13:00,11.7,11.9,11.65,11.75,775,80900,16.68,11.8,11.95
17535,2021-03-23 13:14:00,11.8,11.85,11.7,11.8,275,80900,16.67,11.8,11.95
17536,2021-03-23 13:15:00,11.8,11.85,11.7,11.8,275,80900,16.67,11.8,11.95
17537,2021-03-23 13:16:00,11.5,11.5,11.25,11.3,225,80925,16.67,11.25,11.4
17538,2021-03-23 13:17:00,11.3,11.35,10.25,10.35,1950,80925,16.64,10.4,10.55
17539,2021-03-23 13:18:00,10.35,10.45,10.3,10.3,200,80950,16.64,10.2,10.35
17540,2021-03-23 13:19:00,10.3,10.45,10.3,10.45,200,80950,16.64,10.3,10.45
17541,2021-03-23 13:20:00,10.3,10.3,10.05,10.2,1675,80950,16.61,10.15,10.3
17542,2021-03-23 13:21:00,10.2,10.3,9.8,9.95,1425,82225,16.59,9.85,9.95
17543,2021-03-23 13:22:00,10.0,10.25,10.0,10.1,2575,82225,16.56,10.05,10.2
17544,2021-03-23 13:23:00,10.25,10.4,10.2,10.4,375,82225,16.55,10.35,10.5
17545,2021-03-23 13:24:00,10.4,10.55,10.3,10.45,925,83375,16.54,10.4,10.55
17546,2021-03-23 13:25:00,10.45,10.95,10.45,10.85,1200,83375,16.52,10.9,11.15
17547,2021-03-23 13:26:00,11.1,11.9,11.0,11.7,2125,83375,16.5,11.75,11.85
17548,2021-03-23 13:27:00,11.75,11.95,11.7,11.85,1100,82100,16.49,11.55,11.7
17549,2021-03-23 13:28:00,11.35,11.35,11.25,11.25,300,82100,16.49,11.25,11.4
17550,2021-03-23 13:29:00,11.3,11.45,11.25,11.25,700,82100,16.48,11.25,11.4
17551,2021-03-23 13:30:00,11.15,11.15,10.55,10.8,525,82275,16.47,10.75,10.85
17552,2021-03-23 13:31:00,10.8,10.9,10.8,10.85,350,82275,16.47,10.75,10.9
17553,2021-03-23 13:32:00,10.75,11.05,10.65,10.95,1325,82275,16.45,10.75,10.9
17554,2021-03-23 13:33:00,10.65,10.7,10.65,10.7,1350,82725,16.43,10.7,10.8
17555,2021-03-23 13:34:00,10.7,10.9,10.7,10.9,150,82725,16.43,10.75,10.95
17556,2021-03-23 13:35:00,10.95,10.95,10.6,10.95,275,82725,16.43,10.75,10.9
17557,2021-03-23 13:36:00,10.9,10.9,10.35,10.4,1275,82450,16.41,10.3,10.4
17558,2021-03-23 13:37:00,10.25,10.25,9.8,9.8,2100,82450,16.39,9.9,10.0
17559,2021-03-23 13:38:00,10.05,10.05,9.75,9.95,650,82450,16.38,9.85,10.0
17560,2021-03-23 13:39:00,10.05,10.2,9.9,10.15,1750,83100,16.35,10.05,10.15
17561,2021-03-23 13:40:00,10.15,10.45,10.05,10.45,1800,83100,16.33,10.4,10.5
17562,2021-03-23 13:41:00,10.5,10.65,10.4,10.4,675,83100,16.32,10.3,10.4
17563,2021-03-23 13:42:00,10.35,10.35,10.15,10.2,125,82800,16.32,10.1,10.25
17564,2021-03-23 13:43:00,10.3,10.3,9.9,10.0,675,82800,16.31,9.9,10.05
17565,2021-03-23 13:44:00,10.2,10.45,10.1,10.45,975,82800,16.3,10.35,10.5
17566,2021-03-23 13:45:00,10.5,10.6,10.0,10.0,775,81100,16.29,9.85,10.0
17567,2021-03-23 13:46:00,10.05,10.2,10.0,10.2,300,81100,16.29,10.05,10.2
17568,2021-03-23 13:47:00,10.25,10.4,10.0,10.0,475,81100,16.28,9.95,10.05
17569,2021-03-23 13:48:00,10.05,10.2,10.05,10.05,250,81575,16.28,10.1,10.25
17570,2021-03-23 13:49:00,10.5,10.5,10.15,10.35,350,81575,16.27,10.15,10.3
17571,2021-03-23 13:50:00,10.8,11.8,10.8,11.7,2450,81575,16.25,11.6,11.75
17572,2021-03-23 13:51:00,11.8,11.8,11.4,11.4,1750,81100,16.23,11.35,11.5
17573,2021-03-23 13:52:00,11.5,11.55,11.15,11.25,425,81100,16.23,11.15,11.35
17574,2021-03-23 13:53:00,11.45,11.65,11.2,11.35,500,81100,16.22,11.3,11.45
17575,2021-03-23 13:54:00,11.3,11.3,11.2,11.2,75,81075,16.22,11.25,11.4
17576,2021-03-23 13:55:00,11.45,11.45,11.0,11.0,450,81075,16.21,10.9,10.95
17577,2021-03-23 13:56:00,10.95,10.95,10.45,10.45,650,81075,16.21,10.45,10.55
17578,2021-03-23 13:57:00,10.4,10.45,10.35,10.4,275,80925,16.2,10.3,10.45
17579,2021-03-23 13:58:00,10.3,10.3,10.3,10.3,125,80925,16.2,10.4,10.55
17580,2021-03-23 13:59:00,10.15,10.5,10.15,10.5,350,80925,16.2,10.45,10.6
17581,2021-03-23 14:00:00,10.5,10.75,10.15,10.2,1425,81050,16.18,10.1,10.25
17582,2021-03-23 14:01:00,10.1,10.1,9.75,9.75,600,81050,16.17,9.8,9.95
17583,2021-03-23 14:02:00,9.9,10.0,9.9,9.9,175,81050,16.17,9.8,9.95
17584,2021-03-23 14:03:00,9.85,10.0,9.85,9.9,450,81050,16.17,10.0,10.15
17585,2021-03-23 14:04:00,9.9,9.95,9.7,9.95,300,81050,16.16,9.85,9.95
17586,2021-03-23 14:05:00,9.95,9.95,9.7,9.7,250,81050,16.16,9.6,9.7
17587,2021-03-23 14:06:00,9.6,10.3,9.55,9.9,3625,80875,16.11,9.9,10.0
17588,2021-03-23 14:07:00,10.0,10.05,10.0,10.05,175,80875,16.11,9.8,9.95
17589,2021-03-23 14:08:00,10.0,10.05,10.0,10.05,175,80875,16.11,9.8,9.95
17590,2021-03-23 14:09:00,9.95,9.95,9.8,9.8,2600,81875,16.08,9.75,9.85
17591,2021-03-23 14:10:00,9.75,10.35,9.7,10.25,950,81875,16.07,10.3,10.4
17592,2021-03-23 14:11:00,10.45,10.55,10.35,10.35,3650,81875,16.02,10.35,10.4
17593,2021-03-23 14:12:00,10.35,10.35,9.8,9.8,750,83250,16.02,9.8,9.9
17594,2021-03-23 14:13:00,9.8,9.85,9.65,9.7,2550,83250,15.98,9.6,9.7
17595,2021-03-23 14:14:00,9.7,10.05,9.7,10.0,1850,83250,15.96,9.8,9.95
17596,2021-03-23 14:15:00,9.85,10.25,9.85,10.15,950,82750,15.95,9.95,10.05
17597,2021-03-23 14:16:00,9.85,9.85,9.65,9.7,225,82750,15.95,9.6,9.75
17598,2021-03-23 14:17:00,9.7,10.7,9.7,10.7,1700,82750,15.93,10.6,10.75
17599,2021-03-23 14:18:00,10.6,11.35,10.6,10.95,2675,82275,15.9,10.85,10.95
17600,2021-03-23 14:19:00,10.95,11.15,10.8,10.9,3225,82275,15.87,10.85,11.0
17601,2021-03-23 14:20:00,10.9,11.5,10.9,11.5,2700,82275,15.85,11.4,11.55
17602,2021-03-23 14:21:00,11.55,11.55,11.1,11.25,1550,79925,15.83,11.1,11.2
17603,2021-03-23 14:22:00,11.05,11.1,10.85,10.95,2475,79925,15.81,10.85,10.95
17604,2021-03-23 14:23:00,10.8,11.65,10.8,11.65,1325,79925,15.8,11.65,11.75
17605,2021-03-23 14:24:00,11.75,11.75,11.4,11.55,550,78525,15.8,11.55,11.7
17606,2021-03-23 14:25:00,11.9,12.7,11.6,12.6,3425,78525,15.77,12.5,12.65
17607,2021-03-23 14:26:00,12.5,13.0,12.3,12.75,6425,78525,15.73,12.6,12.75
17608,2021-03-23 14:27:00,12.9,12.9,11.3,11.3,3325,81900,15.71,11.3,11.4
17609,2021-03-23 14:28:00,11.4,11.65,11.35,11.45,2925,81900,15.69,11.5,11.6
17610,2021-03-23 14:29:00,11.4,11.5,11.25,11.4,2375,81900,15.67,11.25,11.4
17611,2021-03-23 14:30:00,11.45,11.95,11.1,11.35,4075,79800,15.64,11.15,11.3
17612,2021-03-23 14:31:00,11.15,11.2,10.9,11.0,400,79800,15.64,10.8,11.05
17613,2021-03-23 14:32:00,10.95,11.05,10.85,10.9,650,79800,15.63,10.9,11.1
17614,2021-03-23 14:33:00,10.95,10.95,10.95,10.95,125,79800,15.63,10.95,11.1
17615,2021-03-23 14:34:00,10.95,11.15,10.95,11.15,400,80050,15.63,10.9,11.05
17616,2021-03-23 14:35:00,10.95,10.95,10.3,10.55,300,80050,15.63,10.55,10.7
17617,2021-03-23 14:36:00,10.65,10.75,10.65,10.7,400,80425,15.62,10.7,10.85
17618,2021-03-23 14:37:00,10.75,10.75,10.75,10.75,25,80425,15.62,10.35,10.5
17619,2021-03-23 14:38:00,10.25,10.5,10.15,10.3,950,80425,15.61,10.2,10.3
17620,2021-03-23 14:39:00,10.25,10.25,10.15,10.15,350,80425,15.61,10.05,10.25
17621,2021-03-23 14:40:00,10.2,10.45,10.05,10.45,875,80425,15.6,10.4,10.55
17622,2021-03-23 14:41:00,10.6,11.05,10.6,11.0,1150,80425,15.59,10.95,11.1
17623,2021-03-23 14:42:00,10.95,12.3,10.95,11.95,3875,79150,15.56,11.85,12.0
17624,2021-03-23 14:43:00,11.85,11.95,11.6,11.8,2350,79150,15.55,11.75,11.9
17625,2021-03-23 14:44:00,11.9,12.85,11.9,12.7,8425,79150,15.5,12.7,12.8
17626,2021-03-23 14:45:00,12.5,12.7,11.4,11.45,3550,78700,15.48,11.45,11.55
17627,2021-03-23 14:46:00,11.4,11.4,11.0,11.3,3425,78700,15.45,11.3,11.45
17628,2021-03-23 14:47:00,11.3,11.9,11.3,11.8,4650,78700,15.42,11.7,11.8
17629,2021-03-23 14:48:00,11.7,11.95,11.5,11.5,3800,79100,15.4,11.4,11.5
17630,2021-03-23 14:49:00,11.45,11.6,11.35,11.6,1950,79100,15.38,11.5,11.6
17631,2021-03-23 14:50:00,11.5,12.45,11.35,12.45,2625,79100,15.37,12.35,12.45
17632,2021-03-23 14:51:00,13.55,13.55,12.25,12.3,2600,77425,15.36,12.35,12.45
17633,2021-03-23 14:52:00,12.4,12.4,11.8,12.0,925,77425,15.35,11.9,12.05
17634,2021-03-23 14:53:00,12.05,12.15,11.35,11.35,1575,77425,15.34,11.35,11.45
17635,2021-03-23 14:54:00,11.25,11.6,10.95,11.1,3250,76400,15.32,11.1,11.15
17636,2021-03-23 14:55:00,11.1,11.1,10.35,10.5,2875,76400,15.3,10.4,10.55
17637,2021-03-23 14:56:00,10.4,10.8,10.4,10.8,1575,76400,15.28,10.65,10.75
17638,2021-03-23 14:57:00,10.85,10.85,9.9,10.1,1625,77000,15.27,10.05,10.15
17639,2021-03-23 14:58:00,10.15,10.4,10.1,10.2,3000,77000,15.24,10.05,10.15
17640,2021-03-23 14:59:00,10.2,10.4,9.7,9.75,1500,77000,15.23,9.75,9.85
17641,2021-03-23 15:00:00,9.75,10.2,9.65,9.8,1700,75125,15.22,9.7,9.85
17642,2021-03-23 15:01:00,9.8,9.8,9.05,9.15,1275,75125,15.2,9.15,9.25
17643,2021-03-23 15:02:00,9.2,9.25,8.8,8.85,1125,75125,15.19,8.75,8.9
17644,2021-03-23 15:03:00,8.7,8.7,8.05,8.1,1600,75750,15.17,8.1,8.2
17645,2021-03-23 15:04:00,8.0,8.3,8.0,8.2,800,75750,15.17,8.25,8.4
17646,2021-03-23 15:05:00,8.25,8.35,8.15,8.15,1600,75750,15.15,8.15,8.25
17647,2021-03-23 15:06:00,8.25,8.25,8.05,8.2,1000,75500,15.14,8.15,8.25
17648,2021-03-23 15:07:00,8.15,8.35,8.15,8.35,2050,75500,15.11,8.25,8.4
17649,2021-03-23 15:08:00,8.2,8.45,8.2,8.2,1200,75500,15.1,8.2,8.35
17650,2021-03-23 15:09:00,8.2,8.2,8.15,8.2,2250,73875,15.07,8.05,8.15
17651,2021-03-23 15:10:00,8.15,8.15,8.05,8.1,2225,73875,15.05,8.05,8.2
17652,2021-03-23 15:11:00,8.1,8.1,7.9,7.95,3550,73875,15.01,7.95,8.05
17653,2021-03-23 15:12:00,8.0,8.0,7.5,7.6,2075,73725,14.99,7.5,7.6
17654,2021-03-23 15:13:00,7.65,7.65,7.5,7.65,3550,73725,14.94,7.6,7.75
17655,2021-03-23 15:14:00,7.75,7.9,7.55,7.55,625,73725,14.94,7.55,7.65
17656,2021-03-23 15:15:00,7.6,7.6,7.4,7.4,250,71725,14.93,7.4,7.5
17657,2021-03-23 15:16:00,7.4,7.5,7.3,7.3,575,71725,14.93,7.3,7.4
17658,2021-03-23 15:17:00,7.3,7.45,7.3,7.45,925,71725,14.92,7.3,7.4
17659,2021-03-23 15:18:00,7.3,7.4,7.1,7.15,800,71425,14.91,7.1,7.2
17660,2021-03-23 15:19:00,7.15,7.15,6.75,6.75,1400,71425,14.89,6.7,6.8
17661,2021-03-23 15:20:00,6.75,6.9,6.6,6.8,2325,71425,14.86,6.7,6.85
17662,2021-03-23 15:21:00,6.7,6.85,6.7,6.7,5150,67400,14.79,6.65,6.8
17663,2021-03-23 15:22:00,6.8,6.8,6.45,6.45,2725,67400,14.76,6.45,6.55
17664,2021-03-23 15:23:00,6.45,6.55,6.35,6.45,1575,67400,14.74,6.35,6.5
17665,2021-03-23 15:24:00,6.45,6.45,6.25,6.3,2625,65725,14.71,6.25,6.35
17666,2021-03-23 15:25:00,6.3,6.4,6.0,6.1,6250,65725,14.62,6.1,6.2
17667,2021-03-23 15:26:00,6.2,6.55,6.05,6.45,4425,65725,14.57,6.25,6.55
17668,2021-03-23 15:27:00,6.45,6.65,6.3,6.4,2100,63650,14.54,6.4,6.5
17669,2021-03-23 15:28:00,6.55,6.55,6.25,6.35,2450,63650,14.51,6.1,6.3
17670,2021-03-23 15:29:00,6.55,6.55,6.25,6.35,2450,63650,14.51,6.1,6.3
17671,2021-03-23 15:30:00,6.1,6.45,6.05,6.4,1575,63650,14.49,6.25,6.45
17672,2021-03-24 09:15:00,5.9,6.45,4.9,6.15,8000,63000,5.8,6.15,6.3
17673,2021-03-24 09:16:00,6.05,6.15,5.7,5.85,5800,63000,5.87,5.75,5.85
17674,2021-03-24 09:17:00,5.8,5.8,5.25,5.35,4325,64425,5.78,5.3,5.4
17675,2021-03-24 09:18:00,5.35,5.85,5.3,5.85,6125,64425,5.69,5.75,5.85
17676,2021-03-24 09:19:00,5.75,5.85,5.6,5.65,2775,64425,5.69,5.6,5.7
17677,2021-03-24 09:20:00,5.7,5.85,5.6,5.7,4150,64425,5.7,5.65,5.8
17678,2021-03-24 09:21:00,5.7,5.85,5.7,5.75,2250,64425,5.7,5.65,5.75
17679,2021-03-24 09:22:00,5.75,5.85,5.55,5.65,2475,64425,5.7,5.55,5.65
17680,2021-03-24 09:23:00,5.7,5.75,5.65,5.65,625,63850,5.7,5.6,5.7
17681,2021-03-24 09:24:00,5.65,5.7,5.6,5.7,725,63850,5.7,5.7,5.8
17682,2021-03-24 09:25:00,5.7,5.75,5.6,5.65,900,63850,5.7,5.7,5.8
17683,2021-03-24 09:26:00,5.7,5.9,5.7,5.9,1600,63250,5.7,5.75,5.9
17684,2021-03-24 09:27:00,5.85,5.85,5.8,5.85,850,63250,5.71,5.75,5.85
17685,2021-03-24 09:28:00,5.8,5.8,5.7,5.7,825,63250,5.71,5.65,5.75
17686,2021-03-24 09:29:00,5.75,5.75,5.65,5.65,775,61275,5.71,5.6,5.7
17687,2021-03-24 09:30:00,5.6,5.65,5.6,5.65,175,61275,5.71,5.65,5.75
17688,2021-03-24 09:31:00,5.7,5.85,5.7,5.7,125,61275,5.71,5.7,5.8
17689,2021-03-24 09:32:00,5.85,6.2,5.85,6.15,3600,61675,5.73,6.15,6.25
17690,2021-03-24 09:33:00,6.2,6.3,6.15,6.25,1250,61675,5.75,6.25,6.35
17691,2021-03-24 09:34:00,6.4,6.45,6.35,6.45,775,61675,5.76,6.3,6.35
17692,2021-03-24 09:35:00,6.3,6.75,6.2,6.55,3650,64025,5.8,6.45,6.55
17693,2021-03-24 09:36:00,6.45,6.45,6.15,6.15,975,64025,5.82,6.15,6.25
17694,2021-03-24 09:37:00,6.25,6.35,6.2,6.2,550,64025,5.82,6.2,6.25
17695,2021-03-24 09:38:00,6.3,6.5,6.3,6.5,1625,64550,5.83,6.35,6.45
17696,2021-03-24 09:39:00,6.4,6.85,6.4,6.75,1700,64550,5.86,6.7,6.8
17697,2021-03-24 09:40:00,6.8,7.05,6.75,6.75,4450,64550,5.93,6.75,6.85
17698,2021-03-24 09:41:00,6.8,6.85,6.6,6.6,2075,66075,5.96,6.55,6.65
17699,2021-03-24 09:42:00,6.55,6.55,6.2,6.2,2275,66075,5.97,6.15,6.25
17700,2021-03-24 09:43:00,6.15,6.35,6.1,6.3,2175,66075,5.98,6.25,6.35
17701,2021-03-24 09:44:00,6.25,6.85,6.25,6.6,1925,65825,6.0,6.55,6.65
17702,2021-03-24 09:45:00,6.65,6.65,6.5,6.5,1000,65825,6.01,6.5,6.55
17703,2021-03-24 09:46:00,6.55,6.55,6.3,6.4,1775,65825,6.02,6.35,6.4
17704,2021-03-24 09:47:00,6.4,6.4,6.35,6.35,400,64925,6.02,6.3,6.35
17705,2021-03-24 09:48:00,6.35,6.45,6.35,6.45,3500,64925,6.03,6.4,6.5
17706,2021-03-24 09:49:00,6.45,6.8,6.4,6.75,4275,64925,6.07,6.65,6.75
17707,2021-03-24 09:50:00,6.65,6.65,6.4,6.55,1100,66700,6.07,6.55,6.65
17708,2021-03-24 09:51:00,6.65,6.7,6.5,6.5,2025,66700,6.09,6.45,6.55
17709,2021-03-24 09:52:00,6.5,6.55,6.35,6.35,675,66700,6.09,6.3,6.4
17710,2021-03-24 09:53:00,6.3,6.3,6.2,6.25,225,66000,6.09,6.15,6.25
17711,2021-03-24 09:54:00,6.1,6.35,6.1,6.3,1700,66000,6.09,6.3,6.4
17712,2021-03-24 09:55:00,6.3,6.35,6.05,6.05,2050,66000,6.1,6.05,6.1
17713,2021-03-24 09:56:00,6.0,6.15,6.0,6.15,625,65425,6.1,6.05,6.15
17714,2021-03-24 09:57:00,6.25,6.25,6.1,6.1,800,65425,6.1,6.15,6.25
17715,2021-03-24 09:58:00,6.15,6.25,6.0,6.1,825,65425,6.1,6.0,6.1
17716,2021-03-24 09:59:00,6.0,6.0,5.95,5.95,375,65850,6.1,5.9,6.0
17717,2021-03-24 10:00:00,5.95,6.1,5.9,6.0,2100,65850,6.1,5.95,6.05
17718,2021-03-24 10:01:00,6.0,6.0,5.9,5.9,650,65850,6.09,5.85,5.95
17719,2021-03-24 10:02:00,5.95,5.95,5.85,5.95,1250,65875,6.09,5.9,6.0
17720,2021-03-24 10:03:00,5.9,5.95,5.85,5.9,575,65875,6.09,5.85,5.95
17721,2021-03-24 10:04:00,6.05,6.1,5.9,6.0,725,65875,6.09,6.0,6.1
17722,2021-03-24 10:05:00,6.1,6.2,5.95,6.15,3200,66600,6.09,6.05,6.15
17723,2021-03-24 10:06:00,6.05,6.1,5.9,5.9,950,66600,6.09,5.85,5.95
17724,2021-03-24 10:07:00,5.8,5.95,5.8,5.8,825,66600,6.09,5.85,5.9
17725,2021-03-24 10:08:00,5.8,5.8,5.8,5.8,150,66000,6.09,5.8,5.9
17726,2021-03-24 10:09:00,5.8,5.95,5.8,5.9,325,66000,6.09,5.85,5.95
17727,2021-03-24 10:10:00,5.95,6.1,5.9,5.95,1900,66000,6.08,5.9,6.0
17728,2021-03-24 10:11:00,5.9,5.9,5.85,5.85,150,65500,6.08,5.8,5.9
17729,2021-03-24 10:12:00,5.8,5.9,5.8,5.9,400,65500,6.08,5.85,5.95
17730,2021-03-24 10:13:00,5.9,5.9,5.8,5.8,1000,65500,6.08,5.75,5.85
17731,2021-03-24 10:14:00,5.8,5.9,5.8,5.85,300,64850,6.08,5.8,5.9
17732,2021-03-24 10:15:00,5.8,5.9,5.8,5.8,875,64850,6.08,5.8,5.85
17733,2021-03-24 10:16:00,5.8,5.8,5.7,5.7,600,64850,6.08,5.65,5.75
17734,2021-03-24 10:17:00,5.75,5.75,5.75,5.75,325,64300,6.08,5.75,5.8
17735,2021-03-24 10:18:00,5.75,5.75,5.65,5.7,1625,64300,6.07,5.65,5.75
17736,2021-03-24 10:19:00,5.65,5.85,5.65,5.85,1175,64300,6.07,5.85,5.9
17737,2021-03-24 10:20:00,5.85,6.3,5.85,6.3,2425,64425,6.06,6.05,6.15
17738,2021-03-24 10:21:00,6.15,6.5,6.05,6.35,3925,64425,6.07,6.35,6.45
17739,2021-03-24 10:22:00,6.4,6.5,6.3,6.4,1675,64425,6.08,6.35,6.45
17740,2021-03-24 10:23:00,6.35,6.4,6.3,6.3,200,65625,6.08,6.3,6.35
17741,2021-03-24 10:24:00,6.35,6.45,6.35,6.4,700,65625,6.08,6.35,6.45
17742,2021-03-24 10:25:00,6.4,6.4,6.35,6.4,350,65625,6.08,6.35,6.45
17743,2021-03-24 10:26:00,6.4,6.4,6.35,6.4,550,65675,6.08,6.35,6.45
17744,2021-03-24 10:27:00,6.45,6.45,6.4,6.4,575,65675,6.08,6.35,6.45
17745,2021-03-24 10:28:00,6.45,6.45,6.45,6.45,325,65675,6.08,6.4,6.5
17746,2021-03-24 10:29:00,6.5,6.6,6.5,6.55,400,65650,6.09,6.55,6.65
17747,2021-03-24 10:30:00,6.55,6.55,6.5,6.5,450,65650,6.09,6.45,6.5
17748,2021-03-24 10:31:00,6.45,6.5,6.4,6.5,600,65650,6.09,6.45,6.55
17749,2021-03-24 10:32:00,6.45,6.45,6.45,6.45,225,65775,6.09,6.45,6.5
17750,2021-03-24 10:33:00,6.45,6.45,6.45,6.45,25,65775,6.09,6.45,6.5
17751,2021-03-24 10:34:00,6.5,6.55,6.5,6.55,450,65775,6.09,6.5,6.6
17752,2021-03-24 10:35:00,6.5,6.55,6.5,6.55,275,65775,6.09,6.5,6.6
17753,2021-03-24 10:36:00,6.55,6.6,6.5,6.6,925,65775,6.1,6.5,6.6
17754,2021-03-24 10:37:00,6.6,6.6,6.5,6.55,275,65775,6.1,6.55,6.65
17755,2021-03-24 10:38:00,6.5,6.6,6.5,6.5,1275,65875,6.1,6.5,6.55
17756,2021-03-24 10:39:00,6.5,6.5,6.35,6.35,500,65875,6.1,6.3,6.4
17757,2021-03-24 10:40:00,6.3,6.45,6.3,6.35,575,65875,6.1,6.3,6.4
17758,2021-03-24 10:41:00,6.4,6.4,6.3,6.3,275,65875,6.1,6.3,6.4
17759,2021-03-24 10:42:00,6.3,6.35,6.3,6.3,150,65875,6.1,6.3,6.4
17760,2021-03-24 10:43:00,6.35,6.45,6.35,6.4,450,65875,6.1,6.35,6.45
17761,2021-03-24 10:44:00,6.55,6.8,6.45,6.8,3975,65950,6.12,6.8,6.9
17762,2021-03-24 10:45:00,6.8,6.85,6.75,6.75,1725,65950,6.13,6.7,6.8
17763,2021-03-24 10:46:00,6.75,6.85,6.75,6.8,1000,65950,6.13,6.8,6.9
17764,2021-03-24 10:47:00,6.8,6.9,6.7,6.9,1025,66200,6.14,6.7,6.8
17765,2021-03-24 10:48:00,6.8,6.9,6.7,6.7,650,66200,6.14,6.7,6.8
17766,2021-03-24 10:49:00,6.75,6.8,6.75,6.8,300,66200,6.14,6.75,6.85
17767,2021-03-24 10:50:00,6.85,6.85,6.85,6.85,750,66850,6.15,6.7,6.8
17768,2021-03-24 10:51:00,6.65,6.9,6.3,6.8,3550,66850,6.16,6.75,6.9
17769,2021-03-24 10:52:00,6.75,6.85,6.55,6.55,1325,66850,6.16,6.5,6.6
17770,2021-03-24 10:53:00,6.55,6.7,6.55,6.55,1175,66725,6.17,6.55,6.65
17771,2021-03-24 10:54:00,6.6,6.75,6.5,6.6,1150,66725,6.17,6.6,6.7
17772,2021-03-24 10:55:00,6.75,6.95,6.75,6.85,450,66725,6.17,6.85,6.95
17773,2021-03-24 10:56:00,6.9,7.1,6.85,7.0,1750,67425,6.18,6.9,7.0
17774,2021-03-24 10:57:00,6.95,7.05,6.95,7.05,125,67425,6.18,6.95,7.05
17775,2021-03-24 10:58:00,7.1,7.1,6.95,6.95,175,67425,6.18,7.0,7.1
17776,2021-03-24 10:59:00,6.95,7.05,6.95,7.05,875,67200,6.19,7.05,7.15
17777,2021-03-24 11:00:00,7.05,7.15,6.95,6.95,650,67200,6.19,6.95,7.1
17778,2021-03-24 11:01:00,7.05,7.4,7.05,7.4,875,67200,6.2,7.4,7.5
17779,2021-03-24 11:02:00,7.4,7.45,7.4,7.4,875,66750,6.21,7.4,7.5
17780,2021-03-24 11:03:00,7.3,7.3,7.3,7.3,100,66750,6.21,7.3,7.4
17781,2021-03-24 11:04:00,7.35,7.4,7.3,7.4,450,66750,6.21,7.3,7.4
17782,2021-03-24 11:05:00,7.4,7.4,7.25,7.25,450,66475,6.21,7.2,7.3
17783,2021-03-24 11:06:00,7.2,7.2,7.1,7.1,325,66475,6.22,7.05,7.15
17784,2021-03-24 11:07:00,7.1,7.1,7.0,7.0,325,66475,6.22,6.85,6.95
17785,2021-03-24 11:08:00,6.95,6.95,6.75,6.85,7425,66475,6.24,6.8,6.9
17786,2021-03-24 11:09:00,6.9,6.95,6.9,6.95,650,65850,6.25,6.95,7.05
17787,2021-03-24 11:10:00,6.9,7.25,6.85,7.25,1250,65850,6.25,7.2,7.3
17788,2021-03-24 11:11:00,7.2,7.2,6.85,6.85,1175,66375,6.26,6.8,6.9
17789,2021-03-24 11:12:00,6.8,6.9,6.75,6.9,2375,66375,6.27,6.9,7.0
17790,2021-03-24 11:13:00,6.9,6.9,6.9,6.9,125,66375,6.27,6.9,7.0
17791,2021-03-24 11:14:00,7.0,7.05,7.0,7.05,325,66375,6.27,6.95,7.05
17792,2021-03-24 11:15:00,7.0,7.0,7.0,7.0,125,66375,6.27,7.0,7.1
17793,2021-03-24 11:16:00,7.05,7.15,7.05,7.1,175,66375,6.27,7.1,7.2
17794,2021-03-24 11:17:00,7.05,7.15,7.05,7.1,175,66375,6.27,7.1,7.2
17795,2021-03-24 11:18:00,7.1,7.15,7.05,7.15,1825,66450,6.28,7.1,7.2
17796,2021-03-24 11:19:00,7.2,7.2,7.2,7.2,375,66450,6.28,7.15,7.25
17797,2021-03-24 11:20:00,7.15,7.2,7.05,7.2,950,67600,6.29,7.1,7.2
17798,2021-03-24 11:21:00,7.1,7.1,7.0,7.0,850,67600,6.29,7.0,7.1
17799,2021-03-24 11:22:00,7.1,7.15,6.95,6.95,1475,67600,6.3,6.9,7.0
17800,2021-03-24 11:23:00,6.9,7.0,6.9,7.0,250,67600,6.3,6.95,7.05
17801,2021-03-24 11:24:00,7.05,7.1,7.05,7.1,725,67100,6.3,7.2,7.25
17802,2021-03-24 11:25:00,7.25,7.3,7.2,7.3,975,67100,6.31,7.2,7.3
17803,2021-03-24 11:26:00,7.2,7.2,7.2,7.2,150,67100,6.31,7.15,7.25
17804,2021-03-24 11:27:00,7.15,7.25,7.15,7.25,350,66900,6.31,7.15,7.25
17805,2021-03-24 11:28:00,7.25,7.3,7.25,7.3,375,66900,6.31,7.2,7.3
17806,2021-03-24 11:29:00,7.25,7.45,7.2,7.35,2275,67125,6.32,7.35,7.45
17807,2021-03-24 11:30:00,7.45,7.55,7.45,7.55,700,67125,6.33,7.55,7.65
17808,2021-03-24 11:31:00,7.5,7.6,7.45,7.5,1900,67125,6.34,7.5,7.6
17809,2021-03-24 11:32:00,7.45,7.5,7.2,7.25,2375,66725,6.35,7.25,7.35
17810,2021-03-24 11:33:00,7.2,7.3,7.2,7.2,1000,66725,6.36,7.15,7.25
17811,2021-03-24 11:34:00,7.25,7.45,7.15,7.3,1775,66725,6.37,7.2,7.35
17812,2021-03-24 11:35:00,7.3,7.35,7.25,7.25,300,66725,6.37,7.2,7.3
17813,2021-03-24 11:36:00,7.25,7.3,7.2,7.2,375,66950,6.37,7.2,7.3
17814,2021-03-24 11:37:00,7.3,7.3,7.2,7.25,325,66950,6.37,7.15,7.3
17815,2021-03-24 11:38:00,7.3,7.3,7.2,7.25,525,67225,6.38,7.15,7.25
17816,2021-03-24 11:39:00,7.15,7.45,7.15,7.4,725,67225,6.38,7.4,7.5
17817,2021-03-24 11:40:00,7.45,7.5,7.35,7.35,225,67225,6.38,7.3,7.4
17818,2021-03-24 11:41:00,7.35,7.35,7.25,7.3,400,66750,6.38,7.25,7.35
17819,2021-03-24 11:42:00,7.25,7.3,7.2,7.2,175,66750,6.38,7.2,7.3
17820,2021-03-24 11:43:00,7.3,7.35,7.25,7.3,400,66750,6.38,7.2,7.3
17821,2021-03-24 11:44:00,7.2,7.25,7.1,7.15,950,66950,6.39,7.05,7.2
17822,2021-03-24 11:45:00,7.1,7.25,7.1,7.25,1050,66950,6.39,7.1,7.2
17823,2021-03-24 11:46:00,7.2,7.2,7.05,7.15,700,66950,6.4,7.1,7.25
17824,2021-03-24 11:47:00,7.15,7.15,6.85,6.95,1200,66950,6.4,6.9,7.0
17825,2021-03-24 11:48:00,7.0,7.1,6.95,7.0,1700,67225,6.4,7.0,7.1
17826,2021-03-24 11:49:00,7.05,7.25,7.05,7.15,1875,67225,6.41,7.1,7.2
17827,2021-03-24 11:50:00,7.1,7.25,7.1,7.2,300,67225,6.41,7.25,7.35
17828,2021-03-24 11:51:00,7.25,7.5,7.15,7.25,1050,68025,6.42,7.2,7.3
17829,2021-03-24 11:52:00,7.2,7.3,7.15,7.15,925,68025,6.42,7.25,7.35
17830,2021-03-24 11:53:00,7.25,7.3,7.25,7.25,325,68025,6.42,7.15,7.3
17831,2021-03-24 11:54:00,7.25,7.4,7.25,7.4,300,67850,6.42,7.25,7.35
17832,2021-03-24 11:55:00,7.4,7.45,7.35,7.45,550,67850,6.43,7.3,7.4
17833,2021-03-24 11:56:00,7.25,7.6,7.25,7.45,1325,67850,6.43,7.4,7.5
17834,2021-03-24 11:57:00,7.45,7.5,7.3,7.35,825,67200,6.44,7.3,7.4
17835,2021-03-24 11:58:00,7.25,7.4,7.25,7.3,1025,67200,6.44,7.2,7.35
17836,2021-03-24 11:59:00,7.3,7.35,7.25,7.25,350,67200,6.44,7.15,7.25
17837,2021-03-24 12:00:00,7.25,7.4,7.2,7.2,775,67425,6.45,7.05,7.15
17838,2021-03-24 12:01:00,7.1,7.1,6.95,7.0,1550,67425,6.45,6.95,7.05
17839,2021-03-24 12:02:00,6.95,6.95,6.9,6.9,375,67425,6.45,6.9,6.95
17840,2021-03-24 12:03:00,6.9,6.9,6.85,6.85,200,67100,6.45,6.8,6.9
17841,2021-03-24 12:04:00,6.75,6.8,6.6,6.6,2550,67100,6.46,6.55,6.6
17842,2021-03-24 12:05:00,6.6,6.6,6.45,6.5,1425,67100,6.46,6.45,6.55
17843,2021-03-24 12:06:00,6.45,6.45,6.45,6.45,250,68150,6.46,6.4,6.5
17844,2021-03-24 12:07:00,6.5,6.5,6.4,6.5,275,68150,6.46,6.45,6.55
17845,2021-03-24 12:08:00,6.5,6.5,6.4,6.5,275,68150,6.46,6.45,6.55
17846,2021-03-24 12:09:00,6.55,6.55,6.4,6.45,525,68075,6.46,6.4,6.5
17847,2021-03-24 12:10:00,6.5,6.5,6.4,6.45,2025,68075,6.46,6.4,6.45
17848,2021-03-24 12:11:00,6.45,6.5,6.45,6.5,150,68075,6.46,6.45,6.55
17849,2021-03-24 12:12:00,6.5,6.65,6.5,6.55,850,67525,6.46,6.5,6.6
17850,2021-03-24 12:13:00,6.55,6.55,6.55,6.55,25,67525,6.46,6.5,6.6
17851,2021-03-24 12:14:00,6.5,6.6,6.5,6.55,300,67525,6.46,6.5,6.6
17852,2021-03-24 12:15:00,6.55,6.65,6.55,6.6,225,67325,6.46,6.55,6.65
17853,2021-03-24 12:16:00,6.65,6.75,6.65,6.75,700,67325,6.46,6.65,6.75
17854,2021-03-24 12:17:00,6.65,6.8,6.65,6.7,175,67325,6.46,6.65,6.7
17855,2021-03-24 12:18:00,6.7,6.75,6.7,6.7,75,67300,6.46,6.65,6.7
17856,2021-03-24 12:19:00,6.6,6.7,6.6,6.7,75,67300,6.46,6.6,6.7
17857,2021-03-24 12:20:00,6.65,6.7,6.6,6.6,200,67300,6.46,6.55,6.65
17858,2021-03-24 12:21:00,6.6,6.65,6.6,6.65,150,67250,6.46,6.6,6.7
17859,2021-03-24 12:22:00,6.6,6.65,6.6,6.6,300,67250,6.46,6.6,6.7
17860,2021-03-24 12:23:00,6.7,6.7,6.7,6.7,25,67250,6.46,6.6,6.7
17861,2021-03-24 12:24:00,6.75,6.75,6.65,6.65,150,67025,6.46,6.7,6.8
17862,2021-03-24 12:25:00,6.7,6.7,6.65,6.65,75,67025,6.46,6.6,6.7
17863,2021-03-24 12:26:00,6.6,6.6,6.55,6.55,225,67025,6.46,6.5,6.6
17864,2021-03-24 12:27:00,6.6,6.65,6.6,6.6,75,66975,6.46,6.55,6.65
17865,2021-03-24 12:28:00,6.55,6.65,6.55,6.65,300,66975,6.46,6.6,6.7
17866,2021-03-24 12:29:00,6.6,6.7,6.6,6.65,450,66975,6.46,6.6,6.7
17867,2021-03-24 12:30:00,6.6,6.7,6.6,6.65,450,66975,6.46,6.6,6.7
17868,2021-03-24 12:31:00,6.6,6.8,6.6,6.7,875,66775,6.46,6.6,6.7
17869,2021-03-24 12:32:00,6.7,6.7,6.55,6.6,2400,66775,6.46,6.55,6.6
17870,2021-03-24 12:33:00,6.55,6.55,6.4,6.4,600,66325,6.46,6.35,6.45
17871,2021-03-24 12:34:00,6.45,6.45,6.2,6.2,1025,66325,6.46,6.15,6.25
17872,2021-03-24 12:35:00,6.2,6.2,6.0,6.0,1275,66325,6.46,6.05,6.1
17873,2021-03-24 12:36:00,6.05,6.05,6.0,6.05,400,65750,6.46,6.0,6.1
17874,2021-03-24 12:37:00,6.05,6.1,6.05,6.05,525,65750,6.46,6.0,6.1
17875,2021-03-24 12:38:00,6.05,6.05,6.05,6.05,225,65750,6.46,6.0,6.1
17876,2021-03-24 12:39:00,6.1,6.1,6.05,6.05,275,64925,6.46,6.0,6.1
17877,2021-03-24 12:40:00,6.05,6.1,6.0,6.05,300,64925,6.46,6.0,6.05
17878,2021-03-24 12:41:00,6.0,6.1,6.0,6.1,1575,64925,6.45,6.05,6.15
17879,2021-03-24 12:42:00,6.05,6.05,6.05,6.05,25,64925,6.45,6.0,6.1
17880,2021-03-24 12:43:00,6.0,6.05,6.0,6.0,450,64325,6.45,5.95,6.05
17881,2021-03-24 12:44:00,6.05,6.1,6.05,6.05,150,64325,6.45,6.0,6.1
17882,2021-03-24 12:45:00,6.05,6.1,6.0,6.1,825,64225,6.45,6.05,6.15
17883,2021-03-24 12:46:00,6.05,6.1,6.05,6.05,300,64225,6.45,6.05,6.15
17884,2021-03-24 12:47:00,6.0,6.1,6.0,6.1,375,64225,6.45,6.05,6.15
17885,2021-03-24 12:48:00,6.05,6.05,6.0,6.0,100,64075,6.45,5.95,6.05
17886,2021-03-24 12:49:00,5.95,6.0,5.95,6.0,50,64075,6.45,5.95,6.0
17887,2021-03-24 12:50:00,5.95,5.95,5.8,5.8,475,64075,6.45,5.75,5.85
17888,2021-03-24 12:51:00,5.75,5.75,5.6,5.6,600,64150,6.45,5.55,5.65
17889,2021-03-24 12:52:00,5.6,5.6,5.5,5.55,675,64150,6.44,5.5,5.6
17890,2021-03-24 12:53:00,5.55,5.55,5.5,5.55,375,64150,6.44,5.5,5.55
17891,2021-03-24 12:54:00,5.55,5.55,5.5,5.55,375,64150,6.44,5.5,5.55
17892,2021-03-24 12:55:00,5.55,5.55,5.5,5.55,750,64150,6.44,5.5,5.55
17893,2021-03-24 12:56:00,5.55,5.65,5.55,5.65,1500,64150,6.43,5.65,5.7
17894,2021-03-24 12:57:00,5.7,5.7,5.6,5.65,450,64100,6.43,5.6,5.7
17895,2021-03-24 12:58:00,5.7,5.7,5.7,5.7,50,64100,6.43,5.65,5.75
17896,2021-03-24 12:59:00,5.7,5.75,5.7,5.75,125,64100,6.43,5.7,5.8
17897,2021-03-24 13:00:00,5.75,5.9,5.75,5.8,850,64275,6.43,5.8,5.95
17898,2021-03-24 13:01:00,5.85,5.85,5.4,5.45,3475,64275,6.42,5.4,5.5
17899,2021-03-24 13:02:00,5.4,5.5,5.2,5.25,1575,64275,6.41,5.25,5.3
17900,2021-03-24 13:03:00,5.2,5.2,5.15,5.2,1025,63800,6.4,5.1,5.2
17901,2021-03-24 13:04:00,5.15,5.2,5.15,5.2,675,63800,6.4,5.1,5.2
17902,2021-03-24 13:05:00,5.2,5.2,5.2,5.2,300,63800,6.4,5.15,5.25
17903,2021-03-24 13:06:00,5.25,5.25,5.15,5.15,750,64025,6.39,5.15,5.25
17904,2021-03-24 13:07:00,5.15,5.2,5.1,5.15,925,64025,6.39,5.1,5.2
17905,2021-03-24 13:08:00,5.2,5.2,5.1,5.15,275,64025,6.39,5.05,5.15
17906,2021-03-24 13:09:00,5.15,5.2,5.1,5.2,325,63650,6.39,5.1,5.2
17907,2021-03-24 13:10:00,5.2,5.25,5.1,5.1,775,63650,6.38,5.1,5.2
17908,2021-03-24 13:11:00,5.1,5.1,5.05,5.1,200,63650,6.38,5.05,5.15
17909,2021-03-24 13:12:00,5.15,5.2,5.15,5.2,150,63650,6.38,5.1,5.2
17910,2021-03-24 13:13:00,5.2,5.3,5.2,5.3,875,63650,6.38,5.3,5.35
17911,2021-03-24 13:14:00,5.25,5.4,5.25,5.3,1600,63650,6.37,5.25,5.35
17912,2021-03-24 13:15:00,5.3,5.3,5.3,5.3,300,62850,6.37,5.3,5.4
17913,2021-03-24 13:16:00,5.4,5.5,5.25,5.5,775,62850,6.37,5.4,5.55
17914,2021-03-24 13:17:00,5.4,5.55,5.4,5.4,1500,62850,6.36,5.4,5.5
17915,2021-03-24 13:18:00,5.5,5.5,5.5,5.5,450,62350,6.36,5.45,5.6
17916,2021-03-24 13:19:00,5.5,5.55,5.4,5.55,1375,62350,6.35,5.55,5.65
17917,2021-03-24 13:20:00,5.55,5.75,5.55,5.7,725,62350,6.35,5.55,5.65
17918,2021-03-24 13:21:00,5.65,5.85,5.5,5.85,1275,62425,6.35,5.75,5.85
17919,2021-03-24 13:22:00,5.75,5.8,5.7,5.7,425,62425,6.35,5.7,5.8
17920,2021-03-24 13:23:00,5.7,5.8,5.7,5.75,550,62425,6.35,5.75,5.85
17921,2021-03-24 13:24:00,5.75,5.75,5.75,5.75,75,0,6.35,5.75,5.85
17922,2021-03-24 13:25:00,5.75,5.8,5.7,5.7,200,62200,6.35,5.7,5.8
17923,2021-03-24 13:26:00,5.65,5.7,5.65,5.7,950,62200,6.34,5.65,5.75
17924,2021-03-24 13:27:00,5.65,5.7,5.6,5.6,225,62450,6.34,5.6,5.7
17925,2021-03-24 13:28:00,5.55,5.7,5.55,5.65,175,62450,6.34,5.55,5.65
17926,2021-03-24 13:29:00,5.65,5.7,5.65,5.65,325,62450,6.34,5.7,5.8
17927,2021-03-24 13:30:00,5.8,5.8,5.65,5.65,100,62675,6.34,5.6,5.7
17928,2021-03-24 13:31:00,5.6,5.7,4.35,5.7,5750,62675,6.32,5.65,5.8
17929,2021-03-24 13:32:00,5.7,5.7,5.7,5.7,125,62675,6.32,5.6,5.7
17930,2021-03-24 13:33:00,5.7,5.7,5.5,5.5,425,61725,6.32,5.5,5.6
17931,2021-03-24 13:34:00,5.55,5.55,5.55,5.55,100,61725,6.32,5.5,5.6
17932,2021-03-24 13:35:00,5.5,5.65,5.5,5.5,1075,61725,6.31,5.45,5.55
17933,2021-03-24 13:36:00,5.45,5.45,5.15,5.25,1825,61875,6.31,5.2,5.3
17934,2021-03-24 13:37:00,5.25,5.3,5.2,5.3,1075,61875,6.3,5.3,5.4
17935,2021-03-24 13:38:00,5.4,5.4,5.4,5.4,25,61875,6.3,5.5,5.6
17936,2021-03-24 13:39:00,5.5,5.55,5.5,5.5,550,62225,6.3,5.45,5.55
17937,2021-03-24 13:40:00,5.4,5.45,5.25,5.25,725,62225,6.3,5.2,5.3
17938,2021-03-24 13:41:00,5.2,5.3,5.1,5.2,400,62225,6.3,5.15,5.25
17939,2021-03-24 13:42:00,5.15,5.2,5.15,5.2,125,61725,6.29,5.2,5.3
17940,2021-03-24 13:43:00,5.2,5.2,5.05,5.15,625,61725,6.29,5.0,5.1
17941,2021-03-24 13:44:00,5.1,5.2,5.1,5.15,275,61725,6.29,5.15,5.25
17942,2021-03-24 13:45:00,5.2,5.2,5.1,5.1,475,62000,6.29,5.0,5.15
17943,2021-03-24 13:46:00,5.05,5.5,5.05,5.45,1100,62000,6.28,5.4,5.5
17944,2021-03-24 13:47:00,5.45,5.55,5.45,5.45,625,62000,6.28,5.45,5.55
17945,2021-03-24 13:48:00,5.5,5.65,5.5,5.6,125,62000,6.28,5.55,5.65
17946,2021-03-24 13:49:00,5.6,5.7,5.55,5.65,1225,61825,6.28,5.6,5.7
17947,2021-03-24 13:50:00,5.7,5.7,5.6,5.65,950,61825,6.28,5.6,5.7
17948,2021-03-24 13:51:00,5.65,5.7,5.65,5.7,300,61825,6.28,5.65,5.75
17949,2021-03-24 13:52:00,5.6,5.7,5.55,5.7,175,62950,6.28,5.6,5.75
17950,2021-03-24 13:53:00,5.7,5.7,5.65,5.65,125,62950,6.28,5.5,5.6
17951,2021-03-24 13:54:00,5.55,5.65,5.55,5.55,400,63150,6.27,5.5,5.65
17952,2021-03-24 13:55:00,5.65,5.65,5.4,5.5,500,63150,6.27,5.4,5.5
17953,2021-03-24 13:56:00,5.5,5.5,5.5,5.5,175,63150,6.27,5.45,5.5
17954,2021-03-24 13:57:00,5.5,5.6,5.45,5.6,300,63075,6.27,5.4,5.65
17955,2021-03-24 13:58:00,5.45,5.6,5.45,5.55,400,63075,6.27,5.5,5.6
17956,2021-03-24 13:59:00,5.5,5.65,5.5,5.55,325,63075,6.27,5.5,5.8
17957,2021-03-24 14:00:00,5.7,5.75,5.7,5.75,50,63075,6.27,5.55,5.75
17958,2021-03-24 14:01:00,5.7,5.75,5.7,5.75,50,63075,6.27,5.55,5.75
17959,2021-03-24 14:02:00,5.65,5.65,5.55,5.55,150,63050,6.27,5.55,5.7
17960,2021-03-24 14:03:00,5.45,5.55,5.45,5.55,150,63000,6.27,5.45,5.6
17961,2021-03-24 14:04:00,5.45,5.5,5.4,5.5,600,63000,6.27,5.45,5.6
17962,2021-03-24 14:05:00,5.5,5.65,5.4,5.5,425,63000,6.27,5.4,5.6
17963,2021-03-24 14:06:00,5.5,5.65,5.45,5.45,300,63125,6.27,5.5,5.6
17964,2021-03-24 14:07:00,5.45,5.45,5.4,5.45,350,63125,6.26,5.45,5.6
17965,2021-03-24 14:08:00,5.55,5.55,5.5,5.5,75,63125,6.26,5.55,5.65
17966,2021-03-24 14:09:00,5.5,5.65,5.5,5.65,275,63150,6.26,5.55,5.65
17967,2021-03-24 14:10:00,5.65,5.85,5.65,5.7,400,63150,6.26,5.65,5.75
17968,2021-03-24 14:11:00,5.7,5.7,5.7,5.7,200,63150,6.26,5.55,5.65
17969,2021-03-24 14:12:00,5.65,5.8,5.65,5.8,150,63150,6.26,5.5,5.65
17970,2021-03-24 14:13:00,5.65,5.65,5.65,5.65,25,62950,6.26,5.5,5.8
17971,2021-03-24 14:14:00,5.6,5.85,5.6,5.65,125,62950,6.26,5.6,5.7
17972,2021-03-24 14:15:00,5.55,5.7,5.55,5.7,75,62950,6.26,5.6,5.7
17973,2021-03-24 14:16:00,5.5,5.55,5.45,5.55,500,62950,6.26,5.55,5.6
17974,2021-03-24 14:17:00,5.55,5.6,5.55,5.55,750,62950,6.26,5.45,5.65
17975,2021-03-24 14:18:00,5.55,5.55,5.55,5.55,275,62950,6.26,5.45,5.55
17976,2021-03-24 14:19:00,5.5,5.6,5.45,5.5,375,62925,6.26,5.45,5.6
17977,2021-03-24 14:20:00,5.5,5.55,5.35,5.35,275,62925,6.26,5.35,5.55
17978,2021-03-24 14:21:00,5.55,5.55,5.35,5.35,275,63100,6.26,5.45,5.55
17979,2021-03-24 14:22:00,5.5,5.55,5.5,5.55,225,63100,6.25,5.5,5.6
17980,2021-03-24 14:23:00,5.55,5.65,5.55,5.65,450,63100,6.25,5.6,5.7
17981,2021-03-24 14:24:00,5.55,5.55,5.55,5.55,100,62925,6.25,5.55,5.65
17982,2021-03-24 14:25:00,5.65,5.75,5.6,5.75,125,62925,6.25,5.65,5.85
17983,2021-03-24 14:26:00,5.75,5.8,5.6,5.6,300,62925,6.25,5.55,5.65
17984,2021-03-24 14:27:00,5.6,5.75,5.6,5.65,525,63175,6.25,5.65,5.75
17985,2021-03-24 14:28:00,5.65,5.65,5.6,5.65,550,63175,6.25,5.6,5.7
17986,2021-03-24 14:29:00,5.7,5.7,5.65,5.65,400,63175,6.25,5.65,5.75
17987,2021-03-24 14:30:00,5.75,5.75,5.65,5.65,325,62900,6.25,5.6,5.7
17988,2021-03-24 14:31:00,5.7,5.7,5.55,5.55,1025,62900,6.25,5.5,5.6
17989,2021-03-24 14:32:00,5.5,5.5,5.3,5.3,725,62900,6.24,5.35,5.45
17990,2021-03-24 14:33:00,5.45,5.45,5.3,5.3,200,62775,6.24,5.25,5.4
17991,2021-03-24 14:34:00,5.35,5.4,5.15,5.2,925,62775,6.24,5.2,5.3
17992,2021-03-24 14:35:00,5.2,5.25,5.15,5.2,175,62775,6.24,5.15,5.25
17993,2021-03-24 14:36:00,5.15,5.2,4.95,5.0,1800,63125,6.23,4.9,5.0
17994,2021-03-24 14:37:00,5.05,5.1,5.05,5.1,575,63125,6.23,5.0,5.2
17995,2021-03-24 14:38:00,5.1,5.15,4.9,4.95,3825,63125,6.21,4.95,5.0
17996,2021-03-24 14:39:00,4.95,5.1,4.95,5.1,175,63125,6.21,5.05,5.15
17997,2021-03-24 14:40:00,5.15,5.15,4.95,5.1,900,61975,6.21,5.1,5.2
17998,2021-03-24 14:41:00,5.1,5.15,5.1,5.15,250,61975,6.21,5.1,5.2
17999,2021-03-24 14:42:00,5.1,5.1,5.0,5.0,675,61850,6.2,5.0,5.1
18000,2021-03-24 14:43:00,5.1,5.1,4.9,5.0,575,61850,6.2,4.9,5.0
18001,2021-03-24 14:44:00,5.0,5.05,4.85,4.95,1650,61850,6.2,4.85,4.95
18002,2021-03-24 14:45:00,4.9,4.95,4.8,4.8,225,61900,6.19,4.8,4.9
18003,2021-03-24 14:46:00,4.8,4.8,4.7,4.7,475,61900,6.19,4.75,4.8
18004,2021-03-24 14:47:00,4.75,5.6,4.7,5.6,4150,61900,6.18,5.45,5.6
18005,2021-03-24 14:48:00,5.55,5.55,5.05,5.1,3350,62750,6.17,5.0,5.1
18006,2021-03-24 14:49:00,5.15,5.15,4.85,4.85,1750,62750,6.16,4.8,4.9
18007,2021-03-24 14:50:00,4.9,4.9,4.7,4.7,1725,62750,6.15,4.7,4.8
18008,2021-03-24 14:51:00,4.7,4.75,4.5,4.5,1150,61975,6.15,4.45,4.55
18009,2021-03-24 14:52:00,4.45,4.65,4.45,4.6,1775,61975,6.14,4.5,4.6
18010,2021-03-24 14:53:00,4.65,5.15,4.6,5.15,1400,61975,6.13,5.1,5.2
18011,2021-03-24 14:54:00,5.05,5.3,5.05,5.2,2350,61500,6.12,5.25,5.35
18012,2021-03-24 14:55:00,5.35,5.4,5.1,5.1,2275,61500,6.12,5.1,5.2
18013,2021-03-24 14:56:00,5.15,5.15,4.95,5.1,3900,61500,6.1,5.0,5.1
18014,2021-03-24 14:57:00,5.0,5.2,5.0,5.2,300,62025,6.1,5.2,5.25
18015,2021-03-24 14:58:00,5.25,5.3,5.1,5.2,1700,62025,6.1,5.15,5.25
18016,2021-03-24 14:59:00,5.15,5.35,5.15,5.25,1525,62025,6.1,5.25,5.35
18017,2021-03-24 15:00:00,5.35,5.35,5.1,5.15,2125,61650,6.09,5.1,5.2
18018,2021-03-24 15:01:00,5.1,5.15,5.05,5.05,350,61650,6.09,5.05,5.15
18019,2021-03-24 15:02:00,5.05,5.45,5.05,5.45,2850,61650,6.08,5.35,5.45
18020,2021-03-24 15:03:00,5.35,5.6,5.35,5.6,400,61875,6.08,5.55,5.65
18021,2021-03-24 15:04:00,5.65,5.65,5.35,5.55,2125,61875,6.08,5.4,5.5
18022,2021-03-24 15:05:00,5.5,5.65,5.3,5.4,750,61875,6.08,5.35,5.45
18023,2021-03-24 15:06:00,5.55,5.6,5.4,5.5,1350,61000,6.07,5.45,5.55
18024,2021-03-24 15:07:00,5.45,5.6,5.4,5.4,475,61000,6.07,5.35,5.45
18025,2021-03-24 15:08:00,5.45,5.55,5.3,5.55,450,61000,6.07,5.45,5.6
18026,2021-03-24 15:09:00,5.6,5.7,5.45,5.7,1500,60725,6.07,5.65,5.8
18027,2021-03-24 15:10:00,5.65,5.65,5.5,5.6,1025,60725,6.07,5.55,5.65
18028,2021-03-24 15:11:00,5.95,7.1,5.95,6.9,53925,60725,6.13,6.9,7.0
18029,2021-03-24 15:12:00,6.9,6.9,6.7,6.8,18925,97750,6.16,6.8,6.85
18030,2021-03-24 15:13:00,6.8,6.9,6.8,6.9,24500,97750,6.2,6.9,7.0
18031,2021-03-24 15:14:00,6.95,6.95,6.75,6.8,21050,97750,6.23,6.8,6.85
18032,2021-03-24 15:15:00,6.9,7.1,6.8,6.95,33575,158625,6.28,6.85,6.95
18033,2021-03-24 15:16:00,6.95,6.95,4.7,4.7,40025,158625,6.27,4.6,4.75
18034,2021-03-24 15:17:00,4.65,4.7,4.4,4.6,4600,158625,6.25,4.55,4.65
18035,2021-03-24 15:18:00,4.65,4.9,4.6,4.9,2375,156550,6.25,4.85,4.95
18036,2021-03-24 15:19:00,4.95,5.1,4.95,5.0,3550,156550,6.24,4.95,5.0
18037,2021-03-24 15:20:00,4.95,5.05,4.75,4.75,7575,156550,6.22,4.7,4.8
18038,2021-03-24 15:21:00,4.7,4.7,4.5,4.55,1525,157775,6.21,4.6,4.7
18039,2021-03-24 15:22:00,4.5,4.6,4.3,4.4,4525,157775,6.2,4.3,4.4
18040,2021-03-24 15:23:00,4.45,4.55,4.4,4.5,2525,157775,6.19,4.45,4.55
18041,2021-03-24 15:24:00,4.5,4.6,4.4,4.5,1975,155200,6.19,4.5,4.6
18042,2021-03-24 15:25:00,4.5,4.65,4.3,4.4,2775,155200,6.18,4.35,4.4
18043,2021-03-24 15:26:00,4.35,4.5,4.35,4.45,2800,155200,6.17,4.45,4.55
18044,2021-03-24 15:27:00,4.55,4.75,4.45,4.65,8850,152325,6.14,4.55,4.7
18045,2021-03-24 15:28:00,4.65,4.7,3.65,3.95,8325,152325,6.12,4.0,4.3
18046,2021-03-24 15:29:00,4.65,4.7,3.65,3.95,8325,152325,6.12,4.0,4.3
18047,2021-03-24 15:30:00,4.3,4.8,3.9,4.75,6150,152325,6.1,3.6,4.7
18048,2021-03-25 09:15:00,3.15,3.15,1.95,2.15,1275,151675,2.03,0.0,2.25
18049,2021-03-25 09:16:00,1.5,2.2,1.0,2.15,1775,151675,1.85,1.9,2.15
18050,2021-03-25 09:17:00,2.0,2.25,1.95,2.1,2925,152150,1.95,1.9,2.1
18051,2021-03-25 09:18:00,2.05,2.1,1.95,2.1,9625,152150,2.02,2.05,2.1
18052,2021-03-25 09:19:00,2.15,2.15,2.0,2.0,12025,152150,2.04,2.0,2.1
18053,2021-03-25 09:20:00,2.0,2.15,2.0,2.05,3225,149975,2.04,2.0,2.05
18054,2021-03-25 09:21:00,2.0,2.05,1.95,2.0,3525,149975,2.04,2.0,2.05
18055,2021-03-25 09:22:00,2.0,2.1,2.0,2.0,3275,149975,2.03,2.0,2.05
18056,2021-03-25 09:23:00,2.05,2.05,1.95,1.95,4000,149175,2.03,1.9,1.95
18057,2021-03-25 09:24:00,1.95,2.05,1.9,1.9,4700,149175,2.03,1.9,2.0
18058,2021-03-25 09:25:00,1.95,2.05,1.9,2.05,5575,149175,2.01,1.9,2.05
18059,2021-03-25 09:26:00,2.05,2.1,1.95,2.0,2375,149850,2.01,1.9,2.05
18060,2021-03-25 09:27:00,1.95,2.1,1.95,2.05,1500,149850,2.01,2.0,2.1
18061,2021-03-25 09:28:00,1.95,2.1,1.95,2.05,1675,149850,2.01,1.95,2.1
18062,2021-03-25 09:29:00,2.1,2.15,2.05,2.1,3375,148750,2.02,2.05,2.1
18063,2021-03-25 09:30:00,2.1,2.25,2.05,2.2,4600,148750,2.02,2.05,2.25
18064,2021-03-25 09:31:00,2.1,2.3,2.0,2.3,8575,148750,2.03,2.2,2.3
18065,2021-03-25 09:32:00,2.2,2.2,1.95,2.2,39300,133025,2.05,2.2,2.3
18066,2021-03-25 09:33:00,2.25,2.25,2.05,2.05,13200,133025,2.05,2.0,2.05
18067,2021-03-25 09:34:00,2.05,2.1,1.95,1.95,11100,133025,2.05,1.9,1.95
18068,2021-03-25 09:35:00,1.95,2.0,1.95,1.95,2900,122900,2.04,1.85,1.95
18069,2021-03-25 09:36:00,1.9,2.0,1.9,2.0,775,122900,2.04,1.9,2.0
18070,2021-03-25 09:37:00,1.95,1.95,1.55,1.55,33775,122900,1.97,1.65,1.7
18071,2021-03-25 09:38:00,1.55,1.7,1.5,1.65,17975,107500,1.93,1.6,1.8
18072,2021-03-25 09:39:00,1.6,1.75,1.55,1.7,1500,107500,1.93,1.6,1.7
18073,2021-03-25 09:40:00,1.7,1.9,1.65,1.75,6900,107500,1.92,1.7,1.9
18074,2021-03-25 09:41:00,1.8,1.85,1.65,1.7,23575,85225,1.9,1.7,1.9
18075,2021-03-25 09:42:00,1.8,1.95,1.8,1.95,350,85225,1.9,1.8,1.95
18076,2021-03-25 09:43:00,1.95,2.0,1.9,1.9,350,85225,1.9,1.7,2.05
18077,2021-03-25 09:44:00,1.9,1.9,1.9,1.9,50,75775,1.9,1.9,2.0
18078,2021-03-25 09:45:00,2.0,2.0,1.85,1.85,1450,75775,1.9,1.8,1.95
18079,2021-03-25 09:46:00,1.95,1.95,1.85,1.9,1000,75775,1.9,1.85,1.95
18080,2021-03-25 09:47:00,1.85,1.9,1.85,1.9,700,75200,1.9,1.85,1.9
18081,2021-03-25 09:48:00,1.9,1.95,1.9,1.9,750,75200,1.9,1.9,2.05
18082,2021-03-25 09:49:00,1.9,1.95,1.9,1.9,300,75200,1.9,1.95,2.1
18083,2021-03-25 09:50:00,1.95,2.0,1.95,1.95,700,63725,1.9,1.95,2.05
18084,2021-03-25 09:51:00,2.05,2.05,1.95,2.0,550,63725,1.9,1.95,2.0
18085,2021-03-25 09:52:00,2.0,2.05,2.0,2.0,425,63725,1.9,1.95,2.05
18086,2021-03-25 09:53:00,2.05,2.1,2.05,2.1,3950,65350,1.9,2.0,2.1
18087,2021-03-25 09:54:00,2.05,2.1,2.05,2.1,3400,65350,1.91,2.05,2.15
18088,2021-03-25 09:55:00,2.05,2.15,2.05,2.15,3700,65350,1.91,2.1,2.15
18089,2021-03-25 09:56:00,2.15,2.15,2.1,2.15,575,69575,1.91,2.05,2.15
18090,2021-03-25 09:57:00,2.1,2.15,2.05,2.05,1750,69575,1.91,2.0,2.2
18091,2021-03-25 09:58:00,2.1,2.15,2.05,2.05,1375,69575,1.91,2.0,2.1
18092,2021-03-25 09:59:00,2.0,2.1,2.0,2.0,725,68800,1.92,1.95,2.1
18093,2021-03-25 10:00:00,2.05,2.05,1.95,1.95,775,68800,1.92,1.9,2.0
18094,2021-03-25 10:01:00,1.9,1.9,1.85,1.85,550,68800,1.92,1.9,2.05
18095,2021-03-25 10:02:00,1.9,1.95,1.85,1.85,125,68875,1.92,1.85,2.0
18096,2021-03-25 10:03:00,1.8,1.95,1.8,1.8,475,68875,1.92,1.8,1.9
18097,2021-03-25 10:04:00,1.8,2.0,1.8,1.85,725,68875,1.92,1.8,1.95
18098,2021-03-25 10:05:00,1.8,1.85,1.8,1.85,225,68450,1.91,1.8,1.95
18099,2021-03-25 10:06:00,1.8,1.9,1.8,1.9,750,68450,1.91,1.9,2.05
18100,2021-03-25 10:07:00,1.9,1.9,1.8,1.85,375,68450,1.91,1.85,1.95
18101,2021-03-25 10:08:00,1.85,1.85,1.85,1.85,275,67125,1.91,1.85,1.95
18102,2021-03-25 10:09:00,1.85,1.95,1.85,1.95,100,67125,1.91,1.9,1.95
18103,2021-03-25 10:10:00,1.9,1.9,1.85,1.85,75,67125,1.91,1.85,1.95
18104,2021-03-25 10:11:00,2.0,2.0,1.9,1.9,75,64050,1.91,1.85,2.05
18105,2021-03-25 10:12:00,1.9,1.95,1.9,1.95,350,64050,1.91,1.9,2.0
18106,2021-03-25 10:13:00,1.9,1.95,1.85,1.9,625,64050,1.91,1.85,1.95
18107,2021-03-25 10:14:00,1.95,1.95,1.95,1.95,100,63525,1.91,1.9,1.95
18108,2021-03-25 10:15:00,1.95,1.95,1.9,1.95,250,63525,1.91,1.9,1.95
18109,2021-03-25 10:16:00,1.9,1.95,1.85,1.9,650,63525,1.91,1.85,1.9
18110,2021-03-25 10:17:00,1.95,1.95,1.85,1.85,425,62625,1.91,1.85,1.95
18111,2021-03-25 10:18:00,1.95,1.95,1.9,1.9,225,62625,1.91,1.85,1.95
18112,2021-03-25 10:19:00,1.95,2.25,1.95,2.2,1725,62625,1.92,2.2,2.3
18113,2021-03-25 10:20:00,2.2,2.35,2.15,2.15,1650,61700,1.92,2.05,2.25
18114,2021-03-25 10:21:00,2.1,2.2,2.05,2.1,1025,61700,1.92,2.1,2.2
18115,2021-03-25 10:22:00,2.1,2.15,2.0,2.1,700,61700,1.92,2.1,2.2
18116,2021-03-25 10:23:00,2.15,2.2,1.85,1.85,400,61825,1.92,1.85,1.9
18117,2021-03-25 10:24:00,1.95,1.95,1.95,1.95,125,61825,1.92,1.9,1.95
18118,2021-03-25 10:25:00,1.9,1.9,1.85,1.85,75,61825,1.92,1.8,1.9
18119,2021-03-25 10:26:00,1.8,1.9,1.7,1.75,2400,62075,1.92,1.65,1.75
18120,2021-03-25 10:27:00,1.75,1.75,1.75,1.75,25,62075,1.92,1.6,1.8
18121,2021-03-25 10:28:00,1.75,1.75,1.75,1.75,25,62075,1.92,1.6,1.8
18122,2021-03-25 10:29:00,1.7,1.8,1.7,1.8,875,62075,1.92,1.65,1.75
18123,2021-03-25 10:30:00,1.7,1.8,1.7,1.8,875,62075,1.92,1.65,1.75
18124,2021-03-25 10:31:00,1.7,1.8,1.7,1.8,875,62075,1.92,1.65,1.75
18125,2021-03-25 10:32:00,1.7,1.8,1.7,1.8,875,62075,1.92,1.65,1.75
18126,2021-03-25 10:33:00,1.75,1.8,1.75,1.8,225,61575,1.92,1.75,1.85
18127,2021-03-25 10:34:00,1.75,1.8,1.75,1.8,225,61575,1.92,1.75,1.85
18128,2021-03-25 10:35:00,1.75,1.8,1.75,1.8,225,61575,1.92,1.7,1.75
18129,2021-03-25 10:36:00,1.75,1.75,1.65,1.7,150,61300,1.92,1.65,1.7
18130,2021-03-25 10:37:00,1.65,1.65,1.65,1.65,25,61300,1.92,1.65,1.7
18131,2021-03-25 10:38:00,1.65,1.65,1.6,1.6,775,60900,1.92,1.6,1.65
18132,2021-03-25 10:39:00,1.6,1.6,1.6,1.6,350,60900,1.92,1.6,1.65
18133,2021-03-25 10:40:00,1.6,1.6,1.6,1.6,100,60900,1.92,1.6,1.65
18134,2021-03-25 10:41:00,1.65,1.65,1.6,1.6,200,60950,1.92,1.6,1.65
18135,2021-03-25 10:42:00,1.6,1.6,1.6,1.6,575,60950,1.91,1.5,1.65
18136,2021-03-25 10:43:00,1.75,1.75,1.55,1.6,1525,60950,1.91,1.55,1.6
18137,2021-03-25 10:44:00,1.6,1.6,1.6,1.6,50,60950,1.91,1.55,1.65
18138,2021-03-25 10:45:00,1.6,1.7,1.6,1.65,875,61800,1.91,1.6,1.7
18139,2021-03-25 10:46:00,1.7,1.75,1.65,1.65,1600,61800,1.91,1.6,1.65
18140,2021-03-25 10:47:00,1.65,1.65,1.6,1.6,125,61800,1.91,1.6,1.7
18141,2021-03-25 10:48:00,1.65,1.65,1.65,1.65,50,61675,1.91,1.6,1.65
18142,2021-03-25 10:49:00,1.6,1.65,1.6,1.65,150,61675,1.91,1.5,1.65
18143,2021-03-25 10:50:00,1.65,1.65,1.6,1.6,75,61625,1.91,1.55,1.65
18144,2021-03-25 10:51:00,1.6,1.6,1.55,1.6,2200,61625,1.91,1.6,1.65
18145,2021-03-25 10:52:00,1.65,1.75,1.65,1.7,550,61625,1.91,1.55,1.7
18146,2021-03-25 10:53:00,1.7,1.7,1.7,1.7,50,61625,1.91,1.65,1.8
18147,2021-03-25 10:54:00,1.75,1.75,1.65,1.65,325,60725,1.91,1.6,1.7
18148,2021-03-25 10:55:00,1.65,1.65,1.6,1.6,350,60725,1.91,1.65,1.75
18149,2021-03-25 10:56:00,1.65,1.65,1.55,1.55,325,60375,1.91,1.5,1.6
18150,2021-03-25 10:57:00,1.55,1.6,1.55,1.55,275,60375,1.91,1.55,1.6
18151,2021-03-25 10:58:00,1.6,1.6,1.6,1.6,75,60375,1.91,1.55,1.65
18152,2021-03-25 10:59:00,1.65,1.65,1.6,1.65,100,60375,1.91,1.6,1.7
18153,2021-03-25 11:00:00,1.6,1.6,1.5,1.5,325,59725,1.9,1.45,1.55
18154,2021-03-25 11:01:00,1.5,1.5,1.4,1.45,275,59725,1.9,1.35,1.5
18155,2021-03-25 11:02:00,1.45,1.45,1.35,1.35,325,59425,1.9,1.3,1.35
18156,2021-03-25 11:03:00,1.35,1.5,1.3,1.4,950,59425,1.9,1.35,1.45
18157,2021-03-25 11:04:00,1.4,1.45,1.35,1.45,275,59425,1.9,1.4,1.45
18158,2021-03-25 11:05:00,1.45,1.55,1.45,1.5,550,59225,1.9,1.4,1.6
18159,2021-03-25 11:06:00,1.5,1.5,1.45,1.5,575,59225,1.9,1.45,1.55
18160,2021-03-25 11:07:00,1.55,1.6,1.55,1.6,375,59225,1.9,1.5,1.6
18161,2021-03-25 11:08:00,1.5,1.5,1.5,1.5,500,59225,1.9,1.5,1.55
18162,2021-03-25 11:09:00,1.5,1.5,1.45,1.45,1475,58875,1.9,1.45,1.5
18163,2021-03-25 11:10:00,1.5,1.65,1.5,1.55,2725,58875,1.89,1.5,1.6
18164,2021-03-25 11:11:00,1.55,1.55,1.45,1.5,450,60600,1.89,1.45,1.5
18165,2021-03-25 11:12:00,1.45,1.55,1.35,1.45,125,60600,1.89,1.35,1.55
18166,2021-03-25 11:13:00,1.45,1.45,1.45,1.45,25,60600,1.89,1.45,1.7
18167,2021-03-25 11:14:00,1.45,1.45,1.4,1.4,475,60500,1.89,1.35,1.45
18168,2021-03-25 11:15:00,1.45,1.5,1.45,1.5,150,60500,1.89,1.4,1.6
18169,2021-03-25 11:16:00,1.45,1.45,1.45,1.45,25,60500,1.89,1.5,1.6
18170,2021-03-25 11:17:00,1.6,1.6,1.5,1.5,275,60500,1.89,1.45,1.65
18171,2021-03-25 11:18:00,1.45,1.55,1.45,1.5,550,60475,1.89,1.45,1.55
18172,2021-03-25 11:19:00,1.5,1.5,1.5,1.5,150,60475,1.89,1.5,1.55
18173,2021-03-25 11:20:00,1.5,1.55,1.5,1.5,125,60475,1.89,1.5,1.6
18174,2021-03-25 11:21:00,1.45,1.45,1.45,1.45,25,60550,1.89,1.45,1.5
18175,2021-03-25 11:22:00,1.5,1.55,1.5,1.55,175,60550,1.89,1.45,1.5
18176,2021-03-25 11:23:00,1.5,1.5,1.45,1.5,500,60550,1.89,1.45,1.55
18177,2021-03-25 11:24:00,1.5,1.5,1.45,1.45,150,60600,1.89,1.5,1.55
18178,2021-03-25 11:25:00,1.5,1.55,1.45,1.5,425,60600,1.89,1.45,1.55
18179,2021-03-25 11:26:00,1.5,1.5,1.45,1.45,325,60725,1.89,1.45,1.55
18180,2021-03-25 11:27:00,1.55,1.55,1.4,1.4,2100,60725,1.88,1.4,1.55
18181,2021-03-25 11:28:00,1.45,1.45,1.4,1.4,650,60725,1.88,1.4,1.55
18182,2021-03-25 11:29:00,1.5,1.5,1.45,1.5,400,61975,1.88,1.4,1.55
18183,2021-03-25 11:30:00,1.4,1.45,1.4,1.45,50,61975,1.88,1.4,1.5
18184,2021-03-25 11:31:00,1.45,1.45,1.4,1.4,1250,61975,1.88,1.35,1.45
18185,2021-03-25 11:32:00,1.4,1.4,1.35,1.35,125,61550,1.88,1.3,1.4
18186,2021-03-25 11:33:00,1.3,1.4,1.25,1.25,325,61550,1.88,1.2,1.3
18187,2021-03-25 11:34:00,1.25,1.25,1.2,1.2,375,61550,1.88,1.15,1.25
18188,2021-03-25 11:35:00,1.25,1.3,1.2,1.25,375,61550,1.88,1.25,1.3
18189,2021-03-25 11:36:00,1.25,1.25,1.2,1.2,50,61400,1.88,1.25,1.3
18190,2021-03-25 11:37:00,1.25,1.3,1.25,1.3,200,61400,1.88,1.2,1.35
18191,2021-03-25 11:38:00,1.25,1.35,1.25,1.3,850,61400,1.88,1.25,1.35
18192,2021-03-25 11:39:00,1.35,1.35,1.3,1.3,225,61200,1.88,1.25,1.35
18193,2021-03-25 11:40:00,1.35,1.35,1.3,1.3,50,61200,1.88,1.25,1.35
18194,2021-03-25 11:41:00,1.3,1.4,1.3,1.4,75,61200,1.87,1.3,1.4
18195,2021-03-25 11:42:00,1.3,1.3,1.3,1.3,625,60575,1.87,1.3,1.35
18196,2021-03-25 11:43:00,1.3,1.3,1.3,1.3,225,60575,1.87,1.25,1.35
18197,2021-03-25 11:44:00,1.3,1.3,1.25,1.25,100,60575,1.87,1.25,1.3
18198,2021-03-25 11:45:00,1.25,1.25,1.25,1.25,50,60800,1.87,1.25,1.35
18199,2021-03-25 11:46:00,1.25,1.25,1.25,1.25,125,60800,1.87,1.25,1.35
18200,2021-03-25 11:47:00,1.25,1.25,1.25,1.25,125,60800,1.87,1.25,1.35
18201,2021-03-25 11:48:00,1.25,1.25,1.25,1.25,125,60800,1.87,1.25,1.35
18202,2021-03-25 11:49:00,1.1,1.1,1.1,1.1,2500,60675,1.87,1.2,1.3
18203,2021-03-25 11:50:00,1.25,1.25,1.25,1.25,50,60675,1.87,1.15,1.3
18204,2021-03-25 11:51:00,1.25,1.25,1.25,1.25,50,60675,1.87,1.15,1.3
18205,2021-03-25 11:52:00,1.25,1.25,1.25,1.25,50,60675,1.87,1.15,1.3
18206,2021-03-25 11:53:00,1.25,1.25,1.25,1.25,50,60675,1.87,1.15,1.3
18207,2021-03-25 11:54:00,1.3,1.35,1.3,1.35,225,59475,1.87,1.25,1.35
18208,2021-03-25 11:55:00,1.2,1.25,1.2,1.25,175,59475,1.87,1.15,1.3
18209,2021-03-25 11:56:00,1.2,1.35,1.2,1.3,575,59475,1.86,1.2,1.3
18210,2021-03-25 11:57:00,1.25,1.3,1.15,1.2,475,59600,1.86,1.15,1.25
18211,2021-03-25 11:58:00,1.2,1.25,1.2,1.2,125,59600,1.86,1.15,1.2
18212,2021-03-25 11:59:00,1.15,1.2,1.1,1.15,1075,59600,1.86,1.1,1.15
18213,2021-03-25 12:00:00,1.1,1.15,1.1,1.15,100,59375,1.86,1.2,1.3
18214,2021-03-25 12:01:00,1.1,1.15,1.1,1.15,100,59375,1.86,1.2,1.3
18215,2021-03-25 12:02:00,1.2,1.2,1.1,1.15,1125,59375,1.86,1.15,1.25
18216,2021-03-25 12:03:00,1.25,1.35,1.15,1.3,350,59450,1.86,1.15,1.35
18217,2021-03-25 12:04:00,1.25,1.25,1.25,1.25,25,59450,1.86,1.2,1.25
18218,2021-03-25 12:05:00,1.2,1.2,1.2,1.2,100,59450,1.86,1.1,1.2
18219,2021-03-25 12:06:00,1.2,1.3,1.2,1.25,1400,59500,1.85,1.2,1.3
18220,2021-03-25 12:07:00,1.2,1.3,1.2,1.3,525,59500,1.85,1.2,1.3
18221,2021-03-25 12:08:00,1.25,1.25,1.2,1.2,425,59500,1.85,1.15,1.25
18222,2021-03-25 12:09:00,1.25,1.3,1.2,1.3,275,59525,1.85,1.2,1.3
18223,2021-03-25 12:10:00,1.3,1.4,1.25,1.4,2025,59525,1.85,1.3,1.5
18224,2021-03-25 12:11:00,1.3,1.35,1.25,1.25,3150,59525,1.84,1.2,1.3
18225,2021-03-25 12:12:00,1.3,1.35,1.25,1.25,525,61350,1.84,1.05,1.35
18226,2021-03-25 12:13:00,1.3,1.35,1.2,1.2,225,61350,1.84,1.15,1.25
18227,2021-03-25 12:14:00,1.15,1.2,1.15,1.15,12600,61350,1.81,1.1,1.2
18228,2021-03-25 12:15:00,1.1,1.15,1.1,1.15,50,61650,1.81,1.1,1.2
18229,2021-03-25 12:16:00,1.1,1.15,1.1,1.15,75,61650,1.81,1.2,1.3
18230,2021-03-25 12:17:00,1.15,1.25,1.1,1.1,150,61650,1.81,1.15,1.25
18231,2021-03-25 12:18:00,1.25,1.35,1.25,1.25,175,61725,1.81,1.1,1.35
18232,2021-03-25 12:19:00,1.2,1.45,1.2,1.45,400,61725,1.81,1.15,1.5
18233,2021-03-25 12:20:00,1.2,1.45,1.2,1.45,400,61725,1.81,1.15,1.5
18234,2021-03-25 12:21:00,1.3,1.3,1.2,1.3,675,61850,1.81,1.2,1.35
18235,2021-03-25 12:22:00,1.3,1.3,1.3,1.3,125,61850,1.81,1.25,1.45
18236,2021-03-25 12:23:00,1.25,1.55,1.25,1.55,225,61850,1.81,1.3,1.55
18237,2021-03-25 12:24:00,1.25,1.55,1.25,1.55,225,61850,1.81,1.3,1.55
18238,2021-03-25 12:25:00,1.35,1.5,1.35,1.5,75,62075,1.81,1.35,1.55
18239,2021-03-25 12:26:00,1.35,1.5,1.35,1.4,100,62075,1.81,1.15,1.4
18240,2021-03-25 12:27:00,1.4,1.45,1.25,1.25,200,60100,1.81,1.25,1.4
18241,2021-03-25 12:28:00,1.4,1.45,1.2,1.4,175,60100,1.81,1.15,1.4
18242,2021-03-25 12:29:00,1.35,1.4,1.1,1.25,575,60100,1.81,1.2,1.3
18243,2021-03-25 12:30:00,1.3,1.5,1.2,1.4,1900,61125,1.81,1.05,1.55
18244,2021-03-25 12:31:00,1.55,1.55,1.5,1.5,125,61125,1.81,1.35,1.5
18245,2021-03-25 12:32:00,1.5,1.5,1.4,1.5,700,61125,1.81,1.25,1.5
18246,2021-03-25 12:33:00,1.5,1.5,1.5,1.5,350,60975,1.81,1.35,1.5
18247,2021-03-25 12:34:00,1.5,1.5,1.5,1.5,75,60975,1.81,1.3,1.5
18248,2021-03-25 12:35:00,1.5,1.5,1.5,1.5,1225,60975,1.8,1.35,1.5
18249,2021-03-25 12:36:00,1.5,1.6,1.5,1.6,675,61025,1.8,1.4,1.6
18250,2021-03-25 12:37:00,1.45,1.5,1.45,1.45,75,61025,1.8,1.15,1.6
18251,2021-03-25 12:38:00,1.4,1.4,1.4,1.4,75,61025,1.8,1.4,1.45
18252,2021-03-25 12:39:00,1.45,1.45,1.3,1.3,200,61000,1.8,1.45,1.6
18253,2021-03-25 12:40:00,1.5,1.5,1.5,1.5,25,61000,1.8,1.45,1.55
18254,2021-03-25 12:41:00,1.5,1.5,1.5,1.5,25,61000,1.8,1.2,1.6
18255,2021-03-25 12:42:00,1.5,1.5,1.5,1.5,500,61000,1.8,1.35,1.55
18256,2021-03-25 12:43:00,1.5,1.5,1.5,1.5,25,60775,1.8,1.4,1.5
18257,2021-03-25 12:44:00,1.5,1.5,1.5,1.5,25,60775,1.8,1.4,1.5
18258,2021-03-25 12:45:00,1.5,1.5,1.5,1.5,25,60775,1.8,1.4,1.5
18259,2021-03-25 12:46:00,1.5,1.5,1.5,1.5,25,60775,1.8,1.4,1.5
18260,2021-03-25 12:47:00,1.35,1.55,1.25,1.25,125,60600,1.8,1.25,1.4
18261,2021-03-25 12:48:00,1.4,1.4,1.3,1.3,75,60625,1.8,1.25,1.35
18262,2021-03-25 12:49:00,1.35,1.35,1.35,1.35,25,0,1.8,1.3,1.4
18263,2021-03-25 12:50:00,0.75,1.35,0.75,1.25,3150,60625,1.8,1.2,1.25
18264,2021-03-25 12:51:00,1.3,1.35,1.25,1.35,750,59250,1.79,1.3,1.4
18265,2021-03-25 12:52:00,1.3,1.35,1.3,1.35,300,59250,1.79,1.15,1.4
18266,2021-03-25 12:53:00,1.4,1.4,1.4,1.4,50,59250,1.79,1.2,1.35
18267,2021-03-25 12:54:00,1.4,1.4,1.4,1.4,50,59250,1.79,1.2,1.35
18268,2021-03-25 12:55:00,1.2,1.3,1.15,1.3,225,59025,1.79,1.05,1.2
18269,2021-03-25 12:56:00,1.1,1.1,1.1,1.1,25,59025,1.79,1.1,1.25
18270,2021-03-25 12:57:00,1.1,1.15,1.1,1.15,50,59550,1.79,1.05,1.25
18271,2021-03-25 12:58:00,1.25,1.25,1.0,1.0,300,59550,1.79,1.0,1.15
18272,2021-03-25 12:59:00,1.0,1.05,0.9,1.05,1675,59550,1.79,0.95,1.05
18273,2021-03-25 13:00:00,0.85,0.85,0.85,0.85,25,59650,1.79,0.75,1.05
18274,2021-03-25 13:01:00,1.0,1.0,1.0,1.0,50,59650,1.79,0.9,1.0
18275,2021-03-25 13:02:00,1.0,1.0,0.9,0.9,175,59650,1.79,0.8,0.95
18276,2021-03-25 13:03:00,0.95,0.95,0.95,0.95,400,59325,1.79,0.8,0.95
18277,2021-03-25 13:04:00,0.95,0.95,0.8,0.9,225,59325,1.79,0.75,0.9
18278,2021-03-25 13:05:00,0.9,0.95,0.9,0.95,50,59325,1.79,0.75,0.85
18279,2021-03-25 13:06:00,0.85,0.9,0.85,0.9,425,59850,1.79,0.7,0.95
18280,2021-03-25 13:07:00,0.9,0.9,0.9,0.9,50,59850,1.79,0.75,0.9
18281,2021-03-25 13:08:00,0.9,0.9,0.9,0.9,50,59850,1.79,0.75,0.9
18282,2021-03-25 13:09:00,0.75,0.8,0.75,0.8,75,59950,1.79,0.7,0.8
18283,2021-03-25 13:10:00,0.8,0.8,0.8,0.8,75,59950,1.78,0.7,0.8
18284,2021-03-25 13:11:00,0.75,0.75,0.75,0.75,175,59950,1.78,0.8,0.95
18285,2021-03-25 13:12:00,0.95,0.95,0.8,0.8,250,59200,1.78,0.75,0.95
18286,2021-03-25 13:13:00,0.85,0.85,0.75,0.8,150,59200,1.78,0.7,0.9
18287,2021-03-25 13:14:00,0.7,0.8,0.7,0.7,300,59200,1.78,0.6,0.8
18288,2021-03-25 13:15:00,0.65,0.65,0.65,0.65,200,58925,1.78,0.55,0.7
18289,2021-03-25 13:16:00,0.6,0.6,0.6,0.6,25,58925,1.78,0.55,0.7
18290,2021-03-25 13:17:00,0.6,0.6,0.6,0.6,25,58925,1.78,0.55,0.7
18291,2021-03-25 13:18:00,0.6,0.6,0.6,0.6,25,58925,1.78,0.55,0.7
18292,2021-03-25 13:19:00,0.6,0.6,0.6,0.6,25,58925,1.78,0.55,0.7
18293,2021-03-25 13:20:00,0.7,0.7,0.7,0.7,100,58875,1.78,0.55,0.7
18294,2021-03-25 13:21:00,0.7,0.7,0.55,0.55,175,59050,1.78,0.55,0.7
18295,2021-03-25 13:22:00,0.55,0.55,0.55,0.55,850,59050,1.78,0.55,0.7
18296,2021-03-25 13:23:00,0.55,0.55,0.55,0.55,350,59050,1.78,0.55,0.7
18297,2021-03-25 13:24:00,0.55,0.55,0.55,0.55,125,59050,1.78,0.55,0.7
18298,2021-03-25 13:25:00,0.55,0.55,0.55,0.55,125,59050,1.78,0.55,0.7
18299,2021-03-25 13:26:00,0.55,0.55,0.55,0.55,125,59050,1.78,0.55,0.7
18300,2021-03-25 13:27:00,0.6,0.6,0.6,0.6,25,58925,1.78,0.6,0.8
18301,2021-03-25 13:28:00,0.9,0.9,0.75,0.75,325,58925,1.77,0.65,0.85
18302,2021-03-25 13:29:00,0.9,0.9,0.7,0.7,2050,58925,1.77,0.75,1.05
18303,2021-03-25 13:30:00,0.75,0.75,0.65,0.65,675,59925,1.77,0.55,1.1
18304,2021-03-25 13:31:00,0.55,1.1,0.55,0.9,3925,59925,1.76,0.6,0.85
18305,2021-03-25 13:32:00,0.65,0.95,0.65,0.9,900,59925,1.75,0.6,1.05
18306,2021-03-25 13:33:00,0.7,0.8,0.7,0.7,150,57075,1.75,0.6,0.8
18307,2021-03-25 13:34:00,0.8,0.8,0.65,0.7,475,57075,1.75,0.7,0.75
18308,2021-03-25 13:35:00,0.75,0.75,0.75,0.75,650,57075,1.75,0.75,0.95
18309,2021-03-25 13:36:00,0.8,0.85,0.8,0.85,1575,58175,1.75,0.65,0.8
18310,2021-03-25 13:37:00,0.7,0.75,0.65,0.7,1225,58175,1.74,0.55,0.7
18311,2021-03-25 13:38:00,0.65,0.65,0.6,0.6,925,58175,1.74,0.55,0.6
18312,2021-03-25 13:39:00,0.55,0.55,0.55,0.55,750,58175,1.74,0.55,0.85
18313,2021-03-25 13:40:00,0.85,0.85,0.55,0.55,125,57100,1.74,0.55,0.85
18314,2021-03-25 13:41:00,0.55,0.85,0.55,0.55,1725,57100,1.73,0.55,0.75
18315,2021-03-25 13:42:00,0.55,0.75,0.55,0.65,400,57100,1.73,0.6,0.95
18316,2021-03-25 13:43:00,0.65,0.65,0.55,0.55,275,56325,1.73,0.55,0.75
18317,2021-03-25 13:44:00,0.55,0.55,0.55,0.55,50,56325,1.73,0.55,0.65
18318,2021-03-25 13:45:00,0.5,0.5,0.3,0.3,500,56525,1.73,0.3,0.75
18319,2021-03-25 13:46:00,0.5,0.5,0.3,0.3,500,56525,1.73,0.3,0.75
18320,2021-03-25 13:47:00,0.35,0.35,0.35,0.35,175,56525,1.73,0.35,0.85
18321,2021-03-25 13:48:00,0.35,0.35,0.35,0.35,175,56525,1.73,0.35,0.85
18322,2021-03-25 13:49:00,0.35,0.35,0.35,0.35,175,56525,1.73,0.35,0.85
18323,2021-03-25 13:50:00,0.35,0.55,0.3,0.5,150,56600,1.73,0.3,0.6
18324,2021-03-25 13:51:00,0.35,0.35,0.35,0.35,25,56600,1.73,0.35,0.55
18325,2021-03-25 13:52:00,0.35,0.35,0.35,0.35,25,56600,1.73,0.35,0.55
18326,2021-03-25 13:53:00,0.45,0.45,0.35,0.45,150,56450,1.72,0.4,0.6
18327,2021-03-25 13:54:00,0.6,0.6,0.45,0.5,125,56250,1.72,0.3,0.5
18328,2021-03-25 13:55:00,0.6,0.6,0.45,0.5,125,56250,1.72,0.3,0.5
18329,2021-03-25 13:56:00,0.6,0.6,0.45,0.5,125,56250,1.72,0.3,0.5
18330,2021-03-25 13:57:00,0.6,0.6,0.45,0.5,125,56250,1.72,0.3,0.5
18331,2021-03-25 13:58:00,0.3,0.3,0.3,0.3,250,56275,1.72,0.3,0.5
18332,2021-03-25 13:59:00,0.3,0.3,0.3,0.3,250,56275,1.72,0.3,0.5
18333,2021-03-25 14:00:00,0.3,0.3,0.3,0.3,250,56275,1.72,0.3,0.5
18334,2021-03-25 14:01:00,0.3,0.3,0.3,0.3,250,56275,1.72,0.3,0.5
18335,2021-03-25 14:02:00,0.5,0.5,0.5,0.5,250,56325,1.72,0.25,0.5
18336,2021-03-25 14:03:00,0.5,0.5,0.5,0.5,250,56325,1.72,0.25,0.5
18337,2021-03-25 14:04:00,0.3,0.3,0.3,0.3,25,56325,1.72,0.3,0.6
18338,2021-03-25 14:05:00,0.4,0.4,0.35,0.35,200,56325,1.72,0.35,0.6
18339,2021-03-25 14:06:00,0.3,0.35,0.3,0.35,800,56125,1.72,0.25,0.35
18340,2021-03-25 14:07:00,0.3,0.35,0.3,0.35,800,56125,1.72,0.25,0.35
18341,2021-03-25 14:08:00,0.3,0.3,0.3,0.3,75,56125,1.72,0.3,0.55
18342,2021-03-25 14:09:00,0.7,0.7,0.15,0.15,8000,55925,1.69,0.15,0.7
18343,2021-03-25 14:10:00,0.1,0.3,0.1,0.3,4975,55925,1.67,0.25,0.3
18344,2021-03-25 14:11:00,0.3,0.35,0.3,0.35,4375,55925,1.65,0.3,0.35
18345,2021-03-25 14:12:00,0.35,0.35,0.35,0.35,100,54475,1.65,0.3,0.35
18346,2021-03-25 14:13:00,0.35,0.35,0.3,0.3,2375,54475,1.64,0.25,0.65
18347,2021-03-25 14:14:00,0.3,0.3,0.3,0.3,300,54475,1.64,0.3,0.5
18348,2021-03-25 14:15:00,0.3,0.3,0.3,0.3,75,54500,1.64,0.3,0.5
18349,2021-03-25 14:16:00,0.3,0.3,0.3,0.3,125,54500,1.64,0.3,0.6
18350,2021-03-25 14:17:00,0.3,0.3,0.3,0.3,25,54500,1.64,0.25,0.5
18351,2021-03-25 14:18:00,0.3,0.3,0.3,0.3,25,54500,1.64,0.25,0.5
18352,2021-03-25 14:19:00,0.25,0.25,0.25,0.25,25,54500,1.64,0.2,0.55
18353,2021-03-25 14:20:00,0.25,0.25,0.25,0.25,25,54500,1.64,0.2,0.55
18354,2021-03-25 14:21:00,0.2,0.35,0.2,0.35,100,54475,1.64,0.2,0.35
18355,2021-03-25 14:22:00,0.35,0.35,0.35,0.35,25,54475,1.64,0.2,0.35
18356,2021-03-25 14:23:00,0.35,0.35,0.35,0.35,25,54475,1.64,0.2,0.35
18357,2021-03-25 14:24:00,0.2,0.2,0.2,0.2,25,54475,1.64,0.2,0.35
18358,2021-03-25 14:25:00,0.2,0.2,0.2,0.2,25,54475,1.64,0.2,0.35
18359,2021-03-25 14:26:00,0.2,0.2,0.2,0.2,25,54475,1.64,0.2,0.35
18360,2021-03-25 14:27:00,0.2,0.2,0.2,0.2,25,54475,1.64,0.2,0.35
18361,2021-03-25 14:28:00,0.2,0.2,0.2,0.2,25,54475,1.64,0.2,0.35
18362,2021-03-25 14:29:00,0.2,0.2,0.2,0.2,25,54475,1.64,0.2,0.35
18363,2021-03-25 14:30:00,0.2,0.2,0.2,0.2,25,54475,1.64,0.2,0.35
18364,2021-03-25 14:31:00,0.2,0.3,0.2,0.3,75,54425,1.64,0.15,0.3
18365,2021-03-25 14:32:00,0.2,0.3,0.2,0.3,75,54425,1.64,0.15,0.3
18366,2021-03-25 14:33:00,0.2,0.25,0.15,0.25,500,54425,1.64,0.15,0.25
18367,2021-03-25 14:34:00,0.2,0.2,0.15,0.2,175,54425,1.64,0.15,0.25
18368,2021-03-25 14:35:00,0.25,0.25,0.25,0.25,500,54425,1.64,0.15,0.25
18369,2021-03-25 14:36:00,0.25,0.25,0.25,0.25,275,54425,1.64,0.15,0.25
18370,2021-03-25 14:37:00,0.25,0.25,0.25,0.25,1300,54125,1.63,0.15,0.45
18371,2021-03-25 14:38:00,0.15,0.25,0.15,0.25,100,54125,1.63,0.15,0.45
18372,2021-03-25 14:39:00,0.45,0.45,0.45,0.45,250,54125,1.63,0.2,0.5
18373,2021-03-25 14:40:00,0.45,0.45,0.45,0.45,250,54125,1.63,0.2,0.5
18374,2021-03-25 14:41:00,0.45,0.45,0.45,0.45,250,54125,1.63,0.2,0.5
18375,2021-03-25 14:42:00,0.15,0.15,0.15,0.15,25,53475,1.63,0.3,0.5
18376,2021-03-25 14:43:00,0.3,0.3,0.3,0.3,25,53475,1.63,0.3,0.4
18377,2021-03-25 14:44:00,0.3,0.3,0.3,0.3,25,53475,1.63,0.2,0.4
18378,2021-03-25 14:45:00,0.55,0.55,0.5,0.5,75,53375,1.63,0.2,0.5
18379,2021-03-25 14:46:00,0.55,0.55,0.5,0.5,75,53375,1.63,0.2,0.5
18380,2021-03-25 14:47:00,0.55,0.55,0.5,0.5,75,53375,1.63,0.2,0.5
18381,2021-03-25 14:48:00,0.55,0.55,0.5,0.5,75,53375,1.63,0.2,0.5
18382,2021-03-25 14:49:00,0.35,0.35,0.2,0.2,50,53400,1.63,0.2,0.5
18383,2021-03-25 14:50:00,0.65,0.65,0.65,0.65,1650,53400,1.62,0.25,0.6
18384,2021-03-25 14:51:00,0.65,0.65,0.65,0.65,1650,53400,1.62,0.25,0.6
18385,2021-03-25 14:52:00,0.2,0.25,0.2,0.25,50,54400,1.62,0.2,0.6
18386,2021-03-25 14:53:00,0.2,0.25,0.2,0.25,50,54400,1.62,0.2,0.6
18387,2021-03-25 14:54:00,0.2,0.2,0.2,0.2,400,54400,1.62,0.25,0.4
18388,2021-03-25 14:55:00,0.2,0.2,0.2,0.2,400,54400,1.62,0.25,0.4
18389,2021-03-25 14:56:00,0.3,0.3,0.3,0.3,25,54375,1.62,0.2,0.5
18390,2021-03-25 14:57:00,0.25,0.25,0.25,0.25,450,54375,1.62,0.2,0.55
18391,2021-03-25 14:58:00,0.2,0.55,0.2,0.55,550,53925,1.62,0.2,0.4
18392,2021-03-25 14:59:00,0.5,0.5,0.5,0.5,325,53925,1.62,0.25,0.5
18393,2021-03-25 15:00:00,0.2,0.2,0.2,0.2,1650,53925,1.61,0.2,0.45
18394,2021-03-25 15:01:00,0.2,0.2,0.2,0.2,50,54025,1.61,0.2,0.45
18395,2021-03-25 15:02:00,0.2,0.2,0.2,0.2,450,54025,1.61,0.15,0.45
18396,2021-03-25 15:03:00,0.2,0.2,0.2,0.2,450,54025,1.61,0.15,0.45
18397,2021-03-25 15:04:00,0.2,0.2,0.2,0.2,450,54025,1.61,0.15,0.45
18398,2021-03-25 15:05:00,0.2,0.2,0.2,0.2,450,54025,1.61,0.15,0.45
18399,2021-03-25 15:06:00,0.2,0.2,0.2,0.2,450,54025,1.61,0.15,0.45
18400,2021-03-25 15:07:00,0.25,0.25,0.15,0.25,200,54025,1.61,0.15,0.25
18401,2021-03-25 15:08:00,0.25,0.25,0.25,0.25,75,54025,1.61,0.15,0.25
18402,2021-03-25 15:09:00,0.1,0.1,0.1,0.1,150,54325,1.61,0.1,0.25
18403,2021-03-25 15:10:00,0.25,0.25,0.25,0.25,50,54325,1.61,0.1,0.25
18404,2021-03-25 15:11:00,0.2,0.2,0.2,0.2,450,54325,1.61,0.15,0.2
18405,2021-03-25 15:12:00,0.2,0.2,0.2,0.2,2000,54325,1.6,0.15,0.25
18406,2021-03-25 15:13:00,0.15,0.15,0.15,0.15,100,53800,1.6,0.15,0.25
18407,2021-03-25 15:14:00,0.15,0.15,0.15,0.15,100,53800,1.6,0.15,0.25
18408,2021-03-25 15:15:00,0.15,0.25,0.1,0.1,475,53800,1.6,0.1,0.35
18409,2021-03-25 15:16:00,0.1,0.35,0.1,0.35,1075,53475,1.59,0.15,0.35
18410,2021-03-25 15:17:00,0.2,0.2,0.2,0.2,75,53475,1.59,0.1,0.35
18411,2021-03-25 15:18:00,0.2,0.2,0.2,0.2,75,53475,1.59,0.1,0.35
18412,2021-03-25 15:19:00,0.2,0.2,0.2,0.2,75,53475,1.59,0.1,0.35
18413,2021-03-25 15:20:00,0.1,0.1,0.1,0.1,25,53200,1.59,0.1,0.2
18414,2021-03-25 15:21:00,0.1,0.1,0.1,0.1,25,53200,1.59,0.1,0.2
18415,2021-03-25 15:22:00,0.1,0.1,0.05,0.05,1750,53075,1.59,0.05,0.35
18416,2021-03-25 15:23:00,0.05,0.05,0.05,0.05,75,53075,1.59,0.05,0.35
18417,2021-03-25 15:24:00,0.05,0.05,0.05,0.05,25,53075,1.59,0.05,0.3
18418,2021-03-25 15:25:00,0.05,0.05,0.05,0.05,1025,53275,1.58,0.05,0.15
18419,2021-03-25 15:26:00,0.05,0.15,0.05,0.05,1000,53275,1.58,0.05,0.15
18420,2021-03-25 15:27:00,0.05,0.15,0.05,0.05,1000,53275,1.58,0.05,0.15
18421,2021-03-25 15:28:00,0.05,0.1,0.05,0.1,100,53225,1.58,0.1,0.15
18422,2021-03-25 15:29:00,0.05,0.1,0.05,0.1,100,53225,1.58,0.1,0.15
18423,2021-03-25 15:30:00,0.15,0.15,0.05,0.05,100,53225,1.58,0.05,0.15
18424,2021-03-25 09:15:00,3.15,3.15,1.95,2.15,1275,151675,2.03,0.0,2.25
18425,2021-03-25 09:16:00,1.5,2.2,1.0,2.15,1775,151675,1.85,1.9,2.15
18426,2021-03-25 09:17:00,2.0,2.25,1.95,2.1,2925,152150,1.95,1.9,2.1
18427,2021-03-25 09:18:00,2.05,2.1,1.95,2.1,9625,152150,2.02,2.05,2.1
18428,2021-03-25 09:19:00,2.15,2.15,2.0,2.0,12025,152150,2.04,2.0,2.1
18429,2021-03-25 09:20:00,2.0,2.15,2.0,2.05,3225,149975,2.04,2.0,2.05
18430,2021-03-25 09:21:00,2.0,2.05,1.95,2.0,3525,149975,2.04,2.0,2.05
18431,2021-03-25 09:22:00,2.0,2.1,2.0,2.0,3275,149975,2.03,2.0,2.05
18432,2021-03-25 09:23:00,2.05,2.05,1.95,1.95,4000,149175,2.03,1.9,1.95
18433,2021-03-25 09:24:00,1.95,2.05,1.9,1.9,4700,149175,2.03,1.9,2.0
18434,2021-03-25 09:25:00,1.95,2.05,1.9,2.05,5575,149175,2.01,1.9,2.05
18435,2021-03-25 09:26:00,2.05,2.1,1.95,2.0,2375,149850,2.01,1.9,2.05
18436,2021-03-25 09:27:00,1.95,2.1,1.95,2.05,1500,149850,2.01,2.0,2.1
18437,2021-03-25 09:28:00,1.95,2.1,1.95,2.05,1675,149850,2.01,1.95,2.1
18438,2021-03-25 09:29:00,2.1,2.15,2.05,2.1,3375,148750,2.02,2.05,2.1
18439,2021-03-25 09:30:00,2.1,2.25,2.05,2.2,4600,148750,2.02,2.05,2.25
18440,2021-03-25 09:31:00,2.1,2.3,2.0,2.3,8575,148750,2.03,2.2,2.3
18441,2021-03-25 09:32:00,2.2,2.2,1.95,2.2,39300,133025,2.05,2.2,2.3
18442,2021-03-25 09:33:00,2.25,2.25,2.05,2.05,13200,133025,2.05,2.0,2.05
18443,2021-03-25 09:34:00,2.05,2.1,1.95,1.95,11100,133025,2.05,1.9,1.95
18444,2021-03-25 09:35:00,1.95,2.0,1.95,1.95,2900,122900,2.04,1.85,1.95
18445,2021-03-25 09:36:00,1.9,2.0,1.9,2.0,775,122900,2.04,1.9,2.0
18446,2021-03-25 09:37:00,1.95,1.95,1.55,1.55,33775,122900,1.97,1.65,1.7
18447,2021-03-25 09:38:00,1.55,1.7,1.5,1.65,17975,107500,1.93,1.6,1.8
18448,2021-03-25 09:39:00,1.6,1.75,1.55,1.7,1500,107500,1.93,1.6,1.7
18449,2021-03-25 09:40:00,1.7,1.9,1.65,1.75,6900,107500,1.92,1.7,1.9
18450,2021-03-25 09:41:00,1.8,1.85,1.65,1.7,23575,85225,1.9,1.7,1.9
18451,2021-03-25 09:42:00,1.8,1.95,1.8,1.95,350,85225,1.9,1.8,1.95
18452,2021-03-25 09:43:00,1.95,2.0,1.9,1.9,350,85225,1.9,1.7,2.05
18453,2021-03-25 09:44:00,1.9,1.9,1.9,1.9,50,75775,1.9,1.9,2.0
18454,2021-03-25 09:45:00,2.0,2.0,1.85,1.85,1450,75775,1.9,1.8,1.95
18455,2021-03-25 09:46:00,1.95,1.95,1.85,1.9,1000,75775,1.9,1.85,1.95
18456,2021-03-25 09:47:00,1.85,1.9,1.85,1.9,700,75200,1.9,1.85,1.9
18457,2021-03-25 09:48:00,1.9,1.95,1.9,1.9,750,75200,1.9,1.9,2.05
18458,2021-03-25 09:49:00,1.9,1.95,1.9,1.9,300,75200,1.9,1.95,2.1
18459,2021-03-25 09:50:00,1.95,2.0,1.95,1.95,700,63725,1.9,1.95,2.05
18460,2021-03-25 09:51:00,2.05,2.05,1.95,2.0,550,63725,1.9,1.95,2.0
18461,2021-03-25 09:52:00,2.0,2.05,2.0,2.0,425,63725,1.9,1.95,2.05
18462,2021-03-25 09:53:00,2.05,2.1,2.05,2.1,3950,65350,1.9,2.0,2.1
18463,2021-03-25 09:54:00,2.05,2.1,2.05,2.1,3400,65350,1.91,2.05,2.15
18464,2021-03-25 09:55:00,2.05,2.15,2.05,2.15,3700,65350,1.91,2.1,2.15
18465,2021-03-25 09:56:00,2.15,2.15,2.1,2.15,575,69575,1.91,2.05,2.15
18466,2021-03-25 09:57:00,2.1,2.15,2.05,2.05,1750,69575,1.91,2.0,2.2
18467,2021-03-25 09:58:00,2.1,2.15,2.05,2.05,1375,69575,1.91,2.0,2.1
18468,2021-03-25 09:59:00,2.0,2.1,2.0,2.0,725,68800,1.92,1.95,2.1
18469,2021-03-25 10:00:00,2.05,2.05,1.95,1.95,775,68800,1.92,1.9,2.0
18470,2021-03-25 10:01:00,1.9,1.9,1.85,1.85,550,68800,1.92,1.9,2.05
18471,2021-03-25 10:02:00,1.9,1.95,1.85,1.85,125,68875,1.92,1.85,2.0
18472,2021-03-25 10:03:00,1.8,1.95,1.8,1.8,475,68875,1.92,1.8,1.9
18473,2021-03-25 10:04:00,1.8,2.0,1.8,1.85,725,68875,1.92,1.8,1.95
18474,2021-03-25 10:05:00,1.8,1.85,1.8,1.85,225,68450,1.91,1.8,1.95
18475,2021-03-25 10:06:00,1.8,1.9,1.8,1.9,750,68450,1.91,1.9,2.05
18476,2021-03-25 10:07:00,1.9,1.9,1.8,1.85,375,68450,1.91,1.85,1.95
18477,2021-03-25 10:08:00,1.85,1.85,1.85,1.85,275,67125,1.91,1.85,1.95
18478,2021-03-25 10:09:00,1.85,1.95,1.85,1.95,100,67125,1.91,1.9,1.95
18479,2021-03-25 10:10:00,1.9,1.9,1.85,1.85,75,67125,1.91,1.85,1.95
18480,2021-03-25 10:11:00,2.0,2.0,1.9,1.9,75,64050,1.91,1.85,2.05
18481,2021-03-25 10:12:00,1.9,1.95,1.9,1.95,350,64050,1.91,1.9,2.0
18482,2021-03-25 10:13:00,1.9,1.95,1.85,1.9,625,64050,1.91,1.85,1.95
18483,2021-03-25 10:14:00,1.95,1.95,1.95,1.95,100,63525,1.91,1.9,1.95
18484,2021-03-25 10:15:00,1.95,1.95,1.9,1.95,250,63525,1.91,1.9,1.95
18485,2021-03-25 10:16:00,1.9,1.95,1.85,1.9,650,63525,1.91,1.85,1.9
18486,2021-03-25 10:17:00,1.95,1.95,1.85,1.85,425,62625,1.91,1.85,1.95
18487,2021-03-25 10:18:00,1.95,1.95,1.9,1.9,225,62625,1.91,1.85,1.95
18488,2021-03-25 10:19:00,1.95,2.25,1.95,2.2,1725,62625,1.92,2.2,2.3
18489,2021-03-25 10:20:00,2.2,2.35,2.15,2.15,1650,61700,1.92,2.05,2.25
18490,2021-03-25 10:21:00,2.1,2.2,2.05,2.1,1025,61700,1.92,2.1,2.2
18491,2021-03-25 10:22:00,2.1,2.15,2.0,2.1,700,61700,1.92,2.1,2.2
18492,2021-03-25 10:23:00,2.15,2.2,1.85,1.85,400,61825,1.92,1.85,1.9
18493,2021-03-25 10:24:00,1.95,1.95,1.95,1.95,125,61825,1.92,1.9,1.95
18494,2021-03-25 10:25:00,1.9,1.9,1.85,1.85,75,61825,1.92,1.8,1.9
18495,2021-03-25 10:26:00,1.8,1.9,1.7,1.75,2400,62075,1.92,1.65,1.75
18496,2021-03-25 10:27:00,1.75,1.75,1.75,1.75,25,62075,1.92,1.6,1.8
18497,2021-03-25 10:28:00,1.75,1.75,1.75,1.75,25,62075,1.92,1.6,1.8
18498,2021-03-25 10:29:00,1.7,1.8,1.7,1.8,875,62075,1.92,1.65,1.75
18499,2021-03-25 10:30:00,1.7,1.8,1.7,1.8,875,62075,1.92,1.65,1.75
18500,2021-03-25 10:31:00,1.7,1.8,1.7,1.8,875,62075,1.92,1.65,1.75
18501,2021-03-25 10:32:00,1.7,1.8,1.7,1.8,875,62075,1.92,1.65,1.75
18502,2021-03-25 10:33:00,1.75,1.8,1.75,1.8,225,61575,1.92,1.75,1.85
18503,2021-03-25 10:34:00,1.75,1.8,1.75,1.8,225,61575,1.92,1.75,1.85
18504,2021-03-25 10:35:00,1.75,1.8,1.75,1.8,225,61575,1.92,1.7,1.75
18505,2021-03-25 10:36:00,1.75,1.75,1.65,1.7,150,61300,1.92,1.65,1.7
18506,2021-03-25 10:37:00,1.65,1.65,1.65,1.65,25,61300,1.92,1.65,1.7
18507,2021-03-25 10:38:00,1.65,1.65,1.6,1.6,775,60900,1.92,1.6,1.65
18508,2021-03-25 10:39:00,1.6,1.6,1.6,1.6,350,60900,1.92,1.6,1.65
18509,2021-03-25 10:40:00,1.6,1.6,1.6,1.6,100,60900,1.92,1.6,1.65
18510,2021-03-25 10:41:00,1.65,1.65,1.6,1.6,200,60950,1.92,1.6,1.65
18511,2021-03-25 10:42:00,1.6,1.6,1.6,1.6,575,60950,1.91,1.5,1.65
18512,2021-03-25 10:43:00,1.75,1.75,1.55,1.6,1525,60950,1.91,1.55,1.6
18513,2021-03-25 10:44:00,1.6,1.6,1.6,1.6,50,60950,1.91,1.55,1.65
18514,2021-03-25 10:45:00,1.6,1.7,1.6,1.65,875,61800,1.91,1.6,1.7
18515,2021-03-25 10:46:00,1.7,1.75,1.65,1.65,1600,61800,1.91,1.6,1.65
18516,2021-03-25 10:47:00,1.65,1.65,1.6,1.6,125,61800,1.91,1.6,1.7
18517,2021-03-25 10:48:00,1.65,1.65,1.65,1.65,50,61675,1.91,1.6,1.65
18518,2021-03-25 10:49:00,1.6,1.65,1.6,1.65,150,61675,1.91,1.5,1.65
18519,2021-03-25 10:50:00,1.65,1.65,1.6,1.6,75,61625,1.91,1.55,1.65
18520,2021-03-25 10:51:00,1.6,1.6,1.55,1.6,2200,61625,1.91,1.6,1.65
18521,2021-03-25 10:52:00,1.65,1.75,1.65,1.7,550,61625,1.91,1.55,1.7
18522,2021-03-25 10:53:00,1.7,1.7,1.7,1.7,50,61625,1.91,1.65,1.8
18523,2021-03-25 10:54:00,1.75,1.75,1.65,1.65,325,60725,1.91,1.6,1.7
18524,2021-03-25 10:55:00,1.65,1.65,1.6,1.6,350,60725,1.91,1.65,1.75
18525,2021-03-25 10:56:00,1.65,1.65,1.55,1.55,325,60375,1.91,1.5,1.6
18526,2021-03-25 10:57:00,1.55,1.6,1.55,1.55,275,60375,1.91,1.55,1.6
18527,2021-03-25 10:58:00,1.6,1.6,1.6,1.6,75,60375,1.91,1.55,1.65
18528,2021-03-25 10:59:00,1.65,1.65,1.6,1.65,100,60375,1.91,1.6,1.7
18529,2021-03-25 11:00:00,1.6,1.6,1.5,1.5,325,59725,1.9,1.45,1.55
18530,2021-03-25 11:01:00,1.5,1.5,1.4,1.45,275,59725,1.9,1.35,1.5
18531,2021-03-25 11:02:00,1.45,1.45,1.35,1.35,325,59425,1.9,1.3,1.35
18532,2021-03-25 11:03:00,1.35,1.5,1.3,1.4,950,59425,1.9,1.35,1.45
18533,2021-03-25 11:04:00,1.4,1.45,1.35,1.45,275,59425,1.9,1.4,1.45
18534,2021-03-25 11:05:00,1.45,1.55,1.45,1.5,550,59225,1.9,1.4,1.6
18535,2021-03-25 11:06:00,1.5,1.5,1.45,1.5,575,59225,1.9,1.45,1.55
18536,2021-03-25 11:07:00,1.55,1.6,1.55,1.6,375,59225,1.9,1.5,1.6
18537,2021-03-25 11:08:00,1.5,1.5,1.5,1.5,500,59225,1.9,1.5,1.55
18538,2021-03-25 11:09:00,1.5,1.5,1.45,1.45,1475,58875,1.9,1.45,1.5
18539,2021-03-25 11:10:00,1.5,1.65,1.5,1.55,2725,58875,1.89,1.5,1.6
18540,2021-03-25 11:11:00,1.55,1.55,1.45,1.5,450,60600,1.89,1.45,1.5
18541,2021-03-25 11:12:00,1.45,1.55,1.35,1.45,125,60600,1.89,1.35,1.55
18542,2021-03-25 11:13:00,1.45,1.45,1.45,1.45,25,60600,1.89,1.45,1.7
18543,2021-03-25 11:14:00,1.45,1.45,1.4,1.4,475,60500,1.89,1.35,1.45
18544,2021-03-25 11:15:00,1.45,1.5,1.45,1.5,150,60500,1.89,1.4,1.6
18545,2021-03-25 11:16:00,1.45,1.45,1.45,1.45,25,60500,1.89,1.5,1.6
18546,2021-03-25 11:17:00,1.6,1.6,1.5,1.5,275,60500,1.89,1.45,1.65
18547,2021-03-25 11:18:00,1.45,1.55,1.45,1.5,550,60475,1.89,1.45,1.55
18548,2021-03-25 11:19:00,1.5,1.5,1.5,1.5,150,60475,1.89,1.5,1.55
18549,2021-03-25 11:20:00,1.5,1.55,1.5,1.5,125,60475,1.89,1.5,1.6
18550,2021-03-25 11:21:00,1.45,1.45,1.45,1.45,25,60550,1.89,1.45,1.5
18551,2021-03-25 11:22:00,1.5,1.55,1.5,1.55,175,60550,1.89,1.45,1.5
18552,2021-03-25 11:23:00,1.5,1.5,1.45,1.5,500,60550,1.89,1.45,1.55
18553,2021-03-25 11:24:00,1.5,1.5,1.45,1.45,150,60600,1.89,1.5,1.55
18554,2021-03-25 11:25:00,1.5,1.55,1.45,1.5,425,60600,1.89,1.45,1.55
18555,2021-03-25 11:26:00,1.5,1.5,1.45,1.45,325,60725,1.89,1.45,1.55
18556,2021-03-25 11:27:00,1.55,1.55,1.4,1.4,2100,60725,1.88,1.4,1.55
18557,2021-03-25 11:28:00,1.45,1.45,1.4,1.4,650,60725,1.88,1.4,1.55
18558,2021-03-25 11:29:00,1.5,1.5,1.45,1.5,400,61975,1.88,1.4,1.55
18559,2021-03-25 11:30:00,1.4,1.45,1.4,1.45,50,61975,1.88,1.4,1.5
18560,2021-03-25 11:31:00,1.45,1.45,1.4,1.4,1250,61975,1.88,1.35,1.45
18561,2021-03-25 11:32:00,1.4,1.4,1.35,1.35,125,61550,1.88,1.3,1.4
18562,2021-03-25 11:33:00,1.3,1.4,1.25,1.25,325,61550,1.88,1.2,1.3
18563,2021-03-25 11:34:00,1.25,1.25,1.2,1.2,375,61550,1.88,1.15,1.25
18564,2021-03-25 11:35:00,1.25,1.3,1.2,1.25,375,61550,1.88,1.25,1.3
18565,2021-03-25 11:36:00,1.25,1.25,1.2,1.2,50,61400,1.88,1.25,1.3
18566,2021-03-25 11:37:00,1.25,1.3,1.25,1.3,200,61400,1.88,1.2,1.35
18567,2021-03-25 11:38:00,1.25,1.35,1.25,1.3,850,61400,1.88,1.25,1.35
18568,2021-03-25 11:39:00,1.35,1.35,1.3,1.3,225,61200,1.88,1.25,1.35
18569,2021-03-25 11:40:00,1.35,1.35,1.3,1.3,50,61200,1.88,1.25,1.35
18570,2021-03-25 11:41:00,1.3,1.4,1.3,1.4,75,61200,1.87,1.3,1.4
18571,2021-03-25 11:42:00,1.3,1.3,1.3,1.3,625,60575,1.87,1.3,1.35
18572,2021-03-25 11:43:00,1.3,1.3,1.3,1.3,225,60575,1.87,1.25,1.35
18573,2021-03-25 11:44:00,1.3,1.3,1.25,1.25,100,60575,1.87,1.25,1.3
18574,2021-03-25 11:45:00,1.25,1.25,1.25,1.25,50,60800,1.87,1.25,1.35
18575,2021-03-25 11:46:00,1.25,1.25,1.25,1.25,125,60800,1.87,1.25,1.35
18576,2021-03-25 11:47:00,1.25,1.25,1.25,1.25,125,60800,1.87,1.25,1.35
18577,2021-03-25 11:48:00,1.25,1.25,1.25,1.25,125,60800,1.87,1.25,1.35
18578,2021-03-25 11:49:00,1.1,1.1,1.1,1.1,2500,60675,1.87,1.2,1.3
18579,2021-03-25 11:50:00,1.25,1.25,1.25,1.25,50,60675,1.87,1.15,1.3
18580,2021-03-25 11:51:00,1.25,1.25,1.25,1.25,50,60675,1.87,1.15,1.3
18581,2021-03-25 11:52:00,1.25,1.25,1.25,1.25,50,60675,1.87,1.15,1.3
18582,2021-03-25 11:53:00,1.25,1.25,1.25,1.25,50,60675,1.87,1.15,1.3
18583,2021-03-25 11:54:00,1.3,1.35,1.3,1.35,225,59475,1.87,1.25,1.35
18584,2021-03-25 11:55:00,1.2,1.25,1.2,1.25,175,59475,1.87,1.15,1.3
18585,2021-03-25 11:56:00,1.2,1.35,1.2,1.3,575,59475,1.86,1.2,1.3
18586,2021-03-25 11:57:00,1.25,1.3,1.15,1.2,475,59600,1.86,1.15,1.25
18587,2021-03-25 11:58:00,1.2,1.25,1.2,1.2,125,59600,1.86,1.15,1.2
18588,2021-03-25 11:59:00,1.15,1.2,1.1,1.15,1075,59600,1.86,1.1,1.15
18589,2021-03-25 12:00:00,1.1,1.15,1.1,1.15,100,59375,1.86,1.2,1.3
18590,2021-03-25 12:01:00,1.1,1.15,1.1,1.15,100,59375,1.86,1.2,1.3
18591,2021-03-25 12:02:00,1.2,1.2,1.1,1.15,1125,59375,1.86,1.15,1.25
18592,2021-03-25 12:03:00,1.25,1.35,1.15,1.3,350,59450,1.86,1.15,1.35
18593,2021-03-25 12:04:00,1.25,1.25,1.25,1.25,25,59450,1.86,1.2,1.25
18594,2021-03-25 12:05:00,1.2,1.2,1.2,1.2,100,59450,1.86,1.1,1.2
18595,2021-03-25 12:06:00,1.2,1.3,1.2,1.25,1400,59500,1.85,1.2,1.3
18596,2021-03-25 12:07:00,1.2,1.3,1.2,1.3,525,59500,1.85,1.2,1.3
18597,2021-03-25 12:08:00,1.25,1.25,1.2,1.2,425,59500,1.85,1.15,1.25
18598,2021-03-25 12:09:00,1.25,1.3,1.2,1.3,275,59525,1.85,1.2,1.3
18599,2021-03-25 12:10:00,1.3,1.4,1.25,1.4,2025,59525,1.85,1.3,1.5
18600,2021-03-25 12:11:00,1.3,1.35,1.25,1.25,3150,59525,1.84,1.2,1.3
18601,2021-03-25 12:12:00,1.3,1.35,1.25,1.25,525,61350,1.84,1.05,1.35
18602,2021-03-25 12:13:00,1.3,1.35,1.2,1.2,225,61350,1.84,1.15,1.25
18603,2021-03-25 12:14:00,1.15,1.2,1.15,1.15,12600,61350,1.81,1.1,1.2
18604,2021-03-25 12:15:00,1.1,1.15,1.1,1.15,50,61650,1.81,1.1,1.2
18605,2021-03-25 12:16:00,1.1,1.15,1.1,1.15,75,61650,1.81,1.2,1.3
18606,2021-03-25 12:17:00,1.15,1.25,1.1,1.1,150,61650,1.81,1.15,1.25
18607,2021-03-25 12:18:00,1.25,1.35,1.25,1.25,175,61725,1.81,1.1,1.35
18608,2021-03-25 12:19:00,1.2,1.45,1.2,1.45,400,61725,1.81,1.15,1.5
18609,2021-03-25 12:20:00,1.2,1.45,1.2,1.45,400,61725,1.81,1.15,1.5
18610,2021-03-25 12:21:00,1.3,1.3,1.2,1.3,675,61850,1.81,1.2,1.35
18611,2021-03-25 12:22:00,1.3,1.3,1.3,1.3,125,61850,1.81,1.25,1.45
18612,2021-03-25 12:23:00,1.25,1.55,1.25,1.55,225,61850,1.81,1.3,1.55
18613,2021-03-25 12:24:00,1.25,1.55,1.25,1.55,225,61850,1.81,1.3,1.55
18614,2021-03-25 12:25:00,1.35,1.5,1.35,1.5,75,62075,1.81,1.35,1.55
18615,2021-03-25 12:26:00,1.35,1.5,1.35,1.4,100,62075,1.81,1.15,1.4
18616,2021-03-25 12:27:00,1.4,1.45,1.25,1.25,200,60100,1.81,1.25,1.4
18617,2021-03-25 12:28:00,1.4,1.45,1.2,1.4,175,60100,1.81,1.15,1.4
18618,2021-03-25 12:29:00,1.35,1.4,1.1,1.25,575,60100,1.81,1.2,1.3
18619,2021-03-25 12:30:00,1.3,1.5,1.2,1.4,1900,61125,1.81,1.05,1.55
18620,2021-03-25 12:31:00,1.55,1.55,1.5,1.5,125,61125,1.81,1.35,1.5
18621,2021-03-25 12:32:00,1.5,1.5,1.4,1.5,700,61125,1.81,1.25,1.5
18622,2021-03-25 12:33:00,1.5,1.5,1.5,1.5,350,60975,1.81,1.35,1.5
18623,2021-03-25 12:34:00,1.5,1.5,1.5,1.5,75,60975,1.81,1.3,1.5
18624,2021-03-25 12:35:00,1.5,1.5,1.5,1.5,1225,60975,1.8,1.35,1.5
18625,2021-03-25 12:36:00,1.5,1.6,1.5,1.6,675,61025,1.8,1.4,1.6
18626,2021-03-25 12:37:00,1.45,1.5,1.45,1.45,75,61025,1.8,1.15,1.6
18627,2021-03-25 12:38:00,1.4,1.4,1.4,1.4,75,61025,1.8,1.4,1.45
18628,2021-03-25 12:39:00,1.45,1.45,1.3,1.3,200,61000,1.8,1.45,1.6
18629,2021-03-25 12:40:00,1.5,1.5,1.5,1.5,25,61000,1.8,1.45,1.55
18630,2021-03-25 12:41:00,1.5,1.5,1.5,1.5,25,61000,1.8,1.2,1.6
18631,2021-03-25 12:42:00,1.5,1.5,1.5,1.5,500,61000,1.8,1.35,1.55
18632,2021-03-25 12:43:00,1.5,1.5,1.5,1.5,25,60775,1.8,1.4,1.5
18633,2021-03-25 12:44:00,1.5,1.5,1.5,1.5,25,60775,1.8,1.4,1.5
18634,2021-03-25 12:45:00,1.5,1.5,1.5,1.5,25,60775,1.8,1.4,1.5
18635,2021-03-25 12:46:00,1.5,1.5,1.5,1.5,25,60775,1.8,1.4,1.5
18636,2021-03-25 12:47:00,1.35,1.55,1.25,1.25,125,60600,1.8,1.25,1.4
18637,2021-03-25 12:48:00,1.4,1.4,1.3,1.3,75,60625,1.8,1.25,1.35
18638,2021-03-25 12:49:00,1.35,1.35,1.35,1.35,25,0,1.8,1.3,1.4
18639,2021-03-25 12:50:00,0.75,1.35,0.75,1.25,3150,60625,1.8,1.2,1.25
18640,2021-03-25 12:51:00,1.3,1.35,1.25,1.35,750,59250,1.79,1.3,1.4
18641,2021-03-25 12:52:00,1.3,1.35,1.3,1.35,300,59250,1.79,1.15,1.4
18642,2021-03-25 12:53:00,1.4,1.4,1.4,1.4,50,59250,1.79,1.2,1.35
18643,2021-03-25 12:54:00,1.4,1.4,1.4,1.4,50,59250,1.79,1.2,1.35
18644,2021-03-25 12:55:00,1.2,1.3,1.15,1.3,225,59025,1.79,1.05,1.2
18645,2021-03-25 12:56:00,1.1,1.1,1.1,1.1,25,59025,1.79,1.1,1.25
18646,2021-03-25 12:57:00,1.1,1.15,1.1,1.15,50,59550,1.79,1.05,1.25
18647,2021-03-25 12:58:00,1.25,1.25,1.0,1.0,300,59550,1.79,1.0,1.15
18648,2021-03-25 12:59:00,1.0,1.05,0.9,1.05,1675,59550,1.79,0.95,1.05
18649,2021-03-25 13:00:00,0.85,0.85,0.85,0.85,25,59650,1.79,0.75,1.05
18650,2021-03-25 13:01:00,1.0,1.0,1.0,1.0,50,59650,1.79,0.9,1.0
18651,2021-03-25 13:02:00,1.0,1.0,0.9,0.9,175,59650,1.79,0.8,0.95
18652,2021-03-25 13:03:00,0.95,0.95,0.95,0.95,400,59325,1.79,0.8,0.95
18653,2021-03-25 13:04:00,0.95,0.95,0.8,0.9,225,59325,1.79,0.75,0.9
18654,2021-03-25 13:05:00,0.9,0.95,0.9,0.95,50,59325,1.79,0.75,0.85
18655,2021-03-25 13:06:00,0.85,0.9,0.85,0.9,425,59850,1.79,0.7,0.95
18656,2021-03-25 13:07:00,0.9,0.9,0.9,0.9,50,59850,1.79,0.75,0.9
18657,2021-03-25 13:08:00,0.9,0.9,0.9,0.9,50,59850,1.79,0.75,0.9
18658,2021-03-25 13:09:00,0.75,0.8,0.75,0.8,75,59950,1.79,0.7,0.8
18659,2021-03-25 13:10:00,0.8,0.8,0.8,0.8,75,59950,1.78,0.7,0.8
18660,2021-03-25 13:11:00,0.75,0.75,0.75,0.75,175,59950,1.78,0.8,0.95
18661,2021-03-25 13:12:00,0.95,0.95,0.8,0.8,250,59200,1.78,0.75,0.95
18662,2021-03-25 13:13:00,0.85,0.85,0.75,0.8,150,59200,1.78,0.7,0.9
18663,2021-03-25 13:14:00,0.7,0.8,0.7,0.7,300,59200,1.78,0.6,0.8
18664,2021-03-25 13:15:00,0.65,0.65,0.65,0.65,200,58925,1.78,0.55,0.7
18665,2021-03-25 13:16:00,0.6,0.6,0.6,0.6,25,58925,1.78,0.55,0.7
18666,2021-03-25 13:17:00,0.6,0.6,0.6,0.6,25,58925,1.78,0.55,0.7
18667,2021-03-25 13:18:00,0.6,0.6,0.6,0.6,25,58925,1.78,0.55,0.7
18668,2021-03-25 13:19:00,0.6,0.6,0.6,0.6,25,58925,1.78,0.55,0.7
18669,2021-03-25 13:20:00,0.7,0.7,0.7,0.7,100,58875,1.78,0.55,0.7
18670,2021-03-25 13:21:00,0.7,0.7,0.55,0.55,175,59050,1.78,0.55,0.7
18671,2021-03-25 13:22:00,0.55,0.55,0.55,0.55,850,59050,1.78,0.55,0.7
18672,2021-03-25 13:23:00,0.55,0.55,0.55,0.55,350,59050,1.78,0.55,0.7
18673,2021-03-25 13:24:00,0.55,0.55,0.55,0.55,125,59050,1.78,0.55,0.7
18674,2021-03-25 13:25:00,0.55,0.55,0.55,0.55,125,59050,1.78,0.55,0.7
18675,2021-03-25 13:26:00,0.55,0.55,0.55,0.55,125,59050,1.78,0.55,0.7
18676,2021-03-25 13:27:00,0.6,0.6,0.6,0.6,25,58925,1.78,0.6,0.8
18677,2021-03-25 13:28:00,0.9,0.9,0.75,0.75,325,58925,1.77,0.65,0.85
18678,2021-03-25 13:29:00,0.9,0.9,0.7,0.7,2050,58925,1.77,0.75,1.05
18679,2021-03-25 13:30:00,0.75,0.75,0.65,0.65,675,59925,1.77,0.55,1.1
18680,2021-03-25 13:31:00,0.55,1.1,0.55,0.9,3925,59925,1.76,0.6,0.85
18681,2021-03-25 13:32:00,0.65,0.95,0.65,0.9,900,59925,1.75,0.6,1.05
18682,2021-03-25 13:33:00,0.7,0.8,0.7,0.7,150,57075,1.75,0.6,0.8
18683,2021-03-25 13:34:00,0.8,0.8,0.65,0.7,475,57075,1.75,0.7,0.75
18684,2021-03-25 13:35:00,0.75,0.75,0.75,0.75,650,57075,1.75,0.75,0.95
18685,2021-03-25 13:36:00,0.8,0.85,0.8,0.85,1575,58175,1.75,0.65,0.8
18686,2021-03-25 13:37:00,0.7,0.75,0.65,0.7,1225,58175,1.74,0.55,0.7
18687,2021-03-25 13:38:00,0.65,0.65,0.6,0.6,925,58175,1.74,0.55,0.6
18688,2021-03-25 13:39:00,0.55,0.55,0.55,0.55,750,58175,1.74,0.55,0.85
18689,2021-03-25 13:40:00,0.85,0.85,0.55,0.55,125,57100,1.74,0.55,0.85
18690,2021-03-25 13:41:00,0.55,0.85,0.55,0.55,1725,57100,1.73,0.55,0.75
18691,2021-03-25 13:42:00,0.55,0.75,0.55,0.65,400,57100,1.73,0.6,0.95
18692,2021-03-25 13:43:00,0.65,0.65,0.55,0.55,275,56325,1.73,0.55,0.75
18693,2021-03-25 13:44:00,0.55,0.55,0.55,0.55,50,56325,1.73,0.55,0.65
18694,2021-03-25 13:45:00,0.5,0.5,0.3,0.3,500,56525,1.73,0.3,0.75
18695,2021-03-25 13:46:00,0.5,0.5,0.3,0.3,500,56525,1.73,0.3,0.75
18696,2021-03-25 13:47:00,0.35,0.35,0.35,0.35,175,56525,1.73,0.35,0.85
18697,2021-03-25 13:48:00,0.35,0.35,0.35,0.35,175,56525,1.73,0.35,0.85
18698,2021-03-25 13:49:00,0.35,0.35,0.35,0.35,175,56525,1.73,0.35,0.85
18699,2021-03-25 13:50:00,0.35,0.55,0.3,0.5,150,56600,1.73,0.3,0.6
18700,2021-03-25 13:51:00,0.35,0.35,0.35,0.35,25,56600,1.73,0.35,0.55
18701,2021-03-25 13:52:00,0.35,0.35,0.35,0.35,25,56600,1.73,0.35,0.55
18702,2021-03-25 13:53:00,0.45,0.45,0.35,0.45,150,56450,1.72,0.4,0.6
18703,2021-03-25 13:54:00,0.6,0.6,0.45,0.5,125,56250,1.72,0.3,0.5
18704,2021-03-25 13:55:00,0.6,0.6,0.45,0.5,125,56250,1.72,0.3,0.5
18705,2021-03-25 13:56:00,0.6,0.6,0.45,0.5,125,56250,1.72,0.3,0.5
18706,2021-03-25 13:57:00,0.6,0.6,0.45,0.5,125,56250,1.72,0.3,0.5
18707,2021-03-25 13:58:00,0.3,0.3,0.3,0.3,250,56275,1.72,0.3,0.5
18708,2021-03-25 13:59:00,0.3,0.3,0.3,0.3,250,56275,1.72,0.3,0.5
18709,2021-03-25 14:00:00,0.3,0.3,0.3,0.3,250,56275,1.72,0.3,0.5
18710,2021-03-25 14:01:00,0.3,0.3,0.3,0.3,250,56275,1.72,0.3,0.5
18711,2021-03-25 14:02:00,0.5,0.5,0.5,0.5,250,56325,1.72,0.25,0.5
18712,2021-03-25 14:03:00,0.5,0.5,0.5,0.5,250,56325,1.72,0.25,0.5
18713,2021-03-25 14:04:00,0.3,0.3,0.3,0.3,25,56325,1.72,0.3,0.6
18714,2021-03-25 14:05:00,0.4,0.4,0.35,0.35,200,56325,1.72,0.35,0.6
18715,2021-03-25 14:06:00,0.3,0.35,0.3,0.35,800,56125,1.72,0.25,0.35
18716,2021-03-25 14:07:00,0.3,0.35,0.3,0.35,800,56125,1.72,0.25,0.35
18717,2021-03-25 14:08:00,0.3,0.3,0.3,0.3,75,56125,1.72,0.3,0.55
18718,2021-03-25 14:09:00,0.7,0.7,0.15,0.15,8000,55925,1.69,0.15,0.7
18719,2021-03-25 14:10:00,0.1,0.3,0.1,0.3,4975,55925,1.67,0.25,0.3
18720,2021-03-25 14:11:00,0.3,0.35,0.3,0.35,4375,55925,1.65,0.3,0.35
18721,2021-03-25 14:12:00,0.35,0.35,0.35,0.35,100,54475,1.65,0.3,0.35
18722,2021-03-25 14:13:00,0.35,0.35,0.3,0.3,2375,54475,1.64,0.25,0.65
18723,2021-03-25 14:14:00,0.3,0.3,0.3,0.3,300,54475,1.64,0.3,0.5
18724,2021-03-25 14:15:00,0.3,0.3,0.3,0.3,75,54500,1.64,0.3,0.5
18725,2021-03-25 14:16:00,0.3,0.3,0.3,0.3,125,54500,1.64,0.3,0.6
18726,2021-03-25 14:17:00,0.3,0.3,0.3,0.3,25,54500,1.64,0.25,0.5
18727,2021-03-25 14:18:00,0.3,0.3,0.3,0.3,25,54500,1.64,0.25,0.5
18728,2021-03-25 14:19:00,0.25,0.25,0.25,0.25,25,54500,1.64,0.2,0.55
18729,2021-03-25 14:20:00,0.25,0.25,0.25,0.25,25,54500,1.64,0.2,0.55
18730,2021-03-25 14:21:00,0.2,0.35,0.2,0.35,100,54475,1.64,0.2,0.35
18731,2021-03-25 14:22:00,0.35,0.35,0.35,0.35,25,54475,1.64,0.2,0.35
18732,2021-03-25 14:23:00,0.35,0.35,0.35,0.35,25,54475,1.64,0.2,0.35
18733,2021-03-25 14:24:00,0.2,0.2,0.2,0.2,25,54475,1.64,0.2,0.35
18734,2021-03-25 14:25:00,0.2,0.2,0.2,0.2,25,54475,1.64,0.2,0.35
18735,2021-03-25 14:26:00,0.2,0.2,0.2,0.2,25,54475,1.64,0.2,0.35
18736,2021-03-25 14:27:00,0.2,0.2,0.2,0.2,25,54475,1.64,0.2,0.35
18737,2021-03-25 14:28:00,0.2,0.2,0.2,0.2,25,54475,1.64,0.2,0.35
18738,2021-03-25 14:29:00,0.2,0.2,0.2,0.2,25,54475,1.64,0.2,0.35
18739,2021-03-25 14:30:00,0.2,0.2,0.2,0.2,25,54475,1.64,0.2,0.35
18740,2021-03-25 14:31:00,0.2,0.3,0.2,0.3,75,54425,1.64,0.15,0.3
18741,2021-03-25 14:32:00,0.2,0.3,0.2,0.3,75,54425,1.64,0.15,0.3
18742,2021-03-25 14:33:00,0.2,0.25,0.15,0.25,500,54425,1.64,0.15,0.25
18743,2021-03-25 14:34:00,0.2,0.2,0.15,0.2,175,54425,1.64,0.15,0.25
18744,2021-03-25 14:35:00,0.25,0.25,0.25,0.25,500,54425,1.64,0.15,0.25
18745,2021-03-25 14:36:00,0.25,0.25,0.25,0.25,275,54425,1.64,0.15,0.25
18746,2021-03-25 14:37:00,0.25,0.25,0.25,0.25,1300,54125,1.63,0.15,0.45
18747,2021-03-25 14:38:00,0.15,0.25,0.15,0.25,100,54125,1.63,0.15,0.45
18748,2021-03-25 14:39:00,0.45,0.45,0.45,0.45,250,54125,1.63,0.2,0.5
18749,2021-03-25 14:40:00,0.45,0.45,0.45,0.45,250,54125,1.63,0.2,0.5
18750,2021-03-25 14:41:00,0.45,0.45,0.45,0.45,250,54125,1.63,0.2,0.5
18751,2021-03-25 14:42:00,0.15,0.15,0.15,0.15,25,53475,1.63,0.3,0.5
18752,2021-03-25 14:43:00,0.3,0.3,0.3,0.3,25,53475,1.63,0.3,0.4
18753,2021-03-25 14:44:00,0.3,0.3,0.3,0.3,25,53475,1.63,0.2,0.4
18754,2021-03-25 14:45:00,0.55,0.55,0.5,0.5,75,53375,1.63,0.2,0.5
18755,2021-03-25 14:46:00,0.55,0.55,0.5,0.5,75,53375,1.63,0.2,0.5
18756,2021-03-25 14:47:00,0.55,0.55,0.5,0.5,75,53375,1.63,0.2,0.5
18757,2021-03-25 14:48:00,0.55,0.55,0.5,0.5,75,53375,1.63,0.2,0.5
18758,2021-03-25 14:49:00,0.35,0.35,0.2,0.2,50,53400,1.63,0.2,0.5
18759,2021-03-25 14:50:00,0.65,0.65,0.65,0.65,1650,53400,1.62,0.25,0.6
18760,2021-03-25 14:51:00,0.65,0.65,0.65,0.65,1650,53400,1.62,0.25,0.6
18761,2021-03-25 14:52:00,0.2,0.25,0.2,0.25,50,54400,1.62,0.2,0.6
18762,2021-03-25 14:53:00,0.2,0.25,0.2,0.25,50,54400,1.62,0.2,0.6
18763,2021-03-25 14:54:00,0.2,0.2,0.2,0.2,400,54400,1.62,0.25,0.4
18764,2021-03-25 14:55:00,0.2,0.2,0.2,0.2,400,54400,1.62,0.25,0.4
18765,2021-03-25 14:56:00,0.3,0.3,0.3,0.3,25,54375,1.62,0.2,0.5
18766,2021-03-25 14:57:00,0.25,0.25,0.25,0.25,450,54375,1.62,0.2,0.55
18767,2021-03-25 14:58:00,0.2,0.55,0.2,0.55,550,53925,1.62,0.2,0.4
18768,2021-03-25 14:59:00,0.5,0.5,0.5,0.5,325,53925,1.62,0.25,0.5
18769,2021-03-25 15:00:00,0.2,0.2,0.2,0.2,1650,53925,1.61,0.2,0.45
18770,2021-03-25 15:01:00,0.2,0.2,0.2,0.2,50,54025,1.61,0.2,0.45
18771,2021-03-25 15:02:00,0.2,0.2,0.2,0.2,450,54025,1.61,0.15,0.45
18772,2021-03-25 15:03:00,0.2,0.2,0.2,0.2,450,54025,1.61,0.15,0.45
18773,2021-03-25 15:04:00,0.2,0.2,0.2,0.2,450,54025,1.61,0.15,0.45
18774,2021-03-25 15:05:00,0.2,0.2,0.2,0.2,450,54025,1.61,0.15,0.45
18775,2021-03-25 15:06:00,0.2,0.2,0.2,0.2,450,54025,1.61,0.15,0.45
18776,2021-03-25 15:07:00,0.25,0.25,0.15,0.25,200,54025,1.61,0.15,0.25
18777,2021-03-25 15:08:00,0.25,0.25,0.25,0.25,75,54025,1.61,0.15,0.25
18778,2021-03-25 15:09:00,0.1,0.1,0.1,0.1,150,54325,1.61,0.1,0.25
18779,2021-03-25 15:10:00,0.25,0.25,0.25,0.25,50,54325,1.61,0.1,0.25
18780,2021-03-25 15:11:00,0.2,0.2,0.2,0.2,450,54325,1.61,0.15,0.2
18781,2021-03-25 15:12:00,0.2,0.2,0.2,0.2,2000,54325,1.6,0.15,0.25
18782,2021-03-25 15:13:00,0.15,0.15,0.15,0.15,100,53800,1.6,0.15,0.25
18783,2021-03-25 15:14:00,0.15,0.15,0.15,0.15,100,53800,1.6,0.15,0.25
18784,2021-03-25 15:15:00,0.15,0.25,0.1,0.1,475,53800,1.6,0.1,0.35
18785,2021-03-25 15:16:00,0.1,0.35,0.1,0.35,1075,53475,1.59,0.15,0.35
18786,2021-03-25 15:17:00,0.2,0.2,0.2,0.2,75,53475,1.59,0.1,0.35
18787,2021-03-25 15:18:00,0.2,0.2,0.2,0.2,75,53475,1.59,0.1,0.35
18788,2021-03-25 15:19:00,0.2,0.2,0.2,0.2,75,53475,1.59,0.1,0.35
18789,2021-03-25 15:20:00,0.1,0.1,0.1,0.1,25,53200,1.59,0.1,0.2
18790,2021-03-25 15:21:00,0.1,0.1,0.1,0.1,25,53200,1.59,0.1,0.2
18791,2021-03-25 15:22:00,0.1,0.1,0.05,0.05,1750,53075,1.59,0.05,0.35
18792,2021-03-25 15:23:00,0.05,0.05,0.05,0.05,75,53075,1.59,0.05,0.35
18793,2021-03-25 15:24:00,0.05,0.05,0.05,0.05,25,53075,1.59,0.05,0.3
18794,2021-03-25 15:25:00,0.05,0.05,0.05,0.05,1025,53275,1.58,0.05,0.15
18795,2021-03-25 15:26:00,0.05,0.15,0.05,0.05,1000,53275,1.58,0.05,0.15
18796,2021-03-25 15:27:00,0.05,0.15,0.05,0.05,1000,53275,1.58,0.05,0.15
18797,2021-03-25 15:28:00,0.05,0.1,0.05,0.1,100,53225,1.58,0.1,0.15
18798,2021-03-25 15:29:00,0.05,0.1,0.05,0.1,100,53225,1.58,0.1,0.15
18799,2021-03-25 15:30:00,0.15,0.15,0.05,0.05,100,53225,1.58,0.05,0.15
