,date,open,high,low,close,volume,oi
0,2022-06-20 09:25:00+05:30,323.0,323.0,323.0,323.0,0,1050
1,2022-06-20 09:26:00+05:30,323.0,323.0,323.0,323.0,0,1050
2,2022-06-20 09:27:00+05:30,323.0,323.0,323.0,323.0,0,1050
3,2022-06-20 09:28:00+05:30,323.0,323.0,323.0,323.0,0,1050
4,2022-06-20 09:29:00+05:30,323.0,323.0,323.0,323.0,0,1050
5,2022-06-20 09:30:00+05:30,323.0,329.55,323.0,329.55,250,1050
6,2022-06-20 09:31:00+05:30,329.55,329.55,329.55,329.55,0,1050
7,2022-06-20 09:32:00+05:30,329.55,329.55,329.55,329.55,0,1050
8,2022-06-20 09:33:00+05:30,329.55,329.55,329.55,329.55,0,1050
9,2022-06-20 09:34:00+05:30,329.55,329.55,329.55,329.55,0,1050
10,2022-06-20 09:35:00+05:30,329.55,329.55,329.55,329.55,0,1050
11,2022-06-20 09:36:00+05:30,329.55,329.55,329.55,329.55,0,1050
12,2022-06-20 09:37:00+05:30,329.55,329.55,329.55,329.55,0,1050
13,2022-06-20 09:38:00+05:30,329.55,329.55,329.55,329.55,0,1050
14,2022-06-20 09:39:00+05:30,329.55,335.9,329.55,335.9,25,1050
15,2022-06-20 09:40:00+05:30,335.9,341.25,335.9,341.25,100,1050
16,2022-06-20 09:41:00+05:30,341.25,341.25,341.25,341.25,0,1050
17,2022-06-20 09:42:00+05:30,341.25,341.25,341.25,341.25,0,1050
18,2022-06-20 09:43:00+05:30,341.25,341.25,341.25,341.25,0,1050
19,2022-06-20 09:44:00+05:30,341.25,341.25,341.25,341.25,0,1050
20,2022-06-20 09:45:00+05:30,341.25,341.25,341.25,341.25,0,1050
21,2022-06-20 09:46:00+05:30,341.25,341.25,341.25,341.25,0,1050
22,2022-06-20 09:47:00+05:30,341.25,341.25,341.25,341.25,0,1050
23,2022-06-20 09:48:00+05:30,341.25,341.25,341.25,341.25,0,1050
24,2022-06-20 09:49:00+05:30,341.25,341.25,341.25,341.25,0,1050
25,2022-06-20 09:50:00+05:30,341.25,341.25,341.25,341.25,0,1050
26,2022-06-20 09:51:00+05:30,341.25,341.25,341.25,341.25,0,1050
27,2022-06-20 09:52:00+05:30,341.25,341.25,341.25,341.25,0,1050
28,2022-06-20 09:53:00+05:30,341.25,341.25,341.25,341.25,0,1050
29,2022-06-20 09:54:00+05:30,341.25,341.25,341.25,341.25,0,1050
30,2022-06-20 09:55:00+05:30,341.25,341.25,341.25,341.25,0,1050
31,2022-06-20 09:56:00+05:30,341.25,341.25,326.75,326.75,0,1050
32,2022-06-20 09:57:00+05:30,326.75,326.75,326.75,326.75,25,1050
33,2022-06-20 09:58:00+05:30,326.75,326.75,326.75,326.75,0,1050
34,2022-06-20 09:59:00+05:30,326.75,326.75,326.75,326.75,0,1050
35,2022-06-20 10:00:00+05:30,326.75,326.75,326.75,326.75,0,1050
36,2022-06-20 10:01:00+05:30,326.75,326.75,326.75,326.75,0,1050
37,2022-06-20 10:02:00+05:30,326.75,326.75,326.75,326.75,0,1050
38,2022-06-20 10:03:00+05:30,326.75,326.75,326.75,326.75,0,1050
39,2022-06-20 10:04:00+05:30,326.75,326.75,326.75,326.75,0,1050
40,2022-06-20 10:05:00+05:30,326.75,326.75,296.95,296.95,25,1050
41,2022-06-20 10:06:00+05:30,296.95,296.95,296.95,296.95,0,1050
42,2022-06-20 10:07:00+05:30,296.95,296.95,296.95,296.95,0,1050
43,2022-06-20 10:08:00+05:30,296.95,296.95,296.95,296.95,0,1050
44,2022-06-20 10:09:00+05:30,296.95,296.95,296.95,296.95,0,1050
45,2022-06-20 10:10:00+05:30,296.95,296.95,296.95,296.95,0,1050
46,2022-06-20 10:11:00+05:30,296.95,296.95,296.95,296.95,0,1050
47,2022-06-20 10:12:00+05:30,296.95,296.95,296.95,296.95,0,1050
48,2022-06-20 10:13:00+05:30,296.95,296.95,296.95,296.95,0,1050
49,2022-06-20 10:14:00+05:30,296.95,296.95,296.95,296.95,0,1050
50,2022-06-20 10:15:00+05:30,296.95,296.95,296.95,296.95,0,1050
51,2022-06-20 10:16:00+05:30,296.95,296.95,296.95,296.95,0,1050
52,2022-06-20 10:17:00+05:30,296.95,296.95,296.95,296.95,0,1050
53,2022-06-20 10:18:00+05:30,296.95,296.95,296.95,296.95,0,1050
54,2022-06-20 10:19:00+05:30,296.95,296.95,296.95,296.95,0,1050
55,2022-06-20 10:20:00+05:30,296.95,296.95,296.95,296.95,0,1050
56,2022-06-20 10:21:00+05:30,296.95,296.95,296.95,296.95,0,1050
57,2022-06-20 10:22:00+05:30,296.95,296.95,296.95,296.95,0,1050
58,2022-06-20 10:23:00+05:30,296.95,296.95,296.95,296.95,0,1050
59,2022-06-20 10:24:00+05:30,296.95,296.95,296.95,296.95,0,1050
60,2022-06-20 10:25:00+05:30,296.95,296.95,296.95,296.95,0,1050
61,2022-06-20 10:26:00+05:30,296.95,296.95,296.95,296.95,0,1050
62,2022-06-20 10:27:00+05:30,296.95,296.95,296.95,296.95,0,1050
63,2022-06-20 10:28:00+05:30,296.95,296.95,296.95,296.95,0,1050
64,2022-06-20 10:29:00+05:30,296.95,296.95,296.95,296.95,0,1050
65,2022-06-20 10:30:00+05:30,296.95,296.95,296.95,296.95,0,1050
66,2022-06-20 10:31:00+05:30,296.95,296.95,296.95,296.95,0,1050
67,2022-06-20 10:32:00+05:30,296.95,296.95,296.95,296.95,0,1050
68,2022-06-20 10:33:00+05:30,296.95,296.95,296.95,296.95,0,1050
69,2022-06-20 10:34:00+05:30,296.95,296.95,296.95,296.95,0,1050
70,2022-06-20 10:35:00+05:30,296.95,296.95,296.95,296.95,0,1050
71,2022-06-20 10:36:00+05:30,296.95,296.95,296.95,296.95,0,1050
72,2022-06-20 10:37:00+05:30,296.95,296.95,296.95,296.95,0,1050
73,2022-06-20 10:38:00+05:30,296.95,296.95,296.95,296.95,0,1050
74,2022-06-20 10:39:00+05:30,296.95,296.95,296.95,296.95,0,1050
75,2022-06-20 10:40:00+05:30,296.95,296.95,296.95,296.95,0,1050
76,2022-06-20 10:41:00+05:30,296.95,296.95,296.95,296.95,0,1050
77,2022-06-20 10:42:00+05:30,296.95,296.95,296.95,296.95,0,1050
78,2022-06-20 10:43:00+05:30,296.95,296.95,296.95,296.95,0,1050
79,2022-06-20 10:44:00+05:30,296.95,296.95,296.95,296.95,0,1050
80,2022-06-20 10:45:00+05:30,296.95,296.95,296.95,296.95,0,1050
81,2022-06-20 10:46:00+05:30,296.95,296.95,296.95,296.95,0,1050
82,2022-06-20 10:47:00+05:30,296.95,296.95,296.95,296.95,0,1050
83,2022-06-20 10:48:00+05:30,296.95,296.95,296.95,296.95,0,1050
84,2022-06-20 10:49:00+05:30,296.95,296.95,296.95,296.95,0,1050
85,2022-06-20 10:50:00+05:30,296.95,296.95,296.95,296.95,0,1050
86,2022-06-20 10:51:00+05:30,296.95,296.95,296.95,296.95,0,1050
87,2022-06-20 10:52:00+05:30,296.95,296.95,296.95,296.95,0,1050
88,2022-06-20 10:53:00+05:30,296.95,296.95,296.95,296.95,0,1050
89,2022-06-20 10:54:00+05:30,296.95,296.95,296.95,296.95,0,1050
90,2022-06-20 10:55:00+05:30,296.95,296.95,296.95,296.95,0,1050
91,2022-06-20 10:56:00+05:30,296.95,296.95,296.95,296.95,0,1050
92,2022-06-20 10:57:00+05:30,296.95,296.95,296.95,296.95,0,1050
93,2022-06-20 10:58:00+05:30,296.95,296.95,296.95,296.95,0,1050
94,2022-06-20 10:59:00+05:30,296.95,296.95,296.95,296.95,0,1050
95,2022-06-20 11:00:00+05:30,296.95,296.95,296.95,296.95,0,1050
96,2022-06-20 11:01:00+05:30,296.95,296.95,296.95,296.95,0,1050
97,2022-06-20 11:02:00+05:30,296.95,296.95,296.95,296.95,0,1050
98,2022-06-20 11:03:00+05:30,296.95,296.95,296.95,296.95,0,1050
99,2022-06-20 11:04:00+05:30,296.95,296.95,296.95,296.95,0,1050
100,2022-06-20 11:05:00+05:30,296.95,296.95,296.95,296.95,0,1050
101,2022-06-20 11:06:00+05:30,296.95,296.95,296.95,296.95,0,1050
102,2022-06-20 11:07:00+05:30,296.95,296.95,296.95,296.95,0,1050
103,2022-06-20 11:08:00+05:30,296.95,296.95,296.95,296.95,0,1050
104,2022-06-20 11:09:00+05:30,296.95,296.95,296.95,296.95,0,1050
105,2022-06-20 11:10:00+05:30,296.95,296.95,296.95,296.95,0,1050
106,2022-06-20 11:11:00+05:30,296.95,296.95,296.95,296.95,0,1050
107,2022-06-20 11:12:00+05:30,296.95,296.95,296.95,296.95,0,1050
108,2022-06-20 11:13:00+05:30,296.95,296.95,296.95,296.95,0,1050
109,2022-06-20 11:14:00+05:30,296.95,296.95,296.95,296.95,0,1050
110,2022-06-20 11:15:00+05:30,296.95,296.95,296.95,296.95,0,1050
111,2022-06-20 11:16:00+05:30,296.95,296.95,296.95,296.95,0,1050
112,2022-06-20 11:17:00+05:30,296.95,296.95,296.95,296.95,0,1050
113,2022-06-20 11:18:00+05:30,296.95,296.95,296.95,296.95,0,1050
114,2022-06-20 11:19:00+05:30,296.95,296.95,296.95,296.95,0,1050
115,2022-06-20 11:20:00+05:30,296.95,296.95,296.95,296.95,0,1050
116,2022-06-20 11:21:00+05:30,296.95,296.95,296.95,296.95,0,1050
117,2022-06-20 11:22:00+05:30,296.95,296.95,296.95,296.95,0,1050
118,2022-06-20 11:23:00+05:30,296.95,296.95,296.95,296.95,0,1050
119,2022-06-20 11:24:00+05:30,296.95,296.95,296.95,296.95,0,1050
120,2022-06-20 11:25:00+05:30,296.95,296.95,296.95,296.95,0,1050
121,2022-06-20 11:26:00+05:30,296.95,296.95,296.95,296.95,0,1050
122,2022-06-20 11:27:00+05:30,296.95,296.95,296.95,296.95,0,1050
123,2022-06-20 11:28:00+05:30,296.95,296.95,296.95,296.95,0,1050
124,2022-06-20 11:29:00+05:30,296.95,296.95,296.95,296.95,0,1050
125,2022-06-20 11:30:00+05:30,296.95,296.95,296.95,296.95,0,1050
126,2022-06-20 11:31:00+05:30,296.95,296.95,296.95,296.95,0,1050
127,2022-06-20 11:32:00+05:30,296.95,296.95,296.95,296.95,0,1050
128,2022-06-20 11:33:00+05:30,296.95,296.95,296.95,296.95,0,1050
129,2022-06-20 11:34:00+05:30,296.95,296.95,296.95,296.95,0,1050
130,2022-06-20 11:35:00+05:30,296.95,296.95,296.95,296.95,0,1050
131,2022-06-20 11:36:00+05:30,296.95,296.95,296.95,296.95,0,1050
132,2022-06-20 11:37:00+05:30,296.95,296.95,296.95,296.95,0,1050
133,2022-06-20 11:38:00+05:30,296.95,296.95,296.95,296.95,0,1050
134,2022-06-20 11:39:00+05:30,296.95,296.95,296.95,296.95,0,1050
135,2022-06-20 11:40:00+05:30,296.95,296.95,296.95,296.95,0,1050
136,2022-06-20 11:41:00+05:30,296.95,296.95,296.95,296.95,0,1050
137,2022-06-20 11:42:00+05:30,296.95,296.95,296.95,296.95,0,1050
138,2022-06-20 11:43:00+05:30,296.95,296.95,296.95,296.95,0,1050
139,2022-06-20 11:44:00+05:30,296.95,296.95,296.95,296.95,0,1050
140,2022-06-20 11:45:00+05:30,296.95,296.95,296.95,296.95,0,1050
141,2022-06-20 11:46:00+05:30,296.95,296.95,296.95,296.95,0,1050
142,2022-06-20 11:47:00+05:30,296.95,296.95,296.95,296.95,0,1050
143,2022-06-20 11:48:00+05:30,296.95,296.95,296.95,296.95,0,1050
144,2022-06-20 11:49:00+05:30,296.95,296.95,296.95,296.95,0,1050
145,2022-06-20 11:50:00+05:30,296.95,296.95,296.95,296.95,0,1050
146,2022-06-20 11:51:00+05:30,296.95,296.95,296.95,296.95,0,1050
147,2022-06-20 11:52:00+05:30,296.95,296.95,296.95,296.95,0,1050
148,2022-06-20 11:53:00+05:30,296.95,296.95,296.95,296.95,0,1050
149,2022-06-20 11:54:00+05:30,296.95,296.95,296.95,296.95,0,1050
150,2022-06-20 11:55:00+05:30,296.95,296.95,296.95,296.95,0,1050
151,2022-06-20 11:56:00+05:30,296.95,296.95,296.95,296.95,0,1050
152,2022-06-20 11:57:00+05:30,296.95,296.95,296.95,296.95,0,1050
153,2022-06-20 11:58:00+05:30,296.95,296.95,296.95,296.95,0,1050
154,2022-06-20 11:59:00+05:30,296.95,296.95,296.95,296.95,0,1050
155,2022-06-20 12:00:00+05:30,296.95,296.95,296.95,296.95,0,1050
156,2022-06-20 12:01:00+05:30,296.95,296.95,296.95,296.95,0,1050
157,2022-06-20 12:02:00+05:30,296.95,296.95,296.95,296.95,0,1050
158,2022-06-20 12:03:00+05:30,296.95,296.95,296.95,296.95,0,1050
159,2022-06-20 12:04:00+05:30,296.95,296.95,296.95,296.95,0,1050
160,2022-06-20 12:05:00+05:30,296.95,296.95,296.95,296.95,0,1050
161,2022-06-20 12:06:00+05:30,296.95,296.95,296.95,296.95,0,1050
162,2022-06-20 12:07:00+05:30,296.95,296.95,296.95,296.95,0,1050
163,2022-06-20 12:08:00+05:30,296.95,296.95,296.95,296.95,0,1050
164,2022-06-20 12:09:00+05:30,296.95,296.95,296.95,296.95,0,1050
165,2022-06-20 12:10:00+05:30,296.95,296.95,296.95,296.95,0,1050
166,2022-06-20 12:11:00+05:30,296.95,296.95,296.95,296.95,0,1050
167,2022-06-20 12:12:00+05:30,296.95,296.95,296.95,296.95,0,1050
168,2022-06-20 12:13:00+05:30,296.95,296.95,296.95,296.95,0,1050
169,2022-06-20 12:14:00+05:30,296.95,296.95,296.95,296.95,0,1050
170,2022-06-20 12:15:00+05:30,296.95,296.95,296.95,296.95,0,1050
171,2022-06-20 12:16:00+05:30,296.95,296.95,296.95,296.95,0,1050
172,2022-06-20 12:17:00+05:30,296.95,296.95,296.95,296.95,0,1050
173,2022-06-20 12:18:00+05:30,296.95,296.95,296.95,296.95,0,1050
174,2022-06-20 12:19:00+05:30,296.95,296.95,296.95,296.95,0,1050
175,2022-06-20 12:20:00+05:30,296.95,296.95,296.95,296.95,0,1050
176,2022-06-20 12:21:00+05:30,296.95,296.95,296.95,296.95,0,1050
177,2022-06-20 12:22:00+05:30,296.95,296.95,296.95,296.95,0,1050
178,2022-06-20 12:23:00+05:30,296.95,296.95,296.95,296.95,0,1050
179,2022-06-20 12:24:00+05:30,296.95,296.95,296.95,296.95,0,1050
180,2022-06-20 12:25:00+05:30,296.95,296.95,296.95,296.95,0,1050
181,2022-06-20 12:26:00+05:30,296.95,296.95,296.95,296.95,0,1050
182,2022-06-20 12:27:00+05:30,296.95,296.95,296.95,296.95,0,1050
183,2022-06-20 12:28:00+05:30,296.95,296.95,296.95,296.95,0,1050
184,2022-06-20 12:29:00+05:30,296.95,296.95,296.95,296.95,0,1050
185,2022-06-20 12:30:00+05:30,296.95,296.95,296.95,296.95,0,1050
186,2022-06-20 12:31:00+05:30,296.95,296.95,296.95,296.95,0,1050
187,2022-06-20 12:32:00+05:30,296.95,296.95,296.95,296.95,0,1050
188,2022-06-20 12:33:00+05:30,296.95,296.95,296.95,296.95,0,1050
189,2022-06-20 12:34:00+05:30,296.95,296.95,296.95,296.95,0,1050
190,2022-06-20 12:35:00+05:30,296.95,296.95,296.95,296.95,0,1050
191,2022-06-20 12:36:00+05:30,296.95,296.95,296.95,296.95,0,1050
192,2022-06-20 12:37:00+05:30,296.95,296.95,296.95,296.95,0,1050
193,2022-06-20 12:38:00+05:30,296.95,296.95,296.95,296.95,0,1050
194,2022-06-20 12:39:00+05:30,296.95,296.95,296.95,296.95,0,1050
195,2022-06-20 12:40:00+05:30,296.95,296.95,296.95,296.95,0,1050
196,2022-06-20 12:41:00+05:30,296.95,296.95,296.95,296.95,0,1050
197,2022-06-20 12:42:00+05:30,296.95,296.95,296.95,296.95,0,1050
198,2022-06-20 12:43:00+05:30,296.95,296.95,296.95,296.95,0,1050
199,2022-06-20 12:44:00+05:30,296.95,296.95,296.95,296.95,0,1050
200,2022-06-20 12:45:00+05:30,296.95,296.95,296.95,296.95,0,1050
201,2022-06-20 12:46:00+05:30,296.95,296.95,296.95,296.95,0,1050
202,2022-06-20 12:47:00+05:30,296.95,296.95,296.95,296.95,0,1050
203,2022-06-20 12:48:00+05:30,296.95,296.95,296.95,296.95,0,1050
204,2022-06-20 12:49:00+05:30,296.95,296.95,296.95,296.95,0,1050
205,2022-06-20 12:50:00+05:30,296.95,296.95,296.95,296.95,0,1050
206,2022-06-20 12:51:00+05:30,296.95,296.95,296.95,296.95,0,1050
207,2022-06-20 12:52:00+05:30,296.95,296.95,296.95,296.95,0,1050
208,2022-06-20 12:53:00+05:30,296.95,296.95,296.95,296.95,0,1050
209,2022-06-20 12:54:00+05:30,296.95,296.95,296.95,296.95,0,1050
210,2022-06-20 12:55:00+05:30,296.95,296.95,296.95,296.95,0,1050
211,2022-06-20 12:56:00+05:30,296.95,296.95,296.95,296.95,0,1050
212,2022-06-20 12:57:00+05:30,296.95,296.95,296.95,296.95,0,1050
213,2022-06-20 12:58:00+05:30,296.95,296.95,296.95,296.95,0,1050
214,2022-06-20 12:59:00+05:30,296.95,296.95,296.95,296.95,0,1050
215,2022-06-20 13:00:00+05:30,296.95,296.95,296.95,296.95,0,1050
216,2022-06-20 13:01:00+05:30,296.95,296.95,296.95,296.95,0,1050
217,2022-06-20 13:02:00+05:30,296.95,296.95,296.95,296.95,0,1050
218,2022-06-20 13:03:00+05:30,296.95,296.95,296.95,296.95,0,1050
219,2022-06-20 13:04:00+05:30,296.95,296.95,296.95,296.95,0,1050
220,2022-06-20 13:05:00+05:30,296.95,296.95,296.95,296.95,0,1050
221,2022-06-20 13:06:00+05:30,296.95,296.95,296.95,296.95,0,1050
222,2022-06-20 13:07:00+05:30,296.95,296.95,296.95,296.95,0,1050
223,2022-06-20 13:08:00+05:30,296.95,296.95,296.95,296.95,0,1050
224,2022-06-20 13:09:00+05:30,296.95,296.95,296.95,296.95,0,1050
225,2022-06-20 13:10:00+05:30,296.95,296.95,296.95,296.95,0,1050
226,2022-06-20 13:11:00+05:30,296.95,296.95,296.95,296.95,0,1050
227,2022-06-20 13:12:00+05:30,296.95,296.95,296.95,296.95,0,1050
228,2022-06-20 13:13:00+05:30,296.95,296.95,296.95,296.95,0,1050
229,2022-06-20 13:14:00+05:30,296.95,296.95,296.95,296.95,0,1050
230,2022-06-20 13:15:00+05:30,296.95,296.95,296.95,296.95,0,1050
231,2022-06-20 13:16:00+05:30,296.95,296.95,296.95,296.95,0,1050
232,2022-06-20 13:17:00+05:30,296.95,296.95,296.95,296.95,0,1050
233,2022-06-20 13:18:00+05:30,296.95,310.15,296.95,310.15,25,1050
234,2022-06-20 13:19:00+05:30,310.15,310.15,310.15,310.15,0,1050
235,2022-06-20 13:20:00+05:30,310.15,310.15,310.15,310.15,0,1050
236,2022-06-20 13:21:00+05:30,310.15,310.15,310.15,310.15,0,1050
237,2022-06-20 13:22:00+05:30,310.15,310.15,310.15,310.15,0,1050
238,2022-06-20 13:23:00+05:30,310.15,310.15,310.15,310.15,0,1050
239,2022-06-20 13:24:00+05:30,310.15,310.15,310.15,310.15,0,1050
240,2022-06-20 13:25:00+05:30,310.15,310.15,310.15,310.15,0,1050
241,2022-06-20 13:26:00+05:30,310.15,310.15,310.15,310.15,0,1050
242,2022-06-20 13:27:00+05:30,310.15,310.15,310.15,310.15,0,1050
243,2022-06-20 13:28:00+05:30,310.15,310.15,310.15,310.15,0,1050
244,2022-06-20 13:29:00+05:30,310.15,310.15,310.15,310.15,0,1050
245,2022-06-20 13:30:00+05:30,310.15,310.15,310.15,310.15,0,1050
246,2022-06-20 13:31:00+05:30,310.15,310.15,310.15,310.15,0,1050
247,2022-06-20 13:32:00+05:30,310.15,310.15,310.15,310.15,0,1050
248,2022-06-20 13:33:00+05:30,310.15,310.15,310.15,310.15,0,1050
249,2022-06-20 13:34:00+05:30,310.15,310.15,310.15,310.15,0,1050
250,2022-06-20 13:35:00+05:30,310.15,310.15,310.15,310.15,0,1050
251,2022-06-20 13:36:00+05:30,310.15,310.15,310.15,310.15,0,1050
252,2022-06-20 13:37:00+05:30,310.15,310.15,310.15,310.15,0,1050
253,2022-06-20 13:38:00+05:30,310.15,310.15,310.15,310.15,0,1050
254,2022-06-20 13:39:00+05:30,310.15,310.15,310.15,310.15,0,1050
255,2022-06-20 13:40:00+05:30,310.15,310.15,310.15,310.15,0,1050
256,2022-06-20 13:41:00+05:30,310.15,310.15,310.15,310.15,0,1050
257,2022-06-20 13:42:00+05:30,310.15,310.15,310.15,310.15,0,1050
258,2022-06-20 13:43:00+05:30,310.15,310.15,310.15,310.15,0,1050
259,2022-06-20 13:44:00+05:30,310.15,310.15,310.15,310.15,0,1050
260,2022-06-20 13:45:00+05:30,310.15,310.15,310.15,310.15,0,1050
261,2022-06-20 13:46:00+05:30,310.15,310.15,310.15,310.15,0,1050
262,2022-06-20 13:47:00+05:30,310.15,310.15,310.15,310.15,0,1050
263,2022-06-20 13:48:00+05:30,310.15,310.15,310.15,310.15,0,1050
264,2022-06-20 13:49:00+05:30,310.15,310.15,310.15,310.15,0,1050
265,2022-06-20 13:50:00+05:30,310.15,310.15,310.15,310.15,0,1050
266,2022-06-20 13:51:00+05:30,310.15,310.15,310.15,310.15,0,1050
267,2022-06-20 13:52:00+05:30,310.15,310.15,310.15,310.15,0,1050
268,2022-06-20 13:53:00+05:30,310.15,310.15,310.15,310.15,0,1050
269,2022-06-20 13:54:00+05:30,310.15,310.15,310.15,310.15,0,1050
270,2022-06-20 13:55:00+05:30,310.15,310.15,310.15,310.15,0,1050
271,2022-06-20 13:56:00+05:30,310.15,310.15,310.15,310.15,0,1050
272,2022-06-20 13:57:00+05:30,310.15,310.15,310.15,310.15,0,1050
273,2022-06-20 13:58:00+05:30,310.15,310.15,310.15,310.15,0,1050
274,2022-06-20 13:59:00+05:30,310.15,310.15,310.15,310.15,0,1050
275,2022-06-20 14:00:00+05:30,310.15,310.15,310.15,310.15,0,1050
276,2022-06-20 14:01:00+05:30,310.15,310.15,310.15,310.15,0,1050
277,2022-06-20 14:02:00+05:30,310.15,310.15,310.15,310.15,0,1050
278,2022-06-20 14:03:00+05:30,310.15,310.15,310.15,310.15,0,1050
279,2022-06-20 14:04:00+05:30,310.15,310.15,310.15,310.15,0,1050
280,2022-06-20 14:05:00+05:30,310.15,310.15,310.15,310.15,0,1050
281,2022-06-20 14:06:00+05:30,310.15,310.15,310.15,310.15,0,1050
282,2022-06-20 14:07:00+05:30,310.15,310.15,310.15,310.15,0,1050
283,2022-06-20 14:08:00+05:30,310.15,310.15,310.15,310.15,0,1050
284,2022-06-20 14:09:00+05:30,310.15,310.15,310.15,310.15,0,1050
285,2022-06-20 14:10:00+05:30,310.15,310.15,310.15,310.15,0,1050
286,2022-06-20 14:11:00+05:30,310.15,310.15,310.15,310.15,0,1050
287,2022-06-20 14:12:00+05:30,310.15,310.15,310.15,310.15,0,1050
288,2022-06-20 14:13:00+05:30,310.15,310.15,310.15,310.15,0,1050
289,2022-06-20 14:14:00+05:30,310.15,310.15,310.15,310.15,0,1050
290,2022-06-20 14:15:00+05:30,310.15,310.15,310.15,310.15,0,1050
291,2022-06-20 14:16:00+05:30,310.15,310.15,310.15,310.15,0,1050
292,2022-06-20 14:17:00+05:30,310.15,310.15,310.15,310.15,0,1050
293,2022-06-20 14:18:00+05:30,310.15,310.15,310.15,310.15,0,1050
294,2022-06-20 14:19:00+05:30,310.15,310.15,310.15,310.15,0,1050
295,2022-06-20 14:20:00+05:30,310.15,310.15,310.15,310.15,0,1050
296,2022-06-20 14:21:00+05:30,310.15,310.15,310.15,310.15,0,1050
297,2022-06-20 14:22:00+05:30,310.15,310.15,310.15,310.15,0,1050
298,2022-06-20 14:23:00+05:30,310.15,310.15,310.15,310.15,0,1050
299,2022-06-20 14:24:00+05:30,310.15,310.15,310.15,310.15,0,1050
300,2022-06-20 14:25:00+05:30,310.15,310.15,310.15,310.15,0,1050
301,2022-06-20 14:26:00+05:30,310.15,310.15,310.15,310.15,0,1050
302,2022-06-20 14:27:00+05:30,310.15,310.15,310.15,310.15,0,1050
303,2022-06-20 14:28:00+05:30,310.15,310.15,310.15,310.15,0,1050
304,2022-06-20 14:29:00+05:30,310.15,310.15,310.15,310.15,0,1050
305,2022-06-20 14:30:00+05:30,310.15,310.15,310.15,310.15,0,1050
306,2022-06-20 14:31:00+05:30,310.15,310.15,310.15,310.15,0,1050
307,2022-06-20 14:32:00+05:30,310.15,310.15,310.15,310.15,0,1050
308,2022-06-20 14:33:00+05:30,310.15,310.15,310.15,310.15,0,1050
309,2022-06-20 14:34:00+05:30,310.15,310.15,310.15,310.15,0,1050
310,2022-06-20 14:35:00+05:30,310.15,310.15,310.15,310.15,0,1050
311,2022-06-20 14:36:00+05:30,310.15,310.15,310.15,310.15,0,1050
312,2022-06-20 14:37:00+05:30,310.15,310.15,310.15,310.15,0,1050
313,2022-06-20 14:38:00+05:30,310.15,310.15,310.15,310.15,0,1050
314,2022-06-20 14:39:00+05:30,310.15,310.15,310.15,310.15,0,1050
315,2022-06-20 14:40:00+05:30,310.15,310.15,310.15,310.15,0,1050
316,2022-06-20 14:41:00+05:30,310.15,310.15,310.15,310.15,0,1050
317,2022-06-20 14:42:00+05:30,310.15,310.15,310.15,310.15,0,1050
318,2022-06-20 14:43:00+05:30,310.15,310.15,310.15,310.15,0,1050
319,2022-06-20 14:44:00+05:30,310.15,310.15,310.15,310.15,0,1050
320,2022-06-20 14:45:00+05:30,310.15,310.15,310.15,310.15,0,1050
321,2022-06-20 14:46:00+05:30,310.15,310.15,310.15,310.15,0,1050
322,2022-06-20 14:47:00+05:30,310.15,310.15,310.15,310.15,0,1050
323,2022-06-20 14:48:00+05:30,310.15,310.15,310.15,310.15,0,1050
324,2022-06-20 14:49:00+05:30,310.15,310.15,310.15,310.15,0,1050
325,2022-06-20 14:50:00+05:30,310.15,310.15,310.15,310.15,0,1050
326,2022-06-20 14:51:00+05:30,310.15,310.15,310.15,310.15,0,1050
327,2022-06-20 14:52:00+05:30,310.15,310.15,310.15,310.15,0,1050
328,2022-06-20 14:53:00+05:30,310.15,310.15,310.15,310.15,0,1050
329,2022-06-20 14:54:00+05:30,310.15,310.15,310.15,310.15,0,1050
330,2022-06-20 14:55:00+05:30,310.15,310.15,310.15,310.15,0,1050
331,2022-06-20 14:56:00+05:30,310.15,310.15,310.15,310.15,0,1050
332,2022-06-20 14:57:00+05:30,310.15,310.15,310.15,310.15,0,1050
333,2022-06-20 14:58:00+05:30,310.15,310.15,310.15,310.15,0,1050
334,2022-06-20 14:59:00+05:30,310.15,310.15,310.15,310.15,0,1050
335,2022-06-20 15:00:00+05:30,310.15,310.15,310.15,310.15,0,1050
336,2022-06-20 15:01:00+05:30,310.15,310.15,310.15,310.15,0,1050
337,2022-06-20 15:02:00+05:30,310.15,310.15,310.15,310.15,0,1050
338,2022-06-20 15:03:00+05:30,310.15,310.15,310.15,310.15,0,1050
339,2022-06-20 15:04:00+05:30,310.15,310.15,310.15,310.15,0,1050
340,2022-06-20 15:05:00+05:30,310.15,310.15,310.15,310.15,0,1050
341,2022-06-20 15:06:00+05:30,310.15,310.15,310.15,310.15,0,1050
342,2022-06-20 15:07:00+05:30,310.15,310.15,310.15,310.15,0,1050
343,2022-06-20 15:08:00+05:30,310.15,310.15,310.15,310.15,0,1050
344,2022-06-20 15:09:00+05:30,310.15,310.15,310.15,310.15,0,1050
345,2022-06-20 15:10:00+05:30,310.15,310.15,310.15,310.15,0,1050
346,2022-06-20 15:11:00+05:30,310.15,310.15,310.15,310.15,0,1050
347,2022-06-20 15:12:00+05:30,310.15,310.15,310.15,310.15,0,1050
348,2022-06-20 15:13:00+05:30,310.15,310.15,310.15,310.15,0,1050
349,2022-06-20 15:14:00+05:30,310.15,310.15,310.15,310.15,0,1050
350,2022-06-20 15:15:00+05:30,310.15,310.15,310.15,310.15,0,1050
351,2022-06-20 15:16:00+05:30,310.15,310.15,310.15,310.15,0,1050
352,2022-06-20 15:17:00+05:30,310.15,310.15,310.15,310.15,0,1050
353,2022-06-20 15:18:00+05:30,310.15,310.15,310.15,310.15,0,1050
354,2022-06-20 15:19:00+05:30,310.15,310.15,310.15,310.15,0,1050
355,2022-06-20 15:20:00+05:30,310.15,310.15,310.15,310.15,0,1050
356,2022-06-20 15:21:00+05:30,310.15,310.15,310.15,310.15,0,1050
357,2022-06-20 15:22:00+05:30,310.15,310.15,310.15,310.15,0,1050
358,2022-06-20 15:23:00+05:30,310.15,310.15,310.15,310.15,0,1050
359,2022-06-20 15:24:00+05:30,310.15,310.15,310.15,310.15,0,1050
360,2022-06-20 15:25:00+05:30,310.15,310.15,310.15,310.15,0,1050
361,2022-06-20 15:26:00+05:30,310.15,310.15,310.15,310.15,0,1050
362,2022-06-20 15:27:00+05:30,310.15,310.15,310.15,310.15,0,1050
363,2022-06-20 15:28:00+05:30,310.15,310.15,310.15,310.15,0,1050
364,2022-06-20 15:29:00+05:30,310.15,310.15,310.15,310.15,0,1050
365,2022-06-21 10:47:00+05:30,230.0,230.0,230.0,230.0,0,1025
366,2022-06-21 10:48:00+05:30,230.0,230.0,230.0,230.0,0,1025
367,2022-06-21 10:49:00+05:30,230.0,230.0,230.0,230.0,0,1025
368,2022-06-21 10:50:00+05:30,230.0,230.0,230.0,230.0,0,1025
369,2022-06-21 10:51:00+05:30,230.0,230.0,230.0,230.0,0,1025
370,2022-06-21 10:52:00+05:30,230.0,230.0,230.0,230.0,0,1025
371,2022-06-21 10:53:00+05:30,230.0,230.0,230.0,230.0,0,1025
372,2022-06-21 10:54:00+05:30,230.0,230.0,230.0,230.0,0,1025
373,2022-06-21 10:55:00+05:30,230.0,230.0,222.8,222.8,25,1025
374,2022-06-21 10:56:00+05:30,222.8,222.8,222.8,222.8,0,1025
375,2022-06-21 10:57:00+05:30,222.8,222.8,222.8,222.8,0,1025
376,2022-06-21 10:58:00+05:30,222.8,222.8,222.8,222.8,0,1025
377,2022-06-21 10:59:00+05:30,222.8,222.8,222.8,222.8,0,1025
378,2022-06-21 11:00:00+05:30,222.8,222.8,222.8,222.8,0,1025
379,2022-06-21 11:01:00+05:30,222.8,222.8,222.8,222.8,0,1025
380,2022-06-21 11:02:00+05:30,222.8,222.8,222.8,222.8,0,1025
381,2022-06-21 11:03:00+05:30,216.4,216.4,216.4,216.4,50,1025
382,2022-06-21 11:04:00+05:30,216.4,216.4,216.4,216.4,0,1025
383,2022-06-21 11:05:00+05:30,216.4,216.4,216.4,216.4,0,1025
384,2022-06-21 11:06:00+05:30,216.4,216.4,216.4,216.4,0,1025
385,2022-06-21 11:07:00+05:30,216.4,216.4,216.4,216.4,0,1025
386,2022-06-21 11:08:00+05:30,216.4,216.4,216.4,216.4,0,1025
387,2022-06-21 11:09:00+05:30,216.4,216.4,216.4,216.4,0,1025
388,2022-06-21 11:10:00+05:30,216.4,216.4,216.4,216.4,0,1025
389,2022-06-21 11:11:00+05:30,216.4,216.4,216.4,216.4,0,1025
390,2022-06-21 11:12:00+05:30,216.4,216.4,216.4,216.4,0,1025
391,2022-06-21 11:13:00+05:30,216.4,216.4,216.4,216.4,0,1025
392,2022-06-21 11:14:00+05:30,221.6,221.6,221.6,221.6,25,1050
393,2022-06-21 11:15:00+05:30,221.6,221.6,221.6,221.6,0,1050
394,2022-06-21 11:16:00+05:30,221.6,221.6,221.6,221.6,0,1050
395,2022-06-21 11:17:00+05:30,221.6,221.6,221.6,221.6,0,1050
396,2022-06-21 11:18:00+05:30,221.6,221.6,221.6,221.6,0,1050
397,2022-06-21 11:19:00+05:30,221.6,221.6,221.6,221.6,0,1050
398,2022-06-21 11:20:00+05:30,221.6,221.6,221.6,221.6,0,1050
399,2022-06-21 11:21:00+05:30,221.6,221.6,221.6,221.6,0,1050
400,2022-06-21 11:22:00+05:30,221.6,221.6,221.6,221.6,0,1050
401,2022-06-21 11:23:00+05:30,221.6,221.6,221.6,221.6,0,1050
402,2022-06-21 11:24:00+05:30,221.6,221.6,221.6,221.6,0,1050
403,2022-06-21 11:25:00+05:30,221.6,221.6,221.6,221.6,0,1050
404,2022-06-21 11:26:00+05:30,221.6,221.6,221.6,221.6,0,1050
405,2022-06-21 11:27:00+05:30,221.6,221.6,221.6,221.6,0,1050
406,2022-06-21 11:28:00+05:30,221.6,221.6,221.6,221.6,0,1050
407,2022-06-21 11:29:00+05:30,221.6,221.6,221.6,221.6,0,1050
408,2022-06-21 11:30:00+05:30,221.6,221.6,221.6,221.6,0,1050
409,2022-06-21 11:31:00+05:30,221.6,221.6,221.6,221.6,0,1050
410,2022-06-21 11:32:00+05:30,221.6,221.6,221.6,221.6,0,1050
411,2022-06-21 11:33:00+05:30,221.6,221.6,221.6,221.6,0,1050
412,2022-06-21 11:34:00+05:30,221.6,221.6,221.6,221.6,0,1050
413,2022-06-21 11:35:00+05:30,221.6,221.6,221.6,221.6,0,1050
414,2022-06-21 11:36:00+05:30,221.6,221.6,221.6,221.6,0,1050
415,2022-06-21 11:37:00+05:30,221.6,221.6,221.6,221.6,0,1050
416,2022-06-21 11:38:00+05:30,221.6,221.6,221.6,221.6,0,1050
417,2022-06-21 11:39:00+05:30,221.6,221.6,221.6,221.6,0,1050
418,2022-06-21 11:40:00+05:30,221.6,221.6,221.6,221.6,0,1050
419,2022-06-21 11:41:00+05:30,221.6,221.6,221.6,221.6,0,1050
420,2022-06-21 11:42:00+05:30,221.6,221.6,221.6,221.6,0,1050
421,2022-06-21 11:43:00+05:30,221.6,221.6,221.6,221.6,0,1050
422,2022-06-21 11:44:00+05:30,221.6,221.6,221.6,221.6,0,1050
423,2022-06-21 11:45:00+05:30,221.6,221.6,221.6,221.6,0,1050
424,2022-06-21 11:46:00+05:30,221.6,221.6,221.6,221.6,0,1050
425,2022-06-21 11:47:00+05:30,221.6,221.6,221.6,221.6,0,1050
426,2022-06-21 11:48:00+05:30,221.6,221.6,221.6,221.6,0,1050
427,2022-06-21 11:49:00+05:30,221.6,221.6,221.6,221.6,0,1050
428,2022-06-21 11:50:00+05:30,221.6,221.6,221.6,221.6,0,1050
429,2022-06-21 11:51:00+05:30,221.6,221.6,214.9,214.9,25,1025
430,2022-06-21 11:52:00+05:30,214.9,214.9,214.9,214.9,100,1025
431,2022-06-21 11:53:00+05:30,214.9,214.9,214.9,214.9,0,1025
432,2022-06-21 11:54:00+05:30,214.9,214.9,214.9,214.9,0,1025
433,2022-06-21 11:55:00+05:30,214.9,214.9,214.9,214.9,0,1025
434,2022-06-21 11:56:00+05:30,214.9,214.9,214.9,214.9,0,1025
435,2022-06-21 11:57:00+05:30,214.9,214.9,214.9,214.9,0,1025
436,2022-06-21 11:58:00+05:30,214.9,214.9,214.9,214.9,0,1025
437,2022-06-21 11:59:00+05:30,214.9,214.9,214.9,214.9,0,1025
438,2022-06-21 12:00:00+05:30,214.9,214.9,214.9,214.9,0,1025
439,2022-06-21 12:01:00+05:30,214.9,214.9,214.9,214.9,0,1025
440,2022-06-21 12:02:00+05:30,214.9,214.9,214.9,214.9,0,1025
441,2022-06-21 12:03:00+05:30,214.9,214.9,214.9,214.9,0,1025
442,2022-06-21 12:04:00+05:30,214.9,214.9,214.9,214.9,0,1025
443,2022-06-21 12:05:00+05:30,214.9,214.9,214.9,214.9,0,1025
444,2022-06-21 12:06:00+05:30,214.9,214.9,214.9,214.9,0,1025
445,2022-06-21 12:07:00+05:30,214.9,214.9,214.9,214.9,0,1025
446,2022-06-21 12:08:00+05:30,214.9,214.9,214.9,214.9,0,1025
447,2022-06-21 12:09:00+05:30,214.9,214.9,214.9,214.9,0,1025
448,2022-06-21 12:10:00+05:30,214.9,214.9,214.9,214.9,0,1025
449,2022-06-21 12:11:00+05:30,214.9,214.9,214.9,214.9,0,1025
450,2022-06-21 12:12:00+05:30,214.9,214.9,214.9,214.9,0,1025
451,2022-06-21 12:13:00+05:30,214.9,214.9,214.9,214.9,0,1025
452,2022-06-21 12:14:00+05:30,214.9,214.9,214.9,214.9,0,1025
453,2022-06-21 12:15:00+05:30,214.9,214.9,214.9,214.9,0,1025
454,2022-06-21 12:16:00+05:30,214.9,214.9,214.9,214.9,0,1025
455,2022-06-21 12:17:00+05:30,214.9,214.9,214.9,214.9,0,1025
456,2022-06-21 12:18:00+05:30,214.9,214.9,214.9,214.9,0,1025
457,2022-06-21 12:19:00+05:30,214.9,214.9,214.9,214.9,0,1025
458,2022-06-21 12:20:00+05:30,214.9,214.9,214.9,214.9,0,1025
459,2022-06-21 12:21:00+05:30,214.9,214.9,214.9,214.9,0,1025
460,2022-06-21 12:22:00+05:30,214.9,214.9,214.9,214.9,0,1025
461,2022-06-21 12:23:00+05:30,214.9,214.9,214.9,214.9,0,1025
462,2022-06-21 12:24:00+05:30,214.9,214.9,214.9,214.9,0,1025
463,2022-06-21 12:25:00+05:30,214.9,214.9,214.9,214.9,0,1025
464,2022-06-21 12:26:00+05:30,214.9,214.9,214.9,214.9,0,1025
465,2022-06-21 12:27:00+05:30,214.9,214.9,214.9,214.9,0,1025
466,2022-06-21 12:28:00+05:30,214.9,214.9,214.9,214.9,0,1025
467,2022-06-21 12:29:00+05:30,214.9,214.9,214.9,214.9,0,1025
468,2022-06-21 12:30:00+05:30,214.9,214.9,214.9,214.9,0,1025
469,2022-06-21 12:31:00+05:30,214.9,214.9,214.9,214.9,0,1025
470,2022-06-21 12:32:00+05:30,214.9,214.9,214.9,214.9,0,1025
471,2022-06-21 12:33:00+05:30,214.9,214.9,214.9,214.9,0,1025
472,2022-06-21 12:34:00+05:30,214.9,214.9,214.9,214.9,0,1025
473,2022-06-21 12:35:00+05:30,214.9,214.9,214.9,214.9,0,1025
474,2022-06-21 12:36:00+05:30,214.9,214.9,214.9,214.9,0,1025
475,2022-06-21 12:37:00+05:30,214.9,214.9,214.9,214.9,0,1025
476,2022-06-21 12:38:00+05:30,214.9,214.9,214.9,214.9,0,1025
477,2022-06-21 12:39:00+05:30,214.9,214.9,214.9,214.9,0,1025
478,2022-06-21 12:40:00+05:30,214.9,214.9,214.9,214.9,0,1025
479,2022-06-21 12:41:00+05:30,214.9,214.9,214.9,214.9,0,1025
480,2022-06-21 12:42:00+05:30,214.9,214.9,214.9,214.9,0,1025
481,2022-06-21 12:43:00+05:30,214.9,214.9,214.9,214.9,0,1025
482,2022-06-21 12:44:00+05:30,214.9,214.9,214.9,214.9,0,1025
483,2022-06-21 12:45:00+05:30,214.9,214.9,214.9,214.9,0,1025
484,2022-06-21 12:46:00+05:30,214.9,214.9,214.9,214.9,0,1025
485,2022-06-21 12:47:00+05:30,214.9,214.9,214.9,214.9,0,1025
486,2022-06-21 12:48:00+05:30,214.9,214.9,214.9,214.9,0,1025
487,2022-06-21 12:49:00+05:30,214.9,214.9,214.9,214.9,0,1025
488,2022-06-21 12:50:00+05:30,214.9,214.9,214.9,214.9,0,1025
489,2022-06-21 12:51:00+05:30,214.9,214.9,214.9,214.9,0,1025
490,2022-06-21 12:52:00+05:30,214.9,214.9,214.9,214.9,0,1025
491,2022-06-21 12:53:00+05:30,214.9,214.9,214.9,214.9,0,1025
492,2022-06-21 12:54:00+05:30,214.9,214.9,214.9,214.9,0,1025
493,2022-06-21 12:55:00+05:30,214.9,214.9,214.9,214.9,0,1025
494,2022-06-21 12:56:00+05:30,214.9,214.9,214.9,214.9,0,1025
495,2022-06-21 12:57:00+05:30,214.9,214.9,214.9,214.9,0,1025
496,2022-06-21 12:58:00+05:30,214.9,214.9,214.9,214.9,0,1025
497,2022-06-21 12:59:00+05:30,214.9,214.9,214.9,214.9,0,1025
498,2022-06-21 13:00:00+05:30,214.9,214.9,214.9,214.9,0,1025
499,2022-06-21 13:01:00+05:30,214.9,214.9,214.9,214.9,0,1025
500,2022-06-21 13:02:00+05:30,214.9,214.9,214.9,214.9,0,1025
501,2022-06-21 13:03:00+05:30,214.9,214.9,214.9,214.9,0,1025
502,2022-06-21 13:04:00+05:30,214.9,214.9,214.9,214.9,0,1025
503,2022-06-21 13:05:00+05:30,214.9,214.9,214.9,214.9,0,1025
504,2022-06-21 13:06:00+05:30,214.9,214.9,193.0,193.0,0,1150
505,2022-06-21 13:07:00+05:30,193.0,193.0,193.0,193.0,25,1150
506,2022-06-21 13:08:00+05:30,193.0,193.0,193.0,193.0,0,1150
507,2022-06-21 13:09:00+05:30,193.0,193.0,193.0,193.0,0,1150
508,2022-06-21 13:10:00+05:30,193.0,193.0,193.0,193.0,0,1150
509,2022-06-21 13:11:00+05:30,193.0,193.0,193.0,193.0,0,1150
510,2022-06-21 13:12:00+05:30,193.0,193.0,193.0,193.0,0,1150
511,2022-06-21 13:13:00+05:30,193.0,193.0,193.0,193.0,0,1150
512,2022-06-21 13:14:00+05:30,193.0,193.0,193.0,193.0,0,1150
513,2022-06-21 13:15:00+05:30,193.0,193.0,193.0,193.0,0,1150
514,2022-06-21 13:16:00+05:30,193.0,193.0,193.0,193.0,0,1150
515,2022-06-21 13:17:00+05:30,193.0,193.0,193.0,193.0,0,1150
516,2022-06-21 13:18:00+05:30,193.0,193.0,193.0,193.0,0,1150
517,2022-06-21 13:19:00+05:30,193.0,193.0,178.3,178.3,25,1150
518,2022-06-21 13:20:00+05:30,178.3,178.3,178.3,178.3,0,1150
519,2022-06-21 13:21:00+05:30,178.3,178.3,178.3,178.3,0,1150
520,2022-06-21 13:22:00+05:30,178.3,178.3,178.3,178.3,0,1150
521,2022-06-21 13:23:00+05:30,178.3,178.3,178.3,178.3,0,1150
522,2022-06-21 13:24:00+05:30,178.3,178.3,178.3,178.3,0,1150
523,2022-06-21 13:25:00+05:30,178.3,178.3,178.3,178.3,0,1150
524,2022-06-21 13:26:00+05:30,178.3,178.3,178.3,178.3,0,1150
525,2022-06-21 13:27:00+05:30,178.3,178.3,178.3,178.3,0,1150
526,2022-06-21 13:28:00+05:30,178.3,178.3,178.3,178.3,0,1150
527,2022-06-21 13:29:00+05:30,178.3,178.3,178.3,178.3,0,1150
528,2022-06-21 13:30:00+05:30,178.3,178.3,178.3,178.3,0,1150
529,2022-06-21 13:31:00+05:30,178.3,178.3,178.3,178.3,0,1150
530,2022-06-21 13:32:00+05:30,178.3,178.3,178.3,178.3,0,1150
531,2022-06-21 13:33:00+05:30,178.3,178.3,178.3,178.3,0,1150
532,2022-06-21 13:34:00+05:30,178.3,178.3,178.3,178.3,0,1150
533,2022-06-21 13:35:00+05:30,178.3,178.3,178.3,178.3,0,1150
534,2022-06-21 13:36:00+05:30,178.3,178.3,178.3,178.3,0,1150
535,2022-06-21 13:37:00+05:30,178.3,178.3,178.3,178.3,0,1150
536,2022-06-21 13:38:00+05:30,178.3,178.3,178.3,178.3,0,1150
537,2022-06-21 13:39:00+05:30,178.3,178.3,178.3,178.3,0,1150
538,2022-06-21 13:40:00+05:30,178.3,178.3,178.3,178.3,0,1150
539,2022-06-21 13:41:00+05:30,178.3,178.3,178.3,178.3,0,1150
540,2022-06-21 13:42:00+05:30,178.3,178.3,178.3,178.3,0,1150
541,2022-06-21 13:43:00+05:30,178.3,178.3,178.3,178.3,0,1150
542,2022-06-21 13:44:00+05:30,178.3,178.3,178.3,178.3,0,1150
543,2022-06-21 13:45:00+05:30,178.3,178.3,178.3,178.3,0,1150
544,2022-06-21 13:46:00+05:30,178.3,178.3,178.3,178.3,0,1150
545,2022-06-21 13:47:00+05:30,178.3,178.3,178.3,178.3,0,1150
546,2022-06-21 13:48:00+05:30,178.3,178.3,178.3,178.3,0,1150
547,2022-06-21 13:49:00+05:30,178.3,178.3,178.3,178.3,0,1150
548,2022-06-21 13:50:00+05:30,178.3,178.3,178.3,178.3,0,1150
549,2022-06-21 13:51:00+05:30,178.3,178.3,178.3,178.3,0,1150
550,2022-06-21 13:52:00+05:30,178.3,178.3,178.3,178.3,0,1150
551,2022-06-21 13:53:00+05:30,178.3,178.3,178.3,178.3,0,1150
552,2022-06-21 13:54:00+05:30,178.3,178.3,178.3,178.3,0,1150
553,2022-06-21 13:55:00+05:30,178.3,178.3,178.3,178.3,0,1150
554,2022-06-21 13:56:00+05:30,178.3,178.3,178.3,178.3,0,1150
555,2022-06-21 13:57:00+05:30,178.3,178.3,178.3,178.3,0,1150
556,2022-06-21 13:58:00+05:30,178.3,178.3,178.3,178.3,0,1150
557,2022-06-21 13:59:00+05:30,178.3,178.3,178.3,178.3,0,1150
558,2022-06-21 14:00:00+05:30,178.3,178.3,178.3,178.3,0,1150
559,2022-06-21 14:01:00+05:30,178.3,178.3,178.3,178.3,0,1150
560,2022-06-21 14:02:00+05:30,178.3,178.3,178.3,178.3,0,1150
561,2022-06-21 14:03:00+05:30,178.3,178.3,178.3,178.3,0,1150
562,2022-06-21 14:04:00+05:30,178.3,178.3,178.3,178.3,0,1150
563,2022-06-21 14:05:00+05:30,178.3,178.3,178.3,178.3,0,1150
564,2022-06-21 14:06:00+05:30,178.3,178.3,178.3,178.3,0,1150
565,2022-06-21 14:07:00+05:30,178.3,178.3,178.3,178.3,0,1150
566,2022-06-21 14:08:00+05:30,178.3,178.3,178.3,178.3,0,1150
567,2022-06-21 14:09:00+05:30,178.3,178.3,178.3,178.3,0,1150
568,2022-06-21 14:10:00+05:30,178.3,178.3,178.3,178.3,0,1150
569,2022-06-21 14:11:00+05:30,178.3,178.3,178.3,178.3,0,1150
570,2022-06-21 14:12:00+05:30,178.3,178.3,178.3,178.3,0,1150
571,2022-06-21 14:13:00+05:30,190.65,190.65,190.65,190.65,25,1125
572,2022-06-21 14:14:00+05:30,190.65,190.65,190.65,190.65,0,1125
573,2022-06-21 14:15:00+05:30,190.65,190.65,190.65,190.65,0,1125
574,2022-06-21 14:16:00+05:30,190.65,190.65,190.65,190.65,0,1125
575,2022-06-21 14:17:00+05:30,190.0,190.0,190.0,190.0,50,1125
576,2022-06-21 14:18:00+05:30,190.0,190.0,190.0,190.0,0,1125
577,2022-06-21 14:19:00+05:30,190.0,190.0,190.0,190.0,0,1125
578,2022-06-21 14:20:00+05:30,190.0,190.0,190.0,190.0,0,1125
579,2022-06-21 14:21:00+05:30,190.0,190.0,190.0,190.0,0,1125
580,2022-06-21 14:22:00+05:30,190.0,190.0,190.0,190.0,0,1125
581,2022-06-21 14:23:00+05:30,190.0,190.0,190.0,190.0,0,1125
582,2022-06-21 14:24:00+05:30,190.0,190.0,182.95,182.95,25,1125
583,2022-06-21 14:25:00+05:30,182.95,182.95,182.95,182.95,0,1125
584,2022-06-21 14:26:00+05:30,182.95,182.95,182.95,182.95,0,1125
585,2022-06-21 14:27:00+05:30,182.95,182.95,182.95,182.95,0,1125
586,2022-06-21 14:28:00+05:30,182.95,182.95,182.95,182.95,0,1125
587,2022-06-21 14:29:00+05:30,182.95,182.95,182.95,182.95,0,1125
588,2022-06-21 14:30:00+05:30,182.95,182.95,182.95,182.95,0,1125
589,2022-06-21 14:31:00+05:30,182.95,182.95,182.95,182.95,0,1125
590,2022-06-21 14:32:00+05:30,182.95,182.95,182.95,182.95,0,1125
591,2022-06-21 14:33:00+05:30,182.95,182.95,182.95,182.95,0,1125
592,2022-06-21 14:34:00+05:30,182.95,182.95,182.95,182.95,0,1125
593,2022-06-21 14:35:00+05:30,182.95,182.95,182.95,182.95,0,1125
594,2022-06-21 14:36:00+05:30,182.95,182.95,182.95,182.95,0,1125
595,2022-06-21 14:37:00+05:30,182.95,182.95,182.95,182.95,0,1125
596,2022-06-21 14:38:00+05:30,182.95,182.95,182.95,182.95,0,1125
597,2022-06-21 14:39:00+05:30,182.95,182.95,182.95,182.95,0,1125
598,2022-06-21 14:40:00+05:30,182.95,182.95,182.95,182.95,0,1125
599,2022-06-21 14:41:00+05:30,182.95,182.95,182.95,182.95,0,1125
600,2022-06-21 14:42:00+05:30,182.95,182.95,182.95,182.95,0,1125
601,2022-06-21 14:43:00+05:30,182.95,182.95,182.95,182.95,0,1125
602,2022-06-21 14:44:00+05:30,182.95,182.95,182.95,182.95,0,1125
603,2022-06-21 14:45:00+05:30,182.95,182.95,182.95,182.95,0,1125
604,2022-06-21 14:46:00+05:30,182.95,182.95,182.95,182.95,0,1125
605,2022-06-21 14:47:00+05:30,182.95,182.95,182.95,182.95,0,1125
606,2022-06-21 14:48:00+05:30,182.95,182.95,182.95,182.95,0,1125
607,2022-06-21 14:49:00+05:30,182.95,182.95,182.95,182.95,0,1125
608,2022-06-21 14:50:00+05:30,182.95,182.95,182.95,182.95,0,1125
609,2022-06-21 14:51:00+05:30,182.95,182.95,182.95,182.95,0,1125
610,2022-06-21 14:52:00+05:30,182.95,182.95,182.95,182.95,0,1125
611,2022-06-21 14:53:00+05:30,182.95,182.95,182.95,182.95,0,1125
612,2022-06-21 14:54:00+05:30,182.95,182.95,182.95,182.95,0,1125
613,2022-06-21 14:55:00+05:30,182.95,182.95,182.95,182.95,0,1125
614,2022-06-21 14:56:00+05:30,182.95,182.95,182.95,182.95,0,1125
615,2022-06-21 14:57:00+05:30,182.95,182.95,182.95,182.95,0,1125
616,2022-06-21 14:58:00+05:30,182.95,182.95,182.95,182.95,0,1125
617,2022-06-21 14:59:00+05:30,182.95,182.95,182.95,182.95,0,1125
618,2022-06-21 15:00:00+05:30,182.95,182.95,182.95,182.95,0,1125
619,2022-06-21 15:01:00+05:30,182.95,182.95,182.95,182.95,0,1125
620,2022-06-21 15:02:00+05:30,182.95,182.95,182.95,182.95,0,1125
621,2022-06-21 15:03:00+05:30,182.95,182.95,182.95,182.95,0,1125
622,2022-06-21 15:04:00+05:30,182.95,182.95,182.95,182.95,0,1125
623,2022-06-21 15:05:00+05:30,182.95,182.95,182.95,182.95,0,1125
624,2022-06-21 15:06:00+05:30,182.95,182.95,182.95,182.95,0,1125
625,2022-06-21 15:07:00+05:30,182.95,182.95,182.95,182.95,0,1125
626,2022-06-21 15:08:00+05:30,182.95,182.95,182.95,182.95,0,1125
627,2022-06-21 15:09:00+05:30,182.95,182.95,182.95,182.95,0,1125
628,2022-06-21 15:10:00+05:30,182.95,182.95,182.95,182.95,0,1125
629,2022-06-21 15:11:00+05:30,182.95,182.95,182.95,182.95,0,1125
630,2022-06-21 15:12:00+05:30,182.95,182.95,182.95,182.95,0,1125
631,2022-06-21 15:13:00+05:30,182.95,182.95,182.95,182.95,0,1125
632,2022-06-21 15:14:00+05:30,182.95,182.95,182.95,182.95,0,1125
633,2022-06-21 15:15:00+05:30,182.95,182.95,182.95,182.95,0,1125
634,2022-06-21 15:16:00+05:30,182.95,182.95,182.95,182.95,0,1125
635,2022-06-21 15:17:00+05:30,182.95,182.95,182.95,182.95,0,1125
636,2022-06-21 15:18:00+05:30,182.95,182.95,182.95,182.95,0,1125
637,2022-06-21 15:19:00+05:30,182.95,182.95,182.95,182.95,0,1125
638,2022-06-21 15:20:00+05:30,182.95,182.95,182.95,182.95,0,1125
639,2022-06-21 15:21:00+05:30,182.95,182.95,182.95,182.95,0,1125
640,2022-06-21 15:22:00+05:30,182.95,182.95,182.95,182.95,0,1125
641,2022-06-21 15:23:00+05:30,182.95,182.95,182.95,182.95,0,1125
642,2022-06-21 15:24:00+05:30,182.95,182.95,182.95,182.95,0,1125
643,2022-06-21 15:25:00+05:30,182.95,182.95,182.95,182.95,0,1125
644,2022-06-21 15:26:00+05:30,182.95,182.95,182.95,182.95,0,1125
645,2022-06-21 15:27:00+05:30,182.95,182.95,182.95,182.95,0,1125
646,2022-06-21 15:28:00+05:30,182.95,182.95,182.95,182.95,0,1125
647,2022-06-21 15:29:00+05:30,182.95,182.95,182.95,182.95,0,1125
648,2022-06-22 09:15:00+05:30,241.4,241.4,241.4,241.4,0,0
649,2022-06-22 09:21:00+05:30,241.0,241.0,241.0,241.0,0,1125
650,2022-06-22 09:22:00+05:30,241.0,241.0,241.0,241.0,0,1125
651,2022-06-22 09:23:00+05:30,241.0,241.0,241.0,241.0,0,1125
652,2022-06-22 09:24:00+05:30,241.0,241.0,241.0,241.0,0,1125
653,2022-06-22 09:25:00+05:30,241.0,241.0,241.0,241.0,0,1125
654,2022-06-22 09:26:00+05:30,241.0,241.0,241.0,241.0,0,1125
655,2022-06-22 09:27:00+05:30,241.0,241.0,241.0,241.0,0,1125
656,2022-06-22 09:28:00+05:30,241.0,241.0,241.0,241.0,0,1125
657,2022-06-22 09:29:00+05:30,241.0,241.0,241.0,241.0,0,1125
658,2022-06-22 09:30:00+05:30,241.0,241.0,241.0,241.0,0,1125
659,2022-06-22 09:31:00+05:30,241.0,241.0,241.0,241.0,0,1125
660,2022-06-22 09:32:00+05:30,241.0,241.0,241.0,241.0,0,1125
661,2022-06-22 09:33:00+05:30,241.0,241.0,241.0,241.0,0,1125
662,2022-06-22 09:34:00+05:30,241.0,241.0,241.0,241.0,0,1125
663,2022-06-22 09:35:00+05:30,241.0,241.0,241.0,241.0,0,1125
664,2022-06-22 09:36:00+05:30,241.0,241.0,241.0,241.0,0,1125
665,2022-06-22 09:37:00+05:30,241.0,241.0,241.0,241.0,0,1125
666,2022-06-22 09:38:00+05:30,241.0,241.0,241.0,241.0,0,1125
667,2022-06-22 09:39:00+05:30,241.0,241.0,241.0,241.0,0,1125
668,2022-06-22 09:40:00+05:30,241.0,241.0,241.0,241.0,0,1125
669,2022-06-22 09:41:00+05:30,241.0,241.0,241.0,241.0,0,1125
670,2022-06-22 09:42:00+05:30,241.0,241.0,241.0,241.0,0,1125
671,2022-06-22 09:43:00+05:30,241.0,241.0,241.0,241.0,0,1125
672,2022-06-22 09:44:00+05:30,241.0,241.0,241.0,241.0,0,1125
673,2022-06-22 09:45:00+05:30,241.0,241.0,241.0,241.0,0,1125
674,2022-06-22 09:46:00+05:30,241.0,241.0,241.0,241.0,0,1125
675,2022-06-22 09:47:00+05:30,241.0,241.0,241.0,241.0,0,1125
676,2022-06-22 09:48:00+05:30,241.0,241.0,241.0,241.0,0,1125
677,2022-06-22 09:49:00+05:30,241.0,241.0,241.0,241.0,0,1125
678,2022-06-22 09:50:00+05:30,241.0,241.0,241.0,241.0,0,1125
679,2022-06-22 09:51:00+05:30,241.0,241.0,241.0,241.0,0,1125
680,2022-06-22 09:52:00+05:30,241.0,241.0,241.0,241.0,0,1125
681,2022-06-22 09:53:00+05:30,241.0,241.0,241.0,241.0,0,1125
682,2022-06-22 09:54:00+05:30,241.0,241.0,241.0,241.0,0,1125
683,2022-06-22 09:55:00+05:30,241.0,241.0,241.0,241.0,0,1125
684,2022-06-22 09:56:00+05:30,241.0,241.0,241.0,241.0,0,1125
685,2022-06-22 09:57:00+05:30,241.0,241.0,241.0,241.0,0,1125
686,2022-06-22 09:58:00+05:30,241.0,241.0,241.0,241.0,0,1125
687,2022-06-22 09:59:00+05:30,241.0,241.0,241.0,241.0,0,1125
688,2022-06-22 10:00:00+05:30,241.0,241.0,241.0,241.0,0,1125
689,2022-06-22 10:01:00+05:30,241.0,241.0,241.0,241.0,0,1125
690,2022-06-22 10:02:00+05:30,241.0,241.0,241.0,241.0,0,1125
691,2022-06-22 10:03:00+05:30,241.0,241.0,241.0,241.0,0,1125
692,2022-06-22 10:04:00+05:30,241.0,241.0,241.0,241.0,0,1125
693,2022-06-22 10:05:00+05:30,241.0,241.0,241.0,241.0,0,1125
694,2022-06-22 10:06:00+05:30,241.0,241.0,241.0,241.0,0,1125
695,2022-06-22 10:07:00+05:30,241.0,241.0,241.0,241.0,0,1125
696,2022-06-22 10:08:00+05:30,241.0,241.0,241.0,241.0,0,1125
697,2022-06-22 10:09:00+05:30,241.0,241.0,241.0,241.0,0,1125
698,2022-06-22 10:10:00+05:30,241.0,241.0,241.0,241.0,0,1125
699,2022-06-22 10:11:00+05:30,241.0,241.0,241.0,241.0,0,1125
700,2022-06-22 10:12:00+05:30,241.0,241.0,241.0,241.0,0,1125
701,2022-06-22 10:13:00+05:30,241.0,241.0,241.0,241.0,0,1125
702,2022-06-22 10:14:00+05:30,241.0,241.0,241.0,241.0,0,1125
703,2022-06-22 10:15:00+05:30,241.0,241.0,241.0,241.0,0,1125
704,2022-06-22 10:16:00+05:30,241.0,241.0,241.0,241.0,0,1125
705,2022-06-22 10:17:00+05:30,241.0,241.0,241.0,241.0,0,1125
706,2022-06-22 10:18:00+05:30,241.0,241.0,241.0,241.0,0,1125
707,2022-06-22 10:19:00+05:30,241.0,241.0,241.0,241.0,0,1125
708,2022-06-22 10:20:00+05:30,241.0,241.0,241.0,241.0,0,1125
709,2022-06-22 10:21:00+05:30,241.0,241.0,241.0,241.0,0,1125
710,2022-06-22 10:22:00+05:30,241.0,241.0,241.0,241.0,0,1125
711,2022-06-22 10:23:00+05:30,241.0,241.0,241.0,241.0,0,1125
712,2022-06-22 10:24:00+05:30,241.0,241.0,241.0,241.0,0,1125
713,2022-06-22 10:25:00+05:30,241.0,241.0,241.0,241.0,0,1125
714,2022-06-22 10:26:00+05:30,241.0,241.0,241.0,241.0,0,1125
715,2022-06-22 10:27:00+05:30,241.0,241.0,241.0,241.0,0,1125
716,2022-06-22 10:28:00+05:30,241.0,241.0,241.0,241.0,0,1125
717,2022-06-22 10:29:00+05:30,241.0,241.0,241.0,241.0,0,1125
718,2022-06-22 10:30:00+05:30,241.0,241.0,241.0,241.0,0,1125
719,2022-06-22 10:31:00+05:30,241.0,241.0,241.0,241.0,0,1125
720,2022-06-22 10:32:00+05:30,241.0,241.0,241.0,241.0,0,1125
721,2022-06-22 10:33:00+05:30,241.0,241.0,241.0,241.0,0,1125
722,2022-06-22 10:34:00+05:30,241.0,241.0,241.0,241.0,0,1125
723,2022-06-22 10:35:00+05:30,241.0,241.0,241.0,241.0,0,1125
724,2022-06-22 10:36:00+05:30,241.0,241.0,241.0,241.0,0,1125
725,2022-06-22 10:37:00+05:30,241.0,241.0,241.0,241.0,0,1125
726,2022-06-22 10:38:00+05:30,241.0,241.0,241.0,241.0,0,1125
727,2022-06-22 10:39:00+05:30,241.0,241.0,241.0,241.0,0,1125
728,2022-06-22 10:40:00+05:30,241.0,241.0,241.0,241.0,0,1125
729,2022-06-22 10:41:00+05:30,241.0,241.0,241.0,241.0,0,1125
730,2022-06-22 10:42:00+05:30,241.0,241.0,241.0,241.0,0,1125
731,2022-06-22 10:43:00+05:30,241.0,241.0,241.0,241.0,0,1125
732,2022-06-22 10:44:00+05:30,241.0,241.0,241.0,241.0,0,1125
733,2022-06-22 10:45:00+05:30,241.0,241.0,241.0,241.0,0,1125
734,2022-06-22 10:46:00+05:30,241.0,241.0,241.0,241.0,0,1125
735,2022-06-22 10:47:00+05:30,241.0,241.0,241.0,241.0,0,1125
736,2022-06-22 10:48:00+05:30,241.0,241.0,241.0,241.0,0,1125
737,2022-06-22 10:49:00+05:30,241.0,241.0,241.0,241.0,0,1125
738,2022-06-22 10:50:00+05:30,241.0,241.0,241.0,241.0,0,1125
739,2022-06-22 10:51:00+05:30,241.0,241.0,241.0,241.0,0,1125
740,2022-06-22 10:52:00+05:30,241.0,241.0,241.0,241.0,0,1125
741,2022-06-22 10:53:00+05:30,241.0,241.0,241.0,241.0,0,1125
742,2022-06-22 10:54:00+05:30,241.0,241.0,241.0,241.0,0,1125
743,2022-06-22 10:55:00+05:30,241.0,241.0,241.0,241.0,0,1125
744,2022-06-22 10:56:00+05:30,241.0,241.0,241.0,241.0,0,1125
745,2022-06-22 10:57:00+05:30,241.0,241.0,241.0,241.0,0,1125
746,2022-06-22 10:58:00+05:30,241.0,241.0,241.0,241.0,0,1125
747,2022-06-22 10:59:00+05:30,241.0,241.0,241.0,241.0,0,1125
748,2022-06-22 11:00:00+05:30,241.0,241.0,241.0,241.0,0,1125
749,2022-06-22 11:01:00+05:30,241.0,241.0,241.0,241.0,0,1125
750,2022-06-22 11:02:00+05:30,241.0,241.0,241.0,241.0,0,1125
751,2022-06-22 11:03:00+05:30,241.0,241.0,241.0,241.0,0,1125
752,2022-06-22 11:04:00+05:30,241.0,241.0,241.0,241.0,0,1125
753,2022-06-22 11:05:00+05:30,241.0,241.0,241.0,241.0,0,1125
754,2022-06-22 11:06:00+05:30,241.0,241.0,241.0,241.0,0,1125
755,2022-06-22 11:07:00+05:30,241.0,241.0,241.0,241.0,0,1125
756,2022-06-22 11:08:00+05:30,241.0,241.0,241.0,241.0,0,1125
757,2022-06-22 11:09:00+05:30,241.0,241.0,241.0,241.0,0,1125
758,2022-06-22 11:10:00+05:30,241.0,241.0,241.0,241.0,0,1125
759,2022-06-22 11:11:00+05:30,241.0,241.0,241.0,241.0,0,1125
760,2022-06-22 11:12:00+05:30,241.0,241.0,241.0,241.0,0,1125
761,2022-06-22 11:13:00+05:30,241.0,241.0,241.0,241.0,0,1125
762,2022-06-22 11:14:00+05:30,241.0,241.0,241.0,241.0,0,1125
763,2022-06-22 11:15:00+05:30,241.0,241.0,241.0,241.0,0,1125
764,2022-06-22 11:16:00+05:30,241.0,241.0,241.0,241.0,0,1125
765,2022-06-22 11:17:00+05:30,241.0,241.0,241.0,241.0,0,1125
766,2022-06-22 11:18:00+05:30,241.0,241.0,241.0,241.0,0,1125
767,2022-06-22 11:19:00+05:30,241.0,241.0,241.0,241.0,0,1125
768,2022-06-22 11:20:00+05:30,241.0,241.0,241.0,241.0,0,1125
769,2022-06-22 11:21:00+05:30,241.0,241.0,241.0,241.0,0,1125
770,2022-06-22 11:22:00+05:30,241.0,241.0,241.0,241.0,0,1125
771,2022-06-22 11:23:00+05:30,241.0,241.0,241.0,241.0,0,1125
772,2022-06-22 11:24:00+05:30,241.0,241.0,241.0,241.0,0,1125
773,2022-06-22 11:25:00+05:30,241.0,241.0,241.0,241.0,0,1125
774,2022-06-22 11:26:00+05:30,241.0,241.0,241.0,241.0,0,1125
775,2022-06-22 11:27:00+05:30,241.0,241.0,241.0,241.0,0,1125
776,2022-06-22 11:28:00+05:30,241.0,241.0,241.0,241.0,0,1125
777,2022-06-22 11:29:00+05:30,241.0,241.0,241.0,241.0,0,1125
778,2022-06-22 11:30:00+05:30,241.0,241.0,241.0,241.0,0,1125
779,2022-06-22 11:31:00+05:30,241.0,241.0,241.0,241.0,0,1125
780,2022-06-22 11:32:00+05:30,241.0,241.0,241.0,241.0,0,1125
781,2022-06-22 11:33:00+05:30,241.0,241.0,241.0,241.0,0,1125
782,2022-06-22 11:34:00+05:30,241.0,241.0,241.0,241.0,0,1125
783,2022-06-22 11:35:00+05:30,241.0,241.0,241.0,241.0,0,1125
784,2022-06-22 11:36:00+05:30,241.0,241.0,241.0,241.0,0,1125
785,2022-06-22 11:37:00+05:30,241.0,241.0,241.0,241.0,0,1125
786,2022-06-22 11:38:00+05:30,241.0,241.0,241.0,241.0,0,1125
787,2022-06-22 11:39:00+05:30,241.0,241.0,241.0,241.0,0,1125
788,2022-06-22 11:40:00+05:30,241.0,241.0,241.0,241.0,0,1125
789,2022-06-22 11:41:00+05:30,241.0,241.0,241.0,241.0,0,1125
790,2022-06-22 11:42:00+05:30,241.0,241.0,241.0,241.0,0,1125
791,2022-06-22 11:43:00+05:30,241.0,241.0,241.0,241.0,0,1125
792,2022-06-22 11:44:00+05:30,241.0,241.0,241.0,241.0,0,1125
793,2022-06-22 11:45:00+05:30,241.0,241.0,241.0,241.0,0,1125
794,2022-06-22 11:46:00+05:30,241.0,241.0,241.0,241.0,0,1125
795,2022-06-22 11:47:00+05:30,241.0,241.0,241.0,241.0,0,1125
796,2022-06-22 11:48:00+05:30,241.0,241.0,241.0,241.0,0,1125
797,2022-06-22 11:49:00+05:30,241.0,241.0,241.0,241.0,0,1125
798,2022-06-22 11:50:00+05:30,241.0,241.0,241.0,241.0,0,1125
799,2022-06-22 11:51:00+05:30,241.0,241.0,241.0,241.0,0,1125
800,2022-06-22 11:52:00+05:30,241.0,241.0,241.0,241.0,0,1125
801,2022-06-22 11:53:00+05:30,241.0,241.0,241.0,241.0,0,1125
802,2022-06-22 11:54:00+05:30,241.0,241.0,241.0,241.0,0,1125
803,2022-06-22 11:55:00+05:30,241.0,241.0,241.0,241.0,0,1125
804,2022-06-22 11:56:00+05:30,241.0,241.0,241.0,241.0,0,1125
805,2022-06-22 11:57:00+05:30,241.0,241.0,241.0,241.0,0,1125
806,2022-06-22 11:58:00+05:30,241.0,241.0,241.0,241.0,0,1125
807,2022-06-22 11:59:00+05:30,241.0,241.0,241.0,241.0,0,1125
808,2022-06-22 12:00:00+05:30,241.0,241.0,241.0,241.0,0,1125
809,2022-06-22 12:01:00+05:30,241.0,241.0,241.0,241.0,0,1125
810,2022-06-22 12:02:00+05:30,241.0,241.0,241.0,241.0,0,1125
811,2022-06-22 12:03:00+05:30,241.0,241.0,241.0,241.0,0,1125
812,2022-06-22 12:04:00+05:30,241.0,241.0,241.0,241.0,0,1125
813,2022-06-22 12:05:00+05:30,241.0,241.0,241.0,241.0,0,1125
814,2022-06-22 12:06:00+05:30,241.0,241.0,241.0,241.0,0,1125
815,2022-06-22 12:07:00+05:30,241.0,241.0,241.0,241.0,0,1125
816,2022-06-22 12:08:00+05:30,241.0,241.0,241.0,241.0,0,1125
817,2022-06-22 12:09:00+05:30,241.0,241.0,241.0,241.0,0,1125
818,2022-06-22 12:10:00+05:30,241.0,241.0,241.0,241.0,0,1125
819,2022-06-22 12:11:00+05:30,241.0,241.0,241.0,241.0,0,1125
820,2022-06-22 12:12:00+05:30,241.0,241.0,241.0,241.0,0,1125
821,2022-06-22 12:13:00+05:30,241.0,241.0,241.0,241.0,0,1125
822,2022-06-22 12:14:00+05:30,241.0,241.0,241.0,241.0,0,1125
823,2022-06-22 12:15:00+05:30,241.0,241.0,241.0,241.0,0,1125
824,2022-06-22 12:16:00+05:30,241.0,241.0,241.0,241.0,0,1125
825,2022-06-22 12:17:00+05:30,241.0,241.0,241.0,241.0,0,1125
826,2022-06-22 12:18:00+05:30,241.0,241.0,241.0,241.0,0,1125
827,2022-06-22 12:19:00+05:30,280.7,280.7,280.7,280.7,25,1025
828,2022-06-22 12:20:00+05:30,280.7,280.7,280.7,280.7,0,1025
829,2022-06-22 12:21:00+05:30,280.7,280.7,280.7,280.7,0,1025
830,2022-06-22 12:22:00+05:30,280.7,280.7,280.7,280.7,0,1025
831,2022-06-22 12:23:00+05:30,280.7,280.7,280.7,280.7,0,1025
832,2022-06-22 12:24:00+05:30,280.7,280.7,280.7,280.7,0,1025
833,2022-06-22 12:25:00+05:30,280.7,280.7,280.7,280.7,0,1025
834,2022-06-22 12:26:00+05:30,280.7,280.7,280.7,280.7,0,1025
835,2022-06-22 12:27:00+05:30,280.7,280.7,280.7,280.7,0,1025
836,2022-06-22 12:28:00+05:30,280.7,280.7,280.7,280.7,0,1025
837,2022-06-22 12:29:00+05:30,280.7,280.7,280.7,280.7,0,1025
838,2022-06-22 12:30:00+05:30,280.7,280.7,280.7,280.7,0,1025
839,2022-06-22 12:31:00+05:30,280.7,280.7,280.7,280.7,0,1025
840,2022-06-22 12:32:00+05:30,280.7,280.7,280.7,280.7,0,1025
841,2022-06-22 12:33:00+05:30,280.7,280.7,280.7,280.7,0,1025
842,2022-06-22 12:34:00+05:30,280.7,280.7,280.7,280.7,0,1025
843,2022-06-22 12:35:00+05:30,280.7,280.7,280.7,280.7,0,1025
844,2022-06-22 12:36:00+05:30,280.7,280.7,280.7,280.7,0,1025
845,2022-06-22 12:37:00+05:30,280.7,280.7,280.7,280.7,0,1025
846,2022-06-22 12:38:00+05:30,280.7,280.7,280.7,280.7,0,1025
847,2022-06-22 12:39:00+05:30,280.7,280.7,280.7,280.7,0,1025
848,2022-06-22 12:40:00+05:30,280.7,280.7,280.7,280.7,0,1025
849,2022-06-22 12:41:00+05:30,280.7,280.7,280.7,280.7,0,1025
850,2022-06-22 12:42:00+05:30,280.7,280.7,280.7,280.7,0,1025
851,2022-06-22 12:43:00+05:30,280.7,280.7,280.7,280.7,0,1025
852,2022-06-22 12:44:00+05:30,280.7,280.7,280.7,280.7,0,1025
853,2022-06-22 12:45:00+05:30,280.7,280.7,280.7,280.7,0,1025
854,2022-06-22 12:46:00+05:30,280.7,280.7,280.7,280.7,0,1025
855,2022-06-22 12:47:00+05:30,280.7,280.7,280.7,280.7,0,1025
856,2022-06-22 12:48:00+05:30,280.7,280.7,280.7,280.7,0,1025
857,2022-06-22 12:49:00+05:30,280.7,280.7,280.7,280.7,0,1025
858,2022-06-22 12:50:00+05:30,280.7,280.7,280.7,280.7,0,1025
859,2022-06-22 12:51:00+05:30,280.7,280.7,280.7,280.7,0,1025
860,2022-06-22 12:52:00+05:30,280.7,280.7,280.7,280.7,0,1025
861,2022-06-22 12:53:00+05:30,280.7,280.7,280.7,280.7,0,1025
862,2022-06-22 12:54:00+05:30,280.7,280.7,280.7,280.7,0,1025
863,2022-06-22 12:55:00+05:30,280.7,280.7,280.7,280.7,0,1025
864,2022-06-22 12:56:00+05:30,280.7,280.7,280.7,280.7,0,1025
865,2022-06-22 12:57:00+05:30,280.7,280.7,280.7,280.7,0,1025
866,2022-06-22 12:58:00+05:30,280.7,280.7,280.7,280.7,0,1025
867,2022-06-22 12:59:00+05:30,280.7,280.7,280.7,280.7,0,1025
868,2022-06-22 13:00:00+05:30,280.7,280.7,280.7,280.7,0,1025
869,2022-06-22 13:01:00+05:30,280.7,280.7,280.7,280.7,0,1025
870,2022-06-22 13:02:00+05:30,280.7,280.7,280.7,280.7,0,1025
871,2022-06-22 13:03:00+05:30,280.7,280.7,280.7,280.7,0,1025
872,2022-06-22 13:04:00+05:30,280.7,280.7,277.05,277.05,0,1025
873,2022-06-22 13:05:00+05:30,277.05,277.05,277.05,277.05,25,1025
874,2022-06-22 13:06:00+05:30,277.05,277.05,277.05,277.05,0,1025
875,2022-06-22 13:07:00+05:30,277.05,277.05,277.05,277.05,0,1025
876,2022-06-22 13:08:00+05:30,277.05,277.05,277.05,277.05,0,1025
877,2022-06-22 13:09:00+05:30,277.05,277.05,277.05,277.05,0,1025
878,2022-06-22 13:10:00+05:30,277.05,277.05,277.05,277.05,0,1025
879,2022-06-22 13:11:00+05:30,277.05,277.05,277.05,277.05,0,1025
880,2022-06-22 13:12:00+05:30,277.05,277.05,277.05,277.05,0,1025
881,2022-06-22 13:13:00+05:30,277.05,277.05,277.05,277.05,0,1025
882,2022-06-22 13:14:00+05:30,277.05,277.05,277.05,277.05,0,1025
883,2022-06-22 13:15:00+05:30,277.05,277.05,277.05,277.05,0,1025
884,2022-06-22 13:16:00+05:30,277.05,277.05,277.05,277.05,0,1025
885,2022-06-22 13:17:00+05:30,277.05,277.05,277.05,277.05,0,1025
886,2022-06-22 13:18:00+05:30,277.05,277.05,277.05,277.05,0,1025
887,2022-06-22 13:19:00+05:30,277.05,277.05,277.05,277.05,0,1025
888,2022-06-22 13:20:00+05:30,277.05,277.05,277.05,277.05,0,1025
889,2022-06-22 13:21:00+05:30,277.05,277.05,277.05,277.05,0,1025
890,2022-06-22 13:22:00+05:30,277.05,277.05,277.05,277.05,0,1025
891,2022-06-22 13:23:00+05:30,277.05,277.05,277.05,277.05,0,1025
892,2022-06-22 13:24:00+05:30,277.05,277.05,277.05,277.05,0,1025
893,2022-06-22 13:25:00+05:30,277.05,277.05,277.05,277.05,0,1025
894,2022-06-22 13:26:00+05:30,277.05,277.05,277.05,277.05,0,1025
895,2022-06-22 13:27:00+05:30,277.05,277.05,277.05,277.05,0,1025
896,2022-06-22 13:28:00+05:30,277.05,277.05,277.05,277.05,0,1025
897,2022-06-22 13:29:00+05:30,277.05,277.05,277.05,277.05,0,1025
898,2022-06-22 13:30:00+05:30,277.05,277.05,277.05,277.05,0,1025
899,2022-06-22 13:31:00+05:30,277.05,287.8,277.05,287.8,25,1025
900,2022-06-22 13:32:00+05:30,287.8,287.8,287.8,287.8,0,1025
901,2022-06-22 13:33:00+05:30,287.8,287.8,287.8,287.8,0,1025
902,2022-06-22 13:34:00+05:30,287.8,287.8,287.8,287.8,0,1025
903,2022-06-22 13:35:00+05:30,287.8,287.8,287.8,287.8,0,1025
904,2022-06-22 13:36:00+05:30,287.8,287.8,287.8,287.8,0,1025
905,2022-06-22 13:37:00+05:30,287.8,287.8,287.8,287.8,0,1025
906,2022-06-22 13:38:00+05:30,287.8,287.8,287.8,287.8,0,1025
907,2022-06-22 13:39:00+05:30,287.8,287.8,287.8,287.8,0,1025
908,2022-06-22 13:40:00+05:30,287.8,287.8,287.8,287.8,0,1025
909,2022-06-22 13:41:00+05:30,287.8,287.8,287.8,287.8,0,1025
910,2022-06-22 13:42:00+05:30,287.8,287.8,287.8,287.8,0,1025
911,2022-06-22 13:43:00+05:30,287.8,287.8,287.8,287.8,0,1025
912,2022-06-22 13:44:00+05:30,287.8,287.8,287.8,287.8,0,1025
913,2022-06-22 13:45:00+05:30,287.8,287.8,287.8,287.8,0,1025
914,2022-06-22 13:46:00+05:30,287.8,287.8,287.8,287.8,0,1025
915,2022-06-22 13:47:00+05:30,287.8,287.8,287.8,287.8,0,1025
916,2022-06-22 13:48:00+05:30,287.8,287.8,287.8,287.8,0,1025
917,2022-06-22 13:49:00+05:30,287.8,287.8,287.8,287.8,0,1025
918,2022-06-22 13:50:00+05:30,287.8,287.8,287.8,287.8,0,1025
919,2022-06-22 13:51:00+05:30,287.8,287.8,287.8,287.8,0,1025
920,2022-06-22 13:52:00+05:30,287.8,287.8,287.8,287.8,0,1025
921,2022-06-22 13:53:00+05:30,287.8,287.8,287.8,287.8,0,1025
922,2022-06-22 13:54:00+05:30,287.8,287.8,287.8,287.8,0,1025
923,2022-06-22 13:55:00+05:30,287.8,287.8,287.8,287.8,0,1025
924,2022-06-22 13:56:00+05:30,287.8,287.8,287.8,287.8,0,1025
925,2022-06-22 13:57:00+05:30,287.8,287.8,287.8,287.8,0,1025
926,2022-06-22 13:58:00+05:30,287.8,287.8,287.8,287.8,0,1025
927,2022-06-22 13:59:00+05:30,287.8,287.8,287.8,287.8,0,1025
928,2022-06-22 14:00:00+05:30,287.8,287.8,287.8,287.8,0,1025
929,2022-06-22 14:01:00+05:30,287.8,287.8,287.8,287.8,0,1025
930,2022-06-22 14:02:00+05:30,287.8,287.8,287.8,287.8,0,1025
931,2022-06-22 14:03:00+05:30,287.8,287.8,287.8,287.8,0,1025
932,2022-06-22 14:04:00+05:30,287.8,287.8,287.8,287.8,0,1025
933,2022-06-22 14:05:00+05:30,287.8,287.8,287.8,287.8,0,1025
934,2022-06-22 14:06:00+05:30,287.8,287.8,287.8,287.8,0,1025
935,2022-06-22 14:07:00+05:30,287.8,287.8,287.8,287.8,0,1025
936,2022-06-22 14:08:00+05:30,287.8,287.8,287.8,287.8,0,1025
937,2022-06-22 14:09:00+05:30,287.8,287.8,287.8,287.8,0,1025
938,2022-06-22 14:10:00+05:30,287.8,287.8,287.8,287.8,0,1025
939,2022-06-22 14:11:00+05:30,287.8,287.8,287.8,287.8,0,1025
940,2022-06-22 14:12:00+05:30,287.8,287.8,287.8,287.8,0,1025
941,2022-06-22 14:13:00+05:30,287.8,287.8,287.8,287.8,0,1025
942,2022-06-22 14:14:00+05:30,287.8,287.8,287.8,287.8,0,1025
943,2022-06-22 14:15:00+05:30,287.8,287.8,287.8,287.8,0,1025
944,2022-06-22 14:16:00+05:30,287.8,287.8,287.8,287.8,0,1025
945,2022-06-22 14:17:00+05:30,287.8,287.8,287.8,287.8,0,1025
946,2022-06-22 14:18:00+05:30,287.8,287.8,287.8,287.8,0,1025
947,2022-06-22 14:19:00+05:30,287.8,287.8,287.8,287.8,0,1025
948,2022-06-22 14:20:00+05:30,287.8,287.8,287.8,287.8,0,1025
949,2022-06-22 14:21:00+05:30,287.8,287.8,287.8,287.8,0,1025
950,2022-06-22 14:22:00+05:30,287.8,287.8,287.8,287.8,0,1025
951,2022-06-22 14:23:00+05:30,287.8,287.8,287.8,287.8,0,1025
952,2022-06-22 14:24:00+05:30,287.8,287.8,287.8,287.8,0,1025
953,2022-06-22 14:25:00+05:30,287.8,287.8,287.8,287.8,0,1025
954,2022-06-22 14:26:00+05:30,287.8,287.8,287.8,287.8,0,1025
955,2022-06-22 14:27:00+05:30,287.8,287.8,287.8,287.8,0,1025
956,2022-06-22 14:28:00+05:30,287.8,287.8,287.8,287.8,0,1025
957,2022-06-22 14:29:00+05:30,287.8,287.8,287.8,287.8,0,1025
958,2022-06-22 14:30:00+05:30,287.8,287.8,287.8,287.8,0,1025
959,2022-06-22 14:31:00+05:30,287.8,287.8,287.8,287.8,0,1025
960,2022-06-22 14:32:00+05:30,287.8,287.8,287.8,287.8,0,1025
961,2022-06-22 14:33:00+05:30,287.8,287.8,287.8,287.8,0,1025
962,2022-06-22 14:34:00+05:30,287.8,287.8,287.8,287.8,0,1025
963,2022-06-22 14:35:00+05:30,287.8,287.8,287.8,287.8,0,1025
964,2022-06-22 14:36:00+05:30,287.8,287.8,287.8,287.8,0,1025
965,2022-06-22 14:37:00+05:30,287.8,287.8,287.8,287.8,0,1025
966,2022-06-22 14:38:00+05:30,287.8,287.8,287.8,287.8,0,1025
967,2022-06-22 14:39:00+05:30,287.8,287.8,287.8,287.8,0,1025
968,2022-06-22 14:40:00+05:30,287.8,287.8,287.8,287.8,0,1025
969,2022-06-22 14:41:00+05:30,287.8,287.8,287.8,287.8,0,1025
970,2022-06-22 14:42:00+05:30,287.8,287.8,287.8,287.8,0,1025
971,2022-06-22 14:43:00+05:30,287.8,287.8,287.8,287.8,0,1025
972,2022-06-22 14:44:00+05:30,287.8,287.8,287.8,287.8,0,1025
973,2022-06-22 14:45:00+05:30,287.8,287.8,287.8,287.8,0,1025
974,2022-06-22 14:46:00+05:30,287.8,287.8,287.8,287.8,0,1025
975,2022-06-22 14:47:00+05:30,287.8,287.8,287.8,287.8,0,1025
976,2022-06-22 14:48:00+05:30,287.8,287.8,287.8,287.8,0,1025
977,2022-06-22 14:49:00+05:30,287.8,287.8,287.8,287.8,0,1025
978,2022-06-22 14:50:00+05:30,287.8,287.8,287.8,287.8,0,1025
979,2022-06-22 14:51:00+05:30,287.8,287.8,287.8,287.8,0,1025
980,2022-06-22 14:52:00+05:30,287.8,287.8,287.8,287.8,0,1025
981,2022-06-22 14:53:00+05:30,287.8,287.8,287.8,287.8,0,1025
982,2022-06-22 14:54:00+05:30,287.8,287.8,287.8,287.8,0,1025
983,2022-06-22 14:55:00+05:30,287.8,287.8,287.8,287.8,0,1025
984,2022-06-22 14:56:00+05:30,287.8,287.8,287.8,287.8,0,1025
985,2022-06-22 14:57:00+05:30,287.8,287.8,287.8,287.8,0,1025
986,2022-06-22 14:58:00+05:30,287.8,287.8,287.8,287.8,0,1025
987,2022-06-22 14:59:00+05:30,287.8,287.8,287.8,287.8,0,1025
988,2022-06-22 15:00:00+05:30,287.8,287.8,287.8,287.8,0,1025
989,2022-06-22 15:01:00+05:30,287.8,287.8,287.8,287.8,0,1025
990,2022-06-22 15:02:00+05:30,287.8,287.8,287.8,287.8,0,1025
991,2022-06-22 15:03:00+05:30,287.8,287.8,287.8,287.8,0,1025
992,2022-06-22 15:04:00+05:30,287.8,287.8,287.8,287.8,0,1025
993,2022-06-22 15:05:00+05:30,287.8,287.8,287.8,287.8,0,1025
994,2022-06-22 15:06:00+05:30,287.8,287.8,287.8,287.8,0,1025
995,2022-06-22 15:07:00+05:30,287.8,287.8,287.8,287.8,0,1025
996,2022-06-22 15:08:00+05:30,287.8,287.8,287.8,287.8,0,1025
997,2022-06-22 15:09:00+05:30,287.8,287.8,287.8,287.8,0,1025
998,2022-06-22 15:10:00+05:30,287.8,287.8,287.8,287.8,0,1025
999,2022-06-22 15:11:00+05:30,287.8,287.8,287.8,287.8,0,1025
1000,2022-06-22 15:12:00+05:30,287.8,287.8,287.8,287.8,0,1025
1001,2022-06-22 15:13:00+05:30,287.8,287.8,287.8,287.8,0,1025
1002,2022-06-22 15:14:00+05:30,287.8,287.8,287.8,287.8,0,1025
1003,2022-06-22 15:15:00+05:30,287.8,287.8,287.8,287.8,0,1025
1004,2022-06-22 15:16:00+05:30,287.8,287.8,287.8,287.8,0,1025
1005,2022-06-22 15:17:00+05:30,287.8,287.8,287.8,287.8,0,1025
1006,2022-06-22 15:18:00+05:30,287.8,287.8,287.8,287.8,0,1025
1007,2022-06-22 15:19:00+05:30,287.8,287.8,287.8,287.8,0,1025
1008,2022-06-22 15:20:00+05:30,287.8,287.8,287.8,287.8,0,1025
1009,2022-06-22 15:21:00+05:30,287.8,287.8,287.8,287.8,0,1025
1010,2022-06-22 15:22:00+05:30,287.8,287.8,287.8,287.8,0,1025
1011,2022-06-22 15:23:00+05:30,287.8,287.8,287.8,287.8,0,1025
1012,2022-06-22 15:24:00+05:30,287.8,287.8,287.8,287.8,0,1025
1013,2022-06-22 15:25:00+05:30,287.8,287.8,287.8,287.8,0,1025
1014,2022-06-22 15:26:00+05:30,287.8,287.8,287.8,287.8,0,1025
1015,2022-06-22 15:27:00+05:30,287.8,287.8,287.8,287.8,0,1025
1016,2022-06-22 15:28:00+05:30,287.8,287.8,287.8,287.8,0,1025
1017,2022-06-22 15:29:00+05:30,287.8,287.8,287.8,287.8,0,1025
1018,2022-06-23 09:42:00+05:30,224.05,224.05,224.05,224.05,0,1025
1019,2022-06-23 09:43:00+05:30,224.05,224.05,224.05,224.05,0,1025
1020,2022-06-23 09:44:00+05:30,224.05,224.05,224.05,224.05,0,1025
1021,2022-06-23 09:45:00+05:30,224.05,224.05,224.05,224.05,0,1025
1022,2022-06-23 09:46:00+05:30,224.05,224.05,224.05,224.05,0,1025
1023,2022-06-23 09:47:00+05:30,224.05,224.05,224.05,224.05,0,1025
1024,2022-06-23 09:48:00+05:30,224.05,224.05,224.05,224.05,0,1025
1025,2022-06-23 09:49:00+05:30,224.05,224.05,224.05,224.05,0,1025
1026,2022-06-23 09:50:00+05:30,224.05,224.05,224.05,224.05,0,1025
1027,2022-06-23 09:51:00+05:30,224.05,224.05,224.05,224.05,0,1025
1028,2022-06-23 09:52:00+05:30,224.05,224.05,224.05,224.05,0,1025
1029,2022-06-23 09:53:00+05:30,224.05,224.05,224.05,224.05,0,1025
1030,2022-06-23 09:54:00+05:30,224.05,224.05,224.05,224.05,0,1025
1031,2022-06-23 09:55:00+05:30,224.05,224.05,224.05,224.05,0,1025
1032,2022-06-23 09:56:00+05:30,224.05,224.05,224.05,224.05,0,1025
1033,2022-06-23 09:57:00+05:30,224.05,224.05,224.05,224.05,0,1025
1034,2022-06-23 09:58:00+05:30,224.05,224.05,224.05,224.05,0,1025
1035,2022-06-23 09:59:00+05:30,224.05,224.05,224.05,224.05,0,1025
1036,2022-06-23 10:00:00+05:30,224.05,224.05,199.85,199.85,75,1000
1037,2022-06-23 10:01:00+05:30,199.85,199.85,199.85,199.85,0,1000
1038,2022-06-23 10:02:00+05:30,199.85,199.85,199.85,199.85,0,1000
1039,2022-06-23 10:03:00+05:30,199.85,199.85,199.85,199.85,0,1000
1040,2022-06-23 10:04:00+05:30,199.85,199.85,199.85,199.85,0,1000
1041,2022-06-23 10:05:00+05:30,199.85,199.85,199.85,199.85,0,1000
1042,2022-06-23 10:06:00+05:30,199.85,199.85,199.85,199.85,0,1000
1043,2022-06-23 10:07:00+05:30,199.85,199.85,199.85,199.85,0,1000
1044,2022-06-23 10:08:00+05:30,199.85,199.85,199.85,199.85,0,1000
1045,2022-06-23 10:09:00+05:30,199.85,199.85,199.85,199.85,0,1000
1046,2022-06-23 10:10:00+05:30,199.85,199.85,199.85,199.85,0,1000
1047,2022-06-23 10:11:00+05:30,199.85,199.85,199.85,199.85,0,1000
1048,2022-06-23 10:12:00+05:30,199.85,199.85,199.85,199.85,0,1000
1049,2022-06-23 10:13:00+05:30,199.85,199.85,199.85,199.85,0,1000
1050,2022-06-23 10:14:00+05:30,199.85,199.85,199.85,199.85,0,1000
1051,2022-06-23 10:15:00+05:30,199.85,199.85,199.85,199.85,0,1000
1052,2022-06-23 10:16:00+05:30,199.85,199.85,199.85,199.85,0,1000
1053,2022-06-23 10:17:00+05:30,199.85,199.85,199.85,199.85,0,1000
1054,2022-06-23 10:18:00+05:30,199.85,199.85,199.85,199.85,0,1000
1055,2022-06-23 10:19:00+05:30,199.85,199.85,199.85,199.85,0,1000
1056,2022-06-23 10:20:00+05:30,199.85,199.85,199.85,199.85,0,1000
1057,2022-06-23 10:21:00+05:30,199.85,199.85,199.85,199.85,0,1000
1058,2022-06-23 10:22:00+05:30,199.85,199.85,199.85,199.85,0,1000
1059,2022-06-23 10:23:00+05:30,199.85,199.85,199.85,199.85,0,1000
1060,2022-06-23 10:24:00+05:30,199.85,199.85,199.85,199.85,0,1000
1061,2022-06-23 10:25:00+05:30,199.85,199.85,199.85,199.85,0,1000
1062,2022-06-23 10:26:00+05:30,199.85,199.85,199.85,199.85,0,1000
1063,2022-06-23 10:27:00+05:30,199.85,199.85,199.85,199.85,0,1000
1064,2022-06-23 10:28:00+05:30,199.85,199.85,199.85,199.85,0,1000
1065,2022-06-23 10:29:00+05:30,199.85,199.85,199.85,199.85,0,1000
1066,2022-06-23 10:30:00+05:30,199.85,199.85,199.85,199.85,0,1000
1067,2022-06-23 10:31:00+05:30,199.85,199.85,199.85,199.85,0,1000
1068,2022-06-23 10:32:00+05:30,199.85,199.85,199.85,199.85,0,1000
1069,2022-06-23 10:33:00+05:30,199.85,199.85,199.85,199.85,0,1000
1070,2022-06-23 10:34:00+05:30,199.85,199.85,199.85,199.85,0,1000
1071,2022-06-23 10:35:00+05:30,199.85,199.85,199.85,199.85,0,1000
1072,2022-06-23 10:36:00+05:30,199.85,199.85,199.85,199.85,0,1000
1073,2022-06-23 10:37:00+05:30,199.85,199.85,199.85,199.85,0,1000
1074,2022-06-23 10:38:00+05:30,199.85,199.85,199.85,199.85,0,1000
1075,2022-06-23 10:39:00+05:30,199.85,199.85,199.85,199.85,0,1000
1076,2022-06-23 10:40:00+05:30,199.85,199.85,199.85,199.85,0,1000
1077,2022-06-23 10:41:00+05:30,199.85,199.85,199.85,199.85,0,1000
1078,2022-06-23 10:42:00+05:30,199.85,199.85,199.85,199.85,0,1000
1079,2022-06-23 10:43:00+05:30,199.85,199.85,199.85,199.85,0,1000
1080,2022-06-23 10:44:00+05:30,199.85,199.85,199.85,199.85,0,1000
1081,2022-06-23 10:45:00+05:30,199.85,199.85,199.85,199.85,0,1000
1082,2022-06-23 10:46:00+05:30,199.85,199.85,199.85,199.85,0,1000
1083,2022-06-23 10:47:00+05:30,199.85,199.85,199.85,199.85,0,1000
1084,2022-06-23 10:48:00+05:30,199.85,199.85,199.85,199.85,0,1000
1085,2022-06-23 10:49:00+05:30,199.85,199.85,199.85,199.85,0,1000
1086,2022-06-23 10:50:00+05:30,199.85,199.85,199.85,199.85,0,1000
1087,2022-06-23 10:51:00+05:30,199.85,199.85,199.85,199.85,0,1000
1088,2022-06-23 10:52:00+05:30,199.85,199.85,199.85,199.85,0,1000
1089,2022-06-23 10:53:00+05:30,199.85,199.85,199.85,199.85,0,1000
1090,2022-06-23 10:54:00+05:30,199.85,199.85,199.85,199.85,0,1000
1091,2022-06-23 10:55:00+05:30,199.85,199.85,199.85,199.85,0,1000
1092,2022-06-23 10:56:00+05:30,199.85,199.85,199.85,199.85,0,1000
1093,2022-06-23 10:57:00+05:30,199.85,199.85,199.85,199.85,0,1000
1094,2022-06-23 10:58:00+05:30,199.85,199.85,199.85,199.85,0,1000
1095,2022-06-23 10:59:00+05:30,199.85,199.85,199.85,199.85,0,1000
1096,2022-06-23 11:00:00+05:30,199.85,199.85,199.85,199.85,0,1000
1097,2022-06-23 11:01:00+05:30,199.85,199.85,199.85,199.85,0,1000
1098,2022-06-23 11:02:00+05:30,199.85,199.85,199.85,199.85,0,1000
1099,2022-06-23 11:03:00+05:30,199.85,199.85,199.85,199.85,0,1000
1100,2022-06-23 11:04:00+05:30,199.85,199.85,199.85,199.85,0,1000
1101,2022-06-23 11:05:00+05:30,199.85,199.85,199.85,199.85,0,1000
1102,2022-06-23 11:06:00+05:30,199.85,199.85,199.85,199.85,0,1000
1103,2022-06-23 11:07:00+05:30,199.85,199.85,199.85,199.85,0,1000
1104,2022-06-23 11:08:00+05:30,199.85,199.85,199.85,199.85,0,1000
1105,2022-06-23 11:09:00+05:30,199.85,199.85,199.85,199.85,0,1000
1106,2022-06-23 11:10:00+05:30,199.85,199.85,199.85,199.85,0,1000
1107,2022-06-23 11:11:00+05:30,199.85,199.85,199.85,199.85,0,1000
1108,2022-06-23 11:12:00+05:30,199.85,199.85,199.85,199.85,0,1000
1109,2022-06-23 11:13:00+05:30,199.85,199.85,199.85,199.85,0,1000
1110,2022-06-23 11:14:00+05:30,199.85,199.85,199.85,199.85,0,1000
1111,2022-06-23 11:15:00+05:30,199.85,199.85,199.85,199.85,0,1000
1112,2022-06-23 11:16:00+05:30,199.85,199.85,199.85,199.85,0,1000
1113,2022-06-23 11:17:00+05:30,199.85,199.85,199.85,199.85,0,1000
1114,2022-06-23 11:18:00+05:30,199.85,199.85,199.85,199.85,0,1000
1115,2022-06-23 11:19:00+05:30,199.85,199.85,199.85,199.85,0,1000
1116,2022-06-23 11:20:00+05:30,199.85,199.85,199.85,199.85,0,1000
1117,2022-06-23 11:21:00+05:30,199.85,199.85,199.85,199.85,0,1000
1118,2022-06-23 11:22:00+05:30,199.85,199.85,199.85,199.85,0,1000
1119,2022-06-23 11:23:00+05:30,199.85,199.85,199.85,199.85,0,1000
1120,2022-06-23 11:24:00+05:30,199.85,199.85,199.85,199.85,0,1000
1121,2022-06-23 11:25:00+05:30,199.85,199.85,199.85,199.85,0,1000
1122,2022-06-23 11:26:00+05:30,199.85,199.85,199.85,199.85,0,1000
1123,2022-06-23 11:27:00+05:30,199.85,199.85,199.85,199.85,0,1000
1124,2022-06-23 11:28:00+05:30,199.85,199.85,199.85,199.85,0,1000
1125,2022-06-23 11:29:00+05:30,199.85,199.85,199.85,199.85,0,1000
1126,2022-06-23 11:30:00+05:30,199.85,199.85,199.85,199.85,0,1000
1127,2022-06-23 11:31:00+05:30,199.85,199.85,199.85,199.85,0,1000
1128,2022-06-23 11:32:00+05:30,199.85,199.85,199.85,199.85,0,1000
1129,2022-06-23 11:33:00+05:30,199.85,199.85,199.85,199.85,0,1000
1130,2022-06-23 11:34:00+05:30,199.85,199.85,199.85,199.85,0,1000
1131,2022-06-23 11:35:00+05:30,199.85,199.85,199.85,199.85,0,1000
1132,2022-06-23 11:36:00+05:30,199.85,199.85,199.85,199.85,0,1000
1133,2022-06-23 11:37:00+05:30,199.85,199.85,199.85,199.85,0,1000
1134,2022-06-23 11:38:00+05:30,199.85,199.85,199.85,199.85,0,1000
1135,2022-06-23 11:39:00+05:30,199.85,199.85,199.85,199.85,0,1000
1136,2022-06-23 11:40:00+05:30,199.85,199.85,199.85,199.85,0,1000
1137,2022-06-23 11:41:00+05:30,199.85,199.85,199.85,199.85,0,1000
1138,2022-06-23 11:42:00+05:30,199.85,199.85,199.85,199.85,0,1000
1139,2022-06-23 11:43:00+05:30,199.85,199.85,199.85,199.85,0,1000
1140,2022-06-23 11:44:00+05:30,199.85,199.85,199.85,199.85,0,1000
1141,2022-06-23 11:45:00+05:30,199.85,199.85,199.85,199.85,0,1000
1142,2022-06-23 11:46:00+05:30,199.85,199.85,199.85,199.85,0,1000
1143,2022-06-23 11:47:00+05:30,199.85,199.85,199.85,199.85,0,1000
1144,2022-06-23 11:48:00+05:30,199.85,199.85,199.85,199.85,0,1000
1145,2022-06-23 11:49:00+05:30,199.85,199.85,199.85,199.85,0,1000
1146,2022-06-23 11:50:00+05:30,199.85,199.85,199.85,199.85,0,1000
1147,2022-06-23 11:51:00+05:30,199.85,199.85,199.85,199.85,0,1000
1148,2022-06-23 11:52:00+05:30,199.85,199.85,199.85,199.85,0,1000
1149,2022-06-23 11:53:00+05:30,199.85,199.85,199.85,199.85,0,1000
1150,2022-06-23 11:54:00+05:30,199.85,199.85,199.85,199.85,0,1000
1151,2022-06-23 11:55:00+05:30,199.85,199.85,199.85,199.85,0,1000
1152,2022-06-23 11:56:00+05:30,199.85,199.85,199.85,199.85,0,1000
1153,2022-06-23 11:57:00+05:30,199.85,199.85,199.85,199.85,0,1000
1154,2022-06-23 11:58:00+05:30,199.85,199.85,199.85,199.85,0,1000
1155,2022-06-23 11:59:00+05:30,199.85,199.85,199.85,199.85,0,1000
1156,2022-06-23 12:00:00+05:30,199.85,199.85,199.85,199.85,0,1000
1157,2022-06-23 12:01:00+05:30,199.85,199.85,199.85,199.85,0,1000
1158,2022-06-23 12:02:00+05:30,199.85,199.85,199.85,199.85,0,1000
1159,2022-06-23 12:03:00+05:30,199.85,199.85,199.85,199.85,0,1000
1160,2022-06-23 12:04:00+05:30,199.85,199.85,199.85,199.85,0,1000
1161,2022-06-23 12:05:00+05:30,199.85,199.85,199.85,199.85,0,1000
1162,2022-06-23 12:06:00+05:30,199.85,199.85,199.85,199.85,0,1000
1163,2022-06-23 12:07:00+05:30,199.85,199.85,199.85,199.85,0,1000
1164,2022-06-23 12:08:00+05:30,199.85,199.85,199.85,199.85,0,1000
1165,2022-06-23 12:09:00+05:30,199.85,199.85,199.85,199.85,0,1000
1166,2022-06-23 12:10:00+05:30,199.85,199.85,199.85,199.85,0,1000
1167,2022-06-23 12:11:00+05:30,199.85,199.85,199.85,199.85,0,1000
1168,2022-06-23 12:12:00+05:30,199.85,199.85,199.85,199.85,0,1000
1169,2022-06-23 12:13:00+05:30,199.85,199.85,199.85,199.85,0,1000
1170,2022-06-23 12:14:00+05:30,199.85,199.85,199.85,199.85,0,1000
1171,2022-06-23 12:15:00+05:30,199.85,199.85,199.85,199.85,0,1000
1172,2022-06-23 12:16:00+05:30,199.85,199.85,199.85,199.85,0,1000
1173,2022-06-23 12:17:00+05:30,199.85,199.85,199.85,199.85,0,1000
1174,2022-06-23 12:18:00+05:30,199.85,199.85,199.85,199.85,0,1000
1175,2022-06-23 12:19:00+05:30,199.85,199.85,199.85,199.85,0,1000
1176,2022-06-23 12:20:00+05:30,199.85,199.85,199.85,199.85,0,1000
1177,2022-06-23 12:21:00+05:30,199.85,199.85,199.85,199.85,0,1000
1178,2022-06-23 12:22:00+05:30,199.85,199.85,199.85,199.85,0,1000
1179,2022-06-23 12:23:00+05:30,199.85,199.85,199.85,199.85,0,1000
1180,2022-06-23 12:24:00+05:30,199.85,199.85,199.85,199.85,0,1000
1181,2022-06-23 12:25:00+05:30,199.85,199.85,199.85,199.85,0,1000
1182,2022-06-23 12:26:00+05:30,199.85,199.85,199.85,199.85,0,1000
1183,2022-06-23 12:27:00+05:30,199.85,199.85,199.85,199.85,0,1000
1184,2022-06-23 12:28:00+05:30,199.85,199.85,199.85,199.85,0,1000
1185,2022-06-23 12:29:00+05:30,199.85,199.85,199.85,199.85,0,1000
1186,2022-06-23 12:30:00+05:30,199.85,199.85,199.85,199.85,0,1000
1187,2022-06-23 12:31:00+05:30,199.85,199.85,199.85,199.85,0,1000
1188,2022-06-23 12:32:00+05:30,199.85,199.85,199.85,199.85,0,1000
1189,2022-06-23 12:33:00+05:30,199.85,199.85,199.85,199.85,0,1000
1190,2022-06-23 12:34:00+05:30,199.85,199.85,199.85,199.85,0,1000
1191,2022-06-23 12:35:00+05:30,199.85,199.85,199.85,199.85,0,1000
1192,2022-06-23 12:36:00+05:30,199.85,199.85,199.85,199.85,0,1000
1193,2022-06-23 12:37:00+05:30,199.85,238.4,199.85,238.4,25,1000
1194,2022-06-23 12:38:00+05:30,238.4,238.4,238.4,238.4,0,1000
1195,2022-06-23 12:39:00+05:30,238.4,238.4,238.4,238.4,0,1000
1196,2022-06-23 12:40:00+05:30,238.4,238.4,238.4,238.4,0,1000
1197,2022-06-23 12:41:00+05:30,238.4,238.4,238.4,238.4,0,1000
1198,2022-06-23 12:42:00+05:30,238.4,238.4,238.4,238.4,0,1000
1199,2022-06-23 12:43:00+05:30,238.4,238.4,238.4,238.4,0,1000
1200,2022-06-23 12:44:00+05:30,238.4,238.4,238.4,238.4,0,1000
1201,2022-06-23 12:45:00+05:30,238.4,238.4,238.4,238.4,0,1000
1202,2022-06-23 12:46:00+05:30,238.4,238.4,238.4,238.4,0,1000
1203,2022-06-23 12:47:00+05:30,238.4,238.4,238.4,238.4,0,1000
1204,2022-06-23 12:48:00+05:30,238.4,238.4,238.4,238.4,0,1000
1205,2022-06-23 12:49:00+05:30,238.4,238.4,238.4,238.4,0,1000
1206,2022-06-23 12:50:00+05:30,238.4,238.4,238.4,238.4,0,1000
1207,2022-06-23 12:51:00+05:30,238.4,238.4,238.4,238.4,0,1000
1208,2022-06-23 12:52:00+05:30,238.4,238.4,238.4,238.4,0,1000
1209,2022-06-23 12:53:00+05:30,238.4,238.4,238.4,238.4,0,1000
1210,2022-06-23 12:54:00+05:30,238.4,238.4,238.4,238.4,0,1000
1211,2022-06-23 12:55:00+05:30,238.4,238.4,238.4,238.4,0,1000
1212,2022-06-23 12:56:00+05:30,238.4,238.4,238.4,238.4,0,1000
1213,2022-06-23 12:57:00+05:30,238.4,238.4,238.4,238.4,0,1000
1214,2022-06-23 12:58:00+05:30,238.4,238.4,238.4,238.4,0,1000
1215,2022-06-23 12:59:00+05:30,238.4,238.4,238.4,238.4,0,1000
1216,2022-06-23 13:00:00+05:30,238.4,238.4,238.4,238.4,0,1000
1217,2022-06-23 13:01:00+05:30,238.4,260.2,238.4,260.2,25,975
1218,2022-06-23 13:02:00+05:30,260.2,260.2,260.2,260.2,0,975
1219,2022-06-23 13:03:00+05:30,260.2,260.2,260.2,260.2,0,975
1220,2022-06-23 13:04:00+05:30,260.2,260.2,260.2,260.2,0,975
1221,2022-06-23 13:05:00+05:30,260.2,260.2,260.2,260.2,0,975
1222,2022-06-23 13:06:00+05:30,260.2,260.2,260.2,260.2,0,975
1223,2022-06-23 13:07:00+05:30,260.2,260.2,260.2,260.2,0,975
1224,2022-06-23 13:08:00+05:30,260.2,260.2,260.2,260.2,0,975
1225,2022-06-23 13:09:00+05:30,260.2,260.2,260.2,260.2,0,975
1226,2022-06-23 13:10:00+05:30,260.2,260.2,260.2,260.2,0,975
1227,2022-06-23 13:11:00+05:30,260.2,260.2,260.2,260.2,0,975
1228,2022-06-23 13:12:00+05:30,260.2,260.2,260.2,260.2,0,975
1229,2022-06-23 13:13:00+05:30,260.2,260.2,260.2,260.2,0,975
1230,2022-06-23 13:14:00+05:30,260.2,260.2,260.2,260.2,0,975
1231,2022-06-23 13:15:00+05:30,260.2,260.2,260.2,260.2,0,975
1232,2022-06-23 13:16:00+05:30,287.15,287.15,287.15,287.15,25,950
1233,2022-06-23 13:17:00+05:30,287.15,287.15,287.15,287.15,0,950
1234,2022-06-23 13:18:00+05:30,287.15,287.15,287.15,287.15,0,950
1235,2022-06-23 13:19:00+05:30,287.15,287.15,287.15,287.15,0,950
1236,2022-06-23 13:20:00+05:30,287.15,287.15,287.15,287.15,0,950
1237,2022-06-23 13:21:00+05:30,287.15,287.15,287.15,287.15,0,950
1238,2022-06-23 13:22:00+05:30,287.15,287.15,287.15,287.15,0,950
1239,2022-06-23 13:23:00+05:30,287.15,287.15,287.15,287.15,0,950
1240,2022-06-23 13:24:00+05:30,287.15,287.15,287.15,287.15,0,950
1241,2022-06-23 13:25:00+05:30,287.15,287.15,287.15,287.15,0,950
1242,2022-06-23 13:26:00+05:30,287.15,287.15,287.15,287.15,0,950
1243,2022-06-23 13:27:00+05:30,287.15,287.15,287.15,287.15,0,950
1244,2022-06-23 13:28:00+05:30,287.15,287.15,287.15,287.15,0,950
1245,2022-06-23 13:29:00+05:30,287.15,287.15,287.15,287.15,0,950
1246,2022-06-23 13:30:00+05:30,287.15,287.15,287.15,287.15,0,950
1247,2022-06-23 13:31:00+05:30,287.15,287.15,287.15,287.15,0,950
1248,2022-06-23 13:32:00+05:30,287.15,287.15,287.15,287.15,0,950
1249,2022-06-23 13:33:00+05:30,287.15,287.15,287.15,287.15,0,950
1250,2022-06-23 13:34:00+05:30,287.15,287.15,287.15,287.15,0,950
1251,2022-06-23 13:35:00+05:30,287.15,287.15,287.15,287.15,0,950
1252,2022-06-23 13:36:00+05:30,287.15,287.15,287.15,287.15,0,950
1253,2022-06-23 13:37:00+05:30,287.15,287.15,287.15,287.15,0,950
1254,2022-06-23 13:38:00+05:30,287.15,287.15,287.15,287.15,0,950
1255,2022-06-23 13:39:00+05:30,287.15,287.15,287.15,287.15,0,950
1256,2022-06-23 13:40:00+05:30,287.15,287.15,287.15,287.15,0,950
1257,2022-06-23 13:41:00+05:30,287.15,287.15,287.15,287.15,0,950
1258,2022-06-23 13:42:00+05:30,287.15,287.15,287.15,287.15,0,950
1259,2022-06-23 13:43:00+05:30,287.15,287.15,287.15,287.15,0,950
1260,2022-06-23 13:44:00+05:30,287.15,287.15,287.15,287.15,0,950
1261,2022-06-23 13:45:00+05:30,287.15,287.15,287.15,287.15,0,950
1262,2022-06-23 13:46:00+05:30,287.15,287.15,287.15,287.15,0,950
1263,2022-06-23 13:47:00+05:30,287.15,287.15,287.15,287.15,0,950
1264,2022-06-23 13:48:00+05:30,287.15,287.15,287.15,287.15,0,950
1265,2022-06-23 13:49:00+05:30,287.15,287.15,287.15,287.15,0,950
1266,2022-06-23 13:50:00+05:30,287.15,287.15,287.15,287.15,0,950
1267,2022-06-23 13:51:00+05:30,287.15,287.15,287.15,287.15,0,950
1268,2022-06-23 13:52:00+05:30,287.15,287.15,287.15,287.15,0,950
1269,2022-06-23 13:53:00+05:30,287.15,287.15,287.15,287.15,0,950
1270,2022-06-23 13:54:00+05:30,287.15,287.15,287.15,287.15,0,950
1271,2022-06-23 13:55:00+05:30,287.15,287.15,287.15,287.15,0,950
1272,2022-06-23 13:56:00+05:30,287.15,287.15,287.15,287.15,0,950
1273,2022-06-23 13:57:00+05:30,287.15,287.15,287.15,287.15,0,950
1274,2022-06-23 13:58:00+05:30,287.15,287.15,287.15,287.15,0,950
1275,2022-06-23 13:59:00+05:30,287.15,287.15,287.15,287.15,0,950
1276,2022-06-23 14:00:00+05:30,287.15,287.15,287.15,287.15,0,950
1277,2022-06-23 14:01:00+05:30,287.15,287.15,287.15,287.15,0,950
1278,2022-06-23 14:02:00+05:30,287.15,287.15,287.15,287.15,0,950
1279,2022-06-23 14:03:00+05:30,287.15,287.15,287.15,287.15,0,950
1280,2022-06-23 14:04:00+05:30,287.15,287.15,287.15,287.15,0,950
1281,2022-06-23 14:05:00+05:30,287.15,287.15,287.15,287.15,0,950
1282,2022-06-23 14:06:00+05:30,287.15,287.15,287.15,287.15,0,950
1283,2022-06-23 14:07:00+05:30,287.15,287.15,287.15,287.15,0,950
1284,2022-06-23 14:08:00+05:30,287.15,287.15,287.15,287.15,0,950
1285,2022-06-23 14:09:00+05:30,287.15,287.15,287.15,287.15,0,950
1286,2022-06-23 14:10:00+05:30,287.15,287.15,287.15,287.15,0,950
1287,2022-06-23 14:11:00+05:30,287.15,287.15,287.15,287.15,0,950
1288,2022-06-23 14:12:00+05:30,287.15,287.15,287.15,287.15,0,950
1289,2022-06-23 14:13:00+05:30,287.15,287.15,287.15,287.15,0,950
1290,2022-06-23 14:14:00+05:30,287.15,287.15,287.15,287.15,0,950
1291,2022-06-23 14:15:00+05:30,287.15,287.15,287.15,287.15,0,950
1292,2022-06-23 14:16:00+05:30,287.15,287.15,287.15,287.15,0,950
1293,2022-06-23 14:17:00+05:30,287.15,287.15,287.15,287.15,0,950
1294,2022-06-23 14:18:00+05:30,287.15,287.15,287.15,287.15,0,950
1295,2022-06-23 14:19:00+05:30,287.15,287.15,287.15,287.15,0,950
1296,2022-06-23 14:20:00+05:30,287.15,287.15,287.15,287.15,0,950
1297,2022-06-23 14:21:00+05:30,287.15,287.15,287.15,287.15,0,950
1298,2022-06-23 14:22:00+05:30,287.15,287.15,287.15,287.15,0,950
1299,2022-06-23 14:23:00+05:30,287.15,287.15,287.15,287.15,0,950
1300,2022-06-23 14:24:00+05:30,287.15,287.15,287.15,287.15,0,950
1301,2022-06-23 14:25:00+05:30,287.15,287.15,287.15,287.15,0,950
1302,2022-06-23 14:26:00+05:30,287.15,287.15,287.15,287.15,0,950
1303,2022-06-23 14:27:00+05:30,287.15,287.15,287.15,287.15,0,950
1304,2022-06-23 14:28:00+05:30,287.15,287.15,237.35,237.35,0,925
1305,2022-06-23 14:29:00+05:30,237.35,237.35,237.35,237.35,25,925
1306,2022-06-23 14:30:00+05:30,237.35,237.35,237.35,237.35,0,925
1307,2022-06-23 14:31:00+05:30,237.35,237.35,237.35,237.35,0,925
1308,2022-06-23 14:32:00+05:30,237.35,237.35,237.35,237.35,0,925
1309,2022-06-23 14:33:00+05:30,237.35,237.35,237.35,237.35,0,925
1310,2022-06-23 14:34:00+05:30,237.35,237.35,237.35,237.35,0,925
1311,2022-06-23 14:35:00+05:30,237.35,237.35,219.25,219.25,0,900
1312,2022-06-23 14:36:00+05:30,219.25,219.25,219.25,219.25,50,900
1313,2022-06-23 14:37:00+05:30,219.25,219.25,219.25,219.25,0,900
1314,2022-06-23 14:38:00+05:30,219.25,219.25,219.25,219.25,0,900
1315,2022-06-23 14:39:00+05:30,219.25,219.25,219.25,219.25,0,900
1316,2022-06-23 14:40:00+05:30,219.25,219.25,219.25,219.25,0,900
1317,2022-06-23 14:41:00+05:30,219.25,219.25,219.25,219.25,0,900
1318,2022-06-23 14:42:00+05:30,219.25,219.25,219.25,219.25,0,900
1319,2022-06-23 14:43:00+05:30,219.25,219.25,219.25,219.25,0,900
1320,2022-06-23 14:44:00+05:30,219.25,219.25,219.25,219.25,0,900
1321,2022-06-23 14:45:00+05:30,219.25,219.25,219.25,219.25,0,900
1322,2022-06-23 14:46:00+05:30,219.25,219.25,219.25,219.25,0,900
1323,2022-06-23 14:47:00+05:30,219.25,219.25,219.25,219.25,0,900
1324,2022-06-23 14:48:00+05:30,219.25,219.25,219.25,219.25,0,900
1325,2022-06-23 14:49:00+05:30,219.25,219.25,219.25,219.25,0,900
1326,2022-06-23 14:50:00+05:30,219.25,219.25,219.25,219.25,0,900
1327,2022-06-23 14:51:00+05:30,219.25,219.25,219.25,219.25,0,900
1328,2022-06-23 14:52:00+05:30,219.25,219.25,219.25,219.25,0,900
1329,2022-06-23 14:53:00+05:30,219.25,219.25,219.25,219.25,0,900
1330,2022-06-23 14:54:00+05:30,219.25,219.25,219.25,219.25,0,900
1331,2022-06-23 14:55:00+05:30,219.25,219.25,219.25,219.25,0,900
1332,2022-06-23 14:56:00+05:30,219.25,219.25,219.25,219.25,0,900
1333,2022-06-23 14:57:00+05:30,219.25,219.25,219.25,219.25,0,900
1334,2022-06-23 14:58:00+05:30,219.25,219.25,219.25,219.25,0,900
1335,2022-06-23 14:59:00+05:30,219.25,219.25,219.25,219.25,0,900
1336,2022-06-23 15:00:00+05:30,219.25,219.25,219.25,219.25,0,900
1337,2022-06-23 15:01:00+05:30,219.25,219.25,219.25,219.25,0,900
1338,2022-06-23 15:02:00+05:30,219.25,219.25,219.25,219.25,0,900
1339,2022-06-23 15:03:00+05:30,219.25,219.25,219.25,219.25,0,900
1340,2022-06-23 15:04:00+05:30,219.25,219.25,219.25,219.25,0,900
1341,2022-06-23 15:05:00+05:30,219.25,219.25,219.25,219.25,0,900
1342,2022-06-23 15:06:00+05:30,219.25,219.25,219.25,219.25,0,900
1343,2022-06-23 15:07:00+05:30,219.25,219.25,219.25,219.25,0,900
1344,2022-06-23 15:08:00+05:30,219.25,219.25,219.25,219.25,0,900
1345,2022-06-23 15:09:00+05:30,219.25,219.25,219.25,219.25,0,900
1346,2022-06-23 15:10:00+05:30,219.25,219.25,219.25,219.25,0,900
1347,2022-06-23 15:11:00+05:30,219.25,219.25,219.25,219.25,0,900
1348,2022-06-23 15:12:00+05:30,219.25,219.25,219.25,219.25,0,900
1349,2022-06-23 15:13:00+05:30,219.25,219.25,219.25,219.25,0,900
1350,2022-06-23 15:14:00+05:30,219.25,219.25,219.25,219.25,0,900
1351,2022-06-23 15:15:00+05:30,219.25,219.25,219.25,219.25,0,900
1352,2022-06-23 15:16:00+05:30,219.25,219.25,219.25,219.25,0,900
1353,2022-06-23 15:17:00+05:30,219.25,219.25,219.25,219.25,0,900
1354,2022-06-23 15:18:00+05:30,219.25,219.25,219.25,219.25,0,900
1355,2022-06-23 15:19:00+05:30,219.25,219.25,219.25,219.25,0,900
1356,2022-06-23 15:20:00+05:30,219.25,219.25,219.25,219.25,0,900
1357,2022-06-23 15:21:00+05:30,219.25,219.25,219.25,219.25,0,900
1358,2022-06-23 15:22:00+05:30,219.25,219.25,219.25,219.25,0,900
1359,2022-06-23 15:23:00+05:30,219.25,219.25,219.25,219.25,0,900
1360,2022-06-23 15:24:00+05:30,219.25,219.25,219.25,219.25,0,900
1361,2022-06-23 15:25:00+05:30,219.25,219.25,219.25,219.25,0,900
1362,2022-06-23 15:26:00+05:30,219.25,219.25,198.3,198.3,50,875
1363,2022-06-23 15:27:00+05:30,198.3,198.3,198.3,198.3,0,875
1364,2022-06-23 15:28:00+05:30,198.3,198.3,198.3,198.3,0,875
1365,2022-06-23 15:29:00+05:30,198.3,198.3,198.3,198.3,0,875
1366,2022-06-24 09:28:00+05:30,157.15,157.15,157.15,157.15,0,900
1367,2022-06-24 09:29:00+05:30,157.15,157.15,157.15,157.15,0,900
1368,2022-06-24 09:30:00+05:30,157.15,157.15,157.15,157.15,0,900
1369,2022-06-24 09:31:00+05:30,157.15,157.15,157.15,157.15,0,900
1370,2022-06-24 09:32:00+05:30,157.15,157.15,157.15,157.15,0,900
1371,2022-06-24 09:33:00+05:30,157.15,157.15,157.15,157.15,0,900
1372,2022-06-24 09:34:00+05:30,157.15,157.15,157.15,157.15,0,900
1373,2022-06-24 09:35:00+05:30,157.15,157.15,157.15,157.15,0,900
1374,2022-06-24 09:36:00+05:30,157.15,157.15,157.15,157.15,0,900
1375,2022-06-24 09:37:00+05:30,157.15,157.15,157.15,157.15,0,900
1376,2022-06-24 09:38:00+05:30,157.15,157.15,157.15,157.15,0,900
1377,2022-06-24 09:39:00+05:30,157.15,157.15,157.15,157.15,0,900
1378,2022-06-24 09:40:00+05:30,157.15,157.15,157.15,157.15,0,900
1379,2022-06-24 09:41:00+05:30,157.15,157.15,157.15,157.15,0,900
1380,2022-06-24 09:42:00+05:30,157.15,157.15,157.15,157.15,0,900
1381,2022-06-24 09:43:00+05:30,157.15,157.15,157.15,157.15,0,900
1382,2022-06-24 09:44:00+05:30,157.15,157.15,157.15,157.15,0,900
1383,2022-06-24 09:45:00+05:30,157.15,157.15,157.15,157.15,0,900
1384,2022-06-24 09:46:00+05:30,157.15,157.15,157.15,157.15,0,900
1385,2022-06-24 09:47:00+05:30,157.15,157.15,157.15,157.15,0,900
1386,2022-06-24 09:48:00+05:30,157.15,157.15,157.15,157.15,0,900
1387,2022-06-24 09:49:00+05:30,157.15,157.15,157.15,157.15,0,900
1388,2022-06-24 09:50:00+05:30,157.15,157.15,157.15,157.15,0,900
1389,2022-06-24 09:51:00+05:30,157.15,157.15,157.15,157.15,0,900
1390,2022-06-24 09:52:00+05:30,157.15,157.15,157.15,157.15,0,900
1391,2022-06-24 09:53:00+05:30,157.15,157.15,157.15,157.15,0,900
1392,2022-06-24 09:54:00+05:30,157.15,157.15,157.15,157.15,0,900
1393,2022-06-24 09:55:00+05:30,157.15,157.15,157.15,157.15,0,900
1394,2022-06-24 09:56:00+05:30,157.15,157.15,157.15,157.15,0,900
1395,2022-06-24 09:57:00+05:30,165.2,165.2,165.2,165.2,75,900
1396,2022-06-24 09:58:00+05:30,165.2,165.2,165.2,165.2,0,900
1397,2022-06-24 09:59:00+05:30,165.2,165.2,165.2,165.2,0,900
1398,2022-06-24 10:00:00+05:30,165.2,165.2,165.2,165.2,0,900
1399,2022-06-24 10:01:00+05:30,165.2,165.2,165.2,165.2,0,900
1400,2022-06-24 10:02:00+05:30,165.2,165.2,165.2,165.2,0,900
1401,2022-06-24 10:03:00+05:30,165.2,165.2,165.2,165.2,0,900
1402,2022-06-24 10:04:00+05:30,165.2,165.2,165.2,165.2,0,900
1403,2022-06-24 10:05:00+05:30,165.2,165.2,165.2,165.2,0,900
1404,2022-06-24 10:06:00+05:30,165.2,165.2,165.2,165.2,0,900
1405,2022-06-24 10:07:00+05:30,165.2,165.2,165.2,165.2,0,900
1406,2022-06-24 10:08:00+05:30,165.2,165.2,165.2,165.2,0,900
1407,2022-06-24 10:09:00+05:30,165.2,165.2,165.2,165.2,0,900
1408,2022-06-24 10:10:00+05:30,165.2,165.2,165.2,165.2,0,900
1409,2022-06-24 10:11:00+05:30,165.2,165.2,165.2,165.2,0,900
1410,2022-06-24 10:12:00+05:30,165.2,165.2,165.2,165.2,0,900
1411,2022-06-24 10:13:00+05:30,165.2,165.2,165.2,165.2,0,900
1412,2022-06-24 10:14:00+05:30,165.2,165.2,165.2,165.2,0,900
1413,2022-06-24 10:15:00+05:30,165.2,165.2,165.2,165.2,0,900
1414,2022-06-24 10:16:00+05:30,165.2,165.2,165.2,165.2,0,900
1415,2022-06-24 10:17:00+05:30,165.2,165.2,165.2,165.2,0,900
1416,2022-06-24 10:18:00+05:30,165.2,165.2,165.2,165.2,0,900
1417,2022-06-24 10:19:00+05:30,165.2,165.2,165.2,165.2,0,900
1418,2022-06-24 10:20:00+05:30,165.2,165.2,165.2,165.2,0,900
1419,2022-06-24 10:21:00+05:30,165.2,165.2,165.2,165.2,0,900
1420,2022-06-24 10:22:00+05:30,165.2,165.2,165.2,165.2,0,900
1421,2022-06-24 10:23:00+05:30,165.2,165.2,165.2,165.2,0,900
1422,2022-06-24 10:24:00+05:30,165.2,165.2,165.2,165.2,0,900
1423,2022-06-24 10:25:00+05:30,165.2,170.0,165.2,170.0,25,825
1424,2022-06-24 10:26:00+05:30,170.0,170.0,170.0,170.0,0,825
1425,2022-06-24 10:27:00+05:30,170.0,170.0,170.0,170.0,0,825
1426,2022-06-24 10:28:00+05:30,170.0,170.0,170.0,170.0,0,825
1427,2022-06-24 10:29:00+05:30,170.0,170.0,170.0,170.0,0,825
1428,2022-06-24 10:30:00+05:30,170.0,170.0,170.0,170.0,0,825
1429,2022-06-24 10:31:00+05:30,170.0,170.0,170.0,170.0,0,825
1430,2022-06-24 10:32:00+05:30,170.0,170.0,170.0,170.0,0,825
1431,2022-06-24 10:33:00+05:30,170.0,170.0,170.0,170.0,0,825
1432,2022-06-24 10:34:00+05:30,170.0,170.0,170.0,170.0,0,825
1433,2022-06-24 10:35:00+05:30,170.0,170.0,170.0,170.0,0,825
1434,2022-06-24 10:36:00+05:30,170.0,170.0,170.0,170.0,0,825
1435,2022-06-24 10:37:00+05:30,170.0,170.0,170.0,170.0,0,825
1436,2022-06-24 10:38:00+05:30,170.0,170.0,170.0,170.0,0,825
1437,2022-06-24 10:39:00+05:30,170.0,170.0,170.0,170.0,0,825
1438,2022-06-24 10:40:00+05:30,170.0,170.0,170.0,170.0,0,825
1439,2022-06-24 10:41:00+05:30,170.0,170.0,170.0,170.0,0,825
1440,2022-06-24 10:42:00+05:30,170.0,170.0,170.0,170.0,0,825
1441,2022-06-24 10:43:00+05:30,170.0,170.0,170.0,170.0,0,825
1442,2022-06-24 10:44:00+05:30,170.0,170.0,170.0,170.0,0,825
1443,2022-06-24 10:45:00+05:30,170.0,170.0,170.0,170.0,0,825
1444,2022-06-24 10:46:00+05:30,170.0,170.0,170.0,170.0,0,825
1445,2022-06-24 10:47:00+05:30,170.0,170.0,170.0,170.0,0,825
1446,2022-06-24 10:48:00+05:30,170.0,170.0,170.0,170.0,0,825
1447,2022-06-24 10:49:00+05:30,170.0,170.0,170.0,170.0,0,825
1448,2022-06-24 10:50:00+05:30,170.0,174.45,170.0,174.45,0,850
1449,2022-06-24 10:51:00+05:30,174.45,174.45,174.45,174.45,25,850
1450,2022-06-24 10:52:00+05:30,174.45,174.45,174.45,174.45,0,850
1451,2022-06-24 10:53:00+05:30,174.45,174.45,174.45,174.45,0,850
1452,2022-06-24 10:54:00+05:30,174.45,174.45,174.45,174.45,0,850
1453,2022-06-24 10:55:00+05:30,174.45,174.45,174.45,174.45,0,850
1454,2022-06-24 10:56:00+05:30,174.45,174.45,174.45,174.45,0,850
1455,2022-06-24 10:57:00+05:30,174.45,174.45,174.45,174.45,0,850
1456,2022-06-24 10:58:00+05:30,174.45,174.45,174.45,174.45,0,850
1457,2022-06-24 10:59:00+05:30,174.45,174.45,174.45,174.45,0,850
1458,2022-06-24 11:00:00+05:30,174.45,174.45,174.45,174.45,0,850
1459,2022-06-24 11:01:00+05:30,174.45,174.45,174.45,174.45,0,850
1460,2022-06-24 11:02:00+05:30,174.45,174.45,174.45,174.45,0,850
1461,2022-06-24 11:04:00+05:30,174.45,174.45,174.45,174.45,0,850
1462,2022-06-24 11:05:00+05:30,174.45,174.45,174.45,174.45,0,850
1463,2022-06-24 11:06:00+05:30,174.45,174.45,174.45,174.45,0,850
1464,2022-06-24 11:07:00+05:30,174.45,174.45,174.45,174.45,0,850
1465,2022-06-24 11:08:00+05:30,174.45,174.45,174.45,174.45,0,850
1466,2022-06-24 11:09:00+05:30,174.45,174.45,174.45,174.45,0,850
1467,2022-06-24 11:10:00+05:30,174.45,174.45,174.45,174.45,0,850
1468,2022-06-24 11:11:00+05:30,174.45,174.45,174.45,174.45,0,850
1469,2022-06-24 11:12:00+05:30,174.45,174.45,174.45,174.45,0,850
1470,2022-06-24 11:13:00+05:30,174.45,174.45,174.45,174.45,0,850
1471,2022-06-24 11:14:00+05:30,174.45,174.45,174.45,174.45,0,850
1472,2022-06-24 11:15:00+05:30,174.45,174.45,174.45,174.45,0,850
1473,2022-06-24 11:16:00+05:30,174.45,174.45,174.45,174.45,0,850
1474,2022-06-24 11:17:00+05:30,174.45,174.45,174.45,174.45,0,850
1475,2022-06-24 11:18:00+05:30,174.45,174.45,174.45,174.45,0,850
1476,2022-06-24 11:19:00+05:30,174.45,174.45,174.45,174.45,0,850
1477,2022-06-24 11:20:00+05:30,174.45,174.45,174.45,174.45,0,850
1478,2022-06-24 11:22:00+05:30,174.45,174.45,174.45,174.45,0,850
1479,2022-06-24 11:23:00+05:30,174.45,174.45,174.45,174.45,0,850
1480,2022-06-24 11:25:00+05:30,174.45,174.45,174.45,174.45,0,850
1481,2022-06-24 11:26:00+05:30,174.45,174.45,174.45,174.45,0,850
1482,2022-06-24 11:27:00+05:30,174.45,174.45,174.45,174.45,0,850
1483,2022-06-24 11:28:00+05:30,174.45,174.45,174.45,174.45,0,850
1484,2022-06-24 11:29:00+05:30,174.45,174.45,174.45,174.45,0,850
1485,2022-06-24 11:30:00+05:30,174.45,174.45,174.45,174.45,0,850
1486,2022-06-24 11:31:00+05:30,174.45,174.45,174.45,174.45,0,850
1487,2022-06-24 11:32:00+05:30,174.45,174.45,174.45,174.45,0,850
1488,2022-06-24 11:33:00+05:30,174.45,174.45,174.45,174.45,0,850
1489,2022-06-24 11:34:00+05:30,174.45,174.45,174.45,174.45,0,850
1490,2022-06-24 11:35:00+05:30,174.45,174.45,174.45,174.45,0,850
1491,2022-06-24 11:36:00+05:30,174.45,174.45,174.45,174.45,0,850
1492,2022-06-24 11:37:00+05:30,174.45,174.45,174.45,174.45,0,850
1493,2022-06-24 11:38:00+05:30,174.45,174.45,174.45,174.45,0,850
1494,2022-06-24 11:39:00+05:30,174.45,174.45,174.45,174.45,0,850
1495,2022-06-24 11:40:00+05:30,174.45,174.45,174.45,174.45,0,850
1496,2022-06-24 11:41:00+05:30,174.45,174.45,174.45,174.45,0,850
1497,2022-06-24 11:42:00+05:30,174.45,174.45,174.45,174.45,0,850
1498,2022-06-24 11:43:00+05:30,174.45,174.45,174.45,174.45,0,850
1499,2022-06-24 11:44:00+05:30,174.45,174.45,174.45,174.45,0,850
1500,2022-06-24 11:45:00+05:30,174.45,174.45,174.45,174.45,0,850
1501,2022-06-24 11:46:00+05:30,174.45,174.45,174.45,174.45,0,850
1502,2022-06-24 11:47:00+05:30,174.45,174.45,174.45,174.45,0,850
1503,2022-06-24 11:48:00+05:30,174.45,174.45,174.45,174.45,0,850
1504,2022-06-24 11:49:00+05:30,174.45,174.45,174.45,174.45,0,850
1505,2022-06-24 11:50:00+05:30,174.45,174.45,174.45,174.45,0,850
1506,2022-06-24 11:51:00+05:30,174.45,174.45,174.45,174.45,0,850
1507,2022-06-24 11:52:00+05:30,174.45,174.45,174.45,174.45,0,850
1508,2022-06-24 11:53:00+05:30,174.45,174.45,174.45,174.45,0,850
1509,2022-06-24 11:54:00+05:30,174.45,174.45,174.45,174.45,0,850
1510,2022-06-24 11:55:00+05:30,174.45,174.45,174.45,174.45,0,850
1511,2022-06-24 11:56:00+05:30,174.45,174.45,174.45,174.45,0,850
1512,2022-06-24 11:57:00+05:30,174.45,174.45,174.45,174.45,0,850
1513,2022-06-24 11:58:00+05:30,174.45,174.45,174.45,174.45,0,850
1514,2022-06-24 11:59:00+05:30,174.45,174.45,174.45,174.45,0,850
1515,2022-06-24 12:00:00+05:30,174.45,174.45,174.45,174.45,0,850
1516,2022-06-24 12:01:00+05:30,174.45,174.45,174.45,174.45,0,850
1517,2022-06-24 12:02:00+05:30,174.45,174.45,174.45,174.45,0,850
1518,2022-06-24 12:03:00+05:30,174.45,174.45,174.45,174.45,0,850
1519,2022-06-24 12:04:00+05:30,174.45,174.45,174.45,174.45,0,850
1520,2022-06-24 12:05:00+05:30,174.45,174.45,174.45,174.45,0,850
1521,2022-06-24 12:06:00+05:30,174.45,174.45,174.45,174.45,0,850
1522,2022-06-24 12:07:00+05:30,174.45,174.45,174.45,174.45,0,850
1523,2022-06-24 12:08:00+05:30,174.45,174.45,174.45,174.45,0,850
1524,2022-06-24 12:09:00+05:30,174.45,174.45,174.45,174.45,0,850
1525,2022-06-24 12:10:00+05:30,174.45,174.45,174.45,174.45,0,850
1526,2022-06-24 12:11:00+05:30,174.45,174.45,174.45,174.45,0,850
1527,2022-06-24 12:12:00+05:30,174.45,174.45,174.45,174.45,0,850
1528,2022-06-24 12:13:00+05:30,174.45,174.45,174.45,174.45,0,850
1529,2022-06-24 12:14:00+05:30,174.45,174.45,174.45,174.45,0,850
1530,2022-06-24 12:15:00+05:30,174.45,174.45,174.45,174.45,0,850
1531,2022-06-24 12:16:00+05:30,174.45,174.45,174.45,174.45,0,850
1532,2022-06-24 12:17:00+05:30,174.45,174.45,174.45,174.45,0,850
1533,2022-06-24 12:18:00+05:30,174.45,174.45,174.45,174.45,0,850
1534,2022-06-24 12:19:00+05:30,174.45,174.45,174.45,174.45,0,850
1535,2022-06-24 12:20:00+05:30,174.45,174.45,174.45,174.45,0,850
1536,2022-06-24 12:21:00+05:30,174.45,174.45,174.45,174.45,0,850
1537,2022-06-24 12:22:00+05:30,174.45,174.45,174.45,174.45,0,850
1538,2022-06-24 12:23:00+05:30,174.45,174.45,174.45,174.45,0,850
1539,2022-06-24 12:24:00+05:30,174.45,174.45,174.45,174.45,0,850
1540,2022-06-24 12:25:00+05:30,174.45,174.45,174.45,174.45,0,850
1541,2022-06-24 12:26:00+05:30,174.45,174.45,174.45,174.45,0,850
1542,2022-06-24 12:27:00+05:30,174.45,174.45,174.45,174.45,0,850
1543,2022-06-24 12:28:00+05:30,174.45,174.45,174.45,174.45,0,850
1544,2022-06-24 12:29:00+05:30,174.45,174.45,174.45,174.45,0,850
1545,2022-06-24 12:30:00+05:30,174.45,174.45,174.45,174.45,0,850
1546,2022-06-24 12:31:00+05:30,174.45,174.45,174.45,174.45,0,850
1547,2022-06-24 12:32:00+05:30,174.45,174.45,174.45,174.45,0,850
1548,2022-06-24 12:33:00+05:30,174.45,174.45,174.45,174.45,0,850
1549,2022-06-24 12:34:00+05:30,174.45,174.45,174.45,174.45,0,850
1550,2022-06-24 12:35:00+05:30,174.45,174.45,174.45,174.45,0,850
1551,2022-06-24 12:36:00+05:30,174.45,174.45,174.45,174.45,0,850
1552,2022-06-24 12:37:00+05:30,174.45,174.45,174.45,174.45,0,850
1553,2022-06-24 12:38:00+05:30,174.45,174.45,174.45,174.45,0,850
1554,2022-06-24 12:39:00+05:30,174.45,174.45,174.45,174.45,0,850
1555,2022-06-24 12:40:00+05:30,174.45,174.45,174.45,174.45,0,850
1556,2022-06-24 12:41:00+05:30,174.45,174.45,174.45,174.45,0,850
1557,2022-06-24 12:42:00+05:30,174.45,174.45,174.45,174.45,0,850
1558,2022-06-24 12:43:00+05:30,174.45,174.45,174.45,174.45,0,850
1559,2022-06-24 12:44:00+05:30,174.45,174.45,174.45,174.45,0,850
1560,2022-06-24 12:45:00+05:30,174.45,174.45,174.45,174.45,0,850
1561,2022-06-24 12:46:00+05:30,174.45,174.45,174.45,174.45,0,850
1562,2022-06-24 12:47:00+05:30,174.45,174.45,174.45,174.45,0,850
1563,2022-06-24 12:48:00+05:30,174.45,174.45,174.45,174.45,0,850
1564,2022-06-24 12:49:00+05:30,174.45,174.45,174.45,174.45,0,850
1565,2022-06-24 12:50:00+05:30,174.45,174.45,174.45,174.45,0,850
1566,2022-06-24 12:51:00+05:30,174.45,174.45,174.45,174.45,0,850
1567,2022-06-24 12:52:00+05:30,174.45,174.45,174.45,174.45,0,850
1568,2022-06-24 12:53:00+05:30,174.45,174.45,174.45,174.45,0,850
1569,2022-06-24 12:54:00+05:30,174.45,174.45,174.45,174.45,0,850
1570,2022-06-24 12:55:00+05:30,174.45,174.45,174.45,174.45,0,850
1571,2022-06-24 12:56:00+05:30,174.45,174.45,174.45,174.45,0,850
1572,2022-06-24 12:57:00+05:30,174.45,174.45,174.45,174.45,0,850
1573,2022-06-24 12:58:00+05:30,174.45,174.45,174.45,174.45,0,850
1574,2022-06-24 12:59:00+05:30,174.45,174.45,174.45,174.45,0,850
1575,2022-06-24 13:00:00+05:30,174.45,174.45,174.45,174.45,0,850
1576,2022-06-24 13:01:00+05:30,174.45,174.45,174.45,174.45,0,850
1577,2022-06-24 13:02:00+05:30,174.45,174.45,174.45,174.45,0,850
1578,2022-06-24 13:03:00+05:30,174.45,174.45,174.45,174.45,0,850
1579,2022-06-24 13:04:00+05:30,174.45,174.45,174.45,174.45,0,850
1580,2022-06-24 13:05:00+05:30,174.45,174.45,174.45,174.45,0,850
1581,2022-06-24 13:06:00+05:30,174.45,174.45,174.45,174.45,0,850
1582,2022-06-24 13:07:00+05:30,174.45,174.45,174.45,174.45,0,850
1583,2022-06-24 13:08:00+05:30,174.45,174.45,174.45,174.45,0,850
1584,2022-06-24 13:09:00+05:30,174.45,174.45,174.45,174.45,0,850
1585,2022-06-24 13:10:00+05:30,166.0,166.0,166.0,166.0,25,850
1586,2022-06-24 13:11:00+05:30,166.0,166.0,166.0,166.0,0,850
1587,2022-06-24 13:12:00+05:30,166.0,166.0,166.0,166.0,0,850
1588,2022-06-24 13:13:00+05:30,166.0,166.0,166.0,166.0,0,850
1589,2022-06-24 13:14:00+05:30,166.0,166.0,166.0,166.0,0,850
1590,2022-06-24 13:15:00+05:30,166.0,166.0,166.0,166.0,0,850
1591,2022-06-24 13:16:00+05:30,166.0,166.0,166.0,166.0,0,850
1592,2022-06-24 13:17:00+05:30,166.0,166.0,166.0,166.0,0,850
1593,2022-06-24 13:18:00+05:30,166.0,166.0,166.0,166.0,0,850
1594,2022-06-24 13:19:00+05:30,166.0,166.0,166.0,166.0,0,850
1595,2022-06-24 13:20:00+05:30,166.0,166.0,166.0,166.0,0,850
1596,2022-06-24 13:21:00+05:30,166.0,166.0,166.0,166.0,0,850
1597,2022-06-24 13:22:00+05:30,166.0,170.0,166.0,170.0,25,850
1598,2022-06-24 13:23:00+05:30,170.0,170.0,170.0,170.0,0,850
1599,2022-06-24 13:24:00+05:30,170.0,170.0,170.0,170.0,0,850
1600,2022-06-24 13:25:00+05:30,170.0,170.0,170.0,170.0,0,850
1601,2022-06-24 13:26:00+05:30,170.0,170.0,170.0,170.0,0,850
1602,2022-06-24 13:27:00+05:30,170.0,170.0,170.0,170.0,0,850
1603,2022-06-24 13:28:00+05:30,170.0,170.0,170.0,170.0,0,850
1604,2022-06-24 13:29:00+05:30,170.0,170.0,170.0,170.0,0,850
1605,2022-06-24 13:30:00+05:30,170.0,170.0,170.0,170.0,0,850
1606,2022-06-24 13:31:00+05:30,170.0,170.0,170.0,170.0,0,850
1607,2022-06-24 13:32:00+05:30,170.0,170.0,170.0,170.0,0,850
1608,2022-06-24 13:33:00+05:30,170.0,170.0,170.0,170.0,0,850
1609,2022-06-24 13:34:00+05:30,170.0,170.0,170.0,170.0,0,850
1610,2022-06-24 13:35:00+05:30,170.0,170.0,170.0,170.0,0,850
1611,2022-06-24 13:36:00+05:30,170.0,170.0,170.0,170.0,0,850
1612,2022-06-24 13:37:00+05:30,170.0,170.0,170.0,170.0,0,850
1613,2022-06-24 13:38:00+05:30,170.0,170.0,170.0,170.0,0,850
1614,2022-06-24 13:39:00+05:30,170.0,170.0,170.0,170.0,0,850
1615,2022-06-24 13:40:00+05:30,170.0,170.0,170.0,170.0,0,850
1616,2022-06-24 13:41:00+05:30,170.0,170.0,170.0,170.0,0,850
1617,2022-06-24 13:42:00+05:30,170.0,170.0,170.0,170.0,0,850
1618,2022-06-24 13:43:00+05:30,170.0,170.0,170.0,170.0,0,850
1619,2022-06-24 13:44:00+05:30,170.0,170.0,170.0,170.0,0,850
1620,2022-06-24 13:45:00+05:30,170.0,170.0,170.0,170.0,0,850
1621,2022-06-24 13:46:00+05:30,170.0,170.0,170.0,170.0,0,850
1622,2022-06-24 13:47:00+05:30,170.0,170.0,170.0,170.0,0,850
1623,2022-06-24 13:48:00+05:30,170.0,170.0,170.0,170.0,0,850
1624,2022-06-24 13:49:00+05:30,170.0,170.0,170.0,170.0,0,850
1625,2022-06-24 13:50:00+05:30,170.0,170.0,170.0,170.0,0,850
1626,2022-06-24 13:51:00+05:30,170.0,170.0,170.0,170.0,0,850
1627,2022-06-24 13:52:00+05:30,170.0,170.0,170.0,170.0,0,850
1628,2022-06-24 13:53:00+05:30,170.0,170.0,170.0,170.0,0,850
1629,2022-06-24 13:54:00+05:30,170.0,170.0,170.0,170.0,0,850
1630,2022-06-24 13:55:00+05:30,170.0,170.0,170.0,170.0,0,850
1631,2022-06-24 13:56:00+05:30,170.0,170.0,170.0,170.0,0,850
1632,2022-06-24 13:57:00+05:30,170.0,170.0,170.0,170.0,0,850
1633,2022-06-24 13:58:00+05:30,170.0,170.0,170.0,170.0,0,850
1634,2022-06-24 13:59:00+05:30,170.0,170.0,170.0,170.0,0,850
1635,2022-06-24 14:00:00+05:30,170.0,170.0,170.0,170.0,0,850
1636,2022-06-24 14:01:00+05:30,170.0,170.0,170.0,170.0,0,850
1637,2022-06-24 14:02:00+05:30,170.0,170.0,170.0,170.0,0,850
1638,2022-06-24 14:03:00+05:30,170.0,170.0,170.0,170.0,0,850
1639,2022-06-24 14:04:00+05:30,170.0,170.0,170.0,170.0,0,850
1640,2022-06-24 14:05:00+05:30,170.0,170.0,170.0,170.0,0,850
1641,2022-06-24 14:06:00+05:30,170.0,170.0,170.0,170.0,0,850
1642,2022-06-24 14:07:00+05:30,170.0,170.0,170.0,170.0,0,850
1643,2022-06-24 14:08:00+05:30,170.0,170.0,170.0,170.0,0,850
1644,2022-06-24 14:09:00+05:30,170.0,170.0,170.0,170.0,0,850
1645,2022-06-24 14:10:00+05:30,170.0,170.0,170.0,170.0,0,850
1646,2022-06-24 14:11:00+05:30,170.0,170.0,170.0,170.0,0,850
1647,2022-06-24 14:12:00+05:30,170.0,170.0,170.0,170.0,0,850
1648,2022-06-24 14:13:00+05:30,170.0,170.0,170.0,170.0,0,850
1649,2022-06-24 14:14:00+05:30,170.0,170.0,170.0,170.0,0,850
1650,2022-06-24 14:15:00+05:30,170.0,170.0,170.0,170.0,0,850
1651,2022-06-24 14:16:00+05:30,170.0,170.0,170.0,170.0,0,850
1652,2022-06-24 14:17:00+05:30,170.0,170.0,170.0,170.0,0,850
1653,2022-06-24 14:18:00+05:30,170.0,170.0,170.0,170.0,0,850
1654,2022-06-24 14:19:00+05:30,170.0,170.0,170.0,170.0,0,850
1655,2022-06-24 14:20:00+05:30,170.0,170.0,170.0,170.0,0,850
1656,2022-06-24 14:21:00+05:30,170.0,170.0,170.0,170.0,0,850
1657,2022-06-24 14:22:00+05:30,170.0,170.0,170.0,170.0,0,850
1658,2022-06-24 14:23:00+05:30,170.0,170.0,170.0,170.0,0,850
1659,2022-06-24 14:24:00+05:30,170.0,170.0,170.0,170.0,0,850
1660,2022-06-24 14:25:00+05:30,170.0,170.0,170.0,170.0,0,850
1661,2022-06-24 14:26:00+05:30,170.0,170.0,170.0,170.0,0,850
1662,2022-06-24 14:27:00+05:30,170.0,170.0,170.0,170.0,0,850
1663,2022-06-24 14:28:00+05:30,170.0,170.0,170.0,170.0,0,850
1664,2022-06-24 14:29:00+05:30,170.0,170.0,170.0,170.0,0,850
1665,2022-06-24 14:30:00+05:30,170.0,170.0,170.0,170.0,0,850
1666,2022-06-24 14:31:00+05:30,170.0,170.0,170.0,170.0,0,850
1667,2022-06-24 14:32:00+05:30,170.0,170.0,164.35,164.35,25,875
1668,2022-06-24 14:33:00+05:30,164.35,164.35,164.35,164.35,0,875
1669,2022-06-24 14:34:00+05:30,164.35,164.35,164.35,164.35,0,875
1670,2022-06-24 14:35:00+05:30,164.35,164.35,164.35,164.35,0,875
1671,2022-06-24 14:36:00+05:30,164.35,164.35,164.35,164.35,0,875
1672,2022-06-24 14:37:00+05:30,164.35,164.35,164.35,164.35,0,875
1673,2022-06-24 14:38:00+05:30,164.35,164.35,164.35,164.35,0,875
1674,2022-06-24 14:39:00+05:30,164.35,164.35,164.35,164.35,0,875
1675,2022-06-24 14:40:00+05:30,164.35,164.35,164.35,164.35,0,875
1676,2022-06-24 14:41:00+05:30,164.35,164.35,164.35,164.35,0,875
1677,2022-06-24 14:42:00+05:30,164.35,164.35,164.35,164.35,0,875
1678,2022-06-24 14:43:00+05:30,164.35,164.35,164.35,164.35,0,875
1679,2022-06-24 14:44:00+05:30,164.35,164.35,164.35,164.35,0,875
1680,2022-06-24 14:45:00+05:30,164.35,164.35,164.35,164.35,0,875
1681,2022-06-24 14:46:00+05:30,164.35,164.35,164.35,164.35,0,875
1682,2022-06-24 14:47:00+05:30,164.35,164.35,164.35,164.35,0,875
1683,2022-06-24 14:48:00+05:30,164.35,164.35,164.35,164.35,0,875
1684,2022-06-24 14:49:00+05:30,164.35,164.35,164.35,164.35,0,875
1685,2022-06-24 14:50:00+05:30,164.35,164.35,164.35,164.35,0,875
1686,2022-06-24 14:51:00+05:30,164.35,164.35,164.35,164.35,0,875
1687,2022-06-24 14:52:00+05:30,164.35,164.35,164.35,164.35,0,875
1688,2022-06-24 14:53:00+05:30,164.35,164.35,164.35,164.35,0,875
1689,2022-06-24 14:54:00+05:30,164.35,164.35,164.35,164.35,0,875
1690,2022-06-24 14:55:00+05:30,164.35,164.35,164.35,164.35,0,875
1691,2022-06-24 14:56:00+05:30,164.35,164.35,164.35,164.35,0,875
1692,2022-06-24 14:57:00+05:30,164.35,164.35,164.35,164.35,0,875
1693,2022-06-24 14:58:00+05:30,164.35,164.35,164.35,164.35,0,875
1694,2022-06-24 14:59:00+05:30,164.35,164.35,164.35,164.35,0,875
1695,2022-06-24 15:00:00+05:30,164.35,164.35,164.35,164.35,0,875
1696,2022-06-24 15:01:00+05:30,164.35,164.35,164.35,164.35,0,875
1697,2022-06-24 15:02:00+05:30,164.35,164.35,164.35,164.35,0,875
1698,2022-06-24 15:03:00+05:30,164.35,164.35,164.35,164.35,0,875
1699,2022-06-24 15:04:00+05:30,164.35,164.35,164.35,164.35,0,875
1700,2022-06-24 15:05:00+05:30,164.35,164.35,164.35,164.35,0,875
1701,2022-06-24 15:06:00+05:30,164.35,169.0,162.35,162.35,1125,900
1702,2022-06-24 15:07:00+05:30,162.35,162.35,162.35,162.35,0,900
1703,2022-06-24 15:08:00+05:30,162.35,162.35,162.35,162.35,0,900
1704,2022-06-24 15:09:00+05:30,162.35,162.35,162.35,162.35,0,900
1705,2022-06-24 15:10:00+05:30,162.35,162.35,162.35,162.35,0,900
1706,2022-06-24 15:11:00+05:30,162.35,162.35,162.35,162.35,0,900
1707,2022-06-24 15:12:00+05:30,162.35,162.35,159.0,159.0,350,1600
1708,2022-06-24 15:13:00+05:30,159.0,159.0,156.25,156.25,375,1600
1709,2022-06-24 15:14:00+05:30,156.25,156.25,156.25,156.25,0,1600
1710,2022-06-24 15:15:00+05:30,156.25,156.25,156.25,156.25,0,1600
1711,2022-06-24 15:16:00+05:30,156.25,156.25,156.25,156.25,0,1600
1712,2022-06-24 15:17:00+05:30,156.25,156.25,156.25,156.25,0,1600
1713,2022-06-24 15:18:00+05:30,156.25,156.25,156.25,156.25,0,1600
1714,2022-06-24 15:19:00+05:30,156.25,156.25,156.25,156.25,0,1600
1715,2022-06-24 15:20:00+05:30,156.25,156.25,156.25,156.25,0,1600
1716,2022-06-24 15:21:00+05:30,156.25,156.25,156.25,156.25,0,1600
1717,2022-06-24 15:22:00+05:30,156.25,156.25,156.25,156.25,0,1600
1718,2022-06-24 15:23:00+05:30,156.25,156.25,155.4,155.4,200,1850
1719,2022-06-24 15:24:00+05:30,155.4,155.4,155.4,155.4,0,1850
1720,2022-06-24 15:25:00+05:30,155.4,155.6,155.4,155.6,225,1850
1721,2022-06-24 15:26:00+05:30,155.6,155.6,155.6,155.6,0,1850
1722,2022-06-24 15:27:00+05:30,155.6,155.6,150.5,150.5,25,1825
1723,2022-06-24 15:28:00+05:30,150.5,150.5,150.5,150.5,0,1825
1724,2022-06-24 15:29:00+05:30,150.5,150.5,150.5,150.5,0,1825
1725,2022-06-27 09:40:00+05:30,125.0,125.0,125.0,125.0,0,1825
1726,2022-06-27 09:41:00+05:30,125.0,125.0,125.0,125.0,0,1825
1727,2022-06-27 09:42:00+05:30,125.0,125.0,125.0,125.0,0,1825
1728,2022-06-27 09:43:00+05:30,125.0,125.0,125.0,125.0,0,1825
1729,2022-06-27 09:44:00+05:30,125.0,125.0,125.0,125.0,0,1825
1730,2022-06-27 09:45:00+05:30,125.0,125.0,125.0,125.0,0,1825
1731,2022-06-27 09:46:00+05:30,125.0,125.0,125.0,125.0,0,1825
1732,2022-06-27 09:47:00+05:30,125.0,125.0,125.0,125.0,0,1825
1733,2022-06-27 09:48:00+05:30,125.0,125.0,125.0,125.0,0,1825
1734,2022-06-27 09:49:00+05:30,125.0,131.4,125.0,131.4,250,1825
1735,2022-06-27 09:50:00+05:30,131.4,131.4,131.4,131.4,0,1825
1736,2022-06-27 09:51:00+05:30,131.4,131.4,131.4,131.4,0,1825
1737,2022-06-27 09:52:00+05:30,131.4,131.4,131.4,131.4,0,1825
1738,2022-06-27 09:53:00+05:30,131.4,131.4,131.4,131.4,0,1825
1739,2022-06-27 09:54:00+05:30,131.4,131.4,131.4,131.4,0,1825
1740,2022-06-27 09:55:00+05:30,131.4,131.4,131.4,131.4,0,1825
1741,2022-06-27 09:56:00+05:30,131.4,131.4,131.4,131.4,0,1825
1742,2022-06-27 09:57:00+05:30,131.4,131.4,131.4,131.4,0,1825
1743,2022-06-27 09:58:00+05:30,131.4,131.4,131.4,131.4,0,1825
1744,2022-06-27 09:59:00+05:30,131.4,131.4,131.4,131.4,0,1825
1745,2022-06-27 10:00:00+05:30,131.4,131.4,131.4,131.4,0,1825
1746,2022-06-27 10:01:00+05:30,131.4,131.4,131.4,131.4,0,1825
1747,2022-06-27 10:02:00+05:30,131.4,131.4,131.4,131.4,0,1825
1748,2022-06-27 10:03:00+05:30,131.4,131.4,131.4,131.4,0,1825
1749,2022-06-27 10:04:00+05:30,131.4,131.4,131.4,131.4,0,1825
1750,2022-06-27 10:05:00+05:30,131.4,131.4,131.4,131.4,0,1825
1751,2022-06-27 10:06:00+05:30,131.4,131.4,131.4,131.4,0,1825
1752,2022-06-27 10:07:00+05:30,131.4,131.4,131.4,131.4,0,1825
1753,2022-06-27 10:08:00+05:30,131.4,131.4,131.4,131.4,0,1825
1754,2022-06-27 10:09:00+05:30,131.4,131.4,131.4,131.4,0,1825
1755,2022-06-27 10:10:00+05:30,131.4,131.4,131.4,131.4,0,1825
1756,2022-06-27 10:11:00+05:30,131.4,131.4,131.4,131.4,0,1825
1757,2022-06-27 10:12:00+05:30,131.4,131.4,131.4,131.4,0,1825
1758,2022-06-27 10:13:00+05:30,131.4,131.4,131.4,131.4,0,1825
1759,2022-06-27 10:14:00+05:30,131.4,131.4,131.4,131.4,0,1825
1760,2022-06-27 10:15:00+05:30,131.4,131.4,131.4,131.4,0,1825
1761,2022-06-27 10:16:00+05:30,131.4,131.4,131.4,131.4,0,1825
1762,2022-06-27 10:17:00+05:30,131.4,131.4,131.4,131.4,0,1825
1763,2022-06-27 10:18:00+05:30,131.4,131.4,131.4,131.4,0,1825
1764,2022-06-27 10:19:00+05:30,131.4,131.4,131.4,131.4,0,1825
1765,2022-06-27 10:20:00+05:30,131.4,131.4,131.4,131.4,0,1825
1766,2022-06-27 10:21:00+05:30,131.4,131.4,131.4,131.4,0,1825
1767,2022-06-27 10:22:00+05:30,131.4,131.4,131.4,131.4,0,1825
1768,2022-06-27 10:23:00+05:30,131.4,131.4,131.4,131.4,0,1825
1769,2022-06-27 10:24:00+05:30,131.4,131.4,131.4,131.4,0,1825
1770,2022-06-27 10:25:00+05:30,131.4,131.4,131.4,131.4,0,1825
1771,2022-06-27 10:26:00+05:30,131.4,131.4,131.4,131.4,0,1825
1772,2022-06-27 10:27:00+05:30,131.4,131.4,131.4,131.4,0,1825
1773,2022-06-27 10:28:00+05:30,131.4,131.4,131.4,131.4,0,1825
1774,2022-06-27 10:29:00+05:30,131.4,131.4,131.4,131.4,0,1825
1775,2022-06-27 10:30:00+05:30,131.4,131.4,131.4,131.4,0,1825
1776,2022-06-27 10:31:00+05:30,131.4,131.4,131.4,131.4,0,1825
1777,2022-06-27 10:32:00+05:30,131.4,131.4,131.4,131.4,0,1825
1778,2022-06-27 10:33:00+05:30,131.4,131.4,131.4,131.4,0,1825
1779,2022-06-27 10:34:00+05:30,131.4,131.4,131.4,131.4,0,1825
1780,2022-06-27 10:35:00+05:30,131.4,131.4,131.4,131.4,0,1825
1781,2022-06-27 10:36:00+05:30,131.4,131.4,131.4,131.4,0,1825
1782,2022-06-27 10:37:00+05:30,131.4,131.4,131.4,131.4,0,1825
1783,2022-06-27 10:38:00+05:30,131.4,131.4,131.4,131.4,0,1825
1784,2022-06-27 10:39:00+05:30,131.4,131.4,131.4,131.4,0,1825
1785,2022-06-27 10:40:00+05:30,131.4,131.4,131.4,131.4,0,1825
1786,2022-06-27 10:41:00+05:30,131.4,131.4,131.4,131.4,0,1825
1787,2022-06-27 10:42:00+05:30,131.4,131.4,131.4,131.4,0,1825
1788,2022-06-27 10:43:00+05:30,131.4,131.4,131.4,131.4,0,1825
1789,2022-06-27 10:44:00+05:30,131.4,131.4,131.4,131.4,0,1825
1790,2022-06-27 10:45:00+05:30,131.4,131.4,131.4,131.4,0,1825
1791,2022-06-27 10:46:00+05:30,131.4,131.4,131.4,131.4,0,1825
1792,2022-06-27 10:47:00+05:30,131.4,131.4,131.4,131.4,0,1825
1793,2022-06-27 10:48:00+05:30,131.4,131.4,131.4,131.4,0,1825
1794,2022-06-27 10:49:00+05:30,131.4,131.4,131.4,131.4,0,1825
1795,2022-06-27 10:50:00+05:30,131.4,131.4,131.4,131.4,0,1825
1796,2022-06-27 10:51:00+05:30,131.4,131.4,131.4,131.4,0,1825
1797,2022-06-27 10:52:00+05:30,131.4,131.4,131.4,131.4,0,1825
1798,2022-06-27 10:53:00+05:30,131.4,131.4,131.4,131.4,0,1825
1799,2022-06-27 10:54:00+05:30,131.4,131.4,131.4,131.4,0,1825
1800,2022-06-27 10:55:00+05:30,131.4,131.4,131.4,131.4,0,1825
1801,2022-06-27 10:56:00+05:30,131.4,131.4,131.4,131.4,0,1825
1802,2022-06-27 10:57:00+05:30,131.4,131.4,131.4,131.4,0,1825
1803,2022-06-27 10:58:00+05:30,131.4,131.4,131.4,131.4,0,1825
1804,2022-06-27 10:59:00+05:30,131.4,131.4,131.4,131.4,0,1825
1805,2022-06-27 11:00:00+05:30,131.4,131.4,131.4,131.4,0,1825
1806,2022-06-27 11:01:00+05:30,131.4,131.4,131.4,131.4,0,1825
1807,2022-06-27 11:02:00+05:30,131.4,131.4,131.4,131.4,0,1825
1808,2022-06-27 11:03:00+05:30,131.4,131.4,131.4,131.4,0,1825
1809,2022-06-27 11:04:00+05:30,131.4,131.4,131.4,131.4,0,1825
1810,2022-06-27 11:05:00+05:30,131.4,131.4,131.4,131.4,0,1825
1811,2022-06-27 11:06:00+05:30,131.4,131.4,131.4,131.4,0,1825
1812,2022-06-27 11:07:00+05:30,131.4,131.4,131.4,131.4,0,1825
1813,2022-06-27 11:08:00+05:30,131.4,131.4,131.4,131.4,0,1825
1814,2022-06-27 11:09:00+05:30,131.4,131.4,131.4,131.4,0,1825
1815,2022-06-27 11:10:00+05:30,131.4,131.4,131.4,131.4,0,1825
1816,2022-06-27 11:11:00+05:30,131.4,131.4,131.4,131.4,0,1825
1817,2022-06-27 11:12:00+05:30,131.4,131.4,131.4,131.4,0,1825
1818,2022-06-27 11:13:00+05:30,131.4,131.4,131.4,131.4,0,1825
1819,2022-06-27 11:14:00+05:30,131.4,131.4,131.4,131.4,0,1825
1820,2022-06-27 11:15:00+05:30,131.4,131.4,131.4,131.4,0,1825
1821,2022-06-27 11:16:00+05:30,131.4,131.4,131.4,131.4,0,1825
1822,2022-06-27 11:17:00+05:30,131.4,131.4,131.4,131.4,0,1825
1823,2022-06-27 11:18:00+05:30,131.4,131.4,131.4,131.4,0,1825
1824,2022-06-27 11:19:00+05:30,131.4,131.4,131.4,131.4,0,1825
1825,2022-06-27 11:20:00+05:30,131.4,131.4,131.4,131.4,0,1825
1826,2022-06-27 11:21:00+05:30,131.4,131.4,131.4,131.4,0,1825
1827,2022-06-27 11:22:00+05:30,131.4,131.4,131.4,131.4,0,1825
1828,2022-06-27 11:23:00+05:30,131.4,131.4,131.4,131.4,0,1825
1829,2022-06-27 11:24:00+05:30,131.4,131.4,131.4,131.4,0,1825
1830,2022-06-27 11:25:00+05:30,131.4,131.4,131.4,131.4,0,1825
1831,2022-06-27 11:26:00+05:30,131.4,131.4,131.4,131.4,0,1825
1832,2022-06-27 11:27:00+05:30,131.4,131.4,131.4,131.4,0,1825
1833,2022-06-27 11:28:00+05:30,131.4,131.4,131.4,131.4,0,1825
1834,2022-06-27 11:29:00+05:30,131.4,131.4,131.4,131.4,0,1825
1835,2022-06-27 11:30:00+05:30,131.4,131.4,131.4,131.4,0,1825
1836,2022-06-27 11:31:00+05:30,131.4,131.4,131.4,131.4,0,1825
1837,2022-06-27 11:32:00+05:30,131.4,131.4,131.4,131.4,0,1825
1838,2022-06-27 11:33:00+05:30,131.4,131.4,131.4,131.4,0,1825
1839,2022-06-27 11:34:00+05:30,131.4,131.4,131.4,131.4,0,1825
1840,2022-06-27 11:35:00+05:30,131.4,131.4,131.4,131.4,0,1825
1841,2022-06-27 11:36:00+05:30,131.4,131.4,131.4,131.4,0,1825
1842,2022-06-27 11:37:00+05:30,131.4,131.4,131.4,131.4,0,1825
1843,2022-06-27 11:38:00+05:30,131.4,131.4,131.4,131.4,0,1825
1844,2022-06-27 11:39:00+05:30,131.4,131.4,131.4,131.4,0,1825
1845,2022-06-27 11:40:00+05:30,131.4,131.4,131.4,131.4,0,1825
1846,2022-06-27 11:41:00+05:30,131.4,131.4,131.4,131.4,0,1825
1847,2022-06-27 11:42:00+05:30,131.4,131.4,131.4,131.4,0,1825
1848,2022-06-27 11:43:00+05:30,131.4,131.4,131.4,131.4,0,1825
1849,2022-06-27 11:44:00+05:30,131.4,131.4,131.4,131.4,0,1825
1850,2022-06-27 11:45:00+05:30,131.4,131.4,131.4,131.4,0,1825
1851,2022-06-27 11:46:00+05:30,131.4,131.4,131.4,131.4,0,1825
1852,2022-06-27 11:47:00+05:30,131.4,131.4,131.4,131.4,0,1825
1853,2022-06-27 11:48:00+05:30,131.4,131.4,131.4,131.4,0,1825
1854,2022-06-27 11:49:00+05:30,131.4,131.4,131.4,131.4,0,1825
1855,2022-06-27 11:50:00+05:30,131.4,131.4,131.4,131.4,0,1825
1856,2022-06-27 11:51:00+05:30,131.4,131.4,131.4,131.4,0,1825
1857,2022-06-27 11:52:00+05:30,131.4,131.4,131.4,131.4,0,1825
1858,2022-06-27 11:53:00+05:30,131.4,131.4,131.4,131.4,0,1825
1859,2022-06-27 11:54:00+05:30,131.4,131.4,131.4,131.4,0,1825
1860,2022-06-27 11:55:00+05:30,131.4,131.4,131.4,131.4,0,1825
1861,2022-06-27 11:56:00+05:30,131.4,131.4,131.4,131.4,0,1825
1862,2022-06-27 11:57:00+05:30,131.4,131.4,131.4,131.4,0,1825
1863,2022-06-27 11:58:00+05:30,131.4,131.4,131.4,131.4,0,1825
1864,2022-06-27 11:59:00+05:30,131.4,131.4,131.4,131.4,0,1825
1865,2022-06-27 12:00:00+05:30,131.4,131.4,131.4,131.4,0,1825
1866,2022-06-27 12:01:00+05:30,131.4,131.4,131.4,131.4,0,1825
1867,2022-06-27 12:02:00+05:30,131.4,131.4,131.4,131.4,0,1825
1868,2022-06-27 12:03:00+05:30,131.4,131.4,131.4,131.4,0,1825
1869,2022-06-27 12:04:00+05:30,131.4,131.4,131.4,131.4,0,1825
1870,2022-06-27 12:05:00+05:30,131.4,131.4,131.4,131.4,0,1825
1871,2022-06-27 12:06:00+05:30,131.4,131.4,131.4,131.4,0,1825
1872,2022-06-27 12:07:00+05:30,131.4,131.4,131.4,131.4,0,1825
1873,2022-06-27 12:08:00+05:30,131.4,131.4,131.4,131.4,0,1825
1874,2022-06-27 12:09:00+05:30,131.4,131.4,131.4,131.4,0,1825
1875,2022-06-27 12:10:00+05:30,131.4,131.4,131.4,131.4,0,1825
1876,2022-06-27 12:11:00+05:30,131.4,131.4,131.4,131.4,0,1825
1877,2022-06-27 12:12:00+05:30,131.4,131.4,131.4,131.4,0,1825
1878,2022-06-27 12:13:00+05:30,131.4,131.4,131.4,131.4,0,1825
1879,2022-06-27 12:14:00+05:30,131.4,131.4,131.4,131.4,0,1825
1880,2022-06-27 12:15:00+05:30,131.4,131.4,131.4,131.4,0,1825
1881,2022-06-27 12:16:00+05:30,131.4,131.4,131.4,131.4,0,1825
1882,2022-06-27 12:17:00+05:30,131.4,131.4,131.4,131.4,0,1825
1883,2022-06-27 12:18:00+05:30,131.4,131.4,131.4,131.4,0,1825
1884,2022-06-27 12:19:00+05:30,131.4,131.4,131.4,131.4,0,1825
1885,2022-06-27 12:20:00+05:30,131.4,131.4,131.4,131.4,0,1825
1886,2022-06-27 12:21:00+05:30,131.4,131.4,131.4,131.4,0,1825
1887,2022-06-27 12:22:00+05:30,131.4,131.4,131.4,131.4,0,1825
1888,2022-06-27 12:23:00+05:30,131.4,131.4,131.4,131.4,0,1825
1889,2022-06-27 12:24:00+05:30,131.4,131.4,131.4,131.4,0,1825
1890,2022-06-27 12:25:00+05:30,131.4,131.4,131.4,131.4,0,1825
1891,2022-06-27 12:26:00+05:30,131.4,131.4,131.4,131.4,0,1825
1892,2022-06-27 12:27:00+05:30,131.4,131.4,131.4,131.4,0,1825
1893,2022-06-27 12:28:00+05:30,131.4,131.4,131.4,131.4,0,1825
1894,2022-06-27 12:29:00+05:30,131.4,131.4,131.4,131.4,0,1825
1895,2022-06-27 12:30:00+05:30,131.4,131.4,131.4,131.4,0,1825
1896,2022-06-27 12:31:00+05:30,122.95,122.95,122.95,122.95,25,1825
1897,2022-06-27 12:32:00+05:30,115.55,116.15,115.55,116.15,25,1825
1898,2022-06-27 12:33:00+05:30,116.15,119.2,116.15,119.2,25,1825
1899,2022-06-27 12:34:00+05:30,119.2,119.2,119.2,119.2,50,1825
1900,2022-06-27 12:35:00+05:30,119.2,119.2,119.2,119.2,0,1825
1901,2022-06-27 12:36:00+05:30,119.2,119.2,119.2,119.2,0,1825
1902,2022-06-27 12:37:00+05:30,119.2,119.2,119.2,119.2,0,1825
1903,2022-06-27 12:38:00+05:30,119.2,119.2,119.2,119.2,0,1825
1904,2022-06-27 12:39:00+05:30,119.2,119.2,119.2,119.2,0,1825
1905,2022-06-27 12:40:00+05:30,119.2,119.2,119.2,119.2,0,1825
1906,2022-06-27 12:41:00+05:30,119.2,119.2,119.2,119.2,0,1825
1907,2022-06-27 12:42:00+05:30,119.2,119.2,119.2,119.2,0,1825
1908,2022-06-27 12:43:00+05:30,119.2,119.2,119.2,119.2,0,1825
1909,2022-06-27 12:44:00+05:30,119.2,119.2,119.2,119.2,0,1825
1910,2022-06-27 12:45:00+05:30,119.2,119.2,119.2,119.2,0,1825
1911,2022-06-27 12:46:00+05:30,119.2,119.2,119.2,119.2,0,1825
1912,2022-06-27 12:47:00+05:30,119.2,119.2,119.2,119.2,0,1825
1913,2022-06-27 12:48:00+05:30,119.2,119.2,119.2,119.2,0,1825
1914,2022-06-27 12:49:00+05:30,119.2,119.2,119.2,119.2,0,1825
1915,2022-06-27 12:50:00+05:30,119.2,119.2,119.2,119.2,0,1825
1916,2022-06-27 12:51:00+05:30,119.2,119.2,119.2,119.2,0,1825
1917,2022-06-27 12:52:00+05:30,119.2,119.2,119.2,119.2,0,1825
1918,2022-06-27 12:53:00+05:30,119.2,119.2,119.2,119.2,0,1825
1919,2022-06-27 12:54:00+05:30,119.2,119.2,119.2,119.2,0,1825
1920,2022-06-27 12:55:00+05:30,119.2,119.2,113.95,113.95,150,1825
1921,2022-06-27 12:56:00+05:30,113.95,113.95,113.9,113.9,25,1825
1922,2022-06-27 12:57:00+05:30,113.9,113.9,113.9,113.9,0,1825
1923,2022-06-27 12:58:00+05:30,113.9,113.9,113.9,113.9,0,1825
1924,2022-06-27 12:59:00+05:30,113.9,113.9,113.9,113.9,0,1825
1925,2022-06-27 13:00:00+05:30,113.9,113.9,113.9,113.9,0,1825
1926,2022-06-27 13:01:00+05:30,113.9,113.9,113.9,113.9,0,1825
1927,2022-06-27 13:02:00+05:30,113.9,113.9,113.9,113.9,0,1825
1928,2022-06-27 13:03:00+05:30,113.9,113.9,113.9,113.9,0,1825
1929,2022-06-27 13:04:00+05:30,113.9,113.9,113.9,113.9,0,1825
1930,2022-06-27 13:05:00+05:30,113.9,113.9,113.9,113.9,0,1825
1931,2022-06-27 13:06:00+05:30,113.9,113.9,113.9,113.9,0,1825
1932,2022-06-27 13:07:00+05:30,113.9,113.9,113.9,113.9,0,1825
1933,2022-06-27 13:08:00+05:30,113.9,113.9,113.9,113.9,0,1825
1934,2022-06-27 13:09:00+05:30,113.9,113.9,113.9,113.9,0,1825
1935,2022-06-27 13:10:00+05:30,113.9,113.9,113.9,113.9,0,1825
1936,2022-06-27 13:11:00+05:30,113.9,113.9,113.9,113.9,0,1825
1937,2022-06-27 13:12:00+05:30,113.9,113.9,113.9,113.9,0,1825
1938,2022-06-27 13:13:00+05:30,113.9,113.9,113.9,113.9,0,1825
1939,2022-06-27 13:14:00+05:30,113.9,113.9,113.9,113.9,0,1825
1940,2022-06-27 13:15:00+05:30,113.9,113.9,113.9,113.9,0,1825
1941,2022-06-27 13:16:00+05:30,113.9,113.9,113.9,113.9,0,1825
1942,2022-06-27 13:17:00+05:30,113.9,113.9,113.9,113.9,0,1825
1943,2022-06-27 13:18:00+05:30,113.9,113.9,113.9,113.9,0,1825
1944,2022-06-27 13:19:00+05:30,113.9,113.9,113.9,113.9,0,1825
1945,2022-06-27 13:20:00+05:30,113.9,113.9,113.9,113.9,0,1825
1946,2022-06-27 13:21:00+05:30,113.9,113.9,113.9,113.9,0,1825
1947,2022-06-27 13:22:00+05:30,113.9,113.9,113.9,113.9,0,1825
1948,2022-06-27 13:23:00+05:30,113.9,113.9,113.9,113.9,0,1825
1949,2022-06-27 13:24:00+05:30,113.9,113.9,113.9,113.9,0,1825
1950,2022-06-27 13:25:00+05:30,113.9,113.9,113.9,113.9,0,1825
1951,2022-06-27 13:26:00+05:30,113.9,113.9,113.9,113.9,0,1825
1952,2022-06-27 13:27:00+05:30,113.9,113.9,113.9,113.9,0,1825
1953,2022-06-27 13:28:00+05:30,113.9,113.9,113.9,113.9,0,1825
1954,2022-06-27 13:29:00+05:30,113.9,113.9,113.9,113.9,0,1825
1955,2022-06-27 13:30:00+05:30,113.9,113.9,113.9,113.9,0,1825
1956,2022-06-27 13:31:00+05:30,113.9,113.9,113.9,113.9,0,1825
1957,2022-06-27 13:32:00+05:30,113.9,113.9,113.9,113.9,0,1825
1958,2022-06-27 13:33:00+05:30,113.9,113.9,113.9,113.9,0,1825
1959,2022-06-27 13:34:00+05:30,113.9,113.9,113.9,113.9,0,1825
1960,2022-06-27 13:35:00+05:30,113.9,113.9,113.9,113.9,0,1825
1961,2022-06-27 13:36:00+05:30,113.9,113.9,113.9,113.9,0,1825
1962,2022-06-27 13:37:00+05:30,113.9,113.9,113.9,113.9,0,1825
1963,2022-06-27 13:38:00+05:30,113.9,113.9,113.9,113.9,0,1825
1964,2022-06-27 13:39:00+05:30,113.9,113.9,113.9,113.9,0,1825
1965,2022-06-27 13:40:00+05:30,113.9,113.9,113.9,113.9,0,1825
1966,2022-06-27 13:41:00+05:30,113.9,113.9,113.9,113.9,0,1825
1967,2022-06-27 13:42:00+05:30,113.9,113.9,113.9,113.9,0,1825
1968,2022-06-27 13:43:00+05:30,113.9,113.9,113.9,113.9,0,1825
1969,2022-06-27 13:44:00+05:30,113.9,113.9,113.9,113.9,0,1825
1970,2022-06-27 13:45:00+05:30,113.9,113.95,113.9,113.95,25,1825
1971,2022-06-27 13:46:00+05:30,113.95,113.95,113.95,113.95,0,1825
1972,2022-06-27 13:47:00+05:30,113.95,113.95,113.95,113.95,0,1825
1973,2022-06-27 13:48:00+05:30,113.95,113.95,113.95,113.95,0,1825
1974,2022-06-27 13:49:00+05:30,113.95,113.95,113.95,113.95,0,1825
1975,2022-06-27 13:50:00+05:30,113.95,113.95,113.95,113.95,0,1825
1976,2022-06-27 13:51:00+05:30,113.95,113.95,113.95,113.95,0,1825
1977,2022-06-27 13:52:00+05:30,113.95,113.95,113.95,113.95,0,1825
1978,2022-06-27 13:53:00+05:30,113.95,113.95,113.95,113.95,0,1825
1979,2022-06-27 13:54:00+05:30,113.95,113.95,113.95,113.95,0,1825
1980,2022-06-27 13:55:00+05:30,113.95,113.95,113.95,113.95,0,1825
1981,2022-06-27 13:56:00+05:30,113.95,113.95,113.95,113.95,0,1825
1982,2022-06-27 13:57:00+05:30,113.95,113.95,113.95,113.95,0,1825
1983,2022-06-27 13:58:00+05:30,113.95,113.95,113.95,113.95,0,1825
1984,2022-06-27 13:59:00+05:30,113.95,113.95,113.95,113.95,0,1825
1985,2022-06-27 14:00:00+05:30,113.95,113.95,113.95,113.95,0,1825
1986,2022-06-27 14:01:00+05:30,113.95,113.95,113.95,113.95,0,1825
1987,2022-06-27 14:02:00+05:30,113.95,113.95,113.95,113.95,0,1825
1988,2022-06-27 14:03:00+05:30,113.95,113.95,113.95,113.95,0,1825
1989,2022-06-27 14:04:00+05:30,113.95,113.95,113.95,113.95,0,1825
1990,2022-06-27 14:05:00+05:30,113.95,113.95,113.95,113.95,0,1825
1991,2022-06-27 14:06:00+05:30,113.95,113.95,113.95,113.95,0,1825
1992,2022-06-27 14:07:00+05:30,113.95,113.95,113.95,113.95,0,1825
1993,2022-06-27 14:08:00+05:30,122.9,122.9,122.9,122.9,125,1825
1994,2022-06-27 14:09:00+05:30,122.9,122.9,119.0,119.0,50,1950
1995,2022-06-27 14:10:00+05:30,119.0,119.0,119.0,119.0,0,1950
1996,2022-06-27 14:11:00+05:30,119.0,119.0,119.0,119.0,0,1950
1997,2022-06-27 14:12:00+05:30,119.0,119.0,119.0,119.0,0,1950
1998,2022-06-27 14:13:00+05:30,119.0,119.0,119.0,119.0,0,1950
1999,2022-06-27 14:14:00+05:30,119.0,119.0,119.0,119.0,0,1950
2000,2022-06-27 14:15:00+05:30,119.0,119.0,119.0,119.0,0,1950
2001,2022-06-27 14:16:00+05:30,119.0,119.0,119.0,119.0,0,1950
2002,2022-06-27 14:17:00+05:30,119.0,119.0,119.0,119.0,0,1950
2003,2022-06-27 14:18:00+05:30,119.0,119.0,119.0,119.0,0,1950
2004,2022-06-27 14:19:00+05:30,119.0,119.0,119.0,119.0,0,1950
2005,2022-06-27 14:20:00+05:30,119.0,119.0,119.0,119.0,0,1950
2006,2022-06-27 14:21:00+05:30,119.0,119.0,119.0,119.0,0,1950
2007,2022-06-27 14:22:00+05:30,119.0,119.0,119.0,119.0,0,1950
2008,2022-06-27 14:23:00+05:30,119.0,119.0,119.0,119.0,0,1950
2009,2022-06-27 14:24:00+05:30,119.0,119.0,119.0,119.0,0,1950
2010,2022-06-27 14:25:00+05:30,119.0,119.0,119.0,119.0,0,1950
2011,2022-06-27 14:26:00+05:30,119.0,119.0,119.0,119.0,0,1950
2012,2022-06-27 14:27:00+05:30,119.0,119.0,119.0,119.0,0,1950
2013,2022-06-27 14:28:00+05:30,119.0,122.5,119.0,122.5,25,1950
2014,2022-06-27 14:29:00+05:30,122.5,122.5,122.5,122.5,0,1950
2015,2022-06-27 14:30:00+05:30,122.5,122.5,122.5,122.5,0,1950
2016,2022-06-27 14:31:00+05:30,122.5,122.5,122.5,122.5,0,1950
2017,2022-06-27 14:32:00+05:30,122.5,122.5,122.5,122.5,0,1950
2018,2022-06-27 14:33:00+05:30,122.5,122.5,122.5,122.5,0,1950
2019,2022-06-27 14:34:00+05:30,122.5,122.5,122.5,122.5,0,1950
2020,2022-06-27 14:35:00+05:30,122.5,122.5,122.5,122.5,0,1950
2021,2022-06-27 14:36:00+05:30,122.5,122.5,122.5,122.5,0,1950
2022,2022-06-27 14:37:00+05:30,122.5,122.5,122.5,122.5,0,1950
2023,2022-06-27 14:38:00+05:30,122.5,122.5,122.5,122.5,0,1950
2024,2022-06-27 14:39:00+05:30,122.5,122.5,122.5,122.5,0,1950
2025,2022-06-27 14:40:00+05:30,122.5,122.5,122.5,122.5,0,1950
2026,2022-06-27 14:41:00+05:30,122.5,122.5,122.5,122.5,0,1950
2027,2022-06-27 14:42:00+05:30,122.5,122.5,122.5,122.5,0,1950
2028,2022-06-27 14:43:00+05:30,122.5,122.5,122.5,122.5,0,1950
2029,2022-06-27 14:44:00+05:30,122.5,122.5,122.5,122.5,0,1950
2030,2022-06-27 14:45:00+05:30,122.5,122.5,122.5,122.5,0,1950
2031,2022-06-27 14:46:00+05:30,122.5,122.5,122.5,122.5,0,1950
2032,2022-06-27 14:47:00+05:30,122.5,122.5,122.5,122.5,0,1950
2033,2022-06-27 14:48:00+05:30,122.5,122.5,122.5,122.5,0,1950
2034,2022-06-27 14:49:00+05:30,122.5,122.5,122.5,122.5,0,1950
2035,2022-06-27 14:50:00+05:30,122.5,122.5,122.5,122.5,0,1950
2036,2022-06-27 14:51:00+05:30,122.5,122.5,122.5,122.5,0,1950
2037,2022-06-27 14:52:00+05:30,122.5,122.5,122.5,122.5,0,1950
2038,2022-06-27 14:53:00+05:30,122.5,122.5,122.5,122.5,0,1950
2039,2022-06-27 14:54:00+05:30,122.5,122.5,122.5,122.5,0,1950
2040,2022-06-27 14:55:00+05:30,122.5,122.5,122.5,122.5,0,1950
2041,2022-06-27 14:56:00+05:30,122.5,122.5,122.5,122.5,0,1950
2042,2022-06-27 14:57:00+05:30,122.5,122.5,122.5,122.5,0,1950
2043,2022-06-27 14:58:00+05:30,122.5,122.5,122.5,122.5,0,1950
2044,2022-06-27 14:59:00+05:30,122.5,122.5,117.6,117.6,125,1950
2045,2022-06-27 15:00:00+05:30,117.6,117.6,117.6,117.6,0,1950
2046,2022-06-27 15:01:00+05:30,117.6,117.6,117.6,117.6,0,1950
2047,2022-06-27 15:02:00+05:30,117.6,117.6,117.6,117.6,0,1950
2048,2022-06-27 15:03:00+05:30,117.6,117.6,117.6,117.6,0,1950
2049,2022-06-27 15:04:00+05:30,117.6,117.6,117.6,117.6,0,1950
2050,2022-06-27 15:05:00+05:30,117.6,117.6,117.6,117.6,0,1950
2051,2022-06-27 15:06:00+05:30,117.6,117.6,117.6,117.6,0,1950
2052,2022-06-27 15:07:00+05:30,117.6,117.6,117.6,117.6,0,1950
2053,2022-06-27 15:08:00+05:30,117.6,117.6,117.6,117.6,0,1950
2054,2022-06-27 15:09:00+05:30,117.6,117.6,117.6,117.6,0,1950
2055,2022-06-27 15:10:00+05:30,117.6,117.6,117.6,117.6,0,1950
2056,2022-06-27 15:11:00+05:30,117.6,117.6,117.6,117.6,0,1950
2057,2022-06-27 15:12:00+05:30,117.6,117.6,117.6,117.6,0,1950
2058,2022-06-27 15:13:00+05:30,117.6,117.6,117.6,117.6,0,1950
2059,2022-06-27 15:14:00+05:30,117.6,117.6,117.6,117.6,0,1950
2060,2022-06-27 15:15:00+05:30,117.6,117.6,117.6,117.6,0,1950
2061,2022-06-27 15:16:00+05:30,117.6,117.6,117.6,117.6,0,1950
2062,2022-06-27 15:17:00+05:30,117.6,117.6,117.6,117.6,0,1950
2063,2022-06-27 15:18:00+05:30,117.6,117.6,117.6,117.6,0,1950
2064,2022-06-27 15:19:00+05:30,117.6,117.6,117.6,117.6,0,1950
2065,2022-06-27 15:20:00+05:30,117.6,117.6,117.6,117.6,0,1950
2066,2022-06-27 15:21:00+05:30,117.6,117.6,117.6,117.6,0,1950
2067,2022-06-27 15:22:00+05:30,117.6,117.6,117.6,117.6,0,1950
2068,2022-06-27 15:23:00+05:30,117.6,117.6,117.6,117.6,0,1950
2069,2022-06-27 15:24:00+05:30,117.6,117.6,117.6,117.6,0,1950
2070,2022-06-27 15:25:00+05:30,117.6,117.6,117.6,117.6,0,1950
2071,2022-06-27 15:26:00+05:30,117.6,117.6,117.6,117.6,0,1950
2072,2022-06-27 15:27:00+05:30,117.6,119.85,117.6,119.85,25,1975
2073,2022-06-27 15:28:00+05:30,119.85,119.85,119.85,119.85,0,1975
2074,2022-06-27 15:29:00+05:30,119.85,119.85,119.85,119.85,0,1975
2075,2022-06-28 09:42:00+05:30,126.7,126.7,126.7,126.7,0,1975
2076,2022-06-28 09:43:00+05:30,126.7,126.7,126.7,126.7,0,1975
2077,2022-06-28 09:44:00+05:30,126.7,126.7,126.7,126.7,0,1975
2078,2022-06-28 09:45:00+05:30,126.7,126.7,126.7,126.7,0,1975
2079,2022-06-28 09:46:00+05:30,126.7,126.7,126.7,126.7,0,1975
2080,2022-06-28 09:47:00+05:30,126.7,126.7,126.7,126.7,0,1975
2081,2022-06-28 09:48:00+05:30,126.7,126.7,126.7,126.7,0,1975
2082,2022-06-28 09:49:00+05:30,126.7,126.7,126.7,126.7,0,1975
2083,2022-06-28 09:50:00+05:30,126.7,126.7,126.7,126.7,0,1975
2084,2022-06-28 09:51:00+05:30,126.7,126.7,126.7,126.7,0,1975
2085,2022-06-28 09:52:00+05:30,126.7,126.7,126.7,126.7,0,1975
2086,2022-06-28 09:53:00+05:30,126.7,126.7,126.7,126.7,0,1975
2087,2022-06-28 09:54:00+05:30,126.7,126.7,126.7,126.7,0,1975
2088,2022-06-28 09:55:00+05:30,126.7,126.7,126.7,126.7,0,1975
2089,2022-06-28 09:56:00+05:30,126.7,126.7,126.7,126.7,0,1975
2090,2022-06-28 09:57:00+05:30,126.7,126.7,126.7,126.7,0,1975
2091,2022-06-28 09:58:00+05:30,126.7,126.7,126.7,126.7,0,1975
2092,2022-06-28 09:59:00+05:30,126.7,126.7,126.7,126.7,0,1975
2093,2022-06-28 10:00:00+05:30,126.7,126.7,126.7,126.7,0,1975
2094,2022-06-28 10:01:00+05:30,126.7,126.7,126.7,126.7,0,1975
2095,2022-06-28 10:02:00+05:30,126.7,126.7,126.7,126.7,0,1975
2096,2022-06-28 10:03:00+05:30,126.7,126.7,126.7,126.7,0,1975
2097,2022-06-28 10:04:00+05:30,126.7,126.7,126.7,126.7,0,1975
2098,2022-06-28 10:05:00+05:30,126.7,126.7,126.7,126.7,0,1975
2099,2022-06-28 10:06:00+05:30,126.7,126.7,126.7,126.7,0,1975
2100,2022-06-28 10:07:00+05:30,126.7,126.7,126.7,126.7,0,1975
2101,2022-06-28 10:08:00+05:30,126.7,126.7,126.7,126.7,0,1975
2102,2022-06-28 10:09:00+05:30,126.7,126.7,126.7,126.7,0,1975
2103,2022-06-28 10:10:00+05:30,126.7,126.7,126.7,126.7,0,1975
2104,2022-06-28 10:11:00+05:30,126.7,126.7,126.7,126.7,0,1975
2105,2022-06-28 10:12:00+05:30,126.7,126.7,126.7,126.7,0,1975
2106,2022-06-28 10:13:00+05:30,126.7,126.7,126.7,126.7,0,1975
2107,2022-06-28 10:14:00+05:30,126.7,126.7,126.7,126.7,0,1975
2108,2022-06-28 10:15:00+05:30,126.7,126.7,126.7,126.7,0,1975
2109,2022-06-28 10:16:00+05:30,126.7,126.7,126.7,126.7,0,1975
2110,2022-06-28 10:17:00+05:30,126.7,126.7,120.0,120.0,25,2000
2111,2022-06-28 10:18:00+05:30,120.0,120.0,120.0,120.0,0,2000
2112,2022-06-28 10:19:00+05:30,120.0,120.0,120.0,120.0,0,2000
2113,2022-06-28 10:20:00+05:30,120.0,120.0,120.0,120.0,0,2000
2114,2022-06-28 10:21:00+05:30,120.0,120.0,120.0,120.0,0,2000
2115,2022-06-28 10:22:00+05:30,120.0,120.0,120.0,120.0,0,2000
2116,2022-06-28 10:23:00+05:30,120.0,120.0,120.0,120.0,0,2000
2117,2022-06-28 10:24:00+05:30,120.0,120.0,120.0,120.0,0,2000
2118,2022-06-28 10:25:00+05:30,120.0,120.0,120.0,120.0,0,2000
2119,2022-06-28 10:26:00+05:30,120.0,120.0,120.0,120.0,0,2000
2120,2022-06-28 10:27:00+05:30,120.0,120.0,120.0,120.0,0,2000
2121,2022-06-28 10:28:00+05:30,120.0,120.0,120.0,120.0,0,2000
2122,2022-06-28 10:29:00+05:30,120.0,120.0,120.0,120.0,0,2000
2123,2022-06-28 10:30:00+05:30,120.0,120.0,120.0,120.0,0,2000
2124,2022-06-28 10:31:00+05:30,120.0,120.0,120.0,120.0,0,2000
2125,2022-06-28 10:32:00+05:30,120.0,120.0,120.0,120.0,0,2000
2126,2022-06-28 10:33:00+05:30,120.0,120.0,120.0,120.0,0,2000
2127,2022-06-28 10:34:00+05:30,120.0,120.0,120.0,120.0,0,2000
2128,2022-06-28 10:35:00+05:30,120.0,120.0,120.0,120.0,0,2000
2129,2022-06-28 10:36:00+05:30,120.0,120.0,120.0,120.0,0,2000
2130,2022-06-28 10:37:00+05:30,120.0,120.0,120.0,120.0,0,2000
2131,2022-06-28 10:38:00+05:30,120.0,120.0,120.0,120.0,0,2000
2132,2022-06-28 10:39:00+05:30,120.0,120.0,120.0,120.0,0,2000
2133,2022-06-28 10:40:00+05:30,120.0,120.0,120.0,120.0,0,2000
2134,2022-06-28 10:41:00+05:30,120.0,120.0,120.0,120.0,0,2000
2135,2022-06-28 10:42:00+05:30,120.0,120.0,120.0,120.0,0,2000
2136,2022-06-28 10:43:00+05:30,120.0,120.0,120.0,120.0,0,2000
2137,2022-06-28 10:44:00+05:30,120.0,120.0,120.0,120.0,0,2000
2138,2022-06-28 10:45:00+05:30,120.0,120.0,120.0,120.0,0,2000
2139,2022-06-28 10:46:00+05:30,120.0,120.0,120.0,120.0,0,2000
2140,2022-06-28 10:47:00+05:30,120.0,120.0,120.0,120.0,0,2000
2141,2022-06-28 10:48:00+05:30,120.0,120.0,120.0,120.0,0,2000
2142,2022-06-28 10:49:00+05:30,120.0,120.0,120.0,120.0,0,2000
2143,2022-06-28 10:50:00+05:30,120.0,120.0,120.0,120.0,0,2000
2144,2022-06-28 10:51:00+05:30,120.0,120.0,120.0,120.0,0,2000
2145,2022-06-28 10:52:00+05:30,120.0,120.0,120.0,120.0,0,2000
2146,2022-06-28 10:53:00+05:30,120.0,120.0,120.0,120.0,0,2000
2147,2022-06-28 10:54:00+05:30,120.0,120.0,120.0,120.0,0,2000
2148,2022-06-28 10:55:00+05:30,120.0,120.0,120.0,120.0,0,2000
2149,2022-06-28 10:56:00+05:30,120.0,120.0,120.0,120.0,0,2000
2150,2022-06-28 10:57:00+05:30,120.0,120.0,120.0,120.0,0,2000
2151,2022-06-28 10:58:00+05:30,120.0,120.0,120.0,120.0,0,2000
2152,2022-06-28 10:59:00+05:30,120.0,120.0,120.0,120.0,0,2000
2153,2022-06-28 11:00:00+05:30,120.0,120.0,120.0,120.0,0,2000
2154,2022-06-28 11:01:00+05:30,120.0,120.0,120.0,120.0,0,2000
2155,2022-06-28 11:02:00+05:30,120.0,120.0,120.0,120.0,0,2000
2156,2022-06-28 11:03:00+05:30,120.0,120.0,120.0,120.0,0,2000
2157,2022-06-28 11:04:00+05:30,120.0,120.0,120.0,120.0,0,2000
2158,2022-06-28 11:05:00+05:30,120.0,120.0,120.0,120.0,0,2000
2159,2022-06-28 11:06:00+05:30,120.0,120.0,120.0,120.0,0,2000
2160,2022-06-28 11:07:00+05:30,120.0,120.0,120.0,120.0,0,2000
2161,2022-06-28 11:08:00+05:30,120.0,121.65,120.0,121.65,125,1975
2162,2022-06-28 11:09:00+05:30,117.9,117.9,117.9,117.9,100,2100
2163,2022-06-28 11:10:00+05:30,117.9,117.9,117.9,117.9,0,2100
2164,2022-06-28 11:11:00+05:30,117.9,117.9,112.7,112.7,200,2050
2165,2022-06-28 11:12:00+05:30,112.7,112.7,112.7,112.7,0,2050
2166,2022-06-28 11:13:00+05:30,112.7,112.7,112.7,112.7,0,2050
2167,2022-06-28 11:14:00+05:30,112.7,112.7,112.7,112.7,0,2050
2168,2022-06-28 11:15:00+05:30,112.7,112.7,112.7,112.7,0,2050
2169,2022-06-28 11:16:00+05:30,112.7,112.7,112.7,112.7,0,2050
2170,2022-06-28 11:17:00+05:30,112.7,112.7,112.7,112.7,0,2050
2171,2022-06-28 11:18:00+05:30,112.7,112.7,112.7,112.7,0,2050
2172,2022-06-28 11:19:00+05:30,112.7,112.7,112.7,112.7,0,2050
2173,2022-06-28 11:20:00+05:30,112.7,112.7,112.7,112.7,0,2050
2174,2022-06-28 11:21:00+05:30,112.7,118.95,112.7,118.95,0,1850
2175,2022-06-28 11:22:00+05:30,118.95,118.95,118.95,118.95,125,1850
2176,2022-06-28 11:23:00+05:30,118.95,118.95,118.95,118.95,0,1850
2177,2022-06-28 11:24:00+05:30,118.95,118.95,118.95,118.95,0,1850
2178,2022-06-28 11:25:00+05:30,118.95,118.95,118.95,118.95,0,1850
2179,2022-06-28 11:26:00+05:30,118.95,118.95,118.95,118.95,0,1850
2180,2022-06-28 11:27:00+05:30,118.95,118.95,118.95,118.95,0,1850
2181,2022-06-28 11:28:00+05:30,118.95,118.95,118.95,118.95,0,1850
2182,2022-06-28 11:29:00+05:30,118.95,118.95,118.95,118.95,0,1850
2183,2022-06-28 11:30:00+05:30,118.95,118.95,118.95,118.95,0,1850
2184,2022-06-28 11:31:00+05:30,118.95,118.95,118.95,118.95,0,1850
2185,2022-06-28 11:32:00+05:30,118.95,118.95,118.95,118.95,0,1850
2186,2022-06-28 11:33:00+05:30,111.1,118.95,111.1,111.1,25,1975
2187,2022-06-28 11:34:00+05:30,111.1,111.1,111.1,111.1,0,1975
2188,2022-06-28 11:35:00+05:30,111.1,111.1,111.1,111.1,0,1975
2189,2022-06-28 11:36:00+05:30,111.1,111.1,111.1,111.1,0,1975
2190,2022-06-28 11:37:00+05:30,111.1,111.1,111.1,111.1,0,1975
2191,2022-06-28 11:38:00+05:30,111.1,111.1,111.1,111.1,0,1975
2192,2022-06-28 11:39:00+05:30,111.1,111.1,111.1,111.1,0,1975
2193,2022-06-28 11:40:00+05:30,111.1,111.1,111.1,111.1,0,1975
2194,2022-06-28 11:41:00+05:30,111.1,111.1,111.1,111.1,0,1975
2195,2022-06-28 11:42:00+05:30,111.1,111.1,111.1,111.1,0,1975
2196,2022-06-28 11:43:00+05:30,111.1,111.1,111.1,111.1,0,1975
2197,2022-06-28 11:44:00+05:30,111.1,111.1,111.1,111.1,0,1975
2198,2022-06-28 11:45:00+05:30,111.1,111.1,111.1,111.1,0,1975
2199,2022-06-28 11:46:00+05:30,111.1,111.1,111.1,111.1,0,1975
2200,2022-06-28 11:47:00+05:30,111.1,111.1,111.1,111.1,0,1975
2201,2022-06-28 11:48:00+05:30,110.75,110.75,110.75,110.75,50,1975
2202,2022-06-28 11:49:00+05:30,110.75,110.75,110.75,110.75,0,1975
2203,2022-06-28 11:50:00+05:30,110.75,110.75,110.75,110.75,0,1975
2204,2022-06-28 11:51:00+05:30,110.75,110.75,110.75,110.75,0,1975
2205,2022-06-28 11:52:00+05:30,110.75,110.75,110.75,110.75,0,1975
2206,2022-06-28 11:53:00+05:30,110.75,110.75,105.6,105.6,0,2025
2207,2022-06-28 11:54:00+05:30,105.6,105.6,105.6,105.6,25,2025
2208,2022-06-28 11:55:00+05:30,105.6,105.6,105.6,105.6,0,2025
2209,2022-06-28 11:56:00+05:30,105.6,105.6,105.6,105.6,0,2025
2210,2022-06-28 11:57:00+05:30,105.6,105.6,105.6,105.6,0,2025
2211,2022-06-28 11:58:00+05:30,105.6,105.6,105.6,105.6,0,2025
2212,2022-06-28 11:59:00+05:30,105.6,105.6,105.6,105.6,0,2025
2213,2022-06-28 12:00:00+05:30,105.6,105.6,105.6,105.6,0,2025
2214,2022-06-28 12:01:00+05:30,105.6,109.15,105.6,109.15,25,2025
2215,2022-06-28 12:02:00+05:30,109.15,109.15,109.15,109.15,0,2025
2216,2022-06-28 12:03:00+05:30,109.15,109.15,109.15,109.15,0,2025
2217,2022-06-28 12:04:00+05:30,109.15,109.15,109.15,109.15,0,2025
2218,2022-06-28 12:05:00+05:30,109.15,109.15,109.15,109.15,0,2025
2219,2022-06-28 12:06:00+05:30,109.15,109.15,109.15,109.15,0,2025
2220,2022-06-28 12:07:00+05:30,109.15,109.15,109.15,109.15,0,2025
2221,2022-06-28 12:08:00+05:30,109.15,109.15,109.15,109.15,0,2025
2222,2022-06-28 12:09:00+05:30,109.15,109.15,109.15,109.15,0,2025
2223,2022-06-28 12:10:00+05:30,109.15,109.15,109.15,109.15,0,2025
2224,2022-06-28 12:11:00+05:30,109.15,109.15,109.15,109.15,0,2025
2225,2022-06-28 12:12:00+05:30,109.15,109.15,109.15,109.15,0,2025
2226,2022-06-28 12:13:00+05:30,109.15,109.15,109.15,109.15,0,2025
2227,2022-06-28 12:14:00+05:30,109.15,109.15,109.15,109.15,0,2025
2228,2022-06-28 12:15:00+05:30,109.15,109.15,109.15,109.15,0,2025
2229,2022-06-28 12:16:00+05:30,109.15,109.15,109.15,109.15,0,2025
2230,2022-06-28 12:17:00+05:30,109.15,109.15,109.15,109.15,0,2025
2231,2022-06-28 12:18:00+05:30,109.15,109.15,109.15,109.15,0,2025
2232,2022-06-28 12:19:00+05:30,109.15,109.15,109.15,109.15,0,2025
2233,2022-06-28 12:20:00+05:30,109.15,109.15,109.15,109.15,0,2025
2234,2022-06-28 12:21:00+05:30,109.15,109.15,109.15,109.15,0,2025
2235,2022-06-28 12:22:00+05:30,109.15,109.15,109.15,109.15,0,2025
2236,2022-06-28 12:23:00+05:30,109.15,109.15,109.15,109.15,0,2025
2237,2022-06-28 12:24:00+05:30,109.15,109.15,109.15,109.15,0,2025
2238,2022-06-28 12:25:00+05:30,109.15,109.15,109.15,109.15,0,2025
2239,2022-06-28 12:26:00+05:30,109.15,109.15,109.15,109.15,0,2025
2240,2022-06-28 12:27:00+05:30,109.15,109.15,109.15,109.15,0,2025
2241,2022-06-28 12:28:00+05:30,109.15,109.15,109.15,109.15,0,2025
2242,2022-06-28 12:29:00+05:30,109.15,109.15,109.15,109.15,0,2025
2243,2022-06-28 12:30:00+05:30,109.15,109.15,109.15,109.15,0,2025
2244,2022-06-28 12:31:00+05:30,109.15,109.15,109.15,109.15,0,2025
2245,2022-06-28 12:32:00+05:30,109.15,109.15,109.15,109.15,0,2025
2246,2022-06-28 12:33:00+05:30,109.15,109.15,109.15,109.15,0,2025
2247,2022-06-28 12:34:00+05:30,109.15,109.15,109.15,109.15,0,2025
2248,2022-06-28 12:35:00+05:30,109.15,109.15,109.15,109.15,0,2025
2249,2022-06-28 12:36:00+05:30,109.15,109.15,109.15,109.15,0,2025
2250,2022-06-28 12:37:00+05:30,109.15,109.15,109.15,109.15,0,2025
2251,2022-06-28 12:38:00+05:30,109.15,109.15,109.15,109.15,0,2025
2252,2022-06-28 12:39:00+05:30,109.15,109.15,109.15,109.15,0,2025
2253,2022-06-28 12:40:00+05:30,109.15,109.15,109.15,109.15,0,2025
2254,2022-06-28 12:41:00+05:30,109.15,109.15,109.15,109.15,0,2025
2255,2022-06-28 12:42:00+05:30,109.15,109.15,109.15,109.15,0,2025
2256,2022-06-28 12:43:00+05:30,109.15,109.15,109.15,109.15,0,2025
2257,2022-06-28 12:44:00+05:30,109.15,109.15,109.15,109.15,0,2025
2258,2022-06-28 12:45:00+05:30,109.15,109.15,109.15,109.15,0,2025
2259,2022-06-28 12:46:00+05:30,109.15,109.15,109.15,109.15,0,2025
2260,2022-06-28 12:47:00+05:30,109.15,109.15,109.15,109.15,0,2025
2261,2022-06-28 12:48:00+05:30,109.15,109.15,109.15,109.15,0,2025
2262,2022-06-28 12:49:00+05:30,109.15,109.15,109.15,109.15,0,2025
2263,2022-06-28 12:50:00+05:30,109.15,109.15,109.15,109.15,0,2025
2264,2022-06-28 12:51:00+05:30,109.15,109.15,109.15,109.15,0,2025
2265,2022-06-28 12:52:00+05:30,109.15,109.15,109.15,109.15,0,2025
2266,2022-06-28 12:53:00+05:30,109.15,109.15,109.15,109.15,0,2025
2267,2022-06-28 12:54:00+05:30,109.15,109.15,109.15,109.15,0,2025
2268,2022-06-28 12:55:00+05:30,109.15,109.15,109.15,109.15,0,2025
2269,2022-06-28 12:56:00+05:30,109.15,109.15,107.0,107.0,0,2050
2270,2022-06-28 12:57:00+05:30,107.0,107.0,107.0,107.0,50,2050
2271,2022-06-28 12:58:00+05:30,107.0,107.0,107.0,107.0,0,2050
2272,2022-06-28 12:59:00+05:30,107.0,107.0,107.0,107.0,0,2050
2273,2022-06-28 13:00:00+05:30,107.0,107.0,107.0,107.0,0,2050
2274,2022-06-28 13:01:00+05:30,107.0,107.0,107.0,107.0,0,2050
2275,2022-06-28 13:02:00+05:30,107.0,107.0,107.0,107.0,0,2050
2276,2022-06-28 13:03:00+05:30,107.0,107.0,107.0,107.0,0,2050
2277,2022-06-28 13:04:00+05:30,107.0,107.0,107.0,107.0,0,2050
2278,2022-06-28 13:05:00+05:30,107.0,107.0,107.0,107.0,0,2050
2279,2022-06-28 13:06:00+05:30,107.0,107.0,107.0,107.0,0,2050
2280,2022-06-28 13:07:00+05:30,107.0,107.0,107.0,107.0,0,2050
2281,2022-06-28 13:08:00+05:30,107.0,115.0,107.0,115.0,0,2050
2282,2022-06-28 13:09:00+05:30,115.0,115.0,115.0,115.0,25,2050
2283,2022-06-28 13:10:00+05:30,115.0,115.0,115.0,115.0,0,2050
2284,2022-06-28 13:11:00+05:30,115.0,115.0,115.0,115.0,0,2050
2285,2022-06-28 13:12:00+05:30,115.0,115.0,115.0,115.0,0,2050
2286,2022-06-28 13:13:00+05:30,115.0,115.0,115.0,115.0,0,2050
2287,2022-06-28 13:14:00+05:30,119.15,119.15,119.15,119.15,25,2050
2288,2022-06-28 13:15:00+05:30,119.15,119.65,119.15,119.65,0,2050
2289,2022-06-28 13:16:00+05:30,119.65,119.65,119.65,119.65,0,2050
2290,2022-06-28 13:17:00+05:30,119.65,119.65,119.65,119.65,0,2050
2291,2022-06-28 13:18:00+05:30,119.65,119.65,119.65,119.65,0,2050
2292,2022-06-28 13:19:00+05:30,119.65,119.65,119.65,119.65,0,2050
2293,2022-06-28 13:20:00+05:30,119.65,119.65,119.65,119.65,0,2050
2294,2022-06-28 13:21:00+05:30,119.65,119.65,119.65,119.65,0,2050
2295,2022-06-28 13:22:00+05:30,119.65,119.65,119.65,119.65,0,2050
2296,2022-06-28 13:23:00+05:30,119.65,119.65,119.65,119.65,0,2050
2297,2022-06-28 13:24:00+05:30,119.65,119.65,119.65,119.65,0,2050
2298,2022-06-28 13:25:00+05:30,119.65,119.65,119.65,119.65,0,2050
2299,2022-06-28 13:26:00+05:30,119.65,119.65,119.65,119.65,0,2050
2300,2022-06-28 13:27:00+05:30,119.65,119.65,119.65,119.65,0,2050
2301,2022-06-28 13:28:00+05:30,119.65,119.65,119.65,119.65,0,2050
2302,2022-06-28 13:29:00+05:30,119.65,119.65,119.65,119.65,0,2050
2303,2022-06-28 13:30:00+05:30,119.65,119.65,119.65,119.65,0,2050
2304,2022-06-28 13:31:00+05:30,119.65,119.65,119.65,119.65,0,2050
2305,2022-06-28 13:32:00+05:30,119.65,119.65,119.65,119.65,0,2050
2306,2022-06-28 13:33:00+05:30,119.65,119.65,119.65,119.65,0,2050
2307,2022-06-28 13:34:00+05:30,119.65,119.65,119.65,119.65,0,2050
2308,2022-06-28 13:35:00+05:30,119.65,119.65,119.65,119.65,0,2050
2309,2022-06-28 13:36:00+05:30,119.65,119.65,119.65,119.65,0,2050
2310,2022-06-28 13:37:00+05:30,119.65,119.65,119.65,119.65,0,2050
2311,2022-06-28 13:38:00+05:30,119.65,119.65,119.65,119.65,0,2050
2312,2022-06-28 13:39:00+05:30,119.65,119.65,119.65,119.65,0,2050
2313,2022-06-28 13:40:00+05:30,119.65,119.65,119.65,119.65,0,2050
2314,2022-06-28 13:41:00+05:30,119.65,119.65,119.65,119.65,0,2050
2315,2022-06-28 13:42:00+05:30,119.65,119.65,119.65,119.65,0,2050
2316,2022-06-28 13:43:00+05:30,119.65,119.65,119.65,119.65,0,2050
2317,2022-06-28 13:44:00+05:30,119.65,119.65,119.65,119.65,0,2050
2318,2022-06-28 13:45:00+05:30,119.65,119.65,119.65,119.65,0,2050
2319,2022-06-28 13:46:00+05:30,119.65,119.65,119.65,119.65,0,2050
2320,2022-06-28 13:47:00+05:30,119.65,119.65,119.65,119.65,0,2050
2321,2022-06-28 13:48:00+05:30,119.65,119.65,119.65,119.65,0,2050
2322,2022-06-28 13:49:00+05:30,119.65,119.65,119.65,119.65,0,2050
2323,2022-06-28 13:50:00+05:30,119.65,119.65,119.65,119.65,0,2050
2324,2022-06-28 13:51:00+05:30,119.65,119.65,119.65,119.65,0,2050
2325,2022-06-28 13:52:00+05:30,119.65,119.65,119.65,119.65,0,2050
2326,2022-06-28 13:53:00+05:30,119.65,119.65,119.65,119.65,0,2050
2327,2022-06-28 13:54:00+05:30,119.65,119.65,119.65,119.65,0,2050
2328,2022-06-28 13:55:00+05:30,119.65,119.65,119.65,119.65,0,2050
2329,2022-06-28 13:56:00+05:30,119.65,119.65,119.65,119.65,0,2050
2330,2022-06-28 13:57:00+05:30,119.65,119.65,119.65,119.65,0,2050
2331,2022-06-28 13:58:00+05:30,119.65,119.65,119.65,119.65,0,2050
2332,2022-06-28 13:59:00+05:30,119.65,119.65,119.65,119.65,0,2050
2333,2022-06-28 14:00:00+05:30,119.65,119.65,119.65,119.65,0,2050
2334,2022-06-28 14:01:00+05:30,119.65,119.65,119.65,119.65,0,2050
2335,2022-06-28 14:02:00+05:30,119.65,119.65,119.65,119.65,0,2050
2336,2022-06-28 14:03:00+05:30,119.65,119.65,119.65,119.65,0,2050
2337,2022-06-28 14:04:00+05:30,119.65,119.65,119.65,119.65,0,2050
2338,2022-06-28 14:05:00+05:30,119.65,119.65,119.65,119.65,0,2050
2339,2022-06-28 14:06:00+05:30,119.65,119.65,119.65,119.65,0,2050
2340,2022-06-28 14:07:00+05:30,119.65,119.65,119.65,119.65,0,2050
2341,2022-06-28 14:08:00+05:30,119.65,119.65,119.65,119.65,0,2050
2342,2022-06-28 14:09:00+05:30,119.65,119.65,119.65,119.65,0,2050
2343,2022-06-28 14:10:00+05:30,119.65,119.65,119.65,119.65,0,2050
2344,2022-06-28 14:11:00+05:30,119.65,119.65,119.65,119.65,0,2050
2345,2022-06-28 14:12:00+05:30,119.65,119.65,119.65,119.65,0,2050
2346,2022-06-28 14:13:00+05:30,119.65,119.65,119.65,119.65,0,2050
2347,2022-06-28 14:14:00+05:30,119.65,119.65,119.65,119.65,0,2050
2348,2022-06-28 14:15:00+05:30,119.65,119.65,119.65,119.65,0,2050
2349,2022-06-28 14:16:00+05:30,119.65,119.65,119.65,119.65,0,2050
2350,2022-06-28 14:17:00+05:30,119.65,119.65,119.65,119.65,0,2050
2351,2022-06-28 14:18:00+05:30,119.65,119.65,119.65,119.65,0,2050
2352,2022-06-28 14:19:00+05:30,119.65,119.65,119.65,119.65,0,2050
2353,2022-06-28 14:20:00+05:30,119.65,119.65,119.65,119.65,0,2050
2354,2022-06-28 14:21:00+05:30,119.65,119.65,119.65,119.65,0,2050
2355,2022-06-28 14:22:00+05:30,119.65,119.65,119.65,119.65,0,2050
2356,2022-06-28 14:23:00+05:30,119.65,119.65,119.65,119.65,0,2050
2357,2022-06-28 14:24:00+05:30,119.65,119.65,119.65,119.65,0,2050
2358,2022-06-28 14:25:00+05:30,119.65,119.65,119.65,119.65,0,2050
2359,2022-06-28 14:26:00+05:30,119.65,119.65,119.65,119.65,0,2050
2360,2022-06-28 14:27:00+05:30,119.65,119.65,119.65,119.65,0,2050
2361,2022-06-28 14:28:00+05:30,119.65,119.65,119.65,119.65,0,2050
2362,2022-06-28 14:29:00+05:30,119.65,119.65,119.65,119.65,0,2050
2363,2022-06-28 14:30:00+05:30,119.65,119.65,119.65,119.65,0,2050
2364,2022-06-28 14:31:00+05:30,119.65,119.65,119.65,119.65,0,2050
2365,2022-06-28 14:32:00+05:30,119.65,119.65,119.65,119.65,0,2050
2366,2022-06-28 14:33:00+05:30,119.65,119.65,119.65,119.65,0,2050
2367,2022-06-28 14:34:00+05:30,119.65,119.65,119.65,119.65,0,2050
2368,2022-06-28 14:35:00+05:30,119.65,119.65,119.65,119.65,0,2050
2369,2022-06-28 14:36:00+05:30,119.65,119.65,119.65,119.65,0,2050
2370,2022-06-28 14:37:00+05:30,119.65,119.65,119.65,119.65,0,2050
2371,2022-06-28 14:38:00+05:30,119.65,119.65,119.65,119.65,0,2050
2372,2022-06-28 14:39:00+05:30,119.65,119.65,119.65,119.65,0,2050
2373,2022-06-28 14:40:00+05:30,119.65,119.65,119.65,119.65,0,2050
2374,2022-06-28 14:41:00+05:30,119.65,119.65,119.65,119.65,0,2050
2375,2022-06-28 14:42:00+05:30,119.65,119.65,119.65,119.65,0,2050
2376,2022-06-28 14:43:00+05:30,119.65,119.65,119.65,119.65,0,2050
2377,2022-06-28 14:44:00+05:30,119.65,119.65,119.65,119.65,0,2050
2378,2022-06-28 14:45:00+05:30,119.65,119.65,119.65,119.65,0,2050
2379,2022-06-28 14:46:00+05:30,119.65,119.65,119.65,119.65,0,2050
2380,2022-06-28 14:47:00+05:30,119.65,119.65,119.65,119.65,0,2050
2381,2022-06-28 14:48:00+05:30,119.65,119.65,119.65,119.65,0,2050
2382,2022-06-28 14:49:00+05:30,119.65,119.65,119.65,119.65,0,2050
2383,2022-06-28 14:50:00+05:30,119.65,119.65,119.65,119.65,0,2050
2384,2022-06-28 14:51:00+05:30,119.65,119.65,119.65,119.65,0,2050
2385,2022-06-28 14:52:00+05:30,119.65,119.65,119.65,119.65,0,2050
2386,2022-06-28 14:53:00+05:30,119.65,119.65,119.65,119.65,0,2050
2387,2022-06-28 14:54:00+05:30,119.65,119.65,119.65,119.65,0,2050
2388,2022-06-28 14:55:00+05:30,119.65,119.65,119.65,119.65,0,2050
2389,2022-06-28 14:56:00+05:30,119.65,119.65,119.65,119.65,0,2050
2390,2022-06-28 14:57:00+05:30,119.65,119.65,119.65,119.65,0,2050
2391,2022-06-28 14:58:00+05:30,119.65,119.65,119.65,119.65,0,2050
2392,2022-06-28 14:59:00+05:30,119.65,119.65,119.65,119.65,0,2050
2393,2022-06-28 15:00:00+05:30,119.65,119.65,119.65,119.65,0,2050
2394,2022-06-28 15:01:00+05:30,119.65,119.65,119.65,119.65,0,2050
2395,2022-06-28 15:02:00+05:30,119.65,119.65,119.65,119.65,0,2050
2396,2022-06-28 15:03:00+05:30,119.65,119.65,119.65,119.65,0,2050
2397,2022-06-28 15:04:00+05:30,119.65,119.65,119.65,119.65,0,2050
2398,2022-06-28 15:05:00+05:30,119.65,119.65,119.65,119.65,0,2050
2399,2022-06-28 15:06:00+05:30,119.65,119.65,119.65,119.65,0,2050
2400,2022-06-28 15:07:00+05:30,119.65,119.65,119.65,119.65,0,2050
2401,2022-06-28 15:08:00+05:30,119.65,119.65,119.65,119.65,0,2050
2402,2022-06-28 15:09:00+05:30,119.65,119.65,119.65,119.65,0,2050
2403,2022-06-28 15:10:00+05:30,119.65,119.65,119.65,119.65,0,2050
2404,2022-06-28 15:11:00+05:30,119.65,119.65,119.65,119.65,0,2050
2405,2022-06-28 15:12:00+05:30,119.65,119.65,119.65,119.65,0,2050
2406,2022-06-28 15:13:00+05:30,119.65,119.65,119.65,119.65,0,2050
2407,2022-06-28 15:14:00+05:30,119.65,119.65,119.65,119.65,0,2050
2408,2022-06-28 15:15:00+05:30,119.65,119.65,119.65,119.65,0,2050
2409,2022-06-28 15:16:00+05:30,119.65,119.65,119.65,119.65,0,2050
2410,2022-06-28 15:17:00+05:30,119.65,119.65,119.65,119.65,0,2050
2411,2022-06-28 15:18:00+05:30,119.65,119.65,119.65,119.65,0,2050
2412,2022-06-28 15:19:00+05:30,119.65,119.65,109.85,109.85,25,2175
2413,2022-06-28 15:20:00+05:30,109.85,109.85,109.85,109.85,0,2175
2414,2022-06-28 15:21:00+05:30,109.85,109.85,109.85,109.85,0,2175
2415,2022-06-28 15:22:00+05:30,109.85,109.85,109.85,109.85,0,2175
2416,2022-06-28 15:23:00+05:30,109.85,109.85,99.45,99.45,0,2200
2417,2022-06-28 15:24:00+05:30,99.45,99.45,99.45,99.45,25,2200
2418,2022-06-28 15:25:00+05:30,99.45,99.45,99.45,99.45,0,2200
2419,2022-06-28 15:26:00+05:30,99.45,99.45,99.45,99.45,0,2200
2420,2022-06-28 15:27:00+05:30,99.45,99.45,99.45,99.45,0,2200
2421,2022-06-28 15:28:00+05:30,99.45,99.45,99.45,99.45,0,2200
2422,2022-06-28 15:29:00+05:30,99.45,99.45,99.45,99.45,0,2200
2423,2022-06-29 09:21:00+05:30,135.0,135.0,135.0,135.0,0,2200
2424,2022-06-29 09:22:00+05:30,135.0,135.0,135.0,135.0,0,2200
2425,2022-06-29 09:23:00+05:30,135.0,135.0,135.0,135.0,0,2200
2426,2022-06-29 09:24:00+05:30,135.0,135.0,135.0,135.0,0,2200
2427,2022-06-29 09:25:00+05:30,135.0,135.0,135.0,135.0,0,2200
2428,2022-06-29 09:26:00+05:30,135.0,138.4,135.0,138.35,1050,1825
2429,2022-06-29 09:27:00+05:30,138.45,138.45,135.15,135.15,175,1000
2430,2022-06-29 09:28:00+05:30,135.15,135.15,135.15,135.15,50,1000
2431,2022-06-29 09:29:00+05:30,135.15,135.15,135.15,135.15,0,1000
2432,2022-06-29 09:30:00+05:30,135.15,136.75,135.15,136.75,0,875
2433,2022-06-29 09:31:00+05:30,136.75,136.75,136.75,136.75,25,875
2434,2022-06-29 09:32:00+05:30,135.85,136.95,135.85,136.95,375,850
2435,2022-06-29 09:33:00+05:30,136.95,136.95,136.95,136.95,0,850
2436,2022-06-29 09:34:00+05:30,136.95,136.95,136.95,136.95,0,850
2437,2022-06-29 09:35:00+05:30,136.95,136.95,136.95,136.95,0,850
2438,2022-06-29 09:36:00+05:30,136.95,136.95,136.95,136.95,0,850
2439,2022-06-29 09:37:00+05:30,136.95,136.95,136.95,136.95,0,850
2440,2022-06-29 09:38:00+05:30,136.95,136.95,136.95,136.95,0,850
2441,2022-06-29 09:39:00+05:30,136.95,136.95,136.95,136.95,0,850
2442,2022-06-29 09:40:00+05:30,136.95,136.95,136.95,136.95,0,850
2443,2022-06-29 09:41:00+05:30,136.95,136.95,136.95,136.95,0,850
2444,2022-06-29 09:42:00+05:30,136.95,136.95,136.95,136.95,0,850
2445,2022-06-29 09:43:00+05:30,136.95,136.95,135.1,135.1,0,850
2446,2022-06-29 09:44:00+05:30,135.1,135.1,135.1,135.1,25,850
2447,2022-06-29 09:45:00+05:30,135.1,135.1,133.9,133.9,0,850
2448,2022-06-29 09:46:00+05:30,133.9,133.9,133.9,133.9,25,850
2449,2022-06-29 09:47:00+05:30,133.9,133.9,133.9,133.9,0,850
2450,2022-06-29 09:48:00+05:30,133.9,133.9,133.9,133.9,0,850
2451,2022-06-29 09:49:00+05:30,133.9,133.9,133.9,133.9,0,850
2452,2022-06-29 09:50:00+05:30,133.9,133.9,133.9,133.9,0,850
2453,2022-06-29 09:51:00+05:30,133.9,133.9,133.9,133.9,0,850
2454,2022-06-29 09:52:00+05:30,133.9,133.9,133.9,133.9,0,850
2455,2022-06-29 09:53:00+05:30,133.9,133.9,133.9,133.9,0,850
2456,2022-06-29 09:54:00+05:30,133.9,133.9,133.9,133.9,0,850
2457,2022-06-29 09:55:00+05:30,133.9,133.9,133.9,133.9,0,850
2458,2022-06-29 09:56:00+05:30,133.9,133.9,133.9,133.9,0,850
2459,2022-06-29 09:57:00+05:30,133.9,133.9,133.9,133.9,0,850
2460,2022-06-29 09:58:00+05:30,133.9,133.9,133.9,133.9,0,850
2461,2022-06-29 09:59:00+05:30,133.9,133.9,133.9,133.9,0,850
2462,2022-06-29 10:00:00+05:30,133.9,133.9,133.9,133.9,0,850
2463,2022-06-29 10:01:00+05:30,133.9,133.9,133.9,133.9,0,850
2464,2022-06-29 10:02:00+05:30,133.9,133.9,133.9,133.9,0,850
2465,2022-06-29 10:03:00+05:30,133.9,133.9,133.9,133.9,0,850
2466,2022-06-29 10:04:00+05:30,133.9,133.9,133.9,133.9,0,850
2467,2022-06-29 10:05:00+05:30,133.9,133.9,133.9,133.9,0,850
2468,2022-06-29 10:06:00+05:30,133.9,133.9,133.9,133.9,0,850
2469,2022-06-29 10:07:00+05:30,133.9,133.9,133.9,133.9,0,850
2470,2022-06-29 10:08:00+05:30,133.9,133.9,133.9,133.9,0,850
2471,2022-06-29 10:09:00+05:30,133.9,133.9,133.9,133.9,0,850
2472,2022-06-29 10:10:00+05:30,133.9,133.9,133.9,133.9,0,850
2473,2022-06-29 10:11:00+05:30,133.9,133.9,133.9,133.9,0,850
2474,2022-06-29 10:12:00+05:30,133.9,134.2,133.9,134.2,25,850
2475,2022-06-29 10:13:00+05:30,134.2,134.2,134.2,134.2,0,850
2476,2022-06-29 10:14:00+05:30,134.2,134.2,134.2,134.2,0,850
2477,2022-06-29 10:15:00+05:30,134.2,134.2,134.2,134.2,0,850
2478,2022-06-29 10:16:00+05:30,134.2,134.2,132.2,132.2,0,850
2479,2022-06-29 10:17:00+05:30,132.2,132.2,132.2,132.2,25,850
2480,2022-06-29 10:18:00+05:30,132.2,132.2,132.2,132.2,0,850
2481,2022-06-29 10:19:00+05:30,132.2,132.2,132.2,132.2,0,850
2482,2022-06-29 10:20:00+05:30,132.2,132.2,132.2,132.2,0,850
2483,2022-06-29 10:21:00+05:30,132.2,132.2,132.2,132.2,0,850
2484,2022-06-29 10:22:00+05:30,132.2,132.2,132.2,132.2,0,850
2485,2022-06-29 10:23:00+05:30,132.2,132.2,132.2,132.2,0,850
2486,2022-06-29 10:24:00+05:30,132.2,132.2,132.2,132.2,0,850
2487,2022-06-29 10:25:00+05:30,132.2,132.2,132.2,132.2,0,850
2488,2022-06-29 10:26:00+05:30,126.4,129.3,126.4,129.3,100,825
2489,2022-06-29 10:27:00+05:30,129.3,129.3,129.3,129.3,0,825
2490,2022-06-29 10:28:00+05:30,129.3,129.3,129.3,129.3,0,825
2491,2022-06-29 10:29:00+05:30,129.3,129.3,129.3,129.3,0,825
2492,2022-06-29 10:30:00+05:30,129.3,129.3,129.3,129.3,0,825
2493,2022-06-29 10:31:00+05:30,129.3,129.3,129.3,129.3,0,825
2494,2022-06-29 10:32:00+05:30,129.3,129.3,129.3,129.3,0,825
2495,2022-06-29 10:33:00+05:30,129.3,129.3,129.3,129.3,0,825
2496,2022-06-29 10:34:00+05:30,129.3,129.3,129.3,129.3,0,825
2497,2022-06-29 10:35:00+05:30,128.65,128.65,128.65,128.65,25,825
2498,2022-06-29 10:36:00+05:30,128.65,128.65,128.65,128.65,0,825
2499,2022-06-29 10:37:00+05:30,128.65,128.65,128.65,128.65,0,825
2500,2022-06-29 10:38:00+05:30,128.65,128.65,128.65,128.65,0,825
2501,2022-06-29 10:39:00+05:30,128.65,128.65,128.65,128.65,0,825
2502,2022-06-29 10:40:00+05:30,128.65,128.65,128.65,128.65,0,825
2503,2022-06-29 10:41:00+05:30,128.65,128.65,128.65,128.65,0,825
2504,2022-06-29 10:42:00+05:30,128.65,128.65,128.65,128.65,0,825
2505,2022-06-29 10:43:00+05:30,128.65,128.65,128.65,128.65,0,825
2506,2022-06-29 10:44:00+05:30,128.65,128.65,128.65,128.65,0,825
2507,2022-06-29 10:45:00+05:30,128.65,128.65,128.65,128.65,0,825
2508,2022-06-29 10:46:00+05:30,128.65,128.65,128.65,128.65,0,825
2509,2022-06-29 10:47:00+05:30,128.65,128.65,128.65,128.65,0,825
2510,2022-06-29 10:48:00+05:30,128.65,128.65,128.65,128.65,0,825
2511,2022-06-29 10:49:00+05:30,128.65,128.65,128.65,128.65,0,825
2512,2022-06-29 10:50:00+05:30,128.65,128.65,128.65,128.65,0,825
2513,2022-06-29 10:51:00+05:30,128.65,128.65,128.65,128.65,0,825
2514,2022-06-29 10:52:00+05:30,128.65,128.65,128.65,128.65,0,825
2515,2022-06-29 10:53:00+05:30,128.65,128.65,128.65,128.65,0,825
2516,2022-06-29 10:54:00+05:30,128.65,128.65,128.65,128.65,0,825
2517,2022-06-29 10:55:00+05:30,128.65,128.65,128.65,128.65,0,825
2518,2022-06-29 10:56:00+05:30,128.65,128.65,128.65,128.65,0,825
2519,2022-06-29 10:57:00+05:30,128.65,128.65,128.65,128.65,0,825
2520,2022-06-29 10:58:00+05:30,128.65,128.65,128.65,128.65,0,825
2521,2022-06-29 10:59:00+05:30,128.65,131.0,128.65,131.0,25,825
2522,2022-06-29 11:00:00+05:30,131.0,131.0,131.0,131.0,25,825
2523,2022-06-29 11:01:00+05:30,131.0,131.0,131.0,131.0,0,825
2524,2022-06-29 11:02:00+05:30,131.0,131.0,131.0,131.0,0,825
2525,2022-06-29 11:03:00+05:30,131.0,131.0,131.0,131.0,0,825
2526,2022-06-29 11:04:00+05:30,131.0,131.0,131.0,131.0,0,825
2527,2022-06-29 11:05:00+05:30,131.0,131.0,131.0,131.0,0,825
2528,2022-06-29 11:06:00+05:30,131.0,131.0,131.0,131.0,0,825
2529,2022-06-29 11:07:00+05:30,131.0,131.0,131.0,131.0,0,825
2530,2022-06-29 11:08:00+05:30,131.0,131.0,131.0,131.0,0,825
2531,2022-06-29 11:09:00+05:30,131.0,131.0,131.0,131.0,0,825
2532,2022-06-29 11:10:00+05:30,131.0,131.0,131.0,131.0,0,825
2533,2022-06-29 11:11:00+05:30,131.0,131.0,131.0,131.0,0,825
2534,2022-06-29 11:12:00+05:30,131.0,131.0,131.0,131.0,0,825
2535,2022-06-29 11:13:00+05:30,131.0,131.0,131.0,131.0,0,825
2536,2022-06-29 11:14:00+05:30,131.0,131.0,131.0,131.0,0,825
2537,2022-06-29 11:15:00+05:30,131.0,131.0,131.0,131.0,0,825
2538,2022-06-29 11:16:00+05:30,131.0,131.0,131.0,131.0,0,825
2539,2022-06-29 11:17:00+05:30,131.0,131.0,131.0,131.0,0,825
2540,2022-06-29 11:18:00+05:30,131.0,131.0,131.0,131.0,0,825
2541,2022-06-29 11:19:00+05:30,131.0,131.0,131.0,131.0,0,825
2542,2022-06-29 11:20:00+05:30,131.0,131.0,131.0,131.0,0,825
2543,2022-06-29 11:21:00+05:30,131.0,131.0,131.0,131.0,0,825
2544,2022-06-29 11:22:00+05:30,131.0,131.0,131.0,131.0,0,825
2545,2022-06-29 11:23:00+05:30,131.0,131.0,131.0,131.0,0,825
2546,2022-06-29 11:24:00+05:30,131.0,131.0,131.0,131.0,0,825
2547,2022-06-29 11:25:00+05:30,131.0,131.0,131.0,131.0,0,825
2548,2022-06-29 11:26:00+05:30,131.0,131.0,131.0,131.0,0,825
2549,2022-06-29 11:27:00+05:30,131.0,131.0,131.0,131.0,0,825
2550,2022-06-29 11:28:00+05:30,131.0,131.0,131.0,131.0,0,825
2551,2022-06-29 11:29:00+05:30,131.0,131.0,131.0,131.0,0,825
2552,2022-06-29 11:30:00+05:30,131.0,131.0,131.0,131.0,0,825
2553,2022-06-29 11:31:00+05:30,131.0,131.0,131.0,131.0,0,825
2554,2022-06-29 11:32:00+05:30,131.0,131.0,131.0,131.0,0,825
2555,2022-06-29 11:33:00+05:30,131.0,131.0,131.0,131.0,0,825
2556,2022-06-29 11:34:00+05:30,131.0,131.0,131.0,131.0,0,825
2557,2022-06-29 11:35:00+05:30,131.0,131.0,131.0,131.0,0,825
2558,2022-06-29 11:36:00+05:30,131.0,131.0,131.0,131.0,0,825
2559,2022-06-29 11:37:00+05:30,131.0,131.0,131.0,131.0,0,825
2560,2022-06-29 11:38:00+05:30,131.0,131.0,131.0,131.0,0,825
2561,2022-06-29 11:39:00+05:30,131.0,131.0,131.0,131.0,0,825
2562,2022-06-29 11:40:00+05:30,131.0,131.0,131.0,131.0,0,825
2563,2022-06-29 11:41:00+05:30,131.0,131.0,131.0,131.0,0,825
2564,2022-06-29 11:42:00+05:30,131.0,131.0,131.0,131.0,0,825
2565,2022-06-29 11:43:00+05:30,131.0,131.0,131.0,131.0,0,825
2566,2022-06-29 11:44:00+05:30,131.0,131.0,131.0,131.0,0,825
2567,2022-06-29 11:45:00+05:30,131.0,131.0,131.0,131.0,0,825
2568,2022-06-29 11:46:00+05:30,131.0,131.0,131.0,131.0,0,825
2569,2022-06-29 11:47:00+05:30,131.0,131.0,131.0,131.0,0,825
2570,2022-06-29 11:48:00+05:30,131.0,131.0,131.0,131.0,0,825
2571,2022-06-29 11:49:00+05:30,131.0,131.0,131.0,131.0,0,825
2572,2022-06-29 11:50:00+05:30,131.0,131.0,131.0,131.0,0,825
2573,2022-06-29 11:51:00+05:30,131.0,131.0,131.0,131.0,0,825
2574,2022-06-29 11:52:00+05:30,131.0,131.0,131.0,131.0,0,825
2575,2022-06-29 11:53:00+05:30,131.0,131.0,131.0,131.0,0,825
2576,2022-06-29 11:54:00+05:30,131.0,131.0,131.0,131.0,0,825
2577,2022-06-29 11:55:00+05:30,131.0,131.0,131.0,131.0,0,825
2578,2022-06-29 11:56:00+05:30,131.0,131.0,131.0,131.0,0,825
2579,2022-06-29 11:57:00+05:30,131.0,131.0,131.0,131.0,0,825
2580,2022-06-29 11:58:00+05:30,131.0,131.0,131.0,131.0,0,825
2581,2022-06-29 11:59:00+05:30,131.0,131.0,131.0,131.0,0,825
2582,2022-06-29 12:00:00+05:30,125.05,125.05,125.0,125.0,25,825
2583,2022-06-29 12:01:00+05:30,125.0,125.0,125.0,125.0,50,825
2584,2022-06-29 12:02:00+05:30,125.0,125.0,125.0,125.0,0,825
2585,2022-06-29 12:03:00+05:30,125.0,125.0,125.0,125.0,0,825
2586,2022-06-29 12:04:00+05:30,125.0,125.0,125.0,125.0,0,825
2587,2022-06-29 12:05:00+05:30,125.0,125.0,125.0,125.0,0,825
2588,2022-06-29 12:06:00+05:30,125.0,125.0,125.0,125.0,0,825
2589,2022-06-29 12:07:00+05:30,125.0,125.0,125.0,125.0,0,825
2590,2022-06-29 12:08:00+05:30,125.0,125.0,125.0,125.0,0,825
2591,2022-06-29 12:09:00+05:30,125.0,125.0,125.0,125.0,0,825
2592,2022-06-29 12:10:00+05:30,125.0,125.0,125.0,125.0,0,825
2593,2022-06-29 12:11:00+05:30,125.0,125.0,125.0,125.0,0,825
2594,2022-06-29 12:12:00+05:30,125.0,125.0,125.0,125.0,0,825
2595,2022-06-29 12:13:00+05:30,125.0,125.0,125.0,125.0,0,825
2596,2022-06-29 12:14:00+05:30,125.0,125.0,125.0,125.0,0,825
2597,2022-06-29 12:15:00+05:30,125.0,125.0,125.0,125.0,0,825
2598,2022-06-29 12:16:00+05:30,125.0,125.0,125.0,125.0,0,825
2599,2022-06-29 12:17:00+05:30,127.0,127.0,127.0,127.0,25,825
2600,2022-06-29 12:18:00+05:30,127.0,128.0,127.0,128.0,25,800
2601,2022-06-29 12:19:00+05:30,129.0,129.0,129.0,129.0,225,800
2602,2022-06-29 12:20:00+05:30,129.0,129.0,129.0,129.0,0,800
2603,2022-06-29 12:21:00+05:30,129.0,129.0,129.0,129.0,0,800
2604,2022-06-29 12:22:00+05:30,129.0,129.0,129.0,129.0,0,800
2605,2022-06-29 12:23:00+05:30,129.0,129.0,129.0,129.0,0,800
2606,2022-06-29 12:24:00+05:30,129.0,129.0,129.0,129.0,0,800
2607,2022-06-29 12:25:00+05:30,129.0,129.0,129.0,129.0,0,800
2608,2022-06-29 12:26:00+05:30,129.0,129.0,129.0,129.0,0,800
2609,2022-06-29 12:27:00+05:30,129.0,129.0,129.0,129.0,0,800
2610,2022-06-29 12:28:00+05:30,129.0,129.0,129.0,129.0,0,800
2611,2022-06-29 12:29:00+05:30,129.0,129.0,126.5,126.5,0,1025
2612,2022-06-29 12:30:00+05:30,126.5,126.5,126.5,126.5,25,1025
2613,2022-06-29 12:31:00+05:30,126.5,126.5,126.5,126.5,0,1025
2614,2022-06-29 12:32:00+05:30,126.5,126.5,126.5,126.5,0,1025
2615,2022-06-29 12:33:00+05:30,126.5,126.5,126.5,126.5,0,1025
2616,2022-06-29 12:34:00+05:30,126.5,126.5,126.5,126.5,0,1025
2617,2022-06-29 12:35:00+05:30,126.5,126.5,126.5,126.5,0,1025
2618,2022-06-29 12:36:00+05:30,126.5,126.5,126.5,126.5,0,1025
2619,2022-06-29 12:37:00+05:30,126.5,126.5,126.5,126.5,0,1025
2620,2022-06-29 12:38:00+05:30,126.5,126.5,126.5,126.5,0,1025
2621,2022-06-29 12:39:00+05:30,126.5,126.5,126.5,126.5,0,1025
2622,2022-06-29 12:40:00+05:30,126.5,126.5,126.5,126.5,0,1025
2623,2022-06-29 12:41:00+05:30,126.5,126.5,126.5,126.5,0,1025
2624,2022-06-29 12:42:00+05:30,126.5,126.5,126.5,126.5,0,1025
2625,2022-06-29 12:43:00+05:30,126.5,126.5,126.5,126.5,0,1025
2626,2022-06-29 12:44:00+05:30,126.5,126.5,126.5,126.5,0,1025
2627,2022-06-29 12:45:00+05:30,126.5,126.5,126.5,126.5,0,1025
2628,2022-06-29 12:46:00+05:30,126.5,126.5,126.5,126.5,0,1025
2629,2022-06-29 12:47:00+05:30,126.5,126.5,126.5,126.5,0,1025
2630,2022-06-29 12:48:00+05:30,126.5,126.5,126.5,126.5,0,1025
2631,2022-06-29 12:49:00+05:30,126.5,126.5,126.5,126.5,0,1025
2632,2022-06-29 12:50:00+05:30,126.5,126.5,126.5,126.5,0,1025
2633,2022-06-29 12:51:00+05:30,126.5,126.5,126.5,126.5,0,1025
2634,2022-06-29 12:52:00+05:30,126.5,126.5,126.5,126.5,0,1025
2635,2022-06-29 12:53:00+05:30,126.5,126.5,126.5,126.5,0,1025
2636,2022-06-29 12:54:00+05:30,126.5,126.5,126.5,126.5,0,1025
2637,2022-06-29 12:55:00+05:30,126.5,126.5,126.5,126.5,0,1025
2638,2022-06-29 12:56:00+05:30,126.5,126.5,126.5,126.5,0,1025
2639,2022-06-29 12:57:00+05:30,126.5,126.5,126.5,126.5,0,1025
2640,2022-06-29 12:58:00+05:30,126.5,126.5,126.5,126.5,0,1025
2641,2022-06-29 12:59:00+05:30,126.5,126.5,126.5,126.5,0,1025
2642,2022-06-29 13:00:00+05:30,126.5,126.5,126.5,126.5,0,1025
2643,2022-06-29 13:01:00+05:30,126.5,126.5,126.5,126.5,0,1025
2644,2022-06-29 13:02:00+05:30,126.5,126.5,126.5,126.5,0,1025
2645,2022-06-29 13:03:00+05:30,126.5,126.5,126.5,126.5,0,1025
2646,2022-06-29 13:04:00+05:30,126.5,126.5,126.5,126.5,0,1025
2647,2022-06-29 13:05:00+05:30,126.5,126.5,126.5,126.5,0,1025
2648,2022-06-29 13:06:00+05:30,126.5,126.5,126.5,126.5,0,1025
2649,2022-06-29 13:07:00+05:30,126.5,126.5,126.5,126.5,0,1025
2650,2022-06-29 13:08:00+05:30,126.5,126.5,126.5,126.5,0,1025
2651,2022-06-29 13:09:00+05:30,126.5,126.5,126.5,126.5,0,1025
2652,2022-06-29 13:10:00+05:30,126.5,126.5,126.5,126.5,0,1025
2653,2022-06-29 13:11:00+05:30,126.5,126.5,126.5,126.5,0,1025
2654,2022-06-29 13:12:00+05:30,126.5,126.5,126.5,126.5,0,1025
2655,2022-06-29 13:13:00+05:30,126.5,126.5,126.5,126.5,0,1025
2656,2022-06-29 13:14:00+05:30,126.5,126.5,126.5,126.5,0,1025
2657,2022-06-29 13:15:00+05:30,126.5,126.5,126.5,126.5,0,1025
2658,2022-06-29 13:16:00+05:30,126.5,126.5,126.5,126.5,0,1025
2659,2022-06-29 13:17:00+05:30,126.5,126.5,126.5,126.5,0,1025
2660,2022-06-29 13:18:00+05:30,126.5,126.5,126.5,126.5,0,1025
2661,2022-06-29 13:19:00+05:30,126.5,126.5,126.5,126.5,0,1025
2662,2022-06-29 13:20:00+05:30,126.5,126.5,126.5,126.5,0,1025
2663,2022-06-29 13:21:00+05:30,126.5,126.5,126.5,126.5,0,1025
2664,2022-06-29 13:22:00+05:30,126.5,126.5,126.5,126.5,0,1025
2665,2022-06-29 13:23:00+05:30,126.5,126.5,126.5,126.5,0,1025
2666,2022-06-29 13:24:00+05:30,126.5,126.5,126.5,126.5,0,1025
2667,2022-06-29 13:25:00+05:30,126.5,126.5,126.5,126.5,0,1025
2668,2022-06-29 13:26:00+05:30,126.5,126.5,126.5,126.5,0,1025
2669,2022-06-29 13:27:00+05:30,126.5,126.5,126.5,126.5,0,1025
2670,2022-06-29 13:28:00+05:30,126.5,126.5,126.5,126.5,0,1025
2671,2022-06-29 13:29:00+05:30,126.5,126.5,126.5,126.5,0,1025
2672,2022-06-29 13:30:00+05:30,126.5,126.5,126.5,126.5,0,1025
2673,2022-06-29 13:31:00+05:30,126.5,126.5,126.5,126.5,0,1025
2674,2022-06-29 13:32:00+05:30,126.5,126.5,126.5,126.5,0,1025
2675,2022-06-29 13:33:00+05:30,126.5,126.5,126.5,126.5,0,1025
2676,2022-06-29 13:34:00+05:30,126.5,126.5,126.5,126.5,0,1025
2677,2022-06-29 13:35:00+05:30,126.5,126.5,126.5,126.5,0,1025
2678,2022-06-29 13:36:00+05:30,126.5,126.5,126.5,126.5,0,1025
2679,2022-06-29 13:37:00+05:30,126.5,126.5,126.5,126.5,0,1025
2680,2022-06-29 13:38:00+05:30,126.5,126.5,126.5,126.5,0,1025
2681,2022-06-29 13:39:00+05:30,126.5,126.5,126.5,126.5,0,1025
2682,2022-06-29 13:40:00+05:30,126.5,126.5,122.2,122.9,100,1025
2683,2022-06-29 13:41:00+05:30,122.9,122.9,122.9,122.9,0,1025
2684,2022-06-29 13:42:00+05:30,122.9,122.9,122.9,122.9,0,1025
2685,2022-06-29 13:43:00+05:30,122.9,122.9,122.9,122.9,0,1025
2686,2022-06-29 13:44:00+05:30,122.9,122.9,122.9,122.9,0,1025
2687,2022-06-29 13:45:00+05:30,122.9,122.9,122.9,122.9,0,1025
2688,2022-06-29 13:46:00+05:30,122.9,122.9,122.9,122.9,0,1025
2689,2022-06-29 13:47:00+05:30,122.9,122.9,122.9,122.9,0,1025
2690,2022-06-29 13:48:00+05:30,122.9,122.9,122.9,122.9,0,1025
2691,2022-06-29 13:49:00+05:30,122.9,122.9,122.9,122.9,0,1025
2692,2022-06-29 13:50:00+05:30,122.9,122.9,122.9,122.9,0,1025
2693,2022-06-29 13:51:00+05:30,122.9,122.9,122.9,122.9,0,1025
2694,2022-06-29 13:52:00+05:30,122.9,122.9,122.9,122.9,0,1025
2695,2022-06-29 13:53:00+05:30,122.9,122.9,122.9,122.9,0,1025
2696,2022-06-29 13:54:00+05:30,122.9,122.9,122.9,122.9,0,1025
2697,2022-06-29 13:55:00+05:30,122.9,122.9,122.9,122.9,0,1025
2698,2022-06-29 13:56:00+05:30,122.9,122.9,122.9,122.9,0,1025
2699,2022-06-29 13:57:00+05:30,122.9,122.9,122.9,122.9,0,1025
2700,2022-06-29 13:58:00+05:30,122.9,122.9,122.9,122.9,0,1025
2701,2022-06-29 13:59:00+05:30,122.9,122.9,122.9,122.9,0,1025
2702,2022-06-29 14:00:00+05:30,122.9,122.9,122.9,122.9,0,1025
2703,2022-06-29 14:01:00+05:30,122.9,122.9,122.9,122.9,0,1025
2704,2022-06-29 14:02:00+05:30,122.9,122.9,122.9,122.9,0,1025
2705,2022-06-29 14:03:00+05:30,122.9,122.9,122.9,122.9,0,1025
2706,2022-06-29 14:04:00+05:30,122.9,122.9,122.9,122.9,0,1025
2707,2022-06-29 14:05:00+05:30,122.9,122.9,122.9,122.9,0,1025
2708,2022-06-29 14:06:00+05:30,122.9,122.9,122.9,122.9,0,1025
2709,2022-06-29 14:07:00+05:30,122.9,122.9,122.9,122.9,0,1025
2710,2022-06-29 14:08:00+05:30,122.9,122.9,122.9,122.9,0,1025
2711,2022-06-29 14:09:00+05:30,122.9,122.9,122.9,122.9,0,1025
2712,2022-06-29 14:10:00+05:30,122.9,122.9,122.9,122.9,0,1025
2713,2022-06-29 14:11:00+05:30,122.9,122.9,122.9,122.9,0,1025
2714,2022-06-29 14:12:00+05:30,122.9,122.9,122.9,122.9,0,1025
2715,2022-06-29 14:13:00+05:30,122.9,122.9,122.9,122.9,0,1025
2716,2022-06-29 14:14:00+05:30,122.9,122.9,122.9,122.9,0,1025
2717,2022-06-29 14:15:00+05:30,122.9,122.9,122.9,122.9,0,1025
2718,2022-06-29 14:16:00+05:30,122.9,122.9,122.9,122.9,0,1025
2719,2022-06-29 14:17:00+05:30,122.9,122.9,122.9,122.9,0,1025
2720,2022-06-29 14:18:00+05:30,122.9,122.9,122.9,122.9,0,1025
2721,2022-06-29 14:19:00+05:30,122.9,122.9,122.9,122.9,0,1025
2722,2022-06-29 14:20:00+05:30,122.9,122.9,122.9,122.9,0,1025
2723,2022-06-29 14:21:00+05:30,122.9,122.9,122.9,122.9,0,1025
2724,2022-06-29 14:22:00+05:30,122.9,122.9,122.9,122.9,0,1025
2725,2022-06-29 14:23:00+05:30,122.9,122.9,122.9,122.9,0,1025
2726,2022-06-29 14:24:00+05:30,122.9,122.9,122.9,122.9,0,1025
2727,2022-06-29 14:25:00+05:30,122.9,122.9,122.9,122.9,0,1025
2728,2022-06-29 14:26:00+05:30,122.9,122.9,122.9,122.9,0,1025
2729,2022-06-29 14:27:00+05:30,122.9,122.9,122.9,122.9,0,1025
2730,2022-06-29 14:28:00+05:30,122.9,122.9,122.9,122.9,0,1025
2731,2022-06-29 14:29:00+05:30,122.9,122.9,122.9,122.9,0,1025
2732,2022-06-29 14:30:00+05:30,122.9,122.9,122.9,122.9,0,1025
2733,2022-06-29 14:31:00+05:30,122.9,122.9,122.9,122.9,0,1025
2734,2022-06-29 14:32:00+05:30,122.9,122.9,122.9,122.9,0,1025
2735,2022-06-29 14:33:00+05:30,122.9,122.9,122.9,122.9,0,1025
2736,2022-06-29 14:34:00+05:30,122.9,122.9,122.9,122.9,0,1025
2737,2022-06-29 14:35:00+05:30,122.9,122.9,122.9,122.9,0,1025
2738,2022-06-29 14:36:00+05:30,122.9,122.9,122.9,122.9,0,1025
2739,2022-06-29 14:37:00+05:30,122.9,122.9,122.9,122.9,0,1025
2740,2022-06-29 14:38:00+05:30,122.9,122.9,122.9,122.9,0,1025
2741,2022-06-29 14:39:00+05:30,122.9,122.9,122.9,122.9,0,1025
2742,2022-06-29 14:40:00+05:30,122.9,122.9,122.9,122.9,0,1025
2743,2022-06-29 14:41:00+05:30,122.9,122.9,122.9,122.9,0,1025
2744,2022-06-29 14:42:00+05:30,122.9,122.9,122.9,122.9,0,1025
2745,2022-06-29 14:43:00+05:30,122.9,122.9,122.9,122.9,0,1025
2746,2022-06-29 14:44:00+05:30,122.9,122.9,122.9,122.9,0,1025
2747,2022-06-29 14:45:00+05:30,122.9,122.9,122.9,122.9,0,1025
2748,2022-06-29 14:46:00+05:30,122.9,122.9,122.9,122.9,0,1025
2749,2022-06-29 14:47:00+05:30,122.9,122.9,122.9,122.9,0,1025
2750,2022-06-29 14:48:00+05:30,122.9,122.9,122.9,122.9,0,1025
2751,2022-06-29 14:49:00+05:30,122.9,122.9,122.9,122.9,0,1025
2752,2022-06-29 14:50:00+05:30,122.9,122.9,122.9,122.9,0,1025
2753,2022-06-29 14:51:00+05:30,122.9,122.9,122.9,122.9,0,1025
2754,2022-06-29 14:52:00+05:30,122.9,122.9,122.9,122.9,0,1025
2755,2022-06-29 14:53:00+05:30,122.9,122.9,122.9,122.9,0,1025
2756,2022-06-29 14:54:00+05:30,122.9,122.9,122.9,122.9,0,1025
2757,2022-06-29 14:55:00+05:30,122.9,122.9,122.9,122.9,0,1025
2758,2022-06-29 14:56:00+05:30,122.9,122.9,122.9,122.9,0,1025
2759,2022-06-29 14:57:00+05:30,122.9,122.9,122.9,122.9,0,1025
2760,2022-06-29 14:58:00+05:30,122.9,122.9,122.9,122.9,0,1025
2761,2022-06-29 14:59:00+05:30,122.9,122.9,122.9,122.9,0,1025
2762,2022-06-29 15:00:00+05:30,122.9,122.9,122.9,122.9,0,1025
2763,2022-06-29 15:01:00+05:30,122.9,122.9,122.9,122.9,0,1025
2764,2022-06-29 15:02:00+05:30,122.9,122.9,122.9,122.9,0,1025
2765,2022-06-29 15:03:00+05:30,122.9,122.9,122.9,122.9,0,1025
2766,2022-06-29 15:04:00+05:30,122.9,122.9,122.9,122.9,0,1025
2767,2022-06-29 15:05:00+05:30,122.9,122.9,122.9,122.9,0,1025
2768,2022-06-29 15:06:00+05:30,122.9,122.9,122.9,122.9,0,1025
2769,2022-06-29 15:07:00+05:30,122.9,122.9,122.9,122.9,0,1025
2770,2022-06-29 15:08:00+05:30,122.9,122.9,122.9,122.9,0,1025
2771,2022-06-29 15:09:00+05:30,122.9,132.95,122.9,132.95,50,1075
2772,2022-06-29 15:10:00+05:30,133.0,133.0,133.0,133.0,25,1075
2773,2022-06-29 15:11:00+05:30,133.0,133.0,133.0,133.0,0,1075
2774,2022-06-29 15:12:00+05:30,133.0,133.0,133.0,133.0,0,1075
2775,2022-06-29 15:13:00+05:30,133.0,133.0,133.0,133.0,0,1075
2776,2022-06-29 15:14:00+05:30,133.0,133.0,133.0,133.0,0,1075
2777,2022-06-29 15:15:00+05:30,133.0,133.0,133.0,133.0,0,1075
2778,2022-06-29 15:16:00+05:30,133.0,133.0,133.0,133.0,0,1075
2779,2022-06-29 15:17:00+05:30,133.0,133.0,133.0,133.0,0,1075
2780,2022-06-29 15:18:00+05:30,133.0,133.0,133.0,133.0,0,1075
2781,2022-06-29 15:19:00+05:30,133.0,133.0,133.0,133.0,0,1075
2782,2022-06-29 15:20:00+05:30,133.0,136.05,133.0,136.05,0,1025
2783,2022-06-29 15:21:00+05:30,136.05,139.0,136.05,139.0,50,1025
2784,2022-06-29 15:22:00+05:30,139.0,139.0,139.0,139.0,0,1025
2785,2022-06-29 15:23:00+05:30,139.0,139.0,139.0,139.0,0,1025
2786,2022-06-29 15:24:00+05:30,139.0,139.0,139.0,139.0,0,1025
2787,2022-06-29 15:25:00+05:30,139.0,139.0,139.0,139.0,0,1025
2788,2022-06-29 15:26:00+05:30,139.0,139.0,139.0,139.0,0,1025
2789,2022-06-29 15:27:00+05:30,139.0,139.0,139.0,139.0,0,1025
2790,2022-06-29 15:28:00+05:30,139.0,139.0,139.0,139.0,0,1025
2791,2022-06-29 15:29:00+05:30,139.0,139.0,139.0,139.0,0,1025
2792,2022-06-30 09:34:00+05:30,118.0,118.0,118.0,118.0,0,1050
2793,2022-06-30 09:35:00+05:30,118.0,118.0,118.0,118.0,0,1050
2794,2022-06-30 09:36:00+05:30,118.0,118.0,118.0,118.0,0,1050
2795,2022-06-30 09:37:00+05:30,118.0,118.0,118.0,118.0,0,1050
2796,2022-06-30 09:38:00+05:30,118.0,118.0,118.0,118.0,0,1050
2797,2022-06-30 09:39:00+05:30,118.0,118.0,118.0,118.0,0,1050
2798,2022-06-30 09:40:00+05:30,118.0,118.0,114.65,114.65,25,1050
2799,2022-06-30 09:41:00+05:30,114.65,114.65,114.65,114.65,0,1050
2800,2022-06-30 09:42:00+05:30,114.65,114.65,114.65,114.65,0,1050
2801,2022-06-30 09:43:00+05:30,114.65,114.65,114.65,114.65,0,1050
2802,2022-06-30 09:44:00+05:30,114.65,114.65,114.65,114.65,0,1050
2803,2022-06-30 09:45:00+05:30,114.65,114.65,114.65,114.65,0,1050
2804,2022-06-30 09:46:00+05:30,114.65,114.65,114.65,114.65,0,1050
2805,2022-06-30 09:47:00+05:30,114.65,114.65,114.65,114.65,0,1050
2806,2022-06-30 09:48:00+05:30,114.65,114.65,114.65,114.65,0,1050
2807,2022-06-30 09:49:00+05:30,114.65,114.65,114.65,114.65,0,1050
2808,2022-06-30 09:50:00+05:30,114.65,114.65,114.65,114.65,0,1050
2809,2022-06-30 09:51:00+05:30,114.65,114.65,114.65,114.65,0,1050
2810,2022-06-30 09:52:00+05:30,114.65,114.65,114.65,114.65,0,1050
2811,2022-06-30 09:53:00+05:30,114.65,114.65,114.65,114.65,0,1050
2812,2022-06-30 09:54:00+05:30,114.65,114.65,114.65,114.65,0,1050
2813,2022-06-30 09:55:00+05:30,114.65,114.65,114.65,114.65,0,1050
2814,2022-06-30 09:56:00+05:30,114.65,114.65,114.65,114.65,0,1050
2815,2022-06-30 09:57:00+05:30,114.65,114.65,114.65,114.65,0,1050
2816,2022-06-30 09:58:00+05:30,114.65,114.65,114.65,114.65,0,1050
2817,2022-06-30 09:59:00+05:30,114.65,114.65,114.65,114.65,0,1050
2818,2022-06-30 10:00:00+05:30,114.65,114.65,114.65,114.65,0,1050
2819,2022-06-30 10:01:00+05:30,114.65,114.65,114.65,114.65,0,1050
2820,2022-06-30 10:02:00+05:30,114.65,114.65,114.65,114.65,0,1050
2821,2022-06-30 10:03:00+05:30,114.65,114.65,114.65,114.65,0,1050
2822,2022-06-30 10:04:00+05:30,114.65,114.65,114.65,114.65,0,1050
2823,2022-06-30 10:05:00+05:30,114.65,114.65,114.65,114.65,0,1050
2824,2022-06-30 10:06:00+05:30,114.65,114.65,114.65,114.65,0,1050
2825,2022-06-30 10:07:00+05:30,114.65,114.65,114.65,114.65,0,1050
2826,2022-06-30 10:08:00+05:30,114.65,114.65,114.65,114.65,0,1050
2827,2022-06-30 10:09:00+05:30,114.65,114.65,114.65,114.65,0,1050
2828,2022-06-30 10:10:00+05:30,114.65,114.65,114.65,114.65,0,1050
2829,2022-06-30 10:11:00+05:30,114.65,114.65,114.65,114.65,0,1050
2830,2022-06-30 10:12:00+05:30,114.65,114.65,114.65,114.65,0,1050
2831,2022-06-30 10:13:00+05:30,114.65,114.65,114.65,114.65,0,1050
2832,2022-06-30 10:14:00+05:30,111.8,111.8,111.8,111.8,25,1050
2833,2022-06-30 10:15:00+05:30,111.8,111.8,111.8,111.8,0,1050
2834,2022-06-30 10:16:00+05:30,111.8,111.8,111.8,111.8,0,1050
2835,2022-06-30 10:17:00+05:30,111.8,120.0,111.8,120.0,25,1050
2836,2022-06-30 10:18:00+05:30,120.0,120.0,120.0,120.0,0,1050
2837,2022-06-30 10:19:00+05:30,120.0,120.0,120.0,120.0,0,1050
2838,2022-06-30 10:20:00+05:30,120.0,120.0,120.0,120.0,0,1050
2839,2022-06-30 10:21:00+05:30,120.0,120.0,120.0,120.0,0,1050
2840,2022-06-30 10:22:00+05:30,120.0,120.0,120.0,120.0,0,1050
2841,2022-06-30 10:23:00+05:30,120.0,122.95,115.25,115.35,25,1050
2842,2022-06-30 10:24:00+05:30,116.2,116.2,115.55,115.55,100,1050
2843,2022-06-30 10:25:00+05:30,115.55,115.55,115.55,115.55,0,1050
2844,2022-06-30 10:26:00+05:30,115.55,115.55,115.55,115.55,0,1050
2845,2022-06-30 10:27:00+05:30,115.55,115.55,115.55,115.55,0,1050
2846,2022-06-30 10:28:00+05:30,115.55,115.55,115.55,115.55,0,1050
2847,2022-06-30 10:29:00+05:30,120.0,120.0,120.0,120.0,75,1100
2848,2022-06-30 10:30:00+05:30,120.0,120.0,118.5,118.5,0,1100
2849,2022-06-30 10:31:00+05:30,118.5,118.5,118.5,118.5,25,1100
2850,2022-06-30 10:32:00+05:30,118.5,118.5,118.5,118.5,0,1100
2851,2022-06-30 10:33:00+05:30,118.5,118.5,118.5,118.5,0,1100
2852,2022-06-30 10:34:00+05:30,118.5,118.5,118.5,118.5,0,1100
2853,2022-06-30 10:35:00+05:30,118.5,118.5,118.5,118.5,0,1100
2854,2022-06-30 10:36:00+05:30,118.5,118.5,118.5,118.5,0,1100
2855,2022-06-30 10:37:00+05:30,118.5,118.5,118.5,118.5,0,1100
2856,2022-06-30 10:38:00+05:30,118.5,118.5,118.5,118.5,0,1100
2857,2022-06-30 10:39:00+05:30,118.5,118.5,118.5,118.5,0,1100
2858,2022-06-30 10:40:00+05:30,118.5,118.5,118.5,118.5,0,1100
2859,2022-06-30 10:41:00+05:30,118.5,118.5,118.5,118.5,0,1100
2860,2022-06-30 10:42:00+05:30,118.5,118.5,118.5,118.5,0,1100
2861,2022-06-30 10:43:00+05:30,118.5,118.5,118.5,118.5,0,1100
2862,2022-06-30 10:44:00+05:30,118.5,118.5,118.5,118.5,0,1100
2863,2022-06-30 10:45:00+05:30,118.5,118.5,118.5,118.5,0,1100
2864,2022-06-30 10:46:00+05:30,118.5,118.5,118.5,118.5,0,1100
2865,2022-06-30 10:47:00+05:30,118.5,118.5,118.5,118.5,0,1100
2866,2022-06-30 10:48:00+05:30,118.5,118.5,118.5,118.5,0,1100
2867,2022-06-30 10:49:00+05:30,118.5,118.5,118.5,118.5,0,1100
2868,2022-06-30 10:50:00+05:30,118.5,118.5,118.5,118.5,0,1100
2869,2022-06-30 10:51:00+05:30,118.5,118.5,118.5,118.5,0,1100
2870,2022-06-30 10:52:00+05:30,118.5,118.5,118.5,118.5,0,1100
2871,2022-06-30 10:53:00+05:30,118.5,118.5,118.5,118.5,0,1100
2872,2022-06-30 10:54:00+05:30,118.5,118.5,118.5,118.5,0,1100
2873,2022-06-30 10:55:00+05:30,118.5,118.5,118.5,118.5,0,1100
2874,2022-06-30 10:56:00+05:30,118.5,118.5,118.5,118.5,0,1100
2875,2022-06-30 10:57:00+05:30,118.5,118.5,118.5,118.5,0,1100
2876,2022-06-30 10:58:00+05:30,118.5,118.5,118.5,118.5,0,1100
2877,2022-06-30 10:59:00+05:30,118.5,118.5,118.5,118.5,0,1100
2878,2022-06-30 11:00:00+05:30,118.5,118.5,118.5,118.5,0,1100
2879,2022-06-30 11:01:00+05:30,118.5,118.5,118.5,118.5,0,1100
2880,2022-06-30 11:02:00+05:30,118.5,122.9,118.5,122.9,25,1100
2881,2022-06-30 11:03:00+05:30,122.9,122.9,119.55,119.55,50,1075
2882,2022-06-30 11:04:00+05:30,119.55,119.55,119.55,119.55,0,1075
2883,2022-06-30 11:05:00+05:30,119.55,119.55,119.55,119.55,0,1075
2884,2022-06-30 11:06:00+05:30,119.55,119.55,119.55,119.55,0,1075
2885,2022-06-30 11:07:00+05:30,119.55,119.55,119.55,119.55,0,1075
2886,2022-06-30 11:08:00+05:30,119.55,119.55,119.55,119.55,0,1075
2887,2022-06-30 11:09:00+05:30,119.55,119.55,119.55,119.55,0,1075
2888,2022-06-30 11:10:00+05:30,119.55,119.55,119.55,119.55,0,1075
2889,2022-06-30 11:11:00+05:30,119.55,119.55,119.55,119.55,0,1075
2890,2022-06-30 11:12:00+05:30,119.55,119.55,119.55,119.55,0,1075
2891,2022-06-30 11:13:00+05:30,119.55,119.8,119.55,119.8,0,1075
2892,2022-06-30 11:14:00+05:30,119.8,119.8,119.8,119.8,100,1075
2893,2022-06-30 11:15:00+05:30,119.8,119.8,119.8,119.8,0,1075
2894,2022-06-30 11:16:00+05:30,119.8,119.8,119.8,119.8,0,1075
2895,2022-06-30 11:17:00+05:30,119.8,119.8,119.8,119.8,0,1075
2896,2022-06-30 11:18:00+05:30,119.8,119.8,119.8,119.8,0,1075
2897,2022-06-30 11:19:00+05:30,119.8,119.8,119.8,119.8,0,1075
2898,2022-06-30 11:20:00+05:30,119.8,119.8,119.8,119.8,0,1075
2899,2022-06-30 11:21:00+05:30,119.8,119.8,119.8,119.8,0,1075
2900,2022-06-30 11:22:00+05:30,119.8,119.8,119.8,119.8,0,1075
2901,2022-06-30 11:23:00+05:30,119.8,119.8,119.8,119.8,0,1075
2902,2022-06-30 11:24:00+05:30,119.8,119.8,119.8,119.8,0,1075
2903,2022-06-30 11:25:00+05:30,119.8,119.8,119.8,119.8,0,1075
2904,2022-06-30 11:26:00+05:30,119.8,119.8,119.8,119.8,0,1075
2905,2022-06-30 11:27:00+05:30,119.8,119.8,119.8,119.8,0,1075
2906,2022-06-30 11:28:00+05:30,119.8,119.8,119.8,119.8,0,1075
2907,2022-06-30 11:29:00+05:30,119.8,119.8,119.8,119.8,0,1075
2908,2022-06-30 11:30:00+05:30,119.8,119.8,119.8,119.8,0,1075
2909,2022-06-30 11:31:00+05:30,119.8,119.8,119.8,119.8,0,1075
2910,2022-06-30 11:32:00+05:30,119.8,119.8,119.8,119.8,0,1075
2911,2022-06-30 11:33:00+05:30,119.8,119.8,119.8,119.8,0,1075
2912,2022-06-30 11:34:00+05:30,119.8,119.8,119.8,119.8,0,1075
2913,2022-06-30 11:35:00+05:30,119.8,119.8,119.8,119.8,0,1075
2914,2022-06-30 11:36:00+05:30,119.8,119.8,119.8,119.8,0,1075
2915,2022-06-30 11:37:00+05:30,119.8,119.8,119.8,119.8,0,1075
2916,2022-06-30 11:38:00+05:30,119.8,119.8,119.8,119.8,0,1075
2917,2022-06-30 11:39:00+05:30,119.8,119.8,119.8,119.8,0,1075
2918,2022-06-30 11:40:00+05:30,119.8,121.85,119.8,121.85,25,1100
2919,2022-06-30 11:41:00+05:30,121.85,121.85,121.85,121.85,0,1100
2920,2022-06-30 11:42:00+05:30,121.85,121.85,121.85,121.85,0,1100
2921,2022-06-30 11:43:00+05:30,121.85,121.85,121.85,121.85,0,1100
2922,2022-06-30 11:44:00+05:30,121.85,121.85,121.85,121.85,0,1100
2923,2022-06-30 11:45:00+05:30,121.85,121.85,121.85,121.85,0,1100
2924,2022-06-30 11:46:00+05:30,121.85,121.85,121.85,121.85,0,1100
2925,2022-06-30 11:47:00+05:30,121.85,121.85,121.85,121.85,0,1100
2926,2022-06-30 11:48:00+05:30,121.85,121.85,121.85,121.85,0,1100
2927,2022-06-30 11:49:00+05:30,121.85,121.85,121.85,121.85,0,1100
2928,2022-06-30 11:50:00+05:30,121.85,121.85,121.85,121.85,0,1100
2929,2022-06-30 11:51:00+05:30,121.85,121.85,121.85,121.85,0,1100
2930,2022-06-30 11:52:00+05:30,121.85,121.85,121.85,121.85,0,1100
2931,2022-06-30 11:53:00+05:30,121.85,121.85,121.85,121.85,0,1100
2932,2022-06-30 11:54:00+05:30,121.85,121.85,121.85,121.85,0,1100
2933,2022-06-30 11:55:00+05:30,121.85,121.85,120.3,120.3,25,1100
2934,2022-06-30 11:56:00+05:30,120.3,120.3,120.3,120.3,0,1100
2935,2022-06-30 11:57:00+05:30,120.3,120.3,120.3,120.3,0,1100
2936,2022-06-30 11:58:00+05:30,120.3,120.3,120.3,120.3,0,1100
2937,2022-06-30 11:59:00+05:30,120.3,120.3,120.3,120.3,0,1100
2938,2022-06-30 12:00:00+05:30,120.3,120.3,120.3,120.3,0,1100
2939,2022-06-30 12:01:00+05:30,120.3,120.3,120.3,120.3,0,1100
2940,2022-06-30 12:02:00+05:30,120.3,120.3,120.3,120.3,0,1100
2941,2022-06-30 12:03:00+05:30,120.3,120.3,120.3,120.3,0,1100
2942,2022-06-30 12:04:00+05:30,120.3,120.3,120.3,120.3,0,1100
2943,2022-06-30 12:05:00+05:30,120.3,120.3,120.3,120.3,0,1100
2944,2022-06-30 12:06:00+05:30,120.3,120.3,120.3,120.3,0,1100
2945,2022-06-30 12:07:00+05:30,120.3,120.3,120.3,120.3,0,1100
2946,2022-06-30 12:08:00+05:30,120.3,120.3,120.3,120.3,0,1100
2947,2022-06-30 12:09:00+05:30,120.3,120.3,120.3,120.3,0,1100
2948,2022-06-30 12:10:00+05:30,120.3,120.3,120.3,120.3,0,1100
2949,2022-06-30 12:11:00+05:30,120.3,120.3,120.3,120.3,0,1100
2950,2022-06-30 12:12:00+05:30,120.3,120.3,120.3,120.3,0,1100
2951,2022-06-30 12:13:00+05:30,120.3,120.3,120.3,120.3,0,1100
2952,2022-06-30 12:14:00+05:30,120.3,120.3,120.3,120.3,0,1100
2953,2022-06-30 12:15:00+05:30,120.3,120.3,120.3,120.3,0,1100
2954,2022-06-30 12:16:00+05:30,120.3,120.3,120.3,120.3,0,1100
2955,2022-06-30 12:17:00+05:30,120.3,120.3,120.3,120.3,0,1100
2956,2022-06-30 12:18:00+05:30,120.3,120.3,120.3,120.3,0,1100
2957,2022-06-30 12:19:00+05:30,120.3,120.3,120.3,120.3,0,1100
2958,2022-06-30 12:20:00+05:30,120.3,120.3,120.3,120.3,0,1100
2959,2022-06-30 12:21:00+05:30,120.3,120.3,120.3,120.3,0,1100
2960,2022-06-30 12:22:00+05:30,120.3,120.3,120.3,120.3,0,1100
2961,2022-06-30 12:23:00+05:30,120.3,120.3,120.3,120.3,0,1100
2962,2022-06-30 12:24:00+05:30,120.3,120.3,120.3,120.3,0,1100
2963,2022-06-30 12:25:00+05:30,120.3,120.3,120.3,120.3,0,1100
2964,2022-06-30 12:26:00+05:30,120.3,120.3,120.3,120.3,0,1100
2965,2022-06-30 12:27:00+05:30,120.3,120.3,120.3,120.3,0,1100
2966,2022-06-30 12:28:00+05:30,120.3,120.3,120.3,120.3,0,1100
2967,2022-06-30 12:29:00+05:30,120.3,120.3,120.3,120.3,0,1100
2968,2022-06-30 12:30:00+05:30,120.3,120.3,120.3,120.3,0,1100
2969,2022-06-30 12:31:00+05:30,120.3,120.3,120.3,120.3,0,1100
2970,2022-06-30 12:32:00+05:30,120.3,120.3,120.3,120.3,0,1100
2971,2022-06-30 12:33:00+05:30,120.3,120.3,120.3,120.3,0,1100
2972,2022-06-30 12:34:00+05:30,120.3,120.3,120.3,120.3,0,1100
2973,2022-06-30 12:35:00+05:30,120.3,120.3,120.3,120.3,0,1100
2974,2022-06-30 12:36:00+05:30,120.3,120.3,120.3,120.3,0,1100
2975,2022-06-30 12:37:00+05:30,120.3,120.3,120.3,120.3,0,1100
2976,2022-06-30 12:38:00+05:30,120.3,120.3,120.3,120.3,0,1100
2977,2022-06-30 12:39:00+05:30,120.3,120.3,120.3,120.3,0,1100
2978,2022-06-30 12:40:00+05:30,120.3,120.3,120.3,120.3,0,1100
2979,2022-06-30 12:41:00+05:30,120.3,120.3,120.3,120.3,0,1100
2980,2022-06-30 12:42:00+05:30,120.3,120.3,120.3,120.3,0,1100
2981,2022-06-30 12:43:00+05:30,120.3,120.3,120.3,120.3,0,1100
2982,2022-06-30 12:44:00+05:30,120.3,120.3,120.3,120.3,0,1100
2983,2022-06-30 12:45:00+05:30,120.3,120.3,120.3,120.3,0,1100
2984,2022-06-30 12:46:00+05:30,120.3,120.3,120.3,120.3,0,1100
2985,2022-06-30 12:47:00+05:30,120.3,120.3,120.3,120.3,0,1100
2986,2022-06-30 12:48:00+05:30,120.3,120.3,120.3,120.3,0,1100
2987,2022-06-30 12:49:00+05:30,120.3,120.3,120.3,120.3,0,1100
2988,2022-06-30 12:50:00+05:30,120.3,120.3,120.3,120.3,0,1100
2989,2022-06-30 12:51:00+05:30,120.3,120.3,120.3,120.3,0,1100
2990,2022-06-30 12:52:00+05:30,120.3,120.3,120.3,120.3,0,1100
2991,2022-06-30 12:53:00+05:30,120.3,120.3,120.3,120.3,0,1100
2992,2022-06-30 12:54:00+05:30,120.3,120.3,120.3,120.3,0,1100
2993,2022-06-30 12:55:00+05:30,120.3,120.3,120.3,120.3,0,1100
2994,2022-06-30 12:56:00+05:30,120.3,120.3,120.3,120.3,0,1100
2995,2022-06-30 12:57:00+05:30,120.3,120.3,120.3,120.3,0,1100
2996,2022-06-30 12:58:00+05:30,120.3,120.3,120.3,120.3,0,1100
2997,2022-06-30 12:59:00+05:30,120.3,120.3,120.3,120.3,0,1100
2998,2022-06-30 13:00:00+05:30,120.3,120.3,120.3,120.3,0,1100
2999,2022-06-30 13:01:00+05:30,120.3,120.3,120.3,120.3,0,1100
3000,2022-06-30 13:02:00+05:30,120.3,120.3,120.3,120.3,0,1100
3001,2022-06-30 13:03:00+05:30,126.0,126.0,126.0,126.0,50,1100
3002,2022-06-30 13:04:00+05:30,126.0,126.0,126.0,126.0,25,1100
3003,2022-06-30 13:05:00+05:30,126.0,126.0,126.0,126.0,0,1100
3004,2022-06-30 13:06:00+05:30,126.0,126.0,126.0,126.0,0,1100
3005,2022-06-30 13:07:00+05:30,126.0,126.0,126.0,126.0,50,1100
3006,2022-06-30 13:08:00+05:30,126.0,126.0,126.0,126.0,0,1100
3007,2022-06-30 13:09:00+05:30,126.0,126.0,121.65,121.65,25,1100
3008,2022-06-30 13:10:00+05:30,121.65,121.65,121.65,121.65,0,1100
3009,2022-06-30 13:11:00+05:30,121.65,121.65,121.65,121.65,0,1100
3010,2022-06-30 13:12:00+05:30,121.65,121.65,121.65,121.65,0,1100
3011,2022-06-30 13:13:00+05:30,121.65,121.65,121.65,121.65,0,1100
3012,2022-06-30 13:14:00+05:30,126.0,126.0,126.0,126.0,25,1100
3013,2022-06-30 13:15:00+05:30,126.0,126.0,125.0,125.0,25,1100
3014,2022-06-30 13:16:00+05:30,125.0,125.0,125.0,125.0,0,1100
3015,2022-06-30 13:17:00+05:30,125.0,125.0,125.0,125.0,0,1100
3016,2022-06-30 13:18:00+05:30,125.0,125.0,125.0,125.0,0,1100
3017,2022-06-30 13:19:00+05:30,125.0,125.0,125.0,125.0,0,1100
3018,2022-06-30 13:20:00+05:30,125.0,125.0,125.0,125.0,0,1100
3019,2022-06-30 13:21:00+05:30,125.0,125.0,124.0,124.0,0,1125
3020,2022-06-30 13:22:00+05:30,124.0,124.0,124.0,124.0,50,1125
3021,2022-06-30 13:23:00+05:30,124.0,124.0,124.0,124.0,0,1125
3022,2022-06-30 13:24:00+05:30,124.0,125.0,124.0,125.0,25,1125
3023,2022-06-30 13:25:00+05:30,125.0,126.0,125.0,126.0,25,1125
3024,2022-06-30 13:26:00+05:30,126.0,126.0,126.0,126.0,0,1125
3025,2022-06-30 13:27:00+05:30,126.0,126.0,126.0,126.0,0,1125
3026,2022-06-30 13:28:00+05:30,126.0,126.0,126.0,126.0,0,1125
3027,2022-06-30 13:29:00+05:30,126.0,126.0,126.0,126.0,0,1125
3028,2022-06-30 13:30:00+05:30,126.0,126.0,126.0,126.0,0,1125
3029,2022-06-30 13:31:00+05:30,126.0,126.0,126.0,126.0,0,1125
3030,2022-06-30 13:32:00+05:30,126.0,126.0,126.0,126.0,0,1125
3031,2022-06-30 13:33:00+05:30,126.0,126.0,126.0,126.0,0,1125
3032,2022-06-30 13:34:00+05:30,126.0,126.0,126.0,126.0,0,1125
3033,2022-06-30 13:35:00+05:30,126.0,126.0,126.0,126.0,0,1125
3034,2022-06-30 13:36:00+05:30,126.0,126.0,126.0,126.0,0,1125
3035,2022-06-30 13:37:00+05:30,126.0,126.0,126.0,126.0,0,1125
3036,2022-06-30 13:38:00+05:30,126.0,126.0,126.0,126.0,0,1125
3037,2022-06-30 13:39:00+05:30,126.0,126.0,126.0,126.0,0,1125
3038,2022-06-30 13:40:00+05:30,126.0,126.0,126.0,126.0,0,1125
3039,2022-06-30 13:41:00+05:30,126.0,126.0,126.0,126.0,0,1125
3040,2022-06-30 13:42:00+05:30,126.0,126.0,126.0,126.0,0,1125
3041,2022-06-30 13:43:00+05:30,126.0,126.0,126.0,126.0,0,1125
3042,2022-06-30 13:44:00+05:30,126.0,126.0,126.0,126.0,0,1125
3043,2022-06-30 13:45:00+05:30,126.0,126.0,126.0,126.0,0,1125
3044,2022-06-30 13:46:00+05:30,126.0,126.0,126.0,126.0,0,1125
3045,2022-06-30 13:47:00+05:30,126.0,126.0,126.0,126.0,0,1125
3046,2022-06-30 13:48:00+05:30,126.0,126.0,126.0,126.0,0,1125
3047,2022-06-30 13:49:00+05:30,126.0,126.0,126.0,126.0,0,1125
3048,2022-06-30 13:50:00+05:30,126.0,126.0,126.0,126.0,0,1125
3049,2022-06-30 13:51:00+05:30,126.0,126.0,126.0,126.0,0,1125
3050,2022-06-30 13:52:00+05:30,126.0,126.0,126.0,126.0,0,1125
3051,2022-06-30 13:53:00+05:30,126.0,126.0,126.0,126.0,0,1125
3052,2022-06-30 13:54:00+05:30,126.0,126.0,126.0,126.0,0,1125
3053,2022-06-30 13:55:00+05:30,126.0,126.0,126.0,126.0,0,1125
3054,2022-06-30 13:56:00+05:30,126.0,126.0,126.0,126.0,0,1125
3055,2022-06-30 13:57:00+05:30,126.0,126.0,126.0,126.0,0,1125
3056,2022-06-30 13:58:00+05:30,126.0,126.0,126.0,126.0,0,1125
3057,2022-06-30 13:59:00+05:30,126.0,126.0,126.0,126.0,0,1125
3058,2022-06-30 14:00:00+05:30,126.0,126.0,126.0,126.0,0,1125
3059,2022-06-30 14:01:00+05:30,126.0,126.0,126.0,126.0,0,1125
3060,2022-06-30 14:02:00+05:30,126.0,126.0,126.0,126.0,0,1125
3061,2022-06-30 14:03:00+05:30,126.0,126.0,120.5,120.5,25,1125
3062,2022-06-30 14:04:00+05:30,120.5,120.5,120.5,120.5,0,1125
3063,2022-06-30 14:05:00+05:30,120.5,120.5,120.5,120.5,0,1125
3064,2022-06-30 14:06:00+05:30,120.5,120.5,120.5,120.5,0,1125
3065,2022-06-30 14:07:00+05:30,120.5,120.5,120.5,120.5,0,1125
3066,2022-06-30 14:08:00+05:30,120.5,120.5,120.5,120.5,0,1125
3067,2022-06-30 14:09:00+05:30,120.5,120.5,120.5,120.5,0,1125
3068,2022-06-30 14:10:00+05:30,120.5,120.5,120.5,120.5,0,1125
3069,2022-06-30 14:11:00+05:30,120.5,120.5,120.5,120.5,0,1125
3070,2022-06-30 14:12:00+05:30,120.5,120.5,120.5,120.5,0,1125
3071,2022-06-30 14:13:00+05:30,120.5,120.5,120.5,120.5,0,1125
3072,2022-06-30 14:14:00+05:30,120.5,120.5,120.5,120.5,0,1125
3073,2022-06-30 14:15:00+05:30,120.5,120.5,120.5,120.5,0,1125
3074,2022-06-30 14:16:00+05:30,120.5,120.5,120.5,120.5,0,1125
3075,2022-06-30 14:17:00+05:30,120.5,120.5,120.5,120.5,0,1125
3076,2022-06-30 14:18:00+05:30,120.5,120.5,120.5,120.5,0,1125
3077,2022-06-30 14:19:00+05:30,120.5,120.5,116.9,116.9,25,1125
3078,2022-06-30 14:20:00+05:30,116.9,116.9,116.9,116.9,25,1125
3079,2022-06-30 14:21:00+05:30,116.9,116.9,116.9,116.9,0,1125
3080,2022-06-30 14:22:00+05:30,116.9,116.9,116.9,116.9,0,1125
3081,2022-06-30 14:23:00+05:30,116.9,116.9,116.9,116.9,0,1125
3082,2022-06-30 14:24:00+05:30,116.9,116.9,116.9,116.9,0,1125
3083,2022-06-30 14:25:00+05:30,116.9,116.9,116.9,116.9,0,1125
3084,2022-06-30 14:26:00+05:30,116.9,116.9,116.9,116.9,0,1125
3085,2022-06-30 14:27:00+05:30,116.9,116.9,116.9,116.9,0,1125
3086,2022-06-30 14:28:00+05:30,116.9,116.9,110.8,110.8,25,1150
3087,2022-06-30 14:29:00+05:30,110.8,110.8,110.8,110.8,0,1150
3088,2022-06-30 14:30:00+05:30,110.8,110.8,110.8,110.8,0,1150
3089,2022-06-30 14:31:00+05:30,110.8,111.65,110.8,111.65,25,1125
3090,2022-06-30 14:32:00+05:30,111.65,111.65,111.65,111.65,0,1125
3091,2022-06-30 14:33:00+05:30,111.65,111.65,111.65,111.65,0,1125
3092,2022-06-30 14:34:00+05:30,111.65,111.65,111.65,111.65,0,1125
3093,2022-06-30 14:35:00+05:30,111.65,111.65,111.65,111.65,0,1125
3094,2022-06-30 14:36:00+05:30,111.65,111.65,111.65,111.65,0,1125
3095,2022-06-30 14:37:00+05:30,111.65,111.65,111.65,111.65,0,1125
3096,2022-06-30 14:38:00+05:30,111.65,111.65,111.65,111.65,0,1125
3097,2022-06-30 14:39:00+05:30,111.65,111.65,111.65,111.65,0,1125
3098,2022-06-30 14:40:00+05:30,111.65,111.65,111.65,111.65,0,1125
3099,2022-06-30 14:41:00+05:30,111.65,111.65,111.65,111.65,0,1125
3100,2022-06-30 14:42:00+05:30,111.65,111.65,111.65,111.65,0,1125
3101,2022-06-30 14:43:00+05:30,111.65,111.65,111.65,111.65,0,1125
3102,2022-06-30 14:44:00+05:30,111.65,111.65,111.65,111.65,0,1125
3103,2022-06-30 14:45:00+05:30,111.65,111.65,111.65,111.65,0,1125
3104,2022-06-30 14:46:00+05:30,111.65,111.65,111.65,111.65,0,1125
3105,2022-06-30 14:47:00+05:30,111.65,111.65,111.65,111.65,0,1125
3106,2022-06-30 14:48:00+05:30,111.65,111.65,111.65,111.65,0,1125
3107,2022-06-30 14:49:00+05:30,111.65,111.65,111.65,111.65,0,1125
3108,2022-06-30 14:50:00+05:30,111.65,114.15,111.65,114.15,25,1150
3109,2022-06-30 14:51:00+05:30,114.15,114.15,114.15,114.15,0,1150
3110,2022-06-30 14:52:00+05:30,114.15,114.15,114.15,114.15,0,1150
3111,2022-06-30 14:53:00+05:30,114.15,114.15,114.15,114.15,0,1150
3112,2022-06-30 14:54:00+05:30,114.15,114.15,114.15,114.15,0,1150
3113,2022-06-30 14:55:00+05:30,114.15,114.15,114.15,114.15,0,1150
3114,2022-06-30 14:56:00+05:30,114.15,114.15,114.15,114.15,0,1150
3115,2022-06-30 14:57:00+05:30,114.15,114.15,114.15,114.15,0,1150
3116,2022-06-30 14:58:00+05:30,114.15,114.15,114.15,114.15,0,1150
3117,2022-06-30 14:59:00+05:30,114.15,114.15,114.15,114.15,0,1150
3118,2022-06-30 15:00:00+05:30,114.15,114.15,114.15,114.15,0,1150
3119,2022-06-30 15:01:00+05:30,114.15,114.15,114.15,114.15,0,1150
3120,2022-06-30 15:02:00+05:30,114.15,114.15,114.15,114.15,0,1150
3121,2022-06-30 15:03:00+05:30,114.15,114.15,114.15,114.15,0,1150
3122,2022-06-30 15:04:00+05:30,114.15,114.15,114.15,114.15,0,1150
3123,2022-06-30 15:05:00+05:30,114.15,114.15,114.15,114.15,0,1150
3124,2022-06-30 15:06:00+05:30,114.15,114.15,114.15,114.15,0,1150
3125,2022-06-30 15:07:00+05:30,114.15,114.15,114.15,114.15,0,1150
3126,2022-06-30 15:08:00+05:30,114.15,114.15,114.15,114.15,0,1150
3127,2022-06-30 15:09:00+05:30,114.15,114.15,114.15,114.15,0,1150
3128,2022-06-30 15:10:00+05:30,114.15,114.15,114.15,114.15,0,1150
3129,2022-06-30 15:11:00+05:30,114.15,114.15,114.15,114.15,0,1150
3130,2022-06-30 15:12:00+05:30,114.15,114.15,114.15,114.15,0,1150
3131,2022-06-30 15:13:00+05:30,114.15,114.15,114.15,114.15,0,1150
3132,2022-06-30 15:14:00+05:30,114.15,114.15,114.15,114.15,0,1150
3133,2022-06-30 15:15:00+05:30,114.15,114.15,114.15,114.15,0,1150
3134,2022-06-30 15:16:00+05:30,114.15,114.15,114.15,114.15,0,1150
3135,2022-06-30 15:17:00+05:30,114.15,114.15,114.15,114.15,0,1150
3136,2022-06-30 15:18:00+05:30,114.15,114.15,114.15,114.15,0,1150
3137,2022-06-30 15:19:00+05:30,114.15,114.15,114.15,114.15,0,1150
3138,2022-06-30 15:20:00+05:30,114.15,114.15,114.15,114.15,0,1150
3139,2022-06-30 15:21:00+05:30,114.15,114.15,114.15,114.15,0,1150
3140,2022-06-30 15:22:00+05:30,114.15,114.15,114.15,114.15,0,1150
3141,2022-06-30 15:23:00+05:30,114.15,114.15,114.15,114.15,0,1150
3142,2022-06-30 15:24:00+05:30,114.15,114.15,114.15,114.15,0,1150
3143,2022-06-30 15:25:00+05:30,114.15,139.4,114.15,139.4,25,1175
3144,2022-06-30 15:26:00+05:30,139.4,139.4,139.4,139.4,0,1175
3145,2022-06-30 15:27:00+05:30,139.4,139.4,139.4,139.4,0,1175
3146,2022-06-30 15:28:00+05:30,139.4,139.4,139.4,139.4,0,1175
3147,2022-06-30 15:29:00+05:30,139.4,139.4,139.4,139.4,0,1175
3148,2022-07-01 09:47:00+05:30,146.15,146.15,146.15,146.15,0,1175
3149,2022-07-01 09:48:00+05:30,146.15,146.15,146.15,146.15,0,1175
3150,2022-07-01 09:49:00+05:30,146.15,146.15,146.15,146.15,0,1175
3151,2022-07-01 09:50:00+05:30,138.0,138.0,138.0,138.0,25,1175
3152,2022-07-01 09:51:00+05:30,138.0,138.0,138.0,138.0,0,1175
3153,2022-07-01 09:52:00+05:30,138.0,138.0,138.0,138.0,0,1175
3154,2022-07-01 09:53:00+05:30,138.0,138.0,138.0,138.0,0,1175
3155,2022-07-01 09:54:00+05:30,138.0,138.0,138.0,138.0,0,1175
3156,2022-07-01 09:55:00+05:30,138.0,138.0,138.0,138.0,0,1175
3157,2022-07-01 09:56:00+05:30,138.0,138.0,138.0,138.0,0,1175
3158,2022-07-01 09:57:00+05:30,138.0,138.0,138.0,138.0,0,1175
3159,2022-07-01 09:58:00+05:30,138.0,138.0,138.0,138.0,0,1175
3160,2022-07-01 09:59:00+05:30,138.0,138.0,138.0,138.0,0,1175
3161,2022-07-01 10:00:00+05:30,138.0,138.0,138.0,138.0,0,1175
3162,2022-07-01 10:01:00+05:30,138.0,138.0,138.0,138.0,0,1175
3163,2022-07-01 10:02:00+05:30,138.0,138.0,138.0,138.0,0,1175
3164,2022-07-01 10:03:00+05:30,138.0,138.0,138.0,138.0,0,1175
3165,2022-07-01 10:04:00+05:30,138.0,138.0,138.0,138.0,0,1175
3166,2022-07-01 10:05:00+05:30,138.0,138.0,138.0,138.0,0,1175
3167,2022-07-01 10:06:00+05:30,138.0,143.8,138.0,143.8,125,1175
3168,2022-07-01 10:07:00+05:30,143.8,143.8,143.8,143.8,0,1175
3169,2022-07-01 10:08:00+05:30,143.8,143.8,143.8,143.8,0,1175
3170,2022-07-01 10:09:00+05:30,143.8,143.8,143.8,143.8,0,1175
3171,2022-07-01 10:10:00+05:30,143.8,143.8,143.8,143.8,0,1175
3172,2022-07-01 10:11:00+05:30,143.8,143.8,143.8,143.8,0,1175
3173,2022-07-01 10:12:00+05:30,143.8,143.8,143.8,143.8,0,1175
3174,2022-07-01 10:13:00+05:30,143.8,143.8,141.3,141.3,125,1275
3175,2022-07-01 10:14:00+05:30,141.3,141.3,139.6,139.6,25,1150
3176,2022-07-01 10:15:00+05:30,139.6,139.6,139.6,139.6,0,1150
3177,2022-07-01 10:16:00+05:30,139.6,139.6,139.6,139.6,0,1150
3178,2022-07-01 10:17:00+05:30,139.6,139.6,139.6,139.6,0,1150
3179,2022-07-01 10:18:00+05:30,139.6,139.6,139.6,139.6,0,1150
3180,2022-07-01 10:19:00+05:30,139.6,139.6,139.6,139.6,0,1150
3181,2022-07-01 10:20:00+05:30,139.6,139.6,139.6,139.6,0,1150
3182,2022-07-01 10:21:00+05:30,139.6,139.6,139.6,139.6,0,1150
3183,2022-07-01 10:22:00+05:30,139.6,139.6,139.6,139.6,0,1150
3184,2022-07-01 10:23:00+05:30,139.6,139.6,139.6,139.6,0,1150
3185,2022-07-01 10:24:00+05:30,139.6,139.6,139.6,139.6,0,1150
3186,2022-07-01 10:25:00+05:30,139.6,139.6,139.6,139.6,0,1150
3187,2022-07-01 10:26:00+05:30,139.6,139.6,139.6,139.6,0,1150
3188,2022-07-01 10:27:00+05:30,139.6,139.6,139.6,139.6,0,1150
3189,2022-07-01 10:28:00+05:30,139.6,139.6,139.6,139.6,0,1150
3190,2022-07-01 10:29:00+05:30,139.6,139.6,139.6,139.6,0,1150
3191,2022-07-01 10:30:00+05:30,139.6,139.6,139.6,139.6,0,1150
3192,2022-07-01 10:31:00+05:30,139.6,139.6,139.6,139.6,0,1150
3193,2022-07-01 10:32:00+05:30,139.6,139.6,139.6,139.6,0,1150
3194,2022-07-01 10:33:00+05:30,139.6,139.6,139.6,139.6,0,1150
3195,2022-07-01 10:34:00+05:30,139.6,139.6,139.6,139.6,0,1150
3196,2022-07-01 10:35:00+05:30,139.6,139.6,139.6,139.6,0,1150
3197,2022-07-01 10:36:00+05:30,139.6,139.6,139.6,139.6,0,1150
3198,2022-07-01 10:37:00+05:30,139.6,139.6,139.6,139.6,0,1150
3199,2022-07-01 10:38:00+05:30,139.6,139.6,139.6,139.6,0,1150
3200,2022-07-01 10:39:00+05:30,139.6,139.6,139.6,139.6,0,1150
3201,2022-07-01 10:40:00+05:30,139.6,139.6,139.6,139.6,0,1150
3202,2022-07-01 10:41:00+05:30,139.6,139.6,139.6,139.6,0,1150
3203,2022-07-01 10:42:00+05:30,139.6,139.6,139.6,139.6,0,1150
3204,2022-07-01 10:43:00+05:30,139.6,139.6,139.6,139.6,0,1150
3205,2022-07-01 10:44:00+05:30,139.6,139.6,139.6,139.6,0,1150
3206,2022-07-01 10:45:00+05:30,139.6,139.6,126.7,126.7,125,1125
3207,2022-07-01 10:46:00+05:30,126.7,126.7,126.7,126.7,0,1125
3208,2022-07-01 10:47:00+05:30,126.7,126.7,126.7,126.7,0,1125
3209,2022-07-01 10:48:00+05:30,130.0,130.0,126.7,130.0,250,1125
3210,2022-07-01 10:49:00+05:30,130.0,130.0,130.0,130.0,0,1125
3211,2022-07-01 10:50:00+05:30,130.0,130.0,130.0,130.0,0,1125
3212,2022-07-01 10:51:00+05:30,130.0,130.0,130.0,130.0,0,1125
3213,2022-07-01 10:52:00+05:30,130.0,130.0,130.0,130.0,0,1125
3214,2022-07-01 10:53:00+05:30,130.0,130.0,130.0,130.0,0,1125
3215,2022-07-01 10:54:00+05:30,130.0,130.0,130.0,130.0,0,1125
3216,2022-07-01 10:55:00+05:30,130.0,130.0,130.0,130.0,0,1125
3217,2022-07-01 10:56:00+05:30,125.6,125.6,125.6,125.6,400,1250
3218,2022-07-01 10:57:00+05:30,125.6,125.6,125.6,125.6,0,1250
3219,2022-07-01 10:58:00+05:30,125.6,125.6,125.6,125.6,0,1250
3220,2022-07-01 10:59:00+05:30,125.6,125.6,125.6,125.6,0,1250
3221,2022-07-01 11:00:00+05:30,125.6,125.6,125.6,125.6,0,1250
3222,2022-07-01 11:01:00+05:30,125.6,125.6,125.6,125.6,0,1250
3223,2022-07-01 11:02:00+05:30,125.6,125.6,125.6,125.6,0,1250
3224,2022-07-01 11:03:00+05:30,125.6,125.6,125.6,125.6,0,1250
3225,2022-07-01 11:04:00+05:30,125.6,125.6,125.6,125.6,0,1250
3226,2022-07-01 11:05:00+05:30,125.6,125.6,125.6,125.6,0,1250
3227,2022-07-01 11:06:00+05:30,125.6,125.6,125.6,125.6,0,1250
3228,2022-07-01 11:07:00+05:30,125.6,125.6,125.6,125.6,0,1250
3229,2022-07-01 11:08:00+05:30,125.6,125.6,125.6,125.6,0,1250
3230,2022-07-01 11:09:00+05:30,125.6,125.6,125.6,125.6,0,1250
3231,2022-07-01 11:10:00+05:30,125.6,125.6,125.6,125.6,0,1250
3232,2022-07-01 11:11:00+05:30,125.6,125.6,125.6,125.6,0,1250
3233,2022-07-01 11:12:00+05:30,125.6,125.6,125.6,125.6,0,1250
3234,2022-07-01 11:13:00+05:30,125.6,125.6,125.6,125.6,0,1250
3235,2022-07-01 11:14:00+05:30,125.6,125.6,125.6,125.6,0,1250
3236,2022-07-01 11:15:00+05:30,125.6,125.6,125.6,125.6,0,1250
3237,2022-07-01 11:16:00+05:30,125.6,125.6,125.6,125.6,0,1250
3238,2022-07-01 11:17:00+05:30,125.6,125.6,125.6,125.6,0,1250
3239,2022-07-01 11:18:00+05:30,125.6,125.6,125.6,125.6,0,1250
3240,2022-07-01 11:19:00+05:30,125.6,125.6,125.6,125.6,0,1250
3241,2022-07-01 11:20:00+05:30,125.6,125.6,125.6,125.6,0,1250
3242,2022-07-01 11:21:00+05:30,125.6,125.6,125.6,125.6,0,1250
3243,2022-07-01 11:22:00+05:30,125.6,125.6,125.6,125.6,0,1250
3244,2022-07-01 11:23:00+05:30,125.6,125.6,125.6,125.6,0,1250
3245,2022-07-01 11:24:00+05:30,125.6,125.6,125.6,125.6,0,1250
3246,2022-07-01 11:25:00+05:30,125.6,125.6,125.6,125.6,0,1250
3247,2022-07-01 11:26:00+05:30,125.6,125.6,125.6,125.6,0,1250
3248,2022-07-01 11:27:00+05:30,125.6,125.6,125.6,125.6,0,1250
3249,2022-07-01 11:28:00+05:30,125.6,125.6,125.6,125.6,0,1250
3250,2022-07-01 11:29:00+05:30,125.6,125.6,125.6,125.6,0,1250
3251,2022-07-01 11:30:00+05:30,125.6,125.6,125.6,125.6,0,1250
3252,2022-07-01 11:31:00+05:30,125.6,125.6,125.6,125.6,0,1250
3253,2022-07-01 11:32:00+05:30,125.6,125.6,125.6,125.6,0,1250
3254,2022-07-01 11:33:00+05:30,125.6,125.6,125.6,125.6,0,1250
3255,2022-07-01 11:34:00+05:30,125.6,125.6,125.6,125.6,0,1250
3256,2022-07-01 11:35:00+05:30,125.6,125.6,125.6,125.6,0,1250
3257,2022-07-01 11:36:00+05:30,125.6,125.6,125.6,125.6,0,1250
3258,2022-07-01 11:37:00+05:30,125.6,125.6,125.6,125.6,0,1250
3259,2022-07-01 11:38:00+05:30,125.6,125.6,125.6,125.6,0,1250
3260,2022-07-01 11:39:00+05:30,125.6,125.6,125.6,125.6,0,1250
3261,2022-07-01 11:40:00+05:30,125.6,125.6,125.6,125.6,0,1250
3262,2022-07-01 11:41:00+05:30,125.6,125.6,125.6,125.6,0,1250
3263,2022-07-01 11:42:00+05:30,125.6,125.6,125.6,125.6,0,1250
3264,2022-07-01 11:43:00+05:30,125.6,125.6,125.6,125.6,0,1250
3265,2022-07-01 11:44:00+05:30,125.6,125.6,125.6,125.6,0,1250
3266,2022-07-01 11:45:00+05:30,125.6,125.6,125.6,125.6,0,1250
3267,2022-07-01 11:46:00+05:30,125.6,125.6,125.6,125.6,0,1250
3268,2022-07-01 11:47:00+05:30,125.6,125.75,125.6,125.75,25,1175
3269,2022-07-01 11:48:00+05:30,125.75,125.75,125.75,125.75,0,1175
3270,2022-07-01 11:49:00+05:30,125.75,125.75,125.75,125.75,0,1175
3271,2022-07-01 11:50:00+05:30,125.75,125.75,125.75,125.75,0,1175
3272,2022-07-01 11:51:00+05:30,125.75,125.75,125.75,125.75,0,1175
3273,2022-07-01 11:52:00+05:30,125.75,125.75,125.75,125.75,0,1175
3274,2022-07-01 11:53:00+05:30,125.75,125.75,125.75,125.75,0,1175
3275,2022-07-01 11:54:00+05:30,125.75,125.75,125.75,125.75,0,1175
3276,2022-07-01 11:55:00+05:30,125.75,125.75,125.75,125.75,0,1175
3277,2022-07-01 11:56:00+05:30,125.75,125.75,125.75,125.75,0,1175
3278,2022-07-01 11:57:00+05:30,125.75,125.75,125.75,125.75,0,1175
3279,2022-07-01 11:58:00+05:30,125.75,125.75,125.75,125.75,0,1175
3280,2022-07-01 11:59:00+05:30,125.75,125.75,125.75,125.75,0,1175
3281,2022-07-01 12:00:00+05:30,125.75,125.75,125.75,125.75,0,1175
3282,2022-07-01 12:01:00+05:30,125.75,125.75,125.75,125.75,0,1175
3283,2022-07-01 12:02:00+05:30,125.75,125.75,125.75,125.75,0,1175
3284,2022-07-01 12:03:00+05:30,125.75,125.75,125.75,125.75,0,1175
3285,2022-07-01 12:04:00+05:30,125.75,125.75,125.75,125.75,0,1175
3286,2022-07-01 12:05:00+05:30,125.75,125.75,125.75,125.75,0,1175
3287,2022-07-01 12:06:00+05:30,125.75,125.75,125.75,125.75,0,1175
3288,2022-07-01 12:07:00+05:30,125.75,127.25,125.75,127.25,50,1200
3289,2022-07-01 12:08:00+05:30,127.25,127.25,122.55,122.55,0,1250
3290,2022-07-01 12:09:00+05:30,122.55,122.55,122.55,122.55,25,1250
3291,2022-07-01 12:10:00+05:30,122.55,122.55,122.55,122.55,0,1250
3292,2022-07-01 12:11:00+05:30,122.55,122.55,122.55,122.55,0,1250
3293,2022-07-01 12:12:00+05:30,122.55,122.55,122.55,122.55,0,1250
3294,2022-07-01 12:13:00+05:30,122.55,122.55,122.55,122.55,0,1250
3295,2022-07-01 12:14:00+05:30,122.55,122.55,122.55,122.55,0,1250
3296,2022-07-01 12:15:00+05:30,122.55,122.55,122.55,122.55,0,1250
3297,2022-07-01 12:16:00+05:30,122.55,122.55,122.55,122.55,0,1250
3298,2022-07-01 12:17:00+05:30,122.55,122.55,122.55,122.55,0,1250
3299,2022-07-01 12:18:00+05:30,122.55,122.55,122.55,122.55,0,1250
3300,2022-07-01 12:19:00+05:30,122.55,122.55,122.55,122.55,0,1250
3301,2022-07-01 12:20:00+05:30,122.55,122.55,122.55,122.55,0,1250
3302,2022-07-01 12:21:00+05:30,122.55,122.55,122.55,122.55,0,1250
3303,2022-07-01 12:22:00+05:30,122.55,122.55,122.55,122.55,0,1250
3304,2022-07-01 12:23:00+05:30,122.55,122.55,122.55,122.55,0,1250
3305,2022-07-01 12:24:00+05:30,122.55,122.55,122.55,122.55,0,1250
3306,2022-07-01 12:25:00+05:30,122.55,122.55,122.55,122.55,0,1250
3307,2022-07-01 12:26:00+05:30,122.55,122.55,122.55,122.55,0,1250
3308,2022-07-01 12:27:00+05:30,122.55,122.55,122.55,122.55,0,1250
3309,2022-07-01 12:28:00+05:30,122.55,122.55,122.55,122.55,0,1250
3310,2022-07-01 12:29:00+05:30,122.55,122.55,122.55,122.55,0,1250
3311,2022-07-01 12:30:00+05:30,122.55,122.55,122.55,122.55,0,1250
3312,2022-07-01 12:31:00+05:30,122.55,122.55,122.55,122.55,0,1250
3313,2022-07-01 12:32:00+05:30,122.55,122.55,122.55,122.55,0,1250
3314,2022-07-01 12:33:00+05:30,122.55,122.55,122.55,122.55,0,1250
3315,2022-07-01 12:34:00+05:30,122.55,122.55,122.55,122.55,0,1250
3316,2022-07-01 12:35:00+05:30,122.55,122.55,122.55,122.55,0,1250
3317,2022-07-01 12:36:00+05:30,122.55,122.55,122.55,122.55,0,1250
3318,2022-07-01 12:37:00+05:30,122.55,122.55,122.55,122.55,0,1250
3319,2022-07-01 12:38:00+05:30,122.55,122.55,122.55,122.55,0,1250
3320,2022-07-01 12:39:00+05:30,122.55,122.55,122.55,122.55,0,1250
3321,2022-07-01 12:40:00+05:30,122.55,122.55,122.55,122.55,0,1250
3322,2022-07-01 12:41:00+05:30,122.55,122.55,122.55,122.55,0,1250
3323,2022-07-01 12:42:00+05:30,122.55,122.55,122.55,122.55,0,1250
3324,2022-07-01 12:43:00+05:30,122.55,122.55,122.55,122.55,0,1250
3325,2022-07-01 12:44:00+05:30,122.55,122.55,122.55,122.55,0,1250
3326,2022-07-01 12:45:00+05:30,122.55,122.55,122.55,122.55,0,1250
3327,2022-07-01 12:46:00+05:30,122.55,122.55,122.55,122.55,0,1250
3328,2022-07-01 12:47:00+05:30,122.55,122.55,122.55,122.55,0,1250
3329,2022-07-01 12:48:00+05:30,122.55,122.55,122.55,122.55,0,1250
3330,2022-07-01 12:49:00+05:30,122.55,122.55,122.55,122.55,0,1250
3331,2022-07-01 12:50:00+05:30,122.55,122.55,122.55,122.55,0,1250
3332,2022-07-01 12:51:00+05:30,122.55,122.55,122.55,122.55,0,1250
3333,2022-07-01 12:52:00+05:30,122.55,122.55,122.55,122.55,0,1250
3334,2022-07-01 12:53:00+05:30,122.55,122.55,122.55,122.55,0,1250
3335,2022-07-01 12:54:00+05:30,122.55,122.55,122.55,122.55,0,1250
3336,2022-07-01 12:55:00+05:30,122.55,122.55,122.55,122.55,0,1250
3337,2022-07-01 12:56:00+05:30,122.55,122.55,122.55,122.55,0,1250
3338,2022-07-01 12:57:00+05:30,122.55,122.55,122.55,122.55,0,1250
3339,2022-07-01 12:58:00+05:30,122.55,122.55,122.55,122.55,0,1250
3340,2022-07-01 12:59:00+05:30,122.55,122.55,122.55,122.55,0,1250
3341,2022-07-01 13:00:00+05:30,122.55,122.55,122.55,122.55,0,1250
3342,2022-07-01 13:01:00+05:30,122.55,122.55,122.55,122.55,0,1250
3343,2022-07-01 13:02:00+05:30,122.55,122.55,117.1,117.1,50,1250
3344,2022-07-01 13:03:00+05:30,117.1,117.1,117.1,117.1,0,1250
3345,2022-07-01 13:04:00+05:30,117.1,117.1,117.1,117.1,0,1250
3346,2022-07-01 13:05:00+05:30,117.1,117.1,117.1,117.1,0,1250
3347,2022-07-01 13:06:00+05:30,117.1,117.1,117.1,117.1,0,1250
3348,2022-07-01 13:07:00+05:30,117.1,117.1,117.1,117.1,0,1250
3349,2022-07-01 13:08:00+05:30,117.1,117.1,117.1,117.1,0,1250
3350,2022-07-01 13:09:00+05:30,117.1,117.1,117.1,117.1,0,1250
3351,2022-07-01 13:10:00+05:30,117.1,117.1,117.1,117.1,0,1250
3352,2022-07-01 13:11:00+05:30,117.1,117.1,117.1,117.1,0,1250
3353,2022-07-01 13:12:00+05:30,117.1,117.1,117.1,117.1,0,1250
3354,2022-07-01 13:13:00+05:30,117.1,117.1,117.1,117.1,0,1250
3355,2022-07-01 13:14:00+05:30,117.1,117.1,117.1,117.1,0,1250
3356,2022-07-01 13:15:00+05:30,114.1,114.1,114.1,114.1,25,1250
3357,2022-07-01 13:16:00+05:30,114.1,114.1,114.1,114.1,0,1250
3358,2022-07-01 13:17:00+05:30,114.1,114.1,114.1,114.1,0,1250
3359,2022-07-01 13:18:00+05:30,114.1,114.1,114.1,114.1,0,1250
3360,2022-07-01 13:19:00+05:30,114.1,122.6,107.0,116.15,800,1275
3361,2022-07-01 13:20:00+05:30,116.15,116.15,116.15,116.15,25,1275
3362,2022-07-01 13:21:00+05:30,116.15,116.15,114.85,114.85,25,1300
3363,2022-07-01 13:22:00+05:30,110.4,113.2,110.4,110.9,475,1300
3364,2022-07-01 13:23:00+05:30,110.9,111.65,110.5,111.65,100,1300
3365,2022-07-01 13:24:00+05:30,112.45,113.05,112.45,113.05,325,1375
3366,2022-07-01 13:25:00+05:30,110.6,112.2,110.6,112.2,500,1375
3367,2022-07-01 13:26:00+05:30,112.5,112.75,112.45,112.75,250,1550
3368,2022-07-01 13:27:00+05:30,113.0,113.0,113.0,113.0,125,1550
3369,2022-07-01 13:28:00+05:30,113.0,113.0,113.0,113.0,0,1550
3370,2022-07-01 13:29:00+05:30,113.0,113.0,113.0,113.0,0,1550
3371,2022-07-01 13:30:00+05:30,113.0,113.0,113.0,113.0,0,1550
3372,2022-07-01 13:31:00+05:30,113.0,113.0,113.0,113.0,0,1550
3373,2022-07-01 13:32:00+05:30,113.0,113.0,113.0,113.0,0,1550
3374,2022-07-01 13:33:00+05:30,113.0,113.0,112.75,112.75,100,1675
3375,2022-07-01 13:34:00+05:30,112.75,112.75,112.75,112.75,0,1675
3376,2022-07-01 13:35:00+05:30,114.0,115.65,114.0,115.65,50,1675
3377,2022-07-01 13:36:00+05:30,115.65,115.65,115.65,115.65,0,1675
3378,2022-07-01 13:37:00+05:30,115.65,115.65,115.65,115.65,0,1675
3379,2022-07-01 13:38:00+05:30,115.65,115.65,115.65,115.65,0,1675
3380,2022-07-01 13:39:00+05:30,115.65,115.65,115.65,115.65,0,1675
3381,2022-07-01 13:40:00+05:30,115.65,115.65,109.8,109.8,0,1500
3382,2022-07-01 13:41:00+05:30,109.8,109.8,109.8,109.8,50,1500
3383,2022-07-01 13:42:00+05:30,109.8,109.8,109.8,109.8,0,1500
3384,2022-07-01 13:43:00+05:30,109.8,110.35,109.8,110.35,100,1550
3385,2022-07-01 13:44:00+05:30,110.35,110.35,106.25,106.25,0,1550
3386,2022-07-01 13:45:00+05:30,106.25,106.25,106.25,106.25,50,1550
3387,2022-07-01 13:46:00+05:30,106.25,106.25,106.25,106.25,0,1550
3388,2022-07-01 13:47:00+05:30,106.25,106.25,106.25,106.25,0,1550
3389,2022-07-01 13:48:00+05:30,106.25,106.25,106.25,106.25,0,1550
3390,2022-07-01 13:49:00+05:30,106.25,106.25,106.25,106.25,0,1550
3391,2022-07-01 13:50:00+05:30,106.25,108.8,106.25,108.8,25,1475
3392,2022-07-01 13:51:00+05:30,108.8,108.8,108.8,108.8,0,1475
3393,2022-07-01 13:52:00+05:30,108.8,108.8,108.8,108.8,0,1475
3394,2022-07-01 13:53:00+05:30,108.8,108.8,108.8,108.8,0,1475
3395,2022-07-01 13:54:00+05:30,108.8,108.8,108.8,108.8,0,1475
3396,2022-07-01 13:55:00+05:30,108.8,108.8,108.8,108.8,0,1475
3397,2022-07-01 13:56:00+05:30,108.8,108.8,108.8,108.8,0,1475
3398,2022-07-01 13:57:00+05:30,108.8,108.8,108.8,108.8,0,1475
3399,2022-07-01 13:58:00+05:30,108.8,108.8,108.8,108.8,0,1475
3400,2022-07-01 13:59:00+05:30,108.8,108.8,108.8,108.8,0,1475
3401,2022-07-01 14:00:00+05:30,108.8,108.8,108.8,108.8,0,1475
3402,2022-07-01 14:01:00+05:30,108.8,108.8,108.8,108.8,0,1475
3403,2022-07-01 14:02:00+05:30,108.8,108.8,108.8,108.8,0,1475
3404,2022-07-01 14:03:00+05:30,108.8,108.8,108.8,108.8,0,1475
3405,2022-07-01 14:04:00+05:30,108.8,108.8,107.0,107.0,0,1500
3406,2022-07-01 14:05:00+05:30,107.0,107.0,107.0,107.0,250,1500
3407,2022-07-01 14:06:00+05:30,107.0,107.0,107.0,107.0,0,1500
3408,2022-07-01 14:07:00+05:30,107.0,107.0,107.0,107.0,0,1500
3409,2022-07-01 14:08:00+05:30,107.0,107.0,107.0,107.0,0,1500
3410,2022-07-01 14:09:00+05:30,107.0,107.0,107.0,107.0,0,1500
3411,2022-07-01 14:10:00+05:30,107.0,107.0,107.0,107.0,0,1500
3412,2022-07-01 14:11:00+05:30,107.0,107.0,107.0,107.0,0,1500
3413,2022-07-01 14:12:00+05:30,107.0,107.0,107.0,107.0,0,1500
3414,2022-07-01 14:13:00+05:30,107.0,107.6,107.0,107.6,250,1750
3415,2022-07-01 14:14:00+05:30,107.6,107.6,107.6,107.6,0,1750
3416,2022-07-01 14:15:00+05:30,107.6,109.25,107.6,109.25,75,2000
3417,2022-07-01 14:16:00+05:30,109.25,109.25,109.25,109.25,0,2000
3418,2022-07-01 14:17:00+05:30,109.25,109.25,109.25,109.25,0,2000
3419,2022-07-01 14:18:00+05:30,109.25,109.25,109.25,109.25,0,2000
3420,2022-07-01 14:19:00+05:30,109.25,109.25,109.25,109.25,0,2000
3421,2022-07-01 14:20:00+05:30,109.25,109.25,109.1,109.1,75,2025
3422,2022-07-01 14:21:00+05:30,109.1,109.1,109.1,109.1,0,2025
3423,2022-07-01 14:22:00+05:30,109.1,109.1,109.1,109.1,0,2025
3424,2022-07-01 14:23:00+05:30,109.1,109.1,109.1,109.1,0,2025
3425,2022-07-01 14:24:00+05:30,109.1,109.1,109.1,109.1,0,2025
3426,2022-07-01 14:25:00+05:30,109.1,109.1,109.1,109.1,0,2025
3427,2022-07-01 14:26:00+05:30,109.1,109.1,109.1,109.1,0,2025
3428,2022-07-01 14:27:00+05:30,109.1,109.1,109.1,109.1,0,2025
3429,2022-07-01 14:28:00+05:30,109.1,109.1,109.1,109.1,0,2025
3430,2022-07-01 14:29:00+05:30,109.1,109.1,109.1,109.1,0,2025
3431,2022-07-01 14:30:00+05:30,109.1,109.1,109.1,109.1,0,2025
3432,2022-07-01 14:31:00+05:30,109.1,109.1,109.1,109.1,0,2025
3433,2022-07-01 14:32:00+05:30,109.1,109.1,109.1,109.1,0,2025
3434,2022-07-01 14:33:00+05:30,109.1,109.1,104.9,104.9,25,2000
3435,2022-07-01 14:34:00+05:30,104.9,104.9,104.9,104.9,0,2000
3436,2022-07-01 14:35:00+05:30,104.9,104.9,104.9,104.9,0,2000
3437,2022-07-01 14:36:00+05:30,104.9,104.9,104.9,104.9,0,2000
3438,2022-07-01 14:37:00+05:30,104.9,104.9,104.9,104.9,0,2000
3439,2022-07-01 14:38:00+05:30,104.9,104.9,104.9,104.9,0,2000
3440,2022-07-01 14:39:00+05:30,104.9,104.9,104.9,104.9,0,2000
3441,2022-07-01 14:40:00+05:30,104.9,104.9,104.9,104.9,0,2000
3442,2022-07-01 14:41:00+05:30,104.9,104.9,104.9,104.9,0,2000
3443,2022-07-01 14:42:00+05:30,104.9,104.9,104.9,104.9,0,2000
3444,2022-07-01 14:43:00+05:30,104.9,104.9,104.9,104.9,0,2000
3445,2022-07-01 14:44:00+05:30,104.9,104.9,104.9,104.9,0,2000
3446,2022-07-01 14:45:00+05:30,104.9,104.9,101.45,101.45,0,1975
3447,2022-07-01 14:46:00+05:30,101.45,101.45,101.45,101.45,100,1975
3448,2022-07-01 14:47:00+05:30,101.45,101.45,101.45,101.45,0,1975
3449,2022-07-01 14:48:00+05:30,101.45,101.55,101.05,101.5,125,2025
3450,2022-07-01 14:49:00+05:30,101.5,101.5,101.5,101.5,0,2025
3451,2022-07-01 14:50:00+05:30,101.5,102.0,101.5,102.0,0,2025
3452,2022-07-01 14:51:00+05:30,102.0,102.0,102.0,102.0,275,2075
3453,2022-07-01 14:52:00+05:30,102.0,102.0,102.0,102.0,0,2075
3454,2022-07-01 14:53:00+05:30,102.0,102.0,102.0,102.0,0,2075
3455,2022-07-01 14:54:00+05:30,102.0,102.0,98.85,98.85,100,2075
3456,2022-07-01 14:55:00+05:30,98.85,98.85,98.85,98.85,25,2075
3457,2022-07-01 14:56:00+05:30,98.85,98.85,98.85,98.85,0,2075
3458,2022-07-01 14:57:00+05:30,98.85,98.85,98.85,98.85,0,2075
3459,2022-07-01 14:58:00+05:30,98.85,98.85,98.85,98.85,0,2075
3460,2022-07-01 14:59:00+05:30,98.85,98.85,98.85,98.85,0,2075
3461,2022-07-01 15:00:00+05:30,98.85,98.85,98.85,98.85,0,2075
3462,2022-07-01 15:01:00+05:30,98.85,98.85,98.85,98.85,0,2075
3463,2022-07-01 15:02:00+05:30,98.85,103.25,98.85,103.25,25,2025
3464,2022-07-01 15:03:00+05:30,103.25,103.25,103.25,103.25,0,2025
3465,2022-07-01 15:04:00+05:30,103.25,103.25,103.25,103.25,0,2025
3466,2022-07-01 15:05:00+05:30,103.25,103.25,103.25,103.25,0,2025
3467,2022-07-01 15:06:00+05:30,103.25,103.25,103.25,103.25,0,2025
3468,2022-07-01 15:07:00+05:30,103.25,103.25,103.25,103.25,0,2025
3469,2022-07-01 15:08:00+05:30,103.25,103.25,103.25,103.25,0,2025
3470,2022-07-01 15:09:00+05:30,103.25,103.25,103.25,103.25,0,2025
3471,2022-07-01 15:10:00+05:30,103.25,103.25,103.25,103.25,0,2025
3472,2022-07-01 15:11:00+05:30,103.25,103.25,103.25,103.25,0,2025
3473,2022-07-01 15:12:00+05:30,103.25,103.25,103.25,103.25,0,2025
3474,2022-07-01 15:13:00+05:30,103.25,103.25,103.25,103.25,0,2025
3475,2022-07-01 15:14:00+05:30,103.25,103.25,103.25,103.25,0,2025
3476,2022-07-01 15:15:00+05:30,103.25,103.25,103.25,103.25,0,2025
3477,2022-07-01 15:16:00+05:30,103.25,103.25,103.25,103.25,0,2025
3478,2022-07-01 15:17:00+05:30,103.25,103.25,103.25,103.25,0,2025
3479,2022-07-01 15:18:00+05:30,103.25,103.25,103.25,103.25,0,2025
3480,2022-07-01 15:19:00+05:30,103.25,103.25,103.25,103.25,0,2025
3481,2022-07-01 15:20:00+05:30,103.25,103.25,92.95,92.95,25,2050
3482,2022-07-01 15:21:00+05:30,92.95,92.95,92.95,92.95,0,2050
3483,2022-07-01 15:22:00+05:30,92.95,92.95,90.8,90.8,25,2050
3484,2022-07-01 15:23:00+05:30,90.8,90.8,90.25,90.25,25,2050
3485,2022-07-01 15:24:00+05:30,90.25,90.25,90.25,90.25,0,2050
3486,2022-07-01 15:25:00+05:30,90.25,90.25,90.25,90.25,0,2050
3487,2022-07-01 15:26:00+05:30,90.25,90.25,90.25,90.25,0,2050
3488,2022-07-01 15:27:00+05:30,90.25,90.25,87.9,87.9,0,2075
3489,2022-07-01 15:28:00+05:30,86.75,88.0,86.75,88.0,50,2075
3490,2022-07-01 15:29:00+05:30,88.0,88.0,88.0,88.0,25,2075
3491,2022-07-04 09:43:00+05:30,84.5,84.5,83.45,83.45,0,2025
3492,2022-07-04 09:44:00+05:30,83.45,83.45,83.45,83.45,25,2025
3493,2022-07-04 09:45:00+05:30,83.45,83.45,83.45,83.45,0,2025
3494,2022-07-04 09:46:00+05:30,83.45,83.45,83.45,83.45,0,2025
3495,2022-07-04 09:47:00+05:30,83.45,83.45,83.45,83.45,0,2025
3496,2022-07-04 09:48:00+05:30,77.55,77.55,77.55,77.55,25,2075
3497,2022-07-04 09:49:00+05:30,77.55,77.55,77.55,77.55,0,2075
3498,2022-07-04 09:50:00+05:30,77.55,77.55,77.55,77.55,0,2075
3499,2022-07-04 09:51:00+05:30,77.55,77.55,77.55,77.55,0,2075
3500,2022-07-04 09:52:00+05:30,77.55,77.55,77.55,77.55,0,2075
3501,2022-07-04 09:53:00+05:30,77.55,77.55,77.55,77.55,0,2075
3502,2022-07-04 09:54:00+05:30,77.55,77.55,76.3,76.3,0,2050
3503,2022-07-04 09:55:00+05:30,76.3,76.3,76.3,76.3,25,2050
3504,2022-07-04 09:56:00+05:30,76.3,76.3,76.3,76.3,0,2050
3505,2022-07-04 09:57:00+05:30,76.3,76.3,76.3,76.3,0,2050
3506,2022-07-04 09:58:00+05:30,76.3,76.3,76.3,76.3,0,2050
3507,2022-07-04 09:59:00+05:30,76.3,76.3,76.3,76.3,0,2050
3508,2022-07-04 10:00:00+05:30,76.3,76.3,76.3,76.3,0,2050
3509,2022-07-04 10:01:00+05:30,76.3,76.3,76.3,76.3,0,2050
3510,2022-07-04 10:02:00+05:30,76.3,85.35,76.3,85.35,250,2025
3511,2022-07-04 10:03:00+05:30,85.35,85.35,85.35,85.35,0,2025
3512,2022-07-04 10:04:00+05:30,82.45,82.65,82.4,82.65,200,2025
3513,2022-07-04 10:05:00+05:30,82.65,82.65,82.65,82.65,0,2025
3514,2022-07-04 10:06:00+05:30,82.65,82.65,82.65,82.65,0,2025
3515,2022-07-04 10:07:00+05:30,82.65,82.65,82.65,82.65,0,2025
3516,2022-07-04 10:08:00+05:30,82.65,82.65,80.0,80.0,100,1900
3517,2022-07-04 10:09:00+05:30,80.0,80.0,80.0,80.0,0,1900
3518,2022-07-04 10:10:00+05:30,80.0,80.0,80.0,80.0,0,1900
3519,2022-07-04 10:11:00+05:30,80.0,80.0,80.0,80.0,0,1900
3520,2022-07-04 10:12:00+05:30,80.0,80.0,80.0,80.0,0,1900
3521,2022-07-04 10:13:00+05:30,80.0,80.0,80.0,80.0,0,1900
3522,2022-07-04 10:14:00+05:30,80.0,80.0,80.0,80.0,0,1900
3523,2022-07-04 10:15:00+05:30,80.0,80.0,80.0,80.0,0,1900
3524,2022-07-04 10:16:00+05:30,80.0,80.0,80.0,80.0,0,1900
3525,2022-07-04 10:17:00+05:30,80.0,80.0,80.0,80.0,0,1900
3526,2022-07-04 10:18:00+05:30,80.0,80.0,80.0,80.0,0,1900
3527,2022-07-04 10:19:00+05:30,80.0,80.0,80.0,80.0,0,1900
3528,2022-07-04 10:20:00+05:30,80.0,80.0,80.0,80.0,0,1900
3529,2022-07-04 10:21:00+05:30,80.0,80.0,80.0,80.0,0,1900
3530,2022-07-04 10:22:00+05:30,80.0,80.0,80.0,80.0,0,1900
3531,2022-07-04 10:23:00+05:30,80.0,80.0,78.35,78.35,25,1975
3532,2022-07-04 10:24:00+05:30,78.35,78.35,78.35,78.35,0,1975
3533,2022-07-04 10:25:00+05:30,78.35,78.35,78.35,78.35,0,1975
3534,2022-07-04 10:26:00+05:30,78.35,78.35,77.4,77.4,50,1950
3535,2022-07-04 10:27:00+05:30,77.4,77.4,77.4,77.4,0,1950
3536,2022-07-04 10:28:00+05:30,77.4,77.4,77.4,77.4,0,1950
3537,2022-07-04 10:29:00+05:30,77.4,77.4,77.4,77.4,0,1950
3538,2022-07-04 10:30:00+05:30,77.4,77.4,77.4,77.4,0,1950
3539,2022-07-04 10:31:00+05:30,77.4,77.4,77.4,77.4,0,1950
3540,2022-07-04 10:32:00+05:30,77.4,77.4,77.4,77.4,0,1950
3541,2022-07-04 10:33:00+05:30,77.4,77.4,77.4,77.4,0,1950
3542,2022-07-04 10:34:00+05:30,77.4,77.4,77.4,77.4,0,1950
3543,2022-07-04 10:35:00+05:30,77.4,77.4,77.4,77.4,0,1950
3544,2022-07-04 10:36:00+05:30,77.4,77.4,77.4,77.4,0,1950
3545,2022-07-04 10:37:00+05:30,77.4,77.4,77.4,77.4,0,1950
3546,2022-07-04 10:38:00+05:30,77.4,77.4,77.4,77.4,0,1950
3547,2022-07-04 10:39:00+05:30,77.4,77.4,77.4,77.4,0,1950
3548,2022-07-04 10:40:00+05:30,77.4,77.4,77.4,77.4,0,1950
3549,2022-07-04 10:41:00+05:30,77.4,77.4,77.4,77.4,0,1950
3550,2022-07-04 10:42:00+05:30,77.4,77.4,77.4,77.4,0,1950
3551,2022-07-04 10:43:00+05:30,77.4,77.4,77.4,77.4,0,1950
3552,2022-07-04 10:44:00+05:30,77.4,77.4,77.4,77.4,0,1950
3553,2022-07-04 10:45:00+05:30,77.4,77.4,77.4,77.4,0,1950
3554,2022-07-04 10:46:00+05:30,77.4,77.4,77.4,77.4,0,1950
3555,2022-07-04 10:47:00+05:30,77.4,77.4,77.4,77.4,0,1950
3556,2022-07-04 10:48:00+05:30,77.4,77.4,77.4,77.4,0,1950
3557,2022-07-04 10:49:00+05:30,77.4,77.4,77.4,77.4,0,1950
3558,2022-07-04 10:50:00+05:30,77.4,77.4,77.4,77.4,0,1950
3559,2022-07-04 10:51:00+05:30,77.4,77.4,77.4,77.4,0,1950
3560,2022-07-04 10:52:00+05:30,77.4,77.4,77.4,77.4,0,1950
3561,2022-07-04 10:53:00+05:30,77.4,77.4,77.4,77.4,0,1950
3562,2022-07-04 10:54:00+05:30,77.4,77.4,77.4,77.4,0,1950
3563,2022-07-04 10:55:00+05:30,77.4,77.4,77.4,77.4,0,1950
3564,2022-07-04 10:56:00+05:30,77.4,77.4,77.4,77.4,0,1950
3565,2022-07-04 10:57:00+05:30,77.4,77.4,77.4,77.4,0,1950
3566,2022-07-04 10:58:00+05:30,77.4,77.4,77.4,77.4,0,1950
3567,2022-07-04 10:59:00+05:30,77.4,77.4,77.4,77.4,0,1950
3568,2022-07-04 11:00:00+05:30,77.4,77.4,77.4,77.4,0,1950
3569,2022-07-04 11:01:00+05:30,77.4,77.4,77.4,77.4,0,1950
3570,2022-07-04 11:02:00+05:30,77.4,77.4,77.4,77.4,0,1950
3571,2022-07-04 11:03:00+05:30,77.4,77.4,77.4,77.4,0,1950
3572,2022-07-04 11:04:00+05:30,77.4,77.4,77.4,77.4,0,1950
3573,2022-07-04 11:05:00+05:30,77.4,77.4,77.4,77.4,0,1950
3574,2022-07-04 11:06:00+05:30,77.4,77.4,77.4,77.4,0,1950
3575,2022-07-04 11:07:00+05:30,77.4,77.4,77.4,77.4,0,1950
3576,2022-07-04 11:08:00+05:30,77.4,77.4,77.4,77.4,0,1950
3577,2022-07-04 11:09:00+05:30,77.4,77.4,77.4,77.4,0,1950
3578,2022-07-04 11:10:00+05:30,77.4,77.4,77.4,77.4,0,1950
3579,2022-07-04 11:11:00+05:30,77.4,77.4,77.4,77.4,0,1950
3580,2022-07-04 11:12:00+05:30,77.4,77.4,77.4,77.4,0,1950
3581,2022-07-04 11:13:00+05:30,77.4,77.4,77.4,77.4,0,1950
3582,2022-07-04 11:14:00+05:30,77.4,77.4,77.4,77.4,0,1950
3583,2022-07-04 11:15:00+05:30,77.4,77.4,77.4,77.4,0,1950
3584,2022-07-04 11:16:00+05:30,77.4,77.4,77.4,77.4,0,1950
3585,2022-07-04 11:17:00+05:30,77.4,77.4,77.4,77.4,0,1950
3586,2022-07-04 11:18:00+05:30,77.4,77.4,77.4,77.4,0,1950
3587,2022-07-04 11:19:00+05:30,77.4,77.4,77.4,77.4,0,1950
3588,2022-07-04 11:20:00+05:30,77.4,77.4,77.4,77.4,0,1950
3589,2022-07-04 11:21:00+05:30,77.4,77.4,77.4,77.4,0,1950
3590,2022-07-04 11:22:00+05:30,77.4,77.4,77.4,77.4,0,1950
3591,2022-07-04 11:23:00+05:30,77.4,77.4,77.4,77.4,0,1950
3592,2022-07-04 11:24:00+05:30,77.4,77.4,77.4,77.4,0,1950
3593,2022-07-04 11:25:00+05:30,77.4,77.4,77.4,77.4,0,1950
3594,2022-07-04 11:26:00+05:30,77.4,77.4,77.4,77.4,0,1950
3595,2022-07-04 11:27:00+05:30,77.4,77.4,77.4,77.4,0,1950
3596,2022-07-04 11:28:00+05:30,77.4,77.4,77.4,77.4,0,1950
3597,2022-07-04 11:29:00+05:30,77.4,77.4,77.4,77.4,0,1950
3598,2022-07-04 11:30:00+05:30,77.4,77.4,77.4,77.4,0,1950
3599,2022-07-04 11:31:00+05:30,77.4,77.4,77.4,77.4,0,1950
3600,2022-07-04 11:32:00+05:30,77.4,77.4,77.4,77.4,0,1950
3601,2022-07-04 11:33:00+05:30,77.4,77.4,77.4,77.4,0,1950
3602,2022-07-04 11:34:00+05:30,77.4,77.4,77.4,77.4,0,1950
3603,2022-07-04 11:35:00+05:30,77.4,77.4,77.4,77.4,0,1950
3604,2022-07-04 11:36:00+05:30,77.4,77.4,77.4,77.4,0,1950
3605,2022-07-04 11:37:00+05:30,77.4,77.4,77.4,77.4,0,1950
3606,2022-07-04 11:38:00+05:30,77.4,77.4,77.4,77.4,0,1950
3607,2022-07-04 11:39:00+05:30,77.4,77.4,77.4,77.4,0,1950
3608,2022-07-04 11:40:00+05:30,77.4,77.4,77.4,77.4,0,1950
3609,2022-07-04 11:41:00+05:30,77.4,77.4,77.4,77.4,0,1950
3610,2022-07-04 11:42:00+05:30,77.4,77.4,77.4,77.4,0,1950
3611,2022-07-04 11:43:00+05:30,77.4,77.4,77.4,77.4,0,1950
3612,2022-07-04 11:44:00+05:30,77.4,77.4,77.4,77.4,0,1950
3613,2022-07-04 11:45:00+05:30,77.4,77.4,77.4,77.4,0,1950
3614,2022-07-04 11:46:00+05:30,77.4,77.4,77.4,77.4,0,1950
3615,2022-07-04 11:47:00+05:30,77.4,77.4,77.4,77.4,0,1950
3616,2022-07-04 11:48:00+05:30,77.4,77.4,77.4,77.4,0,1950
3617,2022-07-04 11:49:00+05:30,77.4,77.4,77.4,77.4,0,1950
3618,2022-07-04 11:50:00+05:30,77.4,77.4,77.4,77.4,0,1950
3619,2022-07-04 11:51:00+05:30,77.4,77.4,77.4,77.4,0,1950
3620,2022-07-04 11:52:00+05:30,77.4,77.4,77.4,77.4,0,1950
3621,2022-07-04 11:53:00+05:30,77.4,77.4,77.4,77.4,0,1950
3622,2022-07-04 11:54:00+05:30,77.4,77.4,77.4,77.4,0,1950
3623,2022-07-04 11:55:00+05:30,77.4,77.4,77.4,77.4,0,1950
3624,2022-07-04 11:56:00+05:30,77.4,77.4,77.4,77.4,0,1950
3625,2022-07-04 11:57:00+05:30,77.4,77.4,77.4,77.4,0,1950
3626,2022-07-04 11:58:00+05:30,77.4,77.4,77.4,77.4,0,1950
3627,2022-07-04 11:59:00+05:30,77.4,77.4,77.4,77.4,0,1950
3628,2022-07-04 12:00:00+05:30,77.4,77.4,77.4,77.4,0,1950
3629,2022-07-04 12:01:00+05:30,77.4,77.4,77.4,77.4,0,1950
3630,2022-07-04 12:02:00+05:30,77.4,77.4,77.4,77.4,0,1950
3631,2022-07-04 12:03:00+05:30,77.4,77.4,77.4,77.4,0,1950
3632,2022-07-04 12:04:00+05:30,77.4,77.4,77.4,77.4,0,1950
3633,2022-07-04 12:05:00+05:30,77.4,77.4,77.4,77.4,0,1950
3634,2022-07-04 12:06:00+05:30,77.4,77.4,77.4,77.4,0,1950
3635,2022-07-04 12:07:00+05:30,77.4,77.4,77.4,77.4,0,1950
3636,2022-07-04 12:08:00+05:30,77.4,77.4,77.4,77.4,0,1950
3637,2022-07-04 12:09:00+05:30,77.4,77.4,77.4,77.4,0,1950
3638,2022-07-04 12:10:00+05:30,77.4,77.4,77.4,77.4,0,1950
3639,2022-07-04 12:11:00+05:30,77.4,77.4,77.4,77.4,0,1950
3640,2022-07-04 12:12:00+05:30,77.4,77.4,77.4,77.4,0,1950
3641,2022-07-04 12:13:00+05:30,77.4,77.4,77.4,77.4,0,1950
3642,2022-07-04 12:14:00+05:30,77.4,77.4,77.4,77.4,0,1950
3643,2022-07-04 12:15:00+05:30,77.4,77.4,77.4,77.4,0,1950
3644,2022-07-04 12:16:00+05:30,77.4,77.4,77.4,77.4,0,1950
3645,2022-07-04 12:17:00+05:30,77.4,77.4,77.4,77.4,0,1950
3646,2022-07-04 12:18:00+05:30,77.4,77.4,77.4,77.4,0,1950
3647,2022-07-04 12:19:00+05:30,77.4,77.4,77.4,77.4,0,1950
3648,2022-07-04 12:20:00+05:30,69.3,69.3,69.3,69.3,100,1975
3649,2022-07-04 12:21:00+05:30,69.3,69.3,69.3,69.3,0,1975
3650,2022-07-04 12:22:00+05:30,69.3,69.3,67.9,67.95,50,1975
3651,2022-07-04 12:23:00+05:30,67.95,67.95,67.95,67.95,0,1975
3652,2022-07-04 12:24:00+05:30,67.95,67.95,67.95,67.95,0,1975
3653,2022-07-04 12:25:00+05:30,67.95,67.95,67.95,67.95,0,1975
3654,2022-07-04 12:26:00+05:30,67.95,67.95,67.8,67.8,0,1975
3655,2022-07-04 12:27:00+05:30,67.8,67.8,67.8,67.8,25,1975
3656,2022-07-04 12:28:00+05:30,67.8,67.8,67.8,67.8,0,1975
3657,2022-07-04 12:29:00+05:30,67.8,67.8,67.8,67.8,0,1975
3658,2022-07-04 12:30:00+05:30,67.8,67.8,67.8,67.8,0,1975
3659,2022-07-04 12:31:00+05:30,67.8,67.8,67.8,67.8,0,1975
3660,2022-07-04 12:32:00+05:30,68.3,68.3,68.3,68.3,25,2000
3661,2022-07-04 12:33:00+05:30,68.3,68.3,68.3,68.3,0,2000
3662,2022-07-04 12:34:00+05:30,68.3,68.9,68.3,68.9,25,2000
3663,2022-07-04 12:35:00+05:30,69.3,69.3,69.3,69.3,50,2000
3664,2022-07-04 12:36:00+05:30,69.3,69.3,69.3,69.3,0,2000
3665,2022-07-04 12:37:00+05:30,69.3,69.3,69.3,69.3,0,2000
3666,2022-07-04 12:38:00+05:30,69.3,69.3,69.3,69.3,0,2000
3667,2022-07-04 12:39:00+05:30,69.3,69.3,69.3,69.3,0,2000
3668,2022-07-04 12:40:00+05:30,69.3,69.3,69.3,69.3,0,2000
3669,2022-07-04 12:41:00+05:30,69.3,69.3,69.3,69.3,0,2000
3670,2022-07-04 12:42:00+05:30,69.3,69.3,69.3,69.3,0,2000
3671,2022-07-04 12:43:00+05:30,69.3,69.3,69.3,69.3,0,2000
3672,2022-07-04 12:44:00+05:30,69.3,69.3,69.3,69.3,0,2000
3673,2022-07-04 12:45:00+05:30,69.3,69.3,69.3,69.3,0,2000
3674,2022-07-04 12:46:00+05:30,69.3,69.3,69.3,69.3,0,2000
3675,2022-07-04 12:47:00+05:30,69.3,69.3,69.3,69.3,0,2000
3676,2022-07-04 12:48:00+05:30,69.3,69.3,69.3,69.3,0,2000
3677,2022-07-04 12:49:00+05:30,69.3,69.3,69.3,69.3,0,2000
3678,2022-07-04 12:50:00+05:30,69.3,69.3,69.3,69.3,0,2000
3679,2022-07-04 12:51:00+05:30,69.3,69.3,69.3,69.3,0,2000
3680,2022-07-04 12:52:00+05:30,69.3,69.3,69.3,69.3,0,2000
3681,2022-07-04 12:53:00+05:30,69.3,69.3,69.3,69.3,50,1975
3682,2022-07-04 12:54:00+05:30,69.3,69.3,69.3,69.3,0,1975
3683,2022-07-04 12:55:00+05:30,69.3,69.3,69.3,69.3,0,1975
3684,2022-07-04 12:56:00+05:30,69.3,69.3,69.3,69.3,0,1975
3685,2022-07-04 12:57:00+05:30,69.3,69.3,69.3,69.3,0,1975
3686,2022-07-04 12:58:00+05:30,69.3,69.3,69.3,69.3,0,1975
3687,2022-07-04 12:59:00+05:30,69.3,69.3,69.3,69.3,0,1975
3688,2022-07-04 13:00:00+05:30,69.3,69.3,68.5,68.5,0,1975
3689,2022-07-04 13:01:00+05:30,68.5,68.5,68.5,68.5,25,1975
3690,2022-07-04 13:02:00+05:30,68.5,68.6,68.5,68.6,25,1975
3691,2022-07-04 13:03:00+05:30,68.6,68.6,68.6,68.6,0,1975
3692,2022-07-04 13:04:00+05:30,68.6,69.3,68.6,69.3,100,2025
3693,2022-07-04 13:05:00+05:30,69.3,69.3,69.3,69.3,0,2025
3694,2022-07-04 13:06:00+05:30,69.3,69.3,69.3,69.3,0,2025
3695,2022-07-04 13:07:00+05:30,69.3,69.3,69.3,69.3,0,2025
3696,2022-07-04 13:08:00+05:30,69.3,69.3,69.3,69.3,0,2025
3697,2022-07-04 13:09:00+05:30,69.3,69.3,69.3,69.3,0,2025
3698,2022-07-04 13:10:00+05:30,69.3,69.3,69.3,69.3,0,2025
3699,2022-07-04 13:11:00+05:30,69.3,69.3,69.3,69.3,0,2025
3700,2022-07-04 13:12:00+05:30,69.3,69.3,69.3,69.3,0,2025
3701,2022-07-04 13:13:00+05:30,69.3,69.3,69.3,69.3,0,2025
3702,2022-07-04 13:14:00+05:30,69.3,69.3,67.95,67.95,50,2025
3703,2022-07-04 13:15:00+05:30,67.95,67.95,67.95,67.95,0,2025
3704,2022-07-04 13:16:00+05:30,67.95,67.95,67.95,67.95,0,2025
3705,2022-07-04 13:17:00+05:30,67.95,67.95,67.95,67.95,0,2025
3706,2022-07-04 13:18:00+05:30,67.95,67.95,67.95,67.95,0,2025
3707,2022-07-04 13:19:00+05:30,67.95,67.95,67.95,67.95,0,2025
3708,2022-07-04 13:20:00+05:30,67.95,67.95,67.95,67.95,0,2025
3709,2022-07-04 13:21:00+05:30,67.95,67.95,67.95,67.95,0,2025
3710,2022-07-04 13:22:00+05:30,67.95,67.95,67.95,67.95,0,2025
3711,2022-07-04 13:23:00+05:30,67.95,67.95,67.95,67.95,0,2025
3712,2022-07-04 13:24:00+05:30,67.95,67.95,67.95,67.95,0,2025
3713,2022-07-04 13:25:00+05:30,67.95,67.95,67.95,67.95,0,2025
3714,2022-07-04 13:26:00+05:30,67.95,67.95,67.95,67.95,0,2025
3715,2022-07-04 13:27:00+05:30,67.95,67.95,67.95,67.95,0,2025
3716,2022-07-04 13:28:00+05:30,67.95,67.95,67.95,67.95,0,2025
3717,2022-07-04 13:29:00+05:30,67.95,67.95,67.95,67.95,0,2025
3718,2022-07-04 13:30:00+05:30,67.95,67.95,67.95,67.95,0,2025
3719,2022-07-04 13:31:00+05:30,67.95,67.95,67.95,67.95,0,2025
3720,2022-07-04 13:32:00+05:30,67.95,67.95,67.95,67.95,0,2025
3721,2022-07-04 13:33:00+05:30,67.95,67.95,67.95,67.95,0,2025
3722,2022-07-04 13:34:00+05:30,67.95,67.95,67.95,67.95,0,2025
3723,2022-07-04 13:35:00+05:30,67.95,67.95,67.95,67.95,0,2025
3724,2022-07-04 13:36:00+05:30,70.6,70.6,70.6,70.6,25,2025
3725,2022-07-04 13:37:00+05:30,70.6,70.6,70.6,70.6,0,2025
3726,2022-07-04 13:38:00+05:30,70.6,70.6,70.6,70.6,0,2025
3727,2022-07-04 13:39:00+05:30,70.6,70.6,70.6,70.6,0,2025
3728,2022-07-04 13:40:00+05:30,70.6,70.6,70.5,70.5,100,2050
3729,2022-07-04 13:41:00+05:30,70.5,70.5,70.5,70.5,0,2050
3730,2022-07-04 13:42:00+05:30,70.5,70.5,70.5,70.5,0,2050
3731,2022-07-04 13:43:00+05:30,70.5,70.5,70.5,70.5,0,2050
3732,2022-07-04 13:44:00+05:30,70.5,70.5,70.5,70.5,0,2050
3733,2022-07-04 13:45:00+05:30,70.5,70.5,70.5,70.5,0,2050
3734,2022-07-04 13:46:00+05:30,70.5,70.5,70.5,70.5,0,2050
3735,2022-07-04 13:47:00+05:30,70.5,70.5,70.5,70.5,0,2050
3736,2022-07-04 13:48:00+05:30,70.5,70.5,70.5,70.5,0,2050
3737,2022-07-04 13:49:00+05:30,70.5,70.5,70.5,70.5,0,2050
3738,2022-07-04 13:50:00+05:30,70.5,70.5,70.5,70.5,0,2050
3739,2022-07-04 13:51:00+05:30,70.5,70.5,70.5,70.5,0,2050
3740,2022-07-04 13:52:00+05:30,70.5,70.5,70.5,70.5,0,2050
3741,2022-07-04 13:53:00+05:30,70.5,70.5,70.5,70.5,0,2050
3742,2022-07-04 13:54:00+05:30,70.5,70.5,70.5,70.5,0,2050
3743,2022-07-04 13:55:00+05:30,70.5,70.5,70.5,70.5,0,2050
3744,2022-07-04 13:56:00+05:30,70.5,70.5,70.5,70.5,0,2050
3745,2022-07-04 13:57:00+05:30,70.5,70.5,70.5,70.5,0,2050
3746,2022-07-04 13:58:00+05:30,70.5,70.5,70.5,70.5,0,2050
3747,2022-07-04 13:59:00+05:30,70.5,70.5,70.5,70.5,0,2050
3748,2022-07-04 14:00:00+05:30,70.5,70.5,70.5,70.5,0,2050
3749,2022-07-04 14:01:00+05:30,70.5,70.5,70.5,70.5,0,2050
3750,2022-07-04 14:02:00+05:30,70.5,70.5,70.5,70.5,0,2050
3751,2022-07-04 14:03:00+05:30,70.5,70.5,70.5,70.5,0,2050
3752,2022-07-04 14:04:00+05:30,70.5,70.5,69.0,69.0,50,2050
3753,2022-07-04 14:05:00+05:30,69.0,69.0,69.0,69.0,0,2050
3754,2022-07-04 14:06:00+05:30,69.0,69.0,69.0,69.0,0,2050
3755,2022-07-04 14:07:00+05:30,69.0,69.0,69.0,69.0,0,2050
3756,2022-07-04 14:08:00+05:30,69.0,69.0,69.0,69.0,0,2050
3757,2022-07-04 14:09:00+05:30,69.0,69.0,69.0,69.0,0,2050
3758,2022-07-04 14:10:00+05:30,69.0,69.0,69.0,69.0,0,2050
3759,2022-07-04 14:11:00+05:30,69.0,69.0,69.0,69.0,0,2050
3760,2022-07-04 14:12:00+05:30,69.0,69.0,69.0,69.0,0,2050
3761,2022-07-04 14:13:00+05:30,69.0,69.0,69.0,69.0,0,2050
3762,2022-07-04 14:14:00+05:30,69.0,69.0,69.0,69.0,0,2050
3763,2022-07-04 14:15:00+05:30,69.0,69.0,69.0,69.0,0,2050
3764,2022-07-04 14:16:00+05:30,69.0,69.0,69.0,69.0,0,2050
3765,2022-07-04 14:17:00+05:30,69.0,69.0,69.0,69.0,0,2050
3766,2022-07-04 14:18:00+05:30,69.0,69.0,69.0,69.0,0,2050
3767,2022-07-04 14:19:00+05:30,69.0,69.0,69.0,69.0,0,2050
3768,2022-07-04 14:20:00+05:30,69.0,69.0,69.0,69.0,0,2050
3769,2022-07-04 14:21:00+05:30,69.0,69.0,69.0,69.0,0,2050
3770,2022-07-04 14:22:00+05:30,69.0,69.0,69.0,69.0,0,2050
3771,2022-07-04 14:23:00+05:30,69.0,69.0,69.0,69.0,0,2050
3772,2022-07-04 14:24:00+05:30,65.0,65.0,65.0,65.0,200,2250
3773,2022-07-04 14:25:00+05:30,65.0,65.0,65.0,65.0,0,2250
3774,2022-07-04 14:26:00+05:30,65.0,65.0,65.0,65.0,0,2250
3775,2022-07-04 14:27:00+05:30,65.0,65.0,65.0,65.0,0,2250
3776,2022-07-04 14:28:00+05:30,65.0,65.0,65.0,65.0,0,2250
3777,2022-07-04 14:29:00+05:30,65.0,65.0,65.0,65.0,0,2250
3778,2022-07-04 14:30:00+05:30,65.0,65.0,65.0,65.0,0,2250
3779,2022-07-04 14:31:00+05:30,65.0,65.0,65.0,65.0,0,2250
3780,2022-07-04 14:32:00+05:30,65.0,65.0,65.0,65.0,0,2250
3781,2022-07-04 14:33:00+05:30,65.0,65.0,65.0,65.0,0,2250
3782,2022-07-04 14:34:00+05:30,65.0,65.0,65.0,65.0,0,2250
3783,2022-07-04 14:35:00+05:30,65.0,65.0,65.0,65.0,0,2250
3784,2022-07-04 14:36:00+05:30,65.0,65.0,65.0,65.0,0,2250
3785,2022-07-04 14:37:00+05:30,65.0,65.0,65.0,65.0,0,2250
3786,2022-07-04 14:38:00+05:30,65.0,65.0,65.0,65.0,0,2250
3787,2022-07-04 14:39:00+05:30,65.0,65.0,65.0,65.0,0,2250
3788,2022-07-04 14:40:00+05:30,65.0,65.0,65.0,65.0,0,2250
3789,2022-07-04 14:41:00+05:30,65.0,65.0,65.0,65.0,0,2250
3790,2022-07-04 14:42:00+05:30,67.35,67.35,66.7,66.7,50,2075
3791,2022-07-04 14:43:00+05:30,66.7,66.7,66.6,66.6,50,2075
3792,2022-07-04 14:44:00+05:30,66.6,66.6,66.6,66.6,0,2075
3793,2022-07-04 14:45:00+05:30,66.6,66.6,66.6,66.6,0,2075
3794,2022-07-04 14:46:00+05:30,66.6,66.6,66.6,66.6,0,2075
3795,2022-07-04 14:47:00+05:30,66.6,66.6,66.6,66.6,0,2075
3796,2022-07-04 14:48:00+05:30,66.6,66.6,66.6,66.6,0,2075
3797,2022-07-04 14:49:00+05:30,66.6,66.6,66.6,66.6,0,2075
3798,2022-07-04 14:50:00+05:30,66.6,66.6,66.6,66.6,0,2075
3799,2022-07-04 14:51:00+05:30,57.95,57.95,57.95,57.95,50,2025
3800,2022-07-04 14:52:00+05:30,57.95,58.9,57.95,58.9,25,2050
3801,2022-07-04 14:53:00+05:30,58.9,58.9,58.75,58.75,25,2050
3802,2022-07-04 14:54:00+05:30,58.1,58.75,58.1,58.1,25,2050
3803,2022-07-04 14:55:00+05:30,58.1,58.1,57.65,57.65,25,2025
3804,2022-07-04 14:56:00+05:30,57.65,57.65,57.65,57.65,0,2025
3805,2022-07-04 14:57:00+05:30,57.65,57.65,57.65,57.65,0,2025
3806,2022-07-04 14:58:00+05:30,57.65,57.65,57.65,57.65,0,2025
3807,2022-07-04 14:59:00+05:30,57.65,57.65,57.65,57.65,0,2025
3808,2022-07-04 15:00:00+05:30,57.65,57.65,57.65,57.65,0,2025
3809,2022-07-04 15:01:00+05:30,57.65,57.65,57.65,57.65,0,2025
3810,2022-07-04 15:02:00+05:30,57.65,57.65,57.65,57.65,0,2025
3811,2022-07-04 15:03:00+05:30,57.65,57.65,57.65,57.65,0,2025
3812,2022-07-04 15:04:00+05:30,57.65,57.65,57.65,57.65,0,2025
3813,2022-07-04 15:05:00+05:30,57.65,57.65,57.65,57.65,0,2025
3814,2022-07-04 15:06:00+05:30,57.65,57.65,57.65,57.65,0,2025
3815,2022-07-04 15:07:00+05:30,57.65,57.65,57.65,57.65,0,2025
3816,2022-07-04 15:08:00+05:30,57.65,57.65,55.0,55.0,150,2025
3817,2022-07-04 15:09:00+05:30,55.0,55.0,55.0,55.0,0,2025
3818,2022-07-04 15:10:00+05:30,55.0,55.0,55.0,55.0,0,2025
3819,2022-07-04 15:11:00+05:30,55.0,55.0,55.0,55.0,0,2025
3820,2022-07-04 15:12:00+05:30,55.0,55.0,55.0,55.0,0,2025
3821,2022-07-04 15:13:00+05:30,55.0,55.0,55.0,55.0,0,2025
3822,2022-07-04 15:14:00+05:30,55.0,55.0,55.0,55.0,0,2025
3823,2022-07-04 15:15:00+05:30,55.0,55.0,55.0,55.0,0,1900
3824,2022-07-04 15:16:00+05:30,55.0,55.0,55.0,55.0,25,1900
3825,2022-07-04 15:17:00+05:30,55.0,55.0,55.0,55.0,25,1900
3826,2022-07-04 15:18:00+05:30,55.0,55.0,55.0,55.0,0,1900
3827,2022-07-04 15:19:00+05:30,55.0,55.0,55.0,55.0,0,1900
3828,2022-07-04 15:20:00+05:30,56.55,56.55,56.55,56.55,100,1925
3829,2022-07-04 15:21:00+05:30,56.55,56.55,56.55,56.55,0,1925
3830,2022-07-04 15:22:00+05:30,56.55,56.55,56.55,56.55,0,1925
3831,2022-07-04 15:23:00+05:30,56.55,56.55,56.55,56.55,0,1925
3832,2022-07-04 15:24:00+05:30,56.55,56.55,56.55,56.55,0,1925
3833,2022-07-04 15:25:00+05:30,56.55,56.55,56.55,56.55,0,1925
3834,2022-07-04 15:26:00+05:30,56.55,56.55,56.55,56.55,0,1925
3835,2022-07-04 15:27:00+05:30,56.55,56.55,56.55,56.55,0,1925
3836,2022-07-04 15:28:00+05:30,56.55,56.55,56.55,56.55,0,1925
3837,2022-07-04 15:29:00+05:30,56.55,56.55,56.55,56.55,0,1925
3838,2022-07-05 09:15:00+05:30,44.0,44.0,44.0,44.0,0,0
3839,2022-07-05 09:17:00+05:30,44.0,44.0,41.75,41.8,0,1975
3840,2022-07-05 09:18:00+05:30,40.55,40.55,40.55,40.55,175,1975
3841,2022-07-05 09:19:00+05:30,40.55,41.0,40.55,41.0,50,1975
3842,2022-07-05 09:20:00+05:30,41.0,41.0,41.0,41.0,25,1975
3843,2022-07-05 09:21:00+05:30,41.0,41.0,41.0,41.0,0,1975
3844,2022-07-05 09:22:00+05:30,41.0,41.0,41.0,41.0,0,1975
3845,2022-07-05 09:23:00+05:30,42.25,42.25,42.25,42.25,25,2050
3846,2022-07-05 09:24:00+05:30,42.25,42.25,42.25,42.25,0,2050
3847,2022-07-05 09:25:00+05:30,42.25,42.25,42.25,42.25,0,2050
3848,2022-07-05 09:26:00+05:30,42.25,42.25,42.25,42.25,0,2050
3849,2022-07-05 09:27:00+05:30,42.25,42.25,42.25,42.25,0,2050
3850,2022-07-05 09:28:00+05:30,42.25,42.25,42.25,42.25,0,2050
3851,2022-07-05 09:29:00+05:30,42.25,42.25,42.25,42.25,0,2050
3852,2022-07-05 09:30:00+05:30,42.25,42.4,42.25,42.4,0,2025
3853,2022-07-05 09:31:00+05:30,42.4,42.4,42.4,42.4,50,2025
3854,2022-07-05 09:32:00+05:30,42.4,42.4,42.4,42.4,0,2025
3855,2022-07-05 09:33:00+05:30,42.4,42.4,42.4,42.4,0,2025
3856,2022-07-05 09:34:00+05:30,42.4,42.4,42.4,42.4,0,2025
3857,2022-07-05 09:35:00+05:30,42.4,42.4,42.4,42.4,0,2025
3858,2022-07-05 09:36:00+05:30,42.4,42.4,42.4,42.4,0,2025
3859,2022-07-05 09:37:00+05:30,42.4,42.4,42.0,42.0,100,1875
3860,2022-07-05 09:38:00+05:30,42.0,42.0,42.0,42.0,0,1875
3861,2022-07-05 09:39:00+05:30,42.0,42.0,42.0,42.0,0,1875
3862,2022-07-05 09:40:00+05:30,42.0,42.0,42.0,42.0,0,1875
3863,2022-07-05 09:41:00+05:30,42.0,42.0,42.0,42.0,0,1875
3864,2022-07-05 09:42:00+05:30,42.0,42.0,40.1,40.1,100,1875
3865,2022-07-05 09:43:00+05:30,40.1,40.1,40.1,40.1,25,1875
3866,2022-07-05 09:44:00+05:30,40.1,40.1,40.1,40.1,0,1875
3867,2022-07-05 09:45:00+05:30,40.1,40.1,40.1,40.1,0,1875
3868,2022-07-05 09:46:00+05:30,40.1,40.1,40.1,40.1,0,1875
3869,2022-07-05 09:47:00+05:30,40.1,40.1,40.1,40.1,0,1875
3870,2022-07-05 09:48:00+05:30,40.1,40.1,40.1,40.1,0,1875
3871,2022-07-05 09:49:00+05:30,40.1,40.1,40.1,40.1,0,1875
3872,2022-07-05 09:50:00+05:30,40.1,40.1,40.1,40.1,0,1875
3873,2022-07-05 09:51:00+05:30,40.1,40.1,40.1,40.1,0,1875
3874,2022-07-05 09:52:00+05:30,40.1,40.1,40.1,40.1,0,1875
3875,2022-07-05 09:53:00+05:30,40.1,40.1,40.1,40.1,0,1875
3876,2022-07-05 09:54:00+05:30,40.1,40.1,40.1,40.1,0,1875
3877,2022-07-05 09:55:00+05:30,40.1,40.1,37.9,37.9,0,1850
3878,2022-07-05 09:56:00+05:30,37.9,38.6,37.9,38.6,175,1950
3879,2022-07-05 09:57:00+05:30,38.6,38.6,38.6,38.6,0,1950
3880,2022-07-05 09:58:00+05:30,38.6,38.6,38.6,38.6,0,1950
3881,2022-07-05 09:59:00+05:30,38.6,38.6,38.55,38.55,25,1925
3882,2022-07-05 10:00:00+05:30,38.55,38.55,38.55,38.55,0,1925
3883,2022-07-05 10:01:00+05:30,38.55,38.55,38.55,38.55,0,1925
3884,2022-07-05 10:02:00+05:30,38.55,38.55,38.55,38.55,0,1925
3885,2022-07-05 10:03:00+05:30,38.55,38.55,38.55,38.55,0,1925
3886,2022-07-05 10:04:00+05:30,38.55,38.55,38.55,38.55,0,1925
3887,2022-07-05 10:05:00+05:30,38.55,38.55,38.55,38.55,0,1925
3888,2022-07-05 10:06:00+05:30,38.55,38.55,38.15,38.15,0,1950
3889,2022-07-05 10:07:00+05:30,38.15,38.15,38.15,38.15,25,1950
3890,2022-07-05 10:08:00+05:30,38.15,38.15,38.15,38.15,0,1950
3891,2022-07-05 10:09:00+05:30,38.15,38.15,38.15,38.15,0,1950
3892,2022-07-05 10:10:00+05:30,38.15,38.15,38.15,38.15,0,1950
3893,2022-07-05 10:11:00+05:30,38.15,39.0,38.15,39.0,125,1950
3894,2022-07-05 10:12:00+05:30,39.0,39.0,39.0,39.0,0,1950
3895,2022-07-05 10:13:00+05:30,39.0,39.0,39.0,39.0,0,1950
3896,2022-07-05 10:14:00+05:30,39.0,39.0,39.0,39.0,0,1950
3897,2022-07-05 10:15:00+05:30,39.0,39.0,39.0,39.0,0,1950
3898,2022-07-05 10:16:00+05:30,39.0,39.0,39.0,39.0,0,1950
3899,2022-07-05 10:17:00+05:30,39.0,39.0,39.0,39.0,0,1950
3900,2022-07-05 10:18:00+05:30,39.0,39.0,39.0,39.0,0,1950
3901,2022-07-05 10:19:00+05:30,39.0,39.0,39.0,39.0,0,1950
3902,2022-07-05 10:20:00+05:30,39.0,39.0,39.0,39.0,0,1950
3903,2022-07-05 10:21:00+05:30,39.0,39.0,39.0,39.0,0,1950
3904,2022-07-05 10:22:00+05:30,39.0,39.0,39.0,39.0,0,1950
3905,2022-07-05 10:23:00+05:30,39.0,39.0,39.0,39.0,0,1950
3906,2022-07-05 10:24:00+05:30,39.0,39.0,38.0,38.0,25,1900
3907,2022-07-05 10:25:00+05:30,38.0,38.0,38.0,38.0,25,1900
3908,2022-07-05 10:26:00+05:30,38.0,38.0,38.0,38.0,0,1900
3909,2022-07-05 10:27:00+05:30,38.0,38.0,38.0,38.0,0,1900
3910,2022-07-05 10:28:00+05:30,38.0,38.0,38.0,38.0,0,1900
3911,2022-07-05 10:29:00+05:30,38.0,38.0,36.95,36.95,200,1900
3912,2022-07-05 10:30:00+05:30,36.95,36.95,36.95,36.95,0,1900
3913,2022-07-05 10:31:00+05:30,36.95,36.95,36.95,36.95,0,1900
3914,2022-07-05 10:32:00+05:30,36.95,36.95,36.8,36.8,0,1875
3915,2022-07-05 10:33:00+05:30,36.8,36.8,36.8,36.8,25,1875
3916,2022-07-05 10:34:00+05:30,36.8,36.8,36.8,36.8,0,1875
3917,2022-07-05 10:35:00+05:30,36.8,36.8,36.8,36.8,0,1875
3918,2022-07-05 10:36:00+05:30,36.8,36.8,36.8,36.8,0,1875
3919,2022-07-05 10:37:00+05:30,36.8,36.8,36.8,36.8,0,1875
3920,2022-07-05 10:38:00+05:30,36.8,36.8,36.8,36.8,0,1875
3921,2022-07-05 10:39:00+05:30,36.8,36.8,36.8,36.8,0,1875
3922,2022-07-05 10:40:00+05:30,36.8,36.8,36.8,36.8,0,1875
3923,2022-07-05 10:41:00+05:30,36.8,36.8,36.8,36.8,0,1875
3924,2022-07-05 10:42:00+05:30,36.8,36.8,36.8,36.8,0,1875
3925,2022-07-05 10:43:00+05:30,36.8,36.8,36.8,36.8,0,1875
3926,2022-07-05 10:44:00+05:30,36.8,36.8,36.8,36.8,0,1875
3927,2022-07-05 10:45:00+05:30,36.8,36.8,36.8,36.8,0,1875
3928,2022-07-05 10:46:00+05:30,36.8,36.8,36.8,36.8,0,1875
3929,2022-07-05 10:47:00+05:30,36.8,36.8,36.8,36.8,0,1875
3930,2022-07-05 10:48:00+05:30,36.8,36.8,36.8,36.8,0,1875
3931,2022-07-05 10:49:00+05:30,36.8,36.8,36.8,36.8,0,1875
3932,2022-07-05 10:50:00+05:30,36.8,36.8,36.8,36.8,0,1875
3933,2022-07-05 10:51:00+05:30,36.8,36.8,36.8,36.8,0,1875
3934,2022-07-05 10:52:00+05:30,36.8,36.8,36.8,36.8,0,1875
3935,2022-07-05 10:53:00+05:30,37.3,37.3,37.3,37.3,25,1875
3936,2022-07-05 10:54:00+05:30,37.3,37.3,37.3,37.3,0,1875
3937,2022-07-05 10:55:00+05:30,37.3,37.3,37.3,37.3,0,1875
3938,2022-07-05 10:56:00+05:30,37.3,37.3,37.3,37.3,0,1875
3939,2022-07-05 10:57:00+05:30,37.3,37.3,37.3,37.3,0,1875
3940,2022-07-05 10:58:00+05:30,37.3,37.3,37.3,37.3,0,1875
3941,2022-07-05 10:59:00+05:30,37.3,37.3,37.3,37.3,0,1875
3942,2022-07-05 11:00:00+05:30,37.3,37.3,37.3,37.3,0,1875
3943,2022-07-05 11:01:00+05:30,37.3,37.3,37.3,37.3,0,1875
3944,2022-07-05 11:02:00+05:30,37.3,37.3,37.3,37.3,0,1875
3945,2022-07-05 11:03:00+05:30,37.3,37.3,37.3,37.3,0,1875
3946,2022-07-05 11:04:00+05:30,37.3,37.3,37.3,37.3,0,1875
3947,2022-07-05 11:05:00+05:30,37.3,37.3,36.6,36.6,25,1900
3948,2022-07-05 11:06:00+05:30,36.6,36.6,36.6,36.6,0,1900
3949,2022-07-05 11:07:00+05:30,36.6,36.6,36.6,36.6,0,1900
3950,2022-07-05 11:08:00+05:30,36.6,36.6,36.6,36.6,0,1900
3951,2022-07-05 11:09:00+05:30,36.6,36.6,36.6,36.6,0,1900
3952,2022-07-05 11:10:00+05:30,36.6,36.6,36.6,36.6,0,1900
3953,2022-07-05 11:11:00+05:30,36.6,36.6,36.6,36.6,0,1900
3954,2022-07-05 11:12:00+05:30,36.6,36.6,36.6,36.6,0,1900
3955,2022-07-05 11:13:00+05:30,36.6,36.6,36.6,36.6,0,1900
3956,2022-07-05 11:14:00+05:30,36.6,36.6,36.6,36.6,0,1900
3957,2022-07-05 11:15:00+05:30,36.6,36.6,36.6,36.6,0,1900
3958,2022-07-05 11:16:00+05:30,36.6,36.6,36.6,36.6,0,1900
3959,2022-07-05 11:17:00+05:30,36.6,36.6,36.6,36.6,0,1900
3960,2022-07-05 11:18:00+05:30,36.6,36.6,36.6,36.6,0,1900
3961,2022-07-05 11:19:00+05:30,36.6,36.6,36.6,36.6,0,1900
3962,2022-07-05 11:20:00+05:30,36.6,36.6,36.6,36.6,0,1900
3963,2022-07-05 11:21:00+05:30,36.6,36.6,36.6,36.6,0,1900
3964,2022-07-05 11:22:00+05:30,36.6,36.6,36.6,36.6,0,1900
3965,2022-07-05 11:23:00+05:30,36.6,36.6,36.6,36.6,0,1900
3966,2022-07-05 11:24:00+05:30,36.6,36.6,36.6,36.6,0,1900
3967,2022-07-05 11:25:00+05:30,36.6,36.6,36.6,36.6,0,1900
3968,2022-07-05 11:26:00+05:30,36.6,36.6,36.6,36.6,0,1900
3969,2022-07-05 11:27:00+05:30,36.6,37.45,36.6,37.45,25,1850
3970,2022-07-05 11:28:00+05:30,37.45,37.45,37.45,37.45,0,1850
3971,2022-07-05 11:29:00+05:30,37.45,37.45,37.45,37.45,0,1850
3972,2022-07-05 11:30:00+05:30,37.45,37.45,37.45,37.45,0,1850
3973,2022-07-05 11:31:00+05:30,37.45,37.45,37.45,37.45,0,1850
3974,2022-07-05 11:32:00+05:30,37.45,37.45,37.45,37.45,0,1850
3975,2022-07-05 11:33:00+05:30,37.45,37.45,37.45,37.45,0,1850
3976,2022-07-05 11:34:00+05:30,37.45,37.45,37.45,37.45,0,1850
3977,2022-07-05 11:35:00+05:30,37.45,37.45,37.45,37.45,0,1850
3978,2022-07-05 11:36:00+05:30,37.45,37.45,37.45,37.45,0,1850
3979,2022-07-05 11:37:00+05:30,37.45,37.45,37.45,37.45,0,1850
3980,2022-07-05 11:38:00+05:30,37.45,37.45,37.45,37.45,0,1850
3981,2022-07-05 11:39:00+05:30,37.45,37.45,37.45,37.45,0,1850
3982,2022-07-05 11:40:00+05:30,37.45,37.45,37.45,37.45,0,1850
3983,2022-07-05 11:41:00+05:30,37.45,37.45,37.45,37.45,0,1850
3984,2022-07-05 11:42:00+05:30,37.45,37.45,37.45,37.45,0,1850
3985,2022-07-05 11:43:00+05:30,37.45,37.45,37.45,37.45,0,1850
3986,2022-07-05 11:44:00+05:30,37.45,37.45,37.45,37.45,0,1850
3987,2022-07-05 11:45:00+05:30,37.45,37.45,37.45,37.45,0,1850
3988,2022-07-05 11:46:00+05:30,37.45,37.45,37.45,37.45,0,1850
3989,2022-07-05 11:47:00+05:30,37.45,37.45,37.45,37.45,0,1850
3990,2022-07-05 11:49:00+05:30,37.45,37.45,37.45,37.45,0,1850
3991,2022-07-05 11:50:00+05:30,37.45,37.45,37.45,37.45,0,1850
3992,2022-07-05 11:51:00+05:30,37.45,37.45,37.45,37.45,0,1850
3993,2022-07-05 11:52:00+05:30,37.45,37.45,37.45,37.45,0,1850
3994,2022-07-05 11:53:00+05:30,37.45,37.45,37.45,37.45,0,1850
3995,2022-07-05 11:54:00+05:30,37.45,37.45,37.45,37.45,0,1850
3996,2022-07-05 11:55:00+05:30,37.45,37.45,37.45,37.45,0,1850
3997,2022-07-05 11:57:00+05:30,37.45,37.45,37.45,37.45,0,1850
3998,2022-07-05 11:58:00+05:30,37.45,37.45,37.45,37.45,0,1850
3999,2022-07-05 11:59:00+05:30,37.45,37.45,37.45,37.45,0,1850
4000,2022-07-05 12:00:00+05:30,37.45,37.45,37.45,37.45,0,1850
4001,2022-07-05 12:01:00+05:30,37.45,37.45,37.45,37.45,0,1850
4002,2022-07-05 12:02:00+05:30,37.45,37.45,37.45,37.45,0,1850
4003,2022-07-05 12:03:00+05:30,37.45,37.45,37.45,37.45,0,1850
4004,2022-07-05 12:05:00+05:30,37.45,37.45,37.45,37.45,0,1850
4005,2022-07-05 12:07:00+05:30,37.45,37.45,37.45,37.45,0,1850
4006,2022-07-05 12:08:00+05:30,37.45,37.45,37.45,37.45,0,1850
4007,2022-07-05 12:09:00+05:30,37.45,37.45,37.45,37.45,0,1850
4008,2022-07-05 12:10:00+05:30,37.45,37.45,37.45,37.45,0,1850
4009,2022-07-05 12:11:00+05:30,37.45,37.45,37.45,37.45,0,1850
4010,2022-07-05 12:12:00+05:30,37.45,37.45,37.45,37.45,0,1850
4011,2022-07-05 12:13:00+05:30,37.45,37.45,37.45,37.45,0,1850
4012,2022-07-05 12:14:00+05:30,37.45,37.45,37.45,37.45,0,1850
4013,2022-07-05 12:15:00+05:30,37.45,37.45,37.45,37.45,0,1850
4014,2022-07-05 12:16:00+05:30,37.45,37.45,37.45,37.45,0,1850
4015,2022-07-05 12:17:00+05:30,37.45,37.45,37.45,37.45,0,1850
4016,2022-07-05 12:18:00+05:30,37.45,37.45,37.45,37.45,0,1850
4017,2022-07-05 12:19:00+05:30,37.45,37.45,37.45,37.45,0,1850
4018,2022-07-05 12:20:00+05:30,37.45,37.45,37.45,37.45,0,1850
4019,2022-07-05 12:21:00+05:30,37.45,37.45,37.45,37.45,0,1850
4020,2022-07-05 12:22:00+05:30,37.45,37.45,37.45,37.45,0,1850
4021,2022-07-05 12:23:00+05:30,37.45,37.45,37.45,37.45,0,1850
4022,2022-07-05 12:24:00+05:30,37.45,37.45,37.45,37.45,0,1850
4023,2022-07-05 12:25:00+05:30,37.45,37.45,37.45,37.45,0,1850
4024,2022-07-05 12:26:00+05:30,37.45,37.45,37.45,37.45,0,1850
4025,2022-07-05 12:27:00+05:30,37.45,37.45,37.45,37.45,0,1850
4026,2022-07-05 12:28:00+05:30,37.45,37.45,37.45,37.45,0,1850
4027,2022-07-05 12:29:00+05:30,37.45,37.45,37.45,37.45,0,1850
4028,2022-07-05 12:30:00+05:30,37.45,37.45,37.45,37.45,0,1850
4029,2022-07-05 12:31:00+05:30,37.45,37.45,37.45,37.45,0,1850
4030,2022-07-05 12:32:00+05:30,37.45,37.45,37.45,37.45,0,1850
4031,2022-07-05 12:33:00+05:30,37.45,37.45,37.45,37.45,0,1850
4032,2022-07-05 12:34:00+05:30,37.45,37.45,37.45,37.45,0,1850
4033,2022-07-05 12:35:00+05:30,37.45,37.45,37.45,37.45,0,1850
4034,2022-07-05 12:36:00+05:30,37.45,37.45,37.45,37.45,0,1850
4035,2022-07-05 12:37:00+05:30,37.45,37.45,37.45,37.45,0,1850
4036,2022-07-05 12:38:00+05:30,37.45,37.45,37.45,37.45,0,1850
4037,2022-07-05 12:39:00+05:30,37.45,37.45,37.45,37.45,0,1850
4038,2022-07-05 12:40:00+05:30,37.45,37.45,37.45,37.45,0,1850
4039,2022-07-05 12:41:00+05:30,37.45,37.45,37.45,37.45,0,1850
4040,2022-07-05 12:42:00+05:30,37.45,37.45,37.45,37.45,0,1850
4041,2022-07-05 12:43:00+05:30,37.45,37.45,37.45,37.45,0,1850
4042,2022-07-05 12:44:00+05:30,37.45,37.45,37.45,37.45,0,1850
4043,2022-07-05 12:45:00+05:30,37.45,37.45,37.45,37.45,0,1850
4044,2022-07-05 12:46:00+05:30,37.45,37.45,37.45,37.45,0,1850
4045,2022-07-05 12:47:00+05:30,37.45,37.45,37.45,37.45,0,1850
4046,2022-07-05 12:48:00+05:30,37.45,37.45,37.45,37.45,0,1850
4047,2022-07-05 12:49:00+05:30,37.45,37.45,36.0,36.0,0,1850
4048,2022-07-05 12:50:00+05:30,36.0,36.0,36.0,36.0,100,1850
4049,2022-07-05 12:51:00+05:30,36.0,36.0,36.0,36.0,0,1850
4050,2022-07-05 12:52:00+05:30,36.0,36.0,36.0,36.0,0,1850
4051,2022-07-05 12:53:00+05:30,36.0,36.0,36.0,36.0,0,1850
4052,2022-07-05 12:54:00+05:30,36.0,36.0,36.0,36.0,0,1850
4053,2022-07-05 12:55:00+05:30,36.0,36.0,36.0,36.0,0,1850
4054,2022-07-05 12:56:00+05:30,36.0,36.0,36.0,36.0,0,1850
4055,2022-07-05 12:57:00+05:30,36.0,36.0,36.0,36.0,0,1850
4056,2022-07-05 12:58:00+05:30,36.0,36.0,36.0,36.0,0,1850
4057,2022-07-05 12:59:00+05:30,36.0,36.0,36.0,36.0,0,1850
4058,2022-07-05 13:00:00+05:30,36.0,36.0,36.0,36.0,0,1850
4059,2022-07-05 13:01:00+05:30,36.0,36.0,36.0,36.0,0,1850
4060,2022-07-05 13:02:00+05:30,36.0,36.0,36.0,36.0,0,1850
4061,2022-07-05 13:03:00+05:30,36.0,36.0,36.0,36.0,0,1850
4062,2022-07-05 13:04:00+05:30,36.0,36.0,36.0,36.0,0,1850
4063,2022-07-05 13:05:00+05:30,36.0,36.0,36.0,36.0,0,1850
4064,2022-07-05 13:06:00+05:30,36.0,36.0,36.0,36.0,0,1850
4065,2022-07-05 13:07:00+05:30,36.0,36.0,36.0,36.0,0,1850
4066,2022-07-05 13:08:00+05:30,36.0,36.0,36.0,36.0,0,1850
4067,2022-07-05 13:09:00+05:30,36.0,36.0,36.0,36.0,0,1850
4068,2022-07-05 13:10:00+05:30,36.0,36.0,36.0,36.0,0,1850
4069,2022-07-05 13:11:00+05:30,36.0,36.0,36.0,36.0,0,1850
4070,2022-07-05 13:12:00+05:30,36.0,36.0,36.0,36.0,0,1850
4071,2022-07-05 13:13:00+05:30,36.0,36.0,36.0,36.0,0,1850
4072,2022-07-05 13:14:00+05:30,36.0,36.0,36.0,36.0,0,1850
4073,2022-07-05 13:15:00+05:30,36.0,36.0,36.0,36.0,0,1850
4074,2022-07-05 13:16:00+05:30,36.0,36.0,36.0,36.0,0,1850
4075,2022-07-05 13:17:00+05:30,36.0,36.0,36.0,36.0,0,1850
4076,2022-07-05 13:18:00+05:30,36.0,36.0,36.0,36.0,0,1850
4077,2022-07-05 13:19:00+05:30,36.0,36.0,36.0,36.0,0,1850
4078,2022-07-05 13:20:00+05:30,36.0,36.0,36.0,36.0,0,1850
4079,2022-07-05 13:21:00+05:30,36.0,36.0,36.0,36.0,0,1850
4080,2022-07-05 13:22:00+05:30,36.0,36.0,36.0,36.0,0,1850
4081,2022-07-05 13:23:00+05:30,36.0,36.0,36.0,36.0,0,1850
4082,2022-07-05 13:24:00+05:30,36.0,36.0,36.0,36.0,0,1850
4083,2022-07-05 13:25:00+05:30,36.0,36.0,36.0,36.0,0,1850
4084,2022-07-05 13:26:00+05:30,36.0,36.0,36.0,36.0,0,1850
4085,2022-07-05 13:27:00+05:30,36.0,36.0,36.0,36.0,0,1850
4086,2022-07-05 13:28:00+05:30,36.0,36.0,36.0,36.0,0,1850
4087,2022-07-05 13:29:00+05:30,36.0,36.0,36.0,36.0,0,1850
4088,2022-07-05 13:30:00+05:30,36.0,36.0,36.0,36.0,0,1850
4089,2022-07-05 13:31:00+05:30,36.0,36.0,36.0,36.0,0,1850
4090,2022-07-05 13:32:00+05:30,36.0,36.0,36.0,36.0,0,1850
4091,2022-07-05 13:33:00+05:30,36.0,36.0,36.0,36.0,0,1850
4092,2022-07-05 13:34:00+05:30,36.0,36.0,36.0,36.0,0,1850
4093,2022-07-05 13:35:00+05:30,36.0,36.0,36.0,36.0,0,1850
4094,2022-07-05 13:36:00+05:30,36.0,36.0,36.0,36.0,0,1850
4095,2022-07-05 13:37:00+05:30,36.0,36.0,36.0,36.0,0,1850
4096,2022-07-05 13:38:00+05:30,36.0,36.0,36.0,36.0,0,1850
4097,2022-07-05 13:39:00+05:30,36.0,36.0,36.0,36.0,0,1850
4098,2022-07-05 13:40:00+05:30,36.0,36.0,36.0,36.0,0,1850
4099,2022-07-05 13:41:00+05:30,36.0,36.0,36.0,36.0,0,1850
4100,2022-07-05 13:42:00+05:30,36.0,36.0,36.0,36.0,0,1850
4101,2022-07-05 13:43:00+05:30,36.0,36.0,36.0,36.0,0,1850
4102,2022-07-05 13:44:00+05:30,36.0,36.0,36.0,36.0,0,1850
4103,2022-07-05 13:45:00+05:30,36.0,36.0,36.0,36.0,0,1850
4104,2022-07-05 13:46:00+05:30,36.0,36.0,36.0,36.0,0,1850
4105,2022-07-05 13:47:00+05:30,36.0,36.0,36.0,36.0,0,1850
4106,2022-07-05 13:48:00+05:30,36.0,36.0,36.0,36.0,0,1850
4107,2022-07-05 13:49:00+05:30,36.0,36.0,36.0,36.0,0,1850
4108,2022-07-05 13:50:00+05:30,36.0,36.0,36.0,36.0,0,1850
4109,2022-07-05 13:51:00+05:30,36.0,36.0,36.0,36.0,0,1850
4110,2022-07-05 13:52:00+05:30,36.0,36.0,36.0,36.0,0,1850
4111,2022-07-05 13:53:00+05:30,36.0,36.0,36.0,36.0,0,1850
4112,2022-07-05 13:54:00+05:30,36.0,36.0,36.0,36.0,0,1850
4113,2022-07-05 13:55:00+05:30,36.0,36.0,36.0,36.0,0,1850
4114,2022-07-05 13:56:00+05:30,36.0,36.0,36.0,36.0,0,1850
4115,2022-07-05 13:57:00+05:30,36.0,36.0,36.0,36.0,0,1850
4116,2022-07-05 13:58:00+05:30,36.0,36.0,36.0,36.0,0,1850
4117,2022-07-05 13:59:00+05:30,36.0,36.0,36.0,36.0,0,1850
4118,2022-07-05 14:00:00+05:30,36.0,36.0,36.0,36.0,0,1850
4119,2022-07-05 14:01:00+05:30,36.0,36.0,36.0,36.0,0,1850
4120,2022-07-05 14:02:00+05:30,36.0,36.0,36.0,36.0,0,1850
4121,2022-07-05 14:03:00+05:30,36.0,36.0,36.0,36.0,0,1850
4122,2022-07-05 14:04:00+05:30,36.0,36.0,36.0,36.0,0,1850
4123,2022-07-05 14:05:00+05:30,36.0,36.0,36.0,36.0,0,1850
4124,2022-07-05 14:06:00+05:30,36.0,36.0,36.0,36.0,0,1850
4125,2022-07-05 14:07:00+05:30,36.0,36.0,36.0,36.0,0,1850
4126,2022-07-05 14:08:00+05:30,36.0,36.0,36.0,36.0,0,1850
4127,2022-07-05 14:09:00+05:30,36.0,36.0,36.0,36.0,0,1850
4128,2022-07-05 14:10:00+05:30,36.0,36.0,36.0,36.0,0,1850
4129,2022-07-05 14:11:00+05:30,36.0,36.0,36.0,36.0,0,1850
4130,2022-07-05 14:12:00+05:30,36.0,36.0,36.0,36.0,0,1850
4131,2022-07-05 14:13:00+05:30,36.0,36.0,36.0,36.0,0,1850
4132,2022-07-05 14:14:00+05:30,36.0,36.0,36.0,36.0,0,1850
4133,2022-07-05 14:15:00+05:30,36.0,45.95,36.0,45.95,0,1750
4134,2022-07-05 14:16:00+05:30,45.95,45.95,45.95,45.95,25,1750
4135,2022-07-05 14:17:00+05:30,45.95,45.95,45.95,45.95,0,1750
4136,2022-07-05 14:18:00+05:30,45.95,45.95,45.95,45.95,0,1750
4137,2022-07-05 14:19:00+05:30,45.95,45.95,45.95,45.95,0,1750
4138,2022-07-05 14:20:00+05:30,45.95,45.95,45.95,45.95,0,1750
4139,2022-07-05 14:21:00+05:30,45.95,45.95,45.95,45.95,0,1750
4140,2022-07-05 14:22:00+05:30,45.95,45.95,45.95,45.95,0,1750
4141,2022-07-05 14:23:00+05:30,45.95,45.95,45.95,45.95,0,1750
4142,2022-07-05 14:24:00+05:30,45.95,45.95,45.95,45.95,0,1750
4143,2022-07-05 14:25:00+05:30,47.25,47.25,47.25,47.25,50,1750
4144,2022-07-05 14:26:00+05:30,47.25,47.25,47.25,47.25,0,1750
4145,2022-07-05 14:27:00+05:30,47.25,47.25,47.25,47.25,0,1750
4146,2022-07-05 14:28:00+05:30,47.25,47.25,47.25,47.25,0,1750
4147,2022-07-05 14:29:00+05:30,47.25,47.25,44.25,44.25,25,1725
4148,2022-07-05 14:30:00+05:30,44.25,44.25,44.25,44.25,0,1725
4149,2022-07-05 14:31:00+05:30,44.25,44.25,44.25,44.25,0,1725
4150,2022-07-05 14:32:00+05:30,44.25,44.25,44.25,44.25,0,1725
4151,2022-07-05 14:33:00+05:30,44.25,44.25,44.25,44.25,0,1725
4152,2022-07-05 14:34:00+05:30,44.25,44.25,44.25,44.25,0,1725
4153,2022-07-05 14:35:00+05:30,44.25,44.25,44.25,44.25,0,1725
4154,2022-07-05 14:36:00+05:30,44.25,44.25,44.25,44.25,0,1725
4155,2022-07-05 14:37:00+05:30,44.25,44.25,44.25,44.25,0,1725
4156,2022-07-05 14:38:00+05:30,44.25,44.25,44.25,44.25,0,1725
4157,2022-07-05 14:39:00+05:30,44.25,44.25,44.25,44.25,0,1725
4158,2022-07-05 14:40:00+05:30,44.25,44.25,44.25,44.25,0,1725
4159,2022-07-05 14:41:00+05:30,44.25,44.25,44.25,44.25,0,1725
4160,2022-07-05 14:42:00+05:30,44.25,44.25,44.25,44.25,0,1725
4161,2022-07-05 14:43:00+05:30,44.25,44.25,44.25,44.25,0,1725
4162,2022-07-05 14:44:00+05:30,44.25,44.25,44.25,44.25,0,1725
4163,2022-07-05 14:45:00+05:30,44.25,44.25,44.25,44.25,0,1725
4164,2022-07-05 14:46:00+05:30,44.25,44.25,44.25,44.25,0,1725
4165,2022-07-05 14:47:00+05:30,44.25,44.25,44.25,44.25,0,1725
4166,2022-07-05 14:48:00+05:30,44.25,44.25,44.25,44.25,0,1725
4167,2022-07-05 14:49:00+05:30,44.25,44.25,44.25,44.25,0,1725
4168,2022-07-05 14:50:00+05:30,44.25,44.25,44.25,44.25,0,1725
4169,2022-07-05 14:51:00+05:30,44.25,44.25,44.25,44.25,0,1725
4170,2022-07-05 14:52:00+05:30,44.25,44.25,44.25,44.25,0,1725
4171,2022-07-05 14:53:00+05:30,44.25,44.25,44.25,44.25,0,1725
4172,2022-07-05 14:54:00+05:30,44.25,44.25,44.25,44.25,0,1725
4173,2022-07-05 14:55:00+05:30,44.25,44.25,44.25,44.25,0,1725
4174,2022-07-05 14:56:00+05:30,44.25,44.25,44.25,44.25,0,1725
4175,2022-07-05 14:57:00+05:30,44.25,44.25,44.25,44.25,0,1725
4176,2022-07-05 14:58:00+05:30,44.25,44.25,44.25,44.25,0,1725
4177,2022-07-05 14:59:00+05:30,44.25,44.25,44.25,44.25,0,1725
4178,2022-07-05 15:00:00+05:30,44.25,44.25,44.25,44.25,0,1725
4179,2022-07-05 15:01:00+05:30,44.25,44.25,44.25,44.25,0,1725
4180,2022-07-05 15:02:00+05:30,44.25,44.25,44.25,44.25,0,1725
4181,2022-07-05 15:03:00+05:30,44.25,44.25,44.25,44.25,0,1725
4182,2022-07-05 15:04:00+05:30,44.25,44.25,44.25,44.25,0,1725
4183,2022-07-05 15:05:00+05:30,44.25,44.25,44.25,44.25,0,1725
4184,2022-07-05 15:06:00+05:30,44.25,44.25,44.25,44.25,0,1725
4185,2022-07-05 15:07:00+05:30,44.25,44.25,44.25,44.25,0,1725
4186,2022-07-05 15:08:00+05:30,44.25,60.7,44.25,58.9,50,1700
4187,2022-07-05 15:09:00+05:30,58.9,58.9,56.95,56.95,50,1675
4188,2022-07-05 15:10:00+05:30,60.7,60.7,54.75,54.75,125,1675
4189,2022-07-05 15:11:00+05:30,54.75,54.75,54.75,54.75,0,1675
4190,2022-07-05 15:12:00+05:30,54.75,60.0,54.75,60.0,50,1775
4191,2022-07-05 15:13:00+05:30,60.0,60.0,60.0,60.0,0,1775
4192,2022-07-05 15:14:00+05:30,60.0,60.0,60.0,60.0,0,1775
4193,2022-07-05 15:15:00+05:30,60.0,60.0,60.0,60.0,0,1775
4194,2022-07-05 15:16:00+05:30,60.0,60.0,60.0,60.0,0,1775
4195,2022-07-05 15:17:00+05:30,60.0,60.0,60.0,60.0,0,1775
4196,2022-07-05 15:18:00+05:30,60.0,60.0,60.0,60.0,0,1775
4197,2022-07-05 15:19:00+05:30,60.0,60.0,60.0,60.0,0,1775
4198,2022-07-05 15:20:00+05:30,60.0,60.0,60.0,60.0,0,1775
4199,2022-07-05 15:21:00+05:30,60.0,60.0,60.0,60.0,0,1775
4200,2022-07-05 15:22:00+05:30,60.0,60.0,60.0,60.0,0,1775
4201,2022-07-05 15:23:00+05:30,60.0,60.0,60.0,60.0,0,1775
4202,2022-07-05 15:24:00+05:30,60.0,60.0,60.0,60.0,0,1775
4203,2022-07-05 15:25:00+05:30,60.0,60.0,60.0,60.0,0,1775
4204,2022-07-05 15:26:00+05:30,60.0,60.0,60.0,60.0,0,1775
4205,2022-07-05 15:27:00+05:30,60.0,60.0,60.0,60.0,0,1775
4206,2022-07-05 15:28:00+05:30,60.0,60.0,60.0,60.0,0,1775
4207,2022-07-05 15:29:00+05:30,60.0,60.0,60.0,60.0,0,1775
4208,2022-07-06 09:15:00+05:30,45.7,45.7,45.7,45.7,0,0
4209,2022-07-06 09:19:00+05:30,45.7,45.7,45.7,45.7,0,1775
4210,2022-07-06 09:20:00+05:30,45.7,45.7,45.7,45.7,0,1775
4211,2022-07-06 09:21:00+05:30,45.7,45.7,45.7,45.7,0,1775
4212,2022-07-06 09:22:00+05:30,45.7,45.7,45.7,45.7,0,1775
4213,2022-07-06 09:23:00+05:30,45.7,45.7,45.7,45.7,0,1775
4214,2022-07-06 09:24:00+05:30,45.7,45.7,45.7,45.7,0,1775
4215,2022-07-06 09:25:00+05:30,45.7,45.7,45.7,45.7,0,1775
4216,2022-07-06 09:26:00+05:30,45.7,45.7,45.7,45.7,0,1775
4217,2022-07-06 09:27:00+05:30,45.7,45.7,45.7,45.7,0,1775
4218,2022-07-06 09:28:00+05:30,45.7,45.7,40.0,40.25,25,1825
4219,2022-07-06 09:29:00+05:30,41.95,41.95,41.95,41.95,100,1825
4220,2022-07-06 09:30:00+05:30,41.95,41.95,41.95,41.95,0,1825
4221,2022-07-06 09:31:00+05:30,40.55,40.55,40.55,40.55,50,1775
4222,2022-07-06 09:32:00+05:30,40.55,40.55,40.55,40.55,0,1775
4223,2022-07-06 09:33:00+05:30,40.55,41.65,40.55,41.65,0,1775
4224,2022-07-06 09:34:00+05:30,41.65,41.65,41.65,41.65,25,1775
4225,2022-07-06 09:35:00+05:30,41.65,41.65,41.65,41.65,0,1775
4226,2022-07-06 09:36:00+05:30,41.65,41.65,41.65,41.65,0,1775
4227,2022-07-06 09:37:00+05:30,41.15,41.15,41.15,41.15,75,1800
4228,2022-07-06 09:38:00+05:30,41.15,41.15,41.15,41.15,0,1800
4229,2022-07-06 09:39:00+05:30,41.15,41.15,41.15,41.15,0,1800
4230,2022-07-06 09:40:00+05:30,41.15,41.15,41.15,41.15,0,1800
4231,2022-07-06 09:41:00+05:30,41.15,41.15,41.15,41.15,0,1800
4232,2022-07-06 09:42:00+05:30,41.15,41.15,41.15,41.15,0,1800
4233,2022-07-06 09:43:00+05:30,41.15,41.15,41.15,41.15,0,1800
4234,2022-07-06 09:44:00+05:30,41.15,41.15,41.15,41.15,0,1800
4235,2022-07-06 09:45:00+05:30,41.15,41.15,41.15,41.15,0,1800
4236,2022-07-06 09:46:00+05:30,41.15,43.85,41.15,43.85,25,1725
4237,2022-07-06 09:47:00+05:30,43.85,43.85,43.85,43.85,0,1725
4238,2022-07-06 09:48:00+05:30,43.85,43.85,43.85,43.85,0,1725
4239,2022-07-06 09:49:00+05:30,43.85,43.85,43.85,43.85,0,1725
4240,2022-07-06 09:50:00+05:30,43.85,43.85,43.85,43.85,0,1725
4241,2022-07-06 09:51:00+05:30,43.85,43.85,43.85,43.85,0,1725
4242,2022-07-06 09:52:00+05:30,43.85,43.85,43.85,43.85,0,1725
4243,2022-07-06 09:53:00+05:30,43.85,43.85,43.85,43.85,0,1725
4244,2022-07-06 09:54:00+05:30,43.85,43.85,43.85,43.85,0,1725
4245,2022-07-06 09:55:00+05:30,43.85,43.85,43.85,43.85,0,1725
4246,2022-07-06 09:56:00+05:30,43.85,43.85,43.85,43.85,0,1725
4247,2022-07-06 09:57:00+05:30,43.85,43.85,43.85,43.85,0,1725
4248,2022-07-06 09:58:00+05:30,43.85,43.85,43.85,43.85,0,1725
4249,2022-07-06 09:59:00+05:30,43.85,43.85,40.3,40.3,25,1700
4250,2022-07-06 10:00:00+05:30,40.3,40.3,40.3,40.3,0,1700
4251,2022-07-06 10:01:00+05:30,40.3,40.3,40.3,40.3,0,1700
4252,2022-07-06 10:02:00+05:30,40.3,40.3,40.3,40.3,0,1700
4253,2022-07-06 10:03:00+05:30,40.3,40.3,40.3,40.3,0,1700
4254,2022-07-06 10:04:00+05:30,40.3,40.3,40.3,40.3,0,1700
4255,2022-07-06 10:05:00+05:30,40.3,40.3,40.3,40.3,0,1700
4256,2022-07-06 10:06:00+05:30,40.3,40.3,40.3,40.3,0,1700
4257,2022-07-06 10:07:00+05:30,40.3,40.3,40.3,40.3,0,1700
4258,2022-07-06 10:08:00+05:30,40.3,40.3,40.3,40.3,0,1700
4259,2022-07-06 10:09:00+05:30,40.3,40.3,40.3,40.3,0,1700
4260,2022-07-06 10:10:00+05:30,40.3,40.3,40.3,40.3,0,1700
4261,2022-07-06 10:11:00+05:30,40.3,40.3,40.3,40.3,0,1700
4262,2022-07-06 10:12:00+05:30,40.3,40.3,40.3,40.3,0,1700
4263,2022-07-06 10:13:00+05:30,40.3,40.3,40.3,40.3,0,1700
4264,2022-07-06 10:14:00+05:30,40.3,40.3,40.3,40.3,0,1700
4265,2022-07-06 10:15:00+05:30,40.3,40.3,40.3,40.3,0,1700
4266,2022-07-06 10:16:00+05:30,40.3,40.3,40.3,40.3,0,1700
4267,2022-07-06 10:17:00+05:30,40.3,40.3,40.3,40.3,0,1700
4268,2022-07-06 10:18:00+05:30,40.3,40.3,40.3,40.3,0,1700
4269,2022-07-06 10:19:00+05:30,40.3,40.3,40.3,40.3,0,1700
4270,2022-07-06 10:20:00+05:30,40.3,40.3,40.3,40.3,0,1700
4271,2022-07-06 10:21:00+05:30,40.3,40.3,40.3,40.3,0,1700
4272,2022-07-06 10:22:00+05:30,40.3,40.3,40.3,40.3,0,1700
4273,2022-07-06 10:23:00+05:30,40.0,40.0,40.0,40.0,25,1700
4274,2022-07-06 10:24:00+05:30,40.0,40.0,40.0,40.0,0,1700
4275,2022-07-06 10:25:00+05:30,40.0,40.0,39.95,39.95,25,1725
4276,2022-07-06 10:26:00+05:30,39.95,39.95,39.95,39.95,0,1725
4277,2022-07-06 10:27:00+05:30,39.95,39.95,39.95,39.95,0,1725
4278,2022-07-06 10:28:00+05:30,39.95,39.95,39.95,39.95,0,1725
4279,2022-07-06 10:29:00+05:30,39.95,39.95,39.95,39.95,0,1725
4280,2022-07-06 10:30:00+05:30,39.95,39.95,39.95,39.95,0,1725
4281,2022-07-06 10:31:00+05:30,39.95,39.95,39.95,39.95,0,1725
4282,2022-07-06 10:32:00+05:30,39.95,39.95,39.95,39.95,0,1725
4283,2022-07-06 10:33:00+05:30,39.95,39.95,39.95,39.95,0,1725
4284,2022-07-06 10:34:00+05:30,39.95,39.95,39.95,39.95,0,1725
4285,2022-07-06 10:35:00+05:30,39.95,39.95,39.95,39.95,0,1725
4286,2022-07-06 10:36:00+05:30,39.95,39.95,39.95,39.95,0,1725
4287,2022-07-06 10:37:00+05:30,39.95,39.95,39.95,39.95,0,1725
4288,2022-07-06 10:38:00+05:30,39.95,39.95,39.95,39.95,0,1725
4289,2022-07-06 10:39:00+05:30,39.95,39.95,39.95,39.95,0,1725
4290,2022-07-06 10:40:00+05:30,39.95,39.95,39.95,39.95,0,1725
4291,2022-07-06 10:41:00+05:30,39.95,39.95,39.95,39.95,0,1725
4292,2022-07-06 10:42:00+05:30,39.95,39.95,39.95,39.95,0,1725
4293,2022-07-06 10:43:00+05:30,39.95,39.95,39.95,39.95,0,1725
4294,2022-07-06 10:44:00+05:30,39.95,39.95,39.95,39.95,0,1725
4295,2022-07-06 10:45:00+05:30,39.95,39.95,39.95,39.95,0,1725
4296,2022-07-06 10:46:00+05:30,39.95,39.95,39.95,39.95,0,1725
4297,2022-07-06 10:47:00+05:30,39.95,39.95,39.95,39.95,0,1725
4298,2022-07-06 10:48:00+05:30,39.95,39.95,39.95,39.95,0,1725
4299,2022-07-06 10:49:00+05:30,39.95,39.95,39.95,39.95,0,1725
4300,2022-07-06 10:50:00+05:30,39.95,39.95,39.95,39.95,0,1725
4301,2022-07-06 10:51:00+05:30,39.95,39.95,39.95,39.95,0,1725
4302,2022-07-06 10:52:00+05:30,39.95,39.95,39.95,39.95,0,1725
4303,2022-07-06 10:53:00+05:30,39.95,39.95,39.95,39.95,0,1725
4304,2022-07-06 10:54:00+05:30,39.95,39.95,39.95,39.95,0,1725
4305,2022-07-06 10:55:00+05:30,39.95,39.95,39.95,39.95,0,1725
4306,2022-07-06 10:56:00+05:30,39.95,39.95,39.95,39.95,0,1725
4307,2022-07-06 10:57:00+05:30,39.95,39.95,39.95,39.95,0,1725
4308,2022-07-06 10:58:00+05:30,39.95,39.95,39.95,39.95,0,1725
4309,2022-07-06 10:59:00+05:30,39.95,39.95,39.95,39.95,0,1725
4310,2022-07-06 11:00:00+05:30,39.95,39.95,39.95,39.95,0,1725
4311,2022-07-06 11:01:00+05:30,39.95,39.95,39.95,39.95,0,1725
4312,2022-07-06 11:02:00+05:30,39.95,39.95,39.95,39.95,0,1725
4313,2022-07-06 11:03:00+05:30,39.95,39.95,39.95,39.95,0,1725
4314,2022-07-06 11:04:00+05:30,39.95,39.95,39.95,39.95,0,1725
4315,2022-07-06 11:05:00+05:30,39.95,39.95,39.95,39.95,0,1725
4316,2022-07-06 11:06:00+05:30,39.6,39.6,39.6,39.6,25,1700
4317,2022-07-06 11:07:00+05:30,39.6,39.6,39.6,39.6,0,1700
4318,2022-07-06 11:08:00+05:30,39.6,39.6,39.6,39.6,0,1700
4319,2022-07-06 11:09:00+05:30,39.6,39.6,39.6,39.6,0,1700
4320,2022-07-06 11:10:00+05:30,39.6,39.6,39.6,39.6,0,1700
4321,2022-07-06 11:11:00+05:30,39.6,39.6,39.6,39.6,0,1700
4322,2022-07-06 11:12:00+05:30,39.6,39.6,39.6,39.6,0,1700
4323,2022-07-06 11:13:00+05:30,39.6,39.6,39.6,39.6,0,1700
4324,2022-07-06 11:14:00+05:30,39.6,39.6,39.6,39.6,0,1700
4325,2022-07-06 11:15:00+05:30,39.6,39.6,39.6,39.6,0,1700
4326,2022-07-06 11:16:00+05:30,39.6,39.6,39.6,39.6,0,1700
4327,2022-07-06 11:17:00+05:30,39.6,39.6,39.6,39.6,0,1700
4328,2022-07-06 11:18:00+05:30,39.6,39.6,39.6,39.6,0,1700
4329,2022-07-06 11:19:00+05:30,39.6,39.6,39.6,39.6,0,1700
4330,2022-07-06 11:20:00+05:30,39.6,39.6,39.6,39.6,0,1700
4331,2022-07-06 11:21:00+05:30,39.6,39.6,39.6,39.6,0,1700
4332,2022-07-06 11:22:00+05:30,39.6,39.6,39.6,39.6,0,1700
4333,2022-07-06 11:23:00+05:30,39.6,39.6,39.6,39.6,0,1700
4334,2022-07-06 11:24:00+05:30,39.6,39.6,39.6,39.6,0,1700
4335,2022-07-06 11:25:00+05:30,39.6,39.6,39.6,39.6,0,1700
4336,2022-07-06 11:26:00+05:30,39.6,39.6,39.6,39.6,0,1700
4337,2022-07-06 11:27:00+05:30,39.6,39.6,39.6,39.6,0,1700
4338,2022-07-06 11:28:00+05:30,39.6,39.6,39.6,39.6,0,1700
4339,2022-07-06 11:29:00+05:30,39.6,39.6,39.6,39.6,0,1700
4340,2022-07-06 11:30:00+05:30,39.6,39.6,39.6,39.6,0,1700
4341,2022-07-06 11:31:00+05:30,39.6,39.6,39.6,39.6,0,1700
4342,2022-07-06 11:32:00+05:30,39.6,39.6,39.6,39.6,0,1700
4343,2022-07-06 11:33:00+05:30,39.6,39.6,39.6,39.6,0,1700
4344,2022-07-06 11:34:00+05:30,39.6,39.6,39.6,39.6,0,1700
4345,2022-07-06 11:35:00+05:30,39.6,39.6,39.6,39.6,0,1700
4346,2022-07-06 11:36:00+05:30,39.6,39.6,39.6,39.6,0,1700
4347,2022-07-06 11:37:00+05:30,39.6,39.6,39.6,39.6,0,1700
4348,2022-07-06 11:38:00+05:30,39.6,39.6,39.6,39.6,0,1700
4349,2022-07-06 11:39:00+05:30,39.6,39.6,39.6,39.6,0,1700
4350,2022-07-06 11:40:00+05:30,39.6,39.6,39.6,39.6,0,1700
4351,2022-07-06 11:41:00+05:30,39.6,39.6,39.6,39.6,0,1700
4352,2022-07-06 11:42:00+05:30,39.6,39.6,39.6,39.6,0,1700
4353,2022-07-06 11:43:00+05:30,39.6,39.6,39.6,39.6,0,1700
4354,2022-07-06 11:44:00+05:30,39.6,39.6,39.6,39.6,0,1700
4355,2022-07-06 11:45:00+05:30,39.6,39.6,39.6,39.6,0,1700
4356,2022-07-06 11:46:00+05:30,39.6,39.6,39.6,39.6,0,1700
4357,2022-07-06 11:47:00+05:30,39.6,39.6,39.6,39.6,0,1700
4358,2022-07-06 11:48:00+05:30,39.6,39.6,39.6,39.6,0,1700
4359,2022-07-06 11:49:00+05:30,39.6,39.6,39.6,39.6,0,1700
4360,2022-07-06 11:50:00+05:30,39.6,39.6,39.6,39.6,0,1700
4361,2022-07-06 11:51:00+05:30,39.6,39.6,39.6,39.6,0,1700
4362,2022-07-06 11:52:00+05:30,39.6,39.6,39.6,39.6,0,1700
4363,2022-07-06 11:53:00+05:30,39.6,39.6,39.6,39.6,0,1700
4364,2022-07-06 11:54:00+05:30,39.6,39.6,39.6,39.6,0,1700
4365,2022-07-06 11:55:00+05:30,39.6,39.6,39.6,39.6,0,1700
4366,2022-07-06 11:56:00+05:30,39.6,39.6,39.6,39.6,0,1700
4367,2022-07-06 11:57:00+05:30,39.6,39.6,39.6,39.6,0,1700
4368,2022-07-06 11:58:00+05:30,39.6,39.6,39.6,39.6,0,1700
4369,2022-07-06 11:59:00+05:30,39.6,39.6,39.6,39.6,0,1700
4370,2022-07-06 12:00:00+05:30,39.6,39.6,39.6,39.6,0,1700
4371,2022-07-06 12:01:00+05:30,39.6,39.6,39.6,39.6,0,1700
4372,2022-07-06 12:02:00+05:30,39.6,39.6,39.6,39.6,0,1700
4373,2022-07-06 12:03:00+05:30,39.6,39.6,39.6,39.6,0,1700
4374,2022-07-06 12:04:00+05:30,39.6,39.6,39.6,39.6,0,1700
4375,2022-07-06 12:05:00+05:30,39.6,39.6,39.6,39.6,0,1700
4376,2022-07-06 12:06:00+05:30,39.6,39.6,39.6,39.6,0,1700
4377,2022-07-06 12:07:00+05:30,39.6,39.6,39.6,39.6,0,1700
4378,2022-07-06 12:08:00+05:30,39.6,39.6,39.6,39.6,0,1700
4379,2022-07-06 12:09:00+05:30,39.6,39.6,39.6,39.6,0,1700
4380,2022-07-06 12:10:00+05:30,39.6,39.6,39.6,39.6,0,1700
4381,2022-07-06 12:11:00+05:30,39.6,39.6,39.6,39.6,0,1700
4382,2022-07-06 12:12:00+05:30,39.6,39.6,39.6,39.6,0,1700
4383,2022-07-06 12:13:00+05:30,39.6,39.6,39.6,39.6,0,1700
4384,2022-07-06 12:14:00+05:30,39.6,39.6,39.6,39.6,0,1700
4385,2022-07-06 12:15:00+05:30,39.6,39.6,39.6,39.6,0,1700
4386,2022-07-06 12:16:00+05:30,39.6,39.6,39.6,39.6,0,1700
4387,2022-07-06 12:17:00+05:30,39.6,39.6,39.6,39.6,0,1700
4388,2022-07-06 12:18:00+05:30,39.6,39.6,39.6,39.6,0,1700
4389,2022-07-06 12:19:00+05:30,39.6,39.6,39.6,39.6,0,1700
4390,2022-07-06 12:20:00+05:30,39.6,39.6,39.6,39.6,0,1700
4391,2022-07-06 12:21:00+05:30,39.6,39.6,39.6,39.6,0,1700
4392,2022-07-06 12:22:00+05:30,39.6,39.6,39.6,39.6,0,1700
4393,2022-07-06 12:23:00+05:30,39.6,39.6,39.6,39.6,0,1700
4394,2022-07-06 12:24:00+05:30,39.6,39.6,39.6,39.6,0,1700
4395,2022-07-06 12:25:00+05:30,39.6,39.6,39.6,39.6,0,1700
4396,2022-07-06 12:26:00+05:30,39.6,39.6,39.6,39.6,0,1700
4397,2022-07-06 12:27:00+05:30,39.6,39.6,39.6,39.6,0,1700
4398,2022-07-06 12:28:00+05:30,39.6,39.6,39.6,39.6,0,1700
4399,2022-07-06 12:29:00+05:30,39.6,39.6,39.6,39.6,0,1700
4400,2022-07-06 12:30:00+05:30,39.6,39.6,39.6,39.6,0,1700
4401,2022-07-06 12:31:00+05:30,39.6,39.6,39.6,39.6,0,1700
4402,2022-07-06 12:32:00+05:30,39.6,39.6,39.6,39.6,0,1700
4403,2022-07-06 12:33:00+05:30,39.6,39.6,39.6,39.6,0,1700
4404,2022-07-06 12:34:00+05:30,39.6,39.6,39.6,39.6,0,1700
4405,2022-07-06 12:35:00+05:30,39.6,39.6,39.6,39.6,0,1700
4406,2022-07-06 12:36:00+05:30,39.6,39.6,39.6,39.6,0,1700
4407,2022-07-06 12:37:00+05:30,39.6,39.6,39.6,39.6,0,1700
4408,2022-07-06 12:38:00+05:30,39.6,39.6,39.6,39.6,0,1700
4409,2022-07-06 12:39:00+05:30,39.6,39.6,39.6,39.6,0,1700
4410,2022-07-06 12:40:00+05:30,39.6,39.6,39.6,39.6,0,1700
4411,2022-07-06 12:41:00+05:30,39.6,39.6,39.6,39.6,0,1700
4412,2022-07-06 12:42:00+05:30,39.6,39.6,39.6,39.6,0,1700
4413,2022-07-06 12:43:00+05:30,39.6,39.6,39.6,39.6,0,1700
4414,2022-07-06 12:44:00+05:30,39.6,39.6,39.6,39.6,0,1700
4415,2022-07-06 12:45:00+05:30,39.6,39.6,39.6,39.6,0,1700
4416,2022-07-06 12:46:00+05:30,39.6,39.6,39.6,39.6,0,1700
4417,2022-07-06 12:47:00+05:30,39.6,39.6,39.6,39.6,0,1700
4418,2022-07-06 12:48:00+05:30,39.6,39.6,39.6,39.6,0,1700
4419,2022-07-06 12:49:00+05:30,39.6,39.6,39.6,39.6,0,1700
4420,2022-07-06 12:50:00+05:30,39.6,39.6,39.6,39.6,0,1700
4421,2022-07-06 12:51:00+05:30,39.6,39.6,39.6,39.6,0,1700
4422,2022-07-06 12:52:00+05:30,39.6,39.6,39.6,39.6,0,1700
4423,2022-07-06 12:53:00+05:30,39.6,39.6,39.6,39.6,0,1700
4424,2022-07-06 12:54:00+05:30,39.6,39.6,39.6,39.6,0,1700
4425,2022-07-06 12:55:00+05:30,39.6,39.6,39.6,39.6,0,1700
4426,2022-07-06 12:56:00+05:30,39.6,39.6,39.6,39.6,0,1700
4427,2022-07-06 12:57:00+05:30,39.6,39.6,39.6,39.6,0,1700
4428,2022-07-06 12:58:00+05:30,39.6,39.6,39.6,39.6,0,1700
4429,2022-07-06 12:59:00+05:30,39.6,39.6,39.6,39.6,0,1700
4430,2022-07-06 13:00:00+05:30,39.6,39.6,39.6,39.6,0,1700
4431,2022-07-06 13:01:00+05:30,39.6,39.6,39.6,39.6,0,1700
4432,2022-07-06 13:02:00+05:30,39.6,39.6,39.6,39.6,0,1700
4433,2022-07-06 13:03:00+05:30,39.6,39.6,39.6,39.6,0,1700
4434,2022-07-06 13:04:00+05:30,39.6,40.2,39.6,40.2,25,1700
4435,2022-07-06 13:05:00+05:30,40.2,40.2,40.2,40.2,0,1700
4436,2022-07-06 13:06:00+05:30,40.2,40.2,40.2,40.2,0,1700
4437,2022-07-06 13:07:00+05:30,40.2,40.2,40.2,40.2,0,1700
4438,2022-07-06 13:08:00+05:30,40.2,40.2,40.2,40.2,0,1700
4439,2022-07-06 13:09:00+05:30,40.2,40.2,40.2,40.2,0,1700
4440,2022-07-06 13:10:00+05:30,40.2,40.2,40.2,40.2,0,1700
4441,2022-07-06 13:11:00+05:30,40.2,40.2,40.2,40.2,0,1700
4442,2022-07-06 13:12:00+05:30,40.2,40.2,40.2,40.2,0,1700
4443,2022-07-06 13:13:00+05:30,40.2,40.2,40.2,40.2,0,1700
4444,2022-07-06 13:14:00+05:30,40.2,40.2,40.2,40.2,0,1700
4445,2022-07-06 13:15:00+05:30,40.2,40.2,40.2,40.2,0,1700
4446,2022-07-06 13:16:00+05:30,40.2,40.2,40.2,40.2,0,1700
4447,2022-07-06 13:17:00+05:30,40.2,40.2,40.2,40.2,0,1700
4448,2022-07-06 13:18:00+05:30,40.2,40.2,40.2,40.2,0,1700
4449,2022-07-06 13:19:00+05:30,40.2,40.2,40.2,40.2,0,1700
4450,2022-07-06 13:20:00+05:30,40.2,40.2,40.2,40.2,0,1700
4451,2022-07-06 13:21:00+05:30,40.2,40.2,40.2,40.2,0,1700
4452,2022-07-06 13:22:00+05:30,40.2,40.2,40.2,40.2,0,1700
4453,2022-07-06 13:23:00+05:30,40.2,40.2,40.2,40.2,0,1700
4454,2022-07-06 13:24:00+05:30,40.2,40.2,40.2,40.2,0,1700
4455,2022-07-06 13:25:00+05:30,40.2,40.2,40.2,40.2,0,1700
4456,2022-07-06 13:26:00+05:30,40.2,40.2,40.2,40.2,0,1700
4457,2022-07-06 13:27:00+05:30,40.2,40.2,40.2,40.2,0,1700
4458,2022-07-06 13:28:00+05:30,40.2,40.2,40.2,40.2,0,1700
4459,2022-07-06 13:29:00+05:30,40.2,40.2,40.2,40.2,0,1700
4460,2022-07-06 13:30:00+05:30,40.2,40.2,40.2,40.2,0,1700
4461,2022-07-06 13:31:00+05:30,40.2,40.2,40.2,40.2,0,1700
4462,2022-07-06 13:32:00+05:30,40.2,40.2,40.2,40.2,0,1700
4463,2022-07-06 13:33:00+05:30,40.2,40.2,40.2,40.2,0,1700
4464,2022-07-06 13:34:00+05:30,40.2,40.2,40.2,40.2,0,1700
4465,2022-07-06 13:35:00+05:30,40.2,40.2,40.2,40.2,0,1700
4466,2022-07-06 13:36:00+05:30,40.2,40.2,40.2,40.2,0,1700
4467,2022-07-06 13:37:00+05:30,40.2,40.2,40.2,40.2,0,1700
4468,2022-07-06 13:38:00+05:30,40.2,40.2,40.2,40.2,0,1700
4469,2022-07-06 13:39:00+05:30,40.2,40.2,40.2,40.2,0,1700
4470,2022-07-06 13:40:00+05:30,40.2,40.2,40.2,40.2,0,1700
4471,2022-07-06 13:41:00+05:30,40.2,40.2,40.2,40.2,0,1700
4472,2022-07-06 13:42:00+05:30,40.2,40.2,40.2,40.2,0,1700
4473,2022-07-06 13:43:00+05:30,40.2,40.2,40.2,40.2,0,1700
4474,2022-07-06 13:44:00+05:30,40.2,40.2,40.2,40.2,0,1700
4475,2022-07-06 13:45:00+05:30,40.2,40.2,40.2,40.2,0,1700
4476,2022-07-06 13:46:00+05:30,40.2,40.2,40.2,40.2,0,1700
4477,2022-07-06 13:47:00+05:30,40.2,40.2,40.2,40.2,0,1700
4478,2022-07-06 13:48:00+05:30,40.2,40.2,40.2,40.2,0,1700
4479,2022-07-06 13:49:00+05:30,40.2,40.2,40.2,40.2,0,1700
4480,2022-07-06 13:50:00+05:30,40.2,40.2,40.2,40.2,0,1700
4481,2022-07-06 13:51:00+05:30,40.2,40.2,40.2,40.2,0,1700
4482,2022-07-06 13:52:00+05:30,40.2,40.2,40.2,40.2,0,1700
4483,2022-07-06 13:53:00+05:30,40.2,40.2,40.2,40.2,0,1700
4484,2022-07-06 13:54:00+05:30,40.2,40.2,40.2,40.2,0,1700
4485,2022-07-06 13:55:00+05:30,40.2,40.2,40.2,40.2,0,1700
4486,2022-07-06 13:56:00+05:30,40.2,40.2,40.2,40.2,0,1700
4487,2022-07-06 13:57:00+05:30,40.2,40.2,40.2,40.2,0,1700
4488,2022-07-06 13:58:00+05:30,40.2,40.2,40.2,40.2,0,1700
4489,2022-07-06 13:59:00+05:30,40.2,40.2,40.2,40.2,0,1700
4490,2022-07-06 14:00:00+05:30,40.2,40.2,40.2,40.2,0,1700
4491,2022-07-06 14:01:00+05:30,40.2,40.2,40.2,40.2,0,1700
4492,2022-07-06 14:03:00+05:30,40.2,40.2,40.2,40.2,0,1700
4493,2022-07-06 14:04:00+05:30,40.2,40.2,40.2,40.2,0,1700
4494,2022-07-06 14:05:00+05:30,40.2,40.2,40.2,40.2,0,1700
4495,2022-07-06 14:06:00+05:30,40.2,40.2,40.2,40.2,0,1700
4496,2022-07-06 14:07:00+05:30,40.2,40.2,40.2,40.2,0,1700
4497,2022-07-06 14:08:00+05:30,40.2,40.2,40.2,40.2,0,1700
4498,2022-07-06 14:09:00+05:30,40.2,40.2,40.2,40.2,0,1700
4499,2022-07-06 14:10:00+05:30,40.2,40.2,40.2,40.2,0,1700
4500,2022-07-06 14:11:00+05:30,40.2,40.2,40.2,40.2,0,1700
4501,2022-07-06 14:12:00+05:30,40.2,40.2,40.2,40.2,0,1700
4502,2022-07-06 14:13:00+05:30,40.2,40.2,40.2,40.2,0,1700
4503,2022-07-06 14:14:00+05:30,40.2,40.2,40.2,40.2,0,1700
4504,2022-07-06 14:15:00+05:30,40.2,40.2,40.2,40.2,0,1700
4505,2022-07-06 14:16:00+05:30,40.2,40.2,40.2,40.2,0,1700
4506,2022-07-06 14:17:00+05:30,40.2,40.2,40.2,40.2,0,1700
4507,2022-07-06 14:18:00+05:30,40.2,40.2,40.2,40.2,0,1700
4508,2022-07-06 14:19:00+05:30,40.2,40.2,40.2,40.2,0,1700
4509,2022-07-06 14:20:00+05:30,40.2,40.2,40.2,40.2,0,1700
4510,2022-07-06 14:21:00+05:30,40.2,40.2,40.2,40.2,0,1700
4511,2022-07-06 14:22:00+05:30,40.2,40.2,40.2,40.2,0,1700
4512,2022-07-06 14:23:00+05:30,38.35,38.35,38.35,38.35,25,1700
4513,2022-07-06 14:24:00+05:30,38.35,38.35,38.35,38.35,0,1700
4514,2022-07-06 14:25:00+05:30,38.35,38.35,38.35,38.35,0,1700
4515,2022-07-06 14:26:00+05:30,38.35,38.35,38.35,38.35,0,1700
4516,2022-07-06 14:27:00+05:30,38.35,38.35,38.35,38.35,0,1700
4517,2022-07-06 14:28:00+05:30,38.35,38.35,38.35,38.35,0,1700
4518,2022-07-06 14:29:00+05:30,38.35,38.35,38.35,38.35,0,1700
4519,2022-07-06 14:30:00+05:30,38.35,38.35,38.35,38.35,0,1700
4520,2022-07-06 14:31:00+05:30,38.35,38.35,38.35,38.35,0,1700
4521,2022-07-06 14:32:00+05:30,38.35,38.35,38.35,38.35,0,1700
4522,2022-07-06 14:33:00+05:30,38.35,38.35,38.35,38.35,0,1700
4523,2022-07-06 14:34:00+05:30,38.35,38.35,38.35,38.35,0,1700
4524,2022-07-06 14:35:00+05:30,38.35,38.35,38.35,38.35,0,1700
4525,2022-07-06 14:36:00+05:30,38.35,38.35,38.35,38.35,0,1700
4526,2022-07-06 14:37:00+05:30,38.35,38.35,38.35,38.35,0,1700
4527,2022-07-06 14:38:00+05:30,38.35,38.35,38.35,38.35,0,1700
4528,2022-07-06 14:39:00+05:30,38.35,38.35,38.35,38.35,0,1700
4529,2022-07-06 14:40:00+05:30,38.35,38.35,38.35,38.35,0,1700
4530,2022-07-06 14:41:00+05:30,38.35,38.35,38.35,38.35,0,1700
4531,2022-07-06 14:42:00+05:30,38.35,38.35,38.35,38.35,0,1700
4532,2022-07-06 14:43:00+05:30,38.35,38.35,38.35,38.35,0,1700
4533,2022-07-06 14:44:00+05:30,38.35,38.35,38.35,38.35,0,1700
4534,2022-07-06 14:45:00+05:30,38.35,38.35,38.35,38.35,0,1700
4535,2022-07-06 14:46:00+05:30,38.35,38.35,38.35,38.35,0,1700
4536,2022-07-06 14:47:00+05:30,38.35,38.35,38.35,38.35,0,1700
4537,2022-07-06 14:48:00+05:30,38.35,38.35,38.35,38.35,0,1700
4538,2022-07-06 14:49:00+05:30,38.35,38.35,38.35,38.35,0,1700
4539,2022-07-06 14:50:00+05:30,38.35,38.35,38.35,38.35,0,1700
4540,2022-07-06 14:51:00+05:30,38.35,38.35,38.35,38.35,0,1700
4541,2022-07-06 14:52:00+05:30,38.35,38.35,38.35,38.35,0,1700
4542,2022-07-06 14:53:00+05:30,38.35,38.35,38.35,38.35,0,1700
4543,2022-07-06 14:54:00+05:30,38.35,38.35,38.35,38.35,0,1700
4544,2022-07-06 14:55:00+05:30,38.35,38.35,38.35,38.35,0,1700
4545,2022-07-06 14:56:00+05:30,38.35,38.35,38.35,38.35,0,1700
4546,2022-07-06 14:57:00+05:30,38.35,38.35,38.35,38.35,0,1700
4547,2022-07-06 14:58:00+05:30,38.35,38.35,38.35,38.35,0,1700
4548,2022-07-06 14:59:00+05:30,38.35,38.35,38.35,38.35,0,1700
4549,2022-07-06 15:00:00+05:30,38.35,38.35,38.35,38.35,0,1700
4550,2022-07-06 15:01:00+05:30,38.35,38.35,38.35,38.35,0,1700
4551,2022-07-06 15:02:00+05:30,38.35,38.35,38.35,38.35,0,1700
4552,2022-07-06 15:03:00+05:30,38.35,38.35,38.35,38.35,0,1700
4553,2022-07-06 15:04:00+05:30,38.35,38.35,38.35,38.35,0,1700
4554,2022-07-06 15:05:00+05:30,38.35,38.35,38.35,38.35,0,1700
4555,2022-07-06 15:06:00+05:30,38.35,38.35,38.35,38.35,0,1700
4556,2022-07-06 15:07:00+05:30,38.35,38.35,38.35,38.35,0,1700
4557,2022-07-06 15:08:00+05:30,38.35,38.35,38.35,38.35,0,1700
4558,2022-07-06 15:09:00+05:30,38.35,38.35,38.35,38.35,0,1700
4559,2022-07-06 15:10:00+05:30,38.35,38.35,38.35,38.35,0,1700
4560,2022-07-06 15:11:00+05:30,38.35,38.35,38.35,38.35,0,1700
4561,2022-07-06 15:12:00+05:30,38.35,38.35,38.35,38.35,0,1700
4562,2022-07-06 15:13:00+05:30,38.35,38.35,38.35,38.35,0,1700
4563,2022-07-06 15:14:00+05:30,38.35,38.35,38.35,38.35,0,1700
4564,2022-07-06 15:15:00+05:30,38.35,38.35,38.35,38.35,0,1700
4565,2022-07-06 15:16:00+05:30,38.35,38.35,38.35,38.35,0,1700
4566,2022-07-06 15:17:00+05:30,38.35,38.35,38.35,38.35,0,1700
4567,2022-07-06 15:18:00+05:30,38.35,38.35,38.35,38.35,0,1700
4568,2022-07-06 15:19:00+05:30,38.35,38.35,38.35,38.35,0,1700
4569,2022-07-06 15:20:00+05:30,38.35,38.35,38.35,38.35,0,1700
4570,2022-07-06 15:21:00+05:30,38.35,38.35,38.35,38.35,0,1700
4571,2022-07-06 15:22:00+05:30,38.35,38.35,38.35,38.35,0,1700
4572,2022-07-06 15:23:00+05:30,38.35,38.35,38.35,38.35,0,1700
4573,2022-07-06 15:24:00+05:30,38.35,38.35,38.35,38.35,0,1700
4574,2022-07-06 15:25:00+05:30,38.35,38.35,38.35,38.35,0,1700
4575,2022-07-06 15:26:00+05:30,38.35,38.35,38.35,38.35,0,1700
4576,2022-07-06 15:27:00+05:30,36.9,36.9,36.9,36.9,50,1725
4577,2022-07-06 15:28:00+05:30,36.9,36.9,36.9,36.9,0,1725
4578,2022-07-06 15:29:00+05:30,36.9,36.9,36.9,36.9,0,1725
4579,2022-07-07 09:15:00+05:30,29.1,29.1,29.1,29.1,0,0
4580,2022-07-07 09:18:00+05:30,29.1,29.15,29.1,29.15,125,1700
4581,2022-07-07 09:19:00+05:30,29.15,29.15,29.15,29.15,0,1700
4582,2022-07-07 09:20:00+05:30,29.15,29.15,29.15,29.15,0,1700
4583,2022-07-07 09:21:00+05:30,29.15,29.15,29.15,29.15,0,1700
4584,2022-07-07 09:22:00+05:30,29.15,29.15,29.15,29.15,0,1700
4585,2022-07-07 09:23:00+05:30,29.15,29.15,28.85,28.85,50,1875
4586,2022-07-07 09:24:00+05:30,28.85,28.85,28.85,28.85,0,1875
4587,2022-07-07 09:25:00+05:30,28.85,28.85,28.85,28.85,0,1875
4588,2022-07-07 09:26:00+05:30,29.35,29.35,29.3,29.3,50,1825
4589,2022-07-07 09:27:00+05:30,29.3,29.3,29.25,29.25,50,1825
4590,2022-07-07 09:28:00+05:30,29.25,29.25,29.25,29.25,0,1825
4591,2022-07-07 09:29:00+05:30,29.25,29.25,29.25,29.25,0,1825
4592,2022-07-07 09:30:00+05:30,29.25,29.25,29.25,29.25,0,1825
4593,2022-07-07 09:31:00+05:30,29.25,29.4,29.25,29.4,25,1825
4594,2022-07-07 09:32:00+05:30,29.4,29.4,29.4,29.4,0,1825
4595,2022-07-07 09:33:00+05:30,29.4,29.4,29.4,29.4,0,1825
4596,2022-07-07 09:34:00+05:30,29.4,29.4,29.4,29.4,0,1825
4597,2022-07-07 09:35:00+05:30,29.4,29.4,29.4,29.4,0,1825
4598,2022-07-07 09:36:00+05:30,29.4,29.4,29.4,29.4,0,1825
4599,2022-07-07 09:37:00+05:30,29.4,29.4,29.4,29.4,0,1825
4600,2022-07-07 09:38:00+05:30,29.4,29.4,29.4,29.4,0,1825
4601,2022-07-07 09:39:00+05:30,29.4,29.4,29.4,29.4,0,1825
4602,2022-07-07 09:40:00+05:30,29.4,29.4,29.4,29.4,0,1825
4603,2022-07-07 09:41:00+05:30,29.4,29.4,29.4,29.4,0,1825
4604,2022-07-07 09:42:00+05:30,29.4,29.4,29.4,29.4,0,1825
4605,2022-07-07 09:43:00+05:30,29.4,29.4,29.4,29.4,0,1825
4606,2022-07-07 09:44:00+05:30,29.4,29.4,29.4,29.4,0,1825
4607,2022-07-07 09:45:00+05:30,29.4,29.4,29.4,29.4,0,1825
4608,2022-07-07 09:46:00+05:30,29.4,29.4,29.4,29.4,0,1825
4609,2022-07-07 09:47:00+05:30,29.4,29.4,29.4,29.4,0,1825
4610,2022-07-07 09:48:00+05:30,29.4,29.4,29.4,29.4,0,1825
4611,2022-07-07 09:49:00+05:30,29.4,29.4,29.4,29.4,0,1825
4612,2022-07-07 09:50:00+05:30,29.4,29.4,29.4,29.4,0,1825
4613,2022-07-07 09:51:00+05:30,29.4,29.4,29.4,29.4,0,1825
4614,2022-07-07 09:52:00+05:30,29.4,29.4,29.4,29.4,0,1825
4615,2022-07-07 09:53:00+05:30,29.4,29.4,29.4,29.4,0,1825
4616,2022-07-07 09:54:00+05:30,29.4,29.4,29.4,29.4,0,1825
4617,2022-07-07 09:55:00+05:30,29.4,29.4,29.4,29.4,0,1825
4618,2022-07-07 09:56:00+05:30,29.4,29.4,29.4,29.4,0,1825
4619,2022-07-07 09:57:00+05:30,29.4,29.4,29.4,29.4,0,1825
4620,2022-07-07 09:58:00+05:30,29.4,29.4,29.4,29.4,0,1825
4621,2022-07-07 09:59:00+05:30,29.4,29.4,29.4,29.4,0,1825
4622,2022-07-07 10:00:00+05:30,29.4,29.4,29.4,29.4,0,1825
4623,2022-07-07 10:01:00+05:30,29.4,29.4,29.4,29.4,0,1825
4624,2022-07-07 10:02:00+05:30,29.4,29.4,29.4,29.4,0,1825
4625,2022-07-07 10:03:00+05:30,29.4,29.4,29.4,29.4,0,1825
4626,2022-07-07 10:04:00+05:30,29.4,29.4,29.4,29.4,0,1825
4627,2022-07-07 10:05:00+05:30,29.4,29.4,29.4,29.4,0,1825
4628,2022-07-07 10:06:00+05:30,29.4,29.4,29.4,29.4,0,1825
4629,2022-07-07 10:07:00+05:30,29.4,29.4,29.4,29.4,0,1825
4630,2022-07-07 10:08:00+05:30,29.4,29.4,29.4,29.4,0,1825
4631,2022-07-07 10:09:00+05:30,29.4,29.4,29.4,29.4,0,1825
4632,2022-07-07 10:10:00+05:30,29.4,29.4,29.4,29.4,0,1825
4633,2022-07-07 10:11:00+05:30,29.4,29.4,29.4,29.4,0,1825
4634,2022-07-07 10:12:00+05:30,29.4,29.4,29.4,29.4,0,1825
4635,2022-07-07 10:13:00+05:30,29.4,29.4,29.4,29.4,0,1825
4636,2022-07-07 10:14:00+05:30,29.4,29.4,29.4,29.4,0,1825
4637,2022-07-07 10:15:00+05:30,29.4,29.4,29.4,29.4,0,1825
4638,2022-07-07 10:16:00+05:30,29.4,29.4,29.4,29.4,0,1825
4639,2022-07-07 10:17:00+05:30,29.4,29.4,29.4,29.4,0,1825
4640,2022-07-07 10:18:00+05:30,29.4,29.4,29.0,29.0,0,1775
4641,2022-07-07 10:19:00+05:30,29.0,29.0,29.0,29.0,25,1775
4642,2022-07-07 10:20:00+05:30,29.0,29.0,29.0,29.0,0,1775
4643,2022-07-07 10:21:00+05:30,29.0,29.0,29.0,29.0,0,1775
4644,2022-07-07 10:22:00+05:30,29.0,29.0,29.0,29.0,0,1775
4645,2022-07-07 10:23:00+05:30,29.0,29.0,29.0,29.0,0,1775
4646,2022-07-07 10:24:00+05:30,29.0,29.0,29.0,29.0,0,1775
4647,2022-07-07 10:25:00+05:30,29.0,29.0,29.0,29.0,0,1775
4648,2022-07-07 10:26:00+05:30,29.0,29.0,29.0,29.0,0,1775
4649,2022-07-07 10:27:00+05:30,29.0,29.0,29.0,29.0,0,1775
4650,2022-07-07 10:28:00+05:30,29.0,29.0,29.0,29.0,0,1775
4651,2022-07-07 10:29:00+05:30,29.0,29.0,29.0,29.0,0,1775
4652,2022-07-07 10:30:00+05:30,29.0,29.0,29.0,29.0,0,1775
4653,2022-07-07 10:31:00+05:30,29.0,29.0,29.0,29.0,0,1775
4654,2022-07-07 10:32:00+05:30,29.0,29.0,29.0,29.0,0,1775
4655,2022-07-07 10:33:00+05:30,29.0,29.0,29.0,29.0,0,1775
4656,2022-07-07 10:34:00+05:30,29.0,29.0,29.0,29.0,0,1775
4657,2022-07-07 10:35:00+05:30,29.0,29.0,29.0,29.0,0,1775
4658,2022-07-07 10:36:00+05:30,29.0,29.0,27.0,27.0,0,1800
4659,2022-07-07 10:37:00+05:30,27.0,27.05,26.95,26.95,200,1800
4660,2022-07-07 10:38:00+05:30,26.95,27.0,26.95,27.0,125,1950
4661,2022-07-07 10:39:00+05:30,27.0,27.0,27.0,27.0,0,1950
4662,2022-07-07 10:40:00+05:30,27.0,27.0,27.0,27.0,0,1950
4663,2022-07-07 10:41:00+05:30,27.0,27.0,27.0,27.0,0,1950
4664,2022-07-07 10:42:00+05:30,27.0,27.0,27.0,27.0,0,1950
4665,2022-07-07 10:43:00+05:30,27.0,27.0,27.0,27.0,0,1950
4666,2022-07-07 10:44:00+05:30,27.0,27.0,27.0,27.0,0,1950
4667,2022-07-07 10:45:00+05:30,27.0,27.0,27.0,27.0,0,1950
4668,2022-07-07 10:46:00+05:30,27.0,27.0,27.0,27.0,0,1950
4669,2022-07-07 10:47:00+05:30,27.0,27.0,27.0,27.0,0,1950
4670,2022-07-07 10:48:00+05:30,27.0,27.0,27.0,27.0,0,1950
4671,2022-07-07 10:49:00+05:30,27.0,27.0,27.0,27.0,0,1950
4672,2022-07-07 10:50:00+05:30,27.0,27.0,27.0,27.0,0,1950
4673,2022-07-07 10:51:00+05:30,27.0,27.0,27.0,27.0,0,1950
4674,2022-07-07 10:52:00+05:30,27.0,27.0,27.0,27.0,0,1950
4675,2022-07-07 10:53:00+05:30,27.0,27.0,27.0,27.0,0,1950
4676,2022-07-07 10:54:00+05:30,27.0,27.0,27.0,27.0,0,1950
4677,2022-07-07 10:55:00+05:30,27.0,27.0,27.0,27.0,0,1950
4678,2022-07-07 10:56:00+05:30,27.0,27.0,27.0,27.0,0,1950
4679,2022-07-07 10:57:00+05:30,27.0,27.0,27.0,27.0,0,1950
4680,2022-07-07 10:58:00+05:30,27.0,27.0,27.0,27.0,0,1950
4681,2022-07-07 10:59:00+05:30,27.0,27.0,27.0,27.0,0,1950
4682,2022-07-07 11:00:00+05:30,27.0,27.0,27.0,27.0,0,1950
4683,2022-07-07 11:01:00+05:30,27.0,27.0,27.0,27.0,0,1950
4684,2022-07-07 11:02:00+05:30,27.0,27.0,27.0,27.0,0,1950
4685,2022-07-07 11:03:00+05:30,27.0,27.0,27.0,27.0,0,1950
4686,2022-07-07 11:04:00+05:30,27.0,27.0,27.0,27.0,0,1950
4687,2022-07-07 11:05:00+05:30,27.0,27.0,27.0,27.0,0,1950
4688,2022-07-07 11:06:00+05:30,27.0,27.0,27.0,27.0,0,1950
4689,2022-07-07 11:07:00+05:30,27.0,27.0,27.0,27.0,0,1950
4690,2022-07-07 11:08:00+05:30,27.0,27.0,27.0,27.0,0,1950
4691,2022-07-07 11:09:00+05:30,27.0,27.0,27.0,27.0,0,1950
4692,2022-07-07 11:10:00+05:30,27.0,27.0,27.0,27.0,0,1950
4693,2022-07-07 11:11:00+05:30,27.0,27.0,27.0,27.0,0,1950
4694,2022-07-07 11:12:00+05:30,27.0,27.0,27.0,27.0,0,1950
4695,2022-07-07 11:13:00+05:30,27.0,27.0,27.0,27.0,0,1950
4696,2022-07-07 11:14:00+05:30,27.0,27.0,27.0,27.0,0,1950
4697,2022-07-07 11:15:00+05:30,27.0,27.0,27.0,27.0,0,1950
4698,2022-07-07 11:16:00+05:30,27.0,27.0,27.0,27.0,0,1950
4699,2022-07-07 11:17:00+05:30,27.0,27.0,27.0,27.0,0,1950
4700,2022-07-07 11:18:00+05:30,27.0,27.0,27.0,27.0,0,1950
4701,2022-07-07 11:19:00+05:30,27.0,27.0,27.0,27.0,0,1950
4702,2022-07-07 11:20:00+05:30,27.0,27.0,27.0,27.0,0,1950
4703,2022-07-07 11:21:00+05:30,27.0,27.0,27.0,27.0,0,1950
4704,2022-07-07 11:22:00+05:30,27.0,27.0,27.0,27.0,0,1950
4705,2022-07-07 11:23:00+05:30,27.0,27.0,27.0,27.0,0,1950
4706,2022-07-07 11:24:00+05:30,27.0,27.0,27.0,27.0,0,1950
4707,2022-07-07 11:25:00+05:30,27.0,27.0,27.0,27.0,0,1950
4708,2022-07-07 11:26:00+05:30,27.0,27.0,27.0,27.0,0,1950
4709,2022-07-07 11:27:00+05:30,27.0,27.0,27.0,27.0,0,1950
4710,2022-07-07 11:28:00+05:30,27.0,27.0,27.0,27.0,0,1950
4711,2022-07-07 11:29:00+05:30,27.0,27.0,27.0,27.0,0,1950
4712,2022-07-07 11:30:00+05:30,27.0,27.0,27.0,27.0,0,1950
4713,2022-07-07 11:31:00+05:30,27.0,28.55,27.0,28.55,125,2075
4714,2022-07-07 11:32:00+05:30,28.05,28.1,28.05,28.1,150,2075
4715,2022-07-07 11:33:00+05:30,28.1,28.1,28.1,28.1,0,2075
4716,2022-07-07 11:34:00+05:30,28.1,28.1,28.1,28.1,0,2075
4717,2022-07-07 11:35:00+05:30,28.1,28.1,28.1,28.1,0,2075
4718,2022-07-07 11:36:00+05:30,28.1,28.1,28.1,28.1,0,2075
4719,2022-07-07 11:37:00+05:30,28.1,28.1,28.1,28.1,0,2075
4720,2022-07-07 11:38:00+05:30,28.1,28.1,28.1,28.1,0,2075
4721,2022-07-07 11:39:00+05:30,26.9,26.9,26.9,26.9,25,1850
4722,2022-07-07 11:40:00+05:30,26.9,26.9,26.9,26.9,0,1850
4723,2022-07-07 11:41:00+05:30,26.9,26.9,26.9,26.9,0,1850
4724,2022-07-07 11:42:00+05:30,26.45,26.45,26.45,26.45,25,1875
4725,2022-07-07 11:43:00+05:30,26.45,26.45,26.45,26.45,0,1875
4726,2022-07-07 11:44:00+05:30,26.45,26.45,26.45,26.45,0,1875
4727,2022-07-07 11:45:00+05:30,26.45,26.45,26.45,26.45,0,1875
4728,2022-07-07 11:46:00+05:30,26.45,26.45,26.45,26.45,0,1875
4729,2022-07-07 11:47:00+05:30,26.45,26.45,26.45,26.45,0,1875
4730,2022-07-07 11:48:00+05:30,26.45,26.45,26.45,26.45,0,1875
4731,2022-07-07 11:49:00+05:30,26.45,26.45,26.45,26.45,0,1875
4732,2022-07-07 11:50:00+05:30,26.45,26.45,26.45,26.45,0,1875
4733,2022-07-07 11:51:00+05:30,26.45,26.45,26.45,26.45,0,1875
4734,2022-07-07 11:52:00+05:30,26.45,26.45,26.45,26.45,0,1875
4735,2022-07-07 11:53:00+05:30,26.45,26.45,26.45,26.45,0,1875
4736,2022-07-07 11:54:00+05:30,26.45,26.45,26.45,26.45,0,1875
4737,2022-07-07 11:55:00+05:30,26.45,26.45,26.45,26.45,0,1875
4738,2022-07-07 11:56:00+05:30,26.45,26.45,26.45,26.45,0,1875
4739,2022-07-07 11:57:00+05:30,26.45,26.45,26.45,26.45,0,1875
4740,2022-07-07 11:58:00+05:30,26.45,26.45,26.45,26.45,0,1875
4741,2022-07-07 11:59:00+05:30,26.45,26.45,26.45,26.45,0,1875
4742,2022-07-07 12:00:00+05:30,26.45,26.45,26.45,26.45,0,1875
4743,2022-07-07 12:01:00+05:30,26.45,26.45,26.45,26.45,0,1875
4744,2022-07-07 12:02:00+05:30,26.45,26.45,26.45,26.45,0,1875
4745,2022-07-07 12:03:00+05:30,26.45,26.45,26.45,26.45,0,1875
4746,2022-07-07 12:04:00+05:30,26.45,26.45,26.45,26.45,0,1875
4747,2022-07-07 12:05:00+05:30,26.45,27.8,26.45,27.8,25,1875
4748,2022-07-07 12:06:00+05:30,27.8,27.8,27.8,27.8,0,1875
4749,2022-07-07 12:07:00+05:30,27.8,27.8,27.8,27.8,0,1875
4750,2022-07-07 12:08:00+05:30,27.8,27.8,27.8,27.8,0,1875
4751,2022-07-07 12:09:00+05:30,27.8,27.8,27.8,27.8,0,1875
4752,2022-07-07 12:10:00+05:30,27.8,27.8,27.8,27.8,0,1875
4753,2022-07-07 12:11:00+05:30,27.8,27.8,27.8,27.8,0,1875
4754,2022-07-07 12:12:00+05:30,27.8,27.8,27.8,27.8,0,1875
4755,2022-07-07 12:13:00+05:30,27.8,27.8,27.8,27.8,0,1875
4756,2022-07-07 12:14:00+05:30,27.8,27.8,27.8,27.8,0,1875
4757,2022-07-07 12:15:00+05:30,27.8,27.8,27.8,27.8,0,1875
4758,2022-07-07 12:16:00+05:30,27.8,27.8,27.8,27.8,0,1875
4759,2022-07-07 12:17:00+05:30,27.8,27.8,27.8,27.8,0,1875
4760,2022-07-07 12:18:00+05:30,27.8,27.8,27.8,27.8,0,1875
4761,2022-07-07 12:19:00+05:30,27.8,27.8,27.8,27.8,0,1875
4762,2022-07-07 12:20:00+05:30,27.8,27.8,27.8,27.8,0,1875
4763,2022-07-07 12:21:00+05:30,27.8,27.8,27.8,27.8,0,1875
4764,2022-07-07 12:22:00+05:30,27.5,27.5,27.5,27.5,200,1875
4765,2022-07-07 12:23:00+05:30,27.5,27.5,27.5,27.5,0,1875
4766,2022-07-07 12:24:00+05:30,27.5,27.5,27.5,27.5,0,1875
4767,2022-07-07 12:25:00+05:30,27.5,27.5,27.5,27.5,0,1875
4768,2022-07-07 12:26:00+05:30,27.5,27.5,27.5,27.5,0,1875
4769,2022-07-07 12:27:00+05:30,27.5,27.5,27.5,27.5,0,1875
4770,2022-07-07 12:28:00+05:30,27.5,27.5,27.5,27.5,0,1875
4771,2022-07-07 12:29:00+05:30,27.5,27.5,27.5,27.5,0,1875
4772,2022-07-07 12:30:00+05:30,27.5,27.5,27.5,27.5,0,1875
4773,2022-07-07 12:31:00+05:30,27.5,27.5,27.5,27.5,0,1875
4774,2022-07-07 12:32:00+05:30,27.5,27.5,27.5,27.5,0,1875
4775,2022-07-07 12:33:00+05:30,27.5,27.5,27.5,27.5,0,1875
4776,2022-07-07 12:34:00+05:30,27.5,27.5,27.5,27.5,0,1875
4777,2022-07-07 12:35:00+05:30,27.5,27.5,27.5,27.5,0,1875
4778,2022-07-07 12:36:00+05:30,27.5,27.5,27.5,27.5,0,1875
4779,2022-07-07 12:37:00+05:30,27.5,27.5,27.5,27.5,0,1875
4780,2022-07-07 12:38:00+05:30,27.5,27.5,27.5,27.5,0,1875
4781,2022-07-07 12:39:00+05:30,27.5,27.5,27.5,27.5,0,1875
4782,2022-07-07 12:40:00+05:30,27.5,27.5,27.5,27.5,0,1875
4783,2022-07-07 12:41:00+05:30,27.5,27.5,27.5,27.5,0,1875
4784,2022-07-07 12:42:00+05:30,27.5,27.5,27.5,27.5,0,1875
4785,2022-07-07 12:43:00+05:30,27.5,27.5,27.5,27.5,0,1875
4786,2022-07-07 12:44:00+05:30,27.5,27.5,27.5,27.5,0,1875
4787,2022-07-07 12:45:00+05:30,27.5,27.5,27.5,27.5,0,1875
4788,2022-07-07 12:46:00+05:30,27.5,27.5,27.5,27.5,0,1875
4789,2022-07-07 12:47:00+05:30,27.5,27.5,27.5,27.5,0,1875
4790,2022-07-07 12:48:00+05:30,27.5,27.5,27.5,27.5,0,1875
4791,2022-07-07 12:49:00+05:30,27.5,27.5,27.5,27.5,0,1875
4792,2022-07-07 12:50:00+05:30,27.5,27.5,27.5,27.5,0,1875
4793,2022-07-07 12:51:00+05:30,27.5,27.5,27.5,27.5,0,1875
4794,2022-07-07 12:52:00+05:30,27.5,27.5,27.5,27.5,0,1875
4795,2022-07-07 12:53:00+05:30,27.5,27.5,27.5,27.5,0,1875
4796,2022-07-07 12:54:00+05:30,27.5,27.5,27.5,27.5,0,1875
4797,2022-07-07 12:55:00+05:30,27.5,27.5,27.5,27.5,0,1875
4798,2022-07-07 12:56:00+05:30,27.5,27.5,27.5,27.5,0,1875
4799,2022-07-07 12:57:00+05:30,27.5,27.5,27.5,27.5,0,1875
4800,2022-07-07 12:58:00+05:30,27.5,27.5,27.5,27.5,0,1875
4801,2022-07-07 12:59:00+05:30,27.5,27.5,27.5,27.5,0,1875
4802,2022-07-07 13:00:00+05:30,27.5,27.5,27.5,27.5,0,1875
4803,2022-07-07 13:01:00+05:30,27.5,27.5,27.5,27.5,0,1875
4804,2022-07-07 13:02:00+05:30,27.5,27.5,27.5,27.5,0,1875
4805,2022-07-07 13:03:00+05:30,27.5,27.5,27.5,27.5,0,1875
4806,2022-07-07 13:04:00+05:30,27.5,27.5,27.5,27.5,0,1875
4807,2022-07-07 13:05:00+05:30,27.5,27.5,27.5,27.5,0,1875
4808,2022-07-07 13:06:00+05:30,27.5,27.5,27.5,27.5,0,1875
4809,2022-07-07 13:07:00+05:30,27.5,27.5,27.5,27.5,0,1875
4810,2022-07-07 13:08:00+05:30,27.5,27.5,27.5,27.5,0,1875
4811,2022-07-07 13:09:00+05:30,27.5,27.5,27.5,27.5,0,1875
4812,2022-07-07 13:10:00+05:30,27.5,27.5,27.5,27.5,0,1875
4813,2022-07-07 13:11:00+05:30,27.5,28.55,27.5,28.55,0,1875
4814,2022-07-07 13:12:00+05:30,28.55,28.55,28.4,28.4,50,1875
4815,2022-07-07 13:13:00+05:30,28.2,28.2,28.2,28.2,25,1875
4816,2022-07-07 13:14:00+05:30,26.45,29.45,26.45,29.45,50,1875
4817,2022-07-07 13:15:00+05:30,27.5,27.5,27.4,27.4,50,1875
4818,2022-07-07 13:16:00+05:30,27.4,27.4,27.4,27.4,0,1875
4819,2022-07-07 13:17:00+05:30,27.4,27.4,27.4,27.4,0,1875
4820,2022-07-07 13:18:00+05:30,27.4,27.9,27.4,27.9,25,1850
4821,2022-07-07 13:19:00+05:30,27.9,27.9,27.9,27.9,0,1850
4822,2022-07-07 13:20:00+05:30,27.9,27.9,27.9,27.9,0,1850
4823,2022-07-07 13:21:00+05:30,27.9,27.9,27.9,27.9,0,1850
4824,2022-07-07 13:22:00+05:30,27.9,27.9,27.9,27.9,0,1850
4825,2022-07-07 13:23:00+05:30,27.9,27.9,27.9,27.9,0,1850
4826,2022-07-07 13:24:00+05:30,27.9,27.9,27.9,27.9,0,1850
4827,2022-07-07 13:25:00+05:30,27.9,27.9,27.9,27.9,0,1850
4828,2022-07-07 13:26:00+05:30,27.9,27.9,27.9,27.9,0,1850
4829,2022-07-07 13:27:00+05:30,27.9,27.9,27.9,27.9,0,1850
4830,2022-07-07 13:28:00+05:30,27.9,27.9,27.9,27.9,0,1850
4831,2022-07-07 13:29:00+05:30,27.9,27.9,27.9,27.9,0,1850
4832,2022-07-07 13:30:00+05:30,29.25,29.25,29.25,29.25,25,1850
4833,2022-07-07 13:31:00+05:30,29.25,29.25,29.25,29.25,0,1850
4834,2022-07-07 13:32:00+05:30,29.25,29.25,29.25,29.25,0,1850
4835,2022-07-07 13:33:00+05:30,29.25,29.25,29.25,29.25,0,1850
4836,2022-07-07 13:34:00+05:30,29.25,29.25,29.25,29.25,0,1850
4837,2022-07-07 13:35:00+05:30,29.25,29.25,29.25,29.25,0,1850
4838,2022-07-07 13:36:00+05:30,29.25,29.25,29.25,29.25,0,1850
4839,2022-07-07 13:37:00+05:30,29.25,29.25,29.25,29.25,0,1850
4840,2022-07-07 13:38:00+05:30,27.8,27.8,27.8,27.8,25,1875
4841,2022-07-07 13:39:00+05:30,27.8,27.8,27.8,27.8,0,1875
4842,2022-07-07 13:40:00+05:30,27.8,27.8,27.8,27.8,0,1875
4843,2022-07-07 13:41:00+05:30,27.8,27.8,27.8,27.8,0,1875
4844,2022-07-07 13:42:00+05:30,27.8,27.8,27.8,27.8,0,1875
4845,2022-07-07 13:43:00+05:30,27.8,27.8,27.35,27.35,25,1850
4846,2022-07-07 13:44:00+05:30,27.35,27.35,27.35,27.35,0,1850
4847,2022-07-07 13:45:00+05:30,27.35,27.35,27.35,27.35,0,1850
4848,2022-07-07 13:46:00+05:30,27.75,27.75,27.7,27.7,50,1850
4849,2022-07-07 13:47:00+05:30,27.7,27.7,27.7,27.7,0,1850
4850,2022-07-07 13:48:00+05:30,27.7,27.7,27.7,27.7,0,1850
4851,2022-07-07 13:49:00+05:30,27.7,27.7,27.7,27.7,0,1850
4852,2022-07-07 13:50:00+05:30,27.7,27.7,27.7,27.7,0,1850
4853,2022-07-07 13:51:00+05:30,27.7,27.7,27.7,27.7,0,1850
4854,2022-07-07 13:52:00+05:30,27.7,27.7,27.7,27.7,0,1850
4855,2022-07-07 13:53:00+05:30,27.7,27.7,27.7,27.7,0,1850
4856,2022-07-07 13:54:00+05:30,27.7,27.7,27.7,27.7,0,1850
4857,2022-07-07 13:55:00+05:30,27.7,27.7,27.7,27.7,0,1850
4858,2022-07-07 13:56:00+05:30,27.7,27.7,27.7,27.7,0,1850
4859,2022-07-07 13:57:00+05:30,27.7,27.7,27.7,27.7,0,1850
4860,2022-07-07 13:58:00+05:30,27.7,27.7,27.7,27.7,0,1850
4861,2022-07-07 13:59:00+05:30,27.7,27.7,27.7,27.7,0,1850
4862,2022-07-07 14:00:00+05:30,27.7,27.7,27.7,27.7,0,1850
4863,2022-07-07 14:01:00+05:30,27.7,27.7,27.7,27.7,0,1850
4864,2022-07-07 14:02:00+05:30,27.7,27.7,27.7,27.7,0,1850
4865,2022-07-07 14:03:00+05:30,27.7,27.7,27.7,27.7,0,1850
4866,2022-07-07 14:04:00+05:30,27.7,27.7,27.7,27.7,0,1850
4867,2022-07-07 14:05:00+05:30,27.7,27.7,27.7,27.7,0,1850
4868,2022-07-07 14:06:00+05:30,27.7,27.7,26.55,26.55,25,1875
4869,2022-07-07 14:07:00+05:30,26.55,26.55,26.55,26.55,0,1875
4870,2022-07-07 14:08:00+05:30,26.55,26.55,26.55,26.55,0,1875
4871,2022-07-07 14:09:00+05:30,26.55,26.55,26.55,26.55,0,1875
4872,2022-07-07 14:10:00+05:30,26.55,26.55,26.55,26.55,0,1875
4873,2022-07-07 14:11:00+05:30,26.55,26.55,26.55,26.55,0,1875
4874,2022-07-07 14:12:00+05:30,26.55,26.55,26.55,26.55,0,1875
4875,2022-07-07 14:13:00+05:30,26.55,26.55,26.55,26.55,0,1875
4876,2022-07-07 14:14:00+05:30,26.55,26.55,26.55,26.55,0,1875
4877,2022-07-07 14:15:00+05:30,26.55,26.55,26.55,26.55,0,1875
4878,2022-07-07 14:16:00+05:30,26.55,26.55,26.55,26.55,0,1875
4879,2022-07-07 14:17:00+05:30,26.55,26.55,26.55,26.55,0,1875
4880,2022-07-07 14:18:00+05:30,26.55,26.55,26.55,26.55,0,1875
4881,2022-07-07 14:19:00+05:30,26.55,26.55,26.55,26.55,0,1875
4882,2022-07-07 14:20:00+05:30,26.55,26.55,26.55,26.55,0,1875
4883,2022-07-07 14:21:00+05:30,26.55,26.55,26.55,26.55,0,1875
4884,2022-07-07 14:22:00+05:30,26.55,26.55,26.55,26.55,0,1875
4885,2022-07-07 14:23:00+05:30,26.55,26.55,26.55,26.55,0,1875
4886,2022-07-07 14:24:00+05:30,26.55,26.55,26.55,26.55,0,1875
4887,2022-07-07 14:25:00+05:30,26.55,26.55,26.55,26.55,0,1875
4888,2022-07-07 14:26:00+05:30,26.55,26.55,26.55,26.55,0,1875
4889,2022-07-07 14:27:00+05:30,26.55,26.55,26.55,26.55,0,1875
4890,2022-07-07 14:28:00+05:30,26.55,26.55,26.55,26.55,0,1875
4891,2022-07-07 14:29:00+05:30,26.55,26.55,26.55,26.55,0,1875
4892,2022-07-07 14:30:00+05:30,26.55,26.55,26.55,26.55,0,1875
4893,2022-07-07 14:31:00+05:30,26.55,26.55,26.55,26.55,0,1875
4894,2022-07-07 14:32:00+05:30,26.55,26.55,26.55,26.55,0,1875
4895,2022-07-07 14:33:00+05:30,26.55,26.55,26.55,26.55,0,1875
4896,2022-07-07 14:34:00+05:30,26.55,26.55,26.55,26.55,0,1875
4897,2022-07-07 14:35:00+05:30,26.55,26.55,26.55,26.55,0,1875
4898,2022-07-07 14:36:00+05:30,26.55,26.55,26.55,26.55,0,1875
4899,2022-07-07 14:37:00+05:30,26.55,26.55,26.55,26.55,0,1875
4900,2022-07-07 14:38:00+05:30,26.55,26.55,26.55,26.55,0,1875
4901,2022-07-07 14:39:00+05:30,26.55,26.55,26.55,26.55,0,1875
4902,2022-07-07 14:40:00+05:30,26.55,26.55,26.55,26.55,0,1875
4903,2022-07-07 14:41:00+05:30,26.55,26.55,26.55,26.55,0,1875
4904,2022-07-07 14:42:00+05:30,26.55,26.55,26.55,26.55,0,1875
4905,2022-07-07 14:43:00+05:30,26.55,26.55,26.55,26.55,0,1875
4906,2022-07-07 14:44:00+05:30,26.55,26.55,26.55,26.55,0,1875
4907,2022-07-07 14:45:00+05:30,26.55,26.55,26.55,26.55,0,1875
4908,2022-07-07 14:46:00+05:30,26.55,26.55,26.55,26.55,0,1875
4909,2022-07-07 14:47:00+05:30,26.55,26.55,26.55,26.55,0,1875
4910,2022-07-07 14:48:00+05:30,26.55,26.55,26.55,26.55,0,1875
4911,2022-07-07 14:49:00+05:30,26.55,26.55,26.55,26.55,0,1875
4912,2022-07-07 14:50:00+05:30,26.55,26.55,25.6,25.6,25,1900
4913,2022-07-07 14:51:00+05:30,25.6,25.6,25.6,25.6,0,1900
4914,2022-07-07 14:52:00+05:30,25.6,25.6,25.6,25.6,0,1900
4915,2022-07-07 14:53:00+05:30,25.6,25.6,25.6,25.6,0,1900
4916,2022-07-07 14:54:00+05:30,25.6,25.6,25.6,25.6,0,1900
4917,2022-07-07 14:55:00+05:30,25.6,25.6,25.6,25.6,0,1900
4918,2022-07-07 14:56:00+05:30,25.6,25.6,25.6,25.6,0,1900
4919,2022-07-07 14:57:00+05:30,25.6,25.6,25.6,25.6,0,1900
4920,2022-07-07 14:58:00+05:30,25.6,25.6,25.6,25.6,0,1900
4921,2022-07-07 14:59:00+05:30,25.6,25.6,25.6,25.6,0,1900
4922,2022-07-07 15:00:00+05:30,25.6,25.6,25.6,25.6,0,1900
4923,2022-07-07 15:01:00+05:30,25.6,25.6,25.35,25.35,25,1900
4924,2022-07-07 15:02:00+05:30,25.35,25.35,25.35,25.35,0,1900
4925,2022-07-07 15:03:00+05:30,25.35,25.35,25.35,25.35,0,1900
4926,2022-07-07 15:04:00+05:30,25.35,25.35,25.35,25.35,0,1900
4927,2022-07-07 15:05:00+05:30,25.35,25.35,25.35,25.35,0,1900
4928,2022-07-07 15:06:00+05:30,25.35,25.35,25.35,25.35,0,1900
4929,2022-07-07 15:07:00+05:30,25.35,25.35,25.35,25.35,0,1900
4930,2022-07-07 15:08:00+05:30,25.35,25.35,25.35,25.35,0,1900
4931,2022-07-07 15:09:00+05:30,25.35,25.35,25.35,25.35,0,1900
4932,2022-07-07 15:10:00+05:30,25.35,25.35,25.35,25.35,0,1900
4933,2022-07-07 15:11:00+05:30,25.35,25.35,25.35,25.35,0,1900
4934,2022-07-07 15:12:00+05:30,25.35,25.35,25.35,25.35,0,1900
4935,2022-07-07 15:13:00+05:30,25.35,25.35,25.35,25.35,0,1900
4936,2022-07-07 15:14:00+05:30,25.35,25.35,25.35,25.35,0,1900
4937,2022-07-07 15:15:00+05:30,25.35,25.35,25.35,25.35,0,1900
4938,2022-07-07 15:16:00+05:30,25.35,25.35,25.35,25.35,0,1900
4939,2022-07-07 15:17:00+05:30,25.35,25.35,25.35,25.35,0,1900
4940,2022-07-07 15:18:00+05:30,25.35,25.35,25.35,25.35,0,1900
4941,2022-07-07 15:19:00+05:30,25.35,25.35,25.35,25.35,0,1900
4942,2022-07-07 15:20:00+05:30,23.35,23.35,23.35,23.35,25,1900
4943,2022-07-07 15:21:00+05:30,23.35,23.35,23.35,23.35,0,1900
4944,2022-07-07 15:22:00+05:30,23.35,23.35,23.35,23.35,25,1925
4945,2022-07-07 15:23:00+05:30,23.35,23.45,23.35,23.45,25,1925
4946,2022-07-07 15:24:00+05:30,23.55,23.6,23.55,23.6,150,2000
4947,2022-07-07 15:25:00+05:30,23.6,23.6,23.6,23.6,25,2000
4948,2022-07-07 15:26:00+05:30,23.6,23.6,23.6,23.6,0,2000
4949,2022-07-07 15:27:00+05:30,23.6,23.6,23.6,23.6,0,2000
4950,2022-07-07 15:28:00+05:30,23.6,23.6,23.6,23.6,0,2000
4951,2022-07-07 15:29:00+05:30,23.6,23.6,23.6,23.6,0,2000
4952,2022-07-08 09:15:00+05:30,20.65,20.65,20.65,20.65,0,0
4953,2022-07-08 09:18:00+05:30,20.65,20.65,20.65,20.65,0,1750
4954,2022-07-08 09:19:00+05:30,20.65,20.65,20.65,20.65,0,1750
4955,2022-07-08 09:20:00+05:30,20.65,20.65,20.65,20.65,0,1750
4956,2022-07-08 09:21:00+05:30,20.65,20.65,20.65,20.65,0,1750
4957,2022-07-08 09:22:00+05:30,20.65,20.65,20.65,20.65,0,1750
4958,2022-07-08 09:23:00+05:30,19.85,19.85,19.85,19.85,25,1775
4959,2022-07-08 09:24:00+05:30,19.85,20.6,19.55,19.65,125,1775
4960,2022-07-08 09:25:00+05:30,19.65,19.65,19.65,19.65,175,1775
4961,2022-07-08 09:26:00+05:30,19.65,19.65,19.65,19.65,0,1775
4962,2022-07-08 09:27:00+05:30,19.65,19.65,19.65,19.65,25,1650
4963,2022-07-08 09:28:00+05:30,19.65,19.65,19.5,19.5,75,1650
4964,2022-07-08 09:29:00+05:30,19.5,19.5,19.5,19.5,0,1650
4965,2022-07-08 09:30:00+05:30,19.5,19.5,19.5,19.5,0,1650
4966,2022-07-08 09:31:00+05:30,19.5,19.5,19.5,19.5,0,1650
4967,2022-07-08 09:32:00+05:30,19.8,19.85,19.8,19.85,50,1550
4968,2022-07-08 09:33:00+05:30,19.95,19.95,19.95,19.95,100,1550
4969,2022-07-08 09:34:00+05:30,19.95,20.05,19.95,20.05,25,1550
4970,2022-07-08 09:35:00+05:30,20.05,20.05,20.05,20.05,25,1600
4971,2022-07-08 09:36:00+05:30,20.05,20.05,20.05,20.05,0,1600
4972,2022-07-08 09:37:00+05:30,20.05,20.05,20.05,20.05,0,1600
4973,2022-07-08 09:38:00+05:30,20.05,20.05,20.05,20.05,0,1600
4974,2022-07-08 09:39:00+05:30,20.05,20.05,20.05,20.05,0,1600
4975,2022-07-08 09:40:00+05:30,20.05,20.05,20.05,20.05,0,1600
4976,2022-07-08 09:41:00+05:30,20.05,20.05,20.05,20.05,0,1600
4977,2022-07-08 09:42:00+05:30,20.05,20.05,20.05,20.05,0,1600
4978,2022-07-08 09:43:00+05:30,20.05,20.05,20.05,20.05,0,1600
4979,2022-07-08 09:44:00+05:30,20.05,20.05,20.05,20.05,0,1600
4980,2022-07-08 09:45:00+05:30,20.05,20.05,20.05,20.05,0,1600
4981,2022-07-08 09:46:00+05:30,20.05,20.05,20.05,20.05,0,1600
4982,2022-07-08 09:47:00+05:30,20.05,20.05,18.5,18.5,25,1250
4983,2022-07-08 09:48:00+05:30,18.5,18.5,18.5,18.5,0,1250
4984,2022-07-08 09:49:00+05:30,18.5,18.5,18.5,18.5,0,1250
4985,2022-07-08 09:50:00+05:30,18.5,18.85,18.5,18.85,25,1275
4986,2022-07-08 09:51:00+05:30,18.85,19.5,18.85,19.45,50,1275
4987,2022-07-08 09:52:00+05:30,19.45,19.45,19.45,19.45,50,1275
4988,2022-07-08 09:53:00+05:30,19.45,19.45,19.45,19.45,0,1275
4989,2022-07-08 09:54:00+05:30,19.45,19.45,19.45,19.45,0,1275
4990,2022-07-08 09:55:00+05:30,19.45,19.45,19.45,19.45,0,1275
4991,2022-07-08 09:56:00+05:30,19.45,19.45,19.45,19.45,0,1275
4992,2022-07-08 09:57:00+05:30,19.45,19.45,19.45,19.45,0,1275
4993,2022-07-08 09:58:00+05:30,19.45,19.45,19.45,19.45,0,1275
4994,2022-07-08 09:59:00+05:30,19.4,19.4,19.35,19.35,50,1325
4995,2022-07-08 10:00:00+05:30,19.35,19.35,19.35,19.35,0,1325
4996,2022-07-08 10:01:00+05:30,19.35,19.35,19.3,19.3,25,1325
4997,2022-07-08 10:02:00+05:30,19.3,19.3,19.3,19.3,0,1325
4998,2022-07-08 10:03:00+05:30,19.3,19.3,19.3,19.3,0,1325
4999,2022-07-08 10:04:00+05:30,19.3,19.3,19.3,19.3,0,1325
5000,2022-07-08 10:05:00+05:30,19.0,19.0,19.0,19.0,25,1300
5001,2022-07-08 10:06:00+05:30,19.0,19.0,19.0,19.0,0,1300
5002,2022-07-08 10:07:00+05:30,19.0,19.0,19.0,19.0,0,1300
5003,2022-07-08 10:08:00+05:30,19.0,19.0,19.0,19.0,0,1300
5004,2022-07-08 10:09:00+05:30,19.0,19.0,19.0,19.0,0,1300
5005,2022-07-08 10:10:00+05:30,19.0,19.0,19.0,19.0,0,1300
5006,2022-07-08 10:11:00+05:30,19.0,19.3,19.0,19.3,25,1225
5007,2022-07-08 10:12:00+05:30,19.3,19.3,19.3,19.3,0,1225
5008,2022-07-08 10:13:00+05:30,19.3,19.3,19.3,19.3,0,1225
5009,2022-07-08 10:14:00+05:30,19.3,19.3,19.3,19.3,0,1225
5010,2022-07-08 10:15:00+05:30,19.3,19.3,19.3,19.3,0,1225
5011,2022-07-08 10:16:00+05:30,19.3,19.3,19.3,19.3,0,1225
5012,2022-07-08 10:17:00+05:30,19.3,19.3,19.3,19.3,0,1225
5013,2022-07-08 10:18:00+05:30,19.3,19.3,19.3,19.3,0,1225
5014,2022-07-08 10:19:00+05:30,19.3,19.3,19.3,19.3,0,1225
5015,2022-07-08 10:20:00+05:30,19.3,19.3,19.3,19.3,0,1225
5016,2022-07-08 10:21:00+05:30,19.3,19.3,19.3,19.3,0,1225
5017,2022-07-08 10:22:00+05:30,19.3,19.3,19.3,19.3,0,1225
5018,2022-07-08 10:23:00+05:30,19.3,19.3,19.3,19.3,0,1225
5019,2022-07-08 10:24:00+05:30,19.3,19.3,19.3,19.3,0,1225
5020,2022-07-08 10:25:00+05:30,19.3,19.3,19.3,19.3,0,1225
5021,2022-07-08 10:26:00+05:30,19.3,19.3,19.3,19.3,0,1225
5022,2022-07-08 10:27:00+05:30,19.3,19.3,19.3,19.3,0,1225
5023,2022-07-08 10:28:00+05:30,19.3,19.3,19.3,19.3,0,1225
5024,2022-07-08 10:29:00+05:30,19.3,19.3,19.3,19.3,0,1225
5025,2022-07-08 10:30:00+05:30,19.3,19.3,19.3,19.3,0,1225
5026,2022-07-08 10:31:00+05:30,19.3,19.3,19.3,19.3,0,1225
5027,2022-07-08 10:32:00+05:30,19.3,19.3,19.3,19.3,0,1225
5028,2022-07-08 10:33:00+05:30,19.3,19.3,19.3,19.3,0,1225
5029,2022-07-08 10:34:00+05:30,19.3,19.3,19.3,19.3,0,1225
5030,2022-07-08 10:35:00+05:30,19.3,19.3,19.3,19.3,0,1225
5031,2022-07-08 10:36:00+05:30,19.3,19.3,19.3,19.3,0,1225
5032,2022-07-08 10:37:00+05:30,19.3,19.3,19.3,19.3,0,1225
5033,2022-07-08 10:38:00+05:30,19.3,19.3,19.3,19.3,0,1225
5034,2022-07-08 10:39:00+05:30,19.3,19.3,19.3,19.3,0,1225
5035,2022-07-08 10:40:00+05:30,19.3,19.3,19.3,19.3,0,1225
5036,2022-07-08 10:41:00+05:30,19.3,19.3,19.3,19.3,0,1225
5037,2022-07-08 10:42:00+05:30,19.3,19.3,18.8,18.8,25,1225
5038,2022-07-08 10:43:00+05:30,18.8,18.8,18.8,18.8,0,1225
5039,2022-07-08 10:44:00+05:30,18.8,18.8,18.8,18.8,0,1225
5040,2022-07-08 10:45:00+05:30,18.8,18.8,18.8,18.8,0,1225
5041,2022-07-08 10:46:00+05:30,18.8,18.8,18.8,18.8,0,1225
5042,2022-07-08 10:47:00+05:30,18.8,18.8,18.8,18.8,0,1225
5043,2022-07-08 10:48:00+05:30,18.8,18.8,18.8,18.8,0,1225
5044,2022-07-08 10:49:00+05:30,18.8,18.8,18.8,18.8,0,1225
5045,2022-07-08 10:50:00+05:30,18.8,18.8,18.8,18.8,0,1225
5046,2022-07-08 10:51:00+05:30,18.8,18.8,18.8,18.8,0,1225
5047,2022-07-08 10:52:00+05:30,18.8,18.8,18.8,18.8,0,1225
5048,2022-07-08 10:53:00+05:30,18.8,18.8,18.8,18.8,0,1225
5049,2022-07-08 10:54:00+05:30,18.8,18.8,18.8,18.8,0,1225
5050,2022-07-08 10:55:00+05:30,18.8,18.8,18.8,18.8,0,1225
5051,2022-07-08 10:56:00+05:30,18.8,18.8,18.8,18.8,0,1225
5052,2022-07-08 10:57:00+05:30,18.8,18.8,18.8,18.8,0,1225
5053,2022-07-08 10:58:00+05:30,18.8,18.8,18.8,18.8,0,1225
5054,2022-07-08 10:59:00+05:30,18.8,18.8,18.8,18.8,0,1225
5055,2022-07-08 11:00:00+05:30,18.8,18.8,18.8,18.8,0,1225
5056,2022-07-08 11:01:00+05:30,18.8,18.8,18.8,18.8,0,1225
5057,2022-07-08 11:02:00+05:30,18.8,18.8,18.8,18.8,0,1225
5058,2022-07-08 11:03:00+05:30,18.8,18.8,18.8,18.8,0,1225
5059,2022-07-08 11:04:00+05:30,18.8,18.8,18.8,18.8,0,1225
5060,2022-07-08 11:05:00+05:30,18.8,18.8,18.8,18.8,0,1225
5061,2022-07-08 11:06:00+05:30,18.8,18.8,18.8,18.8,0,1225
5062,2022-07-08 11:07:00+05:30,18.8,18.8,18.8,18.8,0,1225
5063,2022-07-08 11:08:00+05:30,18.8,18.8,18.8,18.8,0,1225
5064,2022-07-08 11:09:00+05:30,18.8,18.8,18.8,18.8,0,1225
5065,2022-07-08 11:10:00+05:30,18.8,18.8,18.8,18.8,0,1225
5066,2022-07-08 11:11:00+05:30,18.8,18.8,18.8,18.8,0,1225
5067,2022-07-08 11:12:00+05:30,18.8,18.8,18.8,18.8,0,1225
5068,2022-07-08 11:13:00+05:30,18.8,18.8,18.8,18.8,0,1225
5069,2022-07-08 11:14:00+05:30,18.8,18.8,18.8,18.8,0,1225
5070,2022-07-08 11:15:00+05:30,18.8,18.8,18.8,18.8,0,1225
5071,2022-07-08 11:16:00+05:30,18.8,18.8,18.8,18.8,0,1225
5072,2022-07-08 11:17:00+05:30,18.8,18.8,18.8,18.8,0,1225
5073,2022-07-08 11:18:00+05:30,18.8,18.8,18.8,18.8,0,1225
5074,2022-07-08 11:19:00+05:30,18.8,18.8,18.8,18.8,0,1225
5075,2022-07-08 11:20:00+05:30,18.8,18.8,18.8,18.8,0,1225
5076,2022-07-08 11:21:00+05:30,18.8,18.8,18.8,18.8,0,1225
5077,2022-07-08 11:22:00+05:30,18.8,18.8,18.8,18.8,0,1225
5078,2022-07-08 11:23:00+05:30,18.8,18.8,18.8,18.8,0,1225
5079,2022-07-08 11:24:00+05:30,18.8,18.8,18.8,18.8,0,1225
5080,2022-07-08 11:25:00+05:30,18.8,18.8,18.8,18.8,0,1225
5081,2022-07-08 11:26:00+05:30,18.8,18.8,18.8,18.8,0,1225
5082,2022-07-08 11:27:00+05:30,18.8,18.8,18.8,18.8,0,1225
5083,2022-07-08 11:28:00+05:30,18.8,18.8,18.8,18.8,0,1225
5084,2022-07-08 11:29:00+05:30,18.8,18.8,18.8,18.8,0,1225
5085,2022-07-08 11:30:00+05:30,18.8,18.8,18.8,18.8,0,1225
5086,2022-07-08 11:31:00+05:30,18.8,18.8,18.8,18.8,0,1225
5087,2022-07-08 11:32:00+05:30,18.8,18.8,18.8,18.8,0,1225
5088,2022-07-08 11:33:00+05:30,18.8,18.8,18.8,18.8,0,1225
5089,2022-07-08 11:34:00+05:30,18.8,18.8,18.8,18.8,0,1225
5090,2022-07-08 11:35:00+05:30,18.8,18.8,18.8,18.8,0,1225
5091,2022-07-08 11:36:00+05:30,18.8,18.8,18.8,18.8,0,1225
5092,2022-07-08 11:37:00+05:30,18.8,18.8,18.8,18.8,0,1225
5093,2022-07-08 11:38:00+05:30,18.8,18.8,18.8,18.8,0,1225
5094,2022-07-08 11:39:00+05:30,18.8,18.8,18.8,18.8,0,1225
5095,2022-07-08 11:40:00+05:30,18.8,18.8,18.8,18.8,0,1225
5096,2022-07-08 11:41:00+05:30,18.8,18.8,18.8,18.8,0,1225
5097,2022-07-08 11:42:00+05:30,18.8,18.8,18.8,18.8,0,1225
5098,2022-07-08 11:43:00+05:30,18.8,18.8,18.8,18.8,0,1225
5099,2022-07-08 11:44:00+05:30,18.8,18.8,18.8,18.8,0,1225
5100,2022-07-08 11:45:00+05:30,18.8,18.8,18.8,18.8,0,1225
5101,2022-07-08 11:46:00+05:30,18.8,18.8,18.8,18.8,0,1225
5102,2022-07-08 11:47:00+05:30,18.8,18.8,18.8,18.8,0,1225
5103,2022-07-08 11:48:00+05:30,18.8,18.8,18.8,18.8,0,1225
5104,2022-07-08 11:49:00+05:30,18.8,18.8,18.8,18.8,0,1225
5105,2022-07-08 11:50:00+05:30,18.8,18.8,18.8,18.8,0,1225
5106,2022-07-08 11:51:00+05:30,18.8,18.8,18.8,18.8,0,1225
5107,2022-07-08 11:52:00+05:30,18.8,18.8,18.8,18.8,0,1225
5108,2022-07-08 11:53:00+05:30,18.8,18.8,18.8,18.8,0,1225
5109,2022-07-08 11:54:00+05:30,18.8,18.8,18.8,18.8,0,1225
5110,2022-07-08 11:55:00+05:30,18.8,18.8,18.8,18.8,0,1225
5111,2022-07-08 11:56:00+05:30,18.8,18.8,18.8,18.8,0,1225
5112,2022-07-08 11:57:00+05:30,18.8,18.8,18.8,18.8,0,1225
5113,2022-07-08 11:58:00+05:30,18.8,18.8,18.8,18.8,0,1225
5114,2022-07-08 11:59:00+05:30,18.8,18.8,18.8,18.8,0,1225
5115,2022-07-08 12:00:00+05:30,18.8,18.8,18.8,18.8,0,1225
5116,2022-07-08 12:01:00+05:30,18.8,18.8,18.8,18.8,0,1225
5117,2022-07-08 12:02:00+05:30,18.8,18.8,18.8,18.8,0,1225
5118,2022-07-08 12:03:00+05:30,18.8,18.8,18.8,18.8,0,1225
5119,2022-07-08 12:04:00+05:30,18.8,18.8,18.8,18.8,0,1225
5120,2022-07-08 12:05:00+05:30,18.8,18.8,18.8,18.8,0,1225
5121,2022-07-08 12:06:00+05:30,18.8,18.8,18.8,18.8,0,1225
5122,2022-07-08 12:07:00+05:30,18.8,18.8,18.8,18.8,0,1225
5123,2022-07-08 12:08:00+05:30,18.8,18.8,18.8,18.8,0,1225
5124,2022-07-08 12:09:00+05:30,18.8,18.8,18.8,18.8,0,1225
5125,2022-07-08 12:10:00+05:30,18.8,18.8,18.8,18.8,0,1225
5126,2022-07-08 12:11:00+05:30,18.8,18.8,18.8,18.8,0,1225
5127,2022-07-08 12:12:00+05:30,18.8,18.8,18.8,18.8,0,1225
5128,2022-07-08 12:13:00+05:30,18.8,18.8,18.8,18.8,0,1225
5129,2022-07-08 12:14:00+05:30,18.8,18.8,18.8,18.8,0,1225
5130,2022-07-08 12:15:00+05:30,18.8,18.8,18.8,18.8,0,1225
5131,2022-07-08 12:16:00+05:30,18.8,18.8,18.8,18.8,0,1225
5132,2022-07-08 12:17:00+05:30,18.8,18.8,18.8,18.8,0,1225
5133,2022-07-08 12:18:00+05:30,18.8,18.8,18.8,18.8,0,1225
5134,2022-07-08 12:19:00+05:30,18.8,18.8,18.8,18.8,0,1225
5135,2022-07-08 12:20:00+05:30,18.8,18.8,18.8,18.8,0,1225
5136,2022-07-08 12:21:00+05:30,18.8,18.8,18.8,18.8,0,1225
5137,2022-07-08 12:22:00+05:30,18.8,18.8,18.8,18.8,0,1225
5138,2022-07-08 12:23:00+05:30,18.8,18.8,18.8,18.8,0,1225
5139,2022-07-08 12:24:00+05:30,18.8,18.8,18.8,18.8,0,1225
5140,2022-07-08 12:25:00+05:30,18.8,18.8,18.8,18.8,0,1225
5141,2022-07-08 12:26:00+05:30,18.8,18.8,18.8,18.8,0,1225
5142,2022-07-08 12:27:00+05:30,18.8,18.8,18.8,18.8,0,1225
5143,2022-07-08 12:28:00+05:30,18.8,18.8,18.8,18.8,0,1225
5144,2022-07-08 12:29:00+05:30,18.8,18.8,18.8,18.8,0,1225
5145,2022-07-08 12:30:00+05:30,18.8,18.8,18.8,18.8,0,1225
5146,2022-07-08 12:31:00+05:30,18.8,18.8,18.8,18.8,0,1225
5147,2022-07-08 12:32:00+05:30,18.8,18.8,18.8,18.8,0,1225
5148,2022-07-08 12:33:00+05:30,18.8,18.8,18.8,18.8,0,1225
5149,2022-07-08 12:34:00+05:30,18.8,18.8,18.8,18.8,0,1225
5150,2022-07-08 12:35:00+05:30,18.8,18.8,18.8,18.8,0,1225
5151,2022-07-08 12:36:00+05:30,18.8,18.8,18.8,18.8,0,1225
5152,2022-07-08 12:37:00+05:30,18.8,18.8,18.8,18.8,0,1225
5153,2022-07-08 12:38:00+05:30,18.8,18.8,18.8,18.8,0,1225
5154,2022-07-08 12:39:00+05:30,18.8,18.8,18.8,18.8,0,1225
5155,2022-07-08 12:40:00+05:30,18.8,18.8,18.8,18.8,0,1225
5156,2022-07-08 12:41:00+05:30,18.8,18.8,18.8,18.8,0,1225
5157,2022-07-08 12:42:00+05:30,18.8,18.8,18.8,18.8,0,1225
5158,2022-07-08 12:43:00+05:30,18.8,18.8,18.8,18.8,0,1225
5159,2022-07-08 12:44:00+05:30,18.8,18.8,18.8,18.8,0,1225
5160,2022-07-08 12:45:00+05:30,18.8,18.8,18.8,18.8,0,1225
5161,2022-07-08 12:46:00+05:30,18.8,18.8,18.8,18.8,0,1225
5162,2022-07-08 12:47:00+05:30,18.8,18.8,18.8,18.8,0,1225
5163,2022-07-08 12:48:00+05:30,18.8,18.8,18.8,18.8,0,1225
5164,2022-07-08 12:49:00+05:30,18.8,18.8,18.8,18.8,0,1225
5165,2022-07-08 12:50:00+05:30,18.8,18.8,18.8,18.8,0,1225
5166,2022-07-08 12:51:00+05:30,18.8,18.8,18.8,18.8,0,1225
5167,2022-07-08 12:52:00+05:30,18.8,18.8,18.8,18.8,0,1225
5168,2022-07-08 12:53:00+05:30,18.8,18.8,18.8,18.8,0,1225
5169,2022-07-08 12:54:00+05:30,18.8,18.8,18.8,18.8,0,1225
5170,2022-07-08 12:55:00+05:30,18.8,18.8,18.8,18.8,0,1225
5171,2022-07-08 12:56:00+05:30,18.8,18.8,18.8,18.8,0,1225
5172,2022-07-08 12:57:00+05:30,18.8,18.8,18.8,18.8,0,1225
5173,2022-07-08 12:58:00+05:30,18.8,18.8,18.8,18.8,0,1225
5174,2022-07-08 12:59:00+05:30,18.8,18.8,18.8,18.8,0,1225
5175,2022-07-08 13:00:00+05:30,18.8,18.8,18.8,18.8,0,1225
5176,2022-07-08 13:01:00+05:30,18.8,18.8,18.8,18.8,0,1225
5177,2022-07-08 13:02:00+05:30,18.8,18.8,18.8,18.8,0,1225
5178,2022-07-08 13:03:00+05:30,18.8,18.8,18.8,18.8,0,1225
5179,2022-07-08 13:04:00+05:30,18.8,18.8,18.8,18.8,0,1225
5180,2022-07-08 13:05:00+05:30,18.8,18.8,18.8,18.8,0,1225
5181,2022-07-08 13:06:00+05:30,18.8,18.8,18.8,18.8,0,1225
5182,2022-07-08 13:07:00+05:30,18.8,18.8,18.8,18.8,0,1225
5183,2022-07-08 13:08:00+05:30,18.8,18.8,18.8,18.8,0,1225
5184,2022-07-08 13:09:00+05:30,18.8,18.8,18.8,18.8,0,1225
5185,2022-07-08 13:10:00+05:30,18.8,18.8,18.8,18.8,0,1225
5186,2022-07-08 13:11:00+05:30,18.8,18.8,18.8,18.8,0,1225
5187,2022-07-08 13:12:00+05:30,18.8,18.8,18.8,18.8,0,1225
5188,2022-07-08 13:13:00+05:30,18.8,18.8,18.8,18.8,0,1225
5189,2022-07-08 13:14:00+05:30,18.8,18.8,18.8,18.8,0,1225
5190,2022-07-08 13:15:00+05:30,18.8,18.8,18.8,18.8,0,1225
5191,2022-07-08 13:16:00+05:30,18.8,18.8,18.8,18.8,0,1225
5192,2022-07-08 13:17:00+05:30,18.8,18.8,18.8,18.8,0,1225
5193,2022-07-08 13:18:00+05:30,18.8,18.8,18.8,18.8,0,1225
5194,2022-07-08 13:19:00+05:30,18.8,18.8,18.8,18.8,0,1225
5195,2022-07-08 13:20:00+05:30,18.8,18.8,18.8,18.8,0,1225
5196,2022-07-08 13:21:00+05:30,18.8,18.8,18.8,18.8,0,1225
5197,2022-07-08 13:22:00+05:30,18.8,18.8,18.8,18.8,0,1225
5198,2022-07-08 13:23:00+05:30,18.8,18.8,18.8,18.8,0,1225
5199,2022-07-08 13:24:00+05:30,18.8,18.8,18.8,18.8,0,1225
5200,2022-07-08 13:25:00+05:30,18.8,18.8,18.8,18.8,0,1225
5201,2022-07-08 13:27:00+05:30,18.8,18.8,18.8,18.8,0,1225
5202,2022-07-08 13:28:00+05:30,18.8,18.8,18.8,18.8,0,1225
5203,2022-07-08 13:29:00+05:30,18.8,18.8,18.8,18.8,0,1225
5204,2022-07-08 13:30:00+05:30,18.8,18.8,18.8,18.8,0,1225
5205,2022-07-08 13:31:00+05:30,18.8,18.8,18.8,18.8,0,1225
5206,2022-07-08 13:32:00+05:30,18.8,18.8,18.8,18.8,0,1225
5207,2022-07-08 13:33:00+05:30,18.8,18.8,18.8,18.8,0,1225
5208,2022-07-08 13:34:00+05:30,18.8,18.8,18.8,18.8,0,1225
5209,2022-07-08 13:35:00+05:30,18.8,18.8,18.8,18.8,0,1225
5210,2022-07-08 13:36:00+05:30,18.8,18.8,18.8,18.8,0,1225
5211,2022-07-08 13:37:00+05:30,18.8,18.8,18.8,18.8,0,1225
5212,2022-07-08 13:38:00+05:30,18.8,18.8,18.8,18.8,0,1225
5213,2022-07-08 13:39:00+05:30,18.8,18.8,18.8,18.8,0,1225
5214,2022-07-08 13:40:00+05:30,18.8,18.8,18.8,18.8,0,1225
5215,2022-07-08 13:41:00+05:30,18.8,18.8,18.8,18.8,0,1225
5216,2022-07-08 13:42:00+05:30,18.8,18.8,18.8,18.8,0,1225
5217,2022-07-08 13:43:00+05:30,18.8,18.8,18.8,18.8,0,1225
5218,2022-07-08 13:44:00+05:30,18.8,18.8,18.8,18.8,0,1225
5219,2022-07-08 13:45:00+05:30,18.8,18.8,18.8,18.8,0,1225
5220,2022-07-08 13:46:00+05:30,18.8,18.8,18.8,18.8,0,1225
5221,2022-07-08 13:47:00+05:30,18.8,18.8,18.8,18.8,0,1225
5222,2022-07-08 13:48:00+05:30,18.8,18.8,18.8,18.8,0,1225
5223,2022-07-08 13:49:00+05:30,18.8,18.8,18.8,18.8,0,1225
5224,2022-07-08 13:50:00+05:30,18.8,18.8,18.8,18.8,0,1225
5225,2022-07-08 13:51:00+05:30,18.8,18.8,18.8,18.8,0,1225
5226,2022-07-08 13:52:00+05:30,18.8,18.8,18.8,18.8,0,1225
5227,2022-07-08 13:53:00+05:30,18.8,18.8,18.8,18.8,0,1225
5228,2022-07-08 13:54:00+05:30,18.8,18.8,18.8,18.8,0,1225
5229,2022-07-08 13:55:00+05:30,18.8,18.8,18.8,18.8,0,1225
5230,2022-07-08 13:56:00+05:30,18.8,18.8,18.8,18.8,0,1225
5231,2022-07-08 13:57:00+05:30,18.8,18.8,18.8,18.8,0,1225
5232,2022-07-08 13:58:00+05:30,18.8,18.8,18.8,18.8,0,1225
5233,2022-07-08 13:59:00+05:30,18.8,18.8,18.8,18.8,0,1225
5234,2022-07-08 14:00:00+05:30,18.8,18.8,18.8,18.8,0,1225
5235,2022-07-08 14:01:00+05:30,18.8,18.8,18.8,18.8,0,1225
5236,2022-07-08 14:02:00+05:30,18.8,18.8,18.8,18.8,0,1225
5237,2022-07-08 14:03:00+05:30,18.8,18.8,18.8,18.8,0,1225
5238,2022-07-08 14:04:00+05:30,18.8,18.8,18.8,18.8,0,1225
5239,2022-07-08 14:05:00+05:30,18.8,18.8,18.8,18.8,0,1225
5240,2022-07-08 14:06:00+05:30,18.8,18.8,18.8,18.8,0,1225
5241,2022-07-08 14:07:00+05:30,18.8,18.8,18.8,18.8,0,1225
5242,2022-07-08 14:08:00+05:30,18.8,18.8,18.8,18.8,0,1225
5243,2022-07-08 14:09:00+05:30,18.8,18.8,18.8,18.8,0,1225
5244,2022-07-08 14:10:00+05:30,18.8,18.8,18.8,18.8,0,1225
5245,2022-07-08 14:11:00+05:30,18.8,18.8,18.8,18.8,0,1225
5246,2022-07-08 14:12:00+05:30,18.8,18.8,18.8,18.8,0,1225
5247,2022-07-08 14:13:00+05:30,18.8,18.8,18.8,18.8,0,1225
5248,2022-07-08 14:14:00+05:30,18.8,18.8,18.8,18.8,0,1225
5249,2022-07-08 14:15:00+05:30,18.8,18.8,18.8,18.8,0,1225
5250,2022-07-08 14:16:00+05:30,18.8,18.8,18.8,18.8,0,1225
5251,2022-07-08 14:17:00+05:30,18.8,18.8,18.8,18.8,0,1225
5252,2022-07-08 14:18:00+05:30,18.8,18.8,18.8,18.8,0,1225
5253,2022-07-08 14:19:00+05:30,18.8,18.8,18.8,18.8,0,1225
5254,2022-07-08 14:20:00+05:30,18.8,18.8,18.8,18.8,0,1225
5255,2022-07-08 14:21:00+05:30,18.8,18.8,18.8,18.8,0,1225
5256,2022-07-08 14:22:00+05:30,18.8,18.8,18.8,18.8,0,1225
5257,2022-07-08 14:23:00+05:30,18.8,18.8,18.8,18.8,0,1225
5258,2022-07-08 14:24:00+05:30,18.8,18.8,18.8,18.8,0,1225
5259,2022-07-08 14:25:00+05:30,18.8,18.8,18.8,18.8,0,1225
5260,2022-07-08 14:26:00+05:30,18.8,18.8,18.8,18.8,0,1225
5261,2022-07-08 14:27:00+05:30,18.8,18.8,18.8,18.8,0,1225
5262,2022-07-08 14:28:00+05:30,18.8,18.8,18.8,18.8,0,1225
5263,2022-07-08 14:29:00+05:30,18.8,18.8,18.8,18.8,0,1225
5264,2022-07-08 14:30:00+05:30,18.8,18.8,18.8,18.8,0,1225
5265,2022-07-08 14:31:00+05:30,18.8,18.8,18.8,18.8,0,1225
5266,2022-07-08 14:32:00+05:30,18.8,18.8,18.8,18.8,0,1225
5267,2022-07-08 14:33:00+05:30,18.8,18.8,18.8,18.8,0,1225
5268,2022-07-08 14:34:00+05:30,18.8,18.8,18.8,18.8,0,1225
5269,2022-07-08 14:35:00+05:30,18.8,18.8,18.8,18.8,0,1225
5270,2022-07-08 14:36:00+05:30,18.8,18.8,18.8,18.8,0,1225
5271,2022-07-08 14:37:00+05:30,18.8,18.8,18.8,18.8,0,1225
5272,2022-07-08 14:38:00+05:30,18.8,18.8,18.8,18.8,0,1225
5273,2022-07-08 14:39:00+05:30,18.8,18.8,18.8,18.8,0,1225
5274,2022-07-08 14:40:00+05:30,18.8,18.8,18.8,18.8,0,1225
5275,2022-07-08 14:41:00+05:30,18.8,18.8,18.8,18.8,0,1225
5276,2022-07-08 14:42:00+05:30,18.8,18.8,18.8,18.8,0,1225
5277,2022-07-08 14:43:00+05:30,18.8,18.8,18.8,18.8,0,1225
5278,2022-07-08 14:44:00+05:30,18.8,18.8,18.8,18.8,0,1225
5279,2022-07-08 14:45:00+05:30,18.8,18.8,18.8,18.8,0,1225
5280,2022-07-08 14:46:00+05:30,18.8,18.8,18.8,18.8,0,1225
5281,2022-07-08 14:47:00+05:30,18.8,18.8,18.8,18.8,0,1225
5282,2022-07-08 14:48:00+05:30,18.8,18.8,18.8,18.8,0,1225
5283,2022-07-08 14:49:00+05:30,18.8,18.8,18.8,18.8,0,1225
5284,2022-07-08 14:50:00+05:30,18.8,18.8,18.8,18.8,0,1225
5285,2022-07-08 14:51:00+05:30,18.8,18.8,18.8,18.8,0,1225
5286,2022-07-08 14:52:00+05:30,18.8,18.8,18.8,18.8,0,1225
5287,2022-07-08 14:53:00+05:30,18.8,18.8,18.8,18.8,0,1225
5288,2022-07-08 14:54:00+05:30,18.8,18.8,18.8,18.8,0,1225
5289,2022-07-08 14:55:00+05:30,18.8,18.8,18.8,18.8,0,1225
5290,2022-07-08 14:56:00+05:30,18.8,18.8,18.8,18.8,0,1225
5291,2022-07-08 14:57:00+05:30,18.8,18.8,18.8,18.8,0,1225
5292,2022-07-08 14:58:00+05:30,18.8,18.8,18.8,18.8,0,1225
5293,2022-07-08 14:59:00+05:30,18.8,18.8,18.8,18.8,0,1225
5294,2022-07-08 15:00:00+05:30,18.8,18.8,18.8,18.8,0,1225
5295,2022-07-08 15:01:00+05:30,18.8,18.8,18.8,18.8,0,1225
5296,2022-07-08 15:02:00+05:30,18.8,18.8,18.8,18.8,0,1225
5297,2022-07-08 15:03:00+05:30,18.8,18.8,18.8,18.8,0,1225
5298,2022-07-08 15:04:00+05:30,18.8,18.8,18.8,18.8,0,1225
5299,2022-07-08 15:05:00+05:30,18.8,18.8,18.8,18.8,0,1225
5300,2022-07-08 15:06:00+05:30,18.8,18.8,18.8,18.8,0,1225
5301,2022-07-08 15:07:00+05:30,18.8,18.8,18.8,18.8,0,1225
5302,2022-07-08 15:08:00+05:30,18.8,18.8,18.8,18.8,0,1225
5303,2022-07-08 15:09:00+05:30,18.8,18.8,18.8,18.8,0,1225
5304,2022-07-08 15:10:00+05:30,18.8,18.8,18.8,18.8,0,1225
5305,2022-07-08 15:11:00+05:30,18.8,18.8,18.8,18.8,0,1225
5306,2022-07-08 15:12:00+05:30,18.8,18.8,18.8,18.8,0,1225
5307,2022-07-08 15:13:00+05:30,18.8,18.8,18.8,18.8,0,1225
5308,2022-07-08 15:14:00+05:30,18.8,18.8,18.8,18.8,0,1225
5309,2022-07-08 15:15:00+05:30,18.8,18.8,18.8,18.8,0,1225
5310,2022-07-08 15:16:00+05:30,18.8,18.8,18.8,18.8,0,1225
5311,2022-07-08 15:17:00+05:30,18.8,18.8,18.8,18.8,0,1225
5312,2022-07-08 15:18:00+05:30,18.8,18.8,18.8,18.8,0,1225
5313,2022-07-08 15:19:00+05:30,18.8,18.8,18.8,18.8,0,1225
5314,2022-07-08 15:20:00+05:30,18.8,18.8,18.8,18.8,0,1225
5315,2022-07-08 15:21:00+05:30,18.8,18.8,18.8,18.8,0,1225
5316,2022-07-08 15:22:00+05:30,18.8,18.8,18.8,18.8,0,1225
5317,2022-07-08 15:23:00+05:30,18.8,18.8,18.8,18.8,0,1225
5318,2022-07-08 15:24:00+05:30,18.8,18.8,18.8,18.8,0,1225
5319,2022-07-08 15:25:00+05:30,18.8,18.8,18.8,18.8,0,1225
5320,2022-07-08 15:26:00+05:30,18.8,18.8,18.8,18.8,0,1225
5321,2022-07-08 15:27:00+05:30,18.8,18.8,18.8,18.8,0,1225
5322,2022-07-08 15:28:00+05:30,18.8,18.8,18.8,18.8,0,1225
5323,2022-07-08 15:29:00+05:30,18.8,18.8,18.8,18.8,0,1225
5324,2022-07-11 09:15:00+05:30,22.8,22.8,22.8,22.8,0,0
5325,2022-07-11 09:16:00+05:30,22.8,22.8,22.8,22.8,0,1225
5326,2022-07-11 09:17:00+05:30,22.8,22.8,22.8,22.8,0,1225
5327,2022-07-11 09:18:00+05:30,22.8,22.8,22.8,22.8,0,1225
5328,2022-07-11 09:19:00+05:30,22.8,22.8,22.8,22.8,0,1225
5329,2022-07-11 09:20:00+05:30,22.8,22.8,22.8,22.8,0,1225
5330,2022-07-11 09:22:00+05:30,22.8,22.8,22.8,22.8,0,1225
5331,2022-07-11 09:23:00+05:30,22.8,22.8,22.8,22.8,0,1225
5332,2022-07-11 09:24:00+05:30,22.8,22.8,22.8,22.8,0,1225
5333,2022-07-11 09:25:00+05:30,22.8,22.8,22.8,22.8,0,1225
5334,2022-07-11 09:26:00+05:30,22.8,22.8,22.8,22.8,0,1225
5335,2022-07-11 09:27:00+05:30,22.8,22.8,22.8,22.8,0,1225
5336,2022-07-11 09:28:00+05:30,22.8,22.8,22.8,22.8,0,1225
5337,2022-07-11 09:29:00+05:30,22.8,22.8,22.8,22.8,0,1225
5338,2022-07-11 09:30:00+05:30,22.8,22.8,22.8,22.8,0,1225
5339,2022-07-11 09:31:00+05:30,22.8,22.8,22.8,22.8,0,1225
5340,2022-07-11 09:32:00+05:30,22.8,22.8,22.8,22.8,0,1225
5341,2022-07-11 09:33:00+05:30,22.8,22.8,22.8,22.8,0,1225
5342,2022-07-11 09:34:00+05:30,22.8,22.8,22.8,22.8,0,1225
5343,2022-07-11 09:35:00+05:30,22.8,22.8,22.8,22.8,0,1225
5344,2022-07-11 09:36:00+05:30,22.8,22.8,22.8,22.8,0,1225
5345,2022-07-11 09:37:00+05:30,22.8,22.8,22.8,22.8,0,1225
5346,2022-07-11 09:38:00+05:30,22.8,22.8,22.8,22.8,0,1225
5347,2022-07-11 09:39:00+05:30,22.8,22.8,22.8,22.8,0,1225
5348,2022-07-11 09:40:00+05:30,22.8,22.8,16.05,17.15,25,1250
5349,2022-07-11 09:41:00+05:30,17.15,17.15,17.15,17.15,225,1250
5350,2022-07-11 09:42:00+05:30,16.95,16.95,16.95,16.95,25,1300
5351,2022-07-11 09:43:00+05:30,16.95,16.95,16.95,16.95,0,1300
5352,2022-07-11 09:44:00+05:30,17.05,17.05,17.0,17.0,75,1375
5353,2022-07-11 09:45:00+05:30,17.0,17.05,17.0,17.05,300,1375
5354,2022-07-11 09:46:00+05:30,17.05,17.05,17.05,17.05,0,1375
5355,2022-07-11 09:47:00+05:30,17.05,17.05,17.05,17.05,0,1375
5356,2022-07-11 09:48:00+05:30,17.05,17.05,17.05,17.05,0,1375
5357,2022-07-11 09:49:00+05:30,17.05,17.05,17.05,17.05,0,1375
5358,2022-07-11 09:50:00+05:30,17.05,17.05,17.05,17.05,0,1375
5359,2022-07-11 09:51:00+05:30,17.05,17.05,17.05,17.05,0,1375
5360,2022-07-11 09:52:00+05:30,17.05,17.05,17.05,17.05,0,1375
5361,2022-07-11 09:53:00+05:30,17.05,17.05,17.05,17.05,0,1375
5362,2022-07-11 09:54:00+05:30,17.05,17.05,17.05,17.05,0,1375
5363,2022-07-11 09:55:00+05:30,17.05,17.05,17.05,17.05,0,1375
5364,2022-07-11 09:56:00+05:30,17.05,17.05,16.75,16.75,25,1525
5365,2022-07-11 09:57:00+05:30,16.75,16.75,16.75,16.75,0,1525
5366,2022-07-11 09:58:00+05:30,16.75,16.75,16.75,16.75,0,1525
5367,2022-07-11 09:59:00+05:30,16.75,16.75,16.75,16.75,0,1525
5368,2022-07-11 10:00:00+05:30,16.75,16.75,16.75,16.75,0,1525
5369,2022-07-11 10:01:00+05:30,16.75,16.75,16.75,16.75,0,1525
5370,2022-07-11 10:02:00+05:30,16.75,16.75,16.75,16.75,0,1525
5371,2022-07-11 10:03:00+05:30,16.75,16.75,16.75,16.75,0,1525
5372,2022-07-11 10:04:00+05:30,16.75,16.75,16.75,16.75,0,1525
5373,2022-07-11 10:05:00+05:30,16.75,16.75,16.75,16.75,0,1525
5374,2022-07-11 10:06:00+05:30,16.75,16.75,16.2,16.2,25,1525
5375,2022-07-11 10:07:00+05:30,16.2,16.2,16.15,16.15,25,1525
5376,2022-07-11 10:08:00+05:30,16.15,16.15,16.15,16.15,0,1525
5377,2022-07-11 10:09:00+05:30,16.15,16.15,16.15,16.15,0,1525
5378,2022-07-11 10:10:00+05:30,16.15,16.15,16.15,16.15,0,1525
5379,2022-07-11 10:11:00+05:30,16.15,16.15,16.15,16.15,0,1525
5380,2022-07-11 10:12:00+05:30,16.15,16.15,16.15,16.15,0,1525
5381,2022-07-11 10:13:00+05:30,16.15,16.15,16.15,16.15,0,1525
5382,2022-07-11 10:14:00+05:30,16.15,16.15,16.15,16.15,0,1525
5383,2022-07-11 10:15:00+05:30,16.15,16.15,16.15,16.15,0,1525
5384,2022-07-11 10:16:00+05:30,16.15,16.15,16.1,16.1,25,1525
5385,2022-07-11 10:17:00+05:30,16.1,16.1,16.1,16.1,0,1525
5386,2022-07-11 10:18:00+05:30,16.1,16.1,16.1,16.1,0,1525
5387,2022-07-11 10:19:00+05:30,16.1,16.1,16.1,16.1,0,1525
5388,2022-07-11 10:20:00+05:30,16.1,16.1,16.1,16.1,0,1525
5389,2022-07-11 10:21:00+05:30,16.1,16.1,16.1,16.1,0,1525
5390,2022-07-11 10:22:00+05:30,16.1,16.1,16.1,16.1,0,1525
5391,2022-07-11 10:23:00+05:30,16.1,16.1,16.1,16.1,0,1525
5392,2022-07-11 10:24:00+05:30,16.1,16.1,16.1,16.1,0,1525
5393,2022-07-11 10:25:00+05:30,16.1,16.1,16.1,16.1,0,1525
5394,2022-07-11 10:26:00+05:30,16.1,16.1,16.1,16.1,0,1525
5395,2022-07-11 10:27:00+05:30,16.1,16.1,16.1,16.1,0,1525
5396,2022-07-11 10:28:00+05:30,16.1,16.1,16.1,16.1,0,1525
5397,2022-07-11 10:29:00+05:30,16.1,16.1,16.1,16.1,0,1525
5398,2022-07-11 10:30:00+05:30,16.1,16.1,16.1,16.1,0,1525
5399,2022-07-11 10:31:00+05:30,16.1,16.1,16.1,16.1,0,1525
5400,2022-07-11 10:32:00+05:30,16.1,16.1,16.1,16.1,0,1525
5401,2022-07-11 10:33:00+05:30,16.1,16.1,16.1,16.1,0,1525
5402,2022-07-11 10:34:00+05:30,16.1,16.1,16.1,16.1,0,1525
5403,2022-07-11 10:35:00+05:30,16.1,16.1,16.1,16.1,0,1525
5404,2022-07-11 10:36:00+05:30,16.1,16.1,16.1,16.1,0,1525
5405,2022-07-11 10:37:00+05:30,16.1,16.1,16.1,16.1,0,1525
5406,2022-07-11 10:38:00+05:30,16.1,16.1,16.1,16.1,0,1525
5407,2022-07-11 10:39:00+05:30,16.1,16.1,16.1,16.1,0,1525
5408,2022-07-11 10:40:00+05:30,16.1,16.1,16.1,16.1,0,1525
5409,2022-07-11 10:41:00+05:30,16.1,16.1,16.1,16.1,0,1525
5410,2022-07-11 10:42:00+05:30,16.1,16.1,16.1,16.1,0,1525
5411,2022-07-11 10:43:00+05:30,16.1,16.1,16.1,16.1,0,1525
5412,2022-07-11 10:44:00+05:30,16.1,16.1,16.05,16.05,25,1550
5413,2022-07-11 10:45:00+05:30,16.3,16.3,16.3,16.3,25,1550
5414,2022-07-11 10:46:00+05:30,16.3,16.3,16.3,16.3,0,1550
5415,2022-07-11 10:47:00+05:30,16.3,16.3,16.3,16.3,0,1550
5416,2022-07-11 10:48:00+05:30,16.3,16.3,16.3,16.3,0,1550
5417,2022-07-11 10:49:00+05:30,16.3,16.3,16.3,16.3,0,1550
5418,2022-07-11 10:50:00+05:30,16.3,16.3,16.3,16.3,0,1550
5419,2022-07-11 10:51:00+05:30,16.3,16.3,16.3,16.3,0,1550
5420,2022-07-11 10:52:00+05:30,16.3,16.3,16.3,16.3,0,1550
5421,2022-07-11 10:53:00+05:30,16.3,16.3,16.3,16.3,0,1550
5422,2022-07-11 10:54:00+05:30,16.3,16.3,16.3,16.3,0,1550
5423,2022-07-11 10:55:00+05:30,16.3,16.3,16.3,16.3,0,1550
5424,2022-07-11 10:56:00+05:30,16.3,16.3,16.3,16.3,0,1550
5425,2022-07-11 10:57:00+05:30,16.3,16.3,16.3,16.3,0,1550
5426,2022-07-11 10:58:00+05:30,16.3,16.3,16.3,16.3,0,1550
5427,2022-07-11 10:59:00+05:30,16.3,16.3,16.3,16.3,0,1550
5428,2022-07-11 11:00:00+05:30,16.3,16.3,16.3,16.3,0,1550
5429,2022-07-11 11:01:00+05:30,16.3,16.3,16.3,16.3,0,1550
5430,2022-07-11 11:02:00+05:30,16.3,16.3,16.3,16.3,0,1550
5431,2022-07-11 11:03:00+05:30,16.3,16.3,16.3,16.3,0,1550
5432,2022-07-11 11:04:00+05:30,16.3,16.3,16.3,16.3,0,1550
5433,2022-07-11 11:05:00+05:30,16.3,16.3,16.3,16.3,0,1550
5434,2022-07-11 11:06:00+05:30,16.3,16.3,16.3,16.3,0,1550
5435,2022-07-11 11:07:00+05:30,16.3,16.3,16.3,16.3,0,1550
5436,2022-07-11 11:08:00+05:30,16.3,16.3,16.3,16.3,0,1550
5437,2022-07-11 11:09:00+05:30,16.3,16.3,16.3,16.3,0,1550
5438,2022-07-11 11:10:00+05:30,16.3,16.3,16.3,16.3,0,1550
5439,2022-07-11 11:11:00+05:30,16.3,16.3,16.3,16.3,0,1550
5440,2022-07-11 11:12:00+05:30,16.3,16.3,16.3,16.3,0,1550
5441,2022-07-11 11:13:00+05:30,16.3,16.3,16.3,16.3,0,1550
5442,2022-07-11 11:14:00+05:30,16.3,16.3,16.3,16.3,0,1550
5443,2022-07-11 11:15:00+05:30,16.3,16.3,16.3,16.3,0,1550
5444,2022-07-11 11:16:00+05:30,16.3,16.3,16.3,16.3,0,1550
5445,2022-07-11 11:17:00+05:30,16.3,16.3,16.3,16.3,0,1550
5446,2022-07-11 11:18:00+05:30,16.3,16.3,16.3,16.3,0,1550
5447,2022-07-11 11:19:00+05:30,16.3,16.3,16.3,16.3,0,1550
5448,2022-07-11 11:20:00+05:30,16.3,16.3,16.3,16.3,0,1550
5449,2022-07-11 11:21:00+05:30,16.3,16.3,16.3,16.3,0,1550
5450,2022-07-11 11:22:00+05:30,16.3,16.3,16.3,16.3,0,1550
5451,2022-07-11 11:23:00+05:30,16.3,16.3,16.3,16.3,0,1550
5452,2022-07-11 11:24:00+05:30,16.3,16.3,16.3,16.3,0,1550
5453,2022-07-11 11:25:00+05:30,16.3,16.3,16.3,16.3,0,1550
5454,2022-07-11 11:26:00+05:30,16.3,16.3,16.3,16.3,0,1550
5455,2022-07-11 11:27:00+05:30,16.3,16.3,16.3,16.3,0,1550
5456,2022-07-11 11:28:00+05:30,16.3,16.3,16.3,16.3,0,1550
5457,2022-07-11 11:29:00+05:30,16.3,16.3,16.3,16.3,0,1550
5458,2022-07-11 11:30:00+05:30,16.3,16.3,16.3,16.3,0,1550
5459,2022-07-11 11:31:00+05:30,16.3,16.3,16.3,16.3,0,1550
5460,2022-07-11 11:32:00+05:30,16.3,16.3,16.3,16.3,0,1550
5461,2022-07-11 11:33:00+05:30,16.3,16.3,16.3,16.3,0,1550
5462,2022-07-11 11:34:00+05:30,16.3,16.3,16.3,16.3,0,1550
5463,2022-07-11 11:35:00+05:30,16.3,16.3,16.3,16.3,0,1550
5464,2022-07-11 11:36:00+05:30,16.3,16.3,16.3,16.3,0,1550
5465,2022-07-11 11:37:00+05:30,16.3,16.3,16.3,16.3,0,1550
5466,2022-07-11 11:38:00+05:30,16.3,16.3,16.3,16.3,0,1550
5467,2022-07-11 11:39:00+05:30,16.3,16.3,16.3,16.3,0,1550
5468,2022-07-11 11:40:00+05:30,16.3,16.3,16.3,16.3,0,1550
5469,2022-07-11 11:41:00+05:30,16.3,16.3,16.3,16.3,0,1550
5470,2022-07-11 11:42:00+05:30,16.3,16.3,16.3,16.3,0,1550
5471,2022-07-11 11:43:00+05:30,16.3,16.3,16.3,16.3,0,1550
5472,2022-07-11 11:44:00+05:30,16.3,16.3,16.3,16.3,0,1550
5473,2022-07-11 11:45:00+05:30,16.3,16.3,16.3,16.3,0,1550
5474,2022-07-11 11:46:00+05:30,16.3,16.3,16.3,16.3,0,1550
5475,2022-07-11 11:47:00+05:30,16.3,16.3,16.3,16.3,0,1550
5476,2022-07-11 11:48:00+05:30,16.3,16.3,16.3,16.3,0,1550
5477,2022-07-11 11:49:00+05:30,16.3,16.3,16.3,16.3,0,1550
5478,2022-07-11 11:50:00+05:30,16.3,16.3,16.3,16.3,0,1550
5479,2022-07-11 11:51:00+05:30,16.3,16.3,16.3,16.3,0,1550
5480,2022-07-11 11:52:00+05:30,16.3,16.3,16.3,16.3,0,1550
5481,2022-07-11 11:53:00+05:30,16.3,16.3,16.3,16.3,0,1550
5482,2022-07-11 11:54:00+05:30,16.3,16.3,16.3,16.3,0,1550
5483,2022-07-11 11:55:00+05:30,16.3,16.3,16.3,16.3,0,1550
5484,2022-07-11 11:56:00+05:30,16.3,16.3,16.3,16.3,0,1550
5485,2022-07-11 11:57:00+05:30,16.3,16.3,16.3,16.3,0,1550
5486,2022-07-11 11:58:00+05:30,16.3,16.3,16.3,16.3,0,1550
5487,2022-07-11 11:59:00+05:30,16.3,16.3,16.3,16.3,0,1550
5488,2022-07-11 12:00:00+05:30,16.3,16.3,16.3,16.3,0,1550
5489,2022-07-11 12:01:00+05:30,16.3,16.3,16.3,16.3,0,1550
5490,2022-07-11 12:02:00+05:30,16.3,16.3,16.3,16.3,0,1550
5491,2022-07-11 12:03:00+05:30,16.3,16.3,16.3,16.3,0,1550
5492,2022-07-11 12:04:00+05:30,16.3,16.3,16.3,16.3,0,1550
5493,2022-07-11 12:05:00+05:30,16.3,16.3,16.3,16.3,0,1550
5494,2022-07-11 12:06:00+05:30,16.3,16.3,16.3,16.3,0,1550
5495,2022-07-11 12:08:00+05:30,16.3,16.3,16.3,16.3,0,1550
5496,2022-07-11 12:09:00+05:30,16.3,16.3,16.3,16.3,0,1550
5497,2022-07-11 12:10:00+05:30,16.3,16.3,16.3,16.3,0,1550
5498,2022-07-11 12:11:00+05:30,16.3,16.3,16.3,16.3,0,1550
5499,2022-07-11 12:12:00+05:30,16.3,16.3,16.3,16.3,0,1550
5500,2022-07-11 12:13:00+05:30,16.3,16.3,16.3,16.3,0,1550
5501,2022-07-11 12:14:00+05:30,16.3,16.3,16.3,16.3,0,1550
5502,2022-07-11 12:15:00+05:30,16.3,16.3,16.3,16.3,0,1550
5503,2022-07-11 12:16:00+05:30,16.3,16.3,16.3,16.3,0,1550
5504,2022-07-11 12:17:00+05:30,16.3,16.3,16.3,16.3,0,1550
5505,2022-07-11 12:18:00+05:30,16.3,16.3,16.3,16.3,0,1550
5506,2022-07-11 12:19:00+05:30,16.3,16.3,16.3,16.3,0,1550
5507,2022-07-11 12:20:00+05:30,16.3,16.3,16.3,16.3,0,1550
5508,2022-07-11 12:21:00+05:30,16.3,16.3,16.3,16.3,0,1550
5509,2022-07-11 12:22:00+05:30,16.3,16.3,16.3,16.3,0,1550
5510,2022-07-11 12:25:00+05:30,16.3,16.3,16.3,16.3,0,1550
5511,2022-07-11 12:26:00+05:30,16.3,16.3,16.3,16.3,0,1550
5512,2022-07-11 12:28:00+05:30,16.3,16.3,16.3,16.3,0,1550
5513,2022-07-11 12:29:00+05:30,16.3,16.3,16.3,16.3,0,1550
5514,2022-07-11 12:30:00+05:30,16.3,16.3,16.3,16.3,0,1550
5515,2022-07-11 12:31:00+05:30,16.3,16.3,16.3,16.3,0,1550
5516,2022-07-11 12:32:00+05:30,16.3,16.3,16.3,16.3,0,1550
5517,2022-07-11 12:33:00+05:30,16.3,16.3,16.3,16.3,0,1550
5518,2022-07-11 12:34:00+05:30,16.3,16.3,16.3,16.3,0,1550
5519,2022-07-11 12:35:00+05:30,16.3,16.3,16.3,16.3,0,1550
5520,2022-07-11 12:36:00+05:30,16.3,16.3,16.3,16.3,0,1550
5521,2022-07-11 12:37:00+05:30,16.3,16.3,16.3,16.3,0,1550
5522,2022-07-11 12:38:00+05:30,16.3,16.3,16.3,16.3,0,1550
5523,2022-07-11 12:39:00+05:30,16.3,16.3,16.3,16.3,0,1550
5524,2022-07-11 12:40:00+05:30,16.3,16.3,16.3,16.3,0,1550
5525,2022-07-11 12:41:00+05:30,16.3,16.3,16.3,16.3,0,1550
5526,2022-07-11 12:42:00+05:30,16.3,16.3,16.3,16.3,0,1550
5527,2022-07-11 12:43:00+05:30,16.3,16.3,16.3,16.3,0,1550
5528,2022-07-11 12:44:00+05:30,16.3,16.3,16.3,16.3,0,1550
5529,2022-07-11 12:45:00+05:30,16.3,16.3,16.3,16.3,0,1550
5530,2022-07-11 12:46:00+05:30,16.3,16.3,16.3,16.3,0,1550
5531,2022-07-11 12:47:00+05:30,16.3,16.3,16.3,16.3,0,1550
5532,2022-07-11 12:48:00+05:30,16.3,16.3,16.3,16.3,0,1550
5533,2022-07-11 12:49:00+05:30,16.3,16.3,16.3,16.3,0,1550
5534,2022-07-11 12:50:00+05:30,16.3,16.3,16.3,16.3,0,1550
5535,2022-07-11 12:51:00+05:30,16.3,16.3,16.3,16.3,0,1550
5536,2022-07-11 12:52:00+05:30,16.3,16.3,16.3,16.3,0,1550
5537,2022-07-11 12:53:00+05:30,16.3,16.3,16.3,16.3,0,1550
5538,2022-07-11 12:54:00+05:30,16.3,16.3,16.3,16.3,0,1550
5539,2022-07-11 12:55:00+05:30,16.3,16.3,16.3,16.3,0,1550
5540,2022-07-11 12:56:00+05:30,16.3,16.3,16.3,16.3,0,1550
5541,2022-07-11 12:57:00+05:30,16.3,16.3,16.3,16.3,0,1550
5542,2022-07-11 12:58:00+05:30,16.3,16.3,16.3,16.3,0,1550
5543,2022-07-11 12:59:00+05:30,16.3,16.3,16.3,16.3,0,1550
5544,2022-07-11 13:00:00+05:30,16.3,16.3,16.3,16.3,0,1550
5545,2022-07-11 13:01:00+05:30,16.3,16.3,16.3,16.3,0,1550
5546,2022-07-11 13:02:00+05:30,16.3,16.3,16.3,16.3,0,1550
5547,2022-07-11 13:03:00+05:30,16.3,16.3,16.3,16.3,0,1550
5548,2022-07-11 13:04:00+05:30,16.3,16.3,16.3,16.3,0,1550
5549,2022-07-11 13:05:00+05:30,16.3,16.3,16.3,16.3,0,1550
5550,2022-07-11 13:06:00+05:30,16.3,16.3,16.3,16.3,0,1550
5551,2022-07-11 13:07:00+05:30,16.3,16.3,16.3,16.3,0,1550
5552,2022-07-11 13:08:00+05:30,16.3,16.3,16.3,16.3,0,1550
5553,2022-07-11 13:09:00+05:30,16.3,16.3,16.3,16.3,0,1550
5554,2022-07-11 13:10:00+05:30,16.3,16.3,16.3,16.3,0,1550
5555,2022-07-11 13:11:00+05:30,16.3,16.3,16.3,16.3,0,1550
5556,2022-07-11 13:12:00+05:30,16.3,16.3,16.3,16.3,0,1550
5557,2022-07-11 13:13:00+05:30,16.3,16.3,16.3,16.3,0,1550
5558,2022-07-11 13:14:00+05:30,16.3,16.3,16.3,16.3,0,1550
5559,2022-07-11 13:15:00+05:30,16.3,16.3,16.3,16.3,0,1550
5560,2022-07-11 13:16:00+05:30,16.3,16.3,16.3,16.3,0,1550
5561,2022-07-11 13:17:00+05:30,16.3,16.3,16.3,16.3,0,1550
5562,2022-07-11 13:18:00+05:30,16.3,16.3,16.3,16.3,0,1550
5563,2022-07-11 13:19:00+05:30,16.3,16.3,16.3,16.3,0,1550
5564,2022-07-11 13:20:00+05:30,16.3,16.3,16.3,16.3,0,1550
5565,2022-07-11 13:21:00+05:30,16.3,16.3,16.3,16.3,0,1550
5566,2022-07-11 13:22:00+05:30,16.3,16.3,16.3,16.3,0,1550
5567,2022-07-11 13:23:00+05:30,16.3,16.3,16.3,16.3,0,1550
5568,2022-07-11 13:24:00+05:30,16.3,16.3,16.3,16.3,0,1550
5569,2022-07-11 13:25:00+05:30,16.3,16.3,16.3,16.3,0,1550
5570,2022-07-11 13:26:00+05:30,16.3,16.3,16.3,16.3,0,1550
5571,2022-07-11 13:27:00+05:30,16.3,16.3,16.3,16.3,0,1550
5572,2022-07-11 13:28:00+05:30,16.3,16.3,16.3,16.3,0,1550
5573,2022-07-11 13:29:00+05:30,16.3,16.3,16.3,16.3,0,1550
5574,2022-07-11 13:30:00+05:30,16.3,16.3,16.3,16.3,0,1550
5575,2022-07-11 13:31:00+05:30,16.3,16.3,16.3,16.3,0,1550
5576,2022-07-11 13:32:00+05:30,16.3,16.3,16.3,16.3,0,1550
5577,2022-07-11 13:33:00+05:30,16.3,16.3,16.3,16.3,0,1550
5578,2022-07-11 13:34:00+05:30,16.3,16.3,16.3,16.3,0,1550
5579,2022-07-11 13:35:00+05:30,16.3,16.3,16.3,16.3,0,1550
5580,2022-07-11 13:36:00+05:30,16.3,16.3,16.3,16.3,0,1550
5581,2022-07-11 13:37:00+05:30,16.3,16.3,16.3,16.3,0,1550
5582,2022-07-11 13:38:00+05:30,16.3,16.3,16.3,16.3,0,1550
5583,2022-07-11 13:39:00+05:30,16.3,16.3,16.3,16.3,0,1550
5584,2022-07-11 13:40:00+05:30,16.3,16.3,16.3,16.3,0,1550
5585,2022-07-11 13:41:00+05:30,16.3,16.3,16.3,16.3,0,1550
5586,2022-07-11 13:42:00+05:30,16.3,16.3,16.3,16.3,0,1550
5587,2022-07-11 13:43:00+05:30,16.3,16.3,16.3,16.3,0,1550
5588,2022-07-11 13:44:00+05:30,16.3,16.3,16.3,16.3,0,1550
5589,2022-07-11 13:45:00+05:30,16.3,16.3,16.3,16.3,0,1550
5590,2022-07-11 13:46:00+05:30,16.3,16.3,16.3,16.3,0,1550
5591,2022-07-11 13:47:00+05:30,16.3,16.3,16.3,16.3,0,1550
5592,2022-07-11 13:48:00+05:30,16.3,16.3,16.3,16.3,0,1550
5593,2022-07-11 13:49:00+05:30,16.3,16.3,16.3,16.3,0,1550
5594,2022-07-11 13:50:00+05:30,16.3,16.3,16.3,16.3,0,1550
5595,2022-07-11 13:51:00+05:30,16.3,16.3,16.3,16.3,0,1550
5596,2022-07-11 13:52:00+05:30,16.3,16.3,16.3,16.3,0,1550
5597,2022-07-11 13:53:00+05:30,16.3,16.3,16.3,16.3,0,1550
5598,2022-07-11 13:54:00+05:30,16.3,16.3,16.3,16.3,0,1550
5599,2022-07-11 13:55:00+05:30,16.3,16.3,16.3,16.3,0,1550
5600,2022-07-11 13:56:00+05:30,16.3,16.3,16.3,16.3,0,1550
5601,2022-07-11 13:57:00+05:30,16.3,16.3,16.3,16.3,0,1550
5602,2022-07-11 13:58:00+05:30,16.3,16.3,16.3,16.3,0,1550
5603,2022-07-11 13:59:00+05:30,16.3,16.3,16.3,16.3,0,1550
5604,2022-07-11 14:00:00+05:30,16.3,16.3,16.3,16.3,0,1550
5605,2022-07-11 14:01:00+05:30,16.3,16.3,16.3,16.3,0,1550
5606,2022-07-11 14:02:00+05:30,16.3,16.3,16.3,16.3,0,1550
5607,2022-07-11 14:03:00+05:30,16.3,16.3,16.3,16.3,0,1550
5608,2022-07-11 14:04:00+05:30,16.3,16.3,16.3,16.3,0,1550
5609,2022-07-11 14:05:00+05:30,16.3,16.3,16.3,16.3,0,1550
5610,2022-07-11 14:06:00+05:30,16.3,16.3,16.3,16.3,0,1550
5611,2022-07-11 14:07:00+05:30,16.3,16.3,16.3,16.3,0,1550
5612,2022-07-11 14:08:00+05:30,16.3,16.3,16.3,16.3,0,1550
5613,2022-07-11 14:09:00+05:30,16.3,16.3,16.3,16.3,0,1550
5614,2022-07-11 14:10:00+05:30,16.3,16.3,16.3,16.3,0,1550
5615,2022-07-11 14:11:00+05:30,16.3,16.3,16.3,16.3,0,1550
5616,2022-07-11 14:12:00+05:30,16.3,16.3,16.3,16.3,0,1550
5617,2022-07-11 14:13:00+05:30,16.3,16.3,16.3,16.3,0,1550
5618,2022-07-11 14:14:00+05:30,16.3,16.3,16.3,16.3,0,1550
5619,2022-07-11 14:15:00+05:30,16.3,16.3,16.3,16.3,0,1550
5620,2022-07-11 14:16:00+05:30,16.3,16.3,16.3,16.3,0,1550
5621,2022-07-11 14:17:00+05:30,16.3,16.3,16.3,16.3,0,1550
5622,2022-07-11 14:18:00+05:30,16.3,16.3,16.3,16.3,0,1550
5623,2022-07-11 14:19:00+05:30,16.3,16.3,16.3,16.3,0,1550
5624,2022-07-11 14:20:00+05:30,16.3,16.3,16.3,16.3,0,1550
5625,2022-07-11 14:21:00+05:30,16.3,16.3,16.3,16.3,0,1550
5626,2022-07-11 14:22:00+05:30,16.3,16.3,16.3,16.3,0,1550
5627,2022-07-11 14:23:00+05:30,16.3,16.3,16.3,16.3,0,1550
5628,2022-07-11 14:24:00+05:30,16.3,16.3,16.3,16.3,0,1550
5629,2022-07-11 14:25:00+05:30,16.3,16.3,16.3,16.3,0,1550
5630,2022-07-11 14:26:00+05:30,16.3,16.3,16.3,16.3,0,1550
5631,2022-07-11 14:27:00+05:30,16.3,16.3,16.3,16.3,0,1550
5632,2022-07-11 14:28:00+05:30,16.3,16.3,16.3,16.3,0,1550
5633,2022-07-11 14:29:00+05:30,16.3,16.3,16.3,16.3,0,1550
5634,2022-07-11 14:30:00+05:30,16.3,16.3,16.3,16.3,0,1550
5635,2022-07-11 14:31:00+05:30,16.3,16.3,16.3,16.3,0,1550
5636,2022-07-11 14:32:00+05:30,16.3,16.3,16.3,16.3,0,1550
5637,2022-07-11 14:33:00+05:30,16.3,16.3,16.3,16.3,0,1550
5638,2022-07-11 14:34:00+05:30,16.3,16.3,16.3,16.3,0,1550
5639,2022-07-11 14:35:00+05:30,16.3,16.3,16.3,16.3,0,1550
5640,2022-07-11 14:36:00+05:30,16.3,16.3,16.3,16.3,0,1550
5641,2022-07-11 14:37:00+05:30,16.3,16.3,16.3,16.3,0,1550
5642,2022-07-11 14:38:00+05:30,16.3,16.3,16.3,16.3,0,1550
5643,2022-07-11 14:39:00+05:30,16.3,16.3,16.3,16.3,0,1550
5644,2022-07-11 14:40:00+05:30,16.3,16.3,16.3,16.3,0,1550
5645,2022-07-11 14:41:00+05:30,16.3,16.3,16.3,16.3,0,1550
5646,2022-07-11 14:42:00+05:30,16.3,16.3,16.3,16.3,0,1550
5647,2022-07-11 14:43:00+05:30,16.3,16.3,16.3,16.3,0,1550
5648,2022-07-11 14:44:00+05:30,16.3,16.3,16.3,16.3,0,1550
5649,2022-07-11 14:45:00+05:30,16.3,16.3,16.3,16.3,0,1550
5650,2022-07-11 14:46:00+05:30,16.3,16.3,16.3,16.3,0,1550
5651,2022-07-11 14:47:00+05:30,16.3,16.3,16.3,16.3,0,1550
5652,2022-07-11 14:48:00+05:30,16.3,16.3,16.3,16.3,0,1550
5653,2022-07-11 14:49:00+05:30,16.3,16.3,16.3,16.3,0,1550
5654,2022-07-11 14:50:00+05:30,16.3,16.3,16.3,16.3,0,1550
5655,2022-07-11 14:51:00+05:30,16.3,16.3,16.3,16.3,0,1550
5656,2022-07-11 14:52:00+05:30,16.3,16.3,16.3,16.3,0,1550
5657,2022-07-11 14:53:00+05:30,16.3,16.3,16.3,16.3,0,1550
5658,2022-07-11 14:54:00+05:30,16.3,16.3,16.3,16.3,0,1550
5659,2022-07-11 14:55:00+05:30,16.3,16.3,16.3,16.3,0,1550
5660,2022-07-11 14:56:00+05:30,16.3,16.3,16.3,16.3,0,1550
5661,2022-07-11 14:57:00+05:30,16.3,16.3,16.3,16.3,0,1550
5662,2022-07-11 14:58:00+05:30,16.3,16.3,16.3,16.3,0,1550
5663,2022-07-11 14:59:00+05:30,16.3,17.7,16.3,17.7,0,1600
5664,2022-07-11 15:00:00+05:30,17.7,17.7,15.0,15.0,50,1600
5665,2022-07-11 15:01:00+05:30,15.0,15.0,15.0,15.0,25,1600
5666,2022-07-11 15:02:00+05:30,15.0,15.0,15.0,15.0,0,1600
5667,2022-07-11 15:03:00+05:30,15.0,15.0,15.0,15.0,0,1600
5668,2022-07-11 15:04:00+05:30,15.0,15.0,15.0,15.0,0,1600
5669,2022-07-11 15:05:00+05:30,15.0,15.0,15.0,15.0,0,1600
5670,2022-07-11 15:06:00+05:30,15.0,15.0,15.0,15.0,0,1600
5671,2022-07-11 15:07:00+05:30,15.0,15.0,15.0,15.0,0,1600
5672,2022-07-11 15:08:00+05:30,15.0,15.0,15.0,15.0,0,1600
5673,2022-07-11 15:09:00+05:30,15.0,15.0,15.0,15.0,0,1600
5674,2022-07-11 15:10:00+05:30,15.0,15.0,15.0,15.0,0,1600
5675,2022-07-11 15:11:00+05:30,15.0,15.0,15.0,15.0,0,1600
5676,2022-07-11 15:12:00+05:30,15.0,15.0,15.0,15.0,0,1600
5677,2022-07-11 15:13:00+05:30,15.0,15.0,15.0,15.0,0,1600
5678,2022-07-11 15:14:00+05:30,15.0,15.0,15.0,15.0,0,1600
5679,2022-07-11 15:15:00+05:30,15.0,15.0,15.0,15.0,0,1600
5680,2022-07-11 15:16:00+05:30,15.0,15.0,15.0,15.0,0,1600
5681,2022-07-11 15:17:00+05:30,15.0,15.0,15.0,15.0,0,1600
5682,2022-07-11 15:18:00+05:30,15.0,15.0,15.0,15.0,0,1600
5683,2022-07-11 15:19:00+05:30,15.0,15.0,15.0,15.0,0,1600
5684,2022-07-11 15:20:00+05:30,15.0,15.0,15.0,15.0,0,1600
5685,2022-07-11 15:21:00+05:30,15.0,15.0,15.0,15.0,0,1600
5686,2022-07-11 15:22:00+05:30,15.0,15.0,15.0,15.0,0,1600
5687,2022-07-11 15:23:00+05:30,15.0,15.0,15.0,15.0,0,1600
5688,2022-07-11 15:24:00+05:30,15.0,15.0,15.0,15.0,0,1600
5689,2022-07-11 15:25:00+05:30,15.0,15.0,15.0,15.0,0,1600
5690,2022-07-11 15:26:00+05:30,15.0,15.0,15.0,15.0,0,1600
5691,2022-07-11 15:27:00+05:30,15.0,15.0,15.0,15.0,0,1600
5692,2022-07-11 15:28:00+05:30,15.0,15.0,15.0,15.0,0,1600
5693,2022-07-11 15:29:00+05:30,15.0,15.0,15.0,15.0,0,1600
5694,2022-07-13 09:15:00+05:30,12.2,12.2,12.2,12.2,0,0
5695,2022-07-13 09:17:00+05:30,12.8,12.8,12.8,12.8,0,1625
5696,2022-07-13 09:18:00+05:30,12.8,12.8,12.8,12.8,0,1625
5697,2022-07-13 09:19:00+05:30,12.8,12.8,12.8,12.8,0,1625
5698,2022-07-13 09:20:00+05:30,12.8,12.8,12.8,12.8,0,1625
5699,2022-07-13 09:21:00+05:30,12.8,12.8,12.8,12.8,0,1625
5700,2022-07-13 09:22:00+05:30,12.8,12.8,12.8,12.8,0,1625
5701,2022-07-13 09:23:00+05:30,12.8,12.8,12.8,12.8,0,1625
5702,2022-07-13 09:24:00+05:30,12.8,12.8,12.8,12.8,0,1625
5703,2022-07-13 09:25:00+05:30,12.8,12.8,12.8,12.8,0,1625
5704,2022-07-13 09:26:00+05:30,12.8,12.8,12.8,12.8,0,1625
5705,2022-07-13 09:27:00+05:30,12.8,12.8,12.8,12.8,0,1625
5706,2022-07-13 09:28:00+05:30,12.8,12.8,12.8,12.8,0,1625
5707,2022-07-13 09:29:00+05:30,12.8,12.8,12.8,12.8,0,1625
5708,2022-07-13 09:30:00+05:30,12.8,12.8,12.8,12.8,0,1625
5709,2022-07-13 09:31:00+05:30,12.8,12.8,12.8,12.8,0,1625
5710,2022-07-13 09:32:00+05:30,12.8,12.8,12.8,12.8,0,1625
5711,2022-07-13 09:33:00+05:30,12.8,13.8,12.8,13.75,1225,1650
5712,2022-07-13 09:34:00+05:30,13.75,14.35,13.75,14.3,0,1650
5713,2022-07-13 09:35:00+05:30,14.3,14.3,14.3,14.3,350,1650
5714,2022-07-13 09:36:00+05:30,14.3,14.3,14.3,14.3,0,1650
5715,2022-07-13 09:37:00+05:30,14.3,14.3,13.8,13.8,25,2500
5716,2022-07-13 09:38:00+05:30,13.8,13.8,13.6,13.6,50,2500
5717,2022-07-13 09:39:00+05:30,13.55,13.55,13.55,13.55,25,2500
5718,2022-07-13 09:40:00+05:30,13.55,13.55,13.55,13.55,0,2500
5719,2022-07-13 09:41:00+05:30,13.55,13.55,13.55,13.55,0,2500
5720,2022-07-13 09:42:00+05:30,13.55,13.55,13.55,13.55,0,2500
5721,2022-07-13 09:43:00+05:30,13.55,13.55,13.55,13.55,0,2500
5722,2022-07-13 09:44:00+05:30,13.55,13.55,13.55,13.55,0,2500
5723,2022-07-13 09:45:00+05:30,13.55,13.55,13.55,13.55,0,2500
5724,2022-07-13 09:46:00+05:30,13.55,13.55,13.55,13.55,0,2500
5725,2022-07-13 09:47:00+05:30,13.55,13.55,13.55,13.55,0,2500
5726,2022-07-13 09:48:00+05:30,13.55,13.55,13.55,13.55,0,2500
5727,2022-07-13 09:49:00+05:30,13.55,13.55,13.55,13.55,0,2500
5728,2022-07-13 09:50:00+05:30,13.55,13.55,13.55,13.55,0,2500
5729,2022-07-13 09:51:00+05:30,13.55,13.55,13.55,13.55,0,2500
5730,2022-07-13 09:52:00+05:30,13.55,13.55,13.55,13.55,0,2500
5731,2022-07-13 09:53:00+05:30,13.55,13.55,13.55,13.55,0,2500
5732,2022-07-13 09:54:00+05:30,13.55,13.55,13.55,13.55,0,2500
5733,2022-07-13 09:55:00+05:30,13.55,13.55,13.55,13.55,0,2500
5734,2022-07-13 09:56:00+05:30,13.55,13.55,13.55,13.55,0,2500
5735,2022-07-13 09:57:00+05:30,13.55,13.55,13.55,13.55,0,2500
5736,2022-07-13 09:58:00+05:30,13.55,13.55,13.55,13.55,0,2500
5737,2022-07-13 09:59:00+05:30,13.55,13.55,13.55,13.55,0,2500
5738,2022-07-13 10:00:00+05:30,13.55,13.55,13.55,13.55,0,2500
5739,2022-07-13 10:01:00+05:30,13.55,13.55,13.55,13.55,0,2500
5740,2022-07-13 10:02:00+05:30,13.55,13.55,13.55,13.55,0,2500
5741,2022-07-13 10:03:00+05:30,13.55,13.55,13.55,13.55,0,2500
5742,2022-07-13 10:04:00+05:30,13.55,13.55,13.55,13.55,0,2500
5743,2022-07-13 10:05:00+05:30,13.55,13.55,13.55,13.55,0,2500
5744,2022-07-13 10:06:00+05:30,13.55,13.55,13.55,13.55,0,2500
5745,2022-07-13 10:07:00+05:30,13.55,13.55,13.55,13.55,0,2500
5746,2022-07-13 10:08:00+05:30,13.55,13.55,13.55,13.55,0,2500
5747,2022-07-13 10:09:00+05:30,13.55,13.55,13.55,13.55,0,2500
5748,2022-07-13 10:10:00+05:30,13.55,13.55,13.55,13.55,0,2500
5749,2022-07-13 10:11:00+05:30,13.55,13.55,13.55,13.55,0,2500
5750,2022-07-13 10:12:00+05:30,13.55,13.55,13.55,13.55,0,2500
5751,2022-07-13 10:13:00+05:30,13.55,13.55,13.55,13.55,0,2500
5752,2022-07-13 10:14:00+05:30,13.55,13.55,13.55,13.55,0,2500
5753,2022-07-13 10:15:00+05:30,13.55,13.55,13.55,13.55,0,2500
5754,2022-07-13 10:16:00+05:30,13.55,13.55,13.55,13.55,0,2500
5755,2022-07-13 10:17:00+05:30,13.55,13.55,13.55,13.55,0,2500
5756,2022-07-13 10:18:00+05:30,13.55,13.55,13.55,13.55,0,2500
5757,2022-07-13 10:19:00+05:30,13.55,13.55,13.55,13.55,0,2500
5758,2022-07-13 10:20:00+05:30,13.55,13.55,13.55,13.55,0,2500
5759,2022-07-13 10:21:00+05:30,13.55,13.55,13.55,13.55,0,2500
5760,2022-07-13 10:22:00+05:30,13.55,13.55,13.55,13.55,0,2500
5761,2022-07-13 10:23:00+05:30,13.55,13.55,13.55,13.55,0,2500
5762,2022-07-13 10:24:00+05:30,13.55,15.8,13.55,15.65,25,2500
5763,2022-07-13 10:25:00+05:30,15.65,15.65,15.05,15.05,50,2500
5764,2022-07-13 10:26:00+05:30,15.05,15.05,15.05,15.05,0,2500
5765,2022-07-13 10:27:00+05:30,15.05,15.05,15.05,15.05,0,2500
5766,2022-07-13 10:28:00+05:30,15.05,15.05,15.05,15.05,0,2500
5767,2022-07-13 10:29:00+05:30,15.05,15.05,15.05,15.05,0,2500
5768,2022-07-13 10:30:00+05:30,15.05,15.05,15.05,15.05,0,2500
5769,2022-07-13 10:31:00+05:30,15.05,15.05,15.05,15.05,0,2500
5770,2022-07-13 10:32:00+05:30,15.05,15.1,15.05,15.1,0,2425
5771,2022-07-13 10:33:00+05:30,15.1,15.1,15.1,15.1,50,2425
5772,2022-07-13 10:34:00+05:30,15.1,15.1,15.1,15.1,0,2425
5773,2022-07-13 10:35:00+05:30,15.1,15.1,15.1,15.1,0,2425
5774,2022-07-13 10:36:00+05:30,15.1,15.1,15.1,15.1,0,2425
5775,2022-07-13 10:37:00+05:30,15.1,15.1,15.1,15.1,0,2425
5776,2022-07-13 10:38:00+05:30,15.1,15.1,15.1,15.1,0,2425
5777,2022-07-13 10:39:00+05:30,15.1,15.1,15.1,15.1,0,2425
5778,2022-07-13 10:40:00+05:30,15.1,15.1,15.1,15.1,0,2425
5779,2022-07-13 10:41:00+05:30,15.1,15.1,15.1,15.1,0,2425
5780,2022-07-13 10:42:00+05:30,15.1,15.1,15.1,15.1,0,2425
5781,2022-07-13 10:43:00+05:30,15.1,15.1,15.1,15.1,0,2425
5782,2022-07-13 10:44:00+05:30,15.1,15.1,15.1,15.1,0,2425
5783,2022-07-13 10:45:00+05:30,15.1,15.1,15.1,15.1,0,2425
5784,2022-07-13 10:46:00+05:30,15.1,15.1,15.1,15.1,0,2425
5785,2022-07-13 10:47:00+05:30,15.1,15.1,15.1,15.1,0,2425
5786,2022-07-13 10:48:00+05:30,15.1,15.1,15.1,15.1,0,2425
5787,2022-07-13 10:49:00+05:30,15.1,15.1,15.1,15.1,0,2425
5788,2022-07-13 10:50:00+05:30,15.1,15.1,15.1,15.1,0,2425
5789,2022-07-13 10:51:00+05:30,15.1,15.1,15.1,15.1,0,2425
5790,2022-07-13 10:52:00+05:30,15.1,15.1,15.1,15.1,0,2425
5791,2022-07-13 10:53:00+05:30,15.1,15.1,15.1,15.1,0,2425
5792,2022-07-13 10:54:00+05:30,15.1,15.1,15.1,15.1,0,2425
5793,2022-07-13 10:55:00+05:30,15.1,15.1,15.1,15.1,0,2425
5794,2022-07-13 10:56:00+05:30,15.1,15.1,15.1,15.1,0,2425
5795,2022-07-13 10:57:00+05:30,15.1,15.1,15.1,15.1,0,2425
5796,2022-07-13 10:58:00+05:30,15.1,15.1,15.1,15.1,0,2425
5797,2022-07-13 10:59:00+05:30,15.1,15.1,15.1,15.1,0,2425
5798,2022-07-13 11:00:00+05:30,15.1,15.1,15.1,15.1,0,2425
5799,2022-07-13 11:01:00+05:30,15.1,15.1,15.1,15.1,0,2425
5800,2022-07-13 11:02:00+05:30,15.1,15.1,15.1,15.1,0,2425
5801,2022-07-13 11:03:00+05:30,15.1,15.1,15.1,15.1,0,2425
5802,2022-07-13 11:04:00+05:30,15.1,15.1,15.1,15.1,0,2425
5803,2022-07-13 11:05:00+05:30,15.1,15.1,15.1,15.1,0,2425
5804,2022-07-13 11:06:00+05:30,15.1,15.1,15.1,15.1,0,2425
5805,2022-07-13 11:07:00+05:30,15.1,15.1,15.1,15.1,0,2425
5806,2022-07-13 11:08:00+05:30,15.1,15.1,15.1,15.1,0,2425
5807,2022-07-13 11:09:00+05:30,15.1,15.1,15.1,15.1,0,2425
5808,2022-07-13 11:10:00+05:30,15.1,15.1,15.1,15.1,0,2425
5809,2022-07-13 11:11:00+05:30,15.1,15.1,15.1,15.1,0,2425
5810,2022-07-13 11:12:00+05:30,15.1,15.1,15.1,15.1,0,2425
5811,2022-07-13 11:13:00+05:30,15.1,15.1,15.1,15.1,0,2425
5812,2022-07-13 11:14:00+05:30,15.1,15.1,15.1,15.1,0,2425
5813,2022-07-13 11:15:00+05:30,15.1,15.1,15.1,15.1,0,2425
5814,2022-07-13 11:16:00+05:30,15.1,15.1,15.1,15.1,0,2425
5815,2022-07-13 11:17:00+05:30,15.1,15.1,15.1,15.1,0,2425
5816,2022-07-13 11:18:00+05:30,15.1,15.1,15.1,15.1,0,2425
5817,2022-07-13 11:19:00+05:30,15.1,15.1,15.1,15.1,0,2425
5818,2022-07-13 11:20:00+05:30,15.1,15.1,15.1,15.1,0,2425
5819,2022-07-13 11:21:00+05:30,15.1,15.1,15.1,15.1,0,2425
5820,2022-07-13 11:22:00+05:30,15.1,15.1,15.1,15.1,0,2425
5821,2022-07-13 11:23:00+05:30,15.1,15.1,15.1,15.1,0,2425
5822,2022-07-13 11:24:00+05:30,15.1,15.1,15.1,15.1,0,2425
5823,2022-07-13 11:25:00+05:30,15.1,15.1,15.1,15.1,0,2425
5824,2022-07-13 11:26:00+05:30,15.1,15.1,15.1,15.1,0,2425
5825,2022-07-13 11:27:00+05:30,15.1,15.1,15.1,15.1,0,2425
5826,2022-07-13 11:28:00+05:30,15.1,15.1,15.1,15.1,0,2425
5827,2022-07-13 11:29:00+05:30,15.1,15.1,15.1,15.1,0,2425
5828,2022-07-13 11:30:00+05:30,15.1,15.1,15.1,15.1,0,2425
5829,2022-07-13 11:31:00+05:30,15.1,15.1,15.1,15.1,0,2425
5830,2022-07-13 11:32:00+05:30,15.1,15.1,15.1,15.1,0,2425
5831,2022-07-13 11:33:00+05:30,15.1,15.1,15.1,15.1,0,2425
5832,2022-07-13 11:34:00+05:30,15.1,15.1,15.1,15.1,0,2425
5833,2022-07-13 11:35:00+05:30,15.1,15.1,15.1,15.1,0,2425
5834,2022-07-13 11:36:00+05:30,15.1,15.1,15.1,15.1,0,2425
5835,2022-07-13 11:37:00+05:30,15.1,15.1,15.1,15.1,0,2425
5836,2022-07-13 11:38:00+05:30,15.1,15.1,15.1,15.1,0,2425
5837,2022-07-13 11:39:00+05:30,15.1,15.1,15.1,15.1,0,2425
5838,2022-07-13 11:40:00+05:30,15.1,15.1,15.1,15.1,0,2425
5839,2022-07-13 11:41:00+05:30,15.1,15.1,15.1,15.1,0,2425
5840,2022-07-13 11:42:00+05:30,15.1,15.1,15.1,15.1,0,2425
5841,2022-07-13 11:43:00+05:30,15.1,15.1,15.1,15.1,0,2425
5842,2022-07-13 11:44:00+05:30,15.1,15.1,15.1,15.1,0,2425
5843,2022-07-13 11:45:00+05:30,15.1,15.1,15.1,15.1,0,2425
5844,2022-07-13 11:46:00+05:30,15.1,15.1,15.1,15.1,0,2425
5845,2022-07-13 11:47:00+05:30,15.1,15.1,15.1,15.1,0,2425
5846,2022-07-13 11:48:00+05:30,15.1,15.1,15.1,15.1,0,2425
5847,2022-07-13 11:49:00+05:30,15.1,15.1,15.1,15.1,0,2425
5848,2022-07-13 11:50:00+05:30,15.1,15.1,15.1,15.1,0,2425
5849,2022-07-13 11:51:00+05:30,15.1,15.1,15.1,15.1,0,2425
5850,2022-07-13 11:52:00+05:30,15.1,15.1,15.1,15.1,0,2425
5851,2022-07-13 11:53:00+05:30,15.1,15.1,15.1,15.1,0,2425
5852,2022-07-13 11:54:00+05:30,15.1,15.1,15.1,15.1,0,2425
5853,2022-07-13 11:55:00+05:30,15.1,15.1,15.1,15.1,0,2425
5854,2022-07-13 11:56:00+05:30,15.1,15.1,15.1,15.1,0,2425
5855,2022-07-13 11:57:00+05:30,15.1,15.1,15.1,15.1,0,2425
5856,2022-07-13 11:58:00+05:30,15.1,15.1,15.1,15.1,0,2425
5857,2022-07-13 11:59:00+05:30,15.1,15.1,15.1,15.1,0,2425
5858,2022-07-13 12:00:00+05:30,15.1,15.1,15.1,15.1,0,2425
5859,2022-07-13 12:01:00+05:30,15.1,15.1,15.1,15.1,0,2425
5860,2022-07-13 12:02:00+05:30,15.1,15.1,15.1,15.1,0,2425
5861,2022-07-13 12:03:00+05:30,15.1,15.1,15.1,15.1,0,2425
5862,2022-07-13 12:04:00+05:30,15.1,15.1,15.1,15.1,0,2425
5863,2022-07-13 12:05:00+05:30,15.1,15.1,15.1,15.1,0,2425
5864,2022-07-13 12:06:00+05:30,15.1,15.1,15.1,15.1,0,2425
5865,2022-07-13 12:07:00+05:30,15.1,15.1,15.1,15.1,0,2425
5866,2022-07-13 12:08:00+05:30,15.1,15.1,15.1,15.1,0,2425
5867,2022-07-13 12:09:00+05:30,15.1,15.1,15.1,15.1,0,2425
5868,2022-07-13 12:10:00+05:30,15.1,15.1,15.1,15.1,0,2425
5869,2022-07-13 12:11:00+05:30,15.1,15.1,15.1,15.1,0,2425
5870,2022-07-13 12:12:00+05:30,15.1,15.1,15.1,15.1,0,2425
5871,2022-07-13 12:13:00+05:30,15.1,15.1,15.1,15.1,0,2425
5872,2022-07-13 12:14:00+05:30,15.1,15.1,15.1,15.1,0,2425
5873,2022-07-13 12:15:00+05:30,15.1,15.1,15.1,15.1,0,2425
5874,2022-07-13 12:16:00+05:30,15.1,15.1,15.1,15.1,0,2425
5875,2022-07-13 12:17:00+05:30,15.1,15.1,15.1,15.1,0,2425
5876,2022-07-13 12:18:00+05:30,15.1,15.1,15.1,15.1,0,2425
5877,2022-07-13 12:19:00+05:30,15.1,15.1,15.1,15.1,0,2425
5878,2022-07-13 12:20:00+05:30,15.1,15.1,15.1,15.1,0,2425
5879,2022-07-13 12:21:00+05:30,15.1,15.1,15.1,15.1,0,2425
5880,2022-07-13 12:22:00+05:30,15.1,15.1,15.1,15.1,0,2425
5881,2022-07-13 12:23:00+05:30,15.1,15.1,15.1,15.1,0,2425
5882,2022-07-13 12:24:00+05:30,15.1,15.1,15.1,15.1,0,2425
5883,2022-07-13 12:25:00+05:30,15.1,15.1,15.1,15.1,0,2425
5884,2022-07-13 12:26:00+05:30,15.1,15.1,15.1,15.1,0,2425
5885,2022-07-13 12:27:00+05:30,15.1,15.1,15.1,15.1,0,2425
5886,2022-07-13 12:28:00+05:30,15.1,15.1,15.1,15.1,0,2425
5887,2022-07-13 12:29:00+05:30,15.1,15.1,15.1,15.1,0,2425
5888,2022-07-13 12:30:00+05:30,15.1,15.1,15.1,15.1,0,2425
5889,2022-07-13 12:31:00+05:30,15.1,15.1,15.1,15.1,0,2425
5890,2022-07-13 12:32:00+05:30,15.1,15.1,15.1,15.1,0,2425
5891,2022-07-13 12:33:00+05:30,15.1,15.1,15.1,15.1,0,2425
5892,2022-07-13 12:34:00+05:30,15.1,15.1,15.1,15.1,0,2425
5893,2022-07-13 12:35:00+05:30,15.1,15.1,15.1,15.1,0,2425
5894,2022-07-13 12:36:00+05:30,15.1,15.1,15.1,15.1,225,2375
5895,2022-07-13 12:37:00+05:30,15.1,15.1,15.1,15.1,0,2375
5896,2022-07-13 12:38:00+05:30,15.1,15.1,15.0,15.0,50,2375
5897,2022-07-13 12:39:00+05:30,15.0,15.0,15.0,15.0,0,2375
5898,2022-07-13 12:40:00+05:30,14.95,14.95,14.95,14.95,50,2625
5899,2022-07-13 12:41:00+05:30,14.95,14.95,14.4,14.4,25,2625
5900,2022-07-13 12:42:00+05:30,14.4,15.0,14.4,15.0,25,2625
5901,2022-07-13 12:43:00+05:30,15.0,15.0,15.0,15.0,0,2625
5902,2022-07-13 12:44:00+05:30,15.0,15.0,15.0,15.0,0,2625
5903,2022-07-13 12:45:00+05:30,15.0,15.0,14.65,15.0,75,2625
5904,2022-07-13 12:46:00+05:30,15.0,15.0,15.0,15.0,25,2625
5905,2022-07-13 12:47:00+05:30,15.0,15.0,15.0,15.0,0,2625
5906,2022-07-13 12:48:00+05:30,15.0,15.65,15.0,15.65,0,2700
5907,2022-07-13 12:49:00+05:30,15.65,15.65,15.5,15.5,50,2700
5908,2022-07-13 12:50:00+05:30,15.5,15.5,15.5,15.5,0,2700
5909,2022-07-13 12:51:00+05:30,15.5,15.5,15.5,15.5,0,2700
5910,2022-07-13 12:52:00+05:30,15.5,15.5,15.5,15.5,0,2700
5911,2022-07-13 12:53:00+05:30,15.5,15.5,15.5,15.5,0,2700
5912,2022-07-13 12:54:00+05:30,15.5,15.5,15.5,15.5,0,2700
5913,2022-07-13 12:55:00+05:30,15.5,15.5,15.5,15.5,0,2700
5914,2022-07-13 12:56:00+05:30,15.5,15.5,15.5,15.5,0,2700
5915,2022-07-13 12:57:00+05:30,15.5,15.5,15.5,15.5,0,2700
5916,2022-07-13 12:58:00+05:30,15.5,15.5,15.5,15.5,0,2700
5917,2022-07-13 12:59:00+05:30,15.5,15.5,15.5,15.5,0,2700
5918,2022-07-13 13:00:00+05:30,15.5,15.5,15.5,15.5,0,2700
5919,2022-07-13 13:01:00+05:30,15.5,15.5,15.5,15.5,0,2700
5920,2022-07-13 13:02:00+05:30,15.5,15.5,15.5,15.5,0,2700
5921,2022-07-13 13:03:00+05:30,15.5,15.5,15.5,15.5,0,2700
5922,2022-07-13 13:04:00+05:30,15.5,15.5,15.5,15.5,0,2700
5923,2022-07-13 13:05:00+05:30,15.5,16.45,15.5,16.45,50,2700
5924,2022-07-13 13:06:00+05:30,16.45,16.45,16.45,16.45,0,2700
5925,2022-07-13 13:07:00+05:30,16.45,16.45,16.45,16.45,0,2700
5926,2022-07-13 13:08:00+05:30,16.45,16.45,16.45,16.45,0,2700
5927,2022-07-13 13:09:00+05:30,16.45,16.45,16.45,16.45,0,2700
5928,2022-07-13 13:10:00+05:30,16.45,16.45,16.45,16.45,0,2700
5929,2022-07-13 13:11:00+05:30,16.45,17.75,16.45,17.7,0,2750
5930,2022-07-13 13:12:00+05:30,17.7,17.7,17.7,17.7,100,2750
5931,2022-07-13 13:13:00+05:30,17.7,17.7,17.7,17.7,0,2750
5932,2022-07-13 13:14:00+05:30,17.7,17.7,17.7,17.7,0,2750
5933,2022-07-13 13:15:00+05:30,17.7,17.7,17.7,17.7,0,2750
5934,2022-07-13 13:16:00+05:30,17.7,17.7,17.7,17.7,0,2750
5935,2022-07-13 13:17:00+05:30,17.7,17.7,17.7,17.7,0,2750
5936,2022-07-13 13:18:00+05:30,17.7,17.7,17.7,17.7,0,2750
5937,2022-07-13 13:19:00+05:30,17.7,17.7,17.7,17.7,0,2750
5938,2022-07-13 13:20:00+05:30,17.7,17.7,17.7,17.7,0,2750
5939,2022-07-13 13:21:00+05:30,17.7,17.7,17.7,17.7,0,2750
5940,2022-07-13 13:22:00+05:30,17.7,17.7,17.7,17.7,0,2750
5941,2022-07-13 13:23:00+05:30,17.7,17.7,17.7,17.7,0,2750
5942,2022-07-13 13:24:00+05:30,17.7,17.7,17.7,17.7,0,2750
5943,2022-07-13 13:25:00+05:30,17.7,18.2,17.7,18.2,25,2725
5944,2022-07-13 13:26:00+05:30,18.2,18.2,18.2,18.2,0,2725
5945,2022-07-13 13:27:00+05:30,18.2,18.2,18.2,18.2,0,2725
5946,2022-07-13 13:28:00+05:30,18.2,18.2,18.2,18.2,0,2725
5947,2022-07-13 13:29:00+05:30,18.2,18.2,18.2,18.2,0,2725
5948,2022-07-13 13:30:00+05:30,18.2,18.2,17.7,17.7,25,2700
5949,2022-07-13 13:31:00+05:30,17.7,17.7,17.7,17.7,0,2700
5950,2022-07-13 13:32:00+05:30,17.7,17.7,17.7,17.7,0,2700
5951,2022-07-13 13:33:00+05:30,17.7,17.7,17.7,17.7,0,2700
5952,2022-07-13 13:34:00+05:30,17.0,17.0,17.0,17.0,25,2725
5953,2022-07-13 13:35:00+05:30,17.0,17.0,17.0,17.0,0,2725
5954,2022-07-13 13:36:00+05:30,17.0,17.0,16.7,16.7,25,2750
5955,2022-07-13 13:37:00+05:30,16.7,16.7,16.7,16.7,0,2750
5956,2022-07-13 13:38:00+05:30,16.7,16.7,16.7,16.7,0,2750
5957,2022-07-13 13:39:00+05:30,16.7,16.7,16.7,16.7,0,2750
5958,2022-07-13 13:40:00+05:30,16.9,16.9,16.9,16.9,75,2725
5959,2022-07-13 13:41:00+05:30,16.9,16.9,16.9,16.9,0,2725
5960,2022-07-13 13:42:00+05:30,16.9,16.9,16.25,16.25,50,2700
5961,2022-07-13 13:43:00+05:30,16.25,16.3,16.25,16.3,25,2700
5962,2022-07-13 13:44:00+05:30,16.3,16.3,16.3,16.3,100,2700
5963,2022-07-13 13:45:00+05:30,16.25,16.25,16.25,16.25,50,2700
5964,2022-07-13 13:46:00+05:30,16.25,16.25,16.25,16.25,0,2700
5965,2022-07-13 13:47:00+05:30,15.95,15.95,15.95,15.95,50,2650
5966,2022-07-13 13:48:00+05:30,15.95,15.95,15.95,15.95,0,2650
5967,2022-07-13 13:49:00+05:30,15.95,15.95,15.95,15.95,0,2650
5968,2022-07-13 13:50:00+05:30,15.95,15.95,15.95,15.95,0,2650
5969,2022-07-13 13:51:00+05:30,15.95,15.95,15.95,15.95,0,2650
5970,2022-07-13 13:52:00+05:30,15.95,15.95,15.95,15.95,0,2650
5971,2022-07-13 13:53:00+05:30,15.95,15.95,15.35,15.35,25,2600
5972,2022-07-13 13:54:00+05:30,15.35,15.35,15.35,15.35,0,2600
5973,2022-07-13 13:55:00+05:30,15.35,15.35,15.35,15.35,0,2600
5974,2022-07-13 13:56:00+05:30,15.35,15.35,15.35,15.35,0,2600
5975,2022-07-13 13:57:00+05:30,15.35,15.35,15.35,15.35,0,2600
5976,2022-07-13 13:58:00+05:30,15.35,15.35,15.35,15.35,0,2600
5977,2022-07-13 13:59:00+05:30,15.35,15.35,15.35,15.35,0,2600
5978,2022-07-13 14:00:00+05:30,15.35,15.35,15.35,15.35,0,2600
5979,2022-07-13 14:01:00+05:30,15.35,15.35,15.35,15.35,0,2600
5980,2022-07-13 14:02:00+05:30,15.35,15.35,15.35,15.35,0,2600
5981,2022-07-13 14:03:00+05:30,15.35,15.35,15.35,15.35,0,2600
5982,2022-07-13 14:04:00+05:30,15.35,15.35,15.35,15.35,0,2600
5983,2022-07-13 14:05:00+05:30,15.35,15.6,15.35,15.5,0,2575
5984,2022-07-13 14:06:00+05:30,15.5,15.5,15.5,15.5,100,2575
5985,2022-07-13 14:07:00+05:30,15.5,15.5,15.5,15.5,0,2575
5986,2022-07-13 14:08:00+05:30,15.5,15.5,15.5,15.5,0,2575
5987,2022-07-13 14:09:00+05:30,15.5,15.5,15.5,15.5,0,2575
5988,2022-07-13 14:10:00+05:30,15.5,15.5,15.5,15.5,0,2575
5989,2022-07-13 14:11:00+05:30,15.5,15.5,15.5,15.5,0,2575
5990,2022-07-13 14:12:00+05:30,15.5,15.5,15.5,15.5,0,2575
5991,2022-07-13 14:13:00+05:30,15.5,15.5,15.5,15.5,0,2575
5992,2022-07-13 14:14:00+05:30,15.55,15.55,15.55,15.55,25,2525
5993,2022-07-13 14:15:00+05:30,15.55,15.55,15.55,15.55,0,2525
5994,2022-07-13 14:16:00+05:30,15.55,15.55,15.3,15.3,25,2500
5995,2022-07-13 14:17:00+05:30,15.3,15.3,15.3,15.3,0,2500
5996,2022-07-13 14:18:00+05:30,15.3,15.3,15.3,15.3,0,2500
5997,2022-07-13 14:19:00+05:30,15.3,15.3,15.3,15.3,0,2500
5998,2022-07-13 14:20:00+05:30,15.3,15.3,15.3,15.3,0,2500
5999,2022-07-13 14:21:00+05:30,15.3,15.3,15.3,15.3,0,2500
6000,2022-07-13 14:22:00+05:30,15.3,15.3,15.3,15.3,0,2500
6001,2022-07-13 14:23:00+05:30,15.0,15.0,15.0,15.0,25,2500
6002,2022-07-13 14:24:00+05:30,15.0,15.0,15.0,15.0,0,2500
6003,2022-07-13 14:25:00+05:30,15.0,15.0,15.0,15.0,0,2500
6004,2022-07-13 14:26:00+05:30,15.0,15.0,15.0,15.0,0,2500
6005,2022-07-13 14:27:00+05:30,15.0,15.0,15.0,15.0,0,2500
6006,2022-07-13 14:28:00+05:30,15.0,15.0,15.0,15.0,0,2500
6007,2022-07-13 14:29:00+05:30,15.0,15.0,15.0,15.0,0,2500
6008,2022-07-13 14:30:00+05:30,15.0,15.0,15.0,15.0,0,2500
6009,2022-07-13 14:31:00+05:30,15.0,15.0,15.0,15.0,0,2500
6010,2022-07-13 14:32:00+05:30,15.0,15.0,15.0,15.0,0,2500
6011,2022-07-13 14:33:00+05:30,15.0,15.0,15.0,15.0,0,2500
6012,2022-07-13 14:34:00+05:30,15.0,15.0,15.0,15.0,0,2500
6013,2022-07-13 14:35:00+05:30,15.0,15.0,15.0,15.0,0,2500
6014,2022-07-13 14:36:00+05:30,15.0,15.0,15.0,15.0,0,2500
6015,2022-07-13 14:37:00+05:30,15.0,15.0,15.0,15.0,0,2500
6016,2022-07-13 14:38:00+05:30,15.0,15.0,15.0,15.0,0,2500
6017,2022-07-13 14:39:00+05:30,15.0,15.0,15.0,15.0,0,2500
6018,2022-07-13 14:40:00+05:30,15.0,15.0,15.0,15.0,0,2500
6019,2022-07-13 14:41:00+05:30,15.0,15.45,15.0,15.45,0,2475
6020,2022-07-13 14:42:00+05:30,15.45,15.45,15.45,15.45,50,2475
6021,2022-07-13 14:43:00+05:30,15.45,15.45,15.45,15.45,0,2475
6022,2022-07-13 14:44:00+05:30,15.45,15.45,15.4,15.4,250,2475
6023,2022-07-13 14:45:00+05:30,15.4,15.4,15.25,15.25,25,2225
6024,2022-07-13 14:46:00+05:30,15.25,15.25,15.25,15.25,0,2225
6025,2022-07-13 14:47:00+05:30,15.25,15.25,15.25,15.25,0,2225
6026,2022-07-13 14:48:00+05:30,15.25,15.25,15.25,15.25,0,2225
6027,2022-07-13 14:49:00+05:30,15.25,15.25,15.25,15.25,0,2225
6028,2022-07-13 14:50:00+05:30,15.25,15.25,15.25,15.25,0,2225
6029,2022-07-13 14:51:00+05:30,15.25,15.25,15.25,15.25,0,2225
6030,2022-07-13 14:52:00+05:30,15.25,15.25,15.25,15.25,0,2225
6031,2022-07-13 14:53:00+05:30,15.25,15.25,15.25,15.25,0,2225
6032,2022-07-13 14:54:00+05:30,15.25,15.25,15.25,15.25,0,2225
6033,2022-07-13 14:55:00+05:30,15.25,15.25,15.25,15.25,0,2225
6034,2022-07-13 14:56:00+05:30,15.25,15.25,15.25,15.25,0,2225
6035,2022-07-13 14:57:00+05:30,15.25,15.25,15.25,15.25,0,2225
6036,2022-07-13 14:58:00+05:30,15.25,15.25,15.25,15.25,0,2225
6037,2022-07-13 14:59:00+05:30,15.25,15.25,15.25,15.25,0,2225
6038,2022-07-13 15:00:00+05:30,15.25,15.25,15.25,15.25,0,2225
6039,2022-07-13 15:01:00+05:30,15.25,15.25,15.25,15.25,0,2225
6040,2022-07-13 15:02:00+05:30,15.25,15.25,15.25,15.25,0,2225
6041,2022-07-13 15:03:00+05:30,15.25,15.25,15.25,15.25,0,2225
6042,2022-07-13 15:04:00+05:30,15.25,15.25,15.25,15.25,0,2225
6043,2022-07-13 15:05:00+05:30,15.25,15.25,15.25,15.25,0,2225
6044,2022-07-13 15:06:00+05:30,15.25,15.25,15.25,15.25,0,2225
6045,2022-07-13 15:07:00+05:30,15.25,15.25,15.25,15.25,0,2225
6046,2022-07-13 15:08:00+05:30,15.25,15.25,15.25,15.25,0,2225
6047,2022-07-13 15:09:00+05:30,15.25,15.25,15.25,15.25,0,2225
6048,2022-07-13 15:10:00+05:30,15.25,15.25,15.25,15.25,0,2225
6049,2022-07-13 15:11:00+05:30,15.25,15.25,14.75,14.75,25,2225
6050,2022-07-13 15:12:00+05:30,14.75,14.75,14.75,14.75,75,2225
6051,2022-07-13 15:13:00+05:30,14.55,14.55,14.45,14.45,100,2175
6052,2022-07-13 15:14:00+05:30,14.45,14.45,14.45,14.45,0,2175
6053,2022-07-13 15:15:00+05:30,14.45,14.5,14.4,14.5,150,2125
6054,2022-07-13 15:16:00+05:30,14.6,14.65,14.35,14.35,575,2125
6055,2022-07-13 15:17:00+05:30,14.3,14.45,14.2,14.2,475,2125
6056,2022-07-13 15:18:00+05:30,14.2,14.2,14.2,14.2,0,2125
6057,2022-07-13 15:19:00+05:30,14.2,14.2,13.8,14.15,200,2675
6058,2022-07-13 15:20:00+05:30,14.15,14.15,14.15,14.15,0,2675
6059,2022-07-13 15:21:00+05:30,14.15,14.35,14.15,14.3,75,2625
6060,2022-07-13 15:22:00+05:30,14.45,14.5,14.45,14.5,50,2625
6061,2022-07-13 15:23:00+05:30,14.55,14.55,14.25,14.25,225,2625
6062,2022-07-13 15:24:00+05:30,14.25,14.25,14.15,14.15,0,2675
6063,2022-07-13 15:25:00+05:30,14.15,14.15,14.15,14.15,50,2675
6064,2022-07-13 15:26:00+05:30,14.15,14.15,13.65,13.65,25,2675
6065,2022-07-13 15:27:00+05:30,13.65,13.65,13.65,13.65,0,2675
6066,2022-07-13 15:28:00+05:30,12.7,12.7,12.7,12.7,50,2725
6067,2022-07-13 15:29:00+05:30,12.7,12.7,12.7,12.7,0,2725
6068,2022-07-14 09:15:00+05:30,19.4,19.4,19.4,19.4,0,0
6069,2022-07-14 09:18:00+05:30,13.15,19.5,13.15,13.2,100,2675
6070,2022-07-14 09:19:00+05:30,13.1,13.9,13.1,13.9,500,2675
6071,2022-07-14 09:20:00+05:30,13.9,13.95,13.85,13.85,50,2300
6072,2022-07-14 09:21:00+05:30,14.15,14.15,13.75,14.0,25,2300
6073,2022-07-14 09:22:00+05:30,14.3,14.4,14.3,14.4,100,2300
6074,2022-07-14 09:23:00+05:30,14.4,14.4,14.15,14.15,75,2275
6075,2022-07-14 09:24:00+05:30,14.15,14.15,14.15,14.15,0,2275
6076,2022-07-14 09:25:00+05:30,14.15,14.15,14.15,14.15,0,2275
6077,2022-07-14 09:26:00+05:30,14.15,14.15,14.15,14.15,0,2275
6078,2022-07-14 09:27:00+05:30,14.15,14.15,14.15,14.15,0,2275
6079,2022-07-14 09:28:00+05:30,14.15,14.15,14.15,14.15,0,2275
6080,2022-07-14 09:29:00+05:30,14.15,14.15,14.15,14.15,0,2275
6081,2022-07-14 09:30:00+05:30,14.15,14.15,14.15,14.15,0,2275
6082,2022-07-14 09:31:00+05:30,14.15,14.35,14.15,14.35,0,2325
6083,2022-07-14 09:32:00+05:30,14.4,14.4,14.4,14.4,100,2325
6084,2022-07-14 09:33:00+05:30,14.4,14.4,14.15,14.3,0,2375
6085,2022-07-14 09:34:00+05:30,14.5,14.5,14.25,14.25,175,2375
6086,2022-07-14 09:35:00+05:30,14.25,14.25,14.25,14.25,0,2375
6087,2022-07-14 09:36:00+05:30,14.25,14.25,14.25,14.25,0,2375
6088,2022-07-14 09:37:00+05:30,14.25,14.25,14.25,14.25,0,2375
6089,2022-07-14 09:38:00+05:30,14.25,14.4,14.25,14.4,0,2400
6090,2022-07-14 09:39:00+05:30,14.4,14.4,14.4,14.4,175,2400
6091,2022-07-14 09:40:00+05:30,14.4,14.4,14.4,14.4,0,2400
6092,2022-07-14 09:41:00+05:30,14.4,14.4,14.4,14.4,0,2400
6093,2022-07-14 09:42:00+05:30,14.4,14.4,14.4,14.4,0,2400
6094,2022-07-14 09:43:00+05:30,14.4,14.4,14.4,14.4,0,2400
6095,2022-07-14 09:44:00+05:30,14.4,14.4,14.4,14.4,0,2400
6096,2022-07-14 09:45:00+05:30,14.4,14.4,14.4,14.4,0,2400
6097,2022-07-14 09:46:00+05:30,14.4,14.4,14.4,14.4,0,2400
6098,2022-07-14 09:47:00+05:30,14.4,14.4,14.4,14.4,0,2400
6099,2022-07-14 09:48:00+05:30,14.4,14.4,14.4,14.4,0,2400
6100,2022-07-14 09:49:00+05:30,14.4,14.4,13.8,13.8,25,2575
6101,2022-07-14 09:50:00+05:30,13.9,13.9,13.6,13.75,250,2575
6102,2022-07-14 09:51:00+05:30,13.75,13.75,13.75,13.75,0,2575
6103,2022-07-14 09:52:00+05:30,13.75,13.75,13.75,13.75,0,2575
6104,2022-07-14 09:53:00+05:30,13.75,13.75,13.75,13.75,0,2575
6105,2022-07-14 09:54:00+05:30,13.75,13.75,13.75,13.75,0,2575
6106,2022-07-14 09:55:00+05:30,13.75,13.75,13.75,13.75,0,2575
6107,2022-07-14 09:56:00+05:30,13.75,13.75,13.75,13.75,0,2575
6108,2022-07-14 09:57:00+05:30,12.95,13.1,12.95,13.05,100,2325
6109,2022-07-14 09:58:00+05:30,13.05,13.05,12.45,12.45,275,2325
6110,2022-07-14 09:59:00+05:30,12.45,12.45,12.45,12.45,0,2325
6111,2022-07-14 10:00:00+05:30,12.45,12.45,12.45,12.45,0,2325
6112,2022-07-14 10:01:00+05:30,12.45,12.45,12.45,12.45,0,2325
6113,2022-07-14 10:02:00+05:30,12.45,12.45,12.45,12.45,0,2325
6114,2022-07-14 10:03:00+05:30,12.45,12.45,12.45,12.45,0,2325
6115,2022-07-14 10:04:00+05:30,12.45,12.45,12.45,12.45,0,2325
6116,2022-07-14 10:05:00+05:30,12.45,12.45,12.45,12.45,0,2325
6117,2022-07-14 10:06:00+05:30,12.45,12.45,12.45,12.45,0,2325
6118,2022-07-14 10:07:00+05:30,12.45,12.45,12.45,12.45,0,2325
6119,2022-07-14 10:08:00+05:30,12.45,12.45,12.45,12.45,0,2325
6120,2022-07-14 10:09:00+05:30,12.45,12.45,12.45,12.45,0,2325
6121,2022-07-14 10:10:00+05:30,12.45,12.45,12.45,12.45,0,2325
6122,2022-07-14 10:11:00+05:30,12.45,12.45,12.45,12.45,0,2325
6123,2022-07-14 10:12:00+05:30,12.45,12.45,12.45,12.45,0,2325
6124,2022-07-14 10:13:00+05:30,12.45,12.45,12.45,12.45,0,2325
6125,2022-07-14 10:14:00+05:30,12.45,12.45,12.45,12.45,0,2325
6126,2022-07-14 10:15:00+05:30,12.95,12.95,12.95,12.95,50,2025
6127,2022-07-14 10:16:00+05:30,12.95,12.95,12.95,12.95,0,2025
6128,2022-07-14 10:17:00+05:30,12.95,12.95,12.95,12.95,0,2025
6129,2022-07-14 10:18:00+05:30,12.95,12.95,12.95,12.95,0,2025
6130,2022-07-14 10:19:00+05:30,12.95,12.95,12.95,12.95,0,2025
6131,2022-07-14 10:20:00+05:30,12.95,12.95,12.95,12.95,0,2025
6132,2022-07-14 10:21:00+05:30,12.95,12.95,12.95,12.95,0,2025
6133,2022-07-14 10:22:00+05:30,12.95,12.95,12.95,12.95,0,2025
6134,2022-07-14 10:23:00+05:30,12.95,12.95,12.95,12.95,0,2025
6135,2022-07-14 10:24:00+05:30,12.95,13.75,12.95,13.75,25,2075
6136,2022-07-14 10:25:00+05:30,13.75,13.85,13.75,13.85,0,2075
6137,2022-07-14 10:26:00+05:30,13.85,14.15,13.85,13.95,325,2025
6138,2022-07-14 10:27:00+05:30,13.85,13.95,13.85,13.85,100,2025
6139,2022-07-14 10:28:00+05:30,13.85,13.85,13.85,13.85,0,2025
6140,2022-07-14 10:29:00+05:30,13.85,13.85,13.85,13.85,0,2025
6141,2022-07-14 10:30:00+05:30,13.85,13.85,13.85,13.85,0,2025
6142,2022-07-14 10:31:00+05:30,13.85,13.85,13.85,13.85,0,2025
6143,2022-07-14 10:32:00+05:30,13.85,13.85,13.85,13.85,0,2025
6144,2022-07-14 10:33:00+05:30,13.85,13.85,13.85,13.85,0,2025
6145,2022-07-14 10:34:00+05:30,13.85,13.85,13.85,13.85,0,2025
6146,2022-07-14 10:35:00+05:30,13.85,13.85,13.85,13.85,0,2025
6147,2022-07-14 10:36:00+05:30,13.85,13.85,13.85,13.85,0,2025
6148,2022-07-14 10:37:00+05:30,13.85,13.85,13.85,13.85,0,2025
6149,2022-07-14 10:38:00+05:30,13.85,13.85,13.85,13.85,0,2025
6150,2022-07-14 10:39:00+05:30,13.85,13.85,13.85,13.85,0,2025
6151,2022-07-14 10:40:00+05:30,13.85,13.85,13.85,13.85,0,2025
6152,2022-07-14 10:41:00+05:30,13.85,14.3,13.85,14.3,25,1850
6153,2022-07-14 10:42:00+05:30,14.3,14.35,14.3,14.35,50,1850
6154,2022-07-14 10:43:00+05:30,14.35,14.35,14.35,14.35,0,1850
6155,2022-07-14 10:44:00+05:30,14.35,14.35,14.3,14.3,0,1850
6156,2022-07-14 10:45:00+05:30,14.3,14.3,14.3,14.3,25,1850
6157,2022-07-14 10:46:00+05:30,14.3,14.3,14.3,14.3,0,1850
6158,2022-07-14 10:47:00+05:30,14.3,14.3,13.75,13.9,375,1900
6159,2022-07-14 10:48:00+05:30,13.9,13.9,13.9,13.9,0,1900
6160,2022-07-14 10:49:00+05:30,13.9,13.9,13.9,13.9,0,1900
6161,2022-07-14 10:50:00+05:30,13.9,13.9,13.9,13.9,0,1900
6162,2022-07-14 10:51:00+05:30,13.9,13.9,13.9,13.9,0,1900
6163,2022-07-14 10:52:00+05:30,13.9,13.9,13.9,13.9,0,1900
6164,2022-07-14 10:53:00+05:30,13.9,13.9,13.9,13.9,0,1900
6165,2022-07-14 10:54:00+05:30,13.9,13.9,13.9,13.9,0,1900
6166,2022-07-14 10:55:00+05:30,13.9,13.9,13.9,13.9,0,1900
6167,2022-07-14 10:56:00+05:30,13.9,13.9,13.9,13.9,0,1900
6168,2022-07-14 10:57:00+05:30,13.9,13.9,13.9,13.9,0,1900
6169,2022-07-14 10:58:00+05:30,13.9,13.9,13.9,13.9,0,1900
6170,2022-07-14 10:59:00+05:30,13.9,13.9,13.9,13.9,0,1900
6171,2022-07-14 11:00:00+05:30,13.9,13.9,13.9,13.9,0,1900
6172,2022-07-14 11:01:00+05:30,13.9,13.9,13.9,13.9,0,1900
6173,2022-07-14 11:02:00+05:30,13.9,13.9,13.9,13.9,0,1900
6174,2022-07-14 11:03:00+05:30,13.9,13.9,13.9,13.9,0,1900
6175,2022-07-14 11:04:00+05:30,13.9,13.9,13.9,13.9,0,1900
6176,2022-07-14 11:05:00+05:30,13.9,13.9,13.9,13.9,0,1900
6177,2022-07-14 11:06:00+05:30,13.9,13.9,13.9,13.9,0,1900
6178,2022-07-14 11:07:00+05:30,13.9,13.9,13.9,13.9,0,1900
6179,2022-07-14 11:08:00+05:30,13.9,13.9,13.9,13.9,0,1900
6180,2022-07-14 11:09:00+05:30,13.9,13.9,13.9,13.9,0,1900
6181,2022-07-14 11:10:00+05:30,13.9,13.9,13.9,13.9,0,1900
6182,2022-07-14 11:11:00+05:30,13.9,13.9,13.9,13.9,0,1900
6183,2022-07-14 11:12:00+05:30,13.9,13.9,13.9,13.9,0,1900
6184,2022-07-14 11:13:00+05:30,13.9,13.9,13.9,13.9,0,1900
6185,2022-07-14 11:14:00+05:30,13.9,13.9,13.9,13.9,0,1900
6186,2022-07-14 11:15:00+05:30,13.9,13.9,13.9,13.9,0,1900
6187,2022-07-14 11:16:00+05:30,13.9,13.9,13.9,13.9,0,1900
6188,2022-07-14 11:17:00+05:30,13.9,13.9,13.9,13.9,0,1900
6189,2022-07-14 11:18:00+05:30,13.9,14.15,13.9,14.15,25,1475
6190,2022-07-14 11:19:00+05:30,14.15,14.15,14.15,14.15,0,1475
6191,2022-07-14 11:20:00+05:30,14.15,14.15,14.15,14.15,0,1475
6192,2022-07-14 11:21:00+05:30,14.15,14.15,14.15,14.15,0,1475
6193,2022-07-14 11:22:00+05:30,14.15,14.15,14.15,14.15,0,1475
6194,2022-07-14 11:23:00+05:30,14.15,14.15,14.15,14.15,0,1475
6195,2022-07-14 11:24:00+05:30,14.15,14.15,14.15,14.15,0,1475
6196,2022-07-14 11:25:00+05:30,14.15,14.15,14.15,14.15,0,1475
6197,2022-07-14 11:26:00+05:30,14.15,14.15,14.15,14.15,0,1475
6198,2022-07-14 11:27:00+05:30,14.15,14.15,14.15,14.15,0,1475
6199,2022-07-14 11:28:00+05:30,14.15,14.15,14.15,14.15,0,1475
6200,2022-07-14 11:29:00+05:30,14.15,14.15,14.15,14.15,0,1475
6201,2022-07-14 11:30:00+05:30,14.15,14.15,14.15,14.15,0,1475
6202,2022-07-14 11:31:00+05:30,14.15,14.15,14.15,14.15,0,1475
6203,2022-07-14 11:32:00+05:30,14.15,14.15,14.15,14.15,0,1475
6204,2022-07-14 11:33:00+05:30,14.15,14.15,14.15,14.15,0,1475
6205,2022-07-14 11:34:00+05:30,14.15,14.15,14.15,14.15,0,1475
6206,2022-07-14 11:35:00+05:30,14.15,14.15,14.15,14.15,0,1475
6207,2022-07-14 11:36:00+05:30,14.15,14.15,14.15,14.15,0,1475
6208,2022-07-14 11:37:00+05:30,14.45,14.45,14.15,14.45,25,1475
6209,2022-07-14 11:38:00+05:30,14.45,14.45,14.45,14.45,0,1475
6210,2022-07-14 11:39:00+05:30,14.45,14.45,14.3,14.3,0,1450
6211,2022-07-14 11:40:00+05:30,14.3,14.3,14.3,14.3,75,1450
6212,2022-07-14 11:41:00+05:30,14.3,14.3,14.3,14.3,0,1450
6213,2022-07-14 11:42:00+05:30,14.3,14.3,14.3,14.3,0,1450
6214,2022-07-14 11:43:00+05:30,14.3,14.3,14.3,14.3,0,1450
6215,2022-07-14 11:44:00+05:30,14.3,14.3,14.3,14.3,0,1450
6216,2022-07-14 11:45:00+05:30,14.3,14.3,14.3,14.3,0,1450
6217,2022-07-14 11:46:00+05:30,14.3,14.3,14.3,14.3,0,1450
6218,2022-07-14 11:47:00+05:30,14.3,14.3,14.3,14.3,0,1450
6219,2022-07-14 11:48:00+05:30,14.3,14.3,14.3,14.3,0,1450
6220,2022-07-14 11:49:00+05:30,14.3,14.3,14.3,14.3,0,1450
6221,2022-07-14 11:50:00+05:30,14.3,14.3,14.3,14.3,0,1450
6222,2022-07-14 11:51:00+05:30,14.3,14.3,14.3,14.3,0,1450
6223,2022-07-14 11:52:00+05:30,14.3,14.35,14.3,14.35,25,1375
6224,2022-07-14 11:53:00+05:30,14.35,14.35,14.35,14.35,0,1375
6225,2022-07-14 11:54:00+05:30,14.35,14.35,14.35,14.35,0,1375
6226,2022-07-14 11:55:00+05:30,14.35,14.35,14.35,14.35,0,1375
6227,2022-07-14 11:56:00+05:30,14.35,14.35,14.35,14.35,0,1375
6228,2022-07-14 11:57:00+05:30,14.35,14.35,14.35,14.35,0,1375
6229,2022-07-14 11:58:00+05:30,14.35,14.35,14.35,14.35,0,1375
6230,2022-07-14 11:59:00+05:30,14.35,14.35,14.35,14.35,0,1375
6231,2022-07-14 12:00:00+05:30,14.35,14.35,14.35,14.35,0,1375
6232,2022-07-14 12:01:00+05:30,14.35,14.35,14.35,14.35,0,1375
6233,2022-07-14 12:02:00+05:30,14.35,14.35,14.35,14.35,0,1375
6234,2022-07-14 12:03:00+05:30,14.35,14.35,14.35,14.35,0,1375
6235,2022-07-14 12:04:00+05:30,14.35,14.35,14.35,14.35,0,1375
6236,2022-07-14 12:05:00+05:30,14.35,14.35,14.35,14.35,0,1375
6237,2022-07-14 12:06:00+05:30,14.35,14.35,14.35,14.35,0,1375
6238,2022-07-14 12:07:00+05:30,14.35,14.35,14.35,14.35,0,1375
6239,2022-07-14 12:08:00+05:30,14.35,14.35,14.35,14.35,0,1375
6240,2022-07-14 12:09:00+05:30,14.35,14.35,14.35,14.35,0,1375
6241,2022-07-14 12:10:00+05:30,14.35,14.35,14.35,14.35,0,1375
6242,2022-07-14 12:11:00+05:30,14.35,14.35,14.35,14.35,0,1375
6243,2022-07-14 12:13:00+05:30,14.35,14.35,14.35,14.35,0,1375
6244,2022-07-14 12:14:00+05:30,14.35,14.35,14.35,14.35,0,1375
6245,2022-07-14 12:15:00+05:30,14.35,14.35,14.35,14.35,0,1375
6246,2022-07-14 12:16:00+05:30,14.35,14.35,14.35,14.35,0,1375
6247,2022-07-14 12:17:00+05:30,14.35,14.35,14.35,14.35,0,1375
6248,2022-07-14 12:18:00+05:30,14.35,14.35,14.35,14.35,50,1375
6249,2022-07-14 12:19:00+05:30,14.35,14.35,14.35,14.35,0,1375
6250,2022-07-14 12:20:00+05:30,14.35,14.35,14.35,14.35,0,1375
6251,2022-07-14 12:21:00+05:30,14.35,14.35,14.35,14.35,0,1375
6252,2022-07-14 12:22:00+05:30,14.35,14.35,14.35,14.35,0,1375
6253,2022-07-14 12:23:00+05:30,14.35,14.35,14.35,14.35,0,1375
6254,2022-07-14 12:24:00+05:30,14.35,14.35,14.35,14.35,0,1375
6255,2022-07-14 12:25:00+05:30,14.35,14.35,14.35,14.35,0,1375
6256,2022-07-14 12:26:00+05:30,14.35,14.35,14.35,14.35,0,1375
6257,2022-07-14 12:27:00+05:30,14.35,14.35,14.35,14.35,0,1375
6258,2022-07-14 12:28:00+05:30,14.35,14.35,14.35,14.35,0,1375
6259,2022-07-14 12:29:00+05:30,14.35,14.35,14.35,14.35,0,1375
6260,2022-07-14 12:30:00+05:30,14.35,14.35,14.35,14.35,0,1375
6261,2022-07-14 12:31:00+05:30,14.35,14.35,14.35,14.35,0,1375
6262,2022-07-14 12:32:00+05:30,14.35,14.35,14.35,14.35,0,1375
6263,2022-07-14 12:33:00+05:30,14.35,14.35,14.35,14.35,0,1375
6264,2022-07-14 12:34:00+05:30,14.35,14.35,14.35,14.35,0,1375
6265,2022-07-14 12:35:00+05:30,14.35,14.5,14.35,14.5,0,1375
6266,2022-07-14 12:36:00+05:30,14.5,14.5,14.5,14.5,25,1375
6267,2022-07-14 12:37:00+05:30,14.5,14.5,14.5,14.5,0,1375
6268,2022-07-14 12:38:00+05:30,14.5,14.5,14.5,14.5,0,1375
6269,2022-07-14 12:39:00+05:30,14.5,14.5,14.5,14.5,0,1375
6270,2022-07-14 12:40:00+05:30,14.5,14.5,14.5,14.5,0,1375
6271,2022-07-14 12:41:00+05:30,14.5,14.5,14.5,14.5,0,1375
6272,2022-07-14 12:42:00+05:30,14.5,14.5,14.5,14.5,0,1375
6273,2022-07-14 12:43:00+05:30,14.5,14.5,14.5,14.5,0,1375
6274,2022-07-14 12:44:00+05:30,14.5,14.5,14.5,14.5,0,1375
6275,2022-07-14 12:45:00+05:30,14.5,14.5,14.5,14.5,0,1375
6276,2022-07-14 12:46:00+05:30,14.5,14.5,14.5,14.5,0,1375
6277,2022-07-14 12:47:00+05:30,14.5,14.5,14.5,14.5,0,1375
6278,2022-07-14 12:48:00+05:30,14.5,14.5,14.5,14.5,0,1375
6279,2022-07-14 12:49:00+05:30,14.5,14.5,14.5,14.5,0,1375
6280,2022-07-14 12:50:00+05:30,14.5,14.5,14.5,14.5,0,1375
6281,2022-07-14 12:51:00+05:30,14.5,14.5,14.5,14.5,0,1375
6282,2022-07-14 12:52:00+05:30,14.5,14.5,14.5,14.5,0,1375
6283,2022-07-14 12:53:00+05:30,14.5,14.5,14.5,14.5,0,1375
6284,2022-07-14 12:54:00+05:30,14.5,14.5,14.5,14.5,0,1375
6285,2022-07-14 12:55:00+05:30,14.5,14.5,14.5,14.5,0,1375
6286,2022-07-14 12:56:00+05:30,14.5,14.5,14.5,14.5,0,1375
6287,2022-07-14 12:57:00+05:30,14.5,14.5,14.5,14.5,0,1375
6288,2022-07-14 12:58:00+05:30,14.5,14.5,14.5,14.5,0,1375
6289,2022-07-14 12:59:00+05:30,14.5,14.5,14.5,14.5,0,1375
6290,2022-07-14 13:00:00+05:30,14.5,14.5,14.5,14.5,0,1375
6291,2022-07-14 13:01:00+05:30,14.5,14.5,14.5,14.5,0,1375
6292,2022-07-14 13:02:00+05:30,14.5,14.5,14.5,14.5,0,1375
6293,2022-07-14 13:03:00+05:30,14.5,14.5,14.5,14.5,0,1375
6294,2022-07-14 13:04:00+05:30,14.5,14.5,14.5,14.5,0,1375
6295,2022-07-14 13:05:00+05:30,14.5,14.5,14.5,14.5,0,1375
6296,2022-07-14 13:06:00+05:30,14.5,14.5,14.5,14.5,0,1375
6297,2022-07-14 13:07:00+05:30,14.5,14.5,14.5,14.5,0,1375
6298,2022-07-14 13:08:00+05:30,14.5,14.5,14.5,14.5,0,1375
6299,2022-07-14 13:09:00+05:30,14.5,14.5,14.5,14.5,0,1375
6300,2022-07-14 13:10:00+05:30,14.5,14.5,14.5,14.5,0,1375
6301,2022-07-14 13:11:00+05:30,14.5,14.5,14.5,14.5,0,1375
6302,2022-07-14 13:12:00+05:30,14.5,14.5,14.5,14.5,0,1375
6303,2022-07-14 13:13:00+05:30,14.5,14.5,14.5,14.5,0,1375
6304,2022-07-14 13:14:00+05:30,14.5,14.5,14.5,14.5,0,1375
6305,2022-07-14 13:15:00+05:30,14.5,14.5,14.5,14.5,0,1375
6306,2022-07-14 13:16:00+05:30,14.5,14.5,14.5,14.5,0,1375
6307,2022-07-14 13:17:00+05:30,14.5,14.5,14.5,14.5,0,1375
6308,2022-07-14 13:18:00+05:30,14.5,14.5,14.5,14.5,0,1375
6309,2022-07-14 13:19:00+05:30,14.5,14.5,14.5,14.5,0,1375
6310,2022-07-14 13:20:00+05:30,14.5,14.5,14.5,14.5,0,1375
6311,2022-07-14 13:21:00+05:30,14.5,14.5,14.5,14.5,0,1375
6312,2022-07-14 13:22:00+05:30,14.5,14.5,14.5,14.5,0,1375
6313,2022-07-14 13:23:00+05:30,14.5,14.5,14.5,14.5,0,1375
6314,2022-07-14 13:24:00+05:30,14.5,14.5,14.5,14.5,0,1375
6315,2022-07-14 13:25:00+05:30,14.5,14.5,14.5,14.5,0,1375
6316,2022-07-14 13:26:00+05:30,14.5,14.5,14.5,14.5,0,1375
6317,2022-07-14 13:27:00+05:30,14.5,14.5,14.5,14.5,0,1375
6318,2022-07-14 13:28:00+05:30,14.5,14.5,14.5,14.5,0,1375
6319,2022-07-14 13:30:00+05:30,14.5,14.5,14.5,14.5,0,1375
6320,2022-07-14 13:31:00+05:30,14.5,14.5,14.5,14.5,0,1375
6321,2022-07-14 13:32:00+05:30,14.5,14.5,14.5,14.5,0,1375
6322,2022-07-14 13:33:00+05:30,14.5,14.5,14.5,14.5,0,1375
6323,2022-07-14 13:34:00+05:30,14.5,14.5,14.5,14.5,0,1375
6324,2022-07-14 13:35:00+05:30,14.5,14.5,14.5,14.5,0,1375
6325,2022-07-14 13:37:00+05:30,14.5,14.5,14.5,14.5,0,1375
6326,2022-07-14 13:38:00+05:30,14.5,14.5,14.5,14.5,0,1375
6327,2022-07-14 13:39:00+05:30,14.5,14.5,14.5,14.5,0,1375
6328,2022-07-14 13:40:00+05:30,14.5,14.5,14.5,14.5,0,1375
6329,2022-07-14 13:41:00+05:30,14.5,14.5,14.5,14.5,0,1375
6330,2022-07-14 13:42:00+05:30,14.5,14.5,14.5,14.5,0,1375
6331,2022-07-14 13:44:00+05:30,14.5,14.5,14.5,14.5,0,1375
6332,2022-07-14 13:45:00+05:30,14.5,14.5,14.5,14.5,0,1375
6333,2022-07-14 13:46:00+05:30,14.5,14.5,14.5,14.5,0,1375
6334,2022-07-14 13:47:00+05:30,14.5,14.5,14.5,14.5,0,1375
6335,2022-07-14 13:48:00+05:30,14.5,14.5,14.5,14.5,0,1375
6336,2022-07-14 13:49:00+05:30,14.5,14.5,14.5,14.5,0,1375
6337,2022-07-14 13:50:00+05:30,14.5,14.5,14.5,14.5,0,1375
6338,2022-07-14 13:51:00+05:30,14.5,14.5,14.5,14.5,0,1375
6339,2022-07-14 13:52:00+05:30,14.5,14.5,14.5,14.5,0,1375
6340,2022-07-14 13:53:00+05:30,14.5,14.5,14.5,14.5,0,1375
6341,2022-07-14 13:54:00+05:30,14.5,14.5,14.5,14.5,0,1375
6342,2022-07-14 13:55:00+05:30,14.5,14.5,14.5,14.5,0,1375
6343,2022-07-14 13:56:00+05:30,14.5,14.5,14.5,14.5,0,1375
6344,2022-07-14 13:57:00+05:30,14.5,14.5,14.5,14.5,0,1375
6345,2022-07-14 13:58:00+05:30,14.5,14.5,14.5,14.5,0,1375
6346,2022-07-14 13:59:00+05:30,14.5,14.5,14.5,14.5,0,1375
6347,2022-07-14 14:00:00+05:30,14.5,14.5,14.5,14.5,0,1375
6348,2022-07-14 14:01:00+05:30,14.5,14.5,14.5,14.5,0,1375
6349,2022-07-14 14:02:00+05:30,14.5,14.5,14.5,14.5,0,1375
6350,2022-07-14 14:03:00+05:30,14.5,14.5,14.5,14.5,0,1375
6351,2022-07-14 14:04:00+05:30,14.5,14.5,14.5,14.5,0,1375
6352,2022-07-14 14:05:00+05:30,14.5,14.5,14.5,14.5,0,1375
6353,2022-07-14 14:06:00+05:30,14.5,14.5,14.5,14.5,0,1375
6354,2022-07-14 14:07:00+05:30,14.5,14.5,14.5,14.5,0,1375
6355,2022-07-14 14:08:00+05:30,14.5,14.5,14.5,14.5,0,1375
6356,2022-07-14 14:09:00+05:30,14.5,14.5,14.5,14.5,0,1375
6357,2022-07-14 14:10:00+05:30,14.5,14.5,14.5,14.5,0,1375
6358,2022-07-14 14:11:00+05:30,14.5,14.5,14.5,14.5,0,1375
6359,2022-07-14 14:12:00+05:30,14.5,14.5,14.5,14.5,0,1375
6360,2022-07-14 14:13:00+05:30,14.5,14.5,14.5,14.5,0,1375
6361,2022-07-14 14:14:00+05:30,14.5,14.5,14.5,14.5,0,1375
6362,2022-07-14 14:15:00+05:30,14.5,14.5,14.5,14.5,0,1375
6363,2022-07-14 14:16:00+05:30,14.5,14.5,14.5,14.5,0,1375
6364,2022-07-14 14:17:00+05:30,14.5,14.5,14.5,14.5,0,1375
6365,2022-07-14 14:18:00+05:30,14.5,14.5,14.5,14.5,0,1375
6366,2022-07-14 14:19:00+05:30,14.5,14.5,14.5,14.5,0,1375
6367,2022-07-14 14:20:00+05:30,14.5,14.5,14.5,14.5,0,1375
6368,2022-07-14 14:21:00+05:30,14.5,14.5,14.5,14.5,0,1375
6369,2022-07-14 14:22:00+05:30,14.5,14.5,14.5,14.5,0,1375
6370,2022-07-14 14:23:00+05:30,14.5,14.5,14.5,14.5,0,1375
6371,2022-07-14 14:24:00+05:30,14.5,14.5,14.5,14.5,0,1375
6372,2022-07-14 14:25:00+05:30,14.5,14.5,14.5,14.5,0,1375
6373,2022-07-14 14:26:00+05:30,14.5,14.5,14.5,14.5,0,1375
6374,2022-07-14 14:27:00+05:30,14.5,14.5,14.5,14.5,0,1375
6375,2022-07-14 14:28:00+05:30,14.5,14.5,14.5,14.5,0,1375
6376,2022-07-14 14:29:00+05:30,14.5,14.5,14.5,14.5,0,1375
6377,2022-07-14 14:30:00+05:30,14.5,14.5,14.5,14.5,0,1375
6378,2022-07-14 14:31:00+05:30,14.5,14.5,14.5,14.5,0,1375
6379,2022-07-14 14:32:00+05:30,14.5,14.5,14.5,14.5,0,1375
6380,2022-07-14 14:33:00+05:30,14.5,14.5,14.5,14.5,0,1375
6381,2022-07-14 14:34:00+05:30,14.5,14.5,14.5,14.5,0,1375
6382,2022-07-14 14:35:00+05:30,14.5,14.5,14.5,14.5,0,1375
6383,2022-07-14 14:36:00+05:30,14.5,14.5,14.5,14.5,0,1375
6384,2022-07-14 14:37:00+05:30,14.5,14.5,14.5,14.5,0,1375
6385,2022-07-14 14:38:00+05:30,14.5,14.5,14.5,14.5,0,1375
6386,2022-07-14 14:39:00+05:30,14.5,14.5,14.5,14.5,0,1375
6387,2022-07-14 14:40:00+05:30,14.5,14.5,14.5,14.5,0,1375
6388,2022-07-14 14:41:00+05:30,14.5,14.5,14.5,14.5,0,1375
6389,2022-07-14 14:42:00+05:30,14.5,14.5,14.5,14.5,0,1375
6390,2022-07-14 14:43:00+05:30,14.5,14.5,14.5,14.5,0,1375
6391,2022-07-14 14:44:00+05:30,14.5,14.5,13.7,13.75,50,1375
6392,2022-07-14 14:45:00+05:30,13.75,13.75,13.75,13.75,0,1375
6393,2022-07-14 14:47:00+05:30,13.75,13.75,13.75,13.75,0,1375
6394,2022-07-14 14:49:00+05:30,13.75,13.75,13.75,13.75,0,1375
6395,2022-07-14 14:50:00+05:30,13.75,13.75,13.75,13.75,0,1375
6396,2022-07-14 14:51:00+05:30,13.75,13.75,13.75,13.75,0,1375
6397,2022-07-14 14:52:00+05:30,13.75,13.75,13.75,13.75,0,1375
6398,2022-07-14 14:53:00+05:30,13.75,13.75,13.75,13.75,0,1375
6399,2022-07-14 14:54:00+05:30,13.75,13.75,13.75,13.75,0,1375
6400,2022-07-14 14:55:00+05:30,13.75,13.75,13.75,13.75,0,1375
6401,2022-07-14 14:56:00+05:30,13.75,13.75,13.75,13.75,0,1375
6402,2022-07-14 14:57:00+05:30,13.75,13.75,13.75,13.75,0,1375
6403,2022-07-14 14:58:00+05:30,13.75,13.75,13.75,13.75,0,1375
6404,2022-07-14 14:59:00+05:30,13.75,13.75,13.75,13.75,0,1375
6405,2022-07-14 15:00:00+05:30,13.75,13.75,13.75,13.75,0,1375
6406,2022-07-14 15:01:00+05:30,13.75,13.75,13.75,13.75,0,1375
6407,2022-07-14 15:02:00+05:30,13.75,13.75,13.75,13.75,0,1375
6408,2022-07-14 15:03:00+05:30,13.75,13.75,13.75,13.75,0,1375
6409,2022-07-14 15:04:00+05:30,13.75,13.75,13.75,13.75,0,1375
6410,2022-07-14 15:05:00+05:30,13.75,13.75,13.75,13.75,0,1375
6411,2022-07-14 15:06:00+05:30,13.75,13.75,13.75,13.75,0,1375
6412,2022-07-14 15:07:00+05:30,13.75,13.75,13.75,13.75,0,1375
6413,2022-07-14 15:08:00+05:30,13.75,13.75,13.75,13.75,0,1375
6414,2022-07-14 15:09:00+05:30,13.75,13.75,13.75,13.75,0,1375
6415,2022-07-14 15:10:00+05:30,13.75,13.75,13.75,13.75,0,1375
6416,2022-07-14 15:11:00+05:30,13.75,13.75,13.75,13.75,0,1375
6417,2022-07-14 15:12:00+05:30,13.75,13.75,13.75,13.75,0,1375
6418,2022-07-14 15:13:00+05:30,13.75,13.75,13.75,13.75,0,1375
6419,2022-07-14 15:14:00+05:30,13.75,13.75,13.75,13.75,0,1375
6420,2022-07-14 15:15:00+05:30,13.75,13.75,13.75,13.75,0,1375
6421,2022-07-14 15:16:00+05:30,13.75,13.75,13.75,13.75,0,1375
6422,2022-07-14 15:17:00+05:30,13.75,13.75,13.75,13.75,0,1375
6423,2022-07-14 15:18:00+05:30,13.75,13.75,13.0,13.0,100,1325
6424,2022-07-14 15:19:00+05:30,13.0,13.0,13.0,13.0,0,1325
6425,2022-07-14 15:20:00+05:30,13.0,13.0,13.0,13.0,0,1325
6426,2022-07-14 15:21:00+05:30,13.0,13.0,13.0,13.0,0,1325
6427,2022-07-14 15:22:00+05:30,13.0,13.0,13.0,13.0,0,1325
6428,2022-07-14 15:23:00+05:30,13.0,13.0,13.0,13.0,0,1325
6429,2022-07-14 15:24:00+05:30,13.0,13.0,13.0,13.0,0,1325
6430,2022-07-14 15:25:00+05:30,15.35,15.35,15.35,15.35,50,1325
6431,2022-07-14 15:26:00+05:30,15.35,15.35,15.35,15.35,0,1325
6432,2022-07-14 15:27:00+05:30,15.35,15.35,15.35,15.35,0,1325
6433,2022-07-14 15:28:00+05:30,15.35,15.35,13.0,13.0,25,1325
6434,2022-07-14 15:29:00+05:30,13.0,13.0,13.0,13.0,0,1325
6435,2022-07-15 09:15:00+05:30,9.95,9.95,9.95,9.95,0,0
6436,2022-07-15 09:16:00+05:30,9.95,10.25,9.95,10.2,50,1325
6437,2022-07-15 09:17:00+05:30,10.2,10.2,10.2,10.2,0,1325
6438,2022-07-15 09:18:00+05:30,10.2,10.2,10.2,10.2,0,1325
6439,2022-07-15 09:19:00+05:30,10.2,10.2,10.2,10.2,0,1325
6440,2022-07-15 09:20:00+05:30,10.2,10.2,10.2,10.2,0,1325
6441,2022-07-15 09:21:00+05:30,10.2,10.2,10.2,10.2,0,1325
6442,2022-07-15 09:22:00+05:30,10.2,10.2,10.2,10.2,0,1325
6443,2022-07-15 09:23:00+05:30,10.2,10.2,10.2,10.2,0,1325
6444,2022-07-15 09:24:00+05:30,10.2,10.2,10.2,10.2,0,1325
6445,2022-07-15 09:25:00+05:30,10.2,10.2,10.2,10.2,0,1325
6446,2022-07-15 09:26:00+05:30,10.2,10.2,10.2,10.2,0,1325
6447,2022-07-15 09:27:00+05:30,10.2,10.2,10.2,10.2,0,1325
6448,2022-07-15 09:28:00+05:30,10.2,10.2,10.2,10.2,0,1325
6449,2022-07-15 09:29:00+05:30,10.2,10.2,10.2,10.2,0,1325
6450,2022-07-15 09:30:00+05:30,10.2,10.2,10.2,10.2,0,1325
6451,2022-07-15 09:31:00+05:30,10.2,10.2,10.2,10.2,0,1325
6452,2022-07-15 09:32:00+05:30,10.2,10.2,10.2,10.2,0,1325
6453,2022-07-15 09:33:00+05:30,10.2,10.2,10.2,10.2,0,1325
6454,2022-07-15 09:34:00+05:30,10.2,10.2,10.2,10.2,0,1325
6455,2022-07-15 09:35:00+05:30,10.2,10.2,10.2,10.2,0,1325
6456,2022-07-15 09:36:00+05:30,10.2,10.2,10.2,10.2,0,1325
6457,2022-07-15 09:37:00+05:30,10.2,10.2,10.2,10.2,0,1325
6458,2022-07-15 09:38:00+05:30,10.2,10.2,10.2,10.2,0,1325
6459,2022-07-15 09:39:00+05:30,10.2,10.2,10.2,10.2,0,1325
6460,2022-07-15 09:40:00+05:30,10.2,10.2,10.2,10.2,0,1325
6461,2022-07-15 09:41:00+05:30,10.2,10.2,10.2,10.2,0,1325
6462,2022-07-15 09:42:00+05:30,10.2,10.2,10.2,10.2,0,1325
6463,2022-07-15 09:43:00+05:30,10.2,10.2,10.2,10.2,0,1325
6464,2022-07-15 09:44:00+05:30,10.2,10.2,10.2,10.2,0,1325
6465,2022-07-15 09:45:00+05:30,10.2,10.2,10.2,10.2,0,1325
6466,2022-07-15 09:46:00+05:30,10.2,10.2,10.2,10.2,0,1325
6467,2022-07-15 09:47:00+05:30,10.2,10.2,10.2,10.2,0,1325
6468,2022-07-15 09:48:00+05:30,10.2,10.2,10.2,10.2,0,1325
6469,2022-07-15 09:49:00+05:30,10.2,10.2,10.2,10.2,0,1325
6470,2022-07-15 09:50:00+05:30,10.2,10.2,10.2,10.2,0,1325
6471,2022-07-15 09:51:00+05:30,10.2,10.2,10.2,10.2,0,1325
6472,2022-07-15 09:52:00+05:30,10.2,10.2,10.2,10.2,0,1325
6473,2022-07-15 09:53:00+05:30,10.2,10.2,10.2,10.2,0,1325
6474,2022-07-15 09:54:00+05:30,10.2,10.2,10.2,10.2,0,1325
6475,2022-07-15 09:55:00+05:30,10.2,10.2,10.2,10.2,0,1325
6476,2022-07-15 09:56:00+05:30,10.2,10.2,10.2,10.2,0,1325
6477,2022-07-15 09:57:00+05:30,10.2,10.2,10.2,10.2,0,1325
6478,2022-07-15 09:58:00+05:30,10.2,10.2,10.2,10.2,0,1325
6479,2022-07-15 09:59:00+05:30,10.2,10.2,10.2,10.2,0,1325
6480,2022-07-15 10:00:00+05:30,10.2,10.2,10.2,10.2,0,1325
6481,2022-07-15 10:01:00+05:30,10.2,10.2,10.2,10.2,0,1325
6482,2022-07-15 10:02:00+05:30,10.2,10.2,10.2,10.2,0,1325
6483,2022-07-15 10:03:00+05:30,10.2,10.2,10.2,10.2,0,1325
6484,2022-07-15 10:04:00+05:30,10.2,10.2,10.2,10.2,0,1325
6485,2022-07-15 10:05:00+05:30,10.2,10.2,10.2,10.2,0,1325
6486,2022-07-15 10:06:00+05:30,10.2,10.2,10.2,10.2,0,1325
6487,2022-07-15 10:07:00+05:30,10.2,10.2,10.2,10.2,0,1325
6488,2022-07-15 10:08:00+05:30,10.2,10.2,10.2,10.2,0,1325
6489,2022-07-15 10:09:00+05:30,10.2,11.0,10.2,11.0,150,1350
6490,2022-07-15 10:10:00+05:30,11.0,11.2,11.0,11.2,50,1350
6491,2022-07-15 10:11:00+05:30,11.2,11.2,11.2,11.2,0,1350
6492,2022-07-15 10:12:00+05:30,11.2,11.2,11.2,11.2,0,1350
6493,2022-07-15 10:13:00+05:30,11.2,11.2,11.2,11.2,0,1350
6494,2022-07-15 10:14:00+05:30,11.2,11.2,11.2,11.2,0,1350
6495,2022-07-15 10:15:00+05:30,11.2,11.2,11.2,11.2,0,1350
6496,2022-07-15 10:16:00+05:30,11.2,11.2,11.2,11.2,0,1350
6497,2022-07-15 10:17:00+05:30,11.2,11.2,11.2,11.2,0,1350
6498,2022-07-15 10:18:00+05:30,11.2,11.2,11.2,11.2,0,1350
6499,2022-07-15 10:19:00+05:30,11.2,11.2,11.2,11.2,100,1325
6500,2022-07-15 10:20:00+05:30,11.2,11.2,11.2,11.2,0,1325
6501,2022-07-15 10:21:00+05:30,11.2,11.2,11.2,11.2,0,1325
6502,2022-07-15 10:22:00+05:30,11.2,11.2,11.2,11.2,0,1325
6503,2022-07-15 10:23:00+05:30,11.2,11.2,11.2,11.2,0,1325
6504,2022-07-15 10:24:00+05:30,11.2,11.2,11.2,11.2,0,1325
6505,2022-07-15 10:25:00+05:30,11.2,11.2,11.2,11.2,0,1325
6506,2022-07-15 10:26:00+05:30,11.2,11.2,11.2,11.2,0,1325
6507,2022-07-15 10:27:00+05:30,11.2,11.2,11.2,11.2,0,1325
6508,2022-07-15 10:28:00+05:30,11.2,11.2,11.2,11.2,0,1325
6509,2022-07-15 10:29:00+05:30,11.2,11.2,11.2,11.2,0,1325
6510,2022-07-15 10:30:00+05:30,11.2,11.2,11.2,11.2,0,1325
6511,2022-07-15 10:31:00+05:30,11.2,11.2,11.2,11.2,0,1325
6512,2022-07-15 10:32:00+05:30,11.2,11.2,11.2,11.2,0,1325
6513,2022-07-15 10:33:00+05:30,11.2,11.2,11.2,11.2,0,1325
6514,2022-07-15 10:34:00+05:30,11.2,11.2,11.2,11.2,0,1325
6515,2022-07-15 10:35:00+05:30,11.2,11.2,11.2,11.2,0,1325
6516,2022-07-15 10:36:00+05:30,11.2,11.2,11.2,11.2,0,1325
6517,2022-07-15 10:37:00+05:30,11.2,11.2,11.2,11.2,0,1325
6518,2022-07-15 10:38:00+05:30,11.2,11.2,11.2,11.2,0,1325
6519,2022-07-15 10:39:00+05:30,11.2,11.2,11.2,11.2,0,1325
6520,2022-07-15 10:40:00+05:30,11.2,11.2,11.2,11.2,0,1325
6521,2022-07-15 10:41:00+05:30,11.2,11.2,11.2,11.2,0,1325
6522,2022-07-15 10:42:00+05:30,11.2,11.2,11.2,11.2,0,1325
6523,2022-07-15 10:43:00+05:30,11.2,11.2,11.2,11.2,0,1325
6524,2022-07-15 10:44:00+05:30,11.2,11.2,11.2,11.2,0,1325
6525,2022-07-15 10:45:00+05:30,11.2,11.2,11.2,11.2,0,1325
6526,2022-07-15 10:46:00+05:30,11.2,11.2,11.2,11.2,0,1325
6527,2022-07-15 10:47:00+05:30,11.2,11.2,11.2,11.2,0,1325
6528,2022-07-15 10:48:00+05:30,11.2,11.2,11.2,11.2,0,1325
6529,2022-07-15 10:49:00+05:30,11.2,11.2,11.2,11.2,0,1325
6530,2022-07-15 10:50:00+05:30,11.2,11.2,11.2,11.2,0,1325
6531,2022-07-15 10:51:00+05:30,11.2,11.2,11.2,11.2,0,1325
6532,2022-07-15 10:52:00+05:30,11.2,11.2,11.2,11.2,0,1325
6533,2022-07-15 10:53:00+05:30,11.2,11.2,11.2,11.2,0,1325
6534,2022-07-15 10:54:00+05:30,11.2,11.2,11.2,11.2,0,1325
6535,2022-07-15 10:55:00+05:30,11.2,11.2,11.2,11.2,0,1325
6536,2022-07-15 10:56:00+05:30,11.2,11.2,11.2,11.2,0,1325
6537,2022-07-15 10:57:00+05:30,11.2,11.2,11.2,11.2,0,1325
6538,2022-07-15 10:58:00+05:30,11.2,11.2,11.2,11.2,0,1325
6539,2022-07-15 10:59:00+05:30,11.2,11.2,11.2,11.2,0,1325
6540,2022-07-15 11:00:00+05:30,11.2,11.2,11.2,11.2,0,1325
6541,2022-07-15 11:01:00+05:30,11.2,11.2,11.2,11.2,0,1325
6542,2022-07-15 11:02:00+05:30,11.2,11.2,11.2,11.2,0,1325
6543,2022-07-15 11:03:00+05:30,11.2,11.2,11.2,11.2,0,1325
6544,2022-07-15 11:04:00+05:30,11.2,11.2,11.2,11.2,0,1325
6545,2022-07-15 11:05:00+05:30,11.2,11.2,11.2,11.2,0,1325
6546,2022-07-15 11:06:00+05:30,11.2,11.2,11.2,11.2,0,1325
6547,2022-07-15 11:07:00+05:30,11.2,11.2,11.2,11.2,0,1325
6548,2022-07-15 11:08:00+05:30,11.2,11.2,11.2,11.2,0,1325
6549,2022-07-15 11:09:00+05:30,11.2,11.2,11.2,11.2,0,1325
6550,2022-07-15 11:10:00+05:30,11.2,11.2,11.2,11.2,0,1325
6551,2022-07-15 11:11:00+05:30,11.2,11.2,11.2,11.2,0,1325
6552,2022-07-15 11:12:00+05:30,11.2,11.2,11.2,11.2,0,1325
6553,2022-07-15 11:13:00+05:30,11.2,11.2,11.2,11.2,0,1325
6554,2022-07-15 11:14:00+05:30,11.2,11.2,11.2,11.2,0,1325
6555,2022-07-15 11:15:00+05:30,11.2,11.2,11.2,11.2,0,1325
6556,2022-07-15 11:16:00+05:30,11.2,11.2,11.2,11.2,0,1325
6557,2022-07-15 11:17:00+05:30,11.2,11.2,11.2,11.2,0,1325
6558,2022-07-15 11:18:00+05:30,11.2,11.2,11.2,11.2,0,1325
6559,2022-07-15 11:19:00+05:30,11.2,11.2,11.2,11.2,0,1325
6560,2022-07-15 11:20:00+05:30,11.2,11.2,11.2,11.2,0,1325
6561,2022-07-15 11:21:00+05:30,11.2,11.2,11.2,11.2,0,1325
6562,2022-07-15 11:22:00+05:30,11.2,11.2,11.2,11.2,0,1325
6563,2022-07-15 11:23:00+05:30,11.2,11.2,11.2,11.2,0,1325
6564,2022-07-15 11:24:00+05:30,11.2,11.2,11.2,11.2,0,1325
6565,2022-07-15 11:25:00+05:30,11.2,11.4,11.2,11.4,25,1325
6566,2022-07-15 11:26:00+05:30,11.4,11.4,11.4,11.4,0,1325
6567,2022-07-15 11:27:00+05:30,11.4,11.4,11.4,11.4,0,1325
6568,2022-07-15 11:28:00+05:30,11.4,11.4,11.4,11.4,0,1325
6569,2022-07-15 11:29:00+05:30,11.4,11.4,11.2,11.2,25,1325
6570,2022-07-15 11:30:00+05:30,11.2,11.2,11.2,11.2,0,1325
6571,2022-07-15 11:31:00+05:30,11.2,11.2,11.2,11.2,0,1325
6572,2022-07-15 11:32:00+05:30,11.2,11.2,11.2,11.2,0,1325
6573,2022-07-15 11:33:00+05:30,11.2,11.2,11.2,11.2,0,1325
6574,2022-07-15 11:34:00+05:30,11.2,11.2,11.15,11.15,75,1325
6575,2022-07-15 11:35:00+05:30,11.15,11.15,11.15,11.15,0,1325
6576,2022-07-15 11:36:00+05:30,11.15,11.15,11.15,11.15,0,1325
6577,2022-07-15 11:37:00+05:30,11.15,11.15,11.15,11.15,0,1325
6578,2022-07-15 11:38:00+05:30,11.15,11.15,11.15,11.15,0,1325
6579,2022-07-15 11:39:00+05:30,11.15,11.15,11.15,11.15,0,1325
6580,2022-07-15 11:40:00+05:30,11.15,11.15,11.15,11.15,0,1325
6581,2022-07-15 11:41:00+05:30,11.15,11.15,11.15,11.15,0,1325
6582,2022-07-15 11:42:00+05:30,11.15,11.15,11.15,11.15,0,1325
6583,2022-07-15 11:43:00+05:30,11.15,11.15,11.15,11.15,0,1325
6584,2022-07-15 11:44:00+05:30,11.15,11.15,11.15,11.15,0,1325
6585,2022-07-15 11:45:00+05:30,11.15,11.15,11.15,11.15,0,1325
6586,2022-07-15 11:46:00+05:30,11.15,11.15,11.15,11.15,0,1325
6587,2022-07-15 11:47:00+05:30,11.15,11.15,11.15,11.15,0,1325
6588,2022-07-15 11:48:00+05:30,11.15,11.15,11.15,11.15,0,1325
6589,2022-07-15 11:49:00+05:30,11.15,11.15,11.15,11.15,0,1325
6590,2022-07-15 11:50:00+05:30,11.15,11.15,11.15,11.15,0,1325
6591,2022-07-15 11:51:00+05:30,11.15,11.15,11.15,11.15,0,1325
6592,2022-07-15 11:52:00+05:30,11.15,11.15,11.15,11.15,0,1325
6593,2022-07-15 11:53:00+05:30,11.15,11.15,11.15,11.15,0,1325
6594,2022-07-15 11:54:00+05:30,11.15,11.15,11.15,11.15,0,1325
6595,2022-07-15 11:55:00+05:30,11.15,11.15,11.15,11.15,25,1325
6596,2022-07-15 11:56:00+05:30,11.15,11.15,11.15,11.15,0,1325
6597,2022-07-15 11:57:00+05:30,11.15,11.15,11.15,11.15,0,1325
6598,2022-07-15 11:58:00+05:30,11.15,11.15,11.15,11.15,0,1325
6599,2022-07-15 11:59:00+05:30,11.15,11.15,11.15,11.15,0,1325
6600,2022-07-15 12:00:00+05:30,11.15,11.15,11.15,11.15,0,1325
6601,2022-07-15 12:01:00+05:30,11.15,11.15,11.15,11.15,0,1325
6602,2022-07-15 12:02:00+05:30,11.15,11.15,11.15,11.15,0,1325
6603,2022-07-15 12:03:00+05:30,11.15,11.15,11.15,11.15,0,1325
6604,2022-07-15 12:04:00+05:30,11.15,11.15,11.15,11.15,0,1325
6605,2022-07-15 12:05:00+05:30,11.15,11.15,11.15,11.15,0,1325
6606,2022-07-15 12:06:00+05:30,11.15,11.15,11.15,11.15,0,1325
6607,2022-07-15 12:07:00+05:30,11.15,11.15,11.15,11.15,0,1325
6608,2022-07-15 12:08:00+05:30,11.15,11.15,11.15,11.15,0,1325
6609,2022-07-15 12:09:00+05:30,11.15,11.15,11.15,11.15,0,1325
6610,2022-07-15 12:10:00+05:30,11.15,11.15,11.15,11.15,0,1325
6611,2022-07-15 12:11:00+05:30,11.15,11.15,11.15,11.15,0,1325
6612,2022-07-15 12:12:00+05:30,11.15,11.15,11.15,11.15,0,1325
6613,2022-07-15 12:13:00+05:30,11.15,11.15,11.15,11.15,0,1325
6614,2022-07-15 12:14:00+05:30,11.15,11.15,11.15,11.15,0,1325
6615,2022-07-15 12:15:00+05:30,11.15,11.15,11.15,11.15,0,1325
6616,2022-07-15 12:16:00+05:30,11.15,11.15,11.15,11.15,0,1325
6617,2022-07-15 12:17:00+05:30,11.15,11.15,11.15,11.15,0,1325
6618,2022-07-15 12:18:00+05:30,11.15,11.15,11.15,11.15,0,1325
6619,2022-07-15 12:19:00+05:30,11.15,11.15,11.15,11.15,0,1325
6620,2022-07-15 12:20:00+05:30,11.15,11.15,11.15,11.15,0,1325
6621,2022-07-15 12:21:00+05:30,11.15,11.15,11.15,11.15,0,1325
6622,2022-07-15 12:22:00+05:30,11.15,11.15,11.15,11.15,0,1325
6623,2022-07-15 12:23:00+05:30,11.15,11.15,11.15,11.15,0,1325
6624,2022-07-15 12:24:00+05:30,11.15,11.15,11.15,11.15,0,1325
6625,2022-07-15 12:25:00+05:30,11.15,11.15,11.15,11.15,0,1325
6626,2022-07-15 12:26:00+05:30,11.15,11.15,11.15,11.15,0,1325
6627,2022-07-15 12:27:00+05:30,11.15,11.15,11.15,11.15,0,1325
6628,2022-07-15 12:28:00+05:30,11.15,11.15,11.15,11.15,0,1325
6629,2022-07-15 12:29:00+05:30,11.15,11.15,11.15,11.15,0,1325
6630,2022-07-15 12:30:00+05:30,11.15,11.15,11.15,11.15,0,1325
6631,2022-07-15 12:31:00+05:30,11.15,11.15,11.15,11.15,0,1325
6632,2022-07-15 12:32:00+05:30,11.15,11.15,11.15,11.15,0,1325
6633,2022-07-15 12:33:00+05:30,11.15,11.15,11.15,11.15,0,1325
6634,2022-07-15 12:34:00+05:30,11.15,11.15,11.15,11.15,0,1325
6635,2022-07-15 12:35:00+05:30,11.15,11.15,11.15,11.15,0,1325
6636,2022-07-15 12:36:00+05:30,11.15,11.15,11.15,11.15,0,1325
6637,2022-07-15 12:37:00+05:30,11.15,11.15,11.15,11.15,0,1325
6638,2022-07-15 12:38:00+05:30,11.15,11.15,11.15,11.15,0,1325
6639,2022-07-15 12:39:00+05:30,11.15,11.15,11.15,11.15,0,1325
6640,2022-07-15 12:40:00+05:30,11.15,11.15,11.15,11.15,0,1325
6641,2022-07-15 12:41:00+05:30,11.15,11.15,11.15,11.15,0,1325
6642,2022-07-15 12:42:00+05:30,11.15,11.15,11.15,11.15,0,1325
6643,2022-07-15 12:43:00+05:30,11.15,11.15,11.15,11.15,0,1325
6644,2022-07-15 12:44:00+05:30,11.15,11.15,11.15,11.15,0,1325
6645,2022-07-15 12:45:00+05:30,11.15,11.15,11.15,11.15,0,1325
6646,2022-07-15 12:46:00+05:30,11.15,11.15,11.15,11.15,0,1325
6647,2022-07-15 12:47:00+05:30,11.15,11.15,11.15,11.15,0,1325
6648,2022-07-15 12:48:00+05:30,11.15,11.15,11.15,11.15,0,1325
6649,2022-07-15 12:49:00+05:30,11.15,11.15,11.15,11.15,0,1325
6650,2022-07-15 12:50:00+05:30,11.15,11.15,11.15,11.15,0,1325
6651,2022-07-15 12:51:00+05:30,11.15,11.15,11.15,11.15,0,1325
6652,2022-07-15 12:52:00+05:30,11.15,11.15,11.15,11.15,0,1325
6653,2022-07-15 12:53:00+05:30,11.15,11.15,11.15,11.15,0,1325
6654,2022-07-15 12:54:00+05:30,11.15,11.15,11.15,11.15,0,1325
6655,2022-07-15 12:55:00+05:30,11.15,11.15,11.15,11.15,0,1325
6656,2022-07-15 12:56:00+05:30,11.15,11.15,11.15,11.15,0,1325
6657,2022-07-15 12:57:00+05:30,11.15,11.15,11.15,11.15,0,1325
6658,2022-07-15 12:58:00+05:30,11.15,11.15,11.15,11.15,0,1325
6659,2022-07-15 12:59:00+05:30,11.15,11.15,11.15,11.15,0,1325
6660,2022-07-15 13:00:00+05:30,11.15,11.15,11.15,11.15,0,1325
6661,2022-07-15 13:01:00+05:30,11.15,11.15,11.15,11.15,0,1325
6662,2022-07-15 13:02:00+05:30,11.15,11.15,11.15,11.15,0,1325
6663,2022-07-15 13:03:00+05:30,11.15,11.15,11.15,11.15,0,1325
6664,2022-07-15 13:04:00+05:30,11.15,11.15,11.15,11.15,0,1325
6665,2022-07-15 13:05:00+05:30,11.15,11.15,11.15,11.15,0,1325
6666,2022-07-15 13:06:00+05:30,11.15,11.15,11.15,11.15,0,1325
6667,2022-07-15 13:07:00+05:30,11.15,11.15,11.15,11.15,0,1325
6668,2022-07-15 13:08:00+05:30,11.15,11.15,11.15,11.15,0,1325
6669,2022-07-15 13:09:00+05:30,11.15,11.15,11.15,11.15,0,1325
6670,2022-07-15 13:10:00+05:30,11.15,11.15,11.15,11.15,0,1325
6671,2022-07-15 13:11:00+05:30,11.15,11.15,11.15,11.15,0,1325
6672,2022-07-15 13:12:00+05:30,11.15,11.15,11.15,11.15,0,1325
6673,2022-07-15 13:13:00+05:30,11.15,11.15,11.15,11.15,0,1325
6674,2022-07-15 13:14:00+05:30,11.15,11.15,11.15,11.15,0,1325
6675,2022-07-15 13:15:00+05:30,11.15,11.15,11.15,11.15,0,1325
6676,2022-07-15 13:16:00+05:30,11.15,11.15,11.15,11.15,0,1325
6677,2022-07-15 13:17:00+05:30,11.15,11.15,11.15,11.15,0,1325
6678,2022-07-15 13:18:00+05:30,11.15,11.15,11.15,11.15,0,1325
6679,2022-07-15 13:19:00+05:30,11.15,11.15,11.15,11.15,0,1325
6680,2022-07-15 13:20:00+05:30,11.15,11.15,11.15,11.15,0,1325
6681,2022-07-15 13:21:00+05:30,11.15,11.15,11.15,11.15,0,1325
6682,2022-07-15 13:22:00+05:30,11.15,11.15,11.15,11.15,0,1325
6683,2022-07-15 13:23:00+05:30,11.15,11.15,11.15,11.15,0,1325
6684,2022-07-15 13:24:00+05:30,11.15,11.15,11.15,11.15,0,1325
6685,2022-07-15 13:25:00+05:30,11.15,11.15,11.15,11.15,0,1325
6686,2022-07-15 13:26:00+05:30,11.15,11.15,11.15,11.15,0,1325
6687,2022-07-15 13:27:00+05:30,11.15,11.15,11.15,11.15,0,1325
6688,2022-07-15 13:28:00+05:30,11.15,11.15,11.15,11.15,0,1325
6689,2022-07-15 13:29:00+05:30,11.15,11.15,11.15,11.15,0,1325
6690,2022-07-15 13:30:00+05:30,11.15,11.15,11.15,11.15,0,1325
6691,2022-07-15 13:31:00+05:30,11.15,11.15,11.15,11.15,0,1325
6692,2022-07-15 13:32:00+05:30,11.15,11.15,11.15,11.15,0,1325
6693,2022-07-15 13:33:00+05:30,11.15,11.15,11.15,11.15,0,1325
6694,2022-07-15 13:34:00+05:30,11.15,11.15,11.15,11.15,0,1325
6695,2022-07-15 13:35:00+05:30,11.15,11.15,11.15,11.15,0,1325
6696,2022-07-15 13:36:00+05:30,11.15,11.15,11.15,11.15,0,1325
6697,2022-07-15 13:37:00+05:30,11.15,11.15,11.15,11.15,0,1325
6698,2022-07-15 13:38:00+05:30,11.15,11.15,11.15,11.15,0,1325
6699,2022-07-15 13:39:00+05:30,11.15,11.15,11.15,11.15,0,1325
6700,2022-07-15 13:40:00+05:30,11.15,11.15,11.15,11.15,0,1325
6701,2022-07-15 13:41:00+05:30,11.15,11.15,11.15,11.15,0,1325
6702,2022-07-15 13:42:00+05:30,11.15,11.15,11.15,11.15,0,1325
6703,2022-07-15 13:43:00+05:30,11.15,11.15,11.15,11.15,0,1325
6704,2022-07-15 13:44:00+05:30,11.15,11.15,11.15,11.15,0,1325
6705,2022-07-15 13:45:00+05:30,11.15,11.15,11.15,11.15,0,1325
6706,2022-07-15 13:46:00+05:30,11.15,11.15,11.15,11.15,0,1325
6707,2022-07-15 13:47:00+05:30,11.15,11.15,11.15,11.15,0,1325
6708,2022-07-15 13:48:00+05:30,11.15,11.15,11.15,11.15,0,1325
6709,2022-07-15 13:49:00+05:30,11.15,11.15,11.15,11.15,0,1325
6710,2022-07-15 13:50:00+05:30,11.15,11.15,11.15,11.15,0,1325
6711,2022-07-15 13:51:00+05:30,11.15,11.15,11.15,11.15,0,1325
6712,2022-07-15 13:52:00+05:30,11.15,11.15,11.15,11.15,0,1325
6713,2022-07-15 13:53:00+05:30,11.15,11.15,11.15,11.15,0,1325
6714,2022-07-15 13:54:00+05:30,11.15,11.15,11.15,11.15,0,1325
6715,2022-07-15 13:55:00+05:30,11.15,11.15,11.15,11.15,0,1325
6716,2022-07-15 13:56:00+05:30,11.15,11.15,11.15,11.15,0,1325
6717,2022-07-15 13:57:00+05:30,11.15,11.15,11.15,11.15,0,1325
6718,2022-07-15 13:58:00+05:30,11.15,11.15,11.15,11.15,0,1325
6719,2022-07-15 13:59:00+05:30,11.15,11.15,11.15,11.15,0,1325
6720,2022-07-15 14:00:00+05:30,11.15,11.15,11.15,11.15,0,1325
6721,2022-07-15 14:01:00+05:30,11.15,11.15,11.15,11.15,0,1325
6722,2022-07-15 14:02:00+05:30,11.15,11.15,11.15,11.15,0,1325
6723,2022-07-15 14:03:00+05:30,11.15,11.15,11.15,11.15,0,1325
6724,2022-07-15 14:04:00+05:30,11.15,11.15,11.15,11.15,0,1325
6725,2022-07-15 14:05:00+05:30,11.15,11.15,11.15,11.15,0,1325
6726,2022-07-15 14:06:00+05:30,11.15,11.15,11.15,11.15,0,1325
6727,2022-07-15 14:07:00+05:30,11.15,11.15,11.15,11.15,0,1325
6728,2022-07-15 14:08:00+05:30,11.15,11.15,11.15,11.15,0,1325
6729,2022-07-15 14:09:00+05:30,11.15,11.15,11.15,11.15,0,1325
6730,2022-07-15 14:10:00+05:30,11.15,11.15,11.15,11.15,0,1325
6731,2022-07-15 14:11:00+05:30,11.15,11.15,11.15,11.15,0,1325
6732,2022-07-15 14:12:00+05:30,11.15,11.15,11.15,11.15,0,1325
6733,2022-07-15 14:13:00+05:30,11.15,11.15,11.15,11.15,0,1325
6734,2022-07-15 14:14:00+05:30,11.15,11.15,11.15,11.15,0,1325
6735,2022-07-15 14:15:00+05:30,11.15,11.15,11.15,11.15,0,1325
6736,2022-07-15 14:16:00+05:30,11.15,11.15,11.15,11.15,0,1325
6737,2022-07-15 14:17:00+05:30,11.15,11.15,11.15,11.15,0,1325
6738,2022-07-15 14:18:00+05:30,11.15,11.15,11.15,11.15,0,1325
6739,2022-07-15 14:19:00+05:30,11.15,11.15,11.15,11.15,0,1325
6740,2022-07-15 14:20:00+05:30,11.15,11.15,11.15,11.15,0,1325
6741,2022-07-15 14:21:00+05:30,11.15,11.15,11.15,11.15,0,1325
6742,2022-07-15 14:22:00+05:30,11.15,11.15,11.15,11.15,0,1325
6743,2022-07-15 14:23:00+05:30,11.15,11.15,11.15,11.15,0,1325
6744,2022-07-15 14:24:00+05:30,11.15,11.15,11.15,11.15,0,1325
6745,2022-07-15 14:25:00+05:30,11.15,11.15,11.15,11.15,0,1325
6746,2022-07-15 14:26:00+05:30,11.15,11.15,11.15,11.15,0,1325
6747,2022-07-15 14:27:00+05:30,11.15,11.15,11.15,11.15,0,1325
6748,2022-07-15 14:28:00+05:30,11.15,11.15,11.15,11.15,0,1325
6749,2022-07-15 14:29:00+05:30,11.15,11.15,11.15,11.15,0,1325
6750,2022-07-15 14:30:00+05:30,11.15,11.15,11.15,11.15,0,1325
6751,2022-07-15 14:31:00+05:30,11.15,11.15,11.15,11.15,0,1325
6752,2022-07-15 14:32:00+05:30,11.15,11.15,11.15,11.15,0,1325
6753,2022-07-15 14:33:00+05:30,11.15,11.15,11.15,11.15,0,1325
6754,2022-07-15 14:34:00+05:30,11.15,11.15,11.15,11.15,0,1325
6755,2022-07-15 14:35:00+05:30,11.15,11.15,11.15,11.15,0,1325
6756,2022-07-15 14:36:00+05:30,11.15,11.15,11.15,11.15,0,1325
6757,2022-07-15 14:37:00+05:30,11.15,11.15,11.15,11.15,0,1325
6758,2022-07-15 14:38:00+05:30,11.15,11.15,11.15,11.15,0,1325
6759,2022-07-15 14:39:00+05:30,11.15,11.15,11.15,11.15,0,1325
6760,2022-07-15 14:40:00+05:30,11.15,11.15,11.15,11.15,0,1325
6761,2022-07-15 14:41:00+05:30,11.15,11.15,11.15,11.15,0,1325
6762,2022-07-15 14:42:00+05:30,11.15,11.15,11.15,11.15,0,1325
6763,2022-07-15 14:43:00+05:30,11.15,11.15,11.15,11.15,0,1325
6764,2022-07-15 14:44:00+05:30,11.15,11.15,11.15,11.15,0,1325
6765,2022-07-15 14:45:00+05:30,11.15,11.15,11.15,11.15,0,1325
6766,2022-07-15 14:46:00+05:30,11.15,11.15,11.15,11.15,0,1325
6767,2022-07-15 14:47:00+05:30,11.15,11.15,11.15,11.15,0,1325
6768,2022-07-15 14:48:00+05:30,11.15,11.15,9.25,9.25,25,1350
6769,2022-07-15 14:49:00+05:30,9.25,9.25,9.25,9.25,0,1350
6770,2022-07-15 14:50:00+05:30,9.25,9.25,9.25,9.25,0,1350
6771,2022-07-15 14:51:00+05:30,9.25,9.25,9.25,9.25,0,1350
6772,2022-07-15 14:52:00+05:30,9.25,9.25,9.25,9.25,0,1350
6773,2022-07-15 14:53:00+05:30,9.25,9.25,9.25,9.25,0,1350
6774,2022-07-15 14:54:00+05:30,9.25,9.25,9.25,9.25,0,1350
6775,2022-07-15 14:55:00+05:30,9.25,9.25,9.25,9.25,0,1350
6776,2022-07-15 14:56:00+05:30,9.25,9.25,9.25,9.25,0,1350
6777,2022-07-15 14:57:00+05:30,9.25,9.25,9.25,9.25,0,1350
6778,2022-07-15 14:58:00+05:30,9.25,9.25,9.25,9.25,0,1350
6779,2022-07-15 14:59:00+05:30,9.25,9.25,9.25,9.25,0,1350
6780,2022-07-15 15:00:00+05:30,9.25,9.25,9.25,9.25,0,1350
6781,2022-07-15 15:01:00+05:30,9.25,9.25,9.25,9.25,0,1350
6782,2022-07-15 15:02:00+05:30,9.25,9.25,9.25,9.25,0,1350
6783,2022-07-15 15:03:00+05:30,9.25,9.25,9.25,9.25,0,1350
6784,2022-07-15 15:04:00+05:30,9.25,9.25,9.25,9.25,0,1350
6785,2022-07-15 15:05:00+05:30,9.25,9.25,9.25,9.25,0,1350
6786,2022-07-15 15:06:00+05:30,9.25,9.25,9.25,9.25,0,1350
6787,2022-07-15 15:07:00+05:30,9.25,9.25,9.25,9.25,0,1350
6788,2022-07-15 15:08:00+05:30,9.25,9.25,9.25,9.25,0,1350
6789,2022-07-15 15:09:00+05:30,9.25,9.25,9.25,9.25,0,1350
6790,2022-07-15 15:10:00+05:30,9.25,9.25,9.25,9.25,0,1350
6791,2022-07-15 15:11:00+05:30,9.25,9.25,9.25,9.25,0,1350
6792,2022-07-15 15:12:00+05:30,9.25,9.25,9.25,9.25,0,1350
6793,2022-07-15 15:13:00+05:30,9.25,9.25,9.25,9.25,0,1350
6794,2022-07-15 15:14:00+05:30,9.25,9.25,9.25,9.25,0,1350
6795,2022-07-15 15:15:00+05:30,9.25,9.25,9.25,9.25,0,1350
6796,2022-07-15 15:16:00+05:30,9.25,9.25,9.25,9.25,0,1350
6797,2022-07-15 15:17:00+05:30,9.25,9.25,9.25,9.25,0,1350
6798,2022-07-15 15:18:00+05:30,9.25,9.25,9.25,9.25,0,1350
6799,2022-07-15 15:19:00+05:30,9.25,9.25,9.25,9.25,0,1350
6800,2022-07-15 15:20:00+05:30,9.25,9.25,9.25,9.25,0,1350
6801,2022-07-15 15:21:00+05:30,9.25,10.8,9.25,10.8,1275,1350
6802,2022-07-15 15:22:00+05:30,10.8,10.95,10.8,10.95,25,1350
6803,2022-07-15 15:23:00+05:30,10.95,10.95,10.95,10.95,0,1350
6804,2022-07-15 15:24:00+05:30,10.95,10.95,10.95,10.95,0,1350
6805,2022-07-15 15:25:00+05:30,10.95,10.95,10.95,10.95,0,1350
6806,2022-07-15 15:26:00+05:30,10.95,10.95,10.95,10.95,0,1350
6807,2022-07-15 15:27:00+05:30,10.95,10.95,10.95,10.95,0,1350
6808,2022-07-15 15:28:00+05:30,10.95,11.25,10.95,11.25,25,2500
6809,2022-07-15 15:29:00+05:30,11.25,11.25,10.7,10.7,25,2500
6810,2022-07-18 09:15:00+05:30,7.15,7.15,7.15,7.15,0,0
6811,2022-07-18 09:17:00+05:30,7.25,8.25,7.25,8.25,750,2725
6812,2022-07-18 09:18:00+05:30,8.25,8.25,7.85,7.85,150,2725
6813,2022-07-18 09:19:00+05:30,7.85,7.85,7.85,7.85,0,2725
6814,2022-07-18 09:20:00+05:30,7.85,7.85,7.85,7.85,0,2725
6815,2022-07-18 09:21:00+05:30,7.85,7.85,7.85,7.85,0,2725
6816,2022-07-18 09:22:00+05:30,7.85,7.85,7.85,7.85,0,2725
6817,2022-07-18 09:23:00+05:30,7.85,7.85,7.85,7.85,0,2725
6818,2022-07-18 09:24:00+05:30,7.85,7.85,7.85,7.85,0,2725
6819,2022-07-18 09:25:00+05:30,7.85,7.85,7.85,7.85,0,2725
6820,2022-07-18 09:26:00+05:30,7.85,8.5,7.85,8.5,50,2150
6821,2022-07-18 09:27:00+05:30,8.45,8.45,8.45,8.45,25,2150
6822,2022-07-18 09:28:00+05:30,8.45,8.45,8.45,8.45,0,2150
6823,2022-07-18 09:29:00+05:30,8.45,8.6,8.45,8.6,100,2150
6824,2022-07-18 09:30:00+05:30,8.6,8.6,8.6,8.6,0,2150
6825,2022-07-18 09:31:00+05:30,8.6,8.6,8.6,8.6,0,2150
6826,2022-07-18 09:32:00+05:30,8.6,8.6,8.2,8.2,75,2200
6827,2022-07-18 09:33:00+05:30,8.2,8.35,8.2,8.35,25,2200
6828,2022-07-18 09:34:00+05:30,8.35,8.35,8.35,8.35,0,2200
6829,2022-07-18 09:35:00+05:30,8.35,8.35,8.35,8.35,0,2200
6830,2022-07-18 09:36:00+05:30,8.35,8.35,8.35,8.35,0,2200
6831,2022-07-18 09:37:00+05:30,8.35,8.35,8.35,8.35,0,2200
6832,2022-07-18 09:38:00+05:30,8.35,8.35,8.35,8.35,0,2200
6833,2022-07-18 09:39:00+05:30,8.35,8.35,8.35,8.35,0,2200
6834,2022-07-18 09:40:00+05:30,8.35,8.35,8.35,8.35,0,2200
6835,2022-07-18 09:41:00+05:30,8.35,8.35,8.35,8.35,0,2200
6836,2022-07-18 09:42:00+05:30,8.35,8.35,8.35,8.35,0,2200
6837,2022-07-18 09:43:00+05:30,8.35,8.35,8.35,8.35,0,2200
6838,2022-07-18 09:44:00+05:30,8.35,8.35,8.35,8.35,0,2200
6839,2022-07-18 09:45:00+05:30,8.35,8.35,8.35,8.35,0,2200
6840,2022-07-18 09:46:00+05:30,8.35,8.35,8.35,8.35,0,2200
6841,2022-07-18 09:47:00+05:30,8.35,8.35,8.35,8.35,0,2200
6842,2022-07-18 09:48:00+05:30,8.35,8.35,8.3,8.3,25,2275
6843,2022-07-18 09:49:00+05:30,8.3,8.3,8.3,8.3,0,2275
6844,2022-07-18 09:50:00+05:30,8.3,8.3,8.3,8.3,0,2275
6845,2022-07-18 09:51:00+05:30,8.3,8.3,8.3,8.3,0,2275
6846,2022-07-18 09:52:00+05:30,8.3,8.3,8.3,8.3,0,2275
6847,2022-07-18 09:53:00+05:30,8.5,8.5,8.3,8.5,50,2275
6848,2022-07-18 09:54:00+05:30,8.5,8.5,8.45,8.45,50,2275
6849,2022-07-18 09:55:00+05:30,8.45,8.5,8.45,8.5,25,2275
6850,2022-07-18 09:56:00+05:30,8.45,8.5,8.45,8.5,175,2250
6851,2022-07-18 09:57:00+05:30,8.5,8.5,8.5,8.5,0,2250
6852,2022-07-18 09:58:00+05:30,8.5,8.5,8.5,8.5,0,2250
6853,2022-07-18 09:59:00+05:30,8.5,8.5,8.5,8.5,0,2250
6854,2022-07-18 10:00:00+05:30,8.5,8.5,8.5,8.5,0,2250
6855,2022-07-18 10:01:00+05:30,8.5,8.5,8.5,8.5,0,2250
6856,2022-07-18 10:02:00+05:30,8.5,8.5,8.5,8.5,0,2250
6857,2022-07-18 10:03:00+05:30,8.5,8.5,8.5,8.5,0,2250
6858,2022-07-18 10:04:00+05:30,8.5,8.5,8.5,8.5,0,2250
6859,2022-07-18 10:05:00+05:30,8.5,8.5,8.5,8.5,0,2250
6860,2022-07-18 10:06:00+05:30,8.5,8.5,8.5,8.5,0,2250
6861,2022-07-18 10:07:00+05:30,8.5,8.5,8.5,8.5,0,2250
6862,2022-07-18 10:08:00+05:30,8.5,8.5,8.5,8.5,0,2250
6863,2022-07-18 10:09:00+05:30,8.5,8.5,8.5,8.5,0,2250
6864,2022-07-18 10:10:00+05:30,8.5,8.5,8.5,8.5,0,2250
6865,2022-07-18 10:11:00+05:30,8.5,8.5,8.45,8.45,25,2250
6866,2022-07-18 10:12:00+05:30,8.45,8.45,8.45,8.45,0,2250
6867,2022-07-18 10:13:00+05:30,8.45,8.45,8.45,8.45,0,2250
6868,2022-07-18 10:14:00+05:30,8.45,8.45,8.45,8.45,0,2250
6869,2022-07-18 10:15:00+05:30,8.45,8.45,8.45,8.45,0,2250
6870,2022-07-18 10:16:00+05:30,8.45,8.45,8.45,8.45,0,2250
6871,2022-07-18 10:17:00+05:30,8.45,8.45,8.45,8.45,0,2250
6872,2022-07-18 10:18:00+05:30,8.45,8.45,8.45,8.45,0,2250
6873,2022-07-18 10:19:00+05:30,8.45,8.45,8.45,8.45,0,2250
6874,2022-07-18 10:20:00+05:30,8.45,8.45,8.45,8.45,0,2250
6875,2022-07-18 10:21:00+05:30,8.45,8.45,8.45,8.45,0,2250
6876,2022-07-18 10:22:00+05:30,8.45,8.45,8.45,8.45,0,2250
6877,2022-07-18 10:23:00+05:30,8.45,8.45,8.45,8.45,0,2250
6878,2022-07-18 10:24:00+05:30,8.45,8.45,8.05,8.2,150,2275
6879,2022-07-18 10:25:00+05:30,8.2,8.2,8.2,8.2,0,2275
6880,2022-07-18 10:26:00+05:30,8.05,8.05,8.05,8.05,75,2275
6881,2022-07-18 10:27:00+05:30,8.05,8.05,8.05,8.05,0,2275
6882,2022-07-18 10:28:00+05:30,8.05,8.05,7.8,7.85,225,2125
6883,2022-07-18 10:29:00+05:30,7.85,7.85,7.85,7.85,0,2125
6884,2022-07-18 10:30:00+05:30,7.85,7.85,7.85,7.85,0,2125
6885,2022-07-18 10:31:00+05:30,7.85,7.85,7.85,7.85,0,2125
6886,2022-07-18 10:32:00+05:30,7.85,7.85,7.85,7.85,0,2125
6887,2022-07-18 10:33:00+05:30,7.85,7.85,7.85,7.85,0,2125
6888,2022-07-18 10:34:00+05:30,7.85,7.85,7.85,7.85,0,2125
6889,2022-07-18 10:35:00+05:30,7.85,7.85,7.85,7.85,0,2125
6890,2022-07-18 10:36:00+05:30,7.85,7.85,7.85,7.85,0,2125
6891,2022-07-18 10:37:00+05:30,7.85,7.85,7.85,7.85,0,2125
6892,2022-07-18 10:38:00+05:30,7.85,7.85,7.85,7.85,0,2125
6893,2022-07-18 10:39:00+05:30,7.85,7.85,7.85,7.85,0,2125
6894,2022-07-18 10:40:00+05:30,7.85,7.85,7.85,7.85,0,2125
6895,2022-07-18 10:41:00+05:30,7.85,7.85,7.85,7.85,0,2125
6896,2022-07-18 10:42:00+05:30,7.85,7.85,7.85,7.85,0,2125
6897,2022-07-18 10:43:00+05:30,7.85,7.85,7.85,7.85,0,2125
6898,2022-07-18 10:44:00+05:30,7.85,7.85,7.85,7.85,0,2125
6899,2022-07-18 10:45:00+05:30,7.85,7.85,7.85,7.85,0,2125
6900,2022-07-18 10:46:00+05:30,7.85,7.85,7.8,7.8,25,1925
6901,2022-07-18 10:47:00+05:30,7.8,7.8,7.8,7.8,0,1925
6902,2022-07-18 10:48:00+05:30,7.8,7.8,7.8,7.8,0,1925
6903,2022-07-18 10:49:00+05:30,7.8,7.8,7.8,7.8,0,1925
6904,2022-07-18 10:50:00+05:30,7.8,7.8,7.8,7.8,0,1925
6905,2022-07-18 10:51:00+05:30,7.8,7.8,7.65,7.65,25,1900
6906,2022-07-18 10:52:00+05:30,7.65,7.65,7.65,7.65,0,1900
6907,2022-07-18 10:53:00+05:30,7.65,7.65,7.65,7.65,0,1900
6908,2022-07-18 10:54:00+05:30,7.65,7.65,7.65,7.65,0,1900
6909,2022-07-18 10:55:00+05:30,7.65,7.65,7.65,7.65,25,1900
6910,2022-07-18 10:56:00+05:30,7.65,7.65,7.65,7.65,0,1900
6911,2022-07-18 10:57:00+05:30,7.65,7.65,7.65,7.65,0,1900
6912,2022-07-18 10:58:00+05:30,7.65,7.65,7.65,7.65,0,1900
6913,2022-07-18 10:59:00+05:30,7.65,7.65,7.65,7.65,0,1900
6914,2022-07-18 11:00:00+05:30,7.65,7.65,7.65,7.65,0,1900
6915,2022-07-18 11:01:00+05:30,7.65,7.65,7.65,7.65,0,1900
6916,2022-07-18 11:02:00+05:30,7.65,7.65,7.65,7.65,0,1900
6917,2022-07-18 11:03:00+05:30,7.65,7.65,7.65,7.65,0,1900
6918,2022-07-18 11:04:00+05:30,7.65,7.65,7.65,7.65,0,1900
6919,2022-07-18 11:05:00+05:30,7.65,7.65,7.65,7.65,0,1900
6920,2022-07-18 11:06:00+05:30,7.65,7.65,7.65,7.65,0,1900
6921,2022-07-18 11:07:00+05:30,7.65,7.65,7.65,7.65,0,1900
6922,2022-07-18 11:08:00+05:30,7.65,7.65,7.65,7.65,300,1900
6923,2022-07-18 11:09:00+05:30,7.65,7.65,7.65,7.65,0,1900
6924,2022-07-18 11:10:00+05:30,7.65,7.65,7.65,7.65,0,1900
6925,2022-07-18 11:11:00+05:30,7.65,7.65,7.65,7.65,0,1900
6926,2022-07-18 11:12:00+05:30,7.65,7.65,7.65,7.65,0,1900
6927,2022-07-18 11:13:00+05:30,7.65,7.65,7.55,7.55,50,1600
6928,2022-07-18 11:14:00+05:30,7.55,7.55,7.55,7.55,0,1600
6929,2022-07-18 11:15:00+05:30,7.55,7.55,7.55,7.55,0,1600
6930,2022-07-18 11:16:00+05:30,7.55,7.55,7.55,7.55,0,1600
6931,2022-07-18 11:17:00+05:30,7.55,7.55,7.45,7.45,25,1575
6932,2022-07-18 11:18:00+05:30,7.45,7.45,7.45,7.45,0,1575
6933,2022-07-18 11:19:00+05:30,7.45,7.45,7.35,7.35,25,1550
6934,2022-07-18 11:20:00+05:30,7.35,7.45,7.35,7.45,25,1575
6935,2022-07-18 11:21:00+05:30,7.45,7.45,7.45,7.45,0,1575
6936,2022-07-18 11:22:00+05:30,7.45,7.45,7.45,7.45,0,1575
6937,2022-07-18 11:23:00+05:30,7.45,7.45,7.45,7.45,0,1575
6938,2022-07-18 11:24:00+05:30,7.45,7.45,7.15,7.15,25,1575
6939,2022-07-18 11:25:00+05:30,7.15,7.15,7.15,7.15,0,1575
6940,2022-07-18 11:26:00+05:30,7.15,7.15,7.15,7.15,0,1575
6941,2022-07-18 11:27:00+05:30,7.15,7.15,7.15,7.15,0,1575
6942,2022-07-18 11:28:00+05:30,7.15,7.15,7.15,7.15,0,1575
6943,2022-07-18 11:29:00+05:30,7.15,7.15,7.15,7.15,0,1575
6944,2022-07-18 11:30:00+05:30,7.15,7.15,7.15,7.15,0,1575
6945,2022-07-18 11:31:00+05:30,7.15,7.15,7.15,7.15,0,1575
6946,2022-07-18 11:32:00+05:30,7.15,7.15,7.15,7.15,0,1575
6947,2022-07-18 11:33:00+05:30,7.15,7.15,7.15,7.15,0,1575
6948,2022-07-18 11:34:00+05:30,7.15,7.15,7.15,7.15,0,1575
6949,2022-07-18 11:35:00+05:30,7.15,7.15,7.15,7.15,0,1575
6950,2022-07-18 11:36:00+05:30,7.15,7.15,7.15,7.15,0,1575
6951,2022-07-18 11:37:00+05:30,7.15,7.15,7.15,7.15,0,1575
6952,2022-07-18 11:38:00+05:30,7.15,7.15,7.15,7.15,0,1575
6953,2022-07-18 11:39:00+05:30,7.15,7.15,7.15,7.15,0,1575
6954,2022-07-18 11:40:00+05:30,7.15,7.15,7.15,7.15,0,1575
6955,2022-07-18 11:41:00+05:30,7.15,7.15,7.15,7.15,0,1575
6956,2022-07-18 11:42:00+05:30,7.15,7.15,7.15,7.15,0,1575
6957,2022-07-18 11:43:00+05:30,7.15,7.25,7.15,7.25,25,1600
6958,2022-07-18 11:44:00+05:30,7.25,7.25,7.25,7.25,0,1600
6959,2022-07-18 11:45:00+05:30,7.25,7.25,7.25,7.25,0,1600
6960,2022-07-18 11:46:00+05:30,7.25,7.25,7.25,7.25,0,1600
6961,2022-07-18 11:47:00+05:30,7.25,7.25,7.25,7.25,0,1600
6962,2022-07-18 11:48:00+05:30,7.25,7.25,7.25,7.25,0,1600
6963,2022-07-18 11:49:00+05:30,7.25,7.25,7.25,7.25,0,1600
6964,2022-07-18 11:50:00+05:30,7.25,7.25,7.25,7.25,0,1600
6965,2022-07-18 11:51:00+05:30,7.25,7.25,7.25,7.25,0,1600
6966,2022-07-18 11:52:00+05:30,7.25,7.25,7.25,7.25,0,1600
6967,2022-07-18 11:53:00+05:30,7.25,7.25,7.25,7.25,0,1600
6968,2022-07-18 11:54:00+05:30,7.25,7.25,7.25,7.25,0,1600
6969,2022-07-18 11:55:00+05:30,7.25,7.25,7.25,7.25,0,1600
6970,2022-07-18 11:56:00+05:30,7.25,7.25,7.25,7.25,0,1600
6971,2022-07-18 11:57:00+05:30,7.25,7.25,7.25,7.25,0,1600
6972,2022-07-18 11:58:00+05:30,7.25,7.25,7.25,7.25,0,1600
6973,2022-07-18 11:59:00+05:30,7.25,7.25,7.25,7.25,0,1600
6974,2022-07-18 12:00:00+05:30,7.25,7.25,7.25,7.25,0,1600
6975,2022-07-18 12:01:00+05:30,7.25,7.25,7.25,7.25,0,1600
6976,2022-07-18 12:02:00+05:30,7.25,7.25,7.25,7.25,0,1600
6977,2022-07-18 12:03:00+05:30,7.25,7.25,7.25,7.25,0,1600
6978,2022-07-18 12:04:00+05:30,7.25,7.25,7.25,7.25,0,1600
6979,2022-07-18 12:05:00+05:30,7.25,7.25,7.25,7.25,0,1600
6980,2022-07-18 12:06:00+05:30,7.25,7.25,7.25,7.25,0,1600
6981,2022-07-18 12:07:00+05:30,7.25,7.25,7.25,7.25,0,1600
6982,2022-07-18 12:08:00+05:30,7.25,7.25,7.25,7.25,0,1600
6983,2022-07-18 12:09:00+05:30,7.25,7.25,7.25,7.25,0,1600
6984,2022-07-18 12:10:00+05:30,7.25,7.25,7.25,7.25,0,1600
6985,2022-07-18 12:11:00+05:30,7.25,7.25,7.25,7.25,0,1600
6986,2022-07-18 12:12:00+05:30,7.25,7.25,7.25,7.25,0,1600
6987,2022-07-18 12:13:00+05:30,7.25,7.25,7.25,7.25,0,1600
6988,2022-07-18 12:14:00+05:30,7.25,7.25,7.25,7.25,0,1600
6989,2022-07-18 12:15:00+05:30,7.25,7.25,7.25,7.25,0,1600
6990,2022-07-18 12:16:00+05:30,7.25,7.25,7.25,7.25,0,1600
6991,2022-07-18 12:17:00+05:30,7.25,7.25,7.25,7.25,0,1600
6992,2022-07-18 12:18:00+05:30,7.25,7.25,7.25,7.25,0,1600
6993,2022-07-18 12:19:00+05:30,7.25,7.25,7.25,7.25,0,1600
6994,2022-07-18 12:20:00+05:30,7.25,7.25,6.75,6.75,25,1575
6995,2022-07-18 12:21:00+05:30,6.75,6.75,6.75,6.75,0,1575
6996,2022-07-18 12:22:00+05:30,6.75,6.75,6.75,6.75,0,1575
6997,2022-07-18 12:23:00+05:30,6.75,6.75,6.75,6.75,0,1575
6998,2022-07-18 12:24:00+05:30,6.75,6.75,6.75,6.75,0,1575
6999,2022-07-18 12:25:00+05:30,6.75,6.75,6.75,6.75,0,1575
7000,2022-07-18 12:26:00+05:30,6.75,6.75,6.75,6.75,0,1575
7001,2022-07-18 12:27:00+05:30,6.75,6.75,6.75,6.75,0,1575
7002,2022-07-18 12:28:00+05:30,6.75,6.75,6.75,6.75,0,1575
7003,2022-07-18 12:29:00+05:30,6.95,6.95,6.75,6.95,25,1550
7004,2022-07-18 12:30:00+05:30,6.95,6.95,6.95,6.95,0,1550
7005,2022-07-18 12:31:00+05:30,6.95,6.95,6.95,6.95,0,1550
7006,2022-07-18 12:32:00+05:30,6.95,6.95,6.95,6.95,0,1550
7007,2022-07-18 12:33:00+05:30,6.95,6.95,6.95,6.95,0,1550
7008,2022-07-18 12:34:00+05:30,6.95,6.95,6.95,6.95,0,1550
7009,2022-07-18 12:35:00+05:30,6.95,6.95,6.95,6.95,0,1550
7010,2022-07-18 12:36:00+05:30,6.95,6.95,6.95,6.95,0,1550
7011,2022-07-18 12:37:00+05:30,6.95,6.95,6.95,6.95,0,1550
7012,2022-07-18 12:38:00+05:30,6.95,6.95,6.95,6.95,0,1550
7013,2022-07-18 12:39:00+05:30,6.95,6.95,6.95,6.95,0,1550
7014,2022-07-18 12:40:00+05:30,6.95,6.95,6.95,6.95,0,1550
7015,2022-07-18 12:41:00+05:30,6.95,6.95,6.95,6.95,0,1550
7016,2022-07-18 12:42:00+05:30,6.95,6.95,6.95,6.95,0,1550
7017,2022-07-18 12:43:00+05:30,6.95,6.95,6.95,6.95,0,1550
7018,2022-07-18 12:44:00+05:30,6.95,6.95,6.95,6.95,0,1550
7019,2022-07-18 12:45:00+05:30,6.95,6.95,6.95,6.95,0,1550
7020,2022-07-18 12:46:00+05:30,6.95,6.95,6.95,6.95,0,1550
7021,2022-07-18 12:48:00+05:30,6.95,6.95,6.95,6.95,0,1550
7022,2022-07-18 12:49:00+05:30,6.95,6.95,6.95,6.95,0,1550
7023,2022-07-18 12:50:00+05:30,6.95,6.95,6.95,6.95,0,1550
7024,2022-07-18 12:51:00+05:30,6.95,6.95,6.95,6.95,0,1550
7025,2022-07-18 12:52:00+05:30,6.95,6.95,6.95,6.95,0,1550
7026,2022-07-18 12:53:00+05:30,6.95,6.95,6.95,6.95,0,1550
7027,2022-07-18 12:54:00+05:30,6.95,6.95,6.95,6.95,0,1550
7028,2022-07-18 12:55:00+05:30,6.95,6.95,6.95,6.95,0,1550
7029,2022-07-18 12:56:00+05:30,6.95,6.95,6.95,6.95,0,1550
7030,2022-07-18 12:57:00+05:30,6.95,6.95,6.95,6.95,0,1550
7031,2022-07-18 12:58:00+05:30,6.95,6.95,6.95,6.95,0,1550
7032,2022-07-18 12:59:00+05:30,6.95,7.4,6.95,7.4,25,1575
7033,2022-07-18 13:00:00+05:30,7.4,7.4,7.4,7.4,0,1575
7034,2022-07-18 13:01:00+05:30,7.4,7.4,7.4,7.4,0,1575
7035,2022-07-18 13:02:00+05:30,7.4,7.4,7.4,7.4,0,1575
7036,2022-07-18 13:03:00+05:30,7.4,7.4,7.4,7.4,0,1575
7037,2022-07-18 13:04:00+05:30,7.4,7.4,7.4,7.4,0,1575
7038,2022-07-18 13:05:00+05:30,7.4,7.4,7.4,7.4,0,1575
7039,2022-07-18 13:06:00+05:30,7.4,7.4,7.4,7.4,0,1575
7040,2022-07-18 13:07:00+05:30,7.4,7.4,7.4,7.4,0,1575
7041,2022-07-18 13:08:00+05:30,7.4,7.4,7.4,7.4,0,1575
7042,2022-07-18 13:09:00+05:30,7.4,7.4,7.4,7.4,0,1575
7043,2022-07-18 13:10:00+05:30,7.4,7.4,7.4,7.4,0,1575
7044,2022-07-18 13:11:00+05:30,7.4,7.4,7.4,7.4,0,1575
7045,2022-07-18 13:12:00+05:30,7.4,7.4,7.4,7.4,0,1575
7046,2022-07-18 13:13:00+05:30,7.4,7.4,7.4,7.4,0,1575
7047,2022-07-18 13:14:00+05:30,7.4,7.4,7.4,7.4,0,1575
7048,2022-07-18 13:15:00+05:30,7.4,7.4,7.4,7.4,0,1575
7049,2022-07-18 13:16:00+05:30,7.4,7.4,7.4,7.4,0,1575
7050,2022-07-18 13:17:00+05:30,7.4,7.4,7.4,7.4,0,1575
7051,2022-07-18 13:18:00+05:30,7.4,7.4,7.4,7.4,0,1575
7052,2022-07-18 13:19:00+05:30,7.4,7.4,7.4,7.4,0,1575
7053,2022-07-18 13:20:00+05:30,7.4,7.4,7.4,7.4,0,1575
7054,2022-07-18 13:21:00+05:30,7.4,7.4,7.4,7.4,0,1575
7055,2022-07-18 13:22:00+05:30,7.4,7.4,7.4,7.4,0,1575
7056,2022-07-18 13:23:00+05:30,7.4,7.4,7.4,7.4,0,1575
7057,2022-07-18 13:24:00+05:30,7.4,7.4,7.4,7.4,0,1575
7058,2022-07-18 13:25:00+05:30,7.4,7.4,7.4,7.4,0,1575
7059,2022-07-18 13:26:00+05:30,7.4,7.4,7.4,7.4,0,1575
7060,2022-07-18 13:27:00+05:30,7.4,7.4,7.4,7.4,0,1575
7061,2022-07-18 13:28:00+05:30,7.4,7.4,7.4,7.4,0,1575
7062,2022-07-18 13:29:00+05:30,7.4,7.4,7.4,7.4,0,1575
7063,2022-07-18 13:30:00+05:30,7.4,7.4,7.4,7.4,0,1575
7064,2022-07-18 13:31:00+05:30,7.4,7.4,7.4,7.4,0,1575
7065,2022-07-18 13:32:00+05:30,7.4,7.4,7.4,7.4,0,1575
7066,2022-07-18 13:33:00+05:30,7.4,7.4,7.4,7.4,0,1575
7067,2022-07-18 13:34:00+05:30,7.4,7.4,7.4,7.4,0,1575
7068,2022-07-18 13:35:00+05:30,7.4,7.4,7.4,7.4,0,1575
7069,2022-07-18 13:36:00+05:30,7.4,7.4,7.4,7.4,0,1575
7070,2022-07-18 13:37:00+05:30,7.4,7.4,7.4,7.4,0,1575
7071,2022-07-18 13:38:00+05:30,7.4,7.4,7.4,7.4,0,1575
7072,2022-07-18 13:39:00+05:30,7.2,7.2,7.2,7.2,25,1575
7073,2022-07-18 13:40:00+05:30,7.2,7.2,7.2,7.2,0,1575
7074,2022-07-18 13:41:00+05:30,7.2,7.2,7.2,7.2,0,1575
7075,2022-07-18 13:42:00+05:30,7.2,7.2,7.2,7.2,0,1575
7076,2022-07-18 13:43:00+05:30,7.2,7.2,7.2,7.2,0,1575
7077,2022-07-18 13:44:00+05:30,7.2,7.2,7.2,7.2,0,1575
7078,2022-07-18 13:45:00+05:30,7.2,7.2,7.2,7.2,0,1575
7079,2022-07-18 13:46:00+05:30,7.2,7.2,7.2,7.2,0,1575
7080,2022-07-18 13:47:00+05:30,7.2,7.2,7.2,7.2,0,1575
7081,2022-07-18 13:48:00+05:30,7.2,7.2,7.2,7.2,0,1575
7082,2022-07-18 13:49:00+05:30,7.2,7.2,7.2,7.2,0,1575
7083,2022-07-18 13:50:00+05:30,7.2,7.2,7.2,7.2,0,1575
7084,2022-07-18 13:51:00+05:30,7.2,7.2,7.2,7.2,0,1575
7085,2022-07-18 13:52:00+05:30,7.2,7.6,7.2,7.6,625,1575
7086,2022-07-18 13:53:00+05:30,7.6,7.6,7.6,7.6,0,1575
7087,2022-07-18 13:54:00+05:30,7.6,7.6,7.6,7.6,25,2200
7088,2022-07-18 13:55:00+05:30,7.6,7.6,7.6,7.6,0,2200
7089,2022-07-18 13:56:00+05:30,7.6,7.6,7.6,7.6,0,2200
7090,2022-07-18 13:57:00+05:30,7.6,7.6,7.6,7.6,0,2200
7091,2022-07-18 13:58:00+05:30,7.6,7.6,7.55,7.55,25,2225
7092,2022-07-18 13:59:00+05:30,7.55,7.55,7.55,7.55,0,2225
7093,2022-07-18 14:00:00+05:30,7.55,7.55,7.55,7.55,0,2225
7094,2022-07-18 14:01:00+05:30,7.55,7.55,7.55,7.55,0,2225
7095,2022-07-18 14:02:00+05:30,7.55,7.55,7.55,7.55,0,2225
7096,2022-07-18 14:03:00+05:30,7.55,7.55,7.55,7.55,0,2225
7097,2022-07-18 14:04:00+05:30,7.55,7.55,7.55,7.55,0,2225
7098,2022-07-18 14:05:00+05:30,7.55,7.55,7.55,7.55,0,2225
7099,2022-07-18 14:06:00+05:30,7.55,7.55,7.55,7.55,0,2225
7100,2022-07-18 14:07:00+05:30,7.55,7.55,7.55,7.55,0,2225
7101,2022-07-18 14:08:00+05:30,7.55,7.55,7.55,7.55,0,2225
7102,2022-07-18 14:09:00+05:30,7.55,7.55,7.55,7.55,0,2225
7103,2022-07-18 14:10:00+05:30,7.55,7.55,7.45,7.45,0,2250
7104,2022-07-18 14:11:00+05:30,7.45,7.45,7.45,7.45,50,2250
7105,2022-07-18 14:12:00+05:30,7.45,7.45,7.45,7.45,0,2250
7106,2022-07-18 14:13:00+05:30,7.45,7.45,7.45,7.45,0,2250
7107,2022-07-18 14:14:00+05:30,7.45,7.45,7.45,7.45,0,2250
7108,2022-07-18 14:15:00+05:30,7.45,7.45,7.45,7.45,0,2250
7109,2022-07-18 14:16:00+05:30,7.45,7.45,7.45,7.45,0,2250
7110,2022-07-18 14:17:00+05:30,7.45,7.45,7.45,7.45,0,2250
7111,2022-07-18 14:18:00+05:30,7.45,7.45,7.45,7.45,0,2250
7112,2022-07-18 14:19:00+05:30,7.45,7.45,7.45,7.45,0,2250
7113,2022-07-18 14:20:00+05:30,7.45,7.45,7.45,7.45,0,2250
7114,2022-07-18 14:21:00+05:30,7.45,7.45,7.45,7.45,0,2250
7115,2022-07-18 14:22:00+05:30,7.45,7.45,7.45,7.45,0,2250
7116,2022-07-18 14:23:00+05:30,7.45,7.45,7.45,7.45,0,2250
7117,2022-07-18 14:24:00+05:30,7.45,7.45,7.2,7.2,50,2250
7118,2022-07-18 14:25:00+05:30,7.2,7.2,7.2,7.2,0,2250
7119,2022-07-18 14:26:00+05:30,7.2,7.2,7.2,7.2,0,2250
7120,2022-07-18 14:27:00+05:30,7.2,7.2,7.2,7.2,0,2250
7121,2022-07-18 14:28:00+05:30,7.2,7.2,7.2,7.2,0,2250
7122,2022-07-18 14:29:00+05:30,7.2,7.2,7.2,7.2,0,2250
7123,2022-07-18 14:30:00+05:30,7.2,7.2,7.2,7.2,0,2250
7124,2022-07-18 14:31:00+05:30,7.2,7.2,6.95,6.95,175,2250
7125,2022-07-18 14:32:00+05:30,6.95,6.95,6.95,6.95,0,2250
7126,2022-07-18 14:33:00+05:30,6.95,6.95,6.95,6.95,0,2250
7127,2022-07-18 14:34:00+05:30,6.95,6.95,6.95,6.95,0,2250
7128,2022-07-18 14:35:00+05:30,6.95,6.95,6.95,6.95,0,2250
7129,2022-07-18 14:36:00+05:30,6.95,7.55,6.95,7.55,50,2200
7130,2022-07-18 14:37:00+05:30,7.55,7.55,7.55,7.55,0,2200
7131,2022-07-18 14:38:00+05:30,7.55,7.55,7.55,7.55,0,2200
7132,2022-07-18 14:39:00+05:30,7.55,7.55,7.55,7.55,0,2200
7133,2022-07-18 14:40:00+05:30,7.55,7.55,7.55,7.55,0,2200
7134,2022-07-18 14:41:00+05:30,7.55,7.55,7.55,7.55,0,2200
7135,2022-07-18 14:42:00+05:30,7.55,7.55,7.55,7.55,0,2200
7136,2022-07-18 14:43:00+05:30,7.55,7.55,7.55,7.55,0,2200
7137,2022-07-18 14:44:00+05:30,7.55,7.55,7.55,7.55,0,2200
7138,2022-07-18 14:45:00+05:30,7.55,7.55,7.55,7.55,0,2200
7139,2022-07-18 14:46:00+05:30,7.55,7.55,7.55,7.55,0,2200
7140,2022-07-18 14:47:00+05:30,7.55,7.55,7.55,7.55,0,2200
7141,2022-07-18 14:48:00+05:30,7.2,7.55,7.15,7.15,50,2175
7142,2022-07-18 14:49:00+05:30,7.15,7.25,7.15,7.25,50,2150
7143,2022-07-18 14:50:00+05:30,7.25,7.25,7.25,7.25,0,2150
7144,2022-07-18 14:51:00+05:30,7.25,7.25,7.25,7.25,0,2150
7145,2022-07-18 14:52:00+05:30,7.25,7.25,7.25,7.25,0,2150
7146,2022-07-18 14:53:00+05:30,7.25,7.25,7.25,7.25,0,2150
7147,2022-07-18 14:54:00+05:30,7.25,7.25,7.25,7.25,0,2150
7148,2022-07-18 14:55:00+05:30,7.25,7.25,7.25,7.25,0,2150
7149,2022-07-18 14:56:00+05:30,7.25,7.25,7.25,7.25,0,2150
7150,2022-07-18 14:57:00+05:30,7.25,7.35,7.25,7.35,25,2150
7151,2022-07-18 14:58:00+05:30,7.35,7.35,7.35,7.35,0,2150
7152,2022-07-18 14:59:00+05:30,7.35,7.35,7.35,7.35,0,2150
7153,2022-07-18 15:00:00+05:30,7.35,7.35,7.35,7.35,0,2150
7154,2022-07-18 15:01:00+05:30,7.35,7.35,7.35,7.35,0,2150
7155,2022-07-18 15:02:00+05:30,7.35,7.35,7.35,7.35,0,2150
7156,2022-07-18 15:03:00+05:30,7.35,7.35,7.35,7.35,0,2150
7157,2022-07-18 15:04:00+05:30,7.35,7.35,7.35,7.35,0,2150
7158,2022-07-18 15:05:00+05:30,7.35,7.35,7.35,7.35,0,2150
7159,2022-07-18 15:06:00+05:30,7.35,7.35,7.35,7.35,0,2150
7160,2022-07-18 15:07:00+05:30,7.35,7.35,7.35,7.35,0,2150
7161,2022-07-18 15:08:00+05:30,7.35,7.35,7.35,7.35,0,2150
7162,2022-07-18 15:09:00+05:30,7.35,7.35,7.35,7.35,0,2150
7163,2022-07-18 15:10:00+05:30,7.35,7.35,7.35,7.35,0,2150
7164,2022-07-18 15:11:00+05:30,7.35,7.35,7.35,7.35,0,2150
7165,2022-07-18 15:12:00+05:30,7.35,7.35,7.35,7.35,0,2150
7166,2022-07-18 15:13:00+05:30,7.35,7.35,7.35,7.35,0,2150
7167,2022-07-18 15:14:00+05:30,7.35,7.35,7.35,7.35,0,2150
7168,2022-07-18 15:15:00+05:30,7.35,7.35,7.35,7.35,0,2150
7169,2022-07-18 15:16:00+05:30,7.35,7.35,7.35,7.35,0,2150
7170,2022-07-18 15:17:00+05:30,7.35,7.35,7.35,7.35,0,2150
7171,2022-07-18 15:18:00+05:30,7.35,7.35,7.35,7.35,0,2150
7172,2022-07-18 15:19:00+05:30,7.35,7.35,7.35,7.35,0,2150
7173,2022-07-18 15:20:00+05:30,7.35,7.35,7.35,7.35,0,2150
7174,2022-07-18 15:21:00+05:30,7.35,7.35,7.35,7.35,0,2150
7175,2022-07-18 15:22:00+05:30,7.35,7.35,7.35,7.35,0,2150
7176,2022-07-18 15:23:00+05:30,7.35,7.35,7.35,7.35,0,2150
7177,2022-07-18 15:24:00+05:30,7.35,7.35,7.35,7.35,0,2150
7178,2022-07-18 15:25:00+05:30,7.9,7.9,7.9,7.9,25,2150
7179,2022-07-18 15:26:00+05:30,7.9,7.9,7.9,7.9,0,2150
7180,2022-07-18 15:27:00+05:30,7.9,7.9,7.6,7.6,100,2125
7181,2022-07-18 15:28:00+05:30,7.6,7.6,7.6,7.6,0,2125
7182,2022-07-18 15:29:00+05:30,7.6,7.6,5.45,5.45,50,2125
7183,2022-07-20 10:03:00+05:30,3.1,3.1,3.1,3.1,0,2075
7184,2022-07-20 10:04:00+05:30,3.1,3.1,3.1,3.1,0,2075
7185,2022-07-20 10:05:00+05:30,3.1,3.1,3.1,3.1,0,2075
7186,2022-07-20 10:06:00+05:30,3.1,3.1,3.1,3.1,0,2075
7187,2022-07-20 10:11:00+05:30,3.1,3.1,3.1,3.1,0,2075
7188,2022-07-20 10:12:00+05:30,3.1,3.55,3.1,3.55,0,2075
7189,2022-07-20 10:13:00+05:30,3.55,3.55,3.55,3.55,25,2075
7190,2022-07-20 10:15:00+05:30,3.55,3.55,3.55,3.55,0,2075
7191,2022-07-20 10:21:00+05:30,3.55,3.55,3.55,3.55,0,2075
7192,2022-07-20 10:22:00+05:30,3.55,3.55,3.55,3.55,0,2075
7193,2022-07-20 10:26:00+05:30,3.55,3.55,3.55,3.55,0,2075
7194,2022-07-20 10:28:00+05:30,3.55,3.55,3.55,3.55,0,2075
7195,2022-07-20 10:29:00+05:30,3.55,3.55,3.55,3.55,0,2075
7196,2022-07-20 10:37:00+05:30,3.55,3.55,3.55,3.55,0,2075
7197,2022-07-20 10:42:00+05:30,3.55,3.55,3.55,3.55,0,2075
7198,2022-07-20 10:44:00+05:30,3.55,3.55,3.55,3.55,0,2075
7199,2022-07-20 10:47:00+05:30,3.55,4.05,3.55,4.05,25,2075
7200,2022-07-20 10:49:00+05:30,4.05,4.05,4.05,4.05,0,2075
7201,2022-07-20 11:10:00+05:30,4.05,4.05,4.05,4.05,0,2075
7202,2022-07-20 11:25:00+05:30,4.05,4.05,4.05,4.05,0,2075
7203,2022-07-20 11:26:00+05:30,4.05,4.05,4.05,4.05,0,2075
7204,2022-07-20 11:37:00+05:30,4.05,4.05,4.05,4.05,0,2075
7205,2022-07-20 11:52:00+05:30,4.05,4.05,4.05,4.05,100,2075
7206,2022-07-20 11:53:00+05:30,4.05,4.05,4.05,4.05,0,2075
7207,2022-07-20 11:55:00+05:30,4.05,4.05,4.05,4.05,0,2075
7208,2022-07-20 11:56:00+05:30,4.05,4.05,4.05,4.05,0,2075
7209,2022-07-20 11:57:00+05:30,5.25,6.1,4.05,6.1,675,2075
7210,2022-07-20 11:58:00+05:30,6.1,6.1,6.1,6.1,0,2075
7211,2022-07-20 11:59:00+05:30,6.1,6.1,6.1,6.1,0,2075
7212,2022-07-20 12:00:00+05:30,6.1,6.1,6.1,6.1,0,2075
7213,2022-07-20 12:01:00+05:30,6.1,6.1,6.1,6.1,0,2075
7214,2022-07-20 12:03:00+05:30,6.1,6.1,6.1,6.1,0,2075
7215,2022-07-20 12:04:00+05:30,6.1,6.1,6.1,6.1,0,2075
7216,2022-07-20 12:05:00+05:30,6.1,6.1,6.1,6.1,0,2075
7217,2022-07-20 12:06:00+05:30,6.1,6.1,6.1,6.1,0,2075
7218,2022-07-20 12:07:00+05:30,6.1,6.1,6.1,6.1,0,2075
7219,2022-07-20 12:08:00+05:30,6.1,6.1,6.1,6.1,0,2075
7220,2022-07-20 12:09:00+05:30,6.1,6.1,6.1,6.1,0,2075
7221,2022-07-20 12:10:00+05:30,6.1,6.1,6.1,6.1,0,2075
7222,2022-07-20 12:11:00+05:30,6.1,6.1,6.1,6.1,0,2075
7223,2022-07-20 12:14:00+05:30,6.1,6.1,6.1,6.1,0,2075
7224,2022-07-20 12:15:00+05:30,6.1,6.1,6.1,6.1,0,2075
7225,2022-07-20 12:16:00+05:30,6.1,6.1,6.1,6.1,0,2075
7226,2022-07-20 12:17:00+05:30,6.1,6.1,6.1,6.1,0,2075
7227,2022-07-20 12:18:00+05:30,6.1,6.1,6.1,6.1,0,2075
7228,2022-07-20 12:19:00+05:30,6.1,6.1,6.1,6.1,0,2075
7229,2022-07-20 12:20:00+05:30,6.1,6.1,6.1,6.1,0,2075
7230,2022-07-20 12:22:00+05:30,6.1,6.1,6.1,6.1,0,2075
7231,2022-07-20 12:23:00+05:30,6.1,6.1,6.1,6.1,0,2075
7232,2022-07-20 12:24:00+05:30,6.1,6.1,6.1,6.1,0,2075
7233,2022-07-20 12:25:00+05:30,6.1,6.1,6.1,6.1,0,2075
7234,2022-07-20 12:26:00+05:30,6.1,6.1,6.1,6.1,0,2075
7235,2022-07-20 12:27:00+05:30,6.1,6.1,6.1,6.1,0,2075
7236,2022-07-20 12:28:00+05:30,6.1,6.1,6.1,6.1,0,2075
7237,2022-07-20 12:29:00+05:30,6.1,6.1,6.1,6.1,0,2075
7238,2022-07-20 12:30:00+05:30,6.1,6.1,6.1,6.1,0,2075
7239,2022-07-20 12:32:00+05:30,6.1,6.1,6.1,6.1,0,2075
7240,2022-07-20 12:33:00+05:30,6.1,6.1,6.1,6.1,0,2075
7241,2022-07-20 12:34:00+05:30,6.1,6.1,6.1,6.1,0,2075
7242,2022-07-20 12:35:00+05:30,6.1,6.1,6.1,6.1,0,2075
7243,2022-07-20 12:36:00+05:30,6.1,6.1,6.1,6.1,0,2075
7244,2022-07-20 12:37:00+05:30,6.1,6.1,6.1,6.1,0,2075
7245,2022-07-20 12:38:00+05:30,6.1,6.1,6.1,6.1,0,2075
7246,2022-07-20 12:39:00+05:30,6.1,6.1,6.1,6.1,0,2075
7247,2022-07-20 12:40:00+05:30,6.1,6.1,6.1,6.1,0,2075
7248,2022-07-20 12:41:00+05:30,6.1,6.1,6.1,6.1,0,2075
7249,2022-07-20 12:42:00+05:30,6.1,6.1,6.1,6.1,0,2075
7250,2022-07-20 12:44:00+05:30,6.1,6.1,6.1,6.1,0,2075
7251,2022-07-20 12:45:00+05:30,6.1,6.1,6.1,6.1,0,2075
7252,2022-07-20 12:46:00+05:30,6.1,6.1,6.1,6.1,0,2075
7253,2022-07-20 12:47:00+05:30,6.1,6.1,6.1,6.1,0,2075
7254,2022-07-20 12:48:00+05:30,6.1,6.1,6.1,6.1,0,2075
7255,2022-07-20 12:49:00+05:30,6.1,6.1,6.1,6.1,0,2075
7256,2022-07-20 12:50:00+05:30,6.1,6.1,6.1,6.1,0,2075
7257,2022-07-20 12:51:00+05:30,6.1,6.1,6.1,6.1,0,2075
7258,2022-07-20 12:52:00+05:30,6.1,6.1,6.1,6.1,100,2025
7259,2022-07-20 12:53:00+05:30,6.1,6.1,6.1,6.1,0,2025
7260,2022-07-20 12:54:00+05:30,6.1,6.1,6.1,6.1,0,2025
7261,2022-07-20 12:55:00+05:30,6.1,6.1,6.1,6.1,0,2025
7262,2022-07-20 12:56:00+05:30,6.1,6.1,6.1,6.1,0,2025
7263,2022-07-20 12:57:00+05:30,6.1,6.1,6.1,6.1,0,2025
7264,2022-07-20 12:59:00+05:30,6.1,6.1,6.1,6.1,0,2025
7265,2022-07-20 13:00:00+05:30,6.1,6.1,6.1,6.1,0,2025
7266,2022-07-20 13:01:00+05:30,6.1,6.1,6.1,6.1,0,2025
7267,2022-07-20 13:02:00+05:30,6.1,6.1,6.1,6.1,0,2025
7268,2022-07-20 13:08:00+05:30,6.1,6.1,6.1,6.1,0,2025
7269,2022-07-20 13:15:00+05:30,6.1,6.1,6.1,6.1,0,2025
7270,2022-07-20 13:16:00+05:30,6.1,6.1,6.1,6.1,0,2025
7271,2022-07-20 13:20:00+05:30,6.1,6.1,6.1,6.1,0,2025
7272,2022-07-20 13:22:00+05:30,6.1,6.1,6.1,6.1,0,2025
7273,2022-07-20 13:23:00+05:30,6.1,6.1,6.1,6.1,0,2025
7274,2022-07-20 13:29:00+05:30,6.1,6.1,6.1,6.1,0,2025
7275,2022-07-20 13:31:00+05:30,6.1,6.1,6.1,6.1,0,2025
7276,2022-07-20 13:34:00+05:30,6.1,6.1,6.1,6.1,0,2025
7277,2022-07-20 13:42:00+05:30,6.1,6.1,6.1,6.1,0,2025
7278,2022-07-20 13:45:00+05:30,6.1,6.1,6.1,6.1,0,2025
7279,2022-07-20 13:47:00+05:30,6.1,6.1,6.1,6.1,0,2025
7280,2022-07-20 13:48:00+05:30,6.1,6.1,6.1,6.1,0,2025
7281,2022-07-20 13:49:00+05:30,6.1,6.1,6.1,6.1,0,2025
7282,2022-07-20 13:50:00+05:30,6.1,6.1,6.1,6.1,0,2025
7283,2022-07-20 13:51:00+05:30,6.1,6.1,6.1,6.1,0,2025
7284,2022-07-20 13:52:00+05:30,6.1,6.1,6.1,6.1,0,2025
7285,2022-07-20 13:53:00+05:30,6.1,6.1,6.1,6.1,0,2025
7286,2022-07-20 13:54:00+05:30,6.1,6.1,6.1,6.1,0,2025
7287,2022-07-20 13:55:00+05:30,6.1,6.1,6.1,6.1,0,2025
7288,2022-07-20 13:56:00+05:30,6.1,6.1,6.1,6.1,0,2025
7289,2022-07-20 13:58:00+05:30,6.1,6.1,6.1,6.1,0,2025
7290,2022-07-20 13:59:00+05:30,6.1,6.1,6.1,6.1,0,2025
7291,2022-07-20 14:00:00+05:30,6.1,6.1,6.1,6.1,0,2025
7292,2022-07-20 14:01:00+05:30,6.1,6.1,6.1,6.1,0,2025
7293,2022-07-20 14:02:00+05:30,6.1,6.1,6.1,6.1,0,2025
7294,2022-07-20 14:03:00+05:30,6.1,6.1,6.1,6.1,0,2025
7295,2022-07-20 14:07:00+05:30,6.1,6.1,6.1,6.1,0,2025
7296,2022-07-20 14:08:00+05:30,6.1,6.1,6.1,6.1,0,2025
7297,2022-07-20 14:10:00+05:30,6.1,6.1,6.1,6.1,0,2025
7298,2022-07-20 14:13:00+05:30,6.1,6.1,6.1,6.1,0,2025
7299,2022-07-20 14:14:00+05:30,6.1,6.1,6.1,6.1,0,2025
7300,2022-07-20 14:24:00+05:30,6.1,6.1,6.1,6.1,0,2025
7301,2022-07-20 14:25:00+05:30,6.1,6.1,6.1,6.1,0,2025
7302,2022-07-20 14:29:00+05:30,6.1,6.1,6.1,6.1,0,2025
7303,2022-07-20 14:30:00+05:30,6.1,6.1,6.1,6.1,0,2025
7304,2022-07-20 14:31:00+05:30,6.1,6.1,6.1,6.1,0,2025
7305,2022-07-20 14:37:00+05:30,4.75,4.75,4.75,4.75,25,2125
7306,2022-07-20 14:38:00+05:30,4.75,4.75,4.75,4.75,0,2125
7307,2022-07-20 14:39:00+05:30,4.75,4.75,4.75,4.75,0,2125
7308,2022-07-20 14:48:00+05:30,4.75,4.75,4.75,4.75,0,2125
7309,2022-07-20 14:49:00+05:30,4.75,4.75,4.75,4.75,0,2125
7310,2022-07-20 14:50:00+05:30,4.75,4.75,4.75,4.75,0,2125
7311,2022-07-20 14:51:00+05:30,4.75,4.75,4.75,4.75,0,2125
7312,2022-07-20 14:52:00+05:30,4.75,4.75,4.75,4.75,0,2125
7313,2022-07-20 14:53:00+05:30,4.75,4.75,4.75,4.75,0,2125
7314,2022-07-20 14:55:00+05:30,4.75,4.75,4.75,4.75,0,2125
7315,2022-07-20 14:56:00+05:30,4.75,4.75,4.75,4.75,0,2125
7316,2022-07-20 14:57:00+05:30,4.75,4.75,4.75,4.75,0,2125
7317,2022-07-20 14:58:00+05:30,4.75,4.75,4.75,4.75,0,2125
7318,2022-07-20 14:59:00+05:30,4.75,4.75,4.75,4.75,0,2125
7319,2022-07-20 15:00:00+05:30,4.75,4.75,4.75,4.75,0,2125
7320,2022-07-20 15:03:00+05:30,4.75,4.75,4.75,4.75,0,2125
7321,2022-07-20 15:04:00+05:30,4.75,4.75,4.75,4.75,0,2125
7322,2022-07-20 15:05:00+05:30,4.75,4.75,4.75,4.75,0,2125
7323,2022-07-20 15:07:00+05:30,4.75,4.75,4.75,4.75,0,2125
7324,2022-07-20 15:13:00+05:30,5.5,5.5,5.35,5.35,425,2125
7325,2022-07-20 15:14:00+05:30,5.2,5.2,5.2,5.2,200,2125
7326,2022-07-20 15:15:00+05:30,5.2,5.2,5.2,5.2,0,2125
7327,2022-07-20 15:16:00+05:30,5.2,5.2,5.2,5.2,0,2125
7328,2022-07-20 15:17:00+05:30,5.2,5.2,5.2,5.2,0,2125
7329,2022-07-20 15:18:00+05:30,5.2,5.2,5.2,5.2,0,2125
7330,2022-07-20 15:19:00+05:30,5.2,5.2,5.2,5.2,0,2125
7331,2022-07-20 15:20:00+05:30,5.2,5.2,5.2,5.2,0,2125
7332,2022-07-20 15:21:00+05:30,5.2,5.2,5.2,5.2,0,2125
7333,2022-07-20 15:22:00+05:30,5.2,5.2,5.2,5.2,0,2125
7334,2022-07-20 15:23:00+05:30,5.2,5.2,5.2,5.2,0,2125
7335,2022-07-20 15:24:00+05:30,5.2,5.2,5.2,5.2,0,2125
7336,2022-07-20 15:25:00+05:30,5.2,5.2,5.2,5.2,0,2125
7337,2022-07-20 15:26:00+05:30,5.2,5.2,5.2,5.2,0,2125
7338,2022-07-20 15:27:00+05:30,5.2,5.2,5.2,5.2,0,2125
7339,2022-07-20 15:28:00+05:30,5.2,5.2,5.2,5.2,0,2125
7340,2022-07-20 15:29:00+05:30,5.2,5.2,5.2,5.2,0,2125
7341,2022-07-21 10:40:00+05:30,5.35,5.35,5.35,5.35,0,1500
7342,2022-07-21 10:41:00+05:30,5.35,5.35,5.35,5.35,0,1500
7343,2022-07-21 10:42:00+05:30,5.35,5.35,5.35,5.35,0,1500
7344,2022-07-21 10:49:00+05:30,5.35,5.35,5.35,5.35,0,1500
7345,2022-07-21 10:50:00+05:30,5.35,5.35,5.35,5.35,0,1500
7346,2022-07-21 10:51:00+05:30,5.35,5.35,5.35,5.35,0,1500
7347,2022-07-21 10:52:00+05:30,5.35,5.35,5.35,5.35,0,1500
7348,2022-07-21 10:58:00+05:30,5.35,5.35,5.35,5.35,0,1500
7349,2022-07-21 11:04:00+05:30,5.35,5.35,5.35,5.35,0,1500
7350,2022-07-21 11:17:00+05:30,5.35,5.35,5.35,5.35,0,1500
7351,2022-07-21 11:19:00+05:30,5.35,5.35,5.35,5.35,0,1500
7352,2022-07-21 11:23:00+05:30,5.35,5.35,5.35,5.35,0,1500
7353,2022-07-21 11:26:00+05:30,5.35,5.35,5.35,5.35,0,1500
7354,2022-07-21 11:30:00+05:30,5.35,5.35,5.35,5.35,0,1500
7355,2022-07-21 11:34:00+05:30,5.35,5.35,5.35,5.35,0,1500
7356,2022-07-21 11:36:00+05:30,5.35,5.35,5.35,5.35,0,1500
7357,2022-07-21 11:37:00+05:30,5.35,5.35,5.35,5.35,0,1500
7358,2022-07-21 11:38:00+05:30,5.35,5.35,5.35,5.35,0,1500
7359,2022-07-21 11:45:00+05:30,5.3,5.3,5.3,5.3,100,1600
7360,2022-07-21 11:46:00+05:30,5.3,5.3,5.3,5.3,0,1600
7361,2022-07-21 11:47:00+05:30,5.3,5.3,5.3,5.3,0,1600
7362,2022-07-21 11:48:00+05:30,5.3,5.3,5.3,5.3,0,1600
7363,2022-07-21 11:54:00+05:30,5.3,5.3,5.3,5.3,0,1600
7364,2022-07-21 11:56:00+05:30,5.3,5.3,5.3,5.3,0,1600
7365,2022-07-21 11:57:00+05:30,5.3,5.3,5.3,5.3,0,1600
7366,2022-07-21 12:06:00+05:30,5.3,5.3,5.3,5.3,0,1600
7367,2022-07-21 12:07:00+05:30,5.3,5.3,5.3,5.3,0,1600
7368,2022-07-21 12:08:00+05:30,5.3,5.3,5.3,5.3,0,1600
7369,2022-07-21 12:17:00+05:30,5.3,5.3,5.3,5.3,0,1600
7370,2022-07-21 12:21:00+05:30,5.3,5.3,5.3,5.3,0,1600
7371,2022-07-21 12:22:00+05:30,5.3,5.3,5.3,5.3,0,1600
7372,2022-07-21 12:29:00+05:30,5.3,5.3,5.3,5.3,0,1600
7373,2022-07-21 12:33:00+05:30,5.3,5.3,5.3,5.3,0,1600
7374,2022-07-21 12:45:00+05:30,5.3,5.3,5.3,5.3,0,1600
7375,2022-07-21 12:51:00+05:30,5.3,5.3,5.3,5.3,0,1600
7376,2022-07-21 12:58:00+05:30,5.3,5.3,5.3,5.3,0,1600
7377,2022-07-21 13:00:00+05:30,5.3,5.3,5.3,5.3,0,1600
7378,2022-07-21 13:12:00+05:30,5.3,5.3,5.3,5.3,0,1600
7379,2022-07-21 13:14:00+05:30,5.3,5.3,5.3,5.3,0,1600
7380,2022-07-21 13:15:00+05:30,5.3,5.3,5.3,5.3,0,1600
7381,2022-07-21 13:22:00+05:30,5.3,5.3,5.3,5.3,0,1600
7382,2022-07-21 13:25:00+05:30,5.3,5.3,5.3,5.3,0,1600
7383,2022-07-21 13:29:00+05:30,5.3,5.3,5.3,5.3,0,1600
7384,2022-07-21 13:38:00+05:30,5.3,5.3,5.3,5.3,0,1600
7385,2022-07-21 13:44:00+05:30,5.3,5.3,5.3,5.3,0,1600
7386,2022-07-21 13:51:00+05:30,5.3,5.3,5.3,5.3,0,1600
7387,2022-07-21 13:56:00+05:30,5.3,5.3,5.3,5.3,0,1600
7388,2022-07-21 13:59:00+05:30,5.3,5.3,5.3,5.3,0,1600
7389,2022-07-21 14:03:00+05:30,5.3,5.3,5.3,5.3,0,1600
7390,2022-07-21 14:05:00+05:30,5.3,5.3,5.3,5.3,0,1600
7391,2022-07-21 14:07:00+05:30,5.3,5.3,5.3,5.3,0,1600
7392,2022-07-21 14:09:00+05:30,5.3,5.3,5.3,5.3,0,1600
7393,2022-07-21 14:15:00+05:30,5.3,5.3,5.3,5.3,0,1600
7394,2022-07-21 14:18:00+05:30,5.3,5.3,5.3,5.3,0,1600
7395,2022-07-21 14:21:00+05:30,5.3,5.3,5.3,5.3,0,1600
7396,2022-07-21 14:31:00+05:30,5.3,5.3,5.3,5.3,0,1600
7397,2022-07-21 14:34:00+05:30,5.3,5.3,5.3,5.3,0,1600
7398,2022-07-21 14:35:00+05:30,5.3,5.3,5.3,5.3,0,1600
7399,2022-07-21 14:37:00+05:30,5.3,5.3,5.3,5.3,0,1600
7400,2022-07-21 14:38:00+05:30,5.3,5.3,5.3,5.3,0,1600
7401,2022-07-21 14:41:00+05:30,5.3,5.3,5.3,5.3,0,1600
7402,2022-07-21 14:44:00+05:30,5.3,5.3,5.3,5.3,0,1600
7403,2022-07-21 14:48:00+05:30,3.35,3.35,3.35,3.35,525,1600
7404,2022-07-21 14:49:00+05:30,3.35,3.35,3.1,3.1,500,1600
7405,2022-07-21 14:50:00+05:30,3.1,3.1,3.1,3.1,0,1600
7406,2022-07-21 14:51:00+05:30,3.1,3.1,3.1,3.1,0,1600
7407,2022-07-21 14:52:00+05:30,3.1,3.1,3.1,3.1,0,1600
7408,2022-07-21 14:53:00+05:30,3.1,3.1,3.1,3.1,0,1600
7409,2022-07-21 14:54:00+05:30,3.1,3.1,3.1,3.1,0,1600
7410,2022-07-21 14:55:00+05:30,3.1,3.1,3.1,3.1,0,1600
7411,2022-07-21 14:57:00+05:30,3.1,3.1,3.1,3.1,0,1600
7412,2022-07-21 14:58:00+05:30,3.1,3.1,2.35,2.35,100,1300
7413,2022-07-21 14:59:00+05:30,2.35,2.35,2.35,2.35,0,1300
7414,2022-07-21 15:00:00+05:30,2.35,2.35,2.35,2.35,0,1300
7415,2022-07-21 15:01:00+05:30,2.35,2.35,2.35,2.35,0,1300
7416,2022-07-21 15:02:00+05:30,2.35,2.35,2.35,2.35,0,1300
7417,2022-07-21 15:03:00+05:30,2.35,2.35,2.35,2.35,0,1300
7418,2022-07-21 15:04:00+05:30,2.35,2.35,2.35,2.35,0,1300
7419,2022-07-21 15:05:00+05:30,2.35,2.35,2.35,2.35,0,1300
7420,2022-07-21 15:06:00+05:30,2.35,2.35,2.35,2.35,0,1300
7421,2022-07-21 15:07:00+05:30,2.35,2.35,2.35,2.35,0,1300
7422,2022-07-21 15:08:00+05:30,2.35,2.35,2.35,2.35,0,1300
7423,2022-07-21 15:09:00+05:30,2.35,2.35,2.35,2.35,0,1300
7424,2022-07-21 15:11:00+05:30,2.35,2.35,2.35,2.35,0,1300
7425,2022-07-21 15:12:00+05:30,2.35,2.35,2.35,2.35,0,1300
7426,2022-07-21 15:13:00+05:30,2.35,2.35,2.35,2.35,0,1300
7427,2022-07-21 15:14:00+05:30,2.35,5.0,2.35,5.0,1000,1275
7428,2022-07-21 15:15:00+05:30,5.0,5.0,5.0,5.0,0,1275
7429,2022-07-21 15:17:00+05:30,5.0,5.0,5.0,5.0,0,1275
7430,2022-07-21 15:18:00+05:30,5.0,5.0,5.0,5.0,0,1275
7431,2022-07-21 15:19:00+05:30,5.0,5.0,5.0,5.0,0,1275
7432,2022-07-21 15:20:00+05:30,5.0,5.0,5.0,5.0,0,1275
7433,2022-07-21 15:21:00+05:30,5.0,5.0,5.0,5.0,0,1275
7434,2022-07-21 15:22:00+05:30,5.0,5.0,5.0,5.0,0,1275
7435,2022-07-21 15:23:00+05:30,5.0,5.0,5.0,5.0,0,1275
7436,2022-07-21 15:24:00+05:30,5.0,5.0,3.2,3.3,200,2250
7437,2022-07-21 15:25:00+05:30,3.3,3.3,3.3,3.3,0,2250
7438,2022-07-21 15:26:00+05:30,3.3,3.3,3.3,3.3,0,2250
7439,2022-07-21 15:27:00+05:30,3.3,3.3,3.3,3.3,0,2250
7440,2022-07-21 15:28:00+05:30,3.3,3.3,3.3,3.3,0,2250
7441,2022-07-21 15:29:00+05:30,3.3,3.3,3.3,3.3,0,2250
7442,2022-07-22 09:15:00+05:30,3.1,3.1,1.8,1.8,0,2250
7443,2022-07-22 09:16:00+05:30,1.8,3.05,1.8,3.05,75,2250
7444,2022-07-22 09:17:00+05:30,3.05,3.05,3.05,3.05,0,2250
7445,2022-07-22 09:18:00+05:30,3.05,3.05,3.05,3.05,0,2250
7446,2022-07-22 09:19:00+05:30,3.05,3.05,3.05,3.05,0,2250
7447,2022-07-22 09:20:00+05:30,3.05,3.05,3.05,3.05,0,2250
7448,2022-07-22 09:21:00+05:30,3.05,3.05,2.85,2.85,500,2400
7449,2022-07-22 09:22:00+05:30,2.85,2.9,2.85,2.9,25,2400
7450,2022-07-22 09:23:00+05:30,2.9,2.9,2.85,2.9,150,2400
7451,2022-07-22 09:24:00+05:30,2.9,2.9,2.9,2.9,0,2400
7452,2022-07-22 09:25:00+05:30,2.9,2.9,2.9,2.9,0,2400
7453,2022-07-22 09:26:00+05:30,2.9,2.9,2.9,2.9,100,2875
7454,2022-07-22 09:27:00+05:30,2.9,2.9,2.9,2.9,250,2875
7455,2022-07-22 09:28:00+05:30,2.9,2.9,2.9,2.9,0,2875
7456,2022-07-22 09:29:00+05:30,2.9,2.95,2.9,2.9,750,3525
7457,2022-07-22 09:30:00+05:30,2.85,3.0,2.85,3.0,425,3525
7458,2022-07-22 09:31:00+05:30,2.95,3.05,2.95,3.05,300,3525
7459,2022-07-22 09:32:00+05:30,2.95,3.0,2.95,2.95,650,4775
7460,2022-07-22 09:33:00+05:30,2.95,2.95,2.95,2.95,100,4775
7461,2022-07-22 09:34:00+05:30,2.95,2.95,2.95,2.95,0,4775
7462,2022-07-22 09:35:00+05:30,2.95,3.0,2.95,3.0,25,4775
7463,2022-07-22 09:36:00+05:30,3.0,3.0,2.9,2.9,200,4725
7464,2022-07-22 09:37:00+05:30,2.9,2.9,2.9,2.9,0,4725
7465,2022-07-22 09:38:00+05:30,2.9,2.9,2.9,2.9,0,4725
7466,2022-07-22 09:39:00+05:30,2.9,2.9,2.9,2.9,0,4725
7467,2022-07-22 09:40:00+05:30,2.9,2.95,2.9,2.95,100,4825
7468,2022-07-22 09:41:00+05:30,2.95,2.95,2.95,2.95,175,4725
7469,2022-07-22 09:42:00+05:30,2.95,2.95,2.9,2.9,25,4725
7470,2022-07-22 09:43:00+05:30,2.9,2.9,2.9,2.9,25,4725
7471,2022-07-22 09:44:00+05:30,2.9,2.9,2.9,2.9,0,4725
7472,2022-07-22 09:45:00+05:30,2.9,2.9,2.9,2.9,650,4600
7473,2022-07-22 09:46:00+05:30,2.9,2.9,2.9,2.9,0,4600
7474,2022-07-22 09:47:00+05:30,2.8,2.85,2.8,2.85,100,4475
7475,2022-07-22 09:48:00+05:30,2.85,2.9,2.85,2.9,475,4475
7476,2022-07-22 09:49:00+05:30,2.9,2.9,2.9,2.9,0,4475
7477,2022-07-22 09:51:00+05:30,2.9,2.9,2.9,2.9,0,4475
7478,2022-07-22 09:52:00+05:30,2.9,2.9,2.9,2.9,0,4475
7479,2022-07-22 09:53:00+05:30,2.9,2.9,2.9,2.9,0,4475
7480,2022-07-22 09:54:00+05:30,2.9,2.9,2.9,2.9,0,4475
7481,2022-07-22 09:55:00+05:30,2.9,2.95,2.9,2.95,50,4000
7482,2022-07-22 09:56:00+05:30,2.95,2.95,2.85,2.85,50,4050
7483,2022-07-22 09:57:00+05:30,2.85,2.85,2.85,2.85,0,4050
7484,2022-07-22 09:58:00+05:30,2.85,2.85,2.85,2.85,0,4050
7485,2022-07-22 09:59:00+05:30,2.85,2.85,2.85,2.85,0,4050
7486,2022-07-22 10:00:00+05:30,2.85,2.85,2.85,2.85,0,4050
7487,2022-07-22 10:01:00+05:30,2.85,2.85,2.85,2.85,0,4050
7488,2022-07-22 10:02:00+05:30,2.85,2.85,2.85,2.85,0,4050
7489,2022-07-22 10:03:00+05:30,2.85,2.85,2.85,2.85,0,4050
7490,2022-07-22 10:04:00+05:30,2.85,2.85,2.85,2.85,0,4050
7491,2022-07-22 10:05:00+05:30,2.85,2.85,2.85,2.85,0,4050
7492,2022-07-22 10:06:00+05:30,2.85,2.85,2.85,2.85,0,4050
7493,2022-07-22 10:07:00+05:30,2.85,2.85,2.85,2.85,25,4050
7494,2022-07-22 10:08:00+05:30,2.85,2.85,2.85,2.85,0,4050
7495,2022-07-22 10:09:00+05:30,2.85,2.85,2.85,2.85,0,4050
7496,2022-07-22 10:10:00+05:30,2.85,2.85,2.85,2.85,0,4050
7497,2022-07-22 10:11:00+05:30,2.85,2.85,2.8,2.8,150,4025
7498,2022-07-22 10:12:00+05:30,2.8,2.8,2.8,2.8,0,4025
7499,2022-07-22 10:13:00+05:30,2.8,2.8,2.8,2.8,100,4025
7500,2022-07-22 10:14:00+05:30,2.8,2.8,2.8,2.8,25,4025
7501,2022-07-22 10:15:00+05:30,2.8,2.8,2.8,2.8,0,4025
7502,2022-07-22 10:16:00+05:30,2.8,2.8,2.8,2.8,0,4025
7503,2022-07-22 10:17:00+05:30,2.8,2.8,2.8,2.8,0,4025
7504,2022-07-22 10:18:00+05:30,2.8,2.8,2.8,2.8,0,4025
7505,2022-07-22 10:19:00+05:30,2.8,2.8,2.8,2.8,0,4025
7506,2022-07-22 10:20:00+05:30,2.8,2.8,2.8,2.8,0,4025
7507,2022-07-22 10:21:00+05:30,2.8,2.8,2.8,2.8,0,4025
7508,2022-07-22 10:22:00+05:30,2.8,2.8,2.8,2.8,0,4025
7509,2022-07-22 10:23:00+05:30,2.8,2.8,2.8,2.8,0,4025
7510,2022-07-22 10:24:00+05:30,2.8,2.85,2.8,2.85,50,3900
7511,2022-07-22 10:25:00+05:30,2.85,2.85,2.85,2.85,0,3900
7512,2022-07-22 10:26:00+05:30,2.85,2.85,2.8,2.8,25,3900
7513,2022-07-22 10:27:00+05:30,2.8,2.8,2.8,2.8,0,3900
7514,2022-07-22 10:28:00+05:30,2.8,2.8,2.8,2.8,0,3900
7515,2022-07-22 10:29:00+05:30,2.8,2.8,2.8,2.8,0,3900
7516,2022-07-22 10:30:00+05:30,2.8,2.8,2.8,2.8,0,3900
7517,2022-07-22 10:31:00+05:30,2.8,2.8,2.8,2.8,0,3900
7518,2022-07-22 10:32:00+05:30,2.8,2.8,2.8,2.8,0,3900
7519,2022-07-22 10:33:00+05:30,2.8,2.8,2.8,2.8,0,3900
7520,2022-07-22 10:36:00+05:30,2.8,2.8,2.8,2.8,0,3900
7521,2022-07-22 10:37:00+05:30,2.8,2.8,2.8,2.8,0,3900
7522,2022-07-22 10:38:00+05:30,2.8,2.8,2.8,2.8,0,3900
7523,2022-07-22 10:39:00+05:30,2.8,2.8,2.8,2.8,0,3900
7524,2022-07-22 10:40:00+05:30,2.8,2.8,2.8,2.8,0,3900
7525,2022-07-22 10:41:00+05:30,2.8,2.8,2.8,2.8,0,3875
7526,2022-07-22 10:42:00+05:30,2.8,2.8,2.8,2.8,0,3875
7527,2022-07-22 10:43:00+05:30,2.8,2.8,2.8,2.8,0,3875
7528,2022-07-22 10:46:00+05:30,2.8,2.8,2.8,2.8,200,3775
7529,2022-07-22 10:47:00+05:30,2.8,2.8,2.8,2.8,0,3775
7530,2022-07-22 10:48:00+05:30,2.8,2.8,2.8,2.8,0,3775
7531,2022-07-22 10:49:00+05:30,2.8,2.8,2.8,2.8,0,3775
7532,2022-07-22 10:50:00+05:30,2.8,2.8,2.8,2.8,0,3775
7533,2022-07-22 10:51:00+05:30,2.8,2.8,2.8,2.8,0,3775
7534,2022-07-22 10:52:00+05:30,2.8,2.8,2.8,2.8,0,3775
7535,2022-07-22 10:53:00+05:30,2.8,2.8,2.8,2.8,0,3775
7536,2022-07-22 10:54:00+05:30,2.8,2.8,2.8,2.8,0,3775
7537,2022-07-22 10:56:00+05:30,2.8,2.8,2.8,2.8,0,3775
7538,2022-07-22 10:57:00+05:30,2.8,2.8,2.8,2.8,0,3775
7539,2022-07-22 10:58:00+05:30,2.8,2.8,2.8,2.8,0,3775
7540,2022-07-22 10:59:00+05:30,2.8,2.8,2.8,2.8,0,3775
7541,2022-07-22 11:00:00+05:30,2.8,2.8,2.8,2.8,0,3775
7542,2022-07-22 11:01:00+05:30,2.8,2.8,2.8,2.8,0,3775
7543,2022-07-22 11:02:00+05:30,2.8,2.8,2.8,2.8,0,3775
7544,2022-07-22 11:03:00+05:30,2.8,2.8,2.8,2.8,0,3775
7545,2022-07-22 11:04:00+05:30,2.8,2.8,2.8,2.8,0,3775
7546,2022-07-22 11:05:00+05:30,2.8,2.8,2.8,2.8,0,3775
7547,2022-07-22 11:09:00+05:30,2.8,2.8,2.8,2.8,0,3775
7548,2022-07-22 11:10:00+05:30,2.8,2.8,2.8,2.8,0,3775
7549,2022-07-22 11:11:00+05:30,2.8,2.8,2.8,2.8,0,3775
7550,2022-07-22 11:12:00+05:30,2.8,2.8,2.8,2.8,0,3775
7551,2022-07-22 11:13:00+05:30,2.8,2.9,2.8,2.9,50,3750
7552,2022-07-22 11:14:00+05:30,2.9,2.9,2.85,2.85,100,3800
7553,2022-07-22 11:15:00+05:30,2.85,2.85,2.85,2.85,0,3800
7554,2022-07-22 11:16:00+05:30,2.85,2.85,2.85,2.85,0,3800
7555,2022-07-22 11:17:00+05:30,2.85,2.85,2.85,2.85,0,3800
7556,2022-07-22 11:18:00+05:30,2.85,2.85,2.85,2.85,0,3800
7557,2022-07-22 11:19:00+05:30,2.85,2.9,2.85,2.9,150,3775
7558,2022-07-22 11:20:00+05:30,2.9,2.9,2.9,2.9,0,3775
7559,2022-07-22 11:21:00+05:30,2.9,2.9,2.9,2.9,0,3775
7560,2022-07-22 11:22:00+05:30,2.9,2.9,2.9,2.9,0,3775
7561,2022-07-22 11:23:00+05:30,2.9,2.9,2.9,2.9,0,3775
7562,2022-07-22 11:24:00+05:30,2.9,2.9,2.9,2.9,0,3775
7563,2022-07-22 11:25:00+05:30,2.9,2.9,2.9,2.9,0,3775
7564,2022-07-22 11:26:00+05:30,2.9,2.9,2.9,2.9,0,3775
7565,2022-07-22 11:27:00+05:30,2.9,2.9,2.9,2.9,0,3775
7566,2022-07-22 11:28:00+05:30,2.9,2.9,2.9,2.9,0,3775
7567,2022-07-22 11:29:00+05:30,2.9,2.9,2.85,2.85,0,3625
7568,2022-07-22 11:30:00+05:30,2.85,2.85,2.85,2.85,0,3625
7569,2022-07-22 11:31:00+05:30,2.85,2.85,2.85,2.85,0,3625
7570,2022-07-22 11:32:00+05:30,2.85,2.85,2.85,2.85,0,3625
7571,2022-07-22 11:33:00+05:30,2.85,2.85,2.85,2.85,0,3625
7572,2022-07-22 11:34:00+05:30,2.85,2.85,2.85,2.85,0,3625
7573,2022-07-22 11:35:00+05:30,2.85,2.85,2.85,2.85,0,3625
7574,2022-07-22 11:36:00+05:30,2.85,2.85,2.85,2.85,0,3625
7575,2022-07-22 11:37:00+05:30,2.85,2.85,2.85,2.85,0,3625
7576,2022-07-22 11:38:00+05:30,2.85,2.85,2.85,2.85,0,3625
7577,2022-07-22 11:40:00+05:30,2.85,2.85,2.85,2.85,0,3625
7578,2022-07-22 11:41:00+05:30,2.85,2.85,2.85,2.85,0,3625
7579,2022-07-22 11:42:00+05:30,2.85,2.85,2.85,2.85,0,3625
7580,2022-07-22 11:43:00+05:30,2.85,2.85,2.85,2.85,0,3600
7581,2022-07-22 11:44:00+05:30,2.85,2.85,2.85,2.85,0,3600
7582,2022-07-22 11:45:00+05:30,2.85,2.85,2.85,2.85,0,3600
7583,2022-07-22 11:46:00+05:30,2.85,2.85,2.85,2.85,0,3600
7584,2022-07-22 11:47:00+05:30,2.85,2.85,2.85,2.85,0,3600
7585,2022-07-22 11:48:00+05:30,2.85,2.85,2.85,2.85,0,3600
7586,2022-07-22 11:49:00+05:30,2.85,2.85,2.85,2.85,125,3550
7587,2022-07-22 11:50:00+05:30,2.85,2.85,2.85,2.85,0,3550
7588,2022-07-22 11:51:00+05:30,2.85,2.85,2.85,2.85,0,3550
7589,2022-07-22 11:52:00+05:30,2.85,2.85,2.85,2.85,0,3550
7590,2022-07-22 11:53:00+05:30,2.85,2.85,2.85,2.85,0,3550
7591,2022-07-22 11:54:00+05:30,2.85,2.85,2.85,2.85,0,3550
7592,2022-07-22 11:55:00+05:30,2.85,2.85,2.85,2.85,0,3550
7593,2022-07-22 11:56:00+05:30,2.85,2.85,2.85,2.85,0,3550
7594,2022-07-22 11:57:00+05:30,2.85,2.85,2.85,2.85,0,3550
7595,2022-07-22 11:58:00+05:30,2.85,2.85,2.85,2.85,0,3550
7596,2022-07-22 11:59:00+05:30,2.85,2.85,2.85,2.85,0,3550
7597,2022-07-22 12:00:00+05:30,2.85,2.85,2.85,2.85,0,3550
7598,2022-07-22 12:01:00+05:30,2.85,2.85,2.85,2.85,0,3550
7599,2022-07-22 12:02:00+05:30,2.85,2.85,2.85,2.85,0,3550
7600,2022-07-22 12:03:00+05:30,2.85,2.85,2.85,2.85,0,3550
7601,2022-07-22 12:04:00+05:30,2.85,2.85,2.85,2.85,0,3550
7602,2022-07-22 12:05:00+05:30,2.85,2.85,2.85,2.85,0,3550
7603,2022-07-22 12:06:00+05:30,2.85,2.85,2.85,2.85,0,3550
7604,2022-07-22 12:07:00+05:30,2.85,2.85,2.85,2.85,0,3550
7605,2022-07-22 12:08:00+05:30,2.85,2.85,2.85,2.85,0,3550
7606,2022-07-22 12:09:00+05:30,2.85,2.85,2.85,2.85,0,3550
7607,2022-07-22 12:11:00+05:30,2.85,2.85,2.85,2.85,0,3550
7608,2022-07-22 12:12:00+05:30,2.85,2.85,2.85,2.85,0,3550
7609,2022-07-22 12:13:00+05:30,2.85,2.85,2.85,2.85,0,3550
7610,2022-07-22 12:14:00+05:30,2.85,2.85,2.85,2.85,0,3550
7611,2022-07-22 12:15:00+05:30,2.85,2.85,2.85,2.85,0,3550
7612,2022-07-22 12:16:00+05:30,2.85,2.95,2.85,2.95,75,3425
7613,2022-07-22 12:17:00+05:30,2.95,2.95,2.95,2.95,0,3425
7614,2022-07-22 12:18:00+05:30,2.95,2.95,2.95,2.95,0,3425
7615,2022-07-22 12:19:00+05:30,2.95,2.95,2.95,2.95,0,3425
7616,2022-07-22 12:20:00+05:30,2.95,2.95,2.95,2.95,0,3425
7617,2022-07-22 12:21:00+05:30,2.95,2.95,2.95,2.95,0,3425
7618,2022-07-22 12:22:00+05:30,2.85,2.85,2.85,2.85,75,3400
7619,2022-07-22 12:23:00+05:30,2.95,2.95,2.95,2.95,0,3400
7620,2022-07-22 12:24:00+05:30,2.95,2.95,2.85,2.9,50,3275
7621,2022-07-22 12:25:00+05:30,2.9,2.9,2.9,2.9,0,3275
7622,2022-07-22 12:26:00+05:30,2.9,2.9,2.9,2.9,100,3275
7623,2022-07-22 12:27:00+05:30,2.9,2.9,2.9,2.9,0,3275
7624,2022-07-22 12:28:00+05:30,2.9,2.9,2.9,2.9,0,3275
7625,2022-07-22 12:29:00+05:30,2.9,2.9,2.85,2.85,25,3300
7626,2022-07-22 12:30:00+05:30,2.85,2.9,2.85,2.9,175,3300
7627,2022-07-22 12:31:00+05:30,2.95,2.95,2.95,2.95,50,3300
7628,2022-07-22 12:32:00+05:30,2.95,2.95,2.95,2.95,0,3300
7629,2022-07-22 12:33:00+05:30,2.95,2.95,2.95,2.95,50,3325
7630,2022-07-22 12:34:00+05:30,2.85,2.85,2.85,2.85,75,3325
7631,2022-07-22 12:35:00+05:30,2.85,2.85,2.85,2.85,200,3300
7632,2022-07-22 12:36:00+05:30,2.85,2.85,2.85,2.85,0,3300
7633,2022-07-22 12:37:00+05:30,2.8,2.8,2.8,2.8,75,3300
7634,2022-07-22 12:38:00+05:30,2.8,2.8,2.8,2.8,0,3300
7635,2022-07-22 12:39:00+05:30,2.8,2.8,2.8,2.8,0,3300
7636,2022-07-22 12:40:00+05:30,2.8,2.8,2.8,2.8,0,3300
7637,2022-07-22 12:41:00+05:30,2.8,2.8,2.8,2.8,0,3300
7638,2022-07-22 12:42:00+05:30,2.8,2.9,2.8,2.9,25,3175
7639,2022-07-22 12:43:00+05:30,2.9,2.9,2.9,2.9,0,3175
7640,2022-07-22 12:44:00+05:30,2.9,2.9,2.9,2.9,0,3175
7641,2022-07-22 12:45:00+05:30,2.9,2.9,2.9,2.9,0,3175
7642,2022-07-22 12:46:00+05:30,2.9,2.9,2.9,2.9,0,3175
7643,2022-07-22 12:47:00+05:30,2.9,2.9,2.9,2.9,0,3175
7644,2022-07-22 12:49:00+05:30,2.9,2.9,2.9,2.9,0,3175
7645,2022-07-22 12:50:00+05:30,2.9,2.9,2.9,2.9,0,3175
7646,2022-07-22 12:51:00+05:30,2.9,2.9,2.9,2.9,0,3175
7647,2022-07-22 12:52:00+05:30,2.9,2.9,2.9,2.9,0,3175
7648,2022-07-22 12:53:00+05:30,2.9,2.95,2.9,2.95,50,3150
7649,2022-07-22 12:54:00+05:30,2.95,3.0,2.95,3.0,300,3200
7650,2022-07-22 12:55:00+05:30,3.0,3.0,3.0,3.0,0,3200
7651,2022-07-22 12:56:00+05:30,3.0,3.0,2.9,2.9,25,3200
7652,2022-07-22 12:57:00+05:30,2.9,2.9,2.9,2.9,0,3200
7653,2022-07-22 12:58:00+05:30,2.9,2.9,2.9,2.9,0,3200
7654,2022-07-22 12:59:00+05:30,2.9,2.9,2.9,2.9,0,3200
7655,2022-07-22 13:00:00+05:30,2.9,2.9,2.9,2.9,0,3200
7656,2022-07-22 13:01:00+05:30,2.9,2.9,2.9,2.9,0,3200
7657,2022-07-22 13:02:00+05:30,2.9,2.9,2.9,2.9,0,3200
7658,2022-07-22 13:03:00+05:30,2.9,2.9,2.9,2.9,0,3200
7659,2022-07-22 13:04:00+05:30,2.9,3.05,2.9,3.05,625,3225
7660,2022-07-22 13:05:00+05:30,3.05,3.05,3.05,3.05,0,3225
7661,2022-07-22 13:06:00+05:30,3.05,3.05,3.05,3.05,0,3225
7662,2022-07-22 13:07:00+05:30,3.05,3.05,3.05,3.05,0,3225
7663,2022-07-22 13:08:00+05:30,3.05,3.05,3.05,3.05,0,3225
7664,2022-07-22 13:09:00+05:30,3.05,3.05,3.05,3.05,0,3225
7665,2022-07-22 13:11:00+05:30,3.05,3.05,3.05,3.05,0,3225
7666,2022-07-22 13:12:00+05:30,3.05,3.05,3.05,3.05,0,3225
7667,2022-07-22 13:14:00+05:30,3.05,3.05,2.95,2.95,50,3550
7668,2022-07-22 13:15:00+05:30,2.95,2.95,2.95,2.95,0,3550
7669,2022-07-22 13:16:00+05:30,2.95,2.95,2.95,2.95,0,3550
7670,2022-07-22 13:17:00+05:30,2.95,2.95,2.95,2.95,0,3550
7671,2022-07-22 13:18:00+05:30,2.95,2.95,2.9,2.9,25,3550
7672,2022-07-22 13:19:00+05:30,2.9,2.9,2.9,2.9,0,3550
7673,2022-07-22 13:20:00+05:30,2.9,2.9,2.9,2.9,0,3550
7674,2022-07-22 13:21:00+05:30,2.9,2.9,2.9,2.9,0,3550
7675,2022-07-22 13:22:00+05:30,2.9,2.9,2.9,2.9,0,3550
7676,2022-07-22 13:23:00+05:30,2.9,2.9,2.9,2.9,0,3550
7677,2022-07-22 13:24:00+05:30,2.9,2.9,2.9,2.9,0,3550
7678,2022-07-22 13:25:00+05:30,2.9,2.9,2.85,2.85,200,3450
7679,2022-07-22 13:26:00+05:30,2.85,2.85,2.85,2.85,0,3450
7680,2022-07-22 13:27:00+05:30,2.85,2.95,2.85,2.95,0,3525
7681,2022-07-22 13:28:00+05:30,2.95,2.95,2.95,2.95,0,3525
7682,2022-07-22 13:29:00+05:30,2.95,2.95,2.95,2.95,0,3525
7683,2022-07-22 13:30:00+05:30,2.95,2.95,2.95,2.95,0,3525
7684,2022-07-22 13:31:00+05:30,2.95,2.95,2.95,2.95,0,3525
7685,2022-07-22 13:32:00+05:30,2.95,2.95,2.9,2.9,25,3575
7686,2022-07-22 13:33:00+05:30,2.9,2.9,2.9,2.9,0,3575
7687,2022-07-22 13:34:00+05:30,2.9,2.9,2.9,2.9,25,3550
7688,2022-07-22 13:35:00+05:30,2.9,2.9,2.9,2.9,0,3550
7689,2022-07-22 13:36:00+05:30,2.9,2.9,2.9,2.9,0,3550
7690,2022-07-22 13:37:00+05:30,2.9,2.9,2.9,2.9,75,3525
7691,2022-07-22 13:39:00+05:30,2.9,2.9,2.9,2.9,50,3525
7692,2022-07-22 13:40:00+05:30,2.85,2.85,2.85,2.85,50,3525
7693,2022-07-22 13:41:00+05:30,2.85,2.95,2.85,2.95,25,3525
7694,2022-07-22 13:42:00+05:30,2.95,2.95,2.95,2.95,0,3525
7695,2022-07-22 13:43:00+05:30,2.85,2.85,2.85,2.85,25,3500
7696,2022-07-22 13:44:00+05:30,2.85,2.85,2.85,2.85,0,3500
7697,2022-07-22 13:45:00+05:30,2.85,2.85,2.8,2.8,50,3475
7698,2022-07-22 13:46:00+05:30,2.8,2.8,2.8,2.8,0,3475
7699,2022-07-22 13:47:00+05:30,2.8,2.8,2.8,2.8,0,3475
7700,2022-07-22 13:48:00+05:30,2.8,2.8,2.8,2.8,0,3475
7701,2022-07-22 13:49:00+05:30,2.8,2.8,2.8,2.8,0,3475
7702,2022-07-22 13:50:00+05:30,2.8,2.8,2.8,2.8,75,3525
7703,2022-07-22 13:51:00+05:30,2.8,2.8,2.8,2.8,0,3525
7704,2022-07-22 13:52:00+05:30,2.8,2.8,2.8,2.8,0,3525
7705,2022-07-22 13:53:00+05:30,2.8,2.8,2.8,2.8,0,3525
7706,2022-07-22 13:54:00+05:30,2.8,2.8,2.8,2.8,0,3525
7707,2022-07-22 13:55:00+05:30,2.8,2.8,2.8,2.8,50,3600
7708,2022-07-22 13:56:00+05:30,2.8,2.8,2.8,2.8,75,3600
7709,2022-07-22 13:57:00+05:30,2.8,2.8,2.8,2.8,0,3600
7710,2022-07-22 13:58:00+05:30,2.8,2.8,2.8,2.8,0,3600
7711,2022-07-22 13:59:00+05:30,2.8,2.8,2.8,2.8,0,3600
7712,2022-07-22 14:00:00+05:30,2.8,2.8,2.8,2.8,0,3600
7713,2022-07-22 14:01:00+05:30,2.8,2.8,2.8,2.8,0,3600
7714,2022-07-22 14:02:00+05:30,2.8,2.8,2.8,2.8,0,3600
7715,2022-07-22 14:03:00+05:30,2.8,2.8,2.8,2.8,25,3575
7716,2022-07-22 14:04:00+05:30,2.8,2.8,2.8,2.8,0,3575
7717,2022-07-22 14:05:00+05:30,2.8,2.8,2.75,2.75,500,3575
7718,2022-07-22 14:06:00+05:30,2.75,2.75,2.75,2.75,50,3050
7719,2022-07-22 14:07:00+05:30,2.75,2.75,2.75,2.75,0,3050
7720,2022-07-22 14:08:00+05:30,2.75,2.75,2.75,2.75,0,3050
7721,2022-07-22 14:09:00+05:30,2.75,2.75,2.75,2.75,0,3050
7722,2022-07-22 14:10:00+05:30,2.75,2.85,2.75,2.85,150,3050
7723,2022-07-22 14:11:00+05:30,2.85,2.85,2.85,2.85,0,3050
7724,2022-07-22 14:12:00+05:30,2.85,2.85,2.85,2.85,0,3050
7725,2022-07-22 14:13:00+05:30,2.85,2.85,2.85,2.85,0,3050
7726,2022-07-22 14:14:00+05:30,2.85,2.85,2.85,2.85,0,3050
7727,2022-07-22 14:15:00+05:30,2.85,2.85,2.85,2.85,0,3050
7728,2022-07-22 14:16:00+05:30,2.85,2.85,2.85,2.85,0,3050
7729,2022-07-22 14:17:00+05:30,2.85,2.9,2.85,2.9,125,3175
7730,2022-07-22 14:18:00+05:30,2.9,2.9,2.85,2.85,125,3175
7731,2022-07-22 14:19:00+05:30,2.85,2.85,2.85,2.85,0,3175
7732,2022-07-22 14:20:00+05:30,2.85,2.85,2.85,2.85,0,3175
7733,2022-07-22 14:21:00+05:30,2.85,2.85,2.85,2.85,0,3175
7734,2022-07-22 14:22:00+05:30,2.85,2.85,2.85,2.85,0,3175
7735,2022-07-22 14:23:00+05:30,2.85,3.0,2.85,3.0,50,3300
7736,2022-07-22 14:24:00+05:30,3.0,3.0,3.0,3.0,0,3300
7737,2022-07-22 14:25:00+05:30,3.0,3.0,2.9,2.9,50,3275
7738,2022-07-22 14:26:00+05:30,2.9,2.9,2.9,2.9,0,3275
7739,2022-07-22 14:27:00+05:30,2.9,2.9,2.9,2.9,0,3275
7740,2022-07-22 14:28:00+05:30,2.9,2.9,2.9,2.9,0,3275
7741,2022-07-22 14:29:00+05:30,2.9,2.9,2.9,2.9,0,3275
7742,2022-07-22 14:30:00+05:30,2.9,2.9,2.9,2.9,0,3275
7743,2022-07-22 14:31:00+05:30,2.9,2.9,2.9,2.9,0,3275
7744,2022-07-22 14:32:00+05:30,2.9,2.9,2.9,2.9,0,3275
7745,2022-07-22 14:33:00+05:30,2.9,2.9,2.9,2.9,0,3275
7746,2022-07-22 14:34:00+05:30,2.9,2.9,2.9,2.9,0,3275
7747,2022-07-22 14:35:00+05:30,2.9,2.9,2.9,2.9,0,3275
7748,2022-07-22 14:36:00+05:30,2.9,2.9,2.9,2.9,0,3275
7749,2022-07-22 14:37:00+05:30,2.9,2.9,2.9,2.9,0,3275
7750,2022-07-22 14:38:00+05:30,2.9,2.9,2.9,2.9,0,3275
7751,2022-07-22 14:39:00+05:30,2.9,2.9,2.9,2.9,0,3275
7752,2022-07-22 14:40:00+05:30,2.9,2.9,2.9,2.9,0,3275
7753,2022-07-22 14:41:00+05:30,2.9,2.9,2.9,2.9,0,3275
7754,2022-07-22 14:42:00+05:30,2.9,2.9,2.9,2.9,0,3275
7755,2022-07-22 14:43:00+05:30,2.9,2.9,2.9,2.9,0,3275
7756,2022-07-22 14:44:00+05:30,2.9,2.9,2.9,2.9,0,3275
7757,2022-07-22 14:45:00+05:30,2.9,2.9,2.9,2.9,0,3275
7758,2022-07-22 14:46:00+05:30,2.9,2.9,2.85,2.85,25,3275
7759,2022-07-22 14:47:00+05:30,2.85,2.85,2.8,2.8,25,3275
7760,2022-07-22 14:48:00+05:30,2.8,2.8,2.8,2.8,0,3275
7761,2022-07-22 14:49:00+05:30,2.8,2.8,2.8,2.8,0,3275
7762,2022-07-22 14:50:00+05:30,2.8,2.8,2.8,2.8,75,3275
7763,2022-07-22 14:51:00+05:30,2.8,2.8,2.8,2.8,100,3225
7764,2022-07-22 14:52:00+05:30,2.8,2.8,2.8,2.8,0,3225
7765,2022-07-22 14:53:00+05:30,2.8,2.8,2.8,2.8,0,3225
7766,2022-07-22 14:54:00+05:30,2.8,2.8,2.8,2.8,0,3225
7767,2022-07-22 14:55:00+05:30,2.8,2.8,2.8,2.8,0,3225
7768,2022-07-22 14:56:00+05:30,2.8,2.85,2.8,2.85,150,3225
7769,2022-07-22 14:57:00+05:30,2.85,2.85,2.8,2.8,0,3225
7770,2022-07-22 14:58:00+05:30,2.8,2.8,2.8,2.8,0,3225
7771,2022-07-22 14:59:00+05:30,2.8,2.8,2.8,2.8,0,3225
7772,2022-07-22 15:00:00+05:30,2.8,2.8,2.8,2.8,0,3225
7773,2022-07-22 15:01:00+05:30,2.8,2.8,2.8,2.8,0,3225
7774,2022-07-22 15:02:00+05:30,2.8,2.8,2.8,2.8,100,3100
7775,2022-07-22 15:03:00+05:30,2.8,2.8,2.8,2.8,175,3100
7776,2022-07-22 15:04:00+05:30,2.8,2.8,2.8,2.8,25,3100
7777,2022-07-22 15:05:00+05:30,2.8,2.8,2.8,2.8,25,3100
7778,2022-07-22 15:06:00+05:30,2.8,2.8,2.8,2.8,25,3175
7779,2022-07-22 15:07:00+05:30,2.8,2.8,2.8,2.8,0,3175
7780,2022-07-22 15:08:00+05:30,2.8,2.8,2.8,2.8,0,3175
7781,2022-07-22 15:09:00+05:30,2.8,2.8,2.75,2.75,0,3175
7782,2022-07-22 15:10:00+05:30,2.75,2.8,2.75,2.8,25,3150
7783,2022-07-22 15:11:00+05:30,2.8,2.8,2.6,2.75,225,3150
7784,2022-07-22 15:12:00+05:30,2.75,2.75,2.7,2.7,25,3275
7785,2022-07-22 15:13:00+05:30,2.7,2.7,2.7,2.7,0,3275
7786,2022-07-22 15:14:00+05:30,2.7,2.7,2.35,2.5,1600,3275
7787,2022-07-22 15:15:00+05:30,2.5,2.65,2.5,2.65,350,2650
7788,2022-07-22 15:16:00+05:30,2.65,2.65,2.65,2.65,0,2650
7789,2022-07-22 15:17:00+05:30,2.65,2.65,2.65,2.65,0,2650
7790,2022-07-22 15:18:00+05:30,2.65,2.65,2.6,2.6,75,2400
7791,2022-07-22 15:19:00+05:30,2.6,2.6,2.6,2.6,0,2400
7792,2022-07-22 15:20:00+05:30,2.6,2.7,2.55,2.7,1125,2400
7793,2022-07-22 15:21:00+05:30,2.7,2.7,2.7,2.7,100,2275
7794,2022-07-22 15:22:00+05:30,2.7,2.75,2.65,2.65,600,2275
7795,2022-07-22 15:23:00+05:30,2.65,2.65,2.6,2.6,25,2275
7796,2022-07-22 15:24:00+05:30,2.6,2.6,2.6,2.6,0,2275
7797,2022-07-22 15:25:00+05:30,2.6,2.6,2.6,2.6,0,2275
7798,2022-07-22 15:26:00+05:30,2.6,2.6,2.6,2.6,0,1750
7799,2022-07-22 15:27:00+05:30,2.6,2.6,2.6,2.6,0,1750
7800,2022-07-22 15:28:00+05:30,2.7,2.85,2.5,2.5,100,1675
7801,2022-07-22 15:29:00+05:30,2.5,2.9,2.5,2.9,100,1675
7802,2022-07-25 09:15:00+05:30,2.8,2.8,2.8,2.8,0,1575
7803,2022-07-25 09:16:00+05:30,2.8,2.8,1.75,1.75,150,1575
7804,2022-07-25 09:17:00+05:30,1.75,2.55,1.75,2.55,125,1475
7805,2022-07-25 09:18:00+05:30,2.55,2.55,2.45,2.55,400,1475
7806,2022-07-25 09:19:00+05:30,2.55,2.55,2.5,2.5,25,1475
7807,2022-07-25 09:20:00+05:30,2.5,2.65,2.5,2.6,50,1750
7808,2022-07-25 09:21:00+05:30,2.6,2.6,2.55,2.55,75,1750
7809,2022-07-25 09:22:00+05:30,2.55,2.6,2.5,2.5,50,1750
7810,2022-07-25 09:23:00+05:30,2.5,2.5,2.5,2.5,0,1750
7811,2022-07-25 09:24:00+05:30,2.5,2.5,2.5,2.5,0,1750
7812,2022-07-25 09:25:00+05:30,2.5,2.5,2.5,2.5,0,1750
7813,2022-07-25 09:26:00+05:30,2.5,2.5,2.5,2.5,0,1750
7814,2022-07-25 09:27:00+05:30,2.5,2.65,2.5,2.65,75,1775
7815,2022-07-25 09:28:00+05:30,2.65,2.65,2.6,2.65,175,1775
7816,2022-07-25 09:29:00+05:30,2.6,2.65,2.6,2.65,125,1775
7817,2022-07-25 09:30:00+05:30,2.65,2.75,2.65,2.75,100,2000
7818,2022-07-25 09:31:00+05:30,2.75,2.75,2.75,2.75,0,2000
7819,2022-07-25 09:32:00+05:30,2.75,2.75,2.75,2.75,0,2000
7820,2022-07-25 09:33:00+05:30,2.75,2.75,2.75,2.75,0,2000
7821,2022-07-25 09:34:00+05:30,2.75,2.75,2.7,2.7,275,2050
7822,2022-07-25 09:35:00+05:30,2.7,2.7,2.55,2.55,1275,2225
7823,2022-07-25 09:36:00+05:30,2.55,2.55,2.55,2.55,0,2225
7824,2022-07-25 09:37:00+05:30,2.55,2.55,2.55,2.55,0,2225
7825,2022-07-25 09:38:00+05:30,2.55,2.7,2.45,2.7,3700,3050
7826,2022-07-25 09:39:00+05:30,2.7,2.7,2.7,2.7,0,3050
7827,2022-07-25 09:40:00+05:30,2.7,2.7,2.3,2.3,1200,3050
7828,2022-07-25 09:41:00+05:30,2.3,2.55,2.3,2.4,600,1950
7829,2022-07-25 09:42:00+05:30,2.4,2.4,2.4,2.4,100,1950
7830,2022-07-25 09:43:00+05:30,2.4,2.4,2.4,2.4,0,1950
7831,2022-07-25 09:44:00+05:30,2.4,2.4,2.4,2.4,0,1950
7832,2022-07-25 09:45:00+05:30,2.4,2.6,2.3,2.3,1700,2125
7833,2022-07-25 09:46:00+05:30,2.3,2.3,2.3,2.3,200,2125
7834,2022-07-25 09:47:00+05:30,2.3,2.3,2.3,2.3,0,2125
7835,2022-07-25 09:48:00+05:30,2.3,2.3,2.3,2.3,0,2125
7836,2022-07-25 09:49:00+05:30,2.3,2.3,2.3,2.3,0,2125
7837,2022-07-25 09:50:00+05:30,2.2,2.2,2.2,2.2,0,2125
7838,2022-07-25 09:51:00+05:30,2.2,2.4,2.2,2.4,150,1975
7839,2022-07-25 09:52:00+05:30,2.4,2.4,2.15,2.15,475,1975
7840,2022-07-25 09:53:00+05:30,2.15,2.25,2.15,2.25,50,1975
7841,2022-07-25 09:54:00+05:30,2.25,2.5,2.25,2.45,250,1975
7842,2022-07-25 09:55:00+05:30,2.45,2.45,2.4,2.4,100,1975
7843,2022-07-25 09:56:00+05:30,2.4,2.4,2.4,2.4,0,1975
7844,2022-07-25 09:57:00+05:30,2.4,2.4,2.4,2.4,0,1975
7845,2022-07-25 09:58:00+05:30,2.4,2.4,2.3,2.3,50,2025
7846,2022-07-25 09:59:00+05:30,2.3,2.3,2.3,2.3,0,2025
7847,2022-07-25 10:00:00+05:30,2.3,2.3,2.3,2.3,0,2025
7848,2022-07-25 10:01:00+05:30,2.3,2.3,2.3,2.3,50,1975
7849,2022-07-25 10:02:00+05:30,2.3,2.3,2.3,2.3,25,1975
7850,2022-07-25 10:03:00+05:30,2.3,2.3,2.3,2.3,0,1975
7851,2022-07-25 10:04:00+05:30,2.3,2.3,2.25,2.25,50,1975
7852,2022-07-25 10:05:00+05:30,2.25,2.25,2.25,2.25,0,1975
7853,2022-07-25 10:06:00+05:30,2.25,2.25,2.25,2.25,0,1975
7854,2022-07-25 10:07:00+05:30,2.25,2.25,2.25,2.25,0,1975
7855,2022-07-25 10:08:00+05:30,2.25,2.25,2.25,2.25,0,1975
7856,2022-07-25 10:09:00+05:30,2.25,2.25,2.25,2.25,0,1975
7857,2022-07-25 10:10:00+05:30,2.25,2.25,2.25,2.25,0,1975
7858,2022-07-25 10:11:00+05:30,2.25,2.25,2.25,2.25,0,1975
7859,2022-07-25 10:12:00+05:30,2.25,2.25,2.25,2.25,0,1975
7860,2022-07-25 10:13:00+05:30,2.25,2.25,2.25,2.25,0,1975
7861,2022-07-25 10:14:00+05:30,2.25,2.25,2.25,2.25,0,1975
7862,2022-07-25 10:15:00+05:30,2.25,2.25,2.25,2.25,0,1975
7863,2022-07-25 10:16:00+05:30,2.25,2.25,2.25,2.25,0,1975
7864,2022-07-25 10:17:00+05:30,2.25,2.25,2.25,2.25,0,1975
7865,2022-07-25 10:18:00+05:30,2.25,2.25,2.25,2.25,0,1975
7866,2022-07-25 10:19:00+05:30,2.25,2.25,2.25,2.25,50,2025
7867,2022-07-25 10:20:00+05:30,2.25,2.25,2.25,2.25,0,2025
7868,2022-07-25 10:21:00+05:30,2.25,2.25,2.25,2.25,0,2025
7869,2022-07-25 10:22:00+05:30,2.25,2.45,2.25,2.45,200,2025
7870,2022-07-25 10:23:00+05:30,2.45,2.45,2.35,2.35,150,1950
7871,2022-07-25 10:24:00+05:30,2.35,2.35,2.35,2.35,125,1950
7872,2022-07-25 10:25:00+05:30,2.35,2.35,2.35,2.35,0,1950
7873,2022-07-25 10:26:00+05:30,2.35,2.35,2.35,2.35,0,1950
7874,2022-07-25 10:27:00+05:30,2.35,2.35,2.35,2.35,0,1950
7875,2022-07-25 10:28:00+05:30,2.35,2.35,2.35,2.35,0,1950
7876,2022-07-25 10:29:00+05:30,2.35,2.35,2.35,2.35,0,1950
7877,2022-07-25 10:30:00+05:30,2.35,2.35,2.35,2.35,0,1950
7878,2022-07-25 10:31:00+05:30,2.35,2.35,2.35,2.35,0,1950
7879,2022-07-25 10:32:00+05:30,2.35,2.35,2.35,2.35,0,1950
7880,2022-07-25 10:33:00+05:30,2.35,2.35,2.35,2.35,0,1950
7881,2022-07-25 10:34:00+05:30,2.35,2.35,2.35,2.35,0,1950
7882,2022-07-25 10:35:00+05:30,2.35,2.35,2.35,2.35,0,1950
7883,2022-07-25 10:36:00+05:30,2.35,2.35,2.35,2.35,0,2050
7884,2022-07-25 10:37:00+05:30,2.35,2.35,2.35,2.35,0,2050
7885,2022-07-25 10:38:00+05:30,2.35,2.35,2.35,2.35,0,2050
7886,2022-07-25 10:39:00+05:30,2.35,2.35,2.35,2.35,0,2050
7887,2022-07-25 10:40:00+05:30,2.35,2.35,2.35,2.35,150,2075
7888,2022-07-25 10:41:00+05:30,2.35,2.35,2.35,2.35,0,2075
7889,2022-07-25 10:42:00+05:30,2.35,2.35,2.35,2.35,0,2075
7890,2022-07-25 10:43:00+05:30,2.35,2.35,2.35,2.35,0,2075
7891,2022-07-25 10:44:00+05:30,2.35,2.35,2.35,2.35,0,2075
7892,2022-07-25 10:45:00+05:30,2.35,2.35,2.35,2.35,0,2075
7893,2022-07-25 10:46:00+05:30,2.35,2.35,2.35,2.35,0,2075
7894,2022-07-25 10:47:00+05:30,2.35,2.35,2.35,2.35,0,2075
7895,2022-07-25 10:48:00+05:30,2.35,2.35,2.35,2.35,0,2075
7896,2022-07-25 10:49:00+05:30,2.35,2.35,2.3,2.3,100,2225
7897,2022-07-25 10:50:00+05:30,2.3,2.3,2.3,2.3,0,2225
7898,2022-07-25 10:51:00+05:30,2.3,2.3,2.3,2.3,100,2275
7899,2022-07-25 10:52:00+05:30,2.3,2.3,2.3,2.3,25,2275
7900,2022-07-25 10:53:00+05:30,2.3,2.3,2.3,2.3,0,2275
7901,2022-07-25 10:54:00+05:30,2.3,2.3,2.3,2.3,0,2275
7902,2022-07-25 10:55:00+05:30,2.3,2.3,2.3,2.3,0,2275
7903,2022-07-25 10:57:00+05:30,2.3,2.3,2.3,2.3,0,2275
7904,2022-07-25 10:58:00+05:30,2.3,2.3,2.3,2.3,0,2275
7905,2022-07-25 10:59:00+05:30,2.3,2.3,2.3,2.3,0,2275
7906,2022-07-25 11:00:00+05:30,2.3,2.3,2.3,2.3,0,2275
7907,2022-07-25 11:01:00+05:30,2.3,2.3,2.3,2.3,0,2275
7908,2022-07-25 11:02:00+05:30,2.3,2.3,2.3,2.3,0,2275
7909,2022-07-25 11:03:00+05:30,2.3,2.3,2.3,2.3,0,2275
7910,2022-07-25 11:04:00+05:30,2.3,2.3,2.3,2.3,0,2275
7911,2022-07-25 11:05:00+05:30,2.3,2.3,2.3,2.3,0,2275
7912,2022-07-25 11:06:00+05:30,2.3,2.3,2.3,2.3,0,2275
7913,2022-07-25 11:07:00+05:30,2.3,2.3,2.3,2.3,0,2275
7914,2022-07-25 11:08:00+05:30,2.3,2.3,2.3,2.3,0,2275
7915,2022-07-25 11:09:00+05:30,2.3,2.3,2.3,2.3,0,2275
7916,2022-07-25 11:10:00+05:30,2.3,2.3,2.3,2.3,0,2275
7917,2022-07-25 11:11:00+05:30,2.3,2.3,2.3,2.3,0,2275
7918,2022-07-25 11:12:00+05:30,2.3,2.3,2.3,2.3,0,2275
7919,2022-07-25 11:13:00+05:30,2.3,2.4,2.3,2.4,50,2400
7920,2022-07-25 11:14:00+05:30,2.4,2.4,2.4,2.4,0,2400
7921,2022-07-25 11:15:00+05:30,2.4,2.4,2.4,2.4,0,2400
7922,2022-07-25 11:16:00+05:30,2.4,2.4,2.4,2.4,0,2400
7923,2022-07-25 11:17:00+05:30,2.4,2.4,2.4,2.4,0,2400
7924,2022-07-25 11:18:00+05:30,2.4,2.4,2.3,2.3,175,2375
7925,2022-07-25 11:19:00+05:30,2.3,2.3,2.3,2.3,0,2375
7926,2022-07-25 11:20:00+05:30,2.3,2.3,2.3,2.3,0,2375
7927,2022-07-25 11:21:00+05:30,2.3,2.3,2.3,2.3,100,2525
7928,2022-07-25 11:22:00+05:30,2.3,2.3,2.3,2.3,50,2525
7929,2022-07-25 11:23:00+05:30,2.3,2.3,2.3,2.3,0,2525
7930,2022-07-25 11:24:00+05:30,2.3,2.3,2.3,2.3,0,2525
7931,2022-07-25 11:25:00+05:30,2.3,2.3,2.3,2.3,0,2525
7932,2022-07-25 11:26:00+05:30,2.3,2.3,2.3,2.3,0,2525
7933,2022-07-25 11:27:00+05:30,2.3,2.3,2.3,2.3,0,2525
7934,2022-07-25 11:28:00+05:30,2.3,2.3,2.25,2.25,25,2525
7935,2022-07-25 11:29:00+05:30,2.25,2.25,2.25,2.25,0,2525
7936,2022-07-25 11:30:00+05:30,2.25,2.25,2.25,2.25,0,2525
7937,2022-07-25 11:31:00+05:30,2.25,2.25,2.25,2.25,0,2525
7938,2022-07-25 11:32:00+05:30,2.25,2.25,2.25,2.25,0,2525
7939,2022-07-25 11:33:00+05:30,2.25,2.25,2.25,2.25,0,2525
7940,2022-07-25 11:34:00+05:30,2.25,2.25,2.25,2.25,0,2525
7941,2022-07-25 11:35:00+05:30,2.25,2.25,2.25,2.25,0,2525
7942,2022-07-25 11:36:00+05:30,2.25,2.25,2.25,2.25,0,2525
7943,2022-07-25 11:37:00+05:30,2.25,2.35,2.25,2.3,50,2550
7944,2022-07-25 11:38:00+05:30,2.3,2.3,2.3,2.3,0,2550
7945,2022-07-25 11:39:00+05:30,2.3,2.3,2.3,2.3,0,2550
7946,2022-07-25 11:40:00+05:30,2.3,2.3,2.3,2.3,0,2550
7947,2022-07-25 11:41:00+05:30,2.3,2.3,2.3,2.3,0,2550
7948,2022-07-25 11:42:00+05:30,2.3,2.3,2.3,2.3,0,2550
7949,2022-07-25 11:43:00+05:30,2.3,2.3,2.3,2.3,0,2550
7950,2022-07-25 11:44:00+05:30,2.3,2.3,2.3,2.3,0,2550
7951,2022-07-25 11:45:00+05:30,2.3,2.3,2.3,2.3,0,2550
7952,2022-07-25 11:46:00+05:30,2.3,2.3,2.3,2.3,0,2550
7953,2022-07-25 11:47:00+05:30,2.3,2.3,2.3,2.3,0,2550
7954,2022-07-25 11:48:00+05:30,2.3,2.3,2.3,2.3,0,2550
7955,2022-07-25 11:49:00+05:30,2.3,2.3,2.3,2.3,0,2550
7956,2022-07-25 11:50:00+05:30,2.3,2.3,2.3,2.3,0,2550
7957,2022-07-25 11:51:00+05:30,2.3,2.3,2.3,2.3,0,2550
7958,2022-07-25 11:52:00+05:30,2.3,2.3,2.3,2.3,0,2550
7959,2022-07-25 11:53:00+05:30,2.3,2.3,2.3,2.3,0,2550
7960,2022-07-25 11:54:00+05:30,2.3,2.3,2.3,2.3,0,2550
7961,2022-07-25 11:55:00+05:30,2.3,2.3,2.3,2.3,0,2550
7962,2022-07-25 11:56:00+05:30,2.3,2.3,2.3,2.3,0,2550
7963,2022-07-25 11:57:00+05:30,2.3,2.3,2.3,2.3,0,2550
7964,2022-07-25 11:58:00+05:30,2.3,2.3,2.3,2.3,0,2550
7965,2022-07-25 11:59:00+05:30,2.3,2.3,2.3,2.3,0,2550
7966,2022-07-25 12:00:00+05:30,2.3,2.3,2.3,2.3,0,2550
7967,2022-07-25 12:01:00+05:30,2.3,2.3,2.3,2.3,0,2550
7968,2022-07-25 12:02:00+05:30,2.3,2.3,2.3,2.3,0,2550
7969,2022-07-25 12:03:00+05:30,2.3,2.3,2.3,2.3,0,2550
7970,2022-07-25 12:04:00+05:30,2.3,2.3,2.3,2.3,0,2550
7971,2022-07-25 12:05:00+05:30,2.3,2.3,2.3,2.3,0,2550
7972,2022-07-25 12:06:00+05:30,2.3,2.3,2.3,2.3,0,2550
7973,2022-07-25 12:07:00+05:30,2.3,2.3,2.3,2.3,0,2550
7974,2022-07-25 12:08:00+05:30,2.3,2.3,2.3,2.3,0,2550
7975,2022-07-25 12:09:00+05:30,2.3,2.3,2.3,2.3,0,2550
7976,2022-07-25 12:10:00+05:30,2.3,2.3,2.3,2.3,0,2550
7977,2022-07-25 12:11:00+05:30,2.3,2.3,2.3,2.3,0,2550
7978,2022-07-25 12:12:00+05:30,2.3,2.3,2.3,2.3,0,2550
7979,2022-07-25 12:13:00+05:30,2.3,2.3,2.3,2.3,0,2550
7980,2022-07-25 12:14:00+05:30,2.3,2.3,2.3,2.3,0,2550
7981,2022-07-25 12:15:00+05:30,2.3,2.3,2.3,2.3,0,2550
7982,2022-07-25 12:16:00+05:30,2.3,2.3,2.3,2.3,0,2550
7983,2022-07-25 12:17:00+05:30,2.3,2.3,2.3,2.3,0,2550
7984,2022-07-25 12:18:00+05:30,2.3,2.3,2.3,2.3,0,2550
7985,2022-07-25 12:19:00+05:30,2.3,2.3,2.3,2.3,0,2550
7986,2022-07-25 12:20:00+05:30,2.3,2.3,2.3,2.3,0,2550
7987,2022-07-25 12:21:00+05:30,2.3,2.3,2.3,2.3,0,2550
7988,2022-07-25 12:23:00+05:30,2.3,2.3,2.3,2.3,0,2550
7989,2022-07-25 12:24:00+05:30,2.3,2.3,2.3,2.3,0,2550
7990,2022-07-25 12:25:00+05:30,2.3,2.3,2.3,2.3,0,2550
7991,2022-07-25 12:26:00+05:30,2.3,2.3,2.3,2.3,0,2550
7992,2022-07-25 12:27:00+05:30,2.3,2.3,2.3,2.3,0,2550
7993,2022-07-25 12:28:00+05:30,2.3,2.3,2.3,2.3,0,2550
7994,2022-07-25 12:29:00+05:30,2.3,2.3,2.3,2.3,0,2550
7995,2022-07-25 12:30:00+05:30,2.3,2.3,2.3,2.3,0,2550
7996,2022-07-25 12:31:00+05:30,2.3,2.3,2.3,2.3,0,2550
7997,2022-07-25 12:32:00+05:30,2.3,2.3,2.3,2.3,0,2550
7998,2022-07-25 12:33:00+05:30,2.3,2.3,2.3,2.3,0,2550
7999,2022-07-25 12:34:00+05:30,2.3,2.3,2.3,2.3,0,2550
8000,2022-07-25 12:35:00+05:30,2.3,2.3,2.3,2.3,0,2550
8001,2022-07-25 12:36:00+05:30,2.3,2.3,2.3,2.3,0,2550
8002,2022-07-25 12:37:00+05:30,2.3,2.3,2.3,2.3,0,2550
8003,2022-07-25 12:38:00+05:30,2.3,2.3,2.3,2.3,0,2550
8004,2022-07-25 12:39:00+05:30,2.3,2.3,2.3,2.3,0,2550
8005,2022-07-25 12:40:00+05:30,2.3,2.3,2.3,2.3,0,2550
8006,2022-07-25 12:41:00+05:30,2.3,2.3,2.3,2.3,0,2550
8007,2022-07-25 12:42:00+05:30,2.25,2.25,2.25,2.25,0,2550
8008,2022-07-25 12:43:00+05:30,2.25,2.25,2.25,2.25,0,2550
8009,2022-07-25 12:44:00+05:30,2.25,2.25,2.25,2.25,0,2550
8010,2022-07-25 12:45:00+05:30,2.25,2.25,2.25,2.25,0,2550
8011,2022-07-25 12:48:00+05:30,2.25,2.25,2.25,2.25,0,2550
8012,2022-07-25 12:49:00+05:30,2.25,2.25,2.25,2.25,0,2550
8013,2022-07-25 12:51:00+05:30,2.25,2.25,2.25,2.25,0,2550
8014,2022-07-25 12:52:00+05:30,2.25,2.3,2.25,2.3,50,2550
8015,2022-07-25 12:53:00+05:30,2.3,2.3,2.3,2.3,0,2550
8016,2022-07-25 12:54:00+05:30,2.3,2.3,2.3,2.3,0,2550
8017,2022-07-25 12:55:00+05:30,2.3,2.3,2.3,2.3,0,2550
8018,2022-07-25 12:56:00+05:30,2.3,2.3,2.2,2.2,0,2550
8019,2022-07-25 12:57:00+05:30,2.2,2.2,2.2,2.2,0,2550
8020,2022-07-25 12:58:00+05:30,2.2,2.2,2.2,2.2,0,2550
8021,2022-07-25 12:59:00+05:30,2.2,2.2,2.2,2.2,0,2550
8022,2022-07-25 13:00:00+05:30,2.2,2.2,2.2,2.2,0,2550
8023,2022-07-25 13:01:00+05:30,2.2,2.2,2.2,2.2,0,2550
8024,2022-07-25 13:02:00+05:30,2.2,2.3,2.2,2.3,25,2600
8025,2022-07-25 13:03:00+05:30,2.3,2.3,2.3,2.3,0,2600
8026,2022-07-25 13:04:00+05:30,2.3,2.3,2.3,2.3,0,2600
8027,2022-07-25 13:05:00+05:30,2.3,2.3,2.3,2.3,0,2600
8028,2022-07-25 13:06:00+05:30,2.3,2.3,2.3,2.3,0,2600
8029,2022-07-25 13:07:00+05:30,2.3,2.3,2.3,2.3,0,2600
8030,2022-07-25 13:08:00+05:30,2.3,2.3,2.3,2.3,0,2600
8031,2022-07-25 13:09:00+05:30,2.3,2.3,2.3,2.3,0,2600
8032,2022-07-25 13:10:00+05:30,2.3,2.3,2.3,2.3,0,2600
8033,2022-07-25 13:11:00+05:30,2.3,2.3,2.3,2.3,0,2600
8034,2022-07-25 13:12:00+05:30,2.3,2.3,2.3,2.3,0,2600
8035,2022-07-25 13:13:00+05:30,2.3,2.3,2.3,2.3,0,2600
8036,2022-07-25 13:14:00+05:30,2.3,2.3,2.3,2.3,0,2600
8037,2022-07-25 13:15:00+05:30,2.3,2.3,2.3,2.3,0,2600
8038,2022-07-25 13:16:00+05:30,2.3,2.3,2.3,2.3,0,2600
8039,2022-07-25 13:18:00+05:30,2.3,2.3,2.3,2.3,0,2600
8040,2022-07-25 13:19:00+05:30,2.3,2.3,2.2,2.3,225,2600
8041,2022-07-25 13:20:00+05:30,2.3,2.3,2.3,2.3,0,2600
8042,2022-07-25 13:21:00+05:30,2.3,2.3,2.3,2.3,0,2600
8043,2022-07-25 13:22:00+05:30,2.3,2.3,2.3,2.3,0,2600
8044,2022-07-25 13:23:00+05:30,2.3,2.3,2.3,2.3,0,2600
8045,2022-07-25 13:24:00+05:30,2.3,2.3,2.3,2.3,0,2600
8046,2022-07-25 13:25:00+05:30,2.3,2.3,2.3,2.3,0,2600
8047,2022-07-25 13:26:00+05:30,2.3,2.3,2.3,2.3,0,2600
8048,2022-07-25 13:27:00+05:30,2.3,2.3,2.3,2.3,0,2600
8049,2022-07-25 13:28:00+05:30,2.3,2.3,2.25,2.25,0,2800
8050,2022-07-25 13:29:00+05:30,2.25,2.25,2.25,2.25,150,2800
8051,2022-07-25 13:30:00+05:30,2.25,2.25,2.25,2.25,0,2800
8052,2022-07-25 13:31:00+05:30,2.25,2.25,2.25,2.25,0,2800
8053,2022-07-25 13:32:00+05:30,2.25,2.25,2.25,2.25,0,2800
8054,2022-07-25 13:33:00+05:30,2.25,2.25,2.25,2.25,0,2800
8055,2022-07-25 13:34:00+05:30,2.25,2.25,2.25,2.25,0,2800
8056,2022-07-25 13:35:00+05:30,2.25,2.25,2.25,2.25,0,2800
8057,2022-07-25 13:36:00+05:30,2.25,2.25,2.25,2.25,0,2800
8058,2022-07-25 13:37:00+05:30,2.25,2.25,2.25,2.25,0,2800
8059,2022-07-25 13:38:00+05:30,2.25,2.25,2.25,2.25,0,2800
8060,2022-07-25 13:39:00+05:30,2.25,2.25,2.25,2.25,0,2800
8061,2022-07-25 13:40:00+05:30,2.25,2.25,2.25,2.25,0,2800
8062,2022-07-25 13:41:00+05:30,2.25,2.25,2.25,2.25,0,2800
8063,2022-07-25 13:42:00+05:30,2.25,2.25,2.25,2.25,0,2800
8064,2022-07-25 13:43:00+05:30,2.25,2.25,2.2,2.2,50,2650
8065,2022-07-25 13:44:00+05:30,2.2,2.2,2.2,2.2,0,2650
8066,2022-07-25 13:45:00+05:30,2.2,2.2,2.2,2.2,0,2650
8067,2022-07-25 13:46:00+05:30,2.2,2.2,2.2,2.2,0,2650
8068,2022-07-25 13:47:00+05:30,2.2,2.2,2.2,2.2,0,2650
8069,2022-07-25 13:48:00+05:30,2.2,2.2,2.2,2.2,0,2650
8070,2022-07-25 13:49:00+05:30,2.2,2.2,2.2,2.2,0,2650
8071,2022-07-25 13:50:00+05:30,2.2,2.2,2.2,2.2,0,2650
8072,2022-07-25 13:51:00+05:30,2.2,2.2,2.2,2.2,0,2650
8073,2022-07-25 13:52:00+05:30,2.2,2.2,2.2,2.2,0,2650
8074,2022-07-25 13:53:00+05:30,2.2,2.2,2.2,2.2,0,2650
8075,2022-07-25 13:54:00+05:30,2.2,2.2,2.2,2.2,0,2650
8076,2022-07-25 13:57:00+05:30,2.2,2.2,2.2,2.2,0,2650
8077,2022-07-25 13:58:00+05:30,2.2,2.2,2.2,2.2,0,2650
8078,2022-07-25 13:59:00+05:30,2.2,2.2,2.2,2.2,0,2650
8079,2022-07-25 14:00:00+05:30,2.2,2.2,2.2,2.2,0,2650
8080,2022-07-25 14:01:00+05:30,2.2,2.2,2.2,2.2,0,2650
8081,2022-07-25 14:02:00+05:30,2.2,2.2,2.2,2.2,0,2650
8082,2022-07-25 14:03:00+05:30,2.2,2.2,2.2,2.2,0,2650
8083,2022-07-25 14:04:00+05:30,2.2,2.2,2.2,2.2,0,2650
8084,2022-07-25 14:05:00+05:30,2.2,2.2,2.2,2.2,0,2650
8085,2022-07-25 14:06:00+05:30,2.2,2.2,2.2,2.2,0,2650
8086,2022-07-25 14:07:00+05:30,2.2,2.2,2.2,2.2,0,2650
8087,2022-07-25 14:08:00+05:30,2.2,2.2,2.2,2.2,0,2650
8088,2022-07-25 14:09:00+05:30,2.2,2.2,2.2,2.2,0,2650
8089,2022-07-25 14:10:00+05:30,2.2,2.2,2.2,2.2,0,2650
8090,2022-07-25 14:11:00+05:30,2.2,2.25,2.2,2.25,25,2650
8091,2022-07-25 14:12:00+05:30,2.25,2.25,2.25,2.25,0,2650
8092,2022-07-25 14:13:00+05:30,2.25,2.25,2.25,2.25,0,2650
8093,2022-07-25 14:14:00+05:30,2.25,2.25,2.2,2.2,0,2650
8094,2022-07-25 14:15:00+05:30,2.2,2.2,2.2,2.2,400,2725
8095,2022-07-25 14:16:00+05:30,2.2,2.2,2.2,2.2,0,2725
8096,2022-07-25 14:17:00+05:30,2.2,2.2,2.2,2.2,0,2725
8097,2022-07-25 14:18:00+05:30,2.2,2.2,2.2,2.2,0,2725
8098,2022-07-25 14:19:00+05:30,2.2,2.2,2.2,2.2,0,2725
8099,2022-07-25 14:20:00+05:30,2.2,2.3,2.2,2.3,275,2725
8100,2022-07-25 14:21:00+05:30,2.3,2.3,2.15,2.15,250,2750
8101,2022-07-25 14:22:00+05:30,2.15,2.15,2.15,2.15,0,2750
8102,2022-07-25 14:23:00+05:30,2.15,2.15,2.15,2.15,0,2750
8103,2022-07-25 14:24:00+05:30,2.15,2.15,2.15,2.15,0,2750
8104,2022-07-25 14:25:00+05:30,2.15,2.15,2.15,2.15,0,2750
8105,2022-07-25 14:26:00+05:30,2.15,2.15,2.15,2.15,0,2750
8106,2022-07-25 14:27:00+05:30,2.15,2.15,2.15,2.15,0,2750
8107,2022-07-25 14:28:00+05:30,2.15,2.15,2.15,2.15,0,2750
8108,2022-07-25 14:29:00+05:30,2.15,2.15,2.15,2.15,0,2750
8109,2022-07-25 14:30:00+05:30,2.15,2.3,2.15,2.3,775,2775
8110,2022-07-25 14:31:00+05:30,2.3,2.3,2.3,2.3,50,2775
8111,2022-07-25 14:32:00+05:30,2.3,2.3,2.3,2.3,325,2775
8112,2022-07-25 14:33:00+05:30,2.3,2.35,2.3,2.35,150,2575
8113,2022-07-25 14:34:00+05:30,2.35,2.4,2.35,2.4,250,2575
8114,2022-07-25 14:35:00+05:30,2.4,2.4,2.3,2.4,50,2575
8115,2022-07-25 14:36:00+05:30,2.4,2.4,2.4,2.4,0,2575
8116,2022-07-25 14:37:00+05:30,2.4,2.4,2.3,2.4,100,3000
8117,2022-07-25 14:38:00+05:30,2.4,2.4,2.4,2.4,0,3000
8118,2022-07-25 14:39:00+05:30,2.4,2.4,2.4,2.4,0,3000
8119,2022-07-25 14:40:00+05:30,2.4,2.4,2.4,2.4,25,3050
8120,2022-07-25 14:41:00+05:30,2.4,2.4,2.4,2.4,0,3050
8121,2022-07-25 14:42:00+05:30,2.4,2.4,2.4,2.4,0,3050
8122,2022-07-25 14:43:00+05:30,2.4,2.4,2.4,2.4,0,3050
8123,2022-07-25 14:44:00+05:30,2.4,2.4,2.4,2.4,125,3075
8124,2022-07-25 14:45:00+05:30,2.4,2.4,2.4,2.4,0,3075
8125,2022-07-25 14:46:00+05:30,2.4,2.4,2.3,2.3,125,3350
8126,2022-07-25 14:47:00+05:30,2.3,2.3,2.3,2.3,125,3350
8127,2022-07-25 14:48:00+05:30,2.3,2.3,2.3,2.3,150,3150
8128,2022-07-25 14:49:00+05:30,2.3,2.3,2.3,2.3,0,3150
8129,2022-07-25 14:50:00+05:30,2.3,2.4,2.3,2.4,50,3150
8130,2022-07-25 14:51:00+05:30,2.4,2.4,2.4,2.4,0,3150
8131,2022-07-25 14:53:00+05:30,2.4,2.4,2.4,2.4,75,3050
8132,2022-07-25 14:54:00+05:30,2.4,2.4,2.4,2.4,0,3050
8133,2022-07-25 14:55:00+05:30,2.4,2.4,2.3,2.3,100,3125
8134,2022-07-25 14:56:00+05:30,2.3,2.4,2.3,2.4,25,3125
8135,2022-07-25 14:57:00+05:30,2.4,2.4,2.4,2.4,0,3125
8136,2022-07-25 14:58:00+05:30,2.4,2.4,2.4,2.4,50,3000
8137,2022-07-25 14:59:00+05:30,2.4,2.4,2.4,2.4,50,3000
8138,2022-07-25 15:00:00+05:30,2.4,2.45,2.4,2.45,775,3150
8139,2022-07-25 15:01:00+05:30,2.45,2.45,2.35,2.35,125,3150
8140,2022-07-25 15:02:00+05:30,2.35,2.35,2.25,2.35,450,3150
8141,2022-07-25 15:03:00+05:30,2.35,2.35,2.2,2.2,100,3425
8142,2022-07-25 15:04:00+05:30,2.2,2.2,2.2,2.2,0,3425
8143,2022-07-25 15:05:00+05:30,2.2,2.35,2.2,2.35,350,3425
8144,2022-07-25 15:06:00+05:30,2.35,2.35,2.35,2.35,0,3425
8145,2022-07-25 15:07:00+05:30,2.35,2.4,2.3,2.4,175,3350
8146,2022-07-25 15:08:00+05:30,2.4,2.4,2.4,2.4,0,3350
8147,2022-07-25 15:09:00+05:30,2.4,2.4,2.4,2.4,0,3350
8148,2022-07-25 15:10:00+05:30,2.4,2.4,2.4,2.4,0,3350
8149,2022-07-25 15:11:00+05:30,2.4,2.4,2.4,2.4,0,3350
8150,2022-07-25 15:12:00+05:30,2.4,2.4,2.4,2.4,0,3350
8151,2022-07-25 15:13:00+05:30,2.4,2.45,2.4,2.45,25,3325
8152,2022-07-25 15:14:00+05:30,2.45,2.45,2.45,2.45,0,3325
8153,2022-07-25 15:15:00+05:30,2.45,2.45,2.45,2.45,0,3325
8154,2022-07-25 15:16:00+05:30,2.45,2.45,2.45,2.45,0,3350
8155,2022-07-25 15:17:00+05:30,2.45,2.45,2.3,2.3,0,3350
8156,2022-07-25 15:18:00+05:30,2.3,2.3,2.3,2.3,0,3350
8157,2022-07-25 15:19:00+05:30,2.3,2.3,2.3,2.3,25,3325
8158,2022-07-25 15:20:00+05:30,2.3,2.35,2.3,2.35,50,3325
8159,2022-07-25 15:21:00+05:30,2.35,2.45,2.35,2.45,125,3425
8160,2022-07-25 15:22:00+05:30,2.45,2.45,2.35,2.35,125,3425
8161,2022-07-25 15:23:00+05:30,2.35,2.35,2.35,2.35,25,3425
8162,2022-07-25 15:24:00+05:30,2.35,2.35,2.35,2.35,0,3425
8163,2022-07-25 15:25:00+05:30,2.65,2.75,2.4,2.45,3025,3450
8164,2022-07-25 15:26:00+05:30,2.45,2.65,2.45,2.5,575,3450
8165,2022-07-25 15:27:00+05:30,2.5,2.5,2.5,2.5,0,3450
8166,2022-07-25 15:28:00+05:30,2.5,2.65,2.45,2.65,175,2525
8167,2022-07-25 15:29:00+05:30,2.65,2.7,2.45,2.45,275,2525
8168,2022-07-26 09:15:00+05:30,1.7,1.7,1.7,1.7,0,2500
8169,2022-07-26 09:16:00+05:30,1.7,2.45,1.7,2.45,750,2500
8170,2022-07-26 09:17:00+05:30,2.45,2.5,2.4,2.5,175,2550
8171,2022-07-26 09:18:00+05:30,2.5,2.5,2.35,2.35,125,2550
8172,2022-07-26 09:19:00+05:30,2.35,2.5,2.35,2.5,300,2550
8173,2022-07-26 09:20:00+05:30,2.5,2.55,2.5,2.55,400,2325
8174,2022-07-26 09:21:00+05:30,2.55,2.6,2.55,2.6,75,2325
8175,2022-07-26 09:22:00+05:30,2.6,2.6,2.6,2.6,150,2325
8176,2022-07-26 09:23:00+05:30,2.6,2.65,2.6,2.65,175,2450
8177,2022-07-26 09:24:00+05:30,2.65,2.7,2.65,2.7,125,2450
8178,2022-07-26 09:25:00+05:30,2.7,2.75,2.6,2.6,175,2450
8179,2022-07-26 09:26:00+05:30,2.6,2.6,2.6,2.6,0,2450
8180,2022-07-26 09:27:00+05:30,2.6,2.6,2.6,2.6,600,2525
8181,2022-07-26 09:28:00+05:30,2.6,2.6,2.6,2.6,0,2525
8182,2022-07-26 09:29:00+05:30,2.6,2.65,2.6,2.65,250,2925
8183,2022-07-26 09:30:00+05:30,2.65,2.65,2.55,2.55,0,2925
8184,2022-07-26 09:31:00+05:30,2.55,2.6,2.55,2.6,50,2925
8185,2022-07-26 09:32:00+05:30,2.6,2.6,2.6,2.6,0,2925
8186,2022-07-26 09:33:00+05:30,2.6,2.6,2.6,2.6,0,2925
8187,2022-07-26 09:34:00+05:30,2.6,2.65,2.6,2.65,50,2925
8188,2022-07-26 09:35:00+05:30,2.45,2.45,2.45,2.45,0,2925
8189,2022-07-26 09:36:00+05:30,2.45,2.45,2.45,2.45,0,2925
8190,2022-07-26 09:37:00+05:30,2.45,2.45,2.45,2.45,0,2925
8191,2022-07-26 09:38:00+05:30,2.4,2.4,2.4,2.4,0,2925
8192,2022-07-26 09:39:00+05:30,2.4,2.5,2.4,2.5,50,2875
8193,2022-07-26 09:40:00+05:30,2.5,2.5,2.5,2.5,0,2875
8194,2022-07-26 09:41:00+05:30,2.5,2.5,2.5,2.5,0,2875
8195,2022-07-26 09:42:00+05:30,2.5,2.5,2.5,2.5,0,2875
8196,2022-07-26 09:43:00+05:30,2.5,2.5,2.5,2.5,0,2875
8197,2022-07-26 09:44:00+05:30,2.5,2.5,2.25,2.45,825,3225
8198,2022-07-26 09:45:00+05:30,2.45,2.45,2.45,2.45,0,3225
8199,2022-07-26 09:46:00+05:30,2.45,2.45,2.45,2.45,0,3225
8200,2022-07-26 09:47:00+05:30,2.45,2.45,2.45,2.45,0,3225
8201,2022-07-26 09:48:00+05:30,2.45,2.45,2.45,2.45,50,3175
8202,2022-07-26 09:49:00+05:30,2.45,2.45,2.4,2.4,400,3175
8203,2022-07-26 09:50:00+05:30,2.4,2.4,2.4,2.4,0,3175
8204,2022-07-26 09:51:00+05:30,2.4,2.4,2.4,2.4,0,3175
8205,2022-07-26 09:52:00+05:30,2.4,2.4,2.1,2.25,1525,3275
8206,2022-07-26 09:53:00+05:30,2.25,2.25,2.25,2.25,175,3275
8207,2022-07-26 09:54:00+05:30,2.25,2.25,2.25,2.25,0,3275
8208,2022-07-26 09:55:00+05:30,2.25,2.25,2.25,2.25,0,3275
8209,2022-07-26 09:56:00+05:30,2.25,2.25,2.25,2.25,0,3275
8210,2022-07-26 09:57:00+05:30,2.25,2.25,2.25,2.25,0,3275
8211,2022-07-26 09:58:00+05:30,2.25,2.25,2.25,2.25,0,3275
8212,2022-07-26 09:59:00+05:30,2.25,2.25,2.25,2.25,0,3275
8213,2022-07-26 10:00:00+05:30,2.25,2.25,2.25,2.25,0,3275
8214,2022-07-26 10:01:00+05:30,2.25,2.25,2.25,2.25,0,3275
8215,2022-07-26 10:02:00+05:30,2.25,2.25,2.25,2.25,0,3275
8216,2022-07-26 10:03:00+05:30,2.25,2.25,2.25,2.25,0,3275
8217,2022-07-26 10:04:00+05:30,2.25,2.25,2.25,2.25,0,3275
8218,2022-07-26 10:05:00+05:30,2.25,2.25,2.25,2.25,0,3275
8219,2022-07-26 10:06:00+05:30,2.25,2.25,2.25,2.25,0,3275
8220,2022-07-26 10:07:00+05:30,2.25,2.25,2.25,2.25,0,3275
8221,2022-07-26 10:08:00+05:30,2.25,2.25,2.25,2.25,0,3275
8222,2022-07-26 10:09:00+05:30,2.25,2.25,2.25,2.25,0,3275
8223,2022-07-26 10:10:00+05:30,2.25,2.25,2.25,2.25,0,3275
8224,2022-07-26 10:11:00+05:30,2.25,2.25,2.25,2.25,0,3275
8225,2022-07-26 10:12:00+05:30,2.25,2.25,2.25,2.25,0,3275
8226,2022-07-26 10:13:00+05:30,2.25,2.25,2.25,2.25,425,2700
8227,2022-07-26 10:14:00+05:30,2.25,2.3,2.25,2.3,75,2700
8228,2022-07-26 10:15:00+05:30,2.3,2.3,2.3,2.3,0,2700
8229,2022-07-26 10:16:00+05:30,2.3,2.3,2.25,2.25,125,2775
8230,2022-07-26 10:17:00+05:30,2.25,2.25,2.25,2.25,0,2775
8231,2022-07-26 10:18:00+05:30,2.25,2.25,2.2,2.2,25,2700
8232,2022-07-26 10:19:00+05:30,2.2,2.2,2.2,2.2,0,2700
8233,2022-07-26 10:20:00+05:30,2.2,2.2,2.2,2.2,0,2700
8234,2022-07-26 10:21:00+05:30,2.2,2.2,2.2,2.2,0,2700
8235,2022-07-26 10:22:00+05:30,2.2,2.2,2.2,2.2,0,2700
8236,2022-07-26 10:23:00+05:30,2.2,2.2,2.2,2.2,0,2700
8237,2022-07-26 10:24:00+05:30,2.2,2.2,2.2,2.2,0,2700
8238,2022-07-26 10:25:00+05:30,2.2,2.2,2.2,2.2,0,2700
8239,2022-07-26 10:26:00+05:30,2.2,2.2,2.2,2.2,0,2700
8240,2022-07-26 10:27:00+05:30,2.2,2.2,2.2,2.2,0,2700
8241,2022-07-26 10:28:00+05:30,2.2,2.2,2.2,2.2,0,2700
8242,2022-07-26 10:29:00+05:30,2.2,2.2,2.2,2.2,0,2700
8243,2022-07-26 10:30:00+05:30,2.2,2.2,2.2,2.2,0,2700
8244,2022-07-26 10:31:00+05:30,2.2,2.2,2.2,2.2,0,2700
8245,2022-07-26 10:32:00+05:30,2.2,2.2,2.2,2.2,0,2700
8246,2022-07-26 10:33:00+05:30,2.2,2.2,2.2,2.2,0,2700
8247,2022-07-26 10:34:00+05:30,2.2,2.2,2.2,2.2,0,2700
8248,2022-07-26 10:35:00+05:30,2.2,2.2,2.2,2.2,0,2700
8249,2022-07-26 10:36:00+05:30,2.2,2.2,2.2,2.2,0,2700
8250,2022-07-26 10:37:00+05:30,2.2,2.2,2.2,2.2,0,2700
8251,2022-07-26 10:38:00+05:30,2.2,2.2,2.2,2.2,0,2700
8252,2022-07-26 10:39:00+05:30,2.2,2.2,2.2,2.2,0,2700
8253,2022-07-26 10:40:00+05:30,2.2,2.2,2.2,2.2,0,2700
8254,2022-07-26 10:41:00+05:30,2.2,2.2,2.2,2.2,0,2700
8255,2022-07-26 10:42:00+05:30,2.2,2.2,2.2,2.2,0,2700
8256,2022-07-26 10:43:00+05:30,2.2,2.2,2.2,2.2,0,2700
8257,2022-07-26 10:44:00+05:30,2.2,2.2,2.2,2.2,0,2700
8258,2022-07-26 10:45:00+05:30,2.2,2.2,2.2,2.2,0,2700
8259,2022-07-26 10:46:00+05:30,2.2,2.2,2.2,2.2,0,2700
8260,2022-07-26 10:47:00+05:30,2.2,2.2,2.2,2.2,0,2700
8261,2022-07-26 10:48:00+05:30,2.2,2.2,2.2,2.2,0,2700
8262,2022-07-26 10:49:00+05:30,2.2,2.2,2.2,2.2,0,2700
8263,2022-07-26 10:50:00+05:30,2.2,2.2,2.2,2.2,0,2700
8264,2022-07-26 10:51:00+05:30,2.2,2.2,2.2,2.2,0,2700
8265,2022-07-26 10:52:00+05:30,2.2,2.2,2.2,2.2,0,2700
8266,2022-07-26 10:53:00+05:30,2.2,2.2,2.2,2.2,0,2700
8267,2022-07-26 10:54:00+05:30,2.2,2.2,2.2,2.2,0,2700
8268,2022-07-26 10:55:00+05:30,2.2,2.2,2.2,2.2,0,2700
8269,2022-07-26 10:56:00+05:30,2.2,2.2,2.2,2.2,0,2700
8270,2022-07-26 10:57:00+05:30,2.2,2.2,2.2,2.2,0,2700
8271,2022-07-26 10:58:00+05:30,2.2,2.2,2.2,2.2,0,2700
8272,2022-07-26 10:59:00+05:30,2.2,2.2,2.2,2.2,0,2700
8273,2022-07-26 11:00:00+05:30,2.2,2.2,2.2,2.2,0,2700
8274,2022-07-26 11:01:00+05:30,2.2,2.2,2.2,2.2,0,2700
8275,2022-07-26 11:02:00+05:30,2.2,2.2,2.2,2.2,0,2700
8276,2022-07-26 11:03:00+05:30,2.2,2.2,2.2,2.2,0,2700
8277,2022-07-26 11:04:00+05:30,2.2,2.2,2.2,2.2,0,2700
8278,2022-07-26 11:05:00+05:30,2.2,2.2,2.2,2.2,0,2700
8279,2022-07-26 11:06:00+05:30,2.2,2.2,2.2,2.2,0,2700
8280,2022-07-26 11:07:00+05:30,2.2,2.3,2.2,2.3,125,2675
8281,2022-07-26 11:08:00+05:30,2.3,2.3,2.3,2.3,0,2675
8282,2022-07-26 11:09:00+05:30,2.3,2.3,2.3,2.3,0,2675
8283,2022-07-26 11:10:00+05:30,2.3,2.3,2.3,2.3,0,2675
8284,2022-07-26 11:11:00+05:30,2.3,2.3,2.3,2.3,0,2675
8285,2022-07-26 11:12:00+05:30,2.3,2.3,2.3,2.3,0,2675
8286,2022-07-26 11:13:00+05:30,2.3,2.3,2.3,2.3,0,2675
8287,2022-07-26 11:14:00+05:30,2.3,2.3,2.3,2.3,0,2675
8288,2022-07-26 11:15:00+05:30,2.3,2.3,2.3,2.3,0,2675
8289,2022-07-26 11:16:00+05:30,2.3,2.3,2.3,2.3,0,2675
8290,2022-07-26 11:17:00+05:30,2.3,2.3,2.3,2.3,0,2675
8291,2022-07-26 11:18:00+05:30,2.3,2.3,2.3,2.3,0,2675
8292,2022-07-26 11:19:00+05:30,2.3,2.3,2.3,2.3,0,2675
8293,2022-07-26 11:20:00+05:30,2.3,2.3,2.3,2.3,0,2675
8294,2022-07-26 11:21:00+05:30,2.3,2.3,2.3,2.3,0,2675
8295,2022-07-26 11:22:00+05:30,2.3,2.3,2.3,2.3,0,2675
8296,2022-07-26 11:23:00+05:30,2.3,2.3,2.3,2.3,0,2675
8297,2022-07-26 11:24:00+05:30,2.2,2.2,2.2,2.2,50,2775
8298,2022-07-26 11:25:00+05:30,2.2,2.2,2.2,2.2,0,2775
8299,2022-07-26 11:26:00+05:30,2.2,2.2,2.2,2.2,0,2775
8300,2022-07-26 11:27:00+05:30,2.2,2.2,2.2,2.2,0,2775
8301,2022-07-26 11:28:00+05:30,2.2,2.2,2.2,2.2,75,2725
8302,2022-07-26 11:29:00+05:30,2.2,2.2,2.2,2.2,0,2725
8303,2022-07-26 11:30:00+05:30,2.2,2.3,2.2,2.3,50,2650
8304,2022-07-26 11:31:00+05:30,2.3,2.3,2.3,2.3,100,2650
8305,2022-07-26 11:32:00+05:30,2.3,2.3,2.3,2.3,50,2650
8306,2022-07-26 11:33:00+05:30,2.3,2.3,2.3,2.3,0,2650
8307,2022-07-26 11:34:00+05:30,2.3,2.3,2.3,2.3,0,2650
8308,2022-07-26 11:35:00+05:30,2.3,2.3,2.3,2.3,0,2650
8309,2022-07-26 11:36:00+05:30,2.3,2.3,2.3,2.3,0,2650
8310,2022-07-26 11:37:00+05:30,2.3,2.3,2.2,2.2,100,2750
8311,2022-07-26 11:38:00+05:30,2.2,2.2,2.2,2.2,0,2750
8312,2022-07-26 11:39:00+05:30,2.2,2.2,2.2,2.2,0,2750
8313,2022-07-26 11:40:00+05:30,2.2,2.25,2.2,2.25,100,2650
8314,2022-07-26 11:41:00+05:30,2.25,2.25,2.25,2.25,0,2650
8315,2022-07-26 11:42:00+05:30,2.25,2.25,2.25,2.25,0,2650
8316,2022-07-26 11:43:00+05:30,2.25,2.25,2.25,2.25,0,2650
8317,2022-07-26 11:44:00+05:30,2.25,2.25,2.25,2.25,25,2550
8318,2022-07-26 11:45:00+05:30,2.25,2.25,2.25,2.25,0,2550
8319,2022-07-26 11:46:00+05:30,2.25,2.25,2.25,2.25,0,2550
8320,2022-07-26 11:47:00+05:30,2.25,2.25,2.25,2.25,0,2550
8321,2022-07-26 11:48:00+05:30,2.25,2.25,2.25,2.25,0,2550
8322,2022-07-26 11:49:00+05:30,2.25,2.25,2.25,2.25,0,2550
8323,2022-07-26 11:50:00+05:30,2.25,2.25,2.25,2.25,0,2550
8324,2022-07-26 11:51:00+05:30,2.25,2.25,2.25,2.25,0,2550
8325,2022-07-26 11:52:00+05:30,2.25,2.25,2.25,2.25,0,2550
8326,2022-07-26 11:53:00+05:30,2.25,2.25,2.25,2.25,0,2550
8327,2022-07-26 11:54:00+05:30,2.25,2.25,2.25,2.25,0,2550
8328,2022-07-26 11:55:00+05:30,2.25,2.25,2.25,2.25,0,2550
8329,2022-07-26 11:56:00+05:30,2.25,2.25,2.25,2.25,0,2550
8330,2022-07-26 11:57:00+05:30,2.25,2.25,2.25,2.25,0,2550
8331,2022-07-26 11:58:00+05:30,2.25,2.25,2.25,2.25,25,2575
8332,2022-07-26 11:59:00+05:30,2.25,2.25,2.25,2.25,25,2575
8333,2022-07-26 12:00:00+05:30,2.25,2.25,2.25,2.25,0,2575
8334,2022-07-26 12:01:00+05:30,2.25,2.25,2.25,2.25,0,2575
8335,2022-07-26 12:02:00+05:30,2.25,2.25,2.25,2.25,0,2575
8336,2022-07-26 12:03:00+05:30,2.25,2.25,2.25,2.25,0,2575
8337,2022-07-26 12:04:00+05:30,2.25,2.25,2.25,2.25,0,2575
8338,2022-07-26 12:05:00+05:30,2.25,2.25,2.25,2.25,0,2575
8339,2022-07-26 12:06:00+05:30,2.25,2.25,2.25,2.25,0,2575
8340,2022-07-26 12:07:00+05:30,2.25,2.25,2.25,2.25,0,2575
8341,2022-07-26 12:08:00+05:30,2.25,2.25,2.25,2.25,0,2575
8342,2022-07-26 12:09:00+05:30,2.25,2.25,2.25,2.25,0,2575
8343,2022-07-26 12:10:00+05:30,2.25,2.25,2.25,2.25,0,2575
8344,2022-07-26 12:11:00+05:30,2.25,2.25,2.2,2.2,300,2625
8345,2022-07-26 12:12:00+05:30,2.2,2.2,2.2,2.2,100,2700
8346,2022-07-26 12:13:00+05:30,2.15,2.2,2.15,2.15,25,2700
8347,2022-07-26 12:14:00+05:30,2.15,2.15,2.15,2.15,250,2700
8348,2022-07-26 12:15:00+05:30,2.15,2.15,2.15,2.15,0,2700
8349,2022-07-26 12:16:00+05:30,2.15,2.15,2.1,2.1,75,2850
8350,2022-07-26 12:17:00+05:30,2.1,2.1,2.1,2.1,200,2850
8351,2022-07-26 12:18:00+05:30,2.1,2.1,2.1,2.1,0,2850
8352,2022-07-26 12:19:00+05:30,2.1,2.1,2.1,2.1,0,2850
8353,2022-07-26 12:20:00+05:30,2.1,2.1,2.1,2.1,0,2850
8354,2022-07-26 12:21:00+05:30,2.1,2.1,2.1,2.1,0,2850
8355,2022-07-26 12:22:00+05:30,2.1,2.1,2.1,2.1,0,2850
8356,2022-07-26 12:23:00+05:30,2.1,2.1,2.1,2.1,0,2850
8357,2022-07-26 12:24:00+05:30,2.1,2.1,2.1,2.1,0,2850
8358,2022-07-26 12:25:00+05:30,2.1,2.1,2.1,2.1,0,2850
8359,2022-07-26 12:26:00+05:30,2.1,2.2,2.1,2.2,25,2800
8360,2022-07-26 12:27:00+05:30,2.2,2.2,2.2,2.2,0,2800
8361,2022-07-26 12:28:00+05:30,2.2,2.2,2.05,2.05,250,2800
8362,2022-07-26 12:29:00+05:30,2.05,2.05,2.05,2.05,0,2800
8363,2022-07-26 12:30:00+05:30,2.05,2.05,2.05,2.05,0,2800
8364,2022-07-26 12:31:00+05:30,2.05,2.05,2.05,2.05,0,2800
8365,2022-07-26 12:32:00+05:30,2.05,2.05,2.05,2.05,0,2800
8366,2022-07-26 12:33:00+05:30,2.05,2.05,2.05,2.05,0,2800
8367,2022-07-26 12:34:00+05:30,2.05,2.05,2.05,2.05,0,2800
8368,2022-07-26 12:35:00+05:30,2.05,2.05,2.05,2.05,0,2800
8369,2022-07-26 12:36:00+05:30,2.05,2.05,2.05,2.05,0,2800
8370,2022-07-26 12:37:00+05:30,2.05,2.05,2.05,2.05,0,2800
8371,2022-07-26 12:38:00+05:30,2.05,2.05,2.05,2.05,0,2800
8372,2022-07-26 12:39:00+05:30,2.05,2.05,2.05,2.05,0,2800
8373,2022-07-26 12:40:00+05:30,2.05,2.05,2.05,2.05,0,2800
8374,2022-07-26 12:41:00+05:30,2.05,2.05,2.05,2.05,0,2800
8375,2022-07-26 12:42:00+05:30,2.05,2.05,2.05,2.05,0,2800
8376,2022-07-26 12:43:00+05:30,2.05,2.05,2.05,2.05,0,2800
8377,2022-07-26 12:44:00+05:30,2.05,2.05,2.05,2.05,0,2800
8378,2022-07-26 12:45:00+05:30,2.05,2.05,2.05,2.05,0,2800
8379,2022-07-26 12:46:00+05:30,2.05,2.05,2.05,2.05,0,2800
8380,2022-07-26 12:47:00+05:30,2.05,2.05,2.05,2.05,0,2800
8381,2022-07-26 12:48:00+05:30,2.05,2.05,2.05,2.05,0,2800
8382,2022-07-26 12:49:00+05:30,2.05,2.05,2.05,2.05,0,2800
8383,2022-07-26 12:50:00+05:30,2.05,2.05,2.05,2.05,0,2800
8384,2022-07-26 12:51:00+05:30,2.05,2.05,2.05,2.05,0,2800
8385,2022-07-26 12:53:00+05:30,2.05,2.05,2.05,2.05,0,2800
8386,2022-07-26 12:54:00+05:30,2.05,2.05,2.05,2.05,0,2800
8387,2022-07-26 12:55:00+05:30,2.05,2.05,2.05,2.05,0,2800
8388,2022-07-26 12:56:00+05:30,2.05,2.05,2.05,2.05,0,2800
8389,2022-07-26 12:57:00+05:30,2.05,2.05,2.05,2.05,0,2800
8390,2022-07-26 12:58:00+05:30,2.05,2.05,2.05,2.05,0,2800
8391,2022-07-26 12:59:00+05:30,2.05,2.05,2.05,2.05,0,2800
8392,2022-07-26 13:00:00+05:30,2.05,2.05,2.05,2.05,0,2800
8393,2022-07-26 13:01:00+05:30,2.05,2.05,2.05,2.05,0,2800
8394,2022-07-26 13:02:00+05:30,2.05,2.05,2.05,2.05,0,2800
8395,2022-07-26 13:03:00+05:30,2.05,2.05,2.05,2.05,0,2800
8396,2022-07-26 13:04:00+05:30,2.05,2.05,2.05,2.05,0,2800
8397,2022-07-26 13:05:00+05:30,2.05,2.05,2.05,2.05,0,2800
8398,2022-07-26 13:06:00+05:30,2.05,2.25,2.05,2.25,150,2650
8399,2022-07-26 13:07:00+05:30,2.25,2.25,2.25,2.25,50,2650
8400,2022-07-26 13:08:00+05:30,2.25,2.25,2.25,2.25,0,2650
8401,2022-07-26 13:09:00+05:30,2.25,2.25,2.25,2.25,0,2650
8402,2022-07-26 13:10:00+05:30,2.25,2.25,2.25,2.25,0,2650
8403,2022-07-26 13:11:00+05:30,2.25,2.25,2.25,2.25,0,2650
8404,2022-07-26 13:12:00+05:30,2.25,2.25,2.25,2.25,0,2650
8405,2022-07-26 13:13:00+05:30,2.25,2.25,2.25,2.25,0,2650
8406,2022-07-26 13:14:00+05:30,2.25,2.25,2.25,2.25,0,2650
8407,2022-07-26 13:15:00+05:30,2.25,2.25,2.25,2.25,0,2650
8408,2022-07-26 13:16:00+05:30,2.25,2.25,2.25,2.25,0,2650
8409,2022-07-26 13:17:00+05:30,2.25,2.25,2.25,2.25,25,2700
8410,2022-07-26 13:18:00+05:30,2.25,2.25,2.25,2.25,0,2700
8411,2022-07-26 13:19:00+05:30,2.25,2.25,2.25,2.25,0,2700
8412,2022-07-26 13:20:00+05:30,2.25,2.25,2.25,2.25,0,2700
8413,2022-07-26 13:21:00+05:30,2.25,2.25,2.25,2.25,0,2700
8414,2022-07-26 13:22:00+05:30,2.25,2.25,2.25,2.25,0,2700
8415,2022-07-26 13:23:00+05:30,2.25,2.25,2.25,2.25,0,2700
8416,2022-07-26 13:24:00+05:30,2.25,2.25,2.25,2.25,0,2700
8417,2022-07-26 13:25:00+05:30,2.25,2.25,2.25,2.25,0,2700
8418,2022-07-26 13:26:00+05:30,2.25,2.25,2.25,2.25,0,2700
8419,2022-07-26 13:27:00+05:30,2.25,2.25,2.25,2.25,0,2700
8420,2022-07-26 13:28:00+05:30,2.25,2.25,2.25,2.25,0,2700
8421,2022-07-26 13:29:00+05:30,2.25,2.25,2.25,2.25,0,2700
8422,2022-07-26 13:30:00+05:30,2.25,2.25,2.25,2.25,0,2700
8423,2022-07-26 13:31:00+05:30,2.25,2.25,2.25,2.25,0,2700
8424,2022-07-26 13:32:00+05:30,2.25,2.25,2.25,2.25,0,2700
8425,2022-07-26 13:33:00+05:30,2.25,2.25,2.25,2.25,25,2725
8426,2022-07-26 13:34:00+05:30,2.25,2.25,2.25,2.25,0,2725
8427,2022-07-26 13:35:00+05:30,2.25,2.25,2.25,2.25,0,2725
8428,2022-07-26 13:36:00+05:30,2.25,2.25,2.25,2.25,0,2725
8429,2022-07-26 13:37:00+05:30,2.25,2.25,2.25,2.25,0,2725
8430,2022-07-26 13:38:00+05:30,2.25,2.25,2.25,2.25,0,2725
8431,2022-07-26 13:39:00+05:30,2.25,2.25,2.25,2.25,0,2725
8432,2022-07-26 13:40:00+05:30,2.25,2.25,2.25,2.25,0,2725
8433,2022-07-26 13:41:00+05:30,2.25,2.25,2.25,2.25,0,2725
8434,2022-07-26 13:42:00+05:30,2.25,2.25,2.15,2.25,400,2750
8435,2022-07-26 13:43:00+05:30,2.25,2.3,2.25,2.3,150,2750
8436,2022-07-26 13:44:00+05:30,2.3,2.3,2.25,2.25,150,2750
8437,2022-07-26 13:45:00+05:30,2.25,2.3,2.25,2.3,50,2850
8438,2022-07-26 13:46:00+05:30,2.3,2.35,2.3,2.35,50,2850
8439,2022-07-26 13:47:00+05:30,2.35,2.35,2.35,2.35,0,2850
8440,2022-07-26 13:48:00+05:30,2.35,2.35,2.35,2.35,0,2850
8441,2022-07-26 13:49:00+05:30,2.35,2.35,2.35,2.35,0,2850
8442,2022-07-26 13:50:00+05:30,2.35,2.35,2.35,2.35,0,2850
8443,2022-07-26 13:51:00+05:30,2.35,2.35,2.35,2.35,0,2850
8444,2022-07-26 13:52:00+05:30,2.35,2.35,2.35,2.35,0,2850
8445,2022-07-26 13:53:00+05:30,2.35,2.35,2.35,2.35,0,2850
8446,2022-07-26 13:54:00+05:30,2.35,2.35,2.35,2.35,0,2850
8447,2022-07-26 13:55:00+05:30,2.35,2.35,2.35,2.35,0,2850
8448,2022-07-26 13:56:00+05:30,2.35,2.35,2.35,2.35,0,2850
8449,2022-07-26 13:57:00+05:30,2.35,2.35,2.35,2.35,0,2850
8450,2022-07-26 13:58:00+05:30,2.35,2.35,2.35,2.35,0,2850
8451,2022-07-26 13:59:00+05:30,2.35,2.35,2.2,2.25,75,2825
8452,2022-07-26 14:00:00+05:30,2.25,2.25,2.25,2.25,0,2825
8453,2022-07-26 14:01:00+05:30,2.25,2.25,2.25,2.25,0,2825
8454,2022-07-26 14:02:00+05:30,2.25,2.25,2.25,2.25,0,2825
8455,2022-07-26 14:03:00+05:30,2.25,2.25,2.25,2.25,0,2825
8456,2022-07-26 14:04:00+05:30,2.25,2.25,2.25,2.25,0,2825
8457,2022-07-26 14:05:00+05:30,2.25,2.25,2.25,2.25,0,2825
8458,2022-07-26 14:06:00+05:30,2.25,2.25,2.25,2.25,0,2825
8459,2022-07-26 14:07:00+05:30,2.25,2.25,2.1,2.1,150,2825
8460,2022-07-26 14:08:00+05:30,2.1,2.1,2.1,2.1,0,2825
8461,2022-07-26 14:09:00+05:30,2.1,2.1,2.05,2.05,150,2825
8462,2022-07-26 14:10:00+05:30,2.05,2.05,2.05,2.05,0,2825
8463,2022-07-26 14:11:00+05:30,2.05,2.05,2.05,2.05,0,2825
8464,2022-07-26 14:12:00+05:30,2.05,2.05,2.05,2.05,0,2825
8465,2022-07-26 14:13:00+05:30,2.05,2.05,2.05,2.05,0,2825
8466,2022-07-26 14:14:00+05:30,2.05,2.05,2.05,2.05,0,2825
8467,2022-07-26 14:15:00+05:30,2.05,2.2,2.05,2.2,50,2825
8468,2022-07-26 14:16:00+05:30,2.2,2.2,2.2,2.2,0,2825
8469,2022-07-26 14:17:00+05:30,2.2,2.2,2.2,2.2,0,2825
8470,2022-07-26 14:18:00+05:30,2.2,2.2,2.2,2.2,0,2825
8471,2022-07-26 14:19:00+05:30,2.2,2.2,2.2,2.2,0,2825
8472,2022-07-26 14:20:00+05:30,2.2,2.2,2.2,2.2,0,2825
8473,2022-07-26 14:21:00+05:30,2.2,2.2,2.2,2.2,0,2825
8474,2022-07-26 14:22:00+05:30,2.2,2.2,2.0,2.1,100,2825
8475,2022-07-26 14:23:00+05:30,2.1,2.1,2.1,2.1,0,2825
8476,2022-07-26 14:24:00+05:30,2.1,2.1,1.9,1.9,0,2775
8477,2022-07-26 14:25:00+05:30,1.9,2.0,1.9,2.0,100,2775
8478,2022-07-26 14:26:00+05:30,2.0,2.05,2.0,2.05,25,2775
8479,2022-07-26 14:27:00+05:30,2.05,2.05,2.05,2.05,0,2775
8480,2022-07-26 14:28:00+05:30,2.05,2.05,2.05,2.05,0,2775
8481,2022-07-26 14:29:00+05:30,2.05,2.05,2.05,2.05,0,2775
8482,2022-07-26 14:30:00+05:30,2.05,2.05,2.05,2.05,0,2775
8483,2022-07-26 14:31:00+05:30,2.05,2.05,2.05,2.05,0,2775
8484,2022-07-26 14:32:00+05:30,2.05,2.05,2.05,2.05,0,2775
8485,2022-07-26 14:33:00+05:30,2.05,2.05,2.05,2.05,0,2775
8486,2022-07-26 14:34:00+05:30,2.05,2.05,2.05,2.05,0,2775
8487,2022-07-26 14:35:00+05:30,2.05,2.05,2.05,2.05,0,2775
8488,2022-07-26 14:36:00+05:30,2.05,2.05,2.05,2.05,0,2775
8489,2022-07-26 14:37:00+05:30,2.05,2.05,2.05,2.05,0,2775
8490,2022-07-26 14:38:00+05:30,2.05,2.05,1.95,2.0,125,2675
8491,2022-07-26 14:39:00+05:30,2.0,2.0,2.0,2.0,0,2675
8492,2022-07-26 14:40:00+05:30,2.0,2.05,2.0,2.05,25,2625
8493,2022-07-26 14:41:00+05:30,2.05,2.1,2.05,2.1,0,2625
8494,2022-07-26 14:42:00+05:30,2.1,2.1,2.1,2.1,0,2625
8495,2022-07-26 14:43:00+05:30,2.1,2.1,2.05,2.05,50,2650
8496,2022-07-26 14:44:00+05:30,2.05,2.05,2.05,2.05,0,2650
8497,2022-07-26 14:45:00+05:30,2.05,2.05,2.05,2.05,0,2650
8498,2022-07-26 14:46:00+05:30,2.05,2.05,2.05,2.05,0,2650
8499,2022-07-26 14:47:00+05:30,2.05,2.05,2.05,2.05,0,2650
8500,2022-07-26 14:48:00+05:30,2.05,2.05,2.05,2.05,0,2650
8501,2022-07-26 14:49:00+05:30,2.05,2.05,2.05,2.05,0,2650
8502,2022-07-26 14:50:00+05:30,2.05,2.05,2.05,2.05,0,2650
8503,2022-07-26 14:51:00+05:30,2.05,2.05,2.05,2.05,0,2650
8504,2022-07-26 14:52:00+05:30,2.05,2.05,2.05,2.05,0,2650
8505,2022-07-26 14:53:00+05:30,2.05,2.1,1.9,2.1,0,2600
8506,2022-07-26 14:54:00+05:30,2.1,2.1,2.0,2.0,25,2575
8507,2022-07-26 14:55:00+05:30,2.0,2.0,2.0,2.0,0,2575
8508,2022-07-26 14:56:00+05:30,2.0,2.0,2.0,2.0,0,2575
8509,2022-07-26 14:57:00+05:30,2.0,2.0,2.0,2.0,0,2575
8510,2022-07-26 14:58:00+05:30,2.0,2.0,2.0,2.0,0,2575
8511,2022-07-26 14:59:00+05:30,2.0,2.0,2.0,2.0,0,2575
8512,2022-07-26 15:00:00+05:30,2.0,2.0,2.0,2.0,0,2575
8513,2022-07-26 15:01:00+05:30,2.0,2.0,2.0,2.0,0,2575
8514,2022-07-26 15:02:00+05:30,2.0,2.0,2.0,2.0,0,2575
8515,2022-07-26 15:03:00+05:30,2.0,2.0,2.0,2.0,0,2575
8516,2022-07-26 15:04:00+05:30,2.0,2.0,2.0,2.0,0,2575
8517,2022-07-26 15:05:00+05:30,2.0,2.0,2.0,2.0,0,2575
8518,2022-07-26 15:06:00+05:30,2.0,2.0,2.0,2.0,100,2575
8519,2022-07-26 15:07:00+05:30,2.0,2.0,2.0,2.0,0,2575
8520,2022-07-26 15:08:00+05:30,2.0,2.0,1.95,1.95,125,2575
8521,2022-07-26 15:09:00+05:30,1.95,1.95,1.95,1.95,25,2575
8522,2022-07-26 15:10:00+05:30,1.95,1.95,1.95,1.95,0,2575
8523,2022-07-26 15:11:00+05:30,1.95,2.1,1.95,2.05,50,2400
8524,2022-07-26 15:12:00+05:30,1.95,1.95,1.95,1.95,0,2425
8525,2022-07-26 15:13:00+05:30,1.95,1.95,1.95,1.95,50,2425
8526,2022-07-26 15:14:00+05:30,1.95,1.95,1.9,1.9,125,2425
8527,2022-07-26 15:15:00+05:30,1.9,1.9,1.85,1.85,100,2300
8528,2022-07-26 15:16:00+05:30,1.85,1.85,1.85,1.85,0,2300
8529,2022-07-26 15:17:00+05:30,1.85,1.85,1.85,1.85,0,2300
8530,2022-07-26 15:18:00+05:30,1.85,1.85,1.85,1.85,0,2300
8531,2022-07-26 15:19:00+05:30,1.85,1.85,1.85,1.85,0,2300
8532,2022-07-26 15:20:00+05:30,1.85,1.85,1.85,1.85,0,2300
8533,2022-07-26 15:21:00+05:30,1.85,1.85,1.85,1.85,0,2300
8534,2022-07-26 15:22:00+05:30,1.85,1.85,1.85,1.85,0,2300
8535,2022-07-26 15:23:00+05:30,1.85,1.85,1.85,1.85,0,2300
8536,2022-07-26 15:24:00+05:30,1.8,1.8,1.8,1.8,50,2275
8537,2022-07-26 15:25:00+05:30,1.95,1.95,1.8,1.8,175,2200
8538,2022-07-26 15:26:00+05:30,1.8,2.05,1.8,2.05,300,2200
8539,2022-07-26 15:27:00+05:30,2.05,2.05,1.9,2.0,175,1975
8540,2022-07-26 15:28:00+05:30,2.0,2.1,2.0,2.05,650,1975
8541,2022-07-26 15:29:00+05:30,2.05,2.15,1.5,1.5,275,1975
8542,2022-07-27 09:15:00+05:30,1.95,1.95,1.95,1.95,0,0
8543,2022-07-27 09:16:00+05:30,1.95,1.95,1.95,1.95,50,1500
8544,2022-07-27 09:17:00+05:30,1.95,1.95,1.95,1.95,50,1500
8545,2022-07-27 09:18:00+05:30,1.95,1.95,1.95,1.95,0,1500
8546,2022-07-27 09:19:00+05:30,1.95,1.95,1.95,1.95,25,1500
8547,2022-07-27 09:20:00+05:30,1.95,2.1,1.95,2.1,0,1500
8548,2022-07-27 09:21:00+05:30,2.1,2.1,2.1,2.1,0,1500
8549,2022-07-27 09:22:00+05:30,2.1,2.1,1.95,1.95,25,1500
8550,2022-07-27 09:23:00+05:30,1.95,2.0,1.95,1.95,175,1550
8551,2022-07-27 09:24:00+05:30,1.95,1.95,1.95,1.95,0,1550
8552,2022-07-27 09:25:00+05:30,1.95,1.95,1.95,1.95,0,1550
8553,2022-07-27 09:26:00+05:30,1.95,1.95,1.95,1.95,0,1550
8554,2022-07-27 09:27:00+05:30,1.95,1.95,1.95,1.95,0,1550
8555,2022-07-27 09:28:00+05:30,1.95,1.95,1.95,1.95,0,1550
8556,2022-07-27 09:29:00+05:30,1.95,1.95,1.95,1.95,0,1550
8557,2022-07-27 09:30:00+05:30,1.95,1.95,1.95,1.95,0,1550
8558,2022-07-27 09:31:00+05:30,1.95,1.95,1.95,1.95,25,1550
8559,2022-07-27 09:32:00+05:30,1.95,1.95,1.95,1.95,0,1550
8560,2022-07-27 09:33:00+05:30,1.95,1.95,1.95,1.95,0,1550
8561,2022-07-27 09:34:00+05:30,1.95,1.95,1.95,1.95,0,1550
8562,2022-07-27 09:35:00+05:30,1.95,1.95,1.95,1.95,125,1550
8563,2022-07-27 09:36:00+05:30,1.95,1.95,1.95,1.95,0,1550
8564,2022-07-27 09:37:00+05:30,1.95,1.95,1.95,1.95,0,1550
8565,2022-07-27 09:38:00+05:30,1.95,2.4,1.95,2.4,100,1550
8566,2022-07-27 09:39:00+05:30,2.4,2.4,2.4,2.4,0,1550
8567,2022-07-27 09:40:00+05:30,2.4,2.4,2.4,2.4,0,1550
8568,2022-07-27 09:41:00+05:30,2.4,2.4,2.3,2.3,25,1550
8569,2022-07-27 09:42:00+05:30,2.3,2.3,2.3,2.3,125,1650
8570,2022-07-27 09:43:00+05:30,2.3,2.3,2.1,2.1,100,1650
8571,2022-07-27 09:44:00+05:30,2.1,2.1,2.1,2.1,0,1650
8572,2022-07-27 09:45:00+05:30,2.1,2.1,2.1,2.1,0,1650
8573,2022-07-27 09:46:00+05:30,2.1,2.1,2.1,2.1,0,1650
8574,2022-07-27 09:47:00+05:30,2.1,2.1,2.1,2.1,0,1650
8575,2022-07-27 09:48:00+05:30,2.1,2.1,1.95,1.95,375,1575
8576,2022-07-27 09:49:00+05:30,1.95,1.95,1.95,1.95,0,1575
8577,2022-07-27 09:50:00+05:30,1.95,1.95,1.95,1.95,0,1575
8578,2022-07-27 09:51:00+05:30,1.95,2.2,1.95,2.0,0,1600
8579,2022-07-27 09:52:00+05:30,2.0,2.0,2.0,2.0,25,1600
8580,2022-07-27 09:53:00+05:30,2.0,2.0,2.0,2.0,0,1600
8581,2022-07-27 09:54:00+05:30,2.0,2.0,2.0,2.0,75,1650
8582,2022-07-27 09:55:00+05:30,2.0,2.0,2.0,2.0,0,1650
8583,2022-07-27 09:56:00+05:30,2.0,2.0,2.0,2.0,0,1650
8584,2022-07-27 09:57:00+05:30,2.0,2.0,2.0,2.0,0,1650
8585,2022-07-27 09:58:00+05:30,2.0,2.0,2.0,2.0,0,1650
8586,2022-07-27 09:59:00+05:30,2.0,2.0,2.0,2.0,425,1675
8587,2022-07-27 10:00:00+05:30,2.0,2.0,2.0,2.0,125,1350
8588,2022-07-27 10:01:00+05:30,2.0,2.0,2.0,2.0,125,1350
8589,2022-07-27 10:02:00+05:30,2.0,2.0,2.0,2.0,0,1350
8590,2022-07-27 10:03:00+05:30,2.0,2.0,2.0,2.0,0,1350
8591,2022-07-27 10:04:00+05:30,2.0,2.0,2.0,2.0,0,1350
8592,2022-07-27 10:05:00+05:30,2.0,2.0,2.0,2.0,0,1350
8593,2022-07-27 10:06:00+05:30,2.0,2.0,2.0,2.0,50,1100
8594,2022-07-27 10:08:00+05:30,2.0,2.0,2.0,2.0,0,1100
8595,2022-07-27 10:10:00+05:30,2.0,2.0,2.0,2.0,50,1050
8596,2022-07-27 10:11:00+05:30,2.0,2.0,2.0,2.0,0,1050
8597,2022-07-27 10:12:00+05:30,2.0,2.0,2.0,2.0,0,1050
8598,2022-07-27 10:13:00+05:30,2.0,2.0,2.0,2.0,0,1050
8599,2022-07-27 10:14:00+05:30,2.0,2.0,2.0,2.0,0,1050
8600,2022-07-27 10:15:00+05:30,2.0,2.0,2.0,2.0,0,1050
8601,2022-07-27 10:16:00+05:30,2.0,2.0,2.0,2.0,0,1050
8602,2022-07-27 10:17:00+05:30,2.0,2.0,2.0,2.0,0,1050
8603,2022-07-27 10:18:00+05:30,2.0,2.0,2.0,2.0,0,1050
8604,2022-07-27 10:19:00+05:30,2.0,2.0,2.0,2.0,0,1050
8605,2022-07-27 10:20:00+05:30,2.0,2.0,2.0,2.0,0,1050
8606,2022-07-27 10:21:00+05:30,2.0,2.0,2.0,2.0,0,1050
8607,2022-07-27 10:22:00+05:30,2.0,2.0,2.0,2.0,0,1050
8608,2022-07-27 10:23:00+05:30,2.0,2.25,2.0,2.25,50,1025
8609,2022-07-27 10:24:00+05:30,2.25,2.25,2.25,2.25,0,1025
8610,2022-07-27 10:25:00+05:30,2.25,2.25,2.25,2.25,0,1025
8611,2022-07-27 10:26:00+05:30,2.25,2.25,2.25,2.25,0,1025
8612,2022-07-27 10:28:00+05:30,2.25,2.25,2.25,2.25,0,1050
8613,2022-07-27 10:29:00+05:30,2.25,2.25,2.25,2.25,0,1050
8614,2022-07-27 10:30:00+05:30,2.25,2.25,2.25,2.25,0,1050
8615,2022-07-27 10:31:00+05:30,2.25,2.25,2.25,2.25,0,1050
8616,2022-07-27 10:32:00+05:30,2.25,2.25,2.25,2.25,0,1050
8617,2022-07-27 10:33:00+05:30,2.25,2.25,2.25,2.25,0,1050
8618,2022-07-27 10:34:00+05:30,2.25,2.25,2.25,2.25,0,1050
8619,2022-07-27 10:35:00+05:30,2.25,2.25,2.25,2.25,0,1050
8620,2022-07-27 10:36:00+05:30,2.25,2.25,2.25,2.25,25,1100
8621,2022-07-27 10:37:00+05:30,2.25,2.25,2.25,2.25,0,1100
8622,2022-07-27 10:38:00+05:30,2.25,2.25,2.25,2.25,0,1100
8623,2022-07-27 10:39:00+05:30,2.25,2.25,2.25,2.25,0,1100
8624,2022-07-27 10:40:00+05:30,2.25,2.25,2.25,2.25,0,1100
8625,2022-07-27 10:41:00+05:30,2.25,2.25,2.25,2.25,0,1100
8626,2022-07-27 10:42:00+05:30,2.25,2.25,2.25,2.25,0,1100
8627,2022-07-27 10:43:00+05:30,2.25,2.25,2.25,2.25,0,1100
8628,2022-07-27 10:44:00+05:30,2.25,2.25,2.25,2.25,0,1100
8629,2022-07-27 10:45:00+05:30,2.25,2.25,2.25,2.25,0,1100
8630,2022-07-27 10:46:00+05:30,2.25,2.25,2.25,2.25,0,1100
8631,2022-07-27 10:47:00+05:30,2.25,2.25,2.25,2.25,0,1100
8632,2022-07-27 10:48:00+05:30,2.25,2.25,2.25,2.25,0,1100
8633,2022-07-27 10:49:00+05:30,2.25,2.25,2.25,2.25,0,1100
8634,2022-07-27 10:50:00+05:30,2.25,2.25,2.25,2.25,0,1100
8635,2022-07-27 10:51:00+05:30,2.25,2.25,2.25,2.25,0,1100
8636,2022-07-27 10:52:00+05:30,2.25,2.25,2.1,2.1,100,1100
8637,2022-07-27 10:53:00+05:30,2.1,2.1,2.1,2.1,0,1100
8638,2022-07-27 10:54:00+05:30,2.1,2.1,2.1,2.1,0,1100
8639,2022-07-27 10:55:00+05:30,2.1,2.1,2.1,2.1,0,1100
8640,2022-07-27 10:56:00+05:30,2.1,2.25,2.1,2.25,50,1000
8641,2022-07-27 10:57:00+05:30,2.25,2.25,2.25,2.25,0,1000
8642,2022-07-27 10:58:00+05:30,2.25,2.3,2.25,2.3,25,1050
8643,2022-07-27 10:59:00+05:30,2.3,2.3,2.3,2.3,175,1050
8644,2022-07-27 11:00:00+05:30,2.3,2.4,2.3,2.4,250,1175
8645,2022-07-27 11:01:00+05:30,2.45,2.45,2.45,2.45,25,1175
8646,2022-07-27 11:02:00+05:30,2.45,2.45,2.45,2.45,0,1175
8647,2022-07-27 11:03:00+05:30,2.45,2.45,2.45,2.45,0,1175
8648,2022-07-27 11:04:00+05:30,2.45,2.45,2.45,2.45,50,1500
8649,2022-07-27 11:05:00+05:30,2.45,2.45,2.45,2.45,0,1500
8650,2022-07-27 11:06:00+05:30,2.45,2.45,2.45,2.45,0,1500
8651,2022-07-27 11:07:00+05:30,2.45,2.45,2.45,2.45,0,1500
8652,2022-07-27 11:08:00+05:30,2.45,2.45,2.45,2.45,150,1500
8653,2022-07-27 11:09:00+05:30,2.45,2.45,2.45,2.45,0,1500
8654,2022-07-27 11:10:00+05:30,2.45,2.45,2.45,2.45,0,1500
8655,2022-07-27 11:11:00+05:30,2.45,2.45,2.45,2.45,0,1500
8656,2022-07-27 11:12:00+05:30,2.45,2.45,2.45,2.45,0,1500
8657,2022-07-27 11:13:00+05:30,2.45,2.45,2.45,2.45,0,1500
8658,2022-07-27 11:14:00+05:30,2.45,2.45,2.45,2.45,0,1500
8659,2022-07-27 11:15:00+05:30,2.45,2.45,2.45,2.45,0,1500
8660,2022-07-27 11:17:00+05:30,2.45,2.45,2.45,2.45,0,1500
8661,2022-07-27 11:18:00+05:30,2.45,2.45,2.45,2.45,0,1500
8662,2022-07-27 11:20:00+05:30,2.45,2.45,2.45,2.45,0,1500
8663,2022-07-27 11:22:00+05:30,2.45,2.45,2.45,2.45,0,1500
8664,2022-07-27 11:23:00+05:30,2.45,2.45,2.45,2.45,0,1500
8665,2022-07-27 11:24:00+05:30,2.45,2.45,2.45,2.45,0,1500
8666,2022-07-27 11:25:00+05:30,2.45,2.45,2.45,2.45,0,1500
8667,2022-07-27 11:27:00+05:30,2.45,2.45,2.45,2.45,0,1500
8668,2022-07-27 11:28:00+05:30,2.45,2.45,2.45,2.45,0,1500
8669,2022-07-27 11:29:00+05:30,2.45,2.45,2.45,2.45,0,1500
8670,2022-07-27 11:30:00+05:30,2.45,2.45,2.45,2.45,0,1500
8671,2022-07-27 11:31:00+05:30,2.45,2.45,2.45,2.45,0,1500
8672,2022-07-27 11:32:00+05:30,2.45,2.45,2.45,2.45,0,1500
8673,2022-07-27 11:33:00+05:30,2.45,2.45,2.45,2.45,0,1500
8674,2022-07-27 11:34:00+05:30,2.45,2.45,2.45,2.45,0,1500
8675,2022-07-27 11:35:00+05:30,2.45,2.45,2.45,2.45,0,1500
8676,2022-07-27 11:36:00+05:30,2.45,2.45,2.45,2.45,0,1500
8677,2022-07-27 11:37:00+05:30,2.45,2.45,2.45,2.45,0,1500
8678,2022-07-27 11:38:00+05:30,2.45,2.45,2.45,2.45,100,1575
8679,2022-07-27 11:40:00+05:30,2.45,2.45,2.45,2.45,0,1575
8680,2022-07-27 11:41:00+05:30,2.45,2.45,2.45,2.45,0,1575
8681,2022-07-27 11:43:00+05:30,2.45,2.45,2.45,2.45,0,1575
8682,2022-07-27 11:44:00+05:30,2.45,2.45,2.45,2.45,0,1575
8683,2022-07-27 11:45:00+05:30,2.45,2.45,2.15,2.15,0,1625
8684,2022-07-27 11:46:00+05:30,2.15,2.15,2.15,2.15,0,1625
8685,2022-07-27 11:47:00+05:30,2.15,2.15,2.15,2.15,0,1625
8686,2022-07-27 11:48:00+05:30,2.15,2.15,2.15,2.15,0,1625
8687,2022-07-27 11:49:00+05:30,2.15,2.55,2.15,2.55,1000,1625
8688,2022-07-27 11:50:00+05:30,2.55,2.55,2.25,2.3,225,1625
8689,2022-07-27 11:51:00+05:30,2.3,2.5,2.3,2.5,50,2200
8690,2022-07-27 11:53:00+05:30,2.5,2.5,2.5,2.5,0,2200
8691,2022-07-27 11:54:00+05:30,2.5,2.5,2.3,2.3,25,2175
8692,2022-07-27 11:55:00+05:30,2.3,2.5,2.3,2.5,50,2175
8693,2022-07-27 11:56:00+05:30,2.5,2.5,2.5,2.5,0,2175
8694,2022-07-27 11:57:00+05:30,2.5,2.5,2.5,2.5,0,2175
8695,2022-07-27 11:58:00+05:30,2.5,2.5,2.5,2.5,0,2175
8696,2022-07-27 11:59:00+05:30,2.5,2.5,2.5,2.5,0,2175
8697,2022-07-27 12:00:00+05:30,2.5,2.5,2.5,2.5,0,2175
8698,2022-07-27 12:01:00+05:30,2.5,2.5,2.5,2.5,0,2175
8699,2022-07-27 12:02:00+05:30,2.5,2.5,2.5,2.5,0,2175
8700,2022-07-27 12:03:00+05:30,2.5,2.5,2.5,2.5,0,2175
8701,2022-07-27 12:04:00+05:30,2.5,2.5,2.5,2.5,0,2175
8702,2022-07-27 12:05:00+05:30,2.5,2.5,2.5,2.5,0,2175
8703,2022-07-27 12:06:00+05:30,2.5,2.5,2.1,2.3,1025,2150
8704,2022-07-27 12:07:00+05:30,2.3,2.3,2.3,2.3,0,2150
8705,2022-07-27 12:08:00+05:30,2.3,2.3,2.3,2.3,0,2150
8706,2022-07-27 12:09:00+05:30,2.3,2.3,2.3,2.3,0,2150
8707,2022-07-27 12:10:00+05:30,2.3,2.3,2.3,2.3,0,2150
8708,2022-07-27 12:11:00+05:30,2.3,2.3,2.3,2.3,0,2150
8709,2022-07-27 12:12:00+05:30,2.3,2.3,2.3,2.3,0,2150
8710,2022-07-27 12:13:00+05:30,2.3,2.3,2.3,2.3,0,2150
8711,2022-07-27 12:14:00+05:30,2.3,2.3,2.3,2.3,0,2150
8712,2022-07-27 12:15:00+05:30,2.3,2.3,2.3,2.3,0,2150
8713,2022-07-27 12:16:00+05:30,2.3,2.3,2.3,2.3,0,2150
8714,2022-07-27 12:17:00+05:30,2.3,2.3,2.3,2.3,0,2150
8715,2022-07-27 12:18:00+05:30,2.3,2.3,2.3,2.3,0,2150
8716,2022-07-27 12:19:00+05:30,2.3,2.3,2.3,2.3,0,2150
8717,2022-07-27 12:20:00+05:30,2.3,2.3,2.3,2.3,0,2150
8718,2022-07-27 12:21:00+05:30,2.3,2.3,2.3,2.3,0,2150
8719,2022-07-27 12:22:00+05:30,2.3,2.3,2.3,2.3,0,2150
8720,2022-07-27 12:23:00+05:30,2.3,2.3,2.3,2.3,0,1675
8721,2022-07-27 12:24:00+05:30,2.3,2.3,2.3,2.3,0,1675
8722,2022-07-27 12:25:00+05:30,2.3,2.3,2.3,2.3,0,1650
8723,2022-07-27 12:26:00+05:30,2.3,2.3,2.3,2.3,25,1650
8724,2022-07-27 12:27:00+05:30,2.3,2.3,2.3,2.3,0,1600
8725,2022-07-27 12:28:00+05:30,2.3,2.3,2.3,2.3,0,1600
8726,2022-07-27 12:29:00+05:30,2.3,2.3,2.25,2.25,50,1600
8727,2022-07-27 12:30:00+05:30,2.25,2.25,2.25,2.25,0,1600
8728,2022-07-27 12:31:00+05:30,2.25,2.25,2.25,2.25,0,1600
8729,2022-07-27 12:32:00+05:30,2.25,2.25,2.25,2.25,0,1600
8730,2022-07-27 12:33:00+05:30,2.25,2.25,2.25,2.25,0,1600
8731,2022-07-27 12:34:00+05:30,2.25,2.25,2.25,2.25,0,1600
8732,2022-07-27 12:35:00+05:30,2.25,2.25,2.25,2.25,0,1600
8733,2022-07-27 12:36:00+05:30,2.4,2.4,2.35,2.35,225,1525
8734,2022-07-27 12:37:00+05:30,2.35,2.35,2.35,2.35,0,1525
8735,2022-07-27 12:38:00+05:30,2.35,2.45,2.35,2.45,25,1525
8736,2022-07-27 12:39:00+05:30,2.45,2.45,2.45,2.45,0,1525
8737,2022-07-27 12:40:00+05:30,2.45,2.55,2.45,2.55,250,1725
8738,2022-07-27 12:41:00+05:30,2.55,2.55,2.55,2.55,0,1725
8739,2022-07-27 12:42:00+05:30,2.55,2.55,2.35,2.35,125,1725
8740,2022-07-27 12:43:00+05:30,2.35,2.35,2.3,2.3,25,1725
8741,2022-07-27 12:44:00+05:30,2.3,2.3,2.3,2.3,0,1725
8742,2022-07-27 12:45:00+05:30,2.3,2.5,2.3,2.5,50,1725
8743,2022-07-27 12:46:00+05:30,2.5,2.5,2.35,2.35,25,1725
8744,2022-07-27 12:47:00+05:30,2.35,2.45,2.35,2.45,375,1725
8745,2022-07-27 12:48:00+05:30,2.45,2.45,2.45,2.45,0,1725
8746,2022-07-27 12:49:00+05:30,2.45,2.45,2.3,2.3,25,2050
8747,2022-07-27 12:50:00+05:30,2.3,2.3,2.3,2.3,0,2050
8748,2022-07-27 12:51:00+05:30,2.3,2.3,2.3,2.3,0,2050
8749,2022-07-27 12:52:00+05:30,2.3,2.3,2.3,2.3,0,2050
8750,2022-07-27 12:53:00+05:30,2.3,2.35,2.3,2.35,25,2025
8751,2022-07-27 12:54:00+05:30,2.35,2.35,2.35,2.35,0,2025
8752,2022-07-27 12:55:00+05:30,2.35,2.45,2.35,2.4,200,2000
8753,2022-07-27 12:56:00+05:30,2.4,2.5,2.4,2.5,100,2000
8754,2022-07-27 12:57:00+05:30,2.5,2.5,2.35,2.35,50,1925
8755,2022-07-27 12:58:00+05:30,2.35,2.35,2.35,2.35,0,1925
8756,2022-07-27 12:59:00+05:30,2.35,2.6,2.35,2.6,100,1925
8757,2022-07-27 13:00:00+05:30,2.6,2.6,2.6,2.6,25,1925
8758,2022-07-27 13:01:00+05:30,2.6,2.6,2.6,2.6,0,1925
8759,2022-07-27 13:02:00+05:30,2.6,2.6,2.6,2.6,0,1925
8760,2022-07-27 13:03:00+05:30,2.6,2.6,2.6,2.6,250,1925
8761,2022-07-27 13:04:00+05:30,2.6,2.6,2.6,2.6,0,1925
8762,2022-07-27 13:05:00+05:30,2.6,2.6,2.6,2.6,0,1925
8763,2022-07-27 13:06:00+05:30,2.6,2.6,2.6,2.6,100,1875
8764,2022-07-27 13:07:00+05:30,2.6,2.6,2.6,2.6,0,1875
8765,2022-07-27 13:08:00+05:30,2.6,2.6,2.6,2.6,0,1875
8766,2022-07-27 13:09:00+05:30,2.6,2.6,2.6,2.6,0,1875
8767,2022-07-27 13:10:00+05:30,2.6,2.6,2.6,2.6,0,1875
8768,2022-07-27 13:11:00+05:30,2.6,2.6,2.6,2.6,0,1875
8769,2022-07-27 13:12:00+05:30,2.6,2.6,2.45,2.45,50,1925
8770,2022-07-27 13:13:00+05:30,2.45,2.45,2.45,2.45,0,1925
8771,2022-07-27 13:14:00+05:30,2.45,2.45,2.45,2.45,0,1925
8772,2022-07-27 13:15:00+05:30,2.45,2.45,2.45,2.45,0,1925
8773,2022-07-27 13:16:00+05:30,2.45,2.45,2.45,2.45,0,1925
8774,2022-07-27 13:17:00+05:30,2.45,2.45,2.45,2.45,0,1925
8775,2022-07-27 13:18:00+05:30,2.45,2.45,2.45,2.45,0,1925
8776,2022-07-27 13:19:00+05:30,2.4,2.4,2.4,2.4,0,1875
8777,2022-07-27 13:20:00+05:30,2.4,2.4,2.4,2.4,0,1875
8778,2022-07-27 13:21:00+05:30,2.4,2.4,2.4,2.4,0,1875
8779,2022-07-27 13:22:00+05:30,2.4,2.4,2.4,2.4,0,1875
8780,2022-07-27 13:23:00+05:30,2.4,2.4,2.4,2.4,0,1875
8781,2022-07-27 13:24:00+05:30,2.4,2.4,2.4,2.4,0,1875
8782,2022-07-27 13:25:00+05:30,2.4,2.4,2.4,2.4,0,1875
8783,2022-07-27 13:26:00+05:30,2.4,2.4,2.4,2.4,0,1875
8784,2022-07-27 13:27:00+05:30,2.4,2.4,2.4,2.4,0,1875
8785,2022-07-27 13:28:00+05:30,2.4,2.4,2.4,2.4,100,1900
8786,2022-07-27 13:29:00+05:30,2.4,2.4,2.4,2.4,0,1900
8787,2022-07-27 13:30:00+05:30,2.4,2.4,2.4,2.4,0,1900
8788,2022-07-27 13:31:00+05:30,2.4,2.4,2.4,2.4,0,1900
8789,2022-07-27 13:32:00+05:30,2.4,2.4,2.4,2.4,0,1900
8790,2022-07-27 13:33:00+05:30,2.4,2.4,2.4,2.4,0,1900
8791,2022-07-27 13:34:00+05:30,2.4,2.4,2.4,2.4,0,1900
8792,2022-07-27 13:35:00+05:30,2.4,2.4,2.4,2.4,0,1900
8793,2022-07-27 13:38:00+05:30,2.4,2.4,2.4,2.4,0,1900
8794,2022-07-27 13:39:00+05:30,2.4,2.4,2.4,2.4,75,1925
8795,2022-07-27 13:40:00+05:30,2.4,2.4,2.4,2.4,0,1925
8796,2022-07-27 13:41:00+05:30,2.4,2.4,2.4,2.4,0,1925
8797,2022-07-27 13:42:00+05:30,2.4,2.4,2.1,2.1,50,1950
8798,2022-07-27 13:43:00+05:30,2.1,2.1,2.1,2.1,0,1950
8799,2022-07-27 13:44:00+05:30,2.1,2.1,2.1,2.1,0,1950
8800,2022-07-27 13:45:00+05:30,2.1,2.1,2.1,2.1,0,1950
8801,2022-07-27 13:46:00+05:30,2.1,2.1,2.1,2.1,0,1950
8802,2022-07-27 13:47:00+05:30,2.1,2.1,2.1,2.1,0,1950
8803,2022-07-27 13:48:00+05:30,2.1,2.1,2.1,2.1,0,1950
8804,2022-07-27 13:49:00+05:30,2.1,2.1,2.1,2.1,0,1925
8805,2022-07-27 13:50:00+05:30,2.1,2.1,2.1,2.1,0,1925
8806,2022-07-27 13:51:00+05:30,2.1,2.1,2.1,2.1,0,1925
8807,2022-07-27 13:52:00+05:30,2.1,2.1,2.1,2.1,0,1925
8808,2022-07-27 13:53:00+05:30,2.1,2.1,2.1,2.1,0,1925
8809,2022-07-27 13:54:00+05:30,2.1,2.1,2.1,2.1,0,1925
8810,2022-07-27 13:55:00+05:30,2.1,2.1,2.1,2.1,0,1925
8811,2022-07-27 13:56:00+05:30,2.1,2.1,2.1,2.1,0,1925
8812,2022-07-27 13:57:00+05:30,2.1,2.1,2.05,2.05,0,1900
8813,2022-07-27 13:58:00+05:30,2.05,2.05,2.05,2.05,0,1900
8814,2022-07-27 13:59:00+05:30,2.05,2.05,2.05,2.05,0,1900
8815,2022-07-27 14:00:00+05:30,2.05,2.05,2.05,2.05,0,1900
8816,2022-07-27 14:01:00+05:30,2.05,2.25,2.05,2.25,50,1850
8817,2022-07-27 14:02:00+05:30,2.25,2.25,2.25,2.25,0,1850
8818,2022-07-27 14:03:00+05:30,2.25,2.25,2.25,2.25,0,1850
8819,2022-07-27 14:04:00+05:30,2.25,2.25,2.25,2.25,0,1850
8820,2022-07-27 14:05:00+05:30,2.25,2.25,2.25,2.25,0,1850
8821,2022-07-27 14:06:00+05:30,2.25,2.25,2.25,2.25,0,1850
8822,2022-07-27 14:07:00+05:30,2.25,2.25,2.25,2.25,0,1850
8823,2022-07-27 14:08:00+05:30,2.25,2.25,2.25,2.25,0,1850
8824,2022-07-27 14:09:00+05:30,2.25,2.25,2.25,2.25,0,1850
8825,2022-07-27 14:10:00+05:30,2.25,2.25,2.25,2.25,0,1850
8826,2022-07-27 14:11:00+05:30,2.25,2.25,2.25,2.25,0,1850
8827,2022-07-27 14:12:00+05:30,2.25,2.25,2.25,2.25,25,1875
8828,2022-07-27 14:13:00+05:30,2.25,2.25,2.25,2.25,0,1875
8829,2022-07-27 14:14:00+05:30,2.25,2.25,2.25,2.25,100,1875
8830,2022-07-27 14:15:00+05:30,2.25,2.25,2.25,2.25,0,1875
8831,2022-07-27 14:16:00+05:30,2.25,2.25,2.25,2.25,0,1875
8832,2022-07-27 14:17:00+05:30,2.25,2.25,2.25,2.25,0,1875
8833,2022-07-27 14:18:00+05:30,2.25,2.25,2.25,2.25,0,1875
8834,2022-07-27 14:19:00+05:30,2.25,2.25,2.25,2.25,0,1875
8835,2022-07-27 14:20:00+05:30,2.25,2.25,2.25,2.25,0,1875
8836,2022-07-27 14:21:00+05:30,2.25,2.25,2.25,2.25,0,1875
8837,2022-07-27 14:22:00+05:30,2.25,2.25,2.25,2.25,0,1875
8838,2022-07-27 14:23:00+05:30,2.25,2.25,2.1,2.1,25,1975
8839,2022-07-27 14:24:00+05:30,2.1,2.1,2.1,2.1,0,1975
8840,2022-07-27 14:25:00+05:30,2.1,2.25,2.1,2.25,150,1950
8841,2022-07-27 14:26:00+05:30,2.25,2.25,2.25,2.25,0,1950
8842,2022-07-27 14:27:00+05:30,2.25,2.25,2.25,2.25,0,1950
8843,2022-07-27 14:28:00+05:30,2.25,2.25,2.05,2.05,200,1975
8844,2022-07-27 14:29:00+05:30,2.05,2.05,2.05,2.05,100,1975
8845,2022-07-27 14:30:00+05:30,2.05,2.05,2.05,2.05,0,1975
8846,2022-07-27 14:31:00+05:30,2.05,2.15,1.9,2.15,250,1800
8847,2022-07-27 14:32:00+05:30,2.15,2.15,1.9,1.9,75,1800
8848,2022-07-27 14:33:00+05:30,1.9,1.9,1.9,1.9,25,2075
8849,2022-07-27 14:34:00+05:30,1.9,1.9,1.9,1.9,0,2075
8850,2022-07-27 14:35:00+05:30,1.9,1.9,1.9,1.9,0,2075
8851,2022-07-27 14:36:00+05:30,1.9,1.9,1.9,1.9,0,2075
8852,2022-07-27 14:37:00+05:30,1.9,2.05,1.7,2.05,125,2075
8853,2022-07-27 14:38:00+05:30,2.05,2.05,2.05,2.05,0,2075
8854,2022-07-27 14:39:00+05:30,2.05,2.05,2.05,2.05,0,2075
8855,2022-07-27 14:40:00+05:30,2.05,2.05,2.05,2.05,0,2075
8856,2022-07-27 14:41:00+05:30,2.05,2.05,1.6,2.0,50,2075
8857,2022-07-27 14:42:00+05:30,2.0,2.0,2.0,2.0,0,2075
8858,2022-07-27 14:43:00+05:30,2.0,2.0,2.0,2.0,0,2075
8859,2022-07-27 14:44:00+05:30,2.0,2.0,2.0,2.0,0,2075
8860,2022-07-27 14:45:00+05:30,2.0,2.0,2.0,2.0,0,2075
8861,2022-07-27 14:46:00+05:30,2.0,2.0,2.0,2.0,0,2075
8862,2022-07-27 14:47:00+05:30,2.0,2.0,2.0,2.0,0,2075
8863,2022-07-27 14:48:00+05:30,2.0,2.0,2.0,2.0,0,2075
8864,2022-07-27 14:49:00+05:30,2.0,2.0,2.0,2.0,0,2075
8865,2022-07-27 14:50:00+05:30,2.0,2.0,2.0,2.0,0,2075
8866,2022-07-27 14:51:00+05:30,2.0,2.0,2.0,2.0,0,2075
8867,2022-07-27 14:52:00+05:30,2.0,2.0,2.0,2.0,0,2075
8868,2022-07-27 14:53:00+05:30,2.0,2.0,2.0,2.0,0,2075
8869,2022-07-27 14:54:00+05:30,2.0,2.0,2.0,2.0,0,2075
8870,2022-07-27 14:55:00+05:30,2.0,2.0,1.8,1.8,125,2075
8871,2022-07-27 14:56:00+05:30,1.8,1.8,1.8,1.8,0,2075
8872,2022-07-27 14:57:00+05:30,1.8,1.8,1.8,1.8,0,2075
8873,2022-07-27 14:58:00+05:30,1.8,1.8,1.8,1.8,0,2075
8874,2022-07-27 14:59:00+05:30,1.8,1.8,1.8,1.8,0,2075
8875,2022-07-27 15:00:00+05:30,1.8,1.8,1.8,1.8,0,2075
8876,2022-07-27 15:01:00+05:30,1.8,1.8,1.8,1.8,0,2075
8877,2022-07-27 15:02:00+05:30,1.8,1.9,1.8,1.9,0,2150
8878,2022-07-27 15:03:00+05:30,1.9,1.9,1.9,1.9,0,2150
8879,2022-07-27 15:04:00+05:30,1.9,1.9,1.9,1.9,0,2150
8880,2022-07-27 15:05:00+05:30,1.9,1.9,1.9,1.9,0,2150
8881,2022-07-27 15:06:00+05:30,1.9,1.9,1.9,1.9,0,2150
8882,2022-07-27 15:07:00+05:30,1.9,1.9,1.9,1.9,0,2150
8883,2022-07-27 15:08:00+05:30,1.8,1.8,1.75,1.75,300,2150
8884,2022-07-27 15:09:00+05:30,1.75,1.75,1.75,1.75,0,2150
8885,2022-07-27 15:10:00+05:30,1.75,1.85,1.75,1.85,0,2425
8886,2022-07-27 15:11:00+05:30,1.85,1.85,1.7,1.7,25,2425
8887,2022-07-27 15:12:00+05:30,1.7,1.7,1.7,1.7,0,2425
8888,2022-07-27 15:13:00+05:30,1.7,1.7,1.6,1.6,300,2475
8889,2022-07-27 15:14:00+05:30,1.6,1.6,1.6,1.6,50,2475
8890,2022-07-27 15:15:00+05:30,1.6,1.6,1.6,1.6,175,2125
8891,2022-07-27 15:16:00+05:30,1.6,1.6,1.6,1.6,0,2125
8892,2022-07-27 15:17:00+05:30,1.6,1.6,1.35,1.5,825,2125
8893,2022-07-27 15:18:00+05:30,1.5,1.5,1.5,1.5,0,2125
8894,2022-07-27 15:19:00+05:30,1.5,1.5,1.5,1.5,0,2125
8895,2022-07-27 15:20:00+05:30,1.5,1.5,1.45,1.45,50,1675
8896,2022-07-27 15:21:00+05:30,1.45,1.45,1.45,1.45,0,1675
8897,2022-07-27 15:22:00+05:30,1.45,1.45,1.4,1.4,25,1675
8898,2022-07-27 15:23:00+05:30,1.4,1.4,1.4,1.4,0,1675
8899,2022-07-27 15:24:00+05:30,1.4,1.45,1.3,1.3,975,1650
8900,2022-07-27 15:25:00+05:30,1.45,1.5,1.35,1.45,425,1650
8901,2022-07-27 15:26:00+05:30,1.45,1.45,1.35,1.35,0,1650
8902,2022-07-27 15:27:00+05:30,1.35,1.35,1.35,1.35,0,1650
8903,2022-07-27 15:28:00+05:30,1.4,1.4,1.25,1.25,275,1625
8904,2022-07-27 15:29:00+05:30,1.25,1.45,1.2,1.2,425,1625
8905,2022-07-28 09:15:00+05:30,1.15,1.2,1.15,1.2,0,1425
8906,2022-07-28 09:16:00+05:30,1.05,1.2,1.05,1.2,550,1425
8907,2022-07-28 09:17:00+05:30,1.2,1.2,0.95,0.95,500,1800
8908,2022-07-28 09:18:00+05:30,0.95,1.05,0.95,1.05,75,1800
8909,2022-07-28 09:19:00+05:30,1.05,1.05,0.95,0.95,125,1800
8910,2022-07-28 09:20:00+05:30,0.95,0.95,0.9,0.9,0,2100
8911,2022-07-28 09:21:00+05:30,0.9,0.9,0.85,0.85,25,2100
8912,2022-07-28 09:22:00+05:30,0.85,1.0,0.85,1.0,25,2100
8913,2022-07-28 09:23:00+05:30,1.0,1.0,0.75,0.75,25,2100
8914,2022-07-28 09:24:00+05:30,0.75,0.75,0.75,0.75,0,2100
8915,2022-07-28 09:25:00+05:30,0.75,0.75,0.75,0.75,0,2100
8916,2022-07-28 09:26:00+05:30,0.75,0.75,0.75,0.75,0,2100
8917,2022-07-28 09:27:00+05:30,0.75,0.75,0.75,0.75,0,2100
8918,2022-07-28 09:28:00+05:30,0.75,0.75,0.75,0.75,0,2100
8919,2022-07-28 09:29:00+05:30,0.75,0.75,0.75,0.75,0,2100
8920,2022-07-28 09:30:00+05:30,0.75,1.0,0.75,0.8,150,2100
8921,2022-07-28 09:31:00+05:30,0.8,0.8,0.75,0.75,250,2100
8922,2022-07-28 09:32:00+05:30,0.75,0.75,0.75,0.75,0,2100
8923,2022-07-28 09:33:00+05:30,0.75,0.95,0.75,0.95,25,2000
8924,2022-07-28 09:34:00+05:30,0.95,0.95,0.95,0.95,0,2000
8925,2022-07-28 09:35:00+05:30,0.95,0.95,0.8,0.8,50,2000
8926,2022-07-28 09:36:00+05:30,0.8,0.8,0.8,0.8,0,2000
8927,2022-07-28 09:37:00+05:30,0.8,0.8,0.8,0.8,0,2000
8928,2022-07-28 09:38:00+05:30,0.8,0.8,0.8,0.8,0,2000
8929,2022-07-28 09:39:00+05:30,0.8,0.8,0.8,0.8,0,2000
8930,2022-07-28 09:40:00+05:30,0.8,0.8,0.8,0.8,0,2000
8931,2022-07-28 09:41:00+05:30,0.8,0.8,0.8,0.8,0,2000
8932,2022-07-28 09:42:00+05:30,0.8,0.8,0.8,0.8,0,2000
8933,2022-07-28 09:43:00+05:30,0.8,0.8,0.8,0.8,0,2000
8934,2022-07-28 09:44:00+05:30,0.8,0.8,0.8,0.8,0,2000
8935,2022-07-28 09:45:00+05:30,0.8,0.8,0.8,0.8,0,2000
8936,2022-07-28 09:46:00+05:30,0.8,0.8,0.8,0.8,0,2000
8937,2022-07-28 09:47:00+05:30,0.8,0.8,0.8,0.8,0,2000
8938,2022-07-28 09:48:00+05:30,0.8,0.8,0.8,0.8,0,2000
8939,2022-07-28 09:49:00+05:30,0.8,0.8,0.8,0.8,0,2000
8940,2022-07-28 09:50:00+05:30,0.8,0.8,0.8,0.8,0,2000
8941,2022-07-28 09:51:00+05:30,0.8,0.9,0.6,0.9,550,1975
8942,2022-07-28 09:52:00+05:30,0.9,1.0,0.9,1.0,350,1975
8943,2022-07-28 09:53:00+05:30,1.0,1.0,1.0,1.0,0,1975
8944,2022-07-28 09:54:00+05:30,1.0,1.0,1.0,1.0,0,1850
8945,2022-07-28 09:55:00+05:30,1.0,1.0,1.0,1.0,0,1850
8946,2022-07-28 09:56:00+05:30,1.0,1.0,0.8,0.8,1225,1875
8947,2022-07-28 09:57:00+05:30,0.8,0.9,0.8,0.9,50,1875
8948,2022-07-28 09:58:00+05:30,0.95,0.95,0.95,0.95,275,1875
8949,2022-07-28 09:59:00+05:30,0.95,0.95,0.95,0.95,0,1875
8950,2022-07-28 10:00:00+05:30,0.95,0.95,0.95,0.95,0,1875
8951,2022-07-28 10:01:00+05:30,0.95,0.95,0.95,0.95,0,1875
8952,2022-07-28 10:02:00+05:30,0.95,0.95,0.95,0.95,0,1875
8953,2022-07-28 10:03:00+05:30,0.95,0.95,0.95,0.95,0,1875
8954,2022-07-28 10:04:00+05:30,0.95,0.95,0.95,0.95,0,1875
8955,2022-07-28 10:05:00+05:30,0.95,0.95,0.95,0.95,0,1875
8956,2022-07-28 10:06:00+05:30,0.95,0.95,0.95,0.95,0,1875
8957,2022-07-28 10:07:00+05:30,0.95,0.95,0.95,0.95,0,1875
8958,2022-07-28 10:08:00+05:30,0.95,0.95,0.85,0.85,50,2725
8959,2022-07-28 10:09:00+05:30,0.85,0.85,0.85,0.85,0,2725
8960,2022-07-28 10:10:00+05:30,0.8,1.0,0.8,1.0,575,2725
8961,2022-07-28 10:11:00+05:30,1.0,1.0,1.0,1.0,0,2725
8962,2022-07-28 10:12:00+05:30,1.0,1.0,1.0,1.0,0,2725
8963,2022-07-28 10:13:00+05:30,1.0,1.0,1.0,1.0,0,2725
8964,2022-07-28 10:14:00+05:30,1.0,1.0,1.0,1.0,0,2725
8965,2022-07-28 10:15:00+05:30,1.0,1.0,1.0,1.0,0,2725
8966,2022-07-28 10:16:00+05:30,1.0,1.05,1.0,1.05,150,2250
8967,2022-07-28 10:17:00+05:30,1.05,1.1,0.9,1.0,275,2250
8968,2022-07-28 10:18:00+05:30,1.0,1.0,1.0,1.0,0,2250
8969,2022-07-28 10:19:00+05:30,1.0,1.05,0.55,1.0,1500,2650
8970,2022-07-28 10:20:00+05:30,1.0,1.0,1.0,1.0,0,2650
8971,2022-07-28 10:21:00+05:30,1.0,1.0,1.0,1.0,0,2650
8972,2022-07-28 10:22:00+05:30,1.0,1.0,1.0,1.0,0,2650
8973,2022-07-28 10:23:00+05:30,1.0,1.0,1.0,1.0,0,2650
8974,2022-07-28 10:24:00+05:30,1.0,1.0,1.0,1.0,0,2650
8975,2022-07-28 10:25:00+05:30,1.0,1.0,1.0,1.0,0,1650
8976,2022-07-28 10:26:00+05:30,1.0,1.05,1.0,1.0,700,2300
8977,2022-07-28 10:27:00+05:30,1.0,1.0,1.0,1.0,75,2300
8978,2022-07-28 10:28:00+05:30,1.0,1.0,1.0,1.0,25,2300
8979,2022-07-28 10:29:00+05:30,1.0,1.15,0.9,1.15,275,2375
8980,2022-07-28 10:30:00+05:30,1.15,1.15,0.85,0.9,50,2375
8981,2022-07-28 10:31:00+05:30,0.9,1.45,0.9,1.45,1525,2375
8982,2022-07-28 10:32:00+05:30,1.45,1.45,1.3,1.3,25,2250
8983,2022-07-28 10:33:00+05:30,1.3,1.3,1.3,1.3,25,2250
8984,2022-07-28 10:34:00+05:30,1.3,1.3,1.3,1.3,0,2250
8985,2022-07-28 10:35:00+05:30,1.3,1.4,1.3,1.4,125,2175
8986,2022-07-28 10:36:00+05:30,1.3,1.4,1.3,1.3,50,2175
8987,2022-07-28 10:37:00+05:30,1.3,1.4,1.3,1.3,100,2175
8988,2022-07-28 10:38:00+05:30,1.3,1.3,1.2,1.2,350,2175
8989,2022-07-28 10:39:00+05:30,1.2,1.2,1.2,1.2,225,2000
8990,2022-07-28 10:40:00+05:30,1.2,1.2,1.2,1.2,0,2000
8991,2022-07-28 10:41:00+05:30,1.2,1.2,1.2,1.2,475,2175
8992,2022-07-28 10:42:00+05:30,1.2,1.45,1.2,1.45,2125,2175
8993,2022-07-28 10:43:00+05:30,1.45,1.55,1.45,1.55,25,2175
8994,2022-07-28 10:44:00+05:30,1.55,1.55,1.45,1.45,100,2925
8995,2022-07-28 10:45:00+05:30,1.45,1.45,1.4,1.4,25,2925
8996,2022-07-28 10:46:00+05:30,1.4,1.4,1.3,1.3,550,2925
8997,2022-07-28 10:47:00+05:30,1.3,1.4,1.2,1.2,200,3100
8998,2022-07-28 10:48:00+05:30,1.2,1.2,1.2,1.2,0,3100
8999,2022-07-28 10:49:00+05:30,1.2,1.2,1.2,1.2,150,3100
9000,2022-07-28 10:50:00+05:30,1.2,1.2,1.15,1.15,450,3100
9001,2022-07-28 10:51:00+05:30,1.15,1.2,1.15,1.2,250,3075
9002,2022-07-28 10:52:00+05:30,1.2,1.2,1.2,1.2,0,3075
9003,2022-07-28 10:53:00+05:30,1.2,1.2,1.2,1.2,0,3075
9004,2022-07-28 10:54:00+05:30,1.2,1.2,1.2,1.2,0,3075
9005,2022-07-28 10:55:00+05:30,1.2,1.2,1.2,1.2,0,3075
9006,2022-07-28 10:56:00+05:30,1.2,1.2,1.15,1.15,200,2925
9007,2022-07-28 10:57:00+05:30,1.05,1.05,1.0,1.0,25,3025
9008,2022-07-28 10:58:00+05:30,1.0,1.05,1.0,1.05,350,3025
9009,2022-07-28 10:59:00+05:30,1.05,1.05,1.0,1.0,500,3575
9010,2022-07-28 11:00:00+05:30,1.0,1.0,1.0,1.0,25,3575
9011,2022-07-28 11:01:00+05:30,1.0,1.0,1.0,1.0,275,3575
9012,2022-07-28 11:02:00+05:30,1.0,1.0,1.0,1.0,225,3575
9013,2022-07-28 11:03:00+05:30,1.0,1.0,1.0,1.0,0,3575
9014,2022-07-28 11:04:00+05:30,1.0,1.0,1.0,1.0,0,3575
9015,2022-07-28 11:05:00+05:30,1.05,1.05,1.05,1.05,50,4500
9016,2022-07-28 11:06:00+05:30,1.05,1.05,1.05,1.05,0,4500
9017,2022-07-28 11:07:00+05:30,1.15,1.35,1.15,1.2,2400,4450
9018,2022-07-28 11:08:00+05:30,1.1,1.1,1.1,1.1,0,4450
9019,2022-07-28 11:09:00+05:30,1.1,1.1,1.1,1.1,200,6225
9020,2022-07-28 11:10:00+05:30,1.1,1.1,0.95,1.05,2150,6225
9021,2022-07-28 11:11:00+05:30,1.05,1.05,1.05,1.05,0,6225
9022,2022-07-28 11:12:00+05:30,1.05,1.05,1.05,1.05,0,6225
9023,2022-07-28 11:13:00+05:30,1.05,1.05,1.05,1.05,0,6225
9024,2022-07-28 11:14:00+05:30,1.05,1.05,1.05,1.05,0,6225
9025,2022-07-28 11:15:00+05:30,1.05,1.05,1.05,1.05,25,5825
9026,2022-07-28 11:16:00+05:30,1.05,1.05,1.05,1.05,0,5825
9027,2022-07-28 11:17:00+05:30,1.05,1.05,1.05,1.05,0,5825
9028,2022-07-28 11:18:00+05:30,1.05,1.05,1.05,1.05,0,5825
9029,2022-07-28 11:19:00+05:30,1.05,1.05,1.05,1.05,0,5825
9030,2022-07-28 11:20:00+05:30,1.05,1.05,1.05,1.05,0,5825
9031,2022-07-28 11:21:00+05:30,1.05,1.05,1.0,1.0,775,5850
9032,2022-07-28 11:22:00+05:30,1.0,1.1,1.0,1.1,200,5850
9033,2022-07-28 11:23:00+05:30,1.1,1.1,1.1,1.1,0,5850
9034,2022-07-28 11:24:00+05:30,1.1,1.1,1.1,1.1,0,5850
9035,2022-07-28 11:25:00+05:30,1.1,1.1,1.1,1.1,0,5850
9036,2022-07-28 11:26:00+05:30,1.1,1.1,1.1,1.1,0,5850
9037,2022-07-28 11:27:00+05:30,1.1,1.1,1.1,1.1,0,5850
9038,2022-07-28 11:28:00+05:30,1.1,1.1,0.95,0.95,125,5300
9039,2022-07-28 11:29:00+05:30,0.95,0.95,0.9,0.9,50,5300
9040,2022-07-28 11:30:00+05:30,0.9,0.9,0.9,0.9,0,5300
9041,2022-07-28 11:31:00+05:30,0.9,0.9,0.9,0.9,0,5300
9042,2022-07-28 11:32:00+05:30,0.9,0.9,0.9,0.9,0,5300
9043,2022-07-28 11:33:00+05:30,1.05,1.05,1.05,1.05,50,5300
9044,2022-07-28 11:34:00+05:30,1.05,1.05,1.05,1.05,0,5300
9045,2022-07-28 11:35:00+05:30,1.05,1.05,1.05,1.05,0,5300
9046,2022-07-28 11:36:00+05:30,1.05,1.05,1.05,1.05,0,5300
9047,2022-07-28 11:37:00+05:30,1.05,1.15,1.05,1.05,225,5275
9048,2022-07-28 11:38:00+05:30,1.05,1.05,1.05,1.05,0,5275
9049,2022-07-28 11:39:00+05:30,1.05,1.05,1.05,1.05,0,5275
9050,2022-07-28 11:40:00+05:30,1.05,1.1,1.05,1.1,0,5250
9051,2022-07-28 11:41:00+05:30,1.1,1.2,1.1,1.2,50,5250
9052,2022-07-28 11:42:00+05:30,1.05,1.05,1.05,1.05,100,5300
9053,2022-07-28 11:44:00+05:30,1.05,1.05,1.05,1.05,0,5300
9054,2022-07-28 11:45:00+05:30,1.05,1.05,0.95,0.95,1425,5325
9055,2022-07-28 11:46:00+05:30,0.95,0.95,0.95,0.95,0,5325
9056,2022-07-28 11:47:00+05:30,0.95,1.0,0.9,0.9,25,4825
9057,2022-07-28 11:48:00+05:30,0.9,0.9,0.9,0.9,0,4825
9058,2022-07-28 11:49:00+05:30,0.9,0.9,0.9,0.9,0,4825
9059,2022-07-28 11:50:00+05:30,0.9,0.9,0.9,0.9,0,4825
9060,2022-07-28 11:51:00+05:30,0.9,0.9,0.9,0.9,0,4825
9061,2022-07-28 11:52:00+05:30,0.9,0.9,0.9,0.9,0,4825
9062,2022-07-28 11:53:00+05:30,0.9,0.9,0.9,0.9,0,4825
9063,2022-07-28 11:54:00+05:30,0.9,0.9,0.9,0.9,0,4825
9064,2022-07-28 11:55:00+05:30,0.9,0.9,0.9,0.9,0,4825
9065,2022-07-28 11:56:00+05:30,0.9,0.9,0.9,0.9,0,4825
9066,2022-07-28 11:57:00+05:30,0.9,0.9,0.9,0.9,0,4825
9067,2022-07-28 11:58:00+05:30,0.9,0.9,0.9,0.9,0,4825
9068,2022-07-28 11:59:00+05:30,0.9,0.9,0.9,0.9,0,4825
9069,2022-07-28 12:00:00+05:30,0.9,0.9,0.9,0.9,0,4825
9070,2022-07-28 12:01:00+05:30,0.9,0.9,0.9,0.9,0,4825
9071,2022-07-28 12:02:00+05:30,0.9,0.9,0.9,0.9,3225,4800
9072,2022-07-28 12:03:00+05:30,0.9,0.9,0.9,0.9,50,7600
9073,2022-07-28 12:04:00+05:30,0.9,0.95,0.9,0.9,2475,7600
9074,2022-07-28 12:05:00+05:30,0.9,0.9,0.9,0.9,0,7600
9075,2022-07-28 12:06:00+05:30,0.9,0.9,0.9,0.9,0,7600
9076,2022-07-28 12:07:00+05:30,0.9,0.9,0.9,0.9,400,10475
9077,2022-07-28 12:08:00+05:30,0.9,0.9,0.9,0.9,0,10475
9078,2022-07-28 12:09:00+05:30,0.9,0.9,0.9,0.9,0,10475
9079,2022-07-28 12:10:00+05:30,0.9,0.9,0.9,0.9,600,10475
9080,2022-07-28 12:11:00+05:30,0.9,0.9,0.9,0.9,25,10475
9081,2022-07-28 12:12:00+05:30,0.9,0.9,0.9,0.9,75,11100
9082,2022-07-28 12:13:00+05:30,0.9,0.9,0.9,0.9,0,11100
9083,2022-07-28 12:14:00+05:30,0.9,0.9,0.9,0.9,0,11100
9084,2022-07-28 12:15:00+05:30,0.9,0.9,0.9,0.9,0,11100
9085,2022-07-28 12:16:00+05:30,0.9,0.9,0.7,0.7,1200,11175
9086,2022-07-28 12:17:00+05:30,0.7,0.75,0.7,0.75,1200,11175
9087,2022-07-28 12:18:00+05:30,0.75,0.75,0.65,0.65,1200,9375
9088,2022-07-28 12:19:00+05:30,0.65,0.75,0.65,0.7,3075,9375
9089,2022-07-28 12:20:00+05:30,0.7,0.75,0.7,0.75,50,9375
9090,2022-07-28 12:21:00+05:30,0.7,0.75,0.7,0.75,1225,6425
9091,2022-07-28 12:22:00+05:30,0.75,0.85,0.7,0.75,3475,6425
9092,2022-07-28 12:23:00+05:30,0.75,0.75,0.75,0.75,0,6425
9093,2022-07-28 12:24:00+05:30,0.75,0.85,0.7,0.85,450,5525
9094,2022-07-28 12:25:00+05:30,0.85,0.85,0.65,0.65,1325,5525
9095,2022-07-28 12:26:00+05:30,0.65,0.75,0.55,0.6,700,5525
9096,2022-07-28 12:27:00+05:30,0.6,0.7,0.45,0.6,1725,4750
9097,2022-07-28 12:28:00+05:30,0.6,0.65,0.5,0.65,2075,4750
9098,2022-07-28 12:29:00+05:30,0.65,0.65,0.5,0.5,200,4750
9099,2022-07-28 12:30:00+05:30,0.5,0.5,0.5,0.5,0,4750
9100,2022-07-28 12:31:00+05:30,0.5,0.5,0.5,0.5,0,4750
9101,2022-07-28 12:32:00+05:30,0.5,0.5,0.5,0.5,0,4750
9102,2022-07-28 12:33:00+05:30,0.5,0.65,0.5,0.65,1600,3950
9103,2022-07-28 12:34:00+05:30,0.65,0.75,0.65,0.75,250,3950
9104,2022-07-28 12:35:00+05:30,0.75,0.75,0.6,0.75,775,3950
9105,2022-07-28 12:36:00+05:30,0.75,0.75,0.75,0.75,0,3950
9106,2022-07-28 12:37:00+05:30,0.75,0.75,0.6,0.6,0,4500
9107,2022-07-28 12:38:00+05:30,0.6,0.75,0.6,0.75,50,4500
9108,2022-07-28 12:39:00+05:30,0.75,0.75,0.55,0.55,1175,4425
9109,2022-07-28 12:40:00+05:30,0.55,0.65,0.55,0.65,50,4425
9110,2022-07-28 12:41:00+05:30,0.65,0.65,0.5,0.5,25,4425
9111,2022-07-28 12:42:00+05:30,0.65,0.65,0.65,0.65,100,3775
9112,2022-07-28 12:43:00+05:30,0.65,0.65,0.65,0.65,0,3775
9113,2022-07-28 12:44:00+05:30,0.65,0.65,0.65,0.65,0,3775
9114,2022-07-28 12:45:00+05:30,0.65,0.65,0.65,0.65,0,3775
9115,2022-07-28 12:46:00+05:30,0.65,0.65,0.5,0.5,125,3775
9116,2022-07-28 12:47:00+05:30,0.5,0.5,0.5,0.5,0,3775
9117,2022-07-28 12:48:00+05:30,0.5,0.5,0.5,0.5,0,3775
9118,2022-07-28 12:50:00+05:30,0.5,0.5,0.5,0.5,0,3775
9119,2022-07-28 12:51:00+05:30,0.5,0.5,0.5,0.5,0,3775
9120,2022-07-28 12:52:00+05:30,0.5,0.5,0.5,0.5,0,3775
9121,2022-07-28 12:53:00+05:30,0.5,0.65,0.5,0.65,25,3775
9122,2022-07-28 12:54:00+05:30,0.65,0.65,0.65,0.65,0,3775
9123,2022-07-28 12:55:00+05:30,0.65,0.65,0.65,0.65,0,3775
9124,2022-07-28 12:56:00+05:30,0.65,0.65,0.65,0.65,0,3775
9125,2022-07-28 12:57:00+05:30,0.65,0.65,0.65,0.65,0,3775
9126,2022-07-28 12:58:00+05:30,0.65,0.65,0.65,0.65,0,3775
9127,2022-07-28 12:59:00+05:30,0.65,0.65,0.5,0.5,750,3775
9128,2022-07-28 13:00:00+05:30,0.5,0.5,0.5,0.5,0,3775
9129,2022-07-28 13:01:00+05:30,0.5,0.5,0.5,0.5,0,3775
9130,2022-07-28 13:02:00+05:30,0.7,0.7,0.7,0.7,475,3900
9131,2022-07-28 13:03:00+05:30,0.65,0.9,0.65,0.9,1525,3900
9132,2022-07-28 13:04:00+05:30,0.75,0.85,0.75,0.85,475,3900
9133,2022-07-28 13:05:00+05:30,0.85,0.85,0.85,0.85,775,3900
9134,2022-07-28 13:06:00+05:30,0.8,1.0,0.75,0.75,1275,4425
9135,2022-07-28 13:07:00+05:30,0.75,0.95,0.55,0.85,1675,4425
9136,2022-07-28 13:08:00+05:30,0.85,0.85,0.55,0.55,25,4425
9137,2022-07-28 13:09:00+05:30,0.65,0.7,0.55,0.55,75,4600
9138,2022-07-28 13:10:00+05:30,0.65,0.7,0.55,0.65,275,4600
9139,2022-07-28 13:11:00+05:30,0.65,0.8,0.6,0.8,125,4600
9140,2022-07-28 13:12:00+05:30,0.8,0.8,0.8,0.8,0,4600
9141,2022-07-28 13:13:00+05:30,0.8,0.8,0.8,0.8,0,4600
9142,2022-07-28 13:14:00+05:30,0.8,0.8,0.65,0.65,425,4450
9143,2022-07-28 13:15:00+05:30,0.65,0.65,0.65,0.65,0,4450
9144,2022-07-28 13:16:00+05:30,0.65,0.65,0.5,0.6,275,4025
9145,2022-07-28 13:17:00+05:30,0.6,0.6,0.5,0.5,0,4025
9146,2022-07-28 13:18:00+05:30,0.5,0.65,0.5,0.65,1400,4000
9147,2022-07-28 13:19:00+05:30,0.65,0.65,0.65,0.65,0,4000
9148,2022-07-28 13:20:00+05:30,0.65,0.65,0.5,0.5,50,4000
9149,2022-07-28 13:21:00+05:30,0.5,0.7,0.5,0.7,50,4150
9150,2022-07-28 13:22:00+05:30,0.7,0.7,0.65,0.65,25,4150
9151,2022-07-28 13:23:00+05:30,0.65,0.65,0.45,0.45,550,4150
9152,2022-07-28 13:24:00+05:30,0.45,0.55,0.4,0.55,250,3950
9153,2022-07-28 13:25:00+05:30,0.55,0.55,0.5,0.5,25,3950
9154,2022-07-28 13:26:00+05:30,0.5,0.5,0.5,0.5,25,3950
9155,2022-07-28 13:27:00+05:30,0.5,0.5,0.5,0.5,0,3950
9156,2022-07-28 13:28:00+05:30,0.5,0.5,0.5,0.5,0,3950
9157,2022-07-28 13:29:00+05:30,0.5,0.5,0.5,0.5,0,3950
9158,2022-07-28 13:30:00+05:30,0.5,0.5,0.5,0.5,0,3950
9159,2022-07-28 13:32:00+05:30,0.5,0.5,0.5,0.5,0,3950
9160,2022-07-28 13:33:00+05:30,0.5,0.65,0.5,0.65,325,3850
9161,2022-07-28 13:34:00+05:30,0.65,0.65,0.65,0.65,0,3850
9162,2022-07-28 13:35:00+05:30,0.65,0.75,0.65,0.75,25,3850
9163,2022-07-28 13:36:00+05:30,0.65,0.7,0.65,0.7,75,4075
9164,2022-07-28 13:37:00+05:30,0.7,0.7,0.7,0.7,0,4075
9165,2022-07-28 13:38:00+05:30,0.7,0.7,0.7,0.7,0,4075
9166,2022-07-28 13:39:00+05:30,0.7,0.7,0.7,0.7,0,4075
9167,2022-07-28 13:40:00+05:30,0.7,0.7,0.7,0.7,0,4075
9168,2022-07-28 13:41:00+05:30,0.7,0.7,0.7,0.7,0,4075
9169,2022-07-28 13:42:00+05:30,0.7,0.7,0.7,0.7,0,4075
9170,2022-07-28 13:43:00+05:30,0.7,0.7,0.7,0.7,0,4075
9171,2022-07-28 13:44:00+05:30,0.7,0.7,0.7,0.7,0,4075
9172,2022-07-28 13:45:00+05:30,0.7,0.7,0.7,0.7,0,4075
9173,2022-07-28 13:46:00+05:30,0.7,0.7,0.4,0.4,250,4075
9174,2022-07-28 13:47:00+05:30,0.4,0.45,0.3,0.45,700,4075
9175,2022-07-28 13:48:00+05:30,0.45,0.45,0.45,0.45,25,4075
9176,2022-07-28 13:49:00+05:30,0.45,0.45,0.45,0.45,0,4075
9177,2022-07-28 13:50:00+05:30,0.45,0.45,0.45,0.45,0,4075
9178,2022-07-28 13:52:00+05:30,0.45,0.45,0.45,0.45,0,4075
9179,2022-07-28 13:53:00+05:30,0.45,0.45,0.4,0.4,400,3875
9180,2022-07-28 13:54:00+05:30,0.2,0.2,0.2,0.2,0,3875
9181,2022-07-28 13:55:00+05:30,0.2,0.2,0.2,0.2,0,3875
9182,2022-07-28 13:56:00+05:30,0.2,0.2,0.2,0.2,0,3875
9183,2022-07-28 13:57:00+05:30,0.2,0.2,0.2,0.2,0,3875
9184,2022-07-28 13:58:00+05:30,0.2,0.2,0.2,0.2,0,3875
9185,2022-07-28 13:59:00+05:30,0.2,0.2,0.2,0.2,0,3875
9186,2022-07-28 14:00:00+05:30,0.2,0.2,0.2,0.2,0,3875
9187,2022-07-28 14:01:00+05:30,0.2,0.2,0.2,0.2,0,3875
9188,2022-07-28 14:02:00+05:30,0.2,0.2,0.2,0.2,0,3875
9189,2022-07-28 14:03:00+05:30,0.2,0.2,0.2,0.2,0,3875
9190,2022-07-28 14:04:00+05:30,0.2,0.2,0.2,0.2,0,3875
9191,2022-07-28 14:05:00+05:30,0.2,0.2,0.2,0.2,0,3875
9192,2022-07-28 14:06:00+05:30,0.2,0.2,0.2,0.2,0,3875
9193,2022-07-28 14:07:00+05:30,0.2,0.35,0.2,0.35,50,3875
9194,2022-07-28 14:08:00+05:30,0.35,0.35,0.35,0.35,0,3875
9195,2022-07-28 14:09:00+05:30,0.35,0.35,0.35,0.35,0,3875
9196,2022-07-28 14:10:00+05:30,0.35,0.35,0.35,0.35,0,3875
9197,2022-07-28 14:11:00+05:30,0.35,0.35,0.35,0.35,0,3875
9198,2022-07-28 14:12:00+05:30,0.35,0.35,0.35,0.35,0,3875
9199,2022-07-28 14:13:00+05:30,0.35,0.35,0.35,0.35,50,3875
9200,2022-07-28 14:14:00+05:30,0.35,0.35,0.35,0.35,0,3875
9201,2022-07-28 14:15:00+05:30,0.35,0.35,0.35,0.35,0,3875
9202,2022-07-28 14:16:00+05:30,0.35,0.35,0.35,0.35,0,3875
9203,2022-07-28 14:17:00+05:30,0.35,0.35,0.35,0.35,0,3875
9204,2022-07-28 14:18:00+05:30,0.35,0.35,0.35,0.35,0,3875
9205,2022-07-28 14:19:00+05:30,0.35,0.35,0.35,0.35,0,3875
9206,2022-07-28 14:20:00+05:30,0.25,0.25,0.25,0.25,125,3825
9207,2022-07-28 14:21:00+05:30,0.25,0.25,0.15,0.15,875,3825
9208,2022-07-28 14:22:00+05:30,0.15,0.15,0.15,0.15,0,3825
9209,2022-07-28 14:23:00+05:30,0.15,0.15,0.15,0.15,0,3825
9210,2022-07-28 14:24:00+05:30,0.15,0.15,0.15,0.15,0,3825
9211,2022-07-28 14:27:00+05:30,0.25,0.25,0.25,0.25,0,3075
9212,2022-07-28 14:28:00+05:30,0.2,0.2,0.1,0.1,75,3075
9213,2022-07-28 14:29:00+05:30,0.1,0.1,0.1,0.1,0,3075
9214,2022-07-28 14:30:00+05:30,0.1,0.1,0.1,0.1,0,3075
9215,2022-07-28 14:31:00+05:30,0.1,0.1,0.1,0.1,0,3075
9216,2022-07-28 14:32:00+05:30,0.1,0.1,0.1,0.1,0,3075
9217,2022-07-28 14:33:00+05:30,0.1,0.1,0.1,0.1,0,3075
9218,2022-07-28 14:34:00+05:30,0.1,0.1,0.1,0.1,0,3075
9219,2022-07-28 14:35:00+05:30,0.1,0.25,0.1,0.25,50,3075
9220,2022-07-28 14:36:00+05:30,0.25,0.25,0.25,0.25,0,3075
9221,2022-07-28 14:37:00+05:30,0.25,0.25,0.25,0.25,0,3075
9222,2022-07-28 14:38:00+05:30,0.25,0.25,0.15,0.15,100,3075
9223,2022-07-28 14:39:00+05:30,0.15,0.15,0.15,0.15,0,3075
9224,2022-07-28 14:40:00+05:30,0.15,0.15,0.15,0.15,0,3075
9225,2022-07-28 14:41:00+05:30,0.15,0.15,0.15,0.15,0,3075
9226,2022-07-28 14:42:00+05:30,0.15,0.15,0.15,0.15,0,3075
9227,2022-07-28 14:43:00+05:30,0.15,0.15,0.15,0.15,0,3075
9228,2022-07-28 14:44:00+05:30,0.15,0.15,0.15,0.15,0,3075
9229,2022-07-28 14:45:00+05:30,0.15,0.15,0.15,0.15,0,3075
9230,2022-07-28 14:46:00+05:30,0.15,0.15,0.15,0.15,0,3075
9231,2022-07-28 14:47:00+05:30,0.15,0.15,0.15,0.15,0,3075
9232,2022-07-28 14:48:00+05:30,0.15,0.3,0.15,0.3,125,3075
9233,2022-07-28 14:49:00+05:30,0.3,0.3,0.15,0.15,50,3075
9234,2022-07-28 14:50:00+05:30,0.15,0.15,0.15,0.15,0,3075
9235,2022-07-28 14:51:00+05:30,0.15,0.15,0.15,0.15,0,3075
9236,2022-07-28 14:53:00+05:30,0.15,0.15,0.15,0.15,0,3075
9237,2022-07-28 14:54:00+05:30,0.15,0.15,0.15,0.15,0,3075
9238,2022-07-28 14:55:00+05:30,0.15,0.15,0.15,0.15,25,3075
9239,2022-07-28 14:56:00+05:30,0.2,0.4,0.2,0.4,75,3075
9240,2022-07-28 14:57:00+05:30,0.2,0.2,0.2,0.2,0,3075
9241,2022-07-28 14:59:00+05:30,0.2,0.2,0.2,0.2,0,3075
9242,2022-07-28 15:00:00+05:30,0.2,0.2,0.2,0.2,25,3150
9243,2022-07-28 15:01:00+05:30,0.2,0.2,0.2,0.2,0,3150
9244,2022-07-28 15:02:00+05:30,0.2,0.2,0.2,0.2,0,3150
9245,2022-07-28 15:03:00+05:30,0.2,0.2,0.2,0.2,0,3150
9246,2022-07-28 15:04:00+05:30,0.2,0.2,0.2,0.2,0,3150
9247,2022-07-28 15:05:00+05:30,0.2,0.2,0.2,0.2,0,3150
9248,2022-07-28 15:06:00+05:30,0.2,0.2,0.2,0.2,50,3200
9249,2022-07-28 15:07:00+05:30,0.2,0.2,0.2,0.2,0,3200
9250,2022-07-28 15:08:00+05:30,0.2,0.2,0.2,0.2,25,3200
9251,2022-07-28 15:09:00+05:30,0.2,0.2,0.2,0.2,0,3200
9252,2022-07-28 15:10:00+05:30,0.2,0.2,0.2,0.2,0,3200
9253,2022-07-28 15:11:00+05:30,0.2,0.2,0.15,0.15,225,3250
9254,2022-07-28 15:12:00+05:30,0.15,0.15,0.15,0.15,0,3250
9255,2022-07-28 15:13:00+05:30,0.15,0.15,0.15,0.15,0,3250
9256,2022-07-28 15:14:00+05:30,0.15,0.15,0.15,0.15,0,3250
9257,2022-07-28 15:15:00+05:30,0.15,0.15,0.15,0.15,400,3800
9258,2022-07-28 15:16:00+05:30,0.15,0.15,0.15,0.15,75,3800
9259,2022-07-28 15:17:00+05:30,0.15,0.15,0.15,0.15,25,3800
9260,2022-07-28 15:18:00+05:30,0.15,0.15,0.15,0.15,0,3800
9261,2022-07-28 15:22:00+05:30,0.1,0.1,0.1,0.1,300,4000
9262,2022-07-28 15:23:00+05:30,0.1,0.1,0.1,0.1,0,4000
9263,2022-07-28 15:24:00+05:30,0.1,0.1,0.1,0.1,0,4000
9264,2022-07-28 15:28:00+05:30,0.1,0.1,0.1,0.1,0,4000
9265,2022-07-28 15:29:00+05:30,0.1,0.1,0.1,0.1,0,4000
