,datetime,open,high,low,close,volume,oi,vwap,best_bid,best_offer
0,2021-04-19 09:15:00,-1.0,-1.0,-1.0,-1.0,-1,-1,-1.0,-1.0,-1.0
1,2021-04-19 09:16:00,-1.0,-1.0,-1.0,-1.0,-1,-1,-1.0,-1.0,-1.0
2,2021-04-19 09:17:00,-1.0,-1.0,-1.0,-1.0,-1,-1,-1.0,-1.0,-1.0
3,2021-04-19 09:18:00,-1.0,-1.0,-1.0,-1.0,-1,-1,-1.0,-1.0,-1.0
4,2021-04-19 09:19:00,-1.0,-1.0,-1.0,-1.0,-1,-1,-1.0,-1.0,-1.0
5,2021-04-19 09:20:00,-1.0,-1.0,-1.0,-1.0,-1,-1,-1.0,-1.0,-1.0
6,2021-04-19 09:21:00,-1.0,-1.0,-1.0,-1.0,-1,-1,-1.0,-1.0,-1.0
7,2021-04-19 09:22:00,-1.0,-1.0,-1.0,-1.0,-1,-1,-1.0,-1.0,-1.0
8,2021-04-19 09:23:00,-1.0,-1.0,-1.0,-1.0,-1,-1,-1.0,-1.0,-1.0
9,2021-04-19 09:24:00,-1.0,-1.0,-1.0,-1.0,-1,-1,-1.0,-1.0,-1.0
10,2021-04-19 09:25:00,-1.0,-1.0,-1.0,-1.0,-1,-1,-1.0,-1.0,-1.0
11,2021-04-19 09:26:00,-1.0,-1.0,-1.0,-1.0,-1,-1,-1.0,-1.0,-1.0
12,2021-04-19 09:27:00,-1.0,-1.0,-1.0,-1.0,-1,-1,-1.0,-1.0,-1.0
13,2021-04-19 09:28:00,-1.0,-1.0,-1.0,-1.0,-1,-1,-1.0,-1.0,-1.0
14,2021-04-19 09:29:00,-1.0,-1.0,-1.0,-1.0,-1,-1,-1.0,-1.0,-1.0
15,2021-04-19 09:30:00,-1.0,-1.0,-1.0,-1.0,-1,-1,-1.0,-1.0,-1.0
16,2021-04-19 09:31:00,-1.0,-1.0,-1.0,-1.0,-1,-1,-1.0,-1.0,-1.0
17,2021-04-19 09:32:00,-1.0,-1.0,-1.0,-1.0,-1,-1,-1.0,-1.0,-1.0
18,2021-04-19 09:33:00,-1.0,-1.0,-1.0,-1.0,-1,-1,-1.0,-1.0,-1.0
19,2021-04-19 09:34:00,-1.0,-1.0,-1.0,-1.0,-1,-1,-1.0,-1.0,-1.0
20,2021-04-19 09:35:00,-1.0,-1.0,-1.0,-1.0,-1,-1,-1.0,-1.0,-1.0
21,2021-04-19 09:36:00,-1.0,-1.0,-1.0,-1.0,-1,-1,-1.0,-1.0,-1.0
22,2021-04-19 09:37:00,-1.0,-1.0,-1.0,-1.0,-1,-1,-1.0,-1.0,-1.0
23,2021-04-19 09:38:00,-1.0,-1.0,-1.0,-1.0,-1,-1,-1.0,-1.0,-1.0
24,2021-04-19 09:39:00,-1.0,-1.0,-1.0,-1.0,-1,-1,-1.0,-1.0,-1.0
25,2021-04-19 09:40:00,-1.0,-1.0,-1.0,-1.0,-1,-1,-1.0,-1.0,-1.0
26,2021-04-19 09:41:00,-1.0,-1.0,-1.0,-1.0,-1,-1,-1.0,-1.0,-1.0
27,2021-04-19 09:42:00,-1.0,-1.0,-1.0,-1.0,-1,-1,-1.0,-1.0,-1.0
28,2021-04-19 09:43:00,-1.0,-1.0,-1.0,-1.0,-1,-1,-1.0,-1.0,-1.0
29,2021-04-19 09:44:00,-1.0,-1.0,-1.0,-1.0,-1,-1,-1.0,-1.0,-1.0
30,2021-04-19 09:45:00,-1.0,-1.0,-1.0,-1.0,-1,-1,-1.0,-1.0,-1.0
31,2021-04-19 09:46:00,-1.0,-1.0,-1.0,-1.0,-1,-1,-1.0,-1.0,-1.0
32,2021-04-19 09:47:00,-1.0,-1.0,-1.0,-1.0,-1,-1,-1.0,-1.0,-1.0
33,2021-04-19 09:48:00,-1.0,-1.0,-1.0,-1.0,-1,-1,-1.0,-1.0,-1.0
34,2021-04-19 09:49:00,-1.0,-1.0,-1.0,-1.0,-1,-1,-1.0,-1.0,-1.0
35,2021-04-19 09:50:00,-1.0,-1.0,-1.0,-1.0,-1,-1,-1.0,-1.0,-1.0
36,2021-04-19 09:51:00,-1.0,-1.0,-1.0,-1.0,-1,-1,-1.0,-1.0,-1.0
37,2021-04-19 09:52:00,-1.0,-1.0,-1.0,-1.0,-1,-1,-1.0,-1.0,-1.0
38,2021-04-19 09:53:00,-1.0,-1.0,-1.0,-1.0,-1,-1,-1.0,-1.0,-1.0
39,2021-04-19 09:54:00,-1.0,-1.0,-1.0,-1.0,-1,-1,-1.0,-1.0,-1.0
40,2021-04-19 09:55:00,-1.0,-1.0,-1.0,-1.0,-1,-1,-1.0,-1.0,-1.0
41,2021-04-19 09:56:00,-1.0,-1.0,-1.0,-1.0,-1,-1,-1.0,-1.0,-1.0
42,2021-04-19 09:57:00,-1.0,-1.0,-1.0,-1.0,-1,-1,-1.0,-1.0,-1.0
43,2021-04-19 09:58:00,-1.0,-1.0,-1.0,-1.0,-1,-1,-1.0,-1.0,-1.0
44,2021-04-19 09:59:00,-1.0,-1.0,-1.0,-1.0,-1,-1,-1.0,-1.0,-1.0
45,2021-04-19 10:00:00,-1.0,-1.0,-1.0,-1.0,-1,-1,-1.0,-1.0,-1.0
46,2021-04-19 10:01:00,-1.0,-1.0,-1.0,-1.0,-1,-1,-1.0,-1.0,-1.0
47,2021-04-19 10:02:00,-1.0,-1.0,-1.0,-1.0,-1,-1,-1.0,-1.0,-1.0
48,2021-04-19 10:03:00,-1.0,-1.0,-1.0,-1.0,-1,-1,-1.0,-1.0,-1.0
49,2021-04-19 10:04:00,-1.0,-1.0,-1.0,-1.0,-1,-1,-1.0,-1.0,-1.0
50,2021-04-19 10:05:00,-1.0,-1.0,-1.0,-1.0,-1,-1,-1.0,-1.0,-1.0
51,2021-04-19 10:06:00,-1.0,-1.0,-1.0,-1.0,-1,-1,-1.0,-1.0,-1.0
52,2021-04-19 10:07:00,-1.0,-1.0,-1.0,-1.0,-1,-1,-1.0,-1.0,-1.0
53,2021-04-19 10:08:00,-1.0,-1.0,-1.0,-1.0,-1,-1,-1.0,-1.0,-1.0
54,2021-04-19 10:09:00,-1.0,-1.0,-1.0,-1.0,-1,-1,-1.0,-1.0,-1.0
55,2021-04-19 10:10:00,-1.0,-1.0,-1.0,-1.0,-1,-1,-1.0,-1.0,-1.0
56,2021-04-19 10:11:00,-1.0,-1.0,-1.0,-1.0,-1,-1,-1.0,-1.0,-1.0
57,2021-04-19 10:12:00,-1.0,-1.0,-1.0,-1.0,-1,-1,-1.0,-1.0,-1.0
58,2021-04-19 10:13:00,-1.0,-1.0,-1.0,-1.0,-1,-1,-1.0,-1.0,-1.0
59,2021-04-19 10:14:00,-1.0,-1.0,-1.0,-1.0,-1,-1,-1.0,-1.0,-1.0
60,2021-04-19 10:15:00,-1.0,-1.0,-1.0,-1.0,-1,-1,-1.0,-1.0,-1.0
61,2021-04-19 10:16:00,-1.0,-1.0,-1.0,-1.0,-1,-1,-1.0,-1.0,-1.0
62,2021-04-19 10:17:00,-1.0,-1.0,-1.0,-1.0,-1,-1,-1.0,-1.0,-1.0
63,2021-04-19 10:18:00,-1.0,-1.0,-1.0,-1.0,-1,-1,-1.0,-1.0,-1.0
64,2021-04-19 10:19:00,-1.0,-1.0,-1.0,-1.0,-1,-1,-1.0,-1.0,-1.0
65,2021-04-19 10:20:00,-1.0,-1.0,-1.0,-1.0,-1,-1,-1.0,-1.0,-1.0
66,2021-04-19 10:21:00,-1.0,-1.0,-1.0,-1.0,-1,-1,-1.0,-1.0,-1.0
67,2021-04-19 10:22:00,-1.0,-1.0,-1.0,-1.0,-1,-1,-1.0,-1.0,-1.0
68,2021-04-19 10:23:00,-1.0,-1.0,-1.0,-1.0,-1,-1,-1.0,-1.0,-1.0
69,2021-04-19 10:24:00,-1.0,-1.0,-1.0,-1.0,-1,-1,-1.0,-1.0,-1.0
70,2021-04-19 10:25:00,-1.0,-1.0,-1.0,-1.0,-1,-1,-1.0,-1.0,-1.0
71,2021-04-19 10:26:00,-1.0,-1.0,-1.0,-1.0,-1,-1,-1.0,-1.0,-1.0
72,2021-04-19 10:27:00,-1.0,-1.0,-1.0,-1.0,-1,-1,-1.0,-1.0,-1.0
73,2021-04-19 10:28:00,-1.0,-1.0,-1.0,-1.0,-1,-1,-1.0,-1.0,-1.0
74,2021-04-19 10:29:00,-1.0,-1.0,-1.0,-1.0,-1,-1,-1.0,-1.0,-1.0
75,2021-04-19 10:30:00,-1.0,-1.0,-1.0,-1.0,-1,-1,-1.0,-1.0,-1.0
76,2021-04-19 10:31:00,-1.0,-1.0,-1.0,-1.0,-1,-1,-1.0,-1.0,-1.0
77,2021-04-19 10:32:00,-1.0,-1.0,-1.0,-1.0,-1,-1,-1.0,-1.0,-1.0
78,2021-04-19 10:33:00,-1.0,-1.0,-1.0,-1.0,-1,-1,-1.0,-1.0,-1.0
79,2021-04-19 10:34:00,-1.0,-1.0,-1.0,-1.0,-1,-1,-1.0,-1.0,-1.0
80,2021-04-19 10:35:00,-1.0,-1.0,-1.0,-1.0,-1,-1,-1.0,-1.0,-1.0
81,2021-04-19 10:36:00,-1.0,-1.0,-1.0,-1.0,-1,-1,-1.0,-1.0,-1.0
82,2021-04-19 10:37:00,-1.0,-1.0,-1.0,-1.0,-1,-1,-1.0,-1.0,-1.0
83,2021-04-19 10:38:00,-1.0,-1.0,-1.0,-1.0,-1,-1,-1.0,-1.0,-1.0
84,2021-04-19 10:39:00,-1.0,-1.0,-1.0,-1.0,-1,-1,-1.0,-1.0,-1.0
85,2021-04-19 10:40:00,-1.0,-1.0,-1.0,-1.0,-1,-1,-1.0,-1.0,-1.0
86,2021-04-19 10:41:00,-1.0,-1.0,-1.0,-1.0,-1,-1,-1.0,-1.0,-1.0
87,2021-04-19 10:42:00,-1.0,-1.0,-1.0,-1.0,-1,-1,-1.0,-1.0,-1.0
88,2021-04-19 10:43:00,-1.0,-1.0,-1.0,-1.0,-1,-1,-1.0,-1.0,-1.0
89,2021-04-19 10:44:00,-1.0,-1.0,-1.0,-1.0,-1,-1,-1.0,-1.0,-1.0
90,2021-04-19 10:45:00,-1.0,-1.0,-1.0,-1.0,-1,-1,-1.0,-1.0,-1.0
91,2021-04-19 10:46:00,-1.0,-1.0,-1.0,-1.0,-1,-1,-1.0,-1.0,-1.0
92,2021-04-19 10:47:00,-1.0,-1.0,-1.0,-1.0,-1,-1,-1.0,-1.0,-1.0
93,2021-04-19 10:48:00,-1.0,-1.0,-1.0,-1.0,-1,-1,-1.0,-1.0,-1.0
94,2021-04-19 10:49:00,-1.0,-1.0,-1.0,-1.0,-1,-1,-1.0,-1.0,-1.0
95,2021-04-19 10:50:00,-1.0,-1.0,-1.0,-1.0,-1,-1,-1.0,-1.0,-1.0
96,2021-04-19 10:51:00,-1.0,-1.0,-1.0,-1.0,-1,-1,-1.0,-1.0,-1.0
97,2021-04-19 10:52:00,-1.0,-1.0,-1.0,-1.0,-1,-1,-1.0,-1.0,-1.0
98,2021-04-19 10:53:00,-1.0,-1.0,-1.0,-1.0,-1,-1,-1.0,-1.0,-1.0
99,2021-04-19 10:54:00,-1.0,-1.0,-1.0,-1.0,-1,-1,-1.0,-1.0,-1.0
100,2021-04-19 10:55:00,-1.0,-1.0,-1.0,-1.0,-1,-1,-1.0,-1.0,-1.0
101,2021-04-19 10:56:00,-1.0,-1.0,-1.0,-1.0,-1,-1,-1.0,-1.0,-1.0
102,2021-04-19 10:57:00,-1.0,-1.0,-1.0,-1.0,-1,-1,-1.0,-1.0,-1.0
103,2021-04-19 10:58:00,-1.0,-1.0,-1.0,-1.0,-1,-1,-1.0,-1.0,-1.0
104,2021-04-19 10:59:00,-1.0,-1.0,-1.0,-1.0,-1,-1,-1.0,-1.0,-1.0
105,2021-04-19 11:00:00,-1.0,-1.0,-1.0,-1.0,-1,-1,-1.0,-1.0,-1.0
106,2021-04-19 11:01:00,-1.0,-1.0,-1.0,-1.0,-1,-1,-1.0,-1.0,-1.0
107,2021-04-19 11:02:00,-1.0,-1.0,-1.0,-1.0,-1,-1,-1.0,-1.0,-1.0
108,2021-04-19 11:03:00,-1.0,-1.0,-1.0,-1.0,-1,-1,-1.0,-1.0,-1.0
109,2021-04-19 11:04:00,-1.0,-1.0,-1.0,-1.0,-1,-1,-1.0,-1.0,-1.0
110,2021-04-19 11:05:00,-1.0,-1.0,-1.0,-1.0,-1,-1,-1.0,-1.0,-1.0
111,2021-04-19 11:06:00,-1.0,-1.0,-1.0,-1.0,-1,-1,-1.0,-1.0,-1.0
112,2021-04-19 11:07:00,-1.0,-1.0,-1.0,-1.0,-1,-1,-1.0,-1.0,-1.0
113,2021-04-19 11:08:00,-1.0,-1.0,-1.0,-1.0,-1,-1,-1.0,-1.0,-1.0
114,2021-04-19 11:09:00,-1.0,-1.0,-1.0,-1.0,-1,-1,-1.0,-1.0,-1.0
115,2021-04-19 11:10:00,-1.0,-1.0,-1.0,-1.0,-1,-1,-1.0,-1.0,-1.0
116,2021-04-19 11:11:00,-1.0,-1.0,-1.0,-1.0,-1,-1,-1.0,-1.0,-1.0
117,2021-04-19 11:12:00,-1.0,-1.0,-1.0,-1.0,-1,-1,-1.0,-1.0,-1.0
118,2021-04-19 11:13:00,-1.0,-1.0,-1.0,-1.0,-1,-1,-1.0,-1.0,-1.0
119,2021-04-19 11:14:00,-1.0,-1.0,-1.0,-1.0,-1,-1,-1.0,-1.0,-1.0
120,2021-04-19 11:15:00,-1.0,-1.0,-1.0,-1.0,-1,-1,-1.0,-1.0,-1.0
121,2021-04-19 11:16:00,-1.0,-1.0,-1.0,-1.0,-1,-1,-1.0,-1.0,-1.0
122,2021-04-19 11:17:00,-1.0,-1.0,-1.0,-1.0,-1,-1,-1.0,-1.0,-1.0
123,2021-04-19 11:18:00,-1.0,-1.0,-1.0,-1.0,-1,-1,-1.0,-1.0,-1.0
124,2021-04-19 11:19:00,-1.0,-1.0,-1.0,-1.0,-1,-1,-1.0,-1.0,-1.0
125,2021-04-19 11:20:00,-1.0,-1.0,-1.0,-1.0,-1,-1,-1.0,-1.0,-1.0
126,2021-04-19 11:21:00,-1.0,-1.0,-1.0,-1.0,-1,-1,-1.0,-1.0,-1.0
127,2021-04-19 11:22:00,-1.0,-1.0,-1.0,-1.0,-1,-1,-1.0,-1.0,-1.0
128,2021-04-19 11:23:00,-1.0,-1.0,-1.0,-1.0,-1,-1,-1.0,-1.0,-1.0
129,2021-04-19 11:24:00,-1.0,-1.0,-1.0,-1.0,-1,-1,-1.0,-1.0,-1.0
130,2021-04-19 11:25:00,-1.0,-1.0,-1.0,-1.0,-1,-1,-1.0,-1.0,-1.0
131,2021-04-19 11:26:00,-1.0,-1.0,-1.0,-1.0,-1,-1,-1.0,-1.0,-1.0
132,2021-04-19 11:27:00,-1.0,-1.0,-1.0,-1.0,-1,-1,-1.0,-1.0,-1.0
133,2021-04-19 11:28:00,-1.0,-1.0,-1.0,-1.0,-1,-1,-1.0,-1.0,-1.0
134,2021-04-19 11:29:00,-1.0,-1.0,-1.0,-1.0,-1,-1,-1.0,-1.0,-1.0
135,2021-04-19 11:30:00,-1.0,-1.0,-1.0,-1.0,-1,-1,-1.0,-1.0,-1.0
136,2021-04-19 11:31:00,-1.0,-1.0,-1.0,-1.0,-1,-1,-1.0,-1.0,-1.0
137,2021-04-19 11:32:00,-1.0,-1.0,-1.0,-1.0,-1,-1,-1.0,-1.0,-1.0
138,2021-04-19 11:33:00,-1.0,-1.0,-1.0,-1.0,-1,-1,-1.0,-1.0,-1.0
139,2021-04-19 11:34:00,-1.0,-1.0,-1.0,-1.0,-1,-1,-1.0,-1.0,-1.0
140,2021-04-19 11:35:00,-1.0,-1.0,-1.0,-1.0,-1,-1,-1.0,-1.0,-1.0
141,2021-04-19 11:36:00,-1.0,-1.0,-1.0,-1.0,-1,-1,-1.0,-1.0,-1.0
142,2021-04-19 11:37:00,-1.0,-1.0,-1.0,-1.0,-1,-1,-1.0,-1.0,-1.0
143,2021-04-19 11:38:00,-1.0,-1.0,-1.0,-1.0,-1,-1,-1.0,-1.0,-1.0
144,2021-04-19 11:39:00,-1.0,-1.0,-1.0,-1.0,-1,-1,-1.0,-1.0,-1.0
145,2021-04-19 11:40:00,-1.0,-1.0,-1.0,-1.0,-1,-1,-1.0,-1.0,-1.0
146,2021-04-19 11:41:00,-1.0,-1.0,-1.0,-1.0,-1,-1,-1.0,-1.0,-1.0
147,2021-04-19 11:42:00,-1.0,-1.0,-1.0,-1.0,-1,-1,-1.0,-1.0,-1.0
148,2021-04-19 11:43:00,-1.0,-1.0,-1.0,-1.0,-1,-1,-1.0,-1.0,-1.0
149,2021-04-19 11:44:00,-1.0,-1.0,-1.0,-1.0,-1,-1,-1.0,-1.0,-1.0
150,2021-04-19 11:45:00,-1.0,-1.0,-1.0,-1.0,-1,-1,-1.0,-1.0,-1.0
151,2021-04-19 11:46:00,-1.0,-1.0,-1.0,-1.0,-1,-1,-1.0,-1.0,-1.0
152,2021-04-19 11:47:00,-1.0,-1.0,-1.0,-1.0,-1,-1,-1.0,-1.0,-1.0
153,2021-04-19 11:48:00,-1.0,-1.0,-1.0,-1.0,-1,-1,-1.0,-1.0,-1.0
154,2021-04-19 11:49:00,-1.0,-1.0,-1.0,-1.0,-1,-1,-1.0,-1.0,-1.0
155,2021-04-19 11:50:00,-1.0,-1.0,-1.0,-1.0,-1,-1,-1.0,-1.0,-1.0
156,2021-04-19 11:51:00,-1.0,-1.0,-1.0,-1.0,-1,-1,-1.0,-1.0,-1.0
157,2021-04-19 11:52:00,-1.0,-1.0,-1.0,-1.0,-1,-1,-1.0,-1.0,-1.0
158,2021-04-19 11:53:00,-1.0,-1.0,-1.0,-1.0,-1,-1,-1.0,-1.0,-1.0
159,2021-04-19 11:54:00,-1.0,-1.0,-1.0,-1.0,-1,-1,-1.0,-1.0,-1.0
160,2021-04-19 11:55:00,-1.0,-1.0,-1.0,-1.0,-1,-1,-1.0,-1.0,-1.0
161,2021-04-19 11:56:00,-1.0,-1.0,-1.0,-1.0,-1,-1,-1.0,-1.0,-1.0
162,2021-04-19 11:57:00,-1.0,-1.0,-1.0,-1.0,-1,-1,-1.0,-1.0,-1.0
163,2021-04-19 11:58:00,-1.0,-1.0,-1.0,-1.0,-1,-1,-1.0,-1.0,-1.0
164,2021-04-19 11:59:00,-1.0,-1.0,-1.0,-1.0,-1,-1,-1.0,-1.0,-1.0
165,2021-04-19 12:00:00,-1.0,-1.0,-1.0,-1.0,-1,-1,-1.0,-1.0,-1.0
166,2021-04-19 12:01:00,-1.0,-1.0,-1.0,-1.0,-1,-1,-1.0,-1.0,-1.0
167,2021-04-19 12:02:00,-1.0,-1.0,-1.0,-1.0,-1,-1,-1.0,-1.0,-1.0
168,2021-04-19 12:03:00,-1.0,-1.0,-1.0,-1.0,-1,-1,-1.0,-1.0,-1.0
169,2021-04-19 12:04:00,-1.0,-1.0,-1.0,-1.0,-1,-1,-1.0,-1.0,-1.0
170,2021-04-19 12:05:00,-1.0,-1.0,-1.0,-1.0,-1,-1,-1.0,-1.0,-1.0
171,2021-04-19 12:06:00,-1.0,-1.0,-1.0,-1.0,-1,-1,-1.0,-1.0,-1.0
172,2021-04-19 12:07:00,-1.0,-1.0,-1.0,-1.0,-1,-1,-1.0,-1.0,-1.0
173,2021-04-19 12:08:00,-1.0,-1.0,-1.0,-1.0,-1,-1,-1.0,-1.0,-1.0
174,2021-04-19 12:09:00,-1.0,-1.0,-1.0,-1.0,-1,-1,-1.0,-1.0,-1.0
175,2021-04-19 12:10:00,-1.0,-1.0,-1.0,-1.0,-1,-1,-1.0,-1.0,-1.0
176,2021-04-19 12:11:00,-1.0,-1.0,-1.0,-1.0,-1,-1,-1.0,-1.0,-1.0
177,2021-04-19 12:12:00,-1.0,-1.0,-1.0,-1.0,-1,-1,-1.0,-1.0,-1.0
178,2021-04-19 12:13:00,-1.0,-1.0,-1.0,-1.0,-1,-1,-1.0,-1.0,-1.0
179,2021-04-19 12:14:00,-1.0,-1.0,-1.0,-1.0,-1,-1,-1.0,-1.0,-1.0
180,2021-04-19 12:15:00,-1.0,-1.0,-1.0,-1.0,-1,-1,-1.0,-1.0,-1.0
181,2021-04-19 12:16:00,-1.0,-1.0,-1.0,-1.0,-1,-1,-1.0,-1.0,-1.0
182,2021-04-19 12:17:00,-1.0,-1.0,-1.0,-1.0,-1,-1,-1.0,-1.0,-1.0
183,2021-04-19 12:18:00,-1.0,-1.0,-1.0,-1.0,-1,-1,-1.0,-1.0,-1.0
184,2021-04-19 12:19:00,-1.0,-1.0,-1.0,-1.0,-1,-1,-1.0,-1.0,-1.0
185,2021-04-19 12:20:00,-1.0,-1.0,-1.0,-1.0,-1,-1,-1.0,-1.0,-1.0
186,2021-04-19 12:21:00,-1.0,-1.0,-1.0,-1.0,-1,-1,-1.0,-1.0,-1.0
187,2021-04-19 12:22:00,-1.0,-1.0,-1.0,-1.0,-1,-1,-1.0,-1.0,-1.0
188,2021-04-19 12:23:00,-1.0,-1.0,-1.0,-1.0,-1,-1,-1.0,-1.0,-1.0
189,2021-04-19 12:24:00,-1.0,-1.0,-1.0,-1.0,-1,-1,-1.0,-1.0,-1.0
190,2021-04-19 12:25:00,-1.0,-1.0,-1.0,-1.0,-1,-1,-1.0,-1.0,-1.0
191,2021-04-19 12:26:00,-1.0,-1.0,-1.0,-1.0,-1,-1,-1.0,-1.0,-1.0
192,2021-04-19 12:27:00,-1.0,-1.0,-1.0,-1.0,-1,-1,-1.0,-1.0,-1.0
193,2021-04-19 12:28:00,-1.0,-1.0,-1.0,-1.0,-1,-1,-1.0,-1.0,-1.0
194,2021-04-19 12:29:00,-1.0,-1.0,-1.0,-1.0,-1,-1,-1.0,-1.0,-1.0
195,2021-04-19 12:30:00,-1.0,-1.0,-1.0,-1.0,-1,-1,-1.0,-1.0,-1.0
196,2021-04-19 12:31:00,-1.0,-1.0,-1.0,-1.0,-1,-1,-1.0,-1.0,-1.0
197,2021-04-19 12:32:00,-1.0,-1.0,-1.0,-1.0,-1,-1,-1.0,-1.0,-1.0
198,2021-04-19 12:33:00,-1.0,-1.0,-1.0,-1.0,-1,-1,-1.0,-1.0,-1.0
199,2021-04-19 12:34:00,-1.0,-1.0,-1.0,-1.0,-1,-1,-1.0,-1.0,-1.0
200,2021-04-19 12:35:00,-1.0,-1.0,-1.0,-1.0,-1,-1,-1.0,-1.0,-1.0
201,2021-04-19 12:36:00,-1.0,-1.0,-1.0,-1.0,-1,-1,-1.0,-1.0,-1.0
202,2021-04-19 12:37:00,-1.0,-1.0,-1.0,-1.0,-1,-1,-1.0,-1.0,-1.0
203,2021-04-19 12:38:00,-1.0,-1.0,-1.0,-1.0,-1,-1,-1.0,-1.0,-1.0
204,2021-04-19 12:39:00,-1.0,-1.0,-1.0,-1.0,-1,-1,-1.0,-1.0,-1.0
205,2021-04-19 12:40:00,-1.0,-1.0,-1.0,-1.0,-1,-1,-1.0,-1.0,-1.0
206,2021-04-19 12:41:00,-1.0,-1.0,-1.0,-1.0,-1,-1,-1.0,-1.0,-1.0
207,2021-04-19 12:42:00,-1.0,-1.0,-1.0,-1.0,-1,-1,-1.0,-1.0,-1.0
208,2021-04-19 12:43:00,-1.0,-1.0,-1.0,-1.0,-1,-1,-1.0,-1.0,-1.0
209,2021-04-19 12:44:00,-1.0,-1.0,-1.0,-1.0,-1,-1,-1.0,-1.0,-1.0
210,2021-04-19 12:45:00,-1.0,-1.0,-1.0,-1.0,-1,-1,-1.0,-1.0,-1.0
211,2021-04-19 12:46:00,-1.0,-1.0,-1.0,-1.0,-1,-1,-1.0,-1.0,-1.0
212,2021-04-19 12:47:00,-1.0,-1.0,-1.0,-1.0,-1,-1,-1.0,-1.0,-1.0
213,2021-04-19 12:48:00,-1.0,-1.0,-1.0,-1.0,-1,-1,-1.0,-1.0,-1.0
214,2021-04-19 12:49:00,-1.0,-1.0,-1.0,-1.0,-1,-1,-1.0,-1.0,-1.0
215,2021-04-19 12:50:00,-1.0,-1.0,-1.0,-1.0,-1,-1,-1.0,-1.0,-1.0
216,2021-04-19 12:51:00,-1.0,-1.0,-1.0,-1.0,-1,-1,-1.0,-1.0,-1.0
217,2021-04-19 12:52:00,-1.0,-1.0,-1.0,-1.0,-1,-1,-1.0,-1.0,-1.0
218,2021-04-19 12:53:00,-1.0,-1.0,-1.0,-1.0,-1,-1,-1.0,-1.0,-1.0
219,2021-04-19 12:54:00,-1.0,-1.0,-1.0,-1.0,-1,-1,-1.0,-1.0,-1.0
220,2021-04-19 12:55:00,-1.0,-1.0,-1.0,-1.0,-1,-1,-1.0,-1.0,-1.0
221,2021-04-19 12:56:00,-1.0,-1.0,-1.0,-1.0,-1,-1,-1.0,-1.0,-1.0
222,2021-04-19 12:57:00,-1.0,-1.0,-1.0,-1.0,-1,-1,-1.0,-1.0,-1.0
223,2021-04-19 12:58:00,-1.0,-1.0,-1.0,-1.0,-1,-1,-1.0,-1.0,-1.0
224,2021-04-19 12:59:00,-1.0,-1.0,-1.0,-1.0,-1,-1,-1.0,-1.0,-1.0
225,2021-04-19 13:00:00,-1.0,-1.0,-1.0,-1.0,-1,-1,-1.0,-1.0,-1.0
226,2021-04-19 13:01:00,-1.0,-1.0,-1.0,-1.0,-1,-1,-1.0,-1.0,-1.0
227,2021-04-19 13:02:00,-1.0,-1.0,-1.0,-1.0,-1,-1,-1.0,-1.0,-1.0
228,2021-04-19 13:03:00,-1.0,-1.0,-1.0,-1.0,-1,-1,-1.0,-1.0,-1.0
229,2021-04-19 13:04:00,-1.0,-1.0,-1.0,-1.0,-1,-1,-1.0,-1.0,-1.0
230,2021-04-19 13:05:00,-1.0,-1.0,-1.0,-1.0,-1,-1,-1.0,-1.0,-1.0
231,2021-04-19 13:06:00,-1.0,-1.0,-1.0,-1.0,-1,-1,-1.0,-1.0,-1.0
232,2021-04-19 13:07:00,-1.0,-1.0,-1.0,-1.0,-1,-1,-1.0,-1.0,-1.0
233,2021-04-19 13:08:00,-1.0,-1.0,-1.0,-1.0,-1,-1,-1.0,-1.0,-1.0
234,2021-04-19 13:09:00,-1.0,-1.0,-1.0,-1.0,-1,-1,-1.0,-1.0,-1.0
235,2021-04-19 13:10:00,-1.0,-1.0,-1.0,-1.0,-1,-1,-1.0,-1.0,-1.0
236,2021-04-19 13:11:00,-1.0,-1.0,-1.0,-1.0,-1,-1,-1.0,-1.0,-1.0
237,2021-04-19 13:12:00,-1.0,-1.0,-1.0,-1.0,-1,-1,-1.0,-1.0,-1.0
238,2021-04-19 13:13:00,-1.0,-1.0,-1.0,-1.0,-1,-1,-1.0,-1.0,-1.0
239,2021-04-19 13:14:00,-1.0,-1.0,-1.0,-1.0,-1,-1,-1.0,-1.0,-1.0
240,2021-04-19 13:15:00,-1.0,-1.0,-1.0,-1.0,-1,-1,-1.0,-1.0,-1.0
241,2021-04-19 13:16:00,-1.0,-1.0,-1.0,-1.0,-1,-1,-1.0,-1.0,-1.0
242,2021-04-19 13:17:00,-1.0,-1.0,-1.0,-1.0,-1,-1,-1.0,-1.0,-1.0
243,2021-04-19 13:18:00,-1.0,-1.0,-1.0,-1.0,-1,-1,-1.0,-1.0,-1.0
244,2021-04-19 13:19:00,-1.0,-1.0,-1.0,-1.0,-1,-1,-1.0,-1.0,-1.0
245,2021-04-19 13:20:00,-1.0,-1.0,-1.0,-1.0,-1,-1,-1.0,-1.0,-1.0
246,2021-04-19 13:21:00,-1.0,-1.0,-1.0,-1.0,-1,-1,-1.0,-1.0,-1.0
247,2021-04-19 13:22:00,-1.0,-1.0,-1.0,-1.0,-1,-1,-1.0,-1.0,-1.0
248,2021-04-19 13:23:00,-1.0,-1.0,-1.0,-1.0,-1,-1,-1.0,-1.0,-1.0
249,2021-04-19 13:24:00,-1.0,-1.0,-1.0,-1.0,-1,-1,-1.0,-1.0,-1.0
250,2021-04-19 13:25:00,-1.0,-1.0,-1.0,-1.0,-1,-1,-1.0,-1.0,-1.0
251,2021-04-19 13:26:00,-1.0,-1.0,-1.0,-1.0,-1,-1,-1.0,-1.0,-1.0
252,2021-04-19 13:27:00,-1.0,-1.0,-1.0,-1.0,-1,-1,-1.0,-1.0,-1.0
253,2021-04-19 13:28:00,-1.0,-1.0,-1.0,-1.0,-1,-1,-1.0,-1.0,-1.0
254,2021-04-19 13:29:00,-1.0,-1.0,-1.0,-1.0,-1,-1,-1.0,-1.0,-1.0
255,2021-04-19 13:30:00,-1.0,-1.0,-1.0,-1.0,-1,-1,-1.0,-1.0,-1.0
256,2021-04-19 13:31:00,-1.0,-1.0,-1.0,-1.0,-1,-1,-1.0,-1.0,-1.0
257,2021-04-19 13:32:00,-1.0,-1.0,-1.0,-1.0,-1,-1,-1.0,-1.0,-1.0
258,2021-04-19 13:33:00,-1.0,-1.0,-1.0,-1.0,-1,-1,-1.0,-1.0,-1.0
259,2021-04-19 13:34:00,-1.0,-1.0,-1.0,-1.0,-1,-1,-1.0,-1.0,-1.0
260,2021-04-19 13:35:00,-1.0,-1.0,-1.0,-1.0,-1,-1,-1.0,-1.0,-1.0
261,2021-04-19 13:36:00,-1.0,-1.0,-1.0,-1.0,-1,-1,-1.0,-1.0,-1.0
262,2021-04-19 13:37:00,-1.0,-1.0,-1.0,-1.0,-1,-1,-1.0,-1.0,-1.0
263,2021-04-19 13:38:00,-1.0,-1.0,-1.0,-1.0,-1,-1,-1.0,-1.0,-1.0
264,2021-04-19 13:39:00,-1.0,-1.0,-1.0,-1.0,-1,-1,-1.0,-1.0,-1.0
265,2021-04-19 13:40:00,-1.0,-1.0,-1.0,-1.0,-1,-1,-1.0,-1.0,-1.0
266,2021-04-19 13:41:00,-1.0,-1.0,-1.0,-1.0,-1,-1,-1.0,-1.0,-1.0
267,2021-04-19 13:42:00,-1.0,-1.0,-1.0,-1.0,-1,-1,-1.0,-1.0,-1.0
268,2021-04-19 13:43:00,-1.0,-1.0,-1.0,-1.0,-1,-1,-1.0,-1.0,-1.0
269,2021-04-19 13:44:00,-1.0,-1.0,-1.0,-1.0,-1,-1,-1.0,-1.0,-1.0
270,2021-04-19 13:45:00,-1.0,-1.0,-1.0,-1.0,-1,-1,-1.0,-1.0,-1.0
271,2021-04-19 13:46:00,-1.0,-1.0,-1.0,-1.0,-1,-1,-1.0,-1.0,-1.0
272,2021-04-19 13:47:00,-1.0,-1.0,-1.0,-1.0,-1,-1,-1.0,-1.0,-1.0
273,2021-04-19 13:48:00,-1.0,-1.0,-1.0,-1.0,-1,-1,-1.0,-1.0,-1.0
274,2021-04-19 13:49:00,-1.0,-1.0,-1.0,-1.0,-1,-1,-1.0,-1.0,-1.0
275,2021-04-19 13:50:00,-1.0,-1.0,-1.0,-1.0,-1,-1,-1.0,-1.0,-1.0
276,2021-04-19 13:51:00,-1.0,-1.0,-1.0,-1.0,-1,-1,-1.0,-1.0,-1.0
277,2021-04-19 13:52:00,-1.0,-1.0,-1.0,-1.0,-1,-1,-1.0,-1.0,-1.0
278,2021-04-19 13:53:00,-1.0,-1.0,-1.0,-1.0,-1,-1,-1.0,-1.0,-1.0
279,2021-04-19 13:54:00,-1.0,-1.0,-1.0,-1.0,-1,-1,-1.0,-1.0,-1.0
280,2021-04-19 13:55:00,-1.0,-1.0,-1.0,-1.0,-1,-1,-1.0,-1.0,-1.0
281,2021-04-19 13:56:00,-1.0,-1.0,-1.0,-1.0,-1,-1,-1.0,-1.0,-1.0
282,2021-04-19 13:57:00,-1.0,-1.0,-1.0,-1.0,-1,-1,-1.0,-1.0,-1.0
283,2021-04-19 13:58:00,3.9,4.4,3.9,4.4,525,0,4.18,2.05,5.2
284,2021-04-19 13:59:00,2.5,2.5,2.5,2.5,150,0,3.81,2.5,4.5
285,2021-04-19 14:00:00,2.5,2.5,2.5,2.5,150,0,3.81,2.5,4.5
286,2021-04-19 14:01:00,2.5,2.5,2.5,2.5,150,0,3.81,2.5,4.5
287,2021-04-19 14:02:00,2.5,2.5,2.5,2.5,150,0,3.81,2.5,4.5
288,2021-04-19 14:03:00,2.5,2.5,2.5,2.5,150,0,3.81,2.5,4.5
289,2021-04-19 14:04:00,2.5,2.5,2.5,2.5,150,0,3.81,2.5,4.5
290,2021-04-19 14:05:00,2.5,2.5,2.5,2.5,150,0,3.81,2.5,4.5
291,2021-04-19 14:06:00,2.5,2.5,2.5,2.5,150,0,3.81,2.5,4.5
292,2021-04-19 14:07:00,2.5,2.5,2.5,2.5,150,0,3.81,2.5,4.5
293,2021-04-19 14:08:00,2.5,2.5,2.5,2.5,150,0,3.81,2.5,4.5
294,2021-04-19 14:09:00,2.5,2.5,2.5,2.5,150,0,3.81,2.5,4.5
295,2021-04-19 14:10:00,2.5,2.5,2.5,2.5,150,0,3.81,2.5,4.5
296,2021-04-19 14:11:00,2.5,2.5,2.5,2.5,150,0,3.81,2.5,4.5
297,2021-04-19 14:12:00,2.5,2.5,2.5,2.5,150,0,3.81,2.5,4.5
298,2021-04-19 14:13:00,2.5,2.5,2.5,2.5,150,0,3.81,2.5,4.5
299,2021-04-19 14:14:00,2.5,2.5,2.5,2.5,150,0,3.81,2.5,4.5
300,2021-04-19 14:15:00,2.5,2.5,2.5,2.5,150,0,3.81,2.5,4.5
301,2021-04-19 14:16:00,2.5,2.5,2.5,2.5,150,0,3.81,2.5,4.5
302,2021-04-19 14:17:00,2.5,2.5,2.5,2.5,150,0,3.81,2.5,4.5
303,2021-04-19 14:18:00,2.5,2.5,2.5,2.5,150,0,3.81,2.5,4.5
304,2021-04-19 14:19:00,2.5,2.5,2.5,2.5,150,0,3.81,2.5,4.5
305,2021-04-19 14:20:00,2.5,2.5,2.5,2.5,150,0,3.81,2.5,4.5
306,2021-04-19 14:21:00,2.5,2.5,2.5,2.5,150,0,3.81,2.5,4.5
307,2021-04-19 14:22:00,2.5,2.5,2.5,2.5,150,0,3.81,2.5,4.5
308,2021-04-19 14:23:00,2.5,2.5,2.5,2.5,150,0,3.81,2.5,4.5
309,2021-04-19 14:24:00,2.5,2.5,2.5,2.5,150,0,3.81,2.5,4.5
310,2021-04-19 14:25:00,2.5,2.5,2.5,2.5,150,0,3.81,2.5,4.5
311,2021-04-19 14:26:00,2.5,2.5,2.5,2.5,150,0,3.81,2.5,4.5
312,2021-04-19 14:27:00,2.5,2.5,2.5,2.5,150,0,3.81,2.5,4.5
313,2021-04-19 14:28:00,2.5,2.5,2.5,2.5,150,0,3.81,2.5,4.5
314,2021-04-19 14:29:00,2.5,2.5,2.5,2.5,150,0,3.81,2.5,4.5
315,2021-04-19 14:30:00,2.5,2.5,2.5,2.5,150,0,3.81,2.5,4.5
316,2021-04-19 14:31:00,2.5,2.5,2.5,2.5,150,0,3.81,2.5,4.5
317,2021-04-19 14:32:00,2.5,2.5,2.5,2.5,150,0,3.81,2.5,4.5
318,2021-04-19 14:33:00,2.5,2.5,2.5,2.5,150,0,3.81,2.5,4.5
319,2021-04-19 14:34:00,2.5,2.5,2.5,2.5,150,0,3.81,2.5,4.5
320,2021-04-19 14:35:00,2.5,2.5,2.5,2.5,150,0,3.81,2.5,4.5
321,2021-04-19 14:36:00,2.5,2.5,2.5,2.5,150,0,3.81,2.5,4.5
322,2021-04-19 14:37:00,2.5,2.5,2.5,2.5,150,0,3.81,2.5,4.5
323,2021-04-19 14:38:00,2.5,2.5,2.5,2.5,150,0,3.81,2.5,4.5
324,2021-04-19 14:39:00,2.5,2.5,2.5,2.5,150,0,3.81,2.5,4.5
325,2021-04-19 14:40:00,2.5,2.5,2.5,2.5,150,0,3.81,2.5,4.5
326,2021-04-19 14:41:00,2.5,2.5,2.5,2.5,150,0,3.81,2.5,4.5
327,2021-04-19 14:42:00,2.5,2.5,2.5,2.5,150,0,3.81,2.5,4.5
328,2021-04-19 14:43:00,2.5,2.5,2.5,2.5,150,0,3.81,2.5,4.5
329,2021-04-19 14:44:00,2.5,2.5,2.5,2.5,150,0,3.81,2.5,4.5
330,2021-04-19 14:45:00,2.5,2.5,2.5,2.5,150,0,3.81,2.5,4.5
331,2021-04-19 14:46:00,2.5,2.5,2.5,2.5,150,0,3.81,2.5,4.5
332,2021-04-19 14:47:00,2.5,2.5,2.5,2.5,150,0,3.81,2.5,4.5
333,2021-04-19 14:48:00,2.5,2.5,2.5,2.5,150,0,3.81,2.5,4.5
334,2021-04-19 14:49:00,2.5,2.5,2.5,2.5,150,0,3.81,2.5,4.5
335,2021-04-19 14:50:00,2.5,2.5,2.5,2.5,150,0,3.81,2.5,4.5
336,2021-04-19 14:51:00,2.5,2.5,2.5,2.5,150,0,3.81,2.5,4.5
337,2021-04-19 14:52:00,2.5,2.5,2.5,2.5,150,0,3.81,2.5,4.5
338,2021-04-19 14:53:00,2.5,2.5,2.5,2.5,150,0,3.81,2.5,4.5
339,2021-04-19 14:54:00,2.5,2.5,2.5,2.5,150,0,3.81,2.5,4.5
340,2021-04-19 14:55:00,2.5,2.5,2.5,2.5,150,0,3.81,2.5,4.5
341,2021-04-19 14:56:00,2.5,2.5,2.5,2.5,150,0,3.81,2.5,4.5
342,2021-04-19 14:57:00,2.5,2.5,2.5,2.5,150,0,3.81,2.5,4.5
343,2021-04-19 14:58:00,2.5,2.5,2.5,2.5,150,0,3.81,2.5,4.5
344,2021-04-19 14:59:00,2.5,2.5,2.5,2.5,150,0,3.81,2.5,4.5
345,2021-04-19 15:00:00,2.5,2.5,2.5,2.5,150,0,3.81,2.5,4.5
346,2021-04-19 15:01:00,2.5,2.5,2.5,2.5,150,0,3.81,2.5,4.5
347,2021-04-19 15:02:00,2.5,2.5,2.5,2.5,150,0,3.81,2.5,4.5
348,2021-04-19 15:03:00,2.5,2.5,2.5,2.5,150,0,3.81,2.5,4.5
349,2021-04-19 15:04:00,2.5,2.5,2.5,2.5,150,0,3.81,2.5,4.5
350,2021-04-19 15:05:00,2.5,2.5,2.5,2.5,150,0,3.81,2.5,4.5
351,2021-04-19 15:06:00,2.5,2.5,2.5,2.5,150,0,3.81,2.5,4.5
352,2021-04-19 15:07:00,2.5,2.5,2.5,2.5,150,0,3.81,2.5,4.5
353,2021-04-19 15:08:00,2.5,2.5,2.5,2.5,150,0,3.81,2.5,4.5
354,2021-04-19 15:09:00,2.5,2.5,2.5,2.5,150,0,3.81,2.5,4.5
355,2021-04-19 15:10:00,2.5,2.5,2.5,2.5,150,0,3.81,2.5,4.5
356,2021-04-19 15:11:00,2.5,2.5,2.5,2.5,150,0,3.81,2.5,4.5
357,2021-04-19 15:12:00,2.5,2.5,2.5,2.5,150,0,3.81,2.5,4.5
358,2021-04-19 15:13:00,2.5,2.5,2.5,2.5,150,0,3.81,2.5,4.5
359,2021-04-19 15:14:00,2.5,2.5,2.5,2.5,150,0,3.81,2.5,4.5
360,2021-04-19 15:15:00,2.5,2.5,2.5,2.5,150,0,3.81,2.5,4.5
361,2021-04-19 15:16:00,2.5,2.5,2.5,2.5,150,0,3.81,2.5,4.5
362,2021-04-19 15:17:00,2.5,2.5,2.5,2.5,150,0,3.81,2.5,4.5
363,2021-04-19 15:18:00,2.5,2.5,2.5,2.5,150,0,3.81,2.5,4.5
364,2021-04-19 15:19:00,2.5,2.5,2.5,2.5,150,0,3.81,2.5,4.5
365,2021-04-19 15:20:00,2.5,2.5,2.5,2.5,150,0,3.81,2.5,4.5
366,2021-04-19 15:21:00,2.5,2.5,2.5,2.5,150,0,3.81,2.5,4.5
367,2021-04-19 15:22:00,2.5,2.5,2.5,2.5,150,0,3.81,2.5,4.5
368,2021-04-19 15:23:00,2.5,2.5,2.5,2.5,150,0,3.81,2.5,4.5
369,2021-04-19 15:24:00,2.5,2.5,2.5,2.5,150,0,3.81,2.5,4.5
370,2021-04-19 15:25:00,3.35,3.35,3.35,3.35,75,525,3.76,2.05,3.35
371,2021-04-19 15:26:00,3.35,3.35,3.35,3.35,75,525,3.76,2.05,3.35
372,2021-04-19 15:27:00,3.35,3.35,3.35,3.35,75,525,3.76,2.05,3.35
373,2021-04-19 15:28:00,3.35,3.35,3.35,3.35,75,525,3.76,2.05,3.35
374,2021-04-19 15:29:00,3.35,3.35,3.35,3.35,75,525,3.76,2.05,3.35
375,2021-04-19 15:30:00,3.35,3.35,3.35,3.35,75,525,3.76,2.05,3.35
376,2021-04-20 09:15:00,3.35,3.35,3.35,3.35,75,525,3.76,2.05,3.35
377,2021-04-20 09:16:00,3.35,3.35,3.35,3.35,75,525,3.76,2.05,3.35
378,2021-04-20 09:17:00,3.35,3.35,3.35,3.35,75,525,3.76,2.05,3.35
379,2021-04-20 09:18:00,3.35,3.35,3.35,3.35,75,525,3.76,2.05,3.35
380,2021-04-20 09:19:00,3.35,3.35,3.35,3.35,75,525,3.76,2.05,3.35
381,2021-04-20 09:20:00,3.35,3.35,3.35,3.35,75,525,3.76,2.05,3.35
382,2021-04-20 09:21:00,3.35,3.35,3.35,3.35,75,525,3.76,2.05,3.35
383,2021-04-20 09:22:00,3.35,3.35,3.35,3.35,75,525,3.76,2.05,3.35
384,2021-04-20 09:23:00,3.35,3.35,3.35,3.35,75,525,3.76,2.05,3.35
385,2021-04-20 09:24:00,3.35,3.35,3.35,3.35,75,525,3.76,2.05,3.35
386,2021-04-20 09:25:00,3.35,3.35,3.35,3.35,75,525,3.76,2.05,3.35
387,2021-04-20 09:26:00,3.35,3.35,3.35,3.35,75,525,3.76,2.05,3.35
388,2021-04-20 09:27:00,3.35,3.35,3.35,3.35,75,525,3.76,2.05,3.35
389,2021-04-20 09:28:00,3.35,3.35,3.35,3.35,75,525,3.76,2.05,3.35
390,2021-04-20 09:29:00,3.35,3.35,3.35,3.35,75,525,3.76,2.05,3.35
391,2021-04-20 09:30:00,3.35,3.35,3.35,3.35,75,525,3.76,2.05,3.35
392,2021-04-20 09:31:00,3.35,3.35,3.35,3.35,75,525,3.76,2.05,3.35
393,2021-04-20 09:32:00,3.35,3.35,3.35,3.35,75,525,3.76,2.05,3.35
394,2021-04-20 09:33:00,3.35,3.35,3.35,3.35,75,525,3.76,2.05,3.35
395,2021-04-20 09:34:00,3.35,3.35,3.35,3.35,75,525,3.76,2.05,3.35
396,2021-04-20 09:35:00,3.35,3.35,3.35,3.35,75,525,3.76,2.05,3.35
397,2021-04-20 09:36:00,3.35,3.35,3.35,3.35,75,525,3.76,2.05,3.35
398,2021-04-20 09:37:00,3.35,3.35,3.35,3.35,75,525,3.76,2.05,3.35
399,2021-04-20 09:38:00,3.35,3.35,3.35,3.35,75,525,3.76,2.05,3.35
400,2021-04-20 09:39:00,3.35,3.35,3.35,3.35,75,525,3.76,2.05,3.35
401,2021-04-20 09:40:00,3.35,3.35,3.35,3.35,75,525,3.76,2.05,3.35
402,2021-04-20 09:41:00,3.35,3.35,3.35,3.35,75,525,3.76,2.05,3.35
403,2021-04-20 09:42:00,3.35,3.35,3.35,3.35,75,525,3.76,2.05,3.35
404,2021-04-20 09:43:00,3.35,3.35,3.35,3.35,75,525,3.76,2.05,3.35
405,2021-04-20 09:44:00,3.35,3.35,3.35,3.35,75,525,3.76,2.05,3.35
406,2021-04-20 09:45:00,3.35,3.35,3.35,3.35,75,525,3.76,2.05,3.35
407,2021-04-20 09:46:00,2.8,2.8,2.0,2.0,900,600,2.66,2.0,2.75
408,2021-04-20 09:47:00,2.8,2.8,2.0,2.0,900,600,2.66,2.0,2.75
409,2021-04-20 09:48:00,2.8,2.8,2.0,2.0,900,600,2.66,2.0,2.75
410,2021-04-20 09:49:00,2.8,2.8,2.0,2.0,900,600,2.66,2.0,2.75
411,2021-04-20 09:50:00,2.8,2.8,2.0,2.0,900,600,2.66,2.0,2.75
412,2021-04-20 09:51:00,2.8,2.8,2.0,2.0,900,600,2.66,2.0,2.75
413,2021-04-20 09:52:00,2.8,2.8,2.0,2.0,900,600,2.66,2.0,2.75
414,2021-04-20 09:53:00,2.8,2.8,2.0,2.0,900,600,2.66,2.0,2.75
415,2021-04-20 09:54:00,2.8,2.8,2.0,2.0,900,600,2.66,2.0,2.75
416,2021-04-20 09:55:00,2.8,2.8,2.0,2.0,900,600,2.66,2.0,2.75
417,2021-04-20 09:56:00,2.8,2.8,2.0,2.0,900,600,2.66,2.0,2.75
418,2021-04-20 09:57:00,2.8,2.8,2.0,2.0,900,600,2.66,2.0,2.75
419,2021-04-20 09:58:00,2.8,2.8,2.0,2.0,900,600,2.66,2.0,2.75
420,2021-04-20 09:59:00,2.8,2.8,2.0,2.0,900,600,2.66,2.0,2.75
421,2021-04-20 10:00:00,2.8,2.8,2.0,2.0,900,600,2.66,2.0,2.75
422,2021-04-20 10:01:00,2.8,2.8,2.0,2.0,900,600,2.66,2.0,2.75
423,2021-04-20 10:02:00,2.8,2.8,2.0,2.0,900,600,2.66,2.0,2.75
424,2021-04-20 10:03:00,2.8,2.8,2.0,2.0,900,600,2.66,2.0,2.75
425,2021-04-20 10:04:00,2.8,2.8,2.0,2.0,900,600,2.66,2.0,2.75
426,2021-04-20 10:05:00,2.8,2.8,2.0,2.0,900,600,2.66,2.0,2.75
427,2021-04-20 10:06:00,2.8,2.8,2.0,2.0,900,600,2.66,2.0,2.75
428,2021-04-20 10:07:00,2.8,2.8,2.0,2.0,900,600,2.66,2.0,2.75
429,2021-04-20 10:08:00,2.8,2.8,2.0,2.0,900,600,2.66,2.0,2.75
430,2021-04-20 10:09:00,2.8,2.8,2.0,2.0,900,600,2.66,2.0,2.75
431,2021-04-20 10:10:00,2.8,2.8,2.0,2.0,900,600,2.66,2.0,2.75
432,2021-04-20 10:11:00,2.8,2.8,2.0,2.0,900,600,2.66,2.0,2.75
433,2021-04-20 10:12:00,2.8,2.8,2.0,2.0,900,600,2.66,2.0,2.75
434,2021-04-20 10:13:00,2.8,2.8,2.0,2.0,900,600,2.66,2.0,2.75
435,2021-04-20 10:14:00,2.8,2.8,2.0,2.0,900,600,2.66,2.0,2.75
436,2021-04-20 10:15:00,2.8,2.8,2.0,2.0,900,600,2.66,2.0,2.75
437,2021-04-20 10:16:00,2.8,2.8,2.0,2.0,900,600,2.66,2.0,2.75
438,2021-04-20 10:17:00,2.8,2.8,2.0,2.0,900,600,2.66,2.0,2.75
439,2021-04-20 10:18:00,2.8,2.8,2.0,2.0,900,600,2.66,2.0,2.75
440,2021-04-20 10:19:00,2.8,2.8,2.0,2.0,900,600,2.66,2.0,2.75
441,2021-04-20 10:20:00,2.8,2.8,2.0,2.0,900,600,2.66,2.0,2.75
442,2021-04-20 10:21:00,2.8,2.8,2.0,2.0,900,600,2.66,2.0,2.75
443,2021-04-20 10:22:00,2.8,2.8,2.0,2.0,900,600,2.66,2.0,2.75
444,2021-04-20 10:23:00,2.8,2.8,2.0,2.0,900,600,2.66,2.0,2.75
445,2021-04-20 10:24:00,2.8,2.8,2.0,2.0,900,600,2.66,2.0,2.75
446,2021-04-20 10:25:00,2.8,2.8,2.0,2.0,900,600,2.66,2.0,2.75
447,2021-04-20 10:26:00,2.8,2.8,2.0,2.0,900,600,2.66,2.0,2.75
448,2021-04-20 10:27:00,2.8,2.8,2.0,2.0,900,600,2.66,2.0,2.75
449,2021-04-20 10:28:00,2.8,2.8,2.0,2.0,900,600,2.66,2.0,2.75
450,2021-04-20 10:29:00,2.8,2.8,2.0,2.0,900,600,2.66,2.0,2.75
451,2021-04-20 10:30:00,2.8,2.8,2.0,2.0,900,600,2.66,2.0,2.75
452,2021-04-20 10:31:00,2.8,2.8,2.0,2.0,900,600,2.66,2.0,2.75
453,2021-04-20 10:32:00,2.8,2.8,2.0,2.0,900,600,2.66,2.0,2.75
454,2021-04-20 10:33:00,2.8,2.8,2.0,2.0,900,600,2.66,2.0,2.75
455,2021-04-20 10:34:00,2.8,2.8,2.0,2.0,900,600,2.66,2.0,2.75
456,2021-04-20 10:35:00,2.8,2.8,2.0,2.0,900,600,2.66,2.0,2.75
457,2021-04-20 10:36:00,2.8,2.8,2.0,2.0,900,600,2.66,2.0,2.75
458,2021-04-20 10:37:00,2.05,2.05,2.05,2.05,150,1350,2.57,1.8,2.4
459,2021-04-20 10:38:00,2.05,2.05,2.05,2.05,150,1350,2.57,1.8,2.4
460,2021-04-20 10:39:00,2.05,2.05,2.05,2.05,150,1350,2.57,1.8,2.4
461,2021-04-20 10:40:00,2.05,2.05,2.05,2.05,150,1350,2.57,1.8,2.4
462,2021-04-20 10:41:00,2.05,2.05,2.05,2.05,150,1350,2.57,1.8,2.4
463,2021-04-20 10:42:00,2.05,2.05,2.05,2.05,150,1350,2.57,1.8,2.4
464,2021-04-20 10:43:00,2.05,2.05,2.05,2.05,150,1350,2.57,1.8,2.4
465,2021-04-20 10:44:00,2.05,2.05,2.05,2.05,150,1350,2.57,1.8,2.4
466,2021-04-20 10:45:00,2.05,2.05,2.05,2.05,150,1350,2.57,1.8,2.4
467,2021-04-20 10:46:00,2.05,2.05,2.05,2.05,150,1350,2.57,1.8,2.4
468,2021-04-20 10:47:00,2.05,2.05,2.05,2.05,150,1350,2.57,1.8,2.4
469,2021-04-20 10:48:00,2.05,2.05,2.05,2.05,150,1350,2.57,1.8,2.4
470,2021-04-20 10:49:00,2.05,2.05,2.05,2.05,150,1350,2.57,1.8,2.4
471,2021-04-20 10:50:00,2.05,2.05,2.05,2.05,150,1350,2.57,1.8,2.4
472,2021-04-20 10:51:00,2.05,2.05,2.05,2.05,150,1350,2.57,1.8,2.4
473,2021-04-20 10:52:00,2.05,2.05,2.05,2.05,150,1350,2.57,1.8,2.4
474,2021-04-20 10:53:00,2.05,2.05,2.05,2.05,150,1350,2.57,1.8,2.4
475,2021-04-20 10:54:00,2.05,2.05,2.05,2.05,150,1350,2.57,1.8,2.4
476,2021-04-20 10:55:00,2.05,2.05,2.05,2.05,150,1350,2.57,1.8,2.4
477,2021-04-20 10:56:00,2.05,2.05,2.05,2.05,150,1350,2.57,1.8,2.4
478,2021-04-20 10:57:00,2.05,2.05,2.05,2.05,150,1350,2.57,1.8,2.4
479,2021-04-20 10:58:00,2.05,2.05,2.05,2.05,150,1350,2.57,1.8,2.4
480,2021-04-20 10:59:00,2.05,2.05,2.05,2.05,150,1350,2.57,1.8,2.4
481,2021-04-20 11:00:00,2.05,2.05,2.05,2.05,150,1350,2.57,1.8,2.4
482,2021-04-20 11:01:00,2.05,2.05,2.05,2.05,150,1350,2.57,1.8,2.4
483,2021-04-20 11:02:00,2.05,2.05,2.05,2.05,150,1350,2.57,1.8,2.4
484,2021-04-20 11:03:00,2.05,2.05,2.05,2.05,150,1350,2.57,1.8,2.4
485,2021-04-20 11:04:00,2.05,2.05,2.05,2.05,150,1350,2.57,1.8,2.4
486,2021-04-20 11:05:00,2.05,2.05,2.05,2.05,150,1350,2.57,1.8,2.4
487,2021-04-20 11:06:00,2.05,2.05,2.05,2.05,150,1350,2.57,1.8,2.4
488,2021-04-20 11:07:00,2.05,2.05,2.05,2.05,150,1350,2.57,1.8,2.4
489,2021-04-20 11:08:00,2.05,2.05,2.05,2.05,150,1350,2.57,1.8,2.4
490,2021-04-20 11:09:00,2.05,2.05,2.05,2.05,150,1350,2.57,1.8,2.4
491,2021-04-20 11:10:00,2.05,2.05,2.05,2.05,150,1350,2.57,1.8,2.4
492,2021-04-20 11:11:00,2.05,2.05,2.05,2.05,150,1350,2.57,1.8,2.4
493,2021-04-20 11:12:00,2.05,2.05,2.05,2.05,150,1350,2.57,1.8,2.4
494,2021-04-20 11:13:00,2.05,2.05,2.05,2.05,150,1350,2.57,1.8,2.4
495,2021-04-20 11:14:00,2.05,2.05,2.05,2.05,150,1350,2.57,1.8,2.4
496,2021-04-20 11:15:00,2.05,2.05,2.05,2.05,150,1350,2.57,1.8,2.4
497,2021-04-20 11:16:00,2.05,2.05,2.05,2.05,150,1350,2.57,1.8,2.4
498,2021-04-20 11:17:00,2.05,2.05,2.05,2.05,150,1350,2.57,1.8,2.4
499,2021-04-20 11:18:00,2.05,2.05,2.05,2.05,150,1350,2.57,1.8,2.4
500,2021-04-20 11:19:00,2.05,2.05,2.05,2.05,150,1350,2.57,1.8,2.4
501,2021-04-20 11:20:00,2.05,2.05,2.05,2.05,150,1350,2.57,1.8,2.4
502,2021-04-20 11:21:00,2.05,2.05,2.05,2.05,150,1350,2.57,1.8,2.4
503,2021-04-20 11:22:00,2.05,2.05,2.05,2.05,150,1350,2.57,1.8,2.4
504,2021-04-20 11:23:00,2.05,2.05,2.05,2.05,150,1350,2.57,1.8,2.4
505,2021-04-20 11:24:00,2.05,2.05,2.05,2.05,150,1350,2.57,1.8,2.4
506,2021-04-20 11:25:00,2.05,2.05,2.05,2.05,150,1350,2.57,1.8,2.4
507,2021-04-20 11:26:00,2.05,2.05,2.05,2.05,150,1350,2.57,1.8,2.4
508,2021-04-20 11:27:00,2.05,2.05,2.05,2.05,150,1350,2.57,1.8,2.4
509,2021-04-20 11:28:00,2.05,2.05,2.05,2.05,150,1350,2.57,1.8,2.4
510,2021-04-20 11:29:00,2.05,2.05,2.05,2.05,150,1350,2.57,1.8,2.4
511,2021-04-20 11:30:00,2.05,2.05,2.05,2.05,150,1350,2.57,1.8,2.4
512,2021-04-20 11:31:00,2.05,2.05,2.05,2.05,150,1350,2.57,1.8,2.4
513,2021-04-20 11:32:00,2.05,2.05,2.05,2.05,150,1350,2.57,1.8,2.4
514,2021-04-20 11:33:00,2.05,2.05,2.05,2.05,150,1350,2.57,1.8,2.4
515,2021-04-20 11:34:00,2.05,2.05,2.05,2.05,150,1350,2.57,1.8,2.4
516,2021-04-20 11:35:00,2.05,2.05,2.05,2.05,150,1350,2.57,1.8,2.4
517,2021-04-20 11:36:00,2.05,2.05,2.05,2.05,150,1350,2.57,1.8,2.4
518,2021-04-20 11:37:00,2.05,2.05,2.05,2.05,150,1350,2.57,1.8,2.4
519,2021-04-20 11:38:00,2.05,2.05,2.05,2.05,150,1350,2.57,1.8,2.4
520,2021-04-20 11:39:00,2.05,2.05,2.05,2.05,150,1350,2.57,1.8,2.4
521,2021-04-20 11:40:00,2.05,2.05,2.05,2.05,150,1350,2.57,1.8,2.4
522,2021-04-20 11:41:00,2.05,2.05,2.05,2.05,150,1350,2.57,1.8,2.4
523,2021-04-20 11:42:00,2.05,2.05,2.05,2.05,150,1350,2.57,1.8,2.4
524,2021-04-20 11:43:00,2.05,2.05,2.05,2.05,150,1350,2.57,1.8,2.4
525,2021-04-20 11:44:00,2.05,2.05,2.05,2.05,150,1350,2.57,1.8,2.4
526,2021-04-20 11:45:00,2.05,2.05,2.05,2.05,150,1350,2.57,1.8,2.4
527,2021-04-20 11:46:00,2.05,2.05,2.05,2.05,150,1350,2.57,1.8,2.4
528,2021-04-20 11:47:00,2.05,2.05,2.05,2.05,150,1350,2.57,1.8,2.4
529,2021-04-20 11:48:00,2.05,2.05,2.05,2.05,150,1350,2.57,1.8,2.4
530,2021-04-20 11:49:00,2.05,2.05,2.05,2.05,150,1350,2.57,1.8,2.4
531,2021-04-20 11:50:00,2.05,2.05,2.05,2.05,150,1350,2.57,1.8,2.4
532,2021-04-20 11:51:00,2.05,2.05,2.05,2.05,150,1350,2.57,1.8,2.4
533,2021-04-20 11:52:00,2.05,2.05,2.05,2.05,150,1350,2.57,1.8,2.4
534,2021-04-20 11:53:00,2.05,2.05,2.05,2.05,150,1350,2.57,1.8,2.4
535,2021-04-20 11:54:00,2.05,2.05,2.05,2.05,150,1350,2.57,1.8,2.4
536,2021-04-20 11:55:00,2.05,2.05,2.05,2.05,150,1350,2.57,1.8,2.4
537,2021-04-20 11:56:00,2.05,2.05,2.05,2.05,150,1350,2.57,1.8,2.4
538,2021-04-20 11:57:00,2.05,2.05,2.05,2.05,150,1350,2.57,1.8,2.4
539,2021-04-20 11:58:00,2.05,2.05,2.05,2.05,150,1350,2.57,1.8,2.4
540,2021-04-20 11:59:00,2.05,2.05,2.05,2.05,150,1350,2.57,1.8,2.4
541,2021-04-20 12:00:00,2.05,2.05,2.05,2.05,150,1350,2.57,1.8,2.4
542,2021-04-20 12:01:00,2.05,2.05,2.05,2.05,150,1350,2.57,1.8,2.4
543,2021-04-20 12:02:00,2.05,2.05,2.05,2.05,150,1350,2.57,1.8,2.4
544,2021-04-20 12:03:00,2.05,2.05,2.05,2.05,150,1350,2.57,1.8,2.4
545,2021-04-20 12:04:00,2.05,2.05,2.05,2.05,150,1350,2.57,1.8,2.4
546,2021-04-20 12:05:00,2.05,2.05,2.05,2.05,150,1350,2.57,1.8,2.4
547,2021-04-20 12:06:00,2.05,2.05,2.05,2.05,150,1350,2.57,1.8,2.4
548,2021-04-20 12:07:00,2.05,2.05,2.05,2.05,150,1350,2.57,1.8,2.4
549,2021-04-20 12:08:00,2.05,2.05,2.05,2.05,150,1350,2.57,1.8,2.4
550,2021-04-20 12:09:00,2.05,2.05,2.05,2.05,150,1350,2.57,1.8,2.4
551,2021-04-20 12:10:00,2.05,2.05,2.05,2.05,150,1350,2.57,1.8,2.4
552,2021-04-20 12:11:00,2.05,2.05,2.05,2.05,150,1350,2.57,1.8,2.4
553,2021-04-20 12:12:00,2.05,2.05,2.05,2.05,150,1350,2.57,1.8,2.4
554,2021-04-20 12:13:00,2.05,2.05,2.05,2.05,150,1350,2.57,1.8,2.4
555,2021-04-20 12:14:00,2.05,2.05,2.05,2.05,150,1350,2.57,1.8,2.4
556,2021-04-20 12:15:00,2.05,2.05,2.05,2.05,150,1350,2.57,1.8,2.4
557,2021-04-20 12:16:00,2.05,2.05,2.05,2.05,150,1350,2.57,1.8,2.4
558,2021-04-20 12:17:00,2.05,2.05,2.05,2.05,150,1350,2.57,1.8,2.4
559,2021-04-20 12:18:00,2.05,2.05,2.05,2.05,150,1350,2.57,1.8,2.4
560,2021-04-20 12:19:00,2.05,2.05,2.05,2.05,150,1350,2.57,1.8,2.4
561,2021-04-20 12:20:00,2.05,2.05,2.05,2.05,150,1350,2.57,1.8,2.4
562,2021-04-20 12:21:00,2.05,2.05,2.05,2.05,150,1350,2.57,1.8,2.4
563,2021-04-20 12:22:00,2.05,2.05,2.05,2.05,150,1350,2.57,1.8,2.4
564,2021-04-20 12:23:00,2.05,2.05,2.05,2.05,150,1350,2.57,1.8,2.4
565,2021-04-20 12:24:00,2.05,2.05,2.05,2.05,150,1350,2.57,1.8,2.4
566,2021-04-20 12:25:00,2.05,2.05,2.05,2.05,150,1350,2.57,1.8,2.4
567,2021-04-20 12:26:00,2.05,2.05,2.05,2.05,150,1350,2.57,1.8,2.4
568,2021-04-20 12:27:00,2.05,2.05,2.05,2.05,150,1350,2.57,1.8,2.4
569,2021-04-20 12:28:00,2.05,2.05,2.05,2.05,150,1350,2.57,1.8,2.4
570,2021-04-20 12:29:00,2.05,2.05,2.05,2.05,150,1350,2.57,1.8,2.4
571,2021-04-20 12:30:00,2.05,2.05,2.05,2.05,150,1350,2.57,1.8,2.4
572,2021-04-20 12:31:00,2.05,2.05,2.05,2.05,150,1350,2.57,1.8,2.4
573,2021-04-20 12:32:00,2.05,2.05,2.05,2.05,150,1350,2.57,1.8,2.4
574,2021-04-20 12:33:00,2.05,2.05,2.05,2.05,150,1350,2.57,1.8,2.4
575,2021-04-20 12:34:00,2.05,2.05,2.05,2.05,150,1350,2.57,1.8,2.4
576,2021-04-20 12:35:00,2.05,2.05,2.05,2.05,150,1350,2.57,1.8,2.4
577,2021-04-20 12:36:00,2.05,2.05,2.05,2.05,150,1350,2.57,1.8,2.4
578,2021-04-20 12:37:00,2.05,2.05,2.05,2.05,150,1350,2.57,1.8,2.4
579,2021-04-20 12:38:00,2.05,2.05,2.05,2.05,150,1350,2.57,1.8,2.4
580,2021-04-20 12:39:00,2.05,2.05,2.05,2.05,150,1350,2.57,1.8,2.4
581,2021-04-20 12:40:00,2.05,2.05,2.05,2.05,150,1350,2.57,1.8,2.4
582,2021-04-20 12:41:00,2.05,2.05,2.05,2.05,150,1350,2.57,1.8,2.4
583,2021-04-20 12:42:00,2.05,2.05,2.05,2.05,150,1350,2.57,1.8,2.4
584,2021-04-20 12:43:00,2.05,2.05,2.05,2.05,150,1350,2.57,1.8,2.4
585,2021-04-20 12:44:00,2.05,2.05,2.05,2.05,150,1350,2.57,1.8,2.4
586,2021-04-20 12:45:00,2.05,2.05,2.05,2.05,150,1350,2.57,1.8,2.4
587,2021-04-20 12:46:00,2.05,2.05,2.05,2.05,150,1350,2.57,1.8,2.4
588,2021-04-20 12:47:00,2.05,2.05,2.05,2.05,150,1350,2.57,1.8,2.4
589,2021-04-20 12:48:00,2.05,2.05,2.05,2.05,150,1350,2.57,1.8,2.4
590,2021-04-20 12:49:00,2.05,2.05,2.05,2.05,150,1350,2.57,1.8,2.4
591,2021-04-20 12:50:00,2.05,2.05,2.05,2.05,150,1350,2.57,1.8,2.4
592,2021-04-20 12:51:00,2.05,2.05,2.05,2.05,150,1350,2.57,1.8,2.4
593,2021-04-20 12:52:00,2.05,2.05,2.05,2.05,150,1350,2.57,1.8,2.4
594,2021-04-20 12:53:00,2.05,2.05,2.05,2.05,150,1350,2.57,1.8,2.4
595,2021-04-20 12:54:00,2.05,2.05,2.05,2.05,150,1350,2.57,1.8,2.4
596,2021-04-20 12:55:00,2.05,2.05,2.05,2.05,150,1350,2.57,1.8,2.4
597,2021-04-20 12:56:00,2.05,2.05,2.05,2.05,150,1350,2.57,1.8,2.4
598,2021-04-20 12:57:00,2.05,2.05,2.05,2.05,150,1350,2.57,1.8,2.4
599,2021-04-20 12:58:00,2.05,2.05,2.05,2.05,150,1350,2.57,1.8,2.4
600,2021-04-20 12:59:00,2.05,2.05,2.05,2.05,150,1350,2.57,1.8,2.4
601,2021-04-20 13:00:00,2.05,2.05,2.05,2.05,150,1350,2.57,1.8,2.4
602,2021-04-20 13:01:00,2.05,2.05,2.05,2.05,150,1350,2.57,1.8,2.4
603,2021-04-20 13:02:00,2.05,2.05,2.05,2.05,150,1350,2.57,1.8,2.4
604,2021-04-20 13:03:00,2.05,2.05,2.05,2.05,150,1350,2.57,1.8,2.4
605,2021-04-20 13:04:00,2.05,2.05,2.05,2.05,150,1350,2.57,1.8,2.4
606,2021-04-20 13:05:00,2.05,2.05,2.05,2.05,150,1350,2.57,1.8,2.4
607,2021-04-20 13:06:00,2.05,2.05,2.05,2.05,150,1350,2.57,1.8,2.4
608,2021-04-20 13:07:00,2.05,2.05,2.05,2.05,150,1350,2.57,1.8,2.4
609,2021-04-20 13:08:00,2.05,2.05,2.05,2.05,150,1350,2.57,1.8,2.4
610,2021-04-20 13:09:00,2.05,2.05,2.05,2.05,150,1350,2.57,1.8,2.4
611,2021-04-20 13:10:00,2.05,2.05,2.05,2.05,150,1350,2.57,1.8,2.4
612,2021-04-20 13:11:00,2.05,2.05,2.05,2.05,150,1350,2.57,1.8,2.4
613,2021-04-20 13:12:00,2.05,2.05,2.05,2.05,150,1350,2.57,1.8,2.4
614,2021-04-20 13:13:00,2.05,2.05,2.05,2.05,150,1350,2.57,1.8,2.4
615,2021-04-20 13:14:00,2.05,2.05,2.05,2.05,150,1350,2.57,1.8,2.4
616,2021-04-20 13:15:00,2.05,2.05,2.05,2.05,150,1350,2.57,1.8,2.4
617,2021-04-20 13:16:00,2.05,2.05,2.05,2.05,150,1350,2.57,1.8,2.4
618,2021-04-20 13:17:00,2.05,2.05,2.05,2.05,150,1350,2.57,1.8,2.4
619,2021-04-20 13:18:00,2.05,2.05,2.05,2.05,150,1350,2.57,1.8,2.4
620,2021-04-20 13:19:00,2.05,2.05,2.05,2.05,150,1350,2.57,1.8,2.4
621,2021-04-20 13:20:00,2.05,2.05,2.05,2.05,150,1350,2.57,1.8,2.4
622,2021-04-20 13:21:00,2.05,2.05,2.05,2.05,150,1350,2.57,1.8,2.4
623,2021-04-20 13:22:00,2.05,2.05,2.05,2.05,150,1350,2.57,1.8,2.4
624,2021-04-20 13:23:00,2.05,2.05,2.05,2.05,150,1350,2.57,1.8,2.4
625,2021-04-20 13:24:00,2.05,2.05,2.05,2.05,150,1350,2.57,1.8,2.4
626,2021-04-20 13:25:00,2.05,2.05,2.05,2.05,150,1350,2.57,1.8,2.4
627,2021-04-20 13:26:00,2.05,2.05,2.05,2.05,150,1350,2.57,1.8,2.4
628,2021-04-20 13:27:00,2.05,2.05,2.05,2.05,150,1350,2.57,1.8,2.4
629,2021-04-20 13:28:00,2.05,2.05,2.05,2.05,150,1350,2.57,1.8,2.4
630,2021-04-20 13:29:00,1.65,1.65,1.65,1.65,75,1350,2.51,1.65,2.3
631,2021-04-20 13:30:00,1.65,1.65,1.65,1.65,75,1350,2.51,1.65,2.3
632,2021-04-20 13:31:00,1.65,1.65,1.65,1.65,75,1350,2.51,1.65,2.3
633,2021-04-20 13:32:00,1.65,1.65,1.65,1.65,75,1350,2.51,1.65,2.3
634,2021-04-20 13:33:00,1.65,1.65,1.65,1.65,75,1350,2.51,1.65,2.3
635,2021-04-20 13:34:00,1.65,1.65,1.65,1.65,75,1350,2.51,1.65,2.3
636,2021-04-20 13:35:00,1.65,1.65,1.65,1.65,75,1350,2.51,1.65,2.3
637,2021-04-20 13:36:00,1.65,1.65,1.65,1.65,75,1350,2.51,1.65,2.3
638,2021-04-20 13:37:00,1.65,1.65,1.65,1.65,75,1350,2.51,1.65,2.3
639,2021-04-20 13:38:00,1.65,1.65,1.65,1.65,75,1350,2.51,1.65,2.3
640,2021-04-20 13:39:00,1.65,1.65,1.65,1.65,75,1350,2.51,1.65,2.3
641,2021-04-20 13:40:00,1.65,1.65,1.65,1.65,75,1350,2.51,1.65,2.3
642,2021-04-20 13:41:00,1.65,1.65,1.65,1.65,75,1350,2.51,1.65,2.3
643,2021-04-20 13:42:00,1.65,1.65,1.65,1.65,75,1350,2.51,1.65,2.3
644,2021-04-20 13:43:00,1.65,1.65,1.65,1.65,75,1350,2.51,1.65,2.3
645,2021-04-20 13:44:00,1.65,1.65,1.65,1.65,75,1350,2.51,1.65,2.3
646,2021-04-20 13:45:00,1.65,1.65,1.65,1.65,75,1350,2.51,1.65,2.3
647,2021-04-20 13:46:00,1.65,1.65,1.65,1.65,75,1350,2.51,1.65,2.3
648,2021-04-20 13:47:00,1.65,1.65,1.65,1.65,75,1350,2.51,1.65,2.3
649,2021-04-20 13:48:00,1.65,1.65,1.65,1.65,75,1350,2.51,1.65,2.3
650,2021-04-20 13:49:00,1.65,1.65,1.65,1.65,75,1350,2.51,1.65,2.3
651,2021-04-20 13:50:00,1.65,1.65,1.65,1.65,75,1350,2.51,1.65,2.3
652,2021-04-20 13:51:00,1.65,1.65,1.65,1.65,75,1350,2.51,1.65,2.3
653,2021-04-20 13:52:00,1.65,1.65,1.65,1.65,75,1350,2.51,1.65,2.3
654,2021-04-20 13:53:00,1.65,1.65,1.65,1.65,75,1350,2.51,1.65,2.3
655,2021-04-20 13:54:00,1.65,1.65,1.65,1.65,75,1350,2.51,1.65,2.3
656,2021-04-20 13:55:00,1.65,1.65,1.65,1.65,75,1350,2.51,1.65,2.3
657,2021-04-20 13:56:00,1.65,1.65,1.65,1.65,75,1350,2.51,1.65,2.3
658,2021-04-20 13:57:00,1.65,1.65,1.65,1.65,75,1350,2.51,1.65,2.3
659,2021-04-20 13:58:00,1.65,1.65,1.65,1.65,75,1350,2.51,1.65,2.3
660,2021-04-20 13:59:00,1.65,1.65,1.65,1.65,75,1350,2.51,1.65,2.3
661,2021-04-20 14:00:00,1.65,1.65,1.65,1.65,75,1350,2.51,1.65,2.3
662,2021-04-20 14:01:00,1.65,1.65,1.65,1.65,75,1350,2.51,1.65,2.3
663,2021-04-20 14:02:00,1.65,1.65,1.65,1.65,75,1350,2.51,1.65,2.3
664,2021-04-20 14:03:00,1.65,1.65,1.65,1.65,75,1350,2.51,1.65,2.3
665,2021-04-20 14:04:00,1.65,1.65,1.65,1.65,75,1350,2.51,1.65,2.3
666,2021-04-20 14:05:00,1.65,1.65,1.65,1.65,75,1350,2.51,1.65,2.3
667,2021-04-20 14:06:00,1.65,1.65,1.65,1.65,75,1350,2.51,1.65,2.3
668,2021-04-20 14:07:00,1.65,1.65,1.65,1.65,75,1350,2.51,1.65,2.3
669,2021-04-20 14:08:00,1.65,1.65,1.65,1.65,75,1350,2.51,1.65,2.3
670,2021-04-20 14:09:00,1.65,1.65,1.65,1.65,75,1350,2.51,1.65,2.3
671,2021-04-20 14:10:00,1.65,1.65,1.65,1.65,75,1350,2.51,1.65,2.3
672,2021-04-20 14:11:00,1.65,1.65,1.65,1.65,75,1350,2.51,1.65,2.3
673,2021-04-20 14:12:00,1.65,1.65,1.65,1.65,75,1350,2.51,1.65,2.3
674,2021-04-20 14:13:00,1.65,1.65,1.65,1.65,75,1350,2.51,1.65,2.3
675,2021-04-20 14:14:00,1.65,1.65,1.65,1.65,75,1350,2.51,1.65,2.3
676,2021-04-20 14:15:00,1.65,1.65,1.65,1.65,75,1350,2.51,1.65,2.3
677,2021-04-20 14:16:00,1.65,1.65,1.65,1.65,75,1350,2.51,1.65,2.3
678,2021-04-20 14:17:00,1.65,1.65,1.65,1.65,75,1350,2.51,1.65,2.3
679,2021-04-20 14:18:00,1.65,1.65,1.65,1.65,75,1350,2.51,1.65,2.3
680,2021-04-20 14:19:00,1.65,1.65,1.65,1.65,75,1350,2.51,1.65,2.3
681,2021-04-20 14:20:00,1.65,1.65,1.65,1.65,75,1350,2.51,1.65,2.3
682,2021-04-20 14:21:00,1.65,1.65,1.65,1.65,75,1350,2.51,1.65,2.3
683,2021-04-20 14:22:00,1.65,1.65,1.65,1.65,75,1350,2.51,1.65,2.3
684,2021-04-20 14:23:00,1.65,1.65,1.65,1.65,75,1350,2.51,1.65,2.3
685,2021-04-20 14:24:00,1.65,1.65,1.65,1.65,75,1350,2.51,1.65,2.3
686,2021-04-20 14:25:00,1.65,1.65,1.65,1.65,75,1350,2.51,1.65,2.3
687,2021-04-20 14:26:00,1.65,1.65,1.65,1.65,75,1350,2.51,1.65,2.3
688,2021-04-20 14:27:00,1.65,1.65,1.65,1.65,75,1350,2.51,1.65,2.3
689,2021-04-20 14:28:00,1.65,1.65,1.65,1.65,75,1350,2.51,1.65,2.3
690,2021-04-20 14:29:00,1.65,1.65,1.65,1.65,75,1350,2.51,1.65,2.3
691,2021-04-20 14:30:00,1.65,1.65,1.65,1.65,75,1350,2.51,1.65,2.3
692,2021-04-20 14:31:00,1.65,1.65,1.65,1.65,75,1350,2.51,1.65,2.3
693,2021-04-20 14:32:00,1.65,1.65,1.65,1.65,75,1350,2.51,1.65,2.3
694,2021-04-20 14:33:00,1.65,1.65,1.65,1.65,75,1350,2.51,1.65,2.3
695,2021-04-20 14:34:00,1.65,1.65,1.65,1.65,75,1350,2.51,1.65,2.3
696,2021-04-20 14:35:00,1.65,1.65,1.65,1.65,75,1350,2.51,1.65,2.3
697,2021-04-20 14:36:00,1.65,1.65,1.65,1.65,75,1350,2.51,1.65,2.3
698,2021-04-20 14:37:00,1.65,1.65,1.65,1.65,75,1350,2.51,1.65,2.3
699,2021-04-20 14:38:00,1.65,1.65,1.65,1.65,75,1350,2.51,1.65,2.3
700,2021-04-20 14:39:00,1.65,1.65,1.65,1.65,75,1350,2.51,1.65,2.3
701,2021-04-20 14:40:00,1.65,1.65,1.65,1.65,75,1350,2.51,1.65,2.3
702,2021-04-20 14:41:00,1.65,1.65,1.65,1.65,75,1350,2.51,1.65,2.3
703,2021-04-20 14:42:00,1.65,1.65,1.65,1.65,75,1350,2.51,1.65,2.3
704,2021-04-20 14:43:00,1.65,1.65,1.65,1.65,75,1350,2.51,1.65,2.3
705,2021-04-20 14:44:00,1.65,1.65,1.65,1.65,75,1350,2.51,1.65,2.3
706,2021-04-20 14:45:00,1.65,1.65,1.65,1.65,75,1350,2.51,1.65,2.3
707,2021-04-20 14:46:00,1.65,1.65,1.65,1.65,75,1350,2.51,1.65,2.3
708,2021-04-20 14:47:00,1.65,1.65,1.65,1.65,75,1350,2.51,1.65,2.3
709,2021-04-20 14:48:00,1.65,1.65,1.65,1.65,75,1350,2.51,1.65,2.3
710,2021-04-20 14:49:00,1.65,1.65,1.65,1.65,75,1350,2.51,1.65,2.3
711,2021-04-20 14:50:00,1.65,1.65,1.65,1.65,75,1350,2.51,1.65,2.3
712,2021-04-20 14:51:00,1.65,1.65,1.65,1.65,75,1350,2.51,1.65,2.3
713,2021-04-20 14:52:00,1.65,1.65,1.65,1.65,75,1350,2.51,1.65,2.3
714,2021-04-20 14:53:00,1.65,1.65,1.65,1.65,75,1350,2.51,1.65,2.3
715,2021-04-20 14:54:00,1.65,1.65,1.65,1.65,75,1350,2.51,1.65,2.3
716,2021-04-20 14:55:00,1.65,1.65,1.65,1.65,75,1350,2.51,1.65,2.3
717,2021-04-20 14:56:00,1.65,1.65,1.65,1.65,75,1350,2.51,1.65,2.3
718,2021-04-20 14:57:00,1.65,1.65,1.65,1.65,75,1350,2.51,1.65,2.3
719,2021-04-20 14:58:00,1.65,1.65,1.65,1.65,75,1350,2.51,1.65,2.3
720,2021-04-20 14:59:00,1.65,1.65,1.65,1.65,75,1350,2.51,1.65,2.3
721,2021-04-20 15:00:00,1.65,1.65,1.65,1.65,75,1350,2.51,1.65,2.3
722,2021-04-20 15:01:00,1.65,1.65,1.65,1.65,75,1350,2.51,1.65,2.3
723,2021-04-20 15:02:00,1.65,1.65,1.65,1.65,75,1350,2.51,1.65,2.3
724,2021-04-20 15:03:00,1.65,1.65,1.65,1.65,75,1350,2.51,1.65,2.3
725,2021-04-20 15:04:00,1.65,1.65,1.65,1.65,75,1350,2.51,1.65,2.3
726,2021-04-20 15:05:00,1.65,1.65,1.65,1.65,75,1350,2.51,1.65,2.3
727,2021-04-20 15:06:00,1.65,1.65,1.65,1.65,75,1350,2.51,1.65,2.3
728,2021-04-20 15:07:00,1.65,1.65,1.65,1.65,75,1350,2.51,1.65,2.3
729,2021-04-20 15:08:00,1.65,1.65,1.65,1.65,75,1350,2.51,1.65,2.3
730,2021-04-20 15:09:00,1.65,1.65,1.65,1.65,75,1350,2.51,1.65,2.3
731,2021-04-20 15:10:00,1.65,1.65,1.65,1.65,75,1350,2.51,1.65,2.3
732,2021-04-20 15:11:00,1.65,1.65,1.65,1.65,75,1350,2.51,1.65,2.3
733,2021-04-20 15:12:00,1.65,1.65,1.65,1.65,75,1350,2.51,1.65,2.3
734,2021-04-20 15:13:00,1.65,1.65,1.65,1.65,75,1350,2.51,1.65,2.3
735,2021-04-20 15:14:00,1.65,1.65,1.65,1.65,75,1350,2.51,1.65,2.3
736,2021-04-20 15:15:00,1.65,1.65,1.65,1.65,75,1350,2.51,1.65,2.3
737,2021-04-20 15:16:00,1.65,1.65,1.65,1.65,75,1350,2.51,1.65,2.3
738,2021-04-20 15:17:00,1.65,1.65,1.65,1.65,75,1350,2.51,1.65,2.3
739,2021-04-20 15:18:00,1.65,1.65,1.65,1.65,75,1350,2.51,1.65,2.3
740,2021-04-20 15:19:00,1.65,1.65,1.65,1.65,75,1350,2.51,1.65,2.3
741,2021-04-20 15:20:00,1.65,1.65,1.65,1.65,75,1350,2.51,1.65,2.3
742,2021-04-20 15:21:00,1.65,1.65,1.65,1.65,75,1350,2.51,1.65,2.3
743,2021-04-20 15:22:00,1.65,1.65,1.65,1.65,75,1350,2.51,1.65,2.3
744,2021-04-20 15:23:00,1.65,1.65,1.65,1.65,75,1350,2.51,1.65,2.3
745,2021-04-20 15:24:00,1.65,1.65,1.65,1.65,75,1350,2.51,1.65,2.3
746,2021-04-20 15:25:00,1.65,1.65,1.65,1.65,75,1350,2.51,1.65,2.3
747,2021-04-20 15:26:00,1.65,1.65,1.65,1.65,75,1350,2.51,1.65,2.3
748,2021-04-20 15:27:00,1.65,1.65,1.65,1.65,75,1350,2.51,1.65,2.3
749,2021-04-20 15:28:00,1.65,1.65,1.65,1.65,75,1350,2.51,1.65,2.3
750,2021-04-20 15:29:00,1.65,1.65,1.65,1.65,75,1350,2.51,1.65,2.3
751,2021-04-20 15:30:00,1.65,1.65,1.65,1.65,75,1350,2.51,1.65,2.3
752,2021-04-21 09:15:00,1.65,1.65,1.65,1.65,75,1350,2.51,1.65,2.3
753,2021-04-21 09:16:00,1.65,1.65,1.65,1.65,75,1350,2.51,1.65,2.3
754,2021-04-21 09:17:00,1.65,1.65,1.65,1.65,75,1350,2.51,1.65,2.3
755,2021-04-21 09:18:00,1.65,1.65,1.65,1.65,75,1350,2.51,1.65,2.3
756,2021-04-21 09:19:00,1.65,1.65,1.65,1.65,75,1350,2.51,1.65,2.3
757,2021-04-21 09:20:00,1.65,1.65,1.65,1.65,75,1350,2.51,1.65,2.3
758,2021-04-21 09:21:00,1.65,1.65,1.65,1.65,75,1350,2.51,1.65,2.3
759,2021-04-21 09:22:00,1.65,1.65,1.65,1.65,75,1350,2.51,1.65,2.3
760,2021-04-21 09:23:00,1.65,1.65,1.65,1.65,75,1350,2.51,1.65,2.3
761,2021-04-21 09:24:00,1.65,1.65,1.65,1.65,75,1350,2.51,1.65,2.3
762,2021-04-21 09:25:00,1.65,1.65,1.65,1.65,75,1350,2.51,1.65,2.3
763,2021-04-21 09:26:00,1.65,1.65,1.65,1.65,75,1350,2.51,1.65,2.3
764,2021-04-21 09:27:00,1.65,1.65,1.65,1.65,75,1350,2.51,1.65,2.3
765,2021-04-21 09:28:00,1.65,1.65,1.65,1.65,75,1350,2.51,1.65,2.3
766,2021-04-21 09:29:00,1.65,1.65,1.65,1.65,75,1350,2.51,1.65,2.3
767,2021-04-21 09:30:00,1.65,1.65,1.65,1.65,75,1350,2.51,1.65,2.3
768,2021-04-21 09:31:00,1.65,1.65,1.65,1.65,75,1350,2.51,1.65,2.3
769,2021-04-21 09:32:00,1.65,1.65,1.65,1.65,75,1350,2.51,1.65,2.3
770,2021-04-21 09:33:00,1.65,1.65,1.65,1.65,75,1350,2.51,1.65,2.3
771,2021-04-21 09:34:00,1.65,1.65,1.65,1.65,75,1350,2.51,1.65,2.3
772,2021-04-21 09:35:00,1.65,1.65,1.65,1.65,75,1350,2.51,1.65,2.3
773,2021-04-21 09:36:00,1.65,1.65,1.65,1.65,75,1350,2.51,1.65,2.3
774,2021-04-21 09:37:00,1.65,1.65,1.65,1.65,75,1350,2.51,1.65,2.3
775,2021-04-21 09:38:00,1.65,1.65,1.65,1.65,75,1350,2.51,1.65,2.3
776,2021-04-21 09:39:00,1.65,1.65,1.65,1.65,75,1350,2.51,1.65,2.3
777,2021-04-21 09:40:00,1.65,1.65,1.65,1.65,75,1350,2.51,1.65,2.3
778,2021-04-21 09:41:00,1.65,1.65,1.65,1.65,75,1350,2.51,1.65,2.3
779,2021-04-21 09:42:00,1.65,1.65,1.65,1.65,75,1350,2.51,1.65,2.3
780,2021-04-21 09:43:00,1.65,1.65,1.65,1.65,75,1350,2.51,1.65,2.3
781,2021-04-21 09:44:00,1.65,1.65,1.65,1.65,75,1350,2.51,1.65,2.3
782,2021-04-21 09:45:00,1.65,1.65,1.65,1.65,75,1350,2.51,1.65,2.3
783,2021-04-21 09:46:00,1.65,1.65,1.65,1.65,75,1350,2.51,1.65,2.3
784,2021-04-21 09:47:00,1.65,1.65,1.65,1.65,75,1350,2.51,1.65,2.3
785,2021-04-21 09:48:00,1.65,1.65,1.65,1.65,75,1350,2.51,1.65,2.3
786,2021-04-21 09:49:00,1.65,1.65,1.65,1.65,75,1350,2.51,1.65,2.3
787,2021-04-21 09:50:00,1.65,1.65,1.65,1.65,75,1350,2.51,1.65,2.3
788,2021-04-21 09:51:00,1.65,1.65,1.65,1.65,75,1350,2.51,1.65,2.3
789,2021-04-21 09:52:00,1.65,1.65,1.65,1.65,75,1350,2.51,1.65,2.3
790,2021-04-21 09:53:00,1.65,1.65,1.65,1.65,75,1350,2.51,1.65,2.3
791,2021-04-21 09:54:00,1.65,1.65,1.65,1.65,75,1350,2.51,1.65,2.3
792,2021-04-21 09:55:00,1.65,1.65,1.65,1.65,75,1350,2.51,1.65,2.3
793,2021-04-21 09:56:00,1.65,1.65,1.65,1.65,75,1350,2.51,1.65,2.3
794,2021-04-21 09:57:00,1.65,1.65,1.65,1.65,75,1350,2.51,1.65,2.3
795,2021-04-21 09:58:00,1.65,1.65,1.65,1.65,75,1350,2.51,1.65,2.3
796,2021-04-21 09:59:00,1.65,1.65,1.65,1.65,75,1350,2.51,1.65,2.3
797,2021-04-21 10:00:00,1.65,1.65,1.65,1.65,75,1350,2.51,1.65,2.3
798,2021-04-21 10:01:00,1.65,1.65,1.65,1.65,75,1350,2.51,1.65,2.3
799,2021-04-21 10:02:00,1.65,1.65,1.65,1.65,75,1350,2.51,1.65,2.3
800,2021-04-21 10:03:00,1.65,1.65,1.65,1.65,75,1350,2.51,1.65,2.3
801,2021-04-21 10:04:00,1.65,1.65,1.65,1.65,75,1350,2.51,1.65,2.3
802,2021-04-21 10:05:00,1.65,1.65,1.65,1.65,75,1350,2.51,1.65,2.3
803,2021-04-21 10:06:00,1.65,1.65,1.65,1.65,75,1350,2.51,1.65,2.3
804,2021-04-21 10:07:00,1.65,1.65,1.65,1.65,75,1350,2.51,1.65,2.3
805,2021-04-21 10:08:00,1.65,1.65,1.65,1.65,75,1350,2.51,1.65,2.3
806,2021-04-21 10:09:00,1.65,1.65,1.65,1.65,75,1350,2.51,1.65,2.3
807,2021-04-21 10:10:00,1.65,1.65,1.65,1.65,75,1350,2.51,1.65,2.3
808,2021-04-21 10:11:00,1.65,1.65,1.65,1.65,75,1350,2.51,1.65,2.3
809,2021-04-21 10:12:00,1.65,1.65,1.65,1.65,75,1350,2.51,1.65,2.3
810,2021-04-21 10:13:00,1.65,1.65,1.65,1.65,75,1350,2.51,1.65,2.3
811,2021-04-21 10:14:00,1.65,1.65,1.65,1.65,75,1350,2.51,1.65,2.3
812,2021-04-21 10:15:00,1.65,1.65,1.65,1.65,75,1350,2.51,1.65,2.3
813,2021-04-21 10:16:00,1.65,1.65,1.65,1.65,75,1350,2.51,1.65,2.3
814,2021-04-21 10:17:00,1.65,1.65,1.65,1.65,75,1350,2.51,1.65,2.3
815,2021-04-21 10:18:00,1.65,1.65,1.65,1.65,75,1350,2.51,1.65,2.3
816,2021-04-21 10:19:00,1.65,1.65,1.65,1.65,75,1350,2.51,1.65,2.3
817,2021-04-21 10:20:00,1.65,1.65,1.65,1.65,75,1350,2.51,1.65,2.3
818,2021-04-21 10:21:00,1.65,1.65,1.65,1.65,75,1350,2.51,1.65,2.3
819,2021-04-21 10:22:00,1.65,1.65,1.65,1.65,75,1350,2.51,1.65,2.3
820,2021-04-21 10:23:00,1.65,1.65,1.65,1.65,75,1350,2.51,1.65,2.3
821,2021-04-21 10:24:00,1.65,1.65,1.65,1.65,75,1350,2.51,1.65,2.3
822,2021-04-21 10:25:00,1.65,1.65,1.65,1.65,75,1350,2.51,1.65,2.3
823,2021-04-21 10:26:00,1.65,1.65,1.65,1.65,75,1350,2.51,1.65,2.3
824,2021-04-21 10:27:00,1.65,1.65,1.65,1.65,75,1350,2.51,1.65,2.3
825,2021-04-21 10:28:00,1.65,1.65,1.65,1.65,75,1350,2.51,1.65,2.3
826,2021-04-21 10:29:00,1.65,1.65,1.65,1.65,75,1350,2.51,1.65,2.3
827,2021-04-21 10:30:00,1.65,1.65,1.65,1.65,75,1350,2.51,1.65,2.3
828,2021-04-21 10:31:00,1.65,1.65,1.65,1.65,75,1350,2.51,1.65,2.3
829,2021-04-21 10:32:00,1.65,1.65,1.65,1.65,75,1350,2.51,1.65,2.3
830,2021-04-21 10:33:00,1.65,1.65,1.65,1.65,75,1350,2.51,1.65,2.3
831,2021-04-21 10:34:00,1.65,1.65,1.65,1.65,75,1350,2.51,1.65,2.3
832,2021-04-21 10:35:00,1.65,1.65,1.65,1.65,75,1350,2.51,1.65,2.3
833,2021-04-21 10:36:00,1.65,1.65,1.65,1.65,75,1350,2.51,1.65,2.3
834,2021-04-21 10:37:00,1.65,1.65,1.65,1.65,75,1350,2.51,1.65,2.3
835,2021-04-21 10:38:00,1.65,1.65,1.65,1.65,75,1350,2.51,1.65,2.3
836,2021-04-21 10:39:00,1.65,1.65,1.65,1.65,75,1350,2.51,1.65,2.3
837,2021-04-21 10:40:00,1.65,1.65,1.65,1.65,75,1350,2.51,1.65,2.3
838,2021-04-21 10:41:00,1.65,1.65,1.65,1.65,75,1350,2.51,1.65,2.3
839,2021-04-21 10:42:00,1.65,1.65,1.65,1.65,75,1350,2.51,1.65,2.3
840,2021-04-21 10:43:00,1.65,1.65,1.65,1.65,75,1350,2.51,1.65,2.3
841,2021-04-21 10:44:00,1.65,1.65,1.65,1.65,75,1350,2.51,1.65,2.3
842,2021-04-21 10:45:00,1.65,1.65,1.65,1.65,75,1350,2.51,1.65,2.3
843,2021-04-21 10:46:00,1.65,1.65,1.65,1.65,75,1350,2.51,1.65,2.3
844,2021-04-21 10:47:00,1.65,1.65,1.65,1.65,75,1350,2.51,1.65,2.3
845,2021-04-21 10:48:00,1.65,1.65,1.65,1.65,75,1350,2.51,1.65,2.3
846,2021-04-21 10:49:00,1.65,1.65,1.65,1.65,75,1350,2.51,1.65,2.3
847,2021-04-21 10:50:00,1.65,1.65,1.65,1.65,75,1350,2.51,1.65,2.3
848,2021-04-21 10:51:00,1.65,1.65,1.65,1.65,75,1350,2.51,1.65,2.3
849,2021-04-21 10:52:00,1.65,1.65,1.65,1.65,75,1350,2.51,1.65,2.3
850,2021-04-21 10:53:00,1.65,1.65,1.65,1.65,75,1350,2.51,1.65,2.3
851,2021-04-21 10:54:00,1.65,1.65,1.65,1.65,75,1350,2.51,1.65,2.3
852,2021-04-21 10:55:00,1.65,1.65,1.65,1.65,75,1350,2.51,1.65,2.3
853,2021-04-21 10:56:00,1.65,1.65,1.65,1.65,75,1350,2.51,1.65,2.3
854,2021-04-21 10:57:00,1.65,1.65,1.65,1.65,75,1350,2.51,1.65,2.3
855,2021-04-21 10:58:00,1.65,1.65,1.65,1.65,75,1350,2.51,1.65,2.3
856,2021-04-21 10:59:00,1.65,1.65,1.65,1.65,75,1350,2.51,1.65,2.3
857,2021-04-21 11:00:00,1.65,1.65,1.65,1.65,75,1350,2.51,1.65,2.3
858,2021-04-21 11:01:00,1.65,1.65,1.65,1.65,75,1350,2.51,1.65,2.3
859,2021-04-21 11:02:00,1.65,1.65,1.65,1.65,75,1350,2.51,1.65,2.3
860,2021-04-21 11:03:00,1.65,1.65,1.65,1.65,75,1350,2.51,1.65,2.3
861,2021-04-21 11:04:00,1.65,1.65,1.65,1.65,75,1350,2.51,1.65,2.3
862,2021-04-21 11:05:00,1.65,1.65,1.65,1.65,75,1350,2.51,1.65,2.3
863,2021-04-21 11:06:00,1.65,1.65,1.65,1.65,75,1350,2.51,1.65,2.3
864,2021-04-21 11:07:00,1.65,1.65,1.65,1.65,75,1350,2.51,1.65,2.3
865,2021-04-21 11:08:00,1.65,1.65,1.65,1.65,75,1350,2.51,1.65,2.3
866,2021-04-21 11:09:00,1.65,1.65,1.65,1.65,75,1350,2.51,1.65,2.3
867,2021-04-21 11:10:00,1.65,1.65,1.65,1.65,75,1350,2.51,1.65,2.3
868,2021-04-21 11:11:00,1.65,1.65,1.65,1.65,75,1350,2.51,1.65,2.3
869,2021-04-21 11:12:00,1.65,1.65,1.65,1.65,75,1350,2.51,1.65,2.3
870,2021-04-21 11:13:00,1.65,1.65,1.65,1.65,75,1350,2.51,1.65,2.3
871,2021-04-21 11:14:00,1.65,1.65,1.65,1.65,75,1350,2.51,1.65,2.3
872,2021-04-21 11:15:00,1.65,1.65,1.65,1.65,75,1350,2.51,1.65,2.3
873,2021-04-21 11:16:00,1.65,1.65,1.65,1.65,75,1350,2.51,1.65,2.3
874,2021-04-21 11:17:00,1.65,1.65,1.65,1.65,75,1350,2.51,1.65,2.3
875,2021-04-21 11:18:00,1.65,1.65,1.65,1.65,75,1350,2.51,1.65,2.3
876,2021-04-21 11:19:00,1.65,1.65,1.65,1.65,75,1350,2.51,1.65,2.3
877,2021-04-21 11:20:00,1.65,1.65,1.65,1.65,75,1350,2.51,1.65,2.3
878,2021-04-21 11:21:00,1.65,1.65,1.65,1.65,75,1350,2.51,1.65,2.3
879,2021-04-21 11:22:00,1.65,1.65,1.65,1.65,75,1350,2.51,1.65,2.3
880,2021-04-21 11:23:00,1.65,1.65,1.65,1.65,75,1350,2.51,1.65,2.3
881,2021-04-21 11:24:00,1.65,1.65,1.65,1.65,75,1350,2.51,1.65,2.3
882,2021-04-21 11:25:00,1.65,1.65,1.65,1.65,75,1350,2.51,1.65,2.3
883,2021-04-21 11:26:00,1.65,1.65,1.65,1.65,75,1350,2.51,1.65,2.3
884,2021-04-21 11:27:00,1.65,1.65,1.65,1.65,75,1350,2.51,1.65,2.3
885,2021-04-21 11:28:00,1.65,1.65,1.65,1.65,75,1350,2.51,1.65,2.3
886,2021-04-21 11:29:00,1.65,1.65,1.65,1.65,75,1350,2.51,1.65,2.3
887,2021-04-21 11:30:00,1.65,1.65,1.65,1.65,75,1350,2.51,1.65,2.3
888,2021-04-21 11:31:00,1.65,1.65,1.65,1.65,75,1350,2.51,1.65,2.3
889,2021-04-21 11:32:00,1.65,1.65,1.65,1.65,75,1350,2.51,1.65,2.3
890,2021-04-21 11:33:00,1.65,1.65,1.65,1.65,75,1350,2.51,1.65,2.3
891,2021-04-21 11:34:00,1.65,1.65,1.65,1.65,75,1350,2.51,1.65,2.3
892,2021-04-21 11:35:00,1.65,1.65,1.65,1.65,75,1350,2.51,1.65,2.3
893,2021-04-21 11:36:00,1.65,1.65,1.65,1.65,75,1350,2.51,1.65,2.3
894,2021-04-21 11:37:00,1.65,1.65,1.65,1.65,75,1350,2.51,1.65,2.3
895,2021-04-21 11:38:00,1.65,1.65,1.65,1.65,75,1350,2.51,1.65,2.3
896,2021-04-21 11:39:00,1.65,1.65,1.65,1.65,75,1350,2.51,1.65,2.3
897,2021-04-21 11:40:00,1.65,1.65,1.65,1.65,75,1350,2.51,1.65,2.3
898,2021-04-21 11:41:00,1.65,1.65,1.65,1.65,75,1350,2.51,1.65,2.3
899,2021-04-21 11:42:00,1.65,1.65,1.65,1.65,75,1350,2.51,1.65,2.3
900,2021-04-21 11:43:00,1.65,1.65,1.65,1.65,75,1350,2.51,1.65,2.3
901,2021-04-21 11:44:00,1.65,1.65,1.65,1.65,75,1350,2.51,1.65,2.3
902,2021-04-21 11:45:00,1.65,1.65,1.65,1.65,75,1350,2.51,1.65,2.3
903,2021-04-21 11:46:00,1.65,1.65,1.65,1.65,75,1350,2.51,1.65,2.3
904,2021-04-21 11:47:00,1.65,1.65,1.65,1.65,75,1350,2.51,1.65,2.3
905,2021-04-21 11:48:00,1.65,1.65,1.65,1.65,75,1350,2.51,1.65,2.3
906,2021-04-21 11:49:00,1.65,1.65,1.65,1.65,75,1350,2.51,1.65,2.3
907,2021-04-21 11:50:00,1.65,1.65,1.65,1.65,75,1350,2.51,1.65,2.3
908,2021-04-21 11:51:00,1.65,1.65,1.65,1.65,75,1350,2.51,1.65,2.3
909,2021-04-21 11:52:00,1.65,1.65,1.65,1.65,75,1350,2.51,1.65,2.3
910,2021-04-21 11:53:00,1.65,1.65,1.65,1.65,75,1350,2.51,1.65,2.3
911,2021-04-21 11:54:00,1.65,1.65,1.65,1.65,75,1350,2.51,1.65,2.3
912,2021-04-21 11:55:00,1.65,1.65,1.65,1.65,75,1350,2.51,1.65,2.3
913,2021-04-21 11:56:00,1.65,1.65,1.65,1.65,75,1350,2.51,1.65,2.3
914,2021-04-21 11:57:00,1.65,1.65,1.65,1.65,75,1350,2.51,1.65,2.3
915,2021-04-21 11:58:00,1.65,1.65,1.65,1.65,75,1350,2.51,1.65,2.3
916,2021-04-21 11:59:00,1.65,1.65,1.65,1.65,75,1350,2.51,1.65,2.3
917,2021-04-21 12:00:00,1.65,1.65,1.65,1.65,75,1350,2.51,1.65,2.3
918,2021-04-21 12:01:00,1.65,1.65,1.65,1.65,75,1350,2.51,1.65,2.3
919,2021-04-21 12:02:00,1.65,1.65,1.65,1.65,75,1350,2.51,1.65,2.3
920,2021-04-21 12:03:00,1.65,1.65,1.65,1.65,75,1350,2.51,1.65,2.3
921,2021-04-21 12:04:00,1.65,1.65,1.65,1.65,75,1350,2.51,1.65,2.3
922,2021-04-21 12:05:00,1.65,1.65,1.65,1.65,75,1350,2.51,1.65,2.3
923,2021-04-21 12:06:00,1.65,1.65,1.65,1.65,75,1350,2.51,1.65,2.3
924,2021-04-21 12:07:00,1.65,1.65,1.65,1.65,75,1350,2.51,1.65,2.3
925,2021-04-21 12:08:00,1.65,1.65,1.65,1.65,75,1350,2.51,1.65,2.3
926,2021-04-21 12:09:00,1.65,1.65,1.65,1.65,75,1350,2.51,1.65,2.3
927,2021-04-21 12:10:00,1.65,1.65,1.65,1.65,75,1350,2.51,1.65,2.3
928,2021-04-21 12:11:00,1.65,1.65,1.65,1.65,75,1350,2.51,1.65,2.3
929,2021-04-21 12:12:00,1.65,1.65,1.65,1.65,75,1350,2.51,1.65,2.3
930,2021-04-21 12:13:00,1.65,1.65,1.65,1.65,75,1350,2.51,1.65,2.3
931,2021-04-21 12:14:00,1.65,1.65,1.65,1.65,75,1350,2.51,1.65,2.3
932,2021-04-21 12:15:00,1.65,1.65,1.65,1.65,75,1350,2.51,1.65,2.3
933,2021-04-21 12:16:00,1.65,1.65,1.65,1.65,75,1350,2.51,1.65,2.3
934,2021-04-21 12:17:00,1.65,1.65,1.65,1.65,75,1350,2.51,1.65,2.3
935,2021-04-21 12:18:00,1.65,1.65,1.65,1.65,75,1350,2.51,1.65,2.3
936,2021-04-21 12:19:00,1.65,1.65,1.65,1.65,75,1350,2.51,1.65,2.3
937,2021-04-21 12:20:00,1.65,1.65,1.65,1.65,75,1350,2.51,1.65,2.3
938,2021-04-21 12:21:00,1.65,1.65,1.65,1.65,75,1350,2.51,1.65,2.3
939,2021-04-21 12:22:00,1.65,1.65,1.65,1.65,75,1350,2.51,1.65,2.3
940,2021-04-21 12:23:00,1.65,1.65,1.65,1.65,75,1350,2.51,1.65,2.3
941,2021-04-21 12:24:00,1.65,1.65,1.65,1.65,75,1350,2.51,1.65,2.3
942,2021-04-21 12:25:00,1.65,1.65,1.65,1.65,75,1350,2.51,1.65,2.3
943,2021-04-21 12:26:00,1.65,1.65,1.65,1.65,75,1350,2.51,1.65,2.3
944,2021-04-21 12:27:00,1.65,1.65,1.65,1.65,75,1350,2.51,1.65,2.3
945,2021-04-21 12:28:00,1.65,1.65,1.65,1.65,75,1350,2.51,1.65,2.3
946,2021-04-21 12:29:00,1.65,1.65,1.65,1.65,75,1350,2.51,1.65,2.3
947,2021-04-21 12:30:00,1.65,1.65,1.65,1.65,75,1350,2.51,1.65,2.3
948,2021-04-21 12:31:00,1.65,1.65,1.65,1.65,75,1350,2.51,1.65,2.3
949,2021-04-21 12:32:00,1.65,1.65,1.65,1.65,75,1350,2.51,1.65,2.3
950,2021-04-21 12:33:00,1.65,1.65,1.65,1.65,75,1350,2.51,1.65,2.3
951,2021-04-21 12:34:00,1.65,1.65,1.65,1.65,75,1350,2.51,1.65,2.3
952,2021-04-21 12:35:00,1.65,1.65,1.65,1.65,75,1350,2.51,1.65,2.3
953,2021-04-21 12:36:00,1.65,1.65,1.65,1.65,75,1350,2.51,1.65,2.3
954,2021-04-21 12:37:00,1.65,1.65,1.65,1.65,75,1350,2.51,1.65,2.3
955,2021-04-21 12:38:00,1.65,1.65,1.65,1.65,75,1350,2.51,1.65,2.3
956,2021-04-21 12:39:00,1.65,1.65,1.65,1.65,75,1350,2.51,1.65,2.3
957,2021-04-21 12:40:00,1.65,1.65,1.65,1.65,75,1350,2.51,1.65,2.3
958,2021-04-21 12:41:00,1.65,1.65,1.65,1.65,75,1350,2.51,1.65,2.3
959,2021-04-21 12:42:00,1.65,1.65,1.65,1.65,75,1350,2.51,1.65,2.3
960,2021-04-21 12:43:00,1.65,1.65,1.65,1.65,75,1350,2.51,1.65,2.3
961,2021-04-21 12:44:00,1.65,1.65,1.65,1.65,75,1350,2.51,1.65,2.3
962,2021-04-21 12:45:00,1.65,1.65,1.65,1.65,75,1350,2.51,1.65,2.3
963,2021-04-21 12:46:00,1.65,1.65,1.65,1.65,75,1350,2.51,1.65,2.3
964,2021-04-21 12:47:00,1.65,1.65,1.65,1.65,75,1350,2.51,1.65,2.3
965,2021-04-21 12:48:00,1.65,1.65,1.65,1.65,75,1350,2.51,1.65,2.3
966,2021-04-21 12:49:00,1.65,1.65,1.65,1.65,75,1350,2.51,1.65,2.3
967,2021-04-21 12:50:00,1.65,1.65,1.65,1.65,75,1350,2.51,1.65,2.3
968,2021-04-21 12:51:00,1.65,1.65,1.65,1.65,75,1350,2.51,1.65,2.3
969,2021-04-21 12:52:00,1.65,1.65,1.65,1.65,75,1350,2.51,1.65,2.3
970,2021-04-21 12:53:00,1.65,1.65,1.65,1.65,75,1350,2.51,1.65,2.3
971,2021-04-21 12:54:00,1.65,1.65,1.65,1.65,75,1350,2.51,1.65,2.3
972,2021-04-21 12:55:00,1.65,1.65,1.65,1.65,75,1350,2.51,1.65,2.3
973,2021-04-21 12:56:00,1.65,1.65,1.65,1.65,75,1350,2.51,1.65,2.3
974,2021-04-21 12:57:00,1.65,1.65,1.65,1.65,75,1350,2.51,1.65,2.3
975,2021-04-21 12:58:00,1.65,1.65,1.65,1.65,75,1350,2.51,1.65,2.3
976,2021-04-21 12:59:00,1.65,1.65,1.65,1.65,75,1350,2.51,1.65,2.3
977,2021-04-21 13:00:00,1.65,1.65,1.65,1.65,75,1350,2.51,1.65,2.3
978,2021-04-21 13:01:00,1.65,1.65,1.65,1.65,75,1350,2.51,1.65,2.3
979,2021-04-21 13:02:00,1.65,1.65,1.65,1.65,75,1350,2.51,1.65,2.3
980,2021-04-21 13:03:00,1.65,1.65,1.65,1.65,75,1350,2.51,1.65,2.3
981,2021-04-21 13:04:00,1.65,1.65,1.65,1.65,75,1350,2.51,1.65,2.3
982,2021-04-21 13:05:00,1.65,1.65,1.65,1.65,75,1350,2.51,1.65,2.3
983,2021-04-21 13:06:00,1.65,1.65,1.65,1.65,75,1350,2.51,1.65,2.3
984,2021-04-21 13:07:00,1.65,1.65,1.65,1.65,75,1350,2.51,1.65,2.3
985,2021-04-21 13:08:00,1.65,1.65,1.65,1.65,75,1350,2.51,1.65,2.3
986,2021-04-21 13:09:00,1.65,1.65,1.65,1.65,75,1350,2.51,1.65,2.3
987,2021-04-21 13:10:00,1.65,1.65,1.65,1.65,75,1350,2.51,1.65,2.3
988,2021-04-21 13:11:00,1.65,1.65,1.65,1.65,75,1350,2.51,1.65,2.3
989,2021-04-21 13:12:00,1.65,1.65,1.65,1.65,75,1350,2.51,1.65,2.3
990,2021-04-21 13:13:00,1.65,1.65,1.65,1.65,75,1350,2.51,1.65,2.3
991,2021-04-21 13:14:00,1.65,1.65,1.65,1.65,75,1350,2.51,1.65,2.3
992,2021-04-21 13:15:00,1.65,1.65,1.65,1.65,75,1350,2.51,1.65,2.3
993,2021-04-21 13:16:00,1.65,1.65,1.65,1.65,75,1350,2.51,1.65,2.3
994,2021-04-21 13:17:00,1.65,1.65,1.65,1.65,75,1350,2.51,1.65,2.3
995,2021-04-21 13:18:00,1.65,1.65,1.65,1.65,75,1350,2.51,1.65,2.3
996,2021-04-21 13:19:00,1.65,1.65,1.65,1.65,75,1350,2.51,1.65,2.3
997,2021-04-21 13:20:00,1.65,1.65,1.65,1.65,75,1350,2.51,1.65,2.3
998,2021-04-21 13:21:00,1.65,1.65,1.65,1.65,75,1350,2.51,1.65,2.3
999,2021-04-21 13:22:00,1.65,1.65,1.65,1.65,75,1350,2.51,1.65,2.3
1000,2021-04-21 13:23:00,1.65,1.65,1.65,1.65,75,1350,2.51,1.65,2.3
1001,2021-04-21 13:24:00,1.65,1.65,1.65,1.65,75,1350,2.51,1.65,2.3
1002,2021-04-21 13:25:00,1.65,1.65,1.65,1.65,75,1350,2.51,1.65,2.3
1003,2021-04-21 13:26:00,1.65,1.65,1.65,1.65,75,1350,2.51,1.65,2.3
1004,2021-04-21 13:27:00,1.65,1.65,1.65,1.65,75,1350,2.51,1.65,2.3
1005,2021-04-21 13:28:00,1.65,1.65,1.65,1.65,75,1350,2.51,1.65,2.3
1006,2021-04-21 13:29:00,1.65,1.65,1.65,1.65,75,1350,2.51,1.65,2.3
1007,2021-04-21 13:30:00,1.65,1.65,1.65,1.65,75,1350,2.51,1.65,2.3
1008,2021-04-21 13:31:00,1.65,1.65,1.65,1.65,75,1350,2.51,1.65,2.3
1009,2021-04-21 13:32:00,1.65,1.65,1.65,1.65,75,1350,2.51,1.65,2.3
1010,2021-04-21 13:33:00,1.65,1.65,1.65,1.65,75,1350,2.51,1.65,2.3
1011,2021-04-21 13:34:00,1.65,1.65,1.65,1.65,75,1350,2.51,1.65,2.3
1012,2021-04-21 13:35:00,1.65,1.65,1.65,1.65,75,1350,2.51,1.65,2.3
1013,2021-04-21 13:36:00,1.65,1.65,1.65,1.65,75,1350,2.51,1.65,2.3
1014,2021-04-21 13:37:00,1.65,1.65,1.65,1.65,75,1350,2.51,1.65,2.3
1015,2021-04-21 13:38:00,1.65,1.65,1.65,1.65,75,1350,2.51,1.65,2.3
1016,2021-04-21 13:39:00,1.65,1.65,1.65,1.65,75,1350,2.51,1.65,2.3
1017,2021-04-21 13:40:00,1.65,1.65,1.65,1.65,75,1350,2.51,1.65,2.3
1018,2021-04-21 13:41:00,1.65,1.65,1.65,1.65,75,1350,2.51,1.65,2.3
1019,2021-04-21 13:42:00,1.65,1.65,1.65,1.65,75,1350,2.51,1.65,2.3
1020,2021-04-21 13:43:00,1.65,1.65,1.65,1.65,75,1350,2.51,1.65,2.3
1021,2021-04-21 13:44:00,1.65,1.65,1.65,1.65,75,1350,2.51,1.65,2.3
1022,2021-04-21 13:45:00,1.65,1.65,1.65,1.65,75,1350,2.51,1.65,2.3
1023,2021-04-21 13:46:00,1.65,1.65,1.65,1.65,75,1350,2.51,1.65,2.3
1024,2021-04-21 13:47:00,1.65,1.65,1.65,1.65,75,1350,2.51,1.65,2.3
1025,2021-04-21 13:48:00,1.65,1.65,1.65,1.65,75,1350,2.51,1.65,2.3
1026,2021-04-21 13:49:00,1.65,1.65,1.65,1.65,75,1350,2.51,1.65,2.3
1027,2021-04-21 13:50:00,1.65,1.65,1.65,1.65,75,1350,2.51,1.65,2.3
1028,2021-04-21 13:51:00,1.65,1.65,1.65,1.65,75,1350,2.51,1.65,2.3
1029,2021-04-21 13:52:00,1.65,1.65,1.65,1.65,75,1350,2.51,1.65,2.3
1030,2021-04-21 13:53:00,1.65,1.65,1.65,1.65,75,1350,2.51,1.65,2.3
1031,2021-04-21 13:54:00,1.65,1.65,1.65,1.65,75,1350,2.51,1.65,2.3
1032,2021-04-21 13:55:00,1.65,1.65,1.65,1.65,75,1350,2.51,1.65,2.3
1033,2021-04-21 13:56:00,1.65,1.65,1.65,1.65,75,1350,2.51,1.65,2.3
1034,2021-04-21 13:57:00,1.65,1.65,1.65,1.65,75,1350,2.51,1.65,2.3
1035,2021-04-21 13:58:00,1.65,1.65,1.65,1.65,75,1350,2.51,1.65,2.3
1036,2021-04-21 13:59:00,1.65,1.65,1.65,1.65,75,1350,2.51,1.65,2.3
1037,2021-04-21 14:00:00,1.65,1.65,1.65,1.65,75,1350,2.51,1.65,2.3
1038,2021-04-21 14:01:00,1.65,1.65,1.65,1.65,75,1350,2.51,1.65,2.3
1039,2021-04-21 14:02:00,1.65,1.65,1.65,1.65,75,1350,2.51,1.65,2.3
1040,2021-04-21 14:03:00,1.65,1.65,1.65,1.65,75,1350,2.51,1.65,2.3
1041,2021-04-21 14:04:00,1.65,1.65,1.65,1.65,75,1350,2.51,1.65,2.3
1042,2021-04-21 14:05:00,1.65,1.65,1.65,1.65,75,1350,2.51,1.65,2.3
1043,2021-04-21 14:06:00,1.65,1.65,1.65,1.65,75,1350,2.51,1.65,2.3
1044,2021-04-21 14:07:00,1.65,1.65,1.65,1.65,75,1350,2.51,1.65,2.3
1045,2021-04-21 14:08:00,1.65,1.65,1.65,1.65,75,1350,2.51,1.65,2.3
1046,2021-04-21 14:09:00,1.65,1.65,1.65,1.65,75,1350,2.51,1.65,2.3
1047,2021-04-21 14:10:00,1.65,1.65,1.65,1.65,75,1350,2.51,1.65,2.3
1048,2021-04-21 14:11:00,1.65,1.65,1.65,1.65,75,1350,2.51,1.65,2.3
1049,2021-04-21 14:12:00,1.65,1.65,1.65,1.65,75,1350,2.51,1.65,2.3
1050,2021-04-21 14:13:00,1.65,1.65,1.65,1.65,75,1350,2.51,1.65,2.3
1051,2021-04-21 14:14:00,1.65,1.65,1.65,1.65,75,1350,2.51,1.65,2.3
1052,2021-04-21 14:15:00,1.65,1.65,1.65,1.65,75,1350,2.51,1.65,2.3
1053,2021-04-21 14:16:00,1.65,1.65,1.65,1.65,75,1350,2.51,1.65,2.3
1054,2021-04-21 14:17:00,1.65,1.65,1.65,1.65,75,1350,2.51,1.65,2.3
1055,2021-04-21 14:18:00,1.65,1.65,1.65,1.65,75,1350,2.51,1.65,2.3
1056,2021-04-21 14:19:00,1.65,1.65,1.65,1.65,75,1350,2.51,1.65,2.3
1057,2021-04-21 14:20:00,1.65,1.65,1.65,1.65,75,1350,2.51,1.65,2.3
1058,2021-04-21 14:21:00,1.65,1.65,1.65,1.65,75,1350,2.51,1.65,2.3
1059,2021-04-21 14:22:00,1.65,1.65,1.65,1.65,75,1350,2.51,1.65,2.3
1060,2021-04-21 14:23:00,1.65,1.65,1.65,1.65,75,1350,2.51,1.65,2.3
1061,2021-04-21 14:24:00,1.65,1.65,1.65,1.65,75,1350,2.51,1.65,2.3
1062,2021-04-21 14:25:00,1.65,1.65,1.65,1.65,75,1350,2.51,1.65,2.3
1063,2021-04-21 14:26:00,1.65,1.65,1.65,1.65,75,1350,2.51,1.65,2.3
1064,2021-04-21 14:27:00,1.65,1.65,1.65,1.65,75,1350,2.51,1.65,2.3
1065,2021-04-21 14:28:00,1.65,1.65,1.65,1.65,75,1350,2.51,1.65,2.3
1066,2021-04-21 14:29:00,1.65,1.65,1.65,1.65,75,1350,2.51,1.65,2.3
1067,2021-04-21 14:30:00,1.65,1.65,1.65,1.65,75,1350,2.51,1.65,2.3
1068,2021-04-21 14:31:00,1.65,1.65,1.65,1.65,75,1350,2.51,1.65,2.3
1069,2021-04-21 14:32:00,1.65,1.65,1.65,1.65,75,1350,2.51,1.65,2.3
1070,2021-04-21 14:33:00,1.65,1.65,1.65,1.65,75,1350,2.51,1.65,2.3
1071,2021-04-21 14:34:00,1.65,1.65,1.65,1.65,75,1350,2.51,1.65,2.3
1072,2021-04-21 14:35:00,1.65,1.65,1.65,1.65,75,1350,2.51,1.65,2.3
1073,2021-04-21 14:36:00,1.65,1.65,1.65,1.65,75,1350,2.51,1.65,2.3
1074,2021-04-21 14:37:00,1.65,1.65,1.65,1.65,75,1350,2.51,1.65,2.3
1075,2021-04-21 14:38:00,1.65,1.65,1.65,1.65,75,1350,2.51,1.65,2.3
1076,2021-04-21 14:39:00,1.65,1.65,1.65,1.65,75,1350,2.51,1.65,2.3
1077,2021-04-21 14:40:00,1.65,1.65,1.65,1.65,75,1350,2.51,1.65,2.3
1078,2021-04-21 14:41:00,1.65,1.65,1.65,1.65,75,1350,2.51,1.65,2.3
1079,2021-04-21 14:42:00,1.65,1.65,1.65,1.65,75,1350,2.51,1.65,2.3
1080,2021-04-21 14:43:00,1.65,1.65,1.65,1.65,75,1350,2.51,1.65,2.3
1081,2021-04-21 14:44:00,1.65,1.65,1.65,1.65,75,1350,2.51,1.65,2.3
1082,2021-04-21 14:45:00,1.65,1.65,1.65,1.65,75,1350,2.51,1.65,2.3
1083,2021-04-21 14:46:00,1.65,1.65,1.65,1.65,75,1350,2.51,1.65,2.3
1084,2021-04-21 14:47:00,1.65,1.65,1.65,1.65,75,1350,2.51,1.65,2.3
1085,2021-04-21 14:48:00,1.65,1.65,1.65,1.65,75,1350,2.51,1.65,2.3
1086,2021-04-21 14:49:00,1.65,1.65,1.65,1.65,75,1350,2.51,1.65,2.3
1087,2021-04-21 14:50:00,1.65,1.65,1.65,1.65,75,1350,2.51,1.65,2.3
1088,2021-04-21 14:51:00,1.65,1.65,1.65,1.65,75,1350,2.51,1.65,2.3
1089,2021-04-21 14:52:00,1.65,1.65,1.65,1.65,75,1350,2.51,1.65,2.3
1090,2021-04-21 14:53:00,1.65,1.65,1.65,1.65,75,1350,2.51,1.65,2.3
1091,2021-04-21 14:54:00,1.65,1.65,1.65,1.65,75,1350,2.51,1.65,2.3
1092,2021-04-21 14:55:00,1.65,1.65,1.65,1.65,75,1350,2.51,1.65,2.3
1093,2021-04-21 14:56:00,1.65,1.65,1.65,1.65,75,1350,2.51,1.65,2.3
1094,2021-04-21 14:57:00,1.65,1.65,1.65,1.65,75,1350,2.51,1.65,2.3
1095,2021-04-21 14:58:00,1.65,1.65,1.65,1.65,75,1350,2.51,1.65,2.3
1096,2021-04-21 14:59:00,1.65,1.65,1.65,1.65,75,1350,2.51,1.65,2.3
1097,2021-04-21 15:00:00,1.65,1.65,1.65,1.65,75,1350,2.51,1.65,2.3
1098,2021-04-21 15:01:00,1.65,1.65,1.65,1.65,75,1350,2.51,1.65,2.3
1099,2021-04-21 15:02:00,1.65,1.65,1.65,1.65,75,1350,2.51,1.65,2.3
1100,2021-04-21 15:03:00,1.65,1.65,1.65,1.65,75,1350,2.51,1.65,2.3
1101,2021-04-21 15:04:00,1.65,1.65,1.65,1.65,75,1350,2.51,1.65,2.3
1102,2021-04-21 15:05:00,1.65,1.65,1.65,1.65,75,1350,2.51,1.65,2.3
1103,2021-04-21 15:06:00,1.65,1.65,1.65,1.65,75,1350,2.51,1.65,2.3
1104,2021-04-21 15:07:00,1.65,1.65,1.65,1.65,75,1350,2.51,1.65,2.3
1105,2021-04-21 15:08:00,1.65,1.65,1.65,1.65,75,1350,2.51,1.65,2.3
1106,2021-04-21 15:09:00,1.65,1.65,1.65,1.65,75,1350,2.51,1.65,2.3
1107,2021-04-21 15:10:00,1.65,1.65,1.65,1.65,75,1350,2.51,1.65,2.3
1108,2021-04-21 15:11:00,1.65,1.65,1.65,1.65,75,1350,2.51,1.65,2.3
1109,2021-04-21 15:12:00,1.65,1.65,1.65,1.65,75,1350,2.51,1.65,2.3
1110,2021-04-21 15:13:00,1.65,1.65,1.65,1.65,75,1350,2.51,1.65,2.3
1111,2021-04-21 15:14:00,1.65,1.65,1.65,1.65,75,1350,2.51,1.65,2.3
1112,2021-04-21 15:15:00,1.65,1.65,1.65,1.65,75,1350,2.51,1.65,2.3
1113,2021-04-21 15:16:00,1.65,1.65,1.65,1.65,75,1350,2.51,1.65,2.3
1114,2021-04-21 15:17:00,1.65,1.65,1.65,1.65,75,1350,2.51,1.65,2.3
1115,2021-04-21 15:18:00,1.65,1.65,1.65,1.65,75,1350,2.51,1.65,2.3
1116,2021-04-21 15:19:00,1.65,1.65,1.65,1.65,75,1350,2.51,1.65,2.3
1117,2021-04-21 15:20:00,1.65,1.65,1.65,1.65,75,1350,2.51,1.65,2.3
1118,2021-04-21 15:21:00,1.65,1.65,1.65,1.65,75,1350,2.51,1.65,2.3
1119,2021-04-21 15:22:00,1.65,1.65,1.65,1.65,75,1350,2.51,1.65,2.3
1120,2021-04-21 15:23:00,1.65,1.65,1.65,1.65,75,1350,2.51,1.65,2.3
1121,2021-04-21 15:24:00,1.65,1.65,1.65,1.65,75,1350,2.51,1.65,2.3
1122,2021-04-21 15:25:00,1.65,1.65,1.65,1.65,75,1350,2.51,1.65,2.3
1123,2021-04-21 15:26:00,1.65,1.65,1.65,1.65,75,1350,2.51,1.65,2.3
1124,2021-04-21 15:27:00,1.65,1.65,1.65,1.65,75,1350,2.51,1.65,2.3
1125,2021-04-21 15:28:00,1.65,1.65,1.65,1.65,75,1350,2.51,1.65,2.3
1126,2021-04-21 15:29:00,1.65,1.65,1.65,1.65,75,1350,2.51,1.65,2.3
1127,2021-04-21 15:30:00,1.65,1.65,1.65,1.65,75,1350,2.51,1.65,2.3
1128,2021-04-22 09:15:00,1.65,1.65,1.65,1.65,75,1350,2.51,1.65,2.3
1129,2021-04-22 09:16:00,1.65,1.65,1.65,1.65,75,1350,2.51,1.65,2.3
1130,2021-04-22 09:17:00,1.65,1.65,1.65,1.65,75,1350,2.51,1.65,2.3
1131,2021-04-22 09:18:00,1.65,1.65,1.65,1.65,75,1350,2.51,1.65,2.3
1132,2021-04-22 09:19:00,1.65,1.65,1.65,1.65,75,1350,2.51,1.65,2.3
1133,2021-04-22 09:20:00,1.65,1.65,1.65,1.65,75,1350,2.51,1.65,2.3
1134,2021-04-22 09:21:00,1.65,1.65,1.65,1.65,75,1350,2.51,1.65,2.3
1135,2021-04-22 09:22:00,1.65,1.65,1.65,1.65,75,1350,2.51,1.65,2.3
1136,2021-04-22 09:23:00,1.65,1.65,1.65,1.65,75,1350,2.51,1.65,2.3
1137,2021-04-22 09:24:00,1.65,1.65,1.65,1.65,75,1350,2.51,1.65,2.3
1138,2021-04-22 09:25:00,1.65,1.65,1.65,1.65,75,1350,2.51,1.65,2.3
1139,2021-04-22 09:26:00,1.65,1.65,1.65,1.65,75,1350,2.51,1.65,2.3
1140,2021-04-22 09:27:00,1.65,1.65,1.65,1.65,75,1350,2.51,1.65,2.3
1141,2021-04-22 09:28:00,1.65,1.65,1.65,1.65,75,1350,2.51,1.65,2.3
1142,2021-04-22 09:29:00,1.65,1.65,1.65,1.65,75,1350,2.51,1.65,2.3
1143,2021-04-22 09:30:00,1.65,1.65,1.65,1.65,75,1350,2.51,1.65,2.3
1144,2021-04-22 09:31:00,1.65,1.65,1.65,1.65,75,1350,2.51,1.65,2.3
1145,2021-04-22 09:32:00,1.65,1.65,1.65,1.65,75,1350,2.51,1.65,2.3
1146,2021-04-22 09:33:00,1.65,1.65,1.65,1.65,75,1350,2.51,1.65,2.3
1147,2021-04-22 09:34:00,1.65,1.65,1.65,1.65,75,1350,2.51,1.65,2.3
1148,2021-04-22 09:35:00,1.65,1.65,1.65,1.65,75,1350,2.51,1.65,2.3
1149,2021-04-22 09:36:00,1.65,1.65,1.65,1.65,75,1350,2.51,1.65,2.3
1150,2021-04-22 09:37:00,1.65,1.65,1.65,1.65,75,1350,2.51,1.65,2.3
1151,2021-04-22 09:38:00,1.65,1.65,1.65,1.65,75,1350,2.51,1.65,2.3
1152,2021-04-22 09:39:00,1.65,1.65,1.65,1.65,75,1350,2.51,1.65,2.3
1153,2021-04-22 09:40:00,1.65,1.65,1.65,1.65,75,1350,2.51,1.65,2.3
1154,2021-04-22 09:41:00,1.65,1.65,1.65,1.65,75,1350,2.51,1.65,2.3
1155,2021-04-22 09:42:00,1.65,1.65,1.65,1.65,75,1350,2.51,1.65,2.3
1156,2021-04-22 09:43:00,1.65,1.65,1.65,1.65,75,1350,2.51,1.65,2.3
1157,2021-04-22 09:44:00,1.65,1.65,1.65,1.65,75,1350,2.51,1.65,2.3
1158,2021-04-22 09:45:00,1.65,1.65,1.65,1.65,75,1350,2.51,1.65,2.3
1159,2021-04-22 09:46:00,1.65,1.65,1.65,1.65,75,1350,2.51,1.65,2.3
1160,2021-04-22 09:47:00,1.65,1.65,1.65,1.65,75,1350,2.51,1.65,2.3
1161,2021-04-22 09:48:00,1.65,1.65,1.65,1.65,75,1350,2.51,1.65,2.3
1162,2021-04-22 09:49:00,1.65,1.65,1.65,1.65,75,1350,2.51,1.65,2.3
1163,2021-04-22 09:50:00,1.65,1.65,1.65,1.65,75,1350,2.51,1.65,2.3
1164,2021-04-22 09:51:00,1.65,1.65,1.65,1.65,75,1350,2.51,1.65,2.3
1165,2021-04-22 09:52:00,1.65,1.65,1.65,1.65,75,1350,2.51,1.65,2.3
1166,2021-04-22 09:53:00,1.65,1.65,1.65,1.65,75,1350,2.51,1.65,2.3
1167,2021-04-22 09:54:00,1.65,1.65,1.65,1.65,75,1350,2.51,1.65,2.3
1168,2021-04-22 09:55:00,1.65,1.65,1.65,1.65,75,1350,2.51,1.65,2.3
1169,2021-04-22 09:56:00,1.65,1.65,1.65,1.65,75,1350,2.51,1.65,2.3
1170,2021-04-22 09:57:00,1.65,1.65,1.65,1.65,75,1350,2.51,1.65,2.3
1171,2021-04-22 09:58:00,1.65,1.65,1.65,1.65,75,1350,2.51,1.65,2.3
1172,2021-04-22 09:59:00,1.65,1.65,1.65,1.65,75,1350,2.51,1.65,2.3
1173,2021-04-22 10:00:00,1.65,1.65,1.65,1.65,75,1350,2.51,1.65,2.3
1174,2021-04-22 10:01:00,1.65,1.65,1.65,1.65,75,1350,2.51,1.65,2.3
1175,2021-04-22 10:02:00,1.65,1.65,1.65,1.65,75,1350,2.51,1.65,2.3
1176,2021-04-22 10:03:00,1.65,1.65,1.65,1.65,75,1350,2.51,1.65,2.3
1177,2021-04-22 10:04:00,1.65,1.65,1.65,1.65,75,1350,2.51,1.65,2.3
1178,2021-04-22 10:05:00,1.65,1.65,1.65,1.65,75,1350,2.51,1.65,2.3
1179,2021-04-22 10:06:00,1.65,1.65,1.65,1.65,75,1350,2.51,1.65,2.3
1180,2021-04-22 10:07:00,1.65,1.65,1.65,1.65,75,1350,2.51,1.65,2.3
1181,2021-04-22 10:08:00,1.65,1.65,1.65,1.65,75,1350,2.51,1.65,2.3
1182,2021-04-22 10:09:00,1.65,1.65,1.65,1.65,75,1350,2.51,1.65,2.3
1183,2021-04-22 10:10:00,1.65,1.65,1.65,1.65,75,1350,2.51,1.65,2.3
1184,2021-04-22 10:11:00,1.65,1.65,1.65,1.65,75,1350,2.51,1.65,2.3
1185,2021-04-22 10:12:00,1.65,1.65,1.65,1.65,75,1350,2.51,1.65,2.3
1186,2021-04-22 10:13:00,1.65,1.65,1.65,1.65,75,1350,2.51,1.65,2.3
1187,2021-04-22 10:14:00,1.65,1.65,1.65,1.65,75,1350,2.51,1.65,2.3
1188,2021-04-22 10:15:00,1.65,1.65,1.65,1.65,75,1350,2.51,1.65,2.3
1189,2021-04-22 10:16:00,1.65,1.65,1.65,1.65,75,1350,2.51,1.65,2.3
1190,2021-04-22 10:17:00,1.65,1.65,1.65,1.65,75,1350,2.51,1.65,2.3
1191,2021-04-22 10:18:00,1.65,1.65,1.65,1.65,75,1350,2.51,1.65,2.3
1192,2021-04-22 10:19:00,1.65,1.65,1.65,1.65,75,1350,2.51,1.65,2.3
1193,2021-04-22 10:20:00,2.8,2.8,2.8,2.8,75,1350,2.8,1.2,2.75
1194,2021-04-22 10:21:00,2.8,2.8,2.8,2.8,75,1350,2.8,1.2,2.75
1195,2021-04-22 10:22:00,2.8,2.8,2.8,2.8,75,1350,2.8,1.2,2.75
1196,2021-04-22 10:23:00,2.8,2.8,2.8,2.8,75,1350,2.8,1.2,2.75
1197,2021-04-22 10:24:00,2.8,2.8,2.8,2.8,75,1350,2.8,1.2,2.75
1198,2021-04-22 10:25:00,2.8,2.8,2.8,2.8,75,1350,2.8,1.2,2.75
1199,2021-04-22 10:26:00,2.8,2.8,2.8,2.8,75,1350,2.8,1.2,2.75
1200,2021-04-22 10:27:00,2.8,2.8,2.8,2.8,75,1350,2.8,1.2,2.75
1201,2021-04-22 10:28:00,2.8,2.8,2.8,2.8,75,1350,2.8,1.2,2.75
1202,2021-04-22 10:29:00,2.8,2.8,2.8,2.8,75,1350,2.8,1.2,2.75
1203,2021-04-22 10:30:00,2.8,2.8,2.8,2.8,75,1350,2.8,1.2,2.75
1204,2021-04-22 10:31:00,2.8,2.8,2.8,2.8,75,1350,2.8,1.2,2.75
1205,2021-04-22 10:32:00,2.8,2.8,2.8,2.8,75,1350,2.8,1.2,2.75
1206,2021-04-22 10:33:00,2.8,2.8,2.8,2.8,75,1350,2.8,1.2,2.75
1207,2021-04-22 10:34:00,2.8,2.8,2.8,2.8,75,1350,2.8,1.2,2.75
1208,2021-04-22 10:35:00,2.8,2.8,2.8,2.8,75,1350,2.8,1.2,2.75
1209,2021-04-22 10:36:00,2.8,2.8,2.8,2.8,75,1350,2.8,1.2,2.75
1210,2021-04-22 10:37:00,2.8,2.8,2.8,2.8,75,1350,2.8,1.2,2.75
1211,2021-04-22 10:38:00,2.8,2.8,2.8,2.8,75,1350,2.8,1.2,2.75
1212,2021-04-22 10:39:00,2.8,2.8,2.8,2.8,75,1350,2.8,1.2,2.75
1213,2021-04-22 10:40:00,2.8,2.8,2.8,2.8,75,1350,2.8,1.2,2.75
1214,2021-04-22 10:41:00,2.8,2.8,2.8,2.8,75,1350,2.8,1.2,2.75
1215,2021-04-22 10:42:00,2.8,2.8,2.8,2.8,75,1350,2.8,1.2,2.75
1216,2021-04-22 10:43:00,2.8,2.8,2.8,2.8,75,1350,2.8,1.2,2.75
1217,2021-04-22 10:44:00,2.8,2.8,2.8,2.8,75,1350,2.8,1.2,2.75
1218,2021-04-22 10:45:00,2.8,2.8,2.8,2.8,75,1350,2.8,1.2,2.75
1219,2021-04-22 10:46:00,2.8,2.8,2.8,2.8,75,1350,2.8,1.2,2.75
1220,2021-04-22 10:47:00,2.8,2.8,2.8,2.8,75,1350,2.8,1.2,2.75
1221,2021-04-22 10:48:00,2.8,2.8,2.8,2.8,75,1350,2.8,1.2,2.75
1222,2021-04-22 10:49:00,2.8,2.8,2.8,2.8,75,1350,2.8,1.2,2.75
1223,2021-04-22 10:50:00,2.8,2.8,2.8,2.8,75,1350,2.8,1.2,2.75
1224,2021-04-22 10:51:00,2.8,2.8,2.8,2.8,75,1350,2.8,1.2,2.75
1225,2021-04-22 10:52:00,2.8,2.8,2.8,2.8,75,1350,2.8,1.2,2.75
1226,2021-04-22 10:53:00,2.8,2.8,2.8,2.8,75,1350,2.8,1.2,2.75
1227,2021-04-22 10:54:00,2.8,2.8,2.8,2.8,75,1350,2.8,1.2,2.75
1228,2021-04-22 10:55:00,2.8,2.8,2.8,2.8,75,1350,2.8,1.2,2.75
1229,2021-04-22 10:56:00,2.8,2.8,2.8,2.8,75,1350,2.8,1.2,2.75
1230,2021-04-22 10:57:00,2.8,2.8,2.8,2.8,75,1350,2.8,1.2,2.75
1231,2021-04-22 10:58:00,2.8,2.8,2.8,2.8,75,1350,2.8,1.2,2.75
1232,2021-04-22 10:59:00,2.8,2.8,2.8,2.8,75,1350,2.8,1.2,2.75
1233,2021-04-22 11:00:00,2.8,2.8,2.8,2.8,75,1350,2.8,1.2,2.75
1234,2021-04-22 11:01:00,2.8,2.8,2.8,2.8,75,1350,2.8,1.2,2.75
1235,2021-04-22 11:02:00,2.8,2.8,2.8,2.8,75,1350,2.8,1.2,2.75
1236,2021-04-22 11:03:00,2.8,2.8,2.8,2.8,75,1350,2.8,1.2,2.75
1237,2021-04-22 11:04:00,2.8,2.8,2.8,2.8,75,1350,2.8,1.2,2.75
1238,2021-04-22 11:05:00,2.8,2.8,2.8,2.8,75,1350,2.8,1.2,2.75
1239,2021-04-22 11:06:00,2.8,2.8,2.8,2.8,75,1350,2.8,1.2,2.75
1240,2021-04-22 11:07:00,2.8,2.8,2.8,2.8,75,1350,2.8,1.2,2.75
1241,2021-04-22 11:08:00,2.8,2.8,2.8,2.8,75,1350,2.8,1.2,2.75
1242,2021-04-22 11:09:00,2.8,2.8,2.8,2.8,75,1350,2.8,1.2,2.75
1243,2021-04-22 11:10:00,2.8,2.8,2.8,2.8,75,1350,2.8,1.2,2.75
1244,2021-04-22 11:11:00,2.8,2.8,2.8,2.8,75,1350,2.8,1.2,2.75
1245,2021-04-22 11:12:00,2.8,2.8,2.8,2.8,75,1350,2.8,1.2,2.75
1246,2021-04-22 11:13:00,2.8,2.8,2.8,2.8,75,1350,2.8,1.2,2.75
1247,2021-04-22 11:14:00,2.8,2.8,2.8,2.8,75,1350,2.8,1.2,2.75
1248,2021-04-22 11:15:00,2.8,2.8,2.8,2.8,75,1350,2.8,1.2,2.75
1249,2021-04-22 11:16:00,2.8,2.8,2.8,2.8,75,1350,2.8,1.2,2.75
1250,2021-04-22 11:17:00,2.8,2.8,2.8,2.8,75,1350,2.8,1.2,2.75
1251,2021-04-22 11:18:00,2.8,2.8,2.8,2.8,75,1350,2.8,1.2,2.75
1252,2021-04-22 11:19:00,2.8,2.8,2.8,2.8,75,1350,2.8,1.2,2.75
1253,2021-04-22 11:20:00,2.8,2.8,2.8,2.8,75,1350,2.8,1.2,2.75
1254,2021-04-22 11:21:00,2.8,2.8,2.8,2.8,75,1350,2.8,1.2,2.75
1255,2021-04-22 11:22:00,2.8,2.8,2.8,2.8,75,1350,2.8,1.2,2.75
1256,2021-04-22 11:23:00,2.8,2.8,2.8,2.8,75,1350,2.8,1.2,2.75
1257,2021-04-22 11:24:00,2.8,2.8,2.8,2.8,75,1350,2.8,1.2,2.75
1258,2021-04-22 11:25:00,2.8,2.8,2.8,2.8,75,1350,2.8,1.2,2.75
1259,2021-04-22 11:26:00,2.8,2.8,2.8,2.8,75,1350,2.8,1.2,2.75
1260,2021-04-22 11:27:00,2.8,2.8,2.8,2.8,75,1350,2.8,1.2,2.75
1261,2021-04-22 11:28:00,2.8,2.8,2.8,2.8,75,1350,2.8,1.2,2.75
1262,2021-04-22 11:29:00,2.8,2.8,2.8,2.8,75,1350,2.8,1.2,2.75
1263,2021-04-22 11:30:00,2.8,2.8,2.8,2.8,75,1350,2.8,1.2,2.75
1264,2021-04-22 11:31:00,2.8,2.8,2.8,2.8,75,1350,2.8,1.2,2.75
1265,2021-04-22 11:32:00,2.8,2.8,2.8,2.8,75,1350,2.8,1.2,2.75
1266,2021-04-22 11:33:00,2.8,2.8,2.8,2.8,75,1350,2.8,1.2,2.75
1267,2021-04-22 11:34:00,2.8,2.8,2.8,2.8,75,1350,2.8,1.2,2.75
1268,2021-04-22 11:35:00,2.8,2.8,2.8,2.8,75,1350,2.8,1.2,2.75
1269,2021-04-22 11:36:00,2.8,2.8,2.8,2.8,75,1350,2.8,1.2,2.75
1270,2021-04-22 11:37:00,2.8,2.8,2.8,2.8,75,1350,2.8,1.2,2.75
1271,2021-04-22 11:38:00,2.8,2.8,2.8,2.8,75,1350,2.8,1.2,2.75
1272,2021-04-22 11:39:00,2.8,2.8,2.8,2.8,75,1350,2.8,1.2,2.75
1273,2021-04-22 11:40:00,2.8,2.8,2.8,2.8,75,1350,2.8,1.2,2.75
1274,2021-04-22 11:41:00,2.8,2.8,2.8,2.8,75,1350,2.8,1.2,2.75
1275,2021-04-22 11:42:00,2.8,2.8,2.8,2.8,75,1350,2.8,1.2,2.75
1276,2021-04-22 11:43:00,2.8,2.8,2.8,2.8,75,1350,2.8,1.2,2.75
1277,2021-04-22 11:44:00,2.8,2.8,2.8,2.8,75,1350,2.8,1.2,2.75
1278,2021-04-22 11:45:00,2.8,2.8,2.8,2.8,75,1350,2.8,1.2,2.75
1279,2021-04-22 11:46:00,2.8,2.8,2.8,2.8,75,1350,2.8,1.2,2.75
1280,2021-04-22 11:47:00,2.8,2.8,2.8,2.8,75,1350,2.8,1.2,2.75
1281,2021-04-22 11:48:00,2.8,2.8,2.8,2.8,75,1350,2.8,1.2,2.75
1282,2021-04-22 11:49:00,2.8,2.8,2.8,2.8,75,1350,2.8,1.2,2.75
1283,2021-04-22 11:50:00,2.65,2.65,2.0,2.0,900,1425,2.12,1.35,2.0
1284,2021-04-22 11:51:00,2.65,2.65,2.0,2.0,900,1425,2.12,1.35,2.0
1285,2021-04-22 11:52:00,2.65,2.65,2.0,2.0,900,1425,2.12,1.35,2.0
1286,2021-04-22 11:53:00,2.65,2.65,2.0,2.0,900,1425,2.12,1.35,2.0
1287,2021-04-22 11:54:00,2.65,2.65,2.0,2.0,900,1425,2.12,1.35,2.0
1288,2021-04-22 11:55:00,2.65,2.65,2.0,2.0,900,1425,2.12,1.35,2.0
1289,2021-04-22 11:56:00,2.65,2.65,2.0,2.0,900,1425,2.12,1.35,2.0
1290,2021-04-22 11:57:00,2.65,2.65,2.0,2.0,900,1425,2.12,1.35,2.0
1291,2021-04-22 11:58:00,2.65,2.65,2.0,2.0,900,1425,2.12,1.35,2.0
1292,2021-04-22 11:59:00,2.65,2.65,2.0,2.0,900,1425,2.12,1.35,2.0
1293,2021-04-22 12:00:00,2.65,2.65,2.0,2.0,900,1425,2.12,1.35,2.0
1294,2021-04-22 12:01:00,2.65,2.65,2.0,2.0,900,1425,2.12,1.35,2.0
1295,2021-04-22 12:02:00,2.65,2.65,2.0,2.0,900,1425,2.12,1.35,2.0
1296,2021-04-22 12:03:00,2.65,2.65,2.0,2.0,900,1425,2.12,1.35,2.0
1297,2021-04-22 12:04:00,2.65,2.65,2.0,2.0,900,1425,2.12,1.35,2.0
1298,2021-04-22 12:05:00,2.65,2.65,2.0,2.0,900,1425,2.12,1.35,2.0
1299,2021-04-22 12:06:00,2.65,2.65,2.0,2.0,900,1425,2.12,1.35,2.0
1300,2021-04-22 12:07:00,2.65,2.65,2.0,2.0,900,1425,2.12,1.35,2.0
1301,2021-04-22 12:08:00,2.65,2.65,2.0,2.0,900,1425,2.12,1.35,2.0
1302,2021-04-22 12:09:00,2.65,2.65,2.0,2.0,900,1425,2.12,1.35,2.0
1303,2021-04-22 12:10:00,2.65,2.65,2.0,2.0,900,1425,2.12,1.35,2.0
1304,2021-04-22 12:11:00,2.65,2.65,2.0,2.0,900,1425,2.12,1.35,2.0
1305,2021-04-22 12:12:00,2.65,2.65,2.0,2.0,900,1425,2.12,1.35,2.0
1306,2021-04-22 12:13:00,2.65,2.65,2.0,2.0,900,1425,2.12,1.35,2.0
1307,2021-04-22 12:14:00,2.65,2.65,2.0,2.0,900,1425,2.12,1.35,2.0
1308,2021-04-22 12:15:00,2.65,2.65,2.0,2.0,900,1425,2.12,1.35,2.0
1309,2021-04-22 12:16:00,2.65,2.65,2.0,2.0,900,1425,2.12,1.35,2.0
1310,2021-04-22 12:17:00,2.65,2.65,2.0,2.0,900,1425,2.12,1.35,2.0
1311,2021-04-22 12:18:00,2.65,2.65,2.0,2.0,900,1425,2.12,1.35,2.0
1312,2021-04-22 12:19:00,2.65,2.65,2.0,2.0,900,1425,2.12,1.35,2.0
1313,2021-04-22 12:20:00,2.65,2.65,2.0,2.0,900,1425,2.12,1.35,2.0
1314,2021-04-22 12:21:00,2.65,2.65,2.0,2.0,900,1425,2.12,1.35,2.0
1315,2021-04-22 12:22:00,2.65,2.65,2.0,2.0,900,1425,2.12,1.35,2.0
1316,2021-04-22 12:23:00,2.65,2.65,2.0,2.0,900,1425,2.12,1.35,2.0
1317,2021-04-22 12:24:00,2.65,2.65,2.0,2.0,900,1425,2.12,1.35,2.0
1318,2021-04-22 12:25:00,2.65,2.65,2.0,2.0,900,1425,2.12,1.35,2.0
1319,2021-04-22 12:26:00,2.65,2.65,2.0,2.0,900,1425,2.12,1.35,2.0
1320,2021-04-22 12:27:00,2.65,2.65,2.0,2.0,900,1425,2.12,1.35,2.0
1321,2021-04-22 12:28:00,2.65,2.65,2.0,2.0,900,1425,2.12,1.35,2.0
1322,2021-04-22 12:29:00,2.65,2.65,2.0,2.0,900,1425,2.12,1.35,2.0
1323,2021-04-22 12:30:00,2.65,2.65,2.0,2.0,900,1425,2.12,1.35,2.0
1324,2021-04-22 12:31:00,2.65,2.65,2.0,2.0,900,1425,2.12,1.35,2.0
1325,2021-04-22 12:32:00,2.65,2.65,2.0,2.0,900,1425,2.12,1.35,2.0
1326,2021-04-22 12:33:00,2.65,2.65,2.0,2.0,900,1425,2.12,1.35,2.0
1327,2021-04-22 12:34:00,2.65,2.65,2.0,2.0,900,1425,2.12,1.35,2.0
1328,2021-04-22 12:35:00,2.65,2.65,2.0,2.0,900,1425,2.12,1.35,2.0
1329,2021-04-22 12:36:00,2.65,2.65,2.0,2.0,900,1425,2.12,1.35,2.0
1330,2021-04-22 12:37:00,2.65,2.65,2.0,2.0,900,1425,2.12,1.35,2.0
1331,2021-04-22 12:38:00,2.65,2.65,2.0,2.0,900,1425,2.12,1.35,2.0
1332,2021-04-22 12:39:00,2.65,2.65,2.0,2.0,900,1425,2.12,1.35,2.0
1333,2021-04-22 12:40:00,2.65,2.65,2.0,2.0,900,1425,2.12,1.35,2.0
1334,2021-04-22 12:41:00,2.65,2.65,2.0,2.0,900,1425,2.12,1.35,2.0
1335,2021-04-22 12:42:00,2.65,2.65,2.0,2.0,900,1425,2.12,1.35,2.0
1336,2021-04-22 12:43:00,2.65,2.65,2.0,2.0,900,1425,2.12,1.35,2.0
1337,2021-04-22 12:44:00,2.65,2.65,2.0,2.0,900,1425,2.12,1.35,2.0
1338,2021-04-22 12:45:00,2.65,2.65,2.0,2.0,900,1425,2.12,1.35,2.0
1339,2021-04-22 12:46:00,2.65,2.65,2.0,2.0,900,1425,2.12,1.35,2.0
1340,2021-04-22 12:47:00,2.65,2.65,2.0,2.0,900,1425,2.12,1.35,2.0
1341,2021-04-22 12:48:00,2.65,2.65,2.0,2.0,900,1425,2.12,1.35,2.0
1342,2021-04-22 12:49:00,2.65,2.65,2.0,2.0,900,1425,2.12,1.35,2.0
1343,2021-04-22 12:50:00,2.65,2.65,2.0,2.0,900,1425,2.12,1.35,2.0
1344,2021-04-22 12:51:00,2.65,2.65,2.0,2.0,900,1425,2.12,1.35,2.0
1345,2021-04-22 12:52:00,2.65,2.65,2.0,2.0,900,1425,2.12,1.35,2.0
1346,2021-04-22 12:53:00,2.65,2.65,2.0,2.0,900,1425,2.12,1.35,2.0
1347,2021-04-22 12:54:00,2.65,2.65,2.0,2.0,900,1425,2.12,1.35,2.0
1348,2021-04-22 12:55:00,2.65,2.65,2.0,2.0,900,1425,2.12,1.35,2.0
1349,2021-04-22 12:56:00,2.65,2.65,2.0,2.0,900,1425,2.12,1.35,2.0
1350,2021-04-22 12:57:00,2.65,2.65,2.0,2.0,900,1425,2.12,1.35,2.0
1351,2021-04-22 12:58:00,2.65,2.65,2.0,2.0,900,1425,2.12,1.35,2.0
1352,2021-04-22 12:59:00,2.65,2.65,2.0,2.0,900,1425,2.12,1.35,2.0
1353,2021-04-22 13:00:00,2.65,2.65,2.0,2.0,900,1425,2.12,1.35,2.0
1354,2021-04-22 13:01:00,2.65,2.65,2.0,2.0,900,1425,2.12,1.35,2.0
1355,2021-04-22 13:02:00,2.65,2.65,2.0,2.0,900,1425,2.12,1.35,2.0
1356,2021-04-22 13:03:00,2.65,2.65,2.0,2.0,900,1425,2.12,1.35,2.0
1357,2021-04-22 13:04:00,2.65,2.65,2.0,2.0,900,1425,2.12,1.35,2.0
1358,2021-04-22 13:05:00,2.65,2.65,2.0,2.0,900,1425,2.12,1.35,2.0
1359,2021-04-22 13:06:00,2.65,2.65,2.0,2.0,900,1425,2.12,1.35,2.0
1360,2021-04-22 13:07:00,2.65,2.65,2.0,2.0,900,1425,2.12,1.35,2.0
1361,2021-04-22 13:08:00,2.65,2.65,2.0,2.0,900,1425,2.12,1.35,2.0
1362,2021-04-22 13:09:00,2.65,2.65,2.0,2.0,900,1425,2.12,1.35,2.0
1363,2021-04-22 13:10:00,2.65,2.65,2.0,2.0,900,1425,2.12,1.35,2.0
1364,2021-04-22 13:11:00,2.65,2.65,2.0,2.0,900,1425,2.12,1.35,2.0
1365,2021-04-22 13:12:00,2.65,2.65,2.0,2.0,900,1425,2.12,1.35,2.0
1366,2021-04-22 13:13:00,2.65,2.65,2.0,2.0,900,1425,2.12,1.35,2.0
1367,2021-04-22 13:14:00,2.65,2.65,2.0,2.0,900,1425,2.12,1.35,2.0
1368,2021-04-22 13:15:00,2.65,2.65,2.0,2.0,900,1425,2.12,1.35,2.0
1369,2021-04-22 13:16:00,2.65,2.65,2.0,2.0,900,1425,2.12,1.35,2.0
1370,2021-04-22 13:17:00,2.65,2.65,2.0,2.0,900,1425,2.12,1.35,2.0
1371,2021-04-22 13:18:00,2.65,2.65,2.0,2.0,900,1425,2.12,1.35,2.0
1372,2021-04-22 13:19:00,2.65,2.65,2.0,2.0,900,1425,2.12,1.35,2.0
1373,2021-04-22 13:20:00,2.65,2.65,2.0,2.0,900,1425,2.12,1.35,2.0
1374,2021-04-22 13:21:00,2.65,2.65,2.0,2.0,900,1425,2.12,1.35,2.0
1375,2021-04-22 13:22:00,2.65,2.65,2.0,2.0,900,1425,2.12,1.35,2.0
1376,2021-04-22 13:23:00,2.65,2.65,2.0,2.0,900,1425,2.12,1.35,2.0
1377,2021-04-22 13:24:00,2.65,2.65,2.0,2.0,900,1425,2.12,1.35,2.0
1378,2021-04-22 13:25:00,2.65,2.65,2.0,2.0,900,1425,2.12,1.35,2.0
1379,2021-04-22 13:26:00,2.65,2.65,2.0,2.0,900,1425,2.12,1.35,2.0
1380,2021-04-22 13:27:00,2.65,2.65,2.0,2.0,900,1425,2.12,1.35,2.0
1381,2021-04-22 13:28:00,2.65,2.65,2.0,2.0,900,1425,2.12,1.35,2.0
1382,2021-04-22 13:29:00,2.65,2.65,2.0,2.0,900,1425,2.12,1.35,2.0
1383,2021-04-22 13:30:00,2.65,2.65,2.0,2.0,900,1425,2.12,1.35,2.0
1384,2021-04-22 13:31:00,2.65,2.65,2.0,2.0,900,1425,2.12,1.35,2.0
1385,2021-04-22 13:32:00,2.65,2.65,2.0,2.0,900,1425,2.12,1.35,2.0
1386,2021-04-22 13:33:00,2.65,2.65,2.0,2.0,900,1425,2.12,1.35,2.0
1387,2021-04-22 13:34:00,2.65,2.65,2.0,2.0,900,1425,2.12,1.35,2.0
1388,2021-04-22 13:35:00,2.65,2.65,2.0,2.0,900,1425,2.12,1.35,2.0
1389,2021-04-22 13:36:00,2.65,2.65,2.0,2.0,900,1425,2.12,1.35,2.0
1390,2021-04-22 13:37:00,2.65,2.65,2.0,2.0,900,1425,2.12,1.35,2.0
1391,2021-04-22 13:38:00,2.65,2.65,2.0,2.0,900,1425,2.12,1.35,2.0
1392,2021-04-22 13:39:00,2.65,2.65,2.0,2.0,900,1425,2.12,1.35,2.0
1393,2021-04-22 13:40:00,2.65,2.65,2.0,2.0,900,1425,2.12,1.35,2.0
1394,2021-04-22 13:41:00,2.65,2.65,2.0,2.0,900,1425,2.12,1.35,2.0
1395,2021-04-22 13:42:00,2.65,2.65,2.0,2.0,900,1425,2.12,1.35,2.0
1396,2021-04-22 13:43:00,2.65,2.65,2.0,2.0,900,1425,2.12,1.35,2.0
1397,2021-04-22 13:44:00,2.65,2.65,2.0,2.0,900,1425,2.12,1.35,2.0
1398,2021-04-22 13:45:00,2.65,2.65,2.0,2.0,900,1425,2.12,1.35,2.0
1399,2021-04-22 13:46:00,2.65,2.65,2.0,2.0,900,1425,2.12,1.35,2.0
1400,2021-04-22 13:47:00,2.65,2.65,2.0,2.0,900,1425,2.12,1.35,2.0
1401,2021-04-22 13:48:00,2.65,2.65,2.0,2.0,900,1425,2.12,1.35,2.0
1402,2021-04-22 13:49:00,2.65,2.65,2.0,2.0,900,1425,2.12,1.35,2.0
1403,2021-04-22 13:50:00,2.65,2.65,2.0,2.0,900,1425,2.12,1.35,2.0
1404,2021-04-22 13:51:00,2.65,2.65,2.0,2.0,900,1425,2.12,1.35,2.0
1405,2021-04-22 13:52:00,2.65,2.65,2.0,2.0,900,1425,2.12,1.35,2.0
1406,2021-04-22 13:53:00,2.65,2.65,2.0,2.0,900,1425,2.12,1.35,2.0
1407,2021-04-22 13:54:00,2.65,2.65,2.0,2.0,900,1425,2.12,1.35,2.0
1408,2021-04-22 13:55:00,2.65,2.65,2.0,2.0,900,1425,2.12,1.35,2.0
1409,2021-04-22 13:56:00,2.65,2.65,2.0,2.0,900,1425,2.12,1.35,2.0
1410,2021-04-22 13:57:00,2.0,2.0,2.0,2.0,75,1575,2.11,1.6,2.3
1411,2021-04-22 13:58:00,2.0,2.0,2.0,2.0,75,1575,2.11,1.6,2.3
1412,2021-04-22 13:59:00,2.0,2.0,2.0,2.0,75,1575,2.11,1.6,2.3
1413,2021-04-22 14:00:00,2.0,2.0,2.0,2.0,75,1575,2.11,1.6,2.3
1414,2021-04-22 14:01:00,2.0,2.0,2.0,2.0,75,1575,2.11,1.6,2.3
1415,2021-04-22 14:02:00,2.0,2.0,2.0,2.0,75,1575,2.11,1.6,2.3
1416,2021-04-22 14:03:00,2.0,2.0,2.0,2.0,75,1575,2.11,1.6,2.3
1417,2021-04-22 14:04:00,2.0,2.0,2.0,2.0,75,1575,2.11,1.6,2.3
1418,2021-04-22 14:05:00,2.0,2.0,2.0,2.0,75,1575,2.11,1.6,2.3
1419,2021-04-22 14:06:00,2.0,2.0,2.0,2.0,75,1575,2.11,1.6,2.3
1420,2021-04-22 14:07:00,2.0,2.0,2.0,2.0,75,1575,2.11,1.6,2.3
1421,2021-04-22 14:08:00,2.0,2.0,2.0,2.0,75,1575,2.11,1.6,2.3
1422,2021-04-22 14:09:00,2.0,2.0,2.0,2.0,75,1575,2.11,1.6,2.3
1423,2021-04-22 14:10:00,2.0,2.0,2.0,2.0,75,1575,2.11,1.6,2.3
1424,2021-04-22 14:11:00,2.0,2.0,2.0,2.0,75,1575,2.11,1.6,2.3
1425,2021-04-22 14:12:00,2.0,2.0,2.0,2.0,75,1575,2.11,1.6,2.3
1426,2021-04-22 14:13:00,2.0,2.0,2.0,2.0,75,1575,2.11,1.6,2.3
1427,2021-04-22 14:14:00,2.0,2.0,2.0,2.0,75,1575,2.11,1.6,2.3
1428,2021-04-22 14:15:00,2.0,2.0,2.0,2.0,75,1575,2.11,1.6,2.3
1429,2021-04-22 14:16:00,2.0,2.0,2.0,2.0,75,1575,2.11,1.6,2.3
1430,2021-04-22 14:17:00,2.0,2.0,2.0,2.0,75,1575,2.11,1.6,2.3
1431,2021-04-22 14:18:00,2.0,2.0,2.0,2.0,75,1575,2.11,1.6,2.3
1432,2021-04-22 14:19:00,2.0,2.0,2.0,2.0,75,1575,2.11,1.6,2.3
1433,2021-04-22 14:20:00,2.0,2.0,2.0,2.0,75,1575,2.11,1.6,2.3
1434,2021-04-22 14:21:00,2.0,2.0,2.0,2.0,75,1575,2.11,1.6,2.3
1435,2021-04-22 14:22:00,2.0,2.0,2.0,2.0,75,1575,2.11,1.6,2.3
1436,2021-04-22 14:23:00,2.0,2.0,2.0,2.0,75,1575,2.11,1.6,2.3
1437,2021-04-22 14:24:00,2.4,2.4,2.4,2.4,225,1500,2.16,1.6,2.4
1438,2021-04-22 14:25:00,1.6,1.6,1.6,1.6,75,1500,2.13,1.6,2.35
1439,2021-04-22 14:26:00,1.6,1.6,1.6,1.6,75,1500,2.13,1.6,2.35
1440,2021-04-22 14:27:00,1.6,1.6,1.6,1.6,75,1500,2.13,1.6,2.35
1441,2021-04-22 14:28:00,1.6,1.6,1.6,1.6,75,1500,2.13,1.6,2.35
1442,2021-04-22 14:29:00,1.6,1.6,1.6,1.6,75,1500,2.13,1.6,2.35
1443,2021-04-22 14:30:00,1.6,1.6,1.6,1.6,75,1500,2.13,1.6,2.35
1444,2021-04-22 14:31:00,1.6,1.6,1.6,1.6,75,1500,2.13,1.6,2.35
1445,2021-04-22 14:32:00,1.6,1.6,1.6,1.6,75,1500,2.13,1.6,2.35
1446,2021-04-22 14:33:00,1.6,1.6,1.6,1.6,75,1500,2.13,1.6,2.35
1447,2021-04-22 14:34:00,1.6,1.6,1.6,1.6,75,1500,2.13,1.6,2.35
1448,2021-04-22 14:35:00,1.6,1.6,1.6,1.6,75,1500,2.13,1.6,2.35
1449,2021-04-22 14:36:00,1.6,1.6,1.6,1.6,75,1500,2.13,1.6,2.35
1450,2021-04-22 14:37:00,1.6,1.6,1.6,1.6,75,1500,2.13,1.6,2.35
1451,2021-04-22 14:38:00,1.6,1.6,1.6,1.6,75,1500,2.13,1.6,2.35
1452,2021-04-22 14:39:00,1.6,1.6,1.6,1.6,75,1500,2.13,1.6,2.35
1453,2021-04-22 14:40:00,1.6,1.6,1.6,1.6,75,1500,2.13,1.6,2.35
1454,2021-04-22 14:41:00,1.6,1.6,1.6,1.6,75,1500,2.13,1.6,2.35
1455,2021-04-22 14:42:00,1.6,1.6,1.6,1.6,75,1500,2.13,1.6,2.35
1456,2021-04-22 14:43:00,1.6,1.6,1.6,1.6,75,1500,2.13,1.6,2.35
1457,2021-04-22 14:44:00,1.6,1.6,1.6,1.6,75,1500,2.13,1.6,2.35
1458,2021-04-22 14:45:00,1.6,1.6,1.6,1.6,75,1500,2.13,1.6,2.35
1459,2021-04-22 14:46:00,1.6,1.6,1.6,1.6,75,1500,2.13,1.6,2.35
1460,2021-04-22 14:47:00,1.6,1.6,1.6,1.6,75,1500,2.13,1.6,2.35
1461,2021-04-22 14:48:00,1.6,1.6,1.6,1.6,75,1500,2.13,1.6,2.35
1462,2021-04-22 14:49:00,1.6,1.6,1.6,1.6,75,1500,2.13,1.6,2.35
1463,2021-04-22 14:50:00,1.6,1.6,1.6,1.6,75,1500,2.13,1.6,2.35
1464,2021-04-22 14:51:00,1.6,1.6,1.6,1.6,75,1500,2.13,1.6,2.35
1465,2021-04-22 14:52:00,1.6,1.6,1.6,1.6,75,1500,2.13,1.6,2.35
1466,2021-04-22 14:53:00,1.6,1.6,1.6,1.6,75,1500,2.13,1.6,2.35
1467,2021-04-22 14:54:00,1.6,1.6,1.6,1.6,75,1500,2.13,1.6,2.35
1468,2021-04-22 14:55:00,1.6,1.6,1.6,1.6,75,1500,2.13,1.6,2.35
1469,2021-04-22 14:56:00,1.6,1.6,1.6,1.6,75,1500,2.13,1.6,2.35
1470,2021-04-22 14:57:00,1.6,1.6,1.6,1.6,75,1500,2.13,1.6,2.35
1471,2021-04-22 14:58:00,1.6,1.6,1.6,1.6,75,1500,2.13,1.6,2.35
1472,2021-04-22 14:59:00,1.6,1.6,1.6,1.6,75,1500,2.13,1.6,2.35
1473,2021-04-22 15:00:00,1.6,1.6,1.6,1.6,75,1500,2.13,1.6,2.35
1474,2021-04-22 15:01:00,1.6,1.6,1.6,1.6,75,1500,2.13,1.6,2.35
1475,2021-04-22 15:02:00,1.6,1.6,1.6,1.6,75,1500,2.13,1.6,2.35
1476,2021-04-22 15:03:00,1.6,1.6,1.6,1.6,75,1500,2.13,1.6,2.35
1477,2021-04-22 15:04:00,1.6,1.6,1.6,1.6,75,1500,2.13,1.6,2.35
1478,2021-04-22 15:05:00,1.6,1.6,1.6,1.6,75,1500,2.13,1.6,2.35
1479,2021-04-22 15:06:00,1.6,1.6,1.6,1.6,75,1500,2.13,1.6,2.35
1480,2021-04-22 15:07:00,1.6,1.6,1.6,1.6,75,1500,2.13,1.6,2.35
1481,2021-04-22 15:08:00,1.6,1.6,1.6,1.6,75,1500,2.13,1.6,2.35
1482,2021-04-22 15:09:00,1.6,1.6,1.6,1.6,75,1500,2.13,1.6,2.35
1483,2021-04-22 15:10:00,1.6,1.6,1.6,1.6,75,1500,2.13,1.6,2.35
1484,2021-04-22 15:11:00,1.6,1.6,1.6,1.6,75,1500,2.13,1.6,2.35
1485,2021-04-22 15:12:00,1.6,1.6,1.6,1.6,75,1500,2.13,1.6,2.35
1486,2021-04-22 15:13:00,1.6,1.6,1.6,1.6,75,1500,2.13,1.6,2.35
1487,2021-04-22 15:14:00,1.6,1.6,1.6,1.6,75,1500,2.13,1.6,2.35
1488,2021-04-22 15:15:00,1.6,1.6,1.6,1.6,75,1500,2.13,1.6,2.35
1489,2021-04-22 15:16:00,1.6,1.6,1.6,1.6,75,1500,2.13,1.6,2.35
1490,2021-04-22 15:17:00,1.6,1.6,1.6,1.6,75,1500,2.13,1.6,2.35
1491,2021-04-22 15:18:00,1.6,1.6,1.6,1.6,750,1650,1.94,1.5,2.2
1492,2021-04-22 15:19:00,1.6,1.6,1.6,1.6,750,1650,1.94,1.5,2.2
1493,2021-04-22 15:20:00,1.6,1.6,1.6,1.6,750,1650,1.94,1.5,2.2
1494,2021-04-22 15:21:00,1.6,1.6,1.6,1.6,750,1650,1.94,1.5,2.2
1495,2021-04-22 15:22:00,1.6,1.6,1.6,1.6,750,1650,1.94,1.5,2.2
1496,2021-04-22 15:23:00,1.6,1.6,1.6,1.6,750,1650,1.94,1.5,2.2
1497,2021-04-22 15:24:00,1.6,1.6,1.6,1.6,750,1650,1.94,1.5,2.2
1498,2021-04-22 15:25:00,1.6,1.6,1.6,1.6,750,1650,1.94,1.5,2.2
1499,2021-04-22 15:26:00,1.6,1.6,1.6,1.6,750,1650,1.94,1.5,2.2
1500,2021-04-22 15:27:00,1.6,1.6,1.6,1.6,750,1650,1.94,1.5,2.2
1501,2021-04-22 15:28:00,1.6,1.6,1.6,1.6,750,1650,1.94,1.5,2.2
1502,2021-04-22 15:29:00,1.6,1.6,1.6,1.6,750,1650,1.94,1.5,2.2
1503,2021-04-22 15:30:00,1.6,1.6,1.6,1.6,750,1650,1.94,1.5,2.2
1504,2021-04-23 09:15:00,1.6,1.6,1.6,1.6,750,1650,1.94,1.5,2.2
1505,2021-04-23 09:16:00,1.6,1.6,1.6,1.6,750,1650,1.94,1.5,2.2
1506,2021-04-23 09:17:00,1.6,1.6,1.6,1.6,750,1650,1.94,1.5,2.2
1507,2021-04-23 09:18:00,1.6,1.6,1.6,1.6,750,1650,1.94,1.5,2.2
1508,2021-04-23 09:19:00,1.6,1.6,1.6,1.6,750,1650,1.94,1.5,2.2
1509,2021-04-23 09:20:00,1.6,1.6,1.6,1.6,750,1650,1.94,1.5,2.2
1510,2021-04-23 09:21:00,1.6,1.6,1.6,1.6,750,1650,1.94,1.5,2.2
1511,2021-04-23 09:22:00,1.6,1.6,1.6,1.6,750,1650,1.94,1.5,2.2
1512,2021-04-23 09:23:00,1.6,1.6,1.6,1.6,750,1650,1.94,1.5,2.2
1513,2021-04-23 09:24:00,1.6,1.6,1.6,1.6,750,1650,1.94,1.5,2.2
1514,2021-04-23 09:25:00,1.6,1.6,1.6,1.6,750,1650,1.94,1.5,2.2
1515,2021-04-23 09:26:00,1.6,1.6,1.6,1.6,750,1650,1.94,1.5,2.2
1516,2021-04-23 09:27:00,1.6,1.6,1.6,1.6,750,1650,1.94,1.5,2.2
1517,2021-04-23 09:28:00,1.6,1.6,1.6,1.6,750,1650,1.94,1.5,2.2
1518,2021-04-23 09:29:00,1.6,1.6,1.6,1.6,750,1650,1.94,1.5,2.2
1519,2021-04-23 09:30:00,1.6,1.6,1.6,1.6,750,1650,1.94,1.5,2.2
1520,2021-04-23 09:31:00,1.6,1.6,1.6,1.6,750,1650,1.94,1.5,2.2
1521,2021-04-23 09:32:00,1.6,1.6,1.6,1.6,750,1650,1.94,1.5,2.2
1522,2021-04-23 09:33:00,1.6,1.6,1.6,1.6,750,1650,1.94,1.5,2.2
1523,2021-04-23 09:34:00,1.6,1.6,1.6,1.6,750,1650,1.94,1.5,2.2
1524,2021-04-23 09:35:00,1.6,1.6,1.6,1.6,750,1650,1.94,1.5,2.2
1525,2021-04-23 09:36:00,1.6,1.6,1.6,1.6,750,1650,1.94,1.5,2.2
1526,2021-04-23 09:37:00,1.6,1.6,1.6,1.6,750,1650,1.94,1.5,2.2
1527,2021-04-23 09:38:00,1.6,1.6,1.6,1.6,750,1650,1.94,1.5,2.2
1528,2021-04-23 09:39:00,1.6,1.6,1.6,1.6,750,1650,1.94,1.5,2.2
1529,2021-04-23 09:40:00,1.6,1.6,1.6,1.6,750,1650,1.94,1.5,2.2
1530,2021-04-23 09:41:00,1.6,1.6,1.6,1.6,750,1650,1.94,1.5,2.2
1531,2021-04-23 09:42:00,1.6,1.6,1.6,1.6,750,1650,1.94,1.5,2.2
1532,2021-04-23 09:43:00,1.6,1.6,1.6,1.6,750,1650,1.94,1.5,2.2
1533,2021-04-23 09:44:00,1.6,1.6,1.6,1.6,750,1650,1.94,1.5,2.2
1534,2021-04-23 09:45:00,1.6,1.6,1.6,1.6,750,1650,1.94,1.5,2.2
1535,2021-04-23 09:46:00,1.6,1.6,1.6,1.6,750,1650,1.94,1.5,2.2
1536,2021-04-23 09:47:00,1.6,1.6,1.6,1.6,750,1650,1.94,1.5,2.2
1537,2021-04-23 09:48:00,1.6,1.6,1.6,1.6,750,1650,1.94,1.5,2.2
1538,2021-04-23 09:49:00,1.6,1.6,1.6,1.6,750,1650,1.94,1.5,2.2
1539,2021-04-23 09:50:00,1.6,1.6,1.6,1.6,750,1650,1.94,1.5,2.2
1540,2021-04-23 09:51:00,1.6,1.6,1.6,1.6,750,1650,1.94,1.5,2.2
1541,2021-04-23 09:52:00,1.6,1.6,1.6,1.6,750,1650,1.94,1.5,2.2
1542,2021-04-23 09:53:00,1.6,1.6,1.6,1.6,750,1650,1.94,1.5,2.2
1543,2021-04-23 09:54:00,1.55,1.55,1.0,1.0,150,1650,1.27,1.0,1.55
1544,2021-04-23 09:55:00,1.0,1.0,1.0,1.0,150,1650,1.13,1.0,1.55
1545,2021-04-23 09:56:00,1.0,1.0,1.0,1.0,150,1650,1.13,1.0,1.55
1546,2021-04-23 09:57:00,1.0,1.0,1.0,1.0,150,1650,1.13,1.0,1.55
1547,2021-04-23 09:58:00,1.0,1.0,1.0,1.0,150,1650,1.13,1.0,1.55
1548,2021-04-23 09:59:00,1.0,1.0,1.0,1.0,150,1650,1.13,1.0,1.55
1549,2021-04-23 10:00:00,1.0,1.0,1.0,1.0,150,1650,1.13,1.0,1.55
1550,2021-04-23 10:01:00,1.0,1.0,1.0,1.0,150,1650,1.13,1.0,1.55
1551,2021-04-23 10:02:00,1.0,1.0,1.0,1.0,150,1650,1.13,1.0,1.55
1552,2021-04-23 10:03:00,1.0,1.0,1.0,1.0,150,1650,1.13,1.0,1.55
1553,2021-04-23 10:04:00,1.0,1.0,1.0,1.0,150,1650,1.13,1.0,1.55
1554,2021-04-23 10:05:00,1.0,1.0,1.0,1.0,150,1650,1.13,1.0,1.55
1555,2021-04-23 10:06:00,1.0,1.0,1.0,1.0,150,1650,1.13,1.0,1.55
1556,2021-04-23 10:07:00,1.0,1.0,1.0,1.0,150,1650,1.13,1.0,1.55
1557,2021-04-23 10:08:00,1.0,1.0,1.0,1.0,150,1650,1.13,1.0,1.55
1558,2021-04-23 10:09:00,1.0,1.0,1.0,1.0,150,1650,1.13,1.0,1.55
1559,2021-04-23 10:10:00,1.0,1.0,1.0,1.0,150,1650,1.13,1.0,1.55
1560,2021-04-23 10:11:00,1.0,1.0,1.0,1.0,150,1650,1.13,1.0,1.55
1561,2021-04-23 10:12:00,1.0,1.0,1.0,1.0,150,1650,1.13,1.0,1.55
1562,2021-04-23 10:13:00,1.0,1.0,1.0,1.0,225,1650,1.07,0.85,1.0
1563,2021-04-23 10:14:00,1.0,1.0,1.0,1.0,225,1650,1.07,0.85,1.0
1564,2021-04-23 10:15:00,1.0,1.0,1.0,1.0,225,1650,1.07,0.85,1.0
1565,2021-04-23 10:16:00,1.0,1.0,1.0,1.0,225,1650,1.07,0.85,1.0
1566,2021-04-23 10:17:00,1.0,1.0,1.0,1.0,225,1650,1.07,0.85,1.0
1567,2021-04-23 10:18:00,1.0,1.0,1.0,1.0,225,1650,1.07,0.85,1.0
1568,2021-04-23 10:19:00,1.0,1.0,1.0,1.0,225,1650,1.07,0.85,1.0
1569,2021-04-23 10:20:00,1.0,1.0,1.0,1.0,225,1650,1.07,0.85,1.0
1570,2021-04-23 10:21:00,1.0,1.0,1.0,1.0,225,1650,1.07,0.85,1.0
1571,2021-04-23 10:22:00,1.0,1.0,1.0,1.0,225,1650,1.07,0.85,1.0
1572,2021-04-23 10:23:00,1.0,1.0,1.0,1.0,225,1650,1.07,0.85,1.0
1573,2021-04-23 10:24:00,1.0,1.0,1.0,1.0,225,1650,1.07,0.85,1.0
1574,2021-04-23 10:25:00,1.0,1.0,1.0,1.0,150,1425,1.06,0.9,1.0
1575,2021-04-23 10:26:00,1.0,1.0,1.0,1.0,150,1425,1.05,0.9,1.0
1576,2021-04-23 10:27:00,1.0,1.0,1.0,1.0,150,1425,1.05,0.9,1.0
1577,2021-04-23 10:28:00,1.0,1.0,1.0,1.0,150,1275,1.04,0.9,1.0
1578,2021-04-23 10:29:00,1.0,1.0,1.0,1.0,150,1275,1.04,0.9,1.0
1579,2021-04-23 10:30:00,1.0,1.0,1.0,1.0,150,1275,1.03,0.9,1.45
1580,2021-04-23 10:31:00,1.0,1.0,1.0,1.0,150,1275,1.03,0.9,1.45
1581,2021-04-23 10:32:00,1.45,1.45,1.45,1.45,75,1275,1.06,0.95,1.85
1582,2021-04-23 10:33:00,1.45,1.45,1.45,1.45,75,1275,1.06,0.95,1.85
1583,2021-04-23 10:34:00,1.45,1.45,1.45,1.45,75,1275,1.06,0.95,1.85
1584,2021-04-23 10:35:00,1.45,1.45,1.45,1.45,75,1275,1.06,0.95,1.85
1585,2021-04-23 10:36:00,1.45,1.45,1.45,1.45,75,1275,1.06,0.95,1.85
1586,2021-04-23 10:37:00,1.45,1.45,1.45,1.45,75,1275,1.06,0.95,1.85
1587,2021-04-23 10:38:00,1.45,1.45,1.45,1.45,75,1275,1.06,0.95,1.85
1588,2021-04-23 10:39:00,1.45,1.45,1.45,1.45,75,1275,1.06,0.95,1.85
1589,2021-04-23 10:40:00,1.45,1.45,1.45,1.45,75,1275,1.06,0.95,1.85
1590,2021-04-23 10:41:00,1.45,1.45,1.45,1.45,75,1275,1.06,0.95,1.85
1591,2021-04-23 10:42:00,1.45,1.45,1.45,1.45,75,1275,1.06,0.95,1.85
1592,2021-04-23 10:43:00,1.45,1.45,1.45,1.45,75,1275,1.06,0.95,1.85
1593,2021-04-23 10:44:00,1.45,1.45,1.45,1.45,75,1275,1.06,0.95,1.85
1594,2021-04-23 10:45:00,1.45,1.45,1.45,1.45,75,1275,1.06,0.95,1.85
1595,2021-04-23 10:46:00,1.45,1.45,1.45,1.45,75,1275,1.06,0.95,1.85
1596,2021-04-23 10:47:00,1.45,1.45,1.45,1.45,75,1275,1.06,0.95,1.85
1597,2021-04-23 10:48:00,1.45,1.45,1.45,1.45,75,1275,1.06,0.95,1.85
1598,2021-04-23 10:49:00,1.45,1.45,1.45,1.45,75,1275,1.06,0.95,1.85
1599,2021-04-23 10:50:00,1.45,1.45,1.45,1.45,75,1275,1.06,0.95,1.85
1600,2021-04-23 10:51:00,1.45,1.45,1.45,1.45,75,1275,1.06,0.95,1.85
1601,2021-04-23 10:52:00,1.45,1.45,1.45,1.45,75,1275,1.06,0.95,1.85
1602,2021-04-23 10:53:00,1.45,1.45,1.45,1.45,75,1275,1.06,0.95,1.85
1603,2021-04-23 10:54:00,1.45,1.45,1.45,1.45,75,1275,1.06,0.95,1.85
1604,2021-04-23 10:55:00,1.45,1.45,1.45,1.45,75,1275,1.06,0.95,1.85
1605,2021-04-23 10:56:00,1.45,1.45,1.45,1.45,75,1275,1.06,0.95,1.85
1606,2021-04-23 10:57:00,1.45,1.45,1.45,1.45,75,1275,1.06,0.95,1.85
1607,2021-04-23 10:58:00,1.45,1.45,1.45,1.45,75,1275,1.06,0.95,1.85
1608,2021-04-23 10:59:00,1.45,1.45,1.45,1.45,75,1275,1.06,0.95,1.85
1609,2021-04-23 11:00:00,1.45,1.45,1.45,1.45,75,1275,1.06,0.95,1.85
1610,2021-04-23 11:01:00,1.45,1.45,1.45,1.45,75,1275,1.06,0.95,1.85
1611,2021-04-23 11:02:00,1.45,1.45,1.45,1.45,75,1275,1.06,0.95,1.85
1612,2021-04-23 11:03:00,1.45,1.45,1.45,1.45,75,1275,1.06,0.95,1.85
1613,2021-04-23 11:04:00,1.45,1.45,1.45,1.45,75,1275,1.06,0.95,1.85
1614,2021-04-23 11:05:00,1.45,1.45,1.45,1.45,75,1275,1.06,0.95,1.85
1615,2021-04-23 11:06:00,1.45,1.45,1.45,1.45,75,1275,1.06,0.95,1.85
1616,2021-04-23 11:07:00,1.45,1.45,1.45,1.45,75,1275,1.06,0.95,1.85
1617,2021-04-23 11:08:00,1.45,1.45,1.45,1.45,75,1275,1.06,0.95,1.85
1618,2021-04-23 11:09:00,1.45,1.45,1.45,1.45,75,1275,1.06,0.95,1.85
1619,2021-04-23 11:10:00,1.45,1.45,1.45,1.45,75,1275,1.06,0.95,1.85
1620,2021-04-23 11:11:00,1.45,1.45,1.45,1.45,75,1275,1.06,0.95,1.85
1621,2021-04-23 11:12:00,1.45,1.45,1.45,1.45,75,1275,1.06,0.95,1.85
1622,2021-04-23 11:13:00,1.45,1.45,1.45,1.45,75,1275,1.06,0.95,1.85
1623,2021-04-23 11:14:00,1.45,1.45,1.45,1.45,75,1275,1.06,0.95,1.85
1624,2021-04-23 11:15:00,1.45,1.45,1.45,1.45,75,1275,1.06,0.95,1.85
1625,2021-04-23 11:16:00,1.45,1.45,1.45,1.45,75,1275,1.06,0.95,1.85
1626,2021-04-23 11:17:00,1.45,1.45,1.45,1.45,75,1275,1.06,0.95,1.85
1627,2021-04-23 11:18:00,1.45,1.45,1.45,1.45,75,1275,1.06,0.95,1.85
1628,2021-04-23 11:19:00,1.45,1.45,1.45,1.45,75,1275,1.06,0.95,1.85
1629,2021-04-23 11:20:00,1.45,1.45,1.45,1.45,75,1275,1.06,0.95,1.85
1630,2021-04-23 11:21:00,1.45,1.45,1.45,1.45,75,1275,1.06,0.95,1.85
1631,2021-04-23 11:22:00,1.45,1.45,1.45,1.45,75,1275,1.06,0.95,1.85
1632,2021-04-23 11:23:00,1.45,1.45,1.45,1.45,75,1275,1.06,0.95,1.85
1633,2021-04-23 11:24:00,1.45,1.45,1.45,1.45,75,1275,1.06,0.95,1.85
1634,2021-04-23 11:25:00,1.45,1.45,1.45,1.45,75,1275,1.06,0.95,1.85
1635,2021-04-23 11:26:00,1.45,1.45,1.45,1.45,75,1275,1.06,0.95,1.85
1636,2021-04-23 11:27:00,1.45,1.45,1.45,1.45,75,1275,1.06,0.95,1.85
1637,2021-04-23 11:28:00,1.45,1.45,1.45,1.45,75,1275,1.06,0.95,1.85
1638,2021-04-23 11:29:00,1.45,1.45,1.45,1.45,75,1275,1.06,0.95,1.85
1639,2021-04-23 11:30:00,1.45,1.45,1.45,1.45,75,1275,1.06,0.95,1.85
1640,2021-04-23 11:31:00,1.45,1.45,1.45,1.45,75,1275,1.06,0.95,1.85
1641,2021-04-23 11:32:00,1.45,1.45,1.45,1.45,75,1275,1.06,0.95,1.85
1642,2021-04-23 11:33:00,1.45,1.45,1.45,1.45,75,1275,1.06,0.95,1.85
1643,2021-04-23 11:34:00,1.45,1.45,1.45,1.45,75,1275,1.06,0.95,1.85
1644,2021-04-23 11:35:00,1.45,1.45,1.45,1.45,75,1275,1.06,0.95,1.85
1645,2021-04-23 11:36:00,1.45,1.45,1.45,1.45,75,1275,1.06,0.95,1.85
1646,2021-04-23 11:37:00,1.45,1.45,1.45,1.45,75,1275,1.06,0.95,1.85
1647,2021-04-23 11:38:00,1.45,1.45,1.45,1.45,75,1275,1.06,0.95,1.85
1648,2021-04-23 11:39:00,1.45,1.45,1.45,1.45,75,1275,1.06,0.95,1.85
1649,2021-04-23 11:40:00,1.45,1.45,1.45,1.45,75,1275,1.06,0.95,1.85
1650,2021-04-23 11:41:00,1.45,1.45,1.45,1.45,75,1275,1.06,0.95,1.85
1651,2021-04-23 11:42:00,1.45,1.45,1.45,1.45,75,1275,1.06,0.95,1.85
1652,2021-04-23 11:43:00,1.45,1.45,1.45,1.45,75,1275,1.06,0.95,1.85
1653,2021-04-23 11:44:00,1.45,1.45,1.45,1.45,75,1275,1.06,0.95,1.85
1654,2021-04-23 11:45:00,1.45,1.45,1.45,1.45,75,1275,1.06,0.95,1.85
1655,2021-04-23 11:46:00,1.45,1.45,1.45,1.45,75,1275,1.06,0.95,1.85
1656,2021-04-23 11:47:00,1.45,1.45,1.45,1.45,75,1275,1.06,0.95,1.85
1657,2021-04-23 11:48:00,1.45,1.45,1.45,1.45,75,1275,1.06,0.95,1.85
1658,2021-04-23 11:49:00,1.45,1.45,1.45,1.45,75,1275,1.06,0.95,1.85
1659,2021-04-23 11:50:00,1.45,1.45,1.45,1.45,75,1275,1.06,0.95,1.85
1660,2021-04-23 11:51:00,1.45,1.45,1.45,1.45,75,1275,1.06,0.95,1.85
1661,2021-04-23 11:52:00,1.45,1.45,1.45,1.45,75,1275,1.06,0.95,1.85
1662,2021-04-23 11:53:00,1.45,1.45,1.45,1.45,75,1275,1.06,0.95,1.85
1663,2021-04-23 11:54:00,1.45,1.45,1.45,1.45,75,1275,1.06,0.95,1.85
1664,2021-04-23 11:55:00,1.45,1.45,1.45,1.45,75,1275,1.06,0.95,1.85
1665,2021-04-23 11:56:00,1.45,1.45,1.45,1.45,75,1275,1.06,0.95,1.85
1666,2021-04-23 11:57:00,1.45,1.45,1.45,1.45,75,1275,1.06,0.95,1.85
1667,2021-04-23 11:58:00,1.45,1.45,1.45,1.45,75,1275,1.06,0.95,1.85
1668,2021-04-23 11:59:00,1.45,1.45,1.45,1.45,75,1275,1.06,0.95,1.85
1669,2021-04-23 12:00:00,1.45,1.45,1.45,1.45,75,1275,1.06,0.95,1.85
1670,2021-04-23 12:01:00,1.45,1.45,1.45,1.45,75,1275,1.06,0.95,1.85
1671,2021-04-23 12:02:00,1.45,1.45,1.45,1.45,75,1275,1.06,0.95,1.85
1672,2021-04-23 12:03:00,1.45,1.45,1.45,1.45,75,1275,1.06,0.95,1.85
1673,2021-04-23 12:04:00,1.45,1.45,1.45,1.45,75,1275,1.06,0.95,1.85
1674,2021-04-23 12:05:00,1.45,1.45,1.45,1.45,75,1275,1.06,0.95,1.85
1675,2021-04-23 12:06:00,1.45,1.45,1.45,1.45,75,1275,1.06,0.95,1.85
1676,2021-04-23 12:07:00,1.45,1.45,1.45,1.45,75,1275,1.06,0.95,1.85
1677,2021-04-23 12:08:00,1.45,1.45,1.45,1.45,75,1275,1.06,0.95,1.85
1678,2021-04-23 12:09:00,1.45,1.45,1.45,1.45,75,1275,1.06,0.95,1.85
1679,2021-04-23 12:10:00,1.45,1.45,1.45,1.45,75,1275,1.06,0.95,1.85
1680,2021-04-23 12:11:00,1.45,1.45,1.45,1.45,75,1275,1.06,0.95,1.85
1681,2021-04-23 12:12:00,1.45,1.45,1.45,1.45,75,1275,1.06,0.95,1.85
1682,2021-04-23 12:13:00,1.45,1.45,1.45,1.45,75,1275,1.06,0.95,1.85
1683,2021-04-23 12:14:00,1.45,1.45,1.45,1.45,75,1275,1.06,0.95,1.85
1684,2021-04-23 12:15:00,1.45,1.45,1.45,1.45,75,1275,1.06,0.95,1.85
1685,2021-04-23 12:16:00,1.45,1.45,1.45,1.45,75,1275,1.06,0.95,1.85
1686,2021-04-23 12:17:00,1.45,1.45,1.45,1.45,75,1275,1.06,0.95,1.85
1687,2021-04-23 12:18:00,1.45,1.45,1.45,1.45,75,1275,1.06,0.95,1.85
1688,2021-04-23 12:19:00,1.45,1.45,1.45,1.45,75,1275,1.06,0.95,1.85
1689,2021-04-23 12:20:00,1.45,1.45,1.45,1.45,75,1275,1.06,0.95,1.85
1690,2021-04-23 12:21:00,1.45,1.45,1.45,1.45,75,1275,1.06,0.95,1.85
1691,2021-04-23 12:22:00,1.45,1.45,1.45,1.45,75,1275,1.06,0.95,1.85
1692,2021-04-23 12:23:00,1.45,1.45,1.45,1.45,75,1275,1.06,0.95,1.85
1693,2021-04-23 12:24:00,1.45,1.45,1.45,1.45,75,1275,1.06,0.95,1.85
1694,2021-04-23 12:25:00,1.45,1.45,1.45,1.45,75,1275,1.06,0.95,1.85
1695,2021-04-23 12:26:00,1.45,1.45,1.45,1.45,75,1275,1.06,0.95,1.85
1696,2021-04-23 12:27:00,1.45,1.45,1.45,1.45,75,1275,1.06,0.95,1.85
1697,2021-04-23 12:28:00,1.45,1.45,1.45,1.45,75,1275,1.06,0.95,1.85
1698,2021-04-23 12:29:00,1.45,1.45,1.45,1.45,75,1275,1.06,0.95,1.85
1699,2021-04-23 12:30:00,1.45,1.45,1.45,1.45,75,1275,1.06,0.95,1.85
1700,2021-04-23 12:31:00,1.45,1.45,1.45,1.45,75,1275,1.06,0.95,1.85
1701,2021-04-23 12:32:00,1.45,1.45,1.45,1.45,75,1275,1.06,0.95,1.85
1702,2021-04-23 12:33:00,1.45,1.45,1.45,1.45,75,1275,1.06,0.95,1.85
1703,2021-04-23 12:34:00,1.45,1.45,1.45,1.45,75,1275,1.06,0.95,1.85
1704,2021-04-23 12:35:00,1.45,1.45,1.45,1.45,75,1275,1.06,0.95,1.85
1705,2021-04-23 12:36:00,1.45,1.45,1.45,1.45,75,1275,1.06,0.95,1.85
1706,2021-04-23 12:37:00,1.45,1.45,1.45,1.45,75,1275,1.06,0.95,1.85
1707,2021-04-23 12:38:00,1.45,1.45,1.45,1.45,75,1275,1.06,0.95,1.85
1708,2021-04-23 12:39:00,1.45,1.45,1.45,1.45,75,1275,1.06,0.95,1.85
1709,2021-04-23 12:40:00,1.45,1.45,1.45,1.45,75,1275,1.06,0.95,1.85
1710,2021-04-23 12:41:00,1.45,1.45,1.45,1.45,75,1275,1.06,0.95,1.85
1711,2021-04-23 12:42:00,1.45,1.45,1.45,1.45,75,1275,1.06,0.95,1.85
1712,2021-04-23 12:43:00,1.45,1.45,1.45,1.45,75,1275,1.06,0.95,1.85
1713,2021-04-23 12:44:00,1.45,1.45,1.45,1.45,75,1275,1.06,0.95,1.85
1714,2021-04-23 12:45:00,1.45,1.45,1.45,1.45,75,1275,1.06,0.95,1.85
1715,2021-04-23 12:46:00,1.45,1.45,1.45,1.45,75,1275,1.06,0.95,1.85
1716,2021-04-23 12:47:00,1.45,1.45,1.45,1.45,75,1275,1.06,0.95,1.85
1717,2021-04-23 12:48:00,1.45,1.45,1.45,1.45,75,1275,1.06,0.95,1.85
1718,2021-04-23 12:49:00,1.45,1.45,1.45,1.45,75,1275,1.06,0.95,1.85
1719,2021-04-23 12:50:00,1.45,1.45,1.45,1.45,75,1275,1.06,0.95,1.85
1720,2021-04-23 12:51:00,1.45,1.45,1.45,1.45,75,1275,1.06,0.95,1.85
1721,2021-04-23 12:52:00,1.45,1.45,1.45,1.45,75,1275,1.06,0.95,1.85
1722,2021-04-23 12:53:00,1.4,1.4,1.4,1.4,300,1350,1.12,0.9,1.4
1723,2021-04-23 12:54:00,0.9,0.9,0.9,0.9,300,1650,1.08,0.9,1.4
1724,2021-04-23 12:55:00,0.9,0.9,0.9,0.9,300,1650,1.08,0.9,1.4
1725,2021-04-23 12:56:00,0.9,0.9,0.9,0.9,300,1650,1.08,0.9,1.4
1726,2021-04-23 12:57:00,0.9,0.9,0.9,0.9,300,1650,1.08,0.9,1.4
1727,2021-04-23 12:58:00,0.9,0.9,0.9,0.9,300,1650,1.08,0.9,1.4
1728,2021-04-23 12:59:00,0.9,0.9,0.9,0.9,300,1650,1.08,0.9,1.4
1729,2021-04-23 13:00:00,0.9,0.9,0.9,0.9,300,1650,1.08,0.9,1.4
1730,2021-04-23 13:01:00,0.9,0.9,0.9,0.9,300,1650,1.08,0.9,1.4
1731,2021-04-23 13:02:00,0.9,0.9,0.9,0.9,300,1650,1.08,0.9,1.4
1732,2021-04-23 13:03:00,0.9,0.9,0.9,0.9,300,1650,1.08,0.9,1.4
1733,2021-04-23 13:04:00,0.9,0.9,0.9,0.9,300,1650,1.08,0.9,1.4
1734,2021-04-23 13:05:00,0.9,0.9,0.9,0.9,300,1650,1.08,0.9,1.4
1735,2021-04-23 13:06:00,0.9,0.9,0.9,0.9,300,1650,1.08,0.9,1.4
1736,2021-04-23 13:07:00,0.9,0.9,0.9,0.9,300,1650,1.08,0.9,1.4
1737,2021-04-23 13:08:00,0.9,0.9,0.9,0.9,300,1650,1.08,0.9,1.4
1738,2021-04-23 13:09:00,0.9,0.9,0.9,0.9,300,1650,1.08,0.9,1.4
1739,2021-04-23 13:10:00,0.9,0.9,0.9,0.9,300,1650,1.08,0.9,1.4
1740,2021-04-23 13:11:00,0.9,0.9,0.9,0.9,300,1650,1.08,0.9,1.4
1741,2021-04-23 13:12:00,0.9,0.9,0.9,0.9,300,1650,1.08,0.9,1.4
1742,2021-04-23 13:13:00,0.9,0.9,0.9,0.9,300,1650,1.08,0.9,1.4
1743,2021-04-23 13:14:00,0.9,0.9,0.9,0.9,300,1650,1.08,0.9,1.4
1744,2021-04-23 13:15:00,0.9,0.9,0.9,0.9,300,1650,1.08,0.9,1.4
1745,2021-04-23 13:16:00,0.9,0.9,0.9,0.9,300,1650,1.08,0.9,1.4
1746,2021-04-23 13:17:00,0.9,0.9,0.9,0.9,300,1650,1.08,0.9,1.4
1747,2021-04-23 13:18:00,0.9,0.9,0.9,0.9,300,1650,1.08,0.9,1.4
1748,2021-04-23 13:19:00,0.9,0.9,0.9,0.9,300,1650,1.08,0.9,1.4
1749,2021-04-23 13:20:00,0.9,0.9,0.9,0.9,300,1650,1.08,0.9,1.4
1750,2021-04-23 13:21:00,0.9,0.9,0.9,0.9,300,1650,1.08,0.9,1.4
1751,2021-04-23 13:22:00,0.9,0.9,0.9,0.9,300,1650,1.08,0.9,1.4
1752,2021-04-23 13:23:00,0.9,0.9,0.9,0.9,300,1650,1.08,0.9,1.4
1753,2021-04-23 13:24:00,0.9,0.9,0.9,0.9,300,1650,1.08,0.9,1.4
1754,2021-04-23 13:25:00,0.9,0.9,0.9,0.9,300,1650,1.08,0.9,1.4
1755,2021-04-23 13:26:00,0.9,0.9,0.9,0.9,300,1650,1.08,0.9,1.4
1756,2021-04-23 13:27:00,0.9,0.9,0.9,0.9,300,1650,1.08,0.9,1.4
1757,2021-04-23 13:28:00,0.9,0.9,0.9,0.9,300,1650,1.08,0.9,1.4
1758,2021-04-23 13:29:00,0.9,0.9,0.9,0.9,300,1650,1.08,0.9,1.4
1759,2021-04-23 13:30:00,1.15,1.2,1.15,1.2,5775,1350,1.13,0.9,1.4
1760,2021-04-23 13:31:00,1.15,1.2,1.15,1.2,5775,1350,1.13,0.9,1.4
1761,2021-04-23 13:32:00,1.15,1.2,1.15,1.2,5775,1350,1.13,0.9,1.4
1762,2021-04-23 13:33:00,1.15,1.2,1.15,1.2,5775,1350,1.13,0.9,1.4
1763,2021-04-23 13:34:00,1.15,1.2,1.15,1.2,5775,1350,1.13,0.9,1.4
1764,2021-04-23 13:35:00,1.15,1.2,1.15,1.2,5775,1350,1.13,0.9,1.4
1765,2021-04-23 13:36:00,1.15,1.2,1.15,1.2,5775,1350,1.13,0.9,1.4
1766,2021-04-23 13:37:00,1.15,1.2,1.15,1.2,5775,1350,1.13,0.9,1.4
1767,2021-04-23 13:38:00,1.15,1.2,1.15,1.2,5775,1350,1.13,0.9,1.4
1768,2021-04-23 13:39:00,1.15,1.2,1.15,1.2,5775,1350,1.13,0.9,1.4
1769,2021-04-23 13:40:00,1.15,1.2,1.15,1.2,5775,1350,1.13,0.9,1.4
1770,2021-04-23 13:41:00,1.15,1.15,1.15,1.15,9225,7125,1.13,0.9,1.4
1771,2021-04-23 13:42:00,1.15,1.15,1.15,1.15,37500,7125,1.14,0.9,1.4
1772,2021-04-23 13:43:00,1.15,1.15,1.15,1.15,45000,7125,1.14,0.9,1.4
1773,2021-04-23 13:44:00,1.25,1.25,0.9,1.15,60000,7125,1.14,0.9,1.4
1774,2021-04-23 13:45:00,1.15,1.15,1.15,1.15,30225,8925,1.14,1.15,1.4
1775,2021-04-23 13:46:00,1.25,1.25,0.95,0.95,21000,8925,1.13,0.95,1.05
1776,2021-04-23 13:47:00,1.0,1.0,1.0,1.0,1875,8925,1.13,0.9,1.1
1777,2021-04-23 13:48:00,1.0,1.0,1.0,1.0,1875,8925,1.13,0.9,1.1
1778,2021-04-23 13:49:00,1.0,1.0,1.0,1.0,1875,8925,1.13,0.9,1.1
1779,2021-04-23 13:50:00,1.0,1.0,1.0,1.0,1875,8925,1.13,0.9,1.1
1780,2021-04-23 13:51:00,1.0,1.0,1.0,1.0,1875,8925,1.13,0.9,1.1
1781,2021-04-23 13:52:00,1.0,1.0,1.0,1.0,1875,8925,1.13,0.9,1.1
1782,2021-04-23 13:53:00,1.0,1.0,1.0,1.0,1875,8925,1.13,0.9,1.1
1783,2021-04-23 13:54:00,1.0,1.0,1.0,1.0,1875,8925,1.13,0.9,1.1
1784,2021-04-23 13:55:00,1.05,1.05,0.95,1.05,30075,1650,1.12,0.95,1.15
1785,2021-04-23 13:56:00,1.05,1.05,0.95,1.05,30075,1650,1.12,0.95,1.15
1786,2021-04-23 13:57:00,1.05,1.05,0.95,1.05,30075,1650,1.12,0.95,1.15
1787,2021-04-23 13:58:00,1.05,1.05,0.95,1.05,30075,1650,1.12,0.95,1.15
1788,2021-04-23 13:59:00,1.05,1.05,0.95,1.05,30075,1650,1.12,0.95,1.15
1789,2021-04-23 14:00:00,1.05,1.05,0.95,1.05,30075,1650,1.12,0.95,1.15
1790,2021-04-23 14:01:00,1.05,1.05,0.95,1.05,30075,1650,1.12,0.95,1.15
1791,2021-04-23 14:02:00,1.05,1.05,0.95,1.05,30075,1650,1.12,0.95,1.15
1792,2021-04-23 14:03:00,1.05,1.05,0.95,1.05,30075,1650,1.12,0.95,1.15
1793,2021-04-23 14:04:00,1.05,1.05,0.95,1.05,30075,1650,1.12,0.95,1.15
1794,2021-04-23 14:05:00,1.05,1.05,0.95,1.05,30075,1650,1.12,0.95,1.15
1795,2021-04-23 14:06:00,1.05,1.05,0.95,1.05,30075,1650,1.12,0.95,1.15
1796,2021-04-23 14:07:00,1.05,1.05,0.95,1.05,30075,1650,1.12,0.95,1.15
1797,2021-04-23 14:08:00,1.05,1.05,0.95,1.05,30075,1650,1.12,0.95,1.15
1798,2021-04-23 14:09:00,1.05,1.05,0.95,1.05,30075,1650,1.12,0.95,1.15
1799,2021-04-23 14:10:00,1.05,1.05,0.95,1.05,30075,1650,1.12,0.95,1.15
1800,2021-04-23 14:11:00,1.05,1.05,0.95,1.05,30075,1650,1.12,0.95,1.15
1801,2021-04-23 14:12:00,1.05,1.05,0.95,1.05,30075,1650,1.12,0.95,1.15
1802,2021-04-23 14:13:00,1.05,1.05,0.95,1.05,30075,1650,1.12,0.95,1.15
1803,2021-04-23 14:14:00,1.05,1.05,0.95,1.05,30075,1650,1.12,0.95,1.15
1804,2021-04-23 14:15:00,0.95,0.95,0.95,0.95,150,1725,1.12,0.9,1.05
1805,2021-04-23 14:16:00,0.95,0.95,0.95,0.95,150,1725,1.12,0.9,1.05
1806,2021-04-23 14:17:00,0.9,0.9,0.9,0.9,150,1575,1.12,0.9,1.15
1807,2021-04-23 14:18:00,0.9,0.9,0.9,0.9,150,1575,1.12,0.9,1.15
1808,2021-04-23 14:19:00,0.9,0.9,0.9,0.9,150,1575,1.12,0.9,1.15
1809,2021-04-23 14:20:00,0.9,0.9,0.9,0.9,150,1575,1.12,0.9,1.15
1810,2021-04-23 14:21:00,1.15,1.15,1.15,1.15,75,1425,1.12,0.9,1.15
1811,2021-04-23 14:22:00,1.15,1.15,1.15,1.15,75,1425,1.12,0.9,1.15
1812,2021-04-23 14:23:00,1.15,1.15,1.15,1.15,75,1425,1.12,0.9,1.15
1813,2021-04-23 14:24:00,1.15,1.15,1.15,1.15,75,1425,1.12,0.9,1.15
1814,2021-04-23 14:25:00,1.15,1.15,1.15,1.15,75,1425,1.12,0.9,1.15
1815,2021-04-23 14:26:00,1.15,1.15,1.15,1.15,75,1425,1.12,0.9,1.15
1816,2021-04-23 14:27:00,1.15,1.15,1.15,1.15,75,1425,1.12,0.9,1.15
1817,2021-04-23 14:28:00,1.15,1.15,1.15,1.15,75,1425,1.12,0.9,1.15
1818,2021-04-23 14:29:00,1.15,1.15,1.15,1.15,75,1425,1.12,0.9,1.15
1819,2021-04-23 14:30:00,1.15,1.15,1.15,1.15,75,1425,1.12,0.9,1.15
1820,2021-04-23 14:31:00,1.15,1.15,1.15,1.15,75,1425,1.12,0.9,1.15
1821,2021-04-23 14:32:00,1.15,1.15,1.15,1.15,75,1425,1.12,0.9,1.15
1822,2021-04-23 14:33:00,1.15,1.15,1.15,1.15,75,1425,1.12,0.9,1.15
1823,2021-04-23 14:34:00,1.15,1.15,1.15,1.15,75,1425,1.12,0.9,1.15
1824,2021-04-23 14:35:00,1.15,1.15,1.15,1.15,75,1425,1.12,0.9,1.15
1825,2021-04-23 14:36:00,1.15,1.15,1.15,1.15,75,1425,1.12,0.9,1.15
1826,2021-04-23 14:37:00,1.15,1.15,1.15,1.15,75,1425,1.12,0.9,1.15
1827,2021-04-23 14:38:00,1.15,1.15,1.15,1.15,75,1425,1.12,0.9,1.15
1828,2021-04-23 14:39:00,1.15,1.15,1.15,1.15,75,1425,1.12,0.9,1.15
1829,2021-04-23 14:40:00,1.15,1.15,1.15,1.15,75,1425,1.12,0.9,1.15
1830,2021-04-23 14:41:00,1.15,1.15,1.15,1.15,75,1425,1.12,0.9,1.15
1831,2021-04-23 14:42:00,1.15,1.15,1.15,1.15,75,1425,1.12,0.9,1.15
1832,2021-04-23 14:43:00,1.15,1.15,1.15,1.15,75,1425,1.12,0.9,1.15
1833,2021-04-23 14:44:00,1.15,1.15,1.15,1.15,75,1425,1.12,0.9,1.15
1834,2021-04-23 14:45:00,1.15,1.15,1.15,1.15,75,1425,1.12,0.9,1.15
1835,2021-04-23 14:46:00,0.9,0.9,0.9,0.9,75,1350,1.12,0.9,1.2
1836,2021-04-23 14:47:00,1.1,1.1,1.1,1.1,75,1350,1.12,0.95,1.15
1837,2021-04-23 14:48:00,1.1,1.1,1.1,1.1,75,1350,1.12,0.95,1.15
1838,2021-04-23 14:49:00,1.1,1.1,1.1,1.1,75,1350,1.12,0.95,1.15
1839,2021-04-23 14:50:00,1.1,1.1,1.1,1.1,75,1350,1.12,0.95,1.15
1840,2021-04-23 14:51:00,1.1,1.1,1.1,1.1,75,1350,1.12,0.95,1.15
1841,2021-04-23 14:52:00,1.1,1.1,1.1,1.1,75,1350,1.12,0.95,1.15
1842,2021-04-23 14:53:00,1.1,1.1,1.1,1.1,75,1350,1.12,0.95,1.15
1843,2021-04-23 14:54:00,0.95,1.05,0.95,1.05,225,1275,1.12,0.95,1.2
1844,2021-04-23 14:55:00,0.95,1.05,0.95,1.05,225,1275,1.12,0.95,1.2
1845,2021-04-23 14:56:00,0.95,1.05,0.95,1.05,225,1275,1.12,0.95,1.2
1846,2021-04-23 14:57:00,0.95,1.05,0.95,1.05,225,1275,1.12,0.95,1.2
1847,2021-04-23 14:58:00,0.95,1.05,0.95,1.05,225,1275,1.12,0.95,1.2
1848,2021-04-23 14:59:00,0.95,1.05,0.95,1.05,225,1275,1.12,0.95,1.2
1849,2021-04-23 15:00:00,0.95,1.05,0.95,1.05,225,1275,1.12,0.95,1.2
1850,2021-04-23 15:01:00,0.95,1.05,0.95,1.05,225,1275,1.12,0.95,1.2
1851,2021-04-23 15:02:00,0.95,1.05,0.95,1.05,225,1275,1.12,0.95,1.2
1852,2021-04-23 15:03:00,0.95,1.05,0.95,1.05,225,1275,1.12,0.95,1.2
1853,2021-04-23 15:04:00,0.95,1.05,0.95,1.05,225,1275,1.12,0.95,1.2
1854,2021-04-23 15:05:00,0.95,1.05,0.95,1.05,225,1275,1.12,0.95,1.2
1855,2021-04-23 15:06:00,0.95,1.05,0.95,1.05,225,1275,1.12,0.95,1.2
1856,2021-04-23 15:07:00,0.95,1.05,0.95,1.05,225,1275,1.12,0.95,1.2
1857,2021-04-23 15:08:00,0.95,1.05,0.95,1.05,225,1275,1.12,0.95,1.2
1858,2021-04-23 15:09:00,0.95,1.05,0.95,1.05,225,1275,1.12,0.95,1.2
1859,2021-04-23 15:10:00,0.95,1.05,0.95,1.05,225,1275,1.12,0.95,1.2
1860,2021-04-23 15:11:00,0.95,1.05,0.95,1.05,225,1275,1.12,0.95,1.2
1861,2021-04-23 15:12:00,0.95,1.05,0.95,1.05,225,1275,1.12,0.95,1.2
1862,2021-04-23 15:13:00,0.95,1.05,0.95,1.05,225,1275,1.12,0.95,1.2
1863,2021-04-23 15:14:00,0.95,1.05,0.95,1.05,225,1275,1.12,0.95,1.2
1864,2021-04-23 15:15:00,0.95,1.05,0.95,1.05,225,1275,1.12,0.95,1.2
1865,2021-04-23 15:16:00,0.95,1.05,0.95,1.05,225,1275,1.12,0.95,1.2
1866,2021-04-23 15:17:00,0.95,1.05,0.95,1.05,225,1275,1.12,0.95,1.2
1867,2021-04-23 15:18:00,0.95,1.05,0.95,1.05,225,1275,1.12,0.95,1.2
1868,2021-04-23 15:19:00,0.95,1.05,0.95,1.05,225,1275,1.12,0.95,1.2
1869,2021-04-23 15:20:00,0.95,1.05,0.95,1.05,225,1275,1.12,0.95,1.2
1870,2021-04-23 15:21:00,0.95,1.05,0.95,1.05,225,1275,1.12,0.95,1.2
1871,2021-04-23 15:22:00,0.95,1.05,0.95,1.05,225,1275,1.12,0.95,1.2
1872,2021-04-23 15:23:00,0.95,1.05,0.95,1.05,225,1275,1.12,0.95,1.2
1873,2021-04-23 15:24:00,0.9,0.9,0.9,0.9,75,1200,1.12,0.9,1.25
1874,2021-04-23 15:25:00,0.9,0.9,0.9,0.9,75,1200,1.12,0.9,1.25
1875,2021-04-23 15:26:00,0.9,0.9,0.9,0.9,75,1200,1.12,0.9,1.25
1876,2021-04-23 15:27:00,0.9,0.9,0.9,0.9,75,1200,1.12,0.9,1.25
1877,2021-04-23 15:28:00,0.9,0.9,0.9,0.9,75,1200,1.12,0.9,1.25
1878,2021-04-23 15:29:00,0.9,0.9,0.9,0.9,75,1200,1.12,0.9,1.25
1879,2021-04-23 15:30:00,0.9,0.9,0.9,0.9,75,1125,1.12,0.9,1.25
1880,2021-04-24 09:15:00,0.9,0.9,0.9,0.9,75,1125,1.12,0.9,1.25
1881,2021-04-24 09:16:00,0.9,0.9,0.9,0.9,75,1125,1.12,0.9,1.25
1882,2021-04-24 09:17:00,0.9,0.9,0.9,0.9,75,1125,1.12,0.9,1.25
1883,2021-04-24 09:18:00,0.9,0.9,0.9,0.9,75,1125,1.12,0.9,1.25
1884,2021-04-24 09:19:00,0.9,0.9,0.9,0.9,75,1125,1.12,0.9,1.25
1885,2021-04-24 09:20:00,0.9,0.9,0.9,0.9,75,1125,1.12,0.9,1.25
1886,2021-04-24 09:21:00,0.9,0.9,0.9,0.9,75,1125,1.12,0.9,1.25
1887,2021-04-24 09:22:00,0.9,0.9,0.9,0.9,75,1125,1.12,0.9,1.25
1888,2021-04-24 09:23:00,0.9,0.9,0.9,0.9,75,1125,1.12,0.9,1.25
1889,2021-04-24 09:24:00,0.9,0.9,0.9,0.9,75,1125,1.12,0.9,1.25
1890,2021-04-24 09:25:00,0.9,0.9,0.9,0.9,75,1125,1.12,0.9,1.25
1891,2021-04-24 09:26:00,0.9,0.9,0.9,0.9,75,1125,1.12,0.9,1.25
1892,2021-04-24 09:27:00,0.9,0.9,0.9,0.9,75,1125,1.12,0.9,1.25
1893,2021-04-24 09:28:00,0.9,0.9,0.9,0.9,75,1125,1.12,0.9,1.25
1894,2021-04-24 09:29:00,0.9,0.9,0.9,0.9,75,1125,1.12,0.9,1.25
1895,2021-04-24 09:30:00,0.9,0.9,0.9,0.9,75,1125,1.12,0.9,1.25
1896,2021-04-24 09:31:00,0.9,0.9,0.9,0.9,75,1125,1.12,0.9,1.25
1897,2021-04-24 09:32:00,0.9,0.9,0.9,0.9,75,1125,1.12,0.9,1.25
1898,2021-04-24 09:33:00,0.9,0.9,0.9,0.9,75,1125,1.12,0.9,1.25
1899,2021-04-24 09:34:00,0.9,0.9,0.9,0.9,75,1125,1.12,0.9,1.25
1900,2021-04-24 09:35:00,0.9,0.9,0.9,0.9,75,1125,1.12,0.9,1.25
1901,2021-04-24 09:36:00,0.9,0.9,0.9,0.9,75,1125,1.12,0.9,1.25
1902,2021-04-24 09:37:00,0.9,0.9,0.9,0.9,75,1125,1.12,0.9,1.25
1903,2021-04-24 09:38:00,0.9,0.9,0.9,0.9,75,1125,1.12,0.9,1.25
1904,2021-04-24 09:39:00,0.9,0.9,0.9,0.9,75,1125,1.12,0.9,1.25
1905,2021-04-24 09:40:00,0.9,0.9,0.9,0.9,75,1125,1.12,0.9,1.25
1906,2021-04-24 09:41:00,0.9,0.9,0.9,0.9,75,1125,1.12,0.9,1.25
1907,2021-04-24 09:42:00,0.9,0.9,0.9,0.9,75,1125,1.12,0.9,1.25
1908,2021-04-24 09:43:00,0.9,0.9,0.9,0.9,75,1125,1.12,0.9,1.25
1909,2021-04-24 09:44:00,0.9,0.9,0.9,0.9,75,1125,1.12,0.9,1.25
1910,2021-04-24 09:45:00,0.9,0.9,0.9,0.9,75,1125,1.12,0.9,1.25
1911,2021-04-24 09:46:00,0.9,0.9,0.9,0.9,75,1125,1.12,0.9,1.25
1912,2021-04-24 09:47:00,0.9,0.9,0.9,0.9,75,1125,1.12,0.9,1.25
1913,2021-04-24 09:48:00,0.9,0.9,0.9,0.9,75,1125,1.12,0.9,1.25
1914,2021-04-24 09:49:00,0.9,0.9,0.9,0.9,75,1125,1.12,0.9,1.25
1915,2021-04-24 09:50:00,0.9,0.9,0.9,0.9,75,1125,1.12,0.9,1.25
1916,2021-04-24 09:51:00,0.9,0.9,0.9,0.9,75,1125,1.12,0.9,1.25
1917,2021-04-24 09:52:00,0.9,0.9,0.9,0.9,75,1125,1.12,0.9,1.25
1918,2021-04-24 09:53:00,0.9,0.9,0.9,0.9,75,1125,1.12,0.9,1.25
1919,2021-04-24 09:54:00,0.9,0.9,0.9,0.9,75,1125,1.12,0.9,1.25
1920,2021-04-24 09:55:00,0.9,0.9,0.9,0.9,75,1125,1.12,0.9,1.25
1921,2021-04-24 09:56:00,0.9,0.9,0.9,0.9,75,1125,1.12,0.9,1.25
1922,2021-04-24 09:57:00,0.9,0.9,0.9,0.9,75,1125,1.12,0.9,1.25
1923,2021-04-24 09:58:00,0.9,0.9,0.9,0.9,75,1125,1.12,0.9,1.25
1924,2021-04-24 09:59:00,0.9,0.9,0.9,0.9,75,1125,1.12,0.9,1.25
1925,2021-04-24 10:00:00,0.9,0.9,0.9,0.9,75,1125,1.12,0.9,1.25
1926,2021-04-24 10:01:00,0.9,0.9,0.9,0.9,75,1125,1.12,0.9,1.25
1927,2021-04-24 10:02:00,0.9,0.9,0.9,0.9,75,1125,1.12,0.9,1.25
1928,2021-04-24 10:03:00,0.9,0.9,0.9,0.9,75,1125,1.12,0.9,1.25
1929,2021-04-24 10:04:00,0.9,0.9,0.9,0.9,75,1125,1.12,0.9,1.25
1930,2021-04-24 10:05:00,0.9,0.9,0.9,0.9,75,1125,1.12,0.9,1.25
1931,2021-04-24 10:06:00,0.9,0.9,0.9,0.9,75,1125,1.12,0.9,1.25
1932,2021-04-24 10:07:00,0.9,0.9,0.9,0.9,75,1125,1.12,0.9,1.25
1933,2021-04-24 10:08:00,0.9,0.9,0.9,0.9,75,1125,1.12,0.9,1.25
1934,2021-04-24 10:09:00,0.9,0.9,0.9,0.9,75,1125,1.12,0.9,1.25
1935,2021-04-24 10:10:00,0.9,0.9,0.9,0.9,75,1125,1.12,0.9,1.25
1936,2021-04-24 10:11:00,0.9,0.9,0.9,0.9,75,1125,1.12,0.9,1.25
1937,2021-04-24 10:12:00,0.9,0.9,0.9,0.9,75,1125,1.12,0.9,1.25
1938,2021-04-24 10:13:00,0.9,0.9,0.9,0.9,75,1125,1.12,0.9,1.25
1939,2021-04-24 10:14:00,0.9,0.9,0.9,0.9,75,1125,1.12,0.9,1.25
1940,2021-04-24 10:15:00,0.9,0.9,0.9,0.9,75,1125,1.12,0.9,1.25
1941,2021-04-24 10:16:00,0.9,0.9,0.9,0.9,75,1125,1.12,0.9,1.25
1942,2021-04-24 10:17:00,0.9,0.9,0.9,0.9,75,1125,1.12,0.9,1.25
1943,2021-04-24 10:18:00,0.9,0.9,0.9,0.9,75,1125,1.12,0.9,1.25
1944,2021-04-24 10:19:00,0.9,0.9,0.9,0.9,75,1125,1.12,0.9,1.25
1945,2021-04-24 10:20:00,0.9,0.9,0.9,0.9,75,1125,1.12,0.9,1.25
1946,2021-04-24 10:21:00,0.9,0.9,0.9,0.9,75,1125,1.12,0.9,1.25
1947,2021-04-24 10:22:00,0.9,0.9,0.9,0.9,75,1125,1.12,0.9,1.25
1948,2021-04-24 10:23:00,0.9,0.9,0.9,0.9,75,1125,1.12,0.9,1.25
1949,2021-04-24 10:24:00,0.9,0.9,0.9,0.9,75,1125,1.12,0.9,1.25
1950,2021-04-24 10:25:00,0.9,0.9,0.9,0.9,75,1125,1.12,0.9,1.25
1951,2021-04-24 10:26:00,0.9,0.9,0.9,0.9,75,1125,1.12,0.9,1.25
1952,2021-04-24 10:27:00,0.9,0.9,0.9,0.9,75,1125,1.12,0.9,1.25
1953,2021-04-24 10:28:00,0.9,0.9,0.9,0.9,75,1125,1.12,0.9,1.25
1954,2021-04-24 10:29:00,0.9,0.9,0.9,0.9,75,1125,1.12,0.9,1.25
1955,2021-04-24 10:30:00,0.9,0.9,0.9,0.9,75,1125,1.12,0.9,1.25
1956,2021-04-24 10:31:00,0.9,0.9,0.9,0.9,75,1125,1.12,0.9,1.25
1957,2021-04-24 10:32:00,0.9,0.9,0.9,0.9,75,1125,1.12,0.9,1.25
1958,2021-04-24 10:33:00,0.9,0.9,0.9,0.9,75,1125,1.12,0.9,1.25
1959,2021-04-24 10:34:00,0.9,0.9,0.9,0.9,75,1125,1.12,0.9,1.25
1960,2021-04-24 10:35:00,0.9,0.9,0.9,0.9,75,1125,1.12,0.9,1.25
1961,2021-04-24 10:36:00,0.9,0.9,0.9,0.9,75,1125,1.12,0.9,1.25
1962,2021-04-24 10:37:00,0.9,0.9,0.9,0.9,75,1125,1.12,0.9,1.25
1963,2021-04-24 10:38:00,0.9,0.9,0.9,0.9,75,1125,1.12,0.9,1.25
1964,2021-04-24 10:39:00,0.9,0.9,0.9,0.9,75,1125,1.12,0.9,1.25
1965,2021-04-24 10:40:00,0.9,0.9,0.9,0.9,75,1125,1.12,0.9,1.25
1966,2021-04-24 10:41:00,0.9,0.9,0.9,0.9,75,1125,1.12,0.9,1.25
1967,2021-04-24 10:42:00,0.9,0.9,0.9,0.9,75,1125,1.12,0.9,1.25
1968,2021-04-24 10:43:00,0.9,0.9,0.9,0.9,75,1125,1.12,0.9,1.25
1969,2021-04-24 10:44:00,0.9,0.9,0.9,0.9,75,1125,1.12,0.9,1.25
1970,2021-04-24 10:45:00,0.9,0.9,0.9,0.9,75,1125,1.12,0.9,1.25
1971,2021-04-24 10:46:00,0.9,0.9,0.9,0.9,75,1125,1.12,0.9,1.25
1972,2021-04-24 10:47:00,0.9,0.9,0.9,0.9,75,1125,1.12,0.9,1.25
1973,2021-04-24 10:48:00,0.9,0.9,0.9,0.9,75,1125,1.12,0.9,1.25
1974,2021-04-24 10:49:00,0.9,0.9,0.9,0.9,75,1125,1.12,0.9,1.25
1975,2021-04-24 10:50:00,0.9,0.9,0.9,0.9,75,1125,1.12,0.9,1.25
1976,2021-04-24 10:51:00,0.9,0.9,0.9,0.9,75,1125,1.12,0.9,1.25
1977,2021-04-24 10:52:00,0.9,0.9,0.9,0.9,75,1125,1.12,0.9,1.25
1978,2021-04-24 10:53:00,0.9,0.9,0.9,0.9,75,1125,1.12,0.9,1.25
1979,2021-04-24 10:54:00,0.9,0.9,0.9,0.9,75,1125,1.12,0.9,1.25
1980,2021-04-24 10:55:00,0.9,0.9,0.9,0.9,75,1125,1.12,0.9,1.25
1981,2021-04-24 10:56:00,0.9,0.9,0.9,0.9,75,1125,1.12,0.9,1.25
1982,2021-04-24 10:57:00,0.9,0.9,0.9,0.9,75,1125,1.12,0.9,1.25
1983,2021-04-24 10:58:00,0.9,0.9,0.9,0.9,75,1125,1.12,0.9,1.25
1984,2021-04-24 10:59:00,0.9,0.9,0.9,0.9,75,1125,1.12,0.9,1.25
1985,2021-04-24 11:00:00,0.9,0.9,0.9,0.9,75,1125,1.12,0.9,1.25
1986,2021-04-24 11:01:00,0.9,0.9,0.9,0.9,75,1125,1.12,0.9,1.25
1987,2021-04-24 11:02:00,0.9,0.9,0.9,0.9,75,1125,1.12,0.9,1.25
1988,2021-04-24 11:03:00,0.9,0.9,0.9,0.9,75,1125,1.12,0.9,1.25
1989,2021-04-24 11:04:00,0.9,0.9,0.9,0.9,75,1125,1.12,0.9,1.25
1990,2021-04-24 11:05:00,0.9,0.9,0.9,0.9,75,1125,1.12,0.9,1.25
1991,2021-04-24 11:06:00,0.9,0.9,0.9,0.9,75,1125,1.12,0.9,1.25
1992,2021-04-24 11:07:00,0.9,0.9,0.9,0.9,75,1125,1.12,0.9,1.25
1993,2021-04-24 11:08:00,0.9,0.9,0.9,0.9,75,1125,1.12,0.9,1.25
1994,2021-04-24 11:09:00,0.9,0.9,0.9,0.9,75,1125,1.12,0.9,1.25
1995,2021-04-24 11:10:00,0.9,0.9,0.9,0.9,75,1125,1.12,0.9,1.25
1996,2021-04-24 11:11:00,0.9,0.9,0.9,0.9,75,1125,1.12,0.9,1.25
1997,2021-04-24 11:12:00,0.9,0.9,0.9,0.9,75,1125,1.12,0.9,1.25
1998,2021-04-24 11:13:00,0.9,0.9,0.9,0.9,75,1125,1.12,0.9,1.25
1999,2021-04-24 11:14:00,0.9,0.9,0.9,0.9,75,1125,1.12,0.9,1.25
2000,2021-04-24 11:15:00,0.9,0.9,0.9,0.9,75,1125,1.12,0.9,1.25
2001,2021-04-24 11:16:00,0.9,0.9,0.9,0.9,75,1125,1.12,0.9,1.25
2002,2021-04-24 11:17:00,0.9,0.9,0.9,0.9,75,1125,1.12,0.9,1.25
2003,2021-04-24 11:18:00,0.9,0.9,0.9,0.9,75,1125,1.12,0.9,1.25
2004,2021-04-24 11:19:00,0.9,0.9,0.9,0.9,75,1125,1.12,0.9,1.25
2005,2021-04-24 11:20:00,0.9,0.9,0.9,0.9,75,1125,1.12,0.9,1.25
2006,2021-04-24 11:21:00,0.9,0.9,0.9,0.9,75,1125,1.12,0.9,1.25
2007,2021-04-24 11:22:00,0.9,0.9,0.9,0.9,75,1125,1.12,0.9,1.25
2008,2021-04-24 11:23:00,0.9,0.9,0.9,0.9,75,1125,1.12,0.9,1.25
2009,2021-04-24 11:24:00,0.9,0.9,0.9,0.9,75,1125,1.12,0.9,1.25
2010,2021-04-24 11:25:00,0.9,0.9,0.9,0.9,75,1125,1.12,0.9,1.25
2011,2021-04-24 11:26:00,0.9,0.9,0.9,0.9,75,1125,1.12,0.9,1.25
2012,2021-04-24 11:27:00,0.9,0.9,0.9,0.9,75,1125,1.12,0.9,1.25
2013,2021-04-24 11:28:00,0.9,0.9,0.9,0.9,75,1125,1.12,0.9,1.25
2014,2021-04-24 11:29:00,0.9,0.9,0.9,0.9,75,1125,1.12,0.9,1.25
2015,2021-04-24 11:30:00,0.9,0.9,0.9,0.9,75,1125,1.12,0.9,1.25
2016,2021-04-24 11:31:00,0.9,0.9,0.9,0.9,75,1125,1.12,0.9,1.25
2017,2021-04-24 11:32:00,0.9,0.9,0.9,0.9,75,1125,1.12,0.9,1.25
2018,2021-04-24 11:33:00,0.9,0.9,0.9,0.9,75,1125,1.12,0.9,1.25
2019,2021-04-24 11:34:00,0.9,0.9,0.9,0.9,75,1125,1.12,0.9,1.25
2020,2021-04-24 11:35:00,0.9,0.9,0.9,0.9,75,1125,1.12,0.9,1.25
2021,2021-04-24 11:36:00,0.9,0.9,0.9,0.9,75,1125,1.12,0.9,1.25
2022,2021-04-24 11:37:00,0.9,0.9,0.9,0.9,75,1125,1.12,0.9,1.25
2023,2021-04-24 11:38:00,0.9,0.9,0.9,0.9,75,1125,1.12,0.9,1.25
2024,2021-04-24 11:39:00,0.9,0.9,0.9,0.9,75,1125,1.12,0.9,1.25
2025,2021-04-24 11:40:00,0.9,0.9,0.9,0.9,75,1125,1.12,0.9,1.25
2026,2021-04-24 11:41:00,0.9,0.9,0.9,0.9,75,1125,1.12,0.9,1.25
2027,2021-04-24 11:42:00,0.9,0.9,0.9,0.9,75,1125,1.12,0.9,1.25
2028,2021-04-24 11:43:00,0.9,0.9,0.9,0.9,75,1125,1.12,0.9,1.25
2029,2021-04-24 11:44:00,0.9,0.9,0.9,0.9,75,1125,1.12,0.9,1.25
2030,2021-04-24 11:45:00,0.9,0.9,0.9,0.9,75,1125,1.12,0.9,1.25
2031,2021-04-24 11:46:00,0.9,0.9,0.9,0.9,75,1125,1.12,0.9,1.25
2032,2021-04-24 11:47:00,0.9,0.9,0.9,0.9,75,1125,1.12,0.9,1.25
2033,2021-04-24 11:48:00,0.9,0.9,0.9,0.9,75,1125,1.12,0.9,1.25
2034,2021-04-24 11:49:00,0.9,0.9,0.9,0.9,75,1125,1.12,0.9,1.25
2035,2021-04-24 11:50:00,0.9,0.9,0.9,0.9,75,1125,1.12,0.9,1.25
2036,2021-04-24 11:51:00,0.9,0.9,0.9,0.9,75,1125,1.12,0.9,1.25
2037,2021-04-24 11:52:00,0.9,0.9,0.9,0.9,75,1125,1.12,0.9,1.25
2038,2021-04-24 11:53:00,0.9,0.9,0.9,0.9,75,1125,1.12,0.9,1.25
2039,2021-04-24 11:54:00,0.9,0.9,0.9,0.9,75,1125,1.12,0.9,1.25
2040,2021-04-24 11:55:00,0.9,0.9,0.9,0.9,75,1125,1.12,0.9,1.25
2041,2021-04-24 11:56:00,0.9,0.9,0.9,0.9,75,1125,1.12,0.9,1.25
2042,2021-04-24 11:57:00,0.9,0.9,0.9,0.9,75,1125,1.12,0.9,1.25
2043,2021-04-24 11:58:00,0.9,0.9,0.9,0.9,75,1125,1.12,0.9,1.25
2044,2021-04-24 11:59:00,0.9,0.9,0.9,0.9,75,1125,1.12,0.9,1.25
2045,2021-04-24 12:00:00,0.9,0.9,0.9,0.9,75,1125,1.12,0.9,1.25
2046,2021-04-24 12:01:00,0.9,0.9,0.9,0.9,75,1125,1.12,0.9,1.25
2047,2021-04-24 12:02:00,0.9,0.9,0.9,0.9,75,1125,1.12,0.9,1.25
2048,2021-04-24 12:03:00,0.9,0.9,0.9,0.9,75,1125,1.12,0.9,1.25
2049,2021-04-24 12:04:00,0.9,0.9,0.9,0.9,75,1125,1.12,0.9,1.25
2050,2021-04-24 12:05:00,0.9,0.9,0.9,0.9,75,1125,1.12,0.9,1.25
2051,2021-04-24 12:06:00,0.9,0.9,0.9,0.9,75,1125,1.12,0.9,1.25
2052,2021-04-24 12:07:00,0.9,0.9,0.9,0.9,75,1125,1.12,0.9,1.25
2053,2021-04-24 12:08:00,0.9,0.9,0.9,0.9,75,1125,1.12,0.9,1.25
2054,2021-04-24 12:09:00,0.9,0.9,0.9,0.9,75,1125,1.12,0.9,1.25
2055,2021-04-24 12:10:00,0.9,0.9,0.9,0.9,75,1125,1.12,0.9,1.25
2056,2021-04-24 12:11:00,0.9,0.9,0.9,0.9,75,1125,1.12,0.9,1.25
2057,2021-04-24 12:12:00,0.9,0.9,0.9,0.9,75,1125,1.12,0.9,1.25
2058,2021-04-24 12:13:00,0.9,0.9,0.9,0.9,75,1125,1.12,0.9,1.25
2059,2021-04-24 12:14:00,0.9,0.9,0.9,0.9,75,1125,1.12,0.9,1.25
2060,2021-04-24 12:15:00,0.9,0.9,0.9,0.9,75,1125,1.12,0.9,1.25
2061,2021-04-24 12:16:00,0.9,0.9,0.9,0.9,75,1125,1.12,0.9,1.25
2062,2021-04-24 12:17:00,0.9,0.9,0.9,0.9,75,1125,1.12,0.9,1.25
2063,2021-04-24 12:18:00,0.9,0.9,0.9,0.9,75,1125,1.12,0.9,1.25
2064,2021-04-24 12:19:00,0.9,0.9,0.9,0.9,75,1125,1.12,0.9,1.25
2065,2021-04-24 12:20:00,0.9,0.9,0.9,0.9,75,1125,1.12,0.9,1.25
2066,2021-04-24 12:21:00,0.9,0.9,0.9,0.9,75,1125,1.12,0.9,1.25
2067,2021-04-24 12:22:00,0.9,0.9,0.9,0.9,75,1125,1.12,0.9,1.25
2068,2021-04-24 12:23:00,0.9,0.9,0.9,0.9,75,1125,1.12,0.9,1.25
2069,2021-04-24 12:24:00,0.9,0.9,0.9,0.9,75,1125,1.12,0.9,1.25
2070,2021-04-24 12:25:00,0.9,0.9,0.9,0.9,75,1125,1.12,0.9,1.25
2071,2021-04-24 12:26:00,0.9,0.9,0.9,0.9,75,1125,1.12,0.9,1.25
2072,2021-04-24 12:27:00,0.9,0.9,0.9,0.9,75,1125,1.12,0.9,1.25
2073,2021-04-24 12:28:00,0.9,0.9,0.9,0.9,75,1125,1.12,0.9,1.25
2074,2021-04-24 12:29:00,0.9,0.9,0.9,0.9,75,1125,1.12,0.9,1.25
2075,2021-04-24 12:30:00,0.9,0.9,0.9,0.9,75,1125,1.12,0.9,1.25
2076,2021-04-24 12:31:00,0.9,0.9,0.9,0.9,75,1125,1.12,0.9,1.25
2077,2021-04-24 12:32:00,0.9,0.9,0.9,0.9,75,1125,1.12,0.9,1.25
2078,2021-04-24 12:33:00,0.9,0.9,0.9,0.9,75,1125,1.12,0.9,1.25
2079,2021-04-24 12:34:00,0.9,0.9,0.9,0.9,75,1125,1.12,0.9,1.25
2080,2021-04-24 12:35:00,0.9,0.9,0.9,0.9,75,1125,1.12,0.9,1.25
2081,2021-04-24 12:36:00,0.9,0.9,0.9,0.9,75,1125,1.12,0.9,1.25
2082,2021-04-24 12:37:00,0.9,0.9,0.9,0.9,75,1125,1.12,0.9,1.25
2083,2021-04-24 12:38:00,0.9,0.9,0.9,0.9,75,1125,1.12,0.9,1.25
2084,2021-04-24 12:39:00,0.9,0.9,0.9,0.9,75,1125,1.12,0.9,1.25
2085,2021-04-24 12:40:00,0.9,0.9,0.9,0.9,75,1125,1.12,0.9,1.25
2086,2021-04-24 12:41:00,0.9,0.9,0.9,0.9,75,1125,1.12,0.9,1.25
2087,2021-04-24 12:42:00,0.9,0.9,0.9,0.9,75,1125,1.12,0.9,1.25
2088,2021-04-24 12:43:00,0.9,0.9,0.9,0.9,75,1125,1.12,0.9,1.25
2089,2021-04-24 12:44:00,0.9,0.9,0.9,0.9,75,1125,1.12,0.9,1.25
2090,2021-04-24 12:45:00,0.9,0.9,0.9,0.9,75,1125,1.12,0.9,1.25
2091,2021-04-24 12:46:00,0.9,0.9,0.9,0.9,75,1125,1.12,0.9,1.25
2092,2021-04-24 12:47:00,0.9,0.9,0.9,0.9,75,1125,1.12,0.9,1.25
2093,2021-04-24 12:48:00,0.9,0.9,0.9,0.9,75,1125,1.12,0.9,1.25
2094,2021-04-24 12:49:00,0.9,0.9,0.9,0.9,75,1125,1.12,0.9,1.25
2095,2021-04-24 12:50:00,0.9,0.9,0.9,0.9,75,1125,1.12,0.9,1.25
2096,2021-04-24 12:51:00,0.9,0.9,0.9,0.9,75,1125,1.12,0.9,1.25
2097,2021-04-24 12:52:00,0.9,0.9,0.9,0.9,75,1125,1.12,0.9,1.25
2098,2021-04-24 12:53:00,0.9,0.9,0.9,0.9,75,1125,1.12,0.9,1.25
2099,2021-04-24 12:54:00,0.9,0.9,0.9,0.9,75,1125,1.12,0.9,1.25
2100,2021-04-24 12:55:00,0.9,0.9,0.9,0.9,75,1125,1.12,0.9,1.25
2101,2021-04-24 12:56:00,0.9,0.9,0.9,0.9,75,1125,1.12,0.9,1.25
2102,2021-04-24 12:57:00,0.9,0.9,0.9,0.9,75,1125,1.12,0.9,1.25
2103,2021-04-24 12:58:00,0.9,0.9,0.9,0.9,75,1125,1.12,0.9,1.25
2104,2021-04-24 12:59:00,0.9,0.9,0.9,0.9,75,1125,1.12,0.9,1.25
2105,2021-04-24 13:00:00,0.9,0.9,0.9,0.9,75,1125,1.12,0.9,1.25
2106,2021-04-24 13:01:00,0.9,0.9,0.9,0.9,75,1125,1.12,0.9,1.25
2107,2021-04-24 13:02:00,0.9,0.9,0.9,0.9,75,1125,1.12,0.9,1.25
2108,2021-04-24 13:03:00,0.9,0.9,0.9,0.9,75,1125,1.12,0.9,1.25
2109,2021-04-24 13:04:00,0.9,0.9,0.9,0.9,75,1125,1.12,0.9,1.25
2110,2021-04-24 13:05:00,0.9,0.9,0.9,0.9,75,1125,1.12,0.9,1.25
2111,2021-04-24 13:06:00,0.9,0.9,0.9,0.9,75,1125,1.12,0.9,1.25
2112,2021-04-24 13:07:00,0.9,0.9,0.9,0.9,75,1125,1.12,0.9,1.25
2113,2021-04-24 13:08:00,0.9,0.9,0.9,0.9,75,1125,1.12,0.9,1.25
2114,2021-04-24 13:09:00,0.9,0.9,0.9,0.9,75,1125,1.12,0.9,1.25
2115,2021-04-24 13:10:00,0.9,0.9,0.9,0.9,75,1125,1.12,0.9,1.25
2116,2021-04-24 13:11:00,0.9,0.9,0.9,0.9,75,1125,1.12,0.9,1.25
2117,2021-04-24 13:12:00,0.9,0.9,0.9,0.9,75,1125,1.12,0.9,1.25
2118,2021-04-24 13:13:00,0.9,0.9,0.9,0.9,75,1125,1.12,0.9,1.25
2119,2021-04-24 13:14:00,0.9,0.9,0.9,0.9,75,1125,1.12,0.9,1.25
2120,2021-04-24 13:15:00,0.9,0.9,0.9,0.9,75,1125,1.12,0.9,1.25
2121,2021-04-24 13:16:00,0.9,0.9,0.9,0.9,75,1125,1.12,0.9,1.25
2122,2021-04-24 13:17:00,0.9,0.9,0.9,0.9,75,1125,1.12,0.9,1.25
2123,2021-04-24 13:18:00,0.9,0.9,0.9,0.9,75,1125,1.12,0.9,1.25
2124,2021-04-24 13:19:00,0.9,0.9,0.9,0.9,75,1125,1.12,0.9,1.25
2125,2021-04-24 13:20:00,0.9,0.9,0.9,0.9,75,1125,1.12,0.9,1.25
2126,2021-04-24 13:21:00,0.9,0.9,0.9,0.9,75,1125,1.12,0.9,1.25
2127,2021-04-24 13:22:00,0.9,0.9,0.9,0.9,75,1125,1.12,0.9,1.25
2128,2021-04-24 13:23:00,0.9,0.9,0.9,0.9,75,1125,1.12,0.9,1.25
2129,2021-04-24 13:24:00,0.9,0.9,0.9,0.9,75,1125,1.12,0.9,1.25
2130,2021-04-24 13:25:00,0.9,0.9,0.9,0.9,75,1125,1.12,0.9,1.25
2131,2021-04-24 13:26:00,0.9,0.9,0.9,0.9,75,1125,1.12,0.9,1.25
2132,2021-04-24 13:27:00,0.9,0.9,0.9,0.9,75,1125,1.12,0.9,1.25
2133,2021-04-24 13:28:00,0.9,0.9,0.9,0.9,75,1125,1.12,0.9,1.25
2134,2021-04-24 13:29:00,0.9,0.9,0.9,0.9,75,1125,1.12,0.9,1.25
2135,2021-04-24 13:30:00,0.9,0.9,0.9,0.9,75,1125,1.12,0.9,1.25
2136,2021-04-24 13:31:00,0.9,0.9,0.9,0.9,75,1125,1.12,0.9,1.25
2137,2021-04-24 13:32:00,0.9,0.9,0.9,0.9,75,1125,1.12,0.9,1.25
2138,2021-04-24 13:33:00,0.9,0.9,0.9,0.9,75,1125,1.12,0.9,1.25
2139,2021-04-24 13:34:00,0.9,0.9,0.9,0.9,75,1125,1.12,0.9,1.25
2140,2021-04-24 13:35:00,0.9,0.9,0.9,0.9,75,1125,1.12,0.9,1.25
2141,2021-04-24 13:36:00,0.9,0.9,0.9,0.9,75,1125,1.12,0.9,1.25
2142,2021-04-24 13:37:00,0.9,0.9,0.9,0.9,75,1125,1.12,0.9,1.25
2143,2021-04-24 13:38:00,0.9,0.9,0.9,0.9,75,1125,1.12,0.9,1.25
2144,2021-04-24 13:39:00,0.9,0.9,0.9,0.9,75,1125,1.12,0.9,1.25
2145,2021-04-24 13:40:00,0.9,0.9,0.9,0.9,75,1125,1.12,0.9,1.25
2146,2021-04-24 13:41:00,0.9,0.9,0.9,0.9,75,1125,1.12,0.9,1.25
2147,2021-04-24 13:42:00,0.9,0.9,0.9,0.9,75,1125,1.12,0.9,1.25
2148,2021-04-24 13:43:00,0.9,0.9,0.9,0.9,75,1125,1.12,0.9,1.25
2149,2021-04-24 13:44:00,0.9,0.9,0.9,0.9,75,1125,1.12,0.9,1.25
2150,2021-04-24 13:45:00,0.9,0.9,0.9,0.9,75,1125,1.12,0.9,1.25
2151,2021-04-24 13:46:00,0.9,0.9,0.9,0.9,75,1125,1.12,0.9,1.25
2152,2021-04-24 13:47:00,0.9,0.9,0.9,0.9,75,1125,1.12,0.9,1.25
2153,2021-04-24 13:48:00,0.9,0.9,0.9,0.9,75,1125,1.12,0.9,1.25
2154,2021-04-24 13:49:00,0.9,0.9,0.9,0.9,75,1125,1.12,0.9,1.25
2155,2021-04-24 13:50:00,0.9,0.9,0.9,0.9,75,1125,1.12,0.9,1.25
2156,2021-04-24 13:51:00,0.9,0.9,0.9,0.9,75,1125,1.12,0.9,1.25
2157,2021-04-24 13:52:00,0.9,0.9,0.9,0.9,75,1125,1.12,0.9,1.25
2158,2021-04-24 13:53:00,0.9,0.9,0.9,0.9,75,1125,1.12,0.9,1.25
2159,2021-04-24 13:54:00,0.9,0.9,0.9,0.9,75,1125,1.12,0.9,1.25
2160,2021-04-24 13:55:00,0.9,0.9,0.9,0.9,75,1125,1.12,0.9,1.25
2161,2021-04-24 13:56:00,0.9,0.9,0.9,0.9,75,1125,1.12,0.9,1.25
2162,2021-04-24 13:57:00,0.9,0.9,0.9,0.9,75,1125,1.12,0.9,1.25
2163,2021-04-24 13:58:00,0.9,0.9,0.9,0.9,75,1125,1.12,0.9,1.25
2164,2021-04-24 13:59:00,0.9,0.9,0.9,0.9,75,1125,1.12,0.9,1.25
2165,2021-04-24 14:00:00,0.9,0.9,0.9,0.9,75,1125,1.12,0.9,1.25
2166,2021-04-24 14:01:00,0.9,0.9,0.9,0.9,75,1125,1.12,0.9,1.25
2167,2021-04-24 14:02:00,0.9,0.9,0.9,0.9,75,1125,1.12,0.9,1.25
2168,2021-04-24 14:03:00,0.9,0.9,0.9,0.9,75,1125,1.12,0.9,1.25
2169,2021-04-24 14:04:00,0.9,0.9,0.9,0.9,75,1125,1.12,0.9,1.25
2170,2021-04-24 14:05:00,0.9,0.9,0.9,0.9,75,1125,1.12,0.9,1.25
2171,2021-04-24 14:06:00,0.9,0.9,0.9,0.9,75,1125,1.12,0.9,1.25
2172,2021-04-24 14:07:00,0.9,0.9,0.9,0.9,75,1125,1.12,0.9,1.25
2173,2021-04-24 14:08:00,0.9,0.9,0.9,0.9,75,1125,1.12,0.9,1.25
2174,2021-04-24 14:09:00,0.9,0.9,0.9,0.9,75,1125,1.12,0.9,1.25
2175,2021-04-24 14:10:00,0.9,0.9,0.9,0.9,75,1125,1.12,0.9,1.25
2176,2021-04-24 14:11:00,0.9,0.9,0.9,0.9,75,1125,1.12,0.9,1.25
2177,2021-04-24 14:12:00,0.9,0.9,0.9,0.9,75,1125,1.12,0.9,1.25
2178,2021-04-24 14:13:00,0.9,0.9,0.9,0.9,75,1125,1.12,0.9,1.25
2179,2021-04-24 14:14:00,0.9,0.9,0.9,0.9,75,1125,1.12,0.9,1.25
2180,2021-04-24 14:15:00,0.9,0.9,0.9,0.9,75,1125,1.12,0.9,1.25
2181,2021-04-24 14:16:00,0.9,0.9,0.9,0.9,75,1125,1.12,0.9,1.25
2182,2021-04-24 14:17:00,0.9,0.9,0.9,0.9,75,1125,1.12,0.9,1.25
2183,2021-04-24 14:18:00,0.9,0.9,0.9,0.9,75,1125,1.12,0.9,1.25
2184,2021-04-24 14:19:00,0.9,0.9,0.9,0.9,75,1125,1.12,0.9,1.25
2185,2021-04-24 14:20:00,0.9,0.9,0.9,0.9,75,1125,1.12,0.9,1.25
2186,2021-04-24 14:21:00,0.9,0.9,0.9,0.9,75,1125,1.12,0.9,1.25
2187,2021-04-24 14:22:00,0.9,0.9,0.9,0.9,75,1125,1.12,0.9,1.25
2188,2021-04-24 14:23:00,0.9,0.9,0.9,0.9,75,1125,1.12,0.9,1.25
2189,2021-04-24 14:24:00,0.9,0.9,0.9,0.9,75,1125,1.12,0.9,1.25
2190,2021-04-24 14:25:00,0.9,0.9,0.9,0.9,75,1125,1.12,0.9,1.25
2191,2021-04-24 14:26:00,0.9,0.9,0.9,0.9,75,1125,1.12,0.9,1.25
2192,2021-04-24 14:27:00,0.9,0.9,0.9,0.9,75,1125,1.12,0.9,1.25
2193,2021-04-24 14:28:00,0.9,0.9,0.9,0.9,75,1125,1.12,0.9,1.25
2194,2021-04-24 14:29:00,0.9,0.9,0.9,0.9,75,1125,1.12,0.9,1.25
2195,2021-04-24 14:30:00,0.9,0.9,0.9,0.9,75,1125,1.12,0.9,1.25
2196,2021-04-24 14:31:00,0.9,0.9,0.9,0.9,75,1125,1.12,0.9,1.25
2197,2021-04-24 14:32:00,0.9,0.9,0.9,0.9,75,1125,1.12,0.9,1.25
2198,2021-04-24 14:33:00,0.9,0.9,0.9,0.9,75,1125,1.12,0.9,1.25
2199,2021-04-24 14:34:00,0.9,0.9,0.9,0.9,75,1125,1.12,0.9,1.25
2200,2021-04-24 14:35:00,0.9,0.9,0.9,0.9,75,1125,1.12,0.9,1.25
2201,2021-04-24 14:36:00,0.9,0.9,0.9,0.9,75,1125,1.12,0.9,1.25
2202,2021-04-24 14:37:00,0.9,0.9,0.9,0.9,75,1125,1.12,0.9,1.25
2203,2021-04-24 14:38:00,0.9,0.9,0.9,0.9,75,1125,1.12,0.9,1.25
2204,2021-04-24 14:39:00,0.9,0.9,0.9,0.9,75,1125,1.12,0.9,1.25
2205,2021-04-24 14:40:00,0.9,0.9,0.9,0.9,75,1125,1.12,0.9,1.25
2206,2021-04-24 14:41:00,0.9,0.9,0.9,0.9,75,1125,1.12,0.9,1.25
2207,2021-04-24 14:42:00,0.9,0.9,0.9,0.9,75,1125,1.12,0.9,1.25
2208,2021-04-24 14:43:00,0.9,0.9,0.9,0.9,75,1125,1.12,0.9,1.25
2209,2021-04-24 14:44:00,0.9,0.9,0.9,0.9,75,1125,1.12,0.9,1.25
2210,2021-04-24 14:45:00,0.9,0.9,0.9,0.9,75,1125,1.12,0.9,1.25
2211,2021-04-24 14:46:00,0.9,0.9,0.9,0.9,75,1125,1.12,0.9,1.25
2212,2021-04-24 14:47:00,0.9,0.9,0.9,0.9,75,1125,1.12,0.9,1.25
2213,2021-04-24 14:48:00,0.9,0.9,0.9,0.9,75,1125,1.12,0.9,1.25
2214,2021-04-24 14:49:00,0.9,0.9,0.9,0.9,75,1125,1.12,0.9,1.25
2215,2021-04-24 14:50:00,0.9,0.9,0.9,0.9,75,1125,1.12,0.9,1.25
2216,2021-04-24 14:51:00,0.9,0.9,0.9,0.9,75,1125,1.12,0.9,1.25
2217,2021-04-24 14:52:00,0.9,0.9,0.9,0.9,75,1125,1.12,0.9,1.25
2218,2021-04-24 14:53:00,0.9,0.9,0.9,0.9,75,1125,1.12,0.9,1.25
2219,2021-04-24 14:54:00,0.9,0.9,0.9,0.9,75,1125,1.12,0.9,1.25
2220,2021-04-24 14:55:00,0.9,0.9,0.9,0.9,75,1125,1.12,0.9,1.25
2221,2021-04-24 14:56:00,0.9,0.9,0.9,0.9,75,1125,1.12,0.9,1.25
2222,2021-04-24 14:57:00,0.9,0.9,0.9,0.9,75,1125,1.12,0.9,1.25
2223,2021-04-24 14:58:00,0.9,0.9,0.9,0.9,75,1125,1.12,0.9,1.25
2224,2021-04-24 14:59:00,0.9,0.9,0.9,0.9,75,1125,1.12,0.9,1.25
2225,2021-04-24 15:00:00,0.9,0.9,0.9,0.9,75,1125,1.12,0.9,1.25
2226,2021-04-24 15:01:00,0.9,0.9,0.9,0.9,75,1125,1.12,0.9,1.25
2227,2021-04-24 15:02:00,0.9,0.9,0.9,0.9,75,1125,1.12,0.9,1.25
2228,2021-04-24 15:03:00,0.9,0.9,0.9,0.9,75,1125,1.12,0.9,1.25
2229,2021-04-24 15:04:00,0.9,0.9,0.9,0.9,75,1125,1.12,0.9,1.25
2230,2021-04-24 15:05:00,0.9,0.9,0.9,0.9,75,1125,1.12,0.9,1.25
2231,2021-04-24 15:06:00,0.9,0.9,0.9,0.9,75,1125,1.12,0.9,1.25
2232,2021-04-24 15:07:00,0.9,0.9,0.9,0.9,75,1125,1.12,0.9,1.25
2233,2021-04-24 15:08:00,0.9,0.9,0.9,0.9,75,1125,1.12,0.9,1.25
2234,2021-04-24 15:09:00,0.9,0.9,0.9,0.9,75,1125,1.12,0.9,1.25
2235,2021-04-24 15:10:00,0.9,0.9,0.9,0.9,75,1125,1.12,0.9,1.25
2236,2021-04-24 15:11:00,0.9,0.9,0.9,0.9,75,1125,1.12,0.9,1.25
2237,2021-04-24 15:12:00,0.9,0.9,0.9,0.9,75,1125,1.12,0.9,1.25
2238,2021-04-24 15:13:00,0.9,0.9,0.9,0.9,75,1125,1.12,0.9,1.25
2239,2021-04-24 15:14:00,0.9,0.9,0.9,0.9,75,1125,1.12,0.9,1.25
2240,2021-04-24 15:15:00,0.9,0.9,0.9,0.9,75,1125,1.12,0.9,1.25
2241,2021-04-24 15:16:00,0.9,0.9,0.9,0.9,75,1125,1.12,0.9,1.25
2242,2021-04-24 15:17:00,0.9,0.9,0.9,0.9,75,1125,1.12,0.9,1.25
2243,2021-04-24 15:18:00,0.9,0.9,0.9,0.9,75,1125,1.12,0.9,1.25
2244,2021-04-24 15:19:00,0.9,0.9,0.9,0.9,75,1125,1.12,0.9,1.25
2245,2021-04-24 15:20:00,0.9,0.9,0.9,0.9,75,1125,1.12,0.9,1.25
2246,2021-04-24 15:21:00,0.9,0.9,0.9,0.9,75,1125,1.12,0.9,1.25
2247,2021-04-24 15:22:00,0.9,0.9,0.9,0.9,75,1125,1.12,0.9,1.25
2248,2021-04-24 15:23:00,0.9,0.9,0.9,0.9,75,1125,1.12,0.9,1.25
2249,2021-04-24 15:24:00,0.9,0.9,0.9,0.9,75,1125,1.12,0.9,1.25
2250,2021-04-24 15:25:00,0.9,0.9,0.9,0.9,75,1125,1.12,0.9,1.25
2251,2021-04-24 15:26:00,0.9,0.9,0.9,0.9,75,1125,1.12,0.9,1.25
2252,2021-04-24 15:27:00,0.9,0.9,0.9,0.9,75,1125,1.12,0.9,1.25
2253,2021-04-24 15:28:00,0.9,0.9,0.9,0.9,75,1125,1.12,0.9,1.25
2254,2021-04-24 15:29:00,0.9,0.9,0.9,0.9,75,1125,1.12,0.9,1.25
2255,2021-04-24 15:30:00,0.9,0.9,0.9,0.9,75,1125,1.12,0.9,1.25
2256,2021-04-25 09:15:00,0.9,0.9,0.9,0.9,75,1125,1.12,0.9,1.25
2257,2021-04-25 09:16:00,0.9,0.9,0.9,0.9,75,1125,1.12,0.9,1.25
2258,2021-04-25 09:17:00,0.9,0.9,0.9,0.9,75,1125,1.12,0.9,1.25
2259,2021-04-25 09:18:00,0.9,0.9,0.9,0.9,75,1125,1.12,0.9,1.25
2260,2021-04-25 09:19:00,0.9,0.9,0.9,0.9,75,1125,1.12,0.9,1.25
2261,2021-04-25 09:20:00,0.9,0.9,0.9,0.9,75,1125,1.12,0.9,1.25
2262,2021-04-25 09:21:00,0.9,0.9,0.9,0.9,75,1125,1.12,0.9,1.25
2263,2021-04-25 09:22:00,0.9,0.9,0.9,0.9,75,1125,1.12,0.9,1.25
2264,2021-04-25 09:23:00,0.9,0.9,0.9,0.9,75,1125,1.12,0.9,1.25
2265,2021-04-25 09:24:00,0.9,0.9,0.9,0.9,75,1125,1.12,0.9,1.25
2266,2021-04-25 09:25:00,0.9,0.9,0.9,0.9,75,1125,1.12,0.9,1.25
2267,2021-04-25 09:26:00,0.9,0.9,0.9,0.9,75,1125,1.12,0.9,1.25
2268,2021-04-25 09:27:00,0.9,0.9,0.9,0.9,75,1125,1.12,0.9,1.25
2269,2021-04-25 09:28:00,0.9,0.9,0.9,0.9,75,1125,1.12,0.9,1.25
2270,2021-04-25 09:29:00,0.9,0.9,0.9,0.9,75,1125,1.12,0.9,1.25
2271,2021-04-25 09:30:00,0.9,0.9,0.9,0.9,75,1125,1.12,0.9,1.25
2272,2021-04-25 09:31:00,0.9,0.9,0.9,0.9,75,1125,1.12,0.9,1.25
2273,2021-04-25 09:32:00,0.9,0.9,0.9,0.9,75,1125,1.12,0.9,1.25
2274,2021-04-25 09:33:00,0.9,0.9,0.9,0.9,75,1125,1.12,0.9,1.25
2275,2021-04-25 09:34:00,0.9,0.9,0.9,0.9,75,1125,1.12,0.9,1.25
2276,2021-04-25 09:35:00,0.9,0.9,0.9,0.9,75,1125,1.12,0.9,1.25
2277,2021-04-25 09:36:00,0.9,0.9,0.9,0.9,75,1125,1.12,0.9,1.25
2278,2021-04-25 09:37:00,0.9,0.9,0.9,0.9,75,1125,1.12,0.9,1.25
2279,2021-04-25 09:38:00,0.9,0.9,0.9,0.9,75,1125,1.12,0.9,1.25
2280,2021-04-25 09:39:00,0.9,0.9,0.9,0.9,75,1125,1.12,0.9,1.25
2281,2021-04-25 09:40:00,0.9,0.9,0.9,0.9,75,1125,1.12,0.9,1.25
2282,2021-04-25 09:41:00,0.9,0.9,0.9,0.9,75,1125,1.12,0.9,1.25
2283,2021-04-25 09:42:00,0.9,0.9,0.9,0.9,75,1125,1.12,0.9,1.25
2284,2021-04-25 09:43:00,0.9,0.9,0.9,0.9,75,1125,1.12,0.9,1.25
2285,2021-04-25 09:44:00,0.9,0.9,0.9,0.9,75,1125,1.12,0.9,1.25
2286,2021-04-25 09:45:00,0.9,0.9,0.9,0.9,75,1125,1.12,0.9,1.25
2287,2021-04-25 09:46:00,0.9,0.9,0.9,0.9,75,1125,1.12,0.9,1.25
2288,2021-04-25 09:47:00,0.9,0.9,0.9,0.9,75,1125,1.12,0.9,1.25
2289,2021-04-25 09:48:00,0.9,0.9,0.9,0.9,75,1125,1.12,0.9,1.25
2290,2021-04-25 09:49:00,0.9,0.9,0.9,0.9,75,1125,1.12,0.9,1.25
2291,2021-04-25 09:50:00,0.9,0.9,0.9,0.9,75,1125,1.12,0.9,1.25
2292,2021-04-25 09:51:00,0.9,0.9,0.9,0.9,75,1125,1.12,0.9,1.25
2293,2021-04-25 09:52:00,0.9,0.9,0.9,0.9,75,1125,1.12,0.9,1.25
2294,2021-04-25 09:53:00,0.9,0.9,0.9,0.9,75,1125,1.12,0.9,1.25
2295,2021-04-25 09:54:00,0.9,0.9,0.9,0.9,75,1125,1.12,0.9,1.25
2296,2021-04-25 09:55:00,0.9,0.9,0.9,0.9,75,1125,1.12,0.9,1.25
2297,2021-04-25 09:56:00,0.9,0.9,0.9,0.9,75,1125,1.12,0.9,1.25
2298,2021-04-25 09:57:00,0.9,0.9,0.9,0.9,75,1125,1.12,0.9,1.25
2299,2021-04-25 09:58:00,0.9,0.9,0.9,0.9,75,1125,1.12,0.9,1.25
2300,2021-04-25 09:59:00,0.9,0.9,0.9,0.9,75,1125,1.12,0.9,1.25
2301,2021-04-25 10:00:00,0.9,0.9,0.9,0.9,75,1125,1.12,0.9,1.25
2302,2021-04-25 10:01:00,0.9,0.9,0.9,0.9,75,1125,1.12,0.9,1.25
2303,2021-04-25 10:02:00,0.9,0.9,0.9,0.9,75,1125,1.12,0.9,1.25
2304,2021-04-25 10:03:00,0.9,0.9,0.9,0.9,75,1125,1.12,0.9,1.25
2305,2021-04-25 10:04:00,0.9,0.9,0.9,0.9,75,1125,1.12,0.9,1.25
2306,2021-04-25 10:05:00,0.9,0.9,0.9,0.9,75,1125,1.12,0.9,1.25
2307,2021-04-25 10:06:00,0.9,0.9,0.9,0.9,75,1125,1.12,0.9,1.25
2308,2021-04-25 10:07:00,0.9,0.9,0.9,0.9,75,1125,1.12,0.9,1.25
2309,2021-04-25 10:08:00,0.9,0.9,0.9,0.9,75,1125,1.12,0.9,1.25
2310,2021-04-25 10:09:00,0.9,0.9,0.9,0.9,75,1125,1.12,0.9,1.25
2311,2021-04-25 10:10:00,0.9,0.9,0.9,0.9,75,1125,1.12,0.9,1.25
2312,2021-04-25 10:11:00,0.9,0.9,0.9,0.9,75,1125,1.12,0.9,1.25
2313,2021-04-25 10:12:00,0.9,0.9,0.9,0.9,75,1125,1.12,0.9,1.25
2314,2021-04-25 10:13:00,0.9,0.9,0.9,0.9,75,1125,1.12,0.9,1.25
2315,2021-04-25 10:14:00,0.9,0.9,0.9,0.9,75,1125,1.12,0.9,1.25
2316,2021-04-25 10:15:00,0.9,0.9,0.9,0.9,75,1125,1.12,0.9,1.25
2317,2021-04-25 10:16:00,0.9,0.9,0.9,0.9,75,1125,1.12,0.9,1.25
2318,2021-04-25 10:17:00,0.9,0.9,0.9,0.9,75,1125,1.12,0.9,1.25
2319,2021-04-25 10:18:00,0.9,0.9,0.9,0.9,75,1125,1.12,0.9,1.25
2320,2021-04-25 10:19:00,0.9,0.9,0.9,0.9,75,1125,1.12,0.9,1.25
2321,2021-04-25 10:20:00,0.9,0.9,0.9,0.9,75,1125,1.12,0.9,1.25
2322,2021-04-25 10:21:00,0.9,0.9,0.9,0.9,75,1125,1.12,0.9,1.25
2323,2021-04-25 10:22:00,0.9,0.9,0.9,0.9,75,1125,1.12,0.9,1.25
2324,2021-04-25 10:23:00,0.9,0.9,0.9,0.9,75,1125,1.12,0.9,1.25
2325,2021-04-25 10:24:00,0.9,0.9,0.9,0.9,75,1125,1.12,0.9,1.25
2326,2021-04-25 10:25:00,0.9,0.9,0.9,0.9,75,1125,1.12,0.9,1.25
2327,2021-04-25 10:26:00,0.9,0.9,0.9,0.9,75,1125,1.12,0.9,1.25
2328,2021-04-25 10:27:00,0.9,0.9,0.9,0.9,75,1125,1.12,0.9,1.25
2329,2021-04-25 10:28:00,0.9,0.9,0.9,0.9,75,1125,1.12,0.9,1.25
2330,2021-04-25 10:29:00,0.9,0.9,0.9,0.9,75,1125,1.12,0.9,1.25
2331,2021-04-25 10:30:00,0.9,0.9,0.9,0.9,75,1125,1.12,0.9,1.25
2332,2021-04-25 10:31:00,0.9,0.9,0.9,0.9,75,1125,1.12,0.9,1.25
2333,2021-04-25 10:32:00,0.9,0.9,0.9,0.9,75,1125,1.12,0.9,1.25
2334,2021-04-25 10:33:00,0.9,0.9,0.9,0.9,75,1125,1.12,0.9,1.25
2335,2021-04-25 10:34:00,0.9,0.9,0.9,0.9,75,1125,1.12,0.9,1.25
2336,2021-04-25 10:35:00,0.9,0.9,0.9,0.9,75,1125,1.12,0.9,1.25
2337,2021-04-25 10:36:00,0.9,0.9,0.9,0.9,75,1125,1.12,0.9,1.25
2338,2021-04-25 10:37:00,0.9,0.9,0.9,0.9,75,1125,1.12,0.9,1.25
2339,2021-04-25 10:38:00,0.9,0.9,0.9,0.9,75,1125,1.12,0.9,1.25
2340,2021-04-25 10:39:00,0.9,0.9,0.9,0.9,75,1125,1.12,0.9,1.25
2341,2021-04-25 10:40:00,0.9,0.9,0.9,0.9,75,1125,1.12,0.9,1.25
2342,2021-04-25 10:41:00,0.9,0.9,0.9,0.9,75,1125,1.12,0.9,1.25
2343,2021-04-25 10:42:00,0.9,0.9,0.9,0.9,75,1125,1.12,0.9,1.25
2344,2021-04-25 10:43:00,0.9,0.9,0.9,0.9,75,1125,1.12,0.9,1.25
2345,2021-04-25 10:44:00,0.9,0.9,0.9,0.9,75,1125,1.12,0.9,1.25
2346,2021-04-25 10:45:00,0.9,0.9,0.9,0.9,75,1125,1.12,0.9,1.25
2347,2021-04-25 10:46:00,0.9,0.9,0.9,0.9,75,1125,1.12,0.9,1.25
2348,2021-04-25 10:47:00,0.9,0.9,0.9,0.9,75,1125,1.12,0.9,1.25
2349,2021-04-25 10:48:00,0.9,0.9,0.9,0.9,75,1125,1.12,0.9,1.25
2350,2021-04-25 10:49:00,0.9,0.9,0.9,0.9,75,1125,1.12,0.9,1.25
2351,2021-04-25 10:50:00,0.9,0.9,0.9,0.9,75,1125,1.12,0.9,1.25
2352,2021-04-25 10:51:00,0.9,0.9,0.9,0.9,75,1125,1.12,0.9,1.25
2353,2021-04-25 10:52:00,0.9,0.9,0.9,0.9,75,1125,1.12,0.9,1.25
2354,2021-04-25 10:53:00,0.9,0.9,0.9,0.9,75,1125,1.12,0.9,1.25
2355,2021-04-25 10:54:00,0.9,0.9,0.9,0.9,75,1125,1.12,0.9,1.25
2356,2021-04-25 10:55:00,0.9,0.9,0.9,0.9,75,1125,1.12,0.9,1.25
2357,2021-04-25 10:56:00,0.9,0.9,0.9,0.9,75,1125,1.12,0.9,1.25
2358,2021-04-25 10:57:00,0.9,0.9,0.9,0.9,75,1125,1.12,0.9,1.25
2359,2021-04-25 10:58:00,0.9,0.9,0.9,0.9,75,1125,1.12,0.9,1.25
2360,2021-04-25 10:59:00,0.9,0.9,0.9,0.9,75,1125,1.12,0.9,1.25
2361,2021-04-25 11:00:00,0.9,0.9,0.9,0.9,75,1125,1.12,0.9,1.25
2362,2021-04-25 11:01:00,0.9,0.9,0.9,0.9,75,1125,1.12,0.9,1.25
2363,2021-04-25 11:02:00,0.9,0.9,0.9,0.9,75,1125,1.12,0.9,1.25
2364,2021-04-25 11:03:00,0.9,0.9,0.9,0.9,75,1125,1.12,0.9,1.25
2365,2021-04-25 11:04:00,0.9,0.9,0.9,0.9,75,1125,1.12,0.9,1.25
2366,2021-04-25 11:05:00,0.9,0.9,0.9,0.9,75,1125,1.12,0.9,1.25
2367,2021-04-25 11:06:00,0.9,0.9,0.9,0.9,75,1125,1.12,0.9,1.25
2368,2021-04-25 11:07:00,0.9,0.9,0.9,0.9,75,1125,1.12,0.9,1.25
2369,2021-04-25 11:08:00,0.9,0.9,0.9,0.9,75,1125,1.12,0.9,1.25
2370,2021-04-25 11:09:00,0.9,0.9,0.9,0.9,75,1125,1.12,0.9,1.25
2371,2021-04-25 11:10:00,0.9,0.9,0.9,0.9,75,1125,1.12,0.9,1.25
2372,2021-04-25 11:11:00,0.9,0.9,0.9,0.9,75,1125,1.12,0.9,1.25
2373,2021-04-25 11:12:00,0.9,0.9,0.9,0.9,75,1125,1.12,0.9,1.25
2374,2021-04-25 11:13:00,0.9,0.9,0.9,0.9,75,1125,1.12,0.9,1.25
2375,2021-04-25 11:14:00,0.9,0.9,0.9,0.9,75,1125,1.12,0.9,1.25
2376,2021-04-25 11:15:00,0.9,0.9,0.9,0.9,75,1125,1.12,0.9,1.25
2377,2021-04-25 11:16:00,0.9,0.9,0.9,0.9,75,1125,1.12,0.9,1.25
2378,2021-04-25 11:17:00,0.9,0.9,0.9,0.9,75,1125,1.12,0.9,1.25
2379,2021-04-25 11:18:00,0.9,0.9,0.9,0.9,75,1125,1.12,0.9,1.25
2380,2021-04-25 11:19:00,0.9,0.9,0.9,0.9,75,1125,1.12,0.9,1.25
2381,2021-04-25 11:20:00,0.9,0.9,0.9,0.9,75,1125,1.12,0.9,1.25
2382,2021-04-25 11:21:00,0.9,0.9,0.9,0.9,75,1125,1.12,0.9,1.25
2383,2021-04-25 11:22:00,0.9,0.9,0.9,0.9,75,1125,1.12,0.9,1.25
2384,2021-04-25 11:23:00,0.9,0.9,0.9,0.9,75,1125,1.12,0.9,1.25
2385,2021-04-25 11:24:00,0.9,0.9,0.9,0.9,75,1125,1.12,0.9,1.25
2386,2021-04-25 11:25:00,0.9,0.9,0.9,0.9,75,1125,1.12,0.9,1.25
2387,2021-04-25 11:26:00,0.9,0.9,0.9,0.9,75,1125,1.12,0.9,1.25
2388,2021-04-25 11:27:00,0.9,0.9,0.9,0.9,75,1125,1.12,0.9,1.25
2389,2021-04-25 11:28:00,0.9,0.9,0.9,0.9,75,1125,1.12,0.9,1.25
2390,2021-04-25 11:29:00,0.9,0.9,0.9,0.9,75,1125,1.12,0.9,1.25
2391,2021-04-25 11:30:00,0.9,0.9,0.9,0.9,75,1125,1.12,0.9,1.25
2392,2021-04-25 11:31:00,0.9,0.9,0.9,0.9,75,1125,1.12,0.9,1.25
2393,2021-04-25 11:32:00,0.9,0.9,0.9,0.9,75,1125,1.12,0.9,1.25
2394,2021-04-25 11:33:00,0.9,0.9,0.9,0.9,75,1125,1.12,0.9,1.25
2395,2021-04-25 11:34:00,0.9,0.9,0.9,0.9,75,1125,1.12,0.9,1.25
2396,2021-04-25 11:35:00,0.9,0.9,0.9,0.9,75,1125,1.12,0.9,1.25
2397,2021-04-25 11:36:00,0.9,0.9,0.9,0.9,75,1125,1.12,0.9,1.25
2398,2021-04-25 11:37:00,0.9,0.9,0.9,0.9,75,1125,1.12,0.9,1.25
2399,2021-04-25 11:38:00,0.9,0.9,0.9,0.9,75,1125,1.12,0.9,1.25
2400,2021-04-25 11:39:00,0.9,0.9,0.9,0.9,75,1125,1.12,0.9,1.25
2401,2021-04-25 11:40:00,0.9,0.9,0.9,0.9,75,1125,1.12,0.9,1.25
2402,2021-04-25 11:41:00,0.9,0.9,0.9,0.9,75,1125,1.12,0.9,1.25
2403,2021-04-25 11:42:00,0.9,0.9,0.9,0.9,75,1125,1.12,0.9,1.25
2404,2021-04-25 11:43:00,0.9,0.9,0.9,0.9,75,1125,1.12,0.9,1.25
2405,2021-04-25 11:44:00,0.9,0.9,0.9,0.9,75,1125,1.12,0.9,1.25
2406,2021-04-25 11:45:00,0.9,0.9,0.9,0.9,75,1125,1.12,0.9,1.25
2407,2021-04-25 11:46:00,0.9,0.9,0.9,0.9,75,1125,1.12,0.9,1.25
2408,2021-04-25 11:47:00,0.9,0.9,0.9,0.9,75,1125,1.12,0.9,1.25
2409,2021-04-25 11:48:00,0.9,0.9,0.9,0.9,75,1125,1.12,0.9,1.25
2410,2021-04-25 11:49:00,0.9,0.9,0.9,0.9,75,1125,1.12,0.9,1.25
2411,2021-04-25 11:50:00,0.9,0.9,0.9,0.9,75,1125,1.12,0.9,1.25
2412,2021-04-25 11:51:00,0.9,0.9,0.9,0.9,75,1125,1.12,0.9,1.25
2413,2021-04-25 11:52:00,0.9,0.9,0.9,0.9,75,1125,1.12,0.9,1.25
2414,2021-04-25 11:53:00,0.9,0.9,0.9,0.9,75,1125,1.12,0.9,1.25
2415,2021-04-25 11:54:00,0.9,0.9,0.9,0.9,75,1125,1.12,0.9,1.25
2416,2021-04-25 11:55:00,0.9,0.9,0.9,0.9,75,1125,1.12,0.9,1.25
2417,2021-04-25 11:56:00,0.9,0.9,0.9,0.9,75,1125,1.12,0.9,1.25
2418,2021-04-25 11:57:00,0.9,0.9,0.9,0.9,75,1125,1.12,0.9,1.25
2419,2021-04-25 11:58:00,0.9,0.9,0.9,0.9,75,1125,1.12,0.9,1.25
2420,2021-04-25 11:59:00,0.9,0.9,0.9,0.9,75,1125,1.12,0.9,1.25
2421,2021-04-25 12:00:00,0.9,0.9,0.9,0.9,75,1125,1.12,0.9,1.25
2422,2021-04-25 12:01:00,0.9,0.9,0.9,0.9,75,1125,1.12,0.9,1.25
2423,2021-04-25 12:02:00,0.9,0.9,0.9,0.9,75,1125,1.12,0.9,1.25
2424,2021-04-25 12:03:00,0.9,0.9,0.9,0.9,75,1125,1.12,0.9,1.25
2425,2021-04-25 12:04:00,0.9,0.9,0.9,0.9,75,1125,1.12,0.9,1.25
2426,2021-04-25 12:05:00,0.9,0.9,0.9,0.9,75,1125,1.12,0.9,1.25
2427,2021-04-25 12:06:00,0.9,0.9,0.9,0.9,75,1125,1.12,0.9,1.25
2428,2021-04-25 12:07:00,0.9,0.9,0.9,0.9,75,1125,1.12,0.9,1.25
2429,2021-04-25 12:08:00,0.9,0.9,0.9,0.9,75,1125,1.12,0.9,1.25
2430,2021-04-25 12:09:00,0.9,0.9,0.9,0.9,75,1125,1.12,0.9,1.25
2431,2021-04-25 12:10:00,0.9,0.9,0.9,0.9,75,1125,1.12,0.9,1.25
2432,2021-04-25 12:11:00,0.9,0.9,0.9,0.9,75,1125,1.12,0.9,1.25
2433,2021-04-25 12:12:00,0.9,0.9,0.9,0.9,75,1125,1.12,0.9,1.25
2434,2021-04-25 12:13:00,0.9,0.9,0.9,0.9,75,1125,1.12,0.9,1.25
2435,2021-04-25 12:14:00,0.9,0.9,0.9,0.9,75,1125,1.12,0.9,1.25
2436,2021-04-25 12:15:00,0.9,0.9,0.9,0.9,75,1125,1.12,0.9,1.25
2437,2021-04-25 12:16:00,0.9,0.9,0.9,0.9,75,1125,1.12,0.9,1.25
2438,2021-04-25 12:17:00,0.9,0.9,0.9,0.9,75,1125,1.12,0.9,1.25
2439,2021-04-25 12:18:00,0.9,0.9,0.9,0.9,75,1125,1.12,0.9,1.25
2440,2021-04-25 12:19:00,0.9,0.9,0.9,0.9,75,1125,1.12,0.9,1.25
2441,2021-04-25 12:20:00,0.9,0.9,0.9,0.9,75,1125,1.12,0.9,1.25
2442,2021-04-25 12:21:00,0.9,0.9,0.9,0.9,75,1125,1.12,0.9,1.25
2443,2021-04-25 12:22:00,0.9,0.9,0.9,0.9,75,1125,1.12,0.9,1.25
2444,2021-04-25 12:23:00,0.9,0.9,0.9,0.9,75,1125,1.12,0.9,1.25
2445,2021-04-25 12:24:00,0.9,0.9,0.9,0.9,75,1125,1.12,0.9,1.25
2446,2021-04-25 12:25:00,0.9,0.9,0.9,0.9,75,1125,1.12,0.9,1.25
2447,2021-04-25 12:26:00,0.9,0.9,0.9,0.9,75,1125,1.12,0.9,1.25
2448,2021-04-25 12:27:00,0.9,0.9,0.9,0.9,75,1125,1.12,0.9,1.25
2449,2021-04-25 12:28:00,0.9,0.9,0.9,0.9,75,1125,1.12,0.9,1.25
2450,2021-04-25 12:29:00,0.9,0.9,0.9,0.9,75,1125,1.12,0.9,1.25
2451,2021-04-25 12:30:00,0.9,0.9,0.9,0.9,75,1125,1.12,0.9,1.25
2452,2021-04-25 12:31:00,0.9,0.9,0.9,0.9,75,1125,1.12,0.9,1.25
2453,2021-04-25 12:32:00,0.9,0.9,0.9,0.9,75,1125,1.12,0.9,1.25
2454,2021-04-25 12:33:00,0.9,0.9,0.9,0.9,75,1125,1.12,0.9,1.25
2455,2021-04-25 12:34:00,0.9,0.9,0.9,0.9,75,1125,1.12,0.9,1.25
2456,2021-04-25 12:35:00,0.9,0.9,0.9,0.9,75,1125,1.12,0.9,1.25
2457,2021-04-25 12:36:00,0.9,0.9,0.9,0.9,75,1125,1.12,0.9,1.25
2458,2021-04-25 12:37:00,0.9,0.9,0.9,0.9,75,1125,1.12,0.9,1.25
2459,2021-04-25 12:38:00,0.9,0.9,0.9,0.9,75,1125,1.12,0.9,1.25
2460,2021-04-25 12:39:00,0.9,0.9,0.9,0.9,75,1125,1.12,0.9,1.25
2461,2021-04-25 12:40:00,0.9,0.9,0.9,0.9,75,1125,1.12,0.9,1.25
2462,2021-04-25 12:41:00,0.9,0.9,0.9,0.9,75,1125,1.12,0.9,1.25
2463,2021-04-25 12:42:00,0.9,0.9,0.9,0.9,75,1125,1.12,0.9,1.25
2464,2021-04-25 12:43:00,0.9,0.9,0.9,0.9,75,1125,1.12,0.9,1.25
2465,2021-04-25 12:44:00,0.9,0.9,0.9,0.9,75,1125,1.12,0.9,1.25
2466,2021-04-25 12:45:00,0.9,0.9,0.9,0.9,75,1125,1.12,0.9,1.25
2467,2021-04-25 12:46:00,0.9,0.9,0.9,0.9,75,1125,1.12,0.9,1.25
2468,2021-04-25 12:47:00,0.9,0.9,0.9,0.9,75,1125,1.12,0.9,1.25
2469,2021-04-25 12:48:00,0.9,0.9,0.9,0.9,75,1125,1.12,0.9,1.25
2470,2021-04-25 12:49:00,0.9,0.9,0.9,0.9,75,1125,1.12,0.9,1.25
2471,2021-04-25 12:50:00,0.9,0.9,0.9,0.9,75,1125,1.12,0.9,1.25
2472,2021-04-25 12:51:00,0.9,0.9,0.9,0.9,75,1125,1.12,0.9,1.25
2473,2021-04-25 12:52:00,0.9,0.9,0.9,0.9,75,1125,1.12,0.9,1.25
2474,2021-04-25 12:53:00,0.9,0.9,0.9,0.9,75,1125,1.12,0.9,1.25
2475,2021-04-25 12:54:00,0.9,0.9,0.9,0.9,75,1125,1.12,0.9,1.25
2476,2021-04-25 12:55:00,0.9,0.9,0.9,0.9,75,1125,1.12,0.9,1.25
2477,2021-04-25 12:56:00,0.9,0.9,0.9,0.9,75,1125,1.12,0.9,1.25
2478,2021-04-25 12:57:00,0.9,0.9,0.9,0.9,75,1125,1.12,0.9,1.25
2479,2021-04-25 12:58:00,0.9,0.9,0.9,0.9,75,1125,1.12,0.9,1.25
2480,2021-04-25 12:59:00,0.9,0.9,0.9,0.9,75,1125,1.12,0.9,1.25
2481,2021-04-25 13:00:00,0.9,0.9,0.9,0.9,75,1125,1.12,0.9,1.25
2482,2021-04-25 13:01:00,0.9,0.9,0.9,0.9,75,1125,1.12,0.9,1.25
2483,2021-04-25 13:02:00,0.9,0.9,0.9,0.9,75,1125,1.12,0.9,1.25
2484,2021-04-25 13:03:00,0.9,0.9,0.9,0.9,75,1125,1.12,0.9,1.25
2485,2021-04-25 13:04:00,0.9,0.9,0.9,0.9,75,1125,1.12,0.9,1.25
2486,2021-04-25 13:05:00,0.9,0.9,0.9,0.9,75,1125,1.12,0.9,1.25
2487,2021-04-25 13:06:00,0.9,0.9,0.9,0.9,75,1125,1.12,0.9,1.25
2488,2021-04-25 13:07:00,0.9,0.9,0.9,0.9,75,1125,1.12,0.9,1.25
2489,2021-04-25 13:08:00,0.9,0.9,0.9,0.9,75,1125,1.12,0.9,1.25
2490,2021-04-25 13:09:00,0.9,0.9,0.9,0.9,75,1125,1.12,0.9,1.25
2491,2021-04-25 13:10:00,0.9,0.9,0.9,0.9,75,1125,1.12,0.9,1.25
2492,2021-04-25 13:11:00,0.9,0.9,0.9,0.9,75,1125,1.12,0.9,1.25
2493,2021-04-25 13:12:00,0.9,0.9,0.9,0.9,75,1125,1.12,0.9,1.25
2494,2021-04-25 13:13:00,0.9,0.9,0.9,0.9,75,1125,1.12,0.9,1.25
2495,2021-04-25 13:14:00,0.9,0.9,0.9,0.9,75,1125,1.12,0.9,1.25
2496,2021-04-25 13:15:00,0.9,0.9,0.9,0.9,75,1125,1.12,0.9,1.25
2497,2021-04-25 13:16:00,0.9,0.9,0.9,0.9,75,1125,1.12,0.9,1.25
2498,2021-04-25 13:17:00,0.9,0.9,0.9,0.9,75,1125,1.12,0.9,1.25
2499,2021-04-25 13:18:00,0.9,0.9,0.9,0.9,75,1125,1.12,0.9,1.25
2500,2021-04-25 13:19:00,0.9,0.9,0.9,0.9,75,1125,1.12,0.9,1.25
2501,2021-04-25 13:20:00,0.9,0.9,0.9,0.9,75,1125,1.12,0.9,1.25
2502,2021-04-25 13:21:00,0.9,0.9,0.9,0.9,75,1125,1.12,0.9,1.25
2503,2021-04-25 13:22:00,0.9,0.9,0.9,0.9,75,1125,1.12,0.9,1.25
2504,2021-04-25 13:23:00,0.9,0.9,0.9,0.9,75,1125,1.12,0.9,1.25
2505,2021-04-25 13:24:00,0.9,0.9,0.9,0.9,75,1125,1.12,0.9,1.25
2506,2021-04-25 13:25:00,0.9,0.9,0.9,0.9,75,1125,1.12,0.9,1.25
2507,2021-04-25 13:26:00,0.9,0.9,0.9,0.9,75,1125,1.12,0.9,1.25
2508,2021-04-25 13:27:00,0.9,0.9,0.9,0.9,75,1125,1.12,0.9,1.25
2509,2021-04-25 13:28:00,0.9,0.9,0.9,0.9,75,1125,1.12,0.9,1.25
2510,2021-04-25 13:29:00,0.9,0.9,0.9,0.9,75,1125,1.12,0.9,1.25
2511,2021-04-25 13:30:00,0.9,0.9,0.9,0.9,75,1125,1.12,0.9,1.25
2512,2021-04-25 13:31:00,0.9,0.9,0.9,0.9,75,1125,1.12,0.9,1.25
2513,2021-04-25 13:32:00,0.9,0.9,0.9,0.9,75,1125,1.12,0.9,1.25
2514,2021-04-25 13:33:00,0.9,0.9,0.9,0.9,75,1125,1.12,0.9,1.25
2515,2021-04-25 13:34:00,0.9,0.9,0.9,0.9,75,1125,1.12,0.9,1.25
2516,2021-04-25 13:35:00,0.9,0.9,0.9,0.9,75,1125,1.12,0.9,1.25
2517,2021-04-25 13:36:00,0.9,0.9,0.9,0.9,75,1125,1.12,0.9,1.25
2518,2021-04-25 13:37:00,0.9,0.9,0.9,0.9,75,1125,1.12,0.9,1.25
2519,2021-04-25 13:38:00,0.9,0.9,0.9,0.9,75,1125,1.12,0.9,1.25
2520,2021-04-25 13:39:00,0.9,0.9,0.9,0.9,75,1125,1.12,0.9,1.25
2521,2021-04-25 13:40:00,0.9,0.9,0.9,0.9,75,1125,1.12,0.9,1.25
2522,2021-04-25 13:41:00,0.9,0.9,0.9,0.9,75,1125,1.12,0.9,1.25
2523,2021-04-25 13:42:00,0.9,0.9,0.9,0.9,75,1125,1.12,0.9,1.25
2524,2021-04-25 13:43:00,0.9,0.9,0.9,0.9,75,1125,1.12,0.9,1.25
2525,2021-04-25 13:44:00,0.9,0.9,0.9,0.9,75,1125,1.12,0.9,1.25
2526,2021-04-25 13:45:00,0.9,0.9,0.9,0.9,75,1125,1.12,0.9,1.25
2527,2021-04-25 13:46:00,0.9,0.9,0.9,0.9,75,1125,1.12,0.9,1.25
2528,2021-04-25 13:47:00,0.9,0.9,0.9,0.9,75,1125,1.12,0.9,1.25
2529,2021-04-25 13:48:00,0.9,0.9,0.9,0.9,75,1125,1.12,0.9,1.25
2530,2021-04-25 13:49:00,0.9,0.9,0.9,0.9,75,1125,1.12,0.9,1.25
2531,2021-04-25 13:50:00,0.9,0.9,0.9,0.9,75,1125,1.12,0.9,1.25
2532,2021-04-25 13:51:00,0.9,0.9,0.9,0.9,75,1125,1.12,0.9,1.25
2533,2021-04-25 13:52:00,0.9,0.9,0.9,0.9,75,1125,1.12,0.9,1.25
2534,2021-04-25 13:53:00,0.9,0.9,0.9,0.9,75,1125,1.12,0.9,1.25
2535,2021-04-25 13:54:00,0.9,0.9,0.9,0.9,75,1125,1.12,0.9,1.25
2536,2021-04-25 13:55:00,0.9,0.9,0.9,0.9,75,1125,1.12,0.9,1.25
2537,2021-04-25 13:56:00,0.9,0.9,0.9,0.9,75,1125,1.12,0.9,1.25
2538,2021-04-25 13:57:00,0.9,0.9,0.9,0.9,75,1125,1.12,0.9,1.25
2539,2021-04-25 13:58:00,0.9,0.9,0.9,0.9,75,1125,1.12,0.9,1.25
2540,2021-04-25 13:59:00,0.9,0.9,0.9,0.9,75,1125,1.12,0.9,1.25
2541,2021-04-25 14:00:00,0.9,0.9,0.9,0.9,75,1125,1.12,0.9,1.25
2542,2021-04-25 14:01:00,0.9,0.9,0.9,0.9,75,1125,1.12,0.9,1.25
2543,2021-04-25 14:02:00,0.9,0.9,0.9,0.9,75,1125,1.12,0.9,1.25
2544,2021-04-25 14:03:00,0.9,0.9,0.9,0.9,75,1125,1.12,0.9,1.25
2545,2021-04-25 14:04:00,0.9,0.9,0.9,0.9,75,1125,1.12,0.9,1.25
2546,2021-04-25 14:05:00,0.9,0.9,0.9,0.9,75,1125,1.12,0.9,1.25
2547,2021-04-25 14:06:00,0.9,0.9,0.9,0.9,75,1125,1.12,0.9,1.25
2548,2021-04-25 14:07:00,0.9,0.9,0.9,0.9,75,1125,1.12,0.9,1.25
2549,2021-04-25 14:08:00,0.9,0.9,0.9,0.9,75,1125,1.12,0.9,1.25
2550,2021-04-25 14:09:00,0.9,0.9,0.9,0.9,75,1125,1.12,0.9,1.25
2551,2021-04-25 14:10:00,0.9,0.9,0.9,0.9,75,1125,1.12,0.9,1.25
2552,2021-04-25 14:11:00,0.9,0.9,0.9,0.9,75,1125,1.12,0.9,1.25
2553,2021-04-25 14:12:00,0.9,0.9,0.9,0.9,75,1125,1.12,0.9,1.25
2554,2021-04-25 14:13:00,0.9,0.9,0.9,0.9,75,1125,1.12,0.9,1.25
2555,2021-04-25 14:14:00,0.9,0.9,0.9,0.9,75,1125,1.12,0.9,1.25
2556,2021-04-25 14:15:00,0.9,0.9,0.9,0.9,75,1125,1.12,0.9,1.25
2557,2021-04-25 14:16:00,0.9,0.9,0.9,0.9,75,1125,1.12,0.9,1.25
2558,2021-04-25 14:17:00,0.9,0.9,0.9,0.9,75,1125,1.12,0.9,1.25
2559,2021-04-25 14:18:00,0.9,0.9,0.9,0.9,75,1125,1.12,0.9,1.25
2560,2021-04-25 14:19:00,0.9,0.9,0.9,0.9,75,1125,1.12,0.9,1.25
2561,2021-04-25 14:20:00,0.9,0.9,0.9,0.9,75,1125,1.12,0.9,1.25
2562,2021-04-25 14:21:00,0.9,0.9,0.9,0.9,75,1125,1.12,0.9,1.25
2563,2021-04-25 14:22:00,0.9,0.9,0.9,0.9,75,1125,1.12,0.9,1.25
2564,2021-04-25 14:23:00,0.9,0.9,0.9,0.9,75,1125,1.12,0.9,1.25
2565,2021-04-25 14:24:00,0.9,0.9,0.9,0.9,75,1125,1.12,0.9,1.25
2566,2021-04-25 14:25:00,0.9,0.9,0.9,0.9,75,1125,1.12,0.9,1.25
2567,2021-04-25 14:26:00,0.9,0.9,0.9,0.9,75,1125,1.12,0.9,1.25
2568,2021-04-25 14:27:00,0.9,0.9,0.9,0.9,75,1125,1.12,0.9,1.25
2569,2021-04-25 14:28:00,0.9,0.9,0.9,0.9,75,1125,1.12,0.9,1.25
2570,2021-04-25 14:29:00,0.9,0.9,0.9,0.9,75,1125,1.12,0.9,1.25
2571,2021-04-25 14:30:00,0.9,0.9,0.9,0.9,75,1125,1.12,0.9,1.25
2572,2021-04-25 14:31:00,0.9,0.9,0.9,0.9,75,1125,1.12,0.9,1.25
2573,2021-04-25 14:32:00,0.9,0.9,0.9,0.9,75,1125,1.12,0.9,1.25
2574,2021-04-25 14:33:00,0.9,0.9,0.9,0.9,75,1125,1.12,0.9,1.25
2575,2021-04-25 14:34:00,0.9,0.9,0.9,0.9,75,1125,1.12,0.9,1.25
2576,2021-04-25 14:35:00,0.9,0.9,0.9,0.9,75,1125,1.12,0.9,1.25
2577,2021-04-25 14:36:00,0.9,0.9,0.9,0.9,75,1125,1.12,0.9,1.25
2578,2021-04-25 14:37:00,0.9,0.9,0.9,0.9,75,1125,1.12,0.9,1.25
2579,2021-04-25 14:38:00,0.9,0.9,0.9,0.9,75,1125,1.12,0.9,1.25
2580,2021-04-25 14:39:00,0.9,0.9,0.9,0.9,75,1125,1.12,0.9,1.25
2581,2021-04-25 14:40:00,0.9,0.9,0.9,0.9,75,1125,1.12,0.9,1.25
2582,2021-04-25 14:41:00,0.9,0.9,0.9,0.9,75,1125,1.12,0.9,1.25
2583,2021-04-25 14:42:00,0.9,0.9,0.9,0.9,75,1125,1.12,0.9,1.25
2584,2021-04-25 14:43:00,0.9,0.9,0.9,0.9,75,1125,1.12,0.9,1.25
2585,2021-04-25 14:44:00,0.9,0.9,0.9,0.9,75,1125,1.12,0.9,1.25
2586,2021-04-25 14:45:00,0.9,0.9,0.9,0.9,75,1125,1.12,0.9,1.25
2587,2021-04-25 14:46:00,0.9,0.9,0.9,0.9,75,1125,1.12,0.9,1.25
2588,2021-04-25 14:47:00,0.9,0.9,0.9,0.9,75,1125,1.12,0.9,1.25
2589,2021-04-25 14:48:00,0.9,0.9,0.9,0.9,75,1125,1.12,0.9,1.25
2590,2021-04-25 14:49:00,0.9,0.9,0.9,0.9,75,1125,1.12,0.9,1.25
2591,2021-04-25 14:50:00,0.9,0.9,0.9,0.9,75,1125,1.12,0.9,1.25
2592,2021-04-25 14:51:00,0.9,0.9,0.9,0.9,75,1125,1.12,0.9,1.25
2593,2021-04-25 14:52:00,0.9,0.9,0.9,0.9,75,1125,1.12,0.9,1.25
2594,2021-04-25 14:53:00,0.9,0.9,0.9,0.9,75,1125,1.12,0.9,1.25
2595,2021-04-25 14:54:00,0.9,0.9,0.9,0.9,75,1125,1.12,0.9,1.25
2596,2021-04-25 14:55:00,0.9,0.9,0.9,0.9,75,1125,1.12,0.9,1.25
2597,2021-04-25 14:56:00,0.9,0.9,0.9,0.9,75,1125,1.12,0.9,1.25
2598,2021-04-25 14:57:00,0.9,0.9,0.9,0.9,75,1125,1.12,0.9,1.25
2599,2021-04-25 14:58:00,0.9,0.9,0.9,0.9,75,1125,1.12,0.9,1.25
2600,2021-04-25 14:59:00,0.9,0.9,0.9,0.9,75,1125,1.12,0.9,1.25
2601,2021-04-25 15:00:00,0.9,0.9,0.9,0.9,75,1125,1.12,0.9,1.25
2602,2021-04-25 15:01:00,0.9,0.9,0.9,0.9,75,1125,1.12,0.9,1.25
2603,2021-04-25 15:02:00,0.9,0.9,0.9,0.9,75,1125,1.12,0.9,1.25
2604,2021-04-25 15:03:00,0.9,0.9,0.9,0.9,75,1125,1.12,0.9,1.25
2605,2021-04-25 15:04:00,0.9,0.9,0.9,0.9,75,1125,1.12,0.9,1.25
2606,2021-04-25 15:05:00,0.9,0.9,0.9,0.9,75,1125,1.12,0.9,1.25
2607,2021-04-25 15:06:00,0.9,0.9,0.9,0.9,75,1125,1.12,0.9,1.25
2608,2021-04-25 15:07:00,0.9,0.9,0.9,0.9,75,1125,1.12,0.9,1.25
2609,2021-04-25 15:08:00,0.9,0.9,0.9,0.9,75,1125,1.12,0.9,1.25
2610,2021-04-25 15:09:00,0.9,0.9,0.9,0.9,75,1125,1.12,0.9,1.25
2611,2021-04-25 15:10:00,0.9,0.9,0.9,0.9,75,1125,1.12,0.9,1.25
2612,2021-04-25 15:11:00,0.9,0.9,0.9,0.9,75,1125,1.12,0.9,1.25
2613,2021-04-25 15:12:00,0.9,0.9,0.9,0.9,75,1125,1.12,0.9,1.25
2614,2021-04-25 15:13:00,0.9,0.9,0.9,0.9,75,1125,1.12,0.9,1.25
2615,2021-04-25 15:14:00,0.9,0.9,0.9,0.9,75,1125,1.12,0.9,1.25
2616,2021-04-25 15:15:00,0.9,0.9,0.9,0.9,75,1125,1.12,0.9,1.25
2617,2021-04-25 15:16:00,0.9,0.9,0.9,0.9,75,1125,1.12,0.9,1.25
2618,2021-04-25 15:17:00,0.9,0.9,0.9,0.9,75,1125,1.12,0.9,1.25
2619,2021-04-25 15:18:00,0.9,0.9,0.9,0.9,75,1125,1.12,0.9,1.25
2620,2021-04-25 15:19:00,0.9,0.9,0.9,0.9,75,1125,1.12,0.9,1.25
2621,2021-04-25 15:20:00,0.9,0.9,0.9,0.9,75,1125,1.12,0.9,1.25
2622,2021-04-25 15:21:00,0.9,0.9,0.9,0.9,75,1125,1.12,0.9,1.25
2623,2021-04-25 15:22:00,0.9,0.9,0.9,0.9,75,1125,1.12,0.9,1.25
2624,2021-04-25 15:23:00,0.9,0.9,0.9,0.9,75,1125,1.12,0.9,1.25
2625,2021-04-25 15:24:00,0.9,0.9,0.9,0.9,75,1125,1.12,0.9,1.25
2626,2021-04-25 15:25:00,0.9,0.9,0.9,0.9,75,1125,1.12,0.9,1.25
2627,2021-04-25 15:26:00,0.9,0.9,0.9,0.9,75,1125,1.12,0.9,1.25
2628,2021-04-25 15:27:00,0.9,0.9,0.9,0.9,75,1125,1.12,0.9,1.25
2629,2021-04-25 15:28:00,0.9,0.9,0.9,0.9,75,1125,1.12,0.9,1.25
2630,2021-04-25 15:29:00,0.9,0.9,0.9,0.9,75,1125,1.12,0.9,1.25
2631,2021-04-25 15:30:00,0.9,0.9,0.9,0.9,75,1125,1.12,0.9,1.25
2632,2021-04-26 09:15:00,0.9,0.9,0.9,0.9,75,1125,1.12,0.9,1.25
2633,2021-04-26 09:16:00,0.9,0.9,0.9,0.9,75,1125,1.12,0.9,1.25
2634,2021-04-26 09:17:00,0.9,0.9,0.9,0.9,75,1125,1.12,0.9,1.25
2635,2021-04-26 09:18:00,0.9,0.9,0.9,0.9,75,1125,1.12,0.9,1.25
2636,2021-04-26 09:19:00,0.9,0.9,0.9,0.9,75,1125,1.12,0.9,1.25
2637,2021-04-26 09:20:00,0.9,0.9,0.9,0.9,75,1125,1.12,0.9,1.25
2638,2021-04-26 09:21:00,0.9,0.9,0.9,0.9,75,1125,1.12,0.9,1.25
2639,2021-04-26 09:22:00,0.9,0.9,0.9,0.9,75,1125,1.12,0.9,1.25
2640,2021-04-26 09:23:00,0.9,0.9,0.9,0.9,75,1125,1.12,0.9,1.25
2641,2021-04-26 09:24:00,0.9,0.9,0.9,0.9,75,1125,1.12,0.9,1.25
2642,2021-04-26 09:25:00,0.9,0.9,0.9,0.9,75,1125,1.12,0.9,1.25
2643,2021-04-26 09:26:00,0.9,0.9,0.9,0.9,75,1125,1.12,0.9,1.25
2644,2021-04-26 09:27:00,0.9,0.9,0.9,0.9,75,1125,1.12,0.9,1.25
2645,2021-04-26 09:28:00,0.9,0.9,0.9,0.9,75,1125,1.12,0.9,1.25
2646,2021-04-26 09:29:00,0.9,0.9,0.9,0.9,75,1125,1.12,0.9,1.25
2647,2021-04-26 09:30:00,0.9,0.9,0.9,0.9,75,1125,1.12,0.9,1.25
2648,2021-04-26 09:31:00,0.9,0.9,0.9,0.9,75,1125,1.12,0.9,1.25
2649,2021-04-26 09:32:00,0.9,0.9,0.9,0.9,75,1125,1.12,0.9,1.25
2650,2021-04-26 09:33:00,0.9,0.9,0.9,0.9,75,1125,1.12,0.9,1.25
2651,2021-04-26 09:34:00,0.9,0.9,0.9,0.9,75,1125,1.12,0.9,1.25
2652,2021-04-26 09:35:00,0.9,0.9,0.9,0.9,75,1125,1.12,0.9,1.25
2653,2021-04-26 09:36:00,0.9,0.9,0.9,0.9,75,1125,1.12,0.9,1.25
2654,2021-04-26 09:37:00,0.9,0.9,0.9,0.9,75,1125,1.12,0.9,1.25
2655,2021-04-26 09:38:00,0.7,0.7,0.7,0.7,75,0,0.7,0.6,1.55
2656,2021-04-26 09:39:00,0.7,0.7,0.7,0.7,75,0,0.7,0.6,1.55
2657,2021-04-26 09:40:00,0.7,0.7,0.7,0.7,75,0,0.7,0.6,1.55
2658,2021-04-26 09:41:00,0.7,0.7,0.7,0.7,75,0,0.7,0.6,1.55
2659,2021-04-26 09:42:00,0.7,0.7,0.7,0.7,75,0,0.7,0.6,1.55
2660,2021-04-26 09:43:00,0.7,0.7,0.7,0.7,75,0,0.7,0.6,1.55
2661,2021-04-26 09:44:00,0.7,0.7,0.7,0.7,75,0,0.7,0.6,1.55
2662,2021-04-26 09:45:00,0.7,0.7,0.7,0.7,75,0,0.7,0.6,1.55
2663,2021-04-26 09:46:00,0.7,0.7,0.7,0.7,75,0,0.7,0.6,1.55
2664,2021-04-26 09:47:00,0.7,0.7,0.7,0.7,75,0,0.7,0.6,1.55
2665,2021-04-26 09:48:00,0.7,0.7,0.7,0.7,75,0,0.7,0.6,1.55
2666,2021-04-26 09:49:00,0.7,0.7,0.7,0.7,75,0,0.7,0.6,1.55
2667,2021-04-26 09:50:00,0.7,0.7,0.7,0.7,75,0,0.7,0.6,1.55
2668,2021-04-26 09:51:00,0.7,0.7,0.7,0.7,75,0,0.7,0.6,1.55
2669,2021-04-26 09:52:00,0.7,0.7,0.7,0.7,75,0,0.7,0.6,1.55
2670,2021-04-26 09:53:00,0.7,0.7,0.7,0.7,75,0,0.7,0.6,1.55
2671,2021-04-26 09:54:00,0.7,0.7,0.7,0.7,75,0,0.7,0.6,1.55
2672,2021-04-26 09:55:00,0.7,0.7,0.7,0.7,75,0,0.7,0.6,1.55
2673,2021-04-26 09:56:00,0.7,0.7,0.7,0.7,75,0,0.7,0.6,1.55
2674,2021-04-26 09:57:00,0.7,0.7,0.7,0.7,75,0,0.7,0.6,1.55
2675,2021-04-26 09:58:00,0.7,0.7,0.7,0.7,75,0,0.7,0.6,1.55
2676,2021-04-26 09:59:00,0.7,0.7,0.7,0.7,75,0,0.7,0.6,1.55
2677,2021-04-26 10:00:00,0.7,0.7,0.7,0.7,75,0,0.7,0.6,1.55
2678,2021-04-26 10:01:00,0.7,0.7,0.7,0.7,75,0,0.7,0.6,1.55
2679,2021-04-26 10:02:00,0.7,0.7,0.7,0.7,75,0,0.7,0.6,1.55
2680,2021-04-26 10:03:00,0.7,0.7,0.7,0.7,75,0,0.7,0.6,1.55
2681,2021-04-26 10:04:00,0.7,0.7,0.7,0.7,75,0,0.7,0.6,1.55
2682,2021-04-26 10:05:00,0.7,0.7,0.7,0.7,75,0,0.7,0.6,1.55
2683,2021-04-26 10:06:00,0.7,0.7,0.7,0.7,75,0,0.7,0.6,1.55
2684,2021-04-26 10:07:00,0.7,0.7,0.7,0.7,75,0,0.7,0.6,1.55
2685,2021-04-26 10:08:00,0.7,0.7,0.7,0.7,75,0,0.7,0.6,1.55
2686,2021-04-26 10:09:00,0.7,0.7,0.7,0.7,75,0,0.7,0.6,1.55
2687,2021-04-26 10:10:00,0.7,0.7,0.7,0.7,75,0,0.7,0.6,1.55
2688,2021-04-26 10:11:00,0.7,0.7,0.7,0.7,75,0,0.7,0.6,1.55
2689,2021-04-26 10:12:00,0.7,0.7,0.7,0.7,75,0,0.7,0.6,1.55
2690,2021-04-26 10:13:00,0.7,0.7,0.7,0.7,75,0,0.7,0.6,1.55
2691,2021-04-26 10:14:00,0.7,0.7,0.7,0.7,75,0,0.7,0.6,1.55
2692,2021-04-26 10:15:00,0.7,0.7,0.7,0.7,75,0,0.7,0.6,1.55
2693,2021-04-26 10:16:00,0.7,0.7,0.7,0.7,75,0,0.7,0.6,1.55
2694,2021-04-26 10:17:00,0.7,0.7,0.7,0.7,75,0,0.7,0.6,1.55
2695,2021-04-26 10:18:00,0.7,0.7,0.7,0.7,75,0,0.7,0.6,1.55
2696,2021-04-26 10:19:00,0.7,0.7,0.7,0.7,75,0,0.7,0.6,1.55
2697,2021-04-26 10:20:00,0.7,0.7,0.7,0.7,75,0,0.7,0.6,1.55
2698,2021-04-26 10:21:00,0.7,0.7,0.7,0.7,75,0,0.7,0.6,1.55
2699,2021-04-26 10:22:00,0.7,0.7,0.7,0.7,75,0,0.7,0.6,1.55
2700,2021-04-26 10:23:00,0.7,0.7,0.7,0.7,75,0,0.7,0.6,1.55
2701,2021-04-26 10:24:00,0.7,0.7,0.7,0.7,75,0,0.7,0.6,1.55
2702,2021-04-26 10:25:00,0.7,0.7,0.7,0.7,75,0,0.7,0.6,1.55
2703,2021-04-26 10:26:00,0.7,0.7,0.7,0.7,75,0,0.7,0.6,1.55
2704,2021-04-26 10:27:00,0.7,0.7,0.7,0.7,75,0,0.7,0.6,1.55
2705,2021-04-26 10:28:00,0.7,0.7,0.7,0.7,75,0,0.7,0.6,1.55
2706,2021-04-26 10:29:00,0.7,0.7,0.7,0.7,75,0,0.7,0.6,1.55
2707,2021-04-26 10:30:00,0.7,0.7,0.7,0.7,75,0,0.7,0.6,1.55
2708,2021-04-26 10:31:00,0.7,0.7,0.7,0.7,75,0,0.7,0.6,1.55
2709,2021-04-26 10:32:00,0.7,0.7,0.7,0.7,75,0,0.7,0.6,1.55
2710,2021-04-26 10:33:00,0.7,0.7,0.7,0.7,75,0,0.7,0.6,1.55
2711,2021-04-26 10:34:00,0.7,0.7,0.7,0.7,75,0,0.7,0.6,1.55
2712,2021-04-26 10:35:00,0.7,0.7,0.7,0.7,75,0,0.7,0.6,1.55
2713,2021-04-26 10:36:00,0.7,0.7,0.7,0.7,75,0,0.7,0.6,1.55
2714,2021-04-26 10:37:00,0.7,0.7,0.7,0.7,75,0,0.7,0.6,1.55
2715,2021-04-26 10:38:00,0.7,0.7,0.7,0.7,75,0,0.7,0.6,1.55
2716,2021-04-26 10:39:00,0.7,0.7,0.7,0.7,75,0,0.7,0.6,1.55
2717,2021-04-26 10:40:00,0.7,0.7,0.7,0.7,75,0,0.7,0.6,1.55
2718,2021-04-26 10:41:00,0.7,0.7,0.7,0.7,75,0,0.7,0.6,1.55
2719,2021-04-26 10:42:00,0.7,0.7,0.7,0.7,75,0,0.7,0.6,1.55
2720,2021-04-26 10:43:00,0.7,0.7,0.7,0.7,75,0,0.7,0.6,1.55
2721,2021-04-26 10:44:00,0.7,0.7,0.7,0.7,75,0,0.7,0.6,1.55
2722,2021-04-26 10:45:00,0.7,0.7,0.7,0.7,75,0,0.7,0.6,1.55
2723,2021-04-26 10:46:00,0.7,0.7,0.7,0.7,75,0,0.7,0.6,1.55
2724,2021-04-26 10:47:00,0.7,0.7,0.7,0.7,75,0,0.7,0.6,1.55
2725,2021-04-26 10:48:00,0.7,0.7,0.7,0.7,75,0,0.7,0.6,1.55
2726,2021-04-26 10:49:00,0.7,0.7,0.7,0.7,75,0,0.7,0.6,1.55
2727,2021-04-26 10:50:00,0.7,0.7,0.7,0.7,75,0,0.7,0.6,1.55
2728,2021-04-26 10:51:00,0.7,0.7,0.7,0.7,75,0,0.7,0.6,1.55
2729,2021-04-26 10:52:00,0.7,0.7,0.7,0.7,75,0,0.7,0.6,1.55
2730,2021-04-26 10:53:00,0.7,0.7,0.7,0.7,75,0,0.7,0.6,1.55
2731,2021-04-26 10:54:00,0.7,0.7,0.7,0.7,75,0,0.7,0.6,1.55
2732,2021-04-26 10:55:00,0.7,0.7,0.7,0.7,75,0,0.7,0.6,1.55
2733,2021-04-26 10:56:00,0.7,0.7,0.7,0.7,75,0,0.7,0.6,1.55
2734,2021-04-26 10:57:00,0.7,0.7,0.7,0.7,75,0,0.7,0.6,1.55
2735,2021-04-26 10:58:00,0.7,0.7,0.7,0.7,75,0,0.7,0.6,1.55
2736,2021-04-26 10:59:00,0.7,0.7,0.7,0.7,75,0,0.7,0.6,1.55
2737,2021-04-26 11:00:00,0.7,0.7,0.7,0.7,75,0,0.7,0.6,1.55
2738,2021-04-26 11:01:00,0.7,0.7,0.7,0.7,75,0,0.7,0.6,1.55
2739,2021-04-26 11:02:00,0.7,0.7,0.7,0.7,75,0,0.7,0.6,1.55
2740,2021-04-26 11:03:00,0.7,0.7,0.7,0.7,75,0,0.7,0.6,1.55
2741,2021-04-26 11:04:00,0.7,0.7,0.7,0.7,75,0,0.7,0.6,1.55
2742,2021-04-26 11:05:00,0.7,0.7,0.7,0.7,75,0,0.7,0.6,1.55
2743,2021-04-26 11:06:00,0.7,0.7,0.7,0.7,75,0,0.7,0.6,1.55
2744,2021-04-26 11:07:00,0.7,0.7,0.7,0.7,75,0,0.7,0.6,1.55
2745,2021-04-26 11:08:00,0.7,0.7,0.7,0.7,75,0,0.7,0.6,1.55
2746,2021-04-26 11:09:00,0.7,0.7,0.7,0.7,75,0,0.7,0.6,1.55
2747,2021-04-26 11:10:00,0.7,0.7,0.7,0.7,75,0,0.7,0.6,1.55
2748,2021-04-26 11:11:00,0.7,0.7,0.7,0.7,75,0,0.7,0.6,1.55
2749,2021-04-26 11:12:00,0.7,0.7,0.7,0.7,75,0,0.7,0.6,1.55
2750,2021-04-26 11:13:00,0.7,0.7,0.7,0.7,75,0,0.7,0.6,1.55
2751,2021-04-26 11:14:00,0.7,0.7,0.7,0.7,75,0,0.7,0.6,1.55
2752,2021-04-26 11:15:00,0.7,0.7,0.7,0.7,75,0,0.7,0.6,1.55
2753,2021-04-26 11:16:00,0.7,0.7,0.7,0.7,75,0,0.7,0.6,1.55
2754,2021-04-26 11:17:00,0.7,0.7,0.7,0.7,75,0,0.7,0.6,1.55
2755,2021-04-26 11:18:00,0.7,0.7,0.7,0.7,75,0,0.7,0.6,1.55
2756,2021-04-26 11:19:00,0.7,0.7,0.7,0.7,75,0,0.7,0.6,1.55
2757,2021-04-26 11:20:00,0.7,0.7,0.7,0.7,75,0,0.7,0.6,1.55
2758,2021-04-26 11:21:00,0.7,0.7,0.7,0.7,75,0,0.7,0.6,1.55
2759,2021-04-26 11:22:00,0.7,0.7,0.7,0.7,75,0,0.7,0.6,1.55
2760,2021-04-26 11:23:00,0.7,0.7,0.7,0.7,75,0,0.7,0.6,1.55
2761,2021-04-26 11:24:00,0.7,0.7,0.7,0.7,75,0,0.7,0.6,1.55
2762,2021-04-26 11:25:00,0.7,0.7,0.7,0.7,75,0,0.7,0.6,1.55
2763,2021-04-26 11:26:00,0.7,0.7,0.7,0.7,75,0,0.7,0.6,1.55
2764,2021-04-26 11:27:00,0.7,0.7,0.7,0.7,75,0,0.7,0.6,1.55
2765,2021-04-26 11:28:00,0.7,0.7,0.7,0.7,75,0,0.7,0.6,1.55
2766,2021-04-26 11:29:00,0.7,0.7,0.7,0.7,75,0,0.7,0.6,1.55
2767,2021-04-26 11:30:00,0.7,0.7,0.7,0.7,75,0,0.7,0.6,1.55
2768,2021-04-26 11:31:00,0.7,0.7,0.7,0.7,75,0,0.7,0.6,1.55
2769,2021-04-26 11:32:00,0.7,0.7,0.7,0.7,75,0,0.7,0.6,1.55
2770,2021-04-26 11:33:00,0.7,0.7,0.7,0.7,75,0,0.7,0.6,1.55
2771,2021-04-26 11:34:00,0.7,0.7,0.7,0.7,75,0,0.7,0.6,1.55
2772,2021-04-26 11:35:00,0.7,0.7,0.7,0.7,75,0,0.7,0.6,1.55
2773,2021-04-26 11:36:00,0.7,0.7,0.7,0.7,75,0,0.7,0.6,1.55
2774,2021-04-26 11:37:00,0.7,0.7,0.7,0.7,75,0,0.7,0.6,1.55
2775,2021-04-26 11:38:00,0.7,0.7,0.7,0.7,75,0,0.7,0.6,1.55
2776,2021-04-26 11:39:00,0.7,0.7,0.7,0.7,75,0,0.7,0.6,1.55
2777,2021-04-26 11:40:00,0.7,0.7,0.7,0.7,75,0,0.7,0.6,1.55
2778,2021-04-26 11:41:00,0.7,0.7,0.7,0.7,75,0,0.7,0.6,1.55
2779,2021-04-26 11:42:00,0.7,0.7,0.7,0.7,75,0,0.7,0.6,1.55
2780,2021-04-26 11:43:00,0.7,0.7,0.7,0.7,75,0,0.7,0.6,1.55
2781,2021-04-26 11:44:00,0.7,0.7,0.7,0.7,75,0,0.7,0.6,1.55
2782,2021-04-26 11:45:00,0.7,0.7,0.7,0.7,75,0,0.7,0.6,1.55
2783,2021-04-26 11:46:00,0.7,0.7,0.7,0.7,75,0,0.7,0.6,1.55
2784,2021-04-26 11:47:00,0.7,0.7,0.7,0.7,75,0,0.7,0.6,1.55
2785,2021-04-26 11:48:00,0.7,0.7,0.7,0.7,75,0,0.7,0.6,1.55
2786,2021-04-26 11:49:00,0.7,0.7,0.7,0.7,75,0,0.7,0.6,1.55
2787,2021-04-26 11:50:00,0.7,0.7,0.7,0.7,75,0,0.7,0.6,1.55
2788,2021-04-26 11:51:00,0.7,0.7,0.7,0.7,75,0,0.7,0.6,1.55
2789,2021-04-26 11:52:00,0.7,0.7,0.7,0.7,75,0,0.7,0.6,1.55
2790,2021-04-26 11:53:00,0.7,0.7,0.7,0.7,75,0,0.7,0.6,1.55
2791,2021-04-26 11:54:00,0.7,0.7,0.7,0.7,75,0,0.7,0.6,1.55
2792,2021-04-26 11:55:00,0.7,0.7,0.7,0.7,75,0,0.7,0.6,1.55
2793,2021-04-26 11:56:00,0.7,0.7,0.7,0.7,75,0,0.7,0.6,1.55
2794,2021-04-26 11:57:00,0.7,0.7,0.7,0.7,75,0,0.7,0.6,1.55
2795,2021-04-26 11:58:00,0.7,0.7,0.7,0.7,75,0,0.7,0.6,1.55
2796,2021-04-26 11:59:00,0.7,0.7,0.7,0.7,75,0,0.7,0.6,1.55
2797,2021-04-26 12:00:00,0.7,0.7,0.7,0.7,75,0,0.7,0.6,1.55
2798,2021-04-26 12:01:00,0.7,0.7,0.7,0.7,75,0,0.7,0.6,1.55
2799,2021-04-26 12:02:00,0.7,0.7,0.7,0.7,75,0,0.7,0.6,1.55
2800,2021-04-26 12:03:00,0.7,0.7,0.7,0.7,75,0,0.7,0.6,1.55
2801,2021-04-26 12:04:00,0.7,0.7,0.7,0.7,75,0,0.7,0.6,1.55
2802,2021-04-26 12:05:00,0.7,0.7,0.7,0.7,75,0,0.7,0.6,1.55
2803,2021-04-26 12:06:00,0.7,0.7,0.7,0.7,75,0,0.7,0.6,1.55
2804,2021-04-26 12:07:00,0.7,0.7,0.7,0.7,75,0,0.7,0.6,1.55
2805,2021-04-26 12:08:00,0.7,0.7,0.7,0.7,75,0,0.7,0.6,1.55
2806,2021-04-26 12:09:00,0.7,0.7,0.7,0.7,75,0,0.7,0.6,1.55
2807,2021-04-26 12:10:00,0.7,0.7,0.7,0.7,75,0,0.7,0.6,1.55
2808,2021-04-26 12:11:00,0.7,0.7,0.7,0.7,75,0,0.7,0.6,1.55
2809,2021-04-26 12:12:00,0.7,0.7,0.7,0.7,75,0,0.7,0.6,1.55
2810,2021-04-26 12:13:00,0.7,0.7,0.7,0.7,75,0,0.7,0.6,1.55
2811,2021-04-26 12:14:00,0.7,0.7,0.7,0.7,75,0,0.7,0.6,1.55
2812,2021-04-26 12:15:00,0.7,0.7,0.7,0.7,75,0,0.7,0.6,1.55
2813,2021-04-26 12:16:00,0.7,0.7,0.7,0.7,75,0,0.7,0.6,1.55
2814,2021-04-26 12:17:00,0.7,0.7,0.7,0.7,75,0,0.7,0.6,1.55
2815,2021-04-26 12:18:00,0.7,0.7,0.7,0.7,75,0,0.7,0.6,1.55
2816,2021-04-26 12:19:00,0.7,0.7,0.7,0.7,75,0,0.7,0.6,1.55
2817,2021-04-26 12:20:00,0.7,0.7,0.7,0.7,75,0,0.7,0.6,1.55
2818,2021-04-26 12:21:00,0.7,0.7,0.7,0.7,75,0,0.7,0.6,1.55
2819,2021-04-26 12:22:00,0.7,0.7,0.7,0.7,75,0,0.7,0.6,1.55
2820,2021-04-26 12:23:00,0.7,0.7,0.7,0.7,75,0,0.7,0.6,1.55
2821,2021-04-26 12:24:00,0.7,0.7,0.7,0.7,75,0,0.7,0.6,1.55
2822,2021-04-26 12:25:00,0.7,0.7,0.7,0.7,75,0,0.7,0.6,1.55
2823,2021-04-26 12:26:00,0.7,0.7,0.7,0.7,75,0,0.7,0.6,1.55
2824,2021-04-26 12:27:00,0.7,0.7,0.7,0.7,75,0,0.7,0.6,1.55
2825,2021-04-26 12:28:00,0.7,0.7,0.7,0.7,75,0,0.7,0.6,1.55
2826,2021-04-26 12:29:00,0.7,0.7,0.7,0.7,75,0,0.7,0.6,1.55
2827,2021-04-26 12:30:00,0.7,0.7,0.7,0.7,75,0,0.7,0.6,1.55
2828,2021-04-26 12:31:00,0.7,0.7,0.7,0.7,75,0,0.7,0.6,1.55
2829,2021-04-26 12:32:00,0.7,0.7,0.7,0.7,75,0,0.7,0.6,1.55
2830,2021-04-26 12:33:00,0.7,0.7,0.7,0.7,75,0,0.7,0.6,1.55
2831,2021-04-26 12:34:00,0.7,0.7,0.7,0.7,75,0,0.7,0.6,1.55
2832,2021-04-26 12:35:00,0.7,0.7,0.7,0.7,75,0,0.7,0.6,1.55
2833,2021-04-26 12:36:00,0.7,0.7,0.7,0.7,75,0,0.7,0.6,1.55
2834,2021-04-26 12:37:00,0.7,0.7,0.7,0.7,75,0,0.7,0.6,1.55
2835,2021-04-26 12:38:00,0.7,0.7,0.7,0.7,75,0,0.7,0.6,1.55
2836,2021-04-26 12:39:00,0.7,0.7,0.7,0.7,75,0,0.7,0.6,1.55
2837,2021-04-26 12:40:00,0.7,0.7,0.7,0.7,75,0,0.7,0.6,1.55
2838,2021-04-26 12:41:00,0.7,0.7,0.7,0.7,75,0,0.7,0.6,1.55
2839,2021-04-26 12:42:00,0.7,0.7,0.7,0.7,75,0,0.7,0.6,1.55
2840,2021-04-26 12:43:00,0.7,0.7,0.7,0.7,75,0,0.7,0.6,1.55
2841,2021-04-26 12:44:00,0.7,0.7,0.7,0.7,75,0,0.7,0.6,1.55
2842,2021-04-26 12:45:00,0.7,0.7,0.7,0.7,75,0,0.7,0.6,1.55
2843,2021-04-26 12:46:00,0.7,0.7,0.7,0.7,75,0,0.7,0.6,1.55
2844,2021-04-26 12:47:00,0.7,0.7,0.7,0.7,75,0,0.7,0.6,1.55
2845,2021-04-26 12:48:00,0.7,0.7,0.7,0.7,75,0,0.7,0.6,1.55
2846,2021-04-26 12:49:00,0.7,0.7,0.7,0.7,75,0,0.7,0.6,1.55
2847,2021-04-26 12:50:00,0.7,0.7,0.7,0.7,75,0,0.7,0.6,1.55
2848,2021-04-26 12:51:00,0.7,0.7,0.7,0.7,75,0,0.7,0.6,1.55
2849,2021-04-26 12:52:00,0.7,0.7,0.7,0.7,75,0,0.7,0.6,1.55
2850,2021-04-26 12:53:00,0.7,0.7,0.7,0.7,75,0,0.7,0.6,1.55
2851,2021-04-26 12:54:00,0.7,0.7,0.7,0.7,75,0,0.7,0.6,1.55
2852,2021-04-26 12:55:00,0.7,0.7,0.7,0.7,75,0,0.7,0.6,1.55
2853,2021-04-26 12:56:00,0.7,0.7,0.7,0.7,75,0,0.7,0.6,1.55
2854,2021-04-26 12:57:00,0.7,0.7,0.7,0.7,75,0,0.7,0.6,1.55
2855,2021-04-26 12:58:00,0.7,0.7,0.7,0.7,75,0,0.7,0.6,1.55
2856,2021-04-26 12:59:00,0.7,0.7,0.7,0.7,75,0,0.7,0.6,1.55
2857,2021-04-26 13:00:00,0.7,0.7,0.7,0.7,75,0,0.7,0.6,1.55
2858,2021-04-26 13:01:00,0.7,0.7,0.7,0.7,75,0,0.7,0.6,1.55
2859,2021-04-26 13:02:00,0.7,0.7,0.7,0.7,75,0,0.7,0.6,1.55
2860,2021-04-26 13:03:00,0.7,0.7,0.7,0.7,75,0,0.7,0.6,1.55
2861,2021-04-26 13:04:00,0.7,0.7,0.7,0.7,75,0,0.7,0.6,1.55
2862,2021-04-26 13:05:00,0.7,0.7,0.7,0.7,75,0,0.7,0.6,1.55
2863,2021-04-26 13:06:00,0.7,0.7,0.7,0.7,75,0,0.7,0.6,1.55
2864,2021-04-26 13:07:00,0.7,0.7,0.7,0.7,75,0,0.7,0.6,1.55
2865,2021-04-26 13:08:00,0.7,0.7,0.7,0.7,75,0,0.7,0.6,1.55
2866,2021-04-26 13:09:00,0.7,0.7,0.7,0.7,75,0,0.7,0.6,1.55
2867,2021-04-26 13:10:00,0.7,0.7,0.7,0.7,75,0,0.7,0.6,1.55
2868,2021-04-26 13:11:00,0.7,0.7,0.7,0.7,75,0,0.7,0.6,1.55
2869,2021-04-26 13:12:00,0.7,0.7,0.7,0.7,75,0,0.7,0.6,1.55
2870,2021-04-26 13:13:00,0.7,0.7,0.7,0.7,75,0,0.7,0.6,1.55
2871,2021-04-26 13:14:00,0.7,0.7,0.7,0.7,75,0,0.7,0.6,1.55
2872,2021-04-26 13:15:00,0.7,0.7,0.7,0.7,75,0,0.7,0.6,1.55
2873,2021-04-26 13:16:00,0.7,0.7,0.7,0.7,75,0,0.7,0.6,1.55
2874,2021-04-26 13:17:00,0.7,0.7,0.7,0.7,75,0,0.7,0.6,1.55
2875,2021-04-26 13:18:00,0.7,0.7,0.7,0.7,75,0,0.7,0.6,1.55
2876,2021-04-26 13:19:00,0.7,0.7,0.7,0.7,75,0,0.7,0.6,1.55
2877,2021-04-26 13:20:00,0.7,0.7,0.7,0.7,75,0,0.7,0.6,1.55
2878,2021-04-26 13:21:00,0.7,0.7,0.7,0.7,75,0,0.7,0.6,1.55
2879,2021-04-26 13:22:00,0.7,0.7,0.7,0.7,75,0,0.7,0.6,1.55
2880,2021-04-26 13:23:00,0.7,0.7,0.7,0.7,75,0,0.7,0.6,1.55
2881,2021-04-26 13:24:00,0.7,0.7,0.7,0.7,75,0,0.7,0.6,1.55
2882,2021-04-26 13:25:00,0.7,0.7,0.7,0.7,75,0,0.7,0.6,1.55
2883,2021-04-26 13:26:00,0.7,0.7,0.7,0.7,75,0,0.7,0.6,1.55
2884,2021-04-26 13:27:00,0.7,0.7,0.7,0.7,75,0,0.7,0.6,1.55
2885,2021-04-26 13:28:00,0.7,0.7,0.7,0.7,75,0,0.7,0.6,1.55
2886,2021-04-26 13:29:00,0.7,0.7,0.7,0.7,75,0,0.7,0.6,1.55
2887,2021-04-26 13:30:00,0.7,0.7,0.7,0.7,75,0,0.7,0.6,1.55
2888,2021-04-26 13:31:00,0.7,0.7,0.7,0.7,75,0,0.7,0.6,1.55
2889,2021-04-26 13:32:00,0.7,0.7,0.7,0.7,75,0,0.7,0.6,1.55
2890,2021-04-26 13:33:00,0.7,0.7,0.7,0.7,75,0,0.7,0.6,1.55
2891,2021-04-26 13:34:00,0.7,0.7,0.7,0.7,75,0,0.7,0.6,1.55
2892,2021-04-26 13:35:00,0.7,0.7,0.7,0.7,75,0,0.7,0.6,1.55
2893,2021-04-26 13:36:00,0.7,0.7,0.7,0.7,75,0,0.7,0.6,1.55
2894,2021-04-26 13:37:00,0.7,0.7,0.7,0.7,75,0,0.7,0.6,1.55
2895,2021-04-26 13:38:00,0.7,0.7,0.7,0.7,75,0,0.7,0.6,1.55
2896,2021-04-26 13:39:00,0.7,0.7,0.7,0.7,75,0,0.7,0.6,1.55
2897,2021-04-26 13:40:00,0.7,0.7,0.7,0.7,75,0,0.7,0.6,1.55
2898,2021-04-26 13:41:00,0.7,0.7,0.7,0.7,75,0,0.7,0.6,1.55
2899,2021-04-26 13:42:00,0.7,0.7,0.7,0.7,75,0,0.7,0.6,1.55
2900,2021-04-26 13:43:00,0.7,0.7,0.7,0.7,75,0,0.7,0.6,1.55
2901,2021-04-26 13:44:00,0.7,0.7,0.7,0.7,75,0,0.7,0.6,1.55
2902,2021-04-26 13:45:00,0.7,0.7,0.7,0.7,75,0,0.7,0.6,1.55
2903,2021-04-26 13:46:00,0.7,0.7,0.7,0.7,75,0,0.7,0.6,1.55
2904,2021-04-26 13:47:00,0.7,0.7,0.7,0.7,75,0,0.7,0.6,1.55
2905,2021-04-26 13:48:00,0.7,0.7,0.7,0.7,75,0,0.7,0.6,1.55
2906,2021-04-26 13:49:00,0.7,0.7,0.7,0.7,75,0,0.7,0.6,1.55
2907,2021-04-26 13:50:00,0.7,0.7,0.7,0.7,75,0,0.7,0.6,1.55
2908,2021-04-26 13:51:00,0.7,0.7,0.7,0.7,75,0,0.7,0.6,1.55
2909,2021-04-26 13:52:00,0.7,0.7,0.7,0.7,75,0,0.7,0.6,1.55
2910,2021-04-26 13:53:00,0.7,0.7,0.7,0.7,75,0,0.7,0.6,1.55
2911,2021-04-26 13:54:00,0.7,0.7,0.7,0.7,75,0,0.7,0.6,1.55
2912,2021-04-26 13:55:00,0.7,0.7,0.7,0.7,75,0,0.7,0.6,1.55
2913,2021-04-26 13:56:00,0.7,0.7,0.7,0.7,75,0,0.7,0.6,1.55
2914,2021-04-26 13:57:00,0.7,0.7,0.7,0.7,75,0,0.7,0.6,1.55
2915,2021-04-26 13:58:00,0.7,0.7,0.7,0.7,75,0,0.7,0.6,1.55
2916,2021-04-26 13:59:00,0.7,0.7,0.7,0.7,75,0,0.7,0.6,1.55
2917,2021-04-26 14:00:00,0.7,0.7,0.7,0.7,75,0,0.7,0.6,1.55
2918,2021-04-26 14:01:00,0.7,0.7,0.7,0.7,75,0,0.7,0.6,1.55
2919,2021-04-26 14:02:00,0.7,0.7,0.7,0.7,75,0,0.7,0.6,1.55
2920,2021-04-26 14:03:00,0.7,0.7,0.7,0.7,75,0,0.7,0.6,1.55
2921,2021-04-26 14:04:00,0.7,0.7,0.7,0.7,75,0,0.7,0.6,1.55
2922,2021-04-26 14:05:00,0.7,0.7,0.7,0.7,75,0,0.7,0.6,1.55
2923,2021-04-26 14:06:00,0.7,0.7,0.7,0.7,75,0,0.7,0.6,1.55
2924,2021-04-26 14:07:00,0.7,0.7,0.7,0.7,75,0,0.7,0.6,1.55
2925,2021-04-26 14:08:00,0.7,0.7,0.7,0.7,75,0,0.7,0.6,1.55
2926,2021-04-26 14:09:00,0.7,0.7,0.7,0.7,75,0,0.7,0.6,1.55
2927,2021-04-26 14:10:00,0.7,0.7,0.7,0.7,75,0,0.7,0.6,1.55
2928,2021-04-26 14:11:00,0.7,0.7,0.7,0.7,75,0,0.7,0.6,1.55
2929,2021-04-26 14:12:00,0.7,0.7,0.7,0.7,75,0,0.7,0.6,1.55
2930,2021-04-26 14:13:00,0.7,0.7,0.7,0.7,75,0,0.7,0.6,1.55
2931,2021-04-26 14:14:00,0.7,0.7,0.7,0.7,75,0,0.7,0.6,1.55
2932,2021-04-26 14:15:00,0.7,0.7,0.7,0.7,75,0,0.7,0.6,1.55
2933,2021-04-26 14:16:00,0.7,0.7,0.7,0.7,75,0,0.7,0.6,1.55
2934,2021-04-26 14:17:00,0.7,0.7,0.7,0.7,75,0,0.7,0.6,1.55
2935,2021-04-26 14:18:00,0.7,0.7,0.7,0.7,75,0,0.7,0.6,1.55
2936,2021-04-26 14:19:00,0.7,0.7,0.7,0.7,75,0,0.7,0.6,1.55
2937,2021-04-26 14:20:00,0.7,0.7,0.7,0.7,75,0,0.7,0.6,1.55
2938,2021-04-26 14:21:00,0.7,0.7,0.7,0.7,75,0,0.7,0.6,1.55
2939,2021-04-26 14:22:00,0.7,0.7,0.7,0.7,75,0,0.7,0.6,1.55
2940,2021-04-26 14:23:00,0.7,0.7,0.7,0.7,75,0,0.7,0.6,1.55
2941,2021-04-26 14:24:00,0.7,0.7,0.7,0.7,75,0,0.7,0.6,1.55
2942,2021-04-26 14:25:00,0.7,0.7,0.7,0.7,75,0,0.7,0.6,1.55
2943,2021-04-26 14:26:00,0.7,0.7,0.7,0.7,75,0,0.7,0.6,1.55
2944,2021-04-26 14:27:00,0.7,0.7,0.7,0.7,75,0,0.7,0.6,1.55
2945,2021-04-26 14:28:00,0.7,0.7,0.7,0.7,75,0,0.7,0.6,1.55
2946,2021-04-26 14:29:00,0.7,0.7,0.7,0.7,75,0,0.7,0.6,1.55
2947,2021-04-26 14:30:00,0.7,0.7,0.7,0.7,75,0,0.7,0.6,1.55
2948,2021-04-26 14:31:00,0.7,0.7,0.7,0.7,75,0,0.7,0.6,1.55
2949,2021-04-26 14:32:00,0.7,0.7,0.7,0.7,75,0,0.7,0.6,1.55
2950,2021-04-26 14:33:00,0.7,0.7,0.7,0.7,75,0,0.7,0.6,1.55
2951,2021-04-26 14:34:00,0.7,0.7,0.7,0.7,75,0,0.7,0.6,1.55
2952,2021-04-26 14:35:00,0.7,0.7,0.7,0.7,75,0,0.7,0.6,1.55
2953,2021-04-26 14:36:00,0.7,0.7,0.7,0.7,75,0,0.7,0.6,1.55
2954,2021-04-26 14:37:00,0.7,0.7,0.7,0.7,75,0,0.7,0.6,1.55
2955,2021-04-26 14:38:00,0.7,0.7,0.7,0.7,75,0,0.7,0.6,1.55
2956,2021-04-26 14:39:00,0.7,0.7,0.7,0.7,75,0,0.7,0.6,1.55
2957,2021-04-26 14:40:00,0.7,0.7,0.7,0.7,75,0,0.7,0.6,1.55
2958,2021-04-26 14:41:00,0.7,0.7,0.7,0.7,75,0,0.7,0.6,1.55
2959,2021-04-26 14:42:00,0.7,0.7,0.7,0.7,75,0,0.7,0.6,1.55
2960,2021-04-26 14:43:00,0.7,0.7,0.7,0.7,75,0,0.7,0.6,1.55
2961,2021-04-26 14:44:00,0.7,0.7,0.7,0.7,75,0,0.7,0.6,1.55
2962,2021-04-26 14:45:00,0.7,0.7,0.7,0.7,75,0,0.7,0.6,1.55
2963,2021-04-26 14:46:00,0.7,0.7,0.7,0.7,75,0,0.7,0.6,1.55
2964,2021-04-26 14:47:00,0.7,0.7,0.7,0.7,75,0,0.7,0.6,1.55
2965,2021-04-26 14:48:00,0.7,0.7,0.7,0.7,75,0,0.7,0.6,1.55
2966,2021-04-26 14:49:00,0.7,0.7,0.7,0.7,75,0,0.7,0.6,1.55
2967,2021-04-26 14:50:00,0.7,0.7,0.7,0.7,150,1050,0.7,0.55,1.25
2968,2021-04-26 14:51:00,0.7,0.7,0.7,0.7,150,1050,0.7,0.55,1.25
2969,2021-04-26 14:52:00,0.7,0.7,0.7,0.7,150,1050,0.7,0.55,1.25
2970,2021-04-26 14:53:00,0.7,0.7,0.7,0.7,150,1050,0.7,0.55,1.25
2971,2021-04-26 14:54:00,0.7,0.7,0.7,0.7,150,1050,0.7,0.55,1.25
2972,2021-04-26 14:55:00,0.7,0.7,0.7,0.7,150,1050,0.7,0.55,1.25
2973,2021-04-26 14:56:00,0.7,0.7,0.7,0.7,150,1050,0.7,0.55,1.25
2974,2021-04-26 14:57:00,0.7,0.7,0.7,0.7,150,1050,0.7,0.55,1.25
2975,2021-04-26 14:58:00,0.7,0.7,0.7,0.7,150,1050,0.7,0.55,1.25
2976,2021-04-26 14:59:00,0.7,0.7,0.7,0.7,150,1050,0.7,0.55,1.25
2977,2021-04-26 15:00:00,0.7,0.7,0.7,0.7,150,1050,0.7,0.55,1.25
2978,2021-04-26 15:01:00,0.7,0.7,0.7,0.7,150,1050,0.7,0.55,1.25
2979,2021-04-26 15:02:00,0.7,0.7,0.7,0.7,150,1050,0.7,0.55,1.25
2980,2021-04-26 15:03:00,0.7,0.7,0.7,0.7,150,1050,0.7,0.55,1.25
2981,2021-04-26 15:04:00,0.7,0.7,0.7,0.7,150,1050,0.7,0.55,1.25
2982,2021-04-26 15:05:00,0.7,0.7,0.7,0.7,150,1050,0.7,0.55,1.25
2983,2021-04-26 15:06:00,0.7,0.7,0.7,0.7,150,1050,0.7,0.55,1.25
2984,2021-04-26 15:07:00,0.7,0.7,0.7,0.7,150,1050,0.7,0.55,1.25
2985,2021-04-26 15:08:00,0.7,0.7,0.7,0.7,150,1050,0.7,0.55,1.25
2986,2021-04-26 15:09:00,0.7,0.7,0.7,0.7,150,1050,0.7,0.55,1.25
2987,2021-04-26 15:10:00,0.7,0.7,0.7,0.7,150,1050,0.7,0.55,1.25
2988,2021-04-26 15:11:00,0.7,0.7,0.7,0.7,150,1050,0.7,0.55,1.25
2989,2021-04-26 15:12:00,0.7,0.7,0.7,0.7,150,1050,0.7,0.55,1.25
2990,2021-04-26 15:13:00,0.7,0.7,0.7,0.7,150,1050,0.7,0.55,1.25
2991,2021-04-26 15:14:00,0.7,0.7,0.7,0.7,150,1050,0.7,0.55,1.25
2992,2021-04-26 15:15:00,0.7,0.7,0.7,0.7,150,1050,0.7,0.55,1.25
2993,2021-04-26 15:16:00,0.7,0.7,0.7,0.7,150,1050,0.7,0.55,1.25
2994,2021-04-26 15:17:00,0.7,0.7,0.7,0.7,150,1050,0.7,0.55,1.25
2995,2021-04-26 15:18:00,0.7,0.7,0.7,0.7,150,1050,0.7,0.55,1.25
2996,2021-04-26 15:19:00,0.7,0.7,0.7,0.7,150,1050,0.7,0.55,1.25
2997,2021-04-26 15:20:00,0.7,0.7,0.7,0.7,150,1050,0.7,0.55,1.25
2998,2021-04-26 15:21:00,0.7,0.7,0.7,0.7,150,1050,0.7,0.55,1.25
2999,2021-04-26 15:22:00,0.7,0.7,0.7,0.7,150,1050,0.7,0.55,1.25
3000,2021-04-26 15:23:00,0.7,0.7,0.7,0.7,150,1050,0.7,0.55,1.25
3001,2021-04-26 15:24:00,0.7,0.7,0.7,0.7,150,1050,0.7,0.55,1.25
3002,2021-04-26 15:25:00,0.7,0.7,0.7,0.7,150,1050,0.7,0.55,1.25
3003,2021-04-26 15:26:00,0.7,0.7,0.7,0.7,150,1050,0.7,0.55,1.25
3004,2021-04-26 15:27:00,0.7,0.7,0.7,0.7,150,1050,0.7,0.55,1.25
3005,2021-04-26 15:28:00,0.7,0.7,0.7,0.7,150,1050,0.7,0.55,1.25
3006,2021-04-26 15:29:00,0.7,0.7,0.7,0.7,150,1050,0.7,0.55,1.25
3007,2021-04-26 15:30:00,0.7,0.7,0.7,0.7,150,1050,0.7,0.55,1.25
3008,2021-04-27 09:15:00,0.7,0.7,0.7,0.7,150,1050,0.7,0.55,1.25
3009,2021-04-27 09:16:00,0.7,0.7,0.7,0.7,150,1050,0.7,0.55,1.25
3010,2021-04-27 09:17:00,0.7,0.7,0.7,0.7,150,1050,0.7,0.55,1.25
3011,2021-04-27 09:18:00,0.7,0.7,0.7,0.7,150,1050,0.7,0.55,1.25
3012,2021-04-27 09:19:00,0.7,0.7,0.7,0.7,150,1050,0.7,0.55,1.25
3013,2021-04-27 09:20:00,0.7,0.7,0.7,0.7,150,1050,0.7,0.55,1.25
3014,2021-04-27 09:21:00,0.7,0.7,0.7,0.7,150,1050,0.7,0.55,1.25
3015,2021-04-27 09:22:00,0.7,0.7,0.7,0.7,150,1050,0.7,0.55,1.25
3016,2021-04-27 09:23:00,0.7,0.7,0.7,0.7,150,1050,0.7,0.55,1.25
3017,2021-04-27 09:24:00,0.7,0.7,0.7,0.7,150,1050,0.7,0.55,1.25
3018,2021-04-27 09:25:00,0.7,0.7,0.7,0.7,150,1050,0.7,0.55,1.25
3019,2021-04-27 09:26:00,0.7,0.7,0.7,0.7,150,1050,0.7,0.55,1.25
3020,2021-04-27 09:27:00,0.7,0.7,0.7,0.7,150,1050,0.7,0.55,1.25
3021,2021-04-27 09:28:00,0.7,0.7,0.7,0.7,150,1050,0.7,0.55,1.25
3022,2021-04-27 09:29:00,0.7,0.7,0.7,0.7,150,1050,0.7,0.55,1.25
3023,2021-04-27 09:30:00,0.7,0.7,0.7,0.7,150,1050,0.7,0.55,1.25
3024,2021-04-27 09:31:00,0.7,0.7,0.7,0.7,150,1050,0.7,0.55,1.25
3025,2021-04-27 09:32:00,0.7,0.7,0.7,0.7,150,1050,0.7,0.55,1.25
3026,2021-04-27 09:33:00,0.7,0.7,0.7,0.7,150,1050,0.7,0.55,1.25
3027,2021-04-27 09:34:00,0.7,0.7,0.7,0.7,150,1050,0.7,0.55,1.25
3028,2021-04-27 09:35:00,0.7,0.7,0.7,0.7,150,1050,0.7,0.55,1.25
3029,2021-04-27 09:36:00,0.7,0.7,0.7,0.7,150,1050,0.7,0.55,1.25
3030,2021-04-27 09:37:00,0.7,0.7,0.7,0.7,150,1050,0.7,0.55,1.25
3031,2021-04-27 09:38:00,0.7,0.7,0.7,0.7,150,1050,0.7,0.55,1.25
3032,2021-04-27 09:39:00,0.7,0.7,0.7,0.7,150,1050,0.7,0.55,1.25
3033,2021-04-27 09:40:00,0.7,0.7,0.7,0.7,150,1050,0.7,0.55,1.25
3034,2021-04-27 09:41:00,0.7,0.7,0.7,0.7,150,1050,0.7,0.55,1.25
3035,2021-04-27 09:42:00,0.7,0.7,0.7,0.7,150,1050,0.7,0.55,1.25
3036,2021-04-27 09:43:00,0.7,0.7,0.7,0.7,150,1050,0.7,0.55,1.25
3037,2021-04-27 09:44:00,0.7,0.7,0.7,0.7,150,1050,0.7,0.55,1.25
3038,2021-04-27 09:45:00,0.7,0.7,0.7,0.7,150,1050,0.7,0.55,1.25
3039,2021-04-27 09:46:00,0.7,0.7,0.7,0.7,150,1050,0.7,0.55,1.25
3040,2021-04-27 09:47:00,0.7,0.7,0.7,0.7,150,1050,0.7,0.55,1.25
3041,2021-04-27 09:48:00,0.7,0.7,0.7,0.7,150,1050,0.7,0.55,1.25
3042,2021-04-27 09:49:00,0.7,0.7,0.7,0.7,150,1050,0.7,0.55,1.25
3043,2021-04-27 09:50:00,0.7,0.7,0.7,0.7,150,1050,0.7,0.55,1.25
3044,2021-04-27 09:51:00,0.7,0.7,0.7,0.7,150,1050,0.7,0.55,1.25
3045,2021-04-27 09:52:00,0.7,0.7,0.7,0.7,150,1050,0.7,0.55,1.25
3046,2021-04-27 09:53:00,0.7,0.7,0.7,0.7,150,1050,0.7,0.55,1.25
3047,2021-04-27 09:54:00,0.7,0.7,0.7,0.7,150,1050,0.7,0.55,1.25
3048,2021-04-27 09:55:00,0.7,0.7,0.7,0.7,150,1050,0.7,0.55,1.25
3049,2021-04-27 09:56:00,0.7,0.7,0.7,0.7,150,1050,0.7,0.55,1.25
3050,2021-04-27 09:57:00,0.7,0.7,0.7,0.7,150,1050,0.7,0.55,1.25
3051,2021-04-27 09:58:00,0.7,0.7,0.7,0.7,150,1050,0.7,0.55,1.25
3052,2021-04-27 09:59:00,0.7,0.7,0.7,0.7,150,1050,0.7,0.55,1.25
3053,2021-04-27 10:00:00,0.7,0.7,0.7,0.7,150,1050,0.7,0.55,1.25
3054,2021-04-27 10:01:00,0.7,0.7,0.7,0.7,150,1050,0.7,0.55,1.25
3055,2021-04-27 10:02:00,0.7,0.7,0.7,0.7,150,1050,0.7,0.55,1.25
3056,2021-04-27 10:03:00,0.7,0.7,0.7,0.7,150,1050,0.7,0.55,1.25
3057,2021-04-27 10:04:00,0.7,0.7,0.7,0.7,150,1050,0.7,0.55,1.25
3058,2021-04-27 10:05:00,0.7,0.7,0.7,0.7,150,1050,0.7,0.55,1.25
3059,2021-04-27 10:06:00,0.7,0.7,0.7,0.7,150,1050,0.7,0.55,1.25
3060,2021-04-27 10:07:00,0.7,0.7,0.7,0.7,150,1050,0.7,0.55,1.25
3061,2021-04-27 10:08:00,0.7,0.7,0.7,0.7,150,1050,0.7,0.55,1.25
3062,2021-04-27 10:09:00,0.7,0.7,0.7,0.7,150,1050,0.7,0.55,1.25
3063,2021-04-27 10:10:00,0.7,0.7,0.7,0.7,150,1050,0.7,0.55,1.25
3064,2021-04-27 10:11:00,0.7,0.7,0.7,0.7,150,1050,0.7,0.55,1.25
3065,2021-04-27 10:12:00,0.7,0.7,0.7,0.7,150,1050,0.7,0.55,1.25
3066,2021-04-27 10:13:00,0.7,0.7,0.7,0.7,150,1050,0.7,0.55,1.25
3067,2021-04-27 10:14:00,0.7,0.7,0.7,0.7,150,1050,0.7,0.55,1.25
3068,2021-04-27 10:15:00,0.7,0.7,0.7,0.7,150,1050,0.7,0.55,1.25
3069,2021-04-27 10:16:00,0.7,0.7,0.7,0.7,150,1050,0.7,0.55,1.25
3070,2021-04-27 10:17:00,0.7,0.7,0.7,0.7,150,1050,0.7,0.55,1.25
3071,2021-04-27 10:18:00,0.7,0.7,0.7,0.7,150,1050,0.7,0.55,1.25
3072,2021-04-27 10:19:00,0.7,0.7,0.7,0.7,150,1050,0.7,0.55,1.25
3073,2021-04-27 10:20:00,0.7,0.7,0.7,0.7,150,1050,0.7,0.55,1.25
3074,2021-04-27 10:21:00,0.7,0.7,0.7,0.7,150,1050,0.7,0.55,1.25
3075,2021-04-27 10:22:00,0.7,0.7,0.7,0.7,150,1050,0.7,0.55,1.25
3076,2021-04-27 10:23:00,0.7,0.7,0.7,0.7,150,1050,0.7,0.55,1.25
3077,2021-04-27 10:24:00,0.7,0.7,0.7,0.7,150,1050,0.7,0.55,1.25
3078,2021-04-27 10:25:00,0.7,0.7,0.7,0.7,150,1050,0.7,0.55,1.25
3079,2021-04-27 10:26:00,0.7,0.7,0.7,0.7,150,1050,0.7,0.55,1.25
3080,2021-04-27 10:27:00,0.7,0.7,0.7,0.7,150,1050,0.7,0.55,1.25
3081,2021-04-27 10:28:00,0.7,0.7,0.7,0.7,150,1050,0.7,0.55,1.25
3082,2021-04-27 10:29:00,0.7,0.7,0.7,0.7,150,1050,0.7,0.55,1.25
3083,2021-04-27 10:30:00,0.7,0.7,0.7,0.7,150,1050,0.7,0.55,1.25
3084,2021-04-27 10:31:00,0.7,0.7,0.7,0.7,150,1050,0.7,0.55,1.25
3085,2021-04-27 10:32:00,0.7,0.7,0.7,0.7,150,1050,0.7,0.55,1.25
3086,2021-04-27 10:33:00,0.7,0.7,0.7,0.7,150,1050,0.7,0.55,1.25
3087,2021-04-27 10:34:00,0.7,0.7,0.7,0.7,150,1050,0.7,0.55,1.25
3088,2021-04-27 10:35:00,0.7,0.7,0.7,0.7,150,1050,0.7,0.55,1.25
3089,2021-04-27 10:36:00,0.7,0.7,0.7,0.7,150,1050,0.7,0.55,1.25
3090,2021-04-27 10:37:00,0.7,0.7,0.7,0.7,150,1050,0.7,0.55,1.25
3091,2021-04-27 10:38:00,0.7,0.7,0.7,0.7,150,1050,0.7,0.55,1.25
3092,2021-04-27 10:39:00,0.7,0.7,0.7,0.7,150,1050,0.7,0.55,1.25
3093,2021-04-27 10:40:00,0.7,0.7,0.7,0.7,150,1050,0.7,0.55,1.25
3094,2021-04-27 10:41:00,0.7,0.7,0.7,0.7,150,1050,0.7,0.55,1.25
3095,2021-04-27 10:42:00,0.7,0.7,0.7,0.7,150,1050,0.7,0.55,1.25
3096,2021-04-27 10:43:00,0.7,0.7,0.7,0.7,150,1050,0.7,0.55,1.25
3097,2021-04-27 10:44:00,0.7,0.7,0.7,0.7,150,1050,0.7,0.55,1.25
3098,2021-04-27 10:45:00,0.7,0.7,0.7,0.7,150,1050,0.7,0.55,1.25
3099,2021-04-27 10:46:00,0.7,0.7,0.7,0.7,150,1050,0.7,0.55,1.25
3100,2021-04-27 10:47:00,0.7,0.7,0.7,0.7,150,1050,0.7,0.55,1.25
3101,2021-04-27 10:48:00,0.7,0.7,0.7,0.7,150,1050,0.7,0.55,1.25
3102,2021-04-27 10:49:00,0.7,0.7,0.7,0.7,150,1050,0.7,0.55,1.25
3103,2021-04-27 10:50:00,0.7,0.7,0.7,0.7,150,1050,0.7,0.55,1.25
3104,2021-04-27 10:51:00,0.7,0.7,0.7,0.7,150,1050,0.7,0.55,1.25
3105,2021-04-27 10:52:00,0.7,0.7,0.7,0.7,150,1050,0.7,0.55,1.25
3106,2021-04-27 10:53:00,0.7,0.7,0.7,0.7,150,1050,0.7,0.55,1.25
3107,2021-04-27 10:54:00,0.7,0.7,0.7,0.7,150,1050,0.7,0.55,1.25
3108,2021-04-27 10:55:00,0.7,0.7,0.7,0.7,150,1050,0.7,0.55,1.25
3109,2021-04-27 10:56:00,0.7,0.7,0.7,0.7,150,1050,0.7,0.55,1.25
3110,2021-04-27 10:57:00,0.7,0.7,0.7,0.7,150,1050,0.7,0.55,1.25
3111,2021-04-27 10:58:00,0.7,0.7,0.7,0.7,150,1050,0.7,0.55,1.25
3112,2021-04-27 10:59:00,0.7,0.7,0.7,0.7,150,1050,0.7,0.55,1.25
3113,2021-04-27 11:00:00,0.7,0.7,0.7,0.7,150,1050,0.7,0.55,1.25
3114,2021-04-27 11:01:00,0.7,0.7,0.7,0.7,150,1050,0.7,0.55,1.25
3115,2021-04-27 11:02:00,0.7,0.7,0.7,0.7,150,1050,0.7,0.55,1.25
3116,2021-04-27 11:03:00,0.7,0.7,0.7,0.7,150,1050,0.7,0.55,1.25
3117,2021-04-27 11:04:00,0.7,0.7,0.7,0.7,150,1050,0.7,0.55,1.25
3118,2021-04-27 11:05:00,0.7,0.7,0.7,0.7,150,1050,0.7,0.55,1.25
3119,2021-04-27 11:06:00,0.7,0.7,0.7,0.7,150,1050,0.7,0.55,1.25
3120,2021-04-27 11:07:00,0.7,0.7,0.7,0.7,150,1050,0.7,0.55,1.25
3121,2021-04-27 11:08:00,0.7,0.7,0.7,0.7,150,1050,0.7,0.55,1.25
3122,2021-04-27 11:09:00,0.7,0.7,0.7,0.7,150,1050,0.7,0.55,1.25
3123,2021-04-27 11:10:00,0.7,0.7,0.7,0.7,150,1050,0.7,0.55,1.25
3124,2021-04-27 11:11:00,0.7,0.7,0.7,0.7,150,1050,0.7,0.55,1.25
3125,2021-04-27 11:12:00,0.7,0.7,0.7,0.7,150,1050,0.7,0.55,1.25
3126,2021-04-27 11:13:00,0.7,0.7,0.7,0.7,150,1050,0.7,0.55,1.25
3127,2021-04-27 11:14:00,0.7,0.7,0.7,0.7,150,1050,0.7,0.55,1.25
3128,2021-04-27 11:15:00,0.7,0.7,0.7,0.7,150,1050,0.7,0.55,1.25
3129,2021-04-27 11:16:00,0.7,0.7,0.7,0.7,150,1050,0.7,0.55,1.25
3130,2021-04-27 11:17:00,0.7,0.7,0.7,0.7,150,1050,0.7,0.55,1.25
3131,2021-04-27 11:18:00,0.7,0.7,0.7,0.7,150,1050,0.7,0.55,1.25
3132,2021-04-27 11:19:00,0.7,0.7,0.7,0.7,150,1050,0.7,0.55,1.25
3133,2021-04-27 11:20:00,0.7,0.7,0.7,0.7,150,1050,0.7,0.55,1.25
3134,2021-04-27 11:21:00,0.7,0.7,0.7,0.7,150,1050,0.7,0.55,1.25
3135,2021-04-27 11:22:00,0.7,0.7,0.7,0.7,150,1050,0.7,0.55,1.25
3136,2021-04-27 11:23:00,0.7,0.7,0.7,0.7,150,1050,0.7,0.55,1.25
3137,2021-04-27 11:24:00,0.7,0.7,0.7,0.7,150,1050,0.7,0.55,1.25
3138,2021-04-27 11:25:00,0.7,0.7,0.7,0.7,150,1050,0.7,0.55,1.25
3139,2021-04-27 11:26:00,0.7,0.7,0.7,0.7,150,1050,0.7,0.55,1.25
3140,2021-04-27 11:27:00,0.7,0.7,0.7,0.7,150,1050,0.7,0.55,1.25
3141,2021-04-27 11:28:00,0.7,0.7,0.7,0.7,150,1050,0.7,0.55,1.25
3142,2021-04-27 11:29:00,0.7,0.7,0.7,0.7,150,1050,0.7,0.55,1.25
3143,2021-04-27 11:30:00,0.7,0.7,0.7,0.7,150,1050,0.7,0.55,1.25
3144,2021-04-27 11:31:00,0.7,0.7,0.7,0.7,150,1050,0.7,0.55,1.25
3145,2021-04-27 11:32:00,0.7,0.7,0.7,0.7,150,1050,0.7,0.55,1.25
3146,2021-04-27 11:33:00,0.7,0.7,0.7,0.7,150,1050,0.7,0.55,1.25
3147,2021-04-27 11:34:00,0.7,0.7,0.7,0.7,150,1050,0.7,0.55,1.25
3148,2021-04-27 11:35:00,0.7,0.7,0.7,0.7,150,1050,0.7,0.55,1.25
3149,2021-04-27 11:36:00,0.7,0.7,0.7,0.7,150,1050,0.7,0.55,1.25
3150,2021-04-27 11:37:00,0.7,0.7,0.7,0.7,150,1050,0.7,0.55,1.25
3151,2021-04-27 11:38:00,0.7,0.7,0.7,0.7,150,1050,0.7,0.55,1.25
3152,2021-04-27 11:39:00,0.7,0.7,0.7,0.7,150,1050,0.7,0.55,1.25
3153,2021-04-27 11:40:00,0.7,0.7,0.7,0.7,150,1050,0.7,0.55,1.25
3154,2021-04-27 11:41:00,0.7,0.7,0.7,0.7,150,1050,0.7,0.55,1.25
3155,2021-04-27 11:42:00,0.7,0.7,0.7,0.7,150,1050,0.7,0.55,1.25
3156,2021-04-27 11:43:00,0.7,0.7,0.7,0.7,150,1050,0.7,0.55,1.25
3157,2021-04-27 11:44:00,0.7,0.7,0.7,0.7,150,1050,0.7,0.55,1.25
3158,2021-04-27 11:45:00,0.7,0.7,0.7,0.7,150,1050,0.7,0.55,1.25
3159,2021-04-27 11:46:00,0.7,0.7,0.7,0.7,150,1050,0.7,0.55,1.25
3160,2021-04-27 11:47:00,0.7,0.7,0.7,0.7,150,1050,0.7,0.55,1.25
3161,2021-04-27 11:48:00,0.7,0.7,0.7,0.7,150,1050,0.7,0.55,1.25
3162,2021-04-27 11:49:00,0.7,0.7,0.7,0.7,150,1050,0.7,0.55,1.25
3163,2021-04-27 11:50:00,0.7,0.7,0.7,0.7,150,1050,0.7,0.55,1.25
3164,2021-04-27 11:51:00,0.7,0.7,0.7,0.7,150,1050,0.7,0.55,1.25
3165,2021-04-27 11:52:00,0.7,0.7,0.7,0.7,150,1050,0.7,0.55,1.25
3166,2021-04-27 11:53:00,0.7,0.7,0.7,0.7,150,1050,0.7,0.55,1.25
3167,2021-04-27 11:54:00,0.7,0.7,0.7,0.7,150,1050,0.7,0.55,1.25
3168,2021-04-27 11:55:00,0.7,0.7,0.7,0.7,150,1050,0.7,0.55,1.25
3169,2021-04-27 11:56:00,0.7,0.7,0.7,0.7,150,1050,0.7,0.55,1.25
3170,2021-04-27 11:57:00,0.7,0.7,0.7,0.7,150,1050,0.7,0.55,1.25
3171,2021-04-27 11:58:00,0.7,0.7,0.7,0.7,150,1050,0.7,0.55,1.25
3172,2021-04-27 11:59:00,0.7,0.7,0.7,0.7,150,1050,0.7,0.55,1.25
3173,2021-04-27 12:00:00,0.7,0.7,0.7,0.7,150,1050,0.7,0.55,1.25
3174,2021-04-27 12:01:00,0.7,0.7,0.7,0.7,150,1050,0.7,0.55,1.25
3175,2021-04-27 12:02:00,0.7,0.7,0.7,0.7,150,1050,0.7,0.55,1.25
3176,2021-04-27 12:03:00,0.7,0.7,0.7,0.7,150,1050,0.7,0.55,1.25
3177,2021-04-27 12:04:00,0.7,0.7,0.7,0.7,150,1050,0.7,0.55,1.25
3178,2021-04-27 12:05:00,0.7,0.7,0.7,0.7,150,1050,0.7,0.55,1.25
3179,2021-04-27 12:06:00,0.7,0.7,0.7,0.7,150,1050,0.7,0.55,1.25
3180,2021-04-27 12:07:00,0.7,0.7,0.7,0.7,150,1050,0.7,0.55,1.25
3181,2021-04-27 12:08:00,0.7,0.7,0.7,0.7,150,1050,0.7,0.55,1.25
3182,2021-04-27 12:09:00,0.7,0.7,0.7,0.7,150,1050,0.7,0.55,1.25
3183,2021-04-27 12:10:00,0.7,0.7,0.7,0.7,150,1050,0.7,0.55,1.25
3184,2021-04-27 12:11:00,0.7,0.7,0.7,0.7,150,1050,0.7,0.55,1.25
3185,2021-04-27 12:12:00,0.7,0.7,0.7,0.7,150,1050,0.7,0.55,1.25
3186,2021-04-27 12:13:00,0.7,0.7,0.7,0.7,150,1050,0.7,0.55,1.25
3187,2021-04-27 12:14:00,0.7,0.7,0.7,0.7,150,1050,0.7,0.55,1.25
3188,2021-04-27 12:15:00,0.7,0.7,0.7,0.7,150,1050,0.7,0.55,1.25
3189,2021-04-27 12:16:00,0.7,0.7,0.7,0.7,150,1050,0.7,0.55,1.25
3190,2021-04-27 12:17:00,0.7,0.7,0.7,0.7,150,1050,0.7,0.55,1.25
3191,2021-04-27 12:18:00,0.7,0.7,0.7,0.7,150,1050,0.7,0.55,1.25
3192,2021-04-27 12:19:00,0.7,0.7,0.7,0.7,150,1050,0.7,0.55,1.25
3193,2021-04-27 12:20:00,0.7,0.7,0.7,0.7,150,1050,0.7,0.55,1.25
3194,2021-04-27 12:21:00,0.7,0.7,0.7,0.7,150,1050,0.7,0.55,1.25
3195,2021-04-27 12:22:00,0.7,0.7,0.7,0.7,150,1050,0.7,0.55,1.25
3196,2021-04-27 12:23:00,0.7,0.7,0.7,0.7,150,1050,0.7,0.55,1.25
3197,2021-04-27 12:24:00,0.7,0.7,0.7,0.7,150,1050,0.7,0.55,1.25
3198,2021-04-27 12:25:00,0.7,0.7,0.7,0.7,150,1050,0.7,0.55,1.25
3199,2021-04-27 12:26:00,0.7,0.7,0.7,0.7,150,1050,0.7,0.55,1.25
3200,2021-04-27 12:27:00,0.7,0.7,0.7,0.7,150,1050,0.7,0.55,1.25
3201,2021-04-27 12:28:00,0.7,0.7,0.7,0.7,150,1050,0.7,0.55,1.25
3202,2021-04-27 12:29:00,0.7,0.7,0.7,0.7,150,1050,0.7,0.55,1.25
3203,2021-04-27 12:30:00,0.7,0.7,0.7,0.7,150,1050,0.7,0.55,1.25
3204,2021-04-27 12:31:00,0.7,0.7,0.7,0.7,150,1050,0.7,0.55,1.25
3205,2021-04-27 12:32:00,0.7,0.7,0.7,0.7,150,1050,0.7,0.55,1.25
3206,2021-04-27 12:33:00,0.7,0.7,0.7,0.7,150,1050,0.7,0.55,1.25
3207,2021-04-27 12:34:00,0.7,0.7,0.7,0.7,150,1050,0.7,0.55,1.25
3208,2021-04-27 12:35:00,0.7,0.7,0.7,0.7,150,1050,0.7,0.55,1.25
3209,2021-04-27 12:36:00,0.7,0.7,0.7,0.7,150,1050,0.7,0.55,1.25
3210,2021-04-27 12:37:00,0.7,0.7,0.7,0.7,150,1050,0.7,0.55,1.25
3211,2021-04-27 12:38:00,0.7,0.7,0.7,0.7,150,1050,0.7,0.55,1.25
3212,2021-04-27 12:39:00,0.7,0.7,0.7,0.7,150,1050,0.7,0.55,1.25
3213,2021-04-27 12:40:00,0.7,0.7,0.7,0.7,150,1050,0.7,0.55,1.25
3214,2021-04-27 12:41:00,0.7,0.7,0.7,0.7,150,1050,0.7,0.55,1.25
3215,2021-04-27 12:42:00,0.7,0.7,0.7,0.7,150,1050,0.7,0.55,1.25
3216,2021-04-27 12:43:00,0.7,0.7,0.7,0.7,150,1050,0.7,0.55,1.25
3217,2021-04-27 12:44:00,0.7,0.7,0.7,0.7,150,1050,0.7,0.55,1.25
3218,2021-04-27 12:45:00,0.7,0.7,0.7,0.7,150,1050,0.7,0.55,1.25
3219,2021-04-27 12:46:00,0.7,0.7,0.7,0.7,150,1050,0.7,0.55,1.25
3220,2021-04-27 12:47:00,0.7,0.7,0.7,0.7,150,1050,0.7,0.55,1.25
3221,2021-04-27 12:48:00,0.7,0.7,0.7,0.7,150,1050,0.7,0.55,1.25
3222,2021-04-27 12:49:00,0.7,0.7,0.7,0.7,150,1050,0.7,0.55,1.25
3223,2021-04-27 12:50:00,0.7,0.7,0.7,0.7,150,1050,0.7,0.55,1.25
3224,2021-04-27 12:51:00,0.7,0.7,0.7,0.7,150,1050,0.7,0.55,1.25
3225,2021-04-27 12:52:00,0.7,0.7,0.7,0.7,150,1050,0.7,0.55,1.25
3226,2021-04-27 12:53:00,0.7,0.7,0.7,0.7,150,1050,0.7,0.55,1.25
3227,2021-04-27 12:54:00,0.7,0.7,0.7,0.7,150,1050,0.7,0.55,1.25
3228,2021-04-27 12:55:00,0.7,0.7,0.7,0.7,150,1050,0.7,0.55,1.25
3229,2021-04-27 12:56:00,0.7,0.7,0.7,0.7,150,1050,0.7,0.55,1.25
3230,2021-04-27 12:57:00,0.7,0.7,0.7,0.7,150,1050,0.7,0.55,1.25
3231,2021-04-27 12:58:00,0.7,0.7,0.7,0.7,150,1050,0.7,0.55,1.25
3232,2021-04-27 12:59:00,0.7,0.7,0.7,0.7,150,1050,0.7,0.55,1.25
3233,2021-04-27 13:00:00,0.7,0.7,0.7,0.7,150,1050,0.7,0.55,1.25
3234,2021-04-27 13:01:00,0.7,0.7,0.7,0.7,150,1050,0.7,0.55,1.25
3235,2021-04-27 13:02:00,0.7,0.7,0.7,0.7,150,1050,0.7,0.55,1.25
3236,2021-04-27 13:03:00,0.7,0.7,0.7,0.7,150,1050,0.7,0.55,1.25
3237,2021-04-27 13:04:00,0.7,0.7,0.7,0.7,150,1050,0.7,0.55,1.25
3238,2021-04-27 13:05:00,0.7,0.7,0.7,0.7,150,1050,0.7,0.55,1.25
3239,2021-04-27 13:06:00,0.7,0.7,0.7,0.7,150,1050,0.7,0.55,1.25
3240,2021-04-27 13:07:00,0.7,0.7,0.7,0.7,150,1050,0.7,0.55,1.25
3241,2021-04-27 13:08:00,0.7,0.7,0.7,0.7,150,1050,0.7,0.55,1.25
3242,2021-04-27 13:09:00,0.7,0.7,0.7,0.7,150,1050,0.7,0.55,1.25
3243,2021-04-27 13:10:00,0.7,0.7,0.7,0.7,150,1050,0.7,0.55,1.25
3244,2021-04-27 13:11:00,0.7,0.7,0.7,0.7,150,1050,0.7,0.55,1.25
3245,2021-04-27 13:12:00,0.7,0.7,0.7,0.7,150,1050,0.7,0.55,1.25
3246,2021-04-27 13:13:00,0.7,0.7,0.7,0.7,150,1050,0.7,0.55,1.25
3247,2021-04-27 13:14:00,0.7,0.7,0.7,0.7,150,1050,0.7,0.55,1.25
3248,2021-04-27 13:15:00,0.7,0.7,0.7,0.7,150,1050,0.7,0.55,1.25
3249,2021-04-27 13:16:00,0.7,0.7,0.7,0.7,150,1050,0.7,0.55,1.25
3250,2021-04-27 13:17:00,0.7,0.7,0.7,0.7,150,1050,0.7,0.55,1.25
3251,2021-04-27 13:18:00,0.7,0.7,0.7,0.7,150,1050,0.7,0.55,1.25
3252,2021-04-27 13:19:00,0.7,0.7,0.7,0.7,150,1050,0.7,0.55,1.25
3253,2021-04-27 13:20:00,0.7,0.7,0.7,0.7,150,1050,0.7,0.55,1.25
3254,2021-04-27 13:21:00,0.7,0.7,0.7,0.7,150,1050,0.7,0.55,1.25
3255,2021-04-27 13:22:00,0.7,0.7,0.7,0.7,150,1050,0.7,0.55,1.25
3256,2021-04-27 13:23:00,0.7,0.7,0.7,0.7,150,1050,0.7,0.55,1.25
3257,2021-04-27 13:24:00,0.7,0.7,0.7,0.7,150,1050,0.7,0.55,1.25
3258,2021-04-27 13:25:00,0.7,0.7,0.7,0.7,150,1050,0.7,0.55,1.25
3259,2021-04-27 13:26:00,0.7,0.7,0.7,0.7,150,1050,0.7,0.55,1.25
3260,2021-04-27 13:27:00,0.7,0.7,0.7,0.7,150,1050,0.7,0.55,1.25
3261,2021-04-27 13:28:00,0.7,0.7,0.7,0.7,150,1050,0.7,0.55,1.25
3262,2021-04-27 13:29:00,0.7,0.7,0.7,0.7,150,1050,0.7,0.55,1.25
3263,2021-04-27 13:30:00,0.7,0.7,0.7,0.7,150,1050,0.7,0.55,1.25
3264,2021-04-27 13:31:00,0.7,0.7,0.7,0.7,150,1050,0.7,0.55,1.25
3265,2021-04-27 13:32:00,0.7,0.7,0.7,0.7,150,1050,0.7,0.55,1.25
3266,2021-04-27 13:33:00,0.7,0.7,0.7,0.7,150,1050,0.7,0.55,1.25
3267,2021-04-27 13:34:00,0.7,0.7,0.7,0.7,150,1050,0.7,0.55,1.25
3268,2021-04-27 13:35:00,0.7,0.7,0.7,0.7,150,1050,0.7,0.55,1.25
3269,2021-04-27 13:36:00,0.7,0.7,0.7,0.7,150,1050,0.7,0.55,1.25
3270,2021-04-27 13:37:00,0.7,0.7,0.7,0.7,150,1050,0.7,0.55,1.25
3271,2021-04-27 13:38:00,0.7,0.7,0.7,0.7,150,1050,0.7,0.55,1.25
3272,2021-04-27 13:39:00,0.7,0.7,0.7,0.7,150,1050,0.7,0.55,1.25
3273,2021-04-27 13:40:00,0.7,0.7,0.7,0.7,150,1050,0.7,0.55,1.25
3274,2021-04-27 13:41:00,0.7,0.7,0.7,0.7,150,1050,0.7,0.55,1.25
3275,2021-04-27 13:42:00,0.7,0.7,0.7,0.7,150,1050,0.7,0.55,1.25
3276,2021-04-27 13:43:00,0.7,0.7,0.7,0.7,150,1050,0.7,0.55,1.25
3277,2021-04-27 13:44:00,0.7,0.7,0.7,0.7,150,1050,0.7,0.55,1.25
3278,2021-04-27 13:45:00,0.7,0.7,0.7,0.7,150,1050,0.7,0.55,1.25
3279,2021-04-27 13:46:00,0.7,0.7,0.7,0.7,150,1050,0.7,0.55,1.25
3280,2021-04-27 13:47:00,0.7,0.7,0.7,0.7,150,1050,0.7,0.55,1.25
3281,2021-04-27 13:48:00,0.7,0.7,0.7,0.7,150,1050,0.7,0.55,1.25
3282,2021-04-27 13:49:00,0.7,0.7,0.7,0.7,150,1050,0.7,0.55,1.25
3283,2021-04-27 13:50:00,0.7,0.7,0.7,0.7,150,1050,0.7,0.55,1.25
3284,2021-04-27 13:51:00,0.7,0.7,0.7,0.7,150,1050,0.7,0.55,1.25
3285,2021-04-27 13:52:00,0.7,0.7,0.7,0.7,150,1050,0.7,0.55,1.25
3286,2021-04-27 13:53:00,0.7,0.7,0.7,0.7,150,1050,0.7,0.55,1.25
3287,2021-04-27 13:54:00,0.7,0.7,0.7,0.7,150,1050,0.7,0.55,1.25
3288,2021-04-27 13:55:00,0.7,0.7,0.7,0.7,150,1050,0.7,0.55,1.25
3289,2021-04-27 13:56:00,0.7,0.7,0.7,0.7,150,1050,0.7,0.55,1.25
3290,2021-04-27 13:57:00,0.7,0.7,0.7,0.7,150,1050,0.7,0.55,1.25
3291,2021-04-27 13:58:00,0.7,0.7,0.7,0.7,150,1050,0.7,0.55,1.25
3292,2021-04-27 13:59:00,0.7,0.7,0.7,0.7,150,1050,0.7,0.55,1.25
3293,2021-04-27 14:00:00,0.7,0.7,0.7,0.7,150,1050,0.7,0.55,1.25
3294,2021-04-27 14:01:00,0.7,0.7,0.7,0.7,150,1050,0.7,0.55,1.25
3295,2021-04-27 14:02:00,0.7,0.7,0.7,0.7,150,1050,0.7,0.55,1.25
3296,2021-04-27 14:03:00,0.7,0.7,0.7,0.7,150,1050,0.7,0.55,1.25
3297,2021-04-27 14:04:00,0.7,0.7,0.7,0.7,150,1050,0.7,0.55,1.25
3298,2021-04-27 14:05:00,0.7,0.7,0.7,0.7,150,1050,0.7,0.55,1.25
3299,2021-04-27 14:06:00,0.7,0.7,0.7,0.7,150,1050,0.7,0.55,1.25
3300,2021-04-27 14:07:00,0.7,0.7,0.7,0.7,150,1050,0.7,0.55,1.25
3301,2021-04-27 14:08:00,0.7,0.7,0.7,0.7,150,1050,0.7,0.55,1.25
3302,2021-04-27 14:09:00,0.95,0.95,0.95,0.95,75,1200,0.95,0.4,0.95
3303,2021-04-27 14:10:00,0.95,0.95,0.95,0.95,75,1200,0.95,0.4,0.95
3304,2021-04-27 14:11:00,0.95,0.95,0.95,0.95,75,1200,0.95,0.4,0.95
3305,2021-04-27 14:12:00,0.95,0.95,0.95,0.95,75,1200,0.95,0.4,0.95
3306,2021-04-27 14:13:00,0.95,0.95,0.95,0.95,75,1200,0.95,0.4,0.95
3307,2021-04-27 14:14:00,0.95,0.95,0.95,0.95,75,1200,0.95,0.4,0.95
3308,2021-04-27 14:15:00,0.95,0.95,0.95,0.95,75,1200,0.95,0.4,0.95
3309,2021-04-27 14:16:00,0.95,0.95,0.95,0.95,75,1200,0.95,0.4,0.95
3310,2021-04-27 14:17:00,0.95,0.95,0.95,0.95,75,1200,0.95,0.4,0.95
3311,2021-04-27 14:18:00,0.95,0.95,0.95,0.95,75,1200,0.95,0.4,0.95
3312,2021-04-27 14:19:00,0.95,0.95,0.95,0.95,75,1200,0.95,0.4,0.95
3313,2021-04-27 14:20:00,0.95,0.95,0.95,0.95,75,1200,0.95,0.4,0.95
3314,2021-04-27 14:21:00,0.95,0.95,0.95,0.95,75,1200,0.95,0.4,0.95
3315,2021-04-27 14:22:00,0.95,0.95,0.95,0.95,75,1200,0.95,0.4,0.95
3316,2021-04-27 14:23:00,0.95,0.95,0.95,0.95,75,1200,0.95,0.4,0.95
3317,2021-04-27 14:24:00,0.95,0.95,0.95,0.95,75,1200,0.95,0.4,0.95
3318,2021-04-27 14:25:00,0.95,0.95,0.95,0.95,75,1200,0.95,0.4,0.95
3319,2021-04-27 14:26:00,0.95,0.95,0.95,0.95,75,1200,0.95,0.4,0.95
3320,2021-04-27 14:27:00,0.95,0.95,0.95,0.95,75,1200,0.95,0.4,0.95
3321,2021-04-27 14:28:00,0.95,0.95,0.95,0.95,75,1200,0.95,0.4,0.95
3322,2021-04-27 14:29:00,0.95,0.95,0.95,0.95,75,1200,0.95,0.4,0.95
3323,2021-04-27 14:30:00,0.95,0.95,0.95,0.95,75,1200,0.95,0.4,0.95
3324,2021-04-27 14:31:00,0.95,0.95,0.95,0.95,75,1200,0.95,0.4,0.95
3325,2021-04-27 14:32:00,0.95,0.95,0.95,0.95,75,1200,0.95,0.4,0.95
3326,2021-04-27 14:33:00,0.95,0.95,0.95,0.95,75,1200,0.95,0.4,0.95
3327,2021-04-27 14:34:00,0.95,0.95,0.95,0.95,75,1200,0.95,0.4,0.95
3328,2021-04-27 14:35:00,0.95,0.95,0.95,0.95,75,1200,0.95,0.4,0.95
3329,2021-04-27 14:36:00,0.95,0.95,0.95,0.95,75,1200,0.95,0.4,0.95
3330,2021-04-27 14:37:00,0.95,0.95,0.95,0.95,75,1200,0.95,0.4,0.95
3331,2021-04-27 14:38:00,0.95,0.95,0.95,0.95,75,1200,0.95,0.4,0.95
3332,2021-04-27 14:39:00,0.95,0.95,0.95,0.95,75,1200,0.95,0.4,0.95
3333,2021-04-27 14:40:00,0.95,0.95,0.95,0.95,75,1200,0.95,0.4,0.95
3334,2021-04-27 14:41:00,0.95,0.95,0.95,0.95,75,1200,0.95,0.4,0.95
3335,2021-04-27 14:42:00,0.95,0.95,0.95,0.95,75,1200,0.95,0.4,0.95
3336,2021-04-27 14:43:00,0.95,0.95,0.95,0.95,75,1200,0.95,0.4,0.95
3337,2021-04-27 14:44:00,0.95,0.95,0.95,0.95,75,1200,0.95,0.4,0.95
3338,2021-04-27 14:45:00,0.95,0.95,0.95,0.95,75,1200,0.95,0.4,0.95
3339,2021-04-27 14:46:00,0.95,0.95,0.95,0.95,75,1200,0.95,0.4,0.95
3340,2021-04-27 14:47:00,0.95,0.95,0.95,0.95,75,1200,0.95,0.4,0.95
3341,2021-04-27 14:48:00,0.95,0.95,0.95,0.95,75,1200,0.95,0.4,0.95
3342,2021-04-27 14:49:00,0.95,0.95,0.95,0.95,75,1200,0.95,0.4,0.95
3343,2021-04-27 14:50:00,0.95,0.95,0.95,0.95,75,1200,0.95,0.4,0.95
3344,2021-04-27 14:51:00,0.95,0.95,0.95,0.95,75,1200,0.95,0.4,0.95
3345,2021-04-27 14:52:00,0.95,0.95,0.95,0.95,75,1200,0.95,0.4,0.95
3346,2021-04-27 14:53:00,0.95,0.95,0.95,0.95,75,1200,0.95,0.4,0.95
3347,2021-04-27 14:54:00,0.95,0.95,0.95,0.95,75,1200,0.95,0.4,0.95
3348,2021-04-27 14:55:00,0.95,0.95,0.95,0.95,75,1200,0.95,0.4,0.95
3349,2021-04-27 14:56:00,0.95,0.95,0.95,0.95,75,1200,0.95,0.4,0.95
3350,2021-04-27 14:57:00,0.95,0.95,0.95,0.95,75,1200,0.95,0.4,0.95
3351,2021-04-27 14:58:00,0.95,0.95,0.95,0.95,75,1200,0.95,0.4,0.95
3352,2021-04-27 14:59:00,0.95,0.95,0.95,0.95,75,1200,0.95,0.4,0.95
3353,2021-04-27 15:00:00,0.95,0.95,0.95,0.95,75,1200,0.95,0.4,0.95
3354,2021-04-27 15:01:00,0.6,0.6,0.6,0.6,1500,1275,0.61,0.6,0.9
3355,2021-04-27 15:02:00,0.7,0.7,0.7,0.7,1650,1275,0.65,0.4,0.95
3356,2021-04-27 15:03:00,0.7,0.7,0.7,0.7,1650,1275,0.65,0.4,0.95
3357,2021-04-27 15:04:00,0.7,0.7,0.7,0.7,1650,1275,0.65,0.4,0.95
3358,2021-04-27 15:05:00,0.7,0.7,0.7,0.7,1650,1275,0.65,0.4,0.95
3359,2021-04-27 15:06:00,0.7,0.7,0.7,0.7,1650,1275,0.65,0.4,0.95
3360,2021-04-27 15:07:00,0.7,0.7,0.7,0.7,1650,1275,0.65,0.4,0.95
3361,2021-04-27 15:08:00,0.7,0.7,0.7,0.7,1650,1275,0.65,0.4,0.95
3362,2021-04-27 15:09:00,0.7,0.7,0.7,0.7,1650,1275,0.65,0.4,0.95
3363,2021-04-27 15:10:00,0.7,0.7,0.7,0.7,1650,1275,0.65,0.4,0.95
3364,2021-04-27 15:11:00,0.7,0.7,0.7,0.7,1650,1275,0.65,0.4,0.95
3365,2021-04-27 15:12:00,0.7,0.7,0.7,0.7,1650,1275,0.65,0.4,0.95
3366,2021-04-27 15:13:00,0.7,0.7,0.7,0.7,1650,1275,0.65,0.4,0.95
3367,2021-04-27 15:14:00,0.7,0.7,0.7,0.7,1650,1275,0.65,0.4,0.95
3368,2021-04-27 15:15:00,0.7,0.7,0.7,0.7,1650,1275,0.65,0.4,0.95
3369,2021-04-27 15:16:00,0.7,0.7,0.7,0.7,1650,1275,0.65,0.4,0.95
3370,2021-04-27 15:17:00,0.7,0.7,0.7,0.7,1650,1275,0.65,0.4,0.95
3371,2021-04-27 15:18:00,0.7,0.7,0.7,0.7,1650,1275,0.65,0.4,0.95
3372,2021-04-27 15:19:00,0.7,0.7,0.7,0.7,1650,1275,0.65,0.4,0.95
3373,2021-04-27 15:20:00,0.7,0.7,0.7,0.7,1650,1275,0.65,0.4,0.95
3374,2021-04-27 15:21:00,0.7,0.7,0.7,0.7,1650,1275,0.65,0.4,0.95
3375,2021-04-27 15:22:00,0.7,0.7,0.7,0.7,1650,1275,0.65,0.4,0.95
3376,2021-04-27 15:23:00,0.7,0.7,0.7,0.7,1650,1275,0.65,0.4,0.95
3377,2021-04-27 15:24:00,0.7,0.7,0.7,0.7,1650,1275,0.65,0.4,0.95
3378,2021-04-27 15:25:00,0.7,0.7,0.7,0.7,1650,1275,0.65,0.4,0.95
3379,2021-04-27 15:26:00,0.7,0.7,0.7,0.7,1650,1275,0.65,0.4,0.95
3380,2021-04-27 15:27:00,0.7,0.7,0.7,0.7,1650,1275,0.65,0.4,0.95
3381,2021-04-27 15:28:00,0.7,0.7,0.7,0.7,1650,1275,0.65,0.4,0.95
3382,2021-04-27 15:29:00,0.7,0.7,0.7,0.7,1650,1275,0.65,0.4,0.95
3383,2021-04-27 15:30:00,0.7,0.7,0.7,0.7,1650,1275,0.65,0.4,0.95
3384,2021-04-28 09:15:00,0.7,0.7,0.7,0.7,1650,1275,0.65,0.4,0.95
3385,2021-04-28 09:16:00,0.7,0.7,0.7,0.7,1650,1275,0.65,0.4,0.95
3386,2021-04-28 09:17:00,0.7,0.7,0.7,0.7,1650,1275,0.65,0.4,0.95
3387,2021-04-28 09:18:00,0.7,0.7,0.7,0.7,1650,1275,0.65,0.4,0.95
3388,2021-04-28 09:19:00,0.7,0.7,0.7,0.7,1650,1275,0.65,0.4,0.95
3389,2021-04-28 09:20:00,0.7,0.7,0.7,0.7,1650,1275,0.65,0.4,0.95
3390,2021-04-28 09:21:00,0.7,0.7,0.7,0.7,1650,1275,0.65,0.4,0.95
3391,2021-04-28 09:22:00,0.7,0.7,0.7,0.7,1650,1275,0.65,0.4,0.95
3392,2021-04-28 09:23:00,0.7,0.7,0.7,0.7,1650,1275,0.65,0.4,0.95
3393,2021-04-28 09:24:00,0.7,0.7,0.7,0.7,1650,1275,0.65,0.4,0.95
3394,2021-04-28 09:25:00,0.7,0.7,0.7,0.7,1650,1275,0.65,0.4,0.95
3395,2021-04-28 09:26:00,0.7,0.7,0.7,0.7,1650,1275,0.65,0.4,0.95
3396,2021-04-28 09:27:00,0.7,0.7,0.7,0.7,1650,1275,0.65,0.4,0.95
3397,2021-04-28 09:28:00,0.7,0.7,0.7,0.7,1650,1275,0.65,0.4,0.95
3398,2021-04-28 09:29:00,0.7,0.7,0.7,0.7,1650,1275,0.65,0.4,0.95
3399,2021-04-28 09:30:00,0.7,0.7,0.7,0.7,1650,1275,0.65,0.4,0.95
3400,2021-04-28 09:31:00,0.7,0.7,0.7,0.7,1650,1275,0.65,0.4,0.95
3401,2021-04-28 09:32:00,0.7,0.7,0.7,0.7,1650,1275,0.65,0.4,0.95
3402,2021-04-28 09:33:00,0.7,0.7,0.7,0.7,1650,1275,0.65,0.4,0.95
3403,2021-04-28 09:34:00,0.7,0.7,0.7,0.7,1650,1275,0.65,0.4,0.95
3404,2021-04-28 09:35:00,0.7,0.7,0.7,0.7,1650,1275,0.65,0.4,0.95
3405,2021-04-28 09:36:00,0.7,0.7,0.7,0.7,1650,1275,0.65,0.4,0.95
3406,2021-04-28 09:37:00,0.7,0.7,0.7,0.7,1650,1275,0.65,0.4,0.95
3407,2021-04-28 09:38:00,0.7,0.7,0.7,0.7,1650,1275,0.65,0.4,0.95
3408,2021-04-28 09:39:00,0.7,0.7,0.7,0.7,1650,1275,0.65,0.4,0.95
3409,2021-04-28 09:40:00,0.7,0.7,0.7,0.7,1650,1275,0.65,0.4,0.95
3410,2021-04-28 09:41:00,0.7,0.7,0.7,0.7,1650,1275,0.65,0.4,0.95
3411,2021-04-28 09:42:00,0.7,0.7,0.7,0.7,1650,1275,0.65,0.4,0.95
3412,2021-04-28 09:43:00,0.7,0.7,0.7,0.7,1650,1275,0.65,0.4,0.95
3413,2021-04-28 09:44:00,0.7,0.7,0.7,0.7,1650,1275,0.65,0.4,0.95
3414,2021-04-28 09:45:00,0.7,0.7,0.7,0.7,1650,1275,0.65,0.4,0.95
3415,2021-04-28 09:46:00,0.7,0.7,0.7,0.7,1650,1275,0.65,0.4,0.95
3416,2021-04-28 09:47:00,0.7,0.7,0.7,0.7,1650,1275,0.65,0.4,0.95
3417,2021-04-28 09:48:00,0.7,0.7,0.7,0.7,1650,1275,0.65,0.4,0.95
3418,2021-04-28 09:49:00,0.7,0.7,0.7,0.7,1650,1275,0.65,0.4,0.95
3419,2021-04-28 09:50:00,0.7,0.7,0.7,0.7,1650,1275,0.65,0.4,0.95
3420,2021-04-28 09:51:00,0.7,0.7,0.7,0.7,1650,1275,0.65,0.4,0.95
3421,2021-04-28 09:52:00,0.7,0.7,0.7,0.7,1650,1275,0.65,0.4,0.95
3422,2021-04-28 09:53:00,0.7,0.7,0.7,0.7,1650,1275,0.65,0.4,0.95
3423,2021-04-28 09:54:00,0.7,0.7,0.7,0.7,1650,1275,0.65,0.4,0.95
3424,2021-04-28 09:55:00,0.7,0.7,0.7,0.7,1650,1275,0.65,0.4,0.95
3425,2021-04-28 09:56:00,0.7,0.7,0.7,0.7,1650,1275,0.65,0.4,0.95
3426,2021-04-28 09:57:00,0.7,0.7,0.7,0.7,1650,1275,0.65,0.4,0.95
3427,2021-04-28 09:58:00,0.7,0.7,0.7,0.7,1650,1275,0.65,0.4,0.95
3428,2021-04-28 09:59:00,0.7,0.7,0.7,0.7,1650,1275,0.65,0.4,0.95
3429,2021-04-28 10:00:00,0.7,0.7,0.7,0.7,1650,1275,0.65,0.4,0.95
3430,2021-04-28 10:01:00,0.7,0.7,0.7,0.7,1650,1275,0.65,0.4,0.95
3431,2021-04-28 10:02:00,0.7,0.7,0.7,0.7,1650,1275,0.65,0.4,0.95
3432,2021-04-28 10:03:00,0.7,0.7,0.7,0.7,1650,1275,0.65,0.4,0.95
3433,2021-04-28 10:04:00,0.7,0.7,0.7,0.7,1650,1275,0.65,0.4,0.95
3434,2021-04-28 10:05:00,0.7,0.7,0.7,0.7,1650,1275,0.65,0.4,0.95
3435,2021-04-28 10:06:00,0.7,0.7,0.7,0.7,1650,1275,0.65,0.4,0.95
3436,2021-04-28 10:07:00,0.7,0.7,0.7,0.7,1650,1275,0.65,0.4,0.95
3437,2021-04-28 10:08:00,0.7,0.7,0.7,0.7,1650,1275,0.65,0.4,0.95
3438,2021-04-28 10:09:00,0.7,0.7,0.7,0.7,1650,1275,0.65,0.4,0.95
3439,2021-04-28 10:10:00,0.7,0.7,0.7,0.7,1650,1275,0.65,0.4,0.95
3440,2021-04-28 10:11:00,0.7,0.7,0.7,0.7,1650,1275,0.65,0.4,0.95
3441,2021-04-28 10:12:00,0.7,0.7,0.7,0.7,1650,1275,0.65,0.4,0.95
3442,2021-04-28 10:13:00,0.7,0.7,0.7,0.7,1650,1275,0.65,0.4,0.95
3443,2021-04-28 10:14:00,0.7,0.7,0.7,0.7,1650,1275,0.65,0.4,0.95
3444,2021-04-28 10:15:00,0.7,0.7,0.7,0.7,1650,1275,0.65,0.4,0.95
3445,2021-04-28 10:16:00,0.7,0.7,0.7,0.7,1650,1275,0.65,0.4,0.95
3446,2021-04-28 10:17:00,0.7,0.7,0.7,0.7,1650,1275,0.65,0.4,0.95
3447,2021-04-28 10:18:00,0.7,0.7,0.7,0.7,1650,1275,0.65,0.4,0.95
3448,2021-04-28 10:19:00,0.7,0.7,0.7,0.7,1650,1275,0.65,0.4,0.95
3449,2021-04-28 10:20:00,0.7,0.7,0.7,0.7,1650,1275,0.65,0.4,0.95
3450,2021-04-28 10:21:00,0.7,0.7,0.7,0.7,1650,1275,0.65,0.4,0.95
3451,2021-04-28 10:22:00,0.7,0.7,0.7,0.7,1650,1275,0.65,0.4,0.95
3452,2021-04-28 10:23:00,0.7,0.7,0.7,0.7,1650,1275,0.65,0.4,0.95
3453,2021-04-28 10:24:00,0.7,0.7,0.7,0.7,1650,1275,0.65,0.4,0.95
3454,2021-04-28 10:25:00,0.7,0.7,0.7,0.7,1650,1275,0.65,0.4,0.95
3455,2021-04-28 10:26:00,0.7,0.7,0.7,0.7,1650,1275,0.65,0.4,0.95
3456,2021-04-28 10:27:00,0.7,0.7,0.7,0.7,1650,1275,0.65,0.4,0.95
3457,2021-04-28 10:28:00,0.7,0.7,0.7,0.7,1650,1275,0.65,0.4,0.95
3458,2021-04-28 10:29:00,0.7,0.7,0.7,0.7,1650,1275,0.65,0.4,0.95
3459,2021-04-28 10:30:00,0.7,0.7,0.7,0.7,1650,1275,0.65,0.4,0.95
3460,2021-04-28 10:31:00,0.7,0.7,0.7,0.7,1650,1275,0.65,0.4,0.95
3461,2021-04-28 10:32:00,0.7,0.7,0.7,0.7,1650,1275,0.65,0.4,0.95
3462,2021-04-28 10:33:00,0.7,0.7,0.7,0.7,1650,1275,0.65,0.4,0.95
3463,2021-04-28 10:34:00,0.7,0.7,0.7,0.7,1650,1275,0.65,0.4,0.95
3464,2021-04-28 10:35:00,0.7,0.7,0.7,0.7,1650,1275,0.65,0.4,0.95
3465,2021-04-28 10:36:00,0.7,0.7,0.7,0.7,1650,1275,0.65,0.4,0.95
3466,2021-04-28 10:37:00,0.7,0.7,0.7,0.7,1650,1275,0.65,0.4,0.95
3467,2021-04-28 10:38:00,0.7,0.7,0.7,0.7,1650,1275,0.65,0.4,0.95
3468,2021-04-28 10:39:00,0.7,0.7,0.7,0.7,1650,1275,0.65,0.4,0.95
3469,2021-04-28 10:40:00,0.7,0.7,0.7,0.7,1650,1275,0.65,0.4,0.95
3470,2021-04-28 10:41:00,0.7,0.7,0.7,0.7,1650,1275,0.65,0.4,0.95
3471,2021-04-28 10:42:00,0.7,0.7,0.7,0.7,1650,1275,0.65,0.4,0.95
3472,2021-04-28 10:43:00,0.7,0.7,0.7,0.7,1650,1275,0.65,0.4,0.95
3473,2021-04-28 10:44:00,0.7,0.7,0.7,0.7,1650,1275,0.65,0.4,0.95
3474,2021-04-28 10:45:00,0.7,0.7,0.7,0.7,1650,1275,0.65,0.4,0.95
3475,2021-04-28 10:46:00,0.7,0.7,0.7,0.7,1650,1275,0.65,0.4,0.95
3476,2021-04-28 10:47:00,0.7,0.7,0.7,0.7,1650,1275,0.65,0.4,0.95
3477,2021-04-28 10:48:00,0.7,0.7,0.7,0.7,1650,1275,0.65,0.4,0.95
3478,2021-04-28 10:49:00,0.7,0.7,0.7,0.7,1650,1275,0.65,0.4,0.95
3479,2021-04-28 10:50:00,0.7,0.7,0.7,0.7,1650,1275,0.65,0.4,0.95
3480,2021-04-28 10:51:00,0.7,0.7,0.7,0.7,1650,1275,0.65,0.4,0.95
3481,2021-04-28 10:52:00,0.7,0.7,0.7,0.7,1650,1275,0.65,0.4,0.95
3482,2021-04-28 10:53:00,0.7,0.7,0.7,0.7,1650,1275,0.65,0.4,0.95
3483,2021-04-28 10:54:00,0.7,0.7,0.7,0.7,1650,1275,0.65,0.4,0.95
3484,2021-04-28 10:55:00,0.7,0.7,0.7,0.7,1650,1275,0.65,0.4,0.95
3485,2021-04-28 10:56:00,0.7,0.7,0.7,0.7,1650,1275,0.65,0.4,0.95
3486,2021-04-28 10:57:00,0.7,0.7,0.7,0.7,1650,1275,0.65,0.4,0.95
3487,2021-04-28 10:58:00,0.7,0.7,0.7,0.7,1650,1275,0.65,0.4,0.95
3488,2021-04-28 10:59:00,0.7,0.7,0.7,0.7,1650,1275,0.65,0.4,0.95
3489,2021-04-28 11:00:00,0.7,0.7,0.7,0.7,1650,1275,0.65,0.4,0.95
3490,2021-04-28 11:01:00,0.7,0.7,0.7,0.7,1650,1275,0.65,0.4,0.95
3491,2021-04-28 11:02:00,0.7,0.7,0.7,0.7,1650,1275,0.65,0.4,0.95
3492,2021-04-28 11:03:00,0.7,0.7,0.7,0.7,1650,1275,0.65,0.4,0.95
3493,2021-04-28 11:04:00,0.7,0.7,0.7,0.7,1650,1275,0.65,0.4,0.95
3494,2021-04-28 11:05:00,0.7,0.7,0.7,0.7,1650,1275,0.65,0.4,0.95
3495,2021-04-28 11:06:00,0.7,0.7,0.7,0.7,1650,1275,0.65,0.4,0.95
3496,2021-04-28 11:07:00,0.7,0.7,0.7,0.7,1650,1275,0.65,0.4,0.95
3497,2021-04-28 11:08:00,0.7,0.7,0.7,0.7,1650,1275,0.65,0.4,0.95
3498,2021-04-28 11:09:00,0.7,0.7,0.7,0.7,1650,1275,0.65,0.4,0.95
3499,2021-04-28 11:10:00,0.7,0.7,0.7,0.7,1650,1275,0.65,0.4,0.95
3500,2021-04-28 11:11:00,0.7,0.7,0.7,0.7,1650,1275,0.65,0.4,0.95
3501,2021-04-28 11:12:00,0.7,0.7,0.7,0.7,1650,1275,0.65,0.4,0.95
3502,2021-04-28 11:13:00,0.7,0.7,0.7,0.7,1650,1275,0.65,0.4,0.95
3503,2021-04-28 11:14:00,0.7,0.7,0.7,0.7,1650,1275,0.65,0.4,0.95
3504,2021-04-28 11:15:00,0.7,0.7,0.7,0.7,1650,1275,0.65,0.4,0.95
3505,2021-04-28 11:16:00,0.7,0.7,0.7,0.7,1650,1275,0.65,0.4,0.95
3506,2021-04-28 11:17:00,0.7,0.7,0.7,0.7,1650,1275,0.65,0.4,0.95
3507,2021-04-28 11:18:00,0.7,0.7,0.7,0.7,1650,1275,0.65,0.4,0.95
3508,2021-04-28 11:19:00,0.7,0.7,0.7,0.7,1650,1275,0.65,0.4,0.95
3509,2021-04-28 11:20:00,0.7,0.7,0.7,0.7,1650,1275,0.65,0.4,0.95
3510,2021-04-28 11:21:00,0.7,0.7,0.7,0.7,1650,1275,0.65,0.4,0.95
3511,2021-04-28 11:22:00,0.7,0.7,0.7,0.7,1650,1275,0.65,0.4,0.95
3512,2021-04-28 11:23:00,0.7,0.7,0.7,0.7,1650,1275,0.65,0.4,0.95
3513,2021-04-28 11:24:00,0.7,0.7,0.7,0.7,1650,1275,0.65,0.4,0.95
3514,2021-04-28 11:25:00,0.7,0.7,0.7,0.7,1650,1275,0.65,0.4,0.95
3515,2021-04-28 11:26:00,0.7,0.7,0.7,0.7,1650,1275,0.65,0.4,0.95
3516,2021-04-28 11:27:00,0.7,0.7,0.7,0.7,1650,1275,0.65,0.4,0.95
3517,2021-04-28 11:28:00,0.7,0.7,0.7,0.7,1650,1275,0.65,0.4,0.95
3518,2021-04-28 11:29:00,0.7,0.7,0.7,0.7,1650,1275,0.65,0.4,0.95
3519,2021-04-28 11:30:00,0.7,0.7,0.7,0.7,1650,1275,0.65,0.4,0.95
3520,2021-04-28 11:31:00,0.7,0.7,0.7,0.7,1650,1275,0.65,0.4,0.95
3521,2021-04-28 11:32:00,0.7,0.7,0.7,0.7,1650,1275,0.65,0.4,0.95
3522,2021-04-28 11:33:00,0.7,0.7,0.7,0.7,1650,1275,0.65,0.4,0.95
3523,2021-04-28 11:34:00,0.2,0.2,0.2,0.2,225,1350,0.2,0.2,0.5
3524,2021-04-28 11:35:00,0.2,0.2,0.2,0.2,225,1350,0.2,0.2,0.5
3525,2021-04-28 11:36:00,0.2,0.2,0.2,0.2,225,1350,0.2,0.2,0.5
3526,2021-04-28 11:37:00,0.2,0.2,0.2,0.2,225,1350,0.2,0.2,0.5
3527,2021-04-28 11:38:00,0.2,0.2,0.2,0.2,225,1350,0.2,0.2,0.5
3528,2021-04-28 11:39:00,0.2,0.2,0.2,0.2,225,1350,0.2,0.2,0.5
3529,2021-04-28 11:40:00,0.2,0.2,0.2,0.2,225,1350,0.2,0.2,0.5
3530,2021-04-28 11:41:00,0.2,0.2,0.2,0.2,225,1350,0.2,0.2,0.5
3531,2021-04-28 11:42:00,0.2,0.2,0.2,0.2,225,1350,0.2,0.2,0.5
3532,2021-04-28 11:43:00,0.2,0.2,0.2,0.2,225,1350,0.2,0.2,0.5
3533,2021-04-28 11:44:00,0.2,0.2,0.2,0.2,225,1350,0.2,0.2,0.5
3534,2021-04-28 11:45:00,0.2,0.2,0.2,0.2,225,1350,0.2,0.2,0.5
3535,2021-04-28 11:46:00,0.2,0.2,0.2,0.2,225,1350,0.2,0.2,0.5
3536,2021-04-28 11:47:00,0.2,0.2,0.2,0.2,225,1350,0.2,0.2,0.5
3537,2021-04-28 11:48:00,0.2,0.2,0.2,0.2,225,1350,0.2,0.2,0.5
3538,2021-04-28 11:49:00,0.2,0.2,0.2,0.2,225,1350,0.2,0.2,0.5
3539,2021-04-28 11:50:00,0.2,0.2,0.2,0.2,225,1350,0.2,0.2,0.5
3540,2021-04-28 11:51:00,0.2,0.2,0.2,0.2,225,1350,0.2,0.2,0.5
3541,2021-04-28 11:52:00,0.2,0.2,0.2,0.2,225,1350,0.2,0.2,0.5
3542,2021-04-28 11:53:00,0.2,0.2,0.2,0.2,225,1350,0.2,0.2,0.5
3543,2021-04-28 11:54:00,0.2,0.2,0.2,0.2,225,1350,0.2,0.2,0.5
3544,2021-04-28 11:55:00,0.2,0.2,0.2,0.2,225,1350,0.2,0.2,0.5
3545,2021-04-28 11:56:00,0.2,0.2,0.2,0.2,225,1350,0.2,0.2,0.5
3546,2021-04-28 11:57:00,0.2,0.2,0.2,0.2,225,1350,0.2,0.2,0.5
3547,2021-04-28 11:58:00,0.2,0.2,0.2,0.2,225,1350,0.2,0.2,0.5
3548,2021-04-28 11:59:00,0.4,0.4,0.4,0.4,150,1350,0.28,0.2,0.4
3549,2021-04-28 12:00:00,0.4,0.4,0.4,0.4,150,1350,0.28,0.2,0.4
3550,2021-04-28 12:01:00,0.4,0.4,0.4,0.4,150,1350,0.28,0.2,0.4
3551,2021-04-28 12:02:00,0.4,0.4,0.4,0.4,150,1350,0.28,0.2,0.4
3552,2021-04-28 12:03:00,0.4,0.4,0.4,0.4,150,1350,0.28,0.2,0.4
3553,2021-04-28 12:04:00,0.4,0.4,0.4,0.4,150,1350,0.28,0.2,0.4
3554,2021-04-28 12:05:00,0.4,0.4,0.4,0.4,150,1350,0.28,0.2,0.4
3555,2021-04-28 12:06:00,0.4,0.4,0.4,0.4,150,1350,0.28,0.2,0.4
3556,2021-04-28 12:07:00,0.4,0.4,0.4,0.4,150,1350,0.28,0.2,0.4
3557,2021-04-28 12:08:00,0.4,0.4,0.4,0.4,150,1350,0.28,0.2,0.4
3558,2021-04-28 12:09:00,0.4,0.4,0.4,0.4,150,1350,0.28,0.2,0.4
3559,2021-04-28 12:10:00,0.4,0.4,0.4,0.4,150,1350,0.28,0.2,0.4
3560,2021-04-28 12:11:00,0.4,0.4,0.4,0.4,150,1350,0.28,0.2,0.4
3561,2021-04-28 12:12:00,0.4,0.4,0.4,0.4,150,1350,0.28,0.2,0.4
3562,2021-04-28 12:13:00,0.4,0.4,0.4,0.4,150,1350,0.28,0.2,0.4
3563,2021-04-28 12:14:00,0.4,0.4,0.4,0.4,150,1350,0.28,0.2,0.4
3564,2021-04-28 12:15:00,0.4,0.4,0.4,0.4,150,1350,0.28,0.2,0.4
3565,2021-04-28 12:16:00,0.4,0.4,0.4,0.4,150,1350,0.28,0.2,0.4
3566,2021-04-28 12:17:00,0.4,0.4,0.4,0.4,150,1350,0.28,0.2,0.4
3567,2021-04-28 12:18:00,0.4,0.4,0.4,0.4,150,1350,0.28,0.2,0.4
3568,2021-04-28 12:19:00,0.4,0.4,0.4,0.4,75,1200,0.3,0.2,0.45
3569,2021-04-28 12:20:00,0.4,0.4,0.4,0.4,75,1200,0.3,0.2,0.45
3570,2021-04-28 12:21:00,0.4,0.4,0.4,0.4,75,1200,0.3,0.2,0.45
3571,2021-04-28 12:22:00,0.2,0.2,0.2,0.2,75,1200,0.28,0.2,0.45
3572,2021-04-28 12:23:00,0.2,0.2,0.2,0.2,75,1200,0.28,0.2,0.45
3573,2021-04-28 12:24:00,0.2,0.2,0.2,0.2,75,1200,0.28,0.2,0.45
3574,2021-04-28 12:25:00,0.45,0.45,0.45,0.45,75,1200,0.3,0.2,0.55
3575,2021-04-28 12:26:00,0.45,0.45,0.45,0.45,75,1200,0.3,0.2,0.55
3576,2021-04-28 12:27:00,0.45,0.45,0.45,0.45,75,1200,0.3,0.2,0.55
3577,2021-04-28 12:28:00,0.45,0.45,0.45,0.45,75,1200,0.3,0.2,0.55
3578,2021-04-28 12:29:00,0.45,0.45,0.45,0.45,75,1200,0.3,0.2,0.55
3579,2021-04-28 12:30:00,0.45,0.45,0.45,0.45,75,1200,0.3,0.2,0.55
3580,2021-04-28 12:31:00,0.45,0.45,0.45,0.45,75,1200,0.3,0.2,0.55
3581,2021-04-28 12:32:00,0.45,0.45,0.45,0.45,75,1200,0.3,0.2,0.55
3582,2021-04-28 12:33:00,0.45,0.45,0.45,0.45,75,1200,0.3,0.2,0.55
3583,2021-04-28 12:34:00,0.45,0.45,0.45,0.45,75,1200,0.3,0.2,0.55
3584,2021-04-28 12:35:00,0.45,0.45,0.45,0.45,75,1200,0.3,0.2,0.55
3585,2021-04-28 12:36:00,0.45,0.45,0.45,0.45,75,1200,0.3,0.2,0.55
3586,2021-04-28 12:37:00,0.45,0.45,0.45,0.45,75,1200,0.3,0.2,0.55
3587,2021-04-28 12:38:00,0.45,0.45,0.45,0.45,75,1200,0.3,0.2,0.55
3588,2021-04-28 12:39:00,0.45,0.45,0.45,0.45,75,1200,0.3,0.2,0.55
3589,2021-04-28 12:40:00,0.45,0.45,0.45,0.45,75,1200,0.3,0.2,0.55
3590,2021-04-28 12:41:00,0.45,0.45,0.45,0.45,75,1200,0.3,0.2,0.55
3591,2021-04-28 12:42:00,0.45,0.45,0.45,0.45,75,1200,0.3,0.2,0.55
3592,2021-04-28 12:43:00,0.45,0.45,0.45,0.45,75,1200,0.3,0.2,0.55
3593,2021-04-28 12:44:00,0.45,0.45,0.45,0.45,75,1200,0.3,0.2,0.55
3594,2021-04-28 12:45:00,0.45,0.45,0.45,0.45,75,1200,0.3,0.2,0.55
3595,2021-04-28 12:46:00,0.45,0.45,0.45,0.45,75,1200,0.3,0.2,0.55
3596,2021-04-28 12:47:00,0.45,0.45,0.45,0.45,75,1200,0.3,0.2,0.55
3597,2021-04-28 12:48:00,0.45,0.45,0.45,0.45,75,1200,0.3,0.2,0.55
3598,2021-04-28 12:49:00,0.45,0.45,0.45,0.45,75,1200,0.3,0.2,0.55
3599,2021-04-28 12:50:00,0.45,0.45,0.45,0.45,75,1200,0.3,0.2,0.55
3600,2021-04-28 12:51:00,0.45,0.45,0.45,0.45,75,1200,0.3,0.2,0.55
3601,2021-04-28 12:52:00,0.45,0.45,0.45,0.45,75,1200,0.3,0.2,0.55
3602,2021-04-28 12:53:00,0.45,0.45,0.45,0.45,75,1200,0.3,0.2,0.55
3603,2021-04-28 12:54:00,0.45,0.45,0.45,0.45,75,1200,0.3,0.2,0.55
3604,2021-04-28 12:55:00,0.45,0.45,0.45,0.45,75,1200,0.3,0.2,0.55
3605,2021-04-28 12:56:00,0.45,0.45,0.45,0.45,75,1200,0.3,0.2,0.55
3606,2021-04-28 12:57:00,0.45,0.45,0.45,0.45,75,1200,0.3,0.2,0.55
3607,2021-04-28 12:58:00,0.45,0.45,0.45,0.45,75,1200,0.3,0.2,0.55
3608,2021-04-28 12:59:00,0.45,0.45,0.45,0.45,75,1200,0.3,0.2,0.55
3609,2021-04-28 13:00:00,0.45,0.45,0.45,0.45,75,1200,0.3,0.2,0.55
3610,2021-04-28 13:01:00,0.45,0.45,0.45,0.45,75,1200,0.3,0.2,0.55
3611,2021-04-28 13:02:00,0.45,0.45,0.45,0.45,75,1200,0.3,0.2,0.55
3612,2021-04-28 13:03:00,0.45,0.45,0.45,0.45,75,1200,0.3,0.2,0.55
3613,2021-04-28 13:04:00,0.45,0.45,0.45,0.45,75,1200,0.3,0.2,0.55
3614,2021-04-28 13:05:00,0.45,0.45,0.45,0.45,75,1200,0.3,0.2,0.55
3615,2021-04-28 13:06:00,0.45,0.45,0.45,0.45,75,1200,0.3,0.2,0.55
3616,2021-04-28 13:07:00,0.45,0.45,0.45,0.45,75,1200,0.3,0.2,0.55
3617,2021-04-28 13:08:00,0.45,0.45,0.45,0.45,75,1200,0.3,0.2,0.55
3618,2021-04-28 13:09:00,0.45,0.45,0.45,0.45,75,1200,0.3,0.2,0.55
3619,2021-04-28 13:10:00,0.45,0.45,0.45,0.45,75,1200,0.3,0.2,0.55
3620,2021-04-28 13:11:00,0.45,0.45,0.45,0.45,75,1200,0.3,0.2,0.55
3621,2021-04-28 13:12:00,0.45,0.45,0.45,0.45,75,1200,0.3,0.2,0.55
3622,2021-04-28 13:13:00,0.45,0.45,0.45,0.45,75,1200,0.3,0.2,0.55
3623,2021-04-28 13:14:00,0.45,0.45,0.45,0.45,75,1200,0.3,0.2,0.55
3624,2021-04-28 13:15:00,0.45,0.45,0.45,0.45,75,1200,0.3,0.2,0.55
3625,2021-04-28 13:16:00,0.45,0.45,0.45,0.45,75,1200,0.3,0.2,0.55
3626,2021-04-28 13:17:00,0.45,0.45,0.45,0.45,75,1200,0.3,0.2,0.55
3627,2021-04-28 13:18:00,0.45,0.45,0.45,0.45,75,1200,0.3,0.2,0.55
3628,2021-04-28 13:19:00,0.45,0.45,0.45,0.45,75,1200,0.3,0.2,0.55
3629,2021-04-28 13:20:00,0.45,0.45,0.45,0.45,75,1200,0.3,0.2,0.55
3630,2021-04-28 13:21:00,0.45,0.45,0.45,0.45,75,1200,0.3,0.2,0.55
3631,2021-04-28 13:22:00,0.45,0.45,0.45,0.45,75,1200,0.3,0.2,0.55
3632,2021-04-28 13:23:00,0.45,0.45,0.45,0.45,75,1200,0.3,0.2,0.55
3633,2021-04-28 13:24:00,0.45,0.45,0.45,0.45,75,1200,0.3,0.2,0.55
3634,2021-04-28 13:25:00,0.45,0.45,0.45,0.45,75,1200,0.3,0.2,0.55
3635,2021-04-28 13:26:00,0.45,0.45,0.45,0.45,75,1200,0.3,0.2,0.55
3636,2021-04-28 13:27:00,0.45,0.45,0.45,0.45,75,1200,0.3,0.2,0.55
3637,2021-04-28 13:28:00,0.45,0.45,0.45,0.45,75,1200,0.3,0.2,0.55
3638,2021-04-28 13:29:00,0.45,0.45,0.45,0.45,75,1200,0.3,0.2,0.55
3639,2021-04-28 13:30:00,0.45,0.45,0.45,0.45,75,1200,0.3,0.2,0.55
3640,2021-04-28 13:31:00,0.45,0.45,0.45,0.45,75,1200,0.3,0.2,0.55
3641,2021-04-28 13:32:00,0.45,0.45,0.45,0.45,75,1200,0.3,0.2,0.55
3642,2021-04-28 13:33:00,0.45,0.45,0.45,0.45,75,1200,0.3,0.2,0.55
3643,2021-04-28 13:34:00,0.45,0.45,0.45,0.45,75,1200,0.3,0.2,0.55
3644,2021-04-28 13:35:00,0.45,0.45,0.45,0.45,75,1200,0.3,0.2,0.55
3645,2021-04-28 13:36:00,0.45,0.45,0.45,0.45,75,1200,0.3,0.2,0.55
3646,2021-04-28 13:37:00,0.45,0.45,0.45,0.45,75,1200,0.3,0.2,0.55
3647,2021-04-28 13:38:00,0.45,0.45,0.45,0.45,75,1200,0.3,0.2,0.55
3648,2021-04-28 13:39:00,0.45,0.45,0.45,0.45,75,1200,0.3,0.2,0.55
3649,2021-04-28 13:40:00,0.45,0.45,0.45,0.45,75,1200,0.3,0.2,0.55
3650,2021-04-28 13:41:00,0.45,0.45,0.45,0.45,75,1200,0.3,0.2,0.55
3651,2021-04-28 13:42:00,0.45,0.45,0.45,0.45,75,1200,0.3,0.2,0.55
3652,2021-04-28 13:43:00,0.45,0.45,0.45,0.45,75,1200,0.3,0.2,0.55
3653,2021-04-28 13:44:00,0.45,0.45,0.45,0.45,75,1200,0.3,0.2,0.55
3654,2021-04-28 13:45:00,0.45,0.45,0.45,0.45,75,1200,0.3,0.2,0.55
3655,2021-04-28 13:46:00,0.45,0.45,0.45,0.45,75,1200,0.3,0.2,0.55
3656,2021-04-28 13:47:00,0.45,0.45,0.45,0.45,75,1200,0.3,0.2,0.55
3657,2021-04-28 13:48:00,0.45,0.45,0.45,0.45,75,1200,0.3,0.2,0.55
3658,2021-04-28 13:49:00,0.45,0.45,0.45,0.45,75,1200,0.3,0.2,0.55
3659,2021-04-28 13:50:00,0.45,0.45,0.45,0.45,75,1200,0.3,0.2,0.55
3660,2021-04-28 13:51:00,0.45,0.45,0.45,0.45,75,1200,0.3,0.2,0.55
3661,2021-04-28 13:52:00,0.45,0.45,0.45,0.45,75,1200,0.3,0.2,0.55
3662,2021-04-28 13:53:00,0.45,0.45,0.45,0.45,75,1200,0.3,0.2,0.55
3663,2021-04-28 13:54:00,0.45,0.45,0.45,0.45,75,1200,0.3,0.2,0.55
3664,2021-04-28 13:55:00,0.45,0.45,0.45,0.45,75,1200,0.3,0.2,0.55
3665,2021-04-28 13:56:00,0.45,0.45,0.45,0.45,75,1200,0.3,0.2,0.55
3666,2021-04-28 13:57:00,0.45,0.45,0.45,0.45,75,1200,0.3,0.2,0.55
3667,2021-04-28 13:58:00,0.45,0.45,0.45,0.45,75,1200,0.3,0.2,0.55
3668,2021-04-28 13:59:00,0.45,0.45,0.45,0.45,75,1200,0.3,0.2,0.55
3669,2021-04-28 14:00:00,0.45,0.45,0.45,0.45,75,1200,0.3,0.2,0.55
3670,2021-04-28 14:01:00,0.45,0.45,0.45,0.45,75,1200,0.3,0.2,0.55
3671,2021-04-28 14:02:00,0.45,0.45,0.45,0.45,75,1200,0.3,0.2,0.55
3672,2021-04-28 14:03:00,0.45,0.45,0.45,0.45,75,1200,0.3,0.2,0.55
3673,2021-04-28 14:04:00,0.45,0.45,0.45,0.45,75,1200,0.3,0.2,0.55
3674,2021-04-28 14:05:00,0.45,0.45,0.45,0.45,75,1200,0.3,0.2,0.55
3675,2021-04-28 14:06:00,0.45,0.45,0.45,0.45,75,1200,0.3,0.2,0.55
3676,2021-04-28 14:07:00,0.45,0.45,0.45,0.45,75,1200,0.3,0.2,0.55
3677,2021-04-28 14:08:00,0.45,0.45,0.45,0.45,75,1200,0.3,0.2,0.55
3678,2021-04-28 14:09:00,0.45,0.45,0.45,0.45,75,1200,0.3,0.2,0.55
3679,2021-04-28 14:10:00,0.45,0.45,0.45,0.45,75,1200,0.3,0.2,0.55
3680,2021-04-28 14:11:00,0.45,0.45,0.45,0.45,75,1200,0.3,0.2,0.55
3681,2021-04-28 14:12:00,0.45,0.45,0.45,0.45,75,1200,0.3,0.2,0.55
3682,2021-04-28 14:13:00,0.45,0.45,0.45,0.45,75,1200,0.3,0.2,0.55
3683,2021-04-28 14:14:00,0.45,0.45,0.45,0.45,75,1200,0.3,0.2,0.55
3684,2021-04-28 14:15:00,0.45,0.45,0.45,0.45,75,1200,0.3,0.2,0.55
3685,2021-04-28 14:16:00,0.45,0.45,0.45,0.45,75,1200,0.3,0.2,0.55
3686,2021-04-28 14:17:00,0.45,0.45,0.45,0.45,75,1200,0.3,0.2,0.55
3687,2021-04-28 14:18:00,0.45,0.45,0.45,0.45,75,1200,0.3,0.2,0.55
3688,2021-04-28 14:19:00,0.45,0.45,0.45,0.45,75,1200,0.3,0.2,0.55
3689,2021-04-28 14:20:00,0.45,0.45,0.45,0.45,75,1200,0.3,0.2,0.55
3690,2021-04-28 14:21:00,0.45,0.45,0.45,0.45,75,1200,0.3,0.2,0.55
3691,2021-04-28 14:22:00,0.45,0.45,0.45,0.45,75,1200,0.3,0.2,0.55
3692,2021-04-28 14:23:00,0.2,0.2,0.2,0.2,75,1200,0.29,0.15,0.55
3693,2021-04-28 14:24:00,0.2,0.2,0.2,0.2,75,1200,0.29,0.15,0.55
3694,2021-04-28 14:25:00,0.2,0.2,0.2,0.2,75,1200,0.29,0.15,0.55
3695,2021-04-28 14:26:00,0.2,0.2,0.2,0.2,75,1200,0.29,0.15,0.55
3696,2021-04-28 14:27:00,0.2,0.2,0.2,0.2,75,1200,0.29,0.15,0.55
3697,2021-04-28 14:28:00,0.2,0.2,0.2,0.2,75,1200,0.29,0.15,0.55
3698,2021-04-28 14:29:00,0.2,0.2,0.2,0.2,75,1200,0.29,0.15,0.55
3699,2021-04-28 14:30:00,0.2,0.2,0.2,0.2,75,1200,0.29,0.15,0.55
3700,2021-04-28 14:31:00,0.2,0.2,0.2,0.2,75,1200,0.29,0.15,0.55
3701,2021-04-28 14:32:00,0.2,0.2,0.2,0.2,75,1200,0.29,0.15,0.55
3702,2021-04-28 14:33:00,0.2,0.2,0.2,0.2,75,1200,0.29,0.15,0.55
3703,2021-04-28 14:34:00,0.2,0.2,0.2,0.2,75,1200,0.29,0.15,0.55
3704,2021-04-28 14:35:00,0.2,0.2,0.2,0.2,75,1200,0.29,0.15,0.55
3705,2021-04-28 14:36:00,0.2,0.2,0.2,0.2,75,1200,0.29,0.15,0.55
3706,2021-04-28 14:37:00,0.2,0.2,0.2,0.2,75,1200,0.29,0.15,0.55
3707,2021-04-28 14:38:00,0.2,0.2,0.2,0.2,75,1200,0.29,0.15,0.55
3708,2021-04-28 14:39:00,0.2,0.2,0.2,0.2,75,1200,0.29,0.15,0.55
3709,2021-04-28 14:40:00,0.2,0.2,0.2,0.2,75,1200,0.29,0.15,0.55
3710,2021-04-28 14:41:00,0.2,0.2,0.2,0.2,75,1200,0.29,0.15,0.55
3711,2021-04-28 14:42:00,0.2,0.2,0.2,0.2,75,1200,0.29,0.15,0.55
3712,2021-04-28 14:43:00,0.2,0.2,0.2,0.2,75,1200,0.29,0.15,0.55
3713,2021-04-28 14:44:00,0.2,0.2,0.2,0.2,75,1200,0.29,0.15,0.55
3714,2021-04-28 14:45:00,0.2,0.2,0.2,0.2,75,1200,0.29,0.15,0.55
3715,2021-04-28 14:46:00,0.2,0.2,0.2,0.2,75,1200,0.29,0.15,0.55
3716,2021-04-28 14:47:00,0.2,0.2,0.2,0.2,75,1200,0.29,0.15,0.55
3717,2021-04-28 14:48:00,0.2,0.2,0.2,0.2,75,1200,0.29,0.15,0.55
3718,2021-04-28 14:49:00,0.2,0.2,0.2,0.2,75,1200,0.29,0.15,0.55
3719,2021-04-28 14:50:00,0.2,0.2,0.2,0.2,75,1200,0.29,0.15,0.55
3720,2021-04-28 14:51:00,0.2,0.2,0.2,0.2,75,1200,0.29,0.15,0.55
3721,2021-04-28 14:52:00,0.2,0.2,0.2,0.2,75,1200,0.29,0.15,0.55
3722,2021-04-28 14:53:00,0.2,0.2,0.2,0.2,75,1200,0.29,0.15,0.55
3723,2021-04-28 14:54:00,0.2,0.2,0.2,0.2,75,1200,0.29,0.15,0.55
3724,2021-04-28 14:55:00,0.2,0.2,0.2,0.2,75,1200,0.29,0.15,0.55
3725,2021-04-28 14:56:00,0.2,0.2,0.2,0.2,75,1200,0.29,0.15,0.55
3726,2021-04-28 14:57:00,0.2,0.2,0.2,0.2,75,1200,0.29,0.15,0.55
3727,2021-04-28 14:58:00,0.2,0.2,0.2,0.2,75,1200,0.29,0.15,0.55
3728,2021-04-28 14:59:00,0.2,0.2,0.2,0.2,75,1200,0.29,0.15,0.55
3729,2021-04-28 15:00:00,0.2,0.2,0.2,0.2,75,1200,0.29,0.15,0.55
3730,2021-04-28 15:01:00,0.2,0.2,0.2,0.2,75,1200,0.29,0.15,0.55
3731,2021-04-28 15:02:00,0.2,0.2,0.2,0.2,75,1200,0.29,0.15,0.55
3732,2021-04-28 15:03:00,0.2,0.2,0.2,0.2,75,1200,0.29,0.15,0.55
3733,2021-04-28 15:04:00,0.2,0.2,0.2,0.2,75,1200,0.29,0.15,0.55
3734,2021-04-28 15:05:00,0.2,0.2,0.2,0.2,75,1200,0.29,0.15,0.55
3735,2021-04-28 15:06:00,0.2,0.2,0.2,0.2,75,1200,0.29,0.15,0.55
3736,2021-04-28 15:07:00,0.2,0.2,0.2,0.2,75,1200,0.29,0.15,0.55
3737,2021-04-28 15:08:00,0.2,0.2,0.2,0.2,75,1200,0.29,0.15,0.55
3738,2021-04-28 15:09:00,0.2,0.2,0.2,0.2,75,1200,0.29,0.15,0.55
3739,2021-04-28 15:10:00,0.2,0.2,0.2,0.2,75,1200,0.29,0.15,0.55
3740,2021-04-28 15:11:00,0.2,0.2,0.2,0.2,75,1200,0.29,0.15,0.55
3741,2021-04-28 15:12:00,0.2,0.2,0.2,0.2,75,1200,0.29,0.15,0.55
3742,2021-04-28 15:13:00,0.2,0.2,0.2,0.2,75,1200,0.29,0.15,0.55
3743,2021-04-28 15:14:00,0.2,0.2,0.2,0.2,75,1200,0.29,0.15,0.55
3744,2021-04-28 15:15:00,0.2,0.2,0.2,0.2,75,1200,0.29,0.15,0.55
3745,2021-04-28 15:16:00,0.2,0.2,0.2,0.2,75,1200,0.29,0.15,0.55
3746,2021-04-28 15:17:00,0.2,0.2,0.2,0.2,75,1200,0.29,0.15,0.55
3747,2021-04-28 15:18:00,0.2,0.2,0.2,0.2,75,1200,0.29,0.15,0.55
3748,2021-04-28 15:19:00,0.2,0.2,0.2,0.2,75,1200,0.29,0.15,0.55
3749,2021-04-28 15:20:00,0.15,0.25,0.15,0.25,150,1200,0.27,0.15,0.55
3750,2021-04-28 15:21:00,0.15,0.25,0.15,0.25,150,1200,0.27,0.15,0.55
3751,2021-04-28 15:22:00,0.15,0.25,0.15,0.25,150,1200,0.27,0.15,0.55
3752,2021-04-28 15:23:00,0.15,0.25,0.15,0.25,150,1200,0.27,0.15,0.55
3753,2021-04-28 15:24:00,0.15,0.25,0.15,0.25,150,1200,0.27,0.15,0.55
3754,2021-04-28 15:25:00,0.15,0.25,0.15,0.25,150,1200,0.27,0.15,0.55
3755,2021-04-28 15:26:00,0.15,0.25,0.15,0.25,150,1200,0.27,0.15,0.55
3756,2021-04-28 15:27:00,0.15,0.25,0.15,0.25,150,1200,0.27,0.15,0.55
3757,2021-04-28 15:28:00,0.15,0.25,0.15,0.25,150,1200,0.27,0.15,0.55
3758,2021-04-28 15:29:00,0.15,0.25,0.15,0.25,150,1200,0.27,0.15,0.55
3759,2021-04-28 15:30:00,0.15,0.25,0.15,0.25,150,1200,0.27,0.15,0.55
3760,2021-04-29 09:15:00,0.85,0.85,0.85,0.85,1125,1125,0.85,0.05,0.85
3761,2021-04-29 09:16:00,0.85,0.85,0.85,0.85,75,1125,0.85,0.05,0.85
3762,2021-04-29 09:17:00,0.85,0.85,0.85,0.85,75,1125,0.85,0.05,0.85
3763,2021-04-29 09:18:00,0.85,0.85,0.85,0.85,75,1125,0.85,0.05,0.85
3764,2021-04-29 09:19:00,0.85,0.85,0.85,0.85,75,1125,0.85,0.05,0.85
3765,2021-04-29 09:20:00,0.85,0.85,0.85,0.85,75,1125,0.85,0.05,0.85
3766,2021-04-29 09:21:00,0.85,0.85,0.85,0.85,75,1125,0.85,0.05,0.85
3767,2021-04-29 09:22:00,0.85,0.85,0.85,0.85,75,1125,0.85,0.05,0.85
3768,2021-04-29 09:23:00,0.85,0.85,0.85,0.85,75,1125,0.85,0.05,0.85
3769,2021-04-29 09:24:00,0.85,0.85,0.85,0.85,75,1125,0.85,0.05,0.85
3770,2021-04-29 09:25:00,0.85,0.85,0.85,0.85,75,1125,0.85,0.05,0.85
3771,2021-04-29 09:26:00,0.4,0.4,0.4,0.4,375,2325,0.74,0.15,0.85
3772,2021-04-29 09:27:00,0.4,0.4,0.4,0.4,375,2325,0.74,0.15,0.85
3773,2021-04-29 09:28:00,0.4,0.4,0.4,0.4,375,2325,0.74,0.15,0.85
3774,2021-04-29 09:29:00,0.4,0.4,0.4,0.4,375,2325,0.74,0.15,0.85
3775,2021-04-29 09:30:00,0.4,0.4,0.4,0.4,375,2325,0.74,0.15,0.85
3776,2021-04-29 09:31:00,0.3,0.4,0.3,0.4,375,2625,0.66,0.3,0.4
3777,2021-04-29 09:32:00,0.3,0.4,0.3,0.4,375,2625,0.66,0.3,0.4
3778,2021-04-29 09:33:00,0.3,0.4,0.3,0.4,375,2625,0.66,0.3,0.4
3779,2021-04-29 09:34:00,0.3,0.4,0.3,0.4,375,2625,0.66,0.3,0.4
3780,2021-04-29 09:35:00,0.3,0.4,0.3,0.4,375,2625,0.66,0.3,0.4
3781,2021-04-29 09:36:00,0.3,0.4,0.3,0.4,375,2625,0.66,0.3,0.4
3782,2021-04-29 09:37:00,0.3,0.4,0.3,0.4,375,2625,0.66,0.3,0.4
3783,2021-04-29 09:38:00,0.3,0.4,0.3,0.4,375,2625,0.66,0.3,0.4
3784,2021-04-29 09:39:00,0.3,0.4,0.3,0.4,375,2625,0.66,0.3,0.4
3785,2021-04-29 09:40:00,0.3,0.4,0.3,0.4,375,2625,0.66,0.3,0.4
3786,2021-04-29 09:41:00,0.3,0.4,0.3,0.4,375,2625,0.66,0.3,0.4
3787,2021-04-29 09:42:00,0.35,0.35,0.35,0.35,75,2700,0.65,0.3,0.4
3788,2021-04-29 09:43:00,0.35,0.35,0.35,0.35,75,2700,0.65,0.3,0.4
3789,2021-04-29 09:44:00,0.35,0.35,0.35,0.35,75,2700,0.65,0.3,0.4
3790,2021-04-29 09:45:00,0.35,0.35,0.35,0.35,75,2700,0.65,0.3,0.4
3791,2021-04-29 09:46:00,0.35,0.35,0.35,0.35,75,2700,0.65,0.3,0.4
3792,2021-04-29 09:47:00,0.35,0.35,0.35,0.35,75,2700,0.65,0.3,0.4
3793,2021-04-29 09:48:00,0.35,0.35,0.35,0.35,75,2700,0.65,0.3,0.4
3794,2021-04-29 09:49:00,0.35,0.35,0.35,0.35,75,2700,0.65,0.3,0.4
3795,2021-04-29 09:50:00,0.35,0.35,0.35,0.35,75,2700,0.65,0.3,0.4
3796,2021-04-29 09:51:00,0.35,0.35,0.35,0.35,75,2700,0.65,0.3,0.4
3797,2021-04-29 09:52:00,0.35,0.35,0.35,0.35,75,2700,0.65,0.3,0.4
3798,2021-04-29 09:53:00,0.35,0.35,0.35,0.35,75,2700,0.64,0.25,0.4
3799,2021-04-29 09:54:00,0.35,0.35,0.35,0.35,75,2700,0.64,0.25,0.4
3800,2021-04-29 09:55:00,0.35,0.35,0.35,0.35,75,2700,0.64,0.25,0.4
3801,2021-04-29 09:56:00,0.35,0.35,0.35,0.35,75,2700,0.64,0.25,0.4
3802,2021-04-29 09:57:00,0.4,0.4,0.4,0.4,75,2700,0.63,0.15,0.85
3803,2021-04-29 09:58:00,0.4,0.4,0.4,0.4,300,2700,0.6,0.25,0.4
3804,2021-04-29 09:59:00,0.4,0.4,0.4,0.4,300,2700,0.6,0.25,0.4
3805,2021-04-29 10:00:00,0.4,0.4,0.4,0.4,300,2700,0.6,0.25,0.4
3806,2021-04-29 10:01:00,0.4,0.4,0.4,0.4,300,2700,0.6,0.25,0.4
3807,2021-04-29 10:02:00,0.4,0.4,0.4,0.4,300,2700,0.6,0.25,0.4
3808,2021-04-29 10:03:00,0.4,0.4,0.4,0.4,300,2700,0.6,0.25,0.4
3809,2021-04-29 10:04:00,0.4,0.4,0.4,0.4,300,2700,0.6,0.25,0.4
3810,2021-04-29 10:05:00,0.4,0.4,0.4,0.4,300,2700,0.6,0.25,0.4
3811,2021-04-29 10:06:00,0.4,0.4,0.4,0.4,300,2700,0.6,0.25,0.4
3812,2021-04-29 10:07:00,0.4,0.4,0.4,0.4,300,2700,0.6,0.25,0.4
3813,2021-04-29 10:08:00,0.4,0.4,0.4,0.4,300,2700,0.6,0.25,0.4
3814,2021-04-29 10:09:00,0.4,0.4,0.4,0.4,300,2700,0.6,0.25,0.4
3815,2021-04-29 10:10:00,0.4,0.4,0.4,0.4,300,2700,0.6,0.25,0.4
3816,2021-04-29 10:11:00,0.4,0.4,0.4,0.4,300,2700,0.6,0.25,0.4
3817,2021-04-29 10:12:00,0.4,0.4,0.4,0.4,300,2700,0.6,0.25,0.4
3818,2021-04-29 10:13:00,0.4,0.4,0.4,0.4,300,2700,0.6,0.25,0.4
3819,2021-04-29 10:14:00,0.4,0.4,0.4,0.4,300,2700,0.6,0.25,0.4
3820,2021-04-29 10:15:00,0.4,0.4,0.4,0.4,300,2700,0.6,0.25,0.4
3821,2021-04-29 10:16:00,0.4,0.4,0.4,0.4,300,2700,0.6,0.25,0.4
3822,2021-04-29 10:17:00,0.4,0.4,0.4,0.4,300,2700,0.6,0.25,0.4
3823,2021-04-29 10:18:00,0.4,0.4,0.4,0.4,300,2700,0.6,0.25,0.4
3824,2021-04-29 10:19:00,0.4,0.4,0.4,0.4,1200,3075,0.54,0.25,0.4
3825,2021-04-29 10:20:00,0.4,0.4,0.4,0.4,1200,3075,0.54,0.25,0.4
3826,2021-04-29 10:21:00,0.4,0.4,0.4,0.4,1200,3075,0.54,0.25,0.4
3827,2021-04-29 10:22:00,0.4,0.75,0.3,0.75,2325,3075,0.52,0.3,0.4
3828,2021-04-29 10:23:00,0.4,0.75,0.3,0.75,2325,3075,0.52,0.3,0.4
3829,2021-04-29 10:24:00,0.4,0.75,0.3,0.75,2325,3075,0.52,0.3,0.4
3830,2021-04-29 10:25:00,0.4,0.75,0.3,0.75,2325,3075,0.52,0.3,0.4
3831,2021-04-29 10:26:00,0.4,0.4,0.4,0.4,750,3075,0.51,0.3,0.4
3832,2021-04-29 10:27:00,0.4,0.4,0.4,0.4,750,3075,0.51,0.3,0.4
3833,2021-04-29 10:28:00,0.4,0.4,0.4,0.4,750,3075,0.51,0.3,0.4
3834,2021-04-29 10:29:00,0.4,0.4,0.4,0.4,750,3075,0.51,0.3,0.4
3835,2021-04-29 10:30:00,0.4,0.4,0.4,0.4,750,3075,0.51,0.3,0.4
3836,2021-04-29 10:31:00,0.4,0.4,0.4,0.4,750,3075,0.51,0.3,0.4
3837,2021-04-29 10:32:00,0.35,0.35,0.35,0.35,750,3075,0.49,0.25,0.4
3838,2021-04-29 10:33:00,0.35,0.35,0.35,0.35,750,3075,0.49,0.25,0.4
3839,2021-04-29 10:34:00,0.35,0.35,0.35,0.35,750,3075,0.49,0.25,0.4
3840,2021-04-29 10:35:00,0.35,0.35,0.35,0.35,750,3075,0.49,0.25,0.4
3841,2021-04-29 10:36:00,0.35,0.35,0.35,0.35,750,3075,0.49,0.25,0.4
3842,2021-04-29 10:37:00,0.35,0.35,0.35,0.35,750,3075,0.49,0.25,0.4
3843,2021-04-29 10:38:00,0.4,0.4,0.4,0.4,75,0,0.49,0.25,0.4
3844,2021-04-29 10:39:00,0.4,0.4,0.4,0.4,75,0,0.49,0.25,0.4
3845,2021-04-29 10:40:00,0.4,0.4,0.4,0.4,75,6375,0.49,0.25,0.4
3846,2021-04-29 10:41:00,0.4,0.4,0.4,0.4,75,6375,0.49,0.25,0.4
3847,2021-04-29 10:42:00,0.4,0.4,0.4,0.4,75,6375,0.49,0.25,0.4
3848,2021-04-29 10:43:00,0.4,0.4,0.4,0.4,75,6375,0.49,0.25,0.4
3849,2021-04-29 10:44:00,0.4,0.4,0.4,0.4,75,6375,0.49,0.25,0.4
3850,2021-04-29 10:45:00,0.35,0.35,0.35,0.35,75,7125,0.49,0.25,0.35
3851,2021-04-29 10:46:00,0.35,0.35,0.35,0.35,75,7125,0.49,0.25,0.35
3852,2021-04-29 10:47:00,0.35,0.35,0.35,0.35,75,7125,0.49,0.25,0.35
3853,2021-04-29 10:48:00,0.35,0.35,0.35,0.35,75,7125,0.49,0.25,0.35
3854,2021-04-29 10:49:00,0.35,0.35,0.35,0.35,75,7125,0.49,0.25,0.35
3855,2021-04-29 10:50:00,0.35,0.35,0.35,0.35,75,7125,0.49,0.25,0.35
3856,2021-04-29 10:51:00,0.35,0.35,0.35,0.35,3750,7125,0.44,0.25,0.35
3857,2021-04-29 10:52:00,0.35,0.35,0.35,0.35,3750,7125,0.44,0.25,0.35
3858,2021-04-29 10:53:00,0.35,0.35,0.35,0.35,3750,7125,0.44,0.25,0.35
3859,2021-04-29 10:54:00,0.35,0.35,0.35,0.35,3750,7125,0.44,0.25,0.35
3860,2021-04-29 10:55:00,0.35,0.35,0.35,0.35,3750,7125,0.44,0.25,0.35
3861,2021-04-29 10:56:00,0.35,0.35,0.35,0.35,3750,7125,0.44,0.25,0.35
3862,2021-04-29 10:57:00,0.35,0.35,0.35,0.35,3750,7125,0.44,0.25,0.35
3863,2021-04-29 10:58:00,0.35,0.35,0.35,0.35,3750,7125,0.44,0.25,0.35
3864,2021-04-29 10:59:00,0.35,0.35,0.35,0.35,3750,7125,0.44,0.25,0.35
3865,2021-04-29 11:00:00,0.35,0.35,0.35,0.35,3750,7125,0.44,0.25,0.35
3866,2021-04-29 11:01:00,0.35,0.35,0.35,0.35,3750,7125,0.44,0.25,0.35
3867,2021-04-29 11:02:00,0.35,0.35,0.35,0.35,3750,7125,0.44,0.25,0.35
3868,2021-04-29 11:03:00,0.35,0.35,0.35,0.35,3750,7125,0.44,0.25,0.35
3869,2021-04-29 11:04:00,0.35,0.35,0.35,0.35,3750,7125,0.44,0.25,0.35
3870,2021-04-29 11:05:00,0.35,0.35,0.35,0.35,3750,7125,0.44,0.25,0.35
3871,2021-04-29 11:06:00,0.35,0.35,0.35,0.35,3750,7125,0.44,0.25,0.35
3872,2021-04-29 11:07:00,0.35,0.35,0.35,0.35,3750,7125,0.44,0.25,0.35
3873,2021-04-29 11:08:00,0.35,0.35,0.35,0.35,3750,7125,0.44,0.25,0.35
3874,2021-04-29 11:09:00,0.35,0.35,0.35,0.35,3750,7125,0.44,0.25,0.35
3875,2021-04-29 11:10:00,0.35,0.35,0.35,0.35,3750,7125,0.44,0.25,0.35
3876,2021-04-29 11:11:00,0.35,0.35,0.35,0.35,3750,7125,0.44,0.25,0.35
3877,2021-04-29 11:12:00,0.3,0.3,0.3,0.3,75,10950,0.44,0.2,0.3
3878,2021-04-29 11:13:00,0.3,0.3,0.3,0.3,75,10950,0.44,0.2,0.3
3879,2021-04-29 11:14:00,0.3,0.3,0.3,0.3,75,10950,0.44,0.2,0.3
3880,2021-04-29 11:15:00,0.3,0.3,0.3,0.3,75,10950,0.44,0.2,0.3
3881,2021-04-29 11:16:00,0.3,0.3,0.3,0.3,75,10950,0.44,0.2,0.3
3882,2021-04-29 11:17:00,0.3,0.3,0.3,0.3,75,10950,0.44,0.2,0.3
3883,2021-04-29 11:18:00,0.3,0.3,0.3,0.3,75,10950,0.44,0.2,0.3
3884,2021-04-29 11:19:00,0.3,0.3,0.3,0.3,75,10950,0.44,0.2,0.3
3885,2021-04-29 11:20:00,0.3,0.3,0.3,0.3,75,10950,0.44,0.2,0.3
3886,2021-04-29 11:21:00,0.3,0.3,0.3,0.3,75,10950,0.44,0.2,0.3
3887,2021-04-29 11:22:00,0.3,0.3,0.3,0.3,75,10950,0.44,0.2,0.3
3888,2021-04-29 11:23:00,0.3,0.3,0.3,0.3,75,10950,0.44,0.2,0.3
3889,2021-04-29 11:24:00,0.3,0.3,0.3,0.3,75,10950,0.44,0.2,0.3
3890,2021-04-29 11:25:00,0.3,0.3,0.3,0.3,75,10950,0.44,0.2,0.3
3891,2021-04-29 11:26:00,0.3,0.3,0.3,0.3,75,10950,0.44,0.2,0.3
3892,2021-04-29 11:27:00,0.3,0.3,0.3,0.3,75,10950,0.44,0.2,0.3
3893,2021-04-29 11:28:00,0.3,0.3,0.3,0.3,75,10950,0.44,0.2,0.3
3894,2021-04-29 11:29:00,0.3,0.3,0.3,0.3,75,10950,0.44,0.2,0.3
3895,2021-04-29 11:30:00,0.3,0.3,0.3,0.3,75,10950,0.44,0.2,0.3
3896,2021-04-29 11:31:00,0.3,0.3,0.3,0.3,75,10950,0.44,0.2,0.3
3897,2021-04-29 11:32:00,0.3,0.3,0.3,0.3,75,10950,0.44,0.2,0.3
3898,2021-04-29 11:33:00,0.3,0.3,0.3,0.3,75,10950,0.44,0.2,0.3
3899,2021-04-29 11:34:00,0.3,0.3,0.3,0.3,75,10950,0.44,0.2,0.3
3900,2021-04-29 11:35:00,0.3,0.3,0.3,0.3,75,10950,0.44,0.2,0.3
3901,2021-04-29 11:36:00,0.3,0.3,0.3,0.3,75,10950,0.44,0.2,0.3
3902,2021-04-29 11:37:00,0.3,0.3,0.3,0.3,75,10950,0.44,0.2,0.3
3903,2021-04-29 11:38:00,0.3,0.3,0.3,0.3,75,10950,0.44,0.2,0.3
3904,2021-04-29 11:39:00,0.3,0.3,0.3,0.3,75,10950,0.44,0.2,0.3
3905,2021-04-29 11:40:00,0.3,0.3,0.3,0.3,75,10950,0.44,0.2,0.3
3906,2021-04-29 11:41:00,0.3,0.3,0.3,0.3,75,10950,0.44,0.2,0.3
3907,2021-04-29 11:42:00,0.3,0.3,0.3,0.3,75,10950,0.44,0.2,0.3
3908,2021-04-29 11:43:00,0.3,0.3,0.3,0.3,75,10950,0.44,0.2,0.3
3909,2021-04-29 11:44:00,0.3,0.3,0.3,0.3,75,10950,0.44,0.2,0.3
3910,2021-04-29 11:45:00,0.3,0.3,0.3,0.3,75,10950,0.44,0.2,0.3
3911,2021-04-29 11:46:00,0.3,0.3,0.3,0.3,75,10950,0.44,0.2,0.3
3912,2021-04-29 11:47:00,0.3,0.3,0.3,0.3,75,10950,0.44,0.2,0.3
3913,2021-04-29 11:48:00,0.3,0.3,0.3,0.3,75,10950,0.44,0.2,0.3
3914,2021-04-29 11:49:00,0.3,0.3,0.3,0.3,75,10950,0.44,0.2,0.3
3915,2021-04-29 11:50:00,0.3,0.3,0.3,0.3,75,10950,0.44,0.2,0.3
3916,2021-04-29 11:51:00,0.3,0.3,0.3,0.3,75,10950,0.44,0.2,0.3
3917,2021-04-29 11:52:00,0.3,0.3,0.3,0.3,75,10950,0.44,0.2,0.3
3918,2021-04-29 11:53:00,0.3,0.3,0.3,0.3,75,10950,0.44,0.2,0.3
3919,2021-04-29 11:54:00,0.3,0.3,0.3,0.3,75,10950,0.44,0.2,0.3
3920,2021-04-29 11:55:00,0.3,0.3,0.3,0.3,75,10950,0.44,0.2,0.3
3921,2021-04-29 11:56:00,0.3,0.3,0.3,0.3,75,10950,0.44,0.2,0.3
3922,2021-04-29 11:57:00,0.3,0.3,0.3,0.3,75,10950,0.44,0.2,0.3
3923,2021-04-29 11:58:00,0.3,0.3,0.3,0.3,75,10950,0.44,0.2,0.3
3924,2021-04-29 11:59:00,0.3,0.3,0.3,0.3,75,10950,0.44,0.2,0.3
3925,2021-04-29 12:00:00,0.3,0.3,0.3,0.3,75,10950,0.44,0.2,0.3
3926,2021-04-29 12:01:00,0.3,0.3,0.3,0.3,75,10950,0.44,0.2,0.3
3927,2021-04-29 12:02:00,0.3,0.3,0.3,0.3,75,10950,0.44,0.2,0.3
3928,2021-04-29 12:03:00,0.3,0.3,0.3,0.3,75,10950,0.44,0.2,0.3
3929,2021-04-29 12:04:00,0.3,0.3,0.3,0.3,75,10950,0.44,0.2,0.3
3930,2021-04-29 12:05:00,0.3,0.3,0.3,0.3,75,10950,0.44,0.2,0.3
3931,2021-04-29 12:06:00,0.3,0.3,0.3,0.3,75,10950,0.44,0.2,0.3
3932,2021-04-29 12:07:00,0.3,0.3,0.3,0.3,75,10950,0.44,0.2,0.3
3933,2021-04-29 12:08:00,0.3,0.3,0.3,0.3,75,10950,0.44,0.2,0.3
3934,2021-04-29 12:09:00,0.3,0.3,0.3,0.3,75,10950,0.44,0.2,0.3
3935,2021-04-29 12:10:00,0.3,0.3,0.3,0.3,75,10950,0.44,0.2,0.3
3936,2021-04-29 12:11:00,0.1,0.1,0.1,0.1,3750,11025,0.37,0.2,0.3
3937,2021-04-29 12:12:00,0.1,0.1,0.1,0.1,3750,11025,0.37,0.2,0.3
3938,2021-04-29 12:13:00,0.1,0.1,0.1,0.1,3750,11025,0.37,0.2,0.3
3939,2021-04-29 12:14:00,0.1,0.1,0.1,0.1,3750,11025,0.37,0.2,0.3
3940,2021-04-29 12:15:00,0.1,0.1,0.1,0.1,3750,11025,0.37,0.2,0.3
3941,2021-04-29 12:16:00,0.1,0.1,0.1,0.1,3750,11025,0.37,0.2,0.3
3942,2021-04-29 12:17:00,0.1,0.1,0.1,0.1,3750,11025,0.37,0.2,0.3
3943,2021-04-29 12:18:00,0.1,0.1,0.1,0.1,3750,11025,0.37,0.2,0.3
3944,2021-04-29 12:19:00,0.1,0.1,0.1,0.1,3750,11025,0.37,0.2,0.3
3945,2021-04-29 12:20:00,0.1,0.1,0.1,0.1,3750,11025,0.37,0.2,0.3
3946,2021-04-29 12:21:00,0.1,0.1,0.1,0.1,3750,11025,0.37,0.2,0.3
3947,2021-04-29 12:22:00,0.1,0.1,0.1,0.1,3750,11025,0.37,0.2,0.3
3948,2021-04-29 12:23:00,0.1,0.1,0.1,0.1,3750,11025,0.37,0.2,0.3
3949,2021-04-29 12:24:00,0.1,0.1,0.1,0.1,3750,11025,0.37,0.2,0.3
3950,2021-04-29 12:25:00,0.1,0.1,0.1,0.1,3750,11025,0.37,0.2,0.3
3951,2021-04-29 12:26:00,0.1,0.1,0.1,0.1,3750,11025,0.37,0.2,0.3
3952,2021-04-29 12:27:00,0.1,0.1,0.1,0.1,3750,11025,0.37,0.2,0.3
3953,2021-04-29 12:28:00,0.1,0.1,0.1,0.1,3750,11025,0.37,0.2,0.3
3954,2021-04-29 12:29:00,0.1,0.1,0.1,0.1,3750,11025,0.37,0.2,0.3
3955,2021-04-29 12:30:00,0.1,0.1,0.1,0.1,3750,11025,0.37,0.2,0.3
3956,2021-04-29 12:31:00,0.1,0.1,0.1,0.1,3750,11025,0.37,0.2,0.3
3957,2021-04-29 12:32:00,0.1,0.1,0.1,0.1,3750,11025,0.37,0.2,0.3
3958,2021-04-29 12:33:00,0.1,0.1,0.1,0.1,3750,11025,0.37,0.2,0.3
3959,2021-04-29 12:34:00,0.1,0.1,0.1,0.1,3750,11025,0.37,0.2,0.3
3960,2021-04-29 12:35:00,0.1,0.1,0.1,0.1,3750,11025,0.37,0.2,0.3
3961,2021-04-29 12:36:00,0.1,0.1,0.1,0.1,3750,11025,0.37,0.2,0.3
3962,2021-04-29 12:37:00,0.15,0.15,0.15,0.15,1125,7275,0.36,0.15,0.3
3963,2021-04-29 12:38:00,0.15,0.15,0.15,0.15,1125,7275,0.36,0.15,0.3
3964,2021-04-29 12:39:00,0.15,0.15,0.15,0.15,1125,7275,0.36,0.15,0.3
3965,2021-04-29 12:40:00,0.15,0.15,0.15,0.15,1125,7275,0.36,0.15,0.3
3966,2021-04-29 12:41:00,0.15,0.15,0.15,0.15,1125,7275,0.36,0.15,0.3
3967,2021-04-29 12:42:00,0.15,0.15,0.15,0.15,1125,7275,0.36,0.15,0.3
3968,2021-04-29 12:43:00,0.15,0.15,0.15,0.15,1125,7275,0.36,0.15,0.3
3969,2021-04-29 12:44:00,0.15,0.15,0.15,0.15,1125,7275,0.36,0.15,0.3
3970,2021-04-29 12:45:00,0.15,0.15,0.15,0.15,1125,7275,0.36,0.15,0.3
3971,2021-04-29 12:46:00,0.15,0.15,0.15,0.15,1125,7275,0.36,0.15,0.3
3972,2021-04-29 12:47:00,0.15,0.15,0.15,0.15,1125,7275,0.36,0.15,0.3
3973,2021-04-29 12:48:00,0.15,0.15,0.15,0.15,1125,7275,0.36,0.15,0.3
3974,2021-04-29 12:49:00,0.15,0.15,0.15,0.15,1125,7275,0.36,0.15,0.3
3975,2021-04-29 12:50:00,0.15,0.15,0.15,0.15,1125,7275,0.36,0.15,0.3
3976,2021-04-29 12:51:00,0.15,0.15,0.15,0.15,1125,7275,0.36,0.15,0.3
3977,2021-04-29 12:52:00,0.15,0.15,0.15,0.15,1125,7275,0.36,0.15,0.3
3978,2021-04-29 12:53:00,0.15,0.15,0.15,0.15,1125,7275,0.36,0.15,0.3
3979,2021-04-29 12:54:00,0.15,0.15,0.15,0.15,1125,7275,0.36,0.15,0.3
3980,2021-04-29 12:55:00,0.15,0.15,0.15,0.15,1125,7275,0.36,0.15,0.3
3981,2021-04-29 12:56:00,0.15,0.15,0.15,0.15,1125,7275,0.36,0.15,0.3
3982,2021-04-29 12:57:00,0.15,0.15,0.15,0.15,1125,7275,0.36,0.15,0.3
3983,2021-04-29 12:58:00,0.15,0.15,0.15,0.15,1125,7275,0.36,0.15,0.3
3984,2021-04-29 12:59:00,0.15,0.15,0.15,0.15,1125,7275,0.36,0.15,0.3
3985,2021-04-29 13:00:00,0.15,0.15,0.15,0.15,1125,7275,0.36,0.15,0.3
3986,2021-04-29 13:01:00,0.15,0.15,0.15,0.15,1125,7275,0.36,0.15,0.3
3987,2021-04-29 13:02:00,0.15,0.15,0.15,0.15,1125,7275,0.36,0.15,0.3
3988,2021-04-29 13:03:00,0.15,0.15,0.15,0.15,1125,7275,0.36,0.15,0.3
3989,2021-04-29 13:04:00,0.15,0.15,0.15,0.15,1125,7275,0.36,0.15,0.3
3990,2021-04-29 13:05:00,0.15,0.15,0.15,0.15,1125,7275,0.36,0.15,0.3
3991,2021-04-29 13:06:00,0.15,0.15,0.15,0.15,1125,7275,0.36,0.15,0.3
3992,2021-04-29 13:07:00,0.15,0.15,0.15,0.15,1125,7275,0.36,0.15,0.3
3993,2021-04-29 13:08:00,0.15,0.15,0.15,0.15,1125,7275,0.36,0.15,0.3
3994,2021-04-29 13:09:00,0.15,0.15,0.15,0.15,1125,7275,0.36,0.15,0.3
3995,2021-04-29 13:10:00,0.15,0.15,0.15,0.15,1125,7275,0.36,0.15,0.3
3996,2021-04-29 13:11:00,0.15,0.15,0.15,0.15,1125,7275,0.36,0.15,0.3
3997,2021-04-29 13:12:00,0.15,0.15,0.15,0.15,1125,7275,0.36,0.15,0.3
3998,2021-04-29 13:13:00,0.15,0.15,0.15,0.15,1125,7275,0.36,0.15,0.3
3999,2021-04-29 13:14:00,0.15,0.15,0.15,0.15,1125,7275,0.36,0.15,0.3
4000,2021-04-29 13:15:00,0.15,0.15,0.15,0.15,1125,7275,0.36,0.15,0.3
4001,2021-04-29 13:16:00,0.15,0.15,0.15,0.15,1125,7275,0.36,0.15,0.3
4002,2021-04-29 13:17:00,0.15,0.15,0.15,0.15,1125,7275,0.36,0.15,0.3
4003,2021-04-29 13:18:00,0.15,0.15,0.15,0.15,1125,7275,0.36,0.15,0.3
4004,2021-04-29 13:19:00,0.15,0.15,0.15,0.15,1125,7275,0.36,0.15,0.3
4005,2021-04-29 13:20:00,0.15,0.15,0.15,0.15,1125,7275,0.36,0.15,0.3
4006,2021-04-29 13:21:00,0.15,0.15,0.15,0.15,1125,7275,0.36,0.15,0.3
4007,2021-04-29 13:22:00,0.15,0.15,0.15,0.15,1125,7275,0.36,0.15,0.3
4008,2021-04-29 13:23:00,0.15,0.15,0.15,0.15,1125,7275,0.36,0.15,0.3
4009,2021-04-29 13:24:00,0.15,0.15,0.15,0.15,1125,7275,0.36,0.15,0.3
4010,2021-04-29 13:25:00,0.15,0.15,0.15,0.15,1125,7275,0.36,0.15,0.3
4011,2021-04-29 13:26:00,0.15,0.15,0.15,0.15,1125,7275,0.36,0.15,0.3
4012,2021-04-29 13:27:00,0.15,0.15,0.15,0.15,1125,7275,0.36,0.15,0.3
4013,2021-04-29 13:28:00,0.15,0.15,0.15,0.15,1125,7275,0.36,0.15,0.3
4014,2021-04-29 13:29:00,0.15,0.15,0.15,0.15,1125,7275,0.36,0.15,0.3
4015,2021-04-29 13:30:00,0.15,0.15,0.15,0.15,1125,7275,0.36,0.15,0.3
4016,2021-04-29 13:31:00,0.15,0.15,0.15,0.15,75,0,0.35,0.05,0.4
4017,2021-04-29 13:32:00,0.15,0.15,0.15,0.15,75,0,0.35,0.05,0.4
4018,2021-04-29 13:33:00,0.15,0.15,0.15,0.15,75,0,0.35,0.05,0.4
4019,2021-04-29 13:34:00,0.15,0.15,0.15,0.15,75,0,0.35,0.05,0.4
4020,2021-04-29 13:35:00,0.15,0.15,0.15,0.15,75,0,0.35,0.05,0.4
4021,2021-04-29 13:36:00,0.15,0.15,0.15,0.15,75,0,0.35,0.05,0.4
4022,2021-04-29 13:37:00,0.15,0.15,0.15,0.15,75,0,0.35,0.05,0.4
4023,2021-04-29 13:38:00,0.15,0.15,0.15,0.15,75,0,0.35,0.05,0.4
4024,2021-04-29 13:39:00,0.15,0.15,0.15,0.15,75,0,0.35,0.05,0.4
4025,2021-04-29 13:40:00,0.15,0.15,0.15,0.15,75,0,0.35,0.05,0.4
4026,2021-04-29 13:41:00,0.15,0.15,0.15,0.15,75,0,0.35,0.05,0.4
4027,2021-04-29 13:42:00,0.15,0.15,0.15,0.15,75,0,0.35,0.05,0.4
4028,2021-04-29 13:43:00,0.15,0.15,0.15,0.15,75,0,0.35,0.05,0.4
4029,2021-04-29 13:44:00,0.15,0.15,0.15,0.15,75,0,0.35,0.05,0.4
4030,2021-04-29 13:45:00,0.15,0.15,0.15,0.15,75,0,0.35,0.05,0.4
4031,2021-04-29 13:46:00,0.15,0.15,0.15,0.15,75,0,0.35,0.05,0.4
4032,2021-04-29 13:47:00,0.15,0.15,0.15,0.15,75,0,0.35,0.05,0.4
4033,2021-04-29 13:48:00,0.15,0.15,0.15,0.15,75,0,0.35,0.05,0.4
4034,2021-04-29 13:49:00,0.15,0.15,0.15,0.15,75,0,0.35,0.05,0.4
4035,2021-04-29 13:50:00,0.15,0.15,0.15,0.15,75,0,0.35,0.05,0.4
4036,2021-04-29 13:51:00,0.15,0.15,0.15,0.15,75,0,0.35,0.05,0.4
4037,2021-04-29 13:52:00,0.15,0.15,0.15,0.15,75,0,0.35,0.05,0.4
4038,2021-04-29 13:53:00,0.15,0.15,0.15,0.15,75,0,0.35,0.05,0.4
4039,2021-04-29 13:54:00,0.15,0.15,0.15,0.15,75,0,0.35,0.05,0.4
4040,2021-04-29 13:55:00,0.15,0.15,0.15,0.15,75,0,0.35,0.05,0.4
4041,2021-04-29 13:56:00,0.15,0.15,0.15,0.15,75,0,0.35,0.05,0.4
4042,2021-04-29 13:57:00,0.15,0.15,0.15,0.15,75,0,0.35,0.05,0.4
4043,2021-04-29 13:58:00,0.15,0.15,0.15,0.15,75,0,0.35,0.05,0.4
4044,2021-04-29 13:59:00,0.15,0.15,0.15,0.15,75,0,0.35,0.05,0.4
4045,2021-04-29 14:00:00,0.15,0.15,0.15,0.15,75,0,0.35,0.05,0.4
4046,2021-04-29 14:01:00,0.15,0.15,0.15,0.15,75,0,0.35,0.05,0.4
4047,2021-04-29 14:02:00,0.15,0.15,0.15,0.15,75,0,0.35,0.05,0.4
4048,2021-04-29 14:03:00,0.15,0.15,0.15,0.15,75,0,0.35,0.05,0.4
4049,2021-04-29 14:04:00,0.15,0.15,0.15,0.15,75,0,0.35,0.05,0.4
4050,2021-04-29 14:05:00,0.15,0.15,0.15,0.15,75,0,0.35,0.05,0.4
4051,2021-04-29 14:06:00,0.15,0.15,0.15,0.15,75,0,0.35,0.05,0.4
4052,2021-04-29 14:07:00,0.15,0.15,0.15,0.15,75,0,0.35,0.05,0.4
4053,2021-04-29 14:08:00,0.15,0.15,0.15,0.15,75,0,0.35,0.05,0.4
4054,2021-04-29 14:09:00,0.15,0.15,0.15,0.15,75,0,0.35,0.05,0.4
4055,2021-04-29 14:10:00,0.15,0.15,0.15,0.15,75,0,0.35,0.05,0.4
4056,2021-04-29 14:11:00,0.15,0.15,0.15,0.15,75,0,0.35,0.05,0.4
4057,2021-04-29 14:12:00,0.15,0.15,0.15,0.15,75,0,0.35,0.05,0.4
4058,2021-04-29 14:13:00,0.15,0.15,0.15,0.15,75,0,0.35,0.05,0.4
4059,2021-04-29 14:14:00,0.15,0.15,0.15,0.15,75,0,0.35,0.05,0.4
4060,2021-04-29 14:15:00,0.15,0.15,0.15,0.15,75,0,0.35,0.05,0.4
4061,2021-04-29 14:16:00,0.15,0.15,0.15,0.15,75,0,0.35,0.05,0.4
4062,2021-04-29 14:17:00,0.15,0.15,0.15,0.15,75,0,0.35,0.05,0.4
4063,2021-04-29 14:18:00,0.15,0.15,0.15,0.15,75,0,0.35,0.05,0.4
4064,2021-04-29 14:19:00,0.15,0.15,0.15,0.15,75,0,0.35,0.05,0.4
4065,2021-04-29 14:20:00,0.15,0.15,0.15,0.15,75,0,0.35,0.05,0.4
4066,2021-04-29 14:21:00,0.15,0.15,0.15,0.15,75,0,0.35,0.05,0.4
4067,2021-04-29 14:22:00,0.15,0.15,0.15,0.15,75,0,0.35,0.05,0.4
4068,2021-04-29 14:23:00,0.15,0.15,0.15,0.15,75,0,0.35,0.05,0.4
4069,2021-04-29 14:24:00,0.15,0.15,0.15,0.15,75,0,0.35,0.05,0.4
4070,2021-04-29 14:25:00,0.15,0.15,0.15,0.15,75,0,0.35,0.05,0.4
4071,2021-04-29 14:26:00,0.15,0.15,0.15,0.15,75,0,0.35,0.05,0.4
4072,2021-04-29 14:27:00,0.15,0.15,0.15,0.15,75,0,0.35,0.05,0.4
4073,2021-04-29 14:28:00,0.15,0.15,0.15,0.15,75,0,0.35,0.05,0.4
4074,2021-04-29 14:29:00,0.15,0.15,0.15,0.15,75,0,0.35,0.05,0.4
4075,2021-04-29 14:30:00,0.15,0.15,0.15,0.15,75,0,0.35,0.05,0.4
4076,2021-04-29 14:31:00,0.15,0.15,0.15,0.15,75,0,0.35,0.05,0.4
4077,2021-04-29 14:32:00,0.15,0.15,0.15,0.15,75,0,0.35,0.05,0.4
4078,2021-04-29 14:33:00,0.15,0.15,0.15,0.15,75,0,0.35,0.05,0.4
4079,2021-04-29 14:34:00,0.15,0.15,0.15,0.15,75,0,0.35,0.05,0.4
4080,2021-04-29 14:35:00,0.15,0.15,0.15,0.15,75,0,0.35,0.05,0.4
4081,2021-04-29 14:36:00,0.15,0.15,0.15,0.15,75,0,0.35,0.05,0.4
4082,2021-04-29 14:37:00,0.15,0.15,0.15,0.15,75,0,0.35,0.05,0.4
4083,2021-04-29 14:38:00,0.15,0.15,0.15,0.15,75,0,0.35,0.05,0.4
4084,2021-04-29 14:39:00,0.15,0.15,0.15,0.15,75,0,0.35,0.05,0.4
4085,2021-04-29 14:40:00,0.15,0.15,0.15,0.15,75,0,0.35,0.05,0.4
4086,2021-04-29 14:41:00,0.15,0.15,0.15,0.15,75,0,0.35,0.05,0.4
4087,2021-04-29 14:42:00,0.15,0.15,0.15,0.15,75,0,0.35,0.05,0.4
4088,2021-04-29 14:43:00,0.15,0.15,0.15,0.15,75,0,0.35,0.05,0.4
4089,2021-04-29 14:44:00,0.15,0.15,0.15,0.15,75,0,0.35,0.05,0.4
4090,2021-04-29 14:45:00,0.15,0.15,0.15,0.15,75,0,0.35,0.05,0.4
4091,2021-04-29 14:46:00,0.15,0.15,0.15,0.15,75,0,0.35,0.05,0.4
4092,2021-04-29 14:47:00,0.15,0.15,0.15,0.15,75,0,0.35,0.05,0.4
4093,2021-04-29 14:48:00,0.15,0.15,0.15,0.15,75,0,0.35,0.05,0.4
4094,2021-04-29 14:49:00,0.15,0.15,0.15,0.15,75,0,0.35,0.05,0.4
4095,2021-04-29 14:50:00,0.15,0.15,0.15,0.15,75,0,0.35,0.05,0.4
4096,2021-04-29 14:51:00,0.15,0.15,0.15,0.15,75,0,0.35,0.05,0.4
4097,2021-04-29 14:52:00,0.15,0.15,0.15,0.15,75,0,0.35,0.05,0.4
4098,2021-04-29 14:53:00,0.15,0.15,0.15,0.15,75,0,0.35,0.05,0.4
4099,2021-04-29 14:54:00,0.15,0.15,0.15,0.15,75,0,0.35,0.05,0.4
4100,2021-04-29 14:55:00,0.15,0.15,0.15,0.15,75,0,0.35,0.05,0.4
4101,2021-04-29 14:56:00,0.15,0.15,0.15,0.15,75,0,0.35,0.05,0.4
4102,2021-04-29 14:57:00,0.15,0.15,0.15,0.15,75,0,0.35,0.05,0.4
4103,2021-04-29 14:58:00,0.15,0.15,0.15,0.15,75,0,0.35,0.05,0.4
4104,2021-04-29 14:59:00,0.15,0.15,0.15,0.15,75,0,0.35,0.05,0.4
4105,2021-04-29 15:00:00,0.15,0.15,0.15,0.15,75,0,0.35,0.05,0.4
4106,2021-04-29 15:01:00,0.15,0.15,0.15,0.15,75,0,0.35,0.05,0.4
4107,2021-04-29 15:02:00,0.05,0.05,0.05,0.05,1950,6300,0.32,0.0,0.15
4108,2021-04-29 15:03:00,0.05,0.05,0.05,0.05,1950,6300,0.32,0.0,0.15
4109,2021-04-29 15:04:00,0.05,0.05,0.05,0.05,1950,6300,0.32,0.0,0.15
4110,2021-04-29 15:05:00,0.05,0.05,0.05,0.05,1950,6300,0.32,0.0,0.15
4111,2021-04-29 15:06:00,0.05,0.05,0.05,0.05,1950,6300,0.32,0.0,0.15
4112,2021-04-29 15:07:00,0.05,0.05,0.05,0.05,1950,6300,0.32,0.0,0.15
4113,2021-04-29 15:08:00,0.05,0.05,0.05,0.05,1950,6300,0.32,0.0,0.15
4114,2021-04-29 15:09:00,0.05,0.05,0.05,0.05,1950,6300,0.32,0.0,0.15
4115,2021-04-29 15:10:00,0.05,0.05,0.05,0.05,1950,6300,0.32,0.0,0.15
4116,2021-04-29 15:11:00,0.05,0.05,0.05,0.05,1950,6300,0.32,0.0,0.15
4117,2021-04-29 15:12:00,0.05,0.05,0.05,0.05,1950,6300,0.32,0.0,0.15
4118,2021-04-29 15:13:00,0.05,0.05,0.05,0.05,1950,6300,0.32,0.0,0.15
4119,2021-04-29 15:14:00,0.05,0.05,0.05,0.05,1950,6300,0.32,0.0,0.15
4120,2021-04-29 15:15:00,0.05,0.05,0.05,0.05,1950,6300,0.32,0.0,0.15
4121,2021-04-29 15:16:00,0.05,0.05,0.05,0.05,1950,6300,0.32,0.0,0.15
4122,2021-04-29 15:17:00,0.05,0.05,0.05,0.05,1950,6300,0.32,0.0,0.15
4123,2021-04-29 15:18:00,0.05,0.05,0.05,0.05,1950,6300,0.32,0.0,0.15
4124,2021-04-29 15:19:00,0.05,0.05,0.05,0.05,1950,6300,0.32,0.0,0.15
4125,2021-04-29 15:20:00,0.05,0.05,0.05,0.05,1950,6300,0.32,0.0,0.15
4126,2021-04-29 15:21:00,0.05,0.05,0.05,0.05,1950,6300,0.32,0.0,0.15
4127,2021-04-29 15:22:00,0.05,0.05,0.05,0.05,1950,6300,0.32,0.0,0.15
4128,2021-04-29 15:23:00,0.05,0.05,0.05,0.05,1950,6300,0.32,0.0,0.15
4129,2021-04-29 15:24:00,0.05,0.05,0.05,0.05,1950,6300,0.32,0.0,0.15
4130,2021-04-29 15:25:00,0.15,0.15,0.15,0.15,75,6300,0.32,0.0,0.15
4131,2021-04-29 15:26:00,0.15,0.15,0.15,0.15,75,6300,0.32,0.0,0.15
4132,2021-04-29 15:27:00,0.15,0.15,0.15,0.15,75,6300,0.32,0.0,0.15
4133,2021-04-29 15:28:00,0.15,0.15,0.15,0.15,75,6300,0.32,0.0,0.15
4134,2021-04-29 15:29:00,0.15,0.15,0.15,0.15,75,6300,0.32,0.0,0.15
4135,2021-04-29 15:30:00,0.15,0.15,0.15,0.15,75,6300,0.32,0.0,0.15
4136,2021-04-29 09:15:00,0.85,0.85,0.85,0.85,1125,1125,0.85,0.05,0.85
4137,2021-04-29 09:16:00,0.85,0.85,0.85,0.85,75,1125,0.85,0.05,0.85
4138,2021-04-29 09:17:00,0.85,0.85,0.85,0.85,75,1125,0.85,0.05,0.85
4139,2021-04-29 09:18:00,0.85,0.85,0.85,0.85,75,1125,0.85,0.05,0.85
4140,2021-04-29 09:19:00,0.85,0.85,0.85,0.85,75,1125,0.85,0.05,0.85
4141,2021-04-29 09:20:00,0.85,0.85,0.85,0.85,75,1125,0.85,0.05,0.85
4142,2021-04-29 09:21:00,0.85,0.85,0.85,0.85,75,1125,0.85,0.05,0.85
4143,2021-04-29 09:22:00,0.85,0.85,0.85,0.85,75,1125,0.85,0.05,0.85
4144,2021-04-29 09:23:00,0.85,0.85,0.85,0.85,75,1125,0.85,0.05,0.85
4145,2021-04-29 09:24:00,0.85,0.85,0.85,0.85,75,1125,0.85,0.05,0.85
4146,2021-04-29 09:25:00,0.85,0.85,0.85,0.85,75,1125,0.85,0.05,0.85
4147,2021-04-29 09:26:00,0.4,0.4,0.4,0.4,375,2325,0.74,0.15,0.85
4148,2021-04-29 09:27:00,0.4,0.4,0.4,0.4,375,2325,0.74,0.15,0.85
4149,2021-04-29 09:28:00,0.4,0.4,0.4,0.4,375,2325,0.74,0.15,0.85
4150,2021-04-29 09:29:00,0.4,0.4,0.4,0.4,375,2325,0.74,0.15,0.85
4151,2021-04-29 09:30:00,0.4,0.4,0.4,0.4,375,2325,0.74,0.15,0.85
4152,2021-04-29 09:31:00,0.3,0.4,0.3,0.4,375,2625,0.66,0.3,0.4
4153,2021-04-29 09:32:00,0.3,0.4,0.3,0.4,375,2625,0.66,0.3,0.4
4154,2021-04-29 09:33:00,0.3,0.4,0.3,0.4,375,2625,0.66,0.3,0.4
4155,2021-04-29 09:34:00,0.3,0.4,0.3,0.4,375,2625,0.66,0.3,0.4
4156,2021-04-29 09:35:00,0.3,0.4,0.3,0.4,375,2625,0.66,0.3,0.4
4157,2021-04-29 09:36:00,0.3,0.4,0.3,0.4,375,2625,0.66,0.3,0.4
4158,2021-04-29 09:37:00,0.3,0.4,0.3,0.4,375,2625,0.66,0.3,0.4
4159,2021-04-29 09:38:00,0.3,0.4,0.3,0.4,375,2625,0.66,0.3,0.4
4160,2021-04-29 09:39:00,0.3,0.4,0.3,0.4,375,2625,0.66,0.3,0.4
4161,2021-04-29 09:40:00,0.3,0.4,0.3,0.4,375,2625,0.66,0.3,0.4
4162,2021-04-29 09:41:00,0.3,0.4,0.3,0.4,375,2625,0.66,0.3,0.4
4163,2021-04-29 09:42:00,0.35,0.35,0.35,0.35,75,2700,0.65,0.3,0.4
4164,2021-04-29 09:43:00,0.35,0.35,0.35,0.35,75,2700,0.65,0.3,0.4
4165,2021-04-29 09:44:00,0.35,0.35,0.35,0.35,75,2700,0.65,0.3,0.4
4166,2021-04-29 09:45:00,0.35,0.35,0.35,0.35,75,2700,0.65,0.3,0.4
4167,2021-04-29 09:46:00,0.35,0.35,0.35,0.35,75,2700,0.65,0.3,0.4
4168,2021-04-29 09:47:00,0.35,0.35,0.35,0.35,75,2700,0.65,0.3,0.4
4169,2021-04-29 09:48:00,0.35,0.35,0.35,0.35,75,2700,0.65,0.3,0.4
4170,2021-04-29 09:49:00,0.35,0.35,0.35,0.35,75,2700,0.65,0.3,0.4
4171,2021-04-29 09:50:00,0.35,0.35,0.35,0.35,75,2700,0.65,0.3,0.4
4172,2021-04-29 09:51:00,0.35,0.35,0.35,0.35,75,2700,0.65,0.3,0.4
4173,2021-04-29 09:52:00,0.35,0.35,0.35,0.35,75,2700,0.65,0.3,0.4
4174,2021-04-29 09:53:00,0.35,0.35,0.35,0.35,75,2700,0.64,0.25,0.4
4175,2021-04-29 09:54:00,0.35,0.35,0.35,0.35,75,2700,0.64,0.25,0.4
4176,2021-04-29 09:55:00,0.35,0.35,0.35,0.35,75,2700,0.64,0.25,0.4
4177,2021-04-29 09:56:00,0.35,0.35,0.35,0.35,75,2700,0.64,0.25,0.4
4178,2021-04-29 09:57:00,0.4,0.4,0.4,0.4,75,2700,0.63,0.15,0.85
4179,2021-04-29 09:58:00,0.4,0.4,0.4,0.4,300,2700,0.6,0.25,0.4
4180,2021-04-29 09:59:00,0.4,0.4,0.4,0.4,300,2700,0.6,0.25,0.4
4181,2021-04-29 10:00:00,0.4,0.4,0.4,0.4,300,2700,0.6,0.25,0.4
4182,2021-04-29 10:01:00,0.4,0.4,0.4,0.4,300,2700,0.6,0.25,0.4
4183,2021-04-29 10:02:00,0.4,0.4,0.4,0.4,300,2700,0.6,0.25,0.4
4184,2021-04-29 10:03:00,0.4,0.4,0.4,0.4,300,2700,0.6,0.25,0.4
4185,2021-04-29 10:04:00,0.4,0.4,0.4,0.4,300,2700,0.6,0.25,0.4
4186,2021-04-29 10:05:00,0.4,0.4,0.4,0.4,300,2700,0.6,0.25,0.4
4187,2021-04-29 10:06:00,0.4,0.4,0.4,0.4,300,2700,0.6,0.25,0.4
4188,2021-04-29 10:07:00,0.4,0.4,0.4,0.4,300,2700,0.6,0.25,0.4
4189,2021-04-29 10:08:00,0.4,0.4,0.4,0.4,300,2700,0.6,0.25,0.4
4190,2021-04-29 10:09:00,0.4,0.4,0.4,0.4,300,2700,0.6,0.25,0.4
4191,2021-04-29 10:10:00,0.4,0.4,0.4,0.4,300,2700,0.6,0.25,0.4
4192,2021-04-29 10:11:00,0.4,0.4,0.4,0.4,300,2700,0.6,0.25,0.4
4193,2021-04-29 10:12:00,0.4,0.4,0.4,0.4,300,2700,0.6,0.25,0.4
4194,2021-04-29 10:13:00,0.4,0.4,0.4,0.4,300,2700,0.6,0.25,0.4
4195,2021-04-29 10:14:00,0.4,0.4,0.4,0.4,300,2700,0.6,0.25,0.4
4196,2021-04-29 10:15:00,0.4,0.4,0.4,0.4,300,2700,0.6,0.25,0.4
4197,2021-04-29 10:16:00,0.4,0.4,0.4,0.4,300,2700,0.6,0.25,0.4
4198,2021-04-29 10:17:00,0.4,0.4,0.4,0.4,300,2700,0.6,0.25,0.4
4199,2021-04-29 10:18:00,0.4,0.4,0.4,0.4,300,2700,0.6,0.25,0.4
4200,2021-04-29 10:19:00,0.4,0.4,0.4,0.4,1200,3075,0.54,0.25,0.4
4201,2021-04-29 10:20:00,0.4,0.4,0.4,0.4,1200,3075,0.54,0.25,0.4
4202,2021-04-29 10:21:00,0.4,0.4,0.4,0.4,1200,3075,0.54,0.25,0.4
4203,2021-04-29 10:22:00,0.4,0.75,0.3,0.75,2325,3075,0.52,0.3,0.4
4204,2021-04-29 10:23:00,0.4,0.75,0.3,0.75,2325,3075,0.52,0.3,0.4
4205,2021-04-29 10:24:00,0.4,0.75,0.3,0.75,2325,3075,0.52,0.3,0.4
4206,2021-04-29 10:25:00,0.4,0.75,0.3,0.75,2325,3075,0.52,0.3,0.4
4207,2021-04-29 10:26:00,0.4,0.4,0.4,0.4,750,3075,0.51,0.3,0.4
4208,2021-04-29 10:27:00,0.4,0.4,0.4,0.4,750,3075,0.51,0.3,0.4
4209,2021-04-29 10:28:00,0.4,0.4,0.4,0.4,750,3075,0.51,0.3,0.4
4210,2021-04-29 10:29:00,0.4,0.4,0.4,0.4,750,3075,0.51,0.3,0.4
4211,2021-04-29 10:30:00,0.4,0.4,0.4,0.4,750,3075,0.51,0.3,0.4
4212,2021-04-29 10:31:00,0.4,0.4,0.4,0.4,750,3075,0.51,0.3,0.4
4213,2021-04-29 10:32:00,0.35,0.35,0.35,0.35,750,3075,0.49,0.25,0.4
4214,2021-04-29 10:33:00,0.35,0.35,0.35,0.35,750,3075,0.49,0.25,0.4
4215,2021-04-29 10:34:00,0.35,0.35,0.35,0.35,750,3075,0.49,0.25,0.4
4216,2021-04-29 10:35:00,0.35,0.35,0.35,0.35,750,3075,0.49,0.25,0.4
4217,2021-04-29 10:36:00,0.35,0.35,0.35,0.35,750,3075,0.49,0.25,0.4
4218,2021-04-29 10:37:00,0.35,0.35,0.35,0.35,750,3075,0.49,0.25,0.4
4219,2021-04-29 10:38:00,0.4,0.4,0.4,0.4,75,0,0.49,0.25,0.4
4220,2021-04-29 10:39:00,0.4,0.4,0.4,0.4,75,0,0.49,0.25,0.4
4221,2021-04-29 10:40:00,0.4,0.4,0.4,0.4,75,6375,0.49,0.25,0.4
4222,2021-04-29 10:41:00,0.4,0.4,0.4,0.4,75,6375,0.49,0.25,0.4
4223,2021-04-29 10:42:00,0.4,0.4,0.4,0.4,75,6375,0.49,0.25,0.4
4224,2021-04-29 10:43:00,0.4,0.4,0.4,0.4,75,6375,0.49,0.25,0.4
4225,2021-04-29 10:44:00,0.4,0.4,0.4,0.4,75,6375,0.49,0.25,0.4
4226,2021-04-29 10:45:00,0.35,0.35,0.35,0.35,75,7125,0.49,0.25,0.35
4227,2021-04-29 10:46:00,0.35,0.35,0.35,0.35,75,7125,0.49,0.25,0.35
4228,2021-04-29 10:47:00,0.35,0.35,0.35,0.35,75,7125,0.49,0.25,0.35
4229,2021-04-29 10:48:00,0.35,0.35,0.35,0.35,75,7125,0.49,0.25,0.35
4230,2021-04-29 10:49:00,0.35,0.35,0.35,0.35,75,7125,0.49,0.25,0.35
4231,2021-04-29 10:50:00,0.35,0.35,0.35,0.35,75,7125,0.49,0.25,0.35
4232,2021-04-29 10:51:00,0.35,0.35,0.35,0.35,3750,7125,0.44,0.25,0.35
4233,2021-04-29 10:52:00,0.35,0.35,0.35,0.35,3750,7125,0.44,0.25,0.35
4234,2021-04-29 10:53:00,0.35,0.35,0.35,0.35,3750,7125,0.44,0.25,0.35
4235,2021-04-29 10:54:00,0.35,0.35,0.35,0.35,3750,7125,0.44,0.25,0.35
4236,2021-04-29 10:55:00,0.35,0.35,0.35,0.35,3750,7125,0.44,0.25,0.35
4237,2021-04-29 10:56:00,0.35,0.35,0.35,0.35,3750,7125,0.44,0.25,0.35
4238,2021-04-29 10:57:00,0.35,0.35,0.35,0.35,3750,7125,0.44,0.25,0.35
4239,2021-04-29 10:58:00,0.35,0.35,0.35,0.35,3750,7125,0.44,0.25,0.35
4240,2021-04-29 10:59:00,0.35,0.35,0.35,0.35,3750,7125,0.44,0.25,0.35
4241,2021-04-29 11:00:00,0.35,0.35,0.35,0.35,3750,7125,0.44,0.25,0.35
4242,2021-04-29 11:01:00,0.35,0.35,0.35,0.35,3750,7125,0.44,0.25,0.35
4243,2021-04-29 11:02:00,0.35,0.35,0.35,0.35,3750,7125,0.44,0.25,0.35
4244,2021-04-29 11:03:00,0.35,0.35,0.35,0.35,3750,7125,0.44,0.25,0.35
4245,2021-04-29 11:04:00,0.35,0.35,0.35,0.35,3750,7125,0.44,0.25,0.35
4246,2021-04-29 11:05:00,0.35,0.35,0.35,0.35,3750,7125,0.44,0.25,0.35
4247,2021-04-29 11:06:00,0.35,0.35,0.35,0.35,3750,7125,0.44,0.25,0.35
4248,2021-04-29 11:07:00,0.35,0.35,0.35,0.35,3750,7125,0.44,0.25,0.35
4249,2021-04-29 11:08:00,0.35,0.35,0.35,0.35,3750,7125,0.44,0.25,0.35
4250,2021-04-29 11:09:00,0.35,0.35,0.35,0.35,3750,7125,0.44,0.25,0.35
4251,2021-04-29 11:10:00,0.35,0.35,0.35,0.35,3750,7125,0.44,0.25,0.35
4252,2021-04-29 11:11:00,0.35,0.35,0.35,0.35,3750,7125,0.44,0.25,0.35
4253,2021-04-29 11:12:00,0.3,0.3,0.3,0.3,75,10950,0.44,0.2,0.3
4254,2021-04-29 11:13:00,0.3,0.3,0.3,0.3,75,10950,0.44,0.2,0.3
4255,2021-04-29 11:14:00,0.3,0.3,0.3,0.3,75,10950,0.44,0.2,0.3
4256,2021-04-29 11:15:00,0.3,0.3,0.3,0.3,75,10950,0.44,0.2,0.3
4257,2021-04-29 11:16:00,0.3,0.3,0.3,0.3,75,10950,0.44,0.2,0.3
4258,2021-04-29 11:17:00,0.3,0.3,0.3,0.3,75,10950,0.44,0.2,0.3
4259,2021-04-29 11:18:00,0.3,0.3,0.3,0.3,75,10950,0.44,0.2,0.3
4260,2021-04-29 11:19:00,0.3,0.3,0.3,0.3,75,10950,0.44,0.2,0.3
4261,2021-04-29 11:20:00,0.3,0.3,0.3,0.3,75,10950,0.44,0.2,0.3
4262,2021-04-29 11:21:00,0.3,0.3,0.3,0.3,75,10950,0.44,0.2,0.3
4263,2021-04-29 11:22:00,0.3,0.3,0.3,0.3,75,10950,0.44,0.2,0.3
4264,2021-04-29 11:23:00,0.3,0.3,0.3,0.3,75,10950,0.44,0.2,0.3
4265,2021-04-29 11:24:00,0.3,0.3,0.3,0.3,75,10950,0.44,0.2,0.3
4266,2021-04-29 11:25:00,0.3,0.3,0.3,0.3,75,10950,0.44,0.2,0.3
4267,2021-04-29 11:26:00,0.3,0.3,0.3,0.3,75,10950,0.44,0.2,0.3
4268,2021-04-29 11:27:00,0.3,0.3,0.3,0.3,75,10950,0.44,0.2,0.3
4269,2021-04-29 11:28:00,0.3,0.3,0.3,0.3,75,10950,0.44,0.2,0.3
4270,2021-04-29 11:29:00,0.3,0.3,0.3,0.3,75,10950,0.44,0.2,0.3
4271,2021-04-29 11:30:00,0.3,0.3,0.3,0.3,75,10950,0.44,0.2,0.3
4272,2021-04-29 11:31:00,0.3,0.3,0.3,0.3,75,10950,0.44,0.2,0.3
4273,2021-04-29 11:32:00,0.3,0.3,0.3,0.3,75,10950,0.44,0.2,0.3
4274,2021-04-29 11:33:00,0.3,0.3,0.3,0.3,75,10950,0.44,0.2,0.3
4275,2021-04-29 11:34:00,0.3,0.3,0.3,0.3,75,10950,0.44,0.2,0.3
4276,2021-04-29 11:35:00,0.3,0.3,0.3,0.3,75,10950,0.44,0.2,0.3
4277,2021-04-29 11:36:00,0.3,0.3,0.3,0.3,75,10950,0.44,0.2,0.3
4278,2021-04-29 11:37:00,0.3,0.3,0.3,0.3,75,10950,0.44,0.2,0.3
4279,2021-04-29 11:38:00,0.3,0.3,0.3,0.3,75,10950,0.44,0.2,0.3
4280,2021-04-29 11:39:00,0.3,0.3,0.3,0.3,75,10950,0.44,0.2,0.3
4281,2021-04-29 11:40:00,0.3,0.3,0.3,0.3,75,10950,0.44,0.2,0.3
4282,2021-04-29 11:41:00,0.3,0.3,0.3,0.3,75,10950,0.44,0.2,0.3
4283,2021-04-29 11:42:00,0.3,0.3,0.3,0.3,75,10950,0.44,0.2,0.3
4284,2021-04-29 11:43:00,0.3,0.3,0.3,0.3,75,10950,0.44,0.2,0.3
4285,2021-04-29 11:44:00,0.3,0.3,0.3,0.3,75,10950,0.44,0.2,0.3
4286,2021-04-29 11:45:00,0.3,0.3,0.3,0.3,75,10950,0.44,0.2,0.3
4287,2021-04-29 11:46:00,0.3,0.3,0.3,0.3,75,10950,0.44,0.2,0.3
4288,2021-04-29 11:47:00,0.3,0.3,0.3,0.3,75,10950,0.44,0.2,0.3
4289,2021-04-29 11:48:00,0.3,0.3,0.3,0.3,75,10950,0.44,0.2,0.3
4290,2021-04-29 11:49:00,0.3,0.3,0.3,0.3,75,10950,0.44,0.2,0.3
4291,2021-04-29 11:50:00,0.3,0.3,0.3,0.3,75,10950,0.44,0.2,0.3
4292,2021-04-29 11:51:00,0.3,0.3,0.3,0.3,75,10950,0.44,0.2,0.3
4293,2021-04-29 11:52:00,0.3,0.3,0.3,0.3,75,10950,0.44,0.2,0.3
4294,2021-04-29 11:53:00,0.3,0.3,0.3,0.3,75,10950,0.44,0.2,0.3
4295,2021-04-29 11:54:00,0.3,0.3,0.3,0.3,75,10950,0.44,0.2,0.3
4296,2021-04-29 11:55:00,0.3,0.3,0.3,0.3,75,10950,0.44,0.2,0.3
4297,2021-04-29 11:56:00,0.3,0.3,0.3,0.3,75,10950,0.44,0.2,0.3
4298,2021-04-29 11:57:00,0.3,0.3,0.3,0.3,75,10950,0.44,0.2,0.3
4299,2021-04-29 11:58:00,0.3,0.3,0.3,0.3,75,10950,0.44,0.2,0.3
4300,2021-04-29 11:59:00,0.3,0.3,0.3,0.3,75,10950,0.44,0.2,0.3
4301,2021-04-29 12:00:00,0.3,0.3,0.3,0.3,75,10950,0.44,0.2,0.3
4302,2021-04-29 12:01:00,0.3,0.3,0.3,0.3,75,10950,0.44,0.2,0.3
4303,2021-04-29 12:02:00,0.3,0.3,0.3,0.3,75,10950,0.44,0.2,0.3
4304,2021-04-29 12:03:00,0.3,0.3,0.3,0.3,75,10950,0.44,0.2,0.3
4305,2021-04-29 12:04:00,0.3,0.3,0.3,0.3,75,10950,0.44,0.2,0.3
4306,2021-04-29 12:05:00,0.3,0.3,0.3,0.3,75,10950,0.44,0.2,0.3
4307,2021-04-29 12:06:00,0.3,0.3,0.3,0.3,75,10950,0.44,0.2,0.3
4308,2021-04-29 12:07:00,0.3,0.3,0.3,0.3,75,10950,0.44,0.2,0.3
4309,2021-04-29 12:08:00,0.3,0.3,0.3,0.3,75,10950,0.44,0.2,0.3
4310,2021-04-29 12:09:00,0.3,0.3,0.3,0.3,75,10950,0.44,0.2,0.3
4311,2021-04-29 12:10:00,0.3,0.3,0.3,0.3,75,10950,0.44,0.2,0.3
4312,2021-04-29 12:11:00,0.1,0.1,0.1,0.1,3750,11025,0.37,0.2,0.3
4313,2021-04-29 12:12:00,0.1,0.1,0.1,0.1,3750,11025,0.37,0.2,0.3
4314,2021-04-29 12:13:00,0.1,0.1,0.1,0.1,3750,11025,0.37,0.2,0.3
4315,2021-04-29 12:14:00,0.1,0.1,0.1,0.1,3750,11025,0.37,0.2,0.3
4316,2021-04-29 12:15:00,0.1,0.1,0.1,0.1,3750,11025,0.37,0.2,0.3
4317,2021-04-29 12:16:00,0.1,0.1,0.1,0.1,3750,11025,0.37,0.2,0.3
4318,2021-04-29 12:17:00,0.1,0.1,0.1,0.1,3750,11025,0.37,0.2,0.3
4319,2021-04-29 12:18:00,0.1,0.1,0.1,0.1,3750,11025,0.37,0.2,0.3
4320,2021-04-29 12:19:00,0.1,0.1,0.1,0.1,3750,11025,0.37,0.2,0.3
4321,2021-04-29 12:20:00,0.1,0.1,0.1,0.1,3750,11025,0.37,0.2,0.3
4322,2021-04-29 12:21:00,0.1,0.1,0.1,0.1,3750,11025,0.37,0.2,0.3
4323,2021-04-29 12:22:00,0.1,0.1,0.1,0.1,3750,11025,0.37,0.2,0.3
4324,2021-04-29 12:23:00,0.1,0.1,0.1,0.1,3750,11025,0.37,0.2,0.3
4325,2021-04-29 12:24:00,0.1,0.1,0.1,0.1,3750,11025,0.37,0.2,0.3
4326,2021-04-29 12:25:00,0.1,0.1,0.1,0.1,3750,11025,0.37,0.2,0.3
4327,2021-04-29 12:26:00,0.1,0.1,0.1,0.1,3750,11025,0.37,0.2,0.3
4328,2021-04-29 12:27:00,0.1,0.1,0.1,0.1,3750,11025,0.37,0.2,0.3
4329,2021-04-29 12:28:00,0.1,0.1,0.1,0.1,3750,11025,0.37,0.2,0.3
4330,2021-04-29 12:29:00,0.1,0.1,0.1,0.1,3750,11025,0.37,0.2,0.3
4331,2021-04-29 12:30:00,0.1,0.1,0.1,0.1,3750,11025,0.37,0.2,0.3
4332,2021-04-29 12:31:00,0.1,0.1,0.1,0.1,3750,11025,0.37,0.2,0.3
4333,2021-04-29 12:32:00,0.1,0.1,0.1,0.1,3750,11025,0.37,0.2,0.3
4334,2021-04-29 12:33:00,0.1,0.1,0.1,0.1,3750,11025,0.37,0.2,0.3
4335,2021-04-29 12:34:00,0.1,0.1,0.1,0.1,3750,11025,0.37,0.2,0.3
4336,2021-04-29 12:35:00,0.1,0.1,0.1,0.1,3750,11025,0.37,0.2,0.3
4337,2021-04-29 12:36:00,0.1,0.1,0.1,0.1,3750,11025,0.37,0.2,0.3
4338,2021-04-29 12:37:00,0.15,0.15,0.15,0.15,1125,7275,0.36,0.15,0.3
4339,2021-04-29 12:38:00,0.15,0.15,0.15,0.15,1125,7275,0.36,0.15,0.3
4340,2021-04-29 12:39:00,0.15,0.15,0.15,0.15,1125,7275,0.36,0.15,0.3
4341,2021-04-29 12:40:00,0.15,0.15,0.15,0.15,1125,7275,0.36,0.15,0.3
4342,2021-04-29 12:41:00,0.15,0.15,0.15,0.15,1125,7275,0.36,0.15,0.3
4343,2021-04-29 12:42:00,0.15,0.15,0.15,0.15,1125,7275,0.36,0.15,0.3
4344,2021-04-29 12:43:00,0.15,0.15,0.15,0.15,1125,7275,0.36,0.15,0.3
4345,2021-04-29 12:44:00,0.15,0.15,0.15,0.15,1125,7275,0.36,0.15,0.3
4346,2021-04-29 12:45:00,0.15,0.15,0.15,0.15,1125,7275,0.36,0.15,0.3
4347,2021-04-29 12:46:00,0.15,0.15,0.15,0.15,1125,7275,0.36,0.15,0.3
4348,2021-04-29 12:47:00,0.15,0.15,0.15,0.15,1125,7275,0.36,0.15,0.3
4349,2021-04-29 12:48:00,0.15,0.15,0.15,0.15,1125,7275,0.36,0.15,0.3
4350,2021-04-29 12:49:00,0.15,0.15,0.15,0.15,1125,7275,0.36,0.15,0.3
4351,2021-04-29 12:50:00,0.15,0.15,0.15,0.15,1125,7275,0.36,0.15,0.3
4352,2021-04-29 12:51:00,0.15,0.15,0.15,0.15,1125,7275,0.36,0.15,0.3
4353,2021-04-29 12:52:00,0.15,0.15,0.15,0.15,1125,7275,0.36,0.15,0.3
4354,2021-04-29 12:53:00,0.15,0.15,0.15,0.15,1125,7275,0.36,0.15,0.3
4355,2021-04-29 12:54:00,0.15,0.15,0.15,0.15,1125,7275,0.36,0.15,0.3
4356,2021-04-29 12:55:00,0.15,0.15,0.15,0.15,1125,7275,0.36,0.15,0.3
4357,2021-04-29 12:56:00,0.15,0.15,0.15,0.15,1125,7275,0.36,0.15,0.3
4358,2021-04-29 12:57:00,0.15,0.15,0.15,0.15,1125,7275,0.36,0.15,0.3
4359,2021-04-29 12:58:00,0.15,0.15,0.15,0.15,1125,7275,0.36,0.15,0.3
4360,2021-04-29 12:59:00,0.15,0.15,0.15,0.15,1125,7275,0.36,0.15,0.3
4361,2021-04-29 13:00:00,0.15,0.15,0.15,0.15,1125,7275,0.36,0.15,0.3
4362,2021-04-29 13:01:00,0.15,0.15,0.15,0.15,1125,7275,0.36,0.15,0.3
4363,2021-04-29 13:02:00,0.15,0.15,0.15,0.15,1125,7275,0.36,0.15,0.3
4364,2021-04-29 13:03:00,0.15,0.15,0.15,0.15,1125,7275,0.36,0.15,0.3
4365,2021-04-29 13:04:00,0.15,0.15,0.15,0.15,1125,7275,0.36,0.15,0.3
4366,2021-04-29 13:05:00,0.15,0.15,0.15,0.15,1125,7275,0.36,0.15,0.3
4367,2021-04-29 13:06:00,0.15,0.15,0.15,0.15,1125,7275,0.36,0.15,0.3
4368,2021-04-29 13:07:00,0.15,0.15,0.15,0.15,1125,7275,0.36,0.15,0.3
4369,2021-04-29 13:08:00,0.15,0.15,0.15,0.15,1125,7275,0.36,0.15,0.3
4370,2021-04-29 13:09:00,0.15,0.15,0.15,0.15,1125,7275,0.36,0.15,0.3
4371,2021-04-29 13:10:00,0.15,0.15,0.15,0.15,1125,7275,0.36,0.15,0.3
4372,2021-04-29 13:11:00,0.15,0.15,0.15,0.15,1125,7275,0.36,0.15,0.3
4373,2021-04-29 13:12:00,0.15,0.15,0.15,0.15,1125,7275,0.36,0.15,0.3
4374,2021-04-29 13:13:00,0.15,0.15,0.15,0.15,1125,7275,0.36,0.15,0.3
4375,2021-04-29 13:14:00,0.15,0.15,0.15,0.15,1125,7275,0.36,0.15,0.3
4376,2021-04-29 13:15:00,0.15,0.15,0.15,0.15,1125,7275,0.36,0.15,0.3
4377,2021-04-29 13:16:00,0.15,0.15,0.15,0.15,1125,7275,0.36,0.15,0.3
4378,2021-04-29 13:17:00,0.15,0.15,0.15,0.15,1125,7275,0.36,0.15,0.3
4379,2021-04-29 13:18:00,0.15,0.15,0.15,0.15,1125,7275,0.36,0.15,0.3
4380,2021-04-29 13:19:00,0.15,0.15,0.15,0.15,1125,7275,0.36,0.15,0.3
4381,2021-04-29 13:20:00,0.15,0.15,0.15,0.15,1125,7275,0.36,0.15,0.3
4382,2021-04-29 13:21:00,0.15,0.15,0.15,0.15,1125,7275,0.36,0.15,0.3
4383,2021-04-29 13:22:00,0.15,0.15,0.15,0.15,1125,7275,0.36,0.15,0.3
4384,2021-04-29 13:23:00,0.15,0.15,0.15,0.15,1125,7275,0.36,0.15,0.3
4385,2021-04-29 13:24:00,0.15,0.15,0.15,0.15,1125,7275,0.36,0.15,0.3
4386,2021-04-29 13:25:00,0.15,0.15,0.15,0.15,1125,7275,0.36,0.15,0.3
4387,2021-04-29 13:26:00,0.15,0.15,0.15,0.15,1125,7275,0.36,0.15,0.3
4388,2021-04-29 13:27:00,0.15,0.15,0.15,0.15,1125,7275,0.36,0.15,0.3
4389,2021-04-29 13:28:00,0.15,0.15,0.15,0.15,1125,7275,0.36,0.15,0.3
4390,2021-04-29 13:29:00,0.15,0.15,0.15,0.15,1125,7275,0.36,0.15,0.3
4391,2021-04-29 13:30:00,0.15,0.15,0.15,0.15,1125,7275,0.36,0.15,0.3
4392,2021-04-29 13:31:00,0.15,0.15,0.15,0.15,75,0,0.35,0.05,0.4
4393,2021-04-29 13:32:00,0.15,0.15,0.15,0.15,75,0,0.35,0.05,0.4
4394,2021-04-29 13:33:00,0.15,0.15,0.15,0.15,75,0,0.35,0.05,0.4
4395,2021-04-29 13:34:00,0.15,0.15,0.15,0.15,75,0,0.35,0.05,0.4
4396,2021-04-29 13:35:00,0.15,0.15,0.15,0.15,75,0,0.35,0.05,0.4
4397,2021-04-29 13:36:00,0.15,0.15,0.15,0.15,75,0,0.35,0.05,0.4
4398,2021-04-29 13:37:00,0.15,0.15,0.15,0.15,75,0,0.35,0.05,0.4
4399,2021-04-29 13:38:00,0.15,0.15,0.15,0.15,75,0,0.35,0.05,0.4
4400,2021-04-29 13:39:00,0.15,0.15,0.15,0.15,75,0,0.35,0.05,0.4
4401,2021-04-29 13:40:00,0.15,0.15,0.15,0.15,75,0,0.35,0.05,0.4
4402,2021-04-29 13:41:00,0.15,0.15,0.15,0.15,75,0,0.35,0.05,0.4
4403,2021-04-29 13:42:00,0.15,0.15,0.15,0.15,75,0,0.35,0.05,0.4
4404,2021-04-29 13:43:00,0.15,0.15,0.15,0.15,75,0,0.35,0.05,0.4
4405,2021-04-29 13:44:00,0.15,0.15,0.15,0.15,75,0,0.35,0.05,0.4
4406,2021-04-29 13:45:00,0.15,0.15,0.15,0.15,75,0,0.35,0.05,0.4
4407,2021-04-29 13:46:00,0.15,0.15,0.15,0.15,75,0,0.35,0.05,0.4
4408,2021-04-29 13:47:00,0.15,0.15,0.15,0.15,75,0,0.35,0.05,0.4
4409,2021-04-29 13:48:00,0.15,0.15,0.15,0.15,75,0,0.35,0.05,0.4
4410,2021-04-29 13:49:00,0.15,0.15,0.15,0.15,75,0,0.35,0.05,0.4
4411,2021-04-29 13:50:00,0.15,0.15,0.15,0.15,75,0,0.35,0.05,0.4
4412,2021-04-29 13:51:00,0.15,0.15,0.15,0.15,75,0,0.35,0.05,0.4
4413,2021-04-29 13:52:00,0.15,0.15,0.15,0.15,75,0,0.35,0.05,0.4
4414,2021-04-29 13:53:00,0.15,0.15,0.15,0.15,75,0,0.35,0.05,0.4
4415,2021-04-29 13:54:00,0.15,0.15,0.15,0.15,75,0,0.35,0.05,0.4
4416,2021-04-29 13:55:00,0.15,0.15,0.15,0.15,75,0,0.35,0.05,0.4
4417,2021-04-29 13:56:00,0.15,0.15,0.15,0.15,75,0,0.35,0.05,0.4
4418,2021-04-29 13:57:00,0.15,0.15,0.15,0.15,75,0,0.35,0.05,0.4
4419,2021-04-29 13:58:00,0.15,0.15,0.15,0.15,75,0,0.35,0.05,0.4
4420,2021-04-29 13:59:00,0.15,0.15,0.15,0.15,75,0,0.35,0.05,0.4
4421,2021-04-29 14:00:00,0.15,0.15,0.15,0.15,75,0,0.35,0.05,0.4
4422,2021-04-29 14:01:00,0.15,0.15,0.15,0.15,75,0,0.35,0.05,0.4
4423,2021-04-29 14:02:00,0.15,0.15,0.15,0.15,75,0,0.35,0.05,0.4
4424,2021-04-29 14:03:00,0.15,0.15,0.15,0.15,75,0,0.35,0.05,0.4
4425,2021-04-29 14:04:00,0.15,0.15,0.15,0.15,75,0,0.35,0.05,0.4
4426,2021-04-29 14:05:00,0.15,0.15,0.15,0.15,75,0,0.35,0.05,0.4
4427,2021-04-29 14:06:00,0.15,0.15,0.15,0.15,75,0,0.35,0.05,0.4
4428,2021-04-29 14:07:00,0.15,0.15,0.15,0.15,75,0,0.35,0.05,0.4
4429,2021-04-29 14:08:00,0.15,0.15,0.15,0.15,75,0,0.35,0.05,0.4
4430,2021-04-29 14:09:00,0.15,0.15,0.15,0.15,75,0,0.35,0.05,0.4
4431,2021-04-29 14:10:00,0.15,0.15,0.15,0.15,75,0,0.35,0.05,0.4
4432,2021-04-29 14:11:00,0.15,0.15,0.15,0.15,75,0,0.35,0.05,0.4
4433,2021-04-29 14:12:00,0.15,0.15,0.15,0.15,75,0,0.35,0.05,0.4
4434,2021-04-29 14:13:00,0.15,0.15,0.15,0.15,75,0,0.35,0.05,0.4
4435,2021-04-29 14:14:00,0.15,0.15,0.15,0.15,75,0,0.35,0.05,0.4
4436,2021-04-29 14:15:00,0.15,0.15,0.15,0.15,75,0,0.35,0.05,0.4
4437,2021-04-29 14:16:00,0.15,0.15,0.15,0.15,75,0,0.35,0.05,0.4
4438,2021-04-29 14:17:00,0.15,0.15,0.15,0.15,75,0,0.35,0.05,0.4
4439,2021-04-29 14:18:00,0.15,0.15,0.15,0.15,75,0,0.35,0.05,0.4
4440,2021-04-29 14:19:00,0.15,0.15,0.15,0.15,75,0,0.35,0.05,0.4
4441,2021-04-29 14:20:00,0.15,0.15,0.15,0.15,75,0,0.35,0.05,0.4
4442,2021-04-29 14:21:00,0.15,0.15,0.15,0.15,75,0,0.35,0.05,0.4
4443,2021-04-29 14:22:00,0.15,0.15,0.15,0.15,75,0,0.35,0.05,0.4
4444,2021-04-29 14:23:00,0.15,0.15,0.15,0.15,75,0,0.35,0.05,0.4
4445,2021-04-29 14:24:00,0.15,0.15,0.15,0.15,75,0,0.35,0.05,0.4
4446,2021-04-29 14:25:00,0.15,0.15,0.15,0.15,75,0,0.35,0.05,0.4
4447,2021-04-29 14:26:00,0.15,0.15,0.15,0.15,75,0,0.35,0.05,0.4
4448,2021-04-29 14:27:00,0.15,0.15,0.15,0.15,75,0,0.35,0.05,0.4
4449,2021-04-29 14:28:00,0.15,0.15,0.15,0.15,75,0,0.35,0.05,0.4
4450,2021-04-29 14:29:00,0.15,0.15,0.15,0.15,75,0,0.35,0.05,0.4
4451,2021-04-29 14:30:00,0.15,0.15,0.15,0.15,75,0,0.35,0.05,0.4
4452,2021-04-29 14:31:00,0.15,0.15,0.15,0.15,75,0,0.35,0.05,0.4
4453,2021-04-29 14:32:00,0.15,0.15,0.15,0.15,75,0,0.35,0.05,0.4
4454,2021-04-29 14:33:00,0.15,0.15,0.15,0.15,75,0,0.35,0.05,0.4
4455,2021-04-29 14:34:00,0.15,0.15,0.15,0.15,75,0,0.35,0.05,0.4
4456,2021-04-29 14:35:00,0.15,0.15,0.15,0.15,75,0,0.35,0.05,0.4
4457,2021-04-29 14:36:00,0.15,0.15,0.15,0.15,75,0,0.35,0.05,0.4
4458,2021-04-29 14:37:00,0.15,0.15,0.15,0.15,75,0,0.35,0.05,0.4
4459,2021-04-29 14:38:00,0.15,0.15,0.15,0.15,75,0,0.35,0.05,0.4
4460,2021-04-29 14:39:00,0.15,0.15,0.15,0.15,75,0,0.35,0.05,0.4
4461,2021-04-29 14:40:00,0.15,0.15,0.15,0.15,75,0,0.35,0.05,0.4
4462,2021-04-29 14:41:00,0.15,0.15,0.15,0.15,75,0,0.35,0.05,0.4
4463,2021-04-29 14:42:00,0.15,0.15,0.15,0.15,75,0,0.35,0.05,0.4
4464,2021-04-29 14:43:00,0.15,0.15,0.15,0.15,75,0,0.35,0.05,0.4
4465,2021-04-29 14:44:00,0.15,0.15,0.15,0.15,75,0,0.35,0.05,0.4
4466,2021-04-29 14:45:00,0.15,0.15,0.15,0.15,75,0,0.35,0.05,0.4
4467,2021-04-29 14:46:00,0.15,0.15,0.15,0.15,75,0,0.35,0.05,0.4
4468,2021-04-29 14:47:00,0.15,0.15,0.15,0.15,75,0,0.35,0.05,0.4
4469,2021-04-29 14:48:00,0.15,0.15,0.15,0.15,75,0,0.35,0.05,0.4
4470,2021-04-29 14:49:00,0.15,0.15,0.15,0.15,75,0,0.35,0.05,0.4
4471,2021-04-29 14:50:00,0.15,0.15,0.15,0.15,75,0,0.35,0.05,0.4
4472,2021-04-29 14:51:00,0.15,0.15,0.15,0.15,75,0,0.35,0.05,0.4
4473,2021-04-29 14:52:00,0.15,0.15,0.15,0.15,75,0,0.35,0.05,0.4
4474,2021-04-29 14:53:00,0.15,0.15,0.15,0.15,75,0,0.35,0.05,0.4
4475,2021-04-29 14:54:00,0.15,0.15,0.15,0.15,75,0,0.35,0.05,0.4
4476,2021-04-29 14:55:00,0.15,0.15,0.15,0.15,75,0,0.35,0.05,0.4
4477,2021-04-29 14:56:00,0.15,0.15,0.15,0.15,75,0,0.35,0.05,0.4
4478,2021-04-29 14:57:00,0.15,0.15,0.15,0.15,75,0,0.35,0.05,0.4
4479,2021-04-29 14:58:00,0.15,0.15,0.15,0.15,75,0,0.35,0.05,0.4
4480,2021-04-29 14:59:00,0.15,0.15,0.15,0.15,75,0,0.35,0.05,0.4
4481,2021-04-29 15:00:00,0.15,0.15,0.15,0.15,75,0,0.35,0.05,0.4
4482,2021-04-29 15:01:00,0.15,0.15,0.15,0.15,75,0,0.35,0.05,0.4
4483,2021-04-29 15:02:00,0.05,0.05,0.05,0.05,1950,6300,0.32,0.0,0.15
4484,2021-04-29 15:03:00,0.05,0.05,0.05,0.05,1950,6300,0.32,0.0,0.15
4485,2021-04-29 15:04:00,0.05,0.05,0.05,0.05,1950,6300,0.32,0.0,0.15
4486,2021-04-29 15:05:00,0.05,0.05,0.05,0.05,1950,6300,0.32,0.0,0.15
4487,2021-04-29 15:06:00,0.05,0.05,0.05,0.05,1950,6300,0.32,0.0,0.15
4488,2021-04-29 15:07:00,0.05,0.05,0.05,0.05,1950,6300,0.32,0.0,0.15
4489,2021-04-29 15:08:00,0.05,0.05,0.05,0.05,1950,6300,0.32,0.0,0.15
4490,2021-04-29 15:09:00,0.05,0.05,0.05,0.05,1950,6300,0.32,0.0,0.15
4491,2021-04-29 15:10:00,0.05,0.05,0.05,0.05,1950,6300,0.32,0.0,0.15
4492,2021-04-29 15:11:00,0.05,0.05,0.05,0.05,1950,6300,0.32,0.0,0.15
4493,2021-04-29 15:12:00,0.05,0.05,0.05,0.05,1950,6300,0.32,0.0,0.15
4494,2021-04-29 15:13:00,0.05,0.05,0.05,0.05,1950,6300,0.32,0.0,0.15
4495,2021-04-29 15:14:00,0.05,0.05,0.05,0.05,1950,6300,0.32,0.0,0.15
4496,2021-04-29 15:15:00,0.05,0.05,0.05,0.05,1950,6300,0.32,0.0,0.15
4497,2021-04-29 15:16:00,0.05,0.05,0.05,0.05,1950,6300,0.32,0.0,0.15
4498,2021-04-29 15:17:00,0.05,0.05,0.05,0.05,1950,6300,0.32,0.0,0.15
4499,2021-04-29 15:18:00,0.05,0.05,0.05,0.05,1950,6300,0.32,0.0,0.15
4500,2021-04-29 15:19:00,0.05,0.05,0.05,0.05,1950,6300,0.32,0.0,0.15
4501,2021-04-29 15:20:00,0.05,0.05,0.05,0.05,1950,6300,0.32,0.0,0.15
4502,2021-04-29 15:21:00,0.05,0.05,0.05,0.05,1950,6300,0.32,0.0,0.15
4503,2021-04-29 15:22:00,0.05,0.05,0.05,0.05,1950,6300,0.32,0.0,0.15
4504,2021-04-29 15:23:00,0.05,0.05,0.05,0.05,1950,6300,0.32,0.0,0.15
4505,2021-04-29 15:24:00,0.05,0.05,0.05,0.05,1950,6300,0.32,0.0,0.15
4506,2021-04-29 15:25:00,0.15,0.15,0.15,0.15,75,6300,0.32,0.0,0.15
4507,2021-04-29 15:26:00,0.15,0.15,0.15,0.15,75,6300,0.32,0.0,0.15
4508,2021-04-29 15:27:00,0.15,0.15,0.15,0.15,75,6300,0.32,0.0,0.15
4509,2021-04-29 15:28:00,0.15,0.15,0.15,0.15,75,6300,0.32,0.0,0.15
4510,2021-04-29 15:29:00,0.15,0.15,0.15,0.15,75,6300,0.32,0.0,0.15
4511,2021-04-29 15:30:00,0.15,0.15,0.15,0.15,75,6300,0.32,0.0,0.15
