,datetime,open,high,low,close,volume,oi,vwap,best_bid,best_offer
0,2021-04-06 09:15:00,-1.0,-1.0,-1.0,-1.0,-1,-1,-1.0,-1.0,-1.0
1,2021-04-06 09:16:00,-1.0,-1.0,-1.0,-1.0,-1,-1,-1.0,-1.0,-1.0
2,2021-04-06 09:17:00,-1.0,-1.0,-1.0,-1.0,-1,-1,-1.0,-1.0,-1.0
3,2021-04-06 09:18:00,-1.0,-1.0,-1.0,-1.0,-1,-1,-1.0,-1.0,-1.0
4,2021-04-06 09:19:00,-1.0,-1.0,-1.0,-1.0,-1,-1,-1.0,-1.0,-1.0
5,2021-04-06 09:20:00,-1.0,-1.0,-1.0,-1.0,-1,-1,-1.0,-1.0,-1.0
6,2021-04-06 09:21:00,-1.0,-1.0,-1.0,-1.0,-1,-1,-1.0,-1.0,-1.0
7,2021-04-06 09:22:00,-1.0,-1.0,-1.0,-1.0,-1,-1,-1.0,-1.0,-1.0
8,2021-04-06 09:23:00,-1.0,-1.0,-1.0,-1.0,-1,-1,-1.0,-1.0,-1.0
9,2021-04-06 09:24:00,-1.0,-1.0,-1.0,-1.0,-1,-1,-1.0,-1.0,-1.0
10,2021-04-06 09:25:00,-1.0,-1.0,-1.0,-1.0,-1,-1,-1.0,-1.0,-1.0
11,2021-04-06 09:26:00,-1.0,-1.0,-1.0,-1.0,-1,-1,-1.0,-1.0,-1.0
12,2021-04-06 09:27:00,-1.0,-1.0,-1.0,-1.0,-1,-1,-1.0,-1.0,-1.0
13,2021-04-06 09:28:00,-1.0,-1.0,-1.0,-1.0,-1,-1,-1.0,-1.0,-1.0
14,2021-04-06 09:29:00,-1.0,-1.0,-1.0,-1.0,-1,-1,-1.0,-1.0,-1.0
15,2021-04-06 09:30:00,-1.0,-1.0,-1.0,-1.0,-1,-1,-1.0,-1.0,-1.0
16,2021-04-06 09:31:00,-1.0,-1.0,-1.0,-1.0,-1,-1,-1.0,-1.0,-1.0
17,2021-04-06 09:32:00,-1.0,-1.0,-1.0,-1.0,-1,-1,-1.0,-1.0,-1.0
18,2021-04-06 09:33:00,-1.0,-1.0,-1.0,-1.0,-1,-1,-1.0,-1.0,-1.0
19,2021-04-06 09:34:00,-1.0,-1.0,-1.0,-1.0,-1,-1,-1.0,-1.0,-1.0
20,2021-04-06 09:35:00,-1.0,-1.0,-1.0,-1.0,-1,-1,-1.0,-1.0,-1.0
21,2021-04-06 09:36:00,-1.0,-1.0,-1.0,-1.0,-1,-1,-1.0,-1.0,-1.0
22,2021-04-06 09:37:00,-1.0,-1.0,-1.0,-1.0,-1,-1,-1.0,-1.0,-1.0
23,2021-04-06 09:38:00,-1.0,-1.0,-1.0,-1.0,-1,-1,-1.0,-1.0,-1.0
24,2021-04-06 09:39:00,-1.0,-1.0,-1.0,-1.0,-1,-1,-1.0,-1.0,-1.0
25,2021-04-06 09:40:00,-1.0,-1.0,-1.0,-1.0,-1,-1,-1.0,-1.0,-1.0
26,2021-04-06 09:41:00,-1.0,-1.0,-1.0,-1.0,-1,-1,-1.0,-1.0,-1.0
27,2021-04-06 09:42:00,-1.0,-1.0,-1.0,-1.0,-1,-1,-1.0,-1.0,-1.0
28,2021-04-06 09:43:00,-1.0,-1.0,-1.0,-1.0,-1,-1,-1.0,-1.0,-1.0
29,2021-04-06 09:44:00,-1.0,-1.0,-1.0,-1.0,-1,-1,-1.0,-1.0,-1.0
30,2021-04-06 09:45:00,-1.0,-1.0,-1.0,-1.0,-1,-1,-1.0,-1.0,-1.0
31,2021-04-06 09:46:00,-1.0,-1.0,-1.0,-1.0,-1,-1,-1.0,-1.0,-1.0
32,2021-04-06 09:47:00,-1.0,-1.0,-1.0,-1.0,-1,-1,-1.0,-1.0,-1.0
33,2021-04-06 09:48:00,-1.0,-1.0,-1.0,-1.0,-1,-1,-1.0,-1.0,-1.0
34,2021-04-06 09:49:00,-1.0,-1.0,-1.0,-1.0,-1,-1,-1.0,-1.0,-1.0
35,2021-04-06 09:50:00,-1.0,-1.0,-1.0,-1.0,-1,-1,-1.0,-1.0,-1.0
36,2021-04-06 09:51:00,-1.0,-1.0,-1.0,-1.0,-1,-1,-1.0,-1.0,-1.0
37,2021-04-06 09:52:00,-1.0,-1.0,-1.0,-1.0,-1,-1,-1.0,-1.0,-1.0
38,2021-04-06 09:53:00,-1.0,-1.0,-1.0,-1.0,-1,-1,-1.0,-1.0,-1.0
39,2021-04-06 09:54:00,-1.0,-1.0,-1.0,-1.0,-1,-1,-1.0,-1.0,-1.0
40,2021-04-06 09:55:00,-1.0,-1.0,-1.0,-1.0,-1,-1,-1.0,-1.0,-1.0
41,2021-04-06 09:56:00,-1.0,-1.0,-1.0,-1.0,-1,-1,-1.0,-1.0,-1.0
42,2021-04-06 09:57:00,-1.0,-1.0,-1.0,-1.0,-1,-1,-1.0,-1.0,-1.0
43,2021-04-06 09:58:00,-1.0,-1.0,-1.0,-1.0,-1,-1,-1.0,-1.0,-1.0
44,2021-04-06 09:59:00,-1.0,-1.0,-1.0,-1.0,-1,-1,-1.0,-1.0,-1.0
45,2021-04-06 10:00:00,-1.0,-1.0,-1.0,-1.0,-1,-1,-1.0,-1.0,-1.0
46,2021-04-06 10:01:00,-1.0,-1.0,-1.0,-1.0,-1,-1,-1.0,-1.0,-1.0
47,2021-04-06 10:02:00,-1.0,-1.0,-1.0,-1.0,-1,-1,-1.0,-1.0,-1.0
48,2021-04-06 10:03:00,-1.0,-1.0,-1.0,-1.0,-1,-1,-1.0,-1.0,-1.0
49,2021-04-06 10:04:00,-1.0,-1.0,-1.0,-1.0,-1,-1,-1.0,-1.0,-1.0
50,2021-04-06 10:05:00,-1.0,-1.0,-1.0,-1.0,-1,-1,-1.0,-1.0,-1.0
51,2021-04-06 10:06:00,-1.0,-1.0,-1.0,-1.0,-1,-1,-1.0,-1.0,-1.0
52,2021-04-06 10:07:00,-1.0,-1.0,-1.0,-1.0,-1,-1,-1.0,-1.0,-1.0
53,2021-04-06 10:08:00,-1.0,-1.0,-1.0,-1.0,-1,-1,-1.0,-1.0,-1.0
54,2021-04-06 10:09:00,-1.0,-1.0,-1.0,-1.0,-1,-1,-1.0,-1.0,-1.0
55,2021-04-06 10:10:00,-1.0,-1.0,-1.0,-1.0,-1,-1,-1.0,-1.0,-1.0
56,2021-04-06 10:11:00,-1.0,-1.0,-1.0,-1.0,-1,-1,-1.0,-1.0,-1.0
57,2021-04-06 10:12:00,-1.0,-1.0,-1.0,-1.0,-1,-1,-1.0,-1.0,-1.0
58,2021-04-06 10:13:00,-1.0,-1.0,-1.0,-1.0,-1,-1,-1.0,-1.0,-1.0
59,2021-04-06 10:14:00,-1.0,-1.0,-1.0,-1.0,-1,-1,-1.0,-1.0,-1.0
60,2021-04-06 10:15:00,-1.0,-1.0,-1.0,-1.0,-1,-1,-1.0,-1.0,-1.0
61,2021-04-06 10:16:00,-1.0,-1.0,-1.0,-1.0,-1,-1,-1.0,-1.0,-1.0
62,2021-04-06 10:17:00,-1.0,-1.0,-1.0,-1.0,-1,-1,-1.0,-1.0,-1.0
63,2021-04-06 10:18:00,-1.0,-1.0,-1.0,-1.0,-1,-1,-1.0,-1.0,-1.0
64,2021-04-06 10:19:00,-1.0,-1.0,-1.0,-1.0,-1,-1,-1.0,-1.0,-1.0
65,2021-04-06 10:20:00,-1.0,-1.0,-1.0,-1.0,-1,-1,-1.0,-1.0,-1.0
66,2021-04-06 10:21:00,-1.0,-1.0,-1.0,-1.0,-1,-1,-1.0,-1.0,-1.0
67,2021-04-06 10:22:00,-1.0,-1.0,-1.0,-1.0,-1,-1,-1.0,-1.0,-1.0
68,2021-04-06 10:23:00,-1.0,-1.0,-1.0,-1.0,-1,-1,-1.0,-1.0,-1.0
69,2021-04-06 10:24:00,-1.0,-1.0,-1.0,-1.0,-1,-1,-1.0,-1.0,-1.0
70,2021-04-06 10:25:00,-1.0,-1.0,-1.0,-1.0,-1,-1,-1.0,-1.0,-1.0
71,2021-04-06 10:26:00,-1.0,-1.0,-1.0,-1.0,-1,-1,-1.0,-1.0,-1.0
72,2021-04-06 10:27:00,-1.0,-1.0,-1.0,-1.0,-1,-1,-1.0,-1.0,-1.0
73,2021-04-06 10:28:00,-1.0,-1.0,-1.0,-1.0,-1,-1,-1.0,-1.0,-1.0
74,2021-04-06 10:29:00,-1.0,-1.0,-1.0,-1.0,-1,-1,-1.0,-1.0,-1.0
75,2021-04-06 10:30:00,-1.0,-1.0,-1.0,-1.0,-1,-1,-1.0,-1.0,-1.0
76,2021-04-06 10:31:00,-1.0,-1.0,-1.0,-1.0,-1,-1,-1.0,-1.0,-1.0
77,2021-04-06 10:32:00,-1.0,-1.0,-1.0,-1.0,-1,-1,-1.0,-1.0,-1.0
78,2021-04-06 10:33:00,-1.0,-1.0,-1.0,-1.0,-1,-1,-1.0,-1.0,-1.0
79,2021-04-06 10:34:00,-1.0,-1.0,-1.0,-1.0,-1,-1,-1.0,-1.0,-1.0
80,2021-04-06 10:35:00,-1.0,-1.0,-1.0,-1.0,-1,-1,-1.0,-1.0,-1.0
81,2021-04-06 10:36:00,-1.0,-1.0,-1.0,-1.0,-1,-1,-1.0,-1.0,-1.0
82,2021-04-06 10:37:00,-1.0,-1.0,-1.0,-1.0,-1,-1,-1.0,-1.0,-1.0
83,2021-04-06 10:38:00,-1.0,-1.0,-1.0,-1.0,-1,-1,-1.0,-1.0,-1.0
84,2021-04-06 10:39:00,-1.0,-1.0,-1.0,-1.0,-1,-1,-1.0,-1.0,-1.0
85,2021-04-06 10:40:00,-1.0,-1.0,-1.0,-1.0,-1,-1,-1.0,-1.0,-1.0
86,2021-04-06 10:41:00,-1.0,-1.0,-1.0,-1.0,-1,-1,-1.0,-1.0,-1.0
87,2021-04-06 10:42:00,-1.0,-1.0,-1.0,-1.0,-1,-1,-1.0,-1.0,-1.0
88,2021-04-06 10:43:00,-1.0,-1.0,-1.0,-1.0,-1,-1,-1.0,-1.0,-1.0
89,2021-04-06 10:44:00,-1.0,-1.0,-1.0,-1.0,-1,-1,-1.0,-1.0,-1.0
90,2021-04-06 10:45:00,-1.0,-1.0,-1.0,-1.0,-1,-1,-1.0,-1.0,-1.0
91,2021-04-06 10:46:00,-1.0,-1.0,-1.0,-1.0,-1,-1,-1.0,-1.0,-1.0
92,2021-04-06 10:47:00,-1.0,-1.0,-1.0,-1.0,-1,-1,-1.0,-1.0,-1.0
93,2021-04-06 10:48:00,-1.0,-1.0,-1.0,-1.0,-1,-1,-1.0,-1.0,-1.0
94,2021-04-06 10:49:00,-1.0,-1.0,-1.0,-1.0,-1,-1,-1.0,-1.0,-1.0
95,2021-04-06 10:50:00,-1.0,-1.0,-1.0,-1.0,-1,-1,-1.0,-1.0,-1.0
96,2021-04-06 10:51:00,-1.0,-1.0,-1.0,-1.0,-1,-1,-1.0,-1.0,-1.0
97,2021-04-06 10:52:00,-1.0,-1.0,-1.0,-1.0,-1,-1,-1.0,-1.0,-1.0
98,2021-04-06 10:53:00,-1.0,-1.0,-1.0,-1.0,-1,-1,-1.0,-1.0,-1.0
99,2021-04-06 10:54:00,-1.0,-1.0,-1.0,-1.0,-1,-1,-1.0,-1.0,-1.0
100,2021-04-06 10:55:00,-1.0,-1.0,-1.0,-1.0,-1,-1,-1.0,-1.0,-1.0
101,2021-04-06 10:56:00,-1.0,-1.0,-1.0,-1.0,-1,-1,-1.0,-1.0,-1.0
102,2021-04-06 10:57:00,-1.0,-1.0,-1.0,-1.0,-1,-1,-1.0,-1.0,-1.0
103,2021-04-06 10:58:00,-1.0,-1.0,-1.0,-1.0,-1,-1,-1.0,-1.0,-1.0
104,2021-04-06 10:59:00,-1.0,-1.0,-1.0,-1.0,-1,-1,-1.0,-1.0,-1.0
105,2021-04-06 11:00:00,-1.0,-1.0,-1.0,-1.0,-1,-1,-1.0,-1.0,-1.0
106,2021-04-06 11:01:00,-1.0,-1.0,-1.0,-1.0,-1,-1,-1.0,-1.0,-1.0
107,2021-04-06 11:02:00,-1.0,-1.0,-1.0,-1.0,-1,-1,-1.0,-1.0,-1.0
108,2021-04-06 11:03:00,-1.0,-1.0,-1.0,-1.0,-1,-1,-1.0,-1.0,-1.0
109,2021-04-06 11:04:00,-1.0,-1.0,-1.0,-1.0,-1,-1,-1.0,-1.0,-1.0
110,2021-04-06 11:05:00,-1.0,-1.0,-1.0,-1.0,-1,-1,-1.0,-1.0,-1.0
111,2021-04-06 11:06:00,-1.0,-1.0,-1.0,-1.0,-1,-1,-1.0,-1.0,-1.0
112,2021-04-06 11:07:00,-1.0,-1.0,-1.0,-1.0,-1,-1,-1.0,-1.0,-1.0
113,2021-04-06 11:08:00,-1.0,-1.0,-1.0,-1.0,-1,-1,-1.0,-1.0,-1.0
114,2021-04-06 11:09:00,-1.0,-1.0,-1.0,-1.0,-1,-1,-1.0,-1.0,-1.0
115,2021-04-06 11:10:00,-1.0,-1.0,-1.0,-1.0,-1,-1,-1.0,-1.0,-1.0
116,2021-04-06 11:11:00,-1.0,-1.0,-1.0,-1.0,-1,-1,-1.0,-1.0,-1.0
117,2021-04-06 11:12:00,-1.0,-1.0,-1.0,-1.0,-1,-1,-1.0,-1.0,-1.0
118,2021-04-06 11:13:00,-1.0,-1.0,-1.0,-1.0,-1,-1,-1.0,-1.0,-1.0
119,2021-04-06 11:14:00,-1.0,-1.0,-1.0,-1.0,-1,-1,-1.0,-1.0,-1.0
120,2021-04-06 11:15:00,-1.0,-1.0,-1.0,-1.0,-1,-1,-1.0,-1.0,-1.0
121,2021-04-06 11:16:00,-1.0,-1.0,-1.0,-1.0,-1,-1,-1.0,-1.0,-1.0
122,2021-04-06 11:17:00,-1.0,-1.0,-1.0,-1.0,-1,-1,-1.0,-1.0,-1.0
123,2021-04-06 11:18:00,-1.0,-1.0,-1.0,-1.0,-1,-1,-1.0,-1.0,-1.0
124,2021-04-06 11:19:00,-1.0,-1.0,-1.0,-1.0,-1,-1,-1.0,-1.0,-1.0
125,2021-04-06 11:20:00,-1.0,-1.0,-1.0,-1.0,-1,-1,-1.0,-1.0,-1.0
126,2021-04-06 11:21:00,-1.0,-1.0,-1.0,-1.0,-1,-1,-1.0,-1.0,-1.0
127,2021-04-06 11:22:00,-1.0,-1.0,-1.0,-1.0,-1,-1,-1.0,-1.0,-1.0
128,2021-04-06 11:23:00,-1.0,-1.0,-1.0,-1.0,-1,-1,-1.0,-1.0,-1.0
129,2021-04-06 11:24:00,-1.0,-1.0,-1.0,-1.0,-1,-1,-1.0,-1.0,-1.0
130,2021-04-06 11:25:00,-1.0,-1.0,-1.0,-1.0,-1,-1,-1.0,-1.0,-1.0
131,2021-04-06 11:26:00,-1.0,-1.0,-1.0,-1.0,-1,-1,-1.0,-1.0,-1.0
132,2021-04-06 11:27:00,-1.0,-1.0,-1.0,-1.0,-1,-1,-1.0,-1.0,-1.0
133,2021-04-06 11:28:00,-1.0,-1.0,-1.0,-1.0,-1,-1,-1.0,-1.0,-1.0
134,2021-04-06 11:29:00,-1.0,-1.0,-1.0,-1.0,-1,-1,-1.0,-1.0,-1.0
135,2021-04-06 11:30:00,-1.0,-1.0,-1.0,-1.0,-1,-1,-1.0,-1.0,-1.0
136,2021-04-06 11:31:00,-1.0,-1.0,-1.0,-1.0,-1,-1,-1.0,-1.0,-1.0
137,2021-04-06 11:32:00,-1.0,-1.0,-1.0,-1.0,-1,-1,-1.0,-1.0,-1.0
138,2021-04-06 11:33:00,-1.0,-1.0,-1.0,-1.0,-1,-1,-1.0,-1.0,-1.0
139,2021-04-06 11:34:00,-1.0,-1.0,-1.0,-1.0,-1,-1,-1.0,-1.0,-1.0
140,2021-04-06 11:35:00,-1.0,-1.0,-1.0,-1.0,-1,-1,-1.0,-1.0,-1.0
141,2021-04-06 11:36:00,-1.0,-1.0,-1.0,-1.0,-1,-1,-1.0,-1.0,-1.0
142,2021-04-06 11:37:00,-1.0,-1.0,-1.0,-1.0,-1,-1,-1.0,-1.0,-1.0
143,2021-04-06 11:38:00,-1.0,-1.0,-1.0,-1.0,-1,-1,-1.0,-1.0,-1.0
144,2021-04-06 11:39:00,-1.0,-1.0,-1.0,-1.0,-1,-1,-1.0,-1.0,-1.0
145,2021-04-06 11:40:00,-1.0,-1.0,-1.0,-1.0,-1,-1,-1.0,-1.0,-1.0
146,2021-04-06 11:41:00,-1.0,-1.0,-1.0,-1.0,-1,-1,-1.0,-1.0,-1.0
147,2021-04-06 11:42:00,-1.0,-1.0,-1.0,-1.0,-1,-1,-1.0,-1.0,-1.0
148,2021-04-06 11:43:00,-1.0,-1.0,-1.0,-1.0,-1,-1,-1.0,-1.0,-1.0
149,2021-04-06 11:44:00,-1.0,-1.0,-1.0,-1.0,-1,-1,-1.0,-1.0,-1.0
150,2021-04-06 11:45:00,-1.0,-1.0,-1.0,-1.0,-1,-1,-1.0,-1.0,-1.0
151,2021-04-06 11:46:00,-1.0,-1.0,-1.0,-1.0,-1,-1,-1.0,-1.0,-1.0
152,2021-04-06 11:47:00,-1.0,-1.0,-1.0,-1.0,-1,-1,-1.0,-1.0,-1.0
153,2021-04-06 11:48:00,-1.0,-1.0,-1.0,-1.0,-1,-1,-1.0,-1.0,-1.0
154,2021-04-06 11:49:00,-1.0,-1.0,-1.0,-1.0,-1,-1,-1.0,-1.0,-1.0
155,2021-04-06 11:50:00,-1.0,-1.0,-1.0,-1.0,-1,-1,-1.0,-1.0,-1.0
156,2021-04-06 11:51:00,-1.0,-1.0,-1.0,-1.0,-1,-1,-1.0,-1.0,-1.0
157,2021-04-06 11:52:00,-1.0,-1.0,-1.0,-1.0,-1,-1,-1.0,-1.0,-1.0
158,2021-04-06 11:53:00,-1.0,-1.0,-1.0,-1.0,-1,-1,-1.0,-1.0,-1.0
159,2021-04-06 11:54:00,-1.0,-1.0,-1.0,-1.0,-1,-1,-1.0,-1.0,-1.0
160,2021-04-06 11:55:00,-1.0,-1.0,-1.0,-1.0,-1,-1,-1.0,-1.0,-1.0
161,2021-04-06 11:56:00,-1.0,-1.0,-1.0,-1.0,-1,-1,-1.0,-1.0,-1.0
162,2021-04-06 11:57:00,-1.0,-1.0,-1.0,-1.0,-1,-1,-1.0,-1.0,-1.0
163,2021-04-06 11:58:00,-1.0,-1.0,-1.0,-1.0,-1,-1,-1.0,-1.0,-1.0
164,2021-04-06 11:59:00,-1.0,-1.0,-1.0,-1.0,-1,-1,-1.0,-1.0,-1.0
165,2021-04-06 12:00:00,-1.0,-1.0,-1.0,-1.0,-1,-1,-1.0,-1.0,-1.0
166,2021-04-06 12:01:00,-1.0,-1.0,-1.0,-1.0,-1,-1,-1.0,-1.0,-1.0
167,2021-04-06 12:02:00,-1.0,-1.0,-1.0,-1.0,-1,-1,-1.0,-1.0,-1.0
168,2021-04-06 12:03:00,-1.0,-1.0,-1.0,-1.0,-1,-1,-1.0,-1.0,-1.0
169,2021-04-06 12:04:00,-1.0,-1.0,-1.0,-1.0,-1,-1,-1.0,-1.0,-1.0
170,2021-04-06 12:05:00,-1.0,-1.0,-1.0,-1.0,-1,-1,-1.0,-1.0,-1.0
171,2021-04-06 12:06:00,-1.0,-1.0,-1.0,-1.0,-1,-1,-1.0,-1.0,-1.0
172,2021-04-06 12:07:00,-1.0,-1.0,-1.0,-1.0,-1,-1,-1.0,-1.0,-1.0
173,2021-04-06 12:08:00,-1.0,-1.0,-1.0,-1.0,-1,-1,-1.0,-1.0,-1.0
174,2021-04-06 12:09:00,-1.0,-1.0,-1.0,-1.0,-1,-1,-1.0,-1.0,-1.0
175,2021-04-06 12:10:00,-1.0,-1.0,-1.0,-1.0,-1,-1,-1.0,-1.0,-1.0
176,2021-04-06 12:11:00,-1.0,-1.0,-1.0,-1.0,-1,-1,-1.0,-1.0,-1.0
177,2021-04-06 12:12:00,-1.0,-1.0,-1.0,-1.0,-1,-1,-1.0,-1.0,-1.0
178,2021-04-06 12:13:00,-1.0,-1.0,-1.0,-1.0,-1,-1,-1.0,-1.0,-1.0
179,2021-04-06 12:14:00,-1.0,-1.0,-1.0,-1.0,-1,-1,-1.0,-1.0,-1.0
180,2021-04-06 12:15:00,-1.0,-1.0,-1.0,-1.0,-1,-1,-1.0,-1.0,-1.0
181,2021-04-06 12:16:00,-1.0,-1.0,-1.0,-1.0,-1,-1,-1.0,-1.0,-1.0
182,2021-04-06 12:17:00,-1.0,-1.0,-1.0,-1.0,-1,-1,-1.0,-1.0,-1.0
183,2021-04-06 12:18:00,-1.0,-1.0,-1.0,-1.0,-1,-1,-1.0,-1.0,-1.0
184,2021-04-06 12:19:00,-1.0,-1.0,-1.0,-1.0,-1,-1,-1.0,-1.0,-1.0
185,2021-04-06 12:20:00,-1.0,-1.0,-1.0,-1.0,-1,-1,-1.0,-1.0,-1.0
186,2021-04-06 12:21:00,-1.0,-1.0,-1.0,-1.0,-1,-1,-1.0,-1.0,-1.0
187,2021-04-06 12:22:00,-1.0,-1.0,-1.0,-1.0,-1,-1,-1.0,-1.0,-1.0
188,2021-04-06 12:23:00,-1.0,-1.0,-1.0,-1.0,-1,-1,-1.0,-1.0,-1.0
189,2021-04-06 12:24:00,-1.0,-1.0,-1.0,-1.0,-1,-1,-1.0,-1.0,-1.0
190,2021-04-06 12:25:00,-1.0,-1.0,-1.0,-1.0,-1,-1,-1.0,-1.0,-1.0
191,2021-04-06 12:26:00,-1.0,-1.0,-1.0,-1.0,-1,-1,-1.0,-1.0,-1.0
192,2021-04-06 12:27:00,-1.0,-1.0,-1.0,-1.0,-1,-1,-1.0,-1.0,-1.0
193,2021-04-06 12:28:00,-1.0,-1.0,-1.0,-1.0,-1,-1,-1.0,-1.0,-1.0
194,2021-04-06 12:29:00,-1.0,-1.0,-1.0,-1.0,-1,-1,-1.0,-1.0,-1.0
195,2021-04-06 12:30:00,-1.0,-1.0,-1.0,-1.0,-1,-1,-1.0,-1.0,-1.0
196,2021-04-06 12:31:00,-1.0,-1.0,-1.0,-1.0,-1,-1,-1.0,-1.0,-1.0
197,2021-04-06 12:32:00,-1.0,-1.0,-1.0,-1.0,-1,-1,-1.0,-1.0,-1.0
198,2021-04-06 12:33:00,-1.0,-1.0,-1.0,-1.0,-1,-1,-1.0,-1.0,-1.0
199,2021-04-06 12:34:00,-1.0,-1.0,-1.0,-1.0,-1,-1,-1.0,-1.0,-1.0
200,2021-04-06 12:35:00,-1.0,-1.0,-1.0,-1.0,-1,-1,-1.0,-1.0,-1.0
201,2021-04-06 12:36:00,1628.55,1628.55,1628.55,1628.55,75,0,1628.55,1567.4,1736.95
202,2021-04-06 12:37:00,1628.55,1628.55,1628.55,1628.55,75,0,1628.55,1567.4,1736.95
203,2021-04-06 12:38:00,1628.55,1628.55,1628.55,1628.55,75,0,1628.55,1567.4,1736.95
204,2021-04-06 12:39:00,1628.55,1628.55,1628.55,1628.55,75,0,1628.55,1567.4,1736.95
205,2021-04-06 12:40:00,1628.55,1628.55,1628.55,1628.55,75,0,1628.55,1567.4,1736.95
206,2021-04-06 12:41:00,1628.55,1628.55,1628.55,1628.55,75,0,1628.55,1567.4,1736.95
207,2021-04-06 12:42:00,1628.55,1628.55,1628.55,1628.55,75,0,1628.55,1567.4,1736.95
208,2021-04-06 12:43:00,1628.55,1628.55,1628.55,1628.55,75,0,1628.55,1567.4,1736.95
209,2021-04-06 12:44:00,1628.55,1628.55,1628.55,1628.55,75,0,1628.55,1567.4,1736.95
210,2021-04-06 12:45:00,1628.55,1628.55,1628.55,1628.55,75,0,1628.55,1567.4,1736.95
211,2021-04-06 12:46:00,1628.55,1628.55,1628.55,1628.55,75,0,1628.55,1567.4,1736.95
212,2021-04-06 12:47:00,1628.55,1628.55,1628.55,1628.55,75,0,1628.55,1567.4,1736.95
213,2021-04-06 12:48:00,1628.55,1628.55,1628.55,1628.55,75,0,1628.55,1567.4,1736.95
214,2021-04-06 12:49:00,1628.55,1628.55,1628.55,1628.55,75,0,1628.55,1567.4,1736.95
215,2021-04-06 12:50:00,1628.55,1628.55,1628.55,1628.55,75,0,1628.55,1567.4,1736.95
216,2021-04-06 12:51:00,1628.55,1628.55,1628.55,1628.55,75,0,1628.55,1567.4,1736.95
217,2021-04-06 12:52:00,1628.55,1628.55,1628.55,1628.55,75,0,1628.55,1567.4,1736.95
218,2021-04-06 12:53:00,1628.55,1628.55,1628.55,1628.55,75,0,1628.55,1567.4,1736.95
219,2021-04-06 12:54:00,1628.55,1628.55,1628.55,1628.55,75,0,1628.55,1567.4,1736.95
220,2021-04-06 12:55:00,1628.55,1628.55,1628.55,1628.55,75,0,1628.55,1567.4,1736.95
221,2021-04-06 12:56:00,1628.55,1628.55,1628.55,1628.55,75,0,1628.55,1567.4,1736.95
222,2021-04-06 12:57:00,1628.55,1628.55,1628.55,1628.55,75,0,1628.55,1567.4,1736.95
223,2021-04-06 12:58:00,1628.55,1628.55,1628.55,1628.55,75,0,1628.55,1567.4,1736.95
224,2021-04-06 12:59:00,1628.55,1628.55,1628.55,1628.55,75,0,1628.55,1567.4,1736.95
225,2021-04-06 13:00:00,1628.55,1628.55,1628.55,1628.55,75,0,1628.55,1567.4,1736.95
226,2021-04-06 13:01:00,1628.55,1628.55,1628.55,1628.55,75,0,1628.55,1567.4,1736.95
227,2021-04-06 13:02:00,1628.55,1628.55,1628.55,1628.55,75,0,1628.55,1567.4,1736.95
228,2021-04-06 13:03:00,1628.55,1628.55,1628.55,1628.55,75,0,1628.55,1567.4,1736.95
229,2021-04-06 13:04:00,1628.55,1628.55,1628.55,1628.55,75,0,1628.55,1567.4,1736.95
230,2021-04-06 13:05:00,1628.55,1628.55,1628.55,1628.55,75,0,1628.55,1567.4,1736.95
231,2021-04-06 13:06:00,1628.55,1628.55,1628.55,1628.55,75,0,1628.55,1567.4,1736.95
232,2021-04-06 13:07:00,1628.55,1628.55,1628.55,1628.55,75,0,1628.55,1567.4,1736.95
233,2021-04-06 13:08:00,1628.55,1628.55,1628.55,1628.55,75,0,1628.55,1567.4,1736.95
234,2021-04-06 13:09:00,1628.55,1628.55,1628.55,1628.55,75,0,1628.55,1567.4,1736.95
235,2021-04-06 13:10:00,1628.55,1628.55,1628.55,1628.55,75,0,1628.55,1567.4,1736.95
236,2021-04-06 13:11:00,1628.55,1628.55,1628.55,1628.55,75,0,1628.55,1567.4,1736.95
237,2021-04-06 13:12:00,1628.55,1628.55,1628.55,1628.55,75,0,1628.55,1567.4,1736.95
238,2021-04-06 13:13:00,1628.55,1628.55,1628.55,1628.55,75,0,1628.55,1567.4,1736.95
239,2021-04-06 13:14:00,1628.55,1628.55,1628.55,1628.55,75,0,1628.55,1567.4,1736.95
240,2021-04-06 13:15:00,1628.55,1628.55,1628.55,1628.55,75,0,1628.55,1567.4,1736.95
241,2021-04-06 13:16:00,1628.55,1628.55,1628.55,1628.55,75,0,1628.55,1567.4,1736.95
242,2021-04-06 13:17:00,1628.55,1628.55,1628.55,1628.55,75,0,1628.55,1567.4,1736.95
243,2021-04-06 13:18:00,1628.55,1628.55,1628.55,1628.55,75,0,1628.55,1567.4,1736.95
244,2021-04-06 13:19:00,1628.55,1628.55,1628.55,1628.55,75,0,1628.55,1567.4,1736.95
245,2021-04-06 13:20:00,1628.55,1628.55,1628.55,1628.55,75,0,1628.55,1567.4,1736.95
246,2021-04-06 13:21:00,1628.55,1628.55,1628.55,1628.55,75,0,1628.55,1567.4,1736.95
247,2021-04-06 13:22:00,1628.55,1628.55,1628.55,1628.55,75,0,1628.55,1567.4,1736.95
248,2021-04-06 13:23:00,1628.55,1628.55,1628.55,1628.55,75,0,1628.55,1567.4,1736.95
249,2021-04-06 13:24:00,1628.55,1628.55,1628.55,1628.55,75,0,1628.55,1567.4,1736.95
250,2021-04-06 13:25:00,1628.55,1628.55,1628.55,1628.55,75,0,1628.55,1567.4,1736.95
251,2021-04-06 13:26:00,1628.55,1628.55,1628.55,1628.55,75,0,1628.55,1567.4,1736.95
252,2021-04-06 13:27:00,1628.55,1628.55,1628.55,1628.55,75,0,1628.55,1567.4,1736.95
253,2021-04-06 13:28:00,1628.55,1628.55,1628.55,1628.55,75,0,1628.55,1567.4,1736.95
254,2021-04-06 13:29:00,1628.55,1628.55,1628.55,1628.55,75,0,1628.55,1567.4,1736.95
255,2021-04-06 13:30:00,1628.55,1628.55,1628.55,1628.55,75,0,1628.55,1567.4,1736.95
256,2021-04-06 13:31:00,1628.55,1628.55,1628.55,1628.55,75,0,1628.55,1567.4,1736.95
257,2021-04-06 13:32:00,1628.55,1628.55,1628.55,1628.55,75,0,1628.55,1567.4,1736.95
258,2021-04-06 13:33:00,1628.55,1628.55,1628.55,1628.55,75,0,1628.55,1567.4,1736.95
259,2021-04-06 13:34:00,1628.55,1628.55,1628.55,1628.55,75,0,1628.55,1567.4,1736.95
260,2021-04-06 13:35:00,1628.55,1628.55,1628.55,1628.55,75,0,1628.55,1567.4,1736.95
261,2021-04-06 13:36:00,1628.55,1628.55,1628.55,1628.55,75,0,1628.55,1567.4,1736.95
262,2021-04-06 13:37:00,1628.55,1628.55,1628.55,1628.55,75,0,1628.55,1567.4,1736.95
263,2021-04-06 13:38:00,1628.55,1628.55,1628.55,1628.55,75,0,1628.55,1567.4,1736.95
264,2021-04-06 13:39:00,1628.55,1628.55,1628.55,1628.55,75,0,1628.55,1567.4,1736.95
265,2021-04-06 13:40:00,1628.55,1628.55,1628.55,1628.55,75,0,1628.55,1567.4,1736.95
266,2021-04-06 13:41:00,1628.55,1628.55,1628.55,1628.55,75,0,1628.55,1567.4,1736.95
267,2021-04-06 13:42:00,1628.55,1628.55,1628.55,1628.55,75,0,1628.55,1567.4,1736.95
268,2021-04-06 13:43:00,1628.55,1628.55,1628.55,1628.55,75,0,1628.55,1567.4,1736.95
269,2021-04-06 13:44:00,1628.55,1628.55,1628.55,1628.55,75,0,1628.55,1567.4,1736.95
270,2021-04-06 13:45:00,1628.55,1628.55,1628.55,1628.55,75,0,1628.55,1567.4,1736.95
271,2021-04-06 13:46:00,1628.55,1628.55,1628.55,1628.55,75,0,1628.55,1567.4,1736.95
272,2021-04-06 13:47:00,1628.55,1628.55,1628.55,1628.55,75,0,1628.55,1567.4,1736.95
273,2021-04-06 13:48:00,1628.55,1628.55,1628.55,1628.55,75,0,1628.55,1567.4,1736.95
274,2021-04-06 13:49:00,1628.55,1628.55,1628.55,1628.55,75,0,1628.55,1567.4,1736.95
275,2021-04-06 13:50:00,1628.55,1628.55,1628.55,1628.55,75,0,1628.55,1567.4,1736.95
276,2021-04-06 13:51:00,1628.55,1628.55,1628.55,1628.55,75,0,1628.55,1567.4,1736.95
277,2021-04-06 13:52:00,1628.55,1628.55,1628.55,1628.55,75,0,1628.55,1567.4,1736.95
278,2021-04-06 13:53:00,1628.55,1628.55,1628.55,1628.55,75,0,1628.55,1567.4,1736.95
279,2021-04-06 13:54:00,1628.55,1628.55,1628.55,1628.55,75,0,1628.55,1567.4,1736.95
280,2021-04-06 13:55:00,1628.55,1628.55,1628.55,1628.55,75,0,1628.55,1567.4,1736.95
281,2021-04-06 13:56:00,1628.55,1628.55,1628.55,1628.55,75,0,1628.55,1567.4,1736.95
282,2021-04-06 13:57:00,1628.55,1628.55,1628.55,1628.55,75,0,1628.55,1567.4,1736.95
283,2021-04-06 13:58:00,1628.55,1628.55,1628.55,1628.55,75,0,1628.55,1567.4,1736.95
284,2021-04-06 13:59:00,1628.55,1628.55,1628.55,1628.55,75,0,1628.55,1567.4,1736.95
285,2021-04-06 14:00:00,1628.55,1628.55,1628.55,1628.55,75,0,1628.55,1567.4,1736.95
286,2021-04-06 14:01:00,1628.55,1628.55,1628.55,1628.55,75,0,1628.55,1567.4,1736.95
287,2021-04-06 14:02:00,1628.55,1628.55,1628.55,1628.55,75,0,1628.55,1567.4,1736.95
288,2021-04-06 14:03:00,1628.55,1628.55,1628.55,1628.55,75,0,1628.55,1567.4,1736.95
289,2021-04-06 14:04:00,1628.55,1628.55,1628.55,1628.55,75,0,1628.55,1567.4,1736.95
290,2021-04-06 14:05:00,1628.55,1628.55,1628.55,1628.55,75,0,1628.55,1567.4,1736.95
291,2021-04-06 14:06:00,1628.55,1628.55,1628.55,1628.55,75,0,1628.55,1567.4,1736.95
292,2021-04-06 14:07:00,1628.55,1628.55,1628.55,1628.55,75,0,1628.55,1567.4,1736.95
293,2021-04-06 14:08:00,1628.55,1628.55,1628.55,1628.55,75,0,1628.55,1567.4,1736.95
294,2021-04-06 14:09:00,1628.55,1628.55,1628.55,1628.55,75,0,1628.55,1567.4,1736.95
295,2021-04-06 14:10:00,1628.55,1628.55,1628.55,1628.55,75,0,1628.55,1567.4,1736.95
296,2021-04-06 14:11:00,1628.55,1628.55,1628.55,1628.55,75,0,1628.55,1567.4,1736.95
297,2021-04-06 14:12:00,1628.55,1628.55,1628.55,1628.55,75,0,1628.55,1567.4,1736.95
298,2021-04-06 14:13:00,1628.55,1628.55,1628.55,1628.55,75,0,1628.55,1567.4,1736.95
299,2021-04-06 14:14:00,1628.55,1628.55,1628.55,1628.55,75,0,1628.55,1567.4,1736.95
300,2021-04-06 14:15:00,1628.55,1628.55,1628.55,1628.55,75,0,1628.55,1567.4,1736.95
301,2021-04-06 14:16:00,1628.55,1628.55,1628.55,1628.55,75,0,1628.55,1567.4,1736.95
302,2021-04-06 14:17:00,1628.55,1628.55,1628.55,1628.55,75,0,1628.55,1567.4,1736.95
303,2021-04-06 14:18:00,1628.55,1628.55,1628.55,1628.55,75,0,1628.55,1567.4,1736.95
304,2021-04-06 14:19:00,1628.55,1628.55,1628.55,1628.55,75,0,1628.55,1567.4,1736.95
305,2021-04-06 14:20:00,1628.55,1628.55,1628.55,1628.55,75,0,1628.55,1567.4,1736.95
306,2021-04-06 14:21:00,1628.55,1628.55,1628.55,1628.55,75,0,1628.55,1567.4,1736.95
307,2021-04-06 14:22:00,1628.55,1628.55,1628.55,1628.55,75,0,1628.55,1567.4,1736.95
308,2021-04-06 14:23:00,1628.55,1628.55,1628.55,1628.55,75,0,1628.55,1567.4,1736.95
309,2021-04-06 14:24:00,1628.55,1628.55,1628.55,1628.55,75,0,1628.55,1567.4,1736.95
310,2021-04-06 14:25:00,1628.55,1628.55,1628.55,1628.55,75,0,1628.55,1567.4,1736.95
311,2021-04-06 14:26:00,1628.55,1628.55,1628.55,1628.55,75,0,1628.55,1567.4,1736.95
312,2021-04-06 14:27:00,1628.55,1628.55,1628.55,1628.55,75,0,1628.55,1567.4,1736.95
313,2021-04-06 14:28:00,1628.55,1628.55,1628.55,1628.55,75,0,1628.55,1567.4,1736.95
314,2021-04-06 14:29:00,1628.55,1628.55,1628.55,1628.55,75,0,1628.55,1567.4,1736.95
315,2021-04-06 14:30:00,1628.55,1628.55,1628.55,1628.55,75,0,1628.55,1567.4,1736.95
316,2021-04-06 14:31:00,1628.55,1628.55,1628.55,1628.55,75,0,1628.55,1567.4,1736.95
317,2021-04-06 14:32:00,1628.55,1628.55,1628.55,1628.55,75,0,1628.55,1567.4,1736.95
318,2021-04-06 14:33:00,1628.55,1628.55,1628.55,1628.55,75,0,1628.55,1567.4,1736.95
319,2021-04-06 14:34:00,1628.55,1628.55,1628.55,1628.55,75,0,1628.55,1567.4,1736.95
320,2021-04-06 14:35:00,1628.55,1628.55,1628.55,1628.55,75,0,1628.55,1567.4,1736.95
321,2021-04-06 14:36:00,1628.55,1628.55,1628.55,1628.55,75,0,1628.55,1567.4,1736.95
322,2021-04-06 14:37:00,1628.55,1628.55,1628.55,1628.55,75,0,1628.55,1567.4,1736.95
323,2021-04-06 14:38:00,1628.55,1628.55,1628.55,1628.55,75,0,1628.55,1567.4,1736.95
324,2021-04-06 14:39:00,1628.55,1628.55,1628.55,1628.55,75,0,1628.55,1567.4,1736.95
325,2021-04-06 14:40:00,1628.55,1628.55,1628.55,1628.55,75,0,1628.55,1567.4,1736.95
326,2021-04-06 14:41:00,1628.55,1628.55,1628.55,1628.55,75,0,1628.55,1567.4,1736.95
327,2021-04-06 14:42:00,1628.55,1628.55,1628.55,1628.55,75,0,1628.55,1567.4,1736.95
328,2021-04-06 14:43:00,1628.55,1628.55,1628.55,1628.55,75,0,1628.55,1567.4,1736.95
329,2021-04-06 14:44:00,1628.55,1628.55,1628.55,1628.55,75,0,1628.55,1567.4,1736.95
330,2021-04-06 14:45:00,1628.55,1628.55,1628.55,1628.55,75,0,1628.55,1567.4,1736.95
331,2021-04-06 14:46:00,1628.55,1628.55,1628.55,1628.55,75,0,1628.55,1567.4,1736.95
332,2021-04-06 14:47:00,1628.55,1628.55,1628.55,1628.55,75,0,1628.55,1567.4,1736.95
333,2021-04-06 14:48:00,1628.55,1628.55,1628.55,1628.55,75,0,1628.55,1567.4,1736.95
334,2021-04-06 14:49:00,1628.55,1628.55,1628.55,1628.55,75,0,1628.55,1567.4,1736.95
335,2021-04-06 14:50:00,1628.55,1628.55,1628.55,1628.55,75,0,1628.55,1567.4,1736.95
336,2021-04-06 14:51:00,1628.55,1628.55,1628.55,1628.55,75,0,1628.55,1567.4,1736.95
337,2021-04-06 14:52:00,1628.55,1628.55,1628.55,1628.55,75,0,1628.55,1567.4,1736.95
338,2021-04-06 14:53:00,1628.55,1628.55,1628.55,1628.55,75,0,1628.55,1567.4,1736.95
339,2021-04-06 14:54:00,1628.55,1628.55,1628.55,1628.55,75,0,1628.55,1567.4,1736.95
340,2021-04-06 14:55:00,1628.55,1628.55,1628.55,1628.55,75,0,1628.55,1567.4,1736.95
341,2021-04-06 14:56:00,1628.55,1628.55,1628.55,1628.55,75,0,1628.55,1567.4,1736.95
342,2021-04-06 14:57:00,1628.55,1628.55,1628.55,1628.55,75,0,1628.55,1567.4,1736.95
343,2021-04-06 14:58:00,1628.55,1628.55,1628.55,1628.55,75,0,1628.55,1567.4,1736.95
344,2021-04-06 14:59:00,1628.55,1628.55,1628.55,1628.55,75,0,1628.55,1567.4,1736.95
345,2021-04-06 15:00:00,1628.55,1628.55,1628.55,1628.55,75,0,1628.55,1567.4,1736.95
346,2021-04-06 15:01:00,1628.55,1628.55,1628.55,1628.55,75,0,1628.55,1567.4,1736.95
347,2021-04-06 15:02:00,1628.55,1628.55,1628.55,1628.55,75,0,1628.55,1567.4,1736.95
348,2021-04-06 15:03:00,1628.55,1628.55,1628.55,1628.55,75,0,1628.55,1567.4,1736.95
349,2021-04-06 15:04:00,1628.55,1628.55,1628.55,1628.55,75,0,1628.55,1567.4,1736.95
350,2021-04-06 15:05:00,1628.55,1628.55,1628.55,1628.55,75,0,1628.55,1567.4,1736.95
351,2021-04-06 15:06:00,1628.55,1628.55,1628.55,1628.55,75,0,1628.55,1567.4,1736.95
352,2021-04-06 15:07:00,1628.55,1628.55,1628.55,1628.55,75,0,1628.55,1567.4,1736.95
353,2021-04-06 15:08:00,1628.55,1628.55,1628.55,1628.55,75,0,1628.55,1567.4,1736.95
354,2021-04-06 15:09:00,1628.55,1628.55,1628.55,1628.55,75,0,1628.55,1567.4,1736.95
355,2021-04-06 15:10:00,1628.55,1628.55,1628.55,1628.55,75,0,1628.55,1567.4,1736.95
356,2021-04-06 15:11:00,1628.55,1628.55,1628.55,1628.55,75,0,1628.55,1567.4,1736.95
357,2021-04-06 15:12:00,1628.55,1628.55,1628.55,1628.55,75,0,1628.55,1567.4,1736.95
358,2021-04-06 15:13:00,1628.55,1628.55,1628.55,1628.55,75,0,1628.55,1567.4,1736.95
359,2021-04-06 15:14:00,1628.55,1628.55,1628.55,1628.55,75,0,1628.55,1567.4,1736.95
360,2021-04-06 15:15:00,1628.55,1628.55,1628.55,1628.55,75,0,1628.55,1567.4,1736.95
361,2021-04-06 15:16:00,1628.55,1628.55,1628.55,1628.55,75,0,1628.55,1567.4,1736.95
362,2021-04-06 15:17:00,1628.55,1628.55,1628.55,1628.55,75,0,1628.55,1567.4,1736.95
363,2021-04-06 15:18:00,1628.55,1628.55,1628.55,1628.55,75,0,1628.55,1567.4,1736.95
364,2021-04-06 15:19:00,1628.55,1628.55,1628.55,1628.55,75,0,1628.55,1567.4,1736.95
365,2021-04-06 15:20:00,1628.55,1628.55,1628.55,1628.55,75,0,1628.55,1567.4,1736.95
366,2021-04-06 15:21:00,1628.55,1628.55,1628.55,1628.55,75,0,1628.55,1567.4,1736.95
367,2021-04-06 15:22:00,1628.55,1628.55,1628.55,1628.55,75,0,1628.55,1567.4,1736.95
368,2021-04-06 15:23:00,1628.55,1628.55,1628.55,1628.55,75,0,1628.55,1567.4,1736.95
369,2021-04-06 15:24:00,1628.55,1628.55,1628.55,1628.55,75,0,1628.55,1567.4,1736.95
370,2021-04-06 15:25:00,1628.55,1628.55,1628.55,1628.55,75,0,1628.55,1567.4,1736.95
371,2021-04-06 15:26:00,1628.55,1628.55,1628.55,1628.55,75,0,1628.55,1567.4,1736.95
372,2021-04-06 15:27:00,1628.55,1628.55,1628.55,1628.55,75,0,1628.55,1567.4,1736.95
373,2021-04-06 15:28:00,1628.55,1628.55,1628.55,1628.55,75,0,1628.55,1567.4,1736.95
374,2021-04-06 15:29:00,1628.55,1628.55,1628.55,1628.55,75,0,1628.55,1567.4,1736.95
375,2021-04-06 15:30:00,1628.55,1628.55,1628.55,1628.55,75,0,1628.55,1567.4,1736.95
376,2021-04-06 09:15:00,1628.55,1628.55,1628.55,1628.55,75,0,1628.55,1567.4,1736.95
377,2021-04-06 09:16:00,1628.55,1628.55,1628.55,1628.55,75,0,1628.55,1567.4,1736.95
378,2021-04-06 09:17:00,1628.55,1628.55,1628.55,1628.55,75,0,1628.55,1567.4,1736.95
379,2021-04-06 09:18:00,1628.55,1628.55,1628.55,1628.55,75,0,1628.55,1567.4,1736.95
380,2021-04-06 09:19:00,1628.55,1628.55,1628.55,1628.55,75,0,1628.55,1567.4,1736.95
381,2021-04-06 09:20:00,1628.55,1628.55,1628.55,1628.55,75,0,1628.55,1567.4,1736.95
382,2021-04-06 09:21:00,1628.55,1628.55,1628.55,1628.55,75,0,1628.55,1567.4,1736.95
383,2021-04-06 09:22:00,1628.55,1628.55,1628.55,1628.55,75,0,1628.55,1567.4,1736.95
384,2021-04-06 09:23:00,1628.55,1628.55,1628.55,1628.55,75,0,1628.55,1567.4,1736.95
385,2021-04-06 09:24:00,1628.55,1628.55,1628.55,1628.55,75,0,1628.55,1567.4,1736.95
386,2021-04-06 09:25:00,1628.55,1628.55,1628.55,1628.55,75,0,1628.55,1567.4,1736.95
387,2021-04-06 09:26:00,1628.55,1628.55,1628.55,1628.55,75,0,1628.55,1567.4,1736.95
388,2021-04-06 09:27:00,1628.55,1628.55,1628.55,1628.55,75,0,1628.55,1567.4,1736.95
389,2021-04-06 09:28:00,1628.55,1628.55,1628.55,1628.55,75,0,1628.55,1567.4,1736.95
390,2021-04-06 09:29:00,1628.55,1628.55,1628.55,1628.55,75,0,1628.55,1567.4,1736.95
391,2021-04-06 09:30:00,1628.55,1628.55,1628.55,1628.55,75,0,1628.55,1567.4,1736.95
392,2021-04-06 09:31:00,1628.55,1628.55,1628.55,1628.55,75,0,1628.55,1567.4,1736.95
393,2021-04-06 09:32:00,1628.55,1628.55,1628.55,1628.55,75,0,1628.55,1567.4,1736.95
394,2021-04-06 09:33:00,1628.55,1628.55,1628.55,1628.55,75,0,1628.55,1567.4,1736.95
395,2021-04-06 09:34:00,1628.55,1628.55,1628.55,1628.55,75,0,1628.55,1567.4,1736.95
396,2021-04-06 09:35:00,1628.55,1628.55,1628.55,1628.55,75,0,1628.55,1567.4,1736.95
397,2021-04-06 09:36:00,1628.55,1628.55,1628.55,1628.55,75,0,1628.55,1567.4,1736.95
398,2021-04-06 09:37:00,1628.55,1628.55,1628.55,1628.55,75,0,1628.55,1567.4,1736.95
399,2021-04-06 09:38:00,1628.55,1628.55,1628.55,1628.55,75,0,1628.55,1567.4,1736.95
400,2021-04-06 09:39:00,1628.55,1628.55,1628.55,1628.55,75,0,1628.55,1567.4,1736.95
401,2021-04-06 09:40:00,1628.55,1628.55,1628.55,1628.55,75,0,1628.55,1567.4,1736.95
402,2021-04-06 09:41:00,1628.55,1628.55,1628.55,1628.55,75,0,1628.55,1567.4,1736.95
403,2021-04-06 09:42:00,1628.55,1628.55,1628.55,1628.55,75,0,1628.55,1567.4,1736.95
404,2021-04-06 09:43:00,1628.55,1628.55,1628.55,1628.55,75,0,1628.55,1567.4,1736.95
405,2021-04-06 09:44:00,1628.55,1628.55,1628.55,1628.55,75,0,1628.55,1567.4,1736.95
406,2021-04-06 09:45:00,1628.55,1628.55,1628.55,1628.55,75,0,1628.55,1567.4,1736.95
407,2021-04-06 09:46:00,1628.55,1628.55,1628.55,1628.55,75,0,1628.55,1567.4,1736.95
408,2021-04-06 09:47:00,1628.55,1628.55,1628.55,1628.55,75,0,1628.55,1567.4,1736.95
409,2021-04-06 09:48:00,1628.55,1628.55,1628.55,1628.55,75,0,1628.55,1567.4,1736.95
410,2021-04-06 09:49:00,1628.55,1628.55,1628.55,1628.55,75,0,1628.55,1567.4,1736.95
411,2021-04-06 09:50:00,1628.55,1628.55,1628.55,1628.55,75,0,1628.55,1567.4,1736.95
412,2021-04-06 09:51:00,1628.55,1628.55,1628.55,1628.55,75,0,1628.55,1567.4,1736.95
413,2021-04-06 09:52:00,1628.55,1628.55,1628.55,1628.55,75,0,1628.55,1567.4,1736.95
414,2021-04-06 09:53:00,1628.55,1628.55,1628.55,1628.55,75,0,1628.55,1567.4,1736.95
415,2021-04-06 09:54:00,1628.55,1628.55,1628.55,1628.55,75,0,1628.55,1567.4,1736.95
416,2021-04-06 09:55:00,1628.55,1628.55,1628.55,1628.55,75,0,1628.55,1567.4,1736.95
417,2021-04-06 09:56:00,1628.55,1628.55,1628.55,1628.55,75,0,1628.55,1567.4,1736.95
418,2021-04-06 09:57:00,1628.55,1628.55,1628.55,1628.55,75,0,1628.55,1567.4,1736.95
419,2021-04-06 09:58:00,1628.55,1628.55,1628.55,1628.55,75,0,1628.55,1567.4,1736.95
420,2021-04-06 09:59:00,1628.55,1628.55,1628.55,1628.55,75,0,1628.55,1567.4,1736.95
421,2021-04-06 10:00:00,1628.55,1628.55,1628.55,1628.55,75,0,1628.55,1567.4,1736.95
422,2021-04-06 10:01:00,1628.55,1628.55,1628.55,1628.55,75,0,1628.55,1567.4,1736.95
423,2021-04-06 10:02:00,1628.55,1628.55,1628.55,1628.55,75,0,1628.55,1567.4,1736.95
424,2021-04-06 10:03:00,1628.55,1628.55,1628.55,1628.55,75,0,1628.55,1567.4,1736.95
425,2021-04-06 10:04:00,1628.55,1628.55,1628.55,1628.55,75,0,1628.55,1567.4,1736.95
426,2021-04-06 10:05:00,1628.55,1628.55,1628.55,1628.55,75,0,1628.55,1567.4,1736.95
427,2021-04-06 10:06:00,1628.55,1628.55,1628.55,1628.55,75,0,1628.55,1567.4,1736.95
428,2021-04-06 10:07:00,1628.55,1628.55,1628.55,1628.55,75,0,1628.55,1567.4,1736.95
429,2021-04-06 10:08:00,1628.55,1628.55,1628.55,1628.55,75,0,1628.55,1567.4,1736.95
430,2021-04-06 10:09:00,1628.55,1628.55,1628.55,1628.55,75,0,1628.55,1567.4,1736.95
431,2021-04-06 10:10:00,1628.55,1628.55,1628.55,1628.55,75,0,1628.55,1567.4,1736.95
432,2021-04-06 10:11:00,1628.55,1628.55,1628.55,1628.55,75,0,1628.55,1567.4,1736.95
433,2021-04-06 10:12:00,1628.55,1628.55,1628.55,1628.55,75,0,1628.55,1567.4,1736.95
434,2021-04-06 10:13:00,1628.55,1628.55,1628.55,1628.55,75,0,1628.55,1567.4,1736.95
435,2021-04-06 10:14:00,1628.55,1628.55,1628.55,1628.55,75,0,1628.55,1567.4,1736.95
436,2021-04-06 10:15:00,1628.55,1628.55,1628.55,1628.55,75,0,1628.55,1567.4,1736.95
437,2021-04-06 10:16:00,1628.55,1628.55,1628.55,1628.55,75,0,1628.55,1567.4,1736.95
438,2021-04-06 10:17:00,1628.55,1628.55,1628.55,1628.55,75,0,1628.55,1567.4,1736.95
439,2021-04-06 10:18:00,1628.55,1628.55,1628.55,1628.55,75,0,1628.55,1567.4,1736.95
440,2021-04-06 10:19:00,1628.55,1628.55,1628.55,1628.55,75,0,1628.55,1567.4,1736.95
441,2021-04-06 10:20:00,1628.55,1628.55,1628.55,1628.55,75,0,1628.55,1567.4,1736.95
442,2021-04-06 10:21:00,1628.55,1628.55,1628.55,1628.55,75,0,1628.55,1567.4,1736.95
443,2021-04-06 10:22:00,1628.55,1628.55,1628.55,1628.55,75,0,1628.55,1567.4,1736.95
444,2021-04-06 10:23:00,1628.55,1628.55,1628.55,1628.55,75,0,1628.55,1567.4,1736.95
445,2021-04-06 10:24:00,1628.55,1628.55,1628.55,1628.55,75,0,1628.55,1567.4,1736.95
446,2021-04-06 10:25:00,1628.55,1628.55,1628.55,1628.55,75,0,1628.55,1567.4,1736.95
447,2021-04-06 10:26:00,1628.55,1628.55,1628.55,1628.55,75,0,1628.55,1567.4,1736.95
448,2021-04-06 10:27:00,1628.55,1628.55,1628.55,1628.55,75,0,1628.55,1567.4,1736.95
449,2021-04-06 10:28:00,1628.55,1628.55,1628.55,1628.55,75,0,1628.55,1567.4,1736.95
450,2021-04-06 10:29:00,1628.55,1628.55,1628.55,1628.55,75,0,1628.55,1567.4,1736.95
451,2021-04-06 10:30:00,1628.55,1628.55,1628.55,1628.55,75,0,1628.55,1567.4,1736.95
452,2021-04-06 10:31:00,1628.55,1628.55,1628.55,1628.55,75,0,1628.55,1567.4,1736.95
453,2021-04-06 10:32:00,1628.55,1628.55,1628.55,1628.55,75,0,1628.55,1567.4,1736.95
454,2021-04-06 10:33:00,1628.55,1628.55,1628.55,1628.55,75,0,1628.55,1567.4,1736.95
455,2021-04-06 10:34:00,1628.55,1628.55,1628.55,1628.55,75,0,1628.55,1567.4,1736.95
456,2021-04-06 10:35:00,1628.55,1628.55,1628.55,1628.55,75,0,1628.55,1567.4,1736.95
457,2021-04-06 10:36:00,1628.55,1628.55,1628.55,1628.55,75,0,1628.55,1567.4,1736.95
458,2021-04-06 10:37:00,1628.55,1628.55,1628.55,1628.55,75,0,1628.55,1567.4,1736.95
459,2021-04-06 10:38:00,1628.55,1628.55,1628.55,1628.55,75,0,1628.55,1567.4,1736.95
460,2021-04-06 10:39:00,1628.55,1628.55,1628.55,1628.55,75,0,1628.55,1567.4,1736.95
461,2021-04-06 10:40:00,1628.55,1628.55,1628.55,1628.55,75,0,1628.55,1567.4,1736.95
462,2021-04-06 10:41:00,1628.55,1628.55,1628.55,1628.55,75,0,1628.55,1567.4,1736.95
463,2021-04-06 10:42:00,1628.55,1628.55,1628.55,1628.55,75,0,1628.55,1567.4,1736.95
464,2021-04-06 10:43:00,1628.55,1628.55,1628.55,1628.55,75,0,1628.55,1567.4,1736.95
465,2021-04-06 10:44:00,1628.55,1628.55,1628.55,1628.55,75,0,1628.55,1567.4,1736.95
466,2021-04-06 10:45:00,1628.55,1628.55,1628.55,1628.55,75,0,1628.55,1567.4,1736.95
467,2021-04-06 10:46:00,1628.55,1628.55,1628.55,1628.55,75,0,1628.55,1567.4,1736.95
468,2021-04-06 10:47:00,1628.55,1628.55,1628.55,1628.55,75,0,1628.55,1567.4,1736.95
469,2021-04-06 10:48:00,1628.55,1628.55,1628.55,1628.55,75,0,1628.55,1567.4,1736.95
470,2021-04-06 10:49:00,1628.55,1628.55,1628.55,1628.55,75,0,1628.55,1567.4,1736.95
471,2021-04-06 10:50:00,1628.55,1628.55,1628.55,1628.55,75,0,1628.55,1567.4,1736.95
472,2021-04-06 10:51:00,1628.55,1628.55,1628.55,1628.55,75,0,1628.55,1567.4,1736.95
473,2021-04-06 10:52:00,1628.55,1628.55,1628.55,1628.55,75,0,1628.55,1567.4,1736.95
474,2021-04-06 10:53:00,1628.55,1628.55,1628.55,1628.55,75,0,1628.55,1567.4,1736.95
475,2021-04-06 10:54:00,1628.55,1628.55,1628.55,1628.55,75,0,1628.55,1567.4,1736.95
476,2021-04-06 10:55:00,1628.55,1628.55,1628.55,1628.55,75,0,1628.55,1567.4,1736.95
477,2021-04-06 10:56:00,1628.55,1628.55,1628.55,1628.55,75,0,1628.55,1567.4,1736.95
478,2021-04-06 10:57:00,1628.55,1628.55,1628.55,1628.55,75,0,1628.55,1567.4,1736.95
479,2021-04-06 10:58:00,1628.55,1628.55,1628.55,1628.55,75,0,1628.55,1567.4,1736.95
480,2021-04-06 10:59:00,1628.55,1628.55,1628.55,1628.55,75,0,1628.55,1567.4,1736.95
481,2021-04-06 11:00:00,1628.55,1628.55,1628.55,1628.55,75,0,1628.55,1567.4,1736.95
482,2021-04-06 11:01:00,1628.55,1628.55,1628.55,1628.55,75,0,1628.55,1567.4,1736.95
483,2021-04-06 11:02:00,1628.55,1628.55,1628.55,1628.55,75,0,1628.55,1567.4,1736.95
484,2021-04-06 11:03:00,1628.55,1628.55,1628.55,1628.55,75,0,1628.55,1567.4,1736.95
485,2021-04-06 11:04:00,1628.55,1628.55,1628.55,1628.55,75,0,1628.55,1567.4,1736.95
486,2021-04-06 11:05:00,1628.55,1628.55,1628.55,1628.55,75,0,1628.55,1567.4,1736.95
487,2021-04-06 11:06:00,1628.55,1628.55,1628.55,1628.55,75,0,1628.55,1567.4,1736.95
488,2021-04-06 11:07:00,1628.55,1628.55,1628.55,1628.55,75,0,1628.55,1567.4,1736.95
489,2021-04-06 11:08:00,1628.55,1628.55,1628.55,1628.55,75,0,1628.55,1567.4,1736.95
490,2021-04-06 11:09:00,1628.55,1628.55,1628.55,1628.55,75,0,1628.55,1567.4,1736.95
491,2021-04-06 11:10:00,1628.55,1628.55,1628.55,1628.55,75,0,1628.55,1567.4,1736.95
492,2021-04-06 11:11:00,1628.55,1628.55,1628.55,1628.55,75,0,1628.55,1567.4,1736.95
493,2021-04-06 11:12:00,1628.55,1628.55,1628.55,1628.55,75,0,1628.55,1567.4,1736.95
494,2021-04-06 11:13:00,1628.55,1628.55,1628.55,1628.55,75,0,1628.55,1567.4,1736.95
495,2021-04-06 11:14:00,1628.55,1628.55,1628.55,1628.55,75,0,1628.55,1567.4,1736.95
496,2021-04-06 11:15:00,1628.55,1628.55,1628.55,1628.55,75,0,1628.55,1567.4,1736.95
497,2021-04-06 11:16:00,1628.55,1628.55,1628.55,1628.55,75,0,1628.55,1567.4,1736.95
498,2021-04-06 11:17:00,1628.55,1628.55,1628.55,1628.55,75,0,1628.55,1567.4,1736.95
499,2021-04-06 11:18:00,1628.55,1628.55,1628.55,1628.55,75,0,1628.55,1567.4,1736.95
500,2021-04-06 11:19:00,1628.55,1628.55,1628.55,1628.55,75,0,1628.55,1567.4,1736.95
501,2021-04-06 11:20:00,1628.55,1628.55,1628.55,1628.55,75,0,1628.55,1567.4,1736.95
502,2021-04-06 11:21:00,1628.55,1628.55,1628.55,1628.55,75,0,1628.55,1567.4,1736.95
503,2021-04-06 11:22:00,1628.55,1628.55,1628.55,1628.55,75,0,1628.55,1567.4,1736.95
504,2021-04-06 11:23:00,1628.55,1628.55,1628.55,1628.55,75,0,1628.55,1567.4,1736.95
505,2021-04-06 11:24:00,1628.55,1628.55,1628.55,1628.55,75,0,1628.55,1567.4,1736.95
506,2021-04-06 11:25:00,1628.55,1628.55,1628.55,1628.55,75,0,1628.55,1567.4,1736.95
507,2021-04-06 11:26:00,1628.55,1628.55,1628.55,1628.55,75,0,1628.55,1567.4,1736.95
508,2021-04-06 11:27:00,1628.55,1628.55,1628.55,1628.55,75,0,1628.55,1567.4,1736.95
509,2021-04-06 11:28:00,1628.55,1628.55,1628.55,1628.55,75,0,1628.55,1567.4,1736.95
510,2021-04-06 11:29:00,1628.55,1628.55,1628.55,1628.55,75,0,1628.55,1567.4,1736.95
511,2021-04-06 11:30:00,1628.55,1628.55,1628.55,1628.55,75,0,1628.55,1567.4,1736.95
512,2021-04-06 11:31:00,1628.55,1628.55,1628.55,1628.55,75,0,1628.55,1567.4,1736.95
513,2021-04-06 11:32:00,1628.55,1628.55,1628.55,1628.55,75,0,1628.55,1567.4,1736.95
514,2021-04-06 11:33:00,1628.55,1628.55,1628.55,1628.55,75,0,1628.55,1567.4,1736.95
515,2021-04-06 11:34:00,1628.55,1628.55,1628.55,1628.55,75,0,1628.55,1567.4,1736.95
516,2021-04-06 11:35:00,1628.55,1628.55,1628.55,1628.55,75,0,1628.55,1567.4,1736.95
517,2021-04-06 11:36:00,1628.55,1628.55,1628.55,1628.55,75,0,1628.55,1567.4,1736.95
518,2021-04-06 11:37:00,1628.55,1628.55,1628.55,1628.55,75,0,1628.55,1567.4,1736.95
519,2021-04-06 11:38:00,1628.55,1628.55,1628.55,1628.55,75,0,1628.55,1567.4,1736.95
520,2021-04-06 11:39:00,1628.55,1628.55,1628.55,1628.55,75,0,1628.55,1567.4,1736.95
521,2021-04-06 11:40:00,1628.55,1628.55,1628.55,1628.55,75,0,1628.55,1567.4,1736.95
522,2021-04-06 11:41:00,1628.55,1628.55,1628.55,1628.55,75,0,1628.55,1567.4,1736.95
523,2021-04-06 11:42:00,1628.55,1628.55,1628.55,1628.55,75,0,1628.55,1567.4,1736.95
524,2021-04-06 11:43:00,1628.55,1628.55,1628.55,1628.55,75,0,1628.55,1567.4,1736.95
525,2021-04-06 11:44:00,1628.55,1628.55,1628.55,1628.55,75,0,1628.55,1567.4,1736.95
526,2021-04-06 11:45:00,1628.55,1628.55,1628.55,1628.55,75,0,1628.55,1567.4,1736.95
527,2021-04-06 11:46:00,1628.55,1628.55,1628.55,1628.55,75,0,1628.55,1567.4,1736.95
528,2021-04-06 11:47:00,1628.55,1628.55,1628.55,1628.55,75,0,1628.55,1567.4,1736.95
529,2021-04-06 11:48:00,1628.55,1628.55,1628.55,1628.55,75,0,1628.55,1567.4,1736.95
530,2021-04-06 11:49:00,1628.55,1628.55,1628.55,1628.55,75,0,1628.55,1567.4,1736.95
531,2021-04-06 11:50:00,1628.55,1628.55,1628.55,1628.55,75,0,1628.55,1567.4,1736.95
532,2021-04-06 11:51:00,1628.55,1628.55,1628.55,1628.55,75,0,1628.55,1567.4,1736.95
533,2021-04-06 11:52:00,1628.55,1628.55,1628.55,1628.55,75,0,1628.55,1567.4,1736.95
534,2021-04-06 11:53:00,1628.55,1628.55,1628.55,1628.55,75,0,1628.55,1567.4,1736.95
535,2021-04-06 11:54:00,1628.55,1628.55,1628.55,1628.55,75,0,1628.55,1567.4,1736.95
536,2021-04-06 11:55:00,1628.55,1628.55,1628.55,1628.55,75,0,1628.55,1567.4,1736.95
537,2021-04-06 11:56:00,1628.55,1628.55,1628.55,1628.55,75,0,1628.55,1567.4,1736.95
538,2021-04-06 11:57:00,1628.55,1628.55,1628.55,1628.55,75,0,1628.55,1567.4,1736.95
539,2021-04-06 11:58:00,1628.55,1628.55,1628.55,1628.55,75,0,1628.55,1567.4,1736.95
540,2021-04-06 11:59:00,1628.55,1628.55,1628.55,1628.55,75,0,1628.55,1567.4,1736.95
541,2021-04-06 12:00:00,1628.55,1628.55,1628.55,1628.55,75,0,1628.55,1567.4,1736.95
542,2021-04-06 12:01:00,1628.55,1628.55,1628.55,1628.55,75,0,1628.55,1567.4,1736.95
543,2021-04-06 12:02:00,1628.55,1628.55,1628.55,1628.55,75,0,1628.55,1567.4,1736.95
544,2021-04-06 12:03:00,1628.55,1628.55,1628.55,1628.55,75,0,1628.55,1567.4,1736.95
545,2021-04-06 12:04:00,1628.55,1628.55,1628.55,1628.55,75,0,1628.55,1567.4,1736.95
546,2021-04-06 12:05:00,1628.55,1628.55,1628.55,1628.55,75,0,1628.55,1567.4,1736.95
547,2021-04-06 12:06:00,1628.55,1628.55,1628.55,1628.55,75,0,1628.55,1567.4,1736.95
548,2021-04-06 12:07:00,1628.55,1628.55,1628.55,1628.55,75,0,1628.55,1567.4,1736.95
549,2021-04-06 12:08:00,1628.55,1628.55,1628.55,1628.55,75,0,1628.55,1567.4,1736.95
550,2021-04-06 12:09:00,1628.55,1628.55,1628.55,1628.55,75,0,1628.55,1567.4,1736.95
551,2021-04-06 12:10:00,1628.55,1628.55,1628.55,1628.55,75,0,1628.55,1567.4,1736.95
552,2021-04-06 12:11:00,1628.55,1628.55,1628.55,1628.55,75,0,1628.55,1567.4,1736.95
553,2021-04-06 12:12:00,1628.55,1628.55,1628.55,1628.55,75,0,1628.55,1567.4,1736.95
554,2021-04-06 12:13:00,1628.55,1628.55,1628.55,1628.55,75,0,1628.55,1567.4,1736.95
555,2021-04-06 12:14:00,1628.55,1628.55,1628.55,1628.55,75,0,1628.55,1567.4,1736.95
556,2021-04-06 12:15:00,1628.55,1628.55,1628.55,1628.55,75,0,1628.55,1567.4,1736.95
557,2021-04-06 12:16:00,1628.55,1628.55,1628.55,1628.55,75,0,1628.55,1567.4,1736.95
558,2021-04-06 12:17:00,1628.55,1628.55,1628.55,1628.55,75,0,1628.55,1567.4,1736.95
559,2021-04-06 12:18:00,1628.55,1628.55,1628.55,1628.55,75,0,1628.55,1567.4,1736.95
560,2021-04-06 12:19:00,1628.55,1628.55,1628.55,1628.55,75,0,1628.55,1567.4,1736.95
561,2021-04-06 12:20:00,1628.55,1628.55,1628.55,1628.55,75,0,1628.55,1567.4,1736.95
562,2021-04-06 12:21:00,1628.55,1628.55,1628.55,1628.55,75,0,1628.55,1567.4,1736.95
563,2021-04-06 12:22:00,1628.55,1628.55,1628.55,1628.55,75,0,1628.55,1567.4,1736.95
564,2021-04-06 12:23:00,1628.55,1628.55,1628.55,1628.55,75,0,1628.55,1567.4,1736.95
565,2021-04-06 12:24:00,1628.55,1628.55,1628.55,1628.55,75,0,1628.55,1567.4,1736.95
566,2021-04-06 12:25:00,1628.55,1628.55,1628.55,1628.55,75,0,1628.55,1567.4,1736.95
567,2021-04-06 12:26:00,1628.55,1628.55,1628.55,1628.55,75,0,1628.55,1567.4,1736.95
568,2021-04-06 12:27:00,1628.55,1628.55,1628.55,1628.55,75,0,1628.55,1567.4,1736.95
569,2021-04-06 12:28:00,1628.55,1628.55,1628.55,1628.55,75,0,1628.55,1567.4,1736.95
570,2021-04-06 12:29:00,1628.55,1628.55,1628.55,1628.55,75,0,1628.55,1567.4,1736.95
571,2021-04-06 12:30:00,1628.55,1628.55,1628.55,1628.55,75,0,1628.55,1567.4,1736.95
572,2021-04-06 12:31:00,1628.55,1628.55,1628.55,1628.55,75,0,1628.55,1567.4,1736.95
573,2021-04-06 12:32:00,1628.55,1628.55,1628.55,1628.55,75,0,1628.55,1567.4,1736.95
574,2021-04-06 12:33:00,1628.55,1628.55,1628.55,1628.55,75,0,1628.55,1567.4,1736.95
575,2021-04-06 12:34:00,1628.55,1628.55,1628.55,1628.55,75,0,1628.55,1567.4,1736.95
576,2021-04-06 12:35:00,1628.55,1628.55,1628.55,1628.55,75,0,1628.55,1567.4,1736.95
577,2021-04-06 12:36:00,1628.55,1628.55,1628.55,1628.55,75,0,1628.55,1567.4,1736.95
578,2021-04-06 12:37:00,1628.55,1628.55,1628.55,1628.55,75,0,1628.55,1567.4,1736.95
579,2021-04-06 12:38:00,1628.55,1628.55,1628.55,1628.55,75,0,1628.55,1567.4,1736.95
580,2021-04-06 12:39:00,1628.55,1628.55,1628.55,1628.55,75,0,1628.55,1567.4,1736.95
581,2021-04-06 12:40:00,1628.55,1628.55,1628.55,1628.55,75,0,1628.55,1567.4,1736.95
582,2021-04-06 12:41:00,1628.55,1628.55,1628.55,1628.55,75,0,1628.55,1567.4,1736.95
583,2021-04-06 12:42:00,1628.55,1628.55,1628.55,1628.55,75,0,1628.55,1567.4,1736.95
584,2021-04-06 12:43:00,1628.55,1628.55,1628.55,1628.55,75,0,1628.55,1567.4,1736.95
585,2021-04-06 12:44:00,1628.55,1628.55,1628.55,1628.55,75,0,1628.55,1567.4,1736.95
586,2021-04-06 12:45:00,1628.55,1628.55,1628.55,1628.55,75,0,1628.55,1567.4,1736.95
587,2021-04-06 12:46:00,1628.55,1628.55,1628.55,1628.55,75,0,1628.55,1567.4,1736.95
588,2021-04-06 12:47:00,1628.55,1628.55,1628.55,1628.55,75,0,1628.55,1567.4,1736.95
589,2021-04-06 12:48:00,1628.55,1628.55,1628.55,1628.55,75,0,1628.55,1567.4,1736.95
590,2021-04-06 12:49:00,1628.55,1628.55,1628.55,1628.55,75,0,1628.55,1567.4,1736.95
591,2021-04-06 12:50:00,1628.55,1628.55,1628.55,1628.55,75,0,1628.55,1567.4,1736.95
592,2021-04-06 12:51:00,1628.55,1628.55,1628.55,1628.55,75,0,1628.55,1567.4,1736.95
593,2021-04-06 12:52:00,1628.55,1628.55,1628.55,1628.55,75,0,1628.55,1567.4,1736.95
594,2021-04-06 12:53:00,1628.55,1628.55,1628.55,1628.55,75,0,1628.55,1567.4,1736.95
595,2021-04-06 12:54:00,1628.55,1628.55,1628.55,1628.55,75,0,1628.55,1567.4,1736.95
596,2021-04-06 12:55:00,1628.55,1628.55,1628.55,1628.55,75,0,1628.55,1567.4,1736.95
597,2021-04-06 12:56:00,1628.55,1628.55,1628.55,1628.55,75,0,1628.55,1567.4,1736.95
598,2021-04-06 12:57:00,1628.55,1628.55,1628.55,1628.55,75,0,1628.55,1567.4,1736.95
599,2021-04-06 12:58:00,1628.55,1628.55,1628.55,1628.55,75,0,1628.55,1567.4,1736.95
600,2021-04-06 12:59:00,1628.55,1628.55,1628.55,1628.55,75,0,1628.55,1567.4,1736.95
601,2021-04-06 13:00:00,1628.55,1628.55,1628.55,1628.55,75,0,1628.55,1567.4,1736.95
602,2021-04-06 13:01:00,1628.55,1628.55,1628.55,1628.55,75,0,1628.55,1567.4,1736.95
603,2021-04-06 13:02:00,1628.55,1628.55,1628.55,1628.55,75,0,1628.55,1567.4,1736.95
604,2021-04-06 13:03:00,1628.55,1628.55,1628.55,1628.55,75,0,1628.55,1567.4,1736.95
605,2021-04-06 13:04:00,1628.55,1628.55,1628.55,1628.55,75,0,1628.55,1567.4,1736.95
606,2021-04-06 13:05:00,1628.55,1628.55,1628.55,1628.55,75,0,1628.55,1567.4,1736.95
607,2021-04-06 13:06:00,1628.55,1628.55,1628.55,1628.55,75,0,1628.55,1567.4,1736.95
608,2021-04-06 13:07:00,1628.55,1628.55,1628.55,1628.55,75,0,1628.55,1567.4,1736.95
609,2021-04-06 13:08:00,1628.55,1628.55,1628.55,1628.55,75,0,1628.55,1567.4,1736.95
610,2021-04-06 13:09:00,1628.55,1628.55,1628.55,1628.55,75,0,1628.55,1567.4,1736.95
611,2021-04-06 13:10:00,1628.55,1628.55,1628.55,1628.55,75,0,1628.55,1567.4,1736.95
612,2021-04-06 13:11:00,1628.55,1628.55,1628.55,1628.55,75,0,1628.55,1567.4,1736.95
613,2021-04-06 13:12:00,1628.55,1628.55,1628.55,1628.55,75,0,1628.55,1567.4,1736.95
614,2021-04-06 13:13:00,1628.55,1628.55,1628.55,1628.55,75,0,1628.55,1567.4,1736.95
615,2021-04-06 13:14:00,1628.55,1628.55,1628.55,1628.55,75,0,1628.55,1567.4,1736.95
616,2021-04-06 13:15:00,1628.55,1628.55,1628.55,1628.55,75,0,1628.55,1567.4,1736.95
617,2021-04-06 13:16:00,1628.55,1628.55,1628.55,1628.55,75,0,1628.55,1567.4,1736.95
618,2021-04-06 13:17:00,1628.55,1628.55,1628.55,1628.55,75,0,1628.55,1567.4,1736.95
619,2021-04-06 13:18:00,1628.55,1628.55,1628.55,1628.55,75,0,1628.55,1567.4,1736.95
620,2021-04-06 13:19:00,1628.55,1628.55,1628.55,1628.55,75,0,1628.55,1567.4,1736.95
621,2021-04-06 13:20:00,1628.55,1628.55,1628.55,1628.55,75,0,1628.55,1567.4,1736.95
622,2021-04-06 13:21:00,1628.55,1628.55,1628.55,1628.55,75,0,1628.55,1567.4,1736.95
623,2021-04-06 13:22:00,1628.55,1628.55,1628.55,1628.55,75,0,1628.55,1567.4,1736.95
624,2021-04-06 13:23:00,1628.55,1628.55,1628.55,1628.55,75,0,1628.55,1567.4,1736.95
625,2021-04-06 13:24:00,1628.55,1628.55,1628.55,1628.55,75,0,1628.55,1567.4,1736.95
626,2021-04-06 13:25:00,1628.55,1628.55,1628.55,1628.55,75,0,1628.55,1567.4,1736.95
627,2021-04-06 13:26:00,1628.55,1628.55,1628.55,1628.55,75,0,1628.55,1567.4,1736.95
628,2021-04-06 13:27:00,1628.55,1628.55,1628.55,1628.55,75,0,1628.55,1567.4,1736.95
629,2021-04-06 13:28:00,1628.55,1628.55,1628.55,1628.55,75,0,1628.55,1567.4,1736.95
630,2021-04-06 13:29:00,1628.55,1628.55,1628.55,1628.55,75,0,1628.55,1567.4,1736.95
631,2021-04-06 13:30:00,1628.55,1628.55,1628.55,1628.55,75,0,1628.55,1567.4,1736.95
632,2021-04-06 13:31:00,1628.55,1628.55,1628.55,1628.55,75,0,1628.55,1567.4,1736.95
633,2021-04-06 13:32:00,1628.55,1628.55,1628.55,1628.55,75,0,1628.55,1567.4,1736.95
634,2021-04-06 13:33:00,1628.55,1628.55,1628.55,1628.55,75,0,1628.55,1567.4,1736.95
635,2021-04-06 13:34:00,1628.55,1628.55,1628.55,1628.55,75,0,1628.55,1567.4,1736.95
636,2021-04-06 13:35:00,1628.55,1628.55,1628.55,1628.55,75,0,1628.55,1567.4,1736.95
637,2021-04-06 13:36:00,1628.55,1628.55,1628.55,1628.55,75,0,1628.55,1567.4,1736.95
638,2021-04-06 13:37:00,1628.55,1628.55,1628.55,1628.55,75,0,1628.55,1567.4,1736.95
639,2021-04-06 13:38:00,1628.55,1628.55,1628.55,1628.55,75,0,1628.55,1567.4,1736.95
640,2021-04-06 13:39:00,1628.55,1628.55,1628.55,1628.55,75,0,1628.55,1567.4,1736.95
641,2021-04-06 13:40:00,1628.55,1628.55,1628.55,1628.55,75,0,1628.55,1567.4,1736.95
642,2021-04-06 13:41:00,1628.55,1628.55,1628.55,1628.55,75,0,1628.55,1567.4,1736.95
643,2021-04-06 13:42:00,1628.55,1628.55,1628.55,1628.55,75,0,1628.55,1567.4,1736.95
644,2021-04-06 13:43:00,1628.55,1628.55,1628.55,1628.55,75,0,1628.55,1567.4,1736.95
645,2021-04-06 13:44:00,1628.55,1628.55,1628.55,1628.55,75,0,1628.55,1567.4,1736.95
646,2021-04-06 13:45:00,1628.55,1628.55,1628.55,1628.55,75,0,1628.55,1567.4,1736.95
647,2021-04-06 13:46:00,1628.55,1628.55,1628.55,1628.55,75,0,1628.55,1567.4,1736.95
648,2021-04-06 13:47:00,1628.55,1628.55,1628.55,1628.55,75,0,1628.55,1567.4,1736.95
649,2021-04-06 13:48:00,1628.55,1628.55,1628.55,1628.55,75,0,1628.55,1567.4,1736.95
650,2021-04-06 13:49:00,1628.55,1628.55,1628.55,1628.55,75,0,1628.55,1567.4,1736.95
651,2021-04-06 13:50:00,1628.55,1628.55,1628.55,1628.55,75,0,1628.55,1567.4,1736.95
652,2021-04-06 13:51:00,1628.55,1628.55,1628.55,1628.55,75,0,1628.55,1567.4,1736.95
653,2021-04-06 13:52:00,1628.55,1628.55,1628.55,1628.55,75,0,1628.55,1567.4,1736.95
654,2021-04-06 13:53:00,1628.55,1628.55,1628.55,1628.55,75,0,1628.55,1567.4,1736.95
655,2021-04-06 13:54:00,1628.55,1628.55,1628.55,1628.55,75,0,1628.55,1567.4,1736.95
656,2021-04-06 13:55:00,1628.55,1628.55,1628.55,1628.55,75,0,1628.55,1567.4,1736.95
657,2021-04-06 13:56:00,1628.55,1628.55,1628.55,1628.55,75,0,1628.55,1567.4,1736.95
658,2021-04-06 13:57:00,1628.55,1628.55,1628.55,1628.55,75,0,1628.55,1567.4,1736.95
659,2021-04-06 13:58:00,1628.55,1628.55,1628.55,1628.55,75,0,1628.55,1567.4,1736.95
660,2021-04-06 13:59:00,1628.55,1628.55,1628.55,1628.55,75,0,1628.55,1567.4,1736.95
661,2021-04-06 14:00:00,1628.55,1628.55,1628.55,1628.55,75,0,1628.55,1567.4,1736.95
662,2021-04-06 14:01:00,1628.55,1628.55,1628.55,1628.55,75,0,1628.55,1567.4,1736.95
663,2021-04-06 14:02:00,1628.55,1628.55,1628.55,1628.55,75,0,1628.55,1567.4,1736.95
664,2021-04-06 14:03:00,1628.55,1628.55,1628.55,1628.55,75,0,1628.55,1567.4,1736.95
665,2021-04-06 14:04:00,1628.55,1628.55,1628.55,1628.55,75,0,1628.55,1567.4,1736.95
666,2021-04-06 14:05:00,1628.55,1628.55,1628.55,1628.55,75,0,1628.55,1567.4,1736.95
667,2021-04-06 14:06:00,1628.55,1628.55,1628.55,1628.55,75,0,1628.55,1567.4,1736.95
668,2021-04-06 14:07:00,1628.55,1628.55,1628.55,1628.55,75,0,1628.55,1567.4,1736.95
669,2021-04-06 14:08:00,1628.55,1628.55,1628.55,1628.55,75,0,1628.55,1567.4,1736.95
670,2021-04-06 14:09:00,1628.55,1628.55,1628.55,1628.55,75,0,1628.55,1567.4,1736.95
671,2021-04-06 14:10:00,1628.55,1628.55,1628.55,1628.55,75,0,1628.55,1567.4,1736.95
672,2021-04-06 14:11:00,1628.55,1628.55,1628.55,1628.55,75,0,1628.55,1567.4,1736.95
673,2021-04-06 14:12:00,1628.55,1628.55,1628.55,1628.55,75,0,1628.55,1567.4,1736.95
674,2021-04-06 14:13:00,1628.55,1628.55,1628.55,1628.55,75,0,1628.55,1567.4,1736.95
675,2021-04-06 14:14:00,1628.55,1628.55,1628.55,1628.55,75,0,1628.55,1567.4,1736.95
676,2021-04-06 14:15:00,1628.55,1628.55,1628.55,1628.55,75,0,1628.55,1567.4,1736.95
677,2021-04-06 14:16:00,1628.55,1628.55,1628.55,1628.55,75,0,1628.55,1567.4,1736.95
678,2021-04-06 14:17:00,1628.55,1628.55,1628.55,1628.55,75,0,1628.55,1567.4,1736.95
679,2021-04-06 14:18:00,1628.55,1628.55,1628.55,1628.55,75,0,1628.55,1567.4,1736.95
680,2021-04-06 14:19:00,1628.55,1628.55,1628.55,1628.55,75,0,1628.55,1567.4,1736.95
681,2021-04-06 14:20:00,1628.55,1628.55,1628.55,1628.55,75,0,1628.55,1567.4,1736.95
682,2021-04-06 14:21:00,1628.55,1628.55,1628.55,1628.55,75,0,1628.55,1567.4,1736.95
683,2021-04-06 14:22:00,1628.55,1628.55,1628.55,1628.55,75,0,1628.55,1567.4,1736.95
684,2021-04-06 14:23:00,1628.55,1628.55,1628.55,1628.55,75,0,1628.55,1567.4,1736.95
685,2021-04-06 14:24:00,1628.55,1628.55,1628.55,1628.55,75,0,1628.55,1567.4,1736.95
686,2021-04-06 14:25:00,1628.55,1628.55,1628.55,1628.55,75,0,1628.55,1567.4,1736.95
687,2021-04-06 14:26:00,1628.55,1628.55,1628.55,1628.55,75,0,1628.55,1567.4,1736.95
688,2021-04-06 14:27:00,1628.55,1628.55,1628.55,1628.55,75,0,1628.55,1567.4,1736.95
689,2021-04-06 14:28:00,1628.55,1628.55,1628.55,1628.55,75,0,1628.55,1567.4,1736.95
690,2021-04-06 14:29:00,1628.55,1628.55,1628.55,1628.55,75,0,1628.55,1567.4,1736.95
691,2021-04-06 14:30:00,1628.55,1628.55,1628.55,1628.55,75,0,1628.55,1567.4,1736.95
692,2021-04-06 14:31:00,1628.55,1628.55,1628.55,1628.55,75,0,1628.55,1567.4,1736.95
693,2021-04-06 14:32:00,1628.55,1628.55,1628.55,1628.55,75,0,1628.55,1567.4,1736.95
694,2021-04-06 14:33:00,1628.55,1628.55,1628.55,1628.55,75,0,1628.55,1567.4,1736.95
695,2021-04-06 14:34:00,1628.55,1628.55,1628.55,1628.55,75,0,1628.55,1567.4,1736.95
696,2021-04-06 14:35:00,1628.55,1628.55,1628.55,1628.55,75,0,1628.55,1567.4,1736.95
697,2021-04-06 14:36:00,1628.55,1628.55,1628.55,1628.55,75,0,1628.55,1567.4,1736.95
698,2021-04-06 14:37:00,1628.55,1628.55,1628.55,1628.55,75,0,1628.55,1567.4,1736.95
699,2021-04-06 14:38:00,1628.55,1628.55,1628.55,1628.55,75,0,1628.55,1567.4,1736.95
700,2021-04-06 14:39:00,1628.55,1628.55,1628.55,1628.55,75,0,1628.55,1567.4,1736.95
701,2021-04-06 14:40:00,1628.55,1628.55,1628.55,1628.55,75,0,1628.55,1567.4,1736.95
702,2021-04-06 14:41:00,1628.55,1628.55,1628.55,1628.55,75,0,1628.55,1567.4,1736.95
703,2021-04-06 14:42:00,1628.55,1628.55,1628.55,1628.55,75,0,1628.55,1567.4,1736.95
704,2021-04-06 14:43:00,1628.55,1628.55,1628.55,1628.55,75,0,1628.55,1567.4,1736.95
705,2021-04-06 14:44:00,1628.55,1628.55,1628.55,1628.55,75,0,1628.55,1567.4,1736.95
706,2021-04-06 14:45:00,1628.55,1628.55,1628.55,1628.55,75,0,1628.55,1567.4,1736.95
707,2021-04-06 14:46:00,1628.55,1628.55,1628.55,1628.55,75,0,1628.55,1567.4,1736.95
708,2021-04-06 14:47:00,1628.55,1628.55,1628.55,1628.55,75,0,1628.55,1567.4,1736.95
709,2021-04-06 14:48:00,1628.55,1628.55,1628.55,1628.55,75,0,1628.55,1567.4,1736.95
710,2021-04-06 14:49:00,1628.55,1628.55,1628.55,1628.55,75,0,1628.55,1567.4,1736.95
711,2021-04-06 14:50:00,1628.55,1628.55,1628.55,1628.55,75,0,1628.55,1567.4,1736.95
712,2021-04-06 14:51:00,1628.55,1628.55,1628.55,1628.55,75,0,1628.55,1567.4,1736.95
713,2021-04-06 14:52:00,1628.55,1628.55,1628.55,1628.55,75,0,1628.55,1567.4,1736.95
714,2021-04-06 14:53:00,1628.55,1628.55,1628.55,1628.55,75,0,1628.55,1567.4,1736.95
715,2021-04-06 14:54:00,1628.55,1628.55,1628.55,1628.55,75,0,1628.55,1567.4,1736.95
716,2021-04-06 14:55:00,1628.55,1628.55,1628.55,1628.55,75,0,1628.55,1567.4,1736.95
717,2021-04-06 14:56:00,1628.55,1628.55,1628.55,1628.55,75,0,1628.55,1567.4,1736.95
718,2021-04-06 14:57:00,1628.55,1628.55,1628.55,1628.55,75,0,1628.55,1567.4,1736.95
719,2021-04-06 14:58:00,1628.55,1628.55,1628.55,1628.55,75,0,1628.55,1567.4,1736.95
720,2021-04-06 14:59:00,1628.55,1628.55,1628.55,1628.55,75,0,1628.55,1567.4,1736.95
721,2021-04-06 15:00:00,1628.55,1628.55,1628.55,1628.55,75,0,1628.55,1567.4,1736.95
722,2021-04-06 15:01:00,1628.55,1628.55,1628.55,1628.55,75,0,1628.55,1567.4,1736.95
723,2021-04-06 15:02:00,1628.55,1628.55,1628.55,1628.55,75,0,1628.55,1567.4,1736.95
724,2021-04-06 15:03:00,1628.55,1628.55,1628.55,1628.55,75,0,1628.55,1567.4,1736.95
725,2021-04-06 15:04:00,1628.55,1628.55,1628.55,1628.55,75,0,1628.55,1567.4,1736.95
726,2021-04-06 15:05:00,1628.55,1628.55,1628.55,1628.55,75,0,1628.55,1567.4,1736.95
727,2021-04-06 15:06:00,1628.55,1628.55,1628.55,1628.55,75,0,1628.55,1567.4,1736.95
728,2021-04-06 15:07:00,1628.55,1628.55,1628.55,1628.55,75,0,1628.55,1567.4,1736.95
729,2021-04-06 15:08:00,1628.55,1628.55,1628.55,1628.55,75,0,1628.55,1567.4,1736.95
730,2021-04-06 15:09:00,1628.55,1628.55,1628.55,1628.55,75,0,1628.55,1567.4,1736.95
731,2021-04-06 15:10:00,1628.55,1628.55,1628.55,1628.55,75,0,1628.55,1567.4,1736.95
732,2021-04-06 15:11:00,1628.55,1628.55,1628.55,1628.55,75,0,1628.55,1567.4,1736.95
733,2021-04-06 15:12:00,1628.55,1628.55,1628.55,1628.55,75,0,1628.55,1567.4,1736.95
734,2021-04-06 15:13:00,1628.55,1628.55,1628.55,1628.55,75,0,1628.55,1567.4,1736.95
735,2021-04-06 15:14:00,1628.55,1628.55,1628.55,1628.55,75,0,1628.55,1567.4,1736.95
736,2021-04-06 15:15:00,1628.55,1628.55,1628.55,1628.55,75,0,1628.55,1567.4,1736.95
737,2021-04-06 15:16:00,1628.55,1628.55,1628.55,1628.55,75,0,1628.55,1567.4,1736.95
738,2021-04-06 15:17:00,1628.55,1628.55,1628.55,1628.55,75,0,1628.55,1567.4,1736.95
739,2021-04-06 15:18:00,1628.55,1628.55,1628.55,1628.55,75,0,1628.55,1567.4,1736.95
740,2021-04-06 15:19:00,1628.55,1628.55,1628.55,1628.55,75,0,1628.55,1567.4,1736.95
741,2021-04-06 15:20:00,1628.55,1628.55,1628.55,1628.55,75,0,1628.55,1567.4,1736.95
742,2021-04-06 15:21:00,1628.55,1628.55,1628.55,1628.55,75,0,1628.55,1567.4,1736.95
743,2021-04-06 15:22:00,1628.55,1628.55,1628.55,1628.55,75,0,1628.55,1567.4,1736.95
744,2021-04-06 15:23:00,1628.55,1628.55,1628.55,1628.55,75,0,1628.55,1567.4,1736.95
745,2021-04-06 15:24:00,1628.55,1628.55,1628.55,1628.55,75,0,1628.55,1567.4,1736.95
746,2021-04-06 15:25:00,1628.55,1628.55,1628.55,1628.55,75,0,1628.55,1567.4,1736.95
747,2021-04-06 15:26:00,1628.55,1628.55,1628.55,1628.55,75,0,1628.55,1567.4,1736.95
748,2021-04-06 15:27:00,1628.55,1628.55,1628.55,1628.55,75,0,1628.55,1567.4,1736.95
749,2021-04-06 15:28:00,1628.55,1628.55,1628.55,1628.55,75,0,1628.55,1567.4,1736.95
750,2021-04-06 15:29:00,1628.55,1628.55,1628.55,1628.55,75,0,1628.55,1567.4,1736.95
751,2021-04-06 15:30:00,1628.55,1628.55,1628.55,1628.55,75,0,1628.55,1567.4,1736.95
