,datetime,open,high,low,close,volume,oi,vwap,best_bid,best_offer
0,2021-03-01 09:15:00,-1.0,-1.0,-1.0,-1.0,-1,-1,-1.0,-1.0,-1.0
1,2021-03-01 09:16:00,-1.0,-1.0,-1.0,-1.0,-1,-1,-1.0,-1.0,-1.0
2,2021-03-01 09:17:00,-1.0,-1.0,-1.0,-1.0,-1,-1,-1.0,-1.0,-1.0
3,2021-03-01 09:18:00,-1.0,-1.0,-1.0,-1.0,-1,-1,-1.0,-1.0,-1.0
4,2021-03-01 09:19:00,-1.0,-1.0,-1.0,-1.0,-1,-1,-1.0,-1.0,-1.0
5,2021-03-01 09:20:00,-1.0,-1.0,-1.0,-1.0,-1,-1,-1.0,-1.0,-1.0
6,2021-03-01 09:21:00,-1.0,-1.0,-1.0,-1.0,-1,-1,-1.0,-1.0,-1.0
7,2021-03-01 09:22:00,-1.0,-1.0,-1.0,-1.0,-1,-1,-1.0,-1.0,-1.0
8,2021-03-01 09:23:00,-1.0,-1.0,-1.0,-1.0,-1,-1,-1.0,-1.0,-1.0
9,2021-03-01 09:24:00,-1.0,-1.0,-1.0,-1.0,-1,-1,-1.0,-1.0,-1.0
10,2021-03-01 09:25:00,-1.0,-1.0,-1.0,-1.0,-1,-1,-1.0,-1.0,-1.0
11,2021-03-01 09:26:00,-1.0,-1.0,-1.0,-1.0,-1,-1,-1.0,-1.0,-1.0
12,2021-03-01 09:27:00,-1.0,-1.0,-1.0,-1.0,-1,-1,-1.0,-1.0,-1.0
13,2021-03-01 09:28:00,-1.0,-1.0,-1.0,-1.0,-1,-1,-1.0,-1.0,-1.0
14,2021-03-01 09:29:00,-1.0,-1.0,-1.0,-1.0,-1,-1,-1.0,-1.0,-1.0
15,2021-03-01 09:30:00,-1.0,-1.0,-1.0,-1.0,-1,-1,-1.0,-1.0,-1.0
16,2021-03-01 09:31:00,-1.0,-1.0,-1.0,-1.0,-1,-1,-1.0,-1.0,-1.0
17,2021-03-01 09:32:00,-1.0,-1.0,-1.0,-1.0,-1,-1,-1.0,-1.0,-1.0
18,2021-03-01 09:33:00,-1.0,-1.0,-1.0,-1.0,-1,-1,-1.0,-1.0,-1.0
19,2021-03-01 09:34:00,-1.0,-1.0,-1.0,-1.0,-1,-1,-1.0,-1.0,-1.0
20,2021-03-01 09:35:00,-1.0,-1.0,-1.0,-1.0,-1,-1,-1.0,-1.0,-1.0
21,2021-03-01 09:36:00,-1.0,-1.0,-1.0,-1.0,-1,-1,-1.0,-1.0,-1.0
22,2021-03-01 09:37:00,-1.0,-1.0,-1.0,-1.0,-1,-1,-1.0,-1.0,-1.0
23,2021-03-01 09:38:00,-1.0,-1.0,-1.0,-1.0,-1,-1,-1.0,-1.0,-1.0
24,2021-03-01 09:39:00,-1.0,-1.0,-1.0,-1.0,-1,-1,-1.0,-1.0,-1.0
25,2021-03-01 09:40:00,-1.0,-1.0,-1.0,-1.0,-1,-1,-1.0,-1.0,-1.0
26,2021-03-01 09:41:00,-1.0,-1.0,-1.0,-1.0,-1,-1,-1.0,-1.0,-1.0
27,2021-03-01 09:42:00,-1.0,-1.0,-1.0,-1.0,-1,-1,-1.0,-1.0,-1.0
28,2021-03-01 09:43:00,-1.0,-1.0,-1.0,-1.0,-1,-1,-1.0,-1.0,-1.0
29,2021-03-01 09:44:00,-1.0,-1.0,-1.0,-1.0,-1,-1,-1.0,-1.0,-1.0
30,2021-03-01 09:45:00,-1.0,-1.0,-1.0,-1.0,-1,-1,-1.0,-1.0,-1.0
31,2021-03-01 09:46:00,-1.0,-1.0,-1.0,-1.0,-1,-1,-1.0,-1.0,-1.0
32,2021-03-01 09:47:00,-1.0,-1.0,-1.0,-1.0,-1,-1,-1.0,-1.0,-1.0
33,2021-03-01 09:48:00,-1.0,-1.0,-1.0,-1.0,-1,-1,-1.0,-1.0,-1.0
34,2021-03-01 09:49:00,-1.0,-1.0,-1.0,-1.0,-1,-1,-1.0,-1.0,-1.0
35,2021-03-01 09:50:00,-1.0,-1.0,-1.0,-1.0,-1,-1,-1.0,-1.0,-1.0
36,2021-03-01 09:51:00,-1.0,-1.0,-1.0,-1.0,-1,-1,-1.0,-1.0,-1.0
37,2021-03-01 09:52:00,-1.0,-1.0,-1.0,-1.0,-1,-1,-1.0,-1.0,-1.0
38,2021-03-01 09:53:00,-1.0,-1.0,-1.0,-1.0,-1,-1,-1.0,-1.0,-1.0
39,2021-03-01 09:54:00,-1.0,-1.0,-1.0,-1.0,-1,-1,-1.0,-1.0,-1.0
40,2021-03-01 09:55:00,-1.0,-1.0,-1.0,-1.0,-1,-1,-1.0,-1.0,-1.0
41,2021-03-01 09:56:00,-1.0,-1.0,-1.0,-1.0,-1,-1,-1.0,-1.0,-1.0
42,2021-03-01 09:57:00,-1.0,-1.0,-1.0,-1.0,-1,-1,-1.0,-1.0,-1.0
43,2021-03-01 09:58:00,-1.0,-1.0,-1.0,-1.0,-1,-1,-1.0,-1.0,-1.0
44,2021-03-01 09:59:00,-1.0,-1.0,-1.0,-1.0,-1,-1,-1.0,-1.0,-1.0
45,2021-03-01 10:00:00,-1.0,-1.0,-1.0,-1.0,-1,-1,-1.0,-1.0,-1.0
46,2021-03-01 10:01:00,-1.0,-1.0,-1.0,-1.0,-1,-1,-1.0,-1.0,-1.0
47,2021-03-01 10:02:00,-1.0,-1.0,-1.0,-1.0,-1,-1,-1.0,-1.0,-1.0
48,2021-03-01 10:03:00,-1.0,-1.0,-1.0,-1.0,-1,-1,-1.0,-1.0,-1.0
49,2021-03-01 10:04:00,-1.0,-1.0,-1.0,-1.0,-1,-1,-1.0,-1.0,-1.0
50,2021-03-01 10:05:00,-1.0,-1.0,-1.0,-1.0,-1,-1,-1.0,-1.0,-1.0
51,2021-03-01 10:06:00,-1.0,-1.0,-1.0,-1.0,-1,-1,-1.0,-1.0,-1.0
52,2021-03-01 10:07:00,-1.0,-1.0,-1.0,-1.0,-1,-1,-1.0,-1.0,-1.0
53,2021-03-01 10:08:00,-1.0,-1.0,-1.0,-1.0,-1,-1,-1.0,-1.0,-1.0
54,2021-03-01 10:09:00,-1.0,-1.0,-1.0,-1.0,-1,-1,-1.0,-1.0,-1.0
55,2021-03-01 10:10:00,-1.0,-1.0,-1.0,-1.0,-1,-1,-1.0,-1.0,-1.0
56,2021-03-01 10:11:00,-1.0,-1.0,-1.0,-1.0,-1,-1,-1.0,-1.0,-1.0
57,2021-03-01 10:12:00,-1.0,-1.0,-1.0,-1.0,-1,-1,-1.0,-1.0,-1.0
58,2021-03-01 10:13:00,-1.0,-1.0,-1.0,-1.0,-1,-1,-1.0,-1.0,-1.0
59,2021-03-01 10:14:00,-1.0,-1.0,-1.0,-1.0,-1,-1,-1.0,-1.0,-1.0
60,2021-03-01 10:15:00,-1.0,-1.0,-1.0,-1.0,-1,-1,-1.0,-1.0,-1.0
61,2021-03-01 10:16:00,-1.0,-1.0,-1.0,-1.0,-1,-1,-1.0,-1.0,-1.0
62,2021-03-01 10:17:00,-1.0,-1.0,-1.0,-1.0,-1,-1,-1.0,-1.0,-1.0
63,2021-03-01 10:18:00,-1.0,-1.0,-1.0,-1.0,-1,-1,-1.0,-1.0,-1.0
64,2021-03-01 10:19:00,-1.0,-1.0,-1.0,-1.0,-1,-1,-1.0,-1.0,-1.0
65,2021-03-01 10:20:00,-1.0,-1.0,-1.0,-1.0,-1,-1,-1.0,-1.0,-1.0
66,2021-03-01 10:21:00,-1.0,-1.0,-1.0,-1.0,-1,-1,-1.0,-1.0,-1.0
67,2021-03-01 10:22:00,-1.0,-1.0,-1.0,-1.0,-1,-1,-1.0,-1.0,-1.0
68,2021-03-01 10:23:00,-1.0,-1.0,-1.0,-1.0,-1,-1,-1.0,-1.0,-1.0
69,2021-03-01 10:24:00,-1.0,-1.0,-1.0,-1.0,-1,-1,-1.0,-1.0,-1.0
70,2021-03-01 10:25:00,-1.0,-1.0,-1.0,-1.0,-1,-1,-1.0,-1.0,-1.0
71,2021-03-01 10:26:00,-1.0,-1.0,-1.0,-1.0,-1,-1,-1.0,-1.0,-1.0
72,2021-03-01 10:27:00,-1.0,-1.0,-1.0,-1.0,-1,-1,-1.0,-1.0,-1.0
73,2021-03-01 10:28:00,-1.0,-1.0,-1.0,-1.0,-1,-1,-1.0,-1.0,-1.0
74,2021-03-01 10:29:00,-1.0,-1.0,-1.0,-1.0,-1,-1,-1.0,-1.0,-1.0
75,2021-03-01 10:30:00,-1.0,-1.0,-1.0,-1.0,-1,-1,-1.0,-1.0,-1.0
76,2021-03-01 10:31:00,-1.0,-1.0,-1.0,-1.0,-1,-1,-1.0,-1.0,-1.0
77,2021-03-01 10:32:00,-1.0,-1.0,-1.0,-1.0,-1,-1,-1.0,-1.0,-1.0
78,2021-03-01 10:33:00,-1.0,-1.0,-1.0,-1.0,-1,-1,-1.0,-1.0,-1.0
79,2021-03-01 10:34:00,-1.0,-1.0,-1.0,-1.0,-1,-1,-1.0,-1.0,-1.0
80,2021-03-01 10:35:00,-1.0,-1.0,-1.0,-1.0,-1,-1,-1.0,-1.0,-1.0
81,2021-03-01 10:36:00,-1.0,-1.0,-1.0,-1.0,-1,-1,-1.0,-1.0,-1.0
82,2021-03-01 10:37:00,-1.0,-1.0,-1.0,-1.0,-1,-1,-1.0,-1.0,-1.0
83,2021-03-01 10:38:00,-1.0,-1.0,-1.0,-1.0,-1,-1,-1.0,-1.0,-1.0
84,2021-03-01 10:39:00,-1.0,-1.0,-1.0,-1.0,-1,-1,-1.0,-1.0,-1.0
85,2021-03-01 10:40:00,-1.0,-1.0,-1.0,-1.0,-1,-1,-1.0,-1.0,-1.0
86,2021-03-01 10:41:00,-1.0,-1.0,-1.0,-1.0,-1,-1,-1.0,-1.0,-1.0
87,2021-03-01 10:42:00,-1.0,-1.0,-1.0,-1.0,-1,-1,-1.0,-1.0,-1.0
88,2021-03-01 10:43:00,-1.0,-1.0,-1.0,-1.0,-1,-1,-1.0,-1.0,-1.0
89,2021-03-01 10:44:00,-1.0,-1.0,-1.0,-1.0,-1,-1,-1.0,-1.0,-1.0
90,2021-03-01 10:45:00,-1.0,-1.0,-1.0,-1.0,-1,-1,-1.0,-1.0,-1.0
91,2021-03-01 10:46:00,-1.0,-1.0,-1.0,-1.0,-1,-1,-1.0,-1.0,-1.0
92,2021-03-01 10:47:00,-1.0,-1.0,-1.0,-1.0,-1,-1,-1.0,-1.0,-1.0
93,2021-03-01 10:48:00,-1.0,-1.0,-1.0,-1.0,-1,-1,-1.0,-1.0,-1.0
94,2021-03-01 10:49:00,-1.0,-1.0,-1.0,-1.0,-1,-1,-1.0,-1.0,-1.0
95,2021-03-01 10:50:00,-1.0,-1.0,-1.0,-1.0,-1,-1,-1.0,-1.0,-1.0
96,2021-03-01 10:51:00,-1.0,-1.0,-1.0,-1.0,-1,-1,-1.0,-1.0,-1.0
97,2021-03-01 10:52:00,-1.0,-1.0,-1.0,-1.0,-1,-1,-1.0,-1.0,-1.0
98,2021-03-01 10:53:00,-1.0,-1.0,-1.0,-1.0,-1,-1,-1.0,-1.0,-1.0
99,2021-03-01 10:54:00,-1.0,-1.0,-1.0,-1.0,-1,-1,-1.0,-1.0,-1.0
100,2021-03-01 10:55:00,-1.0,-1.0,-1.0,-1.0,-1,-1,-1.0,-1.0,-1.0
101,2021-03-01 10:56:00,-1.0,-1.0,-1.0,-1.0,-1,-1,-1.0,-1.0,-1.0
102,2021-03-01 10:57:00,-1.0,-1.0,-1.0,-1.0,-1,-1,-1.0,-1.0,-1.0
103,2021-03-01 10:58:00,-1.0,-1.0,-1.0,-1.0,-1,-1,-1.0,-1.0,-1.0
104,2021-03-01 10:59:00,-1.0,-1.0,-1.0,-1.0,-1,-1,-1.0,-1.0,-1.0
105,2021-03-01 11:00:00,-1.0,-1.0,-1.0,-1.0,-1,-1,-1.0,-1.0,-1.0
106,2021-03-01 11:01:00,-1.0,-1.0,-1.0,-1.0,-1,-1,-1.0,-1.0,-1.0
107,2021-03-01 11:02:00,-1.0,-1.0,-1.0,-1.0,-1,-1,-1.0,-1.0,-1.0
108,2021-03-01 11:03:00,-1.0,-1.0,-1.0,-1.0,-1,-1,-1.0,-1.0,-1.0
109,2021-03-01 11:04:00,-1.0,-1.0,-1.0,-1.0,-1,-1,-1.0,-1.0,-1.0
110,2021-03-01 11:05:00,-1.0,-1.0,-1.0,-1.0,-1,-1,-1.0,-1.0,-1.0
111,2021-03-01 11:06:00,-1.0,-1.0,-1.0,-1.0,-1,-1,-1.0,-1.0,-1.0
112,2021-03-01 11:07:00,-1.0,-1.0,-1.0,-1.0,-1,-1,-1.0,-1.0,-1.0
113,2021-03-01 11:08:00,-1.0,-1.0,-1.0,-1.0,-1,-1,-1.0,-1.0,-1.0
114,2021-03-01 11:09:00,-1.0,-1.0,-1.0,-1.0,-1,-1,-1.0,-1.0,-1.0
115,2021-03-01 11:10:00,-1.0,-1.0,-1.0,-1.0,-1,-1,-1.0,-1.0,-1.0
116,2021-03-01 11:11:00,-1.0,-1.0,-1.0,-1.0,-1,-1,-1.0,-1.0,-1.0
117,2021-03-01 11:12:00,-1.0,-1.0,-1.0,-1.0,-1,-1,-1.0,-1.0,-1.0
118,2021-03-01 11:13:00,-1.0,-1.0,-1.0,-1.0,-1,-1,-1.0,-1.0,-1.0
119,2021-03-01 11:14:00,-1.0,-1.0,-1.0,-1.0,-1,-1,-1.0,-1.0,-1.0
120,2021-03-01 11:15:00,-1.0,-1.0,-1.0,-1.0,-1,-1,-1.0,-1.0,-1.0
121,2021-03-01 11:16:00,-1.0,-1.0,-1.0,-1.0,-1,-1,-1.0,-1.0,-1.0
122,2021-03-01 11:17:00,-1.0,-1.0,-1.0,-1.0,-1,-1,-1.0,-1.0,-1.0
123,2021-03-01 11:18:00,-1.0,-1.0,-1.0,-1.0,-1,-1,-1.0,-1.0,-1.0
124,2021-03-01 11:19:00,-1.0,-1.0,-1.0,-1.0,-1,-1,-1.0,-1.0,-1.0
125,2021-03-01 11:20:00,-1.0,-1.0,-1.0,-1.0,-1,-1,-1.0,-1.0,-1.0
126,2021-03-01 11:21:00,-1.0,-1.0,-1.0,-1.0,-1,-1,-1.0,-1.0,-1.0
127,2021-03-01 11:22:00,-1.0,-1.0,-1.0,-1.0,-1,-1,-1.0,-1.0,-1.0
128,2021-03-01 11:23:00,-1.0,-1.0,-1.0,-1.0,-1,-1,-1.0,-1.0,-1.0
129,2021-03-01 11:24:00,-1.0,-1.0,-1.0,-1.0,-1,-1,-1.0,-1.0,-1.0
130,2021-03-01 11:25:00,-1.0,-1.0,-1.0,-1.0,-1,-1,-1.0,-1.0,-1.0
131,2021-03-01 11:26:00,-1.0,-1.0,-1.0,-1.0,-1,-1,-1.0,-1.0,-1.0
132,2021-03-01 11:27:00,-1.0,-1.0,-1.0,-1.0,-1,-1,-1.0,-1.0,-1.0
133,2021-03-01 11:28:00,-1.0,-1.0,-1.0,-1.0,-1,-1,-1.0,-1.0,-1.0
134,2021-03-01 11:29:00,-1.0,-1.0,-1.0,-1.0,-1,-1,-1.0,-1.0,-1.0
135,2021-03-01 11:30:00,-1.0,-1.0,-1.0,-1.0,-1,-1,-1.0,-1.0,-1.0
136,2021-03-01 11:31:00,-1.0,-1.0,-1.0,-1.0,-1,-1,-1.0,-1.0,-1.0
137,2021-03-01 11:32:00,-1.0,-1.0,-1.0,-1.0,-1,-1,-1.0,-1.0,-1.0
138,2021-03-01 11:33:00,-1.0,-1.0,-1.0,-1.0,-1,-1,-1.0,-1.0,-1.0
139,2021-03-01 11:34:00,-1.0,-1.0,-1.0,-1.0,-1,-1,-1.0,-1.0,-1.0
140,2021-03-01 11:35:00,-1.0,-1.0,-1.0,-1.0,-1,-1,-1.0,-1.0,-1.0
141,2021-03-01 11:36:00,-1.0,-1.0,-1.0,-1.0,-1,-1,-1.0,-1.0,-1.0
142,2021-03-01 11:37:00,1641.25,1641.25,1641.25,1641.25,25,0,1641.25,1402.25,1812.6
143,2021-03-01 11:38:00,1641.25,1641.25,1641.25,1641.25,25,0,1641.25,1402.25,1812.6
144,2021-03-01 11:39:00,1641.25,1641.25,1641.25,1641.25,25,0,1641.25,1402.25,1812.6
145,2021-03-01 11:40:00,1641.25,1641.25,1641.25,1641.25,25,0,1641.25,1402.25,1812.6
146,2021-03-01 11:41:00,1641.25,1641.25,1641.25,1641.25,25,0,1641.25,1402.25,1812.6
147,2021-03-01 11:42:00,1641.25,1641.25,1641.25,1641.25,25,0,1641.25,1402.25,1812.6
148,2021-03-01 11:43:00,1641.25,1641.25,1641.25,1641.25,25,0,1641.25,1402.25,1812.6
149,2021-03-01 11:44:00,1641.25,1641.25,1641.25,1641.25,25,0,1641.25,1402.25,1812.6
150,2021-03-01 11:45:00,1641.25,1641.25,1641.25,1641.25,25,0,1641.25,1402.25,1812.6
151,2021-03-01 11:46:00,1641.25,1641.25,1641.25,1641.25,25,0,1641.25,1402.25,1812.6
152,2021-03-01 11:47:00,1641.25,1641.25,1641.25,1641.25,25,0,1641.25,1402.25,1812.6
153,2021-03-01 11:48:00,1641.25,1641.25,1641.25,1641.25,25,0,1641.25,1402.25,1812.6
154,2021-03-01 11:49:00,1641.25,1641.25,1641.25,1641.25,25,0,1641.25,1402.25,1812.6
155,2021-03-01 11:50:00,1641.25,1641.25,1641.25,1641.25,25,0,1641.25,1402.25,1812.6
156,2021-03-01 11:51:00,1641.25,1641.25,1641.25,1641.25,25,0,1641.25,1402.25,1812.6
157,2021-03-01 11:52:00,1641.25,1641.25,1641.25,1641.25,25,0,1641.25,1402.25,1812.6
158,2021-03-01 11:53:00,1641.25,1641.25,1641.25,1641.25,25,0,1641.25,1402.25,1812.6
159,2021-03-01 11:54:00,1641.25,1641.25,1641.25,1641.25,25,0,1641.25,1402.25,1812.6
160,2021-03-01 11:55:00,1641.25,1641.25,1641.25,1641.25,25,0,1641.25,1402.25,1812.6
161,2021-03-01 11:56:00,1641.25,1641.25,1641.25,1641.25,25,0,1641.25,1402.25,1812.6
162,2021-03-01 11:57:00,1641.25,1641.25,1641.25,1641.25,25,0,1641.25,1402.25,1812.6
163,2021-03-01 11:58:00,1641.25,1641.25,1641.25,1641.25,25,0,1641.25,1402.25,1812.6
164,2021-03-01 11:59:00,1641.25,1641.25,1641.25,1641.25,25,0,1641.25,1402.25,1812.6
165,2021-03-01 12:00:00,1641.25,1641.25,1641.25,1641.25,25,0,1641.25,1402.25,1812.6
166,2021-03-01 12:01:00,1641.25,1641.25,1641.25,1641.25,25,0,1641.25,1402.25,1812.6
167,2021-03-01 12:02:00,1641.25,1641.25,1641.25,1641.25,25,0,1641.25,1402.25,1812.6
168,2021-03-01 12:03:00,1641.25,1641.25,1641.25,1641.25,25,0,1641.25,1402.25,1812.6
169,2021-03-01 12:04:00,1641.25,1641.25,1641.25,1641.25,25,0,1641.25,1402.25,1812.6
170,2021-03-01 12:05:00,1641.25,1641.25,1641.25,1641.25,25,0,1641.25,1402.25,1812.6
171,2021-03-01 12:06:00,1641.25,1641.25,1641.25,1641.25,25,0,1641.25,1402.25,1812.6
172,2021-03-01 12:07:00,1641.25,1641.25,1641.25,1641.25,25,0,1641.25,1402.25,1812.6
173,2021-03-01 12:08:00,1641.25,1641.25,1641.25,1641.25,25,0,1641.25,1402.25,1812.6
174,2021-03-01 12:09:00,1641.25,1641.25,1641.25,1641.25,25,0,1641.25,1402.25,1812.6
175,2021-03-01 12:10:00,1641.25,1641.25,1641.25,1641.25,25,0,1641.25,1402.25,1812.6
176,2021-03-01 12:11:00,1641.25,1641.25,1641.25,1641.25,25,0,1641.25,1402.25,1812.6
177,2021-03-01 12:12:00,1641.25,1641.25,1641.25,1641.25,25,0,1641.25,1402.25,1812.6
178,2021-03-01 12:13:00,1641.25,1641.25,1641.25,1641.25,25,0,1641.25,1402.25,1812.6
179,2021-03-01 12:14:00,1641.25,1641.25,1641.25,1641.25,25,0,1641.25,1402.25,1812.6
180,2021-03-01 12:15:00,1641.25,1641.25,1641.25,1641.25,25,0,1641.25,1402.25,1812.6
181,2021-03-01 12:16:00,1641.25,1641.25,1641.25,1641.25,25,0,1641.25,1402.25,1812.6
182,2021-03-01 12:17:00,1641.25,1641.25,1641.25,1641.25,25,0,1641.25,1402.25,1812.6
183,2021-03-01 12:18:00,1641.25,1641.25,1641.25,1641.25,25,0,1641.25,1402.25,1812.6
184,2021-03-01 12:19:00,1641.25,1641.25,1641.25,1641.25,25,0,1641.25,1402.25,1812.6
185,2021-03-01 12:20:00,1641.25,1641.25,1641.25,1641.25,25,0,1641.25,1402.25,1812.6
186,2021-03-01 12:21:00,1641.25,1641.25,1641.25,1641.25,25,0,1641.25,1402.25,1812.6
187,2021-03-01 12:22:00,1641.25,1641.25,1641.25,1641.25,25,0,1641.25,1402.25,1812.6
188,2021-03-01 12:23:00,1641.25,1641.25,1641.25,1641.25,25,0,1641.25,1402.25,1812.6
189,2021-03-01 12:24:00,1641.25,1641.25,1641.25,1641.25,25,0,1641.25,1402.25,1812.6
190,2021-03-01 12:25:00,1641.25,1641.25,1641.25,1641.25,25,0,1641.25,1402.25,1812.6
191,2021-03-01 12:26:00,1641.25,1641.25,1641.25,1641.25,25,0,1641.25,1402.25,1812.6
192,2021-03-01 12:27:00,1641.25,1641.25,1641.25,1641.25,25,0,1641.25,1402.25,1812.6
193,2021-03-01 12:28:00,1641.25,1641.25,1641.25,1641.25,25,0,1641.25,1402.25,1812.6
194,2021-03-01 12:29:00,1641.25,1641.25,1641.25,1641.25,25,0,1641.25,1402.25,1812.6
195,2021-03-01 12:30:00,1641.25,1641.25,1641.25,1641.25,25,0,1641.25,1402.25,1812.6
196,2021-03-01 12:31:00,1641.25,1641.25,1641.25,1641.25,25,0,1641.25,1402.25,1812.6
197,2021-03-01 12:32:00,1641.25,1641.25,1641.25,1641.25,25,0,1641.25,1402.25,1812.6
198,2021-03-01 12:33:00,1641.25,1641.25,1641.25,1641.25,25,0,1641.25,1402.25,1812.6
199,2021-03-01 12:34:00,1641.25,1641.25,1641.25,1641.25,25,0,1641.25,1402.25,1812.6
200,2021-03-01 12:35:00,1641.25,1641.25,1641.25,1641.25,25,0,1641.25,1402.25,1812.6
201,2021-03-01 12:36:00,1641.25,1641.25,1641.25,1641.25,25,0,1641.25,1402.25,1812.6
202,2021-03-01 12:37:00,1641.25,1641.25,1641.25,1641.25,25,0,1641.25,1402.25,1812.6
203,2021-03-01 12:38:00,1641.25,1641.25,1641.25,1641.25,25,0,1641.25,1402.25,1812.6
204,2021-03-01 12:39:00,1641.25,1641.25,1641.25,1641.25,25,0,1641.25,1402.25,1812.6
205,2021-03-01 12:40:00,1641.25,1641.25,1641.25,1641.25,25,0,1641.25,1402.25,1812.6
206,2021-03-01 12:41:00,1641.25,1641.25,1641.25,1641.25,25,0,1641.25,1402.25,1812.6
207,2021-03-01 12:42:00,1641.25,1641.25,1641.25,1641.25,25,0,1641.25,1402.25,1812.6
208,2021-03-01 12:43:00,1641.25,1641.25,1641.25,1641.25,25,0,1641.25,1402.25,1812.6
209,2021-03-01 12:44:00,1641.25,1641.25,1641.25,1641.25,25,0,1641.25,1402.25,1812.6
210,2021-03-01 12:45:00,1641.25,1641.25,1641.25,1641.25,25,0,1641.25,1402.25,1812.6
211,2021-03-01 12:46:00,1641.25,1641.25,1641.25,1641.25,25,0,1641.25,1402.25,1812.6
212,2021-03-01 12:47:00,1641.25,1641.25,1641.25,1641.25,25,0,1641.25,1402.25,1812.6
213,2021-03-01 12:48:00,1641.25,1641.25,1641.25,1641.25,25,0,1641.25,1402.25,1812.6
214,2021-03-01 12:49:00,1641.25,1641.25,1641.25,1641.25,25,0,1641.25,1402.25,1812.6
215,2021-03-01 12:50:00,1641.25,1641.25,1641.25,1641.25,25,0,1641.25,1402.25,1812.6
216,2021-03-01 12:51:00,1641.25,1641.25,1641.25,1641.25,25,0,1641.25,1402.25,1812.6
217,2021-03-01 12:52:00,1641.25,1641.25,1641.25,1641.25,25,0,1641.25,1402.25,1812.6
218,2021-03-01 12:53:00,1641.25,1641.25,1641.25,1641.25,25,0,1641.25,1402.25,1812.6
219,2021-03-01 12:54:00,1641.25,1641.25,1641.25,1641.25,25,0,1641.25,1402.25,1812.6
220,2021-03-01 12:55:00,1641.25,1641.25,1641.25,1641.25,25,0,1641.25,1402.25,1812.6
221,2021-03-01 12:56:00,1641.25,1641.25,1641.25,1641.25,25,0,1641.25,1402.25,1812.6
222,2021-03-01 12:57:00,1641.25,1641.25,1641.25,1641.25,25,0,1641.25,1402.25,1812.6
223,2021-03-01 12:58:00,1641.25,1641.25,1641.25,1641.25,25,0,1641.25,1402.25,1812.6
224,2021-03-01 12:59:00,1641.25,1641.25,1641.25,1641.25,25,0,1641.25,1402.25,1812.6
225,2021-03-01 13:00:00,1641.25,1641.25,1641.25,1641.25,25,0,1641.25,1402.25,1812.6
226,2021-03-01 13:01:00,1641.25,1641.25,1641.25,1641.25,25,0,1641.25,1402.25,1812.6
227,2021-03-01 13:02:00,1641.25,1641.25,1641.25,1641.25,25,0,1641.25,1402.25,1812.6
228,2021-03-01 13:03:00,1641.25,1641.25,1641.25,1641.25,25,0,1641.25,1402.25,1812.6
229,2021-03-01 13:04:00,1641.25,1641.25,1641.25,1641.25,25,0,1641.25,1402.25,1812.6
230,2021-03-01 13:05:00,1641.25,1641.25,1641.25,1641.25,25,0,1641.25,1402.25,1812.6
231,2021-03-01 13:06:00,1641.25,1641.25,1641.25,1641.25,25,0,1641.25,1402.25,1812.6
232,2021-03-01 13:07:00,1641.25,1641.25,1641.25,1641.25,25,0,1641.25,1402.25,1812.6
233,2021-03-01 13:08:00,1641.25,1641.25,1641.25,1641.25,25,0,1641.25,1402.25,1812.6
234,2021-03-01 13:09:00,1641.25,1641.25,1641.25,1641.25,25,0,1641.25,1402.25,1812.6
235,2021-03-01 13:10:00,1641.25,1641.25,1641.25,1641.25,25,0,1641.25,1402.25,1812.6
236,2021-03-01 13:11:00,1641.25,1641.25,1641.25,1641.25,25,0,1641.25,1402.25,1812.6
237,2021-03-01 13:12:00,1641.25,1641.25,1641.25,1641.25,25,0,1641.25,1402.25,1812.6
238,2021-03-01 13:13:00,1641.25,1641.25,1641.25,1641.25,25,0,1641.25,1402.25,1812.6
239,2021-03-01 13:14:00,1641.25,1641.25,1641.25,1641.25,25,0,1641.25,1402.25,1812.6
240,2021-03-01 13:15:00,1641.25,1641.25,1641.25,1641.25,25,0,1641.25,1402.25,1812.6
241,2021-03-01 13:16:00,1641.25,1641.25,1641.25,1641.25,25,0,1641.25,1402.25,1812.6
242,2021-03-01 13:17:00,1641.25,1641.25,1641.25,1641.25,25,0,1641.25,1402.25,1812.6
243,2021-03-01 13:18:00,1641.25,1641.25,1641.25,1641.25,25,0,1641.25,1402.25,1812.6
244,2021-03-01 13:19:00,1641.25,1641.25,1641.25,1641.25,25,0,1641.25,1402.25,1812.6
245,2021-03-01 13:20:00,1641.25,1641.25,1641.25,1641.25,25,0,1641.25,1402.25,1812.6
246,2021-03-01 13:21:00,1641.25,1641.25,1641.25,1641.25,25,0,1641.25,1402.25,1812.6
247,2021-03-01 13:22:00,1641.25,1641.25,1641.25,1641.25,25,0,1641.25,1402.25,1812.6
248,2021-03-01 13:23:00,1641.25,1641.25,1641.25,1641.25,25,0,1641.25,1402.25,1812.6
249,2021-03-01 13:24:00,1641.25,1641.25,1641.25,1641.25,25,0,1641.25,1402.25,1812.6
250,2021-03-01 13:25:00,1641.25,1641.25,1641.25,1641.25,25,0,1641.25,1402.25,1812.6
251,2021-03-01 13:26:00,1641.25,1641.25,1641.25,1641.25,25,0,1641.25,1402.25,1812.6
252,2021-03-01 13:27:00,1641.25,1641.25,1641.25,1641.25,25,0,1641.25,1402.25,1812.6
253,2021-03-01 13:28:00,1641.25,1641.25,1641.25,1641.25,25,0,1641.25,1402.25,1812.6
254,2021-03-01 13:29:00,1641.25,1641.25,1641.25,1641.25,25,0,1641.25,1402.25,1812.6
255,2021-03-01 13:30:00,1641.25,1641.25,1641.25,1641.25,25,0,1641.25,1402.25,1812.6
256,2021-03-01 13:31:00,1641.25,1641.25,1641.25,1641.25,25,0,1641.25,1402.25,1812.6
257,2021-03-01 13:32:00,1641.25,1641.25,1641.25,1641.25,25,0,1641.25,1402.25,1812.6
258,2021-03-01 13:33:00,1641.25,1641.25,1641.25,1641.25,25,0,1641.25,1402.25,1812.6
259,2021-03-01 13:34:00,1641.25,1641.25,1641.25,1641.25,25,0,1641.25,1402.25,1812.6
260,2021-03-01 13:35:00,1641.25,1641.25,1641.25,1641.25,25,0,1641.25,1402.25,1812.6
261,2021-03-01 13:36:00,1641.25,1641.25,1641.25,1641.25,25,0,1641.25,1402.25,1812.6
262,2021-03-01 13:37:00,1641.25,1641.25,1641.25,1641.25,25,0,1641.25,1402.25,1812.6
263,2021-03-01 13:38:00,1641.25,1641.25,1641.25,1641.25,25,0,1641.25,1402.25,1812.6
264,2021-03-01 13:39:00,1641.25,1641.25,1641.25,1641.25,25,0,1641.25,1402.25,1812.6
265,2021-03-01 13:40:00,1641.25,1641.25,1641.25,1641.25,25,0,1641.25,1402.25,1812.6
266,2021-03-01 13:41:00,1641.25,1641.25,1641.25,1641.25,25,0,1641.25,1402.25,1812.6
267,2021-03-01 13:42:00,1641.25,1641.25,1641.25,1641.25,25,0,1641.25,1402.25,1812.6
268,2021-03-01 13:43:00,1641.25,1641.25,1641.25,1641.25,25,0,1641.25,1402.25,1812.6
269,2021-03-01 13:44:00,1641.25,1641.25,1641.25,1641.25,25,0,1641.25,1402.25,1812.6
270,2021-03-01 13:45:00,1641.25,1641.25,1641.25,1641.25,25,0,1641.25,1402.25,1812.6
271,2021-03-01 13:46:00,1641.25,1641.25,1641.25,1641.25,25,0,1641.25,1402.25,1812.6
272,2021-03-01 13:47:00,1641.25,1641.25,1641.25,1641.25,25,0,1641.25,1402.25,1812.6
273,2021-03-01 13:48:00,1641.25,1641.25,1641.25,1641.25,25,0,1641.25,1402.25,1812.6
274,2021-03-01 13:49:00,1641.25,1641.25,1641.25,1641.25,25,0,1641.25,1402.25,1812.6
275,2021-03-01 13:50:00,1641.25,1641.25,1641.25,1641.25,25,0,1641.25,1402.25,1812.6
276,2021-03-01 13:51:00,1641.25,1641.25,1641.25,1641.25,25,0,1641.25,1402.25,1812.6
277,2021-03-01 13:52:00,1641.25,1641.25,1641.25,1641.25,25,0,1641.25,1402.25,1812.6
278,2021-03-01 13:53:00,1641.25,1641.25,1641.25,1641.25,25,0,1641.25,1402.25,1812.6
279,2021-03-01 13:54:00,1641.25,1641.25,1641.25,1641.25,25,0,1641.25,1402.25,1812.6
280,2021-03-01 13:55:00,1641.25,1641.25,1641.25,1641.25,25,0,1641.25,1402.25,1812.6
281,2021-03-01 13:56:00,1641.25,1641.25,1641.25,1641.25,25,0,1641.25,1402.25,1812.6
282,2021-03-01 13:57:00,1641.25,1641.25,1641.25,1641.25,25,0,1641.25,1402.25,1812.6
283,2021-03-01 13:58:00,1641.25,1641.25,1641.25,1641.25,25,0,1641.25,1402.25,1812.6
284,2021-03-01 13:59:00,1641.25,1641.25,1641.25,1641.25,25,0,1641.25,1402.25,1812.6
285,2021-03-01 14:00:00,1641.25,1641.25,1641.25,1641.25,25,0,1641.25,1402.25,1812.6
286,2021-03-01 14:01:00,1641.25,1641.25,1641.25,1641.25,25,0,1641.25,1402.25,1812.6
287,2021-03-01 14:02:00,1641.25,1641.25,1641.25,1641.25,25,0,1641.25,1402.25,1812.6
288,2021-03-01 14:03:00,1641.25,1641.25,1641.25,1641.25,25,0,1641.25,1402.25,1812.6
289,2021-03-01 14:04:00,1641.25,1641.25,1641.25,1641.25,25,0,1641.25,1402.25,1812.6
290,2021-03-01 14:05:00,1641.25,1641.25,1641.25,1641.25,25,0,1641.25,1402.25,1812.6
291,2021-03-01 14:06:00,1641.25,1641.25,1641.25,1641.25,25,0,1641.25,1402.25,1812.6
292,2021-03-01 14:07:00,1641.25,1641.25,1641.25,1641.25,25,0,1641.25,1402.25,1812.6
293,2021-03-01 14:08:00,1641.25,1641.25,1641.25,1641.25,25,0,1641.25,1402.25,1812.6
294,2021-03-01 14:09:00,1641.25,1641.25,1641.25,1641.25,25,0,1641.25,1402.25,1812.6
295,2021-03-01 14:10:00,1641.25,1641.25,1641.25,1641.25,25,0,1641.25,1402.25,1812.6
296,2021-03-01 14:11:00,1641.25,1641.25,1641.25,1641.25,25,0,1641.25,1402.25,1812.6
297,2021-03-01 14:12:00,1641.25,1641.25,1641.25,1641.25,25,0,1641.25,1402.25,1812.6
298,2021-03-01 14:13:00,1641.25,1641.25,1641.25,1641.25,25,0,1641.25,1402.25,1812.6
299,2021-03-01 14:14:00,1641.25,1641.25,1641.25,1641.25,25,0,1641.25,1402.25,1812.6
300,2021-03-01 14:15:00,1641.25,1641.25,1641.25,1641.25,25,0,1641.25,1402.25,1812.6
301,2021-03-01 14:16:00,1641.25,1641.25,1641.25,1641.25,25,0,1641.25,1402.25,1812.6
302,2021-03-01 14:17:00,1641.25,1641.25,1641.25,1641.25,25,0,1641.25,1402.25,1812.6
303,2021-03-01 14:18:00,1641.25,1641.25,1641.25,1641.25,25,0,1641.25,1402.25,1812.6
304,2021-03-01 14:19:00,1641.25,1641.25,1641.25,1641.25,25,0,1641.25,1402.25,1812.6
305,2021-03-01 14:20:00,1641.25,1641.25,1641.25,1641.25,25,0,1641.25,1402.25,1812.6
306,2021-03-01 14:21:00,1641.25,1641.25,1641.25,1641.25,25,0,1641.25,1402.25,1812.6
307,2021-03-01 14:22:00,1641.25,1641.25,1641.25,1641.25,25,0,1641.25,1402.25,1812.6
308,2021-03-01 14:23:00,1641.25,1641.25,1641.25,1641.25,25,0,1641.25,1402.25,1812.6
309,2021-03-01 14:24:00,1641.25,1641.25,1641.25,1641.25,25,0,1641.25,1402.25,1812.6
310,2021-03-01 14:25:00,1641.25,1641.25,1641.25,1641.25,25,0,1641.25,1402.25,1812.6
311,2021-03-01 14:26:00,1641.25,1641.25,1641.25,1641.25,25,0,1641.25,1402.25,1812.6
312,2021-03-01 14:27:00,1641.25,1641.25,1641.25,1641.25,25,0,1641.25,1402.25,1812.6
313,2021-03-01 14:28:00,1641.25,1641.25,1641.25,1641.25,25,0,1641.25,1402.25,1812.6
314,2021-03-01 14:29:00,1641.25,1641.25,1641.25,1641.25,25,0,1641.25,1402.25,1812.6
315,2021-03-01 14:30:00,1641.25,1641.25,1641.25,1641.25,25,0,1641.25,1402.25,1812.6
316,2021-03-01 14:31:00,1641.25,1641.25,1641.25,1641.25,25,0,1641.25,1402.25,1812.6
317,2021-03-01 14:32:00,1641.25,1641.25,1641.25,1641.25,25,0,1641.25,1402.25,1812.6
318,2021-03-01 14:33:00,1641.25,1641.25,1641.25,1641.25,25,0,1641.25,1402.25,1812.6
319,2021-03-01 14:34:00,1641.25,1641.25,1641.25,1641.25,25,0,1641.25,1402.25,1812.6
320,2021-03-01 14:35:00,1641.25,1641.25,1641.25,1641.25,25,0,1641.25,1402.25,1812.6
321,2021-03-01 14:36:00,1641.25,1641.25,1641.25,1641.25,25,0,1641.25,1402.25,1812.6
322,2021-03-01 14:37:00,1641.25,1641.25,1641.25,1641.25,25,0,1641.25,1402.25,1812.6
323,2021-03-01 14:38:00,1641.25,1641.25,1641.25,1641.25,25,0,1641.25,1402.25,1812.6
324,2021-03-01 14:39:00,1641.25,1641.25,1641.25,1641.25,25,0,1641.25,1402.25,1812.6
325,2021-03-01 14:40:00,1641.25,1641.25,1641.25,1641.25,25,0,1641.25,1402.25,1812.6
326,2021-03-01 14:41:00,1641.25,1641.25,1641.25,1641.25,25,0,1641.25,1402.25,1812.6
327,2021-03-01 14:42:00,1641.25,1641.25,1641.25,1641.25,25,0,1641.25,1402.25,1812.6
328,2021-03-01 14:43:00,1641.25,1641.25,1641.25,1641.25,25,0,1641.25,1402.25,1812.6
329,2021-03-01 14:44:00,1641.25,1641.25,1641.25,1641.25,25,0,1641.25,1402.25,1812.6
330,2021-03-01 14:45:00,1641.25,1641.25,1641.25,1641.25,25,0,1641.25,1402.25,1812.6
331,2021-03-01 14:46:00,1641.25,1641.25,1641.25,1641.25,25,0,1641.25,1402.25,1812.6
332,2021-03-01 14:47:00,1641.25,1641.25,1641.25,1641.25,25,0,1641.25,1402.25,1812.6
333,2021-03-01 14:48:00,1641.25,1641.25,1641.25,1641.25,25,0,1641.25,1402.25,1812.6
334,2021-03-01 14:49:00,1641.25,1641.25,1641.25,1641.25,25,0,1641.25,1402.25,1812.6
335,2021-03-01 14:50:00,1641.25,1641.25,1641.25,1641.25,25,0,1641.25,1402.25,1812.6
336,2021-03-01 14:51:00,1641.25,1641.25,1641.25,1641.25,25,0,1641.25,1402.25,1812.6
337,2021-03-01 14:52:00,1641.25,1641.25,1641.25,1641.25,25,0,1641.25,1402.25,1812.6
338,2021-03-01 14:53:00,1641.25,1641.25,1641.25,1641.25,25,0,1641.25,1402.25,1812.6
339,2021-03-01 14:54:00,1641.25,1641.25,1641.25,1641.25,25,0,1641.25,1402.25,1812.6
340,2021-03-01 14:55:00,1641.25,1641.25,1641.25,1641.25,25,0,1641.25,1402.25,1812.6
341,2021-03-01 14:56:00,1641.25,1641.25,1641.25,1641.25,25,0,1641.25,1402.25,1812.6
342,2021-03-01 14:57:00,1641.25,1641.25,1641.25,1641.25,25,0,1641.25,1402.25,1812.6
343,2021-03-01 14:58:00,1641.25,1641.25,1641.25,1641.25,25,0,1641.25,1402.25,1812.6
344,2021-03-01 14:59:00,1641.25,1641.25,1641.25,1641.25,25,0,1641.25,1402.25,1812.6
345,2021-03-01 15:00:00,1641.25,1641.25,1641.25,1641.25,25,0,1641.25,1402.25,1812.6
346,2021-03-01 15:01:00,1641.25,1641.25,1641.25,1641.25,25,0,1641.25,1402.25,1812.6
347,2021-03-01 15:02:00,1641.25,1641.25,1641.25,1641.25,25,0,1641.25,1402.25,1812.6
348,2021-03-01 15:03:00,1641.25,1641.25,1641.25,1641.25,25,0,1641.25,1402.25,1812.6
349,2021-03-01 15:04:00,1641.25,1641.25,1641.25,1641.25,25,0,1641.25,1402.25,1812.6
350,2021-03-01 15:05:00,1641.25,1641.25,1641.25,1641.25,25,0,1641.25,1402.25,1812.6
351,2021-03-01 15:06:00,1641.25,1641.25,1641.25,1641.25,25,0,1641.25,1402.25,1812.6
352,2021-03-01 15:07:00,1641.25,1641.25,1641.25,1641.25,25,0,1641.25,1402.25,1812.6
353,2021-03-01 15:08:00,1641.25,1641.25,1641.25,1641.25,25,0,1641.25,1402.25,1812.6
354,2021-03-01 15:09:00,1641.25,1641.25,1641.25,1641.25,25,0,1641.25,1402.25,1812.6
355,2021-03-01 15:10:00,1641.25,1641.25,1641.25,1641.25,25,0,1641.25,1402.25,1812.6
356,2021-03-01 15:11:00,1641.25,1641.25,1641.25,1641.25,25,0,1641.25,1402.25,1812.6
357,2021-03-01 15:12:00,1641.25,1641.25,1641.25,1641.25,25,0,1641.25,1402.25,1812.6
358,2021-03-01 15:13:00,1641.25,1641.25,1641.25,1641.25,25,0,1641.25,1402.25,1812.6
359,2021-03-01 15:14:00,1641.25,1641.25,1641.25,1641.25,25,0,1641.25,1402.25,1812.6
360,2021-03-01 15:15:00,1641.25,1641.25,1641.25,1641.25,25,0,1641.25,1402.25,1812.6
361,2021-03-01 15:16:00,1641.25,1641.25,1641.25,1641.25,25,0,1641.25,1402.25,1812.6
362,2021-03-01 15:17:00,1641.25,1641.25,1641.25,1641.25,25,0,1641.25,1402.25,1812.6
363,2021-03-01 15:18:00,1641.25,1641.25,1641.25,1641.25,25,0,1641.25,1402.25,1812.6
364,2021-03-01 15:19:00,1641.25,1641.25,1641.25,1641.25,25,0,1641.25,1402.25,1812.6
365,2021-03-01 15:20:00,1641.25,1641.25,1641.25,1641.25,25,0,1641.25,1402.25,1812.6
366,2021-03-01 15:21:00,1641.25,1641.25,1641.25,1641.25,25,0,1641.25,1402.25,1812.6
367,2021-03-01 15:22:00,1641.25,1641.25,1641.25,1641.25,25,0,1641.25,1402.25,1812.6
368,2021-03-01 15:23:00,1641.25,1641.25,1641.25,1641.25,25,0,1641.25,1402.25,1812.6
369,2021-03-01 15:24:00,1641.25,1641.25,1641.25,1641.25,25,0,1641.25,1402.25,1812.6
370,2021-03-01 15:25:00,1641.25,1641.25,1641.25,1641.25,25,0,1641.25,1402.25,1812.6
371,2021-03-01 15:26:00,1641.25,1641.25,1641.25,1641.25,25,0,1641.25,1402.25,1812.6
372,2021-03-01 15:27:00,1641.25,1641.25,1641.25,1641.25,25,0,1641.25,1402.25,1812.6
373,2021-03-01 15:28:00,1641.25,1641.25,1641.25,1641.25,25,0,1641.25,1402.25,1812.6
374,2021-03-01 15:29:00,1641.25,1641.25,1641.25,1641.25,25,0,1641.25,1402.25,1812.6
375,2021-03-01 15:30:00,1641.25,1641.25,1641.25,1641.25,25,0,1641.25,1402.25,1812.6
376,2021-03-02 09:15:00,1641.25,1641.25,1641.25,1641.25,25,0,1641.25,1402.25,1812.6
377,2021-03-02 09:16:00,1641.25,1641.25,1641.25,1641.25,25,0,1641.25,1402.25,1812.6
378,2021-03-02 09:17:00,1641.25,1641.25,1641.25,1641.25,25,0,1641.25,1402.25,1812.6
379,2021-03-02 09:18:00,1641.25,1641.25,1641.25,1641.25,25,0,1641.25,1402.25,1812.6
380,2021-03-02 09:19:00,1641.25,1641.25,1641.25,1641.25,25,0,1641.25,1402.25,1812.6
381,2021-03-02 09:20:00,1641.25,1641.25,1641.25,1641.25,25,0,1641.25,1402.25,1812.6
382,2021-03-02 09:21:00,1641.25,1641.25,1641.25,1641.25,25,0,1641.25,1402.25,1812.6
383,2021-03-02 09:22:00,1641.25,1641.25,1641.25,1641.25,25,0,1641.25,1402.25,1812.6
384,2021-03-02 09:23:00,1641.25,1641.25,1641.25,1641.25,25,0,1641.25,1402.25,1812.6
385,2021-03-02 09:24:00,1641.25,1641.25,1641.25,1641.25,25,0,1641.25,1402.25,1812.6
386,2021-03-02 09:25:00,1641.25,1641.25,1641.25,1641.25,25,0,1641.25,1402.25,1812.6
387,2021-03-02 09:26:00,1641.25,1641.25,1641.25,1641.25,25,0,1641.25,1402.25,1812.6
388,2021-03-02 09:27:00,1641.25,1641.25,1641.25,1641.25,25,0,1641.25,1402.25,1812.6
389,2021-03-02 09:28:00,1641.25,1641.25,1641.25,1641.25,25,0,1641.25,1402.25,1812.6
390,2021-03-02 09:29:00,1641.25,1641.25,1641.25,1641.25,25,0,1641.25,1402.25,1812.6
391,2021-03-02 09:30:00,1641.25,1641.25,1641.25,1641.25,25,0,1641.25,1402.25,1812.6
392,2021-03-02 09:31:00,1641.25,1641.25,1641.25,1641.25,25,0,1641.25,1402.25,1812.6
393,2021-03-02 09:32:00,1641.25,1641.25,1641.25,1641.25,25,0,1641.25,1402.25,1812.6
394,2021-03-02 09:33:00,1641.25,1641.25,1641.25,1641.25,25,0,1641.25,1402.25,1812.6
395,2021-03-02 09:34:00,1641.25,1641.25,1641.25,1641.25,25,0,1641.25,1402.25,1812.6
396,2021-03-02 09:35:00,1641.25,1641.25,1641.25,1641.25,25,0,1641.25,1402.25,1812.6
397,2021-03-02 09:36:00,1641.25,1641.25,1641.25,1641.25,25,0,1641.25,1402.25,1812.6
398,2021-03-02 09:37:00,1641.25,1641.25,1641.25,1641.25,25,0,1641.25,1402.25,1812.6
399,2021-03-02 09:38:00,1641.25,1641.25,1641.25,1641.25,25,0,1641.25,1402.25,1812.6
400,2021-03-02 09:39:00,1641.25,1641.25,1641.25,1641.25,25,0,1641.25,1402.25,1812.6
401,2021-03-02 09:40:00,1641.25,1641.25,1641.25,1641.25,25,0,1641.25,1402.25,1812.6
402,2021-03-02 09:41:00,1641.25,1641.25,1641.25,1641.25,25,0,1641.25,1402.25,1812.6
403,2021-03-02 09:42:00,1641.25,1641.25,1641.25,1641.25,25,0,1641.25,1402.25,1812.6
404,2021-03-02 09:43:00,1641.25,1641.25,1641.25,1641.25,25,0,1641.25,1402.25,1812.6
405,2021-03-02 09:44:00,1641.25,1641.25,1641.25,1641.25,25,0,1641.25,1402.25,1812.6
406,2021-03-02 09:45:00,1641.25,1641.25,1641.25,1641.25,25,0,1641.25,1402.25,1812.6
407,2021-03-02 09:46:00,1641.25,1641.25,1641.25,1641.25,25,0,1641.25,1402.25,1812.6
408,2021-03-02 09:47:00,1641.25,1641.25,1641.25,1641.25,25,0,1641.25,1402.25,1812.6
409,2021-03-02 09:48:00,1641.25,1641.25,1641.25,1641.25,25,0,1641.25,1402.25,1812.6
410,2021-03-02 09:49:00,1641.25,1641.25,1641.25,1641.25,25,0,1641.25,1402.25,1812.6
411,2021-03-02 09:50:00,1641.25,1641.25,1641.25,1641.25,25,0,1641.25,1402.25,1812.6
412,2021-03-02 09:51:00,1641.25,1641.25,1641.25,1641.25,25,0,1641.25,1402.25,1812.6
413,2021-03-02 09:52:00,1641.25,1641.25,1641.25,1641.25,25,0,1641.25,1402.25,1812.6
414,2021-03-02 09:53:00,1641.25,1641.25,1641.25,1641.25,25,0,1641.25,1402.25,1812.6
415,2021-03-02 09:54:00,1641.25,1641.25,1641.25,1641.25,25,0,1641.25,1402.25,1812.6
416,2021-03-02 09:55:00,1641.25,1641.25,1641.25,1641.25,25,0,1641.25,1402.25,1812.6
417,2021-03-02 09:56:00,1641.25,1641.25,1641.25,1641.25,25,0,1641.25,1402.25,1812.6
418,2021-03-02 09:57:00,1641.25,1641.25,1641.25,1641.25,25,0,1641.25,1402.25,1812.6
419,2021-03-02 09:58:00,1641.25,1641.25,1641.25,1641.25,25,0,1641.25,1402.25,1812.6
420,2021-03-02 09:59:00,1641.25,1641.25,1641.25,1641.25,25,0,1641.25,1402.25,1812.6
421,2021-03-02 10:00:00,1641.25,1641.25,1641.25,1641.25,25,0,1641.25,1402.25,1812.6
422,2021-03-02 10:01:00,1641.25,1641.25,1641.25,1641.25,25,0,1641.25,1402.25,1812.6
423,2021-03-02 10:02:00,1641.25,1641.25,1641.25,1641.25,25,0,1641.25,1402.25,1812.6
424,2021-03-02 10:03:00,1641.25,1641.25,1641.25,1641.25,25,0,1641.25,1402.25,1812.6
425,2021-03-02 10:04:00,1641.25,1641.25,1641.25,1641.25,25,0,1641.25,1402.25,1812.6
426,2021-03-02 10:05:00,1641.25,1641.25,1641.25,1641.25,25,0,1641.25,1402.25,1812.6
427,2021-03-02 10:06:00,1641.25,1641.25,1641.25,1641.25,25,0,1641.25,1402.25,1812.6
428,2021-03-02 10:07:00,1641.25,1641.25,1641.25,1641.25,25,0,1641.25,1402.25,1812.6
429,2021-03-02 10:08:00,1641.25,1641.25,1641.25,1641.25,25,0,1641.25,1402.25,1812.6
430,2021-03-02 10:09:00,1641.25,1641.25,1641.25,1641.25,25,0,1641.25,1402.25,1812.6
431,2021-03-02 10:10:00,1641.25,1641.25,1641.25,1641.25,25,0,1641.25,1402.25,1812.6
432,2021-03-02 10:11:00,1641.25,1641.25,1641.25,1641.25,25,0,1641.25,1402.25,1812.6
433,2021-03-02 10:12:00,1641.25,1641.25,1641.25,1641.25,25,0,1641.25,1402.25,1812.6
434,2021-03-02 10:13:00,1641.25,1641.25,1641.25,1641.25,25,0,1641.25,1402.25,1812.6
435,2021-03-02 10:14:00,1641.25,1641.25,1641.25,1641.25,25,0,1641.25,1402.25,1812.6
436,2021-03-02 10:15:00,1641.25,1641.25,1641.25,1641.25,25,0,1641.25,1402.25,1812.6
437,2021-03-02 10:16:00,1641.25,1641.25,1641.25,1641.25,25,0,1641.25,1402.25,1812.6
438,2021-03-02 10:17:00,1641.25,1641.25,1641.25,1641.25,25,0,1641.25,1402.25,1812.6
439,2021-03-02 10:18:00,1641.25,1641.25,1641.25,1641.25,25,0,1641.25,1402.25,1812.6
440,2021-03-02 10:19:00,1641.25,1641.25,1641.25,1641.25,25,0,1641.25,1402.25,1812.6
441,2021-03-02 10:20:00,1641.25,1641.25,1641.25,1641.25,25,0,1641.25,1402.25,1812.6
442,2021-03-02 10:21:00,1641.25,1641.25,1641.25,1641.25,25,0,1641.25,1402.25,1812.6
443,2021-03-02 10:22:00,1641.25,1641.25,1641.25,1641.25,25,0,1641.25,1402.25,1812.6
444,2021-03-02 10:23:00,1641.25,1641.25,1641.25,1641.25,25,0,1641.25,1402.25,1812.6
445,2021-03-02 10:24:00,1641.25,1641.25,1641.25,1641.25,25,0,1641.25,1402.25,1812.6
446,2021-03-02 10:25:00,1641.25,1641.25,1641.25,1641.25,25,0,1641.25,1402.25,1812.6
447,2021-03-02 10:26:00,1641.25,1641.25,1641.25,1641.25,25,0,1641.25,1402.25,1812.6
448,2021-03-02 10:27:00,1641.25,1641.25,1641.25,1641.25,25,0,1641.25,1402.25,1812.6
449,2021-03-02 10:28:00,1641.25,1641.25,1641.25,1641.25,25,0,1641.25,1402.25,1812.6
450,2021-03-02 10:29:00,1641.25,1641.25,1641.25,1641.25,25,0,1641.25,1402.25,1812.6
451,2021-03-02 10:30:00,1641.25,1641.25,1641.25,1641.25,25,0,1641.25,1402.25,1812.6
452,2021-03-02 10:31:00,1641.25,1641.25,1641.25,1641.25,25,0,1641.25,1402.25,1812.6
453,2021-03-02 10:32:00,1641.25,1641.25,1641.25,1641.25,25,0,1641.25,1402.25,1812.6
454,2021-03-02 10:33:00,1641.25,1641.25,1641.25,1641.25,25,0,1641.25,1402.25,1812.6
455,2021-03-02 10:34:00,1641.25,1641.25,1641.25,1641.25,25,0,1641.25,1402.25,1812.6
456,2021-03-02 10:35:00,1641.25,1641.25,1641.25,1641.25,25,0,1641.25,1402.25,1812.6
457,2021-03-02 10:36:00,1641.25,1641.25,1641.25,1641.25,25,0,1641.25,1402.25,1812.6
458,2021-03-02 10:37:00,1641.25,1641.25,1641.25,1641.25,25,0,1641.25,1402.25,1812.6
459,2021-03-02 10:38:00,1641.25,1641.25,1641.25,1641.25,25,0,1641.25,1402.25,1812.6
460,2021-03-02 10:39:00,1641.25,1641.25,1641.25,1641.25,25,0,1641.25,1402.25,1812.6
461,2021-03-02 10:40:00,1641.25,1641.25,1641.25,1641.25,25,0,1641.25,1402.25,1812.6
462,2021-03-02 10:41:00,1641.25,1641.25,1641.25,1641.25,25,0,1641.25,1402.25,1812.6
463,2021-03-02 10:42:00,1641.25,1641.25,1641.25,1641.25,25,0,1641.25,1402.25,1812.6
464,2021-03-02 10:43:00,1641.25,1641.25,1641.25,1641.25,25,0,1641.25,1402.25,1812.6
465,2021-03-02 10:44:00,1641.25,1641.25,1641.25,1641.25,25,0,1641.25,1402.25,1812.6
466,2021-03-02 10:45:00,1641.25,1641.25,1641.25,1641.25,25,0,1641.25,1402.25,1812.6
467,2021-03-02 10:46:00,1641.25,1641.25,1641.25,1641.25,25,0,1641.25,1402.25,1812.6
468,2021-03-02 10:47:00,1641.25,1641.25,1641.25,1641.25,25,0,1641.25,1402.25,1812.6
469,2021-03-02 10:48:00,1641.25,1641.25,1641.25,1641.25,25,0,1641.25,1402.25,1812.6
470,2021-03-02 10:49:00,1641.25,1641.25,1641.25,1641.25,25,0,1641.25,1402.25,1812.6
471,2021-03-02 10:50:00,1641.25,1641.25,1641.25,1641.25,25,0,1641.25,1402.25,1812.6
472,2021-03-02 10:51:00,1641.25,1641.25,1641.25,1641.25,25,0,1641.25,1402.25,1812.6
473,2021-03-02 10:52:00,1641.25,1641.25,1641.25,1641.25,25,0,1641.25,1402.25,1812.6
474,2021-03-02 10:53:00,1641.25,1641.25,1641.25,1641.25,25,0,1641.25,1402.25,1812.6
475,2021-03-02 10:54:00,1641.25,1641.25,1641.25,1641.25,25,0,1641.25,1402.25,1812.6
476,2021-03-02 10:55:00,1641.25,1641.25,1641.25,1641.25,25,0,1641.25,1402.25,1812.6
477,2021-03-02 10:56:00,1641.25,1641.25,1641.25,1641.25,25,0,1641.25,1402.25,1812.6
478,2021-03-02 10:57:00,1641.25,1641.25,1641.25,1641.25,25,0,1641.25,1402.25,1812.6
479,2021-03-02 10:58:00,1641.25,1641.25,1641.25,1641.25,25,0,1641.25,1402.25,1812.6
480,2021-03-02 10:59:00,1641.25,1641.25,1641.25,1641.25,25,0,1641.25,1402.25,1812.6
481,2021-03-02 11:00:00,1641.25,1641.25,1641.25,1641.25,25,0,1641.25,1402.25,1812.6
482,2021-03-02 11:01:00,1641.25,1641.25,1641.25,1641.25,25,0,1641.25,1402.25,1812.6
483,2021-03-02 11:02:00,1641.25,1641.25,1641.25,1641.25,25,0,1641.25,1402.25,1812.6
484,2021-03-02 11:03:00,1641.25,1641.25,1641.25,1641.25,25,0,1641.25,1402.25,1812.6
485,2021-03-02 11:04:00,1641.25,1641.25,1641.25,1641.25,25,0,1641.25,1402.25,1812.6
486,2021-03-02 11:05:00,1641.25,1641.25,1641.25,1641.25,25,0,1641.25,1402.25,1812.6
487,2021-03-02 11:06:00,1641.25,1641.25,1641.25,1641.25,25,0,1641.25,1402.25,1812.6
488,2021-03-02 11:07:00,1641.25,1641.25,1641.25,1641.25,25,0,1641.25,1402.25,1812.6
489,2021-03-02 11:08:00,1641.25,1641.25,1641.25,1641.25,25,0,1641.25,1402.25,1812.6
490,2021-03-02 11:09:00,1641.25,1641.25,1641.25,1641.25,25,0,1641.25,1402.25,1812.6
491,2021-03-02 11:10:00,1641.25,1641.25,1641.25,1641.25,25,0,1641.25,1402.25,1812.6
492,2021-03-02 11:11:00,1641.25,1641.25,1641.25,1641.25,25,0,1641.25,1402.25,1812.6
493,2021-03-02 11:12:00,1641.25,1641.25,1641.25,1641.25,25,0,1641.25,1402.25,1812.6
494,2021-03-02 11:13:00,1641.25,1641.25,1641.25,1641.25,25,0,1641.25,1402.25,1812.6
495,2021-03-02 11:14:00,1641.25,1641.25,1641.25,1641.25,25,0,1641.25,1402.25,1812.6
496,2021-03-02 11:15:00,1641.25,1641.25,1641.25,1641.25,25,0,1641.25,1402.25,1812.6
497,2021-03-02 11:16:00,1641.25,1641.25,1641.25,1641.25,25,0,1641.25,1402.25,1812.6
498,2021-03-02 11:17:00,1641.25,1641.25,1641.25,1641.25,25,0,1641.25,1402.25,1812.6
499,2021-03-02 11:18:00,1641.25,1641.25,1641.25,1641.25,25,0,1641.25,1402.25,1812.6
500,2021-03-02 11:19:00,1641.25,1641.25,1641.25,1641.25,25,0,1641.25,1402.25,1812.6
501,2021-03-02 11:20:00,1641.25,1641.25,1641.25,1641.25,25,0,1641.25,1402.25,1812.6
502,2021-03-02 11:21:00,1641.25,1641.25,1641.25,1641.25,25,0,1641.25,1402.25,1812.6
503,2021-03-02 11:22:00,1641.25,1641.25,1641.25,1641.25,25,0,1641.25,1402.25,1812.6
504,2021-03-02 11:23:00,1641.25,1641.25,1641.25,1641.25,25,0,1641.25,1402.25,1812.6
505,2021-03-02 11:24:00,1641.25,1641.25,1641.25,1641.25,25,0,1641.25,1402.25,1812.6
506,2021-03-02 11:25:00,1641.25,1641.25,1641.25,1641.25,25,0,1641.25,1402.25,1812.6
507,2021-03-02 11:26:00,1641.25,1641.25,1641.25,1641.25,25,0,1641.25,1402.25,1812.6
508,2021-03-02 11:27:00,1641.25,1641.25,1641.25,1641.25,25,0,1641.25,1402.25,1812.6
509,2021-03-02 11:28:00,1641.25,1641.25,1641.25,1641.25,25,0,1641.25,1402.25,1812.6
510,2021-03-02 11:29:00,1641.25,1641.25,1641.25,1641.25,25,0,1641.25,1402.25,1812.6
511,2021-03-02 11:30:00,1641.25,1641.25,1641.25,1641.25,25,0,1641.25,1402.25,1812.6
512,2021-03-02 11:31:00,1641.25,1641.25,1641.25,1641.25,25,0,1641.25,1402.25,1812.6
513,2021-03-02 11:32:00,1641.25,1641.25,1641.25,1641.25,25,0,1641.25,1402.25,1812.6
514,2021-03-02 11:33:00,1641.25,1641.25,1641.25,1641.25,25,0,1641.25,1402.25,1812.6
515,2021-03-02 11:34:00,1641.25,1641.25,1641.25,1641.25,25,0,1641.25,1402.25,1812.6
516,2021-03-02 11:35:00,1641.25,1641.25,1641.25,1641.25,25,0,1641.25,1402.25,1812.6
517,2021-03-02 11:36:00,1641.25,1641.25,1641.25,1641.25,25,0,1641.25,1402.25,1812.6
518,2021-03-02 11:37:00,1641.25,1641.25,1641.25,1641.25,25,0,1641.25,1402.25,1812.6
519,2021-03-02 11:38:00,1641.25,1641.25,1641.25,1641.25,25,0,1641.25,1402.25,1812.6
520,2021-03-02 11:39:00,1641.25,1641.25,1641.25,1641.25,25,0,1641.25,1402.25,1812.6
521,2021-03-02 11:40:00,1641.25,1641.25,1641.25,1641.25,25,0,1641.25,1402.25,1812.6
522,2021-03-02 11:41:00,1641.25,1641.25,1641.25,1641.25,25,0,1641.25,1402.25,1812.6
523,2021-03-02 11:42:00,1641.25,1641.25,1641.25,1641.25,25,0,1641.25,1402.25,1812.6
524,2021-03-02 11:43:00,1641.25,1641.25,1641.25,1641.25,25,0,1641.25,1402.25,1812.6
525,2021-03-02 11:44:00,1641.25,1641.25,1641.25,1641.25,25,0,1641.25,1402.25,1812.6
526,2021-03-02 11:45:00,1641.25,1641.25,1641.25,1641.25,25,0,1641.25,1402.25,1812.6
527,2021-03-02 11:46:00,1641.25,1641.25,1641.25,1641.25,25,0,1641.25,1402.25,1812.6
528,2021-03-02 11:47:00,1641.25,1641.25,1641.25,1641.25,25,0,1641.25,1402.25,1812.6
529,2021-03-02 11:48:00,1641.25,1641.25,1641.25,1641.25,25,0,1641.25,1402.25,1812.6
530,2021-03-02 11:49:00,1641.25,1641.25,1641.25,1641.25,25,0,1641.25,1402.25,1812.6
531,2021-03-02 11:50:00,1641.25,1641.25,1641.25,1641.25,25,0,1641.25,1402.25,1812.6
532,2021-03-02 11:51:00,1641.25,1641.25,1641.25,1641.25,25,0,1641.25,1402.25,1812.6
533,2021-03-02 11:52:00,1641.25,1641.25,1641.25,1641.25,25,0,1641.25,1402.25,1812.6
534,2021-03-02 11:53:00,1641.25,1641.25,1641.25,1641.25,25,0,1641.25,1402.25,1812.6
535,2021-03-02 11:54:00,1641.25,1641.25,1641.25,1641.25,25,0,1641.25,1402.25,1812.6
536,2021-03-02 11:55:00,1641.25,1641.25,1641.25,1641.25,25,0,1641.25,1402.25,1812.6
537,2021-03-02 11:56:00,1641.25,1641.25,1641.25,1641.25,25,0,1641.25,1402.25,1812.6
538,2021-03-02 11:57:00,1641.25,1641.25,1641.25,1641.25,25,0,1641.25,1402.25,1812.6
539,2021-03-02 11:58:00,1641.25,1641.25,1641.25,1641.25,25,0,1641.25,1402.25,1812.6
540,2021-03-02 11:59:00,1641.25,1641.25,1641.25,1641.25,25,0,1641.25,1402.25,1812.6
541,2021-03-02 12:00:00,1641.25,1641.25,1641.25,1641.25,25,0,1641.25,1402.25,1812.6
542,2021-03-02 12:01:00,1641.25,1641.25,1641.25,1641.25,25,0,1641.25,1402.25,1812.6
543,2021-03-02 12:02:00,1641.25,1641.25,1641.25,1641.25,25,0,1641.25,1402.25,1812.6
544,2021-03-02 12:03:00,1641.25,1641.25,1641.25,1641.25,25,0,1641.25,1402.25,1812.6
545,2021-03-02 12:04:00,1641.25,1641.25,1641.25,1641.25,25,0,1641.25,1402.25,1812.6
546,2021-03-02 12:05:00,1641.25,1641.25,1641.25,1641.25,25,0,1641.25,1402.25,1812.6
547,2021-03-02 12:06:00,1641.25,1641.25,1641.25,1641.25,25,0,1641.25,1402.25,1812.6
548,2021-03-02 12:07:00,1641.25,1641.25,1641.25,1641.25,25,0,1641.25,1402.25,1812.6
549,2021-03-02 12:08:00,1641.25,1641.25,1641.25,1641.25,25,0,1641.25,1402.25,1812.6
550,2021-03-02 12:09:00,1641.25,1641.25,1641.25,1641.25,25,0,1641.25,1402.25,1812.6
551,2021-03-02 12:10:00,1641.25,1641.25,1641.25,1641.25,25,0,1641.25,1402.25,1812.6
552,2021-03-02 12:11:00,1641.25,1641.25,1641.25,1641.25,25,0,1641.25,1402.25,1812.6
553,2021-03-02 12:12:00,1641.25,1641.25,1641.25,1641.25,25,0,1641.25,1402.25,1812.6
554,2021-03-02 12:13:00,1641.25,1641.25,1641.25,1641.25,25,0,1641.25,1402.25,1812.6
555,2021-03-02 12:14:00,1641.25,1641.25,1641.25,1641.25,25,0,1641.25,1402.25,1812.6
556,2021-03-02 12:15:00,1641.25,1641.25,1641.25,1641.25,25,0,1641.25,1402.25,1812.6
557,2021-03-02 12:16:00,1641.25,1641.25,1641.25,1641.25,25,0,1641.25,1402.25,1812.6
558,2021-03-02 12:17:00,1641.25,1641.25,1641.25,1641.25,25,0,1641.25,1402.25,1812.6
559,2021-03-02 12:18:00,1641.25,1641.25,1641.25,1641.25,25,0,1641.25,1402.25,1812.6
560,2021-03-02 12:19:00,1641.25,1641.25,1641.25,1641.25,25,0,1641.25,1402.25,1812.6
561,2021-03-02 12:20:00,1641.25,1641.25,1641.25,1641.25,25,0,1641.25,1402.25,1812.6
562,2021-03-02 12:21:00,1641.25,1641.25,1641.25,1641.25,25,0,1641.25,1402.25,1812.6
563,2021-03-02 12:22:00,1641.25,1641.25,1641.25,1641.25,25,0,1641.25,1402.25,1812.6
564,2021-03-02 12:23:00,1641.25,1641.25,1641.25,1641.25,25,0,1641.25,1402.25,1812.6
565,2021-03-02 12:24:00,1641.25,1641.25,1641.25,1641.25,25,0,1641.25,1402.25,1812.6
566,2021-03-02 12:25:00,1641.25,1641.25,1641.25,1641.25,25,0,1641.25,1402.25,1812.6
567,2021-03-02 12:26:00,1641.25,1641.25,1641.25,1641.25,25,0,1641.25,1402.25,1812.6
568,2021-03-02 12:27:00,1641.25,1641.25,1641.25,1641.25,25,0,1641.25,1402.25,1812.6
569,2021-03-02 12:28:00,1641.25,1641.25,1641.25,1641.25,25,0,1641.25,1402.25,1812.6
570,2021-03-02 12:29:00,1641.25,1641.25,1641.25,1641.25,25,0,1641.25,1402.25,1812.6
571,2021-03-02 12:30:00,1641.25,1641.25,1641.25,1641.25,25,0,1641.25,1402.25,1812.6
572,2021-03-02 12:31:00,1641.25,1641.25,1641.25,1641.25,25,0,1641.25,1402.25,1812.6
573,2021-03-02 12:32:00,1641.25,1641.25,1641.25,1641.25,25,0,1641.25,1402.25,1812.6
574,2021-03-02 12:33:00,1641.25,1641.25,1641.25,1641.25,25,0,1641.25,1402.25,1812.6
575,2021-03-02 12:34:00,1641.25,1641.25,1641.25,1641.25,25,0,1641.25,1402.25,1812.6
576,2021-03-02 12:35:00,1641.25,1641.25,1641.25,1641.25,25,0,1641.25,1402.25,1812.6
577,2021-03-02 12:36:00,1641.25,1641.25,1641.25,1641.25,25,0,1641.25,1402.25,1812.6
578,2021-03-02 12:37:00,1641.25,1641.25,1641.25,1641.25,25,0,1641.25,1402.25,1812.6
579,2021-03-02 12:38:00,1641.25,1641.25,1641.25,1641.25,25,0,1641.25,1402.25,1812.6
580,2021-03-02 12:39:00,1641.25,1641.25,1641.25,1641.25,25,0,1641.25,1402.25,1812.6
581,2021-03-02 12:40:00,1641.25,1641.25,1641.25,1641.25,25,0,1641.25,1402.25,1812.6
582,2021-03-02 12:41:00,1641.25,1641.25,1641.25,1641.25,25,0,1641.25,1402.25,1812.6
583,2021-03-02 12:42:00,1641.25,1641.25,1641.25,1641.25,25,0,1641.25,1402.25,1812.6
584,2021-03-02 12:43:00,1641.25,1641.25,1641.25,1641.25,25,0,1641.25,1402.25,1812.6
585,2021-03-02 12:44:00,1641.25,1641.25,1641.25,1641.25,25,0,1641.25,1402.25,1812.6
586,2021-03-02 12:45:00,1641.25,1641.25,1641.25,1641.25,25,0,1641.25,1402.25,1812.6
587,2021-03-02 12:46:00,1641.25,1641.25,1641.25,1641.25,25,0,1641.25,1402.25,1812.6
588,2021-03-02 12:47:00,1641.25,1641.25,1641.25,1641.25,25,0,1641.25,1402.25,1812.6
589,2021-03-02 12:48:00,1641.25,1641.25,1641.25,1641.25,25,0,1641.25,1402.25,1812.6
590,2021-03-02 12:49:00,1641.25,1641.25,1641.25,1641.25,25,0,1641.25,1402.25,1812.6
591,2021-03-02 12:50:00,1641.25,1641.25,1641.25,1641.25,25,0,1641.25,1402.25,1812.6
592,2021-03-02 12:51:00,1641.25,1641.25,1641.25,1641.25,25,0,1641.25,1402.25,1812.6
593,2021-03-02 12:52:00,1641.25,1641.25,1641.25,1641.25,25,0,1641.25,1402.25,1812.6
594,2021-03-02 12:53:00,1641.25,1641.25,1641.25,1641.25,25,0,1641.25,1402.25,1812.6
595,2021-03-02 12:54:00,1641.25,1641.25,1641.25,1641.25,25,0,1641.25,1402.25,1812.6
596,2021-03-02 12:55:00,1641.25,1641.25,1641.25,1641.25,25,0,1641.25,1402.25,1812.6
597,2021-03-02 12:56:00,1641.25,1641.25,1641.25,1641.25,25,0,1641.25,1402.25,1812.6
598,2021-03-02 12:57:00,1641.25,1641.25,1641.25,1641.25,25,0,1641.25,1402.25,1812.6
599,2021-03-02 12:58:00,1641.25,1641.25,1641.25,1641.25,25,0,1641.25,1402.25,1812.6
600,2021-03-02 12:59:00,1641.25,1641.25,1641.25,1641.25,25,0,1641.25,1402.25,1812.6
601,2021-03-02 13:00:00,1641.25,1641.25,1641.25,1641.25,25,0,1641.25,1402.25,1812.6
602,2021-03-02 13:01:00,1641.25,1641.25,1641.25,1641.25,25,0,1641.25,1402.25,1812.6
603,2021-03-02 13:02:00,1641.25,1641.25,1641.25,1641.25,25,0,1641.25,1402.25,1812.6
604,2021-03-02 13:03:00,1641.25,1641.25,1641.25,1641.25,25,0,1641.25,1402.25,1812.6
605,2021-03-02 13:04:00,1641.25,1641.25,1641.25,1641.25,25,0,1641.25,1402.25,1812.6
606,2021-03-02 13:05:00,1641.25,1641.25,1641.25,1641.25,25,0,1641.25,1402.25,1812.6
607,2021-03-02 13:06:00,1641.25,1641.25,1641.25,1641.25,25,0,1641.25,1402.25,1812.6
608,2021-03-02 13:07:00,1641.25,1641.25,1641.25,1641.25,25,0,1641.25,1402.25,1812.6
609,2021-03-02 13:08:00,1641.25,1641.25,1641.25,1641.25,25,0,1641.25,1402.25,1812.6
610,2021-03-02 13:09:00,1641.25,1641.25,1641.25,1641.25,25,0,1641.25,1402.25,1812.6
611,2021-03-02 13:10:00,1641.25,1641.25,1641.25,1641.25,25,0,1641.25,1402.25,1812.6
612,2021-03-02 13:11:00,1641.25,1641.25,1641.25,1641.25,25,0,1641.25,1402.25,1812.6
613,2021-03-02 13:12:00,1641.25,1641.25,1641.25,1641.25,25,0,1641.25,1402.25,1812.6
614,2021-03-02 13:13:00,1641.25,1641.25,1641.25,1641.25,25,0,1641.25,1402.25,1812.6
615,2021-03-02 13:14:00,1641.25,1641.25,1641.25,1641.25,25,0,1641.25,1402.25,1812.6
616,2021-03-02 13:15:00,1641.25,1641.25,1641.25,1641.25,25,0,1641.25,1402.25,1812.6
617,2021-03-02 13:16:00,1641.25,1641.25,1641.25,1641.25,25,0,1641.25,1402.25,1812.6
618,2021-03-02 13:17:00,1641.25,1641.25,1641.25,1641.25,25,0,1641.25,1402.25,1812.6
619,2021-03-02 13:18:00,1641.25,1641.25,1641.25,1641.25,25,0,1641.25,1402.25,1812.6
620,2021-03-02 13:19:00,1641.25,1641.25,1641.25,1641.25,25,0,1641.25,1402.25,1812.6
621,2021-03-02 13:20:00,1641.25,1641.25,1641.25,1641.25,25,0,1641.25,1402.25,1812.6
622,2021-03-02 13:21:00,1641.25,1641.25,1641.25,1641.25,25,0,1641.25,1402.25,1812.6
623,2021-03-02 13:22:00,1641.25,1641.25,1641.25,1641.25,25,0,1641.25,1402.25,1812.6
624,2021-03-02 13:23:00,1641.25,1641.25,1641.25,1641.25,25,0,1641.25,1402.25,1812.6
625,2021-03-02 13:24:00,1641.25,1641.25,1641.25,1641.25,25,0,1641.25,1402.25,1812.6
626,2021-03-02 13:25:00,1641.25,1641.25,1641.25,1641.25,25,0,1641.25,1402.25,1812.6
627,2021-03-02 13:26:00,1641.25,1641.25,1641.25,1641.25,25,0,1641.25,1402.25,1812.6
628,2021-03-02 13:27:00,1641.25,1641.25,1641.25,1641.25,25,0,1641.25,1402.25,1812.6
629,2021-03-02 13:28:00,1641.25,1641.25,1641.25,1641.25,25,0,1641.25,1402.25,1812.6
630,2021-03-02 13:29:00,1641.25,1641.25,1641.25,1641.25,25,0,1641.25,1402.25,1812.6
631,2021-03-02 13:30:00,1641.25,1641.25,1641.25,1641.25,25,0,1641.25,1402.25,1812.6
632,2021-03-02 13:31:00,1641.25,1641.25,1641.25,1641.25,25,0,1641.25,1402.25,1812.6
633,2021-03-02 13:32:00,1641.25,1641.25,1641.25,1641.25,25,0,1641.25,1402.25,1812.6
634,2021-03-02 13:33:00,1641.25,1641.25,1641.25,1641.25,25,0,1641.25,1402.25,1812.6
635,2021-03-02 13:34:00,1641.25,1641.25,1641.25,1641.25,25,0,1641.25,1402.25,1812.6
636,2021-03-02 13:35:00,1641.25,1641.25,1641.25,1641.25,25,0,1641.25,1402.25,1812.6
637,2021-03-02 13:36:00,1641.25,1641.25,1641.25,1641.25,25,0,1641.25,1402.25,1812.6
638,2021-03-02 13:37:00,1641.25,1641.25,1641.25,1641.25,25,0,1641.25,1402.25,1812.6
639,2021-03-02 13:38:00,1641.25,1641.25,1641.25,1641.25,25,0,1641.25,1402.25,1812.6
640,2021-03-02 13:39:00,1641.25,1641.25,1641.25,1641.25,25,0,1641.25,1402.25,1812.6
641,2021-03-02 13:40:00,1641.25,1641.25,1641.25,1641.25,25,0,1641.25,1402.25,1812.6
642,2021-03-02 13:41:00,1641.25,1641.25,1641.25,1641.25,25,0,1641.25,1402.25,1812.6
643,2021-03-02 13:42:00,1641.25,1641.25,1641.25,1641.25,25,0,1641.25,1402.25,1812.6
644,2021-03-02 13:43:00,1641.25,1641.25,1641.25,1641.25,25,0,1641.25,1402.25,1812.6
645,2021-03-02 13:44:00,1641.25,1641.25,1641.25,1641.25,25,0,1641.25,1402.25,1812.6
646,2021-03-02 13:45:00,1641.25,1641.25,1641.25,1641.25,25,0,1641.25,1402.25,1812.6
647,2021-03-02 13:46:00,1641.25,1641.25,1641.25,1641.25,25,0,1641.25,1402.25,1812.6
648,2021-03-02 13:47:00,1641.25,1641.25,1641.25,1641.25,25,0,1641.25,1402.25,1812.6
649,2021-03-02 13:48:00,1641.25,1641.25,1641.25,1641.25,25,0,1641.25,1402.25,1812.6
650,2021-03-02 13:49:00,1641.25,1641.25,1641.25,1641.25,25,0,1641.25,1402.25,1812.6
651,2021-03-02 13:50:00,1641.25,1641.25,1641.25,1641.25,25,0,1641.25,1402.25,1812.6
652,2021-03-02 13:51:00,1641.25,1641.25,1641.25,1641.25,25,0,1641.25,1402.25,1812.6
653,2021-03-02 13:52:00,1641.25,1641.25,1641.25,1641.25,25,0,1641.25,1402.25,1812.6
654,2021-03-02 13:53:00,1641.25,1641.25,1641.25,1641.25,25,0,1641.25,1402.25,1812.6
655,2021-03-02 13:54:00,1641.25,1641.25,1641.25,1641.25,25,0,1641.25,1402.25,1812.6
656,2021-03-02 13:55:00,1641.25,1641.25,1641.25,1641.25,25,0,1641.25,1402.25,1812.6
657,2021-03-02 13:56:00,1641.25,1641.25,1641.25,1641.25,25,0,1641.25,1402.25,1812.6
658,2021-03-02 13:57:00,1641.25,1641.25,1641.25,1641.25,25,0,1641.25,1402.25,1812.6
659,2021-03-02 13:58:00,1641.25,1641.25,1641.25,1641.25,25,0,1641.25,1402.25,1812.6
660,2021-03-02 13:59:00,1641.25,1641.25,1641.25,1641.25,25,0,1641.25,1402.25,1812.6
661,2021-03-02 14:00:00,1643.3,1643.3,1643.25,1643.25,50,25,1643.27,1645.05,2074.1
662,2021-03-02 14:01:00,1643.3,1643.3,1643.25,1643.25,50,25,1643.27,1645.05,2074.1
663,2021-03-02 14:02:00,1643.3,1643.3,1643.25,1643.25,50,25,1643.27,1645.05,2074.1
664,2021-03-02 14:03:00,1643.3,1643.3,1643.25,1643.25,50,25,1643.27,1645.05,2074.1
665,2021-03-02 14:04:00,1643.3,1643.3,1643.25,1643.25,50,25,1643.27,1645.05,2074.1
666,2021-03-02 14:05:00,1643.3,1643.3,1643.25,1643.25,50,25,1643.27,1645.05,2074.1
667,2021-03-02 14:06:00,1643.3,1643.3,1643.25,1643.25,50,25,1643.27,1645.05,2074.1
668,2021-03-02 14:07:00,1643.3,1643.3,1643.25,1643.25,50,25,1643.27,1645.05,2074.1
669,2021-03-02 14:08:00,1643.3,1643.3,1643.25,1643.25,50,25,1643.27,1645.05,2074.1
670,2021-03-02 14:09:00,1643.3,1643.3,1643.25,1643.25,50,25,1643.27,1645.05,2074.1
671,2021-03-02 14:10:00,1643.3,1643.3,1643.25,1643.25,50,25,1643.27,1645.05,2074.1
672,2021-03-02 14:11:00,1643.3,1643.3,1643.25,1643.25,50,25,1643.27,1645.05,2074.1
673,2021-03-02 14:12:00,1643.3,1643.3,1643.25,1643.25,50,25,1643.27,1645.05,2074.1
674,2021-03-02 14:13:00,1643.3,1643.3,1643.25,1643.25,50,25,1643.27,1645.05,2074.1
675,2021-03-02 14:14:00,1643.3,1643.3,1643.25,1643.25,50,25,1643.27,1645.05,2074.1
676,2021-03-02 14:15:00,1643.3,1643.3,1643.25,1643.25,50,25,1643.27,1645.05,2074.1
677,2021-03-02 14:16:00,1643.3,1643.3,1643.25,1643.25,50,25,1643.27,1645.05,2074.1
678,2021-03-02 14:17:00,1643.3,1643.3,1643.25,1643.25,50,25,1643.27,1645.05,2074.1
679,2021-03-02 14:18:00,1643.3,1643.3,1643.25,1643.25,50,25,1643.27,1645.05,2074.1
680,2021-03-02 14:19:00,1643.3,1643.3,1643.25,1643.25,50,25,1643.27,1645.05,2074.1
681,2021-03-02 14:20:00,1643.3,1643.3,1643.25,1643.25,50,25,1643.27,1645.05,2074.1
682,2021-03-02 14:21:00,1643.3,1643.3,1643.25,1643.25,50,25,1643.27,1645.05,2074.1
683,2021-03-02 14:22:00,1643.3,1643.3,1643.25,1643.25,50,25,1643.27,1645.05,2074.1
684,2021-03-02 14:23:00,1643.3,1643.3,1643.25,1643.25,50,25,1643.27,1645.05,2074.1
685,2021-03-02 14:24:00,1643.3,1643.3,1643.25,1643.25,50,25,1643.27,1645.05,2074.1
686,2021-03-02 14:25:00,1643.3,1643.3,1643.25,1643.25,50,25,1643.27,1645.05,2074.1
687,2021-03-02 14:26:00,1643.3,1643.3,1643.25,1643.25,50,25,1643.27,1645.05,2074.1
688,2021-03-02 14:27:00,1643.3,1643.3,1643.25,1643.25,50,25,1643.27,1645.05,2074.1
689,2021-03-02 14:28:00,1643.3,1643.3,1643.25,1643.25,50,25,1643.27,1645.05,2074.1
690,2021-03-02 14:29:00,1643.3,1643.3,1643.25,1643.25,50,25,1643.27,1645.05,2074.1
691,2021-03-02 14:30:00,1643.3,1643.3,1643.25,1643.25,50,25,1643.27,1645.05,2074.1
692,2021-03-02 14:31:00,1643.3,1643.3,1643.25,1643.25,50,25,1643.27,1645.05,2074.1
693,2021-03-02 14:32:00,1643.3,1643.3,1643.25,1643.25,50,25,1643.27,1645.05,2074.1
694,2021-03-02 14:33:00,1643.3,1643.3,1643.25,1643.25,50,25,1643.27,1645.05,2074.1
695,2021-03-02 14:34:00,1643.3,1643.3,1643.25,1643.25,50,25,1643.27,1645.05,2074.1
696,2021-03-02 14:35:00,1643.3,1643.3,1643.25,1643.25,50,25,1643.27,1645.05,2074.1
697,2021-03-02 14:36:00,1643.3,1643.3,1643.25,1643.25,50,25,1643.27,1645.05,2074.1
698,2021-03-02 14:37:00,1643.3,1643.3,1643.25,1643.25,50,25,1643.27,1645.05,2074.1
699,2021-03-02 14:38:00,1643.3,1643.3,1643.25,1643.25,50,25,1643.27,1645.05,2074.1
700,2021-03-02 14:39:00,1643.3,1643.3,1643.25,1643.25,50,25,1643.27,1645.05,2074.1
701,2021-03-02 14:40:00,1643.3,1643.3,1643.25,1643.25,50,25,1643.27,1645.05,2074.1
702,2021-03-02 14:41:00,1643.3,1643.3,1643.25,1643.25,50,25,1643.27,1645.05,2074.1
703,2021-03-02 14:42:00,1643.3,1643.3,1643.25,1643.25,50,25,1643.27,1645.05,2074.1
704,2021-03-02 14:43:00,1643.3,1643.3,1643.25,1643.25,50,25,1643.27,1645.05,2074.1
705,2021-03-02 14:44:00,1643.3,1643.3,1643.25,1643.25,50,25,1643.27,1645.05,2074.1
706,2021-03-02 14:45:00,1643.3,1643.3,1643.25,1643.25,50,25,1643.27,1645.05,2074.1
707,2021-03-02 14:46:00,1643.3,1643.3,1643.25,1643.25,50,25,1643.27,1645.05,2074.1
708,2021-03-02 14:47:00,1643.3,1643.3,1643.25,1643.25,50,25,1643.27,1645.05,2074.1
709,2021-03-02 14:48:00,1643.3,1643.3,1643.25,1643.25,50,25,1643.27,1645.05,2074.1
710,2021-03-02 14:49:00,1643.3,1643.3,1643.25,1643.25,50,25,1643.27,1645.05,2074.1
711,2021-03-02 14:50:00,1643.3,1643.3,1643.25,1643.25,50,25,1643.27,1645.05,2074.1
712,2021-03-02 14:51:00,1643.3,1643.3,1643.25,1643.25,50,25,1643.27,1645.05,2074.1
713,2021-03-02 14:52:00,1643.3,1643.3,1643.25,1643.25,50,25,1643.27,1645.05,2074.1
714,2021-03-02 14:53:00,1643.3,1643.3,1643.25,1643.25,50,25,1643.27,1645.05,2074.1
715,2021-03-02 14:54:00,1643.3,1643.3,1643.25,1643.25,50,25,1643.27,1645.05,2074.1
716,2021-03-02 14:55:00,1643.3,1643.3,1643.25,1643.25,50,25,1643.27,1645.05,2074.1
717,2021-03-02 14:56:00,1643.3,1643.3,1643.25,1643.25,50,25,1643.27,1645.05,2074.1
718,2021-03-02 14:57:00,1643.3,1643.3,1643.25,1643.25,50,25,1643.27,1645.05,2074.1
719,2021-03-02 14:58:00,1643.3,1643.3,1643.25,1643.25,50,25,1643.27,1645.05,2074.1
720,2021-03-02 14:59:00,1643.3,1643.3,1643.25,1643.25,50,25,1643.27,1645.05,2074.1
721,2021-03-02 15:00:00,1643.3,1643.3,1643.25,1643.25,50,25,1643.27,1645.05,2074.1
722,2021-03-02 15:01:00,1643.3,1643.3,1643.25,1643.25,50,25,1643.27,1645.05,2074.1
723,2021-03-02 15:02:00,1643.3,1643.3,1643.25,1643.25,50,25,1643.27,1645.05,2074.1
724,2021-03-02 15:03:00,1643.3,1643.3,1643.25,1643.25,50,25,1643.27,1645.05,2074.1
725,2021-03-02 15:04:00,1643.3,1643.3,1643.25,1643.25,50,25,1643.27,1645.05,2074.1
726,2021-03-02 15:05:00,1643.3,1643.3,1643.25,1643.25,50,25,1643.27,1645.05,2074.1
727,2021-03-02 15:06:00,1643.3,1643.3,1643.25,1643.25,50,25,1643.27,1645.05,2074.1
728,2021-03-02 15:07:00,1643.3,1643.3,1643.25,1643.25,50,25,1643.27,1645.05,2074.1
729,2021-03-02 15:08:00,1643.3,1643.3,1643.25,1643.25,50,25,1643.27,1645.05,2074.1
730,2021-03-02 15:09:00,1643.3,1643.3,1643.25,1643.25,50,25,1643.27,1645.05,2074.1
731,2021-03-02 15:10:00,1643.3,1643.3,1643.25,1643.25,50,25,1643.27,1645.05,2074.1
732,2021-03-02 15:11:00,1643.3,1643.3,1643.25,1643.25,50,25,1643.27,1645.05,2074.1
733,2021-03-02 15:12:00,1643.3,1643.3,1643.25,1643.25,50,25,1643.27,1645.05,2074.1
734,2021-03-02 15:13:00,1643.3,1643.3,1643.25,1643.25,50,25,1643.27,1645.05,2074.1
735,2021-03-02 15:14:00,1643.3,1643.3,1643.25,1643.25,50,25,1643.27,1645.05,2074.1
736,2021-03-02 15:15:00,1643.3,1643.3,1643.25,1643.25,50,25,1643.27,1645.05,2074.1
737,2021-03-02 15:16:00,1643.3,1643.3,1643.25,1643.25,50,25,1643.27,1645.05,2074.1
738,2021-03-02 15:17:00,1643.3,1643.3,1643.25,1643.25,50,25,1643.27,1645.05,2074.1
739,2021-03-02 15:18:00,1643.3,1643.3,1643.25,1643.25,50,25,1643.27,1645.05,2074.1
740,2021-03-02 15:19:00,1643.3,1643.3,1643.25,1643.25,50,25,1643.27,1645.05,2074.1
741,2021-03-02 15:20:00,1643.3,1643.3,1643.25,1643.25,50,25,1643.27,1645.05,2074.1
742,2021-03-02 15:21:00,1643.3,1643.3,1643.25,1643.25,50,25,1643.27,1645.05,2074.1
743,2021-03-02 15:22:00,1643.3,1643.3,1643.25,1643.25,50,25,1643.27,1645.05,2074.1
744,2021-03-02 15:23:00,1643.3,1643.3,1643.25,1643.25,50,25,1643.27,1645.05,2074.1
745,2021-03-02 15:24:00,1643.3,1643.3,1643.25,1643.25,50,25,1643.27,1645.05,2074.1
746,2021-03-02 15:25:00,1643.3,1643.3,1643.25,1643.25,50,25,1643.27,1645.05,2074.1
747,2021-03-02 15:26:00,1643.3,1643.3,1643.25,1643.25,50,25,1643.27,1645.05,2074.1
748,2021-03-02 15:27:00,1643.3,1643.3,1643.25,1643.25,50,25,1643.27,1645.05,2074.1
749,2021-03-02 15:28:00,1643.3,1643.3,1643.25,1643.25,50,25,1643.27,1645.05,2074.1
750,2021-03-02 15:29:00,1643.3,1643.3,1643.25,1643.25,50,25,1643.27,1645.05,2074.1
751,2021-03-02 15:30:00,1643.3,1643.3,1643.25,1643.25,50,25,1643.27,1645.05,2074.1
752,2021-03-03 09:15:00,1643.3,1643.3,1643.25,1643.25,50,25,1643.27,1645.05,2074.1
753,2021-03-03 09:16:00,1643.3,1643.3,1643.25,1643.25,50,25,1643.27,1645.05,2074.1
754,2021-03-03 09:17:00,1643.3,1643.3,1643.25,1643.25,50,25,1643.27,1645.05,2074.1
755,2021-03-03 09:18:00,1643.3,1643.3,1643.25,1643.25,50,25,1643.27,1645.05,2074.1
756,2021-03-03 09:19:00,1643.3,1643.3,1643.25,1643.25,50,25,1643.27,1645.05,2074.1
757,2021-03-03 09:20:00,1643.3,1643.3,1643.25,1643.25,50,25,1643.27,1645.05,2074.1
758,2021-03-03 09:21:00,1643.3,1643.3,1643.25,1643.25,50,25,1643.27,1645.05,2074.1
759,2021-03-03 09:22:00,1643.3,1643.3,1643.25,1643.25,50,25,1643.27,1645.05,2074.1
760,2021-03-03 09:23:00,1643.3,1643.3,1643.25,1643.25,50,25,1643.27,1645.05,2074.1
761,2021-03-03 09:24:00,1643.3,1643.3,1643.25,1643.25,50,25,1643.27,1645.05,2074.1
762,2021-03-03 09:25:00,1643.3,1643.3,1643.25,1643.25,50,25,1643.27,1645.05,2074.1
763,2021-03-03 09:26:00,1643.3,1643.3,1643.25,1643.25,50,25,1643.27,1645.05,2074.1
764,2021-03-03 09:27:00,1643.3,1643.3,1643.25,1643.25,50,25,1643.27,1645.05,2074.1
765,2021-03-03 09:28:00,1643.3,1643.3,1643.25,1643.25,50,25,1643.27,1645.05,2074.1
766,2021-03-03 09:29:00,1643.3,1643.3,1643.25,1643.25,50,25,1643.27,1645.05,2074.1
767,2021-03-03 09:30:00,1643.3,1643.3,1643.25,1643.25,50,25,1643.27,1645.05,2074.1
768,2021-03-03 09:31:00,1643.3,1643.3,1643.25,1643.25,50,25,1643.27,1645.05,2074.1
769,2021-03-03 09:32:00,1643.3,1643.3,1643.25,1643.25,50,25,1643.27,1645.05,2074.1
770,2021-03-03 09:33:00,1643.3,1643.3,1643.25,1643.25,50,25,1643.27,1645.05,2074.1
771,2021-03-03 09:34:00,1643.3,1643.3,1643.25,1643.25,50,25,1643.27,1645.05,2074.1
772,2021-03-03 09:35:00,1643.3,1643.3,1643.25,1643.25,50,25,1643.27,1645.05,2074.1
773,2021-03-03 09:36:00,1643.3,1643.3,1643.25,1643.25,50,25,1643.27,1645.05,2074.1
774,2021-03-03 09:37:00,1643.3,1643.3,1643.25,1643.25,50,25,1643.27,1645.05,2074.1
775,2021-03-03 09:38:00,1643.3,1643.3,1643.25,1643.25,50,25,1643.27,1645.05,2074.1
776,2021-03-03 09:39:00,1643.3,1643.3,1643.25,1643.25,50,25,1643.27,1645.05,2074.1
777,2021-03-03 09:40:00,1643.3,1643.3,1643.25,1643.25,50,25,1643.27,1645.05,2074.1
778,2021-03-03 09:41:00,1643.3,1643.3,1643.25,1643.25,50,25,1643.27,1645.05,2074.1
779,2021-03-03 09:42:00,1643.3,1643.3,1643.25,1643.25,50,25,1643.27,1645.05,2074.1
780,2021-03-03 09:43:00,1643.3,1643.3,1643.25,1643.25,50,25,1643.27,1645.05,2074.1
781,2021-03-03 09:44:00,1643.3,1643.3,1643.25,1643.25,50,25,1643.27,1645.05,2074.1
782,2021-03-03 09:45:00,1643.3,1643.3,1643.25,1643.25,50,25,1643.27,1645.05,2074.1
783,2021-03-03 09:46:00,1643.3,1643.3,1643.25,1643.25,50,25,1643.27,1645.05,2074.1
784,2021-03-03 09:47:00,1643.3,1643.3,1643.25,1643.25,50,25,1643.27,1645.05,2074.1
785,2021-03-03 09:48:00,1643.3,1643.3,1643.25,1643.25,50,25,1643.27,1645.05,2074.1
786,2021-03-03 09:49:00,1643.3,1643.3,1643.25,1643.25,50,25,1643.27,1645.05,2074.1
787,2021-03-03 09:50:00,1643.3,1643.3,1643.25,1643.25,50,25,1643.27,1645.05,2074.1
788,2021-03-03 09:51:00,1643.3,1643.3,1643.25,1643.25,50,25,1643.27,1645.05,2074.1
789,2021-03-03 09:52:00,1643.3,1643.3,1643.25,1643.25,50,25,1643.27,1645.05,2074.1
790,2021-03-03 09:53:00,1643.3,1643.3,1643.25,1643.25,50,25,1643.27,1645.05,2074.1
791,2021-03-03 09:54:00,1643.3,1643.3,1643.25,1643.25,50,25,1643.27,1645.05,2074.1
792,2021-03-03 09:55:00,1643.3,1643.3,1643.25,1643.25,50,25,1643.27,1645.05,2074.1
793,2021-03-03 09:56:00,1643.3,1643.3,1643.25,1643.25,50,25,1643.27,1645.05,2074.1
794,2021-03-03 09:57:00,1643.3,1643.3,1643.25,1643.25,50,25,1643.27,1645.05,2074.1
795,2021-03-03 09:58:00,1643.3,1643.3,1643.25,1643.25,50,25,1643.27,1645.05,2074.1
796,2021-03-03 09:59:00,1643.3,1643.3,1643.25,1643.25,50,25,1643.27,1645.05,2074.1
797,2021-03-03 10:00:00,1643.3,1643.3,1643.25,1643.25,50,25,1643.27,1645.05,2074.1
798,2021-03-03 10:01:00,1643.3,1643.3,1643.25,1643.25,50,25,1643.27,1645.05,2074.1
799,2021-03-03 10:02:00,1643.3,1643.3,1643.25,1643.25,50,25,1643.27,1645.05,2074.1
800,2021-03-03 10:03:00,1643.3,1643.3,1643.25,1643.25,50,25,1643.27,1645.05,2074.1
801,2021-03-03 10:04:00,1643.3,1643.3,1643.25,1643.25,50,25,1643.27,1645.05,2074.1
802,2021-03-03 10:05:00,1643.3,1643.3,1643.25,1643.25,50,25,1643.27,1645.05,2074.1
803,2021-03-03 10:06:00,1643.3,1643.3,1643.25,1643.25,50,25,1643.27,1645.05,2074.1
804,2021-03-03 10:07:00,1643.3,1643.3,1643.25,1643.25,50,25,1643.27,1645.05,2074.1
805,2021-03-03 10:08:00,1643.3,1643.3,1643.25,1643.25,50,25,1643.27,1645.05,2074.1
806,2021-03-03 10:09:00,1643.3,1643.3,1643.25,1643.25,50,25,1643.27,1645.05,2074.1
807,2021-03-03 10:10:00,1643.3,1643.3,1643.25,1643.25,50,25,1643.27,1645.05,2074.1
808,2021-03-03 10:11:00,1643.3,1643.3,1643.25,1643.25,50,25,1643.27,1645.05,2074.1
809,2021-03-03 10:12:00,1643.3,1643.3,1643.25,1643.25,50,25,1643.27,1645.05,2074.1
810,2021-03-03 10:13:00,1643.3,1643.3,1643.25,1643.25,50,25,1643.27,1645.05,2074.1
811,2021-03-03 10:14:00,1643.3,1643.3,1643.25,1643.25,50,25,1643.27,1645.05,2074.1
812,2021-03-03 10:15:00,1643.3,1643.3,1643.25,1643.25,50,25,1643.27,1645.05,2074.1
813,2021-03-03 10:16:00,1643.3,1643.3,1643.25,1643.25,50,25,1643.27,1645.05,2074.1
814,2021-03-03 10:17:00,1643.3,1643.3,1643.25,1643.25,50,25,1643.27,1645.05,2074.1
815,2021-03-03 10:18:00,1643.3,1643.3,1643.25,1643.25,50,25,1643.27,1645.05,2074.1
816,2021-03-03 10:19:00,1643.3,1643.3,1643.25,1643.25,50,25,1643.27,1645.05,2074.1
817,2021-03-03 10:20:00,1643.3,1643.3,1643.25,1643.25,50,25,1643.27,1645.05,2074.1
818,2021-03-03 10:21:00,1643.3,1643.3,1643.25,1643.25,50,25,1643.27,1645.05,2074.1
819,2021-03-03 10:22:00,1643.3,1643.3,1643.25,1643.25,50,25,1643.27,1645.05,2074.1
820,2021-03-03 10:23:00,1643.3,1643.3,1643.25,1643.25,50,25,1643.27,1645.05,2074.1
821,2021-03-03 10:24:00,1643.3,1643.3,1643.25,1643.25,50,25,1643.27,1645.05,2074.1
822,2021-03-03 10:25:00,1643.3,1643.3,1643.25,1643.25,50,25,1643.27,1645.05,2074.1
823,2021-03-03 10:26:00,1643.3,1643.3,1643.25,1643.25,50,25,1643.27,1645.05,2074.1
824,2021-03-03 10:27:00,1643.3,1643.3,1643.25,1643.25,50,25,1643.27,1645.05,2074.1
825,2021-03-03 10:28:00,1643.3,1643.3,1643.25,1643.25,50,25,1643.27,1645.05,2074.1
826,2021-03-03 10:29:00,1643.3,1643.3,1643.25,1643.25,50,25,1643.27,1645.05,2074.1
827,2021-03-03 10:30:00,1643.3,1643.3,1643.25,1643.25,50,25,1643.27,1645.05,2074.1
828,2021-03-03 10:31:00,1643.3,1643.3,1643.25,1643.25,50,25,1643.27,1645.05,2074.1
829,2021-03-03 10:32:00,1643.3,1643.3,1643.25,1643.25,50,25,1643.27,1645.05,2074.1
830,2021-03-03 10:33:00,1643.3,1643.3,1643.25,1643.25,50,25,1643.27,1645.05,2074.1
831,2021-03-03 10:34:00,1643.3,1643.3,1643.25,1643.25,50,25,1643.27,1645.05,2074.1
832,2021-03-03 10:35:00,1643.3,1643.3,1643.25,1643.25,50,25,1643.27,1645.05,2074.1
833,2021-03-03 10:36:00,1643.3,1643.3,1643.25,1643.25,50,25,1643.27,1645.05,2074.1
834,2021-03-03 10:37:00,1643.3,1643.3,1643.25,1643.25,50,25,1643.27,1645.05,2074.1
835,2021-03-03 10:38:00,1643.3,1643.3,1643.25,1643.25,50,25,1643.27,1645.05,2074.1
836,2021-03-03 10:39:00,1643.3,1643.3,1643.25,1643.25,50,25,1643.27,1645.05,2074.1
837,2021-03-03 10:40:00,1643.3,1643.3,1643.25,1643.25,50,25,1643.27,1645.05,2074.1
838,2021-03-03 10:41:00,1643.3,1643.3,1643.25,1643.25,50,25,1643.27,1645.05,2074.1
839,2021-03-03 10:42:00,1643.3,1643.3,1643.25,1643.25,50,25,1643.27,1645.05,2074.1
840,2021-03-03 10:43:00,1643.3,1643.3,1643.25,1643.25,50,25,1643.27,1645.05,2074.1
841,2021-03-03 10:44:00,1643.3,1643.3,1643.25,1643.25,50,25,1643.27,1645.05,2074.1
842,2021-03-03 10:45:00,1643.3,1643.3,1643.25,1643.25,50,25,1643.27,1645.05,2074.1
843,2021-03-03 10:46:00,1643.3,1643.3,1643.25,1643.25,50,25,1643.27,1645.05,2074.1
844,2021-03-03 10:47:00,1643.3,1643.3,1643.25,1643.25,50,25,1643.27,1645.05,2074.1
845,2021-03-03 10:48:00,1643.3,1643.3,1643.25,1643.25,50,25,1643.27,1645.05,2074.1
846,2021-03-03 10:49:00,1643.3,1643.3,1643.25,1643.25,50,25,1643.27,1645.05,2074.1
847,2021-03-03 10:50:00,1643.3,1643.3,1643.25,1643.25,50,25,1643.27,1645.05,2074.1
848,2021-03-03 10:51:00,1643.3,1643.3,1643.25,1643.25,50,25,1643.27,1645.05,2074.1
849,2021-03-03 10:52:00,1643.3,1643.3,1643.25,1643.25,50,25,1643.27,1645.05,2074.1
850,2021-03-03 10:53:00,1643.3,1643.3,1643.25,1643.25,50,25,1643.27,1645.05,2074.1
851,2021-03-03 10:54:00,1643.3,1643.3,1643.25,1643.25,50,25,1643.27,1645.05,2074.1
852,2021-03-03 10:55:00,1643.3,1643.3,1643.25,1643.25,50,25,1643.27,1645.05,2074.1
853,2021-03-03 10:56:00,1643.3,1643.3,1643.25,1643.25,50,25,1643.27,1645.05,2074.1
854,2021-03-03 10:57:00,1643.3,1643.3,1643.25,1643.25,50,25,1643.27,1645.05,2074.1
855,2021-03-03 10:58:00,1643.3,1643.3,1643.25,1643.25,50,25,1643.27,1645.05,2074.1
856,2021-03-03 10:59:00,1643.3,1643.3,1643.25,1643.25,50,25,1643.27,1645.05,2074.1
857,2021-03-03 11:00:00,1643.3,1643.3,1643.25,1643.25,50,25,1643.27,1645.05,2074.1
858,2021-03-03 11:01:00,1643.3,1643.3,1643.25,1643.25,50,25,1643.27,1645.05,2074.1
859,2021-03-03 11:02:00,1643.3,1643.3,1643.25,1643.25,50,25,1643.27,1645.05,2074.1
860,2021-03-03 11:03:00,1643.3,1643.3,1643.25,1643.25,50,25,1643.27,1645.05,2074.1
861,2021-03-03 11:04:00,1643.3,1643.3,1643.25,1643.25,50,25,1643.27,1645.05,2074.1
862,2021-03-03 11:05:00,1643.3,1643.3,1643.25,1643.25,50,25,1643.27,1645.05,2074.1
863,2021-03-03 11:06:00,1643.3,1643.3,1643.25,1643.25,50,25,1643.27,1645.05,2074.1
864,2021-03-03 11:07:00,1643.3,1643.3,1643.25,1643.25,50,25,1643.27,1645.05,2074.1
865,2021-03-03 11:08:00,1643.3,1643.3,1643.25,1643.25,50,25,1643.27,1645.05,2074.1
866,2021-03-03 11:09:00,1643.3,1643.3,1643.25,1643.25,50,25,1643.27,1645.05,2074.1
867,2021-03-03 11:10:00,1643.3,1643.3,1643.25,1643.25,50,25,1643.27,1645.05,2074.1
868,2021-03-03 11:11:00,1643.3,1643.3,1643.25,1643.25,50,25,1643.27,1645.05,2074.1
869,2021-03-03 11:12:00,1643.3,1643.3,1643.25,1643.25,50,25,1643.27,1645.05,2074.1
870,2021-03-03 11:13:00,1643.3,1643.3,1643.25,1643.25,50,25,1643.27,1645.05,2074.1
871,2021-03-03 11:14:00,1643.3,1643.3,1643.25,1643.25,50,25,1643.27,1645.05,2074.1
872,2021-03-03 11:15:00,1643.3,1643.3,1643.25,1643.25,50,25,1643.27,1645.05,2074.1
873,2021-03-03 11:16:00,1643.3,1643.3,1643.25,1643.25,50,25,1643.27,1645.05,2074.1
874,2021-03-03 11:17:00,1643.3,1643.3,1643.25,1643.25,50,25,1643.27,1645.05,2074.1
875,2021-03-03 11:18:00,1643.3,1643.3,1643.25,1643.25,50,25,1643.27,1645.05,2074.1
876,2021-03-03 11:19:00,1643.3,1643.3,1643.25,1643.25,50,25,1643.27,1645.05,2074.1
877,2021-03-03 11:20:00,1643.3,1643.3,1643.25,1643.25,50,25,1643.27,1645.05,2074.1
878,2021-03-03 11:21:00,1643.3,1643.3,1643.25,1643.25,50,25,1643.27,1645.05,2074.1
879,2021-03-03 11:22:00,1643.3,1643.3,1643.25,1643.25,50,25,1643.27,1645.05,2074.1
880,2021-03-03 11:23:00,1643.3,1643.3,1643.25,1643.25,50,25,1643.27,1645.05,2074.1
881,2021-03-03 11:24:00,1643.3,1643.3,1643.25,1643.25,50,25,1643.27,1645.05,2074.1
882,2021-03-03 11:25:00,1643.3,1643.3,1643.25,1643.25,50,25,1643.27,1645.05,2074.1
883,2021-03-03 11:26:00,1643.3,1643.3,1643.25,1643.25,50,25,1643.27,1645.05,2074.1
884,2021-03-03 11:27:00,1643.3,1643.3,1643.25,1643.25,50,25,1643.27,1645.05,2074.1
885,2021-03-03 11:28:00,1643.3,1643.3,1643.25,1643.25,50,25,1643.27,1645.05,2074.1
886,2021-03-03 11:29:00,1643.3,1643.3,1643.25,1643.25,50,25,1643.27,1645.05,2074.1
887,2021-03-03 11:30:00,1643.3,1643.3,1643.25,1643.25,50,25,1643.27,1645.05,2074.1
888,2021-03-03 11:31:00,1643.3,1643.3,1643.25,1643.25,50,25,1643.27,1645.05,2074.1
889,2021-03-03 11:32:00,1643.3,1643.3,1643.25,1643.25,50,25,1643.27,1645.05,2074.1
890,2021-03-03 11:33:00,1643.3,1643.3,1643.25,1643.25,50,25,1643.27,1645.05,2074.1
891,2021-03-03 11:34:00,1643.3,1643.3,1643.25,1643.25,50,25,1643.27,1645.05,2074.1
892,2021-03-03 11:35:00,1643.3,1643.3,1643.25,1643.25,50,25,1643.27,1645.05,2074.1
893,2021-03-03 11:36:00,1643.3,1643.3,1643.25,1643.25,50,25,1643.27,1645.05,2074.1
894,2021-03-03 11:37:00,1643.3,1643.3,1643.25,1643.25,50,25,1643.27,1645.05,2074.1
895,2021-03-03 11:38:00,1643.3,1643.3,1643.25,1643.25,50,25,1643.27,1645.05,2074.1
896,2021-03-03 11:39:00,1643.3,1643.3,1643.25,1643.25,50,25,1643.27,1645.05,2074.1
897,2021-03-03 11:40:00,1643.3,1643.3,1643.25,1643.25,50,25,1643.27,1645.05,2074.1
898,2021-03-03 11:41:00,1643.3,1643.3,1643.25,1643.25,50,25,1643.27,1645.05,2074.1
899,2021-03-03 11:42:00,1643.3,1643.3,1643.25,1643.25,50,25,1643.27,1645.05,2074.1
900,2021-03-03 11:43:00,1643.3,1643.3,1643.25,1643.25,50,25,1643.27,1645.05,2074.1
901,2021-03-03 11:44:00,1643.3,1643.3,1643.25,1643.25,50,25,1643.27,1645.05,2074.1
902,2021-03-03 11:45:00,1643.3,1643.3,1643.25,1643.25,50,25,1643.27,1645.05,2074.1
903,2021-03-03 11:46:00,1643.3,1643.3,1643.25,1643.25,50,25,1643.27,1645.05,2074.1
904,2021-03-03 11:47:00,1643.3,1643.3,1643.25,1643.25,50,25,1643.27,1645.05,2074.1
905,2021-03-03 11:48:00,1643.3,1643.3,1643.25,1643.25,50,25,1643.27,1645.05,2074.1
906,2021-03-03 11:49:00,1643.3,1643.3,1643.25,1643.25,50,25,1643.27,1645.05,2074.1
907,2021-03-03 11:50:00,1643.3,1643.3,1643.25,1643.25,50,25,1643.27,1645.05,2074.1
908,2021-03-03 11:51:00,1643.3,1643.3,1643.25,1643.25,50,25,1643.27,1645.05,2074.1
909,2021-03-03 11:52:00,1643.3,1643.3,1643.25,1643.25,50,25,1643.27,1645.05,2074.1
910,2021-03-03 11:53:00,1643.3,1643.3,1643.25,1643.25,50,25,1643.27,1645.05,2074.1
911,2021-03-03 11:54:00,1643.3,1643.3,1643.25,1643.25,50,25,1643.27,1645.05,2074.1
912,2021-03-03 11:55:00,1643.3,1643.3,1643.25,1643.25,50,25,1643.27,1645.05,2074.1
913,2021-03-03 11:56:00,1643.3,1643.3,1643.25,1643.25,50,25,1643.27,1645.05,2074.1
914,2021-03-03 11:57:00,1643.3,1643.3,1643.25,1643.25,50,25,1643.27,1645.05,2074.1
915,2021-03-03 11:58:00,1643.3,1643.3,1643.25,1643.25,50,25,1643.27,1645.05,2074.1
916,2021-03-03 11:59:00,1643.3,1643.3,1643.25,1643.25,50,25,1643.27,1645.05,2074.1
917,2021-03-03 12:00:00,1643.3,1643.3,1643.25,1643.25,50,25,1643.27,1645.05,2074.1
918,2021-03-03 12:01:00,1643.3,1643.3,1643.25,1643.25,50,25,1643.27,1645.05,2074.1
919,2021-03-03 12:02:00,1643.3,1643.3,1643.25,1643.25,50,25,1643.27,1645.05,2074.1
920,2021-03-03 12:03:00,1643.3,1643.3,1643.25,1643.25,50,25,1643.27,1645.05,2074.1
921,2021-03-03 12:04:00,1643.3,1643.3,1643.25,1643.25,50,25,1643.27,1645.05,2074.1
922,2021-03-03 12:05:00,1643.3,1643.3,1643.25,1643.25,50,25,1643.27,1645.05,2074.1
923,2021-03-03 12:06:00,1643.3,1643.3,1643.25,1643.25,50,25,1643.27,1645.05,2074.1
924,2021-03-03 12:07:00,1643.3,1643.3,1643.25,1643.25,50,25,1643.27,1645.05,2074.1
925,2021-03-03 12:08:00,1643.3,1643.3,1643.25,1643.25,50,25,1643.27,1645.05,2074.1
926,2021-03-03 12:09:00,1643.3,1643.3,1643.25,1643.25,50,25,1643.27,1645.05,2074.1
927,2021-03-03 12:10:00,1643.3,1643.3,1643.25,1643.25,50,25,1643.27,1645.05,2074.1
928,2021-03-03 12:11:00,1643.3,1643.3,1643.25,1643.25,50,25,1643.27,1645.05,2074.1
929,2021-03-03 12:12:00,1643.3,1643.3,1643.25,1643.25,50,25,1643.27,1645.05,2074.1
930,2021-03-03 12:13:00,1643.3,1643.3,1643.25,1643.25,50,25,1643.27,1645.05,2074.1
931,2021-03-03 12:14:00,1643.3,1643.3,1643.25,1643.25,50,25,1643.27,1645.05,2074.1
932,2021-03-03 12:15:00,1643.3,1643.3,1643.25,1643.25,50,25,1643.27,1645.05,2074.1
933,2021-03-03 12:16:00,1643.3,1643.3,1643.25,1643.25,50,25,1643.27,1645.05,2074.1
934,2021-03-03 12:17:00,1643.3,1643.3,1643.25,1643.25,50,25,1643.27,1645.05,2074.1
935,2021-03-03 12:18:00,1643.3,1643.3,1643.25,1643.25,50,25,1643.27,1645.05,2074.1
936,2021-03-03 12:19:00,1643.3,1643.3,1643.25,1643.25,50,25,1643.27,1645.05,2074.1
937,2021-03-03 12:20:00,1643.3,1643.3,1643.25,1643.25,50,25,1643.27,1645.05,2074.1
938,2021-03-03 12:21:00,1643.3,1643.3,1643.25,1643.25,50,25,1643.27,1645.05,2074.1
939,2021-03-03 12:22:00,1643.3,1643.3,1643.25,1643.25,50,25,1643.27,1645.05,2074.1
940,2021-03-03 12:23:00,1643.3,1643.3,1643.25,1643.25,50,25,1643.27,1645.05,2074.1
941,2021-03-03 12:24:00,1643.3,1643.3,1643.25,1643.25,50,25,1643.27,1645.05,2074.1
942,2021-03-03 12:25:00,1643.3,1643.3,1643.25,1643.25,50,25,1643.27,1645.05,2074.1
943,2021-03-03 12:26:00,1643.3,1643.3,1643.25,1643.25,50,25,1643.27,1645.05,2074.1
944,2021-03-03 12:27:00,1643.3,1643.3,1643.25,1643.25,50,25,1643.27,1645.05,2074.1
945,2021-03-03 12:28:00,1643.3,1643.3,1643.25,1643.25,50,25,1643.27,1645.05,2074.1
946,2021-03-03 12:29:00,1643.3,1643.3,1643.25,1643.25,50,25,1643.27,1645.05,2074.1
947,2021-03-03 12:30:00,1643.3,1643.3,1643.25,1643.25,50,25,1643.27,1645.05,2074.1
948,2021-03-03 12:31:00,1643.3,1643.3,1643.25,1643.25,50,25,1643.27,1645.05,2074.1
949,2021-03-03 12:32:00,1643.3,1643.3,1643.25,1643.25,50,25,1643.27,1645.05,2074.1
950,2021-03-03 12:33:00,1643.3,1643.3,1643.25,1643.25,50,25,1643.27,1645.05,2074.1
951,2021-03-03 12:34:00,1643.3,1643.3,1643.25,1643.25,50,25,1643.27,1645.05,2074.1
952,2021-03-03 12:35:00,1643.3,1643.3,1643.25,1643.25,50,25,1643.27,1645.05,2074.1
953,2021-03-03 12:36:00,1643.3,1643.3,1643.25,1643.25,50,25,1643.27,1645.05,2074.1
954,2021-03-03 12:37:00,1643.3,1643.3,1643.25,1643.25,50,25,1643.27,1645.05,2074.1
955,2021-03-03 12:38:00,1643.3,1643.3,1643.25,1643.25,50,25,1643.27,1645.05,2074.1
956,2021-03-03 12:39:00,1643.3,1643.3,1643.25,1643.25,50,25,1643.27,1645.05,2074.1
957,2021-03-03 12:40:00,1643.3,1643.3,1643.25,1643.25,50,25,1643.27,1645.05,2074.1
958,2021-03-03 12:41:00,1643.3,1643.3,1643.25,1643.25,50,25,1643.27,1645.05,2074.1
959,2021-03-03 12:42:00,1643.3,1643.3,1643.25,1643.25,50,25,1643.27,1645.05,2074.1
960,2021-03-03 12:43:00,1643.3,1643.3,1643.25,1643.25,50,25,1643.27,1645.05,2074.1
961,2021-03-03 12:44:00,1643.3,1643.3,1643.25,1643.25,50,25,1643.27,1645.05,2074.1
962,2021-03-03 12:45:00,1643.3,1643.3,1643.25,1643.25,50,25,1643.27,1645.05,2074.1
963,2021-03-03 12:46:00,1643.3,1643.3,1643.25,1643.25,50,25,1643.27,1645.05,2074.1
964,2021-03-03 12:47:00,1643.3,1643.3,1643.25,1643.25,50,25,1643.27,1645.05,2074.1
965,2021-03-03 12:48:00,1643.3,1643.3,1643.25,1643.25,50,25,1643.27,1645.05,2074.1
966,2021-03-03 12:49:00,1643.3,1643.3,1643.25,1643.25,50,25,1643.27,1645.05,2074.1
967,2021-03-03 12:50:00,1643.3,1643.3,1643.25,1643.25,50,25,1643.27,1645.05,2074.1
968,2021-03-03 12:51:00,1643.3,1643.3,1643.25,1643.25,50,25,1643.27,1645.05,2074.1
969,2021-03-03 12:52:00,1643.3,1643.3,1643.25,1643.25,50,25,1643.27,1645.05,2074.1
970,2021-03-03 12:53:00,1643.3,1643.3,1643.25,1643.25,50,25,1643.27,1645.05,2074.1
971,2021-03-03 12:54:00,1643.3,1643.3,1643.25,1643.25,50,25,1643.27,1645.05,2074.1
972,2021-03-03 12:55:00,1643.3,1643.3,1643.25,1643.25,50,25,1643.27,1645.05,2074.1
973,2021-03-03 12:56:00,1643.3,1643.3,1643.25,1643.25,50,25,1643.27,1645.05,2074.1
974,2021-03-03 12:57:00,1643.3,1643.3,1643.25,1643.25,50,25,1643.27,1645.05,2074.1
975,2021-03-03 12:58:00,1643.3,1643.3,1643.25,1643.25,50,25,1643.27,1645.05,2074.1
976,2021-03-03 12:59:00,1643.3,1643.3,1643.25,1643.25,50,25,1643.27,1645.05,2074.1
977,2021-03-03 13:00:00,1643.3,1643.3,1643.25,1643.25,50,25,1643.27,1645.05,2074.1
978,2021-03-03 13:01:00,1643.3,1643.3,1643.25,1643.25,50,25,1643.27,1645.05,2074.1
979,2021-03-03 13:02:00,1643.3,1643.3,1643.25,1643.25,50,25,1643.27,1645.05,2074.1
980,2021-03-03 13:03:00,1643.3,1643.3,1643.25,1643.25,50,25,1643.27,1645.05,2074.1
981,2021-03-03 13:04:00,1643.3,1643.3,1643.25,1643.25,50,25,1643.27,1645.05,2074.1
982,2021-03-03 13:05:00,1643.3,1643.3,1643.25,1643.25,50,25,1643.27,1645.05,2074.1
983,2021-03-03 13:06:00,1643.3,1643.3,1643.25,1643.25,50,25,1643.27,1645.05,2074.1
984,2021-03-03 13:07:00,1643.3,1643.3,1643.25,1643.25,50,25,1643.27,1645.05,2074.1
985,2021-03-03 13:08:00,1643.3,1643.3,1643.25,1643.25,50,25,1643.27,1645.05,2074.1
986,2021-03-03 13:09:00,1643.3,1643.3,1643.25,1643.25,50,25,1643.27,1645.05,2074.1
987,2021-03-03 13:10:00,1643.3,1643.3,1643.25,1643.25,50,25,1643.27,1645.05,2074.1
988,2021-03-03 13:11:00,1643.3,1643.3,1643.25,1643.25,50,25,1643.27,1645.05,2074.1
989,2021-03-03 13:12:00,1643.3,1643.3,1643.25,1643.25,50,25,1643.27,1645.05,2074.1
990,2021-03-03 13:13:00,1643.3,1643.3,1643.25,1643.25,50,25,1643.27,1645.05,2074.1
991,2021-03-03 13:14:00,1643.3,1643.3,1643.25,1643.25,50,25,1643.27,1645.05,2074.1
992,2021-03-03 13:15:00,1643.3,1643.3,1643.25,1643.25,50,25,1643.27,1645.05,2074.1
993,2021-03-03 13:16:00,1643.3,1643.3,1643.25,1643.25,50,25,1643.27,1645.05,2074.1
994,2021-03-03 13:17:00,1643.3,1643.3,1643.25,1643.25,50,25,1643.27,1645.05,2074.1
995,2021-03-03 13:18:00,1643.3,1643.3,1643.25,1643.25,50,25,1643.27,1645.05,2074.1
996,2021-03-03 13:19:00,1643.3,1643.3,1643.25,1643.25,50,25,1643.27,1645.05,2074.1
997,2021-03-03 13:20:00,1643.3,1643.3,1643.25,1643.25,50,25,1643.27,1645.05,2074.1
998,2021-03-03 13:21:00,1643.3,1643.3,1643.25,1643.25,50,25,1643.27,1645.05,2074.1
999,2021-03-03 13:22:00,1643.3,1643.3,1643.25,1643.25,50,25,1643.27,1645.05,2074.1
1000,2021-03-03 13:23:00,1643.3,1643.3,1643.25,1643.25,50,25,1643.27,1645.05,2074.1
1001,2021-03-03 13:24:00,1643.3,1643.3,1643.25,1643.25,50,25,1643.27,1645.05,2074.1
1002,2021-03-03 13:25:00,1643.3,1643.3,1643.25,1643.25,50,25,1643.27,1645.05,2074.1
1003,2021-03-03 13:26:00,1643.3,1643.3,1643.25,1643.25,50,25,1643.27,1645.05,2074.1
1004,2021-03-03 13:27:00,1643.3,1643.3,1643.25,1643.25,50,25,1643.27,1645.05,2074.1
1005,2021-03-03 13:28:00,1643.3,1643.3,1643.25,1643.25,50,25,1643.27,1645.05,2074.1
1006,2021-03-03 13:29:00,1643.3,1643.3,1643.25,1643.25,50,25,1643.27,1645.05,2074.1
1007,2021-03-03 13:30:00,1643.3,1643.3,1643.25,1643.25,50,25,1643.27,1645.05,2074.1
1008,2021-03-03 13:31:00,1643.3,1643.3,1643.25,1643.25,50,25,1643.27,1645.05,2074.1
1009,2021-03-03 13:32:00,1643.3,1643.3,1643.25,1643.25,50,25,1643.27,1645.05,2074.1
1010,2021-03-03 13:33:00,1643.3,1643.3,1643.25,1643.25,50,25,1643.27,1645.05,2074.1
1011,2021-03-03 13:34:00,1643.3,1643.3,1643.25,1643.25,50,25,1643.27,1645.05,2074.1
1012,2021-03-03 13:35:00,1643.3,1643.3,1643.25,1643.25,50,25,1643.27,1645.05,2074.1
1013,2021-03-03 13:36:00,1643.3,1643.3,1643.25,1643.25,50,25,1643.27,1645.05,2074.1
1014,2021-03-03 13:37:00,1643.3,1643.3,1643.25,1643.25,50,25,1643.27,1645.05,2074.1
1015,2021-03-03 13:38:00,1643.3,1643.3,1643.25,1643.25,50,25,1643.27,1645.05,2074.1
1016,2021-03-03 13:39:00,1643.3,1643.3,1643.25,1643.25,50,25,1643.27,1645.05,2074.1
1017,2021-03-03 13:40:00,1643.3,1643.3,1643.25,1643.25,50,25,1643.27,1645.05,2074.1
1018,2021-03-03 13:41:00,1643.3,1643.3,1643.25,1643.25,50,25,1643.27,1645.05,2074.1
1019,2021-03-03 13:42:00,1643.3,1643.3,1643.25,1643.25,50,25,1643.27,1645.05,2074.1
1020,2021-03-03 13:43:00,1643.3,1643.3,1643.25,1643.25,50,25,1643.27,1645.05,2074.1
1021,2021-03-03 13:44:00,1643.3,1643.3,1643.25,1643.25,50,25,1643.27,1645.05,2074.1
1022,2021-03-03 13:45:00,1643.3,1643.3,1643.25,1643.25,50,25,1643.27,1645.05,2074.1
1023,2021-03-03 13:46:00,1643.3,1643.3,1643.25,1643.25,50,25,1643.27,1645.05,2074.1
1024,2021-03-03 13:47:00,1643.3,1643.3,1643.25,1643.25,50,25,1643.27,1645.05,2074.1
1025,2021-03-03 13:48:00,1643.3,1643.3,1643.25,1643.25,50,25,1643.27,1645.05,2074.1
1026,2021-03-03 13:49:00,1643.3,1643.3,1643.25,1643.25,50,25,1643.27,1645.05,2074.1
1027,2021-03-03 13:50:00,1643.3,1643.3,1643.25,1643.25,50,25,1643.27,1645.05,2074.1
1028,2021-03-03 13:51:00,1643.3,1643.3,1643.25,1643.25,50,25,1643.27,1645.05,2074.1
1029,2021-03-03 13:52:00,1643.3,1643.3,1643.25,1643.25,50,25,1643.27,1645.05,2074.1
1030,2021-03-03 13:53:00,1643.3,1643.3,1643.25,1643.25,50,25,1643.27,1645.05,2074.1
1031,2021-03-03 13:54:00,1643.3,1643.3,1643.25,1643.25,50,25,1643.27,1645.05,2074.1
1032,2021-03-03 13:55:00,1643.3,1643.3,1643.25,1643.25,50,25,1643.27,1645.05,2074.1
1033,2021-03-03 13:56:00,1643.3,1643.3,1643.25,1643.25,50,25,1643.27,1645.05,2074.1
1034,2021-03-03 13:57:00,1643.3,1643.3,1643.25,1643.25,50,25,1643.27,1645.05,2074.1
1035,2021-03-03 13:58:00,1643.3,1643.3,1643.25,1643.25,50,25,1643.27,1645.05,2074.1
1036,2021-03-03 13:59:00,1643.3,1643.3,1643.25,1643.25,50,25,1643.27,1645.05,2074.1
1037,2021-03-03 14:00:00,1643.3,1643.3,1643.25,1643.25,50,25,1643.27,1645.05,2074.1
1038,2021-03-03 14:01:00,1643.3,1643.3,1643.25,1643.25,50,25,1643.27,1645.05,2074.1
1039,2021-03-03 14:02:00,1643.3,1643.3,1643.25,1643.25,50,25,1643.27,1645.05,2074.1
1040,2021-03-03 14:03:00,1643.3,1643.3,1643.25,1643.25,50,25,1643.27,1645.05,2074.1
1041,2021-03-03 14:04:00,1643.3,1643.3,1643.25,1643.25,50,25,1643.27,1645.05,2074.1
1042,2021-03-03 14:05:00,1643.3,1643.3,1643.25,1643.25,50,25,1643.27,1645.05,2074.1
1043,2021-03-03 14:06:00,1643.3,1643.3,1643.25,1643.25,50,25,1643.27,1645.05,2074.1
1044,2021-03-03 14:07:00,1643.3,1643.3,1643.25,1643.25,50,25,1643.27,1645.05,2074.1
1045,2021-03-03 14:08:00,1643.3,1643.3,1643.25,1643.25,50,25,1643.27,1645.05,2074.1
1046,2021-03-03 14:09:00,1643.3,1643.3,1643.25,1643.25,50,25,1643.27,1645.05,2074.1
1047,2021-03-03 14:10:00,1643.3,1643.3,1643.25,1643.25,50,25,1643.27,1645.05,2074.1
1048,2021-03-03 14:11:00,1643.3,1643.3,1643.25,1643.25,50,25,1643.27,1645.05,2074.1
1049,2021-03-03 14:12:00,1643.3,1643.3,1643.25,1643.25,50,25,1643.27,1645.05,2074.1
1050,2021-03-03 14:13:00,1643.3,1643.3,1643.25,1643.25,50,25,1643.27,1645.05,2074.1
1051,2021-03-03 14:14:00,1643.3,1643.3,1643.25,1643.25,50,25,1643.27,1645.05,2074.1
1052,2021-03-03 14:15:00,1643.3,1643.3,1643.25,1643.25,50,25,1643.27,1645.05,2074.1
1053,2021-03-03 14:16:00,1643.3,1643.3,1643.25,1643.25,50,25,1643.27,1645.05,2074.1
1054,2021-03-03 14:17:00,1643.3,1643.3,1643.25,1643.25,50,25,1643.27,1645.05,2074.1
1055,2021-03-03 14:18:00,1643.3,1643.3,1643.25,1643.25,50,25,1643.27,1645.05,2074.1
1056,2021-03-03 14:19:00,1643.3,1643.3,1643.25,1643.25,50,25,1643.27,1645.05,2074.1
1057,2021-03-03 14:20:00,1643.3,1643.3,1643.25,1643.25,50,25,1643.27,1645.05,2074.1
1058,2021-03-03 14:21:00,1643.3,1643.3,1643.25,1643.25,50,25,1643.27,1645.05,2074.1
1059,2021-03-03 14:22:00,1643.3,1643.3,1643.25,1643.25,50,25,1643.27,1645.05,2074.1
1060,2021-03-03 14:23:00,1643.3,1643.3,1643.25,1643.25,50,25,1643.27,1645.05,2074.1
1061,2021-03-03 14:24:00,1643.3,1643.3,1643.25,1643.25,50,25,1643.27,1645.05,2074.1
1062,2021-03-03 14:25:00,1643.3,1643.3,1643.25,1643.25,50,25,1643.27,1645.05,2074.1
1063,2021-03-03 14:26:00,1643.3,1643.3,1643.25,1643.25,50,25,1643.27,1645.05,2074.1
1064,2021-03-03 14:27:00,1643.3,1643.3,1643.25,1643.25,50,25,1643.27,1645.05,2074.1
1065,2021-03-03 14:28:00,1643.3,1643.3,1643.25,1643.25,50,25,1643.27,1645.05,2074.1
1066,2021-03-03 14:29:00,1643.3,1643.3,1643.25,1643.25,50,25,1643.27,1645.05,2074.1
1067,2021-03-03 14:30:00,1643.3,1643.3,1643.25,1643.25,50,25,1643.27,1645.05,2074.1
1068,2021-03-03 14:31:00,1643.3,1643.3,1643.25,1643.25,50,25,1643.27,1645.05,2074.1
1069,2021-03-03 14:32:00,1643.3,1643.3,1643.25,1643.25,50,25,1643.27,1645.05,2074.1
1070,2021-03-03 14:33:00,1643.3,1643.3,1643.25,1643.25,50,25,1643.27,1645.05,2074.1
1071,2021-03-03 14:34:00,1643.3,1643.3,1643.25,1643.25,50,25,1643.27,1645.05,2074.1
1072,2021-03-03 14:35:00,1643.3,1643.3,1643.25,1643.25,50,25,1643.27,1645.05,2074.1
1073,2021-03-03 14:36:00,1643.3,1643.3,1643.25,1643.25,50,25,1643.27,1645.05,2074.1
1074,2021-03-03 14:37:00,1643.3,1643.3,1643.25,1643.25,50,25,1643.27,1645.05,2074.1
1075,2021-03-03 14:38:00,1643.3,1643.3,1643.25,1643.25,50,25,1643.27,1645.05,2074.1
1076,2021-03-03 14:39:00,1643.3,1643.3,1643.25,1643.25,50,25,1643.27,1645.05,2074.1
1077,2021-03-03 14:40:00,1643.3,1643.3,1643.25,1643.25,50,25,1643.27,1645.05,2074.1
1078,2021-03-03 14:41:00,1643.3,1643.3,1643.25,1643.25,50,25,1643.27,1645.05,2074.1
1079,2021-03-03 14:42:00,1643.3,1643.3,1643.25,1643.25,50,25,1643.27,1645.05,2074.1
1080,2021-03-03 14:43:00,1643.3,1643.3,1643.25,1643.25,50,25,1643.27,1645.05,2074.1
1081,2021-03-03 14:44:00,1643.3,1643.3,1643.25,1643.25,50,25,1643.27,1645.05,2074.1
1082,2021-03-03 14:45:00,1643.3,1643.3,1643.25,1643.25,50,25,1643.27,1645.05,2074.1
1083,2021-03-03 14:46:00,1643.3,1643.3,1643.25,1643.25,50,25,1643.27,1645.05,2074.1
1084,2021-03-03 14:47:00,1643.3,1643.3,1643.25,1643.25,50,25,1643.27,1645.05,2074.1
1085,2021-03-03 14:48:00,1643.3,1643.3,1643.25,1643.25,50,25,1643.27,1645.05,2074.1
1086,2021-03-03 14:49:00,1643.3,1643.3,1643.25,1643.25,50,25,1643.27,1645.05,2074.1
1087,2021-03-03 14:50:00,1643.3,1643.3,1643.25,1643.25,50,25,1643.27,1645.05,2074.1
1088,2021-03-03 14:51:00,1643.3,1643.3,1643.25,1643.25,50,25,1643.27,1645.05,2074.1
1089,2021-03-03 14:52:00,1643.3,1643.3,1643.25,1643.25,50,25,1643.27,1645.05,2074.1
1090,2021-03-03 14:53:00,1643.3,1643.3,1643.25,1643.25,50,25,1643.27,1645.05,2074.1
1091,2021-03-03 14:54:00,1643.3,1643.3,1643.25,1643.25,50,25,1643.27,1645.05,2074.1
1092,2021-03-03 14:55:00,1643.3,1643.3,1643.25,1643.25,50,25,1643.27,1645.05,2074.1
1093,2021-03-03 14:56:00,1643.3,1643.3,1643.25,1643.25,50,25,1643.27,1645.05,2074.1
1094,2021-03-03 14:57:00,1643.3,1643.3,1643.25,1643.25,50,25,1643.27,1645.05,2074.1
1095,2021-03-03 14:58:00,1643.3,1643.3,1643.25,1643.25,50,25,1643.27,1645.05,2074.1
1096,2021-03-03 14:59:00,1643.3,1643.3,1643.25,1643.25,50,25,1643.27,1645.05,2074.1
1097,2021-03-03 15:00:00,1643.3,1643.3,1643.25,1643.25,50,25,1643.27,1645.05,2074.1
1098,2021-03-03 15:01:00,1643.3,1643.3,1643.25,1643.25,50,25,1643.27,1645.05,2074.1
1099,2021-03-03 15:02:00,1643.3,1643.3,1643.25,1643.25,50,25,1643.27,1645.05,2074.1
1100,2021-03-03 15:03:00,1643.3,1643.3,1643.25,1643.25,50,25,1643.27,1645.05,2074.1
1101,2021-03-03 15:04:00,1643.3,1643.3,1643.25,1643.25,50,25,1643.27,1645.05,2074.1
1102,2021-03-03 15:05:00,1643.3,1643.3,1643.25,1643.25,50,25,1643.27,1645.05,2074.1
1103,2021-03-03 15:06:00,1643.3,1643.3,1643.25,1643.25,50,25,1643.27,1645.05,2074.1
1104,2021-03-03 15:07:00,1643.3,1643.3,1643.25,1643.25,50,25,1643.27,1645.05,2074.1
1105,2021-03-03 15:08:00,1643.3,1643.3,1643.25,1643.25,50,25,1643.27,1645.05,2074.1
1106,2021-03-03 15:09:00,1643.3,1643.3,1643.25,1643.25,50,25,1643.27,1645.05,2074.1
1107,2021-03-03 15:10:00,1643.3,1643.3,1643.25,1643.25,50,25,1643.27,1645.05,2074.1
1108,2021-03-03 15:11:00,1643.3,1643.3,1643.25,1643.25,50,25,1643.27,1645.05,2074.1
1109,2021-03-03 15:12:00,1643.3,1643.3,1643.25,1643.25,50,25,1643.27,1645.05,2074.1
1110,2021-03-03 15:13:00,1643.3,1643.3,1643.25,1643.25,50,25,1643.27,1645.05,2074.1
1111,2021-03-03 15:14:00,1643.3,1643.3,1643.25,1643.25,50,25,1643.27,1645.05,2074.1
1112,2021-03-03 15:15:00,1643.3,1643.3,1643.25,1643.25,50,25,1643.27,1645.05,2074.1
1113,2021-03-03 15:16:00,1643.3,1643.3,1643.25,1643.25,50,25,1643.27,1645.05,2074.1
1114,2021-03-03 15:17:00,1643.3,1643.3,1643.25,1643.25,50,25,1643.27,1645.05,2074.1
1115,2021-03-03 15:18:00,1643.3,1643.3,1643.25,1643.25,50,25,1643.27,1645.05,2074.1
1116,2021-03-03 15:19:00,1643.3,1643.3,1643.25,1643.25,50,25,1643.27,1645.05,2074.1
1117,2021-03-03 15:20:00,1643.3,1643.3,1643.25,1643.25,50,25,1643.27,1645.05,2074.1
1118,2021-03-03 15:21:00,1643.3,1643.3,1643.25,1643.25,50,25,1643.27,1645.05,2074.1
1119,2021-03-03 15:22:00,1643.3,1643.3,1643.25,1643.25,50,25,1643.27,1645.05,2074.1
1120,2021-03-03 15:23:00,1643.3,1643.3,1643.25,1643.25,50,25,1643.27,1645.05,2074.1
1121,2021-03-03 15:24:00,1643.3,1643.3,1643.25,1643.25,50,25,1643.27,1645.05,2074.1
1122,2021-03-03 15:25:00,1643.3,1643.3,1643.25,1643.25,50,25,1643.27,1645.05,2074.1
1123,2021-03-03 15:26:00,1643.3,1643.3,1643.25,1643.25,50,25,1643.27,1645.05,2074.1
1124,2021-03-03 15:27:00,1643.3,1643.3,1643.25,1643.25,50,25,1643.27,1645.05,2074.1
1125,2021-03-03 15:28:00,1643.3,1643.3,1643.25,1643.25,50,25,1643.27,1645.05,2074.1
1126,2021-03-03 15:29:00,1643.3,1643.3,1643.25,1643.25,50,25,1643.27,1645.05,2074.1
1127,2021-03-03 15:30:00,1643.3,1643.3,1643.25,1643.25,50,25,1643.27,1645.05,2074.1
1128,2021-03-04 09:15:00,1643.3,1643.3,1643.25,1643.25,50,25,1643.27,1645.05,2074.1
1129,2021-03-04 09:16:00,1643.3,1643.3,1643.25,1643.25,50,25,1643.27,1645.05,2074.1
1130,2021-03-04 09:17:00,1643.3,1643.3,1643.25,1643.25,50,25,1643.27,1645.05,2074.1
1131,2021-03-04 09:18:00,1643.3,1643.3,1643.25,1643.25,50,25,1643.27,1645.05,2074.1
1132,2021-03-04 09:19:00,1643.3,1643.3,1643.25,1643.25,50,25,1643.27,1645.05,2074.1
1133,2021-03-04 09:20:00,1643.3,1643.3,1643.25,1643.25,50,25,1643.27,1645.05,2074.1
1134,2021-03-04 09:21:00,1643.3,1643.3,1643.25,1643.25,50,25,1643.27,1645.05,2074.1
1135,2021-03-04 09:22:00,1643.3,1643.3,1643.25,1643.25,50,25,1643.27,1645.05,2074.1
1136,2021-03-04 09:23:00,1643.3,1643.3,1643.25,1643.25,50,25,1643.27,1645.05,2074.1
1137,2021-03-04 09:24:00,1643.3,1643.3,1643.25,1643.25,50,25,1643.27,1645.05,2074.1
1138,2021-03-04 09:25:00,1643.3,1643.3,1643.25,1643.25,50,25,1643.27,1645.05,2074.1
1139,2021-03-04 09:26:00,1643.3,1643.3,1643.25,1643.25,50,25,1643.27,1645.05,2074.1
1140,2021-03-04 09:27:00,1643.3,1643.3,1643.25,1643.25,50,25,1643.27,1645.05,2074.1
1141,2021-03-04 09:28:00,1643.3,1643.3,1643.25,1643.25,50,25,1643.27,1645.05,2074.1
1142,2021-03-04 09:29:00,1643.3,1643.3,1643.25,1643.25,50,25,1643.27,1645.05,2074.1
1143,2021-03-04 09:30:00,1643.3,1643.3,1643.25,1643.25,50,25,1643.27,1645.05,2074.1
1144,2021-03-04 09:31:00,1643.3,1643.3,1643.25,1643.25,50,25,1643.27,1645.05,2074.1
1145,2021-03-04 09:32:00,1643.3,1643.3,1643.25,1643.25,50,25,1643.27,1645.05,2074.1
1146,2021-03-04 09:33:00,1643.3,1643.3,1643.25,1643.25,50,25,1643.27,1645.05,2074.1
1147,2021-03-04 09:34:00,1643.3,1643.3,1643.25,1643.25,50,25,1643.27,1645.05,2074.1
1148,2021-03-04 09:35:00,1643.3,1643.3,1643.25,1643.25,50,25,1643.27,1645.05,2074.1
1149,2021-03-04 09:36:00,1643.3,1643.3,1643.25,1643.25,50,25,1643.27,1645.05,2074.1
1150,2021-03-04 09:37:00,1643.3,1643.3,1643.25,1643.25,50,25,1643.27,1645.05,2074.1
1151,2021-03-04 09:38:00,1643.3,1643.3,1643.25,1643.25,50,25,1643.27,1645.05,2074.1
1152,2021-03-04 09:39:00,1643.3,1643.3,1643.25,1643.25,50,25,1643.27,1645.05,2074.1
1153,2021-03-04 09:40:00,1643.3,1643.3,1643.25,1643.25,50,25,1643.27,1645.05,2074.1
1154,2021-03-04 09:41:00,1643.3,1643.3,1643.25,1643.25,50,25,1643.27,1645.05,2074.1
1155,2021-03-04 09:42:00,1643.3,1643.3,1643.25,1643.25,50,25,1643.27,1645.05,2074.1
1156,2021-03-04 09:43:00,1643.3,1643.3,1643.25,1643.25,50,25,1643.27,1645.05,2074.1
1157,2021-03-04 09:44:00,1643.3,1643.3,1643.25,1643.25,50,25,1643.27,1645.05,2074.1
1158,2021-03-04 09:45:00,1643.3,1643.3,1643.25,1643.25,50,25,1643.27,1645.05,2074.1
1159,2021-03-04 09:46:00,1643.3,1643.3,1643.25,1643.25,50,25,1643.27,1645.05,2074.1
1160,2021-03-04 09:47:00,1643.3,1643.3,1643.25,1643.25,50,25,1643.27,1645.05,2074.1
1161,2021-03-04 09:48:00,1643.3,1643.3,1643.25,1643.25,50,25,1643.27,1645.05,2074.1
1162,2021-03-04 09:49:00,1643.3,1643.3,1643.25,1643.25,50,25,1643.27,1645.05,2074.1
1163,2021-03-04 09:50:00,1643.3,1643.3,1643.25,1643.25,50,25,1643.27,1645.05,2074.1
1164,2021-03-04 09:51:00,1643.3,1643.3,1643.25,1643.25,50,25,1643.27,1645.05,2074.1
1165,2021-03-04 09:52:00,1643.3,1643.3,1643.25,1643.25,50,25,1643.27,1645.05,2074.1
1166,2021-03-04 09:53:00,1643.3,1643.3,1643.25,1643.25,50,25,1643.27,1645.05,2074.1
1167,2021-03-04 09:54:00,1643.3,1643.3,1643.25,1643.25,50,25,1643.27,1645.05,2074.1
1168,2021-03-04 09:55:00,1643.3,1643.3,1643.25,1643.25,50,25,1643.27,1645.05,2074.1
1169,2021-03-04 09:56:00,1643.3,1643.3,1643.25,1643.25,50,25,1643.27,1645.05,2074.1
1170,2021-03-04 09:57:00,1643.3,1643.3,1643.25,1643.25,50,25,1643.27,1645.05,2074.1
1171,2021-03-04 09:58:00,1643.3,1643.3,1643.25,1643.25,50,25,1643.27,1645.05,2074.1
1172,2021-03-04 09:59:00,1643.3,1643.3,1643.25,1643.25,50,25,1643.27,1645.05,2074.1
1173,2021-03-04 10:00:00,1643.3,1643.3,1643.25,1643.25,50,25,1643.27,1645.05,2074.1
1174,2021-03-04 10:01:00,1643.3,1643.3,1643.25,1643.25,50,25,1643.27,1645.05,2074.1
1175,2021-03-04 10:02:00,1643.3,1643.3,1643.25,1643.25,50,25,1643.27,1645.05,2074.1
1176,2021-03-04 10:03:00,1643.3,1643.3,1643.25,1643.25,50,25,1643.27,1645.05,2074.1
1177,2021-03-04 10:04:00,1643.3,1643.3,1643.25,1643.25,50,25,1643.27,1645.05,2074.1
1178,2021-03-04 10:05:00,1434.7,1434.7,1434.7,1434.7,25,0,1434.7,1414.7,1616.4
1179,2021-03-04 10:06:00,1434.7,1434.7,1434.7,1434.7,25,0,1434.7,1414.7,1616.4
1180,2021-03-04 10:07:00,1434.7,1434.7,1434.7,1434.7,25,0,1434.7,1414.7,1616.4
1181,2021-03-04 10:08:00,1434.7,1434.7,1434.7,1434.7,25,0,1434.7,1414.7,1616.4
1182,2021-03-04 10:09:00,1434.7,1434.7,1434.7,1434.7,25,0,1434.7,1414.7,1616.4
1183,2021-03-04 10:10:00,1434.7,1434.7,1434.7,1434.7,25,0,1434.7,1414.7,1616.4
1184,2021-03-04 10:11:00,1434.7,1434.7,1434.7,1434.7,25,0,1434.7,1414.7,1616.4
1185,2021-03-04 10:12:00,1434.7,1434.7,1434.7,1434.7,25,0,1434.7,1414.7,1616.4
1186,2021-03-04 10:13:00,1434.7,1434.7,1434.7,1434.7,25,0,1434.7,1414.7,1616.4
1187,2021-03-04 10:14:00,1434.7,1434.7,1434.7,1434.7,25,0,1434.7,1414.7,1616.4
1188,2021-03-04 10:15:00,1434.7,1434.7,1434.7,1434.7,25,0,1434.7,1414.7,1616.4
1189,2021-03-04 10:16:00,1434.7,1434.7,1434.7,1434.7,25,0,1434.7,1414.7,1616.4
1190,2021-03-04 10:17:00,1434.7,1434.7,1434.7,1434.7,25,0,1434.7,1414.7,1616.4
1191,2021-03-04 10:18:00,1434.7,1434.7,1434.7,1434.7,25,0,1434.7,1414.7,1616.4
1192,2021-03-04 10:19:00,1434.7,1434.7,1434.7,1434.7,25,0,1434.7,1414.7,1616.4
1193,2021-03-04 10:20:00,1434.7,1434.7,1434.7,1434.7,25,0,1434.7,1414.7,1616.4
1194,2021-03-04 10:21:00,1434.7,1434.7,1434.7,1434.7,25,0,1434.7,1414.7,1616.4
1195,2021-03-04 10:22:00,1434.7,1434.7,1434.7,1434.7,25,0,1434.7,1414.7,1616.4
1196,2021-03-04 10:23:00,1434.7,1434.7,1434.7,1434.7,25,0,1434.7,1414.7,1616.4
1197,2021-03-04 10:24:00,1434.7,1434.7,1434.7,1434.7,25,0,1434.7,1414.7,1616.4
1198,2021-03-04 10:25:00,1434.7,1434.7,1434.7,1434.7,25,0,1434.7,1414.7,1616.4
1199,2021-03-04 10:26:00,1434.7,1434.7,1434.7,1434.7,25,0,1434.7,1414.7,1616.4
1200,2021-03-04 10:27:00,1434.7,1434.7,1434.7,1434.7,25,0,1434.7,1414.7,1616.4
1201,2021-03-04 10:28:00,1434.7,1434.7,1434.7,1434.7,25,0,1434.7,1414.7,1616.4
1202,2021-03-04 10:29:00,1434.7,1434.7,1434.7,1434.7,25,0,1434.7,1414.7,1616.4
1203,2021-03-04 10:30:00,1434.7,1434.7,1434.7,1434.7,25,0,1434.7,1414.7,1616.4
1204,2021-03-04 10:31:00,1434.7,1434.7,1434.7,1434.7,25,0,1434.7,1414.7,1616.4
1205,2021-03-04 10:32:00,1434.7,1434.7,1434.7,1434.7,25,0,1434.7,1414.7,1616.4
1206,2021-03-04 10:33:00,1434.7,1434.7,1434.7,1434.7,25,0,1434.7,1414.7,1616.4
1207,2021-03-04 10:34:00,1434.7,1434.7,1434.7,1434.7,25,0,1434.7,1414.7,1616.4
1208,2021-03-04 10:35:00,1434.7,1434.7,1434.7,1434.7,25,0,1434.7,1414.7,1616.4
1209,2021-03-04 10:36:00,1434.7,1434.7,1434.7,1434.7,25,0,1434.7,1414.7,1616.4
1210,2021-03-04 10:37:00,1434.7,1434.7,1434.7,1434.7,25,0,1434.7,1414.7,1616.4
1211,2021-03-04 10:38:00,1434.7,1434.7,1434.7,1434.7,25,0,1434.7,1414.7,1616.4
1212,2021-03-04 10:39:00,1434.7,1434.7,1434.7,1434.7,25,0,1434.7,1414.7,1616.4
1213,2021-03-04 10:40:00,1434.7,1434.7,1434.7,1434.7,25,0,1434.7,1414.7,1616.4
1214,2021-03-04 10:41:00,1434.7,1434.7,1434.7,1434.7,25,0,1434.7,1414.7,1616.4
1215,2021-03-04 10:42:00,1434.7,1434.7,1434.7,1434.7,25,0,1434.7,1414.7,1616.4
1216,2021-03-04 10:43:00,1434.7,1434.7,1434.7,1434.7,25,0,1434.7,1414.7,1616.4
1217,2021-03-04 10:44:00,1434.7,1434.7,1434.7,1434.7,25,0,1434.7,1414.7,1616.4
1218,2021-03-04 10:45:00,1434.7,1434.7,1434.7,1434.7,25,0,1434.7,1414.7,1616.4
1219,2021-03-04 10:46:00,1434.7,1434.7,1434.7,1434.7,25,0,1434.7,1414.7,1616.4
1220,2021-03-04 10:47:00,1434.7,1434.7,1434.7,1434.7,25,0,1434.7,1414.7,1616.4
1221,2021-03-04 10:48:00,1434.7,1434.7,1434.7,1434.7,25,0,1434.7,1414.7,1616.4
1222,2021-03-04 10:49:00,1434.7,1434.7,1434.7,1434.7,25,0,1434.7,1414.7,1616.4
1223,2021-03-04 10:50:00,1434.7,1434.7,1434.7,1434.7,25,0,1434.7,1414.7,1616.4
1224,2021-03-04 10:51:00,1434.7,1434.7,1434.7,1434.7,25,0,1434.7,1414.7,1616.4
1225,2021-03-04 10:52:00,1434.7,1434.7,1434.7,1434.7,25,0,1434.7,1414.7,1616.4
1226,2021-03-04 10:53:00,1434.7,1434.7,1434.7,1434.7,25,0,1434.7,1414.7,1616.4
1227,2021-03-04 10:54:00,1434.7,1434.7,1434.7,1434.7,25,0,1434.7,1414.7,1616.4
1228,2021-03-04 10:55:00,1434.7,1434.7,1434.7,1434.7,25,0,1434.7,1414.7,1616.4
1229,2021-03-04 10:56:00,1434.7,1434.7,1434.7,1434.7,25,0,1434.7,1414.7,1616.4
1230,2021-03-04 10:57:00,1434.7,1434.7,1434.7,1434.7,25,0,1434.7,1414.7,1616.4
1231,2021-03-04 10:58:00,1434.7,1434.7,1434.7,1434.7,25,0,1434.7,1414.7,1616.4
1232,2021-03-04 10:59:00,1434.7,1434.7,1434.7,1434.7,25,0,1434.7,1414.7,1616.4
1233,2021-03-04 11:00:00,1434.7,1434.7,1434.7,1434.7,25,0,1434.7,1414.7,1616.4
1234,2021-03-04 11:01:00,1434.7,1434.7,1434.7,1434.7,25,0,1434.7,1414.7,1616.4
1235,2021-03-04 11:02:00,1434.7,1434.7,1434.7,1434.7,25,0,1434.7,1414.7,1616.4
1236,2021-03-04 11:03:00,1434.7,1434.7,1434.7,1434.7,25,0,1434.7,1414.7,1616.4
1237,2021-03-04 11:04:00,1434.7,1434.7,1434.7,1434.7,25,0,1434.7,1414.7,1616.4
1238,2021-03-04 11:05:00,1434.7,1434.7,1434.7,1434.7,25,0,1434.7,1414.7,1616.4
1239,2021-03-04 11:06:00,1434.7,1434.7,1434.7,1434.7,25,0,1434.7,1414.7,1616.4
1240,2021-03-04 11:07:00,1434.7,1434.7,1434.7,1434.7,25,0,1434.7,1414.7,1616.4
1241,2021-03-04 11:08:00,1434.7,1434.7,1434.7,1434.7,25,0,1434.7,1414.7,1616.4
1242,2021-03-04 11:09:00,1434.7,1434.7,1434.7,1434.7,25,0,1434.7,1414.7,1616.4
1243,2021-03-04 11:10:00,1434.7,1434.7,1434.7,1434.7,25,0,1434.7,1414.7,1616.4
1244,2021-03-04 11:11:00,1434.7,1434.7,1434.7,1434.7,25,0,1434.7,1414.7,1616.4
1245,2021-03-04 11:12:00,1434.7,1434.7,1434.7,1434.7,25,0,1434.7,1414.7,1616.4
1246,2021-03-04 11:13:00,1434.7,1434.7,1434.7,1434.7,25,0,1434.7,1414.7,1616.4
1247,2021-03-04 11:14:00,1434.7,1434.7,1434.7,1434.7,25,0,1434.7,1414.7,1616.4
1248,2021-03-04 11:15:00,1434.7,1434.7,1434.7,1434.7,25,0,1434.7,1414.7,1616.4
1249,2021-03-04 11:16:00,1434.7,1434.7,1434.7,1434.7,25,0,1434.7,1414.7,1616.4
1250,2021-03-04 11:17:00,1434.7,1434.7,1434.7,1434.7,25,0,1434.7,1414.7,1616.4
1251,2021-03-04 11:18:00,1434.7,1434.7,1434.7,1434.7,25,0,1434.7,1414.7,1616.4
1252,2021-03-04 11:19:00,1434.7,1434.7,1434.7,1434.7,25,0,1434.7,1414.7,1616.4
1253,2021-03-04 11:20:00,1434.7,1434.7,1434.7,1434.7,25,0,1434.7,1414.7,1616.4
1254,2021-03-04 11:21:00,1434.7,1434.7,1434.7,1434.7,25,0,1434.7,1414.7,1616.4
1255,2021-03-04 11:22:00,1434.7,1434.7,1434.7,1434.7,25,0,1434.7,1414.7,1616.4
1256,2021-03-04 11:23:00,1434.7,1434.7,1434.7,1434.7,25,0,1434.7,1414.7,1616.4
1257,2021-03-04 11:24:00,1434.7,1434.7,1434.7,1434.7,25,0,1434.7,1414.7,1616.4
1258,2021-03-04 11:25:00,1434.7,1434.7,1434.7,1434.7,25,0,1434.7,1414.7,1616.4
1259,2021-03-04 11:26:00,1434.7,1434.7,1434.7,1434.7,25,0,1434.7,1414.7,1616.4
1260,2021-03-04 11:27:00,1434.7,1434.7,1434.7,1434.7,25,0,1434.7,1414.7,1616.4
1261,2021-03-04 11:28:00,1434.7,1434.7,1434.7,1434.7,25,0,1434.7,1414.7,1616.4
1262,2021-03-04 11:29:00,1434.7,1434.7,1434.7,1434.7,25,0,1434.7,1414.7,1616.4
1263,2021-03-04 11:30:00,1434.7,1434.7,1434.7,1434.7,25,0,1434.7,1414.7,1616.4
1264,2021-03-04 11:31:00,1434.7,1434.7,1434.7,1434.7,25,0,1434.7,1414.7,1616.4
1265,2021-03-04 11:32:00,1434.7,1434.7,1434.7,1434.7,25,0,1434.7,1414.7,1616.4
1266,2021-03-04 11:33:00,1434.7,1434.7,1434.7,1434.7,25,0,1434.7,1414.7,1616.4
1267,2021-03-04 11:34:00,1434.7,1434.7,1434.7,1434.7,25,0,1434.7,1414.7,1616.4
1268,2021-03-04 11:35:00,1434.7,1434.7,1434.7,1434.7,25,0,1434.7,1414.7,1616.4
1269,2021-03-04 11:36:00,1434.7,1434.7,1434.7,1434.7,25,0,1434.7,1414.7,1616.4
1270,2021-03-04 11:37:00,1434.7,1434.7,1434.7,1434.7,25,0,1434.7,1414.7,1616.4
1271,2021-03-04 11:38:00,1434.7,1434.7,1434.7,1434.7,25,0,1434.7,1414.7,1616.4
1272,2021-03-04 11:39:00,1434.7,1434.7,1434.7,1434.7,25,0,1434.7,1414.7,1616.4
1273,2021-03-04 11:40:00,1434.7,1434.7,1434.7,1434.7,25,0,1434.7,1414.7,1616.4
1274,2021-03-04 11:41:00,1434.7,1434.7,1434.7,1434.7,25,0,1434.7,1414.7,1616.4
1275,2021-03-04 11:42:00,1434.7,1434.7,1434.7,1434.7,25,0,1434.7,1414.7,1616.4
1276,2021-03-04 11:43:00,1434.7,1434.7,1434.7,1434.7,25,0,1434.7,1414.7,1616.4
1277,2021-03-04 11:44:00,1434.7,1434.7,1434.7,1434.7,25,0,1434.7,1414.7,1616.4
1278,2021-03-04 11:45:00,1434.7,1434.7,1434.7,1434.7,25,0,1434.7,1414.7,1616.4
1279,2021-03-04 11:46:00,1434.7,1434.7,1434.7,1434.7,25,0,1434.7,1414.7,1616.4
1280,2021-03-04 11:47:00,1434.7,1434.7,1434.7,1434.7,25,0,1434.7,1414.7,1616.4
1281,2021-03-04 11:48:00,1434.7,1434.7,1434.7,1434.7,25,0,1434.7,1414.7,1616.4
1282,2021-03-04 11:49:00,1434.7,1434.7,1434.7,1434.7,25,0,1434.7,1414.7,1616.4
1283,2021-03-04 11:50:00,1434.7,1434.7,1434.7,1434.7,25,0,1434.7,1414.7,1616.4
1284,2021-03-04 11:51:00,1434.7,1434.7,1434.7,1434.7,25,0,1434.7,1414.7,1616.4
1285,2021-03-04 11:52:00,1434.7,1434.7,1434.7,1434.7,25,0,1434.7,1414.7,1616.4
1286,2021-03-04 11:53:00,1434.7,1434.7,1434.7,1434.7,25,0,1434.7,1414.7,1616.4
1287,2021-03-04 11:54:00,1434.7,1434.7,1434.7,1434.7,25,0,1434.7,1414.7,1616.4
1288,2021-03-04 11:55:00,1434.7,1434.7,1434.7,1434.7,25,0,1434.7,1414.7,1616.4
1289,2021-03-04 11:56:00,1434.7,1434.7,1434.7,1434.7,25,0,1434.7,1414.7,1616.4
1290,2021-03-04 11:57:00,1434.7,1434.7,1434.7,1434.7,25,0,1434.7,1414.7,1616.4
1291,2021-03-04 11:58:00,1434.7,1434.7,1434.7,1434.7,25,0,1434.7,1414.7,1616.4
1292,2021-03-04 11:59:00,1434.7,1434.7,1434.7,1434.7,25,0,1434.7,1414.7,1616.4
1293,2021-03-04 12:00:00,1434.7,1434.7,1434.7,1434.7,25,0,1434.7,1414.7,1616.4
1294,2021-03-04 12:01:00,1434.7,1434.7,1434.7,1434.7,25,0,1434.7,1414.7,1616.4
1295,2021-03-04 12:02:00,1434.7,1434.7,1434.7,1434.7,25,0,1434.7,1414.7,1616.4
1296,2021-03-04 12:03:00,1434.7,1434.7,1434.7,1434.7,25,0,1434.7,1414.7,1616.4
1297,2021-03-04 12:04:00,1434.7,1434.7,1434.7,1434.7,25,0,1434.7,1414.7,1616.4
1298,2021-03-04 12:05:00,1434.7,1434.7,1434.7,1434.7,25,0,1434.7,1414.7,1616.4
1299,2021-03-04 12:06:00,1434.7,1434.7,1434.7,1434.7,25,0,1434.7,1414.7,1616.4
1300,2021-03-04 12:07:00,1434.7,1434.7,1434.7,1434.7,25,0,1434.7,1414.7,1616.4
1301,2021-03-04 12:08:00,1434.7,1434.7,1434.7,1434.7,25,0,1434.7,1414.7,1616.4
1302,2021-03-04 12:09:00,1434.7,1434.7,1434.7,1434.7,25,0,1434.7,1414.7,1616.4
1303,2021-03-04 12:10:00,1434.7,1434.7,1434.7,1434.7,25,0,1434.7,1414.7,1616.4
1304,2021-03-04 12:11:00,1434.7,1434.7,1434.7,1434.7,25,0,1434.7,1414.7,1616.4
1305,2021-03-04 12:12:00,1434.7,1434.7,1434.7,1434.7,25,0,1434.7,1414.7,1616.4
1306,2021-03-04 12:13:00,1434.7,1434.7,1434.7,1434.7,25,0,1434.7,1414.7,1616.4
1307,2021-03-04 12:14:00,1434.7,1434.7,1434.7,1434.7,25,0,1434.7,1414.7,1616.4
1308,2021-03-04 12:15:00,1434.7,1434.7,1434.7,1434.7,25,0,1434.7,1414.7,1616.4
1309,2021-03-04 12:16:00,1434.7,1434.7,1434.7,1434.7,25,0,1434.7,1414.7,1616.4
1310,2021-03-04 12:17:00,1434.7,1434.7,1434.7,1434.7,25,0,1434.7,1414.7,1616.4
1311,2021-03-04 12:18:00,1434.7,1434.7,1434.7,1434.7,25,0,1434.7,1414.7,1616.4
1312,2021-03-04 12:19:00,1434.7,1434.7,1434.7,1434.7,25,0,1434.7,1414.7,1616.4
1313,2021-03-04 12:20:00,1434.7,1434.7,1434.7,1434.7,25,0,1434.7,1414.7,1616.4
1314,2021-03-04 12:21:00,1434.7,1434.7,1434.7,1434.7,25,0,1434.7,1414.7,1616.4
1315,2021-03-04 12:22:00,1434.7,1434.7,1434.7,1434.7,25,0,1434.7,1414.7,1616.4
1316,2021-03-04 12:23:00,1434.7,1434.7,1434.7,1434.7,25,0,1434.7,1414.7,1616.4
1317,2021-03-04 12:24:00,1434.7,1434.7,1434.7,1434.7,25,0,1434.7,1414.7,1616.4
1318,2021-03-04 12:25:00,1434.7,1434.7,1434.7,1434.7,25,0,1434.7,1414.7,1616.4
1319,2021-03-04 12:26:00,1434.7,1434.7,1434.7,1434.7,25,0,1434.7,1414.7,1616.4
1320,2021-03-04 12:27:00,1434.7,1434.7,1434.7,1434.7,25,0,1434.7,1414.7,1616.4
1321,2021-03-04 12:28:00,1434.7,1434.7,1434.7,1434.7,25,0,1434.7,1414.7,1616.4
1322,2021-03-04 12:29:00,1434.7,1434.7,1434.7,1434.7,25,0,1434.7,1414.7,1616.4
1323,2021-03-04 12:30:00,1434.7,1434.7,1434.7,1434.7,25,0,1434.7,1414.7,1616.4
1324,2021-03-04 12:31:00,1434.7,1434.7,1434.7,1434.7,25,0,1434.7,1414.7,1616.4
1325,2021-03-04 12:32:00,1434.7,1434.7,1434.7,1434.7,25,0,1434.7,1414.7,1616.4
1326,2021-03-04 12:33:00,1434.7,1434.7,1434.7,1434.7,25,0,1434.7,1414.7,1616.4
1327,2021-03-04 12:34:00,1434.7,1434.7,1434.7,1434.7,25,0,1434.7,1414.7,1616.4
1328,2021-03-04 12:35:00,1434.7,1434.7,1434.7,1434.7,25,0,1434.7,1414.7,1616.4
1329,2021-03-04 12:36:00,1434.7,1434.7,1434.7,1434.7,25,0,1434.7,1414.7,1616.4
1330,2021-03-04 12:37:00,1434.7,1434.7,1434.7,1434.7,25,0,1434.7,1414.7,1616.4
1331,2021-03-04 12:38:00,1434.7,1434.7,1434.7,1434.7,25,0,1434.7,1414.7,1616.4
1332,2021-03-04 12:39:00,1434.7,1434.7,1434.7,1434.7,25,0,1434.7,1414.7,1616.4
1333,2021-03-04 12:40:00,1434.7,1434.7,1434.7,1434.7,25,0,1434.7,1414.7,1616.4
1334,2021-03-04 12:41:00,1434.7,1434.7,1434.7,1434.7,25,0,1434.7,1414.7,1616.4
1335,2021-03-04 12:42:00,1434.7,1434.7,1434.7,1434.7,25,0,1434.7,1414.7,1616.4
1336,2021-03-04 12:43:00,1434.7,1434.7,1434.7,1434.7,25,0,1434.7,1414.7,1616.4
1337,2021-03-04 12:44:00,1434.7,1434.7,1434.7,1434.7,25,0,1434.7,1414.7,1616.4
1338,2021-03-04 12:45:00,1434.7,1434.7,1434.7,1434.7,25,0,1434.7,1414.7,1616.4
1339,2021-03-04 12:46:00,1434.7,1434.7,1434.7,1434.7,25,0,1434.7,1414.7,1616.4
1340,2021-03-04 12:47:00,1434.7,1434.7,1434.7,1434.7,25,0,1434.7,1414.7,1616.4
1341,2021-03-04 12:48:00,1434.7,1434.7,1434.7,1434.7,25,0,1434.7,1414.7,1616.4
1342,2021-03-04 12:49:00,1434.7,1434.7,1434.7,1434.7,25,0,1434.7,1414.7,1616.4
1343,2021-03-04 12:50:00,1434.7,1434.7,1434.7,1434.7,25,0,1434.7,1414.7,1616.4
1344,2021-03-04 12:51:00,1434.7,1434.7,1434.7,1434.7,25,0,1434.7,1414.7,1616.4
1345,2021-03-04 12:52:00,1434.7,1434.7,1434.7,1434.7,25,0,1434.7,1414.7,1616.4
1346,2021-03-04 12:53:00,1434.7,1434.7,1434.7,1434.7,25,0,1434.7,1414.7,1616.4
1347,2021-03-04 12:54:00,1434.7,1434.7,1434.7,1434.7,25,0,1434.7,1414.7,1616.4
1348,2021-03-04 12:55:00,1434.7,1434.7,1434.7,1434.7,25,0,1434.7,1414.7,1616.4
1349,2021-03-04 12:56:00,1434.7,1434.7,1434.7,1434.7,25,0,1434.7,1414.7,1616.4
1350,2021-03-04 12:57:00,1434.7,1434.7,1434.7,1434.7,25,0,1434.7,1414.7,1616.4
1351,2021-03-04 12:58:00,1434.7,1434.7,1434.7,1434.7,25,0,1434.7,1414.7,1616.4
1352,2021-03-04 12:59:00,1434.7,1434.7,1434.7,1434.7,25,0,1434.7,1414.7,1616.4
1353,2021-03-04 13:00:00,1434.7,1434.7,1434.7,1434.7,25,0,1434.7,1414.7,1616.4
1354,2021-03-04 13:01:00,1434.7,1434.7,1434.7,1434.7,25,0,1434.7,1414.7,1616.4
1355,2021-03-04 13:02:00,1434.7,1434.7,1434.7,1434.7,25,0,1434.7,1414.7,1616.4
1356,2021-03-04 13:03:00,1434.7,1434.7,1434.7,1434.7,25,0,1434.7,1414.7,1616.4
1357,2021-03-04 13:04:00,1434.7,1434.7,1434.7,1434.7,25,0,1434.7,1414.7,1616.4
1358,2021-03-04 13:05:00,1434.7,1434.7,1434.7,1434.7,25,0,1434.7,1414.7,1616.4
1359,2021-03-04 13:06:00,1434.7,1434.7,1434.7,1434.7,25,0,1434.7,1414.7,1616.4
1360,2021-03-04 13:07:00,1434.7,1434.7,1434.7,1434.7,25,0,1434.7,1414.7,1616.4
1361,2021-03-04 13:08:00,1434.7,1434.7,1434.7,1434.7,25,0,1434.7,1414.7,1616.4
1362,2021-03-04 13:09:00,1434.7,1434.7,1434.7,1434.7,25,0,1434.7,1414.7,1616.4
1363,2021-03-04 13:10:00,1434.7,1434.7,1434.7,1434.7,25,0,1434.7,1414.7,1616.4
1364,2021-03-04 13:11:00,1434.7,1434.7,1434.7,1434.7,25,0,1434.7,1414.7,1616.4
1365,2021-03-04 13:12:00,1434.7,1434.7,1434.7,1434.7,25,0,1434.7,1414.7,1616.4
1366,2021-03-04 13:13:00,1434.7,1434.7,1434.7,1434.7,25,0,1434.7,1414.7,1616.4
1367,2021-03-04 13:14:00,1434.7,1434.7,1434.7,1434.7,25,0,1434.7,1414.7,1616.4
1368,2021-03-04 13:15:00,1434.7,1434.7,1434.7,1434.7,25,0,1434.7,1414.7,1616.4
1369,2021-03-04 13:16:00,1434.7,1434.7,1434.7,1434.7,25,0,1434.7,1414.7,1616.4
1370,2021-03-04 13:17:00,1434.7,1434.7,1434.7,1434.7,25,0,1434.7,1414.7,1616.4
1371,2021-03-04 13:18:00,1434.7,1434.7,1434.7,1434.7,25,0,1434.7,1414.7,1616.4
1372,2021-03-04 13:19:00,1434.7,1434.7,1434.7,1434.7,25,0,1434.7,1414.7,1616.4
1373,2021-03-04 13:20:00,1434.7,1434.7,1434.7,1434.7,25,0,1434.7,1414.7,1616.4
1374,2021-03-04 13:21:00,1434.7,1434.7,1434.7,1434.7,25,0,1434.7,1414.7,1616.4
1375,2021-03-04 13:22:00,1434.7,1434.7,1434.7,1434.7,25,0,1434.7,1414.7,1616.4
1376,2021-03-04 13:23:00,1434.7,1434.7,1434.7,1434.7,25,0,1434.7,1414.7,1616.4
1377,2021-03-04 13:24:00,1434.7,1434.7,1434.7,1434.7,25,0,1434.7,1414.7,1616.4
1378,2021-03-04 13:25:00,1434.7,1434.7,1434.7,1434.7,25,0,1434.7,1414.7,1616.4
1379,2021-03-04 13:26:00,1434.7,1434.7,1434.7,1434.7,25,0,1434.7,1414.7,1616.4
1380,2021-03-04 13:27:00,1434.7,1434.7,1434.7,1434.7,25,0,1434.7,1414.7,1616.4
1381,2021-03-04 13:28:00,1434.7,1434.7,1434.7,1434.7,25,0,1434.7,1414.7,1616.4
1382,2021-03-04 13:29:00,1434.7,1434.7,1434.7,1434.7,25,0,1434.7,1414.7,1616.4
1383,2021-03-04 13:30:00,1434.7,1434.7,1434.7,1434.7,25,0,1434.7,1414.7,1616.4
1384,2021-03-04 13:31:00,1434.7,1434.7,1434.7,1434.7,25,0,1434.7,1414.7,1616.4
1385,2021-03-04 13:32:00,1434.7,1434.7,1434.7,1434.7,25,0,1434.7,1414.7,1616.4
1386,2021-03-04 13:33:00,1434.7,1434.7,1434.7,1434.7,25,0,1434.7,1414.7,1616.4
1387,2021-03-04 13:34:00,1434.7,1434.7,1434.7,1434.7,25,0,1434.7,1414.7,1616.4
1388,2021-03-04 13:35:00,1434.7,1434.7,1434.7,1434.7,25,0,1434.7,1414.7,1616.4
1389,2021-03-04 13:36:00,1434.7,1434.7,1434.7,1434.7,25,0,1434.7,1414.7,1616.4
1390,2021-03-04 13:37:00,1434.7,1434.7,1434.7,1434.7,25,0,1434.7,1414.7,1616.4
1391,2021-03-04 13:38:00,1434.7,1434.7,1434.7,1434.7,25,0,1434.7,1414.7,1616.4
1392,2021-03-04 13:39:00,1434.7,1434.7,1434.7,1434.7,25,0,1434.7,1414.7,1616.4
1393,2021-03-04 13:40:00,1434.7,1434.7,1434.7,1434.7,25,0,1434.7,1414.7,1616.4
1394,2021-03-04 13:41:00,1434.7,1434.7,1434.7,1434.7,25,0,1434.7,1414.7,1616.4
1395,2021-03-04 13:42:00,1434.7,1434.7,1434.7,1434.7,25,0,1434.7,1414.7,1616.4
1396,2021-03-04 13:43:00,1434.7,1434.7,1434.7,1434.7,25,0,1434.7,1414.7,1616.4
1397,2021-03-04 13:44:00,1434.7,1434.7,1434.7,1434.7,25,0,1434.7,1414.7,1616.4
1398,2021-03-04 13:45:00,1434.7,1434.7,1434.7,1434.7,25,0,1434.7,1414.7,1616.4
1399,2021-03-04 13:46:00,1434.7,1434.7,1434.7,1434.7,25,0,1434.7,1414.7,1616.4
1400,2021-03-04 13:47:00,1434.7,1434.7,1434.7,1434.7,25,0,1434.7,1414.7,1616.4
1401,2021-03-04 13:48:00,1434.7,1434.7,1434.7,1434.7,25,0,1434.7,1414.7,1616.4
1402,2021-03-04 13:49:00,1434.7,1434.7,1434.7,1434.7,25,0,1434.7,1414.7,1616.4
1403,2021-03-04 13:50:00,1434.7,1434.7,1434.7,1434.7,25,0,1434.7,1414.7,1616.4
1404,2021-03-04 13:51:00,1434.7,1434.7,1434.7,1434.7,25,0,1434.7,1414.7,1616.4
1405,2021-03-04 13:52:00,1434.7,1434.7,1434.7,1434.7,25,0,1434.7,1414.7,1616.4
1406,2021-03-04 13:53:00,1434.7,1434.7,1434.7,1434.7,25,0,1434.7,1414.7,1616.4
1407,2021-03-04 13:54:00,1434.7,1434.7,1434.7,1434.7,25,0,1434.7,1414.7,1616.4
1408,2021-03-04 13:55:00,1434.7,1434.7,1434.7,1434.7,25,0,1434.7,1414.7,1616.4
1409,2021-03-04 13:56:00,1434.7,1434.7,1434.7,1434.7,25,0,1434.7,1414.7,1616.4
1410,2021-03-04 13:57:00,1434.7,1434.7,1434.7,1434.7,25,0,1434.7,1414.7,1616.4
1411,2021-03-04 13:58:00,1434.7,1434.7,1434.7,1434.7,25,0,1434.7,1414.7,1616.4
1412,2021-03-04 13:59:00,1434.7,1434.7,1434.7,1434.7,25,0,1434.7,1414.7,1616.4
1413,2021-03-04 14:00:00,1434.7,1434.7,1434.7,1434.7,25,0,1434.7,1414.7,1616.4
1414,2021-03-04 14:01:00,1434.7,1434.7,1434.7,1434.7,25,0,1434.7,1414.7,1616.4
1415,2021-03-04 14:02:00,1434.7,1434.7,1434.7,1434.7,25,0,1434.7,1414.7,1616.4
1416,2021-03-04 14:03:00,1434.7,1434.7,1434.7,1434.7,25,0,1434.7,1414.7,1616.4
1417,2021-03-04 14:04:00,1434.7,1434.7,1434.7,1434.7,25,0,1434.7,1414.7,1616.4
1418,2021-03-04 14:05:00,1434.7,1434.7,1434.7,1434.7,25,0,1434.7,1414.7,1616.4
1419,2021-03-04 14:06:00,1434.7,1434.7,1434.7,1434.7,25,0,1434.7,1414.7,1616.4
1420,2021-03-04 14:07:00,1434.7,1434.7,1434.7,1434.7,25,0,1434.7,1414.7,1616.4
1421,2021-03-04 14:08:00,1434.7,1434.7,1434.7,1434.7,25,0,1434.7,1414.7,1616.4
1422,2021-03-04 14:09:00,1434.7,1434.7,1434.7,1434.7,25,0,1434.7,1414.7,1616.4
1423,2021-03-04 14:10:00,1434.7,1434.7,1434.7,1434.7,25,0,1434.7,1414.7,1616.4
1424,2021-03-04 14:11:00,1434.7,1434.7,1434.7,1434.7,25,0,1434.7,1414.7,1616.4
1425,2021-03-04 14:12:00,1434.7,1434.7,1434.7,1434.7,25,0,1434.7,1414.7,1616.4
1426,2021-03-04 14:13:00,1434.7,1434.7,1434.7,1434.7,25,0,1434.7,1414.7,1616.4
1427,2021-03-04 14:14:00,1434.7,1434.7,1434.7,1434.7,25,0,1434.7,1414.7,1616.4
1428,2021-03-04 14:15:00,1434.7,1434.7,1434.7,1434.7,25,0,1434.7,1414.7,1616.4
1429,2021-03-04 14:16:00,1434.7,1434.7,1434.7,1434.7,25,0,1434.7,1414.7,1616.4
1430,2021-03-04 14:17:00,1434.7,1434.7,1434.7,1434.7,25,0,1434.7,1414.7,1616.4
1431,2021-03-04 14:18:00,1434.7,1434.7,1434.7,1434.7,25,0,1434.7,1414.7,1616.4
1432,2021-03-04 14:19:00,1434.7,1434.7,1434.7,1434.7,25,0,1434.7,1414.7,1616.4
1433,2021-03-04 14:20:00,1434.7,1434.7,1434.7,1434.7,25,0,1434.7,1414.7,1616.4
1434,2021-03-04 14:21:00,1434.7,1434.7,1434.7,1434.7,25,0,1434.7,1414.7,1616.4
1435,2021-03-04 14:22:00,1434.7,1434.7,1434.7,1434.7,25,0,1434.7,1414.7,1616.4
1436,2021-03-04 14:23:00,1434.7,1434.7,1434.7,1434.7,25,0,1434.7,1414.7,1616.4
1437,2021-03-04 14:24:00,1434.7,1434.7,1434.7,1434.7,25,0,1434.7,1414.7,1616.4
1438,2021-03-04 14:25:00,1434.7,1434.7,1434.7,1434.7,25,0,1434.7,1414.7,1616.4
1439,2021-03-04 14:26:00,1434.7,1434.7,1434.7,1434.7,25,0,1434.7,1414.7,1616.4
1440,2021-03-04 14:27:00,1434.7,1434.7,1434.7,1434.7,25,0,1434.7,1414.7,1616.4
1441,2021-03-04 14:28:00,1434.7,1434.7,1434.7,1434.7,25,0,1434.7,1414.7,1616.4
1442,2021-03-04 14:29:00,1434.7,1434.7,1434.7,1434.7,25,0,1434.7,1414.7,1616.4
1443,2021-03-04 14:30:00,1434.7,1434.7,1434.7,1434.7,25,0,1434.7,1414.7,1616.4
1444,2021-03-04 14:31:00,1434.7,1434.7,1434.7,1434.7,25,0,1434.7,1414.7,1616.4
1445,2021-03-04 14:32:00,1434.7,1434.7,1434.7,1434.7,25,0,1434.7,1414.7,1616.4
1446,2021-03-04 14:33:00,1434.7,1434.7,1434.7,1434.7,25,0,1434.7,1414.7,1616.4
1447,2021-03-04 14:34:00,1434.7,1434.7,1434.7,1434.7,25,0,1434.7,1414.7,1616.4
1448,2021-03-04 14:35:00,1434.7,1434.7,1434.7,1434.7,25,0,1434.7,1414.7,1616.4
1449,2021-03-04 14:36:00,1434.7,1434.7,1434.7,1434.7,25,0,1434.7,1414.7,1616.4
1450,2021-03-04 14:37:00,1434.7,1434.7,1434.7,1434.7,25,0,1434.7,1414.7,1616.4
1451,2021-03-04 14:38:00,1434.7,1434.7,1434.7,1434.7,25,0,1434.7,1414.7,1616.4
1452,2021-03-04 14:39:00,1434.7,1434.7,1434.7,1434.7,25,0,1434.7,1414.7,1616.4
1453,2021-03-04 14:40:00,1434.7,1434.7,1434.7,1434.7,25,0,1434.7,1414.7,1616.4
1454,2021-03-04 14:41:00,1434.7,1434.7,1434.7,1434.7,25,0,1434.7,1414.7,1616.4
1455,2021-03-04 14:42:00,1434.7,1434.7,1434.7,1434.7,25,0,1434.7,1414.7,1616.4
1456,2021-03-04 14:43:00,1434.7,1434.7,1434.7,1434.7,25,0,1434.7,1414.7,1616.4
1457,2021-03-04 14:44:00,1434.7,1434.7,1434.7,1434.7,25,0,1434.7,1414.7,1616.4
1458,2021-03-04 14:45:00,1434.7,1434.7,1434.7,1434.7,25,0,1434.7,1414.7,1616.4
1459,2021-03-04 14:46:00,1434.7,1434.7,1434.7,1434.7,25,0,1434.7,1414.7,1616.4
1460,2021-03-04 14:47:00,1434.7,1434.7,1434.7,1434.7,25,0,1434.7,1414.7,1616.4
1461,2021-03-04 14:48:00,1434.7,1434.7,1434.7,1434.7,25,0,1434.7,1414.7,1616.4
1462,2021-03-04 14:49:00,1434.7,1434.7,1434.7,1434.7,25,0,1434.7,1414.7,1616.4
1463,2021-03-04 14:50:00,1434.7,1434.7,1434.7,1434.7,25,0,1434.7,1414.7,1616.4
1464,2021-03-04 14:51:00,1434.7,1434.7,1434.7,1434.7,25,0,1434.7,1414.7,1616.4
1465,2021-03-04 14:52:00,1434.7,1434.7,1434.7,1434.7,25,0,1434.7,1414.7,1616.4
1466,2021-03-04 14:53:00,1434.7,1434.7,1434.7,1434.7,25,0,1434.7,1414.7,1616.4
1467,2021-03-04 14:54:00,1434.7,1434.7,1434.7,1434.7,25,0,1434.7,1414.7,1616.4
1468,2021-03-04 14:55:00,1434.7,1434.7,1434.7,1434.7,25,0,1434.7,1414.7,1616.4
1469,2021-03-04 14:56:00,1434.7,1434.7,1434.7,1434.7,25,0,1434.7,1414.7,1616.4
1470,2021-03-04 14:57:00,1434.7,1434.7,1434.7,1434.7,25,0,1434.7,1414.7,1616.4
1471,2021-03-04 14:58:00,1434.7,1434.7,1434.7,1434.7,25,0,1434.7,1414.7,1616.4
1472,2021-03-04 14:59:00,1434.7,1434.7,1434.7,1434.7,25,0,1434.7,1414.7,1616.4
1473,2021-03-04 15:00:00,1434.7,1434.7,1434.7,1434.7,25,0,1434.7,1414.7,1616.4
1474,2021-03-04 15:01:00,1434.7,1434.7,1434.7,1434.7,25,0,1434.7,1414.7,1616.4
1475,2021-03-04 15:02:00,1434.7,1434.7,1434.7,1434.7,25,0,1434.7,1414.7,1616.4
1476,2021-03-04 15:03:00,1434.7,1434.7,1434.7,1434.7,25,0,1434.7,1414.7,1616.4
1477,2021-03-04 15:04:00,1434.7,1434.7,1434.7,1434.7,25,0,1434.7,1414.7,1616.4
1478,2021-03-04 15:05:00,1434.7,1434.7,1434.7,1434.7,25,0,1434.7,1414.7,1616.4
1479,2021-03-04 15:06:00,1434.7,1434.7,1434.7,1434.7,25,0,1434.7,1414.7,1616.4
1480,2021-03-04 15:07:00,1434.7,1434.7,1434.7,1434.7,25,0,1434.7,1414.7,1616.4
1481,2021-03-04 15:08:00,1434.7,1434.7,1434.7,1434.7,25,0,1434.7,1414.7,1616.4
1482,2021-03-04 15:09:00,1434.7,1434.7,1434.7,1434.7,25,0,1434.7,1414.7,1616.4
1483,2021-03-04 15:10:00,1434.7,1434.7,1434.7,1434.7,25,0,1434.7,1414.7,1616.4
1484,2021-03-04 15:11:00,1434.7,1434.7,1434.7,1434.7,25,0,1434.7,1414.7,1616.4
1485,2021-03-04 15:12:00,1434.7,1434.7,1434.7,1434.7,25,0,1434.7,1414.7,1616.4
1486,2021-03-04 15:13:00,1434.7,1434.7,1434.7,1434.7,25,0,1434.7,1414.7,1616.4
1487,2021-03-04 15:14:00,1434.7,1434.7,1434.7,1434.7,25,0,1434.7,1414.7,1616.4
1488,2021-03-04 15:15:00,1434.7,1434.7,1434.7,1434.7,25,0,1434.7,1414.7,1616.4
1489,2021-03-04 15:16:00,1434.7,1434.7,1434.7,1434.7,25,0,1434.7,1414.7,1616.4
1490,2021-03-04 15:17:00,1434.7,1434.7,1434.7,1434.7,25,0,1434.7,1414.7,1616.4
1491,2021-03-04 15:18:00,1434.7,1434.7,1434.7,1434.7,25,0,1434.7,1414.7,1616.4
1492,2021-03-04 15:19:00,1434.7,1434.7,1434.7,1434.7,25,0,1434.7,1414.7,1616.4
1493,2021-03-04 15:20:00,1434.7,1434.7,1434.7,1434.7,25,0,1434.7,1414.7,1616.4
1494,2021-03-04 15:21:00,1434.7,1434.7,1434.7,1434.7,25,0,1434.7,1414.7,1616.4
1495,2021-03-04 15:22:00,1434.7,1434.7,1434.7,1434.7,25,0,1434.7,1414.7,1616.4
1496,2021-03-04 15:23:00,1434.7,1434.7,1434.7,1434.7,25,0,1434.7,1414.7,1616.4
1497,2021-03-04 15:24:00,1434.7,1434.7,1434.7,1434.7,25,0,1434.7,1414.7,1616.4
1498,2021-03-04 15:25:00,1434.7,1434.7,1434.7,1434.7,25,0,1434.7,1414.7,1616.4
1499,2021-03-04 15:26:00,1434.7,1434.7,1434.7,1434.7,25,0,1434.7,1414.7,1616.4
1500,2021-03-04 15:27:00,1434.7,1434.7,1434.7,1434.7,25,0,1434.7,1414.7,1616.4
1501,2021-03-04 15:28:00,1434.7,1434.7,1434.7,1434.7,25,0,1434.7,1414.7,1616.4
1502,2021-03-04 15:29:00,1434.7,1434.7,1434.7,1434.7,25,0,1434.7,1414.7,1616.4
1503,2021-03-04 15:30:00,1434.7,1434.7,1434.7,1434.7,25,0,1434.7,1414.7,1616.4
1504,2021-03-05 09:15:00,1434.7,1434.7,1434.7,1434.7,25,0,1434.7,1414.7,1616.4
1505,2021-03-05 09:16:00,1434.7,1434.7,1434.7,1434.7,25,0,1434.7,1414.7,1616.4
1506,2021-03-05 09:17:00,1434.7,1434.7,1434.7,1434.7,25,0,1434.7,1414.7,1616.4
1507,2021-03-05 09:18:00,1434.7,1434.7,1434.7,1434.7,25,0,1434.7,1414.7,1616.4
1508,2021-03-05 09:19:00,1434.7,1434.7,1434.7,1434.7,25,0,1434.7,1414.7,1616.4
1509,2021-03-05 09:20:00,1434.7,1434.7,1434.7,1434.7,25,0,1434.7,1414.7,1616.4
1510,2021-03-05 09:21:00,1434.7,1434.7,1434.7,1434.7,25,0,1434.7,1414.7,1616.4
1511,2021-03-05 09:22:00,1434.7,1434.7,1434.7,1434.7,25,0,1434.7,1414.7,1616.4
1512,2021-03-05 09:23:00,1434.7,1434.7,1434.7,1434.7,25,0,1434.7,1414.7,1616.4
1513,2021-03-05 09:24:00,1434.7,1434.7,1434.7,1434.7,25,0,1434.7,1414.7,1616.4
1514,2021-03-05 09:25:00,1434.7,1434.7,1434.7,1434.7,25,0,1434.7,1414.7,1616.4
1515,2021-03-05 09:26:00,1434.7,1434.7,1434.7,1434.7,25,0,1434.7,1414.7,1616.4
1516,2021-03-05 09:27:00,1434.7,1434.7,1434.7,1434.7,25,0,1434.7,1414.7,1616.4
1517,2021-03-05 09:28:00,1434.7,1434.7,1434.7,1434.7,25,0,1434.7,1414.7,1616.4
1518,2021-03-05 09:29:00,1434.7,1434.7,1434.7,1434.7,25,0,1434.7,1414.7,1616.4
1519,2021-03-05 09:30:00,1434.7,1434.7,1434.7,1434.7,25,0,1434.7,1414.7,1616.4
1520,2021-03-05 09:31:00,1434.7,1434.7,1434.7,1434.7,25,0,1434.7,1414.7,1616.4
1521,2021-03-05 09:32:00,1434.7,1434.7,1434.7,1434.7,25,0,1434.7,1414.7,1616.4
1522,2021-03-05 09:33:00,1434.7,1434.7,1434.7,1434.7,25,0,1434.7,1414.7,1616.4
1523,2021-03-05 09:34:00,1434.7,1434.7,1434.7,1434.7,25,0,1434.7,1414.7,1616.4
1524,2021-03-05 09:35:00,1434.7,1434.7,1434.7,1434.7,25,0,1434.7,1414.7,1616.4
1525,2021-03-05 09:36:00,1434.7,1434.7,1434.7,1434.7,25,0,1434.7,1414.7,1616.4
1526,2021-03-05 09:37:00,1434.7,1434.7,1434.7,1434.7,25,0,1434.7,1414.7,1616.4
1527,2021-03-05 09:38:00,1434.7,1434.7,1434.7,1434.7,25,0,1434.7,1414.7,1616.4
1528,2021-03-05 09:39:00,1434.7,1434.7,1434.7,1434.7,25,0,1434.7,1414.7,1616.4
1529,2021-03-05 09:40:00,1434.7,1434.7,1434.7,1434.7,25,0,1434.7,1414.7,1616.4
1530,2021-03-05 09:41:00,1434.7,1434.7,1434.7,1434.7,25,0,1434.7,1414.7,1616.4
1531,2021-03-05 09:42:00,1434.7,1434.7,1434.7,1434.7,25,0,1434.7,1414.7,1616.4
1532,2021-03-05 09:43:00,1434.7,1434.7,1434.7,1434.7,25,0,1434.7,1414.7,1616.4
1533,2021-03-05 09:44:00,1434.7,1434.7,1434.7,1434.7,25,0,1434.7,1414.7,1616.4
1534,2021-03-05 09:45:00,1434.7,1434.7,1434.7,1434.7,25,0,1434.7,1414.7,1616.4
1535,2021-03-05 09:46:00,1434.7,1434.7,1434.7,1434.7,25,0,1434.7,1414.7,1616.4
1536,2021-03-05 09:47:00,1434.7,1434.7,1434.7,1434.7,25,0,1434.7,1414.7,1616.4
1537,2021-03-05 09:48:00,1434.7,1434.7,1434.7,1434.7,25,0,1434.7,1414.7,1616.4
1538,2021-03-05 09:49:00,1434.7,1434.7,1434.7,1434.7,25,0,1434.7,1414.7,1616.4
1539,2021-03-05 09:50:00,1434.7,1434.7,1434.7,1434.7,25,0,1434.7,1414.7,1616.4
1540,2021-03-05 09:51:00,1434.7,1434.7,1434.7,1434.7,25,0,1434.7,1414.7,1616.4
1541,2021-03-05 09:52:00,1434.7,1434.7,1434.7,1434.7,25,0,1434.7,1414.7,1616.4
1542,2021-03-05 09:53:00,1434.7,1434.7,1434.7,1434.7,25,0,1434.7,1414.7,1616.4
1543,2021-03-05 09:54:00,1434.7,1434.7,1434.7,1434.7,25,0,1434.7,1414.7,1616.4
1544,2021-03-05 09:55:00,1434.7,1434.7,1434.7,1434.7,25,0,1434.7,1414.7,1616.4
1545,2021-03-05 09:56:00,1434.7,1434.7,1434.7,1434.7,25,0,1434.7,1414.7,1616.4
1546,2021-03-05 09:57:00,1434.7,1434.7,1434.7,1434.7,25,0,1434.7,1414.7,1616.4
1547,2021-03-05 09:58:00,1434.7,1434.7,1434.7,1434.7,25,0,1434.7,1414.7,1616.4
1548,2021-03-05 09:59:00,1434.7,1434.7,1434.7,1434.7,25,0,1434.7,1414.7,1616.4
1549,2021-03-05 10:00:00,1434.7,1434.7,1434.7,1434.7,25,0,1434.7,1414.7,1616.4
1550,2021-03-05 10:01:00,1434.7,1434.7,1434.7,1434.7,25,0,1434.7,1414.7,1616.4
1551,2021-03-05 10:02:00,1434.7,1434.7,1434.7,1434.7,25,0,1434.7,1414.7,1616.4
1552,2021-03-05 10:03:00,1434.7,1434.7,1434.7,1434.7,25,0,1434.7,1414.7,1616.4
1553,2021-03-05 10:04:00,1434.7,1434.7,1434.7,1434.7,25,0,1434.7,1414.7,1616.4
1554,2021-03-05 10:05:00,1434.7,1434.7,1434.7,1434.7,25,0,1434.7,1414.7,1616.4
1555,2021-03-05 10:06:00,1434.7,1434.7,1434.7,1434.7,25,0,1434.7,1414.7,1616.4
1556,2021-03-05 10:07:00,1434.7,1434.7,1434.7,1434.7,25,0,1434.7,1414.7,1616.4
1557,2021-03-05 10:08:00,1434.7,1434.7,1434.7,1434.7,25,0,1434.7,1414.7,1616.4
1558,2021-03-05 10:09:00,1434.7,1434.7,1434.7,1434.7,25,0,1434.7,1414.7,1616.4
1559,2021-03-05 10:10:00,1434.7,1434.7,1434.7,1434.7,25,0,1434.7,1414.7,1616.4
1560,2021-03-05 10:11:00,1434.7,1434.7,1434.7,1434.7,25,0,1434.7,1414.7,1616.4
1561,2021-03-05 10:12:00,1434.7,1434.7,1434.7,1434.7,25,0,1434.7,1414.7,1616.4
1562,2021-03-05 10:13:00,1434.7,1434.7,1434.7,1434.7,25,0,1434.7,1414.7,1616.4
1563,2021-03-05 10:14:00,1434.7,1434.7,1434.7,1434.7,25,0,1434.7,1414.7,1616.4
1564,2021-03-05 10:15:00,1434.7,1434.7,1434.7,1434.7,25,0,1434.7,1414.7,1616.4
1565,2021-03-05 10:16:00,1434.7,1434.7,1434.7,1434.7,25,0,1434.7,1414.7,1616.4
1566,2021-03-05 10:17:00,1434.7,1434.7,1434.7,1434.7,25,0,1434.7,1414.7,1616.4
1567,2021-03-05 10:18:00,1434.7,1434.7,1434.7,1434.7,25,0,1434.7,1414.7,1616.4
1568,2021-03-05 10:19:00,1434.7,1434.7,1434.7,1434.7,25,0,1434.7,1414.7,1616.4
1569,2021-03-05 10:20:00,1434.7,1434.7,1434.7,1434.7,25,0,1434.7,1414.7,1616.4
1570,2021-03-05 10:21:00,1434.7,1434.7,1434.7,1434.7,25,0,1434.7,1414.7,1616.4
1571,2021-03-05 10:22:00,1434.7,1434.7,1434.7,1434.7,25,0,1434.7,1414.7,1616.4
1572,2021-03-05 10:23:00,1434.7,1434.7,1434.7,1434.7,25,0,1434.7,1414.7,1616.4
1573,2021-03-05 10:24:00,1434.7,1434.7,1434.7,1434.7,25,0,1434.7,1414.7,1616.4
1574,2021-03-05 10:25:00,1434.7,1434.7,1434.7,1434.7,25,0,1434.7,1414.7,1616.4
1575,2021-03-05 10:26:00,1434.7,1434.7,1434.7,1434.7,25,0,1434.7,1414.7,1616.4
1576,2021-03-05 10:27:00,1434.7,1434.7,1434.7,1434.7,25,0,1434.7,1414.7,1616.4
1577,2021-03-05 10:28:00,1434.7,1434.7,1434.7,1434.7,25,0,1434.7,1414.7,1616.4
1578,2021-03-05 10:29:00,1434.7,1434.7,1434.7,1434.7,25,0,1434.7,1414.7,1616.4
1579,2021-03-05 10:30:00,1434.7,1434.7,1434.7,1434.7,25,0,1434.7,1414.7,1616.4
1580,2021-03-05 10:31:00,1434.7,1434.7,1434.7,1434.7,25,0,1434.7,1414.7,1616.4
1581,2021-03-05 10:32:00,1434.7,1434.7,1434.7,1434.7,25,0,1434.7,1414.7,1616.4
1582,2021-03-05 10:33:00,1434.7,1434.7,1434.7,1434.7,25,0,1434.7,1414.7,1616.4
1583,2021-03-05 10:34:00,1434.7,1434.7,1434.7,1434.7,25,0,1434.7,1414.7,1616.4
1584,2021-03-05 10:35:00,1434.7,1434.7,1434.7,1434.7,25,0,1434.7,1414.7,1616.4
1585,2021-03-05 10:36:00,1434.7,1434.7,1434.7,1434.7,25,0,1434.7,1414.7,1616.4
1586,2021-03-05 10:37:00,1434.7,1434.7,1434.7,1434.7,25,0,1434.7,1414.7,1616.4
1587,2021-03-05 10:38:00,1434.7,1434.7,1434.7,1434.7,25,0,1434.7,1414.7,1616.4
1588,2021-03-05 10:39:00,1434.7,1434.7,1434.7,1434.7,25,0,1434.7,1414.7,1616.4
1589,2021-03-05 10:40:00,1434.7,1434.7,1434.7,1434.7,25,0,1434.7,1414.7,1616.4
1590,2021-03-05 10:41:00,1434.7,1434.7,1434.7,1434.7,25,0,1434.7,1414.7,1616.4
1591,2021-03-05 10:42:00,1434.7,1434.7,1434.7,1434.7,25,0,1434.7,1414.7,1616.4
1592,2021-03-05 10:43:00,1434.7,1434.7,1434.7,1434.7,25,0,1434.7,1414.7,1616.4
1593,2021-03-05 10:44:00,1434.7,1434.7,1434.7,1434.7,25,0,1434.7,1414.7,1616.4
1594,2021-03-05 10:45:00,1434.7,1434.7,1434.7,1434.7,25,0,1434.7,1414.7,1616.4
1595,2021-03-05 10:46:00,1434.7,1434.7,1434.7,1434.7,25,0,1434.7,1414.7,1616.4
1596,2021-03-05 10:47:00,1434.7,1434.7,1434.7,1434.7,25,0,1434.7,1414.7,1616.4
1597,2021-03-05 10:48:00,1434.7,1434.7,1434.7,1434.7,25,0,1434.7,1414.7,1616.4
1598,2021-03-05 10:49:00,1434.7,1434.7,1434.7,1434.7,25,0,1434.7,1414.7,1616.4
1599,2021-03-05 10:50:00,1434.7,1434.7,1434.7,1434.7,25,0,1434.7,1414.7,1616.4
1600,2021-03-05 10:51:00,1434.7,1434.7,1434.7,1434.7,25,0,1434.7,1414.7,1616.4
1601,2021-03-05 10:52:00,1434.7,1434.7,1434.7,1434.7,25,0,1434.7,1414.7,1616.4
1602,2021-03-05 10:53:00,1434.7,1434.7,1434.7,1434.7,25,0,1434.7,1414.7,1616.4
1603,2021-03-05 10:54:00,1434.7,1434.7,1434.7,1434.7,25,0,1434.7,1414.7,1616.4
1604,2021-03-05 10:55:00,1434.7,1434.7,1434.7,1434.7,25,0,1434.7,1414.7,1616.4
1605,2021-03-05 10:56:00,1434.7,1434.7,1434.7,1434.7,25,0,1434.7,1414.7,1616.4
1606,2021-03-05 10:57:00,1434.7,1434.7,1434.7,1434.7,25,0,1434.7,1414.7,1616.4
1607,2021-03-05 10:58:00,1434.7,1434.7,1434.7,1434.7,25,0,1434.7,1414.7,1616.4
1608,2021-03-05 10:59:00,1434.7,1434.7,1434.7,1434.7,25,0,1434.7,1414.7,1616.4
1609,2021-03-05 11:00:00,1434.7,1434.7,1434.7,1434.7,25,0,1434.7,1414.7,1616.4
1610,2021-03-05 11:01:00,1434.7,1434.7,1434.7,1434.7,25,0,1434.7,1414.7,1616.4
1611,2021-03-05 11:02:00,1434.7,1434.7,1434.7,1434.7,25,0,1434.7,1414.7,1616.4
1612,2021-03-05 11:03:00,1434.7,1434.7,1434.7,1434.7,25,0,1434.7,1414.7,1616.4
1613,2021-03-05 11:04:00,1434.7,1434.7,1434.7,1434.7,25,0,1434.7,1414.7,1616.4
1614,2021-03-05 11:05:00,1434.7,1434.7,1434.7,1434.7,25,0,1434.7,1414.7,1616.4
1615,2021-03-05 11:06:00,1786.5,1786.5,1786.5,1786.5,25,75,1786.5,1590.3,1783.0
1616,2021-03-05 11:07:00,1786.5,1786.5,1786.5,1786.5,25,75,1786.5,1590.3,1783.0
1617,2021-03-05 11:08:00,1786.5,1786.5,1786.5,1786.5,25,75,1786.5,1590.3,1783.0
1618,2021-03-05 11:09:00,1786.5,1786.5,1786.5,1786.5,25,75,1786.5,1590.3,1783.0
1619,2021-03-05 11:10:00,1786.5,1786.5,1786.5,1786.5,25,75,1786.5,1590.3,1783.0
1620,2021-03-05 11:11:00,1786.5,1786.5,1786.5,1786.5,25,75,1786.5,1590.3,1783.0
1621,2021-03-05 11:12:00,1786.5,1786.5,1786.5,1786.5,25,75,1786.5,1590.3,1783.0
1622,2021-03-05 11:13:00,1786.5,1786.5,1786.5,1786.5,25,75,1786.5,1590.3,1783.0
1623,2021-03-05 11:14:00,1653.0,1653.0,1653.0,1653.0,25,75,1719.75,1467.8,1727.0
1624,2021-03-05 11:15:00,1653.0,1653.0,1653.0,1653.0,25,75,1719.75,1467.8,1727.0
1625,2021-03-05 11:16:00,1653.0,1653.0,1653.0,1653.0,25,75,1719.75,1467.8,1727.0
1626,2021-03-05 11:17:00,1653.0,1653.0,1653.0,1653.0,25,75,1719.75,1467.8,1727.0
1627,2021-03-05 11:18:00,1653.0,1653.0,1653.0,1653.0,25,75,1719.75,1467.8,1727.0
1628,2021-03-05 11:19:00,1653.0,1653.0,1653.0,1653.0,25,75,1719.75,1467.8,1727.0
1629,2021-03-05 11:20:00,1653.0,1653.0,1653.0,1653.0,25,75,1719.75,1467.8,1727.0
1630,2021-03-05 11:21:00,1653.0,1653.0,1653.0,1653.0,25,75,1719.75,1467.8,1727.0
1631,2021-03-05 11:22:00,1653.0,1653.0,1653.0,1653.0,25,75,1719.75,1467.8,1727.0
1632,2021-03-05 11:23:00,1653.0,1653.0,1653.0,1653.0,25,75,1719.75,1467.8,1727.0
1633,2021-03-05 11:24:00,1653.0,1653.0,1653.0,1653.0,25,75,1719.75,1467.8,1727.0
1634,2021-03-05 11:25:00,1653.0,1653.0,1653.0,1653.0,25,75,1719.75,1467.8,1727.0
1635,2021-03-05 11:26:00,1653.0,1653.0,1653.0,1653.0,25,75,1719.75,1467.8,1727.0
1636,2021-03-05 11:27:00,1653.0,1653.0,1653.0,1653.0,25,75,1719.75,1467.8,1727.0
1637,2021-03-05 11:28:00,1653.0,1653.0,1653.0,1653.0,25,75,1719.75,1467.8,1727.0
1638,2021-03-05 11:29:00,1653.0,1653.0,1653.0,1653.0,25,75,1719.75,1467.8,1727.0
1639,2021-03-05 11:30:00,1653.0,1653.0,1653.0,1653.0,25,75,1719.75,1467.8,1727.0
1640,2021-03-05 11:31:00,1653.0,1653.0,1653.0,1653.0,25,75,1719.75,1467.8,1727.0
1641,2021-03-05 11:32:00,1653.0,1653.0,1653.0,1653.0,25,75,1719.75,1467.8,1727.0
1642,2021-03-05 11:33:00,1653.0,1653.0,1653.0,1653.0,25,75,1719.75,1467.8,1727.0
1643,2021-03-05 11:34:00,1653.0,1653.0,1653.0,1653.0,25,75,1719.75,1467.8,1727.0
1644,2021-03-05 11:35:00,1653.0,1653.0,1653.0,1653.0,25,75,1719.75,1467.8,1727.0
1645,2021-03-05 11:36:00,1653.0,1653.0,1653.0,1653.0,25,75,1719.75,1467.8,1727.0
1646,2021-03-05 11:37:00,1653.0,1653.0,1653.0,1653.0,25,75,1719.75,1467.8,1727.0
1647,2021-03-05 11:38:00,1653.0,1653.0,1653.0,1653.0,25,75,1719.75,1467.8,1727.0
1648,2021-03-05 11:39:00,1653.0,1653.0,1653.0,1653.0,25,75,1719.75,1467.8,1727.0
1649,2021-03-05 11:40:00,1653.0,1653.0,1653.0,1653.0,25,75,1719.75,1467.8,1727.0
1650,2021-03-05 11:41:00,1653.0,1653.0,1653.0,1653.0,25,75,1719.75,1467.8,1727.0
1651,2021-03-05 11:42:00,1653.0,1653.0,1653.0,1653.0,25,75,1719.75,1467.8,1727.0
1652,2021-03-05 11:43:00,1653.0,1653.0,1653.0,1653.0,25,75,1719.75,1467.8,1727.0
1653,2021-03-05 11:44:00,1653.0,1653.0,1653.0,1653.0,25,75,1719.75,1467.8,1727.0
1654,2021-03-05 11:45:00,1653.0,1653.0,1653.0,1653.0,25,75,1719.75,1467.8,1727.0
1655,2021-03-05 11:46:00,1653.0,1653.0,1653.0,1653.0,25,75,1719.75,1467.8,1727.0
1656,2021-03-05 11:47:00,1653.0,1653.0,1653.0,1653.0,25,75,1719.75,1467.8,1727.0
1657,2021-03-05 11:48:00,1653.0,1653.0,1653.0,1653.0,25,75,1719.75,1467.8,1727.0
1658,2021-03-05 11:49:00,1653.0,1653.0,1653.0,1653.0,25,75,1719.75,1467.8,1727.0
1659,2021-03-05 11:50:00,1653.0,1653.0,1653.0,1653.0,25,75,1719.75,1467.8,1727.0
1660,2021-03-05 11:51:00,1653.0,1653.0,1653.0,1653.0,25,75,1719.75,1467.8,1727.0
1661,2021-03-05 11:52:00,1653.0,1653.0,1653.0,1653.0,25,75,1719.75,1467.8,1727.0
1662,2021-03-05 11:53:00,1653.0,1653.0,1653.0,1653.0,25,75,1719.75,1467.8,1727.0
1663,2021-03-05 11:54:00,1653.0,1653.0,1653.0,1653.0,25,75,1719.75,1467.8,1727.0
1664,2021-03-05 11:55:00,1653.0,1653.0,1653.0,1653.0,25,75,1719.75,1467.8,1727.0
1665,2021-03-05 11:56:00,1653.0,1653.0,1653.0,1653.0,25,75,1719.75,1467.8,1727.0
1666,2021-03-05 11:57:00,1653.0,1653.0,1653.0,1653.0,25,75,1719.75,1467.8,1727.0
1667,2021-03-05 11:58:00,1653.0,1653.0,1653.0,1653.0,25,75,1719.75,1467.8,1727.0
1668,2021-03-05 11:59:00,1653.0,1653.0,1653.0,1653.0,25,75,1719.75,1467.8,1727.0
1669,2021-03-05 12:00:00,1653.0,1653.0,1653.0,1653.0,25,75,1719.75,1467.8,1727.0
1670,2021-03-05 12:01:00,1653.0,1653.0,1653.0,1653.0,25,75,1719.75,1467.8,1727.0
1671,2021-03-05 12:02:00,1653.0,1653.0,1653.0,1653.0,25,75,1719.75,1467.8,1727.0
1672,2021-03-05 12:03:00,1653.0,1653.0,1653.0,1653.0,25,75,1719.75,1467.8,1727.0
1673,2021-03-05 12:04:00,1653.0,1653.0,1653.0,1653.0,25,75,1719.75,1467.8,1727.0
1674,2021-03-05 12:05:00,1653.0,1653.0,1653.0,1653.0,25,75,1719.75,1467.8,1727.0
1675,2021-03-05 12:06:00,1653.0,1653.0,1653.0,1653.0,25,75,1719.75,1467.8,1727.0
1676,2021-03-05 12:07:00,1653.0,1653.0,1653.0,1653.0,25,75,1719.75,1467.8,1727.0
1677,2021-03-05 12:08:00,1653.0,1653.0,1653.0,1653.0,25,75,1719.75,1467.8,1727.0
1678,2021-03-05 12:09:00,1653.0,1653.0,1653.0,1653.0,25,75,1719.75,1467.8,1727.0
1679,2021-03-05 12:10:00,1653.0,1653.0,1653.0,1653.0,25,75,1719.75,1467.8,1727.0
1680,2021-03-05 12:11:00,1653.0,1653.0,1653.0,1653.0,25,75,1719.75,1467.8,1727.0
1681,2021-03-05 12:12:00,1653.0,1653.0,1653.0,1653.0,25,75,1719.75,1467.8,1727.0
1682,2021-03-05 12:13:00,1653.0,1653.0,1653.0,1653.0,25,75,1719.75,1467.8,1727.0
1683,2021-03-05 12:14:00,1653.0,1653.0,1653.0,1653.0,25,75,1719.75,1467.8,1727.0
1684,2021-03-05 12:15:00,1653.0,1653.0,1653.0,1653.0,25,75,1719.75,1467.8,1727.0
1685,2021-03-05 12:16:00,1653.0,1653.0,1653.0,1653.0,25,75,1719.75,1467.8,1727.0
1686,2021-03-05 12:17:00,1653.0,1653.0,1653.0,1653.0,25,75,1719.75,1467.8,1727.0
1687,2021-03-05 12:18:00,1653.0,1653.0,1653.0,1653.0,25,75,1719.75,1467.8,1727.0
1688,2021-03-05 12:19:00,1653.0,1653.0,1653.0,1653.0,25,75,1719.75,1467.8,1727.0
1689,2021-03-05 12:20:00,1653.0,1653.0,1653.0,1653.0,25,75,1719.75,1467.8,1727.0
1690,2021-03-05 12:21:00,1653.0,1653.0,1653.0,1653.0,25,75,1719.75,1467.8,1727.0
1691,2021-03-05 12:22:00,1653.0,1653.0,1653.0,1653.0,25,75,1719.75,1467.8,1727.0
1692,2021-03-05 12:23:00,1653.0,1653.0,1653.0,1653.0,25,75,1719.75,1467.8,1727.0
1693,2021-03-05 12:24:00,1653.0,1653.0,1653.0,1653.0,25,75,1719.75,1467.8,1727.0
1694,2021-03-05 12:25:00,1653.0,1653.0,1653.0,1653.0,25,75,1719.75,1467.8,1727.0
1695,2021-03-05 12:26:00,1653.0,1653.0,1653.0,1653.0,25,75,1719.75,1467.8,1727.0
1696,2021-03-05 12:27:00,1653.0,1653.0,1653.0,1653.0,25,75,1719.75,1467.8,1727.0
1697,2021-03-05 12:28:00,1653.0,1653.0,1653.0,1653.0,25,75,1719.75,1467.8,1727.0
1698,2021-03-05 12:29:00,1653.0,1653.0,1653.0,1653.0,25,75,1719.75,1467.8,1727.0
1699,2021-03-05 12:30:00,1653.0,1653.0,1653.0,1653.0,25,75,1719.75,1467.8,1727.0
1700,2021-03-05 12:31:00,1653.0,1653.0,1653.0,1653.0,25,75,1719.75,1467.8,1727.0
1701,2021-03-05 12:32:00,1653.0,1653.0,1653.0,1653.0,25,75,1719.75,1467.8,1727.0
1702,2021-03-05 12:33:00,1653.0,1653.0,1653.0,1653.0,25,75,1719.75,1467.8,1727.0
1703,2021-03-05 12:34:00,1653.0,1653.0,1653.0,1653.0,25,75,1719.75,1467.8,1727.0
1704,2021-03-05 12:35:00,1653.0,1653.0,1653.0,1653.0,25,75,1719.75,1467.8,1727.0
1705,2021-03-05 12:36:00,1653.0,1653.0,1653.0,1653.0,25,75,1719.75,1467.8,1727.0
1706,2021-03-05 12:37:00,1653.0,1653.0,1653.0,1653.0,25,75,1719.75,1467.8,1727.0
1707,2021-03-05 12:38:00,1653.0,1653.0,1653.0,1653.0,25,75,1719.75,1467.8,1727.0
1708,2021-03-05 12:39:00,1653.0,1653.0,1653.0,1653.0,25,75,1719.75,1467.8,1727.0
1709,2021-03-05 12:40:00,1653.0,1653.0,1653.0,1653.0,25,75,1719.75,1467.8,1727.0
1710,2021-03-05 12:41:00,1653.0,1653.0,1653.0,1653.0,25,75,1719.75,1467.8,1727.0
1711,2021-03-05 12:42:00,1653.0,1653.0,1653.0,1653.0,25,75,1719.75,1467.8,1727.0
1712,2021-03-05 12:43:00,1653.0,1653.0,1653.0,1653.0,25,75,1719.75,1467.8,1727.0
1713,2021-03-05 12:44:00,1653.0,1653.0,1653.0,1653.0,25,75,1719.75,1467.8,1727.0
1714,2021-03-05 12:45:00,1653.0,1653.0,1653.0,1653.0,25,75,1719.75,1467.8,1727.0
1715,2021-03-05 12:46:00,1653.0,1653.0,1653.0,1653.0,25,75,1719.75,1467.8,1727.0
1716,2021-03-05 12:47:00,1653.0,1653.0,1653.0,1653.0,25,75,1719.75,1467.8,1727.0
1717,2021-03-05 12:48:00,1653.0,1653.0,1653.0,1653.0,25,75,1719.75,1467.8,1727.0
1718,2021-03-05 12:49:00,1653.0,1653.0,1653.0,1653.0,25,75,1719.75,1467.8,1727.0
1719,2021-03-05 12:50:00,1653.0,1653.0,1653.0,1653.0,25,75,1719.75,1467.8,1727.0
1720,2021-03-05 12:51:00,1653.0,1653.0,1653.0,1653.0,25,75,1719.75,1467.8,1727.0
1721,2021-03-05 12:52:00,1653.0,1653.0,1653.0,1653.0,25,75,1719.75,1467.8,1727.0
1722,2021-03-05 12:53:00,1653.0,1653.0,1653.0,1653.0,25,75,1719.75,1467.8,1727.0
1723,2021-03-05 12:54:00,1653.0,1653.0,1653.0,1653.0,25,75,1719.75,1467.8,1727.0
1724,2021-03-05 12:55:00,1653.0,1653.0,1653.0,1653.0,25,75,1719.75,1467.8,1727.0
1725,2021-03-05 12:56:00,1653.0,1653.0,1653.0,1653.0,25,75,1719.75,1467.8,1727.0
1726,2021-03-05 12:57:00,1653.0,1653.0,1653.0,1653.0,25,75,1719.75,1467.8,1727.0
1727,2021-03-05 12:58:00,1653.0,1653.0,1653.0,1653.0,25,75,1719.75,1467.8,1727.0
1728,2021-03-05 12:59:00,1653.0,1653.0,1653.0,1653.0,25,75,1719.75,1467.8,1727.0
1729,2021-03-05 13:00:00,1653.0,1653.0,1653.0,1653.0,25,75,1719.75,1467.8,1727.0
1730,2021-03-05 13:01:00,1653.0,1653.0,1653.0,1653.0,25,75,1719.75,1467.8,1727.0
1731,2021-03-05 13:02:00,1653.0,1653.0,1653.0,1653.0,25,75,1719.75,1467.8,1727.0
1732,2021-03-05 13:03:00,1653.0,1653.0,1653.0,1653.0,25,75,1719.75,1467.8,1727.0
1733,2021-03-05 13:04:00,1653.0,1653.0,1653.0,1653.0,25,75,1719.75,1467.8,1727.0
1734,2021-03-05 13:05:00,1653.0,1653.0,1653.0,1653.0,25,75,1719.75,1467.8,1727.0
1735,2021-03-05 13:06:00,1653.0,1653.0,1653.0,1653.0,25,75,1719.75,1467.8,1727.0
1736,2021-03-05 13:07:00,1653.0,1653.0,1653.0,1653.0,25,75,1719.75,1467.8,1727.0
1737,2021-03-05 13:08:00,1653.0,1653.0,1653.0,1653.0,25,75,1719.75,1467.8,1727.0
1738,2021-03-05 13:09:00,1653.0,1653.0,1653.0,1653.0,25,75,1719.75,1467.8,1727.0
1739,2021-03-05 13:10:00,1653.0,1653.0,1653.0,1653.0,25,75,1719.75,1467.8,1727.0
1740,2021-03-05 13:11:00,1653.0,1653.0,1653.0,1653.0,25,75,1719.75,1467.8,1727.0
1741,2021-03-05 13:12:00,1653.0,1653.0,1653.0,1653.0,25,75,1719.75,1467.8,1727.0
1742,2021-03-05 13:13:00,1653.0,1653.0,1653.0,1653.0,25,75,1719.75,1467.8,1727.0
1743,2021-03-05 13:14:00,1653.0,1653.0,1653.0,1653.0,25,75,1719.75,1467.8,1727.0
1744,2021-03-05 13:15:00,1653.0,1653.0,1653.0,1653.0,25,75,1719.75,1467.8,1727.0
1745,2021-03-05 13:16:00,1653.0,1653.0,1653.0,1653.0,25,75,1719.75,1467.8,1727.0
1746,2021-03-05 13:17:00,1653.0,1653.0,1653.0,1653.0,25,75,1719.75,1467.8,1727.0
1747,2021-03-05 13:18:00,1653.0,1653.0,1653.0,1653.0,25,75,1719.75,1467.8,1727.0
1748,2021-03-05 13:19:00,1653.0,1653.0,1653.0,1653.0,25,75,1719.75,1467.8,1727.0
1749,2021-03-05 13:20:00,1583.8,1583.8,1583.8,1583.8,325,75,1602.04,1544.65,1662.3
1750,2021-03-05 13:21:00,1583.8,1583.8,1583.8,1583.8,325,75,1602.04,1544.65,1662.3
1751,2021-03-05 13:22:00,1583.8,1583.8,1583.8,1583.8,325,75,1602.04,1544.65,1662.3
1752,2021-03-05 13:23:00,1583.8,1583.8,1583.8,1583.8,325,75,1602.04,1544.65,1662.3
1753,2021-03-05 13:24:00,1583.8,1583.8,1583.8,1583.8,325,75,1602.04,1544.65,1662.3
1754,2021-03-05 13:25:00,1583.8,1583.8,1583.8,1583.8,325,75,1602.04,1544.65,1662.3
1755,2021-03-05 13:26:00,1583.8,1583.8,1583.8,1583.8,325,75,1602.04,1544.65,1662.3
1756,2021-03-05 13:27:00,1583.8,1583.8,1583.8,1583.8,325,75,1602.04,1544.65,1662.3
1757,2021-03-05 13:28:00,1583.8,1583.8,1583.8,1583.8,325,75,1602.04,1544.65,1662.3
1758,2021-03-05 13:29:00,1583.8,1583.8,1583.8,1583.8,325,75,1602.04,1544.65,1662.3
1759,2021-03-05 13:30:00,1583.8,1583.8,1583.8,1583.8,325,75,1602.04,1544.65,1662.3
1760,2021-03-05 13:31:00,1583.8,1583.8,1583.8,1583.8,325,75,1602.04,1544.65,1662.3
1761,2021-03-05 13:32:00,1583.8,1583.8,1583.8,1583.8,325,75,1602.04,1544.65,1662.3
1762,2021-03-05 13:33:00,1583.8,1583.8,1583.8,1583.8,325,75,1602.04,1544.65,1662.3
1763,2021-03-05 13:34:00,1583.8,1583.8,1583.8,1583.8,325,75,1602.04,1544.65,1662.3
1764,2021-03-05 13:35:00,1583.8,1583.8,1583.8,1583.8,325,75,1602.04,1544.65,1662.3
1765,2021-03-05 13:36:00,1583.8,1583.8,1583.8,1583.8,325,75,1602.04,1544.65,1662.3
1766,2021-03-05 13:37:00,1583.8,1583.8,1583.8,1583.8,325,75,1602.04,1544.65,1662.3
1767,2021-03-05 13:38:00,1583.8,1583.8,1583.8,1583.8,325,75,1602.04,1544.65,1662.3
1768,2021-03-05 13:39:00,1583.8,1583.8,1583.8,1583.8,325,75,1602.04,1544.65,1662.3
1769,2021-03-05 13:40:00,1583.8,1583.8,1583.8,1583.8,325,75,1602.04,1544.65,1662.3
1770,2021-03-05 13:41:00,1583.8,1583.8,1583.8,1583.8,325,75,1602.04,1544.65,1662.3
1771,2021-03-05 13:42:00,1583.8,1583.8,1583.8,1583.8,325,75,1602.04,1544.65,1662.3
1772,2021-03-05 13:43:00,1583.8,1583.8,1583.8,1583.8,325,75,1602.04,1544.65,1662.3
1773,2021-03-05 13:44:00,1583.8,1583.8,1583.8,1583.8,325,75,1602.04,1544.65,1662.3
1774,2021-03-05 13:45:00,1583.8,1583.8,1583.8,1583.8,325,75,1602.04,1544.65,1662.3
1775,2021-03-05 13:46:00,1583.8,1583.8,1583.8,1583.8,325,75,1602.04,1544.65,1662.3
1776,2021-03-05 13:47:00,1583.8,1583.8,1583.8,1583.8,325,75,1602.04,1544.65,1662.3
1777,2021-03-05 13:48:00,1583.8,1583.8,1583.8,1583.8,325,75,1602.04,1544.65,1662.3
1778,2021-03-05 13:49:00,1583.8,1583.8,1583.8,1583.8,325,75,1602.04,1544.65,1662.3
1779,2021-03-05 13:50:00,1583.8,1583.8,1583.8,1583.8,325,75,1602.04,1544.65,1662.3
1780,2021-03-05 13:51:00,1583.8,1583.8,1583.8,1583.8,325,75,1602.04,1544.65,1662.3
1781,2021-03-05 13:52:00,1583.8,1583.8,1583.8,1583.8,325,75,1602.04,1544.65,1662.3
1782,2021-03-05 13:53:00,1583.8,1583.8,1583.8,1583.8,325,75,1602.04,1544.65,1662.3
1783,2021-03-05 13:54:00,1583.8,1583.8,1583.8,1583.8,325,75,1602.04,1544.65,1662.3
1784,2021-03-05 13:55:00,1583.8,1583.8,1583.8,1583.8,325,75,1602.04,1544.65,1662.3
1785,2021-03-05 13:56:00,1583.8,1583.8,1583.8,1583.8,325,75,1602.04,1544.65,1662.3
1786,2021-03-05 13:57:00,1583.8,1583.8,1583.8,1583.8,325,75,1602.04,1544.65,1662.3
1787,2021-03-05 13:58:00,1583.8,1583.8,1583.8,1583.8,325,75,1602.04,1544.65,1662.3
1788,2021-03-05 13:59:00,1583.8,1583.8,1583.8,1583.8,325,75,1602.04,1544.65,1662.3
1789,2021-03-05 14:00:00,1583.8,1583.8,1583.8,1583.8,325,75,1602.04,1544.65,1662.3
1790,2021-03-05 14:01:00,1583.8,1583.8,1583.8,1583.8,325,75,1602.04,1544.65,1662.3
1791,2021-03-05 14:02:00,1583.8,1583.8,1583.8,1583.8,325,75,1602.04,1544.65,1662.3
1792,2021-03-05 14:03:00,1583.8,1583.8,1583.8,1583.8,325,75,1602.04,1544.65,1662.3
1793,2021-03-05 14:04:00,1583.8,1583.8,1583.8,1583.8,325,75,1602.04,1544.65,1662.3
1794,2021-03-05 14:05:00,1583.8,1583.8,1583.8,1583.8,325,75,1602.04,1544.65,1662.3
1795,2021-03-05 14:06:00,1583.8,1583.8,1583.8,1583.8,325,75,1602.04,1544.65,1662.3
1796,2021-03-05 14:07:00,1583.8,1583.8,1583.8,1583.8,325,75,1602.04,1544.65,1662.3
1797,2021-03-05 14:08:00,1583.8,1583.8,1583.8,1583.8,325,75,1602.04,1544.65,1662.3
1798,2021-03-05 14:09:00,1583.8,1583.8,1583.8,1583.8,325,75,1602.04,1544.65,1662.3
1799,2021-03-05 14:10:00,1583.8,1583.8,1583.8,1583.8,325,75,1602.04,1544.65,1662.3
1800,2021-03-05 14:11:00,1583.8,1583.8,1583.8,1583.8,325,75,1602.04,1544.65,1662.3
1801,2021-03-05 14:12:00,1583.8,1583.8,1583.8,1583.8,325,75,1602.04,1544.65,1662.3
1802,2021-03-05 14:13:00,1583.8,1583.8,1583.8,1583.8,325,75,1602.04,1544.65,1662.3
1803,2021-03-05 14:14:00,1583.8,1583.8,1583.8,1583.8,325,75,1602.04,1544.65,1662.3
1804,2021-03-05 14:15:00,1583.8,1583.8,1583.8,1583.8,325,75,1602.04,1544.65,1662.3
1805,2021-03-05 14:16:00,1583.8,1583.8,1583.8,1583.8,325,75,1602.04,1544.65,1662.3
1806,2021-03-05 14:17:00,1583.8,1583.8,1583.8,1583.8,325,75,1602.04,1544.65,1662.3
1807,2021-03-05 14:18:00,1583.8,1583.8,1583.8,1583.8,325,75,1602.04,1544.65,1662.3
1808,2021-03-05 14:19:00,1583.8,1583.8,1583.8,1583.8,325,75,1602.04,1544.65,1662.3
1809,2021-03-05 14:20:00,1583.8,1583.8,1583.8,1583.8,325,75,1602.04,1544.65,1662.3
1810,2021-03-05 14:21:00,1583.8,1583.8,1583.8,1583.8,325,75,1602.04,1544.65,1662.3
1811,2021-03-05 14:22:00,1583.8,1583.8,1583.8,1583.8,325,75,1602.04,1544.65,1662.3
1812,2021-03-05 14:23:00,1583.8,1583.8,1583.8,1583.8,325,75,1602.04,1544.65,1662.3
1813,2021-03-05 14:24:00,1583.8,1583.8,1583.8,1583.8,325,75,1602.04,1544.65,1662.3
1814,2021-03-05 14:25:00,1583.8,1583.8,1583.8,1583.8,325,75,1602.04,1544.65,1662.3
1815,2021-03-05 14:26:00,1583.8,1583.8,1583.8,1583.8,325,75,1602.04,1544.65,1662.3
1816,2021-03-05 14:27:00,1583.8,1583.8,1583.8,1583.8,325,75,1602.04,1544.65,1662.3
1817,2021-03-05 14:28:00,1583.8,1583.8,1583.8,1583.8,325,75,1602.04,1544.65,1662.3
1818,2021-03-05 14:29:00,1583.8,1583.8,1583.8,1583.8,325,75,1602.04,1544.65,1662.3
1819,2021-03-05 14:30:00,1583.8,1583.8,1583.8,1583.8,325,75,1602.04,1544.65,1662.3
1820,2021-03-05 14:31:00,1583.8,1583.8,1583.8,1583.8,325,75,1602.04,1544.65,1662.3
1821,2021-03-05 14:32:00,1583.8,1583.8,1583.8,1583.8,325,75,1602.04,1544.65,1662.3
1822,2021-03-05 14:33:00,1583.8,1583.8,1583.8,1583.8,325,75,1602.04,1544.65,1662.3
1823,2021-03-05 14:34:00,1583.8,1583.8,1583.8,1583.8,325,75,1602.04,1544.65,1662.3
1824,2021-03-05 14:35:00,1583.8,1583.8,1583.8,1583.8,325,75,1602.04,1544.65,1662.3
1825,2021-03-05 14:36:00,1583.8,1583.8,1583.8,1583.8,325,75,1602.04,1544.65,1662.3
1826,2021-03-05 14:37:00,1583.8,1583.8,1583.8,1583.8,325,75,1602.04,1544.65,1662.3
1827,2021-03-05 14:38:00,1583.8,1583.8,1583.8,1583.8,325,75,1602.04,1544.65,1662.3
1828,2021-03-05 14:39:00,1583.8,1583.8,1583.8,1583.8,325,75,1602.04,1544.65,1662.3
1829,2021-03-05 14:40:00,1583.8,1583.8,1583.8,1583.8,325,75,1602.04,1544.65,1662.3
1830,2021-03-05 14:41:00,1583.8,1583.8,1583.8,1583.8,325,75,1602.04,1544.65,1662.3
1831,2021-03-05 14:42:00,1583.8,1583.8,1583.8,1583.8,325,75,1602.04,1544.65,1662.3
1832,2021-03-05 14:43:00,1583.8,1583.8,1583.8,1583.8,325,75,1602.04,1544.65,1662.3
1833,2021-03-05 14:44:00,1583.8,1583.8,1583.8,1583.8,325,75,1602.04,1544.65,1662.3
1834,2021-03-05 14:45:00,1583.8,1583.8,1583.8,1583.8,325,75,1602.04,1544.65,1662.3
1835,2021-03-05 14:46:00,1583.8,1583.8,1583.8,1583.8,325,75,1602.04,1544.65,1662.3
1836,2021-03-05 14:47:00,1583.8,1583.8,1583.8,1583.8,325,75,1602.04,1544.65,1662.3
1837,2021-03-05 14:48:00,1583.8,1583.8,1583.8,1583.8,325,75,1602.04,1544.65,1662.3
1838,2021-03-05 14:49:00,1583.8,1583.8,1583.8,1583.8,325,75,1602.04,1544.65,1662.3
1839,2021-03-05 14:50:00,1583.8,1583.8,1583.8,1583.8,325,75,1602.04,1544.65,1662.3
1840,2021-03-05 14:51:00,1583.8,1583.8,1583.8,1583.8,325,75,1602.04,1544.65,1662.3
1841,2021-03-05 14:52:00,1583.8,1583.8,1583.8,1583.8,325,75,1602.04,1544.65,1662.3
1842,2021-03-05 14:53:00,1583.8,1583.8,1583.8,1583.8,325,75,1602.04,1544.65,1662.3
1843,2021-03-05 14:54:00,1583.8,1583.8,1583.8,1583.8,325,75,1602.04,1544.65,1662.3
1844,2021-03-05 14:55:00,1583.8,1583.8,1583.8,1583.8,325,75,1602.04,1544.65,1662.3
1845,2021-03-05 14:56:00,1583.8,1583.8,1583.8,1583.8,325,75,1602.04,1544.65,1662.3
1846,2021-03-05 14:57:00,1583.8,1583.8,1583.8,1583.8,325,75,1602.04,1544.65,1662.3
1847,2021-03-05 14:58:00,1583.8,1583.8,1583.8,1583.8,325,75,1602.04,1544.65,1662.3
1848,2021-03-05 14:59:00,1583.8,1583.8,1583.8,1583.8,325,75,1602.04,1544.65,1662.3
1849,2021-03-05 15:00:00,1583.8,1583.8,1583.8,1583.8,325,75,1602.04,1544.65,1662.3
1850,2021-03-05 15:01:00,1583.8,1583.8,1583.8,1583.8,325,75,1602.04,1544.65,1662.3
1851,2021-03-05 15:02:00,1583.8,1583.8,1583.8,1583.8,325,75,1602.04,1544.65,1662.3
1852,2021-03-05 15:03:00,1583.8,1583.8,1583.8,1583.8,325,75,1602.04,1544.65,1662.3
1853,2021-03-05 15:04:00,1583.8,1583.8,1583.8,1583.8,325,75,1602.04,1544.65,1662.3
1854,2021-03-05 15:05:00,1583.8,1583.8,1583.8,1583.8,325,75,1602.04,1544.65,1662.3
1855,2021-03-05 15:06:00,1583.8,1583.8,1583.8,1583.8,325,75,1602.04,1544.65,1662.3
1856,2021-03-05 15:07:00,1583.8,1583.8,1583.8,1583.8,325,75,1602.04,1544.65,1662.3
1857,2021-03-05 15:08:00,1583.8,1583.8,1583.8,1583.8,325,75,1602.04,1544.65,1662.3
1858,2021-03-05 15:09:00,1583.8,1583.8,1583.8,1583.8,325,75,1602.04,1544.65,1662.3
1859,2021-03-05 15:10:00,1583.8,1583.8,1583.8,1583.8,325,75,1602.04,1544.65,1662.3
1860,2021-03-05 15:11:00,1583.8,1583.8,1583.8,1583.8,325,75,1602.04,1544.65,1662.3
1861,2021-03-05 15:12:00,1583.8,1583.8,1583.8,1583.8,325,75,1602.04,1544.65,1662.3
1862,2021-03-05 15:13:00,1583.8,1583.8,1583.8,1583.8,325,75,1602.04,1544.65,1662.3
1863,2021-03-05 15:14:00,1583.8,1583.8,1583.8,1583.8,325,75,1602.04,1544.65,1662.3
1864,2021-03-05 15:15:00,1583.8,1583.8,1583.8,1583.8,325,75,1602.04,1544.65,1662.3
1865,2021-03-05 15:16:00,1583.8,1583.8,1583.8,1583.8,325,75,1602.04,1544.65,1662.3
1866,2021-03-05 15:17:00,1583.8,1583.8,1583.8,1583.8,325,75,1602.04,1544.65,1662.3
1867,2021-03-05 15:18:00,1583.8,1583.8,1583.8,1583.8,325,75,1602.04,1544.65,1662.3
1868,2021-03-05 15:19:00,1583.8,1583.8,1583.8,1583.8,325,75,1602.04,1544.65,1662.3
1869,2021-03-05 15:20:00,1583.8,1583.8,1583.8,1583.8,325,75,1602.04,1544.65,1662.3
1870,2021-03-05 15:21:00,1583.8,1583.8,1583.8,1583.8,325,75,1602.04,1544.65,1662.3
1871,2021-03-05 15:22:00,1583.8,1583.8,1583.8,1583.8,325,75,1602.04,1544.65,1662.3
1872,2021-03-05 15:23:00,1583.8,1583.8,1583.8,1583.8,325,75,1602.04,1544.65,1662.3
1873,2021-03-05 15:24:00,1583.8,1583.8,1583.8,1583.8,325,75,1602.04,1544.65,1662.3
1874,2021-03-05 15:25:00,1583.8,1583.8,1583.8,1583.8,325,75,1602.04,1544.65,1662.3
1875,2021-03-05 15:26:00,1583.8,1583.8,1583.8,1583.8,325,75,1602.04,1544.65,1662.3
1876,2021-03-05 15:27:00,1583.8,1583.8,1583.8,1583.8,325,75,1602.04,1544.65,1662.3
1877,2021-03-05 15:28:00,1583.8,1583.8,1583.8,1583.8,325,75,1602.04,1544.65,1662.3
1878,2021-03-05 15:29:00,1583.8,1583.8,1583.8,1583.8,325,75,1602.04,1544.65,1662.3
1879,2021-03-05 15:30:00,1583.8,1583.8,1583.8,1583.8,325,75,1602.04,1544.65,1662.3
1880,2021-03-06 09:15:00,1583.8,1583.8,1583.8,1583.8,325,75,1602.04,1544.65,1662.3
1881,2021-03-06 09:16:00,1583.8,1583.8,1583.8,1583.8,325,75,1602.04,1544.65,1662.3
1882,2021-03-06 09:17:00,1583.8,1583.8,1583.8,1583.8,325,75,1602.04,1544.65,1662.3
1883,2021-03-06 09:18:00,1583.8,1583.8,1583.8,1583.8,325,75,1602.04,1544.65,1662.3
1884,2021-03-06 09:19:00,1583.8,1583.8,1583.8,1583.8,325,75,1602.04,1544.65,1662.3
1885,2021-03-06 09:20:00,1583.8,1583.8,1583.8,1583.8,325,75,1602.04,1544.65,1662.3
1886,2021-03-06 09:21:00,1583.8,1583.8,1583.8,1583.8,325,75,1602.04,1544.65,1662.3
1887,2021-03-06 09:22:00,1583.8,1583.8,1583.8,1583.8,325,75,1602.04,1544.65,1662.3
1888,2021-03-06 09:23:00,1583.8,1583.8,1583.8,1583.8,325,75,1602.04,1544.65,1662.3
1889,2021-03-06 09:24:00,1583.8,1583.8,1583.8,1583.8,325,75,1602.04,1544.65,1662.3
1890,2021-03-06 09:25:00,1583.8,1583.8,1583.8,1583.8,325,75,1602.04,1544.65,1662.3
1891,2021-03-06 09:26:00,1583.8,1583.8,1583.8,1583.8,325,75,1602.04,1544.65,1662.3
1892,2021-03-06 09:27:00,1583.8,1583.8,1583.8,1583.8,325,75,1602.04,1544.65,1662.3
1893,2021-03-06 09:28:00,1583.8,1583.8,1583.8,1583.8,325,75,1602.04,1544.65,1662.3
1894,2021-03-06 09:29:00,1583.8,1583.8,1583.8,1583.8,325,75,1602.04,1544.65,1662.3
1895,2021-03-06 09:30:00,1583.8,1583.8,1583.8,1583.8,325,75,1602.04,1544.65,1662.3
1896,2021-03-06 09:31:00,1583.8,1583.8,1583.8,1583.8,325,75,1602.04,1544.65,1662.3
1897,2021-03-06 09:32:00,1583.8,1583.8,1583.8,1583.8,325,75,1602.04,1544.65,1662.3
1898,2021-03-06 09:33:00,1583.8,1583.8,1583.8,1583.8,325,75,1602.04,1544.65,1662.3
1899,2021-03-06 09:34:00,1583.8,1583.8,1583.8,1583.8,325,75,1602.04,1544.65,1662.3
1900,2021-03-06 09:35:00,1583.8,1583.8,1583.8,1583.8,325,75,1602.04,1544.65,1662.3
1901,2021-03-06 09:36:00,1583.8,1583.8,1583.8,1583.8,325,75,1602.04,1544.65,1662.3
1902,2021-03-06 09:37:00,1583.8,1583.8,1583.8,1583.8,325,75,1602.04,1544.65,1662.3
1903,2021-03-06 09:38:00,1583.8,1583.8,1583.8,1583.8,325,75,1602.04,1544.65,1662.3
1904,2021-03-06 09:39:00,1583.8,1583.8,1583.8,1583.8,325,75,1602.04,1544.65,1662.3
1905,2021-03-06 09:40:00,1583.8,1583.8,1583.8,1583.8,325,75,1602.04,1544.65,1662.3
1906,2021-03-06 09:41:00,1583.8,1583.8,1583.8,1583.8,325,75,1602.04,1544.65,1662.3
1907,2021-03-06 09:42:00,1583.8,1583.8,1583.8,1583.8,325,75,1602.04,1544.65,1662.3
1908,2021-03-06 09:43:00,1583.8,1583.8,1583.8,1583.8,325,75,1602.04,1544.65,1662.3
1909,2021-03-06 09:44:00,1583.8,1583.8,1583.8,1583.8,325,75,1602.04,1544.65,1662.3
1910,2021-03-06 09:45:00,1583.8,1583.8,1583.8,1583.8,325,75,1602.04,1544.65,1662.3
1911,2021-03-06 09:46:00,1583.8,1583.8,1583.8,1583.8,325,75,1602.04,1544.65,1662.3
1912,2021-03-06 09:47:00,1583.8,1583.8,1583.8,1583.8,325,75,1602.04,1544.65,1662.3
1913,2021-03-06 09:48:00,1583.8,1583.8,1583.8,1583.8,325,75,1602.04,1544.65,1662.3
1914,2021-03-06 09:49:00,1583.8,1583.8,1583.8,1583.8,325,75,1602.04,1544.65,1662.3
1915,2021-03-06 09:50:00,1583.8,1583.8,1583.8,1583.8,325,75,1602.04,1544.65,1662.3
1916,2021-03-06 09:51:00,1583.8,1583.8,1583.8,1583.8,325,75,1602.04,1544.65,1662.3
1917,2021-03-06 09:52:00,1583.8,1583.8,1583.8,1583.8,325,75,1602.04,1544.65,1662.3
1918,2021-03-06 09:53:00,1583.8,1583.8,1583.8,1583.8,325,75,1602.04,1544.65,1662.3
1919,2021-03-06 09:54:00,1583.8,1583.8,1583.8,1583.8,325,75,1602.04,1544.65,1662.3
1920,2021-03-06 09:55:00,1583.8,1583.8,1583.8,1583.8,325,75,1602.04,1544.65,1662.3
1921,2021-03-06 09:56:00,1583.8,1583.8,1583.8,1583.8,325,75,1602.04,1544.65,1662.3
1922,2021-03-06 09:57:00,1583.8,1583.8,1583.8,1583.8,325,75,1602.04,1544.65,1662.3
1923,2021-03-06 09:58:00,1583.8,1583.8,1583.8,1583.8,325,75,1602.04,1544.65,1662.3
1924,2021-03-06 09:59:00,1583.8,1583.8,1583.8,1583.8,325,75,1602.04,1544.65,1662.3
1925,2021-03-06 10:00:00,1583.8,1583.8,1583.8,1583.8,325,75,1602.04,1544.65,1662.3
1926,2021-03-06 10:01:00,1583.8,1583.8,1583.8,1583.8,325,75,1602.04,1544.65,1662.3
1927,2021-03-06 10:02:00,1583.8,1583.8,1583.8,1583.8,325,75,1602.04,1544.65,1662.3
1928,2021-03-06 10:03:00,1583.8,1583.8,1583.8,1583.8,325,75,1602.04,1544.65,1662.3
1929,2021-03-06 10:04:00,1583.8,1583.8,1583.8,1583.8,325,75,1602.04,1544.65,1662.3
1930,2021-03-06 10:05:00,1583.8,1583.8,1583.8,1583.8,325,75,1602.04,1544.65,1662.3
1931,2021-03-06 10:06:00,1583.8,1583.8,1583.8,1583.8,325,75,1602.04,1544.65,1662.3
1932,2021-03-06 10:07:00,1583.8,1583.8,1583.8,1583.8,325,75,1602.04,1544.65,1662.3
1933,2021-03-06 10:08:00,1583.8,1583.8,1583.8,1583.8,325,75,1602.04,1544.65,1662.3
1934,2021-03-06 10:09:00,1583.8,1583.8,1583.8,1583.8,325,75,1602.04,1544.65,1662.3
1935,2021-03-06 10:10:00,1583.8,1583.8,1583.8,1583.8,325,75,1602.04,1544.65,1662.3
1936,2021-03-06 10:11:00,1583.8,1583.8,1583.8,1583.8,325,75,1602.04,1544.65,1662.3
1937,2021-03-06 10:12:00,1583.8,1583.8,1583.8,1583.8,325,75,1602.04,1544.65,1662.3
1938,2021-03-06 10:13:00,1583.8,1583.8,1583.8,1583.8,325,75,1602.04,1544.65,1662.3
1939,2021-03-06 10:14:00,1583.8,1583.8,1583.8,1583.8,325,75,1602.04,1544.65,1662.3
1940,2021-03-06 10:15:00,1583.8,1583.8,1583.8,1583.8,325,75,1602.04,1544.65,1662.3
1941,2021-03-06 10:16:00,1583.8,1583.8,1583.8,1583.8,325,75,1602.04,1544.65,1662.3
1942,2021-03-06 10:17:00,1583.8,1583.8,1583.8,1583.8,325,75,1602.04,1544.65,1662.3
1943,2021-03-06 10:18:00,1583.8,1583.8,1583.8,1583.8,325,75,1602.04,1544.65,1662.3
1944,2021-03-06 10:19:00,1583.8,1583.8,1583.8,1583.8,325,75,1602.04,1544.65,1662.3
1945,2021-03-06 10:20:00,1583.8,1583.8,1583.8,1583.8,325,75,1602.04,1544.65,1662.3
1946,2021-03-06 10:21:00,1583.8,1583.8,1583.8,1583.8,325,75,1602.04,1544.65,1662.3
1947,2021-03-06 10:22:00,1583.8,1583.8,1583.8,1583.8,325,75,1602.04,1544.65,1662.3
1948,2021-03-06 10:23:00,1583.8,1583.8,1583.8,1583.8,325,75,1602.04,1544.65,1662.3
1949,2021-03-06 10:24:00,1583.8,1583.8,1583.8,1583.8,325,75,1602.04,1544.65,1662.3
1950,2021-03-06 10:25:00,1583.8,1583.8,1583.8,1583.8,325,75,1602.04,1544.65,1662.3
1951,2021-03-06 10:26:00,1583.8,1583.8,1583.8,1583.8,325,75,1602.04,1544.65,1662.3
1952,2021-03-06 10:27:00,1583.8,1583.8,1583.8,1583.8,325,75,1602.04,1544.65,1662.3
1953,2021-03-06 10:28:00,1583.8,1583.8,1583.8,1583.8,325,75,1602.04,1544.65,1662.3
1954,2021-03-06 10:29:00,1583.8,1583.8,1583.8,1583.8,325,75,1602.04,1544.65,1662.3
1955,2021-03-06 10:30:00,1583.8,1583.8,1583.8,1583.8,325,75,1602.04,1544.65,1662.3
1956,2021-03-06 10:31:00,1583.8,1583.8,1583.8,1583.8,325,75,1602.04,1544.65,1662.3
1957,2021-03-06 10:32:00,1583.8,1583.8,1583.8,1583.8,325,75,1602.04,1544.65,1662.3
1958,2021-03-06 10:33:00,1583.8,1583.8,1583.8,1583.8,325,75,1602.04,1544.65,1662.3
1959,2021-03-06 10:34:00,1583.8,1583.8,1583.8,1583.8,325,75,1602.04,1544.65,1662.3
1960,2021-03-06 10:35:00,1583.8,1583.8,1583.8,1583.8,325,75,1602.04,1544.65,1662.3
1961,2021-03-06 10:36:00,1583.8,1583.8,1583.8,1583.8,325,75,1602.04,1544.65,1662.3
1962,2021-03-06 10:37:00,1583.8,1583.8,1583.8,1583.8,325,75,1602.04,1544.65,1662.3
1963,2021-03-06 10:38:00,1583.8,1583.8,1583.8,1583.8,325,75,1602.04,1544.65,1662.3
1964,2021-03-06 10:39:00,1583.8,1583.8,1583.8,1583.8,325,75,1602.04,1544.65,1662.3
1965,2021-03-06 10:40:00,1583.8,1583.8,1583.8,1583.8,325,75,1602.04,1544.65,1662.3
1966,2021-03-06 10:41:00,1583.8,1583.8,1583.8,1583.8,325,75,1602.04,1544.65,1662.3
1967,2021-03-06 10:42:00,1583.8,1583.8,1583.8,1583.8,325,75,1602.04,1544.65,1662.3
1968,2021-03-06 10:43:00,1583.8,1583.8,1583.8,1583.8,325,75,1602.04,1544.65,1662.3
1969,2021-03-06 10:44:00,1583.8,1583.8,1583.8,1583.8,325,75,1602.04,1544.65,1662.3
1970,2021-03-06 10:45:00,1583.8,1583.8,1583.8,1583.8,325,75,1602.04,1544.65,1662.3
1971,2021-03-06 10:46:00,1583.8,1583.8,1583.8,1583.8,325,75,1602.04,1544.65,1662.3
1972,2021-03-06 10:47:00,1583.8,1583.8,1583.8,1583.8,325,75,1602.04,1544.65,1662.3
1973,2021-03-06 10:48:00,1583.8,1583.8,1583.8,1583.8,325,75,1602.04,1544.65,1662.3
1974,2021-03-06 10:49:00,1583.8,1583.8,1583.8,1583.8,325,75,1602.04,1544.65,1662.3
1975,2021-03-06 10:50:00,1583.8,1583.8,1583.8,1583.8,325,75,1602.04,1544.65,1662.3
1976,2021-03-06 10:51:00,1583.8,1583.8,1583.8,1583.8,325,75,1602.04,1544.65,1662.3
1977,2021-03-06 10:52:00,1583.8,1583.8,1583.8,1583.8,325,75,1602.04,1544.65,1662.3
1978,2021-03-06 10:53:00,1583.8,1583.8,1583.8,1583.8,325,75,1602.04,1544.65,1662.3
1979,2021-03-06 10:54:00,1583.8,1583.8,1583.8,1583.8,325,75,1602.04,1544.65,1662.3
1980,2021-03-06 10:55:00,1583.8,1583.8,1583.8,1583.8,325,75,1602.04,1544.65,1662.3
1981,2021-03-06 10:56:00,1583.8,1583.8,1583.8,1583.8,325,75,1602.04,1544.65,1662.3
1982,2021-03-06 10:57:00,1583.8,1583.8,1583.8,1583.8,325,75,1602.04,1544.65,1662.3
1983,2021-03-06 10:58:00,1583.8,1583.8,1583.8,1583.8,325,75,1602.04,1544.65,1662.3
1984,2021-03-06 10:59:00,1583.8,1583.8,1583.8,1583.8,325,75,1602.04,1544.65,1662.3
1985,2021-03-06 11:00:00,1583.8,1583.8,1583.8,1583.8,325,75,1602.04,1544.65,1662.3
1986,2021-03-06 11:01:00,1583.8,1583.8,1583.8,1583.8,325,75,1602.04,1544.65,1662.3
1987,2021-03-06 11:02:00,1583.8,1583.8,1583.8,1583.8,325,75,1602.04,1544.65,1662.3
1988,2021-03-06 11:03:00,1583.8,1583.8,1583.8,1583.8,325,75,1602.04,1544.65,1662.3
1989,2021-03-06 11:04:00,1583.8,1583.8,1583.8,1583.8,325,75,1602.04,1544.65,1662.3
1990,2021-03-06 11:05:00,1583.8,1583.8,1583.8,1583.8,325,75,1602.04,1544.65,1662.3
1991,2021-03-06 11:06:00,1583.8,1583.8,1583.8,1583.8,325,75,1602.04,1544.65,1662.3
1992,2021-03-06 11:07:00,1583.8,1583.8,1583.8,1583.8,325,75,1602.04,1544.65,1662.3
1993,2021-03-06 11:08:00,1583.8,1583.8,1583.8,1583.8,325,75,1602.04,1544.65,1662.3
1994,2021-03-06 11:09:00,1583.8,1583.8,1583.8,1583.8,325,75,1602.04,1544.65,1662.3
1995,2021-03-06 11:10:00,1583.8,1583.8,1583.8,1583.8,325,75,1602.04,1544.65,1662.3
1996,2021-03-06 11:11:00,1583.8,1583.8,1583.8,1583.8,325,75,1602.04,1544.65,1662.3
1997,2021-03-06 11:12:00,1583.8,1583.8,1583.8,1583.8,325,75,1602.04,1544.65,1662.3
1998,2021-03-06 11:13:00,1583.8,1583.8,1583.8,1583.8,325,75,1602.04,1544.65,1662.3
1999,2021-03-06 11:14:00,1583.8,1583.8,1583.8,1583.8,325,75,1602.04,1544.65,1662.3
2000,2021-03-06 11:15:00,1583.8,1583.8,1583.8,1583.8,325,75,1602.04,1544.65,1662.3
2001,2021-03-06 11:16:00,1583.8,1583.8,1583.8,1583.8,325,75,1602.04,1544.65,1662.3
2002,2021-03-06 11:17:00,1583.8,1583.8,1583.8,1583.8,325,75,1602.04,1544.65,1662.3
2003,2021-03-06 11:18:00,1583.8,1583.8,1583.8,1583.8,325,75,1602.04,1544.65,1662.3
2004,2021-03-06 11:19:00,1583.8,1583.8,1583.8,1583.8,325,75,1602.04,1544.65,1662.3
2005,2021-03-06 11:20:00,1583.8,1583.8,1583.8,1583.8,325,75,1602.04,1544.65,1662.3
2006,2021-03-06 11:21:00,1583.8,1583.8,1583.8,1583.8,325,75,1602.04,1544.65,1662.3
2007,2021-03-06 11:22:00,1583.8,1583.8,1583.8,1583.8,325,75,1602.04,1544.65,1662.3
2008,2021-03-06 11:23:00,1583.8,1583.8,1583.8,1583.8,325,75,1602.04,1544.65,1662.3
2009,2021-03-06 11:24:00,1583.8,1583.8,1583.8,1583.8,325,75,1602.04,1544.65,1662.3
2010,2021-03-06 11:25:00,1583.8,1583.8,1583.8,1583.8,325,75,1602.04,1544.65,1662.3
2011,2021-03-06 11:26:00,1583.8,1583.8,1583.8,1583.8,325,75,1602.04,1544.65,1662.3
2012,2021-03-06 11:27:00,1583.8,1583.8,1583.8,1583.8,325,75,1602.04,1544.65,1662.3
2013,2021-03-06 11:28:00,1583.8,1583.8,1583.8,1583.8,325,75,1602.04,1544.65,1662.3
2014,2021-03-06 11:29:00,1583.8,1583.8,1583.8,1583.8,325,75,1602.04,1544.65,1662.3
2015,2021-03-06 11:30:00,1583.8,1583.8,1583.8,1583.8,325,75,1602.04,1544.65,1662.3
2016,2021-03-06 11:31:00,1583.8,1583.8,1583.8,1583.8,325,75,1602.04,1544.65,1662.3
2017,2021-03-06 11:32:00,1583.8,1583.8,1583.8,1583.8,325,75,1602.04,1544.65,1662.3
2018,2021-03-06 11:33:00,1583.8,1583.8,1583.8,1583.8,325,75,1602.04,1544.65,1662.3
2019,2021-03-06 11:34:00,1583.8,1583.8,1583.8,1583.8,325,75,1602.04,1544.65,1662.3
2020,2021-03-06 11:35:00,1583.8,1583.8,1583.8,1583.8,325,75,1602.04,1544.65,1662.3
2021,2021-03-06 11:36:00,1583.8,1583.8,1583.8,1583.8,325,75,1602.04,1544.65,1662.3
2022,2021-03-06 11:37:00,1583.8,1583.8,1583.8,1583.8,325,75,1602.04,1544.65,1662.3
2023,2021-03-06 11:38:00,1583.8,1583.8,1583.8,1583.8,325,75,1602.04,1544.65,1662.3
2024,2021-03-06 11:39:00,1583.8,1583.8,1583.8,1583.8,325,75,1602.04,1544.65,1662.3
2025,2021-03-06 11:40:00,1583.8,1583.8,1583.8,1583.8,325,75,1602.04,1544.65,1662.3
2026,2021-03-06 11:41:00,1583.8,1583.8,1583.8,1583.8,325,75,1602.04,1544.65,1662.3
2027,2021-03-06 11:42:00,1583.8,1583.8,1583.8,1583.8,325,75,1602.04,1544.65,1662.3
2028,2021-03-06 11:43:00,1583.8,1583.8,1583.8,1583.8,325,75,1602.04,1544.65,1662.3
2029,2021-03-06 11:44:00,1583.8,1583.8,1583.8,1583.8,325,75,1602.04,1544.65,1662.3
2030,2021-03-06 11:45:00,1583.8,1583.8,1583.8,1583.8,325,75,1602.04,1544.65,1662.3
2031,2021-03-06 11:46:00,1583.8,1583.8,1583.8,1583.8,325,75,1602.04,1544.65,1662.3
2032,2021-03-06 11:47:00,1583.8,1583.8,1583.8,1583.8,325,75,1602.04,1544.65,1662.3
2033,2021-03-06 11:48:00,1583.8,1583.8,1583.8,1583.8,325,75,1602.04,1544.65,1662.3
2034,2021-03-06 11:49:00,1583.8,1583.8,1583.8,1583.8,325,75,1602.04,1544.65,1662.3
2035,2021-03-06 11:50:00,1583.8,1583.8,1583.8,1583.8,325,75,1602.04,1544.65,1662.3
2036,2021-03-06 11:51:00,1583.8,1583.8,1583.8,1583.8,325,75,1602.04,1544.65,1662.3
2037,2021-03-06 11:52:00,1583.8,1583.8,1583.8,1583.8,325,75,1602.04,1544.65,1662.3
2038,2021-03-06 11:53:00,1583.8,1583.8,1583.8,1583.8,325,75,1602.04,1544.65,1662.3
2039,2021-03-06 11:54:00,1583.8,1583.8,1583.8,1583.8,325,75,1602.04,1544.65,1662.3
2040,2021-03-06 11:55:00,1583.8,1583.8,1583.8,1583.8,325,75,1602.04,1544.65,1662.3
2041,2021-03-06 11:56:00,1583.8,1583.8,1583.8,1583.8,325,75,1602.04,1544.65,1662.3
2042,2021-03-06 11:57:00,1583.8,1583.8,1583.8,1583.8,325,75,1602.04,1544.65,1662.3
2043,2021-03-06 11:58:00,1583.8,1583.8,1583.8,1583.8,325,75,1602.04,1544.65,1662.3
2044,2021-03-06 11:59:00,1583.8,1583.8,1583.8,1583.8,325,75,1602.04,1544.65,1662.3
2045,2021-03-06 12:00:00,1583.8,1583.8,1583.8,1583.8,325,75,1602.04,1544.65,1662.3
2046,2021-03-06 12:01:00,1583.8,1583.8,1583.8,1583.8,325,75,1602.04,1544.65,1662.3
2047,2021-03-06 12:02:00,1583.8,1583.8,1583.8,1583.8,325,75,1602.04,1544.65,1662.3
2048,2021-03-06 12:03:00,1583.8,1583.8,1583.8,1583.8,325,75,1602.04,1544.65,1662.3
2049,2021-03-06 12:04:00,1583.8,1583.8,1583.8,1583.8,325,75,1602.04,1544.65,1662.3
2050,2021-03-06 12:05:00,1583.8,1583.8,1583.8,1583.8,325,75,1602.04,1544.65,1662.3
2051,2021-03-06 12:06:00,1583.8,1583.8,1583.8,1583.8,325,75,1602.04,1544.65,1662.3
2052,2021-03-06 12:07:00,1583.8,1583.8,1583.8,1583.8,325,75,1602.04,1544.65,1662.3
2053,2021-03-06 12:08:00,1583.8,1583.8,1583.8,1583.8,325,75,1602.04,1544.65,1662.3
2054,2021-03-06 12:09:00,1583.8,1583.8,1583.8,1583.8,325,75,1602.04,1544.65,1662.3
2055,2021-03-06 12:10:00,1583.8,1583.8,1583.8,1583.8,325,75,1602.04,1544.65,1662.3
2056,2021-03-06 12:11:00,1583.8,1583.8,1583.8,1583.8,325,75,1602.04,1544.65,1662.3
2057,2021-03-06 12:12:00,1583.8,1583.8,1583.8,1583.8,325,75,1602.04,1544.65,1662.3
2058,2021-03-06 12:13:00,1583.8,1583.8,1583.8,1583.8,325,75,1602.04,1544.65,1662.3
2059,2021-03-06 12:14:00,1583.8,1583.8,1583.8,1583.8,325,75,1602.04,1544.65,1662.3
2060,2021-03-06 12:15:00,1583.8,1583.8,1583.8,1583.8,325,75,1602.04,1544.65,1662.3
2061,2021-03-06 12:16:00,1583.8,1583.8,1583.8,1583.8,325,75,1602.04,1544.65,1662.3
2062,2021-03-06 12:17:00,1583.8,1583.8,1583.8,1583.8,325,75,1602.04,1544.65,1662.3
2063,2021-03-06 12:18:00,1583.8,1583.8,1583.8,1583.8,325,75,1602.04,1544.65,1662.3
2064,2021-03-06 12:19:00,1583.8,1583.8,1583.8,1583.8,325,75,1602.04,1544.65,1662.3
2065,2021-03-06 12:20:00,1583.8,1583.8,1583.8,1583.8,325,75,1602.04,1544.65,1662.3
2066,2021-03-06 12:21:00,1583.8,1583.8,1583.8,1583.8,325,75,1602.04,1544.65,1662.3
2067,2021-03-06 12:22:00,1583.8,1583.8,1583.8,1583.8,325,75,1602.04,1544.65,1662.3
2068,2021-03-06 12:23:00,1583.8,1583.8,1583.8,1583.8,325,75,1602.04,1544.65,1662.3
2069,2021-03-06 12:24:00,1583.8,1583.8,1583.8,1583.8,325,75,1602.04,1544.65,1662.3
2070,2021-03-06 12:25:00,1583.8,1583.8,1583.8,1583.8,325,75,1602.04,1544.65,1662.3
2071,2021-03-06 12:26:00,1583.8,1583.8,1583.8,1583.8,325,75,1602.04,1544.65,1662.3
2072,2021-03-06 12:27:00,1583.8,1583.8,1583.8,1583.8,325,75,1602.04,1544.65,1662.3
2073,2021-03-06 12:28:00,1583.8,1583.8,1583.8,1583.8,325,75,1602.04,1544.65,1662.3
2074,2021-03-06 12:29:00,1583.8,1583.8,1583.8,1583.8,325,75,1602.04,1544.65,1662.3
2075,2021-03-06 12:30:00,1583.8,1583.8,1583.8,1583.8,325,75,1602.04,1544.65,1662.3
2076,2021-03-06 12:31:00,1583.8,1583.8,1583.8,1583.8,325,75,1602.04,1544.65,1662.3
2077,2021-03-06 12:32:00,1583.8,1583.8,1583.8,1583.8,325,75,1602.04,1544.65,1662.3
2078,2021-03-06 12:33:00,1583.8,1583.8,1583.8,1583.8,325,75,1602.04,1544.65,1662.3
2079,2021-03-06 12:34:00,1583.8,1583.8,1583.8,1583.8,325,75,1602.04,1544.65,1662.3
2080,2021-03-06 12:35:00,1583.8,1583.8,1583.8,1583.8,325,75,1602.04,1544.65,1662.3
2081,2021-03-06 12:36:00,1583.8,1583.8,1583.8,1583.8,325,75,1602.04,1544.65,1662.3
2082,2021-03-06 12:37:00,1583.8,1583.8,1583.8,1583.8,325,75,1602.04,1544.65,1662.3
2083,2021-03-06 12:38:00,1583.8,1583.8,1583.8,1583.8,325,75,1602.04,1544.65,1662.3
2084,2021-03-06 12:39:00,1583.8,1583.8,1583.8,1583.8,325,75,1602.04,1544.65,1662.3
2085,2021-03-06 12:40:00,1583.8,1583.8,1583.8,1583.8,325,75,1602.04,1544.65,1662.3
2086,2021-03-06 12:41:00,1583.8,1583.8,1583.8,1583.8,325,75,1602.04,1544.65,1662.3
2087,2021-03-06 12:42:00,1583.8,1583.8,1583.8,1583.8,325,75,1602.04,1544.65,1662.3
2088,2021-03-06 12:43:00,1583.8,1583.8,1583.8,1583.8,325,75,1602.04,1544.65,1662.3
2089,2021-03-06 12:44:00,1583.8,1583.8,1583.8,1583.8,325,75,1602.04,1544.65,1662.3
2090,2021-03-06 12:45:00,1583.8,1583.8,1583.8,1583.8,325,75,1602.04,1544.65,1662.3
2091,2021-03-06 12:46:00,1583.8,1583.8,1583.8,1583.8,325,75,1602.04,1544.65,1662.3
2092,2021-03-06 12:47:00,1583.8,1583.8,1583.8,1583.8,325,75,1602.04,1544.65,1662.3
2093,2021-03-06 12:48:00,1583.8,1583.8,1583.8,1583.8,325,75,1602.04,1544.65,1662.3
2094,2021-03-06 12:49:00,1583.8,1583.8,1583.8,1583.8,325,75,1602.04,1544.65,1662.3
2095,2021-03-06 12:50:00,1583.8,1583.8,1583.8,1583.8,325,75,1602.04,1544.65,1662.3
2096,2021-03-06 12:51:00,1583.8,1583.8,1583.8,1583.8,325,75,1602.04,1544.65,1662.3
2097,2021-03-06 12:52:00,1583.8,1583.8,1583.8,1583.8,325,75,1602.04,1544.65,1662.3
2098,2021-03-06 12:53:00,1583.8,1583.8,1583.8,1583.8,325,75,1602.04,1544.65,1662.3
2099,2021-03-06 12:54:00,1583.8,1583.8,1583.8,1583.8,325,75,1602.04,1544.65,1662.3
2100,2021-03-06 12:55:00,1583.8,1583.8,1583.8,1583.8,325,75,1602.04,1544.65,1662.3
2101,2021-03-06 12:56:00,1583.8,1583.8,1583.8,1583.8,325,75,1602.04,1544.65,1662.3
2102,2021-03-06 12:57:00,1583.8,1583.8,1583.8,1583.8,325,75,1602.04,1544.65,1662.3
2103,2021-03-06 12:58:00,1583.8,1583.8,1583.8,1583.8,325,75,1602.04,1544.65,1662.3
2104,2021-03-06 12:59:00,1583.8,1583.8,1583.8,1583.8,325,75,1602.04,1544.65,1662.3
2105,2021-03-06 13:00:00,1583.8,1583.8,1583.8,1583.8,325,75,1602.04,1544.65,1662.3
2106,2021-03-06 13:01:00,1583.8,1583.8,1583.8,1583.8,325,75,1602.04,1544.65,1662.3
2107,2021-03-06 13:02:00,1583.8,1583.8,1583.8,1583.8,325,75,1602.04,1544.65,1662.3
2108,2021-03-06 13:03:00,1583.8,1583.8,1583.8,1583.8,325,75,1602.04,1544.65,1662.3
2109,2021-03-06 13:04:00,1583.8,1583.8,1583.8,1583.8,325,75,1602.04,1544.65,1662.3
2110,2021-03-06 13:05:00,1583.8,1583.8,1583.8,1583.8,325,75,1602.04,1544.65,1662.3
2111,2021-03-06 13:06:00,1583.8,1583.8,1583.8,1583.8,325,75,1602.04,1544.65,1662.3
2112,2021-03-06 13:07:00,1583.8,1583.8,1583.8,1583.8,325,75,1602.04,1544.65,1662.3
2113,2021-03-06 13:08:00,1583.8,1583.8,1583.8,1583.8,325,75,1602.04,1544.65,1662.3
2114,2021-03-06 13:09:00,1583.8,1583.8,1583.8,1583.8,325,75,1602.04,1544.65,1662.3
2115,2021-03-06 13:10:00,1583.8,1583.8,1583.8,1583.8,325,75,1602.04,1544.65,1662.3
2116,2021-03-06 13:11:00,1583.8,1583.8,1583.8,1583.8,325,75,1602.04,1544.65,1662.3
2117,2021-03-06 13:12:00,1583.8,1583.8,1583.8,1583.8,325,75,1602.04,1544.65,1662.3
2118,2021-03-06 13:13:00,1583.8,1583.8,1583.8,1583.8,325,75,1602.04,1544.65,1662.3
2119,2021-03-06 13:14:00,1583.8,1583.8,1583.8,1583.8,325,75,1602.04,1544.65,1662.3
2120,2021-03-06 13:15:00,1583.8,1583.8,1583.8,1583.8,325,75,1602.04,1544.65,1662.3
2121,2021-03-06 13:16:00,1583.8,1583.8,1583.8,1583.8,325,75,1602.04,1544.65,1662.3
2122,2021-03-06 13:17:00,1583.8,1583.8,1583.8,1583.8,325,75,1602.04,1544.65,1662.3
2123,2021-03-06 13:18:00,1583.8,1583.8,1583.8,1583.8,325,75,1602.04,1544.65,1662.3
2124,2021-03-06 13:19:00,1583.8,1583.8,1583.8,1583.8,325,75,1602.04,1544.65,1662.3
2125,2021-03-06 13:20:00,1583.8,1583.8,1583.8,1583.8,325,75,1602.04,1544.65,1662.3
2126,2021-03-06 13:21:00,1583.8,1583.8,1583.8,1583.8,325,75,1602.04,1544.65,1662.3
2127,2021-03-06 13:22:00,1583.8,1583.8,1583.8,1583.8,325,75,1602.04,1544.65,1662.3
2128,2021-03-06 13:23:00,1583.8,1583.8,1583.8,1583.8,325,75,1602.04,1544.65,1662.3
2129,2021-03-06 13:24:00,1583.8,1583.8,1583.8,1583.8,325,75,1602.04,1544.65,1662.3
2130,2021-03-06 13:25:00,1583.8,1583.8,1583.8,1583.8,325,75,1602.04,1544.65,1662.3
2131,2021-03-06 13:26:00,1583.8,1583.8,1583.8,1583.8,325,75,1602.04,1544.65,1662.3
2132,2021-03-06 13:27:00,1583.8,1583.8,1583.8,1583.8,325,75,1602.04,1544.65,1662.3
2133,2021-03-06 13:28:00,1583.8,1583.8,1583.8,1583.8,325,75,1602.04,1544.65,1662.3
2134,2021-03-06 13:29:00,1583.8,1583.8,1583.8,1583.8,325,75,1602.04,1544.65,1662.3
2135,2021-03-06 13:30:00,1583.8,1583.8,1583.8,1583.8,325,75,1602.04,1544.65,1662.3
2136,2021-03-06 13:31:00,1583.8,1583.8,1583.8,1583.8,325,75,1602.04,1544.65,1662.3
2137,2021-03-06 13:32:00,1583.8,1583.8,1583.8,1583.8,325,75,1602.04,1544.65,1662.3
2138,2021-03-06 13:33:00,1583.8,1583.8,1583.8,1583.8,325,75,1602.04,1544.65,1662.3
2139,2021-03-06 13:34:00,1583.8,1583.8,1583.8,1583.8,325,75,1602.04,1544.65,1662.3
2140,2021-03-06 13:35:00,1583.8,1583.8,1583.8,1583.8,325,75,1602.04,1544.65,1662.3
2141,2021-03-06 13:36:00,1583.8,1583.8,1583.8,1583.8,325,75,1602.04,1544.65,1662.3
2142,2021-03-06 13:37:00,1583.8,1583.8,1583.8,1583.8,325,75,1602.04,1544.65,1662.3
2143,2021-03-06 13:38:00,1583.8,1583.8,1583.8,1583.8,325,75,1602.04,1544.65,1662.3
2144,2021-03-06 13:39:00,1583.8,1583.8,1583.8,1583.8,325,75,1602.04,1544.65,1662.3
2145,2021-03-06 13:40:00,1583.8,1583.8,1583.8,1583.8,325,75,1602.04,1544.65,1662.3
2146,2021-03-06 13:41:00,1583.8,1583.8,1583.8,1583.8,325,75,1602.04,1544.65,1662.3
2147,2021-03-06 13:42:00,1583.8,1583.8,1583.8,1583.8,325,75,1602.04,1544.65,1662.3
2148,2021-03-06 13:43:00,1583.8,1583.8,1583.8,1583.8,325,75,1602.04,1544.65,1662.3
2149,2021-03-06 13:44:00,1583.8,1583.8,1583.8,1583.8,325,75,1602.04,1544.65,1662.3
2150,2021-03-06 13:45:00,1583.8,1583.8,1583.8,1583.8,325,75,1602.04,1544.65,1662.3
2151,2021-03-06 13:46:00,1583.8,1583.8,1583.8,1583.8,325,75,1602.04,1544.65,1662.3
2152,2021-03-06 13:47:00,1583.8,1583.8,1583.8,1583.8,325,75,1602.04,1544.65,1662.3
2153,2021-03-06 13:48:00,1583.8,1583.8,1583.8,1583.8,325,75,1602.04,1544.65,1662.3
2154,2021-03-06 13:49:00,1583.8,1583.8,1583.8,1583.8,325,75,1602.04,1544.65,1662.3
2155,2021-03-06 13:50:00,1583.8,1583.8,1583.8,1583.8,325,75,1602.04,1544.65,1662.3
2156,2021-03-06 13:51:00,1583.8,1583.8,1583.8,1583.8,325,75,1602.04,1544.65,1662.3
2157,2021-03-06 13:52:00,1583.8,1583.8,1583.8,1583.8,325,75,1602.04,1544.65,1662.3
2158,2021-03-06 13:53:00,1583.8,1583.8,1583.8,1583.8,325,75,1602.04,1544.65,1662.3
2159,2021-03-06 13:54:00,1583.8,1583.8,1583.8,1583.8,325,75,1602.04,1544.65,1662.3
2160,2021-03-06 13:55:00,1583.8,1583.8,1583.8,1583.8,325,75,1602.04,1544.65,1662.3
2161,2021-03-06 13:56:00,1583.8,1583.8,1583.8,1583.8,325,75,1602.04,1544.65,1662.3
2162,2021-03-06 13:57:00,1583.8,1583.8,1583.8,1583.8,325,75,1602.04,1544.65,1662.3
2163,2021-03-06 13:58:00,1583.8,1583.8,1583.8,1583.8,325,75,1602.04,1544.65,1662.3
2164,2021-03-06 13:59:00,1583.8,1583.8,1583.8,1583.8,325,75,1602.04,1544.65,1662.3
2165,2021-03-06 14:00:00,1583.8,1583.8,1583.8,1583.8,325,75,1602.04,1544.65,1662.3
2166,2021-03-06 14:01:00,1583.8,1583.8,1583.8,1583.8,325,75,1602.04,1544.65,1662.3
2167,2021-03-06 14:02:00,1583.8,1583.8,1583.8,1583.8,325,75,1602.04,1544.65,1662.3
2168,2021-03-06 14:03:00,1583.8,1583.8,1583.8,1583.8,325,75,1602.04,1544.65,1662.3
2169,2021-03-06 14:04:00,1583.8,1583.8,1583.8,1583.8,325,75,1602.04,1544.65,1662.3
2170,2021-03-06 14:05:00,1583.8,1583.8,1583.8,1583.8,325,75,1602.04,1544.65,1662.3
2171,2021-03-06 14:06:00,1583.8,1583.8,1583.8,1583.8,325,75,1602.04,1544.65,1662.3
2172,2021-03-06 14:07:00,1583.8,1583.8,1583.8,1583.8,325,75,1602.04,1544.65,1662.3
2173,2021-03-06 14:08:00,1583.8,1583.8,1583.8,1583.8,325,75,1602.04,1544.65,1662.3
2174,2021-03-06 14:09:00,1583.8,1583.8,1583.8,1583.8,325,75,1602.04,1544.65,1662.3
2175,2021-03-06 14:10:00,1583.8,1583.8,1583.8,1583.8,325,75,1602.04,1544.65,1662.3
2176,2021-03-06 14:11:00,1583.8,1583.8,1583.8,1583.8,325,75,1602.04,1544.65,1662.3
2177,2021-03-06 14:12:00,1583.8,1583.8,1583.8,1583.8,325,75,1602.04,1544.65,1662.3
2178,2021-03-06 14:13:00,1583.8,1583.8,1583.8,1583.8,325,75,1602.04,1544.65,1662.3
2179,2021-03-06 14:14:00,1583.8,1583.8,1583.8,1583.8,325,75,1602.04,1544.65,1662.3
2180,2021-03-06 14:15:00,1583.8,1583.8,1583.8,1583.8,325,75,1602.04,1544.65,1662.3
2181,2021-03-06 14:16:00,1583.8,1583.8,1583.8,1583.8,325,75,1602.04,1544.65,1662.3
2182,2021-03-06 14:17:00,1583.8,1583.8,1583.8,1583.8,325,75,1602.04,1544.65,1662.3
2183,2021-03-06 14:18:00,1583.8,1583.8,1583.8,1583.8,325,75,1602.04,1544.65,1662.3
2184,2021-03-06 14:19:00,1583.8,1583.8,1583.8,1583.8,325,75,1602.04,1544.65,1662.3
2185,2021-03-06 14:20:00,1583.8,1583.8,1583.8,1583.8,325,75,1602.04,1544.65,1662.3
2186,2021-03-06 14:21:00,1583.8,1583.8,1583.8,1583.8,325,75,1602.04,1544.65,1662.3
2187,2021-03-06 14:22:00,1583.8,1583.8,1583.8,1583.8,325,75,1602.04,1544.65,1662.3
2188,2021-03-06 14:23:00,1583.8,1583.8,1583.8,1583.8,325,75,1602.04,1544.65,1662.3
2189,2021-03-06 14:24:00,1583.8,1583.8,1583.8,1583.8,325,75,1602.04,1544.65,1662.3
2190,2021-03-06 14:25:00,1583.8,1583.8,1583.8,1583.8,325,75,1602.04,1544.65,1662.3
2191,2021-03-06 14:26:00,1583.8,1583.8,1583.8,1583.8,325,75,1602.04,1544.65,1662.3
2192,2021-03-06 14:27:00,1583.8,1583.8,1583.8,1583.8,325,75,1602.04,1544.65,1662.3
2193,2021-03-06 14:28:00,1583.8,1583.8,1583.8,1583.8,325,75,1602.04,1544.65,1662.3
2194,2021-03-06 14:29:00,1583.8,1583.8,1583.8,1583.8,325,75,1602.04,1544.65,1662.3
2195,2021-03-06 14:30:00,1583.8,1583.8,1583.8,1583.8,325,75,1602.04,1544.65,1662.3
2196,2021-03-06 14:31:00,1583.8,1583.8,1583.8,1583.8,325,75,1602.04,1544.65,1662.3
2197,2021-03-06 14:32:00,1583.8,1583.8,1583.8,1583.8,325,75,1602.04,1544.65,1662.3
2198,2021-03-06 14:33:00,1583.8,1583.8,1583.8,1583.8,325,75,1602.04,1544.65,1662.3
2199,2021-03-06 14:34:00,1583.8,1583.8,1583.8,1583.8,325,75,1602.04,1544.65,1662.3
2200,2021-03-06 14:35:00,1583.8,1583.8,1583.8,1583.8,325,75,1602.04,1544.65,1662.3
2201,2021-03-06 14:36:00,1583.8,1583.8,1583.8,1583.8,325,75,1602.04,1544.65,1662.3
2202,2021-03-06 14:37:00,1583.8,1583.8,1583.8,1583.8,325,75,1602.04,1544.65,1662.3
2203,2021-03-06 14:38:00,1583.8,1583.8,1583.8,1583.8,325,75,1602.04,1544.65,1662.3
2204,2021-03-06 14:39:00,1583.8,1583.8,1583.8,1583.8,325,75,1602.04,1544.65,1662.3
2205,2021-03-06 14:40:00,1583.8,1583.8,1583.8,1583.8,325,75,1602.04,1544.65,1662.3
2206,2021-03-06 14:41:00,1583.8,1583.8,1583.8,1583.8,325,75,1602.04,1544.65,1662.3
2207,2021-03-06 14:42:00,1583.8,1583.8,1583.8,1583.8,325,75,1602.04,1544.65,1662.3
2208,2021-03-06 14:43:00,1583.8,1583.8,1583.8,1583.8,325,75,1602.04,1544.65,1662.3
2209,2021-03-06 14:44:00,1583.8,1583.8,1583.8,1583.8,325,75,1602.04,1544.65,1662.3
2210,2021-03-06 14:45:00,1583.8,1583.8,1583.8,1583.8,325,75,1602.04,1544.65,1662.3
2211,2021-03-06 14:46:00,1583.8,1583.8,1583.8,1583.8,325,75,1602.04,1544.65,1662.3
2212,2021-03-06 14:47:00,1583.8,1583.8,1583.8,1583.8,325,75,1602.04,1544.65,1662.3
2213,2021-03-06 14:48:00,1583.8,1583.8,1583.8,1583.8,325,75,1602.04,1544.65,1662.3
2214,2021-03-06 14:49:00,1583.8,1583.8,1583.8,1583.8,325,75,1602.04,1544.65,1662.3
2215,2021-03-06 14:50:00,1583.8,1583.8,1583.8,1583.8,325,75,1602.04,1544.65,1662.3
2216,2021-03-06 14:51:00,1583.8,1583.8,1583.8,1583.8,325,75,1602.04,1544.65,1662.3
2217,2021-03-06 14:52:00,1583.8,1583.8,1583.8,1583.8,325,75,1602.04,1544.65,1662.3
2218,2021-03-06 14:53:00,1583.8,1583.8,1583.8,1583.8,325,75,1602.04,1544.65,1662.3
2219,2021-03-06 14:54:00,1583.8,1583.8,1583.8,1583.8,325,75,1602.04,1544.65,1662.3
2220,2021-03-06 14:55:00,1583.8,1583.8,1583.8,1583.8,325,75,1602.04,1544.65,1662.3
2221,2021-03-06 14:56:00,1583.8,1583.8,1583.8,1583.8,325,75,1602.04,1544.65,1662.3
2222,2021-03-06 14:57:00,1583.8,1583.8,1583.8,1583.8,325,75,1602.04,1544.65,1662.3
2223,2021-03-06 14:58:00,1583.8,1583.8,1583.8,1583.8,325,75,1602.04,1544.65,1662.3
2224,2021-03-06 14:59:00,1583.8,1583.8,1583.8,1583.8,325,75,1602.04,1544.65,1662.3
2225,2021-03-06 15:00:00,1583.8,1583.8,1583.8,1583.8,325,75,1602.04,1544.65,1662.3
2226,2021-03-06 15:01:00,1583.8,1583.8,1583.8,1583.8,325,75,1602.04,1544.65,1662.3
2227,2021-03-06 15:02:00,1583.8,1583.8,1583.8,1583.8,325,75,1602.04,1544.65,1662.3
2228,2021-03-06 15:03:00,1583.8,1583.8,1583.8,1583.8,325,75,1602.04,1544.65,1662.3
2229,2021-03-06 15:04:00,1583.8,1583.8,1583.8,1583.8,325,75,1602.04,1544.65,1662.3
2230,2021-03-06 15:05:00,1583.8,1583.8,1583.8,1583.8,325,75,1602.04,1544.65,1662.3
2231,2021-03-06 15:06:00,1583.8,1583.8,1583.8,1583.8,325,75,1602.04,1544.65,1662.3
2232,2021-03-06 15:07:00,1583.8,1583.8,1583.8,1583.8,325,75,1602.04,1544.65,1662.3
2233,2021-03-06 15:08:00,1583.8,1583.8,1583.8,1583.8,325,75,1602.04,1544.65,1662.3
2234,2021-03-06 15:09:00,1583.8,1583.8,1583.8,1583.8,325,75,1602.04,1544.65,1662.3
2235,2021-03-06 15:10:00,1583.8,1583.8,1583.8,1583.8,325,75,1602.04,1544.65,1662.3
2236,2021-03-06 15:11:00,1583.8,1583.8,1583.8,1583.8,325,75,1602.04,1544.65,1662.3
2237,2021-03-06 15:12:00,1583.8,1583.8,1583.8,1583.8,325,75,1602.04,1544.65,1662.3
2238,2021-03-06 15:13:00,1583.8,1583.8,1583.8,1583.8,325,75,1602.04,1544.65,1662.3
2239,2021-03-06 15:14:00,1583.8,1583.8,1583.8,1583.8,325,75,1602.04,1544.65,1662.3
2240,2021-03-06 15:15:00,1583.8,1583.8,1583.8,1583.8,325,75,1602.04,1544.65,1662.3
2241,2021-03-06 15:16:00,1583.8,1583.8,1583.8,1583.8,325,75,1602.04,1544.65,1662.3
2242,2021-03-06 15:17:00,1583.8,1583.8,1583.8,1583.8,325,75,1602.04,1544.65,1662.3
2243,2021-03-06 15:18:00,1583.8,1583.8,1583.8,1583.8,325,75,1602.04,1544.65,1662.3
2244,2021-03-06 15:19:00,1583.8,1583.8,1583.8,1583.8,325,75,1602.04,1544.65,1662.3
2245,2021-03-06 15:20:00,1583.8,1583.8,1583.8,1583.8,325,75,1602.04,1544.65,1662.3
2246,2021-03-06 15:21:00,1583.8,1583.8,1583.8,1583.8,325,75,1602.04,1544.65,1662.3
2247,2021-03-06 15:22:00,1583.8,1583.8,1583.8,1583.8,325,75,1602.04,1544.65,1662.3
2248,2021-03-06 15:23:00,1583.8,1583.8,1583.8,1583.8,325,75,1602.04,1544.65,1662.3
2249,2021-03-06 15:24:00,1583.8,1583.8,1583.8,1583.8,325,75,1602.04,1544.65,1662.3
2250,2021-03-06 15:25:00,1583.8,1583.8,1583.8,1583.8,325,75,1602.04,1544.65,1662.3
2251,2021-03-06 15:26:00,1583.8,1583.8,1583.8,1583.8,325,75,1602.04,1544.65,1662.3
2252,2021-03-06 15:27:00,1583.8,1583.8,1583.8,1583.8,325,75,1602.04,1544.65,1662.3
2253,2021-03-06 15:28:00,1583.8,1583.8,1583.8,1583.8,325,75,1602.04,1544.65,1662.3
2254,2021-03-06 15:29:00,1583.8,1583.8,1583.8,1583.8,325,75,1602.04,1544.65,1662.3
2255,2021-03-06 15:30:00,1583.8,1583.8,1583.8,1583.8,325,75,1602.04,1544.65,1662.3
2256,2021-03-07 09:15:00,1583.8,1583.8,1583.8,1583.8,325,75,1602.04,1544.65,1662.3
2257,2021-03-07 09:16:00,1583.8,1583.8,1583.8,1583.8,325,75,1602.04,1544.65,1662.3
2258,2021-03-07 09:17:00,1583.8,1583.8,1583.8,1583.8,325,75,1602.04,1544.65,1662.3
2259,2021-03-07 09:18:00,1583.8,1583.8,1583.8,1583.8,325,75,1602.04,1544.65,1662.3
2260,2021-03-07 09:19:00,1583.8,1583.8,1583.8,1583.8,325,75,1602.04,1544.65,1662.3
2261,2021-03-07 09:20:00,1583.8,1583.8,1583.8,1583.8,325,75,1602.04,1544.65,1662.3
2262,2021-03-07 09:21:00,1583.8,1583.8,1583.8,1583.8,325,75,1602.04,1544.65,1662.3
2263,2021-03-07 09:22:00,1583.8,1583.8,1583.8,1583.8,325,75,1602.04,1544.65,1662.3
2264,2021-03-07 09:23:00,1583.8,1583.8,1583.8,1583.8,325,75,1602.04,1544.65,1662.3
2265,2021-03-07 09:24:00,1583.8,1583.8,1583.8,1583.8,325,75,1602.04,1544.65,1662.3
2266,2021-03-07 09:25:00,1583.8,1583.8,1583.8,1583.8,325,75,1602.04,1544.65,1662.3
2267,2021-03-07 09:26:00,1583.8,1583.8,1583.8,1583.8,325,75,1602.04,1544.65,1662.3
2268,2021-03-07 09:27:00,1583.8,1583.8,1583.8,1583.8,325,75,1602.04,1544.65,1662.3
2269,2021-03-07 09:28:00,1583.8,1583.8,1583.8,1583.8,325,75,1602.04,1544.65,1662.3
2270,2021-03-07 09:29:00,1583.8,1583.8,1583.8,1583.8,325,75,1602.04,1544.65,1662.3
2271,2021-03-07 09:30:00,1583.8,1583.8,1583.8,1583.8,325,75,1602.04,1544.65,1662.3
2272,2021-03-07 09:31:00,1583.8,1583.8,1583.8,1583.8,325,75,1602.04,1544.65,1662.3
2273,2021-03-07 09:32:00,1583.8,1583.8,1583.8,1583.8,325,75,1602.04,1544.65,1662.3
2274,2021-03-07 09:33:00,1583.8,1583.8,1583.8,1583.8,325,75,1602.04,1544.65,1662.3
2275,2021-03-07 09:34:00,1583.8,1583.8,1583.8,1583.8,325,75,1602.04,1544.65,1662.3
2276,2021-03-07 09:35:00,1583.8,1583.8,1583.8,1583.8,325,75,1602.04,1544.65,1662.3
2277,2021-03-07 09:36:00,1583.8,1583.8,1583.8,1583.8,325,75,1602.04,1544.65,1662.3
2278,2021-03-07 09:37:00,1583.8,1583.8,1583.8,1583.8,325,75,1602.04,1544.65,1662.3
2279,2021-03-07 09:38:00,1583.8,1583.8,1583.8,1583.8,325,75,1602.04,1544.65,1662.3
2280,2021-03-07 09:39:00,1583.8,1583.8,1583.8,1583.8,325,75,1602.04,1544.65,1662.3
2281,2021-03-07 09:40:00,1583.8,1583.8,1583.8,1583.8,325,75,1602.04,1544.65,1662.3
2282,2021-03-07 09:41:00,1583.8,1583.8,1583.8,1583.8,325,75,1602.04,1544.65,1662.3
2283,2021-03-07 09:42:00,1583.8,1583.8,1583.8,1583.8,325,75,1602.04,1544.65,1662.3
2284,2021-03-07 09:43:00,1583.8,1583.8,1583.8,1583.8,325,75,1602.04,1544.65,1662.3
2285,2021-03-07 09:44:00,1583.8,1583.8,1583.8,1583.8,325,75,1602.04,1544.65,1662.3
2286,2021-03-07 09:45:00,1583.8,1583.8,1583.8,1583.8,325,75,1602.04,1544.65,1662.3
2287,2021-03-07 09:46:00,1583.8,1583.8,1583.8,1583.8,325,75,1602.04,1544.65,1662.3
2288,2021-03-07 09:47:00,1583.8,1583.8,1583.8,1583.8,325,75,1602.04,1544.65,1662.3
2289,2021-03-07 09:48:00,1583.8,1583.8,1583.8,1583.8,325,75,1602.04,1544.65,1662.3
2290,2021-03-07 09:49:00,1583.8,1583.8,1583.8,1583.8,325,75,1602.04,1544.65,1662.3
2291,2021-03-07 09:50:00,1583.8,1583.8,1583.8,1583.8,325,75,1602.04,1544.65,1662.3
2292,2021-03-07 09:51:00,1583.8,1583.8,1583.8,1583.8,325,75,1602.04,1544.65,1662.3
2293,2021-03-07 09:52:00,1583.8,1583.8,1583.8,1583.8,325,75,1602.04,1544.65,1662.3
2294,2021-03-07 09:53:00,1583.8,1583.8,1583.8,1583.8,325,75,1602.04,1544.65,1662.3
2295,2021-03-07 09:54:00,1583.8,1583.8,1583.8,1583.8,325,75,1602.04,1544.65,1662.3
2296,2021-03-07 09:55:00,1583.8,1583.8,1583.8,1583.8,325,75,1602.04,1544.65,1662.3
2297,2021-03-07 09:56:00,1583.8,1583.8,1583.8,1583.8,325,75,1602.04,1544.65,1662.3
2298,2021-03-07 09:57:00,1583.8,1583.8,1583.8,1583.8,325,75,1602.04,1544.65,1662.3
2299,2021-03-07 09:58:00,1583.8,1583.8,1583.8,1583.8,325,75,1602.04,1544.65,1662.3
2300,2021-03-07 09:59:00,1583.8,1583.8,1583.8,1583.8,325,75,1602.04,1544.65,1662.3
2301,2021-03-07 10:00:00,1583.8,1583.8,1583.8,1583.8,325,75,1602.04,1544.65,1662.3
2302,2021-03-07 10:01:00,1583.8,1583.8,1583.8,1583.8,325,75,1602.04,1544.65,1662.3
2303,2021-03-07 10:02:00,1583.8,1583.8,1583.8,1583.8,325,75,1602.04,1544.65,1662.3
2304,2021-03-07 10:03:00,1583.8,1583.8,1583.8,1583.8,325,75,1602.04,1544.65,1662.3
2305,2021-03-07 10:04:00,1583.8,1583.8,1583.8,1583.8,325,75,1602.04,1544.65,1662.3
2306,2021-03-07 10:05:00,1583.8,1583.8,1583.8,1583.8,325,75,1602.04,1544.65,1662.3
2307,2021-03-07 10:06:00,1583.8,1583.8,1583.8,1583.8,325,75,1602.04,1544.65,1662.3
2308,2021-03-07 10:07:00,1583.8,1583.8,1583.8,1583.8,325,75,1602.04,1544.65,1662.3
2309,2021-03-07 10:08:00,1583.8,1583.8,1583.8,1583.8,325,75,1602.04,1544.65,1662.3
2310,2021-03-07 10:09:00,1583.8,1583.8,1583.8,1583.8,325,75,1602.04,1544.65,1662.3
2311,2021-03-07 10:10:00,1583.8,1583.8,1583.8,1583.8,325,75,1602.04,1544.65,1662.3
2312,2021-03-07 10:11:00,1583.8,1583.8,1583.8,1583.8,325,75,1602.04,1544.65,1662.3
2313,2021-03-07 10:12:00,1583.8,1583.8,1583.8,1583.8,325,75,1602.04,1544.65,1662.3
2314,2021-03-07 10:13:00,1583.8,1583.8,1583.8,1583.8,325,75,1602.04,1544.65,1662.3
2315,2021-03-07 10:14:00,1583.8,1583.8,1583.8,1583.8,325,75,1602.04,1544.65,1662.3
2316,2021-03-07 10:15:00,1583.8,1583.8,1583.8,1583.8,325,75,1602.04,1544.65,1662.3
2317,2021-03-07 10:16:00,1583.8,1583.8,1583.8,1583.8,325,75,1602.04,1544.65,1662.3
2318,2021-03-07 10:17:00,1583.8,1583.8,1583.8,1583.8,325,75,1602.04,1544.65,1662.3
2319,2021-03-07 10:18:00,1583.8,1583.8,1583.8,1583.8,325,75,1602.04,1544.65,1662.3
2320,2021-03-07 10:19:00,1583.8,1583.8,1583.8,1583.8,325,75,1602.04,1544.65,1662.3
2321,2021-03-07 10:20:00,1583.8,1583.8,1583.8,1583.8,325,75,1602.04,1544.65,1662.3
2322,2021-03-07 10:21:00,1583.8,1583.8,1583.8,1583.8,325,75,1602.04,1544.65,1662.3
2323,2021-03-07 10:22:00,1583.8,1583.8,1583.8,1583.8,325,75,1602.04,1544.65,1662.3
2324,2021-03-07 10:23:00,1583.8,1583.8,1583.8,1583.8,325,75,1602.04,1544.65,1662.3
2325,2021-03-07 10:24:00,1583.8,1583.8,1583.8,1583.8,325,75,1602.04,1544.65,1662.3
2326,2021-03-07 10:25:00,1583.8,1583.8,1583.8,1583.8,325,75,1602.04,1544.65,1662.3
2327,2021-03-07 10:26:00,1583.8,1583.8,1583.8,1583.8,325,75,1602.04,1544.65,1662.3
2328,2021-03-07 10:27:00,1583.8,1583.8,1583.8,1583.8,325,75,1602.04,1544.65,1662.3
2329,2021-03-07 10:28:00,1583.8,1583.8,1583.8,1583.8,325,75,1602.04,1544.65,1662.3
2330,2021-03-07 10:29:00,1583.8,1583.8,1583.8,1583.8,325,75,1602.04,1544.65,1662.3
2331,2021-03-07 10:30:00,1583.8,1583.8,1583.8,1583.8,325,75,1602.04,1544.65,1662.3
2332,2021-03-07 10:31:00,1583.8,1583.8,1583.8,1583.8,325,75,1602.04,1544.65,1662.3
2333,2021-03-07 10:32:00,1583.8,1583.8,1583.8,1583.8,325,75,1602.04,1544.65,1662.3
2334,2021-03-07 10:33:00,1583.8,1583.8,1583.8,1583.8,325,75,1602.04,1544.65,1662.3
2335,2021-03-07 10:34:00,1583.8,1583.8,1583.8,1583.8,325,75,1602.04,1544.65,1662.3
2336,2021-03-07 10:35:00,1583.8,1583.8,1583.8,1583.8,325,75,1602.04,1544.65,1662.3
2337,2021-03-07 10:36:00,1583.8,1583.8,1583.8,1583.8,325,75,1602.04,1544.65,1662.3
2338,2021-03-07 10:37:00,1583.8,1583.8,1583.8,1583.8,325,75,1602.04,1544.65,1662.3
2339,2021-03-07 10:38:00,1583.8,1583.8,1583.8,1583.8,325,75,1602.04,1544.65,1662.3
2340,2021-03-07 10:39:00,1583.8,1583.8,1583.8,1583.8,325,75,1602.04,1544.65,1662.3
2341,2021-03-07 10:40:00,1583.8,1583.8,1583.8,1583.8,325,75,1602.04,1544.65,1662.3
2342,2021-03-07 10:41:00,1583.8,1583.8,1583.8,1583.8,325,75,1602.04,1544.65,1662.3
2343,2021-03-07 10:42:00,1583.8,1583.8,1583.8,1583.8,325,75,1602.04,1544.65,1662.3
2344,2021-03-07 10:43:00,1583.8,1583.8,1583.8,1583.8,325,75,1602.04,1544.65,1662.3
2345,2021-03-07 10:44:00,1583.8,1583.8,1583.8,1583.8,325,75,1602.04,1544.65,1662.3
2346,2021-03-07 10:45:00,1583.8,1583.8,1583.8,1583.8,325,75,1602.04,1544.65,1662.3
2347,2021-03-07 10:46:00,1583.8,1583.8,1583.8,1583.8,325,75,1602.04,1544.65,1662.3
2348,2021-03-07 10:47:00,1583.8,1583.8,1583.8,1583.8,325,75,1602.04,1544.65,1662.3
2349,2021-03-07 10:48:00,1583.8,1583.8,1583.8,1583.8,325,75,1602.04,1544.65,1662.3
2350,2021-03-07 10:49:00,1583.8,1583.8,1583.8,1583.8,325,75,1602.04,1544.65,1662.3
2351,2021-03-07 10:50:00,1583.8,1583.8,1583.8,1583.8,325,75,1602.04,1544.65,1662.3
2352,2021-03-07 10:51:00,1583.8,1583.8,1583.8,1583.8,325,75,1602.04,1544.65,1662.3
2353,2021-03-07 10:52:00,1583.8,1583.8,1583.8,1583.8,325,75,1602.04,1544.65,1662.3
2354,2021-03-07 10:53:00,1583.8,1583.8,1583.8,1583.8,325,75,1602.04,1544.65,1662.3
2355,2021-03-07 10:54:00,1583.8,1583.8,1583.8,1583.8,325,75,1602.04,1544.65,1662.3
2356,2021-03-07 10:55:00,1583.8,1583.8,1583.8,1583.8,325,75,1602.04,1544.65,1662.3
2357,2021-03-07 10:56:00,1583.8,1583.8,1583.8,1583.8,325,75,1602.04,1544.65,1662.3
2358,2021-03-07 10:57:00,1583.8,1583.8,1583.8,1583.8,325,75,1602.04,1544.65,1662.3
2359,2021-03-07 10:58:00,1583.8,1583.8,1583.8,1583.8,325,75,1602.04,1544.65,1662.3
2360,2021-03-07 10:59:00,1583.8,1583.8,1583.8,1583.8,325,75,1602.04,1544.65,1662.3
2361,2021-03-07 11:00:00,1583.8,1583.8,1583.8,1583.8,325,75,1602.04,1544.65,1662.3
2362,2021-03-07 11:01:00,1583.8,1583.8,1583.8,1583.8,325,75,1602.04,1544.65,1662.3
2363,2021-03-07 11:02:00,1583.8,1583.8,1583.8,1583.8,325,75,1602.04,1544.65,1662.3
2364,2021-03-07 11:03:00,1583.8,1583.8,1583.8,1583.8,325,75,1602.04,1544.65,1662.3
2365,2021-03-07 11:04:00,1583.8,1583.8,1583.8,1583.8,325,75,1602.04,1544.65,1662.3
2366,2021-03-07 11:05:00,1583.8,1583.8,1583.8,1583.8,325,75,1602.04,1544.65,1662.3
2367,2021-03-07 11:06:00,1583.8,1583.8,1583.8,1583.8,325,75,1602.04,1544.65,1662.3
2368,2021-03-07 11:07:00,1583.8,1583.8,1583.8,1583.8,325,75,1602.04,1544.65,1662.3
2369,2021-03-07 11:08:00,1583.8,1583.8,1583.8,1583.8,325,75,1602.04,1544.65,1662.3
2370,2021-03-07 11:09:00,1583.8,1583.8,1583.8,1583.8,325,75,1602.04,1544.65,1662.3
2371,2021-03-07 11:10:00,1583.8,1583.8,1583.8,1583.8,325,75,1602.04,1544.65,1662.3
2372,2021-03-07 11:11:00,1583.8,1583.8,1583.8,1583.8,325,75,1602.04,1544.65,1662.3
2373,2021-03-07 11:12:00,1583.8,1583.8,1583.8,1583.8,325,75,1602.04,1544.65,1662.3
2374,2021-03-07 11:13:00,1583.8,1583.8,1583.8,1583.8,325,75,1602.04,1544.65,1662.3
2375,2021-03-07 11:14:00,1583.8,1583.8,1583.8,1583.8,325,75,1602.04,1544.65,1662.3
2376,2021-03-07 11:15:00,1583.8,1583.8,1583.8,1583.8,325,75,1602.04,1544.65,1662.3
2377,2021-03-07 11:16:00,1583.8,1583.8,1583.8,1583.8,325,75,1602.04,1544.65,1662.3
2378,2021-03-07 11:17:00,1583.8,1583.8,1583.8,1583.8,325,75,1602.04,1544.65,1662.3
2379,2021-03-07 11:18:00,1583.8,1583.8,1583.8,1583.8,325,75,1602.04,1544.65,1662.3
2380,2021-03-07 11:19:00,1583.8,1583.8,1583.8,1583.8,325,75,1602.04,1544.65,1662.3
2381,2021-03-07 11:20:00,1583.8,1583.8,1583.8,1583.8,325,75,1602.04,1544.65,1662.3
2382,2021-03-07 11:21:00,1583.8,1583.8,1583.8,1583.8,325,75,1602.04,1544.65,1662.3
2383,2021-03-07 11:22:00,1583.8,1583.8,1583.8,1583.8,325,75,1602.04,1544.65,1662.3
2384,2021-03-07 11:23:00,1583.8,1583.8,1583.8,1583.8,325,75,1602.04,1544.65,1662.3
2385,2021-03-07 11:24:00,1583.8,1583.8,1583.8,1583.8,325,75,1602.04,1544.65,1662.3
2386,2021-03-07 11:25:00,1583.8,1583.8,1583.8,1583.8,325,75,1602.04,1544.65,1662.3
2387,2021-03-07 11:26:00,1583.8,1583.8,1583.8,1583.8,325,75,1602.04,1544.65,1662.3
2388,2021-03-07 11:27:00,1583.8,1583.8,1583.8,1583.8,325,75,1602.04,1544.65,1662.3
2389,2021-03-07 11:28:00,1583.8,1583.8,1583.8,1583.8,325,75,1602.04,1544.65,1662.3
2390,2021-03-07 11:29:00,1583.8,1583.8,1583.8,1583.8,325,75,1602.04,1544.65,1662.3
2391,2021-03-07 11:30:00,1583.8,1583.8,1583.8,1583.8,325,75,1602.04,1544.65,1662.3
2392,2021-03-07 11:31:00,1583.8,1583.8,1583.8,1583.8,325,75,1602.04,1544.65,1662.3
2393,2021-03-07 11:32:00,1583.8,1583.8,1583.8,1583.8,325,75,1602.04,1544.65,1662.3
2394,2021-03-07 11:33:00,1583.8,1583.8,1583.8,1583.8,325,75,1602.04,1544.65,1662.3
2395,2021-03-07 11:34:00,1583.8,1583.8,1583.8,1583.8,325,75,1602.04,1544.65,1662.3
2396,2021-03-07 11:35:00,1583.8,1583.8,1583.8,1583.8,325,75,1602.04,1544.65,1662.3
2397,2021-03-07 11:36:00,1583.8,1583.8,1583.8,1583.8,325,75,1602.04,1544.65,1662.3
2398,2021-03-07 11:37:00,1583.8,1583.8,1583.8,1583.8,325,75,1602.04,1544.65,1662.3
2399,2021-03-07 11:38:00,1583.8,1583.8,1583.8,1583.8,325,75,1602.04,1544.65,1662.3
2400,2021-03-07 11:39:00,1583.8,1583.8,1583.8,1583.8,325,75,1602.04,1544.65,1662.3
2401,2021-03-07 11:40:00,1583.8,1583.8,1583.8,1583.8,325,75,1602.04,1544.65,1662.3
2402,2021-03-07 11:41:00,1583.8,1583.8,1583.8,1583.8,325,75,1602.04,1544.65,1662.3
2403,2021-03-07 11:42:00,1583.8,1583.8,1583.8,1583.8,325,75,1602.04,1544.65,1662.3
2404,2021-03-07 11:43:00,1583.8,1583.8,1583.8,1583.8,325,75,1602.04,1544.65,1662.3
2405,2021-03-07 11:44:00,1583.8,1583.8,1583.8,1583.8,325,75,1602.04,1544.65,1662.3
2406,2021-03-07 11:45:00,1583.8,1583.8,1583.8,1583.8,325,75,1602.04,1544.65,1662.3
2407,2021-03-07 11:46:00,1583.8,1583.8,1583.8,1583.8,325,75,1602.04,1544.65,1662.3
2408,2021-03-07 11:47:00,1583.8,1583.8,1583.8,1583.8,325,75,1602.04,1544.65,1662.3
2409,2021-03-07 11:48:00,1583.8,1583.8,1583.8,1583.8,325,75,1602.04,1544.65,1662.3
2410,2021-03-07 11:49:00,1583.8,1583.8,1583.8,1583.8,325,75,1602.04,1544.65,1662.3
2411,2021-03-07 11:50:00,1583.8,1583.8,1583.8,1583.8,325,75,1602.04,1544.65,1662.3
2412,2021-03-07 11:51:00,1583.8,1583.8,1583.8,1583.8,325,75,1602.04,1544.65,1662.3
2413,2021-03-07 11:52:00,1583.8,1583.8,1583.8,1583.8,325,75,1602.04,1544.65,1662.3
2414,2021-03-07 11:53:00,1583.8,1583.8,1583.8,1583.8,325,75,1602.04,1544.65,1662.3
2415,2021-03-07 11:54:00,1583.8,1583.8,1583.8,1583.8,325,75,1602.04,1544.65,1662.3
2416,2021-03-07 11:55:00,1583.8,1583.8,1583.8,1583.8,325,75,1602.04,1544.65,1662.3
2417,2021-03-07 11:56:00,1583.8,1583.8,1583.8,1583.8,325,75,1602.04,1544.65,1662.3
2418,2021-03-07 11:57:00,1583.8,1583.8,1583.8,1583.8,325,75,1602.04,1544.65,1662.3
2419,2021-03-07 11:58:00,1583.8,1583.8,1583.8,1583.8,325,75,1602.04,1544.65,1662.3
2420,2021-03-07 11:59:00,1583.8,1583.8,1583.8,1583.8,325,75,1602.04,1544.65,1662.3
2421,2021-03-07 12:00:00,1583.8,1583.8,1583.8,1583.8,325,75,1602.04,1544.65,1662.3
2422,2021-03-07 12:01:00,1583.8,1583.8,1583.8,1583.8,325,75,1602.04,1544.65,1662.3
2423,2021-03-07 12:02:00,1583.8,1583.8,1583.8,1583.8,325,75,1602.04,1544.65,1662.3
2424,2021-03-07 12:03:00,1583.8,1583.8,1583.8,1583.8,325,75,1602.04,1544.65,1662.3
2425,2021-03-07 12:04:00,1583.8,1583.8,1583.8,1583.8,325,75,1602.04,1544.65,1662.3
2426,2021-03-07 12:05:00,1583.8,1583.8,1583.8,1583.8,325,75,1602.04,1544.65,1662.3
2427,2021-03-07 12:06:00,1583.8,1583.8,1583.8,1583.8,325,75,1602.04,1544.65,1662.3
2428,2021-03-07 12:07:00,1583.8,1583.8,1583.8,1583.8,325,75,1602.04,1544.65,1662.3
2429,2021-03-07 12:08:00,1583.8,1583.8,1583.8,1583.8,325,75,1602.04,1544.65,1662.3
2430,2021-03-07 12:09:00,1583.8,1583.8,1583.8,1583.8,325,75,1602.04,1544.65,1662.3
2431,2021-03-07 12:10:00,1583.8,1583.8,1583.8,1583.8,325,75,1602.04,1544.65,1662.3
2432,2021-03-07 12:11:00,1583.8,1583.8,1583.8,1583.8,325,75,1602.04,1544.65,1662.3
2433,2021-03-07 12:12:00,1583.8,1583.8,1583.8,1583.8,325,75,1602.04,1544.65,1662.3
2434,2021-03-07 12:13:00,1583.8,1583.8,1583.8,1583.8,325,75,1602.04,1544.65,1662.3
2435,2021-03-07 12:14:00,1583.8,1583.8,1583.8,1583.8,325,75,1602.04,1544.65,1662.3
2436,2021-03-07 12:15:00,1583.8,1583.8,1583.8,1583.8,325,75,1602.04,1544.65,1662.3
2437,2021-03-07 12:16:00,1583.8,1583.8,1583.8,1583.8,325,75,1602.04,1544.65,1662.3
2438,2021-03-07 12:17:00,1583.8,1583.8,1583.8,1583.8,325,75,1602.04,1544.65,1662.3
2439,2021-03-07 12:18:00,1583.8,1583.8,1583.8,1583.8,325,75,1602.04,1544.65,1662.3
2440,2021-03-07 12:19:00,1583.8,1583.8,1583.8,1583.8,325,75,1602.04,1544.65,1662.3
2441,2021-03-07 12:20:00,1583.8,1583.8,1583.8,1583.8,325,75,1602.04,1544.65,1662.3
2442,2021-03-07 12:21:00,1583.8,1583.8,1583.8,1583.8,325,75,1602.04,1544.65,1662.3
2443,2021-03-07 12:22:00,1583.8,1583.8,1583.8,1583.8,325,75,1602.04,1544.65,1662.3
2444,2021-03-07 12:23:00,1583.8,1583.8,1583.8,1583.8,325,75,1602.04,1544.65,1662.3
2445,2021-03-07 12:24:00,1583.8,1583.8,1583.8,1583.8,325,75,1602.04,1544.65,1662.3
2446,2021-03-07 12:25:00,1583.8,1583.8,1583.8,1583.8,325,75,1602.04,1544.65,1662.3
2447,2021-03-07 12:26:00,1583.8,1583.8,1583.8,1583.8,325,75,1602.04,1544.65,1662.3
2448,2021-03-07 12:27:00,1583.8,1583.8,1583.8,1583.8,325,75,1602.04,1544.65,1662.3
2449,2021-03-07 12:28:00,1583.8,1583.8,1583.8,1583.8,325,75,1602.04,1544.65,1662.3
2450,2021-03-07 12:29:00,1583.8,1583.8,1583.8,1583.8,325,75,1602.04,1544.65,1662.3
2451,2021-03-07 12:30:00,1583.8,1583.8,1583.8,1583.8,325,75,1602.04,1544.65,1662.3
2452,2021-03-07 12:31:00,1583.8,1583.8,1583.8,1583.8,325,75,1602.04,1544.65,1662.3
2453,2021-03-07 12:32:00,1583.8,1583.8,1583.8,1583.8,325,75,1602.04,1544.65,1662.3
2454,2021-03-07 12:33:00,1583.8,1583.8,1583.8,1583.8,325,75,1602.04,1544.65,1662.3
2455,2021-03-07 12:34:00,1583.8,1583.8,1583.8,1583.8,325,75,1602.04,1544.65,1662.3
2456,2021-03-07 12:35:00,1583.8,1583.8,1583.8,1583.8,325,75,1602.04,1544.65,1662.3
2457,2021-03-07 12:36:00,1583.8,1583.8,1583.8,1583.8,325,75,1602.04,1544.65,1662.3
2458,2021-03-07 12:37:00,1583.8,1583.8,1583.8,1583.8,325,75,1602.04,1544.65,1662.3
2459,2021-03-07 12:38:00,1583.8,1583.8,1583.8,1583.8,325,75,1602.04,1544.65,1662.3
2460,2021-03-07 12:39:00,1583.8,1583.8,1583.8,1583.8,325,75,1602.04,1544.65,1662.3
2461,2021-03-07 12:40:00,1583.8,1583.8,1583.8,1583.8,325,75,1602.04,1544.65,1662.3
2462,2021-03-07 12:41:00,1583.8,1583.8,1583.8,1583.8,325,75,1602.04,1544.65,1662.3
2463,2021-03-07 12:42:00,1583.8,1583.8,1583.8,1583.8,325,75,1602.04,1544.65,1662.3
2464,2021-03-07 12:43:00,1583.8,1583.8,1583.8,1583.8,325,75,1602.04,1544.65,1662.3
2465,2021-03-07 12:44:00,1583.8,1583.8,1583.8,1583.8,325,75,1602.04,1544.65,1662.3
2466,2021-03-07 12:45:00,1583.8,1583.8,1583.8,1583.8,325,75,1602.04,1544.65,1662.3
2467,2021-03-07 12:46:00,1583.8,1583.8,1583.8,1583.8,325,75,1602.04,1544.65,1662.3
2468,2021-03-07 12:47:00,1583.8,1583.8,1583.8,1583.8,325,75,1602.04,1544.65,1662.3
2469,2021-03-07 12:48:00,1583.8,1583.8,1583.8,1583.8,325,75,1602.04,1544.65,1662.3
2470,2021-03-07 12:49:00,1583.8,1583.8,1583.8,1583.8,325,75,1602.04,1544.65,1662.3
2471,2021-03-07 12:50:00,1583.8,1583.8,1583.8,1583.8,325,75,1602.04,1544.65,1662.3
2472,2021-03-07 12:51:00,1583.8,1583.8,1583.8,1583.8,325,75,1602.04,1544.65,1662.3
2473,2021-03-07 12:52:00,1583.8,1583.8,1583.8,1583.8,325,75,1602.04,1544.65,1662.3
2474,2021-03-07 12:53:00,1583.8,1583.8,1583.8,1583.8,325,75,1602.04,1544.65,1662.3
2475,2021-03-07 12:54:00,1583.8,1583.8,1583.8,1583.8,325,75,1602.04,1544.65,1662.3
2476,2021-03-07 12:55:00,1583.8,1583.8,1583.8,1583.8,325,75,1602.04,1544.65,1662.3
2477,2021-03-07 12:56:00,1583.8,1583.8,1583.8,1583.8,325,75,1602.04,1544.65,1662.3
2478,2021-03-07 12:57:00,1583.8,1583.8,1583.8,1583.8,325,75,1602.04,1544.65,1662.3
2479,2021-03-07 12:58:00,1583.8,1583.8,1583.8,1583.8,325,75,1602.04,1544.65,1662.3
2480,2021-03-07 12:59:00,1583.8,1583.8,1583.8,1583.8,325,75,1602.04,1544.65,1662.3
2481,2021-03-07 13:00:00,1583.8,1583.8,1583.8,1583.8,325,75,1602.04,1544.65,1662.3
2482,2021-03-07 13:01:00,1583.8,1583.8,1583.8,1583.8,325,75,1602.04,1544.65,1662.3
2483,2021-03-07 13:02:00,1583.8,1583.8,1583.8,1583.8,325,75,1602.04,1544.65,1662.3
2484,2021-03-07 13:03:00,1583.8,1583.8,1583.8,1583.8,325,75,1602.04,1544.65,1662.3
2485,2021-03-07 13:04:00,1583.8,1583.8,1583.8,1583.8,325,75,1602.04,1544.65,1662.3
2486,2021-03-07 13:05:00,1583.8,1583.8,1583.8,1583.8,325,75,1602.04,1544.65,1662.3
2487,2021-03-07 13:06:00,1583.8,1583.8,1583.8,1583.8,325,75,1602.04,1544.65,1662.3
2488,2021-03-07 13:07:00,1583.8,1583.8,1583.8,1583.8,325,75,1602.04,1544.65,1662.3
2489,2021-03-07 13:08:00,1583.8,1583.8,1583.8,1583.8,325,75,1602.04,1544.65,1662.3
2490,2021-03-07 13:09:00,1583.8,1583.8,1583.8,1583.8,325,75,1602.04,1544.65,1662.3
2491,2021-03-07 13:10:00,1583.8,1583.8,1583.8,1583.8,325,75,1602.04,1544.65,1662.3
2492,2021-03-07 13:11:00,1583.8,1583.8,1583.8,1583.8,325,75,1602.04,1544.65,1662.3
2493,2021-03-07 13:12:00,1583.8,1583.8,1583.8,1583.8,325,75,1602.04,1544.65,1662.3
2494,2021-03-07 13:13:00,1583.8,1583.8,1583.8,1583.8,325,75,1602.04,1544.65,1662.3
2495,2021-03-07 13:14:00,1583.8,1583.8,1583.8,1583.8,325,75,1602.04,1544.65,1662.3
2496,2021-03-07 13:15:00,1583.8,1583.8,1583.8,1583.8,325,75,1602.04,1544.65,1662.3
2497,2021-03-07 13:16:00,1583.8,1583.8,1583.8,1583.8,325,75,1602.04,1544.65,1662.3
2498,2021-03-07 13:17:00,1583.8,1583.8,1583.8,1583.8,325,75,1602.04,1544.65,1662.3
2499,2021-03-07 13:18:00,1583.8,1583.8,1583.8,1583.8,325,75,1602.04,1544.65,1662.3
2500,2021-03-07 13:19:00,1583.8,1583.8,1583.8,1583.8,325,75,1602.04,1544.65,1662.3
2501,2021-03-07 13:20:00,1583.8,1583.8,1583.8,1583.8,325,75,1602.04,1544.65,1662.3
2502,2021-03-07 13:21:00,1583.8,1583.8,1583.8,1583.8,325,75,1602.04,1544.65,1662.3
2503,2021-03-07 13:22:00,1583.8,1583.8,1583.8,1583.8,325,75,1602.04,1544.65,1662.3
2504,2021-03-07 13:23:00,1583.8,1583.8,1583.8,1583.8,325,75,1602.04,1544.65,1662.3
2505,2021-03-07 13:24:00,1583.8,1583.8,1583.8,1583.8,325,75,1602.04,1544.65,1662.3
2506,2021-03-07 13:25:00,1583.8,1583.8,1583.8,1583.8,325,75,1602.04,1544.65,1662.3
2507,2021-03-07 13:26:00,1583.8,1583.8,1583.8,1583.8,325,75,1602.04,1544.65,1662.3
2508,2021-03-07 13:27:00,1583.8,1583.8,1583.8,1583.8,325,75,1602.04,1544.65,1662.3
2509,2021-03-07 13:28:00,1583.8,1583.8,1583.8,1583.8,325,75,1602.04,1544.65,1662.3
2510,2021-03-07 13:29:00,1583.8,1583.8,1583.8,1583.8,325,75,1602.04,1544.65,1662.3
2511,2021-03-07 13:30:00,1583.8,1583.8,1583.8,1583.8,325,75,1602.04,1544.65,1662.3
2512,2021-03-07 13:31:00,1583.8,1583.8,1583.8,1583.8,325,75,1602.04,1544.65,1662.3
2513,2021-03-07 13:32:00,1583.8,1583.8,1583.8,1583.8,325,75,1602.04,1544.65,1662.3
2514,2021-03-07 13:33:00,1583.8,1583.8,1583.8,1583.8,325,75,1602.04,1544.65,1662.3
2515,2021-03-07 13:34:00,1583.8,1583.8,1583.8,1583.8,325,75,1602.04,1544.65,1662.3
2516,2021-03-07 13:35:00,1583.8,1583.8,1583.8,1583.8,325,75,1602.04,1544.65,1662.3
2517,2021-03-07 13:36:00,1583.8,1583.8,1583.8,1583.8,325,75,1602.04,1544.65,1662.3
2518,2021-03-07 13:37:00,1583.8,1583.8,1583.8,1583.8,325,75,1602.04,1544.65,1662.3
2519,2021-03-07 13:38:00,1583.8,1583.8,1583.8,1583.8,325,75,1602.04,1544.65,1662.3
2520,2021-03-07 13:39:00,1583.8,1583.8,1583.8,1583.8,325,75,1602.04,1544.65,1662.3
2521,2021-03-07 13:40:00,1583.8,1583.8,1583.8,1583.8,325,75,1602.04,1544.65,1662.3
2522,2021-03-07 13:41:00,1583.8,1583.8,1583.8,1583.8,325,75,1602.04,1544.65,1662.3
2523,2021-03-07 13:42:00,1583.8,1583.8,1583.8,1583.8,325,75,1602.04,1544.65,1662.3
2524,2021-03-07 13:43:00,1583.8,1583.8,1583.8,1583.8,325,75,1602.04,1544.65,1662.3
2525,2021-03-07 13:44:00,1583.8,1583.8,1583.8,1583.8,325,75,1602.04,1544.65,1662.3
2526,2021-03-07 13:45:00,1583.8,1583.8,1583.8,1583.8,325,75,1602.04,1544.65,1662.3
2527,2021-03-07 13:46:00,1583.8,1583.8,1583.8,1583.8,325,75,1602.04,1544.65,1662.3
2528,2021-03-07 13:47:00,1583.8,1583.8,1583.8,1583.8,325,75,1602.04,1544.65,1662.3
2529,2021-03-07 13:48:00,1583.8,1583.8,1583.8,1583.8,325,75,1602.04,1544.65,1662.3
2530,2021-03-07 13:49:00,1583.8,1583.8,1583.8,1583.8,325,75,1602.04,1544.65,1662.3
2531,2021-03-07 13:50:00,1583.8,1583.8,1583.8,1583.8,325,75,1602.04,1544.65,1662.3
2532,2021-03-07 13:51:00,1583.8,1583.8,1583.8,1583.8,325,75,1602.04,1544.65,1662.3
2533,2021-03-07 13:52:00,1583.8,1583.8,1583.8,1583.8,325,75,1602.04,1544.65,1662.3
2534,2021-03-07 13:53:00,1583.8,1583.8,1583.8,1583.8,325,75,1602.04,1544.65,1662.3
2535,2021-03-07 13:54:00,1583.8,1583.8,1583.8,1583.8,325,75,1602.04,1544.65,1662.3
2536,2021-03-07 13:55:00,1583.8,1583.8,1583.8,1583.8,325,75,1602.04,1544.65,1662.3
2537,2021-03-07 13:56:00,1583.8,1583.8,1583.8,1583.8,325,75,1602.04,1544.65,1662.3
2538,2021-03-07 13:57:00,1583.8,1583.8,1583.8,1583.8,325,75,1602.04,1544.65,1662.3
2539,2021-03-07 13:58:00,1583.8,1583.8,1583.8,1583.8,325,75,1602.04,1544.65,1662.3
2540,2021-03-07 13:59:00,1583.8,1583.8,1583.8,1583.8,325,75,1602.04,1544.65,1662.3
2541,2021-03-07 14:00:00,1583.8,1583.8,1583.8,1583.8,325,75,1602.04,1544.65,1662.3
2542,2021-03-07 14:01:00,1583.8,1583.8,1583.8,1583.8,325,75,1602.04,1544.65,1662.3
2543,2021-03-07 14:02:00,1583.8,1583.8,1583.8,1583.8,325,75,1602.04,1544.65,1662.3
2544,2021-03-07 14:03:00,1583.8,1583.8,1583.8,1583.8,325,75,1602.04,1544.65,1662.3
2545,2021-03-07 14:04:00,1583.8,1583.8,1583.8,1583.8,325,75,1602.04,1544.65,1662.3
2546,2021-03-07 14:05:00,1583.8,1583.8,1583.8,1583.8,325,75,1602.04,1544.65,1662.3
2547,2021-03-07 14:06:00,1583.8,1583.8,1583.8,1583.8,325,75,1602.04,1544.65,1662.3
2548,2021-03-07 14:07:00,1583.8,1583.8,1583.8,1583.8,325,75,1602.04,1544.65,1662.3
2549,2021-03-07 14:08:00,1583.8,1583.8,1583.8,1583.8,325,75,1602.04,1544.65,1662.3
2550,2021-03-07 14:09:00,1583.8,1583.8,1583.8,1583.8,325,75,1602.04,1544.65,1662.3
2551,2021-03-07 14:10:00,1583.8,1583.8,1583.8,1583.8,325,75,1602.04,1544.65,1662.3
2552,2021-03-07 14:11:00,1583.8,1583.8,1583.8,1583.8,325,75,1602.04,1544.65,1662.3
2553,2021-03-07 14:12:00,1583.8,1583.8,1583.8,1583.8,325,75,1602.04,1544.65,1662.3
2554,2021-03-07 14:13:00,1583.8,1583.8,1583.8,1583.8,325,75,1602.04,1544.65,1662.3
2555,2021-03-07 14:14:00,1583.8,1583.8,1583.8,1583.8,325,75,1602.04,1544.65,1662.3
2556,2021-03-07 14:15:00,1583.8,1583.8,1583.8,1583.8,325,75,1602.04,1544.65,1662.3
2557,2021-03-07 14:16:00,1583.8,1583.8,1583.8,1583.8,325,75,1602.04,1544.65,1662.3
2558,2021-03-07 14:17:00,1583.8,1583.8,1583.8,1583.8,325,75,1602.04,1544.65,1662.3
2559,2021-03-07 14:18:00,1583.8,1583.8,1583.8,1583.8,325,75,1602.04,1544.65,1662.3
2560,2021-03-07 14:19:00,1583.8,1583.8,1583.8,1583.8,325,75,1602.04,1544.65,1662.3
2561,2021-03-07 14:20:00,1583.8,1583.8,1583.8,1583.8,325,75,1602.04,1544.65,1662.3
2562,2021-03-07 14:21:00,1583.8,1583.8,1583.8,1583.8,325,75,1602.04,1544.65,1662.3
2563,2021-03-07 14:22:00,1583.8,1583.8,1583.8,1583.8,325,75,1602.04,1544.65,1662.3
2564,2021-03-07 14:23:00,1583.8,1583.8,1583.8,1583.8,325,75,1602.04,1544.65,1662.3
2565,2021-03-07 14:24:00,1583.8,1583.8,1583.8,1583.8,325,75,1602.04,1544.65,1662.3
2566,2021-03-07 14:25:00,1583.8,1583.8,1583.8,1583.8,325,75,1602.04,1544.65,1662.3
2567,2021-03-07 14:26:00,1583.8,1583.8,1583.8,1583.8,325,75,1602.04,1544.65,1662.3
2568,2021-03-07 14:27:00,1583.8,1583.8,1583.8,1583.8,325,75,1602.04,1544.65,1662.3
2569,2021-03-07 14:28:00,1583.8,1583.8,1583.8,1583.8,325,75,1602.04,1544.65,1662.3
2570,2021-03-07 14:29:00,1583.8,1583.8,1583.8,1583.8,325,75,1602.04,1544.65,1662.3
2571,2021-03-07 14:30:00,1583.8,1583.8,1583.8,1583.8,325,75,1602.04,1544.65,1662.3
2572,2021-03-07 14:31:00,1583.8,1583.8,1583.8,1583.8,325,75,1602.04,1544.65,1662.3
2573,2021-03-07 14:32:00,1583.8,1583.8,1583.8,1583.8,325,75,1602.04,1544.65,1662.3
2574,2021-03-07 14:33:00,1583.8,1583.8,1583.8,1583.8,325,75,1602.04,1544.65,1662.3
2575,2021-03-07 14:34:00,1583.8,1583.8,1583.8,1583.8,325,75,1602.04,1544.65,1662.3
2576,2021-03-07 14:35:00,1583.8,1583.8,1583.8,1583.8,325,75,1602.04,1544.65,1662.3
2577,2021-03-07 14:36:00,1583.8,1583.8,1583.8,1583.8,325,75,1602.04,1544.65,1662.3
2578,2021-03-07 14:37:00,1583.8,1583.8,1583.8,1583.8,325,75,1602.04,1544.65,1662.3
2579,2021-03-07 14:38:00,1583.8,1583.8,1583.8,1583.8,325,75,1602.04,1544.65,1662.3
2580,2021-03-07 14:39:00,1583.8,1583.8,1583.8,1583.8,325,75,1602.04,1544.65,1662.3
2581,2021-03-07 14:40:00,1583.8,1583.8,1583.8,1583.8,325,75,1602.04,1544.65,1662.3
2582,2021-03-07 14:41:00,1583.8,1583.8,1583.8,1583.8,325,75,1602.04,1544.65,1662.3
2583,2021-03-07 14:42:00,1583.8,1583.8,1583.8,1583.8,325,75,1602.04,1544.65,1662.3
2584,2021-03-07 14:43:00,1583.8,1583.8,1583.8,1583.8,325,75,1602.04,1544.65,1662.3
2585,2021-03-07 14:44:00,1583.8,1583.8,1583.8,1583.8,325,75,1602.04,1544.65,1662.3
2586,2021-03-07 14:45:00,1583.8,1583.8,1583.8,1583.8,325,75,1602.04,1544.65,1662.3
2587,2021-03-07 14:46:00,1583.8,1583.8,1583.8,1583.8,325,75,1602.04,1544.65,1662.3
2588,2021-03-07 14:47:00,1583.8,1583.8,1583.8,1583.8,325,75,1602.04,1544.65,1662.3
2589,2021-03-07 14:48:00,1583.8,1583.8,1583.8,1583.8,325,75,1602.04,1544.65,1662.3
2590,2021-03-07 14:49:00,1583.8,1583.8,1583.8,1583.8,325,75,1602.04,1544.65,1662.3
2591,2021-03-07 14:50:00,1583.8,1583.8,1583.8,1583.8,325,75,1602.04,1544.65,1662.3
2592,2021-03-07 14:51:00,1583.8,1583.8,1583.8,1583.8,325,75,1602.04,1544.65,1662.3
2593,2021-03-07 14:52:00,1583.8,1583.8,1583.8,1583.8,325,75,1602.04,1544.65,1662.3
2594,2021-03-07 14:53:00,1583.8,1583.8,1583.8,1583.8,325,75,1602.04,1544.65,1662.3
2595,2021-03-07 14:54:00,1583.8,1583.8,1583.8,1583.8,325,75,1602.04,1544.65,1662.3
2596,2021-03-07 14:55:00,1583.8,1583.8,1583.8,1583.8,325,75,1602.04,1544.65,1662.3
2597,2021-03-07 14:56:00,1583.8,1583.8,1583.8,1583.8,325,75,1602.04,1544.65,1662.3
2598,2021-03-07 14:57:00,1583.8,1583.8,1583.8,1583.8,325,75,1602.04,1544.65,1662.3
2599,2021-03-07 14:58:00,1583.8,1583.8,1583.8,1583.8,325,75,1602.04,1544.65,1662.3
2600,2021-03-07 14:59:00,1583.8,1583.8,1583.8,1583.8,325,75,1602.04,1544.65,1662.3
2601,2021-03-07 15:00:00,1583.8,1583.8,1583.8,1583.8,325,75,1602.04,1544.65,1662.3
2602,2021-03-07 15:01:00,1583.8,1583.8,1583.8,1583.8,325,75,1602.04,1544.65,1662.3
2603,2021-03-07 15:02:00,1583.8,1583.8,1583.8,1583.8,325,75,1602.04,1544.65,1662.3
2604,2021-03-07 15:03:00,1583.8,1583.8,1583.8,1583.8,325,75,1602.04,1544.65,1662.3
2605,2021-03-07 15:04:00,1583.8,1583.8,1583.8,1583.8,325,75,1602.04,1544.65,1662.3
2606,2021-03-07 15:05:00,1583.8,1583.8,1583.8,1583.8,325,75,1602.04,1544.65,1662.3
2607,2021-03-07 15:06:00,1583.8,1583.8,1583.8,1583.8,325,75,1602.04,1544.65,1662.3
2608,2021-03-07 15:07:00,1583.8,1583.8,1583.8,1583.8,325,75,1602.04,1544.65,1662.3
2609,2021-03-07 15:08:00,1583.8,1583.8,1583.8,1583.8,325,75,1602.04,1544.65,1662.3
2610,2021-03-07 15:09:00,1583.8,1583.8,1583.8,1583.8,325,75,1602.04,1544.65,1662.3
2611,2021-03-07 15:10:00,1583.8,1583.8,1583.8,1583.8,325,75,1602.04,1544.65,1662.3
2612,2021-03-07 15:11:00,1583.8,1583.8,1583.8,1583.8,325,75,1602.04,1544.65,1662.3
2613,2021-03-07 15:12:00,1583.8,1583.8,1583.8,1583.8,325,75,1602.04,1544.65,1662.3
2614,2021-03-07 15:13:00,1583.8,1583.8,1583.8,1583.8,325,75,1602.04,1544.65,1662.3
2615,2021-03-07 15:14:00,1583.8,1583.8,1583.8,1583.8,325,75,1602.04,1544.65,1662.3
2616,2021-03-07 15:15:00,1583.8,1583.8,1583.8,1583.8,325,75,1602.04,1544.65,1662.3
2617,2021-03-07 15:16:00,1583.8,1583.8,1583.8,1583.8,325,75,1602.04,1544.65,1662.3
2618,2021-03-07 15:17:00,1583.8,1583.8,1583.8,1583.8,325,75,1602.04,1544.65,1662.3
2619,2021-03-07 15:18:00,1583.8,1583.8,1583.8,1583.8,325,75,1602.04,1544.65,1662.3
2620,2021-03-07 15:19:00,1583.8,1583.8,1583.8,1583.8,325,75,1602.04,1544.65,1662.3
2621,2021-03-07 15:20:00,1583.8,1583.8,1583.8,1583.8,325,75,1602.04,1544.65,1662.3
2622,2021-03-07 15:21:00,1583.8,1583.8,1583.8,1583.8,325,75,1602.04,1544.65,1662.3
2623,2021-03-07 15:22:00,1583.8,1583.8,1583.8,1583.8,325,75,1602.04,1544.65,1662.3
2624,2021-03-07 15:23:00,1583.8,1583.8,1583.8,1583.8,325,75,1602.04,1544.65,1662.3
2625,2021-03-07 15:24:00,1583.8,1583.8,1583.8,1583.8,325,75,1602.04,1544.65,1662.3
2626,2021-03-07 15:25:00,1583.8,1583.8,1583.8,1583.8,325,75,1602.04,1544.65,1662.3
2627,2021-03-07 15:26:00,1583.8,1583.8,1583.8,1583.8,325,75,1602.04,1544.65,1662.3
2628,2021-03-07 15:27:00,1583.8,1583.8,1583.8,1583.8,325,75,1602.04,1544.65,1662.3
2629,2021-03-07 15:28:00,1583.8,1583.8,1583.8,1583.8,325,75,1602.04,1544.65,1662.3
2630,2021-03-07 15:29:00,1583.8,1583.8,1583.8,1583.8,325,75,1602.04,1544.65,1662.3
2631,2021-03-07 15:30:00,1583.8,1583.8,1583.8,1583.8,325,75,1602.04,1544.65,1662.3
2632,2021-03-08 09:15:00,1583.8,1583.8,1583.8,1583.8,325,75,1602.04,1544.65,1662.3
2633,2021-03-08 09:16:00,1583.8,1583.8,1583.8,1583.8,325,75,1602.04,1544.65,1662.3
2634,2021-03-08 09:17:00,1583.8,1583.8,1583.8,1583.8,325,75,1602.04,1544.65,1662.3
2635,2021-03-08 09:18:00,1583.8,1583.8,1583.8,1583.8,325,75,1602.04,1544.65,1662.3
2636,2021-03-08 09:19:00,1583.8,1583.8,1583.8,1583.8,325,75,1602.04,1544.65,1662.3
2637,2021-03-08 09:20:00,1583.8,1583.8,1583.8,1583.8,325,75,1602.04,1544.65,1662.3
2638,2021-03-08 09:21:00,1583.8,1583.8,1583.8,1583.8,325,75,1602.04,1544.65,1662.3
2639,2021-03-08 09:22:00,1583.8,1583.8,1583.8,1583.8,325,75,1602.04,1544.65,1662.3
2640,2021-03-08 09:23:00,1583.8,1583.8,1583.8,1583.8,325,75,1602.04,1544.65,1662.3
2641,2021-03-08 09:24:00,1583.8,1583.8,1583.8,1583.8,325,75,1602.04,1544.65,1662.3
2642,2021-03-08 09:25:00,1583.8,1583.8,1583.8,1583.8,325,75,1602.04,1544.65,1662.3
2643,2021-03-08 09:26:00,1583.8,1583.8,1583.8,1583.8,325,75,1602.04,1544.65,1662.3
2644,2021-03-08 09:27:00,1583.8,1583.8,1583.8,1583.8,325,75,1602.04,1544.65,1662.3
2645,2021-03-08 09:28:00,1583.8,1583.8,1583.8,1583.8,325,75,1602.04,1544.65,1662.3
2646,2021-03-08 09:29:00,1583.8,1583.8,1583.8,1583.8,325,75,1602.04,1544.65,1662.3
2647,2021-03-08 09:30:00,1583.8,1583.8,1583.8,1583.8,325,75,1602.04,1544.65,1662.3
2648,2021-03-08 09:31:00,1583.8,1583.8,1583.8,1583.8,325,75,1602.04,1544.65,1662.3
2649,2021-03-08 09:32:00,1583.8,1583.8,1583.8,1583.8,325,75,1602.04,1544.65,1662.3
2650,2021-03-08 09:33:00,1583.8,1583.8,1583.8,1583.8,325,75,1602.04,1544.65,1662.3
2651,2021-03-08 09:34:00,1583.8,1583.8,1583.8,1583.8,325,75,1602.04,1544.65,1662.3
2652,2021-03-08 09:35:00,1583.8,1583.8,1583.8,1583.8,325,75,1602.04,1544.65,1662.3
2653,2021-03-08 09:36:00,1583.8,1583.8,1583.8,1583.8,325,75,1602.04,1544.65,1662.3
2654,2021-03-08 09:37:00,1583.8,1583.8,1583.8,1583.8,325,75,1602.04,1544.65,1662.3
2655,2021-03-08 09:38:00,1583.8,1583.8,1583.8,1583.8,325,75,1602.04,1544.65,1662.3
2656,2021-03-08 09:39:00,1583.8,1583.8,1583.8,1583.8,325,75,1602.04,1544.65,1662.3
2657,2021-03-08 09:40:00,1583.8,1583.8,1583.8,1583.8,325,75,1602.04,1544.65,1662.3
2658,2021-03-08 09:41:00,1583.8,1583.8,1583.8,1583.8,325,75,1602.04,1544.65,1662.3
2659,2021-03-08 09:42:00,1583.8,1583.8,1583.8,1583.8,325,75,1602.04,1544.65,1662.3
2660,2021-03-08 09:43:00,1583.8,1583.8,1583.8,1583.8,325,75,1602.04,1544.65,1662.3
2661,2021-03-08 09:44:00,1583.8,1583.8,1583.8,1583.8,325,75,1602.04,1544.65,1662.3
2662,2021-03-08 09:45:00,1583.8,1583.8,1583.8,1583.8,325,75,1602.04,1544.65,1662.3
2663,2021-03-08 09:46:00,1583.8,1583.8,1583.8,1583.8,325,75,1602.04,1544.65,1662.3
2664,2021-03-08 09:47:00,1583.8,1583.8,1583.8,1583.8,325,75,1602.04,1544.65,1662.3
2665,2021-03-08 09:48:00,1583.8,1583.8,1583.8,1583.8,325,75,1602.04,1544.65,1662.3
2666,2021-03-08 09:49:00,1583.8,1583.8,1583.8,1583.8,325,75,1602.04,1544.65,1662.3
2667,2021-03-08 09:50:00,1583.8,1583.8,1583.8,1583.8,325,75,1602.04,1544.65,1662.3
2668,2021-03-08 09:51:00,1583.8,1583.8,1583.8,1583.8,325,75,1602.04,1544.65,1662.3
2669,2021-03-08 09:52:00,1583.8,1583.8,1583.8,1583.8,325,75,1602.04,1544.65,1662.3
2670,2021-03-08 09:53:00,1583.8,1583.8,1583.8,1583.8,325,75,1602.04,1544.65,1662.3
2671,2021-03-08 09:54:00,1583.8,1583.8,1583.8,1583.8,325,75,1602.04,1544.65,1662.3
2672,2021-03-08 09:55:00,1583.8,1583.8,1583.8,1583.8,325,75,1602.04,1544.65,1662.3
2673,2021-03-08 09:56:00,1583.8,1583.8,1583.8,1583.8,325,75,1602.04,1544.65,1662.3
2674,2021-03-08 09:57:00,1583.8,1583.8,1583.8,1583.8,325,75,1602.04,1544.65,1662.3
2675,2021-03-08 09:58:00,1583.8,1583.8,1583.8,1583.8,325,75,1602.04,1544.65,1662.3
2676,2021-03-08 09:59:00,1583.8,1583.8,1583.8,1583.8,325,75,1602.04,1544.65,1662.3
2677,2021-03-08 10:00:00,1583.8,1583.8,1583.8,1583.8,325,75,1602.04,1544.65,1662.3
2678,2021-03-08 10:01:00,1583.8,1583.8,1583.8,1583.8,325,75,1602.04,1544.65,1662.3
2679,2021-03-08 10:02:00,1583.8,1583.8,1583.8,1583.8,325,75,1602.04,1544.65,1662.3
2680,2021-03-08 10:03:00,1583.8,1583.8,1583.8,1583.8,325,75,1602.04,1544.65,1662.3
2681,2021-03-08 10:04:00,1583.8,1583.8,1583.8,1583.8,325,75,1602.04,1544.65,1662.3
2682,2021-03-08 10:05:00,1583.8,1583.8,1583.8,1583.8,325,75,1602.04,1544.65,1662.3
2683,2021-03-08 10:06:00,1583.8,1583.8,1583.8,1583.8,325,75,1602.04,1544.65,1662.3
2684,2021-03-08 10:07:00,1583.8,1583.8,1583.8,1583.8,325,75,1602.04,1544.65,1662.3
2685,2021-03-08 10:08:00,1583.8,1583.8,1583.8,1583.8,325,75,1602.04,1544.65,1662.3
2686,2021-03-08 10:09:00,1379.45,1379.45,1379.45,1379.45,25,0,1379.45,1325.5,1423.55
2687,2021-03-08 10:10:00,1379.45,1379.45,1379.45,1379.45,25,0,1379.45,1325.5,1423.55
2688,2021-03-08 10:11:00,1379.45,1379.45,1379.45,1379.45,25,0,1379.45,1325.5,1423.55
2689,2021-03-08 10:12:00,1379.45,1379.45,1379.45,1379.45,25,0,1379.45,1325.5,1423.55
2690,2021-03-08 10:13:00,1379.45,1379.45,1379.45,1379.45,25,0,1379.45,1325.5,1423.55
2691,2021-03-08 10:14:00,1379.45,1379.45,1379.45,1379.45,25,0,1379.45,1325.5,1423.55
2692,2021-03-08 10:15:00,1379.45,1379.45,1379.45,1379.45,25,0,1379.45,1325.5,1423.55
2693,2021-03-08 10:16:00,1379.45,1379.45,1379.45,1379.45,25,0,1379.45,1325.5,1423.55
2694,2021-03-08 10:17:00,1379.45,1379.45,1379.45,1379.45,25,0,1379.45,1325.5,1423.55
2695,2021-03-08 10:18:00,1379.45,1379.45,1379.45,1379.45,25,0,1379.45,1325.5,1423.55
2696,2021-03-08 10:19:00,1379.45,1379.45,1379.45,1379.45,25,0,1379.45,1325.5,1423.55
2697,2021-03-08 10:20:00,1379.45,1379.45,1379.45,1379.45,25,0,1379.45,1325.5,1423.55
2698,2021-03-08 10:21:00,1379.45,1379.45,1379.45,1379.45,25,0,1379.45,1325.5,1423.55
2699,2021-03-08 10:22:00,1379.45,1379.45,1379.45,1379.45,25,0,1379.45,1325.5,1423.55
2700,2021-03-08 10:23:00,1379.45,1379.45,1379.45,1379.45,25,0,1379.45,1325.5,1423.55
2701,2021-03-08 10:24:00,1379.45,1379.45,1379.45,1379.45,25,0,1379.45,1325.5,1423.55
2702,2021-03-08 10:25:00,1379.45,1379.45,1379.45,1379.45,25,0,1379.45,1325.5,1423.55
2703,2021-03-08 10:26:00,1379.45,1379.45,1379.45,1379.45,25,0,1379.45,1325.5,1423.55
2704,2021-03-08 10:27:00,1379.45,1379.45,1379.45,1379.45,25,0,1379.45,1325.5,1423.55
2705,2021-03-08 10:28:00,1379.45,1379.45,1379.45,1379.45,25,0,1379.45,1325.5,1423.55
2706,2021-03-08 10:29:00,1379.45,1379.45,1379.45,1379.45,25,0,1379.45,1325.5,1423.55
2707,2021-03-08 10:30:00,1379.45,1379.45,1379.45,1379.45,25,0,1379.45,1325.5,1423.55
2708,2021-03-08 10:31:00,1379.45,1379.45,1379.45,1379.45,25,0,1379.45,1325.5,1423.55
2709,2021-03-08 10:32:00,1379.45,1379.45,1379.45,1379.45,25,0,1379.45,1325.5,1423.55
2710,2021-03-08 10:33:00,1379.45,1379.45,1379.45,1379.45,25,0,1379.45,1325.5,1423.55
2711,2021-03-08 10:34:00,1379.45,1379.45,1379.45,1379.45,25,0,1379.45,1325.5,1423.55
2712,2021-03-08 10:35:00,1379.45,1379.45,1379.45,1379.45,25,0,1379.45,1325.5,1423.55
2713,2021-03-08 10:36:00,1379.45,1379.45,1379.45,1379.45,25,0,1379.45,1325.5,1423.55
2714,2021-03-08 10:37:00,1379.45,1379.45,1379.45,1379.45,25,0,1379.45,1325.5,1423.55
2715,2021-03-08 10:38:00,1379.45,1379.45,1379.45,1379.45,25,0,1379.45,1325.5,1423.55
2716,2021-03-08 10:39:00,1379.45,1379.45,1379.45,1379.45,25,0,1379.45,1325.5,1423.55
2717,2021-03-08 10:40:00,1379.45,1379.45,1379.45,1379.45,25,0,1379.45,1325.5,1423.55
2718,2021-03-08 10:41:00,1379.45,1379.45,1379.45,1379.45,25,0,1379.45,1325.5,1423.55
2719,2021-03-08 10:42:00,1379.45,1379.45,1379.45,1379.45,25,0,1379.45,1325.5,1423.55
2720,2021-03-08 10:43:00,1379.45,1379.45,1379.45,1379.45,25,0,1379.45,1325.5,1423.55
2721,2021-03-08 10:44:00,1379.45,1379.45,1379.45,1379.45,25,0,1379.45,1325.5,1423.55
2722,2021-03-08 10:45:00,1613.4,1613.4,1613.4,1613.4,25,400,1496.42,1523.3,1677.85
2723,2021-03-08 10:46:00,1613.4,1613.4,1613.4,1613.4,25,400,1496.42,1523.3,1677.85
2724,2021-03-08 10:47:00,1613.4,1613.4,1613.4,1613.4,25,400,1496.42,1523.3,1677.85
2725,2021-03-08 10:48:00,1613.4,1613.4,1613.4,1613.4,25,400,1496.42,1523.3,1677.85
2726,2021-03-08 10:49:00,1613.4,1613.4,1613.4,1613.4,25,400,1496.42,1523.3,1677.85
2727,2021-03-08 10:50:00,1613.4,1613.4,1613.4,1613.4,25,400,1496.42,1523.3,1677.85
2728,2021-03-08 10:51:00,1613.4,1613.4,1613.4,1613.4,25,400,1496.42,1523.3,1677.85
2729,2021-03-08 10:52:00,1613.4,1613.4,1613.4,1613.4,25,400,1496.42,1523.3,1677.85
2730,2021-03-08 10:53:00,1613.4,1613.4,1613.4,1613.4,25,400,1496.42,1523.3,1677.85
2731,2021-03-08 10:54:00,1613.4,1613.4,1613.4,1613.4,25,400,1496.42,1523.3,1677.85
2732,2021-03-08 10:55:00,1613.4,1613.4,1613.4,1613.4,25,400,1496.42,1523.3,1677.85
2733,2021-03-08 10:56:00,1613.4,1613.4,1613.4,1613.4,25,400,1496.42,1523.3,1677.85
2734,2021-03-08 10:57:00,1613.4,1613.4,1613.4,1613.4,25,400,1496.42,1523.3,1677.85
2735,2021-03-08 10:58:00,1613.4,1613.4,1613.4,1613.4,25,400,1496.42,1523.3,1677.85
2736,2021-03-08 10:59:00,1613.4,1613.4,1613.4,1613.4,25,400,1496.42,1523.3,1677.85
2737,2021-03-08 11:00:00,1613.4,1613.4,1613.4,1613.4,25,400,1496.42,1523.3,1677.85
2738,2021-03-08 11:01:00,1613.4,1613.4,1613.4,1613.4,25,400,1496.42,1523.3,1677.85
2739,2021-03-08 11:02:00,1606.75,1606.75,1606.75,1606.75,25,400,1533.2,1550.8,1640.15
2740,2021-03-08 11:03:00,1606.75,1606.75,1606.75,1606.75,25,400,1533.2,1550.8,1640.15
2741,2021-03-08 11:04:00,1606.75,1606.75,1606.75,1606.75,25,400,1533.2,1550.8,1640.15
2742,2021-03-08 11:05:00,1606.75,1606.75,1606.75,1606.75,25,400,1533.2,1550.8,1640.15
2743,2021-03-08 11:06:00,1606.75,1606.75,1606.75,1606.75,25,400,1533.2,1550.8,1640.15
2744,2021-03-08 11:07:00,1606.75,1606.75,1606.75,1606.75,25,400,1533.2,1550.8,1640.15
2745,2021-03-08 11:08:00,1606.75,1606.75,1606.75,1606.75,25,400,1533.2,1550.8,1640.15
2746,2021-03-08 11:09:00,1606.75,1606.75,1606.75,1606.75,25,400,1533.2,1550.8,1640.15
2747,2021-03-08 11:10:00,1606.75,1606.75,1606.75,1606.75,25,400,1533.2,1550.8,1640.15
2748,2021-03-08 11:11:00,1606.75,1606.75,1606.75,1606.75,25,400,1533.2,1550.8,1640.15
2749,2021-03-08 11:12:00,1606.75,1606.75,1606.75,1606.75,25,400,1533.2,1550.8,1640.15
2750,2021-03-08 11:13:00,1606.75,1606.75,1606.75,1606.75,25,400,1533.2,1550.8,1640.15
2751,2021-03-08 11:14:00,1606.75,1606.75,1606.75,1606.75,25,400,1533.2,1550.8,1640.15
2752,2021-03-08 11:15:00,1606.75,1606.75,1606.75,1606.75,25,400,1533.2,1550.8,1640.15
2753,2021-03-08 11:16:00,1606.75,1606.75,1606.75,1606.75,25,400,1533.2,1550.8,1640.15
2754,2021-03-08 11:17:00,1606.75,1606.75,1606.75,1606.75,25,400,1533.2,1550.8,1640.15
2755,2021-03-08 11:18:00,1606.75,1606.75,1606.75,1606.75,25,400,1533.2,1550.8,1640.15
2756,2021-03-08 11:19:00,1606.75,1606.75,1606.75,1606.75,25,400,1533.2,1550.8,1640.15
2757,2021-03-08 11:20:00,1606.75,1606.75,1606.75,1606.75,25,400,1533.2,1550.8,1640.15
2758,2021-03-08 11:21:00,1606.75,1606.75,1606.75,1606.75,25,400,1533.2,1550.8,1640.15
2759,2021-03-08 11:22:00,1606.75,1606.75,1606.75,1606.75,25,400,1533.2,1550.8,1640.15
2760,2021-03-08 11:23:00,1554.1,1554.1,1554.1,1554.1,25,0,1538.42,1520.4,1593.65
2761,2021-03-08 11:24:00,1554.1,1554.1,1554.1,1554.1,25,0,1538.42,1520.4,1593.65
2762,2021-03-08 11:25:00,1554.1,1554.1,1554.1,1554.1,25,0,1538.42,1520.4,1593.65
2763,2021-03-08 11:26:00,1554.1,1554.1,1554.1,1554.1,25,0,1538.42,1520.4,1593.65
2764,2021-03-08 11:27:00,1554.1,1554.1,1554.1,1554.1,25,0,1538.42,1520.4,1593.65
2765,2021-03-08 11:28:00,1570.6,1570.6,1570.6,1570.6,25,400,1544.86,1525.0,1607.35
2766,2021-03-08 11:29:00,1570.6,1570.6,1570.6,1570.6,25,400,1544.86,1525.0,1607.35
2767,2021-03-08 11:30:00,1570.6,1570.6,1570.6,1570.6,25,400,1544.86,1525.0,1607.35
2768,2021-03-08 11:31:00,1570.6,1570.6,1570.6,1570.6,25,400,1544.86,1525.0,1607.35
2769,2021-03-08 11:32:00,1570.6,1570.6,1570.6,1570.6,25,400,1544.86,1525.0,1607.35
2770,2021-03-08 11:33:00,1570.6,1570.6,1570.6,1570.6,25,400,1544.86,1525.0,1607.35
2771,2021-03-08 11:34:00,1570.6,1570.6,1570.6,1570.6,25,400,1544.86,1525.0,1607.35
2772,2021-03-08 11:35:00,1570.6,1570.6,1570.6,1570.6,25,400,1544.86,1525.0,1607.35
2773,2021-03-08 11:36:00,1570.6,1570.6,1570.6,1570.6,25,400,1544.86,1525.0,1607.35
2774,2021-03-08 11:37:00,1570.6,1570.6,1570.6,1570.6,25,400,1544.86,1525.0,1607.35
2775,2021-03-08 11:38:00,1570.6,1570.6,1570.6,1570.6,25,400,1544.86,1525.0,1607.35
2776,2021-03-08 11:39:00,1570.6,1570.6,1570.6,1570.6,25,400,1544.86,1525.0,1607.35
2777,2021-03-08 11:40:00,1570.6,1570.6,1570.6,1570.6,25,400,1544.86,1525.0,1607.35
2778,2021-03-08 11:41:00,1570.6,1570.6,1570.6,1570.6,25,400,1544.86,1525.0,1607.35
2779,2021-03-08 11:42:00,1570.6,1570.6,1570.6,1570.6,25,400,1544.86,1525.0,1607.35
2780,2021-03-08 11:43:00,1570.6,1570.6,1570.6,1570.6,25,400,1544.86,1525.0,1607.35
2781,2021-03-08 11:44:00,1570.6,1570.6,1570.6,1570.6,25,400,1544.86,1525.0,1607.35
2782,2021-03-08 11:45:00,1570.6,1570.6,1570.6,1570.6,25,400,1544.86,1525.0,1607.35
2783,2021-03-08 11:46:00,1570.6,1570.6,1570.6,1570.6,25,400,1544.86,1525.0,1607.35
2784,2021-03-08 11:47:00,1570.6,1570.6,1570.6,1570.6,25,400,1544.86,1525.0,1607.35
2785,2021-03-08 11:48:00,1570.6,1570.6,1570.6,1570.6,25,400,1544.86,1525.0,1607.35
2786,2021-03-08 11:49:00,1570.6,1570.6,1570.6,1570.6,25,400,1544.86,1525.0,1607.35
2787,2021-03-08 11:50:00,1570.6,1570.6,1570.6,1570.6,25,400,1544.86,1525.0,1607.35
2788,2021-03-08 11:51:00,1570.6,1570.6,1570.6,1570.6,25,400,1544.86,1525.0,1607.35
2789,2021-03-08 11:52:00,1570.6,1570.6,1570.6,1570.6,25,400,1544.86,1525.0,1607.35
2790,2021-03-08 11:53:00,1570.6,1570.6,1570.6,1570.6,25,400,1544.86,1525.0,1607.35
2791,2021-03-08 11:54:00,1570.6,1570.6,1570.6,1570.6,25,400,1544.86,1525.0,1607.35
2792,2021-03-08 11:55:00,1570.6,1570.6,1570.6,1570.6,25,400,1544.86,1525.0,1607.35
2793,2021-03-08 11:56:00,1570.6,1570.6,1570.6,1570.6,25,400,1544.86,1525.0,1607.35
2794,2021-03-08 11:57:00,1570.6,1570.6,1570.6,1570.6,25,400,1544.86,1525.0,1607.35
2795,2021-03-08 11:58:00,1570.6,1570.6,1570.6,1570.6,25,400,1544.86,1525.0,1607.35
2796,2021-03-08 11:59:00,1570.6,1570.6,1570.6,1570.6,25,400,1544.86,1525.0,1607.35
2797,2021-03-08 12:00:00,1570.6,1570.6,1570.6,1570.6,25,400,1544.86,1525.0,1607.35
2798,2021-03-08 12:01:00,1570.6,1570.6,1570.6,1570.6,25,400,1544.86,1525.0,1607.35
2799,2021-03-08 12:02:00,1570.6,1570.6,1570.6,1570.6,25,400,1544.86,1525.0,1607.35
2800,2021-03-08 12:03:00,1570.6,1570.6,1570.6,1570.6,25,400,1544.86,1525.0,1607.35
2801,2021-03-08 12:04:00,1570.6,1570.6,1570.6,1570.6,25,400,1544.86,1525.0,1607.35
2802,2021-03-08 12:05:00,1570.6,1570.6,1570.6,1570.6,25,400,1544.86,1525.0,1607.35
2803,2021-03-08 12:06:00,1570.6,1570.6,1570.6,1570.6,25,400,1544.86,1525.0,1607.35
2804,2021-03-08 12:07:00,1570.6,1570.6,1570.6,1570.6,25,400,1544.86,1525.0,1607.35
2805,2021-03-08 12:08:00,1570.6,1570.6,1570.6,1570.6,25,400,1544.86,1525.0,1607.35
2806,2021-03-08 12:09:00,1570.6,1570.6,1570.6,1570.6,25,400,1544.86,1525.0,1607.35
2807,2021-03-08 12:10:00,1570.6,1570.6,1570.6,1570.6,25,400,1544.86,1525.0,1607.35
2808,2021-03-08 12:11:00,1570.6,1570.6,1570.6,1570.6,25,400,1544.86,1525.0,1607.35
2809,2021-03-08 12:12:00,1570.6,1570.6,1570.6,1570.6,25,400,1544.86,1525.0,1607.35
2810,2021-03-08 12:13:00,1570.6,1570.6,1570.6,1570.6,25,400,1544.86,1525.0,1607.35
2811,2021-03-08 12:14:00,1570.6,1570.6,1570.6,1570.6,25,400,1544.86,1525.0,1607.35
2812,2021-03-08 12:15:00,1570.6,1570.6,1570.6,1570.6,25,400,1544.86,1525.0,1607.35
2813,2021-03-08 12:16:00,1570.6,1570.6,1570.6,1570.6,25,400,1544.86,1525.0,1607.35
2814,2021-03-08 12:17:00,1570.6,1570.6,1570.6,1570.6,25,400,1544.86,1525.0,1607.35
2815,2021-03-08 12:18:00,1570.6,1570.6,1570.6,1570.6,25,400,1544.86,1525.0,1607.35
2816,2021-03-08 12:19:00,1570.6,1570.6,1570.6,1570.6,25,400,1544.86,1525.0,1607.35
2817,2021-03-08 12:20:00,1570.6,1570.6,1570.6,1570.6,25,400,1544.86,1525.0,1607.35
2818,2021-03-08 12:21:00,1570.6,1570.6,1570.6,1570.6,25,400,1544.86,1525.0,1607.35
2819,2021-03-08 12:22:00,1570.6,1570.6,1570.6,1570.6,25,400,1544.86,1525.0,1607.35
2820,2021-03-08 12:23:00,1570.6,1570.6,1570.6,1570.6,25,400,1544.86,1525.0,1607.35
2821,2021-03-08 12:24:00,1570.6,1570.6,1570.6,1570.6,25,400,1544.86,1525.0,1607.35
2822,2021-03-08 12:25:00,1570.6,1570.6,1570.6,1570.6,25,400,1544.86,1525.0,1607.35
2823,2021-03-08 12:26:00,1570.6,1570.6,1570.6,1570.6,25,400,1544.86,1525.0,1607.35
2824,2021-03-08 12:27:00,1570.6,1570.6,1570.6,1570.6,25,400,1544.86,1525.0,1607.35
2825,2021-03-08 12:28:00,1570.6,1570.6,1570.6,1570.6,25,400,1544.86,1525.0,1607.35
2826,2021-03-08 12:29:00,1570.6,1570.6,1570.6,1570.6,25,400,1544.86,1525.0,1607.35
2827,2021-03-08 12:30:00,1570.6,1570.6,1570.6,1570.6,25,400,1544.86,1525.0,1607.35
2828,2021-03-08 12:31:00,1570.6,1570.6,1570.6,1570.6,25,400,1544.86,1525.0,1607.35
2829,2021-03-08 12:32:00,1570.6,1570.6,1570.6,1570.6,25,400,1544.86,1525.0,1607.35
2830,2021-03-08 12:33:00,1570.6,1570.6,1570.6,1570.6,25,400,1544.86,1525.0,1607.35
2831,2021-03-08 12:34:00,1570.6,1570.6,1570.6,1570.6,25,400,1544.86,1525.0,1607.35
2832,2021-03-08 12:35:00,1570.6,1570.6,1570.6,1570.6,25,400,1544.86,1525.0,1607.35
2833,2021-03-08 12:36:00,1570.6,1570.6,1570.6,1570.6,25,400,1544.86,1525.0,1607.35
2834,2021-03-08 12:37:00,1570.6,1570.6,1570.6,1570.6,25,400,1544.86,1525.0,1607.35
2835,2021-03-08 12:38:00,1570.6,1570.6,1570.6,1570.6,25,400,1544.86,1525.0,1607.35
2836,2021-03-08 12:39:00,1570.6,1570.6,1570.6,1570.6,25,400,1544.86,1525.0,1607.35
2837,2021-03-08 12:40:00,1570.6,1570.6,1570.6,1570.6,25,400,1544.86,1525.0,1607.35
2838,2021-03-08 12:41:00,1570.6,1570.6,1570.6,1570.6,25,400,1544.86,1525.0,1607.35
2839,2021-03-08 12:42:00,1570.6,1570.6,1570.6,1570.6,25,400,1544.86,1525.0,1607.35
2840,2021-03-08 12:43:00,1570.6,1570.6,1570.6,1570.6,25,400,1544.86,1525.0,1607.35
2841,2021-03-08 12:44:00,1570.6,1570.6,1570.6,1570.6,25,400,1544.86,1525.0,1607.35
2842,2021-03-08 12:45:00,1570.6,1570.6,1570.6,1570.6,25,400,1544.86,1525.0,1607.35
2843,2021-03-08 12:46:00,1570.6,1570.6,1570.6,1570.6,25,400,1544.86,1525.0,1607.35
2844,2021-03-08 12:47:00,1570.6,1570.6,1570.6,1570.6,25,400,1544.86,1525.0,1607.35
2845,2021-03-08 12:48:00,1570.6,1570.6,1570.6,1570.6,25,400,1544.86,1525.0,1607.35
2846,2021-03-08 12:49:00,1570.6,1570.6,1570.6,1570.6,25,400,1544.86,1525.0,1607.35
2847,2021-03-08 12:50:00,1570.6,1570.6,1570.6,1570.6,25,400,1544.86,1525.0,1607.35
2848,2021-03-08 12:51:00,1570.6,1570.6,1570.6,1570.6,25,400,1544.86,1525.0,1607.35
2849,2021-03-08 12:52:00,1570.6,1570.6,1570.6,1570.6,25,400,1544.86,1525.0,1607.35
2850,2021-03-08 12:53:00,1570.6,1570.6,1570.6,1570.6,25,400,1544.86,1525.0,1607.35
2851,2021-03-08 12:54:00,1570.6,1570.6,1570.6,1570.6,25,400,1544.86,1525.0,1607.35
2852,2021-03-08 12:55:00,1570.6,1570.6,1570.6,1570.6,25,400,1544.86,1525.0,1607.35
2853,2021-03-08 12:56:00,1570.6,1570.6,1570.6,1570.6,25,400,1544.86,1525.0,1607.35
2854,2021-03-08 12:57:00,1570.6,1570.6,1570.6,1570.6,25,400,1544.86,1525.0,1607.35
2855,2021-03-08 12:58:00,1570.6,1570.6,1570.6,1570.6,25,400,1544.86,1525.0,1607.35
2856,2021-03-08 12:59:00,1570.6,1570.6,1570.6,1570.6,25,400,1544.86,1525.0,1607.35
2857,2021-03-08 13:00:00,1570.6,1570.6,1570.6,1570.6,25,400,1544.86,1525.0,1607.35
2858,2021-03-08 13:01:00,1570.6,1570.6,1570.6,1570.6,25,400,1544.86,1525.0,1607.35
2859,2021-03-08 13:02:00,1570.6,1570.6,1570.6,1570.6,25,400,1544.86,1525.0,1607.35
2860,2021-03-08 13:03:00,1570.6,1570.6,1570.6,1570.6,25,400,1544.86,1525.0,1607.35
2861,2021-03-08 13:04:00,1570.6,1570.6,1570.6,1570.6,25,400,1544.86,1525.0,1607.35
2862,2021-03-08 13:05:00,1570.6,1570.6,1570.6,1570.6,25,400,1544.86,1525.0,1607.35
2863,2021-03-08 13:06:00,1570.6,1570.6,1570.6,1570.6,25,400,1544.86,1525.0,1607.35
2864,2021-03-08 13:07:00,1570.6,1570.6,1570.6,1570.6,25,400,1544.86,1525.0,1607.35
2865,2021-03-08 13:08:00,1570.6,1570.6,1570.6,1570.6,25,400,1544.86,1525.0,1607.35
2866,2021-03-08 13:09:00,1570.6,1570.6,1570.6,1570.6,25,400,1544.86,1525.0,1607.35
2867,2021-03-08 13:10:00,1570.6,1570.6,1570.6,1570.6,25,400,1544.86,1525.0,1607.35
2868,2021-03-08 13:11:00,1570.6,1570.6,1570.6,1570.6,25,400,1544.86,1525.0,1607.35
2869,2021-03-08 13:12:00,1570.6,1570.6,1570.6,1570.6,25,400,1544.86,1525.0,1607.35
2870,2021-03-08 13:13:00,1570.6,1570.6,1570.6,1570.6,25,400,1544.86,1525.0,1607.35
2871,2021-03-08 13:14:00,1570.6,1570.6,1570.6,1570.6,25,400,1544.86,1525.0,1607.35
2872,2021-03-08 13:15:00,1570.6,1570.6,1570.6,1570.6,25,400,1544.86,1525.0,1607.35
2873,2021-03-08 13:16:00,1570.6,1570.6,1570.6,1570.6,25,400,1544.86,1525.0,1607.35
2874,2021-03-08 13:17:00,1570.6,1570.6,1570.6,1570.6,25,400,1544.86,1525.0,1607.35
2875,2021-03-08 13:18:00,1570.6,1570.6,1570.6,1570.6,25,400,1544.86,1525.0,1607.35
2876,2021-03-08 13:19:00,1598.5,1598.5,1598.5,1598.5,25,400,1553.8,1552.65,1624.5
2877,2021-03-08 13:20:00,1598.5,1598.5,1598.5,1598.5,25,400,1553.8,1552.65,1624.5
2878,2021-03-08 13:21:00,1598.5,1598.5,1598.5,1598.5,25,400,1553.8,1552.65,1624.5
2879,2021-03-08 13:22:00,1598.5,1598.5,1598.5,1598.5,25,400,1553.8,1552.65,1624.5
2880,2021-03-08 13:23:00,1598.5,1598.5,1598.5,1598.5,25,400,1553.8,1552.65,1624.5
2881,2021-03-08 13:24:00,1598.5,1598.5,1598.5,1598.5,25,400,1553.8,1552.65,1624.5
2882,2021-03-08 13:25:00,1598.5,1598.5,1598.5,1598.5,25,400,1553.8,1552.65,1624.5
2883,2021-03-08 13:26:00,1598.5,1598.5,1598.5,1598.5,25,400,1553.8,1552.65,1624.5
2884,2021-03-08 13:27:00,1598.5,1598.5,1598.5,1598.5,25,400,1553.8,1552.65,1624.5
2885,2021-03-08 13:28:00,1598.5,1598.5,1598.5,1598.5,25,400,1553.8,1552.65,1624.5
2886,2021-03-08 13:29:00,1598.5,1598.5,1598.5,1598.5,25,400,1553.8,1552.65,1624.5
2887,2021-03-08 13:30:00,1598.5,1598.5,1598.5,1598.5,25,400,1553.8,1552.65,1624.5
2888,2021-03-08 13:31:00,1598.5,1598.5,1598.5,1598.5,25,400,1553.8,1552.65,1624.5
2889,2021-03-08 13:32:00,1598.5,1598.5,1598.5,1598.5,25,400,1553.8,1552.65,1624.5
2890,2021-03-08 13:33:00,1598.5,1598.5,1598.5,1598.5,25,400,1553.8,1552.65,1624.5
2891,2021-03-08 13:34:00,1598.5,1598.5,1598.5,1598.5,25,400,1553.8,1552.65,1624.5
2892,2021-03-08 13:35:00,1598.5,1598.5,1598.5,1598.5,25,400,1553.8,1552.65,1624.5
2893,2021-03-08 13:36:00,1598.5,1598.5,1598.5,1598.5,25,400,1553.8,1552.65,1624.5
2894,2021-03-08 13:37:00,1598.5,1598.5,1598.5,1598.5,25,400,1553.8,1552.65,1624.5
2895,2021-03-08 13:38:00,1598.5,1598.5,1598.5,1598.5,25,400,1553.8,1552.65,1624.5
2896,2021-03-08 13:39:00,1598.5,1598.5,1598.5,1598.5,25,400,1553.8,1552.65,1624.5
2897,2021-03-08 13:40:00,1598.5,1598.5,1598.5,1598.5,25,400,1553.8,1552.65,1624.5
2898,2021-03-08 13:41:00,1598.5,1598.5,1598.5,1598.5,25,400,1553.8,1552.65,1624.5
2899,2021-03-08 13:42:00,1598.5,1598.5,1598.5,1598.5,25,400,1553.8,1552.65,1624.5
2900,2021-03-08 13:43:00,1598.5,1598.5,1598.5,1598.5,25,400,1553.8,1552.65,1624.5
2901,2021-03-08 13:44:00,1598.5,1598.5,1598.5,1598.5,25,400,1553.8,1552.65,1624.5
2902,2021-03-08 13:45:00,1598.5,1598.5,1598.5,1598.5,25,400,1553.8,1552.65,1624.5
2903,2021-03-08 13:46:00,1598.5,1598.5,1598.5,1598.5,25,400,1553.8,1552.65,1624.5
2904,2021-03-08 13:47:00,1598.5,1598.5,1598.5,1598.5,25,400,1553.8,1552.65,1624.5
2905,2021-03-08 13:48:00,1598.5,1598.5,1598.5,1598.5,25,400,1553.8,1552.65,1624.5
2906,2021-03-08 13:49:00,1598.5,1598.5,1598.5,1598.5,25,400,1553.8,1552.65,1624.5
2907,2021-03-08 13:50:00,1598.5,1598.5,1598.5,1598.5,25,400,1553.8,1552.65,1624.5
2908,2021-03-08 13:51:00,1598.5,1598.5,1598.5,1598.5,25,400,1553.8,1552.65,1624.5
2909,2021-03-08 13:52:00,1598.5,1598.5,1598.5,1598.5,25,400,1553.8,1552.65,1624.5
2910,2021-03-08 13:53:00,1598.5,1598.5,1598.5,1598.5,25,400,1553.8,1552.65,1624.5
2911,2021-03-08 13:54:00,1598.5,1598.5,1598.5,1598.5,25,400,1553.8,1552.65,1624.5
2912,2021-03-08 13:55:00,1598.5,1598.5,1598.5,1598.5,25,400,1553.8,1552.65,1624.5
2913,2021-03-08 13:56:00,1598.5,1598.5,1598.5,1598.5,25,400,1553.8,1552.65,1624.5
2914,2021-03-08 13:57:00,1598.5,1598.5,1598.5,1598.5,25,400,1553.8,1552.65,1624.5
2915,2021-03-08 13:58:00,1598.5,1598.5,1598.5,1598.5,25,400,1553.8,1552.65,1624.5
2916,2021-03-08 13:59:00,1598.5,1598.5,1598.5,1598.5,25,400,1553.8,1552.65,1624.5
2917,2021-03-08 14:00:00,1598.5,1598.5,1598.5,1598.5,25,400,1553.8,1552.65,1624.5
2918,2021-03-08 14:01:00,1598.5,1598.5,1598.5,1598.5,25,400,1553.8,1552.65,1624.5
2919,2021-03-08 14:02:00,1598.5,1598.5,1598.5,1598.5,25,400,1553.8,1552.65,1624.5
2920,2021-03-08 14:03:00,1598.5,1598.5,1598.5,1598.5,25,400,1553.8,1552.65,1624.5
2921,2021-03-08 14:04:00,1598.5,1598.5,1598.5,1598.5,25,400,1553.8,1552.65,1624.5
2922,2021-03-08 14:05:00,1598.5,1598.5,1598.5,1598.5,25,400,1553.8,1552.65,1624.5
2923,2021-03-08 14:06:00,1598.5,1598.5,1598.5,1598.5,25,400,1553.8,1552.65,1624.5
2924,2021-03-08 14:07:00,1598.5,1598.5,1598.5,1598.5,25,400,1553.8,1552.65,1624.5
2925,2021-03-08 14:08:00,1598.5,1598.5,1598.5,1598.5,25,400,1553.8,1552.65,1624.5
2926,2021-03-08 14:09:00,1598.5,1598.5,1598.5,1598.5,25,400,1553.8,1552.65,1624.5
2927,2021-03-08 14:10:00,1598.5,1598.5,1598.5,1598.5,25,400,1553.8,1552.65,1624.5
2928,2021-03-08 14:11:00,1598.5,1598.5,1598.5,1598.5,25,400,1553.8,1552.65,1624.5
2929,2021-03-08 14:12:00,1598.5,1598.5,1598.5,1598.5,25,400,1553.8,1552.65,1624.5
2930,2021-03-08 14:13:00,1598.5,1598.5,1598.5,1598.5,25,400,1553.8,1552.65,1624.5
2931,2021-03-08 14:14:00,1623.3,1623.3,1623.3,1623.3,25,400,1563.72,1573.25,1653.7
2932,2021-03-08 14:15:00,1623.3,1623.3,1623.3,1623.3,25,400,1563.72,1573.25,1653.7
2933,2021-03-08 14:16:00,1623.3,1623.3,1623.3,1623.3,25,400,1563.72,1573.25,1653.7
2934,2021-03-08 14:17:00,1623.3,1623.3,1623.3,1623.3,25,400,1563.72,1573.25,1653.7
2935,2021-03-08 14:18:00,1623.3,1623.3,1623.3,1623.3,25,400,1563.72,1573.25,1653.7
2936,2021-03-08 14:19:00,1623.3,1623.3,1623.3,1623.3,25,400,1563.72,1573.25,1653.7
2937,2021-03-08 14:20:00,1623.3,1623.3,1623.3,1623.3,25,400,1563.72,1573.25,1653.7
2938,2021-03-08 14:21:00,1623.3,1623.3,1623.3,1623.3,25,400,1563.72,1573.25,1653.7
2939,2021-03-08 14:22:00,1623.3,1623.3,1623.3,1623.3,25,400,1563.72,1573.25,1653.7
2940,2021-03-08 14:23:00,1623.3,1623.3,1623.3,1623.3,25,400,1563.72,1573.25,1653.7
2941,2021-03-08 14:24:00,1623.3,1623.3,1623.3,1623.3,25,400,1563.72,1573.25,1653.7
2942,2021-03-08 14:25:00,1623.3,1623.3,1623.3,1623.3,25,400,1563.72,1573.25,1653.7
2943,2021-03-08 14:26:00,1623.3,1623.3,1623.3,1623.3,25,400,1563.72,1573.25,1653.7
2944,2021-03-08 14:27:00,1623.3,1623.3,1623.3,1623.3,25,400,1563.72,1573.25,1653.7
2945,2021-03-08 14:28:00,1623.3,1623.3,1623.3,1623.3,25,400,1563.72,1573.25,1653.7
2946,2021-03-08 14:29:00,1623.3,1623.3,1623.3,1623.3,25,400,1563.72,1573.25,1653.7
2947,2021-03-08 14:30:00,1623.3,1623.3,1623.3,1623.3,25,400,1563.72,1573.25,1653.7
2948,2021-03-08 14:31:00,1623.3,1623.3,1623.3,1623.3,25,400,1563.72,1573.25,1653.7
2949,2021-03-08 14:32:00,1521.55,1521.55,1521.55,1521.55,25,0,1558.45,1481.95,1531.45
2950,2021-03-08 14:33:00,1521.55,1521.55,1521.55,1521.55,25,0,1558.45,1481.95,1531.45
2951,2021-03-08 14:34:00,1521.55,1521.55,1521.55,1521.55,25,0,1558.45,1481.95,1531.45
2952,2021-03-08 14:35:00,1521.55,1521.55,1521.55,1521.55,25,0,1558.45,1481.95,1531.45
2953,2021-03-08 14:36:00,1521.55,1521.55,1521.55,1521.55,25,0,1558.45,1481.95,1531.45
2954,2021-03-08 14:37:00,1521.55,1521.55,1521.55,1521.55,25,0,1558.45,1481.95,1531.45
2955,2021-03-08 14:38:00,1521.55,1521.55,1521.55,1521.55,25,0,1558.45,1481.95,1531.45
2956,2021-03-08 14:39:00,1521.55,1521.55,1521.55,1521.55,25,0,1558.45,1481.95,1531.45
2957,2021-03-08 14:40:00,1521.55,1521.55,1521.55,1521.55,25,0,1558.45,1481.95,1531.45
2958,2021-03-08 14:41:00,1521.55,1521.55,1521.55,1521.55,25,0,1558.45,1481.95,1531.45
2959,2021-03-08 14:42:00,1521.55,1521.55,1521.55,1521.55,25,0,1558.45,1481.95,1531.45
2960,2021-03-08 14:43:00,1521.55,1521.55,1521.55,1521.55,25,0,1558.45,1481.95,1531.45
2961,2021-03-08 14:44:00,1521.55,1521.55,1521.55,1521.55,25,0,1558.45,1481.95,1531.45
2962,2021-03-08 14:45:00,1521.55,1521.55,1521.55,1521.55,25,0,1558.45,1481.95,1531.45
2963,2021-03-08 14:46:00,1521.55,1521.55,1521.55,1521.55,25,0,1558.45,1481.95,1531.45
2964,2021-03-08 14:47:00,1521.55,1521.55,1521.55,1521.55,25,0,1558.45,1481.95,1531.45
2965,2021-03-08 14:48:00,1521.55,1521.55,1521.55,1521.55,25,0,1558.45,1481.95,1531.45
2966,2021-03-08 14:49:00,1521.55,1521.55,1521.55,1521.55,25,0,1558.45,1481.95,1531.45
2967,2021-03-08 14:50:00,1521.55,1521.55,1521.55,1521.55,25,0,1558.45,1481.95,1531.45
2968,2021-03-08 14:51:00,1521.55,1521.55,1521.55,1521.55,25,0,1558.45,1481.95,1531.45
2969,2021-03-08 14:52:00,1521.55,1521.55,1521.55,1521.55,25,0,1558.45,1481.95,1531.45
2970,2021-03-08 14:53:00,1521.55,1521.55,1521.55,1521.55,25,0,1558.45,1481.95,1531.45
2971,2021-03-08 14:54:00,1521.55,1521.55,1521.55,1521.55,25,0,1558.45,1481.95,1531.45
2972,2021-03-08 14:55:00,1521.55,1521.55,1521.55,1521.55,25,0,1558.45,1481.95,1531.45
2973,2021-03-08 14:56:00,1521.55,1521.55,1521.55,1521.55,25,0,1558.45,1481.95,1531.45
2974,2021-03-08 14:57:00,1521.55,1521.55,1521.55,1521.55,25,0,1558.45,1481.95,1531.45
2975,2021-03-08 14:58:00,1521.55,1521.55,1521.55,1521.55,25,0,1558.45,1481.95,1531.45
2976,2021-03-08 14:59:00,1521.55,1521.55,1521.55,1521.55,25,0,1558.45,1481.95,1531.45
2977,2021-03-08 15:00:00,1521.55,1521.55,1521.55,1521.55,25,0,1558.45,1481.95,1531.45
2978,2021-03-08 15:01:00,1521.55,1521.55,1521.55,1521.55,25,0,1558.45,1481.95,1531.45
2979,2021-03-08 15:02:00,1574.7,1574.7,1574.7,1574.7,25,425,1560.26,1540.0,1620.1
2980,2021-03-08 15:03:00,1574.7,1574.7,1574.7,1574.7,25,425,1560.26,1540.0,1620.1
2981,2021-03-08 15:04:00,1574.7,1574.7,1574.7,1574.7,25,425,1560.26,1540.0,1620.1
2982,2021-03-08 15:05:00,1574.7,1574.7,1574.7,1574.7,25,425,1560.26,1540.0,1620.1
2983,2021-03-08 15:06:00,1574.7,1574.7,1574.7,1574.7,25,425,1560.26,1540.0,1620.1
2984,2021-03-08 15:07:00,1574.7,1574.7,1574.7,1574.7,25,425,1560.26,1540.0,1620.1
2985,2021-03-08 15:08:00,1574.7,1574.7,1574.7,1574.7,25,425,1560.26,1540.0,1620.1
2986,2021-03-08 15:09:00,1574.7,1574.7,1574.7,1574.7,25,425,1560.26,1540.0,1620.1
2987,2021-03-08 15:10:00,1574.7,1574.7,1574.7,1574.7,25,425,1560.26,1540.0,1620.1
2988,2021-03-08 15:11:00,1574.7,1574.7,1574.7,1574.7,25,425,1560.26,1540.0,1620.1
2989,2021-03-08 15:12:00,1574.7,1574.7,1574.7,1574.7,25,425,1560.26,1540.0,1620.1
2990,2021-03-08 15:13:00,1574.7,1574.7,1574.7,1574.7,25,425,1560.26,1540.0,1620.1
2991,2021-03-08 15:14:00,1574.7,1574.7,1574.7,1574.7,25,425,1560.26,1540.0,1620.1
2992,2021-03-08 15:15:00,1574.7,1574.7,1574.7,1574.7,25,425,1560.26,1540.0,1620.1
2993,2021-03-08 15:16:00,1574.7,1574.7,1574.7,1574.7,25,425,1560.26,1540.0,1620.1
2994,2021-03-08 15:17:00,1574.7,1574.7,1574.7,1574.7,25,425,1560.26,1540.0,1620.1
2995,2021-03-08 15:18:00,1574.7,1574.7,1574.7,1574.7,25,425,1560.26,1540.0,1620.1
2996,2021-03-08 15:19:00,1574.7,1574.7,1574.7,1574.7,25,425,1560.26,1540.0,1620.1
2997,2021-03-08 15:20:00,1574.7,1574.7,1574.7,1574.7,25,425,1560.26,1540.0,1620.1
2998,2021-03-08 15:21:00,1574.7,1574.7,1574.7,1574.7,25,425,1560.26,1540.0,1620.1
2999,2021-03-08 15:22:00,1574.7,1574.7,1574.7,1574.7,25,425,1560.26,1540.0,1620.1
3000,2021-03-08 15:23:00,1574.7,1574.7,1574.7,1574.7,25,425,1560.26,1540.0,1620.1
3001,2021-03-08 15:24:00,1574.7,1574.7,1574.7,1574.7,25,425,1560.26,1540.0,1620.1
3002,2021-03-08 15:25:00,1574.7,1574.7,1574.7,1574.7,25,425,1560.26,1540.0,1620.1
3003,2021-03-08 15:26:00,1574.7,1574.7,1574.7,1574.7,25,425,1560.26,1540.0,1620.1
3004,2021-03-08 15:27:00,1574.7,1574.7,1574.7,1574.7,25,425,1560.26,1540.0,1620.1
3005,2021-03-08 15:28:00,1574.7,1574.7,1574.7,1574.7,25,425,1560.26,1540.0,1620.1
3006,2021-03-08 15:29:00,1574.7,1574.7,1574.7,1574.7,25,425,1560.26,1540.0,1620.1
3007,2021-03-08 15:30:00,1574.7,1574.7,1574.7,1574.7,25,425,1560.26,1540.0,1620.1
3008,2021-03-09 09:15:00,1574.7,1574.7,1574.7,1574.7,25,425,1560.26,1540.0,1620.1
3009,2021-03-09 09:16:00,1574.7,1574.7,1574.7,1574.7,25,425,1560.26,1540.0,1620.1
3010,2021-03-09 09:17:00,1574.7,1574.7,1574.7,1574.7,25,425,1560.26,1540.0,1620.1
3011,2021-03-09 09:18:00,1574.7,1574.7,1574.7,1574.7,25,425,1560.26,1540.0,1620.1
3012,2021-03-09 09:19:00,1574.7,1574.7,1574.7,1574.7,25,425,1560.26,1540.0,1620.1
3013,2021-03-09 09:20:00,1574.7,1574.7,1574.7,1574.7,25,425,1560.26,1540.0,1620.1
3014,2021-03-09 09:21:00,1574.7,1574.7,1574.7,1574.7,25,425,1560.26,1540.0,1620.1
3015,2021-03-09 09:22:00,1574.7,1574.7,1574.7,1574.7,25,425,1560.26,1540.0,1620.1
3016,2021-03-09 09:23:00,1574.7,1574.7,1574.7,1574.7,25,425,1560.26,1540.0,1620.1
3017,2021-03-09 09:24:00,1574.7,1574.7,1574.7,1574.7,25,425,1560.26,1540.0,1620.1
3018,2021-03-09 09:25:00,1574.7,1574.7,1574.7,1574.7,25,425,1560.26,1540.0,1620.1
3019,2021-03-09 09:26:00,1574.7,1574.7,1574.7,1574.7,25,425,1560.26,1540.0,1620.1
3020,2021-03-09 09:27:00,1574.7,1574.7,1574.7,1574.7,25,425,1560.26,1540.0,1620.1
3021,2021-03-09 09:28:00,1574.7,1574.7,1574.7,1574.7,25,425,1560.26,1540.0,1620.1
3022,2021-03-09 09:29:00,1574.7,1574.7,1574.7,1574.7,25,425,1560.26,1540.0,1620.1
3023,2021-03-09 09:30:00,1574.7,1574.7,1574.7,1574.7,25,425,1560.26,1540.0,1620.1
3024,2021-03-09 09:31:00,1574.7,1574.7,1574.7,1574.7,25,425,1560.26,1540.0,1620.1
3025,2021-03-09 09:32:00,1574.7,1574.7,1574.7,1574.7,25,425,1560.26,1540.0,1620.1
3026,2021-03-09 09:33:00,1574.7,1574.7,1574.7,1574.7,25,425,1560.26,1540.0,1620.1
3027,2021-03-09 09:34:00,1574.7,1574.7,1574.7,1574.7,25,425,1560.26,1540.0,1620.1
3028,2021-03-09 09:35:00,1574.7,1574.7,1574.7,1574.7,25,425,1560.26,1540.0,1620.1
3029,2021-03-09 09:36:00,1574.7,1574.7,1574.7,1574.7,25,425,1560.26,1540.0,1620.1
3030,2021-03-09 09:37:00,1574.7,1574.7,1574.7,1574.7,25,425,1560.26,1540.0,1620.1
3031,2021-03-09 09:38:00,1574.7,1574.7,1574.7,1574.7,25,425,1560.26,1540.0,1620.1
3032,2021-03-09 09:39:00,1574.7,1574.7,1574.7,1574.7,25,425,1560.26,1540.0,1620.1
3033,2021-03-09 09:40:00,1574.7,1574.7,1574.7,1574.7,25,425,1560.26,1540.0,1620.1
3034,2021-03-09 09:41:00,1574.7,1574.7,1574.7,1574.7,25,425,1560.26,1540.0,1620.1
3035,2021-03-09 09:42:00,1574.7,1574.7,1574.7,1574.7,25,425,1560.26,1540.0,1620.1
3036,2021-03-09 09:43:00,1574.7,1574.7,1574.7,1574.7,25,425,1560.26,1540.0,1620.1
3037,2021-03-09 09:44:00,1574.7,1574.7,1574.7,1574.7,25,425,1560.26,1540.0,1620.1
3038,2021-03-09 09:45:00,1574.7,1574.7,1574.7,1574.7,25,425,1560.26,1540.0,1620.1
3039,2021-03-09 09:46:00,1574.7,1574.7,1574.7,1574.7,25,425,1560.26,1540.0,1620.1
3040,2021-03-09 09:47:00,1574.7,1574.7,1574.7,1574.7,25,425,1560.26,1540.0,1620.1
3041,2021-03-09 09:48:00,1574.7,1574.7,1574.7,1574.7,25,425,1560.26,1540.0,1620.1
3042,2021-03-09 09:49:00,1574.7,1574.7,1574.7,1574.7,25,425,1560.26,1540.0,1620.1
3043,2021-03-09 09:50:00,1574.7,1574.7,1574.7,1574.7,25,425,1560.26,1540.0,1620.1
3044,2021-03-09 09:51:00,1574.7,1574.7,1574.7,1574.7,25,425,1560.26,1540.0,1620.1
3045,2021-03-09 09:52:00,1574.7,1574.7,1574.7,1574.7,25,425,1560.26,1540.0,1620.1
3046,2021-03-09 09:53:00,1574.7,1574.7,1574.7,1574.7,25,425,1560.26,1540.0,1620.1
3047,2021-03-09 09:54:00,1574.7,1574.7,1574.7,1574.7,25,425,1560.26,1540.0,1620.1
3048,2021-03-09 09:55:00,1574.7,1574.7,1574.7,1574.7,25,425,1560.26,1540.0,1620.1
3049,2021-03-09 09:56:00,1574.7,1574.7,1574.7,1574.7,25,425,1560.26,1540.0,1620.1
3050,2021-03-09 09:57:00,1574.7,1574.7,1574.7,1574.7,25,425,1560.26,1540.0,1620.1
3051,2021-03-09 09:58:00,1574.7,1574.7,1574.7,1574.7,25,425,1560.26,1540.0,1620.1
3052,2021-03-09 09:59:00,1574.7,1574.7,1574.7,1574.7,25,425,1560.26,1540.0,1620.1
3053,2021-03-09 10:00:00,1574.7,1574.7,1574.7,1574.7,25,425,1560.26,1540.0,1620.1
3054,2021-03-09 10:01:00,1574.7,1574.7,1574.7,1574.7,25,425,1560.26,1540.0,1620.1
3055,2021-03-09 10:02:00,1574.7,1574.7,1574.7,1574.7,25,425,1560.26,1540.0,1620.1
3056,2021-03-09 10:03:00,1574.7,1574.7,1574.7,1574.7,25,425,1560.26,1540.0,1620.1
3057,2021-03-09 10:04:00,1574.7,1574.7,1574.7,1574.7,25,425,1560.26,1540.0,1620.1
3058,2021-03-09 10:05:00,1574.7,1574.7,1574.7,1574.7,25,425,1560.26,1540.0,1620.1
3059,2021-03-09 10:06:00,1574.7,1574.7,1574.7,1574.7,25,425,1560.26,1540.0,1620.1
3060,2021-03-09 10:07:00,1574.7,1574.7,1574.7,1574.7,25,425,1560.26,1540.0,1620.1
3061,2021-03-09 10:08:00,1574.7,1574.7,1574.7,1574.7,25,425,1560.26,1540.0,1620.1
3062,2021-03-09 10:09:00,1574.7,1574.7,1574.7,1574.7,25,425,1560.26,1540.0,1620.1
3063,2021-03-09 10:10:00,1574.7,1574.7,1574.7,1574.7,25,425,1560.26,1540.0,1620.1
3064,2021-03-09 10:11:00,1574.7,1574.7,1574.7,1574.7,25,425,1560.26,1540.0,1620.1
3065,2021-03-09 10:12:00,1574.7,1574.7,1574.7,1574.7,25,425,1560.26,1540.0,1620.1
3066,2021-03-09 10:13:00,1574.7,1574.7,1574.7,1574.7,25,425,1560.26,1540.0,1620.1
3067,2021-03-09 10:14:00,1574.7,1574.7,1574.7,1574.7,25,425,1560.26,1540.0,1620.1
3068,2021-03-09 10:15:00,1574.7,1574.7,1574.7,1574.7,25,425,1560.26,1540.0,1620.1
3069,2021-03-09 10:16:00,1574.7,1574.7,1574.7,1574.7,25,425,1560.26,1540.0,1620.1
3070,2021-03-09 10:17:00,1574.7,1574.7,1574.7,1574.7,25,425,1560.26,1540.0,1620.1
3071,2021-03-09 10:18:00,1574.7,1574.7,1574.7,1574.7,25,425,1560.26,1540.0,1620.1
3072,2021-03-09 10:19:00,1574.7,1574.7,1574.7,1574.7,25,425,1560.26,1540.0,1620.1
3073,2021-03-09 10:20:00,1574.7,1574.7,1574.7,1574.7,25,425,1560.26,1540.0,1620.1
3074,2021-03-09 10:21:00,1574.7,1574.7,1574.7,1574.7,25,425,1560.26,1540.0,1620.1
3075,2021-03-09 10:22:00,1574.7,1574.7,1574.7,1574.7,25,425,1560.26,1540.0,1620.1
3076,2021-03-09 10:23:00,1574.7,1574.7,1574.7,1574.7,25,425,1560.26,1540.0,1620.1
3077,2021-03-09 10:24:00,1574.7,1574.7,1574.7,1574.7,25,425,1560.26,1540.0,1620.1
3078,2021-03-09 10:25:00,1574.7,1574.7,1574.7,1574.7,25,425,1560.26,1540.0,1620.1
3079,2021-03-09 10:26:00,1574.7,1574.7,1574.7,1574.7,25,425,1560.26,1540.0,1620.1
3080,2021-03-09 10:27:00,1574.7,1574.7,1574.7,1574.7,25,425,1560.26,1540.0,1620.1
3081,2021-03-09 10:28:00,1574.7,1574.7,1574.7,1574.7,25,425,1560.26,1540.0,1620.1
3082,2021-03-09 10:29:00,1574.7,1574.7,1574.7,1574.7,25,425,1560.26,1540.0,1620.1
3083,2021-03-09 10:30:00,1574.7,1574.7,1574.7,1574.7,25,425,1560.26,1540.0,1620.1
3084,2021-03-09 10:31:00,1574.7,1574.7,1574.7,1574.7,25,425,1560.26,1540.0,1620.1
3085,2021-03-09 10:32:00,1574.7,1574.7,1574.7,1574.7,25,425,1560.26,1540.0,1620.1
3086,2021-03-09 10:33:00,1574.7,1574.7,1574.7,1574.7,25,425,1560.26,1540.0,1620.1
3087,2021-03-09 10:34:00,1574.7,1574.7,1574.7,1574.7,25,425,1560.26,1540.0,1620.1
3088,2021-03-09 10:35:00,1574.7,1574.7,1574.7,1574.7,25,425,1560.26,1540.0,1620.1
3089,2021-03-09 10:36:00,1574.7,1574.7,1574.7,1574.7,25,425,1560.26,1540.0,1620.1
3090,2021-03-09 10:37:00,1574.7,1574.7,1574.7,1574.7,25,425,1560.26,1540.0,1620.1
3091,2021-03-09 10:38:00,1574.7,1574.7,1574.7,1574.7,25,425,1560.26,1540.0,1620.1
3092,2021-03-09 10:39:00,1574.7,1574.7,1574.7,1574.7,25,425,1560.26,1540.0,1620.1
3093,2021-03-09 10:40:00,1574.7,1574.7,1574.7,1574.7,25,425,1560.26,1540.0,1620.1
3094,2021-03-09 10:41:00,1574.7,1574.7,1574.7,1574.7,25,425,1560.26,1540.0,1620.1
3095,2021-03-09 10:42:00,1574.7,1574.7,1574.7,1574.7,25,425,1560.26,1540.0,1620.1
3096,2021-03-09 10:43:00,1574.7,1574.7,1574.7,1574.7,25,425,1560.26,1540.0,1620.1
3097,2021-03-09 10:44:00,1574.7,1574.7,1574.7,1574.7,25,425,1560.26,1540.0,1620.1
3098,2021-03-09 10:45:00,1574.7,1574.7,1574.7,1574.7,25,425,1560.26,1540.0,1620.1
3099,2021-03-09 10:46:00,1574.7,1574.7,1574.7,1574.7,25,425,1560.26,1540.0,1620.1
3100,2021-03-09 10:47:00,1574.7,1574.7,1574.7,1574.7,25,425,1560.26,1540.0,1620.1
3101,2021-03-09 10:48:00,1574.7,1574.7,1574.7,1574.7,25,425,1560.26,1540.0,1620.1
3102,2021-03-09 10:49:00,1574.7,1574.7,1574.7,1574.7,25,425,1560.26,1540.0,1620.1
3103,2021-03-09 10:50:00,1574.7,1574.7,1574.7,1574.7,25,425,1560.26,1540.0,1620.1
3104,2021-03-09 10:51:00,1574.7,1574.7,1574.7,1574.7,25,425,1560.26,1540.0,1620.1
3105,2021-03-09 10:52:00,1574.7,1574.7,1574.7,1574.7,25,425,1560.26,1540.0,1620.1
3106,2021-03-09 10:53:00,1574.7,1574.7,1574.7,1574.7,25,425,1560.26,1540.0,1620.1
3107,2021-03-09 10:54:00,1574.7,1574.7,1574.7,1574.7,25,425,1560.26,1540.0,1620.1
3108,2021-03-09 10:55:00,1574.7,1574.7,1574.7,1574.7,25,425,1560.26,1540.0,1620.1
3109,2021-03-09 10:56:00,1574.7,1574.7,1574.7,1574.7,25,425,1560.26,1540.0,1620.1
3110,2021-03-09 10:57:00,1574.7,1574.7,1574.7,1574.7,25,425,1560.26,1540.0,1620.1
3111,2021-03-09 10:58:00,1574.7,1574.7,1574.7,1574.7,25,425,1560.26,1540.0,1620.1
3112,2021-03-09 10:59:00,1574.7,1574.7,1574.7,1574.7,25,425,1560.26,1540.0,1620.1
3113,2021-03-09 11:00:00,1574.7,1574.7,1574.7,1574.7,25,425,1560.26,1540.0,1620.1
3114,2021-03-09 11:01:00,1574.7,1574.7,1574.7,1574.7,25,425,1560.26,1540.0,1620.1
3115,2021-03-09 11:02:00,1574.7,1574.7,1574.7,1574.7,25,425,1560.26,1540.0,1620.1
3116,2021-03-09 11:03:00,1574.7,1574.7,1574.7,1574.7,25,425,1560.26,1540.0,1620.1
3117,2021-03-09 11:04:00,1574.7,1574.7,1574.7,1574.7,25,425,1560.26,1540.0,1620.1
3118,2021-03-09 11:05:00,1574.7,1574.7,1574.7,1574.7,25,425,1560.26,1540.0,1620.1
3119,2021-03-09 11:06:00,1574.7,1574.7,1574.7,1574.7,25,425,1560.26,1540.0,1620.1
3120,2021-03-09 11:07:00,1574.7,1574.7,1574.7,1574.7,25,425,1560.26,1540.0,1620.1
3121,2021-03-09 11:08:00,1574.7,1574.7,1574.7,1574.7,25,425,1560.26,1540.0,1620.1
3122,2021-03-09 11:09:00,1574.7,1574.7,1574.7,1574.7,25,425,1560.26,1540.0,1620.1
3123,2021-03-09 11:10:00,1574.7,1574.7,1574.7,1574.7,25,425,1560.26,1540.0,1620.1
3124,2021-03-09 11:11:00,1574.7,1574.7,1574.7,1574.7,25,425,1560.26,1540.0,1620.1
3125,2021-03-09 11:12:00,1574.7,1574.7,1574.7,1574.7,25,425,1560.26,1540.0,1620.1
3126,2021-03-09 11:13:00,1574.7,1574.7,1574.7,1574.7,25,425,1560.26,1540.0,1620.1
3127,2021-03-09 11:14:00,1574.7,1574.7,1574.7,1574.7,25,425,1560.26,1540.0,1620.1
3128,2021-03-09 11:15:00,1574.7,1574.7,1574.7,1574.7,25,425,1560.26,1540.0,1620.1
3129,2021-03-09 11:16:00,1574.7,1574.7,1574.7,1574.7,25,425,1560.26,1540.0,1620.1
3130,2021-03-09 11:17:00,1574.7,1574.7,1574.7,1574.7,25,425,1560.26,1540.0,1620.1
3131,2021-03-09 11:18:00,1574.7,1574.7,1574.7,1574.7,25,425,1560.26,1540.0,1620.1
3132,2021-03-09 11:19:00,1574.7,1574.7,1574.7,1574.7,25,425,1560.26,1540.0,1620.1
3133,2021-03-09 11:20:00,1574.7,1574.7,1574.7,1574.7,25,425,1560.26,1540.0,1620.1
3134,2021-03-09 11:21:00,1574.7,1574.7,1574.7,1574.7,25,425,1560.26,1540.0,1620.1
3135,2021-03-09 11:22:00,1574.7,1574.7,1574.7,1574.7,25,425,1560.26,1540.0,1620.1
3136,2021-03-09 11:23:00,1574.7,1574.7,1574.7,1574.7,25,425,1560.26,1540.0,1620.1
3137,2021-03-09 11:24:00,1574.7,1574.7,1574.7,1574.7,25,425,1560.26,1540.0,1620.1
3138,2021-03-09 11:25:00,1574.7,1574.7,1574.7,1574.7,25,425,1560.26,1540.0,1620.1
3139,2021-03-09 11:26:00,1574.7,1574.7,1574.7,1574.7,25,425,1560.26,1540.0,1620.1
3140,2021-03-09 11:27:00,1574.7,1574.7,1574.7,1574.7,25,425,1560.26,1540.0,1620.1
3141,2021-03-09 11:28:00,1574.7,1574.7,1574.7,1574.7,25,425,1560.26,1540.0,1620.1
3142,2021-03-09 11:29:00,1574.7,1574.7,1574.7,1574.7,25,425,1560.26,1540.0,1620.1
3143,2021-03-09 11:30:00,1574.7,1574.7,1574.7,1574.7,25,425,1560.26,1540.0,1620.1
3144,2021-03-09 11:31:00,1574.7,1574.7,1574.7,1574.7,25,425,1560.26,1540.0,1620.1
3145,2021-03-09 11:32:00,1574.7,1574.7,1574.7,1574.7,25,425,1560.26,1540.0,1620.1
3146,2021-03-09 11:33:00,1574.7,1574.7,1574.7,1574.7,25,425,1560.26,1540.0,1620.1
3147,2021-03-09 11:34:00,1574.7,1574.7,1574.7,1574.7,25,425,1560.26,1540.0,1620.1
3148,2021-03-09 11:35:00,1574.7,1574.7,1574.7,1574.7,25,425,1560.26,1540.0,1620.1
3149,2021-03-09 11:36:00,1574.7,1574.7,1574.7,1574.7,25,425,1560.26,1540.0,1620.1
3150,2021-03-09 11:37:00,1574.7,1574.7,1574.7,1574.7,25,425,1560.26,1540.0,1620.1
3151,2021-03-09 11:38:00,1574.7,1574.7,1574.7,1574.7,25,425,1560.26,1540.0,1620.1
3152,2021-03-09 11:39:00,1574.7,1574.7,1574.7,1574.7,25,425,1560.26,1540.0,1620.1
3153,2021-03-09 11:40:00,1574.7,1574.7,1574.7,1574.7,25,425,1560.26,1540.0,1620.1
3154,2021-03-09 11:41:00,1574.7,1574.7,1574.7,1574.7,25,425,1560.26,1540.0,1620.1
3155,2021-03-09 11:42:00,1574.7,1574.7,1574.7,1574.7,25,425,1560.26,1540.0,1620.1
3156,2021-03-09 11:43:00,1574.7,1574.7,1574.7,1574.7,25,425,1560.26,1540.0,1620.1
3157,2021-03-09 11:44:00,1574.7,1574.7,1574.7,1574.7,25,425,1560.26,1540.0,1620.1
3158,2021-03-09 11:45:00,1574.7,1574.7,1574.7,1574.7,25,425,1560.26,1540.0,1620.1
3159,2021-03-09 11:46:00,1574.7,1574.7,1574.7,1574.7,25,425,1560.26,1540.0,1620.1
3160,2021-03-09 11:47:00,1574.7,1574.7,1574.7,1574.7,25,425,1560.26,1540.0,1620.1
3161,2021-03-09 11:48:00,1574.7,1574.7,1574.7,1574.7,25,425,1560.26,1540.0,1620.1
3162,2021-03-09 11:49:00,1574.7,1574.7,1574.7,1574.7,25,425,1560.26,1540.0,1620.1
3163,2021-03-09 11:50:00,1574.7,1574.7,1574.7,1574.7,25,425,1560.26,1540.0,1620.1
3164,2021-03-09 11:51:00,1574.7,1574.7,1574.7,1574.7,25,425,1560.26,1540.0,1620.1
3165,2021-03-09 11:52:00,1574.7,1574.7,1574.7,1574.7,25,425,1560.26,1540.0,1620.1
3166,2021-03-09 11:53:00,1574.7,1574.7,1574.7,1574.7,25,425,1560.26,1540.0,1620.1
3167,2021-03-09 11:54:00,1574.7,1574.7,1574.7,1574.7,25,425,1560.26,1540.0,1620.1
3168,2021-03-09 11:55:00,1574.7,1574.7,1574.7,1574.7,25,425,1560.26,1540.0,1620.1
3169,2021-03-09 11:56:00,1574.7,1574.7,1574.7,1574.7,25,425,1560.26,1540.0,1620.1
3170,2021-03-09 11:57:00,1574.7,1574.7,1574.7,1574.7,25,425,1560.26,1540.0,1620.1
3171,2021-03-09 11:58:00,1574.7,1574.7,1574.7,1574.7,25,425,1560.26,1540.0,1620.1
3172,2021-03-09 11:59:00,1574.7,1574.7,1574.7,1574.7,25,425,1560.26,1540.0,1620.1
3173,2021-03-09 12:00:00,1574.7,1574.7,1574.7,1574.7,25,425,1560.26,1540.0,1620.1
3174,2021-03-09 12:01:00,1574.7,1574.7,1574.7,1574.7,25,425,1560.26,1540.0,1620.1
3175,2021-03-09 12:02:00,1574.7,1574.7,1574.7,1574.7,25,425,1560.26,1540.0,1620.1
3176,2021-03-09 12:03:00,1574.7,1574.7,1574.7,1574.7,25,425,1560.26,1540.0,1620.1
3177,2021-03-09 12:04:00,1574.7,1574.7,1574.7,1574.7,25,425,1560.26,1540.0,1620.1
3178,2021-03-09 12:05:00,1574.7,1574.7,1574.7,1574.7,25,425,1560.26,1540.0,1620.1
3179,2021-03-09 12:06:00,1574.7,1574.7,1574.7,1574.7,25,425,1560.26,1540.0,1620.1
3180,2021-03-09 12:07:00,1574.7,1574.7,1574.7,1574.7,25,425,1560.26,1540.0,1620.1
3181,2021-03-09 12:08:00,1574.7,1574.7,1574.7,1574.7,25,425,1560.26,1540.0,1620.1
3182,2021-03-09 12:09:00,1574.7,1574.7,1574.7,1574.7,25,425,1560.26,1540.0,1620.1
3183,2021-03-09 12:10:00,1574.7,1574.7,1574.7,1574.7,25,425,1560.26,1540.0,1620.1
3184,2021-03-09 12:11:00,1574.7,1574.7,1574.7,1574.7,25,425,1560.26,1540.0,1620.1
3185,2021-03-09 12:12:00,1574.7,1574.7,1574.7,1574.7,25,425,1560.26,1540.0,1620.1
3186,2021-03-09 12:13:00,1574.7,1574.7,1574.7,1574.7,25,425,1560.26,1540.0,1620.1
3187,2021-03-09 12:14:00,1574.7,1574.7,1574.7,1574.7,25,425,1560.26,1540.0,1620.1
3188,2021-03-09 12:15:00,1574.7,1574.7,1574.7,1574.7,25,425,1560.26,1540.0,1620.1
3189,2021-03-09 12:16:00,1574.7,1574.7,1574.7,1574.7,25,425,1560.26,1540.0,1620.1
3190,2021-03-09 12:17:00,1574.7,1574.7,1574.7,1574.7,25,425,1560.26,1540.0,1620.1
3191,2021-03-09 12:18:00,1574.7,1574.7,1574.7,1574.7,25,425,1560.26,1540.0,1620.1
3192,2021-03-09 12:19:00,1574.7,1574.7,1574.7,1574.7,25,425,1560.26,1540.0,1620.1
3193,2021-03-09 12:20:00,1574.7,1574.7,1574.7,1574.7,25,425,1560.26,1540.0,1620.1
3194,2021-03-09 12:21:00,1574.7,1574.7,1574.7,1574.7,25,425,1560.26,1540.0,1620.1
3195,2021-03-09 12:22:00,1574.7,1574.7,1574.7,1574.7,25,425,1560.26,1540.0,1620.1
3196,2021-03-09 12:23:00,1574.7,1574.7,1574.7,1574.7,25,425,1560.26,1540.0,1620.1
3197,2021-03-09 12:24:00,1574.7,1574.7,1574.7,1574.7,25,425,1560.26,1540.0,1620.1
3198,2021-03-09 12:25:00,1574.7,1574.7,1574.7,1574.7,25,425,1560.26,1540.0,1620.1
3199,2021-03-09 12:26:00,1574.7,1574.7,1574.7,1574.7,25,425,1560.26,1540.0,1620.1
3200,2021-03-09 12:27:00,1574.7,1574.7,1574.7,1574.7,25,425,1560.26,1540.0,1620.1
3201,2021-03-09 12:28:00,1574.7,1574.7,1574.7,1574.7,25,425,1560.26,1540.0,1620.1
3202,2021-03-09 12:29:00,1574.7,1574.7,1574.7,1574.7,25,425,1560.26,1540.0,1620.1
3203,2021-03-09 12:30:00,1574.7,1574.7,1574.7,1574.7,25,425,1560.26,1540.0,1620.1
3204,2021-03-09 12:31:00,1574.7,1574.7,1574.7,1574.7,25,425,1560.26,1540.0,1620.1
3205,2021-03-09 12:32:00,1574.7,1574.7,1574.7,1574.7,25,425,1560.26,1540.0,1620.1
3206,2021-03-09 12:33:00,1574.7,1574.7,1574.7,1574.7,25,425,1560.26,1540.0,1620.1
3207,2021-03-09 12:34:00,1574.7,1574.7,1574.7,1574.7,25,425,1560.26,1540.0,1620.1
3208,2021-03-09 12:35:00,1574.7,1574.7,1574.7,1574.7,25,425,1560.26,1540.0,1620.1
3209,2021-03-09 12:36:00,1574.7,1574.7,1574.7,1574.7,25,425,1560.26,1540.0,1620.1
3210,2021-03-09 12:37:00,1574.7,1574.7,1574.7,1574.7,25,425,1560.26,1540.0,1620.1
3211,2021-03-09 12:38:00,1574.7,1574.7,1574.7,1574.7,25,425,1560.26,1540.0,1620.1
3212,2021-03-09 12:39:00,1574.7,1574.7,1574.7,1574.7,25,425,1560.26,1540.0,1620.1
3213,2021-03-09 12:40:00,1574.7,1574.7,1574.7,1574.7,25,425,1560.26,1540.0,1620.1
3214,2021-03-09 12:41:00,1574.7,1574.7,1574.7,1574.7,25,425,1560.26,1540.0,1620.1
3215,2021-03-09 12:42:00,1574.7,1574.7,1574.7,1574.7,25,425,1560.26,1540.0,1620.1
3216,2021-03-09 12:43:00,1574.7,1574.7,1574.7,1574.7,25,425,1560.26,1540.0,1620.1
3217,2021-03-09 12:44:00,1574.7,1574.7,1574.7,1574.7,25,425,1560.26,1540.0,1620.1
3218,2021-03-09 12:45:00,1574.7,1574.7,1574.7,1574.7,25,425,1560.26,1540.0,1620.1
3219,2021-03-09 12:46:00,1574.7,1574.7,1574.7,1574.7,25,425,1560.26,1540.0,1620.1
3220,2021-03-09 12:47:00,1574.7,1574.7,1574.7,1574.7,25,425,1560.26,1540.0,1620.1
3221,2021-03-09 12:48:00,1574.7,1574.7,1574.7,1574.7,25,425,1560.26,1540.0,1620.1
3222,2021-03-09 12:49:00,1574.7,1574.7,1574.7,1574.7,25,425,1560.26,1540.0,1620.1
3223,2021-03-09 12:50:00,1574.7,1574.7,1574.7,1574.7,25,425,1560.26,1540.0,1620.1
3224,2021-03-09 12:51:00,1574.7,1574.7,1574.7,1574.7,25,425,1560.26,1540.0,1620.1
3225,2021-03-09 12:52:00,1574.7,1574.7,1574.7,1574.7,25,425,1560.26,1540.0,1620.1
3226,2021-03-09 12:53:00,1574.7,1574.7,1574.7,1574.7,25,425,1560.26,1540.0,1620.1
3227,2021-03-09 12:54:00,1574.7,1574.7,1574.7,1574.7,25,425,1560.26,1540.0,1620.1
3228,2021-03-09 12:55:00,1574.7,1574.7,1574.7,1574.7,25,425,1560.26,1540.0,1620.1
3229,2021-03-09 12:56:00,1574.7,1574.7,1574.7,1574.7,25,425,1560.26,1540.0,1620.1
3230,2021-03-09 12:57:00,1574.7,1574.7,1574.7,1574.7,25,425,1560.26,1540.0,1620.1
3231,2021-03-09 12:58:00,1574.7,1574.7,1574.7,1574.7,25,425,1560.26,1540.0,1620.1
3232,2021-03-09 12:59:00,1574.7,1574.7,1574.7,1574.7,25,425,1560.26,1540.0,1620.1
3233,2021-03-09 13:00:00,1574.7,1574.7,1574.7,1574.7,25,425,1560.26,1540.0,1620.1
3234,2021-03-09 13:01:00,1574.7,1574.7,1574.7,1574.7,25,425,1560.26,1540.0,1620.1
3235,2021-03-09 13:02:00,1574.7,1574.7,1574.7,1574.7,25,425,1560.26,1540.0,1620.1
3236,2021-03-09 13:03:00,1574.7,1574.7,1574.7,1574.7,25,425,1560.26,1540.0,1620.1
3237,2021-03-09 13:04:00,1574.7,1574.7,1574.7,1574.7,25,425,1560.26,1540.0,1620.1
3238,2021-03-09 13:05:00,1574.7,1574.7,1574.7,1574.7,25,425,1560.26,1540.0,1620.1
3239,2021-03-09 13:06:00,1574.7,1574.7,1574.7,1574.7,25,425,1560.26,1540.0,1620.1
3240,2021-03-09 13:07:00,1574.7,1574.7,1574.7,1574.7,25,425,1560.26,1540.0,1620.1
3241,2021-03-09 13:08:00,1574.7,1574.7,1574.7,1574.7,25,425,1560.26,1540.0,1620.1
3242,2021-03-09 13:09:00,1574.7,1574.7,1574.7,1574.7,25,425,1560.26,1540.0,1620.1
3243,2021-03-09 13:10:00,1574.7,1574.7,1574.7,1574.7,25,425,1560.26,1540.0,1620.1
3244,2021-03-09 13:11:00,1574.7,1574.7,1574.7,1574.7,25,425,1560.26,1540.0,1620.1
3245,2021-03-09 13:12:00,1574.7,1574.7,1574.7,1574.7,25,425,1560.26,1540.0,1620.1
3246,2021-03-09 13:13:00,1574.7,1574.7,1574.7,1574.7,25,425,1560.26,1540.0,1620.1
3247,2021-03-09 13:14:00,1365.7,1365.7,1365.7,1365.7,25,450,1365.7,1316.55,1406.0
3248,2021-03-09 13:15:00,1365.7,1365.7,1365.7,1365.7,25,450,1365.7,1316.55,1406.0
3249,2021-03-09 13:16:00,1365.7,1365.7,1365.7,1365.7,25,450,1365.7,1316.55,1406.0
3250,2021-03-09 13:17:00,1365.7,1365.7,1365.7,1365.7,25,450,1365.7,1316.55,1406.0
3251,2021-03-09 13:18:00,1365.7,1365.7,1365.7,1365.7,25,450,1365.7,1316.55,1406.0
3252,2021-03-09 13:19:00,1365.7,1365.7,1365.7,1365.7,25,450,1365.7,1316.55,1406.0
3253,2021-03-09 13:20:00,1365.7,1365.7,1365.7,1365.7,25,450,1365.7,1316.55,1406.0
3254,2021-03-09 13:21:00,1365.7,1365.7,1365.7,1365.7,25,450,1365.7,1316.55,1406.0
3255,2021-03-09 13:22:00,1365.7,1365.7,1365.7,1365.7,25,450,1365.7,1316.55,1406.0
3256,2021-03-09 13:23:00,1365.7,1365.7,1365.7,1365.7,25,450,1365.7,1316.55,1406.0
3257,2021-03-09 13:24:00,1365.7,1365.7,1365.7,1365.7,25,450,1365.7,1316.55,1406.0
3258,2021-03-09 13:25:00,1365.7,1365.7,1365.7,1365.7,25,450,1365.7,1316.55,1406.0
3259,2021-03-09 13:26:00,1365.7,1365.7,1365.7,1365.7,25,450,1365.7,1316.55,1406.0
3260,2021-03-09 13:27:00,1365.7,1365.7,1365.7,1365.7,25,450,1365.7,1316.55,1406.0
3261,2021-03-09 13:28:00,1365.7,1365.7,1365.7,1365.7,25,450,1365.7,1316.55,1406.0
3262,2021-03-09 13:29:00,1365.7,1365.7,1365.7,1365.7,25,450,1365.7,1316.55,1406.0
3263,2021-03-09 13:30:00,1365.7,1365.7,1365.7,1365.7,25,450,1365.7,1316.55,1406.0
3264,2021-03-09 13:31:00,1365.7,1365.7,1365.7,1365.7,25,450,1365.7,1316.55,1406.0
3265,2021-03-09 13:32:00,1365.7,1365.7,1365.7,1365.7,25,450,1365.7,1316.55,1406.0
3266,2021-03-09 13:33:00,1365.7,1365.7,1365.7,1365.7,25,450,1365.7,1316.55,1406.0
3267,2021-03-09 13:34:00,1365.7,1365.7,1365.7,1365.7,25,450,1365.7,1316.55,1406.0
3268,2021-03-09 13:35:00,1365.7,1365.7,1365.7,1365.7,25,450,1365.7,1316.55,1406.0
3269,2021-03-09 13:36:00,1365.7,1365.7,1365.7,1365.7,25,450,1365.7,1316.55,1406.0
3270,2021-03-09 13:37:00,1365.7,1365.7,1365.7,1365.7,25,450,1365.7,1316.55,1406.0
3271,2021-03-09 13:38:00,1365.7,1365.7,1365.7,1365.7,25,450,1365.7,1316.55,1406.0
3272,2021-03-09 13:39:00,1365.7,1365.7,1365.7,1365.7,25,450,1365.7,1316.55,1406.0
3273,2021-03-09 13:40:00,1365.7,1365.7,1365.7,1365.7,25,450,1365.7,1316.55,1406.0
3274,2021-03-09 13:41:00,1365.7,1365.7,1365.7,1365.7,25,450,1365.7,1316.55,1406.0
3275,2021-03-09 13:42:00,1365.7,1365.7,1365.7,1365.7,25,450,1365.7,1316.55,1406.0
3276,2021-03-09 13:43:00,1365.7,1365.7,1365.7,1365.7,25,450,1365.7,1316.55,1406.0
3277,2021-03-09 13:44:00,1365.7,1365.7,1365.7,1365.7,25,450,1365.7,1316.55,1406.0
3278,2021-03-09 13:45:00,1365.7,1365.7,1365.7,1365.7,25,450,1365.7,1316.55,1406.0
3279,2021-03-09 13:46:00,1365.7,1365.7,1365.7,1365.7,25,450,1365.7,1316.55,1406.0
3280,2021-03-09 13:47:00,1365.7,1365.7,1365.7,1365.7,25,450,1365.7,1316.55,1406.0
3281,2021-03-09 13:48:00,1365.7,1365.7,1365.7,1365.7,25,450,1365.7,1316.55,1406.0
3282,2021-03-09 13:49:00,1365.7,1365.7,1365.7,1365.7,25,450,1365.7,1316.55,1406.0
3283,2021-03-09 13:50:00,1365.7,1365.7,1365.7,1365.7,25,450,1365.7,1316.55,1406.0
3284,2021-03-09 13:51:00,1365.7,1365.7,1365.7,1365.7,25,450,1365.7,1316.55,1406.0
3285,2021-03-09 13:52:00,1365.7,1365.7,1365.7,1365.7,25,450,1365.7,1316.55,1406.0
3286,2021-03-09 13:53:00,1365.7,1365.7,1365.7,1365.7,25,450,1365.7,1316.55,1406.0
3287,2021-03-09 13:54:00,1365.7,1365.7,1365.7,1365.7,25,450,1365.7,1316.55,1406.0
3288,2021-03-09 13:55:00,1365.7,1365.7,1365.7,1365.7,25,450,1365.7,1316.55,1406.0
3289,2021-03-09 13:56:00,1365.7,1365.7,1365.7,1365.7,25,450,1365.7,1316.55,1406.0
3290,2021-03-09 13:57:00,1365.7,1365.7,1365.7,1365.7,25,450,1365.7,1316.55,1406.0
3291,2021-03-09 13:58:00,1365.7,1365.7,1365.7,1365.7,25,450,1365.7,1316.55,1406.0
3292,2021-03-09 13:59:00,1365.7,1365.7,1365.7,1365.7,25,450,1365.7,1316.55,1406.0
3293,2021-03-09 14:00:00,1365.7,1365.7,1365.7,1365.7,25,450,1365.7,1316.55,1406.0
3294,2021-03-09 14:01:00,1365.7,1365.7,1365.7,1365.7,25,450,1365.7,1316.55,1406.0
3295,2021-03-09 14:02:00,1365.7,1365.7,1365.7,1365.7,25,450,1365.7,1316.55,1406.0
3296,2021-03-09 14:03:00,1365.7,1365.7,1365.7,1365.7,25,450,1365.7,1316.55,1406.0
3297,2021-03-09 14:04:00,1365.7,1365.7,1365.7,1365.7,25,450,1365.7,1316.55,1406.0
3298,2021-03-09 14:05:00,1365.7,1365.7,1365.7,1365.7,25,450,1365.7,1316.55,1406.0
3299,2021-03-09 14:06:00,1365.7,1365.7,1365.7,1365.7,25,450,1365.7,1316.55,1406.0
3300,2021-03-09 14:07:00,1365.7,1365.7,1365.7,1365.7,25,450,1365.7,1316.55,1406.0
3301,2021-03-09 14:08:00,1365.7,1365.7,1365.7,1365.7,25,450,1365.7,1316.55,1406.0
3302,2021-03-09 14:09:00,1365.7,1365.7,1365.7,1365.7,25,450,1365.7,1316.55,1406.0
3303,2021-03-09 14:10:00,1365.7,1365.7,1365.7,1365.7,25,450,1365.7,1316.55,1406.0
3304,2021-03-09 14:11:00,1365.7,1365.7,1365.7,1365.7,25,450,1365.7,1316.55,1406.0
3305,2021-03-09 14:12:00,1365.7,1365.7,1365.7,1365.7,25,450,1365.7,1316.55,1406.0
3306,2021-03-09 14:13:00,1365.7,1365.7,1365.7,1365.7,25,450,1365.7,1316.55,1406.0
3307,2021-03-09 14:14:00,1365.7,1365.7,1365.7,1365.7,25,450,1365.7,1316.55,1406.0
3308,2021-03-09 14:15:00,1365.7,1365.7,1365.7,1365.7,25,450,1365.7,1316.55,1406.0
3309,2021-03-09 14:16:00,1365.7,1365.7,1365.7,1365.7,25,450,1365.7,1316.55,1406.0
3310,2021-03-09 14:17:00,1365.7,1365.7,1365.7,1365.7,25,450,1365.7,1316.55,1406.0
3311,2021-03-09 14:18:00,1365.7,1365.7,1365.7,1365.7,25,450,1365.7,1316.55,1406.0
3312,2021-03-09 14:19:00,1365.7,1365.7,1365.7,1365.7,25,450,1365.7,1316.55,1406.0
3313,2021-03-09 14:20:00,1365.7,1365.7,1365.7,1365.7,25,450,1365.7,1316.55,1406.0
3314,2021-03-09 14:21:00,1365.7,1365.7,1365.7,1365.7,25,450,1365.7,1316.55,1406.0
3315,2021-03-09 14:22:00,1365.7,1365.7,1365.7,1365.7,25,450,1365.7,1316.55,1406.0
3316,2021-03-09 14:23:00,1365.7,1365.7,1365.7,1365.7,25,450,1365.7,1316.55,1406.0
3317,2021-03-09 14:24:00,1365.7,1365.7,1365.7,1365.7,25,450,1365.7,1316.55,1406.0
3318,2021-03-09 14:25:00,1365.7,1365.7,1365.7,1365.7,25,450,1365.7,1316.55,1406.0
3319,2021-03-09 14:26:00,1365.7,1365.7,1365.7,1365.7,25,450,1365.7,1316.55,1406.0
3320,2021-03-09 14:27:00,1365.7,1365.7,1365.7,1365.7,25,450,1365.7,1316.55,1406.0
3321,2021-03-09 14:28:00,1365.7,1365.7,1365.7,1365.7,25,450,1365.7,1316.55,1406.0
3322,2021-03-09 14:29:00,1365.7,1365.7,1365.7,1365.7,25,450,1365.7,1316.55,1406.0
3323,2021-03-09 14:30:00,1365.7,1365.7,1365.7,1365.7,25,450,1365.7,1316.55,1406.0
3324,2021-03-09 14:31:00,1365.7,1365.7,1365.7,1365.7,25,450,1365.7,1316.55,1406.0
3325,2021-03-09 14:32:00,1365.7,1365.7,1365.7,1365.7,25,450,1365.7,1316.55,1406.0
3326,2021-03-09 14:33:00,1365.7,1365.7,1365.7,1365.7,25,450,1365.7,1316.55,1406.0
3327,2021-03-09 14:34:00,1365.7,1365.7,1365.7,1365.7,25,450,1365.7,1316.55,1406.0
3328,2021-03-09 14:35:00,1365.7,1365.7,1365.7,1365.7,25,450,1365.7,1316.55,1406.0
3329,2021-03-09 14:36:00,1365.7,1365.7,1365.7,1365.7,25,450,1365.7,1316.55,1406.0
3330,2021-03-09 14:37:00,1365.7,1365.7,1365.7,1365.7,25,450,1365.7,1316.55,1406.0
3331,2021-03-09 14:38:00,1365.7,1365.7,1365.7,1365.7,25,450,1365.7,1316.55,1406.0
3332,2021-03-09 14:39:00,1365.7,1365.7,1365.7,1365.7,25,450,1365.7,1316.55,1406.0
3333,2021-03-09 14:40:00,1365.7,1365.7,1365.7,1365.7,25,450,1365.7,1316.55,1406.0
3334,2021-03-09 14:41:00,1365.7,1365.7,1365.7,1365.7,25,450,1365.7,1316.55,1406.0
3335,2021-03-09 14:42:00,1365.7,1365.7,1365.7,1365.7,25,450,1365.7,1316.55,1406.0
3336,2021-03-09 14:43:00,1365.7,1365.7,1365.7,1365.7,25,450,1365.7,1316.55,1406.0
3337,2021-03-09 14:44:00,1365.7,1365.7,1365.7,1365.7,25,450,1365.7,1316.55,1406.0
3338,2021-03-09 14:45:00,1365.7,1365.7,1365.7,1365.7,25,450,1365.7,1316.55,1406.0
3339,2021-03-09 14:46:00,1365.7,1365.7,1365.7,1365.7,25,450,1365.7,1316.55,1406.0
3340,2021-03-09 14:47:00,1365.7,1365.7,1365.7,1365.7,25,450,1365.7,1316.55,1406.0
3341,2021-03-09 14:48:00,1365.7,1365.7,1365.7,1365.7,25,450,1365.7,1316.55,1406.0
3342,2021-03-09 14:49:00,1365.7,1365.7,1365.7,1365.7,25,450,1365.7,1316.55,1406.0
3343,2021-03-09 14:50:00,1365.7,1365.7,1365.7,1365.7,25,450,1365.7,1316.55,1406.0
3344,2021-03-09 14:51:00,1365.7,1365.7,1365.7,1365.7,25,450,1365.7,1316.55,1406.0
3345,2021-03-09 14:52:00,1365.7,1365.7,1365.7,1365.7,25,450,1365.7,1316.55,1406.0
3346,2021-03-09 14:53:00,1365.7,1365.7,1365.7,1365.7,25,450,1365.7,1316.55,1406.0
3347,2021-03-09 14:54:00,1365.7,1365.7,1365.7,1365.7,25,450,1365.7,1316.55,1406.0
3348,2021-03-09 14:55:00,1365.7,1365.7,1365.7,1365.7,25,450,1365.7,1316.55,1406.0
3349,2021-03-09 14:56:00,1365.7,1365.7,1365.7,1365.7,25,450,1365.7,1316.55,1406.0
3350,2021-03-09 14:57:00,1365.7,1365.7,1365.7,1365.7,25,450,1365.7,1316.55,1406.0
3351,2021-03-09 14:58:00,1365.7,1365.7,1365.7,1365.7,25,450,1365.7,1316.55,1406.0
3352,2021-03-09 14:59:00,1365.7,1365.7,1365.7,1365.7,25,450,1365.7,1316.55,1406.0
3353,2021-03-09 15:00:00,1365.7,1365.7,1365.7,1365.7,25,450,1365.7,1316.55,1406.0
3354,2021-03-09 15:01:00,1365.7,1365.7,1365.7,1365.7,25,450,1365.7,1316.55,1406.0
3355,2021-03-09 15:02:00,1365.7,1365.7,1365.7,1365.7,25,450,1365.7,1316.55,1406.0
3356,2021-03-09 15:03:00,1365.7,1365.7,1365.7,1365.7,25,450,1365.7,1316.55,1406.0
3357,2021-03-09 15:04:00,1365.7,1365.7,1365.7,1365.7,25,450,1365.7,1316.55,1406.0
3358,2021-03-09 15:05:00,1365.7,1365.7,1365.7,1365.7,25,450,1365.7,1316.55,1406.0
3359,2021-03-09 15:06:00,1365.7,1365.7,1365.7,1365.7,25,450,1365.7,1316.55,1406.0
3360,2021-03-09 15:07:00,1365.7,1365.7,1365.7,1365.7,25,450,1365.7,1316.55,1406.0
3361,2021-03-09 15:08:00,1365.7,1365.7,1365.7,1365.7,25,450,1365.7,1316.55,1406.0
3362,2021-03-09 15:09:00,1365.7,1365.7,1365.7,1365.7,25,450,1365.7,1316.55,1406.0
3363,2021-03-09 15:10:00,1365.7,1365.7,1365.7,1365.7,25,450,1365.7,1316.55,1406.0
3364,2021-03-09 15:11:00,1365.7,1365.7,1365.7,1365.7,25,450,1365.7,1316.55,1406.0
3365,2021-03-09 15:12:00,1365.7,1365.7,1365.7,1365.7,25,450,1365.7,1316.55,1406.0
3366,2021-03-09 15:13:00,1365.7,1365.7,1365.7,1365.7,25,450,1365.7,1316.55,1406.0
3367,2021-03-09 15:14:00,1365.7,1365.7,1365.7,1365.7,25,450,1365.7,1316.55,1406.0
3368,2021-03-09 15:15:00,1365.7,1365.7,1365.7,1365.7,25,450,1365.7,1316.55,1406.0
3369,2021-03-09 15:16:00,1365.7,1365.7,1365.7,1365.7,25,450,1365.7,1316.55,1406.0
3370,2021-03-09 15:17:00,1365.7,1365.7,1365.7,1365.7,25,450,1365.7,1316.55,1406.0
3371,2021-03-09 15:18:00,1365.7,1365.7,1365.7,1365.7,25,450,1365.7,1316.55,1406.0
3372,2021-03-09 15:19:00,1365.7,1365.7,1365.7,1365.7,25,450,1365.7,1316.55,1406.0
3373,2021-03-09 15:20:00,1365.7,1365.7,1365.7,1365.7,25,450,1365.7,1316.55,1406.0
3374,2021-03-09 15:21:00,1365.7,1365.7,1365.7,1365.7,25,450,1365.7,1316.55,1406.0
3375,2021-03-09 15:22:00,1365.7,1365.7,1365.7,1365.7,25,450,1365.7,1316.55,1406.0
3376,2021-03-09 15:23:00,1365.7,1365.7,1365.7,1365.7,25,450,1365.7,1316.55,1406.0
3377,2021-03-09 15:24:00,1365.7,1365.7,1365.7,1365.7,25,450,1365.7,1316.55,1406.0
3378,2021-03-09 15:25:00,1365.7,1365.7,1365.7,1365.7,25,450,1365.7,1316.55,1406.0
3379,2021-03-09 15:26:00,1365.7,1365.7,1365.7,1365.7,25,450,1365.7,1316.55,1406.0
3380,2021-03-09 15:27:00,1365.7,1365.7,1365.7,1365.7,25,450,1365.7,1316.55,1406.0
3381,2021-03-09 15:28:00,1365.7,1365.7,1365.7,1365.7,25,450,1365.7,1316.55,1406.0
3382,2021-03-09 15:29:00,1365.7,1365.7,1365.7,1365.7,25,450,1365.7,1316.55,1406.0
3383,2021-03-09 15:30:00,1365.7,1365.7,1365.7,1365.7,25,450,1365.7,1316.55,1406.0
3384,2021-03-10 09:15:00,1365.7,1365.7,1365.7,1365.7,25,450,1365.7,1316.55,1406.0
3385,2021-03-10 09:16:00,1365.7,1365.7,1365.7,1365.7,25,450,1365.7,1316.55,1406.0
3386,2021-03-10 09:17:00,1365.7,1365.7,1365.7,1365.7,25,450,1365.7,1316.55,1406.0
3387,2021-03-10 09:18:00,1365.7,1365.7,1365.7,1365.7,25,450,1365.7,1316.55,1406.0
3388,2021-03-10 09:19:00,1365.7,1365.7,1365.7,1365.7,25,450,1365.7,1316.55,1406.0
3389,2021-03-10 09:20:00,1365.7,1365.7,1365.7,1365.7,25,450,1365.7,1316.55,1406.0
3390,2021-03-10 09:21:00,1365.7,1365.7,1365.7,1365.7,25,450,1365.7,1316.55,1406.0
3391,2021-03-10 09:22:00,1365.7,1365.7,1365.7,1365.7,25,450,1365.7,1316.55,1406.0
3392,2021-03-10 09:23:00,1365.7,1365.7,1365.7,1365.7,25,450,1365.7,1316.55,1406.0
3393,2021-03-10 09:24:00,1365.7,1365.7,1365.7,1365.7,25,450,1365.7,1316.55,1406.0
3394,2021-03-10 09:25:00,1365.7,1365.7,1365.7,1365.7,25,450,1365.7,1316.55,1406.0
3395,2021-03-10 09:26:00,1365.7,1365.7,1365.7,1365.7,25,450,1365.7,1316.55,1406.0
3396,2021-03-10 09:27:00,1365.7,1365.7,1365.7,1365.7,25,450,1365.7,1316.55,1406.0
3397,2021-03-10 09:28:00,1365.7,1365.7,1365.7,1365.7,25,450,1365.7,1316.55,1406.0
3398,2021-03-10 09:29:00,1365.7,1365.7,1365.7,1365.7,25,450,1365.7,1316.55,1406.0
3399,2021-03-10 09:30:00,1365.7,1365.7,1365.7,1365.7,25,450,1365.7,1316.55,1406.0
3400,2021-03-10 09:31:00,1365.7,1365.7,1365.7,1365.7,25,450,1365.7,1316.55,1406.0
3401,2021-03-10 09:32:00,1365.7,1365.7,1365.7,1365.7,25,450,1365.7,1316.55,1406.0
3402,2021-03-10 09:33:00,1365.7,1365.7,1365.7,1365.7,25,450,1365.7,1316.55,1406.0
3403,2021-03-10 09:34:00,1365.7,1365.7,1365.7,1365.7,25,450,1365.7,1316.55,1406.0
3404,2021-03-10 09:35:00,1365.7,1365.7,1365.7,1365.7,25,450,1365.7,1316.55,1406.0
3405,2021-03-10 09:36:00,1365.7,1365.7,1365.7,1365.7,25,450,1365.7,1316.55,1406.0
3406,2021-03-10 09:37:00,1365.7,1365.7,1365.7,1365.7,25,450,1365.7,1316.55,1406.0
3407,2021-03-10 09:38:00,1365.7,1365.7,1365.7,1365.7,25,450,1365.7,1316.55,1406.0
3408,2021-03-10 09:39:00,1365.7,1365.7,1365.7,1365.7,25,450,1365.7,1316.55,1406.0
3409,2021-03-10 09:40:00,1365.7,1365.7,1365.7,1365.7,25,450,1365.7,1316.55,1406.0
3410,2021-03-10 09:41:00,1365.7,1365.7,1365.7,1365.7,25,450,1365.7,1316.55,1406.0
3411,2021-03-10 09:42:00,1365.7,1365.7,1365.7,1365.7,25,450,1365.7,1316.55,1406.0
3412,2021-03-10 09:43:00,1365.7,1365.7,1365.7,1365.7,25,450,1365.7,1316.55,1406.0
3413,2021-03-10 09:44:00,1365.7,1365.7,1365.7,1365.7,25,450,1365.7,1316.55,1406.0
3414,2021-03-10 09:45:00,1365.7,1365.7,1365.7,1365.7,25,450,1365.7,1316.55,1406.0
3415,2021-03-10 09:46:00,1365.7,1365.7,1365.7,1365.7,25,450,1365.7,1316.55,1406.0
3416,2021-03-10 09:47:00,1365.7,1365.7,1365.7,1365.7,25,450,1365.7,1316.55,1406.0
3417,2021-03-10 09:48:00,1365.7,1365.7,1365.7,1365.7,25,450,1365.7,1316.55,1406.0
3418,2021-03-10 09:49:00,1365.7,1365.7,1365.7,1365.7,25,450,1365.7,1316.55,1406.0
3419,2021-03-10 09:50:00,1365.7,1365.7,1365.7,1365.7,25,450,1365.7,1316.55,1406.0
3420,2021-03-10 09:51:00,1365.7,1365.7,1365.7,1365.7,25,450,1365.7,1316.55,1406.0
3421,2021-03-10 09:52:00,1365.7,1365.7,1365.7,1365.7,25,450,1365.7,1316.55,1406.0
3422,2021-03-10 09:53:00,1365.7,1365.7,1365.7,1365.7,25,450,1365.7,1316.55,1406.0
3423,2021-03-10 09:54:00,1365.7,1365.7,1365.7,1365.7,25,450,1365.7,1316.55,1406.0
3424,2021-03-10 09:55:00,1365.7,1365.7,1365.7,1365.7,25,450,1365.7,1316.55,1406.0
3425,2021-03-10 09:56:00,1365.7,1365.7,1365.7,1365.7,25,450,1365.7,1316.55,1406.0
3426,2021-03-10 09:57:00,1365.7,1365.7,1365.7,1365.7,25,450,1365.7,1316.55,1406.0
3427,2021-03-10 09:58:00,1365.7,1365.7,1365.7,1365.7,25,450,1365.7,1316.55,1406.0
3428,2021-03-10 09:59:00,1365.7,1365.7,1365.7,1365.7,25,450,1365.7,1316.55,1406.0
3429,2021-03-10 10:00:00,1365.7,1365.7,1365.7,1365.7,25,450,1365.7,1316.55,1406.0
3430,2021-03-10 10:01:00,1365.7,1365.7,1365.7,1365.7,25,450,1365.7,1316.55,1406.0
3431,2021-03-10 10:02:00,1365.7,1365.7,1365.7,1365.7,25,450,1365.7,1316.55,1406.0
3432,2021-03-10 10:03:00,1365.7,1365.7,1365.7,1365.7,25,450,1365.7,1316.55,1406.0
3433,2021-03-10 10:04:00,1365.7,1365.7,1365.7,1365.7,25,450,1365.7,1316.55,1406.0
3434,2021-03-10 10:05:00,1365.7,1365.7,1365.7,1365.7,25,450,1365.7,1316.55,1406.0
3435,2021-03-10 10:06:00,1365.7,1365.7,1365.7,1365.7,25,450,1365.7,1316.55,1406.0
3436,2021-03-10 10:07:00,1365.7,1365.7,1365.7,1365.7,25,450,1365.7,1316.55,1406.0
3437,2021-03-10 10:08:00,1365.7,1365.7,1365.7,1365.7,25,450,1365.7,1316.55,1406.0
3438,2021-03-10 10:09:00,1365.7,1365.7,1365.7,1365.7,25,450,1365.7,1316.55,1406.0
3439,2021-03-10 10:10:00,1365.7,1365.7,1365.7,1365.7,25,450,1365.7,1316.55,1406.0
3440,2021-03-10 10:11:00,1365.7,1365.7,1365.7,1365.7,25,450,1365.7,1316.55,1406.0
3441,2021-03-10 10:12:00,1365.7,1365.7,1365.7,1365.7,25,450,1365.7,1316.55,1406.0
3442,2021-03-10 10:13:00,1365.7,1365.7,1365.7,1365.7,25,450,1365.7,1316.55,1406.0
3443,2021-03-10 10:14:00,1365.7,1365.7,1365.7,1365.7,25,450,1365.7,1316.55,1406.0
3444,2021-03-10 10:15:00,1365.7,1365.7,1365.7,1365.7,25,450,1365.7,1316.55,1406.0
3445,2021-03-10 10:16:00,1365.7,1365.7,1365.7,1365.7,25,450,1365.7,1316.55,1406.0
3446,2021-03-10 10:17:00,1365.7,1365.7,1365.7,1365.7,25,450,1365.7,1316.55,1406.0
3447,2021-03-10 10:18:00,1365.7,1365.7,1365.7,1365.7,25,450,1365.7,1316.55,1406.0
3448,2021-03-10 10:19:00,1365.7,1365.7,1365.7,1365.7,25,450,1365.7,1316.55,1406.0
3449,2021-03-10 10:20:00,1365.7,1365.7,1365.7,1365.7,25,450,1365.7,1316.55,1406.0
3450,2021-03-10 10:21:00,1365.7,1365.7,1365.7,1365.7,25,450,1365.7,1316.55,1406.0
3451,2021-03-10 10:22:00,1365.7,1365.7,1365.7,1365.7,25,450,1365.7,1316.55,1406.0
3452,2021-03-10 10:23:00,1365.7,1365.7,1365.7,1365.7,25,450,1365.7,1316.55,1406.0
3453,2021-03-10 10:24:00,1365.7,1365.7,1365.7,1365.7,25,450,1365.7,1316.55,1406.0
3454,2021-03-10 10:25:00,1365.7,1365.7,1365.7,1365.7,25,450,1365.7,1316.55,1406.0
3455,2021-03-10 10:26:00,1365.7,1365.7,1365.7,1365.7,25,450,1365.7,1316.55,1406.0
3456,2021-03-10 10:27:00,1365.7,1365.7,1365.7,1365.7,25,450,1365.7,1316.55,1406.0
3457,2021-03-10 10:28:00,1365.7,1365.7,1365.7,1365.7,25,450,1365.7,1316.55,1406.0
3458,2021-03-10 10:29:00,1365.7,1365.7,1365.7,1365.7,25,450,1365.7,1316.55,1406.0
3459,2021-03-10 10:30:00,1365.7,1365.7,1365.7,1365.7,25,450,1365.7,1316.55,1406.0
3460,2021-03-10 10:31:00,1365.7,1365.7,1365.7,1365.7,25,450,1365.7,1316.55,1406.0
3461,2021-03-10 10:32:00,1365.7,1365.7,1365.7,1365.7,25,450,1365.7,1316.55,1406.0
3462,2021-03-10 10:33:00,1365.7,1365.7,1365.7,1365.7,25,450,1365.7,1316.55,1406.0
3463,2021-03-10 10:34:00,1365.7,1365.7,1365.7,1365.7,25,450,1365.7,1316.55,1406.0
3464,2021-03-10 10:35:00,1365.7,1365.7,1365.7,1365.7,25,450,1365.7,1316.55,1406.0
3465,2021-03-10 10:36:00,1365.7,1365.7,1365.7,1365.7,25,450,1365.7,1316.55,1406.0
3466,2021-03-10 10:37:00,1365.7,1365.7,1365.7,1365.7,25,450,1365.7,1316.55,1406.0
3467,2021-03-10 10:38:00,1365.7,1365.7,1365.7,1365.7,25,450,1365.7,1316.55,1406.0
3468,2021-03-10 10:39:00,1365.7,1365.7,1365.7,1365.7,25,450,1365.7,1316.55,1406.0
3469,2021-03-10 10:40:00,1365.7,1365.7,1365.7,1365.7,25,450,1365.7,1316.55,1406.0
3470,2021-03-10 10:41:00,1365.7,1365.7,1365.7,1365.7,25,450,1365.7,1316.55,1406.0
3471,2021-03-10 10:42:00,1365.7,1365.7,1365.7,1365.7,25,450,1365.7,1316.55,1406.0
3472,2021-03-10 10:43:00,1365.7,1365.7,1365.7,1365.7,25,450,1365.7,1316.55,1406.0
3473,2021-03-10 10:44:00,1365.7,1365.7,1365.7,1365.7,25,450,1365.7,1316.55,1406.0
3474,2021-03-10 10:45:00,1365.7,1365.7,1365.7,1365.7,25,450,1365.7,1316.55,1406.0
3475,2021-03-10 10:46:00,1365.7,1365.7,1365.7,1365.7,25,450,1365.7,1316.55,1406.0
3476,2021-03-10 10:47:00,1365.7,1365.7,1365.7,1365.7,25,450,1365.7,1316.55,1406.0
3477,2021-03-10 10:48:00,1365.7,1365.7,1365.7,1365.7,25,450,1365.7,1316.55,1406.0
3478,2021-03-10 10:49:00,1365.7,1365.7,1365.7,1365.7,25,450,1365.7,1316.55,1406.0
3479,2021-03-10 10:50:00,1365.7,1365.7,1365.7,1365.7,25,450,1365.7,1316.55,1406.0
3480,2021-03-10 10:51:00,1365.7,1365.7,1365.7,1365.7,25,450,1365.7,1316.55,1406.0
3481,2021-03-10 10:52:00,1365.7,1365.7,1365.7,1365.7,25,450,1365.7,1316.55,1406.0
3482,2021-03-10 10:53:00,1365.7,1365.7,1365.7,1365.7,25,450,1365.7,1316.55,1406.0
3483,2021-03-10 10:54:00,1365.7,1365.7,1365.7,1365.7,25,450,1365.7,1316.55,1406.0
3484,2021-03-10 10:55:00,1365.7,1365.7,1365.7,1365.7,25,450,1365.7,1316.55,1406.0
3485,2021-03-10 10:56:00,1365.7,1365.7,1365.7,1365.7,25,450,1365.7,1316.55,1406.0
3486,2021-03-10 10:57:00,1365.7,1365.7,1365.7,1365.7,25,450,1365.7,1316.55,1406.0
3487,2021-03-10 10:58:00,1365.7,1365.7,1365.7,1365.7,25,450,1365.7,1316.55,1406.0
3488,2021-03-10 10:59:00,1365.7,1365.7,1365.7,1365.7,25,450,1365.7,1316.55,1406.0
3489,2021-03-10 11:00:00,1365.7,1365.7,1365.7,1365.7,25,450,1365.7,1316.55,1406.0
3490,2021-03-10 11:01:00,1365.7,1365.7,1365.7,1365.7,25,450,1365.7,1316.55,1406.0
3491,2021-03-10 11:02:00,1365.7,1365.7,1365.7,1365.7,25,450,1365.7,1316.55,1406.0
3492,2021-03-10 11:03:00,1365.7,1365.7,1365.7,1365.7,25,450,1365.7,1316.55,1406.0
3493,2021-03-10 11:04:00,1365.7,1365.7,1365.7,1365.7,25,450,1365.7,1316.55,1406.0
3494,2021-03-10 11:05:00,1365.7,1365.7,1365.7,1365.7,25,450,1365.7,1316.55,1406.0
3495,2021-03-10 11:06:00,1365.7,1365.7,1365.7,1365.7,25,450,1365.7,1316.55,1406.0
3496,2021-03-10 11:07:00,1365.7,1365.7,1365.7,1365.7,25,450,1365.7,1316.55,1406.0
3497,2021-03-10 11:08:00,1365.7,1365.7,1365.7,1365.7,25,450,1365.7,1316.55,1406.0
3498,2021-03-10 11:09:00,1365.7,1365.7,1365.7,1365.7,25,450,1365.7,1316.55,1406.0
3499,2021-03-10 11:10:00,1365.7,1365.7,1365.7,1365.7,25,450,1365.7,1316.55,1406.0
3500,2021-03-10 11:11:00,1365.7,1365.7,1365.7,1365.7,25,450,1365.7,1316.55,1406.0
3501,2021-03-10 11:12:00,1365.7,1365.7,1365.7,1365.7,25,450,1365.7,1316.55,1406.0
3502,2021-03-10 11:13:00,1365.7,1365.7,1365.7,1365.7,25,450,1365.7,1316.55,1406.0
3503,2021-03-10 11:14:00,1365.7,1365.7,1365.7,1365.7,25,450,1365.7,1316.55,1406.0
3504,2021-03-10 11:15:00,1365.7,1365.7,1365.7,1365.7,25,450,1365.7,1316.55,1406.0
3505,2021-03-10 11:16:00,1365.7,1365.7,1365.7,1365.7,25,450,1365.7,1316.55,1406.0
3506,2021-03-10 11:17:00,1365.7,1365.7,1365.7,1365.7,25,450,1365.7,1316.55,1406.0
3507,2021-03-10 11:18:00,1365.7,1365.7,1365.7,1365.7,25,450,1365.7,1316.55,1406.0
3508,2021-03-10 11:19:00,1365.7,1365.7,1365.7,1365.7,25,450,1365.7,1316.55,1406.0
3509,2021-03-10 11:20:00,1365.7,1365.7,1365.7,1365.7,25,450,1365.7,1316.55,1406.0
3510,2021-03-10 11:21:00,1365.7,1365.7,1365.7,1365.7,25,450,1365.7,1316.55,1406.0
3511,2021-03-10 11:22:00,1365.7,1365.7,1365.7,1365.7,25,450,1365.7,1316.55,1406.0
3512,2021-03-10 11:23:00,1365.7,1365.7,1365.7,1365.7,25,450,1365.7,1316.55,1406.0
3513,2021-03-10 11:24:00,1365.7,1365.7,1365.7,1365.7,25,450,1365.7,1316.55,1406.0
3514,2021-03-10 11:25:00,1365.7,1365.7,1365.7,1365.7,25,450,1365.7,1316.55,1406.0
3515,2021-03-10 11:26:00,1365.7,1365.7,1365.7,1365.7,25,450,1365.7,1316.55,1406.0
3516,2021-03-10 11:27:00,1365.7,1365.7,1365.7,1365.7,25,450,1365.7,1316.55,1406.0
3517,2021-03-10 11:28:00,1365.7,1365.7,1365.7,1365.7,25,450,1365.7,1316.55,1406.0
3518,2021-03-10 11:29:00,1365.7,1365.7,1365.7,1365.7,25,450,1365.7,1316.55,1406.0
3519,2021-03-10 11:30:00,1365.7,1365.7,1365.7,1365.7,25,450,1365.7,1316.55,1406.0
3520,2021-03-10 11:31:00,1365.7,1365.7,1365.7,1365.7,25,450,1365.7,1316.55,1406.0
3521,2021-03-10 11:32:00,1365.7,1365.7,1365.7,1365.7,25,450,1365.7,1316.55,1406.0
3522,2021-03-10 11:33:00,1365.7,1365.7,1365.7,1365.7,25,450,1365.7,1316.55,1406.0
3523,2021-03-10 11:34:00,1365.7,1365.7,1365.7,1365.7,25,450,1365.7,1316.55,1406.0
3524,2021-03-10 11:35:00,1365.7,1365.7,1365.7,1365.7,25,450,1365.7,1316.55,1406.0
3525,2021-03-10 11:36:00,1365.7,1365.7,1365.7,1365.7,25,450,1365.7,1316.55,1406.0
3526,2021-03-10 11:37:00,1365.7,1365.7,1365.7,1365.7,25,450,1365.7,1316.55,1406.0
3527,2021-03-10 11:38:00,1365.7,1365.7,1365.7,1365.7,25,450,1365.7,1316.55,1406.0
3528,2021-03-10 11:39:00,1365.7,1365.7,1365.7,1365.7,25,450,1365.7,1316.55,1406.0
3529,2021-03-10 11:40:00,1365.7,1365.7,1365.7,1365.7,25,450,1365.7,1316.55,1406.0
3530,2021-03-10 11:41:00,1365.7,1365.7,1365.7,1365.7,25,450,1365.7,1316.55,1406.0
3531,2021-03-10 11:42:00,1365.7,1365.7,1365.7,1365.7,25,450,1365.7,1316.55,1406.0
3532,2021-03-10 11:43:00,1365.7,1365.7,1365.7,1365.7,25,450,1365.7,1316.55,1406.0
3533,2021-03-10 11:44:00,1365.7,1365.7,1365.7,1365.7,25,450,1365.7,1316.55,1406.0
3534,2021-03-10 11:45:00,1365.7,1365.7,1365.7,1365.7,25,450,1365.7,1316.55,1406.0
3535,2021-03-10 11:46:00,1365.7,1365.7,1365.7,1365.7,25,450,1365.7,1316.55,1406.0
3536,2021-03-10 11:47:00,1365.7,1365.7,1365.7,1365.7,25,450,1365.7,1316.55,1406.0
3537,2021-03-10 11:48:00,1365.7,1365.7,1365.7,1365.7,25,450,1365.7,1316.55,1406.0
3538,2021-03-10 11:49:00,1365.7,1365.7,1365.7,1365.7,25,450,1365.7,1316.55,1406.0
3539,2021-03-10 11:50:00,1365.7,1365.7,1365.7,1365.7,25,450,1365.7,1316.55,1406.0
3540,2021-03-10 11:51:00,1365.7,1365.7,1365.7,1365.7,25,450,1365.7,1316.55,1406.0
3541,2021-03-10 11:52:00,1365.7,1365.7,1365.7,1365.7,25,450,1365.7,1316.55,1406.0
3542,2021-03-10 11:53:00,1365.7,1365.7,1365.7,1365.7,25,450,1365.7,1316.55,1406.0
3543,2021-03-10 11:54:00,1365.7,1365.7,1365.7,1365.7,25,450,1365.7,1316.55,1406.0
3544,2021-03-10 11:55:00,1365.7,1365.7,1365.7,1365.7,25,450,1365.7,1316.55,1406.0
3545,2021-03-10 11:56:00,1365.7,1365.7,1365.7,1365.7,25,450,1365.7,1316.55,1406.0
3546,2021-03-10 11:57:00,1365.7,1365.7,1365.7,1365.7,25,450,1365.7,1316.55,1406.0
3547,2021-03-10 11:58:00,1365.7,1365.7,1365.7,1365.7,25,450,1365.7,1316.55,1406.0
3548,2021-03-10 11:59:00,1365.7,1365.7,1365.7,1365.7,25,450,1365.7,1316.55,1406.0
3549,2021-03-10 12:00:00,1365.7,1365.7,1365.7,1365.7,25,450,1365.7,1316.55,1406.0
3550,2021-03-10 12:01:00,1365.7,1365.7,1365.7,1365.7,25,450,1365.7,1316.55,1406.0
3551,2021-03-10 12:02:00,1365.7,1365.7,1365.7,1365.7,25,450,1365.7,1316.55,1406.0
3552,2021-03-10 12:03:00,1365.7,1365.7,1365.7,1365.7,25,450,1365.7,1316.55,1406.0
3553,2021-03-10 12:04:00,1365.7,1365.7,1365.7,1365.7,25,450,1365.7,1316.55,1406.0
3554,2021-03-10 12:05:00,1365.7,1365.7,1365.7,1365.7,25,450,1365.7,1316.55,1406.0
3555,2021-03-10 12:06:00,1365.7,1365.7,1365.7,1365.7,25,450,1365.7,1316.55,1406.0
3556,2021-03-10 12:07:00,1365.7,1365.7,1365.7,1365.7,25,450,1365.7,1316.55,1406.0
3557,2021-03-10 12:08:00,1365.7,1365.7,1365.7,1365.7,25,450,1365.7,1316.55,1406.0
3558,2021-03-10 12:09:00,1365.7,1365.7,1365.7,1365.7,25,450,1365.7,1316.55,1406.0
3559,2021-03-10 12:10:00,1365.7,1365.7,1365.7,1365.7,25,450,1365.7,1316.55,1406.0
3560,2021-03-10 12:11:00,1365.7,1365.7,1365.7,1365.7,25,450,1365.7,1316.55,1406.0
3561,2021-03-10 12:12:00,1365.7,1365.7,1365.7,1365.7,25,450,1365.7,1316.55,1406.0
3562,2021-03-10 12:13:00,1365.7,1365.7,1365.7,1365.7,25,450,1365.7,1316.55,1406.0
3563,2021-03-10 12:14:00,1365.7,1365.7,1365.7,1365.7,25,450,1365.7,1316.55,1406.0
3564,2021-03-10 12:15:00,1365.7,1365.7,1365.7,1365.7,25,450,1365.7,1316.55,1406.0
3565,2021-03-10 12:16:00,1365.7,1365.7,1365.7,1365.7,25,450,1365.7,1316.55,1406.0
3566,2021-03-10 12:17:00,1365.7,1365.7,1365.7,1365.7,25,450,1365.7,1316.55,1406.0
3567,2021-03-10 12:18:00,1365.7,1365.7,1365.7,1365.7,25,450,1365.7,1316.55,1406.0
3568,2021-03-10 12:19:00,1365.7,1365.7,1365.7,1365.7,25,450,1365.7,1316.55,1406.0
3569,2021-03-10 12:20:00,1365.7,1365.7,1365.7,1365.7,25,450,1365.7,1316.55,1406.0
3570,2021-03-10 12:21:00,1365.7,1365.7,1365.7,1365.7,25,450,1365.7,1316.55,1406.0
3571,2021-03-10 12:22:00,1365.7,1365.7,1365.7,1365.7,25,450,1365.7,1316.55,1406.0
3572,2021-03-10 12:23:00,1365.7,1365.7,1365.7,1365.7,25,450,1365.7,1316.55,1406.0
3573,2021-03-10 12:24:00,1365.7,1365.7,1365.7,1365.7,25,450,1365.7,1316.55,1406.0
3574,2021-03-10 12:25:00,1365.7,1365.7,1365.7,1365.7,25,450,1365.7,1316.55,1406.0
3575,2021-03-10 12:26:00,1365.7,1365.7,1365.7,1365.7,25,450,1365.7,1316.55,1406.0
3576,2021-03-10 12:27:00,1365.7,1365.7,1365.7,1365.7,25,450,1365.7,1316.55,1406.0
3577,2021-03-10 12:28:00,1365.7,1365.7,1365.7,1365.7,25,450,1365.7,1316.55,1406.0
3578,2021-03-10 12:29:00,1365.7,1365.7,1365.7,1365.7,25,450,1365.7,1316.55,1406.0
3579,2021-03-10 12:30:00,1365.7,1365.7,1365.7,1365.7,25,450,1365.7,1316.55,1406.0
3580,2021-03-10 12:31:00,1365.7,1365.7,1365.7,1365.7,25,450,1365.7,1316.55,1406.0
3581,2021-03-10 12:32:00,1365.7,1365.7,1365.7,1365.7,25,450,1365.7,1316.55,1406.0
3582,2021-03-10 12:33:00,1365.7,1365.7,1365.7,1365.7,25,450,1365.7,1316.55,1406.0
3583,2021-03-10 12:34:00,1365.7,1365.7,1365.7,1365.7,25,450,1365.7,1316.55,1406.0
3584,2021-03-10 12:35:00,1365.7,1365.7,1365.7,1365.7,25,450,1365.7,1316.55,1406.0
3585,2021-03-10 12:36:00,1365.7,1365.7,1365.7,1365.7,25,450,1365.7,1316.55,1406.0
3586,2021-03-10 12:37:00,1365.7,1365.7,1365.7,1365.7,25,450,1365.7,1316.55,1406.0
3587,2021-03-10 12:38:00,1365.7,1365.7,1365.7,1365.7,25,450,1365.7,1316.55,1406.0
3588,2021-03-10 12:39:00,1365.7,1365.7,1365.7,1365.7,25,450,1365.7,1316.55,1406.0
3589,2021-03-10 12:40:00,1365.7,1365.7,1365.7,1365.7,25,450,1365.7,1316.55,1406.0
3590,2021-03-10 12:41:00,1365.7,1365.7,1365.7,1365.7,25,450,1365.7,1316.55,1406.0
3591,2021-03-10 12:42:00,1365.7,1365.7,1365.7,1365.7,25,450,1365.7,1316.55,1406.0
3592,2021-03-10 12:43:00,1365.7,1365.7,1365.7,1365.7,25,450,1365.7,1316.55,1406.0
3593,2021-03-10 12:44:00,1365.7,1365.7,1365.7,1365.7,25,450,1365.7,1316.55,1406.0
3594,2021-03-10 12:45:00,1365.7,1365.7,1365.7,1365.7,25,450,1365.7,1316.55,1406.0
3595,2021-03-10 12:46:00,1365.7,1365.7,1365.7,1365.7,25,450,1365.7,1316.55,1406.0
3596,2021-03-10 12:47:00,1365.7,1365.7,1365.7,1365.7,25,450,1365.7,1316.55,1406.0
3597,2021-03-10 12:48:00,1365.7,1365.7,1365.7,1365.7,25,450,1365.7,1316.55,1406.0
3598,2021-03-10 12:49:00,1365.7,1365.7,1365.7,1365.7,25,450,1365.7,1316.55,1406.0
3599,2021-03-10 12:50:00,1365.7,1365.7,1365.7,1365.7,25,450,1365.7,1316.55,1406.0
3600,2021-03-10 12:51:00,1365.7,1365.7,1365.7,1365.7,25,450,1365.7,1316.55,1406.0
3601,2021-03-10 12:52:00,1365.7,1365.7,1365.7,1365.7,25,450,1365.7,1316.55,1406.0
3602,2021-03-10 12:53:00,1365.7,1365.7,1365.7,1365.7,25,450,1365.7,1316.55,1406.0
3603,2021-03-10 12:54:00,1365.7,1365.7,1365.7,1365.7,25,450,1365.7,1316.55,1406.0
3604,2021-03-10 12:55:00,1365.7,1365.7,1365.7,1365.7,25,450,1365.7,1316.55,1406.0
3605,2021-03-10 12:56:00,1365.7,1365.7,1365.7,1365.7,25,450,1365.7,1316.55,1406.0
3606,2021-03-10 12:57:00,1365.7,1365.7,1365.7,1365.7,25,450,1365.7,1316.55,1406.0
3607,2021-03-10 12:58:00,1365.7,1365.7,1365.7,1365.7,25,450,1365.7,1316.55,1406.0
3608,2021-03-10 12:59:00,1365.7,1365.7,1365.7,1365.7,25,450,1365.7,1316.55,1406.0
3609,2021-03-10 13:00:00,1365.7,1365.7,1365.7,1365.7,25,450,1365.7,1316.55,1406.0
3610,2021-03-10 13:01:00,1365.7,1365.7,1365.7,1365.7,25,450,1365.7,1316.55,1406.0
3611,2021-03-10 13:02:00,1365.7,1365.7,1365.7,1365.7,25,450,1365.7,1316.55,1406.0
3612,2021-03-10 13:03:00,1365.7,1365.7,1365.7,1365.7,25,450,1365.7,1316.55,1406.0
3613,2021-03-10 13:04:00,1365.7,1365.7,1365.7,1365.7,25,450,1365.7,1316.55,1406.0
3614,2021-03-10 13:05:00,1365.7,1365.7,1365.7,1365.7,25,450,1365.7,1316.55,1406.0
3615,2021-03-10 13:06:00,1365.7,1365.7,1365.7,1365.7,25,450,1365.7,1316.55,1406.0
3616,2021-03-10 13:07:00,1365.7,1365.7,1365.7,1365.7,25,450,1365.7,1316.55,1406.0
3617,2021-03-10 13:08:00,1365.7,1365.7,1365.7,1365.7,25,450,1365.7,1316.55,1406.0
3618,2021-03-10 13:09:00,1365.7,1365.7,1365.7,1365.7,25,450,1365.7,1316.55,1406.0
3619,2021-03-10 13:10:00,1365.7,1365.7,1365.7,1365.7,25,450,1365.7,1316.55,1406.0
3620,2021-03-10 13:11:00,1365.7,1365.7,1365.7,1365.7,25,450,1365.7,1316.55,1406.0
3621,2021-03-10 13:12:00,1365.7,1365.7,1365.7,1365.7,25,450,1365.7,1316.55,1406.0
3622,2021-03-10 13:13:00,1365.7,1365.7,1365.7,1365.7,25,450,1365.7,1316.55,1406.0
3623,2021-03-10 13:14:00,1365.7,1365.7,1365.7,1365.7,25,450,1365.7,1316.55,1406.0
3624,2021-03-10 13:15:00,1365.7,1365.7,1365.7,1365.7,25,450,1365.7,1316.55,1406.0
3625,2021-03-10 13:16:00,1365.7,1365.7,1365.7,1365.7,25,450,1365.7,1316.55,1406.0
3626,2021-03-10 13:17:00,1365.7,1365.7,1365.7,1365.7,25,450,1365.7,1316.55,1406.0
3627,2021-03-10 13:18:00,1365.7,1365.7,1365.7,1365.7,25,450,1365.7,1316.55,1406.0
3628,2021-03-10 13:19:00,1365.7,1365.7,1365.7,1365.7,25,450,1365.7,1316.55,1406.0
3629,2021-03-10 13:20:00,1365.7,1365.7,1365.7,1365.7,25,450,1365.7,1316.55,1406.0
3630,2021-03-10 13:21:00,1365.7,1365.7,1365.7,1365.7,25,450,1365.7,1316.55,1406.0
3631,2021-03-10 13:22:00,1365.7,1365.7,1365.7,1365.7,25,450,1365.7,1316.55,1406.0
3632,2021-03-10 13:23:00,1365.7,1365.7,1365.7,1365.7,25,450,1365.7,1316.55,1406.0
3633,2021-03-10 13:24:00,1365.7,1365.7,1365.7,1365.7,25,450,1365.7,1316.55,1406.0
3634,2021-03-10 13:25:00,1365.7,1365.7,1365.7,1365.7,25,450,1365.7,1316.55,1406.0
3635,2021-03-10 13:26:00,1365.7,1365.7,1365.7,1365.7,25,450,1365.7,1316.55,1406.0
3636,2021-03-10 13:27:00,1365.7,1365.7,1365.7,1365.7,25,450,1365.7,1316.55,1406.0
3637,2021-03-10 13:28:00,1365.7,1365.7,1365.7,1365.7,25,450,1365.7,1316.55,1406.0
3638,2021-03-10 13:29:00,1365.7,1365.7,1365.7,1365.7,25,450,1365.7,1316.55,1406.0
3639,2021-03-10 13:30:00,1365.7,1365.7,1365.7,1365.7,25,450,1365.7,1316.55,1406.0
3640,2021-03-10 13:31:00,1365.7,1365.7,1365.7,1365.7,25,450,1365.7,1316.55,1406.0
3641,2021-03-10 13:32:00,1365.7,1365.7,1365.7,1365.7,25,450,1365.7,1316.55,1406.0
3642,2021-03-10 13:33:00,1365.7,1365.7,1365.7,1365.7,25,450,1365.7,1316.55,1406.0
3643,2021-03-10 13:34:00,1365.7,1365.7,1365.7,1365.7,25,450,1365.7,1316.55,1406.0
3644,2021-03-10 13:35:00,1365.7,1365.7,1365.7,1365.7,25,450,1365.7,1316.55,1406.0
3645,2021-03-10 13:36:00,1365.7,1365.7,1365.7,1365.7,25,450,1365.7,1316.55,1406.0
3646,2021-03-10 13:37:00,1365.7,1365.7,1365.7,1365.7,25,450,1365.7,1316.55,1406.0
3647,2021-03-10 13:38:00,1365.7,1365.7,1365.7,1365.7,25,450,1365.7,1316.55,1406.0
3648,2021-03-10 13:39:00,1365.7,1365.7,1365.7,1365.7,25,450,1365.7,1316.55,1406.0
3649,2021-03-10 13:40:00,1365.7,1365.7,1365.7,1365.7,25,450,1365.7,1316.55,1406.0
3650,2021-03-10 13:41:00,1365.7,1365.7,1365.7,1365.7,25,450,1365.7,1316.55,1406.0
3651,2021-03-10 13:42:00,1365.7,1365.7,1365.7,1365.7,25,450,1365.7,1316.55,1406.0
3652,2021-03-10 13:43:00,1365.7,1365.7,1365.7,1365.7,25,450,1365.7,1316.55,1406.0
3653,2021-03-10 13:44:00,1365.7,1365.7,1365.7,1365.7,25,450,1365.7,1316.55,1406.0
3654,2021-03-10 13:45:00,1365.7,1365.7,1365.7,1365.7,25,450,1365.7,1316.55,1406.0
3655,2021-03-10 13:46:00,1365.7,1365.7,1365.7,1365.7,25,450,1365.7,1316.55,1406.0
3656,2021-03-10 13:47:00,1365.7,1365.7,1365.7,1365.7,25,450,1365.7,1316.55,1406.0
3657,2021-03-10 13:48:00,1365.7,1365.7,1365.7,1365.7,25,450,1365.7,1316.55,1406.0
3658,2021-03-10 13:49:00,1365.7,1365.7,1365.7,1365.7,25,450,1365.7,1316.55,1406.0
3659,2021-03-10 13:50:00,1365.7,1365.7,1365.7,1365.7,25,450,1365.7,1316.55,1406.0
3660,2021-03-10 13:51:00,1365.7,1365.7,1365.7,1365.7,25,450,1365.7,1316.55,1406.0
3661,2021-03-10 13:52:00,1365.7,1365.7,1365.7,1365.7,25,450,1365.7,1316.55,1406.0
3662,2021-03-10 13:53:00,1365.7,1365.7,1365.7,1365.7,25,450,1365.7,1316.55,1406.0
3663,2021-03-10 13:54:00,1365.7,1365.7,1365.7,1365.7,25,450,1365.7,1316.55,1406.0
3664,2021-03-10 13:55:00,1365.7,1365.7,1365.7,1365.7,25,450,1365.7,1316.55,1406.0
3665,2021-03-10 13:56:00,1365.7,1365.7,1365.7,1365.7,25,450,1365.7,1316.55,1406.0
3666,2021-03-10 13:57:00,1365.7,1365.7,1365.7,1365.7,25,450,1365.7,1316.55,1406.0
3667,2021-03-10 13:58:00,1365.7,1365.7,1365.7,1365.7,25,450,1365.7,1316.55,1406.0
3668,2021-03-10 13:59:00,1365.7,1365.7,1365.7,1365.7,25,450,1365.7,1316.55,1406.0
3669,2021-03-10 14:00:00,1365.7,1365.7,1365.7,1365.7,25,450,1365.7,1316.55,1406.0
3670,2021-03-10 14:01:00,1365.7,1365.7,1365.7,1365.7,25,450,1365.7,1316.55,1406.0
3671,2021-03-10 14:02:00,1365.7,1365.7,1365.7,1365.7,25,450,1365.7,1316.55,1406.0
3672,2021-03-10 14:03:00,1365.7,1365.7,1365.7,1365.7,25,450,1365.7,1316.55,1406.0
3673,2021-03-10 14:04:00,1365.7,1365.7,1365.7,1365.7,25,450,1365.7,1316.55,1406.0
3674,2021-03-10 14:05:00,1365.7,1365.7,1365.7,1365.7,25,450,1365.7,1316.55,1406.0
3675,2021-03-10 14:06:00,1365.7,1365.7,1365.7,1365.7,25,450,1365.7,1316.55,1406.0
3676,2021-03-10 14:07:00,1365.7,1365.7,1365.7,1365.7,25,450,1365.7,1316.55,1406.0
3677,2021-03-10 14:08:00,1365.7,1365.7,1365.7,1365.7,25,450,1365.7,1316.55,1406.0
3678,2021-03-10 14:09:00,1365.7,1365.7,1365.7,1365.7,25,450,1365.7,1316.55,1406.0
3679,2021-03-10 14:10:00,1365.7,1365.7,1365.7,1365.7,25,450,1365.7,1316.55,1406.0
3680,2021-03-10 14:11:00,1365.7,1365.7,1365.7,1365.7,25,450,1365.7,1316.55,1406.0
3681,2021-03-10 14:12:00,1365.7,1365.7,1365.7,1365.7,25,450,1365.7,1316.55,1406.0
3682,2021-03-10 14:13:00,1365.7,1365.7,1365.7,1365.7,25,450,1365.7,1316.55,1406.0
3683,2021-03-10 14:14:00,1365.7,1365.7,1365.7,1365.7,25,450,1365.7,1316.55,1406.0
3684,2021-03-10 14:15:00,1365.7,1365.7,1365.7,1365.7,25,450,1365.7,1316.55,1406.0
3685,2021-03-10 14:16:00,1365.7,1365.7,1365.7,1365.7,25,450,1365.7,1316.55,1406.0
3686,2021-03-10 14:17:00,1365.7,1365.7,1365.7,1365.7,25,450,1365.7,1316.55,1406.0
3687,2021-03-10 14:18:00,1365.7,1365.7,1365.7,1365.7,25,450,1365.7,1316.55,1406.0
3688,2021-03-10 14:19:00,1365.7,1365.7,1365.7,1365.7,25,450,1365.7,1316.55,1406.0
3689,2021-03-10 14:20:00,1365.7,1365.7,1365.7,1365.7,25,450,1365.7,1316.55,1406.0
3690,2021-03-10 14:21:00,1365.7,1365.7,1365.7,1365.7,25,450,1365.7,1316.55,1406.0
3691,2021-03-10 14:22:00,1365.7,1365.7,1365.7,1365.7,25,450,1365.7,1316.55,1406.0
3692,2021-03-10 14:23:00,1365.7,1365.7,1365.7,1365.7,25,450,1365.7,1316.55,1406.0
3693,2021-03-10 14:24:00,1365.7,1365.7,1365.7,1365.7,25,450,1365.7,1316.55,1406.0
3694,2021-03-10 14:25:00,1365.7,1365.7,1365.7,1365.7,25,450,1365.7,1316.55,1406.0
3695,2021-03-10 14:26:00,1365.7,1365.7,1365.7,1365.7,25,450,1365.7,1316.55,1406.0
3696,2021-03-10 14:27:00,1365.7,1365.7,1365.7,1365.7,25,450,1365.7,1316.55,1406.0
3697,2021-03-10 14:28:00,1365.7,1365.7,1365.7,1365.7,25,450,1365.7,1316.55,1406.0
3698,2021-03-10 14:29:00,1365.7,1365.7,1365.7,1365.7,25,450,1365.7,1316.55,1406.0
3699,2021-03-10 14:30:00,1365.7,1365.7,1365.7,1365.7,25,450,1365.7,1316.55,1406.0
3700,2021-03-10 14:31:00,1365.7,1365.7,1365.7,1365.7,25,450,1365.7,1316.55,1406.0
3701,2021-03-10 14:32:00,1365.7,1365.7,1365.7,1365.7,25,450,1365.7,1316.55,1406.0
3702,2021-03-10 14:33:00,1365.7,1365.7,1365.7,1365.7,25,450,1365.7,1316.55,1406.0
3703,2021-03-10 14:34:00,1365.7,1365.7,1365.7,1365.7,25,450,1365.7,1316.55,1406.0
3704,2021-03-10 14:35:00,1365.7,1365.7,1365.7,1365.7,25,450,1365.7,1316.55,1406.0
3705,2021-03-10 14:36:00,1365.7,1365.7,1365.7,1365.7,25,450,1365.7,1316.55,1406.0
3706,2021-03-10 14:37:00,1365.7,1365.7,1365.7,1365.7,25,450,1365.7,1316.55,1406.0
3707,2021-03-10 14:38:00,1365.7,1365.7,1365.7,1365.7,25,450,1365.7,1316.55,1406.0
3708,2021-03-10 14:39:00,1365.7,1365.7,1365.7,1365.7,25,450,1365.7,1316.55,1406.0
3709,2021-03-10 14:40:00,1365.7,1365.7,1365.7,1365.7,25,450,1365.7,1316.55,1406.0
3710,2021-03-10 14:41:00,1365.7,1365.7,1365.7,1365.7,25,450,1365.7,1316.55,1406.0
3711,2021-03-10 14:42:00,1365.7,1365.7,1365.7,1365.7,25,450,1365.7,1316.55,1406.0
3712,2021-03-10 14:43:00,1365.7,1365.7,1365.7,1365.7,25,450,1365.7,1316.55,1406.0
3713,2021-03-10 14:44:00,1365.7,1365.7,1365.7,1365.7,25,450,1365.7,1316.55,1406.0
3714,2021-03-10 14:45:00,1365.7,1365.7,1365.7,1365.7,25,450,1365.7,1316.55,1406.0
3715,2021-03-10 14:46:00,1365.7,1365.7,1365.7,1365.7,25,450,1365.7,1316.55,1406.0
3716,2021-03-10 14:47:00,1365.7,1365.7,1365.7,1365.7,25,450,1365.7,1316.55,1406.0
3717,2021-03-10 14:48:00,1365.7,1365.7,1365.7,1365.7,25,450,1365.7,1316.55,1406.0
3718,2021-03-10 14:49:00,1365.7,1365.7,1365.7,1365.7,25,450,1365.7,1316.55,1406.0
3719,2021-03-10 14:50:00,1365.7,1365.7,1365.7,1365.7,25,450,1365.7,1316.55,1406.0
3720,2021-03-10 14:51:00,1365.7,1365.7,1365.7,1365.7,25,450,1365.7,1316.55,1406.0
3721,2021-03-10 14:52:00,1365.7,1365.7,1365.7,1365.7,25,450,1365.7,1316.55,1406.0
3722,2021-03-10 14:53:00,1365.7,1365.7,1365.7,1365.7,25,450,1365.7,1316.55,1406.0
3723,2021-03-10 14:54:00,1365.7,1365.7,1365.7,1365.7,25,450,1365.7,1316.55,1406.0
3724,2021-03-10 14:55:00,1365.7,1365.7,1365.7,1365.7,25,450,1365.7,1316.55,1406.0
3725,2021-03-10 14:56:00,1365.7,1365.7,1365.7,1365.7,25,450,1365.7,1316.55,1406.0
3726,2021-03-10 14:57:00,1365.7,1365.7,1365.7,1365.7,25,450,1365.7,1316.55,1406.0
3727,2021-03-10 14:58:00,1365.7,1365.7,1365.7,1365.7,25,450,1365.7,1316.55,1406.0
3728,2021-03-10 14:59:00,1365.7,1365.7,1365.7,1365.7,25,450,1365.7,1316.55,1406.0
3729,2021-03-10 15:00:00,1365.7,1365.7,1365.7,1365.7,25,450,1365.7,1316.55,1406.0
3730,2021-03-10 15:01:00,1365.7,1365.7,1365.7,1365.7,25,450,1365.7,1316.55,1406.0
3731,2021-03-10 15:02:00,1365.7,1365.7,1365.7,1365.7,25,450,1365.7,1316.55,1406.0
3732,2021-03-10 15:03:00,1365.7,1365.7,1365.7,1365.7,25,450,1365.7,1316.55,1406.0
3733,2021-03-10 15:04:00,1365.7,1365.7,1365.7,1365.7,25,450,1365.7,1316.55,1406.0
3734,2021-03-10 15:05:00,1365.7,1365.7,1365.7,1365.7,25,450,1365.7,1316.55,1406.0
3735,2021-03-10 15:06:00,1365.7,1365.7,1365.7,1365.7,25,450,1365.7,1316.55,1406.0
3736,2021-03-10 15:07:00,1365.7,1365.7,1365.7,1365.7,25,450,1365.7,1316.55,1406.0
3737,2021-03-10 15:08:00,1365.7,1365.7,1365.7,1365.7,25,450,1365.7,1316.55,1406.0
3738,2021-03-10 15:09:00,1365.7,1365.7,1365.7,1365.7,25,450,1365.7,1316.55,1406.0
3739,2021-03-10 15:10:00,1365.7,1365.7,1365.7,1365.7,25,450,1365.7,1316.55,1406.0
3740,2021-03-10 15:11:00,1365.7,1365.7,1365.7,1365.7,25,450,1365.7,1316.55,1406.0
3741,2021-03-10 15:12:00,1365.7,1365.7,1365.7,1365.7,25,450,1365.7,1316.55,1406.0
3742,2021-03-10 15:13:00,1365.7,1365.7,1365.7,1365.7,25,450,1365.7,1316.55,1406.0
3743,2021-03-10 15:14:00,1365.7,1365.7,1365.7,1365.7,25,450,1365.7,1316.55,1406.0
3744,2021-03-10 15:15:00,1365.7,1365.7,1365.7,1365.7,25,450,1365.7,1316.55,1406.0
3745,2021-03-10 15:16:00,1365.7,1365.7,1365.7,1365.7,25,450,1365.7,1316.55,1406.0
3746,2021-03-10 15:17:00,1365.7,1365.7,1365.7,1365.7,25,450,1365.7,1316.55,1406.0
3747,2021-03-10 15:18:00,1365.7,1365.7,1365.7,1365.7,25,450,1365.7,1316.55,1406.0
3748,2021-03-10 15:19:00,1365.7,1365.7,1365.7,1365.7,25,450,1365.7,1316.55,1406.0
3749,2021-03-10 15:20:00,1365.7,1365.7,1365.7,1365.7,25,450,1365.7,1316.55,1406.0
3750,2021-03-10 15:21:00,1365.7,1365.7,1365.7,1365.7,25,450,1365.7,1316.55,1406.0
3751,2021-03-10 15:22:00,1365.7,1365.7,1365.7,1365.7,25,450,1365.7,1316.55,1406.0
3752,2021-03-10 15:23:00,1365.7,1365.7,1365.7,1365.7,25,450,1365.7,1316.55,1406.0
3753,2021-03-10 15:24:00,1365.7,1365.7,1365.7,1365.7,25,450,1365.7,1316.55,1406.0
3754,2021-03-10 15:25:00,1365.7,1365.7,1365.7,1365.7,25,450,1365.7,1316.55,1406.0
3755,2021-03-10 15:26:00,1365.7,1365.7,1365.7,1365.7,25,450,1365.7,1316.55,1406.0
3756,2021-03-10 15:27:00,1365.7,1365.7,1365.7,1365.7,25,450,1365.7,1316.55,1406.0
3757,2021-03-10 15:28:00,1365.7,1365.7,1365.7,1365.7,25,450,1365.7,1316.55,1406.0
3758,2021-03-10 15:29:00,1365.7,1365.7,1365.7,1365.7,25,450,1365.7,1316.55,1406.0
3759,2021-03-10 15:30:00,1365.7,1365.7,1365.7,1365.7,25,450,1365.7,1316.55,1406.0
3760,2021-03-11 09:15:00,1365.7,1365.7,1365.7,1365.7,25,450,1365.7,1316.55,1406.0
3761,2021-03-11 09:16:00,1365.7,1365.7,1365.7,1365.7,25,450,1365.7,1316.55,1406.0
3762,2021-03-11 09:17:00,1365.7,1365.7,1365.7,1365.7,25,450,1365.7,1316.55,1406.0
3763,2021-03-11 09:18:00,1365.7,1365.7,1365.7,1365.7,25,450,1365.7,1316.55,1406.0
3764,2021-03-11 09:19:00,1365.7,1365.7,1365.7,1365.7,25,450,1365.7,1316.55,1406.0
3765,2021-03-11 09:20:00,1365.7,1365.7,1365.7,1365.7,25,450,1365.7,1316.55,1406.0
3766,2021-03-11 09:21:00,1365.7,1365.7,1365.7,1365.7,25,450,1365.7,1316.55,1406.0
3767,2021-03-11 09:22:00,1365.7,1365.7,1365.7,1365.7,25,450,1365.7,1316.55,1406.0
3768,2021-03-11 09:23:00,1365.7,1365.7,1365.7,1365.7,25,450,1365.7,1316.55,1406.0
3769,2021-03-11 09:24:00,1365.7,1365.7,1365.7,1365.7,25,450,1365.7,1316.55,1406.0
3770,2021-03-11 09:25:00,1365.7,1365.7,1365.7,1365.7,25,450,1365.7,1316.55,1406.0
3771,2021-03-11 09:26:00,1365.7,1365.7,1365.7,1365.7,25,450,1365.7,1316.55,1406.0
3772,2021-03-11 09:27:00,1365.7,1365.7,1365.7,1365.7,25,450,1365.7,1316.55,1406.0
3773,2021-03-11 09:28:00,1365.7,1365.7,1365.7,1365.7,25,450,1365.7,1316.55,1406.0
3774,2021-03-11 09:29:00,1365.7,1365.7,1365.7,1365.7,25,450,1365.7,1316.55,1406.0
3775,2021-03-11 09:30:00,1365.7,1365.7,1365.7,1365.7,25,450,1365.7,1316.55,1406.0
3776,2021-03-11 09:31:00,1365.7,1365.7,1365.7,1365.7,25,450,1365.7,1316.55,1406.0
3777,2021-03-11 09:32:00,1365.7,1365.7,1365.7,1365.7,25,450,1365.7,1316.55,1406.0
3778,2021-03-11 09:33:00,1365.7,1365.7,1365.7,1365.7,25,450,1365.7,1316.55,1406.0
3779,2021-03-11 09:34:00,1365.7,1365.7,1365.7,1365.7,25,450,1365.7,1316.55,1406.0
3780,2021-03-11 09:35:00,1365.7,1365.7,1365.7,1365.7,25,450,1365.7,1316.55,1406.0
3781,2021-03-11 09:36:00,1365.7,1365.7,1365.7,1365.7,25,450,1365.7,1316.55,1406.0
3782,2021-03-11 09:37:00,1365.7,1365.7,1365.7,1365.7,25,450,1365.7,1316.55,1406.0
3783,2021-03-11 09:38:00,1365.7,1365.7,1365.7,1365.7,25,450,1365.7,1316.55,1406.0
3784,2021-03-11 09:39:00,1365.7,1365.7,1365.7,1365.7,25,450,1365.7,1316.55,1406.0
3785,2021-03-11 09:40:00,1365.7,1365.7,1365.7,1365.7,25,450,1365.7,1316.55,1406.0
3786,2021-03-11 09:41:00,1365.7,1365.7,1365.7,1365.7,25,450,1365.7,1316.55,1406.0
3787,2021-03-11 09:42:00,1365.7,1365.7,1365.7,1365.7,25,450,1365.7,1316.55,1406.0
3788,2021-03-11 09:43:00,1365.7,1365.7,1365.7,1365.7,25,450,1365.7,1316.55,1406.0
3789,2021-03-11 09:44:00,1365.7,1365.7,1365.7,1365.7,25,450,1365.7,1316.55,1406.0
3790,2021-03-11 09:45:00,1365.7,1365.7,1365.7,1365.7,25,450,1365.7,1316.55,1406.0
3791,2021-03-11 09:46:00,1365.7,1365.7,1365.7,1365.7,25,450,1365.7,1316.55,1406.0
3792,2021-03-11 09:47:00,1365.7,1365.7,1365.7,1365.7,25,450,1365.7,1316.55,1406.0
3793,2021-03-11 09:48:00,1365.7,1365.7,1365.7,1365.7,25,450,1365.7,1316.55,1406.0
3794,2021-03-11 09:49:00,1365.7,1365.7,1365.7,1365.7,25,450,1365.7,1316.55,1406.0
3795,2021-03-11 09:50:00,1365.7,1365.7,1365.7,1365.7,25,450,1365.7,1316.55,1406.0
3796,2021-03-11 09:51:00,1365.7,1365.7,1365.7,1365.7,25,450,1365.7,1316.55,1406.0
3797,2021-03-11 09:52:00,1365.7,1365.7,1365.7,1365.7,25,450,1365.7,1316.55,1406.0
3798,2021-03-11 09:53:00,1365.7,1365.7,1365.7,1365.7,25,450,1365.7,1316.55,1406.0
3799,2021-03-11 09:54:00,1365.7,1365.7,1365.7,1365.7,25,450,1365.7,1316.55,1406.0
3800,2021-03-11 09:55:00,1365.7,1365.7,1365.7,1365.7,25,450,1365.7,1316.55,1406.0
3801,2021-03-11 09:56:00,1365.7,1365.7,1365.7,1365.7,25,450,1365.7,1316.55,1406.0
3802,2021-03-11 09:57:00,1365.7,1365.7,1365.7,1365.7,25,450,1365.7,1316.55,1406.0
3803,2021-03-11 09:58:00,1365.7,1365.7,1365.7,1365.7,25,450,1365.7,1316.55,1406.0
3804,2021-03-11 09:59:00,1365.7,1365.7,1365.7,1365.7,25,450,1365.7,1316.55,1406.0
3805,2021-03-11 10:00:00,1365.7,1365.7,1365.7,1365.7,25,450,1365.7,1316.55,1406.0
3806,2021-03-11 10:01:00,1365.7,1365.7,1365.7,1365.7,25,450,1365.7,1316.55,1406.0
3807,2021-03-11 10:02:00,1365.7,1365.7,1365.7,1365.7,25,450,1365.7,1316.55,1406.0
3808,2021-03-11 10:03:00,1365.7,1365.7,1365.7,1365.7,25,450,1365.7,1316.55,1406.0
3809,2021-03-11 10:04:00,1365.7,1365.7,1365.7,1365.7,25,450,1365.7,1316.55,1406.0
3810,2021-03-11 10:05:00,1365.7,1365.7,1365.7,1365.7,25,450,1365.7,1316.55,1406.0
3811,2021-03-11 10:06:00,1365.7,1365.7,1365.7,1365.7,25,450,1365.7,1316.55,1406.0
3812,2021-03-11 10:07:00,1365.7,1365.7,1365.7,1365.7,25,450,1365.7,1316.55,1406.0
3813,2021-03-11 10:08:00,1365.7,1365.7,1365.7,1365.7,25,450,1365.7,1316.55,1406.0
3814,2021-03-11 10:09:00,1365.7,1365.7,1365.7,1365.7,25,450,1365.7,1316.55,1406.0
3815,2021-03-11 10:10:00,1365.7,1365.7,1365.7,1365.7,25,450,1365.7,1316.55,1406.0
3816,2021-03-11 10:11:00,1365.7,1365.7,1365.7,1365.7,25,450,1365.7,1316.55,1406.0
3817,2021-03-11 10:12:00,1365.7,1365.7,1365.7,1365.7,25,450,1365.7,1316.55,1406.0
3818,2021-03-11 10:13:00,1365.7,1365.7,1365.7,1365.7,25,450,1365.7,1316.55,1406.0
3819,2021-03-11 10:14:00,1365.7,1365.7,1365.7,1365.7,25,450,1365.7,1316.55,1406.0
3820,2021-03-11 10:15:00,1365.7,1365.7,1365.7,1365.7,25,450,1365.7,1316.55,1406.0
3821,2021-03-11 10:16:00,1365.7,1365.7,1365.7,1365.7,25,450,1365.7,1316.55,1406.0
3822,2021-03-11 10:17:00,1365.7,1365.7,1365.7,1365.7,25,450,1365.7,1316.55,1406.0
3823,2021-03-11 10:18:00,1365.7,1365.7,1365.7,1365.7,25,450,1365.7,1316.55,1406.0
3824,2021-03-11 10:19:00,1365.7,1365.7,1365.7,1365.7,25,450,1365.7,1316.55,1406.0
3825,2021-03-11 10:20:00,1365.7,1365.7,1365.7,1365.7,25,450,1365.7,1316.55,1406.0
3826,2021-03-11 10:21:00,1365.7,1365.7,1365.7,1365.7,25,450,1365.7,1316.55,1406.0
3827,2021-03-11 10:22:00,1365.7,1365.7,1365.7,1365.7,25,450,1365.7,1316.55,1406.0
3828,2021-03-11 10:23:00,1365.7,1365.7,1365.7,1365.7,25,450,1365.7,1316.55,1406.0
3829,2021-03-11 10:24:00,1365.7,1365.7,1365.7,1365.7,25,450,1365.7,1316.55,1406.0
3830,2021-03-11 10:25:00,1365.7,1365.7,1365.7,1365.7,25,450,1365.7,1316.55,1406.0
3831,2021-03-11 10:26:00,1365.7,1365.7,1365.7,1365.7,25,450,1365.7,1316.55,1406.0
3832,2021-03-11 10:27:00,1365.7,1365.7,1365.7,1365.7,25,450,1365.7,1316.55,1406.0
3833,2021-03-11 10:28:00,1365.7,1365.7,1365.7,1365.7,25,450,1365.7,1316.55,1406.0
3834,2021-03-11 10:29:00,1365.7,1365.7,1365.7,1365.7,25,450,1365.7,1316.55,1406.0
3835,2021-03-11 10:30:00,1365.7,1365.7,1365.7,1365.7,25,450,1365.7,1316.55,1406.0
3836,2021-03-11 10:31:00,1365.7,1365.7,1365.7,1365.7,25,450,1365.7,1316.55,1406.0
3837,2021-03-11 10:32:00,1365.7,1365.7,1365.7,1365.7,25,450,1365.7,1316.55,1406.0
3838,2021-03-11 10:33:00,1365.7,1365.7,1365.7,1365.7,25,450,1365.7,1316.55,1406.0
3839,2021-03-11 10:34:00,1365.7,1365.7,1365.7,1365.7,25,450,1365.7,1316.55,1406.0
3840,2021-03-11 10:35:00,1365.7,1365.7,1365.7,1365.7,25,450,1365.7,1316.55,1406.0
3841,2021-03-11 10:36:00,1365.7,1365.7,1365.7,1365.7,25,450,1365.7,1316.55,1406.0
3842,2021-03-11 10:37:00,1365.7,1365.7,1365.7,1365.7,25,450,1365.7,1316.55,1406.0
3843,2021-03-11 10:38:00,1365.7,1365.7,1365.7,1365.7,25,450,1365.7,1316.55,1406.0
3844,2021-03-11 10:39:00,1365.7,1365.7,1365.7,1365.7,25,450,1365.7,1316.55,1406.0
3845,2021-03-11 10:40:00,1365.7,1365.7,1365.7,1365.7,25,450,1365.7,1316.55,1406.0
3846,2021-03-11 10:41:00,1365.7,1365.7,1365.7,1365.7,25,450,1365.7,1316.55,1406.0
3847,2021-03-11 10:42:00,1365.7,1365.7,1365.7,1365.7,25,450,1365.7,1316.55,1406.0
3848,2021-03-11 10:43:00,1365.7,1365.7,1365.7,1365.7,25,450,1365.7,1316.55,1406.0
3849,2021-03-11 10:44:00,1365.7,1365.7,1365.7,1365.7,25,450,1365.7,1316.55,1406.0
3850,2021-03-11 10:45:00,1365.7,1365.7,1365.7,1365.7,25,450,1365.7,1316.55,1406.0
3851,2021-03-11 10:46:00,1365.7,1365.7,1365.7,1365.7,25,450,1365.7,1316.55,1406.0
3852,2021-03-11 10:47:00,1365.7,1365.7,1365.7,1365.7,25,450,1365.7,1316.55,1406.0
3853,2021-03-11 10:48:00,1365.7,1365.7,1365.7,1365.7,25,450,1365.7,1316.55,1406.0
3854,2021-03-11 10:49:00,1365.7,1365.7,1365.7,1365.7,25,450,1365.7,1316.55,1406.0
3855,2021-03-11 10:50:00,1365.7,1365.7,1365.7,1365.7,25,450,1365.7,1316.55,1406.0
3856,2021-03-11 10:51:00,1365.7,1365.7,1365.7,1365.7,25,450,1365.7,1316.55,1406.0
3857,2021-03-11 10:52:00,1365.7,1365.7,1365.7,1365.7,25,450,1365.7,1316.55,1406.0
3858,2021-03-11 10:53:00,1365.7,1365.7,1365.7,1365.7,25,450,1365.7,1316.55,1406.0
3859,2021-03-11 10:54:00,1365.7,1365.7,1365.7,1365.7,25,450,1365.7,1316.55,1406.0
3860,2021-03-11 10:55:00,1365.7,1365.7,1365.7,1365.7,25,450,1365.7,1316.55,1406.0
3861,2021-03-11 10:56:00,1365.7,1365.7,1365.7,1365.7,25,450,1365.7,1316.55,1406.0
3862,2021-03-11 10:57:00,1365.7,1365.7,1365.7,1365.7,25,450,1365.7,1316.55,1406.0
3863,2021-03-11 10:58:00,1365.7,1365.7,1365.7,1365.7,25,450,1365.7,1316.55,1406.0
3864,2021-03-11 10:59:00,1365.7,1365.7,1365.7,1365.7,25,450,1365.7,1316.55,1406.0
3865,2021-03-11 11:00:00,1365.7,1365.7,1365.7,1365.7,25,450,1365.7,1316.55,1406.0
3866,2021-03-11 11:01:00,1365.7,1365.7,1365.7,1365.7,25,450,1365.7,1316.55,1406.0
3867,2021-03-11 11:02:00,1365.7,1365.7,1365.7,1365.7,25,450,1365.7,1316.55,1406.0
3868,2021-03-11 11:03:00,1365.7,1365.7,1365.7,1365.7,25,450,1365.7,1316.55,1406.0
3869,2021-03-11 11:04:00,1365.7,1365.7,1365.7,1365.7,25,450,1365.7,1316.55,1406.0
3870,2021-03-11 11:05:00,1365.7,1365.7,1365.7,1365.7,25,450,1365.7,1316.55,1406.0
3871,2021-03-11 11:06:00,1365.7,1365.7,1365.7,1365.7,25,450,1365.7,1316.55,1406.0
3872,2021-03-11 11:07:00,1365.7,1365.7,1365.7,1365.7,25,450,1365.7,1316.55,1406.0
3873,2021-03-11 11:08:00,1365.7,1365.7,1365.7,1365.7,25,450,1365.7,1316.55,1406.0
3874,2021-03-11 11:09:00,1365.7,1365.7,1365.7,1365.7,25,450,1365.7,1316.55,1406.0
3875,2021-03-11 11:10:00,1365.7,1365.7,1365.7,1365.7,25,450,1365.7,1316.55,1406.0
3876,2021-03-11 11:11:00,1365.7,1365.7,1365.7,1365.7,25,450,1365.7,1316.55,1406.0
3877,2021-03-11 11:12:00,1365.7,1365.7,1365.7,1365.7,25,450,1365.7,1316.55,1406.0
3878,2021-03-11 11:13:00,1365.7,1365.7,1365.7,1365.7,25,450,1365.7,1316.55,1406.0
3879,2021-03-11 11:14:00,1365.7,1365.7,1365.7,1365.7,25,450,1365.7,1316.55,1406.0
3880,2021-03-11 11:15:00,1365.7,1365.7,1365.7,1365.7,25,450,1365.7,1316.55,1406.0
3881,2021-03-11 11:16:00,1365.7,1365.7,1365.7,1365.7,25,450,1365.7,1316.55,1406.0
3882,2021-03-11 11:17:00,1365.7,1365.7,1365.7,1365.7,25,450,1365.7,1316.55,1406.0
3883,2021-03-11 11:18:00,1365.7,1365.7,1365.7,1365.7,25,450,1365.7,1316.55,1406.0
3884,2021-03-11 11:19:00,1365.7,1365.7,1365.7,1365.7,25,450,1365.7,1316.55,1406.0
3885,2021-03-11 11:20:00,1365.7,1365.7,1365.7,1365.7,25,450,1365.7,1316.55,1406.0
3886,2021-03-11 11:21:00,1365.7,1365.7,1365.7,1365.7,25,450,1365.7,1316.55,1406.0
3887,2021-03-11 11:22:00,1365.7,1365.7,1365.7,1365.7,25,450,1365.7,1316.55,1406.0
3888,2021-03-11 11:23:00,1365.7,1365.7,1365.7,1365.7,25,450,1365.7,1316.55,1406.0
3889,2021-03-11 11:24:00,1365.7,1365.7,1365.7,1365.7,25,450,1365.7,1316.55,1406.0
3890,2021-03-11 11:25:00,1365.7,1365.7,1365.7,1365.7,25,450,1365.7,1316.55,1406.0
3891,2021-03-11 11:26:00,1365.7,1365.7,1365.7,1365.7,25,450,1365.7,1316.55,1406.0
3892,2021-03-11 11:27:00,1365.7,1365.7,1365.7,1365.7,25,450,1365.7,1316.55,1406.0
3893,2021-03-11 11:28:00,1365.7,1365.7,1365.7,1365.7,25,450,1365.7,1316.55,1406.0
3894,2021-03-11 11:29:00,1365.7,1365.7,1365.7,1365.7,25,450,1365.7,1316.55,1406.0
3895,2021-03-11 11:30:00,1365.7,1365.7,1365.7,1365.7,25,450,1365.7,1316.55,1406.0
3896,2021-03-11 11:31:00,1365.7,1365.7,1365.7,1365.7,25,450,1365.7,1316.55,1406.0
3897,2021-03-11 11:32:00,1365.7,1365.7,1365.7,1365.7,25,450,1365.7,1316.55,1406.0
3898,2021-03-11 11:33:00,1365.7,1365.7,1365.7,1365.7,25,450,1365.7,1316.55,1406.0
3899,2021-03-11 11:34:00,1365.7,1365.7,1365.7,1365.7,25,450,1365.7,1316.55,1406.0
3900,2021-03-11 11:35:00,1365.7,1365.7,1365.7,1365.7,25,450,1365.7,1316.55,1406.0
3901,2021-03-11 11:36:00,1365.7,1365.7,1365.7,1365.7,25,450,1365.7,1316.55,1406.0
3902,2021-03-11 11:37:00,1365.7,1365.7,1365.7,1365.7,25,450,1365.7,1316.55,1406.0
3903,2021-03-11 11:38:00,1365.7,1365.7,1365.7,1365.7,25,450,1365.7,1316.55,1406.0
3904,2021-03-11 11:39:00,1365.7,1365.7,1365.7,1365.7,25,450,1365.7,1316.55,1406.0
3905,2021-03-11 11:40:00,1365.7,1365.7,1365.7,1365.7,25,450,1365.7,1316.55,1406.0
3906,2021-03-11 11:41:00,1365.7,1365.7,1365.7,1365.7,25,450,1365.7,1316.55,1406.0
3907,2021-03-11 11:42:00,1365.7,1365.7,1365.7,1365.7,25,450,1365.7,1316.55,1406.0
3908,2021-03-11 11:43:00,1365.7,1365.7,1365.7,1365.7,25,450,1365.7,1316.55,1406.0
3909,2021-03-11 11:44:00,1365.7,1365.7,1365.7,1365.7,25,450,1365.7,1316.55,1406.0
3910,2021-03-11 11:45:00,1365.7,1365.7,1365.7,1365.7,25,450,1365.7,1316.55,1406.0
3911,2021-03-11 11:46:00,1365.7,1365.7,1365.7,1365.7,25,450,1365.7,1316.55,1406.0
3912,2021-03-11 11:47:00,1365.7,1365.7,1365.7,1365.7,25,450,1365.7,1316.55,1406.0
3913,2021-03-11 11:48:00,1365.7,1365.7,1365.7,1365.7,25,450,1365.7,1316.55,1406.0
3914,2021-03-11 11:49:00,1365.7,1365.7,1365.7,1365.7,25,450,1365.7,1316.55,1406.0
3915,2021-03-11 11:50:00,1365.7,1365.7,1365.7,1365.7,25,450,1365.7,1316.55,1406.0
3916,2021-03-11 11:51:00,1365.7,1365.7,1365.7,1365.7,25,450,1365.7,1316.55,1406.0
3917,2021-03-11 11:52:00,1365.7,1365.7,1365.7,1365.7,25,450,1365.7,1316.55,1406.0
3918,2021-03-11 11:53:00,1365.7,1365.7,1365.7,1365.7,25,450,1365.7,1316.55,1406.0
3919,2021-03-11 11:54:00,1365.7,1365.7,1365.7,1365.7,25,450,1365.7,1316.55,1406.0
3920,2021-03-11 11:55:00,1365.7,1365.7,1365.7,1365.7,25,450,1365.7,1316.55,1406.0
3921,2021-03-11 11:56:00,1365.7,1365.7,1365.7,1365.7,25,450,1365.7,1316.55,1406.0
3922,2021-03-11 11:57:00,1365.7,1365.7,1365.7,1365.7,25,450,1365.7,1316.55,1406.0
3923,2021-03-11 11:58:00,1365.7,1365.7,1365.7,1365.7,25,450,1365.7,1316.55,1406.0
3924,2021-03-11 11:59:00,1365.7,1365.7,1365.7,1365.7,25,450,1365.7,1316.55,1406.0
3925,2021-03-11 12:00:00,1365.7,1365.7,1365.7,1365.7,25,450,1365.7,1316.55,1406.0
3926,2021-03-11 12:01:00,1365.7,1365.7,1365.7,1365.7,25,450,1365.7,1316.55,1406.0
3927,2021-03-11 12:02:00,1365.7,1365.7,1365.7,1365.7,25,450,1365.7,1316.55,1406.0
3928,2021-03-11 12:03:00,1365.7,1365.7,1365.7,1365.7,25,450,1365.7,1316.55,1406.0
3929,2021-03-11 12:04:00,1365.7,1365.7,1365.7,1365.7,25,450,1365.7,1316.55,1406.0
3930,2021-03-11 12:05:00,1365.7,1365.7,1365.7,1365.7,25,450,1365.7,1316.55,1406.0
3931,2021-03-11 12:06:00,1365.7,1365.7,1365.7,1365.7,25,450,1365.7,1316.55,1406.0
3932,2021-03-11 12:07:00,1365.7,1365.7,1365.7,1365.7,25,450,1365.7,1316.55,1406.0
3933,2021-03-11 12:08:00,1365.7,1365.7,1365.7,1365.7,25,450,1365.7,1316.55,1406.0
3934,2021-03-11 12:09:00,1365.7,1365.7,1365.7,1365.7,25,450,1365.7,1316.55,1406.0
3935,2021-03-11 12:10:00,1365.7,1365.7,1365.7,1365.7,25,450,1365.7,1316.55,1406.0
3936,2021-03-11 12:11:00,1365.7,1365.7,1365.7,1365.7,25,450,1365.7,1316.55,1406.0
3937,2021-03-11 12:12:00,1365.7,1365.7,1365.7,1365.7,25,450,1365.7,1316.55,1406.0
3938,2021-03-11 12:13:00,1365.7,1365.7,1365.7,1365.7,25,450,1365.7,1316.55,1406.0
3939,2021-03-11 12:14:00,1365.7,1365.7,1365.7,1365.7,25,450,1365.7,1316.55,1406.0
3940,2021-03-11 12:15:00,1365.7,1365.7,1365.7,1365.7,25,450,1365.7,1316.55,1406.0
3941,2021-03-11 12:16:00,1365.7,1365.7,1365.7,1365.7,25,450,1365.7,1316.55,1406.0
3942,2021-03-11 12:17:00,1365.7,1365.7,1365.7,1365.7,25,450,1365.7,1316.55,1406.0
3943,2021-03-11 12:18:00,1365.7,1365.7,1365.7,1365.7,25,450,1365.7,1316.55,1406.0
3944,2021-03-11 12:19:00,1365.7,1365.7,1365.7,1365.7,25,450,1365.7,1316.55,1406.0
3945,2021-03-11 12:20:00,1365.7,1365.7,1365.7,1365.7,25,450,1365.7,1316.55,1406.0
3946,2021-03-11 12:21:00,1365.7,1365.7,1365.7,1365.7,25,450,1365.7,1316.55,1406.0
3947,2021-03-11 12:22:00,1365.7,1365.7,1365.7,1365.7,25,450,1365.7,1316.55,1406.0
3948,2021-03-11 12:23:00,1365.7,1365.7,1365.7,1365.7,25,450,1365.7,1316.55,1406.0
3949,2021-03-11 12:24:00,1365.7,1365.7,1365.7,1365.7,25,450,1365.7,1316.55,1406.0
3950,2021-03-11 12:25:00,1365.7,1365.7,1365.7,1365.7,25,450,1365.7,1316.55,1406.0
3951,2021-03-11 12:26:00,1365.7,1365.7,1365.7,1365.7,25,450,1365.7,1316.55,1406.0
3952,2021-03-11 12:27:00,1365.7,1365.7,1365.7,1365.7,25,450,1365.7,1316.55,1406.0
3953,2021-03-11 12:28:00,1365.7,1365.7,1365.7,1365.7,25,450,1365.7,1316.55,1406.0
3954,2021-03-11 12:29:00,1365.7,1365.7,1365.7,1365.7,25,450,1365.7,1316.55,1406.0
3955,2021-03-11 12:30:00,1365.7,1365.7,1365.7,1365.7,25,450,1365.7,1316.55,1406.0
3956,2021-03-11 12:31:00,1365.7,1365.7,1365.7,1365.7,25,450,1365.7,1316.55,1406.0
3957,2021-03-11 12:32:00,1365.7,1365.7,1365.7,1365.7,25,450,1365.7,1316.55,1406.0
3958,2021-03-11 12:33:00,1365.7,1365.7,1365.7,1365.7,25,450,1365.7,1316.55,1406.0
3959,2021-03-11 12:34:00,1365.7,1365.7,1365.7,1365.7,25,450,1365.7,1316.55,1406.0
3960,2021-03-11 12:35:00,1365.7,1365.7,1365.7,1365.7,25,450,1365.7,1316.55,1406.0
3961,2021-03-11 12:36:00,1365.7,1365.7,1365.7,1365.7,25,450,1365.7,1316.55,1406.0
3962,2021-03-11 12:37:00,1365.7,1365.7,1365.7,1365.7,25,450,1365.7,1316.55,1406.0
3963,2021-03-11 12:38:00,1365.7,1365.7,1365.7,1365.7,25,450,1365.7,1316.55,1406.0
3964,2021-03-11 12:39:00,1365.7,1365.7,1365.7,1365.7,25,450,1365.7,1316.55,1406.0
3965,2021-03-11 12:40:00,1365.7,1365.7,1365.7,1365.7,25,450,1365.7,1316.55,1406.0
3966,2021-03-11 12:41:00,1365.7,1365.7,1365.7,1365.7,25,450,1365.7,1316.55,1406.0
3967,2021-03-11 12:42:00,1365.7,1365.7,1365.7,1365.7,25,450,1365.7,1316.55,1406.0
3968,2021-03-11 12:43:00,1365.7,1365.7,1365.7,1365.7,25,450,1365.7,1316.55,1406.0
3969,2021-03-11 12:44:00,1365.7,1365.7,1365.7,1365.7,25,450,1365.7,1316.55,1406.0
3970,2021-03-11 12:45:00,1365.7,1365.7,1365.7,1365.7,25,450,1365.7,1316.55,1406.0
3971,2021-03-11 12:46:00,1365.7,1365.7,1365.7,1365.7,25,450,1365.7,1316.55,1406.0
3972,2021-03-11 12:47:00,1365.7,1365.7,1365.7,1365.7,25,450,1365.7,1316.55,1406.0
3973,2021-03-11 12:48:00,1365.7,1365.7,1365.7,1365.7,25,450,1365.7,1316.55,1406.0
3974,2021-03-11 12:49:00,1365.7,1365.7,1365.7,1365.7,25,450,1365.7,1316.55,1406.0
3975,2021-03-11 12:50:00,1365.7,1365.7,1365.7,1365.7,25,450,1365.7,1316.55,1406.0
3976,2021-03-11 12:51:00,1365.7,1365.7,1365.7,1365.7,25,450,1365.7,1316.55,1406.0
3977,2021-03-11 12:52:00,1365.7,1365.7,1365.7,1365.7,25,450,1365.7,1316.55,1406.0
3978,2021-03-11 12:53:00,1365.7,1365.7,1365.7,1365.7,25,450,1365.7,1316.55,1406.0
3979,2021-03-11 12:54:00,1365.7,1365.7,1365.7,1365.7,25,450,1365.7,1316.55,1406.0
3980,2021-03-11 12:55:00,1365.7,1365.7,1365.7,1365.7,25,450,1365.7,1316.55,1406.0
3981,2021-03-11 12:56:00,1365.7,1365.7,1365.7,1365.7,25,450,1365.7,1316.55,1406.0
3982,2021-03-11 12:57:00,1365.7,1365.7,1365.7,1365.7,25,450,1365.7,1316.55,1406.0
3983,2021-03-11 12:58:00,1365.7,1365.7,1365.7,1365.7,25,450,1365.7,1316.55,1406.0
3984,2021-03-11 12:59:00,1365.7,1365.7,1365.7,1365.7,25,450,1365.7,1316.55,1406.0
3985,2021-03-11 13:00:00,1365.7,1365.7,1365.7,1365.7,25,450,1365.7,1316.55,1406.0
3986,2021-03-11 13:01:00,1365.7,1365.7,1365.7,1365.7,25,450,1365.7,1316.55,1406.0
3987,2021-03-11 13:02:00,1365.7,1365.7,1365.7,1365.7,25,450,1365.7,1316.55,1406.0
3988,2021-03-11 13:03:00,1365.7,1365.7,1365.7,1365.7,25,450,1365.7,1316.55,1406.0
3989,2021-03-11 13:04:00,1365.7,1365.7,1365.7,1365.7,25,450,1365.7,1316.55,1406.0
3990,2021-03-11 13:05:00,1365.7,1365.7,1365.7,1365.7,25,450,1365.7,1316.55,1406.0
3991,2021-03-11 13:06:00,1365.7,1365.7,1365.7,1365.7,25,450,1365.7,1316.55,1406.0
3992,2021-03-11 13:07:00,1365.7,1365.7,1365.7,1365.7,25,450,1365.7,1316.55,1406.0
3993,2021-03-11 13:08:00,1365.7,1365.7,1365.7,1365.7,25,450,1365.7,1316.55,1406.0
3994,2021-03-11 13:09:00,1365.7,1365.7,1365.7,1365.7,25,450,1365.7,1316.55,1406.0
3995,2021-03-11 13:10:00,1365.7,1365.7,1365.7,1365.7,25,450,1365.7,1316.55,1406.0
3996,2021-03-11 13:11:00,1365.7,1365.7,1365.7,1365.7,25,450,1365.7,1316.55,1406.0
3997,2021-03-11 13:12:00,1365.7,1365.7,1365.7,1365.7,25,450,1365.7,1316.55,1406.0
3998,2021-03-11 13:13:00,1365.7,1365.7,1365.7,1365.7,25,450,1365.7,1316.55,1406.0
3999,2021-03-11 13:14:00,1365.7,1365.7,1365.7,1365.7,25,450,1365.7,1316.55,1406.0
4000,2021-03-11 13:15:00,1365.7,1365.7,1365.7,1365.7,25,450,1365.7,1316.55,1406.0
4001,2021-03-11 13:16:00,1365.7,1365.7,1365.7,1365.7,25,450,1365.7,1316.55,1406.0
4002,2021-03-11 13:17:00,1365.7,1365.7,1365.7,1365.7,25,450,1365.7,1316.55,1406.0
4003,2021-03-11 13:18:00,1365.7,1365.7,1365.7,1365.7,25,450,1365.7,1316.55,1406.0
4004,2021-03-11 13:19:00,1365.7,1365.7,1365.7,1365.7,25,450,1365.7,1316.55,1406.0
4005,2021-03-11 13:20:00,1365.7,1365.7,1365.7,1365.7,25,450,1365.7,1316.55,1406.0
4006,2021-03-11 13:21:00,1365.7,1365.7,1365.7,1365.7,25,450,1365.7,1316.55,1406.0
4007,2021-03-11 13:22:00,1365.7,1365.7,1365.7,1365.7,25,450,1365.7,1316.55,1406.0
4008,2021-03-11 13:23:00,1365.7,1365.7,1365.7,1365.7,25,450,1365.7,1316.55,1406.0
4009,2021-03-11 13:24:00,1365.7,1365.7,1365.7,1365.7,25,450,1365.7,1316.55,1406.0
4010,2021-03-11 13:25:00,1365.7,1365.7,1365.7,1365.7,25,450,1365.7,1316.55,1406.0
4011,2021-03-11 13:26:00,1365.7,1365.7,1365.7,1365.7,25,450,1365.7,1316.55,1406.0
4012,2021-03-11 13:27:00,1365.7,1365.7,1365.7,1365.7,25,450,1365.7,1316.55,1406.0
4013,2021-03-11 13:28:00,1365.7,1365.7,1365.7,1365.7,25,450,1365.7,1316.55,1406.0
4014,2021-03-11 13:29:00,1365.7,1365.7,1365.7,1365.7,25,450,1365.7,1316.55,1406.0
4015,2021-03-11 13:30:00,1365.7,1365.7,1365.7,1365.7,25,450,1365.7,1316.55,1406.0
4016,2021-03-11 13:31:00,1365.7,1365.7,1365.7,1365.7,25,450,1365.7,1316.55,1406.0
4017,2021-03-11 13:32:00,1365.7,1365.7,1365.7,1365.7,25,450,1365.7,1316.55,1406.0
4018,2021-03-11 13:33:00,1365.7,1365.7,1365.7,1365.7,25,450,1365.7,1316.55,1406.0
4019,2021-03-11 13:34:00,1365.7,1365.7,1365.7,1365.7,25,450,1365.7,1316.55,1406.0
4020,2021-03-11 13:35:00,1365.7,1365.7,1365.7,1365.7,25,450,1365.7,1316.55,1406.0
4021,2021-03-11 13:36:00,1365.7,1365.7,1365.7,1365.7,25,450,1365.7,1316.55,1406.0
4022,2021-03-11 13:37:00,1365.7,1365.7,1365.7,1365.7,25,450,1365.7,1316.55,1406.0
4023,2021-03-11 13:38:00,1365.7,1365.7,1365.7,1365.7,25,450,1365.7,1316.55,1406.0
4024,2021-03-11 13:39:00,1365.7,1365.7,1365.7,1365.7,25,450,1365.7,1316.55,1406.0
4025,2021-03-11 13:40:00,1365.7,1365.7,1365.7,1365.7,25,450,1365.7,1316.55,1406.0
4026,2021-03-11 13:41:00,1365.7,1365.7,1365.7,1365.7,25,450,1365.7,1316.55,1406.0
4027,2021-03-11 13:42:00,1365.7,1365.7,1365.7,1365.7,25,450,1365.7,1316.55,1406.0
4028,2021-03-11 13:43:00,1365.7,1365.7,1365.7,1365.7,25,450,1365.7,1316.55,1406.0
4029,2021-03-11 13:44:00,1365.7,1365.7,1365.7,1365.7,25,450,1365.7,1316.55,1406.0
4030,2021-03-11 13:45:00,1365.7,1365.7,1365.7,1365.7,25,450,1365.7,1316.55,1406.0
4031,2021-03-11 13:46:00,1365.7,1365.7,1365.7,1365.7,25,450,1365.7,1316.55,1406.0
4032,2021-03-11 13:47:00,1365.7,1365.7,1365.7,1365.7,25,450,1365.7,1316.55,1406.0
4033,2021-03-11 13:48:00,1365.7,1365.7,1365.7,1365.7,25,450,1365.7,1316.55,1406.0
4034,2021-03-11 13:49:00,1365.7,1365.7,1365.7,1365.7,25,450,1365.7,1316.55,1406.0
4035,2021-03-11 13:50:00,1365.7,1365.7,1365.7,1365.7,25,450,1365.7,1316.55,1406.0
4036,2021-03-11 13:51:00,1365.7,1365.7,1365.7,1365.7,25,450,1365.7,1316.55,1406.0
4037,2021-03-11 13:52:00,1365.7,1365.7,1365.7,1365.7,25,450,1365.7,1316.55,1406.0
4038,2021-03-11 13:53:00,1365.7,1365.7,1365.7,1365.7,25,450,1365.7,1316.55,1406.0
4039,2021-03-11 13:54:00,1365.7,1365.7,1365.7,1365.7,25,450,1365.7,1316.55,1406.0
4040,2021-03-11 13:55:00,1365.7,1365.7,1365.7,1365.7,25,450,1365.7,1316.55,1406.0
4041,2021-03-11 13:56:00,1365.7,1365.7,1365.7,1365.7,25,450,1365.7,1316.55,1406.0
4042,2021-03-11 13:57:00,1365.7,1365.7,1365.7,1365.7,25,450,1365.7,1316.55,1406.0
4043,2021-03-11 13:58:00,1365.7,1365.7,1365.7,1365.7,25,450,1365.7,1316.55,1406.0
4044,2021-03-11 13:59:00,1365.7,1365.7,1365.7,1365.7,25,450,1365.7,1316.55,1406.0
4045,2021-03-11 14:00:00,1365.7,1365.7,1365.7,1365.7,25,450,1365.7,1316.55,1406.0
4046,2021-03-11 14:01:00,1365.7,1365.7,1365.7,1365.7,25,450,1365.7,1316.55,1406.0
4047,2021-03-11 14:02:00,1365.7,1365.7,1365.7,1365.7,25,450,1365.7,1316.55,1406.0
4048,2021-03-11 14:03:00,1365.7,1365.7,1365.7,1365.7,25,450,1365.7,1316.55,1406.0
4049,2021-03-11 14:04:00,1365.7,1365.7,1365.7,1365.7,25,450,1365.7,1316.55,1406.0
4050,2021-03-11 14:05:00,1365.7,1365.7,1365.7,1365.7,25,450,1365.7,1316.55,1406.0
4051,2021-03-11 14:06:00,1365.7,1365.7,1365.7,1365.7,25,450,1365.7,1316.55,1406.0
4052,2021-03-11 14:07:00,1365.7,1365.7,1365.7,1365.7,25,450,1365.7,1316.55,1406.0
4053,2021-03-11 14:08:00,1365.7,1365.7,1365.7,1365.7,25,450,1365.7,1316.55,1406.0
4054,2021-03-11 14:09:00,1365.7,1365.7,1365.7,1365.7,25,450,1365.7,1316.55,1406.0
4055,2021-03-11 14:10:00,1365.7,1365.7,1365.7,1365.7,25,450,1365.7,1316.55,1406.0
4056,2021-03-11 14:11:00,1365.7,1365.7,1365.7,1365.7,25,450,1365.7,1316.55,1406.0
4057,2021-03-11 14:12:00,1365.7,1365.7,1365.7,1365.7,25,450,1365.7,1316.55,1406.0
4058,2021-03-11 14:13:00,1365.7,1365.7,1365.7,1365.7,25,450,1365.7,1316.55,1406.0
4059,2021-03-11 14:14:00,1365.7,1365.7,1365.7,1365.7,25,450,1365.7,1316.55,1406.0
4060,2021-03-11 14:15:00,1365.7,1365.7,1365.7,1365.7,25,450,1365.7,1316.55,1406.0
4061,2021-03-11 14:16:00,1365.7,1365.7,1365.7,1365.7,25,450,1365.7,1316.55,1406.0
4062,2021-03-11 14:17:00,1365.7,1365.7,1365.7,1365.7,25,450,1365.7,1316.55,1406.0
4063,2021-03-11 14:18:00,1365.7,1365.7,1365.7,1365.7,25,450,1365.7,1316.55,1406.0
4064,2021-03-11 14:19:00,1365.7,1365.7,1365.7,1365.7,25,450,1365.7,1316.55,1406.0
4065,2021-03-11 14:20:00,1365.7,1365.7,1365.7,1365.7,25,450,1365.7,1316.55,1406.0
4066,2021-03-11 14:21:00,1365.7,1365.7,1365.7,1365.7,25,450,1365.7,1316.55,1406.0
4067,2021-03-11 14:22:00,1365.7,1365.7,1365.7,1365.7,25,450,1365.7,1316.55,1406.0
4068,2021-03-11 14:23:00,1365.7,1365.7,1365.7,1365.7,25,450,1365.7,1316.55,1406.0
4069,2021-03-11 14:24:00,1365.7,1365.7,1365.7,1365.7,25,450,1365.7,1316.55,1406.0
4070,2021-03-11 14:25:00,1365.7,1365.7,1365.7,1365.7,25,450,1365.7,1316.55,1406.0
4071,2021-03-11 14:26:00,1365.7,1365.7,1365.7,1365.7,25,450,1365.7,1316.55,1406.0
4072,2021-03-11 14:27:00,1365.7,1365.7,1365.7,1365.7,25,450,1365.7,1316.55,1406.0
4073,2021-03-11 14:28:00,1365.7,1365.7,1365.7,1365.7,25,450,1365.7,1316.55,1406.0
4074,2021-03-11 14:29:00,1365.7,1365.7,1365.7,1365.7,25,450,1365.7,1316.55,1406.0
4075,2021-03-11 14:30:00,1365.7,1365.7,1365.7,1365.7,25,450,1365.7,1316.55,1406.0
4076,2021-03-11 14:31:00,1365.7,1365.7,1365.7,1365.7,25,450,1365.7,1316.55,1406.0
4077,2021-03-11 14:32:00,1365.7,1365.7,1365.7,1365.7,25,450,1365.7,1316.55,1406.0
4078,2021-03-11 14:33:00,1365.7,1365.7,1365.7,1365.7,25,450,1365.7,1316.55,1406.0
4079,2021-03-11 14:34:00,1365.7,1365.7,1365.7,1365.7,25,450,1365.7,1316.55,1406.0
4080,2021-03-11 14:35:00,1365.7,1365.7,1365.7,1365.7,25,450,1365.7,1316.55,1406.0
4081,2021-03-11 14:36:00,1365.7,1365.7,1365.7,1365.7,25,450,1365.7,1316.55,1406.0
4082,2021-03-11 14:37:00,1365.7,1365.7,1365.7,1365.7,25,450,1365.7,1316.55,1406.0
4083,2021-03-11 14:38:00,1365.7,1365.7,1365.7,1365.7,25,450,1365.7,1316.55,1406.0
4084,2021-03-11 14:39:00,1365.7,1365.7,1365.7,1365.7,25,450,1365.7,1316.55,1406.0
4085,2021-03-11 14:40:00,1365.7,1365.7,1365.7,1365.7,25,450,1365.7,1316.55,1406.0
4086,2021-03-11 14:41:00,1365.7,1365.7,1365.7,1365.7,25,450,1365.7,1316.55,1406.0
4087,2021-03-11 14:42:00,1365.7,1365.7,1365.7,1365.7,25,450,1365.7,1316.55,1406.0
4088,2021-03-11 14:43:00,1365.7,1365.7,1365.7,1365.7,25,450,1365.7,1316.55,1406.0
4089,2021-03-11 14:44:00,1365.7,1365.7,1365.7,1365.7,25,450,1365.7,1316.55,1406.0
4090,2021-03-11 14:45:00,1365.7,1365.7,1365.7,1365.7,25,450,1365.7,1316.55,1406.0
4091,2021-03-11 14:46:00,1365.7,1365.7,1365.7,1365.7,25,450,1365.7,1316.55,1406.0
4092,2021-03-11 14:47:00,1365.7,1365.7,1365.7,1365.7,25,450,1365.7,1316.55,1406.0
4093,2021-03-11 14:48:00,1365.7,1365.7,1365.7,1365.7,25,450,1365.7,1316.55,1406.0
4094,2021-03-11 14:49:00,1365.7,1365.7,1365.7,1365.7,25,450,1365.7,1316.55,1406.0
4095,2021-03-11 14:50:00,1365.7,1365.7,1365.7,1365.7,25,450,1365.7,1316.55,1406.0
4096,2021-03-11 14:51:00,1365.7,1365.7,1365.7,1365.7,25,450,1365.7,1316.55,1406.0
4097,2021-03-11 14:52:00,1365.7,1365.7,1365.7,1365.7,25,450,1365.7,1316.55,1406.0
4098,2021-03-11 14:53:00,1365.7,1365.7,1365.7,1365.7,25,450,1365.7,1316.55,1406.0
4099,2021-03-11 14:54:00,1365.7,1365.7,1365.7,1365.7,25,450,1365.7,1316.55,1406.0
4100,2021-03-11 14:55:00,1365.7,1365.7,1365.7,1365.7,25,450,1365.7,1316.55,1406.0
4101,2021-03-11 14:56:00,1365.7,1365.7,1365.7,1365.7,25,450,1365.7,1316.55,1406.0
4102,2021-03-11 14:57:00,1365.7,1365.7,1365.7,1365.7,25,450,1365.7,1316.55,1406.0
4103,2021-03-11 14:58:00,1365.7,1365.7,1365.7,1365.7,25,450,1365.7,1316.55,1406.0
4104,2021-03-11 14:59:00,1365.7,1365.7,1365.7,1365.7,25,450,1365.7,1316.55,1406.0
4105,2021-03-11 15:00:00,1365.7,1365.7,1365.7,1365.7,25,450,1365.7,1316.55,1406.0
4106,2021-03-11 15:01:00,1365.7,1365.7,1365.7,1365.7,25,450,1365.7,1316.55,1406.0
4107,2021-03-11 15:02:00,1365.7,1365.7,1365.7,1365.7,25,450,1365.7,1316.55,1406.0
4108,2021-03-11 15:03:00,1365.7,1365.7,1365.7,1365.7,25,450,1365.7,1316.55,1406.0
4109,2021-03-11 15:04:00,1365.7,1365.7,1365.7,1365.7,25,450,1365.7,1316.55,1406.0
4110,2021-03-11 15:05:00,1365.7,1365.7,1365.7,1365.7,25,450,1365.7,1316.55,1406.0
4111,2021-03-11 15:06:00,1365.7,1365.7,1365.7,1365.7,25,450,1365.7,1316.55,1406.0
4112,2021-03-11 15:07:00,1365.7,1365.7,1365.7,1365.7,25,450,1365.7,1316.55,1406.0
4113,2021-03-11 15:08:00,1365.7,1365.7,1365.7,1365.7,25,450,1365.7,1316.55,1406.0
4114,2021-03-11 15:09:00,1365.7,1365.7,1365.7,1365.7,25,450,1365.7,1316.55,1406.0
4115,2021-03-11 15:10:00,1365.7,1365.7,1365.7,1365.7,25,450,1365.7,1316.55,1406.0
4116,2021-03-11 15:11:00,1365.7,1365.7,1365.7,1365.7,25,450,1365.7,1316.55,1406.0
4117,2021-03-11 15:12:00,1365.7,1365.7,1365.7,1365.7,25,450,1365.7,1316.55,1406.0
4118,2021-03-11 15:13:00,1365.7,1365.7,1365.7,1365.7,25,450,1365.7,1316.55,1406.0
4119,2021-03-11 15:14:00,1365.7,1365.7,1365.7,1365.7,25,450,1365.7,1316.55,1406.0
4120,2021-03-11 15:15:00,1365.7,1365.7,1365.7,1365.7,25,450,1365.7,1316.55,1406.0
4121,2021-03-11 15:16:00,1365.7,1365.7,1365.7,1365.7,25,450,1365.7,1316.55,1406.0
4122,2021-03-11 15:17:00,1365.7,1365.7,1365.7,1365.7,25,450,1365.7,1316.55,1406.0
4123,2021-03-11 15:18:00,1365.7,1365.7,1365.7,1365.7,25,450,1365.7,1316.55,1406.0
4124,2021-03-11 15:19:00,1365.7,1365.7,1365.7,1365.7,25,450,1365.7,1316.55,1406.0
4125,2021-03-11 15:20:00,1365.7,1365.7,1365.7,1365.7,25,450,1365.7,1316.55,1406.0
4126,2021-03-11 15:21:00,1365.7,1365.7,1365.7,1365.7,25,450,1365.7,1316.55,1406.0
4127,2021-03-11 15:22:00,1365.7,1365.7,1365.7,1365.7,25,450,1365.7,1316.55,1406.0
4128,2021-03-11 15:23:00,1365.7,1365.7,1365.7,1365.7,25,450,1365.7,1316.55,1406.0
4129,2021-03-11 15:24:00,1365.7,1365.7,1365.7,1365.7,25,450,1365.7,1316.55,1406.0
4130,2021-03-11 15:25:00,1365.7,1365.7,1365.7,1365.7,25,450,1365.7,1316.55,1406.0
4131,2021-03-11 15:26:00,1365.7,1365.7,1365.7,1365.7,25,450,1365.7,1316.55,1406.0
4132,2021-03-11 15:27:00,1365.7,1365.7,1365.7,1365.7,25,450,1365.7,1316.55,1406.0
4133,2021-03-11 15:28:00,1365.7,1365.7,1365.7,1365.7,25,450,1365.7,1316.55,1406.0
4134,2021-03-11 15:29:00,1365.7,1365.7,1365.7,1365.7,25,450,1365.7,1316.55,1406.0
4135,2021-03-11 15:30:00,1365.7,1365.7,1365.7,1365.7,25,450,1365.7,1316.55,1406.0
4136,2021-03-12 09:15:00,1365.7,1365.7,1365.7,1365.7,25,450,1365.7,1316.55,1406.0
4137,2021-03-12 09:16:00,1365.7,1365.7,1365.7,1365.7,25,450,1365.7,1316.55,1406.0
4138,2021-03-12 09:17:00,1365.7,1365.7,1365.7,1365.7,25,450,1365.7,1316.55,1406.0
4139,2021-03-12 09:18:00,1365.7,1365.7,1365.7,1365.7,25,450,1365.7,1316.55,1406.0
4140,2021-03-12 09:19:00,1365.7,1365.7,1365.7,1365.7,25,450,1365.7,1316.55,1406.0
4141,2021-03-12 09:20:00,1365.7,1365.7,1365.7,1365.7,25,450,1365.7,1316.55,1406.0
4142,2021-03-12 09:21:00,1365.7,1365.7,1365.7,1365.7,25,450,1365.7,1316.55,1406.0
4143,2021-03-12 09:22:00,1365.7,1365.7,1365.7,1365.7,25,450,1365.7,1316.55,1406.0
4144,2021-03-12 09:23:00,1365.7,1365.7,1365.7,1365.7,25,450,1365.7,1316.55,1406.0
4145,2021-03-12 09:24:00,1365.7,1365.7,1365.7,1365.7,25,450,1365.7,1316.55,1406.0
4146,2021-03-12 09:25:00,1365.7,1365.7,1365.7,1365.7,25,450,1365.7,1316.55,1406.0
4147,2021-03-12 09:26:00,1365.7,1365.7,1365.7,1365.7,25,450,1365.7,1316.55,1406.0
4148,2021-03-12 09:27:00,1365.7,1365.7,1365.7,1365.7,25,450,1365.7,1316.55,1406.0
4149,2021-03-12 09:28:00,1365.7,1365.7,1365.7,1365.7,25,450,1365.7,1316.55,1406.0
4150,2021-03-12 09:29:00,1365.7,1365.7,1365.7,1365.7,25,450,1365.7,1316.55,1406.0
4151,2021-03-12 09:30:00,1365.7,1365.7,1365.7,1365.7,25,450,1365.7,1316.55,1406.0
4152,2021-03-12 09:31:00,1365.7,1365.7,1365.7,1365.7,25,450,1365.7,1316.55,1406.0
4153,2021-03-12 09:32:00,1365.7,1365.7,1365.7,1365.7,25,450,1365.7,1316.55,1406.0
4154,2021-03-12 09:33:00,1365.7,1365.7,1365.7,1365.7,25,450,1365.7,1316.55,1406.0
4155,2021-03-12 09:34:00,1365.7,1365.7,1365.7,1365.7,25,450,1365.7,1316.55,1406.0
4156,2021-03-12 09:35:00,1365.7,1365.7,1365.7,1365.7,25,450,1365.7,1316.55,1406.0
4157,2021-03-12 09:36:00,1365.7,1365.7,1365.7,1365.7,25,450,1365.7,1316.55,1406.0
4158,2021-03-12 09:37:00,1365.7,1365.7,1365.7,1365.7,25,450,1365.7,1316.55,1406.0
4159,2021-03-12 09:38:00,1365.7,1365.7,1365.7,1365.7,25,450,1365.7,1316.55,1406.0
4160,2021-03-12 09:39:00,1365.7,1365.7,1365.7,1365.7,25,450,1365.7,1316.55,1406.0
4161,2021-03-12 09:40:00,1365.7,1365.7,1365.7,1365.7,25,450,1365.7,1316.55,1406.0
4162,2021-03-12 09:41:00,1365.7,1365.7,1365.7,1365.7,25,450,1365.7,1316.55,1406.0
4163,2021-03-12 09:42:00,1365.7,1365.7,1365.7,1365.7,25,450,1365.7,1316.55,1406.0
4164,2021-03-12 09:43:00,1365.7,1365.7,1365.7,1365.7,25,450,1365.7,1316.55,1406.0
4165,2021-03-12 09:44:00,1365.7,1365.7,1365.7,1365.7,25,450,1365.7,1316.55,1406.0
4166,2021-03-12 09:45:00,1365.7,1365.7,1365.7,1365.7,25,450,1365.7,1316.55,1406.0
4167,2021-03-12 09:46:00,1365.7,1365.7,1365.7,1365.7,25,450,1365.7,1316.55,1406.0
4168,2021-03-12 09:47:00,1365.7,1365.7,1365.7,1365.7,25,450,1365.7,1316.55,1406.0
4169,2021-03-12 09:48:00,1365.7,1365.7,1365.7,1365.7,25,450,1365.7,1316.55,1406.0
4170,2021-03-12 09:49:00,1365.7,1365.7,1365.7,1365.7,25,450,1365.7,1316.55,1406.0
4171,2021-03-12 09:50:00,1365.7,1365.7,1365.7,1365.7,25,450,1365.7,1316.55,1406.0
4172,2021-03-12 09:51:00,1365.7,1365.7,1365.7,1365.7,25,450,1365.7,1316.55,1406.0
4173,2021-03-12 09:52:00,1365.7,1365.7,1365.7,1365.7,25,450,1365.7,1316.55,1406.0
4174,2021-03-12 09:53:00,1365.7,1365.7,1365.7,1365.7,25,450,1365.7,1316.55,1406.0
4175,2021-03-12 09:54:00,1365.7,1365.7,1365.7,1365.7,25,450,1365.7,1316.55,1406.0
4176,2021-03-12 09:55:00,1365.7,1365.7,1365.7,1365.7,25,450,1365.7,1316.55,1406.0
4177,2021-03-12 09:56:00,1365.7,1365.7,1365.7,1365.7,25,450,1365.7,1316.55,1406.0
4178,2021-03-12 09:57:00,1365.7,1365.7,1365.7,1365.7,25,450,1365.7,1316.55,1406.0
4179,2021-03-12 09:58:00,1365.7,1365.7,1365.7,1365.7,25,450,1365.7,1316.55,1406.0
4180,2021-03-12 09:59:00,1365.7,1365.7,1365.7,1365.7,25,450,1365.7,1316.55,1406.0
4181,2021-03-12 10:00:00,1365.7,1365.7,1365.7,1365.7,25,450,1365.7,1316.55,1406.0
4182,2021-03-12 10:01:00,1365.7,1365.7,1365.7,1365.7,25,450,1365.7,1316.55,1406.0
4183,2021-03-12 10:02:00,1365.7,1365.7,1365.7,1365.7,25,450,1365.7,1316.55,1406.0
4184,2021-03-12 10:03:00,1365.7,1365.7,1365.7,1365.7,25,450,1365.7,1316.55,1406.0
4185,2021-03-12 10:04:00,1365.7,1365.7,1365.7,1365.7,25,450,1365.7,1316.55,1406.0
4186,2021-03-12 10:05:00,1365.7,1365.7,1365.7,1365.7,25,450,1365.7,1316.55,1406.0
4187,2021-03-12 10:06:00,1365.7,1365.7,1365.7,1365.7,25,450,1365.7,1316.55,1406.0
4188,2021-03-12 10:07:00,1365.7,1365.7,1365.7,1365.7,25,450,1365.7,1316.55,1406.0
4189,2021-03-12 10:08:00,1365.7,1365.7,1365.7,1365.7,25,450,1365.7,1316.55,1406.0
4190,2021-03-12 10:09:00,1365.7,1365.7,1365.7,1365.7,25,450,1365.7,1316.55,1406.0
4191,2021-03-12 10:10:00,1365.7,1365.7,1365.7,1365.7,25,450,1365.7,1316.55,1406.0
4192,2021-03-12 10:11:00,1365.7,1365.7,1365.7,1365.7,25,450,1365.7,1316.55,1406.0
4193,2021-03-12 10:12:00,1365.7,1365.7,1365.7,1365.7,25,450,1365.7,1316.55,1406.0
4194,2021-03-12 10:13:00,1365.7,1365.7,1365.7,1365.7,25,450,1365.7,1316.55,1406.0
4195,2021-03-12 10:14:00,1365.7,1365.7,1365.7,1365.7,25,450,1365.7,1316.55,1406.0
4196,2021-03-12 10:15:00,1365.7,1365.7,1365.7,1365.7,25,450,1365.7,1316.55,1406.0
4197,2021-03-12 10:16:00,1365.7,1365.7,1365.7,1365.7,25,450,1365.7,1316.55,1406.0
4198,2021-03-12 10:17:00,1365.7,1365.7,1365.7,1365.7,25,450,1365.7,1316.55,1406.0
4199,2021-03-12 10:18:00,1365.7,1365.7,1365.7,1365.7,25,450,1365.7,1316.55,1406.0
4200,2021-03-12 10:19:00,1365.7,1365.7,1365.7,1365.7,25,450,1365.7,1316.55,1406.0
4201,2021-03-12 10:20:00,1365.7,1365.7,1365.7,1365.7,25,450,1365.7,1316.55,1406.0
4202,2021-03-12 10:21:00,1365.7,1365.7,1365.7,1365.7,25,450,1365.7,1316.55,1406.0
4203,2021-03-12 10:22:00,1365.7,1365.7,1365.7,1365.7,25,450,1365.7,1316.55,1406.0
4204,2021-03-12 10:23:00,1365.7,1365.7,1365.7,1365.7,25,450,1365.7,1316.55,1406.0
4205,2021-03-12 10:24:00,1365.7,1365.7,1365.7,1365.7,25,450,1365.7,1316.55,1406.0
4206,2021-03-12 10:25:00,996.95,996.95,996.95,996.95,25,0,996.95,963.65,1046.95
4207,2021-03-12 10:26:00,996.95,996.95,996.95,996.95,25,0,996.95,963.65,1046.95
4208,2021-03-12 10:27:00,996.95,996.95,996.95,996.95,25,0,996.95,963.65,1046.95
4209,2021-03-12 10:28:00,996.95,996.95,996.95,996.95,25,0,996.95,963.65,1046.95
4210,2021-03-12 10:29:00,996.95,996.95,996.95,996.95,25,0,996.95,963.65,1046.95
4211,2021-03-12 10:30:00,996.95,996.95,996.95,996.95,25,0,996.95,963.65,1046.95
4212,2021-03-12 10:31:00,996.95,996.95,996.95,996.95,25,0,996.95,963.65,1046.95
4213,2021-03-12 10:32:00,996.95,996.95,996.95,996.95,25,0,996.95,963.65,1046.95
4214,2021-03-12 10:33:00,996.95,996.95,996.95,996.95,25,0,996.95,963.65,1046.95
4215,2021-03-12 10:34:00,996.95,996.95,996.95,996.95,25,0,996.95,963.65,1046.95
4216,2021-03-12 10:35:00,996.95,996.95,996.95,996.95,25,0,996.95,963.65,1046.95
4217,2021-03-12 10:36:00,996.95,996.95,996.95,996.95,150,0,996.95,968.15,1001.15
4218,2021-03-12 10:37:00,996.95,996.95,996.95,996.95,150,0,996.95,968.15,1001.15
4219,2021-03-12 10:38:00,996.95,996.95,996.95,996.95,150,0,996.95,968.15,1001.15
4220,2021-03-12 10:39:00,996.95,996.95,996.95,996.95,150,0,996.95,968.15,1001.15
4221,2021-03-12 10:40:00,996.95,996.95,996.95,996.95,150,0,996.95,968.15,1001.15
4222,2021-03-12 10:41:00,996.95,996.95,996.95,996.95,150,0,996.95,968.15,1001.15
4223,2021-03-12 10:42:00,996.95,996.95,996.95,996.95,150,0,996.95,968.15,1001.15
4224,2021-03-12 10:43:00,996.95,996.95,996.95,996.95,150,0,996.95,968.15,1001.15
4225,2021-03-12 10:44:00,996.95,996.95,996.95,996.95,150,0,996.95,968.15,1001.15
4226,2021-03-12 10:45:00,996.95,996.95,996.95,996.95,150,0,996.95,968.15,1001.15
4227,2021-03-12 10:46:00,996.95,996.95,996.95,996.95,150,0,996.95,968.15,1001.15
4228,2021-03-12 10:47:00,996.95,996.95,996.95,996.95,150,0,996.95,968.15,1001.15
4229,2021-03-12 10:48:00,996.95,996.95,996.95,996.95,150,0,996.95,968.15,1001.15
4230,2021-03-12 10:49:00,996.95,996.95,996.95,996.95,150,0,996.95,968.15,1001.15
4231,2021-03-12 10:50:00,996.95,996.95,996.95,996.95,150,0,996.95,968.15,1001.15
4232,2021-03-12 10:51:00,996.95,996.95,996.95,996.95,150,0,996.95,968.15,1001.15
4233,2021-03-12 10:52:00,996.95,996.95,996.95,996.95,150,0,996.95,968.15,1001.15
4234,2021-03-12 10:53:00,996.95,996.95,996.95,996.95,150,0,996.95,968.15,1001.15
4235,2021-03-12 10:54:00,996.95,996.95,996.95,996.95,150,0,996.95,968.15,1001.15
4236,2021-03-12 10:55:00,996.95,996.95,996.95,996.95,150,0,996.95,968.15,1001.15
4237,2021-03-12 10:56:00,996.95,996.95,996.95,996.95,150,0,996.95,968.15,1001.15
4238,2021-03-12 10:57:00,996.95,996.95,996.95,996.95,150,0,996.95,968.15,1001.15
4239,2021-03-12 10:58:00,996.95,996.95,996.95,996.95,150,0,996.95,968.15,1001.15
4240,2021-03-12 10:59:00,996.95,996.95,996.95,996.95,150,0,996.95,968.15,1001.15
4241,2021-03-12 11:00:00,996.95,996.95,996.95,996.95,150,0,996.95,968.15,1001.15
4242,2021-03-12 11:01:00,996.95,996.95,996.95,996.95,150,0,996.95,968.15,1001.15
4243,2021-03-12 11:02:00,996.95,996.95,996.95,996.95,150,0,996.95,968.15,1001.15
4244,2021-03-12 11:03:00,996.95,996.95,996.95,996.95,150,0,996.95,968.15,1001.15
4245,2021-03-12 11:04:00,996.95,996.95,996.95,996.95,150,0,996.95,968.15,1001.15
4246,2021-03-12 11:05:00,996.95,996.95,996.95,996.95,150,0,996.95,968.15,1001.15
4247,2021-03-12 11:06:00,996.95,996.95,996.95,996.95,150,0,996.95,968.15,1001.15
4248,2021-03-12 11:07:00,996.95,996.95,996.95,996.95,150,0,996.95,968.15,1001.15
4249,2021-03-12 11:08:00,996.95,996.95,996.95,996.95,150,0,996.95,968.15,1001.15
4250,2021-03-12 11:09:00,996.95,996.95,996.95,996.95,150,0,996.95,968.15,1001.15
4251,2021-03-12 11:10:00,996.95,996.95,996.95,996.95,150,0,996.95,968.15,1001.15
4252,2021-03-12 11:11:00,996.95,996.95,996.95,996.95,150,0,996.95,968.15,1001.15
4253,2021-03-12 11:12:00,996.95,996.95,996.95,996.95,150,0,996.95,968.15,1001.15
4254,2021-03-12 11:13:00,996.95,996.95,996.95,996.95,150,0,996.95,968.15,1001.15
4255,2021-03-12 11:14:00,996.95,996.95,996.95,996.95,150,0,996.95,968.15,1001.15
4256,2021-03-12 11:15:00,996.95,996.95,996.95,996.95,150,0,996.95,968.15,1001.15
4257,2021-03-12 11:16:00,996.95,996.95,996.95,996.95,150,0,996.95,968.15,1001.15
4258,2021-03-12 11:17:00,996.95,996.95,996.95,996.95,150,0,996.95,968.15,1001.15
4259,2021-03-12 11:18:00,996.95,996.95,996.95,996.95,150,0,996.95,968.15,1001.15
4260,2021-03-12 11:19:00,996.95,996.95,996.95,996.95,150,0,996.95,968.15,1001.15
4261,2021-03-12 11:20:00,996.95,996.95,996.95,996.95,150,0,996.95,968.15,1001.15
4262,2021-03-12 11:21:00,996.95,996.95,996.95,996.95,150,0,996.95,968.15,1001.15
4263,2021-03-12 11:22:00,996.95,996.95,996.95,996.95,150,0,996.95,968.15,1001.15
4264,2021-03-12 11:23:00,996.95,996.95,996.95,996.95,150,0,996.95,968.15,1001.15
4265,2021-03-12 11:24:00,996.95,996.95,996.95,996.95,150,0,996.95,968.15,1001.15
4266,2021-03-12 11:25:00,996.95,996.95,996.95,996.95,150,0,996.95,968.15,1001.15
4267,2021-03-12 11:26:00,996.95,996.95,996.95,996.95,150,0,996.95,968.15,1001.15
4268,2021-03-12 11:27:00,996.95,996.95,996.95,996.95,150,0,996.95,968.15,1001.15
4269,2021-03-12 11:28:00,996.95,996.95,996.95,996.95,150,0,996.95,968.15,1001.15
4270,2021-03-12 11:29:00,996.95,996.95,996.95,996.95,150,0,996.95,968.15,1001.15
4271,2021-03-12 11:30:00,996.95,996.95,996.95,996.95,150,0,996.95,968.15,1001.15
4272,2021-03-12 11:31:00,996.95,996.95,996.95,996.95,150,0,996.95,968.15,1001.15
4273,2021-03-12 11:32:00,996.95,996.95,996.95,996.95,150,0,996.95,968.15,1001.15
4274,2021-03-12 11:33:00,996.95,996.95,996.95,996.95,150,0,996.95,968.15,1001.15
4275,2021-03-12 11:34:00,996.95,996.95,996.95,996.95,150,0,996.95,968.15,1001.15
4276,2021-03-12 11:35:00,996.95,996.95,996.95,996.95,150,0,996.95,968.15,1001.15
4277,2021-03-12 11:36:00,996.95,996.95,996.95,996.95,150,0,996.95,968.15,1001.15
4278,2021-03-12 11:37:00,996.95,996.95,996.95,996.95,150,0,996.95,968.15,1001.15
4279,2021-03-12 11:38:00,996.95,996.95,996.95,996.95,150,0,996.95,968.15,1001.15
4280,2021-03-12 11:39:00,996.95,996.95,996.95,996.95,150,0,996.95,968.15,1001.15
4281,2021-03-12 11:40:00,996.95,996.95,996.95,996.95,150,0,996.95,968.15,1001.15
4282,2021-03-12 11:41:00,996.95,996.95,996.95,996.95,150,0,996.95,968.15,1001.15
4283,2021-03-12 11:42:00,996.95,996.95,996.95,996.95,150,0,996.95,968.15,1001.15
4284,2021-03-12 11:43:00,996.95,996.95,996.95,996.95,150,0,996.95,968.15,1001.15
4285,2021-03-12 11:44:00,996.95,996.95,996.95,996.95,150,0,996.95,968.15,1001.15
4286,2021-03-12 11:45:00,996.95,996.95,996.95,996.95,150,0,996.95,968.15,1001.15
4287,2021-03-12 11:46:00,996.95,996.95,996.95,996.95,150,0,996.95,968.15,1001.15
4288,2021-03-12 11:47:00,996.95,996.95,996.95,996.95,150,0,996.95,968.15,1001.15
4289,2021-03-12 11:48:00,996.95,996.95,996.95,996.95,150,0,996.95,968.15,1001.15
4290,2021-03-12 11:49:00,996.95,996.95,996.95,996.95,150,0,996.95,968.15,1001.15
4291,2021-03-12 11:50:00,996.95,996.95,996.95,996.95,150,0,996.95,968.15,1001.15
4292,2021-03-12 11:51:00,996.95,996.95,996.95,996.95,150,0,996.95,968.15,1001.15
4293,2021-03-12 11:52:00,996.95,996.95,996.95,996.95,150,0,996.95,968.15,1001.15
4294,2021-03-12 11:53:00,996.95,996.95,996.95,996.95,150,0,996.95,968.15,1001.15
4295,2021-03-12 11:54:00,996.95,996.95,996.95,996.95,150,0,996.95,968.15,1001.15
4296,2021-03-12 11:55:00,996.95,996.95,996.95,996.95,150,0,996.95,968.15,1001.15
4297,2021-03-12 11:56:00,996.95,996.95,996.95,996.95,150,0,996.95,968.15,1001.15
4298,2021-03-12 11:57:00,996.95,996.95,996.95,996.95,150,0,996.95,968.15,1001.15
4299,2021-03-12 11:58:00,996.95,996.95,996.95,996.95,150,0,996.95,968.15,1001.15
4300,2021-03-12 11:59:00,996.95,996.95,996.95,996.95,150,0,996.95,968.15,1001.15
4301,2021-03-12 12:00:00,996.95,996.95,996.95,996.95,150,0,996.95,968.15,1001.15
4302,2021-03-12 12:01:00,996.95,996.95,996.95,996.95,150,0,996.95,968.15,1001.15
4303,2021-03-12 12:02:00,996.95,996.95,996.95,996.95,150,0,996.95,968.15,1001.15
4304,2021-03-12 12:03:00,996.95,996.95,996.95,996.95,150,0,996.95,968.15,1001.15
4305,2021-03-12 12:04:00,996.95,996.95,996.95,996.95,150,0,996.95,968.15,1001.15
4306,2021-03-12 12:05:00,996.95,996.95,996.95,996.95,150,0,996.95,968.15,1001.15
4307,2021-03-12 12:06:00,996.95,996.95,996.95,996.95,150,0,996.95,968.15,1001.15
4308,2021-03-12 12:07:00,996.95,996.95,996.95,996.95,150,0,996.95,968.15,1001.15
4309,2021-03-12 12:08:00,998.25,998.25,998.25,998.25,25,0,997.11,974.15,1019.5
4310,2021-03-12 12:09:00,998.25,998.25,998.25,998.25,25,0,997.11,974.15,1019.5
4311,2021-03-12 12:10:00,998.25,998.25,998.25,998.25,25,0,997.11,974.15,1019.5
4312,2021-03-12 12:11:00,998.25,998.25,998.25,998.25,25,0,997.11,974.15,1019.5
4313,2021-03-12 12:12:00,998.25,998.25,998.25,998.25,25,0,997.11,974.15,1019.5
4314,2021-03-12 12:13:00,998.25,998.25,998.25,998.25,25,0,997.11,974.15,1019.5
4315,2021-03-12 12:14:00,998.25,998.25,998.25,998.25,25,0,997.11,974.15,1019.5
4316,2021-03-12 12:15:00,998.25,998.25,998.25,998.25,25,0,997.11,974.15,1019.5
4317,2021-03-12 12:16:00,998.25,998.25,998.25,998.25,25,0,997.11,974.15,1019.5
4318,2021-03-12 12:17:00,998.25,998.25,998.25,998.25,25,0,997.11,974.15,1019.5
4319,2021-03-12 12:18:00,998.25,998.25,998.25,998.25,25,0,997.11,974.15,1019.5
4320,2021-03-12 12:19:00,998.25,998.25,998.25,998.25,25,0,997.11,974.15,1019.5
4321,2021-03-12 12:20:00,998.25,998.25,998.25,998.25,25,0,997.11,974.15,1019.5
4322,2021-03-12 12:21:00,998.25,998.25,998.25,998.25,25,0,997.11,974.15,1019.5
4323,2021-03-12 12:22:00,1066.5,1066.5,1066.5,1066.5,25,500,1004.82,1024.1,1090.15
4324,2021-03-12 12:23:00,1066.5,1066.5,1066.5,1066.5,25,500,1004.82,1024.1,1090.15
4325,2021-03-12 12:24:00,1066.5,1066.5,1066.5,1066.5,25,500,1004.82,1024.1,1090.15
4326,2021-03-12 12:25:00,1066.5,1066.5,1066.5,1066.5,25,500,1004.82,1024.1,1090.15
4327,2021-03-12 12:26:00,1066.5,1066.5,1066.5,1066.5,25,500,1004.82,1024.1,1090.15
4328,2021-03-12 12:27:00,1066.5,1066.5,1066.5,1066.5,25,500,1004.82,1024.1,1090.15
4329,2021-03-12 12:28:00,1066.5,1066.5,1066.5,1066.5,25,500,1004.82,1024.1,1090.15
4330,2021-03-12 12:29:00,1066.5,1066.5,1066.5,1066.5,25,500,1004.82,1024.1,1090.15
4331,2021-03-12 12:30:00,1066.5,1066.5,1066.5,1066.5,25,500,1004.82,1024.1,1090.15
4332,2021-03-12 12:31:00,1066.5,1066.5,1066.5,1066.5,25,500,1004.82,1024.1,1090.15
4333,2021-03-12 12:32:00,1066.5,1066.5,1066.5,1066.5,25,500,1004.82,1024.1,1090.15
4334,2021-03-12 12:33:00,1066.5,1066.5,1066.5,1066.5,25,500,1004.82,1024.1,1090.15
4335,2021-03-12 12:34:00,1066.5,1066.5,1066.5,1066.5,25,500,1004.82,1024.1,1090.15
4336,2021-03-12 12:35:00,1066.5,1066.5,1066.5,1066.5,25,500,1004.82,1024.1,1090.15
4337,2021-03-12 12:36:00,1066.5,1066.5,1066.5,1066.5,25,500,1004.82,1024.1,1090.15
4338,2021-03-12 12:37:00,1066.5,1066.5,1066.5,1066.5,25,500,1004.82,1024.1,1090.15
4339,2021-03-12 12:38:00,1066.5,1066.5,1066.5,1066.5,25,500,1004.82,1024.1,1090.15
4340,2021-03-12 12:39:00,1066.5,1066.5,1066.5,1066.5,25,500,1004.82,1024.1,1090.15
4341,2021-03-12 12:40:00,1066.5,1066.5,1066.5,1066.5,25,500,1004.82,1024.1,1090.15
4342,2021-03-12 12:41:00,1066.5,1066.5,1066.5,1066.5,25,500,1004.82,1024.1,1090.15
4343,2021-03-12 12:42:00,1066.5,1066.5,1066.5,1066.5,25,500,1004.82,1024.1,1090.15
4344,2021-03-12 12:43:00,1066.5,1066.5,1066.5,1066.5,25,500,1004.82,1024.1,1090.15
4345,2021-03-12 12:44:00,1066.5,1066.5,1066.5,1066.5,25,500,1004.82,1024.1,1090.15
4346,2021-03-12 12:45:00,1066.5,1066.5,1066.5,1066.5,25,500,1004.82,1024.1,1090.15
4347,2021-03-12 12:46:00,1066.5,1066.5,1066.5,1066.5,25,500,1004.82,1024.1,1090.15
4348,2021-03-12 12:47:00,1066.5,1066.5,1066.5,1066.5,25,500,1004.82,1024.1,1090.15
4349,2021-03-12 12:48:00,1066.5,1066.5,1066.5,1066.5,25,500,1004.82,1024.1,1090.15
4350,2021-03-12 12:49:00,1066.5,1066.5,1066.5,1066.5,25,500,1004.82,1024.1,1090.15
4351,2021-03-12 12:50:00,1066.5,1066.5,1066.5,1066.5,25,500,1004.82,1024.1,1090.15
4352,2021-03-12 12:51:00,1066.5,1066.5,1066.5,1066.5,25,500,1004.82,1024.1,1090.15
4353,2021-03-12 12:52:00,1066.5,1066.5,1066.5,1066.5,25,500,1004.82,1024.1,1090.15
4354,2021-03-12 12:53:00,1066.5,1066.5,1066.5,1066.5,25,500,1004.82,1024.1,1090.15
4355,2021-03-12 12:54:00,1066.5,1066.5,1066.5,1066.5,25,500,1004.82,1024.1,1090.15
4356,2021-03-12 12:55:00,1066.5,1066.5,1066.5,1066.5,25,500,1004.82,1024.1,1090.15
4357,2021-03-12 12:56:00,1066.5,1066.5,1066.5,1066.5,25,500,1004.82,1024.1,1090.15
4358,2021-03-12 12:57:00,1066.5,1066.5,1066.5,1066.5,25,500,1004.82,1024.1,1090.15
4359,2021-03-12 12:58:00,1066.5,1066.5,1066.5,1066.5,25,500,1004.82,1024.1,1090.15
4360,2021-03-12 12:59:00,1066.5,1066.5,1066.5,1066.5,25,500,1004.82,1024.1,1090.15
4361,2021-03-12 13:00:00,1066.5,1066.5,1066.5,1066.5,25,500,1004.82,1024.1,1090.15
4362,2021-03-12 13:01:00,1066.5,1066.5,1066.5,1066.5,25,500,1004.82,1024.1,1090.15
4363,2021-03-12 13:02:00,1066.5,1066.5,1066.5,1066.5,25,500,1004.82,1024.1,1090.15
4364,2021-03-12 13:03:00,1066.5,1066.5,1066.5,1066.5,25,500,1004.82,1024.1,1090.15
4365,2021-03-12 13:04:00,1066.5,1066.5,1066.5,1066.5,25,500,1004.82,1024.1,1090.15
4366,2021-03-12 13:05:00,1066.5,1066.5,1066.5,1066.5,25,500,1004.82,1024.1,1090.15
4367,2021-03-12 13:06:00,1066.5,1066.5,1066.5,1066.5,25,500,1004.82,1024.1,1090.15
4368,2021-03-12 13:07:00,1066.5,1066.5,1066.5,1066.5,25,500,1004.82,1024.1,1090.15
4369,2021-03-12 13:08:00,1066.5,1066.5,1066.5,1066.5,25,500,1004.82,1024.1,1090.15
4370,2021-03-12 13:09:00,1066.5,1066.5,1066.5,1066.5,25,500,1004.82,1024.1,1090.15
4371,2021-03-12 13:10:00,1066.5,1066.5,1066.5,1066.5,25,500,1004.82,1024.1,1090.15
4372,2021-03-12 13:11:00,1066.5,1066.5,1066.5,1066.5,25,500,1004.82,1024.1,1090.15
4373,2021-03-12 13:12:00,1066.5,1066.5,1066.5,1066.5,25,500,1004.82,1024.1,1090.15
4374,2021-03-12 13:13:00,1066.5,1066.5,1066.5,1066.5,25,500,1004.82,1024.1,1090.15
4375,2021-03-12 13:14:00,1066.5,1066.5,1066.5,1066.5,25,500,1004.82,1024.1,1090.15
4376,2021-03-12 13:15:00,1066.5,1066.5,1066.5,1066.5,25,500,1004.82,1024.1,1090.15
4377,2021-03-12 13:16:00,1066.5,1066.5,1066.5,1066.5,25,500,1004.82,1024.1,1090.15
4378,2021-03-12 13:17:00,1066.5,1066.5,1066.5,1066.5,25,500,1004.82,1024.1,1090.15
4379,2021-03-12 13:18:00,1066.5,1066.5,1066.5,1066.5,25,500,1004.82,1024.1,1090.15
4380,2021-03-12 13:19:00,1066.5,1066.5,1066.5,1066.5,25,500,1004.82,1024.1,1090.15
4381,2021-03-12 13:20:00,1066.5,1066.5,1066.5,1066.5,25,500,1004.82,1024.1,1090.15
4382,2021-03-12 13:21:00,1066.5,1066.5,1066.5,1066.5,25,500,1004.82,1024.1,1090.15
4383,2021-03-12 13:22:00,1066.5,1066.5,1066.5,1066.5,25,500,1004.82,1024.1,1090.15
4384,2021-03-12 13:23:00,1066.5,1066.5,1066.5,1066.5,25,500,1004.82,1024.1,1090.15
4385,2021-03-12 13:24:00,1066.5,1066.5,1066.5,1066.5,25,500,1004.82,1024.1,1090.15
4386,2021-03-12 13:25:00,1066.5,1066.5,1066.5,1066.5,25,500,1004.82,1024.1,1090.15
4387,2021-03-12 13:26:00,1066.5,1066.5,1066.5,1066.5,25,500,1004.82,1024.1,1090.15
4388,2021-03-12 13:27:00,1066.5,1066.5,1066.5,1066.5,25,500,1004.82,1024.1,1090.15
4389,2021-03-12 13:28:00,1066.5,1066.5,1066.5,1066.5,25,500,1004.82,1024.1,1090.15
4390,2021-03-12 13:29:00,1066.5,1066.5,1066.5,1066.5,25,500,1004.82,1024.1,1090.15
4391,2021-03-12 13:30:00,1066.5,1066.5,1066.5,1066.5,25,500,1004.82,1024.1,1090.15
4392,2021-03-12 13:31:00,1066.5,1066.5,1066.5,1066.5,25,500,1004.82,1024.1,1090.15
4393,2021-03-12 13:32:00,1066.5,1066.5,1066.5,1066.5,25,500,1004.82,1024.1,1090.15
4394,2021-03-12 13:33:00,1066.5,1066.5,1066.5,1066.5,25,500,1004.82,1024.1,1090.15
4395,2021-03-12 13:34:00,1066.5,1066.5,1066.5,1066.5,25,500,1004.82,1024.1,1090.15
4396,2021-03-12 13:35:00,1066.5,1066.5,1066.5,1066.5,25,500,1004.82,1024.1,1090.15
4397,2021-03-12 13:36:00,1066.5,1066.5,1066.5,1066.5,25,500,1004.82,1024.1,1090.15
4398,2021-03-12 13:37:00,1066.5,1066.5,1066.5,1066.5,25,500,1004.82,1024.1,1090.15
4399,2021-03-12 13:38:00,1066.5,1066.5,1066.5,1066.5,25,500,1004.82,1024.1,1090.15
4400,2021-03-12 13:39:00,1066.5,1066.5,1066.5,1066.5,25,500,1004.82,1024.1,1090.15
4401,2021-03-12 13:40:00,1066.5,1066.5,1066.5,1066.5,25,500,1004.82,1024.1,1090.15
4402,2021-03-12 13:41:00,1066.5,1066.5,1066.5,1066.5,25,500,1004.82,1024.1,1090.15
4403,2021-03-12 13:42:00,1291.05,1291.05,1291.05,1291.05,25,525,1033.44,1213.25,1378.0
4404,2021-03-12 13:43:00,1291.05,1291.05,1291.05,1291.05,25,525,1033.44,1213.25,1378.0
4405,2021-03-12 13:44:00,1291.05,1376.75,1291.05,1291.05,350,550,1210.99,1250.05,1472.35
4406,2021-03-12 13:45:00,1291.05,1376.75,1291.05,1291.05,350,550,1210.99,1250.05,1472.35
4407,2021-03-12 13:46:00,1291.05,1376.75,1291.05,1291.05,350,550,1210.99,1250.05,1472.35
4408,2021-03-12 13:47:00,1291.05,1376.75,1291.05,1291.05,350,550,1210.99,1250.05,1472.35
4409,2021-03-12 13:48:00,1291.05,1376.75,1291.05,1291.05,350,550,1210.99,1250.05,1472.35
4410,2021-03-12 13:49:00,1320.0,1320.0,1320.0,1320.0,150,0,1232.79,1270.7,1356.1
4411,2021-03-12 13:50:00,1320.0,1320.0,1320.0,1320.0,150,0,1232.79,1270.7,1356.1
4412,2021-03-12 13:51:00,1320.0,1320.0,1320.0,1320.0,150,0,1232.79,1270.7,1356.1
4413,2021-03-12 13:52:00,1320.0,1320.0,1320.0,1320.0,150,0,1232.79,1270.7,1356.1
4414,2021-03-12 13:53:00,1320.0,1320.0,1320.0,1320.0,150,0,1232.79,1270.7,1356.1
4415,2021-03-12 13:54:00,1320.0,1320.0,1320.0,1320.0,150,0,1232.79,1270.7,1356.1
4416,2021-03-12 13:55:00,1320.0,1320.0,1320.0,1320.0,150,0,1232.79,1270.7,1356.1
4417,2021-03-12 13:56:00,1320.0,1320.0,1320.0,1320.0,150,0,1232.79,1270.7,1356.1
4418,2021-03-12 13:57:00,1320.0,1320.0,1320.0,1320.0,150,0,1232.79,1270.7,1356.1
4419,2021-03-12 13:58:00,1320.0,1320.0,1320.0,1320.0,150,0,1232.79,1270.7,1356.1
4420,2021-03-12 13:59:00,1320.0,1320.0,1320.0,1320.0,150,0,1232.79,1270.7,1356.1
4421,2021-03-12 14:00:00,1320.0,1320.0,1320.0,1320.0,150,0,1232.79,1270.7,1356.1
4422,2021-03-12 14:01:00,1320.0,1320.0,1320.0,1320.0,150,0,1232.79,1270.7,1356.1
4423,2021-03-12 14:02:00,1320.0,1320.0,1320.0,1320.0,150,0,1232.79,1270.7,1356.1
4424,2021-03-12 14:03:00,1320.0,1320.0,1320.0,1320.0,150,0,1232.79,1270.7,1356.1
4425,2021-03-12 14:04:00,1320.0,1320.0,1320.0,1320.0,150,0,1232.79,1270.7,1356.1
4426,2021-03-12 14:05:00,1320.0,1320.0,1320.0,1320.0,150,0,1232.79,1270.7,1356.1
4427,2021-03-12 14:06:00,1320.0,1320.0,1320.0,1320.0,150,0,1232.79,1270.7,1356.1
4428,2021-03-12 14:07:00,1320.0,1320.0,1320.0,1320.0,150,0,1232.79,1270.7,1356.1
4429,2021-03-12 14:08:00,1320.0,1320.0,1320.0,1320.0,150,0,1232.79,1270.7,1356.1
4430,2021-03-12 14:09:00,1320.0,1320.0,1320.0,1320.0,150,0,1232.79,1270.7,1356.1
4431,2021-03-12 14:10:00,1320.0,1320.0,1320.0,1320.0,150,0,1232.79,1270.7,1356.1
4432,2021-03-12 14:11:00,1320.0,1320.0,1320.0,1320.0,150,0,1232.79,1270.7,1356.1
4433,2021-03-12 14:12:00,1320.0,1320.0,1320.0,1320.0,150,0,1232.79,1270.7,1356.1
4434,2021-03-12 14:13:00,1320.0,1320.0,1320.0,1320.0,150,0,1232.79,1270.7,1356.1
4435,2021-03-12 14:14:00,1320.0,1320.0,1320.0,1320.0,150,0,1232.79,1270.7,1356.1
4436,2021-03-12 14:15:00,1320.0,1320.0,1320.0,1320.0,150,0,1232.79,1270.7,1356.1
4437,2021-03-12 14:16:00,1320.0,1320.0,1320.0,1320.0,150,0,1232.79,1270.7,1356.1
4438,2021-03-12 14:17:00,1414.7,1414.7,1414.7,1414.7,25,625,1238.66,1058.3,1810.35
4439,2021-03-12 14:18:00,1414.7,1414.7,1414.7,1414.7,25,625,1238.66,1058.3,1810.35
4440,2021-03-12 14:19:00,1400.0,1400.0,1400.0,1400.0,175,625,1268.38,1170.75,1689.9
4441,2021-03-12 14:20:00,1400.0,1400.0,1400.0,1400.0,175,625,1268.38,1170.75,1689.9
4442,2021-03-12 14:21:00,1400.0,1400.0,1400.0,1400.0,175,625,1268.38,1170.75,1689.9
4443,2021-03-12 14:22:00,1400.0,1400.0,1400.0,1400.0,175,625,1268.38,1170.75,1689.9
4444,2021-03-12 14:23:00,1400.0,1400.0,1400.0,1400.0,175,625,1268.38,1170.75,1689.9
4445,2021-03-12 14:24:00,1400.0,1400.0,1400.0,1400.0,175,625,1268.38,1170.75,1689.9
4446,2021-03-12 14:25:00,1400.0,1400.0,1400.0,1400.0,175,625,1268.38,1170.75,1689.9
4447,2021-03-12 14:26:00,1400.0,1400.0,1400.0,1400.0,175,625,1268.38,1170.75,1689.9
4448,2021-03-12 14:27:00,1448.35,1448.35,1448.35,1448.35,25,625,1272.99,1396.8,1596.3
4449,2021-03-12 14:28:00,1448.35,1448.35,1448.35,1448.35,25,625,1272.99,1396.8,1596.3
4450,2021-03-12 14:29:00,1400.0,1400.0,1400.0,1400.0,25,625,1276.17,1345.85,1430.7
4451,2021-03-12 14:30:00,1400.0,1400.0,1400.0,1400.0,25,625,1276.17,1345.85,1430.7
4452,2021-03-12 14:31:00,1400.0,1400.0,1400.0,1400.0,25,625,1276.17,1345.85,1430.7
4453,2021-03-12 14:32:00,1400.0,1400.0,1400.0,1400.0,25,625,1276.17,1345.85,1430.7
4454,2021-03-12 14:33:00,1400.0,1400.0,1400.0,1400.0,25,625,1276.17,1345.85,1430.7
4455,2021-03-12 14:34:00,1380.0,1380.0,1380.0,1380.0,25,625,1278.7,1128.95,1383.7
4456,2021-03-12 14:35:00,1380.0,1380.0,1380.0,1380.0,25,625,1278.7,1128.95,1383.7
4457,2021-03-12 14:36:00,1380.0,1380.0,1380.0,1380.0,25,625,1278.7,1128.95,1383.7
4458,2021-03-12 14:37:00,1380.0,1380.0,1380.0,1380.0,25,625,1278.7,1128.95,1383.7
4459,2021-03-12 14:38:00,1380.0,1380.0,1380.0,1380.0,25,625,1278.7,1128.95,1383.7
4460,2021-03-12 14:39:00,1380.0,1380.0,1380.0,1380.0,25,625,1278.7,1128.95,1383.7
4461,2021-03-12 14:40:00,1380.0,1380.0,1380.0,1380.0,25,625,1278.7,1128.95,1383.7
4462,2021-03-12 14:41:00,1380.0,1380.0,1380.0,1380.0,25,625,1278.7,1128.95,1383.7
4463,2021-03-12 14:42:00,1380.0,1380.0,1380.0,1380.0,25,625,1278.7,1128.95,1383.7
4464,2021-03-12 14:43:00,1375.85,1375.85,1375.85,1375.85,25,625,1281.01,1108.8,1777.75
4465,2021-03-12 14:44:00,1375.85,1375.85,1375.85,1375.85,25,625,1281.01,1108.8,1777.75
4466,2021-03-12 14:45:00,1375.85,1375.85,1375.85,1375.85,25,625,1281.01,1108.8,1777.75
4467,2021-03-12 14:46:00,1375.85,1375.85,1375.85,1375.85,25,625,1281.01,1108.8,1777.75
4468,2021-03-12 14:47:00,1375.85,1375.85,1375.85,1375.85,25,625,1281.01,1108.8,1777.75
4469,2021-03-12 14:48:00,1375.85,1375.85,1375.85,1375.85,25,625,1281.01,1108.8,1777.75
4470,2021-03-12 14:49:00,1375.85,1375.85,1375.85,1375.85,25,625,1281.01,1108.8,1777.75
4471,2021-03-12 14:50:00,1375.85,1375.85,1375.85,1375.85,25,625,1281.01,1108.8,1777.75
4472,2021-03-12 14:51:00,1375.85,1375.85,1375.85,1375.85,25,625,1281.01,1108.8,1777.75
4473,2021-03-12 14:52:00,1375.85,1375.85,1375.85,1375.85,25,625,1281.01,1108.8,1777.75
4474,2021-03-12 14:53:00,1375.85,1375.85,1375.85,1375.85,25,625,1281.01,1108.8,1777.75
4475,2021-03-12 14:54:00,1375.85,1375.85,1375.85,1375.85,25,625,1281.01,1108.8,1777.75
4476,2021-03-12 14:55:00,1375.85,1375.85,1375.85,1375.85,25,625,1281.01,1108.8,1777.75
4477,2021-03-12 14:56:00,1375.85,1375.85,1375.85,1375.85,25,625,1281.01,1108.8,1777.75
4478,2021-03-12 14:57:00,1375.85,1375.85,1375.85,1375.85,25,625,1281.01,1108.8,1777.75
4479,2021-03-12 14:58:00,1375.85,1375.85,1375.85,1375.85,25,625,1281.01,1108.8,1777.75
4480,2021-03-12 14:59:00,1375.85,1375.85,1375.85,1375.85,25,625,1281.01,1108.8,1777.75
4481,2021-03-12 15:00:00,1375.85,1375.85,1375.85,1375.85,25,625,1281.01,1108.8,1777.75
4482,2021-03-12 15:01:00,1375.85,1375.85,1375.85,1375.85,25,625,1281.01,1108.8,1777.75
4483,2021-03-12 15:02:00,1375.85,1375.85,1375.85,1375.85,25,625,1281.01,1108.8,1777.75
4484,2021-03-12 15:03:00,1375.85,1375.85,1375.85,1375.85,25,625,1281.01,1108.8,1777.75
4485,2021-03-12 15:04:00,1375.85,1375.85,1375.85,1375.85,25,625,1281.01,1108.8,1777.75
4486,2021-03-12 15:05:00,1375.85,1375.85,1375.85,1375.85,25,625,1281.01,1108.8,1777.75
4487,2021-03-12 15:06:00,1375.85,1375.85,1375.85,1375.85,25,625,1281.01,1108.8,1777.75
4488,2021-03-12 15:07:00,1375.85,1375.85,1375.85,1375.85,25,625,1281.01,1108.8,1777.75
4489,2021-03-12 15:08:00,1375.85,1375.85,1375.85,1375.85,25,625,1281.01,1108.8,1777.75
4490,2021-03-12 15:09:00,1375.85,1375.85,1375.85,1375.85,25,625,1281.01,1108.8,1777.75
4491,2021-03-12 15:10:00,1375.85,1375.85,1375.85,1375.85,25,625,1281.01,1108.8,1777.75
4492,2021-03-12 15:11:00,1375.85,1375.85,1375.85,1375.85,25,625,1281.01,1108.8,1777.75
4493,2021-03-12 15:12:00,1375.85,1375.85,1375.85,1375.85,25,625,1281.01,1108.8,1777.75
4494,2021-03-12 15:13:00,1375.85,1375.85,1375.85,1375.85,25,625,1281.01,1108.8,1777.75
4495,2021-03-12 15:14:00,1375.85,1375.85,1375.85,1375.85,25,625,1281.01,1108.8,1777.75
4496,2021-03-12 15:15:00,1375.85,1375.85,1375.85,1375.85,25,625,1281.01,1108.8,1777.75
4497,2021-03-12 15:16:00,1375.85,1375.85,1375.85,1375.85,25,625,1281.01,1108.8,1777.75
4498,2021-03-12 15:17:00,1375.85,1375.85,1375.85,1375.85,25,625,1281.01,1108.8,1777.75
4499,2021-03-12 15:18:00,1375.85,1375.85,1375.85,1375.85,25,625,1281.01,1108.8,1777.75
4500,2021-03-12 15:19:00,1375.85,1375.85,1375.85,1375.85,25,625,1281.01,1108.8,1777.75
4501,2021-03-12 15:20:00,1375.85,1375.85,1375.85,1375.85,25,625,1281.01,1108.8,1777.75
4502,2021-03-12 15:21:00,1375.85,1375.85,1375.85,1375.85,25,625,1281.01,1108.8,1777.75
4503,2021-03-12 15:22:00,1375.85,1375.85,1375.85,1375.85,25,625,1281.01,1108.8,1777.75
4504,2021-03-12 15:23:00,1375.85,1375.85,1375.85,1375.85,25,625,1281.01,1108.8,1777.75
4505,2021-03-12 15:24:00,1375.85,1375.85,1375.85,1375.85,25,625,1281.01,1108.8,1777.75
4506,2021-03-12 15:25:00,1375.85,1375.85,1375.85,1375.85,25,625,1281.01,1108.8,1777.75
4507,2021-03-12 15:26:00,1375.85,1375.85,1375.85,1375.85,25,625,1281.01,1108.8,1777.75
4508,2021-03-12 15:27:00,1375.85,1375.85,1375.85,1375.85,25,625,1281.01,1108.8,1777.75
4509,2021-03-12 15:28:00,1375.85,1375.85,1375.85,1375.85,25,625,1281.01,1108.8,1777.75
4510,2021-03-12 15:29:00,1375.85,1375.85,1375.85,1375.85,25,625,1281.01,1108.8,1777.75
4511,2021-03-12 15:30:00,1375.85,1375.85,1375.85,1375.85,25,625,1281.01,1108.8,1777.75
4512,2021-03-13 09:15:00,1375.85,1375.85,1375.85,1375.85,25,625,1281.01,1108.8,1777.75
4513,2021-03-13 09:16:00,1375.85,1375.85,1375.85,1375.85,25,625,1281.01,1108.8,1777.75
4514,2021-03-13 09:17:00,1375.85,1375.85,1375.85,1375.85,25,625,1281.01,1108.8,1777.75
4515,2021-03-13 09:18:00,1375.85,1375.85,1375.85,1375.85,25,625,1281.01,1108.8,1777.75
4516,2021-03-13 09:19:00,1375.85,1375.85,1375.85,1375.85,25,625,1281.01,1108.8,1777.75
4517,2021-03-13 09:20:00,1375.85,1375.85,1375.85,1375.85,25,625,1281.01,1108.8,1777.75
4518,2021-03-13 09:21:00,1375.85,1375.85,1375.85,1375.85,25,625,1281.01,1108.8,1777.75
4519,2021-03-13 09:22:00,1375.85,1375.85,1375.85,1375.85,25,625,1281.01,1108.8,1777.75
4520,2021-03-13 09:23:00,1375.85,1375.85,1375.85,1375.85,25,625,1281.01,1108.8,1777.75
4521,2021-03-13 09:24:00,1375.85,1375.85,1375.85,1375.85,25,625,1281.01,1108.8,1777.75
4522,2021-03-13 09:25:00,1375.85,1375.85,1375.85,1375.85,25,625,1281.01,1108.8,1777.75
4523,2021-03-13 09:26:00,1375.85,1375.85,1375.85,1375.85,25,625,1281.01,1108.8,1777.75
4524,2021-03-13 09:27:00,1375.85,1375.85,1375.85,1375.85,25,625,1281.01,1108.8,1777.75
4525,2021-03-13 09:28:00,1375.85,1375.85,1375.85,1375.85,25,625,1281.01,1108.8,1777.75
4526,2021-03-13 09:29:00,1375.85,1375.85,1375.85,1375.85,25,625,1281.01,1108.8,1777.75
4527,2021-03-13 09:30:00,1375.85,1375.85,1375.85,1375.85,25,625,1281.01,1108.8,1777.75
4528,2021-03-13 09:31:00,1375.85,1375.85,1375.85,1375.85,25,625,1281.01,1108.8,1777.75
4529,2021-03-13 09:32:00,1375.85,1375.85,1375.85,1375.85,25,625,1281.01,1108.8,1777.75
4530,2021-03-13 09:33:00,1375.85,1375.85,1375.85,1375.85,25,625,1281.01,1108.8,1777.75
4531,2021-03-13 09:34:00,1375.85,1375.85,1375.85,1375.85,25,625,1281.01,1108.8,1777.75
4532,2021-03-13 09:35:00,1375.85,1375.85,1375.85,1375.85,25,625,1281.01,1108.8,1777.75
4533,2021-03-13 09:36:00,1375.85,1375.85,1375.85,1375.85,25,625,1281.01,1108.8,1777.75
4534,2021-03-13 09:37:00,1375.85,1375.85,1375.85,1375.85,25,625,1281.01,1108.8,1777.75
4535,2021-03-13 09:38:00,1375.85,1375.85,1375.85,1375.85,25,625,1281.01,1108.8,1777.75
4536,2021-03-13 09:39:00,1375.85,1375.85,1375.85,1375.85,25,625,1281.01,1108.8,1777.75
4537,2021-03-13 09:40:00,1375.85,1375.85,1375.85,1375.85,25,625,1281.01,1108.8,1777.75
4538,2021-03-13 09:41:00,1375.85,1375.85,1375.85,1375.85,25,625,1281.01,1108.8,1777.75
4539,2021-03-13 09:42:00,1375.85,1375.85,1375.85,1375.85,25,625,1281.01,1108.8,1777.75
4540,2021-03-13 09:43:00,1375.85,1375.85,1375.85,1375.85,25,625,1281.01,1108.8,1777.75
4541,2021-03-13 09:44:00,1375.85,1375.85,1375.85,1375.85,25,625,1281.01,1108.8,1777.75
4542,2021-03-13 09:45:00,1375.85,1375.85,1375.85,1375.85,25,625,1281.01,1108.8,1777.75
4543,2021-03-13 09:46:00,1375.85,1375.85,1375.85,1375.85,25,625,1281.01,1108.8,1777.75
4544,2021-03-13 09:47:00,1375.85,1375.85,1375.85,1375.85,25,625,1281.01,1108.8,1777.75
4545,2021-03-13 09:48:00,1375.85,1375.85,1375.85,1375.85,25,625,1281.01,1108.8,1777.75
4546,2021-03-13 09:49:00,1375.85,1375.85,1375.85,1375.85,25,625,1281.01,1108.8,1777.75
4547,2021-03-13 09:50:00,1375.85,1375.85,1375.85,1375.85,25,625,1281.01,1108.8,1777.75
4548,2021-03-13 09:51:00,1375.85,1375.85,1375.85,1375.85,25,625,1281.01,1108.8,1777.75
4549,2021-03-13 09:52:00,1375.85,1375.85,1375.85,1375.85,25,625,1281.01,1108.8,1777.75
4550,2021-03-13 09:53:00,1375.85,1375.85,1375.85,1375.85,25,625,1281.01,1108.8,1777.75
4551,2021-03-13 09:54:00,1375.85,1375.85,1375.85,1375.85,25,625,1281.01,1108.8,1777.75
4552,2021-03-13 09:55:00,1375.85,1375.85,1375.85,1375.85,25,625,1281.01,1108.8,1777.75
4553,2021-03-13 09:56:00,1375.85,1375.85,1375.85,1375.85,25,625,1281.01,1108.8,1777.75
4554,2021-03-13 09:57:00,1375.85,1375.85,1375.85,1375.85,25,625,1281.01,1108.8,1777.75
4555,2021-03-13 09:58:00,1375.85,1375.85,1375.85,1375.85,25,625,1281.01,1108.8,1777.75
4556,2021-03-13 09:59:00,1375.85,1375.85,1375.85,1375.85,25,625,1281.01,1108.8,1777.75
4557,2021-03-13 10:00:00,1375.85,1375.85,1375.85,1375.85,25,625,1281.01,1108.8,1777.75
4558,2021-03-13 10:01:00,1375.85,1375.85,1375.85,1375.85,25,625,1281.01,1108.8,1777.75
4559,2021-03-13 10:02:00,1375.85,1375.85,1375.85,1375.85,25,625,1281.01,1108.8,1777.75
4560,2021-03-13 10:03:00,1375.85,1375.85,1375.85,1375.85,25,625,1281.01,1108.8,1777.75
4561,2021-03-13 10:04:00,1375.85,1375.85,1375.85,1375.85,25,625,1281.01,1108.8,1777.75
4562,2021-03-13 10:05:00,1375.85,1375.85,1375.85,1375.85,25,625,1281.01,1108.8,1777.75
4563,2021-03-13 10:06:00,1375.85,1375.85,1375.85,1375.85,25,625,1281.01,1108.8,1777.75
4564,2021-03-13 10:07:00,1375.85,1375.85,1375.85,1375.85,25,625,1281.01,1108.8,1777.75
4565,2021-03-13 10:08:00,1375.85,1375.85,1375.85,1375.85,25,625,1281.01,1108.8,1777.75
4566,2021-03-13 10:09:00,1375.85,1375.85,1375.85,1375.85,25,625,1281.01,1108.8,1777.75
4567,2021-03-13 10:10:00,1375.85,1375.85,1375.85,1375.85,25,625,1281.01,1108.8,1777.75
4568,2021-03-13 10:11:00,1375.85,1375.85,1375.85,1375.85,25,625,1281.01,1108.8,1777.75
4569,2021-03-13 10:12:00,1375.85,1375.85,1375.85,1375.85,25,625,1281.01,1108.8,1777.75
4570,2021-03-13 10:13:00,1375.85,1375.85,1375.85,1375.85,25,625,1281.01,1108.8,1777.75
4571,2021-03-13 10:14:00,1375.85,1375.85,1375.85,1375.85,25,625,1281.01,1108.8,1777.75
4572,2021-03-13 10:15:00,1375.85,1375.85,1375.85,1375.85,25,625,1281.01,1108.8,1777.75
4573,2021-03-13 10:16:00,1375.85,1375.85,1375.85,1375.85,25,625,1281.01,1108.8,1777.75
4574,2021-03-13 10:17:00,1375.85,1375.85,1375.85,1375.85,25,625,1281.01,1108.8,1777.75
4575,2021-03-13 10:18:00,1375.85,1375.85,1375.85,1375.85,25,625,1281.01,1108.8,1777.75
4576,2021-03-13 10:19:00,1375.85,1375.85,1375.85,1375.85,25,625,1281.01,1108.8,1777.75
4577,2021-03-13 10:20:00,1375.85,1375.85,1375.85,1375.85,25,625,1281.01,1108.8,1777.75
4578,2021-03-13 10:21:00,1375.85,1375.85,1375.85,1375.85,25,625,1281.01,1108.8,1777.75
4579,2021-03-13 10:22:00,1375.85,1375.85,1375.85,1375.85,25,625,1281.01,1108.8,1777.75
4580,2021-03-13 10:23:00,1375.85,1375.85,1375.85,1375.85,25,625,1281.01,1108.8,1777.75
4581,2021-03-13 10:24:00,1375.85,1375.85,1375.85,1375.85,25,625,1281.01,1108.8,1777.75
4582,2021-03-13 10:25:00,1375.85,1375.85,1375.85,1375.85,25,625,1281.01,1108.8,1777.75
4583,2021-03-13 10:26:00,1375.85,1375.85,1375.85,1375.85,25,625,1281.01,1108.8,1777.75
4584,2021-03-13 10:27:00,1375.85,1375.85,1375.85,1375.85,25,625,1281.01,1108.8,1777.75
4585,2021-03-13 10:28:00,1375.85,1375.85,1375.85,1375.85,25,625,1281.01,1108.8,1777.75
4586,2021-03-13 10:29:00,1375.85,1375.85,1375.85,1375.85,25,625,1281.01,1108.8,1777.75
4587,2021-03-13 10:30:00,1375.85,1375.85,1375.85,1375.85,25,625,1281.01,1108.8,1777.75
4588,2021-03-13 10:31:00,1375.85,1375.85,1375.85,1375.85,25,625,1281.01,1108.8,1777.75
4589,2021-03-13 10:32:00,1375.85,1375.85,1375.85,1375.85,25,625,1281.01,1108.8,1777.75
4590,2021-03-13 10:33:00,1375.85,1375.85,1375.85,1375.85,25,625,1281.01,1108.8,1777.75
4591,2021-03-13 10:34:00,1375.85,1375.85,1375.85,1375.85,25,625,1281.01,1108.8,1777.75
4592,2021-03-13 10:35:00,1375.85,1375.85,1375.85,1375.85,25,625,1281.01,1108.8,1777.75
4593,2021-03-13 10:36:00,1375.85,1375.85,1375.85,1375.85,25,625,1281.01,1108.8,1777.75
4594,2021-03-13 10:37:00,1375.85,1375.85,1375.85,1375.85,25,625,1281.01,1108.8,1777.75
4595,2021-03-13 10:38:00,1375.85,1375.85,1375.85,1375.85,25,625,1281.01,1108.8,1777.75
4596,2021-03-13 10:39:00,1375.85,1375.85,1375.85,1375.85,25,625,1281.01,1108.8,1777.75
4597,2021-03-13 10:40:00,1375.85,1375.85,1375.85,1375.85,25,625,1281.01,1108.8,1777.75
4598,2021-03-13 10:41:00,1375.85,1375.85,1375.85,1375.85,25,625,1281.01,1108.8,1777.75
4599,2021-03-13 10:42:00,1375.85,1375.85,1375.85,1375.85,25,625,1281.01,1108.8,1777.75
4600,2021-03-13 10:43:00,1375.85,1375.85,1375.85,1375.85,25,625,1281.01,1108.8,1777.75
4601,2021-03-13 10:44:00,1375.85,1375.85,1375.85,1375.85,25,625,1281.01,1108.8,1777.75
4602,2021-03-13 10:45:00,1375.85,1375.85,1375.85,1375.85,25,625,1281.01,1108.8,1777.75
4603,2021-03-13 10:46:00,1375.85,1375.85,1375.85,1375.85,25,625,1281.01,1108.8,1777.75
4604,2021-03-13 10:47:00,1375.85,1375.85,1375.85,1375.85,25,625,1281.01,1108.8,1777.75
4605,2021-03-13 10:48:00,1375.85,1375.85,1375.85,1375.85,25,625,1281.01,1108.8,1777.75
4606,2021-03-13 10:49:00,1375.85,1375.85,1375.85,1375.85,25,625,1281.01,1108.8,1777.75
4607,2021-03-13 10:50:00,1375.85,1375.85,1375.85,1375.85,25,625,1281.01,1108.8,1777.75
4608,2021-03-13 10:51:00,1375.85,1375.85,1375.85,1375.85,25,625,1281.01,1108.8,1777.75
4609,2021-03-13 10:52:00,1375.85,1375.85,1375.85,1375.85,25,625,1281.01,1108.8,1777.75
4610,2021-03-13 10:53:00,1375.85,1375.85,1375.85,1375.85,25,625,1281.01,1108.8,1777.75
4611,2021-03-13 10:54:00,1375.85,1375.85,1375.85,1375.85,25,625,1281.01,1108.8,1777.75
4612,2021-03-13 10:55:00,1375.85,1375.85,1375.85,1375.85,25,625,1281.01,1108.8,1777.75
4613,2021-03-13 10:56:00,1375.85,1375.85,1375.85,1375.85,25,625,1281.01,1108.8,1777.75
4614,2021-03-13 10:57:00,1375.85,1375.85,1375.85,1375.85,25,625,1281.01,1108.8,1777.75
4615,2021-03-13 10:58:00,1375.85,1375.85,1375.85,1375.85,25,625,1281.01,1108.8,1777.75
4616,2021-03-13 10:59:00,1375.85,1375.85,1375.85,1375.85,25,625,1281.01,1108.8,1777.75
4617,2021-03-13 11:00:00,1375.85,1375.85,1375.85,1375.85,25,625,1281.01,1108.8,1777.75
4618,2021-03-13 11:01:00,1375.85,1375.85,1375.85,1375.85,25,625,1281.01,1108.8,1777.75
4619,2021-03-13 11:02:00,1375.85,1375.85,1375.85,1375.85,25,625,1281.01,1108.8,1777.75
4620,2021-03-13 11:03:00,1375.85,1375.85,1375.85,1375.85,25,625,1281.01,1108.8,1777.75
4621,2021-03-13 11:04:00,1375.85,1375.85,1375.85,1375.85,25,625,1281.01,1108.8,1777.75
4622,2021-03-13 11:05:00,1375.85,1375.85,1375.85,1375.85,25,625,1281.01,1108.8,1777.75
4623,2021-03-13 11:06:00,1375.85,1375.85,1375.85,1375.85,25,625,1281.01,1108.8,1777.75
4624,2021-03-13 11:07:00,1375.85,1375.85,1375.85,1375.85,25,625,1281.01,1108.8,1777.75
4625,2021-03-13 11:08:00,1375.85,1375.85,1375.85,1375.85,25,625,1281.01,1108.8,1777.75
4626,2021-03-13 11:09:00,1375.85,1375.85,1375.85,1375.85,25,625,1281.01,1108.8,1777.75
4627,2021-03-13 11:10:00,1375.85,1375.85,1375.85,1375.85,25,625,1281.01,1108.8,1777.75
4628,2021-03-13 11:11:00,1375.85,1375.85,1375.85,1375.85,25,625,1281.01,1108.8,1777.75
4629,2021-03-13 11:12:00,1375.85,1375.85,1375.85,1375.85,25,625,1281.01,1108.8,1777.75
4630,2021-03-13 11:13:00,1375.85,1375.85,1375.85,1375.85,25,625,1281.01,1108.8,1777.75
4631,2021-03-13 11:14:00,1375.85,1375.85,1375.85,1375.85,25,625,1281.01,1108.8,1777.75
4632,2021-03-13 11:15:00,1375.85,1375.85,1375.85,1375.85,25,625,1281.01,1108.8,1777.75
4633,2021-03-13 11:16:00,1375.85,1375.85,1375.85,1375.85,25,625,1281.01,1108.8,1777.75
4634,2021-03-13 11:17:00,1375.85,1375.85,1375.85,1375.85,25,625,1281.01,1108.8,1777.75
4635,2021-03-13 11:18:00,1375.85,1375.85,1375.85,1375.85,25,625,1281.01,1108.8,1777.75
4636,2021-03-13 11:19:00,1375.85,1375.85,1375.85,1375.85,25,625,1281.01,1108.8,1777.75
4637,2021-03-13 11:20:00,1375.85,1375.85,1375.85,1375.85,25,625,1281.01,1108.8,1777.75
4638,2021-03-13 11:21:00,1375.85,1375.85,1375.85,1375.85,25,625,1281.01,1108.8,1777.75
4639,2021-03-13 11:22:00,1375.85,1375.85,1375.85,1375.85,25,625,1281.01,1108.8,1777.75
4640,2021-03-13 11:23:00,1375.85,1375.85,1375.85,1375.85,25,625,1281.01,1108.8,1777.75
4641,2021-03-13 11:24:00,1375.85,1375.85,1375.85,1375.85,25,625,1281.01,1108.8,1777.75
4642,2021-03-13 11:25:00,1375.85,1375.85,1375.85,1375.85,25,625,1281.01,1108.8,1777.75
4643,2021-03-13 11:26:00,1375.85,1375.85,1375.85,1375.85,25,625,1281.01,1108.8,1777.75
4644,2021-03-13 11:27:00,1375.85,1375.85,1375.85,1375.85,25,625,1281.01,1108.8,1777.75
4645,2021-03-13 11:28:00,1375.85,1375.85,1375.85,1375.85,25,625,1281.01,1108.8,1777.75
4646,2021-03-13 11:29:00,1375.85,1375.85,1375.85,1375.85,25,625,1281.01,1108.8,1777.75
4647,2021-03-13 11:30:00,1375.85,1375.85,1375.85,1375.85,25,625,1281.01,1108.8,1777.75
4648,2021-03-13 11:31:00,1375.85,1375.85,1375.85,1375.85,25,625,1281.01,1108.8,1777.75
4649,2021-03-13 11:32:00,1375.85,1375.85,1375.85,1375.85,25,625,1281.01,1108.8,1777.75
4650,2021-03-13 11:33:00,1375.85,1375.85,1375.85,1375.85,25,625,1281.01,1108.8,1777.75
4651,2021-03-13 11:34:00,1375.85,1375.85,1375.85,1375.85,25,625,1281.01,1108.8,1777.75
4652,2021-03-13 11:35:00,1375.85,1375.85,1375.85,1375.85,25,625,1281.01,1108.8,1777.75
4653,2021-03-13 11:36:00,1375.85,1375.85,1375.85,1375.85,25,625,1281.01,1108.8,1777.75
4654,2021-03-13 11:37:00,1375.85,1375.85,1375.85,1375.85,25,625,1281.01,1108.8,1777.75
4655,2021-03-13 11:38:00,1375.85,1375.85,1375.85,1375.85,25,625,1281.01,1108.8,1777.75
4656,2021-03-13 11:39:00,1375.85,1375.85,1375.85,1375.85,25,625,1281.01,1108.8,1777.75
4657,2021-03-13 11:40:00,1375.85,1375.85,1375.85,1375.85,25,625,1281.01,1108.8,1777.75
4658,2021-03-13 11:41:00,1375.85,1375.85,1375.85,1375.85,25,625,1281.01,1108.8,1777.75
4659,2021-03-13 11:42:00,1375.85,1375.85,1375.85,1375.85,25,625,1281.01,1108.8,1777.75
4660,2021-03-13 11:43:00,1375.85,1375.85,1375.85,1375.85,25,625,1281.01,1108.8,1777.75
4661,2021-03-13 11:44:00,1375.85,1375.85,1375.85,1375.85,25,625,1281.01,1108.8,1777.75
4662,2021-03-13 11:45:00,1375.85,1375.85,1375.85,1375.85,25,625,1281.01,1108.8,1777.75
4663,2021-03-13 11:46:00,1375.85,1375.85,1375.85,1375.85,25,625,1281.01,1108.8,1777.75
4664,2021-03-13 11:47:00,1375.85,1375.85,1375.85,1375.85,25,625,1281.01,1108.8,1777.75
4665,2021-03-13 11:48:00,1375.85,1375.85,1375.85,1375.85,25,625,1281.01,1108.8,1777.75
4666,2021-03-13 11:49:00,1375.85,1375.85,1375.85,1375.85,25,625,1281.01,1108.8,1777.75
4667,2021-03-13 11:50:00,1375.85,1375.85,1375.85,1375.85,25,625,1281.01,1108.8,1777.75
4668,2021-03-13 11:51:00,1375.85,1375.85,1375.85,1375.85,25,625,1281.01,1108.8,1777.75
4669,2021-03-13 11:52:00,1375.85,1375.85,1375.85,1375.85,25,625,1281.01,1108.8,1777.75
4670,2021-03-13 11:53:00,1375.85,1375.85,1375.85,1375.85,25,625,1281.01,1108.8,1777.75
4671,2021-03-13 11:54:00,1375.85,1375.85,1375.85,1375.85,25,625,1281.01,1108.8,1777.75
4672,2021-03-13 11:55:00,1375.85,1375.85,1375.85,1375.85,25,625,1281.01,1108.8,1777.75
4673,2021-03-13 11:56:00,1375.85,1375.85,1375.85,1375.85,25,625,1281.01,1108.8,1777.75
4674,2021-03-13 11:57:00,1375.85,1375.85,1375.85,1375.85,25,625,1281.01,1108.8,1777.75
4675,2021-03-13 11:58:00,1375.85,1375.85,1375.85,1375.85,25,625,1281.01,1108.8,1777.75
4676,2021-03-13 11:59:00,1375.85,1375.85,1375.85,1375.85,25,625,1281.01,1108.8,1777.75
4677,2021-03-13 12:00:00,1375.85,1375.85,1375.85,1375.85,25,625,1281.01,1108.8,1777.75
4678,2021-03-13 12:01:00,1375.85,1375.85,1375.85,1375.85,25,625,1281.01,1108.8,1777.75
4679,2021-03-13 12:02:00,1375.85,1375.85,1375.85,1375.85,25,625,1281.01,1108.8,1777.75
4680,2021-03-13 12:03:00,1375.85,1375.85,1375.85,1375.85,25,625,1281.01,1108.8,1777.75
4681,2021-03-13 12:04:00,1375.85,1375.85,1375.85,1375.85,25,625,1281.01,1108.8,1777.75
4682,2021-03-13 12:05:00,1375.85,1375.85,1375.85,1375.85,25,625,1281.01,1108.8,1777.75
4683,2021-03-13 12:06:00,1375.85,1375.85,1375.85,1375.85,25,625,1281.01,1108.8,1777.75
4684,2021-03-13 12:07:00,1375.85,1375.85,1375.85,1375.85,25,625,1281.01,1108.8,1777.75
4685,2021-03-13 12:08:00,1375.85,1375.85,1375.85,1375.85,25,625,1281.01,1108.8,1777.75
4686,2021-03-13 12:09:00,1375.85,1375.85,1375.85,1375.85,25,625,1281.01,1108.8,1777.75
4687,2021-03-13 12:10:00,1375.85,1375.85,1375.85,1375.85,25,625,1281.01,1108.8,1777.75
4688,2021-03-13 12:11:00,1375.85,1375.85,1375.85,1375.85,25,625,1281.01,1108.8,1777.75
4689,2021-03-13 12:12:00,1375.85,1375.85,1375.85,1375.85,25,625,1281.01,1108.8,1777.75
4690,2021-03-13 12:13:00,1375.85,1375.85,1375.85,1375.85,25,625,1281.01,1108.8,1777.75
4691,2021-03-13 12:14:00,1375.85,1375.85,1375.85,1375.85,25,625,1281.01,1108.8,1777.75
4692,2021-03-13 12:15:00,1375.85,1375.85,1375.85,1375.85,25,625,1281.01,1108.8,1777.75
4693,2021-03-13 12:16:00,1375.85,1375.85,1375.85,1375.85,25,625,1281.01,1108.8,1777.75
4694,2021-03-13 12:17:00,1375.85,1375.85,1375.85,1375.85,25,625,1281.01,1108.8,1777.75
4695,2021-03-13 12:18:00,1375.85,1375.85,1375.85,1375.85,25,625,1281.01,1108.8,1777.75
4696,2021-03-13 12:19:00,1375.85,1375.85,1375.85,1375.85,25,625,1281.01,1108.8,1777.75
4697,2021-03-13 12:20:00,1375.85,1375.85,1375.85,1375.85,25,625,1281.01,1108.8,1777.75
4698,2021-03-13 12:21:00,1375.85,1375.85,1375.85,1375.85,25,625,1281.01,1108.8,1777.75
4699,2021-03-13 12:22:00,1375.85,1375.85,1375.85,1375.85,25,625,1281.01,1108.8,1777.75
4700,2021-03-13 12:23:00,1375.85,1375.85,1375.85,1375.85,25,625,1281.01,1108.8,1777.75
4701,2021-03-13 12:24:00,1375.85,1375.85,1375.85,1375.85,25,625,1281.01,1108.8,1777.75
4702,2021-03-13 12:25:00,1375.85,1375.85,1375.85,1375.85,25,625,1281.01,1108.8,1777.75
4703,2021-03-13 12:26:00,1375.85,1375.85,1375.85,1375.85,25,625,1281.01,1108.8,1777.75
4704,2021-03-13 12:27:00,1375.85,1375.85,1375.85,1375.85,25,625,1281.01,1108.8,1777.75
4705,2021-03-13 12:28:00,1375.85,1375.85,1375.85,1375.85,25,625,1281.01,1108.8,1777.75
4706,2021-03-13 12:29:00,1375.85,1375.85,1375.85,1375.85,25,625,1281.01,1108.8,1777.75
4707,2021-03-13 12:30:00,1375.85,1375.85,1375.85,1375.85,25,625,1281.01,1108.8,1777.75
4708,2021-03-13 12:31:00,1375.85,1375.85,1375.85,1375.85,25,625,1281.01,1108.8,1777.75
4709,2021-03-13 12:32:00,1375.85,1375.85,1375.85,1375.85,25,625,1281.01,1108.8,1777.75
4710,2021-03-13 12:33:00,1375.85,1375.85,1375.85,1375.85,25,625,1281.01,1108.8,1777.75
4711,2021-03-13 12:34:00,1375.85,1375.85,1375.85,1375.85,25,625,1281.01,1108.8,1777.75
4712,2021-03-13 12:35:00,1375.85,1375.85,1375.85,1375.85,25,625,1281.01,1108.8,1777.75
4713,2021-03-13 12:36:00,1375.85,1375.85,1375.85,1375.85,25,625,1281.01,1108.8,1777.75
4714,2021-03-13 12:37:00,1375.85,1375.85,1375.85,1375.85,25,625,1281.01,1108.8,1777.75
4715,2021-03-13 12:38:00,1375.85,1375.85,1375.85,1375.85,25,625,1281.01,1108.8,1777.75
4716,2021-03-13 12:39:00,1375.85,1375.85,1375.85,1375.85,25,625,1281.01,1108.8,1777.75
4717,2021-03-13 12:40:00,1375.85,1375.85,1375.85,1375.85,25,625,1281.01,1108.8,1777.75
4718,2021-03-13 12:41:00,1375.85,1375.85,1375.85,1375.85,25,625,1281.01,1108.8,1777.75
4719,2021-03-13 12:42:00,1375.85,1375.85,1375.85,1375.85,25,625,1281.01,1108.8,1777.75
4720,2021-03-13 12:43:00,1375.85,1375.85,1375.85,1375.85,25,625,1281.01,1108.8,1777.75
4721,2021-03-13 12:44:00,1375.85,1375.85,1375.85,1375.85,25,625,1281.01,1108.8,1777.75
4722,2021-03-13 12:45:00,1375.85,1375.85,1375.85,1375.85,25,625,1281.01,1108.8,1777.75
4723,2021-03-13 12:46:00,1375.85,1375.85,1375.85,1375.85,25,625,1281.01,1108.8,1777.75
4724,2021-03-13 12:47:00,1375.85,1375.85,1375.85,1375.85,25,625,1281.01,1108.8,1777.75
4725,2021-03-13 12:48:00,1375.85,1375.85,1375.85,1375.85,25,625,1281.01,1108.8,1777.75
4726,2021-03-13 12:49:00,1375.85,1375.85,1375.85,1375.85,25,625,1281.01,1108.8,1777.75
4727,2021-03-13 12:50:00,1375.85,1375.85,1375.85,1375.85,25,625,1281.01,1108.8,1777.75
4728,2021-03-13 12:51:00,1375.85,1375.85,1375.85,1375.85,25,625,1281.01,1108.8,1777.75
4729,2021-03-13 12:52:00,1375.85,1375.85,1375.85,1375.85,25,625,1281.01,1108.8,1777.75
4730,2021-03-13 12:53:00,1375.85,1375.85,1375.85,1375.85,25,625,1281.01,1108.8,1777.75
4731,2021-03-13 12:54:00,1375.85,1375.85,1375.85,1375.85,25,625,1281.01,1108.8,1777.75
4732,2021-03-13 12:55:00,1375.85,1375.85,1375.85,1375.85,25,625,1281.01,1108.8,1777.75
4733,2021-03-13 12:56:00,1375.85,1375.85,1375.85,1375.85,25,625,1281.01,1108.8,1777.75
4734,2021-03-13 12:57:00,1375.85,1375.85,1375.85,1375.85,25,625,1281.01,1108.8,1777.75
4735,2021-03-13 12:58:00,1375.85,1375.85,1375.85,1375.85,25,625,1281.01,1108.8,1777.75
4736,2021-03-13 12:59:00,1375.85,1375.85,1375.85,1375.85,25,625,1281.01,1108.8,1777.75
4737,2021-03-13 13:00:00,1375.85,1375.85,1375.85,1375.85,25,625,1281.01,1108.8,1777.75
4738,2021-03-13 13:01:00,1375.85,1375.85,1375.85,1375.85,25,625,1281.01,1108.8,1777.75
4739,2021-03-13 13:02:00,1375.85,1375.85,1375.85,1375.85,25,625,1281.01,1108.8,1777.75
4740,2021-03-13 13:03:00,1375.85,1375.85,1375.85,1375.85,25,625,1281.01,1108.8,1777.75
4741,2021-03-13 13:04:00,1375.85,1375.85,1375.85,1375.85,25,625,1281.01,1108.8,1777.75
4742,2021-03-13 13:05:00,1375.85,1375.85,1375.85,1375.85,25,625,1281.01,1108.8,1777.75
4743,2021-03-13 13:06:00,1375.85,1375.85,1375.85,1375.85,25,625,1281.01,1108.8,1777.75
4744,2021-03-13 13:07:00,1375.85,1375.85,1375.85,1375.85,25,625,1281.01,1108.8,1777.75
4745,2021-03-13 13:08:00,1375.85,1375.85,1375.85,1375.85,25,625,1281.01,1108.8,1777.75
4746,2021-03-13 13:09:00,1375.85,1375.85,1375.85,1375.85,25,625,1281.01,1108.8,1777.75
4747,2021-03-13 13:10:00,1375.85,1375.85,1375.85,1375.85,25,625,1281.01,1108.8,1777.75
4748,2021-03-13 13:11:00,1375.85,1375.85,1375.85,1375.85,25,625,1281.01,1108.8,1777.75
4749,2021-03-13 13:12:00,1375.85,1375.85,1375.85,1375.85,25,625,1281.01,1108.8,1777.75
4750,2021-03-13 13:13:00,1375.85,1375.85,1375.85,1375.85,25,625,1281.01,1108.8,1777.75
4751,2021-03-13 13:14:00,1375.85,1375.85,1375.85,1375.85,25,625,1281.01,1108.8,1777.75
4752,2021-03-13 13:15:00,1375.85,1375.85,1375.85,1375.85,25,625,1281.01,1108.8,1777.75
4753,2021-03-13 13:16:00,1375.85,1375.85,1375.85,1375.85,25,625,1281.01,1108.8,1777.75
4754,2021-03-13 13:17:00,1375.85,1375.85,1375.85,1375.85,25,625,1281.01,1108.8,1777.75
4755,2021-03-13 13:18:00,1375.85,1375.85,1375.85,1375.85,25,625,1281.01,1108.8,1777.75
4756,2021-03-13 13:19:00,1375.85,1375.85,1375.85,1375.85,25,625,1281.01,1108.8,1777.75
4757,2021-03-13 13:20:00,1375.85,1375.85,1375.85,1375.85,25,625,1281.01,1108.8,1777.75
4758,2021-03-13 13:21:00,1375.85,1375.85,1375.85,1375.85,25,625,1281.01,1108.8,1777.75
4759,2021-03-13 13:22:00,1375.85,1375.85,1375.85,1375.85,25,625,1281.01,1108.8,1777.75
4760,2021-03-13 13:23:00,1375.85,1375.85,1375.85,1375.85,25,625,1281.01,1108.8,1777.75
4761,2021-03-13 13:24:00,1375.85,1375.85,1375.85,1375.85,25,625,1281.01,1108.8,1777.75
4762,2021-03-13 13:25:00,1375.85,1375.85,1375.85,1375.85,25,625,1281.01,1108.8,1777.75
4763,2021-03-13 13:26:00,1375.85,1375.85,1375.85,1375.85,25,625,1281.01,1108.8,1777.75
4764,2021-03-13 13:27:00,1375.85,1375.85,1375.85,1375.85,25,625,1281.01,1108.8,1777.75
4765,2021-03-13 13:28:00,1375.85,1375.85,1375.85,1375.85,25,625,1281.01,1108.8,1777.75
4766,2021-03-13 13:29:00,1375.85,1375.85,1375.85,1375.85,25,625,1281.01,1108.8,1777.75
4767,2021-03-13 13:30:00,1375.85,1375.85,1375.85,1375.85,25,625,1281.01,1108.8,1777.75
4768,2021-03-13 13:31:00,1375.85,1375.85,1375.85,1375.85,25,625,1281.01,1108.8,1777.75
4769,2021-03-13 13:32:00,1375.85,1375.85,1375.85,1375.85,25,625,1281.01,1108.8,1777.75
4770,2021-03-13 13:33:00,1375.85,1375.85,1375.85,1375.85,25,625,1281.01,1108.8,1777.75
4771,2021-03-13 13:34:00,1375.85,1375.85,1375.85,1375.85,25,625,1281.01,1108.8,1777.75
4772,2021-03-13 13:35:00,1375.85,1375.85,1375.85,1375.85,25,625,1281.01,1108.8,1777.75
4773,2021-03-13 13:36:00,1375.85,1375.85,1375.85,1375.85,25,625,1281.01,1108.8,1777.75
4774,2021-03-13 13:37:00,1375.85,1375.85,1375.85,1375.85,25,625,1281.01,1108.8,1777.75
4775,2021-03-13 13:38:00,1375.85,1375.85,1375.85,1375.85,25,625,1281.01,1108.8,1777.75
4776,2021-03-13 13:39:00,1375.85,1375.85,1375.85,1375.85,25,625,1281.01,1108.8,1777.75
4777,2021-03-13 13:40:00,1375.85,1375.85,1375.85,1375.85,25,625,1281.01,1108.8,1777.75
4778,2021-03-13 13:41:00,1375.85,1375.85,1375.85,1375.85,25,625,1281.01,1108.8,1777.75
4779,2021-03-13 13:42:00,1375.85,1375.85,1375.85,1375.85,25,625,1281.01,1108.8,1777.75
4780,2021-03-13 13:43:00,1375.85,1375.85,1375.85,1375.85,25,625,1281.01,1108.8,1777.75
4781,2021-03-13 13:44:00,1375.85,1375.85,1375.85,1375.85,25,625,1281.01,1108.8,1777.75
4782,2021-03-13 13:45:00,1375.85,1375.85,1375.85,1375.85,25,625,1281.01,1108.8,1777.75
4783,2021-03-13 13:46:00,1375.85,1375.85,1375.85,1375.85,25,625,1281.01,1108.8,1777.75
4784,2021-03-13 13:47:00,1375.85,1375.85,1375.85,1375.85,25,625,1281.01,1108.8,1777.75
4785,2021-03-13 13:48:00,1375.85,1375.85,1375.85,1375.85,25,625,1281.01,1108.8,1777.75
4786,2021-03-13 13:49:00,1375.85,1375.85,1375.85,1375.85,25,625,1281.01,1108.8,1777.75
4787,2021-03-13 13:50:00,1375.85,1375.85,1375.85,1375.85,25,625,1281.01,1108.8,1777.75
4788,2021-03-13 13:51:00,1375.85,1375.85,1375.85,1375.85,25,625,1281.01,1108.8,1777.75
4789,2021-03-13 13:52:00,1375.85,1375.85,1375.85,1375.85,25,625,1281.01,1108.8,1777.75
4790,2021-03-13 13:53:00,1375.85,1375.85,1375.85,1375.85,25,625,1281.01,1108.8,1777.75
4791,2021-03-13 13:54:00,1375.85,1375.85,1375.85,1375.85,25,625,1281.01,1108.8,1777.75
4792,2021-03-13 13:55:00,1375.85,1375.85,1375.85,1375.85,25,625,1281.01,1108.8,1777.75
4793,2021-03-13 13:56:00,1375.85,1375.85,1375.85,1375.85,25,625,1281.01,1108.8,1777.75
4794,2021-03-13 13:57:00,1375.85,1375.85,1375.85,1375.85,25,625,1281.01,1108.8,1777.75
4795,2021-03-13 13:58:00,1375.85,1375.85,1375.85,1375.85,25,625,1281.01,1108.8,1777.75
4796,2021-03-13 13:59:00,1375.85,1375.85,1375.85,1375.85,25,625,1281.01,1108.8,1777.75
4797,2021-03-13 14:00:00,1375.85,1375.85,1375.85,1375.85,25,625,1281.01,1108.8,1777.75
4798,2021-03-13 14:01:00,1375.85,1375.85,1375.85,1375.85,25,625,1281.01,1108.8,1777.75
4799,2021-03-13 14:02:00,1375.85,1375.85,1375.85,1375.85,25,625,1281.01,1108.8,1777.75
4800,2021-03-13 14:03:00,1375.85,1375.85,1375.85,1375.85,25,625,1281.01,1108.8,1777.75
4801,2021-03-13 14:04:00,1375.85,1375.85,1375.85,1375.85,25,625,1281.01,1108.8,1777.75
4802,2021-03-13 14:05:00,1375.85,1375.85,1375.85,1375.85,25,625,1281.01,1108.8,1777.75
4803,2021-03-13 14:06:00,1375.85,1375.85,1375.85,1375.85,25,625,1281.01,1108.8,1777.75
4804,2021-03-13 14:07:00,1375.85,1375.85,1375.85,1375.85,25,625,1281.01,1108.8,1777.75
4805,2021-03-13 14:08:00,1375.85,1375.85,1375.85,1375.85,25,625,1281.01,1108.8,1777.75
4806,2021-03-13 14:09:00,1375.85,1375.85,1375.85,1375.85,25,625,1281.01,1108.8,1777.75
4807,2021-03-13 14:10:00,1375.85,1375.85,1375.85,1375.85,25,625,1281.01,1108.8,1777.75
4808,2021-03-13 14:11:00,1375.85,1375.85,1375.85,1375.85,25,625,1281.01,1108.8,1777.75
4809,2021-03-13 14:12:00,1375.85,1375.85,1375.85,1375.85,25,625,1281.01,1108.8,1777.75
4810,2021-03-13 14:13:00,1375.85,1375.85,1375.85,1375.85,25,625,1281.01,1108.8,1777.75
4811,2021-03-13 14:14:00,1375.85,1375.85,1375.85,1375.85,25,625,1281.01,1108.8,1777.75
4812,2021-03-13 14:15:00,1375.85,1375.85,1375.85,1375.85,25,625,1281.01,1108.8,1777.75
4813,2021-03-13 14:16:00,1375.85,1375.85,1375.85,1375.85,25,625,1281.01,1108.8,1777.75
4814,2021-03-13 14:17:00,1375.85,1375.85,1375.85,1375.85,25,625,1281.01,1108.8,1777.75
4815,2021-03-13 14:18:00,1375.85,1375.85,1375.85,1375.85,25,625,1281.01,1108.8,1777.75
4816,2021-03-13 14:19:00,1375.85,1375.85,1375.85,1375.85,25,625,1281.01,1108.8,1777.75
4817,2021-03-13 14:20:00,1375.85,1375.85,1375.85,1375.85,25,625,1281.01,1108.8,1777.75
4818,2021-03-13 14:21:00,1375.85,1375.85,1375.85,1375.85,25,625,1281.01,1108.8,1777.75
4819,2021-03-13 14:22:00,1375.85,1375.85,1375.85,1375.85,25,625,1281.01,1108.8,1777.75
4820,2021-03-13 14:23:00,1375.85,1375.85,1375.85,1375.85,25,625,1281.01,1108.8,1777.75
4821,2021-03-13 14:24:00,1375.85,1375.85,1375.85,1375.85,25,625,1281.01,1108.8,1777.75
4822,2021-03-13 14:25:00,1375.85,1375.85,1375.85,1375.85,25,625,1281.01,1108.8,1777.75
4823,2021-03-13 14:26:00,1375.85,1375.85,1375.85,1375.85,25,625,1281.01,1108.8,1777.75
4824,2021-03-13 14:27:00,1375.85,1375.85,1375.85,1375.85,25,625,1281.01,1108.8,1777.75
4825,2021-03-13 14:28:00,1375.85,1375.85,1375.85,1375.85,25,625,1281.01,1108.8,1777.75
4826,2021-03-13 14:29:00,1375.85,1375.85,1375.85,1375.85,25,625,1281.01,1108.8,1777.75
4827,2021-03-13 14:30:00,1375.85,1375.85,1375.85,1375.85,25,625,1281.01,1108.8,1777.75
4828,2021-03-13 14:31:00,1375.85,1375.85,1375.85,1375.85,25,625,1281.01,1108.8,1777.75
4829,2021-03-13 14:32:00,1375.85,1375.85,1375.85,1375.85,25,625,1281.01,1108.8,1777.75
4830,2021-03-13 14:33:00,1375.85,1375.85,1375.85,1375.85,25,625,1281.01,1108.8,1777.75
4831,2021-03-13 14:34:00,1375.85,1375.85,1375.85,1375.85,25,625,1281.01,1108.8,1777.75
4832,2021-03-13 14:35:00,1375.85,1375.85,1375.85,1375.85,25,625,1281.01,1108.8,1777.75
4833,2021-03-13 14:36:00,1375.85,1375.85,1375.85,1375.85,25,625,1281.01,1108.8,1777.75
4834,2021-03-13 14:37:00,1375.85,1375.85,1375.85,1375.85,25,625,1281.01,1108.8,1777.75
4835,2021-03-13 14:38:00,1375.85,1375.85,1375.85,1375.85,25,625,1281.01,1108.8,1777.75
4836,2021-03-13 14:39:00,1375.85,1375.85,1375.85,1375.85,25,625,1281.01,1108.8,1777.75
4837,2021-03-13 14:40:00,1375.85,1375.85,1375.85,1375.85,25,625,1281.01,1108.8,1777.75
4838,2021-03-13 14:41:00,1375.85,1375.85,1375.85,1375.85,25,625,1281.01,1108.8,1777.75
4839,2021-03-13 14:42:00,1375.85,1375.85,1375.85,1375.85,25,625,1281.01,1108.8,1777.75
4840,2021-03-13 14:43:00,1375.85,1375.85,1375.85,1375.85,25,625,1281.01,1108.8,1777.75
4841,2021-03-13 14:44:00,1375.85,1375.85,1375.85,1375.85,25,625,1281.01,1108.8,1777.75
4842,2021-03-13 14:45:00,1375.85,1375.85,1375.85,1375.85,25,625,1281.01,1108.8,1777.75
4843,2021-03-13 14:46:00,1375.85,1375.85,1375.85,1375.85,25,625,1281.01,1108.8,1777.75
4844,2021-03-13 14:47:00,1375.85,1375.85,1375.85,1375.85,25,625,1281.01,1108.8,1777.75
4845,2021-03-13 14:48:00,1375.85,1375.85,1375.85,1375.85,25,625,1281.01,1108.8,1777.75
4846,2021-03-13 14:49:00,1375.85,1375.85,1375.85,1375.85,25,625,1281.01,1108.8,1777.75
4847,2021-03-13 14:50:00,1375.85,1375.85,1375.85,1375.85,25,625,1281.01,1108.8,1777.75
4848,2021-03-13 14:51:00,1375.85,1375.85,1375.85,1375.85,25,625,1281.01,1108.8,1777.75
4849,2021-03-13 14:52:00,1375.85,1375.85,1375.85,1375.85,25,625,1281.01,1108.8,1777.75
4850,2021-03-13 14:53:00,1375.85,1375.85,1375.85,1375.85,25,625,1281.01,1108.8,1777.75
4851,2021-03-13 14:54:00,1375.85,1375.85,1375.85,1375.85,25,625,1281.01,1108.8,1777.75
4852,2021-03-13 14:55:00,1375.85,1375.85,1375.85,1375.85,25,625,1281.01,1108.8,1777.75
4853,2021-03-13 14:56:00,1375.85,1375.85,1375.85,1375.85,25,625,1281.01,1108.8,1777.75
4854,2021-03-13 14:57:00,1375.85,1375.85,1375.85,1375.85,25,625,1281.01,1108.8,1777.75
4855,2021-03-13 14:58:00,1375.85,1375.85,1375.85,1375.85,25,625,1281.01,1108.8,1777.75
4856,2021-03-13 14:59:00,1375.85,1375.85,1375.85,1375.85,25,625,1281.01,1108.8,1777.75
4857,2021-03-13 15:00:00,1375.85,1375.85,1375.85,1375.85,25,625,1281.01,1108.8,1777.75
4858,2021-03-13 15:01:00,1375.85,1375.85,1375.85,1375.85,25,625,1281.01,1108.8,1777.75
4859,2021-03-13 15:02:00,1375.85,1375.85,1375.85,1375.85,25,625,1281.01,1108.8,1777.75
4860,2021-03-13 15:03:00,1375.85,1375.85,1375.85,1375.85,25,625,1281.01,1108.8,1777.75
4861,2021-03-13 15:04:00,1375.85,1375.85,1375.85,1375.85,25,625,1281.01,1108.8,1777.75
4862,2021-03-13 15:05:00,1375.85,1375.85,1375.85,1375.85,25,625,1281.01,1108.8,1777.75
4863,2021-03-13 15:06:00,1375.85,1375.85,1375.85,1375.85,25,625,1281.01,1108.8,1777.75
4864,2021-03-13 15:07:00,1375.85,1375.85,1375.85,1375.85,25,625,1281.01,1108.8,1777.75
4865,2021-03-13 15:08:00,1375.85,1375.85,1375.85,1375.85,25,625,1281.01,1108.8,1777.75
4866,2021-03-13 15:09:00,1375.85,1375.85,1375.85,1375.85,25,625,1281.01,1108.8,1777.75
4867,2021-03-13 15:10:00,1375.85,1375.85,1375.85,1375.85,25,625,1281.01,1108.8,1777.75
4868,2021-03-13 15:11:00,1375.85,1375.85,1375.85,1375.85,25,625,1281.01,1108.8,1777.75
4869,2021-03-13 15:12:00,1375.85,1375.85,1375.85,1375.85,25,625,1281.01,1108.8,1777.75
4870,2021-03-13 15:13:00,1375.85,1375.85,1375.85,1375.85,25,625,1281.01,1108.8,1777.75
4871,2021-03-13 15:14:00,1375.85,1375.85,1375.85,1375.85,25,625,1281.01,1108.8,1777.75
4872,2021-03-13 15:15:00,1375.85,1375.85,1375.85,1375.85,25,625,1281.01,1108.8,1777.75
4873,2021-03-13 15:16:00,1375.85,1375.85,1375.85,1375.85,25,625,1281.01,1108.8,1777.75
4874,2021-03-13 15:17:00,1375.85,1375.85,1375.85,1375.85,25,625,1281.01,1108.8,1777.75
4875,2021-03-13 15:18:00,1375.85,1375.85,1375.85,1375.85,25,625,1281.01,1108.8,1777.75
4876,2021-03-13 15:19:00,1375.85,1375.85,1375.85,1375.85,25,625,1281.01,1108.8,1777.75
4877,2021-03-13 15:20:00,1375.85,1375.85,1375.85,1375.85,25,625,1281.01,1108.8,1777.75
4878,2021-03-13 15:21:00,1375.85,1375.85,1375.85,1375.85,25,625,1281.01,1108.8,1777.75
4879,2021-03-13 15:22:00,1375.85,1375.85,1375.85,1375.85,25,625,1281.01,1108.8,1777.75
4880,2021-03-13 15:23:00,1375.85,1375.85,1375.85,1375.85,25,625,1281.01,1108.8,1777.75
4881,2021-03-13 15:24:00,1375.85,1375.85,1375.85,1375.85,25,625,1281.01,1108.8,1777.75
4882,2021-03-13 15:25:00,1375.85,1375.85,1375.85,1375.85,25,625,1281.01,1108.8,1777.75
4883,2021-03-13 15:26:00,1375.85,1375.85,1375.85,1375.85,25,625,1281.01,1108.8,1777.75
4884,2021-03-13 15:27:00,1375.85,1375.85,1375.85,1375.85,25,625,1281.01,1108.8,1777.75
4885,2021-03-13 15:28:00,1375.85,1375.85,1375.85,1375.85,25,625,1281.01,1108.8,1777.75
4886,2021-03-13 15:29:00,1375.85,1375.85,1375.85,1375.85,25,625,1281.01,1108.8,1777.75
4887,2021-03-13 15:30:00,1375.85,1375.85,1375.85,1375.85,25,625,1281.01,1108.8,1777.75
4888,2021-03-14 09:15:00,1375.85,1375.85,1375.85,1375.85,25,625,1281.01,1108.8,1777.75
4889,2021-03-14 09:16:00,1375.85,1375.85,1375.85,1375.85,25,625,1281.01,1108.8,1777.75
4890,2021-03-14 09:17:00,1375.85,1375.85,1375.85,1375.85,25,625,1281.01,1108.8,1777.75
4891,2021-03-14 09:18:00,1375.85,1375.85,1375.85,1375.85,25,625,1281.01,1108.8,1777.75
4892,2021-03-14 09:19:00,1375.85,1375.85,1375.85,1375.85,25,625,1281.01,1108.8,1777.75
4893,2021-03-14 09:20:00,1375.85,1375.85,1375.85,1375.85,25,625,1281.01,1108.8,1777.75
4894,2021-03-14 09:21:00,1375.85,1375.85,1375.85,1375.85,25,625,1281.01,1108.8,1777.75
4895,2021-03-14 09:22:00,1375.85,1375.85,1375.85,1375.85,25,625,1281.01,1108.8,1777.75
4896,2021-03-14 09:23:00,1375.85,1375.85,1375.85,1375.85,25,625,1281.01,1108.8,1777.75
4897,2021-03-14 09:24:00,1375.85,1375.85,1375.85,1375.85,25,625,1281.01,1108.8,1777.75
4898,2021-03-14 09:25:00,1375.85,1375.85,1375.85,1375.85,25,625,1281.01,1108.8,1777.75
4899,2021-03-14 09:26:00,1375.85,1375.85,1375.85,1375.85,25,625,1281.01,1108.8,1777.75
4900,2021-03-14 09:27:00,1375.85,1375.85,1375.85,1375.85,25,625,1281.01,1108.8,1777.75
4901,2021-03-14 09:28:00,1375.85,1375.85,1375.85,1375.85,25,625,1281.01,1108.8,1777.75
4902,2021-03-14 09:29:00,1375.85,1375.85,1375.85,1375.85,25,625,1281.01,1108.8,1777.75
4903,2021-03-14 09:30:00,1375.85,1375.85,1375.85,1375.85,25,625,1281.01,1108.8,1777.75
4904,2021-03-14 09:31:00,1375.85,1375.85,1375.85,1375.85,25,625,1281.01,1108.8,1777.75
4905,2021-03-14 09:32:00,1375.85,1375.85,1375.85,1375.85,25,625,1281.01,1108.8,1777.75
4906,2021-03-14 09:33:00,1375.85,1375.85,1375.85,1375.85,25,625,1281.01,1108.8,1777.75
4907,2021-03-14 09:34:00,1375.85,1375.85,1375.85,1375.85,25,625,1281.01,1108.8,1777.75
4908,2021-03-14 09:35:00,1375.85,1375.85,1375.85,1375.85,25,625,1281.01,1108.8,1777.75
4909,2021-03-14 09:36:00,1375.85,1375.85,1375.85,1375.85,25,625,1281.01,1108.8,1777.75
4910,2021-03-14 09:37:00,1375.85,1375.85,1375.85,1375.85,25,625,1281.01,1108.8,1777.75
4911,2021-03-14 09:38:00,1375.85,1375.85,1375.85,1375.85,25,625,1281.01,1108.8,1777.75
4912,2021-03-14 09:39:00,1375.85,1375.85,1375.85,1375.85,25,625,1281.01,1108.8,1777.75
4913,2021-03-14 09:40:00,1375.85,1375.85,1375.85,1375.85,25,625,1281.01,1108.8,1777.75
4914,2021-03-14 09:41:00,1375.85,1375.85,1375.85,1375.85,25,625,1281.01,1108.8,1777.75
4915,2021-03-14 09:42:00,1375.85,1375.85,1375.85,1375.85,25,625,1281.01,1108.8,1777.75
4916,2021-03-14 09:43:00,1375.85,1375.85,1375.85,1375.85,25,625,1281.01,1108.8,1777.75
4917,2021-03-14 09:44:00,1375.85,1375.85,1375.85,1375.85,25,625,1281.01,1108.8,1777.75
4918,2021-03-14 09:45:00,1375.85,1375.85,1375.85,1375.85,25,625,1281.01,1108.8,1777.75
4919,2021-03-14 09:46:00,1375.85,1375.85,1375.85,1375.85,25,625,1281.01,1108.8,1777.75
4920,2021-03-14 09:47:00,1375.85,1375.85,1375.85,1375.85,25,625,1281.01,1108.8,1777.75
4921,2021-03-14 09:48:00,1375.85,1375.85,1375.85,1375.85,25,625,1281.01,1108.8,1777.75
4922,2021-03-14 09:49:00,1375.85,1375.85,1375.85,1375.85,25,625,1281.01,1108.8,1777.75
4923,2021-03-14 09:50:00,1375.85,1375.85,1375.85,1375.85,25,625,1281.01,1108.8,1777.75
4924,2021-03-14 09:51:00,1375.85,1375.85,1375.85,1375.85,25,625,1281.01,1108.8,1777.75
4925,2021-03-14 09:52:00,1375.85,1375.85,1375.85,1375.85,25,625,1281.01,1108.8,1777.75
4926,2021-03-14 09:53:00,1375.85,1375.85,1375.85,1375.85,25,625,1281.01,1108.8,1777.75
4927,2021-03-14 09:54:00,1375.85,1375.85,1375.85,1375.85,25,625,1281.01,1108.8,1777.75
4928,2021-03-14 09:55:00,1375.85,1375.85,1375.85,1375.85,25,625,1281.01,1108.8,1777.75
4929,2021-03-14 09:56:00,1375.85,1375.85,1375.85,1375.85,25,625,1281.01,1108.8,1777.75
4930,2021-03-14 09:57:00,1375.85,1375.85,1375.85,1375.85,25,625,1281.01,1108.8,1777.75
4931,2021-03-14 09:58:00,1375.85,1375.85,1375.85,1375.85,25,625,1281.01,1108.8,1777.75
4932,2021-03-14 09:59:00,1375.85,1375.85,1375.85,1375.85,25,625,1281.01,1108.8,1777.75
4933,2021-03-14 10:00:00,1375.85,1375.85,1375.85,1375.85,25,625,1281.01,1108.8,1777.75
4934,2021-03-14 10:01:00,1375.85,1375.85,1375.85,1375.85,25,625,1281.01,1108.8,1777.75
4935,2021-03-14 10:02:00,1375.85,1375.85,1375.85,1375.85,25,625,1281.01,1108.8,1777.75
4936,2021-03-14 10:03:00,1375.85,1375.85,1375.85,1375.85,25,625,1281.01,1108.8,1777.75
4937,2021-03-14 10:04:00,1375.85,1375.85,1375.85,1375.85,25,625,1281.01,1108.8,1777.75
4938,2021-03-14 10:05:00,1375.85,1375.85,1375.85,1375.85,25,625,1281.01,1108.8,1777.75
4939,2021-03-14 10:06:00,1375.85,1375.85,1375.85,1375.85,25,625,1281.01,1108.8,1777.75
4940,2021-03-14 10:07:00,1375.85,1375.85,1375.85,1375.85,25,625,1281.01,1108.8,1777.75
4941,2021-03-14 10:08:00,1375.85,1375.85,1375.85,1375.85,25,625,1281.01,1108.8,1777.75
4942,2021-03-14 10:09:00,1375.85,1375.85,1375.85,1375.85,25,625,1281.01,1108.8,1777.75
4943,2021-03-14 10:10:00,1375.85,1375.85,1375.85,1375.85,25,625,1281.01,1108.8,1777.75
4944,2021-03-14 10:11:00,1375.85,1375.85,1375.85,1375.85,25,625,1281.01,1108.8,1777.75
4945,2021-03-14 10:12:00,1375.85,1375.85,1375.85,1375.85,25,625,1281.01,1108.8,1777.75
4946,2021-03-14 10:13:00,1375.85,1375.85,1375.85,1375.85,25,625,1281.01,1108.8,1777.75
4947,2021-03-14 10:14:00,1375.85,1375.85,1375.85,1375.85,25,625,1281.01,1108.8,1777.75
4948,2021-03-14 10:15:00,1375.85,1375.85,1375.85,1375.85,25,625,1281.01,1108.8,1777.75
4949,2021-03-14 10:16:00,1375.85,1375.85,1375.85,1375.85,25,625,1281.01,1108.8,1777.75
4950,2021-03-14 10:17:00,1375.85,1375.85,1375.85,1375.85,25,625,1281.01,1108.8,1777.75
4951,2021-03-14 10:18:00,1375.85,1375.85,1375.85,1375.85,25,625,1281.01,1108.8,1777.75
4952,2021-03-14 10:19:00,1375.85,1375.85,1375.85,1375.85,25,625,1281.01,1108.8,1777.75
4953,2021-03-14 10:20:00,1375.85,1375.85,1375.85,1375.85,25,625,1281.01,1108.8,1777.75
4954,2021-03-14 10:21:00,1375.85,1375.85,1375.85,1375.85,25,625,1281.01,1108.8,1777.75
4955,2021-03-14 10:22:00,1375.85,1375.85,1375.85,1375.85,25,625,1281.01,1108.8,1777.75
4956,2021-03-14 10:23:00,1375.85,1375.85,1375.85,1375.85,25,625,1281.01,1108.8,1777.75
4957,2021-03-14 10:24:00,1375.85,1375.85,1375.85,1375.85,25,625,1281.01,1108.8,1777.75
4958,2021-03-14 10:25:00,1375.85,1375.85,1375.85,1375.85,25,625,1281.01,1108.8,1777.75
4959,2021-03-14 10:26:00,1375.85,1375.85,1375.85,1375.85,25,625,1281.01,1108.8,1777.75
4960,2021-03-14 10:27:00,1375.85,1375.85,1375.85,1375.85,25,625,1281.01,1108.8,1777.75
4961,2021-03-14 10:28:00,1375.85,1375.85,1375.85,1375.85,25,625,1281.01,1108.8,1777.75
4962,2021-03-14 10:29:00,1375.85,1375.85,1375.85,1375.85,25,625,1281.01,1108.8,1777.75
4963,2021-03-14 10:30:00,1375.85,1375.85,1375.85,1375.85,25,625,1281.01,1108.8,1777.75
4964,2021-03-14 10:31:00,1375.85,1375.85,1375.85,1375.85,25,625,1281.01,1108.8,1777.75
4965,2021-03-14 10:32:00,1375.85,1375.85,1375.85,1375.85,25,625,1281.01,1108.8,1777.75
4966,2021-03-14 10:33:00,1375.85,1375.85,1375.85,1375.85,25,625,1281.01,1108.8,1777.75
4967,2021-03-14 10:34:00,1375.85,1375.85,1375.85,1375.85,25,625,1281.01,1108.8,1777.75
4968,2021-03-14 10:35:00,1375.85,1375.85,1375.85,1375.85,25,625,1281.01,1108.8,1777.75
4969,2021-03-14 10:36:00,1375.85,1375.85,1375.85,1375.85,25,625,1281.01,1108.8,1777.75
4970,2021-03-14 10:37:00,1375.85,1375.85,1375.85,1375.85,25,625,1281.01,1108.8,1777.75
4971,2021-03-14 10:38:00,1375.85,1375.85,1375.85,1375.85,25,625,1281.01,1108.8,1777.75
4972,2021-03-14 10:39:00,1375.85,1375.85,1375.85,1375.85,25,625,1281.01,1108.8,1777.75
4973,2021-03-14 10:40:00,1375.85,1375.85,1375.85,1375.85,25,625,1281.01,1108.8,1777.75
4974,2021-03-14 10:41:00,1375.85,1375.85,1375.85,1375.85,25,625,1281.01,1108.8,1777.75
4975,2021-03-14 10:42:00,1375.85,1375.85,1375.85,1375.85,25,625,1281.01,1108.8,1777.75
4976,2021-03-14 10:43:00,1375.85,1375.85,1375.85,1375.85,25,625,1281.01,1108.8,1777.75
4977,2021-03-14 10:44:00,1375.85,1375.85,1375.85,1375.85,25,625,1281.01,1108.8,1777.75
4978,2021-03-14 10:45:00,1375.85,1375.85,1375.85,1375.85,25,625,1281.01,1108.8,1777.75
4979,2021-03-14 10:46:00,1375.85,1375.85,1375.85,1375.85,25,625,1281.01,1108.8,1777.75
4980,2021-03-14 10:47:00,1375.85,1375.85,1375.85,1375.85,25,625,1281.01,1108.8,1777.75
4981,2021-03-14 10:48:00,1375.85,1375.85,1375.85,1375.85,25,625,1281.01,1108.8,1777.75
4982,2021-03-14 10:49:00,1375.85,1375.85,1375.85,1375.85,25,625,1281.01,1108.8,1777.75
4983,2021-03-14 10:50:00,1375.85,1375.85,1375.85,1375.85,25,625,1281.01,1108.8,1777.75
4984,2021-03-14 10:51:00,1375.85,1375.85,1375.85,1375.85,25,625,1281.01,1108.8,1777.75
4985,2021-03-14 10:52:00,1375.85,1375.85,1375.85,1375.85,25,625,1281.01,1108.8,1777.75
4986,2021-03-14 10:53:00,1375.85,1375.85,1375.85,1375.85,25,625,1281.01,1108.8,1777.75
4987,2021-03-14 10:54:00,1375.85,1375.85,1375.85,1375.85,25,625,1281.01,1108.8,1777.75
4988,2021-03-14 10:55:00,1375.85,1375.85,1375.85,1375.85,25,625,1281.01,1108.8,1777.75
4989,2021-03-14 10:56:00,1375.85,1375.85,1375.85,1375.85,25,625,1281.01,1108.8,1777.75
4990,2021-03-14 10:57:00,1375.85,1375.85,1375.85,1375.85,25,625,1281.01,1108.8,1777.75
4991,2021-03-14 10:58:00,1375.85,1375.85,1375.85,1375.85,25,625,1281.01,1108.8,1777.75
4992,2021-03-14 10:59:00,1375.85,1375.85,1375.85,1375.85,25,625,1281.01,1108.8,1777.75
4993,2021-03-14 11:00:00,1375.85,1375.85,1375.85,1375.85,25,625,1281.01,1108.8,1777.75
4994,2021-03-14 11:01:00,1375.85,1375.85,1375.85,1375.85,25,625,1281.01,1108.8,1777.75
4995,2021-03-14 11:02:00,1375.85,1375.85,1375.85,1375.85,25,625,1281.01,1108.8,1777.75
4996,2021-03-14 11:03:00,1375.85,1375.85,1375.85,1375.85,25,625,1281.01,1108.8,1777.75
4997,2021-03-14 11:04:00,1375.85,1375.85,1375.85,1375.85,25,625,1281.01,1108.8,1777.75
4998,2021-03-14 11:05:00,1375.85,1375.85,1375.85,1375.85,25,625,1281.01,1108.8,1777.75
4999,2021-03-14 11:06:00,1375.85,1375.85,1375.85,1375.85,25,625,1281.01,1108.8,1777.75
5000,2021-03-14 11:07:00,1375.85,1375.85,1375.85,1375.85,25,625,1281.01,1108.8,1777.75
5001,2021-03-14 11:08:00,1375.85,1375.85,1375.85,1375.85,25,625,1281.01,1108.8,1777.75
5002,2021-03-14 11:09:00,1375.85,1375.85,1375.85,1375.85,25,625,1281.01,1108.8,1777.75
5003,2021-03-14 11:10:00,1375.85,1375.85,1375.85,1375.85,25,625,1281.01,1108.8,1777.75
5004,2021-03-14 11:11:00,1375.85,1375.85,1375.85,1375.85,25,625,1281.01,1108.8,1777.75
5005,2021-03-14 11:12:00,1375.85,1375.85,1375.85,1375.85,25,625,1281.01,1108.8,1777.75
5006,2021-03-14 11:13:00,1375.85,1375.85,1375.85,1375.85,25,625,1281.01,1108.8,1777.75
5007,2021-03-14 11:14:00,1375.85,1375.85,1375.85,1375.85,25,625,1281.01,1108.8,1777.75
5008,2021-03-14 11:15:00,1375.85,1375.85,1375.85,1375.85,25,625,1281.01,1108.8,1777.75
5009,2021-03-14 11:16:00,1375.85,1375.85,1375.85,1375.85,25,625,1281.01,1108.8,1777.75
5010,2021-03-14 11:17:00,1375.85,1375.85,1375.85,1375.85,25,625,1281.01,1108.8,1777.75
5011,2021-03-14 11:18:00,1375.85,1375.85,1375.85,1375.85,25,625,1281.01,1108.8,1777.75
5012,2021-03-14 11:19:00,1375.85,1375.85,1375.85,1375.85,25,625,1281.01,1108.8,1777.75
5013,2021-03-14 11:20:00,1375.85,1375.85,1375.85,1375.85,25,625,1281.01,1108.8,1777.75
5014,2021-03-14 11:21:00,1375.85,1375.85,1375.85,1375.85,25,625,1281.01,1108.8,1777.75
5015,2021-03-14 11:22:00,1375.85,1375.85,1375.85,1375.85,25,625,1281.01,1108.8,1777.75
5016,2021-03-14 11:23:00,1375.85,1375.85,1375.85,1375.85,25,625,1281.01,1108.8,1777.75
5017,2021-03-14 11:24:00,1375.85,1375.85,1375.85,1375.85,25,625,1281.01,1108.8,1777.75
5018,2021-03-14 11:25:00,1375.85,1375.85,1375.85,1375.85,25,625,1281.01,1108.8,1777.75
5019,2021-03-14 11:26:00,1375.85,1375.85,1375.85,1375.85,25,625,1281.01,1108.8,1777.75
5020,2021-03-14 11:27:00,1375.85,1375.85,1375.85,1375.85,25,625,1281.01,1108.8,1777.75
5021,2021-03-14 11:28:00,1375.85,1375.85,1375.85,1375.85,25,625,1281.01,1108.8,1777.75
5022,2021-03-14 11:29:00,1375.85,1375.85,1375.85,1375.85,25,625,1281.01,1108.8,1777.75
5023,2021-03-14 11:30:00,1375.85,1375.85,1375.85,1375.85,25,625,1281.01,1108.8,1777.75
5024,2021-03-14 11:31:00,1375.85,1375.85,1375.85,1375.85,25,625,1281.01,1108.8,1777.75
5025,2021-03-14 11:32:00,1375.85,1375.85,1375.85,1375.85,25,625,1281.01,1108.8,1777.75
5026,2021-03-14 11:33:00,1375.85,1375.85,1375.85,1375.85,25,625,1281.01,1108.8,1777.75
5027,2021-03-14 11:34:00,1375.85,1375.85,1375.85,1375.85,25,625,1281.01,1108.8,1777.75
5028,2021-03-14 11:35:00,1375.85,1375.85,1375.85,1375.85,25,625,1281.01,1108.8,1777.75
5029,2021-03-14 11:36:00,1375.85,1375.85,1375.85,1375.85,25,625,1281.01,1108.8,1777.75
5030,2021-03-14 11:37:00,1375.85,1375.85,1375.85,1375.85,25,625,1281.01,1108.8,1777.75
5031,2021-03-14 11:38:00,1375.85,1375.85,1375.85,1375.85,25,625,1281.01,1108.8,1777.75
5032,2021-03-14 11:39:00,1375.85,1375.85,1375.85,1375.85,25,625,1281.01,1108.8,1777.75
5033,2021-03-14 11:40:00,1375.85,1375.85,1375.85,1375.85,25,625,1281.01,1108.8,1777.75
5034,2021-03-14 11:41:00,1375.85,1375.85,1375.85,1375.85,25,625,1281.01,1108.8,1777.75
5035,2021-03-14 11:42:00,1375.85,1375.85,1375.85,1375.85,25,625,1281.01,1108.8,1777.75
5036,2021-03-14 11:43:00,1375.85,1375.85,1375.85,1375.85,25,625,1281.01,1108.8,1777.75
5037,2021-03-14 11:44:00,1375.85,1375.85,1375.85,1375.85,25,625,1281.01,1108.8,1777.75
5038,2021-03-14 11:45:00,1375.85,1375.85,1375.85,1375.85,25,625,1281.01,1108.8,1777.75
5039,2021-03-14 11:46:00,1375.85,1375.85,1375.85,1375.85,25,625,1281.01,1108.8,1777.75
5040,2021-03-14 11:47:00,1375.85,1375.85,1375.85,1375.85,25,625,1281.01,1108.8,1777.75
5041,2021-03-14 11:48:00,1375.85,1375.85,1375.85,1375.85,25,625,1281.01,1108.8,1777.75
5042,2021-03-14 11:49:00,1375.85,1375.85,1375.85,1375.85,25,625,1281.01,1108.8,1777.75
5043,2021-03-14 11:50:00,1375.85,1375.85,1375.85,1375.85,25,625,1281.01,1108.8,1777.75
5044,2021-03-14 11:51:00,1375.85,1375.85,1375.85,1375.85,25,625,1281.01,1108.8,1777.75
5045,2021-03-14 11:52:00,1375.85,1375.85,1375.85,1375.85,25,625,1281.01,1108.8,1777.75
5046,2021-03-14 11:53:00,1375.85,1375.85,1375.85,1375.85,25,625,1281.01,1108.8,1777.75
5047,2021-03-14 11:54:00,1375.85,1375.85,1375.85,1375.85,25,625,1281.01,1108.8,1777.75
5048,2021-03-14 11:55:00,1375.85,1375.85,1375.85,1375.85,25,625,1281.01,1108.8,1777.75
5049,2021-03-14 11:56:00,1375.85,1375.85,1375.85,1375.85,25,625,1281.01,1108.8,1777.75
5050,2021-03-14 11:57:00,1375.85,1375.85,1375.85,1375.85,25,625,1281.01,1108.8,1777.75
5051,2021-03-14 11:58:00,1375.85,1375.85,1375.85,1375.85,25,625,1281.01,1108.8,1777.75
5052,2021-03-14 11:59:00,1375.85,1375.85,1375.85,1375.85,25,625,1281.01,1108.8,1777.75
5053,2021-03-14 12:00:00,1375.85,1375.85,1375.85,1375.85,25,625,1281.01,1108.8,1777.75
5054,2021-03-14 12:01:00,1375.85,1375.85,1375.85,1375.85,25,625,1281.01,1108.8,1777.75
5055,2021-03-14 12:02:00,1375.85,1375.85,1375.85,1375.85,25,625,1281.01,1108.8,1777.75
5056,2021-03-14 12:03:00,1375.85,1375.85,1375.85,1375.85,25,625,1281.01,1108.8,1777.75
5057,2021-03-14 12:04:00,1375.85,1375.85,1375.85,1375.85,25,625,1281.01,1108.8,1777.75
5058,2021-03-14 12:05:00,1375.85,1375.85,1375.85,1375.85,25,625,1281.01,1108.8,1777.75
5059,2021-03-14 12:06:00,1375.85,1375.85,1375.85,1375.85,25,625,1281.01,1108.8,1777.75
5060,2021-03-14 12:07:00,1375.85,1375.85,1375.85,1375.85,25,625,1281.01,1108.8,1777.75
5061,2021-03-14 12:08:00,1375.85,1375.85,1375.85,1375.85,25,625,1281.01,1108.8,1777.75
5062,2021-03-14 12:09:00,1375.85,1375.85,1375.85,1375.85,25,625,1281.01,1108.8,1777.75
5063,2021-03-14 12:10:00,1375.85,1375.85,1375.85,1375.85,25,625,1281.01,1108.8,1777.75
5064,2021-03-14 12:11:00,1375.85,1375.85,1375.85,1375.85,25,625,1281.01,1108.8,1777.75
5065,2021-03-14 12:12:00,1375.85,1375.85,1375.85,1375.85,25,625,1281.01,1108.8,1777.75
5066,2021-03-14 12:13:00,1375.85,1375.85,1375.85,1375.85,25,625,1281.01,1108.8,1777.75
5067,2021-03-14 12:14:00,1375.85,1375.85,1375.85,1375.85,25,625,1281.01,1108.8,1777.75
5068,2021-03-14 12:15:00,1375.85,1375.85,1375.85,1375.85,25,625,1281.01,1108.8,1777.75
5069,2021-03-14 12:16:00,1375.85,1375.85,1375.85,1375.85,25,625,1281.01,1108.8,1777.75
5070,2021-03-14 12:17:00,1375.85,1375.85,1375.85,1375.85,25,625,1281.01,1108.8,1777.75
5071,2021-03-14 12:18:00,1375.85,1375.85,1375.85,1375.85,25,625,1281.01,1108.8,1777.75
5072,2021-03-14 12:19:00,1375.85,1375.85,1375.85,1375.85,25,625,1281.01,1108.8,1777.75
5073,2021-03-14 12:20:00,1375.85,1375.85,1375.85,1375.85,25,625,1281.01,1108.8,1777.75
5074,2021-03-14 12:21:00,1375.85,1375.85,1375.85,1375.85,25,625,1281.01,1108.8,1777.75
5075,2021-03-14 12:22:00,1375.85,1375.85,1375.85,1375.85,25,625,1281.01,1108.8,1777.75
5076,2021-03-14 12:23:00,1375.85,1375.85,1375.85,1375.85,25,625,1281.01,1108.8,1777.75
5077,2021-03-14 12:24:00,1375.85,1375.85,1375.85,1375.85,25,625,1281.01,1108.8,1777.75
5078,2021-03-14 12:25:00,1375.85,1375.85,1375.85,1375.85,25,625,1281.01,1108.8,1777.75
5079,2021-03-14 12:26:00,1375.85,1375.85,1375.85,1375.85,25,625,1281.01,1108.8,1777.75
5080,2021-03-14 12:27:00,1375.85,1375.85,1375.85,1375.85,25,625,1281.01,1108.8,1777.75
5081,2021-03-14 12:28:00,1375.85,1375.85,1375.85,1375.85,25,625,1281.01,1108.8,1777.75
5082,2021-03-14 12:29:00,1375.85,1375.85,1375.85,1375.85,25,625,1281.01,1108.8,1777.75
5083,2021-03-14 12:30:00,1375.85,1375.85,1375.85,1375.85,25,625,1281.01,1108.8,1777.75
5084,2021-03-14 12:31:00,1375.85,1375.85,1375.85,1375.85,25,625,1281.01,1108.8,1777.75
5085,2021-03-14 12:32:00,1375.85,1375.85,1375.85,1375.85,25,625,1281.01,1108.8,1777.75
5086,2021-03-14 12:33:00,1375.85,1375.85,1375.85,1375.85,25,625,1281.01,1108.8,1777.75
5087,2021-03-14 12:34:00,1375.85,1375.85,1375.85,1375.85,25,625,1281.01,1108.8,1777.75
5088,2021-03-14 12:35:00,1375.85,1375.85,1375.85,1375.85,25,625,1281.01,1108.8,1777.75
5089,2021-03-14 12:36:00,1375.85,1375.85,1375.85,1375.85,25,625,1281.01,1108.8,1777.75
5090,2021-03-14 12:37:00,1375.85,1375.85,1375.85,1375.85,25,625,1281.01,1108.8,1777.75
5091,2021-03-14 12:38:00,1375.85,1375.85,1375.85,1375.85,25,625,1281.01,1108.8,1777.75
5092,2021-03-14 12:39:00,1375.85,1375.85,1375.85,1375.85,25,625,1281.01,1108.8,1777.75
5093,2021-03-14 12:40:00,1375.85,1375.85,1375.85,1375.85,25,625,1281.01,1108.8,1777.75
5094,2021-03-14 12:41:00,1375.85,1375.85,1375.85,1375.85,25,625,1281.01,1108.8,1777.75
5095,2021-03-14 12:42:00,1375.85,1375.85,1375.85,1375.85,25,625,1281.01,1108.8,1777.75
5096,2021-03-14 12:43:00,1375.85,1375.85,1375.85,1375.85,25,625,1281.01,1108.8,1777.75
5097,2021-03-14 12:44:00,1375.85,1375.85,1375.85,1375.85,25,625,1281.01,1108.8,1777.75
5098,2021-03-14 12:45:00,1375.85,1375.85,1375.85,1375.85,25,625,1281.01,1108.8,1777.75
5099,2021-03-14 12:46:00,1375.85,1375.85,1375.85,1375.85,25,625,1281.01,1108.8,1777.75
5100,2021-03-14 12:47:00,1375.85,1375.85,1375.85,1375.85,25,625,1281.01,1108.8,1777.75
5101,2021-03-14 12:48:00,1375.85,1375.85,1375.85,1375.85,25,625,1281.01,1108.8,1777.75
5102,2021-03-14 12:49:00,1375.85,1375.85,1375.85,1375.85,25,625,1281.01,1108.8,1777.75
5103,2021-03-14 12:50:00,1375.85,1375.85,1375.85,1375.85,25,625,1281.01,1108.8,1777.75
5104,2021-03-14 12:51:00,1375.85,1375.85,1375.85,1375.85,25,625,1281.01,1108.8,1777.75
5105,2021-03-14 12:52:00,1375.85,1375.85,1375.85,1375.85,25,625,1281.01,1108.8,1777.75
5106,2021-03-14 12:53:00,1375.85,1375.85,1375.85,1375.85,25,625,1281.01,1108.8,1777.75
5107,2021-03-14 12:54:00,1375.85,1375.85,1375.85,1375.85,25,625,1281.01,1108.8,1777.75
5108,2021-03-14 12:55:00,1375.85,1375.85,1375.85,1375.85,25,625,1281.01,1108.8,1777.75
5109,2021-03-14 12:56:00,1375.85,1375.85,1375.85,1375.85,25,625,1281.01,1108.8,1777.75
5110,2021-03-14 12:57:00,1375.85,1375.85,1375.85,1375.85,25,625,1281.01,1108.8,1777.75
5111,2021-03-14 12:58:00,1375.85,1375.85,1375.85,1375.85,25,625,1281.01,1108.8,1777.75
5112,2021-03-14 12:59:00,1375.85,1375.85,1375.85,1375.85,25,625,1281.01,1108.8,1777.75
5113,2021-03-14 13:00:00,1375.85,1375.85,1375.85,1375.85,25,625,1281.01,1108.8,1777.75
5114,2021-03-14 13:01:00,1375.85,1375.85,1375.85,1375.85,25,625,1281.01,1108.8,1777.75
5115,2021-03-14 13:02:00,1375.85,1375.85,1375.85,1375.85,25,625,1281.01,1108.8,1777.75
5116,2021-03-14 13:03:00,1375.85,1375.85,1375.85,1375.85,25,625,1281.01,1108.8,1777.75
5117,2021-03-14 13:04:00,1375.85,1375.85,1375.85,1375.85,25,625,1281.01,1108.8,1777.75
5118,2021-03-14 13:05:00,1375.85,1375.85,1375.85,1375.85,25,625,1281.01,1108.8,1777.75
5119,2021-03-14 13:06:00,1375.85,1375.85,1375.85,1375.85,25,625,1281.01,1108.8,1777.75
5120,2021-03-14 13:07:00,1375.85,1375.85,1375.85,1375.85,25,625,1281.01,1108.8,1777.75
5121,2021-03-14 13:08:00,1375.85,1375.85,1375.85,1375.85,25,625,1281.01,1108.8,1777.75
5122,2021-03-14 13:09:00,1375.85,1375.85,1375.85,1375.85,25,625,1281.01,1108.8,1777.75
5123,2021-03-14 13:10:00,1375.85,1375.85,1375.85,1375.85,25,625,1281.01,1108.8,1777.75
5124,2021-03-14 13:11:00,1375.85,1375.85,1375.85,1375.85,25,625,1281.01,1108.8,1777.75
5125,2021-03-14 13:12:00,1375.85,1375.85,1375.85,1375.85,25,625,1281.01,1108.8,1777.75
5126,2021-03-14 13:13:00,1375.85,1375.85,1375.85,1375.85,25,625,1281.01,1108.8,1777.75
5127,2021-03-14 13:14:00,1375.85,1375.85,1375.85,1375.85,25,625,1281.01,1108.8,1777.75
5128,2021-03-14 13:15:00,1375.85,1375.85,1375.85,1375.85,25,625,1281.01,1108.8,1777.75
5129,2021-03-14 13:16:00,1375.85,1375.85,1375.85,1375.85,25,625,1281.01,1108.8,1777.75
5130,2021-03-14 13:17:00,1375.85,1375.85,1375.85,1375.85,25,625,1281.01,1108.8,1777.75
5131,2021-03-14 13:18:00,1375.85,1375.85,1375.85,1375.85,25,625,1281.01,1108.8,1777.75
5132,2021-03-14 13:19:00,1375.85,1375.85,1375.85,1375.85,25,625,1281.01,1108.8,1777.75
5133,2021-03-14 13:20:00,1375.85,1375.85,1375.85,1375.85,25,625,1281.01,1108.8,1777.75
5134,2021-03-14 13:21:00,1375.85,1375.85,1375.85,1375.85,25,625,1281.01,1108.8,1777.75
5135,2021-03-14 13:22:00,1375.85,1375.85,1375.85,1375.85,25,625,1281.01,1108.8,1777.75
5136,2021-03-14 13:23:00,1375.85,1375.85,1375.85,1375.85,25,625,1281.01,1108.8,1777.75
5137,2021-03-14 13:24:00,1375.85,1375.85,1375.85,1375.85,25,625,1281.01,1108.8,1777.75
5138,2021-03-14 13:25:00,1375.85,1375.85,1375.85,1375.85,25,625,1281.01,1108.8,1777.75
5139,2021-03-14 13:26:00,1375.85,1375.85,1375.85,1375.85,25,625,1281.01,1108.8,1777.75
5140,2021-03-14 13:27:00,1375.85,1375.85,1375.85,1375.85,25,625,1281.01,1108.8,1777.75
5141,2021-03-14 13:28:00,1375.85,1375.85,1375.85,1375.85,25,625,1281.01,1108.8,1777.75
5142,2021-03-14 13:29:00,1375.85,1375.85,1375.85,1375.85,25,625,1281.01,1108.8,1777.75
5143,2021-03-14 13:30:00,1375.85,1375.85,1375.85,1375.85,25,625,1281.01,1108.8,1777.75
5144,2021-03-14 13:31:00,1375.85,1375.85,1375.85,1375.85,25,625,1281.01,1108.8,1777.75
5145,2021-03-14 13:32:00,1375.85,1375.85,1375.85,1375.85,25,625,1281.01,1108.8,1777.75
5146,2021-03-14 13:33:00,1375.85,1375.85,1375.85,1375.85,25,625,1281.01,1108.8,1777.75
5147,2021-03-14 13:34:00,1375.85,1375.85,1375.85,1375.85,25,625,1281.01,1108.8,1777.75
5148,2021-03-14 13:35:00,1375.85,1375.85,1375.85,1375.85,25,625,1281.01,1108.8,1777.75
5149,2021-03-14 13:36:00,1375.85,1375.85,1375.85,1375.85,25,625,1281.01,1108.8,1777.75
5150,2021-03-14 13:37:00,1375.85,1375.85,1375.85,1375.85,25,625,1281.01,1108.8,1777.75
5151,2021-03-14 13:38:00,1375.85,1375.85,1375.85,1375.85,25,625,1281.01,1108.8,1777.75
5152,2021-03-14 13:39:00,1375.85,1375.85,1375.85,1375.85,25,625,1281.01,1108.8,1777.75
5153,2021-03-14 13:40:00,1375.85,1375.85,1375.85,1375.85,25,625,1281.01,1108.8,1777.75
5154,2021-03-14 13:41:00,1375.85,1375.85,1375.85,1375.85,25,625,1281.01,1108.8,1777.75
5155,2021-03-14 13:42:00,1375.85,1375.85,1375.85,1375.85,25,625,1281.01,1108.8,1777.75
5156,2021-03-14 13:43:00,1375.85,1375.85,1375.85,1375.85,25,625,1281.01,1108.8,1777.75
5157,2021-03-14 13:44:00,1375.85,1375.85,1375.85,1375.85,25,625,1281.01,1108.8,1777.75
5158,2021-03-14 13:45:00,1375.85,1375.85,1375.85,1375.85,25,625,1281.01,1108.8,1777.75
5159,2021-03-14 13:46:00,1375.85,1375.85,1375.85,1375.85,25,625,1281.01,1108.8,1777.75
5160,2021-03-14 13:47:00,1375.85,1375.85,1375.85,1375.85,25,625,1281.01,1108.8,1777.75
5161,2021-03-14 13:48:00,1375.85,1375.85,1375.85,1375.85,25,625,1281.01,1108.8,1777.75
5162,2021-03-14 13:49:00,1375.85,1375.85,1375.85,1375.85,25,625,1281.01,1108.8,1777.75
5163,2021-03-14 13:50:00,1375.85,1375.85,1375.85,1375.85,25,625,1281.01,1108.8,1777.75
5164,2021-03-14 13:51:00,1375.85,1375.85,1375.85,1375.85,25,625,1281.01,1108.8,1777.75
5165,2021-03-14 13:52:00,1375.85,1375.85,1375.85,1375.85,25,625,1281.01,1108.8,1777.75
5166,2021-03-14 13:53:00,1375.85,1375.85,1375.85,1375.85,25,625,1281.01,1108.8,1777.75
5167,2021-03-14 13:54:00,1375.85,1375.85,1375.85,1375.85,25,625,1281.01,1108.8,1777.75
5168,2021-03-14 13:55:00,1375.85,1375.85,1375.85,1375.85,25,625,1281.01,1108.8,1777.75
5169,2021-03-14 13:56:00,1375.85,1375.85,1375.85,1375.85,25,625,1281.01,1108.8,1777.75
5170,2021-03-14 13:57:00,1375.85,1375.85,1375.85,1375.85,25,625,1281.01,1108.8,1777.75
5171,2021-03-14 13:58:00,1375.85,1375.85,1375.85,1375.85,25,625,1281.01,1108.8,1777.75
5172,2021-03-14 13:59:00,1375.85,1375.85,1375.85,1375.85,25,625,1281.01,1108.8,1777.75
5173,2021-03-14 14:00:00,1375.85,1375.85,1375.85,1375.85,25,625,1281.01,1108.8,1777.75
5174,2021-03-14 14:01:00,1375.85,1375.85,1375.85,1375.85,25,625,1281.01,1108.8,1777.75
5175,2021-03-14 14:02:00,1375.85,1375.85,1375.85,1375.85,25,625,1281.01,1108.8,1777.75
5176,2021-03-14 14:03:00,1375.85,1375.85,1375.85,1375.85,25,625,1281.01,1108.8,1777.75
5177,2021-03-14 14:04:00,1375.85,1375.85,1375.85,1375.85,25,625,1281.01,1108.8,1777.75
5178,2021-03-14 14:05:00,1375.85,1375.85,1375.85,1375.85,25,625,1281.01,1108.8,1777.75
5179,2021-03-14 14:06:00,1375.85,1375.85,1375.85,1375.85,25,625,1281.01,1108.8,1777.75
5180,2021-03-14 14:07:00,1375.85,1375.85,1375.85,1375.85,25,625,1281.01,1108.8,1777.75
5181,2021-03-14 14:08:00,1375.85,1375.85,1375.85,1375.85,25,625,1281.01,1108.8,1777.75
5182,2021-03-14 14:09:00,1375.85,1375.85,1375.85,1375.85,25,625,1281.01,1108.8,1777.75
5183,2021-03-14 14:10:00,1375.85,1375.85,1375.85,1375.85,25,625,1281.01,1108.8,1777.75
5184,2021-03-14 14:11:00,1375.85,1375.85,1375.85,1375.85,25,625,1281.01,1108.8,1777.75
5185,2021-03-14 14:12:00,1375.85,1375.85,1375.85,1375.85,25,625,1281.01,1108.8,1777.75
5186,2021-03-14 14:13:00,1375.85,1375.85,1375.85,1375.85,25,625,1281.01,1108.8,1777.75
5187,2021-03-14 14:14:00,1375.85,1375.85,1375.85,1375.85,25,625,1281.01,1108.8,1777.75
5188,2021-03-14 14:15:00,1375.85,1375.85,1375.85,1375.85,25,625,1281.01,1108.8,1777.75
5189,2021-03-14 14:16:00,1375.85,1375.85,1375.85,1375.85,25,625,1281.01,1108.8,1777.75
5190,2021-03-14 14:17:00,1375.85,1375.85,1375.85,1375.85,25,625,1281.01,1108.8,1777.75
5191,2021-03-14 14:18:00,1375.85,1375.85,1375.85,1375.85,25,625,1281.01,1108.8,1777.75
5192,2021-03-14 14:19:00,1375.85,1375.85,1375.85,1375.85,25,625,1281.01,1108.8,1777.75
5193,2021-03-14 14:20:00,1375.85,1375.85,1375.85,1375.85,25,625,1281.01,1108.8,1777.75
5194,2021-03-14 14:21:00,1375.85,1375.85,1375.85,1375.85,25,625,1281.01,1108.8,1777.75
5195,2021-03-14 14:22:00,1375.85,1375.85,1375.85,1375.85,25,625,1281.01,1108.8,1777.75
5196,2021-03-14 14:23:00,1375.85,1375.85,1375.85,1375.85,25,625,1281.01,1108.8,1777.75
5197,2021-03-14 14:24:00,1375.85,1375.85,1375.85,1375.85,25,625,1281.01,1108.8,1777.75
5198,2021-03-14 14:25:00,1375.85,1375.85,1375.85,1375.85,25,625,1281.01,1108.8,1777.75
5199,2021-03-14 14:26:00,1375.85,1375.85,1375.85,1375.85,25,625,1281.01,1108.8,1777.75
5200,2021-03-14 14:27:00,1375.85,1375.85,1375.85,1375.85,25,625,1281.01,1108.8,1777.75
5201,2021-03-14 14:28:00,1375.85,1375.85,1375.85,1375.85,25,625,1281.01,1108.8,1777.75
5202,2021-03-14 14:29:00,1375.85,1375.85,1375.85,1375.85,25,625,1281.01,1108.8,1777.75
5203,2021-03-14 14:30:00,1375.85,1375.85,1375.85,1375.85,25,625,1281.01,1108.8,1777.75
5204,2021-03-14 14:31:00,1375.85,1375.85,1375.85,1375.85,25,625,1281.01,1108.8,1777.75
5205,2021-03-14 14:32:00,1375.85,1375.85,1375.85,1375.85,25,625,1281.01,1108.8,1777.75
5206,2021-03-14 14:33:00,1375.85,1375.85,1375.85,1375.85,25,625,1281.01,1108.8,1777.75
5207,2021-03-14 14:34:00,1375.85,1375.85,1375.85,1375.85,25,625,1281.01,1108.8,1777.75
5208,2021-03-14 14:35:00,1375.85,1375.85,1375.85,1375.85,25,625,1281.01,1108.8,1777.75
5209,2021-03-14 14:36:00,1375.85,1375.85,1375.85,1375.85,25,625,1281.01,1108.8,1777.75
5210,2021-03-14 14:37:00,1375.85,1375.85,1375.85,1375.85,25,625,1281.01,1108.8,1777.75
5211,2021-03-14 14:38:00,1375.85,1375.85,1375.85,1375.85,25,625,1281.01,1108.8,1777.75
5212,2021-03-14 14:39:00,1375.85,1375.85,1375.85,1375.85,25,625,1281.01,1108.8,1777.75
5213,2021-03-14 14:40:00,1375.85,1375.85,1375.85,1375.85,25,625,1281.01,1108.8,1777.75
5214,2021-03-14 14:41:00,1375.85,1375.85,1375.85,1375.85,25,625,1281.01,1108.8,1777.75
5215,2021-03-14 14:42:00,1375.85,1375.85,1375.85,1375.85,25,625,1281.01,1108.8,1777.75
5216,2021-03-14 14:43:00,1375.85,1375.85,1375.85,1375.85,25,625,1281.01,1108.8,1777.75
5217,2021-03-14 14:44:00,1375.85,1375.85,1375.85,1375.85,25,625,1281.01,1108.8,1777.75
5218,2021-03-14 14:45:00,1375.85,1375.85,1375.85,1375.85,25,625,1281.01,1108.8,1777.75
5219,2021-03-14 14:46:00,1375.85,1375.85,1375.85,1375.85,25,625,1281.01,1108.8,1777.75
5220,2021-03-14 14:47:00,1375.85,1375.85,1375.85,1375.85,25,625,1281.01,1108.8,1777.75
5221,2021-03-14 14:48:00,1375.85,1375.85,1375.85,1375.85,25,625,1281.01,1108.8,1777.75
5222,2021-03-14 14:49:00,1375.85,1375.85,1375.85,1375.85,25,625,1281.01,1108.8,1777.75
5223,2021-03-14 14:50:00,1375.85,1375.85,1375.85,1375.85,25,625,1281.01,1108.8,1777.75
5224,2021-03-14 14:51:00,1375.85,1375.85,1375.85,1375.85,25,625,1281.01,1108.8,1777.75
5225,2021-03-14 14:52:00,1375.85,1375.85,1375.85,1375.85,25,625,1281.01,1108.8,1777.75
5226,2021-03-14 14:53:00,1375.85,1375.85,1375.85,1375.85,25,625,1281.01,1108.8,1777.75
5227,2021-03-14 14:54:00,1375.85,1375.85,1375.85,1375.85,25,625,1281.01,1108.8,1777.75
5228,2021-03-14 14:55:00,1375.85,1375.85,1375.85,1375.85,25,625,1281.01,1108.8,1777.75
5229,2021-03-14 14:56:00,1375.85,1375.85,1375.85,1375.85,25,625,1281.01,1108.8,1777.75
5230,2021-03-14 14:57:00,1375.85,1375.85,1375.85,1375.85,25,625,1281.01,1108.8,1777.75
5231,2021-03-14 14:58:00,1375.85,1375.85,1375.85,1375.85,25,625,1281.01,1108.8,1777.75
5232,2021-03-14 14:59:00,1375.85,1375.85,1375.85,1375.85,25,625,1281.01,1108.8,1777.75
5233,2021-03-14 15:00:00,1375.85,1375.85,1375.85,1375.85,25,625,1281.01,1108.8,1777.75
5234,2021-03-14 15:01:00,1375.85,1375.85,1375.85,1375.85,25,625,1281.01,1108.8,1777.75
5235,2021-03-14 15:02:00,1375.85,1375.85,1375.85,1375.85,25,625,1281.01,1108.8,1777.75
5236,2021-03-14 15:03:00,1375.85,1375.85,1375.85,1375.85,25,625,1281.01,1108.8,1777.75
5237,2021-03-14 15:04:00,1375.85,1375.85,1375.85,1375.85,25,625,1281.01,1108.8,1777.75
5238,2021-03-14 15:05:00,1375.85,1375.85,1375.85,1375.85,25,625,1281.01,1108.8,1777.75
5239,2021-03-14 15:06:00,1375.85,1375.85,1375.85,1375.85,25,625,1281.01,1108.8,1777.75
5240,2021-03-14 15:07:00,1375.85,1375.85,1375.85,1375.85,25,625,1281.01,1108.8,1777.75
5241,2021-03-14 15:08:00,1375.85,1375.85,1375.85,1375.85,25,625,1281.01,1108.8,1777.75
5242,2021-03-14 15:09:00,1375.85,1375.85,1375.85,1375.85,25,625,1281.01,1108.8,1777.75
5243,2021-03-14 15:10:00,1375.85,1375.85,1375.85,1375.85,25,625,1281.01,1108.8,1777.75
5244,2021-03-14 15:11:00,1375.85,1375.85,1375.85,1375.85,25,625,1281.01,1108.8,1777.75
5245,2021-03-14 15:12:00,1375.85,1375.85,1375.85,1375.85,25,625,1281.01,1108.8,1777.75
5246,2021-03-14 15:13:00,1375.85,1375.85,1375.85,1375.85,25,625,1281.01,1108.8,1777.75
5247,2021-03-14 15:14:00,1375.85,1375.85,1375.85,1375.85,25,625,1281.01,1108.8,1777.75
5248,2021-03-14 15:15:00,1375.85,1375.85,1375.85,1375.85,25,625,1281.01,1108.8,1777.75
5249,2021-03-14 15:16:00,1375.85,1375.85,1375.85,1375.85,25,625,1281.01,1108.8,1777.75
5250,2021-03-14 15:17:00,1375.85,1375.85,1375.85,1375.85,25,625,1281.01,1108.8,1777.75
5251,2021-03-14 15:18:00,1375.85,1375.85,1375.85,1375.85,25,625,1281.01,1108.8,1777.75
5252,2021-03-14 15:19:00,1375.85,1375.85,1375.85,1375.85,25,625,1281.01,1108.8,1777.75
5253,2021-03-14 15:20:00,1375.85,1375.85,1375.85,1375.85,25,625,1281.01,1108.8,1777.75
5254,2021-03-14 15:21:00,1375.85,1375.85,1375.85,1375.85,25,625,1281.01,1108.8,1777.75
5255,2021-03-14 15:22:00,1375.85,1375.85,1375.85,1375.85,25,625,1281.01,1108.8,1777.75
5256,2021-03-14 15:23:00,1375.85,1375.85,1375.85,1375.85,25,625,1281.01,1108.8,1777.75
5257,2021-03-14 15:24:00,1375.85,1375.85,1375.85,1375.85,25,625,1281.01,1108.8,1777.75
5258,2021-03-14 15:25:00,1375.85,1375.85,1375.85,1375.85,25,625,1281.01,1108.8,1777.75
5259,2021-03-14 15:26:00,1375.85,1375.85,1375.85,1375.85,25,625,1281.01,1108.8,1777.75
5260,2021-03-14 15:27:00,1375.85,1375.85,1375.85,1375.85,25,625,1281.01,1108.8,1777.75
5261,2021-03-14 15:28:00,1375.85,1375.85,1375.85,1375.85,25,625,1281.01,1108.8,1777.75
5262,2021-03-14 15:29:00,1375.85,1375.85,1375.85,1375.85,25,625,1281.01,1108.8,1777.75
5263,2021-03-14 15:30:00,1375.85,1375.85,1375.85,1375.85,25,625,1281.01,1108.8,1777.75
5264,2021-03-15 09:15:00,1375.85,1375.85,1375.85,1375.85,25,625,1281.01,1108.8,1777.75
5265,2021-03-15 09:16:00,1375.85,1375.85,1375.85,1375.85,25,625,1281.01,1108.8,1777.75
5266,2021-03-15 09:17:00,1375.85,1375.85,1375.85,1375.85,25,625,1281.01,1108.8,1777.75
5267,2021-03-15 09:18:00,1375.85,1375.85,1375.85,1375.85,25,625,1281.01,1108.8,1777.75
5268,2021-03-15 09:19:00,1375.85,1375.85,1375.85,1375.85,25,625,1281.01,1108.8,1777.75
5269,2021-03-15 09:20:00,1375.85,1375.85,1375.85,1375.85,25,625,1281.01,1108.8,1777.75
5270,2021-03-15 09:21:00,1375.85,1375.85,1375.85,1375.85,25,625,1281.01,1108.8,1777.75
5271,2021-03-15 09:22:00,1375.85,1375.85,1375.85,1375.85,25,625,1281.01,1108.8,1777.75
5272,2021-03-15 09:23:00,1375.85,1375.85,1375.85,1375.85,25,625,1281.01,1108.8,1777.75
5273,2021-03-15 09:24:00,1375.85,1375.85,1375.85,1375.85,25,625,1281.01,1108.8,1777.75
5274,2021-03-15 09:25:00,1416.55,1416.55,1416.55,1416.55,25,625,1416.55,1420.35,1511.65
5275,2021-03-15 09:26:00,1416.55,1416.55,1416.55,1416.55,25,625,1416.55,1420.35,1511.65
5276,2021-03-15 09:27:00,1416.55,1416.55,1416.55,1416.55,25,625,1416.55,1420.35,1511.65
5277,2021-03-15 09:28:00,1416.55,1416.55,1416.55,1416.55,25,625,1416.55,1420.35,1511.65
5278,2021-03-15 09:29:00,1416.55,1416.55,1416.55,1416.55,25,625,1416.55,1420.35,1511.65
5279,2021-03-15 09:30:00,1416.55,1416.55,1416.55,1416.55,25,625,1416.55,1420.35,1511.65
5280,2021-03-15 09:31:00,1416.55,1416.55,1416.55,1416.55,25,625,1416.55,1420.35,1511.65
5281,2021-03-15 09:32:00,1416.55,1416.55,1416.55,1416.55,25,625,1416.55,1420.35,1511.65
5282,2021-03-15 09:33:00,1416.55,1416.55,1416.55,1416.55,25,625,1416.55,1420.35,1511.65
5283,2021-03-15 09:34:00,1416.55,1416.55,1416.55,1416.55,25,625,1416.55,1420.35,1511.65
5284,2021-03-15 09:35:00,1416.55,1416.55,1416.55,1416.55,25,625,1416.55,1420.35,1511.65
5285,2021-03-15 09:36:00,1416.55,1416.55,1416.55,1416.55,25,625,1416.55,1420.35,1511.65
5286,2021-03-15 09:37:00,1416.55,1416.55,1416.55,1416.55,25,625,1416.55,1420.35,1511.65
5287,2021-03-15 09:38:00,1416.55,1416.55,1416.55,1416.55,25,625,1416.55,1420.35,1511.65
5288,2021-03-15 09:39:00,1416.55,1416.55,1416.55,1416.55,25,625,1416.55,1420.35,1511.65
5289,2021-03-15 09:40:00,1416.55,1416.55,1416.55,1416.55,25,625,1416.55,1420.35,1511.65
5290,2021-03-15 09:41:00,1416.55,1416.55,1416.55,1416.55,25,625,1416.55,1420.35,1511.65
5291,2021-03-15 09:42:00,1416.55,1416.55,1416.55,1416.55,25,625,1416.55,1420.35,1511.65
5292,2021-03-15 09:43:00,1416.55,1416.55,1416.55,1416.55,25,625,1416.55,1420.35,1511.65
5293,2021-03-15 09:44:00,1416.55,1416.55,1416.55,1416.55,25,625,1416.55,1420.35,1511.65
5294,2021-03-15 09:45:00,1416.55,1416.55,1416.55,1416.55,25,625,1416.55,1420.35,1511.65
5295,2021-03-15 09:46:00,1416.55,1416.55,1416.55,1416.55,25,625,1416.55,1420.35,1511.65
5296,2021-03-15 09:47:00,1416.55,1416.55,1416.55,1416.55,25,625,1416.55,1420.35,1511.65
5297,2021-03-15 09:48:00,1416.55,1416.55,1416.55,1416.55,25,625,1416.55,1420.35,1511.65
5298,2021-03-15 09:49:00,1416.55,1416.55,1416.55,1416.55,25,625,1416.55,1420.35,1511.65
5299,2021-03-15 09:50:00,1416.55,1416.55,1416.55,1416.55,25,625,1416.55,1420.35,1511.65
5300,2021-03-15 09:51:00,1416.55,1416.55,1416.55,1416.55,25,625,1416.55,1420.35,1511.65
5301,2021-03-15 09:52:00,1416.55,1416.55,1416.55,1416.55,25,625,1416.55,1420.35,1511.65
5302,2021-03-15 09:53:00,1416.55,1416.55,1416.55,1416.55,25,625,1416.55,1420.35,1511.65
5303,2021-03-15 09:54:00,1416.55,1416.55,1416.55,1416.55,25,625,1416.55,1420.35,1511.65
5304,2021-03-15 09:55:00,1416.55,1416.55,1416.55,1416.55,25,625,1416.55,1420.35,1511.65
5305,2021-03-15 09:56:00,1416.55,1416.55,1416.55,1416.55,25,625,1416.55,1420.35,1511.65
5306,2021-03-15 09:57:00,1416.55,1416.55,1416.55,1416.55,25,625,1416.55,1420.35,1511.65
5307,2021-03-15 09:58:00,1416.55,1416.55,1416.55,1416.55,25,625,1416.55,1420.35,1511.65
5308,2021-03-15 09:59:00,1416.55,1416.55,1416.55,1416.55,25,625,1416.55,1420.35,1511.65
5309,2021-03-15 10:00:00,1416.55,1416.55,1416.55,1416.55,25,625,1416.55,1420.35,1511.65
5310,2021-03-15 10:01:00,1416.55,1416.55,1416.55,1416.55,25,625,1416.55,1420.35,1511.65
5311,2021-03-15 10:02:00,1416.55,1416.55,1416.55,1416.55,25,625,1416.55,1420.35,1511.65
5312,2021-03-15 10:03:00,1416.55,1416.55,1416.55,1416.55,25,625,1416.55,1420.35,1511.65
5313,2021-03-15 10:04:00,1416.55,1416.55,1416.55,1416.55,25,625,1416.55,1420.35,1511.65
5314,2021-03-15 10:05:00,1416.55,1416.55,1416.55,1416.55,25,625,1416.55,1420.35,1511.65
5315,2021-03-15 10:06:00,1416.55,1416.55,1416.55,1416.55,25,625,1416.55,1420.35,1511.65
5316,2021-03-15 10:07:00,1416.55,1416.55,1416.55,1416.55,25,625,1416.55,1420.35,1511.65
5317,2021-03-15 10:08:00,1416.55,1416.55,1416.55,1416.55,25,625,1416.55,1420.35,1511.65
5318,2021-03-15 10:09:00,1416.55,1416.55,1416.55,1416.55,25,625,1416.55,1420.35,1511.65
5319,2021-03-15 10:10:00,1416.55,1416.55,1416.55,1416.55,25,625,1416.55,1420.35,1511.65
5320,2021-03-15 10:11:00,1416.55,1416.55,1416.55,1416.55,25,625,1416.55,1420.35,1511.65
5321,2021-03-15 10:12:00,1416.55,1416.55,1416.55,1416.55,25,625,1416.55,1420.35,1511.65
5322,2021-03-15 10:13:00,1416.55,1416.55,1416.55,1416.55,25,625,1416.55,1420.35,1511.65
5323,2021-03-15 10:14:00,1416.55,1416.55,1416.55,1416.55,25,625,1416.55,1420.35,1511.65
5324,2021-03-15 10:15:00,1416.55,1416.55,1416.55,1416.55,25,625,1416.55,1420.35,1511.65
5325,2021-03-15 10:16:00,1416.55,1416.55,1416.55,1416.55,25,625,1416.55,1420.35,1511.65
5326,2021-03-15 10:17:00,1416.55,1416.55,1416.55,1416.55,25,625,1416.55,1420.35,1511.65
5327,2021-03-15 10:18:00,1416.55,1416.55,1416.55,1416.55,25,625,1416.55,1420.35,1511.65
5328,2021-03-15 10:19:00,1416.55,1416.55,1416.55,1416.55,25,625,1416.55,1420.35,1511.65
5329,2021-03-15 10:20:00,1416.55,1416.55,1416.55,1416.55,25,625,1416.55,1420.35,1511.65
5330,2021-03-15 10:21:00,1416.55,1416.55,1416.55,1416.55,25,625,1416.55,1420.35,1511.65
5331,2021-03-15 10:22:00,1416.55,1416.55,1416.55,1416.55,25,625,1416.55,1420.35,1511.65
5332,2021-03-15 10:23:00,1416.55,1416.55,1416.55,1416.55,25,625,1416.55,1420.35,1511.65
5333,2021-03-15 10:24:00,1416.55,1416.55,1416.55,1416.55,25,625,1416.55,1420.35,1511.65
5334,2021-03-15 10:25:00,1416.55,1416.55,1416.55,1416.55,25,625,1416.55,1420.35,1511.65
5335,2021-03-15 10:26:00,1416.55,1416.55,1416.55,1416.55,25,625,1416.55,1420.35,1511.65
5336,2021-03-15 10:27:00,1416.55,1416.55,1416.55,1416.55,25,625,1416.55,1420.35,1511.65
5337,2021-03-15 10:28:00,1416.55,1416.55,1416.55,1416.55,25,625,1416.55,1420.35,1511.65
5338,2021-03-15 10:29:00,1416.55,1416.55,1416.55,1416.55,25,625,1416.55,1420.35,1511.65
5339,2021-03-15 10:30:00,1416.55,1416.55,1416.55,1416.55,25,625,1416.55,1420.35,1511.65
5340,2021-03-15 10:31:00,1416.55,1416.55,1416.55,1416.55,25,625,1416.55,1420.35,1511.65
5341,2021-03-15 10:32:00,1416.55,1416.55,1416.55,1416.55,25,625,1416.55,1420.35,1511.65
5342,2021-03-15 10:33:00,1416.55,1416.55,1416.55,1416.55,25,625,1416.55,1420.35,1511.65
5343,2021-03-15 10:34:00,1416.55,1416.55,1416.55,1416.55,25,625,1416.55,1420.35,1511.65
5344,2021-03-15 10:35:00,1416.55,1416.55,1416.55,1416.55,25,625,1416.55,1420.35,1511.65
5345,2021-03-15 10:36:00,1416.55,1416.55,1416.55,1416.55,25,625,1416.55,1420.35,1511.65
5346,2021-03-15 10:37:00,1416.55,1416.55,1416.55,1416.55,25,625,1416.55,1420.35,1511.65
5347,2021-03-15 10:38:00,1416.55,1416.55,1416.55,1416.55,25,625,1416.55,1420.35,1511.65
5348,2021-03-15 10:39:00,1416.55,1416.55,1416.55,1416.55,25,625,1416.55,1420.35,1511.65
5349,2021-03-15 10:40:00,1416.55,1416.55,1416.55,1416.55,25,625,1416.55,1420.35,1511.65
5350,2021-03-15 10:41:00,1416.55,1416.55,1416.55,1416.55,25,625,1416.55,1420.35,1511.65
5351,2021-03-15 10:42:00,1416.55,1416.55,1416.55,1416.55,25,625,1416.55,1420.35,1511.65
5352,2021-03-15 10:43:00,1416.55,1416.55,1416.55,1416.55,25,625,1416.55,1420.35,1511.65
5353,2021-03-15 10:44:00,1416.55,1416.55,1416.55,1416.55,25,625,1416.55,1420.35,1511.65
5354,2021-03-15 10:45:00,1416.55,1416.55,1416.55,1416.55,25,625,1416.55,1420.35,1511.65
5355,2021-03-15 10:46:00,1416.55,1416.55,1416.55,1416.55,25,625,1416.55,1420.35,1511.65
5356,2021-03-15 10:47:00,1416.55,1416.55,1416.55,1416.55,25,625,1416.55,1420.35,1511.65
5357,2021-03-15 10:48:00,1416.55,1416.55,1416.55,1416.55,25,625,1416.55,1420.35,1511.65
5358,2021-03-15 10:49:00,1416.55,1416.55,1416.55,1416.55,25,625,1416.55,1420.35,1511.65
5359,2021-03-15 10:50:00,1416.55,1416.55,1416.55,1416.55,25,625,1416.55,1420.35,1511.65
5360,2021-03-15 10:51:00,1416.55,1416.55,1416.55,1416.55,25,625,1416.55,1420.35,1511.65
5361,2021-03-15 10:52:00,1416.55,1416.55,1416.55,1416.55,25,625,1416.55,1420.35,1511.65
5362,2021-03-15 10:53:00,1416.55,1416.55,1416.55,1416.55,25,625,1416.55,1420.35,1511.65
5363,2021-03-15 10:54:00,1416.55,1416.55,1416.55,1416.55,25,625,1416.55,1420.35,1511.65
5364,2021-03-15 10:55:00,1416.55,1416.55,1416.55,1416.55,25,625,1416.55,1420.35,1511.65
5365,2021-03-15 10:56:00,1416.55,1416.55,1416.55,1416.55,25,625,1416.55,1420.35,1511.65
5366,2021-03-15 10:57:00,1416.55,1416.55,1416.55,1416.55,25,625,1416.55,1420.35,1511.65
5367,2021-03-15 10:58:00,1416.55,1416.55,1416.55,1416.55,25,625,1416.55,1420.35,1511.65
5368,2021-03-15 10:59:00,1416.55,1416.55,1416.55,1416.55,25,625,1416.55,1420.35,1511.65
5369,2021-03-15 11:00:00,1753.95,1753.95,1753.95,1753.95,25,650,1585.25,1721.7,1814.6
5370,2021-03-15 11:01:00,1753.95,1753.95,1753.95,1753.95,25,650,1585.25,1721.7,1814.6
5371,2021-03-15 11:02:00,1753.95,1753.95,1753.95,1753.95,25,650,1585.25,1721.7,1814.6
5372,2021-03-15 11:03:00,1753.95,1753.95,1753.95,1753.95,25,650,1585.25,1721.7,1814.6
5373,2021-03-15 11:04:00,1753.95,1753.95,1753.95,1753.95,25,650,1585.25,1721.7,1814.6
5374,2021-03-15 11:05:00,1753.95,1753.95,1753.95,1753.95,25,650,1585.25,1721.7,1814.6
5375,2021-03-15 11:06:00,1753.95,1753.95,1753.95,1753.95,25,650,1585.25,1721.7,1814.6
5376,2021-03-15 11:07:00,1753.95,1753.95,1753.95,1753.95,25,650,1585.25,1721.7,1814.6
5377,2021-03-15 11:08:00,1753.95,1753.95,1753.95,1753.95,25,650,1585.25,1721.7,1814.6
5378,2021-03-15 11:09:00,1753.95,1753.95,1753.95,1753.95,25,650,1585.25,1721.7,1814.6
5379,2021-03-15 11:10:00,1753.95,1753.95,1753.95,1753.95,25,650,1585.25,1721.7,1814.6
5380,2021-03-15 11:11:00,1753.95,1753.95,1753.95,1753.95,25,650,1585.25,1721.7,1814.6
5381,2021-03-15 11:12:00,1753.95,1753.95,1753.95,1753.95,25,650,1585.25,1721.7,1814.6
5382,2021-03-15 11:13:00,1753.95,1753.95,1753.95,1753.95,25,650,1585.25,1721.7,1814.6
5383,2021-03-15 11:14:00,1753.95,1753.95,1753.95,1753.95,25,650,1585.25,1721.7,1814.6
5384,2021-03-15 11:15:00,1753.95,1753.95,1753.95,1753.95,25,650,1585.25,1721.7,1814.6
5385,2021-03-15 11:16:00,1753.95,1753.95,1753.95,1753.95,25,650,1585.25,1721.7,1814.6
5386,2021-03-15 11:17:00,1753.95,1753.95,1753.95,1753.95,25,650,1585.25,1721.7,1814.6
5387,2021-03-15 11:18:00,1753.95,1753.95,1753.95,1753.95,25,650,1585.25,1721.7,1814.6
5388,2021-03-15 11:19:00,1753.95,1753.95,1753.95,1753.95,25,650,1585.25,1721.7,1814.6
5389,2021-03-15 11:20:00,1753.95,1753.95,1753.95,1753.95,25,650,1585.25,1721.7,1814.6
5390,2021-03-15 11:21:00,1753.95,1753.95,1753.95,1753.95,25,650,1585.25,1721.7,1814.6
5391,2021-03-15 11:22:00,1753.95,1753.95,1753.95,1753.95,25,650,1585.25,1721.7,1814.6
5392,2021-03-15 11:23:00,1753.95,1753.95,1753.95,1753.95,25,650,1585.25,1721.7,1814.6
5393,2021-03-15 11:24:00,1753.95,1753.95,1753.95,1753.95,25,650,1585.25,1721.7,1814.6
5394,2021-03-15 11:25:00,1753.95,1753.95,1753.95,1753.95,25,650,1585.25,1721.7,1814.6
5395,2021-03-15 11:26:00,1753.95,1753.95,1753.95,1753.95,25,650,1585.25,1721.7,1814.6
5396,2021-03-15 11:27:00,1753.95,1753.95,1753.95,1753.95,25,650,1585.25,1721.7,1814.6
5397,2021-03-15 11:28:00,1753.95,1753.95,1753.95,1753.95,25,650,1585.25,1721.7,1814.6
5398,2021-03-15 11:29:00,1753.95,1753.95,1753.95,1753.95,25,650,1585.25,1721.7,1814.6
5399,2021-03-15 11:30:00,1753.95,1753.95,1753.95,1753.95,25,650,1585.25,1721.7,1814.6
5400,2021-03-15 11:31:00,1753.95,1753.95,1753.95,1753.95,25,650,1585.25,1721.7,1814.6
5401,2021-03-15 11:32:00,1753.95,1753.95,1753.95,1753.95,25,650,1585.25,1721.7,1814.6
5402,2021-03-15 11:33:00,1753.95,1753.95,1753.95,1753.95,25,650,1585.25,1721.7,1814.6
5403,2021-03-15 11:34:00,1753.95,1753.95,1753.95,1753.95,25,650,1585.25,1721.7,1814.6
5404,2021-03-15 11:35:00,1753.95,1753.95,1753.95,1753.95,25,650,1585.25,1721.7,1814.6
5405,2021-03-15 11:36:00,1753.95,1753.95,1753.95,1753.95,25,650,1585.25,1721.7,1814.6
5406,2021-03-15 11:37:00,1753.95,1753.95,1753.95,1753.95,25,650,1585.25,1721.7,1814.6
5407,2021-03-15 11:38:00,1753.95,1753.95,1753.95,1753.95,25,650,1585.25,1721.7,1814.6
5408,2021-03-15 11:39:00,1753.95,1753.95,1753.95,1753.95,25,650,1585.25,1721.7,1814.6
5409,2021-03-15 11:40:00,1753.95,1753.95,1753.95,1753.95,25,650,1585.25,1721.7,1814.6
5410,2021-03-15 11:41:00,1753.95,1753.95,1753.95,1753.95,25,650,1585.25,1721.7,1814.6
5411,2021-03-15 11:42:00,1753.95,1753.95,1753.95,1753.95,25,650,1585.25,1721.7,1814.6
5412,2021-03-15 11:43:00,1753.95,1753.95,1753.95,1753.95,25,650,1585.25,1721.7,1814.6
5413,2021-03-15 11:44:00,1753.95,1753.95,1753.95,1753.95,25,650,1585.25,1721.7,1814.6
5414,2021-03-15 11:45:00,1753.95,1753.95,1753.95,1753.95,25,650,1585.25,1721.7,1814.6
5415,2021-03-15 11:46:00,1753.95,1753.95,1753.95,1753.95,25,650,1585.25,1721.7,1814.6
5416,2021-03-15 11:47:00,1753.95,1753.95,1753.95,1753.95,25,650,1585.25,1721.7,1814.6
5417,2021-03-15 11:48:00,1753.95,1753.95,1753.95,1753.95,25,650,1585.25,1721.7,1814.6
5418,2021-03-15 11:49:00,1753.95,1753.95,1753.95,1753.95,25,650,1585.25,1721.7,1814.6
5419,2021-03-15 11:50:00,1753.95,1753.95,1753.95,1753.95,25,650,1585.25,1721.7,1814.6
5420,2021-03-15 11:51:00,1753.95,1753.95,1753.95,1753.95,25,650,1585.25,1721.7,1814.6
5421,2021-03-15 11:52:00,1753.95,1753.95,1753.95,1753.95,25,650,1585.25,1721.7,1814.6
5422,2021-03-15 11:53:00,1753.95,1753.95,1753.95,1753.95,25,650,1585.25,1721.7,1814.6
5423,2021-03-15 11:54:00,1753.95,1753.95,1753.95,1753.95,25,650,1585.25,1721.7,1814.6
5424,2021-03-15 11:55:00,1753.95,1753.95,1753.95,1753.95,25,650,1585.25,1721.7,1814.6
5425,2021-03-15 11:56:00,1753.95,1753.95,1753.95,1753.95,25,650,1585.25,1721.7,1814.6
5426,2021-03-15 11:57:00,1753.95,1753.95,1753.95,1753.95,25,650,1585.25,1721.7,1814.6
5427,2021-03-15 11:58:00,1753.95,1753.95,1753.95,1753.95,25,650,1585.25,1721.7,1814.6
5428,2021-03-15 11:59:00,1753.95,1753.95,1753.95,1753.95,25,650,1585.25,1721.7,1814.6
5429,2021-03-15 12:00:00,1753.95,1753.95,1753.95,1753.95,25,650,1585.25,1721.7,1814.6
5430,2021-03-15 12:01:00,1753.95,1753.95,1753.95,1753.95,25,650,1585.25,1721.7,1814.6
5431,2021-03-15 12:02:00,1753.95,1753.95,1753.95,1753.95,25,650,1585.25,1721.7,1814.6
5432,2021-03-15 12:03:00,1753.95,1753.95,1753.95,1753.95,25,650,1585.25,1721.7,1814.6
5433,2021-03-15 12:04:00,1753.95,1753.95,1753.95,1753.95,25,650,1585.25,1721.7,1814.6
5434,2021-03-15 12:05:00,1753.95,1753.95,1753.95,1753.95,25,650,1585.25,1721.7,1814.6
5435,2021-03-15 12:06:00,1753.95,1753.95,1753.95,1753.95,25,650,1585.25,1721.7,1814.6
5436,2021-03-15 12:07:00,1711.0,1711.0,1711.0,1711.0,25,675,1627.16,1633.95,1748.35
5437,2021-03-15 12:08:00,1711.0,1711.0,1711.0,1711.0,25,675,1627.16,1633.95,1748.35
5438,2021-03-15 12:09:00,1711.0,1711.0,1711.0,1711.0,25,675,1627.16,1633.95,1748.35
5439,2021-03-15 12:10:00,1711.0,1711.0,1711.0,1711.0,25,675,1627.16,1633.95,1748.35
5440,2021-03-15 12:11:00,1711.0,1711.0,1711.0,1711.0,25,675,1627.16,1633.95,1748.35
5441,2021-03-15 12:12:00,1711.0,1711.0,1711.0,1711.0,25,675,1627.16,1633.95,1748.35
5442,2021-03-15 12:13:00,1711.0,1711.0,1711.0,1711.0,25,675,1627.16,1633.95,1748.35
5443,2021-03-15 12:14:00,1711.0,1711.0,1711.0,1711.0,25,675,1627.16,1633.95,1748.35
5444,2021-03-15 12:15:00,1711.0,1711.0,1711.0,1711.0,25,675,1627.16,1633.95,1748.35
5445,2021-03-15 12:16:00,1711.0,1711.0,1711.0,1711.0,25,675,1627.16,1633.95,1748.35
5446,2021-03-15 12:17:00,1711.0,1711.0,1711.0,1711.0,25,675,1627.16,1633.95,1748.35
5447,2021-03-15 12:18:00,1711.0,1711.0,1711.0,1711.0,25,675,1627.16,1633.95,1748.35
5448,2021-03-15 12:19:00,1711.0,1711.0,1711.0,1711.0,25,675,1627.16,1633.95,1748.35
5449,2021-03-15 12:20:00,1711.0,1711.0,1711.0,1711.0,25,675,1627.16,1633.95,1748.35
5450,2021-03-15 12:21:00,1711.0,1711.0,1711.0,1711.0,25,675,1627.16,1633.95,1748.35
5451,2021-03-15 12:22:00,1711.0,1711.0,1711.0,1711.0,25,675,1627.16,1633.95,1748.35
5452,2021-03-15 12:23:00,1711.0,1711.0,1711.0,1711.0,25,675,1627.16,1633.95,1748.35
5453,2021-03-15 12:24:00,1711.0,1711.0,1711.0,1711.0,25,675,1627.16,1633.95,1748.35
5454,2021-03-15 12:25:00,1711.0,1711.0,1711.0,1711.0,25,675,1627.16,1633.95,1748.35
5455,2021-03-15 12:26:00,1711.0,1711.0,1711.0,1711.0,25,675,1627.16,1633.95,1748.35
5456,2021-03-15 12:27:00,1711.0,1711.0,1711.0,1711.0,25,675,1627.16,1633.95,1748.35
5457,2021-03-15 12:28:00,1711.0,1711.0,1711.0,1711.0,25,675,1627.16,1633.95,1748.35
5458,2021-03-15 12:29:00,1711.0,1711.0,1711.0,1711.0,25,675,1627.16,1633.95,1748.35
5459,2021-03-15 12:30:00,1711.0,1711.0,1711.0,1711.0,25,675,1627.16,1633.95,1748.35
5460,2021-03-15 12:31:00,1711.0,1711.0,1711.0,1711.0,25,675,1627.16,1633.95,1748.35
5461,2021-03-15 12:32:00,1711.0,1711.0,1711.0,1711.0,25,675,1627.16,1633.95,1748.35
5462,2021-03-15 12:33:00,1711.0,1711.0,1711.0,1711.0,25,675,1627.16,1633.95,1748.35
5463,2021-03-15 12:34:00,1711.0,1711.0,1711.0,1711.0,25,675,1627.16,1633.95,1748.35
5464,2021-03-15 12:35:00,1711.0,1711.0,1711.0,1711.0,25,675,1627.16,1633.95,1748.35
5465,2021-03-15 12:36:00,1711.0,1711.0,1711.0,1711.0,25,675,1627.16,1633.95,1748.35
5466,2021-03-15 12:37:00,1711.0,1711.0,1711.0,1711.0,25,675,1627.16,1633.95,1748.35
5467,2021-03-15 12:38:00,1711.0,1711.0,1711.0,1711.0,25,675,1627.16,1633.95,1748.35
5468,2021-03-15 12:39:00,1711.0,1711.0,1711.0,1711.0,25,675,1627.16,1633.95,1748.35
5469,2021-03-15 12:40:00,1711.0,1711.0,1711.0,1711.0,25,675,1627.16,1633.95,1748.35
5470,2021-03-15 12:41:00,1711.0,1711.0,1711.0,1711.0,25,675,1627.16,1633.95,1748.35
5471,2021-03-15 12:42:00,1711.0,1711.0,1711.0,1711.0,25,675,1627.16,1633.95,1748.35
5472,2021-03-15 12:43:00,1711.0,1711.0,1711.0,1711.0,25,675,1627.16,1633.95,1748.35
5473,2021-03-15 12:44:00,1711.0,1711.0,1711.0,1711.0,25,675,1627.16,1633.95,1748.35
5474,2021-03-15 12:45:00,1711.0,1711.0,1711.0,1711.0,25,675,1627.16,1633.95,1748.35
5475,2021-03-15 12:46:00,1711.0,1711.0,1711.0,1711.0,25,675,1627.16,1633.95,1748.35
5476,2021-03-15 12:47:00,1711.0,1711.0,1711.0,1711.0,25,675,1627.16,1633.95,1748.35
5477,2021-03-15 12:48:00,1711.0,1711.0,1711.0,1711.0,25,675,1627.16,1633.95,1748.35
5478,2021-03-15 12:49:00,1711.0,1711.0,1711.0,1711.0,25,675,1627.16,1633.95,1748.35
5479,2021-03-15 12:50:00,1711.0,1711.0,1711.0,1711.0,25,675,1627.16,1633.95,1748.35
5480,2021-03-15 12:51:00,1711.0,1711.0,1711.0,1711.0,25,675,1627.16,1633.95,1748.35
5481,2021-03-15 12:52:00,1711.0,1711.0,1711.0,1711.0,25,675,1627.16,1633.95,1748.35
5482,2021-03-15 12:53:00,1711.0,1711.0,1711.0,1711.0,25,675,1627.16,1633.95,1748.35
5483,2021-03-15 12:54:00,1711.0,1711.0,1711.0,1711.0,25,675,1627.16,1633.95,1748.35
5484,2021-03-15 12:55:00,1711.0,1711.0,1711.0,1711.0,25,675,1627.16,1633.95,1748.35
5485,2021-03-15 12:56:00,1711.0,1711.0,1711.0,1711.0,25,675,1627.16,1633.95,1748.35
5486,2021-03-15 12:57:00,1711.0,1711.0,1711.0,1711.0,25,675,1627.16,1633.95,1748.35
5487,2021-03-15 12:58:00,1711.0,1711.0,1711.0,1711.0,25,675,1627.16,1633.95,1748.35
5488,2021-03-15 12:59:00,1711.0,1711.0,1711.0,1711.0,25,675,1627.16,1633.95,1748.35
5489,2021-03-15 13:00:00,1711.0,1711.0,1711.0,1711.0,25,675,1627.16,1633.95,1748.35
5490,2021-03-15 13:01:00,1711.0,1711.0,1711.0,1711.0,25,675,1627.16,1633.95,1748.35
5491,2021-03-15 13:02:00,1711.0,1711.0,1711.0,1711.0,25,675,1627.16,1633.95,1748.35
5492,2021-03-15 13:03:00,1711.0,1711.0,1711.0,1711.0,25,675,1627.16,1633.95,1748.35
5493,2021-03-15 13:04:00,1711.0,1711.0,1711.0,1711.0,25,675,1627.16,1633.95,1748.35
5494,2021-03-15 13:05:00,1711.0,1711.0,1711.0,1711.0,25,675,1627.16,1633.95,1748.35
5495,2021-03-15 13:06:00,1711.0,1711.0,1711.0,1711.0,25,675,1627.16,1633.95,1748.35
5496,2021-03-15 13:07:00,1711.0,1711.0,1711.0,1711.0,25,675,1627.16,1633.95,1748.35
5497,2021-03-15 13:08:00,1711.0,1711.0,1711.0,1711.0,25,675,1627.16,1633.95,1748.35
5498,2021-03-15 13:09:00,1711.0,1711.0,1711.0,1711.0,25,675,1627.16,1633.95,1748.35
5499,2021-03-15 13:10:00,1711.0,1711.0,1711.0,1711.0,25,675,1627.16,1633.95,1748.35
5500,2021-03-15 13:11:00,1711.0,1711.0,1711.0,1711.0,25,675,1627.16,1633.95,1748.35
5501,2021-03-15 13:12:00,1711.0,1711.0,1711.0,1711.0,25,675,1627.16,1633.95,1748.35
5502,2021-03-15 13:13:00,1711.0,1711.0,1711.0,1711.0,25,675,1627.16,1633.95,1748.35
5503,2021-03-15 13:14:00,1711.0,1711.0,1711.0,1711.0,25,675,1627.16,1633.95,1748.35
5504,2021-03-15 13:15:00,1711.0,1711.0,1711.0,1711.0,25,675,1627.16,1633.95,1748.35
5505,2021-03-15 13:16:00,1711.0,1711.0,1711.0,1711.0,25,675,1627.16,1633.95,1748.35
5506,2021-03-15 13:17:00,1711.0,1711.0,1711.0,1711.0,25,675,1627.16,1633.95,1748.35
5507,2021-03-15 13:18:00,1711.0,1711.0,1711.0,1711.0,25,675,1627.16,1633.95,1748.35
5508,2021-03-15 13:19:00,1711.0,1711.0,1711.0,1711.0,25,675,1627.16,1633.95,1748.35
5509,2021-03-15 13:20:00,1711.0,1711.0,1711.0,1711.0,25,675,1627.16,1633.95,1748.35
5510,2021-03-15 13:21:00,1711.0,1711.0,1711.0,1711.0,25,675,1627.16,1633.95,1748.35
5511,2021-03-15 13:22:00,1711.0,1711.0,1711.0,1711.0,25,675,1627.16,1633.95,1748.35
5512,2021-03-15 13:23:00,1711.0,1711.0,1711.0,1711.0,25,675,1627.16,1633.95,1748.35
5513,2021-03-15 13:24:00,1711.0,1711.0,1711.0,1711.0,25,675,1627.16,1633.95,1748.35
5514,2021-03-15 13:25:00,1711.0,1711.0,1711.0,1711.0,25,675,1627.16,1633.95,1748.35
5515,2021-03-15 13:26:00,1711.0,1711.0,1711.0,1711.0,25,675,1627.16,1633.95,1748.35
5516,2021-03-15 13:27:00,1711.0,1711.0,1711.0,1711.0,25,675,1627.16,1633.95,1748.35
5517,2021-03-15 13:28:00,1711.0,1711.0,1711.0,1711.0,25,675,1627.16,1633.95,1748.35
5518,2021-03-15 13:29:00,1711.0,1711.0,1711.0,1711.0,25,675,1627.16,1633.95,1748.35
5519,2021-03-15 13:30:00,1711.0,1711.0,1711.0,1711.0,25,675,1627.16,1633.95,1748.35
5520,2021-03-15 13:31:00,1711.0,1711.0,1711.0,1711.0,25,675,1627.16,1633.95,1748.35
5521,2021-03-15 13:32:00,1711.0,1711.0,1711.0,1711.0,25,675,1627.16,1633.95,1748.35
5522,2021-03-15 13:33:00,1711.0,1711.0,1711.0,1711.0,25,675,1627.16,1633.95,1748.35
5523,2021-03-15 13:34:00,1711.0,1711.0,1711.0,1711.0,25,675,1627.16,1633.95,1748.35
5524,2021-03-15 13:35:00,1711.0,1711.0,1711.0,1711.0,25,675,1627.16,1633.95,1748.35
5525,2021-03-15 13:36:00,1711.0,1711.0,1711.0,1711.0,25,675,1627.16,1633.95,1748.35
5526,2021-03-15 13:37:00,1711.0,1711.0,1711.0,1711.0,25,675,1627.16,1633.95,1748.35
5527,2021-03-15 13:38:00,1711.0,1711.0,1711.0,1711.0,25,675,1627.16,1633.95,1748.35
5528,2021-03-15 13:39:00,1711.0,1711.0,1711.0,1711.0,25,675,1627.16,1633.95,1748.35
5529,2021-03-15 13:40:00,1711.0,1711.0,1711.0,1711.0,25,675,1627.16,1633.95,1748.35
5530,2021-03-15 13:41:00,1711.0,1711.0,1711.0,1711.0,25,675,1627.16,1633.95,1748.35
5531,2021-03-15 13:42:00,1711.0,1711.0,1711.0,1711.0,25,675,1627.16,1633.95,1748.35
5532,2021-03-15 13:43:00,1711.0,1711.0,1711.0,1711.0,25,675,1627.16,1633.95,1748.35
5533,2021-03-15 13:44:00,1711.0,1711.0,1711.0,1711.0,25,675,1627.16,1633.95,1748.35
5534,2021-03-15 13:45:00,1711.0,1711.0,1711.0,1711.0,25,675,1627.16,1633.95,1748.35
5535,2021-03-15 13:46:00,1711.0,1711.0,1711.0,1711.0,25,675,1627.16,1633.95,1748.35
5536,2021-03-15 13:47:00,1711.0,1711.0,1711.0,1711.0,25,675,1627.16,1633.95,1748.35
5537,2021-03-15 13:48:00,1711.0,1711.0,1711.0,1711.0,25,675,1627.16,1633.95,1748.35
5538,2021-03-15 13:49:00,1711.0,1711.0,1711.0,1711.0,25,675,1627.16,1633.95,1748.35
5539,2021-03-15 13:50:00,1711.0,1711.0,1711.0,1711.0,25,675,1627.16,1633.95,1748.35
5540,2021-03-15 13:51:00,1711.0,1711.0,1711.0,1711.0,25,675,1627.16,1633.95,1748.35
5541,2021-03-15 13:52:00,1711.0,1711.0,1711.0,1711.0,25,675,1627.16,1633.95,1748.35
5542,2021-03-15 13:53:00,1711.0,1711.0,1711.0,1711.0,25,675,1627.16,1633.95,1748.35
5543,2021-03-15 13:54:00,1711.0,1711.0,1711.0,1711.0,25,675,1627.16,1633.95,1748.35
5544,2021-03-15 13:55:00,1711.0,1711.0,1711.0,1711.0,25,675,1627.16,1633.95,1748.35
5545,2021-03-15 13:56:00,1711.0,1711.0,1711.0,1711.0,25,675,1627.16,1633.95,1748.35
5546,2021-03-15 13:57:00,1711.0,1711.0,1711.0,1711.0,25,675,1627.16,1633.95,1748.35
5547,2021-03-15 13:58:00,1711.0,1711.0,1711.0,1711.0,25,675,1627.16,1633.95,1748.35
5548,2021-03-15 13:59:00,1711.0,1711.0,1711.0,1711.0,25,675,1627.16,1633.95,1748.35
5549,2021-03-15 14:00:00,1711.0,1711.0,1711.0,1711.0,25,675,1627.16,1633.95,1748.35
5550,2021-03-15 14:01:00,1711.0,1711.0,1711.0,1711.0,25,675,1627.16,1633.95,1748.35
5551,2021-03-15 14:02:00,1711.0,1711.0,1711.0,1711.0,25,675,1627.16,1633.95,1748.35
5552,2021-03-15 14:03:00,1711.0,1711.0,1711.0,1711.0,25,675,1627.16,1633.95,1748.35
5553,2021-03-15 14:04:00,1711.0,1711.0,1711.0,1711.0,25,675,1627.16,1633.95,1748.35
5554,2021-03-15 14:05:00,1711.0,1711.0,1711.0,1711.0,25,675,1627.16,1633.95,1748.35
5555,2021-03-15 14:06:00,1711.0,1711.0,1711.0,1711.0,25,675,1627.16,1633.95,1748.35
5556,2021-03-15 14:07:00,1711.0,1711.0,1711.0,1711.0,25,675,1627.16,1633.95,1748.35
5557,2021-03-15 14:08:00,1711.0,1711.0,1711.0,1711.0,25,675,1627.16,1633.95,1748.35
5558,2021-03-15 14:09:00,1711.0,1711.0,1711.0,1711.0,25,675,1627.16,1633.95,1748.35
5559,2021-03-15 14:10:00,1711.0,1711.0,1711.0,1711.0,25,675,1627.16,1633.95,1748.35
5560,2021-03-15 14:11:00,1711.0,1711.0,1711.0,1711.0,25,675,1627.16,1633.95,1748.35
5561,2021-03-15 14:12:00,1711.0,1711.0,1711.0,1711.0,25,675,1627.16,1633.95,1748.35
5562,2021-03-15 14:13:00,1711.0,1711.0,1711.0,1711.0,25,675,1627.16,1633.95,1748.35
5563,2021-03-15 14:14:00,1711.0,1711.0,1711.0,1711.0,25,675,1627.16,1633.95,1748.35
5564,2021-03-15 14:15:00,1711.0,1711.0,1711.0,1711.0,25,675,1627.16,1633.95,1748.35
5565,2021-03-15 14:16:00,1711.0,1711.0,1711.0,1711.0,25,675,1627.16,1633.95,1748.35
5566,2021-03-15 14:17:00,1711.0,1711.0,1711.0,1711.0,25,675,1627.16,1633.95,1748.35
5567,2021-03-15 14:18:00,1711.0,1711.0,1711.0,1711.0,25,675,1627.16,1633.95,1748.35
5568,2021-03-15 14:19:00,1711.0,1711.0,1711.0,1711.0,25,675,1627.16,1633.95,1748.35
5569,2021-03-15 14:20:00,1711.0,1711.0,1711.0,1711.0,25,675,1627.16,1633.95,1748.35
5570,2021-03-15 14:21:00,1711.0,1711.0,1711.0,1711.0,25,675,1627.16,1633.95,1748.35
5571,2021-03-15 14:22:00,1711.0,1711.0,1711.0,1711.0,25,675,1627.16,1633.95,1748.35
5572,2021-03-15 14:23:00,1711.0,1711.0,1711.0,1711.0,25,675,1627.16,1633.95,1748.35
5573,2021-03-15 14:24:00,1711.0,1711.0,1711.0,1711.0,25,675,1627.16,1633.95,1748.35
5574,2021-03-15 14:25:00,1711.0,1711.0,1711.0,1711.0,25,675,1627.16,1633.95,1748.35
5575,2021-03-15 14:26:00,1711.0,1711.0,1711.0,1711.0,25,675,1627.16,1633.95,1748.35
5576,2021-03-15 14:27:00,1711.0,1711.0,1711.0,1711.0,25,675,1627.16,1633.95,1748.35
5577,2021-03-15 14:28:00,1711.0,1711.0,1711.0,1711.0,25,675,1627.16,1633.95,1748.35
5578,2021-03-15 14:29:00,1711.0,1711.0,1711.0,1711.0,25,675,1627.16,1633.95,1748.35
5579,2021-03-15 14:30:00,1711.0,1711.0,1711.0,1711.0,25,675,1627.16,1633.95,1748.35
5580,2021-03-15 14:31:00,1711.0,1711.0,1711.0,1711.0,25,675,1627.16,1633.95,1748.35
5581,2021-03-15 14:32:00,1711.0,1711.0,1711.0,1711.0,25,675,1627.16,1633.95,1748.35
5582,2021-03-15 14:33:00,1711.0,1711.0,1711.0,1711.0,25,675,1627.16,1633.95,1748.35
5583,2021-03-15 14:34:00,1711.0,1711.0,1711.0,1711.0,25,675,1627.16,1633.95,1748.35
5584,2021-03-15 14:35:00,1711.0,1711.0,1711.0,1711.0,25,675,1627.16,1633.95,1748.35
5585,2021-03-15 14:36:00,1711.0,1711.0,1711.0,1711.0,25,675,1627.16,1633.95,1748.35
5586,2021-03-15 14:37:00,1711.0,1711.0,1711.0,1711.0,25,675,1627.16,1633.95,1748.35
5587,2021-03-15 14:38:00,1711.0,1711.0,1711.0,1711.0,25,675,1627.16,1633.95,1748.35
5588,2021-03-15 14:39:00,1711.0,1711.0,1711.0,1711.0,25,675,1627.16,1633.95,1748.35
5589,2021-03-15 14:40:00,1711.0,1711.0,1711.0,1711.0,25,675,1627.16,1633.95,1748.35
5590,2021-03-15 14:41:00,1711.0,1711.0,1711.0,1711.0,25,675,1627.16,1633.95,1748.35
5591,2021-03-15 14:42:00,1711.0,1711.0,1711.0,1711.0,25,675,1627.16,1633.95,1748.35
5592,2021-03-15 14:43:00,1711.0,1711.0,1711.0,1711.0,25,675,1627.16,1633.95,1748.35
5593,2021-03-15 14:44:00,1711.0,1711.0,1711.0,1711.0,25,675,1627.16,1633.95,1748.35
5594,2021-03-15 14:45:00,1711.0,1711.0,1711.0,1711.0,25,675,1627.16,1633.95,1748.35
5595,2021-03-15 14:46:00,1711.0,1711.0,1711.0,1711.0,25,675,1627.16,1633.95,1748.35
5596,2021-03-15 14:47:00,1711.0,1711.0,1711.0,1711.0,25,675,1627.16,1633.95,1748.35
5597,2021-03-15 14:48:00,1711.0,1711.0,1711.0,1711.0,25,675,1627.16,1633.95,1748.35
5598,2021-03-15 14:49:00,1711.0,1711.0,1711.0,1711.0,25,675,1627.16,1633.95,1748.35
5599,2021-03-15 14:50:00,1711.0,1711.0,1711.0,1711.0,25,675,1627.16,1633.95,1748.35
5600,2021-03-15 14:51:00,1711.0,1711.0,1711.0,1711.0,25,675,1627.16,1633.95,1748.35
5601,2021-03-15 14:52:00,1711.0,1711.0,1711.0,1711.0,25,675,1627.16,1633.95,1748.35
5602,2021-03-15 14:53:00,1711.0,1711.0,1711.0,1711.0,25,675,1627.16,1633.95,1748.35
5603,2021-03-15 14:54:00,1711.0,1711.0,1711.0,1711.0,25,675,1627.16,1633.95,1748.35
5604,2021-03-15 14:55:00,1711.0,1711.0,1711.0,1711.0,25,675,1627.16,1633.95,1748.35
5605,2021-03-15 14:56:00,1711.0,1711.0,1711.0,1711.0,25,675,1627.16,1633.95,1748.35
5606,2021-03-15 14:57:00,1711.0,1711.0,1711.0,1711.0,25,675,1627.16,1633.95,1748.35
5607,2021-03-15 14:58:00,1711.0,1711.0,1711.0,1711.0,25,675,1627.16,1633.95,1748.35
5608,2021-03-15 14:59:00,1711.0,1711.0,1711.0,1711.0,25,675,1627.16,1633.95,1748.35
5609,2021-03-15 15:00:00,1711.0,1711.0,1711.0,1711.0,25,675,1627.16,1633.95,1748.35
5610,2021-03-15 15:01:00,1711.0,1711.0,1711.0,1711.0,25,675,1627.16,1633.95,1748.35
5611,2021-03-15 15:02:00,1711.0,1711.0,1711.0,1711.0,25,675,1627.16,1633.95,1748.35
5612,2021-03-15 15:03:00,1711.0,1711.0,1711.0,1711.0,25,675,1627.16,1633.95,1748.35
5613,2021-03-15 15:04:00,1711.0,1711.0,1711.0,1711.0,25,675,1627.16,1633.95,1748.35
5614,2021-03-15 15:05:00,1711.0,1711.0,1711.0,1711.0,25,675,1627.16,1633.95,1748.35
5615,2021-03-15 15:06:00,1711.0,1711.0,1711.0,1711.0,25,675,1627.16,1633.95,1748.35
5616,2021-03-15 15:07:00,1711.0,1711.0,1711.0,1711.0,25,675,1627.16,1633.95,1748.35
5617,2021-03-15 15:08:00,1711.0,1711.0,1711.0,1711.0,25,675,1627.16,1633.95,1748.35
5618,2021-03-15 15:09:00,1711.0,1711.0,1711.0,1711.0,25,675,1627.16,1633.95,1748.35
5619,2021-03-15 15:10:00,1280.0,1280.0,1280.0,1280.0,25,0,1540.37,1239.0,1307.25
5620,2021-03-15 15:11:00,1280.0,1280.0,1280.0,1280.0,25,0,1540.37,1239.0,1307.25
5621,2021-03-15 15:12:00,1280.0,1280.0,1280.0,1280.0,25,0,1540.37,1239.0,1307.25
5622,2021-03-15 15:13:00,1280.0,1280.0,1280.0,1280.0,25,0,1540.37,1239.0,1307.25
5623,2021-03-15 15:14:00,1280.0,1280.0,1280.0,1280.0,25,0,1540.37,1239.0,1307.25
5624,2021-03-15 15:15:00,1280.0,1280.0,1280.0,1280.0,25,0,1540.37,1239.0,1307.25
5625,2021-03-15 15:16:00,1280.0,1280.0,1280.0,1280.0,25,0,1540.37,1239.0,1307.25
5626,2021-03-15 15:17:00,1280.0,1280.0,1280.0,1280.0,25,0,1540.37,1239.0,1307.25
5627,2021-03-15 15:18:00,1280.0,1280.0,1280.0,1280.0,25,0,1540.37,1239.0,1307.25
5628,2021-03-15 15:19:00,1280.0,1280.0,1280.0,1280.0,25,0,1540.37,1239.0,1307.25
5629,2021-03-15 15:20:00,1280.0,1280.0,1280.0,1280.0,25,0,1540.37,1239.0,1307.25
5630,2021-03-15 15:21:00,1280.0,1280.0,1280.0,1280.0,25,0,1540.37,1239.0,1307.25
5631,2021-03-15 15:22:00,1280.0,1280.0,1280.0,1280.0,25,0,1540.37,1239.0,1307.25
5632,2021-03-15 15:23:00,1280.0,1280.0,1280.0,1280.0,25,0,1540.37,1239.0,1307.25
5633,2021-03-15 15:24:00,1280.0,1280.0,1280.0,1280.0,25,0,1540.37,1239.0,1307.25
5634,2021-03-15 15:25:00,1280.0,1280.0,1280.0,1280.0,25,0,1540.37,1239.0,1307.25
5635,2021-03-15 15:26:00,1280.0,1280.0,1280.0,1280.0,25,0,1540.37,1239.0,1307.25
5636,2021-03-15 15:27:00,1280.0,1280.0,1280.0,1280.0,25,0,1540.37,1239.0,1307.25
5637,2021-03-15 15:28:00,1280.0,1280.0,1280.0,1280.0,25,0,1540.37,1239.0,1307.25
5638,2021-03-15 15:29:00,1280.0,1280.0,1280.0,1280.0,25,0,1540.37,1239.0,1307.25
5639,2021-03-15 15:30:00,1280.0,1280.0,1280.0,1280.0,25,0,1540.37,1239.0,1307.25
5640,2021-03-16 09:15:00,1280.0,1280.0,1280.0,1280.0,25,0,1540.37,1239.0,1307.25
5641,2021-03-16 09:16:00,1280.0,1280.0,1280.0,1280.0,25,0,1540.37,1239.0,1307.25
5642,2021-03-16 09:17:00,1280.0,1280.0,1280.0,1280.0,25,0,1540.37,1239.0,1307.25
5643,2021-03-16 09:18:00,1280.0,1280.0,1280.0,1280.0,25,0,1540.37,1239.0,1307.25
5644,2021-03-16 09:19:00,1280.0,1280.0,1280.0,1280.0,25,0,1540.37,1239.0,1307.25
5645,2021-03-16 09:20:00,1280.0,1280.0,1280.0,1280.0,25,0,1540.37,1239.0,1307.25
5646,2021-03-16 09:21:00,1383.3,1383.3,1383.3,1383.3,25,625,1383.3,1273.85,1421.0
5647,2021-03-16 09:22:00,1383.3,1383.3,1383.3,1383.3,25,625,1383.3,1273.85,1421.0
5648,2021-03-16 09:23:00,1383.3,1383.3,1383.3,1383.3,25,625,1383.3,1273.85,1421.0
5649,2021-03-16 09:24:00,1383.3,1383.3,1383.3,1383.3,25,625,1383.3,1273.85,1421.0
5650,2021-03-16 09:25:00,1383.3,1383.3,1383.3,1383.3,25,625,1383.3,1273.85,1421.0
5651,2021-03-16 09:26:00,1383.3,1383.3,1383.3,1383.3,25,625,1383.3,1273.85,1421.0
5652,2021-03-16 09:27:00,1383.3,1383.3,1383.3,1383.3,25,625,1383.3,1273.85,1421.0
5653,2021-03-16 09:28:00,1383.3,1383.3,1383.3,1383.3,25,625,1383.3,1273.85,1421.0
5654,2021-03-16 09:29:00,1383.3,1383.3,1383.3,1383.3,25,625,1383.3,1273.85,1421.0
5655,2021-03-16 09:30:00,1383.3,1383.3,1383.3,1383.3,25,625,1383.3,1273.85,1421.0
5656,2021-03-16 09:31:00,1383.3,1383.3,1383.3,1383.3,25,625,1383.3,1273.85,1421.0
5657,2021-03-16 09:32:00,1383.3,1383.3,1383.3,1383.3,25,625,1383.3,1273.85,1421.0
5658,2021-03-16 09:33:00,1383.3,1383.3,1383.3,1383.3,25,625,1383.3,1273.85,1421.0
5659,2021-03-16 09:34:00,1383.3,1383.3,1383.3,1383.3,25,625,1383.3,1273.85,1421.0
5660,2021-03-16 09:35:00,1383.3,1383.3,1383.3,1383.3,25,625,1383.3,1273.85,1421.0
5661,2021-03-16 09:36:00,1383.3,1383.3,1383.3,1383.3,25,625,1383.3,1273.85,1421.0
5662,2021-03-16 09:37:00,1383.3,1383.3,1383.3,1383.3,25,625,1383.3,1273.85,1421.0
5663,2021-03-16 09:38:00,1383.3,1383.3,1383.3,1383.3,25,625,1383.3,1273.85,1421.0
5664,2021-03-16 09:39:00,1383.3,1383.3,1383.3,1383.3,25,625,1383.3,1273.85,1421.0
5665,2021-03-16 09:40:00,1383.3,1383.3,1383.3,1383.3,25,625,1383.3,1273.85,1421.0
5666,2021-03-16 09:41:00,1383.3,1383.3,1383.3,1383.3,25,625,1383.3,1273.85,1421.0
5667,2021-03-16 09:42:00,1383.3,1383.3,1383.3,1383.3,25,625,1383.3,1273.85,1421.0
5668,2021-03-16 09:43:00,1383.3,1383.3,1383.3,1383.3,25,625,1383.3,1273.85,1421.0
5669,2021-03-16 09:44:00,1383.3,1383.3,1383.3,1383.3,25,625,1383.3,1273.85,1421.0
5670,2021-03-16 09:45:00,1383.3,1383.3,1383.3,1383.3,25,625,1383.3,1273.85,1421.0
5671,2021-03-16 09:46:00,1383.3,1383.3,1383.3,1383.3,25,625,1383.3,1273.85,1421.0
5672,2021-03-16 09:47:00,1383.3,1383.3,1383.3,1383.3,25,625,1383.3,1273.85,1421.0
5673,2021-03-16 09:48:00,1383.3,1383.3,1383.3,1383.3,25,625,1383.3,1273.85,1421.0
5674,2021-03-16 09:49:00,1383.3,1383.3,1383.3,1383.3,25,625,1383.3,1273.85,1421.0
5675,2021-03-16 09:50:00,1396.6,1396.6,1396.6,1396.6,25,625,1389.95,1363.15,1431.1
5676,2021-03-16 09:51:00,1396.6,1396.6,1396.6,1396.6,25,625,1389.95,1363.15,1431.1
5677,2021-03-16 09:52:00,1396.6,1396.6,1396.6,1396.6,25,625,1389.95,1363.15,1431.1
5678,2021-03-16 09:53:00,1396.6,1396.6,1396.6,1396.6,25,625,1389.95,1363.15,1431.1
5679,2021-03-16 09:54:00,1396.6,1396.6,1396.6,1396.6,25,625,1389.95,1363.15,1431.1
5680,2021-03-16 09:55:00,1396.6,1396.6,1396.6,1396.6,25,625,1389.95,1363.15,1431.1
5681,2021-03-16 09:56:00,1396.6,1396.6,1396.6,1396.6,25,625,1389.95,1363.15,1431.1
5682,2021-03-16 09:57:00,1396.6,1396.6,1396.6,1396.6,25,625,1389.95,1363.15,1431.1
5683,2021-03-16 09:58:00,1396.6,1396.6,1396.6,1396.6,25,625,1389.95,1363.15,1431.1
5684,2021-03-16 09:59:00,1396.6,1396.6,1396.6,1396.6,25,625,1389.95,1363.15,1431.1
5685,2021-03-16 10:00:00,1396.6,1396.6,1396.6,1396.6,25,625,1389.95,1363.15,1431.1
5686,2021-03-16 10:01:00,1396.6,1396.6,1396.6,1396.6,25,625,1389.95,1363.15,1431.1
5687,2021-03-16 10:02:00,1396.6,1396.6,1396.6,1396.6,25,625,1389.95,1363.15,1431.1
5688,2021-03-16 10:03:00,1396.6,1396.6,1396.6,1396.6,25,625,1389.95,1363.15,1431.1
5689,2021-03-16 10:04:00,1396.6,1396.6,1396.6,1396.6,25,625,1389.95,1363.15,1431.1
5690,2021-03-16 10:05:00,1396.6,1396.6,1396.6,1396.6,25,625,1389.95,1363.15,1431.1
5691,2021-03-16 10:06:00,1396.6,1396.6,1396.6,1396.6,25,625,1389.95,1363.15,1431.1
5692,2021-03-16 10:07:00,1396.6,1396.6,1396.6,1396.6,25,625,1389.95,1363.15,1431.1
5693,2021-03-16 10:08:00,1396.6,1396.6,1396.6,1396.6,25,625,1389.95,1363.15,1431.1
5694,2021-03-16 10:09:00,1396.6,1396.6,1396.6,1396.6,25,625,1389.95,1363.15,1431.1
5695,2021-03-16 10:10:00,1396.6,1396.6,1396.6,1396.6,25,625,1389.95,1363.15,1431.1
5696,2021-03-16 10:11:00,1396.6,1396.6,1396.6,1396.6,25,625,1389.95,1363.15,1431.1
5697,2021-03-16 10:12:00,1396.6,1396.6,1396.6,1396.6,25,625,1389.95,1363.15,1431.1
5698,2021-03-16 10:13:00,1396.6,1396.6,1396.6,1396.6,25,625,1389.95,1363.15,1431.1
5699,2021-03-16 10:14:00,1396.6,1396.6,1396.6,1396.6,25,625,1389.95,1363.15,1431.1
5700,2021-03-16 10:15:00,1396.6,1396.6,1396.6,1396.6,25,625,1389.95,1363.15,1431.1
5701,2021-03-16 10:16:00,1396.6,1396.6,1396.6,1396.6,25,625,1389.95,1363.15,1431.1
5702,2021-03-16 10:17:00,1396.6,1396.6,1396.6,1396.6,25,625,1389.95,1363.15,1431.1
5703,2021-03-16 10:18:00,1396.6,1396.6,1396.6,1396.6,25,625,1389.95,1363.15,1431.1
5704,2021-03-16 10:19:00,1396.6,1396.6,1396.6,1396.6,25,625,1389.95,1363.15,1431.1
5705,2021-03-16 10:20:00,1396.6,1396.6,1396.6,1396.6,25,625,1389.95,1363.15,1431.1
5706,2021-03-16 10:21:00,1396.6,1396.6,1396.6,1396.6,25,625,1389.95,1363.15,1431.1
5707,2021-03-16 10:22:00,1396.6,1396.6,1396.6,1396.6,25,625,1389.95,1363.15,1431.1
5708,2021-03-16 10:23:00,1396.6,1396.6,1396.6,1396.6,25,625,1389.95,1363.15,1431.1
5709,2021-03-16 10:24:00,1396.6,1396.6,1396.6,1396.6,25,625,1389.95,1363.15,1431.1
5710,2021-03-16 10:25:00,1396.6,1396.6,1396.6,1396.6,25,625,1389.95,1363.15,1431.1
5711,2021-03-16 10:26:00,1396.6,1396.6,1396.6,1396.6,25,625,1389.95,1363.15,1431.1
5712,2021-03-16 10:27:00,1396.6,1396.6,1396.6,1396.6,25,625,1389.95,1363.15,1431.1
5713,2021-03-16 10:28:00,1396.6,1396.6,1396.6,1396.6,25,625,1389.95,1363.15,1431.1
5714,2021-03-16 10:29:00,1396.6,1396.6,1396.6,1396.6,25,625,1389.95,1363.15,1431.1
5715,2021-03-16 10:30:00,1280.0,1280.0,1280.0,1280.0,25,0,1353.3,1180.8,1293.6
5716,2021-03-16 10:31:00,1280.0,1280.0,1280.0,1280.0,25,0,1353.3,1180.8,1293.6
5717,2021-03-16 10:32:00,1280.0,1280.0,1280.0,1280.0,25,0,1353.3,1180.8,1293.6
5718,2021-03-16 10:33:00,1280.0,1280.0,1280.0,1280.0,25,0,1353.3,1180.8,1293.6
5719,2021-03-16 10:34:00,1280.0,1280.0,1280.0,1280.0,25,0,1353.3,1180.8,1293.6
5720,2021-03-16 10:35:00,1280.0,1280.0,1280.0,1280.0,25,0,1353.3,1180.8,1293.6
5721,2021-03-16 10:36:00,1280.0,1280.0,1280.0,1280.0,25,0,1353.3,1180.8,1293.6
5722,2021-03-16 10:37:00,1280.0,1280.0,1280.0,1280.0,25,0,1353.3,1180.8,1293.6
5723,2021-03-16 10:38:00,1280.0,1280.0,1280.0,1280.0,25,0,1353.3,1180.8,1293.6
5724,2021-03-16 10:39:00,1280.0,1280.0,1280.0,1280.0,25,0,1353.3,1180.8,1293.6
5725,2021-03-16 10:40:00,1280.0,1280.0,1280.0,1280.0,25,0,1353.3,1180.8,1293.6
5726,2021-03-16 10:41:00,1280.0,1280.0,1280.0,1280.0,25,0,1353.3,1180.8,1293.6
5727,2021-03-16 10:42:00,1249.4,1249.4,1249.4,1249.4,25,0,1327.32,1211.5,1279.45
5728,2021-03-16 10:43:00,1249.4,1249.4,1249.4,1249.4,25,0,1327.32,1211.5,1279.45
5729,2021-03-16 10:44:00,1249.4,1249.4,1249.4,1249.4,25,0,1327.32,1211.5,1279.45
5730,2021-03-16 10:45:00,1249.4,1249.4,1249.4,1249.4,25,0,1327.32,1211.5,1279.45
5731,2021-03-16 10:46:00,1249.4,1249.4,1249.4,1249.4,25,0,1327.32,1211.5,1279.45
5732,2021-03-16 10:47:00,1249.4,1249.4,1249.4,1249.4,25,0,1327.32,1211.5,1279.45
5733,2021-03-16 10:48:00,1249.4,1249.4,1249.4,1249.4,25,0,1327.32,1211.5,1279.45
5734,2021-03-16 10:49:00,1249.4,1249.4,1249.4,1249.4,25,0,1327.32,1211.5,1279.45
5735,2021-03-16 10:50:00,1249.4,1249.4,1249.4,1249.4,25,0,1327.32,1211.5,1279.45
5736,2021-03-16 10:51:00,1249.4,1249.4,1249.4,1249.4,25,0,1327.32,1211.5,1279.45
5737,2021-03-16 10:52:00,1249.4,1249.4,1249.4,1249.4,25,0,1327.32,1211.5,1279.45
5738,2021-03-16 10:53:00,1249.4,1249.4,1249.4,1249.4,25,0,1327.32,1211.5,1279.45
5739,2021-03-16 10:54:00,1249.4,1249.4,1249.4,1249.4,25,0,1327.32,1211.5,1279.45
5740,2021-03-16 10:55:00,1249.4,1249.4,1249.4,1249.4,25,0,1327.32,1211.5,1279.45
5741,2021-03-16 10:56:00,1249.4,1249.4,1249.4,1249.4,25,0,1327.32,1211.5,1279.45
5742,2021-03-16 10:57:00,1249.4,1249.4,1249.4,1249.4,25,0,1327.32,1211.5,1279.45
5743,2021-03-16 10:58:00,1249.4,1249.4,1249.4,1249.4,25,0,1327.32,1211.5,1279.45
5744,2021-03-16 10:59:00,1249.4,1249.4,1249.4,1249.4,25,0,1327.32,1211.5,1279.45
5745,2021-03-16 11:00:00,1249.4,1249.4,1249.4,1249.4,25,0,1327.32,1211.5,1279.45
5746,2021-03-16 11:01:00,1249.4,1249.4,1249.4,1249.4,25,0,1327.32,1211.5,1279.45
5747,2021-03-16 11:02:00,1249.4,1249.4,1249.4,1249.4,25,0,1327.32,1211.5,1279.45
5748,2021-03-16 11:03:00,1249.4,1249.4,1249.4,1249.4,25,0,1327.32,1211.5,1279.45
5749,2021-03-16 11:04:00,1249.4,1249.4,1249.4,1249.4,25,0,1327.32,1211.5,1279.45
5750,2021-03-16 11:05:00,1249.4,1249.4,1249.4,1249.4,25,0,1327.32,1211.5,1279.45
5751,2021-03-16 11:06:00,1249.4,1249.4,1249.4,1249.4,25,0,1327.32,1211.5,1279.45
5752,2021-03-16 11:07:00,1249.4,1249.4,1249.4,1249.4,25,0,1327.32,1211.5,1279.45
5753,2021-03-16 11:08:00,1249.4,1249.4,1249.4,1249.4,25,0,1327.32,1211.5,1279.45
5754,2021-03-16 11:09:00,1249.4,1249.4,1249.4,1249.4,25,0,1327.32,1211.5,1279.45
5755,2021-03-16 11:10:00,1249.4,1249.4,1249.4,1249.4,25,0,1327.32,1211.5,1279.45
5756,2021-03-16 11:11:00,1249.4,1249.4,1249.4,1249.4,25,0,1327.32,1211.5,1279.45
5757,2021-03-16 11:12:00,1249.4,1249.4,1249.4,1249.4,25,0,1327.32,1211.5,1279.45
5758,2021-03-16 11:13:00,1249.4,1249.4,1249.4,1249.4,25,0,1327.32,1211.5,1279.45
5759,2021-03-16 11:14:00,1249.4,1249.4,1249.4,1249.4,25,0,1327.32,1211.5,1279.45
5760,2021-03-16 11:15:00,1249.4,1249.4,1249.4,1249.4,25,0,1327.32,1211.5,1279.45
5761,2021-03-16 11:16:00,1249.4,1249.4,1249.4,1249.4,25,0,1327.32,1211.5,1279.45
5762,2021-03-16 11:17:00,1249.4,1249.4,1249.4,1249.4,25,0,1327.32,1211.5,1279.45
5763,2021-03-16 11:18:00,1330.0,1330.0,1330.0,1330.0,25,675,1327.86,1300.5,1366.5
5764,2021-03-16 11:19:00,1330.0,1330.0,1330.0,1330.0,25,675,1327.86,1300.5,1366.5
5765,2021-03-16 11:20:00,1330.0,1330.0,1330.0,1330.0,25,675,1327.86,1300.5,1366.5
5766,2021-03-16 11:21:00,1330.0,1330.0,1330.0,1330.0,25,675,1327.86,1300.5,1366.5
5767,2021-03-16 11:22:00,1330.0,1330.0,1330.0,1330.0,25,675,1327.86,1300.5,1366.5
5768,2021-03-16 11:23:00,1330.0,1330.0,1330.0,1330.0,25,675,1327.86,1300.5,1366.5
5769,2021-03-16 11:24:00,1330.0,1330.0,1330.0,1330.0,25,675,1327.86,1300.5,1366.5
5770,2021-03-16 11:25:00,1330.0,1330.0,1330.0,1330.0,25,675,1327.86,1300.5,1366.5
5771,2021-03-16 11:26:00,1330.0,1330.0,1330.0,1330.0,25,675,1327.86,1300.5,1366.5
5772,2021-03-16 11:27:00,1330.0,1330.0,1330.0,1330.0,25,675,1327.86,1300.5,1366.5
5773,2021-03-16 11:28:00,1330.0,1330.0,1330.0,1330.0,25,675,1327.86,1300.5,1366.5
5774,2021-03-16 11:29:00,1330.0,1330.0,1330.0,1330.0,25,675,1327.86,1300.5,1366.5
5775,2021-03-16 11:30:00,1330.0,1330.0,1330.0,1330.0,25,675,1327.86,1300.5,1366.5
5776,2021-03-16 11:31:00,1330.0,1330.0,1330.0,1330.0,25,675,1327.86,1300.5,1366.5
5777,2021-03-16 11:32:00,1330.0,1330.0,1330.0,1330.0,25,675,1327.86,1300.5,1366.5
5778,2021-03-16 11:33:00,1330.0,1330.0,1330.0,1330.0,25,675,1327.86,1300.5,1366.5
5779,2021-03-16 11:34:00,1330.0,1330.0,1330.0,1330.0,25,675,1327.86,1300.5,1366.5
5780,2021-03-16 11:35:00,1330.0,1330.0,1330.0,1330.0,25,675,1327.86,1300.5,1366.5
5781,2021-03-16 11:36:00,1330.0,1330.0,1330.0,1330.0,25,675,1327.86,1300.5,1366.5
5782,2021-03-16 11:37:00,1330.0,1330.0,1330.0,1330.0,25,675,1327.86,1300.5,1366.5
5783,2021-03-16 11:38:00,1330.0,1330.0,1330.0,1330.0,25,675,1327.86,1300.5,1366.5
5784,2021-03-16 11:39:00,1330.0,1330.0,1330.0,1330.0,25,675,1327.86,1300.5,1366.5
5785,2021-03-16 11:40:00,1330.0,1330.0,1330.0,1330.0,25,675,1327.86,1300.5,1366.5
5786,2021-03-16 11:41:00,1330.0,1330.0,1330.0,1330.0,25,675,1327.86,1300.5,1366.5
5787,2021-03-16 11:42:00,1330.0,1330.0,1330.0,1330.0,25,675,1327.86,1300.5,1366.5
5788,2021-03-16 11:43:00,1330.0,1330.0,1330.0,1330.0,25,675,1327.86,1300.5,1366.5
5789,2021-03-16 11:44:00,1330.0,1330.0,1330.0,1330.0,25,675,1327.86,1300.5,1366.5
5790,2021-03-16 11:45:00,1330.0,1330.0,1330.0,1330.0,25,675,1327.86,1300.5,1366.5
5791,2021-03-16 11:46:00,1330.0,1330.0,1330.0,1330.0,25,675,1327.86,1300.5,1366.5
5792,2021-03-16 11:47:00,1330.0,1330.0,1330.0,1330.0,25,675,1327.86,1300.5,1366.5
5793,2021-03-16 11:48:00,1380.0,1380.0,1380.0,1380.0,25,0,1336.55,1336.7,1387.2
5794,2021-03-16 11:49:00,1380.0,1380.0,1380.0,1380.0,25,0,1336.55,1336.7,1387.2
5795,2021-03-16 11:50:00,1380.0,1380.0,1380.0,1380.0,25,0,1336.55,1336.7,1387.2
5796,2021-03-16 11:51:00,1380.0,1380.0,1380.0,1380.0,25,0,1336.55,1336.7,1387.2
5797,2021-03-16 11:52:00,1380.0,1380.0,1380.0,1380.0,25,0,1336.55,1336.7,1387.2
5798,2021-03-16 11:53:00,1380.0,1380.0,1380.0,1380.0,25,0,1336.55,1336.7,1387.2
5799,2021-03-16 11:54:00,1380.0,1380.0,1380.0,1380.0,25,0,1336.55,1336.7,1387.2
5800,2021-03-16 11:55:00,1380.0,1380.0,1380.0,1380.0,25,0,1336.55,1336.7,1387.2
5801,2021-03-16 11:56:00,1380.0,1380.0,1380.0,1380.0,25,0,1336.55,1336.7,1387.2
5802,2021-03-16 11:57:00,1380.0,1380.0,1380.0,1380.0,25,0,1336.55,1336.7,1387.2
5803,2021-03-16 11:58:00,1380.0,1380.0,1380.0,1380.0,25,0,1336.55,1336.7,1387.2
5804,2021-03-16 11:59:00,1380.0,1380.0,1380.0,1380.0,25,0,1336.55,1336.7,1387.2
5805,2021-03-16 12:00:00,1380.0,1380.0,1380.0,1380.0,25,0,1336.55,1336.7,1387.2
5806,2021-03-16 12:01:00,1380.0,1380.0,1380.0,1380.0,25,0,1336.55,1336.7,1387.2
5807,2021-03-16 12:02:00,1380.0,1380.0,1380.0,1380.0,25,0,1336.55,1336.7,1387.2
5808,2021-03-16 12:03:00,1380.0,1380.0,1380.0,1380.0,25,0,1336.55,1336.7,1387.2
5809,2021-03-16 12:04:00,1380.0,1380.0,1380.0,1380.0,25,0,1336.55,1336.7,1387.2
5810,2021-03-16 12:05:00,1380.0,1380.0,1380.0,1380.0,25,0,1336.55,1336.7,1387.2
5811,2021-03-16 12:06:00,1380.0,1380.0,1380.0,1380.0,25,0,1336.55,1336.7,1387.2
5812,2021-03-16 12:07:00,1251.2,1251.2,1251.2,1251.2,25,0,1324.35,1262.3,1324.2
5813,2021-03-16 12:08:00,1251.2,1251.2,1251.2,1251.2,25,0,1324.35,1262.3,1324.2
5814,2021-03-16 12:09:00,1251.2,1251.2,1251.2,1251.2,25,0,1324.35,1262.3,1324.2
5815,2021-03-16 12:10:00,1251.2,1251.2,1251.2,1251.2,25,0,1324.35,1262.3,1324.2
5816,2021-03-16 12:11:00,1251.2,1251.2,1251.2,1251.2,25,0,1324.35,1262.3,1324.2
5817,2021-03-16 12:12:00,1251.2,1251.2,1251.2,1251.2,25,0,1324.35,1262.3,1324.2
5818,2021-03-16 12:13:00,1251.2,1251.2,1251.2,1251.2,25,0,1324.35,1262.3,1324.2
5819,2021-03-16 12:14:00,1251.2,1251.2,1251.2,1251.2,25,0,1324.35,1262.3,1324.2
5820,2021-03-16 12:15:00,1251.2,1251.2,1251.2,1251.2,25,0,1324.35,1262.3,1324.2
5821,2021-03-16 12:16:00,1251.2,1251.2,1251.2,1251.2,25,0,1324.35,1262.3,1324.2
5822,2021-03-16 12:17:00,1251.2,1251.2,1251.2,1251.2,25,0,1324.35,1262.3,1324.2
5823,2021-03-16 12:18:00,1251.2,1251.2,1251.2,1251.2,25,0,1324.35,1262.3,1324.2
5824,2021-03-16 12:19:00,1251.2,1251.2,1251.2,1251.2,25,0,1324.35,1262.3,1324.2
5825,2021-03-16 12:20:00,1251.2,1251.2,1251.2,1251.2,25,0,1324.35,1262.3,1324.2
5826,2021-03-16 12:21:00,1251.2,1251.2,1251.2,1251.2,25,0,1324.35,1262.3,1324.2
5827,2021-03-16 12:22:00,1251.2,1251.2,1251.2,1251.2,25,0,1324.35,1262.3,1324.2
5828,2021-03-16 12:23:00,1251.2,1251.2,1251.2,1251.2,25,0,1324.35,1262.3,1324.2
5829,2021-03-16 12:24:00,1251.2,1251.2,1251.2,1251.2,25,0,1324.35,1262.3,1324.2
5830,2021-03-16 12:25:00,1251.2,1251.2,1251.2,1251.2,25,0,1324.35,1262.3,1324.2
5831,2021-03-16 12:26:00,1251.2,1251.2,1251.2,1251.2,25,0,1324.35,1262.3,1324.2
5832,2021-03-16 12:27:00,1251.2,1251.2,1251.2,1251.2,25,0,1324.35,1262.3,1324.2
5833,2021-03-16 12:28:00,1251.2,1251.2,1251.2,1251.2,25,0,1324.35,1262.3,1324.2
5834,2021-03-16 12:29:00,1251.2,1251.2,1251.2,1251.2,25,0,1324.35,1262.3,1324.2
5835,2021-03-16 12:30:00,1251.2,1251.2,1251.2,1251.2,25,0,1324.35,1262.3,1324.2
5836,2021-03-16 12:31:00,1251.2,1251.2,1251.2,1251.2,25,0,1324.35,1262.3,1324.2
5837,2021-03-16 12:32:00,1251.2,1251.2,1251.2,1251.2,25,0,1324.35,1262.3,1324.2
5838,2021-03-16 12:33:00,1251.2,1251.2,1251.2,1251.2,25,0,1324.35,1262.3,1324.2
5839,2021-03-16 12:34:00,1251.2,1251.2,1251.2,1251.2,25,0,1324.35,1262.3,1324.2
5840,2021-03-16 12:35:00,1251.2,1251.2,1251.2,1251.2,25,0,1324.35,1262.3,1324.2
5841,2021-03-16 12:36:00,1251.2,1251.2,1251.2,1251.2,25,0,1324.35,1262.3,1324.2
5842,2021-03-16 12:37:00,1251.2,1251.2,1251.2,1251.2,25,0,1324.35,1262.3,1324.2
5843,2021-03-16 12:38:00,1251.2,1251.2,1251.2,1251.2,25,0,1324.35,1262.3,1324.2
5844,2021-03-16 12:39:00,1251.2,1251.2,1251.2,1251.2,25,0,1324.35,1262.3,1324.2
5845,2021-03-16 12:40:00,1251.2,1251.2,1251.2,1251.2,25,0,1324.35,1262.3,1324.2
5846,2021-03-16 12:41:00,1251.2,1251.2,1251.2,1251.2,25,0,1324.35,1262.3,1324.2
5847,2021-03-16 12:42:00,1251.2,1251.2,1251.2,1251.2,25,0,1324.35,1262.3,1324.2
5848,2021-03-16 12:43:00,1251.2,1251.2,1251.2,1251.2,25,0,1324.35,1262.3,1324.2
5849,2021-03-16 12:44:00,1251.2,1251.2,1251.2,1251.2,25,0,1324.35,1262.3,1324.2
5850,2021-03-16 12:45:00,1251.2,1251.2,1251.2,1251.2,25,0,1324.35,1262.3,1324.2
5851,2021-03-16 12:46:00,1251.2,1251.2,1251.2,1251.2,25,0,1324.35,1262.3,1324.2
5852,2021-03-16 12:47:00,1251.2,1251.2,1251.2,1251.2,25,0,1324.35,1262.3,1324.2
5853,2021-03-16 12:48:00,1251.2,1251.2,1251.2,1251.2,25,0,1324.35,1262.3,1324.2
5854,2021-03-16 12:49:00,1251.2,1251.2,1251.2,1251.2,25,0,1324.35,1262.3,1324.2
5855,2021-03-16 12:50:00,1251.2,1251.2,1251.2,1251.2,25,0,1324.35,1262.3,1324.2
5856,2021-03-16 12:51:00,1251.2,1251.2,1251.2,1251.2,25,0,1324.35,1262.3,1324.2
5857,2021-03-16 12:52:00,1251.2,1251.2,1251.2,1251.2,25,0,1324.35,1262.3,1324.2
5858,2021-03-16 12:53:00,1251.2,1251.2,1251.2,1251.2,25,0,1324.35,1262.3,1324.2
5859,2021-03-16 12:54:00,1251.2,1251.2,1251.2,1251.2,25,0,1324.35,1262.3,1324.2
5860,2021-03-16 12:55:00,1251.2,1251.2,1251.2,1251.2,25,0,1324.35,1262.3,1324.2
5861,2021-03-16 12:56:00,1251.2,1251.2,1251.2,1251.2,25,0,1324.35,1262.3,1324.2
5862,2021-03-16 12:57:00,1251.2,1251.2,1251.2,1251.2,25,0,1324.35,1262.3,1324.2
5863,2021-03-16 12:58:00,1251.2,1251.2,1251.2,1251.2,25,0,1324.35,1262.3,1324.2
5864,2021-03-16 12:59:00,1251.2,1251.2,1251.2,1251.2,25,0,1324.35,1262.3,1324.2
5865,2021-03-16 13:00:00,1251.2,1251.2,1251.2,1251.2,25,0,1324.35,1262.3,1324.2
5866,2021-03-16 13:01:00,1251.2,1251.2,1251.2,1251.2,25,0,1324.35,1262.3,1324.2
5867,2021-03-16 13:02:00,1251.2,1251.2,1251.2,1251.2,25,0,1324.35,1262.3,1324.2
5868,2021-03-16 13:03:00,1251.2,1251.2,1251.2,1251.2,25,0,1324.35,1262.3,1324.2
5869,2021-03-16 13:04:00,1251.2,1251.2,1251.2,1251.2,25,0,1324.35,1262.3,1324.2
5870,2021-03-16 13:05:00,1251.2,1251.2,1251.2,1251.2,25,0,1324.35,1262.3,1324.2
5871,2021-03-16 13:06:00,1251.2,1251.2,1251.2,1251.2,25,0,1324.35,1262.3,1324.2
5872,2021-03-16 13:07:00,1251.2,1251.2,1251.2,1251.2,25,0,1324.35,1262.3,1324.2
5873,2021-03-16 13:08:00,1251.2,1251.2,1251.2,1251.2,25,0,1324.35,1262.3,1324.2
5874,2021-03-16 13:09:00,1251.2,1251.2,1251.2,1251.2,25,0,1324.35,1262.3,1324.2
5875,2021-03-16 13:10:00,1251.2,1251.2,1251.2,1251.2,25,0,1324.35,1262.3,1324.2
5876,2021-03-16 13:11:00,1251.2,1251.2,1251.2,1251.2,25,0,1324.35,1262.3,1324.2
5877,2021-03-16 13:12:00,1251.2,1251.2,1251.2,1251.2,25,0,1324.35,1262.3,1324.2
5878,2021-03-16 13:13:00,1251.2,1251.2,1251.2,1251.2,25,0,1324.35,1262.3,1324.2
5879,2021-03-16 13:14:00,1251.2,1251.2,1251.2,1251.2,25,0,1324.35,1262.3,1324.2
5880,2021-03-16 13:15:00,1251.2,1251.2,1251.2,1251.2,25,0,1324.35,1262.3,1324.2
5881,2021-03-16 13:16:00,1251.2,1251.2,1251.2,1251.2,25,0,1324.35,1262.3,1324.2
5882,2021-03-16 13:17:00,1251.2,1251.2,1251.2,1251.2,25,0,1324.35,1262.3,1324.2
5883,2021-03-16 13:18:00,1251.2,1251.2,1251.2,1251.2,25,0,1324.35,1262.3,1324.2
5884,2021-03-16 13:19:00,1251.2,1251.2,1251.2,1251.2,25,0,1324.35,1262.3,1324.2
5885,2021-03-16 13:20:00,1251.2,1251.2,1251.2,1251.2,25,0,1324.35,1262.3,1324.2
5886,2021-03-16 13:21:00,1251.2,1251.2,1251.2,1251.2,25,0,1324.35,1262.3,1324.2
5887,2021-03-16 13:22:00,1251.2,1251.2,1251.2,1251.2,25,0,1324.35,1262.3,1324.2
5888,2021-03-16 13:23:00,1251.2,1251.2,1251.2,1251.2,25,0,1324.35,1262.3,1324.2
5889,2021-03-16 13:24:00,1251.2,1251.2,1251.2,1251.2,25,0,1324.35,1262.3,1324.2
5890,2021-03-16 13:25:00,1251.2,1251.2,1251.2,1251.2,25,0,1324.35,1262.3,1324.2
5891,2021-03-16 13:26:00,1251.2,1251.2,1251.2,1251.2,25,0,1324.35,1262.3,1324.2
5892,2021-03-16 13:27:00,1251.2,1251.2,1251.2,1251.2,25,0,1324.35,1262.3,1324.2
5893,2021-03-16 13:28:00,1251.2,1251.2,1251.2,1251.2,25,0,1324.35,1262.3,1324.2
5894,2021-03-16 13:29:00,1251.2,1251.2,1251.2,1251.2,25,0,1324.35,1262.3,1324.2
5895,2021-03-16 13:30:00,1251.2,1251.2,1251.2,1251.2,25,0,1324.35,1262.3,1324.2
5896,2021-03-16 13:31:00,1251.2,1251.2,1251.2,1251.2,25,0,1324.35,1262.3,1324.2
5897,2021-03-16 13:32:00,1251.2,1251.2,1251.2,1251.2,25,0,1324.35,1262.3,1324.2
5898,2021-03-16 13:33:00,1251.2,1251.2,1251.2,1251.2,25,0,1324.35,1262.3,1324.2
5899,2021-03-16 13:34:00,1251.2,1251.2,1251.2,1251.2,25,0,1324.35,1262.3,1324.2
5900,2021-03-16 13:35:00,1251.2,1251.2,1251.2,1251.2,25,0,1324.35,1262.3,1324.2
5901,2021-03-16 13:36:00,1251.2,1251.2,1251.2,1251.2,25,0,1324.35,1262.3,1324.2
5902,2021-03-16 13:37:00,1251.2,1251.2,1251.2,1251.2,25,0,1324.35,1262.3,1324.2
5903,2021-03-16 13:38:00,1251.2,1251.2,1251.2,1251.2,25,0,1324.35,1262.3,1324.2
5904,2021-03-16 13:39:00,1251.2,1251.2,1251.2,1251.2,25,0,1324.35,1262.3,1324.2
5905,2021-03-16 13:40:00,1251.2,1251.2,1251.2,1251.2,25,0,1324.35,1262.3,1324.2
5906,2021-03-16 13:41:00,1251.2,1251.2,1251.2,1251.2,25,0,1324.35,1262.3,1324.2
5907,2021-03-16 13:42:00,1251.2,1251.2,1251.2,1251.2,25,0,1324.35,1262.3,1324.2
5908,2021-03-16 13:43:00,1251.2,1251.2,1251.2,1251.2,25,0,1324.35,1262.3,1324.2
5909,2021-03-16 13:44:00,1251.2,1251.2,1251.2,1251.2,25,0,1324.35,1262.3,1324.2
5910,2021-03-16 13:45:00,1251.2,1251.2,1251.2,1251.2,25,0,1324.35,1262.3,1324.2
5911,2021-03-16 13:46:00,1251.2,1251.2,1251.2,1251.2,25,0,1324.35,1262.3,1324.2
5912,2021-03-16 13:47:00,1251.2,1251.2,1251.2,1251.2,25,0,1324.35,1262.3,1324.2
5913,2021-03-16 13:48:00,1251.2,1251.2,1251.2,1251.2,25,0,1324.35,1262.3,1324.2
5914,2021-03-16 13:49:00,1251.2,1251.2,1251.2,1251.2,25,0,1324.35,1262.3,1324.2
5915,2021-03-16 13:50:00,1251.2,1251.2,1251.2,1251.2,25,0,1324.35,1262.3,1324.2
5916,2021-03-16 13:51:00,1251.2,1251.2,1251.2,1251.2,25,0,1324.35,1262.3,1324.2
5917,2021-03-16 13:52:00,1251.2,1251.2,1251.2,1251.2,25,0,1324.35,1262.3,1324.2
5918,2021-03-16 13:53:00,1251.2,1251.2,1251.2,1251.2,25,0,1324.35,1262.3,1324.2
5919,2021-03-16 13:54:00,1251.2,1251.2,1251.2,1251.2,25,0,1324.35,1262.3,1324.2
5920,2021-03-16 13:55:00,1251.2,1251.2,1251.2,1251.2,25,0,1324.35,1262.3,1324.2
5921,2021-03-16 13:56:00,1251.2,1251.2,1251.2,1251.2,25,0,1324.35,1262.3,1324.2
5922,2021-03-16 13:57:00,1251.2,1251.2,1251.2,1251.2,25,0,1324.35,1262.3,1324.2
5923,2021-03-16 13:58:00,1251.2,1251.2,1251.2,1251.2,25,0,1324.35,1262.3,1324.2
5924,2021-03-16 13:59:00,1251.2,1251.2,1251.2,1251.2,25,0,1324.35,1262.3,1324.2
5925,2021-03-16 14:00:00,1251.2,1251.2,1251.2,1251.2,25,0,1324.35,1262.3,1324.2
5926,2021-03-16 14:01:00,1251.2,1251.2,1251.2,1251.2,25,0,1324.35,1262.3,1324.2
5927,2021-03-16 14:02:00,1251.2,1251.2,1251.2,1251.2,25,0,1324.35,1262.3,1324.2
5928,2021-03-16 14:03:00,1251.2,1251.2,1251.2,1251.2,25,0,1324.35,1262.3,1324.2
5929,2021-03-16 14:04:00,1251.2,1251.2,1251.2,1251.2,25,0,1324.35,1262.3,1324.2
5930,2021-03-16 14:05:00,1251.2,1251.2,1251.2,1251.2,25,0,1324.35,1262.3,1324.2
5931,2021-03-16 14:06:00,1251.2,1251.2,1251.2,1251.2,25,0,1324.35,1262.3,1324.2
5932,2021-03-16 14:07:00,1251.2,1251.2,1251.2,1251.2,25,0,1324.35,1262.3,1324.2
5933,2021-03-16 14:08:00,1251.2,1251.2,1251.2,1251.2,25,0,1324.35,1262.3,1324.2
5934,2021-03-16 14:09:00,1251.2,1251.2,1251.2,1251.2,25,0,1324.35,1262.3,1324.2
5935,2021-03-16 14:10:00,1251.2,1251.2,1251.2,1251.2,25,0,1324.35,1262.3,1324.2
5936,2021-03-16 14:11:00,1251.2,1251.2,1251.2,1251.2,25,0,1324.35,1262.3,1324.2
5937,2021-03-16 14:12:00,1251.2,1251.2,1251.2,1251.2,25,0,1324.35,1262.3,1324.2
5938,2021-03-16 14:13:00,1251.2,1251.2,1251.2,1251.2,25,0,1324.35,1262.3,1324.2
5939,2021-03-16 14:14:00,1251.2,1251.2,1251.2,1251.2,25,0,1324.35,1262.3,1324.2
5940,2021-03-16 14:15:00,1251.2,1251.2,1251.2,1251.2,25,0,1324.35,1262.3,1324.2
5941,2021-03-16 14:16:00,1251.2,1251.2,1251.2,1251.2,25,0,1324.35,1262.3,1324.2
5942,2021-03-16 14:17:00,1251.2,1251.2,1251.2,1251.2,25,0,1324.35,1262.3,1324.2
5943,2021-03-16 14:18:00,1251.2,1251.2,1251.2,1251.2,25,0,1324.35,1262.3,1324.2
5944,2021-03-16 14:19:00,1251.2,1251.2,1251.2,1251.2,25,0,1324.35,1262.3,1324.2
5945,2021-03-16 14:20:00,1251.2,1251.2,1251.2,1251.2,25,0,1324.35,1262.3,1324.2
5946,2021-03-16 14:21:00,1251.2,1251.2,1251.2,1251.2,25,0,1324.35,1262.3,1324.2
5947,2021-03-16 14:22:00,1251.2,1251.2,1251.2,1251.2,25,0,1324.35,1262.3,1324.2
5948,2021-03-16 14:23:00,1251.2,1251.2,1251.2,1251.2,25,0,1324.35,1262.3,1324.2
5949,2021-03-16 14:24:00,1251.2,1251.2,1251.2,1251.2,25,0,1324.35,1262.3,1324.2
5950,2021-03-16 14:25:00,1251.2,1251.2,1251.2,1251.2,25,0,1324.35,1262.3,1324.2
5951,2021-03-16 14:26:00,1251.2,1251.2,1251.2,1251.2,25,0,1324.35,1262.3,1324.2
5952,2021-03-16 14:27:00,1251.2,1251.2,1251.2,1251.2,25,0,1324.35,1262.3,1324.2
5953,2021-03-16 14:28:00,1251.2,1251.2,1251.2,1251.2,25,0,1324.35,1262.3,1324.2
5954,2021-03-16 14:29:00,1251.2,1251.2,1251.2,1251.2,25,0,1324.35,1262.3,1324.2
5955,2021-03-16 14:30:00,1251.2,1251.2,1251.2,1251.2,25,0,1324.35,1262.3,1324.2
5956,2021-03-16 14:31:00,1251.2,1251.2,1251.2,1251.2,25,0,1324.35,1262.3,1324.2
5957,2021-03-16 14:32:00,1251.2,1251.2,1251.2,1251.2,25,0,1324.35,1262.3,1324.2
5958,2021-03-16 14:33:00,1251.2,1251.2,1251.2,1251.2,25,0,1324.35,1262.3,1324.2
5959,2021-03-16 14:34:00,1251.2,1251.2,1251.2,1251.2,25,0,1324.35,1262.3,1324.2
5960,2021-03-16 14:35:00,1251.2,1251.2,1251.2,1251.2,25,0,1324.35,1262.3,1324.2
5961,2021-03-16 14:36:00,1251.2,1251.2,1251.2,1251.2,25,0,1324.35,1262.3,1324.2
5962,2021-03-16 14:37:00,1251.2,1251.2,1251.2,1251.2,25,0,1324.35,1262.3,1324.2
5963,2021-03-16 14:38:00,1251.2,1251.2,1251.2,1251.2,25,0,1324.35,1262.3,1324.2
5964,2021-03-16 14:39:00,1251.2,1251.2,1251.2,1251.2,25,0,1324.35,1262.3,1324.2
5965,2021-03-16 14:40:00,1251.2,1251.2,1251.2,1251.2,25,0,1324.35,1262.3,1324.2
5966,2021-03-16 14:41:00,1251.2,1251.2,1251.2,1251.2,25,0,1324.35,1262.3,1324.2
5967,2021-03-16 14:42:00,1251.2,1251.2,1251.2,1251.2,25,0,1324.35,1262.3,1324.2
5968,2021-03-16 14:43:00,1251.2,1251.2,1251.2,1251.2,25,0,1324.35,1262.3,1324.2
5969,2021-03-16 14:44:00,1251.2,1251.2,1251.2,1251.2,25,0,1324.35,1262.3,1324.2
5970,2021-03-16 14:45:00,1251.2,1251.2,1251.2,1251.2,25,0,1324.35,1262.3,1324.2
5971,2021-03-16 14:46:00,1251.2,1251.2,1251.2,1251.2,25,0,1324.35,1262.3,1324.2
5972,2021-03-16 14:47:00,1251.2,1251.2,1251.2,1251.2,25,0,1324.35,1262.3,1324.2
5973,2021-03-16 14:48:00,1251.2,1251.2,1251.2,1251.2,25,0,1324.35,1262.3,1324.2
5974,2021-03-16 14:49:00,1251.2,1251.2,1251.2,1251.2,25,0,1324.35,1262.3,1324.2
5975,2021-03-16 14:50:00,1251.2,1251.2,1251.2,1251.2,25,0,1324.35,1262.3,1324.2
5976,2021-03-16 14:51:00,1251.2,1251.2,1251.2,1251.2,25,0,1324.35,1262.3,1324.2
5977,2021-03-16 14:52:00,1251.2,1251.2,1251.2,1251.2,25,0,1324.35,1262.3,1324.2
5978,2021-03-16 14:53:00,1251.2,1251.2,1251.2,1251.2,25,0,1324.35,1262.3,1324.2
5979,2021-03-16 14:54:00,1251.2,1251.2,1251.2,1251.2,25,0,1324.35,1262.3,1324.2
5980,2021-03-16 14:55:00,1251.2,1251.2,1251.2,1251.2,25,0,1324.35,1262.3,1324.2
5981,2021-03-16 14:56:00,1251.2,1251.2,1251.2,1251.2,25,0,1324.35,1262.3,1324.2
5982,2021-03-16 14:57:00,1397.35,1397.35,1397.35,1397.35,25,0,1333.48,1376.35,1438.8
5983,2021-03-16 14:58:00,1397.35,1397.35,1397.35,1397.35,25,0,1333.48,1376.35,1438.8
5984,2021-03-16 14:59:00,1397.35,1397.35,1397.35,1397.35,25,0,1333.48,1376.35,1438.8
5985,2021-03-16 15:00:00,1397.35,1397.35,1397.35,1397.35,25,0,1333.48,1376.35,1438.8
5986,2021-03-16 15:01:00,1397.35,1397.35,1397.35,1397.35,25,0,1333.48,1376.35,1438.8
5987,2021-03-16 15:02:00,1397.35,1397.35,1397.35,1397.35,25,0,1333.48,1376.35,1438.8
5988,2021-03-16 15:03:00,1397.35,1397.35,1397.35,1397.35,25,0,1333.48,1376.35,1438.8
5989,2021-03-16 15:04:00,1397.35,1397.35,1397.35,1397.35,25,0,1333.48,1376.35,1438.8
5990,2021-03-16 15:05:00,1397.35,1397.35,1397.35,1397.35,25,0,1333.48,1376.35,1438.8
5991,2021-03-16 15:06:00,1397.35,1397.35,1397.35,1397.35,25,0,1333.48,1376.35,1438.8
5992,2021-03-16 15:07:00,1397.35,1397.35,1397.35,1397.35,25,0,1333.48,1376.35,1438.8
5993,2021-03-16 15:08:00,1397.35,1397.35,1397.35,1397.35,25,0,1333.48,1376.35,1438.8
5994,2021-03-16 15:09:00,1397.35,1397.35,1397.35,1397.35,25,0,1333.48,1376.35,1438.8
5995,2021-03-16 15:10:00,1397.35,1397.35,1397.35,1397.35,25,0,1333.48,1376.35,1438.8
5996,2021-03-16 15:11:00,1397.35,1397.35,1397.35,1397.35,25,0,1333.48,1376.35,1438.8
5997,2021-03-16 15:12:00,1397.35,1397.35,1397.35,1397.35,25,0,1333.48,1376.35,1438.8
5998,2021-03-16 15:13:00,1397.35,1397.35,1397.35,1397.35,25,0,1333.48,1376.35,1438.8
5999,2021-03-16 15:14:00,1397.35,1397.35,1397.35,1397.35,25,0,1333.48,1376.35,1438.8
6000,2021-03-16 15:15:00,1397.35,1397.35,1397.35,1397.35,25,0,1333.48,1376.35,1438.8
6001,2021-03-16 15:16:00,1397.35,1397.35,1397.35,1397.35,25,0,1333.48,1376.35,1438.8
6002,2021-03-16 15:17:00,1397.35,1397.35,1397.35,1397.35,25,0,1333.48,1376.35,1438.8
6003,2021-03-16 15:18:00,1397.35,1397.35,1397.35,1397.35,25,0,1333.48,1376.35,1438.8
6004,2021-03-16 15:19:00,1397.35,1397.35,1397.35,1397.35,25,0,1333.48,1376.35,1438.8
6005,2021-03-16 15:20:00,1397.35,1397.35,1397.35,1397.35,25,0,1333.48,1376.35,1438.8
6006,2021-03-16 15:21:00,1397.35,1397.35,1397.35,1397.35,25,0,1333.48,1376.35,1438.8
6007,2021-03-16 15:22:00,1397.35,1397.35,1397.35,1397.35,25,0,1333.48,1376.35,1438.8
6008,2021-03-16 15:23:00,1397.35,1397.35,1397.35,1397.35,25,0,1333.48,1376.35,1438.8
6009,2021-03-16 15:24:00,1397.35,1397.35,1397.35,1397.35,25,0,1333.48,1376.35,1438.8
6010,2021-03-16 15:25:00,1397.35,1397.35,1397.35,1397.35,25,0,1333.48,1376.35,1438.8
6011,2021-03-16 15:26:00,1397.35,1397.35,1397.35,1397.35,25,0,1333.48,1376.35,1438.8
6012,2021-03-16 15:27:00,1397.35,1397.35,1397.35,1397.35,25,0,1333.48,1376.35,1438.8
6013,2021-03-16 15:28:00,1397.35,1397.35,1397.35,1397.35,25,0,1333.48,1376.35,1438.8
6014,2021-03-16 15:29:00,1397.35,1397.35,1397.35,1397.35,25,0,1333.48,1376.35,1438.8
6015,2021-03-16 15:30:00,1397.35,1397.35,1397.35,1397.35,25,0,1333.48,1376.35,1438.8
6016,2021-03-17 09:15:00,1397.35,1397.35,1397.35,1397.35,25,0,1333.48,1376.35,1438.8
6017,2021-03-17 09:16:00,1397.35,1397.35,1397.35,1397.35,25,0,1333.48,1376.35,1438.8
6018,2021-03-17 09:17:00,1397.35,1397.35,1397.35,1397.35,25,0,1333.48,1376.35,1438.8
6019,2021-03-17 09:18:00,1397.35,1397.35,1397.35,1397.35,25,0,1333.48,1376.35,1438.8
6020,2021-03-17 09:19:00,1397.35,1397.35,1397.35,1397.35,25,0,1333.48,1376.35,1438.8
6021,2021-03-17 09:20:00,1397.35,1397.35,1397.35,1397.35,25,0,1333.48,1376.35,1438.8
6022,2021-03-17 09:21:00,1397.35,1397.35,1397.35,1397.35,25,0,1333.48,1376.35,1438.8
6023,2021-03-17 09:22:00,1397.35,1397.35,1397.35,1397.35,25,0,1333.48,1376.35,1438.8
6024,2021-03-17 09:23:00,1397.35,1397.35,1397.35,1397.35,25,0,1333.48,1376.35,1438.8
6025,2021-03-17 09:24:00,1397.35,1397.35,1397.35,1397.35,25,0,1333.48,1376.35,1438.8
6026,2021-03-17 09:25:00,1397.35,1397.35,1397.35,1397.35,25,0,1333.48,1376.35,1438.8
6027,2021-03-17 09:26:00,1397.35,1397.35,1397.35,1397.35,25,0,1333.48,1376.35,1438.8
6028,2021-03-17 09:27:00,1397.35,1397.35,1397.35,1397.35,25,0,1333.48,1376.35,1438.8
6029,2021-03-17 09:28:00,1397.35,1397.35,1397.35,1397.35,25,0,1333.48,1376.35,1438.8
6030,2021-03-17 09:29:00,1397.35,1397.35,1397.35,1397.35,25,0,1333.48,1376.35,1438.8
6031,2021-03-17 09:30:00,1397.35,1397.35,1397.35,1397.35,25,0,1333.48,1376.35,1438.8
6032,2021-03-17 09:31:00,1397.35,1397.35,1397.35,1397.35,25,0,1333.48,1376.35,1438.8
6033,2021-03-17 09:32:00,1397.35,1397.35,1397.35,1397.35,25,0,1333.48,1376.35,1438.8
6034,2021-03-17 09:33:00,1397.35,1397.35,1397.35,1397.35,25,0,1333.48,1376.35,1438.8
6035,2021-03-17 09:34:00,1397.35,1397.35,1397.35,1397.35,25,0,1333.48,1376.35,1438.8
6036,2021-03-17 09:35:00,1397.35,1397.35,1397.35,1397.35,25,0,1333.48,1376.35,1438.8
6037,2021-03-17 09:36:00,1397.35,1397.35,1397.35,1397.35,25,0,1333.48,1376.35,1438.8
6038,2021-03-17 09:37:00,1397.35,1397.35,1397.35,1397.35,25,0,1333.48,1376.35,1438.8
6039,2021-03-17 09:38:00,1397.35,1397.35,1397.35,1397.35,25,0,1333.48,1376.35,1438.8
6040,2021-03-17 09:39:00,1397.35,1397.35,1397.35,1397.35,25,0,1333.48,1376.35,1438.8
6041,2021-03-17 09:40:00,1397.35,1397.35,1397.35,1397.35,25,0,1333.48,1376.35,1438.8
6042,2021-03-17 09:41:00,1397.35,1397.35,1397.35,1397.35,25,0,1333.48,1376.35,1438.8
6043,2021-03-17 09:42:00,1397.35,1397.35,1397.35,1397.35,25,0,1333.48,1376.35,1438.8
6044,2021-03-17 09:43:00,1397.35,1397.35,1397.35,1397.35,25,0,1333.48,1376.35,1438.8
6045,2021-03-17 09:44:00,1397.35,1397.35,1397.35,1397.35,25,0,1333.48,1376.35,1438.8
6046,2021-03-17 09:45:00,1397.35,1397.35,1397.35,1397.35,25,0,1333.48,1376.35,1438.8
6047,2021-03-17 09:46:00,1397.35,1397.35,1397.35,1397.35,25,0,1333.48,1376.35,1438.8
6048,2021-03-17 09:47:00,1397.35,1397.35,1397.35,1397.35,25,0,1333.48,1376.35,1438.8
6049,2021-03-17 09:48:00,1397.35,1397.35,1397.35,1397.35,25,0,1333.48,1376.35,1438.8
6050,2021-03-17 09:49:00,1397.35,1397.35,1397.35,1397.35,25,0,1333.48,1376.35,1438.8
6051,2021-03-17 09:50:00,1397.35,1397.35,1397.35,1397.35,25,0,1333.48,1376.35,1438.8
6052,2021-03-17 09:51:00,1397.35,1397.35,1397.35,1397.35,25,0,1333.48,1376.35,1438.8
6053,2021-03-17 09:52:00,1397.35,1397.35,1397.35,1397.35,25,0,1333.48,1376.35,1438.8
6054,2021-03-17 09:53:00,1397.35,1397.35,1397.35,1397.35,25,0,1333.48,1376.35,1438.8
6055,2021-03-17 09:54:00,1397.35,1397.35,1397.35,1397.35,25,0,1333.48,1376.35,1438.8
6056,2021-03-17 09:55:00,1397.35,1397.35,1397.35,1397.35,25,0,1333.48,1376.35,1438.8
6057,2021-03-17 09:56:00,1397.35,1397.35,1397.35,1397.35,25,0,1333.48,1376.35,1438.8
6058,2021-03-17 09:57:00,1397.35,1397.35,1397.35,1397.35,25,0,1333.48,1376.35,1438.8
6059,2021-03-17 09:58:00,1397.35,1397.35,1397.35,1397.35,25,0,1333.48,1376.35,1438.8
6060,2021-03-17 09:59:00,1397.35,1397.35,1397.35,1397.35,25,0,1333.48,1376.35,1438.8
6061,2021-03-17 10:00:00,1397.35,1397.35,1397.35,1397.35,25,0,1333.48,1376.35,1438.8
6062,2021-03-17 10:01:00,1397.35,1397.35,1397.35,1397.35,25,0,1333.48,1376.35,1438.8
6063,2021-03-17 10:02:00,1397.35,1397.35,1397.35,1397.35,25,0,1333.48,1376.35,1438.8
6064,2021-03-17 10:03:00,1397.35,1397.35,1397.35,1397.35,25,0,1333.48,1376.35,1438.8
6065,2021-03-17 10:04:00,1397.35,1397.35,1397.35,1397.35,25,0,1333.48,1376.35,1438.8
6066,2021-03-17 10:05:00,1397.35,1397.35,1397.35,1397.35,25,0,1333.48,1376.35,1438.8
6067,2021-03-17 10:06:00,1397.35,1397.35,1397.35,1397.35,25,0,1333.48,1376.35,1438.8
6068,2021-03-17 10:07:00,1397.35,1397.35,1397.35,1397.35,25,0,1333.48,1376.35,1438.8
6069,2021-03-17 10:08:00,1397.35,1397.35,1397.35,1397.35,25,0,1333.48,1376.35,1438.8
6070,2021-03-17 10:09:00,1397.35,1397.35,1397.35,1397.35,25,0,1333.48,1376.35,1438.8
6071,2021-03-17 10:10:00,1397.35,1397.35,1397.35,1397.35,25,0,1333.48,1376.35,1438.8
6072,2021-03-17 10:11:00,1397.35,1397.35,1397.35,1397.35,25,0,1333.48,1376.35,1438.8
6073,2021-03-17 10:12:00,1397.35,1397.35,1397.35,1397.35,25,0,1333.48,1376.35,1438.8
6074,2021-03-17 10:13:00,1397.35,1397.35,1397.35,1397.35,25,0,1333.48,1376.35,1438.8
6075,2021-03-17 10:14:00,1397.35,1397.35,1397.35,1397.35,25,0,1333.48,1376.35,1438.8
6076,2021-03-17 10:15:00,1397.35,1397.35,1397.35,1397.35,25,0,1333.48,1376.35,1438.8
6077,2021-03-17 10:16:00,1397.35,1397.35,1397.35,1397.35,25,0,1333.48,1376.35,1438.8
6078,2021-03-17 10:17:00,1397.35,1397.35,1397.35,1397.35,25,0,1333.48,1376.35,1438.8
6079,2021-03-17 10:18:00,1397.35,1397.35,1397.35,1397.35,25,0,1333.48,1376.35,1438.8
6080,2021-03-17 10:19:00,1397.35,1397.35,1397.35,1397.35,25,0,1333.48,1376.35,1438.8
6081,2021-03-17 10:20:00,1397.35,1397.35,1397.35,1397.35,25,0,1333.48,1376.35,1438.8
6082,2021-03-17 10:21:00,1397.35,1397.35,1397.35,1397.35,25,0,1333.48,1376.35,1438.8
6083,2021-03-17 10:22:00,1397.35,1397.35,1397.35,1397.35,25,0,1333.48,1376.35,1438.8
6084,2021-03-17 10:23:00,1397.35,1397.35,1397.35,1397.35,25,0,1333.48,1376.35,1438.8
6085,2021-03-17 10:24:00,1397.35,1397.35,1397.35,1397.35,25,0,1333.48,1376.35,1438.8
6086,2021-03-17 10:25:00,1397.35,1397.35,1397.35,1397.35,25,0,1333.48,1376.35,1438.8
6087,2021-03-17 10:26:00,1397.35,1397.35,1397.35,1397.35,25,0,1333.48,1376.35,1438.8
6088,2021-03-17 10:27:00,1397.35,1397.35,1397.35,1397.35,25,0,1333.48,1376.35,1438.8
6089,2021-03-17 10:28:00,1397.35,1397.35,1397.35,1397.35,25,0,1333.48,1376.35,1438.8
6090,2021-03-17 10:29:00,1397.35,1397.35,1397.35,1397.35,25,0,1333.48,1376.35,1438.8
6091,2021-03-17 10:30:00,1397.35,1397.35,1397.35,1397.35,25,0,1333.48,1376.35,1438.8
6092,2021-03-17 10:31:00,1397.35,1397.35,1397.35,1397.35,25,0,1333.48,1376.35,1438.8
6093,2021-03-17 10:32:00,1397.35,1397.35,1397.35,1397.35,25,0,1333.48,1376.35,1438.8
6094,2021-03-17 10:33:00,1397.35,1397.35,1397.35,1397.35,25,0,1333.48,1376.35,1438.8
6095,2021-03-17 10:34:00,1397.35,1397.35,1397.35,1397.35,25,0,1333.48,1376.35,1438.8
6096,2021-03-17 10:35:00,1397.35,1397.35,1397.35,1397.35,25,0,1333.48,1376.35,1438.8
6097,2021-03-17 10:36:00,1397.35,1397.35,1397.35,1397.35,25,0,1333.48,1376.35,1438.8
6098,2021-03-17 10:37:00,1397.35,1397.35,1397.35,1397.35,25,0,1333.48,1376.35,1438.8
6099,2021-03-17 10:38:00,1397.35,1397.35,1397.35,1397.35,25,0,1333.48,1376.35,1438.8
6100,2021-03-17 10:39:00,1397.35,1397.35,1397.35,1397.35,25,0,1333.48,1376.35,1438.8
6101,2021-03-17 10:40:00,1397.35,1397.35,1397.35,1397.35,25,0,1333.48,1376.35,1438.8
6102,2021-03-17 10:41:00,1397.35,1397.35,1397.35,1397.35,25,0,1333.48,1376.35,1438.8
6103,2021-03-17 10:42:00,1397.35,1397.35,1397.35,1397.35,25,0,1333.48,1376.35,1438.8
6104,2021-03-17 10:43:00,1491.85,1491.85,1491.85,1491.85,25,675,1491.85,1464.85,1534.7
6105,2021-03-17 10:44:00,1534.7,1534.7,1534.7,1534.7,25,700,1513.27,1495.6,1593.1
6106,2021-03-17 10:45:00,1534.7,1534.7,1534.7,1534.7,25,700,1513.27,1495.6,1593.1
6107,2021-03-17 10:46:00,1534.7,1534.7,1534.7,1534.7,25,700,1513.27,1495.6,1593.1
6108,2021-03-17 10:47:00,1534.7,1534.7,1534.7,1534.7,25,700,1513.27,1495.6,1593.1
6109,2021-03-17 10:48:00,1534.7,1534.7,1534.7,1534.7,25,700,1513.27,1495.6,1593.1
6110,2021-03-17 10:49:00,1534.7,1534.7,1534.7,1534.7,25,700,1513.27,1495.6,1593.1
6111,2021-03-17 10:50:00,1534.7,1534.7,1534.7,1534.7,25,700,1513.27,1495.6,1593.1
6112,2021-03-17 10:51:00,1534.7,1534.7,1534.7,1534.7,25,700,1513.27,1495.6,1593.1
6113,2021-03-17 10:52:00,1534.7,1534.7,1534.7,1534.7,25,700,1513.27,1495.6,1593.1
6114,2021-03-17 10:53:00,1534.7,1534.7,1534.7,1534.7,25,700,1513.27,1495.6,1593.1
6115,2021-03-17 10:54:00,1534.7,1534.7,1534.7,1534.7,25,700,1513.27,1495.6,1593.1
6116,2021-03-17 10:55:00,1534.7,1534.7,1534.7,1534.7,25,700,1513.27,1495.6,1593.1
6117,2021-03-17 10:56:00,1534.7,1534.7,1534.7,1534.7,25,700,1513.27,1495.6,1593.1
6118,2021-03-17 10:57:00,1534.7,1534.7,1534.7,1534.7,25,700,1513.27,1495.6,1593.1
6119,2021-03-17 10:58:00,1534.7,1534.7,1534.7,1534.7,25,700,1513.27,1495.6,1593.1
6120,2021-03-17 10:59:00,1534.7,1534.7,1534.7,1534.7,25,700,1513.27,1495.6,1593.1
6121,2021-03-17 11:00:00,1534.7,1534.7,1534.7,1534.7,25,700,1513.27,1495.6,1593.1
6122,2021-03-17 11:01:00,1534.7,1534.7,1534.7,1534.7,25,700,1513.27,1495.6,1593.1
6123,2021-03-17 11:02:00,1534.7,1534.7,1534.7,1534.7,25,700,1513.27,1495.6,1593.1
6124,2021-03-17 11:03:00,1534.7,1534.7,1534.7,1534.7,25,700,1513.27,1495.6,1593.1
6125,2021-03-17 11:04:00,1534.7,1534.7,1534.7,1534.7,25,700,1513.27,1495.6,1593.1
6126,2021-03-17 11:05:00,1534.7,1534.7,1534.7,1534.7,25,700,1513.27,1495.6,1593.1
6127,2021-03-17 11:06:00,1534.7,1534.7,1534.7,1534.7,25,700,1513.27,1495.6,1593.1
6128,2021-03-17 11:07:00,1534.7,1534.7,1534.7,1534.7,25,700,1513.27,1495.6,1593.1
6129,2021-03-17 11:08:00,1534.7,1534.7,1534.7,1534.7,25,700,1513.27,1495.6,1593.1
6130,2021-03-17 11:09:00,1534.7,1534.7,1534.7,1534.7,25,700,1513.27,1495.6,1593.1
6131,2021-03-17 11:10:00,1534.7,1534.7,1534.7,1534.7,25,700,1513.27,1495.6,1593.1
6132,2021-03-17 11:11:00,1534.7,1534.7,1534.7,1534.7,25,700,1513.27,1495.6,1593.1
6133,2021-03-17 11:12:00,1534.7,1534.7,1534.7,1534.7,25,700,1513.27,1495.6,1593.1
6134,2021-03-17 11:13:00,1534.7,1534.7,1534.7,1534.7,25,700,1513.27,1495.6,1593.1
6135,2021-03-17 11:14:00,1534.7,1534.7,1534.7,1534.7,25,700,1513.27,1495.6,1593.1
6136,2021-03-17 11:15:00,1534.7,1534.7,1534.7,1534.7,25,700,1513.27,1495.6,1593.1
6137,2021-03-17 11:16:00,1534.7,1534.7,1534.7,1534.7,25,700,1513.27,1495.6,1593.1
6138,2021-03-17 11:17:00,1534.7,1534.7,1534.7,1534.7,25,700,1513.27,1495.6,1593.1
6139,2021-03-17 11:18:00,1534.7,1534.7,1534.7,1534.7,25,700,1513.27,1495.6,1593.1
6140,2021-03-17 11:19:00,1534.7,1534.7,1534.7,1534.7,25,700,1513.27,1495.6,1593.1
6141,2021-03-17 11:20:00,1534.7,1534.7,1534.7,1534.7,25,700,1513.27,1495.6,1593.1
6142,2021-03-17 11:21:00,1534.7,1534.7,1534.7,1534.7,25,700,1513.27,1495.6,1593.1
6143,2021-03-17 11:22:00,1534.7,1534.7,1534.7,1534.7,25,700,1513.27,1495.6,1593.1
6144,2021-03-17 11:23:00,1534.7,1534.7,1534.7,1534.7,25,700,1513.27,1495.6,1593.1
6145,2021-03-17 11:24:00,1534.7,1534.7,1534.7,1534.7,25,700,1513.27,1495.6,1593.1
6146,2021-03-17 11:25:00,1534.7,1534.7,1534.7,1534.7,25,700,1513.27,1495.6,1593.1
6147,2021-03-17 11:26:00,1534.7,1534.7,1534.7,1534.7,25,700,1513.27,1495.6,1593.1
6148,2021-03-17 11:27:00,1534.7,1534.7,1534.7,1534.7,25,700,1513.27,1495.6,1593.1
6149,2021-03-17 11:28:00,1534.7,1534.7,1534.7,1534.7,25,700,1513.27,1495.6,1593.1
6150,2021-03-17 11:29:00,1534.7,1534.7,1534.7,1534.7,25,700,1513.27,1495.6,1593.1
6151,2021-03-17 11:30:00,1534.7,1534.7,1534.7,1534.7,25,700,1513.27,1495.6,1593.1
6152,2021-03-17 11:31:00,1534.7,1534.7,1534.7,1534.7,25,700,1513.27,1495.6,1593.1
6153,2021-03-17 11:32:00,1534.7,1534.7,1534.7,1534.7,25,700,1513.27,1495.6,1593.1
6154,2021-03-17 11:33:00,1534.7,1534.7,1534.7,1534.7,25,700,1513.27,1495.6,1593.1
6155,2021-03-17 11:34:00,1534.7,1534.7,1534.7,1534.7,25,700,1513.27,1495.6,1593.1
6156,2021-03-17 11:35:00,1534.7,1534.7,1534.7,1534.7,25,700,1513.27,1495.6,1593.1
6157,2021-03-17 11:36:00,1534.7,1534.7,1534.7,1534.7,25,700,1513.27,1495.6,1593.1
6158,2021-03-17 11:37:00,1534.7,1534.7,1534.7,1534.7,25,700,1513.27,1495.6,1593.1
6159,2021-03-17 11:38:00,1534.7,1534.7,1534.7,1534.7,25,700,1513.27,1495.6,1593.1
6160,2021-03-17 11:39:00,1534.7,1534.7,1534.7,1534.7,25,700,1513.27,1495.6,1593.1
6161,2021-03-17 11:40:00,1534.7,1534.7,1534.7,1534.7,25,700,1513.27,1495.6,1593.1
6162,2021-03-17 11:41:00,1534.7,1534.7,1534.7,1534.7,25,700,1513.27,1495.6,1593.1
6163,2021-03-17 11:42:00,1534.7,1534.7,1534.7,1534.7,25,700,1513.27,1495.6,1593.1
6164,2021-03-17 11:43:00,1534.7,1534.7,1534.7,1534.7,25,700,1513.27,1495.6,1593.1
6165,2021-03-17 11:44:00,1534.7,1534.7,1534.7,1534.7,25,700,1513.27,1495.6,1593.1
6166,2021-03-17 11:45:00,1534.7,1534.7,1534.7,1534.7,25,700,1513.27,1495.6,1593.1
6167,2021-03-17 11:46:00,1534.7,1534.7,1534.7,1534.7,25,700,1513.27,1495.6,1593.1
6168,2021-03-17 11:47:00,1534.7,1534.7,1534.7,1534.7,25,700,1513.27,1495.6,1593.1
6169,2021-03-17 11:48:00,1534.7,1534.7,1534.7,1534.7,25,700,1513.27,1495.6,1593.1
6170,2021-03-17 11:49:00,1534.7,1534.7,1534.7,1534.7,25,700,1513.27,1495.6,1593.1
6171,2021-03-17 11:50:00,1534.7,1534.7,1534.7,1534.7,25,700,1513.27,1495.6,1593.1
6172,2021-03-17 11:51:00,1534.7,1534.7,1534.7,1534.7,25,700,1513.27,1495.6,1593.1
6173,2021-03-17 11:52:00,1534.7,1534.7,1534.7,1534.7,25,700,1513.27,1495.6,1593.1
6174,2021-03-17 11:53:00,1534.7,1534.7,1534.7,1534.7,25,700,1513.27,1495.6,1593.1
6175,2021-03-17 11:54:00,1534.7,1534.7,1534.7,1534.7,25,700,1513.27,1495.6,1593.1
6176,2021-03-17 11:55:00,1534.7,1534.7,1534.7,1534.7,25,700,1513.27,1495.6,1593.1
6177,2021-03-17 11:56:00,1534.7,1534.7,1534.7,1534.7,25,700,1513.27,1495.6,1593.1
6178,2021-03-17 11:57:00,1534.7,1534.7,1534.7,1534.7,25,700,1513.27,1495.6,1593.1
6179,2021-03-17 11:58:00,1534.7,1534.7,1534.7,1534.7,25,700,1513.27,1495.6,1593.1
6180,2021-03-17 11:59:00,1534.7,1534.7,1534.7,1534.7,25,700,1513.27,1495.6,1593.1
6181,2021-03-17 12:00:00,1534.7,1534.7,1534.7,1534.7,25,700,1513.27,1495.6,1593.1
6182,2021-03-17 12:01:00,1534.7,1534.7,1534.7,1534.7,25,700,1513.27,1495.6,1593.1
6183,2021-03-17 12:02:00,1534.7,1534.7,1534.7,1534.7,25,700,1513.27,1495.6,1593.1
6184,2021-03-17 12:03:00,1534.7,1534.7,1534.7,1534.7,25,700,1513.27,1495.6,1593.1
6185,2021-03-17 12:04:00,1534.7,1534.7,1534.7,1534.7,25,700,1513.27,1495.6,1593.1
6186,2021-03-17 12:05:00,1534.7,1534.7,1534.7,1534.7,25,700,1513.27,1495.6,1593.1
6187,2021-03-17 12:06:00,1534.7,1534.7,1534.7,1534.7,25,700,1513.27,1495.6,1593.1
6188,2021-03-17 12:07:00,1534.7,1534.7,1534.7,1534.7,25,700,1513.27,1495.6,1593.1
6189,2021-03-17 12:08:00,1534.7,1534.7,1534.7,1534.7,25,700,1513.27,1495.6,1593.1
6190,2021-03-17 12:09:00,1534.7,1534.7,1534.7,1534.7,25,700,1513.27,1495.6,1593.1
6191,2021-03-17 12:10:00,1534.7,1534.7,1534.7,1534.7,25,700,1513.27,1495.6,1593.1
6192,2021-03-17 12:11:00,1534.7,1534.7,1534.7,1534.7,25,700,1513.27,1495.6,1593.1
6193,2021-03-17 12:12:00,1534.7,1534.7,1534.7,1534.7,25,700,1513.27,1495.6,1593.1
6194,2021-03-17 12:13:00,1534.7,1534.7,1534.7,1534.7,25,700,1513.27,1495.6,1593.1
6195,2021-03-17 12:14:00,1534.7,1534.7,1534.7,1534.7,25,700,1513.27,1495.6,1593.1
6196,2021-03-17 12:15:00,1534.7,1534.7,1534.7,1534.7,25,700,1513.27,1495.6,1593.1
6197,2021-03-17 12:16:00,1534.7,1534.7,1534.7,1534.7,25,700,1513.27,1495.6,1593.1
6198,2021-03-17 12:17:00,1534.7,1534.7,1534.7,1534.7,25,700,1513.27,1495.6,1593.1
6199,2021-03-17 12:18:00,1534.7,1534.7,1534.7,1534.7,25,700,1513.27,1495.6,1593.1
6200,2021-03-17 12:19:00,1534.7,1534.7,1534.7,1534.7,25,700,1513.27,1495.6,1593.1
6201,2021-03-17 12:20:00,1534.7,1534.7,1534.7,1534.7,25,700,1513.27,1495.6,1593.1
6202,2021-03-17 12:21:00,1534.7,1534.7,1534.7,1534.7,25,700,1513.27,1495.6,1593.1
6203,2021-03-17 12:22:00,1534.7,1534.7,1534.7,1534.7,25,700,1513.27,1495.6,1593.1
6204,2021-03-17 12:23:00,1534.7,1534.7,1534.7,1534.7,25,700,1513.27,1495.6,1593.1
6205,2021-03-17 12:24:00,1534.7,1534.7,1534.7,1534.7,25,700,1513.27,1495.6,1593.1
6206,2021-03-17 12:25:00,1534.7,1534.7,1534.7,1534.7,25,700,1513.27,1495.6,1593.1
6207,2021-03-17 12:26:00,1534.7,1534.7,1534.7,1534.7,25,700,1513.27,1495.6,1593.1
6208,2021-03-17 12:27:00,1534.7,1534.7,1534.7,1534.7,25,700,1513.27,1495.6,1593.1
6209,2021-03-17 12:28:00,1534.7,1534.7,1534.7,1534.7,25,700,1513.27,1495.6,1593.1
6210,2021-03-17 12:29:00,1534.7,1534.7,1534.7,1534.7,25,700,1513.27,1495.6,1593.1
6211,2021-03-17 12:30:00,1534.7,1534.7,1534.7,1534.7,25,700,1513.27,1495.6,1593.1
6212,2021-03-17 12:31:00,1534.7,1534.7,1534.7,1534.7,25,700,1513.27,1495.6,1593.1
6213,2021-03-17 12:32:00,1534.7,1534.7,1534.7,1534.7,25,700,1513.27,1495.6,1593.1
6214,2021-03-17 12:33:00,1534.7,1534.7,1534.7,1534.7,25,700,1513.27,1495.6,1593.1
6215,2021-03-17 12:34:00,1534.7,1534.7,1534.7,1534.7,25,700,1513.27,1495.6,1593.1
6216,2021-03-17 12:35:00,1534.7,1534.7,1534.7,1534.7,25,700,1513.27,1495.6,1593.1
6217,2021-03-17 12:36:00,1534.7,1534.7,1534.7,1534.7,25,700,1513.27,1495.6,1593.1
6218,2021-03-17 12:37:00,1534.7,1534.7,1534.7,1534.7,25,700,1513.27,1495.6,1593.1
6219,2021-03-17 12:38:00,1534.7,1534.7,1534.7,1534.7,25,700,1513.27,1495.6,1593.1
6220,2021-03-17 12:39:00,1534.7,1534.7,1534.7,1534.7,25,700,1513.27,1495.6,1593.1
6221,2021-03-17 12:40:00,1534.7,1534.7,1534.7,1534.7,25,700,1513.27,1495.6,1593.1
6222,2021-03-17 12:41:00,1534.7,1534.7,1534.7,1534.7,25,700,1513.27,1495.6,1593.1
6223,2021-03-17 12:42:00,1534.7,1534.7,1534.7,1534.7,25,700,1513.27,1495.6,1593.1
6224,2021-03-17 12:43:00,1534.7,1534.7,1534.7,1534.7,25,700,1513.27,1495.6,1593.1
6225,2021-03-17 12:44:00,1534.7,1534.7,1534.7,1534.7,25,700,1513.27,1495.6,1593.1
6226,2021-03-17 12:45:00,1534.7,1534.7,1534.7,1534.7,25,700,1513.27,1495.6,1593.1
6227,2021-03-17 12:46:00,1534.7,1534.7,1534.7,1534.7,25,700,1513.27,1495.6,1593.1
6228,2021-03-17 12:47:00,1534.7,1534.7,1534.7,1534.7,25,700,1513.27,1495.6,1593.1
6229,2021-03-17 12:48:00,1534.7,1534.7,1534.7,1534.7,25,700,1513.27,1495.6,1593.1
6230,2021-03-17 12:49:00,1534.7,1534.7,1534.7,1534.7,25,700,1513.27,1495.6,1593.1
6231,2021-03-17 12:50:00,1534.7,1534.7,1534.7,1534.7,25,700,1513.27,1495.6,1593.1
6232,2021-03-17 12:51:00,1534.7,1534.7,1534.7,1534.7,25,700,1513.27,1495.6,1593.1
6233,2021-03-17 12:52:00,1534.7,1534.7,1534.7,1534.7,25,700,1513.27,1495.6,1593.1
6234,2021-03-17 12:53:00,1534.7,1534.7,1534.7,1534.7,25,700,1513.27,1495.6,1593.1
6235,2021-03-17 12:54:00,1534.7,1534.7,1534.7,1534.7,25,700,1513.27,1495.6,1593.1
6236,2021-03-17 12:55:00,1534.7,1534.7,1534.7,1534.7,25,700,1513.27,1495.6,1593.1
6237,2021-03-17 12:56:00,1534.7,1534.7,1534.7,1534.7,25,700,1513.27,1495.6,1593.1
6238,2021-03-17 12:57:00,1534.7,1534.7,1534.7,1534.7,25,700,1513.27,1495.6,1593.1
6239,2021-03-17 12:58:00,1534.7,1534.7,1534.7,1534.7,25,700,1513.27,1495.6,1593.1
6240,2021-03-17 12:59:00,1534.7,1534.7,1534.7,1534.7,25,700,1513.27,1495.6,1593.1
6241,2021-03-17 13:00:00,1534.7,1534.7,1534.7,1534.7,25,700,1513.27,1495.6,1593.1
6242,2021-03-17 13:01:00,1534.7,1534.7,1534.7,1534.7,25,700,1513.27,1495.6,1593.1
6243,2021-03-17 13:02:00,1534.7,1534.7,1534.7,1534.7,25,700,1513.27,1495.6,1593.1
6244,2021-03-17 13:03:00,1534.7,1534.7,1534.7,1534.7,25,700,1513.27,1495.6,1593.1
6245,2021-03-17 13:04:00,1534.7,1534.7,1534.7,1534.7,25,700,1513.27,1495.6,1593.1
6246,2021-03-17 13:05:00,1534.7,1534.7,1534.7,1534.7,25,700,1513.27,1495.6,1593.1
6247,2021-03-17 13:06:00,1534.7,1534.7,1534.7,1534.7,25,700,1513.27,1495.6,1593.1
6248,2021-03-17 13:07:00,1534.7,1534.7,1534.7,1534.7,25,700,1513.27,1495.6,1593.1
6249,2021-03-17 13:08:00,1534.7,1534.7,1534.7,1534.7,25,700,1513.27,1495.6,1593.1
6250,2021-03-17 13:09:00,1534.7,1534.7,1534.7,1534.7,25,700,1513.27,1495.6,1593.1
6251,2021-03-17 13:10:00,1534.7,1534.7,1534.7,1534.7,25,700,1513.27,1495.6,1593.1
6252,2021-03-17 13:11:00,1534.7,1534.7,1534.7,1534.7,25,700,1513.27,1495.6,1593.1
6253,2021-03-17 13:12:00,1534.7,1534.7,1534.7,1534.7,25,700,1513.27,1495.6,1593.1
6254,2021-03-17 13:13:00,1534.7,1534.7,1534.7,1534.7,25,700,1513.27,1495.6,1593.1
6255,2021-03-17 13:14:00,1534.7,1534.7,1534.7,1534.7,25,700,1513.27,1495.6,1593.1
6256,2021-03-17 13:15:00,1534.7,1534.7,1534.7,1534.7,25,700,1513.27,1495.6,1593.1
6257,2021-03-17 13:16:00,1534.7,1534.7,1534.7,1534.7,25,700,1513.27,1495.6,1593.1
6258,2021-03-17 13:17:00,1534.7,1534.7,1534.7,1534.7,25,700,1513.27,1495.6,1593.1
6259,2021-03-17 13:18:00,1534.7,1534.7,1534.7,1534.7,25,700,1513.27,1495.6,1593.1
6260,2021-03-17 13:19:00,1534.7,1534.7,1534.7,1534.7,25,700,1513.27,1495.6,1593.1
6261,2021-03-17 13:20:00,1534.7,1534.7,1534.7,1534.7,25,700,1513.27,1495.6,1593.1
6262,2021-03-17 13:21:00,1534.7,1534.7,1534.7,1534.7,25,700,1513.27,1495.6,1593.1
6263,2021-03-17 13:22:00,1534.7,1534.7,1534.7,1534.7,25,700,1513.27,1495.6,1593.1
6264,2021-03-17 13:23:00,1534.7,1534.7,1534.7,1534.7,25,700,1513.27,1495.6,1593.1
6265,2021-03-17 13:24:00,1534.7,1534.7,1534.7,1534.7,25,700,1513.27,1495.6,1593.1
6266,2021-03-17 13:25:00,1534.7,1534.7,1534.7,1534.7,25,700,1513.27,1495.6,1593.1
6267,2021-03-17 13:26:00,1534.7,1534.7,1534.7,1534.7,25,700,1513.27,1495.6,1593.1
6268,2021-03-17 13:27:00,1534.7,1534.7,1534.7,1534.7,25,700,1513.27,1495.6,1593.1
6269,2021-03-17 13:28:00,1534.7,1534.7,1534.7,1534.7,25,700,1513.27,1495.6,1593.1
6270,2021-03-17 13:29:00,1534.7,1534.7,1534.7,1534.7,25,700,1513.27,1495.6,1593.1
6271,2021-03-17 13:30:00,1534.7,1534.7,1534.7,1534.7,25,700,1513.27,1495.6,1593.1
6272,2021-03-17 13:31:00,1534.7,1534.7,1534.7,1534.7,25,700,1513.27,1495.6,1593.1
6273,2021-03-17 13:32:00,1534.7,1534.7,1534.7,1534.7,25,700,1513.27,1495.6,1593.1
6274,2021-03-17 13:33:00,1534.7,1534.7,1534.7,1534.7,25,700,1513.27,1495.6,1593.1
6275,2021-03-17 13:34:00,1534.7,1534.7,1534.7,1534.7,25,700,1513.27,1495.6,1593.1
6276,2021-03-17 13:35:00,1534.7,1534.7,1534.7,1534.7,25,700,1513.27,1495.6,1593.1
6277,2021-03-17 13:36:00,1534.7,1534.7,1534.7,1534.7,25,700,1513.27,1495.6,1593.1
6278,2021-03-17 13:37:00,1534.7,1534.7,1534.7,1534.7,25,700,1513.27,1495.6,1593.1
6279,2021-03-17 13:38:00,1534.7,1534.7,1534.7,1534.7,25,700,1513.27,1495.6,1593.1
6280,2021-03-17 13:39:00,1534.7,1534.7,1534.7,1534.7,25,700,1513.27,1495.6,1593.1
6281,2021-03-17 13:40:00,1534.7,1534.7,1534.7,1534.7,25,700,1513.27,1495.6,1593.1
6282,2021-03-17 13:41:00,1534.7,1534.7,1534.7,1534.7,25,700,1513.27,1495.6,1593.1
6283,2021-03-17 13:42:00,1534.7,1534.7,1534.7,1534.7,25,700,1513.27,1495.6,1593.1
6284,2021-03-17 13:43:00,1534.7,1534.7,1534.7,1534.7,25,700,1513.27,1495.6,1593.1
6285,2021-03-17 13:44:00,1534.7,1534.7,1534.7,1534.7,25,700,1513.27,1495.6,1593.1
6286,2021-03-17 13:45:00,1534.7,1534.7,1534.7,1534.7,25,700,1513.27,1495.6,1593.1
6287,2021-03-17 13:46:00,1534.7,1534.7,1534.7,1534.7,25,700,1513.27,1495.6,1593.1
6288,2021-03-17 13:47:00,1534.7,1534.7,1534.7,1534.7,25,700,1513.27,1495.6,1593.1
6289,2021-03-17 13:48:00,1534.7,1534.7,1534.7,1534.7,25,700,1513.27,1495.6,1593.1
6290,2021-03-17 13:49:00,1534.7,1534.7,1534.7,1534.7,25,700,1513.27,1495.6,1593.1
6291,2021-03-17 13:50:00,1534.7,1534.7,1534.7,1534.7,25,700,1513.27,1495.6,1593.1
6292,2021-03-17 13:51:00,1534.7,1534.7,1534.7,1534.7,25,700,1513.27,1495.6,1593.1
6293,2021-03-17 13:52:00,1534.7,1534.7,1534.7,1534.7,25,700,1513.27,1495.6,1593.1
6294,2021-03-17 13:53:00,1534.7,1534.7,1534.7,1534.7,25,700,1513.27,1495.6,1593.1
6295,2021-03-17 13:54:00,1534.7,1534.7,1534.7,1534.7,25,700,1513.27,1495.6,1593.1
6296,2021-03-17 13:55:00,1534.7,1534.7,1534.7,1534.7,25,700,1513.27,1495.6,1593.1
6297,2021-03-17 13:56:00,1534.7,1534.7,1534.7,1534.7,25,700,1513.27,1495.6,1593.1
6298,2021-03-17 13:57:00,1534.7,1534.7,1534.7,1534.7,25,700,1513.27,1495.6,1593.1
6299,2021-03-17 13:58:00,1534.7,1534.7,1534.7,1534.7,25,700,1513.27,1495.6,1593.1
6300,2021-03-17 13:59:00,1534.7,1534.7,1534.7,1534.7,25,700,1513.27,1495.6,1593.1
6301,2021-03-17 14:00:00,1534.7,1534.7,1534.7,1534.7,25,700,1513.27,1495.6,1593.1
6302,2021-03-17 14:01:00,1534.7,1534.7,1534.7,1534.7,25,700,1513.27,1495.6,1593.1
6303,2021-03-17 14:02:00,1534.7,1534.7,1534.7,1534.7,25,700,1513.27,1495.6,1593.1
6304,2021-03-17 14:03:00,1534.7,1534.7,1534.7,1534.7,25,700,1513.27,1495.6,1593.1
6305,2021-03-17 14:04:00,1534.7,1534.7,1534.7,1534.7,25,700,1513.27,1495.6,1593.1
6306,2021-03-17 14:05:00,1534.7,1534.7,1534.7,1534.7,25,700,1513.27,1495.6,1593.1
6307,2021-03-17 14:06:00,1534.7,1534.7,1534.7,1534.7,25,700,1513.27,1495.6,1593.1
6308,2021-03-17 14:07:00,1534.7,1534.7,1534.7,1534.7,25,700,1513.27,1495.6,1593.1
6309,2021-03-17 14:08:00,1534.7,1534.7,1534.7,1534.7,25,700,1513.27,1495.6,1593.1
6310,2021-03-17 14:09:00,1534.7,1534.7,1534.7,1534.7,25,700,1513.27,1495.6,1593.1
6311,2021-03-17 14:10:00,1534.7,1534.7,1534.7,1534.7,25,700,1513.27,1495.6,1593.1
6312,2021-03-17 14:11:00,1534.7,1534.7,1534.7,1534.7,25,700,1513.27,1495.6,1593.1
6313,2021-03-17 14:12:00,1534.7,1534.7,1534.7,1534.7,25,700,1513.27,1495.6,1593.1
6314,2021-03-17 14:13:00,1534.7,1534.7,1534.7,1534.7,25,700,1513.27,1495.6,1593.1
6315,2021-03-17 14:14:00,1534.7,1534.7,1534.7,1534.7,25,700,1513.27,1495.6,1593.1
6316,2021-03-17 14:15:00,1534.7,1534.7,1534.7,1534.7,25,700,1513.27,1495.6,1593.1
6317,2021-03-17 14:16:00,1534.7,1534.7,1534.7,1534.7,25,700,1513.27,1495.6,1593.1
6318,2021-03-17 14:17:00,1534.7,1534.7,1534.7,1534.7,25,700,1513.27,1495.6,1593.1
6319,2021-03-17 14:18:00,1534.7,1534.7,1534.7,1534.7,25,700,1513.27,1495.6,1593.1
6320,2021-03-17 14:19:00,1534.7,1534.7,1534.7,1534.7,25,700,1513.27,1495.6,1593.1
6321,2021-03-17 14:20:00,1534.7,1534.7,1534.7,1534.7,25,700,1513.27,1495.6,1593.1
6322,2021-03-17 14:21:00,1534.7,1534.7,1534.7,1534.7,25,700,1513.27,1495.6,1593.1
6323,2021-03-17 14:22:00,1534.7,1534.7,1534.7,1534.7,25,700,1513.27,1495.6,1593.1
6324,2021-03-17 14:23:00,1534.7,1534.7,1534.7,1534.7,25,700,1513.27,1495.6,1593.1
6325,2021-03-17 14:24:00,1534.7,1534.7,1534.7,1534.7,25,700,1513.27,1495.6,1593.1
6326,2021-03-17 14:25:00,1534.7,1534.7,1534.7,1534.7,25,700,1513.27,1495.6,1593.1
6327,2021-03-17 14:26:00,1534.7,1534.7,1534.7,1534.7,25,700,1513.27,1495.6,1593.1
6328,2021-03-17 14:27:00,1534.7,1534.7,1534.7,1534.7,25,700,1513.27,1495.6,1593.1
6329,2021-03-17 14:28:00,1534.7,1534.7,1534.7,1534.7,25,700,1513.27,1495.6,1593.1
6330,2021-03-17 14:29:00,1534.7,1534.7,1534.7,1534.7,25,700,1513.27,1495.6,1593.1
6331,2021-03-17 14:30:00,1534.7,1534.7,1534.7,1534.7,25,700,1513.27,1495.6,1593.1
6332,2021-03-17 14:31:00,1534.7,1534.7,1534.7,1534.7,25,700,1513.27,1495.6,1593.1
6333,2021-03-17 14:32:00,1534.7,1534.7,1534.7,1534.7,25,700,1513.27,1495.6,1593.1
6334,2021-03-17 14:33:00,1534.7,1534.7,1534.7,1534.7,25,700,1513.27,1495.6,1593.1
6335,2021-03-17 14:34:00,1534.7,1534.7,1534.7,1534.7,25,700,1513.27,1495.6,1593.1
6336,2021-03-17 14:35:00,1534.7,1534.7,1534.7,1534.7,25,700,1513.27,1495.6,1593.1
6337,2021-03-17 14:36:00,1534.7,1534.7,1534.7,1534.7,25,700,1513.27,1495.6,1593.1
6338,2021-03-17 14:37:00,1534.7,1534.7,1534.7,1534.7,25,700,1513.27,1495.6,1593.1
6339,2021-03-17 14:38:00,1534.7,1534.7,1534.7,1534.7,25,700,1513.27,1495.6,1593.1
6340,2021-03-17 14:39:00,1534.7,1534.7,1534.7,1534.7,25,700,1513.27,1495.6,1593.1
6341,2021-03-17 14:40:00,1534.7,1534.7,1534.7,1534.7,25,700,1513.27,1495.6,1593.1
6342,2021-03-17 14:41:00,1534.7,1534.7,1534.7,1534.7,25,700,1513.27,1495.6,1593.1
6343,2021-03-17 14:42:00,1534.7,1534.7,1534.7,1534.7,25,700,1513.27,1495.6,1593.1
6344,2021-03-17 14:43:00,1534.7,1534.7,1534.7,1534.7,25,700,1513.27,1495.6,1593.1
6345,2021-03-17 14:44:00,1534.7,1534.7,1534.7,1534.7,25,700,1513.27,1495.6,1593.1
6346,2021-03-17 14:45:00,1534.7,1534.7,1534.7,1534.7,25,700,1513.27,1495.6,1593.1
6347,2021-03-17 14:46:00,1534.7,1534.7,1534.7,1534.7,25,700,1513.27,1495.6,1593.1
6348,2021-03-17 14:47:00,1534.7,1534.7,1534.7,1534.7,25,700,1513.27,1495.6,1593.1
6349,2021-03-17 14:48:00,1534.7,1534.7,1534.7,1534.7,25,700,1513.27,1495.6,1593.1
6350,2021-03-17 14:49:00,1534.7,1534.7,1534.7,1534.7,25,700,1513.27,1495.6,1593.1
6351,2021-03-17 14:50:00,1534.7,1534.7,1534.7,1534.7,25,700,1513.27,1495.6,1593.1
6352,2021-03-17 14:51:00,1534.7,1534.7,1534.7,1534.7,25,700,1513.27,1495.6,1593.1
6353,2021-03-17 14:52:00,1534.7,1534.7,1534.7,1534.7,25,700,1513.27,1495.6,1593.1
6354,2021-03-17 14:53:00,1534.7,1534.7,1534.7,1534.7,25,700,1513.27,1495.6,1593.1
6355,2021-03-17 14:54:00,1534.7,1534.7,1534.7,1534.7,25,700,1513.27,1495.6,1593.1
6356,2021-03-17 14:55:00,1534.7,1534.7,1534.7,1534.7,25,700,1513.27,1495.6,1593.1
6357,2021-03-17 14:56:00,1534.7,1534.7,1534.7,1534.7,25,700,1513.27,1495.6,1593.1
6358,2021-03-17 14:57:00,1534.7,1534.7,1534.7,1534.7,25,700,1513.27,1495.6,1593.1
6359,2021-03-17 14:58:00,1534.7,1534.7,1534.7,1534.7,25,700,1513.27,1495.6,1593.1
6360,2021-03-17 14:59:00,1534.7,1534.7,1534.7,1534.7,25,700,1513.27,1495.6,1593.1
6361,2021-03-17 15:00:00,1534.7,1534.7,1534.7,1534.7,25,700,1513.27,1495.6,1593.1
6362,2021-03-17 15:01:00,1534.7,1534.7,1534.7,1534.7,25,700,1513.27,1495.6,1593.1
6363,2021-03-17 15:02:00,1534.7,1534.7,1534.7,1534.7,25,700,1513.27,1495.6,1593.1
6364,2021-03-17 15:03:00,1534.7,1534.7,1534.7,1534.7,25,700,1513.27,1495.6,1593.1
6365,2021-03-17 15:04:00,1534.7,1534.7,1534.7,1534.7,25,700,1513.27,1495.6,1593.1
6366,2021-03-17 15:05:00,1534.7,1534.7,1534.7,1534.7,25,700,1513.27,1495.6,1593.1
6367,2021-03-17 15:06:00,1534.7,1534.7,1534.7,1534.7,25,700,1513.27,1495.6,1593.1
6368,2021-03-17 15:07:00,1534.7,1534.7,1534.7,1534.7,25,700,1513.27,1495.6,1593.1
6369,2021-03-17 15:08:00,1534.7,1534.7,1534.7,1534.7,25,700,1513.27,1495.6,1593.1
6370,2021-03-17 15:09:00,1534.7,1534.7,1534.7,1534.7,25,700,1513.27,1495.6,1593.1
6371,2021-03-17 15:10:00,1534.7,1534.7,1534.7,1534.7,25,700,1513.27,1495.6,1593.1
6372,2021-03-17 15:11:00,1534.7,1534.7,1534.7,1534.7,25,700,1513.27,1495.6,1593.1
6373,2021-03-17 15:12:00,1534.7,1534.7,1534.7,1534.7,25,700,1513.27,1495.6,1593.1
6374,2021-03-17 15:13:00,1534.7,1534.7,1534.7,1534.7,25,700,1513.27,1495.6,1593.1
6375,2021-03-17 15:14:00,1534.7,1534.7,1534.7,1534.7,25,700,1513.27,1495.6,1593.1
6376,2021-03-17 15:15:00,1534.7,1534.7,1534.7,1534.7,25,700,1513.27,1495.6,1593.1
6377,2021-03-17 15:16:00,1534.7,1534.7,1534.7,1534.7,25,700,1513.27,1495.6,1593.1
6378,2021-03-17 15:17:00,1534.7,1534.7,1534.7,1534.7,25,700,1513.27,1495.6,1593.1
6379,2021-03-17 15:18:00,1534.7,1534.7,1534.7,1534.7,25,700,1513.27,1495.6,1593.1
6380,2021-03-17 15:19:00,1534.7,1534.7,1534.7,1534.7,25,700,1513.27,1495.6,1593.1
6381,2021-03-17 15:20:00,1534.7,1534.7,1534.7,1534.7,25,700,1513.27,1495.6,1593.1
6382,2021-03-17 15:21:00,1534.7,1534.7,1534.7,1534.7,25,700,1513.27,1495.6,1593.1
6383,2021-03-17 15:22:00,1534.7,1534.7,1534.7,1534.7,25,700,1513.27,1495.6,1593.1
6384,2021-03-17 15:23:00,1534.7,1534.7,1534.7,1534.7,25,700,1513.27,1495.6,1593.1
6385,2021-03-17 15:24:00,1534.7,1534.7,1534.7,1534.7,25,700,1513.27,1495.6,1593.1
6386,2021-03-17 15:25:00,1534.7,1534.7,1534.7,1534.7,25,700,1513.27,1495.6,1593.1
6387,2021-03-17 15:26:00,1534.7,1534.7,1534.7,1534.7,25,700,1513.27,1495.6,1593.1
6388,2021-03-17 15:27:00,1534.7,1534.7,1534.7,1534.7,25,700,1513.27,1495.6,1593.1
6389,2021-03-17 15:28:00,1534.7,1534.7,1534.7,1534.7,25,700,1513.27,1495.6,1593.1
6390,2021-03-17 15:29:00,1534.7,1534.7,1534.7,1534.7,25,700,1513.27,1495.6,1593.1
6391,2021-03-17 15:30:00,1534.7,1534.7,1534.7,1534.7,25,700,1513.27,1495.6,1593.1
6392,2021-03-18 09:15:00,1534.7,1534.7,1534.7,1534.7,25,700,1513.27,1495.6,1593.1
6393,2021-03-18 09:16:00,1534.7,1534.7,1534.7,1534.7,25,700,1513.27,1495.6,1593.1
6394,2021-03-18 09:17:00,1534.7,1534.7,1534.7,1534.7,25,700,1513.27,1495.6,1593.1
6395,2021-03-18 09:18:00,1534.7,1534.7,1534.7,1534.7,25,700,1513.27,1495.6,1593.1
6396,2021-03-18 09:19:00,1534.7,1534.7,1534.7,1534.7,25,700,1513.27,1495.6,1593.1
6397,2021-03-18 09:20:00,1534.7,1534.7,1534.7,1534.7,25,700,1513.27,1495.6,1593.1
6398,2021-03-18 09:21:00,1534.7,1534.7,1534.7,1534.7,25,700,1513.27,1495.6,1593.1
6399,2021-03-18 09:22:00,1534.7,1534.7,1534.7,1534.7,25,700,1513.27,1495.6,1593.1
6400,2021-03-18 09:23:00,1534.7,1534.7,1534.7,1534.7,25,700,1513.27,1495.6,1593.1
6401,2021-03-18 09:24:00,1534.7,1534.7,1534.7,1534.7,25,700,1513.27,1495.6,1593.1
6402,2021-03-18 09:25:00,1534.7,1534.7,1534.7,1534.7,25,700,1513.27,1495.6,1593.1
6403,2021-03-18 09:26:00,1534.7,1534.7,1534.7,1534.7,25,700,1513.27,1495.6,1593.1
6404,2021-03-18 09:27:00,1534.7,1534.7,1534.7,1534.7,25,700,1513.27,1495.6,1593.1
6405,2021-03-18 09:28:00,1514.35,1514.35,1514.35,1514.35,25,675,1514.35,1517.9,1668.35
6406,2021-03-18 09:29:00,1514.35,1514.35,1514.35,1514.35,25,675,1514.35,1517.9,1668.35
6407,2021-03-18 09:30:00,1514.35,1514.35,1514.35,1514.35,25,675,1514.35,1517.9,1668.35
6408,2021-03-18 09:31:00,1514.35,1514.35,1514.35,1514.35,25,675,1514.35,1517.9,1668.35
6409,2021-03-18 09:32:00,1514.35,1514.35,1514.35,1514.35,25,675,1514.35,1517.9,1668.35
6410,2021-03-18 09:33:00,1514.35,1514.35,1514.35,1514.35,25,675,1514.35,1517.9,1668.35
6411,2021-03-18 09:34:00,1514.35,1514.35,1514.35,1514.35,25,675,1514.35,1517.9,1668.35
6412,2021-03-18 09:35:00,1514.35,1514.35,1514.35,1514.35,25,675,1514.35,1517.9,1668.35
6413,2021-03-18 09:36:00,1514.35,1514.35,1514.35,1514.35,25,675,1514.35,1517.9,1668.35
6414,2021-03-18 09:37:00,1514.35,1514.35,1514.35,1514.35,25,675,1514.35,1517.9,1668.35
6415,2021-03-18 09:38:00,1514.35,1514.35,1514.35,1514.35,25,675,1514.35,1517.9,1668.35
6416,2021-03-18 09:39:00,1514.35,1514.35,1514.35,1514.35,25,675,1514.35,1517.9,1668.35
6417,2021-03-18 09:40:00,1514.35,1514.35,1514.35,1514.35,25,675,1514.35,1517.9,1668.35
6418,2021-03-18 09:41:00,1514.35,1514.35,1514.35,1514.35,25,675,1514.35,1517.9,1668.35
6419,2021-03-18 09:42:00,1514.35,1514.35,1514.35,1514.35,25,675,1514.35,1517.9,1668.35
6420,2021-03-18 09:43:00,1514.35,1514.35,1514.35,1514.35,25,675,1514.35,1517.9,1668.35
6421,2021-03-18 09:44:00,1514.35,1514.35,1514.35,1514.35,25,675,1514.35,1517.9,1668.35
6422,2021-03-18 09:45:00,1514.35,1514.35,1514.35,1514.35,25,675,1514.35,1517.9,1668.35
6423,2021-03-18 09:46:00,1514.35,1514.35,1514.35,1514.35,25,675,1514.35,1517.9,1668.35
6424,2021-03-18 09:47:00,1514.35,1514.35,1514.35,1514.35,25,675,1514.35,1517.9,1668.35
6425,2021-03-18 09:48:00,1514.35,1514.35,1514.35,1514.35,25,675,1514.35,1517.9,1668.35
6426,2021-03-18 09:49:00,1514.35,1514.35,1514.35,1514.35,25,675,1514.35,1517.9,1668.35
6427,2021-03-18 09:50:00,1514.35,1514.35,1514.35,1514.35,25,675,1514.35,1517.9,1668.35
6428,2021-03-18 09:51:00,1514.35,1514.35,1514.35,1514.35,25,675,1514.35,1517.9,1668.35
6429,2021-03-18 09:52:00,1514.35,1514.35,1514.35,1514.35,25,675,1514.35,1517.9,1668.35
6430,2021-03-18 09:53:00,1514.35,1514.35,1514.35,1514.35,25,675,1514.35,1517.9,1668.35
6431,2021-03-18 09:54:00,1514.35,1514.35,1514.35,1514.35,25,675,1514.35,1517.9,1668.35
6432,2021-03-18 09:55:00,1514.35,1514.35,1514.35,1514.35,25,675,1514.35,1517.9,1668.35
6433,2021-03-18 09:56:00,1514.35,1514.35,1514.35,1514.35,25,675,1514.35,1517.9,1668.35
6434,2021-03-18 09:57:00,1514.35,1514.35,1514.35,1514.35,25,675,1514.35,1517.9,1668.35
6435,2021-03-18 09:58:00,1514.35,1514.35,1514.35,1514.35,25,675,1514.35,1517.9,1668.35
6436,2021-03-18 09:59:00,1514.35,1514.35,1514.35,1514.35,25,675,1514.35,1517.9,1668.35
6437,2021-03-18 10:00:00,1514.35,1514.35,1514.35,1514.35,25,675,1514.35,1517.9,1668.35
6438,2021-03-18 10:01:00,1514.35,1514.35,1514.35,1514.35,25,675,1514.35,1517.9,1668.35
6439,2021-03-18 10:02:00,1514.35,1514.35,1514.35,1514.35,25,675,1514.35,1517.9,1668.35
6440,2021-03-18 10:03:00,1514.35,1514.35,1514.35,1514.35,25,675,1514.35,1517.9,1668.35
6441,2021-03-18 10:04:00,1514.35,1514.35,1514.35,1514.35,25,675,1514.35,1517.9,1668.35
6442,2021-03-18 10:05:00,1514.35,1514.35,1514.35,1514.35,25,675,1514.35,1517.9,1668.35
6443,2021-03-18 10:06:00,1514.35,1514.35,1514.35,1514.35,25,675,1514.35,1517.9,1668.35
6444,2021-03-18 10:07:00,1514.35,1514.35,1514.35,1514.35,25,675,1514.35,1517.9,1668.35
6445,2021-03-18 10:08:00,1514.35,1514.35,1514.35,1514.35,25,675,1514.35,1517.9,1668.35
6446,2021-03-18 10:09:00,1514.35,1514.35,1514.35,1514.35,25,675,1514.35,1517.9,1668.35
6447,2021-03-18 10:10:00,1514.35,1514.35,1514.35,1514.35,25,675,1514.35,1517.9,1668.35
6448,2021-03-18 10:11:00,1514.35,1514.35,1514.35,1514.35,25,675,1514.35,1517.9,1668.35
6449,2021-03-18 10:12:00,1514.35,1514.35,1514.35,1514.35,25,675,1514.35,1517.9,1668.35
6450,2021-03-18 10:13:00,1514.35,1514.35,1514.35,1514.35,25,675,1514.35,1517.9,1668.35
6451,2021-03-18 10:14:00,1514.35,1514.35,1514.35,1514.35,25,675,1514.35,1517.9,1668.35
6452,2021-03-18 10:15:00,1514.35,1514.35,1514.35,1514.35,25,675,1514.35,1517.9,1668.35
6453,2021-03-18 10:16:00,1514.35,1514.35,1514.35,1514.35,25,675,1514.35,1517.9,1668.35
6454,2021-03-18 10:17:00,1514.35,1514.35,1514.35,1514.35,25,675,1514.35,1517.9,1668.35
6455,2021-03-18 10:18:00,1514.35,1514.35,1514.35,1514.35,25,675,1514.35,1517.9,1668.35
6456,2021-03-18 10:19:00,1514.35,1514.35,1514.35,1514.35,25,675,1514.35,1517.9,1668.35
6457,2021-03-18 10:20:00,1514.35,1514.35,1514.35,1514.35,25,675,1514.35,1517.9,1668.35
6458,2021-03-18 10:21:00,1514.35,1514.35,1514.35,1514.35,25,675,1514.35,1517.9,1668.35
6459,2021-03-18 10:22:00,1514.35,1514.35,1514.35,1514.35,25,675,1514.35,1517.9,1668.35
6460,2021-03-18 10:23:00,1514.35,1514.35,1514.35,1514.35,25,675,1514.35,1517.9,1668.35
6461,2021-03-18 10:24:00,1514.35,1514.35,1514.35,1514.35,25,675,1514.35,1517.9,1668.35
6462,2021-03-18 10:25:00,1514.35,1514.35,1514.35,1514.35,25,675,1514.35,1517.9,1668.35
6463,2021-03-18 10:26:00,1514.35,1514.35,1514.35,1514.35,25,675,1514.35,1517.9,1668.35
6464,2021-03-18 10:27:00,1514.35,1514.35,1514.35,1514.35,25,675,1514.35,1517.9,1668.35
6465,2021-03-18 10:28:00,1514.35,1514.35,1514.35,1514.35,25,675,1514.35,1517.9,1668.35
6466,2021-03-18 10:29:00,1514.35,1514.35,1514.35,1514.35,25,675,1514.35,1517.9,1668.35
6467,2021-03-18 10:30:00,1514.35,1514.35,1514.35,1514.35,25,675,1514.35,1517.9,1668.35
6468,2021-03-18 10:31:00,1514.35,1514.35,1514.35,1514.35,25,675,1514.35,1517.9,1668.35
6469,2021-03-18 10:32:00,1514.35,1514.35,1514.35,1514.35,25,675,1514.35,1517.9,1668.35
6470,2021-03-18 10:33:00,1514.35,1514.35,1514.35,1514.35,25,675,1514.35,1517.9,1668.35
6471,2021-03-18 10:34:00,1514.35,1514.35,1514.35,1514.35,25,675,1514.35,1517.9,1668.35
6472,2021-03-18 10:35:00,1514.35,1514.35,1514.35,1514.35,25,675,1514.35,1517.9,1668.35
6473,2021-03-18 10:36:00,1514.35,1514.35,1514.35,1514.35,25,675,1514.35,1517.9,1668.35
6474,2021-03-18 10:37:00,1514.35,1514.35,1514.35,1514.35,25,675,1514.35,1517.9,1668.35
6475,2021-03-18 10:38:00,1514.35,1514.35,1514.35,1514.35,25,675,1514.35,1517.9,1668.35
6476,2021-03-18 10:39:00,1514.35,1514.35,1514.35,1514.35,25,675,1514.35,1517.9,1668.35
6477,2021-03-18 10:40:00,1514.35,1514.35,1514.35,1514.35,25,675,1514.35,1517.9,1668.35
6478,2021-03-18 10:41:00,1514.35,1514.35,1514.35,1514.35,25,675,1514.35,1517.9,1668.35
6479,2021-03-18 10:42:00,1514.35,1514.35,1514.35,1514.35,25,675,1514.35,1517.9,1668.35
6480,2021-03-18 10:43:00,1514.35,1514.35,1514.35,1514.35,25,675,1514.35,1517.9,1668.35
6481,2021-03-18 10:44:00,1514.35,1514.35,1514.35,1514.35,25,675,1514.35,1517.9,1668.35
6482,2021-03-18 10:45:00,1514.35,1514.35,1514.35,1514.35,25,675,1514.35,1517.9,1668.35
6483,2021-03-18 10:46:00,1514.35,1514.35,1514.35,1514.35,25,675,1514.35,1517.9,1668.35
6484,2021-03-18 10:47:00,1514.35,1514.35,1514.35,1514.35,25,675,1514.35,1517.9,1668.35
6485,2021-03-18 10:48:00,1514.35,1514.35,1514.35,1514.35,25,675,1514.35,1517.9,1668.35
6486,2021-03-18 10:49:00,1514.35,1514.35,1514.35,1514.35,25,675,1514.35,1517.9,1668.35
6487,2021-03-18 10:50:00,1514.35,1514.35,1514.35,1514.35,25,675,1514.35,1517.9,1668.35
6488,2021-03-18 10:51:00,1514.35,1514.35,1514.35,1514.35,25,675,1514.35,1517.9,1668.35
6489,2021-03-18 10:52:00,1514.35,1514.35,1514.35,1514.35,25,675,1514.35,1517.9,1668.35
6490,2021-03-18 10:53:00,1514.35,1514.35,1514.35,1514.35,25,675,1514.35,1517.9,1668.35
6491,2021-03-18 10:54:00,1514.35,1514.35,1514.35,1514.35,25,675,1514.35,1517.9,1668.35
6492,2021-03-18 10:55:00,1514.35,1514.35,1514.35,1514.35,25,675,1514.35,1517.9,1668.35
6493,2021-03-18 10:56:00,1514.35,1514.35,1514.35,1514.35,25,675,1514.35,1517.9,1668.35
6494,2021-03-18 10:57:00,1514.35,1514.35,1514.35,1514.35,25,675,1514.35,1517.9,1668.35
6495,2021-03-18 10:58:00,1514.35,1514.35,1514.35,1514.35,25,675,1514.35,1517.9,1668.35
6496,2021-03-18 10:59:00,1514.35,1514.35,1514.35,1514.35,25,675,1514.35,1517.9,1668.35
6497,2021-03-18 11:00:00,1514.35,1514.35,1514.35,1514.35,25,675,1514.35,1517.9,1668.35
6498,2021-03-18 11:01:00,1514.35,1514.35,1514.35,1514.35,25,675,1514.35,1517.9,1668.35
6499,2021-03-18 11:02:00,1514.35,1514.35,1514.35,1514.35,25,675,1514.35,1517.9,1668.35
6500,2021-03-18 11:03:00,1514.35,1514.35,1514.35,1514.35,25,675,1514.35,1517.9,1668.35
6501,2021-03-18 11:04:00,1514.35,1514.35,1514.35,1514.35,25,675,1514.35,1517.9,1668.35
6502,2021-03-18 11:05:00,1514.35,1514.35,1514.35,1514.35,25,675,1514.35,1517.9,1668.35
6503,2021-03-18 11:06:00,1514.35,1514.35,1514.35,1514.35,25,675,1514.35,1517.9,1668.35
6504,2021-03-18 11:07:00,1514.35,1514.35,1514.35,1514.35,25,675,1514.35,1517.9,1668.35
6505,2021-03-18 11:08:00,1514.35,1514.35,1514.35,1514.35,25,675,1514.35,1517.9,1668.35
6506,2021-03-18 11:09:00,1514.35,1514.35,1514.35,1514.35,25,675,1514.35,1517.9,1668.35
6507,2021-03-18 11:10:00,1514.35,1514.35,1514.35,1514.35,25,675,1514.35,1517.9,1668.35
6508,2021-03-18 11:11:00,1514.35,1514.35,1514.35,1514.35,25,675,1514.35,1517.9,1668.35
6509,2021-03-18 11:12:00,1514.35,1514.35,1514.35,1514.35,25,675,1514.35,1517.9,1668.35
6510,2021-03-18 11:13:00,1514.35,1514.35,1514.35,1514.35,25,675,1514.35,1517.9,1668.35
6511,2021-03-18 11:14:00,1514.35,1514.35,1514.35,1514.35,25,675,1514.35,1517.9,1668.35
6512,2021-03-18 11:15:00,1514.35,1514.35,1514.35,1514.35,25,675,1514.35,1517.9,1668.35
6513,2021-03-18 11:16:00,1514.35,1514.35,1514.35,1514.35,25,675,1514.35,1517.9,1668.35
6514,2021-03-18 11:17:00,1514.35,1514.35,1514.35,1514.35,25,675,1514.35,1517.9,1668.35
6515,2021-03-18 11:18:00,1514.35,1514.35,1514.35,1514.35,25,675,1514.35,1517.9,1668.35
6516,2021-03-18 11:19:00,1514.35,1514.35,1514.35,1514.35,25,675,1514.35,1517.9,1668.35
6517,2021-03-18 11:20:00,1514.35,1514.35,1514.35,1514.35,25,675,1514.35,1517.9,1668.35
6518,2021-03-18 11:21:00,1514.35,1514.35,1514.35,1514.35,25,675,1514.35,1517.9,1668.35
6519,2021-03-18 11:22:00,1514.35,1514.35,1514.35,1514.35,25,675,1514.35,1517.9,1668.35
6520,2021-03-18 11:23:00,1514.35,1514.35,1514.35,1514.35,25,675,1514.35,1517.9,1668.35
6521,2021-03-18 11:24:00,1514.35,1514.35,1514.35,1514.35,25,675,1514.35,1517.9,1668.35
6522,2021-03-18 11:25:00,1514.35,1514.35,1514.35,1514.35,25,675,1514.35,1517.9,1668.35
6523,2021-03-18 11:26:00,1514.35,1514.35,1514.35,1514.35,25,675,1514.35,1517.9,1668.35
6524,2021-03-18 11:27:00,1514.35,1514.35,1514.35,1514.35,25,675,1514.35,1517.9,1668.35
6525,2021-03-18 11:28:00,1514.35,1514.35,1514.35,1514.35,25,675,1514.35,1517.9,1668.35
6526,2021-03-18 11:29:00,1514.35,1514.35,1514.35,1514.35,25,675,1514.35,1517.9,1668.35
6527,2021-03-18 11:30:00,1514.35,1514.35,1514.35,1514.35,25,675,1514.35,1517.9,1668.35
6528,2021-03-18 11:31:00,1514.35,1514.35,1514.35,1514.35,25,675,1514.35,1517.9,1668.35
6529,2021-03-18 11:32:00,1514.35,1514.35,1514.35,1514.35,25,675,1514.35,1517.9,1668.35
6530,2021-03-18 11:33:00,1514.35,1514.35,1514.35,1514.35,25,675,1514.35,1517.9,1668.35
6531,2021-03-18 11:34:00,1514.35,1514.35,1514.35,1514.35,25,675,1514.35,1517.9,1668.35
6532,2021-03-18 11:35:00,1514.35,1514.35,1514.35,1514.35,25,675,1514.35,1517.9,1668.35
6533,2021-03-18 11:36:00,1514.35,1514.35,1514.35,1514.35,25,675,1514.35,1517.9,1668.35
6534,2021-03-18 11:37:00,1514.35,1514.35,1514.35,1514.35,25,675,1514.35,1517.9,1668.35
6535,2021-03-18 11:38:00,1514.35,1514.35,1514.35,1514.35,25,675,1514.35,1517.9,1668.35
6536,2021-03-18 11:39:00,1514.35,1514.35,1514.35,1514.35,25,675,1514.35,1517.9,1668.35
6537,2021-03-18 11:40:00,1514.35,1514.35,1514.35,1514.35,25,675,1514.35,1517.9,1668.35
6538,2021-03-18 11:41:00,1514.35,1514.35,1514.35,1514.35,25,675,1514.35,1517.9,1668.35
6539,2021-03-18 11:42:00,1514.35,1514.35,1514.35,1514.35,25,675,1514.35,1517.9,1668.35
6540,2021-03-18 11:43:00,1514.35,1514.35,1514.35,1514.35,25,675,1514.35,1517.9,1668.35
6541,2021-03-18 11:44:00,1514.35,1514.35,1514.35,1514.35,25,675,1514.35,1517.9,1668.35
6542,2021-03-18 11:45:00,1514.35,1514.35,1514.35,1514.35,25,675,1514.35,1517.9,1668.35
6543,2021-03-18 11:46:00,1514.35,1514.35,1514.35,1514.35,25,675,1514.35,1517.9,1668.35
6544,2021-03-18 11:47:00,1514.35,1514.35,1514.35,1514.35,25,675,1514.35,1517.9,1668.35
6545,2021-03-18 11:48:00,1514.35,1514.35,1514.35,1514.35,25,675,1514.35,1517.9,1668.35
6546,2021-03-18 11:49:00,1514.35,1514.35,1514.35,1514.35,25,675,1514.35,1517.9,1668.35
6547,2021-03-18 11:50:00,1514.35,1514.35,1514.35,1514.35,25,675,1514.35,1517.9,1668.35
6548,2021-03-18 11:51:00,1514.35,1514.35,1514.35,1514.35,25,675,1514.35,1517.9,1668.35
6549,2021-03-18 11:52:00,1514.35,1514.35,1514.35,1514.35,25,675,1514.35,1517.9,1668.35
6550,2021-03-18 11:53:00,1514.35,1514.35,1514.35,1514.35,25,675,1514.35,1517.9,1668.35
6551,2021-03-18 11:54:00,1514.35,1514.35,1514.35,1514.35,25,675,1514.35,1517.9,1668.35
6552,2021-03-18 11:55:00,1514.35,1514.35,1514.35,1514.35,25,675,1514.35,1517.9,1668.35
6553,2021-03-18 11:56:00,1514.35,1514.35,1514.35,1514.35,25,675,1514.35,1517.9,1668.35
6554,2021-03-18 11:57:00,1514.35,1514.35,1514.35,1514.35,25,675,1514.35,1517.9,1668.35
6555,2021-03-18 11:58:00,1514.35,1514.35,1514.35,1514.35,25,675,1514.35,1517.9,1668.35
6556,2021-03-18 11:59:00,1514.35,1514.35,1514.35,1514.35,25,675,1514.35,1517.9,1668.35
6557,2021-03-18 12:00:00,1514.35,1514.35,1514.35,1514.35,25,675,1514.35,1517.9,1668.35
6558,2021-03-18 12:01:00,1514.35,1514.35,1514.35,1514.35,25,675,1514.35,1517.9,1668.35
6559,2021-03-18 12:02:00,1514.35,1514.35,1514.35,1514.35,25,675,1514.35,1517.9,1668.35
6560,2021-03-18 12:03:00,1514.35,1514.35,1514.35,1514.35,25,675,1514.35,1517.9,1668.35
6561,2021-03-18 12:04:00,1514.35,1514.35,1514.35,1514.35,25,675,1514.35,1517.9,1668.35
6562,2021-03-18 12:05:00,1514.35,1514.35,1514.35,1514.35,25,675,1514.35,1517.9,1668.35
6563,2021-03-18 12:06:00,1514.35,1514.35,1514.35,1514.35,25,675,1514.35,1517.9,1668.35
6564,2021-03-18 12:07:00,1514.35,1514.35,1514.35,1514.35,25,675,1514.35,1517.9,1668.35
6565,2021-03-18 12:08:00,1514.35,1514.35,1514.35,1514.35,25,675,1514.35,1517.9,1668.35
6566,2021-03-18 12:09:00,1514.35,1514.35,1514.35,1514.35,25,675,1514.35,1517.9,1668.35
6567,2021-03-18 12:10:00,1514.35,1514.35,1514.35,1514.35,25,675,1514.35,1517.9,1668.35
6568,2021-03-18 12:11:00,1514.35,1514.35,1514.35,1514.35,25,675,1514.35,1517.9,1668.35
6569,2021-03-18 12:12:00,1514.35,1514.35,1514.35,1514.35,25,675,1514.35,1517.9,1668.35
6570,2021-03-18 12:13:00,1514.35,1514.35,1514.35,1514.35,25,675,1514.35,1517.9,1668.35
6571,2021-03-18 12:14:00,1514.35,1514.35,1514.35,1514.35,25,675,1514.35,1517.9,1668.35
6572,2021-03-18 12:15:00,1514.35,1514.35,1514.35,1514.35,25,675,1514.35,1517.9,1668.35
6573,2021-03-18 12:16:00,1514.35,1514.35,1514.35,1514.35,25,675,1514.35,1517.9,1668.35
6574,2021-03-18 12:17:00,1514.35,1514.35,1514.35,1514.35,25,675,1514.35,1517.9,1668.35
6575,2021-03-18 12:18:00,1514.35,1514.35,1514.35,1514.35,25,675,1514.35,1517.9,1668.35
6576,2021-03-18 12:19:00,1514.35,1514.35,1514.35,1514.35,25,675,1514.35,1517.9,1668.35
6577,2021-03-18 12:20:00,1514.35,1514.35,1514.35,1514.35,25,675,1514.35,1517.9,1668.35
6578,2021-03-18 12:21:00,1514.35,1514.35,1514.35,1514.35,25,675,1514.35,1517.9,1668.35
6579,2021-03-18 12:22:00,1514.35,1514.35,1514.35,1514.35,25,675,1514.35,1517.9,1668.35
6580,2021-03-18 12:23:00,1514.35,1514.35,1514.35,1514.35,25,675,1514.35,1517.9,1668.35
6581,2021-03-18 12:24:00,1514.35,1514.35,1514.35,1514.35,25,675,1514.35,1517.9,1668.35
6582,2021-03-18 12:25:00,1514.35,1514.35,1514.35,1514.35,25,675,1514.35,1517.9,1668.35
6583,2021-03-18 12:26:00,1514.35,1514.35,1514.35,1514.35,25,675,1514.35,1517.9,1668.35
6584,2021-03-18 12:27:00,1514.35,1514.35,1514.35,1514.35,25,675,1514.35,1517.9,1668.35
6585,2021-03-18 12:28:00,1514.35,1514.35,1514.35,1514.35,25,675,1514.35,1517.9,1668.35
6586,2021-03-18 12:29:00,1514.35,1514.35,1514.35,1514.35,25,675,1514.35,1517.9,1668.35
6587,2021-03-18 12:30:00,1514.35,1514.35,1514.35,1514.35,25,675,1514.35,1517.9,1668.35
6588,2021-03-18 12:31:00,1514.35,1514.35,1514.35,1514.35,25,675,1514.35,1517.9,1668.35
6589,2021-03-18 12:32:00,1514.35,1514.35,1514.35,1514.35,25,675,1514.35,1517.9,1668.35
6590,2021-03-18 12:33:00,1514.35,1514.35,1514.35,1514.35,25,675,1514.35,1517.9,1668.35
6591,2021-03-18 12:34:00,1514.35,1514.35,1514.35,1514.35,25,675,1514.35,1517.9,1668.35
6592,2021-03-18 12:35:00,1514.35,1514.35,1514.35,1514.35,25,675,1514.35,1517.9,1668.35
6593,2021-03-18 12:36:00,1514.35,1514.35,1514.35,1514.35,25,675,1514.35,1517.9,1668.35
6594,2021-03-18 12:37:00,1514.35,1514.35,1514.35,1514.35,25,675,1514.35,1517.9,1668.35
6595,2021-03-18 12:38:00,1514.35,1514.35,1514.35,1514.35,25,675,1514.35,1517.9,1668.35
6596,2021-03-18 12:39:00,1514.35,1514.35,1514.35,1514.35,25,675,1514.35,1517.9,1668.35
6597,2021-03-18 12:40:00,1514.35,1514.35,1514.35,1514.35,25,675,1514.35,1517.9,1668.35
6598,2021-03-18 12:41:00,1514.35,1514.35,1514.35,1514.35,25,675,1514.35,1517.9,1668.35
6599,2021-03-18 12:42:00,1514.35,1514.35,1514.35,1514.35,25,675,1514.35,1517.9,1668.35
6600,2021-03-18 12:43:00,1514.35,1514.35,1514.35,1514.35,25,675,1514.35,1517.9,1668.35
6601,2021-03-18 12:44:00,1514.35,1514.35,1514.35,1514.35,25,675,1514.35,1517.9,1668.35
6602,2021-03-18 12:45:00,1514.35,1514.35,1514.35,1514.35,25,675,1514.35,1517.9,1668.35
6603,2021-03-18 12:46:00,1514.35,1514.35,1514.35,1514.35,25,675,1514.35,1517.9,1668.35
6604,2021-03-18 12:47:00,1514.35,1514.35,1514.35,1514.35,25,675,1514.35,1517.9,1668.35
6605,2021-03-18 12:48:00,1514.35,1514.35,1514.35,1514.35,25,675,1514.35,1517.9,1668.35
6606,2021-03-18 12:49:00,1514.35,1514.35,1514.35,1514.35,25,675,1514.35,1517.9,1668.35
6607,2021-03-18 12:50:00,1514.35,1514.35,1514.35,1514.35,25,675,1514.35,1517.9,1668.35
6608,2021-03-18 12:51:00,1514.35,1514.35,1514.35,1514.35,25,675,1514.35,1517.9,1668.35
6609,2021-03-18 12:52:00,1514.35,1514.35,1514.35,1514.35,25,675,1514.35,1517.9,1668.35
6610,2021-03-18 12:53:00,1514.35,1514.35,1514.35,1514.35,25,675,1514.35,1517.9,1668.35
6611,2021-03-18 12:54:00,1514.35,1514.35,1514.35,1514.35,25,675,1514.35,1517.9,1668.35
6612,2021-03-18 12:55:00,1514.35,1514.35,1514.35,1514.35,25,675,1514.35,1517.9,1668.35
6613,2021-03-18 12:56:00,1514.35,1514.35,1514.35,1514.35,25,675,1514.35,1517.9,1668.35
6614,2021-03-18 12:57:00,1514.35,1514.35,1514.35,1514.35,25,675,1514.35,1517.9,1668.35
6615,2021-03-18 12:58:00,1514.35,1514.35,1514.35,1514.35,25,675,1514.35,1517.9,1668.35
6616,2021-03-18 12:59:00,1514.35,1514.35,1514.35,1514.35,25,675,1514.35,1517.9,1668.35
6617,2021-03-18 13:00:00,1514.35,1514.35,1514.35,1514.35,25,675,1514.35,1517.9,1668.35
6618,2021-03-18 13:01:00,1514.35,1514.35,1514.35,1514.35,25,675,1514.35,1517.9,1668.35
6619,2021-03-18 13:02:00,1514.35,1514.35,1514.35,1514.35,25,675,1514.35,1517.9,1668.35
6620,2021-03-18 13:03:00,1514.35,1514.35,1514.35,1514.35,25,675,1514.35,1517.9,1668.35
6621,2021-03-18 13:04:00,1514.35,1514.35,1514.35,1514.35,25,675,1514.35,1517.9,1668.35
6622,2021-03-18 13:05:00,1514.35,1514.35,1514.35,1514.35,25,675,1514.35,1517.9,1668.35
6623,2021-03-18 13:06:00,1514.35,1514.35,1514.35,1514.35,25,675,1514.35,1517.9,1668.35
6624,2021-03-18 13:07:00,1514.35,1514.35,1514.35,1514.35,25,675,1514.35,1517.9,1668.35
6625,2021-03-18 13:08:00,1514.35,1514.35,1514.35,1514.35,25,675,1514.35,1517.9,1668.35
6626,2021-03-18 13:09:00,1514.35,1514.35,1514.35,1514.35,25,675,1514.35,1517.9,1668.35
6627,2021-03-18 13:10:00,1514.35,1514.35,1514.35,1514.35,25,675,1514.35,1517.9,1668.35
6628,2021-03-18 13:11:00,1514.35,1514.35,1514.35,1514.35,25,675,1514.35,1517.9,1668.35
6629,2021-03-18 13:12:00,1514.35,1514.35,1514.35,1514.35,25,675,1514.35,1517.9,1668.35
6630,2021-03-18 13:13:00,1514.35,1514.35,1514.35,1514.35,25,675,1514.35,1517.9,1668.35
6631,2021-03-18 13:14:00,1514.35,1514.35,1514.35,1514.35,25,675,1514.35,1517.9,1668.35
6632,2021-03-18 13:15:00,1514.35,1514.35,1514.35,1514.35,25,675,1514.35,1517.9,1668.35
6633,2021-03-18 13:16:00,1514.35,1514.35,1514.35,1514.35,25,675,1514.35,1517.9,1668.35
6634,2021-03-18 13:17:00,1514.35,1514.35,1514.35,1514.35,25,675,1514.35,1517.9,1668.35
6635,2021-03-18 13:18:00,1514.35,1514.35,1514.35,1514.35,25,675,1514.35,1517.9,1668.35
6636,2021-03-18 13:19:00,1514.35,1514.35,1514.35,1514.35,25,675,1514.35,1517.9,1668.35
6637,2021-03-18 13:20:00,1514.35,1514.35,1514.35,1514.35,25,675,1514.35,1517.9,1668.35
6638,2021-03-18 13:21:00,1514.35,1514.35,1514.35,1514.35,25,675,1514.35,1517.9,1668.35
6639,2021-03-18 13:22:00,1514.35,1514.35,1514.35,1514.35,25,675,1514.35,1517.9,1668.35
6640,2021-03-18 13:23:00,1514.35,1514.35,1514.35,1514.35,25,675,1514.35,1517.9,1668.35
6641,2021-03-18 13:24:00,1514.35,1514.35,1514.35,1514.35,25,675,1514.35,1517.9,1668.35
6642,2021-03-18 13:25:00,1514.35,1514.35,1514.35,1514.35,25,675,1514.35,1517.9,1668.35
6643,2021-03-18 13:26:00,1514.35,1514.35,1514.35,1514.35,25,675,1514.35,1517.9,1668.35
6644,2021-03-18 13:27:00,1514.35,1514.35,1514.35,1514.35,25,675,1514.35,1517.9,1668.35
6645,2021-03-18 13:28:00,1514.35,1514.35,1514.35,1514.35,25,675,1514.35,1517.9,1668.35
6646,2021-03-18 13:29:00,1514.35,1514.35,1514.35,1514.35,25,675,1514.35,1517.9,1668.35
6647,2021-03-18 13:30:00,1514.35,1514.35,1514.35,1514.35,25,675,1514.35,1517.9,1668.35
6648,2021-03-18 13:31:00,1514.35,1514.35,1514.35,1514.35,25,675,1514.35,1517.9,1668.35
6649,2021-03-18 13:32:00,1514.35,1514.35,1514.35,1514.35,25,675,1514.35,1517.9,1668.35
6650,2021-03-18 13:33:00,1514.35,1514.35,1514.35,1514.35,25,675,1514.35,1517.9,1668.35
6651,2021-03-18 13:34:00,1514.35,1514.35,1514.35,1514.35,25,675,1514.35,1517.9,1668.35
6652,2021-03-18 13:35:00,1514.35,1514.35,1514.35,1514.35,25,675,1514.35,1517.9,1668.35
6653,2021-03-18 13:36:00,1514.35,1514.35,1514.35,1514.35,25,675,1514.35,1517.9,1668.35
6654,2021-03-18 13:37:00,1514.35,1514.35,1514.35,1514.35,25,675,1514.35,1517.9,1668.35
6655,2021-03-18 13:38:00,1514.35,1514.35,1514.35,1514.35,25,675,1514.35,1517.9,1668.35
6656,2021-03-18 13:39:00,1514.35,1514.35,1514.35,1514.35,25,675,1514.35,1517.9,1668.35
6657,2021-03-18 13:40:00,1514.35,1514.35,1514.35,1514.35,25,675,1514.35,1517.9,1668.35
6658,2021-03-18 13:41:00,1514.35,1514.35,1514.35,1514.35,25,675,1514.35,1517.9,1668.35
6659,2021-03-18 13:42:00,1514.35,1514.35,1514.35,1514.35,25,675,1514.35,1517.9,1668.35
6660,2021-03-18 13:43:00,1514.35,1514.35,1514.35,1514.35,25,675,1514.35,1517.9,1668.35
6661,2021-03-18 13:44:00,1514.35,1514.35,1514.35,1514.35,25,675,1514.35,1517.9,1668.35
6662,2021-03-18 13:45:00,1514.35,1514.35,1514.35,1514.35,25,675,1514.35,1517.9,1668.35
6663,2021-03-18 13:46:00,1514.35,1514.35,1514.35,1514.35,25,675,1514.35,1517.9,1668.35
6664,2021-03-18 13:47:00,1514.35,1514.35,1514.35,1514.35,25,675,1514.35,1517.9,1668.35
6665,2021-03-18 13:48:00,1514.35,1514.35,1514.35,1514.35,25,675,1514.35,1517.9,1668.35
6666,2021-03-18 13:49:00,1514.35,1514.35,1514.35,1514.35,25,675,1514.35,1517.9,1668.35
6667,2021-03-18 13:50:00,1514.35,1514.35,1514.35,1514.35,25,675,1514.35,1517.9,1668.35
6668,2021-03-18 13:51:00,1514.35,1514.35,1514.35,1514.35,25,675,1514.35,1517.9,1668.35
6669,2021-03-18 13:52:00,1514.35,1514.35,1514.35,1514.35,25,675,1514.35,1517.9,1668.35
6670,2021-03-18 13:53:00,1514.35,1514.35,1514.35,1514.35,25,675,1514.35,1517.9,1668.35
6671,2021-03-18 13:54:00,1514.35,1514.35,1514.35,1514.35,25,675,1514.35,1517.9,1668.35
6672,2021-03-18 13:55:00,1514.35,1514.35,1514.35,1514.35,25,675,1514.35,1517.9,1668.35
6673,2021-03-18 13:56:00,1514.35,1514.35,1514.35,1514.35,25,675,1514.35,1517.9,1668.35
6674,2021-03-18 13:57:00,1514.35,1514.35,1514.35,1514.35,25,675,1514.35,1517.9,1668.35
6675,2021-03-18 13:58:00,1514.35,1514.35,1514.35,1514.35,25,675,1514.35,1517.9,1668.35
6676,2021-03-18 13:59:00,1514.35,1514.35,1514.35,1514.35,25,675,1514.35,1517.9,1668.35
6677,2021-03-18 14:00:00,1514.35,1514.35,1514.35,1514.35,25,675,1514.35,1517.9,1668.35
6678,2021-03-18 14:01:00,1514.35,1514.35,1514.35,1514.35,25,675,1514.35,1517.9,1668.35
6679,2021-03-18 14:02:00,1514.35,1514.35,1514.35,1514.35,25,675,1514.35,1517.9,1668.35
6680,2021-03-18 14:03:00,1514.35,1514.35,1514.35,1514.35,25,675,1514.35,1517.9,1668.35
6681,2021-03-18 14:04:00,1514.35,1514.35,1514.35,1514.35,25,675,1514.35,1517.9,1668.35
6682,2021-03-18 14:05:00,1514.35,1514.35,1514.35,1514.35,25,675,1514.35,1517.9,1668.35
6683,2021-03-18 14:06:00,1514.35,1514.35,1514.35,1514.35,25,675,1514.35,1517.9,1668.35
6684,2021-03-18 14:07:00,1514.35,1514.35,1514.35,1514.35,25,675,1514.35,1517.9,1668.35
6685,2021-03-18 14:08:00,1514.35,1514.35,1514.35,1514.35,25,675,1514.35,1517.9,1668.35
6686,2021-03-18 14:09:00,1514.35,1514.35,1514.35,1514.35,25,675,1514.35,1517.9,1668.35
6687,2021-03-18 14:10:00,1514.35,1514.35,1514.35,1514.35,25,675,1514.35,1517.9,1668.35
6688,2021-03-18 14:11:00,1514.35,1514.35,1514.35,1514.35,25,675,1514.35,1517.9,1668.35
6689,2021-03-18 14:12:00,1514.35,1514.35,1514.35,1514.35,25,675,1514.35,1517.9,1668.35
6690,2021-03-18 14:13:00,1514.35,1514.35,1514.35,1514.35,25,675,1514.35,1517.9,1668.35
6691,2021-03-18 14:14:00,1514.35,1514.35,1514.35,1514.35,25,675,1514.35,1517.9,1668.35
6692,2021-03-18 14:15:00,1514.35,1514.35,1514.35,1514.35,25,675,1514.35,1517.9,1668.35
6693,2021-03-18 14:16:00,1514.35,1514.35,1514.35,1514.35,25,675,1514.35,1517.9,1668.35
6694,2021-03-18 14:17:00,1514.35,1514.35,1514.35,1514.35,25,675,1514.35,1517.9,1668.35
6695,2021-03-18 14:18:00,1514.35,1514.35,1514.35,1514.35,25,675,1514.35,1517.9,1668.35
6696,2021-03-18 14:19:00,1514.35,1514.35,1514.35,1514.35,25,675,1514.35,1517.9,1668.35
6697,2021-03-18 14:20:00,1514.35,1514.35,1514.35,1514.35,25,675,1514.35,1517.9,1668.35
6698,2021-03-18 14:21:00,1514.35,1514.35,1514.35,1514.35,25,675,1514.35,1517.9,1668.35
6699,2021-03-18 14:22:00,1514.35,1514.35,1514.35,1514.35,25,675,1514.35,1517.9,1668.35
6700,2021-03-18 14:23:00,1514.35,1514.35,1514.35,1514.35,25,675,1514.35,1517.9,1668.35
6701,2021-03-18 14:24:00,1514.35,1514.35,1514.35,1514.35,25,675,1514.35,1517.9,1668.35
6702,2021-03-18 14:25:00,1514.35,1514.35,1514.35,1514.35,25,675,1514.35,1517.9,1668.35
6703,2021-03-18 14:26:00,1514.35,1514.35,1514.35,1514.35,25,675,1514.35,1517.9,1668.35
6704,2021-03-18 14:27:00,1514.35,1514.35,1514.35,1514.35,25,675,1514.35,1517.9,1668.35
6705,2021-03-18 14:28:00,1514.35,1514.35,1514.35,1514.35,25,675,1514.35,1517.9,1668.35
6706,2021-03-18 14:29:00,1514.35,1514.35,1514.35,1514.35,25,675,1514.35,1517.9,1668.35
6707,2021-03-18 14:30:00,1514.35,1514.35,1514.35,1514.35,25,675,1514.35,1517.9,1668.35
6708,2021-03-18 14:31:00,1514.35,1514.35,1514.35,1514.35,25,675,1514.35,1517.9,1668.35
6709,2021-03-18 14:32:00,1514.35,1514.35,1514.35,1514.35,25,675,1514.35,1517.9,1668.35
6710,2021-03-18 14:33:00,1514.35,1514.35,1514.35,1514.35,25,675,1514.35,1517.9,1668.35
6711,2021-03-18 14:34:00,1514.35,1514.35,1514.35,1514.35,25,675,1514.35,1517.9,1668.35
6712,2021-03-18 14:35:00,1514.35,1514.35,1514.35,1514.35,25,675,1514.35,1517.9,1668.35
6713,2021-03-18 14:36:00,1514.35,1514.35,1514.35,1514.35,25,675,1514.35,1517.9,1668.35
6714,2021-03-18 14:37:00,1514.35,1514.35,1514.35,1514.35,25,675,1514.35,1517.9,1668.35
6715,2021-03-18 14:38:00,1514.35,1514.35,1514.35,1514.35,25,675,1514.35,1517.9,1668.35
6716,2021-03-18 14:39:00,1514.35,1514.35,1514.35,1514.35,25,675,1514.35,1517.9,1668.35
6717,2021-03-18 14:40:00,1514.35,1514.35,1514.35,1514.35,25,675,1514.35,1517.9,1668.35
6718,2021-03-18 14:41:00,1514.35,1514.35,1514.35,1514.35,25,675,1514.35,1517.9,1668.35
6719,2021-03-18 14:42:00,1514.35,1514.35,1514.35,1514.35,25,675,1514.35,1517.9,1668.35
6720,2021-03-18 14:43:00,1514.35,1514.35,1514.35,1514.35,25,675,1514.35,1517.9,1668.35
6721,2021-03-18 14:44:00,1514.35,1514.35,1514.35,1514.35,25,675,1514.35,1517.9,1668.35
6722,2021-03-18 14:45:00,1514.35,1514.35,1514.35,1514.35,25,675,1514.35,1517.9,1668.35
6723,2021-03-18 14:46:00,1514.35,1514.35,1514.35,1514.35,25,675,1514.35,1517.9,1668.35
6724,2021-03-18 14:47:00,1514.35,1514.35,1514.35,1514.35,25,675,1514.35,1517.9,1668.35
6725,2021-03-18 14:48:00,1514.35,1514.35,1514.35,1514.35,25,675,1514.35,1517.9,1668.35
6726,2021-03-18 14:49:00,1514.35,1514.35,1514.35,1514.35,25,675,1514.35,1517.9,1668.35
6727,2021-03-18 14:50:00,1514.35,1514.35,1514.35,1514.35,25,675,1514.35,1517.9,1668.35
6728,2021-03-18 14:51:00,1514.35,1514.35,1514.35,1514.35,25,675,1514.35,1517.9,1668.35
6729,2021-03-18 14:52:00,1514.35,1514.35,1514.35,1514.35,25,675,1514.35,1517.9,1668.35
6730,2021-03-18 14:53:00,1514.35,1514.35,1514.35,1514.35,25,675,1514.35,1517.9,1668.35
6731,2021-03-18 14:54:00,1514.35,1514.35,1514.35,1514.35,25,675,1514.35,1517.9,1668.35
6732,2021-03-18 14:55:00,1514.35,1514.35,1514.35,1514.35,25,675,1514.35,1517.9,1668.35
6733,2021-03-18 14:56:00,1514.35,1514.35,1514.35,1514.35,25,675,1514.35,1517.9,1668.35
6734,2021-03-18 14:57:00,1514.35,1514.35,1514.35,1514.35,25,675,1514.35,1517.9,1668.35
6735,2021-03-18 14:58:00,1514.35,1514.35,1514.35,1514.35,25,675,1514.35,1517.9,1668.35
6736,2021-03-18 14:59:00,1514.35,1514.35,1514.35,1514.35,25,675,1514.35,1517.9,1668.35
6737,2021-03-18 15:00:00,1514.35,1514.35,1514.35,1514.35,25,675,1514.35,1517.9,1668.35
6738,2021-03-18 15:01:00,1514.35,1514.35,1514.35,1514.35,25,675,1514.35,1517.9,1668.35
6739,2021-03-18 15:02:00,1514.35,1514.35,1514.35,1514.35,25,675,1514.35,1517.9,1668.35
6740,2021-03-18 15:03:00,1514.35,1514.35,1514.35,1514.35,25,675,1514.35,1517.9,1668.35
6741,2021-03-18 15:04:00,1514.35,1514.35,1514.35,1514.35,25,675,1514.35,1517.9,1668.35
6742,2021-03-18 15:05:00,1514.35,1514.35,1514.35,1514.35,25,675,1514.35,1517.9,1668.35
6743,2021-03-18 15:06:00,1514.35,1514.35,1514.35,1514.35,25,675,1514.35,1517.9,1668.35
6744,2021-03-18 15:07:00,1514.35,1514.35,1514.35,1514.35,25,675,1514.35,1517.9,1668.35
6745,2021-03-18 15:08:00,1514.35,1514.35,1514.35,1514.35,25,675,1514.35,1517.9,1668.35
6746,2021-03-18 15:09:00,1514.35,1514.35,1514.35,1514.35,25,675,1514.35,1517.9,1668.35
6747,2021-03-18 15:10:00,1514.35,1514.35,1514.35,1514.35,25,675,1514.35,1517.9,1668.35
6748,2021-03-18 15:11:00,1514.35,1514.35,1514.35,1514.35,25,675,1514.35,1517.9,1668.35
6749,2021-03-18 15:12:00,1514.35,1514.35,1514.35,1514.35,25,675,1514.35,1517.9,1668.35
6750,2021-03-18 15:13:00,1514.35,1514.35,1514.35,1514.35,25,675,1514.35,1517.9,1668.35
6751,2021-03-18 15:14:00,1514.35,1514.35,1514.35,1514.35,25,675,1514.35,1517.9,1668.35
6752,2021-03-18 15:15:00,1514.35,1514.35,1514.35,1514.35,25,675,1514.35,1517.9,1668.35
6753,2021-03-18 15:16:00,1514.35,1514.35,1514.35,1514.35,25,675,1514.35,1517.9,1668.35
6754,2021-03-18 15:17:00,1514.35,1514.35,1514.35,1514.35,25,675,1514.35,1517.9,1668.35
6755,2021-03-18 15:18:00,1514.35,1514.35,1514.35,1514.35,25,675,1514.35,1517.9,1668.35
6756,2021-03-18 15:19:00,1514.35,1514.35,1514.35,1514.35,25,675,1514.35,1517.9,1668.35
6757,2021-03-18 15:20:00,1514.35,1514.35,1514.35,1514.35,25,675,1514.35,1517.9,1668.35
6758,2021-03-18 15:21:00,1514.35,1514.35,1514.35,1514.35,25,675,1514.35,1517.9,1668.35
6759,2021-03-18 15:22:00,1514.35,1514.35,1514.35,1514.35,25,675,1514.35,1517.9,1668.35
6760,2021-03-18 15:23:00,1514.35,1514.35,1514.35,1514.35,25,675,1514.35,1517.9,1668.35
6761,2021-03-18 15:24:00,1514.35,1514.35,1514.35,1514.35,25,675,1514.35,1517.9,1668.35
6762,2021-03-18 15:25:00,1514.35,1514.35,1514.35,1514.35,25,675,1514.35,1517.9,1668.35
6763,2021-03-18 15:26:00,1514.35,1514.35,1514.35,1514.35,25,675,1514.35,1517.9,1668.35
6764,2021-03-18 15:27:00,1514.35,1514.35,1514.35,1514.35,25,675,1514.35,1517.9,1668.35
6765,2021-03-18 15:28:00,1514.35,1514.35,1514.35,1514.35,25,675,1514.35,1517.9,1668.35
6766,2021-03-18 15:29:00,1514.35,1514.35,1514.35,1514.35,25,675,1514.35,1517.9,1668.35
6767,2021-03-18 15:30:00,1514.35,1514.35,1514.35,1514.35,25,675,1514.35,1517.9,1668.35
6768,2021-03-19 09:15:00,1514.35,1514.35,1514.35,1514.35,25,675,1514.35,1517.9,1668.35
6769,2021-03-19 09:16:00,1514.35,1514.35,1514.35,1514.35,25,675,1514.35,1517.9,1668.35
6770,2021-03-19 09:17:00,1514.35,1514.35,1514.35,1514.35,25,675,1514.35,1517.9,1668.35
6771,2021-03-19 09:18:00,1514.35,1514.35,1514.35,1514.35,25,675,1514.35,1517.9,1668.35
6772,2021-03-19 09:19:00,1514.35,1514.35,1514.35,1514.35,25,675,1514.35,1517.9,1668.35
6773,2021-03-19 09:20:00,1514.35,1514.35,1514.35,1514.35,25,675,1514.35,1517.9,1668.35
6774,2021-03-19 09:21:00,1514.35,1514.35,1514.35,1514.35,25,675,1514.35,1517.9,1668.35
6775,2021-03-19 09:22:00,1514.35,1514.35,1514.35,1514.35,25,675,1514.35,1517.9,1668.35
6776,2021-03-19 09:23:00,1514.35,1514.35,1514.35,1514.35,25,675,1514.35,1517.9,1668.35
6777,2021-03-19 09:24:00,1514.35,1514.35,1514.35,1514.35,25,675,1514.35,1517.9,1668.35
6778,2021-03-19 09:25:00,1514.35,1514.35,1514.35,1514.35,25,675,1514.35,1517.9,1668.35
6779,2021-03-19 09:26:00,1514.35,1514.35,1514.35,1514.35,25,675,1514.35,1517.9,1668.35
6780,2021-03-19 09:27:00,1514.35,1514.35,1514.35,1514.35,25,675,1514.35,1517.9,1668.35
6781,2021-03-19 09:28:00,1514.35,1514.35,1514.35,1514.35,25,675,1514.35,1517.9,1668.35
6782,2021-03-19 09:29:00,1514.35,1514.35,1514.35,1514.35,25,675,1514.35,1517.9,1668.35
6783,2021-03-19 09:30:00,1514.35,1514.35,1514.35,1514.35,25,675,1514.35,1517.9,1668.35
6784,2021-03-19 09:31:00,1514.35,1514.35,1514.35,1514.35,25,675,1514.35,1517.9,1668.35
6785,2021-03-19 09:32:00,1514.35,1514.35,1514.35,1514.35,25,675,1514.35,1517.9,1668.35
6786,2021-03-19 09:33:00,1514.35,1514.35,1514.35,1514.35,25,675,1514.35,1517.9,1668.35
6787,2021-03-19 09:34:00,1514.35,1514.35,1514.35,1514.35,25,675,1514.35,1517.9,1668.35
6788,2021-03-19 09:35:00,1514.35,1514.35,1514.35,1514.35,25,675,1514.35,1517.9,1668.35
6789,2021-03-19 09:36:00,1514.35,1514.35,1514.35,1514.35,25,675,1514.35,1517.9,1668.35
6790,2021-03-19 09:37:00,1514.35,1514.35,1514.35,1514.35,25,675,1514.35,1517.9,1668.35
6791,2021-03-19 09:38:00,1514.35,1514.35,1514.35,1514.35,25,675,1514.35,1517.9,1668.35
6792,2021-03-19 09:39:00,1514.35,1514.35,1514.35,1514.35,25,675,1514.35,1517.9,1668.35
6793,2021-03-19 09:40:00,1514.35,1514.35,1514.35,1514.35,25,675,1514.35,1517.9,1668.35
6794,2021-03-19 09:41:00,1514.35,1514.35,1514.35,1514.35,25,675,1514.35,1517.9,1668.35
6795,2021-03-19 09:42:00,1514.35,1514.35,1514.35,1514.35,25,675,1514.35,1517.9,1668.35
6796,2021-03-19 09:43:00,1514.35,1514.35,1514.35,1514.35,25,675,1514.35,1517.9,1668.35
6797,2021-03-19 09:44:00,1514.35,1514.35,1514.35,1514.35,25,675,1514.35,1517.9,1668.35
6798,2021-03-19 09:45:00,1514.35,1514.35,1514.35,1514.35,25,675,1514.35,1517.9,1668.35
6799,2021-03-19 09:46:00,1514.35,1514.35,1514.35,1514.35,25,675,1514.35,1517.9,1668.35
6800,2021-03-19 09:47:00,1514.35,1514.35,1514.35,1514.35,25,675,1514.35,1517.9,1668.35
6801,2021-03-19 09:48:00,1514.35,1514.35,1514.35,1514.35,25,675,1514.35,1517.9,1668.35
6802,2021-03-19 09:49:00,1514.35,1514.35,1514.35,1514.35,25,675,1514.35,1517.9,1668.35
6803,2021-03-19 09:50:00,1514.35,1514.35,1514.35,1514.35,25,675,1514.35,1517.9,1668.35
6804,2021-03-19 09:51:00,1514.35,1514.35,1514.35,1514.35,25,675,1514.35,1517.9,1668.35
6805,2021-03-19 09:52:00,1514.35,1514.35,1514.35,1514.35,25,675,1514.35,1517.9,1668.35
6806,2021-03-19 09:53:00,1514.35,1514.35,1514.35,1514.35,25,675,1514.35,1517.9,1668.35
6807,2021-03-19 09:54:00,1514.35,1514.35,1514.35,1514.35,25,675,1514.35,1517.9,1668.35
6808,2021-03-19 09:55:00,1514.35,1514.35,1514.35,1514.35,25,675,1514.35,1517.9,1668.35
6809,2021-03-19 09:56:00,1514.35,1514.35,1514.35,1514.35,25,675,1514.35,1517.9,1668.35
6810,2021-03-19 09:57:00,1514.35,1514.35,1514.35,1514.35,25,675,1514.35,1517.9,1668.35
6811,2021-03-19 09:58:00,1514.35,1514.35,1514.35,1514.35,25,675,1514.35,1517.9,1668.35
6812,2021-03-19 09:59:00,1514.35,1514.35,1514.35,1514.35,25,675,1514.35,1517.9,1668.35
6813,2021-03-19 10:00:00,1514.35,1514.35,1514.35,1514.35,25,675,1514.35,1517.9,1668.35
6814,2021-03-19 10:01:00,1514.35,1514.35,1514.35,1514.35,25,675,1514.35,1517.9,1668.35
6815,2021-03-19 10:02:00,1514.35,1514.35,1514.35,1514.35,25,675,1514.35,1517.9,1668.35
6816,2021-03-19 10:03:00,1514.35,1514.35,1514.35,1514.35,25,675,1514.35,1517.9,1668.35
6817,2021-03-19 10:04:00,1514.35,1514.35,1514.35,1514.35,25,675,1514.35,1517.9,1668.35
6818,2021-03-19 10:05:00,1514.35,1514.35,1514.35,1514.35,25,675,1514.35,1517.9,1668.35
6819,2021-03-19 10:06:00,1514.35,1514.35,1514.35,1514.35,25,675,1514.35,1517.9,1668.35
6820,2021-03-19 10:07:00,1514.35,1514.35,1514.35,1514.35,25,675,1514.35,1517.9,1668.35
6821,2021-03-19 10:08:00,1514.35,1514.35,1514.35,1514.35,25,675,1514.35,1517.9,1668.35
6822,2021-03-19 10:09:00,1514.35,1514.35,1514.35,1514.35,25,675,1514.35,1517.9,1668.35
6823,2021-03-19 10:10:00,1514.35,1514.35,1514.35,1514.35,25,675,1514.35,1517.9,1668.35
6824,2021-03-19 10:11:00,1514.35,1514.35,1514.35,1514.35,25,675,1514.35,1517.9,1668.35
6825,2021-03-19 10:12:00,1514.35,1514.35,1514.35,1514.35,25,675,1514.35,1517.9,1668.35
6826,2021-03-19 10:13:00,1514.35,1514.35,1514.35,1514.35,25,675,1514.35,1517.9,1668.35
6827,2021-03-19 10:14:00,1514.35,1514.35,1514.35,1514.35,25,675,1514.35,1517.9,1668.35
6828,2021-03-19 10:15:00,1514.35,1514.35,1514.35,1514.35,25,675,1514.35,1517.9,1668.35
6829,2021-03-19 10:16:00,1514.35,1514.35,1514.35,1514.35,25,675,1514.35,1517.9,1668.35
6830,2021-03-19 10:17:00,1514.35,1514.35,1514.35,1514.35,25,675,1514.35,1517.9,1668.35
6831,2021-03-19 10:18:00,1514.35,1514.35,1514.35,1514.35,25,675,1514.35,1517.9,1668.35
6832,2021-03-19 10:19:00,1514.35,1514.35,1514.35,1514.35,25,675,1514.35,1517.9,1668.35
6833,2021-03-19 10:20:00,1514.35,1514.35,1514.35,1514.35,25,675,1514.35,1517.9,1668.35
6834,2021-03-19 10:21:00,1514.35,1514.35,1514.35,1514.35,25,675,1514.35,1517.9,1668.35
6835,2021-03-19 10:22:00,1514.35,1514.35,1514.35,1514.35,25,675,1514.35,1517.9,1668.35
6836,2021-03-19 10:23:00,1514.35,1514.35,1514.35,1514.35,25,675,1514.35,1517.9,1668.35
6837,2021-03-19 10:24:00,1514.35,1514.35,1514.35,1514.35,25,675,1514.35,1517.9,1668.35
6838,2021-03-19 10:25:00,1514.35,1514.35,1514.35,1514.35,25,675,1514.35,1517.9,1668.35
6839,2021-03-19 10:26:00,1514.35,1514.35,1514.35,1514.35,25,675,1514.35,1517.9,1668.35
6840,2021-03-19 10:27:00,1514.35,1514.35,1514.35,1514.35,25,675,1514.35,1517.9,1668.35
6841,2021-03-19 10:28:00,1514.35,1514.35,1514.35,1514.35,25,675,1514.35,1517.9,1668.35
6842,2021-03-19 10:29:00,1514.35,1514.35,1514.35,1514.35,25,675,1514.35,1517.9,1668.35
6843,2021-03-19 10:30:00,1514.35,1514.35,1514.35,1514.35,25,675,1514.35,1517.9,1668.35
6844,2021-03-19 10:31:00,1514.35,1514.35,1514.35,1514.35,25,675,1514.35,1517.9,1668.35
6845,2021-03-19 10:32:00,1514.35,1514.35,1514.35,1514.35,25,675,1514.35,1517.9,1668.35
6846,2021-03-19 10:33:00,1514.35,1514.35,1514.35,1514.35,25,675,1514.35,1517.9,1668.35
6847,2021-03-19 10:34:00,1514.35,1514.35,1514.35,1514.35,25,675,1514.35,1517.9,1668.35
6848,2021-03-19 10:35:00,1514.35,1514.35,1514.35,1514.35,25,675,1514.35,1517.9,1668.35
6849,2021-03-19 10:36:00,1514.35,1514.35,1514.35,1514.35,25,675,1514.35,1517.9,1668.35
6850,2021-03-19 10:37:00,1514.35,1514.35,1514.35,1514.35,25,675,1514.35,1517.9,1668.35
6851,2021-03-19 10:38:00,1514.35,1514.35,1514.35,1514.35,25,675,1514.35,1517.9,1668.35
6852,2021-03-19 10:39:00,1514.35,1514.35,1514.35,1514.35,25,675,1514.35,1517.9,1668.35
6853,2021-03-19 10:40:00,1514.35,1514.35,1514.35,1514.35,25,675,1514.35,1517.9,1668.35
6854,2021-03-19 10:41:00,1514.35,1514.35,1514.35,1514.35,25,675,1514.35,1517.9,1668.35
6855,2021-03-19 10:42:00,1514.35,1514.35,1514.35,1514.35,25,675,1514.35,1517.9,1668.35
6856,2021-03-19 10:43:00,1514.35,1514.35,1514.35,1514.35,25,675,1514.35,1517.9,1668.35
6857,2021-03-19 10:44:00,1514.35,1514.35,1514.35,1514.35,25,675,1514.35,1517.9,1668.35
6858,2021-03-19 10:45:00,1514.35,1514.35,1514.35,1514.35,25,675,1514.35,1517.9,1668.35
6859,2021-03-19 10:46:00,1514.35,1514.35,1514.35,1514.35,25,675,1514.35,1517.9,1668.35
6860,2021-03-19 10:47:00,1514.35,1514.35,1514.35,1514.35,25,675,1514.35,1517.9,1668.35
6861,2021-03-19 10:48:00,1514.35,1514.35,1514.35,1514.35,25,675,1514.35,1517.9,1668.35
6862,2021-03-19 10:49:00,1514.35,1514.35,1514.35,1514.35,25,675,1514.35,1517.9,1668.35
6863,2021-03-19 10:50:00,1514.35,1514.35,1514.35,1514.35,25,675,1514.35,1517.9,1668.35
6864,2021-03-19 10:51:00,1514.35,1514.35,1514.35,1514.35,25,675,1514.35,1517.9,1668.35
6865,2021-03-19 10:52:00,1514.35,1514.35,1514.35,1514.35,25,675,1514.35,1517.9,1668.35
6866,2021-03-19 10:53:00,1514.35,1514.35,1514.35,1514.35,25,675,1514.35,1517.9,1668.35
6867,2021-03-19 10:54:00,1514.35,1514.35,1514.35,1514.35,25,675,1514.35,1517.9,1668.35
6868,2021-03-19 10:55:00,1514.35,1514.35,1514.35,1514.35,25,675,1514.35,1517.9,1668.35
6869,2021-03-19 10:56:00,1514.35,1514.35,1514.35,1514.35,25,675,1514.35,1517.9,1668.35
6870,2021-03-19 10:57:00,1514.35,1514.35,1514.35,1514.35,25,675,1514.35,1517.9,1668.35
6871,2021-03-19 10:58:00,1514.35,1514.35,1514.35,1514.35,25,675,1514.35,1517.9,1668.35
6872,2021-03-19 10:59:00,1514.35,1514.35,1514.35,1514.35,25,675,1514.35,1517.9,1668.35
6873,2021-03-19 11:00:00,1514.35,1514.35,1514.35,1514.35,25,675,1514.35,1517.9,1668.35
6874,2021-03-19 11:01:00,1514.35,1514.35,1514.35,1514.35,25,675,1514.35,1517.9,1668.35
6875,2021-03-19 11:02:00,1514.35,1514.35,1514.35,1514.35,25,675,1514.35,1517.9,1668.35
6876,2021-03-19 11:03:00,1514.35,1514.35,1514.35,1514.35,25,675,1514.35,1517.9,1668.35
6877,2021-03-19 11:04:00,1514.35,1514.35,1514.35,1514.35,25,675,1514.35,1517.9,1668.35
6878,2021-03-19 11:05:00,1514.35,1514.35,1514.35,1514.35,25,675,1514.35,1517.9,1668.35
6879,2021-03-19 11:06:00,1514.35,1514.35,1514.35,1514.35,25,675,1514.35,1517.9,1668.35
6880,2021-03-19 11:07:00,1514.35,1514.35,1514.35,1514.35,25,675,1514.35,1517.9,1668.35
6881,2021-03-19 11:08:00,1514.35,1514.35,1514.35,1514.35,25,675,1514.35,1517.9,1668.35
6882,2021-03-19 11:09:00,1514.35,1514.35,1514.35,1514.35,25,675,1514.35,1517.9,1668.35
6883,2021-03-19 11:10:00,1514.35,1514.35,1514.35,1514.35,25,675,1514.35,1517.9,1668.35
6884,2021-03-19 11:11:00,1514.35,1514.35,1514.35,1514.35,25,675,1514.35,1517.9,1668.35
6885,2021-03-19 11:12:00,1514.35,1514.35,1514.35,1514.35,25,675,1514.35,1517.9,1668.35
6886,2021-03-19 11:13:00,1514.35,1514.35,1514.35,1514.35,25,675,1514.35,1517.9,1668.35
6887,2021-03-19 11:14:00,1514.35,1514.35,1514.35,1514.35,25,675,1514.35,1517.9,1668.35
6888,2021-03-19 11:15:00,1514.35,1514.35,1514.35,1514.35,25,675,1514.35,1517.9,1668.35
6889,2021-03-19 11:16:00,1514.35,1514.35,1514.35,1514.35,25,675,1514.35,1517.9,1668.35
6890,2021-03-19 11:17:00,1514.35,1514.35,1514.35,1514.35,25,675,1514.35,1517.9,1668.35
6891,2021-03-19 11:18:00,1514.35,1514.35,1514.35,1514.35,25,675,1514.35,1517.9,1668.35
6892,2021-03-19 11:19:00,1514.35,1514.35,1514.35,1514.35,25,675,1514.35,1517.9,1668.35
6893,2021-03-19 11:20:00,1514.35,1514.35,1514.35,1514.35,25,675,1514.35,1517.9,1668.35
6894,2021-03-19 11:21:00,1514.35,1514.35,1514.35,1514.35,25,675,1514.35,1517.9,1668.35
6895,2021-03-19 11:22:00,1514.35,1514.35,1514.35,1514.35,25,675,1514.35,1517.9,1668.35
6896,2021-03-19 11:23:00,1514.35,1514.35,1514.35,1514.35,25,675,1514.35,1517.9,1668.35
6897,2021-03-19 11:24:00,1514.35,1514.35,1514.35,1514.35,25,675,1514.35,1517.9,1668.35
6898,2021-03-19 11:25:00,1514.35,1514.35,1514.35,1514.35,25,675,1514.35,1517.9,1668.35
6899,2021-03-19 11:26:00,1514.35,1514.35,1514.35,1514.35,25,675,1514.35,1517.9,1668.35
6900,2021-03-19 11:27:00,1514.35,1514.35,1514.35,1514.35,25,675,1514.35,1517.9,1668.35
6901,2021-03-19 11:28:00,1514.35,1514.35,1514.35,1514.35,25,675,1514.35,1517.9,1668.35
6902,2021-03-19 11:29:00,1514.35,1514.35,1514.35,1514.35,25,675,1514.35,1517.9,1668.35
6903,2021-03-19 11:30:00,1514.35,1514.35,1514.35,1514.35,25,675,1514.35,1517.9,1668.35
6904,2021-03-19 11:31:00,1514.35,1514.35,1514.35,1514.35,25,675,1514.35,1517.9,1668.35
6905,2021-03-19 11:32:00,1514.35,1514.35,1514.35,1514.35,25,675,1514.35,1517.9,1668.35
6906,2021-03-19 11:33:00,1514.35,1514.35,1514.35,1514.35,25,675,1514.35,1517.9,1668.35
6907,2021-03-19 11:34:00,1514.35,1514.35,1514.35,1514.35,25,675,1514.35,1517.9,1668.35
6908,2021-03-19 11:35:00,1514.35,1514.35,1514.35,1514.35,25,675,1514.35,1517.9,1668.35
6909,2021-03-19 11:36:00,1514.35,1514.35,1514.35,1514.35,25,675,1514.35,1517.9,1668.35
6910,2021-03-19 11:37:00,1514.35,1514.35,1514.35,1514.35,25,675,1514.35,1517.9,1668.35
6911,2021-03-19 11:38:00,1514.35,1514.35,1514.35,1514.35,25,675,1514.35,1517.9,1668.35
6912,2021-03-19 11:39:00,1514.35,1514.35,1514.35,1514.35,25,675,1514.35,1517.9,1668.35
6913,2021-03-19 11:40:00,1514.35,1514.35,1514.35,1514.35,25,675,1514.35,1517.9,1668.35
6914,2021-03-19 11:41:00,1514.35,1514.35,1514.35,1514.35,25,675,1514.35,1517.9,1668.35
6915,2021-03-19 11:42:00,1514.35,1514.35,1514.35,1514.35,25,675,1514.35,1517.9,1668.35
6916,2021-03-19 11:43:00,1514.35,1514.35,1514.35,1514.35,25,675,1514.35,1517.9,1668.35
6917,2021-03-19 11:44:00,1514.35,1514.35,1514.35,1514.35,25,675,1514.35,1517.9,1668.35
6918,2021-03-19 11:45:00,1514.35,1514.35,1514.35,1514.35,25,675,1514.35,1517.9,1668.35
6919,2021-03-19 11:46:00,1514.35,1514.35,1514.35,1514.35,25,675,1514.35,1517.9,1668.35
6920,2021-03-19 11:47:00,1514.35,1514.35,1514.35,1514.35,25,675,1514.35,1517.9,1668.35
6921,2021-03-19 11:48:00,1514.35,1514.35,1514.35,1514.35,25,675,1514.35,1517.9,1668.35
6922,2021-03-19 11:49:00,1514.35,1514.35,1514.35,1514.35,25,675,1514.35,1517.9,1668.35
6923,2021-03-19 11:50:00,1514.35,1514.35,1514.35,1514.35,25,675,1514.35,1517.9,1668.35
6924,2021-03-19 11:51:00,1514.35,1514.35,1514.35,1514.35,25,675,1514.35,1517.9,1668.35
6925,2021-03-19 11:52:00,1514.35,1514.35,1514.35,1514.35,25,675,1514.35,1517.9,1668.35
6926,2021-03-19 11:53:00,1514.35,1514.35,1514.35,1514.35,25,675,1514.35,1517.9,1668.35
6927,2021-03-19 11:54:00,1514.35,1514.35,1514.35,1514.35,25,675,1514.35,1517.9,1668.35
6928,2021-03-19 11:55:00,1514.35,1514.35,1514.35,1514.35,25,675,1514.35,1517.9,1668.35
6929,2021-03-19 11:56:00,1514.35,1514.35,1514.35,1514.35,25,675,1514.35,1517.9,1668.35
6930,2021-03-19 11:57:00,1514.35,1514.35,1514.35,1514.35,25,675,1514.35,1517.9,1668.35
6931,2021-03-19 11:58:00,1514.35,1514.35,1514.35,1514.35,25,675,1514.35,1517.9,1668.35
6932,2021-03-19 11:59:00,1514.35,1514.35,1514.35,1514.35,25,675,1514.35,1517.9,1668.35
6933,2021-03-19 12:00:00,1514.35,1514.35,1514.35,1514.35,25,675,1514.35,1517.9,1668.35
6934,2021-03-19 12:01:00,1514.35,1514.35,1514.35,1514.35,25,675,1514.35,1517.9,1668.35
6935,2021-03-19 12:02:00,1514.35,1514.35,1514.35,1514.35,25,675,1514.35,1517.9,1668.35
6936,2021-03-19 12:03:00,1514.35,1514.35,1514.35,1514.35,25,675,1514.35,1517.9,1668.35
6937,2021-03-19 12:04:00,1514.35,1514.35,1514.35,1514.35,25,675,1514.35,1517.9,1668.35
6938,2021-03-19 12:05:00,1514.35,1514.35,1514.35,1514.35,25,675,1514.35,1517.9,1668.35
6939,2021-03-19 12:06:00,1514.35,1514.35,1514.35,1514.35,25,675,1514.35,1517.9,1668.35
6940,2021-03-19 12:07:00,1514.35,1514.35,1514.35,1514.35,25,675,1514.35,1517.9,1668.35
6941,2021-03-19 12:08:00,1514.35,1514.35,1514.35,1514.35,25,675,1514.35,1517.9,1668.35
6942,2021-03-19 12:09:00,1514.35,1514.35,1514.35,1514.35,25,675,1514.35,1517.9,1668.35
6943,2021-03-19 12:10:00,1514.35,1514.35,1514.35,1514.35,25,675,1514.35,1517.9,1668.35
6944,2021-03-19 12:11:00,1514.35,1514.35,1514.35,1514.35,25,675,1514.35,1517.9,1668.35
6945,2021-03-19 12:12:00,1514.35,1514.35,1514.35,1514.35,25,675,1514.35,1517.9,1668.35
6946,2021-03-19 12:13:00,1514.35,1514.35,1514.35,1514.35,25,675,1514.35,1517.9,1668.35
6947,2021-03-19 12:14:00,1514.35,1514.35,1514.35,1514.35,25,675,1514.35,1517.9,1668.35
6948,2021-03-19 12:15:00,1514.35,1514.35,1514.35,1514.35,25,675,1514.35,1517.9,1668.35
6949,2021-03-19 12:16:00,1514.35,1514.35,1514.35,1514.35,25,675,1514.35,1517.9,1668.35
6950,2021-03-19 12:17:00,1514.35,1514.35,1514.35,1514.35,25,675,1514.35,1517.9,1668.35
6951,2021-03-19 12:18:00,1514.35,1514.35,1514.35,1514.35,25,675,1514.35,1517.9,1668.35
6952,2021-03-19 12:19:00,1514.35,1514.35,1514.35,1514.35,25,675,1514.35,1517.9,1668.35
6953,2021-03-19 12:20:00,1514.35,1514.35,1514.35,1514.35,25,675,1514.35,1517.9,1668.35
6954,2021-03-19 12:21:00,1514.35,1514.35,1514.35,1514.35,25,675,1514.35,1517.9,1668.35
6955,2021-03-19 12:22:00,1514.35,1514.35,1514.35,1514.35,25,675,1514.35,1517.9,1668.35
6956,2021-03-19 12:23:00,1514.35,1514.35,1514.35,1514.35,25,675,1514.35,1517.9,1668.35
6957,2021-03-19 12:24:00,1514.35,1514.35,1514.35,1514.35,25,675,1514.35,1517.9,1668.35
6958,2021-03-19 12:25:00,1514.35,1514.35,1514.35,1514.35,25,675,1514.35,1517.9,1668.35
6959,2021-03-19 12:26:00,1514.35,1514.35,1514.35,1514.35,25,675,1514.35,1517.9,1668.35
6960,2021-03-19 12:27:00,1514.35,1514.35,1514.35,1514.35,25,675,1514.35,1517.9,1668.35
6961,2021-03-19 12:28:00,1514.35,1514.35,1514.35,1514.35,25,675,1514.35,1517.9,1668.35
6962,2021-03-19 12:29:00,1514.35,1514.35,1514.35,1514.35,25,675,1514.35,1517.9,1668.35
6963,2021-03-19 12:30:00,1514.35,1514.35,1514.35,1514.35,25,675,1514.35,1517.9,1668.35
6964,2021-03-19 12:31:00,1514.35,1514.35,1514.35,1514.35,25,675,1514.35,1517.9,1668.35
6965,2021-03-19 12:32:00,1514.35,1514.35,1514.35,1514.35,25,675,1514.35,1517.9,1668.35
6966,2021-03-19 12:33:00,1514.35,1514.35,1514.35,1514.35,25,675,1514.35,1517.9,1668.35
6967,2021-03-19 12:34:00,1514.35,1514.35,1514.35,1514.35,25,675,1514.35,1517.9,1668.35
6968,2021-03-19 12:35:00,1514.35,1514.35,1514.35,1514.35,25,675,1514.35,1517.9,1668.35
6969,2021-03-19 12:36:00,1514.35,1514.35,1514.35,1514.35,25,675,1514.35,1517.9,1668.35
6970,2021-03-19 12:37:00,1514.35,1514.35,1514.35,1514.35,25,675,1514.35,1517.9,1668.35
6971,2021-03-19 12:38:00,1514.35,1514.35,1514.35,1514.35,25,675,1514.35,1517.9,1668.35
6972,2021-03-19 12:39:00,1514.35,1514.35,1514.35,1514.35,25,675,1514.35,1517.9,1668.35
6973,2021-03-19 12:40:00,1514.35,1514.35,1514.35,1514.35,25,675,1514.35,1517.9,1668.35
6974,2021-03-19 12:41:00,1514.35,1514.35,1514.35,1514.35,25,675,1514.35,1517.9,1668.35
6975,2021-03-19 12:42:00,1514.35,1514.35,1514.35,1514.35,25,675,1514.35,1517.9,1668.35
6976,2021-03-19 12:43:00,1514.35,1514.35,1514.35,1514.35,25,675,1514.35,1517.9,1668.35
6977,2021-03-19 12:44:00,1514.35,1514.35,1514.35,1514.35,25,675,1514.35,1517.9,1668.35
6978,2021-03-19 12:45:00,1514.35,1514.35,1514.35,1514.35,25,675,1514.35,1517.9,1668.35
6979,2021-03-19 12:46:00,1514.35,1514.35,1514.35,1514.35,25,675,1514.35,1517.9,1668.35
6980,2021-03-19 12:47:00,1514.35,1514.35,1514.35,1514.35,25,675,1514.35,1517.9,1668.35
6981,2021-03-19 12:48:00,1514.35,1514.35,1514.35,1514.35,25,675,1514.35,1517.9,1668.35
6982,2021-03-19 12:49:00,1514.35,1514.35,1514.35,1514.35,25,675,1514.35,1517.9,1668.35
6983,2021-03-19 12:50:00,1514.35,1514.35,1514.35,1514.35,25,675,1514.35,1517.9,1668.35
6984,2021-03-19 12:51:00,1514.35,1514.35,1514.35,1514.35,25,675,1514.35,1517.9,1668.35
6985,2021-03-19 12:52:00,1514.35,1514.35,1514.35,1514.35,25,675,1514.35,1517.9,1668.35
6986,2021-03-19 12:53:00,1514.35,1514.35,1514.35,1514.35,25,675,1514.35,1517.9,1668.35
6987,2021-03-19 12:54:00,1514.35,1514.35,1514.35,1514.35,25,675,1514.35,1517.9,1668.35
6988,2021-03-19 12:55:00,1514.35,1514.35,1514.35,1514.35,25,675,1514.35,1517.9,1668.35
6989,2021-03-19 12:56:00,1514.35,1514.35,1514.35,1514.35,25,675,1514.35,1517.9,1668.35
6990,2021-03-19 12:57:00,1514.35,1514.35,1514.35,1514.35,25,675,1514.35,1517.9,1668.35
6991,2021-03-19 12:58:00,1514.35,1514.35,1514.35,1514.35,25,675,1514.35,1517.9,1668.35
6992,2021-03-19 12:59:00,1514.35,1514.35,1514.35,1514.35,25,675,1514.35,1517.9,1668.35
6993,2021-03-19 13:00:00,1514.35,1514.35,1514.35,1514.35,25,675,1514.35,1517.9,1668.35
6994,2021-03-19 13:01:00,1514.35,1514.35,1514.35,1514.35,25,675,1514.35,1517.9,1668.35
6995,2021-03-19 13:02:00,1514.35,1514.35,1514.35,1514.35,25,675,1514.35,1517.9,1668.35
6996,2021-03-19 13:03:00,1514.35,1514.35,1514.35,1514.35,25,675,1514.35,1517.9,1668.35
6997,2021-03-19 13:04:00,1514.35,1514.35,1514.35,1514.35,25,675,1514.35,1517.9,1668.35
6998,2021-03-19 13:05:00,1514.35,1514.35,1514.35,1514.35,25,675,1514.35,1517.9,1668.35
6999,2021-03-19 13:06:00,1514.35,1514.35,1514.35,1514.35,25,675,1514.35,1517.9,1668.35
7000,2021-03-19 13:07:00,1514.35,1514.35,1514.35,1514.35,25,675,1514.35,1517.9,1668.35
7001,2021-03-19 13:08:00,1514.35,1514.35,1514.35,1514.35,25,675,1514.35,1517.9,1668.35
7002,2021-03-19 13:09:00,1514.35,1514.35,1514.35,1514.35,25,675,1514.35,1517.9,1668.35
7003,2021-03-19 13:10:00,1514.35,1514.35,1514.35,1514.35,25,675,1514.35,1517.9,1668.35
7004,2021-03-19 13:11:00,1514.35,1514.35,1514.35,1514.35,25,675,1514.35,1517.9,1668.35
7005,2021-03-19 13:12:00,1514.35,1514.35,1514.35,1514.35,25,675,1514.35,1517.9,1668.35
7006,2021-03-19 13:13:00,1514.35,1514.35,1514.35,1514.35,25,675,1514.35,1517.9,1668.35
7007,2021-03-19 13:14:00,1514.35,1514.35,1514.35,1514.35,25,675,1514.35,1517.9,1668.35
7008,2021-03-19 13:15:00,1514.35,1514.35,1514.35,1514.35,25,675,1514.35,1517.9,1668.35
7009,2021-03-19 13:16:00,1514.35,1514.35,1514.35,1514.35,25,675,1514.35,1517.9,1668.35
7010,2021-03-19 13:17:00,1514.35,1514.35,1514.35,1514.35,25,675,1514.35,1517.9,1668.35
7011,2021-03-19 13:18:00,1514.35,1514.35,1514.35,1514.35,25,675,1514.35,1517.9,1668.35
7012,2021-03-19 13:19:00,1514.35,1514.35,1514.35,1514.35,25,675,1514.35,1517.9,1668.35
7013,2021-03-19 13:20:00,1514.35,1514.35,1514.35,1514.35,25,675,1514.35,1517.9,1668.35
7014,2021-03-19 13:21:00,1514.35,1514.35,1514.35,1514.35,25,675,1514.35,1517.9,1668.35
7015,2021-03-19 13:22:00,1514.35,1514.35,1514.35,1514.35,25,675,1514.35,1517.9,1668.35
7016,2021-03-19 13:23:00,1514.35,1514.35,1514.35,1514.35,25,675,1514.35,1517.9,1668.35
7017,2021-03-19 13:24:00,1514.35,1514.35,1514.35,1514.35,25,675,1514.35,1517.9,1668.35
7018,2021-03-19 13:25:00,1514.35,1514.35,1514.35,1514.35,25,675,1514.35,1517.9,1668.35
7019,2021-03-19 13:26:00,1514.35,1514.35,1514.35,1514.35,25,675,1514.35,1517.9,1668.35
7020,2021-03-19 13:27:00,1514.35,1514.35,1514.35,1514.35,25,675,1514.35,1517.9,1668.35
7021,2021-03-19 13:28:00,1514.35,1514.35,1514.35,1514.35,25,675,1514.35,1517.9,1668.35
7022,2021-03-19 13:29:00,1514.35,1514.35,1514.35,1514.35,25,675,1514.35,1517.9,1668.35
7023,2021-03-19 13:30:00,1514.35,1514.35,1514.35,1514.35,25,675,1514.35,1517.9,1668.35
7024,2021-03-19 13:31:00,1514.35,1514.35,1514.35,1514.35,25,675,1514.35,1517.9,1668.35
7025,2021-03-19 13:32:00,1514.35,1514.35,1514.35,1514.35,25,675,1514.35,1517.9,1668.35
7026,2021-03-19 13:33:00,1514.35,1514.35,1514.35,1514.35,25,675,1514.35,1517.9,1668.35
7027,2021-03-19 13:34:00,1514.35,1514.35,1514.35,1514.35,25,675,1514.35,1517.9,1668.35
7028,2021-03-19 13:35:00,1514.35,1514.35,1514.35,1514.35,25,675,1514.35,1517.9,1668.35
7029,2021-03-19 13:36:00,1514.35,1514.35,1514.35,1514.35,25,675,1514.35,1517.9,1668.35
7030,2021-03-19 13:37:00,1514.35,1514.35,1514.35,1514.35,25,675,1514.35,1517.9,1668.35
7031,2021-03-19 13:38:00,1514.35,1514.35,1514.35,1514.35,25,675,1514.35,1517.9,1668.35
7032,2021-03-19 13:39:00,1514.35,1514.35,1514.35,1514.35,25,675,1514.35,1517.9,1668.35
7033,2021-03-19 13:40:00,1514.35,1514.35,1514.35,1514.35,25,675,1514.35,1517.9,1668.35
7034,2021-03-19 13:41:00,1514.35,1514.35,1514.35,1514.35,25,675,1514.35,1517.9,1668.35
7035,2021-03-19 13:42:00,1514.35,1514.35,1514.35,1514.35,25,675,1514.35,1517.9,1668.35
7036,2021-03-19 13:43:00,1514.35,1514.35,1514.35,1514.35,25,675,1514.35,1517.9,1668.35
7037,2021-03-19 13:44:00,1514.35,1514.35,1514.35,1514.35,25,675,1514.35,1517.9,1668.35
7038,2021-03-19 13:45:00,1514.35,1514.35,1514.35,1514.35,25,675,1514.35,1517.9,1668.35
7039,2021-03-19 13:46:00,1514.35,1514.35,1514.35,1514.35,25,675,1514.35,1517.9,1668.35
7040,2021-03-19 13:47:00,1514.35,1514.35,1514.35,1514.35,25,675,1514.35,1517.9,1668.35
7041,2021-03-19 13:48:00,1514.35,1514.35,1514.35,1514.35,25,675,1514.35,1517.9,1668.35
7042,2021-03-19 13:49:00,1514.35,1514.35,1514.35,1514.35,25,675,1514.35,1517.9,1668.35
7043,2021-03-19 13:50:00,1514.35,1514.35,1514.35,1514.35,25,675,1514.35,1517.9,1668.35
7044,2021-03-19 13:51:00,1514.35,1514.35,1514.35,1514.35,25,675,1514.35,1517.9,1668.35
7045,2021-03-19 13:52:00,1514.35,1514.35,1514.35,1514.35,25,675,1514.35,1517.9,1668.35
7046,2021-03-19 13:53:00,1514.35,1514.35,1514.35,1514.35,25,675,1514.35,1517.9,1668.35
7047,2021-03-19 13:54:00,1514.35,1514.35,1514.35,1514.35,25,675,1514.35,1517.9,1668.35
7048,2021-03-19 13:55:00,1514.35,1514.35,1514.35,1514.35,25,675,1514.35,1517.9,1668.35
7049,2021-03-19 13:56:00,1514.35,1514.35,1514.35,1514.35,25,675,1514.35,1517.9,1668.35
7050,2021-03-19 13:57:00,1514.35,1514.35,1514.35,1514.35,25,675,1514.35,1517.9,1668.35
7051,2021-03-19 13:58:00,1514.35,1514.35,1514.35,1514.35,25,675,1514.35,1517.9,1668.35
7052,2021-03-19 13:59:00,1514.35,1514.35,1514.35,1514.35,25,675,1514.35,1517.9,1668.35
7053,2021-03-19 14:00:00,1514.35,1514.35,1514.35,1514.35,25,675,1514.35,1517.9,1668.35
7054,2021-03-19 14:01:00,1514.35,1514.35,1514.35,1514.35,25,675,1514.35,1517.9,1668.35
7055,2021-03-19 14:02:00,1514.35,1514.35,1514.35,1514.35,25,675,1514.35,1517.9,1668.35
7056,2021-03-19 14:03:00,1514.35,1514.35,1514.35,1514.35,25,675,1514.35,1517.9,1668.35
7057,2021-03-19 14:04:00,1514.35,1514.35,1514.35,1514.35,25,675,1514.35,1517.9,1668.35
7058,2021-03-19 14:05:00,1514.35,1514.35,1514.35,1514.35,25,675,1514.35,1517.9,1668.35
7059,2021-03-19 14:06:00,1514.35,1514.35,1514.35,1514.35,25,675,1514.35,1517.9,1668.35
7060,2021-03-19 14:07:00,1514.35,1514.35,1514.35,1514.35,25,675,1514.35,1517.9,1668.35
7061,2021-03-19 14:08:00,1514.35,1514.35,1514.35,1514.35,25,675,1514.35,1517.9,1668.35
7062,2021-03-19 14:09:00,1514.35,1514.35,1514.35,1514.35,25,675,1514.35,1517.9,1668.35
7063,2021-03-19 14:10:00,1514.35,1514.35,1514.35,1514.35,25,675,1514.35,1517.9,1668.35
7064,2021-03-19 14:11:00,1514.35,1514.35,1514.35,1514.35,25,675,1514.35,1517.9,1668.35
7065,2021-03-19 14:12:00,1514.35,1514.35,1514.35,1514.35,25,675,1514.35,1517.9,1668.35
7066,2021-03-19 14:13:00,1514.35,1514.35,1514.35,1514.35,25,675,1514.35,1517.9,1668.35
7067,2021-03-19 14:14:00,1514.35,1514.35,1514.35,1514.35,25,675,1514.35,1517.9,1668.35
7068,2021-03-19 14:15:00,1514.35,1514.35,1514.35,1514.35,25,675,1514.35,1517.9,1668.35
7069,2021-03-19 14:16:00,1514.35,1514.35,1514.35,1514.35,25,675,1514.35,1517.9,1668.35
7070,2021-03-19 14:17:00,1514.35,1514.35,1514.35,1514.35,25,675,1514.35,1517.9,1668.35
7071,2021-03-19 14:18:00,1514.35,1514.35,1514.35,1514.35,25,675,1514.35,1517.9,1668.35
7072,2021-03-19 14:19:00,1514.35,1514.35,1514.35,1514.35,25,675,1514.35,1517.9,1668.35
7073,2021-03-19 14:20:00,1514.35,1514.35,1514.35,1514.35,25,675,1514.35,1517.9,1668.35
7074,2021-03-19 14:21:00,1514.35,1514.35,1514.35,1514.35,25,675,1514.35,1517.9,1668.35
7075,2021-03-19 14:22:00,1514.35,1514.35,1514.35,1514.35,25,675,1514.35,1517.9,1668.35
7076,2021-03-19 14:23:00,1514.35,1514.35,1514.35,1514.35,25,675,1514.35,1517.9,1668.35
7077,2021-03-19 14:24:00,1514.35,1514.35,1514.35,1514.35,25,675,1514.35,1517.9,1668.35
7078,2021-03-19 14:25:00,1514.35,1514.35,1514.35,1514.35,25,675,1514.35,1517.9,1668.35
7079,2021-03-19 14:26:00,1514.35,1514.35,1514.35,1514.35,25,675,1514.35,1517.9,1668.35
7080,2021-03-19 14:27:00,1514.35,1514.35,1514.35,1514.35,25,675,1514.35,1517.9,1668.35
7081,2021-03-19 14:28:00,1514.35,1514.35,1514.35,1514.35,25,675,1514.35,1517.9,1668.35
7082,2021-03-19 14:29:00,1514.35,1514.35,1514.35,1514.35,25,675,1514.35,1517.9,1668.35
7083,2021-03-19 14:30:00,1514.35,1514.35,1514.35,1514.35,25,675,1514.35,1517.9,1668.35
7084,2021-03-19 14:31:00,1514.35,1514.35,1514.35,1514.35,25,675,1514.35,1517.9,1668.35
7085,2021-03-19 14:32:00,1514.35,1514.35,1514.35,1514.35,25,675,1514.35,1517.9,1668.35
7086,2021-03-19 14:33:00,1514.35,1514.35,1514.35,1514.35,25,675,1514.35,1517.9,1668.35
7087,2021-03-19 14:34:00,1514.35,1514.35,1514.35,1514.35,25,675,1514.35,1517.9,1668.35
7088,2021-03-19 14:35:00,1514.35,1514.35,1514.35,1514.35,25,675,1514.35,1517.9,1668.35
7089,2021-03-19 14:36:00,1514.35,1514.35,1514.35,1514.35,25,675,1514.35,1517.9,1668.35
7090,2021-03-19 14:37:00,1514.35,1514.35,1514.35,1514.35,25,675,1514.35,1517.9,1668.35
7091,2021-03-19 14:38:00,1514.35,1514.35,1514.35,1514.35,25,675,1514.35,1517.9,1668.35
7092,2021-03-19 14:39:00,1514.35,1514.35,1514.35,1514.35,25,675,1514.35,1517.9,1668.35
7093,2021-03-19 14:40:00,1514.35,1514.35,1514.35,1514.35,25,675,1514.35,1517.9,1668.35
7094,2021-03-19 14:41:00,1514.35,1514.35,1514.35,1514.35,25,675,1514.35,1517.9,1668.35
7095,2021-03-19 14:42:00,1514.35,1514.35,1514.35,1514.35,25,675,1514.35,1517.9,1668.35
7096,2021-03-19 14:43:00,1514.35,1514.35,1514.35,1514.35,25,675,1514.35,1517.9,1668.35
7097,2021-03-19 14:44:00,1514.35,1514.35,1514.35,1514.35,25,675,1514.35,1517.9,1668.35
7098,2021-03-19 14:45:00,1514.35,1514.35,1514.35,1514.35,25,675,1514.35,1517.9,1668.35
7099,2021-03-19 14:46:00,1514.35,1514.35,1514.35,1514.35,25,675,1514.35,1517.9,1668.35
7100,2021-03-19 14:47:00,1514.35,1514.35,1514.35,1514.35,25,675,1514.35,1517.9,1668.35
7101,2021-03-19 14:48:00,1514.35,1514.35,1514.35,1514.35,25,675,1514.35,1517.9,1668.35
7102,2021-03-19 14:49:00,1514.35,1514.35,1514.35,1514.35,25,675,1514.35,1517.9,1668.35
7103,2021-03-19 14:50:00,1514.35,1514.35,1514.35,1514.35,25,675,1514.35,1517.9,1668.35
7104,2021-03-19 14:51:00,1514.35,1514.35,1514.35,1514.35,25,675,1514.35,1517.9,1668.35
7105,2021-03-19 14:52:00,1514.35,1514.35,1514.35,1514.35,25,675,1514.35,1517.9,1668.35
7106,2021-03-19 14:53:00,1514.35,1514.35,1514.35,1514.35,25,675,1514.35,1517.9,1668.35
7107,2021-03-19 14:54:00,1514.35,1514.35,1514.35,1514.35,25,675,1514.35,1517.9,1668.35
7108,2021-03-19 14:55:00,1514.35,1514.35,1514.35,1514.35,25,675,1514.35,1517.9,1668.35
7109,2021-03-19 14:56:00,1514.35,1514.35,1514.35,1514.35,25,675,1514.35,1517.9,1668.35
7110,2021-03-19 14:57:00,1514.35,1514.35,1514.35,1514.35,25,675,1514.35,1517.9,1668.35
7111,2021-03-19 14:58:00,1514.35,1514.35,1514.35,1514.35,25,675,1514.35,1517.9,1668.35
7112,2021-03-19 14:59:00,1514.35,1514.35,1514.35,1514.35,25,675,1514.35,1517.9,1668.35
7113,2021-03-19 15:00:00,1514.35,1514.35,1514.35,1514.35,25,675,1514.35,1517.9,1668.35
7114,2021-03-19 15:01:00,1514.35,1514.35,1514.35,1514.35,25,675,1514.35,1517.9,1668.35
7115,2021-03-19 15:02:00,1514.35,1514.35,1514.35,1514.35,25,675,1514.35,1517.9,1668.35
7116,2021-03-19 15:03:00,1514.35,1514.35,1514.35,1514.35,25,675,1514.35,1517.9,1668.35
7117,2021-03-19 15:04:00,1514.35,1514.35,1514.35,1514.35,25,675,1514.35,1517.9,1668.35
7118,2021-03-19 15:05:00,1514.35,1514.35,1514.35,1514.35,25,675,1514.35,1517.9,1668.35
7119,2021-03-19 15:06:00,1514.35,1514.35,1514.35,1514.35,25,675,1514.35,1517.9,1668.35
7120,2021-03-19 15:07:00,1514.35,1514.35,1514.35,1514.35,25,675,1514.35,1517.9,1668.35
7121,2021-03-19 15:08:00,1514.35,1514.35,1514.35,1514.35,25,675,1514.35,1517.9,1668.35
7122,2021-03-19 15:09:00,1514.35,1514.35,1514.35,1514.35,25,675,1514.35,1517.9,1668.35
7123,2021-03-19 15:10:00,1514.35,1514.35,1514.35,1514.35,25,675,1514.35,1517.9,1668.35
7124,2021-03-19 15:11:00,1514.35,1514.35,1514.35,1514.35,25,675,1514.35,1517.9,1668.35
7125,2021-03-19 15:12:00,1514.35,1514.35,1514.35,1514.35,25,675,1514.35,1517.9,1668.35
7126,2021-03-19 15:13:00,1514.35,1514.35,1514.35,1514.35,25,675,1514.35,1517.9,1668.35
7127,2021-03-19 15:14:00,1514.35,1514.35,1514.35,1514.35,25,675,1514.35,1517.9,1668.35
7128,2021-03-19 15:15:00,1514.35,1514.35,1514.35,1514.35,25,675,1514.35,1517.9,1668.35
7129,2021-03-19 15:16:00,1514.35,1514.35,1514.35,1514.35,25,675,1514.35,1517.9,1668.35
7130,2021-03-19 15:17:00,1514.35,1514.35,1514.35,1514.35,25,675,1514.35,1517.9,1668.35
7131,2021-03-19 15:18:00,1514.35,1514.35,1514.35,1514.35,25,675,1514.35,1517.9,1668.35
7132,2021-03-19 15:19:00,1514.35,1514.35,1514.35,1514.35,25,675,1514.35,1517.9,1668.35
7133,2021-03-19 15:20:00,1514.35,1514.35,1514.35,1514.35,25,675,1514.35,1517.9,1668.35
7134,2021-03-19 15:21:00,1514.35,1514.35,1514.35,1514.35,25,675,1514.35,1517.9,1668.35
7135,2021-03-19 15:22:00,1514.35,1514.35,1514.35,1514.35,25,675,1514.35,1517.9,1668.35
7136,2021-03-19 15:23:00,1514.35,1514.35,1514.35,1514.35,25,675,1514.35,1517.9,1668.35
7137,2021-03-19 15:24:00,1514.35,1514.35,1514.35,1514.35,25,675,1514.35,1517.9,1668.35
7138,2021-03-19 15:25:00,1514.35,1514.35,1514.35,1514.35,25,675,1514.35,1517.9,1668.35
7139,2021-03-19 15:26:00,1514.35,1514.35,1514.35,1514.35,25,675,1514.35,1517.9,1668.35
7140,2021-03-19 15:27:00,1514.35,1514.35,1514.35,1514.35,25,675,1514.35,1517.9,1668.35
7141,2021-03-19 15:28:00,1514.35,1514.35,1514.35,1514.35,25,675,1514.35,1517.9,1668.35
7142,2021-03-19 15:29:00,1514.35,1514.35,1514.35,1514.35,25,675,1514.35,1517.9,1668.35
7143,2021-03-19 15:30:00,1514.35,1514.35,1514.35,1514.35,25,675,1514.35,1517.9,1668.35
7144,2021-03-20 09:15:00,1514.35,1514.35,1514.35,1514.35,25,675,1514.35,1517.9,1668.35
7145,2021-03-20 09:16:00,1514.35,1514.35,1514.35,1514.35,25,675,1514.35,1517.9,1668.35
7146,2021-03-20 09:17:00,1514.35,1514.35,1514.35,1514.35,25,675,1514.35,1517.9,1668.35
7147,2021-03-20 09:18:00,1514.35,1514.35,1514.35,1514.35,25,675,1514.35,1517.9,1668.35
7148,2021-03-20 09:19:00,1514.35,1514.35,1514.35,1514.35,25,675,1514.35,1517.9,1668.35
7149,2021-03-20 09:20:00,1514.35,1514.35,1514.35,1514.35,25,675,1514.35,1517.9,1668.35
7150,2021-03-20 09:21:00,1514.35,1514.35,1514.35,1514.35,25,675,1514.35,1517.9,1668.35
7151,2021-03-20 09:22:00,1514.35,1514.35,1514.35,1514.35,25,675,1514.35,1517.9,1668.35
7152,2021-03-20 09:23:00,1514.35,1514.35,1514.35,1514.35,25,675,1514.35,1517.9,1668.35
7153,2021-03-20 09:24:00,1514.35,1514.35,1514.35,1514.35,25,675,1514.35,1517.9,1668.35
7154,2021-03-20 09:25:00,1514.35,1514.35,1514.35,1514.35,25,675,1514.35,1517.9,1668.35
7155,2021-03-20 09:26:00,1514.35,1514.35,1514.35,1514.35,25,675,1514.35,1517.9,1668.35
7156,2021-03-20 09:27:00,1514.35,1514.35,1514.35,1514.35,25,675,1514.35,1517.9,1668.35
7157,2021-03-20 09:28:00,1514.35,1514.35,1514.35,1514.35,25,675,1514.35,1517.9,1668.35
7158,2021-03-20 09:29:00,1514.35,1514.35,1514.35,1514.35,25,675,1514.35,1517.9,1668.35
7159,2021-03-20 09:30:00,1514.35,1514.35,1514.35,1514.35,25,675,1514.35,1517.9,1668.35
7160,2021-03-20 09:31:00,1514.35,1514.35,1514.35,1514.35,25,675,1514.35,1517.9,1668.35
7161,2021-03-20 09:32:00,1514.35,1514.35,1514.35,1514.35,25,675,1514.35,1517.9,1668.35
7162,2021-03-20 09:33:00,1514.35,1514.35,1514.35,1514.35,25,675,1514.35,1517.9,1668.35
7163,2021-03-20 09:34:00,1514.35,1514.35,1514.35,1514.35,25,675,1514.35,1517.9,1668.35
7164,2021-03-20 09:35:00,1514.35,1514.35,1514.35,1514.35,25,675,1514.35,1517.9,1668.35
7165,2021-03-20 09:36:00,1514.35,1514.35,1514.35,1514.35,25,675,1514.35,1517.9,1668.35
7166,2021-03-20 09:37:00,1514.35,1514.35,1514.35,1514.35,25,675,1514.35,1517.9,1668.35
7167,2021-03-20 09:38:00,1514.35,1514.35,1514.35,1514.35,25,675,1514.35,1517.9,1668.35
7168,2021-03-20 09:39:00,1514.35,1514.35,1514.35,1514.35,25,675,1514.35,1517.9,1668.35
7169,2021-03-20 09:40:00,1514.35,1514.35,1514.35,1514.35,25,675,1514.35,1517.9,1668.35
7170,2021-03-20 09:41:00,1514.35,1514.35,1514.35,1514.35,25,675,1514.35,1517.9,1668.35
7171,2021-03-20 09:42:00,1514.35,1514.35,1514.35,1514.35,25,675,1514.35,1517.9,1668.35
7172,2021-03-20 09:43:00,1514.35,1514.35,1514.35,1514.35,25,675,1514.35,1517.9,1668.35
7173,2021-03-20 09:44:00,1514.35,1514.35,1514.35,1514.35,25,675,1514.35,1517.9,1668.35
7174,2021-03-20 09:45:00,1514.35,1514.35,1514.35,1514.35,25,675,1514.35,1517.9,1668.35
7175,2021-03-20 09:46:00,1514.35,1514.35,1514.35,1514.35,25,675,1514.35,1517.9,1668.35
7176,2021-03-20 09:47:00,1514.35,1514.35,1514.35,1514.35,25,675,1514.35,1517.9,1668.35
7177,2021-03-20 09:48:00,1514.35,1514.35,1514.35,1514.35,25,675,1514.35,1517.9,1668.35
7178,2021-03-20 09:49:00,1514.35,1514.35,1514.35,1514.35,25,675,1514.35,1517.9,1668.35
7179,2021-03-20 09:50:00,1514.35,1514.35,1514.35,1514.35,25,675,1514.35,1517.9,1668.35
7180,2021-03-20 09:51:00,1514.35,1514.35,1514.35,1514.35,25,675,1514.35,1517.9,1668.35
7181,2021-03-20 09:52:00,1514.35,1514.35,1514.35,1514.35,25,675,1514.35,1517.9,1668.35
7182,2021-03-20 09:53:00,1514.35,1514.35,1514.35,1514.35,25,675,1514.35,1517.9,1668.35
7183,2021-03-20 09:54:00,1514.35,1514.35,1514.35,1514.35,25,675,1514.35,1517.9,1668.35
7184,2021-03-20 09:55:00,1514.35,1514.35,1514.35,1514.35,25,675,1514.35,1517.9,1668.35
7185,2021-03-20 09:56:00,1514.35,1514.35,1514.35,1514.35,25,675,1514.35,1517.9,1668.35
7186,2021-03-20 09:57:00,1514.35,1514.35,1514.35,1514.35,25,675,1514.35,1517.9,1668.35
7187,2021-03-20 09:58:00,1514.35,1514.35,1514.35,1514.35,25,675,1514.35,1517.9,1668.35
7188,2021-03-20 09:59:00,1514.35,1514.35,1514.35,1514.35,25,675,1514.35,1517.9,1668.35
7189,2021-03-20 10:00:00,1514.35,1514.35,1514.35,1514.35,25,675,1514.35,1517.9,1668.35
7190,2021-03-20 10:01:00,1514.35,1514.35,1514.35,1514.35,25,675,1514.35,1517.9,1668.35
7191,2021-03-20 10:02:00,1514.35,1514.35,1514.35,1514.35,25,675,1514.35,1517.9,1668.35
7192,2021-03-20 10:03:00,1514.35,1514.35,1514.35,1514.35,25,675,1514.35,1517.9,1668.35
7193,2021-03-20 10:04:00,1514.35,1514.35,1514.35,1514.35,25,675,1514.35,1517.9,1668.35
7194,2021-03-20 10:05:00,1514.35,1514.35,1514.35,1514.35,25,675,1514.35,1517.9,1668.35
7195,2021-03-20 10:06:00,1514.35,1514.35,1514.35,1514.35,25,675,1514.35,1517.9,1668.35
7196,2021-03-20 10:07:00,1514.35,1514.35,1514.35,1514.35,25,675,1514.35,1517.9,1668.35
7197,2021-03-20 10:08:00,1514.35,1514.35,1514.35,1514.35,25,675,1514.35,1517.9,1668.35
7198,2021-03-20 10:09:00,1514.35,1514.35,1514.35,1514.35,25,675,1514.35,1517.9,1668.35
7199,2021-03-20 10:10:00,1514.35,1514.35,1514.35,1514.35,25,675,1514.35,1517.9,1668.35
7200,2021-03-20 10:11:00,1514.35,1514.35,1514.35,1514.35,25,675,1514.35,1517.9,1668.35
7201,2021-03-20 10:12:00,1514.35,1514.35,1514.35,1514.35,25,675,1514.35,1517.9,1668.35
7202,2021-03-20 10:13:00,1514.35,1514.35,1514.35,1514.35,25,675,1514.35,1517.9,1668.35
7203,2021-03-20 10:14:00,1514.35,1514.35,1514.35,1514.35,25,675,1514.35,1517.9,1668.35
7204,2021-03-20 10:15:00,1514.35,1514.35,1514.35,1514.35,25,675,1514.35,1517.9,1668.35
7205,2021-03-20 10:16:00,1514.35,1514.35,1514.35,1514.35,25,675,1514.35,1517.9,1668.35
7206,2021-03-20 10:17:00,1514.35,1514.35,1514.35,1514.35,25,675,1514.35,1517.9,1668.35
7207,2021-03-20 10:18:00,1514.35,1514.35,1514.35,1514.35,25,675,1514.35,1517.9,1668.35
7208,2021-03-20 10:19:00,1514.35,1514.35,1514.35,1514.35,25,675,1514.35,1517.9,1668.35
7209,2021-03-20 10:20:00,1514.35,1514.35,1514.35,1514.35,25,675,1514.35,1517.9,1668.35
7210,2021-03-20 10:21:00,1514.35,1514.35,1514.35,1514.35,25,675,1514.35,1517.9,1668.35
7211,2021-03-20 10:22:00,1514.35,1514.35,1514.35,1514.35,25,675,1514.35,1517.9,1668.35
7212,2021-03-20 10:23:00,1514.35,1514.35,1514.35,1514.35,25,675,1514.35,1517.9,1668.35
7213,2021-03-20 10:24:00,1514.35,1514.35,1514.35,1514.35,25,675,1514.35,1517.9,1668.35
7214,2021-03-20 10:25:00,1514.35,1514.35,1514.35,1514.35,25,675,1514.35,1517.9,1668.35
7215,2021-03-20 10:26:00,1514.35,1514.35,1514.35,1514.35,25,675,1514.35,1517.9,1668.35
7216,2021-03-20 10:27:00,1514.35,1514.35,1514.35,1514.35,25,675,1514.35,1517.9,1668.35
7217,2021-03-20 10:28:00,1514.35,1514.35,1514.35,1514.35,25,675,1514.35,1517.9,1668.35
7218,2021-03-20 10:29:00,1514.35,1514.35,1514.35,1514.35,25,675,1514.35,1517.9,1668.35
7219,2021-03-20 10:30:00,1514.35,1514.35,1514.35,1514.35,25,675,1514.35,1517.9,1668.35
7220,2021-03-20 10:31:00,1514.35,1514.35,1514.35,1514.35,25,675,1514.35,1517.9,1668.35
7221,2021-03-20 10:32:00,1514.35,1514.35,1514.35,1514.35,25,675,1514.35,1517.9,1668.35
7222,2021-03-20 10:33:00,1514.35,1514.35,1514.35,1514.35,25,675,1514.35,1517.9,1668.35
7223,2021-03-20 10:34:00,1514.35,1514.35,1514.35,1514.35,25,675,1514.35,1517.9,1668.35
7224,2021-03-20 10:35:00,1514.35,1514.35,1514.35,1514.35,25,675,1514.35,1517.9,1668.35
7225,2021-03-20 10:36:00,1514.35,1514.35,1514.35,1514.35,25,675,1514.35,1517.9,1668.35
7226,2021-03-20 10:37:00,1514.35,1514.35,1514.35,1514.35,25,675,1514.35,1517.9,1668.35
7227,2021-03-20 10:38:00,1514.35,1514.35,1514.35,1514.35,25,675,1514.35,1517.9,1668.35
7228,2021-03-20 10:39:00,1514.35,1514.35,1514.35,1514.35,25,675,1514.35,1517.9,1668.35
7229,2021-03-20 10:40:00,1514.35,1514.35,1514.35,1514.35,25,675,1514.35,1517.9,1668.35
7230,2021-03-20 10:41:00,1514.35,1514.35,1514.35,1514.35,25,675,1514.35,1517.9,1668.35
7231,2021-03-20 10:42:00,1514.35,1514.35,1514.35,1514.35,25,675,1514.35,1517.9,1668.35
7232,2021-03-20 10:43:00,1514.35,1514.35,1514.35,1514.35,25,675,1514.35,1517.9,1668.35
7233,2021-03-20 10:44:00,1514.35,1514.35,1514.35,1514.35,25,675,1514.35,1517.9,1668.35
7234,2021-03-20 10:45:00,1514.35,1514.35,1514.35,1514.35,25,675,1514.35,1517.9,1668.35
7235,2021-03-20 10:46:00,1514.35,1514.35,1514.35,1514.35,25,675,1514.35,1517.9,1668.35
7236,2021-03-20 10:47:00,1514.35,1514.35,1514.35,1514.35,25,675,1514.35,1517.9,1668.35
7237,2021-03-20 10:48:00,1514.35,1514.35,1514.35,1514.35,25,675,1514.35,1517.9,1668.35
7238,2021-03-20 10:49:00,1514.35,1514.35,1514.35,1514.35,25,675,1514.35,1517.9,1668.35
7239,2021-03-20 10:50:00,1514.35,1514.35,1514.35,1514.35,25,675,1514.35,1517.9,1668.35
7240,2021-03-20 10:51:00,1514.35,1514.35,1514.35,1514.35,25,675,1514.35,1517.9,1668.35
7241,2021-03-20 10:52:00,1514.35,1514.35,1514.35,1514.35,25,675,1514.35,1517.9,1668.35
7242,2021-03-20 10:53:00,1514.35,1514.35,1514.35,1514.35,25,675,1514.35,1517.9,1668.35
7243,2021-03-20 10:54:00,1514.35,1514.35,1514.35,1514.35,25,675,1514.35,1517.9,1668.35
7244,2021-03-20 10:55:00,1514.35,1514.35,1514.35,1514.35,25,675,1514.35,1517.9,1668.35
7245,2021-03-20 10:56:00,1514.35,1514.35,1514.35,1514.35,25,675,1514.35,1517.9,1668.35
7246,2021-03-20 10:57:00,1514.35,1514.35,1514.35,1514.35,25,675,1514.35,1517.9,1668.35
7247,2021-03-20 10:58:00,1514.35,1514.35,1514.35,1514.35,25,675,1514.35,1517.9,1668.35
7248,2021-03-20 10:59:00,1514.35,1514.35,1514.35,1514.35,25,675,1514.35,1517.9,1668.35
7249,2021-03-20 11:00:00,1514.35,1514.35,1514.35,1514.35,25,675,1514.35,1517.9,1668.35
7250,2021-03-20 11:01:00,1514.35,1514.35,1514.35,1514.35,25,675,1514.35,1517.9,1668.35
7251,2021-03-20 11:02:00,1514.35,1514.35,1514.35,1514.35,25,675,1514.35,1517.9,1668.35
7252,2021-03-20 11:03:00,1514.35,1514.35,1514.35,1514.35,25,675,1514.35,1517.9,1668.35
7253,2021-03-20 11:04:00,1514.35,1514.35,1514.35,1514.35,25,675,1514.35,1517.9,1668.35
7254,2021-03-20 11:05:00,1514.35,1514.35,1514.35,1514.35,25,675,1514.35,1517.9,1668.35
7255,2021-03-20 11:06:00,1514.35,1514.35,1514.35,1514.35,25,675,1514.35,1517.9,1668.35
7256,2021-03-20 11:07:00,1514.35,1514.35,1514.35,1514.35,25,675,1514.35,1517.9,1668.35
7257,2021-03-20 11:08:00,1514.35,1514.35,1514.35,1514.35,25,675,1514.35,1517.9,1668.35
7258,2021-03-20 11:09:00,1514.35,1514.35,1514.35,1514.35,25,675,1514.35,1517.9,1668.35
7259,2021-03-20 11:10:00,1514.35,1514.35,1514.35,1514.35,25,675,1514.35,1517.9,1668.35
7260,2021-03-20 11:11:00,1514.35,1514.35,1514.35,1514.35,25,675,1514.35,1517.9,1668.35
7261,2021-03-20 11:12:00,1514.35,1514.35,1514.35,1514.35,25,675,1514.35,1517.9,1668.35
7262,2021-03-20 11:13:00,1514.35,1514.35,1514.35,1514.35,25,675,1514.35,1517.9,1668.35
7263,2021-03-20 11:14:00,1514.35,1514.35,1514.35,1514.35,25,675,1514.35,1517.9,1668.35
7264,2021-03-20 11:15:00,1514.35,1514.35,1514.35,1514.35,25,675,1514.35,1517.9,1668.35
7265,2021-03-20 11:16:00,1514.35,1514.35,1514.35,1514.35,25,675,1514.35,1517.9,1668.35
7266,2021-03-20 11:17:00,1514.35,1514.35,1514.35,1514.35,25,675,1514.35,1517.9,1668.35
7267,2021-03-20 11:18:00,1514.35,1514.35,1514.35,1514.35,25,675,1514.35,1517.9,1668.35
7268,2021-03-20 11:19:00,1514.35,1514.35,1514.35,1514.35,25,675,1514.35,1517.9,1668.35
7269,2021-03-20 11:20:00,1514.35,1514.35,1514.35,1514.35,25,675,1514.35,1517.9,1668.35
7270,2021-03-20 11:21:00,1514.35,1514.35,1514.35,1514.35,25,675,1514.35,1517.9,1668.35
7271,2021-03-20 11:22:00,1514.35,1514.35,1514.35,1514.35,25,675,1514.35,1517.9,1668.35
7272,2021-03-20 11:23:00,1514.35,1514.35,1514.35,1514.35,25,675,1514.35,1517.9,1668.35
7273,2021-03-20 11:24:00,1514.35,1514.35,1514.35,1514.35,25,675,1514.35,1517.9,1668.35
7274,2021-03-20 11:25:00,1514.35,1514.35,1514.35,1514.35,25,675,1514.35,1517.9,1668.35
7275,2021-03-20 11:26:00,1514.35,1514.35,1514.35,1514.35,25,675,1514.35,1517.9,1668.35
7276,2021-03-20 11:27:00,1514.35,1514.35,1514.35,1514.35,25,675,1514.35,1517.9,1668.35
7277,2021-03-20 11:28:00,1514.35,1514.35,1514.35,1514.35,25,675,1514.35,1517.9,1668.35
7278,2021-03-20 11:29:00,1514.35,1514.35,1514.35,1514.35,25,675,1514.35,1517.9,1668.35
7279,2021-03-20 11:30:00,1514.35,1514.35,1514.35,1514.35,25,675,1514.35,1517.9,1668.35
7280,2021-03-20 11:31:00,1514.35,1514.35,1514.35,1514.35,25,675,1514.35,1517.9,1668.35
7281,2021-03-20 11:32:00,1514.35,1514.35,1514.35,1514.35,25,675,1514.35,1517.9,1668.35
7282,2021-03-20 11:33:00,1514.35,1514.35,1514.35,1514.35,25,675,1514.35,1517.9,1668.35
7283,2021-03-20 11:34:00,1514.35,1514.35,1514.35,1514.35,25,675,1514.35,1517.9,1668.35
7284,2021-03-20 11:35:00,1514.35,1514.35,1514.35,1514.35,25,675,1514.35,1517.9,1668.35
7285,2021-03-20 11:36:00,1514.35,1514.35,1514.35,1514.35,25,675,1514.35,1517.9,1668.35
7286,2021-03-20 11:37:00,1514.35,1514.35,1514.35,1514.35,25,675,1514.35,1517.9,1668.35
7287,2021-03-20 11:38:00,1514.35,1514.35,1514.35,1514.35,25,675,1514.35,1517.9,1668.35
7288,2021-03-20 11:39:00,1514.35,1514.35,1514.35,1514.35,25,675,1514.35,1517.9,1668.35
7289,2021-03-20 11:40:00,1514.35,1514.35,1514.35,1514.35,25,675,1514.35,1517.9,1668.35
7290,2021-03-20 11:41:00,1514.35,1514.35,1514.35,1514.35,25,675,1514.35,1517.9,1668.35
7291,2021-03-20 11:42:00,1514.35,1514.35,1514.35,1514.35,25,675,1514.35,1517.9,1668.35
7292,2021-03-20 11:43:00,1514.35,1514.35,1514.35,1514.35,25,675,1514.35,1517.9,1668.35
7293,2021-03-20 11:44:00,1514.35,1514.35,1514.35,1514.35,25,675,1514.35,1517.9,1668.35
7294,2021-03-20 11:45:00,1514.35,1514.35,1514.35,1514.35,25,675,1514.35,1517.9,1668.35
7295,2021-03-20 11:46:00,1514.35,1514.35,1514.35,1514.35,25,675,1514.35,1517.9,1668.35
7296,2021-03-20 11:47:00,1514.35,1514.35,1514.35,1514.35,25,675,1514.35,1517.9,1668.35
7297,2021-03-20 11:48:00,1514.35,1514.35,1514.35,1514.35,25,675,1514.35,1517.9,1668.35
7298,2021-03-20 11:49:00,1514.35,1514.35,1514.35,1514.35,25,675,1514.35,1517.9,1668.35
7299,2021-03-20 11:50:00,1514.35,1514.35,1514.35,1514.35,25,675,1514.35,1517.9,1668.35
7300,2021-03-20 11:51:00,1514.35,1514.35,1514.35,1514.35,25,675,1514.35,1517.9,1668.35
7301,2021-03-20 11:52:00,1514.35,1514.35,1514.35,1514.35,25,675,1514.35,1517.9,1668.35
7302,2021-03-20 11:53:00,1514.35,1514.35,1514.35,1514.35,25,675,1514.35,1517.9,1668.35
7303,2021-03-20 11:54:00,1514.35,1514.35,1514.35,1514.35,25,675,1514.35,1517.9,1668.35
7304,2021-03-20 11:55:00,1514.35,1514.35,1514.35,1514.35,25,675,1514.35,1517.9,1668.35
7305,2021-03-20 11:56:00,1514.35,1514.35,1514.35,1514.35,25,675,1514.35,1517.9,1668.35
7306,2021-03-20 11:57:00,1514.35,1514.35,1514.35,1514.35,25,675,1514.35,1517.9,1668.35
7307,2021-03-20 11:58:00,1514.35,1514.35,1514.35,1514.35,25,675,1514.35,1517.9,1668.35
7308,2021-03-20 11:59:00,1514.35,1514.35,1514.35,1514.35,25,675,1514.35,1517.9,1668.35
7309,2021-03-20 12:00:00,1514.35,1514.35,1514.35,1514.35,25,675,1514.35,1517.9,1668.35
7310,2021-03-20 12:01:00,1514.35,1514.35,1514.35,1514.35,25,675,1514.35,1517.9,1668.35
7311,2021-03-20 12:02:00,1514.35,1514.35,1514.35,1514.35,25,675,1514.35,1517.9,1668.35
7312,2021-03-20 12:03:00,1514.35,1514.35,1514.35,1514.35,25,675,1514.35,1517.9,1668.35
7313,2021-03-20 12:04:00,1514.35,1514.35,1514.35,1514.35,25,675,1514.35,1517.9,1668.35
7314,2021-03-20 12:05:00,1514.35,1514.35,1514.35,1514.35,25,675,1514.35,1517.9,1668.35
7315,2021-03-20 12:06:00,1514.35,1514.35,1514.35,1514.35,25,675,1514.35,1517.9,1668.35
7316,2021-03-20 12:07:00,1514.35,1514.35,1514.35,1514.35,25,675,1514.35,1517.9,1668.35
7317,2021-03-20 12:08:00,1514.35,1514.35,1514.35,1514.35,25,675,1514.35,1517.9,1668.35
7318,2021-03-20 12:09:00,1514.35,1514.35,1514.35,1514.35,25,675,1514.35,1517.9,1668.35
7319,2021-03-20 12:10:00,1514.35,1514.35,1514.35,1514.35,25,675,1514.35,1517.9,1668.35
7320,2021-03-20 12:11:00,1514.35,1514.35,1514.35,1514.35,25,675,1514.35,1517.9,1668.35
7321,2021-03-20 12:12:00,1514.35,1514.35,1514.35,1514.35,25,675,1514.35,1517.9,1668.35
7322,2021-03-20 12:13:00,1514.35,1514.35,1514.35,1514.35,25,675,1514.35,1517.9,1668.35
7323,2021-03-20 12:14:00,1514.35,1514.35,1514.35,1514.35,25,675,1514.35,1517.9,1668.35
7324,2021-03-20 12:15:00,1514.35,1514.35,1514.35,1514.35,25,675,1514.35,1517.9,1668.35
7325,2021-03-20 12:16:00,1514.35,1514.35,1514.35,1514.35,25,675,1514.35,1517.9,1668.35
7326,2021-03-20 12:17:00,1514.35,1514.35,1514.35,1514.35,25,675,1514.35,1517.9,1668.35
7327,2021-03-20 12:18:00,1514.35,1514.35,1514.35,1514.35,25,675,1514.35,1517.9,1668.35
7328,2021-03-20 12:19:00,1514.35,1514.35,1514.35,1514.35,25,675,1514.35,1517.9,1668.35
7329,2021-03-20 12:20:00,1514.35,1514.35,1514.35,1514.35,25,675,1514.35,1517.9,1668.35
7330,2021-03-20 12:21:00,1514.35,1514.35,1514.35,1514.35,25,675,1514.35,1517.9,1668.35
7331,2021-03-20 12:22:00,1514.35,1514.35,1514.35,1514.35,25,675,1514.35,1517.9,1668.35
7332,2021-03-20 12:23:00,1514.35,1514.35,1514.35,1514.35,25,675,1514.35,1517.9,1668.35
7333,2021-03-20 12:24:00,1514.35,1514.35,1514.35,1514.35,25,675,1514.35,1517.9,1668.35
7334,2021-03-20 12:25:00,1514.35,1514.35,1514.35,1514.35,25,675,1514.35,1517.9,1668.35
7335,2021-03-20 12:26:00,1514.35,1514.35,1514.35,1514.35,25,675,1514.35,1517.9,1668.35
7336,2021-03-20 12:27:00,1514.35,1514.35,1514.35,1514.35,25,675,1514.35,1517.9,1668.35
7337,2021-03-20 12:28:00,1514.35,1514.35,1514.35,1514.35,25,675,1514.35,1517.9,1668.35
7338,2021-03-20 12:29:00,1514.35,1514.35,1514.35,1514.35,25,675,1514.35,1517.9,1668.35
7339,2021-03-20 12:30:00,1514.35,1514.35,1514.35,1514.35,25,675,1514.35,1517.9,1668.35
7340,2021-03-20 12:31:00,1514.35,1514.35,1514.35,1514.35,25,675,1514.35,1517.9,1668.35
7341,2021-03-20 12:32:00,1514.35,1514.35,1514.35,1514.35,25,675,1514.35,1517.9,1668.35
7342,2021-03-20 12:33:00,1514.35,1514.35,1514.35,1514.35,25,675,1514.35,1517.9,1668.35
7343,2021-03-20 12:34:00,1514.35,1514.35,1514.35,1514.35,25,675,1514.35,1517.9,1668.35
7344,2021-03-20 12:35:00,1514.35,1514.35,1514.35,1514.35,25,675,1514.35,1517.9,1668.35
7345,2021-03-20 12:36:00,1514.35,1514.35,1514.35,1514.35,25,675,1514.35,1517.9,1668.35
7346,2021-03-20 12:37:00,1514.35,1514.35,1514.35,1514.35,25,675,1514.35,1517.9,1668.35
7347,2021-03-20 12:38:00,1514.35,1514.35,1514.35,1514.35,25,675,1514.35,1517.9,1668.35
7348,2021-03-20 12:39:00,1514.35,1514.35,1514.35,1514.35,25,675,1514.35,1517.9,1668.35
7349,2021-03-20 12:40:00,1514.35,1514.35,1514.35,1514.35,25,675,1514.35,1517.9,1668.35
7350,2021-03-20 12:41:00,1514.35,1514.35,1514.35,1514.35,25,675,1514.35,1517.9,1668.35
7351,2021-03-20 12:42:00,1514.35,1514.35,1514.35,1514.35,25,675,1514.35,1517.9,1668.35
7352,2021-03-20 12:43:00,1514.35,1514.35,1514.35,1514.35,25,675,1514.35,1517.9,1668.35
7353,2021-03-20 12:44:00,1514.35,1514.35,1514.35,1514.35,25,675,1514.35,1517.9,1668.35
7354,2021-03-20 12:45:00,1514.35,1514.35,1514.35,1514.35,25,675,1514.35,1517.9,1668.35
7355,2021-03-20 12:46:00,1514.35,1514.35,1514.35,1514.35,25,675,1514.35,1517.9,1668.35
7356,2021-03-20 12:47:00,1514.35,1514.35,1514.35,1514.35,25,675,1514.35,1517.9,1668.35
7357,2021-03-20 12:48:00,1514.35,1514.35,1514.35,1514.35,25,675,1514.35,1517.9,1668.35
7358,2021-03-20 12:49:00,1514.35,1514.35,1514.35,1514.35,25,675,1514.35,1517.9,1668.35
7359,2021-03-20 12:50:00,1514.35,1514.35,1514.35,1514.35,25,675,1514.35,1517.9,1668.35
7360,2021-03-20 12:51:00,1514.35,1514.35,1514.35,1514.35,25,675,1514.35,1517.9,1668.35
7361,2021-03-20 12:52:00,1514.35,1514.35,1514.35,1514.35,25,675,1514.35,1517.9,1668.35
7362,2021-03-20 12:53:00,1514.35,1514.35,1514.35,1514.35,25,675,1514.35,1517.9,1668.35
7363,2021-03-20 12:54:00,1514.35,1514.35,1514.35,1514.35,25,675,1514.35,1517.9,1668.35
7364,2021-03-20 12:55:00,1514.35,1514.35,1514.35,1514.35,25,675,1514.35,1517.9,1668.35
7365,2021-03-20 12:56:00,1514.35,1514.35,1514.35,1514.35,25,675,1514.35,1517.9,1668.35
7366,2021-03-20 12:57:00,1514.35,1514.35,1514.35,1514.35,25,675,1514.35,1517.9,1668.35
7367,2021-03-20 12:58:00,1514.35,1514.35,1514.35,1514.35,25,675,1514.35,1517.9,1668.35
7368,2021-03-20 12:59:00,1514.35,1514.35,1514.35,1514.35,25,675,1514.35,1517.9,1668.35
7369,2021-03-20 13:00:00,1514.35,1514.35,1514.35,1514.35,25,675,1514.35,1517.9,1668.35
7370,2021-03-20 13:01:00,1514.35,1514.35,1514.35,1514.35,25,675,1514.35,1517.9,1668.35
7371,2021-03-20 13:02:00,1514.35,1514.35,1514.35,1514.35,25,675,1514.35,1517.9,1668.35
7372,2021-03-20 13:03:00,1514.35,1514.35,1514.35,1514.35,25,675,1514.35,1517.9,1668.35
7373,2021-03-20 13:04:00,1514.35,1514.35,1514.35,1514.35,25,675,1514.35,1517.9,1668.35
7374,2021-03-20 13:05:00,1514.35,1514.35,1514.35,1514.35,25,675,1514.35,1517.9,1668.35
7375,2021-03-20 13:06:00,1514.35,1514.35,1514.35,1514.35,25,675,1514.35,1517.9,1668.35
7376,2021-03-20 13:07:00,1514.35,1514.35,1514.35,1514.35,25,675,1514.35,1517.9,1668.35
7377,2021-03-20 13:08:00,1514.35,1514.35,1514.35,1514.35,25,675,1514.35,1517.9,1668.35
7378,2021-03-20 13:09:00,1514.35,1514.35,1514.35,1514.35,25,675,1514.35,1517.9,1668.35
7379,2021-03-20 13:10:00,1514.35,1514.35,1514.35,1514.35,25,675,1514.35,1517.9,1668.35
7380,2021-03-20 13:11:00,1514.35,1514.35,1514.35,1514.35,25,675,1514.35,1517.9,1668.35
7381,2021-03-20 13:12:00,1514.35,1514.35,1514.35,1514.35,25,675,1514.35,1517.9,1668.35
7382,2021-03-20 13:13:00,1514.35,1514.35,1514.35,1514.35,25,675,1514.35,1517.9,1668.35
7383,2021-03-20 13:14:00,1514.35,1514.35,1514.35,1514.35,25,675,1514.35,1517.9,1668.35
7384,2021-03-20 13:15:00,1514.35,1514.35,1514.35,1514.35,25,675,1514.35,1517.9,1668.35
7385,2021-03-20 13:16:00,1514.35,1514.35,1514.35,1514.35,25,675,1514.35,1517.9,1668.35
7386,2021-03-20 13:17:00,1514.35,1514.35,1514.35,1514.35,25,675,1514.35,1517.9,1668.35
7387,2021-03-20 13:18:00,1514.35,1514.35,1514.35,1514.35,25,675,1514.35,1517.9,1668.35
7388,2021-03-20 13:19:00,1514.35,1514.35,1514.35,1514.35,25,675,1514.35,1517.9,1668.35
7389,2021-03-20 13:20:00,1514.35,1514.35,1514.35,1514.35,25,675,1514.35,1517.9,1668.35
7390,2021-03-20 13:21:00,1514.35,1514.35,1514.35,1514.35,25,675,1514.35,1517.9,1668.35
7391,2021-03-20 13:22:00,1514.35,1514.35,1514.35,1514.35,25,675,1514.35,1517.9,1668.35
7392,2021-03-20 13:23:00,1514.35,1514.35,1514.35,1514.35,25,675,1514.35,1517.9,1668.35
7393,2021-03-20 13:24:00,1514.35,1514.35,1514.35,1514.35,25,675,1514.35,1517.9,1668.35
7394,2021-03-20 13:25:00,1514.35,1514.35,1514.35,1514.35,25,675,1514.35,1517.9,1668.35
7395,2021-03-20 13:26:00,1514.35,1514.35,1514.35,1514.35,25,675,1514.35,1517.9,1668.35
7396,2021-03-20 13:27:00,1514.35,1514.35,1514.35,1514.35,25,675,1514.35,1517.9,1668.35
7397,2021-03-20 13:28:00,1514.35,1514.35,1514.35,1514.35,25,675,1514.35,1517.9,1668.35
7398,2021-03-20 13:29:00,1514.35,1514.35,1514.35,1514.35,25,675,1514.35,1517.9,1668.35
7399,2021-03-20 13:30:00,1514.35,1514.35,1514.35,1514.35,25,675,1514.35,1517.9,1668.35
7400,2021-03-20 13:31:00,1514.35,1514.35,1514.35,1514.35,25,675,1514.35,1517.9,1668.35
7401,2021-03-20 13:32:00,1514.35,1514.35,1514.35,1514.35,25,675,1514.35,1517.9,1668.35
7402,2021-03-20 13:33:00,1514.35,1514.35,1514.35,1514.35,25,675,1514.35,1517.9,1668.35
7403,2021-03-20 13:34:00,1514.35,1514.35,1514.35,1514.35,25,675,1514.35,1517.9,1668.35
7404,2021-03-20 13:35:00,1514.35,1514.35,1514.35,1514.35,25,675,1514.35,1517.9,1668.35
7405,2021-03-20 13:36:00,1514.35,1514.35,1514.35,1514.35,25,675,1514.35,1517.9,1668.35
7406,2021-03-20 13:37:00,1514.35,1514.35,1514.35,1514.35,25,675,1514.35,1517.9,1668.35
7407,2021-03-20 13:38:00,1514.35,1514.35,1514.35,1514.35,25,675,1514.35,1517.9,1668.35
7408,2021-03-20 13:39:00,1514.35,1514.35,1514.35,1514.35,25,675,1514.35,1517.9,1668.35
7409,2021-03-20 13:40:00,1514.35,1514.35,1514.35,1514.35,25,675,1514.35,1517.9,1668.35
7410,2021-03-20 13:41:00,1514.35,1514.35,1514.35,1514.35,25,675,1514.35,1517.9,1668.35
7411,2021-03-20 13:42:00,1514.35,1514.35,1514.35,1514.35,25,675,1514.35,1517.9,1668.35
7412,2021-03-20 13:43:00,1514.35,1514.35,1514.35,1514.35,25,675,1514.35,1517.9,1668.35
7413,2021-03-20 13:44:00,1514.35,1514.35,1514.35,1514.35,25,675,1514.35,1517.9,1668.35
7414,2021-03-20 13:45:00,1514.35,1514.35,1514.35,1514.35,25,675,1514.35,1517.9,1668.35
7415,2021-03-20 13:46:00,1514.35,1514.35,1514.35,1514.35,25,675,1514.35,1517.9,1668.35
7416,2021-03-20 13:47:00,1514.35,1514.35,1514.35,1514.35,25,675,1514.35,1517.9,1668.35
7417,2021-03-20 13:48:00,1514.35,1514.35,1514.35,1514.35,25,675,1514.35,1517.9,1668.35
7418,2021-03-20 13:49:00,1514.35,1514.35,1514.35,1514.35,25,675,1514.35,1517.9,1668.35
7419,2021-03-20 13:50:00,1514.35,1514.35,1514.35,1514.35,25,675,1514.35,1517.9,1668.35
7420,2021-03-20 13:51:00,1514.35,1514.35,1514.35,1514.35,25,675,1514.35,1517.9,1668.35
7421,2021-03-20 13:52:00,1514.35,1514.35,1514.35,1514.35,25,675,1514.35,1517.9,1668.35
7422,2021-03-20 13:53:00,1514.35,1514.35,1514.35,1514.35,25,675,1514.35,1517.9,1668.35
7423,2021-03-20 13:54:00,1514.35,1514.35,1514.35,1514.35,25,675,1514.35,1517.9,1668.35
7424,2021-03-20 13:55:00,1514.35,1514.35,1514.35,1514.35,25,675,1514.35,1517.9,1668.35
7425,2021-03-20 13:56:00,1514.35,1514.35,1514.35,1514.35,25,675,1514.35,1517.9,1668.35
7426,2021-03-20 13:57:00,1514.35,1514.35,1514.35,1514.35,25,675,1514.35,1517.9,1668.35
7427,2021-03-20 13:58:00,1514.35,1514.35,1514.35,1514.35,25,675,1514.35,1517.9,1668.35
7428,2021-03-20 13:59:00,1514.35,1514.35,1514.35,1514.35,25,675,1514.35,1517.9,1668.35
7429,2021-03-20 14:00:00,1514.35,1514.35,1514.35,1514.35,25,675,1514.35,1517.9,1668.35
7430,2021-03-20 14:01:00,1514.35,1514.35,1514.35,1514.35,25,675,1514.35,1517.9,1668.35
7431,2021-03-20 14:02:00,1514.35,1514.35,1514.35,1514.35,25,675,1514.35,1517.9,1668.35
7432,2021-03-20 14:03:00,1514.35,1514.35,1514.35,1514.35,25,675,1514.35,1517.9,1668.35
7433,2021-03-20 14:04:00,1514.35,1514.35,1514.35,1514.35,25,675,1514.35,1517.9,1668.35
7434,2021-03-20 14:05:00,1514.35,1514.35,1514.35,1514.35,25,675,1514.35,1517.9,1668.35
7435,2021-03-20 14:06:00,1514.35,1514.35,1514.35,1514.35,25,675,1514.35,1517.9,1668.35
7436,2021-03-20 14:07:00,1514.35,1514.35,1514.35,1514.35,25,675,1514.35,1517.9,1668.35
7437,2021-03-20 14:08:00,1514.35,1514.35,1514.35,1514.35,25,675,1514.35,1517.9,1668.35
7438,2021-03-20 14:09:00,1514.35,1514.35,1514.35,1514.35,25,675,1514.35,1517.9,1668.35
7439,2021-03-20 14:10:00,1514.35,1514.35,1514.35,1514.35,25,675,1514.35,1517.9,1668.35
7440,2021-03-20 14:11:00,1514.35,1514.35,1514.35,1514.35,25,675,1514.35,1517.9,1668.35
7441,2021-03-20 14:12:00,1514.35,1514.35,1514.35,1514.35,25,675,1514.35,1517.9,1668.35
7442,2021-03-20 14:13:00,1514.35,1514.35,1514.35,1514.35,25,675,1514.35,1517.9,1668.35
7443,2021-03-20 14:14:00,1514.35,1514.35,1514.35,1514.35,25,675,1514.35,1517.9,1668.35
7444,2021-03-20 14:15:00,1514.35,1514.35,1514.35,1514.35,25,675,1514.35,1517.9,1668.35
7445,2021-03-20 14:16:00,1514.35,1514.35,1514.35,1514.35,25,675,1514.35,1517.9,1668.35
7446,2021-03-20 14:17:00,1514.35,1514.35,1514.35,1514.35,25,675,1514.35,1517.9,1668.35
7447,2021-03-20 14:18:00,1514.35,1514.35,1514.35,1514.35,25,675,1514.35,1517.9,1668.35
7448,2021-03-20 14:19:00,1514.35,1514.35,1514.35,1514.35,25,675,1514.35,1517.9,1668.35
7449,2021-03-20 14:20:00,1514.35,1514.35,1514.35,1514.35,25,675,1514.35,1517.9,1668.35
7450,2021-03-20 14:21:00,1514.35,1514.35,1514.35,1514.35,25,675,1514.35,1517.9,1668.35
7451,2021-03-20 14:22:00,1514.35,1514.35,1514.35,1514.35,25,675,1514.35,1517.9,1668.35
7452,2021-03-20 14:23:00,1514.35,1514.35,1514.35,1514.35,25,675,1514.35,1517.9,1668.35
7453,2021-03-20 14:24:00,1514.35,1514.35,1514.35,1514.35,25,675,1514.35,1517.9,1668.35
7454,2021-03-20 14:25:00,1514.35,1514.35,1514.35,1514.35,25,675,1514.35,1517.9,1668.35
7455,2021-03-20 14:26:00,1514.35,1514.35,1514.35,1514.35,25,675,1514.35,1517.9,1668.35
7456,2021-03-20 14:27:00,1514.35,1514.35,1514.35,1514.35,25,675,1514.35,1517.9,1668.35
7457,2021-03-20 14:28:00,1514.35,1514.35,1514.35,1514.35,25,675,1514.35,1517.9,1668.35
7458,2021-03-20 14:29:00,1514.35,1514.35,1514.35,1514.35,25,675,1514.35,1517.9,1668.35
7459,2021-03-20 14:30:00,1514.35,1514.35,1514.35,1514.35,25,675,1514.35,1517.9,1668.35
7460,2021-03-20 14:31:00,1514.35,1514.35,1514.35,1514.35,25,675,1514.35,1517.9,1668.35
7461,2021-03-20 14:32:00,1514.35,1514.35,1514.35,1514.35,25,675,1514.35,1517.9,1668.35
7462,2021-03-20 14:33:00,1514.35,1514.35,1514.35,1514.35,25,675,1514.35,1517.9,1668.35
7463,2021-03-20 14:34:00,1514.35,1514.35,1514.35,1514.35,25,675,1514.35,1517.9,1668.35
7464,2021-03-20 14:35:00,1514.35,1514.35,1514.35,1514.35,25,675,1514.35,1517.9,1668.35
7465,2021-03-20 14:36:00,1514.35,1514.35,1514.35,1514.35,25,675,1514.35,1517.9,1668.35
7466,2021-03-20 14:37:00,1514.35,1514.35,1514.35,1514.35,25,675,1514.35,1517.9,1668.35
7467,2021-03-20 14:38:00,1514.35,1514.35,1514.35,1514.35,25,675,1514.35,1517.9,1668.35
7468,2021-03-20 14:39:00,1514.35,1514.35,1514.35,1514.35,25,675,1514.35,1517.9,1668.35
7469,2021-03-20 14:40:00,1514.35,1514.35,1514.35,1514.35,25,675,1514.35,1517.9,1668.35
7470,2021-03-20 14:41:00,1514.35,1514.35,1514.35,1514.35,25,675,1514.35,1517.9,1668.35
7471,2021-03-20 14:42:00,1514.35,1514.35,1514.35,1514.35,25,675,1514.35,1517.9,1668.35
7472,2021-03-20 14:43:00,1514.35,1514.35,1514.35,1514.35,25,675,1514.35,1517.9,1668.35
7473,2021-03-20 14:44:00,1514.35,1514.35,1514.35,1514.35,25,675,1514.35,1517.9,1668.35
7474,2021-03-20 14:45:00,1514.35,1514.35,1514.35,1514.35,25,675,1514.35,1517.9,1668.35
7475,2021-03-20 14:46:00,1514.35,1514.35,1514.35,1514.35,25,675,1514.35,1517.9,1668.35
7476,2021-03-20 14:47:00,1514.35,1514.35,1514.35,1514.35,25,675,1514.35,1517.9,1668.35
7477,2021-03-20 14:48:00,1514.35,1514.35,1514.35,1514.35,25,675,1514.35,1517.9,1668.35
7478,2021-03-20 14:49:00,1514.35,1514.35,1514.35,1514.35,25,675,1514.35,1517.9,1668.35
7479,2021-03-20 14:50:00,1514.35,1514.35,1514.35,1514.35,25,675,1514.35,1517.9,1668.35
7480,2021-03-20 14:51:00,1514.35,1514.35,1514.35,1514.35,25,675,1514.35,1517.9,1668.35
7481,2021-03-20 14:52:00,1514.35,1514.35,1514.35,1514.35,25,675,1514.35,1517.9,1668.35
7482,2021-03-20 14:53:00,1514.35,1514.35,1514.35,1514.35,25,675,1514.35,1517.9,1668.35
7483,2021-03-20 14:54:00,1514.35,1514.35,1514.35,1514.35,25,675,1514.35,1517.9,1668.35
7484,2021-03-20 14:55:00,1514.35,1514.35,1514.35,1514.35,25,675,1514.35,1517.9,1668.35
7485,2021-03-20 14:56:00,1514.35,1514.35,1514.35,1514.35,25,675,1514.35,1517.9,1668.35
7486,2021-03-20 14:57:00,1514.35,1514.35,1514.35,1514.35,25,675,1514.35,1517.9,1668.35
7487,2021-03-20 14:58:00,1514.35,1514.35,1514.35,1514.35,25,675,1514.35,1517.9,1668.35
7488,2021-03-20 14:59:00,1514.35,1514.35,1514.35,1514.35,25,675,1514.35,1517.9,1668.35
7489,2021-03-20 15:00:00,1514.35,1514.35,1514.35,1514.35,25,675,1514.35,1517.9,1668.35
7490,2021-03-20 15:01:00,1514.35,1514.35,1514.35,1514.35,25,675,1514.35,1517.9,1668.35
7491,2021-03-20 15:02:00,1514.35,1514.35,1514.35,1514.35,25,675,1514.35,1517.9,1668.35
7492,2021-03-20 15:03:00,1514.35,1514.35,1514.35,1514.35,25,675,1514.35,1517.9,1668.35
7493,2021-03-20 15:04:00,1514.35,1514.35,1514.35,1514.35,25,675,1514.35,1517.9,1668.35
7494,2021-03-20 15:05:00,1514.35,1514.35,1514.35,1514.35,25,675,1514.35,1517.9,1668.35
7495,2021-03-20 15:06:00,1514.35,1514.35,1514.35,1514.35,25,675,1514.35,1517.9,1668.35
7496,2021-03-20 15:07:00,1514.35,1514.35,1514.35,1514.35,25,675,1514.35,1517.9,1668.35
7497,2021-03-20 15:08:00,1514.35,1514.35,1514.35,1514.35,25,675,1514.35,1517.9,1668.35
7498,2021-03-20 15:09:00,1514.35,1514.35,1514.35,1514.35,25,675,1514.35,1517.9,1668.35
7499,2021-03-20 15:10:00,1514.35,1514.35,1514.35,1514.35,25,675,1514.35,1517.9,1668.35
7500,2021-03-20 15:11:00,1514.35,1514.35,1514.35,1514.35,25,675,1514.35,1517.9,1668.35
7501,2021-03-20 15:12:00,1514.35,1514.35,1514.35,1514.35,25,675,1514.35,1517.9,1668.35
7502,2021-03-20 15:13:00,1514.35,1514.35,1514.35,1514.35,25,675,1514.35,1517.9,1668.35
7503,2021-03-20 15:14:00,1514.35,1514.35,1514.35,1514.35,25,675,1514.35,1517.9,1668.35
7504,2021-03-20 15:15:00,1514.35,1514.35,1514.35,1514.35,25,675,1514.35,1517.9,1668.35
7505,2021-03-20 15:16:00,1514.35,1514.35,1514.35,1514.35,25,675,1514.35,1517.9,1668.35
7506,2021-03-20 15:17:00,1514.35,1514.35,1514.35,1514.35,25,675,1514.35,1517.9,1668.35
7507,2021-03-20 15:18:00,1514.35,1514.35,1514.35,1514.35,25,675,1514.35,1517.9,1668.35
7508,2021-03-20 15:19:00,1514.35,1514.35,1514.35,1514.35,25,675,1514.35,1517.9,1668.35
7509,2021-03-20 15:20:00,1514.35,1514.35,1514.35,1514.35,25,675,1514.35,1517.9,1668.35
7510,2021-03-20 15:21:00,1514.35,1514.35,1514.35,1514.35,25,675,1514.35,1517.9,1668.35
7511,2021-03-20 15:22:00,1514.35,1514.35,1514.35,1514.35,25,675,1514.35,1517.9,1668.35
7512,2021-03-20 15:23:00,1514.35,1514.35,1514.35,1514.35,25,675,1514.35,1517.9,1668.35
7513,2021-03-20 15:24:00,1514.35,1514.35,1514.35,1514.35,25,675,1514.35,1517.9,1668.35
7514,2021-03-20 15:25:00,1514.35,1514.35,1514.35,1514.35,25,675,1514.35,1517.9,1668.35
7515,2021-03-20 15:26:00,1514.35,1514.35,1514.35,1514.35,25,675,1514.35,1517.9,1668.35
7516,2021-03-20 15:27:00,1514.35,1514.35,1514.35,1514.35,25,675,1514.35,1517.9,1668.35
7517,2021-03-20 15:28:00,1514.35,1514.35,1514.35,1514.35,25,675,1514.35,1517.9,1668.35
7518,2021-03-20 15:29:00,1514.35,1514.35,1514.35,1514.35,25,675,1514.35,1517.9,1668.35
7519,2021-03-20 15:30:00,1514.35,1514.35,1514.35,1514.35,25,675,1514.35,1517.9,1668.35
7520,2021-03-21 09:15:00,1514.35,1514.35,1514.35,1514.35,25,675,1514.35,1517.9,1668.35
7521,2021-03-21 09:16:00,1514.35,1514.35,1514.35,1514.35,25,675,1514.35,1517.9,1668.35
7522,2021-03-21 09:17:00,1514.35,1514.35,1514.35,1514.35,25,675,1514.35,1517.9,1668.35
7523,2021-03-21 09:18:00,1514.35,1514.35,1514.35,1514.35,25,675,1514.35,1517.9,1668.35
7524,2021-03-21 09:19:00,1514.35,1514.35,1514.35,1514.35,25,675,1514.35,1517.9,1668.35
7525,2021-03-21 09:20:00,1514.35,1514.35,1514.35,1514.35,25,675,1514.35,1517.9,1668.35
7526,2021-03-21 09:21:00,1514.35,1514.35,1514.35,1514.35,25,675,1514.35,1517.9,1668.35
7527,2021-03-21 09:22:00,1514.35,1514.35,1514.35,1514.35,25,675,1514.35,1517.9,1668.35
7528,2021-03-21 09:23:00,1514.35,1514.35,1514.35,1514.35,25,675,1514.35,1517.9,1668.35
7529,2021-03-21 09:24:00,1514.35,1514.35,1514.35,1514.35,25,675,1514.35,1517.9,1668.35
7530,2021-03-21 09:25:00,1514.35,1514.35,1514.35,1514.35,25,675,1514.35,1517.9,1668.35
7531,2021-03-21 09:26:00,1514.35,1514.35,1514.35,1514.35,25,675,1514.35,1517.9,1668.35
7532,2021-03-21 09:27:00,1514.35,1514.35,1514.35,1514.35,25,675,1514.35,1517.9,1668.35
7533,2021-03-21 09:28:00,1514.35,1514.35,1514.35,1514.35,25,675,1514.35,1517.9,1668.35
7534,2021-03-21 09:29:00,1514.35,1514.35,1514.35,1514.35,25,675,1514.35,1517.9,1668.35
7535,2021-03-21 09:30:00,1514.35,1514.35,1514.35,1514.35,25,675,1514.35,1517.9,1668.35
7536,2021-03-21 09:31:00,1514.35,1514.35,1514.35,1514.35,25,675,1514.35,1517.9,1668.35
7537,2021-03-21 09:32:00,1514.35,1514.35,1514.35,1514.35,25,675,1514.35,1517.9,1668.35
7538,2021-03-21 09:33:00,1514.35,1514.35,1514.35,1514.35,25,675,1514.35,1517.9,1668.35
7539,2021-03-21 09:34:00,1514.35,1514.35,1514.35,1514.35,25,675,1514.35,1517.9,1668.35
7540,2021-03-21 09:35:00,1514.35,1514.35,1514.35,1514.35,25,675,1514.35,1517.9,1668.35
7541,2021-03-21 09:36:00,1514.35,1514.35,1514.35,1514.35,25,675,1514.35,1517.9,1668.35
7542,2021-03-21 09:37:00,1514.35,1514.35,1514.35,1514.35,25,675,1514.35,1517.9,1668.35
7543,2021-03-21 09:38:00,1514.35,1514.35,1514.35,1514.35,25,675,1514.35,1517.9,1668.35
7544,2021-03-21 09:39:00,1514.35,1514.35,1514.35,1514.35,25,675,1514.35,1517.9,1668.35
7545,2021-03-21 09:40:00,1514.35,1514.35,1514.35,1514.35,25,675,1514.35,1517.9,1668.35
7546,2021-03-21 09:41:00,1514.35,1514.35,1514.35,1514.35,25,675,1514.35,1517.9,1668.35
7547,2021-03-21 09:42:00,1514.35,1514.35,1514.35,1514.35,25,675,1514.35,1517.9,1668.35
7548,2021-03-21 09:43:00,1514.35,1514.35,1514.35,1514.35,25,675,1514.35,1517.9,1668.35
7549,2021-03-21 09:44:00,1514.35,1514.35,1514.35,1514.35,25,675,1514.35,1517.9,1668.35
7550,2021-03-21 09:45:00,1514.35,1514.35,1514.35,1514.35,25,675,1514.35,1517.9,1668.35
7551,2021-03-21 09:46:00,1514.35,1514.35,1514.35,1514.35,25,675,1514.35,1517.9,1668.35
7552,2021-03-21 09:47:00,1514.35,1514.35,1514.35,1514.35,25,675,1514.35,1517.9,1668.35
7553,2021-03-21 09:48:00,1514.35,1514.35,1514.35,1514.35,25,675,1514.35,1517.9,1668.35
7554,2021-03-21 09:49:00,1514.35,1514.35,1514.35,1514.35,25,675,1514.35,1517.9,1668.35
7555,2021-03-21 09:50:00,1514.35,1514.35,1514.35,1514.35,25,675,1514.35,1517.9,1668.35
7556,2021-03-21 09:51:00,1514.35,1514.35,1514.35,1514.35,25,675,1514.35,1517.9,1668.35
7557,2021-03-21 09:52:00,1514.35,1514.35,1514.35,1514.35,25,675,1514.35,1517.9,1668.35
7558,2021-03-21 09:53:00,1514.35,1514.35,1514.35,1514.35,25,675,1514.35,1517.9,1668.35
7559,2021-03-21 09:54:00,1514.35,1514.35,1514.35,1514.35,25,675,1514.35,1517.9,1668.35
7560,2021-03-21 09:55:00,1514.35,1514.35,1514.35,1514.35,25,675,1514.35,1517.9,1668.35
7561,2021-03-21 09:56:00,1514.35,1514.35,1514.35,1514.35,25,675,1514.35,1517.9,1668.35
7562,2021-03-21 09:57:00,1514.35,1514.35,1514.35,1514.35,25,675,1514.35,1517.9,1668.35
7563,2021-03-21 09:58:00,1514.35,1514.35,1514.35,1514.35,25,675,1514.35,1517.9,1668.35
7564,2021-03-21 09:59:00,1514.35,1514.35,1514.35,1514.35,25,675,1514.35,1517.9,1668.35
7565,2021-03-21 10:00:00,1514.35,1514.35,1514.35,1514.35,25,675,1514.35,1517.9,1668.35
7566,2021-03-21 10:01:00,1514.35,1514.35,1514.35,1514.35,25,675,1514.35,1517.9,1668.35
7567,2021-03-21 10:02:00,1514.35,1514.35,1514.35,1514.35,25,675,1514.35,1517.9,1668.35
7568,2021-03-21 10:03:00,1514.35,1514.35,1514.35,1514.35,25,675,1514.35,1517.9,1668.35
7569,2021-03-21 10:04:00,1514.35,1514.35,1514.35,1514.35,25,675,1514.35,1517.9,1668.35
7570,2021-03-21 10:05:00,1514.35,1514.35,1514.35,1514.35,25,675,1514.35,1517.9,1668.35
7571,2021-03-21 10:06:00,1514.35,1514.35,1514.35,1514.35,25,675,1514.35,1517.9,1668.35
7572,2021-03-21 10:07:00,1514.35,1514.35,1514.35,1514.35,25,675,1514.35,1517.9,1668.35
7573,2021-03-21 10:08:00,1514.35,1514.35,1514.35,1514.35,25,675,1514.35,1517.9,1668.35
7574,2021-03-21 10:09:00,1514.35,1514.35,1514.35,1514.35,25,675,1514.35,1517.9,1668.35
7575,2021-03-21 10:10:00,1514.35,1514.35,1514.35,1514.35,25,675,1514.35,1517.9,1668.35
7576,2021-03-21 10:11:00,1514.35,1514.35,1514.35,1514.35,25,675,1514.35,1517.9,1668.35
7577,2021-03-21 10:12:00,1514.35,1514.35,1514.35,1514.35,25,675,1514.35,1517.9,1668.35
7578,2021-03-21 10:13:00,1514.35,1514.35,1514.35,1514.35,25,675,1514.35,1517.9,1668.35
7579,2021-03-21 10:14:00,1514.35,1514.35,1514.35,1514.35,25,675,1514.35,1517.9,1668.35
7580,2021-03-21 10:15:00,1514.35,1514.35,1514.35,1514.35,25,675,1514.35,1517.9,1668.35
7581,2021-03-21 10:16:00,1514.35,1514.35,1514.35,1514.35,25,675,1514.35,1517.9,1668.35
7582,2021-03-21 10:17:00,1514.35,1514.35,1514.35,1514.35,25,675,1514.35,1517.9,1668.35
7583,2021-03-21 10:18:00,1514.35,1514.35,1514.35,1514.35,25,675,1514.35,1517.9,1668.35
7584,2021-03-21 10:19:00,1514.35,1514.35,1514.35,1514.35,25,675,1514.35,1517.9,1668.35
7585,2021-03-21 10:20:00,1514.35,1514.35,1514.35,1514.35,25,675,1514.35,1517.9,1668.35
7586,2021-03-21 10:21:00,1514.35,1514.35,1514.35,1514.35,25,675,1514.35,1517.9,1668.35
7587,2021-03-21 10:22:00,1514.35,1514.35,1514.35,1514.35,25,675,1514.35,1517.9,1668.35
7588,2021-03-21 10:23:00,1514.35,1514.35,1514.35,1514.35,25,675,1514.35,1517.9,1668.35
7589,2021-03-21 10:24:00,1514.35,1514.35,1514.35,1514.35,25,675,1514.35,1517.9,1668.35
7590,2021-03-21 10:25:00,1514.35,1514.35,1514.35,1514.35,25,675,1514.35,1517.9,1668.35
7591,2021-03-21 10:26:00,1514.35,1514.35,1514.35,1514.35,25,675,1514.35,1517.9,1668.35
7592,2021-03-21 10:27:00,1514.35,1514.35,1514.35,1514.35,25,675,1514.35,1517.9,1668.35
7593,2021-03-21 10:28:00,1514.35,1514.35,1514.35,1514.35,25,675,1514.35,1517.9,1668.35
7594,2021-03-21 10:29:00,1514.35,1514.35,1514.35,1514.35,25,675,1514.35,1517.9,1668.35
7595,2021-03-21 10:30:00,1514.35,1514.35,1514.35,1514.35,25,675,1514.35,1517.9,1668.35
7596,2021-03-21 10:31:00,1514.35,1514.35,1514.35,1514.35,25,675,1514.35,1517.9,1668.35
7597,2021-03-21 10:32:00,1514.35,1514.35,1514.35,1514.35,25,675,1514.35,1517.9,1668.35
7598,2021-03-21 10:33:00,1514.35,1514.35,1514.35,1514.35,25,675,1514.35,1517.9,1668.35
7599,2021-03-21 10:34:00,1514.35,1514.35,1514.35,1514.35,25,675,1514.35,1517.9,1668.35
7600,2021-03-21 10:35:00,1514.35,1514.35,1514.35,1514.35,25,675,1514.35,1517.9,1668.35
7601,2021-03-21 10:36:00,1514.35,1514.35,1514.35,1514.35,25,675,1514.35,1517.9,1668.35
7602,2021-03-21 10:37:00,1514.35,1514.35,1514.35,1514.35,25,675,1514.35,1517.9,1668.35
7603,2021-03-21 10:38:00,1514.35,1514.35,1514.35,1514.35,25,675,1514.35,1517.9,1668.35
7604,2021-03-21 10:39:00,1514.35,1514.35,1514.35,1514.35,25,675,1514.35,1517.9,1668.35
7605,2021-03-21 10:40:00,1514.35,1514.35,1514.35,1514.35,25,675,1514.35,1517.9,1668.35
7606,2021-03-21 10:41:00,1514.35,1514.35,1514.35,1514.35,25,675,1514.35,1517.9,1668.35
7607,2021-03-21 10:42:00,1514.35,1514.35,1514.35,1514.35,25,675,1514.35,1517.9,1668.35
7608,2021-03-21 10:43:00,1514.35,1514.35,1514.35,1514.35,25,675,1514.35,1517.9,1668.35
7609,2021-03-21 10:44:00,1514.35,1514.35,1514.35,1514.35,25,675,1514.35,1517.9,1668.35
7610,2021-03-21 10:45:00,1514.35,1514.35,1514.35,1514.35,25,675,1514.35,1517.9,1668.35
7611,2021-03-21 10:46:00,1514.35,1514.35,1514.35,1514.35,25,675,1514.35,1517.9,1668.35
7612,2021-03-21 10:47:00,1514.35,1514.35,1514.35,1514.35,25,675,1514.35,1517.9,1668.35
7613,2021-03-21 10:48:00,1514.35,1514.35,1514.35,1514.35,25,675,1514.35,1517.9,1668.35
7614,2021-03-21 10:49:00,1514.35,1514.35,1514.35,1514.35,25,675,1514.35,1517.9,1668.35
7615,2021-03-21 10:50:00,1514.35,1514.35,1514.35,1514.35,25,675,1514.35,1517.9,1668.35
7616,2021-03-21 10:51:00,1514.35,1514.35,1514.35,1514.35,25,675,1514.35,1517.9,1668.35
7617,2021-03-21 10:52:00,1514.35,1514.35,1514.35,1514.35,25,675,1514.35,1517.9,1668.35
7618,2021-03-21 10:53:00,1514.35,1514.35,1514.35,1514.35,25,675,1514.35,1517.9,1668.35
7619,2021-03-21 10:54:00,1514.35,1514.35,1514.35,1514.35,25,675,1514.35,1517.9,1668.35
7620,2021-03-21 10:55:00,1514.35,1514.35,1514.35,1514.35,25,675,1514.35,1517.9,1668.35
7621,2021-03-21 10:56:00,1514.35,1514.35,1514.35,1514.35,25,675,1514.35,1517.9,1668.35
7622,2021-03-21 10:57:00,1514.35,1514.35,1514.35,1514.35,25,675,1514.35,1517.9,1668.35
7623,2021-03-21 10:58:00,1514.35,1514.35,1514.35,1514.35,25,675,1514.35,1517.9,1668.35
7624,2021-03-21 10:59:00,1514.35,1514.35,1514.35,1514.35,25,675,1514.35,1517.9,1668.35
7625,2021-03-21 11:00:00,1514.35,1514.35,1514.35,1514.35,25,675,1514.35,1517.9,1668.35
7626,2021-03-21 11:01:00,1514.35,1514.35,1514.35,1514.35,25,675,1514.35,1517.9,1668.35
7627,2021-03-21 11:02:00,1514.35,1514.35,1514.35,1514.35,25,675,1514.35,1517.9,1668.35
7628,2021-03-21 11:03:00,1514.35,1514.35,1514.35,1514.35,25,675,1514.35,1517.9,1668.35
7629,2021-03-21 11:04:00,1514.35,1514.35,1514.35,1514.35,25,675,1514.35,1517.9,1668.35
7630,2021-03-21 11:05:00,1514.35,1514.35,1514.35,1514.35,25,675,1514.35,1517.9,1668.35
7631,2021-03-21 11:06:00,1514.35,1514.35,1514.35,1514.35,25,675,1514.35,1517.9,1668.35
7632,2021-03-21 11:07:00,1514.35,1514.35,1514.35,1514.35,25,675,1514.35,1517.9,1668.35
7633,2021-03-21 11:08:00,1514.35,1514.35,1514.35,1514.35,25,675,1514.35,1517.9,1668.35
7634,2021-03-21 11:09:00,1514.35,1514.35,1514.35,1514.35,25,675,1514.35,1517.9,1668.35
7635,2021-03-21 11:10:00,1514.35,1514.35,1514.35,1514.35,25,675,1514.35,1517.9,1668.35
7636,2021-03-21 11:11:00,1514.35,1514.35,1514.35,1514.35,25,675,1514.35,1517.9,1668.35
7637,2021-03-21 11:12:00,1514.35,1514.35,1514.35,1514.35,25,675,1514.35,1517.9,1668.35
7638,2021-03-21 11:13:00,1514.35,1514.35,1514.35,1514.35,25,675,1514.35,1517.9,1668.35
7639,2021-03-21 11:14:00,1514.35,1514.35,1514.35,1514.35,25,675,1514.35,1517.9,1668.35
7640,2021-03-21 11:15:00,1514.35,1514.35,1514.35,1514.35,25,675,1514.35,1517.9,1668.35
7641,2021-03-21 11:16:00,1514.35,1514.35,1514.35,1514.35,25,675,1514.35,1517.9,1668.35
7642,2021-03-21 11:17:00,1514.35,1514.35,1514.35,1514.35,25,675,1514.35,1517.9,1668.35
7643,2021-03-21 11:18:00,1514.35,1514.35,1514.35,1514.35,25,675,1514.35,1517.9,1668.35
7644,2021-03-21 11:19:00,1514.35,1514.35,1514.35,1514.35,25,675,1514.35,1517.9,1668.35
7645,2021-03-21 11:20:00,1514.35,1514.35,1514.35,1514.35,25,675,1514.35,1517.9,1668.35
7646,2021-03-21 11:21:00,1514.35,1514.35,1514.35,1514.35,25,675,1514.35,1517.9,1668.35
7647,2021-03-21 11:22:00,1514.35,1514.35,1514.35,1514.35,25,675,1514.35,1517.9,1668.35
7648,2021-03-21 11:23:00,1514.35,1514.35,1514.35,1514.35,25,675,1514.35,1517.9,1668.35
7649,2021-03-21 11:24:00,1514.35,1514.35,1514.35,1514.35,25,675,1514.35,1517.9,1668.35
7650,2021-03-21 11:25:00,1514.35,1514.35,1514.35,1514.35,25,675,1514.35,1517.9,1668.35
7651,2021-03-21 11:26:00,1514.35,1514.35,1514.35,1514.35,25,675,1514.35,1517.9,1668.35
7652,2021-03-21 11:27:00,1514.35,1514.35,1514.35,1514.35,25,675,1514.35,1517.9,1668.35
7653,2021-03-21 11:28:00,1514.35,1514.35,1514.35,1514.35,25,675,1514.35,1517.9,1668.35
7654,2021-03-21 11:29:00,1514.35,1514.35,1514.35,1514.35,25,675,1514.35,1517.9,1668.35
7655,2021-03-21 11:30:00,1514.35,1514.35,1514.35,1514.35,25,675,1514.35,1517.9,1668.35
7656,2021-03-21 11:31:00,1514.35,1514.35,1514.35,1514.35,25,675,1514.35,1517.9,1668.35
7657,2021-03-21 11:32:00,1514.35,1514.35,1514.35,1514.35,25,675,1514.35,1517.9,1668.35
7658,2021-03-21 11:33:00,1514.35,1514.35,1514.35,1514.35,25,675,1514.35,1517.9,1668.35
7659,2021-03-21 11:34:00,1514.35,1514.35,1514.35,1514.35,25,675,1514.35,1517.9,1668.35
7660,2021-03-21 11:35:00,1514.35,1514.35,1514.35,1514.35,25,675,1514.35,1517.9,1668.35
7661,2021-03-21 11:36:00,1514.35,1514.35,1514.35,1514.35,25,675,1514.35,1517.9,1668.35
7662,2021-03-21 11:37:00,1514.35,1514.35,1514.35,1514.35,25,675,1514.35,1517.9,1668.35
7663,2021-03-21 11:38:00,1514.35,1514.35,1514.35,1514.35,25,675,1514.35,1517.9,1668.35
7664,2021-03-21 11:39:00,1514.35,1514.35,1514.35,1514.35,25,675,1514.35,1517.9,1668.35
7665,2021-03-21 11:40:00,1514.35,1514.35,1514.35,1514.35,25,675,1514.35,1517.9,1668.35
7666,2021-03-21 11:41:00,1514.35,1514.35,1514.35,1514.35,25,675,1514.35,1517.9,1668.35
7667,2021-03-21 11:42:00,1514.35,1514.35,1514.35,1514.35,25,675,1514.35,1517.9,1668.35
7668,2021-03-21 11:43:00,1514.35,1514.35,1514.35,1514.35,25,675,1514.35,1517.9,1668.35
7669,2021-03-21 11:44:00,1514.35,1514.35,1514.35,1514.35,25,675,1514.35,1517.9,1668.35
7670,2021-03-21 11:45:00,1514.35,1514.35,1514.35,1514.35,25,675,1514.35,1517.9,1668.35
7671,2021-03-21 11:46:00,1514.35,1514.35,1514.35,1514.35,25,675,1514.35,1517.9,1668.35
7672,2021-03-21 11:47:00,1514.35,1514.35,1514.35,1514.35,25,675,1514.35,1517.9,1668.35
7673,2021-03-21 11:48:00,1514.35,1514.35,1514.35,1514.35,25,675,1514.35,1517.9,1668.35
7674,2021-03-21 11:49:00,1514.35,1514.35,1514.35,1514.35,25,675,1514.35,1517.9,1668.35
7675,2021-03-21 11:50:00,1514.35,1514.35,1514.35,1514.35,25,675,1514.35,1517.9,1668.35
7676,2021-03-21 11:51:00,1514.35,1514.35,1514.35,1514.35,25,675,1514.35,1517.9,1668.35
7677,2021-03-21 11:52:00,1514.35,1514.35,1514.35,1514.35,25,675,1514.35,1517.9,1668.35
7678,2021-03-21 11:53:00,1514.35,1514.35,1514.35,1514.35,25,675,1514.35,1517.9,1668.35
7679,2021-03-21 11:54:00,1514.35,1514.35,1514.35,1514.35,25,675,1514.35,1517.9,1668.35
7680,2021-03-21 11:55:00,1514.35,1514.35,1514.35,1514.35,25,675,1514.35,1517.9,1668.35
7681,2021-03-21 11:56:00,1514.35,1514.35,1514.35,1514.35,25,675,1514.35,1517.9,1668.35
7682,2021-03-21 11:57:00,1514.35,1514.35,1514.35,1514.35,25,675,1514.35,1517.9,1668.35
7683,2021-03-21 11:58:00,1514.35,1514.35,1514.35,1514.35,25,675,1514.35,1517.9,1668.35
7684,2021-03-21 11:59:00,1514.35,1514.35,1514.35,1514.35,25,675,1514.35,1517.9,1668.35
7685,2021-03-21 12:00:00,1514.35,1514.35,1514.35,1514.35,25,675,1514.35,1517.9,1668.35
7686,2021-03-21 12:01:00,1514.35,1514.35,1514.35,1514.35,25,675,1514.35,1517.9,1668.35
7687,2021-03-21 12:02:00,1514.35,1514.35,1514.35,1514.35,25,675,1514.35,1517.9,1668.35
7688,2021-03-21 12:03:00,1514.35,1514.35,1514.35,1514.35,25,675,1514.35,1517.9,1668.35
7689,2021-03-21 12:04:00,1514.35,1514.35,1514.35,1514.35,25,675,1514.35,1517.9,1668.35
7690,2021-03-21 12:05:00,1514.35,1514.35,1514.35,1514.35,25,675,1514.35,1517.9,1668.35
7691,2021-03-21 12:06:00,1514.35,1514.35,1514.35,1514.35,25,675,1514.35,1517.9,1668.35
7692,2021-03-21 12:07:00,1514.35,1514.35,1514.35,1514.35,25,675,1514.35,1517.9,1668.35
7693,2021-03-21 12:08:00,1514.35,1514.35,1514.35,1514.35,25,675,1514.35,1517.9,1668.35
7694,2021-03-21 12:09:00,1514.35,1514.35,1514.35,1514.35,25,675,1514.35,1517.9,1668.35
7695,2021-03-21 12:10:00,1514.35,1514.35,1514.35,1514.35,25,675,1514.35,1517.9,1668.35
7696,2021-03-21 12:11:00,1514.35,1514.35,1514.35,1514.35,25,675,1514.35,1517.9,1668.35
7697,2021-03-21 12:12:00,1514.35,1514.35,1514.35,1514.35,25,675,1514.35,1517.9,1668.35
7698,2021-03-21 12:13:00,1514.35,1514.35,1514.35,1514.35,25,675,1514.35,1517.9,1668.35
7699,2021-03-21 12:14:00,1514.35,1514.35,1514.35,1514.35,25,675,1514.35,1517.9,1668.35
7700,2021-03-21 12:15:00,1514.35,1514.35,1514.35,1514.35,25,675,1514.35,1517.9,1668.35
7701,2021-03-21 12:16:00,1514.35,1514.35,1514.35,1514.35,25,675,1514.35,1517.9,1668.35
7702,2021-03-21 12:17:00,1514.35,1514.35,1514.35,1514.35,25,675,1514.35,1517.9,1668.35
7703,2021-03-21 12:18:00,1514.35,1514.35,1514.35,1514.35,25,675,1514.35,1517.9,1668.35
7704,2021-03-21 12:19:00,1514.35,1514.35,1514.35,1514.35,25,675,1514.35,1517.9,1668.35
7705,2021-03-21 12:20:00,1514.35,1514.35,1514.35,1514.35,25,675,1514.35,1517.9,1668.35
7706,2021-03-21 12:21:00,1514.35,1514.35,1514.35,1514.35,25,675,1514.35,1517.9,1668.35
7707,2021-03-21 12:22:00,1514.35,1514.35,1514.35,1514.35,25,675,1514.35,1517.9,1668.35
7708,2021-03-21 12:23:00,1514.35,1514.35,1514.35,1514.35,25,675,1514.35,1517.9,1668.35
7709,2021-03-21 12:24:00,1514.35,1514.35,1514.35,1514.35,25,675,1514.35,1517.9,1668.35
7710,2021-03-21 12:25:00,1514.35,1514.35,1514.35,1514.35,25,675,1514.35,1517.9,1668.35
7711,2021-03-21 12:26:00,1514.35,1514.35,1514.35,1514.35,25,675,1514.35,1517.9,1668.35
7712,2021-03-21 12:27:00,1514.35,1514.35,1514.35,1514.35,25,675,1514.35,1517.9,1668.35
7713,2021-03-21 12:28:00,1514.35,1514.35,1514.35,1514.35,25,675,1514.35,1517.9,1668.35
7714,2021-03-21 12:29:00,1514.35,1514.35,1514.35,1514.35,25,675,1514.35,1517.9,1668.35
7715,2021-03-21 12:30:00,1514.35,1514.35,1514.35,1514.35,25,675,1514.35,1517.9,1668.35
7716,2021-03-21 12:31:00,1514.35,1514.35,1514.35,1514.35,25,675,1514.35,1517.9,1668.35
7717,2021-03-21 12:32:00,1514.35,1514.35,1514.35,1514.35,25,675,1514.35,1517.9,1668.35
7718,2021-03-21 12:33:00,1514.35,1514.35,1514.35,1514.35,25,675,1514.35,1517.9,1668.35
7719,2021-03-21 12:34:00,1514.35,1514.35,1514.35,1514.35,25,675,1514.35,1517.9,1668.35
7720,2021-03-21 12:35:00,1514.35,1514.35,1514.35,1514.35,25,675,1514.35,1517.9,1668.35
7721,2021-03-21 12:36:00,1514.35,1514.35,1514.35,1514.35,25,675,1514.35,1517.9,1668.35
7722,2021-03-21 12:37:00,1514.35,1514.35,1514.35,1514.35,25,675,1514.35,1517.9,1668.35
7723,2021-03-21 12:38:00,1514.35,1514.35,1514.35,1514.35,25,675,1514.35,1517.9,1668.35
7724,2021-03-21 12:39:00,1514.35,1514.35,1514.35,1514.35,25,675,1514.35,1517.9,1668.35
7725,2021-03-21 12:40:00,1514.35,1514.35,1514.35,1514.35,25,675,1514.35,1517.9,1668.35
7726,2021-03-21 12:41:00,1514.35,1514.35,1514.35,1514.35,25,675,1514.35,1517.9,1668.35
7727,2021-03-21 12:42:00,1514.35,1514.35,1514.35,1514.35,25,675,1514.35,1517.9,1668.35
7728,2021-03-21 12:43:00,1514.35,1514.35,1514.35,1514.35,25,675,1514.35,1517.9,1668.35
7729,2021-03-21 12:44:00,1514.35,1514.35,1514.35,1514.35,25,675,1514.35,1517.9,1668.35
7730,2021-03-21 12:45:00,1514.35,1514.35,1514.35,1514.35,25,675,1514.35,1517.9,1668.35
7731,2021-03-21 12:46:00,1514.35,1514.35,1514.35,1514.35,25,675,1514.35,1517.9,1668.35
7732,2021-03-21 12:47:00,1514.35,1514.35,1514.35,1514.35,25,675,1514.35,1517.9,1668.35
7733,2021-03-21 12:48:00,1514.35,1514.35,1514.35,1514.35,25,675,1514.35,1517.9,1668.35
7734,2021-03-21 12:49:00,1514.35,1514.35,1514.35,1514.35,25,675,1514.35,1517.9,1668.35
7735,2021-03-21 12:50:00,1514.35,1514.35,1514.35,1514.35,25,675,1514.35,1517.9,1668.35
7736,2021-03-21 12:51:00,1514.35,1514.35,1514.35,1514.35,25,675,1514.35,1517.9,1668.35
7737,2021-03-21 12:52:00,1514.35,1514.35,1514.35,1514.35,25,675,1514.35,1517.9,1668.35
7738,2021-03-21 12:53:00,1514.35,1514.35,1514.35,1514.35,25,675,1514.35,1517.9,1668.35
7739,2021-03-21 12:54:00,1514.35,1514.35,1514.35,1514.35,25,675,1514.35,1517.9,1668.35
7740,2021-03-21 12:55:00,1514.35,1514.35,1514.35,1514.35,25,675,1514.35,1517.9,1668.35
7741,2021-03-21 12:56:00,1514.35,1514.35,1514.35,1514.35,25,675,1514.35,1517.9,1668.35
7742,2021-03-21 12:57:00,1514.35,1514.35,1514.35,1514.35,25,675,1514.35,1517.9,1668.35
7743,2021-03-21 12:58:00,1514.35,1514.35,1514.35,1514.35,25,675,1514.35,1517.9,1668.35
7744,2021-03-21 12:59:00,1514.35,1514.35,1514.35,1514.35,25,675,1514.35,1517.9,1668.35
7745,2021-03-21 13:00:00,1514.35,1514.35,1514.35,1514.35,25,675,1514.35,1517.9,1668.35
7746,2021-03-21 13:01:00,1514.35,1514.35,1514.35,1514.35,25,675,1514.35,1517.9,1668.35
7747,2021-03-21 13:02:00,1514.35,1514.35,1514.35,1514.35,25,675,1514.35,1517.9,1668.35
7748,2021-03-21 13:03:00,1514.35,1514.35,1514.35,1514.35,25,675,1514.35,1517.9,1668.35
7749,2021-03-21 13:04:00,1514.35,1514.35,1514.35,1514.35,25,675,1514.35,1517.9,1668.35
7750,2021-03-21 13:05:00,1514.35,1514.35,1514.35,1514.35,25,675,1514.35,1517.9,1668.35
7751,2021-03-21 13:06:00,1514.35,1514.35,1514.35,1514.35,25,675,1514.35,1517.9,1668.35
7752,2021-03-21 13:07:00,1514.35,1514.35,1514.35,1514.35,25,675,1514.35,1517.9,1668.35
7753,2021-03-21 13:08:00,1514.35,1514.35,1514.35,1514.35,25,675,1514.35,1517.9,1668.35
7754,2021-03-21 13:09:00,1514.35,1514.35,1514.35,1514.35,25,675,1514.35,1517.9,1668.35
7755,2021-03-21 13:10:00,1514.35,1514.35,1514.35,1514.35,25,675,1514.35,1517.9,1668.35
7756,2021-03-21 13:11:00,1514.35,1514.35,1514.35,1514.35,25,675,1514.35,1517.9,1668.35
7757,2021-03-21 13:12:00,1514.35,1514.35,1514.35,1514.35,25,675,1514.35,1517.9,1668.35
7758,2021-03-21 13:13:00,1514.35,1514.35,1514.35,1514.35,25,675,1514.35,1517.9,1668.35
7759,2021-03-21 13:14:00,1514.35,1514.35,1514.35,1514.35,25,675,1514.35,1517.9,1668.35
7760,2021-03-21 13:15:00,1514.35,1514.35,1514.35,1514.35,25,675,1514.35,1517.9,1668.35
7761,2021-03-21 13:16:00,1514.35,1514.35,1514.35,1514.35,25,675,1514.35,1517.9,1668.35
7762,2021-03-21 13:17:00,1514.35,1514.35,1514.35,1514.35,25,675,1514.35,1517.9,1668.35
7763,2021-03-21 13:18:00,1514.35,1514.35,1514.35,1514.35,25,675,1514.35,1517.9,1668.35
7764,2021-03-21 13:19:00,1514.35,1514.35,1514.35,1514.35,25,675,1514.35,1517.9,1668.35
7765,2021-03-21 13:20:00,1514.35,1514.35,1514.35,1514.35,25,675,1514.35,1517.9,1668.35
7766,2021-03-21 13:21:00,1514.35,1514.35,1514.35,1514.35,25,675,1514.35,1517.9,1668.35
7767,2021-03-21 13:22:00,1514.35,1514.35,1514.35,1514.35,25,675,1514.35,1517.9,1668.35
7768,2021-03-21 13:23:00,1514.35,1514.35,1514.35,1514.35,25,675,1514.35,1517.9,1668.35
7769,2021-03-21 13:24:00,1514.35,1514.35,1514.35,1514.35,25,675,1514.35,1517.9,1668.35
7770,2021-03-21 13:25:00,1514.35,1514.35,1514.35,1514.35,25,675,1514.35,1517.9,1668.35
7771,2021-03-21 13:26:00,1514.35,1514.35,1514.35,1514.35,25,675,1514.35,1517.9,1668.35
7772,2021-03-21 13:27:00,1514.35,1514.35,1514.35,1514.35,25,675,1514.35,1517.9,1668.35
7773,2021-03-21 13:28:00,1514.35,1514.35,1514.35,1514.35,25,675,1514.35,1517.9,1668.35
7774,2021-03-21 13:29:00,1514.35,1514.35,1514.35,1514.35,25,675,1514.35,1517.9,1668.35
7775,2021-03-21 13:30:00,1514.35,1514.35,1514.35,1514.35,25,675,1514.35,1517.9,1668.35
7776,2021-03-21 13:31:00,1514.35,1514.35,1514.35,1514.35,25,675,1514.35,1517.9,1668.35
7777,2021-03-21 13:32:00,1514.35,1514.35,1514.35,1514.35,25,675,1514.35,1517.9,1668.35
7778,2021-03-21 13:33:00,1514.35,1514.35,1514.35,1514.35,25,675,1514.35,1517.9,1668.35
7779,2021-03-21 13:34:00,1514.35,1514.35,1514.35,1514.35,25,675,1514.35,1517.9,1668.35
7780,2021-03-21 13:35:00,1514.35,1514.35,1514.35,1514.35,25,675,1514.35,1517.9,1668.35
7781,2021-03-21 13:36:00,1514.35,1514.35,1514.35,1514.35,25,675,1514.35,1517.9,1668.35
7782,2021-03-21 13:37:00,1514.35,1514.35,1514.35,1514.35,25,675,1514.35,1517.9,1668.35
7783,2021-03-21 13:38:00,1514.35,1514.35,1514.35,1514.35,25,675,1514.35,1517.9,1668.35
7784,2021-03-21 13:39:00,1514.35,1514.35,1514.35,1514.35,25,675,1514.35,1517.9,1668.35
7785,2021-03-21 13:40:00,1514.35,1514.35,1514.35,1514.35,25,675,1514.35,1517.9,1668.35
7786,2021-03-21 13:41:00,1514.35,1514.35,1514.35,1514.35,25,675,1514.35,1517.9,1668.35
7787,2021-03-21 13:42:00,1514.35,1514.35,1514.35,1514.35,25,675,1514.35,1517.9,1668.35
7788,2021-03-21 13:43:00,1514.35,1514.35,1514.35,1514.35,25,675,1514.35,1517.9,1668.35
7789,2021-03-21 13:44:00,1514.35,1514.35,1514.35,1514.35,25,675,1514.35,1517.9,1668.35
7790,2021-03-21 13:45:00,1514.35,1514.35,1514.35,1514.35,25,675,1514.35,1517.9,1668.35
7791,2021-03-21 13:46:00,1514.35,1514.35,1514.35,1514.35,25,675,1514.35,1517.9,1668.35
7792,2021-03-21 13:47:00,1514.35,1514.35,1514.35,1514.35,25,675,1514.35,1517.9,1668.35
7793,2021-03-21 13:48:00,1514.35,1514.35,1514.35,1514.35,25,675,1514.35,1517.9,1668.35
7794,2021-03-21 13:49:00,1514.35,1514.35,1514.35,1514.35,25,675,1514.35,1517.9,1668.35
7795,2021-03-21 13:50:00,1514.35,1514.35,1514.35,1514.35,25,675,1514.35,1517.9,1668.35
7796,2021-03-21 13:51:00,1514.35,1514.35,1514.35,1514.35,25,675,1514.35,1517.9,1668.35
7797,2021-03-21 13:52:00,1514.35,1514.35,1514.35,1514.35,25,675,1514.35,1517.9,1668.35
7798,2021-03-21 13:53:00,1514.35,1514.35,1514.35,1514.35,25,675,1514.35,1517.9,1668.35
7799,2021-03-21 13:54:00,1514.35,1514.35,1514.35,1514.35,25,675,1514.35,1517.9,1668.35
7800,2021-03-21 13:55:00,1514.35,1514.35,1514.35,1514.35,25,675,1514.35,1517.9,1668.35
7801,2021-03-21 13:56:00,1514.35,1514.35,1514.35,1514.35,25,675,1514.35,1517.9,1668.35
7802,2021-03-21 13:57:00,1514.35,1514.35,1514.35,1514.35,25,675,1514.35,1517.9,1668.35
7803,2021-03-21 13:58:00,1514.35,1514.35,1514.35,1514.35,25,675,1514.35,1517.9,1668.35
7804,2021-03-21 13:59:00,1514.35,1514.35,1514.35,1514.35,25,675,1514.35,1517.9,1668.35
7805,2021-03-21 14:00:00,1514.35,1514.35,1514.35,1514.35,25,675,1514.35,1517.9,1668.35
7806,2021-03-21 14:01:00,1514.35,1514.35,1514.35,1514.35,25,675,1514.35,1517.9,1668.35
7807,2021-03-21 14:02:00,1514.35,1514.35,1514.35,1514.35,25,675,1514.35,1517.9,1668.35
7808,2021-03-21 14:03:00,1514.35,1514.35,1514.35,1514.35,25,675,1514.35,1517.9,1668.35
7809,2021-03-21 14:04:00,1514.35,1514.35,1514.35,1514.35,25,675,1514.35,1517.9,1668.35
7810,2021-03-21 14:05:00,1514.35,1514.35,1514.35,1514.35,25,675,1514.35,1517.9,1668.35
7811,2021-03-21 14:06:00,1514.35,1514.35,1514.35,1514.35,25,675,1514.35,1517.9,1668.35
7812,2021-03-21 14:07:00,1514.35,1514.35,1514.35,1514.35,25,675,1514.35,1517.9,1668.35
7813,2021-03-21 14:08:00,1514.35,1514.35,1514.35,1514.35,25,675,1514.35,1517.9,1668.35
7814,2021-03-21 14:09:00,1514.35,1514.35,1514.35,1514.35,25,675,1514.35,1517.9,1668.35
7815,2021-03-21 14:10:00,1514.35,1514.35,1514.35,1514.35,25,675,1514.35,1517.9,1668.35
7816,2021-03-21 14:11:00,1514.35,1514.35,1514.35,1514.35,25,675,1514.35,1517.9,1668.35
7817,2021-03-21 14:12:00,1514.35,1514.35,1514.35,1514.35,25,675,1514.35,1517.9,1668.35
7818,2021-03-21 14:13:00,1514.35,1514.35,1514.35,1514.35,25,675,1514.35,1517.9,1668.35
7819,2021-03-21 14:14:00,1514.35,1514.35,1514.35,1514.35,25,675,1514.35,1517.9,1668.35
7820,2021-03-21 14:15:00,1514.35,1514.35,1514.35,1514.35,25,675,1514.35,1517.9,1668.35
7821,2021-03-21 14:16:00,1514.35,1514.35,1514.35,1514.35,25,675,1514.35,1517.9,1668.35
7822,2021-03-21 14:17:00,1514.35,1514.35,1514.35,1514.35,25,675,1514.35,1517.9,1668.35
7823,2021-03-21 14:18:00,1514.35,1514.35,1514.35,1514.35,25,675,1514.35,1517.9,1668.35
7824,2021-03-21 14:19:00,1514.35,1514.35,1514.35,1514.35,25,675,1514.35,1517.9,1668.35
7825,2021-03-21 14:20:00,1514.35,1514.35,1514.35,1514.35,25,675,1514.35,1517.9,1668.35
7826,2021-03-21 14:21:00,1514.35,1514.35,1514.35,1514.35,25,675,1514.35,1517.9,1668.35
7827,2021-03-21 14:22:00,1514.35,1514.35,1514.35,1514.35,25,675,1514.35,1517.9,1668.35
7828,2021-03-21 14:23:00,1514.35,1514.35,1514.35,1514.35,25,675,1514.35,1517.9,1668.35
7829,2021-03-21 14:24:00,1514.35,1514.35,1514.35,1514.35,25,675,1514.35,1517.9,1668.35
7830,2021-03-21 14:25:00,1514.35,1514.35,1514.35,1514.35,25,675,1514.35,1517.9,1668.35
7831,2021-03-21 14:26:00,1514.35,1514.35,1514.35,1514.35,25,675,1514.35,1517.9,1668.35
7832,2021-03-21 14:27:00,1514.35,1514.35,1514.35,1514.35,25,675,1514.35,1517.9,1668.35
7833,2021-03-21 14:28:00,1514.35,1514.35,1514.35,1514.35,25,675,1514.35,1517.9,1668.35
7834,2021-03-21 14:29:00,1514.35,1514.35,1514.35,1514.35,25,675,1514.35,1517.9,1668.35
7835,2021-03-21 14:30:00,1514.35,1514.35,1514.35,1514.35,25,675,1514.35,1517.9,1668.35
7836,2021-03-21 14:31:00,1514.35,1514.35,1514.35,1514.35,25,675,1514.35,1517.9,1668.35
7837,2021-03-21 14:32:00,1514.35,1514.35,1514.35,1514.35,25,675,1514.35,1517.9,1668.35
7838,2021-03-21 14:33:00,1514.35,1514.35,1514.35,1514.35,25,675,1514.35,1517.9,1668.35
7839,2021-03-21 14:34:00,1514.35,1514.35,1514.35,1514.35,25,675,1514.35,1517.9,1668.35
7840,2021-03-21 14:35:00,1514.35,1514.35,1514.35,1514.35,25,675,1514.35,1517.9,1668.35
7841,2021-03-21 14:36:00,1514.35,1514.35,1514.35,1514.35,25,675,1514.35,1517.9,1668.35
7842,2021-03-21 14:37:00,1514.35,1514.35,1514.35,1514.35,25,675,1514.35,1517.9,1668.35
7843,2021-03-21 14:38:00,1514.35,1514.35,1514.35,1514.35,25,675,1514.35,1517.9,1668.35
7844,2021-03-21 14:39:00,1514.35,1514.35,1514.35,1514.35,25,675,1514.35,1517.9,1668.35
7845,2021-03-21 14:40:00,1514.35,1514.35,1514.35,1514.35,25,675,1514.35,1517.9,1668.35
7846,2021-03-21 14:41:00,1514.35,1514.35,1514.35,1514.35,25,675,1514.35,1517.9,1668.35
7847,2021-03-21 14:42:00,1514.35,1514.35,1514.35,1514.35,25,675,1514.35,1517.9,1668.35
7848,2021-03-21 14:43:00,1514.35,1514.35,1514.35,1514.35,25,675,1514.35,1517.9,1668.35
7849,2021-03-21 14:44:00,1514.35,1514.35,1514.35,1514.35,25,675,1514.35,1517.9,1668.35
7850,2021-03-21 14:45:00,1514.35,1514.35,1514.35,1514.35,25,675,1514.35,1517.9,1668.35
7851,2021-03-21 14:46:00,1514.35,1514.35,1514.35,1514.35,25,675,1514.35,1517.9,1668.35
7852,2021-03-21 14:47:00,1514.35,1514.35,1514.35,1514.35,25,675,1514.35,1517.9,1668.35
7853,2021-03-21 14:48:00,1514.35,1514.35,1514.35,1514.35,25,675,1514.35,1517.9,1668.35
7854,2021-03-21 14:49:00,1514.35,1514.35,1514.35,1514.35,25,675,1514.35,1517.9,1668.35
7855,2021-03-21 14:50:00,1514.35,1514.35,1514.35,1514.35,25,675,1514.35,1517.9,1668.35
7856,2021-03-21 14:51:00,1514.35,1514.35,1514.35,1514.35,25,675,1514.35,1517.9,1668.35
7857,2021-03-21 14:52:00,1514.35,1514.35,1514.35,1514.35,25,675,1514.35,1517.9,1668.35
7858,2021-03-21 14:53:00,1514.35,1514.35,1514.35,1514.35,25,675,1514.35,1517.9,1668.35
7859,2021-03-21 14:54:00,1514.35,1514.35,1514.35,1514.35,25,675,1514.35,1517.9,1668.35
7860,2021-03-21 14:55:00,1514.35,1514.35,1514.35,1514.35,25,675,1514.35,1517.9,1668.35
7861,2021-03-21 14:56:00,1514.35,1514.35,1514.35,1514.35,25,675,1514.35,1517.9,1668.35
7862,2021-03-21 14:57:00,1514.35,1514.35,1514.35,1514.35,25,675,1514.35,1517.9,1668.35
7863,2021-03-21 14:58:00,1514.35,1514.35,1514.35,1514.35,25,675,1514.35,1517.9,1668.35
7864,2021-03-21 14:59:00,1514.35,1514.35,1514.35,1514.35,25,675,1514.35,1517.9,1668.35
7865,2021-03-21 15:00:00,1514.35,1514.35,1514.35,1514.35,25,675,1514.35,1517.9,1668.35
7866,2021-03-21 15:01:00,1514.35,1514.35,1514.35,1514.35,25,675,1514.35,1517.9,1668.35
7867,2021-03-21 15:02:00,1514.35,1514.35,1514.35,1514.35,25,675,1514.35,1517.9,1668.35
7868,2021-03-21 15:03:00,1514.35,1514.35,1514.35,1514.35,25,675,1514.35,1517.9,1668.35
7869,2021-03-21 15:04:00,1514.35,1514.35,1514.35,1514.35,25,675,1514.35,1517.9,1668.35
7870,2021-03-21 15:05:00,1514.35,1514.35,1514.35,1514.35,25,675,1514.35,1517.9,1668.35
7871,2021-03-21 15:06:00,1514.35,1514.35,1514.35,1514.35,25,675,1514.35,1517.9,1668.35
7872,2021-03-21 15:07:00,1514.35,1514.35,1514.35,1514.35,25,675,1514.35,1517.9,1668.35
7873,2021-03-21 15:08:00,1514.35,1514.35,1514.35,1514.35,25,675,1514.35,1517.9,1668.35
7874,2021-03-21 15:09:00,1514.35,1514.35,1514.35,1514.35,25,675,1514.35,1517.9,1668.35
7875,2021-03-21 15:10:00,1514.35,1514.35,1514.35,1514.35,25,675,1514.35,1517.9,1668.35
7876,2021-03-21 15:11:00,1514.35,1514.35,1514.35,1514.35,25,675,1514.35,1517.9,1668.35
7877,2021-03-21 15:12:00,1514.35,1514.35,1514.35,1514.35,25,675,1514.35,1517.9,1668.35
7878,2021-03-21 15:13:00,1514.35,1514.35,1514.35,1514.35,25,675,1514.35,1517.9,1668.35
7879,2021-03-21 15:14:00,1514.35,1514.35,1514.35,1514.35,25,675,1514.35,1517.9,1668.35
7880,2021-03-21 15:15:00,1514.35,1514.35,1514.35,1514.35,25,675,1514.35,1517.9,1668.35
7881,2021-03-21 15:16:00,1514.35,1514.35,1514.35,1514.35,25,675,1514.35,1517.9,1668.35
7882,2021-03-21 15:17:00,1514.35,1514.35,1514.35,1514.35,25,675,1514.35,1517.9,1668.35
7883,2021-03-21 15:18:00,1514.35,1514.35,1514.35,1514.35,25,675,1514.35,1517.9,1668.35
7884,2021-03-21 15:19:00,1514.35,1514.35,1514.35,1514.35,25,675,1514.35,1517.9,1668.35
7885,2021-03-21 15:20:00,1514.35,1514.35,1514.35,1514.35,25,675,1514.35,1517.9,1668.35
7886,2021-03-21 15:21:00,1514.35,1514.35,1514.35,1514.35,25,675,1514.35,1517.9,1668.35
7887,2021-03-21 15:22:00,1514.35,1514.35,1514.35,1514.35,25,675,1514.35,1517.9,1668.35
7888,2021-03-21 15:23:00,1514.35,1514.35,1514.35,1514.35,25,675,1514.35,1517.9,1668.35
7889,2021-03-21 15:24:00,1514.35,1514.35,1514.35,1514.35,25,675,1514.35,1517.9,1668.35
7890,2021-03-21 15:25:00,1514.35,1514.35,1514.35,1514.35,25,675,1514.35,1517.9,1668.35
7891,2021-03-21 15:26:00,1514.35,1514.35,1514.35,1514.35,25,675,1514.35,1517.9,1668.35
7892,2021-03-21 15:27:00,1514.35,1514.35,1514.35,1514.35,25,675,1514.35,1517.9,1668.35
7893,2021-03-21 15:28:00,1514.35,1514.35,1514.35,1514.35,25,675,1514.35,1517.9,1668.35
7894,2021-03-21 15:29:00,1514.35,1514.35,1514.35,1514.35,25,675,1514.35,1517.9,1668.35
7895,2021-03-21 15:30:00,1514.35,1514.35,1514.35,1514.35,25,675,1514.35,1517.9,1668.35
7896,2021-03-22 09:15:00,1514.35,1514.35,1514.35,1514.35,25,675,1514.35,1517.9,1668.35
7897,2021-03-22 09:16:00,1514.35,1514.35,1514.35,1514.35,25,675,1514.35,1517.9,1668.35
7898,2021-03-22 09:17:00,1514.35,1514.35,1514.35,1514.35,25,675,1514.35,1517.9,1668.35
7899,2021-03-22 09:18:00,1514.35,1514.35,1514.35,1514.35,25,675,1514.35,1517.9,1668.35
7900,2021-03-22 09:19:00,1514.35,1514.35,1514.35,1514.35,25,675,1514.35,1517.9,1668.35
7901,2021-03-22 09:20:00,1514.35,1514.35,1514.35,1514.35,25,675,1514.35,1517.9,1668.35
7902,2021-03-22 09:21:00,1514.35,1514.35,1514.35,1514.35,25,675,1514.35,1517.9,1668.35
7903,2021-03-22 09:22:00,1514.35,1514.35,1514.35,1514.35,25,675,1514.35,1517.9,1668.35
7904,2021-03-22 09:23:00,1514.35,1514.35,1514.35,1514.35,25,675,1514.35,1517.9,1668.35
7905,2021-03-22 09:24:00,1514.35,1514.35,1514.35,1514.35,25,675,1514.35,1517.9,1668.35
7906,2021-03-22 09:25:00,1514.35,1514.35,1514.35,1514.35,25,675,1514.35,1517.9,1668.35
7907,2021-03-22 09:26:00,1514.35,1514.35,1514.35,1514.35,25,675,1514.35,1517.9,1668.35
7908,2021-03-22 09:27:00,1514.35,1514.35,1514.35,1514.35,25,675,1514.35,1517.9,1668.35
7909,2021-03-22 09:28:00,1514.35,1514.35,1514.35,1514.35,25,675,1514.35,1517.9,1668.35
7910,2021-03-22 09:29:00,1514.35,1514.35,1514.35,1514.35,25,675,1514.35,1517.9,1668.35
7911,2021-03-22 09:30:00,1514.35,1514.35,1514.35,1514.35,25,675,1514.35,1517.9,1668.35
7912,2021-03-22 09:31:00,1514.35,1514.35,1514.35,1514.35,25,675,1514.35,1517.9,1668.35
7913,2021-03-22 09:32:00,1514.35,1514.35,1514.35,1514.35,25,675,1514.35,1517.9,1668.35
7914,2021-03-22 09:33:00,1514.35,1514.35,1514.35,1514.35,25,675,1514.35,1517.9,1668.35
7915,2021-03-22 09:34:00,1514.35,1514.35,1514.35,1514.35,25,675,1514.35,1517.9,1668.35
7916,2021-03-22 09:35:00,1514.35,1514.35,1514.35,1514.35,25,675,1514.35,1517.9,1668.35
7917,2021-03-22 09:36:00,1514.35,1514.35,1514.35,1514.35,25,675,1514.35,1517.9,1668.35
7918,2021-03-22 09:37:00,1514.35,1514.35,1514.35,1514.35,25,675,1514.35,1517.9,1668.35
7919,2021-03-22 09:38:00,1514.35,1514.35,1514.35,1514.35,25,675,1514.35,1517.9,1668.35
7920,2021-03-22 09:39:00,1514.35,1514.35,1514.35,1514.35,25,675,1514.35,1517.9,1668.35
7921,2021-03-22 09:40:00,1514.35,1514.35,1514.35,1514.35,25,675,1514.35,1517.9,1668.35
7922,2021-03-22 09:41:00,1514.35,1514.35,1514.35,1514.35,25,675,1514.35,1517.9,1668.35
7923,2021-03-22 09:42:00,1514.35,1514.35,1514.35,1514.35,25,675,1514.35,1517.9,1668.35
7924,2021-03-22 09:43:00,1514.35,1514.35,1514.35,1514.35,25,675,1514.35,1517.9,1668.35
7925,2021-03-22 09:44:00,1514.35,1514.35,1514.35,1514.35,25,675,1514.35,1517.9,1668.35
7926,2021-03-22 09:45:00,1514.35,1514.35,1514.35,1514.35,25,675,1514.35,1517.9,1668.35
7927,2021-03-22 09:46:00,1514.35,1514.35,1514.35,1514.35,25,675,1514.35,1517.9,1668.35
7928,2021-03-22 09:47:00,1514.35,1514.35,1514.35,1514.35,25,675,1514.35,1517.9,1668.35
7929,2021-03-22 09:48:00,1514.35,1514.35,1514.35,1514.35,25,675,1514.35,1517.9,1668.35
7930,2021-03-22 09:49:00,1514.35,1514.35,1514.35,1514.35,25,675,1514.35,1517.9,1668.35
7931,2021-03-22 09:50:00,1514.35,1514.35,1514.35,1514.35,25,675,1514.35,1517.9,1668.35
7932,2021-03-22 09:51:00,1514.35,1514.35,1514.35,1514.35,25,675,1514.35,1517.9,1668.35
7933,2021-03-22 09:52:00,1514.35,1514.35,1514.35,1514.35,25,675,1514.35,1517.9,1668.35
7934,2021-03-22 09:53:00,1514.35,1514.35,1514.35,1514.35,25,675,1514.35,1517.9,1668.35
7935,2021-03-22 09:54:00,1514.35,1514.35,1514.35,1514.35,25,675,1514.35,1517.9,1668.35
7936,2021-03-22 09:55:00,1871.5,1871.5,1871.5,1871.5,25,675,1871.5,1822.25,1901.2
7937,2021-03-22 09:56:00,1871.5,1871.5,1871.5,1871.5,25,675,1871.5,1822.25,1901.2
7938,2021-03-22 09:57:00,1871.5,1871.5,1871.5,1871.5,25,675,1871.5,1822.25,1901.2
7939,2021-03-22 09:58:00,1871.5,1871.5,1871.5,1871.5,25,675,1871.5,1822.25,1901.2
7940,2021-03-22 09:59:00,1871.5,1871.5,1871.5,1871.5,25,675,1871.5,1822.25,1901.2
7941,2021-03-22 10:00:00,1871.5,1871.5,1871.5,1871.5,25,675,1871.5,1822.25,1901.2
7942,2021-03-22 10:01:00,1871.5,1871.5,1871.5,1871.5,25,675,1871.5,1822.25,1901.2
7943,2021-03-22 10:02:00,1871.5,1871.5,1871.5,1871.5,25,675,1871.5,1822.25,1901.2
7944,2021-03-22 10:03:00,1871.5,1871.5,1871.5,1871.5,25,675,1871.5,1822.25,1901.2
7945,2021-03-22 10:04:00,1871.5,1871.5,1871.5,1871.5,25,675,1871.5,1822.25,1901.2
7946,2021-03-22 10:05:00,1871.5,1871.5,1871.5,1871.5,25,675,1871.5,1822.25,1901.2
7947,2021-03-22 10:06:00,1871.5,1871.5,1871.5,1871.5,25,675,1871.5,1822.25,1901.2
7948,2021-03-22 10:07:00,1871.5,1871.5,1871.5,1871.5,25,675,1871.5,1822.25,1901.2
7949,2021-03-22 10:08:00,1871.5,1871.5,1871.5,1871.5,25,675,1871.5,1822.25,1901.2
7950,2021-03-22 10:09:00,1871.5,1871.5,1871.5,1871.5,25,675,1871.5,1822.25,1901.2
7951,2021-03-22 10:10:00,1871.5,1871.5,1871.5,1871.5,25,675,1871.5,1822.25,1901.2
7952,2021-03-22 10:11:00,1871.5,1871.5,1871.5,1871.5,25,675,1871.5,1822.25,1901.2
7953,2021-03-22 10:12:00,1871.5,1871.5,1871.5,1871.5,25,675,1871.5,1822.25,1901.2
7954,2021-03-22 10:13:00,1871.5,1871.5,1871.5,1871.5,25,675,1871.5,1822.25,1901.2
7955,2021-03-22 10:14:00,1871.5,1871.5,1871.5,1871.5,25,675,1871.5,1822.25,1901.2
7956,2021-03-22 10:15:00,1871.5,1871.5,1871.5,1871.5,25,675,1871.5,1822.25,1901.2
7957,2021-03-22 10:16:00,1871.5,1871.5,1871.5,1871.5,25,675,1871.5,1822.25,1901.2
7958,2021-03-22 10:17:00,1871.5,1871.5,1871.5,1871.5,25,675,1871.5,1822.25,1901.2
7959,2021-03-22 10:18:00,1871.5,1871.5,1871.5,1871.5,25,675,1871.5,1822.25,1901.2
7960,2021-03-22 10:19:00,1871.5,1871.5,1871.5,1871.5,25,675,1871.5,1822.25,1901.2
7961,2021-03-22 10:20:00,1871.5,1871.5,1871.5,1871.5,25,675,1871.5,1822.25,1901.2
7962,2021-03-22 10:21:00,1871.5,1871.5,1871.5,1871.5,25,675,1871.5,1822.25,1901.2
7963,2021-03-22 10:22:00,1871.5,1871.5,1871.5,1871.5,25,675,1871.5,1822.25,1901.2
7964,2021-03-22 10:23:00,1871.5,1871.5,1871.5,1871.5,25,675,1871.5,1822.25,1901.2
7965,2021-03-22 10:24:00,1871.5,1871.5,1871.5,1871.5,25,675,1871.5,1822.25,1901.2
7966,2021-03-22 10:25:00,1871.5,1871.5,1871.5,1871.5,25,675,1871.5,1822.25,1901.2
7967,2021-03-22 10:26:00,1871.5,1871.5,1871.5,1871.5,25,675,1871.5,1822.25,1901.2
7968,2021-03-22 10:27:00,1871.5,1871.5,1871.5,1871.5,25,675,1871.5,1822.25,1901.2
7969,2021-03-22 10:28:00,1871.5,1871.5,1871.5,1871.5,25,675,1871.5,1822.25,1901.2
7970,2021-03-22 10:29:00,1871.5,1871.5,1871.5,1871.5,25,675,1871.5,1822.25,1901.2
7971,2021-03-22 10:30:00,1871.5,1871.5,1871.5,1871.5,25,675,1871.5,1822.25,1901.2
7972,2021-03-22 10:31:00,1871.5,1871.5,1871.5,1871.5,25,675,1871.5,1822.25,1901.2
7973,2021-03-22 10:32:00,1871.5,1871.5,1871.5,1871.5,25,675,1871.5,1822.25,1901.2
7974,2021-03-22 10:33:00,1871.5,1871.5,1871.5,1871.5,25,675,1871.5,1822.25,1901.2
7975,2021-03-22 10:34:00,1871.5,1871.5,1871.5,1871.5,25,675,1871.5,1822.25,1901.2
7976,2021-03-22 10:35:00,1871.5,1871.5,1871.5,1871.5,25,675,1871.5,1822.25,1901.2
7977,2021-03-22 10:36:00,1871.5,1871.5,1871.5,1871.5,25,675,1871.5,1822.25,1901.2
7978,2021-03-22 10:37:00,1871.5,1871.5,1871.5,1871.5,25,675,1871.5,1822.25,1901.2
7979,2021-03-22 10:38:00,1871.5,1871.5,1871.5,1871.5,25,675,1871.5,1822.25,1901.2
7980,2021-03-22 10:39:00,1871.5,1871.5,1871.5,1871.5,25,675,1871.5,1822.25,1901.2
7981,2021-03-22 10:40:00,1871.5,1871.5,1871.5,1871.5,25,675,1871.5,1822.25,1901.2
7982,2021-03-22 10:41:00,1871.5,1871.5,1871.5,1871.5,25,675,1871.5,1822.25,1901.2
7983,2021-03-22 10:42:00,1871.5,1871.5,1871.5,1871.5,25,675,1871.5,1822.25,1901.2
7984,2021-03-22 10:43:00,1871.5,1871.5,1871.5,1871.5,25,675,1871.5,1822.25,1901.2
7985,2021-03-22 10:44:00,1871.5,1871.5,1871.5,1871.5,25,675,1871.5,1822.25,1901.2
7986,2021-03-22 10:45:00,1871.5,1871.5,1871.5,1871.5,25,675,1871.5,1822.25,1901.2
7987,2021-03-22 10:46:00,1871.5,1871.5,1871.5,1871.5,25,675,1871.5,1822.25,1901.2
7988,2021-03-22 10:47:00,1871.5,1871.5,1871.5,1871.5,25,675,1871.5,1822.25,1901.2
7989,2021-03-22 10:48:00,1871.5,1871.5,1871.5,1871.5,25,675,1871.5,1822.25,1901.2
7990,2021-03-22 10:49:00,1871.5,1871.5,1871.5,1871.5,25,675,1871.5,1822.25,1901.2
7991,2021-03-22 10:50:00,1871.5,1871.5,1871.5,1871.5,25,675,1871.5,1822.25,1901.2
7992,2021-03-22 10:51:00,1871.5,1871.5,1871.5,1871.5,25,675,1871.5,1822.25,1901.2
7993,2021-03-22 10:52:00,1871.5,1871.5,1871.5,1871.5,25,675,1871.5,1822.25,1901.2
7994,2021-03-22 10:53:00,1871.5,1871.5,1871.5,1871.5,25,675,1871.5,1822.25,1901.2
7995,2021-03-22 10:54:00,1871.5,1871.5,1871.5,1871.5,25,675,1871.5,1822.25,1901.2
7996,2021-03-22 10:55:00,1871.5,1871.5,1871.5,1871.5,25,675,1871.5,1822.25,1901.2
7997,2021-03-22 10:56:00,1871.5,1871.5,1871.5,1871.5,25,675,1871.5,1822.25,1901.2
7998,2021-03-22 10:57:00,1871.5,1871.5,1871.5,1871.5,25,675,1871.5,1822.25,1901.2
7999,2021-03-22 10:58:00,1871.5,1871.5,1871.5,1871.5,25,675,1871.5,1822.25,1901.2
8000,2021-03-22 10:59:00,1871.5,1871.5,1871.5,1871.5,25,675,1871.5,1822.25,1901.2
8001,2021-03-22 11:00:00,1871.5,1871.5,1871.5,1871.5,25,675,1871.5,1822.25,1901.2
8002,2021-03-22 11:01:00,1871.5,1871.5,1871.5,1871.5,25,675,1871.5,1822.25,1901.2
8003,2021-03-22 11:02:00,1871.5,1871.5,1871.5,1871.5,25,675,1871.5,1822.25,1901.2
8004,2021-03-22 11:03:00,1871.5,1871.5,1871.5,1871.5,25,675,1871.5,1822.25,1901.2
8005,2021-03-22 11:04:00,1871.5,1871.5,1871.5,1871.5,25,675,1871.5,1822.25,1901.2
8006,2021-03-22 11:05:00,1871.5,1871.5,1871.5,1871.5,25,675,1871.5,1822.25,1901.2
8007,2021-03-22 11:06:00,1871.5,1871.5,1871.5,1871.5,25,675,1871.5,1822.25,1901.2
8008,2021-03-22 11:07:00,1985.8,1985.8,1985.8,1985.8,25,675,1928.65,1957.7,2065.8
8009,2021-03-22 11:08:00,1985.8,1985.8,1985.8,1985.8,25,675,1928.65,1957.7,2065.8
8010,2021-03-22 11:09:00,1985.8,1985.8,1985.8,1985.8,25,675,1928.65,1957.7,2065.8
8011,2021-03-22 11:10:00,1985.8,1985.8,1985.8,1985.8,25,675,1928.65,1957.7,2065.8
8012,2021-03-22 11:11:00,1985.8,1985.8,1985.8,1985.8,25,675,1928.65,1957.7,2065.8
8013,2021-03-22 11:12:00,1985.8,1985.8,1985.8,1985.8,25,675,1928.65,1957.7,2065.8
8014,2021-03-22 11:13:00,1985.8,1985.8,1985.8,1985.8,25,675,1928.65,1957.7,2065.8
8015,2021-03-22 11:14:00,1985.8,1985.8,1985.8,1985.8,25,675,1928.65,1957.7,2065.8
8016,2021-03-22 11:15:00,1985.8,1985.8,1985.8,1985.8,25,675,1928.65,1957.7,2065.8
8017,2021-03-22 11:16:00,1985.8,1985.8,1985.8,1985.8,25,675,1928.65,1957.7,2065.8
8018,2021-03-22 11:17:00,1985.8,1985.8,1985.8,1985.8,25,675,1928.65,1957.7,2065.8
8019,2021-03-22 11:18:00,1985.8,1985.8,1985.8,1985.8,25,675,1928.65,1957.7,2065.8
8020,2021-03-22 11:19:00,1985.8,1985.8,1985.8,1985.8,25,675,1928.65,1957.7,2065.8
8021,2021-03-22 11:20:00,1985.8,1985.8,1985.8,1985.8,25,675,1928.65,1957.7,2065.8
8022,2021-03-22 11:21:00,1985.8,1985.8,1985.8,1985.8,25,675,1928.65,1957.7,2065.8
8023,2021-03-22 11:22:00,1985.8,1985.8,1985.8,1985.8,25,675,1928.65,1957.7,2065.8
8024,2021-03-22 11:23:00,1985.8,1985.8,1985.8,1985.8,25,675,1928.65,1957.7,2065.8
8025,2021-03-22 11:24:00,1985.8,1985.8,1985.8,1985.8,25,675,1928.65,1957.7,2065.8
8026,2021-03-22 11:25:00,1985.8,1985.8,1985.8,1985.8,25,675,1928.65,1957.7,2065.8
8027,2021-03-22 11:26:00,1985.8,1985.8,1985.8,1985.8,25,675,1928.65,1957.7,2065.8
8028,2021-03-22 11:27:00,1985.8,1985.8,1985.8,1985.8,25,675,1928.65,1957.7,2065.8
8029,2021-03-22 11:28:00,1985.8,1985.8,1985.8,1985.8,25,675,1928.65,1957.7,2065.8
8030,2021-03-22 11:29:00,1985.8,1985.8,1985.8,1985.8,25,675,1928.65,1957.7,2065.8
8031,2021-03-22 11:30:00,1985.8,1985.8,1985.8,1985.8,25,675,1928.65,1957.7,2065.8
8032,2021-03-22 11:31:00,1985.8,1985.8,1985.8,1985.8,25,675,1928.65,1957.7,2065.8
8033,2021-03-22 11:32:00,1985.8,1985.8,1985.8,1985.8,25,675,1928.65,1957.7,2065.8
8034,2021-03-22 11:33:00,1985.8,1985.8,1985.8,1985.8,25,675,1928.65,1957.7,2065.8
8035,2021-03-22 11:34:00,1985.8,1985.8,1985.8,1985.8,25,675,1928.65,1957.7,2065.8
8036,2021-03-22 11:35:00,1985.8,1985.8,1985.8,1985.8,25,675,1928.65,1957.7,2065.8
8037,2021-03-22 11:36:00,1985.8,1985.8,1985.8,1985.8,25,675,1928.65,1957.7,2065.8
8038,2021-03-22 11:37:00,1958.85,1958.85,1958.85,1958.85,25,0,1938.71,1928.8,2032.95
8039,2021-03-22 11:38:00,1958.85,1958.85,1958.85,1958.85,25,0,1938.71,1928.8,2032.95
8040,2021-03-22 11:39:00,1958.85,1958.85,1958.85,1958.85,25,0,1938.71,1928.8,2032.95
8041,2021-03-22 11:40:00,1958.85,1958.85,1958.85,1958.85,25,0,1938.71,1928.8,2032.95
8042,2021-03-22 11:41:00,1958.85,1958.85,1958.85,1958.85,25,0,1938.71,1928.8,2032.95
8043,2021-03-22 11:42:00,1958.85,1958.85,1958.85,1958.85,25,0,1938.71,1928.8,2032.95
8044,2021-03-22 11:43:00,1958.85,1958.85,1958.85,1958.85,25,0,1938.71,1928.8,2032.95
8045,2021-03-22 11:44:00,1958.85,1958.85,1958.85,1958.85,25,0,1938.71,1928.8,2032.95
8046,2021-03-22 11:45:00,1958.85,1958.85,1958.85,1958.85,25,0,1938.71,1928.8,2032.95
8047,2021-03-22 11:46:00,1958.85,1958.85,1958.85,1958.85,25,0,1938.71,1928.8,2032.95
8048,2021-03-22 11:47:00,1958.85,1958.85,1958.85,1958.85,25,0,1938.71,1928.8,2032.95
8049,2021-03-22 11:48:00,1958.85,1958.85,1958.85,1958.85,25,0,1938.71,1928.8,2032.95
8050,2021-03-22 11:49:00,1958.85,1958.85,1958.85,1958.85,25,0,1938.71,1928.8,2032.95
8051,2021-03-22 11:50:00,1958.85,1958.85,1958.85,1958.85,25,0,1938.71,1928.8,2032.95
8052,2021-03-22 11:51:00,1958.85,1958.85,1958.85,1958.85,25,0,1938.71,1928.8,2032.95
8053,2021-03-22 11:52:00,1958.85,1958.85,1958.85,1958.85,25,0,1938.71,1928.8,2032.95
8054,2021-03-22 11:53:00,1958.85,1958.85,1958.85,1958.85,25,0,1938.71,1928.8,2032.95
8055,2021-03-22 11:54:00,1958.85,1958.85,1958.85,1958.85,25,0,1938.71,1928.8,2032.95
8056,2021-03-22 11:55:00,1958.85,1958.85,1958.85,1958.85,25,0,1938.71,1928.8,2032.95
8057,2021-03-22 11:56:00,1958.85,1958.85,1958.85,1958.85,25,0,1938.71,1928.8,2032.95
8058,2021-03-22 11:57:00,1958.85,1958.85,1958.85,1958.85,25,0,1938.71,1928.8,2032.95
8059,2021-03-22 11:58:00,1958.85,1958.85,1958.85,1958.85,25,0,1938.71,1928.8,2032.95
8060,2021-03-22 11:59:00,1958.85,1958.85,1958.85,1958.85,25,0,1938.71,1928.8,2032.95
8061,2021-03-22 12:00:00,1958.85,1958.85,1958.85,1958.85,25,0,1938.71,1928.8,2032.95
8062,2021-03-22 12:01:00,1958.85,1958.85,1958.85,1958.85,25,0,1938.71,1928.8,2032.95
8063,2021-03-22 12:02:00,1958.85,1958.85,1958.85,1958.85,25,0,1938.71,1928.8,2032.95
8064,2021-03-22 12:03:00,1958.85,1958.85,1958.85,1958.85,25,0,1938.71,1928.8,2032.95
8065,2021-03-22 12:04:00,1958.85,1958.85,1958.85,1958.85,25,0,1938.71,1928.8,2032.95
8066,2021-03-22 12:05:00,1958.85,1958.85,1958.85,1958.85,25,0,1938.71,1928.8,2032.95
8067,2021-03-22 12:06:00,1958.85,1958.85,1958.85,1958.85,25,0,1938.71,1928.8,2032.95
8068,2021-03-22 12:07:00,1958.85,1958.85,1958.85,1958.85,25,0,1938.71,1928.8,2032.95
8069,2021-03-22 12:08:00,1958.85,1958.85,1958.85,1958.85,25,0,1938.71,1928.8,2032.95
8070,2021-03-22 12:09:00,1958.85,1958.85,1958.85,1958.85,25,0,1938.71,1928.8,2032.95
8071,2021-03-22 12:10:00,1958.85,1958.85,1958.85,1958.85,25,0,1938.71,1928.8,2032.95
8072,2021-03-22 12:11:00,1958.85,1958.85,1958.85,1958.85,25,0,1938.71,1928.8,2032.95
8073,2021-03-22 12:12:00,1958.85,1958.85,1958.85,1958.85,25,0,1938.71,1928.8,2032.95
8074,2021-03-22 12:13:00,1958.85,1958.85,1958.85,1958.85,25,0,1938.71,1928.8,2032.95
8075,2021-03-22 12:14:00,1958.85,1958.85,1958.85,1958.85,25,0,1938.71,1928.8,2032.95
8076,2021-03-22 12:15:00,1958.85,1958.85,1958.85,1958.85,25,0,1938.71,1928.8,2032.95
8077,2021-03-22 12:16:00,1958.85,1958.85,1958.85,1958.85,25,0,1938.71,1928.8,2032.95
8078,2021-03-22 12:17:00,1958.85,1958.85,1958.85,1958.85,25,0,1938.71,1928.8,2032.95
8079,2021-03-22 12:18:00,1958.85,1958.85,1958.85,1958.85,25,0,1938.71,1928.8,2032.95
8080,2021-03-22 12:19:00,1958.85,1958.85,1958.85,1958.85,25,0,1938.71,1928.8,2032.95
8081,2021-03-22 12:20:00,1958.85,1958.85,1958.85,1958.85,25,0,1938.71,1928.8,2032.95
8082,2021-03-22 12:21:00,1958.85,1958.85,1958.85,1958.85,25,0,1938.71,1928.8,2032.95
8083,2021-03-22 12:22:00,1958.85,1958.85,1958.85,1958.85,25,0,1938.71,1928.8,2032.95
8084,2021-03-22 12:23:00,1958.85,1958.85,1958.85,1958.85,25,0,1938.71,1928.8,2032.95
8085,2021-03-22 12:24:00,1958.85,1958.85,1958.85,1958.85,25,0,1938.71,1928.8,2032.95
8086,2021-03-22 12:25:00,1958.85,1958.85,1958.85,1958.85,25,0,1938.71,1928.8,2032.95
8087,2021-03-22 12:26:00,1958.85,1958.85,1958.85,1958.85,25,0,1938.71,1928.8,2032.95
8088,2021-03-22 12:27:00,1958.85,1958.85,1958.85,1958.85,25,0,1938.71,1928.8,2032.95
8089,2021-03-22 12:28:00,1958.85,1958.85,1958.85,1958.85,25,0,1938.71,1928.8,2032.95
8090,2021-03-22 12:29:00,1958.85,1958.85,1958.85,1958.85,25,0,1938.71,1928.8,2032.95
8091,2021-03-22 12:30:00,1958.85,1958.85,1958.85,1958.85,25,0,1938.71,1928.8,2032.95
8092,2021-03-22 12:31:00,1958.85,1958.85,1958.85,1958.85,25,0,1938.71,1928.8,2032.95
8093,2021-03-22 12:32:00,1958.85,1958.85,1958.85,1958.85,25,0,1938.71,1928.8,2032.95
8094,2021-03-22 12:33:00,1958.85,1958.85,1958.85,1958.85,25,0,1938.71,1928.8,2032.95
8095,2021-03-22 12:34:00,1958.85,1958.85,1958.85,1958.85,25,0,1938.71,1928.8,2032.95
8096,2021-03-22 12:35:00,1958.85,1958.85,1958.85,1958.85,25,0,1938.71,1928.8,2032.95
8097,2021-03-22 12:36:00,1958.85,1958.85,1958.85,1958.85,25,0,1938.71,1928.8,2032.95
8098,2021-03-22 12:37:00,1958.85,1958.85,1958.85,1958.85,25,0,1938.71,1928.8,2032.95
8099,2021-03-22 12:38:00,1958.85,1958.85,1958.85,1958.85,25,0,1938.71,1928.8,2032.95
8100,2021-03-22 12:39:00,1958.85,1958.85,1958.85,1958.85,25,0,1938.71,1928.8,2032.95
8101,2021-03-22 12:40:00,1958.85,1958.85,1958.85,1958.85,25,0,1938.71,1928.8,2032.95
8102,2021-03-22 12:41:00,1958.85,1958.85,1958.85,1958.85,25,0,1938.71,1928.8,2032.95
8103,2021-03-22 12:42:00,1958.85,1958.85,1958.85,1958.85,25,0,1938.71,1928.8,2032.95
8104,2021-03-22 12:43:00,1958.85,1958.85,1958.85,1958.85,25,0,1938.71,1928.8,2032.95
8105,2021-03-22 12:44:00,1958.85,1958.85,1958.85,1958.85,25,0,1938.71,1928.8,2032.95
8106,2021-03-22 12:45:00,1958.85,1958.85,1958.85,1958.85,25,0,1938.71,1928.8,2032.95
8107,2021-03-22 12:46:00,1958.85,1958.85,1958.85,1958.85,25,0,1938.71,1928.8,2032.95
8108,2021-03-22 12:47:00,1958.85,1958.85,1958.85,1958.85,25,0,1938.71,1928.8,2032.95
8109,2021-03-22 12:48:00,1958.85,1958.85,1958.85,1958.85,25,0,1938.71,1928.8,2032.95
8110,2021-03-22 12:49:00,1958.85,1958.85,1958.85,1958.85,25,0,1938.71,1928.8,2032.95
8111,2021-03-22 12:50:00,1958.85,1958.85,1958.85,1958.85,25,0,1938.71,1928.8,2032.95
8112,2021-03-22 12:51:00,1958.85,1958.85,1958.85,1958.85,25,0,1938.71,1928.8,2032.95
8113,2021-03-22 12:52:00,1958.85,1958.85,1958.85,1958.85,25,0,1938.71,1928.8,2032.95
8114,2021-03-22 12:53:00,1958.85,1958.85,1958.85,1958.85,25,0,1938.71,1928.8,2032.95
8115,2021-03-22 12:54:00,1958.85,1958.85,1958.85,1958.85,25,0,1938.71,1928.8,2032.95
8116,2021-03-22 12:55:00,1958.85,1958.85,1958.85,1958.85,25,0,1938.71,1928.8,2032.95
8117,2021-03-22 12:56:00,1958.85,1958.85,1958.85,1958.85,25,0,1938.71,1928.8,2032.95
8118,2021-03-22 12:57:00,1958.85,1958.85,1958.85,1958.85,25,0,1938.71,1928.8,2032.95
8119,2021-03-22 12:58:00,1958.85,1958.85,1958.85,1958.85,25,0,1938.71,1928.8,2032.95
8120,2021-03-22 12:59:00,1958.85,1958.85,1958.85,1958.85,25,0,1938.71,1928.8,2032.95
8121,2021-03-22 13:00:00,1958.85,1958.85,1958.85,1958.85,25,0,1938.71,1928.8,2032.95
8122,2021-03-22 13:01:00,1958.85,1958.85,1958.85,1958.85,25,0,1938.71,1928.8,2032.95
8123,2021-03-22 13:02:00,1958.85,1958.85,1958.85,1958.85,25,0,1938.71,1928.8,2032.95
8124,2021-03-22 13:03:00,1958.85,1958.85,1958.85,1958.85,25,0,1938.71,1928.8,2032.95
8125,2021-03-22 13:04:00,1958.85,1958.85,1958.85,1958.85,25,0,1938.71,1928.8,2032.95
8126,2021-03-22 13:05:00,1958.85,1958.85,1958.85,1958.85,25,0,1938.71,1928.8,2032.95
8127,2021-03-22 13:06:00,1958.85,1958.85,1958.85,1958.85,25,0,1938.71,1928.8,2032.95
8128,2021-03-22 13:07:00,1958.85,1958.85,1958.85,1958.85,25,0,1938.71,1928.8,2032.95
8129,2021-03-22 13:08:00,1958.85,1958.85,1958.85,1958.85,25,0,1938.71,1928.8,2032.95
8130,2021-03-22 13:09:00,1958.85,1958.85,1958.85,1958.85,25,0,1938.71,1928.8,2032.95
8131,2021-03-22 13:10:00,1958.85,1958.85,1958.85,1958.85,25,0,1938.71,1928.8,2032.95
8132,2021-03-22 13:11:00,1958.85,1958.85,1958.85,1958.85,25,0,1938.71,1928.8,2032.95
8133,2021-03-22 13:12:00,1958.85,1958.85,1958.85,1958.85,25,0,1938.71,1928.8,2032.95
8134,2021-03-22 13:13:00,1958.85,1958.85,1958.85,1958.85,25,0,1938.71,1928.8,2032.95
8135,2021-03-22 13:14:00,1958.85,1958.85,1958.85,1958.85,25,0,1938.71,1928.8,2032.95
8136,2021-03-22 13:15:00,1958.85,1958.85,1958.85,1958.85,25,0,1938.71,1928.8,2032.95
8137,2021-03-22 13:16:00,1958.85,1958.85,1958.85,1958.85,25,0,1938.71,1928.8,2032.95
8138,2021-03-22 13:17:00,1958.85,1958.85,1958.85,1958.85,25,0,1938.71,1928.8,2032.95
8139,2021-03-22 13:18:00,1958.85,1958.85,1958.85,1958.85,25,0,1938.71,1928.8,2032.95
8140,2021-03-22 13:19:00,1958.85,1958.85,1958.85,1958.85,25,0,1938.71,1928.8,2032.95
8141,2021-03-22 13:20:00,1958.85,1958.85,1958.85,1958.85,25,0,1938.71,1928.8,2032.95
8142,2021-03-22 13:21:00,1958.85,1958.85,1958.85,1958.85,25,0,1938.71,1928.8,2032.95
8143,2021-03-22 13:22:00,1958.85,1958.85,1958.85,1958.85,25,0,1938.71,1928.8,2032.95
8144,2021-03-22 13:23:00,1958.85,1958.85,1958.85,1958.85,25,0,1938.71,1928.8,2032.95
8145,2021-03-22 13:24:00,1958.85,1958.85,1958.85,1958.85,25,0,1938.71,1928.8,2032.95
8146,2021-03-22 13:25:00,1958.85,1958.85,1958.85,1958.85,25,0,1938.71,1928.8,2032.95
8147,2021-03-22 13:26:00,1958.85,1958.85,1958.85,1958.85,25,0,1938.71,1928.8,2032.95
8148,2021-03-22 13:27:00,1958.85,1958.85,1958.85,1958.85,25,0,1938.71,1928.8,2032.95
8149,2021-03-22 13:28:00,1958.85,1958.85,1958.85,1958.85,25,0,1938.71,1928.8,2032.95
8150,2021-03-22 13:29:00,1958.85,1958.85,1958.85,1958.85,25,0,1938.71,1928.8,2032.95
8151,2021-03-22 13:30:00,1958.85,1958.85,1958.85,1958.85,25,0,1938.71,1928.8,2032.95
8152,2021-03-22 13:31:00,1958.85,1958.85,1958.85,1958.85,25,0,1938.71,1928.8,2032.95
8153,2021-03-22 13:32:00,1958.85,1958.85,1958.85,1958.85,25,0,1938.71,1928.8,2032.95
8154,2021-03-22 13:33:00,1958.85,1958.85,1958.85,1958.85,25,0,1938.71,1928.8,2032.95
8155,2021-03-22 13:34:00,1958.85,1958.85,1958.85,1958.85,25,0,1938.71,1928.8,2032.95
8156,2021-03-22 13:35:00,1958.85,1958.85,1958.85,1958.85,25,0,1938.71,1928.8,2032.95
8157,2021-03-22 13:36:00,1958.85,1958.85,1958.85,1958.85,25,0,1938.71,1928.8,2032.95
8158,2021-03-22 13:37:00,1958.85,1958.85,1958.85,1958.85,25,0,1938.71,1928.8,2032.95
8159,2021-03-22 13:38:00,1958.85,1958.85,1958.85,1958.85,25,0,1938.71,1928.8,2032.95
8160,2021-03-22 13:39:00,1958.85,1958.85,1958.85,1958.85,25,0,1938.71,1928.8,2032.95
8161,2021-03-22 13:40:00,1958.85,1958.85,1958.85,1958.85,25,0,1938.71,1928.8,2032.95
8162,2021-03-22 13:41:00,1958.85,1958.85,1958.85,1958.85,25,0,1938.71,1928.8,2032.95
8163,2021-03-22 13:42:00,1958.85,1958.85,1958.85,1958.85,25,0,1938.71,1928.8,2032.95
8164,2021-03-22 13:43:00,1958.85,1958.85,1958.85,1958.85,25,0,1938.71,1928.8,2032.95
8165,2021-03-22 13:44:00,1958.85,1958.85,1958.85,1958.85,25,0,1938.71,1928.8,2032.95
8166,2021-03-22 13:45:00,1958.85,1958.85,1958.85,1958.85,25,0,1938.71,1928.8,2032.95
8167,2021-03-22 13:46:00,1958.85,1958.85,1958.85,1958.85,25,0,1938.71,1928.8,2032.95
8168,2021-03-22 13:47:00,1958.85,1958.85,1958.85,1958.85,25,0,1938.71,1928.8,2032.95
8169,2021-03-22 13:48:00,1958.85,1958.85,1958.85,1958.85,25,0,1938.71,1928.8,2032.95
8170,2021-03-22 13:49:00,1958.85,1958.85,1958.85,1958.85,25,0,1938.71,1928.8,2032.95
8171,2021-03-22 13:50:00,1958.85,1958.85,1958.85,1958.85,25,0,1938.71,1928.8,2032.95
8172,2021-03-22 13:51:00,1958.85,1958.85,1958.85,1958.85,25,0,1938.71,1928.8,2032.95
8173,2021-03-22 13:52:00,1958.85,1958.85,1958.85,1958.85,25,0,1938.71,1928.8,2032.95
8174,2021-03-22 13:53:00,1958.85,1958.85,1958.85,1958.85,25,0,1938.71,1928.8,2032.95
8175,2021-03-22 13:54:00,1958.85,1958.85,1958.85,1958.85,25,0,1938.71,1928.8,2032.95
8176,2021-03-22 13:55:00,1958.85,1958.85,1958.85,1958.85,25,0,1938.71,1928.8,2032.95
8177,2021-03-22 13:56:00,1958.85,1958.85,1958.85,1958.85,25,0,1938.71,1928.8,2032.95
8178,2021-03-22 13:57:00,1958.85,1958.85,1958.85,1958.85,25,0,1938.71,1928.8,2032.95
8179,2021-03-22 13:58:00,1958.85,1958.85,1958.85,1958.85,25,0,1938.71,1928.8,2032.95
8180,2021-03-22 13:59:00,1958.85,1958.85,1958.85,1958.85,25,0,1938.71,1928.8,2032.95
8181,2021-03-22 14:00:00,1958.85,1958.85,1958.85,1958.85,25,0,1938.71,1928.8,2032.95
8182,2021-03-22 14:01:00,1958.85,1958.85,1958.85,1958.85,25,0,1938.71,1928.8,2032.95
8183,2021-03-22 14:02:00,1958.85,1958.85,1958.85,1958.85,25,0,1938.71,1928.8,2032.95
8184,2021-03-22 14:03:00,1958.85,1958.85,1958.85,1958.85,25,0,1938.71,1928.8,2032.95
8185,2021-03-22 14:04:00,1958.85,1958.85,1958.85,1958.85,25,0,1938.71,1928.8,2032.95
8186,2021-03-22 14:05:00,1958.85,1958.85,1958.85,1958.85,25,0,1938.71,1928.8,2032.95
8187,2021-03-22 14:06:00,1958.85,1958.85,1958.85,1958.85,25,0,1938.71,1928.8,2032.95
8188,2021-03-22 14:07:00,1958.85,1958.85,1958.85,1958.85,25,0,1938.71,1928.8,2032.95
8189,2021-03-22 14:08:00,1958.85,1958.85,1958.85,1958.85,25,0,1938.71,1928.8,2032.95
8190,2021-03-22 14:09:00,1958.85,1958.85,1958.85,1958.85,25,0,1938.71,1928.8,2032.95
8191,2021-03-22 14:10:00,1958.85,1958.85,1958.85,1958.85,25,0,1938.71,1928.8,2032.95
8192,2021-03-22 14:11:00,1958.85,1958.85,1958.85,1958.85,25,0,1938.71,1928.8,2032.95
8193,2021-03-22 14:12:00,1958.85,1958.85,1958.85,1958.85,25,0,1938.71,1928.8,2032.95
8194,2021-03-22 14:13:00,1958.85,1958.85,1958.85,1958.85,25,0,1938.71,1928.8,2032.95
8195,2021-03-22 14:14:00,1958.85,1958.85,1958.85,1958.85,25,0,1938.71,1928.8,2032.95
8196,2021-03-22 14:15:00,1958.85,1958.85,1958.85,1958.85,25,0,1938.71,1928.8,2032.95
8197,2021-03-22 14:16:00,1958.85,1958.85,1958.85,1958.85,25,0,1938.71,1928.8,2032.95
8198,2021-03-22 14:17:00,1958.85,1958.85,1958.85,1958.85,25,0,1938.71,1928.8,2032.95
8199,2021-03-22 14:18:00,1958.85,1958.85,1958.85,1958.85,25,0,1938.71,1928.8,2032.95
8200,2021-03-22 14:19:00,1958.85,1958.85,1958.85,1958.85,25,0,1938.71,1928.8,2032.95
8201,2021-03-22 14:20:00,1958.85,1958.85,1958.85,1958.85,25,0,1938.71,1928.8,2032.95
8202,2021-03-22 14:21:00,1958.85,1958.85,1958.85,1958.85,25,0,1938.71,1928.8,2032.95
8203,2021-03-22 14:22:00,1958.85,1958.85,1958.85,1958.85,25,0,1938.71,1928.8,2032.95
8204,2021-03-22 14:23:00,1958.85,1958.85,1958.85,1958.85,25,0,1938.71,1928.8,2032.95
8205,2021-03-22 14:24:00,1958.85,1958.85,1958.85,1958.85,25,0,1938.71,1928.8,2032.95
8206,2021-03-22 14:25:00,1958.85,1958.85,1958.85,1958.85,25,0,1938.71,1928.8,2032.95
8207,2021-03-22 14:26:00,1958.85,1958.85,1958.85,1958.85,25,0,1938.71,1928.8,2032.95
8208,2021-03-22 14:27:00,1958.85,1958.85,1958.85,1958.85,25,0,1938.71,1928.8,2032.95
8209,2021-03-22 14:28:00,1958.85,1958.85,1958.85,1958.85,25,0,1938.71,1928.8,2032.95
8210,2021-03-22 14:29:00,1958.85,1958.85,1958.85,1958.85,25,0,1938.71,1928.8,2032.95
8211,2021-03-22 14:30:00,1958.85,1958.85,1958.85,1958.85,25,0,1938.71,1928.8,2032.95
8212,2021-03-22 14:31:00,1958.85,1958.85,1958.85,1958.85,25,0,1938.71,1928.8,2032.95
8213,2021-03-22 14:32:00,1958.85,1958.85,1958.85,1958.85,25,0,1938.71,1928.8,2032.95
8214,2021-03-22 14:33:00,1958.85,1958.85,1958.85,1958.85,25,0,1938.71,1928.8,2032.95
8215,2021-03-22 14:34:00,1958.85,1958.85,1958.85,1958.85,25,0,1938.71,1928.8,2032.95
8216,2021-03-22 14:35:00,1958.85,1958.85,1958.85,1958.85,25,0,1938.71,1928.8,2032.95
8217,2021-03-22 14:36:00,1958.85,1958.85,1958.85,1958.85,25,0,1938.71,1928.8,2032.95
8218,2021-03-22 14:37:00,1958.85,1958.85,1958.85,1958.85,25,0,1938.71,1928.8,2032.95
8219,2021-03-22 14:38:00,1958.85,1958.85,1958.85,1958.85,25,0,1938.71,1928.8,2032.95
8220,2021-03-22 14:39:00,1958.85,1958.85,1958.85,1958.85,25,0,1938.71,1928.8,2032.95
8221,2021-03-22 14:40:00,1958.85,1958.85,1958.85,1958.85,25,0,1938.71,1928.8,2032.95
8222,2021-03-22 14:41:00,1958.85,1958.85,1958.85,1958.85,25,0,1938.71,1928.8,2032.95
8223,2021-03-22 14:42:00,1958.85,1958.85,1958.85,1958.85,25,0,1938.71,1928.8,2032.95
8224,2021-03-22 14:43:00,1958.85,1958.85,1958.85,1958.85,25,0,1938.71,1928.8,2032.95
8225,2021-03-22 14:44:00,1958.85,1958.85,1958.85,1958.85,25,0,1938.71,1928.8,2032.95
8226,2021-03-22 14:45:00,1958.85,1958.85,1958.85,1958.85,25,0,1938.71,1928.8,2032.95
8227,2021-03-22 14:46:00,1958.85,1958.85,1958.85,1958.85,25,0,1938.71,1928.8,2032.95
8228,2021-03-22 14:47:00,1958.85,1958.85,1958.85,1958.85,25,0,1938.71,1928.8,2032.95
8229,2021-03-22 14:48:00,1958.85,1958.85,1958.85,1958.85,25,0,1938.71,1928.8,2032.95
8230,2021-03-22 14:49:00,1958.85,1958.85,1958.85,1958.85,25,0,1938.71,1928.8,2032.95
8231,2021-03-22 14:50:00,1958.85,1958.85,1958.85,1958.85,25,0,1938.71,1928.8,2032.95
8232,2021-03-22 14:51:00,1958.85,1958.85,1958.85,1958.85,25,0,1938.71,1928.8,2032.95
8233,2021-03-22 14:52:00,1958.85,1958.85,1958.85,1958.85,25,0,1938.71,1928.8,2032.95
8234,2021-03-22 14:53:00,1958.85,1958.85,1958.85,1958.85,25,0,1938.71,1928.8,2032.95
8235,2021-03-22 14:54:00,1958.85,1958.85,1958.85,1958.85,25,0,1938.71,1928.8,2032.95
8236,2021-03-22 14:55:00,1958.85,1958.85,1958.85,1958.85,25,0,1938.71,1928.8,2032.95
8237,2021-03-22 14:56:00,1958.85,1958.85,1958.85,1958.85,25,0,1938.71,1928.8,2032.95
8238,2021-03-22 14:57:00,1958.85,1958.85,1958.85,1958.85,25,0,1938.71,1928.8,2032.95
8239,2021-03-22 14:58:00,1958.85,1958.85,1958.85,1958.85,25,0,1938.71,1928.8,2032.95
8240,2021-03-22 14:59:00,1958.85,1958.85,1958.85,1958.85,25,0,1938.71,1928.8,2032.95
8241,2021-03-22 15:00:00,1958.85,1958.85,1958.85,1958.85,25,0,1938.71,1928.8,2032.95
8242,2021-03-22 15:01:00,1958.85,1958.85,1958.85,1958.85,25,0,1938.71,1928.8,2032.95
8243,2021-03-22 15:02:00,1958.85,1958.85,1958.85,1958.85,25,0,1938.71,1928.8,2032.95
8244,2021-03-22 15:03:00,1958.85,1958.85,1958.85,1958.85,25,0,1938.71,1928.8,2032.95
8245,2021-03-22 15:04:00,1958.85,1958.85,1958.85,1958.85,25,0,1938.71,1928.8,2032.95
8246,2021-03-22 15:05:00,1958.85,1958.85,1958.85,1958.85,25,0,1938.71,1928.8,2032.95
8247,2021-03-22 15:06:00,1958.85,1958.85,1958.85,1958.85,25,0,1938.71,1928.8,2032.95
8248,2021-03-22 15:07:00,1958.85,1958.85,1958.85,1958.85,25,0,1938.71,1928.8,2032.95
8249,2021-03-22 15:08:00,1958.85,1958.85,1958.85,1958.85,25,0,1938.71,1928.8,2032.95
8250,2021-03-22 15:09:00,1958.85,1958.85,1958.85,1958.85,25,0,1938.71,1928.8,2032.95
8251,2021-03-22 15:10:00,1958.85,1958.85,1958.85,1958.85,25,0,1938.71,1928.8,2032.95
8252,2021-03-22 15:11:00,1958.85,1958.85,1958.85,1958.85,25,0,1938.71,1928.8,2032.95
8253,2021-03-22 15:12:00,1958.85,1958.85,1958.85,1958.85,25,0,1938.71,1928.8,2032.95
8254,2021-03-22 15:13:00,1958.85,1958.85,1958.85,1958.85,25,0,1938.71,1928.8,2032.95
8255,2021-03-22 15:14:00,1958.85,1958.85,1958.85,1958.85,25,0,1938.71,1928.8,2032.95
8256,2021-03-22 15:15:00,1958.85,1958.85,1958.85,1958.85,25,0,1938.71,1928.8,2032.95
8257,2021-03-22 15:16:00,1958.85,1958.85,1958.85,1958.85,25,0,1938.71,1928.8,2032.95
8258,2021-03-22 15:17:00,1958.85,1958.85,1958.85,1958.85,25,0,1938.71,1928.8,2032.95
8259,2021-03-22 15:18:00,1958.85,1958.85,1958.85,1958.85,25,0,1938.71,1928.8,2032.95
8260,2021-03-22 15:19:00,1958.85,1958.85,1958.85,1958.85,25,0,1938.71,1928.8,2032.95
8261,2021-03-22 15:20:00,1958.85,1958.85,1958.85,1958.85,25,0,1938.71,1928.8,2032.95
8262,2021-03-22 15:21:00,1958.85,1958.85,1958.85,1958.85,25,0,1938.71,1928.8,2032.95
8263,2021-03-22 15:22:00,1958.85,1958.85,1958.85,1958.85,25,0,1938.71,1928.8,2032.95
8264,2021-03-22 15:23:00,1958.85,1958.85,1958.85,1958.85,25,0,1938.71,1928.8,2032.95
8265,2021-03-22 15:24:00,1958.85,1958.85,1958.85,1958.85,25,0,1938.71,1928.8,2032.95
8266,2021-03-22 15:25:00,1958.85,1958.85,1958.85,1958.85,25,0,1938.71,1928.8,2032.95
8267,2021-03-22 15:26:00,1958.85,1958.85,1958.85,1958.85,25,0,1938.71,1928.8,2032.95
8268,2021-03-22 15:27:00,1958.85,1958.85,1958.85,1958.85,25,0,1938.71,1928.8,2032.95
8269,2021-03-22 15:28:00,1958.85,1958.85,1958.85,1958.85,25,0,1938.71,1928.8,2032.95
8270,2021-03-22 15:29:00,1958.85,1958.85,1958.85,1958.85,25,0,1938.71,1928.8,2032.95
8271,2021-03-22 15:30:00,1958.85,1958.85,1958.85,1958.85,25,0,1938.71,1928.8,2032.95
8272,2021-03-23 09:15:00,1958.85,1958.85,1958.85,1958.85,25,0,1938.71,1928.8,2032.95
8273,2021-03-23 09:16:00,1958.85,1958.85,1958.85,1958.85,25,0,1938.71,1928.8,2032.95
8274,2021-03-23 09:17:00,1958.85,1958.85,1958.85,1958.85,25,0,1938.71,1928.8,2032.95
8275,2021-03-23 09:18:00,1958.85,1958.85,1958.85,1958.85,25,0,1938.71,1928.8,2032.95
8276,2021-03-23 09:19:00,1958.85,1958.85,1958.85,1958.85,25,0,1938.71,1928.8,2032.95
8277,2021-03-23 09:20:00,1958.85,1958.85,1958.85,1958.85,25,0,1938.71,1928.8,2032.95
8278,2021-03-23 09:21:00,1958.85,1958.85,1958.85,1958.85,25,0,1938.71,1928.8,2032.95
8279,2021-03-23 09:22:00,1958.85,1958.85,1958.85,1958.85,25,0,1938.71,1928.8,2032.95
8280,2021-03-23 09:23:00,1958.85,1958.85,1958.85,1958.85,25,0,1938.71,1928.8,2032.95
8281,2021-03-23 09:24:00,1958.85,1958.85,1958.85,1958.85,25,0,1938.71,1928.8,2032.95
8282,2021-03-23 09:25:00,1958.85,1958.85,1958.85,1958.85,25,0,1938.71,1928.8,2032.95
8283,2021-03-23 09:26:00,1958.85,1958.85,1958.85,1958.85,25,0,1938.71,1928.8,2032.95
8284,2021-03-23 09:27:00,1958.85,1958.85,1958.85,1958.85,25,0,1938.71,1928.8,2032.95
8285,2021-03-23 09:28:00,1958.85,1958.85,1958.85,1958.85,25,0,1938.71,1928.8,2032.95
8286,2021-03-23 09:29:00,1958.85,1958.85,1958.85,1958.85,25,0,1938.71,1928.8,2032.95
8287,2021-03-23 09:30:00,1958.85,1958.85,1958.85,1958.85,25,0,1938.71,1928.8,2032.95
8288,2021-03-23 09:31:00,1958.85,1958.85,1958.85,1958.85,25,0,1938.71,1928.8,2032.95
8289,2021-03-23 09:32:00,1958.85,1958.85,1958.85,1958.85,25,0,1938.71,1928.8,2032.95
8290,2021-03-23 09:33:00,1958.85,1958.85,1958.85,1958.85,25,0,1938.71,1928.8,2032.95
8291,2021-03-23 09:34:00,1958.85,1958.85,1958.85,1958.85,25,0,1938.71,1928.8,2032.95
8292,2021-03-23 09:35:00,1958.85,1958.85,1958.85,1958.85,25,0,1938.71,1928.8,2032.95
8293,2021-03-23 09:36:00,1958.85,1958.85,1958.85,1958.85,25,0,1938.71,1928.8,2032.95
8294,2021-03-23 09:37:00,1958.85,1958.85,1958.85,1958.85,25,0,1938.71,1928.8,2032.95
8295,2021-03-23 09:38:00,1958.85,1958.85,1958.85,1958.85,25,0,1938.71,1928.8,2032.95
8296,2021-03-23 09:39:00,1958.85,1958.85,1958.85,1958.85,25,0,1938.71,1928.8,2032.95
8297,2021-03-23 09:40:00,1958.85,1958.85,1958.85,1958.85,25,0,1938.71,1928.8,2032.95
8298,2021-03-23 09:41:00,1958.85,1958.85,1958.85,1958.85,25,0,1938.71,1928.8,2032.95
8299,2021-03-23 09:42:00,1958.85,1958.85,1958.85,1958.85,25,0,1938.71,1928.8,2032.95
8300,2021-03-23 09:43:00,1958.85,1958.85,1958.85,1958.85,25,0,1938.71,1928.8,2032.95
8301,2021-03-23 09:44:00,1958.85,1958.85,1958.85,1958.85,25,0,1938.71,1928.8,2032.95
8302,2021-03-23 09:45:00,1958.85,1958.85,1958.85,1958.85,25,0,1938.71,1928.8,2032.95
8303,2021-03-23 09:46:00,1958.85,1958.85,1958.85,1958.85,25,0,1938.71,1928.8,2032.95
8304,2021-03-23 09:47:00,1958.85,1958.85,1958.85,1958.85,25,0,1938.71,1928.8,2032.95
8305,2021-03-23 09:48:00,1958.85,1958.85,1958.85,1958.85,25,0,1938.71,1928.8,2032.95
8306,2021-03-23 09:49:00,1958.85,1958.85,1958.85,1958.85,25,0,1938.71,1928.8,2032.95
8307,2021-03-23 09:50:00,1958.85,1958.85,1958.85,1958.85,25,0,1938.71,1928.8,2032.95
8308,2021-03-23 09:51:00,1958.85,1958.85,1958.85,1958.85,25,0,1938.71,1928.8,2032.95
8309,2021-03-23 09:52:00,1958.85,1958.85,1958.85,1958.85,25,0,1938.71,1928.8,2032.95
8310,2021-03-23 09:53:00,1958.85,1958.85,1958.85,1958.85,25,0,1938.71,1928.8,2032.95
8311,2021-03-23 09:54:00,1958.85,1958.85,1958.85,1958.85,25,0,1938.71,1928.8,2032.95
8312,2021-03-23 09:55:00,1958.85,1958.85,1958.85,1958.85,25,0,1938.71,1928.8,2032.95
8313,2021-03-23 09:56:00,1958.85,1958.85,1958.85,1958.85,25,0,1938.71,1928.8,2032.95
8314,2021-03-23 09:57:00,1958.85,1958.85,1958.85,1958.85,25,0,1938.71,1928.8,2032.95
8315,2021-03-23 09:58:00,1958.85,1958.85,1958.85,1958.85,25,0,1938.71,1928.8,2032.95
8316,2021-03-23 09:59:00,1958.85,1958.85,1958.85,1958.85,25,0,1938.71,1928.8,2032.95
8317,2021-03-23 10:00:00,1958.85,1958.85,1958.85,1958.85,25,0,1938.71,1928.8,2032.95
8318,2021-03-23 10:01:00,1958.85,1958.85,1958.85,1958.85,25,0,1938.71,1928.8,2032.95
8319,2021-03-23 10:02:00,1958.85,1958.85,1958.85,1958.85,25,0,1938.71,1928.8,2032.95
8320,2021-03-23 10:03:00,1958.85,1958.85,1958.85,1958.85,25,0,1938.71,1928.8,2032.95
8321,2021-03-23 10:04:00,1958.85,1958.85,1958.85,1958.85,25,0,1938.71,1928.8,2032.95
8322,2021-03-23 10:05:00,1958.85,1958.85,1958.85,1958.85,25,0,1938.71,1928.8,2032.95
8323,2021-03-23 10:06:00,1958.85,1958.85,1958.85,1958.85,25,0,1938.71,1928.8,2032.95
8324,2021-03-23 10:07:00,1958.85,1958.85,1958.85,1958.85,25,0,1938.71,1928.8,2032.95
8325,2021-03-23 10:08:00,1958.85,1958.85,1958.85,1958.85,25,0,1938.71,1928.8,2032.95
8326,2021-03-23 10:09:00,1958.85,1958.85,1958.85,1958.85,25,0,1938.71,1928.8,2032.95
8327,2021-03-23 10:10:00,1958.85,1958.85,1958.85,1958.85,25,0,1938.71,1928.8,2032.95
8328,2021-03-23 10:11:00,1958.85,1958.85,1958.85,1958.85,25,0,1938.71,1928.8,2032.95
8329,2021-03-23 10:12:00,1958.85,1958.85,1958.85,1958.85,25,0,1938.71,1928.8,2032.95
8330,2021-03-23 10:13:00,1958.85,1958.85,1958.85,1958.85,25,0,1938.71,1928.8,2032.95
8331,2021-03-23 10:14:00,1958.85,1958.85,1958.85,1958.85,25,0,1938.71,1928.8,2032.95
8332,2021-03-23 10:15:00,1958.85,1958.85,1958.85,1958.85,25,0,1938.71,1928.8,2032.95
8333,2021-03-23 10:16:00,1958.85,1958.85,1958.85,1958.85,25,0,1938.71,1928.8,2032.95
8334,2021-03-23 10:17:00,1958.85,1958.85,1958.85,1958.85,25,0,1938.71,1928.8,2032.95
8335,2021-03-23 10:18:00,1958.85,1958.85,1958.85,1958.85,25,0,1938.71,1928.8,2032.95
8336,2021-03-23 10:19:00,1958.85,1958.85,1958.85,1958.85,25,0,1938.71,1928.8,2032.95
8337,2021-03-23 10:20:00,1958.85,1958.85,1958.85,1958.85,25,0,1938.71,1928.8,2032.95
8338,2021-03-23 10:21:00,1958.85,1958.85,1958.85,1958.85,25,0,1938.71,1928.8,2032.95
8339,2021-03-23 10:22:00,1958.85,1958.85,1958.85,1958.85,25,0,1938.71,1928.8,2032.95
8340,2021-03-23 10:23:00,1958.85,1958.85,1958.85,1958.85,25,0,1938.71,1928.8,2032.95
8341,2021-03-23 10:24:00,1958.85,1958.85,1958.85,1958.85,25,0,1938.71,1928.8,2032.95
8342,2021-03-23 10:25:00,1958.85,1958.85,1958.85,1958.85,25,0,1938.71,1928.8,2032.95
8343,2021-03-23 10:26:00,1958.85,1958.85,1958.85,1958.85,25,0,1938.71,1928.8,2032.95
8344,2021-03-23 10:27:00,1958.85,1958.85,1958.85,1958.85,25,0,1938.71,1928.8,2032.95
8345,2021-03-23 10:28:00,1958.85,1958.85,1958.85,1958.85,25,0,1938.71,1928.8,2032.95
8346,2021-03-23 10:29:00,1958.85,1958.85,1958.85,1958.85,25,0,1938.71,1928.8,2032.95
8347,2021-03-23 10:30:00,1958.85,1958.85,1958.85,1958.85,25,0,1938.71,1928.8,2032.95
8348,2021-03-23 10:31:00,1958.85,1958.85,1958.85,1958.85,25,0,1938.71,1928.8,2032.95
8349,2021-03-23 10:32:00,1958.85,1958.85,1958.85,1958.85,25,0,1938.71,1928.8,2032.95
8350,2021-03-23 10:33:00,1958.85,1958.85,1958.85,1958.85,25,0,1938.71,1928.8,2032.95
8351,2021-03-23 10:34:00,1958.85,1958.85,1958.85,1958.85,25,0,1938.71,1928.8,2032.95
8352,2021-03-23 10:35:00,1958.85,1958.85,1958.85,1958.85,25,0,1938.71,1928.8,2032.95
8353,2021-03-23 10:36:00,1958.85,1958.85,1958.85,1958.85,25,0,1938.71,1928.8,2032.95
8354,2021-03-23 10:37:00,1958.85,1958.85,1958.85,1958.85,25,0,1938.71,1928.8,2032.95
8355,2021-03-23 10:38:00,1958.85,1958.85,1958.85,1958.85,25,0,1938.71,1928.8,2032.95
8356,2021-03-23 10:39:00,1958.85,1958.85,1958.85,1958.85,25,0,1938.71,1928.8,2032.95
8357,2021-03-23 10:40:00,1958.85,1958.85,1958.85,1958.85,25,0,1938.71,1928.8,2032.95
8358,2021-03-23 10:41:00,1958.85,1958.85,1958.85,1958.85,25,0,1938.71,1928.8,2032.95
8359,2021-03-23 10:42:00,1958.85,1958.85,1958.85,1958.85,25,0,1938.71,1928.8,2032.95
8360,2021-03-23 10:43:00,1958.85,1958.85,1958.85,1958.85,25,0,1938.71,1928.8,2032.95
8361,2021-03-23 10:44:00,1958.85,1958.85,1958.85,1958.85,25,0,1938.71,1928.8,2032.95
8362,2021-03-23 10:45:00,1958.85,1958.85,1958.85,1958.85,25,0,1938.71,1928.8,2032.95
8363,2021-03-23 10:46:00,1958.85,1958.85,1958.85,1958.85,25,0,1938.71,1928.8,2032.95
8364,2021-03-23 10:47:00,1958.85,1958.85,1958.85,1958.85,25,0,1938.71,1928.8,2032.95
8365,2021-03-23 10:48:00,1958.85,1958.85,1958.85,1958.85,25,0,1938.71,1928.8,2032.95
8366,2021-03-23 10:49:00,1958.85,1958.85,1958.85,1958.85,25,0,1938.71,1928.8,2032.95
8367,2021-03-23 10:50:00,1958.85,1958.85,1958.85,1958.85,25,0,1938.71,1928.8,2032.95
8368,2021-03-23 10:51:00,1958.85,1958.85,1958.85,1958.85,25,0,1938.71,1928.8,2032.95
8369,2021-03-23 10:52:00,1958.85,1958.85,1958.85,1958.85,25,0,1938.71,1928.8,2032.95
8370,2021-03-23 10:53:00,1958.85,1958.85,1958.85,1958.85,25,0,1938.71,1928.8,2032.95
8371,2021-03-23 10:54:00,1958.85,1958.85,1958.85,1958.85,25,0,1938.71,1928.8,2032.95
8372,2021-03-23 10:55:00,1958.85,1958.85,1958.85,1958.85,25,0,1938.71,1928.8,2032.95
8373,2021-03-23 10:56:00,1958.85,1958.85,1958.85,1958.85,25,0,1938.71,1928.8,2032.95
8374,2021-03-23 10:57:00,1958.85,1958.85,1958.85,1958.85,25,0,1938.71,1928.8,2032.95
8375,2021-03-23 10:58:00,1958.85,1958.85,1958.85,1958.85,25,0,1938.71,1928.8,2032.95
8376,2021-03-23 10:59:00,1958.85,1958.85,1958.85,1958.85,25,0,1938.71,1928.8,2032.95
8377,2021-03-23 11:00:00,1958.85,1958.85,1958.85,1958.85,25,0,1938.71,1928.8,2032.95
8378,2021-03-23 11:01:00,1958.85,1958.85,1958.85,1958.85,25,0,1938.71,1928.8,2032.95
8379,2021-03-23 11:02:00,1958.85,1958.85,1958.85,1958.85,25,0,1938.71,1928.8,2032.95
8380,2021-03-23 11:03:00,1958.85,1958.85,1958.85,1958.85,25,0,1938.71,1928.8,2032.95
8381,2021-03-23 11:04:00,1958.85,1958.85,1958.85,1958.85,25,0,1938.71,1928.8,2032.95
8382,2021-03-23 11:05:00,1958.85,1958.85,1958.85,1958.85,25,0,1938.71,1928.8,2032.95
8383,2021-03-23 11:06:00,1958.85,1958.85,1958.85,1958.85,25,0,1938.71,1928.8,2032.95
8384,2021-03-23 11:07:00,1958.85,1958.85,1958.85,1958.85,25,0,1938.71,1928.8,2032.95
8385,2021-03-23 11:08:00,1958.85,1958.85,1958.85,1958.85,25,0,1938.71,1928.8,2032.95
8386,2021-03-23 11:09:00,1958.85,1958.85,1958.85,1958.85,25,0,1938.71,1928.8,2032.95
8387,2021-03-23 11:10:00,1958.85,1958.85,1958.85,1958.85,25,0,1938.71,1928.8,2032.95
8388,2021-03-23 11:11:00,1958.85,1958.85,1958.85,1958.85,25,0,1938.71,1928.8,2032.95
8389,2021-03-23 11:12:00,1958.85,1958.85,1958.85,1958.85,25,0,1938.71,1928.8,2032.95
8390,2021-03-23 11:13:00,1958.85,1958.85,1958.85,1958.85,25,0,1938.71,1928.8,2032.95
8391,2021-03-23 11:14:00,1958.85,1958.85,1958.85,1958.85,25,0,1938.71,1928.8,2032.95
8392,2021-03-23 11:15:00,1958.85,1958.85,1958.85,1958.85,25,0,1938.71,1928.8,2032.95
8393,2021-03-23 11:16:00,1958.85,1958.85,1958.85,1958.85,25,0,1938.71,1928.8,2032.95
8394,2021-03-23 11:17:00,1958.85,1958.85,1958.85,1958.85,25,0,1938.71,1928.8,2032.95
8395,2021-03-23 11:18:00,1958.85,1958.85,1958.85,1958.85,25,0,1938.71,1928.8,2032.95
8396,2021-03-23 11:19:00,1958.85,1958.85,1958.85,1958.85,25,0,1938.71,1928.8,2032.95
8397,2021-03-23 11:20:00,1958.85,1958.85,1958.85,1958.85,25,0,1938.71,1928.8,2032.95
8398,2021-03-23 11:21:00,1958.85,1958.85,1958.85,1958.85,25,0,1938.71,1928.8,2032.95
8399,2021-03-23 11:22:00,1958.85,1958.85,1958.85,1958.85,25,0,1938.71,1928.8,2032.95
8400,2021-03-23 11:23:00,1958.85,1958.85,1958.85,1958.85,25,0,1938.71,1928.8,2032.95
8401,2021-03-23 11:24:00,1958.85,1958.85,1958.85,1958.85,25,0,1938.71,1928.8,2032.95
8402,2021-03-23 11:25:00,1958.85,1958.85,1958.85,1958.85,25,0,1938.71,1928.8,2032.95
8403,2021-03-23 11:26:00,1958.85,1958.85,1958.85,1958.85,25,0,1938.71,1928.8,2032.95
8404,2021-03-23 11:27:00,1958.85,1958.85,1958.85,1958.85,25,0,1938.71,1928.8,2032.95
8405,2021-03-23 11:28:00,1958.85,1958.85,1958.85,1958.85,25,0,1938.71,1928.8,2032.95
8406,2021-03-23 11:29:00,1958.85,1958.85,1958.85,1958.85,25,0,1938.71,1928.8,2032.95
8407,2021-03-23 11:30:00,1958.85,1958.85,1958.85,1958.85,25,0,1938.71,1928.8,2032.95
8408,2021-03-23 11:31:00,1958.85,1958.85,1958.85,1958.85,25,0,1938.71,1928.8,2032.95
8409,2021-03-23 11:32:00,1958.85,1958.85,1958.85,1958.85,25,0,1938.71,1928.8,2032.95
8410,2021-03-23 11:33:00,1958.85,1958.85,1958.85,1958.85,25,0,1938.71,1928.8,2032.95
8411,2021-03-23 11:34:00,1958.85,1958.85,1958.85,1958.85,25,0,1938.71,1928.8,2032.95
8412,2021-03-23 11:35:00,1958.85,1958.85,1958.85,1958.85,25,0,1938.71,1928.8,2032.95
8413,2021-03-23 11:36:00,1958.85,1958.85,1958.85,1958.85,25,0,1938.71,1928.8,2032.95
8414,2021-03-23 11:37:00,1958.85,1958.85,1958.85,1958.85,25,0,1938.71,1928.8,2032.95
8415,2021-03-23 11:38:00,1958.85,1958.85,1958.85,1958.85,25,0,1938.71,1928.8,2032.95
8416,2021-03-23 11:39:00,1958.85,1958.85,1958.85,1958.85,25,0,1938.71,1928.8,2032.95
8417,2021-03-23 11:40:00,1958.85,1958.85,1958.85,1958.85,25,0,1938.71,1928.8,2032.95
8418,2021-03-23 11:41:00,1958.85,1958.85,1958.85,1958.85,25,0,1938.71,1928.8,2032.95
8419,2021-03-23 11:42:00,1958.85,1958.85,1958.85,1958.85,25,0,1938.71,1928.8,2032.95
8420,2021-03-23 11:43:00,1958.85,1958.85,1958.85,1958.85,25,0,1938.71,1928.8,2032.95
8421,2021-03-23 11:44:00,1958.85,1958.85,1958.85,1958.85,25,0,1938.71,1928.8,2032.95
8422,2021-03-23 11:45:00,1958.85,1958.85,1958.85,1958.85,25,0,1938.71,1928.8,2032.95
8423,2021-03-23 11:46:00,1958.85,1958.85,1958.85,1958.85,25,0,1938.71,1928.8,2032.95
8424,2021-03-23 11:47:00,1958.85,1958.85,1958.85,1958.85,25,0,1938.71,1928.8,2032.95
8425,2021-03-23 11:48:00,1958.85,1958.85,1958.85,1958.85,25,0,1938.71,1928.8,2032.95
8426,2021-03-23 11:49:00,1958.85,1958.85,1958.85,1958.85,25,0,1938.71,1928.8,2032.95
8427,2021-03-23 11:50:00,1958.85,1958.85,1958.85,1958.85,25,0,1938.71,1928.8,2032.95
8428,2021-03-23 11:51:00,1958.85,1958.85,1958.85,1958.85,25,0,1938.71,1928.8,2032.95
8429,2021-03-23 11:52:00,1958.85,1958.85,1958.85,1958.85,25,0,1938.71,1928.8,2032.95
8430,2021-03-23 11:53:00,1958.85,1958.85,1958.85,1958.85,25,0,1938.71,1928.8,2032.95
8431,2021-03-23 11:54:00,1958.85,1958.85,1958.85,1958.85,25,0,1938.71,1928.8,2032.95
8432,2021-03-23 11:55:00,1958.85,1958.85,1958.85,1958.85,25,0,1938.71,1928.8,2032.95
8433,2021-03-23 11:56:00,1958.85,1958.85,1958.85,1958.85,25,0,1938.71,1928.8,2032.95
8434,2021-03-23 11:57:00,1958.85,1958.85,1958.85,1958.85,25,0,1938.71,1928.8,2032.95
8435,2021-03-23 11:58:00,1958.85,1958.85,1958.85,1958.85,25,0,1938.71,1928.8,2032.95
8436,2021-03-23 11:59:00,1958.85,1958.85,1958.85,1958.85,25,0,1938.71,1928.8,2032.95
8437,2021-03-23 12:00:00,1958.85,1958.85,1958.85,1958.85,25,0,1938.71,1928.8,2032.95
8438,2021-03-23 12:01:00,1958.85,1958.85,1958.85,1958.85,25,0,1938.71,1928.8,2032.95
8439,2021-03-23 12:02:00,1958.85,1958.85,1958.85,1958.85,25,0,1938.71,1928.8,2032.95
8440,2021-03-23 12:03:00,1958.85,1958.85,1958.85,1958.85,25,0,1938.71,1928.8,2032.95
8441,2021-03-23 12:04:00,1958.85,1958.85,1958.85,1958.85,25,0,1938.71,1928.8,2032.95
8442,2021-03-23 12:05:00,1958.85,1958.85,1958.85,1958.85,25,0,1938.71,1928.8,2032.95
8443,2021-03-23 12:06:00,1958.85,1958.85,1958.85,1958.85,25,0,1938.71,1928.8,2032.95
8444,2021-03-23 12:07:00,1958.85,1958.85,1958.85,1958.85,25,0,1938.71,1928.8,2032.95
8445,2021-03-23 12:08:00,1958.85,1958.85,1958.85,1958.85,25,0,1938.71,1928.8,2032.95
8446,2021-03-23 12:09:00,1958.85,1958.85,1958.85,1958.85,25,0,1938.71,1928.8,2032.95
8447,2021-03-23 12:10:00,1958.85,1958.85,1958.85,1958.85,25,0,1938.71,1928.8,2032.95
8448,2021-03-23 12:11:00,1958.85,1958.85,1958.85,1958.85,25,0,1938.71,1928.8,2032.95
8449,2021-03-23 12:12:00,1958.85,1958.85,1958.85,1958.85,25,0,1938.71,1928.8,2032.95
8450,2021-03-23 12:13:00,1958.85,1958.85,1958.85,1958.85,500,0,1958.85,1957.05,2062.0
8451,2021-03-23 12:14:00,1958.85,1958.85,1958.85,1958.85,500,0,1958.85,1957.05,2062.0
8452,2021-03-23 12:15:00,1958.85,1958.85,1958.85,1958.85,500,0,1958.85,1957.05,2062.0
8453,2021-03-23 12:16:00,1958.85,1958.85,1958.85,1958.85,500,0,1958.85,1957.05,2062.0
8454,2021-03-23 12:17:00,1958.85,1958.85,1958.85,1958.85,500,0,1958.85,1957.05,2062.0
8455,2021-03-23 12:18:00,1958.85,1958.85,1958.85,1958.85,500,0,1958.85,1957.05,2062.0
8456,2021-03-23 12:19:00,1958.85,1958.85,1958.85,1958.85,500,0,1958.85,1957.05,2062.0
8457,2021-03-23 12:20:00,1958.85,1958.85,1958.85,1958.85,500,0,1958.85,1957.05,2062.0
8458,2021-03-23 12:21:00,1958.85,1958.85,1958.85,1958.85,500,0,1958.85,1957.05,2062.0
8459,2021-03-23 12:22:00,1958.85,1958.85,1958.85,1958.85,500,0,1958.85,1957.05,2062.0
8460,2021-03-23 12:23:00,1958.85,1958.85,1958.85,1958.85,500,0,1958.85,1957.05,2062.0
8461,2021-03-23 12:24:00,1958.85,1958.85,1958.85,1958.85,500,0,1958.85,1957.05,2062.0
8462,2021-03-23 12:25:00,1958.85,1958.85,1958.85,1958.85,500,0,1958.85,1957.05,2062.0
8463,2021-03-23 12:26:00,1958.85,1958.85,1958.85,1958.85,500,0,1958.85,1957.05,2062.0
8464,2021-03-23 12:27:00,1958.85,1958.85,1958.85,1958.85,500,0,1958.85,1957.05,2062.0
8465,2021-03-23 12:28:00,1958.85,1958.85,1958.85,1958.85,500,0,1958.85,1957.05,2062.0
8466,2021-03-23 12:29:00,1958.85,1958.85,1958.85,1958.85,500,0,1958.85,1957.05,2062.0
8467,2021-03-23 12:30:00,1958.85,1958.85,1958.85,1958.85,500,0,1958.85,1957.05,2062.0
8468,2021-03-23 12:31:00,1958.85,1958.85,1958.85,1958.85,500,0,1958.85,1957.05,2062.0
8469,2021-03-23 12:32:00,1958.85,1958.85,1958.85,1958.85,500,0,1958.85,1957.05,2062.0
8470,2021-03-23 12:33:00,1958.85,1958.85,1958.85,1958.85,500,0,1958.85,1957.05,2062.0
8471,2021-03-23 12:34:00,1958.85,1958.85,1958.85,1958.85,500,0,1958.85,1957.05,2062.0
8472,2021-03-23 12:35:00,1958.85,1958.85,1958.85,1958.85,500,0,1958.85,1957.05,2062.0
8473,2021-03-23 12:36:00,1958.85,1958.85,1958.85,1958.85,500,0,1958.85,1957.05,2062.0
8474,2021-03-23 12:37:00,1958.85,1958.85,1958.85,1958.85,500,0,1958.85,1957.05,2062.0
8475,2021-03-23 12:38:00,1958.85,1958.85,1958.85,1958.85,500,0,1958.85,1957.05,2062.0
8476,2021-03-23 12:39:00,1958.85,1958.85,1958.85,1958.85,500,0,1958.85,1957.05,2062.0
8477,2021-03-23 12:40:00,1958.85,1958.85,1958.85,1958.85,500,0,1958.85,1957.05,2062.0
8478,2021-03-23 12:41:00,1958.85,1958.85,1958.85,1958.85,500,0,1958.85,1957.05,2062.0
8479,2021-03-23 12:42:00,1958.85,1958.85,1958.85,1958.85,500,0,1958.85,1957.05,2062.0
8480,2021-03-23 12:43:00,1958.85,1958.85,1958.85,1958.85,500,0,1958.85,1957.05,2062.0
8481,2021-03-23 12:44:00,1958.85,1958.85,1958.85,1958.85,500,0,1958.85,1957.05,2062.0
8482,2021-03-23 12:45:00,1958.85,1958.85,1958.85,1958.85,500,0,1958.85,1957.05,2062.0
8483,2021-03-23 12:46:00,1958.85,1958.85,1958.85,1958.85,500,0,1958.85,1957.05,2062.0
8484,2021-03-23 12:47:00,1958.85,1958.85,1958.85,1958.85,500,0,1958.85,1957.05,2062.0
8485,2021-03-23 12:48:00,1958.85,1958.85,1958.85,1958.85,500,0,1958.85,1957.05,2062.0
8486,2021-03-23 12:49:00,1958.85,1958.85,1958.85,1958.85,500,0,1958.85,1957.05,2062.0
8487,2021-03-23 12:50:00,1958.85,1958.85,1958.85,1958.85,500,0,1958.85,1957.05,2062.0
8488,2021-03-23 12:51:00,1958.85,1958.85,1958.85,1958.85,500,0,1958.85,1957.05,2062.0
8489,2021-03-23 12:52:00,1958.85,1958.85,1958.85,1958.85,500,0,1958.85,1957.05,2062.0
8490,2021-03-23 12:53:00,1958.85,1958.85,1958.85,1958.85,500,0,1958.85,1957.05,2062.0
8491,2021-03-23 12:54:00,1958.85,1958.85,1958.85,1958.85,500,0,1958.85,1957.05,2062.0
8492,2021-03-23 12:55:00,1958.85,1958.85,1958.85,1958.85,500,0,1958.85,1957.05,2062.0
8493,2021-03-23 12:56:00,1958.85,1958.85,1958.85,1958.85,500,0,1958.85,1957.05,2062.0
8494,2021-03-23 12:57:00,1958.85,1958.85,1958.85,1958.85,500,0,1958.85,1957.05,2062.0
8495,2021-03-23 12:58:00,1958.85,1958.85,1958.85,1958.85,500,0,1958.85,1957.05,2062.0
8496,2021-03-23 12:59:00,1958.85,1958.85,1958.85,1958.85,500,0,1958.85,1957.05,2062.0
8497,2021-03-23 13:00:00,1958.85,1958.85,1958.85,1958.85,500,0,1958.85,1957.05,2062.0
8498,2021-03-23 13:01:00,1958.85,1958.85,1958.85,1958.85,500,0,1958.85,1957.05,2062.0
8499,2021-03-23 13:02:00,1958.85,1958.85,1958.85,1958.85,500,0,1958.85,1957.05,2062.0
8500,2021-03-23 13:03:00,1958.85,1958.85,1958.85,1958.85,500,0,1958.85,1957.05,2062.0
8501,2021-03-23 13:04:00,1958.85,1958.85,1958.85,1958.85,500,0,1958.85,1957.05,2062.0
8502,2021-03-23 13:05:00,1958.85,1958.85,1958.85,1958.85,500,0,1958.85,1957.05,2062.0
8503,2021-03-23 13:06:00,1958.85,1958.85,1958.85,1958.85,500,0,1958.85,1957.05,2062.0
8504,2021-03-23 13:07:00,1958.85,1958.85,1958.85,1958.85,500,0,1958.85,1957.05,2062.0
8505,2021-03-23 13:08:00,1958.85,1958.85,1958.85,1958.85,500,0,1958.85,1957.05,2062.0
8506,2021-03-23 13:09:00,1958.85,1958.85,1958.85,1958.85,500,0,1958.85,1957.05,2062.0
8507,2021-03-23 13:10:00,1958.85,1958.85,1958.85,1958.85,500,0,1958.85,1957.05,2062.0
8508,2021-03-23 13:11:00,1958.85,1958.85,1958.85,1958.85,500,0,1958.85,1957.05,2062.0
8509,2021-03-23 13:12:00,1958.85,1958.85,1958.85,1958.85,500,0,1958.85,1957.05,2062.0
8510,2021-03-23 13:13:00,1958.85,1958.85,1958.85,1958.85,500,0,1958.85,1957.05,2062.0
8511,2021-03-23 13:14:00,1958.85,1958.85,1958.85,1958.85,500,0,1958.85,1957.05,2062.0
8512,2021-03-23 13:15:00,1958.85,1958.85,1958.85,1958.85,500,0,1958.85,1957.05,2062.0
8513,2021-03-23 13:16:00,1958.85,1958.85,1958.85,1958.85,500,0,1958.85,1957.05,2062.0
8514,2021-03-23 13:17:00,1958.85,1958.85,1958.85,1958.85,500,0,1958.85,1957.05,2062.0
8515,2021-03-23 13:18:00,1958.85,1958.85,1958.85,1958.85,500,0,1958.85,1957.05,2062.0
8516,2021-03-23 13:19:00,1958.85,1958.85,1958.85,1958.85,500,0,1958.85,1957.05,2062.0
8517,2021-03-23 13:20:00,1958.85,1958.85,1958.85,1958.85,500,0,1958.85,1957.05,2062.0
8518,2021-03-23 13:21:00,1958.85,1958.85,1958.85,1958.85,500,0,1958.85,1957.05,2062.0
8519,2021-03-23 13:22:00,1958.85,1958.85,1958.85,1958.85,500,0,1958.85,1957.05,2062.0
8520,2021-03-23 13:23:00,1958.85,1958.85,1958.85,1958.85,500,0,1958.85,1957.05,2062.0
8521,2021-03-23 13:24:00,1958.85,1958.85,1958.85,1958.85,500,0,1958.85,1957.05,2062.0
8522,2021-03-23 13:25:00,1958.85,1958.85,1958.85,1958.85,500,0,1958.85,1957.05,2062.0
8523,2021-03-23 13:26:00,1958.85,1958.85,1958.85,1958.85,500,0,1958.85,1957.05,2062.0
8524,2021-03-23 13:27:00,1958.85,1958.85,1958.85,1958.85,500,0,1958.85,1957.05,2062.0
8525,2021-03-23 13:28:00,1958.85,1958.85,1958.85,1958.85,500,0,1958.85,1957.05,2062.0
8526,2021-03-23 13:29:00,1958.85,1958.85,1958.85,1958.85,500,0,1958.85,1957.05,2062.0
8527,2021-03-23 13:30:00,1958.85,1958.85,1958.85,1958.85,500,0,1958.85,1957.05,2062.0
8528,2021-03-23 13:31:00,1958.85,1958.85,1958.85,1958.85,500,0,1958.85,1957.05,2062.0
8529,2021-03-23 13:32:00,1958.85,1958.85,1958.85,1958.85,500,0,1958.85,1957.05,2062.0
8530,2021-03-23 13:33:00,1958.85,1958.85,1958.85,1958.85,500,0,1958.85,1957.05,2062.0
8531,2021-03-23 13:34:00,1958.85,1958.85,1958.85,1958.85,500,0,1958.85,1957.05,2062.0
8532,2021-03-23 13:35:00,1958.85,1958.85,1958.85,1958.85,500,0,1958.85,1957.05,2062.0
8533,2021-03-23 13:36:00,1958.85,1958.85,1958.85,1958.85,500,0,1958.85,1957.05,2062.0
8534,2021-03-23 13:37:00,1958.85,1958.85,1958.85,1958.85,500,0,1958.85,1957.05,2062.0
8535,2021-03-23 13:38:00,1958.85,1958.85,1958.85,1958.85,500,0,1958.85,1957.05,2062.0
8536,2021-03-23 13:39:00,1958.85,1958.85,1958.85,1958.85,500,0,1958.85,1957.05,2062.0
8537,2021-03-23 13:40:00,1958.85,1958.85,1958.85,1958.85,500,0,1958.85,1957.05,2062.0
8538,2021-03-23 13:41:00,1958.85,1958.85,1958.85,1958.85,500,0,1958.85,1957.05,2062.0
8539,2021-03-23 13:42:00,1958.85,1958.85,1958.85,1958.85,500,0,1958.85,1957.05,2062.0
8540,2021-03-23 13:43:00,1958.85,1958.85,1958.85,1958.85,500,0,1958.85,1957.05,2062.0
8541,2021-03-23 13:44:00,1958.85,1958.85,1958.85,1958.85,500,0,1958.85,1957.05,2062.0
8542,2021-03-23 13:45:00,1958.85,1958.85,1958.85,1958.85,500,0,1958.85,1957.05,2062.0
8543,2021-03-23 13:46:00,1958.85,1958.85,1958.85,1958.85,500,0,1958.85,1957.05,2062.0
8544,2021-03-23 13:47:00,1958.85,1958.85,1958.85,1958.85,500,0,1958.85,1957.05,2062.0
8545,2021-03-23 13:48:00,1958.85,1958.85,1958.85,1958.85,500,0,1958.85,1957.05,2062.0
8546,2021-03-23 13:49:00,1958.85,1958.85,1958.85,1958.85,500,0,1958.85,1957.05,2062.0
8547,2021-03-23 13:50:00,1958.85,1958.85,1958.85,1958.85,500,0,1958.85,1957.05,2062.0
8548,2021-03-23 13:51:00,1958.85,1958.85,1958.85,1958.85,500,0,1958.85,1957.05,2062.0
8549,2021-03-23 13:52:00,1958.85,1958.85,1958.85,1958.85,500,0,1958.85,1957.05,2062.0
8550,2021-03-23 13:53:00,1958.85,1958.85,1958.85,1958.85,500,0,1958.85,1957.05,2062.0
8551,2021-03-23 13:54:00,1958.85,1958.85,1958.85,1958.85,500,0,1958.85,1957.05,2062.0
8552,2021-03-23 13:55:00,1958.85,1958.85,1958.85,1958.85,500,0,1958.85,1957.05,2062.0
8553,2021-03-23 13:56:00,1958.85,1958.85,1958.85,1958.85,500,0,1958.85,1957.05,2062.0
8554,2021-03-23 13:57:00,1958.85,1958.85,1958.85,1958.85,500,0,1958.85,1957.05,2062.0
8555,2021-03-23 13:58:00,1958.85,1958.85,1958.85,1958.85,500,0,1958.85,1957.05,2062.0
8556,2021-03-23 13:59:00,1958.85,1958.85,1958.85,1958.85,500,0,1958.85,1957.05,2062.0
8557,2021-03-23 14:00:00,1958.85,1958.85,1958.85,1958.85,500,0,1958.85,1957.05,2062.0
8558,2021-03-23 14:01:00,1958.85,1958.85,1958.85,1958.85,500,0,1958.85,1957.05,2062.0
8559,2021-03-23 14:02:00,1958.85,1958.85,1958.85,1958.85,500,0,1958.85,1957.05,2062.0
8560,2021-03-23 14:03:00,1958.85,1958.85,1958.85,1958.85,500,0,1958.85,1957.05,2062.0
8561,2021-03-23 14:04:00,1958.85,1958.85,1958.85,1958.85,500,0,1958.85,1957.05,2062.0
8562,2021-03-23 14:05:00,1958.85,1958.85,1958.85,1958.85,500,0,1958.85,1957.05,2062.0
8563,2021-03-23 14:06:00,1958.85,1958.85,1958.85,1958.85,500,0,1958.85,1957.05,2062.0
8564,2021-03-23 14:07:00,1958.85,1958.85,1958.85,1958.85,500,0,1958.85,1957.05,2062.0
8565,2021-03-23 14:08:00,1958.85,1958.85,1958.85,1958.85,500,0,1958.85,1957.05,2062.0
8566,2021-03-23 14:09:00,1958.85,1958.85,1958.85,1958.85,500,0,1958.85,1957.05,2062.0
8567,2021-03-23 14:10:00,1958.85,1958.85,1958.85,1958.85,500,0,1958.85,1957.05,2062.0
8568,2021-03-23 14:11:00,1958.85,1958.85,1958.85,1958.85,500,0,1958.85,1957.05,2062.0
8569,2021-03-23 14:12:00,1958.85,1958.85,1958.85,1958.85,500,0,1958.85,1957.05,2062.0
8570,2021-03-23 14:13:00,1958.85,1958.85,1958.85,1958.85,500,0,1958.85,1957.05,2062.0
8571,2021-03-23 14:14:00,1958.85,1958.85,1958.85,1958.85,500,0,1958.85,1957.05,2062.0
8572,2021-03-23 14:15:00,1958.85,1958.85,1958.85,1958.85,500,0,1958.85,1957.05,2062.0
8573,2021-03-23 14:16:00,1958.85,1958.85,1958.85,1958.85,500,0,1958.85,1957.05,2062.0
8574,2021-03-23 14:17:00,1958.85,1958.85,1958.85,1958.85,500,0,1958.85,1957.05,2062.0
8575,2021-03-23 14:18:00,1958.85,1958.85,1958.85,1958.85,500,0,1958.85,1957.05,2062.0
8576,2021-03-23 14:19:00,1958.85,1958.85,1958.85,1958.85,500,0,1958.85,1957.05,2062.0
8577,2021-03-23 14:20:00,1958.85,1958.85,1958.85,1958.85,500,0,1958.85,1957.05,2062.0
8578,2021-03-23 14:21:00,1958.85,1958.85,1958.85,1958.85,500,0,1958.85,1957.05,2062.0
8579,2021-03-23 14:22:00,1958.85,1958.85,1958.85,1958.85,500,0,1958.85,1957.05,2062.0
8580,2021-03-23 14:23:00,1958.85,1958.85,1958.85,1958.85,500,0,1958.85,1957.05,2062.0
8581,2021-03-23 14:24:00,1958.85,1958.85,1958.85,1958.85,500,0,1958.85,1957.05,2062.0
8582,2021-03-23 14:25:00,1958.85,1958.85,1958.85,1958.85,500,0,1958.85,1957.05,2062.0
8583,2021-03-23 14:26:00,1958.85,1958.85,1958.85,1958.85,500,0,1958.85,1957.05,2062.0
8584,2021-03-23 14:27:00,1958.85,1958.85,1958.85,1958.85,500,0,1958.85,1957.05,2062.0
8585,2021-03-23 14:28:00,1958.85,1958.85,1958.85,1958.85,500,0,1958.85,1957.05,2062.0
8586,2021-03-23 14:29:00,1958.85,1958.85,1958.85,1958.85,500,0,1958.85,1957.05,2062.0
8587,2021-03-23 14:30:00,1958.85,1958.85,1958.85,1958.85,500,0,1958.85,1957.05,2062.0
8588,2021-03-23 14:31:00,1958.85,1958.85,1958.85,1958.85,500,0,1958.85,1957.05,2062.0
8589,2021-03-23 14:32:00,1958.85,1958.85,1958.85,1958.85,500,0,1958.85,1957.05,2062.0
8590,2021-03-23 14:33:00,1958.85,1958.85,1958.85,1958.85,500,0,1958.85,1957.05,2062.0
8591,2021-03-23 14:34:00,1958.85,1958.85,1958.85,1958.85,500,0,1958.85,1957.05,2062.0
8592,2021-03-23 14:35:00,1958.85,1958.85,1958.85,1958.85,500,0,1958.85,1957.05,2062.0
8593,2021-03-23 14:36:00,1958.85,1958.85,1958.85,1958.85,500,0,1958.85,1957.05,2062.0
8594,2021-03-23 14:37:00,1958.85,1958.85,1958.85,1958.85,500,0,1958.85,1957.05,2062.0
8595,2021-03-23 14:38:00,1958.85,1958.85,1958.85,1958.85,500,0,1958.85,1957.05,2062.0
8596,2021-03-23 14:39:00,1958.85,1958.85,1958.85,1958.85,500,0,1958.85,1957.05,2062.0
8597,2021-03-23 14:40:00,1958.85,1958.85,1958.85,1958.85,500,0,1958.85,1957.05,2062.0
8598,2021-03-23 14:41:00,1958.85,1958.85,1958.85,1958.85,500,0,1958.85,1957.05,2062.0
8599,2021-03-23 14:42:00,1958.85,1958.85,1958.85,1958.85,500,0,1958.85,1957.05,2062.0
8600,2021-03-23 14:43:00,1958.85,1958.85,1958.85,1958.85,500,0,1958.85,1957.05,2062.0
8601,2021-03-23 14:44:00,1958.85,1958.85,1958.85,1958.85,500,0,1958.85,1957.05,2062.0
8602,2021-03-23 14:45:00,1958.85,1958.85,1958.85,1958.85,500,0,1958.85,1957.05,2062.0
8603,2021-03-23 14:46:00,1958.85,1958.85,1958.85,1958.85,500,0,1958.85,1957.05,2062.0
8604,2021-03-23 14:47:00,1958.85,1958.85,1958.85,1958.85,500,0,1958.85,1957.05,2062.0
8605,2021-03-23 14:48:00,1958.85,1958.85,1958.85,1958.85,500,0,1958.85,1957.05,2062.0
8606,2021-03-23 14:49:00,1958.85,1958.85,1958.85,1958.85,500,0,1958.85,1957.05,2062.0
8607,2021-03-23 14:50:00,1958.85,1958.85,1958.85,1958.85,500,0,1958.85,1957.05,2062.0
8608,2021-03-23 14:51:00,1958.85,1958.85,1958.85,1958.85,500,0,1958.85,1957.05,2062.0
8609,2021-03-23 14:52:00,1958.85,1958.85,1958.85,1958.85,500,0,1958.85,1957.05,2062.0
8610,2021-03-23 14:53:00,1958.85,1958.85,1958.85,1958.85,500,0,1958.85,1957.05,2062.0
8611,2021-03-23 14:54:00,1958.85,1958.85,1958.85,1958.85,500,0,1958.85,1957.05,2062.0
8612,2021-03-23 14:55:00,1958.85,1958.85,1958.85,1958.85,500,0,1958.85,1957.05,2062.0
8613,2021-03-23 14:56:00,1958.85,1958.85,1958.85,1958.85,500,0,1958.85,1957.05,2062.0
8614,2021-03-23 14:57:00,1958.85,1958.85,1958.85,1958.85,500,0,1958.85,1957.05,2062.0
8615,2021-03-23 14:58:00,1958.85,1958.85,1958.85,1958.85,500,0,1958.85,1957.05,2062.0
8616,2021-03-23 14:59:00,1958.85,1958.85,1958.85,1958.85,500,0,1958.85,1957.05,2062.0
8617,2021-03-23 15:00:00,1958.85,1958.85,1958.85,1958.85,500,0,1958.85,1957.05,2062.0
8618,2021-03-23 15:01:00,1958.85,1958.85,1958.85,1958.85,500,0,1958.85,1957.05,2062.0
8619,2021-03-23 15:02:00,1958.85,1958.85,1958.85,1958.85,500,0,1958.85,1957.05,2062.0
8620,2021-03-23 15:03:00,1958.85,1958.85,1958.85,1958.85,500,0,1958.85,1957.05,2062.0
8621,2021-03-23 15:04:00,1958.85,1958.85,1958.85,1958.85,500,0,1958.85,1957.05,2062.0
8622,2021-03-23 15:05:00,1958.85,1958.85,1958.85,1958.85,500,0,1958.85,1957.05,2062.0
8623,2021-03-23 15:06:00,1958.85,1958.85,1958.85,1958.85,500,0,1958.85,1957.05,2062.0
8624,2021-03-23 15:07:00,1958.85,1958.85,1958.85,1958.85,500,0,1958.85,1957.05,2062.0
8625,2021-03-23 15:08:00,1958.85,1958.85,1958.85,1958.85,500,0,1958.85,1957.05,2062.0
8626,2021-03-23 15:09:00,1958.85,1958.85,1958.85,1958.85,500,0,1958.85,1957.05,2062.0
8627,2021-03-23 15:10:00,1958.85,1958.85,1958.85,1958.85,500,0,1958.85,1957.05,2062.0
8628,2021-03-23 15:11:00,1958.85,1958.85,1958.85,1958.85,500,0,1958.85,1957.05,2062.0
8629,2021-03-23 15:12:00,1958.85,1958.85,1958.85,1958.85,500,0,1958.85,1957.05,2062.0
8630,2021-03-23 15:13:00,1958.85,1958.85,1958.85,1958.85,500,0,1958.85,1957.05,2062.0
8631,2021-03-23 15:14:00,1958.85,1958.85,1958.85,1958.85,500,0,1958.85,1957.05,2062.0
8632,2021-03-23 15:15:00,1958.85,1958.85,1958.85,1958.85,500,0,1958.85,1957.05,2062.0
8633,2021-03-23 15:16:00,1958.85,1958.85,1958.85,1958.85,500,0,1958.85,1957.05,2062.0
8634,2021-03-23 15:17:00,1958.85,1958.85,1958.85,1958.85,500,0,1958.85,1957.05,2062.0
8635,2021-03-23 15:18:00,1958.85,1958.85,1958.85,1958.85,500,0,1958.85,1957.05,2062.0
8636,2021-03-23 15:19:00,1958.85,1958.85,1958.85,1958.85,500,0,1958.85,1957.05,2062.0
8637,2021-03-23 15:20:00,1958.85,1958.85,1958.85,1958.85,500,0,1958.85,1957.05,2062.0
8638,2021-03-23 15:21:00,1958.85,1958.85,1958.85,1958.85,500,0,1958.85,1957.05,2062.0
8639,2021-03-23 15:22:00,1958.85,1958.85,1958.85,1958.85,500,0,1958.85,1957.05,2062.0
8640,2021-03-23 15:23:00,1958.85,1958.85,1958.85,1958.85,500,0,1958.85,1957.05,2062.0
8641,2021-03-23 15:24:00,1958.85,1958.85,1958.85,1958.85,500,0,1958.85,1957.05,2062.0
8642,2021-03-23 15:25:00,1958.85,1958.85,1958.85,1958.85,500,0,1958.85,1957.05,2062.0
8643,2021-03-23 15:26:00,1958.85,1958.85,1958.85,1958.85,500,0,1958.85,1957.05,2062.0
8644,2021-03-23 15:27:00,1958.85,1958.85,1958.85,1958.85,500,0,1958.85,1957.05,2062.0
8645,2021-03-23 15:28:00,1958.85,1958.85,1958.85,1958.85,500,0,1958.85,1957.05,2062.0
8646,2021-03-23 15:29:00,1958.85,1958.85,1958.85,1958.85,500,0,1958.85,1957.05,2062.0
8647,2021-03-23 15:30:00,1958.85,1958.85,1958.85,1958.85,500,0,1958.85,1957.05,2062.0
8648,2021-03-24 09:15:00,1958.85,1958.85,1958.85,1958.85,500,0,1958.85,1957.05,2062.0
8649,2021-03-24 09:16:00,1958.85,1958.85,1958.85,1958.85,500,0,1958.85,1957.05,2062.0
8650,2021-03-24 09:17:00,1958.85,1958.85,1958.85,1958.85,500,0,1958.85,1957.05,2062.0
8651,2021-03-24 09:18:00,1958.85,1958.85,1958.85,1958.85,500,0,1958.85,1957.05,2062.0
8652,2021-03-24 09:19:00,1958.85,1958.85,1958.85,1958.85,500,0,1958.85,1957.05,2062.0
8653,2021-03-24 09:20:00,1958.85,1958.85,1958.85,1958.85,500,0,1958.85,1957.05,2062.0
8654,2021-03-24 09:21:00,1958.85,1958.85,1958.85,1958.85,500,0,1958.85,1957.05,2062.0
8655,2021-03-24 09:22:00,1958.85,1958.85,1958.85,1958.85,500,0,1958.85,1957.05,2062.0
8656,2021-03-24 09:23:00,1958.85,1958.85,1958.85,1958.85,500,0,1958.85,1957.05,2062.0
8657,2021-03-24 09:24:00,1958.85,1958.85,1958.85,1958.85,500,0,1958.85,1957.05,2062.0
8658,2021-03-24 09:25:00,1958.85,1958.85,1958.85,1958.85,500,0,1958.85,1957.05,2062.0
8659,2021-03-24 09:26:00,1958.85,1958.85,1958.85,1958.85,500,0,1958.85,1957.05,2062.0
8660,2021-03-24 09:27:00,1958.85,1958.85,1958.85,1958.85,500,0,1958.85,1957.05,2062.0
8661,2021-03-24 09:28:00,1958.85,1958.85,1958.85,1958.85,500,0,1958.85,1957.05,2062.0
8662,2021-03-24 09:29:00,1958.85,1958.85,1958.85,1958.85,500,0,1958.85,1957.05,2062.0
8663,2021-03-24 09:30:00,1958.85,1958.85,1958.85,1958.85,500,0,1958.85,1957.05,2062.0
8664,2021-03-24 09:31:00,1958.85,1958.85,1958.85,1958.85,500,0,1958.85,1957.05,2062.0
8665,2021-03-24 09:32:00,1958.85,1958.85,1958.85,1958.85,500,0,1958.85,1957.05,2062.0
8666,2021-03-24 09:33:00,1958.85,1958.85,1958.85,1958.85,500,0,1958.85,1957.05,2062.0
8667,2021-03-24 09:34:00,1958.85,1958.85,1958.85,1958.85,500,0,1958.85,1957.05,2062.0
8668,2021-03-24 09:35:00,1958.85,1958.85,1958.85,1958.85,500,0,1958.85,1957.05,2062.0
8669,2021-03-24 09:36:00,1958.85,1958.85,1958.85,1958.85,500,0,1958.85,1957.05,2062.0
8670,2021-03-24 09:37:00,1958.85,1958.85,1958.85,1958.85,500,0,1958.85,1957.05,2062.0
8671,2021-03-24 09:38:00,1958.85,1958.85,1958.85,1958.85,500,0,1958.85,1957.05,2062.0
8672,2021-03-24 09:39:00,1958.85,1958.85,1958.85,1958.85,500,0,1958.85,1957.05,2062.0
8673,2021-03-24 09:40:00,1958.85,1958.85,1958.85,1958.85,500,0,1958.85,1957.05,2062.0
8674,2021-03-24 09:41:00,1958.85,1958.85,1958.85,1958.85,500,0,1958.85,1957.05,2062.0
8675,2021-03-24 09:42:00,1958.85,1958.85,1958.85,1958.85,500,0,1958.85,1957.05,2062.0
8676,2021-03-24 09:43:00,1958.85,1958.85,1958.85,1958.85,500,0,1958.85,1957.05,2062.0
8677,2021-03-24 09:44:00,1958.85,1958.85,1958.85,1958.85,500,0,1958.85,1957.05,2062.0
8678,2021-03-24 09:45:00,1958.85,1958.85,1958.85,1958.85,500,0,1958.85,1957.05,2062.0
8679,2021-03-24 09:46:00,1958.85,1958.85,1958.85,1958.85,500,0,1958.85,1957.05,2062.0
8680,2021-03-24 09:47:00,1958.85,1958.85,1958.85,1958.85,500,0,1958.85,1957.05,2062.0
8681,2021-03-24 09:48:00,1958.85,1958.85,1958.85,1958.85,500,0,1958.85,1957.05,2062.0
8682,2021-03-24 09:49:00,1958.85,1958.85,1958.85,1958.85,500,0,1958.85,1957.05,2062.0
8683,2021-03-24 09:50:00,1958.85,1958.85,1958.85,1958.85,500,0,1958.85,1957.05,2062.0
8684,2021-03-24 09:51:00,1958.85,1958.85,1958.85,1958.85,500,0,1958.85,1957.05,2062.0
8685,2021-03-24 09:52:00,1958.85,1958.85,1958.85,1958.85,500,0,1958.85,1957.05,2062.0
8686,2021-03-24 09:53:00,1958.85,1958.85,1958.85,1958.85,500,0,1958.85,1957.05,2062.0
8687,2021-03-24 09:54:00,1958.85,1958.85,1958.85,1958.85,500,0,1958.85,1957.05,2062.0
8688,2021-03-24 09:55:00,1958.85,1958.85,1958.85,1958.85,500,0,1958.85,1957.05,2062.0
8689,2021-03-24 09:56:00,1958.85,1958.85,1958.85,1958.85,500,0,1958.85,1957.05,2062.0
8690,2021-03-24 09:57:00,1958.85,1958.85,1958.85,1958.85,500,0,1958.85,1957.05,2062.0
8691,2021-03-24 09:58:00,1958.85,1958.85,1958.85,1958.85,500,0,1958.85,1957.05,2062.0
8692,2021-03-24 09:59:00,1958.85,1958.85,1958.85,1958.85,500,0,1958.85,1957.05,2062.0
8693,2021-03-24 10:00:00,1958.85,1958.85,1958.85,1958.85,500,0,1958.85,1957.05,2062.0
8694,2021-03-24 10:01:00,1958.85,1958.85,1958.85,1958.85,500,0,1958.85,1957.05,2062.0
8695,2021-03-24 10:02:00,1958.85,1958.85,1958.85,1958.85,500,0,1958.85,1957.05,2062.0
8696,2021-03-24 10:03:00,1958.85,1958.85,1958.85,1958.85,500,0,1958.85,1957.05,2062.0
8697,2021-03-24 10:04:00,1958.85,1958.85,1958.85,1958.85,500,0,1958.85,1957.05,2062.0
8698,2021-03-24 10:05:00,1958.85,1958.85,1958.85,1958.85,500,0,1958.85,1957.05,2062.0
8699,2021-03-24 10:06:00,1958.85,1958.85,1958.85,1958.85,500,0,1958.85,1957.05,2062.0
8700,2021-03-24 10:07:00,1958.85,1958.85,1958.85,1958.85,500,0,1958.85,1957.05,2062.0
8701,2021-03-24 10:08:00,1958.85,1958.85,1958.85,1958.85,500,0,1958.85,1957.05,2062.0
8702,2021-03-24 10:09:00,1958.85,1958.85,1958.85,1958.85,500,0,1958.85,1957.05,2062.0
8703,2021-03-24 10:10:00,1958.85,1958.85,1958.85,1958.85,500,0,1958.85,1957.05,2062.0
8704,2021-03-24 10:11:00,1958.85,1958.85,1958.85,1958.85,500,0,1958.85,1957.05,2062.0
8705,2021-03-24 10:12:00,1958.85,1958.85,1958.85,1958.85,500,0,1958.85,1957.05,2062.0
8706,2021-03-24 10:13:00,1958.85,1958.85,1958.85,1958.85,500,0,1958.85,1957.05,2062.0
8707,2021-03-24 10:14:00,1958.85,1958.85,1958.85,1958.85,500,0,1958.85,1957.05,2062.0
8708,2021-03-24 10:15:00,1958.85,1958.85,1958.85,1958.85,500,0,1958.85,1957.05,2062.0
8709,2021-03-24 10:16:00,1958.85,1958.85,1958.85,1958.85,500,0,1958.85,1957.05,2062.0
8710,2021-03-24 10:17:00,1958.85,1958.85,1958.85,1958.85,500,0,1958.85,1957.05,2062.0
8711,2021-03-24 10:18:00,1958.85,1958.85,1958.85,1958.85,500,0,1958.85,1957.05,2062.0
8712,2021-03-24 10:19:00,1958.85,1958.85,1958.85,1958.85,500,0,1958.85,1957.05,2062.0
8713,2021-03-24 10:20:00,1958.85,1958.85,1958.85,1958.85,500,0,1958.85,1957.05,2062.0
8714,2021-03-24 10:21:00,1958.85,1958.85,1958.85,1958.85,500,0,1958.85,1957.05,2062.0
8715,2021-03-24 10:22:00,1958.85,1958.85,1958.85,1958.85,500,0,1958.85,1957.05,2062.0
8716,2021-03-24 10:23:00,1958.85,1958.85,1958.85,1958.85,500,0,1958.85,1957.05,2062.0
8717,2021-03-24 10:24:00,1958.85,1958.85,1958.85,1958.85,500,0,1958.85,1957.05,2062.0
8718,2021-03-24 10:25:00,1958.85,1958.85,1958.85,1958.85,500,0,1958.85,1957.05,2062.0
8719,2021-03-24 10:26:00,1958.85,1958.85,1958.85,1958.85,500,0,1958.85,1957.05,2062.0
8720,2021-03-24 10:27:00,1958.85,1958.85,1958.85,1958.85,500,0,1958.85,1957.05,2062.0
8721,2021-03-24 10:28:00,1958.85,1958.85,1958.85,1958.85,500,0,1958.85,1957.05,2062.0
8722,2021-03-24 10:29:00,1958.85,1958.85,1958.85,1958.85,500,0,1958.85,1957.05,2062.0
8723,2021-03-24 10:30:00,1958.85,1958.85,1958.85,1958.85,500,0,1958.85,1957.05,2062.0
8724,2021-03-24 10:31:00,1958.85,1958.85,1958.85,1958.85,500,0,1958.85,1957.05,2062.0
8725,2021-03-24 10:32:00,1958.85,1958.85,1958.85,1958.85,500,0,1958.85,1957.05,2062.0
8726,2021-03-24 10:33:00,1958.85,1958.85,1958.85,1958.85,500,0,1958.85,1957.05,2062.0
8727,2021-03-24 10:34:00,1958.85,1958.85,1958.85,1958.85,500,0,1958.85,1957.05,2062.0
8728,2021-03-24 10:35:00,1958.85,1958.85,1958.85,1958.85,500,0,1958.85,1957.05,2062.0
8729,2021-03-24 10:36:00,1958.85,1958.85,1958.85,1958.85,500,0,1958.85,1957.05,2062.0
8730,2021-03-24 10:37:00,1958.85,1958.85,1958.85,1958.85,500,0,1958.85,1957.05,2062.0
8731,2021-03-24 10:38:00,1958.85,1958.85,1958.85,1958.85,500,0,1958.85,1957.05,2062.0
8732,2021-03-24 10:39:00,1958.85,1958.85,1958.85,1958.85,500,0,1958.85,1957.05,2062.0
8733,2021-03-24 10:40:00,1958.85,1958.85,1958.85,1958.85,500,0,1958.85,1957.05,2062.0
8734,2021-03-24 10:41:00,1958.85,1958.85,1958.85,1958.85,500,0,1958.85,1957.05,2062.0
8735,2021-03-24 10:42:00,1958.85,1958.85,1958.85,1958.85,500,0,1958.85,1957.05,2062.0
8736,2021-03-24 10:43:00,1958.85,1958.85,1958.85,1958.85,500,0,1958.85,1957.05,2062.0
8737,2021-03-24 10:44:00,1958.85,1958.85,1958.85,1958.85,500,0,1958.85,1957.05,2062.0
8738,2021-03-24 10:45:00,1958.85,1958.85,1958.85,1958.85,500,0,1958.85,1957.05,2062.0
8739,2021-03-24 10:46:00,1958.85,1958.85,1958.85,1958.85,500,0,1958.85,1957.05,2062.0
8740,2021-03-24 10:47:00,1958.85,1958.85,1958.85,1958.85,500,0,1958.85,1957.05,2062.0
8741,2021-03-24 10:48:00,1958.85,1958.85,1958.85,1958.85,500,0,1958.85,1957.05,2062.0
8742,2021-03-24 10:49:00,1958.85,1958.85,1958.85,1958.85,500,0,1958.85,1957.05,2062.0
8743,2021-03-24 10:50:00,1958.85,1958.85,1958.85,1958.85,500,0,1958.85,1957.05,2062.0
8744,2021-03-24 10:51:00,1958.85,1958.85,1958.85,1958.85,500,0,1958.85,1957.05,2062.0
8745,2021-03-24 10:52:00,1958.85,1958.85,1958.85,1958.85,500,0,1958.85,1957.05,2062.0
8746,2021-03-24 10:53:00,1958.85,1958.85,1958.85,1958.85,500,0,1958.85,1957.05,2062.0
8747,2021-03-24 10:54:00,1958.85,1958.85,1958.85,1958.85,500,0,1958.85,1957.05,2062.0
8748,2021-03-24 10:55:00,1958.85,1958.85,1958.85,1958.85,500,0,1958.85,1957.05,2062.0
8749,2021-03-24 10:56:00,1958.85,1958.85,1958.85,1958.85,500,0,1958.85,1957.05,2062.0
8750,2021-03-24 10:57:00,1958.85,1958.85,1958.85,1958.85,500,0,1958.85,1957.05,2062.0
8751,2021-03-24 10:58:00,1958.85,1958.85,1958.85,1958.85,500,0,1958.85,1957.05,2062.0
8752,2021-03-24 10:59:00,1958.85,1958.85,1958.85,1958.85,500,0,1958.85,1957.05,2062.0
8753,2021-03-24 11:00:00,1958.85,1958.85,1958.85,1958.85,500,0,1958.85,1957.05,2062.0
8754,2021-03-24 11:01:00,1958.85,1958.85,1958.85,1958.85,500,0,1958.85,1957.05,2062.0
8755,2021-03-24 11:02:00,1958.85,1958.85,1958.85,1958.85,500,0,1958.85,1957.05,2062.0
8756,2021-03-24 11:03:00,1958.85,1958.85,1958.85,1958.85,500,0,1958.85,1957.05,2062.0
8757,2021-03-24 11:04:00,1958.85,1958.85,1958.85,1958.85,500,0,1958.85,1957.05,2062.0
8758,2021-03-24 11:05:00,1958.85,1958.85,1958.85,1958.85,500,0,1958.85,1957.05,2062.0
8759,2021-03-24 11:06:00,1958.85,1958.85,1958.85,1958.85,500,0,1958.85,1957.05,2062.0
8760,2021-03-24 11:07:00,1958.85,1958.85,1958.85,1958.85,500,0,1958.85,1957.05,2062.0
8761,2021-03-24 11:08:00,1958.85,1958.85,1958.85,1958.85,500,0,1958.85,1957.05,2062.0
8762,2021-03-24 11:09:00,1958.85,1958.85,1958.85,1958.85,500,0,1958.85,1957.05,2062.0
8763,2021-03-24 11:10:00,1958.85,1958.85,1958.85,1958.85,500,0,1958.85,1957.05,2062.0
8764,2021-03-24 11:11:00,1958.85,1958.85,1958.85,1958.85,500,0,1958.85,1957.05,2062.0
8765,2021-03-24 11:12:00,1958.85,1958.85,1958.85,1958.85,500,0,1958.85,1957.05,2062.0
8766,2021-03-24 11:13:00,1958.85,1958.85,1958.85,1958.85,500,0,1958.85,1957.05,2062.0
8767,2021-03-24 11:14:00,1958.85,1958.85,1958.85,1958.85,500,0,1958.85,1957.05,2062.0
8768,2021-03-24 11:15:00,1958.85,1958.85,1958.85,1958.85,500,0,1958.85,1957.05,2062.0
8769,2021-03-24 11:16:00,1958.85,1958.85,1958.85,1958.85,500,0,1958.85,1957.05,2062.0
8770,2021-03-24 11:17:00,1958.85,1958.85,1958.85,1958.85,500,0,1958.85,1957.05,2062.0
8771,2021-03-24 11:18:00,1958.85,1958.85,1958.85,1958.85,500,0,1958.85,1957.05,2062.0
8772,2021-03-24 11:19:00,1958.85,1958.85,1958.85,1958.85,500,0,1958.85,1957.05,2062.0
8773,2021-03-24 11:20:00,1958.85,1958.85,1958.85,1958.85,500,0,1958.85,1957.05,2062.0
8774,2021-03-24 11:21:00,1958.85,1958.85,1958.85,1958.85,500,0,1958.85,1957.05,2062.0
8775,2021-03-24 11:22:00,1958.85,1958.85,1958.85,1958.85,500,0,1958.85,1957.05,2062.0
8776,2021-03-24 11:23:00,1958.85,1958.85,1958.85,1958.85,500,0,1958.85,1957.05,2062.0
8777,2021-03-24 11:24:00,1958.85,1958.85,1958.85,1958.85,500,0,1958.85,1957.05,2062.0
8778,2021-03-24 11:25:00,1958.85,1958.85,1958.85,1958.85,500,0,1958.85,1957.05,2062.0
8779,2021-03-24 11:26:00,1958.85,1958.85,1958.85,1958.85,500,0,1958.85,1957.05,2062.0
8780,2021-03-24 11:27:00,1958.85,1958.85,1958.85,1958.85,500,0,1958.85,1957.05,2062.0
8781,2021-03-24 11:28:00,1958.85,1958.85,1958.85,1958.85,500,0,1958.85,1957.05,2062.0
8782,2021-03-24 11:29:00,1958.85,1958.85,1958.85,1958.85,500,0,1958.85,1957.05,2062.0
8783,2021-03-24 11:30:00,1958.85,1958.85,1958.85,1958.85,500,0,1958.85,1957.05,2062.0
8784,2021-03-24 11:31:00,1958.85,1958.85,1958.85,1958.85,500,0,1958.85,1957.05,2062.0
8785,2021-03-24 11:32:00,1958.85,1958.85,1958.85,1958.85,500,0,1958.85,1957.05,2062.0
8786,2021-03-24 11:33:00,1958.85,1958.85,1958.85,1958.85,500,0,1958.85,1957.05,2062.0
8787,2021-03-24 11:34:00,1958.85,1958.85,1958.85,1958.85,500,0,1958.85,1957.05,2062.0
8788,2021-03-24 11:35:00,1958.85,1958.85,1958.85,1958.85,500,0,1958.85,1957.05,2062.0
8789,2021-03-24 11:36:00,1958.85,1958.85,1958.85,1958.85,500,0,1958.85,1957.05,2062.0
8790,2021-03-24 11:37:00,1958.85,1958.85,1958.85,1958.85,500,0,1958.85,1957.05,2062.0
8791,2021-03-24 11:38:00,1958.85,1958.85,1958.85,1958.85,500,0,1958.85,1957.05,2062.0
8792,2021-03-24 11:39:00,1958.85,1958.85,1958.85,1958.85,500,0,1958.85,1957.05,2062.0
8793,2021-03-24 11:40:00,1958.85,1958.85,1958.85,1958.85,500,0,1958.85,1957.05,2062.0
8794,2021-03-24 11:41:00,1958.85,1958.85,1958.85,1958.85,500,0,1958.85,1957.05,2062.0
8795,2021-03-24 11:42:00,1958.85,1958.85,1958.85,1958.85,500,0,1958.85,1957.05,2062.0
8796,2021-03-24 11:43:00,1958.85,1958.85,1958.85,1958.85,500,0,1958.85,1957.05,2062.0
8797,2021-03-24 11:44:00,1958.85,1958.85,1958.85,1958.85,500,0,1958.85,1957.05,2062.0
8798,2021-03-24 11:45:00,1958.85,1958.85,1958.85,1958.85,500,0,1958.85,1957.05,2062.0
8799,2021-03-24 11:46:00,1958.85,1958.85,1958.85,1958.85,500,0,1958.85,1957.05,2062.0
8800,2021-03-24 11:47:00,1958.85,1958.85,1958.85,1958.85,500,0,1958.85,1957.05,2062.0
8801,2021-03-24 11:48:00,1958.85,1958.85,1958.85,1958.85,500,0,1958.85,1957.05,2062.0
8802,2021-03-24 11:49:00,1958.85,1958.85,1958.85,1958.85,500,0,1958.85,1957.05,2062.0
8803,2021-03-24 11:50:00,1958.85,1958.85,1958.85,1958.85,500,0,1958.85,1957.05,2062.0
8804,2021-03-24 11:51:00,1958.85,1958.85,1958.85,1958.85,500,0,1958.85,1957.05,2062.0
8805,2021-03-24 11:52:00,1958.85,1958.85,1958.85,1958.85,500,0,1958.85,1957.05,2062.0
8806,2021-03-24 11:53:00,1958.85,1958.85,1958.85,1958.85,500,0,1958.85,1957.05,2062.0
8807,2021-03-24 11:54:00,1958.85,1958.85,1958.85,1958.85,500,0,1958.85,1957.05,2062.0
8808,2021-03-24 11:55:00,1958.85,1958.85,1958.85,1958.85,500,0,1958.85,1957.05,2062.0
8809,2021-03-24 11:56:00,1958.85,1958.85,1958.85,1958.85,500,0,1958.85,1957.05,2062.0
8810,2021-03-24 11:57:00,1958.85,1958.85,1958.85,1958.85,500,0,1958.85,1957.05,2062.0
8811,2021-03-24 11:58:00,1958.85,1958.85,1958.85,1958.85,500,0,1958.85,1957.05,2062.0
8812,2021-03-24 11:59:00,1958.85,1958.85,1958.85,1958.85,500,0,1958.85,1957.05,2062.0
8813,2021-03-24 12:00:00,1958.85,1958.85,1958.85,1958.85,500,0,1958.85,1957.05,2062.0
8814,2021-03-24 12:01:00,1958.85,1958.85,1958.85,1958.85,500,0,1958.85,1957.05,2062.0
8815,2021-03-24 12:02:00,1958.85,1958.85,1958.85,1958.85,500,0,1958.85,1957.05,2062.0
8816,2021-03-24 12:03:00,1958.85,1958.85,1958.85,1958.85,500,0,1958.85,1957.05,2062.0
8817,2021-03-24 12:04:00,1958.85,1958.85,1958.85,1958.85,500,0,1958.85,1957.05,2062.0
8818,2021-03-24 12:05:00,1958.85,1958.85,1958.85,1958.85,500,0,1958.85,1957.05,2062.0
8819,2021-03-24 12:06:00,1958.85,1958.85,1958.85,1958.85,500,0,1958.85,1957.05,2062.0
8820,2021-03-24 12:07:00,1958.85,1958.85,1958.85,1958.85,500,0,1958.85,1957.05,2062.0
8821,2021-03-24 12:08:00,1958.85,1958.85,1958.85,1958.85,500,0,1958.85,1957.05,2062.0
8822,2021-03-24 12:09:00,1958.85,1958.85,1958.85,1958.85,500,0,1958.85,1957.05,2062.0
8823,2021-03-24 12:10:00,1958.85,1958.85,1958.85,1958.85,500,0,1958.85,1957.05,2062.0
8824,2021-03-24 12:11:00,1958.85,1958.85,1958.85,1958.85,500,0,1958.85,1957.05,2062.0
8825,2021-03-24 12:12:00,1958.85,1958.85,1958.85,1958.85,500,0,1958.85,1957.05,2062.0
8826,2021-03-24 12:13:00,1958.85,1958.85,1958.85,1958.85,500,0,1958.85,1957.05,2062.0
8827,2021-03-24 12:14:00,1958.85,1958.85,1958.85,1958.85,500,0,1958.85,1957.05,2062.0
8828,2021-03-24 12:15:00,1958.85,1958.85,1958.85,1958.85,500,0,1958.85,1957.05,2062.0
8829,2021-03-24 12:16:00,1958.85,1958.85,1958.85,1958.85,500,0,1958.85,1957.05,2062.0
8830,2021-03-24 12:17:00,1958.85,1958.85,1958.85,1958.85,500,0,1958.85,1957.05,2062.0
8831,2021-03-24 12:18:00,1958.85,1958.85,1958.85,1958.85,500,0,1958.85,1957.05,2062.0
8832,2021-03-24 12:19:00,1958.85,1958.85,1958.85,1958.85,500,0,1958.85,1957.05,2062.0
8833,2021-03-24 12:20:00,1958.85,1958.85,1958.85,1958.85,500,0,1958.85,1957.05,2062.0
8834,2021-03-24 12:21:00,1958.85,1958.85,1958.85,1958.85,500,0,1958.85,1957.05,2062.0
8835,2021-03-24 12:22:00,1958.85,1958.85,1958.85,1958.85,500,0,1958.85,1957.05,2062.0
8836,2021-03-24 12:23:00,1958.85,1958.85,1958.85,1958.85,500,0,1958.85,1957.05,2062.0
8837,2021-03-24 12:24:00,1958.85,1958.85,1958.85,1958.85,500,0,1958.85,1957.05,2062.0
8838,2021-03-24 12:25:00,1958.85,1958.85,1958.85,1958.85,500,0,1958.85,1957.05,2062.0
8839,2021-03-24 12:26:00,1958.85,1958.85,1958.85,1958.85,500,0,1958.85,1957.05,2062.0
8840,2021-03-24 12:27:00,1958.85,1958.85,1958.85,1958.85,500,0,1958.85,1957.05,2062.0
8841,2021-03-24 12:28:00,1958.85,1958.85,1958.85,1958.85,500,0,1958.85,1957.05,2062.0
8842,2021-03-24 12:29:00,1958.85,1958.85,1958.85,1958.85,500,0,1958.85,1957.05,2062.0
8843,2021-03-24 12:30:00,1958.85,1958.85,1958.85,1958.85,500,0,1958.85,1957.05,2062.0
8844,2021-03-24 12:31:00,1958.85,1958.85,1958.85,1958.85,500,0,1958.85,1957.05,2062.0
8845,2021-03-24 12:32:00,1958.85,1958.85,1958.85,1958.85,500,0,1958.85,1957.05,2062.0
8846,2021-03-24 12:33:00,1958.85,1958.85,1958.85,1958.85,500,0,1958.85,1957.05,2062.0
8847,2021-03-24 12:34:00,1958.85,1958.85,1958.85,1958.85,500,0,1958.85,1957.05,2062.0
8848,2021-03-24 12:35:00,1958.85,1958.85,1958.85,1958.85,500,0,1958.85,1957.05,2062.0
8849,2021-03-24 12:36:00,1958.85,1958.85,1958.85,1958.85,500,0,1958.85,1957.05,2062.0
8850,2021-03-24 12:37:00,1958.85,1958.85,1958.85,1958.85,500,0,1958.85,1957.05,2062.0
8851,2021-03-24 12:38:00,1958.85,1958.85,1958.85,1958.85,500,0,1958.85,1957.05,2062.0
8852,2021-03-24 12:39:00,1958.85,1958.85,1958.85,1958.85,500,0,1958.85,1957.05,2062.0
8853,2021-03-24 12:40:00,1958.85,1958.85,1958.85,1958.85,500,0,1958.85,1957.05,2062.0
8854,2021-03-24 12:41:00,1958.85,1958.85,1958.85,1958.85,500,0,1958.85,1957.05,2062.0
8855,2021-03-24 12:42:00,1958.85,1958.85,1958.85,1958.85,500,0,1958.85,1957.05,2062.0
8856,2021-03-24 12:43:00,1958.85,1958.85,1958.85,1958.85,500,0,1958.85,1957.05,2062.0
8857,2021-03-24 12:44:00,1958.85,1958.85,1958.85,1958.85,500,0,1958.85,1957.05,2062.0
8858,2021-03-24 12:45:00,1958.85,1958.85,1958.85,1958.85,500,0,1958.85,1957.05,2062.0
8859,2021-03-24 12:46:00,1958.85,1958.85,1958.85,1958.85,500,0,1958.85,1957.05,2062.0
8860,2021-03-24 12:47:00,1958.85,1958.85,1958.85,1958.85,500,0,1958.85,1957.05,2062.0
8861,2021-03-24 12:48:00,1958.85,1958.85,1958.85,1958.85,500,0,1958.85,1957.05,2062.0
8862,2021-03-24 12:49:00,1958.85,1958.85,1958.85,1958.85,500,0,1958.85,1957.05,2062.0
8863,2021-03-24 12:50:00,1958.85,1958.85,1958.85,1958.85,500,0,1958.85,1957.05,2062.0
8864,2021-03-24 12:51:00,1958.85,1958.85,1958.85,1958.85,500,0,1958.85,1957.05,2062.0
8865,2021-03-24 12:52:00,1958.85,1958.85,1958.85,1958.85,500,0,1958.85,1957.05,2062.0
8866,2021-03-24 12:53:00,1958.85,1958.85,1958.85,1958.85,500,0,1958.85,1957.05,2062.0
8867,2021-03-24 12:54:00,1958.85,1958.85,1958.85,1958.85,500,0,1958.85,1957.05,2062.0
8868,2021-03-24 12:55:00,1958.85,1958.85,1958.85,1958.85,500,0,1958.85,1957.05,2062.0
8869,2021-03-24 12:56:00,1958.85,1958.85,1958.85,1958.85,500,0,1958.85,1957.05,2062.0
8870,2021-03-24 12:57:00,1958.85,1958.85,1958.85,1958.85,500,0,1958.85,1957.05,2062.0
8871,2021-03-24 12:58:00,1958.85,1958.85,1958.85,1958.85,500,0,1958.85,1957.05,2062.0
8872,2021-03-24 12:59:00,1958.85,1958.85,1958.85,1958.85,500,0,1958.85,1957.05,2062.0
8873,2021-03-24 13:00:00,1958.85,1958.85,1958.85,1958.85,500,0,1958.85,1957.05,2062.0
8874,2021-03-24 13:01:00,1958.85,1958.85,1958.85,1958.85,500,0,1958.85,1957.05,2062.0
8875,2021-03-24 13:02:00,1958.85,1958.85,1958.85,1958.85,500,0,1958.85,1957.05,2062.0
8876,2021-03-24 13:03:00,1958.85,1958.85,1958.85,1958.85,500,0,1958.85,1957.05,2062.0
8877,2021-03-24 13:04:00,1958.85,1958.85,1958.85,1958.85,500,0,1958.85,1957.05,2062.0
8878,2021-03-24 13:05:00,1958.85,1958.85,1958.85,1958.85,500,0,1958.85,1957.05,2062.0
8879,2021-03-24 13:06:00,1958.85,1958.85,1958.85,1958.85,500,0,1958.85,1957.05,2062.0
8880,2021-03-24 13:07:00,1958.85,1958.85,1958.85,1958.85,500,0,1958.85,1957.05,2062.0
8881,2021-03-24 13:08:00,1958.85,1958.85,1958.85,1958.85,500,0,1958.85,1957.05,2062.0
8882,2021-03-24 13:09:00,1958.85,1958.85,1958.85,1958.85,500,0,1958.85,1957.05,2062.0
8883,2021-03-24 13:10:00,1958.85,1958.85,1958.85,1958.85,500,0,1958.85,1957.05,2062.0
8884,2021-03-24 13:11:00,1958.85,1958.85,1958.85,1958.85,500,0,1958.85,1957.05,2062.0
8885,2021-03-24 13:12:00,1958.85,1958.85,1958.85,1958.85,500,0,1958.85,1957.05,2062.0
8886,2021-03-24 13:13:00,1958.85,1958.85,1958.85,1958.85,500,0,1958.85,1957.05,2062.0
8887,2021-03-24 13:14:00,1958.85,1958.85,1958.85,1958.85,500,0,1958.85,1957.05,2062.0
8888,2021-03-24 13:15:00,1958.85,1958.85,1958.85,1958.85,500,0,1958.85,1957.05,2062.0
8889,2021-03-24 13:16:00,1958.85,1958.85,1958.85,1958.85,500,0,1958.85,1957.05,2062.0
8890,2021-03-24 13:17:00,1958.85,1958.85,1958.85,1958.85,500,0,1958.85,1957.05,2062.0
8891,2021-03-24 13:18:00,1958.85,1958.85,1958.85,1958.85,500,0,1958.85,1957.05,2062.0
8892,2021-03-24 13:19:00,1958.85,1958.85,1958.85,1958.85,500,0,1958.85,1957.05,2062.0
8893,2021-03-24 13:20:00,1958.85,1958.85,1958.85,1958.85,500,0,1958.85,1957.05,2062.0
8894,2021-03-24 13:21:00,1958.85,1958.85,1958.85,1958.85,500,0,1958.85,1957.05,2062.0
8895,2021-03-24 13:22:00,1958.85,1958.85,1958.85,1958.85,500,0,1958.85,1957.05,2062.0
8896,2021-03-24 13:23:00,1958.85,1958.85,1958.85,1958.85,500,0,1958.85,1957.05,2062.0
8897,2021-03-24 13:24:00,1958.85,1958.85,1958.85,1958.85,500,0,1958.85,1957.05,2062.0
8898,2021-03-24 13:25:00,1958.85,1958.85,1958.85,1958.85,500,0,1958.85,1957.05,2062.0
8899,2021-03-24 13:26:00,1958.85,1958.85,1958.85,1958.85,500,0,1958.85,1957.05,2062.0
8900,2021-03-24 13:27:00,1958.85,1958.85,1958.85,1958.85,500,0,1958.85,1957.05,2062.0
8901,2021-03-24 13:28:00,1958.85,1958.85,1958.85,1958.85,500,0,1958.85,1957.05,2062.0
8902,2021-03-24 13:29:00,1958.85,1958.85,1958.85,1958.85,500,0,1958.85,1957.05,2062.0
8903,2021-03-24 13:30:00,1958.85,1958.85,1958.85,1958.85,500,0,1958.85,1957.05,2062.0
8904,2021-03-24 13:31:00,1958.85,1958.85,1958.85,1958.85,500,0,1958.85,1957.05,2062.0
8905,2021-03-24 13:32:00,1958.85,1958.85,1958.85,1958.85,500,0,1958.85,1957.05,2062.0
8906,2021-03-24 13:33:00,1958.85,1958.85,1958.85,1958.85,500,0,1958.85,1957.05,2062.0
8907,2021-03-24 13:34:00,1958.85,1958.85,1958.85,1958.85,500,0,1958.85,1957.05,2062.0
8908,2021-03-24 13:35:00,1958.85,1958.85,1958.85,1958.85,500,0,1958.85,1957.05,2062.0
8909,2021-03-24 13:36:00,1958.85,1958.85,1958.85,1958.85,500,0,1958.85,1957.05,2062.0
8910,2021-03-24 13:37:00,1958.85,1958.85,1958.85,1958.85,500,0,1958.85,1957.05,2062.0
8911,2021-03-24 13:38:00,1958.85,1958.85,1958.85,1958.85,500,0,1958.85,1957.05,2062.0
8912,2021-03-24 13:39:00,1958.85,1958.85,1958.85,1958.85,500,0,1958.85,1957.05,2062.0
8913,2021-03-24 13:40:00,1958.85,1958.85,1958.85,1958.85,500,0,1958.85,1957.05,2062.0
8914,2021-03-24 13:41:00,1958.85,1958.85,1958.85,1958.85,500,0,1958.85,1957.05,2062.0
8915,2021-03-24 13:42:00,1958.85,1958.85,1958.85,1958.85,500,0,1958.85,1957.05,2062.0
8916,2021-03-24 13:43:00,1958.85,1958.85,1958.85,1958.85,500,0,1958.85,1957.05,2062.0
8917,2021-03-24 13:44:00,1958.85,1958.85,1958.85,1958.85,500,0,1958.85,1957.05,2062.0
8918,2021-03-24 13:45:00,1958.85,1958.85,1958.85,1958.85,500,0,1958.85,1957.05,2062.0
8919,2021-03-24 13:46:00,1958.85,1958.85,1958.85,1958.85,500,0,1958.85,1957.05,2062.0
8920,2021-03-24 13:47:00,1958.85,1958.85,1958.85,1958.85,500,0,1958.85,1957.05,2062.0
8921,2021-03-24 13:48:00,1958.85,1958.85,1958.85,1958.85,500,0,1958.85,1957.05,2062.0
8922,2021-03-24 13:49:00,1958.85,1958.85,1958.85,1958.85,500,0,1958.85,1957.05,2062.0
8923,2021-03-24 13:50:00,1958.85,1958.85,1958.85,1958.85,500,0,1958.85,1957.05,2062.0
8924,2021-03-24 13:51:00,1958.85,1958.85,1958.85,1958.85,500,0,1958.85,1957.05,2062.0
8925,2021-03-24 13:52:00,1958.85,1958.85,1958.85,1958.85,500,0,1958.85,1957.05,2062.0
8926,2021-03-24 13:53:00,1958.85,1958.85,1958.85,1958.85,500,0,1958.85,1957.05,2062.0
8927,2021-03-24 13:54:00,1958.85,1958.85,1958.85,1958.85,500,0,1958.85,1957.05,2062.0
8928,2021-03-24 13:55:00,1958.85,1958.85,1958.85,1958.85,500,0,1958.85,1957.05,2062.0
8929,2021-03-24 13:56:00,1958.85,1958.85,1958.85,1958.85,500,0,1958.85,1957.05,2062.0
8930,2021-03-24 13:57:00,1958.85,1958.85,1958.85,1958.85,500,0,1958.85,1957.05,2062.0
8931,2021-03-24 13:58:00,1958.85,1958.85,1958.85,1958.85,500,0,1958.85,1957.05,2062.0
8932,2021-03-24 13:59:00,1958.85,1958.85,1958.85,1958.85,500,0,1958.85,1957.05,2062.0
8933,2021-03-24 14:00:00,1958.85,1958.85,1958.85,1958.85,500,0,1958.85,1957.05,2062.0
8934,2021-03-24 14:01:00,1958.85,1958.85,1958.85,1958.85,500,0,1958.85,1957.05,2062.0
8935,2021-03-24 14:02:00,1958.85,1958.85,1958.85,1958.85,500,0,1958.85,1957.05,2062.0
8936,2021-03-24 14:03:00,1958.85,1958.85,1958.85,1958.85,500,0,1958.85,1957.05,2062.0
8937,2021-03-24 14:04:00,1958.85,1958.85,1958.85,1958.85,500,0,1958.85,1957.05,2062.0
8938,2021-03-24 14:05:00,1958.85,1958.85,1958.85,1958.85,500,0,1958.85,1957.05,2062.0
8939,2021-03-24 14:06:00,1958.85,1958.85,1958.85,1958.85,500,0,1958.85,1957.05,2062.0
8940,2021-03-24 14:07:00,1958.85,1958.85,1958.85,1958.85,500,0,1958.85,1957.05,2062.0
8941,2021-03-24 14:08:00,1958.85,1958.85,1958.85,1958.85,500,0,1958.85,1957.05,2062.0
8942,2021-03-24 14:09:00,1958.85,1958.85,1958.85,1958.85,500,0,1958.85,1957.05,2062.0
8943,2021-03-24 14:10:00,1958.85,1958.85,1958.85,1958.85,500,0,1958.85,1957.05,2062.0
8944,2021-03-24 14:11:00,1958.85,1958.85,1958.85,1958.85,500,0,1958.85,1957.05,2062.0
8945,2021-03-24 14:12:00,1958.85,1958.85,1958.85,1958.85,500,0,1958.85,1957.05,2062.0
8946,2021-03-24 14:13:00,1958.85,1958.85,1958.85,1958.85,500,0,1958.85,1957.05,2062.0
8947,2021-03-24 14:14:00,1958.85,1958.85,1958.85,1958.85,500,0,1958.85,1957.05,2062.0
8948,2021-03-24 14:15:00,1958.85,1958.85,1958.85,1958.85,500,0,1958.85,1957.05,2062.0
8949,2021-03-24 14:16:00,1958.85,1958.85,1958.85,1958.85,500,0,1958.85,1957.05,2062.0
8950,2021-03-24 14:17:00,1958.85,1958.85,1958.85,1958.85,500,0,1958.85,1957.05,2062.0
8951,2021-03-24 14:18:00,1958.85,1958.85,1958.85,1958.85,500,0,1958.85,1957.05,2062.0
8952,2021-03-24 14:19:00,1958.85,1958.85,1958.85,1958.85,500,0,1958.85,1957.05,2062.0
8953,2021-03-24 14:20:00,1958.85,1958.85,1958.85,1958.85,500,0,1958.85,1957.05,2062.0
8954,2021-03-24 14:21:00,1958.85,1958.85,1958.85,1958.85,500,0,1958.85,1957.05,2062.0
8955,2021-03-24 14:22:00,1958.85,1958.85,1958.85,1958.85,500,0,1958.85,1957.05,2062.0
8956,2021-03-24 14:23:00,1958.85,1958.85,1958.85,1958.85,500,0,1958.85,1957.05,2062.0
8957,2021-03-24 14:24:00,1958.85,1958.85,1958.85,1958.85,500,0,1958.85,1957.05,2062.0
8958,2021-03-24 14:25:00,1958.85,1958.85,1958.85,1958.85,500,0,1958.85,1957.05,2062.0
8959,2021-03-24 14:26:00,1958.85,1958.85,1958.85,1958.85,500,0,1958.85,1957.05,2062.0
8960,2021-03-24 14:27:00,1958.85,1958.85,1958.85,1958.85,500,0,1958.85,1957.05,2062.0
8961,2021-03-24 14:28:00,1958.85,1958.85,1958.85,1958.85,500,0,1958.85,1957.05,2062.0
8962,2021-03-24 14:29:00,1958.85,1958.85,1958.85,1958.85,500,0,1958.85,1957.05,2062.0
8963,2021-03-24 14:30:00,1958.85,1958.85,1958.85,1958.85,500,0,1958.85,1957.05,2062.0
8964,2021-03-24 14:31:00,1958.85,1958.85,1958.85,1958.85,500,0,1958.85,1957.05,2062.0
8965,2021-03-24 14:32:00,1958.85,1958.85,1958.85,1958.85,500,0,1958.85,1957.05,2062.0
8966,2021-03-24 14:33:00,1958.85,1958.85,1958.85,1958.85,500,0,1958.85,1957.05,2062.0
8967,2021-03-24 14:34:00,1958.85,1958.85,1958.85,1958.85,500,0,1958.85,1957.05,2062.0
8968,2021-03-24 14:35:00,1958.85,1958.85,1958.85,1958.85,500,0,1958.85,1957.05,2062.0
8969,2021-03-24 14:36:00,1958.85,1958.85,1958.85,1958.85,500,0,1958.85,1957.05,2062.0
8970,2021-03-24 14:37:00,1958.85,1958.85,1958.85,1958.85,500,0,1958.85,1957.05,2062.0
8971,2021-03-24 14:38:00,1958.85,1958.85,1958.85,1958.85,500,0,1958.85,1957.05,2062.0
8972,2021-03-24 14:39:00,1958.85,1958.85,1958.85,1958.85,500,0,1958.85,1957.05,2062.0
8973,2021-03-24 14:40:00,1958.85,1958.85,1958.85,1958.85,500,0,1958.85,1957.05,2062.0
8974,2021-03-24 14:41:00,1958.85,1958.85,1958.85,1958.85,500,0,1958.85,1957.05,2062.0
8975,2021-03-24 14:42:00,1958.85,1958.85,1958.85,1958.85,500,0,1958.85,1957.05,2062.0
8976,2021-03-24 14:43:00,1958.85,1958.85,1958.85,1958.85,500,0,1958.85,1957.05,2062.0
8977,2021-03-24 14:44:00,1958.85,1958.85,1958.85,1958.85,500,0,1958.85,1957.05,2062.0
8978,2021-03-24 14:45:00,1958.85,1958.85,1958.85,1958.85,500,0,1958.85,1957.05,2062.0
8979,2021-03-24 14:46:00,1958.85,1958.85,1958.85,1958.85,500,0,1958.85,1957.05,2062.0
8980,2021-03-24 14:47:00,1958.85,1958.85,1958.85,1958.85,500,0,1958.85,1957.05,2062.0
8981,2021-03-24 14:48:00,1958.85,1958.85,1958.85,1958.85,500,0,1958.85,1957.05,2062.0
8982,2021-03-24 14:49:00,1958.85,1958.85,1958.85,1958.85,500,0,1958.85,1957.05,2062.0
8983,2021-03-24 14:50:00,1958.85,1958.85,1958.85,1958.85,500,0,1958.85,1957.05,2062.0
8984,2021-03-24 14:51:00,2356.8,2356.8,2356.8,2356.8,50,0,2356.8,2264.05,2369.6
8985,2021-03-24 14:52:00,2356.8,2356.8,2356.8,2356.8,50,0,2356.8,2264.05,2369.6
8986,2021-03-24 14:53:00,2356.8,2356.8,2356.8,2356.8,50,0,2356.8,2264.05,2369.6
8987,2021-03-24 14:54:00,2356.8,2356.8,2356.8,2356.8,50,0,2356.8,2264.05,2369.6
8988,2021-03-24 14:55:00,2356.8,2356.8,2356.8,2356.8,50,0,2356.8,2264.05,2369.6
8989,2021-03-24 14:56:00,2356.8,2356.8,2356.8,2356.8,50,0,2356.8,2264.05,2369.6
8990,2021-03-24 14:57:00,2356.8,2356.8,2356.8,2356.8,175,0,2356.8,2356.8,2388.45
8991,2021-03-24 14:58:00,2356.8,2356.8,2356.8,2356.8,250,950,2356.8,2356.85,2384.9
8992,2021-03-24 14:59:00,2356.8,2356.8,2356.8,2356.8,250,950,2356.8,2356.85,2384.9
8993,2021-03-24 15:00:00,2356.8,2356.8,2356.8,2356.8,75,0,2356.8,2277.15,2360.85
8994,2021-03-24 15:01:00,2356.8,2356.8,2356.8,2356.8,75,0,2356.8,2277.15,2360.85
8995,2021-03-24 15:02:00,2356.8,2356.8,2356.8,2356.8,75,0,2356.8,2277.15,2360.85
8996,2021-03-24 15:03:00,2356.8,2356.8,2356.8,2356.8,75,0,2356.8,2277.15,2360.85
8997,2021-03-24 15:04:00,2356.8,2356.8,2356.8,2356.8,75,0,2356.8,2277.15,2360.85
8998,2021-03-24 15:05:00,2356.8,2356.8,2356.8,2356.8,75,0,2356.8,2277.15,2360.85
8999,2021-03-24 15:06:00,2356.8,2356.8,2356.8,2356.8,75,0,2356.8,2277.15,2360.85
9000,2021-03-24 15:07:00,2356.8,2356.8,2356.8,2356.8,75,0,2356.8,2277.15,2360.85
9001,2021-03-24 15:08:00,2356.8,2356.8,2356.8,2356.8,75,0,2356.8,2277.15,2360.85
9002,2021-03-24 15:09:00,2356.8,2356.8,2356.8,2356.8,75,0,2356.8,2277.15,2360.85
9003,2021-03-24 15:10:00,2356.8,2356.8,2356.8,2356.8,75,0,2356.8,2277.15,2360.85
9004,2021-03-24 15:11:00,2356.8,2356.8,2356.8,2356.8,75,0,2356.8,2277.15,2360.85
9005,2021-03-24 15:12:00,2356.8,2356.8,2356.8,2356.8,75,0,2356.8,2277.15,2360.85
9006,2021-03-24 15:13:00,2356.8,2356.8,2356.8,2356.8,75,0,2356.8,2277.15,2360.85
9007,2021-03-24 15:14:00,2356.8,2356.8,2356.8,2356.8,75,0,2356.8,2277.15,2360.85
9008,2021-03-24 15:15:00,2356.8,2356.8,2356.8,2356.8,75,0,2356.8,2277.15,2360.85
9009,2021-03-24 15:16:00,2356.8,2356.8,2356.8,2356.8,75,0,2356.8,2277.15,2360.85
9010,2021-03-24 15:17:00,2356.8,2356.8,2356.8,2356.8,75,0,2356.8,2277.15,2360.85
9011,2021-03-24 15:18:00,2356.8,2356.8,2356.8,2356.8,75,0,2356.8,2277.15,2360.85
9012,2021-03-24 15:19:00,2356.8,2356.8,2356.8,2356.8,75,0,2356.8,2277.15,2360.85
9013,2021-03-24 15:20:00,2356.8,2356.8,2356.8,2356.8,75,0,2356.8,2277.15,2360.85
9014,2021-03-24 15:21:00,2356.8,2356.8,2356.8,2356.8,75,0,2356.8,2277.15,2360.85
9015,2021-03-24 15:22:00,2356.8,2356.8,2356.8,2356.8,75,0,2356.8,2277.15,2360.85
9016,2021-03-24 15:23:00,2356.8,2356.8,2356.8,2356.8,75,0,2356.8,2277.15,2360.85
9017,2021-03-24 15:24:00,2356.8,2356.8,2356.8,2356.8,75,0,2356.8,2277.15,2360.85
9018,2021-03-24 15:25:00,2356.8,2356.8,2356.8,2356.8,75,0,2356.8,2277.15,2360.85
9019,2021-03-24 15:26:00,2356.8,2356.8,2356.8,2356.8,75,0,2356.8,2277.15,2360.85
9020,2021-03-24 15:27:00,2356.8,2356.8,2356.8,2356.8,75,0,2356.8,2277.15,2360.85
9021,2021-03-24 15:28:00,2356.8,2356.8,2356.8,2356.8,75,0,2356.8,2277.15,2360.85
9022,2021-03-24 15:29:00,2356.8,2356.8,2356.8,2356.8,75,0,2356.8,2277.15,2360.85
9023,2021-03-24 15:30:00,2356.8,2356.8,2356.8,2356.8,75,0,2356.8,2277.15,2360.85
9024,2021-03-25 09:15:00,2356.8,2356.8,2356.8,2356.8,75,0,2356.8,2277.15,2360.85
9025,2021-03-25 09:16:00,2356.8,2356.8,2356.8,2356.8,75,0,2356.8,2277.15,2360.85
9026,2021-03-25 09:17:00,2356.8,2356.8,2356.8,2356.8,75,0,2356.8,2277.15,2360.85
9027,2021-03-25 09:18:00,2356.8,2356.8,2356.8,2356.8,75,0,2356.8,2277.15,2360.85
9028,2021-03-25 09:19:00,2356.8,2356.8,2356.8,2356.8,75,0,2356.8,2277.15,2360.85
9029,2021-03-25 09:20:00,2356.8,2356.8,2356.8,2356.8,75,0,2356.8,2277.15,2360.85
9030,2021-03-25 09:21:00,2356.8,2356.8,2356.8,2356.8,75,0,2356.8,2277.15,2360.85
9031,2021-03-25 09:22:00,2356.8,2356.8,2356.8,2356.8,75,0,2356.8,2277.15,2360.85
9032,2021-03-25 09:23:00,2356.8,2356.8,2356.8,2356.8,75,0,2356.8,2277.15,2360.85
9033,2021-03-25 09:24:00,2356.8,2356.8,2356.8,2356.8,75,0,2356.8,2277.15,2360.85
9034,2021-03-25 09:25:00,2356.8,2356.8,2356.8,2356.8,75,0,2356.8,2277.15,2360.85
9035,2021-03-25 09:26:00,2356.8,2356.8,2356.8,2356.8,75,0,2356.8,2277.15,2360.85
9036,2021-03-25 09:27:00,2628.0,2628.0,2628.0,2628.0,25,0,2628.0,2635.4,2747.1
9037,2021-03-25 09:28:00,2628.0,2628.0,2628.0,2628.0,25,0,2628.0,2635.4,2747.1
9038,2021-03-25 09:29:00,2628.0,2628.0,2628.0,2628.0,25,0,2628.0,2635.4,2747.1
9039,2021-03-25 09:30:00,2628.0,2628.0,2628.0,2628.0,25,0,2628.0,2635.4,2747.1
9040,2021-03-25 09:31:00,2628.0,2628.0,2628.0,2628.0,25,0,2628.0,2635.4,2747.1
9041,2021-03-25 09:32:00,2628.0,2628.0,2628.0,2628.0,25,0,2628.0,2635.4,2747.1
9042,2021-03-25 09:33:00,2628.0,2628.0,2628.0,2628.0,25,0,2628.0,2635.4,2747.1
9043,2021-03-25 09:34:00,2628.0,2628.0,2628.0,2628.0,25,0,2628.0,2635.4,2747.1
9044,2021-03-25 09:35:00,2628.0,2628.0,2628.0,2628.0,25,0,2628.0,2635.4,2747.1
9045,2021-03-25 09:36:00,2628.0,2628.0,2628.0,2628.0,25,0,2628.0,2635.4,2747.1
9046,2021-03-25 09:37:00,2628.0,2628.0,2628.0,2628.0,25,0,2628.0,2635.4,2747.1
9047,2021-03-25 09:38:00,2628.0,2628.0,2628.0,2628.0,25,0,2628.0,2635.4,2747.1
9048,2021-03-25 09:39:00,2628.0,2628.0,2628.0,2628.0,25,0,2628.0,2635.4,2747.1
9049,2021-03-25 09:40:00,2628.0,2628.0,2628.0,2628.0,25,0,2628.0,2635.4,2747.1
9050,2021-03-25 09:41:00,2628.0,2628.0,2628.0,2628.0,25,0,2628.0,2635.4,2747.1
9051,2021-03-25 09:42:00,2628.0,2628.0,2628.0,2628.0,25,0,2628.0,2635.4,2747.1
9052,2021-03-25 09:43:00,2628.0,2628.0,2628.0,2628.0,25,0,2628.0,2635.4,2747.1
9053,2021-03-25 09:44:00,2628.0,2628.0,2628.0,2628.0,25,0,2628.0,2635.4,2747.1
9054,2021-03-25 09:45:00,2628.0,2628.0,2628.0,2628.0,25,0,2628.0,2635.4,2747.1
9055,2021-03-25 09:46:00,2628.0,2628.0,2628.0,2628.0,25,0,2628.0,2635.4,2747.1
9056,2021-03-25 09:47:00,2628.0,2628.0,2628.0,2628.0,25,0,2628.0,2635.4,2747.1
9057,2021-03-25 09:48:00,2628.0,2628.0,2628.0,2628.0,25,0,2628.0,2635.4,2747.1
9058,2021-03-25 09:49:00,2628.0,2628.0,2628.0,2628.0,25,0,2628.0,2635.4,2747.1
9059,2021-03-25 09:50:00,2628.0,2628.0,2628.0,2628.0,25,0,2628.0,2635.4,2747.1
9060,2021-03-25 09:51:00,2628.0,2628.0,2628.0,2628.0,25,0,2628.0,2635.4,2747.1
9061,2021-03-25 09:52:00,2628.0,2628.0,2628.0,2628.0,25,0,2628.0,2635.4,2747.1
9062,2021-03-25 09:53:00,2628.0,2628.0,2628.0,2628.0,25,0,2628.0,2635.4,2747.1
9063,2021-03-25 09:54:00,2628.0,2628.0,2628.0,2628.0,25,0,2628.0,2635.4,2747.1
9064,2021-03-25 09:55:00,2628.0,2628.0,2628.0,2628.0,25,0,2628.0,2635.4,2747.1
9065,2021-03-25 09:56:00,2628.0,2628.0,2628.0,2628.0,25,0,2628.0,2635.4,2747.1
9066,2021-03-25 09:57:00,2628.0,2628.0,2628.0,2628.0,25,0,2628.0,2635.4,2747.1
9067,2021-03-25 09:58:00,2628.0,2628.0,2628.0,2628.0,25,0,2628.0,2635.4,2747.1
9068,2021-03-25 09:59:00,2628.0,2628.0,2628.0,2628.0,25,0,2628.0,2635.4,2747.1
9069,2021-03-25 10:00:00,2628.0,2628.0,2628.0,2628.0,25,0,2628.0,2635.4,2747.1
9070,2021-03-25 10:01:00,2628.0,2628.0,2628.0,2628.0,25,0,2628.0,2635.4,2747.1
9071,2021-03-25 10:02:00,2628.0,2628.0,2628.0,2628.0,25,0,2628.0,2635.4,2747.1
9072,2021-03-25 10:03:00,2628.0,2628.0,2628.0,2628.0,25,0,2628.0,2635.4,2747.1
9073,2021-03-25 10:04:00,2628.0,2628.0,2628.0,2628.0,25,0,2628.0,2635.4,2747.1
9074,2021-03-25 10:05:00,2628.0,2628.0,2628.0,2628.0,25,0,2628.0,2635.4,2747.1
9075,2021-03-25 10:06:00,2628.0,2628.0,2628.0,2628.0,25,0,2628.0,2635.4,2747.1
9076,2021-03-25 10:07:00,2628.0,2628.0,2628.0,2628.0,25,0,2628.0,2635.4,2747.1
9077,2021-03-25 10:08:00,2628.0,2628.0,2628.0,2628.0,25,0,2628.0,2635.4,2747.1
9078,2021-03-25 10:09:00,2628.0,2628.0,2628.0,2628.0,25,0,2628.0,2635.4,2747.1
9079,2021-03-25 10:10:00,2628.0,2628.0,2628.0,2628.0,25,0,2628.0,2635.4,2747.1
9080,2021-03-25 10:11:00,2628.0,2628.0,2628.0,2628.0,25,0,2628.0,2635.4,2747.1
9081,2021-03-25 10:12:00,2628.0,2628.0,2628.0,2628.0,25,0,2628.0,2635.4,2747.1
9082,2021-03-25 10:13:00,2628.0,2628.0,2628.0,2628.0,25,0,2628.0,2635.4,2747.1
9083,2021-03-25 10:14:00,2628.0,2628.0,2628.0,2628.0,25,0,2628.0,2635.4,2747.1
9084,2021-03-25 10:15:00,2628.0,2628.0,2628.0,2628.0,25,0,2628.0,2635.4,2747.1
9085,2021-03-25 10:16:00,2628.0,2628.0,2628.0,2628.0,25,0,2628.0,2635.4,2747.1
9086,2021-03-25 10:17:00,2628.0,2628.0,2628.0,2628.0,25,0,2628.0,2635.4,2747.1
9087,2021-03-25 10:18:00,2628.0,2628.0,2628.0,2628.0,25,0,2628.0,2635.4,2747.1
9088,2021-03-25 10:19:00,2628.0,2628.0,2628.0,2628.0,25,0,2628.0,2635.4,2747.1
9089,2021-03-25 10:20:00,2628.0,2628.0,2628.0,2628.0,25,0,2628.0,2635.4,2747.1
9090,2021-03-25 10:21:00,2628.0,2628.0,2628.0,2628.0,25,0,2628.0,2635.4,2747.1
9091,2021-03-25 10:22:00,2628.0,2628.0,2628.0,2628.0,25,0,2628.0,2635.4,2747.1
9092,2021-03-25 10:23:00,2628.0,2628.0,2628.0,2628.0,25,0,2628.0,2635.4,2747.1
9093,2021-03-25 10:24:00,2628.0,2628.0,2628.0,2628.0,25,0,2628.0,2635.4,2747.1
9094,2021-03-25 10:25:00,2628.0,2628.0,2628.0,2628.0,25,0,2628.0,2635.4,2747.1
9095,2021-03-25 10:26:00,2628.0,2628.0,2628.0,2628.0,25,0,2628.0,2635.4,2747.1
9096,2021-03-25 10:27:00,2628.0,2628.0,2628.0,2628.0,25,0,2628.0,2635.4,2747.1
9097,2021-03-25 10:28:00,2628.0,2628.0,2628.0,2628.0,25,0,2628.0,2635.4,2747.1
9098,2021-03-25 10:29:00,2628.0,2628.0,2628.0,2628.0,25,0,2628.0,2635.4,2747.1
9099,2021-03-25 10:30:00,2628.0,2628.0,2628.0,2628.0,25,0,2628.0,2635.4,2747.1
9100,2021-03-25 10:31:00,2628.0,2628.0,2628.0,2628.0,25,0,2628.0,2635.4,2747.1
9101,2021-03-25 10:32:00,2628.0,2628.0,2628.0,2628.0,25,0,2628.0,2635.4,2747.1
9102,2021-03-25 10:33:00,2628.0,2628.0,2628.0,2628.0,25,0,2628.0,2635.4,2747.1
9103,2021-03-25 10:34:00,2628.0,2628.0,2628.0,2628.0,25,0,2628.0,2635.4,2747.1
9104,2021-03-25 10:35:00,2628.0,2628.0,2628.0,2628.0,25,0,2628.0,2635.4,2747.1
9105,2021-03-25 10:36:00,2628.0,2628.0,2628.0,2628.0,25,0,2628.0,2635.4,2747.1
9106,2021-03-25 10:37:00,2628.0,2628.0,2628.0,2628.0,25,0,2628.0,2635.4,2747.1
9107,2021-03-25 10:38:00,2628.0,2628.0,2628.0,2628.0,25,0,2628.0,2635.4,2747.1
9108,2021-03-25 10:39:00,2628.0,2628.0,2628.0,2628.0,25,0,2628.0,2635.4,2747.1
9109,2021-03-25 10:40:00,2628.0,2628.0,2628.0,2628.0,25,0,2628.0,2635.4,2747.1
9110,2021-03-25 10:41:00,2628.0,2628.0,2628.0,2628.0,25,0,2628.0,2635.4,2747.1
9111,2021-03-25 10:42:00,2628.0,2628.0,2628.0,2628.0,25,0,2628.0,2635.4,2747.1
9112,2021-03-25 10:43:00,2628.0,2628.0,2628.0,2628.0,25,0,2628.0,2635.4,2747.1
9113,2021-03-25 10:44:00,2628.0,2628.0,2628.0,2628.0,25,0,2628.0,2635.4,2747.1
9114,2021-03-25 10:45:00,2628.0,2628.0,2628.0,2628.0,25,0,2628.0,2635.4,2747.1
9115,2021-03-25 10:46:00,2628.0,2628.0,2628.0,2628.0,25,0,2628.0,2635.4,2747.1
9116,2021-03-25 10:47:00,2628.0,2628.0,2628.0,2628.0,25,0,2628.0,2635.4,2747.1
9117,2021-03-25 10:48:00,2628.0,2628.0,2628.0,2628.0,25,0,2628.0,2635.4,2747.1
9118,2021-03-25 10:49:00,2628.0,2628.0,2628.0,2628.0,25,0,2628.0,2635.4,2747.1
9119,2021-03-25 10:50:00,2628.0,2628.0,2628.0,2628.0,25,0,2628.0,2635.4,2747.1
9120,2021-03-25 10:51:00,2628.0,2628.0,2628.0,2628.0,25,0,2628.0,2635.4,2747.1
9121,2021-03-25 10:52:00,2628.0,2628.0,2628.0,2628.0,25,0,2628.0,2635.4,2747.1
9122,2021-03-25 10:53:00,2628.0,2628.0,2628.0,2628.0,25,0,2628.0,2635.4,2747.1
9123,2021-03-25 10:54:00,2628.0,2628.0,2628.0,2628.0,25,0,2628.0,2635.4,2747.1
9124,2021-03-25 10:55:00,2628.0,2628.0,2628.0,2628.0,25,0,2628.0,2635.4,2747.1
9125,2021-03-25 10:56:00,2628.0,2628.0,2628.0,2628.0,25,0,2628.0,2635.4,2747.1
9126,2021-03-25 10:57:00,2628.0,2628.0,2628.0,2628.0,25,0,2628.0,2635.4,2747.1
9127,2021-03-25 10:58:00,2628.0,2628.0,2628.0,2628.0,25,0,2628.0,2635.4,2747.1
9128,2021-03-25 10:59:00,2628.0,2628.0,2628.0,2628.0,25,0,2628.0,2635.4,2747.1
9129,2021-03-25 11:00:00,2628.0,2628.0,2628.0,2628.0,25,0,2628.0,2635.4,2747.1
9130,2021-03-25 11:01:00,2628.0,2628.0,2628.0,2628.0,25,0,2628.0,2635.4,2747.1
9131,2021-03-25 11:02:00,2628.0,2628.0,2628.0,2628.0,25,0,2628.0,2635.4,2747.1
9132,2021-03-25 11:03:00,2628.0,2628.0,2628.0,2628.0,25,0,2628.0,2635.4,2747.1
9133,2021-03-25 11:04:00,2628.0,2628.0,2628.0,2628.0,25,0,2628.0,2635.4,2747.1
9134,2021-03-25 11:05:00,2628.0,2628.0,2628.0,2628.0,25,0,2628.0,2635.4,2747.1
9135,2021-03-25 11:06:00,2628.0,2628.0,2628.0,2628.0,25,0,2628.0,2635.4,2747.1
9136,2021-03-25 11:07:00,2628.0,2628.0,2628.0,2628.0,25,0,2628.0,2635.4,2747.1
9137,2021-03-25 11:08:00,2628.0,2628.0,2628.0,2628.0,25,0,2628.0,2635.4,2747.1
9138,2021-03-25 11:09:00,2628.0,2628.0,2628.0,2628.0,25,0,2628.0,2635.4,2747.1
9139,2021-03-25 11:10:00,2628.0,2628.0,2628.0,2628.0,25,0,2628.0,2635.4,2747.1
9140,2021-03-25 11:11:00,2628.0,2628.0,2628.0,2628.0,25,0,2628.0,2635.4,2747.1
9141,2021-03-25 11:12:00,2628.0,2628.0,2628.0,2628.0,25,0,2628.0,2635.4,2747.1
9142,2021-03-25 11:13:00,2628.0,2628.0,2628.0,2628.0,25,0,2628.0,2635.4,2747.1
9143,2021-03-25 11:14:00,2628.0,2628.0,2628.0,2628.0,25,0,2628.0,2635.4,2747.1
9144,2021-03-25 11:15:00,2628.0,2628.0,2628.0,2628.0,25,0,2628.0,2635.4,2747.1
9145,2021-03-25 11:16:00,2628.0,2628.0,2628.0,2628.0,25,0,2628.0,2635.4,2747.1
9146,2021-03-25 11:17:00,2628.0,2628.0,2628.0,2628.0,25,0,2628.0,2635.4,2747.1
9147,2021-03-25 11:18:00,2628.0,2628.0,2628.0,2628.0,25,0,2628.0,2635.4,2747.1
9148,2021-03-25 11:19:00,2628.0,2628.0,2628.0,2628.0,25,0,2628.0,2635.4,2747.1
9149,2021-03-25 11:20:00,2628.0,2628.0,2628.0,2628.0,25,0,2628.0,2635.4,2747.1
9150,2021-03-25 11:21:00,2628.0,2628.0,2628.0,2628.0,25,0,2628.0,2635.4,2747.1
9151,2021-03-25 11:22:00,2628.0,2628.0,2628.0,2628.0,25,0,2628.0,2635.4,2747.1
9152,2021-03-25 11:23:00,2628.0,2628.0,2628.0,2628.0,25,0,2628.0,2635.4,2747.1
9153,2021-03-25 11:24:00,2628.0,2628.0,2628.0,2628.0,25,0,2628.0,2635.4,2747.1
9154,2021-03-25 11:25:00,2628.0,2628.0,2628.0,2628.0,25,0,2628.0,2635.4,2747.1
9155,2021-03-25 11:26:00,2628.0,2628.0,2628.0,2628.0,25,0,2628.0,2635.4,2747.1
9156,2021-03-25 11:27:00,2628.0,2628.0,2628.0,2628.0,25,0,2628.0,2635.4,2747.1
9157,2021-03-25 11:28:00,2628.0,2628.0,2628.0,2628.0,25,0,2628.0,2635.4,2747.1
9158,2021-03-25 11:29:00,2628.0,2628.0,2628.0,2628.0,25,0,2628.0,2635.4,2747.1
9159,2021-03-25 11:30:00,2628.0,2628.0,2628.0,2628.0,25,0,2628.0,2635.4,2747.1
9160,2021-03-25 11:31:00,2628.0,2628.0,2628.0,2628.0,25,0,2628.0,2635.4,2747.1
9161,2021-03-25 11:32:00,2628.0,2628.0,2628.0,2628.0,25,0,2628.0,2635.4,2747.1
9162,2021-03-25 11:33:00,2628.0,2628.0,2628.0,2628.0,25,0,2628.0,2635.4,2747.1
9163,2021-03-25 11:34:00,2628.0,2628.0,2628.0,2628.0,25,0,2628.0,2635.4,2747.1
9164,2021-03-25 11:35:00,2628.0,2628.0,2628.0,2628.0,25,0,2628.0,2635.4,2747.1
9165,2021-03-25 11:36:00,2628.0,2628.0,2628.0,2628.0,25,0,2628.0,2635.4,2747.1
9166,2021-03-25 11:37:00,2628.0,2628.0,2628.0,2628.0,25,0,2628.0,2635.4,2747.1
9167,2021-03-25 11:38:00,2628.0,2628.0,2628.0,2628.0,25,0,2628.0,2635.4,2747.1
9168,2021-03-25 11:39:00,2628.0,2628.0,2628.0,2628.0,25,0,2628.0,2635.4,2747.1
9169,2021-03-25 11:40:00,2628.0,2628.0,2628.0,2628.0,25,0,2628.0,2635.4,2747.1
9170,2021-03-25 11:41:00,2628.0,2628.0,2628.0,2628.0,25,0,2628.0,2635.4,2747.1
9171,2021-03-25 11:42:00,2628.0,2628.0,2628.0,2628.0,25,0,2628.0,2635.4,2747.1
9172,2021-03-25 11:43:00,2628.0,2628.0,2628.0,2628.0,25,0,2628.0,2635.4,2747.1
9173,2021-03-25 11:44:00,2628.0,2628.0,2628.0,2628.0,25,0,2628.0,2635.4,2747.1
9174,2021-03-25 11:45:00,2628.0,2628.0,2628.0,2628.0,25,0,2628.0,2635.4,2747.1
9175,2021-03-25 11:46:00,2628.0,2628.0,2628.0,2628.0,25,0,2628.0,2635.4,2747.1
9176,2021-03-25 11:47:00,2628.0,2628.0,2628.0,2628.0,25,0,2628.0,2635.4,2747.1
9177,2021-03-25 11:48:00,2628.0,2628.0,2628.0,2628.0,25,0,2628.0,2635.4,2747.1
9178,2021-03-25 11:49:00,2710.35,2710.35,2710.35,2710.35,25,0,2669.17,2704.2,2780.55
9179,2021-03-25 11:50:00,2710.35,2710.35,2710.35,2710.35,25,0,2669.17,2704.2,2780.55
9180,2021-03-25 11:51:00,2710.35,2710.35,2710.35,2710.35,25,0,2669.17,2704.2,2780.55
9181,2021-03-25 11:52:00,2710.35,2710.35,2710.35,2710.35,25,0,2669.17,2704.2,2780.55
9182,2021-03-25 11:53:00,2710.35,2710.35,2710.35,2710.35,25,0,2669.17,2704.2,2780.55
9183,2021-03-25 11:54:00,2710.35,2710.35,2710.35,2710.35,25,0,2669.17,2704.2,2780.55
9184,2021-03-25 11:55:00,2710.35,2710.35,2710.35,2710.35,25,0,2669.17,2704.2,2780.55
9185,2021-03-25 11:56:00,2710.35,2710.35,2710.35,2710.35,25,0,2669.17,2704.2,2780.55
9186,2021-03-25 11:57:00,2710.35,2710.35,2710.35,2710.35,25,0,2669.17,2704.2,2780.55
9187,2021-03-25 11:58:00,2710.35,2710.35,2710.35,2710.35,25,0,2669.17,2704.2,2780.55
9188,2021-03-25 11:59:00,2710.35,2710.35,2710.35,2710.35,25,0,2669.17,2704.2,2780.55
9189,2021-03-25 12:00:00,2710.35,2710.35,2710.35,2710.35,25,0,2669.17,2704.2,2780.55
9190,2021-03-25 12:01:00,2710.35,2710.35,2710.35,2710.35,25,0,2669.17,2704.2,2780.55
9191,2021-03-25 12:02:00,2710.35,2710.35,2710.35,2710.35,25,0,2669.17,2704.2,2780.55
9192,2021-03-25 12:03:00,2710.35,2710.35,2710.35,2710.35,25,0,2669.17,2704.2,2780.55
9193,2021-03-25 12:04:00,2710.35,2710.35,2710.35,2710.35,25,0,2669.17,2704.2,2780.55
9194,2021-03-25 12:05:00,2710.35,2710.35,2710.35,2710.35,25,0,2669.17,2704.2,2780.55
9195,2021-03-25 12:06:00,2710.35,2710.35,2710.35,2710.35,25,0,2669.17,2704.2,2780.55
9196,2021-03-25 12:07:00,2710.35,2710.35,2710.35,2710.35,25,0,2669.17,2704.2,2780.55
9197,2021-03-25 12:08:00,2710.35,2710.35,2710.35,2710.35,25,0,2669.17,2704.2,2780.55
9198,2021-03-25 12:09:00,2710.35,2710.35,2710.35,2710.35,25,0,2669.17,2704.2,2780.55
9199,2021-03-25 12:10:00,2710.35,2710.35,2710.35,2710.35,25,0,2669.17,2704.2,2780.55
9200,2021-03-25 12:11:00,2710.35,2710.35,2710.35,2710.35,25,0,2669.17,2704.2,2780.55
9201,2021-03-25 12:12:00,2710.35,2710.35,2710.35,2710.35,25,0,2669.17,2704.2,2780.55
9202,2021-03-25 12:13:00,2710.35,2710.35,2710.35,2710.35,25,0,2669.17,2704.2,2780.55
9203,2021-03-25 12:14:00,2710.35,2710.35,2710.35,2710.35,25,0,2669.17,2704.2,2780.55
9204,2021-03-25 12:15:00,2710.35,2710.35,2710.35,2710.35,25,0,2669.17,2704.2,2780.55
9205,2021-03-25 12:16:00,2710.35,2710.35,2710.35,2710.35,25,0,2669.17,2704.2,2780.55
9206,2021-03-25 12:17:00,2710.35,2710.35,2710.35,2710.35,25,0,2669.17,2704.2,2780.55
9207,2021-03-25 12:18:00,2710.35,2710.35,2710.35,2710.35,25,0,2669.17,2704.2,2780.55
9208,2021-03-25 12:19:00,2710.35,2710.35,2710.35,2710.35,25,0,2669.17,2704.2,2780.55
9209,2021-03-25 12:20:00,2710.35,2710.35,2710.35,2710.35,25,0,2669.17,2704.2,2780.55
9210,2021-03-25 12:21:00,2710.35,2710.35,2710.35,2710.35,25,0,2669.17,2704.2,2780.55
9211,2021-03-25 12:22:00,2710.35,2710.35,2710.35,2710.35,25,0,2669.17,2704.2,2780.55
9212,2021-03-25 12:23:00,2710.35,2710.35,2710.35,2710.35,25,0,2669.17,2704.2,2780.55
9213,2021-03-25 12:24:00,2710.35,2710.35,2710.35,2710.35,25,0,2669.17,2704.2,2780.55
9214,2021-03-25 12:25:00,2710.35,2710.35,2710.35,2710.35,25,0,2669.17,2704.2,2780.55
9215,2021-03-25 12:26:00,2710.35,2710.35,2710.35,2710.35,25,0,2669.17,2704.2,2780.55
9216,2021-03-25 12:27:00,2710.35,2710.35,2710.35,2710.35,25,0,2669.17,2704.2,2780.55
9217,2021-03-25 12:28:00,2710.35,2710.35,2710.35,2710.35,25,0,2669.17,2704.2,2780.55
9218,2021-03-25 12:29:00,2710.35,2710.35,2710.35,2710.35,25,0,2669.17,2704.2,2780.55
9219,2021-03-25 12:30:00,2710.35,2710.35,2710.35,2710.35,25,0,2669.17,2704.2,2780.55
9220,2021-03-25 12:31:00,2710.35,2710.35,2710.35,2710.35,25,0,2669.17,2704.2,2780.55
9221,2021-03-25 12:32:00,2710.35,2710.35,2710.35,2710.35,25,0,2669.17,2704.2,2780.55
9222,2021-03-25 12:33:00,2710.35,2710.35,2710.35,2710.35,25,0,2669.17,2704.2,2780.55
9223,2021-03-25 12:34:00,2710.35,2710.35,2710.35,2710.35,25,0,2669.17,2704.2,2780.55
9224,2021-03-25 12:35:00,2710.35,2710.35,2710.35,2710.35,25,0,2669.17,2704.2,2780.55
9225,2021-03-25 12:36:00,2710.35,2710.35,2710.35,2710.35,25,0,2669.17,2704.2,2780.55
9226,2021-03-25 12:37:00,2710.35,2710.35,2710.35,2710.35,25,0,2669.17,2704.2,2780.55
9227,2021-03-25 12:38:00,2710.35,2710.35,2710.35,2710.35,25,0,2669.17,2704.2,2780.55
9228,2021-03-25 12:39:00,2710.35,2710.35,2710.35,2710.35,25,0,2669.17,2704.2,2780.55
9229,2021-03-25 12:40:00,2710.35,2710.35,2710.35,2710.35,25,0,2669.17,2704.2,2780.55
9230,2021-03-25 12:41:00,2710.35,2710.35,2710.35,2710.35,25,0,2669.17,2704.2,2780.55
9231,2021-03-25 12:42:00,2710.35,2710.35,2710.35,2710.35,25,0,2669.17,2704.2,2780.55
9232,2021-03-25 12:43:00,2710.35,2710.35,2710.35,2710.35,25,0,2669.17,2704.2,2780.55
9233,2021-03-25 12:44:00,2710.35,2710.35,2710.35,2710.35,25,0,2669.17,2704.2,2780.55
9234,2021-03-25 12:45:00,2710.35,2710.35,2710.35,2710.35,25,0,2669.17,2704.2,2780.55
9235,2021-03-25 12:46:00,2710.35,2710.35,2710.35,2710.35,25,0,2669.17,2704.2,2780.55
9236,2021-03-25 12:47:00,2710.35,2710.35,2710.35,2710.35,25,0,2669.17,2704.2,2780.55
9237,2021-03-25 12:48:00,2710.35,2710.35,2710.35,2710.35,25,0,2669.17,2704.2,2780.55
9238,2021-03-25 12:49:00,2710.35,2710.35,2710.35,2710.35,25,0,2669.17,2704.2,2780.55
9239,2021-03-25 12:50:00,2710.35,2710.35,2710.35,2710.35,25,0,2669.17,2704.2,2780.55
9240,2021-03-25 12:51:00,2710.35,2710.35,2710.35,2710.35,25,0,2669.17,2704.2,2780.55
9241,2021-03-25 12:52:00,2710.35,2710.35,2710.35,2710.35,25,0,2669.17,2704.2,2780.55
9242,2021-03-25 12:53:00,2710.35,2710.35,2710.35,2710.35,25,0,2669.17,2704.2,2780.55
9243,2021-03-25 12:54:00,2710.35,2710.35,2710.35,2710.35,25,0,2669.17,2704.2,2780.55
9244,2021-03-25 12:55:00,2710.35,2710.35,2710.35,2710.35,25,0,2669.17,2704.2,2780.55
9245,2021-03-25 12:56:00,2710.35,2710.35,2710.35,2710.35,25,0,2669.17,2704.2,2780.55
9246,2021-03-25 12:57:00,2710.35,2710.35,2710.35,2710.35,25,0,2669.17,2704.2,2780.55
9247,2021-03-25 12:58:00,2710.35,2710.35,2710.35,2710.35,25,0,2669.17,2704.2,2780.55
9248,2021-03-25 12:59:00,2710.35,2710.35,2710.35,2710.35,25,0,2669.17,2704.2,2780.55
9249,2021-03-25 13:00:00,2710.35,2710.35,2710.35,2710.35,25,0,2669.17,2704.2,2780.55
9250,2021-03-25 13:01:00,2710.35,2710.35,2710.35,2710.35,25,0,2669.17,2704.2,2780.55
9251,2021-03-25 13:02:00,2710.35,2710.35,2710.35,2710.35,25,0,2669.17,2704.2,2780.55
9252,2021-03-25 13:03:00,2710.35,2710.35,2710.35,2710.35,25,0,2669.17,2704.2,2780.55
9253,2021-03-25 13:04:00,2710.35,2710.35,2710.35,2710.35,25,0,2669.17,2704.2,2780.55
9254,2021-03-25 13:05:00,2710.35,2710.35,2710.35,2710.35,25,0,2669.17,2704.2,2780.55
9255,2021-03-25 13:06:00,2710.35,2710.35,2710.35,2710.35,25,0,2669.17,2704.2,2780.55
9256,2021-03-25 13:07:00,2710.35,2710.35,2710.35,2710.35,25,0,2669.17,2704.2,2780.55
9257,2021-03-25 13:08:00,2710.35,2710.35,2710.35,2710.35,25,0,2669.17,2704.2,2780.55
9258,2021-03-25 13:09:00,2710.35,2710.35,2710.35,2710.35,25,0,2669.17,2704.2,2780.55
9259,2021-03-25 13:10:00,2710.35,2710.35,2710.35,2710.35,25,0,2669.17,2704.2,2780.55
9260,2021-03-25 13:11:00,2710.35,2710.35,2710.35,2710.35,25,0,2669.17,2704.2,2780.55
9261,2021-03-25 13:12:00,2710.35,2710.35,2710.35,2710.35,25,0,2669.17,2704.2,2780.55
9262,2021-03-25 13:13:00,2710.35,2710.35,2710.35,2710.35,25,0,2669.17,2704.2,2780.55
9263,2021-03-25 13:14:00,2710.35,2710.35,2710.35,2710.35,25,0,2669.17,2704.2,2780.55
9264,2021-03-25 13:15:00,2710.35,2710.35,2710.35,2710.35,25,0,2669.17,2704.2,2780.55
9265,2021-03-25 13:16:00,2710.35,2710.35,2710.35,2710.35,25,0,2669.17,2704.2,2780.55
9266,2021-03-25 13:17:00,2710.35,2710.35,2710.35,2710.35,25,0,2669.17,2704.2,2780.55
9267,2021-03-25 13:18:00,2710.35,2710.35,2710.35,2710.35,25,0,2669.17,2704.2,2780.55
9268,2021-03-25 13:19:00,2710.35,2710.35,2710.35,2710.35,25,0,2669.17,2704.2,2780.55
9269,2021-03-25 13:20:00,2710.35,2710.35,2710.35,2710.35,25,0,2669.17,2704.2,2780.55
9270,2021-03-25 13:21:00,2710.35,2710.35,2710.35,2710.35,25,0,2669.17,2704.2,2780.55
9271,2021-03-25 13:22:00,2710.35,2710.35,2710.35,2710.35,25,0,2669.17,2704.2,2780.55
9272,2021-03-25 13:23:00,2710.35,2710.35,2710.35,2710.35,25,0,2669.17,2704.2,2780.55
9273,2021-03-25 13:24:00,2710.35,2710.35,2710.35,2710.35,25,0,2669.17,2704.2,2780.55
9274,2021-03-25 13:25:00,2710.35,2710.35,2710.35,2710.35,25,0,2669.17,2704.2,2780.55
9275,2021-03-25 13:26:00,2710.35,2710.35,2710.35,2710.35,25,0,2669.17,2704.2,2780.55
9276,2021-03-25 13:27:00,2710.35,2710.35,2710.35,2710.35,25,0,2669.17,2704.2,2780.55
9277,2021-03-25 13:28:00,2710.35,2710.35,2710.35,2710.35,25,0,2669.17,2704.2,2780.55
9278,2021-03-25 13:29:00,2710.35,2710.35,2710.35,2710.35,25,0,2669.17,2704.2,2780.55
9279,2021-03-25 13:30:00,2767.5,2767.5,2767.5,2767.5,25,0,2701.95,2536.5,2741.2
9280,2021-03-25 13:31:00,2767.5,2767.5,2767.5,2767.5,25,0,2701.95,2536.5,2741.2
9281,2021-03-25 13:32:00,2767.5,2767.5,2767.5,2767.5,25,0,2701.95,2536.5,2741.2
9282,2021-03-25 13:33:00,2767.5,2767.5,2767.5,2767.5,25,0,2701.95,2536.5,2741.2
9283,2021-03-25 13:34:00,2767.5,2767.5,2767.5,2767.5,25,0,2701.95,2536.5,2741.2
9284,2021-03-25 13:35:00,2767.5,2767.5,2767.5,2767.5,25,0,2701.95,2536.5,2741.2
9285,2021-03-25 13:36:00,2767.5,2767.5,2767.5,2767.5,25,0,2701.95,2536.5,2741.2
9286,2021-03-25 13:37:00,2767.5,2767.5,2767.5,2767.5,25,0,2701.95,2536.5,2741.2
9287,2021-03-25 13:38:00,2767.5,2767.5,2767.5,2767.5,25,0,2701.95,2536.5,2741.2
9288,2021-03-25 13:39:00,2767.5,2767.5,2767.5,2767.5,25,0,2701.95,2536.5,2741.2
9289,2021-03-25 13:40:00,2767.5,2767.5,2767.5,2767.5,25,0,2701.95,2536.5,2741.2
9290,2021-03-25 13:41:00,2767.5,2767.5,2767.5,2767.5,25,0,2701.95,2536.5,2741.2
9291,2021-03-25 13:42:00,2767.5,2767.5,2767.5,2767.5,25,0,2701.95,2536.5,2741.2
9292,2021-03-25 13:43:00,2767.5,2767.5,2767.5,2767.5,25,0,2701.95,2536.5,2741.2
9293,2021-03-25 13:44:00,2767.5,2767.5,2767.5,2767.5,25,0,2701.95,2536.5,2741.2
9294,2021-03-25 13:45:00,2767.5,2767.5,2767.5,2767.5,25,0,2701.95,2536.5,2741.2
9295,2021-03-25 13:46:00,2767.5,2767.5,2767.5,2767.5,25,0,2701.95,2536.5,2741.2
9296,2021-03-25 13:47:00,2767.5,2767.5,2767.5,2767.5,25,0,2701.95,2536.5,2741.2
9297,2021-03-25 13:48:00,2767.5,2767.5,2767.5,2767.5,25,0,2701.95,2536.5,2741.2
9298,2021-03-25 13:49:00,2767.5,2767.5,2767.5,2767.5,25,0,2701.95,2536.5,2741.2
9299,2021-03-25 13:50:00,2767.5,2767.5,2767.5,2767.5,25,0,2701.95,2536.5,2741.2
9300,2021-03-25 13:51:00,2767.5,2767.5,2767.5,2767.5,25,0,2701.95,2536.5,2741.2
9301,2021-03-25 13:52:00,2767.5,2767.5,2767.5,2767.5,25,0,2701.95,2536.5,2741.2
9302,2021-03-25 13:53:00,2767.5,2767.5,2767.5,2767.5,25,0,2701.95,2536.5,2741.2
9303,2021-03-25 13:54:00,2767.5,2767.5,2767.5,2767.5,25,0,2701.95,2536.5,2741.2
9304,2021-03-25 13:55:00,2767.5,2767.5,2767.5,2767.5,25,0,2701.95,2536.5,2741.2
9305,2021-03-25 13:56:00,2767.5,2767.5,2767.5,2767.5,25,0,2701.95,2536.5,2741.2
9306,2021-03-25 13:57:00,2767.5,2767.5,2767.5,2767.5,25,0,2701.95,2536.5,2741.2
9307,2021-03-25 13:58:00,2767.5,2767.5,2767.5,2767.5,25,0,2701.95,2536.5,2741.2
9308,2021-03-25 13:59:00,2767.5,2767.5,2767.5,2767.5,25,0,2701.95,2536.5,2741.2
9309,2021-03-25 14:00:00,2767.5,2767.5,2767.5,2767.5,25,0,2701.95,2536.5,2741.2
9310,2021-03-25 14:01:00,2767.5,2767.5,2767.5,2767.5,25,0,2701.95,2536.5,2741.2
9311,2021-03-25 14:02:00,2767.5,2767.5,2767.5,2767.5,25,0,2701.95,2536.5,2741.2
9312,2021-03-25 14:03:00,2767.5,2767.5,2767.5,2767.5,25,0,2701.95,2536.5,2741.2
9313,2021-03-25 14:04:00,2767.5,2767.5,2767.5,2767.5,25,0,2701.95,2536.5,2741.2
9314,2021-03-25 14:05:00,2767.5,2767.5,2767.5,2767.5,25,0,2701.95,2536.5,2741.2
9315,2021-03-25 14:06:00,2767.5,2767.5,2767.5,2767.5,25,0,2701.95,2536.5,2741.2
9316,2021-03-25 14:07:00,2767.5,2767.5,2767.5,2767.5,25,0,2701.95,2536.5,2741.2
9317,2021-03-25 14:08:00,2767.5,2767.5,2767.5,2767.5,25,0,2701.95,2536.5,2741.2
9318,2021-03-25 14:09:00,2767.5,2767.5,2767.5,2767.5,25,0,2701.95,2536.5,2741.2
9319,2021-03-25 14:10:00,2767.5,2767.5,2767.5,2767.5,25,0,2701.95,2536.5,2741.2
9320,2021-03-25 14:11:00,2767.5,2767.5,2767.5,2767.5,25,0,2701.95,2536.5,2741.2
9321,2021-03-25 14:12:00,2767.5,2767.5,2767.5,2767.5,25,0,2701.95,2536.5,2741.2
9322,2021-03-25 14:13:00,2767.5,2767.5,2767.5,2767.5,25,0,2701.95,2536.5,2741.2
9323,2021-03-25 14:14:00,2767.5,2767.5,2767.5,2767.5,25,0,2701.95,2536.5,2741.2
9324,2021-03-25 14:15:00,2767.5,2767.5,2767.5,2767.5,25,0,2701.95,2536.5,2741.2
9325,2021-03-25 14:16:00,2767.5,2767.5,2767.5,2767.5,25,0,2701.95,2536.5,2741.2
9326,2021-03-25 14:17:00,2767.5,2767.5,2767.5,2767.5,25,0,2701.95,2536.5,2741.2
9327,2021-03-25 14:18:00,2767.5,2767.5,2767.5,2767.5,25,0,2701.95,2536.5,2741.2
9328,2021-03-25 14:19:00,2767.5,2767.5,2767.5,2767.5,25,0,2701.95,2536.5,2741.2
9329,2021-03-25 14:20:00,2767.5,2767.5,2767.5,2767.5,25,0,2701.95,2536.5,2741.2
9330,2021-03-25 14:21:00,2767.5,2767.5,2767.5,2767.5,25,0,2701.95,2536.5,2741.2
9331,2021-03-25 14:22:00,2767.5,2767.5,2767.5,2767.5,25,0,2701.95,2536.5,2741.2
9332,2021-03-25 14:23:00,2767.5,2767.5,2767.5,2767.5,25,0,2701.95,2536.5,2741.2
9333,2021-03-25 14:24:00,2767.5,2767.5,2767.5,2767.5,25,0,2701.95,2536.5,2741.2
9334,2021-03-25 14:25:00,2767.5,2767.5,2767.5,2767.5,25,0,2701.95,2536.5,2741.2
9335,2021-03-25 14:26:00,2767.5,2767.5,2767.5,2767.5,25,0,2701.95,2536.5,2741.2
9336,2021-03-25 14:27:00,2767.5,2767.5,2767.5,2767.5,25,0,2701.95,2536.5,2741.2
9337,2021-03-25 14:28:00,2767.5,2767.5,2767.5,2767.5,25,0,2701.95,2536.5,2741.2
9338,2021-03-25 14:29:00,2767.5,2767.5,2767.5,2767.5,25,0,2701.95,2536.5,2741.2
9339,2021-03-25 14:30:00,2767.5,2767.5,2767.5,2767.5,25,0,2701.95,2536.5,2741.2
9340,2021-03-25 14:31:00,2767.5,2767.5,2767.5,2767.5,25,0,2701.95,2536.5,2741.2
9341,2021-03-25 14:32:00,2767.5,2767.5,2767.5,2767.5,25,0,2701.95,2536.5,2741.2
9342,2021-03-25 14:33:00,2767.5,2767.5,2767.5,2767.5,25,0,2701.95,2536.5,2741.2
9343,2021-03-25 14:34:00,2767.5,2767.5,2767.5,2767.5,25,0,2701.95,2536.5,2741.2
9344,2021-03-25 14:35:00,2767.5,2767.5,2767.5,2767.5,25,0,2701.95,2536.5,2741.2
9345,2021-03-25 14:36:00,2767.5,2767.5,2767.5,2767.5,25,0,2701.95,2536.5,2741.2
9346,2021-03-25 14:37:00,2767.5,2767.5,2767.5,2767.5,25,0,2701.95,2536.5,2741.2
9347,2021-03-25 14:38:00,2767.5,2767.5,2767.5,2767.5,25,0,2701.95,2536.5,2741.2
9348,2021-03-25 14:39:00,2767.5,2767.5,2767.5,2767.5,25,0,2701.95,2536.5,2741.2
9349,2021-03-25 14:40:00,2767.5,2767.5,2767.5,2767.5,25,0,2701.95,2536.5,2741.2
9350,2021-03-25 14:41:00,2767.5,2767.5,2767.5,2767.5,25,0,2701.95,2536.5,2741.2
9351,2021-03-25 14:42:00,2767.5,2767.5,2767.5,2767.5,25,0,2701.95,2536.5,2741.2
9352,2021-03-25 14:43:00,2767.5,2767.5,2767.5,2767.5,25,0,2701.95,2536.5,2741.2
9353,2021-03-25 14:44:00,2767.5,2767.5,2767.5,2767.5,25,0,2701.95,2536.5,2741.2
9354,2021-03-25 14:45:00,2767.5,2767.5,2767.5,2767.5,25,0,2701.95,2536.5,2741.2
9355,2021-03-25 14:46:00,2767.5,2767.5,2767.5,2767.5,25,0,2701.95,2536.5,2741.2
9356,2021-03-25 14:47:00,2767.5,2767.5,2767.5,2767.5,25,0,2701.95,2536.5,2741.2
9357,2021-03-25 14:48:00,2767.5,2767.5,2767.5,2767.5,25,0,2701.95,2536.5,2741.2
9358,2021-03-25 14:49:00,2767.5,2767.5,2767.5,2767.5,25,0,2701.95,2536.5,2741.2
9359,2021-03-25 14:50:00,2767.5,2767.5,2767.5,2767.5,25,0,2701.95,2536.5,2741.2
9360,2021-03-25 14:51:00,2767.5,2767.5,2767.5,2767.5,25,0,2701.95,2536.5,2741.2
9361,2021-03-25 14:52:00,2767.5,2767.5,2767.5,2767.5,25,0,2701.95,2536.5,2741.2
9362,2021-03-25 14:53:00,2767.5,2767.5,2767.5,2767.5,25,0,2701.95,2536.5,2741.2
9363,2021-03-25 14:54:00,2767.5,2767.5,2767.5,2767.5,25,0,2701.95,2536.5,2741.2
9364,2021-03-25 14:55:00,2767.5,2767.5,2767.5,2767.5,25,0,2701.95,2536.5,2741.2
9365,2021-03-25 14:56:00,2767.5,2767.5,2767.5,2767.5,25,0,2701.95,2536.5,2741.2
9366,2021-03-25 14:57:00,2767.5,2767.5,2767.5,2767.5,25,0,2701.95,2536.5,2741.2
9367,2021-03-25 14:58:00,2767.5,2767.5,2767.5,2767.5,25,0,2701.95,2536.5,2741.2
9368,2021-03-25 14:59:00,2767.5,2767.5,2767.5,2767.5,25,0,2701.95,2536.5,2741.2
9369,2021-03-25 15:00:00,2767.5,2767.5,2767.5,2767.5,25,0,2701.95,2536.5,2741.2
9370,2021-03-25 15:01:00,2767.5,2767.5,2767.5,2767.5,25,0,2701.95,2536.5,2741.2
9371,2021-03-25 15:02:00,2767.5,2767.5,2767.5,2767.5,25,0,2701.95,2536.5,2741.2
9372,2021-03-25 15:03:00,2767.5,2767.5,2767.5,2767.5,25,0,2701.95,2536.5,2741.2
9373,2021-03-25 15:04:00,2767.5,2767.5,2767.5,2767.5,25,0,2701.95,2536.5,2741.2
9374,2021-03-25 15:05:00,2767.5,2767.5,2767.5,2767.5,25,0,2701.95,2536.5,2741.2
9375,2021-03-25 15:06:00,2767.5,2767.5,2767.5,2767.5,25,0,2701.95,2536.5,2741.2
9376,2021-03-25 15:07:00,2767.5,2767.5,2767.5,2767.5,25,0,2701.95,2536.5,2741.2
9377,2021-03-25 15:08:00,2767.5,2767.5,2767.5,2767.5,25,0,2701.95,2536.5,2741.2
9378,2021-03-25 15:09:00,2767.5,2767.5,2767.5,2767.5,25,0,2701.95,2536.5,2741.2
9379,2021-03-25 15:10:00,2767.5,2767.5,2767.5,2767.5,25,0,2701.95,2536.5,2741.2
9380,2021-03-25 15:11:00,2767.5,2767.5,2767.5,2767.5,25,0,2701.95,2536.5,2741.2
9381,2021-03-25 15:12:00,2767.5,2767.5,2767.5,2767.5,25,0,2701.95,2536.5,2741.2
9382,2021-03-25 15:13:00,2767.5,2767.5,2767.5,2767.5,25,0,2701.95,2536.5,2741.2
9383,2021-03-25 15:14:00,2500.0,2500.0,2500.0,2500.0,25,600,2651.46,2394.0,2529.25
9384,2021-03-25 15:15:00,2500.0,2500.0,2500.0,2500.0,25,600,2651.46,2394.0,2529.25
9385,2021-03-25 15:16:00,2500.0,2500.0,2500.0,2500.0,25,600,2651.46,2394.0,2529.25
9386,2021-03-25 15:17:00,2500.0,2500.0,2500.0,2500.0,25,600,2651.46,2394.0,2529.25
9387,2021-03-25 15:18:00,2500.0,2500.0,2500.0,2500.0,25,600,2651.46,2394.0,2529.25
9388,2021-03-25 15:19:00,2500.0,2500.0,2500.0,2500.0,25,600,2651.46,2394.0,2529.25
9389,2021-03-25 15:20:00,2500.0,2500.0,2500.0,2500.0,25,600,2651.46,2394.0,2529.25
9390,2021-03-25 15:21:00,2500.0,2500.0,2500.0,2500.0,25,600,2651.46,2394.0,2529.25
9391,2021-03-25 15:22:00,2500.0,2500.0,2500.0,2500.0,25,600,2651.46,2394.0,2529.25
9392,2021-03-25 15:23:00,2500.0,2500.0,2500.0,2500.0,25,600,2651.46,2394.0,2529.25
9393,2021-03-25 15:24:00,2500.0,2500.0,2500.0,2500.0,25,600,2651.46,2394.0,2529.25
9394,2021-03-25 15:25:00,2500.0,2500.0,2500.0,2500.0,25,600,2651.46,2394.0,2529.25
9395,2021-03-25 15:26:00,2500.0,2500.0,2500.0,2500.0,25,600,2651.46,2394.0,2529.25
9396,2021-03-25 15:27:00,2500.0,2500.0,2500.0,2500.0,25,600,2651.46,2394.0,2529.25
9397,2021-03-25 15:28:00,2500.0,2500.0,2500.0,2500.0,25,600,2651.46,2394.0,2529.25
9398,2021-03-25 15:29:00,2500.0,2500.0,2500.0,2500.0,25,600,2651.46,2394.0,2529.25
9399,2021-03-25 15:30:00,2500.0,2500.0,2500.0,2500.0,25,600,2651.46,2394.0,2529.25
9400,2021-03-26 09:15:00,2500.0,2500.0,2500.0,2500.0,25,600,2651.46,2394.0,2529.25
9401,2021-03-26 09:16:00,2500.0,2500.0,2500.0,2500.0,25,600,2651.46,2394.0,2529.25
9402,2021-03-26 09:17:00,2500.0,2500.0,2500.0,2500.0,25,600,2651.46,2394.0,2529.25
9403,2021-03-26 09:18:00,2500.0,2500.0,2500.0,2500.0,25,600,2651.46,2394.0,2529.25
9404,2021-03-26 09:19:00,2500.0,2500.0,2500.0,2500.0,25,600,2651.46,2394.0,2529.25
9405,2021-03-26 09:20:00,2500.0,2500.0,2500.0,2500.0,25,600,2651.46,2394.0,2529.25
9406,2021-03-26 09:21:00,2500.0,2500.0,2500.0,2500.0,25,600,2651.46,2394.0,2529.25
9407,2021-03-26 09:22:00,2500.0,2500.0,2500.0,2500.0,25,600,2651.46,2394.0,2529.25
9408,2021-03-26 09:23:00,2500.0,2500.0,2500.0,2500.0,25,600,2651.46,2394.0,2529.25
9409,2021-03-26 09:24:00,2500.0,2500.0,2500.0,2500.0,25,600,2651.46,2394.0,2529.25
9410,2021-03-26 09:25:00,2500.0,2500.0,2500.0,2500.0,25,600,2651.46,2394.0,2529.25
9411,2021-03-26 09:26:00,2500.0,2500.0,2500.0,2500.0,25,600,2651.46,2394.0,2529.25
9412,2021-03-26 09:27:00,2500.0,2500.0,2500.0,2500.0,25,600,2651.46,2394.0,2529.25
9413,2021-03-26 09:28:00,2500.0,2500.0,2500.0,2500.0,25,600,2651.46,2394.0,2529.25
9414,2021-03-26 09:29:00,2500.0,2500.0,2500.0,2500.0,25,600,2651.46,2394.0,2529.25
9415,2021-03-26 09:30:00,2500.0,2500.0,2500.0,2500.0,25,600,2651.46,2394.0,2529.25
9416,2021-03-26 09:31:00,2500.0,2500.0,2500.0,2500.0,25,600,2651.46,2394.0,2529.25
9417,2021-03-26 09:32:00,2500.0,2500.0,2500.0,2500.0,25,600,2651.46,2394.0,2529.25
9418,2021-03-26 09:33:00,2500.0,2500.0,2500.0,2500.0,25,600,2651.46,2394.0,2529.25
9419,2021-03-26 09:34:00,2500.0,2500.0,2500.0,2500.0,25,600,2651.46,2394.0,2529.25
9420,2021-03-26 09:35:00,2170.85,2170.85,2170.85,2170.85,25,0,2170.85,2070.7,2236.55
9421,2021-03-26 09:36:00,2170.85,2170.85,2170.85,2170.85,25,0,2170.85,2070.7,2236.55
9422,2021-03-26 09:37:00,2170.85,2170.85,2170.85,2170.85,25,0,2170.85,2070.7,2236.55
9423,2021-03-26 09:38:00,2170.85,2170.85,2170.85,2170.85,25,0,2170.85,2070.7,2236.55
9424,2021-03-26 09:39:00,2170.85,2170.85,2170.85,2170.85,25,0,2170.85,2070.7,2236.55
9425,2021-03-26 09:40:00,2170.85,2170.85,2170.85,2170.85,25,0,2170.85,2070.7,2236.55
9426,2021-03-26 09:41:00,2170.85,2170.85,2170.85,2170.85,25,0,2170.85,2070.7,2236.55
9427,2021-03-26 09:42:00,2170.85,2170.85,2170.85,2170.85,25,0,2170.85,2070.7,2236.55
9428,2021-03-26 09:43:00,2170.85,2170.85,2170.85,2170.85,25,0,2170.85,2070.7,2236.55
9429,2021-03-26 09:44:00,2170.85,2170.85,2170.85,2170.85,25,0,2170.85,2070.7,2236.55
9430,2021-03-26 09:45:00,2170.85,2170.85,2170.85,2170.85,25,0,2170.85,2070.7,2236.55
9431,2021-03-26 09:46:00,2170.85,2170.85,2170.85,2170.85,25,0,2170.85,2070.7,2236.55
9432,2021-03-26 09:47:00,2170.85,2170.85,2170.85,2170.85,25,0,2170.85,2070.7,2236.55
9433,2021-03-26 09:48:00,2170.85,2170.85,2170.85,2170.85,25,0,2170.85,2070.7,2236.55
9434,2021-03-26 09:49:00,2170.85,2170.85,2170.85,2170.85,25,0,2170.85,2070.7,2236.55
9435,2021-03-26 09:50:00,2170.85,2170.85,2170.85,2170.85,25,0,2170.85,2070.7,2236.55
9436,2021-03-26 09:51:00,2170.85,2170.85,2170.85,2170.85,25,0,2170.85,2070.7,2236.55
9437,2021-03-26 09:52:00,2170.85,2170.85,2170.85,2170.85,25,0,2170.85,2070.7,2236.55
9438,2021-03-26 09:53:00,2170.85,2170.85,2170.85,2170.85,25,0,2170.85,2070.7,2236.55
9439,2021-03-26 09:54:00,2170.85,2170.85,2170.85,2170.85,25,0,2170.85,2070.7,2236.55
9440,2021-03-26 09:55:00,2170.85,2170.85,2170.85,2170.85,25,0,2170.85,2070.7,2236.55
9441,2021-03-26 09:56:00,2170.85,2170.85,2170.85,2170.85,25,0,2170.85,2070.7,2236.55
9442,2021-03-26 09:57:00,2170.85,2170.85,2170.85,2170.85,25,0,2170.85,2070.7,2236.55
9443,2021-03-26 09:58:00,2170.85,2170.85,2170.85,2170.85,25,0,2170.85,2070.7,2236.55
9444,2021-03-26 09:59:00,2170.85,2170.85,2170.85,2170.85,25,0,2170.85,2070.7,2236.55
9445,2021-03-26 10:00:00,2170.85,2170.85,2170.85,2170.85,25,0,2170.85,2070.7,2236.55
9446,2021-03-26 10:01:00,2170.85,2170.85,2170.85,2170.85,25,0,2170.85,2070.7,2236.55
9447,2021-03-26 10:02:00,2170.85,2170.85,2170.85,2170.85,25,0,2170.85,2070.7,2236.55
9448,2021-03-26 10:03:00,2170.85,2170.85,2170.85,2170.85,25,0,2170.85,2070.7,2236.55
9449,2021-03-26 10:04:00,2170.85,2170.85,2170.85,2170.85,25,0,2170.85,2070.7,2236.55
9450,2021-03-26 10:05:00,2170.85,2170.85,2170.85,2170.85,25,0,2170.85,2070.7,2236.55
9451,2021-03-26 10:06:00,2170.85,2170.85,2170.85,2170.85,25,0,2170.85,2070.7,2236.55
9452,2021-03-26 10:07:00,2170.85,2170.85,2170.85,2170.85,25,0,2170.85,2070.7,2236.55
9453,2021-03-26 10:08:00,2170.85,2170.85,2170.85,2170.85,25,0,2170.85,2070.7,2236.55
9454,2021-03-26 10:09:00,2170.85,2170.85,2170.85,2170.85,25,0,2170.85,2070.7,2236.55
9455,2021-03-26 10:10:00,2170.85,2170.85,2170.85,2170.85,25,0,2170.85,2070.7,2236.55
9456,2021-03-26 10:11:00,2170.85,2170.85,2170.85,2170.85,25,0,2170.85,2070.7,2236.55
9457,2021-03-26 10:12:00,2170.85,2170.85,2170.85,2170.85,25,0,2170.85,2070.7,2236.55
9458,2021-03-26 10:13:00,2170.85,2170.85,2170.85,2170.85,25,0,2170.85,2070.7,2236.55
9459,2021-03-26 10:14:00,2170.85,2170.85,2170.85,2170.85,25,0,2170.85,2070.7,2236.55
9460,2021-03-26 10:15:00,2170.85,2170.85,2170.85,2170.85,25,0,2170.85,2070.7,2236.55
9461,2021-03-26 10:16:00,2170.85,2170.85,2170.85,2170.85,25,0,2170.85,2070.7,2236.55
9462,2021-03-26 10:17:00,2170.85,2170.85,2170.85,2170.85,25,0,2170.85,2070.7,2236.55
9463,2021-03-26 10:18:00,2170.85,2170.85,2170.85,2170.85,25,0,2170.85,2070.7,2236.55
9464,2021-03-26 10:19:00,2170.85,2170.85,2170.85,2170.85,25,0,2170.85,2070.7,2236.55
9465,2021-03-26 10:20:00,2170.85,2170.85,2170.85,2170.85,25,0,2170.85,2070.7,2236.55
9466,2021-03-26 10:21:00,2170.85,2170.85,2170.85,2170.85,25,0,2170.85,2070.7,2236.55
9467,2021-03-26 10:22:00,2170.85,2170.85,2170.85,2170.85,25,0,2170.85,2070.7,2236.55
9468,2021-03-26 10:23:00,2170.85,2170.85,2170.85,2170.85,25,0,2170.85,2070.7,2236.55
9469,2021-03-26 10:24:00,2170.85,2170.85,2170.85,2170.85,25,0,2170.85,2070.7,2236.55
9470,2021-03-26 10:25:00,2170.85,2170.85,2170.85,2170.85,25,0,2170.85,2070.7,2236.55
9471,2021-03-26 10:26:00,2170.85,2170.85,2170.85,2170.85,25,0,2170.85,2070.7,2236.55
9472,2021-03-26 10:27:00,2170.85,2170.85,2170.85,2170.85,25,0,2170.85,2070.7,2236.55
9473,2021-03-26 10:28:00,2170.85,2170.85,2170.85,2170.85,25,0,2170.85,2070.7,2236.55
9474,2021-03-26 10:29:00,2170.85,2170.85,2170.85,2170.85,25,0,2170.85,2070.7,2236.55
9475,2021-03-26 10:30:00,2170.85,2170.85,2170.85,2170.85,25,0,2170.85,2070.7,2236.55
9476,2021-03-26 10:31:00,2170.85,2170.85,2170.85,2170.85,25,0,2170.85,2070.7,2236.55
9477,2021-03-26 10:32:00,2170.85,2170.85,2170.85,2170.85,25,0,2170.85,2070.7,2236.55
9478,2021-03-26 10:33:00,2170.85,2170.85,2170.85,2170.85,25,0,2170.85,2070.7,2236.55
9479,2021-03-26 10:34:00,2170.85,2170.85,2170.85,2170.85,25,0,2170.85,2070.7,2236.55
9480,2021-03-26 10:35:00,2170.85,2170.85,2170.85,2170.85,25,0,2170.85,2070.7,2236.55
9481,2021-03-26 10:36:00,2170.85,2170.85,2170.85,2170.85,25,0,2170.85,2070.7,2236.55
9482,2021-03-26 10:37:00,2170.85,2170.85,2170.85,2170.85,25,0,2170.85,2070.7,2236.55
9483,2021-03-26 10:38:00,2170.85,2170.85,2170.85,2170.85,25,0,2170.85,2070.7,2236.55
9484,2021-03-26 10:39:00,2170.85,2170.85,2170.85,2170.85,25,0,2170.85,2070.7,2236.55
9485,2021-03-26 10:40:00,2170.85,2170.85,2170.85,2170.85,25,0,2170.85,2070.7,2236.55
9486,2021-03-26 10:41:00,2170.85,2170.85,2170.85,2170.85,25,0,2170.85,2070.7,2236.55
9487,2021-03-26 10:42:00,2170.85,2170.85,2170.85,2170.85,25,0,2170.85,2070.7,2236.55
9488,2021-03-26 10:43:00,2170.85,2170.85,2170.85,2170.85,25,0,2170.85,2070.7,2236.55
9489,2021-03-26 10:44:00,2170.85,2170.85,2170.85,2170.85,25,0,2170.85,2070.7,2236.55
9490,2021-03-26 10:45:00,2170.85,2170.85,2170.85,2170.85,25,0,2170.85,2070.7,2236.55
9491,2021-03-26 10:46:00,2170.85,2170.85,2170.85,2170.85,25,0,2170.85,2070.7,2236.55
9492,2021-03-26 10:47:00,2170.85,2170.85,2170.85,2170.85,25,0,2170.85,2070.7,2236.55
9493,2021-03-26 10:48:00,2170.85,2170.85,2170.85,2170.85,25,0,2170.85,2070.7,2236.55
9494,2021-03-26 10:49:00,2170.85,2170.85,2170.85,2170.85,25,0,2170.85,2070.7,2236.55
9495,2021-03-26 10:50:00,2170.85,2170.85,2170.85,2170.85,25,0,2170.85,2070.7,2236.55
9496,2021-03-26 10:51:00,2170.85,2170.85,2170.85,2170.85,25,0,2170.85,2070.7,2236.55
9497,2021-03-26 10:52:00,2170.85,2170.85,2170.85,2170.85,25,0,2170.85,2070.7,2236.55
9498,2021-03-26 10:53:00,2170.85,2170.85,2170.85,2170.85,25,0,2170.85,2070.7,2236.55
9499,2021-03-26 10:54:00,2170.85,2170.85,2170.85,2170.85,25,0,2170.85,2070.7,2236.55
9500,2021-03-26 10:55:00,2170.85,2170.85,2170.85,2170.85,25,0,2170.85,2070.7,2236.55
9501,2021-03-26 10:56:00,2170.85,2170.85,2170.85,2170.85,25,0,2170.85,2070.7,2236.55
9502,2021-03-26 10:57:00,2170.85,2170.85,2170.85,2170.85,25,0,2170.85,2070.7,2236.55
9503,2021-03-26 10:58:00,2170.85,2170.85,2170.85,2170.85,25,0,2170.85,2070.7,2236.55
9504,2021-03-26 10:59:00,2170.85,2170.85,2170.85,2170.85,25,0,2170.85,2070.7,2236.55
9505,2021-03-26 11:00:00,2170.85,2170.85,2170.85,2170.85,25,0,2170.85,2070.7,2236.55
9506,2021-03-26 11:01:00,2170.85,2170.85,2170.85,2170.85,25,0,2170.85,2070.7,2236.55
9507,2021-03-26 11:02:00,2170.85,2170.85,2170.85,2170.85,25,0,2170.85,2070.7,2236.55
9508,2021-03-26 11:03:00,2170.85,2170.85,2170.85,2170.85,25,0,2170.85,2070.7,2236.55
9509,2021-03-26 11:04:00,2170.85,2170.85,2170.85,2170.85,25,0,2170.85,2070.7,2236.55
9510,2021-03-26 11:05:00,2170.85,2170.85,2170.85,2170.85,25,0,2170.85,2070.7,2236.55
9511,2021-03-26 11:06:00,2170.85,2170.85,2170.85,2170.85,25,0,2170.85,2070.7,2236.55
9512,2021-03-26 11:07:00,2170.85,2170.85,2170.85,2170.85,25,0,2170.85,2070.7,2236.55
9513,2021-03-26 11:08:00,2170.85,2170.85,2170.85,2170.85,25,0,2170.85,2070.7,2236.55
9514,2021-03-26 11:09:00,2170.85,2170.85,2170.85,2170.85,25,0,2170.85,2070.7,2236.55
9515,2021-03-26 11:10:00,2170.85,2170.85,2170.85,2170.85,25,0,2170.85,2070.7,2236.55
9516,2021-03-26 11:11:00,2170.85,2170.85,2170.85,2170.85,25,0,2170.85,2070.7,2236.55
9517,2021-03-26 11:12:00,2170.85,2170.85,2170.85,2170.85,25,0,2170.85,2070.7,2236.55
9518,2021-03-26 11:13:00,2170.85,2170.85,2170.85,2170.85,25,0,2170.85,2070.7,2236.55
9519,2021-03-26 11:14:00,2170.85,2170.85,2170.85,2170.85,25,0,2170.85,2070.7,2236.55
9520,2021-03-26 11:15:00,2170.85,2170.85,2170.85,2170.85,25,0,2170.85,2070.7,2236.55
9521,2021-03-26 11:16:00,2170.85,2170.85,2170.85,2170.85,25,0,2170.85,2070.7,2236.55
9522,2021-03-26 11:17:00,2170.85,2170.85,2170.85,2170.85,25,0,2170.85,2070.7,2236.55
9523,2021-03-26 11:18:00,2170.85,2170.85,2170.85,2170.85,25,0,2170.85,2070.7,2236.55
9524,2021-03-26 11:19:00,2170.85,2170.85,2170.85,2170.85,25,0,2170.85,2070.7,2236.55
9525,2021-03-26 11:20:00,2170.85,2170.85,2170.85,2170.85,25,0,2170.85,2070.7,2236.55
9526,2021-03-26 11:21:00,2170.85,2170.85,2170.85,2170.85,25,0,2170.85,2070.7,2236.55
9527,2021-03-26 11:22:00,2170.85,2170.85,2170.85,2170.85,25,0,2170.85,2070.7,2236.55
9528,2021-03-26 11:23:00,2170.85,2170.85,2170.85,2170.85,25,0,2170.85,2070.7,2236.55
9529,2021-03-26 11:24:00,2170.85,2170.85,2170.85,2170.85,25,0,2170.85,2070.7,2236.55
9530,2021-03-26 11:25:00,2170.85,2170.85,2170.85,2170.85,25,0,2170.85,2070.7,2236.55
9531,2021-03-26 11:26:00,2170.85,2170.85,2170.85,2170.85,25,0,2170.85,2070.7,2236.55
9532,2021-03-26 11:27:00,2170.85,2170.85,2170.85,2170.85,25,0,2170.85,2070.7,2236.55
9533,2021-03-26 11:28:00,2170.85,2170.85,2170.85,2170.85,25,0,2170.85,2070.7,2236.55
9534,2021-03-26 11:29:00,2170.85,2170.85,2170.85,2170.85,25,0,2170.85,2070.7,2236.55
9535,2021-03-26 11:30:00,2170.85,2170.85,2170.85,2170.85,25,0,2170.85,2070.7,2236.55
9536,2021-03-26 11:31:00,2170.85,2170.85,2170.85,2170.85,25,0,2170.85,2070.7,2236.55
9537,2021-03-26 11:32:00,2170.85,2170.85,2170.85,2170.85,25,0,2170.85,2070.7,2236.55
9538,2021-03-26 11:33:00,2170.85,2170.85,2170.85,2170.85,25,0,2170.85,2070.7,2236.55
9539,2021-03-26 11:34:00,2170.85,2170.85,2170.85,2170.85,25,0,2170.85,2070.7,2236.55
9540,2021-03-26 11:35:00,2170.85,2170.85,2170.85,2170.85,25,0,2170.85,2070.7,2236.55
9541,2021-03-26 11:36:00,2170.85,2170.85,2170.85,2170.85,25,0,2170.85,2070.7,2236.55
9542,2021-03-26 11:37:00,2170.85,2170.85,2170.85,2170.85,25,0,2170.85,2070.7,2236.55
9543,2021-03-26 11:38:00,2170.85,2170.85,2170.85,2170.85,25,0,2170.85,2070.7,2236.55
9544,2021-03-26 11:39:00,2170.85,2170.85,2170.85,2170.85,25,0,2170.85,2070.7,2236.55
9545,2021-03-26 11:40:00,2170.85,2170.85,2170.85,2170.85,25,0,2170.85,2070.7,2236.55
9546,2021-03-26 11:41:00,2170.85,2170.85,2170.85,2170.85,25,0,2170.85,2070.7,2236.55
9547,2021-03-26 11:42:00,2170.85,2170.85,2170.85,2170.85,25,0,2170.85,2070.7,2236.55
9548,2021-03-26 11:43:00,2170.85,2170.85,2170.85,2170.85,25,0,2170.85,2070.7,2236.55
9549,2021-03-26 11:44:00,2170.85,2170.85,2170.85,2170.85,25,0,2170.85,2070.7,2236.55
9550,2021-03-26 11:45:00,2170.85,2170.85,2170.85,2170.85,25,0,2170.85,2070.7,2236.55
9551,2021-03-26 11:46:00,2170.85,2170.85,2170.85,2170.85,25,0,2170.85,2070.7,2236.55
9552,2021-03-26 11:47:00,2170.85,2170.85,2170.85,2170.85,25,0,2170.85,2070.7,2236.55
9553,2021-03-26 11:48:00,2170.85,2170.85,2170.85,2170.85,25,0,2170.85,2070.7,2236.55
9554,2021-03-26 11:49:00,2170.85,2170.85,2170.85,2170.85,25,0,2170.85,2070.7,2236.55
9555,2021-03-26 11:50:00,2170.85,2170.85,2170.85,2170.85,25,0,2170.85,2070.7,2236.55
9556,2021-03-26 11:51:00,2170.85,2170.85,2170.85,2170.85,25,0,2170.85,2070.7,2236.55
9557,2021-03-26 11:52:00,2170.85,2170.85,2170.85,2170.85,25,0,2170.85,2070.7,2236.55
9558,2021-03-26 11:53:00,2170.85,2170.85,2170.85,2170.85,25,0,2170.85,2070.7,2236.55
9559,2021-03-26 11:54:00,2170.85,2170.85,2170.85,2170.85,25,0,2170.85,2070.7,2236.55
9560,2021-03-26 11:55:00,2170.85,2170.85,2170.85,2170.85,25,0,2170.85,2070.7,2236.55
9561,2021-03-26 11:56:00,2170.85,2170.85,2170.85,2170.85,25,0,2170.85,2070.7,2236.55
9562,2021-03-26 11:57:00,2170.85,2170.85,2170.85,2170.85,25,0,2170.85,2070.7,2236.55
9563,2021-03-26 11:58:00,2170.85,2170.85,2170.85,2170.85,25,0,2170.85,2070.7,2236.55
9564,2021-03-26 11:59:00,2170.85,2170.85,2170.85,2170.85,25,0,2170.85,2070.7,2236.55
9565,2021-03-26 12:00:00,2170.85,2170.85,2170.85,2170.85,25,0,2170.85,2070.7,2236.55
9566,2021-03-26 12:01:00,2170.85,2170.85,2170.85,2170.85,25,0,2170.85,2070.7,2236.55
9567,2021-03-26 12:02:00,2170.85,2170.85,2170.85,2170.85,25,0,2170.85,2070.7,2236.55
9568,2021-03-26 12:03:00,2170.85,2170.85,2170.85,2170.85,25,0,2170.85,2070.7,2236.55
9569,2021-03-26 12:04:00,2170.85,2170.85,2170.85,2170.85,25,0,2170.85,2070.7,2236.55
9570,2021-03-26 12:05:00,2170.85,2170.85,2170.85,2170.85,25,0,2170.85,2070.7,2236.55
9571,2021-03-26 12:06:00,2170.85,2170.85,2170.85,2170.85,25,0,2170.85,2070.7,2236.55
9572,2021-03-26 12:07:00,2170.85,2170.85,2170.85,2170.85,25,0,2170.85,2070.7,2236.55
9573,2021-03-26 12:08:00,2170.85,2170.85,2170.85,2170.85,25,0,2170.85,2070.7,2236.55
9574,2021-03-26 12:09:00,2170.85,2170.85,2170.85,2170.85,25,0,2170.85,2070.7,2236.55
9575,2021-03-26 12:10:00,2170.85,2170.85,2170.85,2170.85,25,0,2170.85,2070.7,2236.55
9576,2021-03-26 12:11:00,2170.85,2170.85,2170.85,2170.85,25,0,2170.85,2070.7,2236.55
9577,2021-03-26 12:12:00,2170.85,2170.85,2170.85,2170.85,25,0,2170.85,2070.7,2236.55
9578,2021-03-26 12:13:00,2170.85,2170.85,2170.85,2170.85,25,0,2170.85,2070.7,2236.55
9579,2021-03-26 12:14:00,2170.85,2170.85,2170.85,2170.85,25,0,2170.85,2070.7,2236.55
9580,2021-03-26 12:15:00,2170.85,2170.85,2170.85,2170.85,25,0,2170.85,2070.7,2236.55
9581,2021-03-26 12:16:00,2170.85,2170.85,2170.85,2170.85,25,0,2170.85,2070.7,2236.55
9582,2021-03-26 12:17:00,2170.85,2170.85,2170.85,2170.85,25,0,2170.85,2070.7,2236.55
9583,2021-03-26 12:18:00,2170.85,2170.85,2170.85,2170.85,25,0,2170.85,2070.7,2236.55
9584,2021-03-26 12:19:00,2170.85,2170.85,2170.85,2170.85,25,0,2170.85,2070.7,2236.55
9585,2021-03-26 12:20:00,2170.85,2170.85,2170.85,2170.85,25,0,2170.85,2070.7,2236.55
9586,2021-03-26 12:21:00,2170.85,2170.85,2170.85,2170.85,25,0,2170.85,2070.7,2236.55
9587,2021-03-26 12:22:00,2170.85,2170.85,2170.85,2170.85,25,0,2170.85,2070.7,2236.55
9588,2021-03-26 12:23:00,2170.85,2170.85,2170.85,2170.85,25,0,2170.85,2070.7,2236.55
9589,2021-03-26 12:24:00,2170.85,2170.85,2170.85,2170.85,25,0,2170.85,2070.7,2236.55
9590,2021-03-26 12:25:00,2170.85,2170.85,2170.85,2170.85,25,0,2170.85,2070.7,2236.55
9591,2021-03-26 12:26:00,2170.85,2170.85,2170.85,2170.85,25,0,2170.85,2070.7,2236.55
9592,2021-03-26 12:27:00,2170.85,2170.85,2170.85,2170.85,25,0,2170.85,2070.7,2236.55
9593,2021-03-26 12:28:00,2170.85,2170.85,2170.85,2170.85,25,0,2170.85,2070.7,2236.55
9594,2021-03-26 12:29:00,2170.85,2170.85,2170.85,2170.85,25,0,2170.85,2070.7,2236.55
9595,2021-03-26 12:30:00,2170.85,2170.85,2170.85,2170.85,25,0,2170.85,2070.7,2236.55
9596,2021-03-26 12:31:00,2170.85,2170.85,2170.85,2170.85,25,0,2170.85,2070.7,2236.55
9597,2021-03-26 12:32:00,2170.85,2170.85,2170.85,2170.85,25,0,2170.85,2070.7,2236.55
9598,2021-03-26 12:33:00,2170.85,2170.85,2170.85,2170.85,25,0,2170.85,2070.7,2236.55
9599,2021-03-26 12:34:00,2170.85,2170.85,2170.85,2170.85,25,0,2170.85,2070.7,2236.55
9600,2021-03-26 12:35:00,2170.85,2170.85,2170.85,2170.85,25,0,2170.85,2070.7,2236.55
9601,2021-03-26 12:36:00,2170.85,2170.85,2170.85,2170.85,25,0,2170.85,2070.7,2236.55
9602,2021-03-26 12:37:00,2170.85,2170.85,2170.85,2170.85,25,0,2170.85,2070.7,2236.55
9603,2021-03-26 12:38:00,2170.85,2170.85,2170.85,2170.85,25,0,2170.85,2070.7,2236.55
9604,2021-03-26 12:39:00,2170.85,2170.85,2170.85,2170.85,25,0,2170.85,2070.7,2236.55
9605,2021-03-26 12:40:00,2170.85,2170.85,2170.85,2170.85,25,0,2170.85,2070.7,2236.55
9606,2021-03-26 12:41:00,2170.85,2170.85,2170.85,2170.85,25,0,2170.85,2070.7,2236.55
9607,2021-03-26 12:42:00,2170.85,2170.85,2170.85,2170.85,25,0,2170.85,2070.7,2236.55
9608,2021-03-26 12:43:00,2170.85,2170.85,2170.85,2170.85,25,0,2170.85,2070.7,2236.55
9609,2021-03-26 12:44:00,2170.85,2170.85,2170.85,2170.85,25,0,2170.85,2070.7,2236.55
9610,2021-03-26 12:45:00,2170.85,2170.85,2170.85,2170.85,25,0,2170.85,2070.7,2236.55
9611,2021-03-26 12:46:00,2170.85,2170.85,2170.85,2170.85,25,0,2170.85,2070.7,2236.55
9612,2021-03-26 12:47:00,2170.85,2170.85,2170.85,2170.85,25,0,2170.85,2070.7,2236.55
9613,2021-03-26 12:48:00,2170.85,2170.85,2170.85,2170.85,25,0,2170.85,2070.7,2236.55
9614,2021-03-26 12:49:00,2170.85,2170.85,2170.85,2170.85,25,0,2170.85,2070.7,2236.55
9615,2021-03-26 12:50:00,2170.85,2170.85,2170.85,2170.85,25,0,2170.85,2070.7,2236.55
9616,2021-03-26 12:51:00,2170.85,2170.85,2170.85,2170.85,25,0,2170.85,2070.7,2236.55
9617,2021-03-26 12:52:00,2170.85,2170.85,2170.85,2170.85,25,0,2170.85,2070.7,2236.55
9618,2021-03-26 12:53:00,2170.85,2170.85,2170.85,2170.85,25,0,2170.85,2070.7,2236.55
9619,2021-03-26 12:54:00,2170.85,2170.85,2170.85,2170.85,25,0,2170.85,2070.7,2236.55
9620,2021-03-26 12:55:00,2170.85,2170.85,2170.85,2170.85,25,0,2170.85,2070.7,2236.55
9621,2021-03-26 12:56:00,2170.85,2170.85,2170.85,2170.85,25,0,2170.85,2070.7,2236.55
9622,2021-03-26 12:57:00,2170.85,2170.85,2170.85,2170.85,25,0,2170.85,2070.7,2236.55
9623,2021-03-26 12:58:00,2170.85,2170.85,2170.85,2170.85,25,0,2170.85,2070.7,2236.55
9624,2021-03-26 12:59:00,2170.85,2170.85,2170.85,2170.85,25,0,2170.85,2070.7,2236.55
9625,2021-03-26 13:00:00,2170.85,2170.85,2170.85,2170.85,25,0,2170.85,2070.7,2236.55
9626,2021-03-26 13:01:00,2170.85,2170.85,2170.85,2170.85,25,0,2170.85,2070.7,2236.55
9627,2021-03-26 13:02:00,2170.85,2170.85,2170.85,2170.85,25,0,2170.85,2070.7,2236.55
9628,2021-03-26 13:03:00,2170.85,2170.85,2170.85,2170.85,25,0,2170.85,2070.7,2236.55
9629,2021-03-26 13:04:00,2170.85,2170.85,2170.85,2170.85,25,0,2170.85,2070.7,2236.55
9630,2021-03-26 13:05:00,2170.85,2170.85,2170.85,2170.85,25,0,2170.85,2070.7,2236.55
9631,2021-03-26 13:06:00,2170.85,2170.85,2170.85,2170.85,25,0,2170.85,2070.7,2236.55
9632,2021-03-26 13:07:00,2170.85,2170.85,2170.85,2170.85,25,0,2170.85,2070.7,2236.55
9633,2021-03-26 13:08:00,2170.85,2170.85,2170.85,2170.85,25,0,2170.85,2070.7,2236.55
9634,2021-03-26 13:09:00,2170.85,2170.85,2170.85,2170.85,25,0,2170.85,2070.7,2236.55
9635,2021-03-26 13:10:00,2170.85,2170.85,2170.85,2170.85,25,0,2170.85,2070.7,2236.55
9636,2021-03-26 13:11:00,2170.85,2170.85,2170.85,2170.85,25,0,2170.85,2070.7,2236.55
9637,2021-03-26 13:12:00,2170.85,2170.85,2170.85,2170.85,25,0,2170.85,2070.7,2236.55
9638,2021-03-26 13:13:00,2170.85,2170.85,2170.85,2170.85,25,0,2170.85,2070.7,2236.55
9639,2021-03-26 13:14:00,2170.85,2170.85,2170.85,2170.85,25,0,2170.85,2070.7,2236.55
9640,2021-03-26 13:15:00,2170.85,2170.85,2170.85,2170.85,25,0,2170.85,2070.7,2236.55
9641,2021-03-26 13:16:00,2170.85,2170.85,2170.85,2170.85,25,0,2170.85,2070.7,2236.55
9642,2021-03-26 13:17:00,2170.85,2170.85,2170.85,2170.85,25,0,2170.85,2070.7,2236.55
9643,2021-03-26 13:18:00,2170.85,2170.85,2170.85,2170.85,25,0,2170.85,2070.7,2236.55
9644,2021-03-26 13:19:00,2170.85,2170.85,2170.85,2170.85,25,0,2170.85,2070.7,2236.55
9645,2021-03-26 13:20:00,2170.85,2170.85,2170.85,2170.85,25,0,2170.85,2070.7,2236.55
9646,2021-03-26 13:21:00,2170.85,2170.85,2170.85,2170.85,25,0,2170.85,2070.7,2236.55
9647,2021-03-26 13:22:00,2170.85,2170.85,2170.85,2170.85,25,0,2170.85,2070.7,2236.55
9648,2021-03-26 13:23:00,2170.85,2170.85,2170.85,2170.85,25,0,2170.85,2070.7,2236.55
9649,2021-03-26 13:24:00,2170.85,2170.85,2170.85,2170.85,25,0,2170.85,2070.7,2236.55
9650,2021-03-26 13:25:00,2170.85,2170.85,2170.85,2170.85,25,0,2170.85,2070.7,2236.55
9651,2021-03-26 13:26:00,2170.85,2170.85,2170.85,2170.85,25,0,2170.85,2070.7,2236.55
9652,2021-03-26 13:27:00,2170.85,2170.85,2170.85,2170.85,25,0,2170.85,2070.7,2236.55
9653,2021-03-26 13:28:00,2170.85,2170.85,2170.85,2170.85,25,0,2170.85,2070.7,2236.55
9654,2021-03-26 13:29:00,2170.85,2170.85,2170.85,2170.85,25,0,2170.85,2070.7,2236.55
9655,2021-03-26 13:30:00,2170.85,2170.85,2170.85,2170.85,25,0,2170.85,2070.7,2236.55
9656,2021-03-26 13:31:00,2170.85,2170.85,2170.85,2170.85,25,0,2170.85,2070.7,2236.55
9657,2021-03-26 13:32:00,2170.85,2170.85,2170.85,2170.85,25,0,2170.85,2070.7,2236.55
9658,2021-03-26 13:33:00,2170.85,2170.85,2170.85,2170.85,25,0,2170.85,2070.7,2236.55
9659,2021-03-26 13:34:00,2170.85,2170.85,2170.85,2170.85,25,0,2170.85,2070.7,2236.55
9660,2021-03-26 13:35:00,2170.85,2170.85,2170.85,2170.85,25,0,2170.85,2070.7,2236.55
9661,2021-03-26 13:36:00,2170.85,2170.85,2170.85,2170.85,25,0,2170.85,2070.7,2236.55
9662,2021-03-26 13:37:00,2170.85,2170.85,2170.85,2170.85,25,0,2170.85,2070.7,2236.55
9663,2021-03-26 13:38:00,2170.85,2170.85,2170.85,2170.85,25,0,2170.85,2070.7,2236.55
9664,2021-03-26 13:39:00,2170.85,2170.85,2170.85,2170.85,25,0,2170.85,2070.7,2236.55
9665,2021-03-26 13:40:00,2170.85,2170.85,2170.85,2170.85,25,0,2170.85,2070.7,2236.55
9666,2021-03-26 13:41:00,2170.85,2170.85,2170.85,2170.85,25,0,2170.85,2070.7,2236.55
9667,2021-03-26 13:42:00,2170.85,2170.85,2170.85,2170.85,25,0,2170.85,2070.7,2236.55
9668,2021-03-26 13:43:00,2170.85,2170.85,2170.85,2170.85,25,0,2170.85,2070.7,2236.55
9669,2021-03-26 13:44:00,2170.85,2170.85,2170.85,2170.85,25,0,2170.85,2070.7,2236.55
9670,2021-03-26 13:45:00,2170.85,2170.85,2170.85,2170.85,25,0,2170.85,2070.7,2236.55
9671,2021-03-26 13:46:00,2170.85,2170.85,2170.85,2170.85,25,0,2170.85,2070.7,2236.55
9672,2021-03-26 13:47:00,2170.85,2170.85,2170.85,2170.85,25,0,2170.85,2070.7,2236.55
9673,2021-03-26 13:48:00,2170.85,2170.85,2170.85,2170.85,25,0,2170.85,2070.7,2236.55
9674,2021-03-26 13:49:00,2170.85,2170.85,2170.85,2170.85,25,0,2170.85,2070.7,2236.55
9675,2021-03-26 13:50:00,2170.85,2170.85,2170.85,2170.85,25,0,2170.85,2070.7,2236.55
9676,2021-03-26 13:51:00,2170.85,2170.85,2170.85,2170.85,25,0,2170.85,2070.7,2236.55
9677,2021-03-26 13:52:00,2170.85,2170.85,2170.85,2170.85,25,0,2170.85,2070.7,2236.55
9678,2021-03-26 13:53:00,2170.85,2170.85,2170.85,2170.85,25,0,2170.85,2070.7,2236.55
9679,2021-03-26 13:54:00,2170.85,2170.85,2170.85,2170.85,25,0,2170.85,2070.7,2236.55
9680,2021-03-26 13:55:00,2170.85,2170.85,2170.85,2170.85,25,0,2170.85,2070.7,2236.55
9681,2021-03-26 13:56:00,2170.85,2170.85,2170.85,2170.85,25,0,2170.85,2070.7,2236.55
9682,2021-03-26 13:57:00,2170.85,2170.85,2170.85,2170.85,25,0,2170.85,2070.7,2236.55
9683,2021-03-26 13:58:00,2170.85,2170.85,2170.85,2170.85,25,0,2170.85,2070.7,2236.55
9684,2021-03-26 13:59:00,2170.85,2170.85,2170.85,2170.85,25,0,2170.85,2070.7,2236.55
9685,2021-03-26 14:00:00,2170.85,2170.85,2170.85,2170.85,25,0,2170.85,2070.7,2236.55
9686,2021-03-26 14:01:00,2170.85,2170.85,2170.85,2170.85,25,0,2170.85,2070.7,2236.55
9687,2021-03-26 14:02:00,2170.85,2170.85,2170.85,2170.85,25,0,2170.85,2070.7,2236.55
9688,2021-03-26 14:03:00,2170.85,2170.85,2170.85,2170.85,25,0,2170.85,2070.7,2236.55
9689,2021-03-26 14:04:00,2170.85,2170.85,2170.85,2170.85,25,0,2170.85,2070.7,2236.55
9690,2021-03-26 14:05:00,2170.85,2170.85,2170.85,2170.85,25,0,2170.85,2070.7,2236.55
9691,2021-03-26 14:06:00,2170.85,2170.85,2170.85,2170.85,25,0,2170.85,2070.7,2236.55
9692,2021-03-26 14:07:00,2170.85,2170.85,2170.85,2170.85,25,0,2170.85,2070.7,2236.55
9693,2021-03-26 14:08:00,2170.85,2170.85,2170.85,2170.85,25,0,2170.85,2070.7,2236.55
9694,2021-03-26 14:09:00,2170.85,2170.85,2170.85,2170.85,25,0,2170.85,2070.7,2236.55
9695,2021-03-26 14:10:00,2170.85,2170.85,2170.85,2170.85,25,0,2170.85,2070.7,2236.55
9696,2021-03-26 14:11:00,2170.85,2170.85,2170.85,2170.85,25,0,2170.85,2070.7,2236.55
9697,2021-03-26 14:12:00,2170.85,2170.85,2170.85,2170.85,25,0,2170.85,2070.7,2236.55
9698,2021-03-26 14:13:00,2170.85,2170.85,2170.85,2170.85,25,0,2170.85,2070.7,2236.55
9699,2021-03-26 14:14:00,2170.85,2170.85,2170.85,2170.85,25,0,2170.85,2070.7,2236.55
9700,2021-03-26 14:15:00,2170.85,2170.85,2170.85,2170.85,25,0,2170.85,2070.7,2236.55
9701,2021-03-26 14:16:00,2170.85,2170.85,2170.85,2170.85,25,0,2170.85,2070.7,2236.55
9702,2021-03-26 14:17:00,2170.85,2170.85,2170.85,2170.85,25,0,2170.85,2070.7,2236.55
9703,2021-03-26 14:18:00,2170.85,2170.85,2170.85,2170.85,25,0,2170.85,2070.7,2236.55
9704,2021-03-26 14:19:00,2170.85,2170.85,2170.85,2170.85,25,0,2170.85,2070.7,2236.55
9705,2021-03-26 14:20:00,2170.85,2170.85,2170.85,2170.85,25,0,2170.85,2070.7,2236.55
9706,2021-03-26 14:21:00,2170.85,2170.85,2170.85,2170.85,25,0,2170.85,2070.7,2236.55
9707,2021-03-26 14:22:00,2170.85,2170.85,2170.85,2170.85,25,0,2170.85,2070.7,2236.55
9708,2021-03-26 14:23:00,2170.85,2170.85,2170.85,2170.85,25,0,2170.85,2070.7,2236.55
9709,2021-03-26 14:24:00,2170.85,2170.85,2170.85,2170.85,25,0,2170.85,2070.7,2236.55
9710,2021-03-26 14:25:00,2170.85,2170.85,2170.85,2170.85,25,0,2170.85,2070.7,2236.55
9711,2021-03-26 14:26:00,2170.85,2170.85,2170.85,2170.85,25,0,2170.85,2070.7,2236.55
9712,2021-03-26 14:27:00,2170.85,2170.85,2170.85,2170.85,25,0,2170.85,2070.7,2236.55
9713,2021-03-26 14:28:00,2170.85,2170.85,2170.85,2170.85,25,0,2170.85,2070.7,2236.55
9714,2021-03-26 14:29:00,2170.85,2170.85,2170.85,2170.85,25,0,2170.85,2070.7,2236.55
9715,2021-03-26 14:30:00,2170.85,2170.85,2170.85,2170.85,25,0,2170.85,2070.7,2236.55
9716,2021-03-26 14:31:00,2170.85,2170.85,2170.85,2170.85,25,0,2170.85,2070.7,2236.55
9717,2021-03-26 14:32:00,2170.85,2170.85,2170.85,2170.85,25,0,2170.85,2070.7,2236.55
9718,2021-03-26 14:33:00,2170.85,2170.85,2170.85,2170.85,25,0,2170.85,2070.7,2236.55
9719,2021-03-26 14:34:00,2170.85,2170.85,2170.85,2170.85,25,0,2170.85,2070.7,2236.55
9720,2021-03-26 14:35:00,2170.85,2170.85,2170.85,2170.85,25,0,2170.85,2070.7,2236.55
9721,2021-03-26 14:36:00,2170.85,2170.85,2170.85,2170.85,25,0,2170.85,2070.7,2236.55
9722,2021-03-26 14:37:00,2170.85,2170.85,2170.85,2170.85,25,0,2170.85,2070.7,2236.55
9723,2021-03-26 14:38:00,2170.85,2170.85,2170.85,2170.85,25,0,2170.85,2070.7,2236.55
9724,2021-03-26 14:39:00,2170.85,2170.85,2170.85,2170.85,25,0,2170.85,2070.7,2236.55
9725,2021-03-26 14:40:00,2170.85,2170.85,2170.85,2170.85,25,0,2170.85,2070.7,2236.55
9726,2021-03-26 14:41:00,2170.85,2170.85,2170.85,2170.85,25,0,2170.85,2070.7,2236.55
9727,2021-03-26 14:42:00,2170.85,2170.85,2170.85,2170.85,25,0,2170.85,2070.7,2236.55
9728,2021-03-26 14:43:00,2170.85,2170.85,2170.85,2170.85,25,0,2170.85,2070.7,2236.55
9729,2021-03-26 14:44:00,2170.85,2170.85,2170.85,2170.85,25,0,2170.85,2070.7,2236.55
9730,2021-03-26 14:45:00,2170.85,2170.85,2170.85,2170.85,25,0,2170.85,2070.7,2236.55
9731,2021-03-26 14:46:00,2170.85,2170.85,2170.85,2170.85,25,0,2170.85,2070.7,2236.55
9732,2021-03-26 14:47:00,2170.85,2170.85,2170.85,2170.85,25,0,2170.85,2070.7,2236.55
9733,2021-03-26 14:48:00,2170.85,2170.85,2170.85,2170.85,25,0,2170.85,2070.7,2236.55
9734,2021-03-26 14:49:00,2170.85,2170.85,2170.85,2170.85,25,0,2170.85,2070.7,2236.55
9735,2021-03-26 14:50:00,2170.85,2170.85,2170.85,2170.85,25,0,2170.85,2070.7,2236.55
9736,2021-03-26 14:51:00,2170.85,2170.85,2170.85,2170.85,25,0,2170.85,2070.7,2236.55
9737,2021-03-26 14:52:00,2170.85,2170.85,2170.85,2170.85,25,0,2170.85,2070.7,2236.55
9738,2021-03-26 14:53:00,2170.85,2170.85,2170.85,2170.85,25,0,2170.85,2070.7,2236.55
9739,2021-03-26 14:54:00,2170.85,2170.85,2170.85,2170.85,25,0,2170.85,2070.7,2236.55
9740,2021-03-26 14:55:00,2170.85,2170.85,2170.85,2170.85,25,0,2170.85,2070.7,2236.55
9741,2021-03-26 14:56:00,2170.85,2170.85,2170.85,2170.85,25,0,2170.85,2070.7,2236.55
9742,2021-03-26 14:57:00,2170.85,2170.85,2170.85,2170.85,25,0,2170.85,2070.7,2236.55
9743,2021-03-26 14:58:00,2170.85,2170.85,2170.85,2170.85,25,0,2170.85,2070.7,2236.55
9744,2021-03-26 14:59:00,2170.85,2170.85,2170.85,2170.85,25,0,2170.85,2070.7,2236.55
9745,2021-03-26 15:00:00,2170.85,2170.85,2170.85,2170.85,25,0,2170.85,2070.7,2236.55
9746,2021-03-26 15:01:00,2170.85,2170.85,2170.85,2170.85,25,0,2170.85,2070.7,2236.55
9747,2021-03-26 15:02:00,2170.85,2170.85,2170.85,2170.85,25,0,2170.85,2070.7,2236.55
9748,2021-03-26 15:03:00,2170.85,2170.85,2170.85,2170.85,25,0,2170.85,2070.7,2236.55
9749,2021-03-26 15:04:00,2170.85,2170.85,2170.85,2170.85,25,0,2170.85,2070.7,2236.55
9750,2021-03-26 15:05:00,2170.85,2170.85,2170.85,2170.85,25,0,2170.85,2070.7,2236.55
9751,2021-03-26 15:06:00,2170.85,2170.85,2170.85,2170.85,25,0,2170.85,2070.7,2236.55
9752,2021-03-26 15:07:00,2170.85,2170.85,2170.85,2170.85,25,0,2170.85,2070.7,2236.55
9753,2021-03-26 15:08:00,2170.85,2170.85,2170.85,2170.85,25,0,2170.85,2070.7,2236.55
9754,2021-03-26 15:09:00,2170.85,2170.85,2170.85,2170.85,25,0,2170.85,2070.7,2236.55
9755,2021-03-26 15:10:00,2170.85,2170.85,2170.85,2170.85,25,0,2170.85,2070.7,2236.55
9756,2021-03-26 15:11:00,2170.85,2170.85,2170.85,2170.85,25,0,2170.85,2070.7,2236.55
9757,2021-03-26 15:12:00,2170.85,2170.85,2170.85,2170.85,25,0,2170.85,2070.7,2236.55
9758,2021-03-26 15:13:00,2170.85,2170.85,2170.85,2170.85,25,0,2170.85,2070.7,2236.55
9759,2021-03-26 15:14:00,2170.85,2170.85,2170.85,2170.85,25,0,2170.85,2070.7,2236.55
9760,2021-03-26 15:15:00,2170.85,2170.85,2170.85,2170.85,25,0,2170.85,2070.7,2236.55
9761,2021-03-26 15:16:00,2170.85,2170.85,2170.85,2170.85,25,0,2170.85,2070.7,2236.55
9762,2021-03-26 15:17:00,2170.85,2170.85,2170.85,2170.85,25,0,2170.85,2070.7,2236.55
9763,2021-03-26 15:18:00,2170.85,2170.85,2170.85,2170.85,25,0,2170.85,2070.7,2236.55
9764,2021-03-26 15:19:00,2170.85,2170.85,2170.85,2170.85,25,0,2170.85,2070.7,2236.55
9765,2021-03-26 15:20:00,2170.85,2170.85,2170.85,2170.85,25,0,2170.85,2070.7,2236.55
9766,2021-03-26 15:21:00,2170.85,2170.85,2170.85,2170.85,25,0,2170.85,2070.7,2236.55
9767,2021-03-26 15:22:00,2170.85,2170.85,2170.85,2170.85,25,0,2170.85,2070.7,2236.55
9768,2021-03-26 15:23:00,2170.85,2170.85,2170.85,2170.85,25,0,2170.85,2070.7,2236.55
9769,2021-03-26 15:24:00,2170.85,2170.85,2170.85,2170.85,25,0,2170.85,2070.7,2236.55
9770,2021-03-26 15:25:00,2170.85,2170.85,2170.85,2170.85,25,0,2170.85,2070.7,2236.55
9771,2021-03-26 15:26:00,2170.85,2170.85,2170.85,2170.85,25,0,2170.85,2070.7,2236.55
9772,2021-03-26 15:27:00,2170.85,2170.85,2170.85,2170.85,25,0,2170.85,2070.7,2236.55
9773,2021-03-26 15:28:00,2170.85,2170.85,2170.85,2170.85,25,0,2170.85,2070.7,2236.55
9774,2021-03-26 15:29:00,2170.85,2170.85,2170.85,2170.85,25,0,2170.85,2070.7,2236.55
9775,2021-03-26 15:30:00,2170.85,2170.85,2170.85,2170.85,25,0,2170.85,2070.7,2236.55
9776,2021-03-27 09:15:00,2170.85,2170.85,2170.85,2170.85,25,0,2170.85,2070.7,2236.55
9777,2021-03-27 09:16:00,2170.85,2170.85,2170.85,2170.85,25,0,2170.85,2070.7,2236.55
9778,2021-03-27 09:17:00,2170.85,2170.85,2170.85,2170.85,25,0,2170.85,2070.7,2236.55
9779,2021-03-27 09:18:00,2170.85,2170.85,2170.85,2170.85,25,0,2170.85,2070.7,2236.55
9780,2021-03-27 09:19:00,2170.85,2170.85,2170.85,2170.85,25,0,2170.85,2070.7,2236.55
9781,2021-03-27 09:20:00,2170.85,2170.85,2170.85,2170.85,25,0,2170.85,2070.7,2236.55
9782,2021-03-27 09:21:00,2170.85,2170.85,2170.85,2170.85,25,0,2170.85,2070.7,2236.55
9783,2021-03-27 09:22:00,2170.85,2170.85,2170.85,2170.85,25,0,2170.85,2070.7,2236.55
9784,2021-03-27 09:23:00,2170.85,2170.85,2170.85,2170.85,25,0,2170.85,2070.7,2236.55
9785,2021-03-27 09:24:00,2170.85,2170.85,2170.85,2170.85,25,0,2170.85,2070.7,2236.55
9786,2021-03-27 09:25:00,2170.85,2170.85,2170.85,2170.85,25,0,2170.85,2070.7,2236.55
9787,2021-03-27 09:26:00,2170.85,2170.85,2170.85,2170.85,25,0,2170.85,2070.7,2236.55
9788,2021-03-27 09:27:00,2170.85,2170.85,2170.85,2170.85,25,0,2170.85,2070.7,2236.55
9789,2021-03-27 09:28:00,2170.85,2170.85,2170.85,2170.85,25,0,2170.85,2070.7,2236.55
9790,2021-03-27 09:29:00,2170.85,2170.85,2170.85,2170.85,25,0,2170.85,2070.7,2236.55
9791,2021-03-27 09:30:00,2170.85,2170.85,2170.85,2170.85,25,0,2170.85,2070.7,2236.55
9792,2021-03-27 09:31:00,2170.85,2170.85,2170.85,2170.85,25,0,2170.85,2070.7,2236.55
9793,2021-03-27 09:32:00,2170.85,2170.85,2170.85,2170.85,25,0,2170.85,2070.7,2236.55
9794,2021-03-27 09:33:00,2170.85,2170.85,2170.85,2170.85,25,0,2170.85,2070.7,2236.55
9795,2021-03-27 09:34:00,2170.85,2170.85,2170.85,2170.85,25,0,2170.85,2070.7,2236.55
9796,2021-03-27 09:35:00,2170.85,2170.85,2170.85,2170.85,25,0,2170.85,2070.7,2236.55
9797,2021-03-27 09:36:00,2170.85,2170.85,2170.85,2170.85,25,0,2170.85,2070.7,2236.55
9798,2021-03-27 09:37:00,2170.85,2170.85,2170.85,2170.85,25,0,2170.85,2070.7,2236.55
9799,2021-03-27 09:38:00,2170.85,2170.85,2170.85,2170.85,25,0,2170.85,2070.7,2236.55
9800,2021-03-27 09:39:00,2170.85,2170.85,2170.85,2170.85,25,0,2170.85,2070.7,2236.55
9801,2021-03-27 09:40:00,2170.85,2170.85,2170.85,2170.85,25,0,2170.85,2070.7,2236.55
9802,2021-03-27 09:41:00,2170.85,2170.85,2170.85,2170.85,25,0,2170.85,2070.7,2236.55
9803,2021-03-27 09:42:00,2170.85,2170.85,2170.85,2170.85,25,0,2170.85,2070.7,2236.55
9804,2021-03-27 09:43:00,2170.85,2170.85,2170.85,2170.85,25,0,2170.85,2070.7,2236.55
9805,2021-03-27 09:44:00,2170.85,2170.85,2170.85,2170.85,25,0,2170.85,2070.7,2236.55
9806,2021-03-27 09:45:00,2170.85,2170.85,2170.85,2170.85,25,0,2170.85,2070.7,2236.55
9807,2021-03-27 09:46:00,2170.85,2170.85,2170.85,2170.85,25,0,2170.85,2070.7,2236.55
9808,2021-03-27 09:47:00,2170.85,2170.85,2170.85,2170.85,25,0,2170.85,2070.7,2236.55
9809,2021-03-27 09:48:00,2170.85,2170.85,2170.85,2170.85,25,0,2170.85,2070.7,2236.55
9810,2021-03-27 09:49:00,2170.85,2170.85,2170.85,2170.85,25,0,2170.85,2070.7,2236.55
9811,2021-03-27 09:50:00,2170.85,2170.85,2170.85,2170.85,25,0,2170.85,2070.7,2236.55
9812,2021-03-27 09:51:00,2170.85,2170.85,2170.85,2170.85,25,0,2170.85,2070.7,2236.55
9813,2021-03-27 09:52:00,2170.85,2170.85,2170.85,2170.85,25,0,2170.85,2070.7,2236.55
9814,2021-03-27 09:53:00,2170.85,2170.85,2170.85,2170.85,25,0,2170.85,2070.7,2236.55
9815,2021-03-27 09:54:00,2170.85,2170.85,2170.85,2170.85,25,0,2170.85,2070.7,2236.55
9816,2021-03-27 09:55:00,2170.85,2170.85,2170.85,2170.85,25,0,2170.85,2070.7,2236.55
9817,2021-03-27 09:56:00,2170.85,2170.85,2170.85,2170.85,25,0,2170.85,2070.7,2236.55
9818,2021-03-27 09:57:00,2170.85,2170.85,2170.85,2170.85,25,0,2170.85,2070.7,2236.55
9819,2021-03-27 09:58:00,2170.85,2170.85,2170.85,2170.85,25,0,2170.85,2070.7,2236.55
9820,2021-03-27 09:59:00,2170.85,2170.85,2170.85,2170.85,25,0,2170.85,2070.7,2236.55
9821,2021-03-27 10:00:00,2170.85,2170.85,2170.85,2170.85,25,0,2170.85,2070.7,2236.55
9822,2021-03-27 10:01:00,2170.85,2170.85,2170.85,2170.85,25,0,2170.85,2070.7,2236.55
9823,2021-03-27 10:02:00,2170.85,2170.85,2170.85,2170.85,25,0,2170.85,2070.7,2236.55
9824,2021-03-27 10:03:00,2170.85,2170.85,2170.85,2170.85,25,0,2170.85,2070.7,2236.55
9825,2021-03-27 10:04:00,2170.85,2170.85,2170.85,2170.85,25,0,2170.85,2070.7,2236.55
9826,2021-03-27 10:05:00,2170.85,2170.85,2170.85,2170.85,25,0,2170.85,2070.7,2236.55
9827,2021-03-27 10:06:00,2170.85,2170.85,2170.85,2170.85,25,0,2170.85,2070.7,2236.55
9828,2021-03-27 10:07:00,2170.85,2170.85,2170.85,2170.85,25,0,2170.85,2070.7,2236.55
9829,2021-03-27 10:08:00,2170.85,2170.85,2170.85,2170.85,25,0,2170.85,2070.7,2236.55
9830,2021-03-27 10:09:00,2170.85,2170.85,2170.85,2170.85,25,0,2170.85,2070.7,2236.55
9831,2021-03-27 10:10:00,2170.85,2170.85,2170.85,2170.85,25,0,2170.85,2070.7,2236.55
9832,2021-03-27 10:11:00,2170.85,2170.85,2170.85,2170.85,25,0,2170.85,2070.7,2236.55
9833,2021-03-27 10:12:00,2170.85,2170.85,2170.85,2170.85,25,0,2170.85,2070.7,2236.55
9834,2021-03-27 10:13:00,2170.85,2170.85,2170.85,2170.85,25,0,2170.85,2070.7,2236.55
9835,2021-03-27 10:14:00,2170.85,2170.85,2170.85,2170.85,25,0,2170.85,2070.7,2236.55
9836,2021-03-27 10:15:00,2170.85,2170.85,2170.85,2170.85,25,0,2170.85,2070.7,2236.55
9837,2021-03-27 10:16:00,2170.85,2170.85,2170.85,2170.85,25,0,2170.85,2070.7,2236.55
9838,2021-03-27 10:17:00,2170.85,2170.85,2170.85,2170.85,25,0,2170.85,2070.7,2236.55
9839,2021-03-27 10:18:00,2170.85,2170.85,2170.85,2170.85,25,0,2170.85,2070.7,2236.55
9840,2021-03-27 10:19:00,2170.85,2170.85,2170.85,2170.85,25,0,2170.85,2070.7,2236.55
9841,2021-03-27 10:20:00,2170.85,2170.85,2170.85,2170.85,25,0,2170.85,2070.7,2236.55
9842,2021-03-27 10:21:00,2170.85,2170.85,2170.85,2170.85,25,0,2170.85,2070.7,2236.55
9843,2021-03-27 10:22:00,2170.85,2170.85,2170.85,2170.85,25,0,2170.85,2070.7,2236.55
9844,2021-03-27 10:23:00,2170.85,2170.85,2170.85,2170.85,25,0,2170.85,2070.7,2236.55
9845,2021-03-27 10:24:00,2170.85,2170.85,2170.85,2170.85,25,0,2170.85,2070.7,2236.55
9846,2021-03-27 10:25:00,2170.85,2170.85,2170.85,2170.85,25,0,2170.85,2070.7,2236.55
9847,2021-03-27 10:26:00,2170.85,2170.85,2170.85,2170.85,25,0,2170.85,2070.7,2236.55
9848,2021-03-27 10:27:00,2170.85,2170.85,2170.85,2170.85,25,0,2170.85,2070.7,2236.55
9849,2021-03-27 10:28:00,2170.85,2170.85,2170.85,2170.85,25,0,2170.85,2070.7,2236.55
9850,2021-03-27 10:29:00,2170.85,2170.85,2170.85,2170.85,25,0,2170.85,2070.7,2236.55
9851,2021-03-27 10:30:00,2170.85,2170.85,2170.85,2170.85,25,0,2170.85,2070.7,2236.55
9852,2021-03-27 10:31:00,2170.85,2170.85,2170.85,2170.85,25,0,2170.85,2070.7,2236.55
9853,2021-03-27 10:32:00,2170.85,2170.85,2170.85,2170.85,25,0,2170.85,2070.7,2236.55
9854,2021-03-27 10:33:00,2170.85,2170.85,2170.85,2170.85,25,0,2170.85,2070.7,2236.55
9855,2021-03-27 10:34:00,2170.85,2170.85,2170.85,2170.85,25,0,2170.85,2070.7,2236.55
9856,2021-03-27 10:35:00,2170.85,2170.85,2170.85,2170.85,25,0,2170.85,2070.7,2236.55
9857,2021-03-27 10:36:00,2170.85,2170.85,2170.85,2170.85,25,0,2170.85,2070.7,2236.55
9858,2021-03-27 10:37:00,2170.85,2170.85,2170.85,2170.85,25,0,2170.85,2070.7,2236.55
9859,2021-03-27 10:38:00,2170.85,2170.85,2170.85,2170.85,25,0,2170.85,2070.7,2236.55
9860,2021-03-27 10:39:00,2170.85,2170.85,2170.85,2170.85,25,0,2170.85,2070.7,2236.55
9861,2021-03-27 10:40:00,2170.85,2170.85,2170.85,2170.85,25,0,2170.85,2070.7,2236.55
9862,2021-03-27 10:41:00,2170.85,2170.85,2170.85,2170.85,25,0,2170.85,2070.7,2236.55
9863,2021-03-27 10:42:00,2170.85,2170.85,2170.85,2170.85,25,0,2170.85,2070.7,2236.55
9864,2021-03-27 10:43:00,2170.85,2170.85,2170.85,2170.85,25,0,2170.85,2070.7,2236.55
9865,2021-03-27 10:44:00,2170.85,2170.85,2170.85,2170.85,25,0,2170.85,2070.7,2236.55
9866,2021-03-27 10:45:00,2170.85,2170.85,2170.85,2170.85,25,0,2170.85,2070.7,2236.55
9867,2021-03-27 10:46:00,2170.85,2170.85,2170.85,2170.85,25,0,2170.85,2070.7,2236.55
9868,2021-03-27 10:47:00,2170.85,2170.85,2170.85,2170.85,25,0,2170.85,2070.7,2236.55
9869,2021-03-27 10:48:00,2170.85,2170.85,2170.85,2170.85,25,0,2170.85,2070.7,2236.55
9870,2021-03-27 10:49:00,2170.85,2170.85,2170.85,2170.85,25,0,2170.85,2070.7,2236.55
9871,2021-03-27 10:50:00,2170.85,2170.85,2170.85,2170.85,25,0,2170.85,2070.7,2236.55
9872,2021-03-27 10:51:00,2170.85,2170.85,2170.85,2170.85,25,0,2170.85,2070.7,2236.55
9873,2021-03-27 10:52:00,2170.85,2170.85,2170.85,2170.85,25,0,2170.85,2070.7,2236.55
9874,2021-03-27 10:53:00,2170.85,2170.85,2170.85,2170.85,25,0,2170.85,2070.7,2236.55
9875,2021-03-27 10:54:00,2170.85,2170.85,2170.85,2170.85,25,0,2170.85,2070.7,2236.55
9876,2021-03-27 10:55:00,2170.85,2170.85,2170.85,2170.85,25,0,2170.85,2070.7,2236.55
9877,2021-03-27 10:56:00,2170.85,2170.85,2170.85,2170.85,25,0,2170.85,2070.7,2236.55
9878,2021-03-27 10:57:00,2170.85,2170.85,2170.85,2170.85,25,0,2170.85,2070.7,2236.55
9879,2021-03-27 10:58:00,2170.85,2170.85,2170.85,2170.85,25,0,2170.85,2070.7,2236.55
9880,2021-03-27 10:59:00,2170.85,2170.85,2170.85,2170.85,25,0,2170.85,2070.7,2236.55
9881,2021-03-27 11:00:00,2170.85,2170.85,2170.85,2170.85,25,0,2170.85,2070.7,2236.55
9882,2021-03-27 11:01:00,2170.85,2170.85,2170.85,2170.85,25,0,2170.85,2070.7,2236.55
9883,2021-03-27 11:02:00,2170.85,2170.85,2170.85,2170.85,25,0,2170.85,2070.7,2236.55
9884,2021-03-27 11:03:00,2170.85,2170.85,2170.85,2170.85,25,0,2170.85,2070.7,2236.55
9885,2021-03-27 11:04:00,2170.85,2170.85,2170.85,2170.85,25,0,2170.85,2070.7,2236.55
9886,2021-03-27 11:05:00,2170.85,2170.85,2170.85,2170.85,25,0,2170.85,2070.7,2236.55
9887,2021-03-27 11:06:00,2170.85,2170.85,2170.85,2170.85,25,0,2170.85,2070.7,2236.55
9888,2021-03-27 11:07:00,2170.85,2170.85,2170.85,2170.85,25,0,2170.85,2070.7,2236.55
9889,2021-03-27 11:08:00,2170.85,2170.85,2170.85,2170.85,25,0,2170.85,2070.7,2236.55
9890,2021-03-27 11:09:00,2170.85,2170.85,2170.85,2170.85,25,0,2170.85,2070.7,2236.55
9891,2021-03-27 11:10:00,2170.85,2170.85,2170.85,2170.85,25,0,2170.85,2070.7,2236.55
9892,2021-03-27 11:11:00,2170.85,2170.85,2170.85,2170.85,25,0,2170.85,2070.7,2236.55
9893,2021-03-27 11:12:00,2170.85,2170.85,2170.85,2170.85,25,0,2170.85,2070.7,2236.55
9894,2021-03-27 11:13:00,2170.85,2170.85,2170.85,2170.85,25,0,2170.85,2070.7,2236.55
9895,2021-03-27 11:14:00,2170.85,2170.85,2170.85,2170.85,25,0,2170.85,2070.7,2236.55
9896,2021-03-27 11:15:00,2170.85,2170.85,2170.85,2170.85,25,0,2170.85,2070.7,2236.55
9897,2021-03-27 11:16:00,2170.85,2170.85,2170.85,2170.85,25,0,2170.85,2070.7,2236.55
9898,2021-03-27 11:17:00,2170.85,2170.85,2170.85,2170.85,25,0,2170.85,2070.7,2236.55
9899,2021-03-27 11:18:00,2170.85,2170.85,2170.85,2170.85,25,0,2170.85,2070.7,2236.55
9900,2021-03-27 11:19:00,2170.85,2170.85,2170.85,2170.85,25,0,2170.85,2070.7,2236.55
9901,2021-03-27 11:20:00,2170.85,2170.85,2170.85,2170.85,25,0,2170.85,2070.7,2236.55
9902,2021-03-27 11:21:00,2170.85,2170.85,2170.85,2170.85,25,0,2170.85,2070.7,2236.55
9903,2021-03-27 11:22:00,2170.85,2170.85,2170.85,2170.85,25,0,2170.85,2070.7,2236.55
9904,2021-03-27 11:23:00,2170.85,2170.85,2170.85,2170.85,25,0,2170.85,2070.7,2236.55
9905,2021-03-27 11:24:00,2170.85,2170.85,2170.85,2170.85,25,0,2170.85,2070.7,2236.55
9906,2021-03-27 11:25:00,2170.85,2170.85,2170.85,2170.85,25,0,2170.85,2070.7,2236.55
9907,2021-03-27 11:26:00,2170.85,2170.85,2170.85,2170.85,25,0,2170.85,2070.7,2236.55
9908,2021-03-27 11:27:00,2170.85,2170.85,2170.85,2170.85,25,0,2170.85,2070.7,2236.55
9909,2021-03-27 11:28:00,2170.85,2170.85,2170.85,2170.85,25,0,2170.85,2070.7,2236.55
9910,2021-03-27 11:29:00,2170.85,2170.85,2170.85,2170.85,25,0,2170.85,2070.7,2236.55
9911,2021-03-27 11:30:00,2170.85,2170.85,2170.85,2170.85,25,0,2170.85,2070.7,2236.55
9912,2021-03-27 11:31:00,2170.85,2170.85,2170.85,2170.85,25,0,2170.85,2070.7,2236.55
9913,2021-03-27 11:32:00,2170.85,2170.85,2170.85,2170.85,25,0,2170.85,2070.7,2236.55
9914,2021-03-27 11:33:00,2170.85,2170.85,2170.85,2170.85,25,0,2170.85,2070.7,2236.55
9915,2021-03-27 11:34:00,2170.85,2170.85,2170.85,2170.85,25,0,2170.85,2070.7,2236.55
9916,2021-03-27 11:35:00,2170.85,2170.85,2170.85,2170.85,25,0,2170.85,2070.7,2236.55
9917,2021-03-27 11:36:00,2170.85,2170.85,2170.85,2170.85,25,0,2170.85,2070.7,2236.55
9918,2021-03-27 11:37:00,2170.85,2170.85,2170.85,2170.85,25,0,2170.85,2070.7,2236.55
9919,2021-03-27 11:38:00,2170.85,2170.85,2170.85,2170.85,25,0,2170.85,2070.7,2236.55
9920,2021-03-27 11:39:00,2170.85,2170.85,2170.85,2170.85,25,0,2170.85,2070.7,2236.55
9921,2021-03-27 11:40:00,2170.85,2170.85,2170.85,2170.85,25,0,2170.85,2070.7,2236.55
9922,2021-03-27 11:41:00,2170.85,2170.85,2170.85,2170.85,25,0,2170.85,2070.7,2236.55
9923,2021-03-27 11:42:00,2170.85,2170.85,2170.85,2170.85,25,0,2170.85,2070.7,2236.55
9924,2021-03-27 11:43:00,2170.85,2170.85,2170.85,2170.85,25,0,2170.85,2070.7,2236.55
9925,2021-03-27 11:44:00,2170.85,2170.85,2170.85,2170.85,25,0,2170.85,2070.7,2236.55
9926,2021-03-27 11:45:00,2170.85,2170.85,2170.85,2170.85,25,0,2170.85,2070.7,2236.55
9927,2021-03-27 11:46:00,2170.85,2170.85,2170.85,2170.85,25,0,2170.85,2070.7,2236.55
9928,2021-03-27 11:47:00,2170.85,2170.85,2170.85,2170.85,25,0,2170.85,2070.7,2236.55
9929,2021-03-27 11:48:00,2170.85,2170.85,2170.85,2170.85,25,0,2170.85,2070.7,2236.55
9930,2021-03-27 11:49:00,2170.85,2170.85,2170.85,2170.85,25,0,2170.85,2070.7,2236.55
9931,2021-03-27 11:50:00,2170.85,2170.85,2170.85,2170.85,25,0,2170.85,2070.7,2236.55
9932,2021-03-27 11:51:00,2170.85,2170.85,2170.85,2170.85,25,0,2170.85,2070.7,2236.55
9933,2021-03-27 11:52:00,2170.85,2170.85,2170.85,2170.85,25,0,2170.85,2070.7,2236.55
9934,2021-03-27 11:53:00,2170.85,2170.85,2170.85,2170.85,25,0,2170.85,2070.7,2236.55
9935,2021-03-27 11:54:00,2170.85,2170.85,2170.85,2170.85,25,0,2170.85,2070.7,2236.55
9936,2021-03-27 11:55:00,2170.85,2170.85,2170.85,2170.85,25,0,2170.85,2070.7,2236.55
9937,2021-03-27 11:56:00,2170.85,2170.85,2170.85,2170.85,25,0,2170.85,2070.7,2236.55
9938,2021-03-27 11:57:00,2170.85,2170.85,2170.85,2170.85,25,0,2170.85,2070.7,2236.55
9939,2021-03-27 11:58:00,2170.85,2170.85,2170.85,2170.85,25,0,2170.85,2070.7,2236.55
9940,2021-03-27 11:59:00,2170.85,2170.85,2170.85,2170.85,25,0,2170.85,2070.7,2236.55
9941,2021-03-27 12:00:00,2170.85,2170.85,2170.85,2170.85,25,0,2170.85,2070.7,2236.55
9942,2021-03-27 12:01:00,2170.85,2170.85,2170.85,2170.85,25,0,2170.85,2070.7,2236.55
9943,2021-03-27 12:02:00,2170.85,2170.85,2170.85,2170.85,25,0,2170.85,2070.7,2236.55
9944,2021-03-27 12:03:00,2170.85,2170.85,2170.85,2170.85,25,0,2170.85,2070.7,2236.55
9945,2021-03-27 12:04:00,2170.85,2170.85,2170.85,2170.85,25,0,2170.85,2070.7,2236.55
9946,2021-03-27 12:05:00,2170.85,2170.85,2170.85,2170.85,25,0,2170.85,2070.7,2236.55
9947,2021-03-27 12:06:00,2170.85,2170.85,2170.85,2170.85,25,0,2170.85,2070.7,2236.55
9948,2021-03-27 12:07:00,2170.85,2170.85,2170.85,2170.85,25,0,2170.85,2070.7,2236.55
9949,2021-03-27 12:08:00,2170.85,2170.85,2170.85,2170.85,25,0,2170.85,2070.7,2236.55
9950,2021-03-27 12:09:00,2170.85,2170.85,2170.85,2170.85,25,0,2170.85,2070.7,2236.55
9951,2021-03-27 12:10:00,2170.85,2170.85,2170.85,2170.85,25,0,2170.85,2070.7,2236.55
9952,2021-03-27 12:11:00,2170.85,2170.85,2170.85,2170.85,25,0,2170.85,2070.7,2236.55
9953,2021-03-27 12:12:00,2170.85,2170.85,2170.85,2170.85,25,0,2170.85,2070.7,2236.55
9954,2021-03-27 12:13:00,2170.85,2170.85,2170.85,2170.85,25,0,2170.85,2070.7,2236.55
9955,2021-03-27 12:14:00,2170.85,2170.85,2170.85,2170.85,25,0,2170.85,2070.7,2236.55
9956,2021-03-27 12:15:00,2170.85,2170.85,2170.85,2170.85,25,0,2170.85,2070.7,2236.55
9957,2021-03-27 12:16:00,2170.85,2170.85,2170.85,2170.85,25,0,2170.85,2070.7,2236.55
9958,2021-03-27 12:17:00,2170.85,2170.85,2170.85,2170.85,25,0,2170.85,2070.7,2236.55
9959,2021-03-27 12:18:00,2170.85,2170.85,2170.85,2170.85,25,0,2170.85,2070.7,2236.55
9960,2021-03-27 12:19:00,2170.85,2170.85,2170.85,2170.85,25,0,2170.85,2070.7,2236.55
9961,2021-03-27 12:20:00,2170.85,2170.85,2170.85,2170.85,25,0,2170.85,2070.7,2236.55
9962,2021-03-27 12:21:00,2170.85,2170.85,2170.85,2170.85,25,0,2170.85,2070.7,2236.55
9963,2021-03-27 12:22:00,2170.85,2170.85,2170.85,2170.85,25,0,2170.85,2070.7,2236.55
9964,2021-03-27 12:23:00,2170.85,2170.85,2170.85,2170.85,25,0,2170.85,2070.7,2236.55
9965,2021-03-27 12:24:00,2170.85,2170.85,2170.85,2170.85,25,0,2170.85,2070.7,2236.55
9966,2021-03-27 12:25:00,2170.85,2170.85,2170.85,2170.85,25,0,2170.85,2070.7,2236.55
9967,2021-03-27 12:26:00,2170.85,2170.85,2170.85,2170.85,25,0,2170.85,2070.7,2236.55
9968,2021-03-27 12:27:00,2170.85,2170.85,2170.85,2170.85,25,0,2170.85,2070.7,2236.55
9969,2021-03-27 12:28:00,2170.85,2170.85,2170.85,2170.85,25,0,2170.85,2070.7,2236.55
9970,2021-03-27 12:29:00,2170.85,2170.85,2170.85,2170.85,25,0,2170.85,2070.7,2236.55
9971,2021-03-27 12:30:00,2170.85,2170.85,2170.85,2170.85,25,0,2170.85,2070.7,2236.55
9972,2021-03-27 12:31:00,2170.85,2170.85,2170.85,2170.85,25,0,2170.85,2070.7,2236.55
9973,2021-03-27 12:32:00,2170.85,2170.85,2170.85,2170.85,25,0,2170.85,2070.7,2236.55
9974,2021-03-27 12:33:00,2170.85,2170.85,2170.85,2170.85,25,0,2170.85,2070.7,2236.55
9975,2021-03-27 12:34:00,2170.85,2170.85,2170.85,2170.85,25,0,2170.85,2070.7,2236.55
9976,2021-03-27 12:35:00,2170.85,2170.85,2170.85,2170.85,25,0,2170.85,2070.7,2236.55
9977,2021-03-27 12:36:00,2170.85,2170.85,2170.85,2170.85,25,0,2170.85,2070.7,2236.55
9978,2021-03-27 12:37:00,2170.85,2170.85,2170.85,2170.85,25,0,2170.85,2070.7,2236.55
9979,2021-03-27 12:38:00,2170.85,2170.85,2170.85,2170.85,25,0,2170.85,2070.7,2236.55
9980,2021-03-27 12:39:00,2170.85,2170.85,2170.85,2170.85,25,0,2170.85,2070.7,2236.55
9981,2021-03-27 12:40:00,2170.85,2170.85,2170.85,2170.85,25,0,2170.85,2070.7,2236.55
9982,2021-03-27 12:41:00,2170.85,2170.85,2170.85,2170.85,25,0,2170.85,2070.7,2236.55
9983,2021-03-27 12:42:00,2170.85,2170.85,2170.85,2170.85,25,0,2170.85,2070.7,2236.55
9984,2021-03-27 12:43:00,2170.85,2170.85,2170.85,2170.85,25,0,2170.85,2070.7,2236.55
9985,2021-03-27 12:44:00,2170.85,2170.85,2170.85,2170.85,25,0,2170.85,2070.7,2236.55
9986,2021-03-27 12:45:00,2170.85,2170.85,2170.85,2170.85,25,0,2170.85,2070.7,2236.55
9987,2021-03-27 12:46:00,2170.85,2170.85,2170.85,2170.85,25,0,2170.85,2070.7,2236.55
9988,2021-03-27 12:47:00,2170.85,2170.85,2170.85,2170.85,25,0,2170.85,2070.7,2236.55
9989,2021-03-27 12:48:00,2170.85,2170.85,2170.85,2170.85,25,0,2170.85,2070.7,2236.55
9990,2021-03-27 12:49:00,2170.85,2170.85,2170.85,2170.85,25,0,2170.85,2070.7,2236.55
9991,2021-03-27 12:50:00,2170.85,2170.85,2170.85,2170.85,25,0,2170.85,2070.7,2236.55
9992,2021-03-27 12:51:00,2170.85,2170.85,2170.85,2170.85,25,0,2170.85,2070.7,2236.55
9993,2021-03-27 12:52:00,2170.85,2170.85,2170.85,2170.85,25,0,2170.85,2070.7,2236.55
9994,2021-03-27 12:53:00,2170.85,2170.85,2170.85,2170.85,25,0,2170.85,2070.7,2236.55
9995,2021-03-27 12:54:00,2170.85,2170.85,2170.85,2170.85,25,0,2170.85,2070.7,2236.55
9996,2021-03-27 12:55:00,2170.85,2170.85,2170.85,2170.85,25,0,2170.85,2070.7,2236.55
9997,2021-03-27 12:56:00,2170.85,2170.85,2170.85,2170.85,25,0,2170.85,2070.7,2236.55
9998,2021-03-27 12:57:00,2170.85,2170.85,2170.85,2170.85,25,0,2170.85,2070.7,2236.55
9999,2021-03-27 12:58:00,2170.85,2170.85,2170.85,2170.85,25,0,2170.85,2070.7,2236.55
10000,2021-03-27 12:59:00,2170.85,2170.85,2170.85,2170.85,25,0,2170.85,2070.7,2236.55
10001,2021-03-27 13:00:00,2170.85,2170.85,2170.85,2170.85,25,0,2170.85,2070.7,2236.55
10002,2021-03-27 13:01:00,2170.85,2170.85,2170.85,2170.85,25,0,2170.85,2070.7,2236.55
10003,2021-03-27 13:02:00,2170.85,2170.85,2170.85,2170.85,25,0,2170.85,2070.7,2236.55
10004,2021-03-27 13:03:00,2170.85,2170.85,2170.85,2170.85,25,0,2170.85,2070.7,2236.55
10005,2021-03-27 13:04:00,2170.85,2170.85,2170.85,2170.85,25,0,2170.85,2070.7,2236.55
10006,2021-03-27 13:05:00,2170.85,2170.85,2170.85,2170.85,25,0,2170.85,2070.7,2236.55
10007,2021-03-27 13:06:00,2170.85,2170.85,2170.85,2170.85,25,0,2170.85,2070.7,2236.55
10008,2021-03-27 13:07:00,2170.85,2170.85,2170.85,2170.85,25,0,2170.85,2070.7,2236.55
10009,2021-03-27 13:08:00,2170.85,2170.85,2170.85,2170.85,25,0,2170.85,2070.7,2236.55
10010,2021-03-27 13:09:00,2170.85,2170.85,2170.85,2170.85,25,0,2170.85,2070.7,2236.55
10011,2021-03-27 13:10:00,2170.85,2170.85,2170.85,2170.85,25,0,2170.85,2070.7,2236.55
10012,2021-03-27 13:11:00,2170.85,2170.85,2170.85,2170.85,25,0,2170.85,2070.7,2236.55
10013,2021-03-27 13:12:00,2170.85,2170.85,2170.85,2170.85,25,0,2170.85,2070.7,2236.55
10014,2021-03-27 13:13:00,2170.85,2170.85,2170.85,2170.85,25,0,2170.85,2070.7,2236.55
10015,2021-03-27 13:14:00,2170.85,2170.85,2170.85,2170.85,25,0,2170.85,2070.7,2236.55
10016,2021-03-27 13:15:00,2170.85,2170.85,2170.85,2170.85,25,0,2170.85,2070.7,2236.55
10017,2021-03-27 13:16:00,2170.85,2170.85,2170.85,2170.85,25,0,2170.85,2070.7,2236.55
10018,2021-03-27 13:17:00,2170.85,2170.85,2170.85,2170.85,25,0,2170.85,2070.7,2236.55
10019,2021-03-27 13:18:00,2170.85,2170.85,2170.85,2170.85,25,0,2170.85,2070.7,2236.55
10020,2021-03-27 13:19:00,2170.85,2170.85,2170.85,2170.85,25,0,2170.85,2070.7,2236.55
10021,2021-03-27 13:20:00,2170.85,2170.85,2170.85,2170.85,25,0,2170.85,2070.7,2236.55
10022,2021-03-27 13:21:00,2170.85,2170.85,2170.85,2170.85,25,0,2170.85,2070.7,2236.55
10023,2021-03-27 13:22:00,2170.85,2170.85,2170.85,2170.85,25,0,2170.85,2070.7,2236.55
10024,2021-03-27 13:23:00,2170.85,2170.85,2170.85,2170.85,25,0,2170.85,2070.7,2236.55
10025,2021-03-27 13:24:00,2170.85,2170.85,2170.85,2170.85,25,0,2170.85,2070.7,2236.55
10026,2021-03-27 13:25:00,2170.85,2170.85,2170.85,2170.85,25,0,2170.85,2070.7,2236.55
10027,2021-03-27 13:26:00,2170.85,2170.85,2170.85,2170.85,25,0,2170.85,2070.7,2236.55
10028,2021-03-27 13:27:00,2170.85,2170.85,2170.85,2170.85,25,0,2170.85,2070.7,2236.55
10029,2021-03-27 13:28:00,2170.85,2170.85,2170.85,2170.85,25,0,2170.85,2070.7,2236.55
10030,2021-03-27 13:29:00,2170.85,2170.85,2170.85,2170.85,25,0,2170.85,2070.7,2236.55
10031,2021-03-27 13:30:00,2170.85,2170.85,2170.85,2170.85,25,0,2170.85,2070.7,2236.55
10032,2021-03-27 13:31:00,2170.85,2170.85,2170.85,2170.85,25,0,2170.85,2070.7,2236.55
10033,2021-03-27 13:32:00,2170.85,2170.85,2170.85,2170.85,25,0,2170.85,2070.7,2236.55
10034,2021-03-27 13:33:00,2170.85,2170.85,2170.85,2170.85,25,0,2170.85,2070.7,2236.55
10035,2021-03-27 13:34:00,2170.85,2170.85,2170.85,2170.85,25,0,2170.85,2070.7,2236.55
10036,2021-03-27 13:35:00,2170.85,2170.85,2170.85,2170.85,25,0,2170.85,2070.7,2236.55
10037,2021-03-27 13:36:00,2170.85,2170.85,2170.85,2170.85,25,0,2170.85,2070.7,2236.55
10038,2021-03-27 13:37:00,2170.85,2170.85,2170.85,2170.85,25,0,2170.85,2070.7,2236.55
10039,2021-03-27 13:38:00,2170.85,2170.85,2170.85,2170.85,25,0,2170.85,2070.7,2236.55
10040,2021-03-27 13:39:00,2170.85,2170.85,2170.85,2170.85,25,0,2170.85,2070.7,2236.55
10041,2021-03-27 13:40:00,2170.85,2170.85,2170.85,2170.85,25,0,2170.85,2070.7,2236.55
10042,2021-03-27 13:41:00,2170.85,2170.85,2170.85,2170.85,25,0,2170.85,2070.7,2236.55
10043,2021-03-27 13:42:00,2170.85,2170.85,2170.85,2170.85,25,0,2170.85,2070.7,2236.55
10044,2021-03-27 13:43:00,2170.85,2170.85,2170.85,2170.85,25,0,2170.85,2070.7,2236.55
10045,2021-03-27 13:44:00,2170.85,2170.85,2170.85,2170.85,25,0,2170.85,2070.7,2236.55
10046,2021-03-27 13:45:00,2170.85,2170.85,2170.85,2170.85,25,0,2170.85,2070.7,2236.55
10047,2021-03-27 13:46:00,2170.85,2170.85,2170.85,2170.85,25,0,2170.85,2070.7,2236.55
10048,2021-03-27 13:47:00,2170.85,2170.85,2170.85,2170.85,25,0,2170.85,2070.7,2236.55
10049,2021-03-27 13:48:00,2170.85,2170.85,2170.85,2170.85,25,0,2170.85,2070.7,2236.55
10050,2021-03-27 13:49:00,2170.85,2170.85,2170.85,2170.85,25,0,2170.85,2070.7,2236.55
10051,2021-03-27 13:50:00,2170.85,2170.85,2170.85,2170.85,25,0,2170.85,2070.7,2236.55
10052,2021-03-27 13:51:00,2170.85,2170.85,2170.85,2170.85,25,0,2170.85,2070.7,2236.55
10053,2021-03-27 13:52:00,2170.85,2170.85,2170.85,2170.85,25,0,2170.85,2070.7,2236.55
10054,2021-03-27 13:53:00,2170.85,2170.85,2170.85,2170.85,25,0,2170.85,2070.7,2236.55
10055,2021-03-27 13:54:00,2170.85,2170.85,2170.85,2170.85,25,0,2170.85,2070.7,2236.55
10056,2021-03-27 13:55:00,2170.85,2170.85,2170.85,2170.85,25,0,2170.85,2070.7,2236.55
10057,2021-03-27 13:56:00,2170.85,2170.85,2170.85,2170.85,25,0,2170.85,2070.7,2236.55
10058,2021-03-27 13:57:00,2170.85,2170.85,2170.85,2170.85,25,0,2170.85,2070.7,2236.55
10059,2021-03-27 13:58:00,2170.85,2170.85,2170.85,2170.85,25,0,2170.85,2070.7,2236.55
10060,2021-03-27 13:59:00,2170.85,2170.85,2170.85,2170.85,25,0,2170.85,2070.7,2236.55
10061,2021-03-27 14:00:00,2170.85,2170.85,2170.85,2170.85,25,0,2170.85,2070.7,2236.55
10062,2021-03-27 14:01:00,2170.85,2170.85,2170.85,2170.85,25,0,2170.85,2070.7,2236.55
10063,2021-03-27 14:02:00,2170.85,2170.85,2170.85,2170.85,25,0,2170.85,2070.7,2236.55
10064,2021-03-27 14:03:00,2170.85,2170.85,2170.85,2170.85,25,0,2170.85,2070.7,2236.55
10065,2021-03-27 14:04:00,2170.85,2170.85,2170.85,2170.85,25,0,2170.85,2070.7,2236.55
10066,2021-03-27 14:05:00,2170.85,2170.85,2170.85,2170.85,25,0,2170.85,2070.7,2236.55
10067,2021-03-27 14:06:00,2170.85,2170.85,2170.85,2170.85,25,0,2170.85,2070.7,2236.55
10068,2021-03-27 14:07:00,2170.85,2170.85,2170.85,2170.85,25,0,2170.85,2070.7,2236.55
10069,2021-03-27 14:08:00,2170.85,2170.85,2170.85,2170.85,25,0,2170.85,2070.7,2236.55
10070,2021-03-27 14:09:00,2170.85,2170.85,2170.85,2170.85,25,0,2170.85,2070.7,2236.55
10071,2021-03-27 14:10:00,2170.85,2170.85,2170.85,2170.85,25,0,2170.85,2070.7,2236.55
10072,2021-03-27 14:11:00,2170.85,2170.85,2170.85,2170.85,25,0,2170.85,2070.7,2236.55
10073,2021-03-27 14:12:00,2170.85,2170.85,2170.85,2170.85,25,0,2170.85,2070.7,2236.55
10074,2021-03-27 14:13:00,2170.85,2170.85,2170.85,2170.85,25,0,2170.85,2070.7,2236.55
10075,2021-03-27 14:14:00,2170.85,2170.85,2170.85,2170.85,25,0,2170.85,2070.7,2236.55
10076,2021-03-27 14:15:00,2170.85,2170.85,2170.85,2170.85,25,0,2170.85,2070.7,2236.55
10077,2021-03-27 14:16:00,2170.85,2170.85,2170.85,2170.85,25,0,2170.85,2070.7,2236.55
10078,2021-03-27 14:17:00,2170.85,2170.85,2170.85,2170.85,25,0,2170.85,2070.7,2236.55
10079,2021-03-27 14:18:00,2170.85,2170.85,2170.85,2170.85,25,0,2170.85,2070.7,2236.55
10080,2021-03-27 14:19:00,2170.85,2170.85,2170.85,2170.85,25,0,2170.85,2070.7,2236.55
10081,2021-03-27 14:20:00,2170.85,2170.85,2170.85,2170.85,25,0,2170.85,2070.7,2236.55
10082,2021-03-27 14:21:00,2170.85,2170.85,2170.85,2170.85,25,0,2170.85,2070.7,2236.55
10083,2021-03-27 14:22:00,2170.85,2170.85,2170.85,2170.85,25,0,2170.85,2070.7,2236.55
10084,2021-03-27 14:23:00,2170.85,2170.85,2170.85,2170.85,25,0,2170.85,2070.7,2236.55
10085,2021-03-27 14:24:00,2170.85,2170.85,2170.85,2170.85,25,0,2170.85,2070.7,2236.55
10086,2021-03-27 14:25:00,2170.85,2170.85,2170.85,2170.85,25,0,2170.85,2070.7,2236.55
10087,2021-03-27 14:26:00,2170.85,2170.85,2170.85,2170.85,25,0,2170.85,2070.7,2236.55
10088,2021-03-27 14:27:00,2170.85,2170.85,2170.85,2170.85,25,0,2170.85,2070.7,2236.55
10089,2021-03-27 14:28:00,2170.85,2170.85,2170.85,2170.85,25,0,2170.85,2070.7,2236.55
10090,2021-03-27 14:29:00,2170.85,2170.85,2170.85,2170.85,25,0,2170.85,2070.7,2236.55
10091,2021-03-27 14:30:00,2170.85,2170.85,2170.85,2170.85,25,0,2170.85,2070.7,2236.55
10092,2021-03-27 14:31:00,2170.85,2170.85,2170.85,2170.85,25,0,2170.85,2070.7,2236.55
10093,2021-03-27 14:32:00,2170.85,2170.85,2170.85,2170.85,25,0,2170.85,2070.7,2236.55
10094,2021-03-27 14:33:00,2170.85,2170.85,2170.85,2170.85,25,0,2170.85,2070.7,2236.55
10095,2021-03-27 14:34:00,2170.85,2170.85,2170.85,2170.85,25,0,2170.85,2070.7,2236.55
10096,2021-03-27 14:35:00,2170.85,2170.85,2170.85,2170.85,25,0,2170.85,2070.7,2236.55
10097,2021-03-27 14:36:00,2170.85,2170.85,2170.85,2170.85,25,0,2170.85,2070.7,2236.55
10098,2021-03-27 14:37:00,2170.85,2170.85,2170.85,2170.85,25,0,2170.85,2070.7,2236.55
10099,2021-03-27 14:38:00,2170.85,2170.85,2170.85,2170.85,25,0,2170.85,2070.7,2236.55
10100,2021-03-27 14:39:00,2170.85,2170.85,2170.85,2170.85,25,0,2170.85,2070.7,2236.55
10101,2021-03-27 14:40:00,2170.85,2170.85,2170.85,2170.85,25,0,2170.85,2070.7,2236.55
10102,2021-03-27 14:41:00,2170.85,2170.85,2170.85,2170.85,25,0,2170.85,2070.7,2236.55
10103,2021-03-27 14:42:00,2170.85,2170.85,2170.85,2170.85,25,0,2170.85,2070.7,2236.55
10104,2021-03-27 14:43:00,2170.85,2170.85,2170.85,2170.85,25,0,2170.85,2070.7,2236.55
10105,2021-03-27 14:44:00,2170.85,2170.85,2170.85,2170.85,25,0,2170.85,2070.7,2236.55
10106,2021-03-27 14:45:00,2170.85,2170.85,2170.85,2170.85,25,0,2170.85,2070.7,2236.55
10107,2021-03-27 14:46:00,2170.85,2170.85,2170.85,2170.85,25,0,2170.85,2070.7,2236.55
10108,2021-03-27 14:47:00,2170.85,2170.85,2170.85,2170.85,25,0,2170.85,2070.7,2236.55
10109,2021-03-27 14:48:00,2170.85,2170.85,2170.85,2170.85,25,0,2170.85,2070.7,2236.55
10110,2021-03-27 14:49:00,2170.85,2170.85,2170.85,2170.85,25,0,2170.85,2070.7,2236.55
10111,2021-03-27 14:50:00,2170.85,2170.85,2170.85,2170.85,25,0,2170.85,2070.7,2236.55
10112,2021-03-27 14:51:00,2170.85,2170.85,2170.85,2170.85,25,0,2170.85,2070.7,2236.55
10113,2021-03-27 14:52:00,2170.85,2170.85,2170.85,2170.85,25,0,2170.85,2070.7,2236.55
10114,2021-03-27 14:53:00,2170.85,2170.85,2170.85,2170.85,25,0,2170.85,2070.7,2236.55
10115,2021-03-27 14:54:00,2170.85,2170.85,2170.85,2170.85,25,0,2170.85,2070.7,2236.55
10116,2021-03-27 14:55:00,2170.85,2170.85,2170.85,2170.85,25,0,2170.85,2070.7,2236.55
10117,2021-03-27 14:56:00,2170.85,2170.85,2170.85,2170.85,25,0,2170.85,2070.7,2236.55
10118,2021-03-27 14:57:00,2170.85,2170.85,2170.85,2170.85,25,0,2170.85,2070.7,2236.55
10119,2021-03-27 14:58:00,2170.85,2170.85,2170.85,2170.85,25,0,2170.85,2070.7,2236.55
10120,2021-03-27 14:59:00,2170.85,2170.85,2170.85,2170.85,25,0,2170.85,2070.7,2236.55
10121,2021-03-27 15:00:00,2170.85,2170.85,2170.85,2170.85,25,0,2170.85,2070.7,2236.55
10122,2021-03-27 15:01:00,2170.85,2170.85,2170.85,2170.85,25,0,2170.85,2070.7,2236.55
10123,2021-03-27 15:02:00,2170.85,2170.85,2170.85,2170.85,25,0,2170.85,2070.7,2236.55
10124,2021-03-27 15:03:00,2170.85,2170.85,2170.85,2170.85,25,0,2170.85,2070.7,2236.55
10125,2021-03-27 15:04:00,2170.85,2170.85,2170.85,2170.85,25,0,2170.85,2070.7,2236.55
10126,2021-03-27 15:05:00,2170.85,2170.85,2170.85,2170.85,25,0,2170.85,2070.7,2236.55
10127,2021-03-27 15:06:00,2170.85,2170.85,2170.85,2170.85,25,0,2170.85,2070.7,2236.55
10128,2021-03-27 15:07:00,2170.85,2170.85,2170.85,2170.85,25,0,2170.85,2070.7,2236.55
10129,2021-03-27 15:08:00,2170.85,2170.85,2170.85,2170.85,25,0,2170.85,2070.7,2236.55
10130,2021-03-27 15:09:00,2170.85,2170.85,2170.85,2170.85,25,0,2170.85,2070.7,2236.55
10131,2021-03-27 15:10:00,2170.85,2170.85,2170.85,2170.85,25,0,2170.85,2070.7,2236.55
10132,2021-03-27 15:11:00,2170.85,2170.85,2170.85,2170.85,25,0,2170.85,2070.7,2236.55
10133,2021-03-27 15:12:00,2170.85,2170.85,2170.85,2170.85,25,0,2170.85,2070.7,2236.55
10134,2021-03-27 15:13:00,2170.85,2170.85,2170.85,2170.85,25,0,2170.85,2070.7,2236.55
10135,2021-03-27 15:14:00,2170.85,2170.85,2170.85,2170.85,25,0,2170.85,2070.7,2236.55
10136,2021-03-27 15:15:00,2170.85,2170.85,2170.85,2170.85,25,0,2170.85,2070.7,2236.55
10137,2021-03-27 15:16:00,2170.85,2170.85,2170.85,2170.85,25,0,2170.85,2070.7,2236.55
10138,2021-03-27 15:17:00,2170.85,2170.85,2170.85,2170.85,25,0,2170.85,2070.7,2236.55
10139,2021-03-27 15:18:00,2170.85,2170.85,2170.85,2170.85,25,0,2170.85,2070.7,2236.55
10140,2021-03-27 15:19:00,2170.85,2170.85,2170.85,2170.85,25,0,2170.85,2070.7,2236.55
10141,2021-03-27 15:20:00,2170.85,2170.85,2170.85,2170.85,25,0,2170.85,2070.7,2236.55
10142,2021-03-27 15:21:00,2170.85,2170.85,2170.85,2170.85,25,0,2170.85,2070.7,2236.55
10143,2021-03-27 15:22:00,2170.85,2170.85,2170.85,2170.85,25,0,2170.85,2070.7,2236.55
10144,2021-03-27 15:23:00,2170.85,2170.85,2170.85,2170.85,25,0,2170.85,2070.7,2236.55
10145,2021-03-27 15:24:00,2170.85,2170.85,2170.85,2170.85,25,0,2170.85,2070.7,2236.55
10146,2021-03-27 15:25:00,2170.85,2170.85,2170.85,2170.85,25,0,2170.85,2070.7,2236.55
10147,2021-03-27 15:26:00,2170.85,2170.85,2170.85,2170.85,25,0,2170.85,2070.7,2236.55
10148,2021-03-27 15:27:00,2170.85,2170.85,2170.85,2170.85,25,0,2170.85,2070.7,2236.55
10149,2021-03-27 15:28:00,2170.85,2170.85,2170.85,2170.85,25,0,2170.85,2070.7,2236.55
10150,2021-03-27 15:29:00,2170.85,2170.85,2170.85,2170.85,25,0,2170.85,2070.7,2236.55
10151,2021-03-27 15:30:00,2170.85,2170.85,2170.85,2170.85,25,0,2170.85,2070.7,2236.55
10152,2021-03-28 09:15:00,2170.85,2170.85,2170.85,2170.85,25,0,2170.85,2070.7,2236.55
10153,2021-03-28 09:16:00,2170.85,2170.85,2170.85,2170.85,25,0,2170.85,2070.7,2236.55
10154,2021-03-28 09:17:00,2170.85,2170.85,2170.85,2170.85,25,0,2170.85,2070.7,2236.55
10155,2021-03-28 09:18:00,2170.85,2170.85,2170.85,2170.85,25,0,2170.85,2070.7,2236.55
10156,2021-03-28 09:19:00,2170.85,2170.85,2170.85,2170.85,25,0,2170.85,2070.7,2236.55
10157,2021-03-28 09:20:00,2170.85,2170.85,2170.85,2170.85,25,0,2170.85,2070.7,2236.55
10158,2021-03-28 09:21:00,2170.85,2170.85,2170.85,2170.85,25,0,2170.85,2070.7,2236.55
10159,2021-03-28 09:22:00,2170.85,2170.85,2170.85,2170.85,25,0,2170.85,2070.7,2236.55
10160,2021-03-28 09:23:00,2170.85,2170.85,2170.85,2170.85,25,0,2170.85,2070.7,2236.55
10161,2021-03-28 09:24:00,2170.85,2170.85,2170.85,2170.85,25,0,2170.85,2070.7,2236.55
10162,2021-03-28 09:25:00,2170.85,2170.85,2170.85,2170.85,25,0,2170.85,2070.7,2236.55
10163,2021-03-28 09:26:00,2170.85,2170.85,2170.85,2170.85,25,0,2170.85,2070.7,2236.55
10164,2021-03-28 09:27:00,2170.85,2170.85,2170.85,2170.85,25,0,2170.85,2070.7,2236.55
10165,2021-03-28 09:28:00,2170.85,2170.85,2170.85,2170.85,25,0,2170.85,2070.7,2236.55
10166,2021-03-28 09:29:00,2170.85,2170.85,2170.85,2170.85,25,0,2170.85,2070.7,2236.55
10167,2021-03-28 09:30:00,2170.85,2170.85,2170.85,2170.85,25,0,2170.85,2070.7,2236.55
10168,2021-03-28 09:31:00,2170.85,2170.85,2170.85,2170.85,25,0,2170.85,2070.7,2236.55
10169,2021-03-28 09:32:00,2170.85,2170.85,2170.85,2170.85,25,0,2170.85,2070.7,2236.55
10170,2021-03-28 09:33:00,2170.85,2170.85,2170.85,2170.85,25,0,2170.85,2070.7,2236.55
10171,2021-03-28 09:34:00,2170.85,2170.85,2170.85,2170.85,25,0,2170.85,2070.7,2236.55
10172,2021-03-28 09:35:00,2170.85,2170.85,2170.85,2170.85,25,0,2170.85,2070.7,2236.55
10173,2021-03-28 09:36:00,2170.85,2170.85,2170.85,2170.85,25,0,2170.85,2070.7,2236.55
10174,2021-03-28 09:37:00,2170.85,2170.85,2170.85,2170.85,25,0,2170.85,2070.7,2236.55
10175,2021-03-28 09:38:00,2170.85,2170.85,2170.85,2170.85,25,0,2170.85,2070.7,2236.55
10176,2021-03-28 09:39:00,2170.85,2170.85,2170.85,2170.85,25,0,2170.85,2070.7,2236.55
10177,2021-03-28 09:40:00,2170.85,2170.85,2170.85,2170.85,25,0,2170.85,2070.7,2236.55
10178,2021-03-28 09:41:00,2170.85,2170.85,2170.85,2170.85,25,0,2170.85,2070.7,2236.55
10179,2021-03-28 09:42:00,2170.85,2170.85,2170.85,2170.85,25,0,2170.85,2070.7,2236.55
10180,2021-03-28 09:43:00,2170.85,2170.85,2170.85,2170.85,25,0,2170.85,2070.7,2236.55
10181,2021-03-28 09:44:00,2170.85,2170.85,2170.85,2170.85,25,0,2170.85,2070.7,2236.55
10182,2021-03-28 09:45:00,2170.85,2170.85,2170.85,2170.85,25,0,2170.85,2070.7,2236.55
10183,2021-03-28 09:46:00,2170.85,2170.85,2170.85,2170.85,25,0,2170.85,2070.7,2236.55
10184,2021-03-28 09:47:00,2170.85,2170.85,2170.85,2170.85,25,0,2170.85,2070.7,2236.55
10185,2021-03-28 09:48:00,2170.85,2170.85,2170.85,2170.85,25,0,2170.85,2070.7,2236.55
10186,2021-03-28 09:49:00,2170.85,2170.85,2170.85,2170.85,25,0,2170.85,2070.7,2236.55
10187,2021-03-28 09:50:00,2170.85,2170.85,2170.85,2170.85,25,0,2170.85,2070.7,2236.55
10188,2021-03-28 09:51:00,2170.85,2170.85,2170.85,2170.85,25,0,2170.85,2070.7,2236.55
10189,2021-03-28 09:52:00,2170.85,2170.85,2170.85,2170.85,25,0,2170.85,2070.7,2236.55
10190,2021-03-28 09:53:00,2170.85,2170.85,2170.85,2170.85,25,0,2170.85,2070.7,2236.55
10191,2021-03-28 09:54:00,2170.85,2170.85,2170.85,2170.85,25,0,2170.85,2070.7,2236.55
10192,2021-03-28 09:55:00,2170.85,2170.85,2170.85,2170.85,25,0,2170.85,2070.7,2236.55
10193,2021-03-28 09:56:00,2170.85,2170.85,2170.85,2170.85,25,0,2170.85,2070.7,2236.55
10194,2021-03-28 09:57:00,2170.85,2170.85,2170.85,2170.85,25,0,2170.85,2070.7,2236.55
10195,2021-03-28 09:58:00,2170.85,2170.85,2170.85,2170.85,25,0,2170.85,2070.7,2236.55
10196,2021-03-28 09:59:00,2170.85,2170.85,2170.85,2170.85,25,0,2170.85,2070.7,2236.55
10197,2021-03-28 10:00:00,2170.85,2170.85,2170.85,2170.85,25,0,2170.85,2070.7,2236.55
10198,2021-03-28 10:01:00,2170.85,2170.85,2170.85,2170.85,25,0,2170.85,2070.7,2236.55
10199,2021-03-28 10:02:00,2170.85,2170.85,2170.85,2170.85,25,0,2170.85,2070.7,2236.55
10200,2021-03-28 10:03:00,2170.85,2170.85,2170.85,2170.85,25,0,2170.85,2070.7,2236.55
10201,2021-03-28 10:04:00,2170.85,2170.85,2170.85,2170.85,25,0,2170.85,2070.7,2236.55
10202,2021-03-28 10:05:00,2170.85,2170.85,2170.85,2170.85,25,0,2170.85,2070.7,2236.55
10203,2021-03-28 10:06:00,2170.85,2170.85,2170.85,2170.85,25,0,2170.85,2070.7,2236.55
10204,2021-03-28 10:07:00,2170.85,2170.85,2170.85,2170.85,25,0,2170.85,2070.7,2236.55
10205,2021-03-28 10:08:00,2170.85,2170.85,2170.85,2170.85,25,0,2170.85,2070.7,2236.55
10206,2021-03-28 10:09:00,2170.85,2170.85,2170.85,2170.85,25,0,2170.85,2070.7,2236.55
10207,2021-03-28 10:10:00,2170.85,2170.85,2170.85,2170.85,25,0,2170.85,2070.7,2236.55
10208,2021-03-28 10:11:00,2170.85,2170.85,2170.85,2170.85,25,0,2170.85,2070.7,2236.55
10209,2021-03-28 10:12:00,2170.85,2170.85,2170.85,2170.85,25,0,2170.85,2070.7,2236.55
10210,2021-03-28 10:13:00,2170.85,2170.85,2170.85,2170.85,25,0,2170.85,2070.7,2236.55
10211,2021-03-28 10:14:00,2170.85,2170.85,2170.85,2170.85,25,0,2170.85,2070.7,2236.55
10212,2021-03-28 10:15:00,2170.85,2170.85,2170.85,2170.85,25,0,2170.85,2070.7,2236.55
10213,2021-03-28 10:16:00,2170.85,2170.85,2170.85,2170.85,25,0,2170.85,2070.7,2236.55
10214,2021-03-28 10:17:00,2170.85,2170.85,2170.85,2170.85,25,0,2170.85,2070.7,2236.55
10215,2021-03-28 10:18:00,2170.85,2170.85,2170.85,2170.85,25,0,2170.85,2070.7,2236.55
10216,2021-03-28 10:19:00,2170.85,2170.85,2170.85,2170.85,25,0,2170.85,2070.7,2236.55
10217,2021-03-28 10:20:00,2170.85,2170.85,2170.85,2170.85,25,0,2170.85,2070.7,2236.55
10218,2021-03-28 10:21:00,2170.85,2170.85,2170.85,2170.85,25,0,2170.85,2070.7,2236.55
10219,2021-03-28 10:22:00,2170.85,2170.85,2170.85,2170.85,25,0,2170.85,2070.7,2236.55
10220,2021-03-28 10:23:00,2170.85,2170.85,2170.85,2170.85,25,0,2170.85,2070.7,2236.55
10221,2021-03-28 10:24:00,2170.85,2170.85,2170.85,2170.85,25,0,2170.85,2070.7,2236.55
10222,2021-03-28 10:25:00,2170.85,2170.85,2170.85,2170.85,25,0,2170.85,2070.7,2236.55
10223,2021-03-28 10:26:00,2170.85,2170.85,2170.85,2170.85,25,0,2170.85,2070.7,2236.55
10224,2021-03-28 10:27:00,2170.85,2170.85,2170.85,2170.85,25,0,2170.85,2070.7,2236.55
10225,2021-03-28 10:28:00,2170.85,2170.85,2170.85,2170.85,25,0,2170.85,2070.7,2236.55
10226,2021-03-28 10:29:00,2170.85,2170.85,2170.85,2170.85,25,0,2170.85,2070.7,2236.55
10227,2021-03-28 10:30:00,2170.85,2170.85,2170.85,2170.85,25,0,2170.85,2070.7,2236.55
10228,2021-03-28 10:31:00,2170.85,2170.85,2170.85,2170.85,25,0,2170.85,2070.7,2236.55
10229,2021-03-28 10:32:00,2170.85,2170.85,2170.85,2170.85,25,0,2170.85,2070.7,2236.55
10230,2021-03-28 10:33:00,2170.85,2170.85,2170.85,2170.85,25,0,2170.85,2070.7,2236.55
10231,2021-03-28 10:34:00,2170.85,2170.85,2170.85,2170.85,25,0,2170.85,2070.7,2236.55
10232,2021-03-28 10:35:00,2170.85,2170.85,2170.85,2170.85,25,0,2170.85,2070.7,2236.55
10233,2021-03-28 10:36:00,2170.85,2170.85,2170.85,2170.85,25,0,2170.85,2070.7,2236.55
10234,2021-03-28 10:37:00,2170.85,2170.85,2170.85,2170.85,25,0,2170.85,2070.7,2236.55
10235,2021-03-28 10:38:00,2170.85,2170.85,2170.85,2170.85,25,0,2170.85,2070.7,2236.55
10236,2021-03-28 10:39:00,2170.85,2170.85,2170.85,2170.85,25,0,2170.85,2070.7,2236.55
10237,2021-03-28 10:40:00,2170.85,2170.85,2170.85,2170.85,25,0,2170.85,2070.7,2236.55
10238,2021-03-28 10:41:00,2170.85,2170.85,2170.85,2170.85,25,0,2170.85,2070.7,2236.55
10239,2021-03-28 10:42:00,2170.85,2170.85,2170.85,2170.85,25,0,2170.85,2070.7,2236.55
10240,2021-03-28 10:43:00,2170.85,2170.85,2170.85,2170.85,25,0,2170.85,2070.7,2236.55
10241,2021-03-28 10:44:00,2170.85,2170.85,2170.85,2170.85,25,0,2170.85,2070.7,2236.55
10242,2021-03-28 10:45:00,2170.85,2170.85,2170.85,2170.85,25,0,2170.85,2070.7,2236.55
10243,2021-03-28 10:46:00,2170.85,2170.85,2170.85,2170.85,25,0,2170.85,2070.7,2236.55
10244,2021-03-28 10:47:00,2170.85,2170.85,2170.85,2170.85,25,0,2170.85,2070.7,2236.55
10245,2021-03-28 10:48:00,2170.85,2170.85,2170.85,2170.85,25,0,2170.85,2070.7,2236.55
10246,2021-03-28 10:49:00,2170.85,2170.85,2170.85,2170.85,25,0,2170.85,2070.7,2236.55
10247,2021-03-28 10:50:00,2170.85,2170.85,2170.85,2170.85,25,0,2170.85,2070.7,2236.55
10248,2021-03-28 10:51:00,2170.85,2170.85,2170.85,2170.85,25,0,2170.85,2070.7,2236.55
10249,2021-03-28 10:52:00,2170.85,2170.85,2170.85,2170.85,25,0,2170.85,2070.7,2236.55
10250,2021-03-28 10:53:00,2170.85,2170.85,2170.85,2170.85,25,0,2170.85,2070.7,2236.55
10251,2021-03-28 10:54:00,2170.85,2170.85,2170.85,2170.85,25,0,2170.85,2070.7,2236.55
10252,2021-03-28 10:55:00,2170.85,2170.85,2170.85,2170.85,25,0,2170.85,2070.7,2236.55
10253,2021-03-28 10:56:00,2170.85,2170.85,2170.85,2170.85,25,0,2170.85,2070.7,2236.55
10254,2021-03-28 10:57:00,2170.85,2170.85,2170.85,2170.85,25,0,2170.85,2070.7,2236.55
10255,2021-03-28 10:58:00,2170.85,2170.85,2170.85,2170.85,25,0,2170.85,2070.7,2236.55
10256,2021-03-28 10:59:00,2170.85,2170.85,2170.85,2170.85,25,0,2170.85,2070.7,2236.55
10257,2021-03-28 11:00:00,2170.85,2170.85,2170.85,2170.85,25,0,2170.85,2070.7,2236.55
10258,2021-03-28 11:01:00,2170.85,2170.85,2170.85,2170.85,25,0,2170.85,2070.7,2236.55
10259,2021-03-28 11:02:00,2170.85,2170.85,2170.85,2170.85,25,0,2170.85,2070.7,2236.55
10260,2021-03-28 11:03:00,2170.85,2170.85,2170.85,2170.85,25,0,2170.85,2070.7,2236.55
10261,2021-03-28 11:04:00,2170.85,2170.85,2170.85,2170.85,25,0,2170.85,2070.7,2236.55
10262,2021-03-28 11:05:00,2170.85,2170.85,2170.85,2170.85,25,0,2170.85,2070.7,2236.55
10263,2021-03-28 11:06:00,2170.85,2170.85,2170.85,2170.85,25,0,2170.85,2070.7,2236.55
10264,2021-03-28 11:07:00,2170.85,2170.85,2170.85,2170.85,25,0,2170.85,2070.7,2236.55
10265,2021-03-28 11:08:00,2170.85,2170.85,2170.85,2170.85,25,0,2170.85,2070.7,2236.55
10266,2021-03-28 11:09:00,2170.85,2170.85,2170.85,2170.85,25,0,2170.85,2070.7,2236.55
10267,2021-03-28 11:10:00,2170.85,2170.85,2170.85,2170.85,25,0,2170.85,2070.7,2236.55
10268,2021-03-28 11:11:00,2170.85,2170.85,2170.85,2170.85,25,0,2170.85,2070.7,2236.55
10269,2021-03-28 11:12:00,2170.85,2170.85,2170.85,2170.85,25,0,2170.85,2070.7,2236.55
10270,2021-03-28 11:13:00,2170.85,2170.85,2170.85,2170.85,25,0,2170.85,2070.7,2236.55
10271,2021-03-28 11:14:00,2170.85,2170.85,2170.85,2170.85,25,0,2170.85,2070.7,2236.55
10272,2021-03-28 11:15:00,2170.85,2170.85,2170.85,2170.85,25,0,2170.85,2070.7,2236.55
10273,2021-03-28 11:16:00,2170.85,2170.85,2170.85,2170.85,25,0,2170.85,2070.7,2236.55
10274,2021-03-28 11:17:00,2170.85,2170.85,2170.85,2170.85,25,0,2170.85,2070.7,2236.55
10275,2021-03-28 11:18:00,2170.85,2170.85,2170.85,2170.85,25,0,2170.85,2070.7,2236.55
10276,2021-03-28 11:19:00,2170.85,2170.85,2170.85,2170.85,25,0,2170.85,2070.7,2236.55
10277,2021-03-28 11:20:00,2170.85,2170.85,2170.85,2170.85,25,0,2170.85,2070.7,2236.55
10278,2021-03-28 11:21:00,2170.85,2170.85,2170.85,2170.85,25,0,2170.85,2070.7,2236.55
10279,2021-03-28 11:22:00,2170.85,2170.85,2170.85,2170.85,25,0,2170.85,2070.7,2236.55
10280,2021-03-28 11:23:00,2170.85,2170.85,2170.85,2170.85,25,0,2170.85,2070.7,2236.55
10281,2021-03-28 11:24:00,2170.85,2170.85,2170.85,2170.85,25,0,2170.85,2070.7,2236.55
10282,2021-03-28 11:25:00,2170.85,2170.85,2170.85,2170.85,25,0,2170.85,2070.7,2236.55
10283,2021-03-28 11:26:00,2170.85,2170.85,2170.85,2170.85,25,0,2170.85,2070.7,2236.55
10284,2021-03-28 11:27:00,2170.85,2170.85,2170.85,2170.85,25,0,2170.85,2070.7,2236.55
10285,2021-03-28 11:28:00,2170.85,2170.85,2170.85,2170.85,25,0,2170.85,2070.7,2236.55
10286,2021-03-28 11:29:00,2170.85,2170.85,2170.85,2170.85,25,0,2170.85,2070.7,2236.55
10287,2021-03-28 11:30:00,2170.85,2170.85,2170.85,2170.85,25,0,2170.85,2070.7,2236.55
10288,2021-03-28 11:31:00,2170.85,2170.85,2170.85,2170.85,25,0,2170.85,2070.7,2236.55
10289,2021-03-28 11:32:00,2170.85,2170.85,2170.85,2170.85,25,0,2170.85,2070.7,2236.55
10290,2021-03-28 11:33:00,2170.85,2170.85,2170.85,2170.85,25,0,2170.85,2070.7,2236.55
10291,2021-03-28 11:34:00,2170.85,2170.85,2170.85,2170.85,25,0,2170.85,2070.7,2236.55
10292,2021-03-28 11:35:00,2170.85,2170.85,2170.85,2170.85,25,0,2170.85,2070.7,2236.55
10293,2021-03-28 11:36:00,2170.85,2170.85,2170.85,2170.85,25,0,2170.85,2070.7,2236.55
10294,2021-03-28 11:37:00,2170.85,2170.85,2170.85,2170.85,25,0,2170.85,2070.7,2236.55
10295,2021-03-28 11:38:00,2170.85,2170.85,2170.85,2170.85,25,0,2170.85,2070.7,2236.55
10296,2021-03-28 11:39:00,2170.85,2170.85,2170.85,2170.85,25,0,2170.85,2070.7,2236.55
10297,2021-03-28 11:40:00,2170.85,2170.85,2170.85,2170.85,25,0,2170.85,2070.7,2236.55
10298,2021-03-28 11:41:00,2170.85,2170.85,2170.85,2170.85,25,0,2170.85,2070.7,2236.55
10299,2021-03-28 11:42:00,2170.85,2170.85,2170.85,2170.85,25,0,2170.85,2070.7,2236.55
10300,2021-03-28 11:43:00,2170.85,2170.85,2170.85,2170.85,25,0,2170.85,2070.7,2236.55
10301,2021-03-28 11:44:00,2170.85,2170.85,2170.85,2170.85,25,0,2170.85,2070.7,2236.55
10302,2021-03-28 11:45:00,2170.85,2170.85,2170.85,2170.85,25,0,2170.85,2070.7,2236.55
10303,2021-03-28 11:46:00,2170.85,2170.85,2170.85,2170.85,25,0,2170.85,2070.7,2236.55
10304,2021-03-28 11:47:00,2170.85,2170.85,2170.85,2170.85,25,0,2170.85,2070.7,2236.55
10305,2021-03-28 11:48:00,2170.85,2170.85,2170.85,2170.85,25,0,2170.85,2070.7,2236.55
10306,2021-03-28 11:49:00,2170.85,2170.85,2170.85,2170.85,25,0,2170.85,2070.7,2236.55
10307,2021-03-28 11:50:00,2170.85,2170.85,2170.85,2170.85,25,0,2170.85,2070.7,2236.55
10308,2021-03-28 11:51:00,2170.85,2170.85,2170.85,2170.85,25,0,2170.85,2070.7,2236.55
10309,2021-03-28 11:52:00,2170.85,2170.85,2170.85,2170.85,25,0,2170.85,2070.7,2236.55
10310,2021-03-28 11:53:00,2170.85,2170.85,2170.85,2170.85,25,0,2170.85,2070.7,2236.55
10311,2021-03-28 11:54:00,2170.85,2170.85,2170.85,2170.85,25,0,2170.85,2070.7,2236.55
10312,2021-03-28 11:55:00,2170.85,2170.85,2170.85,2170.85,25,0,2170.85,2070.7,2236.55
10313,2021-03-28 11:56:00,2170.85,2170.85,2170.85,2170.85,25,0,2170.85,2070.7,2236.55
10314,2021-03-28 11:57:00,2170.85,2170.85,2170.85,2170.85,25,0,2170.85,2070.7,2236.55
10315,2021-03-28 11:58:00,2170.85,2170.85,2170.85,2170.85,25,0,2170.85,2070.7,2236.55
10316,2021-03-28 11:59:00,2170.85,2170.85,2170.85,2170.85,25,0,2170.85,2070.7,2236.55
10317,2021-03-28 12:00:00,2170.85,2170.85,2170.85,2170.85,25,0,2170.85,2070.7,2236.55
10318,2021-03-28 12:01:00,2170.85,2170.85,2170.85,2170.85,25,0,2170.85,2070.7,2236.55
10319,2021-03-28 12:02:00,2170.85,2170.85,2170.85,2170.85,25,0,2170.85,2070.7,2236.55
10320,2021-03-28 12:03:00,2170.85,2170.85,2170.85,2170.85,25,0,2170.85,2070.7,2236.55
10321,2021-03-28 12:04:00,2170.85,2170.85,2170.85,2170.85,25,0,2170.85,2070.7,2236.55
10322,2021-03-28 12:05:00,2170.85,2170.85,2170.85,2170.85,25,0,2170.85,2070.7,2236.55
10323,2021-03-28 12:06:00,2170.85,2170.85,2170.85,2170.85,25,0,2170.85,2070.7,2236.55
10324,2021-03-28 12:07:00,2170.85,2170.85,2170.85,2170.85,25,0,2170.85,2070.7,2236.55
10325,2021-03-28 12:08:00,2170.85,2170.85,2170.85,2170.85,25,0,2170.85,2070.7,2236.55
10326,2021-03-28 12:09:00,2170.85,2170.85,2170.85,2170.85,25,0,2170.85,2070.7,2236.55
10327,2021-03-28 12:10:00,2170.85,2170.85,2170.85,2170.85,25,0,2170.85,2070.7,2236.55
10328,2021-03-28 12:11:00,2170.85,2170.85,2170.85,2170.85,25,0,2170.85,2070.7,2236.55
10329,2021-03-28 12:12:00,2170.85,2170.85,2170.85,2170.85,25,0,2170.85,2070.7,2236.55
10330,2021-03-28 12:13:00,2170.85,2170.85,2170.85,2170.85,25,0,2170.85,2070.7,2236.55
10331,2021-03-28 12:14:00,2170.85,2170.85,2170.85,2170.85,25,0,2170.85,2070.7,2236.55
10332,2021-03-28 12:15:00,2170.85,2170.85,2170.85,2170.85,25,0,2170.85,2070.7,2236.55
10333,2021-03-28 12:16:00,2170.85,2170.85,2170.85,2170.85,25,0,2170.85,2070.7,2236.55
10334,2021-03-28 12:17:00,2170.85,2170.85,2170.85,2170.85,25,0,2170.85,2070.7,2236.55
10335,2021-03-28 12:18:00,2170.85,2170.85,2170.85,2170.85,25,0,2170.85,2070.7,2236.55
10336,2021-03-28 12:19:00,2170.85,2170.85,2170.85,2170.85,25,0,2170.85,2070.7,2236.55
10337,2021-03-28 12:20:00,2170.85,2170.85,2170.85,2170.85,25,0,2170.85,2070.7,2236.55
10338,2021-03-28 12:21:00,2170.85,2170.85,2170.85,2170.85,25,0,2170.85,2070.7,2236.55
10339,2021-03-28 12:22:00,2170.85,2170.85,2170.85,2170.85,25,0,2170.85,2070.7,2236.55
10340,2021-03-28 12:23:00,2170.85,2170.85,2170.85,2170.85,25,0,2170.85,2070.7,2236.55
10341,2021-03-28 12:24:00,2170.85,2170.85,2170.85,2170.85,25,0,2170.85,2070.7,2236.55
10342,2021-03-28 12:25:00,2170.85,2170.85,2170.85,2170.85,25,0,2170.85,2070.7,2236.55
10343,2021-03-28 12:26:00,2170.85,2170.85,2170.85,2170.85,25,0,2170.85,2070.7,2236.55
10344,2021-03-28 12:27:00,2170.85,2170.85,2170.85,2170.85,25,0,2170.85,2070.7,2236.55
10345,2021-03-28 12:28:00,2170.85,2170.85,2170.85,2170.85,25,0,2170.85,2070.7,2236.55
10346,2021-03-28 12:29:00,2170.85,2170.85,2170.85,2170.85,25,0,2170.85,2070.7,2236.55
10347,2021-03-28 12:30:00,2170.85,2170.85,2170.85,2170.85,25,0,2170.85,2070.7,2236.55
10348,2021-03-28 12:31:00,2170.85,2170.85,2170.85,2170.85,25,0,2170.85,2070.7,2236.55
10349,2021-03-28 12:32:00,2170.85,2170.85,2170.85,2170.85,25,0,2170.85,2070.7,2236.55
10350,2021-03-28 12:33:00,2170.85,2170.85,2170.85,2170.85,25,0,2170.85,2070.7,2236.55
10351,2021-03-28 12:34:00,2170.85,2170.85,2170.85,2170.85,25,0,2170.85,2070.7,2236.55
10352,2021-03-28 12:35:00,2170.85,2170.85,2170.85,2170.85,25,0,2170.85,2070.7,2236.55
10353,2021-03-28 12:36:00,2170.85,2170.85,2170.85,2170.85,25,0,2170.85,2070.7,2236.55
10354,2021-03-28 12:37:00,2170.85,2170.85,2170.85,2170.85,25,0,2170.85,2070.7,2236.55
10355,2021-03-28 12:38:00,2170.85,2170.85,2170.85,2170.85,25,0,2170.85,2070.7,2236.55
10356,2021-03-28 12:39:00,2170.85,2170.85,2170.85,2170.85,25,0,2170.85,2070.7,2236.55
10357,2021-03-28 12:40:00,2170.85,2170.85,2170.85,2170.85,25,0,2170.85,2070.7,2236.55
10358,2021-03-28 12:41:00,2170.85,2170.85,2170.85,2170.85,25,0,2170.85,2070.7,2236.55
10359,2021-03-28 12:42:00,2170.85,2170.85,2170.85,2170.85,25,0,2170.85,2070.7,2236.55
10360,2021-03-28 12:43:00,2170.85,2170.85,2170.85,2170.85,25,0,2170.85,2070.7,2236.55
10361,2021-03-28 12:44:00,2170.85,2170.85,2170.85,2170.85,25,0,2170.85,2070.7,2236.55
10362,2021-03-28 12:45:00,2170.85,2170.85,2170.85,2170.85,25,0,2170.85,2070.7,2236.55
10363,2021-03-28 12:46:00,2170.85,2170.85,2170.85,2170.85,25,0,2170.85,2070.7,2236.55
10364,2021-03-28 12:47:00,2170.85,2170.85,2170.85,2170.85,25,0,2170.85,2070.7,2236.55
10365,2021-03-28 12:48:00,2170.85,2170.85,2170.85,2170.85,25,0,2170.85,2070.7,2236.55
10366,2021-03-28 12:49:00,2170.85,2170.85,2170.85,2170.85,25,0,2170.85,2070.7,2236.55
10367,2021-03-28 12:50:00,2170.85,2170.85,2170.85,2170.85,25,0,2170.85,2070.7,2236.55
10368,2021-03-28 12:51:00,2170.85,2170.85,2170.85,2170.85,25,0,2170.85,2070.7,2236.55
10369,2021-03-28 12:52:00,2170.85,2170.85,2170.85,2170.85,25,0,2170.85,2070.7,2236.55
10370,2021-03-28 12:53:00,2170.85,2170.85,2170.85,2170.85,25,0,2170.85,2070.7,2236.55
10371,2021-03-28 12:54:00,2170.85,2170.85,2170.85,2170.85,25,0,2170.85,2070.7,2236.55
10372,2021-03-28 12:55:00,2170.85,2170.85,2170.85,2170.85,25,0,2170.85,2070.7,2236.55
10373,2021-03-28 12:56:00,2170.85,2170.85,2170.85,2170.85,25,0,2170.85,2070.7,2236.55
10374,2021-03-28 12:57:00,2170.85,2170.85,2170.85,2170.85,25,0,2170.85,2070.7,2236.55
10375,2021-03-28 12:58:00,2170.85,2170.85,2170.85,2170.85,25,0,2170.85,2070.7,2236.55
10376,2021-03-28 12:59:00,2170.85,2170.85,2170.85,2170.85,25,0,2170.85,2070.7,2236.55
10377,2021-03-28 13:00:00,2170.85,2170.85,2170.85,2170.85,25,0,2170.85,2070.7,2236.55
10378,2021-03-28 13:01:00,2170.85,2170.85,2170.85,2170.85,25,0,2170.85,2070.7,2236.55
10379,2021-03-28 13:02:00,2170.85,2170.85,2170.85,2170.85,25,0,2170.85,2070.7,2236.55
10380,2021-03-28 13:03:00,2170.85,2170.85,2170.85,2170.85,25,0,2170.85,2070.7,2236.55
10381,2021-03-28 13:04:00,2170.85,2170.85,2170.85,2170.85,25,0,2170.85,2070.7,2236.55
10382,2021-03-28 13:05:00,2170.85,2170.85,2170.85,2170.85,25,0,2170.85,2070.7,2236.55
10383,2021-03-28 13:06:00,2170.85,2170.85,2170.85,2170.85,25,0,2170.85,2070.7,2236.55
10384,2021-03-28 13:07:00,2170.85,2170.85,2170.85,2170.85,25,0,2170.85,2070.7,2236.55
10385,2021-03-28 13:08:00,2170.85,2170.85,2170.85,2170.85,25,0,2170.85,2070.7,2236.55
10386,2021-03-28 13:09:00,2170.85,2170.85,2170.85,2170.85,25,0,2170.85,2070.7,2236.55
10387,2021-03-28 13:10:00,2170.85,2170.85,2170.85,2170.85,25,0,2170.85,2070.7,2236.55
10388,2021-03-28 13:11:00,2170.85,2170.85,2170.85,2170.85,25,0,2170.85,2070.7,2236.55
10389,2021-03-28 13:12:00,2170.85,2170.85,2170.85,2170.85,25,0,2170.85,2070.7,2236.55
10390,2021-03-28 13:13:00,2170.85,2170.85,2170.85,2170.85,25,0,2170.85,2070.7,2236.55
10391,2021-03-28 13:14:00,2170.85,2170.85,2170.85,2170.85,25,0,2170.85,2070.7,2236.55
10392,2021-03-28 13:15:00,2170.85,2170.85,2170.85,2170.85,25,0,2170.85,2070.7,2236.55
10393,2021-03-28 13:16:00,2170.85,2170.85,2170.85,2170.85,25,0,2170.85,2070.7,2236.55
10394,2021-03-28 13:17:00,2170.85,2170.85,2170.85,2170.85,25,0,2170.85,2070.7,2236.55
10395,2021-03-28 13:18:00,2170.85,2170.85,2170.85,2170.85,25,0,2170.85,2070.7,2236.55
10396,2021-03-28 13:19:00,2170.85,2170.85,2170.85,2170.85,25,0,2170.85,2070.7,2236.55
10397,2021-03-28 13:20:00,2170.85,2170.85,2170.85,2170.85,25,0,2170.85,2070.7,2236.55
10398,2021-03-28 13:21:00,2170.85,2170.85,2170.85,2170.85,25,0,2170.85,2070.7,2236.55
10399,2021-03-28 13:22:00,2170.85,2170.85,2170.85,2170.85,25,0,2170.85,2070.7,2236.55
10400,2021-03-28 13:23:00,2170.85,2170.85,2170.85,2170.85,25,0,2170.85,2070.7,2236.55
10401,2021-03-28 13:24:00,2170.85,2170.85,2170.85,2170.85,25,0,2170.85,2070.7,2236.55
10402,2021-03-28 13:25:00,2170.85,2170.85,2170.85,2170.85,25,0,2170.85,2070.7,2236.55
10403,2021-03-28 13:26:00,2170.85,2170.85,2170.85,2170.85,25,0,2170.85,2070.7,2236.55
10404,2021-03-28 13:27:00,2170.85,2170.85,2170.85,2170.85,25,0,2170.85,2070.7,2236.55
10405,2021-03-28 13:28:00,2170.85,2170.85,2170.85,2170.85,25,0,2170.85,2070.7,2236.55
10406,2021-03-28 13:29:00,2170.85,2170.85,2170.85,2170.85,25,0,2170.85,2070.7,2236.55
10407,2021-03-28 13:30:00,2170.85,2170.85,2170.85,2170.85,25,0,2170.85,2070.7,2236.55
10408,2021-03-28 13:31:00,2170.85,2170.85,2170.85,2170.85,25,0,2170.85,2070.7,2236.55
10409,2021-03-28 13:32:00,2170.85,2170.85,2170.85,2170.85,25,0,2170.85,2070.7,2236.55
10410,2021-03-28 13:33:00,2170.85,2170.85,2170.85,2170.85,25,0,2170.85,2070.7,2236.55
10411,2021-03-28 13:34:00,2170.85,2170.85,2170.85,2170.85,25,0,2170.85,2070.7,2236.55
10412,2021-03-28 13:35:00,2170.85,2170.85,2170.85,2170.85,25,0,2170.85,2070.7,2236.55
10413,2021-03-28 13:36:00,2170.85,2170.85,2170.85,2170.85,25,0,2170.85,2070.7,2236.55
10414,2021-03-28 13:37:00,2170.85,2170.85,2170.85,2170.85,25,0,2170.85,2070.7,2236.55
10415,2021-03-28 13:38:00,2170.85,2170.85,2170.85,2170.85,25,0,2170.85,2070.7,2236.55
10416,2021-03-28 13:39:00,2170.85,2170.85,2170.85,2170.85,25,0,2170.85,2070.7,2236.55
10417,2021-03-28 13:40:00,2170.85,2170.85,2170.85,2170.85,25,0,2170.85,2070.7,2236.55
10418,2021-03-28 13:41:00,2170.85,2170.85,2170.85,2170.85,25,0,2170.85,2070.7,2236.55
10419,2021-03-28 13:42:00,2170.85,2170.85,2170.85,2170.85,25,0,2170.85,2070.7,2236.55
10420,2021-03-28 13:43:00,2170.85,2170.85,2170.85,2170.85,25,0,2170.85,2070.7,2236.55
10421,2021-03-28 13:44:00,2170.85,2170.85,2170.85,2170.85,25,0,2170.85,2070.7,2236.55
10422,2021-03-28 13:45:00,2170.85,2170.85,2170.85,2170.85,25,0,2170.85,2070.7,2236.55
10423,2021-03-28 13:46:00,2170.85,2170.85,2170.85,2170.85,25,0,2170.85,2070.7,2236.55
10424,2021-03-28 13:47:00,2170.85,2170.85,2170.85,2170.85,25,0,2170.85,2070.7,2236.55
10425,2021-03-28 13:48:00,2170.85,2170.85,2170.85,2170.85,25,0,2170.85,2070.7,2236.55
10426,2021-03-28 13:49:00,2170.85,2170.85,2170.85,2170.85,25,0,2170.85,2070.7,2236.55
10427,2021-03-28 13:50:00,2170.85,2170.85,2170.85,2170.85,25,0,2170.85,2070.7,2236.55
10428,2021-03-28 13:51:00,2170.85,2170.85,2170.85,2170.85,25,0,2170.85,2070.7,2236.55
10429,2021-03-28 13:52:00,2170.85,2170.85,2170.85,2170.85,25,0,2170.85,2070.7,2236.55
10430,2021-03-28 13:53:00,2170.85,2170.85,2170.85,2170.85,25,0,2170.85,2070.7,2236.55
10431,2021-03-28 13:54:00,2170.85,2170.85,2170.85,2170.85,25,0,2170.85,2070.7,2236.55
10432,2021-03-28 13:55:00,2170.85,2170.85,2170.85,2170.85,25,0,2170.85,2070.7,2236.55
10433,2021-03-28 13:56:00,2170.85,2170.85,2170.85,2170.85,25,0,2170.85,2070.7,2236.55
10434,2021-03-28 13:57:00,2170.85,2170.85,2170.85,2170.85,25,0,2170.85,2070.7,2236.55
10435,2021-03-28 13:58:00,2170.85,2170.85,2170.85,2170.85,25,0,2170.85,2070.7,2236.55
10436,2021-03-28 13:59:00,2170.85,2170.85,2170.85,2170.85,25,0,2170.85,2070.7,2236.55
10437,2021-03-28 14:00:00,2170.85,2170.85,2170.85,2170.85,25,0,2170.85,2070.7,2236.55
10438,2021-03-28 14:01:00,2170.85,2170.85,2170.85,2170.85,25,0,2170.85,2070.7,2236.55
10439,2021-03-28 14:02:00,2170.85,2170.85,2170.85,2170.85,25,0,2170.85,2070.7,2236.55
10440,2021-03-28 14:03:00,2170.85,2170.85,2170.85,2170.85,25,0,2170.85,2070.7,2236.55
10441,2021-03-28 14:04:00,2170.85,2170.85,2170.85,2170.85,25,0,2170.85,2070.7,2236.55
10442,2021-03-28 14:05:00,2170.85,2170.85,2170.85,2170.85,25,0,2170.85,2070.7,2236.55
10443,2021-03-28 14:06:00,2170.85,2170.85,2170.85,2170.85,25,0,2170.85,2070.7,2236.55
10444,2021-03-28 14:07:00,2170.85,2170.85,2170.85,2170.85,25,0,2170.85,2070.7,2236.55
10445,2021-03-28 14:08:00,2170.85,2170.85,2170.85,2170.85,25,0,2170.85,2070.7,2236.55
10446,2021-03-28 14:09:00,2170.85,2170.85,2170.85,2170.85,25,0,2170.85,2070.7,2236.55
10447,2021-03-28 14:10:00,2170.85,2170.85,2170.85,2170.85,25,0,2170.85,2070.7,2236.55
10448,2021-03-28 14:11:00,2170.85,2170.85,2170.85,2170.85,25,0,2170.85,2070.7,2236.55
10449,2021-03-28 14:12:00,2170.85,2170.85,2170.85,2170.85,25,0,2170.85,2070.7,2236.55
10450,2021-03-28 14:13:00,2170.85,2170.85,2170.85,2170.85,25,0,2170.85,2070.7,2236.55
10451,2021-03-28 14:14:00,2170.85,2170.85,2170.85,2170.85,25,0,2170.85,2070.7,2236.55
10452,2021-03-28 14:15:00,2170.85,2170.85,2170.85,2170.85,25,0,2170.85,2070.7,2236.55
10453,2021-03-28 14:16:00,2170.85,2170.85,2170.85,2170.85,25,0,2170.85,2070.7,2236.55
10454,2021-03-28 14:17:00,2170.85,2170.85,2170.85,2170.85,25,0,2170.85,2070.7,2236.55
10455,2021-03-28 14:18:00,2170.85,2170.85,2170.85,2170.85,25,0,2170.85,2070.7,2236.55
10456,2021-03-28 14:19:00,2170.85,2170.85,2170.85,2170.85,25,0,2170.85,2070.7,2236.55
10457,2021-03-28 14:20:00,2170.85,2170.85,2170.85,2170.85,25,0,2170.85,2070.7,2236.55
10458,2021-03-28 14:21:00,2170.85,2170.85,2170.85,2170.85,25,0,2170.85,2070.7,2236.55
10459,2021-03-28 14:22:00,2170.85,2170.85,2170.85,2170.85,25,0,2170.85,2070.7,2236.55
10460,2021-03-28 14:23:00,2170.85,2170.85,2170.85,2170.85,25,0,2170.85,2070.7,2236.55
10461,2021-03-28 14:24:00,2170.85,2170.85,2170.85,2170.85,25,0,2170.85,2070.7,2236.55
10462,2021-03-28 14:25:00,2170.85,2170.85,2170.85,2170.85,25,0,2170.85,2070.7,2236.55
10463,2021-03-28 14:26:00,2170.85,2170.85,2170.85,2170.85,25,0,2170.85,2070.7,2236.55
10464,2021-03-28 14:27:00,2170.85,2170.85,2170.85,2170.85,25,0,2170.85,2070.7,2236.55
10465,2021-03-28 14:28:00,2170.85,2170.85,2170.85,2170.85,25,0,2170.85,2070.7,2236.55
10466,2021-03-28 14:29:00,2170.85,2170.85,2170.85,2170.85,25,0,2170.85,2070.7,2236.55
10467,2021-03-28 14:30:00,2170.85,2170.85,2170.85,2170.85,25,0,2170.85,2070.7,2236.55
10468,2021-03-28 14:31:00,2170.85,2170.85,2170.85,2170.85,25,0,2170.85,2070.7,2236.55
10469,2021-03-28 14:32:00,2170.85,2170.85,2170.85,2170.85,25,0,2170.85,2070.7,2236.55
10470,2021-03-28 14:33:00,2170.85,2170.85,2170.85,2170.85,25,0,2170.85,2070.7,2236.55
10471,2021-03-28 14:34:00,2170.85,2170.85,2170.85,2170.85,25,0,2170.85,2070.7,2236.55
10472,2021-03-28 14:35:00,2170.85,2170.85,2170.85,2170.85,25,0,2170.85,2070.7,2236.55
10473,2021-03-28 14:36:00,2170.85,2170.85,2170.85,2170.85,25,0,2170.85,2070.7,2236.55
10474,2021-03-28 14:37:00,2170.85,2170.85,2170.85,2170.85,25,0,2170.85,2070.7,2236.55
10475,2021-03-28 14:38:00,2170.85,2170.85,2170.85,2170.85,25,0,2170.85,2070.7,2236.55
10476,2021-03-28 14:39:00,2170.85,2170.85,2170.85,2170.85,25,0,2170.85,2070.7,2236.55
10477,2021-03-28 14:40:00,2170.85,2170.85,2170.85,2170.85,25,0,2170.85,2070.7,2236.55
10478,2021-03-28 14:41:00,2170.85,2170.85,2170.85,2170.85,25,0,2170.85,2070.7,2236.55
10479,2021-03-28 14:42:00,2170.85,2170.85,2170.85,2170.85,25,0,2170.85,2070.7,2236.55
10480,2021-03-28 14:43:00,2170.85,2170.85,2170.85,2170.85,25,0,2170.85,2070.7,2236.55
10481,2021-03-28 14:44:00,2170.85,2170.85,2170.85,2170.85,25,0,2170.85,2070.7,2236.55
10482,2021-03-28 14:45:00,2170.85,2170.85,2170.85,2170.85,25,0,2170.85,2070.7,2236.55
10483,2021-03-28 14:46:00,2170.85,2170.85,2170.85,2170.85,25,0,2170.85,2070.7,2236.55
10484,2021-03-28 14:47:00,2170.85,2170.85,2170.85,2170.85,25,0,2170.85,2070.7,2236.55
10485,2021-03-28 14:48:00,2170.85,2170.85,2170.85,2170.85,25,0,2170.85,2070.7,2236.55
10486,2021-03-28 14:49:00,2170.85,2170.85,2170.85,2170.85,25,0,2170.85,2070.7,2236.55
10487,2021-03-28 14:50:00,2170.85,2170.85,2170.85,2170.85,25,0,2170.85,2070.7,2236.55
10488,2021-03-28 14:51:00,2170.85,2170.85,2170.85,2170.85,25,0,2170.85,2070.7,2236.55
10489,2021-03-28 14:52:00,2170.85,2170.85,2170.85,2170.85,25,0,2170.85,2070.7,2236.55
10490,2021-03-28 14:53:00,2170.85,2170.85,2170.85,2170.85,25,0,2170.85,2070.7,2236.55
10491,2021-03-28 14:54:00,2170.85,2170.85,2170.85,2170.85,25,0,2170.85,2070.7,2236.55
10492,2021-03-28 14:55:00,2170.85,2170.85,2170.85,2170.85,25,0,2170.85,2070.7,2236.55
10493,2021-03-28 14:56:00,2170.85,2170.85,2170.85,2170.85,25,0,2170.85,2070.7,2236.55
10494,2021-03-28 14:57:00,2170.85,2170.85,2170.85,2170.85,25,0,2170.85,2070.7,2236.55
10495,2021-03-28 14:58:00,2170.85,2170.85,2170.85,2170.85,25,0,2170.85,2070.7,2236.55
10496,2021-03-28 14:59:00,2170.85,2170.85,2170.85,2170.85,25,0,2170.85,2070.7,2236.55
10497,2021-03-28 15:00:00,2170.85,2170.85,2170.85,2170.85,25,0,2170.85,2070.7,2236.55
10498,2021-03-28 15:01:00,2170.85,2170.85,2170.85,2170.85,25,0,2170.85,2070.7,2236.55
10499,2021-03-28 15:02:00,2170.85,2170.85,2170.85,2170.85,25,0,2170.85,2070.7,2236.55
10500,2021-03-28 15:03:00,2170.85,2170.85,2170.85,2170.85,25,0,2170.85,2070.7,2236.55
10501,2021-03-28 15:04:00,2170.85,2170.85,2170.85,2170.85,25,0,2170.85,2070.7,2236.55
10502,2021-03-28 15:05:00,2170.85,2170.85,2170.85,2170.85,25,0,2170.85,2070.7,2236.55
10503,2021-03-28 15:06:00,2170.85,2170.85,2170.85,2170.85,25,0,2170.85,2070.7,2236.55
10504,2021-03-28 15:07:00,2170.85,2170.85,2170.85,2170.85,25,0,2170.85,2070.7,2236.55
10505,2021-03-28 15:08:00,2170.85,2170.85,2170.85,2170.85,25,0,2170.85,2070.7,2236.55
10506,2021-03-28 15:09:00,2170.85,2170.85,2170.85,2170.85,25,0,2170.85,2070.7,2236.55
10507,2021-03-28 15:10:00,2170.85,2170.85,2170.85,2170.85,25,0,2170.85,2070.7,2236.55
10508,2021-03-28 15:11:00,2170.85,2170.85,2170.85,2170.85,25,0,2170.85,2070.7,2236.55
10509,2021-03-28 15:12:00,2170.85,2170.85,2170.85,2170.85,25,0,2170.85,2070.7,2236.55
10510,2021-03-28 15:13:00,2170.85,2170.85,2170.85,2170.85,25,0,2170.85,2070.7,2236.55
10511,2021-03-28 15:14:00,2170.85,2170.85,2170.85,2170.85,25,0,2170.85,2070.7,2236.55
10512,2021-03-28 15:15:00,2170.85,2170.85,2170.85,2170.85,25,0,2170.85,2070.7,2236.55
10513,2021-03-28 15:16:00,2170.85,2170.85,2170.85,2170.85,25,0,2170.85,2070.7,2236.55
10514,2021-03-28 15:17:00,2170.85,2170.85,2170.85,2170.85,25,0,2170.85,2070.7,2236.55
10515,2021-03-28 15:18:00,2170.85,2170.85,2170.85,2170.85,25,0,2170.85,2070.7,2236.55
10516,2021-03-28 15:19:00,2170.85,2170.85,2170.85,2170.85,25,0,2170.85,2070.7,2236.55
10517,2021-03-28 15:20:00,2170.85,2170.85,2170.85,2170.85,25,0,2170.85,2070.7,2236.55
10518,2021-03-28 15:21:00,2170.85,2170.85,2170.85,2170.85,25,0,2170.85,2070.7,2236.55
10519,2021-03-28 15:22:00,2170.85,2170.85,2170.85,2170.85,25,0,2170.85,2070.7,2236.55
10520,2021-03-28 15:23:00,2170.85,2170.85,2170.85,2170.85,25,0,2170.85,2070.7,2236.55
10521,2021-03-28 15:24:00,2170.85,2170.85,2170.85,2170.85,25,0,2170.85,2070.7,2236.55
10522,2021-03-28 15:25:00,2170.85,2170.85,2170.85,2170.85,25,0,2170.85,2070.7,2236.55
10523,2021-03-28 15:26:00,2170.85,2170.85,2170.85,2170.85,25,0,2170.85,2070.7,2236.55
10524,2021-03-28 15:27:00,2170.85,2170.85,2170.85,2170.85,25,0,2170.85,2070.7,2236.55
10525,2021-03-28 15:28:00,2170.85,2170.85,2170.85,2170.85,25,0,2170.85,2070.7,2236.55
10526,2021-03-28 15:29:00,2170.85,2170.85,2170.85,2170.85,25,0,2170.85,2070.7,2236.55
10527,2021-03-28 15:30:00,2170.85,2170.85,2170.85,2170.85,25,0,2170.85,2070.7,2236.55
10528,2021-03-29 09:15:00,2170.85,2170.85,2170.85,2170.85,25,0,2170.85,2070.7,2236.55
10529,2021-03-29 09:16:00,2170.85,2170.85,2170.85,2170.85,25,0,2170.85,2070.7,2236.55
10530,2021-03-29 09:17:00,2170.85,2170.85,2170.85,2170.85,25,0,2170.85,2070.7,2236.55
10531,2021-03-29 09:18:00,2170.85,2170.85,2170.85,2170.85,25,0,2170.85,2070.7,2236.55
10532,2021-03-29 09:19:00,2170.85,2170.85,2170.85,2170.85,25,0,2170.85,2070.7,2236.55
10533,2021-03-29 09:20:00,2170.85,2170.85,2170.85,2170.85,25,0,2170.85,2070.7,2236.55
10534,2021-03-29 09:21:00,2170.85,2170.85,2170.85,2170.85,25,0,2170.85,2070.7,2236.55
10535,2021-03-29 09:22:00,2170.85,2170.85,2170.85,2170.85,25,0,2170.85,2070.7,2236.55
10536,2021-03-29 09:23:00,2170.85,2170.85,2170.85,2170.85,25,0,2170.85,2070.7,2236.55
10537,2021-03-29 09:24:00,2170.85,2170.85,2170.85,2170.85,25,0,2170.85,2070.7,2236.55
10538,2021-03-29 09:25:00,2170.85,2170.85,2170.85,2170.85,25,0,2170.85,2070.7,2236.55
10539,2021-03-29 09:26:00,2170.85,2170.85,2170.85,2170.85,25,0,2170.85,2070.7,2236.55
10540,2021-03-29 09:27:00,2170.85,2170.85,2170.85,2170.85,25,0,2170.85,2070.7,2236.55
10541,2021-03-29 09:28:00,2170.85,2170.85,2170.85,2170.85,25,0,2170.85,2070.7,2236.55
10542,2021-03-29 09:29:00,2170.85,2170.85,2170.85,2170.85,25,0,2170.85,2070.7,2236.55
10543,2021-03-29 09:30:00,2170.85,2170.85,2170.85,2170.85,25,0,2170.85,2070.7,2236.55
10544,2021-03-29 09:31:00,2170.85,2170.85,2170.85,2170.85,25,0,2170.85,2070.7,2236.55
10545,2021-03-29 09:32:00,2170.85,2170.85,2170.85,2170.85,25,0,2170.85,2070.7,2236.55
10546,2021-03-29 09:33:00,2170.85,2170.85,2170.85,2170.85,25,0,2170.85,2070.7,2236.55
10547,2021-03-29 09:34:00,2170.85,2170.85,2170.85,2170.85,25,0,2170.85,2070.7,2236.55
10548,2021-03-29 09:35:00,2170.85,2170.85,2170.85,2170.85,25,0,2170.85,2070.7,2236.55
10549,2021-03-29 09:36:00,2170.85,2170.85,2170.85,2170.85,25,0,2170.85,2070.7,2236.55
10550,2021-03-29 09:37:00,2170.85,2170.85,2170.85,2170.85,25,0,2170.85,2070.7,2236.55
10551,2021-03-29 09:38:00,2170.85,2170.85,2170.85,2170.85,25,0,2170.85,2070.7,2236.55
10552,2021-03-29 09:39:00,2170.85,2170.85,2170.85,2170.85,25,0,2170.85,2070.7,2236.55
10553,2021-03-29 09:40:00,2170.85,2170.85,2170.85,2170.85,25,0,2170.85,2070.7,2236.55
10554,2021-03-29 09:41:00,2170.85,2170.85,2170.85,2170.85,25,0,2170.85,2070.7,2236.55
10555,2021-03-29 09:42:00,2170.85,2170.85,2170.85,2170.85,25,0,2170.85,2070.7,2236.55
10556,2021-03-29 09:43:00,2170.85,2170.85,2170.85,2170.85,25,0,2170.85,2070.7,2236.55
10557,2021-03-29 09:44:00,2170.85,2170.85,2170.85,2170.85,25,0,2170.85,2070.7,2236.55
10558,2021-03-29 09:45:00,2170.85,2170.85,2170.85,2170.85,25,0,2170.85,2070.7,2236.55
10559,2021-03-29 09:46:00,2170.85,2170.85,2170.85,2170.85,25,0,2170.85,2070.7,2236.55
10560,2021-03-29 09:47:00,2170.85,2170.85,2170.85,2170.85,25,0,2170.85,2070.7,2236.55
10561,2021-03-29 09:48:00,2170.85,2170.85,2170.85,2170.85,25,0,2170.85,2070.7,2236.55
10562,2021-03-29 09:49:00,2170.85,2170.85,2170.85,2170.85,25,0,2170.85,2070.7,2236.55
10563,2021-03-29 09:50:00,2170.85,2170.85,2170.85,2170.85,25,0,2170.85,2070.7,2236.55
10564,2021-03-29 09:51:00,2170.85,2170.85,2170.85,2170.85,25,0,2170.85,2070.7,2236.55
10565,2021-03-29 09:52:00,2170.85,2170.85,2170.85,2170.85,25,0,2170.85,2070.7,2236.55
10566,2021-03-29 09:53:00,2170.85,2170.85,2170.85,2170.85,25,0,2170.85,2070.7,2236.55
10567,2021-03-29 09:54:00,2170.85,2170.85,2170.85,2170.85,25,0,2170.85,2070.7,2236.55
10568,2021-03-29 09:55:00,2170.85,2170.85,2170.85,2170.85,25,0,2170.85,2070.7,2236.55
10569,2021-03-29 09:56:00,2170.85,2170.85,2170.85,2170.85,25,0,2170.85,2070.7,2236.55
10570,2021-03-29 09:57:00,2170.85,2170.85,2170.85,2170.85,25,0,2170.85,2070.7,2236.55
10571,2021-03-29 09:58:00,2170.85,2170.85,2170.85,2170.85,25,0,2170.85,2070.7,2236.55
10572,2021-03-29 09:59:00,2170.85,2170.85,2170.85,2170.85,25,0,2170.85,2070.7,2236.55
10573,2021-03-29 10:00:00,2170.85,2170.85,2170.85,2170.85,25,0,2170.85,2070.7,2236.55
10574,2021-03-29 10:01:00,2170.85,2170.85,2170.85,2170.85,25,0,2170.85,2070.7,2236.55
10575,2021-03-29 10:02:00,2170.85,2170.85,2170.85,2170.85,25,0,2170.85,2070.7,2236.55
10576,2021-03-29 10:03:00,2170.85,2170.85,2170.85,2170.85,25,0,2170.85,2070.7,2236.55
10577,2021-03-29 10:04:00,2170.85,2170.85,2170.85,2170.85,25,0,2170.85,2070.7,2236.55
10578,2021-03-29 10:05:00,2170.85,2170.85,2170.85,2170.85,25,0,2170.85,2070.7,2236.55
10579,2021-03-29 10:06:00,2170.85,2170.85,2170.85,2170.85,25,0,2170.85,2070.7,2236.55
10580,2021-03-29 10:07:00,2170.85,2170.85,2170.85,2170.85,25,0,2170.85,2070.7,2236.55
10581,2021-03-29 10:08:00,2170.85,2170.85,2170.85,2170.85,25,0,2170.85,2070.7,2236.55
10582,2021-03-29 10:09:00,2170.85,2170.85,2170.85,2170.85,25,0,2170.85,2070.7,2236.55
10583,2021-03-29 10:10:00,2170.85,2170.85,2170.85,2170.85,25,0,2170.85,2070.7,2236.55
10584,2021-03-29 10:11:00,2170.85,2170.85,2170.85,2170.85,25,0,2170.85,2070.7,2236.55
10585,2021-03-29 10:12:00,2170.85,2170.85,2170.85,2170.85,25,0,2170.85,2070.7,2236.55
10586,2021-03-29 10:13:00,2170.85,2170.85,2170.85,2170.85,25,0,2170.85,2070.7,2236.55
10587,2021-03-29 10:14:00,2170.85,2170.85,2170.85,2170.85,25,0,2170.85,2070.7,2236.55
10588,2021-03-29 10:15:00,2170.85,2170.85,2170.85,2170.85,25,0,2170.85,2070.7,2236.55
10589,2021-03-29 10:16:00,2170.85,2170.85,2170.85,2170.85,25,0,2170.85,2070.7,2236.55
10590,2021-03-29 10:17:00,2170.85,2170.85,2170.85,2170.85,25,0,2170.85,2070.7,2236.55
10591,2021-03-29 10:18:00,2170.85,2170.85,2170.85,2170.85,25,0,2170.85,2070.7,2236.55
10592,2021-03-29 10:19:00,2170.85,2170.85,2170.85,2170.85,25,0,2170.85,2070.7,2236.55
10593,2021-03-29 10:20:00,2170.85,2170.85,2170.85,2170.85,25,0,2170.85,2070.7,2236.55
10594,2021-03-29 10:21:00,2170.85,2170.85,2170.85,2170.85,25,0,2170.85,2070.7,2236.55
10595,2021-03-29 10:22:00,2170.85,2170.85,2170.85,2170.85,25,0,2170.85,2070.7,2236.55
10596,2021-03-29 10:23:00,2170.85,2170.85,2170.85,2170.85,25,0,2170.85,2070.7,2236.55
10597,2021-03-29 10:24:00,2170.85,2170.85,2170.85,2170.85,25,0,2170.85,2070.7,2236.55
10598,2021-03-29 10:25:00,2170.85,2170.85,2170.85,2170.85,25,0,2170.85,2070.7,2236.55
10599,2021-03-29 10:26:00,2170.85,2170.85,2170.85,2170.85,25,0,2170.85,2070.7,2236.55
10600,2021-03-29 10:27:00,2170.85,2170.85,2170.85,2170.85,25,0,2170.85,2070.7,2236.55
10601,2021-03-29 10:28:00,2170.85,2170.85,2170.85,2170.85,25,0,2170.85,2070.7,2236.55
10602,2021-03-29 10:29:00,2170.85,2170.85,2170.85,2170.85,25,0,2170.85,2070.7,2236.55
10603,2021-03-29 10:30:00,2170.85,2170.85,2170.85,2170.85,25,0,2170.85,2070.7,2236.55
10604,2021-03-29 10:31:00,2170.85,2170.85,2170.85,2170.85,25,0,2170.85,2070.7,2236.55
10605,2021-03-29 10:32:00,2170.85,2170.85,2170.85,2170.85,25,0,2170.85,2070.7,2236.55
10606,2021-03-29 10:33:00,2170.85,2170.85,2170.85,2170.85,25,0,2170.85,2070.7,2236.55
10607,2021-03-29 10:34:00,2170.85,2170.85,2170.85,2170.85,25,0,2170.85,2070.7,2236.55
10608,2021-03-29 10:35:00,2170.85,2170.85,2170.85,2170.85,25,0,2170.85,2070.7,2236.55
10609,2021-03-29 10:36:00,2170.85,2170.85,2170.85,2170.85,25,0,2170.85,2070.7,2236.55
10610,2021-03-29 10:37:00,2170.85,2170.85,2170.85,2170.85,25,0,2170.85,2070.7,2236.55
10611,2021-03-29 10:38:00,2170.85,2170.85,2170.85,2170.85,25,0,2170.85,2070.7,2236.55
10612,2021-03-29 10:39:00,2170.85,2170.85,2170.85,2170.85,25,0,2170.85,2070.7,2236.55
10613,2021-03-29 10:40:00,2170.85,2170.85,2170.85,2170.85,25,0,2170.85,2070.7,2236.55
10614,2021-03-29 10:41:00,2170.85,2170.85,2170.85,2170.85,25,0,2170.85,2070.7,2236.55
10615,2021-03-29 10:42:00,2170.85,2170.85,2170.85,2170.85,25,0,2170.85,2070.7,2236.55
10616,2021-03-29 10:43:00,2170.85,2170.85,2170.85,2170.85,25,0,2170.85,2070.7,2236.55
10617,2021-03-29 10:44:00,2170.85,2170.85,2170.85,2170.85,25,0,2170.85,2070.7,2236.55
10618,2021-03-29 10:45:00,2170.85,2170.85,2170.85,2170.85,25,0,2170.85,2070.7,2236.55
10619,2021-03-29 10:46:00,2170.85,2170.85,2170.85,2170.85,25,0,2170.85,2070.7,2236.55
10620,2021-03-29 10:47:00,2170.85,2170.85,2170.85,2170.85,25,0,2170.85,2070.7,2236.55
10621,2021-03-29 10:48:00,2170.85,2170.85,2170.85,2170.85,25,0,2170.85,2070.7,2236.55
10622,2021-03-29 10:49:00,2170.85,2170.85,2170.85,2170.85,25,0,2170.85,2070.7,2236.55
10623,2021-03-29 10:50:00,2170.85,2170.85,2170.85,2170.85,25,0,2170.85,2070.7,2236.55
10624,2021-03-29 10:51:00,2170.85,2170.85,2170.85,2170.85,25,0,2170.85,2070.7,2236.55
10625,2021-03-29 10:52:00,2170.85,2170.85,2170.85,2170.85,25,0,2170.85,2070.7,2236.55
10626,2021-03-29 10:53:00,2170.85,2170.85,2170.85,2170.85,25,0,2170.85,2070.7,2236.55
10627,2021-03-29 10:54:00,2170.85,2170.85,2170.85,2170.85,25,0,2170.85,2070.7,2236.55
10628,2021-03-29 10:55:00,2170.85,2170.85,2170.85,2170.85,25,0,2170.85,2070.7,2236.55
10629,2021-03-29 10:56:00,2170.85,2170.85,2170.85,2170.85,25,0,2170.85,2070.7,2236.55
10630,2021-03-29 10:57:00,2170.85,2170.85,2170.85,2170.85,25,0,2170.85,2070.7,2236.55
10631,2021-03-29 10:58:00,2170.85,2170.85,2170.85,2170.85,25,0,2170.85,2070.7,2236.55
10632,2021-03-29 10:59:00,2170.85,2170.85,2170.85,2170.85,25,0,2170.85,2070.7,2236.55
10633,2021-03-29 11:00:00,2170.85,2170.85,2170.85,2170.85,25,0,2170.85,2070.7,2236.55
10634,2021-03-29 11:01:00,2170.85,2170.85,2170.85,2170.85,25,0,2170.85,2070.7,2236.55
10635,2021-03-29 11:02:00,2170.85,2170.85,2170.85,2170.85,25,0,2170.85,2070.7,2236.55
10636,2021-03-29 11:03:00,2170.85,2170.85,2170.85,2170.85,25,0,2170.85,2070.7,2236.55
10637,2021-03-29 11:04:00,2170.85,2170.85,2170.85,2170.85,25,0,2170.85,2070.7,2236.55
10638,2021-03-29 11:05:00,2170.85,2170.85,2170.85,2170.85,25,0,2170.85,2070.7,2236.55
10639,2021-03-29 11:06:00,2170.85,2170.85,2170.85,2170.85,25,0,2170.85,2070.7,2236.55
10640,2021-03-29 11:07:00,2170.85,2170.85,2170.85,2170.85,25,0,2170.85,2070.7,2236.55
10641,2021-03-29 11:08:00,2170.85,2170.85,2170.85,2170.85,25,0,2170.85,2070.7,2236.55
10642,2021-03-29 11:09:00,2170.85,2170.85,2170.85,2170.85,25,0,2170.85,2070.7,2236.55
10643,2021-03-29 11:10:00,2170.85,2170.85,2170.85,2170.85,25,0,2170.85,2070.7,2236.55
10644,2021-03-29 11:11:00,2170.85,2170.85,2170.85,2170.85,25,0,2170.85,2070.7,2236.55
10645,2021-03-29 11:12:00,2170.85,2170.85,2170.85,2170.85,25,0,2170.85,2070.7,2236.55
10646,2021-03-29 11:13:00,2170.85,2170.85,2170.85,2170.85,25,0,2170.85,2070.7,2236.55
10647,2021-03-29 11:14:00,2170.85,2170.85,2170.85,2170.85,25,0,2170.85,2070.7,2236.55
10648,2021-03-29 11:15:00,2170.85,2170.85,2170.85,2170.85,25,0,2170.85,2070.7,2236.55
10649,2021-03-29 11:16:00,2170.85,2170.85,2170.85,2170.85,25,0,2170.85,2070.7,2236.55
10650,2021-03-29 11:17:00,2170.85,2170.85,2170.85,2170.85,25,0,2170.85,2070.7,2236.55
10651,2021-03-29 11:18:00,2170.85,2170.85,2170.85,2170.85,25,0,2170.85,2070.7,2236.55
10652,2021-03-29 11:19:00,2170.85,2170.85,2170.85,2170.85,25,0,2170.85,2070.7,2236.55
10653,2021-03-29 11:20:00,2170.85,2170.85,2170.85,2170.85,25,0,2170.85,2070.7,2236.55
10654,2021-03-29 11:21:00,2170.85,2170.85,2170.85,2170.85,25,0,2170.85,2070.7,2236.55
10655,2021-03-29 11:22:00,2170.85,2170.85,2170.85,2170.85,25,0,2170.85,2070.7,2236.55
10656,2021-03-29 11:23:00,2170.85,2170.85,2170.85,2170.85,25,0,2170.85,2070.7,2236.55
10657,2021-03-29 11:24:00,2170.85,2170.85,2170.85,2170.85,25,0,2170.85,2070.7,2236.55
10658,2021-03-29 11:25:00,2170.85,2170.85,2170.85,2170.85,25,0,2170.85,2070.7,2236.55
10659,2021-03-29 11:26:00,2170.85,2170.85,2170.85,2170.85,25,0,2170.85,2070.7,2236.55
10660,2021-03-29 11:27:00,2170.85,2170.85,2170.85,2170.85,25,0,2170.85,2070.7,2236.55
10661,2021-03-29 11:28:00,2170.85,2170.85,2170.85,2170.85,25,0,2170.85,2070.7,2236.55
10662,2021-03-29 11:29:00,2170.85,2170.85,2170.85,2170.85,25,0,2170.85,2070.7,2236.55
10663,2021-03-29 11:30:00,2170.85,2170.85,2170.85,2170.85,25,0,2170.85,2070.7,2236.55
10664,2021-03-29 11:31:00,2170.85,2170.85,2170.85,2170.85,25,0,2170.85,2070.7,2236.55
10665,2021-03-29 11:32:00,2170.85,2170.85,2170.85,2170.85,25,0,2170.85,2070.7,2236.55
10666,2021-03-29 11:33:00,2170.85,2170.85,2170.85,2170.85,25,0,2170.85,2070.7,2236.55
10667,2021-03-29 11:34:00,2170.85,2170.85,2170.85,2170.85,25,0,2170.85,2070.7,2236.55
10668,2021-03-29 11:35:00,2170.85,2170.85,2170.85,2170.85,25,0,2170.85,2070.7,2236.55
10669,2021-03-29 11:36:00,2170.85,2170.85,2170.85,2170.85,25,0,2170.85,2070.7,2236.55
10670,2021-03-29 11:37:00,2170.85,2170.85,2170.85,2170.85,25,0,2170.85,2070.7,2236.55
10671,2021-03-29 11:38:00,2170.85,2170.85,2170.85,2170.85,25,0,2170.85,2070.7,2236.55
10672,2021-03-29 11:39:00,2170.85,2170.85,2170.85,2170.85,25,0,2170.85,2070.7,2236.55
10673,2021-03-29 11:40:00,2170.85,2170.85,2170.85,2170.85,25,0,2170.85,2070.7,2236.55
10674,2021-03-29 11:41:00,2170.85,2170.85,2170.85,2170.85,25,0,2170.85,2070.7,2236.55
10675,2021-03-29 11:42:00,2170.85,2170.85,2170.85,2170.85,25,0,2170.85,2070.7,2236.55
10676,2021-03-29 11:43:00,2170.85,2170.85,2170.85,2170.85,25,0,2170.85,2070.7,2236.55
10677,2021-03-29 11:44:00,2170.85,2170.85,2170.85,2170.85,25,0,2170.85,2070.7,2236.55
10678,2021-03-29 11:45:00,2170.85,2170.85,2170.85,2170.85,25,0,2170.85,2070.7,2236.55
10679,2021-03-29 11:46:00,2170.85,2170.85,2170.85,2170.85,25,0,2170.85,2070.7,2236.55
10680,2021-03-29 11:47:00,2170.85,2170.85,2170.85,2170.85,25,0,2170.85,2070.7,2236.55
10681,2021-03-29 11:48:00,2170.85,2170.85,2170.85,2170.85,25,0,2170.85,2070.7,2236.55
10682,2021-03-29 11:49:00,2170.85,2170.85,2170.85,2170.85,25,0,2170.85,2070.7,2236.55
10683,2021-03-29 11:50:00,2170.85,2170.85,2170.85,2170.85,25,0,2170.85,2070.7,2236.55
10684,2021-03-29 11:51:00,2170.85,2170.85,2170.85,2170.85,25,0,2170.85,2070.7,2236.55
10685,2021-03-29 11:52:00,2170.85,2170.85,2170.85,2170.85,25,0,2170.85,2070.7,2236.55
10686,2021-03-29 11:53:00,2170.85,2170.85,2170.85,2170.85,25,0,2170.85,2070.7,2236.55
10687,2021-03-29 11:54:00,2170.85,2170.85,2170.85,2170.85,25,0,2170.85,2070.7,2236.55
10688,2021-03-29 11:55:00,2170.85,2170.85,2170.85,2170.85,25,0,2170.85,2070.7,2236.55
10689,2021-03-29 11:56:00,2170.85,2170.85,2170.85,2170.85,25,0,2170.85,2070.7,2236.55
10690,2021-03-29 11:57:00,2170.85,2170.85,2170.85,2170.85,25,0,2170.85,2070.7,2236.55
10691,2021-03-29 11:58:00,2170.85,2170.85,2170.85,2170.85,25,0,2170.85,2070.7,2236.55
10692,2021-03-29 11:59:00,2170.85,2170.85,2170.85,2170.85,25,0,2170.85,2070.7,2236.55
10693,2021-03-29 12:00:00,2170.85,2170.85,2170.85,2170.85,25,0,2170.85,2070.7,2236.55
10694,2021-03-29 12:01:00,2170.85,2170.85,2170.85,2170.85,25,0,2170.85,2070.7,2236.55
10695,2021-03-29 12:02:00,2170.85,2170.85,2170.85,2170.85,25,0,2170.85,2070.7,2236.55
10696,2021-03-29 12:03:00,2170.85,2170.85,2170.85,2170.85,25,0,2170.85,2070.7,2236.55
10697,2021-03-29 12:04:00,2170.85,2170.85,2170.85,2170.85,25,0,2170.85,2070.7,2236.55
10698,2021-03-29 12:05:00,2170.85,2170.85,2170.85,2170.85,25,0,2170.85,2070.7,2236.55
10699,2021-03-29 12:06:00,2170.85,2170.85,2170.85,2170.85,25,0,2170.85,2070.7,2236.55
10700,2021-03-29 12:07:00,2170.85,2170.85,2170.85,2170.85,25,0,2170.85,2070.7,2236.55
10701,2021-03-29 12:08:00,2170.85,2170.85,2170.85,2170.85,25,0,2170.85,2070.7,2236.55
10702,2021-03-29 12:09:00,2170.85,2170.85,2170.85,2170.85,25,0,2170.85,2070.7,2236.55
10703,2021-03-29 12:10:00,2170.85,2170.85,2170.85,2170.85,25,0,2170.85,2070.7,2236.55
10704,2021-03-29 12:11:00,2170.85,2170.85,2170.85,2170.85,25,0,2170.85,2070.7,2236.55
10705,2021-03-29 12:12:00,2170.85,2170.85,2170.85,2170.85,25,0,2170.85,2070.7,2236.55
10706,2021-03-29 12:13:00,2170.85,2170.85,2170.85,2170.85,25,0,2170.85,2070.7,2236.55
10707,2021-03-29 12:14:00,2170.85,2170.85,2170.85,2170.85,25,0,2170.85,2070.7,2236.55
10708,2021-03-29 12:15:00,2170.85,2170.85,2170.85,2170.85,25,0,2170.85,2070.7,2236.55
10709,2021-03-29 12:16:00,2170.85,2170.85,2170.85,2170.85,25,0,2170.85,2070.7,2236.55
10710,2021-03-29 12:17:00,2170.85,2170.85,2170.85,2170.85,25,0,2170.85,2070.7,2236.55
10711,2021-03-29 12:18:00,2170.85,2170.85,2170.85,2170.85,25,0,2170.85,2070.7,2236.55
10712,2021-03-29 12:19:00,2170.85,2170.85,2170.85,2170.85,25,0,2170.85,2070.7,2236.55
10713,2021-03-29 12:20:00,2170.85,2170.85,2170.85,2170.85,25,0,2170.85,2070.7,2236.55
10714,2021-03-29 12:21:00,2170.85,2170.85,2170.85,2170.85,25,0,2170.85,2070.7,2236.55
10715,2021-03-29 12:22:00,2170.85,2170.85,2170.85,2170.85,25,0,2170.85,2070.7,2236.55
10716,2021-03-29 12:23:00,2170.85,2170.85,2170.85,2170.85,25,0,2170.85,2070.7,2236.55
10717,2021-03-29 12:24:00,2170.85,2170.85,2170.85,2170.85,25,0,2170.85,2070.7,2236.55
10718,2021-03-29 12:25:00,2170.85,2170.85,2170.85,2170.85,25,0,2170.85,2070.7,2236.55
10719,2021-03-29 12:26:00,2170.85,2170.85,2170.85,2170.85,25,0,2170.85,2070.7,2236.55
10720,2021-03-29 12:27:00,2170.85,2170.85,2170.85,2170.85,25,0,2170.85,2070.7,2236.55
10721,2021-03-29 12:28:00,2170.85,2170.85,2170.85,2170.85,25,0,2170.85,2070.7,2236.55
10722,2021-03-29 12:29:00,2170.85,2170.85,2170.85,2170.85,25,0,2170.85,2070.7,2236.55
10723,2021-03-29 12:30:00,2170.85,2170.85,2170.85,2170.85,25,0,2170.85,2070.7,2236.55
10724,2021-03-29 12:31:00,2170.85,2170.85,2170.85,2170.85,25,0,2170.85,2070.7,2236.55
10725,2021-03-29 12:32:00,2170.85,2170.85,2170.85,2170.85,25,0,2170.85,2070.7,2236.55
10726,2021-03-29 12:33:00,2170.85,2170.85,2170.85,2170.85,25,0,2170.85,2070.7,2236.55
10727,2021-03-29 12:34:00,2170.85,2170.85,2170.85,2170.85,25,0,2170.85,2070.7,2236.55
10728,2021-03-29 12:35:00,2170.85,2170.85,2170.85,2170.85,25,0,2170.85,2070.7,2236.55
10729,2021-03-29 12:36:00,2170.85,2170.85,2170.85,2170.85,25,0,2170.85,2070.7,2236.55
10730,2021-03-29 12:37:00,2170.85,2170.85,2170.85,2170.85,25,0,2170.85,2070.7,2236.55
10731,2021-03-29 12:38:00,2170.85,2170.85,2170.85,2170.85,25,0,2170.85,2070.7,2236.55
10732,2021-03-29 12:39:00,2170.85,2170.85,2170.85,2170.85,25,0,2170.85,2070.7,2236.55
10733,2021-03-29 12:40:00,2170.85,2170.85,2170.85,2170.85,25,0,2170.85,2070.7,2236.55
10734,2021-03-29 12:41:00,2170.85,2170.85,2170.85,2170.85,25,0,2170.85,2070.7,2236.55
10735,2021-03-29 12:42:00,2170.85,2170.85,2170.85,2170.85,25,0,2170.85,2070.7,2236.55
10736,2021-03-29 12:43:00,2170.85,2170.85,2170.85,2170.85,25,0,2170.85,2070.7,2236.55
10737,2021-03-29 12:44:00,2170.85,2170.85,2170.85,2170.85,25,0,2170.85,2070.7,2236.55
10738,2021-03-29 12:45:00,2170.85,2170.85,2170.85,2170.85,25,0,2170.85,2070.7,2236.55
10739,2021-03-29 12:46:00,2170.85,2170.85,2170.85,2170.85,25,0,2170.85,2070.7,2236.55
10740,2021-03-29 12:47:00,2170.85,2170.85,2170.85,2170.85,25,0,2170.85,2070.7,2236.55
10741,2021-03-29 12:48:00,2170.85,2170.85,2170.85,2170.85,25,0,2170.85,2070.7,2236.55
10742,2021-03-29 12:49:00,2170.85,2170.85,2170.85,2170.85,25,0,2170.85,2070.7,2236.55
10743,2021-03-29 12:50:00,2170.85,2170.85,2170.85,2170.85,25,0,2170.85,2070.7,2236.55
10744,2021-03-29 12:51:00,2170.85,2170.85,2170.85,2170.85,25,0,2170.85,2070.7,2236.55
10745,2021-03-29 12:52:00,2170.85,2170.85,2170.85,2170.85,25,0,2170.85,2070.7,2236.55
10746,2021-03-29 12:53:00,2170.85,2170.85,2170.85,2170.85,25,0,2170.85,2070.7,2236.55
10747,2021-03-29 12:54:00,2170.85,2170.85,2170.85,2170.85,25,0,2170.85,2070.7,2236.55
10748,2021-03-29 12:55:00,2170.85,2170.85,2170.85,2170.85,25,0,2170.85,2070.7,2236.55
10749,2021-03-29 12:56:00,2170.85,2170.85,2170.85,2170.85,25,0,2170.85,2070.7,2236.55
10750,2021-03-29 12:57:00,2170.85,2170.85,2170.85,2170.85,25,0,2170.85,2070.7,2236.55
10751,2021-03-29 12:58:00,2170.85,2170.85,2170.85,2170.85,25,0,2170.85,2070.7,2236.55
10752,2021-03-29 12:59:00,2170.85,2170.85,2170.85,2170.85,25,0,2170.85,2070.7,2236.55
10753,2021-03-29 13:00:00,2170.85,2170.85,2170.85,2170.85,25,0,2170.85,2070.7,2236.55
10754,2021-03-29 13:01:00,2170.85,2170.85,2170.85,2170.85,25,0,2170.85,2070.7,2236.55
10755,2021-03-29 13:02:00,2170.85,2170.85,2170.85,2170.85,25,0,2170.85,2070.7,2236.55
10756,2021-03-29 13:03:00,2170.85,2170.85,2170.85,2170.85,25,0,2170.85,2070.7,2236.55
10757,2021-03-29 13:04:00,2170.85,2170.85,2170.85,2170.85,25,0,2170.85,2070.7,2236.55
10758,2021-03-29 13:05:00,2170.85,2170.85,2170.85,2170.85,25,0,2170.85,2070.7,2236.55
10759,2021-03-29 13:06:00,2170.85,2170.85,2170.85,2170.85,25,0,2170.85,2070.7,2236.55
10760,2021-03-29 13:07:00,2170.85,2170.85,2170.85,2170.85,25,0,2170.85,2070.7,2236.55
10761,2021-03-29 13:08:00,2170.85,2170.85,2170.85,2170.85,25,0,2170.85,2070.7,2236.55
10762,2021-03-29 13:09:00,2170.85,2170.85,2170.85,2170.85,25,0,2170.85,2070.7,2236.55
10763,2021-03-29 13:10:00,2170.85,2170.85,2170.85,2170.85,25,0,2170.85,2070.7,2236.55
10764,2021-03-29 13:11:00,2170.85,2170.85,2170.85,2170.85,25,0,2170.85,2070.7,2236.55
10765,2021-03-29 13:12:00,2170.85,2170.85,2170.85,2170.85,25,0,2170.85,2070.7,2236.55
10766,2021-03-29 13:13:00,2170.85,2170.85,2170.85,2170.85,25,0,2170.85,2070.7,2236.55
10767,2021-03-29 13:14:00,2170.85,2170.85,2170.85,2170.85,25,0,2170.85,2070.7,2236.55
10768,2021-03-29 13:15:00,2170.85,2170.85,2170.85,2170.85,25,0,2170.85,2070.7,2236.55
10769,2021-03-29 13:16:00,2170.85,2170.85,2170.85,2170.85,25,0,2170.85,2070.7,2236.55
10770,2021-03-29 13:17:00,2170.85,2170.85,2170.85,2170.85,25,0,2170.85,2070.7,2236.55
10771,2021-03-29 13:18:00,2170.85,2170.85,2170.85,2170.85,25,0,2170.85,2070.7,2236.55
10772,2021-03-29 13:19:00,2170.85,2170.85,2170.85,2170.85,25,0,2170.85,2070.7,2236.55
10773,2021-03-29 13:20:00,2170.85,2170.85,2170.85,2170.85,25,0,2170.85,2070.7,2236.55
10774,2021-03-29 13:21:00,2170.85,2170.85,2170.85,2170.85,25,0,2170.85,2070.7,2236.55
10775,2021-03-29 13:22:00,2170.85,2170.85,2170.85,2170.85,25,0,2170.85,2070.7,2236.55
10776,2021-03-29 13:23:00,2170.85,2170.85,2170.85,2170.85,25,0,2170.85,2070.7,2236.55
10777,2021-03-29 13:24:00,2170.85,2170.85,2170.85,2170.85,25,0,2170.85,2070.7,2236.55
10778,2021-03-29 13:25:00,2170.85,2170.85,2170.85,2170.85,25,0,2170.85,2070.7,2236.55
10779,2021-03-29 13:26:00,2170.85,2170.85,2170.85,2170.85,25,0,2170.85,2070.7,2236.55
10780,2021-03-29 13:27:00,2170.85,2170.85,2170.85,2170.85,25,0,2170.85,2070.7,2236.55
10781,2021-03-29 13:28:00,2170.85,2170.85,2170.85,2170.85,25,0,2170.85,2070.7,2236.55
10782,2021-03-29 13:29:00,2170.85,2170.85,2170.85,2170.85,25,0,2170.85,2070.7,2236.55
10783,2021-03-29 13:30:00,2170.85,2170.85,2170.85,2170.85,25,0,2170.85,2070.7,2236.55
10784,2021-03-29 13:31:00,2170.85,2170.85,2170.85,2170.85,25,0,2170.85,2070.7,2236.55
10785,2021-03-29 13:32:00,2170.85,2170.85,2170.85,2170.85,25,0,2170.85,2070.7,2236.55
10786,2021-03-29 13:33:00,2170.85,2170.85,2170.85,2170.85,25,0,2170.85,2070.7,2236.55
10787,2021-03-29 13:34:00,2170.85,2170.85,2170.85,2170.85,25,0,2170.85,2070.7,2236.55
10788,2021-03-29 13:35:00,2170.85,2170.85,2170.85,2170.85,25,0,2170.85,2070.7,2236.55
10789,2021-03-29 13:36:00,2170.85,2170.85,2170.85,2170.85,25,0,2170.85,2070.7,2236.55
10790,2021-03-29 13:37:00,2170.85,2170.85,2170.85,2170.85,25,0,2170.85,2070.7,2236.55
10791,2021-03-29 13:38:00,2170.85,2170.85,2170.85,2170.85,25,0,2170.85,2070.7,2236.55
10792,2021-03-29 13:39:00,2170.85,2170.85,2170.85,2170.85,25,0,2170.85,2070.7,2236.55
10793,2021-03-29 13:40:00,2170.85,2170.85,2170.85,2170.85,25,0,2170.85,2070.7,2236.55
10794,2021-03-29 13:41:00,2170.85,2170.85,2170.85,2170.85,25,0,2170.85,2070.7,2236.55
10795,2021-03-29 13:42:00,2170.85,2170.85,2170.85,2170.85,25,0,2170.85,2070.7,2236.55
10796,2021-03-29 13:43:00,2170.85,2170.85,2170.85,2170.85,25,0,2170.85,2070.7,2236.55
10797,2021-03-29 13:44:00,2170.85,2170.85,2170.85,2170.85,25,0,2170.85,2070.7,2236.55
10798,2021-03-29 13:45:00,2170.85,2170.85,2170.85,2170.85,25,0,2170.85,2070.7,2236.55
10799,2021-03-29 13:46:00,2170.85,2170.85,2170.85,2170.85,25,0,2170.85,2070.7,2236.55
10800,2021-03-29 13:47:00,2170.85,2170.85,2170.85,2170.85,25,0,2170.85,2070.7,2236.55
10801,2021-03-29 13:48:00,2170.85,2170.85,2170.85,2170.85,25,0,2170.85,2070.7,2236.55
10802,2021-03-29 13:49:00,2170.85,2170.85,2170.85,2170.85,25,0,2170.85,2070.7,2236.55
10803,2021-03-29 13:50:00,2170.85,2170.85,2170.85,2170.85,25,0,2170.85,2070.7,2236.55
10804,2021-03-29 13:51:00,2170.85,2170.85,2170.85,2170.85,25,0,2170.85,2070.7,2236.55
10805,2021-03-29 13:52:00,2170.85,2170.85,2170.85,2170.85,25,0,2170.85,2070.7,2236.55
10806,2021-03-29 13:53:00,2170.85,2170.85,2170.85,2170.85,25,0,2170.85,2070.7,2236.55
10807,2021-03-29 13:54:00,2170.85,2170.85,2170.85,2170.85,25,0,2170.85,2070.7,2236.55
10808,2021-03-29 13:55:00,2170.85,2170.85,2170.85,2170.85,25,0,2170.85,2070.7,2236.55
10809,2021-03-29 13:56:00,2170.85,2170.85,2170.85,2170.85,25,0,2170.85,2070.7,2236.55
10810,2021-03-29 13:57:00,2170.85,2170.85,2170.85,2170.85,25,0,2170.85,2070.7,2236.55
10811,2021-03-29 13:58:00,2170.85,2170.85,2170.85,2170.85,25,0,2170.85,2070.7,2236.55
10812,2021-03-29 13:59:00,2170.85,2170.85,2170.85,2170.85,25,0,2170.85,2070.7,2236.55
10813,2021-03-29 14:00:00,2170.85,2170.85,2170.85,2170.85,25,0,2170.85,2070.7,2236.55
10814,2021-03-29 14:01:00,2170.85,2170.85,2170.85,2170.85,25,0,2170.85,2070.7,2236.55
10815,2021-03-29 14:02:00,2170.85,2170.85,2170.85,2170.85,25,0,2170.85,2070.7,2236.55
10816,2021-03-29 14:03:00,2170.85,2170.85,2170.85,2170.85,25,0,2170.85,2070.7,2236.55
10817,2021-03-29 14:04:00,2170.85,2170.85,2170.85,2170.85,25,0,2170.85,2070.7,2236.55
10818,2021-03-29 14:05:00,2170.85,2170.85,2170.85,2170.85,25,0,2170.85,2070.7,2236.55
10819,2021-03-29 14:06:00,2170.85,2170.85,2170.85,2170.85,25,0,2170.85,2070.7,2236.55
10820,2021-03-29 14:07:00,2170.85,2170.85,2170.85,2170.85,25,0,2170.85,2070.7,2236.55
10821,2021-03-29 14:08:00,2170.85,2170.85,2170.85,2170.85,25,0,2170.85,2070.7,2236.55
10822,2021-03-29 14:09:00,2170.85,2170.85,2170.85,2170.85,25,0,2170.85,2070.7,2236.55
10823,2021-03-29 14:10:00,2170.85,2170.85,2170.85,2170.85,25,0,2170.85,2070.7,2236.55
10824,2021-03-29 14:11:00,2170.85,2170.85,2170.85,2170.85,25,0,2170.85,2070.7,2236.55
10825,2021-03-29 14:12:00,2170.85,2170.85,2170.85,2170.85,25,0,2170.85,2070.7,2236.55
10826,2021-03-29 14:13:00,2170.85,2170.85,2170.85,2170.85,25,0,2170.85,2070.7,2236.55
10827,2021-03-29 14:14:00,2170.85,2170.85,2170.85,2170.85,25,0,2170.85,2070.7,2236.55
10828,2021-03-29 14:15:00,2170.85,2170.85,2170.85,2170.85,25,0,2170.85,2070.7,2236.55
10829,2021-03-29 14:16:00,2170.85,2170.85,2170.85,2170.85,25,0,2170.85,2070.7,2236.55
10830,2021-03-29 14:17:00,2170.85,2170.85,2170.85,2170.85,25,0,2170.85,2070.7,2236.55
10831,2021-03-29 14:18:00,2170.85,2170.85,2170.85,2170.85,25,0,2170.85,2070.7,2236.55
10832,2021-03-29 14:19:00,2170.85,2170.85,2170.85,2170.85,25,0,2170.85,2070.7,2236.55
10833,2021-03-29 14:20:00,2170.85,2170.85,2170.85,2170.85,25,0,2170.85,2070.7,2236.55
10834,2021-03-29 14:21:00,2170.85,2170.85,2170.85,2170.85,25,0,2170.85,2070.7,2236.55
10835,2021-03-29 14:22:00,2170.85,2170.85,2170.85,2170.85,25,0,2170.85,2070.7,2236.55
10836,2021-03-29 14:23:00,2170.85,2170.85,2170.85,2170.85,25,0,2170.85,2070.7,2236.55
10837,2021-03-29 14:24:00,2170.85,2170.85,2170.85,2170.85,25,0,2170.85,2070.7,2236.55
10838,2021-03-29 14:25:00,2170.85,2170.85,2170.85,2170.85,25,0,2170.85,2070.7,2236.55
10839,2021-03-29 14:26:00,2170.85,2170.85,2170.85,2170.85,25,0,2170.85,2070.7,2236.55
10840,2021-03-29 14:27:00,2170.85,2170.85,2170.85,2170.85,25,0,2170.85,2070.7,2236.55
10841,2021-03-29 14:28:00,2170.85,2170.85,2170.85,2170.85,25,0,2170.85,2070.7,2236.55
10842,2021-03-29 14:29:00,2170.85,2170.85,2170.85,2170.85,25,0,2170.85,2070.7,2236.55
10843,2021-03-29 14:30:00,2170.85,2170.85,2170.85,2170.85,25,0,2170.85,2070.7,2236.55
10844,2021-03-29 14:31:00,2170.85,2170.85,2170.85,2170.85,25,0,2170.85,2070.7,2236.55
10845,2021-03-29 14:32:00,2170.85,2170.85,2170.85,2170.85,25,0,2170.85,2070.7,2236.55
10846,2021-03-29 14:33:00,2170.85,2170.85,2170.85,2170.85,25,0,2170.85,2070.7,2236.55
10847,2021-03-29 14:34:00,2170.85,2170.85,2170.85,2170.85,25,0,2170.85,2070.7,2236.55
10848,2021-03-29 14:35:00,2170.85,2170.85,2170.85,2170.85,25,0,2170.85,2070.7,2236.55
10849,2021-03-29 14:36:00,2170.85,2170.85,2170.85,2170.85,25,0,2170.85,2070.7,2236.55
10850,2021-03-29 14:37:00,2170.85,2170.85,2170.85,2170.85,25,0,2170.85,2070.7,2236.55
10851,2021-03-29 14:38:00,2170.85,2170.85,2170.85,2170.85,25,0,2170.85,2070.7,2236.55
10852,2021-03-29 14:39:00,2170.85,2170.85,2170.85,2170.85,25,0,2170.85,2070.7,2236.55
10853,2021-03-29 14:40:00,2170.85,2170.85,2170.85,2170.85,25,0,2170.85,2070.7,2236.55
10854,2021-03-29 14:41:00,2170.85,2170.85,2170.85,2170.85,25,0,2170.85,2070.7,2236.55
10855,2021-03-29 14:42:00,2170.85,2170.85,2170.85,2170.85,25,0,2170.85,2070.7,2236.55
10856,2021-03-29 14:43:00,2170.85,2170.85,2170.85,2170.85,25,0,2170.85,2070.7,2236.55
10857,2021-03-29 14:44:00,2170.85,2170.85,2170.85,2170.85,25,0,2170.85,2070.7,2236.55
10858,2021-03-29 14:45:00,2170.85,2170.85,2170.85,2170.85,25,0,2170.85,2070.7,2236.55
10859,2021-03-29 14:46:00,2170.85,2170.85,2170.85,2170.85,25,0,2170.85,2070.7,2236.55
10860,2021-03-29 14:47:00,2170.85,2170.85,2170.85,2170.85,25,0,2170.85,2070.7,2236.55
10861,2021-03-29 14:48:00,2170.85,2170.85,2170.85,2170.85,25,0,2170.85,2070.7,2236.55
10862,2021-03-29 14:49:00,2170.85,2170.85,2170.85,2170.85,25,0,2170.85,2070.7,2236.55
10863,2021-03-29 14:50:00,2170.85,2170.85,2170.85,2170.85,25,0,2170.85,2070.7,2236.55
10864,2021-03-29 14:51:00,2170.85,2170.85,2170.85,2170.85,25,0,2170.85,2070.7,2236.55
10865,2021-03-29 14:52:00,2170.85,2170.85,2170.85,2170.85,25,0,2170.85,2070.7,2236.55
10866,2021-03-29 14:53:00,2170.85,2170.85,2170.85,2170.85,25,0,2170.85,2070.7,2236.55
10867,2021-03-29 14:54:00,2170.85,2170.85,2170.85,2170.85,25,0,2170.85,2070.7,2236.55
10868,2021-03-29 14:55:00,2170.85,2170.85,2170.85,2170.85,25,0,2170.85,2070.7,2236.55
10869,2021-03-29 14:56:00,2170.85,2170.85,2170.85,2170.85,25,0,2170.85,2070.7,2236.55
10870,2021-03-29 14:57:00,2170.85,2170.85,2170.85,2170.85,25,0,2170.85,2070.7,2236.55
10871,2021-03-29 14:58:00,2170.85,2170.85,2170.85,2170.85,25,0,2170.85,2070.7,2236.55
10872,2021-03-29 14:59:00,2170.85,2170.85,2170.85,2170.85,25,0,2170.85,2070.7,2236.55
10873,2021-03-29 15:00:00,2170.85,2170.85,2170.85,2170.85,25,0,2170.85,2070.7,2236.55
10874,2021-03-29 15:01:00,2170.85,2170.85,2170.85,2170.85,25,0,2170.85,2070.7,2236.55
10875,2021-03-29 15:02:00,2170.85,2170.85,2170.85,2170.85,25,0,2170.85,2070.7,2236.55
10876,2021-03-29 15:03:00,2170.85,2170.85,2170.85,2170.85,25,0,2170.85,2070.7,2236.55
10877,2021-03-29 15:04:00,2170.85,2170.85,2170.85,2170.85,25,0,2170.85,2070.7,2236.55
10878,2021-03-29 15:05:00,2170.85,2170.85,2170.85,2170.85,25,0,2170.85,2070.7,2236.55
10879,2021-03-29 15:06:00,2170.85,2170.85,2170.85,2170.85,25,0,2170.85,2070.7,2236.55
10880,2021-03-29 15:07:00,2170.85,2170.85,2170.85,2170.85,25,0,2170.85,2070.7,2236.55
10881,2021-03-29 15:08:00,2170.85,2170.85,2170.85,2170.85,25,0,2170.85,2070.7,2236.55
10882,2021-03-29 15:09:00,2170.85,2170.85,2170.85,2170.85,25,0,2170.85,2070.7,2236.55
10883,2021-03-29 15:10:00,2170.85,2170.85,2170.85,2170.85,25,0,2170.85,2070.7,2236.55
10884,2021-03-29 15:11:00,2170.85,2170.85,2170.85,2170.85,25,0,2170.85,2070.7,2236.55
10885,2021-03-29 15:12:00,2170.85,2170.85,2170.85,2170.85,25,0,2170.85,2070.7,2236.55
10886,2021-03-29 15:13:00,2170.85,2170.85,2170.85,2170.85,25,0,2170.85,2070.7,2236.55
10887,2021-03-29 15:14:00,2170.85,2170.85,2170.85,2170.85,25,0,2170.85,2070.7,2236.55
10888,2021-03-29 15:15:00,2170.85,2170.85,2170.85,2170.85,25,0,2170.85,2070.7,2236.55
10889,2021-03-29 15:16:00,2170.85,2170.85,2170.85,2170.85,25,0,2170.85,2070.7,2236.55
10890,2021-03-29 15:17:00,2170.85,2170.85,2170.85,2170.85,25,0,2170.85,2070.7,2236.55
10891,2021-03-29 15:18:00,2170.85,2170.85,2170.85,2170.85,25,0,2170.85,2070.7,2236.55
10892,2021-03-29 15:19:00,2170.85,2170.85,2170.85,2170.85,25,0,2170.85,2070.7,2236.55
10893,2021-03-29 15:20:00,2170.85,2170.85,2170.85,2170.85,25,0,2170.85,2070.7,2236.55
10894,2021-03-29 15:21:00,2170.85,2170.85,2170.85,2170.85,25,0,2170.85,2070.7,2236.55
10895,2021-03-29 15:22:00,2170.85,2170.85,2170.85,2170.85,25,0,2170.85,2070.7,2236.55
10896,2021-03-29 15:23:00,2170.85,2170.85,2170.85,2170.85,25,0,2170.85,2070.7,2236.55
10897,2021-03-29 15:24:00,2170.85,2170.85,2170.85,2170.85,25,0,2170.85,2070.7,2236.55
10898,2021-03-29 15:25:00,2170.85,2170.85,2170.85,2170.85,25,0,2170.85,2070.7,2236.55
10899,2021-03-29 15:26:00,2170.85,2170.85,2170.85,2170.85,25,0,2170.85,2070.7,2236.55
10900,2021-03-29 15:27:00,2170.85,2170.85,2170.85,2170.85,25,0,2170.85,2070.7,2236.55
10901,2021-03-29 15:28:00,2170.85,2170.85,2170.85,2170.85,25,0,2170.85,2070.7,2236.55
10902,2021-03-29 15:29:00,2170.85,2170.85,2170.85,2170.85,25,0,2170.85,2070.7,2236.55
10903,2021-03-29 15:30:00,2170.85,2170.85,2170.85,2170.85,25,0,2170.85,2070.7,2236.55
10904,2021-03-30 09:15:00,2170.85,2170.85,2170.85,2170.85,25,0,2170.85,2070.7,2236.55
10905,2021-03-30 09:16:00,2170.85,2170.85,2170.85,2170.85,25,0,2170.85,2070.7,2236.55
10906,2021-03-30 09:17:00,2170.85,2170.85,2170.85,2170.85,25,0,2170.85,2070.7,2236.55
10907,2021-03-30 09:18:00,2170.85,2170.85,2170.85,2170.85,25,0,2170.85,2070.7,2236.55
10908,2021-03-30 09:19:00,2170.85,2170.85,2170.85,2170.85,25,0,2170.85,2070.7,2236.55
10909,2021-03-30 09:20:00,2000.0,2000.0,2000.0,2000.0,25,0,2000.0,1874.7,2030.9
10910,2021-03-30 09:21:00,2000.0,2000.0,2000.0,2000.0,25,0,2000.0,1874.7,2030.9
10911,2021-03-30 09:22:00,2000.0,2000.0,2000.0,2000.0,25,0,2000.0,1874.7,2030.9
10912,2021-03-30 09:23:00,2000.0,2000.0,2000.0,2000.0,25,0,2000.0,1874.7,2030.9
10913,2021-03-30 09:24:00,2000.0,2000.0,2000.0,2000.0,25,0,2000.0,1874.7,2030.9
10914,2021-03-30 09:25:00,2000.0,2000.0,2000.0,2000.0,25,0,2000.0,1874.7,2030.9
10915,2021-03-30 09:26:00,2000.0,2000.0,2000.0,2000.0,25,0,2000.0,1874.7,2030.9
10916,2021-03-30 09:27:00,2000.0,2000.0,2000.0,2000.0,25,0,2000.0,1874.7,2030.9
10917,2021-03-30 09:28:00,2000.0,2000.0,2000.0,2000.0,25,0,2000.0,1874.7,2030.9
10918,2021-03-30 09:29:00,2000.0,2000.0,2000.0,2000.0,25,0,2000.0,1874.7,2030.9
10919,2021-03-30 09:30:00,2000.0,2000.0,2000.0,2000.0,25,0,2000.0,1874.7,2030.9
10920,2021-03-30 09:31:00,2000.0,2000.0,2000.0,2000.0,25,0,2000.0,1874.7,2030.9
10921,2021-03-30 09:32:00,2000.0,2000.0,2000.0,2000.0,25,0,2000.0,1874.7,2030.9
10922,2021-03-30 09:33:00,2000.0,2000.0,2000.0,2000.0,25,0,2000.0,1874.7,2030.9
10923,2021-03-30 09:34:00,2000.0,2000.0,2000.0,2000.0,25,0,2000.0,1874.7,2030.9
10924,2021-03-30 09:35:00,2000.0,2000.0,2000.0,2000.0,25,0,2000.0,1874.7,2030.9
10925,2021-03-30 09:36:00,2000.0,2000.0,2000.0,2000.0,25,0,2000.0,1874.7,2030.9
10926,2021-03-30 09:37:00,2000.0,2000.0,2000.0,2000.0,25,0,2000.0,1874.7,2030.9
10927,2021-03-30 09:38:00,2000.0,2000.0,2000.0,2000.0,25,0,2000.0,1874.7,2030.9
10928,2021-03-30 09:39:00,2000.0,2000.0,2000.0,2000.0,25,0,2000.0,1874.7,2030.9
10929,2021-03-30 09:40:00,2000.0,2000.0,2000.0,2000.0,25,0,2000.0,1874.7,2030.9
10930,2021-03-30 09:41:00,2000.0,2000.0,2000.0,2000.0,25,0,2000.0,1874.7,2030.9
10931,2021-03-30 09:42:00,2000.0,2000.0,2000.0,2000.0,25,0,2000.0,1874.7,2030.9
10932,2021-03-30 09:43:00,2000.0,2000.0,2000.0,2000.0,25,0,2000.0,1874.7,2030.9
10933,2021-03-30 09:44:00,2000.0,2000.0,2000.0,2000.0,25,0,2000.0,1874.7,2030.9
10934,2021-03-30 09:45:00,2000.0,2000.0,2000.0,2000.0,25,0,2000.0,1874.7,2030.9
10935,2021-03-30 09:46:00,2000.0,2000.0,2000.0,2000.0,25,0,2000.0,1874.7,2030.9
10936,2021-03-30 09:47:00,2000.0,2000.0,2000.0,2000.0,25,0,2000.0,1874.7,2030.9
10937,2021-03-30 09:48:00,2000.0,2000.0,2000.0,2000.0,25,0,2000.0,1874.7,2030.9
10938,2021-03-30 09:49:00,2000.0,2000.0,2000.0,2000.0,25,0,2000.0,1874.7,2030.9
10939,2021-03-30 09:50:00,2000.0,2000.0,2000.0,2000.0,25,0,2000.0,1874.7,2030.9
10940,2021-03-30 09:51:00,2000.0,2000.0,2000.0,2000.0,25,0,2000.0,1874.7,2030.9
10941,2021-03-30 09:52:00,2000.0,2000.0,2000.0,2000.0,25,0,2000.0,1874.7,2030.9
10942,2021-03-30 09:53:00,2000.0,2000.0,2000.0,2000.0,25,0,2000.0,1874.7,2030.9
10943,2021-03-30 09:54:00,2265.9,2265.9,2265.9,2265.9,325,0,2246.88,1171.95,2218.6
10944,2021-03-30 09:55:00,2265.9,2265.9,2265.9,2265.9,325,0,2246.88,1171.95,2218.6
10945,2021-03-30 09:56:00,2265.9,2265.9,2265.9,2265.9,325,0,2246.88,1171.95,2218.6
10946,2021-03-30 09:57:00,2265.9,2265.9,2265.9,2265.9,325,0,2246.88,1171.95,2218.6
10947,2021-03-30 09:58:00,2265.9,2265.9,2265.9,2265.9,325,0,2246.88,1171.95,2218.6
10948,2021-03-30 09:59:00,2265.9,2265.9,2265.9,2265.9,325,0,2246.88,1171.95,2218.6
10949,2021-03-30 10:00:00,2265.9,2265.9,2265.9,2265.9,325,0,2246.88,1171.95,2218.6
10950,2021-03-30 10:01:00,2265.9,2265.9,2265.9,2265.9,325,0,2246.88,1171.95,2218.6
10951,2021-03-30 10:02:00,2265.9,2265.9,2265.9,2265.9,325,0,2246.88,1171.95,2218.6
10952,2021-03-30 10:03:00,2265.9,2265.9,2265.9,2265.9,325,0,2246.88,1171.95,2218.6
10953,2021-03-30 10:04:00,2265.9,2265.9,2265.9,2265.9,325,0,2246.88,1171.95,2218.6
10954,2021-03-30 10:05:00,2265.9,2265.9,2265.9,2265.9,325,0,2246.88,1171.95,2218.6
10955,2021-03-30 10:06:00,2265.9,2265.9,2265.9,2265.9,325,0,2246.88,1171.95,2218.6
10956,2021-03-30 10:07:00,2265.9,2265.9,2265.9,2265.9,325,0,2246.88,1171.95,2218.6
10957,2021-03-30 10:08:00,2265.9,2265.9,2265.9,2265.9,325,0,2246.88,1171.95,2218.6
10958,2021-03-30 10:09:00,2265.9,2265.9,2265.9,2265.9,325,0,2246.88,1171.95,2218.6
10959,2021-03-30 10:10:00,2265.9,2265.9,2265.9,2265.9,325,0,2246.88,1171.95,2218.6
10960,2021-03-30 10:11:00,2265.9,2265.9,2265.9,2265.9,325,0,2246.88,1171.95,2218.6
10961,2021-03-30 10:12:00,2265.9,2265.9,2265.9,2265.9,325,0,2246.88,1171.95,2218.6
10962,2021-03-30 10:13:00,2265.9,2265.9,2265.9,2265.9,325,0,2246.88,1171.95,2218.6
10963,2021-03-30 10:14:00,2265.9,2265.9,2265.9,2265.9,325,0,2246.88,1171.95,2218.6
10964,2021-03-30 10:15:00,2265.9,2265.9,2265.9,2265.9,325,0,2246.88,1171.95,2218.6
10965,2021-03-30 10:16:00,2265.9,2265.9,2265.9,2265.9,325,0,2246.88,1171.95,2218.6
10966,2021-03-30 10:17:00,2265.9,2265.9,2265.9,2265.9,325,0,2246.88,1171.95,2218.6
10967,2021-03-30 10:18:00,2265.9,2265.9,2265.9,2265.9,325,0,2246.88,1171.95,2218.6
10968,2021-03-30 10:19:00,2265.9,2265.9,2265.9,2265.9,325,0,2246.88,1171.95,2218.6
10969,2021-03-30 10:20:00,2265.9,2265.9,2265.9,2265.9,325,0,2246.88,1171.95,2218.6
10970,2021-03-30 10:21:00,2265.9,2265.9,2265.9,2265.9,325,0,2246.88,1171.95,2218.6
10971,2021-03-30 10:22:00,2265.9,2265.9,2265.9,2265.9,325,0,2246.88,1171.95,2218.6
10972,2021-03-30 10:23:00,2265.9,2265.9,2265.9,2265.9,325,0,2246.88,1171.95,2218.6
10973,2021-03-30 10:24:00,2265.9,2265.9,2265.9,2265.9,325,0,2246.88,1171.95,2218.6
10974,2021-03-30 10:25:00,2265.9,2265.9,2265.9,2265.9,325,0,2246.88,1171.95,2218.6
10975,2021-03-30 10:26:00,2265.9,2265.9,2265.9,2265.9,325,0,2246.88,1171.95,2218.6
10976,2021-03-30 10:27:00,2265.9,2265.9,2265.9,2265.9,325,0,2246.88,1171.95,2218.6
10977,2021-03-30 10:28:00,2265.9,2265.9,2265.9,2265.9,325,0,2246.88,1171.95,2218.6
10978,2021-03-30 10:29:00,2265.9,2265.9,2265.9,2265.9,325,0,2246.88,1171.95,2218.6
10979,2021-03-30 10:30:00,2265.9,2265.9,2265.9,2265.9,325,0,2246.88,1171.95,2218.6
10980,2021-03-30 10:31:00,2265.9,2265.9,2265.9,2265.9,325,0,2246.88,1171.95,2218.6
10981,2021-03-30 10:32:00,2265.9,2265.9,2265.9,2265.9,325,0,2246.88,1171.95,2218.6
10982,2021-03-30 10:33:00,2265.9,2265.9,2265.9,2265.9,325,0,2246.88,1171.95,2218.6
10983,2021-03-30 10:34:00,2265.9,2265.9,2265.9,2265.9,325,0,2246.88,1171.95,2218.6
10984,2021-03-30 10:35:00,2265.9,2265.9,2265.9,2265.9,325,0,2246.88,1171.95,2218.6
10985,2021-03-30 10:36:00,2265.9,2265.9,2265.9,2265.9,325,0,2246.88,1171.95,2218.6
10986,2021-03-30 10:37:00,2265.9,2265.9,2265.9,2265.9,325,0,2246.88,1171.95,2218.6
10987,2021-03-30 10:38:00,2265.9,2265.9,2265.9,2265.9,325,0,2246.88,1171.95,2218.6
10988,2021-03-30 10:39:00,2265.9,2265.9,2265.9,2265.9,325,0,2246.88,1171.95,2218.6
10989,2021-03-30 10:40:00,2265.9,2265.9,2265.9,2265.9,325,0,2246.88,1171.95,2218.6
10990,2021-03-30 10:41:00,2265.9,2265.9,2265.9,2265.9,325,0,2246.88,1171.95,2218.6
10991,2021-03-30 10:42:00,2265.9,2265.9,2265.9,2265.9,325,0,2246.88,1171.95,2218.6
10992,2021-03-30 10:43:00,2265.9,2265.9,2265.9,2265.9,325,0,2246.88,1171.95,2218.6
10993,2021-03-30 10:44:00,2265.9,2265.9,2265.9,2265.9,325,0,2246.88,1171.95,2218.6
10994,2021-03-30 10:45:00,2265.9,2265.9,2265.9,2265.9,325,0,2246.88,1171.95,2218.6
10995,2021-03-30 10:46:00,2265.9,2265.9,2265.9,2265.9,325,0,2246.88,1171.95,2218.6
10996,2021-03-30 10:47:00,2265.9,2265.9,2265.9,2265.9,325,0,2246.88,1171.95,2218.6
10997,2021-03-30 10:48:00,2265.9,2265.9,2265.9,2265.9,325,0,2246.88,1171.95,2218.6
10998,2021-03-30 10:49:00,2265.9,2265.9,2265.9,2265.9,325,0,2246.88,1171.95,2218.6
10999,2021-03-30 10:50:00,2265.9,2265.9,2265.9,2265.9,325,0,2246.88,1171.95,2218.6
11000,2021-03-30 10:51:00,2265.9,2265.9,2265.9,2265.9,325,0,2246.88,1171.95,2218.6
11001,2021-03-30 10:52:00,2265.9,2265.9,2265.9,2265.9,325,0,2246.88,1171.95,2218.6
11002,2021-03-30 10:53:00,2265.9,2265.9,2265.9,2265.9,325,0,2246.88,1171.95,2218.6
11003,2021-03-30 10:54:00,2265.9,2265.9,2265.9,2265.9,325,0,2246.88,1171.95,2218.6
11004,2021-03-30 10:55:00,2265.9,2265.9,2265.9,2265.9,325,0,2246.88,1171.95,2218.6
11005,2021-03-30 10:56:00,2265.9,2265.9,2265.9,2265.9,325,0,2246.88,1171.95,2218.6
11006,2021-03-30 10:57:00,2265.9,2265.9,2265.9,2265.9,325,0,2246.88,1171.95,2218.6
11007,2021-03-30 10:58:00,2265.9,2265.9,2265.9,2265.9,325,0,2246.88,1171.95,2218.6
11008,2021-03-30 10:59:00,2265.9,2265.9,2265.9,2265.9,325,0,2246.88,1171.95,2218.6
11009,2021-03-30 11:00:00,2265.9,2265.9,2265.9,2265.9,325,0,2246.88,1171.95,2218.6
11010,2021-03-30 11:01:00,2265.9,2265.9,2265.9,2265.9,325,0,2246.88,1171.95,2218.6
11011,2021-03-30 11:02:00,2265.9,2265.9,2265.9,2265.9,325,0,2246.88,1171.95,2218.6
11012,2021-03-30 11:03:00,2265.9,2265.9,2265.9,2265.9,325,0,2246.88,1171.95,2218.6
11013,2021-03-30 11:04:00,2265.9,2265.9,2265.9,2265.9,325,0,2246.88,1171.95,2218.6
11014,2021-03-30 11:05:00,2265.9,2265.9,2265.9,2265.9,325,0,2246.88,1171.95,2218.6
11015,2021-03-30 11:06:00,2265.9,2265.9,2265.9,2265.9,325,0,2246.88,1171.95,2218.6
11016,2021-03-30 11:07:00,2265.9,2265.9,2265.9,2265.9,325,0,2246.88,1171.95,2218.6
11017,2021-03-30 11:08:00,2265.9,2265.9,2265.9,2265.9,325,0,2246.88,1171.95,2218.6
11018,2021-03-30 11:09:00,2265.9,2265.9,2265.9,2265.9,325,0,2246.88,1171.95,2218.6
11019,2021-03-30 11:10:00,2265.9,2265.9,2265.9,2265.9,325,0,2246.88,1171.95,2218.6
11020,2021-03-30 11:11:00,2265.9,2265.9,2265.9,2265.9,325,0,2246.88,1171.95,2218.6
11021,2021-03-30 11:12:00,2265.9,2265.9,2265.9,2265.9,325,0,2246.88,1171.95,2218.6
11022,2021-03-30 11:13:00,2265.9,2265.9,2265.9,2265.9,325,0,2246.88,1171.95,2218.6
11023,2021-03-30 11:14:00,2265.9,2265.9,2265.9,2265.9,325,0,2246.88,1171.95,2218.6
11024,2021-03-30 11:15:00,2265.9,2265.9,2265.9,2265.9,325,0,2246.88,1171.95,2218.6
11025,2021-03-30 11:16:00,2265.9,2265.9,2265.9,2265.9,325,0,2246.88,1171.95,2218.6
11026,2021-03-30 11:17:00,2265.9,2265.9,2265.9,2265.9,325,0,2246.88,1171.95,2218.6
11027,2021-03-30 11:18:00,2265.9,2265.9,2265.9,2265.9,325,0,2246.88,1171.95,2218.6
11028,2021-03-30 11:19:00,2265.9,2265.9,2265.9,2265.9,325,0,2246.88,1171.95,2218.6
11029,2021-03-30 11:20:00,2265.9,2265.9,2265.9,2265.9,325,0,2246.88,1171.95,2218.6
11030,2021-03-30 11:21:00,2265.9,2265.9,2265.9,2265.9,325,0,2246.88,1171.95,2218.6
11031,2021-03-30 11:22:00,2265.9,2265.9,2265.9,2265.9,325,0,2246.88,1171.95,2218.6
11032,2021-03-30 11:23:00,2265.9,2265.9,2265.9,2265.9,325,0,2246.88,1171.95,2218.6
11033,2021-03-30 11:24:00,2265.9,2265.9,2265.9,2265.9,325,0,2246.88,1171.95,2218.6
11034,2021-03-30 11:25:00,2265.9,2265.9,2265.9,2265.9,325,0,2246.88,1171.95,2218.6
11035,2021-03-30 11:26:00,2265.9,2265.9,2265.9,2265.9,325,0,2246.88,1171.95,2218.6
11036,2021-03-30 11:27:00,2265.9,2265.9,2265.9,2265.9,325,0,2246.88,1171.95,2218.6
11037,2021-03-30 11:28:00,2265.9,2265.9,2265.9,2265.9,325,0,2246.88,1171.95,2218.6
11038,2021-03-30 11:29:00,2265.9,2265.9,2265.9,2265.9,325,0,2246.88,1171.95,2218.6
11039,2021-03-30 11:30:00,2265.9,2265.9,2265.9,2265.9,325,0,2246.88,1171.95,2218.6
11040,2021-03-30 11:31:00,2265.9,2265.9,2265.9,2265.9,325,0,2246.88,1171.95,2218.6
11041,2021-03-30 11:32:00,2265.9,2265.9,2265.9,2265.9,325,0,2246.88,1171.95,2218.6
11042,2021-03-30 11:33:00,2265.9,2265.9,2265.9,2265.9,325,0,2246.88,1171.95,2218.6
11043,2021-03-30 11:34:00,2265.9,2265.9,2265.9,2265.9,325,0,2246.88,1171.95,2218.6
11044,2021-03-30 11:35:00,2265.9,2265.9,2265.9,2265.9,325,0,2246.88,1171.95,2218.6
11045,2021-03-30 11:36:00,2265.9,2265.9,2265.9,2265.9,325,0,2246.88,1171.95,2218.6
11046,2021-03-30 11:37:00,2265.9,2265.9,2265.9,2265.9,325,0,2246.88,1171.95,2218.6
11047,2021-03-30 11:38:00,2265.9,2265.9,2265.9,2265.9,325,0,2246.88,1171.95,2218.6
11048,2021-03-30 11:39:00,2265.9,2265.9,2265.9,2265.9,325,0,2246.88,1171.95,2218.6
11049,2021-03-30 11:40:00,2265.9,2265.9,2265.9,2265.9,325,0,2246.88,1171.95,2218.6
11050,2021-03-30 11:41:00,2265.9,2265.9,2265.9,2265.9,325,0,2246.88,1171.95,2218.6
11051,2021-03-30 11:42:00,2265.9,2265.9,2265.9,2265.9,325,0,2246.88,1171.95,2218.6
11052,2021-03-30 11:43:00,2265.9,2265.9,2265.9,2265.9,325,0,2246.88,1171.95,2218.6
11053,2021-03-30 11:44:00,2265.9,2265.9,2265.9,2265.9,325,0,2246.88,1171.95,2218.6
11054,2021-03-30 11:45:00,2265.9,2265.9,2265.9,2265.9,325,0,2246.88,1171.95,2218.6
11055,2021-03-30 11:46:00,2265.9,2265.9,2265.9,2265.9,325,0,2246.88,1171.95,2218.6
11056,2021-03-30 11:47:00,2265.9,2265.9,2265.9,2265.9,325,0,2246.88,1171.95,2218.6
11057,2021-03-30 11:48:00,2265.9,2265.9,2265.9,2265.9,325,0,2246.88,1171.95,2218.6
11058,2021-03-30 11:49:00,2265.9,2265.9,2265.9,2265.9,325,0,2246.88,1171.95,2218.6
11059,2021-03-30 11:50:00,2265.9,2265.9,2265.9,2265.9,325,0,2246.88,1171.95,2218.6
11060,2021-03-30 11:51:00,2265.9,2265.9,2265.9,2265.9,325,0,2246.88,1171.95,2218.6
11061,2021-03-30 11:52:00,2265.9,2265.9,2265.9,2265.9,325,0,2246.88,1171.95,2218.6
11062,2021-03-30 11:53:00,2265.9,2265.9,2265.9,2265.9,325,0,2246.88,1171.95,2218.6
11063,2021-03-30 11:54:00,2265.9,2265.9,2265.9,2265.9,325,0,2246.88,1171.95,2218.6
11064,2021-03-30 11:55:00,2265.9,2265.9,2265.9,2265.9,325,0,2246.88,1171.95,2218.6
11065,2021-03-30 11:56:00,2265.9,2265.9,2265.9,2265.9,325,0,2246.88,1171.95,2218.6
11066,2021-03-30 11:57:00,2265.9,2265.9,2265.9,2265.9,325,0,2246.88,1171.95,2218.6
11067,2021-03-30 11:58:00,2265.9,2265.9,2265.9,2265.9,325,0,2246.88,1171.95,2218.6
11068,2021-03-30 11:59:00,2265.9,2265.9,2265.9,2265.9,325,0,2246.88,1171.95,2218.6
11069,2021-03-30 12:00:00,2265.9,2265.9,2265.9,2265.9,325,0,2246.88,1171.95,2218.6
11070,2021-03-30 12:01:00,2265.9,2265.9,2265.9,2265.9,325,0,2246.88,1171.95,2218.6
11071,2021-03-30 12:02:00,2265.9,2265.9,2265.9,2265.9,325,0,2246.88,1171.95,2218.6
11072,2021-03-30 12:03:00,2265.9,2265.9,2265.9,2265.9,325,0,2246.88,1171.95,2218.6
11073,2021-03-30 12:04:00,2265.9,2265.9,2265.9,2265.9,325,0,2246.88,1171.95,2218.6
11074,2021-03-30 12:05:00,2265.9,2265.9,2265.9,2265.9,325,0,2246.88,1171.95,2218.6
11075,2021-03-30 12:06:00,2265.9,2265.9,2265.9,2265.9,325,0,2246.88,1171.95,2218.6
11076,2021-03-30 12:07:00,2265.9,2265.9,2265.9,2265.9,325,0,2246.88,1171.95,2218.6
11077,2021-03-30 12:08:00,2265.9,2265.9,2265.9,2265.9,325,0,2246.88,1171.95,2218.6
11078,2021-03-30 12:09:00,2265.9,2265.9,2265.9,2265.9,325,0,2246.88,1171.95,2218.6
11079,2021-03-30 12:10:00,2265.9,2265.9,2265.9,2265.9,325,0,2246.88,1171.95,2218.6
11080,2021-03-30 12:11:00,2265.9,2265.9,2265.9,2265.9,325,0,2246.88,1171.95,2218.6
11081,2021-03-30 12:12:00,2265.9,2265.9,2265.9,2265.9,325,0,2246.88,1171.95,2218.6
11082,2021-03-30 12:13:00,2265.9,2265.9,2265.9,2265.9,325,0,2246.88,1171.95,2218.6
11083,2021-03-30 12:14:00,2265.9,2265.9,2265.9,2265.9,325,0,2246.88,1171.95,2218.6
11084,2021-03-30 12:15:00,2265.9,2265.9,2265.9,2265.9,325,0,2246.88,1171.95,2218.6
11085,2021-03-30 12:16:00,2265.9,2265.9,2265.9,2265.9,325,0,2246.88,1171.95,2218.6
11086,2021-03-30 12:17:00,2265.9,2265.9,2265.9,2265.9,325,0,2246.88,1171.95,2218.6
11087,2021-03-30 12:18:00,2265.9,2265.9,2265.9,2265.9,325,0,2246.88,1171.95,2218.6
11088,2021-03-30 12:19:00,2265.9,2265.9,2265.9,2265.9,325,0,2246.88,1171.95,2218.6
11089,2021-03-30 12:20:00,2265.9,2265.9,2265.9,2265.9,325,0,2246.88,1171.95,2218.6
11090,2021-03-30 12:21:00,2265.9,2265.9,2265.9,2265.9,325,0,2246.88,1171.95,2218.6
11091,2021-03-30 12:22:00,2265.9,2265.9,2265.9,2265.9,325,0,2246.88,1171.95,2218.6
11092,2021-03-30 12:23:00,2265.9,2265.9,2265.9,2265.9,325,0,2246.88,1171.95,2218.6
11093,2021-03-30 12:24:00,2265.9,2265.9,2265.9,2265.9,325,0,2246.88,1171.95,2218.6
11094,2021-03-30 12:25:00,2265.9,2265.9,2265.9,2265.9,325,0,2246.88,1171.95,2218.6
11095,2021-03-30 12:26:00,2265.9,2265.9,2265.9,2265.9,325,0,2246.88,1171.95,2218.6
11096,2021-03-30 12:27:00,2265.9,2265.9,2265.9,2265.9,325,0,2246.88,1171.95,2218.6
11097,2021-03-30 12:28:00,2265.9,2265.9,2265.9,2265.9,325,0,2246.88,1171.95,2218.6
11098,2021-03-30 12:29:00,2265.9,2265.9,2265.9,2265.9,325,0,2246.88,1171.95,2218.6
11099,2021-03-30 12:30:00,2265.9,2265.9,2265.9,2265.9,325,0,2246.88,1171.95,2218.6
11100,2021-03-30 12:31:00,2265.9,2265.9,2265.9,2265.9,325,0,2246.88,1171.95,2218.6
11101,2021-03-30 12:32:00,2265.9,2265.9,2265.9,2265.9,325,0,2246.88,1171.95,2218.6
11102,2021-03-30 12:33:00,2265.9,2265.9,2265.9,2265.9,325,0,2246.88,1171.95,2218.6
11103,2021-03-30 12:34:00,2265.9,2265.9,2265.9,2265.9,325,0,2246.88,1171.95,2218.6
11104,2021-03-30 12:35:00,2265.9,2265.9,2265.9,2265.9,325,0,2246.88,1171.95,2218.6
11105,2021-03-30 12:36:00,2265.9,2265.9,2265.9,2265.9,325,0,2246.88,1171.95,2218.6
11106,2021-03-30 12:37:00,2265.9,2265.9,2265.9,2265.9,325,0,2246.88,1171.95,2218.6
11107,2021-03-30 12:38:00,2265.9,2265.9,2265.9,2265.9,325,0,2246.88,1171.95,2218.6
11108,2021-03-30 12:39:00,2265.9,2265.9,2265.9,2265.9,325,0,2246.88,1171.95,2218.6
11109,2021-03-30 12:40:00,2265.9,2265.9,2265.9,2265.9,325,0,2246.88,1171.95,2218.6
11110,2021-03-30 12:41:00,2265.9,2265.9,2265.9,2265.9,325,0,2246.88,1171.95,2218.6
11111,2021-03-30 12:42:00,2265.9,2265.9,2265.9,2265.9,325,0,2246.88,1171.95,2218.6
11112,2021-03-30 12:43:00,2265.9,2265.9,2265.9,2265.9,325,0,2246.88,1171.95,2218.6
11113,2021-03-30 12:44:00,2265.9,2265.9,2265.9,2265.9,325,0,2246.88,1171.95,2218.6
11114,2021-03-30 12:45:00,2265.9,2265.9,2265.9,2265.9,325,0,2246.88,1171.95,2218.6
11115,2021-03-30 12:46:00,2265.9,2265.9,2265.9,2265.9,325,0,2246.88,1171.95,2218.6
11116,2021-03-30 12:47:00,2265.9,2265.9,2265.9,2265.9,325,0,2246.88,1171.95,2218.6
11117,2021-03-30 12:48:00,2265.9,2265.9,2265.9,2265.9,325,0,2246.88,1171.95,2218.6
11118,2021-03-30 12:49:00,2265.9,2265.9,2265.9,2265.9,325,0,2246.88,1171.95,2218.6
11119,2021-03-30 12:50:00,2265.9,2265.9,2265.9,2265.9,325,0,2246.88,1171.95,2218.6
11120,2021-03-30 12:51:00,2265.9,2265.9,2265.9,2265.9,325,0,2246.88,1171.95,2218.6
11121,2021-03-30 12:52:00,2265.9,2265.9,2265.9,2265.9,325,0,2246.88,1171.95,2218.6
11122,2021-03-30 12:53:00,2265.9,2265.9,2265.9,2265.9,325,0,2246.88,1171.95,2218.6
11123,2021-03-30 12:54:00,2265.9,2265.9,2265.9,2265.9,325,0,2246.88,1171.95,2218.6
11124,2021-03-30 12:55:00,2265.9,2265.9,2265.9,2265.9,325,0,2246.88,1171.95,2218.6
11125,2021-03-30 12:56:00,2265.9,2265.9,2265.9,2265.9,325,0,2246.88,1171.95,2218.6
11126,2021-03-30 12:57:00,2265.9,2265.9,2265.9,2265.9,325,0,2246.88,1171.95,2218.6
11127,2021-03-30 12:58:00,2265.9,2265.9,2265.9,2265.9,325,0,2246.88,1171.95,2218.6
11128,2021-03-30 12:59:00,2265.9,2265.9,2265.9,2265.9,325,0,2246.88,1171.95,2218.6
11129,2021-03-30 13:00:00,2265.9,2265.9,2265.9,2265.9,325,0,2246.88,1171.95,2218.6
11130,2021-03-30 13:01:00,2265.9,2265.9,2265.9,2265.9,325,0,2246.88,1171.95,2218.6
11131,2021-03-30 13:02:00,2265.9,2265.9,2265.9,2265.9,325,0,2246.88,1171.95,2218.6
11132,2021-03-30 13:03:00,2265.9,2265.9,2265.9,2265.9,325,0,2246.88,1171.95,2218.6
11133,2021-03-30 13:04:00,2265.9,2265.9,2265.9,2265.9,325,0,2246.88,1171.95,2218.6
11134,2021-03-30 13:05:00,2265.9,2265.9,2265.9,2265.9,325,0,2246.88,1171.95,2218.6
11135,2021-03-30 13:06:00,2265.9,2265.9,2265.9,2265.9,325,0,2246.88,1171.95,2218.6
11136,2021-03-30 13:07:00,2265.9,2265.9,2265.9,2265.9,325,0,2246.88,1171.95,2218.6
11137,2021-03-30 13:08:00,2265.9,2265.9,2265.9,2265.9,325,0,2246.88,1171.95,2218.6
11138,2021-03-30 13:09:00,2265.9,2265.9,2265.9,2265.9,325,0,2246.88,1171.95,2218.6
11139,2021-03-30 13:10:00,2265.9,2265.9,2265.9,2265.9,325,0,2246.88,1171.95,2218.6
11140,2021-03-30 13:11:00,2265.9,2265.9,2265.9,2265.9,325,0,2246.88,1171.95,2218.6
11141,2021-03-30 13:12:00,2265.9,2265.9,2265.9,2265.9,325,0,2246.88,1171.95,2218.6
11142,2021-03-30 13:13:00,2265.9,2265.9,2265.9,2265.9,325,0,2246.88,1171.95,2218.6
11143,2021-03-30 13:14:00,2265.9,2265.9,2265.9,2265.9,325,0,2246.88,1171.95,2218.6
11144,2021-03-30 13:15:00,2265.9,2265.9,2265.9,2265.9,325,0,2246.88,1171.95,2218.6
11145,2021-03-30 13:16:00,2265.9,2265.9,2265.9,2265.9,325,0,2246.88,1171.95,2218.6
11146,2021-03-30 13:17:00,2265.9,2265.9,2265.9,2265.9,325,0,2246.88,1171.95,2218.6
11147,2021-03-30 13:18:00,2265.9,2265.9,2265.9,2265.9,325,0,2246.88,1171.95,2218.6
11148,2021-03-30 13:19:00,2265.9,2265.9,2265.9,2265.9,325,0,2246.88,1171.95,2218.6
11149,2021-03-30 13:20:00,2265.9,2265.9,2265.9,2265.9,325,0,2246.88,1171.95,2218.6
11150,2021-03-30 13:21:00,2265.9,2265.9,2265.9,2265.9,325,0,2246.88,1171.95,2218.6
11151,2021-03-30 13:22:00,2265.9,2265.9,2265.9,2265.9,325,0,2246.88,1171.95,2218.6
11152,2021-03-30 13:23:00,2265.9,2265.9,2265.9,2265.9,325,0,2246.88,1171.95,2218.6
11153,2021-03-30 13:24:00,2265.9,2265.9,2265.9,2265.9,325,0,2246.88,1171.95,2218.6
11154,2021-03-30 13:25:00,2265.9,2265.9,2265.9,2265.9,325,0,2246.88,1171.95,2218.6
11155,2021-03-30 13:26:00,2265.9,2265.9,2265.9,2265.9,325,0,2246.88,1171.95,2218.6
11156,2021-03-30 13:27:00,2265.9,2265.9,2265.9,2265.9,325,0,2246.88,1171.95,2218.6
11157,2021-03-30 13:28:00,2265.9,2265.9,2265.9,2265.9,325,0,2246.88,1171.95,2218.6
11158,2021-03-30 13:29:00,2265.9,2265.9,2265.9,2265.9,325,0,2246.88,1171.95,2218.6
11159,2021-03-30 13:30:00,2265.9,2265.9,2265.9,2265.9,325,0,2246.88,1171.95,2218.6
11160,2021-03-30 13:31:00,2265.9,2265.9,2265.9,2265.9,325,0,2246.88,1171.95,2218.6
11161,2021-03-30 13:32:00,2265.9,2265.9,2265.9,2265.9,325,0,2246.88,1171.95,2218.6
11162,2021-03-30 13:33:00,2265.9,2265.9,2265.9,2265.9,325,0,2246.88,1171.95,2218.6
11163,2021-03-30 13:34:00,2265.9,2265.9,2265.9,2265.9,325,0,2246.88,1171.95,2218.6
11164,2021-03-30 13:35:00,2265.9,2265.9,2265.9,2265.9,325,0,2246.88,1171.95,2218.6
11165,2021-03-30 13:36:00,2265.9,2265.9,2265.9,2265.9,325,0,2246.88,1171.95,2218.6
11166,2021-03-30 13:37:00,2265.9,2265.9,2265.9,2265.9,325,0,2246.88,1171.95,2218.6
11167,2021-03-30 13:38:00,2265.9,2265.9,2265.9,2265.9,325,0,2246.88,1171.95,2218.6
11168,2021-03-30 13:39:00,2265.9,2265.9,2265.9,2265.9,325,0,2246.88,1171.95,2218.6
11169,2021-03-30 13:40:00,2265.9,2265.9,2265.9,2265.9,325,0,2246.88,1171.95,2218.6
11170,2021-03-30 13:41:00,2265.9,2265.9,2265.9,2265.9,325,0,2246.88,1171.95,2218.6
11171,2021-03-30 13:42:00,2265.9,2265.9,2265.9,2265.9,325,0,2246.88,1171.95,2218.6
11172,2021-03-30 13:43:00,2265.9,2265.9,2265.9,2265.9,325,0,2246.88,1171.95,2218.6
11173,2021-03-30 13:44:00,2265.9,2265.9,2265.9,2265.9,325,0,2246.88,1171.95,2218.6
11174,2021-03-30 13:45:00,2265.9,2265.9,2265.9,2265.9,325,0,2246.88,1171.95,2218.6
11175,2021-03-30 13:46:00,2265.9,2265.9,2265.9,2265.9,325,0,2246.88,1171.95,2218.6
11176,2021-03-30 13:47:00,2265.9,2265.9,2265.9,2265.9,325,0,2246.88,1171.95,2218.6
11177,2021-03-30 13:48:00,2265.9,2265.9,2265.9,2265.9,325,0,2246.88,1171.95,2218.6
11178,2021-03-30 13:49:00,2265.9,2265.9,2265.9,2265.9,325,0,2246.88,1171.95,2218.6
11179,2021-03-30 13:50:00,2265.9,2265.9,2265.9,2265.9,325,0,2246.88,1171.95,2218.6
11180,2021-03-30 13:51:00,2265.9,2265.9,2265.9,2265.9,325,0,2246.88,1171.95,2218.6
11181,2021-03-30 13:52:00,2265.9,2265.9,2265.9,2265.9,325,0,2246.88,1171.95,2218.6
11182,2021-03-30 13:53:00,2265.9,2265.9,2265.9,2265.9,325,0,2246.88,1171.95,2218.6
11183,2021-03-30 13:54:00,2265.9,2265.9,2265.9,2265.9,325,0,2246.88,1171.95,2218.6
11184,2021-03-30 13:55:00,2265.9,2265.9,2265.9,2265.9,325,0,2246.88,1171.95,2218.6
11185,2021-03-30 13:56:00,2265.9,2265.9,2265.9,2265.9,325,0,2246.88,1171.95,2218.6
11186,2021-03-30 13:57:00,2265.9,2265.9,2265.9,2265.9,325,0,2246.88,1171.95,2218.6
11187,2021-03-30 13:58:00,2265.9,2265.9,2265.9,2265.9,325,0,2246.88,1171.95,2218.6
11188,2021-03-30 13:59:00,2265.9,2265.9,2265.9,2265.9,325,0,2246.88,1171.95,2218.6
11189,2021-03-30 14:00:00,2265.9,2265.9,2265.9,2265.9,325,0,2246.88,1171.95,2218.6
11190,2021-03-30 14:01:00,2265.9,2265.9,2265.9,2265.9,325,0,2246.88,1171.95,2218.6
11191,2021-03-30 14:02:00,2265.9,2265.9,2265.9,2265.9,325,0,2246.88,1171.95,2218.6
11192,2021-03-30 14:03:00,2265.9,2265.9,2265.9,2265.9,325,0,2246.88,1171.95,2218.6
11193,2021-03-30 14:04:00,2265.9,2265.9,2265.9,2265.9,325,0,2246.88,1171.95,2218.6
11194,2021-03-30 14:05:00,2265.9,2265.9,2265.9,2265.9,325,0,2246.88,1171.95,2218.6
11195,2021-03-30 14:06:00,2265.9,2265.9,2265.9,2265.9,325,0,2246.88,1171.95,2218.6
11196,2021-03-30 14:07:00,2265.9,2265.9,2265.9,2265.9,325,0,2246.88,1171.95,2218.6
11197,2021-03-30 14:08:00,2265.9,2265.9,2265.9,2265.9,325,0,2246.88,1171.95,2218.6
11198,2021-03-30 14:09:00,2265.9,2265.9,2265.9,2265.9,325,0,2246.88,1171.95,2218.6
11199,2021-03-30 14:10:00,2265.9,2265.9,2265.9,2265.9,325,0,2246.88,1171.95,2218.6
11200,2021-03-30 14:11:00,2265.9,2265.9,2265.9,2265.9,325,0,2246.88,1171.95,2218.6
11201,2021-03-30 14:12:00,2265.9,2265.9,2265.9,2265.9,325,0,2246.88,1171.95,2218.6
11202,2021-03-30 14:13:00,2265.9,2265.9,2265.9,2265.9,325,0,2246.88,1171.95,2218.6
11203,2021-03-30 14:14:00,2265.9,2265.9,2265.9,2265.9,325,0,2246.88,1171.95,2218.6
11204,2021-03-30 14:15:00,2265.9,2265.9,2265.9,2265.9,325,0,2246.88,1171.95,2218.6
11205,2021-03-30 14:16:00,2265.9,2265.9,2265.9,2265.9,325,0,2246.88,1171.95,2218.6
11206,2021-03-30 14:17:00,2265.9,2265.9,2265.9,2265.9,325,0,2246.88,1171.95,2218.6
11207,2021-03-30 14:18:00,2265.9,2265.9,2265.9,2265.9,325,0,2246.88,1171.95,2218.6
11208,2021-03-30 14:19:00,2265.9,2265.9,2265.9,2265.9,325,0,2246.88,1171.95,2218.6
11209,2021-03-30 14:20:00,2265.9,2265.9,2265.9,2265.9,325,0,2246.88,1171.95,2218.6
11210,2021-03-30 14:21:00,2265.9,2265.9,2265.9,2265.9,325,0,2246.88,1171.95,2218.6
11211,2021-03-30 14:22:00,2265.9,2265.9,2265.9,2265.9,325,0,2246.88,1171.95,2218.6
11212,2021-03-30 14:23:00,2265.9,2265.9,2265.9,2265.9,325,0,2246.88,1171.95,2218.6
11213,2021-03-30 14:24:00,2265.9,2265.9,2265.9,2265.9,325,0,2246.88,1171.95,2218.6
11214,2021-03-30 14:25:00,2265.9,2265.9,2265.9,2265.9,325,0,2246.88,1171.95,2218.6
11215,2021-03-30 14:26:00,2265.9,2265.9,2265.9,2265.9,325,0,2246.88,1171.95,2218.6
11216,2021-03-30 14:27:00,2265.9,2265.9,2265.9,2265.9,325,0,2246.88,1171.95,2218.6
11217,2021-03-30 14:28:00,2265.9,2265.9,2265.9,2265.9,325,0,2246.88,1171.95,2218.6
11218,2021-03-30 14:29:00,2265.9,2265.9,2265.9,2265.9,325,0,2246.88,1171.95,2218.6
11219,2021-03-30 14:30:00,2265.9,2265.9,2265.9,2265.9,325,0,2246.88,1171.95,2218.6
11220,2021-03-30 14:31:00,2265.9,2265.9,2265.9,2265.9,325,0,2246.88,1171.95,2218.6
11221,2021-03-30 14:32:00,2265.9,2265.9,2265.9,2265.9,325,0,2246.88,1171.95,2218.6
11222,2021-03-30 14:33:00,2265.9,2265.9,2265.9,2265.9,325,0,2246.88,1171.95,2218.6
11223,2021-03-30 14:34:00,2265.9,2265.9,2265.9,2265.9,325,0,2246.88,1171.95,2218.6
11224,2021-03-30 14:35:00,2265.9,2265.9,2265.9,2265.9,325,0,2246.88,1171.95,2218.6
11225,2021-03-30 14:36:00,2265.9,2265.9,2265.9,2265.9,325,0,2246.88,1171.95,2218.6
11226,2021-03-30 14:37:00,2265.9,2265.9,2265.9,2265.9,325,0,2246.88,1171.95,2218.6
11227,2021-03-30 14:38:00,2265.9,2265.9,2265.9,2265.9,325,0,2246.88,1171.95,2218.6
11228,2021-03-30 14:39:00,2265.9,2265.9,2265.9,2265.9,325,0,2246.88,1171.95,2218.6
11229,2021-03-30 14:40:00,2265.9,2265.9,2265.9,2265.9,325,0,2246.88,1171.95,2218.6
11230,2021-03-30 14:41:00,2265.9,2265.9,2265.9,2265.9,325,0,2246.88,1171.95,2218.6
11231,2021-03-30 14:42:00,2265.9,2265.9,2265.9,2265.9,325,0,2246.88,1171.95,2218.6
11232,2021-03-30 14:43:00,2265.9,2265.9,2265.9,2265.9,325,0,2246.88,1171.95,2218.6
11233,2021-03-30 14:44:00,2265.9,2265.9,2265.9,2265.9,325,0,2246.88,1171.95,2218.6
11234,2021-03-30 14:45:00,2265.9,2265.9,2265.9,2265.9,325,0,2246.88,1171.95,2218.6
11235,2021-03-30 14:46:00,2265.9,2265.9,2265.9,2265.9,325,0,2246.88,1171.95,2218.6
11236,2021-03-30 14:47:00,2265.9,2265.9,2265.9,2265.9,325,0,2246.88,1171.95,2218.6
11237,2021-03-30 14:48:00,2265.9,2265.9,2265.9,2265.9,325,0,2246.88,1171.95,2218.6
11238,2021-03-30 14:49:00,2265.9,2265.9,2265.9,2265.9,325,0,2246.88,1171.95,2218.6
11239,2021-03-30 14:50:00,2265.9,2265.9,2265.9,2265.9,325,0,2246.88,1171.95,2218.6
11240,2021-03-30 14:51:00,2265.9,2265.9,2265.9,2265.9,325,0,2246.88,1171.95,2218.6
11241,2021-03-30 14:52:00,2265.9,2265.9,2265.9,2265.9,325,0,2246.88,1171.95,2218.6
11242,2021-03-30 14:53:00,2265.9,2265.9,2265.9,2265.9,325,0,2246.88,1171.95,2218.6
11243,2021-03-30 14:54:00,2265.9,2265.9,2265.9,2265.9,325,0,2246.88,1171.95,2218.6
11244,2021-03-30 14:55:00,2265.9,2265.9,2265.9,2265.9,325,0,2246.88,1171.95,2218.6
11245,2021-03-30 14:56:00,2265.9,2265.9,2265.9,2265.9,325,0,2246.88,1171.95,2218.6
11246,2021-03-30 14:57:00,2265.9,2265.9,2265.9,2265.9,325,0,2246.88,1171.95,2218.6
11247,2021-03-30 14:58:00,2265.9,2265.9,2265.9,2265.9,325,0,2246.88,1171.95,2218.6
11248,2021-03-30 14:59:00,2265.9,2265.9,2265.9,2265.9,325,0,2246.88,1171.95,2218.6
11249,2021-03-30 15:00:00,2265.9,2265.9,2265.9,2265.9,325,0,2246.88,1171.95,2218.6
11250,2021-03-30 15:01:00,2265.9,2265.9,2265.9,2265.9,325,0,2246.88,1171.95,2218.6
11251,2021-03-30 15:02:00,2265.9,2265.9,2265.9,2265.9,325,0,2246.88,1171.95,2218.6
11252,2021-03-30 15:03:00,2265.9,2265.9,2265.9,2265.9,325,0,2246.88,1171.95,2218.6
11253,2021-03-30 15:04:00,2265.9,2265.9,2265.9,2265.9,325,0,2246.88,1171.95,2218.6
11254,2021-03-30 15:05:00,2265.9,2265.9,2265.9,2265.9,325,0,2246.88,1171.95,2218.6
11255,2021-03-30 15:06:00,2265.9,2265.9,2265.9,2265.9,325,0,2246.88,1171.95,2218.6
11256,2021-03-30 15:07:00,2265.9,2265.9,2265.9,2265.9,325,0,2246.88,1171.95,2218.6
11257,2021-03-30 15:08:00,2265.9,2265.9,2265.9,2265.9,325,0,2246.88,1171.95,2218.6
11258,2021-03-30 15:09:00,2265.9,2265.9,2265.9,2265.9,325,0,2246.88,1171.95,2218.6
11259,2021-03-30 15:10:00,2265.9,2265.9,2265.9,2265.9,325,0,2246.88,1171.95,2218.6
11260,2021-03-30 15:11:00,2265.9,2265.9,2265.9,2265.9,325,0,2246.88,1171.95,2218.6
11261,2021-03-30 15:12:00,2265.9,2265.9,2265.9,2265.9,325,0,2246.88,1171.95,2218.6
11262,2021-03-30 15:13:00,2265.9,2265.9,2265.9,2265.9,325,0,2246.88,1171.95,2218.6
11263,2021-03-30 15:14:00,2265.9,2265.9,2265.9,2265.9,325,0,2246.88,1171.95,2218.6
11264,2021-03-30 15:15:00,2265.9,2265.9,2265.9,2265.9,325,0,2246.88,1171.95,2218.6
11265,2021-03-30 15:16:00,2265.9,2265.9,2265.9,2265.9,325,0,2246.88,1171.95,2218.6
11266,2021-03-30 15:17:00,2265.9,2265.9,2265.9,2265.9,325,0,2246.88,1171.95,2218.6
11267,2021-03-30 15:18:00,2265.9,2265.9,2265.9,2265.9,325,0,2246.88,1171.95,2218.6
11268,2021-03-30 15:19:00,2265.9,2265.9,2265.9,2265.9,325,0,2246.88,1171.95,2218.6
11269,2021-03-30 15:20:00,2265.9,2265.9,2265.9,2265.9,325,0,2246.88,1171.95,2218.6
11270,2021-03-30 15:21:00,2265.9,2265.9,2265.9,2265.9,325,0,2246.88,1171.95,2218.6
11271,2021-03-30 15:22:00,2265.9,2265.9,2265.9,2265.9,325,0,2246.88,1171.95,2218.6
11272,2021-03-30 15:23:00,2265.9,2265.9,2265.9,2265.9,325,0,2246.88,1171.95,2218.6
11273,2021-03-30 15:24:00,2265.9,2265.9,2265.9,2265.9,325,0,2246.88,1171.95,2218.6
11274,2021-03-30 15:25:00,2265.9,2265.9,2265.9,2265.9,325,0,2246.88,1171.95,2218.6
11275,2021-03-30 15:26:00,2265.9,2265.9,2265.9,2265.9,325,0,2246.88,1171.95,2218.6
11276,2021-03-30 15:27:00,2265.9,2265.9,2265.9,2265.9,325,0,2246.88,1171.95,2218.6
11277,2021-03-30 15:28:00,2265.9,2265.9,2265.9,2265.9,325,0,2246.88,1171.95,2218.6
11278,2021-03-30 15:29:00,2265.9,2265.9,2265.9,2265.9,325,0,2246.88,1171.95,2218.6
11279,2021-03-30 15:30:00,2265.9,2265.9,2265.9,2265.9,325,0,2246.88,1171.95,2218.6
11280,2021-03-31 09:15:00,2265.9,2265.9,2265.9,2265.9,325,0,2246.88,1171.95,2218.6
11281,2021-03-31 09:16:00,2265.9,2265.9,2265.9,2265.9,325,0,2246.88,1171.95,2218.6
11282,2021-03-31 09:17:00,2265.9,2265.9,2265.9,2265.9,325,0,2246.88,1171.95,2218.6
11283,2021-03-31 09:18:00,2265.9,2265.9,2265.9,2265.9,325,0,2246.88,1171.95,2218.6
11284,2021-03-31 09:19:00,2265.9,2265.9,2265.9,2265.9,325,0,2246.88,1171.95,2218.6
11285,2021-03-31 09:20:00,2265.9,2265.9,2265.9,2265.9,325,0,2246.88,1171.95,2218.6
11286,2021-03-31 09:21:00,2265.9,2265.9,2265.9,2265.9,325,0,2246.88,1171.95,2218.6
11287,2021-03-31 09:22:00,2265.9,2265.9,2265.9,2265.9,325,0,2246.88,1171.95,2218.6
11288,2021-03-31 09:23:00,2265.9,2265.9,2265.9,2265.9,325,0,2246.88,1171.95,2218.6
11289,2021-03-31 09:24:00,2265.9,2265.9,2265.9,2265.9,325,0,2246.88,1171.95,2218.6
11290,2021-03-31 09:25:00,2265.9,2265.9,2265.9,2265.9,325,0,2246.88,1171.95,2218.6
11291,2021-03-31 09:26:00,2265.9,2265.9,2265.9,2265.9,325,0,2246.88,1171.95,2218.6
11292,2021-03-31 09:27:00,2098.95,2098.95,2098.95,2098.95,25,0,2098.95,1974.45,2369.8
11293,2021-03-31 09:28:00,2098.95,2098.95,2098.95,2098.95,25,0,2098.95,1974.45,2369.8
11294,2021-03-31 09:29:00,2098.95,2098.95,2098.95,2098.95,25,0,2098.95,1974.45,2369.8
11295,2021-03-31 09:30:00,2098.95,2098.95,2098.95,2098.95,25,0,2098.95,1974.45,2369.8
11296,2021-03-31 09:31:00,2098.95,2098.95,2098.95,2098.95,25,0,2098.95,1974.45,2369.8
11297,2021-03-31 09:32:00,2098.95,2098.95,2098.95,2098.95,25,0,2098.95,1974.45,2369.8
11298,2021-03-31 09:33:00,2098.95,2098.95,2098.95,2098.95,25,0,2098.95,1974.45,2369.8
11299,2021-03-31 09:34:00,2098.95,2098.95,2098.95,2098.95,25,0,2098.95,1974.45,2369.8
11300,2021-03-31 09:35:00,2098.95,2098.95,2098.95,2098.95,25,0,2098.95,1974.45,2369.8
11301,2021-03-31 09:36:00,2098.95,2098.95,2098.95,2098.95,25,0,2098.95,1974.45,2369.8
11302,2021-03-31 09:37:00,2098.95,2098.95,2098.95,2098.95,25,0,2098.95,1974.45,2369.8
11303,2021-03-31 09:38:00,2098.95,2098.95,2098.95,2098.95,25,0,2098.95,1974.45,2369.8
11304,2021-03-31 09:39:00,2098.95,2098.95,2098.95,2098.95,25,0,2098.95,1974.45,2369.8
11305,2021-03-31 09:40:00,2098.95,2098.95,2098.95,2098.95,25,0,2098.95,1974.45,2369.8
11306,2021-03-31 09:41:00,2098.95,2098.95,2098.95,2098.95,25,0,2098.95,1974.45,2369.8
11307,2021-03-31 09:42:00,2098.95,2098.95,2098.95,2098.95,25,0,2098.95,1974.45,2369.8
11308,2021-03-31 09:43:00,2098.95,2098.95,2098.95,2098.95,25,0,2098.95,1974.45,2369.8
11309,2021-03-31 09:44:00,2098.95,2098.95,2098.95,2098.95,25,0,2098.95,1974.45,2369.8
11310,2021-03-31 09:45:00,2098.95,2098.95,2098.95,2098.95,25,0,2098.95,1974.45,2369.8
11311,2021-03-31 09:46:00,2098.95,2098.95,2098.95,2098.95,25,0,2098.95,1974.45,2369.8
11312,2021-03-31 09:47:00,2098.95,2098.95,2098.95,2098.95,25,0,2098.95,1974.45,2369.8
11313,2021-03-31 09:48:00,2098.95,2098.95,2098.95,2098.95,25,0,2098.95,1974.45,2369.8
11314,2021-03-31 09:49:00,2098.95,2098.95,2098.95,2098.95,25,0,2098.95,1974.45,2369.8
11315,2021-03-31 09:50:00,2098.95,2098.95,2098.95,2098.95,25,0,2098.95,1974.45,2369.8
11316,2021-03-31 09:51:00,2098.95,2098.95,2098.95,2098.95,25,0,2098.95,1974.45,2369.8
11317,2021-03-31 09:52:00,2098.95,2098.95,2098.95,2098.95,25,0,2098.95,1974.45,2369.8
11318,2021-03-31 09:53:00,2098.95,2098.95,2098.95,2098.95,25,0,2098.95,1974.45,2369.8
11319,2021-03-31 09:54:00,2098.95,2098.95,2098.95,2098.95,25,0,2098.95,1974.45,2369.8
11320,2021-03-31 09:55:00,2098.95,2098.95,2098.95,2098.95,25,0,2098.95,1974.45,2369.8
11321,2021-03-31 09:56:00,2098.95,2098.95,2098.95,2098.95,25,0,2098.95,1974.45,2369.8
11322,2021-03-31 09:57:00,2098.95,2098.95,2098.95,2098.95,25,0,2098.95,1974.45,2369.8
11323,2021-03-31 09:58:00,2098.95,2098.95,2098.95,2098.95,25,0,2098.95,1974.45,2369.8
11324,2021-03-31 09:59:00,2098.95,2098.95,2098.95,2098.95,25,0,2098.95,1974.45,2369.8
11325,2021-03-31 10:00:00,2098.95,2098.95,2098.95,2098.95,25,0,2098.95,1974.45,2369.8
11326,2021-03-31 10:01:00,2098.95,2098.95,2098.95,2098.95,25,0,2098.95,1974.45,2369.8
11327,2021-03-31 10:02:00,2098.95,2098.95,2098.95,2098.95,25,0,2098.95,1974.45,2369.8
11328,2021-03-31 10:03:00,2098.95,2098.95,2098.95,2098.95,25,0,2098.95,1974.45,2369.8
11329,2021-03-31 10:04:00,2098.95,2098.95,2098.95,2098.95,25,0,2098.95,1974.45,2369.8
11330,2021-03-31 10:05:00,2098.95,2098.95,2098.95,2098.95,25,0,2098.95,1974.45,2369.8
11331,2021-03-31 10:06:00,2098.95,2098.95,2098.95,2098.95,25,0,2098.95,1974.45,2369.8
11332,2021-03-31 10:07:00,2098.95,2098.95,2098.95,2098.95,25,0,2098.95,1974.45,2369.8
11333,2021-03-31 10:08:00,2098.95,2098.95,2098.95,2098.95,25,0,2098.95,1974.45,2369.8
11334,2021-03-31 10:09:00,2098.95,2098.95,2098.95,2098.95,25,0,2098.95,1974.45,2369.8
11335,2021-03-31 10:10:00,2098.95,2098.95,2098.95,2098.95,25,0,2098.95,1974.45,2369.8
11336,2021-03-31 10:11:00,2098.95,2098.95,2098.95,2098.95,25,0,2098.95,1974.45,2369.8
11337,2021-03-31 10:12:00,2098.95,2098.95,2098.95,2098.95,25,0,2098.95,1974.45,2369.8
11338,2021-03-31 10:13:00,2098.95,2098.95,2098.95,2098.95,25,0,2098.95,1974.45,2369.8
11339,2021-03-31 10:14:00,2098.95,2098.95,2098.95,2098.95,25,0,2098.95,1974.45,2369.8
11340,2021-03-31 10:15:00,2098.95,2098.95,2098.95,2098.95,25,0,2098.95,1974.45,2369.8
11341,2021-03-31 10:16:00,2098.95,2098.95,2098.95,2098.95,25,0,2098.95,1974.45,2369.8
11342,2021-03-31 10:17:00,2098.95,2098.95,2098.95,2098.95,25,0,2098.95,1974.45,2369.8
11343,2021-03-31 10:18:00,2098.95,2098.95,2098.95,2098.95,25,0,2098.95,1974.45,2369.8
11344,2021-03-31 10:19:00,2098.95,2098.95,2098.95,2098.95,25,0,2098.95,1974.45,2369.8
11345,2021-03-31 10:20:00,2098.95,2098.95,2098.95,2098.95,25,0,2098.95,1974.45,2369.8
11346,2021-03-31 10:21:00,2098.95,2098.95,2098.95,2098.95,25,0,2098.95,1974.45,2369.8
11347,2021-03-31 10:22:00,2098.95,2098.95,2098.95,2098.95,25,0,2098.95,1974.45,2369.8
11348,2021-03-31 10:23:00,2098.95,2098.95,2098.95,2098.95,25,0,2098.95,1974.45,2369.8
11349,2021-03-31 10:24:00,2098.95,2098.95,2098.95,2098.95,25,0,2098.95,1974.45,2369.8
11350,2021-03-31 10:25:00,2098.95,2098.95,2098.95,2098.95,25,0,2098.95,1974.45,2369.8
11351,2021-03-31 10:26:00,2098.95,2098.95,2098.95,2098.95,25,0,2098.95,1974.45,2369.8
11352,2021-03-31 10:27:00,2098.95,2098.95,2098.95,2098.95,25,0,2098.95,1974.45,2369.8
11353,2021-03-31 10:28:00,2098.95,2098.95,2098.95,2098.95,25,0,2098.95,1974.45,2369.8
11354,2021-03-31 10:29:00,2098.95,2098.95,2098.95,2098.95,25,0,2098.95,1974.45,2369.8
11355,2021-03-31 10:30:00,2098.95,2098.95,2098.95,2098.95,25,0,2098.95,1974.45,2369.8
11356,2021-03-31 10:31:00,2098.95,2098.95,2098.95,2098.95,25,0,2098.95,1974.45,2369.8
11357,2021-03-31 10:32:00,2098.95,2098.95,2098.95,2098.95,25,0,2098.95,1974.45,2369.8
11358,2021-03-31 10:33:00,2098.95,2098.95,2098.95,2098.95,25,0,2098.95,1974.45,2369.8
11359,2021-03-31 10:34:00,2098.95,2098.95,2098.95,2098.95,25,0,2098.95,1974.45,2369.8
11360,2021-03-31 10:35:00,2098.95,2098.95,2098.95,2098.95,25,0,2098.95,1974.45,2369.8
11361,2021-03-31 10:36:00,2098.95,2098.95,2098.95,2098.95,25,0,2098.95,1974.45,2369.8
11362,2021-03-31 10:37:00,2098.95,2098.95,2098.95,2098.95,25,0,2098.95,1974.45,2369.8
11363,2021-03-31 10:38:00,2098.95,2098.95,2098.95,2098.95,25,0,2098.95,1974.45,2369.8
11364,2021-03-31 10:39:00,2098.95,2098.95,2098.95,2098.95,25,0,2098.95,1974.45,2369.8
11365,2021-03-31 10:40:00,2098.95,2098.95,2098.95,2098.95,25,0,2098.95,1974.45,2369.8
11366,2021-03-31 10:41:00,2098.95,2098.95,2098.95,2098.95,25,0,2098.95,1974.45,2369.8
11367,2021-03-31 10:42:00,2098.95,2098.95,2098.95,2098.95,25,0,2098.95,1974.45,2369.8
11368,2021-03-31 10:43:00,2098.95,2098.95,2098.95,2098.95,25,0,2098.95,1974.45,2369.8
11369,2021-03-31 10:44:00,2098.95,2098.95,2098.95,2098.95,25,0,2098.95,1974.45,2369.8
11370,2021-03-31 10:45:00,2098.95,2098.95,2098.95,2098.95,25,0,2098.95,1974.45,2369.8
11371,2021-03-31 10:46:00,2098.95,2098.95,2098.95,2098.95,25,0,2098.95,1974.45,2369.8
11372,2021-03-31 10:47:00,2098.95,2098.95,2098.95,2098.95,25,0,2098.95,1974.45,2369.8
11373,2021-03-31 10:48:00,2098.95,2098.95,2098.95,2098.95,25,0,2098.95,1974.45,2369.8
11374,2021-03-31 10:49:00,2098.95,2098.95,2098.95,2098.95,25,0,2098.95,1974.45,2369.8
11375,2021-03-31 10:50:00,2098.95,2098.95,2098.95,2098.95,25,0,2098.95,1974.45,2369.8
11376,2021-03-31 10:51:00,2098.95,2098.95,2098.95,2098.95,25,0,2098.95,1974.45,2369.8
11377,2021-03-31 10:52:00,2098.95,2098.95,2098.95,2098.95,25,0,2098.95,1974.45,2369.8
11378,2021-03-31 10:53:00,2098.95,2098.95,2098.95,2098.95,25,0,2098.95,1974.45,2369.8
11379,2021-03-31 10:54:00,2098.95,2098.95,2098.95,2098.95,25,0,2098.95,1974.45,2369.8
11380,2021-03-31 10:55:00,2098.95,2098.95,2098.95,2098.95,25,0,2098.95,1974.45,2369.8
11381,2021-03-31 10:56:00,2098.95,2098.95,2098.95,2098.95,25,0,2098.95,1974.45,2369.8
11382,2021-03-31 10:57:00,2098.95,2098.95,2098.95,2098.95,25,0,2098.95,1974.45,2369.8
11383,2021-03-31 10:58:00,2098.95,2098.95,2098.95,2098.95,25,0,2098.95,1974.45,2369.8
11384,2021-03-31 10:59:00,2098.95,2098.95,2098.95,2098.95,25,0,2098.95,1974.45,2369.8
11385,2021-03-31 11:00:00,2098.95,2098.95,2098.95,2098.95,25,0,2098.95,1974.45,2369.8
11386,2021-03-31 11:01:00,2098.95,2098.95,2098.95,2098.95,25,0,2098.95,1974.45,2369.8
11387,2021-03-31 11:02:00,2098.95,2098.95,2098.95,2098.95,25,0,2098.95,1974.45,2369.8
11388,2021-03-31 11:03:00,2098.95,2098.95,2098.95,2098.95,25,0,2098.95,1974.45,2369.8
11389,2021-03-31 11:04:00,2098.95,2098.95,2098.95,2098.95,25,0,2098.95,1974.45,2369.8
11390,2021-03-31 11:05:00,2098.95,2098.95,2098.95,2098.95,25,0,2098.95,1974.45,2369.8
11391,2021-03-31 11:06:00,2098.95,2098.95,2098.95,2098.95,25,0,2098.95,1974.45,2369.8
11392,2021-03-31 11:07:00,2098.95,2098.95,2098.95,2098.95,25,0,2098.95,1974.45,2369.8
11393,2021-03-31 11:08:00,2098.95,2098.95,2098.95,2098.95,25,0,2098.95,1974.45,2369.8
11394,2021-03-31 11:09:00,2098.95,2098.95,2098.95,2098.95,25,0,2098.95,1974.45,2369.8
11395,2021-03-31 11:10:00,2098.95,2098.95,2098.95,2098.95,25,0,2098.95,1974.45,2369.8
11396,2021-03-31 11:11:00,2098.95,2098.95,2098.95,2098.95,25,0,2098.95,1974.45,2369.8
11397,2021-03-31 11:12:00,2098.95,2098.95,2098.95,2098.95,25,0,2098.95,1974.45,2369.8
11398,2021-03-31 11:13:00,2098.95,2098.95,2098.95,2098.95,25,0,2098.95,1974.45,2369.8
11399,2021-03-31 11:14:00,2098.95,2098.95,2098.95,2098.95,25,0,2098.95,1974.45,2369.8
11400,2021-03-31 11:15:00,2098.95,2098.95,2098.95,2098.95,25,0,2098.95,1974.45,2369.8
11401,2021-03-31 11:16:00,2098.95,2098.95,2098.95,2098.95,25,0,2098.95,1974.45,2369.8
11402,2021-03-31 11:17:00,2098.95,2098.95,2098.95,2098.95,25,0,2098.95,1974.45,2369.8
11403,2021-03-31 11:18:00,2098.95,2098.95,2098.95,2098.95,25,0,2098.95,1974.45,2369.8
11404,2021-03-31 11:19:00,2098.95,2098.95,2098.95,2098.95,25,0,2098.95,1974.45,2369.8
11405,2021-03-31 11:20:00,2098.95,2098.95,2098.95,2098.95,25,0,2098.95,1974.45,2369.8
11406,2021-03-31 11:21:00,2098.95,2098.95,2098.95,2098.95,25,0,2098.95,1974.45,2369.8
11407,2021-03-31 11:22:00,2098.95,2098.95,2098.95,2098.95,25,0,2098.95,1974.45,2369.8
11408,2021-03-31 11:23:00,2098.95,2098.95,2098.95,2098.95,25,0,2098.95,1974.45,2369.8
11409,2021-03-31 11:24:00,2098.95,2098.95,2098.95,2098.95,25,0,2098.95,1974.45,2369.8
11410,2021-03-31 11:25:00,2098.95,2098.95,2098.95,2098.95,25,0,2098.95,1974.45,2369.8
11411,2021-03-31 11:26:00,2098.95,2098.95,2098.95,2098.95,25,0,2098.95,1974.45,2369.8
11412,2021-03-31 11:27:00,2098.95,2098.95,2098.95,2098.95,25,0,2098.95,1974.45,2369.8
11413,2021-03-31 11:28:00,2098.95,2098.95,2098.95,2098.95,25,0,2098.95,1974.45,2369.8
11414,2021-03-31 11:29:00,2098.95,2098.95,2098.95,2098.95,25,0,2098.95,1974.45,2369.8
11415,2021-03-31 11:30:00,2098.95,2098.95,2098.95,2098.95,25,0,2098.95,1974.45,2369.8
11416,2021-03-31 11:31:00,2098.95,2098.95,2098.95,2098.95,25,0,2098.95,1974.45,2369.8
11417,2021-03-31 11:32:00,2098.95,2098.95,2098.95,2098.95,25,0,2098.95,1974.45,2369.8
11418,2021-03-31 11:33:00,2098.95,2098.95,2098.95,2098.95,25,0,2098.95,1974.45,2369.8
11419,2021-03-31 11:34:00,2098.95,2098.95,2098.95,2098.95,25,0,2098.95,1974.45,2369.8
11420,2021-03-31 11:35:00,2098.95,2098.95,2098.95,2098.95,25,0,2098.95,1974.45,2369.8
11421,2021-03-31 11:36:00,2098.95,2098.95,2098.95,2098.95,25,0,2098.95,1974.45,2369.8
11422,2021-03-31 11:37:00,2098.95,2098.95,2098.95,2098.95,25,0,2098.95,1974.45,2369.8
11423,2021-03-31 11:38:00,2098.95,2098.95,2098.95,2098.95,25,0,2098.95,1974.45,2369.8
11424,2021-03-31 11:39:00,2098.95,2098.95,2098.95,2098.95,25,0,2098.95,1974.45,2369.8
11425,2021-03-31 11:40:00,2098.95,2098.95,2098.95,2098.95,25,0,2098.95,1974.45,2369.8
11426,2021-03-31 11:41:00,2098.95,2098.95,2098.95,2098.95,25,0,2098.95,1974.45,2369.8
11427,2021-03-31 11:42:00,2098.95,2098.95,2098.95,2098.95,25,0,2098.95,1974.45,2369.8
11428,2021-03-31 11:43:00,2098.95,2098.95,2098.95,2098.95,25,0,2098.95,1974.45,2369.8
11429,2021-03-31 11:44:00,2098.95,2098.95,2098.95,2098.95,25,0,2098.95,1974.45,2369.8
11430,2021-03-31 11:45:00,2098.95,2098.95,2098.95,2098.95,25,0,2098.95,1974.45,2369.8
11431,2021-03-31 11:46:00,2098.95,2098.95,2098.95,2098.95,25,0,2098.95,1974.45,2369.8
11432,2021-03-31 11:47:00,2098.95,2098.95,2098.95,2098.95,25,0,2098.95,1974.45,2369.8
11433,2021-03-31 11:48:00,2098.95,2098.95,2098.95,2098.95,25,0,2098.95,1974.45,2369.8
11434,2021-03-31 11:49:00,2098.95,2098.95,2098.95,2098.95,25,0,2098.95,1974.45,2369.8
11435,2021-03-31 11:50:00,2098.95,2098.95,2098.95,2098.95,25,0,2098.95,1974.45,2369.8
11436,2021-03-31 11:51:00,2098.95,2098.95,2098.95,2098.95,25,0,2098.95,1974.45,2369.8
11437,2021-03-31 11:52:00,2098.95,2098.95,2098.95,2098.95,25,0,2098.95,1974.45,2369.8
11438,2021-03-31 11:53:00,2098.95,2098.95,2098.95,2098.95,25,0,2098.95,1974.45,2369.8
11439,2021-03-31 11:54:00,2098.95,2098.95,2098.95,2098.95,25,0,2098.95,1974.45,2369.8
11440,2021-03-31 11:55:00,2098.95,2098.95,2098.95,2098.95,25,0,2098.95,1974.45,2369.8
11441,2021-03-31 11:56:00,2098.95,2098.95,2098.95,2098.95,25,0,2098.95,1974.45,2369.8
11442,2021-03-31 11:57:00,2098.95,2098.95,2098.95,2098.95,25,0,2098.95,1974.45,2369.8
11443,2021-03-31 11:58:00,2098.95,2098.95,2098.95,2098.95,25,0,2098.95,1974.45,2369.8
11444,2021-03-31 11:59:00,2098.95,2098.95,2098.95,2098.95,25,0,2098.95,1974.45,2369.8
11445,2021-03-31 12:00:00,2098.95,2098.95,2098.95,2098.95,25,0,2098.95,1974.45,2369.8
11446,2021-03-31 12:01:00,2098.95,2098.95,2098.95,2098.95,25,0,2098.95,1974.45,2369.8
11447,2021-03-31 12:02:00,2098.95,2098.95,2098.95,2098.95,25,0,2098.95,1974.45,2369.8
11448,2021-03-31 12:03:00,2098.95,2098.95,2098.95,2098.95,25,0,2098.95,1974.45,2369.8
11449,2021-03-31 12:04:00,2098.95,2098.95,2098.95,2098.95,25,0,2098.95,1974.45,2369.8
11450,2021-03-31 12:05:00,2098.95,2098.95,2098.95,2098.95,25,0,2098.95,1974.45,2369.8
11451,2021-03-31 12:06:00,2098.95,2098.95,2098.95,2098.95,25,0,2098.95,1974.45,2369.8
11452,2021-03-31 12:07:00,2098.95,2098.95,2098.95,2098.95,25,0,2098.95,1974.45,2369.8
11453,2021-03-31 12:08:00,2098.95,2098.95,2098.95,2098.95,25,0,2098.95,1974.45,2369.8
11454,2021-03-31 12:09:00,2098.95,2098.95,2098.95,2098.95,25,0,2098.95,1974.45,2369.8
11455,2021-03-31 12:10:00,2098.95,2098.95,2098.95,2098.95,25,0,2098.95,1974.45,2369.8
11456,2021-03-31 12:11:00,2098.95,2098.95,2098.95,2098.95,25,0,2098.95,1974.45,2369.8
11457,2021-03-31 12:12:00,2098.95,2098.95,2098.95,2098.95,25,0,2098.95,1974.45,2369.8
11458,2021-03-31 12:13:00,2098.95,2098.95,2098.95,2098.95,25,0,2098.95,1974.45,2369.8
11459,2021-03-31 12:14:00,2098.95,2098.95,2098.95,2098.95,25,0,2098.95,1974.45,2369.8
11460,2021-03-31 12:15:00,2098.95,2098.95,2098.95,2098.95,25,0,2098.95,1974.45,2369.8
11461,2021-03-31 12:16:00,2098.95,2098.95,2098.95,2098.95,25,0,2098.95,1974.45,2369.8
11462,2021-03-31 12:17:00,2098.95,2098.95,2098.95,2098.95,25,0,2098.95,1974.45,2369.8
11463,2021-03-31 12:18:00,2098.95,2098.95,2098.95,2098.95,25,0,2098.95,1974.45,2369.8
11464,2021-03-31 12:19:00,2098.95,2098.95,2098.95,2098.95,25,0,2098.95,1974.45,2369.8
11465,2021-03-31 12:20:00,2098.95,2098.95,2098.95,2098.95,25,0,2098.95,1974.45,2369.8
11466,2021-03-31 12:21:00,2098.95,2098.95,2098.95,2098.95,25,0,2098.95,1974.45,2369.8
11467,2021-03-31 12:22:00,2098.95,2098.95,2098.95,2098.95,25,0,2098.95,1974.45,2369.8
11468,2021-03-31 12:23:00,2098.95,2098.95,2098.95,2098.95,25,0,2098.95,1974.45,2369.8
11469,2021-03-31 12:24:00,2098.95,2098.95,2098.95,2098.95,25,0,2098.95,1974.45,2369.8
11470,2021-03-31 12:25:00,2098.95,2098.95,2098.95,2098.95,25,0,2098.95,1974.45,2369.8
11471,2021-03-31 12:26:00,2098.95,2098.95,2098.95,2098.95,25,0,2098.95,1974.45,2369.8
11472,2021-03-31 12:27:00,2098.95,2098.95,2098.95,2098.95,25,0,2098.95,1974.45,2369.8
11473,2021-03-31 12:28:00,2098.95,2098.95,2098.95,2098.95,25,0,2098.95,1974.45,2369.8
11474,2021-03-31 12:29:00,2098.95,2098.95,2098.95,2098.95,25,0,2098.95,1974.45,2369.8
11475,2021-03-31 12:30:00,2098.95,2098.95,2098.95,2098.95,25,0,2098.95,1974.45,2369.8
11476,2021-03-31 12:31:00,2098.95,2098.95,2098.95,2098.95,25,0,2098.95,1974.45,2369.8
11477,2021-03-31 12:32:00,2098.95,2098.95,2098.95,2098.95,25,0,2098.95,1974.45,2369.8
11478,2021-03-31 12:33:00,2098.95,2098.95,2098.95,2098.95,25,0,2098.95,1974.45,2369.8
11479,2021-03-31 12:34:00,2098.95,2098.95,2098.95,2098.95,25,0,2098.95,1974.45,2369.8
11480,2021-03-31 12:35:00,2098.95,2098.95,2098.95,2098.95,25,0,2098.95,1974.45,2369.8
11481,2021-03-31 12:36:00,2098.95,2098.95,2098.95,2098.95,25,0,2098.95,1974.45,2369.8
11482,2021-03-31 12:37:00,2098.95,2098.95,2098.95,2098.95,25,0,2098.95,1974.45,2369.8
11483,2021-03-31 12:38:00,2098.95,2098.95,2098.95,2098.95,25,0,2098.95,1974.45,2369.8
11484,2021-03-31 12:39:00,2098.95,2098.95,2098.95,2098.95,25,0,2098.95,1974.45,2369.8
11485,2021-03-31 12:40:00,2098.95,2098.95,2098.95,2098.95,25,0,2098.95,1974.45,2369.8
11486,2021-03-31 12:41:00,2098.95,2098.95,2098.95,2098.95,25,0,2098.95,1974.45,2369.8
11487,2021-03-31 12:42:00,2098.95,2098.95,2098.95,2098.95,25,0,2098.95,1974.45,2369.8
11488,2021-03-31 12:43:00,2098.95,2098.95,2098.95,2098.95,25,0,2098.95,1974.45,2369.8
11489,2021-03-31 12:44:00,2098.95,2098.95,2098.95,2098.95,25,0,2098.95,1974.45,2369.8
11490,2021-03-31 12:45:00,2098.95,2098.95,2098.95,2098.95,25,0,2098.95,1974.45,2369.8
11491,2021-03-31 12:46:00,2098.95,2098.95,2098.95,2098.95,25,0,2098.95,1974.45,2369.8
11492,2021-03-31 12:47:00,2098.95,2098.95,2098.95,2098.95,25,0,2098.95,1974.45,2369.8
11493,2021-03-31 12:48:00,2098.95,2098.95,2098.95,2098.95,25,0,2098.95,1974.45,2369.8
11494,2021-03-31 12:49:00,2098.95,2098.95,2098.95,2098.95,25,0,2098.95,1974.45,2369.8
11495,2021-03-31 12:50:00,2098.95,2098.95,2098.95,2098.95,25,0,2098.95,1974.45,2369.8
11496,2021-03-31 12:51:00,2098.95,2098.95,2098.95,2098.95,25,0,2098.95,1974.45,2369.8
11497,2021-03-31 12:52:00,2098.95,2098.95,2098.95,2098.95,25,0,2098.95,1974.45,2369.8
11498,2021-03-31 12:53:00,2098.95,2098.95,2098.95,2098.95,25,0,2098.95,1974.45,2369.8
11499,2021-03-31 12:54:00,2098.95,2098.95,2098.95,2098.95,25,0,2098.95,1974.45,2369.8
11500,2021-03-31 12:55:00,2098.95,2098.95,2098.95,2098.95,25,0,2098.95,1974.45,2369.8
11501,2021-03-31 12:56:00,2098.95,2098.95,2098.95,2098.95,25,0,2098.95,1974.45,2369.8
11502,2021-03-31 12:57:00,2098.95,2098.95,2098.95,2098.95,25,0,2098.95,1974.45,2369.8
11503,2021-03-31 12:58:00,2098.95,2098.95,2098.95,2098.95,25,0,2098.95,1974.45,2369.8
11504,2021-03-31 12:59:00,2098.95,2098.95,2098.95,2098.95,25,0,2098.95,1974.45,2369.8
11505,2021-03-31 13:00:00,2098.95,2098.95,2098.95,2098.95,25,0,2098.95,1974.45,2369.8
11506,2021-03-31 13:01:00,2098.95,2098.95,2098.95,2098.95,25,0,2098.95,1974.45,2369.8
11507,2021-03-31 13:02:00,2098.95,2098.95,2098.95,2098.95,25,0,2098.95,1974.45,2369.8
11508,2021-03-31 13:03:00,2098.95,2098.95,2098.95,2098.95,25,0,2098.95,1974.45,2369.8
11509,2021-03-31 13:04:00,2098.95,2098.95,2098.95,2098.95,25,0,2098.95,1974.45,2369.8
11510,2021-03-31 13:05:00,2098.95,2098.95,2098.95,2098.95,25,0,2098.95,1974.45,2369.8
11511,2021-03-31 13:06:00,2098.95,2098.95,2098.95,2098.95,25,0,2098.95,1974.45,2369.8
11512,2021-03-31 13:07:00,2098.95,2098.95,2098.95,2098.95,25,0,2098.95,1974.45,2369.8
11513,2021-03-31 13:08:00,2098.95,2098.95,2098.95,2098.95,25,0,2098.95,1974.45,2369.8
11514,2021-03-31 13:09:00,2098.95,2098.95,2098.95,2098.95,25,0,2098.95,1974.45,2369.8
11515,2021-03-31 13:10:00,2098.95,2098.95,2098.95,2098.95,25,0,2098.95,1974.45,2369.8
11516,2021-03-31 13:11:00,2098.95,2098.95,2098.95,2098.95,25,0,2098.95,1974.45,2369.8
11517,2021-03-31 13:12:00,2098.95,2098.95,2098.95,2098.95,25,0,2098.95,1974.45,2369.8
11518,2021-03-31 13:13:00,2098.95,2098.95,2098.95,2098.95,25,0,2098.95,1974.45,2369.8
11519,2021-03-31 13:14:00,2098.95,2098.95,2098.95,2098.95,25,0,2098.95,1974.45,2369.8
11520,2021-03-31 13:15:00,2098.95,2098.95,2098.95,2098.95,25,0,2098.95,1974.45,2369.8
11521,2021-03-31 13:16:00,2098.95,2098.95,2098.95,2098.95,25,0,2098.95,1974.45,2369.8
11522,2021-03-31 13:17:00,2098.95,2098.95,2098.95,2098.95,25,0,2098.95,1974.45,2369.8
11523,2021-03-31 13:18:00,2098.95,2098.95,2098.95,2098.95,25,0,2098.95,1974.45,2369.8
11524,2021-03-31 13:19:00,2098.95,2098.95,2098.95,2098.95,25,0,2098.95,1974.45,2369.8
11525,2021-03-31 13:20:00,2098.95,2098.95,2098.95,2098.95,25,0,2098.95,1974.45,2369.8
11526,2021-03-31 13:21:00,2098.95,2098.95,2098.95,2098.95,25,0,2098.95,1974.45,2369.8
11527,2021-03-31 13:22:00,2098.95,2098.95,2098.95,2098.95,25,0,2098.95,1974.45,2369.8
11528,2021-03-31 13:23:00,2098.95,2098.95,2098.95,2098.95,25,0,2098.95,1974.45,2369.8
11529,2021-03-31 13:24:00,2098.95,2098.95,2098.95,2098.95,25,0,2098.95,1974.45,2369.8
11530,2021-03-31 13:25:00,2098.95,2098.95,2098.95,2098.95,25,0,2098.95,1974.45,2369.8
11531,2021-03-31 13:26:00,2098.95,2098.95,2098.95,2098.95,25,0,2098.95,1974.45,2369.8
11532,2021-03-31 13:27:00,2098.95,2098.95,2098.95,2098.95,25,0,2098.95,1974.45,2369.8
11533,2021-03-31 13:28:00,2098.95,2098.95,2098.95,2098.95,25,0,2098.95,1974.45,2369.8
11534,2021-03-31 13:29:00,2098.95,2098.95,2098.95,2098.95,25,0,2098.95,1974.45,2369.8
11535,2021-03-31 13:30:00,2098.95,2098.95,2098.95,2098.95,25,0,2098.95,1974.45,2369.8
11536,2021-03-31 13:31:00,2098.95,2098.95,2098.95,2098.95,25,0,2098.95,1974.45,2369.8
11537,2021-03-31 13:32:00,2098.95,2098.95,2098.95,2098.95,25,0,2098.95,1974.45,2369.8
11538,2021-03-31 13:33:00,2098.95,2098.95,2098.95,2098.95,25,0,2098.95,1974.45,2369.8
11539,2021-03-31 13:34:00,2098.95,2098.95,2098.95,2098.95,25,0,2098.95,1974.45,2369.8
11540,2021-03-31 13:35:00,2098.95,2098.95,2098.95,2098.95,25,0,2098.95,1974.45,2369.8
11541,2021-03-31 13:36:00,2098.95,2098.95,2098.95,2098.95,25,0,2098.95,1974.45,2369.8
11542,2021-03-31 13:37:00,2098.95,2098.95,2098.95,2098.95,25,0,2098.95,1974.45,2369.8
11543,2021-03-31 13:38:00,2098.95,2098.95,2098.95,2098.95,25,0,2098.95,1974.45,2369.8
11544,2021-03-31 13:39:00,2098.95,2098.95,2098.95,2098.95,25,0,2098.95,1974.45,2369.8
11545,2021-03-31 13:40:00,2098.95,2098.95,2098.95,2098.95,25,0,2098.95,1974.45,2369.8
11546,2021-03-31 13:41:00,2098.95,2098.95,2098.95,2098.95,25,0,2098.95,1974.45,2369.8
11547,2021-03-31 13:42:00,2098.95,2098.95,2098.95,2098.95,25,0,2098.95,1974.45,2369.8
11548,2021-03-31 13:43:00,2098.95,2098.95,2098.95,2098.95,25,0,2098.95,1974.45,2369.8
11549,2021-03-31 13:44:00,2098.95,2098.95,2098.95,2098.95,25,0,2098.95,1974.45,2369.8
11550,2021-03-31 13:45:00,2098.95,2098.95,2098.95,2098.95,25,0,2098.95,1974.45,2369.8
11551,2021-03-31 13:46:00,2098.95,2098.95,2098.95,2098.95,25,0,2098.95,1974.45,2369.8
11552,2021-03-31 13:47:00,2098.95,2098.95,2098.95,2098.95,25,0,2098.95,1974.45,2369.8
11553,2021-03-31 13:48:00,2098.95,2098.95,2098.95,2098.95,25,0,2098.95,1974.45,2369.8
11554,2021-03-31 13:49:00,2098.95,2098.95,2098.95,2098.95,25,0,2098.95,1974.45,2369.8
11555,2021-03-31 13:50:00,2098.95,2098.95,2098.95,2098.95,25,0,2098.95,1974.45,2369.8
11556,2021-03-31 13:51:00,2098.95,2098.95,2098.95,2098.95,25,0,2098.95,1974.45,2369.8
11557,2021-03-31 13:52:00,2098.95,2098.95,2098.95,2098.95,25,0,2098.95,1974.45,2369.8
11558,2021-03-31 13:53:00,2098.95,2098.95,2098.95,2098.95,25,0,2098.95,1974.45,2369.8
11559,2021-03-31 13:54:00,2098.95,2098.95,2098.95,2098.95,25,0,2098.95,1974.45,2369.8
11560,2021-03-31 13:55:00,2098.95,2098.95,2098.95,2098.95,25,0,2098.95,1974.45,2369.8
11561,2021-03-31 13:56:00,2098.95,2098.95,2098.95,2098.95,25,0,2098.95,1974.45,2369.8
11562,2021-03-31 13:57:00,2098.95,2098.95,2098.95,2098.95,25,0,2098.95,1974.45,2369.8
11563,2021-03-31 13:58:00,2098.95,2098.95,2098.95,2098.95,25,0,2098.95,1974.45,2369.8
11564,2021-03-31 13:59:00,2098.95,2098.95,2098.95,2098.95,25,0,2098.95,1974.45,2369.8
11565,2021-03-31 14:00:00,2098.95,2098.95,2098.95,2098.95,25,0,2098.95,1974.45,2369.8
11566,2021-03-31 14:01:00,2098.95,2098.95,2098.95,2098.95,25,0,2098.95,1974.45,2369.8
11567,2021-03-31 14:02:00,2098.95,2098.95,2098.95,2098.95,25,0,2098.95,1974.45,2369.8
11568,2021-03-31 14:03:00,2098.95,2098.95,2098.95,2098.95,25,0,2098.95,1974.45,2369.8
11569,2021-03-31 14:04:00,2098.95,2098.95,2098.95,2098.95,25,0,2098.95,1974.45,2369.8
11570,2021-03-31 14:05:00,2098.95,2098.95,2098.95,2098.95,25,0,2098.95,1974.45,2369.8
11571,2021-03-31 14:06:00,2098.95,2098.95,2098.95,2098.95,25,0,2098.95,1974.45,2369.8
11572,2021-03-31 14:07:00,2098.95,2098.95,2098.95,2098.95,25,0,2098.95,1974.45,2369.8
11573,2021-03-31 14:08:00,2098.95,2098.95,2098.95,2098.95,25,0,2098.95,1974.45,2369.8
11574,2021-03-31 14:09:00,2098.95,2098.95,2098.95,2098.95,25,0,2098.95,1974.45,2369.8
11575,2021-03-31 14:10:00,2098.95,2098.95,2098.95,2098.95,25,0,2098.95,1974.45,2369.8
11576,2021-03-31 14:11:00,2098.95,2098.95,2098.95,2098.95,25,0,2098.95,1974.45,2369.8
11577,2021-03-31 14:12:00,2098.95,2098.95,2098.95,2098.95,25,0,2098.95,1974.45,2369.8
11578,2021-03-31 14:13:00,2098.95,2098.95,2098.95,2098.95,25,0,2098.95,1974.45,2369.8
11579,2021-03-31 14:14:00,2098.95,2098.95,2098.95,2098.95,25,0,2098.95,1974.45,2369.8
11580,2021-03-31 14:15:00,2098.95,2098.95,2098.95,2098.95,25,0,2098.95,1974.45,2369.8
11581,2021-03-31 14:16:00,2098.95,2098.95,2098.95,2098.95,25,0,2098.95,1974.45,2369.8
11582,2021-03-31 14:17:00,2098.95,2098.95,2098.95,2098.95,25,0,2098.95,1974.45,2369.8
11583,2021-03-31 14:18:00,2098.95,2098.95,2098.95,2098.95,25,0,2098.95,1974.45,2369.8
11584,2021-03-31 14:19:00,2098.95,2098.95,2098.95,2098.95,25,0,2098.95,1974.45,2369.8
11585,2021-03-31 14:20:00,2098.95,2098.95,2098.95,2098.95,25,0,2098.95,1974.45,2369.8
11586,2021-03-31 14:21:00,2098.95,2098.95,2098.95,2098.95,25,0,2098.95,1974.45,2369.8
11587,2021-03-31 14:22:00,2098.95,2098.95,2098.95,2098.95,25,0,2098.95,1974.45,2369.8
11588,2021-03-31 14:23:00,2098.95,2098.95,2098.95,2098.95,25,0,2098.95,1974.45,2369.8
11589,2021-03-31 14:24:00,2098.95,2098.95,2098.95,2098.95,25,0,2098.95,1974.45,2369.8
11590,2021-03-31 14:25:00,2098.95,2098.95,2098.95,2098.95,25,0,2098.95,1974.45,2369.8
11591,2021-03-31 14:26:00,2098.95,2098.95,2098.95,2098.95,25,0,2098.95,1974.45,2369.8
11592,2021-03-31 14:27:00,2098.95,2098.95,2098.95,2098.95,25,0,2098.95,1974.45,2369.8
11593,2021-03-31 14:28:00,2098.95,2098.95,2098.95,2098.95,25,0,2098.95,1974.45,2369.8
11594,2021-03-31 14:29:00,2098.95,2098.95,2098.95,2098.95,25,0,2098.95,1974.45,2369.8
11595,2021-03-31 14:30:00,2098.95,2098.95,2098.95,2098.95,25,0,2098.95,1974.45,2369.8
11596,2021-03-31 14:31:00,2098.95,2098.95,2098.95,2098.95,25,0,2098.95,1974.45,2369.8
11597,2021-03-31 14:32:00,2098.95,2098.95,2098.95,2098.95,25,0,2098.95,1974.45,2369.8
11598,2021-03-31 14:33:00,2098.95,2098.95,2098.95,2098.95,25,0,2098.95,1974.45,2369.8
11599,2021-03-31 14:34:00,2098.95,2098.95,2098.95,2098.95,25,0,2098.95,1974.45,2369.8
11600,2021-03-31 14:35:00,2098.95,2098.95,2098.95,2098.95,25,0,2098.95,1974.45,2369.8
11601,2021-03-31 14:36:00,2098.95,2098.95,2098.95,2098.95,25,0,2098.95,1974.45,2369.8
11602,2021-03-31 14:37:00,2098.95,2098.95,2098.95,2098.95,25,0,2098.95,1974.45,2369.8
11603,2021-03-31 14:38:00,2098.95,2098.95,2098.95,2098.95,25,0,2098.95,1974.45,2369.8
11604,2021-03-31 14:39:00,2098.95,2098.95,2098.95,2098.95,25,0,2098.95,1974.45,2369.8
11605,2021-03-31 14:40:00,2098.95,2098.95,2098.95,2098.95,25,0,2098.95,1974.45,2369.8
11606,2021-03-31 14:41:00,2098.95,2098.95,2098.95,2098.95,25,0,2098.95,1974.45,2369.8
11607,2021-03-31 14:42:00,2098.95,2098.95,2098.95,2098.95,25,0,2098.95,1974.45,2369.8
11608,2021-03-31 14:43:00,2098.95,2098.95,2098.95,2098.95,25,0,2098.95,1974.45,2369.8
11609,2021-03-31 14:44:00,2098.95,2098.95,2098.95,2098.95,25,0,2098.95,1974.45,2369.8
11610,2021-03-31 14:45:00,2098.95,2098.95,2098.95,2098.95,25,0,2098.95,1974.45,2369.8
11611,2021-03-31 14:46:00,2098.95,2098.95,2098.95,2098.95,25,0,2098.95,1974.45,2369.8
11612,2021-03-31 14:47:00,2098.95,2098.95,2098.95,2098.95,25,0,2098.95,1974.45,2369.8
11613,2021-03-31 14:48:00,2098.95,2098.95,2098.95,2098.95,25,0,2098.95,1974.45,2369.8
11614,2021-03-31 14:49:00,2098.95,2098.95,2098.95,2098.95,25,0,2098.95,1974.45,2369.8
11615,2021-03-31 14:50:00,2098.95,2098.95,2098.95,2098.95,25,0,2098.95,1974.45,2369.8
11616,2021-03-31 14:51:00,2098.95,2098.95,2098.95,2098.95,25,0,2098.95,1974.45,2369.8
11617,2021-03-31 14:52:00,2098.95,2098.95,2098.95,2098.95,25,0,2098.95,1974.45,2369.8
11618,2021-03-31 14:53:00,2098.95,2098.95,2098.95,2098.95,25,0,2098.95,1974.45,2369.8
11619,2021-03-31 14:54:00,2098.95,2098.95,2098.95,2098.95,25,0,2098.95,1974.45,2369.8
11620,2021-03-31 14:55:00,2098.95,2098.95,2098.95,2098.95,25,0,2098.95,1974.45,2369.8
11621,2021-03-31 14:56:00,2098.95,2098.95,2098.95,2098.95,25,0,2098.95,1974.45,2369.8
11622,2021-03-31 14:57:00,2098.95,2098.95,2098.95,2098.95,25,0,2098.95,1974.45,2369.8
11623,2021-03-31 14:58:00,2098.95,2098.95,2098.95,2098.95,25,0,2098.95,1974.45,2369.8
11624,2021-03-31 14:59:00,2098.95,2098.95,2098.95,2098.95,25,0,2098.95,1974.45,2369.8
11625,2021-03-31 15:00:00,2098.95,2098.95,2098.95,2098.95,25,0,2098.95,1974.45,2369.8
11626,2021-03-31 15:01:00,2098.95,2098.95,2098.95,2098.95,25,0,2098.95,1974.45,2369.8
11627,2021-03-31 15:02:00,2098.95,2098.95,2098.95,2098.95,25,0,2098.95,1974.45,2369.8
11628,2021-03-31 15:03:00,2098.95,2098.95,2098.95,2098.95,25,0,2098.95,1974.45,2369.8
11629,2021-03-31 15:04:00,2098.95,2098.95,2098.95,2098.95,25,0,2098.95,1974.45,2369.8
11630,2021-03-31 15:05:00,2098.95,2098.95,2098.95,2098.95,25,0,2098.95,1974.45,2369.8
11631,2021-03-31 15:06:00,2098.95,2098.95,2098.95,2098.95,25,0,2098.95,1974.45,2369.8
11632,2021-03-31 15:07:00,2098.95,2098.95,2098.95,2098.95,25,0,2098.95,1974.45,2369.8
11633,2021-03-31 15:08:00,2098.95,2098.95,2098.95,2098.95,25,0,2098.95,1974.45,2369.8
11634,2021-03-31 15:09:00,2098.95,2098.95,2098.95,2098.95,25,0,2098.95,1974.45,2369.8
11635,2021-03-31 15:10:00,2098.95,2098.95,2098.95,2098.95,25,0,2098.95,1974.45,2369.8
11636,2021-03-31 15:11:00,2098.95,2098.95,2098.95,2098.95,25,0,2098.95,1974.45,2369.8
11637,2021-03-31 15:12:00,2098.95,2098.95,2098.95,2098.95,25,0,2098.95,1974.45,2369.8
11638,2021-03-31 15:13:00,2098.95,2098.95,2098.95,2098.95,25,0,2098.95,1974.45,2369.8
11639,2021-03-31 15:14:00,2098.95,2098.95,2098.95,2098.95,25,0,2098.95,1974.45,2369.8
11640,2021-03-31 15:15:00,2098.95,2098.95,2098.95,2098.95,25,0,2098.95,1974.45,2369.8
11641,2021-03-31 15:16:00,2098.95,2098.95,2098.95,2098.95,25,0,2098.95,1974.45,2369.8
11642,2021-03-31 15:17:00,2098.95,2098.95,2098.95,2098.95,25,0,2098.95,1974.45,2369.8
11643,2021-03-31 15:18:00,2098.95,2098.95,2098.95,2098.95,25,0,2098.95,1974.45,2369.8
11644,2021-03-31 15:19:00,2098.95,2098.95,2098.95,2098.95,25,0,2098.95,1974.45,2369.8
11645,2021-03-31 15:20:00,2098.95,2098.95,2098.95,2098.95,25,0,2098.95,1974.45,2369.8
11646,2021-03-31 15:21:00,2098.95,2098.95,2098.95,2098.95,25,0,2098.95,1974.45,2369.8
11647,2021-03-31 15:22:00,2098.95,2098.95,2098.95,2098.95,25,0,2098.95,1974.45,2369.8
11648,2021-03-31 15:23:00,2098.95,2098.95,2098.95,2098.95,25,0,2098.95,1974.45,2369.8
11649,2021-03-31 15:24:00,2098.95,2098.95,2098.95,2098.95,25,0,2098.95,1974.45,2369.8
11650,2021-03-31 15:25:00,2098.95,2098.95,2098.95,2098.95,25,0,2098.95,1974.45,2369.8
11651,2021-03-31 15:26:00,2098.95,2098.95,2098.95,2098.95,25,0,2098.95,1974.45,2369.8
11652,2021-03-31 15:27:00,2098.95,2098.95,2098.95,2098.95,25,0,2098.95,1974.45,2369.8
11653,2021-03-31 15:28:00,2098.95,2098.95,2098.95,2098.95,25,0,2098.95,1974.45,2369.8
11654,2021-03-31 15:29:00,2098.95,2098.95,2098.95,2098.95,25,0,2098.95,1974.45,2369.8
11655,2021-03-31 15:30:00,2098.95,2098.95,2098.95,2098.95,25,0,2098.95,1974.45,2369.8
11656,2021-04-01 09:15:00,2098.95,2098.95,2098.95,2098.95,25,0,2098.95,1974.45,2369.8
11657,2021-04-01 09:16:00,2098.95,2098.95,2098.95,2098.95,25,0,2098.95,1974.45,2369.8
11658,2021-04-01 09:17:00,2098.95,2098.95,2098.95,2098.95,25,0,2098.95,1974.45,2369.8
11659,2021-04-01 09:18:00,2098.95,2098.95,2098.95,2098.95,25,0,2098.95,1974.45,2369.8
11660,2021-04-01 09:19:00,2098.95,2098.95,2098.95,2098.95,25,0,2098.95,1974.45,2369.8
11661,2021-04-01 09:20:00,2098.95,2098.95,2098.95,2098.95,25,0,2098.95,1974.45,2369.8
11662,2021-04-01 09:21:00,2098.95,2098.95,2098.95,2098.95,25,0,2098.95,1974.45,2369.8
11663,2021-04-01 09:22:00,2098.95,2098.95,2098.95,2098.95,25,0,2098.95,1974.45,2369.8
11664,2021-04-01 09:23:00,2098.95,2098.95,2098.95,2098.95,25,0,2098.95,1974.45,2369.8
11665,2021-04-01 09:24:00,2098.95,2098.95,2098.95,2098.95,25,0,2098.95,1974.45,2369.8
11666,2021-04-01 09:25:00,2098.95,2098.95,2098.95,2098.95,25,0,2098.95,1974.45,2369.8
11667,2021-04-01 09:26:00,2098.95,2098.95,2098.95,2098.95,25,0,2098.95,1974.45,2369.8
11668,2021-04-01 09:27:00,2098.95,2098.95,2098.95,2098.95,25,0,2098.95,1974.45,2369.8
11669,2021-04-01 09:28:00,2098.95,2098.95,2098.95,2098.95,25,0,2098.95,1974.45,2369.8
11670,2021-04-01 09:29:00,2098.95,2098.95,2098.95,2098.95,25,0,2098.95,1974.45,2369.8
11671,2021-04-01 09:30:00,2098.95,2098.95,2098.95,2098.95,25,0,2098.95,1974.45,2369.8
11672,2021-04-01 09:31:00,2098.95,2098.95,2098.95,2098.95,25,0,2098.95,1974.45,2369.8
11673,2021-04-01 09:32:00,2098.95,2098.95,2098.95,2098.95,25,0,2098.95,1974.45,2369.8
11674,2021-04-01 09:33:00,2098.95,2098.95,2098.95,2098.95,25,0,2098.95,1974.45,2369.8
11675,2021-04-01 09:34:00,2098.95,2098.95,2098.95,2098.95,25,0,2098.95,1974.45,2369.8
11676,2021-04-01 09:35:00,2098.95,2098.95,2098.95,2098.95,25,0,2098.95,1974.45,2369.8
11677,2021-04-01 09:36:00,2098.95,2098.95,2098.95,2098.95,25,0,2098.95,1974.45,2369.8
11678,2021-04-01 09:37:00,2098.95,2098.95,2098.95,2098.95,25,0,2098.95,1974.45,2369.8
11679,2021-04-01 09:38:00,2098.95,2098.95,2098.95,2098.95,25,0,2098.95,1974.45,2369.8
11680,2021-04-01 09:39:00,2098.95,2098.95,2098.95,2098.95,25,0,2098.95,1974.45,2369.8
11681,2021-04-01 09:40:00,2098.95,2098.95,2098.95,2098.95,25,0,2098.95,1974.45,2369.8
11682,2021-04-01 09:41:00,2098.95,2098.95,2098.95,2098.95,25,0,2098.95,1974.45,2369.8
11683,2021-04-01 09:42:00,2098.95,2098.95,2098.95,2098.95,25,0,2098.95,1974.45,2369.8
11684,2021-04-01 09:43:00,2098.95,2098.95,2098.95,2098.95,25,0,2098.95,1974.45,2369.8
11685,2021-04-01 09:44:00,2098.95,2098.95,2098.95,2098.95,25,0,2098.95,1974.45,2369.8
11686,2021-04-01 09:45:00,2098.95,2098.95,2098.95,2098.95,25,0,2098.95,1974.45,2369.8
11687,2021-04-01 09:46:00,2098.95,2098.95,2098.95,2098.95,25,0,2098.95,1974.45,2369.8
11688,2021-04-01 09:47:00,2098.95,2098.95,2098.95,2098.95,25,0,2098.95,1974.45,2369.8
11689,2021-04-01 09:48:00,2098.95,2098.95,2098.95,2098.95,25,0,2098.95,1974.45,2369.8
11690,2021-04-01 09:49:00,2098.95,2098.95,2098.95,2098.95,25,0,2098.95,1974.45,2369.8
11691,2021-04-01 09:50:00,2098.95,2098.95,2098.95,2098.95,25,0,2098.95,1974.45,2369.8
11692,2021-04-01 09:51:00,2098.95,2098.95,2098.95,2098.95,25,0,2098.95,1974.45,2369.8
11693,2021-04-01 09:52:00,2098.95,2098.95,2098.95,2098.95,25,0,2098.95,1974.45,2369.8
11694,2021-04-01 09:53:00,2098.95,2098.95,2098.95,2098.95,25,0,2098.95,1974.45,2369.8
11695,2021-04-01 09:54:00,2098.95,2098.95,2098.95,2098.95,25,0,2098.95,1974.45,2369.8
11696,2021-04-01 09:55:00,2098.95,2098.95,2098.95,2098.95,25,0,2098.95,1974.45,2369.8
11697,2021-04-01 09:56:00,2098.95,2098.95,2098.95,2098.95,25,0,2098.95,1974.45,2369.8
11698,2021-04-01 09:57:00,2098.95,2098.95,2098.95,2098.95,25,0,2098.95,1974.45,2369.8
11699,2021-04-01 09:58:00,2098.95,2098.95,2098.95,2098.95,25,0,2098.95,1974.45,2369.8
11700,2021-04-01 09:59:00,2098.95,2098.95,2098.95,2098.95,25,0,2098.95,1974.45,2369.8
11701,2021-04-01 10:00:00,2098.95,2098.95,2098.95,2098.95,25,0,2098.95,1974.45,2369.8
11702,2021-04-01 10:01:00,2098.95,2098.95,2098.95,2098.95,25,0,2098.95,1974.45,2369.8
11703,2021-04-01 10:02:00,2098.95,2098.95,2098.95,2098.95,25,0,2098.95,1974.45,2369.8
11704,2021-04-01 10:03:00,2098.95,2098.95,2098.95,2098.95,25,0,2098.95,1974.45,2369.8
11705,2021-04-01 10:04:00,2098.95,2098.95,2098.95,2098.95,25,0,2098.95,1974.45,2369.8
11706,2021-04-01 10:05:00,2098.95,2098.95,2098.95,2098.95,25,0,2098.95,1974.45,2369.8
11707,2021-04-01 10:06:00,2098.95,2098.95,2098.95,2098.95,25,0,2098.95,1974.45,2369.8
11708,2021-04-01 10:07:00,2098.95,2098.95,2098.95,2098.95,25,0,2098.95,1974.45,2369.8
11709,2021-04-01 10:08:00,2098.95,2098.95,2098.95,2098.95,25,0,2098.95,1974.45,2369.8
11710,2021-04-01 10:09:00,2098.95,2098.95,2098.95,2098.95,25,0,2098.95,1974.45,2369.8
11711,2021-04-01 10:10:00,2098.95,2098.95,2098.95,2098.95,25,0,2098.95,1974.45,2369.8
11712,2021-04-01 10:11:00,2098.95,2098.95,2098.95,2098.95,25,0,2098.95,1974.45,2369.8
11713,2021-04-01 10:12:00,2098.95,2098.95,2098.95,2098.95,25,0,2098.95,1974.45,2369.8
11714,2021-04-01 10:13:00,2098.95,2098.95,2098.95,2098.95,25,0,2098.95,1974.45,2369.8
11715,2021-04-01 10:14:00,2098.95,2098.95,2098.95,2098.95,25,0,2098.95,1974.45,2369.8
11716,2021-04-01 10:15:00,2098.95,2098.95,2098.95,2098.95,25,0,2098.95,1974.45,2369.8
11717,2021-04-01 10:16:00,2098.95,2098.95,2098.95,2098.95,25,0,2098.95,1974.45,2369.8
11718,2021-04-01 10:17:00,2098.95,2098.95,2098.95,2098.95,25,0,2098.95,1974.45,2369.8
11719,2021-04-01 10:18:00,2098.95,2098.95,2098.95,2098.95,25,0,2098.95,1974.45,2369.8
11720,2021-04-01 10:19:00,2098.95,2098.95,2098.95,2098.95,25,0,2098.95,1974.45,2369.8
11721,2021-04-01 10:20:00,2098.95,2098.95,2098.95,2098.95,25,0,2098.95,1974.45,2369.8
11722,2021-04-01 10:21:00,2098.95,2098.95,2098.95,2098.95,25,0,2098.95,1974.45,2369.8
11723,2021-04-01 10:22:00,2098.95,2098.95,2098.95,2098.95,25,0,2098.95,1974.45,2369.8
11724,2021-04-01 10:23:00,2098.95,2098.95,2098.95,2098.95,25,0,2098.95,1974.45,2369.8
11725,2021-04-01 10:24:00,2098.95,2098.95,2098.95,2098.95,25,0,2098.95,1974.45,2369.8
11726,2021-04-01 10:25:00,2098.95,2098.95,2098.95,2098.95,25,0,2098.95,1974.45,2369.8
11727,2021-04-01 10:26:00,2098.95,2098.95,2098.95,2098.95,25,0,2098.95,1974.45,2369.8
11728,2021-04-01 10:27:00,2098.95,2098.95,2098.95,2098.95,25,0,2098.95,1974.45,2369.8
11729,2021-04-01 10:28:00,2098.95,2098.95,2098.95,2098.95,25,0,2098.95,1974.45,2369.8
11730,2021-04-01 10:29:00,2098.95,2098.95,2098.95,2098.95,25,0,2098.95,1974.45,2369.8
11731,2021-04-01 10:30:00,2098.95,2098.95,2098.95,2098.95,25,0,2098.95,1974.45,2369.8
11732,2021-04-01 10:31:00,2098.95,2098.95,2098.95,2098.95,25,0,2098.95,1974.45,2369.8
11733,2021-04-01 10:32:00,2098.95,2098.95,2098.95,2098.95,25,0,2098.95,1974.45,2369.8
11734,2021-04-01 10:33:00,2098.95,2098.95,2098.95,2098.95,25,0,2098.95,1974.45,2369.8
11735,2021-04-01 10:34:00,2098.95,2098.95,2098.95,2098.95,25,0,2098.95,1974.45,2369.8
11736,2021-04-01 10:35:00,2098.95,2098.95,2098.95,2098.95,25,0,2098.95,1974.45,2369.8
11737,2021-04-01 10:36:00,2098.95,2098.95,2098.95,2098.95,25,0,2098.95,1974.45,2369.8
11738,2021-04-01 10:37:00,2098.95,2098.95,2098.95,2098.95,25,0,2098.95,1974.45,2369.8
11739,2021-04-01 10:38:00,2098.95,2098.95,2098.95,2098.95,25,0,2098.95,1974.45,2369.8
11740,2021-04-01 10:39:00,2098.95,2098.95,2098.95,2098.95,25,0,2098.95,1974.45,2369.8
11741,2021-04-01 10:40:00,2098.95,2098.95,2098.95,2098.95,25,0,2098.95,1974.45,2369.8
11742,2021-04-01 10:41:00,2098.95,2098.95,2098.95,2098.95,25,0,2098.95,1974.45,2369.8
11743,2021-04-01 10:42:00,2098.95,2098.95,2098.95,2098.95,25,0,2098.95,1974.45,2369.8
11744,2021-04-01 10:43:00,2098.95,2098.95,2098.95,2098.95,25,0,2098.95,1974.45,2369.8
11745,2021-04-01 10:44:00,2098.95,2098.95,2098.95,2098.95,25,0,2098.95,1974.45,2369.8
11746,2021-04-01 10:45:00,2098.95,2098.95,2098.95,2098.95,25,0,2098.95,1974.45,2369.8
11747,2021-04-01 10:46:00,2098.95,2098.95,2098.95,2098.95,25,0,2098.95,1974.45,2369.8
11748,2021-04-01 10:47:00,2098.95,2098.95,2098.95,2098.95,25,0,2098.95,1974.45,2369.8
11749,2021-04-01 10:48:00,2098.95,2098.95,2098.95,2098.95,25,0,2098.95,1974.45,2369.8
11750,2021-04-01 10:49:00,2098.95,2098.95,2098.95,2098.95,25,0,2098.95,1974.45,2369.8
11751,2021-04-01 10:50:00,2098.95,2098.95,2098.95,2098.95,25,0,2098.95,1974.45,2369.8
11752,2021-04-01 10:51:00,2098.95,2098.95,2098.95,2098.95,25,0,2098.95,1974.45,2369.8
11753,2021-04-01 10:52:00,2098.95,2098.95,2098.95,2098.95,25,0,2098.95,1974.45,2369.8
11754,2021-04-01 10:53:00,2098.95,2098.95,2098.95,2098.95,25,0,2098.95,1974.45,2369.8
11755,2021-04-01 10:54:00,2098.95,2098.95,2098.95,2098.95,25,0,2098.95,1974.45,2369.8
11756,2021-04-01 10:55:00,2098.95,2098.95,2098.95,2098.95,25,0,2098.95,1974.45,2369.8
11757,2021-04-01 10:56:00,2098.95,2098.95,2098.95,2098.95,25,0,2098.95,1974.45,2369.8
11758,2021-04-01 10:57:00,2098.95,2098.95,2098.95,2098.95,25,0,2098.95,1974.45,2369.8
11759,2021-04-01 10:58:00,2098.95,2098.95,2098.95,2098.95,25,0,2098.95,1974.45,2369.8
11760,2021-04-01 10:59:00,2098.95,2098.95,2098.95,2098.95,25,0,2098.95,1974.45,2369.8
11761,2021-04-01 11:00:00,2098.95,2098.95,2098.95,2098.95,25,0,2098.95,1974.45,2369.8
11762,2021-04-01 11:01:00,2098.95,2098.95,2098.95,2098.95,25,0,2098.95,1974.45,2369.8
11763,2021-04-01 11:02:00,2098.95,2098.95,2098.95,2098.95,25,0,2098.95,1974.45,2369.8
11764,2021-04-01 11:03:00,2098.95,2098.95,2098.95,2098.95,25,0,2098.95,1974.45,2369.8
11765,2021-04-01 11:04:00,2098.95,2098.95,2098.95,2098.95,25,0,2098.95,1974.45,2369.8
11766,2021-04-01 11:05:00,2098.95,2098.95,2098.95,2098.95,25,0,2098.95,1974.45,2369.8
11767,2021-04-01 11:06:00,2098.95,2098.95,2098.95,2098.95,25,0,2098.95,1974.45,2369.8
11768,2021-04-01 11:07:00,2098.95,2098.95,2098.95,2098.95,25,0,2098.95,1974.45,2369.8
11769,2021-04-01 11:08:00,2098.95,2098.95,2098.95,2098.95,25,0,2098.95,1974.45,2369.8
11770,2021-04-01 11:09:00,2098.95,2098.95,2098.95,2098.95,25,0,2098.95,1974.45,2369.8
11771,2021-04-01 11:10:00,2098.95,2098.95,2098.95,2098.95,25,0,2098.95,1974.45,2369.8
11772,2021-04-01 11:11:00,2098.95,2098.95,2098.95,2098.95,25,0,2098.95,1974.45,2369.8
11773,2021-04-01 11:12:00,2098.95,2098.95,2098.95,2098.95,25,0,2098.95,1974.45,2369.8
11774,2021-04-01 11:13:00,2098.95,2098.95,2098.95,2098.95,25,0,2098.95,1974.45,2369.8
11775,2021-04-01 11:14:00,2098.95,2098.95,2098.95,2098.95,25,0,2098.95,1974.45,2369.8
11776,2021-04-01 11:15:00,2098.95,2098.95,2098.95,2098.95,25,0,2098.95,1974.45,2369.8
11777,2021-04-01 11:16:00,2098.95,2098.95,2098.95,2098.95,25,0,2098.95,1974.45,2369.8
11778,2021-04-01 11:17:00,2098.95,2098.95,2098.95,2098.95,25,0,2098.95,1974.45,2369.8
11779,2021-04-01 11:18:00,2098.95,2098.95,2098.95,2098.95,25,0,2098.95,1974.45,2369.8
11780,2021-04-01 11:19:00,2098.95,2098.95,2098.95,2098.95,25,0,2098.95,1974.45,2369.8
11781,2021-04-01 11:20:00,2098.95,2098.95,2098.95,2098.95,25,0,2098.95,1974.45,2369.8
11782,2021-04-01 11:21:00,2098.95,2098.95,2098.95,2098.95,25,0,2098.95,1974.45,2369.8
11783,2021-04-01 11:22:00,2098.95,2098.95,2098.95,2098.95,25,0,2098.95,1974.45,2369.8
11784,2021-04-01 11:23:00,2098.95,2098.95,2098.95,2098.95,25,0,2098.95,1974.45,2369.8
11785,2021-04-01 11:24:00,2098.95,2098.95,2098.95,2098.95,25,0,2098.95,1974.45,2369.8
11786,2021-04-01 11:25:00,2098.95,2098.95,2098.95,2098.95,25,0,2098.95,1974.45,2369.8
11787,2021-04-01 11:26:00,2098.95,2098.95,2098.95,2098.95,25,0,2098.95,1974.45,2369.8
11788,2021-04-01 11:27:00,2098.95,2098.95,2098.95,2098.95,25,0,2098.95,1974.45,2369.8
11789,2021-04-01 11:28:00,2098.95,2098.95,2098.95,2098.95,25,0,2098.95,1974.45,2369.8
11790,2021-04-01 11:29:00,2098.95,2098.95,2098.95,2098.95,25,0,2098.95,1974.45,2369.8
11791,2021-04-01 11:30:00,2098.95,2098.95,2098.95,2098.95,25,0,2098.95,1974.45,2369.8
11792,2021-04-01 11:31:00,2098.95,2098.95,2098.95,2098.95,25,0,2098.95,1974.45,2369.8
11793,2021-04-01 11:32:00,2098.95,2098.95,2098.95,2098.95,25,0,2098.95,1974.45,2369.8
11794,2021-04-01 11:33:00,2098.95,2098.95,2098.95,2098.95,25,0,2098.95,1974.45,2369.8
11795,2021-04-01 11:34:00,2098.95,2098.95,2098.95,2098.95,25,0,2098.95,1974.45,2369.8
11796,2021-04-01 11:35:00,2098.95,2098.95,2098.95,2098.95,25,0,2098.95,1974.45,2369.8
11797,2021-04-01 11:36:00,2098.95,2098.95,2098.95,2098.95,25,0,2098.95,1974.45,2369.8
11798,2021-04-01 11:37:00,2098.95,2098.95,2098.95,2098.95,25,0,2098.95,1974.45,2369.8
11799,2021-04-01 11:38:00,2098.95,2098.95,2098.95,2098.95,25,0,2098.95,1974.45,2369.8
11800,2021-04-01 11:39:00,2098.95,2098.95,2098.95,2098.95,25,0,2098.95,1974.45,2369.8
11801,2021-04-01 11:40:00,2098.95,2098.95,2098.95,2098.95,25,0,2098.95,1974.45,2369.8
11802,2021-04-01 11:41:00,2098.95,2098.95,2098.95,2098.95,25,0,2098.95,1974.45,2369.8
11803,2021-04-01 11:42:00,2098.95,2098.95,2098.95,2098.95,25,0,2098.95,1974.45,2369.8
11804,2021-04-01 11:43:00,2098.95,2098.95,2098.95,2098.95,25,0,2098.95,1974.45,2369.8
11805,2021-04-01 11:44:00,2098.95,2098.95,2098.95,2098.95,25,0,2098.95,1974.45,2369.8
11806,2021-04-01 11:45:00,2098.95,2098.95,2098.95,2098.95,25,0,2098.95,1974.45,2369.8
11807,2021-04-01 11:46:00,2098.95,2098.95,2098.95,2098.95,25,0,2098.95,1974.45,2369.8
11808,2021-04-01 11:47:00,2098.95,2098.95,2098.95,2098.95,25,0,2098.95,1974.45,2369.8
11809,2021-04-01 11:48:00,2098.95,2098.95,2098.95,2098.95,25,0,2098.95,1974.45,2369.8
11810,2021-04-01 11:49:00,2098.95,2098.95,2098.95,2098.95,25,0,2098.95,1974.45,2369.8
11811,2021-04-01 11:50:00,2098.95,2098.95,2098.95,2098.95,25,0,2098.95,1974.45,2369.8
11812,2021-04-01 11:51:00,2098.95,2098.95,2098.95,2098.95,25,0,2098.95,1974.45,2369.8
11813,2021-04-01 11:52:00,2098.95,2098.95,2098.95,2098.95,25,0,2098.95,1974.45,2369.8
11814,2021-04-01 11:53:00,2098.95,2098.95,2098.95,2098.95,25,0,2098.95,1974.45,2369.8
11815,2021-04-01 11:54:00,2098.95,2098.95,2098.95,2098.95,25,0,2098.95,1974.45,2369.8
11816,2021-04-01 11:55:00,2098.95,2098.95,2098.95,2098.95,25,0,2098.95,1974.45,2369.8
11817,2021-04-01 11:56:00,2098.95,2098.95,2098.95,2098.95,25,0,2098.95,1974.45,2369.8
11818,2021-04-01 11:57:00,2098.95,2098.95,2098.95,2098.95,25,0,2098.95,1974.45,2369.8
11819,2021-04-01 11:58:00,2098.95,2098.95,2098.95,2098.95,25,0,2098.95,1974.45,2369.8
11820,2021-04-01 11:59:00,2098.95,2098.95,2098.95,2098.95,25,0,2098.95,1974.45,2369.8
11821,2021-04-01 12:00:00,2098.95,2098.95,2098.95,2098.95,25,0,2098.95,1974.45,2369.8
11822,2021-04-01 12:01:00,2098.95,2098.95,2098.95,2098.95,25,0,2098.95,1974.45,2369.8
11823,2021-04-01 12:02:00,2098.95,2098.95,2098.95,2098.95,25,0,2098.95,1974.45,2369.8
11824,2021-04-01 12:03:00,2098.95,2098.95,2098.95,2098.95,25,0,2098.95,1974.45,2369.8
11825,2021-04-01 12:04:00,2098.95,2098.95,2098.95,2098.95,25,0,2098.95,1974.45,2369.8
11826,2021-04-01 12:05:00,2098.95,2098.95,2098.95,2098.95,25,0,2098.95,1974.45,2369.8
11827,2021-04-01 12:06:00,2098.95,2098.95,2098.95,2098.95,25,0,2098.95,1974.45,2369.8
11828,2021-04-01 12:07:00,2098.95,2098.95,2098.95,2098.95,25,0,2098.95,1974.45,2369.8
11829,2021-04-01 12:08:00,2098.95,2098.95,2098.95,2098.95,25,0,2098.95,1974.45,2369.8
11830,2021-04-01 12:09:00,2098.95,2098.95,2098.95,2098.95,25,0,2098.95,1974.45,2369.8
11831,2021-04-01 12:10:00,2098.95,2098.95,2098.95,2098.95,25,0,2098.95,1974.45,2369.8
11832,2021-04-01 12:11:00,2098.95,2098.95,2098.95,2098.95,25,0,2098.95,1974.45,2369.8
11833,2021-04-01 12:12:00,2098.95,2098.95,2098.95,2098.95,25,0,2098.95,1974.45,2369.8
11834,2021-04-01 12:13:00,2098.95,2098.95,2098.95,2098.95,25,0,2098.95,1974.45,2369.8
11835,2021-04-01 12:14:00,2098.95,2098.95,2098.95,2098.95,25,0,2098.95,1974.45,2369.8
11836,2021-04-01 12:15:00,2098.95,2098.95,2098.95,2098.95,25,0,2098.95,1974.45,2369.8
11837,2021-04-01 12:16:00,2098.95,2098.95,2098.95,2098.95,25,0,2098.95,1974.45,2369.8
11838,2021-04-01 12:17:00,2098.95,2098.95,2098.95,2098.95,25,0,2098.95,1974.45,2369.8
11839,2021-04-01 12:18:00,2098.95,2098.95,2098.95,2098.95,25,0,2098.95,1974.45,2369.8
11840,2021-04-01 12:19:00,2098.95,2098.95,2098.95,2098.95,25,0,2098.95,1974.45,2369.8
11841,2021-04-01 12:20:00,2098.95,2098.95,2098.95,2098.95,25,0,2098.95,1974.45,2369.8
11842,2021-04-01 12:21:00,2098.95,2098.95,2098.95,2098.95,25,0,2098.95,1974.45,2369.8
11843,2021-04-01 12:22:00,2098.95,2098.95,2098.95,2098.95,25,0,2098.95,1974.45,2369.8
11844,2021-04-01 12:23:00,2098.95,2098.95,2098.95,2098.95,25,0,2098.95,1974.45,2369.8
11845,2021-04-01 12:24:00,2098.95,2098.95,2098.95,2098.95,25,0,2098.95,1974.45,2369.8
11846,2021-04-01 12:25:00,2098.95,2098.95,2098.95,2098.95,25,0,2098.95,1974.45,2369.8
11847,2021-04-01 12:26:00,2098.95,2098.95,2098.95,2098.95,25,0,2098.95,1974.45,2369.8
11848,2021-04-01 12:27:00,2098.95,2098.95,2098.95,2098.95,25,0,2098.95,1974.45,2369.8
11849,2021-04-01 12:28:00,2098.95,2098.95,2098.95,2098.95,25,0,2098.95,1974.45,2369.8
11850,2021-04-01 12:29:00,2098.95,2098.95,2098.95,2098.95,25,0,2098.95,1974.45,2369.8
11851,2021-04-01 12:30:00,2098.95,2098.95,2098.95,2098.95,25,0,2098.95,1974.45,2369.8
11852,2021-04-01 12:31:00,2098.95,2098.95,2098.95,2098.95,25,0,2098.95,1974.45,2369.8
11853,2021-04-01 12:32:00,2098.95,2098.95,2098.95,2098.95,25,0,2098.95,1974.45,2369.8
11854,2021-04-01 12:33:00,2098.95,2098.95,2098.95,2098.95,25,0,2098.95,1974.45,2369.8
11855,2021-04-01 12:34:00,2098.95,2098.95,2098.95,2098.95,25,0,2098.95,1974.45,2369.8
11856,2021-04-01 12:35:00,2098.95,2098.95,2098.95,2098.95,25,0,2098.95,1974.45,2369.8
11857,2021-04-01 12:36:00,2098.95,2098.95,2098.95,2098.95,25,0,2098.95,1974.45,2369.8
11858,2021-04-01 12:37:00,2098.95,2098.95,2098.95,2098.95,25,0,2098.95,1974.45,2369.8
11859,2021-04-01 12:38:00,2098.95,2098.95,2098.95,2098.95,25,0,2098.95,1974.45,2369.8
11860,2021-04-01 12:39:00,2098.95,2098.95,2098.95,2098.95,25,0,2098.95,1974.45,2369.8
11861,2021-04-01 12:40:00,2098.95,2098.95,2098.95,2098.95,25,0,2098.95,1974.45,2369.8
11862,2021-04-01 12:41:00,2098.95,2098.95,2098.95,2098.95,25,0,2098.95,1974.45,2369.8
11863,2021-04-01 12:42:00,2098.95,2098.95,2098.95,2098.95,25,0,2098.95,1974.45,2369.8
11864,2021-04-01 12:43:00,2098.95,2098.95,2098.95,2098.95,25,0,2098.95,1974.45,2369.8
11865,2021-04-01 12:44:00,2098.95,2098.95,2098.95,2098.95,25,0,2098.95,1974.45,2369.8
11866,2021-04-01 12:45:00,2098.95,2098.95,2098.95,2098.95,25,0,2098.95,1974.45,2369.8
11867,2021-04-01 12:46:00,2098.95,2098.95,2098.95,2098.95,25,0,2098.95,1974.45,2369.8
11868,2021-04-01 12:47:00,2098.95,2098.95,2098.95,2098.95,25,0,2098.95,1974.45,2369.8
11869,2021-04-01 12:48:00,2098.95,2098.95,2098.95,2098.95,25,0,2098.95,1974.45,2369.8
11870,2021-04-01 12:49:00,2098.95,2098.95,2098.95,2098.95,25,0,2098.95,1974.45,2369.8
11871,2021-04-01 12:50:00,2098.95,2098.95,2098.95,2098.95,25,0,2098.95,1974.45,2369.8
11872,2021-04-01 12:51:00,2098.95,2098.95,2098.95,2098.95,25,0,2098.95,1974.45,2369.8
11873,2021-04-01 12:52:00,2098.95,2098.95,2098.95,2098.95,25,0,2098.95,1974.45,2369.8
11874,2021-04-01 12:53:00,2098.95,2098.95,2098.95,2098.95,25,0,2098.95,1974.45,2369.8
11875,2021-04-01 12:54:00,2098.95,2098.95,2098.95,2098.95,25,0,2098.95,1974.45,2369.8
11876,2021-04-01 12:55:00,2098.95,2098.95,2098.95,2098.95,25,0,2098.95,1974.45,2369.8
11877,2021-04-01 12:56:00,2098.95,2098.95,2098.95,2098.95,25,0,2098.95,1974.45,2369.8
11878,2021-04-01 12:57:00,2098.95,2098.95,2098.95,2098.95,25,0,2098.95,1974.45,2369.8
11879,2021-04-01 12:58:00,2098.95,2098.95,2098.95,2098.95,25,0,2098.95,1974.45,2369.8
11880,2021-04-01 12:59:00,2098.95,2098.95,2098.95,2098.95,25,0,2098.95,1974.45,2369.8
11881,2021-04-01 13:00:00,2098.95,2098.95,2098.95,2098.95,25,0,2098.95,1974.45,2369.8
11882,2021-04-01 13:01:00,2098.95,2098.95,2098.95,2098.95,25,0,2098.95,1974.45,2369.8
11883,2021-04-01 13:02:00,2098.95,2098.95,2098.95,2098.95,25,0,2098.95,1974.45,2369.8
11884,2021-04-01 13:03:00,2098.95,2098.95,2098.95,2098.95,25,0,2098.95,1974.45,2369.8
11885,2021-04-01 13:04:00,2098.95,2098.95,2098.95,2098.95,25,0,2098.95,1974.45,2369.8
11886,2021-04-01 13:05:00,2098.95,2098.95,2098.95,2098.95,25,0,2098.95,1974.45,2369.8
11887,2021-04-01 13:06:00,2098.95,2098.95,2098.95,2098.95,25,0,2098.95,1974.45,2369.8
11888,2021-04-01 13:07:00,2098.95,2098.95,2098.95,2098.95,25,0,2098.95,1974.45,2369.8
11889,2021-04-01 13:08:00,2098.95,2098.95,2098.95,2098.95,25,0,2098.95,1974.45,2369.8
11890,2021-04-01 13:09:00,2098.95,2098.95,2098.95,2098.95,25,0,2098.95,1974.45,2369.8
11891,2021-04-01 13:10:00,2098.95,2098.95,2098.95,2098.95,25,0,2098.95,1974.45,2369.8
11892,2021-04-01 13:11:00,2098.95,2098.95,2098.95,2098.95,25,0,2098.95,1974.45,2369.8
11893,2021-04-01 13:12:00,2098.95,2098.95,2098.95,2098.95,25,0,2098.95,1974.45,2369.8
11894,2021-04-01 13:13:00,2098.95,2098.95,2098.95,2098.95,25,0,2098.95,1974.45,2369.8
11895,2021-04-01 13:14:00,2098.95,2098.95,2098.95,2098.95,25,0,2098.95,1974.45,2369.8
11896,2021-04-01 13:15:00,2098.95,2098.95,2098.95,2098.95,25,0,2098.95,1974.45,2369.8
11897,2021-04-01 13:16:00,2098.95,2098.95,2098.95,2098.95,25,0,2098.95,1974.45,2369.8
11898,2021-04-01 13:17:00,2098.95,2098.95,2098.95,2098.95,25,0,2098.95,1974.45,2369.8
11899,2021-04-01 13:18:00,2098.95,2098.95,2098.95,2098.95,25,0,2098.95,1974.45,2369.8
11900,2021-04-01 13:19:00,2098.95,2098.95,2098.95,2098.95,25,0,2098.95,1974.45,2369.8
11901,2021-04-01 13:20:00,2098.95,2098.95,2098.95,2098.95,25,0,2098.95,1974.45,2369.8
11902,2021-04-01 13:21:00,2098.95,2098.95,2098.95,2098.95,25,0,2098.95,1974.45,2369.8
11903,2021-04-01 13:22:00,2098.95,2098.95,2098.95,2098.95,25,0,2098.95,1974.45,2369.8
11904,2021-04-01 13:23:00,2098.95,2098.95,2098.95,2098.95,25,0,2098.95,1974.45,2369.8
11905,2021-04-01 13:24:00,2098.95,2098.95,2098.95,2098.95,25,0,2098.95,1974.45,2369.8
11906,2021-04-01 13:25:00,2098.95,2098.95,2098.95,2098.95,25,0,2098.95,1974.45,2369.8
11907,2021-04-01 13:26:00,2098.95,2098.95,2098.95,2098.95,25,0,2098.95,1974.45,2369.8
11908,2021-04-01 13:27:00,2098.95,2098.95,2098.95,2098.95,25,0,2098.95,1974.45,2369.8
11909,2021-04-01 13:28:00,2098.95,2098.95,2098.95,2098.95,25,0,2098.95,1974.45,2369.8
11910,2021-04-01 13:29:00,2098.95,2098.95,2098.95,2098.95,25,0,2098.95,1974.45,2369.8
11911,2021-04-01 13:30:00,2098.95,2098.95,2098.95,2098.95,25,0,2098.95,1974.45,2369.8
11912,2021-04-01 13:31:00,2098.95,2098.95,2098.95,2098.95,25,0,2098.95,1974.45,2369.8
11913,2021-04-01 13:32:00,2098.95,2098.95,2098.95,2098.95,25,0,2098.95,1974.45,2369.8
11914,2021-04-01 13:33:00,2098.95,2098.95,2098.95,2098.95,25,0,2098.95,1974.45,2369.8
11915,2021-04-01 13:34:00,2098.95,2098.95,2098.95,2098.95,25,0,2098.95,1974.45,2369.8
11916,2021-04-01 13:35:00,2098.95,2098.95,2098.95,2098.95,25,0,2098.95,1974.45,2369.8
11917,2021-04-01 13:36:00,2098.95,2098.95,2098.95,2098.95,25,0,2098.95,1974.45,2369.8
11918,2021-04-01 13:37:00,2098.95,2098.95,2098.95,2098.95,25,0,2098.95,1974.45,2369.8
11919,2021-04-01 13:38:00,2098.95,2098.95,2098.95,2098.95,25,0,2098.95,1974.45,2369.8
11920,2021-04-01 13:39:00,2098.95,2098.95,2098.95,2098.95,25,0,2098.95,1974.45,2369.8
11921,2021-04-01 13:40:00,2098.95,2098.95,2098.95,2098.95,25,0,2098.95,1974.45,2369.8
11922,2021-04-01 13:41:00,2098.95,2098.95,2098.95,2098.95,25,0,2098.95,1974.45,2369.8
11923,2021-04-01 13:42:00,2098.95,2098.95,2098.95,2098.95,25,0,2098.95,1974.45,2369.8
11924,2021-04-01 13:43:00,2098.95,2098.95,2098.95,2098.95,25,0,2098.95,1974.45,2369.8
11925,2021-04-01 13:44:00,2098.95,2098.95,2098.95,2098.95,25,0,2098.95,1974.45,2369.8
11926,2021-04-01 13:45:00,2098.95,2098.95,2098.95,2098.95,25,0,2098.95,1974.45,2369.8
11927,2021-04-01 13:46:00,2098.95,2098.95,2098.95,2098.95,25,0,2098.95,1974.45,2369.8
11928,2021-04-01 13:47:00,2098.95,2098.95,2098.95,2098.95,25,0,2098.95,1974.45,2369.8
11929,2021-04-01 13:48:00,2098.95,2098.95,2098.95,2098.95,25,0,2098.95,1974.45,2369.8
11930,2021-04-01 13:49:00,2098.95,2098.95,2098.95,2098.95,25,0,2098.95,1974.45,2369.8
11931,2021-04-01 13:50:00,2098.95,2098.95,2098.95,2098.95,25,0,2098.95,1974.45,2369.8
11932,2021-04-01 13:51:00,2098.95,2098.95,2098.95,2098.95,25,0,2098.95,1974.45,2369.8
11933,2021-04-01 13:52:00,2098.95,2098.95,2098.95,2098.95,25,0,2098.95,1974.45,2369.8
11934,2021-04-01 13:53:00,2098.95,2098.95,2098.95,2098.95,25,0,2098.95,1974.45,2369.8
11935,2021-04-01 13:54:00,2098.95,2098.95,2098.95,2098.95,25,0,2098.95,1974.45,2369.8
11936,2021-04-01 13:55:00,2098.95,2098.95,2098.95,2098.95,25,0,2098.95,1974.45,2369.8
11937,2021-04-01 13:56:00,2098.95,2098.95,2098.95,2098.95,25,0,2098.95,1974.45,2369.8
11938,2021-04-01 13:57:00,2098.95,2098.95,2098.95,2098.95,25,0,2098.95,1974.45,2369.8
11939,2021-04-01 13:58:00,2098.95,2098.95,2098.95,2098.95,25,0,2098.95,1974.45,2369.8
11940,2021-04-01 13:59:00,2098.95,2098.95,2098.95,2098.95,25,0,2098.95,1974.45,2369.8
11941,2021-04-01 14:00:00,2098.95,2098.95,2098.95,2098.95,25,0,2098.95,1974.45,2369.8
11942,2021-04-01 14:01:00,2098.95,2098.95,2098.95,2098.95,25,0,2098.95,1974.45,2369.8
11943,2021-04-01 14:02:00,2098.95,2098.95,2098.95,2098.95,25,0,2098.95,1974.45,2369.8
11944,2021-04-01 14:03:00,2098.95,2098.95,2098.95,2098.95,25,0,2098.95,1974.45,2369.8
11945,2021-04-01 14:04:00,2098.95,2098.95,2098.95,2098.95,25,0,2098.95,1974.45,2369.8
11946,2021-04-01 14:05:00,2098.95,2098.95,2098.95,2098.95,25,0,2098.95,1974.45,2369.8
11947,2021-04-01 14:06:00,2098.95,2098.95,2098.95,2098.95,25,0,2098.95,1974.45,2369.8
11948,2021-04-01 14:07:00,2098.95,2098.95,2098.95,2098.95,25,0,2098.95,1974.45,2369.8
11949,2021-04-01 14:08:00,2098.95,2098.95,2098.95,2098.95,25,0,2098.95,1974.45,2369.8
11950,2021-04-01 14:09:00,2098.95,2098.95,2098.95,2098.95,25,0,2098.95,1974.45,2369.8
11951,2021-04-01 14:10:00,2098.95,2098.95,2098.95,2098.95,25,0,2098.95,1974.45,2369.8
11952,2021-04-01 14:11:00,2098.95,2098.95,2098.95,2098.95,25,0,2098.95,1974.45,2369.8
11953,2021-04-01 14:12:00,2098.95,2098.95,2098.95,2098.95,25,0,2098.95,1974.45,2369.8
11954,2021-04-01 14:13:00,2098.95,2098.95,2098.95,2098.95,25,0,2098.95,1974.45,2369.8
11955,2021-04-01 14:14:00,2098.95,2098.95,2098.95,2098.95,25,0,2098.95,1974.45,2369.8
11956,2021-04-01 14:15:00,2098.95,2098.95,2098.95,2098.95,25,0,2098.95,1974.45,2369.8
11957,2021-04-01 14:16:00,2098.95,2098.95,2098.95,2098.95,25,0,2098.95,1974.45,2369.8
11958,2021-04-01 14:17:00,2098.95,2098.95,2098.95,2098.95,25,0,2098.95,1974.45,2369.8
11959,2021-04-01 14:18:00,2098.95,2098.95,2098.95,2098.95,25,0,2098.95,1974.45,2369.8
11960,2021-04-01 14:19:00,2098.95,2098.95,2098.95,2098.95,25,0,2098.95,1974.45,2369.8
11961,2021-04-01 14:20:00,2098.95,2098.95,2098.95,2098.95,25,0,2098.95,1974.45,2369.8
11962,2021-04-01 14:21:00,2098.95,2098.95,2098.95,2098.95,25,0,2098.95,1974.45,2369.8
11963,2021-04-01 14:22:00,2098.95,2098.95,2098.95,2098.95,25,0,2098.95,1974.45,2369.8
11964,2021-04-01 14:23:00,2098.95,2098.95,2098.95,2098.95,25,0,2098.95,1974.45,2369.8
11965,2021-04-01 14:24:00,2098.95,2098.95,2098.95,2098.95,25,0,2098.95,1974.45,2369.8
11966,2021-04-01 14:25:00,2098.95,2098.95,2098.95,2098.95,25,0,2098.95,1974.45,2369.8
11967,2021-04-01 14:26:00,2098.95,2098.95,2098.95,2098.95,25,0,2098.95,1974.45,2369.8
11968,2021-04-01 14:27:00,2098.95,2098.95,2098.95,2098.95,25,0,2098.95,1974.45,2369.8
11969,2021-04-01 14:28:00,2098.95,2098.95,2098.95,2098.95,25,0,2098.95,1974.45,2369.8
11970,2021-04-01 14:29:00,2098.95,2098.95,2098.95,2098.95,25,0,2098.95,1974.45,2369.8
11971,2021-04-01 14:30:00,2098.95,2098.95,2098.95,2098.95,25,0,2098.95,1974.45,2369.8
11972,2021-04-01 14:31:00,2098.95,2098.95,2098.95,2098.95,25,0,2098.95,1974.45,2369.8
11973,2021-04-01 14:32:00,2098.95,2098.95,2098.95,2098.95,25,0,2098.95,1974.45,2369.8
11974,2021-04-01 14:33:00,2098.95,2098.95,2098.95,2098.95,25,0,2098.95,1974.45,2369.8
11975,2021-04-01 14:34:00,2098.95,2098.95,2098.95,2098.95,25,0,2098.95,1974.45,2369.8
11976,2021-04-01 14:35:00,2098.95,2098.95,2098.95,2098.95,25,0,2098.95,1974.45,2369.8
11977,2021-04-01 14:36:00,2098.95,2098.95,2098.95,2098.95,25,0,2098.95,1974.45,2369.8
11978,2021-04-01 14:37:00,2098.95,2098.95,2098.95,2098.95,25,0,2098.95,1974.45,2369.8
11979,2021-04-01 14:38:00,2098.95,2098.95,2098.95,2098.95,25,0,2098.95,1974.45,2369.8
11980,2021-04-01 14:39:00,2098.95,2098.95,2098.95,2098.95,25,0,2098.95,1974.45,2369.8
11981,2021-04-01 14:40:00,2098.95,2098.95,2098.95,2098.95,25,0,2098.95,1974.45,2369.8
11982,2021-04-01 14:41:00,2098.95,2098.95,2098.95,2098.95,25,0,2098.95,1974.45,2369.8
11983,2021-04-01 14:42:00,2098.95,2098.95,2098.95,2098.95,25,0,2098.95,1974.45,2369.8
11984,2021-04-01 14:43:00,2098.95,2098.95,2098.95,2098.95,25,0,2098.95,1974.45,2369.8
11985,2021-04-01 14:44:00,2098.95,2098.95,2098.95,2098.95,25,0,2098.95,1974.45,2369.8
11986,2021-04-01 14:45:00,2098.95,2098.95,2098.95,2098.95,25,0,2098.95,1974.45,2369.8
11987,2021-04-01 14:46:00,2098.95,2098.95,2098.95,2098.95,25,0,2098.95,1974.45,2369.8
11988,2021-04-01 14:47:00,2098.95,2098.95,2098.95,2098.95,25,0,2098.95,1974.45,2369.8
11989,2021-04-01 14:48:00,2098.95,2098.95,2098.95,2098.95,25,0,2098.95,1974.45,2369.8
11990,2021-04-01 14:49:00,2098.95,2098.95,2098.95,2098.95,25,0,2098.95,1974.45,2369.8
11991,2021-04-01 14:50:00,2098.95,2098.95,2098.95,2098.95,25,0,2098.95,1974.45,2369.8
11992,2021-04-01 14:51:00,2098.95,2098.95,2098.95,2098.95,25,0,2098.95,1974.45,2369.8
11993,2021-04-01 14:52:00,2098.95,2098.95,2098.95,2098.95,25,0,2098.95,1974.45,2369.8
11994,2021-04-01 14:53:00,2098.95,2098.95,2098.95,2098.95,25,0,2098.95,1974.45,2369.8
11995,2021-04-01 14:54:00,2098.95,2098.95,2098.95,2098.95,25,0,2098.95,1974.45,2369.8
11996,2021-04-01 14:55:00,2098.95,2098.95,2098.95,2098.95,25,0,2098.95,1974.45,2369.8
11997,2021-04-01 14:56:00,2098.95,2098.95,2098.95,2098.95,25,0,2098.95,1974.45,2369.8
11998,2021-04-01 14:57:00,2098.95,2098.95,2098.95,2098.95,25,0,2098.95,1974.45,2369.8
11999,2021-04-01 14:58:00,2098.95,2098.95,2098.95,2098.95,25,0,2098.95,1974.45,2369.8
12000,2021-04-01 14:59:00,2098.95,2098.95,2098.95,2098.95,25,0,2098.95,1974.45,2369.8
12001,2021-04-01 15:00:00,2098.95,2098.95,2098.95,2098.95,25,0,2098.95,1974.45,2369.8
12002,2021-04-01 15:01:00,2098.95,2098.95,2098.95,2098.95,25,0,2098.95,1974.45,2369.8
12003,2021-04-01 15:02:00,2098.95,2098.95,2098.95,2098.95,25,0,2098.95,1974.45,2369.8
12004,2021-04-01 15:03:00,2098.95,2098.95,2098.95,2098.95,25,0,2098.95,1974.45,2369.8
12005,2021-04-01 15:04:00,2098.95,2098.95,2098.95,2098.95,25,0,2098.95,1974.45,2369.8
12006,2021-04-01 15:05:00,2098.95,2098.95,2098.95,2098.95,25,0,2098.95,1974.45,2369.8
12007,2021-04-01 15:06:00,2098.95,2098.95,2098.95,2098.95,25,0,2098.95,1974.45,2369.8
12008,2021-04-01 15:07:00,2098.95,2098.95,2098.95,2098.95,25,0,2098.95,1974.45,2369.8
12009,2021-04-01 15:08:00,2098.95,2098.95,2098.95,2098.95,25,0,2098.95,1974.45,2369.8
12010,2021-04-01 15:09:00,2098.95,2098.95,2098.95,2098.95,25,0,2098.95,1974.45,2369.8
12011,2021-04-01 15:10:00,2098.95,2098.95,2098.95,2098.95,25,0,2098.95,1974.45,2369.8
12012,2021-04-01 15:11:00,2098.95,2098.95,2098.95,2098.95,25,0,2098.95,1974.45,2369.8
12013,2021-04-01 15:12:00,2098.95,2098.95,2098.95,2098.95,25,0,2098.95,1974.45,2369.8
12014,2021-04-01 15:13:00,2098.95,2098.95,2098.95,2098.95,25,0,2098.95,1974.45,2369.8
12015,2021-04-01 15:14:00,2098.95,2098.95,2098.95,2098.95,25,0,2098.95,1974.45,2369.8
12016,2021-04-01 15:15:00,2098.95,2098.95,2098.95,2098.95,25,0,2098.95,1974.45,2369.8
12017,2021-04-01 15:16:00,2098.95,2098.95,2098.95,2098.95,25,0,2098.95,1974.45,2369.8
12018,2021-04-01 15:17:00,2098.95,2098.95,2098.95,2098.95,25,0,2098.95,1974.45,2369.8
12019,2021-04-01 15:18:00,2098.95,2098.95,2098.95,2098.95,25,0,2098.95,1974.45,2369.8
12020,2021-04-01 15:19:00,2098.95,2098.95,2098.95,2098.95,25,0,2098.95,1974.45,2369.8
12021,2021-04-01 15:20:00,2098.95,2098.95,2098.95,2098.95,25,0,2098.95,1974.45,2369.8
12022,2021-04-01 15:21:00,2098.95,2098.95,2098.95,2098.95,25,0,2098.95,1974.45,2369.8
12023,2021-04-01 15:22:00,2098.95,2098.95,2098.95,2098.95,25,0,2098.95,1974.45,2369.8
12024,2021-04-01 15:23:00,2098.95,2098.95,2098.95,2098.95,25,0,2098.95,1974.45,2369.8
12025,2021-04-01 15:24:00,2098.95,2098.95,2098.95,2098.95,25,0,2098.95,1974.45,2369.8
12026,2021-04-01 15:25:00,2098.95,2098.95,2098.95,2098.95,25,0,2098.95,1974.45,2369.8
12027,2021-04-01 15:26:00,2098.95,2098.95,2098.95,2098.95,25,0,2098.95,1974.45,2369.8
12028,2021-04-01 15:27:00,2098.95,2098.95,2098.95,2098.95,25,0,2098.95,1974.45,2369.8
12029,2021-04-01 15:28:00,2098.95,2098.95,2098.95,2098.95,25,0,2098.95,1974.45,2369.8
12030,2021-04-01 15:29:00,2098.95,2098.95,2098.95,2098.95,25,0,2098.95,1974.45,2369.8
12031,2021-04-01 15:30:00,2098.95,2098.95,2098.95,2098.95,25,0,2098.95,1974.45,2369.8
12032,2021-04-02 09:15:00,2098.95,2098.95,2098.95,2098.95,25,0,2098.95,1974.45,2369.8
12033,2021-04-02 09:16:00,2098.95,2098.95,2098.95,2098.95,25,0,2098.95,1974.45,2369.8
12034,2021-04-02 09:17:00,2098.95,2098.95,2098.95,2098.95,25,0,2098.95,1974.45,2369.8
12035,2021-04-02 09:18:00,2098.95,2098.95,2098.95,2098.95,25,0,2098.95,1974.45,2369.8
12036,2021-04-02 09:19:00,2098.95,2098.95,2098.95,2098.95,25,0,2098.95,1974.45,2369.8
12037,2021-04-02 09:20:00,2098.95,2098.95,2098.95,2098.95,25,0,2098.95,1974.45,2369.8
12038,2021-04-02 09:21:00,2098.95,2098.95,2098.95,2098.95,25,0,2098.95,1974.45,2369.8
12039,2021-04-02 09:22:00,2098.95,2098.95,2098.95,2098.95,25,0,2098.95,1974.45,2369.8
12040,2021-04-02 09:23:00,2098.95,2098.95,2098.95,2098.95,25,0,2098.95,1974.45,2369.8
12041,2021-04-02 09:24:00,2098.95,2098.95,2098.95,2098.95,25,0,2098.95,1974.45,2369.8
12042,2021-04-02 09:25:00,2098.95,2098.95,2098.95,2098.95,25,0,2098.95,1974.45,2369.8
12043,2021-04-02 09:26:00,2098.95,2098.95,2098.95,2098.95,25,0,2098.95,1974.45,2369.8
12044,2021-04-02 09:27:00,2098.95,2098.95,2098.95,2098.95,25,0,2098.95,1974.45,2369.8
12045,2021-04-02 09:28:00,2098.95,2098.95,2098.95,2098.95,25,0,2098.95,1974.45,2369.8
12046,2021-04-02 09:29:00,2098.95,2098.95,2098.95,2098.95,25,0,2098.95,1974.45,2369.8
12047,2021-04-02 09:30:00,2098.95,2098.95,2098.95,2098.95,25,0,2098.95,1974.45,2369.8
12048,2021-04-02 09:31:00,2098.95,2098.95,2098.95,2098.95,25,0,2098.95,1974.45,2369.8
12049,2021-04-02 09:32:00,2098.95,2098.95,2098.95,2098.95,25,0,2098.95,1974.45,2369.8
12050,2021-04-02 09:33:00,2098.95,2098.95,2098.95,2098.95,25,0,2098.95,1974.45,2369.8
12051,2021-04-02 09:34:00,2098.95,2098.95,2098.95,2098.95,25,0,2098.95,1974.45,2369.8
12052,2021-04-02 09:35:00,2098.95,2098.95,2098.95,2098.95,25,0,2098.95,1974.45,2369.8
12053,2021-04-02 09:36:00,2098.95,2098.95,2098.95,2098.95,25,0,2098.95,1974.45,2369.8
12054,2021-04-02 09:37:00,2098.95,2098.95,2098.95,2098.95,25,0,2098.95,1974.45,2369.8
12055,2021-04-02 09:38:00,2098.95,2098.95,2098.95,2098.95,25,0,2098.95,1974.45,2369.8
12056,2021-04-02 09:39:00,2098.95,2098.95,2098.95,2098.95,25,0,2098.95,1974.45,2369.8
12057,2021-04-02 09:40:00,2098.95,2098.95,2098.95,2098.95,25,0,2098.95,1974.45,2369.8
12058,2021-04-02 09:41:00,2098.95,2098.95,2098.95,2098.95,25,0,2098.95,1974.45,2369.8
12059,2021-04-02 09:42:00,2098.95,2098.95,2098.95,2098.95,25,0,2098.95,1974.45,2369.8
12060,2021-04-02 09:43:00,2098.95,2098.95,2098.95,2098.95,25,0,2098.95,1974.45,2369.8
12061,2021-04-02 09:44:00,2098.95,2098.95,2098.95,2098.95,25,0,2098.95,1974.45,2369.8
12062,2021-04-02 09:45:00,2098.95,2098.95,2098.95,2098.95,25,0,2098.95,1974.45,2369.8
12063,2021-04-02 09:46:00,2098.95,2098.95,2098.95,2098.95,25,0,2098.95,1974.45,2369.8
12064,2021-04-02 09:47:00,2098.95,2098.95,2098.95,2098.95,25,0,2098.95,1974.45,2369.8
12065,2021-04-02 09:48:00,2098.95,2098.95,2098.95,2098.95,25,0,2098.95,1974.45,2369.8
12066,2021-04-02 09:49:00,2098.95,2098.95,2098.95,2098.95,25,0,2098.95,1974.45,2369.8
12067,2021-04-02 09:50:00,2098.95,2098.95,2098.95,2098.95,25,0,2098.95,1974.45,2369.8
12068,2021-04-02 09:51:00,2098.95,2098.95,2098.95,2098.95,25,0,2098.95,1974.45,2369.8
12069,2021-04-02 09:52:00,2098.95,2098.95,2098.95,2098.95,25,0,2098.95,1974.45,2369.8
12070,2021-04-02 09:53:00,2098.95,2098.95,2098.95,2098.95,25,0,2098.95,1974.45,2369.8
12071,2021-04-02 09:54:00,2098.95,2098.95,2098.95,2098.95,25,0,2098.95,1974.45,2369.8
12072,2021-04-02 09:55:00,2098.95,2098.95,2098.95,2098.95,25,0,2098.95,1974.45,2369.8
12073,2021-04-02 09:56:00,2098.95,2098.95,2098.95,2098.95,25,0,2098.95,1974.45,2369.8
12074,2021-04-02 09:57:00,2098.95,2098.95,2098.95,2098.95,25,0,2098.95,1974.45,2369.8
12075,2021-04-02 09:58:00,2098.95,2098.95,2098.95,2098.95,25,0,2098.95,1974.45,2369.8
12076,2021-04-02 09:59:00,2098.95,2098.95,2098.95,2098.95,25,0,2098.95,1974.45,2369.8
12077,2021-04-02 10:00:00,2098.95,2098.95,2098.95,2098.95,25,0,2098.95,1974.45,2369.8
12078,2021-04-02 10:01:00,2098.95,2098.95,2098.95,2098.95,25,0,2098.95,1974.45,2369.8
12079,2021-04-02 10:02:00,2098.95,2098.95,2098.95,2098.95,25,0,2098.95,1974.45,2369.8
12080,2021-04-02 10:03:00,2098.95,2098.95,2098.95,2098.95,25,0,2098.95,1974.45,2369.8
12081,2021-04-02 10:04:00,2098.95,2098.95,2098.95,2098.95,25,0,2098.95,1974.45,2369.8
12082,2021-04-02 10:05:00,2098.95,2098.95,2098.95,2098.95,25,0,2098.95,1974.45,2369.8
12083,2021-04-02 10:06:00,2098.95,2098.95,2098.95,2098.95,25,0,2098.95,1974.45,2369.8
12084,2021-04-02 10:07:00,2098.95,2098.95,2098.95,2098.95,25,0,2098.95,1974.45,2369.8
12085,2021-04-02 10:08:00,2098.95,2098.95,2098.95,2098.95,25,0,2098.95,1974.45,2369.8
12086,2021-04-02 10:09:00,2098.95,2098.95,2098.95,2098.95,25,0,2098.95,1974.45,2369.8
12087,2021-04-02 10:10:00,2098.95,2098.95,2098.95,2098.95,25,0,2098.95,1974.45,2369.8
12088,2021-04-02 10:11:00,2098.95,2098.95,2098.95,2098.95,25,0,2098.95,1974.45,2369.8
12089,2021-04-02 10:12:00,2098.95,2098.95,2098.95,2098.95,25,0,2098.95,1974.45,2369.8
12090,2021-04-02 10:13:00,2098.95,2098.95,2098.95,2098.95,25,0,2098.95,1974.45,2369.8
12091,2021-04-02 10:14:00,2098.95,2098.95,2098.95,2098.95,25,0,2098.95,1974.45,2369.8
12092,2021-04-02 10:15:00,2098.95,2098.95,2098.95,2098.95,25,0,2098.95,1974.45,2369.8
12093,2021-04-02 10:16:00,2098.95,2098.95,2098.95,2098.95,25,0,2098.95,1974.45,2369.8
12094,2021-04-02 10:17:00,2098.95,2098.95,2098.95,2098.95,25,0,2098.95,1974.45,2369.8
12095,2021-04-02 10:18:00,2098.95,2098.95,2098.95,2098.95,25,0,2098.95,1974.45,2369.8
12096,2021-04-02 10:19:00,2098.95,2098.95,2098.95,2098.95,25,0,2098.95,1974.45,2369.8
12097,2021-04-02 10:20:00,2098.95,2098.95,2098.95,2098.95,25,0,2098.95,1974.45,2369.8
12098,2021-04-02 10:21:00,2098.95,2098.95,2098.95,2098.95,25,0,2098.95,1974.45,2369.8
12099,2021-04-02 10:22:00,2098.95,2098.95,2098.95,2098.95,25,0,2098.95,1974.45,2369.8
12100,2021-04-02 10:23:00,2098.95,2098.95,2098.95,2098.95,25,0,2098.95,1974.45,2369.8
12101,2021-04-02 10:24:00,2098.95,2098.95,2098.95,2098.95,25,0,2098.95,1974.45,2369.8
12102,2021-04-02 10:25:00,2098.95,2098.95,2098.95,2098.95,25,0,2098.95,1974.45,2369.8
12103,2021-04-02 10:26:00,2098.95,2098.95,2098.95,2098.95,25,0,2098.95,1974.45,2369.8
12104,2021-04-02 10:27:00,2098.95,2098.95,2098.95,2098.95,25,0,2098.95,1974.45,2369.8
12105,2021-04-02 10:28:00,2098.95,2098.95,2098.95,2098.95,25,0,2098.95,1974.45,2369.8
12106,2021-04-02 10:29:00,2098.95,2098.95,2098.95,2098.95,25,0,2098.95,1974.45,2369.8
12107,2021-04-02 10:30:00,2098.95,2098.95,2098.95,2098.95,25,0,2098.95,1974.45,2369.8
12108,2021-04-02 10:31:00,2098.95,2098.95,2098.95,2098.95,25,0,2098.95,1974.45,2369.8
12109,2021-04-02 10:32:00,2098.95,2098.95,2098.95,2098.95,25,0,2098.95,1974.45,2369.8
12110,2021-04-02 10:33:00,2098.95,2098.95,2098.95,2098.95,25,0,2098.95,1974.45,2369.8
12111,2021-04-02 10:34:00,2098.95,2098.95,2098.95,2098.95,25,0,2098.95,1974.45,2369.8
12112,2021-04-02 10:35:00,2098.95,2098.95,2098.95,2098.95,25,0,2098.95,1974.45,2369.8
12113,2021-04-02 10:36:00,2098.95,2098.95,2098.95,2098.95,25,0,2098.95,1974.45,2369.8
12114,2021-04-02 10:37:00,2098.95,2098.95,2098.95,2098.95,25,0,2098.95,1974.45,2369.8
12115,2021-04-02 10:38:00,2098.95,2098.95,2098.95,2098.95,25,0,2098.95,1974.45,2369.8
12116,2021-04-02 10:39:00,2098.95,2098.95,2098.95,2098.95,25,0,2098.95,1974.45,2369.8
12117,2021-04-02 10:40:00,2098.95,2098.95,2098.95,2098.95,25,0,2098.95,1974.45,2369.8
12118,2021-04-02 10:41:00,2098.95,2098.95,2098.95,2098.95,25,0,2098.95,1974.45,2369.8
12119,2021-04-02 10:42:00,2098.95,2098.95,2098.95,2098.95,25,0,2098.95,1974.45,2369.8
12120,2021-04-02 10:43:00,2098.95,2098.95,2098.95,2098.95,25,0,2098.95,1974.45,2369.8
12121,2021-04-02 10:44:00,2098.95,2098.95,2098.95,2098.95,25,0,2098.95,1974.45,2369.8
12122,2021-04-02 10:45:00,2098.95,2098.95,2098.95,2098.95,25,0,2098.95,1974.45,2369.8
12123,2021-04-02 10:46:00,2098.95,2098.95,2098.95,2098.95,25,0,2098.95,1974.45,2369.8
12124,2021-04-02 10:47:00,2098.95,2098.95,2098.95,2098.95,25,0,2098.95,1974.45,2369.8
12125,2021-04-02 10:48:00,2098.95,2098.95,2098.95,2098.95,25,0,2098.95,1974.45,2369.8
12126,2021-04-02 10:49:00,2098.95,2098.95,2098.95,2098.95,25,0,2098.95,1974.45,2369.8
12127,2021-04-02 10:50:00,2098.95,2098.95,2098.95,2098.95,25,0,2098.95,1974.45,2369.8
12128,2021-04-02 10:51:00,2098.95,2098.95,2098.95,2098.95,25,0,2098.95,1974.45,2369.8
12129,2021-04-02 10:52:00,2098.95,2098.95,2098.95,2098.95,25,0,2098.95,1974.45,2369.8
12130,2021-04-02 10:53:00,2098.95,2098.95,2098.95,2098.95,25,0,2098.95,1974.45,2369.8
12131,2021-04-02 10:54:00,2098.95,2098.95,2098.95,2098.95,25,0,2098.95,1974.45,2369.8
12132,2021-04-02 10:55:00,2098.95,2098.95,2098.95,2098.95,25,0,2098.95,1974.45,2369.8
12133,2021-04-02 10:56:00,2098.95,2098.95,2098.95,2098.95,25,0,2098.95,1974.45,2369.8
12134,2021-04-02 10:57:00,2098.95,2098.95,2098.95,2098.95,25,0,2098.95,1974.45,2369.8
12135,2021-04-02 10:58:00,2098.95,2098.95,2098.95,2098.95,25,0,2098.95,1974.45,2369.8
12136,2021-04-02 10:59:00,2098.95,2098.95,2098.95,2098.95,25,0,2098.95,1974.45,2369.8
12137,2021-04-02 11:00:00,2098.95,2098.95,2098.95,2098.95,25,0,2098.95,1974.45,2369.8
12138,2021-04-02 11:01:00,2098.95,2098.95,2098.95,2098.95,25,0,2098.95,1974.45,2369.8
12139,2021-04-02 11:02:00,2098.95,2098.95,2098.95,2098.95,25,0,2098.95,1974.45,2369.8
12140,2021-04-02 11:03:00,2098.95,2098.95,2098.95,2098.95,25,0,2098.95,1974.45,2369.8
12141,2021-04-02 11:04:00,2098.95,2098.95,2098.95,2098.95,25,0,2098.95,1974.45,2369.8
12142,2021-04-02 11:05:00,2098.95,2098.95,2098.95,2098.95,25,0,2098.95,1974.45,2369.8
12143,2021-04-02 11:06:00,2098.95,2098.95,2098.95,2098.95,25,0,2098.95,1974.45,2369.8
12144,2021-04-02 11:07:00,2098.95,2098.95,2098.95,2098.95,25,0,2098.95,1974.45,2369.8
12145,2021-04-02 11:08:00,2098.95,2098.95,2098.95,2098.95,25,0,2098.95,1974.45,2369.8
12146,2021-04-02 11:09:00,2098.95,2098.95,2098.95,2098.95,25,0,2098.95,1974.45,2369.8
12147,2021-04-02 11:10:00,2098.95,2098.95,2098.95,2098.95,25,0,2098.95,1974.45,2369.8
12148,2021-04-02 11:11:00,2098.95,2098.95,2098.95,2098.95,25,0,2098.95,1974.45,2369.8
12149,2021-04-02 11:12:00,2098.95,2098.95,2098.95,2098.95,25,0,2098.95,1974.45,2369.8
12150,2021-04-02 11:13:00,2098.95,2098.95,2098.95,2098.95,25,0,2098.95,1974.45,2369.8
12151,2021-04-02 11:14:00,2098.95,2098.95,2098.95,2098.95,25,0,2098.95,1974.45,2369.8
12152,2021-04-02 11:15:00,2098.95,2098.95,2098.95,2098.95,25,0,2098.95,1974.45,2369.8
12153,2021-04-02 11:16:00,2098.95,2098.95,2098.95,2098.95,25,0,2098.95,1974.45,2369.8
12154,2021-04-02 11:17:00,2098.95,2098.95,2098.95,2098.95,25,0,2098.95,1974.45,2369.8
12155,2021-04-02 11:18:00,2098.95,2098.95,2098.95,2098.95,25,0,2098.95,1974.45,2369.8
12156,2021-04-02 11:19:00,2098.95,2098.95,2098.95,2098.95,25,0,2098.95,1974.45,2369.8
12157,2021-04-02 11:20:00,2098.95,2098.95,2098.95,2098.95,25,0,2098.95,1974.45,2369.8
12158,2021-04-02 11:21:00,2098.95,2098.95,2098.95,2098.95,25,0,2098.95,1974.45,2369.8
12159,2021-04-02 11:22:00,2098.95,2098.95,2098.95,2098.95,25,0,2098.95,1974.45,2369.8
12160,2021-04-02 11:23:00,2098.95,2098.95,2098.95,2098.95,25,0,2098.95,1974.45,2369.8
12161,2021-04-02 11:24:00,2098.95,2098.95,2098.95,2098.95,25,0,2098.95,1974.45,2369.8
12162,2021-04-02 11:25:00,2098.95,2098.95,2098.95,2098.95,25,0,2098.95,1974.45,2369.8
12163,2021-04-02 11:26:00,2098.95,2098.95,2098.95,2098.95,25,0,2098.95,1974.45,2369.8
12164,2021-04-02 11:27:00,2098.95,2098.95,2098.95,2098.95,25,0,2098.95,1974.45,2369.8
12165,2021-04-02 11:28:00,2098.95,2098.95,2098.95,2098.95,25,0,2098.95,1974.45,2369.8
12166,2021-04-02 11:29:00,2098.95,2098.95,2098.95,2098.95,25,0,2098.95,1974.45,2369.8
12167,2021-04-02 11:30:00,2098.95,2098.95,2098.95,2098.95,25,0,2098.95,1974.45,2369.8
12168,2021-04-02 11:31:00,2098.95,2098.95,2098.95,2098.95,25,0,2098.95,1974.45,2369.8
12169,2021-04-02 11:32:00,2098.95,2098.95,2098.95,2098.95,25,0,2098.95,1974.45,2369.8
12170,2021-04-02 11:33:00,2098.95,2098.95,2098.95,2098.95,25,0,2098.95,1974.45,2369.8
12171,2021-04-02 11:34:00,2098.95,2098.95,2098.95,2098.95,25,0,2098.95,1974.45,2369.8
12172,2021-04-02 11:35:00,2098.95,2098.95,2098.95,2098.95,25,0,2098.95,1974.45,2369.8
12173,2021-04-02 11:36:00,2098.95,2098.95,2098.95,2098.95,25,0,2098.95,1974.45,2369.8
12174,2021-04-02 11:37:00,2098.95,2098.95,2098.95,2098.95,25,0,2098.95,1974.45,2369.8
12175,2021-04-02 11:38:00,2098.95,2098.95,2098.95,2098.95,25,0,2098.95,1974.45,2369.8
12176,2021-04-02 11:39:00,2098.95,2098.95,2098.95,2098.95,25,0,2098.95,1974.45,2369.8
12177,2021-04-02 11:40:00,2098.95,2098.95,2098.95,2098.95,25,0,2098.95,1974.45,2369.8
12178,2021-04-02 11:41:00,2098.95,2098.95,2098.95,2098.95,25,0,2098.95,1974.45,2369.8
12179,2021-04-02 11:42:00,2098.95,2098.95,2098.95,2098.95,25,0,2098.95,1974.45,2369.8
12180,2021-04-02 11:43:00,2098.95,2098.95,2098.95,2098.95,25,0,2098.95,1974.45,2369.8
12181,2021-04-02 11:44:00,2098.95,2098.95,2098.95,2098.95,25,0,2098.95,1974.45,2369.8
12182,2021-04-02 11:45:00,2098.95,2098.95,2098.95,2098.95,25,0,2098.95,1974.45,2369.8
12183,2021-04-02 11:46:00,2098.95,2098.95,2098.95,2098.95,25,0,2098.95,1974.45,2369.8
12184,2021-04-02 11:47:00,2098.95,2098.95,2098.95,2098.95,25,0,2098.95,1974.45,2369.8
12185,2021-04-02 11:48:00,2098.95,2098.95,2098.95,2098.95,25,0,2098.95,1974.45,2369.8
12186,2021-04-02 11:49:00,2098.95,2098.95,2098.95,2098.95,25,0,2098.95,1974.45,2369.8
12187,2021-04-02 11:50:00,2098.95,2098.95,2098.95,2098.95,25,0,2098.95,1974.45,2369.8
12188,2021-04-02 11:51:00,2098.95,2098.95,2098.95,2098.95,25,0,2098.95,1974.45,2369.8
12189,2021-04-02 11:52:00,2098.95,2098.95,2098.95,2098.95,25,0,2098.95,1974.45,2369.8
12190,2021-04-02 11:53:00,2098.95,2098.95,2098.95,2098.95,25,0,2098.95,1974.45,2369.8
12191,2021-04-02 11:54:00,2098.95,2098.95,2098.95,2098.95,25,0,2098.95,1974.45,2369.8
12192,2021-04-02 11:55:00,2098.95,2098.95,2098.95,2098.95,25,0,2098.95,1974.45,2369.8
12193,2021-04-02 11:56:00,2098.95,2098.95,2098.95,2098.95,25,0,2098.95,1974.45,2369.8
12194,2021-04-02 11:57:00,2098.95,2098.95,2098.95,2098.95,25,0,2098.95,1974.45,2369.8
12195,2021-04-02 11:58:00,2098.95,2098.95,2098.95,2098.95,25,0,2098.95,1974.45,2369.8
12196,2021-04-02 11:59:00,2098.95,2098.95,2098.95,2098.95,25,0,2098.95,1974.45,2369.8
12197,2021-04-02 12:00:00,2098.95,2098.95,2098.95,2098.95,25,0,2098.95,1974.45,2369.8
12198,2021-04-02 12:01:00,2098.95,2098.95,2098.95,2098.95,25,0,2098.95,1974.45,2369.8
12199,2021-04-02 12:02:00,2098.95,2098.95,2098.95,2098.95,25,0,2098.95,1974.45,2369.8
12200,2021-04-02 12:03:00,2098.95,2098.95,2098.95,2098.95,25,0,2098.95,1974.45,2369.8
12201,2021-04-02 12:04:00,2098.95,2098.95,2098.95,2098.95,25,0,2098.95,1974.45,2369.8
12202,2021-04-02 12:05:00,2098.95,2098.95,2098.95,2098.95,25,0,2098.95,1974.45,2369.8
12203,2021-04-02 12:06:00,2098.95,2098.95,2098.95,2098.95,25,0,2098.95,1974.45,2369.8
12204,2021-04-02 12:07:00,2098.95,2098.95,2098.95,2098.95,25,0,2098.95,1974.45,2369.8
12205,2021-04-02 12:08:00,2098.95,2098.95,2098.95,2098.95,25,0,2098.95,1974.45,2369.8
12206,2021-04-02 12:09:00,2098.95,2098.95,2098.95,2098.95,25,0,2098.95,1974.45,2369.8
12207,2021-04-02 12:10:00,2098.95,2098.95,2098.95,2098.95,25,0,2098.95,1974.45,2369.8
12208,2021-04-02 12:11:00,2098.95,2098.95,2098.95,2098.95,25,0,2098.95,1974.45,2369.8
12209,2021-04-02 12:12:00,2098.95,2098.95,2098.95,2098.95,25,0,2098.95,1974.45,2369.8
12210,2021-04-02 12:13:00,2098.95,2098.95,2098.95,2098.95,25,0,2098.95,1974.45,2369.8
12211,2021-04-02 12:14:00,2098.95,2098.95,2098.95,2098.95,25,0,2098.95,1974.45,2369.8
12212,2021-04-02 12:15:00,2098.95,2098.95,2098.95,2098.95,25,0,2098.95,1974.45,2369.8
12213,2021-04-02 12:16:00,2098.95,2098.95,2098.95,2098.95,25,0,2098.95,1974.45,2369.8
12214,2021-04-02 12:17:00,2098.95,2098.95,2098.95,2098.95,25,0,2098.95,1974.45,2369.8
12215,2021-04-02 12:18:00,2098.95,2098.95,2098.95,2098.95,25,0,2098.95,1974.45,2369.8
12216,2021-04-02 12:19:00,2098.95,2098.95,2098.95,2098.95,25,0,2098.95,1974.45,2369.8
12217,2021-04-02 12:20:00,2098.95,2098.95,2098.95,2098.95,25,0,2098.95,1974.45,2369.8
12218,2021-04-02 12:21:00,2098.95,2098.95,2098.95,2098.95,25,0,2098.95,1974.45,2369.8
12219,2021-04-02 12:22:00,2098.95,2098.95,2098.95,2098.95,25,0,2098.95,1974.45,2369.8
12220,2021-04-02 12:23:00,2098.95,2098.95,2098.95,2098.95,25,0,2098.95,1974.45,2369.8
12221,2021-04-02 12:24:00,2098.95,2098.95,2098.95,2098.95,25,0,2098.95,1974.45,2369.8
12222,2021-04-02 12:25:00,2098.95,2098.95,2098.95,2098.95,25,0,2098.95,1974.45,2369.8
12223,2021-04-02 12:26:00,2098.95,2098.95,2098.95,2098.95,25,0,2098.95,1974.45,2369.8
12224,2021-04-02 12:27:00,2098.95,2098.95,2098.95,2098.95,25,0,2098.95,1974.45,2369.8
12225,2021-04-02 12:28:00,2098.95,2098.95,2098.95,2098.95,25,0,2098.95,1974.45,2369.8
12226,2021-04-02 12:29:00,2098.95,2098.95,2098.95,2098.95,25,0,2098.95,1974.45,2369.8
12227,2021-04-02 12:30:00,2098.95,2098.95,2098.95,2098.95,25,0,2098.95,1974.45,2369.8
12228,2021-04-02 12:31:00,2098.95,2098.95,2098.95,2098.95,25,0,2098.95,1974.45,2369.8
12229,2021-04-02 12:32:00,2098.95,2098.95,2098.95,2098.95,25,0,2098.95,1974.45,2369.8
12230,2021-04-02 12:33:00,2098.95,2098.95,2098.95,2098.95,25,0,2098.95,1974.45,2369.8
12231,2021-04-02 12:34:00,2098.95,2098.95,2098.95,2098.95,25,0,2098.95,1974.45,2369.8
12232,2021-04-02 12:35:00,2098.95,2098.95,2098.95,2098.95,25,0,2098.95,1974.45,2369.8
12233,2021-04-02 12:36:00,2098.95,2098.95,2098.95,2098.95,25,0,2098.95,1974.45,2369.8
12234,2021-04-02 12:37:00,2098.95,2098.95,2098.95,2098.95,25,0,2098.95,1974.45,2369.8
12235,2021-04-02 12:38:00,2098.95,2098.95,2098.95,2098.95,25,0,2098.95,1974.45,2369.8
12236,2021-04-02 12:39:00,2098.95,2098.95,2098.95,2098.95,25,0,2098.95,1974.45,2369.8
12237,2021-04-02 12:40:00,2098.95,2098.95,2098.95,2098.95,25,0,2098.95,1974.45,2369.8
12238,2021-04-02 12:41:00,2098.95,2098.95,2098.95,2098.95,25,0,2098.95,1974.45,2369.8
12239,2021-04-02 12:42:00,2098.95,2098.95,2098.95,2098.95,25,0,2098.95,1974.45,2369.8
12240,2021-04-02 12:43:00,2098.95,2098.95,2098.95,2098.95,25,0,2098.95,1974.45,2369.8
12241,2021-04-02 12:44:00,2098.95,2098.95,2098.95,2098.95,25,0,2098.95,1974.45,2369.8
12242,2021-04-02 12:45:00,2098.95,2098.95,2098.95,2098.95,25,0,2098.95,1974.45,2369.8
12243,2021-04-02 12:46:00,2098.95,2098.95,2098.95,2098.95,25,0,2098.95,1974.45,2369.8
12244,2021-04-02 12:47:00,2098.95,2098.95,2098.95,2098.95,25,0,2098.95,1974.45,2369.8
12245,2021-04-02 12:48:00,2098.95,2098.95,2098.95,2098.95,25,0,2098.95,1974.45,2369.8
12246,2021-04-02 12:49:00,2098.95,2098.95,2098.95,2098.95,25,0,2098.95,1974.45,2369.8
12247,2021-04-02 12:50:00,2098.95,2098.95,2098.95,2098.95,25,0,2098.95,1974.45,2369.8
12248,2021-04-02 12:51:00,2098.95,2098.95,2098.95,2098.95,25,0,2098.95,1974.45,2369.8
12249,2021-04-02 12:52:00,2098.95,2098.95,2098.95,2098.95,25,0,2098.95,1974.45,2369.8
12250,2021-04-02 12:53:00,2098.95,2098.95,2098.95,2098.95,25,0,2098.95,1974.45,2369.8
12251,2021-04-02 12:54:00,2098.95,2098.95,2098.95,2098.95,25,0,2098.95,1974.45,2369.8
12252,2021-04-02 12:55:00,2098.95,2098.95,2098.95,2098.95,25,0,2098.95,1974.45,2369.8
12253,2021-04-02 12:56:00,2098.95,2098.95,2098.95,2098.95,25,0,2098.95,1974.45,2369.8
12254,2021-04-02 12:57:00,2098.95,2098.95,2098.95,2098.95,25,0,2098.95,1974.45,2369.8
12255,2021-04-02 12:58:00,2098.95,2098.95,2098.95,2098.95,25,0,2098.95,1974.45,2369.8
12256,2021-04-02 12:59:00,2098.95,2098.95,2098.95,2098.95,25,0,2098.95,1974.45,2369.8
12257,2021-04-02 13:00:00,2098.95,2098.95,2098.95,2098.95,25,0,2098.95,1974.45,2369.8
12258,2021-04-02 13:01:00,2098.95,2098.95,2098.95,2098.95,25,0,2098.95,1974.45,2369.8
12259,2021-04-02 13:02:00,2098.95,2098.95,2098.95,2098.95,25,0,2098.95,1974.45,2369.8
12260,2021-04-02 13:03:00,2098.95,2098.95,2098.95,2098.95,25,0,2098.95,1974.45,2369.8
12261,2021-04-02 13:04:00,2098.95,2098.95,2098.95,2098.95,25,0,2098.95,1974.45,2369.8
12262,2021-04-02 13:05:00,2098.95,2098.95,2098.95,2098.95,25,0,2098.95,1974.45,2369.8
12263,2021-04-02 13:06:00,2098.95,2098.95,2098.95,2098.95,25,0,2098.95,1974.45,2369.8
12264,2021-04-02 13:07:00,2098.95,2098.95,2098.95,2098.95,25,0,2098.95,1974.45,2369.8
12265,2021-04-02 13:08:00,2098.95,2098.95,2098.95,2098.95,25,0,2098.95,1974.45,2369.8
12266,2021-04-02 13:09:00,2098.95,2098.95,2098.95,2098.95,25,0,2098.95,1974.45,2369.8
12267,2021-04-02 13:10:00,2098.95,2098.95,2098.95,2098.95,25,0,2098.95,1974.45,2369.8
12268,2021-04-02 13:11:00,2098.95,2098.95,2098.95,2098.95,25,0,2098.95,1974.45,2369.8
12269,2021-04-02 13:12:00,2098.95,2098.95,2098.95,2098.95,25,0,2098.95,1974.45,2369.8
12270,2021-04-02 13:13:00,2098.95,2098.95,2098.95,2098.95,25,0,2098.95,1974.45,2369.8
12271,2021-04-02 13:14:00,2098.95,2098.95,2098.95,2098.95,25,0,2098.95,1974.45,2369.8
12272,2021-04-02 13:15:00,2098.95,2098.95,2098.95,2098.95,25,0,2098.95,1974.45,2369.8
12273,2021-04-02 13:16:00,2098.95,2098.95,2098.95,2098.95,25,0,2098.95,1974.45,2369.8
12274,2021-04-02 13:17:00,2098.95,2098.95,2098.95,2098.95,25,0,2098.95,1974.45,2369.8
12275,2021-04-02 13:18:00,2098.95,2098.95,2098.95,2098.95,25,0,2098.95,1974.45,2369.8
12276,2021-04-02 13:19:00,2098.95,2098.95,2098.95,2098.95,25,0,2098.95,1974.45,2369.8
12277,2021-04-02 13:20:00,2098.95,2098.95,2098.95,2098.95,25,0,2098.95,1974.45,2369.8
12278,2021-04-02 13:21:00,2098.95,2098.95,2098.95,2098.95,25,0,2098.95,1974.45,2369.8
12279,2021-04-02 13:22:00,2098.95,2098.95,2098.95,2098.95,25,0,2098.95,1974.45,2369.8
12280,2021-04-02 13:23:00,2098.95,2098.95,2098.95,2098.95,25,0,2098.95,1974.45,2369.8
12281,2021-04-02 13:24:00,2098.95,2098.95,2098.95,2098.95,25,0,2098.95,1974.45,2369.8
12282,2021-04-02 13:25:00,2098.95,2098.95,2098.95,2098.95,25,0,2098.95,1974.45,2369.8
12283,2021-04-02 13:26:00,2098.95,2098.95,2098.95,2098.95,25,0,2098.95,1974.45,2369.8
12284,2021-04-02 13:27:00,2098.95,2098.95,2098.95,2098.95,25,0,2098.95,1974.45,2369.8
12285,2021-04-02 13:28:00,2098.95,2098.95,2098.95,2098.95,25,0,2098.95,1974.45,2369.8
12286,2021-04-02 13:29:00,2098.95,2098.95,2098.95,2098.95,25,0,2098.95,1974.45,2369.8
12287,2021-04-02 13:30:00,2098.95,2098.95,2098.95,2098.95,25,0,2098.95,1974.45,2369.8
12288,2021-04-02 13:31:00,2098.95,2098.95,2098.95,2098.95,25,0,2098.95,1974.45,2369.8
12289,2021-04-02 13:32:00,2098.95,2098.95,2098.95,2098.95,25,0,2098.95,1974.45,2369.8
12290,2021-04-02 13:33:00,2098.95,2098.95,2098.95,2098.95,25,0,2098.95,1974.45,2369.8
12291,2021-04-02 13:34:00,2098.95,2098.95,2098.95,2098.95,25,0,2098.95,1974.45,2369.8
12292,2021-04-02 13:35:00,2098.95,2098.95,2098.95,2098.95,25,0,2098.95,1974.45,2369.8
12293,2021-04-02 13:36:00,2098.95,2098.95,2098.95,2098.95,25,0,2098.95,1974.45,2369.8
12294,2021-04-02 13:37:00,2098.95,2098.95,2098.95,2098.95,25,0,2098.95,1974.45,2369.8
12295,2021-04-02 13:38:00,2098.95,2098.95,2098.95,2098.95,25,0,2098.95,1974.45,2369.8
12296,2021-04-02 13:39:00,2098.95,2098.95,2098.95,2098.95,25,0,2098.95,1974.45,2369.8
12297,2021-04-02 13:40:00,2098.95,2098.95,2098.95,2098.95,25,0,2098.95,1974.45,2369.8
12298,2021-04-02 13:41:00,2098.95,2098.95,2098.95,2098.95,25,0,2098.95,1974.45,2369.8
12299,2021-04-02 13:42:00,2098.95,2098.95,2098.95,2098.95,25,0,2098.95,1974.45,2369.8
12300,2021-04-02 13:43:00,2098.95,2098.95,2098.95,2098.95,25,0,2098.95,1974.45,2369.8
12301,2021-04-02 13:44:00,2098.95,2098.95,2098.95,2098.95,25,0,2098.95,1974.45,2369.8
12302,2021-04-02 13:45:00,2098.95,2098.95,2098.95,2098.95,25,0,2098.95,1974.45,2369.8
12303,2021-04-02 13:46:00,2098.95,2098.95,2098.95,2098.95,25,0,2098.95,1974.45,2369.8
12304,2021-04-02 13:47:00,2098.95,2098.95,2098.95,2098.95,25,0,2098.95,1974.45,2369.8
12305,2021-04-02 13:48:00,2098.95,2098.95,2098.95,2098.95,25,0,2098.95,1974.45,2369.8
12306,2021-04-02 13:49:00,2098.95,2098.95,2098.95,2098.95,25,0,2098.95,1974.45,2369.8
12307,2021-04-02 13:50:00,2098.95,2098.95,2098.95,2098.95,25,0,2098.95,1974.45,2369.8
12308,2021-04-02 13:51:00,2098.95,2098.95,2098.95,2098.95,25,0,2098.95,1974.45,2369.8
12309,2021-04-02 13:52:00,2098.95,2098.95,2098.95,2098.95,25,0,2098.95,1974.45,2369.8
12310,2021-04-02 13:53:00,2098.95,2098.95,2098.95,2098.95,25,0,2098.95,1974.45,2369.8
12311,2021-04-02 13:54:00,2098.95,2098.95,2098.95,2098.95,25,0,2098.95,1974.45,2369.8
12312,2021-04-02 13:55:00,2098.95,2098.95,2098.95,2098.95,25,0,2098.95,1974.45,2369.8
12313,2021-04-02 13:56:00,2098.95,2098.95,2098.95,2098.95,25,0,2098.95,1974.45,2369.8
12314,2021-04-02 13:57:00,2098.95,2098.95,2098.95,2098.95,25,0,2098.95,1974.45,2369.8
12315,2021-04-02 13:58:00,2098.95,2098.95,2098.95,2098.95,25,0,2098.95,1974.45,2369.8
12316,2021-04-02 13:59:00,2098.95,2098.95,2098.95,2098.95,25,0,2098.95,1974.45,2369.8
12317,2021-04-02 14:00:00,2098.95,2098.95,2098.95,2098.95,25,0,2098.95,1974.45,2369.8
12318,2021-04-02 14:01:00,2098.95,2098.95,2098.95,2098.95,25,0,2098.95,1974.45,2369.8
12319,2021-04-02 14:02:00,2098.95,2098.95,2098.95,2098.95,25,0,2098.95,1974.45,2369.8
12320,2021-04-02 14:03:00,2098.95,2098.95,2098.95,2098.95,25,0,2098.95,1974.45,2369.8
12321,2021-04-02 14:04:00,2098.95,2098.95,2098.95,2098.95,25,0,2098.95,1974.45,2369.8
12322,2021-04-02 14:05:00,2098.95,2098.95,2098.95,2098.95,25,0,2098.95,1974.45,2369.8
12323,2021-04-02 14:06:00,2098.95,2098.95,2098.95,2098.95,25,0,2098.95,1974.45,2369.8
12324,2021-04-02 14:07:00,2098.95,2098.95,2098.95,2098.95,25,0,2098.95,1974.45,2369.8
12325,2021-04-02 14:08:00,2098.95,2098.95,2098.95,2098.95,25,0,2098.95,1974.45,2369.8
12326,2021-04-02 14:09:00,2098.95,2098.95,2098.95,2098.95,25,0,2098.95,1974.45,2369.8
12327,2021-04-02 14:10:00,2098.95,2098.95,2098.95,2098.95,25,0,2098.95,1974.45,2369.8
12328,2021-04-02 14:11:00,2098.95,2098.95,2098.95,2098.95,25,0,2098.95,1974.45,2369.8
12329,2021-04-02 14:12:00,2098.95,2098.95,2098.95,2098.95,25,0,2098.95,1974.45,2369.8
12330,2021-04-02 14:13:00,2098.95,2098.95,2098.95,2098.95,25,0,2098.95,1974.45,2369.8
12331,2021-04-02 14:14:00,2098.95,2098.95,2098.95,2098.95,25,0,2098.95,1974.45,2369.8
12332,2021-04-02 14:15:00,2098.95,2098.95,2098.95,2098.95,25,0,2098.95,1974.45,2369.8
12333,2021-04-02 14:16:00,2098.95,2098.95,2098.95,2098.95,25,0,2098.95,1974.45,2369.8
12334,2021-04-02 14:17:00,2098.95,2098.95,2098.95,2098.95,25,0,2098.95,1974.45,2369.8
12335,2021-04-02 14:18:00,2098.95,2098.95,2098.95,2098.95,25,0,2098.95,1974.45,2369.8
12336,2021-04-02 14:19:00,2098.95,2098.95,2098.95,2098.95,25,0,2098.95,1974.45,2369.8
12337,2021-04-02 14:20:00,2098.95,2098.95,2098.95,2098.95,25,0,2098.95,1974.45,2369.8
12338,2021-04-02 14:21:00,2098.95,2098.95,2098.95,2098.95,25,0,2098.95,1974.45,2369.8
12339,2021-04-02 14:22:00,2098.95,2098.95,2098.95,2098.95,25,0,2098.95,1974.45,2369.8
12340,2021-04-02 14:23:00,2098.95,2098.95,2098.95,2098.95,25,0,2098.95,1974.45,2369.8
12341,2021-04-02 14:24:00,2098.95,2098.95,2098.95,2098.95,25,0,2098.95,1974.45,2369.8
12342,2021-04-02 14:25:00,2098.95,2098.95,2098.95,2098.95,25,0,2098.95,1974.45,2369.8
12343,2021-04-02 14:26:00,2098.95,2098.95,2098.95,2098.95,25,0,2098.95,1974.45,2369.8
12344,2021-04-02 14:27:00,2098.95,2098.95,2098.95,2098.95,25,0,2098.95,1974.45,2369.8
12345,2021-04-02 14:28:00,2098.95,2098.95,2098.95,2098.95,25,0,2098.95,1974.45,2369.8
12346,2021-04-02 14:29:00,2098.95,2098.95,2098.95,2098.95,25,0,2098.95,1974.45,2369.8
12347,2021-04-02 14:30:00,2098.95,2098.95,2098.95,2098.95,25,0,2098.95,1974.45,2369.8
12348,2021-04-02 14:31:00,2098.95,2098.95,2098.95,2098.95,25,0,2098.95,1974.45,2369.8
12349,2021-04-02 14:32:00,2098.95,2098.95,2098.95,2098.95,25,0,2098.95,1974.45,2369.8
12350,2021-04-02 14:33:00,2098.95,2098.95,2098.95,2098.95,25,0,2098.95,1974.45,2369.8
12351,2021-04-02 14:34:00,2098.95,2098.95,2098.95,2098.95,25,0,2098.95,1974.45,2369.8
12352,2021-04-02 14:35:00,2098.95,2098.95,2098.95,2098.95,25,0,2098.95,1974.45,2369.8
12353,2021-04-02 14:36:00,2098.95,2098.95,2098.95,2098.95,25,0,2098.95,1974.45,2369.8
12354,2021-04-02 14:37:00,2098.95,2098.95,2098.95,2098.95,25,0,2098.95,1974.45,2369.8
12355,2021-04-02 14:38:00,2098.95,2098.95,2098.95,2098.95,25,0,2098.95,1974.45,2369.8
12356,2021-04-02 14:39:00,2098.95,2098.95,2098.95,2098.95,25,0,2098.95,1974.45,2369.8
12357,2021-04-02 14:40:00,2098.95,2098.95,2098.95,2098.95,25,0,2098.95,1974.45,2369.8
12358,2021-04-02 14:41:00,2098.95,2098.95,2098.95,2098.95,25,0,2098.95,1974.45,2369.8
12359,2021-04-02 14:42:00,2098.95,2098.95,2098.95,2098.95,25,0,2098.95,1974.45,2369.8
12360,2021-04-02 14:43:00,2098.95,2098.95,2098.95,2098.95,25,0,2098.95,1974.45,2369.8
12361,2021-04-02 14:44:00,2098.95,2098.95,2098.95,2098.95,25,0,2098.95,1974.45,2369.8
12362,2021-04-02 14:45:00,2098.95,2098.95,2098.95,2098.95,25,0,2098.95,1974.45,2369.8
12363,2021-04-02 14:46:00,2098.95,2098.95,2098.95,2098.95,25,0,2098.95,1974.45,2369.8
12364,2021-04-02 14:47:00,2098.95,2098.95,2098.95,2098.95,25,0,2098.95,1974.45,2369.8
12365,2021-04-02 14:48:00,2098.95,2098.95,2098.95,2098.95,25,0,2098.95,1974.45,2369.8
12366,2021-04-02 14:49:00,2098.95,2098.95,2098.95,2098.95,25,0,2098.95,1974.45,2369.8
12367,2021-04-02 14:50:00,2098.95,2098.95,2098.95,2098.95,25,0,2098.95,1974.45,2369.8
12368,2021-04-02 14:51:00,2098.95,2098.95,2098.95,2098.95,25,0,2098.95,1974.45,2369.8
12369,2021-04-02 14:52:00,2098.95,2098.95,2098.95,2098.95,25,0,2098.95,1974.45,2369.8
12370,2021-04-02 14:53:00,2098.95,2098.95,2098.95,2098.95,25,0,2098.95,1974.45,2369.8
12371,2021-04-02 14:54:00,2098.95,2098.95,2098.95,2098.95,25,0,2098.95,1974.45,2369.8
12372,2021-04-02 14:55:00,2098.95,2098.95,2098.95,2098.95,25,0,2098.95,1974.45,2369.8
12373,2021-04-02 14:56:00,2098.95,2098.95,2098.95,2098.95,25,0,2098.95,1974.45,2369.8
12374,2021-04-02 14:57:00,2098.95,2098.95,2098.95,2098.95,25,0,2098.95,1974.45,2369.8
12375,2021-04-02 14:58:00,2098.95,2098.95,2098.95,2098.95,25,0,2098.95,1974.45,2369.8
12376,2021-04-02 14:59:00,2098.95,2098.95,2098.95,2098.95,25,0,2098.95,1974.45,2369.8
12377,2021-04-02 15:00:00,2098.95,2098.95,2098.95,2098.95,25,0,2098.95,1974.45,2369.8
12378,2021-04-02 15:01:00,2098.95,2098.95,2098.95,2098.95,25,0,2098.95,1974.45,2369.8
12379,2021-04-02 15:02:00,2098.95,2098.95,2098.95,2098.95,25,0,2098.95,1974.45,2369.8
12380,2021-04-02 15:03:00,2098.95,2098.95,2098.95,2098.95,25,0,2098.95,1974.45,2369.8
12381,2021-04-02 15:04:00,2098.95,2098.95,2098.95,2098.95,25,0,2098.95,1974.45,2369.8
12382,2021-04-02 15:05:00,2098.95,2098.95,2098.95,2098.95,25,0,2098.95,1974.45,2369.8
12383,2021-04-02 15:06:00,2098.95,2098.95,2098.95,2098.95,25,0,2098.95,1974.45,2369.8
12384,2021-04-02 15:07:00,2098.95,2098.95,2098.95,2098.95,25,0,2098.95,1974.45,2369.8
12385,2021-04-02 15:08:00,2098.95,2098.95,2098.95,2098.95,25,0,2098.95,1974.45,2369.8
12386,2021-04-02 15:09:00,2098.95,2098.95,2098.95,2098.95,25,0,2098.95,1974.45,2369.8
12387,2021-04-02 15:10:00,2098.95,2098.95,2098.95,2098.95,25,0,2098.95,1974.45,2369.8
12388,2021-04-02 15:11:00,2098.95,2098.95,2098.95,2098.95,25,0,2098.95,1974.45,2369.8
12389,2021-04-02 15:12:00,2098.95,2098.95,2098.95,2098.95,25,0,2098.95,1974.45,2369.8
12390,2021-04-02 15:13:00,2098.95,2098.95,2098.95,2098.95,25,0,2098.95,1974.45,2369.8
12391,2021-04-02 15:14:00,2098.95,2098.95,2098.95,2098.95,25,0,2098.95,1974.45,2369.8
12392,2021-04-02 15:15:00,2098.95,2098.95,2098.95,2098.95,25,0,2098.95,1974.45,2369.8
12393,2021-04-02 15:16:00,2098.95,2098.95,2098.95,2098.95,25,0,2098.95,1974.45,2369.8
12394,2021-04-02 15:17:00,2098.95,2098.95,2098.95,2098.95,25,0,2098.95,1974.45,2369.8
12395,2021-04-02 15:18:00,2098.95,2098.95,2098.95,2098.95,25,0,2098.95,1974.45,2369.8
12396,2021-04-02 15:19:00,2098.95,2098.95,2098.95,2098.95,25,0,2098.95,1974.45,2369.8
12397,2021-04-02 15:20:00,2098.95,2098.95,2098.95,2098.95,25,0,2098.95,1974.45,2369.8
12398,2021-04-02 15:21:00,2098.95,2098.95,2098.95,2098.95,25,0,2098.95,1974.45,2369.8
12399,2021-04-02 15:22:00,2098.95,2098.95,2098.95,2098.95,25,0,2098.95,1974.45,2369.8
12400,2021-04-02 15:23:00,2098.95,2098.95,2098.95,2098.95,25,0,2098.95,1974.45,2369.8
12401,2021-04-02 15:24:00,2098.95,2098.95,2098.95,2098.95,25,0,2098.95,1974.45,2369.8
12402,2021-04-02 15:25:00,2098.95,2098.95,2098.95,2098.95,25,0,2098.95,1974.45,2369.8
12403,2021-04-02 15:26:00,2098.95,2098.95,2098.95,2098.95,25,0,2098.95,1974.45,2369.8
12404,2021-04-02 15:27:00,2098.95,2098.95,2098.95,2098.95,25,0,2098.95,1974.45,2369.8
12405,2021-04-02 15:28:00,2098.95,2098.95,2098.95,2098.95,25,0,2098.95,1974.45,2369.8
12406,2021-04-02 15:29:00,2098.95,2098.95,2098.95,2098.95,25,0,2098.95,1974.45,2369.8
12407,2021-04-02 15:30:00,2098.95,2098.95,2098.95,2098.95,25,0,2098.95,1974.45,2369.8
12408,2021-04-03 09:15:00,2098.95,2098.95,2098.95,2098.95,25,0,2098.95,1974.45,2369.8
12409,2021-04-03 09:16:00,2098.95,2098.95,2098.95,2098.95,25,0,2098.95,1974.45,2369.8
12410,2021-04-03 09:17:00,2098.95,2098.95,2098.95,2098.95,25,0,2098.95,1974.45,2369.8
12411,2021-04-03 09:18:00,2098.95,2098.95,2098.95,2098.95,25,0,2098.95,1974.45,2369.8
12412,2021-04-03 09:19:00,2098.95,2098.95,2098.95,2098.95,25,0,2098.95,1974.45,2369.8
12413,2021-04-03 09:20:00,2098.95,2098.95,2098.95,2098.95,25,0,2098.95,1974.45,2369.8
12414,2021-04-03 09:21:00,2098.95,2098.95,2098.95,2098.95,25,0,2098.95,1974.45,2369.8
12415,2021-04-03 09:22:00,2098.95,2098.95,2098.95,2098.95,25,0,2098.95,1974.45,2369.8
12416,2021-04-03 09:23:00,2098.95,2098.95,2098.95,2098.95,25,0,2098.95,1974.45,2369.8
12417,2021-04-03 09:24:00,2098.95,2098.95,2098.95,2098.95,25,0,2098.95,1974.45,2369.8
12418,2021-04-03 09:25:00,2098.95,2098.95,2098.95,2098.95,25,0,2098.95,1974.45,2369.8
12419,2021-04-03 09:26:00,2098.95,2098.95,2098.95,2098.95,25,0,2098.95,1974.45,2369.8
12420,2021-04-03 09:27:00,2098.95,2098.95,2098.95,2098.95,25,0,2098.95,1974.45,2369.8
12421,2021-04-03 09:28:00,2098.95,2098.95,2098.95,2098.95,25,0,2098.95,1974.45,2369.8
12422,2021-04-03 09:29:00,2098.95,2098.95,2098.95,2098.95,25,0,2098.95,1974.45,2369.8
12423,2021-04-03 09:30:00,2098.95,2098.95,2098.95,2098.95,25,0,2098.95,1974.45,2369.8
12424,2021-04-03 09:31:00,2098.95,2098.95,2098.95,2098.95,25,0,2098.95,1974.45,2369.8
12425,2021-04-03 09:32:00,2098.95,2098.95,2098.95,2098.95,25,0,2098.95,1974.45,2369.8
12426,2021-04-03 09:33:00,2098.95,2098.95,2098.95,2098.95,25,0,2098.95,1974.45,2369.8
12427,2021-04-03 09:34:00,2098.95,2098.95,2098.95,2098.95,25,0,2098.95,1974.45,2369.8
12428,2021-04-03 09:35:00,2098.95,2098.95,2098.95,2098.95,25,0,2098.95,1974.45,2369.8
12429,2021-04-03 09:36:00,2098.95,2098.95,2098.95,2098.95,25,0,2098.95,1974.45,2369.8
12430,2021-04-03 09:37:00,2098.95,2098.95,2098.95,2098.95,25,0,2098.95,1974.45,2369.8
12431,2021-04-03 09:38:00,2098.95,2098.95,2098.95,2098.95,25,0,2098.95,1974.45,2369.8
12432,2021-04-03 09:39:00,2098.95,2098.95,2098.95,2098.95,25,0,2098.95,1974.45,2369.8
12433,2021-04-03 09:40:00,2098.95,2098.95,2098.95,2098.95,25,0,2098.95,1974.45,2369.8
12434,2021-04-03 09:41:00,2098.95,2098.95,2098.95,2098.95,25,0,2098.95,1974.45,2369.8
12435,2021-04-03 09:42:00,2098.95,2098.95,2098.95,2098.95,25,0,2098.95,1974.45,2369.8
12436,2021-04-03 09:43:00,2098.95,2098.95,2098.95,2098.95,25,0,2098.95,1974.45,2369.8
12437,2021-04-03 09:44:00,2098.95,2098.95,2098.95,2098.95,25,0,2098.95,1974.45,2369.8
12438,2021-04-03 09:45:00,2098.95,2098.95,2098.95,2098.95,25,0,2098.95,1974.45,2369.8
12439,2021-04-03 09:46:00,2098.95,2098.95,2098.95,2098.95,25,0,2098.95,1974.45,2369.8
12440,2021-04-03 09:47:00,2098.95,2098.95,2098.95,2098.95,25,0,2098.95,1974.45,2369.8
12441,2021-04-03 09:48:00,2098.95,2098.95,2098.95,2098.95,25,0,2098.95,1974.45,2369.8
12442,2021-04-03 09:49:00,2098.95,2098.95,2098.95,2098.95,25,0,2098.95,1974.45,2369.8
12443,2021-04-03 09:50:00,2098.95,2098.95,2098.95,2098.95,25,0,2098.95,1974.45,2369.8
12444,2021-04-03 09:51:00,2098.95,2098.95,2098.95,2098.95,25,0,2098.95,1974.45,2369.8
12445,2021-04-03 09:52:00,2098.95,2098.95,2098.95,2098.95,25,0,2098.95,1974.45,2369.8
12446,2021-04-03 09:53:00,2098.95,2098.95,2098.95,2098.95,25,0,2098.95,1974.45,2369.8
12447,2021-04-03 09:54:00,2098.95,2098.95,2098.95,2098.95,25,0,2098.95,1974.45,2369.8
12448,2021-04-03 09:55:00,2098.95,2098.95,2098.95,2098.95,25,0,2098.95,1974.45,2369.8
12449,2021-04-03 09:56:00,2098.95,2098.95,2098.95,2098.95,25,0,2098.95,1974.45,2369.8
12450,2021-04-03 09:57:00,2098.95,2098.95,2098.95,2098.95,25,0,2098.95,1974.45,2369.8
12451,2021-04-03 09:58:00,2098.95,2098.95,2098.95,2098.95,25,0,2098.95,1974.45,2369.8
12452,2021-04-03 09:59:00,2098.95,2098.95,2098.95,2098.95,25,0,2098.95,1974.45,2369.8
12453,2021-04-03 10:00:00,2098.95,2098.95,2098.95,2098.95,25,0,2098.95,1974.45,2369.8
12454,2021-04-03 10:01:00,2098.95,2098.95,2098.95,2098.95,25,0,2098.95,1974.45,2369.8
12455,2021-04-03 10:02:00,2098.95,2098.95,2098.95,2098.95,25,0,2098.95,1974.45,2369.8
12456,2021-04-03 10:03:00,2098.95,2098.95,2098.95,2098.95,25,0,2098.95,1974.45,2369.8
12457,2021-04-03 10:04:00,2098.95,2098.95,2098.95,2098.95,25,0,2098.95,1974.45,2369.8
12458,2021-04-03 10:05:00,2098.95,2098.95,2098.95,2098.95,25,0,2098.95,1974.45,2369.8
12459,2021-04-03 10:06:00,2098.95,2098.95,2098.95,2098.95,25,0,2098.95,1974.45,2369.8
12460,2021-04-03 10:07:00,2098.95,2098.95,2098.95,2098.95,25,0,2098.95,1974.45,2369.8
12461,2021-04-03 10:08:00,2098.95,2098.95,2098.95,2098.95,25,0,2098.95,1974.45,2369.8
12462,2021-04-03 10:09:00,2098.95,2098.95,2098.95,2098.95,25,0,2098.95,1974.45,2369.8
12463,2021-04-03 10:10:00,2098.95,2098.95,2098.95,2098.95,25,0,2098.95,1974.45,2369.8
12464,2021-04-03 10:11:00,2098.95,2098.95,2098.95,2098.95,25,0,2098.95,1974.45,2369.8
12465,2021-04-03 10:12:00,2098.95,2098.95,2098.95,2098.95,25,0,2098.95,1974.45,2369.8
12466,2021-04-03 10:13:00,2098.95,2098.95,2098.95,2098.95,25,0,2098.95,1974.45,2369.8
12467,2021-04-03 10:14:00,2098.95,2098.95,2098.95,2098.95,25,0,2098.95,1974.45,2369.8
12468,2021-04-03 10:15:00,2098.95,2098.95,2098.95,2098.95,25,0,2098.95,1974.45,2369.8
12469,2021-04-03 10:16:00,2098.95,2098.95,2098.95,2098.95,25,0,2098.95,1974.45,2369.8
12470,2021-04-03 10:17:00,2098.95,2098.95,2098.95,2098.95,25,0,2098.95,1974.45,2369.8
12471,2021-04-03 10:18:00,2098.95,2098.95,2098.95,2098.95,25,0,2098.95,1974.45,2369.8
12472,2021-04-03 10:19:00,2098.95,2098.95,2098.95,2098.95,25,0,2098.95,1974.45,2369.8
12473,2021-04-03 10:20:00,2098.95,2098.95,2098.95,2098.95,25,0,2098.95,1974.45,2369.8
12474,2021-04-03 10:21:00,2098.95,2098.95,2098.95,2098.95,25,0,2098.95,1974.45,2369.8
12475,2021-04-03 10:22:00,2098.95,2098.95,2098.95,2098.95,25,0,2098.95,1974.45,2369.8
12476,2021-04-03 10:23:00,2098.95,2098.95,2098.95,2098.95,25,0,2098.95,1974.45,2369.8
12477,2021-04-03 10:24:00,2098.95,2098.95,2098.95,2098.95,25,0,2098.95,1974.45,2369.8
12478,2021-04-03 10:25:00,2098.95,2098.95,2098.95,2098.95,25,0,2098.95,1974.45,2369.8
12479,2021-04-03 10:26:00,2098.95,2098.95,2098.95,2098.95,25,0,2098.95,1974.45,2369.8
12480,2021-04-03 10:27:00,2098.95,2098.95,2098.95,2098.95,25,0,2098.95,1974.45,2369.8
12481,2021-04-03 10:28:00,2098.95,2098.95,2098.95,2098.95,25,0,2098.95,1974.45,2369.8
12482,2021-04-03 10:29:00,2098.95,2098.95,2098.95,2098.95,25,0,2098.95,1974.45,2369.8
12483,2021-04-03 10:30:00,2098.95,2098.95,2098.95,2098.95,25,0,2098.95,1974.45,2369.8
12484,2021-04-03 10:31:00,2098.95,2098.95,2098.95,2098.95,25,0,2098.95,1974.45,2369.8
12485,2021-04-03 10:32:00,2098.95,2098.95,2098.95,2098.95,25,0,2098.95,1974.45,2369.8
12486,2021-04-03 10:33:00,2098.95,2098.95,2098.95,2098.95,25,0,2098.95,1974.45,2369.8
12487,2021-04-03 10:34:00,2098.95,2098.95,2098.95,2098.95,25,0,2098.95,1974.45,2369.8
12488,2021-04-03 10:35:00,2098.95,2098.95,2098.95,2098.95,25,0,2098.95,1974.45,2369.8
12489,2021-04-03 10:36:00,2098.95,2098.95,2098.95,2098.95,25,0,2098.95,1974.45,2369.8
12490,2021-04-03 10:37:00,2098.95,2098.95,2098.95,2098.95,25,0,2098.95,1974.45,2369.8
12491,2021-04-03 10:38:00,2098.95,2098.95,2098.95,2098.95,25,0,2098.95,1974.45,2369.8
12492,2021-04-03 10:39:00,2098.95,2098.95,2098.95,2098.95,25,0,2098.95,1974.45,2369.8
12493,2021-04-03 10:40:00,2098.95,2098.95,2098.95,2098.95,25,0,2098.95,1974.45,2369.8
12494,2021-04-03 10:41:00,2098.95,2098.95,2098.95,2098.95,25,0,2098.95,1974.45,2369.8
12495,2021-04-03 10:42:00,2098.95,2098.95,2098.95,2098.95,25,0,2098.95,1974.45,2369.8
12496,2021-04-03 10:43:00,2098.95,2098.95,2098.95,2098.95,25,0,2098.95,1974.45,2369.8
12497,2021-04-03 10:44:00,2098.95,2098.95,2098.95,2098.95,25,0,2098.95,1974.45,2369.8
12498,2021-04-03 10:45:00,2098.95,2098.95,2098.95,2098.95,25,0,2098.95,1974.45,2369.8
12499,2021-04-03 10:46:00,2098.95,2098.95,2098.95,2098.95,25,0,2098.95,1974.45,2369.8
12500,2021-04-03 10:47:00,2098.95,2098.95,2098.95,2098.95,25,0,2098.95,1974.45,2369.8
12501,2021-04-03 10:48:00,2098.95,2098.95,2098.95,2098.95,25,0,2098.95,1974.45,2369.8
12502,2021-04-03 10:49:00,2098.95,2098.95,2098.95,2098.95,25,0,2098.95,1974.45,2369.8
12503,2021-04-03 10:50:00,2098.95,2098.95,2098.95,2098.95,25,0,2098.95,1974.45,2369.8
12504,2021-04-03 10:51:00,2098.95,2098.95,2098.95,2098.95,25,0,2098.95,1974.45,2369.8
12505,2021-04-03 10:52:00,2098.95,2098.95,2098.95,2098.95,25,0,2098.95,1974.45,2369.8
12506,2021-04-03 10:53:00,2098.95,2098.95,2098.95,2098.95,25,0,2098.95,1974.45,2369.8
12507,2021-04-03 10:54:00,2098.95,2098.95,2098.95,2098.95,25,0,2098.95,1974.45,2369.8
12508,2021-04-03 10:55:00,2098.95,2098.95,2098.95,2098.95,25,0,2098.95,1974.45,2369.8
12509,2021-04-03 10:56:00,2098.95,2098.95,2098.95,2098.95,25,0,2098.95,1974.45,2369.8
12510,2021-04-03 10:57:00,2098.95,2098.95,2098.95,2098.95,25,0,2098.95,1974.45,2369.8
12511,2021-04-03 10:58:00,2098.95,2098.95,2098.95,2098.95,25,0,2098.95,1974.45,2369.8
12512,2021-04-03 10:59:00,2098.95,2098.95,2098.95,2098.95,25,0,2098.95,1974.45,2369.8
12513,2021-04-03 11:00:00,2098.95,2098.95,2098.95,2098.95,25,0,2098.95,1974.45,2369.8
12514,2021-04-03 11:01:00,2098.95,2098.95,2098.95,2098.95,25,0,2098.95,1974.45,2369.8
12515,2021-04-03 11:02:00,2098.95,2098.95,2098.95,2098.95,25,0,2098.95,1974.45,2369.8
12516,2021-04-03 11:03:00,2098.95,2098.95,2098.95,2098.95,25,0,2098.95,1974.45,2369.8
12517,2021-04-03 11:04:00,2098.95,2098.95,2098.95,2098.95,25,0,2098.95,1974.45,2369.8
12518,2021-04-03 11:05:00,2098.95,2098.95,2098.95,2098.95,25,0,2098.95,1974.45,2369.8
12519,2021-04-03 11:06:00,2098.95,2098.95,2098.95,2098.95,25,0,2098.95,1974.45,2369.8
12520,2021-04-03 11:07:00,2098.95,2098.95,2098.95,2098.95,25,0,2098.95,1974.45,2369.8
12521,2021-04-03 11:08:00,2098.95,2098.95,2098.95,2098.95,25,0,2098.95,1974.45,2369.8
12522,2021-04-03 11:09:00,2098.95,2098.95,2098.95,2098.95,25,0,2098.95,1974.45,2369.8
12523,2021-04-03 11:10:00,2098.95,2098.95,2098.95,2098.95,25,0,2098.95,1974.45,2369.8
12524,2021-04-03 11:11:00,2098.95,2098.95,2098.95,2098.95,25,0,2098.95,1974.45,2369.8
12525,2021-04-03 11:12:00,2098.95,2098.95,2098.95,2098.95,25,0,2098.95,1974.45,2369.8
12526,2021-04-03 11:13:00,2098.95,2098.95,2098.95,2098.95,25,0,2098.95,1974.45,2369.8
12527,2021-04-03 11:14:00,2098.95,2098.95,2098.95,2098.95,25,0,2098.95,1974.45,2369.8
12528,2021-04-03 11:15:00,2098.95,2098.95,2098.95,2098.95,25,0,2098.95,1974.45,2369.8
12529,2021-04-03 11:16:00,2098.95,2098.95,2098.95,2098.95,25,0,2098.95,1974.45,2369.8
12530,2021-04-03 11:17:00,2098.95,2098.95,2098.95,2098.95,25,0,2098.95,1974.45,2369.8
12531,2021-04-03 11:18:00,2098.95,2098.95,2098.95,2098.95,25,0,2098.95,1974.45,2369.8
12532,2021-04-03 11:19:00,2098.95,2098.95,2098.95,2098.95,25,0,2098.95,1974.45,2369.8
12533,2021-04-03 11:20:00,2098.95,2098.95,2098.95,2098.95,25,0,2098.95,1974.45,2369.8
12534,2021-04-03 11:21:00,2098.95,2098.95,2098.95,2098.95,25,0,2098.95,1974.45,2369.8
12535,2021-04-03 11:22:00,2098.95,2098.95,2098.95,2098.95,25,0,2098.95,1974.45,2369.8
12536,2021-04-03 11:23:00,2098.95,2098.95,2098.95,2098.95,25,0,2098.95,1974.45,2369.8
12537,2021-04-03 11:24:00,2098.95,2098.95,2098.95,2098.95,25,0,2098.95,1974.45,2369.8
12538,2021-04-03 11:25:00,2098.95,2098.95,2098.95,2098.95,25,0,2098.95,1974.45,2369.8
12539,2021-04-03 11:26:00,2098.95,2098.95,2098.95,2098.95,25,0,2098.95,1974.45,2369.8
12540,2021-04-03 11:27:00,2098.95,2098.95,2098.95,2098.95,25,0,2098.95,1974.45,2369.8
12541,2021-04-03 11:28:00,2098.95,2098.95,2098.95,2098.95,25,0,2098.95,1974.45,2369.8
12542,2021-04-03 11:29:00,2098.95,2098.95,2098.95,2098.95,25,0,2098.95,1974.45,2369.8
12543,2021-04-03 11:30:00,2098.95,2098.95,2098.95,2098.95,25,0,2098.95,1974.45,2369.8
12544,2021-04-03 11:31:00,2098.95,2098.95,2098.95,2098.95,25,0,2098.95,1974.45,2369.8
12545,2021-04-03 11:32:00,2098.95,2098.95,2098.95,2098.95,25,0,2098.95,1974.45,2369.8
12546,2021-04-03 11:33:00,2098.95,2098.95,2098.95,2098.95,25,0,2098.95,1974.45,2369.8
12547,2021-04-03 11:34:00,2098.95,2098.95,2098.95,2098.95,25,0,2098.95,1974.45,2369.8
12548,2021-04-03 11:35:00,2098.95,2098.95,2098.95,2098.95,25,0,2098.95,1974.45,2369.8
12549,2021-04-03 11:36:00,2098.95,2098.95,2098.95,2098.95,25,0,2098.95,1974.45,2369.8
12550,2021-04-03 11:37:00,2098.95,2098.95,2098.95,2098.95,25,0,2098.95,1974.45,2369.8
12551,2021-04-03 11:38:00,2098.95,2098.95,2098.95,2098.95,25,0,2098.95,1974.45,2369.8
12552,2021-04-03 11:39:00,2098.95,2098.95,2098.95,2098.95,25,0,2098.95,1974.45,2369.8
12553,2021-04-03 11:40:00,2098.95,2098.95,2098.95,2098.95,25,0,2098.95,1974.45,2369.8
12554,2021-04-03 11:41:00,2098.95,2098.95,2098.95,2098.95,25,0,2098.95,1974.45,2369.8
12555,2021-04-03 11:42:00,2098.95,2098.95,2098.95,2098.95,25,0,2098.95,1974.45,2369.8
12556,2021-04-03 11:43:00,2098.95,2098.95,2098.95,2098.95,25,0,2098.95,1974.45,2369.8
12557,2021-04-03 11:44:00,2098.95,2098.95,2098.95,2098.95,25,0,2098.95,1974.45,2369.8
12558,2021-04-03 11:45:00,2098.95,2098.95,2098.95,2098.95,25,0,2098.95,1974.45,2369.8
12559,2021-04-03 11:46:00,2098.95,2098.95,2098.95,2098.95,25,0,2098.95,1974.45,2369.8
12560,2021-04-03 11:47:00,2098.95,2098.95,2098.95,2098.95,25,0,2098.95,1974.45,2369.8
12561,2021-04-03 11:48:00,2098.95,2098.95,2098.95,2098.95,25,0,2098.95,1974.45,2369.8
12562,2021-04-03 11:49:00,2098.95,2098.95,2098.95,2098.95,25,0,2098.95,1974.45,2369.8
12563,2021-04-03 11:50:00,2098.95,2098.95,2098.95,2098.95,25,0,2098.95,1974.45,2369.8
12564,2021-04-03 11:51:00,2098.95,2098.95,2098.95,2098.95,25,0,2098.95,1974.45,2369.8
12565,2021-04-03 11:52:00,2098.95,2098.95,2098.95,2098.95,25,0,2098.95,1974.45,2369.8
12566,2021-04-03 11:53:00,2098.95,2098.95,2098.95,2098.95,25,0,2098.95,1974.45,2369.8
12567,2021-04-03 11:54:00,2098.95,2098.95,2098.95,2098.95,25,0,2098.95,1974.45,2369.8
12568,2021-04-03 11:55:00,2098.95,2098.95,2098.95,2098.95,25,0,2098.95,1974.45,2369.8
12569,2021-04-03 11:56:00,2098.95,2098.95,2098.95,2098.95,25,0,2098.95,1974.45,2369.8
12570,2021-04-03 11:57:00,2098.95,2098.95,2098.95,2098.95,25,0,2098.95,1974.45,2369.8
12571,2021-04-03 11:58:00,2098.95,2098.95,2098.95,2098.95,25,0,2098.95,1974.45,2369.8
12572,2021-04-03 11:59:00,2098.95,2098.95,2098.95,2098.95,25,0,2098.95,1974.45,2369.8
12573,2021-04-03 12:00:00,2098.95,2098.95,2098.95,2098.95,25,0,2098.95,1974.45,2369.8
12574,2021-04-03 12:01:00,2098.95,2098.95,2098.95,2098.95,25,0,2098.95,1974.45,2369.8
12575,2021-04-03 12:02:00,2098.95,2098.95,2098.95,2098.95,25,0,2098.95,1974.45,2369.8
12576,2021-04-03 12:03:00,2098.95,2098.95,2098.95,2098.95,25,0,2098.95,1974.45,2369.8
12577,2021-04-03 12:04:00,2098.95,2098.95,2098.95,2098.95,25,0,2098.95,1974.45,2369.8
12578,2021-04-03 12:05:00,2098.95,2098.95,2098.95,2098.95,25,0,2098.95,1974.45,2369.8
12579,2021-04-03 12:06:00,2098.95,2098.95,2098.95,2098.95,25,0,2098.95,1974.45,2369.8
12580,2021-04-03 12:07:00,2098.95,2098.95,2098.95,2098.95,25,0,2098.95,1974.45,2369.8
12581,2021-04-03 12:08:00,2098.95,2098.95,2098.95,2098.95,25,0,2098.95,1974.45,2369.8
12582,2021-04-03 12:09:00,2098.95,2098.95,2098.95,2098.95,25,0,2098.95,1974.45,2369.8
12583,2021-04-03 12:10:00,2098.95,2098.95,2098.95,2098.95,25,0,2098.95,1974.45,2369.8
12584,2021-04-03 12:11:00,2098.95,2098.95,2098.95,2098.95,25,0,2098.95,1974.45,2369.8
12585,2021-04-03 12:12:00,2098.95,2098.95,2098.95,2098.95,25,0,2098.95,1974.45,2369.8
12586,2021-04-03 12:13:00,2098.95,2098.95,2098.95,2098.95,25,0,2098.95,1974.45,2369.8
12587,2021-04-03 12:14:00,2098.95,2098.95,2098.95,2098.95,25,0,2098.95,1974.45,2369.8
12588,2021-04-03 12:15:00,2098.95,2098.95,2098.95,2098.95,25,0,2098.95,1974.45,2369.8
12589,2021-04-03 12:16:00,2098.95,2098.95,2098.95,2098.95,25,0,2098.95,1974.45,2369.8
12590,2021-04-03 12:17:00,2098.95,2098.95,2098.95,2098.95,25,0,2098.95,1974.45,2369.8
12591,2021-04-03 12:18:00,2098.95,2098.95,2098.95,2098.95,25,0,2098.95,1974.45,2369.8
12592,2021-04-03 12:19:00,2098.95,2098.95,2098.95,2098.95,25,0,2098.95,1974.45,2369.8
12593,2021-04-03 12:20:00,2098.95,2098.95,2098.95,2098.95,25,0,2098.95,1974.45,2369.8
12594,2021-04-03 12:21:00,2098.95,2098.95,2098.95,2098.95,25,0,2098.95,1974.45,2369.8
12595,2021-04-03 12:22:00,2098.95,2098.95,2098.95,2098.95,25,0,2098.95,1974.45,2369.8
12596,2021-04-03 12:23:00,2098.95,2098.95,2098.95,2098.95,25,0,2098.95,1974.45,2369.8
12597,2021-04-03 12:24:00,2098.95,2098.95,2098.95,2098.95,25,0,2098.95,1974.45,2369.8
12598,2021-04-03 12:25:00,2098.95,2098.95,2098.95,2098.95,25,0,2098.95,1974.45,2369.8
12599,2021-04-03 12:26:00,2098.95,2098.95,2098.95,2098.95,25,0,2098.95,1974.45,2369.8
12600,2021-04-03 12:27:00,2098.95,2098.95,2098.95,2098.95,25,0,2098.95,1974.45,2369.8
12601,2021-04-03 12:28:00,2098.95,2098.95,2098.95,2098.95,25,0,2098.95,1974.45,2369.8
12602,2021-04-03 12:29:00,2098.95,2098.95,2098.95,2098.95,25,0,2098.95,1974.45,2369.8
12603,2021-04-03 12:30:00,2098.95,2098.95,2098.95,2098.95,25,0,2098.95,1974.45,2369.8
12604,2021-04-03 12:31:00,2098.95,2098.95,2098.95,2098.95,25,0,2098.95,1974.45,2369.8
12605,2021-04-03 12:32:00,2098.95,2098.95,2098.95,2098.95,25,0,2098.95,1974.45,2369.8
12606,2021-04-03 12:33:00,2098.95,2098.95,2098.95,2098.95,25,0,2098.95,1974.45,2369.8
12607,2021-04-03 12:34:00,2098.95,2098.95,2098.95,2098.95,25,0,2098.95,1974.45,2369.8
12608,2021-04-03 12:35:00,2098.95,2098.95,2098.95,2098.95,25,0,2098.95,1974.45,2369.8
12609,2021-04-03 12:36:00,2098.95,2098.95,2098.95,2098.95,25,0,2098.95,1974.45,2369.8
12610,2021-04-03 12:37:00,2098.95,2098.95,2098.95,2098.95,25,0,2098.95,1974.45,2369.8
12611,2021-04-03 12:38:00,2098.95,2098.95,2098.95,2098.95,25,0,2098.95,1974.45,2369.8
12612,2021-04-03 12:39:00,2098.95,2098.95,2098.95,2098.95,25,0,2098.95,1974.45,2369.8
12613,2021-04-03 12:40:00,2098.95,2098.95,2098.95,2098.95,25,0,2098.95,1974.45,2369.8
12614,2021-04-03 12:41:00,2098.95,2098.95,2098.95,2098.95,25,0,2098.95,1974.45,2369.8
12615,2021-04-03 12:42:00,2098.95,2098.95,2098.95,2098.95,25,0,2098.95,1974.45,2369.8
12616,2021-04-03 12:43:00,2098.95,2098.95,2098.95,2098.95,25,0,2098.95,1974.45,2369.8
12617,2021-04-03 12:44:00,2098.95,2098.95,2098.95,2098.95,25,0,2098.95,1974.45,2369.8
12618,2021-04-03 12:45:00,2098.95,2098.95,2098.95,2098.95,25,0,2098.95,1974.45,2369.8
12619,2021-04-03 12:46:00,2098.95,2098.95,2098.95,2098.95,25,0,2098.95,1974.45,2369.8
12620,2021-04-03 12:47:00,2098.95,2098.95,2098.95,2098.95,25,0,2098.95,1974.45,2369.8
12621,2021-04-03 12:48:00,2098.95,2098.95,2098.95,2098.95,25,0,2098.95,1974.45,2369.8
12622,2021-04-03 12:49:00,2098.95,2098.95,2098.95,2098.95,25,0,2098.95,1974.45,2369.8
12623,2021-04-03 12:50:00,2098.95,2098.95,2098.95,2098.95,25,0,2098.95,1974.45,2369.8
12624,2021-04-03 12:51:00,2098.95,2098.95,2098.95,2098.95,25,0,2098.95,1974.45,2369.8
12625,2021-04-03 12:52:00,2098.95,2098.95,2098.95,2098.95,25,0,2098.95,1974.45,2369.8
12626,2021-04-03 12:53:00,2098.95,2098.95,2098.95,2098.95,25,0,2098.95,1974.45,2369.8
12627,2021-04-03 12:54:00,2098.95,2098.95,2098.95,2098.95,25,0,2098.95,1974.45,2369.8
12628,2021-04-03 12:55:00,2098.95,2098.95,2098.95,2098.95,25,0,2098.95,1974.45,2369.8
12629,2021-04-03 12:56:00,2098.95,2098.95,2098.95,2098.95,25,0,2098.95,1974.45,2369.8
12630,2021-04-03 12:57:00,2098.95,2098.95,2098.95,2098.95,25,0,2098.95,1974.45,2369.8
12631,2021-04-03 12:58:00,2098.95,2098.95,2098.95,2098.95,25,0,2098.95,1974.45,2369.8
12632,2021-04-03 12:59:00,2098.95,2098.95,2098.95,2098.95,25,0,2098.95,1974.45,2369.8
12633,2021-04-03 13:00:00,2098.95,2098.95,2098.95,2098.95,25,0,2098.95,1974.45,2369.8
12634,2021-04-03 13:01:00,2098.95,2098.95,2098.95,2098.95,25,0,2098.95,1974.45,2369.8
12635,2021-04-03 13:02:00,2098.95,2098.95,2098.95,2098.95,25,0,2098.95,1974.45,2369.8
12636,2021-04-03 13:03:00,2098.95,2098.95,2098.95,2098.95,25,0,2098.95,1974.45,2369.8
12637,2021-04-03 13:04:00,2098.95,2098.95,2098.95,2098.95,25,0,2098.95,1974.45,2369.8
12638,2021-04-03 13:05:00,2098.95,2098.95,2098.95,2098.95,25,0,2098.95,1974.45,2369.8
12639,2021-04-03 13:06:00,2098.95,2098.95,2098.95,2098.95,25,0,2098.95,1974.45,2369.8
12640,2021-04-03 13:07:00,2098.95,2098.95,2098.95,2098.95,25,0,2098.95,1974.45,2369.8
12641,2021-04-03 13:08:00,2098.95,2098.95,2098.95,2098.95,25,0,2098.95,1974.45,2369.8
12642,2021-04-03 13:09:00,2098.95,2098.95,2098.95,2098.95,25,0,2098.95,1974.45,2369.8
12643,2021-04-03 13:10:00,2098.95,2098.95,2098.95,2098.95,25,0,2098.95,1974.45,2369.8
12644,2021-04-03 13:11:00,2098.95,2098.95,2098.95,2098.95,25,0,2098.95,1974.45,2369.8
12645,2021-04-03 13:12:00,2098.95,2098.95,2098.95,2098.95,25,0,2098.95,1974.45,2369.8
12646,2021-04-03 13:13:00,2098.95,2098.95,2098.95,2098.95,25,0,2098.95,1974.45,2369.8
12647,2021-04-03 13:14:00,2098.95,2098.95,2098.95,2098.95,25,0,2098.95,1974.45,2369.8
12648,2021-04-03 13:15:00,2098.95,2098.95,2098.95,2098.95,25,0,2098.95,1974.45,2369.8
12649,2021-04-03 13:16:00,2098.95,2098.95,2098.95,2098.95,25,0,2098.95,1974.45,2369.8
12650,2021-04-03 13:17:00,2098.95,2098.95,2098.95,2098.95,25,0,2098.95,1974.45,2369.8
12651,2021-04-03 13:18:00,2098.95,2098.95,2098.95,2098.95,25,0,2098.95,1974.45,2369.8
12652,2021-04-03 13:19:00,2098.95,2098.95,2098.95,2098.95,25,0,2098.95,1974.45,2369.8
12653,2021-04-03 13:20:00,2098.95,2098.95,2098.95,2098.95,25,0,2098.95,1974.45,2369.8
12654,2021-04-03 13:21:00,2098.95,2098.95,2098.95,2098.95,25,0,2098.95,1974.45,2369.8
12655,2021-04-03 13:22:00,2098.95,2098.95,2098.95,2098.95,25,0,2098.95,1974.45,2369.8
12656,2021-04-03 13:23:00,2098.95,2098.95,2098.95,2098.95,25,0,2098.95,1974.45,2369.8
12657,2021-04-03 13:24:00,2098.95,2098.95,2098.95,2098.95,25,0,2098.95,1974.45,2369.8
12658,2021-04-03 13:25:00,2098.95,2098.95,2098.95,2098.95,25,0,2098.95,1974.45,2369.8
12659,2021-04-03 13:26:00,2098.95,2098.95,2098.95,2098.95,25,0,2098.95,1974.45,2369.8
12660,2021-04-03 13:27:00,2098.95,2098.95,2098.95,2098.95,25,0,2098.95,1974.45,2369.8
12661,2021-04-03 13:28:00,2098.95,2098.95,2098.95,2098.95,25,0,2098.95,1974.45,2369.8
12662,2021-04-03 13:29:00,2098.95,2098.95,2098.95,2098.95,25,0,2098.95,1974.45,2369.8
12663,2021-04-03 13:30:00,2098.95,2098.95,2098.95,2098.95,25,0,2098.95,1974.45,2369.8
12664,2021-04-03 13:31:00,2098.95,2098.95,2098.95,2098.95,25,0,2098.95,1974.45,2369.8
12665,2021-04-03 13:32:00,2098.95,2098.95,2098.95,2098.95,25,0,2098.95,1974.45,2369.8
12666,2021-04-03 13:33:00,2098.95,2098.95,2098.95,2098.95,25,0,2098.95,1974.45,2369.8
12667,2021-04-03 13:34:00,2098.95,2098.95,2098.95,2098.95,25,0,2098.95,1974.45,2369.8
12668,2021-04-03 13:35:00,2098.95,2098.95,2098.95,2098.95,25,0,2098.95,1974.45,2369.8
12669,2021-04-03 13:36:00,2098.95,2098.95,2098.95,2098.95,25,0,2098.95,1974.45,2369.8
12670,2021-04-03 13:37:00,2098.95,2098.95,2098.95,2098.95,25,0,2098.95,1974.45,2369.8
12671,2021-04-03 13:38:00,2098.95,2098.95,2098.95,2098.95,25,0,2098.95,1974.45,2369.8
12672,2021-04-03 13:39:00,2098.95,2098.95,2098.95,2098.95,25,0,2098.95,1974.45,2369.8
12673,2021-04-03 13:40:00,2098.95,2098.95,2098.95,2098.95,25,0,2098.95,1974.45,2369.8
12674,2021-04-03 13:41:00,2098.95,2098.95,2098.95,2098.95,25,0,2098.95,1974.45,2369.8
12675,2021-04-03 13:42:00,2098.95,2098.95,2098.95,2098.95,25,0,2098.95,1974.45,2369.8
12676,2021-04-03 13:43:00,2098.95,2098.95,2098.95,2098.95,25,0,2098.95,1974.45,2369.8
12677,2021-04-03 13:44:00,2098.95,2098.95,2098.95,2098.95,25,0,2098.95,1974.45,2369.8
12678,2021-04-03 13:45:00,2098.95,2098.95,2098.95,2098.95,25,0,2098.95,1974.45,2369.8
12679,2021-04-03 13:46:00,2098.95,2098.95,2098.95,2098.95,25,0,2098.95,1974.45,2369.8
12680,2021-04-03 13:47:00,2098.95,2098.95,2098.95,2098.95,25,0,2098.95,1974.45,2369.8
12681,2021-04-03 13:48:00,2098.95,2098.95,2098.95,2098.95,25,0,2098.95,1974.45,2369.8
12682,2021-04-03 13:49:00,2098.95,2098.95,2098.95,2098.95,25,0,2098.95,1974.45,2369.8
12683,2021-04-03 13:50:00,2098.95,2098.95,2098.95,2098.95,25,0,2098.95,1974.45,2369.8
12684,2021-04-03 13:51:00,2098.95,2098.95,2098.95,2098.95,25,0,2098.95,1974.45,2369.8
12685,2021-04-03 13:52:00,2098.95,2098.95,2098.95,2098.95,25,0,2098.95,1974.45,2369.8
12686,2021-04-03 13:53:00,2098.95,2098.95,2098.95,2098.95,25,0,2098.95,1974.45,2369.8
12687,2021-04-03 13:54:00,2098.95,2098.95,2098.95,2098.95,25,0,2098.95,1974.45,2369.8
12688,2021-04-03 13:55:00,2098.95,2098.95,2098.95,2098.95,25,0,2098.95,1974.45,2369.8
12689,2021-04-03 13:56:00,2098.95,2098.95,2098.95,2098.95,25,0,2098.95,1974.45,2369.8
12690,2021-04-03 13:57:00,2098.95,2098.95,2098.95,2098.95,25,0,2098.95,1974.45,2369.8
12691,2021-04-03 13:58:00,2098.95,2098.95,2098.95,2098.95,25,0,2098.95,1974.45,2369.8
12692,2021-04-03 13:59:00,2098.95,2098.95,2098.95,2098.95,25,0,2098.95,1974.45,2369.8
12693,2021-04-03 14:00:00,2098.95,2098.95,2098.95,2098.95,25,0,2098.95,1974.45,2369.8
12694,2021-04-03 14:01:00,2098.95,2098.95,2098.95,2098.95,25,0,2098.95,1974.45,2369.8
12695,2021-04-03 14:02:00,2098.95,2098.95,2098.95,2098.95,25,0,2098.95,1974.45,2369.8
12696,2021-04-03 14:03:00,2098.95,2098.95,2098.95,2098.95,25,0,2098.95,1974.45,2369.8
12697,2021-04-03 14:04:00,2098.95,2098.95,2098.95,2098.95,25,0,2098.95,1974.45,2369.8
12698,2021-04-03 14:05:00,2098.95,2098.95,2098.95,2098.95,25,0,2098.95,1974.45,2369.8
12699,2021-04-03 14:06:00,2098.95,2098.95,2098.95,2098.95,25,0,2098.95,1974.45,2369.8
12700,2021-04-03 14:07:00,2098.95,2098.95,2098.95,2098.95,25,0,2098.95,1974.45,2369.8
12701,2021-04-03 14:08:00,2098.95,2098.95,2098.95,2098.95,25,0,2098.95,1974.45,2369.8
12702,2021-04-03 14:09:00,2098.95,2098.95,2098.95,2098.95,25,0,2098.95,1974.45,2369.8
12703,2021-04-03 14:10:00,2098.95,2098.95,2098.95,2098.95,25,0,2098.95,1974.45,2369.8
12704,2021-04-03 14:11:00,2098.95,2098.95,2098.95,2098.95,25,0,2098.95,1974.45,2369.8
12705,2021-04-03 14:12:00,2098.95,2098.95,2098.95,2098.95,25,0,2098.95,1974.45,2369.8
12706,2021-04-03 14:13:00,2098.95,2098.95,2098.95,2098.95,25,0,2098.95,1974.45,2369.8
12707,2021-04-03 14:14:00,2098.95,2098.95,2098.95,2098.95,25,0,2098.95,1974.45,2369.8
12708,2021-04-03 14:15:00,2098.95,2098.95,2098.95,2098.95,25,0,2098.95,1974.45,2369.8
12709,2021-04-03 14:16:00,2098.95,2098.95,2098.95,2098.95,25,0,2098.95,1974.45,2369.8
12710,2021-04-03 14:17:00,2098.95,2098.95,2098.95,2098.95,25,0,2098.95,1974.45,2369.8
12711,2021-04-03 14:18:00,2098.95,2098.95,2098.95,2098.95,25,0,2098.95,1974.45,2369.8
12712,2021-04-03 14:19:00,2098.95,2098.95,2098.95,2098.95,25,0,2098.95,1974.45,2369.8
12713,2021-04-03 14:20:00,2098.95,2098.95,2098.95,2098.95,25,0,2098.95,1974.45,2369.8
12714,2021-04-03 14:21:00,2098.95,2098.95,2098.95,2098.95,25,0,2098.95,1974.45,2369.8
12715,2021-04-03 14:22:00,2098.95,2098.95,2098.95,2098.95,25,0,2098.95,1974.45,2369.8
12716,2021-04-03 14:23:00,2098.95,2098.95,2098.95,2098.95,25,0,2098.95,1974.45,2369.8
12717,2021-04-03 14:24:00,2098.95,2098.95,2098.95,2098.95,25,0,2098.95,1974.45,2369.8
12718,2021-04-03 14:25:00,2098.95,2098.95,2098.95,2098.95,25,0,2098.95,1974.45,2369.8
12719,2021-04-03 14:26:00,2098.95,2098.95,2098.95,2098.95,25,0,2098.95,1974.45,2369.8
12720,2021-04-03 14:27:00,2098.95,2098.95,2098.95,2098.95,25,0,2098.95,1974.45,2369.8
12721,2021-04-03 14:28:00,2098.95,2098.95,2098.95,2098.95,25,0,2098.95,1974.45,2369.8
12722,2021-04-03 14:29:00,2098.95,2098.95,2098.95,2098.95,25,0,2098.95,1974.45,2369.8
12723,2021-04-03 14:30:00,2098.95,2098.95,2098.95,2098.95,25,0,2098.95,1974.45,2369.8
12724,2021-04-03 14:31:00,2098.95,2098.95,2098.95,2098.95,25,0,2098.95,1974.45,2369.8
12725,2021-04-03 14:32:00,2098.95,2098.95,2098.95,2098.95,25,0,2098.95,1974.45,2369.8
12726,2021-04-03 14:33:00,2098.95,2098.95,2098.95,2098.95,25,0,2098.95,1974.45,2369.8
12727,2021-04-03 14:34:00,2098.95,2098.95,2098.95,2098.95,25,0,2098.95,1974.45,2369.8
12728,2021-04-03 14:35:00,2098.95,2098.95,2098.95,2098.95,25,0,2098.95,1974.45,2369.8
12729,2021-04-03 14:36:00,2098.95,2098.95,2098.95,2098.95,25,0,2098.95,1974.45,2369.8
12730,2021-04-03 14:37:00,2098.95,2098.95,2098.95,2098.95,25,0,2098.95,1974.45,2369.8
12731,2021-04-03 14:38:00,2098.95,2098.95,2098.95,2098.95,25,0,2098.95,1974.45,2369.8
12732,2021-04-03 14:39:00,2098.95,2098.95,2098.95,2098.95,25,0,2098.95,1974.45,2369.8
12733,2021-04-03 14:40:00,2098.95,2098.95,2098.95,2098.95,25,0,2098.95,1974.45,2369.8
12734,2021-04-03 14:41:00,2098.95,2098.95,2098.95,2098.95,25,0,2098.95,1974.45,2369.8
12735,2021-04-03 14:42:00,2098.95,2098.95,2098.95,2098.95,25,0,2098.95,1974.45,2369.8
12736,2021-04-03 14:43:00,2098.95,2098.95,2098.95,2098.95,25,0,2098.95,1974.45,2369.8
12737,2021-04-03 14:44:00,2098.95,2098.95,2098.95,2098.95,25,0,2098.95,1974.45,2369.8
12738,2021-04-03 14:45:00,2098.95,2098.95,2098.95,2098.95,25,0,2098.95,1974.45,2369.8
12739,2021-04-03 14:46:00,2098.95,2098.95,2098.95,2098.95,25,0,2098.95,1974.45,2369.8
12740,2021-04-03 14:47:00,2098.95,2098.95,2098.95,2098.95,25,0,2098.95,1974.45,2369.8
12741,2021-04-03 14:48:00,2098.95,2098.95,2098.95,2098.95,25,0,2098.95,1974.45,2369.8
12742,2021-04-03 14:49:00,2098.95,2098.95,2098.95,2098.95,25,0,2098.95,1974.45,2369.8
12743,2021-04-03 14:50:00,2098.95,2098.95,2098.95,2098.95,25,0,2098.95,1974.45,2369.8
12744,2021-04-03 14:51:00,2098.95,2098.95,2098.95,2098.95,25,0,2098.95,1974.45,2369.8
12745,2021-04-03 14:52:00,2098.95,2098.95,2098.95,2098.95,25,0,2098.95,1974.45,2369.8
12746,2021-04-03 14:53:00,2098.95,2098.95,2098.95,2098.95,25,0,2098.95,1974.45,2369.8
12747,2021-04-03 14:54:00,2098.95,2098.95,2098.95,2098.95,25,0,2098.95,1974.45,2369.8
12748,2021-04-03 14:55:00,2098.95,2098.95,2098.95,2098.95,25,0,2098.95,1974.45,2369.8
12749,2021-04-03 14:56:00,2098.95,2098.95,2098.95,2098.95,25,0,2098.95,1974.45,2369.8
12750,2021-04-03 14:57:00,2098.95,2098.95,2098.95,2098.95,25,0,2098.95,1974.45,2369.8
12751,2021-04-03 14:58:00,2098.95,2098.95,2098.95,2098.95,25,0,2098.95,1974.45,2369.8
12752,2021-04-03 14:59:00,2098.95,2098.95,2098.95,2098.95,25,0,2098.95,1974.45,2369.8
12753,2021-04-03 15:00:00,2098.95,2098.95,2098.95,2098.95,25,0,2098.95,1974.45,2369.8
12754,2021-04-03 15:01:00,2098.95,2098.95,2098.95,2098.95,25,0,2098.95,1974.45,2369.8
12755,2021-04-03 15:02:00,2098.95,2098.95,2098.95,2098.95,25,0,2098.95,1974.45,2369.8
12756,2021-04-03 15:03:00,2098.95,2098.95,2098.95,2098.95,25,0,2098.95,1974.45,2369.8
12757,2021-04-03 15:04:00,2098.95,2098.95,2098.95,2098.95,25,0,2098.95,1974.45,2369.8
12758,2021-04-03 15:05:00,2098.95,2098.95,2098.95,2098.95,25,0,2098.95,1974.45,2369.8
12759,2021-04-03 15:06:00,2098.95,2098.95,2098.95,2098.95,25,0,2098.95,1974.45,2369.8
12760,2021-04-03 15:07:00,2098.95,2098.95,2098.95,2098.95,25,0,2098.95,1974.45,2369.8
12761,2021-04-03 15:08:00,2098.95,2098.95,2098.95,2098.95,25,0,2098.95,1974.45,2369.8
12762,2021-04-03 15:09:00,2098.95,2098.95,2098.95,2098.95,25,0,2098.95,1974.45,2369.8
12763,2021-04-03 15:10:00,2098.95,2098.95,2098.95,2098.95,25,0,2098.95,1974.45,2369.8
12764,2021-04-03 15:11:00,2098.95,2098.95,2098.95,2098.95,25,0,2098.95,1974.45,2369.8
12765,2021-04-03 15:12:00,2098.95,2098.95,2098.95,2098.95,25,0,2098.95,1974.45,2369.8
12766,2021-04-03 15:13:00,2098.95,2098.95,2098.95,2098.95,25,0,2098.95,1974.45,2369.8
12767,2021-04-03 15:14:00,2098.95,2098.95,2098.95,2098.95,25,0,2098.95,1974.45,2369.8
12768,2021-04-03 15:15:00,2098.95,2098.95,2098.95,2098.95,25,0,2098.95,1974.45,2369.8
12769,2021-04-03 15:16:00,2098.95,2098.95,2098.95,2098.95,25,0,2098.95,1974.45,2369.8
12770,2021-04-03 15:17:00,2098.95,2098.95,2098.95,2098.95,25,0,2098.95,1974.45,2369.8
12771,2021-04-03 15:18:00,2098.95,2098.95,2098.95,2098.95,25,0,2098.95,1974.45,2369.8
12772,2021-04-03 15:19:00,2098.95,2098.95,2098.95,2098.95,25,0,2098.95,1974.45,2369.8
12773,2021-04-03 15:20:00,2098.95,2098.95,2098.95,2098.95,25,0,2098.95,1974.45,2369.8
12774,2021-04-03 15:21:00,2098.95,2098.95,2098.95,2098.95,25,0,2098.95,1974.45,2369.8
12775,2021-04-03 15:22:00,2098.95,2098.95,2098.95,2098.95,25,0,2098.95,1974.45,2369.8
12776,2021-04-03 15:23:00,2098.95,2098.95,2098.95,2098.95,25,0,2098.95,1974.45,2369.8
12777,2021-04-03 15:24:00,2098.95,2098.95,2098.95,2098.95,25,0,2098.95,1974.45,2369.8
12778,2021-04-03 15:25:00,2098.95,2098.95,2098.95,2098.95,25,0,2098.95,1974.45,2369.8
12779,2021-04-03 15:26:00,2098.95,2098.95,2098.95,2098.95,25,0,2098.95,1974.45,2369.8
12780,2021-04-03 15:27:00,2098.95,2098.95,2098.95,2098.95,25,0,2098.95,1974.45,2369.8
12781,2021-04-03 15:28:00,2098.95,2098.95,2098.95,2098.95,25,0,2098.95,1974.45,2369.8
12782,2021-04-03 15:29:00,2098.95,2098.95,2098.95,2098.95,25,0,2098.95,1974.45,2369.8
12783,2021-04-03 15:30:00,2098.95,2098.95,2098.95,2098.95,25,0,2098.95,1974.45,2369.8
12784,2021-04-04 09:15:00,2098.95,2098.95,2098.95,2098.95,25,0,2098.95,1974.45,2369.8
12785,2021-04-04 09:16:00,2098.95,2098.95,2098.95,2098.95,25,0,2098.95,1974.45,2369.8
12786,2021-04-04 09:17:00,2098.95,2098.95,2098.95,2098.95,25,0,2098.95,1974.45,2369.8
12787,2021-04-04 09:18:00,2098.95,2098.95,2098.95,2098.95,25,0,2098.95,1974.45,2369.8
12788,2021-04-04 09:19:00,2098.95,2098.95,2098.95,2098.95,25,0,2098.95,1974.45,2369.8
12789,2021-04-04 09:20:00,2098.95,2098.95,2098.95,2098.95,25,0,2098.95,1974.45,2369.8
12790,2021-04-04 09:21:00,2098.95,2098.95,2098.95,2098.95,25,0,2098.95,1974.45,2369.8
12791,2021-04-04 09:22:00,2098.95,2098.95,2098.95,2098.95,25,0,2098.95,1974.45,2369.8
12792,2021-04-04 09:23:00,2098.95,2098.95,2098.95,2098.95,25,0,2098.95,1974.45,2369.8
12793,2021-04-04 09:24:00,2098.95,2098.95,2098.95,2098.95,25,0,2098.95,1974.45,2369.8
12794,2021-04-04 09:25:00,2098.95,2098.95,2098.95,2098.95,25,0,2098.95,1974.45,2369.8
12795,2021-04-04 09:26:00,2098.95,2098.95,2098.95,2098.95,25,0,2098.95,1974.45,2369.8
12796,2021-04-04 09:27:00,2098.95,2098.95,2098.95,2098.95,25,0,2098.95,1974.45,2369.8
12797,2021-04-04 09:28:00,2098.95,2098.95,2098.95,2098.95,25,0,2098.95,1974.45,2369.8
12798,2021-04-04 09:29:00,2098.95,2098.95,2098.95,2098.95,25,0,2098.95,1974.45,2369.8
12799,2021-04-04 09:30:00,2098.95,2098.95,2098.95,2098.95,25,0,2098.95,1974.45,2369.8
12800,2021-04-04 09:31:00,2098.95,2098.95,2098.95,2098.95,25,0,2098.95,1974.45,2369.8
12801,2021-04-04 09:32:00,2098.95,2098.95,2098.95,2098.95,25,0,2098.95,1974.45,2369.8
12802,2021-04-04 09:33:00,2098.95,2098.95,2098.95,2098.95,25,0,2098.95,1974.45,2369.8
12803,2021-04-04 09:34:00,2098.95,2098.95,2098.95,2098.95,25,0,2098.95,1974.45,2369.8
12804,2021-04-04 09:35:00,2098.95,2098.95,2098.95,2098.95,25,0,2098.95,1974.45,2369.8
12805,2021-04-04 09:36:00,2098.95,2098.95,2098.95,2098.95,25,0,2098.95,1974.45,2369.8
12806,2021-04-04 09:37:00,2098.95,2098.95,2098.95,2098.95,25,0,2098.95,1974.45,2369.8
12807,2021-04-04 09:38:00,2098.95,2098.95,2098.95,2098.95,25,0,2098.95,1974.45,2369.8
12808,2021-04-04 09:39:00,2098.95,2098.95,2098.95,2098.95,25,0,2098.95,1974.45,2369.8
12809,2021-04-04 09:40:00,2098.95,2098.95,2098.95,2098.95,25,0,2098.95,1974.45,2369.8
12810,2021-04-04 09:41:00,2098.95,2098.95,2098.95,2098.95,25,0,2098.95,1974.45,2369.8
12811,2021-04-04 09:42:00,2098.95,2098.95,2098.95,2098.95,25,0,2098.95,1974.45,2369.8
12812,2021-04-04 09:43:00,2098.95,2098.95,2098.95,2098.95,25,0,2098.95,1974.45,2369.8
12813,2021-04-04 09:44:00,2098.95,2098.95,2098.95,2098.95,25,0,2098.95,1974.45,2369.8
12814,2021-04-04 09:45:00,2098.95,2098.95,2098.95,2098.95,25,0,2098.95,1974.45,2369.8
12815,2021-04-04 09:46:00,2098.95,2098.95,2098.95,2098.95,25,0,2098.95,1974.45,2369.8
12816,2021-04-04 09:47:00,2098.95,2098.95,2098.95,2098.95,25,0,2098.95,1974.45,2369.8
12817,2021-04-04 09:48:00,2098.95,2098.95,2098.95,2098.95,25,0,2098.95,1974.45,2369.8
12818,2021-04-04 09:49:00,2098.95,2098.95,2098.95,2098.95,25,0,2098.95,1974.45,2369.8
12819,2021-04-04 09:50:00,2098.95,2098.95,2098.95,2098.95,25,0,2098.95,1974.45,2369.8
12820,2021-04-04 09:51:00,2098.95,2098.95,2098.95,2098.95,25,0,2098.95,1974.45,2369.8
12821,2021-04-04 09:52:00,2098.95,2098.95,2098.95,2098.95,25,0,2098.95,1974.45,2369.8
12822,2021-04-04 09:53:00,2098.95,2098.95,2098.95,2098.95,25,0,2098.95,1974.45,2369.8
12823,2021-04-04 09:54:00,2098.95,2098.95,2098.95,2098.95,25,0,2098.95,1974.45,2369.8
12824,2021-04-04 09:55:00,2098.95,2098.95,2098.95,2098.95,25,0,2098.95,1974.45,2369.8
12825,2021-04-04 09:56:00,2098.95,2098.95,2098.95,2098.95,25,0,2098.95,1974.45,2369.8
12826,2021-04-04 09:57:00,2098.95,2098.95,2098.95,2098.95,25,0,2098.95,1974.45,2369.8
12827,2021-04-04 09:58:00,2098.95,2098.95,2098.95,2098.95,25,0,2098.95,1974.45,2369.8
12828,2021-04-04 09:59:00,2098.95,2098.95,2098.95,2098.95,25,0,2098.95,1974.45,2369.8
12829,2021-04-04 10:00:00,2098.95,2098.95,2098.95,2098.95,25,0,2098.95,1974.45,2369.8
12830,2021-04-04 10:01:00,2098.95,2098.95,2098.95,2098.95,25,0,2098.95,1974.45,2369.8
12831,2021-04-04 10:02:00,2098.95,2098.95,2098.95,2098.95,25,0,2098.95,1974.45,2369.8
12832,2021-04-04 10:03:00,2098.95,2098.95,2098.95,2098.95,25,0,2098.95,1974.45,2369.8
12833,2021-04-04 10:04:00,2098.95,2098.95,2098.95,2098.95,25,0,2098.95,1974.45,2369.8
12834,2021-04-04 10:05:00,2098.95,2098.95,2098.95,2098.95,25,0,2098.95,1974.45,2369.8
12835,2021-04-04 10:06:00,2098.95,2098.95,2098.95,2098.95,25,0,2098.95,1974.45,2369.8
12836,2021-04-04 10:07:00,2098.95,2098.95,2098.95,2098.95,25,0,2098.95,1974.45,2369.8
12837,2021-04-04 10:08:00,2098.95,2098.95,2098.95,2098.95,25,0,2098.95,1974.45,2369.8
12838,2021-04-04 10:09:00,2098.95,2098.95,2098.95,2098.95,25,0,2098.95,1974.45,2369.8
12839,2021-04-04 10:10:00,2098.95,2098.95,2098.95,2098.95,25,0,2098.95,1974.45,2369.8
12840,2021-04-04 10:11:00,2098.95,2098.95,2098.95,2098.95,25,0,2098.95,1974.45,2369.8
12841,2021-04-04 10:12:00,2098.95,2098.95,2098.95,2098.95,25,0,2098.95,1974.45,2369.8
12842,2021-04-04 10:13:00,2098.95,2098.95,2098.95,2098.95,25,0,2098.95,1974.45,2369.8
12843,2021-04-04 10:14:00,2098.95,2098.95,2098.95,2098.95,25,0,2098.95,1974.45,2369.8
12844,2021-04-04 10:15:00,2098.95,2098.95,2098.95,2098.95,25,0,2098.95,1974.45,2369.8
12845,2021-04-04 10:16:00,2098.95,2098.95,2098.95,2098.95,25,0,2098.95,1974.45,2369.8
12846,2021-04-04 10:17:00,2098.95,2098.95,2098.95,2098.95,25,0,2098.95,1974.45,2369.8
12847,2021-04-04 10:18:00,2098.95,2098.95,2098.95,2098.95,25,0,2098.95,1974.45,2369.8
12848,2021-04-04 10:19:00,2098.95,2098.95,2098.95,2098.95,25,0,2098.95,1974.45,2369.8
12849,2021-04-04 10:20:00,2098.95,2098.95,2098.95,2098.95,25,0,2098.95,1974.45,2369.8
12850,2021-04-04 10:21:00,2098.95,2098.95,2098.95,2098.95,25,0,2098.95,1974.45,2369.8
12851,2021-04-04 10:22:00,2098.95,2098.95,2098.95,2098.95,25,0,2098.95,1974.45,2369.8
12852,2021-04-04 10:23:00,2098.95,2098.95,2098.95,2098.95,25,0,2098.95,1974.45,2369.8
12853,2021-04-04 10:24:00,2098.95,2098.95,2098.95,2098.95,25,0,2098.95,1974.45,2369.8
12854,2021-04-04 10:25:00,2098.95,2098.95,2098.95,2098.95,25,0,2098.95,1974.45,2369.8
12855,2021-04-04 10:26:00,2098.95,2098.95,2098.95,2098.95,25,0,2098.95,1974.45,2369.8
12856,2021-04-04 10:27:00,2098.95,2098.95,2098.95,2098.95,25,0,2098.95,1974.45,2369.8
12857,2021-04-04 10:28:00,2098.95,2098.95,2098.95,2098.95,25,0,2098.95,1974.45,2369.8
12858,2021-04-04 10:29:00,2098.95,2098.95,2098.95,2098.95,25,0,2098.95,1974.45,2369.8
12859,2021-04-04 10:30:00,2098.95,2098.95,2098.95,2098.95,25,0,2098.95,1974.45,2369.8
12860,2021-04-04 10:31:00,2098.95,2098.95,2098.95,2098.95,25,0,2098.95,1974.45,2369.8
12861,2021-04-04 10:32:00,2098.95,2098.95,2098.95,2098.95,25,0,2098.95,1974.45,2369.8
12862,2021-04-04 10:33:00,2098.95,2098.95,2098.95,2098.95,25,0,2098.95,1974.45,2369.8
12863,2021-04-04 10:34:00,2098.95,2098.95,2098.95,2098.95,25,0,2098.95,1974.45,2369.8
12864,2021-04-04 10:35:00,2098.95,2098.95,2098.95,2098.95,25,0,2098.95,1974.45,2369.8
12865,2021-04-04 10:36:00,2098.95,2098.95,2098.95,2098.95,25,0,2098.95,1974.45,2369.8
12866,2021-04-04 10:37:00,2098.95,2098.95,2098.95,2098.95,25,0,2098.95,1974.45,2369.8
12867,2021-04-04 10:38:00,2098.95,2098.95,2098.95,2098.95,25,0,2098.95,1974.45,2369.8
12868,2021-04-04 10:39:00,2098.95,2098.95,2098.95,2098.95,25,0,2098.95,1974.45,2369.8
12869,2021-04-04 10:40:00,2098.95,2098.95,2098.95,2098.95,25,0,2098.95,1974.45,2369.8
12870,2021-04-04 10:41:00,2098.95,2098.95,2098.95,2098.95,25,0,2098.95,1974.45,2369.8
12871,2021-04-04 10:42:00,2098.95,2098.95,2098.95,2098.95,25,0,2098.95,1974.45,2369.8
12872,2021-04-04 10:43:00,2098.95,2098.95,2098.95,2098.95,25,0,2098.95,1974.45,2369.8
12873,2021-04-04 10:44:00,2098.95,2098.95,2098.95,2098.95,25,0,2098.95,1974.45,2369.8
12874,2021-04-04 10:45:00,2098.95,2098.95,2098.95,2098.95,25,0,2098.95,1974.45,2369.8
12875,2021-04-04 10:46:00,2098.95,2098.95,2098.95,2098.95,25,0,2098.95,1974.45,2369.8
12876,2021-04-04 10:47:00,2098.95,2098.95,2098.95,2098.95,25,0,2098.95,1974.45,2369.8
12877,2021-04-04 10:48:00,2098.95,2098.95,2098.95,2098.95,25,0,2098.95,1974.45,2369.8
12878,2021-04-04 10:49:00,2098.95,2098.95,2098.95,2098.95,25,0,2098.95,1974.45,2369.8
12879,2021-04-04 10:50:00,2098.95,2098.95,2098.95,2098.95,25,0,2098.95,1974.45,2369.8
12880,2021-04-04 10:51:00,2098.95,2098.95,2098.95,2098.95,25,0,2098.95,1974.45,2369.8
12881,2021-04-04 10:52:00,2098.95,2098.95,2098.95,2098.95,25,0,2098.95,1974.45,2369.8
12882,2021-04-04 10:53:00,2098.95,2098.95,2098.95,2098.95,25,0,2098.95,1974.45,2369.8
12883,2021-04-04 10:54:00,2098.95,2098.95,2098.95,2098.95,25,0,2098.95,1974.45,2369.8
12884,2021-04-04 10:55:00,2098.95,2098.95,2098.95,2098.95,25,0,2098.95,1974.45,2369.8
12885,2021-04-04 10:56:00,2098.95,2098.95,2098.95,2098.95,25,0,2098.95,1974.45,2369.8
12886,2021-04-04 10:57:00,2098.95,2098.95,2098.95,2098.95,25,0,2098.95,1974.45,2369.8
12887,2021-04-04 10:58:00,2098.95,2098.95,2098.95,2098.95,25,0,2098.95,1974.45,2369.8
12888,2021-04-04 10:59:00,2098.95,2098.95,2098.95,2098.95,25,0,2098.95,1974.45,2369.8
12889,2021-04-04 11:00:00,2098.95,2098.95,2098.95,2098.95,25,0,2098.95,1974.45,2369.8
12890,2021-04-04 11:01:00,2098.95,2098.95,2098.95,2098.95,25,0,2098.95,1974.45,2369.8
12891,2021-04-04 11:02:00,2098.95,2098.95,2098.95,2098.95,25,0,2098.95,1974.45,2369.8
12892,2021-04-04 11:03:00,2098.95,2098.95,2098.95,2098.95,25,0,2098.95,1974.45,2369.8
12893,2021-04-04 11:04:00,2098.95,2098.95,2098.95,2098.95,25,0,2098.95,1974.45,2369.8
12894,2021-04-04 11:05:00,2098.95,2098.95,2098.95,2098.95,25,0,2098.95,1974.45,2369.8
12895,2021-04-04 11:06:00,2098.95,2098.95,2098.95,2098.95,25,0,2098.95,1974.45,2369.8
12896,2021-04-04 11:07:00,2098.95,2098.95,2098.95,2098.95,25,0,2098.95,1974.45,2369.8
12897,2021-04-04 11:08:00,2098.95,2098.95,2098.95,2098.95,25,0,2098.95,1974.45,2369.8
12898,2021-04-04 11:09:00,2098.95,2098.95,2098.95,2098.95,25,0,2098.95,1974.45,2369.8
12899,2021-04-04 11:10:00,2098.95,2098.95,2098.95,2098.95,25,0,2098.95,1974.45,2369.8
12900,2021-04-04 11:11:00,2098.95,2098.95,2098.95,2098.95,25,0,2098.95,1974.45,2369.8
12901,2021-04-04 11:12:00,2098.95,2098.95,2098.95,2098.95,25,0,2098.95,1974.45,2369.8
12902,2021-04-04 11:13:00,2098.95,2098.95,2098.95,2098.95,25,0,2098.95,1974.45,2369.8
12903,2021-04-04 11:14:00,2098.95,2098.95,2098.95,2098.95,25,0,2098.95,1974.45,2369.8
12904,2021-04-04 11:15:00,2098.95,2098.95,2098.95,2098.95,25,0,2098.95,1974.45,2369.8
12905,2021-04-04 11:16:00,2098.95,2098.95,2098.95,2098.95,25,0,2098.95,1974.45,2369.8
12906,2021-04-04 11:17:00,2098.95,2098.95,2098.95,2098.95,25,0,2098.95,1974.45,2369.8
12907,2021-04-04 11:18:00,2098.95,2098.95,2098.95,2098.95,25,0,2098.95,1974.45,2369.8
12908,2021-04-04 11:19:00,2098.95,2098.95,2098.95,2098.95,25,0,2098.95,1974.45,2369.8
12909,2021-04-04 11:20:00,2098.95,2098.95,2098.95,2098.95,25,0,2098.95,1974.45,2369.8
12910,2021-04-04 11:21:00,2098.95,2098.95,2098.95,2098.95,25,0,2098.95,1974.45,2369.8
12911,2021-04-04 11:22:00,2098.95,2098.95,2098.95,2098.95,25,0,2098.95,1974.45,2369.8
12912,2021-04-04 11:23:00,2098.95,2098.95,2098.95,2098.95,25,0,2098.95,1974.45,2369.8
12913,2021-04-04 11:24:00,2098.95,2098.95,2098.95,2098.95,25,0,2098.95,1974.45,2369.8
12914,2021-04-04 11:25:00,2098.95,2098.95,2098.95,2098.95,25,0,2098.95,1974.45,2369.8
12915,2021-04-04 11:26:00,2098.95,2098.95,2098.95,2098.95,25,0,2098.95,1974.45,2369.8
12916,2021-04-04 11:27:00,2098.95,2098.95,2098.95,2098.95,25,0,2098.95,1974.45,2369.8
12917,2021-04-04 11:28:00,2098.95,2098.95,2098.95,2098.95,25,0,2098.95,1974.45,2369.8
12918,2021-04-04 11:29:00,2098.95,2098.95,2098.95,2098.95,25,0,2098.95,1974.45,2369.8
12919,2021-04-04 11:30:00,2098.95,2098.95,2098.95,2098.95,25,0,2098.95,1974.45,2369.8
12920,2021-04-04 11:31:00,2098.95,2098.95,2098.95,2098.95,25,0,2098.95,1974.45,2369.8
12921,2021-04-04 11:32:00,2098.95,2098.95,2098.95,2098.95,25,0,2098.95,1974.45,2369.8
12922,2021-04-04 11:33:00,2098.95,2098.95,2098.95,2098.95,25,0,2098.95,1974.45,2369.8
12923,2021-04-04 11:34:00,2098.95,2098.95,2098.95,2098.95,25,0,2098.95,1974.45,2369.8
12924,2021-04-04 11:35:00,2098.95,2098.95,2098.95,2098.95,25,0,2098.95,1974.45,2369.8
12925,2021-04-04 11:36:00,2098.95,2098.95,2098.95,2098.95,25,0,2098.95,1974.45,2369.8
12926,2021-04-04 11:37:00,2098.95,2098.95,2098.95,2098.95,25,0,2098.95,1974.45,2369.8
12927,2021-04-04 11:38:00,2098.95,2098.95,2098.95,2098.95,25,0,2098.95,1974.45,2369.8
12928,2021-04-04 11:39:00,2098.95,2098.95,2098.95,2098.95,25,0,2098.95,1974.45,2369.8
12929,2021-04-04 11:40:00,2098.95,2098.95,2098.95,2098.95,25,0,2098.95,1974.45,2369.8
12930,2021-04-04 11:41:00,2098.95,2098.95,2098.95,2098.95,25,0,2098.95,1974.45,2369.8
12931,2021-04-04 11:42:00,2098.95,2098.95,2098.95,2098.95,25,0,2098.95,1974.45,2369.8
12932,2021-04-04 11:43:00,2098.95,2098.95,2098.95,2098.95,25,0,2098.95,1974.45,2369.8
12933,2021-04-04 11:44:00,2098.95,2098.95,2098.95,2098.95,25,0,2098.95,1974.45,2369.8
12934,2021-04-04 11:45:00,2098.95,2098.95,2098.95,2098.95,25,0,2098.95,1974.45,2369.8
12935,2021-04-04 11:46:00,2098.95,2098.95,2098.95,2098.95,25,0,2098.95,1974.45,2369.8
12936,2021-04-04 11:47:00,2098.95,2098.95,2098.95,2098.95,25,0,2098.95,1974.45,2369.8
12937,2021-04-04 11:48:00,2098.95,2098.95,2098.95,2098.95,25,0,2098.95,1974.45,2369.8
12938,2021-04-04 11:49:00,2098.95,2098.95,2098.95,2098.95,25,0,2098.95,1974.45,2369.8
12939,2021-04-04 11:50:00,2098.95,2098.95,2098.95,2098.95,25,0,2098.95,1974.45,2369.8
12940,2021-04-04 11:51:00,2098.95,2098.95,2098.95,2098.95,25,0,2098.95,1974.45,2369.8
12941,2021-04-04 11:52:00,2098.95,2098.95,2098.95,2098.95,25,0,2098.95,1974.45,2369.8
12942,2021-04-04 11:53:00,2098.95,2098.95,2098.95,2098.95,25,0,2098.95,1974.45,2369.8
12943,2021-04-04 11:54:00,2098.95,2098.95,2098.95,2098.95,25,0,2098.95,1974.45,2369.8
12944,2021-04-04 11:55:00,2098.95,2098.95,2098.95,2098.95,25,0,2098.95,1974.45,2369.8
12945,2021-04-04 11:56:00,2098.95,2098.95,2098.95,2098.95,25,0,2098.95,1974.45,2369.8
12946,2021-04-04 11:57:00,2098.95,2098.95,2098.95,2098.95,25,0,2098.95,1974.45,2369.8
12947,2021-04-04 11:58:00,2098.95,2098.95,2098.95,2098.95,25,0,2098.95,1974.45,2369.8
12948,2021-04-04 11:59:00,2098.95,2098.95,2098.95,2098.95,25,0,2098.95,1974.45,2369.8
12949,2021-04-04 12:00:00,2098.95,2098.95,2098.95,2098.95,25,0,2098.95,1974.45,2369.8
12950,2021-04-04 12:01:00,2098.95,2098.95,2098.95,2098.95,25,0,2098.95,1974.45,2369.8
12951,2021-04-04 12:02:00,2098.95,2098.95,2098.95,2098.95,25,0,2098.95,1974.45,2369.8
12952,2021-04-04 12:03:00,2098.95,2098.95,2098.95,2098.95,25,0,2098.95,1974.45,2369.8
12953,2021-04-04 12:04:00,2098.95,2098.95,2098.95,2098.95,25,0,2098.95,1974.45,2369.8
12954,2021-04-04 12:05:00,2098.95,2098.95,2098.95,2098.95,25,0,2098.95,1974.45,2369.8
12955,2021-04-04 12:06:00,2098.95,2098.95,2098.95,2098.95,25,0,2098.95,1974.45,2369.8
12956,2021-04-04 12:07:00,2098.95,2098.95,2098.95,2098.95,25,0,2098.95,1974.45,2369.8
12957,2021-04-04 12:08:00,2098.95,2098.95,2098.95,2098.95,25,0,2098.95,1974.45,2369.8
12958,2021-04-04 12:09:00,2098.95,2098.95,2098.95,2098.95,25,0,2098.95,1974.45,2369.8
12959,2021-04-04 12:10:00,2098.95,2098.95,2098.95,2098.95,25,0,2098.95,1974.45,2369.8
12960,2021-04-04 12:11:00,2098.95,2098.95,2098.95,2098.95,25,0,2098.95,1974.45,2369.8
12961,2021-04-04 12:12:00,2098.95,2098.95,2098.95,2098.95,25,0,2098.95,1974.45,2369.8
12962,2021-04-04 12:13:00,2098.95,2098.95,2098.95,2098.95,25,0,2098.95,1974.45,2369.8
12963,2021-04-04 12:14:00,2098.95,2098.95,2098.95,2098.95,25,0,2098.95,1974.45,2369.8
12964,2021-04-04 12:15:00,2098.95,2098.95,2098.95,2098.95,25,0,2098.95,1974.45,2369.8
12965,2021-04-04 12:16:00,2098.95,2098.95,2098.95,2098.95,25,0,2098.95,1974.45,2369.8
12966,2021-04-04 12:17:00,2098.95,2098.95,2098.95,2098.95,25,0,2098.95,1974.45,2369.8
12967,2021-04-04 12:18:00,2098.95,2098.95,2098.95,2098.95,25,0,2098.95,1974.45,2369.8
12968,2021-04-04 12:19:00,2098.95,2098.95,2098.95,2098.95,25,0,2098.95,1974.45,2369.8
12969,2021-04-04 12:20:00,2098.95,2098.95,2098.95,2098.95,25,0,2098.95,1974.45,2369.8
12970,2021-04-04 12:21:00,2098.95,2098.95,2098.95,2098.95,25,0,2098.95,1974.45,2369.8
12971,2021-04-04 12:22:00,2098.95,2098.95,2098.95,2098.95,25,0,2098.95,1974.45,2369.8
12972,2021-04-04 12:23:00,2098.95,2098.95,2098.95,2098.95,25,0,2098.95,1974.45,2369.8
12973,2021-04-04 12:24:00,2098.95,2098.95,2098.95,2098.95,25,0,2098.95,1974.45,2369.8
12974,2021-04-04 12:25:00,2098.95,2098.95,2098.95,2098.95,25,0,2098.95,1974.45,2369.8
12975,2021-04-04 12:26:00,2098.95,2098.95,2098.95,2098.95,25,0,2098.95,1974.45,2369.8
12976,2021-04-04 12:27:00,2098.95,2098.95,2098.95,2098.95,25,0,2098.95,1974.45,2369.8
12977,2021-04-04 12:28:00,2098.95,2098.95,2098.95,2098.95,25,0,2098.95,1974.45,2369.8
12978,2021-04-04 12:29:00,2098.95,2098.95,2098.95,2098.95,25,0,2098.95,1974.45,2369.8
12979,2021-04-04 12:30:00,2098.95,2098.95,2098.95,2098.95,25,0,2098.95,1974.45,2369.8
12980,2021-04-04 12:31:00,2098.95,2098.95,2098.95,2098.95,25,0,2098.95,1974.45,2369.8
12981,2021-04-04 12:32:00,2098.95,2098.95,2098.95,2098.95,25,0,2098.95,1974.45,2369.8
12982,2021-04-04 12:33:00,2098.95,2098.95,2098.95,2098.95,25,0,2098.95,1974.45,2369.8
12983,2021-04-04 12:34:00,2098.95,2098.95,2098.95,2098.95,25,0,2098.95,1974.45,2369.8
12984,2021-04-04 12:35:00,2098.95,2098.95,2098.95,2098.95,25,0,2098.95,1974.45,2369.8
12985,2021-04-04 12:36:00,2098.95,2098.95,2098.95,2098.95,25,0,2098.95,1974.45,2369.8
12986,2021-04-04 12:37:00,2098.95,2098.95,2098.95,2098.95,25,0,2098.95,1974.45,2369.8
12987,2021-04-04 12:38:00,2098.95,2098.95,2098.95,2098.95,25,0,2098.95,1974.45,2369.8
12988,2021-04-04 12:39:00,2098.95,2098.95,2098.95,2098.95,25,0,2098.95,1974.45,2369.8
12989,2021-04-04 12:40:00,2098.95,2098.95,2098.95,2098.95,25,0,2098.95,1974.45,2369.8
12990,2021-04-04 12:41:00,2098.95,2098.95,2098.95,2098.95,25,0,2098.95,1974.45,2369.8
12991,2021-04-04 12:42:00,2098.95,2098.95,2098.95,2098.95,25,0,2098.95,1974.45,2369.8
12992,2021-04-04 12:43:00,2098.95,2098.95,2098.95,2098.95,25,0,2098.95,1974.45,2369.8
12993,2021-04-04 12:44:00,2098.95,2098.95,2098.95,2098.95,25,0,2098.95,1974.45,2369.8
12994,2021-04-04 12:45:00,2098.95,2098.95,2098.95,2098.95,25,0,2098.95,1974.45,2369.8
12995,2021-04-04 12:46:00,2098.95,2098.95,2098.95,2098.95,25,0,2098.95,1974.45,2369.8
12996,2021-04-04 12:47:00,2098.95,2098.95,2098.95,2098.95,25,0,2098.95,1974.45,2369.8
12997,2021-04-04 12:48:00,2098.95,2098.95,2098.95,2098.95,25,0,2098.95,1974.45,2369.8
12998,2021-04-04 12:49:00,2098.95,2098.95,2098.95,2098.95,25,0,2098.95,1974.45,2369.8
12999,2021-04-04 12:50:00,2098.95,2098.95,2098.95,2098.95,25,0,2098.95,1974.45,2369.8
13000,2021-04-04 12:51:00,2098.95,2098.95,2098.95,2098.95,25,0,2098.95,1974.45,2369.8
13001,2021-04-04 12:52:00,2098.95,2098.95,2098.95,2098.95,25,0,2098.95,1974.45,2369.8
13002,2021-04-04 12:53:00,2098.95,2098.95,2098.95,2098.95,25,0,2098.95,1974.45,2369.8
13003,2021-04-04 12:54:00,2098.95,2098.95,2098.95,2098.95,25,0,2098.95,1974.45,2369.8
13004,2021-04-04 12:55:00,2098.95,2098.95,2098.95,2098.95,25,0,2098.95,1974.45,2369.8
13005,2021-04-04 12:56:00,2098.95,2098.95,2098.95,2098.95,25,0,2098.95,1974.45,2369.8
13006,2021-04-04 12:57:00,2098.95,2098.95,2098.95,2098.95,25,0,2098.95,1974.45,2369.8
13007,2021-04-04 12:58:00,2098.95,2098.95,2098.95,2098.95,25,0,2098.95,1974.45,2369.8
13008,2021-04-04 12:59:00,2098.95,2098.95,2098.95,2098.95,25,0,2098.95,1974.45,2369.8
13009,2021-04-04 13:00:00,2098.95,2098.95,2098.95,2098.95,25,0,2098.95,1974.45,2369.8
13010,2021-04-04 13:01:00,2098.95,2098.95,2098.95,2098.95,25,0,2098.95,1974.45,2369.8
13011,2021-04-04 13:02:00,2098.95,2098.95,2098.95,2098.95,25,0,2098.95,1974.45,2369.8
13012,2021-04-04 13:03:00,2098.95,2098.95,2098.95,2098.95,25,0,2098.95,1974.45,2369.8
13013,2021-04-04 13:04:00,2098.95,2098.95,2098.95,2098.95,25,0,2098.95,1974.45,2369.8
13014,2021-04-04 13:05:00,2098.95,2098.95,2098.95,2098.95,25,0,2098.95,1974.45,2369.8
13015,2021-04-04 13:06:00,2098.95,2098.95,2098.95,2098.95,25,0,2098.95,1974.45,2369.8
13016,2021-04-04 13:07:00,2098.95,2098.95,2098.95,2098.95,25,0,2098.95,1974.45,2369.8
13017,2021-04-04 13:08:00,2098.95,2098.95,2098.95,2098.95,25,0,2098.95,1974.45,2369.8
13018,2021-04-04 13:09:00,2098.95,2098.95,2098.95,2098.95,25,0,2098.95,1974.45,2369.8
13019,2021-04-04 13:10:00,2098.95,2098.95,2098.95,2098.95,25,0,2098.95,1974.45,2369.8
13020,2021-04-04 13:11:00,2098.95,2098.95,2098.95,2098.95,25,0,2098.95,1974.45,2369.8
13021,2021-04-04 13:12:00,2098.95,2098.95,2098.95,2098.95,25,0,2098.95,1974.45,2369.8
13022,2021-04-04 13:13:00,2098.95,2098.95,2098.95,2098.95,25,0,2098.95,1974.45,2369.8
13023,2021-04-04 13:14:00,2098.95,2098.95,2098.95,2098.95,25,0,2098.95,1974.45,2369.8
13024,2021-04-04 13:15:00,2098.95,2098.95,2098.95,2098.95,25,0,2098.95,1974.45,2369.8
13025,2021-04-04 13:16:00,2098.95,2098.95,2098.95,2098.95,25,0,2098.95,1974.45,2369.8
13026,2021-04-04 13:17:00,2098.95,2098.95,2098.95,2098.95,25,0,2098.95,1974.45,2369.8
13027,2021-04-04 13:18:00,2098.95,2098.95,2098.95,2098.95,25,0,2098.95,1974.45,2369.8
13028,2021-04-04 13:19:00,2098.95,2098.95,2098.95,2098.95,25,0,2098.95,1974.45,2369.8
13029,2021-04-04 13:20:00,2098.95,2098.95,2098.95,2098.95,25,0,2098.95,1974.45,2369.8
13030,2021-04-04 13:21:00,2098.95,2098.95,2098.95,2098.95,25,0,2098.95,1974.45,2369.8
13031,2021-04-04 13:22:00,2098.95,2098.95,2098.95,2098.95,25,0,2098.95,1974.45,2369.8
13032,2021-04-04 13:23:00,2098.95,2098.95,2098.95,2098.95,25,0,2098.95,1974.45,2369.8
13033,2021-04-04 13:24:00,2098.95,2098.95,2098.95,2098.95,25,0,2098.95,1974.45,2369.8
13034,2021-04-04 13:25:00,2098.95,2098.95,2098.95,2098.95,25,0,2098.95,1974.45,2369.8
13035,2021-04-04 13:26:00,2098.95,2098.95,2098.95,2098.95,25,0,2098.95,1974.45,2369.8
13036,2021-04-04 13:27:00,2098.95,2098.95,2098.95,2098.95,25,0,2098.95,1974.45,2369.8
13037,2021-04-04 13:28:00,2098.95,2098.95,2098.95,2098.95,25,0,2098.95,1974.45,2369.8
13038,2021-04-04 13:29:00,2098.95,2098.95,2098.95,2098.95,25,0,2098.95,1974.45,2369.8
13039,2021-04-04 13:30:00,2098.95,2098.95,2098.95,2098.95,25,0,2098.95,1974.45,2369.8
13040,2021-04-04 13:31:00,2098.95,2098.95,2098.95,2098.95,25,0,2098.95,1974.45,2369.8
13041,2021-04-04 13:32:00,2098.95,2098.95,2098.95,2098.95,25,0,2098.95,1974.45,2369.8
13042,2021-04-04 13:33:00,2098.95,2098.95,2098.95,2098.95,25,0,2098.95,1974.45,2369.8
13043,2021-04-04 13:34:00,2098.95,2098.95,2098.95,2098.95,25,0,2098.95,1974.45,2369.8
13044,2021-04-04 13:35:00,2098.95,2098.95,2098.95,2098.95,25,0,2098.95,1974.45,2369.8
13045,2021-04-04 13:36:00,2098.95,2098.95,2098.95,2098.95,25,0,2098.95,1974.45,2369.8
13046,2021-04-04 13:37:00,2098.95,2098.95,2098.95,2098.95,25,0,2098.95,1974.45,2369.8
13047,2021-04-04 13:38:00,2098.95,2098.95,2098.95,2098.95,25,0,2098.95,1974.45,2369.8
13048,2021-04-04 13:39:00,2098.95,2098.95,2098.95,2098.95,25,0,2098.95,1974.45,2369.8
13049,2021-04-04 13:40:00,2098.95,2098.95,2098.95,2098.95,25,0,2098.95,1974.45,2369.8
13050,2021-04-04 13:41:00,2098.95,2098.95,2098.95,2098.95,25,0,2098.95,1974.45,2369.8
13051,2021-04-04 13:42:00,2098.95,2098.95,2098.95,2098.95,25,0,2098.95,1974.45,2369.8
13052,2021-04-04 13:43:00,2098.95,2098.95,2098.95,2098.95,25,0,2098.95,1974.45,2369.8
13053,2021-04-04 13:44:00,2098.95,2098.95,2098.95,2098.95,25,0,2098.95,1974.45,2369.8
13054,2021-04-04 13:45:00,2098.95,2098.95,2098.95,2098.95,25,0,2098.95,1974.45,2369.8
13055,2021-04-04 13:46:00,2098.95,2098.95,2098.95,2098.95,25,0,2098.95,1974.45,2369.8
13056,2021-04-04 13:47:00,2098.95,2098.95,2098.95,2098.95,25,0,2098.95,1974.45,2369.8
13057,2021-04-04 13:48:00,2098.95,2098.95,2098.95,2098.95,25,0,2098.95,1974.45,2369.8
13058,2021-04-04 13:49:00,2098.95,2098.95,2098.95,2098.95,25,0,2098.95,1974.45,2369.8
13059,2021-04-04 13:50:00,2098.95,2098.95,2098.95,2098.95,25,0,2098.95,1974.45,2369.8
13060,2021-04-04 13:51:00,2098.95,2098.95,2098.95,2098.95,25,0,2098.95,1974.45,2369.8
13061,2021-04-04 13:52:00,2098.95,2098.95,2098.95,2098.95,25,0,2098.95,1974.45,2369.8
13062,2021-04-04 13:53:00,2098.95,2098.95,2098.95,2098.95,25,0,2098.95,1974.45,2369.8
13063,2021-04-04 13:54:00,2098.95,2098.95,2098.95,2098.95,25,0,2098.95,1974.45,2369.8
13064,2021-04-04 13:55:00,2098.95,2098.95,2098.95,2098.95,25,0,2098.95,1974.45,2369.8
13065,2021-04-04 13:56:00,2098.95,2098.95,2098.95,2098.95,25,0,2098.95,1974.45,2369.8
13066,2021-04-04 13:57:00,2098.95,2098.95,2098.95,2098.95,25,0,2098.95,1974.45,2369.8
13067,2021-04-04 13:58:00,2098.95,2098.95,2098.95,2098.95,25,0,2098.95,1974.45,2369.8
13068,2021-04-04 13:59:00,2098.95,2098.95,2098.95,2098.95,25,0,2098.95,1974.45,2369.8
13069,2021-04-04 14:00:00,2098.95,2098.95,2098.95,2098.95,25,0,2098.95,1974.45,2369.8
13070,2021-04-04 14:01:00,2098.95,2098.95,2098.95,2098.95,25,0,2098.95,1974.45,2369.8
13071,2021-04-04 14:02:00,2098.95,2098.95,2098.95,2098.95,25,0,2098.95,1974.45,2369.8
13072,2021-04-04 14:03:00,2098.95,2098.95,2098.95,2098.95,25,0,2098.95,1974.45,2369.8
13073,2021-04-04 14:04:00,2098.95,2098.95,2098.95,2098.95,25,0,2098.95,1974.45,2369.8
13074,2021-04-04 14:05:00,2098.95,2098.95,2098.95,2098.95,25,0,2098.95,1974.45,2369.8
13075,2021-04-04 14:06:00,2098.95,2098.95,2098.95,2098.95,25,0,2098.95,1974.45,2369.8
13076,2021-04-04 14:07:00,2098.95,2098.95,2098.95,2098.95,25,0,2098.95,1974.45,2369.8
13077,2021-04-04 14:08:00,2098.95,2098.95,2098.95,2098.95,25,0,2098.95,1974.45,2369.8
13078,2021-04-04 14:09:00,2098.95,2098.95,2098.95,2098.95,25,0,2098.95,1974.45,2369.8
13079,2021-04-04 14:10:00,2098.95,2098.95,2098.95,2098.95,25,0,2098.95,1974.45,2369.8
13080,2021-04-04 14:11:00,2098.95,2098.95,2098.95,2098.95,25,0,2098.95,1974.45,2369.8
13081,2021-04-04 14:12:00,2098.95,2098.95,2098.95,2098.95,25,0,2098.95,1974.45,2369.8
13082,2021-04-04 14:13:00,2098.95,2098.95,2098.95,2098.95,25,0,2098.95,1974.45,2369.8
13083,2021-04-04 14:14:00,2098.95,2098.95,2098.95,2098.95,25,0,2098.95,1974.45,2369.8
13084,2021-04-04 14:15:00,2098.95,2098.95,2098.95,2098.95,25,0,2098.95,1974.45,2369.8
13085,2021-04-04 14:16:00,2098.95,2098.95,2098.95,2098.95,25,0,2098.95,1974.45,2369.8
13086,2021-04-04 14:17:00,2098.95,2098.95,2098.95,2098.95,25,0,2098.95,1974.45,2369.8
13087,2021-04-04 14:18:00,2098.95,2098.95,2098.95,2098.95,25,0,2098.95,1974.45,2369.8
13088,2021-04-04 14:19:00,2098.95,2098.95,2098.95,2098.95,25,0,2098.95,1974.45,2369.8
13089,2021-04-04 14:20:00,2098.95,2098.95,2098.95,2098.95,25,0,2098.95,1974.45,2369.8
13090,2021-04-04 14:21:00,2098.95,2098.95,2098.95,2098.95,25,0,2098.95,1974.45,2369.8
13091,2021-04-04 14:22:00,2098.95,2098.95,2098.95,2098.95,25,0,2098.95,1974.45,2369.8
13092,2021-04-04 14:23:00,2098.95,2098.95,2098.95,2098.95,25,0,2098.95,1974.45,2369.8
13093,2021-04-04 14:24:00,2098.95,2098.95,2098.95,2098.95,25,0,2098.95,1974.45,2369.8
13094,2021-04-04 14:25:00,2098.95,2098.95,2098.95,2098.95,25,0,2098.95,1974.45,2369.8
13095,2021-04-04 14:26:00,2098.95,2098.95,2098.95,2098.95,25,0,2098.95,1974.45,2369.8
13096,2021-04-04 14:27:00,2098.95,2098.95,2098.95,2098.95,25,0,2098.95,1974.45,2369.8
13097,2021-04-04 14:28:00,2098.95,2098.95,2098.95,2098.95,25,0,2098.95,1974.45,2369.8
13098,2021-04-04 14:29:00,2098.95,2098.95,2098.95,2098.95,25,0,2098.95,1974.45,2369.8
13099,2021-04-04 14:30:00,2098.95,2098.95,2098.95,2098.95,25,0,2098.95,1974.45,2369.8
13100,2021-04-04 14:31:00,2098.95,2098.95,2098.95,2098.95,25,0,2098.95,1974.45,2369.8
13101,2021-04-04 14:32:00,2098.95,2098.95,2098.95,2098.95,25,0,2098.95,1974.45,2369.8
13102,2021-04-04 14:33:00,2098.95,2098.95,2098.95,2098.95,25,0,2098.95,1974.45,2369.8
13103,2021-04-04 14:34:00,2098.95,2098.95,2098.95,2098.95,25,0,2098.95,1974.45,2369.8
13104,2021-04-04 14:35:00,2098.95,2098.95,2098.95,2098.95,25,0,2098.95,1974.45,2369.8
13105,2021-04-04 14:36:00,2098.95,2098.95,2098.95,2098.95,25,0,2098.95,1974.45,2369.8
13106,2021-04-04 14:37:00,2098.95,2098.95,2098.95,2098.95,25,0,2098.95,1974.45,2369.8
13107,2021-04-04 14:38:00,2098.95,2098.95,2098.95,2098.95,25,0,2098.95,1974.45,2369.8
13108,2021-04-04 14:39:00,2098.95,2098.95,2098.95,2098.95,25,0,2098.95,1974.45,2369.8
13109,2021-04-04 14:40:00,2098.95,2098.95,2098.95,2098.95,25,0,2098.95,1974.45,2369.8
13110,2021-04-04 14:41:00,2098.95,2098.95,2098.95,2098.95,25,0,2098.95,1974.45,2369.8
13111,2021-04-04 14:42:00,2098.95,2098.95,2098.95,2098.95,25,0,2098.95,1974.45,2369.8
13112,2021-04-04 14:43:00,2098.95,2098.95,2098.95,2098.95,25,0,2098.95,1974.45,2369.8
13113,2021-04-04 14:44:00,2098.95,2098.95,2098.95,2098.95,25,0,2098.95,1974.45,2369.8
13114,2021-04-04 14:45:00,2098.95,2098.95,2098.95,2098.95,25,0,2098.95,1974.45,2369.8
13115,2021-04-04 14:46:00,2098.95,2098.95,2098.95,2098.95,25,0,2098.95,1974.45,2369.8
13116,2021-04-04 14:47:00,2098.95,2098.95,2098.95,2098.95,25,0,2098.95,1974.45,2369.8
13117,2021-04-04 14:48:00,2098.95,2098.95,2098.95,2098.95,25,0,2098.95,1974.45,2369.8
13118,2021-04-04 14:49:00,2098.95,2098.95,2098.95,2098.95,25,0,2098.95,1974.45,2369.8
13119,2021-04-04 14:50:00,2098.95,2098.95,2098.95,2098.95,25,0,2098.95,1974.45,2369.8
13120,2021-04-04 14:51:00,2098.95,2098.95,2098.95,2098.95,25,0,2098.95,1974.45,2369.8
13121,2021-04-04 14:52:00,2098.95,2098.95,2098.95,2098.95,25,0,2098.95,1974.45,2369.8
13122,2021-04-04 14:53:00,2098.95,2098.95,2098.95,2098.95,25,0,2098.95,1974.45,2369.8
13123,2021-04-04 14:54:00,2098.95,2098.95,2098.95,2098.95,25,0,2098.95,1974.45,2369.8
13124,2021-04-04 14:55:00,2098.95,2098.95,2098.95,2098.95,25,0,2098.95,1974.45,2369.8
13125,2021-04-04 14:56:00,2098.95,2098.95,2098.95,2098.95,25,0,2098.95,1974.45,2369.8
13126,2021-04-04 14:57:00,2098.95,2098.95,2098.95,2098.95,25,0,2098.95,1974.45,2369.8
13127,2021-04-04 14:58:00,2098.95,2098.95,2098.95,2098.95,25,0,2098.95,1974.45,2369.8
13128,2021-04-04 14:59:00,2098.95,2098.95,2098.95,2098.95,25,0,2098.95,1974.45,2369.8
13129,2021-04-04 15:00:00,2098.95,2098.95,2098.95,2098.95,25,0,2098.95,1974.45,2369.8
13130,2021-04-04 15:01:00,2098.95,2098.95,2098.95,2098.95,25,0,2098.95,1974.45,2369.8
13131,2021-04-04 15:02:00,2098.95,2098.95,2098.95,2098.95,25,0,2098.95,1974.45,2369.8
13132,2021-04-04 15:03:00,2098.95,2098.95,2098.95,2098.95,25,0,2098.95,1974.45,2369.8
13133,2021-04-04 15:04:00,2098.95,2098.95,2098.95,2098.95,25,0,2098.95,1974.45,2369.8
13134,2021-04-04 15:05:00,2098.95,2098.95,2098.95,2098.95,25,0,2098.95,1974.45,2369.8
13135,2021-04-04 15:06:00,2098.95,2098.95,2098.95,2098.95,25,0,2098.95,1974.45,2369.8
13136,2021-04-04 15:07:00,2098.95,2098.95,2098.95,2098.95,25,0,2098.95,1974.45,2369.8
13137,2021-04-04 15:08:00,2098.95,2098.95,2098.95,2098.95,25,0,2098.95,1974.45,2369.8
13138,2021-04-04 15:09:00,2098.95,2098.95,2098.95,2098.95,25,0,2098.95,1974.45,2369.8
13139,2021-04-04 15:10:00,2098.95,2098.95,2098.95,2098.95,25,0,2098.95,1974.45,2369.8
13140,2021-04-04 15:11:00,2098.95,2098.95,2098.95,2098.95,25,0,2098.95,1974.45,2369.8
13141,2021-04-04 15:12:00,2098.95,2098.95,2098.95,2098.95,25,0,2098.95,1974.45,2369.8
13142,2021-04-04 15:13:00,2098.95,2098.95,2098.95,2098.95,25,0,2098.95,1974.45,2369.8
13143,2021-04-04 15:14:00,2098.95,2098.95,2098.95,2098.95,25,0,2098.95,1974.45,2369.8
13144,2021-04-04 15:15:00,2098.95,2098.95,2098.95,2098.95,25,0,2098.95,1974.45,2369.8
13145,2021-04-04 15:16:00,2098.95,2098.95,2098.95,2098.95,25,0,2098.95,1974.45,2369.8
13146,2021-04-04 15:17:00,2098.95,2098.95,2098.95,2098.95,25,0,2098.95,1974.45,2369.8
13147,2021-04-04 15:18:00,2098.95,2098.95,2098.95,2098.95,25,0,2098.95,1974.45,2369.8
13148,2021-04-04 15:19:00,2098.95,2098.95,2098.95,2098.95,25,0,2098.95,1974.45,2369.8
13149,2021-04-04 15:20:00,2098.95,2098.95,2098.95,2098.95,25,0,2098.95,1974.45,2369.8
13150,2021-04-04 15:21:00,2098.95,2098.95,2098.95,2098.95,25,0,2098.95,1974.45,2369.8
13151,2021-04-04 15:22:00,2098.95,2098.95,2098.95,2098.95,25,0,2098.95,1974.45,2369.8
13152,2021-04-04 15:23:00,2098.95,2098.95,2098.95,2098.95,25,0,2098.95,1974.45,2369.8
13153,2021-04-04 15:24:00,2098.95,2098.95,2098.95,2098.95,25,0,2098.95,1974.45,2369.8
13154,2021-04-04 15:25:00,2098.95,2098.95,2098.95,2098.95,25,0,2098.95,1974.45,2369.8
13155,2021-04-04 15:26:00,2098.95,2098.95,2098.95,2098.95,25,0,2098.95,1974.45,2369.8
13156,2021-04-04 15:27:00,2098.95,2098.95,2098.95,2098.95,25,0,2098.95,1974.45,2369.8
13157,2021-04-04 15:28:00,2098.95,2098.95,2098.95,2098.95,25,0,2098.95,1974.45,2369.8
13158,2021-04-04 15:29:00,2098.95,2098.95,2098.95,2098.95,25,0,2098.95,1974.45,2369.8
13159,2021-04-04 15:30:00,2098.95,2098.95,2098.95,2098.95,25,0,2098.95,1974.45,2369.8
13160,2021-04-05 09:15:00,2098.95,2098.95,2098.95,2098.95,25,0,2098.95,1974.45,2369.8
13161,2021-04-05 09:16:00,2098.95,2098.95,2098.95,2098.95,25,0,2098.95,1974.45,2369.8
13162,2021-04-05 09:17:00,2098.95,2098.95,2098.95,2098.95,25,0,2098.95,1974.45,2369.8
13163,2021-04-05 09:18:00,2098.95,2098.95,2098.95,2098.95,25,0,2098.95,1974.45,2369.8
13164,2021-04-05 09:19:00,2098.95,2098.95,2098.95,2098.95,25,0,2098.95,1974.45,2369.8
13165,2021-04-05 09:20:00,2098.95,2098.95,2098.95,2098.95,25,0,2098.95,1974.45,2369.8
13166,2021-04-05 09:21:00,2098.95,2098.95,2098.95,2098.95,25,0,2098.95,1974.45,2369.8
13167,2021-04-05 09:22:00,2098.95,2098.95,2098.95,2098.95,25,0,2098.95,1974.45,2369.8
13168,2021-04-05 09:23:00,2098.95,2098.95,2098.95,2098.95,25,0,2098.95,1974.45,2369.8
13169,2021-04-05 09:24:00,2098.95,2098.95,2098.95,2098.95,25,0,2098.95,1974.45,2369.8
13170,2021-04-05 09:25:00,2098.95,2098.95,2098.95,2098.95,25,0,2098.95,1974.45,2369.8
13171,2021-04-05 09:26:00,2098.95,2098.95,2098.95,2098.95,25,0,2098.95,1974.45,2369.8
13172,2021-04-05 09:27:00,2098.95,2098.95,2098.95,2098.95,25,0,2098.95,1974.45,2369.8
13173,2021-04-05 09:28:00,2098.95,2098.95,2098.95,2098.95,25,0,2098.95,1974.45,2369.8
13174,2021-04-05 09:29:00,2098.95,2098.95,2098.95,2098.95,25,0,2098.95,1974.45,2369.8
13175,2021-04-05 09:30:00,2098.95,2098.95,2098.95,2098.95,25,0,2098.95,1974.45,2369.8
13176,2021-04-05 09:31:00,2098.95,2098.95,2098.95,2098.95,25,0,2098.95,1974.45,2369.8
13177,2021-04-05 09:32:00,2098.95,2098.95,2098.95,2098.95,25,0,2098.95,1974.45,2369.8
13178,2021-04-05 09:33:00,2296.65,2296.65,2296.65,2296.65,25,500,2296.65,2233.0,2339.15
13179,2021-04-05 09:34:00,2296.65,2296.65,2296.65,2296.65,25,500,2296.65,2233.0,2339.15
13180,2021-04-05 09:35:00,2296.65,2296.65,2296.65,2296.65,25,500,2296.65,2233.0,2339.15
13181,2021-04-05 09:36:00,2296.65,2296.65,2296.65,2296.65,25,500,2296.65,2233.0,2339.15
13182,2021-04-05 09:37:00,2296.65,2296.65,2296.65,2296.65,25,500,2296.65,2233.0,2339.15
13183,2021-04-05 09:38:00,2296.65,2296.65,2296.65,2296.65,25,500,2296.65,2233.0,2339.15
13184,2021-04-05 09:39:00,2296.65,2296.65,2296.65,2296.65,25,500,2296.65,2233.0,2339.15
13185,2021-04-05 09:40:00,2296.65,2296.65,2296.65,2296.65,25,500,2296.65,2233.0,2339.15
13186,2021-04-05 09:41:00,2296.65,2296.65,2296.65,2296.65,25,500,2296.65,2233.0,2339.15
13187,2021-04-05 09:42:00,2296.65,2296.65,2296.65,2296.65,25,500,2296.65,2233.0,2339.15
13188,2021-04-05 09:43:00,2296.65,2296.65,2296.65,2296.65,25,500,2296.65,2233.0,2339.15
13189,2021-04-05 09:44:00,2296.65,2296.65,2296.65,2296.65,25,500,2296.65,2233.0,2339.15
13190,2021-04-05 09:45:00,2296.65,2296.65,2296.65,2296.65,25,500,2296.65,2233.0,2339.15
13191,2021-04-05 09:46:00,2296.65,2296.65,2296.65,2296.65,25,500,2296.65,2233.0,2339.15
13192,2021-04-05 09:47:00,2296.65,2296.65,2296.65,2296.65,25,500,2296.65,2233.0,2339.15
13193,2021-04-05 09:48:00,2296.65,2296.65,2296.65,2296.65,25,500,2296.65,2233.0,2339.15
13194,2021-04-05 09:49:00,2296.65,2296.65,2296.65,2296.65,25,500,2296.65,2233.0,2339.15
13195,2021-04-05 09:50:00,2296.65,2296.65,2296.65,2296.65,25,500,2296.65,2233.0,2339.15
13196,2021-04-05 09:51:00,2296.65,2296.65,2296.65,2296.65,25,500,2296.65,2233.0,2339.15
13197,2021-04-05 09:52:00,2296.65,2296.65,2296.65,2296.65,25,500,2296.65,2233.0,2339.15
13198,2021-04-05 09:53:00,2296.65,2296.65,2296.65,2296.65,25,500,2296.65,2233.0,2339.15
13199,2021-04-05 09:54:00,2296.65,2296.65,2296.65,2296.65,25,500,2296.65,2233.0,2339.15
13200,2021-04-05 09:55:00,2402.5,2402.5,2402.5,2402.5,25,0,2349.57,2425.25,2486.65
13201,2021-04-05 09:56:00,2402.5,2402.5,2402.5,2402.5,25,0,2349.57,2425.25,2486.65
13202,2021-04-05 09:57:00,2402.5,2402.5,2402.5,2402.5,25,0,2349.57,2425.25,2486.65
13203,2021-04-05 09:58:00,2402.5,2402.5,2402.5,2402.5,25,0,2349.57,2425.25,2486.65
13204,2021-04-05 09:59:00,2402.5,2402.5,2402.5,2402.5,25,0,2349.57,2425.25,2486.65
13205,2021-04-05 10:00:00,2402.5,2402.5,2402.5,2402.5,25,0,2349.57,2425.25,2486.65
13206,2021-04-05 10:01:00,2402.5,2402.5,2402.5,2402.5,25,0,2349.57,2425.25,2486.65
13207,2021-04-05 10:02:00,2402.5,2402.5,2402.5,2402.5,25,0,2349.57,2425.25,2486.65
13208,2021-04-05 10:03:00,2402.5,2402.5,2402.5,2402.5,25,0,2349.57,2425.25,2486.65
13209,2021-04-05 10:04:00,2402.5,2402.5,2402.5,2402.5,25,0,2349.57,2425.25,2486.65
13210,2021-04-05 10:05:00,2402.5,2402.5,2402.5,2402.5,25,0,2349.57,2425.25,2486.65
13211,2021-04-05 10:06:00,2402.5,2402.5,2402.5,2402.5,25,0,2349.57,2425.25,2486.65
13212,2021-04-05 10:07:00,2402.5,2402.5,2402.5,2402.5,25,0,2349.57,2425.25,2486.65
13213,2021-04-05 10:08:00,2402.5,2402.5,2402.5,2402.5,25,0,2349.57,2425.25,2486.65
13214,2021-04-05 10:09:00,2402.5,2402.5,2402.5,2402.5,25,0,2349.57,2425.25,2486.65
13215,2021-04-05 10:10:00,2402.5,2402.5,2402.5,2402.5,25,0,2349.57,2425.25,2486.65
13216,2021-04-05 10:11:00,2402.5,2402.5,2402.5,2402.5,25,0,2349.57,2425.25,2486.65
13217,2021-04-05 10:12:00,2402.5,2402.5,2402.5,2402.5,25,0,2349.57,2425.25,2486.65
13218,2021-04-05 10:13:00,2402.5,2402.5,2402.5,2402.5,25,0,2349.57,2425.25,2486.65
13219,2021-04-05 10:14:00,2402.5,2402.5,2402.5,2402.5,25,0,2349.57,2425.25,2486.65
13220,2021-04-05 10:15:00,2402.5,2402.5,2402.5,2402.5,25,0,2349.57,2425.25,2486.65
13221,2021-04-05 10:16:00,2402.5,2402.5,2402.5,2402.5,25,0,2349.57,2425.25,2486.65
13222,2021-04-05 10:17:00,2402.5,2402.5,2402.5,2402.5,25,0,2349.57,2425.25,2486.65
13223,2021-04-05 10:18:00,2402.5,2402.5,2402.5,2402.5,25,0,2349.57,2425.25,2486.65
13224,2021-04-05 10:19:00,2402.5,2402.5,2402.5,2402.5,25,0,2349.57,2425.25,2486.65
13225,2021-04-05 10:20:00,2402.5,2402.5,2402.5,2402.5,25,0,2349.57,2425.25,2486.65
13226,2021-04-05 10:21:00,2402.5,2402.5,2402.5,2402.5,25,0,2349.57,2425.25,2486.65
13227,2021-04-05 10:22:00,2402.5,2402.5,2402.5,2402.5,25,0,2349.57,2425.25,2486.65
13228,2021-04-05 10:23:00,2402.5,2402.5,2402.5,2402.5,25,0,2349.57,2425.25,2486.65
13229,2021-04-05 10:24:00,2402.5,2402.5,2402.5,2402.5,25,0,2349.57,2425.25,2486.65
13230,2021-04-05 10:25:00,2402.5,2402.5,2402.5,2402.5,25,0,2349.57,2425.25,2486.65
13231,2021-04-05 10:26:00,2402.5,2402.5,2402.5,2402.5,25,0,2349.57,2425.25,2486.65
13232,2021-04-05 10:27:00,2402.5,2402.5,2402.5,2402.5,25,0,2349.57,2425.25,2486.65
13233,2021-04-05 10:28:00,2402.5,2402.5,2402.5,2402.5,25,0,2349.57,2425.25,2486.65
13234,2021-04-05 10:29:00,2402.5,2402.5,2402.5,2402.5,25,0,2349.57,2425.25,2486.65
13235,2021-04-05 10:30:00,2402.5,2402.5,2402.5,2402.5,25,0,2349.57,2425.25,2486.65
13236,2021-04-05 10:31:00,2402.5,2402.5,2402.5,2402.5,25,0,2349.57,2425.25,2486.65
13237,2021-04-05 10:32:00,2402.5,2402.5,2402.5,2402.5,25,0,2349.57,2425.25,2486.65
13238,2021-04-05 10:33:00,2402.5,2402.5,2402.5,2402.5,25,0,2349.57,2425.25,2486.65
13239,2021-04-05 10:34:00,2402.5,2402.5,2402.5,2402.5,25,0,2349.57,2425.25,2486.65
13240,2021-04-05 10:35:00,2402.5,2402.5,2402.5,2402.5,25,0,2349.57,2425.25,2486.65
13241,2021-04-05 10:36:00,2402.5,2402.5,2402.5,2402.5,25,0,2349.57,2425.25,2486.65
13242,2021-04-05 10:37:00,2402.5,2402.5,2402.5,2402.5,25,0,2349.57,2425.25,2486.65
13243,2021-04-05 10:38:00,2402.5,2402.5,2402.5,2402.5,25,0,2349.57,2425.25,2486.65
13244,2021-04-05 10:39:00,2402.5,2402.5,2402.5,2402.5,25,0,2349.57,2425.25,2486.65
13245,2021-04-05 10:40:00,2402.5,2402.5,2402.5,2402.5,25,0,2349.57,2425.25,2486.65
13246,2021-04-05 10:41:00,2402.5,2402.5,2402.5,2402.5,25,0,2349.57,2425.25,2486.65
13247,2021-04-05 10:42:00,2402.5,2402.5,2402.5,2402.5,25,0,2349.57,2425.25,2486.65
13248,2021-04-05 10:43:00,2402.5,2402.5,2402.5,2402.5,25,0,2349.57,2425.25,2486.65
13249,2021-04-05 10:44:00,2402.5,2402.5,2402.5,2402.5,25,0,2349.57,2425.25,2486.65
13250,2021-04-05 10:45:00,2402.5,2402.5,2402.5,2402.5,25,0,2349.57,2425.25,2486.65
13251,2021-04-05 10:46:00,2402.5,2402.5,2402.5,2402.5,25,0,2349.57,2425.25,2486.65
13252,2021-04-05 10:47:00,2402.5,2402.5,2402.5,2402.5,25,0,2349.57,2425.25,2486.65
13253,2021-04-05 10:48:00,2402.5,2402.5,2402.5,2402.5,25,0,2349.57,2425.25,2486.65
13254,2021-04-05 10:49:00,2402.5,2402.5,2402.5,2402.5,25,0,2349.57,2425.25,2486.65
13255,2021-04-05 10:50:00,2402.5,2402.5,2402.5,2402.5,25,0,2349.57,2425.25,2486.65
13256,2021-04-05 10:51:00,2402.5,2402.5,2402.5,2402.5,25,0,2349.57,2425.25,2486.65
13257,2021-04-05 10:52:00,2402.5,2402.5,2402.5,2402.5,25,0,2349.57,2425.25,2486.65
13258,2021-04-05 10:53:00,2402.5,2402.5,2402.5,2402.5,25,0,2349.57,2425.25,2486.65
13259,2021-04-05 10:54:00,2402.5,2402.5,2402.5,2402.5,25,0,2349.57,2425.25,2486.65
13260,2021-04-05 10:55:00,2402.5,2402.5,2402.5,2402.5,25,0,2349.57,2425.25,2486.65
13261,2021-04-05 10:56:00,2402.5,2402.5,2402.5,2402.5,25,0,2349.57,2425.25,2486.65
13262,2021-04-05 10:57:00,2402.5,2402.5,2402.5,2402.5,25,0,2349.57,2425.25,2486.65
13263,2021-04-05 10:58:00,2402.5,2402.5,2402.5,2402.5,25,0,2349.57,2425.25,2486.65
13264,2021-04-05 10:59:00,2402.5,2402.5,2402.5,2402.5,25,0,2349.57,2425.25,2486.65
13265,2021-04-05 11:00:00,2402.5,2402.5,2402.5,2402.5,25,0,2349.57,2425.25,2486.65
13266,2021-04-05 11:01:00,2402.5,2402.5,2402.5,2402.5,25,0,2349.57,2425.25,2486.65
13267,2021-04-05 11:02:00,2402.5,2402.5,2402.5,2402.5,25,0,2349.57,2425.25,2486.65
13268,2021-04-05 11:03:00,2402.5,2402.5,2402.5,2402.5,25,0,2349.57,2425.25,2486.65
13269,2021-04-05 11:04:00,2402.5,2402.5,2402.5,2402.5,25,0,2349.57,2425.25,2486.65
13270,2021-04-05 11:05:00,2402.5,2402.5,2402.5,2402.5,25,0,2349.57,2425.25,2486.65
13271,2021-04-05 11:06:00,2402.5,2402.5,2402.5,2402.5,25,0,2349.57,2425.25,2486.65
13272,2021-04-05 11:07:00,2402.5,2402.5,2402.5,2402.5,25,0,2349.57,2425.25,2486.65
13273,2021-04-05 11:08:00,2402.5,2402.5,2402.5,2402.5,25,0,2349.57,2425.25,2486.65
13274,2021-04-05 11:09:00,2402.5,2402.5,2402.5,2402.5,25,0,2349.57,2425.25,2486.65
13275,2021-04-05 11:10:00,2402.5,2402.5,2402.5,2402.5,25,0,2349.57,2425.25,2486.65
13276,2021-04-05 11:11:00,2402.5,2402.5,2402.5,2402.5,25,0,2349.57,2425.25,2486.65
13277,2021-04-05 11:12:00,2402.5,2402.5,2402.5,2402.5,25,0,2349.57,2425.25,2486.65
13278,2021-04-05 11:13:00,2402.5,2402.5,2402.5,2402.5,25,0,2349.57,2425.25,2486.65
13279,2021-04-05 11:14:00,2402.5,2402.5,2402.5,2402.5,25,0,2349.57,2425.25,2486.65
13280,2021-04-05 11:15:00,2402.5,2402.5,2402.5,2402.5,25,0,2349.57,2425.25,2486.65
13281,2021-04-05 11:16:00,2402.5,2402.5,2402.5,2402.5,25,0,2349.57,2425.25,2486.65
13282,2021-04-05 11:17:00,2402.5,2402.5,2402.5,2402.5,25,0,2349.57,2425.25,2486.65
13283,2021-04-05 11:18:00,2402.5,2402.5,2402.5,2402.5,25,0,2349.57,2425.25,2486.65
13284,2021-04-05 11:19:00,2402.5,2402.5,2402.5,2402.5,25,0,2349.57,2425.25,2486.65
13285,2021-04-05 11:20:00,2402.5,2402.5,2402.5,2402.5,25,0,2349.57,2425.25,2486.65
13286,2021-04-05 11:21:00,2402.5,2402.5,2402.5,2402.5,25,0,2349.57,2425.25,2486.65
13287,2021-04-05 11:22:00,2402.5,2402.5,2402.5,2402.5,25,0,2349.57,2425.25,2486.65
13288,2021-04-05 11:23:00,2402.5,2402.5,2402.5,2402.5,25,0,2349.57,2425.25,2486.65
13289,2021-04-05 11:24:00,2402.5,2402.5,2402.5,2402.5,25,0,2349.57,2425.25,2486.65
13290,2021-04-05 11:25:00,2402.5,2402.5,2402.5,2402.5,25,0,2349.57,2425.25,2486.65
13291,2021-04-05 11:26:00,2402.5,2402.5,2402.5,2402.5,25,0,2349.57,2425.25,2486.65
13292,2021-04-05 11:27:00,2402.5,2402.5,2402.5,2402.5,25,0,2349.57,2425.25,2486.65
13293,2021-04-05 11:28:00,2402.5,2402.5,2402.5,2402.5,25,0,2349.57,2425.25,2486.65
13294,2021-04-05 11:29:00,2402.5,2402.5,2402.5,2402.5,25,0,2349.57,2425.25,2486.65
13295,2021-04-05 11:30:00,2402.5,2402.5,2402.5,2402.5,25,0,2349.57,2425.25,2486.65
13296,2021-04-05 11:31:00,2402.5,2402.5,2402.5,2402.5,25,0,2349.57,2425.25,2486.65
13297,2021-04-05 11:32:00,2402.5,2402.5,2402.5,2402.5,25,0,2349.57,2425.25,2486.65
13298,2021-04-05 11:33:00,2402.5,2402.5,2402.5,2402.5,25,0,2349.57,2425.25,2486.65
13299,2021-04-05 11:34:00,2402.5,2402.5,2402.5,2402.5,25,0,2349.57,2425.25,2486.65
13300,2021-04-05 11:35:00,2402.5,2402.5,2402.5,2402.5,25,0,2349.57,2425.25,2486.65
13301,2021-04-05 11:36:00,2402.5,2402.5,2402.5,2402.5,25,0,2349.57,2425.25,2486.65
13302,2021-04-05 11:37:00,2402.5,2402.5,2402.5,2402.5,25,0,2349.57,2425.25,2486.65
13303,2021-04-05 11:38:00,2402.5,2402.5,2402.5,2402.5,25,0,2349.57,2425.25,2486.65
13304,2021-04-05 11:39:00,2402.5,2402.5,2402.5,2402.5,25,0,2349.57,2425.25,2486.65
13305,2021-04-05 11:40:00,2402.5,2402.5,2402.5,2402.5,25,0,2349.57,2425.25,2486.65
13306,2021-04-05 11:41:00,2402.5,2402.5,2402.5,2402.5,25,0,2349.57,2425.25,2486.65
13307,2021-04-05 11:42:00,2402.5,2402.5,2402.5,2402.5,25,0,2349.57,2425.25,2486.65
13308,2021-04-05 11:43:00,2402.5,2402.5,2402.5,2402.5,25,0,2349.57,2425.25,2486.65
13309,2021-04-05 11:44:00,2402.5,2402.5,2402.5,2402.5,25,0,2349.57,2425.25,2486.65
13310,2021-04-05 11:45:00,2402.5,2402.5,2402.5,2402.5,25,0,2349.57,2425.25,2486.65
13311,2021-04-05 11:46:00,2402.5,2402.5,2402.5,2402.5,25,0,2349.57,2425.25,2486.65
13312,2021-04-05 11:47:00,2402.5,2402.5,2402.5,2402.5,25,0,2349.57,2425.25,2486.65
13313,2021-04-05 11:48:00,2402.5,2402.5,2402.5,2402.5,25,0,2349.57,2425.25,2486.65
13314,2021-04-05 11:49:00,2402.5,2402.5,2402.5,2402.5,25,0,2349.57,2425.25,2486.65
13315,2021-04-05 11:50:00,2402.5,2402.5,2402.5,2402.5,25,0,2349.57,2425.25,2486.65
13316,2021-04-05 11:51:00,2402.5,2402.5,2402.5,2402.5,25,0,2349.57,2425.25,2486.65
13317,2021-04-05 11:52:00,2402.5,2402.5,2402.5,2402.5,25,0,2349.57,2425.25,2486.65
13318,2021-04-05 11:53:00,2402.5,2402.5,2402.5,2402.5,25,0,2349.57,2425.25,2486.65
13319,2021-04-05 11:54:00,2402.5,2402.5,2402.5,2402.5,25,0,2349.57,2425.25,2486.65
13320,2021-04-05 11:55:00,2402.5,2402.5,2402.5,2402.5,25,0,2349.57,2425.25,2486.65
13321,2021-04-05 11:56:00,2402.5,2402.5,2402.5,2402.5,25,0,2349.57,2425.25,2486.65
13322,2021-04-05 11:57:00,2402.5,2402.5,2402.5,2402.5,25,0,2349.57,2425.25,2486.65
13323,2021-04-05 11:58:00,2402.5,2402.5,2402.5,2402.5,25,0,2349.57,2425.25,2486.65
13324,2021-04-05 11:59:00,2402.5,2402.5,2402.5,2402.5,25,0,2349.57,2425.25,2486.65
13325,2021-04-05 12:00:00,2402.5,2402.5,2402.5,2402.5,25,0,2349.57,2425.25,2486.65
13326,2021-04-05 12:01:00,2402.5,2402.5,2402.5,2402.5,25,0,2349.57,2425.25,2486.65
13327,2021-04-05 12:02:00,2402.5,2402.5,2402.5,2402.5,25,0,2349.57,2425.25,2486.65
13328,2021-04-05 12:03:00,2402.5,2402.5,2402.5,2402.5,25,0,2349.57,2425.25,2486.65
13329,2021-04-05 12:04:00,2402.5,2402.5,2402.5,2402.5,25,0,2349.57,2425.25,2486.65
13330,2021-04-05 12:05:00,2402.5,2402.5,2402.5,2402.5,25,0,2349.57,2425.25,2486.65
13331,2021-04-05 12:06:00,2402.5,2402.5,2402.5,2402.5,25,0,2349.57,2425.25,2486.65
13332,2021-04-05 12:07:00,2402.5,2402.5,2402.5,2402.5,25,0,2349.57,2425.25,2486.65
13333,2021-04-05 12:08:00,2402.5,2402.5,2402.5,2402.5,25,0,2349.57,2425.25,2486.65
13334,2021-04-05 12:09:00,2402.5,2402.5,2402.5,2402.5,25,0,2349.57,2425.25,2486.65
13335,2021-04-05 12:10:00,2402.5,2402.5,2402.5,2402.5,25,0,2349.57,2425.25,2486.65
13336,2021-04-05 12:11:00,2402.5,2402.5,2402.5,2402.5,25,0,2349.57,2425.25,2486.65
13337,2021-04-05 12:12:00,2402.5,2402.5,2402.5,2402.5,25,0,2349.57,2425.25,2486.65
13338,2021-04-05 12:13:00,2402.5,2402.5,2402.5,2402.5,25,0,2349.57,2425.25,2486.65
13339,2021-04-05 12:14:00,2402.5,2402.5,2402.5,2402.5,25,0,2349.57,2425.25,2486.65
13340,2021-04-05 12:15:00,2402.5,2402.5,2402.5,2402.5,25,0,2349.57,2425.25,2486.65
13341,2021-04-05 12:16:00,2402.5,2402.5,2402.5,2402.5,25,0,2349.57,2425.25,2486.65
13342,2021-04-05 12:17:00,2402.5,2402.5,2402.5,2402.5,25,0,2349.57,2425.25,2486.65
13343,2021-04-05 12:18:00,2402.5,2402.5,2402.5,2402.5,25,0,2349.57,2425.25,2486.65
13344,2021-04-05 12:19:00,2402.5,2402.5,2402.5,2402.5,25,0,2349.57,2425.25,2486.65
13345,2021-04-05 12:20:00,2402.5,2402.5,2402.5,2402.5,25,0,2349.57,2425.25,2486.65
13346,2021-04-05 12:21:00,2402.5,2402.5,2402.5,2402.5,25,0,2349.57,2425.25,2486.65
13347,2021-04-05 12:22:00,2402.5,2402.5,2402.5,2402.5,25,0,2349.57,2425.25,2486.65
13348,2021-04-05 12:23:00,2402.5,2402.5,2402.5,2402.5,25,0,2349.57,2425.25,2486.65
13349,2021-04-05 12:24:00,2402.5,2402.5,2402.5,2402.5,25,0,2349.57,2425.25,2486.65
13350,2021-04-05 12:25:00,2402.5,2402.5,2402.5,2402.5,25,0,2349.57,2425.25,2486.65
13351,2021-04-05 12:26:00,2402.5,2402.5,2402.5,2402.5,25,0,2349.57,2425.25,2486.65
13352,2021-04-05 12:27:00,2402.5,2402.5,2402.5,2402.5,25,0,2349.57,2425.25,2486.65
13353,2021-04-05 12:28:00,2402.5,2402.5,2402.5,2402.5,25,0,2349.57,2425.25,2486.65
13354,2021-04-05 12:29:00,2402.5,2402.5,2402.5,2402.5,25,0,2349.57,2425.25,2486.65
13355,2021-04-05 12:30:00,2402.5,2402.5,2402.5,2402.5,25,0,2349.57,2425.25,2486.65
13356,2021-04-05 12:31:00,2402.5,2402.5,2402.5,2402.5,25,0,2349.57,2425.25,2486.65
13357,2021-04-05 12:32:00,2402.5,2402.5,2402.5,2402.5,25,0,2349.57,2425.25,2486.65
13358,2021-04-05 12:33:00,2402.5,2402.5,2402.5,2402.5,25,0,2349.57,2425.25,2486.65
13359,2021-04-05 12:34:00,2402.5,2402.5,2402.5,2402.5,25,0,2349.57,2425.25,2486.65
13360,2021-04-05 12:35:00,2402.5,2402.5,2402.5,2402.5,25,0,2349.57,2425.25,2486.65
13361,2021-04-05 12:36:00,2402.5,2402.5,2402.5,2402.5,25,0,2349.57,2425.25,2486.65
13362,2021-04-05 12:37:00,2402.5,2402.5,2402.5,2402.5,25,0,2349.57,2425.25,2486.65
13363,2021-04-05 12:38:00,2402.5,2402.5,2402.5,2402.5,25,0,2349.57,2425.25,2486.65
13364,2021-04-05 12:39:00,2402.5,2402.5,2402.5,2402.5,25,0,2349.57,2425.25,2486.65
13365,2021-04-05 12:40:00,2402.5,2402.5,2402.5,2402.5,25,0,2349.57,2425.25,2486.65
13366,2021-04-05 12:41:00,2402.5,2402.5,2402.5,2402.5,25,0,2349.57,2425.25,2486.65
13367,2021-04-05 12:42:00,2402.5,2402.5,2402.5,2402.5,25,0,2349.57,2425.25,2486.65
13368,2021-04-05 12:43:00,2402.5,2402.5,2402.5,2402.5,25,0,2349.57,2425.25,2486.65
13369,2021-04-05 12:44:00,2402.5,2402.5,2402.5,2402.5,25,0,2349.57,2425.25,2486.65
13370,2021-04-05 12:45:00,2402.5,2402.5,2402.5,2402.5,25,0,2349.57,2425.25,2486.65
13371,2021-04-05 12:46:00,2402.5,2402.5,2402.5,2402.5,25,0,2349.57,2425.25,2486.65
13372,2021-04-05 12:47:00,2402.5,2402.5,2402.5,2402.5,25,0,2349.57,2425.25,2486.65
13373,2021-04-05 12:48:00,2402.5,2402.5,2402.5,2402.5,25,0,2349.57,2425.25,2486.65
13374,2021-04-05 12:49:00,2402.5,2402.5,2402.5,2402.5,25,0,2349.57,2425.25,2486.65
13375,2021-04-05 12:50:00,2402.5,2402.5,2402.5,2402.5,25,0,2349.57,2425.25,2486.65
13376,2021-04-05 12:51:00,2402.5,2402.5,2402.5,2402.5,25,0,2349.57,2425.25,2486.65
13377,2021-04-05 12:52:00,2402.5,2402.5,2402.5,2402.5,25,0,2349.57,2425.25,2486.65
13378,2021-04-05 12:53:00,2402.5,2402.5,2402.5,2402.5,25,0,2349.57,2425.25,2486.65
13379,2021-04-05 12:54:00,2402.5,2402.5,2402.5,2402.5,25,0,2349.57,2425.25,2486.65
13380,2021-04-05 12:55:00,2402.5,2402.5,2402.5,2402.5,25,0,2349.57,2425.25,2486.65
13381,2021-04-05 12:56:00,2402.5,2402.5,2402.5,2402.5,25,0,2349.57,2425.25,2486.65
13382,2021-04-05 12:57:00,2402.5,2402.5,2402.5,2402.5,25,0,2349.57,2425.25,2486.65
13383,2021-04-05 12:58:00,2402.5,2402.5,2402.5,2402.5,25,0,2349.57,2425.25,2486.65
13384,2021-04-05 12:59:00,2402.5,2402.5,2402.5,2402.5,25,0,2349.57,2425.25,2486.65
13385,2021-04-05 13:00:00,2402.5,2402.5,2402.5,2402.5,25,0,2349.57,2425.25,2486.65
13386,2021-04-05 13:01:00,2402.5,2402.5,2402.5,2402.5,25,0,2349.57,2425.25,2486.65
13387,2021-04-05 13:02:00,2402.5,2402.5,2402.5,2402.5,25,0,2349.57,2425.25,2486.65
13388,2021-04-05 13:03:00,2402.5,2402.5,2402.5,2402.5,25,0,2349.57,2425.25,2486.65
13389,2021-04-05 13:04:00,2402.5,2402.5,2402.5,2402.5,25,0,2349.57,2425.25,2486.65
13390,2021-04-05 13:05:00,2402.5,2402.5,2402.5,2402.5,25,0,2349.57,2425.25,2486.65
13391,2021-04-05 13:06:00,2402.5,2402.5,2402.5,2402.5,25,0,2349.57,2425.25,2486.65
13392,2021-04-05 13:07:00,2402.5,2402.5,2402.5,2402.5,25,0,2349.57,2425.25,2486.65
13393,2021-04-05 13:08:00,2402.5,2402.5,2402.5,2402.5,25,0,2349.57,2425.25,2486.65
13394,2021-04-05 13:09:00,2402.5,2402.5,2402.5,2402.5,25,0,2349.57,2425.25,2486.65
13395,2021-04-05 13:10:00,2402.5,2402.5,2402.5,2402.5,25,0,2349.57,2425.25,2486.65
13396,2021-04-05 13:11:00,2402.5,2402.5,2402.5,2402.5,25,0,2349.57,2425.25,2486.65
13397,2021-04-05 13:12:00,2402.5,2402.5,2402.5,2402.5,25,0,2349.57,2425.25,2486.65
13398,2021-04-05 13:13:00,2402.5,2402.5,2402.5,2402.5,25,0,2349.57,2425.25,2486.65
13399,2021-04-05 13:14:00,2402.5,2402.5,2402.5,2402.5,25,0,2349.57,2425.25,2486.65
13400,2021-04-05 13:15:00,2402.5,2402.5,2402.5,2402.5,25,0,2349.57,2425.25,2486.65
13401,2021-04-05 13:16:00,2402.5,2402.5,2402.5,2402.5,25,0,2349.57,2425.25,2486.65
13402,2021-04-05 13:17:00,2402.5,2402.5,2402.5,2402.5,25,0,2349.57,2425.25,2486.65
13403,2021-04-05 13:18:00,2402.5,2402.5,2402.5,2402.5,25,0,2349.57,2425.25,2486.65
13404,2021-04-05 13:19:00,2402.5,2402.5,2402.5,2402.5,25,0,2349.57,2425.25,2486.65
13405,2021-04-05 13:20:00,2402.5,2402.5,2402.5,2402.5,25,0,2349.57,2425.25,2486.65
13406,2021-04-05 13:21:00,2402.5,2402.5,2402.5,2402.5,25,0,2349.57,2425.25,2486.65
13407,2021-04-05 13:22:00,2402.5,2402.5,2402.5,2402.5,25,0,2349.57,2425.25,2486.65
13408,2021-04-05 13:23:00,2402.5,2402.5,2402.5,2402.5,25,0,2349.57,2425.25,2486.65
13409,2021-04-05 13:24:00,2402.5,2402.5,2402.5,2402.5,25,0,2349.57,2425.25,2486.65
13410,2021-04-05 13:25:00,2402.5,2402.5,2402.5,2402.5,25,0,2349.57,2425.25,2486.65
13411,2021-04-05 13:26:00,2402.5,2402.5,2402.5,2402.5,25,0,2349.57,2425.25,2486.65
13412,2021-04-05 13:27:00,2402.5,2402.5,2402.5,2402.5,25,0,2349.57,2425.25,2486.65
13413,2021-04-05 13:28:00,2402.5,2402.5,2402.5,2402.5,25,0,2349.57,2425.25,2486.65
13414,2021-04-05 13:29:00,2402.5,2402.5,2402.5,2402.5,25,0,2349.57,2425.25,2486.65
13415,2021-04-05 13:30:00,2402.5,2402.5,2402.5,2402.5,25,0,2349.57,2425.25,2486.65
13416,2021-04-05 13:31:00,2402.5,2402.5,2402.5,2402.5,25,0,2349.57,2425.25,2486.65
13417,2021-04-05 13:32:00,2402.5,2402.5,2402.5,2402.5,25,0,2349.57,2425.25,2486.65
13418,2021-04-05 13:33:00,2402.5,2402.5,2402.5,2402.5,25,0,2349.57,2425.25,2486.65
13419,2021-04-05 13:34:00,2402.5,2402.5,2402.5,2402.5,25,0,2349.57,2425.25,2486.65
13420,2021-04-05 13:35:00,2402.5,2402.5,2402.5,2402.5,25,0,2349.57,2425.25,2486.65
13421,2021-04-05 13:36:00,2402.5,2402.5,2402.5,2402.5,25,0,2349.57,2425.25,2486.65
13422,2021-04-05 13:37:00,2402.5,2402.5,2402.5,2402.5,25,0,2349.57,2425.25,2486.65
13423,2021-04-05 13:38:00,2402.5,2402.5,2402.5,2402.5,25,0,2349.57,2425.25,2486.65
13424,2021-04-05 13:39:00,2402.5,2402.5,2402.5,2402.5,25,0,2349.57,2425.25,2486.65
13425,2021-04-05 13:40:00,2402.5,2402.5,2402.5,2402.5,25,0,2349.57,2425.25,2486.65
13426,2021-04-05 13:41:00,2402.5,2402.5,2402.5,2402.5,25,0,2349.57,2425.25,2486.65
13427,2021-04-05 13:42:00,2402.5,2402.5,2402.5,2402.5,25,0,2349.57,2425.25,2486.65
13428,2021-04-05 13:43:00,2402.5,2402.5,2402.5,2402.5,25,0,2349.57,2425.25,2486.65
13429,2021-04-05 13:44:00,2402.5,2402.5,2402.5,2402.5,25,0,2349.57,2425.25,2486.65
13430,2021-04-05 13:45:00,2402.5,2402.5,2402.5,2402.5,25,0,2349.57,2425.25,2486.65
13431,2021-04-05 13:46:00,2402.5,2402.5,2402.5,2402.5,25,0,2349.57,2425.25,2486.65
13432,2021-04-05 13:47:00,2402.5,2402.5,2402.5,2402.5,25,0,2349.57,2425.25,2486.65
13433,2021-04-05 13:48:00,2402.5,2402.5,2402.5,2402.5,25,0,2349.57,2425.25,2486.65
13434,2021-04-05 13:49:00,2402.5,2402.5,2402.5,2402.5,25,0,2349.57,2425.25,2486.65
13435,2021-04-05 13:50:00,2402.5,2402.5,2402.5,2402.5,25,0,2349.57,2425.25,2486.65
13436,2021-04-05 13:51:00,2402.5,2402.5,2402.5,2402.5,25,0,2349.57,2425.25,2486.65
13437,2021-04-05 13:52:00,2402.5,2402.5,2402.5,2402.5,25,0,2349.57,2425.25,2486.65
13438,2021-04-05 13:53:00,2402.5,2402.5,2402.5,2402.5,25,0,2349.57,2425.25,2486.65
13439,2021-04-05 13:54:00,2402.5,2402.5,2402.5,2402.5,25,0,2349.57,2425.25,2486.65
13440,2021-04-05 13:55:00,2402.5,2402.5,2402.5,2402.5,25,0,2349.57,2425.25,2486.65
13441,2021-04-05 13:56:00,2402.5,2402.5,2402.5,2402.5,25,0,2349.57,2425.25,2486.65
13442,2021-04-05 13:57:00,2402.5,2402.5,2402.5,2402.5,25,0,2349.57,2425.25,2486.65
13443,2021-04-05 13:58:00,2402.5,2402.5,2402.5,2402.5,25,0,2349.57,2425.25,2486.65
13444,2021-04-05 13:59:00,2402.5,2402.5,2402.5,2402.5,25,0,2349.57,2425.25,2486.65
13445,2021-04-05 14:00:00,2402.5,2402.5,2402.5,2402.5,25,0,2349.57,2425.25,2486.65
13446,2021-04-05 14:01:00,2402.5,2402.5,2402.5,2402.5,25,0,2349.57,2425.25,2486.65
13447,2021-04-05 14:02:00,2402.5,2402.5,2402.5,2402.5,25,0,2349.57,2425.25,2486.65
13448,2021-04-05 14:03:00,2402.5,2402.5,2402.5,2402.5,25,0,2349.57,2425.25,2486.65
13449,2021-04-05 14:04:00,2402.5,2402.5,2402.5,2402.5,25,0,2349.57,2425.25,2486.65
13450,2021-04-05 14:05:00,2402.5,2402.5,2402.5,2402.5,25,0,2349.57,2425.25,2486.65
13451,2021-04-05 14:06:00,2402.5,2402.5,2402.5,2402.5,25,0,2349.57,2425.25,2486.65
13452,2021-04-05 14:07:00,2402.5,2402.5,2402.5,2402.5,25,0,2349.57,2425.25,2486.65
13453,2021-04-05 14:08:00,2402.5,2402.5,2402.5,2402.5,25,0,2349.57,2425.25,2486.65
13454,2021-04-05 14:09:00,2402.5,2402.5,2402.5,2402.5,25,0,2349.57,2425.25,2486.65
13455,2021-04-05 14:10:00,2402.5,2402.5,2402.5,2402.5,25,0,2349.57,2425.25,2486.65
13456,2021-04-05 14:11:00,2402.5,2402.5,2402.5,2402.5,25,0,2349.57,2425.25,2486.65
13457,2021-04-05 14:12:00,2402.5,2402.5,2402.5,2402.5,25,0,2349.57,2425.25,2486.65
13458,2021-04-05 14:13:00,2402.5,2402.5,2402.5,2402.5,25,0,2349.57,2425.25,2486.65
13459,2021-04-05 14:14:00,2402.5,2402.5,2402.5,2402.5,25,0,2349.57,2425.25,2486.65
13460,2021-04-05 14:15:00,2402.5,2402.5,2402.5,2402.5,25,0,2349.57,2425.25,2486.65
13461,2021-04-05 14:16:00,2402.5,2402.5,2402.5,2402.5,25,0,2349.57,2425.25,2486.65
13462,2021-04-05 14:17:00,2402.5,2402.5,2402.5,2402.5,25,0,2349.57,2425.25,2486.65
13463,2021-04-05 14:18:00,2402.5,2402.5,2402.5,2402.5,25,0,2349.57,2425.25,2486.65
13464,2021-04-05 14:19:00,2402.5,2402.5,2402.5,2402.5,25,0,2349.57,2425.25,2486.65
13465,2021-04-05 14:20:00,2402.5,2402.5,2402.5,2402.5,25,0,2349.57,2425.25,2486.65
13466,2021-04-05 14:21:00,2402.5,2402.5,2402.5,2402.5,25,0,2349.57,2425.25,2486.65
13467,2021-04-05 14:22:00,2402.5,2402.5,2402.5,2402.5,25,0,2349.57,2425.25,2486.65
13468,2021-04-05 14:23:00,2402.5,2402.5,2402.5,2402.5,25,0,2349.57,2425.25,2486.65
13469,2021-04-05 14:24:00,2402.5,2402.5,2402.5,2402.5,25,0,2349.57,2425.25,2486.65
13470,2021-04-05 14:25:00,2402.5,2402.5,2402.5,2402.5,25,0,2349.57,2425.25,2486.65
13471,2021-04-05 14:26:00,2402.5,2402.5,2402.5,2402.5,25,0,2349.57,2425.25,2486.65
13472,2021-04-05 14:27:00,2402.5,2402.5,2402.5,2402.5,25,0,2349.57,2425.25,2486.65
13473,2021-04-05 14:28:00,2402.5,2402.5,2402.5,2402.5,25,0,2349.57,2425.25,2486.65
13474,2021-04-05 14:29:00,2402.5,2402.5,2402.5,2402.5,25,0,2349.57,2425.25,2486.65
13475,2021-04-05 14:30:00,2402.5,2402.5,2402.5,2402.5,25,0,2349.57,2425.25,2486.65
13476,2021-04-05 14:31:00,2402.5,2402.5,2402.5,2402.5,25,0,2349.57,2425.25,2486.65
13477,2021-04-05 14:32:00,2402.5,2402.5,2402.5,2402.5,25,0,2349.57,2425.25,2486.65
13478,2021-04-05 14:33:00,2402.5,2402.5,2402.5,2402.5,25,0,2349.57,2425.25,2486.65
13479,2021-04-05 14:34:00,2402.5,2402.5,2402.5,2402.5,25,0,2349.57,2425.25,2486.65
13480,2021-04-05 14:35:00,2402.5,2402.5,2402.5,2402.5,25,0,2349.57,2425.25,2486.65
13481,2021-04-05 14:36:00,2402.5,2402.5,2402.5,2402.5,25,0,2349.57,2425.25,2486.65
13482,2021-04-05 14:37:00,2402.5,2402.5,2402.5,2402.5,25,0,2349.57,2425.25,2486.65
13483,2021-04-05 14:38:00,2402.5,2402.5,2402.5,2402.5,25,0,2349.57,2425.25,2486.65
13484,2021-04-05 14:39:00,2402.5,2402.5,2402.5,2402.5,25,0,2349.57,2425.25,2486.65
13485,2021-04-05 14:40:00,2402.5,2402.5,2402.5,2402.5,25,0,2349.57,2425.25,2486.65
13486,2021-04-05 14:41:00,2402.5,2402.5,2402.5,2402.5,25,0,2349.57,2425.25,2486.65
13487,2021-04-05 14:42:00,2402.5,2402.5,2402.5,2402.5,25,0,2349.57,2425.25,2486.65
13488,2021-04-05 14:43:00,2402.5,2402.5,2402.5,2402.5,25,0,2349.57,2425.25,2486.65
13489,2021-04-05 14:44:00,2402.5,2402.5,2402.5,2402.5,25,0,2349.57,2425.25,2486.65
13490,2021-04-05 14:45:00,2402.5,2402.5,2402.5,2402.5,25,0,2349.57,2425.25,2486.65
13491,2021-04-05 14:46:00,2402.5,2402.5,2402.5,2402.5,25,0,2349.57,2425.25,2486.65
13492,2021-04-05 14:47:00,2402.5,2402.5,2402.5,2402.5,25,0,2349.57,2425.25,2486.65
13493,2021-04-05 14:48:00,2402.5,2402.5,2402.5,2402.5,25,0,2349.57,2425.25,2486.65
13494,2021-04-05 14:49:00,2402.5,2402.5,2402.5,2402.5,25,0,2349.57,2425.25,2486.65
13495,2021-04-05 14:50:00,2402.5,2402.5,2402.5,2402.5,25,0,2349.57,2425.25,2486.65
13496,2021-04-05 14:51:00,2402.5,2402.5,2402.5,2402.5,25,0,2349.57,2425.25,2486.65
13497,2021-04-05 14:52:00,2402.5,2402.5,2402.5,2402.5,25,0,2349.57,2425.25,2486.65
13498,2021-04-05 14:53:00,2402.5,2402.5,2402.5,2402.5,25,0,2349.57,2425.25,2486.65
13499,2021-04-05 14:54:00,2402.5,2402.5,2402.5,2402.5,25,0,2349.57,2425.25,2486.65
13500,2021-04-05 14:55:00,2402.5,2402.5,2402.5,2402.5,25,0,2349.57,2425.25,2486.65
13501,2021-04-05 14:56:00,2402.5,2402.5,2402.5,2402.5,25,0,2349.57,2425.25,2486.65
13502,2021-04-05 14:57:00,2402.5,2402.5,2402.5,2402.5,25,0,2349.57,2425.25,2486.65
13503,2021-04-05 14:58:00,2402.5,2402.5,2402.5,2402.5,25,0,2349.57,2425.25,2486.65
13504,2021-04-05 14:59:00,2402.5,2402.5,2402.5,2402.5,25,0,2349.57,2425.25,2486.65
13505,2021-04-05 15:00:00,2402.5,2402.5,2402.5,2402.5,25,0,2349.57,2425.25,2486.65
13506,2021-04-05 15:01:00,2402.5,2402.5,2402.5,2402.5,25,0,2349.57,2425.25,2486.65
13507,2021-04-05 15:02:00,2402.5,2402.5,2402.5,2402.5,25,0,2349.57,2425.25,2486.65
13508,2021-04-05 15:03:00,2402.5,2402.5,2402.5,2402.5,25,0,2349.57,2425.25,2486.65
13509,2021-04-05 15:04:00,2402.5,2402.5,2402.5,2402.5,25,0,2349.57,2425.25,2486.65
13510,2021-04-05 15:05:00,2402.5,2402.5,2402.5,2402.5,25,0,2349.57,2425.25,2486.65
13511,2021-04-05 15:06:00,2402.5,2402.5,2402.5,2402.5,25,0,2349.57,2425.25,2486.65
13512,2021-04-05 15:07:00,2402.5,2402.5,2402.5,2402.5,25,0,2349.57,2425.25,2486.65
13513,2021-04-05 15:08:00,2402.5,2402.5,2402.5,2402.5,25,0,2349.57,2425.25,2486.65
13514,2021-04-05 15:09:00,2402.5,2402.5,2402.5,2402.5,25,0,2349.57,2425.25,2486.65
13515,2021-04-05 15:10:00,2402.5,2402.5,2402.5,2402.5,25,0,2349.57,2425.25,2486.65
13516,2021-04-05 15:11:00,2402.5,2402.5,2402.5,2402.5,25,0,2349.57,2425.25,2486.65
13517,2021-04-05 15:12:00,2402.5,2402.5,2402.5,2402.5,25,0,2349.57,2425.25,2486.65
13518,2021-04-05 15:13:00,2402.5,2402.5,2402.5,2402.5,25,0,2349.57,2425.25,2486.65
13519,2021-04-05 15:14:00,2402.5,2402.5,2402.5,2402.5,25,0,2349.57,2425.25,2486.65
13520,2021-04-05 15:15:00,2402.5,2402.5,2402.5,2402.5,25,0,2349.57,2425.25,2486.65
13521,2021-04-05 15:16:00,2402.5,2402.5,2402.5,2402.5,25,0,2349.57,2425.25,2486.65
13522,2021-04-05 15:17:00,2402.5,2402.5,2402.5,2402.5,25,0,2349.57,2425.25,2486.65
13523,2021-04-05 15:18:00,2402.5,2402.5,2402.5,2402.5,25,0,2349.57,2425.25,2486.65
13524,2021-04-05 15:19:00,2402.5,2402.5,2402.5,2402.5,25,0,2349.57,2425.25,2486.65
13525,2021-04-05 15:20:00,2402.5,2402.5,2402.5,2402.5,25,0,2349.57,2425.25,2486.65
13526,2021-04-05 15:21:00,2402.5,2402.5,2402.5,2402.5,25,0,2349.57,2425.25,2486.65
13527,2021-04-05 15:22:00,2402.5,2402.5,2402.5,2402.5,25,0,2349.57,2425.25,2486.65
13528,2021-04-05 15:23:00,2402.5,2402.5,2402.5,2402.5,25,0,2349.57,2425.25,2486.65
13529,2021-04-05 15:24:00,2402.5,2402.5,2402.5,2402.5,25,0,2349.57,2425.25,2486.65
13530,2021-04-05 15:25:00,2402.5,2402.5,2402.5,2402.5,25,0,2349.57,2425.25,2486.65
13531,2021-04-05 15:26:00,2402.5,2402.5,2402.5,2402.5,25,0,2349.57,2425.25,2486.65
13532,2021-04-05 15:27:00,2402.5,2402.5,2402.5,2402.5,25,0,2349.57,2425.25,2486.65
13533,2021-04-05 15:28:00,2402.5,2402.5,2402.5,2402.5,25,0,2349.57,2425.25,2486.65
13534,2021-04-05 15:29:00,2402.5,2402.5,2402.5,2402.5,25,0,2349.57,2425.25,2486.65
13535,2021-04-05 15:30:00,2402.5,2402.5,2402.5,2402.5,25,0,2349.57,2425.25,2486.65
13536,2021-04-06 09:15:00,2402.5,2402.5,2402.5,2402.5,25,0,2349.57,2425.25,2486.65
13537,2021-04-06 09:16:00,2402.5,2402.5,2402.5,2402.5,25,0,2349.57,2425.25,2486.65
13538,2021-04-06 09:17:00,2402.5,2402.5,2402.5,2402.5,25,0,2349.57,2425.25,2486.65
13539,2021-04-06 09:18:00,2402.5,2402.5,2402.5,2402.5,25,0,2349.57,2425.25,2486.65
13540,2021-04-06 09:19:00,2402.5,2402.5,2402.5,2402.5,25,0,2349.57,2425.25,2486.65
13541,2021-04-06 09:20:00,2402.5,2402.5,2402.5,2402.5,25,0,2349.57,2425.25,2486.65
13542,2021-04-06 09:21:00,2402.5,2402.5,2402.5,2402.5,25,0,2349.57,2425.25,2486.65
13543,2021-04-06 09:22:00,2402.5,2402.5,2402.5,2402.5,25,0,2349.57,2425.25,2486.65
13544,2021-04-06 09:23:00,2402.5,2402.5,2402.5,2402.5,25,0,2349.57,2425.25,2486.65
13545,2021-04-06 09:24:00,2402.5,2402.5,2402.5,2402.5,25,0,2349.57,2425.25,2486.65
13546,2021-04-06 09:25:00,2402.5,2402.5,2402.5,2402.5,25,0,2349.57,2425.25,2486.65
13547,2021-04-06 09:26:00,2402.5,2402.5,2402.5,2402.5,25,0,2349.57,2425.25,2486.65
13548,2021-04-06 09:27:00,2402.5,2402.5,2402.5,2402.5,25,0,2349.57,2425.25,2486.65
13549,2021-04-06 09:28:00,2402.5,2402.5,2402.5,2402.5,25,0,2349.57,2425.25,2486.65
13550,2021-04-06 09:29:00,2402.5,2402.5,2402.5,2402.5,25,0,2349.57,2425.25,2486.65
13551,2021-04-06 09:30:00,2402.5,2402.5,2402.5,2402.5,25,0,2349.57,2425.25,2486.65
13552,2021-04-06 09:31:00,2402.5,2402.5,2402.5,2402.5,25,0,2349.57,2425.25,2486.65
13553,2021-04-06 09:32:00,2402.5,2402.5,2402.5,2402.5,25,0,2349.57,2425.25,2486.65
13554,2021-04-06 09:33:00,2402.5,2402.5,2402.5,2402.5,25,0,2349.57,2425.25,2486.65
13555,2021-04-06 09:34:00,2402.5,2402.5,2402.5,2402.5,25,0,2349.57,2425.25,2486.65
13556,2021-04-06 09:35:00,2402.5,2402.5,2402.5,2402.5,25,0,2349.57,2425.25,2486.65
13557,2021-04-06 09:36:00,2402.5,2402.5,2402.5,2402.5,25,0,2349.57,2425.25,2486.65
13558,2021-04-06 09:37:00,2402.5,2402.5,2402.5,2402.5,25,0,2349.57,2425.25,2486.65
13559,2021-04-06 09:38:00,2402.5,2402.5,2402.5,2402.5,25,0,2349.57,2425.25,2486.65
13560,2021-04-06 09:39:00,2402.5,2402.5,2402.5,2402.5,25,0,2349.57,2425.25,2486.65
13561,2021-04-06 09:40:00,2402.5,2402.5,2402.5,2402.5,25,0,2349.57,2425.25,2486.65
13562,2021-04-06 09:41:00,2402.5,2402.5,2402.5,2402.5,25,0,2349.57,2425.25,2486.65
13563,2021-04-06 09:42:00,2402.5,2402.5,2402.5,2402.5,25,0,2349.57,2425.25,2486.65
13564,2021-04-06 09:43:00,2402.5,2402.5,2402.5,2402.5,25,0,2349.57,2425.25,2486.65
13565,2021-04-06 09:44:00,2402.5,2402.5,2402.5,2402.5,25,0,2349.57,2425.25,2486.65
13566,2021-04-06 09:45:00,2402.5,2402.5,2402.5,2402.5,25,0,2349.57,2425.25,2486.65
13567,2021-04-06 09:46:00,2402.5,2402.5,2402.5,2402.5,25,0,2349.57,2425.25,2486.65
13568,2021-04-06 09:47:00,2402.5,2402.5,2402.5,2402.5,25,0,2349.57,2425.25,2486.65
13569,2021-04-06 09:48:00,2402.5,2402.5,2402.5,2402.5,25,0,2349.57,2425.25,2486.65
13570,2021-04-06 09:49:00,2402.5,2402.5,2402.5,2402.5,25,0,2349.57,2425.25,2486.65
13571,2021-04-06 09:50:00,2402.5,2402.5,2402.5,2402.5,25,0,2349.57,2425.25,2486.65
13572,2021-04-06 09:51:00,2402.5,2402.5,2402.5,2402.5,25,0,2349.57,2425.25,2486.65
13573,2021-04-06 09:52:00,2402.5,2402.5,2402.5,2402.5,25,0,2349.57,2425.25,2486.65
13574,2021-04-06 09:53:00,2402.5,2402.5,2402.5,2402.5,25,0,2349.57,2425.25,2486.65
13575,2021-04-06 09:54:00,2402.5,2402.5,2402.5,2402.5,25,0,2349.57,2425.25,2486.65
13576,2021-04-06 09:55:00,2402.5,2402.5,2402.5,2402.5,25,0,2349.57,2425.25,2486.65
13577,2021-04-06 09:56:00,2402.5,2402.5,2402.5,2402.5,25,0,2349.57,2425.25,2486.65
13578,2021-04-06 09:57:00,2402.5,2402.5,2402.5,2402.5,25,0,2349.57,2425.25,2486.65
13579,2021-04-06 09:58:00,2402.5,2402.5,2402.5,2402.5,25,0,2349.57,2425.25,2486.65
13580,2021-04-06 09:59:00,2402.5,2402.5,2402.5,2402.5,25,0,2349.57,2425.25,2486.65
13581,2021-04-06 10:00:00,2402.5,2402.5,2402.5,2402.5,25,0,2349.57,2425.25,2486.65
13582,2021-04-06 10:01:00,2402.5,2402.5,2402.5,2402.5,25,0,2349.57,2425.25,2486.65
13583,2021-04-06 10:02:00,2402.5,2402.5,2402.5,2402.5,25,0,2349.57,2425.25,2486.65
13584,2021-04-06 10:03:00,2402.5,2402.5,2402.5,2402.5,25,0,2349.57,2425.25,2486.65
13585,2021-04-06 10:04:00,2402.5,2402.5,2402.5,2402.5,25,0,2349.57,2425.25,2486.65
13586,2021-04-06 10:05:00,2402.5,2402.5,2402.5,2402.5,25,0,2349.57,2425.25,2486.65
13587,2021-04-06 10:06:00,2402.5,2402.5,2402.5,2402.5,25,0,2349.57,2425.25,2486.65
13588,2021-04-06 10:07:00,2402.5,2402.5,2402.5,2402.5,25,0,2349.57,2425.25,2486.65
13589,2021-04-06 10:08:00,2402.5,2402.5,2402.5,2402.5,25,0,2349.57,2425.25,2486.65
13590,2021-04-06 10:09:00,2402.5,2402.5,2402.5,2402.5,25,0,2349.57,2425.25,2486.65
13591,2021-04-06 10:10:00,2402.5,2402.5,2402.5,2402.5,25,0,2349.57,2425.25,2486.65
13592,2021-04-06 10:11:00,2402.5,2402.5,2402.5,2402.5,25,0,2349.57,2425.25,2486.65
13593,2021-04-06 10:12:00,2402.5,2402.5,2402.5,2402.5,25,0,2349.57,2425.25,2486.65
13594,2021-04-06 10:13:00,2402.5,2402.5,2402.5,2402.5,25,0,2349.57,2425.25,2486.65
13595,2021-04-06 10:14:00,2402.5,2402.5,2402.5,2402.5,25,0,2349.57,2425.25,2486.65
13596,2021-04-06 10:15:00,2402.5,2402.5,2402.5,2402.5,25,0,2349.57,2425.25,2486.65
13597,2021-04-06 10:16:00,2402.5,2402.5,2402.5,2402.5,25,0,2349.57,2425.25,2486.65
13598,2021-04-06 10:17:00,2402.5,2402.5,2402.5,2402.5,25,0,2349.57,2425.25,2486.65
13599,2021-04-06 10:18:00,2402.5,2402.5,2402.5,2402.5,25,0,2349.57,2425.25,2486.65
13600,2021-04-06 10:19:00,2402.5,2402.5,2402.5,2402.5,25,0,2349.57,2425.25,2486.65
13601,2021-04-06 10:20:00,2402.5,2402.5,2402.5,2402.5,25,0,2349.57,2425.25,2486.65
13602,2021-04-06 10:21:00,2402.5,2402.5,2402.5,2402.5,25,0,2349.57,2425.25,2486.65
13603,2021-04-06 10:22:00,2402.5,2402.5,2402.5,2402.5,25,0,2349.57,2425.25,2486.65
13604,2021-04-06 10:23:00,2402.5,2402.5,2402.5,2402.5,25,0,2349.57,2425.25,2486.65
13605,2021-04-06 10:24:00,2402.5,2402.5,2402.5,2402.5,25,0,2349.57,2425.25,2486.65
13606,2021-04-06 10:25:00,2402.5,2402.5,2402.5,2402.5,25,0,2349.57,2425.25,2486.65
13607,2021-04-06 10:26:00,2402.5,2402.5,2402.5,2402.5,25,0,2349.57,2425.25,2486.65
13608,2021-04-06 10:27:00,2402.5,2402.5,2402.5,2402.5,25,0,2349.57,2425.25,2486.65
13609,2021-04-06 10:28:00,2402.5,2402.5,2402.5,2402.5,25,0,2349.57,2425.25,2486.65
13610,2021-04-06 10:29:00,2402.5,2402.5,2402.5,2402.5,25,0,2349.57,2425.25,2486.65
13611,2021-04-06 10:30:00,2402.5,2402.5,2402.5,2402.5,25,0,2349.57,2425.25,2486.65
13612,2021-04-06 10:31:00,2402.5,2402.5,2402.5,2402.5,25,0,2349.57,2425.25,2486.65
13613,2021-04-06 10:32:00,2402.5,2402.5,2402.5,2402.5,25,0,2349.57,2425.25,2486.65
13614,2021-04-06 10:33:00,2402.5,2402.5,2402.5,2402.5,25,0,2349.57,2425.25,2486.65
13615,2021-04-06 10:34:00,2402.5,2402.5,2402.5,2402.5,25,0,2349.57,2425.25,2486.65
13616,2021-04-06 10:35:00,2402.5,2402.5,2402.5,2402.5,25,0,2349.57,2425.25,2486.65
13617,2021-04-06 10:36:00,2402.5,2402.5,2402.5,2402.5,25,0,2349.57,2425.25,2486.65
13618,2021-04-06 10:37:00,2402.5,2402.5,2402.5,2402.5,25,0,2349.57,2425.25,2486.65
13619,2021-04-06 10:38:00,2402.5,2402.5,2402.5,2402.5,25,0,2349.57,2425.25,2486.65
13620,2021-04-06 10:39:00,2402.5,2402.5,2402.5,2402.5,25,0,2349.57,2425.25,2486.65
13621,2021-04-06 10:40:00,2402.5,2402.5,2402.5,2402.5,25,0,2349.57,2425.25,2486.65
13622,2021-04-06 10:41:00,2402.5,2402.5,2402.5,2402.5,25,0,2349.57,2425.25,2486.65
13623,2021-04-06 10:42:00,2402.5,2402.5,2402.5,2402.5,25,0,2349.57,2425.25,2486.65
13624,2021-04-06 10:43:00,2402.5,2402.5,2402.5,2402.5,25,0,2349.57,2425.25,2486.65
13625,2021-04-06 10:44:00,2402.5,2402.5,2402.5,2402.5,25,0,2349.57,2425.25,2486.65
13626,2021-04-06 10:45:00,2402.5,2402.5,2402.5,2402.5,25,0,2349.57,2425.25,2486.65
13627,2021-04-06 10:46:00,2402.5,2402.5,2402.5,2402.5,25,0,2349.57,2425.25,2486.65
13628,2021-04-06 10:47:00,2402.5,2402.5,2402.5,2402.5,25,0,2349.57,2425.25,2486.65
13629,2021-04-06 10:48:00,2402.5,2402.5,2402.5,2402.5,25,0,2349.57,2425.25,2486.65
13630,2021-04-06 10:49:00,2402.5,2402.5,2402.5,2402.5,25,0,2349.57,2425.25,2486.65
13631,2021-04-06 10:50:00,2402.5,2402.5,2402.5,2402.5,25,0,2349.57,2425.25,2486.65
13632,2021-04-06 10:51:00,2402.5,2402.5,2402.5,2402.5,25,0,2349.57,2425.25,2486.65
13633,2021-04-06 10:52:00,2402.5,2402.5,2402.5,2402.5,25,0,2349.57,2425.25,2486.65
13634,2021-04-06 10:53:00,2402.5,2402.5,2402.5,2402.5,25,0,2349.57,2425.25,2486.65
13635,2021-04-06 10:54:00,2402.5,2402.5,2402.5,2402.5,25,0,2349.57,2425.25,2486.65
13636,2021-04-06 10:55:00,2402.5,2402.5,2402.5,2402.5,25,0,2349.57,2425.25,2486.65
13637,2021-04-06 10:56:00,2402.5,2402.5,2402.5,2402.5,25,0,2349.57,2425.25,2486.65
13638,2021-04-06 10:57:00,2402.5,2402.5,2402.5,2402.5,25,0,2349.57,2425.25,2486.65
13639,2021-04-06 10:58:00,2402.5,2402.5,2402.5,2402.5,25,0,2349.57,2425.25,2486.65
13640,2021-04-06 10:59:00,2402.5,2402.5,2402.5,2402.5,25,0,2349.57,2425.25,2486.65
13641,2021-04-06 11:00:00,2402.5,2402.5,2402.5,2402.5,25,0,2349.57,2425.25,2486.65
13642,2021-04-06 11:01:00,2402.5,2402.5,2402.5,2402.5,25,0,2349.57,2425.25,2486.65
13643,2021-04-06 11:02:00,2402.5,2402.5,2402.5,2402.5,25,0,2349.57,2425.25,2486.65
13644,2021-04-06 11:03:00,2402.5,2402.5,2402.5,2402.5,25,0,2349.57,2425.25,2486.65
13645,2021-04-06 11:04:00,2402.5,2402.5,2402.5,2402.5,25,0,2349.57,2425.25,2486.65
13646,2021-04-06 11:05:00,2402.5,2402.5,2402.5,2402.5,25,0,2349.57,2425.25,2486.65
13647,2021-04-06 11:06:00,2402.5,2402.5,2402.5,2402.5,25,0,2349.57,2425.25,2486.65
13648,2021-04-06 11:07:00,2402.5,2402.5,2402.5,2402.5,25,0,2349.57,2425.25,2486.65
13649,2021-04-06 11:08:00,2402.5,2402.5,2402.5,2402.5,25,0,2349.57,2425.25,2486.65
13650,2021-04-06 11:09:00,2402.5,2402.5,2402.5,2402.5,25,0,2349.57,2425.25,2486.65
13651,2021-04-06 11:10:00,2402.5,2402.5,2402.5,2402.5,25,0,2349.57,2425.25,2486.65
13652,2021-04-06 11:11:00,2402.5,2402.5,2402.5,2402.5,25,0,2349.57,2425.25,2486.65
13653,2021-04-06 11:12:00,2402.5,2402.5,2402.5,2402.5,25,0,2349.57,2425.25,2486.65
13654,2021-04-06 11:13:00,2402.5,2402.5,2402.5,2402.5,25,0,2349.57,2425.25,2486.65
13655,2021-04-06 11:14:00,2402.5,2402.5,2402.5,2402.5,25,0,2349.57,2425.25,2486.65
13656,2021-04-06 11:15:00,2402.5,2402.5,2402.5,2402.5,25,0,2349.57,2425.25,2486.65
13657,2021-04-06 11:16:00,2402.5,2402.5,2402.5,2402.5,25,0,2349.57,2425.25,2486.65
13658,2021-04-06 11:17:00,2402.5,2402.5,2402.5,2402.5,25,0,2349.57,2425.25,2486.65
13659,2021-04-06 11:18:00,2402.5,2402.5,2402.5,2402.5,25,0,2349.57,2425.25,2486.65
13660,2021-04-06 11:19:00,2402.5,2402.5,2402.5,2402.5,25,0,2349.57,2425.25,2486.65
13661,2021-04-06 11:20:00,2402.5,2402.5,2402.5,2402.5,25,0,2349.57,2425.25,2486.65
13662,2021-04-06 11:21:00,2402.5,2402.5,2402.5,2402.5,25,0,2349.57,2425.25,2486.65
13663,2021-04-06 11:22:00,2402.5,2402.5,2402.5,2402.5,25,0,2349.57,2425.25,2486.65
13664,2021-04-06 11:23:00,2402.5,2402.5,2402.5,2402.5,25,0,2349.57,2425.25,2486.65
13665,2021-04-06 11:24:00,2402.5,2402.5,2402.5,2402.5,25,0,2349.57,2425.25,2486.65
13666,2021-04-06 11:25:00,2402.5,2402.5,2402.5,2402.5,25,0,2349.57,2425.25,2486.65
13667,2021-04-06 11:26:00,2402.5,2402.5,2402.5,2402.5,25,0,2349.57,2425.25,2486.65
13668,2021-04-06 11:27:00,2402.5,2402.5,2402.5,2402.5,25,0,2349.57,2425.25,2486.65
13669,2021-04-06 11:28:00,2402.5,2402.5,2402.5,2402.5,25,0,2349.57,2425.25,2486.65
13670,2021-04-06 11:29:00,2402.5,2402.5,2402.5,2402.5,25,0,2349.57,2425.25,2486.65
13671,2021-04-06 11:30:00,2402.5,2402.5,2402.5,2402.5,25,0,2349.57,2425.25,2486.65
13672,2021-04-06 11:31:00,2402.5,2402.5,2402.5,2402.5,25,0,2349.57,2425.25,2486.65
13673,2021-04-06 11:32:00,2402.5,2402.5,2402.5,2402.5,25,0,2349.57,2425.25,2486.65
13674,2021-04-06 11:33:00,2402.5,2402.5,2402.5,2402.5,25,0,2349.57,2425.25,2486.65
13675,2021-04-06 11:34:00,2402.5,2402.5,2402.5,2402.5,25,0,2349.57,2425.25,2486.65
13676,2021-04-06 11:35:00,2402.5,2402.5,2402.5,2402.5,25,0,2349.57,2425.25,2486.65
13677,2021-04-06 11:36:00,2402.5,2402.5,2402.5,2402.5,25,0,2349.57,2425.25,2486.65
13678,2021-04-06 11:37:00,2402.5,2402.5,2402.5,2402.5,25,0,2349.57,2425.25,2486.65
13679,2021-04-06 11:38:00,2402.5,2402.5,2402.5,2402.5,25,0,2349.57,2425.25,2486.65
13680,2021-04-06 11:39:00,2402.5,2402.5,2402.5,2402.5,25,0,2349.57,2425.25,2486.65
13681,2021-04-06 11:40:00,2402.5,2402.5,2402.5,2402.5,25,0,2349.57,2425.25,2486.65
13682,2021-04-06 11:41:00,2402.5,2402.5,2402.5,2402.5,25,0,2349.57,2425.25,2486.65
13683,2021-04-06 11:42:00,2402.5,2402.5,2402.5,2402.5,25,0,2349.57,2425.25,2486.65
13684,2021-04-06 11:43:00,2402.5,2402.5,2402.5,2402.5,25,0,2349.57,2425.25,2486.65
13685,2021-04-06 11:44:00,2402.5,2402.5,2402.5,2402.5,25,0,2349.57,2425.25,2486.65
13686,2021-04-06 11:45:00,2402.5,2402.5,2402.5,2402.5,25,0,2349.57,2425.25,2486.65
13687,2021-04-06 11:46:00,2402.5,2402.5,2402.5,2402.5,25,0,2349.57,2425.25,2486.65
13688,2021-04-06 11:47:00,2402.5,2402.5,2402.5,2402.5,25,0,2349.57,2425.25,2486.65
13689,2021-04-06 11:48:00,2402.5,2402.5,2402.5,2402.5,25,0,2349.57,2425.25,2486.65
13690,2021-04-06 11:49:00,2402.5,2402.5,2402.5,2402.5,25,0,2349.57,2425.25,2486.65
13691,2021-04-06 11:50:00,2402.5,2402.5,2402.5,2402.5,25,0,2349.57,2425.25,2486.65
13692,2021-04-06 11:51:00,2402.5,2402.5,2402.5,2402.5,25,0,2349.57,2425.25,2486.65
13693,2021-04-06 11:52:00,2402.5,2402.5,2402.5,2402.5,25,0,2349.57,2425.25,2486.65
13694,2021-04-06 11:53:00,2402.5,2402.5,2402.5,2402.5,25,0,2349.57,2425.25,2486.65
13695,2021-04-06 11:54:00,2402.5,2402.5,2402.5,2402.5,25,0,2349.57,2425.25,2486.65
13696,2021-04-06 11:55:00,2402.5,2402.5,2402.5,2402.5,25,0,2349.57,2425.25,2486.65
13697,2021-04-06 11:56:00,2402.5,2402.5,2402.5,2402.5,25,0,2349.57,2425.25,2486.65
13698,2021-04-06 11:57:00,2402.5,2402.5,2402.5,2402.5,25,0,2349.57,2425.25,2486.65
13699,2021-04-06 11:58:00,2402.5,2402.5,2402.5,2402.5,25,0,2349.57,2425.25,2486.65
13700,2021-04-06 11:59:00,2402.5,2402.5,2402.5,2402.5,25,0,2349.57,2425.25,2486.65
13701,2021-04-06 12:00:00,2402.5,2402.5,2402.5,2402.5,25,0,2349.57,2425.25,2486.65
13702,2021-04-06 12:01:00,2402.5,2402.5,2402.5,2402.5,25,0,2349.57,2425.25,2486.65
13703,2021-04-06 12:02:00,2402.5,2402.5,2402.5,2402.5,25,0,2349.57,2425.25,2486.65
13704,2021-04-06 12:03:00,2402.5,2402.5,2402.5,2402.5,25,0,2349.57,2425.25,2486.65
13705,2021-04-06 12:04:00,2402.5,2402.5,2402.5,2402.5,25,0,2349.57,2425.25,2486.65
13706,2021-04-06 12:05:00,2402.5,2402.5,2402.5,2402.5,25,0,2349.57,2425.25,2486.65
13707,2021-04-06 12:06:00,2402.5,2402.5,2402.5,2402.5,25,0,2349.57,2425.25,2486.65
13708,2021-04-06 12:07:00,2402.5,2402.5,2402.5,2402.5,25,0,2349.57,2425.25,2486.65
13709,2021-04-06 12:08:00,2402.5,2402.5,2402.5,2402.5,25,0,2349.57,2425.25,2486.65
13710,2021-04-06 12:09:00,2402.5,2402.5,2402.5,2402.5,25,0,2349.57,2425.25,2486.65
13711,2021-04-06 12:10:00,2402.5,2402.5,2402.5,2402.5,25,0,2349.57,2425.25,2486.65
13712,2021-04-06 12:11:00,2402.5,2402.5,2402.5,2402.5,25,0,2349.57,2425.25,2486.65
13713,2021-04-06 12:12:00,2402.5,2402.5,2402.5,2402.5,25,0,2349.57,2425.25,2486.65
13714,2021-04-06 12:13:00,2402.5,2402.5,2402.5,2402.5,25,0,2349.57,2425.25,2486.65
13715,2021-04-06 12:14:00,2402.5,2402.5,2402.5,2402.5,25,0,2349.57,2425.25,2486.65
13716,2021-04-06 12:15:00,2402.5,2402.5,2402.5,2402.5,25,0,2349.57,2425.25,2486.65
13717,2021-04-06 12:16:00,2402.5,2402.5,2402.5,2402.5,25,0,2349.57,2425.25,2486.65
13718,2021-04-06 12:17:00,2402.5,2402.5,2402.5,2402.5,25,0,2349.57,2425.25,2486.65
13719,2021-04-06 12:18:00,2402.5,2402.5,2402.5,2402.5,25,0,2349.57,2425.25,2486.65
13720,2021-04-06 12:19:00,2402.5,2402.5,2402.5,2402.5,25,0,2349.57,2425.25,2486.65
13721,2021-04-06 12:20:00,2402.5,2402.5,2402.5,2402.5,25,0,2349.57,2425.25,2486.65
13722,2021-04-06 12:21:00,2402.5,2402.5,2402.5,2402.5,25,0,2349.57,2425.25,2486.65
13723,2021-04-06 12:22:00,2402.5,2402.5,2402.5,2402.5,25,0,2349.57,2425.25,2486.65
13724,2021-04-06 12:23:00,2402.5,2402.5,2402.5,2402.5,25,0,2349.57,2425.25,2486.65
13725,2021-04-06 12:24:00,2402.5,2402.5,2402.5,2402.5,25,0,2349.57,2425.25,2486.65
13726,2021-04-06 12:25:00,2402.5,2402.5,2402.5,2402.5,25,0,2349.57,2425.25,2486.65
13727,2021-04-06 12:26:00,2402.5,2402.5,2402.5,2402.5,25,0,2349.57,2425.25,2486.65
13728,2021-04-06 12:27:00,2402.5,2402.5,2402.5,2402.5,25,0,2349.57,2425.25,2486.65
13729,2021-04-06 12:28:00,2402.5,2402.5,2402.5,2402.5,25,0,2349.57,2425.25,2486.65
13730,2021-04-06 12:29:00,2402.5,2402.5,2402.5,2402.5,25,0,2349.57,2425.25,2486.65
13731,2021-04-06 12:30:00,2402.5,2402.5,2402.5,2402.5,25,0,2349.57,2425.25,2486.65
13732,2021-04-06 12:31:00,2402.5,2402.5,2402.5,2402.5,25,0,2349.57,2425.25,2486.65
13733,2021-04-06 12:32:00,2402.5,2402.5,2402.5,2402.5,25,0,2349.57,2425.25,2486.65
13734,2021-04-06 12:33:00,2402.5,2402.5,2402.5,2402.5,25,0,2349.57,2425.25,2486.65
13735,2021-04-06 12:34:00,2402.5,2402.5,2402.5,2402.5,25,0,2349.57,2425.25,2486.65
13736,2021-04-06 12:35:00,2402.5,2402.5,2402.5,2402.5,25,0,2349.57,2425.25,2486.65
13737,2021-04-06 12:36:00,2402.5,2402.5,2402.5,2402.5,25,0,2349.57,2425.25,2486.65
13738,2021-04-06 12:37:00,2402.5,2402.5,2402.5,2402.5,25,0,2349.57,2425.25,2486.65
13739,2021-04-06 12:38:00,2402.5,2402.5,2402.5,2402.5,25,0,2349.57,2425.25,2486.65
13740,2021-04-06 12:39:00,2402.5,2402.5,2402.5,2402.5,25,0,2349.57,2425.25,2486.65
13741,2021-04-06 12:40:00,2402.5,2402.5,2402.5,2402.5,25,0,2349.57,2425.25,2486.65
13742,2021-04-06 12:41:00,2402.5,2402.5,2402.5,2402.5,25,0,2349.57,2425.25,2486.65
13743,2021-04-06 12:42:00,2402.5,2402.5,2402.5,2402.5,25,0,2349.57,2425.25,2486.65
13744,2021-04-06 12:43:00,2402.5,2402.5,2402.5,2402.5,25,0,2349.57,2425.25,2486.65
13745,2021-04-06 12:44:00,2402.5,2402.5,2402.5,2402.5,25,0,2349.57,2425.25,2486.65
13746,2021-04-06 12:45:00,2402.5,2402.5,2402.5,2402.5,25,0,2349.57,2425.25,2486.65
13747,2021-04-06 12:46:00,2402.5,2402.5,2402.5,2402.5,25,0,2349.57,2425.25,2486.65
13748,2021-04-06 12:47:00,2402.5,2402.5,2402.5,2402.5,25,0,2349.57,2425.25,2486.65
13749,2021-04-06 12:48:00,2402.5,2402.5,2402.5,2402.5,25,0,2349.57,2425.25,2486.65
13750,2021-04-06 12:49:00,2402.5,2402.5,2402.5,2402.5,25,0,2349.57,2425.25,2486.65
13751,2021-04-06 12:50:00,2402.5,2402.5,2402.5,2402.5,25,0,2349.57,2425.25,2486.65
13752,2021-04-06 12:51:00,2402.5,2402.5,2402.5,2402.5,25,0,2349.57,2425.25,2486.65
13753,2021-04-06 12:52:00,2402.5,2402.5,2402.5,2402.5,25,0,2349.57,2425.25,2486.65
13754,2021-04-06 12:53:00,2402.5,2402.5,2402.5,2402.5,25,0,2349.57,2425.25,2486.65
13755,2021-04-06 12:54:00,2402.5,2402.5,2402.5,2402.5,25,0,2349.57,2425.25,2486.65
13756,2021-04-06 12:55:00,2402.5,2402.5,2402.5,2402.5,25,0,2349.57,2425.25,2486.65
13757,2021-04-06 12:56:00,2402.5,2402.5,2402.5,2402.5,25,0,2349.57,2425.25,2486.65
13758,2021-04-06 12:57:00,2402.5,2402.5,2402.5,2402.5,25,0,2349.57,2425.25,2486.65
13759,2021-04-06 12:58:00,2402.5,2402.5,2402.5,2402.5,25,0,2349.57,2425.25,2486.65
13760,2021-04-06 12:59:00,2402.5,2402.5,2402.5,2402.5,25,0,2349.57,2425.25,2486.65
13761,2021-04-06 13:00:00,2402.5,2402.5,2402.5,2402.5,25,0,2349.57,2425.25,2486.65
13762,2021-04-06 13:01:00,2402.5,2402.5,2402.5,2402.5,25,0,2349.57,2425.25,2486.65
13763,2021-04-06 13:02:00,2402.5,2402.5,2402.5,2402.5,25,0,2349.57,2425.25,2486.65
13764,2021-04-06 13:03:00,2402.5,2402.5,2402.5,2402.5,25,0,2349.57,2425.25,2486.65
13765,2021-04-06 13:04:00,2402.5,2402.5,2402.5,2402.5,25,0,2349.57,2425.25,2486.65
13766,2021-04-06 13:05:00,2402.5,2402.5,2402.5,2402.5,25,0,2349.57,2425.25,2486.65
13767,2021-04-06 13:06:00,2402.5,2402.5,2402.5,2402.5,25,0,2349.57,2425.25,2486.65
13768,2021-04-06 13:07:00,2402.5,2402.5,2402.5,2402.5,25,0,2349.57,2425.25,2486.65
13769,2021-04-06 13:08:00,2402.5,2402.5,2402.5,2402.5,25,0,2349.57,2425.25,2486.65
13770,2021-04-06 13:09:00,2402.5,2402.5,2402.5,2402.5,25,0,2349.57,2425.25,2486.65
13771,2021-04-06 13:10:00,2402.5,2402.5,2402.5,2402.5,25,0,2349.57,2425.25,2486.65
13772,2021-04-06 13:11:00,2402.5,2402.5,2402.5,2402.5,25,0,2349.57,2425.25,2486.65
13773,2021-04-06 13:12:00,2402.5,2402.5,2402.5,2402.5,25,0,2349.57,2425.25,2486.65
13774,2021-04-06 13:13:00,2402.5,2402.5,2402.5,2402.5,25,0,2349.57,2425.25,2486.65
13775,2021-04-06 13:14:00,2402.5,2402.5,2402.5,2402.5,25,0,2349.57,2425.25,2486.65
13776,2021-04-06 13:15:00,2402.5,2402.5,2402.5,2402.5,25,0,2349.57,2425.25,2486.65
13777,2021-04-06 13:16:00,2402.5,2402.5,2402.5,2402.5,25,0,2349.57,2425.25,2486.65
13778,2021-04-06 13:17:00,2402.5,2402.5,2402.5,2402.5,25,0,2349.57,2425.25,2486.65
13779,2021-04-06 13:18:00,2402.5,2402.5,2402.5,2402.5,25,0,2349.57,2425.25,2486.65
13780,2021-04-06 13:19:00,2402.5,2402.5,2402.5,2402.5,25,0,2349.57,2425.25,2486.65
13781,2021-04-06 13:20:00,2402.5,2402.5,2402.5,2402.5,25,0,2349.57,2425.25,2486.65
13782,2021-04-06 13:21:00,2402.5,2402.5,2402.5,2402.5,25,0,2349.57,2425.25,2486.65
13783,2021-04-06 13:22:00,2402.5,2402.5,2402.5,2402.5,25,0,2349.57,2425.25,2486.65
13784,2021-04-06 13:23:00,2402.5,2402.5,2402.5,2402.5,25,0,2349.57,2425.25,2486.65
13785,2021-04-06 13:24:00,2402.5,2402.5,2402.5,2402.5,25,0,2349.57,2425.25,2486.65
13786,2021-04-06 13:25:00,2402.5,2402.5,2402.5,2402.5,25,0,2349.57,2425.25,2486.65
13787,2021-04-06 13:26:00,2402.5,2402.5,2402.5,2402.5,25,0,2349.57,2425.25,2486.65
13788,2021-04-06 13:27:00,2402.5,2402.5,2402.5,2402.5,25,0,2349.57,2425.25,2486.65
13789,2021-04-06 13:28:00,2402.5,2402.5,2402.5,2402.5,25,0,2349.57,2425.25,2486.65
13790,2021-04-06 13:29:00,2402.5,2402.5,2402.5,2402.5,25,0,2349.57,2425.25,2486.65
13791,2021-04-06 13:30:00,2402.5,2402.5,2402.5,2402.5,25,0,2349.57,2425.25,2486.65
13792,2021-04-06 13:31:00,2402.5,2402.5,2402.5,2402.5,25,0,2349.57,2425.25,2486.65
13793,2021-04-06 13:32:00,2402.5,2402.5,2402.5,2402.5,25,0,2349.57,2425.25,2486.65
13794,2021-04-06 13:33:00,2402.5,2402.5,2402.5,2402.5,25,0,2349.57,2425.25,2486.65
13795,2021-04-06 13:34:00,2402.5,2402.5,2402.5,2402.5,25,0,2349.57,2425.25,2486.65
13796,2021-04-06 13:35:00,2402.5,2402.5,2402.5,2402.5,25,0,2349.57,2425.25,2486.65
13797,2021-04-06 13:36:00,2402.5,2402.5,2402.5,2402.5,25,0,2349.57,2425.25,2486.65
13798,2021-04-06 13:37:00,2402.5,2402.5,2402.5,2402.5,25,0,2349.57,2425.25,2486.65
13799,2021-04-06 13:38:00,2402.5,2402.5,2402.5,2402.5,25,0,2349.57,2425.25,2486.65
13800,2021-04-06 13:39:00,2402.5,2402.5,2402.5,2402.5,25,0,2349.57,2425.25,2486.65
13801,2021-04-06 13:40:00,2402.5,2402.5,2402.5,2402.5,25,0,2349.57,2425.25,2486.65
13802,2021-04-06 13:41:00,2402.5,2402.5,2402.5,2402.5,25,0,2349.57,2425.25,2486.65
13803,2021-04-06 13:42:00,2402.5,2402.5,2402.5,2402.5,25,0,2349.57,2425.25,2486.65
13804,2021-04-06 13:43:00,2402.5,2402.5,2402.5,2402.5,25,0,2349.57,2425.25,2486.65
13805,2021-04-06 13:44:00,2402.5,2402.5,2402.5,2402.5,25,0,2349.57,2425.25,2486.65
13806,2021-04-06 13:45:00,2402.5,2402.5,2402.5,2402.5,25,0,2349.57,2425.25,2486.65
13807,2021-04-06 13:46:00,2402.5,2402.5,2402.5,2402.5,25,0,2349.57,2425.25,2486.65
13808,2021-04-06 13:47:00,2402.5,2402.5,2402.5,2402.5,25,0,2349.57,2425.25,2486.65
13809,2021-04-06 13:48:00,2402.5,2402.5,2402.5,2402.5,25,0,2349.57,2425.25,2486.65
13810,2021-04-06 13:49:00,2402.5,2402.5,2402.5,2402.5,25,0,2349.57,2425.25,2486.65
13811,2021-04-06 13:50:00,2402.5,2402.5,2402.5,2402.5,25,0,2349.57,2425.25,2486.65
13812,2021-04-06 13:51:00,2402.5,2402.5,2402.5,2402.5,25,0,2349.57,2425.25,2486.65
13813,2021-04-06 13:52:00,2402.5,2402.5,2402.5,2402.5,25,0,2349.57,2425.25,2486.65
13814,2021-04-06 13:53:00,2402.5,2402.5,2402.5,2402.5,25,0,2349.57,2425.25,2486.65
13815,2021-04-06 13:54:00,2402.5,2402.5,2402.5,2402.5,25,0,2349.57,2425.25,2486.65
13816,2021-04-06 13:55:00,2402.5,2402.5,2402.5,2402.5,25,0,2349.57,2425.25,2486.65
13817,2021-04-06 13:56:00,2402.5,2402.5,2402.5,2402.5,25,0,2349.57,2425.25,2486.65
13818,2021-04-06 13:57:00,2402.5,2402.5,2402.5,2402.5,25,0,2349.57,2425.25,2486.65
13819,2021-04-06 13:58:00,2402.5,2402.5,2402.5,2402.5,25,0,2349.57,2425.25,2486.65
13820,2021-04-06 13:59:00,2402.5,2402.5,2402.5,2402.5,25,0,2349.57,2425.25,2486.65
13821,2021-04-06 14:00:00,2402.5,2402.5,2402.5,2402.5,25,0,2349.57,2425.25,2486.65
13822,2021-04-06 14:01:00,2402.5,2402.5,2402.5,2402.5,25,0,2349.57,2425.25,2486.65
13823,2021-04-06 14:02:00,2402.5,2402.5,2402.5,2402.5,25,0,2349.57,2425.25,2486.65
13824,2021-04-06 14:03:00,2402.5,2402.5,2402.5,2402.5,25,0,2349.57,2425.25,2486.65
13825,2021-04-06 14:04:00,2402.5,2402.5,2402.5,2402.5,25,0,2349.57,2425.25,2486.65
13826,2021-04-06 14:05:00,2402.5,2402.5,2402.5,2402.5,25,0,2349.57,2425.25,2486.65
13827,2021-04-06 14:06:00,2402.5,2402.5,2402.5,2402.5,25,0,2349.57,2425.25,2486.65
13828,2021-04-06 14:07:00,2402.5,2402.5,2402.5,2402.5,25,0,2349.57,2425.25,2486.65
13829,2021-04-06 14:08:00,2402.5,2402.5,2402.5,2402.5,25,0,2349.57,2425.25,2486.65
13830,2021-04-06 14:09:00,2402.5,2402.5,2402.5,2402.5,25,0,2349.57,2425.25,2486.65
13831,2021-04-06 14:10:00,2402.5,2402.5,2402.5,2402.5,25,0,2349.57,2425.25,2486.65
13832,2021-04-06 14:11:00,2402.5,2402.5,2402.5,2402.5,25,0,2349.57,2425.25,2486.65
13833,2021-04-06 14:12:00,2402.5,2402.5,2402.5,2402.5,25,0,2349.57,2425.25,2486.65
13834,2021-04-06 14:13:00,2402.5,2402.5,2402.5,2402.5,25,0,2349.57,2425.25,2486.65
13835,2021-04-06 14:14:00,2402.5,2402.5,2402.5,2402.5,25,0,2349.57,2425.25,2486.65
13836,2021-04-06 14:15:00,2402.5,2402.5,2402.5,2402.5,25,0,2349.57,2425.25,2486.65
13837,2021-04-06 14:16:00,2402.5,2402.5,2402.5,2402.5,25,0,2349.57,2425.25,2486.65
13838,2021-04-06 14:17:00,2402.5,2402.5,2402.5,2402.5,25,0,2349.57,2425.25,2486.65
13839,2021-04-06 14:18:00,2402.5,2402.5,2402.5,2402.5,25,0,2349.57,2425.25,2486.65
13840,2021-04-06 14:19:00,2402.5,2402.5,2402.5,2402.5,25,0,2349.57,2425.25,2486.65
13841,2021-04-06 14:20:00,2402.5,2402.5,2402.5,2402.5,25,0,2349.57,2425.25,2486.65
13842,2021-04-06 14:21:00,2402.5,2402.5,2402.5,2402.5,25,0,2349.57,2425.25,2486.65
13843,2021-04-06 14:22:00,2402.5,2402.5,2402.5,2402.5,25,0,2349.57,2425.25,2486.65
13844,2021-04-06 14:23:00,2402.5,2402.5,2402.5,2402.5,25,0,2349.57,2425.25,2486.65
13845,2021-04-06 14:24:00,2402.5,2402.5,2402.5,2402.5,25,0,2349.57,2425.25,2486.65
13846,2021-04-06 14:25:00,2402.5,2402.5,2402.5,2402.5,25,0,2349.57,2425.25,2486.65
13847,2021-04-06 14:26:00,2402.5,2402.5,2402.5,2402.5,25,0,2349.57,2425.25,2486.65
13848,2021-04-06 14:27:00,2402.5,2402.5,2402.5,2402.5,25,0,2349.57,2425.25,2486.65
13849,2021-04-06 14:28:00,2402.5,2402.5,2402.5,2402.5,25,0,2349.57,2425.25,2486.65
13850,2021-04-06 14:29:00,2402.5,2402.5,2402.5,2402.5,25,0,2349.57,2425.25,2486.65
13851,2021-04-06 14:30:00,2402.5,2402.5,2402.5,2402.5,25,0,2349.57,2425.25,2486.65
13852,2021-04-06 14:31:00,2402.5,2402.5,2402.5,2402.5,25,0,2349.57,2425.25,2486.65
13853,2021-04-06 14:32:00,2402.5,2402.5,2402.5,2402.5,25,0,2349.57,2425.25,2486.65
13854,2021-04-06 14:33:00,2402.5,2402.5,2402.5,2402.5,25,0,2349.57,2425.25,2486.65
13855,2021-04-06 14:34:00,2402.5,2402.5,2402.5,2402.5,25,0,2349.57,2425.25,2486.65
13856,2021-04-06 14:35:00,2402.5,2402.5,2402.5,2402.5,25,0,2349.57,2425.25,2486.65
13857,2021-04-06 14:36:00,2402.5,2402.5,2402.5,2402.5,25,0,2349.57,2425.25,2486.65
13858,2021-04-06 14:37:00,2402.5,2402.5,2402.5,2402.5,25,0,2349.57,2425.25,2486.65
13859,2021-04-06 14:38:00,2402.5,2402.5,2402.5,2402.5,25,0,2349.57,2425.25,2486.65
13860,2021-04-06 14:39:00,2402.5,2402.5,2402.5,2402.5,25,0,2349.57,2425.25,2486.65
13861,2021-04-06 14:40:00,2402.5,2402.5,2402.5,2402.5,25,0,2349.57,2425.25,2486.65
13862,2021-04-06 14:41:00,2402.5,2402.5,2402.5,2402.5,25,0,2349.57,2425.25,2486.65
13863,2021-04-06 14:42:00,2402.5,2402.5,2402.5,2402.5,25,0,2349.57,2425.25,2486.65
13864,2021-04-06 14:43:00,2402.5,2402.5,2402.5,2402.5,25,0,2349.57,2425.25,2486.65
13865,2021-04-06 14:44:00,2402.5,2402.5,2402.5,2402.5,25,0,2349.57,2425.25,2486.65
13866,2021-04-06 14:45:00,2402.5,2402.5,2402.5,2402.5,25,0,2349.57,2425.25,2486.65
13867,2021-04-06 14:46:00,2402.5,2402.5,2402.5,2402.5,25,0,2349.57,2425.25,2486.65
13868,2021-04-06 14:47:00,2402.5,2402.5,2402.5,2402.5,25,0,2349.57,2425.25,2486.65
13869,2021-04-06 14:48:00,2402.5,2402.5,2402.5,2402.5,25,0,2349.57,2425.25,2486.65
13870,2021-04-06 14:49:00,2402.5,2402.5,2402.5,2402.5,25,0,2349.57,2425.25,2486.65
13871,2021-04-06 14:50:00,2402.5,2402.5,2402.5,2402.5,25,0,2349.57,2425.25,2486.65
13872,2021-04-06 14:51:00,2402.5,2402.5,2402.5,2402.5,25,0,2349.57,2425.25,2486.65
13873,2021-04-06 14:52:00,2402.5,2402.5,2402.5,2402.5,25,0,2349.57,2425.25,2486.65
13874,2021-04-06 14:53:00,2402.5,2402.5,2402.5,2402.5,25,0,2349.57,2425.25,2486.65
13875,2021-04-06 14:54:00,2402.5,2402.5,2402.5,2402.5,25,0,2349.57,2425.25,2486.65
13876,2021-04-06 14:55:00,2402.5,2402.5,2402.5,2402.5,25,0,2349.57,2425.25,2486.65
13877,2021-04-06 14:56:00,2402.5,2402.5,2402.5,2402.5,25,0,2349.57,2425.25,2486.65
13878,2021-04-06 14:57:00,2402.5,2402.5,2402.5,2402.5,25,0,2349.57,2425.25,2486.65
13879,2021-04-06 14:58:00,2402.5,2402.5,2402.5,2402.5,25,0,2349.57,2425.25,2486.65
13880,2021-04-06 14:59:00,2402.5,2402.5,2402.5,2402.5,25,0,2349.57,2425.25,2486.65
13881,2021-04-06 15:00:00,2402.5,2402.5,2402.5,2402.5,25,0,2349.57,2425.25,2486.65
13882,2021-04-06 15:01:00,2402.5,2402.5,2402.5,2402.5,25,0,2349.57,2425.25,2486.65
13883,2021-04-06 15:02:00,2402.5,2402.5,2402.5,2402.5,25,0,2349.57,2425.25,2486.65
13884,2021-04-06 15:03:00,2402.5,2402.5,2402.5,2402.5,25,0,2349.57,2425.25,2486.65
13885,2021-04-06 15:04:00,2402.5,2402.5,2402.5,2402.5,25,0,2349.57,2425.25,2486.65
13886,2021-04-06 15:05:00,2402.5,2402.5,2402.5,2402.5,25,0,2349.57,2425.25,2486.65
13887,2021-04-06 15:06:00,2402.5,2402.5,2402.5,2402.5,25,0,2349.57,2425.25,2486.65
13888,2021-04-06 15:07:00,2402.5,2402.5,2402.5,2402.5,25,0,2349.57,2425.25,2486.65
13889,2021-04-06 15:08:00,2402.5,2402.5,2402.5,2402.5,25,0,2349.57,2425.25,2486.65
13890,2021-04-06 15:09:00,2402.5,2402.5,2402.5,2402.5,25,0,2349.57,2425.25,2486.65
13891,2021-04-06 15:10:00,2402.5,2402.5,2402.5,2402.5,25,0,2349.57,2425.25,2486.65
13892,2021-04-06 15:11:00,2402.5,2402.5,2402.5,2402.5,25,0,2349.57,2425.25,2486.65
13893,2021-04-06 15:12:00,2402.5,2402.5,2402.5,2402.5,25,0,2349.57,2425.25,2486.65
13894,2021-04-06 15:13:00,2402.5,2402.5,2402.5,2402.5,25,0,2349.57,2425.25,2486.65
13895,2021-04-06 15:14:00,2402.5,2402.5,2402.5,2402.5,25,0,2349.57,2425.25,2486.65
13896,2021-04-06 15:15:00,2402.5,2402.5,2402.5,2402.5,25,0,2349.57,2425.25,2486.65
13897,2021-04-06 15:16:00,2402.5,2402.5,2402.5,2402.5,25,0,2349.57,2425.25,2486.65
13898,2021-04-06 15:17:00,2402.5,2402.5,2402.5,2402.5,25,0,2349.57,2425.25,2486.65
13899,2021-04-06 15:18:00,2402.5,2402.5,2402.5,2402.5,25,0,2349.57,2425.25,2486.65
13900,2021-04-06 15:19:00,2402.5,2402.5,2402.5,2402.5,25,0,2349.57,2425.25,2486.65
13901,2021-04-06 15:20:00,2402.5,2402.5,2402.5,2402.5,25,0,2349.57,2425.25,2486.65
13902,2021-04-06 15:21:00,2402.5,2402.5,2402.5,2402.5,25,0,2349.57,2425.25,2486.65
13903,2021-04-06 15:22:00,2402.5,2402.5,2402.5,2402.5,25,0,2349.57,2425.25,2486.65
13904,2021-04-06 15:23:00,2402.5,2402.5,2402.5,2402.5,25,0,2349.57,2425.25,2486.65
13905,2021-04-06 15:24:00,2402.5,2402.5,2402.5,2402.5,25,0,2349.57,2425.25,2486.65
13906,2021-04-06 15:25:00,2402.5,2402.5,2402.5,2402.5,25,0,2349.57,2425.25,2486.65
13907,2021-04-06 15:26:00,2402.5,2402.5,2402.5,2402.5,25,0,2349.57,2425.25,2486.65
13908,2021-04-06 15:27:00,2402.5,2402.5,2402.5,2402.5,25,0,2349.57,2425.25,2486.65
13909,2021-04-06 15:28:00,2402.5,2402.5,2402.5,2402.5,25,0,2349.57,2425.25,2486.65
13910,2021-04-06 15:29:00,2402.5,2402.5,2402.5,2402.5,25,0,2349.57,2425.25,2486.65
13911,2021-04-06 15:30:00,2402.5,2402.5,2402.5,2402.5,25,0,2349.57,2425.25,2486.65
13912,2021-04-07 09:15:00,2402.5,2402.5,2402.5,2402.5,25,0,2349.57,2425.25,2486.65
13913,2021-04-07 09:16:00,2402.5,2402.5,2402.5,2402.5,25,0,2349.57,2425.25,2486.65
13914,2021-04-07 09:17:00,2402.5,2402.5,2402.5,2402.5,25,0,2349.57,2425.25,2486.65
13915,2021-04-07 09:18:00,2402.5,2402.5,2402.5,2402.5,25,0,2349.57,2425.25,2486.65
13916,2021-04-07 09:19:00,2402.5,2402.5,2402.5,2402.5,25,0,2349.57,2425.25,2486.65
13917,2021-04-07 09:20:00,2402.5,2402.5,2402.5,2402.5,25,0,2349.57,2425.25,2486.65
13918,2021-04-07 09:21:00,2402.5,2402.5,2402.5,2402.5,25,0,2349.57,2425.25,2486.65
13919,2021-04-07 09:22:00,2402.5,2402.5,2402.5,2402.5,25,0,2349.57,2425.25,2486.65
13920,2021-04-07 09:23:00,2402.5,2402.5,2402.5,2402.5,25,0,2349.57,2425.25,2486.65
13921,2021-04-07 09:24:00,2402.5,2402.5,2402.5,2402.5,25,0,2349.57,2425.25,2486.65
13922,2021-04-07 09:25:00,2402.5,2402.5,2402.5,2402.5,25,0,2349.57,2425.25,2486.65
13923,2021-04-07 09:26:00,2402.5,2402.5,2402.5,2402.5,25,0,2349.57,2425.25,2486.65
13924,2021-04-07 09:27:00,2402.5,2402.5,2402.5,2402.5,25,0,2349.57,2425.25,2486.65
13925,2021-04-07 09:28:00,2402.5,2402.5,2402.5,2402.5,25,0,2349.57,2425.25,2486.65
13926,2021-04-07 09:29:00,2402.5,2402.5,2402.5,2402.5,25,0,2349.57,2425.25,2486.65
13927,2021-04-07 09:30:00,2402.5,2402.5,2402.5,2402.5,25,0,2349.57,2425.25,2486.65
13928,2021-04-07 09:31:00,2402.5,2402.5,2402.5,2402.5,25,0,2349.57,2425.25,2486.65
13929,2021-04-07 09:32:00,2402.5,2402.5,2402.5,2402.5,25,0,2349.57,2425.25,2486.65
13930,2021-04-07 09:33:00,2402.5,2402.5,2402.5,2402.5,25,0,2349.57,2425.25,2486.65
13931,2021-04-07 09:34:00,2402.5,2402.5,2402.5,2402.5,25,0,2349.57,2425.25,2486.65
13932,2021-04-07 09:35:00,2402.5,2402.5,2402.5,2402.5,25,0,2349.57,2425.25,2486.65
13933,2021-04-07 09:36:00,2402.5,2402.5,2402.5,2402.5,25,0,2349.57,2425.25,2486.65
13934,2021-04-07 09:37:00,2402.5,2402.5,2402.5,2402.5,25,0,2349.57,2425.25,2486.65
13935,2021-04-07 09:38:00,2402.5,2402.5,2402.5,2402.5,25,0,2349.57,2425.25,2486.65
13936,2021-04-07 09:39:00,2402.5,2402.5,2402.5,2402.5,25,0,2349.57,2425.25,2486.65
13937,2021-04-07 09:40:00,2402.5,2402.5,2402.5,2402.5,25,0,2349.57,2425.25,2486.65
13938,2021-04-07 09:41:00,2797.6,2797.6,2793.95,2793.95,50,475,2795.77,2520.3,2869.5
13939,2021-04-07 09:42:00,2797.6,2797.6,2793.95,2793.95,50,475,2795.77,2520.3,2869.5
13940,2021-04-07 09:43:00,2797.6,2797.6,2793.95,2793.95,50,475,2795.77,2520.3,2869.5
13941,2021-04-07 09:44:00,2797.6,2797.6,2793.95,2793.95,50,475,2795.77,2520.3,2869.5
13942,2021-04-07 09:45:00,2797.6,2797.6,2793.95,2793.95,50,475,2795.77,2520.3,2869.5
13943,2021-04-07 09:46:00,2797.6,2797.6,2793.95,2793.95,50,475,2795.77,2520.3,2869.5
13944,2021-04-07 09:47:00,2797.6,2797.6,2793.95,2793.95,50,475,2795.77,2520.3,2869.5
13945,2021-04-07 09:48:00,2797.6,2797.6,2793.95,2793.95,50,475,2795.77,2520.3,2869.5
13946,2021-04-07 09:49:00,2797.6,2797.6,2793.95,2793.95,50,475,2795.77,2520.3,2869.5
13947,2021-04-07 09:50:00,2797.6,2797.6,2793.95,2793.95,50,475,2795.77,2520.3,2869.5
13948,2021-04-07 09:51:00,2797.6,2797.6,2793.95,2793.95,50,475,2795.77,2520.3,2869.5
13949,2021-04-07 09:52:00,2797.6,2797.6,2793.95,2793.95,50,475,2795.77,2520.3,2869.5
13950,2021-04-07 09:53:00,2797.6,2797.6,2793.95,2793.95,50,475,2795.77,2520.3,2869.5
13951,2021-04-07 09:54:00,2797.6,2797.6,2793.95,2793.95,50,475,2795.77,2520.3,2869.5
13952,2021-04-07 09:55:00,2615.85,2615.85,2615.85,2615.85,25,0,2735.8,2335.3,2684.95
13953,2021-04-07 09:56:00,2615.85,2615.85,2615.85,2615.85,25,0,2735.8,2335.3,2684.95
13954,2021-04-07 09:57:00,2615.85,2615.85,2615.85,2615.85,25,0,2735.8,2335.3,2684.95
13955,2021-04-07 09:58:00,2615.85,2615.85,2615.85,2615.85,25,0,2735.8,2335.3,2684.95
13956,2021-04-07 09:59:00,2615.85,2615.85,2615.85,2615.85,25,0,2735.8,2335.3,2684.95
13957,2021-04-07 10:00:00,2615.85,2615.85,2615.85,2615.85,25,0,2735.8,2335.3,2684.95
13958,2021-04-07 10:01:00,2615.85,2615.85,2615.85,2615.85,25,0,2735.8,2335.3,2684.95
13959,2021-04-07 10:02:00,2615.85,2615.85,2615.85,2615.85,25,0,2735.8,2335.3,2684.95
13960,2021-04-07 10:03:00,2615.85,2615.85,2615.85,2615.85,25,0,2735.8,2335.3,2684.95
13961,2021-04-07 10:04:00,2615.85,2615.85,2615.85,2615.85,25,0,2735.8,2335.3,2684.95
13962,2021-04-07 10:05:00,2615.85,2615.85,2615.85,2615.85,25,0,2735.8,2335.3,2684.95
13963,2021-04-07 10:06:00,2615.85,2615.85,2615.85,2615.85,25,0,2735.8,2335.3,2684.95
13964,2021-04-07 10:07:00,2615.85,2615.85,2615.85,2615.85,25,0,2735.8,2335.3,2684.95
13965,2021-04-07 10:08:00,2615.85,2615.85,2615.85,2615.85,25,0,2735.8,2335.3,2684.95
13966,2021-04-07 10:09:00,2615.85,2615.85,2615.85,2615.85,25,0,2735.8,2335.3,2684.95
13967,2021-04-07 10:10:00,2615.85,2615.85,2615.85,2615.85,25,0,2735.8,2335.3,2684.95
13968,2021-04-07 10:11:00,2615.85,2615.85,2615.85,2615.85,25,0,2735.8,2335.3,2684.95
13969,2021-04-07 10:12:00,2615.85,2615.85,2615.85,2615.85,25,0,2735.8,2335.3,2684.95
13970,2021-04-07 10:13:00,2615.85,2615.85,2615.85,2615.85,25,0,2735.8,2335.3,2684.95
13971,2021-04-07 10:14:00,2615.85,2615.85,2615.85,2615.85,25,0,2735.8,2335.3,2684.95
13972,2021-04-07 10:15:00,2615.85,2615.85,2615.85,2615.85,25,0,2735.8,2335.3,2684.95
13973,2021-04-07 10:16:00,2615.85,2615.85,2615.85,2615.85,25,0,2735.8,2335.3,2684.95
13974,2021-04-07 10:17:00,2615.85,2615.85,2615.85,2615.85,25,0,2735.8,2335.3,2684.95
13975,2021-04-07 10:18:00,2615.85,2615.85,2615.85,2615.85,25,0,2735.8,2335.3,2684.95
13976,2021-04-07 10:19:00,2615.85,2615.85,2615.85,2615.85,25,0,2735.8,2335.3,2684.95
13977,2021-04-07 10:20:00,2615.85,2615.85,2615.85,2615.85,25,0,2735.8,2335.3,2684.95
13978,2021-04-07 10:21:00,2615.85,2615.85,2615.85,2615.85,25,0,2735.8,2335.3,2684.95
13979,2021-04-07 10:22:00,2615.85,2615.85,2615.85,2615.85,25,0,2735.8,2335.3,2684.95
13980,2021-04-07 10:23:00,2615.85,2615.85,2615.85,2615.85,25,0,2735.8,2335.3,2684.95
13981,2021-04-07 10:24:00,2615.85,2615.85,2615.85,2615.85,25,0,2735.8,2335.3,2684.95
13982,2021-04-07 10:25:00,2615.85,2615.85,2615.85,2615.85,25,0,2735.8,2335.3,2684.95
13983,2021-04-07 10:26:00,2615.85,2615.85,2615.85,2615.85,25,0,2735.8,2335.3,2684.95
13984,2021-04-07 10:27:00,2615.85,2615.85,2615.85,2615.85,25,0,2735.8,2335.3,2684.95
13985,2021-04-07 10:28:00,2615.85,2615.85,2615.85,2615.85,25,0,2735.8,2335.3,2684.95
13986,2021-04-07 10:29:00,2615.85,2615.85,2615.85,2615.85,25,0,2735.8,2335.3,2684.95
13987,2021-04-07 10:30:00,2615.85,2615.85,2615.85,2615.85,25,0,2735.8,2335.3,2684.95
13988,2021-04-07 10:31:00,2615.85,2615.85,2615.85,2615.85,25,0,2735.8,2335.3,2684.95
13989,2021-04-07 10:32:00,2615.85,2615.85,2615.85,2615.85,25,0,2735.8,2335.3,2684.95
13990,2021-04-07 10:33:00,2615.85,2615.85,2615.85,2615.85,25,0,2735.8,2335.3,2684.95
13991,2021-04-07 10:34:00,2615.85,2615.85,2615.85,2615.85,25,0,2735.8,2335.3,2684.95
13992,2021-04-07 10:35:00,2615.85,2615.85,2615.85,2615.85,25,0,2735.8,2335.3,2684.95
13993,2021-04-07 10:36:00,2615.85,2615.85,2615.85,2615.85,25,0,2735.8,2335.3,2684.95
13994,2021-04-07 10:37:00,2615.85,2615.85,2615.85,2615.85,25,0,2735.8,2335.3,2684.95
13995,2021-04-07 10:38:00,2615.85,2615.85,2615.85,2615.85,25,0,2735.8,2335.3,2684.95
13996,2021-04-07 10:39:00,2615.85,2615.85,2615.85,2615.85,25,0,2735.8,2335.3,2684.95
13997,2021-04-07 10:40:00,2615.85,2615.85,2615.85,2615.85,25,0,2735.8,2335.3,2684.95
13998,2021-04-07 10:41:00,2615.85,2615.85,2615.85,2615.85,25,0,2735.8,2335.3,2684.95
13999,2021-04-07 10:42:00,2615.85,2615.85,2615.85,2615.85,25,0,2735.8,2335.3,2684.95
14000,2021-04-07 10:43:00,2615.85,2615.85,2615.85,2615.85,25,0,2735.8,2335.3,2684.95
14001,2021-04-07 10:44:00,2615.85,2615.85,2615.85,2615.85,25,0,2735.8,2335.3,2684.95
14002,2021-04-07 10:45:00,2615.85,2615.85,2615.85,2615.85,25,0,2735.8,2335.3,2684.95
14003,2021-04-07 10:46:00,2615.85,2615.85,2615.85,2615.85,25,0,2735.8,2335.3,2684.95
14004,2021-04-07 10:47:00,2615.85,2615.85,2615.85,2615.85,25,0,2735.8,2335.3,2684.95
14005,2021-04-07 10:48:00,2615.85,2615.85,2615.85,2615.85,25,0,2735.8,2335.3,2684.95
14006,2021-04-07 10:49:00,2615.85,2615.85,2615.85,2615.85,25,0,2735.8,2335.3,2684.95
14007,2021-04-07 10:50:00,2615.85,2615.85,2615.85,2615.85,25,0,2735.8,2335.3,2684.95
14008,2021-04-07 10:51:00,2615.85,2615.85,2615.85,2615.85,25,0,2735.8,2335.3,2684.95
14009,2021-04-07 10:52:00,2615.85,2615.85,2615.85,2615.85,25,0,2735.8,2335.3,2684.95
14010,2021-04-07 10:53:00,2615.85,2615.85,2615.85,2615.85,25,0,2735.8,2335.3,2684.95
14011,2021-04-07 10:54:00,2615.85,2615.85,2615.85,2615.85,25,0,2735.8,2335.3,2684.95
14012,2021-04-07 10:55:00,2615.85,2615.85,2615.85,2615.85,25,0,2735.8,2335.3,2684.95
14013,2021-04-07 10:56:00,2615.85,2615.85,2615.85,2615.85,25,0,2735.8,2335.3,2684.95
14014,2021-04-07 10:57:00,2615.85,2615.85,2615.85,2615.85,25,0,2735.8,2335.3,2684.95
14015,2021-04-07 10:58:00,2615.85,2615.85,2615.85,2615.85,25,0,2735.8,2335.3,2684.95
14016,2021-04-07 10:59:00,2615.85,2615.85,2615.85,2615.85,25,0,2735.8,2335.3,2684.95
14017,2021-04-07 11:00:00,2615.85,2615.85,2615.85,2615.85,25,0,2735.8,2335.3,2684.95
14018,2021-04-07 11:01:00,2615.85,2615.85,2615.85,2615.85,25,0,2735.8,2335.3,2684.95
14019,2021-04-07 11:02:00,2615.85,2615.85,2615.85,2615.85,25,0,2735.8,2335.3,2684.95
14020,2021-04-07 11:03:00,2615.85,2615.85,2615.85,2615.85,25,0,2735.8,2335.3,2684.95
14021,2021-04-07 11:04:00,2615.85,2615.85,2615.85,2615.85,25,0,2735.8,2335.3,2684.95
14022,2021-04-07 11:05:00,2615.85,2615.85,2615.85,2615.85,25,0,2735.8,2335.3,2684.95
14023,2021-04-07 11:06:00,2615.85,2615.85,2615.85,2615.85,25,0,2735.8,2335.3,2684.95
14024,2021-04-07 11:07:00,2615.85,2615.85,2615.85,2615.85,25,0,2735.8,2335.3,2684.95
14025,2021-04-07 11:08:00,2615.85,2615.85,2615.85,2615.85,25,0,2735.8,2335.3,2684.95
14026,2021-04-07 11:09:00,2615.85,2615.85,2615.85,2615.85,25,0,2735.8,2335.3,2684.95
14027,2021-04-07 11:10:00,2615.85,2615.85,2615.85,2615.85,25,0,2735.8,2335.3,2684.95
14028,2021-04-07 11:11:00,2615.85,2615.85,2615.85,2615.85,25,0,2735.8,2335.3,2684.95
14029,2021-04-07 11:12:00,2615.85,2615.85,2615.85,2615.85,25,0,2735.8,2335.3,2684.95
14030,2021-04-07 11:13:00,2615.85,2615.85,2615.85,2615.85,25,0,2735.8,2335.3,2684.95
14031,2021-04-07 11:14:00,2615.85,2615.85,2615.85,2615.85,25,0,2735.8,2335.3,2684.95
14032,2021-04-07 11:15:00,2615.85,2615.85,2615.85,2615.85,25,0,2735.8,2335.3,2684.95
14033,2021-04-07 11:16:00,2615.85,2615.85,2615.85,2615.85,25,0,2735.8,2335.3,2684.95
14034,2021-04-07 11:17:00,2615.85,2615.85,2615.85,2615.85,25,0,2735.8,2335.3,2684.95
14035,2021-04-07 11:18:00,2615.85,2615.85,2615.85,2615.85,25,0,2735.8,2335.3,2684.95
14036,2021-04-07 11:19:00,2615.85,2615.85,2615.85,2615.85,25,0,2735.8,2335.3,2684.95
14037,2021-04-07 11:20:00,2615.85,2615.85,2615.85,2615.85,25,0,2735.8,2335.3,2684.95
14038,2021-04-07 11:21:00,2615.85,2615.85,2615.85,2615.85,25,0,2735.8,2335.3,2684.95
14039,2021-04-07 11:22:00,2615.85,2615.85,2615.85,2615.85,25,0,2735.8,2335.3,2684.95
14040,2021-04-07 11:23:00,2615.85,2615.85,2615.85,2615.85,25,0,2735.8,2335.3,2684.95
14041,2021-04-07 11:24:00,2615.85,2615.85,2615.85,2615.85,25,0,2735.8,2335.3,2684.95
14042,2021-04-07 11:25:00,2615.85,2615.85,2615.85,2615.85,25,0,2735.8,2335.3,2684.95
14043,2021-04-07 11:26:00,2615.85,2615.85,2615.85,2615.85,25,0,2735.8,2335.3,2684.95
14044,2021-04-07 11:27:00,2615.85,2615.85,2615.85,2615.85,25,0,2735.8,2335.3,2684.95
14045,2021-04-07 11:28:00,2615.85,2615.85,2615.85,2615.85,25,0,2735.8,2335.3,2684.95
14046,2021-04-07 11:29:00,2615.85,2615.85,2615.85,2615.85,25,0,2735.8,2335.3,2684.95
14047,2021-04-07 11:30:00,2615.85,2615.85,2615.85,2615.85,25,0,2735.8,2335.3,2684.95
14048,2021-04-07 11:31:00,2615.85,2615.85,2615.85,2615.85,25,0,2735.8,2335.3,2684.95
14049,2021-04-07 11:32:00,2615.85,2615.85,2615.85,2615.85,25,0,2735.8,2335.3,2684.95
14050,2021-04-07 11:33:00,2615.85,2615.85,2615.85,2615.85,25,0,2735.8,2335.3,2684.95
14051,2021-04-07 11:34:00,2615.85,2615.85,2615.85,2615.85,25,0,2735.8,2335.3,2684.95
14052,2021-04-07 11:35:00,2615.85,2615.85,2615.85,2615.85,25,0,2735.8,2335.3,2684.95
14053,2021-04-07 11:36:00,2615.85,2615.85,2615.85,2615.85,25,0,2735.8,2335.3,2684.95
14054,2021-04-07 11:37:00,2615.85,2615.85,2615.85,2615.85,25,0,2735.8,2335.3,2684.95
14055,2021-04-07 11:38:00,2615.85,2615.85,2615.85,2615.85,25,0,2735.8,2335.3,2684.95
14056,2021-04-07 11:39:00,2615.85,2615.85,2615.85,2615.85,25,0,2735.8,2335.3,2684.95
14057,2021-04-07 11:40:00,2615.85,2615.85,2615.85,2615.85,25,0,2735.8,2335.3,2684.95
14058,2021-04-07 11:41:00,2615.85,2615.85,2615.85,2615.85,25,0,2735.8,2335.3,2684.95
14059,2021-04-07 11:42:00,2615.85,2615.85,2615.85,2615.85,25,0,2735.8,2335.3,2684.95
14060,2021-04-07 11:43:00,2615.85,2615.85,2615.85,2615.85,25,0,2735.8,2335.3,2684.95
14061,2021-04-07 11:44:00,2615.85,2615.85,2615.85,2615.85,25,0,2735.8,2335.3,2684.95
14062,2021-04-07 11:45:00,2615.85,2615.85,2615.85,2615.85,25,0,2735.8,2335.3,2684.95
14063,2021-04-07 11:46:00,2615.85,2615.85,2615.85,2615.85,25,0,2735.8,2335.3,2684.95
14064,2021-04-07 11:47:00,2615.85,2615.85,2615.85,2615.85,25,0,2735.8,2335.3,2684.95
14065,2021-04-07 11:48:00,2615.85,2615.85,2615.85,2615.85,25,0,2735.8,2335.3,2684.95
14066,2021-04-07 11:49:00,2615.85,2615.85,2615.85,2615.85,25,0,2735.8,2335.3,2684.95
14067,2021-04-07 11:50:00,2615.85,2615.85,2615.85,2615.85,25,0,2735.8,2335.3,2684.95
14068,2021-04-07 11:51:00,2615.85,2615.85,2615.85,2615.85,25,0,2735.8,2335.3,2684.95
14069,2021-04-07 11:52:00,2615.85,2615.85,2615.85,2615.85,25,0,2735.8,2335.3,2684.95
14070,2021-04-07 11:53:00,2615.85,2615.85,2615.85,2615.85,25,0,2735.8,2335.3,2684.95
14071,2021-04-07 11:54:00,2615.85,2615.85,2615.85,2615.85,25,0,2735.8,2335.3,2684.95
14072,2021-04-07 11:55:00,2615.85,2615.85,2615.85,2615.85,25,0,2735.8,2335.3,2684.95
14073,2021-04-07 11:56:00,2615.85,2615.85,2615.85,2615.85,25,0,2735.8,2335.3,2684.95
14074,2021-04-07 11:57:00,2615.85,2615.85,2615.85,2615.85,25,0,2735.8,2335.3,2684.95
14075,2021-04-07 11:58:00,2615.85,2615.85,2615.85,2615.85,25,0,2735.8,2335.3,2684.95
14076,2021-04-07 11:59:00,2615.85,2615.85,2615.85,2615.85,25,0,2735.8,2335.3,2684.95
14077,2021-04-07 12:00:00,2615.85,2615.85,2615.85,2615.85,25,0,2735.8,2335.3,2684.95
14078,2021-04-07 12:01:00,2615.85,2615.85,2615.85,2615.85,25,0,2735.8,2335.3,2684.95
14079,2021-04-07 12:02:00,2615.85,2615.85,2615.85,2615.85,25,0,2735.8,2335.3,2684.95
14080,2021-04-07 12:03:00,2615.85,2615.85,2615.85,2615.85,25,0,2735.8,2335.3,2684.95
14081,2021-04-07 12:04:00,2615.85,2615.85,2615.85,2615.85,25,0,2735.8,2335.3,2684.95
14082,2021-04-07 12:05:00,2615.85,2615.85,2615.85,2615.85,25,0,2735.8,2335.3,2684.95
14083,2021-04-07 12:06:00,2615.85,2615.85,2615.85,2615.85,25,0,2735.8,2335.3,2684.95
14084,2021-04-07 12:07:00,2615.85,2615.85,2615.85,2615.85,25,0,2735.8,2335.3,2684.95
14085,2021-04-07 12:08:00,2615.85,2615.85,2615.85,2615.85,25,0,2735.8,2335.3,2684.95
14086,2021-04-07 12:09:00,2615.85,2615.85,2615.85,2615.85,25,0,2735.8,2335.3,2684.95
14087,2021-04-07 12:10:00,2615.85,2615.85,2615.85,2615.85,25,0,2735.8,2335.3,2684.95
14088,2021-04-07 12:11:00,2615.85,2615.85,2615.85,2615.85,25,0,2735.8,2335.3,2684.95
14089,2021-04-07 12:12:00,2615.85,2615.85,2615.85,2615.85,25,0,2735.8,2335.3,2684.95
14090,2021-04-07 12:13:00,2615.85,2615.85,2615.85,2615.85,25,0,2735.8,2335.3,2684.95
14091,2021-04-07 12:14:00,2615.85,2615.85,2615.85,2615.85,25,0,2735.8,2335.3,2684.95
14092,2021-04-07 12:15:00,2615.85,2615.85,2615.85,2615.85,25,0,2735.8,2335.3,2684.95
14093,2021-04-07 12:16:00,2615.85,2615.85,2615.85,2615.85,25,0,2735.8,2335.3,2684.95
14094,2021-04-07 12:17:00,2615.85,2615.85,2615.85,2615.85,25,0,2735.8,2335.3,2684.95
14095,2021-04-07 12:18:00,2615.85,2615.85,2615.85,2615.85,25,0,2735.8,2335.3,2684.95
14096,2021-04-07 12:19:00,2615.85,2615.85,2615.85,2615.85,25,0,2735.8,2335.3,2684.95
14097,2021-04-07 12:20:00,2615.85,2615.85,2615.85,2615.85,25,0,2735.8,2335.3,2684.95
14098,2021-04-07 12:21:00,2615.85,2615.85,2615.85,2615.85,25,0,2735.8,2335.3,2684.95
14099,2021-04-07 12:22:00,2615.85,2615.85,2615.85,2615.85,25,0,2735.8,2335.3,2684.95
14100,2021-04-07 12:23:00,2615.85,2615.85,2615.85,2615.85,25,0,2735.8,2335.3,2684.95
14101,2021-04-07 12:24:00,2615.85,2615.85,2615.85,2615.85,25,0,2735.8,2335.3,2684.95
14102,2021-04-07 12:25:00,2615.85,2615.85,2615.85,2615.85,25,0,2735.8,2335.3,2684.95
14103,2021-04-07 12:26:00,2615.85,2615.85,2615.85,2615.85,25,0,2735.8,2335.3,2684.95
14104,2021-04-07 12:27:00,2615.85,2615.85,2615.85,2615.85,25,0,2735.8,2335.3,2684.95
14105,2021-04-07 12:28:00,2615.85,2615.85,2615.85,2615.85,25,0,2735.8,2335.3,2684.95
14106,2021-04-07 12:29:00,2615.85,2615.85,2615.85,2615.85,25,0,2735.8,2335.3,2684.95
14107,2021-04-07 12:30:00,2615.85,2615.85,2615.85,2615.85,25,0,2735.8,2335.3,2684.95
14108,2021-04-07 12:31:00,2615.85,2615.85,2615.85,2615.85,25,0,2735.8,2335.3,2684.95
14109,2021-04-07 12:32:00,2615.85,2615.85,2615.85,2615.85,25,0,2735.8,2335.3,2684.95
14110,2021-04-07 12:33:00,2615.85,2615.85,2615.85,2615.85,25,0,2735.8,2335.3,2684.95
14111,2021-04-07 12:34:00,2615.85,2615.85,2615.85,2615.85,25,0,2735.8,2335.3,2684.95
14112,2021-04-07 12:35:00,2615.85,2615.85,2615.85,2615.85,25,0,2735.8,2335.3,2684.95
14113,2021-04-07 12:36:00,2615.85,2615.85,2615.85,2615.85,25,0,2735.8,2335.3,2684.95
14114,2021-04-07 12:37:00,2615.85,2615.85,2615.85,2615.85,25,0,2735.8,2335.3,2684.95
14115,2021-04-07 12:38:00,2615.85,2615.85,2615.85,2615.85,25,0,2735.8,2335.3,2684.95
14116,2021-04-07 12:39:00,2615.85,2615.85,2615.85,2615.85,25,0,2735.8,2335.3,2684.95
14117,2021-04-07 12:40:00,2615.85,2615.85,2615.85,2615.85,25,0,2735.8,2335.3,2684.95
14118,2021-04-07 12:41:00,2615.85,2615.85,2615.85,2615.85,25,0,2735.8,2335.3,2684.95
14119,2021-04-07 12:42:00,2615.85,2615.85,2615.85,2615.85,25,0,2735.8,2335.3,2684.95
14120,2021-04-07 12:43:00,2615.85,2615.85,2615.85,2615.85,25,0,2735.8,2335.3,2684.95
14121,2021-04-07 12:44:00,2615.85,2615.85,2615.85,2615.85,25,0,2735.8,2335.3,2684.95
14122,2021-04-07 12:45:00,2615.85,2615.85,2615.85,2615.85,25,0,2735.8,2335.3,2684.95
14123,2021-04-07 12:46:00,2615.85,2615.85,2615.85,2615.85,25,0,2735.8,2335.3,2684.95
14124,2021-04-07 12:47:00,2615.85,2615.85,2615.85,2615.85,25,0,2735.8,2335.3,2684.95
14125,2021-04-07 12:48:00,2615.85,2615.85,2615.85,2615.85,25,0,2735.8,2335.3,2684.95
14126,2021-04-07 12:49:00,2615.85,2615.85,2615.85,2615.85,25,0,2735.8,2335.3,2684.95
14127,2021-04-07 12:50:00,2615.85,2615.85,2615.85,2615.85,25,0,2735.8,2335.3,2684.95
14128,2021-04-07 12:51:00,2615.85,2615.85,2615.85,2615.85,25,0,2735.8,2335.3,2684.95
14129,2021-04-07 12:52:00,2615.85,2615.85,2615.85,2615.85,25,0,2735.8,2335.3,2684.95
14130,2021-04-07 12:53:00,2615.85,2615.85,2615.85,2615.85,25,0,2735.8,2335.3,2684.95
14131,2021-04-07 12:54:00,2615.85,2615.85,2615.85,2615.85,25,0,2735.8,2335.3,2684.95
14132,2021-04-07 12:55:00,2615.85,2615.85,2615.85,2615.85,25,0,2735.8,2335.3,2684.95
14133,2021-04-07 12:56:00,2615.85,2615.85,2615.85,2615.85,25,0,2735.8,2335.3,2684.95
14134,2021-04-07 12:57:00,2615.85,2615.85,2615.85,2615.85,25,0,2735.8,2335.3,2684.95
14135,2021-04-07 12:58:00,2615.85,2615.85,2615.85,2615.85,25,0,2735.8,2335.3,2684.95
14136,2021-04-07 12:59:00,2615.85,2615.85,2615.85,2615.85,25,0,2735.8,2335.3,2684.95
14137,2021-04-07 13:00:00,2615.85,2615.85,2615.85,2615.85,25,0,2735.8,2335.3,2684.95
14138,2021-04-07 13:01:00,2615.85,2615.85,2615.85,2615.85,25,0,2735.8,2335.3,2684.95
14139,2021-04-07 13:02:00,2615.85,2615.85,2615.85,2615.85,25,0,2735.8,2335.3,2684.95
14140,2021-04-07 13:03:00,2615.85,2615.85,2615.85,2615.85,25,0,2735.8,2335.3,2684.95
14141,2021-04-07 13:04:00,2615.85,2615.85,2615.85,2615.85,25,0,2735.8,2335.3,2684.95
14142,2021-04-07 13:05:00,2615.85,2615.85,2615.85,2615.85,25,0,2735.8,2335.3,2684.95
14143,2021-04-07 13:06:00,2615.85,2615.85,2615.85,2615.85,25,0,2735.8,2335.3,2684.95
14144,2021-04-07 13:07:00,2615.85,2615.85,2615.85,2615.85,25,0,2735.8,2335.3,2684.95
14145,2021-04-07 13:08:00,2615.85,2615.85,2615.85,2615.85,25,0,2735.8,2335.3,2684.95
14146,2021-04-07 13:09:00,2615.85,2615.85,2615.85,2615.85,25,0,2735.8,2335.3,2684.95
14147,2021-04-07 13:10:00,2615.85,2615.85,2615.85,2615.85,25,0,2735.8,2335.3,2684.95
14148,2021-04-07 13:11:00,2615.85,2615.85,2615.85,2615.85,25,0,2735.8,2335.3,2684.95
14149,2021-04-07 13:12:00,2615.85,2615.85,2615.85,2615.85,25,0,2735.8,2335.3,2684.95
14150,2021-04-07 13:13:00,2615.85,2615.85,2615.85,2615.85,25,0,2735.8,2335.3,2684.95
14151,2021-04-07 13:14:00,2615.85,2615.85,2615.85,2615.85,25,0,2735.8,2335.3,2684.95
14152,2021-04-07 13:15:00,2615.85,2615.85,2615.85,2615.85,25,0,2735.8,2335.3,2684.95
14153,2021-04-07 13:16:00,2615.85,2615.85,2615.85,2615.85,25,0,2735.8,2335.3,2684.95
14154,2021-04-07 13:17:00,2615.85,2615.85,2615.85,2615.85,25,0,2735.8,2335.3,2684.95
14155,2021-04-07 13:18:00,2615.85,2615.85,2615.85,2615.85,25,0,2735.8,2335.3,2684.95
14156,2021-04-07 13:19:00,2615.85,2615.85,2615.85,2615.85,25,0,2735.8,2335.3,2684.95
14157,2021-04-07 13:20:00,2615.85,2615.85,2615.85,2615.85,25,0,2735.8,2335.3,2684.95
14158,2021-04-07 13:21:00,2615.85,2615.85,2615.85,2615.85,25,0,2735.8,2335.3,2684.95
14159,2021-04-07 13:22:00,2615.85,2615.85,2615.85,2615.85,25,0,2735.8,2335.3,2684.95
14160,2021-04-07 13:23:00,2615.85,2615.85,2615.85,2615.85,25,0,2735.8,2335.3,2684.95
14161,2021-04-07 13:24:00,2615.85,2615.85,2615.85,2615.85,25,0,2735.8,2335.3,2684.95
14162,2021-04-07 13:25:00,2615.85,2615.85,2615.85,2615.85,25,0,2735.8,2335.3,2684.95
14163,2021-04-07 13:26:00,2615.85,2615.85,2615.85,2615.85,25,0,2735.8,2335.3,2684.95
14164,2021-04-07 13:27:00,2615.85,2615.85,2615.85,2615.85,25,0,2735.8,2335.3,2684.95
14165,2021-04-07 13:28:00,2615.85,2615.85,2615.85,2615.85,25,0,2735.8,2335.3,2684.95
14166,2021-04-07 13:29:00,2615.85,2615.85,2615.85,2615.85,25,0,2735.8,2335.3,2684.95
14167,2021-04-07 13:30:00,2615.85,2615.85,2615.85,2615.85,25,0,2735.8,2335.3,2684.95
14168,2021-04-07 13:31:00,2615.85,2615.85,2615.85,2615.85,25,0,2735.8,2335.3,2684.95
14169,2021-04-07 13:32:00,2615.85,2615.85,2615.85,2615.85,25,0,2735.8,2335.3,2684.95
14170,2021-04-07 13:33:00,2615.85,2615.85,2615.85,2615.85,25,0,2735.8,2335.3,2684.95
14171,2021-04-07 13:34:00,2615.85,2615.85,2615.85,2615.85,25,0,2735.8,2335.3,2684.95
14172,2021-04-07 13:35:00,2615.85,2615.85,2615.85,2615.85,25,0,2735.8,2335.3,2684.95
14173,2021-04-07 13:36:00,2615.85,2615.85,2615.85,2615.85,25,0,2735.8,2335.3,2684.95
14174,2021-04-07 13:37:00,2615.85,2615.85,2615.85,2615.85,25,0,2735.8,2335.3,2684.95
14175,2021-04-07 13:38:00,2615.85,2615.85,2615.85,2615.85,25,0,2735.8,2335.3,2684.95
14176,2021-04-07 13:39:00,2615.85,2615.85,2615.85,2615.85,25,0,2735.8,2335.3,2684.95
14177,2021-04-07 13:40:00,2615.85,2615.85,2615.85,2615.85,25,0,2735.8,2335.3,2684.95
14178,2021-04-07 13:41:00,2615.85,2615.85,2615.85,2615.85,25,0,2735.8,2335.3,2684.95
14179,2021-04-07 13:42:00,2615.85,2615.85,2615.85,2615.85,25,0,2735.8,2335.3,2684.95
14180,2021-04-07 13:43:00,2615.85,2615.85,2615.85,2615.85,25,0,2735.8,2335.3,2684.95
14181,2021-04-07 13:44:00,2615.85,2615.85,2615.85,2615.85,25,0,2735.8,2335.3,2684.95
14182,2021-04-07 13:45:00,2615.85,2615.85,2615.85,2615.85,25,0,2735.8,2335.3,2684.95
14183,2021-04-07 13:46:00,2615.85,2615.85,2615.85,2615.85,25,0,2735.8,2335.3,2684.95
14184,2021-04-07 13:47:00,2615.85,2615.85,2615.85,2615.85,25,0,2735.8,2335.3,2684.95
14185,2021-04-07 13:48:00,2615.85,2615.85,2615.85,2615.85,25,0,2735.8,2335.3,2684.95
14186,2021-04-07 13:49:00,2615.85,2615.85,2615.85,2615.85,25,0,2735.8,2335.3,2684.95
14187,2021-04-07 13:50:00,2615.85,2615.85,2615.85,2615.85,25,0,2735.8,2335.3,2684.95
14188,2021-04-07 13:51:00,2615.85,2615.85,2615.85,2615.85,25,0,2735.8,2335.3,2684.95
14189,2021-04-07 13:52:00,2615.85,2615.85,2615.85,2615.85,25,0,2735.8,2335.3,2684.95
14190,2021-04-07 13:53:00,2615.85,2615.85,2615.85,2615.85,25,0,2735.8,2335.3,2684.95
14191,2021-04-07 13:54:00,2615.85,2615.85,2615.85,2615.85,25,0,2735.8,2335.3,2684.95
14192,2021-04-07 13:55:00,2615.85,2615.85,2615.85,2615.85,25,0,2735.8,2335.3,2684.95
14193,2021-04-07 13:56:00,2615.85,2615.85,2615.85,2615.85,25,0,2735.8,2335.3,2684.95
14194,2021-04-07 13:57:00,2615.85,2615.85,2615.85,2615.85,25,0,2735.8,2335.3,2684.95
14195,2021-04-07 13:58:00,2615.85,2615.85,2615.85,2615.85,25,0,2735.8,2335.3,2684.95
14196,2021-04-07 13:59:00,2615.85,2615.85,2615.85,2615.85,25,0,2735.8,2335.3,2684.95
14197,2021-04-07 14:00:00,2615.85,2615.85,2615.85,2615.85,25,0,2735.8,2335.3,2684.95
14198,2021-04-07 14:01:00,2615.85,2615.85,2615.85,2615.85,25,0,2735.8,2335.3,2684.95
14199,2021-04-07 14:02:00,2615.85,2615.85,2615.85,2615.85,25,0,2735.8,2335.3,2684.95
14200,2021-04-07 14:03:00,2615.85,2615.85,2615.85,2615.85,25,0,2735.8,2335.3,2684.95
14201,2021-04-07 14:04:00,2615.85,2615.85,2615.85,2615.85,25,0,2735.8,2335.3,2684.95
14202,2021-04-07 14:05:00,2615.85,2615.85,2615.85,2615.85,25,0,2735.8,2335.3,2684.95
14203,2021-04-07 14:06:00,2615.85,2615.85,2615.85,2615.85,25,0,2735.8,2335.3,2684.95
14204,2021-04-07 14:07:00,2615.85,2615.85,2615.85,2615.85,25,0,2735.8,2335.3,2684.95
14205,2021-04-07 14:08:00,2615.85,2615.85,2615.85,2615.85,25,0,2735.8,2335.3,2684.95
14206,2021-04-07 14:09:00,2615.85,2615.85,2615.85,2615.85,25,0,2735.8,2335.3,2684.95
14207,2021-04-07 14:10:00,2615.85,2615.85,2615.85,2615.85,25,0,2735.8,2335.3,2684.95
14208,2021-04-07 14:11:00,2615.85,2615.85,2615.85,2615.85,25,0,2735.8,2335.3,2684.95
14209,2021-04-07 14:12:00,2615.85,2615.85,2615.85,2615.85,25,0,2735.8,2335.3,2684.95
14210,2021-04-07 14:13:00,2615.85,2615.85,2615.85,2615.85,25,0,2735.8,2335.3,2684.95
14211,2021-04-07 14:14:00,2615.85,2615.85,2615.85,2615.85,25,0,2735.8,2335.3,2684.95
14212,2021-04-07 14:15:00,2615.85,2615.85,2615.85,2615.85,25,0,2735.8,2335.3,2684.95
14213,2021-04-07 14:16:00,2615.85,2615.85,2615.85,2615.85,25,0,2735.8,2335.3,2684.95
14214,2021-04-07 14:17:00,2615.85,2615.85,2615.85,2615.85,25,0,2735.8,2335.3,2684.95
14215,2021-04-07 14:18:00,2615.85,2615.85,2615.85,2615.85,25,0,2735.8,2335.3,2684.95
14216,2021-04-07 14:19:00,2615.85,2615.85,2615.85,2615.85,25,0,2735.8,2335.3,2684.95
14217,2021-04-07 14:20:00,2615.85,2615.85,2615.85,2615.85,25,0,2735.8,2335.3,2684.95
14218,2021-04-07 14:21:00,2615.85,2615.85,2615.85,2615.85,25,0,2735.8,2335.3,2684.95
14219,2021-04-07 14:22:00,2615.85,2615.85,2615.85,2615.85,25,0,2735.8,2335.3,2684.95
14220,2021-04-07 14:23:00,2615.85,2615.85,2615.85,2615.85,25,0,2735.8,2335.3,2684.95
14221,2021-04-07 14:24:00,2615.85,2615.85,2615.85,2615.85,25,0,2735.8,2335.3,2684.95
14222,2021-04-07 14:25:00,2615.85,2615.85,2615.85,2615.85,25,0,2735.8,2335.3,2684.95
14223,2021-04-07 14:26:00,2615.85,2615.85,2615.85,2615.85,25,0,2735.8,2335.3,2684.95
14224,2021-04-07 14:27:00,2615.85,2615.85,2615.85,2615.85,25,0,2735.8,2335.3,2684.95
14225,2021-04-07 14:28:00,2615.85,2615.85,2615.85,2615.85,25,0,2735.8,2335.3,2684.95
14226,2021-04-07 14:29:00,2615.85,2615.85,2615.85,2615.85,25,0,2735.8,2335.3,2684.95
14227,2021-04-07 14:30:00,2615.85,2615.85,2615.85,2615.85,25,0,2735.8,2335.3,2684.95
14228,2021-04-07 14:31:00,2615.85,2615.85,2615.85,2615.85,25,0,2735.8,2335.3,2684.95
14229,2021-04-07 14:32:00,2615.85,2615.85,2615.85,2615.85,25,0,2735.8,2335.3,2684.95
14230,2021-04-07 14:33:00,2615.85,2615.85,2615.85,2615.85,25,0,2735.8,2335.3,2684.95
14231,2021-04-07 14:34:00,2615.85,2615.85,2615.85,2615.85,25,0,2735.8,2335.3,2684.95
14232,2021-04-07 14:35:00,2615.85,2615.85,2615.85,2615.85,25,0,2735.8,2335.3,2684.95
14233,2021-04-07 14:36:00,2615.85,2615.85,2615.85,2615.85,25,0,2735.8,2335.3,2684.95
14234,2021-04-07 14:37:00,2615.85,2615.85,2615.85,2615.85,25,0,2735.8,2335.3,2684.95
14235,2021-04-07 14:38:00,2615.85,2615.85,2615.85,2615.85,25,0,2735.8,2335.3,2684.95
14236,2021-04-07 14:39:00,2615.85,2615.85,2615.85,2615.85,25,0,2735.8,2335.3,2684.95
14237,2021-04-07 14:40:00,2615.85,2615.85,2615.85,2615.85,25,0,2735.8,2335.3,2684.95
14238,2021-04-07 14:41:00,2615.85,2615.85,2615.85,2615.85,25,0,2735.8,2335.3,2684.95
14239,2021-04-07 14:42:00,2615.85,2615.85,2615.85,2615.85,25,0,2735.8,2335.3,2684.95
14240,2021-04-07 14:43:00,2615.85,2615.85,2615.85,2615.85,25,0,2735.8,2335.3,2684.95
14241,2021-04-07 14:44:00,2615.85,2615.85,2615.85,2615.85,25,0,2735.8,2335.3,2684.95
14242,2021-04-07 14:45:00,2615.85,2615.85,2615.85,2615.85,25,0,2735.8,2335.3,2684.95
14243,2021-04-07 14:46:00,2615.85,2615.85,2615.85,2615.85,25,0,2735.8,2335.3,2684.95
14244,2021-04-07 14:47:00,2615.85,2615.85,2615.85,2615.85,25,0,2735.8,2335.3,2684.95
14245,2021-04-07 14:48:00,2615.85,2615.85,2615.85,2615.85,25,0,2735.8,2335.3,2684.95
14246,2021-04-07 14:49:00,2615.85,2615.85,2615.85,2615.85,25,0,2735.8,2335.3,2684.95
14247,2021-04-07 14:50:00,2615.85,2615.85,2615.85,2615.85,25,0,2735.8,2335.3,2684.95
14248,2021-04-07 14:51:00,2615.85,2615.85,2615.85,2615.85,25,0,2735.8,2335.3,2684.95
14249,2021-04-07 14:52:00,2615.85,2615.85,2615.85,2615.85,25,0,2735.8,2335.3,2684.95
14250,2021-04-07 14:53:00,2615.85,2615.85,2615.85,2615.85,25,0,2735.8,2335.3,2684.95
14251,2021-04-07 14:54:00,2615.85,2615.85,2615.85,2615.85,25,0,2735.8,2335.3,2684.95
14252,2021-04-07 14:55:00,2615.85,2615.85,2615.85,2615.85,25,0,2735.8,2335.3,2684.95
14253,2021-04-07 14:56:00,2615.85,2615.85,2615.85,2615.85,25,0,2735.8,2335.3,2684.95
14254,2021-04-07 14:57:00,2615.85,2615.85,2615.85,2615.85,25,0,2735.8,2335.3,2684.95
14255,2021-04-07 14:58:00,2615.85,2615.85,2615.85,2615.85,25,0,2735.8,2335.3,2684.95
14256,2021-04-07 14:59:00,2615.85,2615.85,2615.85,2615.85,25,0,2735.8,2335.3,2684.95
14257,2021-04-07 15:00:00,2615.85,2615.85,2615.85,2615.85,25,0,2735.8,2335.3,2684.95
14258,2021-04-07 15:01:00,2615.85,2615.85,2615.85,2615.85,25,0,2735.8,2335.3,2684.95
14259,2021-04-07 15:02:00,2615.85,2615.85,2615.85,2615.85,25,0,2735.8,2335.3,2684.95
14260,2021-04-07 15:03:00,2615.85,2615.85,2615.85,2615.85,25,0,2735.8,2335.3,2684.95
14261,2021-04-07 15:04:00,2615.85,2615.85,2615.85,2615.85,25,0,2735.8,2335.3,2684.95
14262,2021-04-07 15:05:00,2615.85,2615.85,2615.85,2615.85,25,0,2735.8,2335.3,2684.95
14263,2021-04-07 15:06:00,2615.85,2615.85,2615.85,2615.85,25,0,2735.8,2335.3,2684.95
14264,2021-04-07 15:07:00,2615.85,2615.85,2615.85,2615.85,25,0,2735.8,2335.3,2684.95
14265,2021-04-07 15:08:00,2615.85,2615.85,2615.85,2615.85,25,0,2735.8,2335.3,2684.95
14266,2021-04-07 15:09:00,2615.85,2615.85,2615.85,2615.85,25,0,2735.8,2335.3,2684.95
14267,2021-04-07 15:10:00,2615.85,2615.85,2615.85,2615.85,25,0,2735.8,2335.3,2684.95
14268,2021-04-07 15:11:00,2615.85,2615.85,2615.85,2615.85,25,0,2735.8,2335.3,2684.95
14269,2021-04-07 15:12:00,2615.85,2615.85,2615.85,2615.85,25,0,2735.8,2335.3,2684.95
14270,2021-04-07 15:13:00,2615.85,2615.85,2615.85,2615.85,25,0,2735.8,2335.3,2684.95
14271,2021-04-07 15:14:00,2615.85,2615.85,2615.85,2615.85,25,0,2735.8,2335.3,2684.95
14272,2021-04-07 15:15:00,2615.85,2615.85,2615.85,2615.85,25,0,2735.8,2335.3,2684.95
14273,2021-04-07 15:16:00,2615.85,2615.85,2615.85,2615.85,25,0,2735.8,2335.3,2684.95
14274,2021-04-07 15:17:00,2615.85,2615.85,2615.85,2615.85,25,0,2735.8,2335.3,2684.95
14275,2021-04-07 15:18:00,2615.85,2615.85,2615.85,2615.85,25,0,2735.8,2335.3,2684.95
14276,2021-04-07 15:19:00,2615.85,2615.85,2615.85,2615.85,25,0,2735.8,2335.3,2684.95
14277,2021-04-07 15:20:00,2615.85,2615.85,2615.85,2615.85,25,0,2735.8,2335.3,2684.95
14278,2021-04-07 15:21:00,2615.85,2615.85,2615.85,2615.85,25,0,2735.8,2335.3,2684.95
14279,2021-04-07 15:22:00,2615.85,2615.85,2615.85,2615.85,25,0,2735.8,2335.3,2684.95
14280,2021-04-07 15:23:00,2615.85,2615.85,2615.85,2615.85,25,0,2735.8,2335.3,2684.95
14281,2021-04-07 15:24:00,2615.85,2615.85,2615.85,2615.85,25,0,2735.8,2335.3,2684.95
14282,2021-04-07 15:25:00,2615.85,2615.85,2615.85,2615.85,25,0,2735.8,2335.3,2684.95
14283,2021-04-07 15:26:00,2615.85,2615.85,2615.85,2615.85,25,0,2735.8,2335.3,2684.95
14284,2021-04-07 15:27:00,2615.85,2615.85,2615.85,2615.85,25,0,2735.8,2335.3,2684.95
14285,2021-04-07 15:28:00,2615.85,2615.85,2615.85,2615.85,25,0,2735.8,2335.3,2684.95
14286,2021-04-07 15:29:00,2615.85,2615.85,2615.85,2615.85,25,0,2735.8,2335.3,2684.95
14287,2021-04-07 15:30:00,2615.85,2615.85,2615.85,2615.85,25,0,2735.8,2335.3,2684.95
14288,2021-04-08 09:15:00,2615.85,2615.85,2615.85,2615.85,25,0,2735.8,2335.3,2684.95
14289,2021-04-08 09:16:00,2615.85,2615.85,2615.85,2615.85,25,0,2735.8,2335.3,2684.95
14290,2021-04-08 09:17:00,2615.85,2615.85,2615.85,2615.85,25,0,2735.8,2335.3,2684.95
14291,2021-04-08 09:18:00,2615.85,2615.85,2615.85,2615.85,25,0,2735.8,2335.3,2684.95
14292,2021-04-08 09:19:00,2615.85,2615.85,2615.85,2615.85,25,0,2735.8,2335.3,2684.95
14293,2021-04-08 09:20:00,2615.85,2615.85,2615.85,2615.85,25,0,2735.8,2335.3,2684.95
14294,2021-04-08 09:21:00,2615.85,2615.85,2615.85,2615.85,25,0,2735.8,2335.3,2684.95
14295,2021-04-08 09:22:00,2615.85,2615.85,2615.85,2615.85,25,0,2735.8,2335.3,2684.95
14296,2021-04-08 09:23:00,2615.85,2615.85,2615.85,2615.85,25,0,2735.8,2335.3,2684.95
14297,2021-04-08 09:24:00,2615.85,2615.85,2615.85,2615.85,25,0,2735.8,2335.3,2684.95
14298,2021-04-08 09:25:00,2615.85,2615.85,2615.85,2615.85,25,0,2735.8,2335.3,2684.95
14299,2021-04-08 09:26:00,2615.85,2615.85,2615.85,2615.85,25,0,2735.8,2335.3,2684.95
14300,2021-04-08 09:27:00,2615.85,2615.85,2615.85,2615.85,25,0,2735.8,2335.3,2684.95
14301,2021-04-08 09:28:00,2615.85,2615.85,2615.85,2615.85,25,0,2735.8,2335.3,2684.95
14302,2021-04-08 09:29:00,2615.85,2615.85,2615.85,2615.85,25,0,2735.8,2335.3,2684.95
14303,2021-04-08 09:30:00,2615.85,2615.85,2615.85,2615.85,25,0,2735.8,2335.3,2684.95
14304,2021-04-08 09:31:00,2615.85,2615.85,2615.85,2615.85,25,0,2735.8,2335.3,2684.95
14305,2021-04-08 09:32:00,2615.85,2615.85,2615.85,2615.85,25,0,2735.8,2335.3,2684.95
14306,2021-04-08 09:33:00,2615.85,2615.85,2615.85,2615.85,25,0,2735.8,2335.3,2684.95
14307,2021-04-08 09:34:00,2615.85,2615.85,2615.85,2615.85,25,0,2735.8,2335.3,2684.95
14308,2021-04-08 09:35:00,2615.85,2615.85,2615.85,2615.85,25,0,2735.8,2335.3,2684.95
14309,2021-04-08 09:36:00,2615.85,2615.85,2615.85,2615.85,25,0,2735.8,2335.3,2684.95
14310,2021-04-08 09:37:00,2615.85,2615.85,2615.85,2615.85,25,0,2735.8,2335.3,2684.95
14311,2021-04-08 09:38:00,2615.85,2615.85,2615.85,2615.85,25,0,2735.8,2335.3,2684.95
14312,2021-04-08 09:39:00,2615.85,2615.85,2615.85,2615.85,25,0,2735.8,2335.3,2684.95
14313,2021-04-08 09:40:00,2615.85,2615.85,2615.85,2615.85,25,0,2735.8,2335.3,2684.95
14314,2021-04-08 09:41:00,2615.85,2615.85,2615.85,2615.85,25,0,2735.8,2335.3,2684.95
14315,2021-04-08 09:42:00,2615.85,2615.85,2615.85,2615.85,25,0,2735.8,2335.3,2684.95
14316,2021-04-08 09:43:00,2615.85,2615.85,2615.85,2615.85,25,0,2735.8,2335.3,2684.95
14317,2021-04-08 09:44:00,2615.85,2615.85,2615.85,2615.85,25,0,2735.8,2335.3,2684.95
14318,2021-04-08 09:45:00,2615.85,2615.85,2615.85,2615.85,25,0,2735.8,2335.3,2684.95
14319,2021-04-08 09:46:00,2615.85,2615.85,2615.85,2615.85,25,0,2735.8,2335.3,2684.95
14320,2021-04-08 09:47:00,2615.85,2615.85,2615.85,2615.85,25,0,2735.8,2335.3,2684.95
14321,2021-04-08 09:48:00,2615.85,2615.85,2615.85,2615.85,25,0,2735.8,2335.3,2684.95
14322,2021-04-08 09:49:00,2615.85,2615.85,2615.85,2615.85,25,0,2735.8,2335.3,2684.95
14323,2021-04-08 09:50:00,2615.85,2615.85,2615.85,2615.85,25,0,2735.8,2335.3,2684.95
14324,2021-04-08 09:51:00,2615.85,2615.85,2615.85,2615.85,25,0,2735.8,2335.3,2684.95
14325,2021-04-08 09:52:00,2615.85,2615.85,2615.85,2615.85,25,0,2735.8,2335.3,2684.95
14326,2021-04-08 09:53:00,2615.85,2615.85,2615.85,2615.85,25,0,2735.8,2335.3,2684.95
14327,2021-04-08 09:54:00,2615.85,2615.85,2615.85,2615.85,25,0,2735.8,2335.3,2684.95
14328,2021-04-08 09:55:00,2615.85,2615.85,2615.85,2615.85,25,0,2735.8,2335.3,2684.95
14329,2021-04-08 09:56:00,2615.85,2615.85,2615.85,2615.85,25,0,2735.8,2335.3,2684.95
14330,2021-04-08 09:57:00,2615.85,2615.85,2615.85,2615.85,25,0,2735.8,2335.3,2684.95
14331,2021-04-08 09:58:00,2615.85,2615.85,2615.85,2615.85,25,0,2735.8,2335.3,2684.95
14332,2021-04-08 09:59:00,2615.85,2615.85,2615.85,2615.85,25,0,2735.8,2335.3,2684.95
14333,2021-04-08 10:00:00,2615.85,2615.85,2615.85,2615.85,25,0,2735.8,2335.3,2684.95
14334,2021-04-08 10:01:00,2615.85,2615.85,2615.85,2615.85,25,0,2735.8,2335.3,2684.95
14335,2021-04-08 10:02:00,2615.85,2615.85,2615.85,2615.85,25,0,2735.8,2335.3,2684.95
14336,2021-04-08 10:03:00,2615.85,2615.85,2615.85,2615.85,25,0,2735.8,2335.3,2684.95
14337,2021-04-08 10:04:00,2615.85,2615.85,2615.85,2615.85,25,0,2735.8,2335.3,2684.95
14338,2021-04-08 10:05:00,2615.85,2615.85,2615.85,2615.85,25,0,2735.8,2335.3,2684.95
14339,2021-04-08 10:06:00,2615.85,2615.85,2615.85,2615.85,25,0,2735.8,2335.3,2684.95
14340,2021-04-08 10:07:00,2615.85,2615.85,2615.85,2615.85,25,0,2735.8,2335.3,2684.95
14341,2021-04-08 10:08:00,2615.85,2615.85,2615.85,2615.85,25,0,2735.8,2335.3,2684.95
14342,2021-04-08 10:09:00,2615.85,2615.85,2615.85,2615.85,25,0,2735.8,2335.3,2684.95
14343,2021-04-08 10:10:00,2615.85,2615.85,2615.85,2615.85,25,0,2735.8,2335.3,2684.95
14344,2021-04-08 10:11:00,2615.85,2615.85,2615.85,2615.85,25,0,2735.8,2335.3,2684.95
14345,2021-04-08 10:12:00,2615.85,2615.85,2615.85,2615.85,25,0,2735.8,2335.3,2684.95
14346,2021-04-08 10:13:00,2615.85,2615.85,2615.85,2615.85,25,0,2735.8,2335.3,2684.95
14347,2021-04-08 10:14:00,2615.85,2615.85,2615.85,2615.85,25,0,2735.8,2335.3,2684.95
14348,2021-04-08 10:15:00,2615.85,2615.85,2615.85,2615.85,25,0,2735.8,2335.3,2684.95
14349,2021-04-08 10:16:00,2615.85,2615.85,2615.85,2615.85,25,0,2735.8,2335.3,2684.95
14350,2021-04-08 10:17:00,2615.85,2615.85,2615.85,2615.85,25,0,2735.8,2335.3,2684.95
14351,2021-04-08 10:18:00,2615.85,2615.85,2615.85,2615.85,25,0,2735.8,2335.3,2684.95
14352,2021-04-08 10:19:00,2615.85,2615.85,2615.85,2615.85,25,0,2735.8,2335.3,2684.95
14353,2021-04-08 10:20:00,2615.85,2615.85,2615.85,2615.85,25,0,2735.8,2335.3,2684.95
14354,2021-04-08 10:21:00,2615.85,2615.85,2615.85,2615.85,25,0,2735.8,2335.3,2684.95
14355,2021-04-08 10:22:00,2615.85,2615.85,2615.85,2615.85,25,0,2735.8,2335.3,2684.95
14356,2021-04-08 10:23:00,2615.85,2615.85,2615.85,2615.85,25,0,2735.8,2335.3,2684.95
14357,2021-04-08 10:24:00,2615.85,2615.85,2615.85,2615.85,25,0,2735.8,2335.3,2684.95
14358,2021-04-08 10:25:00,2615.85,2615.85,2615.85,2615.85,25,0,2735.8,2335.3,2684.95
14359,2021-04-08 10:26:00,2615.85,2615.85,2615.85,2615.85,25,0,2735.8,2335.3,2684.95
14360,2021-04-08 10:27:00,2615.85,2615.85,2615.85,2615.85,25,0,2735.8,2335.3,2684.95
14361,2021-04-08 10:28:00,2615.85,2615.85,2615.85,2615.85,25,0,2735.8,2335.3,2684.95
14362,2021-04-08 10:29:00,2615.85,2615.85,2615.85,2615.85,25,0,2735.8,2335.3,2684.95
14363,2021-04-08 10:30:00,2615.85,2615.85,2615.85,2615.85,25,0,2735.8,2335.3,2684.95
14364,2021-04-08 10:31:00,2615.85,2615.85,2615.85,2615.85,25,0,2735.8,2335.3,2684.95
14365,2021-04-08 10:32:00,2615.85,2615.85,2615.85,2615.85,25,0,2735.8,2335.3,2684.95
14366,2021-04-08 10:33:00,2615.85,2615.85,2615.85,2615.85,25,0,2735.8,2335.3,2684.95
14367,2021-04-08 10:34:00,2615.85,2615.85,2615.85,2615.85,25,0,2735.8,2335.3,2684.95
14368,2021-04-08 10:35:00,2615.85,2615.85,2615.85,2615.85,25,0,2735.8,2335.3,2684.95
14369,2021-04-08 10:36:00,2615.85,2615.85,2615.85,2615.85,25,0,2735.8,2335.3,2684.95
14370,2021-04-08 10:37:00,2615.85,2615.85,2615.85,2615.85,25,0,2735.8,2335.3,2684.95
14371,2021-04-08 10:38:00,2615.85,2615.85,2615.85,2615.85,25,0,2735.8,2335.3,2684.95
14372,2021-04-08 10:39:00,2615.85,2615.85,2615.85,2615.85,25,0,2735.8,2335.3,2684.95
14373,2021-04-08 10:40:00,2615.85,2615.85,2615.85,2615.85,25,0,2735.8,2335.3,2684.95
14374,2021-04-08 10:41:00,2615.85,2615.85,2615.85,2615.85,25,0,2735.8,2335.3,2684.95
14375,2021-04-08 10:42:00,2615.85,2615.85,2615.85,2615.85,25,0,2735.8,2335.3,2684.95
14376,2021-04-08 10:43:00,2615.85,2615.85,2615.85,2615.85,25,0,2735.8,2335.3,2684.95
14377,2021-04-08 10:44:00,2615.85,2615.85,2615.85,2615.85,25,0,2735.8,2335.3,2684.95
14378,2021-04-08 10:45:00,2615.85,2615.85,2615.85,2615.85,25,0,2735.8,2335.3,2684.95
14379,2021-04-08 10:46:00,2615.85,2615.85,2615.85,2615.85,25,0,2735.8,2335.3,2684.95
14380,2021-04-08 10:47:00,2615.85,2615.85,2615.85,2615.85,25,0,2735.8,2335.3,2684.95
14381,2021-04-08 10:48:00,2615.85,2615.85,2615.85,2615.85,25,0,2735.8,2335.3,2684.95
14382,2021-04-08 10:49:00,2615.85,2615.85,2615.85,2615.85,25,0,2735.8,2335.3,2684.95
14383,2021-04-08 10:50:00,2615.85,2615.85,2615.85,2615.85,25,0,2735.8,2335.3,2684.95
14384,2021-04-08 10:51:00,2615.85,2615.85,2615.85,2615.85,25,0,2735.8,2335.3,2684.95
14385,2021-04-08 10:52:00,2615.85,2615.85,2615.85,2615.85,25,0,2735.8,2335.3,2684.95
14386,2021-04-08 10:53:00,2615.85,2615.85,2615.85,2615.85,25,0,2735.8,2335.3,2684.95
14387,2021-04-08 10:54:00,2615.85,2615.85,2615.85,2615.85,25,0,2735.8,2335.3,2684.95
14388,2021-04-08 10:55:00,2615.85,2615.85,2615.85,2615.85,25,0,2735.8,2335.3,2684.95
14389,2021-04-08 10:56:00,2615.85,2615.85,2615.85,2615.85,25,0,2735.8,2335.3,2684.95
14390,2021-04-08 10:57:00,2615.85,2615.85,2615.85,2615.85,25,0,2735.8,2335.3,2684.95
14391,2021-04-08 10:58:00,2615.85,2615.85,2615.85,2615.85,25,0,2735.8,2335.3,2684.95
14392,2021-04-08 10:59:00,2615.85,2615.85,2615.85,2615.85,25,0,2735.8,2335.3,2684.95
14393,2021-04-08 11:00:00,2615.85,2615.85,2615.85,2615.85,25,0,2735.8,2335.3,2684.95
14394,2021-04-08 11:01:00,2615.85,2615.85,2615.85,2615.85,25,0,2735.8,2335.3,2684.95
14395,2021-04-08 11:02:00,2615.85,2615.85,2615.85,2615.85,25,0,2735.8,2335.3,2684.95
14396,2021-04-08 11:03:00,2615.85,2615.85,2615.85,2615.85,25,0,2735.8,2335.3,2684.95
14397,2021-04-08 11:04:00,2615.85,2615.85,2615.85,2615.85,25,0,2735.8,2335.3,2684.95
14398,2021-04-08 11:05:00,2615.85,2615.85,2615.85,2615.85,25,0,2735.8,2335.3,2684.95
14399,2021-04-08 11:06:00,2615.85,2615.85,2615.85,2615.85,25,0,2735.8,2335.3,2684.95
14400,2021-04-08 11:07:00,2615.85,2615.85,2615.85,2615.85,25,0,2735.8,2335.3,2684.95
14401,2021-04-08 11:08:00,2615.85,2615.85,2615.85,2615.85,25,0,2735.8,2335.3,2684.95
14402,2021-04-08 11:09:00,2615.85,2615.85,2615.85,2615.85,25,0,2735.8,2335.3,2684.95
14403,2021-04-08 11:10:00,2615.85,2615.85,2615.85,2615.85,25,0,2735.8,2335.3,2684.95
14404,2021-04-08 11:11:00,2615.85,2615.85,2615.85,2615.85,25,0,2735.8,2335.3,2684.95
14405,2021-04-08 11:12:00,2615.85,2615.85,2615.85,2615.85,25,0,2735.8,2335.3,2684.95
14406,2021-04-08 11:13:00,2615.85,2615.85,2615.85,2615.85,25,0,2735.8,2335.3,2684.95
14407,2021-04-08 11:14:00,2615.85,2615.85,2615.85,2615.85,25,0,2735.8,2335.3,2684.95
14408,2021-04-08 11:15:00,2615.85,2615.85,2615.85,2615.85,25,0,2735.8,2335.3,2684.95
14409,2021-04-08 11:16:00,2615.85,2615.85,2615.85,2615.85,25,0,2735.8,2335.3,2684.95
14410,2021-04-08 11:17:00,2615.85,2615.85,2615.85,2615.85,25,0,2735.8,2335.3,2684.95
14411,2021-04-08 11:18:00,2615.85,2615.85,2615.85,2615.85,25,0,2735.8,2335.3,2684.95
14412,2021-04-08 11:19:00,2615.85,2615.85,2615.85,2615.85,25,0,2735.8,2335.3,2684.95
14413,2021-04-08 11:20:00,2615.85,2615.85,2615.85,2615.85,25,0,2735.8,2335.3,2684.95
14414,2021-04-08 11:21:00,2615.85,2615.85,2615.85,2615.85,25,0,2735.8,2335.3,2684.95
14415,2021-04-08 11:22:00,2615.85,2615.85,2615.85,2615.85,25,0,2735.8,2335.3,2684.95
14416,2021-04-08 11:23:00,2615.85,2615.85,2615.85,2615.85,25,0,2735.8,2335.3,2684.95
14417,2021-04-08 11:24:00,2615.85,2615.85,2615.85,2615.85,25,0,2735.8,2335.3,2684.95
14418,2021-04-08 11:25:00,2615.85,2615.85,2615.85,2615.85,25,0,2735.8,2335.3,2684.95
14419,2021-04-08 11:26:00,2615.85,2615.85,2615.85,2615.85,25,0,2735.8,2335.3,2684.95
14420,2021-04-08 11:27:00,2615.85,2615.85,2615.85,2615.85,25,0,2735.8,2335.3,2684.95
14421,2021-04-08 11:28:00,2615.85,2615.85,2615.85,2615.85,25,0,2735.8,2335.3,2684.95
14422,2021-04-08 11:29:00,2615.85,2615.85,2615.85,2615.85,25,0,2735.8,2335.3,2684.95
14423,2021-04-08 11:30:00,2615.85,2615.85,2615.85,2615.85,25,0,2735.8,2335.3,2684.95
14424,2021-04-08 11:31:00,2615.85,2615.85,2615.85,2615.85,25,0,2735.8,2335.3,2684.95
14425,2021-04-08 11:32:00,2615.85,2615.85,2615.85,2615.85,25,0,2735.8,2335.3,2684.95
14426,2021-04-08 11:33:00,2615.85,2615.85,2615.85,2615.85,25,0,2735.8,2335.3,2684.95
14427,2021-04-08 11:34:00,2615.85,2615.85,2615.85,2615.85,25,0,2735.8,2335.3,2684.95
14428,2021-04-08 11:35:00,2615.85,2615.85,2615.85,2615.85,25,0,2735.8,2335.3,2684.95
14429,2021-04-08 11:36:00,2615.85,2615.85,2615.85,2615.85,25,0,2735.8,2335.3,2684.95
14430,2021-04-08 11:37:00,2615.85,2615.85,2615.85,2615.85,25,0,2735.8,2335.3,2684.95
14431,2021-04-08 11:38:00,2615.85,2615.85,2615.85,2615.85,25,0,2735.8,2335.3,2684.95
14432,2021-04-08 11:39:00,2615.85,2615.85,2615.85,2615.85,25,0,2735.8,2335.3,2684.95
14433,2021-04-08 11:40:00,2615.85,2615.85,2615.85,2615.85,25,0,2735.8,2335.3,2684.95
14434,2021-04-08 11:41:00,2615.85,2615.85,2615.85,2615.85,25,0,2735.8,2335.3,2684.95
14435,2021-04-08 11:42:00,2615.85,2615.85,2615.85,2615.85,25,0,2735.8,2335.3,2684.95
14436,2021-04-08 11:43:00,2615.85,2615.85,2615.85,2615.85,25,0,2735.8,2335.3,2684.95
14437,2021-04-08 11:44:00,2615.85,2615.85,2615.85,2615.85,25,0,2735.8,2335.3,2684.95
14438,2021-04-08 11:45:00,2615.85,2615.85,2615.85,2615.85,25,0,2735.8,2335.3,2684.95
14439,2021-04-08 11:46:00,2615.85,2615.85,2615.85,2615.85,25,0,2735.8,2335.3,2684.95
14440,2021-04-08 11:47:00,2615.85,2615.85,2615.85,2615.85,25,0,2735.8,2335.3,2684.95
14441,2021-04-08 11:48:00,2615.85,2615.85,2615.85,2615.85,25,0,2735.8,2335.3,2684.95
14442,2021-04-08 11:49:00,2615.85,2615.85,2615.85,2615.85,25,0,2735.8,2335.3,2684.95
14443,2021-04-08 11:50:00,2615.85,2615.85,2615.85,2615.85,25,0,2735.8,2335.3,2684.95
14444,2021-04-08 11:51:00,2615.85,2615.85,2615.85,2615.85,25,0,2735.8,2335.3,2684.95
14445,2021-04-08 11:52:00,2615.85,2615.85,2615.85,2615.85,25,0,2735.8,2335.3,2684.95
14446,2021-04-08 11:53:00,2615.85,2615.85,2615.85,2615.85,25,0,2735.8,2335.3,2684.95
14447,2021-04-08 11:54:00,2615.85,2615.85,2615.85,2615.85,25,0,2735.8,2335.3,2684.95
14448,2021-04-08 11:55:00,2615.85,2615.85,2615.85,2615.85,25,0,2735.8,2335.3,2684.95
14449,2021-04-08 11:56:00,2615.85,2615.85,2615.85,2615.85,25,0,2735.8,2335.3,2684.95
14450,2021-04-08 11:57:00,2615.85,2615.85,2615.85,2615.85,25,0,2735.8,2335.3,2684.95
14451,2021-04-08 11:58:00,2615.85,2615.85,2615.85,2615.85,25,0,2735.8,2335.3,2684.95
14452,2021-04-08 11:59:00,2615.85,2615.85,2615.85,2615.85,25,0,2735.8,2335.3,2684.95
14453,2021-04-08 12:00:00,2615.85,2615.85,2615.85,2615.85,25,0,2735.8,2335.3,2684.95
14454,2021-04-08 12:01:00,2615.85,2615.85,2615.85,2615.85,25,0,2735.8,2335.3,2684.95
14455,2021-04-08 12:02:00,2615.85,2615.85,2615.85,2615.85,25,0,2735.8,2335.3,2684.95
14456,2021-04-08 12:03:00,2615.85,2615.85,2615.85,2615.85,25,0,2735.8,2335.3,2684.95
14457,2021-04-08 12:04:00,2615.85,2615.85,2615.85,2615.85,25,0,2735.8,2335.3,2684.95
14458,2021-04-08 12:05:00,2615.85,2615.85,2615.85,2615.85,25,0,2735.8,2335.3,2684.95
14459,2021-04-08 12:06:00,2615.85,2615.85,2615.85,2615.85,25,0,2735.8,2335.3,2684.95
14460,2021-04-08 12:07:00,2615.85,2615.85,2615.85,2615.85,25,0,2735.8,2335.3,2684.95
14461,2021-04-08 12:08:00,2615.85,2615.85,2615.85,2615.85,25,0,2735.8,2335.3,2684.95
14462,2021-04-08 12:09:00,2615.85,2615.85,2615.85,2615.85,25,0,2735.8,2335.3,2684.95
14463,2021-04-08 12:10:00,2615.85,2615.85,2615.85,2615.85,25,0,2735.8,2335.3,2684.95
14464,2021-04-08 12:11:00,2615.85,2615.85,2615.85,2615.85,25,0,2735.8,2335.3,2684.95
14465,2021-04-08 12:12:00,2615.85,2615.85,2615.85,2615.85,25,0,2735.8,2335.3,2684.95
14466,2021-04-08 12:13:00,2615.85,2615.85,2615.85,2615.85,25,0,2735.8,2335.3,2684.95
14467,2021-04-08 12:14:00,2615.85,2615.85,2615.85,2615.85,25,0,2735.8,2335.3,2684.95
14468,2021-04-08 12:15:00,2615.85,2615.85,2615.85,2615.85,25,0,2735.8,2335.3,2684.95
14469,2021-04-08 12:16:00,2615.85,2615.85,2615.85,2615.85,25,0,2735.8,2335.3,2684.95
14470,2021-04-08 12:17:00,2615.85,2615.85,2615.85,2615.85,25,0,2735.8,2335.3,2684.95
14471,2021-04-08 12:18:00,2615.85,2615.85,2615.85,2615.85,25,0,2735.8,2335.3,2684.95
14472,2021-04-08 12:19:00,2615.85,2615.85,2615.85,2615.85,25,0,2735.8,2335.3,2684.95
14473,2021-04-08 12:20:00,2615.85,2615.85,2615.85,2615.85,25,0,2735.8,2335.3,2684.95
14474,2021-04-08 12:21:00,2615.85,2615.85,2615.85,2615.85,25,0,2735.8,2335.3,2684.95
14475,2021-04-08 12:22:00,2615.85,2615.85,2615.85,2615.85,25,0,2735.8,2335.3,2684.95
14476,2021-04-08 12:23:00,2615.85,2615.85,2615.85,2615.85,25,0,2735.8,2335.3,2684.95
14477,2021-04-08 12:24:00,2615.85,2615.85,2615.85,2615.85,25,0,2735.8,2335.3,2684.95
14478,2021-04-08 12:25:00,2615.85,2615.85,2615.85,2615.85,25,0,2735.8,2335.3,2684.95
14479,2021-04-08 12:26:00,2615.85,2615.85,2615.85,2615.85,25,0,2735.8,2335.3,2684.95
14480,2021-04-08 12:27:00,2615.85,2615.85,2615.85,2615.85,25,0,2735.8,2335.3,2684.95
14481,2021-04-08 12:28:00,2615.85,2615.85,2615.85,2615.85,25,0,2735.8,2335.3,2684.95
14482,2021-04-08 12:29:00,2615.85,2615.85,2615.85,2615.85,25,0,2735.8,2335.3,2684.95
14483,2021-04-08 12:30:00,2615.85,2615.85,2615.85,2615.85,25,0,2735.8,2335.3,2684.95
14484,2021-04-08 12:31:00,2615.85,2615.85,2615.85,2615.85,25,0,2735.8,2335.3,2684.95
14485,2021-04-08 12:32:00,2615.85,2615.85,2615.85,2615.85,25,0,2735.8,2335.3,2684.95
14486,2021-04-08 12:33:00,2615.85,2615.85,2615.85,2615.85,25,0,2735.8,2335.3,2684.95
14487,2021-04-08 12:34:00,2615.85,2615.85,2615.85,2615.85,25,0,2735.8,2335.3,2684.95
14488,2021-04-08 12:35:00,2615.85,2615.85,2615.85,2615.85,25,0,2735.8,2335.3,2684.95
14489,2021-04-08 12:36:00,2615.85,2615.85,2615.85,2615.85,25,0,2735.8,2335.3,2684.95
14490,2021-04-08 12:37:00,2615.85,2615.85,2615.85,2615.85,25,0,2735.8,2335.3,2684.95
14491,2021-04-08 12:38:00,2615.85,2615.85,2615.85,2615.85,25,0,2735.8,2335.3,2684.95
14492,2021-04-08 12:39:00,2615.85,2615.85,2615.85,2615.85,25,0,2735.8,2335.3,2684.95
14493,2021-04-08 12:40:00,2615.85,2615.85,2615.85,2615.85,25,0,2735.8,2335.3,2684.95
14494,2021-04-08 12:41:00,2615.85,2615.85,2615.85,2615.85,25,0,2735.8,2335.3,2684.95
14495,2021-04-08 12:42:00,2615.85,2615.85,2615.85,2615.85,25,0,2735.8,2335.3,2684.95
14496,2021-04-08 12:43:00,2615.85,2615.85,2615.85,2615.85,25,0,2735.8,2335.3,2684.95
14497,2021-04-08 12:44:00,2615.85,2615.85,2615.85,2615.85,25,0,2735.8,2335.3,2684.95
14498,2021-04-08 12:45:00,2615.85,2615.85,2615.85,2615.85,25,0,2735.8,2335.3,2684.95
14499,2021-04-08 12:46:00,2615.85,2615.85,2615.85,2615.85,25,0,2735.8,2335.3,2684.95
14500,2021-04-08 12:47:00,2615.85,2615.85,2615.85,2615.85,25,0,2735.8,2335.3,2684.95
14501,2021-04-08 12:48:00,2615.85,2615.85,2615.85,2615.85,25,0,2735.8,2335.3,2684.95
14502,2021-04-08 12:49:00,2615.85,2615.85,2615.85,2615.85,25,0,2735.8,2335.3,2684.95
14503,2021-04-08 12:50:00,2615.85,2615.85,2615.85,2615.85,25,0,2735.8,2335.3,2684.95
14504,2021-04-08 12:51:00,2615.85,2615.85,2615.85,2615.85,25,0,2735.8,2335.3,2684.95
14505,2021-04-08 12:52:00,2615.85,2615.85,2615.85,2615.85,25,0,2735.8,2335.3,2684.95
14506,2021-04-08 12:53:00,2615.85,2615.85,2615.85,2615.85,25,0,2735.8,2335.3,2684.95
14507,2021-04-08 12:54:00,2615.85,2615.85,2615.85,2615.85,25,0,2735.8,2335.3,2684.95
14508,2021-04-08 12:55:00,2615.85,2615.85,2615.85,2615.85,25,0,2735.8,2335.3,2684.95
14509,2021-04-08 12:56:00,2615.85,2615.85,2615.85,2615.85,25,0,2735.8,2335.3,2684.95
14510,2021-04-08 12:57:00,2615.85,2615.85,2615.85,2615.85,25,0,2735.8,2335.3,2684.95
14511,2021-04-08 12:58:00,2615.85,2615.85,2615.85,2615.85,25,0,2735.8,2335.3,2684.95
14512,2021-04-08 12:59:00,2615.85,2615.85,2615.85,2615.85,25,0,2735.8,2335.3,2684.95
14513,2021-04-08 13:00:00,2615.85,2615.85,2615.85,2615.85,25,0,2735.8,2335.3,2684.95
14514,2021-04-08 13:01:00,2615.85,2615.85,2615.85,2615.85,25,0,2735.8,2335.3,2684.95
14515,2021-04-08 13:02:00,2615.85,2615.85,2615.85,2615.85,25,0,2735.8,2335.3,2684.95
14516,2021-04-08 13:03:00,2615.85,2615.85,2615.85,2615.85,25,0,2735.8,2335.3,2684.95
14517,2021-04-08 13:04:00,2615.85,2615.85,2615.85,2615.85,25,0,2735.8,2335.3,2684.95
14518,2021-04-08 13:05:00,2615.85,2615.85,2615.85,2615.85,25,0,2735.8,2335.3,2684.95
14519,2021-04-08 13:06:00,2615.85,2615.85,2615.85,2615.85,25,0,2735.8,2335.3,2684.95
14520,2021-04-08 13:07:00,2615.85,2615.85,2615.85,2615.85,25,0,2735.8,2335.3,2684.95
14521,2021-04-08 13:08:00,2615.85,2615.85,2615.85,2615.85,25,0,2735.8,2335.3,2684.95
14522,2021-04-08 13:09:00,2615.85,2615.85,2615.85,2615.85,25,0,2735.8,2335.3,2684.95
14523,2021-04-08 13:10:00,2615.85,2615.85,2615.85,2615.85,25,0,2735.8,2335.3,2684.95
14524,2021-04-08 13:11:00,2615.85,2615.85,2615.85,2615.85,25,0,2735.8,2335.3,2684.95
14525,2021-04-08 13:12:00,2615.85,2615.85,2615.85,2615.85,25,0,2735.8,2335.3,2684.95
14526,2021-04-08 13:13:00,2615.85,2615.85,2615.85,2615.85,25,0,2735.8,2335.3,2684.95
14527,2021-04-08 13:14:00,2615.85,2615.85,2615.85,2615.85,25,0,2735.8,2335.3,2684.95
14528,2021-04-08 13:15:00,2615.85,2615.85,2615.85,2615.85,25,0,2735.8,2335.3,2684.95
14529,2021-04-08 13:16:00,2615.85,2615.85,2615.85,2615.85,25,0,2735.8,2335.3,2684.95
14530,2021-04-08 13:17:00,2615.85,2615.85,2615.85,2615.85,25,0,2735.8,2335.3,2684.95
14531,2021-04-08 13:18:00,2615.85,2615.85,2615.85,2615.85,25,0,2735.8,2335.3,2684.95
14532,2021-04-08 13:19:00,2615.85,2615.85,2615.85,2615.85,25,0,2735.8,2335.3,2684.95
14533,2021-04-08 13:20:00,2615.85,2615.85,2615.85,2615.85,25,0,2735.8,2335.3,2684.95
14534,2021-04-08 13:21:00,2615.85,2615.85,2615.85,2615.85,25,0,2735.8,2335.3,2684.95
14535,2021-04-08 13:22:00,2615.85,2615.85,2615.85,2615.85,25,0,2735.8,2335.3,2684.95
14536,2021-04-08 13:23:00,2615.85,2615.85,2615.85,2615.85,25,0,2735.8,2335.3,2684.95
14537,2021-04-08 13:24:00,2615.85,2615.85,2615.85,2615.85,25,0,2735.8,2335.3,2684.95
14538,2021-04-08 13:25:00,2615.85,2615.85,2615.85,2615.85,25,0,2735.8,2335.3,2684.95
14539,2021-04-08 13:26:00,2615.85,2615.85,2615.85,2615.85,25,0,2735.8,2335.3,2684.95
14540,2021-04-08 13:27:00,2615.85,2615.85,2615.85,2615.85,25,0,2735.8,2335.3,2684.95
14541,2021-04-08 13:28:00,2615.85,2615.85,2615.85,2615.85,25,0,2735.8,2335.3,2684.95
14542,2021-04-08 13:29:00,2615.85,2615.85,2615.85,2615.85,25,0,2735.8,2335.3,2684.95
14543,2021-04-08 13:30:00,2615.85,2615.85,2615.85,2615.85,25,0,2735.8,2335.3,2684.95
14544,2021-04-08 13:31:00,2615.85,2615.85,2615.85,2615.85,25,0,2735.8,2335.3,2684.95
14545,2021-04-08 13:32:00,2615.85,2615.85,2615.85,2615.85,25,0,2735.8,2335.3,2684.95
14546,2021-04-08 13:33:00,2615.85,2615.85,2615.85,2615.85,25,0,2735.8,2335.3,2684.95
14547,2021-04-08 13:34:00,2615.85,2615.85,2615.85,2615.85,25,0,2735.8,2335.3,2684.95
14548,2021-04-08 13:35:00,2615.85,2615.85,2615.85,2615.85,25,0,2735.8,2335.3,2684.95
14549,2021-04-08 13:36:00,2615.85,2615.85,2615.85,2615.85,25,0,2735.8,2335.3,2684.95
14550,2021-04-08 13:37:00,2615.85,2615.85,2615.85,2615.85,25,0,2735.8,2335.3,2684.95
14551,2021-04-08 13:38:00,2615.85,2615.85,2615.85,2615.85,25,0,2735.8,2335.3,2684.95
14552,2021-04-08 13:39:00,2615.85,2615.85,2615.85,2615.85,25,0,2735.8,2335.3,2684.95
14553,2021-04-08 13:40:00,2615.85,2615.85,2615.85,2615.85,25,0,2735.8,2335.3,2684.95
14554,2021-04-08 13:41:00,2615.85,2615.85,2615.85,2615.85,25,0,2735.8,2335.3,2684.95
14555,2021-04-08 13:42:00,2615.85,2615.85,2615.85,2615.85,25,0,2735.8,2335.3,2684.95
14556,2021-04-08 13:43:00,2615.85,2615.85,2615.85,2615.85,25,0,2735.8,2335.3,2684.95
14557,2021-04-08 13:44:00,2615.85,2615.85,2615.85,2615.85,25,0,2735.8,2335.3,2684.95
14558,2021-04-08 13:45:00,2615.85,2615.85,2615.85,2615.85,25,0,2735.8,2335.3,2684.95
14559,2021-04-08 13:46:00,2615.85,2615.85,2615.85,2615.85,25,0,2735.8,2335.3,2684.95
14560,2021-04-08 13:47:00,2615.85,2615.85,2615.85,2615.85,25,0,2735.8,2335.3,2684.95
14561,2021-04-08 13:48:00,2615.85,2615.85,2615.85,2615.85,25,0,2735.8,2335.3,2684.95
14562,2021-04-08 13:49:00,2615.85,2615.85,2615.85,2615.85,25,0,2735.8,2335.3,2684.95
14563,2021-04-08 13:50:00,2615.85,2615.85,2615.85,2615.85,25,0,2735.8,2335.3,2684.95
14564,2021-04-08 13:51:00,2615.85,2615.85,2615.85,2615.85,25,0,2735.8,2335.3,2684.95
14565,2021-04-08 13:52:00,2615.85,2615.85,2615.85,2615.85,25,0,2735.8,2335.3,2684.95
14566,2021-04-08 13:53:00,2615.85,2615.85,2615.85,2615.85,25,0,2735.8,2335.3,2684.95
14567,2021-04-08 13:54:00,2615.85,2615.85,2615.85,2615.85,25,0,2735.8,2335.3,2684.95
14568,2021-04-08 13:55:00,2615.85,2615.85,2615.85,2615.85,25,0,2735.8,2335.3,2684.95
14569,2021-04-08 13:56:00,2615.85,2615.85,2615.85,2615.85,25,0,2735.8,2335.3,2684.95
14570,2021-04-08 13:57:00,2615.85,2615.85,2615.85,2615.85,25,0,2735.8,2335.3,2684.95
14571,2021-04-08 13:58:00,2615.85,2615.85,2615.85,2615.85,25,0,2735.8,2335.3,2684.95
14572,2021-04-08 13:59:00,2615.85,2615.85,2615.85,2615.85,25,0,2735.8,2335.3,2684.95
14573,2021-04-08 14:00:00,2615.85,2615.85,2615.85,2615.85,25,0,2735.8,2335.3,2684.95
14574,2021-04-08 14:01:00,2615.85,2615.85,2615.85,2615.85,25,0,2735.8,2335.3,2684.95
14575,2021-04-08 14:02:00,2615.85,2615.85,2615.85,2615.85,25,0,2735.8,2335.3,2684.95
14576,2021-04-08 14:03:00,2615.85,2615.85,2615.85,2615.85,25,0,2735.8,2335.3,2684.95
14577,2021-04-08 14:04:00,2615.85,2615.85,2615.85,2615.85,25,0,2735.8,2335.3,2684.95
14578,2021-04-08 14:05:00,2615.85,2615.85,2615.85,2615.85,25,0,2735.8,2335.3,2684.95
14579,2021-04-08 14:06:00,2615.85,2615.85,2615.85,2615.85,25,0,2735.8,2335.3,2684.95
14580,2021-04-08 14:07:00,2615.85,2615.85,2615.85,2615.85,25,0,2735.8,2335.3,2684.95
14581,2021-04-08 14:08:00,2615.85,2615.85,2615.85,2615.85,25,0,2735.8,2335.3,2684.95
14582,2021-04-08 14:09:00,2615.85,2615.85,2615.85,2615.85,25,0,2735.8,2335.3,2684.95
14583,2021-04-08 14:10:00,2615.85,2615.85,2615.85,2615.85,25,0,2735.8,2335.3,2684.95
14584,2021-04-08 14:11:00,2615.85,2615.85,2615.85,2615.85,25,0,2735.8,2335.3,2684.95
14585,2021-04-08 14:12:00,2615.85,2615.85,2615.85,2615.85,25,0,2735.8,2335.3,2684.95
14586,2021-04-08 14:13:00,2615.85,2615.85,2615.85,2615.85,25,0,2735.8,2335.3,2684.95
14587,2021-04-08 14:14:00,2615.85,2615.85,2615.85,2615.85,25,0,2735.8,2335.3,2684.95
14588,2021-04-08 14:15:00,2615.85,2615.85,2615.85,2615.85,25,0,2735.8,2335.3,2684.95
14589,2021-04-08 14:16:00,2615.85,2615.85,2615.85,2615.85,25,0,2735.8,2335.3,2684.95
14590,2021-04-08 14:17:00,2615.85,2615.85,2615.85,2615.85,25,0,2735.8,2335.3,2684.95
14591,2021-04-08 14:18:00,2615.85,2615.85,2615.85,2615.85,25,0,2735.8,2335.3,2684.95
14592,2021-04-08 14:19:00,2615.85,2615.85,2615.85,2615.85,25,0,2735.8,2335.3,2684.95
14593,2021-04-08 14:20:00,2615.85,2615.85,2615.85,2615.85,25,0,2735.8,2335.3,2684.95
14594,2021-04-08 14:21:00,2615.85,2615.85,2615.85,2615.85,25,0,2735.8,2335.3,2684.95
14595,2021-04-08 14:22:00,2615.85,2615.85,2615.85,2615.85,25,0,2735.8,2335.3,2684.95
14596,2021-04-08 14:23:00,2615.85,2615.85,2615.85,2615.85,25,0,2735.8,2335.3,2684.95
14597,2021-04-08 14:24:00,2615.85,2615.85,2615.85,2615.85,25,0,2735.8,2335.3,2684.95
14598,2021-04-08 14:25:00,2615.85,2615.85,2615.85,2615.85,25,0,2735.8,2335.3,2684.95
14599,2021-04-08 14:26:00,2615.85,2615.85,2615.85,2615.85,25,0,2735.8,2335.3,2684.95
14600,2021-04-08 14:27:00,2615.85,2615.85,2615.85,2615.85,25,0,2735.8,2335.3,2684.95
14601,2021-04-08 14:28:00,2615.85,2615.85,2615.85,2615.85,25,0,2735.8,2335.3,2684.95
14602,2021-04-08 14:29:00,2615.85,2615.85,2615.85,2615.85,25,0,2735.8,2335.3,2684.95
14603,2021-04-08 14:30:00,2615.85,2615.85,2615.85,2615.85,25,0,2735.8,2335.3,2684.95
14604,2021-04-08 14:31:00,2615.85,2615.85,2615.85,2615.85,25,0,2735.8,2335.3,2684.95
14605,2021-04-08 14:32:00,2615.85,2615.85,2615.85,2615.85,25,0,2735.8,2335.3,2684.95
14606,2021-04-08 14:33:00,2615.85,2615.85,2615.85,2615.85,25,0,2735.8,2335.3,2684.95
14607,2021-04-08 14:34:00,2615.85,2615.85,2615.85,2615.85,25,0,2735.8,2335.3,2684.95
14608,2021-04-08 14:35:00,2615.85,2615.85,2615.85,2615.85,25,0,2735.8,2335.3,2684.95
14609,2021-04-08 14:36:00,2615.85,2615.85,2615.85,2615.85,25,0,2735.8,2335.3,2684.95
14610,2021-04-08 14:37:00,2615.85,2615.85,2615.85,2615.85,25,0,2735.8,2335.3,2684.95
14611,2021-04-08 14:38:00,2615.85,2615.85,2615.85,2615.85,25,0,2735.8,2335.3,2684.95
14612,2021-04-08 14:39:00,2615.85,2615.85,2615.85,2615.85,25,0,2735.8,2335.3,2684.95
14613,2021-04-08 14:40:00,2615.85,2615.85,2615.85,2615.85,25,0,2735.8,2335.3,2684.95
14614,2021-04-08 14:41:00,2615.85,2615.85,2615.85,2615.85,25,0,2735.8,2335.3,2684.95
14615,2021-04-08 14:42:00,2615.85,2615.85,2615.85,2615.85,25,0,2735.8,2335.3,2684.95
14616,2021-04-08 14:43:00,2615.85,2615.85,2615.85,2615.85,25,0,2735.8,2335.3,2684.95
14617,2021-04-08 14:44:00,2615.85,2615.85,2615.85,2615.85,25,0,2735.8,2335.3,2684.95
14618,2021-04-08 14:45:00,2615.85,2615.85,2615.85,2615.85,25,0,2735.8,2335.3,2684.95
14619,2021-04-08 14:46:00,2615.85,2615.85,2615.85,2615.85,25,0,2735.8,2335.3,2684.95
14620,2021-04-08 14:47:00,2615.85,2615.85,2615.85,2615.85,25,0,2735.8,2335.3,2684.95
14621,2021-04-08 14:48:00,2615.85,2615.85,2615.85,2615.85,25,0,2735.8,2335.3,2684.95
14622,2021-04-08 14:49:00,2615.85,2615.85,2615.85,2615.85,25,0,2735.8,2335.3,2684.95
14623,2021-04-08 14:50:00,2615.85,2615.85,2615.85,2615.85,25,0,2735.8,2335.3,2684.95
14624,2021-04-08 14:51:00,2615.85,2615.85,2615.85,2615.85,25,0,2735.8,2335.3,2684.95
14625,2021-04-08 14:52:00,2615.85,2615.85,2615.85,2615.85,25,0,2735.8,2335.3,2684.95
14626,2021-04-08 14:53:00,2615.85,2615.85,2615.85,2615.85,25,0,2735.8,2335.3,2684.95
14627,2021-04-08 14:54:00,2615.85,2615.85,2615.85,2615.85,25,0,2735.8,2335.3,2684.95
14628,2021-04-08 14:55:00,2615.85,2615.85,2615.85,2615.85,25,0,2735.8,2335.3,2684.95
14629,2021-04-08 14:56:00,2615.85,2615.85,2615.85,2615.85,25,0,2735.8,2335.3,2684.95
14630,2021-04-08 14:57:00,2615.85,2615.85,2615.85,2615.85,25,0,2735.8,2335.3,2684.95
14631,2021-04-08 14:58:00,2615.85,2615.85,2615.85,2615.85,25,0,2735.8,2335.3,2684.95
14632,2021-04-08 14:59:00,2615.85,2615.85,2615.85,2615.85,25,0,2735.8,2335.3,2684.95
14633,2021-04-08 15:00:00,2615.85,2615.85,2615.85,2615.85,25,0,2735.8,2335.3,2684.95
14634,2021-04-08 15:01:00,2615.85,2615.85,2615.85,2615.85,25,0,2735.8,2335.3,2684.95
14635,2021-04-08 15:02:00,2615.85,2615.85,2615.85,2615.85,25,0,2735.8,2335.3,2684.95
14636,2021-04-08 15:03:00,2615.85,2615.85,2615.85,2615.85,25,0,2735.8,2335.3,2684.95
14637,2021-04-08 15:04:00,2615.85,2615.85,2615.85,2615.85,25,0,2735.8,2335.3,2684.95
14638,2021-04-08 15:05:00,2615.85,2615.85,2615.85,2615.85,25,0,2735.8,2335.3,2684.95
14639,2021-04-08 15:06:00,2615.85,2615.85,2615.85,2615.85,25,0,2735.8,2335.3,2684.95
14640,2021-04-08 15:07:00,2615.85,2615.85,2615.85,2615.85,25,0,2735.8,2335.3,2684.95
14641,2021-04-08 15:08:00,2615.85,2615.85,2615.85,2615.85,25,0,2735.8,2335.3,2684.95
14642,2021-04-08 15:09:00,2615.85,2615.85,2615.85,2615.85,25,0,2735.8,2335.3,2684.95
14643,2021-04-08 15:10:00,2615.85,2615.85,2615.85,2615.85,25,0,2735.8,2335.3,2684.95
14644,2021-04-08 15:11:00,2615.85,2615.85,2615.85,2615.85,25,0,2735.8,2335.3,2684.95
14645,2021-04-08 15:12:00,2615.85,2615.85,2615.85,2615.85,25,0,2735.8,2335.3,2684.95
14646,2021-04-08 15:13:00,2615.85,2615.85,2615.85,2615.85,25,0,2735.8,2335.3,2684.95
14647,2021-04-08 15:14:00,2615.85,2615.85,2615.85,2615.85,25,0,2735.8,2335.3,2684.95
14648,2021-04-08 15:15:00,2615.85,2615.85,2615.85,2615.85,25,0,2735.8,2335.3,2684.95
14649,2021-04-08 15:16:00,2615.85,2615.85,2615.85,2615.85,25,0,2735.8,2335.3,2684.95
14650,2021-04-08 15:17:00,2615.85,2615.85,2615.85,2615.85,25,0,2735.8,2335.3,2684.95
14651,2021-04-08 15:18:00,2615.85,2615.85,2615.85,2615.85,25,0,2735.8,2335.3,2684.95
14652,2021-04-08 15:19:00,2615.85,2615.85,2615.85,2615.85,25,0,2735.8,2335.3,2684.95
14653,2021-04-08 15:20:00,2615.85,2615.85,2615.85,2615.85,25,0,2735.8,2335.3,2684.95
14654,2021-04-08 15:21:00,2615.85,2615.85,2615.85,2615.85,25,0,2735.8,2335.3,2684.95
14655,2021-04-08 15:22:00,2615.85,2615.85,2615.85,2615.85,25,0,2735.8,2335.3,2684.95
14656,2021-04-08 15:23:00,2615.85,2615.85,2615.85,2615.85,25,0,2735.8,2335.3,2684.95
14657,2021-04-08 15:24:00,2615.85,2615.85,2615.85,2615.85,25,0,2735.8,2335.3,2684.95
14658,2021-04-08 15:25:00,2615.85,2615.85,2615.85,2615.85,25,0,2735.8,2335.3,2684.95
14659,2021-04-08 15:26:00,2615.85,2615.85,2615.85,2615.85,25,0,2735.8,2335.3,2684.95
14660,2021-04-08 15:27:00,2615.85,2615.85,2615.85,2615.85,25,0,2735.8,2335.3,2684.95
14661,2021-04-08 15:28:00,2615.85,2615.85,2615.85,2615.85,25,0,2735.8,2335.3,2684.95
14662,2021-04-08 15:29:00,2615.85,2615.85,2615.85,2615.85,25,0,2735.8,2335.3,2684.95
14663,2021-04-08 15:30:00,2615.85,2615.85,2615.85,2615.85,25,0,2735.8,2335.3,2684.95
14664,2021-04-09 09:15:00,2615.85,2615.85,2615.85,2615.85,25,0,2735.8,2335.3,2684.95
14665,2021-04-09 09:16:00,2615.85,2615.85,2615.85,2615.85,25,0,2735.8,2335.3,2684.95
14666,2021-04-09 09:17:00,2615.85,2615.85,2615.85,2615.85,25,0,2735.8,2335.3,2684.95
14667,2021-04-09 09:18:00,2615.85,2615.85,2615.85,2615.85,25,0,2735.8,2335.3,2684.95
14668,2021-04-09 09:19:00,2615.85,2615.85,2615.85,2615.85,25,0,2735.8,2335.3,2684.95
14669,2021-04-09 09:20:00,2615.85,2615.85,2615.85,2615.85,25,0,2735.8,2335.3,2684.95
14670,2021-04-09 09:21:00,2615.85,2615.85,2615.85,2615.85,25,0,2735.8,2335.3,2684.95
14671,2021-04-09 09:22:00,2615.85,2615.85,2615.85,2615.85,25,0,2735.8,2335.3,2684.95
14672,2021-04-09 09:23:00,2615.85,2615.85,2615.85,2615.85,25,0,2735.8,2335.3,2684.95
14673,2021-04-09 09:24:00,2615.85,2615.85,2615.85,2615.85,25,0,2735.8,2335.3,2684.95
14674,2021-04-09 09:25:00,2615.85,2615.85,2615.85,2615.85,25,0,2735.8,2335.3,2684.95
14675,2021-04-09 09:26:00,2615.85,2615.85,2615.85,2615.85,25,0,2735.8,2335.3,2684.95
14676,2021-04-09 09:27:00,2615.85,2615.85,2615.85,2615.85,25,0,2735.8,2335.3,2684.95
14677,2021-04-09 09:28:00,2615.85,2615.85,2615.85,2615.85,25,0,2735.8,2335.3,2684.95
14678,2021-04-09 09:29:00,2615.85,2615.85,2615.85,2615.85,25,0,2735.8,2335.3,2684.95
14679,2021-04-09 09:30:00,2615.85,2615.85,2615.85,2615.85,25,0,2735.8,2335.3,2684.95
14680,2021-04-09 09:31:00,2615.85,2615.85,2615.85,2615.85,25,0,2735.8,2335.3,2684.95
14681,2021-04-09 09:32:00,2615.85,2615.85,2615.85,2615.85,25,0,2735.8,2335.3,2684.95
14682,2021-04-09 09:33:00,2615.85,2615.85,2615.85,2615.85,25,0,2735.8,2335.3,2684.95
14683,2021-04-09 09:34:00,2615.85,2615.85,2615.85,2615.85,25,0,2735.8,2335.3,2684.95
14684,2021-04-09 09:35:00,2615.85,2615.85,2615.85,2615.85,25,0,2735.8,2335.3,2684.95
14685,2021-04-09 09:36:00,2615.85,2615.85,2615.85,2615.85,25,0,2735.8,2335.3,2684.95
14686,2021-04-09 09:37:00,2615.85,2615.85,2615.85,2615.85,25,0,2735.8,2335.3,2684.95
14687,2021-04-09 09:38:00,2615.85,2615.85,2615.85,2615.85,25,0,2735.8,2335.3,2684.95
14688,2021-04-09 09:39:00,2615.85,2615.85,2615.85,2615.85,25,0,2735.8,2335.3,2684.95
14689,2021-04-09 09:40:00,2615.85,2615.85,2615.85,2615.85,25,0,2735.8,2335.3,2684.95
14690,2021-04-09 09:41:00,2615.85,2615.85,2615.85,2615.85,25,0,2735.8,2335.3,2684.95
14691,2021-04-09 09:42:00,2615.85,2615.85,2615.85,2615.85,25,0,2735.8,2335.3,2684.95
14692,2021-04-09 09:43:00,2615.85,2615.85,2615.85,2615.85,25,0,2735.8,2335.3,2684.95
14693,2021-04-09 09:44:00,2615.85,2615.85,2615.85,2615.85,25,0,2735.8,2335.3,2684.95
14694,2021-04-09 09:45:00,2615.85,2615.85,2615.85,2615.85,25,0,2735.8,2335.3,2684.95
14695,2021-04-09 09:46:00,2615.85,2615.85,2615.85,2615.85,25,0,2735.8,2335.3,2684.95
14696,2021-04-09 09:47:00,2615.85,2615.85,2615.85,2615.85,25,0,2735.8,2335.3,2684.95
14697,2021-04-09 09:48:00,2615.85,2615.85,2615.85,2615.85,25,0,2735.8,2335.3,2684.95
14698,2021-04-09 09:49:00,2615.85,2615.85,2615.85,2615.85,25,0,2735.8,2335.3,2684.95
14699,2021-04-09 09:50:00,2615.85,2615.85,2615.85,2615.85,25,0,2735.8,2335.3,2684.95
14700,2021-04-09 09:51:00,2615.85,2615.85,2615.85,2615.85,25,0,2735.8,2335.3,2684.95
14701,2021-04-09 09:52:00,2615.85,2615.85,2615.85,2615.85,25,0,2735.8,2335.3,2684.95
14702,2021-04-09 09:53:00,2615.85,2615.85,2615.85,2615.85,25,0,2735.8,2335.3,2684.95
14703,2021-04-09 09:54:00,2615.85,2615.85,2615.85,2615.85,25,0,2735.8,2335.3,2684.95
14704,2021-04-09 09:55:00,2615.85,2615.85,2615.85,2615.85,25,0,2735.8,2335.3,2684.95
14705,2021-04-09 09:56:00,2615.85,2615.85,2615.85,2615.85,25,0,2735.8,2335.3,2684.95
14706,2021-04-09 09:57:00,2615.85,2615.85,2615.85,2615.85,25,0,2735.8,2335.3,2684.95
14707,2021-04-09 09:58:00,2615.85,2615.85,2615.85,2615.85,25,0,2735.8,2335.3,2684.95
14708,2021-04-09 09:59:00,2615.85,2615.85,2615.85,2615.85,25,0,2735.8,2335.3,2684.95
14709,2021-04-09 10:00:00,2615.85,2615.85,2615.85,2615.85,25,0,2735.8,2335.3,2684.95
14710,2021-04-09 10:01:00,2615.85,2615.85,2615.85,2615.85,25,0,2735.8,2335.3,2684.95
14711,2021-04-09 10:02:00,2615.85,2615.85,2615.85,2615.85,25,0,2735.8,2335.3,2684.95
14712,2021-04-09 10:03:00,2615.85,2615.85,2615.85,2615.85,25,0,2735.8,2335.3,2684.95
14713,2021-04-09 10:04:00,2615.85,2615.85,2615.85,2615.85,25,0,2735.8,2335.3,2684.95
14714,2021-04-09 10:05:00,2615.85,2615.85,2615.85,2615.85,25,0,2735.8,2335.3,2684.95
14715,2021-04-09 10:06:00,2615.85,2615.85,2615.85,2615.85,25,0,2735.8,2335.3,2684.95
14716,2021-04-09 10:07:00,2615.85,2615.85,2615.85,2615.85,25,0,2735.8,2335.3,2684.95
14717,2021-04-09 10:08:00,2615.85,2615.85,2615.85,2615.85,25,0,2735.8,2335.3,2684.95
14718,2021-04-09 10:09:00,2615.85,2615.85,2615.85,2615.85,25,0,2735.8,2335.3,2684.95
14719,2021-04-09 10:10:00,2615.85,2615.85,2615.85,2615.85,25,0,2735.8,2335.3,2684.95
14720,2021-04-09 10:11:00,2615.85,2615.85,2615.85,2615.85,25,0,2735.8,2335.3,2684.95
14721,2021-04-09 10:12:00,2615.85,2615.85,2615.85,2615.85,25,0,2735.8,2335.3,2684.95
14722,2021-04-09 10:13:00,2615.85,2615.85,2615.85,2615.85,25,0,2735.8,2335.3,2684.95
14723,2021-04-09 10:14:00,2615.85,2615.85,2615.85,2615.85,25,0,2735.8,2335.3,2684.95
14724,2021-04-09 10:15:00,2615.85,2615.85,2615.85,2615.85,25,0,2735.8,2335.3,2684.95
14725,2021-04-09 10:16:00,2615.85,2615.85,2615.85,2615.85,25,0,2735.8,2335.3,2684.95
14726,2021-04-09 10:17:00,2615.85,2615.85,2615.85,2615.85,25,0,2735.8,2335.3,2684.95
14727,2021-04-09 10:18:00,2615.85,2615.85,2615.85,2615.85,25,0,2735.8,2335.3,2684.95
14728,2021-04-09 10:19:00,2615.85,2615.85,2615.85,2615.85,25,0,2735.8,2335.3,2684.95
14729,2021-04-09 10:20:00,2615.85,2615.85,2615.85,2615.85,25,0,2735.8,2335.3,2684.95
14730,2021-04-09 10:21:00,2615.85,2615.85,2615.85,2615.85,25,0,2735.8,2335.3,2684.95
14731,2021-04-09 10:22:00,2615.85,2615.85,2615.85,2615.85,25,0,2735.8,2335.3,2684.95
14732,2021-04-09 10:23:00,2615.85,2615.85,2615.85,2615.85,25,0,2735.8,2335.3,2684.95
14733,2021-04-09 10:24:00,2615.85,2615.85,2615.85,2615.85,25,0,2735.8,2335.3,2684.95
14734,2021-04-09 10:25:00,2615.85,2615.85,2615.85,2615.85,25,0,2735.8,2335.3,2684.95
14735,2021-04-09 10:26:00,2615.85,2615.85,2615.85,2615.85,25,0,2735.8,2335.3,2684.95
14736,2021-04-09 10:27:00,2615.85,2615.85,2615.85,2615.85,25,0,2735.8,2335.3,2684.95
14737,2021-04-09 10:28:00,2615.85,2615.85,2615.85,2615.85,25,0,2735.8,2335.3,2684.95
14738,2021-04-09 10:29:00,2615.85,2615.85,2615.85,2615.85,25,0,2735.8,2335.3,2684.95
14739,2021-04-09 10:30:00,2615.85,2615.85,2615.85,2615.85,25,0,2735.8,2335.3,2684.95
14740,2021-04-09 10:31:00,2615.85,2615.85,2615.85,2615.85,25,0,2735.8,2335.3,2684.95
14741,2021-04-09 10:32:00,2615.85,2615.85,2615.85,2615.85,25,0,2735.8,2335.3,2684.95
14742,2021-04-09 10:33:00,2615.85,2615.85,2615.85,2615.85,25,0,2735.8,2335.3,2684.95
14743,2021-04-09 10:34:00,2615.85,2615.85,2615.85,2615.85,25,0,2735.8,2335.3,2684.95
14744,2021-04-09 10:35:00,2615.85,2615.85,2615.85,2615.85,25,0,2735.8,2335.3,2684.95
14745,2021-04-09 10:36:00,2615.85,2615.85,2615.85,2615.85,25,0,2735.8,2335.3,2684.95
14746,2021-04-09 10:37:00,2615.85,2615.85,2615.85,2615.85,25,0,2735.8,2335.3,2684.95
14747,2021-04-09 10:38:00,2615.85,2615.85,2615.85,2615.85,25,0,2735.8,2335.3,2684.95
14748,2021-04-09 10:39:00,2615.85,2615.85,2615.85,2615.85,25,0,2735.8,2335.3,2684.95
14749,2021-04-09 10:40:00,2615.85,2615.85,2615.85,2615.85,25,0,2735.8,2335.3,2684.95
14750,2021-04-09 10:41:00,2615.85,2615.85,2615.85,2615.85,25,0,2735.8,2335.3,2684.95
14751,2021-04-09 10:42:00,2615.85,2615.85,2615.85,2615.85,25,0,2735.8,2335.3,2684.95
14752,2021-04-09 10:43:00,2615.85,2615.85,2615.85,2615.85,25,0,2735.8,2335.3,2684.95
14753,2021-04-09 10:44:00,2615.85,2615.85,2615.85,2615.85,25,0,2735.8,2335.3,2684.95
14754,2021-04-09 10:45:00,2462.1,2462.1,2462.1,2462.1,25,0,2462.1,2440.5,2550.2
14755,2021-04-09 10:46:00,2462.1,2462.1,2462.1,2462.1,25,0,2462.1,2440.5,2550.2
14756,2021-04-09 10:47:00,2462.1,2462.1,2462.1,2462.1,25,0,2462.1,2440.5,2550.2
14757,2021-04-09 10:48:00,2462.1,2462.1,2462.1,2462.1,25,0,2462.1,2440.5,2550.2
14758,2021-04-09 10:49:00,2462.1,2462.1,2462.1,2462.1,25,0,2462.1,2440.5,2550.2
14759,2021-04-09 10:50:00,2462.1,2462.1,2462.1,2462.1,25,0,2462.1,2440.5,2550.2
14760,2021-04-09 10:51:00,2462.1,2462.1,2462.1,2462.1,25,0,2462.1,2440.5,2550.2
14761,2021-04-09 10:52:00,2462.1,2462.1,2462.1,2462.1,25,0,2462.1,2440.5,2550.2
14762,2021-04-09 10:53:00,2462.1,2462.1,2462.1,2462.1,25,0,2462.1,2440.5,2550.2
14763,2021-04-09 10:54:00,2462.1,2462.1,2462.1,2462.1,25,0,2462.1,2440.5,2550.2
14764,2021-04-09 10:55:00,2462.1,2462.1,2462.1,2462.1,25,0,2462.1,2440.5,2550.2
14765,2021-04-09 10:56:00,2462.1,2462.1,2462.1,2462.1,25,0,2462.1,2440.5,2550.2
14766,2021-04-09 10:57:00,2462.1,2462.1,2462.1,2462.1,25,0,2462.1,2440.5,2550.2
14767,2021-04-09 10:58:00,2462.1,2462.1,2462.1,2462.1,25,0,2462.1,2440.5,2550.2
14768,2021-04-09 10:59:00,2462.1,2462.1,2462.1,2462.1,25,0,2462.1,2440.5,2550.2
14769,2021-04-09 11:00:00,2462.1,2462.1,2462.1,2462.1,25,0,2462.1,2440.5,2550.2
14770,2021-04-09 11:01:00,2462.1,2462.1,2462.1,2462.1,25,0,2462.1,2440.5,2550.2
14771,2021-04-09 11:02:00,2462.1,2462.1,2462.1,2462.1,25,0,2462.1,2440.5,2550.2
14772,2021-04-09 11:03:00,2462.1,2462.1,2462.1,2462.1,25,0,2462.1,2440.5,2550.2
14773,2021-04-09 11:04:00,2462.1,2462.1,2462.1,2462.1,25,0,2462.1,2440.5,2550.2
14774,2021-04-09 11:05:00,2462.1,2462.1,2462.1,2462.1,25,0,2462.1,2440.5,2550.2
14775,2021-04-09 11:06:00,2462.1,2462.1,2462.1,2462.1,25,0,2462.1,2440.5,2550.2
14776,2021-04-09 11:07:00,2462.1,2462.1,2462.1,2462.1,25,0,2462.1,2440.5,2550.2
14777,2021-04-09 11:08:00,2462.1,2462.1,2462.1,2462.1,25,0,2462.1,2440.5,2550.2
14778,2021-04-09 11:09:00,2462.1,2462.1,2462.1,2462.1,25,0,2462.1,2440.5,2550.2
14779,2021-04-09 11:10:00,2462.1,2462.1,2462.1,2462.1,25,0,2462.1,2440.5,2550.2
14780,2021-04-09 11:11:00,2462.1,2462.1,2462.1,2462.1,25,0,2462.1,2440.5,2550.2
14781,2021-04-09 11:12:00,2462.1,2462.1,2462.1,2462.1,25,0,2462.1,2440.5,2550.2
14782,2021-04-09 11:13:00,2462.1,2462.1,2462.1,2462.1,25,0,2462.1,2440.5,2550.2
14783,2021-04-09 11:14:00,2462.1,2462.1,2462.1,2462.1,25,0,2462.1,2440.5,2550.2
14784,2021-04-09 11:15:00,2462.1,2462.1,2462.1,2462.1,25,0,2462.1,2440.5,2550.2
14785,2021-04-09 11:16:00,2462.1,2462.1,2462.1,2462.1,25,0,2462.1,2440.5,2550.2
14786,2021-04-09 11:17:00,2462.1,2462.1,2462.1,2462.1,25,0,2462.1,2440.5,2550.2
14787,2021-04-09 11:18:00,2462.1,2462.1,2462.1,2462.1,25,0,2462.1,2440.5,2550.2
14788,2021-04-09 11:19:00,2462.1,2462.1,2462.1,2462.1,25,0,2462.1,2440.5,2550.2
14789,2021-04-09 11:20:00,2462.1,2462.1,2462.1,2462.1,25,0,2462.1,2440.5,2550.2
14790,2021-04-09 11:21:00,2462.1,2462.1,2462.1,2462.1,25,0,2462.1,2440.5,2550.2
14791,2021-04-09 11:22:00,2462.1,2462.1,2462.1,2462.1,25,0,2462.1,2440.5,2550.2
14792,2021-04-09 11:23:00,2462.1,2462.1,2462.1,2462.1,25,0,2462.1,2440.5,2550.2
14793,2021-04-09 11:24:00,2462.1,2462.1,2462.1,2462.1,25,0,2462.1,2440.5,2550.2
14794,2021-04-09 11:25:00,2462.1,2462.1,2462.1,2462.1,25,0,2462.1,2440.5,2550.2
14795,2021-04-09 11:26:00,2462.1,2462.1,2462.1,2462.1,25,0,2462.1,2440.5,2550.2
14796,2021-04-09 11:27:00,2462.1,2462.1,2462.1,2462.1,25,0,2462.1,2440.5,2550.2
14797,2021-04-09 11:28:00,2462.1,2462.1,2462.1,2462.1,25,0,2462.1,2440.5,2550.2
14798,2021-04-09 11:29:00,2462.1,2462.1,2462.1,2462.1,25,0,2462.1,2440.5,2550.2
14799,2021-04-09 11:30:00,2462.1,2462.1,2462.1,2462.1,25,0,2462.1,2440.5,2550.2
14800,2021-04-09 11:31:00,2462.1,2462.1,2462.1,2462.1,25,0,2462.1,2440.5,2550.2
14801,2021-04-09 11:32:00,2462.1,2462.1,2462.1,2462.1,25,0,2462.1,2440.5,2550.2
14802,2021-04-09 11:33:00,2462.1,2462.1,2462.1,2462.1,25,0,2462.1,2440.5,2550.2
14803,2021-04-09 11:34:00,2462.1,2462.1,2462.1,2462.1,25,0,2462.1,2440.5,2550.2
14804,2021-04-09 11:35:00,2462.1,2462.1,2462.1,2462.1,25,0,2462.1,2440.5,2550.2
14805,2021-04-09 11:36:00,2462.1,2462.1,2462.1,2462.1,25,0,2462.1,2440.5,2550.2
14806,2021-04-09 11:37:00,2462.1,2462.1,2462.1,2462.1,25,0,2462.1,2440.5,2550.2
14807,2021-04-09 11:38:00,2462.1,2462.1,2462.1,2462.1,25,0,2462.1,2440.5,2550.2
14808,2021-04-09 11:39:00,2462.1,2462.1,2462.1,2462.1,25,0,2462.1,2440.5,2550.2
14809,2021-04-09 11:40:00,2462.1,2462.1,2462.1,2462.1,25,0,2462.1,2440.5,2550.2
14810,2021-04-09 11:41:00,2462.1,2462.1,2462.1,2462.1,25,0,2462.1,2440.5,2550.2
14811,2021-04-09 11:42:00,2462.1,2462.1,2462.1,2462.1,25,0,2462.1,2440.5,2550.2
14812,2021-04-09 11:43:00,2462.1,2462.1,2462.1,2462.1,25,0,2462.1,2440.5,2550.2
14813,2021-04-09 11:44:00,2462.1,2462.1,2462.1,2462.1,25,0,2462.1,2440.5,2550.2
14814,2021-04-09 11:45:00,2462.1,2462.1,2462.1,2462.1,25,0,2462.1,2440.5,2550.2
14815,2021-04-09 11:46:00,2462.1,2462.1,2462.1,2462.1,25,0,2462.1,2440.5,2550.2
14816,2021-04-09 11:47:00,2462.1,2462.1,2462.1,2462.1,25,0,2462.1,2440.5,2550.2
14817,2021-04-09 11:48:00,2462.1,2462.1,2462.1,2462.1,25,0,2462.1,2440.5,2550.2
14818,2021-04-09 11:49:00,2462.1,2462.1,2462.1,2462.1,25,0,2462.1,2440.5,2550.2
14819,2021-04-09 11:50:00,2462.1,2462.1,2462.1,2462.1,25,0,2462.1,2440.5,2550.2
14820,2021-04-09 11:51:00,2462.1,2462.1,2462.1,2462.1,25,0,2462.1,2440.5,2550.2
14821,2021-04-09 11:52:00,2462.1,2462.1,2462.1,2462.1,25,0,2462.1,2440.5,2550.2
14822,2021-04-09 11:53:00,2462.1,2462.1,2462.1,2462.1,25,0,2462.1,2440.5,2550.2
14823,2021-04-09 11:54:00,2462.1,2462.1,2462.1,2462.1,25,0,2462.1,2440.5,2550.2
14824,2021-04-09 11:55:00,2462.1,2462.1,2462.1,2462.1,25,0,2462.1,2440.5,2550.2
14825,2021-04-09 11:56:00,2462.1,2462.1,2462.1,2462.1,25,0,2462.1,2440.5,2550.2
14826,2021-04-09 11:57:00,2462.1,2462.1,2462.1,2462.1,25,0,2462.1,2440.5,2550.2
14827,2021-04-09 11:58:00,2462.1,2462.1,2462.1,2462.1,25,0,2462.1,2440.5,2550.2
14828,2021-04-09 11:59:00,2462.1,2462.1,2462.1,2462.1,25,0,2462.1,2440.5,2550.2
14829,2021-04-09 12:00:00,2462.1,2462.1,2462.1,2462.1,25,0,2462.1,2440.5,2550.2
14830,2021-04-09 12:01:00,2462.1,2462.1,2462.1,2462.1,25,0,2462.1,2440.5,2550.2
14831,2021-04-09 12:02:00,2462.1,2462.1,2462.1,2462.1,25,0,2462.1,2440.5,2550.2
14832,2021-04-09 12:03:00,2462.1,2462.1,2462.1,2462.1,25,0,2462.1,2440.5,2550.2
14833,2021-04-09 12:04:00,2462.1,2462.1,2462.1,2462.1,25,0,2462.1,2440.5,2550.2
14834,2021-04-09 12:05:00,2462.1,2462.1,2462.1,2462.1,25,0,2462.1,2440.5,2550.2
14835,2021-04-09 12:06:00,2462.1,2462.1,2462.1,2462.1,25,0,2462.1,2440.5,2550.2
14836,2021-04-09 12:07:00,2462.1,2462.1,2462.1,2462.1,25,0,2462.1,2440.5,2550.2
14837,2021-04-09 12:08:00,2462.1,2462.1,2462.1,2462.1,25,0,2462.1,2440.5,2550.2
14838,2021-04-09 12:09:00,2462.1,2462.1,2462.1,2462.1,25,0,2462.1,2440.5,2550.2
14839,2021-04-09 12:10:00,2462.1,2462.1,2462.1,2462.1,25,0,2462.1,2440.5,2550.2
14840,2021-04-09 12:11:00,2462.1,2462.1,2462.1,2462.1,25,0,2462.1,2440.5,2550.2
14841,2021-04-09 12:12:00,2462.1,2462.1,2462.1,2462.1,25,0,2462.1,2440.5,2550.2
14842,2021-04-09 12:13:00,2462.1,2462.1,2462.1,2462.1,25,0,2462.1,2440.5,2550.2
14843,2021-04-09 12:14:00,2462.1,2462.1,2462.1,2462.1,25,0,2462.1,2440.5,2550.2
14844,2021-04-09 12:15:00,2462.1,2462.1,2462.1,2462.1,25,0,2462.1,2440.5,2550.2
14845,2021-04-09 12:16:00,2462.1,2462.1,2462.1,2462.1,25,0,2462.1,2440.5,2550.2
14846,2021-04-09 12:17:00,2462.1,2462.1,2462.1,2462.1,25,0,2462.1,2440.5,2550.2
14847,2021-04-09 12:18:00,2462.1,2462.1,2462.1,2462.1,25,0,2462.1,2440.5,2550.2
14848,2021-04-09 12:19:00,2462.1,2462.1,2462.1,2462.1,25,0,2462.1,2440.5,2550.2
14849,2021-04-09 12:20:00,2462.1,2462.1,2462.1,2462.1,25,0,2462.1,2440.5,2550.2
14850,2021-04-09 12:21:00,2462.1,2462.1,2462.1,2462.1,25,0,2462.1,2440.5,2550.2
14851,2021-04-09 12:22:00,2462.1,2462.1,2462.1,2462.1,25,0,2462.1,2440.5,2550.2
14852,2021-04-09 12:23:00,2462.1,2462.1,2462.1,2462.1,25,0,2462.1,2440.5,2550.2
14853,2021-04-09 12:24:00,2462.1,2462.1,2462.1,2462.1,25,0,2462.1,2440.5,2550.2
14854,2021-04-09 12:25:00,2462.1,2462.1,2462.1,2462.1,25,0,2462.1,2440.5,2550.2
14855,2021-04-09 12:26:00,2462.1,2462.1,2462.1,2462.1,25,0,2462.1,2440.5,2550.2
14856,2021-04-09 12:27:00,2462.1,2462.1,2462.1,2462.1,25,0,2462.1,2440.5,2550.2
14857,2021-04-09 12:28:00,2462.1,2462.1,2462.1,2462.1,25,0,2462.1,2440.5,2550.2
14858,2021-04-09 12:29:00,2462.1,2462.1,2462.1,2462.1,25,0,2462.1,2440.5,2550.2
14859,2021-04-09 12:30:00,2462.1,2462.1,2462.1,2462.1,25,0,2462.1,2440.5,2550.2
14860,2021-04-09 12:31:00,2462.1,2462.1,2462.1,2462.1,25,0,2462.1,2440.5,2550.2
14861,2021-04-09 12:32:00,2462.1,2462.1,2462.1,2462.1,25,0,2462.1,2440.5,2550.2
14862,2021-04-09 12:33:00,2462.1,2462.1,2462.1,2462.1,25,0,2462.1,2440.5,2550.2
14863,2021-04-09 12:34:00,2462.1,2462.1,2462.1,2462.1,25,0,2462.1,2440.5,2550.2
14864,2021-04-09 12:35:00,2462.1,2462.1,2462.1,2462.1,25,0,2462.1,2440.5,2550.2
14865,2021-04-09 12:36:00,2462.1,2462.1,2462.1,2462.1,25,0,2462.1,2440.5,2550.2
14866,2021-04-09 12:37:00,2462.1,2462.1,2462.1,2462.1,25,0,2462.1,2440.5,2550.2
14867,2021-04-09 12:38:00,2462.1,2462.1,2462.1,2462.1,25,0,2462.1,2440.5,2550.2
14868,2021-04-09 12:39:00,2462.1,2462.1,2462.1,2462.1,25,0,2462.1,2440.5,2550.2
14869,2021-04-09 12:40:00,2462.1,2462.1,2462.1,2462.1,25,0,2462.1,2440.5,2550.2
14870,2021-04-09 12:41:00,2462.1,2462.1,2462.1,2462.1,25,0,2462.1,2440.5,2550.2
14871,2021-04-09 12:42:00,2462.1,2462.1,2462.1,2462.1,25,0,2462.1,2440.5,2550.2
14872,2021-04-09 12:43:00,2462.1,2462.1,2462.1,2462.1,25,0,2462.1,2440.5,2550.2
14873,2021-04-09 12:44:00,2462.1,2462.1,2462.1,2462.1,25,0,2462.1,2440.5,2550.2
14874,2021-04-09 12:45:00,2462.1,2462.1,2462.1,2462.1,25,0,2462.1,2440.5,2550.2
14875,2021-04-09 12:46:00,2462.1,2462.1,2462.1,2462.1,25,0,2462.1,2440.5,2550.2
14876,2021-04-09 12:47:00,2462.1,2462.1,2462.1,2462.1,25,0,2462.1,2440.5,2550.2
14877,2021-04-09 12:48:00,2462.1,2462.1,2462.1,2462.1,25,0,2462.1,2440.5,2550.2
14878,2021-04-09 12:49:00,2462.1,2462.1,2462.1,2462.1,25,0,2462.1,2440.5,2550.2
14879,2021-04-09 12:50:00,2462.1,2462.1,2462.1,2462.1,25,0,2462.1,2440.5,2550.2
14880,2021-04-09 12:51:00,2462.1,2462.1,2462.1,2462.1,25,0,2462.1,2440.5,2550.2
14881,2021-04-09 12:52:00,2462.1,2462.1,2462.1,2462.1,25,0,2462.1,2440.5,2550.2
14882,2021-04-09 12:53:00,2462.1,2462.1,2462.1,2462.1,25,0,2462.1,2440.5,2550.2
14883,2021-04-09 12:54:00,2462.1,2462.1,2462.1,2462.1,25,0,2462.1,2440.5,2550.2
14884,2021-04-09 12:55:00,2462.1,2462.1,2462.1,2462.1,25,0,2462.1,2440.5,2550.2
14885,2021-04-09 12:56:00,2462.1,2462.1,2462.1,2462.1,25,0,2462.1,2440.5,2550.2
14886,2021-04-09 12:57:00,2462.1,2462.1,2462.1,2462.1,25,0,2462.1,2440.5,2550.2
14887,2021-04-09 12:58:00,2462.1,2462.1,2462.1,2462.1,25,0,2462.1,2440.5,2550.2
14888,2021-04-09 12:59:00,2462.1,2462.1,2462.1,2462.1,25,0,2462.1,2440.5,2550.2
14889,2021-04-09 13:00:00,2462.1,2462.1,2462.1,2462.1,25,0,2462.1,2440.5,2550.2
14890,2021-04-09 13:01:00,2462.1,2462.1,2462.1,2462.1,25,0,2462.1,2440.5,2550.2
14891,2021-04-09 13:02:00,2462.1,2462.1,2462.1,2462.1,25,0,2462.1,2440.5,2550.2
14892,2021-04-09 13:03:00,2462.1,2462.1,2462.1,2462.1,25,0,2462.1,2440.5,2550.2
14893,2021-04-09 13:04:00,2462.1,2462.1,2462.1,2462.1,25,0,2462.1,2440.5,2550.2
14894,2021-04-09 13:05:00,2462.1,2462.1,2462.1,2462.1,25,0,2462.1,2440.5,2550.2
14895,2021-04-09 13:06:00,2462.1,2462.1,2462.1,2462.1,25,0,2462.1,2440.5,2550.2
14896,2021-04-09 13:07:00,2462.1,2462.1,2462.1,2462.1,25,0,2462.1,2440.5,2550.2
14897,2021-04-09 13:08:00,2462.1,2462.1,2462.1,2462.1,25,0,2462.1,2440.5,2550.2
14898,2021-04-09 13:09:00,2462.1,2462.1,2462.1,2462.1,25,0,2462.1,2440.5,2550.2
14899,2021-04-09 13:10:00,2462.1,2462.1,2462.1,2462.1,25,0,2462.1,2440.5,2550.2
14900,2021-04-09 13:11:00,2462.1,2462.1,2462.1,2462.1,25,0,2462.1,2440.5,2550.2
14901,2021-04-09 13:12:00,2462.1,2462.1,2462.1,2462.1,25,0,2462.1,2440.5,2550.2
14902,2021-04-09 13:13:00,2462.1,2462.1,2462.1,2462.1,25,0,2462.1,2440.5,2550.2
14903,2021-04-09 13:14:00,2462.1,2462.1,2462.1,2462.1,25,0,2462.1,2440.5,2550.2
14904,2021-04-09 13:15:00,2462.1,2462.1,2462.1,2462.1,25,0,2462.1,2440.5,2550.2
14905,2021-04-09 13:16:00,2462.1,2462.1,2462.1,2462.1,25,0,2462.1,2440.5,2550.2
14906,2021-04-09 13:17:00,2462.1,2462.1,2462.1,2462.1,25,0,2462.1,2440.5,2550.2
14907,2021-04-09 13:18:00,2462.1,2462.1,2462.1,2462.1,25,0,2462.1,2440.5,2550.2
14908,2021-04-09 13:19:00,2462.1,2462.1,2462.1,2462.1,25,0,2462.1,2440.5,2550.2
14909,2021-04-09 13:20:00,2462.1,2462.1,2462.1,2462.1,25,0,2462.1,2440.5,2550.2
14910,2021-04-09 13:21:00,2462.1,2462.1,2462.1,2462.1,25,0,2462.1,2440.5,2550.2
14911,2021-04-09 13:22:00,2462.1,2462.1,2462.1,2462.1,25,0,2462.1,2440.5,2550.2
14912,2021-04-09 13:23:00,2462.1,2462.1,2462.1,2462.1,25,0,2462.1,2440.5,2550.2
14913,2021-04-09 13:24:00,2462.1,2462.1,2462.1,2462.1,25,0,2462.1,2440.5,2550.2
14914,2021-04-09 13:25:00,2462.1,2462.1,2462.1,2462.1,25,0,2462.1,2440.5,2550.2
14915,2021-04-09 13:26:00,2462.1,2462.1,2462.1,2462.1,25,0,2462.1,2440.5,2550.2
14916,2021-04-09 13:27:00,2462.1,2462.1,2462.1,2462.1,25,0,2462.1,2440.5,2550.2
14917,2021-04-09 13:28:00,2462.1,2462.1,2462.1,2462.1,25,0,2462.1,2440.5,2550.2
14918,2021-04-09 13:29:00,2462.1,2462.1,2462.1,2462.1,25,0,2462.1,2440.5,2550.2
14919,2021-04-09 13:30:00,2462.1,2462.1,2462.1,2462.1,25,0,2462.1,2440.5,2550.2
14920,2021-04-09 13:31:00,2462.1,2462.1,2462.1,2462.1,25,0,2462.1,2440.5,2550.2
14921,2021-04-09 13:32:00,2462.1,2462.1,2462.1,2462.1,25,0,2462.1,2440.5,2550.2
14922,2021-04-09 13:33:00,2462.1,2462.1,2462.1,2462.1,25,0,2462.1,2440.5,2550.2
14923,2021-04-09 13:34:00,2462.1,2462.1,2462.1,2462.1,25,0,2462.1,2440.5,2550.2
14924,2021-04-09 13:35:00,2462.1,2462.1,2462.1,2462.1,25,0,2462.1,2440.5,2550.2
14925,2021-04-09 13:36:00,2462.1,2462.1,2462.1,2462.1,25,0,2462.1,2440.5,2550.2
14926,2021-04-09 13:37:00,2462.1,2462.1,2462.1,2462.1,25,0,2462.1,2440.5,2550.2
14927,2021-04-09 13:38:00,2462.1,2462.1,2462.1,2462.1,25,0,2462.1,2440.5,2550.2
14928,2021-04-09 13:39:00,2462.1,2462.1,2462.1,2462.1,25,0,2462.1,2440.5,2550.2
14929,2021-04-09 13:40:00,2462.1,2462.1,2462.1,2462.1,25,0,2462.1,2440.5,2550.2
14930,2021-04-09 13:41:00,2462.1,2462.1,2462.1,2462.1,25,0,2462.1,2440.5,2550.2
14931,2021-04-09 13:42:00,2462.1,2462.1,2462.1,2462.1,25,0,2462.1,2440.5,2550.2
14932,2021-04-09 13:43:00,2462.1,2462.1,2462.1,2462.1,25,0,2462.1,2440.5,2550.2
14933,2021-04-09 13:44:00,2462.1,2462.1,2462.1,2462.1,25,0,2462.1,2440.5,2550.2
14934,2021-04-09 13:45:00,2462.1,2462.1,2462.1,2462.1,25,0,2462.1,2440.5,2550.2
14935,2021-04-09 13:46:00,2462.1,2462.1,2462.1,2462.1,25,0,2462.1,2440.5,2550.2
14936,2021-04-09 13:47:00,2462.1,2462.1,2462.1,2462.1,25,0,2462.1,2440.5,2550.2
14937,2021-04-09 13:48:00,2462.1,2462.1,2462.1,2462.1,25,0,2462.1,2440.5,2550.2
14938,2021-04-09 13:49:00,2462.1,2462.1,2462.1,2462.1,25,0,2462.1,2440.5,2550.2
14939,2021-04-09 13:50:00,2462.1,2462.1,2462.1,2462.1,25,0,2462.1,2440.5,2550.2
14940,2021-04-09 13:51:00,2462.1,2462.1,2462.1,2462.1,25,0,2462.1,2440.5,2550.2
14941,2021-04-09 13:52:00,2462.1,2462.1,2462.1,2462.1,25,0,2462.1,2440.5,2550.2
14942,2021-04-09 13:53:00,2462.1,2462.1,2462.1,2462.1,25,0,2462.1,2440.5,2550.2
14943,2021-04-09 13:54:00,2462.1,2462.1,2462.1,2462.1,25,0,2462.1,2440.5,2550.2
14944,2021-04-09 13:55:00,2462.1,2462.1,2462.1,2462.1,25,0,2462.1,2440.5,2550.2
14945,2021-04-09 13:56:00,2462.1,2462.1,2462.1,2462.1,25,0,2462.1,2440.5,2550.2
14946,2021-04-09 13:57:00,2462.1,2462.1,2462.1,2462.1,25,0,2462.1,2440.5,2550.2
14947,2021-04-09 13:58:00,2462.1,2462.1,2462.1,2462.1,25,0,2462.1,2440.5,2550.2
14948,2021-04-09 13:59:00,2462.1,2462.1,2462.1,2462.1,25,0,2462.1,2440.5,2550.2
14949,2021-04-09 14:00:00,2462.1,2462.1,2462.1,2462.1,25,0,2462.1,2440.5,2550.2
14950,2021-04-09 14:01:00,2462.1,2462.1,2462.1,2462.1,25,0,2462.1,2440.5,2550.2
14951,2021-04-09 14:02:00,2462.1,2462.1,2462.1,2462.1,25,0,2462.1,2440.5,2550.2
14952,2021-04-09 14:03:00,2462.1,2462.1,2462.1,2462.1,25,0,2462.1,2440.5,2550.2
14953,2021-04-09 14:04:00,2462.1,2462.1,2462.1,2462.1,25,0,2462.1,2440.5,2550.2
14954,2021-04-09 14:05:00,2462.1,2462.1,2462.1,2462.1,25,0,2462.1,2440.5,2550.2
14955,2021-04-09 14:06:00,2462.1,2462.1,2462.1,2462.1,25,0,2462.1,2440.5,2550.2
14956,2021-04-09 14:07:00,2462.1,2462.1,2462.1,2462.1,25,0,2462.1,2440.5,2550.2
14957,2021-04-09 14:08:00,2462.1,2462.1,2462.1,2462.1,25,0,2462.1,2440.5,2550.2
14958,2021-04-09 14:09:00,2462.1,2462.1,2462.1,2462.1,25,0,2462.1,2440.5,2550.2
14959,2021-04-09 14:10:00,2462.1,2462.1,2462.1,2462.1,25,0,2462.1,2440.5,2550.2
14960,2021-04-09 14:11:00,2462.1,2462.1,2462.1,2462.1,25,0,2462.1,2440.5,2550.2
14961,2021-04-09 14:12:00,2462.1,2462.1,2462.1,2462.1,25,0,2462.1,2440.5,2550.2
14962,2021-04-09 14:13:00,2462.1,2462.1,2462.1,2462.1,25,0,2462.1,2440.5,2550.2
14963,2021-04-09 14:14:00,2462.1,2462.1,2462.1,2462.1,25,0,2462.1,2440.5,2550.2
14964,2021-04-09 14:15:00,2462.1,2462.1,2462.1,2462.1,25,0,2462.1,2440.5,2550.2
14965,2021-04-09 14:16:00,2462.1,2462.1,2462.1,2462.1,25,0,2462.1,2440.5,2550.2
14966,2021-04-09 14:17:00,2462.1,2462.1,2462.1,2462.1,25,0,2462.1,2440.5,2550.2
14967,2021-04-09 14:18:00,2462.1,2462.1,2462.1,2462.1,25,0,2462.1,2440.5,2550.2
14968,2021-04-09 14:19:00,2462.1,2462.1,2462.1,2462.1,25,0,2462.1,2440.5,2550.2
14969,2021-04-09 14:20:00,2462.1,2462.1,2462.1,2462.1,25,0,2462.1,2440.5,2550.2
14970,2021-04-09 14:21:00,2462.1,2462.1,2462.1,2462.1,25,0,2462.1,2440.5,2550.2
14971,2021-04-09 14:22:00,2462.1,2462.1,2462.1,2462.1,25,0,2462.1,2440.5,2550.2
14972,2021-04-09 14:23:00,2462.1,2462.1,2462.1,2462.1,25,0,2462.1,2440.5,2550.2
14973,2021-04-09 14:24:00,2462.1,2462.1,2462.1,2462.1,25,0,2462.1,2440.5,2550.2
14974,2021-04-09 14:25:00,2462.1,2462.1,2462.1,2462.1,25,0,2462.1,2440.5,2550.2
14975,2021-04-09 14:26:00,2462.1,2462.1,2462.1,2462.1,25,0,2462.1,2440.5,2550.2
14976,2021-04-09 14:27:00,2462.1,2462.1,2462.1,2462.1,25,0,2462.1,2440.5,2550.2
14977,2021-04-09 14:28:00,2462.1,2462.1,2462.1,2462.1,25,0,2462.1,2440.5,2550.2
14978,2021-04-09 14:29:00,2462.1,2462.1,2462.1,2462.1,25,0,2462.1,2440.5,2550.2
14979,2021-04-09 14:30:00,2462.1,2462.1,2462.1,2462.1,25,0,2462.1,2440.5,2550.2
14980,2021-04-09 14:31:00,2462.1,2462.1,2462.1,2462.1,25,0,2462.1,2440.5,2550.2
14981,2021-04-09 14:32:00,2462.1,2462.1,2462.1,2462.1,25,0,2462.1,2440.5,2550.2
14982,2021-04-09 14:33:00,2462.1,2462.1,2462.1,2462.1,25,0,2462.1,2440.5,2550.2
14983,2021-04-09 14:34:00,2462.1,2462.1,2462.1,2462.1,25,0,2462.1,2440.5,2550.2
14984,2021-04-09 14:35:00,2462.1,2462.1,2462.1,2462.1,25,0,2462.1,2440.5,2550.2
14985,2021-04-09 14:36:00,2462.1,2462.1,2462.1,2462.1,25,0,2462.1,2440.5,2550.2
14986,2021-04-09 14:37:00,2462.1,2462.1,2462.1,2462.1,25,0,2462.1,2440.5,2550.2
14987,2021-04-09 14:38:00,2462.1,2462.1,2462.1,2462.1,25,0,2462.1,2440.5,2550.2
14988,2021-04-09 14:39:00,2462.1,2462.1,2462.1,2462.1,25,0,2462.1,2440.5,2550.2
14989,2021-04-09 14:40:00,2462.1,2462.1,2462.1,2462.1,25,0,2462.1,2440.5,2550.2
14990,2021-04-09 14:41:00,2462.1,2462.1,2462.1,2462.1,25,0,2462.1,2440.5,2550.2
14991,2021-04-09 14:42:00,2462.1,2462.1,2462.1,2462.1,25,0,2462.1,2440.5,2550.2
14992,2021-04-09 14:43:00,2462.1,2462.1,2462.1,2462.1,25,0,2462.1,2440.5,2550.2
14993,2021-04-09 14:44:00,2462.1,2462.1,2462.1,2462.1,25,0,2462.1,2440.5,2550.2
14994,2021-04-09 14:45:00,2462.1,2462.1,2462.1,2462.1,25,0,2462.1,2440.5,2550.2
14995,2021-04-09 14:46:00,2462.1,2462.1,2462.1,2462.1,25,0,2462.1,2440.5,2550.2
14996,2021-04-09 14:47:00,2462.1,2462.1,2462.1,2462.1,25,0,2462.1,2440.5,2550.2
14997,2021-04-09 14:48:00,2462.1,2462.1,2462.1,2462.1,25,0,2462.1,2440.5,2550.2
14998,2021-04-09 14:49:00,2462.1,2462.1,2462.1,2462.1,25,0,2462.1,2440.5,2550.2
14999,2021-04-09 14:50:00,2462.1,2462.1,2462.1,2462.1,25,0,2462.1,2440.5,2550.2
15000,2021-04-09 14:51:00,2462.1,2462.1,2462.1,2462.1,25,0,2462.1,2440.5,2550.2
15001,2021-04-09 14:52:00,2462.1,2462.1,2462.1,2462.1,25,0,2462.1,2440.5,2550.2
15002,2021-04-09 14:53:00,2462.1,2462.1,2462.1,2462.1,25,0,2462.1,2440.5,2550.2
15003,2021-04-09 14:54:00,2462.1,2462.1,2462.1,2462.1,25,0,2462.1,2440.5,2550.2
15004,2021-04-09 14:55:00,2462.1,2462.1,2462.1,2462.1,25,0,2462.1,2440.5,2550.2
15005,2021-04-09 14:56:00,2462.1,2462.1,2462.1,2462.1,25,0,2462.1,2440.5,2550.2
15006,2021-04-09 14:57:00,2462.1,2462.1,2462.1,2462.1,25,0,2462.1,2440.5,2550.2
15007,2021-04-09 14:58:00,2462.1,2462.1,2462.1,2462.1,25,0,2462.1,2440.5,2550.2
15008,2021-04-09 14:59:00,2462.1,2462.1,2462.1,2462.1,25,0,2462.1,2440.5,2550.2
15009,2021-04-09 15:00:00,2462.1,2462.1,2462.1,2462.1,25,0,2462.1,2440.5,2550.2
15010,2021-04-09 15:01:00,2462.1,2462.1,2462.1,2462.1,25,0,2462.1,2440.5,2550.2
15011,2021-04-09 15:02:00,2462.1,2462.1,2462.1,2462.1,25,0,2462.1,2440.5,2550.2
15012,2021-04-09 15:03:00,2462.1,2462.1,2462.1,2462.1,25,0,2462.1,2440.5,2550.2
15013,2021-04-09 15:04:00,2462.1,2462.1,2462.1,2462.1,25,0,2462.1,2440.5,2550.2
15014,2021-04-09 15:05:00,2462.1,2462.1,2462.1,2462.1,25,0,2462.1,2440.5,2550.2
15015,2021-04-09 15:06:00,2462.1,2462.1,2462.1,2462.1,25,0,2462.1,2440.5,2550.2
15016,2021-04-09 15:07:00,2462.1,2462.1,2462.1,2462.1,25,0,2462.1,2440.5,2550.2
15017,2021-04-09 15:08:00,2462.1,2462.1,2462.1,2462.1,25,0,2462.1,2440.5,2550.2
15018,2021-04-09 15:09:00,2462.1,2462.1,2462.1,2462.1,25,0,2462.1,2440.5,2550.2
15019,2021-04-09 15:10:00,2462.1,2462.1,2462.1,2462.1,25,0,2462.1,2440.5,2550.2
15020,2021-04-09 15:11:00,2462.1,2462.1,2462.1,2462.1,25,0,2462.1,2440.5,2550.2
15021,2021-04-09 15:12:00,2462.1,2462.1,2462.1,2462.1,25,0,2462.1,2440.5,2550.2
15022,2021-04-09 15:13:00,2462.1,2462.1,2462.1,2462.1,25,0,2462.1,2440.5,2550.2
15023,2021-04-09 15:14:00,2462.1,2462.1,2462.1,2462.1,25,0,2462.1,2440.5,2550.2
15024,2021-04-09 15:15:00,2462.1,2462.1,2462.1,2462.1,25,0,2462.1,2440.5,2550.2
15025,2021-04-09 15:16:00,2462.1,2462.1,2462.1,2462.1,25,0,2462.1,2440.5,2550.2
15026,2021-04-09 15:17:00,2462.1,2462.1,2462.1,2462.1,25,0,2462.1,2440.5,2550.2
15027,2021-04-09 15:18:00,2462.1,2462.1,2462.1,2462.1,25,0,2462.1,2440.5,2550.2
15028,2021-04-09 15:19:00,2462.1,2462.1,2462.1,2462.1,25,0,2462.1,2440.5,2550.2
15029,2021-04-09 15:20:00,2462.1,2462.1,2462.1,2462.1,25,0,2462.1,2440.5,2550.2
15030,2021-04-09 15:21:00,2462.1,2462.1,2462.1,2462.1,25,0,2462.1,2440.5,2550.2
15031,2021-04-09 15:22:00,2462.1,2462.1,2462.1,2462.1,25,0,2462.1,2440.5,2550.2
15032,2021-04-09 15:23:00,2462.1,2462.1,2462.1,2462.1,25,0,2462.1,2440.5,2550.2
15033,2021-04-09 15:24:00,2462.1,2462.1,2462.1,2462.1,25,0,2462.1,2440.5,2550.2
15034,2021-04-09 15:25:00,2462.1,2462.1,2462.1,2462.1,25,0,2462.1,2440.5,2550.2
15035,2021-04-09 15:26:00,2462.1,2462.1,2462.1,2462.1,25,0,2462.1,2440.5,2550.2
15036,2021-04-09 15:27:00,2462.1,2462.1,2462.1,2462.1,25,0,2462.1,2440.5,2550.2
15037,2021-04-09 15:28:00,2462.1,2462.1,2462.1,2462.1,25,0,2462.1,2440.5,2550.2
15038,2021-04-09 15:29:00,2462.1,2462.1,2462.1,2462.1,25,0,2462.1,2440.5,2550.2
15039,2021-04-09 15:30:00,2462.1,2462.1,2462.1,2462.1,25,0,2462.1,2440.5,2550.2
15040,2021-04-10 09:15:00,2462.1,2462.1,2462.1,2462.1,25,0,2462.1,2440.5,2550.2
15041,2021-04-10 09:16:00,2462.1,2462.1,2462.1,2462.1,25,0,2462.1,2440.5,2550.2
15042,2021-04-10 09:17:00,2462.1,2462.1,2462.1,2462.1,25,0,2462.1,2440.5,2550.2
15043,2021-04-10 09:18:00,2462.1,2462.1,2462.1,2462.1,25,0,2462.1,2440.5,2550.2
15044,2021-04-10 09:19:00,2462.1,2462.1,2462.1,2462.1,25,0,2462.1,2440.5,2550.2
15045,2021-04-10 09:20:00,2462.1,2462.1,2462.1,2462.1,25,0,2462.1,2440.5,2550.2
15046,2021-04-10 09:21:00,2462.1,2462.1,2462.1,2462.1,25,0,2462.1,2440.5,2550.2
15047,2021-04-10 09:22:00,2462.1,2462.1,2462.1,2462.1,25,0,2462.1,2440.5,2550.2
15048,2021-04-10 09:23:00,2462.1,2462.1,2462.1,2462.1,25,0,2462.1,2440.5,2550.2
15049,2021-04-10 09:24:00,2462.1,2462.1,2462.1,2462.1,25,0,2462.1,2440.5,2550.2
15050,2021-04-10 09:25:00,2462.1,2462.1,2462.1,2462.1,25,0,2462.1,2440.5,2550.2
15051,2021-04-10 09:26:00,2462.1,2462.1,2462.1,2462.1,25,0,2462.1,2440.5,2550.2
15052,2021-04-10 09:27:00,2462.1,2462.1,2462.1,2462.1,25,0,2462.1,2440.5,2550.2
15053,2021-04-10 09:28:00,2462.1,2462.1,2462.1,2462.1,25,0,2462.1,2440.5,2550.2
15054,2021-04-10 09:29:00,2462.1,2462.1,2462.1,2462.1,25,0,2462.1,2440.5,2550.2
15055,2021-04-10 09:30:00,2462.1,2462.1,2462.1,2462.1,25,0,2462.1,2440.5,2550.2
15056,2021-04-10 09:31:00,2462.1,2462.1,2462.1,2462.1,25,0,2462.1,2440.5,2550.2
15057,2021-04-10 09:32:00,2462.1,2462.1,2462.1,2462.1,25,0,2462.1,2440.5,2550.2
15058,2021-04-10 09:33:00,2462.1,2462.1,2462.1,2462.1,25,0,2462.1,2440.5,2550.2
15059,2021-04-10 09:34:00,2462.1,2462.1,2462.1,2462.1,25,0,2462.1,2440.5,2550.2
15060,2021-04-10 09:35:00,2462.1,2462.1,2462.1,2462.1,25,0,2462.1,2440.5,2550.2
15061,2021-04-10 09:36:00,2462.1,2462.1,2462.1,2462.1,25,0,2462.1,2440.5,2550.2
15062,2021-04-10 09:37:00,2462.1,2462.1,2462.1,2462.1,25,0,2462.1,2440.5,2550.2
15063,2021-04-10 09:38:00,2462.1,2462.1,2462.1,2462.1,25,0,2462.1,2440.5,2550.2
15064,2021-04-10 09:39:00,2462.1,2462.1,2462.1,2462.1,25,0,2462.1,2440.5,2550.2
15065,2021-04-10 09:40:00,2462.1,2462.1,2462.1,2462.1,25,0,2462.1,2440.5,2550.2
15066,2021-04-10 09:41:00,2462.1,2462.1,2462.1,2462.1,25,0,2462.1,2440.5,2550.2
15067,2021-04-10 09:42:00,2462.1,2462.1,2462.1,2462.1,25,0,2462.1,2440.5,2550.2
15068,2021-04-10 09:43:00,2462.1,2462.1,2462.1,2462.1,25,0,2462.1,2440.5,2550.2
15069,2021-04-10 09:44:00,2462.1,2462.1,2462.1,2462.1,25,0,2462.1,2440.5,2550.2
15070,2021-04-10 09:45:00,2462.1,2462.1,2462.1,2462.1,25,0,2462.1,2440.5,2550.2
15071,2021-04-10 09:46:00,2462.1,2462.1,2462.1,2462.1,25,0,2462.1,2440.5,2550.2
15072,2021-04-10 09:47:00,2462.1,2462.1,2462.1,2462.1,25,0,2462.1,2440.5,2550.2
15073,2021-04-10 09:48:00,2462.1,2462.1,2462.1,2462.1,25,0,2462.1,2440.5,2550.2
15074,2021-04-10 09:49:00,2462.1,2462.1,2462.1,2462.1,25,0,2462.1,2440.5,2550.2
15075,2021-04-10 09:50:00,2462.1,2462.1,2462.1,2462.1,25,0,2462.1,2440.5,2550.2
15076,2021-04-10 09:51:00,2462.1,2462.1,2462.1,2462.1,25,0,2462.1,2440.5,2550.2
15077,2021-04-10 09:52:00,2462.1,2462.1,2462.1,2462.1,25,0,2462.1,2440.5,2550.2
15078,2021-04-10 09:53:00,2462.1,2462.1,2462.1,2462.1,25,0,2462.1,2440.5,2550.2
15079,2021-04-10 09:54:00,2462.1,2462.1,2462.1,2462.1,25,0,2462.1,2440.5,2550.2
15080,2021-04-10 09:55:00,2462.1,2462.1,2462.1,2462.1,25,0,2462.1,2440.5,2550.2
15081,2021-04-10 09:56:00,2462.1,2462.1,2462.1,2462.1,25,0,2462.1,2440.5,2550.2
15082,2021-04-10 09:57:00,2462.1,2462.1,2462.1,2462.1,25,0,2462.1,2440.5,2550.2
15083,2021-04-10 09:58:00,2462.1,2462.1,2462.1,2462.1,25,0,2462.1,2440.5,2550.2
15084,2021-04-10 09:59:00,2462.1,2462.1,2462.1,2462.1,25,0,2462.1,2440.5,2550.2
15085,2021-04-10 10:00:00,2462.1,2462.1,2462.1,2462.1,25,0,2462.1,2440.5,2550.2
15086,2021-04-10 10:01:00,2462.1,2462.1,2462.1,2462.1,25,0,2462.1,2440.5,2550.2
15087,2021-04-10 10:02:00,2462.1,2462.1,2462.1,2462.1,25,0,2462.1,2440.5,2550.2
15088,2021-04-10 10:03:00,2462.1,2462.1,2462.1,2462.1,25,0,2462.1,2440.5,2550.2
15089,2021-04-10 10:04:00,2462.1,2462.1,2462.1,2462.1,25,0,2462.1,2440.5,2550.2
15090,2021-04-10 10:05:00,2462.1,2462.1,2462.1,2462.1,25,0,2462.1,2440.5,2550.2
15091,2021-04-10 10:06:00,2462.1,2462.1,2462.1,2462.1,25,0,2462.1,2440.5,2550.2
15092,2021-04-10 10:07:00,2462.1,2462.1,2462.1,2462.1,25,0,2462.1,2440.5,2550.2
15093,2021-04-10 10:08:00,2462.1,2462.1,2462.1,2462.1,25,0,2462.1,2440.5,2550.2
15094,2021-04-10 10:09:00,2462.1,2462.1,2462.1,2462.1,25,0,2462.1,2440.5,2550.2
15095,2021-04-10 10:10:00,2462.1,2462.1,2462.1,2462.1,25,0,2462.1,2440.5,2550.2
15096,2021-04-10 10:11:00,2462.1,2462.1,2462.1,2462.1,25,0,2462.1,2440.5,2550.2
15097,2021-04-10 10:12:00,2462.1,2462.1,2462.1,2462.1,25,0,2462.1,2440.5,2550.2
15098,2021-04-10 10:13:00,2462.1,2462.1,2462.1,2462.1,25,0,2462.1,2440.5,2550.2
15099,2021-04-10 10:14:00,2462.1,2462.1,2462.1,2462.1,25,0,2462.1,2440.5,2550.2
15100,2021-04-10 10:15:00,2462.1,2462.1,2462.1,2462.1,25,0,2462.1,2440.5,2550.2
15101,2021-04-10 10:16:00,2462.1,2462.1,2462.1,2462.1,25,0,2462.1,2440.5,2550.2
15102,2021-04-10 10:17:00,2462.1,2462.1,2462.1,2462.1,25,0,2462.1,2440.5,2550.2
15103,2021-04-10 10:18:00,2462.1,2462.1,2462.1,2462.1,25,0,2462.1,2440.5,2550.2
15104,2021-04-10 10:19:00,2462.1,2462.1,2462.1,2462.1,25,0,2462.1,2440.5,2550.2
15105,2021-04-10 10:20:00,2462.1,2462.1,2462.1,2462.1,25,0,2462.1,2440.5,2550.2
15106,2021-04-10 10:21:00,2462.1,2462.1,2462.1,2462.1,25,0,2462.1,2440.5,2550.2
15107,2021-04-10 10:22:00,2462.1,2462.1,2462.1,2462.1,25,0,2462.1,2440.5,2550.2
15108,2021-04-10 10:23:00,2462.1,2462.1,2462.1,2462.1,25,0,2462.1,2440.5,2550.2
15109,2021-04-10 10:24:00,2462.1,2462.1,2462.1,2462.1,25,0,2462.1,2440.5,2550.2
15110,2021-04-10 10:25:00,2462.1,2462.1,2462.1,2462.1,25,0,2462.1,2440.5,2550.2
15111,2021-04-10 10:26:00,2462.1,2462.1,2462.1,2462.1,25,0,2462.1,2440.5,2550.2
15112,2021-04-10 10:27:00,2462.1,2462.1,2462.1,2462.1,25,0,2462.1,2440.5,2550.2
15113,2021-04-10 10:28:00,2462.1,2462.1,2462.1,2462.1,25,0,2462.1,2440.5,2550.2
15114,2021-04-10 10:29:00,2462.1,2462.1,2462.1,2462.1,25,0,2462.1,2440.5,2550.2
15115,2021-04-10 10:30:00,2462.1,2462.1,2462.1,2462.1,25,0,2462.1,2440.5,2550.2
15116,2021-04-10 10:31:00,2462.1,2462.1,2462.1,2462.1,25,0,2462.1,2440.5,2550.2
15117,2021-04-10 10:32:00,2462.1,2462.1,2462.1,2462.1,25,0,2462.1,2440.5,2550.2
15118,2021-04-10 10:33:00,2462.1,2462.1,2462.1,2462.1,25,0,2462.1,2440.5,2550.2
15119,2021-04-10 10:34:00,2462.1,2462.1,2462.1,2462.1,25,0,2462.1,2440.5,2550.2
15120,2021-04-10 10:35:00,2462.1,2462.1,2462.1,2462.1,25,0,2462.1,2440.5,2550.2
15121,2021-04-10 10:36:00,2462.1,2462.1,2462.1,2462.1,25,0,2462.1,2440.5,2550.2
15122,2021-04-10 10:37:00,2462.1,2462.1,2462.1,2462.1,25,0,2462.1,2440.5,2550.2
15123,2021-04-10 10:38:00,2462.1,2462.1,2462.1,2462.1,25,0,2462.1,2440.5,2550.2
15124,2021-04-10 10:39:00,2462.1,2462.1,2462.1,2462.1,25,0,2462.1,2440.5,2550.2
15125,2021-04-10 10:40:00,2462.1,2462.1,2462.1,2462.1,25,0,2462.1,2440.5,2550.2
15126,2021-04-10 10:41:00,2462.1,2462.1,2462.1,2462.1,25,0,2462.1,2440.5,2550.2
15127,2021-04-10 10:42:00,2462.1,2462.1,2462.1,2462.1,25,0,2462.1,2440.5,2550.2
15128,2021-04-10 10:43:00,2462.1,2462.1,2462.1,2462.1,25,0,2462.1,2440.5,2550.2
15129,2021-04-10 10:44:00,2462.1,2462.1,2462.1,2462.1,25,0,2462.1,2440.5,2550.2
15130,2021-04-10 10:45:00,2462.1,2462.1,2462.1,2462.1,25,0,2462.1,2440.5,2550.2
15131,2021-04-10 10:46:00,2462.1,2462.1,2462.1,2462.1,25,0,2462.1,2440.5,2550.2
15132,2021-04-10 10:47:00,2462.1,2462.1,2462.1,2462.1,25,0,2462.1,2440.5,2550.2
15133,2021-04-10 10:48:00,2462.1,2462.1,2462.1,2462.1,25,0,2462.1,2440.5,2550.2
15134,2021-04-10 10:49:00,2462.1,2462.1,2462.1,2462.1,25,0,2462.1,2440.5,2550.2
15135,2021-04-10 10:50:00,2462.1,2462.1,2462.1,2462.1,25,0,2462.1,2440.5,2550.2
15136,2021-04-10 10:51:00,2462.1,2462.1,2462.1,2462.1,25,0,2462.1,2440.5,2550.2
15137,2021-04-10 10:52:00,2462.1,2462.1,2462.1,2462.1,25,0,2462.1,2440.5,2550.2
15138,2021-04-10 10:53:00,2462.1,2462.1,2462.1,2462.1,25,0,2462.1,2440.5,2550.2
15139,2021-04-10 10:54:00,2462.1,2462.1,2462.1,2462.1,25,0,2462.1,2440.5,2550.2
15140,2021-04-10 10:55:00,2462.1,2462.1,2462.1,2462.1,25,0,2462.1,2440.5,2550.2
15141,2021-04-10 10:56:00,2462.1,2462.1,2462.1,2462.1,25,0,2462.1,2440.5,2550.2
15142,2021-04-10 10:57:00,2462.1,2462.1,2462.1,2462.1,25,0,2462.1,2440.5,2550.2
15143,2021-04-10 10:58:00,2462.1,2462.1,2462.1,2462.1,25,0,2462.1,2440.5,2550.2
15144,2021-04-10 10:59:00,2462.1,2462.1,2462.1,2462.1,25,0,2462.1,2440.5,2550.2
15145,2021-04-10 11:00:00,2462.1,2462.1,2462.1,2462.1,25,0,2462.1,2440.5,2550.2
15146,2021-04-10 11:01:00,2462.1,2462.1,2462.1,2462.1,25,0,2462.1,2440.5,2550.2
15147,2021-04-10 11:02:00,2462.1,2462.1,2462.1,2462.1,25,0,2462.1,2440.5,2550.2
15148,2021-04-10 11:03:00,2462.1,2462.1,2462.1,2462.1,25,0,2462.1,2440.5,2550.2
15149,2021-04-10 11:04:00,2462.1,2462.1,2462.1,2462.1,25,0,2462.1,2440.5,2550.2
15150,2021-04-10 11:05:00,2462.1,2462.1,2462.1,2462.1,25,0,2462.1,2440.5,2550.2
15151,2021-04-10 11:06:00,2462.1,2462.1,2462.1,2462.1,25,0,2462.1,2440.5,2550.2
15152,2021-04-10 11:07:00,2462.1,2462.1,2462.1,2462.1,25,0,2462.1,2440.5,2550.2
15153,2021-04-10 11:08:00,2462.1,2462.1,2462.1,2462.1,25,0,2462.1,2440.5,2550.2
15154,2021-04-10 11:09:00,2462.1,2462.1,2462.1,2462.1,25,0,2462.1,2440.5,2550.2
15155,2021-04-10 11:10:00,2462.1,2462.1,2462.1,2462.1,25,0,2462.1,2440.5,2550.2
15156,2021-04-10 11:11:00,2462.1,2462.1,2462.1,2462.1,25,0,2462.1,2440.5,2550.2
15157,2021-04-10 11:12:00,2462.1,2462.1,2462.1,2462.1,25,0,2462.1,2440.5,2550.2
15158,2021-04-10 11:13:00,2462.1,2462.1,2462.1,2462.1,25,0,2462.1,2440.5,2550.2
15159,2021-04-10 11:14:00,2462.1,2462.1,2462.1,2462.1,25,0,2462.1,2440.5,2550.2
15160,2021-04-10 11:15:00,2462.1,2462.1,2462.1,2462.1,25,0,2462.1,2440.5,2550.2
15161,2021-04-10 11:16:00,2462.1,2462.1,2462.1,2462.1,25,0,2462.1,2440.5,2550.2
15162,2021-04-10 11:17:00,2462.1,2462.1,2462.1,2462.1,25,0,2462.1,2440.5,2550.2
15163,2021-04-10 11:18:00,2462.1,2462.1,2462.1,2462.1,25,0,2462.1,2440.5,2550.2
15164,2021-04-10 11:19:00,2462.1,2462.1,2462.1,2462.1,25,0,2462.1,2440.5,2550.2
15165,2021-04-10 11:20:00,2462.1,2462.1,2462.1,2462.1,25,0,2462.1,2440.5,2550.2
15166,2021-04-10 11:21:00,2462.1,2462.1,2462.1,2462.1,25,0,2462.1,2440.5,2550.2
15167,2021-04-10 11:22:00,2462.1,2462.1,2462.1,2462.1,25,0,2462.1,2440.5,2550.2
15168,2021-04-10 11:23:00,2462.1,2462.1,2462.1,2462.1,25,0,2462.1,2440.5,2550.2
15169,2021-04-10 11:24:00,2462.1,2462.1,2462.1,2462.1,25,0,2462.1,2440.5,2550.2
15170,2021-04-10 11:25:00,2462.1,2462.1,2462.1,2462.1,25,0,2462.1,2440.5,2550.2
15171,2021-04-10 11:26:00,2462.1,2462.1,2462.1,2462.1,25,0,2462.1,2440.5,2550.2
15172,2021-04-10 11:27:00,2462.1,2462.1,2462.1,2462.1,25,0,2462.1,2440.5,2550.2
15173,2021-04-10 11:28:00,2462.1,2462.1,2462.1,2462.1,25,0,2462.1,2440.5,2550.2
15174,2021-04-10 11:29:00,2462.1,2462.1,2462.1,2462.1,25,0,2462.1,2440.5,2550.2
15175,2021-04-10 11:30:00,2462.1,2462.1,2462.1,2462.1,25,0,2462.1,2440.5,2550.2
15176,2021-04-10 11:31:00,2462.1,2462.1,2462.1,2462.1,25,0,2462.1,2440.5,2550.2
15177,2021-04-10 11:32:00,2462.1,2462.1,2462.1,2462.1,25,0,2462.1,2440.5,2550.2
15178,2021-04-10 11:33:00,2462.1,2462.1,2462.1,2462.1,25,0,2462.1,2440.5,2550.2
15179,2021-04-10 11:34:00,2462.1,2462.1,2462.1,2462.1,25,0,2462.1,2440.5,2550.2
15180,2021-04-10 11:35:00,2462.1,2462.1,2462.1,2462.1,25,0,2462.1,2440.5,2550.2
15181,2021-04-10 11:36:00,2462.1,2462.1,2462.1,2462.1,25,0,2462.1,2440.5,2550.2
15182,2021-04-10 11:37:00,2462.1,2462.1,2462.1,2462.1,25,0,2462.1,2440.5,2550.2
15183,2021-04-10 11:38:00,2462.1,2462.1,2462.1,2462.1,25,0,2462.1,2440.5,2550.2
15184,2021-04-10 11:39:00,2462.1,2462.1,2462.1,2462.1,25,0,2462.1,2440.5,2550.2
15185,2021-04-10 11:40:00,2462.1,2462.1,2462.1,2462.1,25,0,2462.1,2440.5,2550.2
15186,2021-04-10 11:41:00,2462.1,2462.1,2462.1,2462.1,25,0,2462.1,2440.5,2550.2
15187,2021-04-10 11:42:00,2462.1,2462.1,2462.1,2462.1,25,0,2462.1,2440.5,2550.2
15188,2021-04-10 11:43:00,2462.1,2462.1,2462.1,2462.1,25,0,2462.1,2440.5,2550.2
15189,2021-04-10 11:44:00,2462.1,2462.1,2462.1,2462.1,25,0,2462.1,2440.5,2550.2
15190,2021-04-10 11:45:00,2462.1,2462.1,2462.1,2462.1,25,0,2462.1,2440.5,2550.2
15191,2021-04-10 11:46:00,2462.1,2462.1,2462.1,2462.1,25,0,2462.1,2440.5,2550.2
15192,2021-04-10 11:47:00,2462.1,2462.1,2462.1,2462.1,25,0,2462.1,2440.5,2550.2
15193,2021-04-10 11:48:00,2462.1,2462.1,2462.1,2462.1,25,0,2462.1,2440.5,2550.2
15194,2021-04-10 11:49:00,2462.1,2462.1,2462.1,2462.1,25,0,2462.1,2440.5,2550.2
15195,2021-04-10 11:50:00,2462.1,2462.1,2462.1,2462.1,25,0,2462.1,2440.5,2550.2
15196,2021-04-10 11:51:00,2462.1,2462.1,2462.1,2462.1,25,0,2462.1,2440.5,2550.2
15197,2021-04-10 11:52:00,2462.1,2462.1,2462.1,2462.1,25,0,2462.1,2440.5,2550.2
15198,2021-04-10 11:53:00,2462.1,2462.1,2462.1,2462.1,25,0,2462.1,2440.5,2550.2
15199,2021-04-10 11:54:00,2462.1,2462.1,2462.1,2462.1,25,0,2462.1,2440.5,2550.2
15200,2021-04-10 11:55:00,2462.1,2462.1,2462.1,2462.1,25,0,2462.1,2440.5,2550.2
15201,2021-04-10 11:56:00,2462.1,2462.1,2462.1,2462.1,25,0,2462.1,2440.5,2550.2
15202,2021-04-10 11:57:00,2462.1,2462.1,2462.1,2462.1,25,0,2462.1,2440.5,2550.2
15203,2021-04-10 11:58:00,2462.1,2462.1,2462.1,2462.1,25,0,2462.1,2440.5,2550.2
15204,2021-04-10 11:59:00,2462.1,2462.1,2462.1,2462.1,25,0,2462.1,2440.5,2550.2
15205,2021-04-10 12:00:00,2462.1,2462.1,2462.1,2462.1,25,0,2462.1,2440.5,2550.2
15206,2021-04-10 12:01:00,2462.1,2462.1,2462.1,2462.1,25,0,2462.1,2440.5,2550.2
15207,2021-04-10 12:02:00,2462.1,2462.1,2462.1,2462.1,25,0,2462.1,2440.5,2550.2
15208,2021-04-10 12:03:00,2462.1,2462.1,2462.1,2462.1,25,0,2462.1,2440.5,2550.2
15209,2021-04-10 12:04:00,2462.1,2462.1,2462.1,2462.1,25,0,2462.1,2440.5,2550.2
15210,2021-04-10 12:05:00,2462.1,2462.1,2462.1,2462.1,25,0,2462.1,2440.5,2550.2
15211,2021-04-10 12:06:00,2462.1,2462.1,2462.1,2462.1,25,0,2462.1,2440.5,2550.2
15212,2021-04-10 12:07:00,2462.1,2462.1,2462.1,2462.1,25,0,2462.1,2440.5,2550.2
15213,2021-04-10 12:08:00,2462.1,2462.1,2462.1,2462.1,25,0,2462.1,2440.5,2550.2
15214,2021-04-10 12:09:00,2462.1,2462.1,2462.1,2462.1,25,0,2462.1,2440.5,2550.2
15215,2021-04-10 12:10:00,2462.1,2462.1,2462.1,2462.1,25,0,2462.1,2440.5,2550.2
15216,2021-04-10 12:11:00,2462.1,2462.1,2462.1,2462.1,25,0,2462.1,2440.5,2550.2
15217,2021-04-10 12:12:00,2462.1,2462.1,2462.1,2462.1,25,0,2462.1,2440.5,2550.2
15218,2021-04-10 12:13:00,2462.1,2462.1,2462.1,2462.1,25,0,2462.1,2440.5,2550.2
15219,2021-04-10 12:14:00,2462.1,2462.1,2462.1,2462.1,25,0,2462.1,2440.5,2550.2
15220,2021-04-10 12:15:00,2462.1,2462.1,2462.1,2462.1,25,0,2462.1,2440.5,2550.2
15221,2021-04-10 12:16:00,2462.1,2462.1,2462.1,2462.1,25,0,2462.1,2440.5,2550.2
15222,2021-04-10 12:17:00,2462.1,2462.1,2462.1,2462.1,25,0,2462.1,2440.5,2550.2
15223,2021-04-10 12:18:00,2462.1,2462.1,2462.1,2462.1,25,0,2462.1,2440.5,2550.2
15224,2021-04-10 12:19:00,2462.1,2462.1,2462.1,2462.1,25,0,2462.1,2440.5,2550.2
15225,2021-04-10 12:20:00,2462.1,2462.1,2462.1,2462.1,25,0,2462.1,2440.5,2550.2
15226,2021-04-10 12:21:00,2462.1,2462.1,2462.1,2462.1,25,0,2462.1,2440.5,2550.2
15227,2021-04-10 12:22:00,2462.1,2462.1,2462.1,2462.1,25,0,2462.1,2440.5,2550.2
15228,2021-04-10 12:23:00,2462.1,2462.1,2462.1,2462.1,25,0,2462.1,2440.5,2550.2
15229,2021-04-10 12:24:00,2462.1,2462.1,2462.1,2462.1,25,0,2462.1,2440.5,2550.2
15230,2021-04-10 12:25:00,2462.1,2462.1,2462.1,2462.1,25,0,2462.1,2440.5,2550.2
15231,2021-04-10 12:26:00,2462.1,2462.1,2462.1,2462.1,25,0,2462.1,2440.5,2550.2
15232,2021-04-10 12:27:00,2462.1,2462.1,2462.1,2462.1,25,0,2462.1,2440.5,2550.2
15233,2021-04-10 12:28:00,2462.1,2462.1,2462.1,2462.1,25,0,2462.1,2440.5,2550.2
15234,2021-04-10 12:29:00,2462.1,2462.1,2462.1,2462.1,25,0,2462.1,2440.5,2550.2
15235,2021-04-10 12:30:00,2462.1,2462.1,2462.1,2462.1,25,0,2462.1,2440.5,2550.2
15236,2021-04-10 12:31:00,2462.1,2462.1,2462.1,2462.1,25,0,2462.1,2440.5,2550.2
15237,2021-04-10 12:32:00,2462.1,2462.1,2462.1,2462.1,25,0,2462.1,2440.5,2550.2
15238,2021-04-10 12:33:00,2462.1,2462.1,2462.1,2462.1,25,0,2462.1,2440.5,2550.2
15239,2021-04-10 12:34:00,2462.1,2462.1,2462.1,2462.1,25,0,2462.1,2440.5,2550.2
15240,2021-04-10 12:35:00,2462.1,2462.1,2462.1,2462.1,25,0,2462.1,2440.5,2550.2
15241,2021-04-10 12:36:00,2462.1,2462.1,2462.1,2462.1,25,0,2462.1,2440.5,2550.2
15242,2021-04-10 12:37:00,2462.1,2462.1,2462.1,2462.1,25,0,2462.1,2440.5,2550.2
15243,2021-04-10 12:38:00,2462.1,2462.1,2462.1,2462.1,25,0,2462.1,2440.5,2550.2
15244,2021-04-10 12:39:00,2462.1,2462.1,2462.1,2462.1,25,0,2462.1,2440.5,2550.2
15245,2021-04-10 12:40:00,2462.1,2462.1,2462.1,2462.1,25,0,2462.1,2440.5,2550.2
15246,2021-04-10 12:41:00,2462.1,2462.1,2462.1,2462.1,25,0,2462.1,2440.5,2550.2
15247,2021-04-10 12:42:00,2462.1,2462.1,2462.1,2462.1,25,0,2462.1,2440.5,2550.2
15248,2021-04-10 12:43:00,2462.1,2462.1,2462.1,2462.1,25,0,2462.1,2440.5,2550.2
15249,2021-04-10 12:44:00,2462.1,2462.1,2462.1,2462.1,25,0,2462.1,2440.5,2550.2
15250,2021-04-10 12:45:00,2462.1,2462.1,2462.1,2462.1,25,0,2462.1,2440.5,2550.2
15251,2021-04-10 12:46:00,2462.1,2462.1,2462.1,2462.1,25,0,2462.1,2440.5,2550.2
15252,2021-04-10 12:47:00,2462.1,2462.1,2462.1,2462.1,25,0,2462.1,2440.5,2550.2
15253,2021-04-10 12:48:00,2462.1,2462.1,2462.1,2462.1,25,0,2462.1,2440.5,2550.2
15254,2021-04-10 12:49:00,2462.1,2462.1,2462.1,2462.1,25,0,2462.1,2440.5,2550.2
15255,2021-04-10 12:50:00,2462.1,2462.1,2462.1,2462.1,25,0,2462.1,2440.5,2550.2
15256,2021-04-10 12:51:00,2462.1,2462.1,2462.1,2462.1,25,0,2462.1,2440.5,2550.2
15257,2021-04-10 12:52:00,2462.1,2462.1,2462.1,2462.1,25,0,2462.1,2440.5,2550.2
15258,2021-04-10 12:53:00,2462.1,2462.1,2462.1,2462.1,25,0,2462.1,2440.5,2550.2
15259,2021-04-10 12:54:00,2462.1,2462.1,2462.1,2462.1,25,0,2462.1,2440.5,2550.2
15260,2021-04-10 12:55:00,2462.1,2462.1,2462.1,2462.1,25,0,2462.1,2440.5,2550.2
15261,2021-04-10 12:56:00,2462.1,2462.1,2462.1,2462.1,25,0,2462.1,2440.5,2550.2
15262,2021-04-10 12:57:00,2462.1,2462.1,2462.1,2462.1,25,0,2462.1,2440.5,2550.2
15263,2021-04-10 12:58:00,2462.1,2462.1,2462.1,2462.1,25,0,2462.1,2440.5,2550.2
15264,2021-04-10 12:59:00,2462.1,2462.1,2462.1,2462.1,25,0,2462.1,2440.5,2550.2
15265,2021-04-10 13:00:00,2462.1,2462.1,2462.1,2462.1,25,0,2462.1,2440.5,2550.2
15266,2021-04-10 13:01:00,2462.1,2462.1,2462.1,2462.1,25,0,2462.1,2440.5,2550.2
15267,2021-04-10 13:02:00,2462.1,2462.1,2462.1,2462.1,25,0,2462.1,2440.5,2550.2
15268,2021-04-10 13:03:00,2462.1,2462.1,2462.1,2462.1,25,0,2462.1,2440.5,2550.2
15269,2021-04-10 13:04:00,2462.1,2462.1,2462.1,2462.1,25,0,2462.1,2440.5,2550.2
15270,2021-04-10 13:05:00,2462.1,2462.1,2462.1,2462.1,25,0,2462.1,2440.5,2550.2
15271,2021-04-10 13:06:00,2462.1,2462.1,2462.1,2462.1,25,0,2462.1,2440.5,2550.2
15272,2021-04-10 13:07:00,2462.1,2462.1,2462.1,2462.1,25,0,2462.1,2440.5,2550.2
15273,2021-04-10 13:08:00,2462.1,2462.1,2462.1,2462.1,25,0,2462.1,2440.5,2550.2
15274,2021-04-10 13:09:00,2462.1,2462.1,2462.1,2462.1,25,0,2462.1,2440.5,2550.2
15275,2021-04-10 13:10:00,2462.1,2462.1,2462.1,2462.1,25,0,2462.1,2440.5,2550.2
15276,2021-04-10 13:11:00,2462.1,2462.1,2462.1,2462.1,25,0,2462.1,2440.5,2550.2
15277,2021-04-10 13:12:00,2462.1,2462.1,2462.1,2462.1,25,0,2462.1,2440.5,2550.2
15278,2021-04-10 13:13:00,2462.1,2462.1,2462.1,2462.1,25,0,2462.1,2440.5,2550.2
15279,2021-04-10 13:14:00,2462.1,2462.1,2462.1,2462.1,25,0,2462.1,2440.5,2550.2
15280,2021-04-10 13:15:00,2462.1,2462.1,2462.1,2462.1,25,0,2462.1,2440.5,2550.2
15281,2021-04-10 13:16:00,2462.1,2462.1,2462.1,2462.1,25,0,2462.1,2440.5,2550.2
15282,2021-04-10 13:17:00,2462.1,2462.1,2462.1,2462.1,25,0,2462.1,2440.5,2550.2
15283,2021-04-10 13:18:00,2462.1,2462.1,2462.1,2462.1,25,0,2462.1,2440.5,2550.2
15284,2021-04-10 13:19:00,2462.1,2462.1,2462.1,2462.1,25,0,2462.1,2440.5,2550.2
15285,2021-04-10 13:20:00,2462.1,2462.1,2462.1,2462.1,25,0,2462.1,2440.5,2550.2
15286,2021-04-10 13:21:00,2462.1,2462.1,2462.1,2462.1,25,0,2462.1,2440.5,2550.2
15287,2021-04-10 13:22:00,2462.1,2462.1,2462.1,2462.1,25,0,2462.1,2440.5,2550.2
15288,2021-04-10 13:23:00,2462.1,2462.1,2462.1,2462.1,25,0,2462.1,2440.5,2550.2
15289,2021-04-10 13:24:00,2462.1,2462.1,2462.1,2462.1,25,0,2462.1,2440.5,2550.2
15290,2021-04-10 13:25:00,2462.1,2462.1,2462.1,2462.1,25,0,2462.1,2440.5,2550.2
15291,2021-04-10 13:26:00,2462.1,2462.1,2462.1,2462.1,25,0,2462.1,2440.5,2550.2
15292,2021-04-10 13:27:00,2462.1,2462.1,2462.1,2462.1,25,0,2462.1,2440.5,2550.2
15293,2021-04-10 13:28:00,2462.1,2462.1,2462.1,2462.1,25,0,2462.1,2440.5,2550.2
15294,2021-04-10 13:29:00,2462.1,2462.1,2462.1,2462.1,25,0,2462.1,2440.5,2550.2
15295,2021-04-10 13:30:00,2462.1,2462.1,2462.1,2462.1,25,0,2462.1,2440.5,2550.2
15296,2021-04-10 13:31:00,2462.1,2462.1,2462.1,2462.1,25,0,2462.1,2440.5,2550.2
15297,2021-04-10 13:32:00,2462.1,2462.1,2462.1,2462.1,25,0,2462.1,2440.5,2550.2
15298,2021-04-10 13:33:00,2462.1,2462.1,2462.1,2462.1,25,0,2462.1,2440.5,2550.2
15299,2021-04-10 13:34:00,2462.1,2462.1,2462.1,2462.1,25,0,2462.1,2440.5,2550.2
15300,2021-04-10 13:35:00,2462.1,2462.1,2462.1,2462.1,25,0,2462.1,2440.5,2550.2
15301,2021-04-10 13:36:00,2462.1,2462.1,2462.1,2462.1,25,0,2462.1,2440.5,2550.2
15302,2021-04-10 13:37:00,2462.1,2462.1,2462.1,2462.1,25,0,2462.1,2440.5,2550.2
15303,2021-04-10 13:38:00,2462.1,2462.1,2462.1,2462.1,25,0,2462.1,2440.5,2550.2
15304,2021-04-10 13:39:00,2462.1,2462.1,2462.1,2462.1,25,0,2462.1,2440.5,2550.2
15305,2021-04-10 13:40:00,2462.1,2462.1,2462.1,2462.1,25,0,2462.1,2440.5,2550.2
15306,2021-04-10 13:41:00,2462.1,2462.1,2462.1,2462.1,25,0,2462.1,2440.5,2550.2
15307,2021-04-10 13:42:00,2462.1,2462.1,2462.1,2462.1,25,0,2462.1,2440.5,2550.2
15308,2021-04-10 13:43:00,2462.1,2462.1,2462.1,2462.1,25,0,2462.1,2440.5,2550.2
15309,2021-04-10 13:44:00,2462.1,2462.1,2462.1,2462.1,25,0,2462.1,2440.5,2550.2
15310,2021-04-10 13:45:00,2462.1,2462.1,2462.1,2462.1,25,0,2462.1,2440.5,2550.2
15311,2021-04-10 13:46:00,2462.1,2462.1,2462.1,2462.1,25,0,2462.1,2440.5,2550.2
15312,2021-04-10 13:47:00,2462.1,2462.1,2462.1,2462.1,25,0,2462.1,2440.5,2550.2
15313,2021-04-10 13:48:00,2462.1,2462.1,2462.1,2462.1,25,0,2462.1,2440.5,2550.2
15314,2021-04-10 13:49:00,2462.1,2462.1,2462.1,2462.1,25,0,2462.1,2440.5,2550.2
15315,2021-04-10 13:50:00,2462.1,2462.1,2462.1,2462.1,25,0,2462.1,2440.5,2550.2
15316,2021-04-10 13:51:00,2462.1,2462.1,2462.1,2462.1,25,0,2462.1,2440.5,2550.2
15317,2021-04-10 13:52:00,2462.1,2462.1,2462.1,2462.1,25,0,2462.1,2440.5,2550.2
15318,2021-04-10 13:53:00,2462.1,2462.1,2462.1,2462.1,25,0,2462.1,2440.5,2550.2
15319,2021-04-10 13:54:00,2462.1,2462.1,2462.1,2462.1,25,0,2462.1,2440.5,2550.2
15320,2021-04-10 13:55:00,2462.1,2462.1,2462.1,2462.1,25,0,2462.1,2440.5,2550.2
15321,2021-04-10 13:56:00,2462.1,2462.1,2462.1,2462.1,25,0,2462.1,2440.5,2550.2
15322,2021-04-10 13:57:00,2462.1,2462.1,2462.1,2462.1,25,0,2462.1,2440.5,2550.2
15323,2021-04-10 13:58:00,2462.1,2462.1,2462.1,2462.1,25,0,2462.1,2440.5,2550.2
15324,2021-04-10 13:59:00,2462.1,2462.1,2462.1,2462.1,25,0,2462.1,2440.5,2550.2
15325,2021-04-10 14:00:00,2462.1,2462.1,2462.1,2462.1,25,0,2462.1,2440.5,2550.2
15326,2021-04-10 14:01:00,2462.1,2462.1,2462.1,2462.1,25,0,2462.1,2440.5,2550.2
15327,2021-04-10 14:02:00,2462.1,2462.1,2462.1,2462.1,25,0,2462.1,2440.5,2550.2
15328,2021-04-10 14:03:00,2462.1,2462.1,2462.1,2462.1,25,0,2462.1,2440.5,2550.2
15329,2021-04-10 14:04:00,2462.1,2462.1,2462.1,2462.1,25,0,2462.1,2440.5,2550.2
15330,2021-04-10 14:05:00,2462.1,2462.1,2462.1,2462.1,25,0,2462.1,2440.5,2550.2
15331,2021-04-10 14:06:00,2462.1,2462.1,2462.1,2462.1,25,0,2462.1,2440.5,2550.2
15332,2021-04-10 14:07:00,2462.1,2462.1,2462.1,2462.1,25,0,2462.1,2440.5,2550.2
15333,2021-04-10 14:08:00,2462.1,2462.1,2462.1,2462.1,25,0,2462.1,2440.5,2550.2
15334,2021-04-10 14:09:00,2462.1,2462.1,2462.1,2462.1,25,0,2462.1,2440.5,2550.2
15335,2021-04-10 14:10:00,2462.1,2462.1,2462.1,2462.1,25,0,2462.1,2440.5,2550.2
15336,2021-04-10 14:11:00,2462.1,2462.1,2462.1,2462.1,25,0,2462.1,2440.5,2550.2
15337,2021-04-10 14:12:00,2462.1,2462.1,2462.1,2462.1,25,0,2462.1,2440.5,2550.2
15338,2021-04-10 14:13:00,2462.1,2462.1,2462.1,2462.1,25,0,2462.1,2440.5,2550.2
15339,2021-04-10 14:14:00,2462.1,2462.1,2462.1,2462.1,25,0,2462.1,2440.5,2550.2
15340,2021-04-10 14:15:00,2462.1,2462.1,2462.1,2462.1,25,0,2462.1,2440.5,2550.2
15341,2021-04-10 14:16:00,2462.1,2462.1,2462.1,2462.1,25,0,2462.1,2440.5,2550.2
15342,2021-04-10 14:17:00,2462.1,2462.1,2462.1,2462.1,25,0,2462.1,2440.5,2550.2
15343,2021-04-10 14:18:00,2462.1,2462.1,2462.1,2462.1,25,0,2462.1,2440.5,2550.2
15344,2021-04-10 14:19:00,2462.1,2462.1,2462.1,2462.1,25,0,2462.1,2440.5,2550.2
15345,2021-04-10 14:20:00,2462.1,2462.1,2462.1,2462.1,25,0,2462.1,2440.5,2550.2
15346,2021-04-10 14:21:00,2462.1,2462.1,2462.1,2462.1,25,0,2462.1,2440.5,2550.2
15347,2021-04-10 14:22:00,2462.1,2462.1,2462.1,2462.1,25,0,2462.1,2440.5,2550.2
15348,2021-04-10 14:23:00,2462.1,2462.1,2462.1,2462.1,25,0,2462.1,2440.5,2550.2
15349,2021-04-10 14:24:00,2462.1,2462.1,2462.1,2462.1,25,0,2462.1,2440.5,2550.2
15350,2021-04-10 14:25:00,2462.1,2462.1,2462.1,2462.1,25,0,2462.1,2440.5,2550.2
15351,2021-04-10 14:26:00,2462.1,2462.1,2462.1,2462.1,25,0,2462.1,2440.5,2550.2
15352,2021-04-10 14:27:00,2462.1,2462.1,2462.1,2462.1,25,0,2462.1,2440.5,2550.2
15353,2021-04-10 14:28:00,2462.1,2462.1,2462.1,2462.1,25,0,2462.1,2440.5,2550.2
15354,2021-04-10 14:29:00,2462.1,2462.1,2462.1,2462.1,25,0,2462.1,2440.5,2550.2
15355,2021-04-10 14:30:00,2462.1,2462.1,2462.1,2462.1,25,0,2462.1,2440.5,2550.2
15356,2021-04-10 14:31:00,2462.1,2462.1,2462.1,2462.1,25,0,2462.1,2440.5,2550.2
15357,2021-04-10 14:32:00,2462.1,2462.1,2462.1,2462.1,25,0,2462.1,2440.5,2550.2
15358,2021-04-10 14:33:00,2462.1,2462.1,2462.1,2462.1,25,0,2462.1,2440.5,2550.2
15359,2021-04-10 14:34:00,2462.1,2462.1,2462.1,2462.1,25,0,2462.1,2440.5,2550.2
15360,2021-04-10 14:35:00,2462.1,2462.1,2462.1,2462.1,25,0,2462.1,2440.5,2550.2
15361,2021-04-10 14:36:00,2462.1,2462.1,2462.1,2462.1,25,0,2462.1,2440.5,2550.2
15362,2021-04-10 14:37:00,2462.1,2462.1,2462.1,2462.1,25,0,2462.1,2440.5,2550.2
15363,2021-04-10 14:38:00,2462.1,2462.1,2462.1,2462.1,25,0,2462.1,2440.5,2550.2
15364,2021-04-10 14:39:00,2462.1,2462.1,2462.1,2462.1,25,0,2462.1,2440.5,2550.2
15365,2021-04-10 14:40:00,2462.1,2462.1,2462.1,2462.1,25,0,2462.1,2440.5,2550.2
15366,2021-04-10 14:41:00,2462.1,2462.1,2462.1,2462.1,25,0,2462.1,2440.5,2550.2
15367,2021-04-10 14:42:00,2462.1,2462.1,2462.1,2462.1,25,0,2462.1,2440.5,2550.2
15368,2021-04-10 14:43:00,2462.1,2462.1,2462.1,2462.1,25,0,2462.1,2440.5,2550.2
15369,2021-04-10 14:44:00,2462.1,2462.1,2462.1,2462.1,25,0,2462.1,2440.5,2550.2
15370,2021-04-10 14:45:00,2462.1,2462.1,2462.1,2462.1,25,0,2462.1,2440.5,2550.2
15371,2021-04-10 14:46:00,2462.1,2462.1,2462.1,2462.1,25,0,2462.1,2440.5,2550.2
15372,2021-04-10 14:47:00,2462.1,2462.1,2462.1,2462.1,25,0,2462.1,2440.5,2550.2
15373,2021-04-10 14:48:00,2462.1,2462.1,2462.1,2462.1,25,0,2462.1,2440.5,2550.2
15374,2021-04-10 14:49:00,2462.1,2462.1,2462.1,2462.1,25,0,2462.1,2440.5,2550.2
15375,2021-04-10 14:50:00,2462.1,2462.1,2462.1,2462.1,25,0,2462.1,2440.5,2550.2
15376,2021-04-10 14:51:00,2462.1,2462.1,2462.1,2462.1,25,0,2462.1,2440.5,2550.2
15377,2021-04-10 14:52:00,2462.1,2462.1,2462.1,2462.1,25,0,2462.1,2440.5,2550.2
15378,2021-04-10 14:53:00,2462.1,2462.1,2462.1,2462.1,25,0,2462.1,2440.5,2550.2
15379,2021-04-10 14:54:00,2462.1,2462.1,2462.1,2462.1,25,0,2462.1,2440.5,2550.2
15380,2021-04-10 14:55:00,2462.1,2462.1,2462.1,2462.1,25,0,2462.1,2440.5,2550.2
15381,2021-04-10 14:56:00,2462.1,2462.1,2462.1,2462.1,25,0,2462.1,2440.5,2550.2
15382,2021-04-10 14:57:00,2462.1,2462.1,2462.1,2462.1,25,0,2462.1,2440.5,2550.2
15383,2021-04-10 14:58:00,2462.1,2462.1,2462.1,2462.1,25,0,2462.1,2440.5,2550.2
15384,2021-04-10 14:59:00,2462.1,2462.1,2462.1,2462.1,25,0,2462.1,2440.5,2550.2
15385,2021-04-10 15:00:00,2462.1,2462.1,2462.1,2462.1,25,0,2462.1,2440.5,2550.2
15386,2021-04-10 15:01:00,2462.1,2462.1,2462.1,2462.1,25,0,2462.1,2440.5,2550.2
15387,2021-04-10 15:02:00,2462.1,2462.1,2462.1,2462.1,25,0,2462.1,2440.5,2550.2
15388,2021-04-10 15:03:00,2462.1,2462.1,2462.1,2462.1,25,0,2462.1,2440.5,2550.2
15389,2021-04-10 15:04:00,2462.1,2462.1,2462.1,2462.1,25,0,2462.1,2440.5,2550.2
15390,2021-04-10 15:05:00,2462.1,2462.1,2462.1,2462.1,25,0,2462.1,2440.5,2550.2
15391,2021-04-10 15:06:00,2462.1,2462.1,2462.1,2462.1,25,0,2462.1,2440.5,2550.2
15392,2021-04-10 15:07:00,2462.1,2462.1,2462.1,2462.1,25,0,2462.1,2440.5,2550.2
15393,2021-04-10 15:08:00,2462.1,2462.1,2462.1,2462.1,25,0,2462.1,2440.5,2550.2
15394,2021-04-10 15:09:00,2462.1,2462.1,2462.1,2462.1,25,0,2462.1,2440.5,2550.2
15395,2021-04-10 15:10:00,2462.1,2462.1,2462.1,2462.1,25,0,2462.1,2440.5,2550.2
15396,2021-04-10 15:11:00,2462.1,2462.1,2462.1,2462.1,25,0,2462.1,2440.5,2550.2
15397,2021-04-10 15:12:00,2462.1,2462.1,2462.1,2462.1,25,0,2462.1,2440.5,2550.2
15398,2021-04-10 15:13:00,2462.1,2462.1,2462.1,2462.1,25,0,2462.1,2440.5,2550.2
15399,2021-04-10 15:14:00,2462.1,2462.1,2462.1,2462.1,25,0,2462.1,2440.5,2550.2
15400,2021-04-10 15:15:00,2462.1,2462.1,2462.1,2462.1,25,0,2462.1,2440.5,2550.2
15401,2021-04-10 15:16:00,2462.1,2462.1,2462.1,2462.1,25,0,2462.1,2440.5,2550.2
15402,2021-04-10 15:17:00,2462.1,2462.1,2462.1,2462.1,25,0,2462.1,2440.5,2550.2
15403,2021-04-10 15:18:00,2462.1,2462.1,2462.1,2462.1,25,0,2462.1,2440.5,2550.2
15404,2021-04-10 15:19:00,2462.1,2462.1,2462.1,2462.1,25,0,2462.1,2440.5,2550.2
15405,2021-04-10 15:20:00,2462.1,2462.1,2462.1,2462.1,25,0,2462.1,2440.5,2550.2
15406,2021-04-10 15:21:00,2462.1,2462.1,2462.1,2462.1,25,0,2462.1,2440.5,2550.2
15407,2021-04-10 15:22:00,2462.1,2462.1,2462.1,2462.1,25,0,2462.1,2440.5,2550.2
15408,2021-04-10 15:23:00,2462.1,2462.1,2462.1,2462.1,25,0,2462.1,2440.5,2550.2
15409,2021-04-10 15:24:00,2462.1,2462.1,2462.1,2462.1,25,0,2462.1,2440.5,2550.2
15410,2021-04-10 15:25:00,2462.1,2462.1,2462.1,2462.1,25,0,2462.1,2440.5,2550.2
15411,2021-04-10 15:26:00,2462.1,2462.1,2462.1,2462.1,25,0,2462.1,2440.5,2550.2
15412,2021-04-10 15:27:00,2462.1,2462.1,2462.1,2462.1,25,0,2462.1,2440.5,2550.2
15413,2021-04-10 15:28:00,2462.1,2462.1,2462.1,2462.1,25,0,2462.1,2440.5,2550.2
15414,2021-04-10 15:29:00,2462.1,2462.1,2462.1,2462.1,25,0,2462.1,2440.5,2550.2
15415,2021-04-10 15:30:00,2462.1,2462.1,2462.1,2462.1,25,0,2462.1,2440.5,2550.2
15416,2021-04-11 09:15:00,2462.1,2462.1,2462.1,2462.1,25,0,2462.1,2440.5,2550.2
15417,2021-04-11 09:16:00,2462.1,2462.1,2462.1,2462.1,25,0,2462.1,2440.5,2550.2
15418,2021-04-11 09:17:00,2462.1,2462.1,2462.1,2462.1,25,0,2462.1,2440.5,2550.2
15419,2021-04-11 09:18:00,2462.1,2462.1,2462.1,2462.1,25,0,2462.1,2440.5,2550.2
15420,2021-04-11 09:19:00,2462.1,2462.1,2462.1,2462.1,25,0,2462.1,2440.5,2550.2
15421,2021-04-11 09:20:00,2462.1,2462.1,2462.1,2462.1,25,0,2462.1,2440.5,2550.2
15422,2021-04-11 09:21:00,2462.1,2462.1,2462.1,2462.1,25,0,2462.1,2440.5,2550.2
15423,2021-04-11 09:22:00,2462.1,2462.1,2462.1,2462.1,25,0,2462.1,2440.5,2550.2
15424,2021-04-11 09:23:00,2462.1,2462.1,2462.1,2462.1,25,0,2462.1,2440.5,2550.2
15425,2021-04-11 09:24:00,2462.1,2462.1,2462.1,2462.1,25,0,2462.1,2440.5,2550.2
15426,2021-04-11 09:25:00,2462.1,2462.1,2462.1,2462.1,25,0,2462.1,2440.5,2550.2
15427,2021-04-11 09:26:00,2462.1,2462.1,2462.1,2462.1,25,0,2462.1,2440.5,2550.2
15428,2021-04-11 09:27:00,2462.1,2462.1,2462.1,2462.1,25,0,2462.1,2440.5,2550.2
15429,2021-04-11 09:28:00,2462.1,2462.1,2462.1,2462.1,25,0,2462.1,2440.5,2550.2
15430,2021-04-11 09:29:00,2462.1,2462.1,2462.1,2462.1,25,0,2462.1,2440.5,2550.2
15431,2021-04-11 09:30:00,2462.1,2462.1,2462.1,2462.1,25,0,2462.1,2440.5,2550.2
15432,2021-04-11 09:31:00,2462.1,2462.1,2462.1,2462.1,25,0,2462.1,2440.5,2550.2
15433,2021-04-11 09:32:00,2462.1,2462.1,2462.1,2462.1,25,0,2462.1,2440.5,2550.2
15434,2021-04-11 09:33:00,2462.1,2462.1,2462.1,2462.1,25,0,2462.1,2440.5,2550.2
15435,2021-04-11 09:34:00,2462.1,2462.1,2462.1,2462.1,25,0,2462.1,2440.5,2550.2
15436,2021-04-11 09:35:00,2462.1,2462.1,2462.1,2462.1,25,0,2462.1,2440.5,2550.2
15437,2021-04-11 09:36:00,2462.1,2462.1,2462.1,2462.1,25,0,2462.1,2440.5,2550.2
15438,2021-04-11 09:37:00,2462.1,2462.1,2462.1,2462.1,25,0,2462.1,2440.5,2550.2
15439,2021-04-11 09:38:00,2462.1,2462.1,2462.1,2462.1,25,0,2462.1,2440.5,2550.2
15440,2021-04-11 09:39:00,2462.1,2462.1,2462.1,2462.1,25,0,2462.1,2440.5,2550.2
15441,2021-04-11 09:40:00,2462.1,2462.1,2462.1,2462.1,25,0,2462.1,2440.5,2550.2
15442,2021-04-11 09:41:00,2462.1,2462.1,2462.1,2462.1,25,0,2462.1,2440.5,2550.2
15443,2021-04-11 09:42:00,2462.1,2462.1,2462.1,2462.1,25,0,2462.1,2440.5,2550.2
15444,2021-04-11 09:43:00,2462.1,2462.1,2462.1,2462.1,25,0,2462.1,2440.5,2550.2
15445,2021-04-11 09:44:00,2462.1,2462.1,2462.1,2462.1,25,0,2462.1,2440.5,2550.2
15446,2021-04-11 09:45:00,2462.1,2462.1,2462.1,2462.1,25,0,2462.1,2440.5,2550.2
15447,2021-04-11 09:46:00,2462.1,2462.1,2462.1,2462.1,25,0,2462.1,2440.5,2550.2
15448,2021-04-11 09:47:00,2462.1,2462.1,2462.1,2462.1,25,0,2462.1,2440.5,2550.2
15449,2021-04-11 09:48:00,2462.1,2462.1,2462.1,2462.1,25,0,2462.1,2440.5,2550.2
15450,2021-04-11 09:49:00,2462.1,2462.1,2462.1,2462.1,25,0,2462.1,2440.5,2550.2
15451,2021-04-11 09:50:00,2462.1,2462.1,2462.1,2462.1,25,0,2462.1,2440.5,2550.2
15452,2021-04-11 09:51:00,2462.1,2462.1,2462.1,2462.1,25,0,2462.1,2440.5,2550.2
15453,2021-04-11 09:52:00,2462.1,2462.1,2462.1,2462.1,25,0,2462.1,2440.5,2550.2
15454,2021-04-11 09:53:00,2462.1,2462.1,2462.1,2462.1,25,0,2462.1,2440.5,2550.2
15455,2021-04-11 09:54:00,2462.1,2462.1,2462.1,2462.1,25,0,2462.1,2440.5,2550.2
15456,2021-04-11 09:55:00,2462.1,2462.1,2462.1,2462.1,25,0,2462.1,2440.5,2550.2
15457,2021-04-11 09:56:00,2462.1,2462.1,2462.1,2462.1,25,0,2462.1,2440.5,2550.2
15458,2021-04-11 09:57:00,2462.1,2462.1,2462.1,2462.1,25,0,2462.1,2440.5,2550.2
15459,2021-04-11 09:58:00,2462.1,2462.1,2462.1,2462.1,25,0,2462.1,2440.5,2550.2
15460,2021-04-11 09:59:00,2462.1,2462.1,2462.1,2462.1,25,0,2462.1,2440.5,2550.2
15461,2021-04-11 10:00:00,2462.1,2462.1,2462.1,2462.1,25,0,2462.1,2440.5,2550.2
15462,2021-04-11 10:01:00,2462.1,2462.1,2462.1,2462.1,25,0,2462.1,2440.5,2550.2
15463,2021-04-11 10:02:00,2462.1,2462.1,2462.1,2462.1,25,0,2462.1,2440.5,2550.2
15464,2021-04-11 10:03:00,2462.1,2462.1,2462.1,2462.1,25,0,2462.1,2440.5,2550.2
15465,2021-04-11 10:04:00,2462.1,2462.1,2462.1,2462.1,25,0,2462.1,2440.5,2550.2
15466,2021-04-11 10:05:00,2462.1,2462.1,2462.1,2462.1,25,0,2462.1,2440.5,2550.2
15467,2021-04-11 10:06:00,2462.1,2462.1,2462.1,2462.1,25,0,2462.1,2440.5,2550.2
15468,2021-04-11 10:07:00,2462.1,2462.1,2462.1,2462.1,25,0,2462.1,2440.5,2550.2
15469,2021-04-11 10:08:00,2462.1,2462.1,2462.1,2462.1,25,0,2462.1,2440.5,2550.2
15470,2021-04-11 10:09:00,2462.1,2462.1,2462.1,2462.1,25,0,2462.1,2440.5,2550.2
15471,2021-04-11 10:10:00,2462.1,2462.1,2462.1,2462.1,25,0,2462.1,2440.5,2550.2
15472,2021-04-11 10:11:00,2462.1,2462.1,2462.1,2462.1,25,0,2462.1,2440.5,2550.2
15473,2021-04-11 10:12:00,2462.1,2462.1,2462.1,2462.1,25,0,2462.1,2440.5,2550.2
15474,2021-04-11 10:13:00,2462.1,2462.1,2462.1,2462.1,25,0,2462.1,2440.5,2550.2
15475,2021-04-11 10:14:00,2462.1,2462.1,2462.1,2462.1,25,0,2462.1,2440.5,2550.2
15476,2021-04-11 10:15:00,2462.1,2462.1,2462.1,2462.1,25,0,2462.1,2440.5,2550.2
15477,2021-04-11 10:16:00,2462.1,2462.1,2462.1,2462.1,25,0,2462.1,2440.5,2550.2
15478,2021-04-11 10:17:00,2462.1,2462.1,2462.1,2462.1,25,0,2462.1,2440.5,2550.2
15479,2021-04-11 10:18:00,2462.1,2462.1,2462.1,2462.1,25,0,2462.1,2440.5,2550.2
15480,2021-04-11 10:19:00,2462.1,2462.1,2462.1,2462.1,25,0,2462.1,2440.5,2550.2
15481,2021-04-11 10:20:00,2462.1,2462.1,2462.1,2462.1,25,0,2462.1,2440.5,2550.2
15482,2021-04-11 10:21:00,2462.1,2462.1,2462.1,2462.1,25,0,2462.1,2440.5,2550.2
15483,2021-04-11 10:22:00,2462.1,2462.1,2462.1,2462.1,25,0,2462.1,2440.5,2550.2
15484,2021-04-11 10:23:00,2462.1,2462.1,2462.1,2462.1,25,0,2462.1,2440.5,2550.2
15485,2021-04-11 10:24:00,2462.1,2462.1,2462.1,2462.1,25,0,2462.1,2440.5,2550.2
15486,2021-04-11 10:25:00,2462.1,2462.1,2462.1,2462.1,25,0,2462.1,2440.5,2550.2
15487,2021-04-11 10:26:00,2462.1,2462.1,2462.1,2462.1,25,0,2462.1,2440.5,2550.2
15488,2021-04-11 10:27:00,2462.1,2462.1,2462.1,2462.1,25,0,2462.1,2440.5,2550.2
15489,2021-04-11 10:28:00,2462.1,2462.1,2462.1,2462.1,25,0,2462.1,2440.5,2550.2
15490,2021-04-11 10:29:00,2462.1,2462.1,2462.1,2462.1,25,0,2462.1,2440.5,2550.2
15491,2021-04-11 10:30:00,2462.1,2462.1,2462.1,2462.1,25,0,2462.1,2440.5,2550.2
15492,2021-04-11 10:31:00,2462.1,2462.1,2462.1,2462.1,25,0,2462.1,2440.5,2550.2
15493,2021-04-11 10:32:00,2462.1,2462.1,2462.1,2462.1,25,0,2462.1,2440.5,2550.2
15494,2021-04-11 10:33:00,2462.1,2462.1,2462.1,2462.1,25,0,2462.1,2440.5,2550.2
15495,2021-04-11 10:34:00,2462.1,2462.1,2462.1,2462.1,25,0,2462.1,2440.5,2550.2
15496,2021-04-11 10:35:00,2462.1,2462.1,2462.1,2462.1,25,0,2462.1,2440.5,2550.2
15497,2021-04-11 10:36:00,2462.1,2462.1,2462.1,2462.1,25,0,2462.1,2440.5,2550.2
15498,2021-04-11 10:37:00,2462.1,2462.1,2462.1,2462.1,25,0,2462.1,2440.5,2550.2
15499,2021-04-11 10:38:00,2462.1,2462.1,2462.1,2462.1,25,0,2462.1,2440.5,2550.2
15500,2021-04-11 10:39:00,2462.1,2462.1,2462.1,2462.1,25,0,2462.1,2440.5,2550.2
15501,2021-04-11 10:40:00,2462.1,2462.1,2462.1,2462.1,25,0,2462.1,2440.5,2550.2
15502,2021-04-11 10:41:00,2462.1,2462.1,2462.1,2462.1,25,0,2462.1,2440.5,2550.2
15503,2021-04-11 10:42:00,2462.1,2462.1,2462.1,2462.1,25,0,2462.1,2440.5,2550.2
15504,2021-04-11 10:43:00,2462.1,2462.1,2462.1,2462.1,25,0,2462.1,2440.5,2550.2
15505,2021-04-11 10:44:00,2462.1,2462.1,2462.1,2462.1,25,0,2462.1,2440.5,2550.2
15506,2021-04-11 10:45:00,2462.1,2462.1,2462.1,2462.1,25,0,2462.1,2440.5,2550.2
15507,2021-04-11 10:46:00,2462.1,2462.1,2462.1,2462.1,25,0,2462.1,2440.5,2550.2
15508,2021-04-11 10:47:00,2462.1,2462.1,2462.1,2462.1,25,0,2462.1,2440.5,2550.2
15509,2021-04-11 10:48:00,2462.1,2462.1,2462.1,2462.1,25,0,2462.1,2440.5,2550.2
15510,2021-04-11 10:49:00,2462.1,2462.1,2462.1,2462.1,25,0,2462.1,2440.5,2550.2
15511,2021-04-11 10:50:00,2462.1,2462.1,2462.1,2462.1,25,0,2462.1,2440.5,2550.2
15512,2021-04-11 10:51:00,2462.1,2462.1,2462.1,2462.1,25,0,2462.1,2440.5,2550.2
15513,2021-04-11 10:52:00,2462.1,2462.1,2462.1,2462.1,25,0,2462.1,2440.5,2550.2
15514,2021-04-11 10:53:00,2462.1,2462.1,2462.1,2462.1,25,0,2462.1,2440.5,2550.2
15515,2021-04-11 10:54:00,2462.1,2462.1,2462.1,2462.1,25,0,2462.1,2440.5,2550.2
15516,2021-04-11 10:55:00,2462.1,2462.1,2462.1,2462.1,25,0,2462.1,2440.5,2550.2
15517,2021-04-11 10:56:00,2462.1,2462.1,2462.1,2462.1,25,0,2462.1,2440.5,2550.2
15518,2021-04-11 10:57:00,2462.1,2462.1,2462.1,2462.1,25,0,2462.1,2440.5,2550.2
15519,2021-04-11 10:58:00,2462.1,2462.1,2462.1,2462.1,25,0,2462.1,2440.5,2550.2
15520,2021-04-11 10:59:00,2462.1,2462.1,2462.1,2462.1,25,0,2462.1,2440.5,2550.2
15521,2021-04-11 11:00:00,2462.1,2462.1,2462.1,2462.1,25,0,2462.1,2440.5,2550.2
15522,2021-04-11 11:01:00,2462.1,2462.1,2462.1,2462.1,25,0,2462.1,2440.5,2550.2
15523,2021-04-11 11:02:00,2462.1,2462.1,2462.1,2462.1,25,0,2462.1,2440.5,2550.2
15524,2021-04-11 11:03:00,2462.1,2462.1,2462.1,2462.1,25,0,2462.1,2440.5,2550.2
15525,2021-04-11 11:04:00,2462.1,2462.1,2462.1,2462.1,25,0,2462.1,2440.5,2550.2
15526,2021-04-11 11:05:00,2462.1,2462.1,2462.1,2462.1,25,0,2462.1,2440.5,2550.2
15527,2021-04-11 11:06:00,2462.1,2462.1,2462.1,2462.1,25,0,2462.1,2440.5,2550.2
15528,2021-04-11 11:07:00,2462.1,2462.1,2462.1,2462.1,25,0,2462.1,2440.5,2550.2
15529,2021-04-11 11:08:00,2462.1,2462.1,2462.1,2462.1,25,0,2462.1,2440.5,2550.2
15530,2021-04-11 11:09:00,2462.1,2462.1,2462.1,2462.1,25,0,2462.1,2440.5,2550.2
15531,2021-04-11 11:10:00,2462.1,2462.1,2462.1,2462.1,25,0,2462.1,2440.5,2550.2
15532,2021-04-11 11:11:00,2462.1,2462.1,2462.1,2462.1,25,0,2462.1,2440.5,2550.2
15533,2021-04-11 11:12:00,2462.1,2462.1,2462.1,2462.1,25,0,2462.1,2440.5,2550.2
15534,2021-04-11 11:13:00,2462.1,2462.1,2462.1,2462.1,25,0,2462.1,2440.5,2550.2
15535,2021-04-11 11:14:00,2462.1,2462.1,2462.1,2462.1,25,0,2462.1,2440.5,2550.2
15536,2021-04-11 11:15:00,2462.1,2462.1,2462.1,2462.1,25,0,2462.1,2440.5,2550.2
15537,2021-04-11 11:16:00,2462.1,2462.1,2462.1,2462.1,25,0,2462.1,2440.5,2550.2
15538,2021-04-11 11:17:00,2462.1,2462.1,2462.1,2462.1,25,0,2462.1,2440.5,2550.2
15539,2021-04-11 11:18:00,2462.1,2462.1,2462.1,2462.1,25,0,2462.1,2440.5,2550.2
15540,2021-04-11 11:19:00,2462.1,2462.1,2462.1,2462.1,25,0,2462.1,2440.5,2550.2
15541,2021-04-11 11:20:00,2462.1,2462.1,2462.1,2462.1,25,0,2462.1,2440.5,2550.2
15542,2021-04-11 11:21:00,2462.1,2462.1,2462.1,2462.1,25,0,2462.1,2440.5,2550.2
15543,2021-04-11 11:22:00,2462.1,2462.1,2462.1,2462.1,25,0,2462.1,2440.5,2550.2
15544,2021-04-11 11:23:00,2462.1,2462.1,2462.1,2462.1,25,0,2462.1,2440.5,2550.2
15545,2021-04-11 11:24:00,2462.1,2462.1,2462.1,2462.1,25,0,2462.1,2440.5,2550.2
15546,2021-04-11 11:25:00,2462.1,2462.1,2462.1,2462.1,25,0,2462.1,2440.5,2550.2
15547,2021-04-11 11:26:00,2462.1,2462.1,2462.1,2462.1,25,0,2462.1,2440.5,2550.2
15548,2021-04-11 11:27:00,2462.1,2462.1,2462.1,2462.1,25,0,2462.1,2440.5,2550.2
15549,2021-04-11 11:28:00,2462.1,2462.1,2462.1,2462.1,25,0,2462.1,2440.5,2550.2
15550,2021-04-11 11:29:00,2462.1,2462.1,2462.1,2462.1,25,0,2462.1,2440.5,2550.2
15551,2021-04-11 11:30:00,2462.1,2462.1,2462.1,2462.1,25,0,2462.1,2440.5,2550.2
15552,2021-04-11 11:31:00,2462.1,2462.1,2462.1,2462.1,25,0,2462.1,2440.5,2550.2
15553,2021-04-11 11:32:00,2462.1,2462.1,2462.1,2462.1,25,0,2462.1,2440.5,2550.2
15554,2021-04-11 11:33:00,2462.1,2462.1,2462.1,2462.1,25,0,2462.1,2440.5,2550.2
15555,2021-04-11 11:34:00,2462.1,2462.1,2462.1,2462.1,25,0,2462.1,2440.5,2550.2
15556,2021-04-11 11:35:00,2462.1,2462.1,2462.1,2462.1,25,0,2462.1,2440.5,2550.2
15557,2021-04-11 11:36:00,2462.1,2462.1,2462.1,2462.1,25,0,2462.1,2440.5,2550.2
15558,2021-04-11 11:37:00,2462.1,2462.1,2462.1,2462.1,25,0,2462.1,2440.5,2550.2
15559,2021-04-11 11:38:00,2462.1,2462.1,2462.1,2462.1,25,0,2462.1,2440.5,2550.2
15560,2021-04-11 11:39:00,2462.1,2462.1,2462.1,2462.1,25,0,2462.1,2440.5,2550.2
15561,2021-04-11 11:40:00,2462.1,2462.1,2462.1,2462.1,25,0,2462.1,2440.5,2550.2
15562,2021-04-11 11:41:00,2462.1,2462.1,2462.1,2462.1,25,0,2462.1,2440.5,2550.2
15563,2021-04-11 11:42:00,2462.1,2462.1,2462.1,2462.1,25,0,2462.1,2440.5,2550.2
15564,2021-04-11 11:43:00,2462.1,2462.1,2462.1,2462.1,25,0,2462.1,2440.5,2550.2
15565,2021-04-11 11:44:00,2462.1,2462.1,2462.1,2462.1,25,0,2462.1,2440.5,2550.2
15566,2021-04-11 11:45:00,2462.1,2462.1,2462.1,2462.1,25,0,2462.1,2440.5,2550.2
15567,2021-04-11 11:46:00,2462.1,2462.1,2462.1,2462.1,25,0,2462.1,2440.5,2550.2
15568,2021-04-11 11:47:00,2462.1,2462.1,2462.1,2462.1,25,0,2462.1,2440.5,2550.2
15569,2021-04-11 11:48:00,2462.1,2462.1,2462.1,2462.1,25,0,2462.1,2440.5,2550.2
15570,2021-04-11 11:49:00,2462.1,2462.1,2462.1,2462.1,25,0,2462.1,2440.5,2550.2
15571,2021-04-11 11:50:00,2462.1,2462.1,2462.1,2462.1,25,0,2462.1,2440.5,2550.2
15572,2021-04-11 11:51:00,2462.1,2462.1,2462.1,2462.1,25,0,2462.1,2440.5,2550.2
15573,2021-04-11 11:52:00,2462.1,2462.1,2462.1,2462.1,25,0,2462.1,2440.5,2550.2
15574,2021-04-11 11:53:00,2462.1,2462.1,2462.1,2462.1,25,0,2462.1,2440.5,2550.2
15575,2021-04-11 11:54:00,2462.1,2462.1,2462.1,2462.1,25,0,2462.1,2440.5,2550.2
15576,2021-04-11 11:55:00,2462.1,2462.1,2462.1,2462.1,25,0,2462.1,2440.5,2550.2
15577,2021-04-11 11:56:00,2462.1,2462.1,2462.1,2462.1,25,0,2462.1,2440.5,2550.2
15578,2021-04-11 11:57:00,2462.1,2462.1,2462.1,2462.1,25,0,2462.1,2440.5,2550.2
15579,2021-04-11 11:58:00,2462.1,2462.1,2462.1,2462.1,25,0,2462.1,2440.5,2550.2
15580,2021-04-11 11:59:00,2462.1,2462.1,2462.1,2462.1,25,0,2462.1,2440.5,2550.2
15581,2021-04-11 12:00:00,2462.1,2462.1,2462.1,2462.1,25,0,2462.1,2440.5,2550.2
15582,2021-04-11 12:01:00,2462.1,2462.1,2462.1,2462.1,25,0,2462.1,2440.5,2550.2
15583,2021-04-11 12:02:00,2462.1,2462.1,2462.1,2462.1,25,0,2462.1,2440.5,2550.2
15584,2021-04-11 12:03:00,2462.1,2462.1,2462.1,2462.1,25,0,2462.1,2440.5,2550.2
15585,2021-04-11 12:04:00,2462.1,2462.1,2462.1,2462.1,25,0,2462.1,2440.5,2550.2
15586,2021-04-11 12:05:00,2462.1,2462.1,2462.1,2462.1,25,0,2462.1,2440.5,2550.2
15587,2021-04-11 12:06:00,2462.1,2462.1,2462.1,2462.1,25,0,2462.1,2440.5,2550.2
15588,2021-04-11 12:07:00,2462.1,2462.1,2462.1,2462.1,25,0,2462.1,2440.5,2550.2
15589,2021-04-11 12:08:00,2462.1,2462.1,2462.1,2462.1,25,0,2462.1,2440.5,2550.2
15590,2021-04-11 12:09:00,2462.1,2462.1,2462.1,2462.1,25,0,2462.1,2440.5,2550.2
15591,2021-04-11 12:10:00,2462.1,2462.1,2462.1,2462.1,25,0,2462.1,2440.5,2550.2
15592,2021-04-11 12:11:00,2462.1,2462.1,2462.1,2462.1,25,0,2462.1,2440.5,2550.2
15593,2021-04-11 12:12:00,2462.1,2462.1,2462.1,2462.1,25,0,2462.1,2440.5,2550.2
15594,2021-04-11 12:13:00,2462.1,2462.1,2462.1,2462.1,25,0,2462.1,2440.5,2550.2
15595,2021-04-11 12:14:00,2462.1,2462.1,2462.1,2462.1,25,0,2462.1,2440.5,2550.2
15596,2021-04-11 12:15:00,2462.1,2462.1,2462.1,2462.1,25,0,2462.1,2440.5,2550.2
15597,2021-04-11 12:16:00,2462.1,2462.1,2462.1,2462.1,25,0,2462.1,2440.5,2550.2
15598,2021-04-11 12:17:00,2462.1,2462.1,2462.1,2462.1,25,0,2462.1,2440.5,2550.2
15599,2021-04-11 12:18:00,2462.1,2462.1,2462.1,2462.1,25,0,2462.1,2440.5,2550.2
15600,2021-04-11 12:19:00,2462.1,2462.1,2462.1,2462.1,25,0,2462.1,2440.5,2550.2
15601,2021-04-11 12:20:00,2462.1,2462.1,2462.1,2462.1,25,0,2462.1,2440.5,2550.2
15602,2021-04-11 12:21:00,2462.1,2462.1,2462.1,2462.1,25,0,2462.1,2440.5,2550.2
15603,2021-04-11 12:22:00,2462.1,2462.1,2462.1,2462.1,25,0,2462.1,2440.5,2550.2
15604,2021-04-11 12:23:00,2462.1,2462.1,2462.1,2462.1,25,0,2462.1,2440.5,2550.2
15605,2021-04-11 12:24:00,2462.1,2462.1,2462.1,2462.1,25,0,2462.1,2440.5,2550.2
15606,2021-04-11 12:25:00,2462.1,2462.1,2462.1,2462.1,25,0,2462.1,2440.5,2550.2
15607,2021-04-11 12:26:00,2462.1,2462.1,2462.1,2462.1,25,0,2462.1,2440.5,2550.2
15608,2021-04-11 12:27:00,2462.1,2462.1,2462.1,2462.1,25,0,2462.1,2440.5,2550.2
15609,2021-04-11 12:28:00,2462.1,2462.1,2462.1,2462.1,25,0,2462.1,2440.5,2550.2
15610,2021-04-11 12:29:00,2462.1,2462.1,2462.1,2462.1,25,0,2462.1,2440.5,2550.2
15611,2021-04-11 12:30:00,2462.1,2462.1,2462.1,2462.1,25,0,2462.1,2440.5,2550.2
15612,2021-04-11 12:31:00,2462.1,2462.1,2462.1,2462.1,25,0,2462.1,2440.5,2550.2
15613,2021-04-11 12:32:00,2462.1,2462.1,2462.1,2462.1,25,0,2462.1,2440.5,2550.2
15614,2021-04-11 12:33:00,2462.1,2462.1,2462.1,2462.1,25,0,2462.1,2440.5,2550.2
15615,2021-04-11 12:34:00,2462.1,2462.1,2462.1,2462.1,25,0,2462.1,2440.5,2550.2
15616,2021-04-11 12:35:00,2462.1,2462.1,2462.1,2462.1,25,0,2462.1,2440.5,2550.2
15617,2021-04-11 12:36:00,2462.1,2462.1,2462.1,2462.1,25,0,2462.1,2440.5,2550.2
15618,2021-04-11 12:37:00,2462.1,2462.1,2462.1,2462.1,25,0,2462.1,2440.5,2550.2
15619,2021-04-11 12:38:00,2462.1,2462.1,2462.1,2462.1,25,0,2462.1,2440.5,2550.2
15620,2021-04-11 12:39:00,2462.1,2462.1,2462.1,2462.1,25,0,2462.1,2440.5,2550.2
15621,2021-04-11 12:40:00,2462.1,2462.1,2462.1,2462.1,25,0,2462.1,2440.5,2550.2
15622,2021-04-11 12:41:00,2462.1,2462.1,2462.1,2462.1,25,0,2462.1,2440.5,2550.2
15623,2021-04-11 12:42:00,2462.1,2462.1,2462.1,2462.1,25,0,2462.1,2440.5,2550.2
15624,2021-04-11 12:43:00,2462.1,2462.1,2462.1,2462.1,25,0,2462.1,2440.5,2550.2
15625,2021-04-11 12:44:00,2462.1,2462.1,2462.1,2462.1,25,0,2462.1,2440.5,2550.2
15626,2021-04-11 12:45:00,2462.1,2462.1,2462.1,2462.1,25,0,2462.1,2440.5,2550.2
15627,2021-04-11 12:46:00,2462.1,2462.1,2462.1,2462.1,25,0,2462.1,2440.5,2550.2
15628,2021-04-11 12:47:00,2462.1,2462.1,2462.1,2462.1,25,0,2462.1,2440.5,2550.2
15629,2021-04-11 12:48:00,2462.1,2462.1,2462.1,2462.1,25,0,2462.1,2440.5,2550.2
15630,2021-04-11 12:49:00,2462.1,2462.1,2462.1,2462.1,25,0,2462.1,2440.5,2550.2
15631,2021-04-11 12:50:00,2462.1,2462.1,2462.1,2462.1,25,0,2462.1,2440.5,2550.2
15632,2021-04-11 12:51:00,2462.1,2462.1,2462.1,2462.1,25,0,2462.1,2440.5,2550.2
15633,2021-04-11 12:52:00,2462.1,2462.1,2462.1,2462.1,25,0,2462.1,2440.5,2550.2
15634,2021-04-11 12:53:00,2462.1,2462.1,2462.1,2462.1,25,0,2462.1,2440.5,2550.2
15635,2021-04-11 12:54:00,2462.1,2462.1,2462.1,2462.1,25,0,2462.1,2440.5,2550.2
15636,2021-04-11 12:55:00,2462.1,2462.1,2462.1,2462.1,25,0,2462.1,2440.5,2550.2
15637,2021-04-11 12:56:00,2462.1,2462.1,2462.1,2462.1,25,0,2462.1,2440.5,2550.2
15638,2021-04-11 12:57:00,2462.1,2462.1,2462.1,2462.1,25,0,2462.1,2440.5,2550.2
15639,2021-04-11 12:58:00,2462.1,2462.1,2462.1,2462.1,25,0,2462.1,2440.5,2550.2
15640,2021-04-11 12:59:00,2462.1,2462.1,2462.1,2462.1,25,0,2462.1,2440.5,2550.2
15641,2021-04-11 13:00:00,2462.1,2462.1,2462.1,2462.1,25,0,2462.1,2440.5,2550.2
15642,2021-04-11 13:01:00,2462.1,2462.1,2462.1,2462.1,25,0,2462.1,2440.5,2550.2
15643,2021-04-11 13:02:00,2462.1,2462.1,2462.1,2462.1,25,0,2462.1,2440.5,2550.2
15644,2021-04-11 13:03:00,2462.1,2462.1,2462.1,2462.1,25,0,2462.1,2440.5,2550.2
15645,2021-04-11 13:04:00,2462.1,2462.1,2462.1,2462.1,25,0,2462.1,2440.5,2550.2
15646,2021-04-11 13:05:00,2462.1,2462.1,2462.1,2462.1,25,0,2462.1,2440.5,2550.2
15647,2021-04-11 13:06:00,2462.1,2462.1,2462.1,2462.1,25,0,2462.1,2440.5,2550.2
15648,2021-04-11 13:07:00,2462.1,2462.1,2462.1,2462.1,25,0,2462.1,2440.5,2550.2
15649,2021-04-11 13:08:00,2462.1,2462.1,2462.1,2462.1,25,0,2462.1,2440.5,2550.2
15650,2021-04-11 13:09:00,2462.1,2462.1,2462.1,2462.1,25,0,2462.1,2440.5,2550.2
15651,2021-04-11 13:10:00,2462.1,2462.1,2462.1,2462.1,25,0,2462.1,2440.5,2550.2
15652,2021-04-11 13:11:00,2462.1,2462.1,2462.1,2462.1,25,0,2462.1,2440.5,2550.2
15653,2021-04-11 13:12:00,2462.1,2462.1,2462.1,2462.1,25,0,2462.1,2440.5,2550.2
15654,2021-04-11 13:13:00,2462.1,2462.1,2462.1,2462.1,25,0,2462.1,2440.5,2550.2
15655,2021-04-11 13:14:00,2462.1,2462.1,2462.1,2462.1,25,0,2462.1,2440.5,2550.2
15656,2021-04-11 13:15:00,2462.1,2462.1,2462.1,2462.1,25,0,2462.1,2440.5,2550.2
15657,2021-04-11 13:16:00,2462.1,2462.1,2462.1,2462.1,25,0,2462.1,2440.5,2550.2
15658,2021-04-11 13:17:00,2462.1,2462.1,2462.1,2462.1,25,0,2462.1,2440.5,2550.2
15659,2021-04-11 13:18:00,2462.1,2462.1,2462.1,2462.1,25,0,2462.1,2440.5,2550.2
15660,2021-04-11 13:19:00,2462.1,2462.1,2462.1,2462.1,25,0,2462.1,2440.5,2550.2
15661,2021-04-11 13:20:00,2462.1,2462.1,2462.1,2462.1,25,0,2462.1,2440.5,2550.2
15662,2021-04-11 13:21:00,2462.1,2462.1,2462.1,2462.1,25,0,2462.1,2440.5,2550.2
15663,2021-04-11 13:22:00,2462.1,2462.1,2462.1,2462.1,25,0,2462.1,2440.5,2550.2
15664,2021-04-11 13:23:00,2462.1,2462.1,2462.1,2462.1,25,0,2462.1,2440.5,2550.2
15665,2021-04-11 13:24:00,2462.1,2462.1,2462.1,2462.1,25,0,2462.1,2440.5,2550.2
15666,2021-04-11 13:25:00,2462.1,2462.1,2462.1,2462.1,25,0,2462.1,2440.5,2550.2
15667,2021-04-11 13:26:00,2462.1,2462.1,2462.1,2462.1,25,0,2462.1,2440.5,2550.2
15668,2021-04-11 13:27:00,2462.1,2462.1,2462.1,2462.1,25,0,2462.1,2440.5,2550.2
15669,2021-04-11 13:28:00,2462.1,2462.1,2462.1,2462.1,25,0,2462.1,2440.5,2550.2
15670,2021-04-11 13:29:00,2462.1,2462.1,2462.1,2462.1,25,0,2462.1,2440.5,2550.2
15671,2021-04-11 13:30:00,2462.1,2462.1,2462.1,2462.1,25,0,2462.1,2440.5,2550.2
15672,2021-04-11 13:31:00,2462.1,2462.1,2462.1,2462.1,25,0,2462.1,2440.5,2550.2
15673,2021-04-11 13:32:00,2462.1,2462.1,2462.1,2462.1,25,0,2462.1,2440.5,2550.2
15674,2021-04-11 13:33:00,2462.1,2462.1,2462.1,2462.1,25,0,2462.1,2440.5,2550.2
15675,2021-04-11 13:34:00,2462.1,2462.1,2462.1,2462.1,25,0,2462.1,2440.5,2550.2
15676,2021-04-11 13:35:00,2462.1,2462.1,2462.1,2462.1,25,0,2462.1,2440.5,2550.2
15677,2021-04-11 13:36:00,2462.1,2462.1,2462.1,2462.1,25,0,2462.1,2440.5,2550.2
15678,2021-04-11 13:37:00,2462.1,2462.1,2462.1,2462.1,25,0,2462.1,2440.5,2550.2
15679,2021-04-11 13:38:00,2462.1,2462.1,2462.1,2462.1,25,0,2462.1,2440.5,2550.2
15680,2021-04-11 13:39:00,2462.1,2462.1,2462.1,2462.1,25,0,2462.1,2440.5,2550.2
15681,2021-04-11 13:40:00,2462.1,2462.1,2462.1,2462.1,25,0,2462.1,2440.5,2550.2
15682,2021-04-11 13:41:00,2462.1,2462.1,2462.1,2462.1,25,0,2462.1,2440.5,2550.2
15683,2021-04-11 13:42:00,2462.1,2462.1,2462.1,2462.1,25,0,2462.1,2440.5,2550.2
15684,2021-04-11 13:43:00,2462.1,2462.1,2462.1,2462.1,25,0,2462.1,2440.5,2550.2
15685,2021-04-11 13:44:00,2462.1,2462.1,2462.1,2462.1,25,0,2462.1,2440.5,2550.2
15686,2021-04-11 13:45:00,2462.1,2462.1,2462.1,2462.1,25,0,2462.1,2440.5,2550.2
15687,2021-04-11 13:46:00,2462.1,2462.1,2462.1,2462.1,25,0,2462.1,2440.5,2550.2
15688,2021-04-11 13:47:00,2462.1,2462.1,2462.1,2462.1,25,0,2462.1,2440.5,2550.2
15689,2021-04-11 13:48:00,2462.1,2462.1,2462.1,2462.1,25,0,2462.1,2440.5,2550.2
15690,2021-04-11 13:49:00,2462.1,2462.1,2462.1,2462.1,25,0,2462.1,2440.5,2550.2
15691,2021-04-11 13:50:00,2462.1,2462.1,2462.1,2462.1,25,0,2462.1,2440.5,2550.2
15692,2021-04-11 13:51:00,2462.1,2462.1,2462.1,2462.1,25,0,2462.1,2440.5,2550.2
15693,2021-04-11 13:52:00,2462.1,2462.1,2462.1,2462.1,25,0,2462.1,2440.5,2550.2
15694,2021-04-11 13:53:00,2462.1,2462.1,2462.1,2462.1,25,0,2462.1,2440.5,2550.2
15695,2021-04-11 13:54:00,2462.1,2462.1,2462.1,2462.1,25,0,2462.1,2440.5,2550.2
15696,2021-04-11 13:55:00,2462.1,2462.1,2462.1,2462.1,25,0,2462.1,2440.5,2550.2
15697,2021-04-11 13:56:00,2462.1,2462.1,2462.1,2462.1,25,0,2462.1,2440.5,2550.2
15698,2021-04-11 13:57:00,2462.1,2462.1,2462.1,2462.1,25,0,2462.1,2440.5,2550.2
15699,2021-04-11 13:58:00,2462.1,2462.1,2462.1,2462.1,25,0,2462.1,2440.5,2550.2
15700,2021-04-11 13:59:00,2462.1,2462.1,2462.1,2462.1,25,0,2462.1,2440.5,2550.2
15701,2021-04-11 14:00:00,2462.1,2462.1,2462.1,2462.1,25,0,2462.1,2440.5,2550.2
15702,2021-04-11 14:01:00,2462.1,2462.1,2462.1,2462.1,25,0,2462.1,2440.5,2550.2
15703,2021-04-11 14:02:00,2462.1,2462.1,2462.1,2462.1,25,0,2462.1,2440.5,2550.2
15704,2021-04-11 14:03:00,2462.1,2462.1,2462.1,2462.1,25,0,2462.1,2440.5,2550.2
15705,2021-04-11 14:04:00,2462.1,2462.1,2462.1,2462.1,25,0,2462.1,2440.5,2550.2
15706,2021-04-11 14:05:00,2462.1,2462.1,2462.1,2462.1,25,0,2462.1,2440.5,2550.2
15707,2021-04-11 14:06:00,2462.1,2462.1,2462.1,2462.1,25,0,2462.1,2440.5,2550.2
15708,2021-04-11 14:07:00,2462.1,2462.1,2462.1,2462.1,25,0,2462.1,2440.5,2550.2
15709,2021-04-11 14:08:00,2462.1,2462.1,2462.1,2462.1,25,0,2462.1,2440.5,2550.2
15710,2021-04-11 14:09:00,2462.1,2462.1,2462.1,2462.1,25,0,2462.1,2440.5,2550.2
15711,2021-04-11 14:10:00,2462.1,2462.1,2462.1,2462.1,25,0,2462.1,2440.5,2550.2
15712,2021-04-11 14:11:00,2462.1,2462.1,2462.1,2462.1,25,0,2462.1,2440.5,2550.2
15713,2021-04-11 14:12:00,2462.1,2462.1,2462.1,2462.1,25,0,2462.1,2440.5,2550.2
15714,2021-04-11 14:13:00,2462.1,2462.1,2462.1,2462.1,25,0,2462.1,2440.5,2550.2
15715,2021-04-11 14:14:00,2462.1,2462.1,2462.1,2462.1,25,0,2462.1,2440.5,2550.2
15716,2021-04-11 14:15:00,2462.1,2462.1,2462.1,2462.1,25,0,2462.1,2440.5,2550.2
15717,2021-04-11 14:16:00,2462.1,2462.1,2462.1,2462.1,25,0,2462.1,2440.5,2550.2
15718,2021-04-11 14:17:00,2462.1,2462.1,2462.1,2462.1,25,0,2462.1,2440.5,2550.2
15719,2021-04-11 14:18:00,2462.1,2462.1,2462.1,2462.1,25,0,2462.1,2440.5,2550.2
15720,2021-04-11 14:19:00,2462.1,2462.1,2462.1,2462.1,25,0,2462.1,2440.5,2550.2
15721,2021-04-11 14:20:00,2462.1,2462.1,2462.1,2462.1,25,0,2462.1,2440.5,2550.2
15722,2021-04-11 14:21:00,2462.1,2462.1,2462.1,2462.1,25,0,2462.1,2440.5,2550.2
15723,2021-04-11 14:22:00,2462.1,2462.1,2462.1,2462.1,25,0,2462.1,2440.5,2550.2
15724,2021-04-11 14:23:00,2462.1,2462.1,2462.1,2462.1,25,0,2462.1,2440.5,2550.2
15725,2021-04-11 14:24:00,2462.1,2462.1,2462.1,2462.1,25,0,2462.1,2440.5,2550.2
15726,2021-04-11 14:25:00,2462.1,2462.1,2462.1,2462.1,25,0,2462.1,2440.5,2550.2
15727,2021-04-11 14:26:00,2462.1,2462.1,2462.1,2462.1,25,0,2462.1,2440.5,2550.2
15728,2021-04-11 14:27:00,2462.1,2462.1,2462.1,2462.1,25,0,2462.1,2440.5,2550.2
15729,2021-04-11 14:28:00,2462.1,2462.1,2462.1,2462.1,25,0,2462.1,2440.5,2550.2
15730,2021-04-11 14:29:00,2462.1,2462.1,2462.1,2462.1,25,0,2462.1,2440.5,2550.2
15731,2021-04-11 14:30:00,2462.1,2462.1,2462.1,2462.1,25,0,2462.1,2440.5,2550.2
15732,2021-04-11 14:31:00,2462.1,2462.1,2462.1,2462.1,25,0,2462.1,2440.5,2550.2
15733,2021-04-11 14:32:00,2462.1,2462.1,2462.1,2462.1,25,0,2462.1,2440.5,2550.2
15734,2021-04-11 14:33:00,2462.1,2462.1,2462.1,2462.1,25,0,2462.1,2440.5,2550.2
15735,2021-04-11 14:34:00,2462.1,2462.1,2462.1,2462.1,25,0,2462.1,2440.5,2550.2
15736,2021-04-11 14:35:00,2462.1,2462.1,2462.1,2462.1,25,0,2462.1,2440.5,2550.2
15737,2021-04-11 14:36:00,2462.1,2462.1,2462.1,2462.1,25,0,2462.1,2440.5,2550.2
15738,2021-04-11 14:37:00,2462.1,2462.1,2462.1,2462.1,25,0,2462.1,2440.5,2550.2
15739,2021-04-11 14:38:00,2462.1,2462.1,2462.1,2462.1,25,0,2462.1,2440.5,2550.2
15740,2021-04-11 14:39:00,2462.1,2462.1,2462.1,2462.1,25,0,2462.1,2440.5,2550.2
15741,2021-04-11 14:40:00,2462.1,2462.1,2462.1,2462.1,25,0,2462.1,2440.5,2550.2
15742,2021-04-11 14:41:00,2462.1,2462.1,2462.1,2462.1,25,0,2462.1,2440.5,2550.2
15743,2021-04-11 14:42:00,2462.1,2462.1,2462.1,2462.1,25,0,2462.1,2440.5,2550.2
15744,2021-04-11 14:43:00,2462.1,2462.1,2462.1,2462.1,25,0,2462.1,2440.5,2550.2
15745,2021-04-11 14:44:00,2462.1,2462.1,2462.1,2462.1,25,0,2462.1,2440.5,2550.2
15746,2021-04-11 14:45:00,2462.1,2462.1,2462.1,2462.1,25,0,2462.1,2440.5,2550.2
15747,2021-04-11 14:46:00,2462.1,2462.1,2462.1,2462.1,25,0,2462.1,2440.5,2550.2
15748,2021-04-11 14:47:00,2462.1,2462.1,2462.1,2462.1,25,0,2462.1,2440.5,2550.2
15749,2021-04-11 14:48:00,2462.1,2462.1,2462.1,2462.1,25,0,2462.1,2440.5,2550.2
15750,2021-04-11 14:49:00,2462.1,2462.1,2462.1,2462.1,25,0,2462.1,2440.5,2550.2
15751,2021-04-11 14:50:00,2462.1,2462.1,2462.1,2462.1,25,0,2462.1,2440.5,2550.2
15752,2021-04-11 14:51:00,2462.1,2462.1,2462.1,2462.1,25,0,2462.1,2440.5,2550.2
15753,2021-04-11 14:52:00,2462.1,2462.1,2462.1,2462.1,25,0,2462.1,2440.5,2550.2
15754,2021-04-11 14:53:00,2462.1,2462.1,2462.1,2462.1,25,0,2462.1,2440.5,2550.2
15755,2021-04-11 14:54:00,2462.1,2462.1,2462.1,2462.1,25,0,2462.1,2440.5,2550.2
15756,2021-04-11 14:55:00,2462.1,2462.1,2462.1,2462.1,25,0,2462.1,2440.5,2550.2
15757,2021-04-11 14:56:00,2462.1,2462.1,2462.1,2462.1,25,0,2462.1,2440.5,2550.2
15758,2021-04-11 14:57:00,2462.1,2462.1,2462.1,2462.1,25,0,2462.1,2440.5,2550.2
15759,2021-04-11 14:58:00,2462.1,2462.1,2462.1,2462.1,25,0,2462.1,2440.5,2550.2
15760,2021-04-11 14:59:00,2462.1,2462.1,2462.1,2462.1,25,0,2462.1,2440.5,2550.2
15761,2021-04-11 15:00:00,2462.1,2462.1,2462.1,2462.1,25,0,2462.1,2440.5,2550.2
15762,2021-04-11 15:01:00,2462.1,2462.1,2462.1,2462.1,25,0,2462.1,2440.5,2550.2
15763,2021-04-11 15:02:00,2462.1,2462.1,2462.1,2462.1,25,0,2462.1,2440.5,2550.2
15764,2021-04-11 15:03:00,2462.1,2462.1,2462.1,2462.1,25,0,2462.1,2440.5,2550.2
15765,2021-04-11 15:04:00,2462.1,2462.1,2462.1,2462.1,25,0,2462.1,2440.5,2550.2
15766,2021-04-11 15:05:00,2462.1,2462.1,2462.1,2462.1,25,0,2462.1,2440.5,2550.2
15767,2021-04-11 15:06:00,2462.1,2462.1,2462.1,2462.1,25,0,2462.1,2440.5,2550.2
15768,2021-04-11 15:07:00,2462.1,2462.1,2462.1,2462.1,25,0,2462.1,2440.5,2550.2
15769,2021-04-11 15:08:00,2462.1,2462.1,2462.1,2462.1,25,0,2462.1,2440.5,2550.2
15770,2021-04-11 15:09:00,2462.1,2462.1,2462.1,2462.1,25,0,2462.1,2440.5,2550.2
15771,2021-04-11 15:10:00,2462.1,2462.1,2462.1,2462.1,25,0,2462.1,2440.5,2550.2
15772,2021-04-11 15:11:00,2462.1,2462.1,2462.1,2462.1,25,0,2462.1,2440.5,2550.2
15773,2021-04-11 15:12:00,2462.1,2462.1,2462.1,2462.1,25,0,2462.1,2440.5,2550.2
15774,2021-04-11 15:13:00,2462.1,2462.1,2462.1,2462.1,25,0,2462.1,2440.5,2550.2
15775,2021-04-11 15:14:00,2462.1,2462.1,2462.1,2462.1,25,0,2462.1,2440.5,2550.2
15776,2021-04-11 15:15:00,2462.1,2462.1,2462.1,2462.1,25,0,2462.1,2440.5,2550.2
15777,2021-04-11 15:16:00,2462.1,2462.1,2462.1,2462.1,25,0,2462.1,2440.5,2550.2
15778,2021-04-11 15:17:00,2462.1,2462.1,2462.1,2462.1,25,0,2462.1,2440.5,2550.2
15779,2021-04-11 15:18:00,2462.1,2462.1,2462.1,2462.1,25,0,2462.1,2440.5,2550.2
15780,2021-04-11 15:19:00,2462.1,2462.1,2462.1,2462.1,25,0,2462.1,2440.5,2550.2
15781,2021-04-11 15:20:00,2462.1,2462.1,2462.1,2462.1,25,0,2462.1,2440.5,2550.2
15782,2021-04-11 15:21:00,2462.1,2462.1,2462.1,2462.1,25,0,2462.1,2440.5,2550.2
15783,2021-04-11 15:22:00,2462.1,2462.1,2462.1,2462.1,25,0,2462.1,2440.5,2550.2
15784,2021-04-11 15:23:00,2462.1,2462.1,2462.1,2462.1,25,0,2462.1,2440.5,2550.2
15785,2021-04-11 15:24:00,2462.1,2462.1,2462.1,2462.1,25,0,2462.1,2440.5,2550.2
15786,2021-04-11 15:25:00,2462.1,2462.1,2462.1,2462.1,25,0,2462.1,2440.5,2550.2
15787,2021-04-11 15:26:00,2462.1,2462.1,2462.1,2462.1,25,0,2462.1,2440.5,2550.2
15788,2021-04-11 15:27:00,2462.1,2462.1,2462.1,2462.1,25,0,2462.1,2440.5,2550.2
15789,2021-04-11 15:28:00,2462.1,2462.1,2462.1,2462.1,25,0,2462.1,2440.5,2550.2
15790,2021-04-11 15:29:00,2462.1,2462.1,2462.1,2462.1,25,0,2462.1,2440.5,2550.2
15791,2021-04-11 15:30:00,2462.1,2462.1,2462.1,2462.1,25,0,2462.1,2440.5,2550.2
15792,2021-04-12 09:15:00,2462.1,2462.1,2462.1,2462.1,25,0,2462.1,2440.5,2550.2
15793,2021-04-12 09:16:00,2462.1,2462.1,2462.1,2462.1,25,0,2462.1,2440.5,2550.2
15794,2021-04-12 09:17:00,2462.1,2462.1,2462.1,2462.1,25,0,2462.1,2440.5,2550.2
15795,2021-04-12 09:18:00,2462.1,2462.1,2462.1,2462.1,25,0,2462.1,2440.5,2550.2
15796,2021-04-12 09:19:00,2462.1,2462.1,2462.1,2462.1,25,0,2462.1,2440.5,2550.2
15797,2021-04-12 09:20:00,2462.1,2462.1,2462.1,2462.1,25,0,2462.1,2440.5,2550.2
15798,2021-04-12 09:21:00,2462.1,2462.1,2462.1,2462.1,25,0,2462.1,2440.5,2550.2
15799,2021-04-12 09:22:00,2462.1,2462.1,2462.1,2462.1,25,0,2462.1,2440.5,2550.2
15800,2021-04-12 09:23:00,2462.1,2462.1,2462.1,2462.1,25,0,2462.1,2440.5,2550.2
15801,2021-04-12 09:24:00,2462.1,2462.1,2462.1,2462.1,25,0,2462.1,2440.5,2550.2
15802,2021-04-12 09:25:00,2462.1,2462.1,2462.1,2462.1,25,0,2462.1,2440.5,2550.2
15803,2021-04-12 09:26:00,2462.1,2462.1,2462.1,2462.1,25,0,2462.1,2440.5,2550.2
15804,2021-04-12 09:27:00,2462.1,2462.1,2462.1,2462.1,25,0,2462.1,2440.5,2550.2
15805,2021-04-12 09:28:00,2462.1,2462.1,2462.1,2462.1,25,0,2462.1,2440.5,2550.2
15806,2021-04-12 09:29:00,2462.1,2462.1,2462.1,2462.1,25,0,2462.1,2440.5,2550.2
15807,2021-04-12 09:30:00,2462.1,2462.1,2462.1,2462.1,25,0,2462.1,2440.5,2550.2
15808,2021-04-12 09:31:00,2462.1,2462.1,2462.1,2462.1,25,0,2462.1,2440.5,2550.2
15809,2021-04-12 09:32:00,2462.1,2462.1,2462.1,2462.1,25,0,2462.1,2440.5,2550.2
15810,2021-04-12 09:33:00,2462.1,2462.1,2462.1,2462.1,25,0,2462.1,2440.5,2550.2
15811,2021-04-12 09:34:00,2462.1,2462.1,2462.1,2462.1,25,0,2462.1,2440.5,2550.2
15812,2021-04-12 09:35:00,2462.1,2462.1,2462.1,2462.1,25,0,2462.1,2440.5,2550.2
15813,2021-04-12 09:36:00,2462.1,2462.1,2462.1,2462.1,25,0,2462.1,2440.5,2550.2
15814,2021-04-12 09:37:00,2462.1,2462.1,2462.1,2462.1,25,0,2462.1,2440.5,2550.2
15815,2021-04-12 09:38:00,2462.1,2462.1,2462.1,2462.1,25,0,2462.1,2440.5,2550.2
15816,2021-04-12 09:39:00,2462.1,2462.1,2462.1,2462.1,25,0,2462.1,2440.5,2550.2
15817,2021-04-12 09:40:00,2462.1,2462.1,2462.1,2462.1,25,0,2462.1,2440.5,2550.2
15818,2021-04-12 09:41:00,2462.1,2462.1,2462.1,2462.1,25,0,2462.1,2440.5,2550.2
15819,2021-04-12 09:42:00,2462.1,2462.1,2462.1,2462.1,25,0,2462.1,2440.5,2550.2
15820,2021-04-12 09:43:00,2462.1,2462.1,2462.1,2462.1,25,0,2462.1,2440.5,2550.2
15821,2021-04-12 09:44:00,2462.1,2462.1,2462.1,2462.1,25,0,2462.1,2440.5,2550.2
15822,2021-04-12 09:45:00,2462.1,2462.1,2462.1,2462.1,25,0,2462.1,2440.5,2550.2
15823,2021-04-12 09:46:00,2462.1,2462.1,2462.1,2462.1,25,0,2462.1,2440.5,2550.2
15824,2021-04-12 09:47:00,2462.1,2462.1,2462.1,2462.1,25,0,2462.1,2440.5,2550.2
15825,2021-04-12 09:48:00,2462.1,2462.1,2462.1,2462.1,25,0,2462.1,2440.5,2550.2
15826,2021-04-12 09:49:00,2462.1,2462.1,2462.1,2462.1,25,0,2462.1,2440.5,2550.2
15827,2021-04-12 09:50:00,2462.1,2462.1,2462.1,2462.1,25,0,2462.1,2440.5,2550.2
15828,2021-04-12 09:51:00,2462.1,2462.1,2462.1,2462.1,25,0,2462.1,2440.5,2550.2
15829,2021-04-12 09:52:00,2462.1,2462.1,2462.1,2462.1,25,0,2462.1,2440.5,2550.2
15830,2021-04-12 09:53:00,2462.1,2462.1,2462.1,2462.1,25,0,2462.1,2440.5,2550.2
15831,2021-04-12 09:54:00,2462.1,2462.1,2462.1,2462.1,25,0,2462.1,2440.5,2550.2
15832,2021-04-12 09:55:00,2462.1,2462.1,2462.1,2462.1,25,0,2462.1,2440.5,2550.2
15833,2021-04-12 09:56:00,2462.1,2462.1,2462.1,2462.1,25,0,2462.1,2440.5,2550.2
15834,2021-04-12 09:57:00,2462.1,2462.1,2462.1,2462.1,25,0,2462.1,2440.5,2550.2
15835,2021-04-12 09:58:00,2462.1,2462.1,2462.1,2462.1,25,0,2462.1,2440.5,2550.2
15836,2021-04-12 09:59:00,2462.1,2462.1,2462.1,2462.1,25,0,2462.1,2440.5,2550.2
15837,2021-04-12 10:00:00,2462.1,2462.1,2462.1,2462.1,25,0,2462.1,2440.5,2550.2
15838,2021-04-12 10:01:00,2462.1,2462.1,2462.1,2462.1,25,0,2462.1,2440.5,2550.2
15839,2021-04-12 10:02:00,2462.1,2462.1,2462.1,2462.1,25,0,2462.1,2440.5,2550.2
15840,2021-04-12 10:03:00,2462.1,2462.1,2462.1,2462.1,25,0,2462.1,2440.5,2550.2
15841,2021-04-12 10:04:00,2462.1,2462.1,2462.1,2462.1,25,0,2462.1,2440.5,2550.2
15842,2021-04-12 10:05:00,2462.1,2462.1,2462.1,2462.1,25,0,2462.1,2440.5,2550.2
15843,2021-04-12 10:06:00,2462.1,2462.1,2462.1,2462.1,25,0,2462.1,2440.5,2550.2
15844,2021-04-12 10:07:00,2462.1,2462.1,2462.1,2462.1,25,0,2462.1,2440.5,2550.2
15845,2021-04-12 10:08:00,2462.1,2462.1,2462.1,2462.1,25,0,2462.1,2440.5,2550.2
15846,2021-04-12 10:09:00,2462.1,2462.1,2462.1,2462.1,25,0,2462.1,2440.5,2550.2
15847,2021-04-12 10:10:00,2462.1,2462.1,2462.1,2462.1,25,0,2462.1,2440.5,2550.2
15848,2021-04-12 10:11:00,2462.1,2462.1,2462.1,2462.1,25,0,2462.1,2440.5,2550.2
15849,2021-04-12 10:12:00,2462.1,2462.1,2462.1,2462.1,25,0,2462.1,2440.5,2550.2
15850,2021-04-12 10:13:00,2462.1,2462.1,2462.1,2462.1,25,0,2462.1,2440.5,2550.2
15851,2021-04-12 10:14:00,2462.1,2462.1,2462.1,2462.1,25,0,2462.1,2440.5,2550.2
15852,2021-04-12 10:15:00,2462.1,2462.1,2462.1,2462.1,25,0,2462.1,2440.5,2550.2
15853,2021-04-12 10:16:00,2462.1,2462.1,2462.1,2462.1,25,0,2462.1,2440.5,2550.2
15854,2021-04-12 10:17:00,2462.1,2462.1,2462.1,2462.1,25,0,2462.1,2440.5,2550.2
15855,2021-04-12 10:18:00,2462.1,2462.1,2462.1,2462.1,25,0,2462.1,2440.5,2550.2
15856,2021-04-12 10:19:00,2462.1,2462.1,2462.1,2462.1,25,0,2462.1,2440.5,2550.2
15857,2021-04-12 10:20:00,2462.1,2462.1,2462.1,2462.1,25,0,2462.1,2440.5,2550.2
15858,2021-04-12 10:21:00,2462.1,2462.1,2462.1,2462.1,25,0,2462.1,2440.5,2550.2
15859,2021-04-12 10:22:00,2462.1,2462.1,2462.1,2462.1,25,0,2462.1,2440.5,2550.2
15860,2021-04-12 10:23:00,2462.1,2462.1,2462.1,2462.1,25,0,2462.1,2440.5,2550.2
15861,2021-04-12 10:24:00,2462.1,2462.1,2462.1,2462.1,25,0,2462.1,2440.5,2550.2
15862,2021-04-12 10:25:00,2462.1,2462.1,2462.1,2462.1,25,0,2462.1,2440.5,2550.2
15863,2021-04-12 10:26:00,2462.1,2462.1,2462.1,2462.1,25,0,2462.1,2440.5,2550.2
15864,2021-04-12 10:27:00,2462.1,2462.1,2462.1,2462.1,25,0,2462.1,2440.5,2550.2
15865,2021-04-12 10:28:00,2462.1,2462.1,2462.1,2462.1,25,0,2462.1,2440.5,2550.2
15866,2021-04-12 10:29:00,2462.1,2462.1,2462.1,2462.1,25,0,2462.1,2440.5,2550.2
15867,2021-04-12 10:30:00,2462.1,2462.1,2462.1,2462.1,25,0,2462.1,2440.5,2550.2
15868,2021-04-12 10:31:00,2462.1,2462.1,2462.1,2462.1,25,0,2462.1,2440.5,2550.2
15869,2021-04-12 10:32:00,2462.1,2462.1,2462.1,2462.1,25,0,2462.1,2440.5,2550.2
15870,2021-04-12 10:33:00,2462.1,2462.1,2462.1,2462.1,25,0,2462.1,2440.5,2550.2
15871,2021-04-12 10:34:00,2462.1,2462.1,2462.1,2462.1,25,0,2462.1,2440.5,2550.2
15872,2021-04-12 10:35:00,2462.1,2462.1,2462.1,2462.1,25,0,2462.1,2440.5,2550.2
15873,2021-04-12 10:36:00,2462.1,2462.1,2462.1,2462.1,25,0,2462.1,2440.5,2550.2
15874,2021-04-12 10:37:00,2462.1,2462.1,2462.1,2462.1,25,0,2462.1,2440.5,2550.2
15875,2021-04-12 10:38:00,2462.1,2462.1,2462.1,2462.1,25,0,2462.1,2440.5,2550.2
15876,2021-04-12 10:39:00,2462.1,2462.1,2462.1,2462.1,25,0,2462.1,2440.5,2550.2
15877,2021-04-12 10:40:00,2462.1,2462.1,2462.1,2462.1,25,0,2462.1,2440.5,2550.2
15878,2021-04-12 10:41:00,2462.1,2462.1,2462.1,2462.1,25,0,2462.1,2440.5,2550.2
15879,2021-04-12 10:42:00,2462.1,2462.1,2462.1,2462.1,25,0,2462.1,2440.5,2550.2
15880,2021-04-12 10:43:00,2462.1,2462.1,2462.1,2462.1,25,0,2462.1,2440.5,2550.2
15881,2021-04-12 10:44:00,2462.1,2462.1,2462.1,2462.1,25,0,2462.1,2440.5,2550.2
15882,2021-04-12 10:45:00,2462.1,2462.1,2462.1,2462.1,25,0,2462.1,2440.5,2550.2
15883,2021-04-12 10:46:00,2462.1,2462.1,2462.1,2462.1,25,0,2462.1,2440.5,2550.2
15884,2021-04-12 10:47:00,2462.1,2462.1,2462.1,2462.1,25,0,2462.1,2440.5,2550.2
15885,2021-04-12 10:48:00,2462.1,2462.1,2462.1,2462.1,25,0,2462.1,2440.5,2550.2
15886,2021-04-12 10:49:00,2462.1,2462.1,2462.1,2462.1,25,0,2462.1,2440.5,2550.2
15887,2021-04-12 10:50:00,2462.1,2462.1,2462.1,2462.1,25,0,2462.1,2440.5,2550.2
15888,2021-04-12 10:51:00,2462.1,2462.1,2462.1,2462.1,25,0,2462.1,2440.5,2550.2
15889,2021-04-12 10:52:00,2462.1,2462.1,2462.1,2462.1,25,0,2462.1,2440.5,2550.2
15890,2021-04-12 10:53:00,2462.1,2462.1,2462.1,2462.1,25,0,2462.1,2440.5,2550.2
15891,2021-04-12 10:54:00,2462.1,2462.1,2462.1,2462.1,25,0,2462.1,2440.5,2550.2
15892,2021-04-12 10:55:00,2462.1,2462.1,2462.1,2462.1,25,0,2462.1,2440.5,2550.2
15893,2021-04-12 10:56:00,2462.1,2462.1,2462.1,2462.1,25,0,2462.1,2440.5,2550.2
15894,2021-04-12 10:57:00,2462.1,2462.1,2462.1,2462.1,25,0,2462.1,2440.5,2550.2
15895,2021-04-12 10:58:00,2462.1,2462.1,2462.1,2462.1,25,0,2462.1,2440.5,2550.2
15896,2021-04-12 10:59:00,2462.1,2462.1,2462.1,2462.1,25,0,2462.1,2440.5,2550.2
15897,2021-04-12 11:00:00,2462.1,2462.1,2462.1,2462.1,25,0,2462.1,2440.5,2550.2
15898,2021-04-12 11:01:00,2462.1,2462.1,2462.1,2462.1,25,0,2462.1,2440.5,2550.2
15899,2021-04-12 11:02:00,2462.1,2462.1,2462.1,2462.1,25,0,2462.1,2440.5,2550.2
15900,2021-04-12 11:03:00,2462.1,2462.1,2462.1,2462.1,25,0,2462.1,2440.5,2550.2
15901,2021-04-12 11:04:00,2462.1,2462.1,2462.1,2462.1,25,0,2462.1,2440.5,2550.2
15902,2021-04-12 11:05:00,2462.1,2462.1,2462.1,2462.1,25,0,2462.1,2440.5,2550.2
15903,2021-04-12 11:06:00,2462.1,2462.1,2462.1,2462.1,25,0,2462.1,2440.5,2550.2
15904,2021-04-12 11:07:00,2462.1,2462.1,2462.1,2462.1,25,0,2462.1,2440.5,2550.2
15905,2021-04-12 11:08:00,2462.1,2462.1,2462.1,2462.1,25,0,2462.1,2440.5,2550.2
15906,2021-04-12 11:09:00,2462.1,2462.1,2462.1,2462.1,25,0,2462.1,2440.5,2550.2
15907,2021-04-12 11:10:00,2462.1,2462.1,2462.1,2462.1,25,0,2462.1,2440.5,2550.2
15908,2021-04-12 11:11:00,2462.1,2462.1,2462.1,2462.1,25,0,2462.1,2440.5,2550.2
15909,2021-04-12 11:12:00,2462.1,2462.1,2462.1,2462.1,25,0,2462.1,2440.5,2550.2
15910,2021-04-12 11:13:00,2462.1,2462.1,2462.1,2462.1,25,0,2462.1,2440.5,2550.2
15911,2021-04-12 11:14:00,2462.1,2462.1,2462.1,2462.1,25,0,2462.1,2440.5,2550.2
15912,2021-04-12 11:15:00,2462.1,2462.1,2462.1,2462.1,25,0,2462.1,2440.5,2550.2
15913,2021-04-12 11:16:00,2462.1,2462.1,2462.1,2462.1,25,0,2462.1,2440.5,2550.2
15914,2021-04-12 11:17:00,2462.1,2462.1,2462.1,2462.1,25,0,2462.1,2440.5,2550.2
15915,2021-04-12 11:18:00,2462.1,2462.1,2462.1,2462.1,25,0,2462.1,2440.5,2550.2
15916,2021-04-12 11:19:00,2462.1,2462.1,2462.1,2462.1,25,0,2462.1,2440.5,2550.2
15917,2021-04-12 11:20:00,2462.1,2462.1,2462.1,2462.1,25,0,2462.1,2440.5,2550.2
15918,2021-04-12 11:21:00,2462.1,2462.1,2462.1,2462.1,25,0,2462.1,2440.5,2550.2
15919,2021-04-12 11:22:00,2462.1,2462.1,2462.1,2462.1,25,0,2462.1,2440.5,2550.2
15920,2021-04-12 11:23:00,2462.1,2462.1,2462.1,2462.1,25,0,2462.1,2440.5,2550.2
15921,2021-04-12 11:24:00,2462.1,2462.1,2462.1,2462.1,25,0,2462.1,2440.5,2550.2
15922,2021-04-12 11:25:00,2462.1,2462.1,2462.1,2462.1,25,0,2462.1,2440.5,2550.2
15923,2021-04-12 11:26:00,2462.1,2462.1,2462.1,2462.1,25,0,2462.1,2440.5,2550.2
15924,2021-04-12 11:27:00,2462.1,2462.1,2462.1,2462.1,25,0,2462.1,2440.5,2550.2
15925,2021-04-12 11:28:00,2462.1,2462.1,2462.1,2462.1,25,0,2462.1,2440.5,2550.2
15926,2021-04-12 11:29:00,2462.1,2462.1,2462.1,2462.1,25,0,2462.1,2440.5,2550.2
15927,2021-04-12 11:30:00,2462.1,2462.1,2462.1,2462.1,25,0,2462.1,2440.5,2550.2
15928,2021-04-12 11:31:00,2462.1,2462.1,2462.1,2462.1,25,0,2462.1,2440.5,2550.2
15929,2021-04-12 11:32:00,2462.1,2462.1,2462.1,2462.1,25,0,2462.1,2440.5,2550.2
15930,2021-04-12 11:33:00,2462.1,2462.1,2462.1,2462.1,25,0,2462.1,2440.5,2550.2
15931,2021-04-12 11:34:00,2462.1,2462.1,2462.1,2462.1,25,0,2462.1,2440.5,2550.2
15932,2021-04-12 11:35:00,2462.1,2462.1,2462.1,2462.1,25,0,2462.1,2440.5,2550.2
15933,2021-04-12 11:36:00,2462.1,2462.1,2462.1,2462.1,25,0,2462.1,2440.5,2550.2
15934,2021-04-12 11:37:00,2462.1,2462.1,2462.1,2462.1,25,0,2462.1,2440.5,2550.2
15935,2021-04-12 11:38:00,2462.1,2462.1,2462.1,2462.1,25,0,2462.1,2440.5,2550.2
15936,2021-04-12 11:39:00,2462.1,2462.1,2462.1,2462.1,25,0,2462.1,2440.5,2550.2
15937,2021-04-12 11:40:00,2462.1,2462.1,2462.1,2462.1,25,0,2462.1,2440.5,2550.2
15938,2021-04-12 11:41:00,2462.1,2462.1,2462.1,2462.1,25,0,2462.1,2440.5,2550.2
15939,2021-04-12 11:42:00,2462.1,2462.1,2462.1,2462.1,25,0,2462.1,2440.5,2550.2
15940,2021-04-12 11:43:00,2462.1,2462.1,2462.1,2462.1,25,0,2462.1,2440.5,2550.2
15941,2021-04-12 11:44:00,2462.1,2462.1,2462.1,2462.1,25,0,2462.1,2440.5,2550.2
15942,2021-04-12 11:45:00,2462.1,2462.1,2462.1,2462.1,25,0,2462.1,2440.5,2550.2
15943,2021-04-12 11:46:00,2462.1,2462.1,2462.1,2462.1,25,0,2462.1,2440.5,2550.2
15944,2021-04-12 11:47:00,2462.1,2462.1,2462.1,2462.1,25,0,2462.1,2440.5,2550.2
15945,2021-04-12 11:48:00,2462.1,2462.1,2462.1,2462.1,25,0,2462.1,2440.5,2550.2
15946,2021-04-12 11:49:00,2462.1,2462.1,2462.1,2462.1,25,0,2462.1,2440.5,2550.2
15947,2021-04-12 11:50:00,2462.1,2462.1,2462.1,2462.1,25,0,2462.1,2440.5,2550.2
15948,2021-04-12 11:51:00,2462.1,2462.1,2462.1,2462.1,25,0,2462.1,2440.5,2550.2
15949,2021-04-12 11:52:00,2462.1,2462.1,2462.1,2462.1,25,0,2462.1,2440.5,2550.2
15950,2021-04-12 11:53:00,2462.1,2462.1,2462.1,2462.1,25,0,2462.1,2440.5,2550.2
15951,2021-04-12 11:54:00,2462.1,2462.1,2462.1,2462.1,25,0,2462.1,2440.5,2550.2
15952,2021-04-12 11:55:00,2462.1,2462.1,2462.1,2462.1,25,0,2462.1,2440.5,2550.2
15953,2021-04-12 11:56:00,2462.1,2462.1,2462.1,2462.1,25,0,2462.1,2440.5,2550.2
15954,2021-04-12 11:57:00,2462.1,2462.1,2462.1,2462.1,25,0,2462.1,2440.5,2550.2
15955,2021-04-12 11:58:00,2462.1,2462.1,2462.1,2462.1,25,0,2462.1,2440.5,2550.2
15956,2021-04-12 11:59:00,2462.1,2462.1,2462.1,2462.1,25,0,2462.1,2440.5,2550.2
15957,2021-04-12 12:00:00,2462.1,2462.1,2462.1,2462.1,25,0,2462.1,2440.5,2550.2
15958,2021-04-12 12:01:00,2462.1,2462.1,2462.1,2462.1,25,0,2462.1,2440.5,2550.2
15959,2021-04-12 12:02:00,2462.1,2462.1,2462.1,2462.1,25,0,2462.1,2440.5,2550.2
15960,2021-04-12 12:03:00,2462.1,2462.1,2462.1,2462.1,25,0,2462.1,2440.5,2550.2
15961,2021-04-12 12:04:00,2462.1,2462.1,2462.1,2462.1,25,0,2462.1,2440.5,2550.2
15962,2021-04-12 12:05:00,2462.1,2462.1,2462.1,2462.1,25,0,2462.1,2440.5,2550.2
15963,2021-04-12 12:06:00,2462.1,2462.1,2462.1,2462.1,25,0,2462.1,2440.5,2550.2
15964,2021-04-12 12:07:00,2462.1,2462.1,2462.1,2462.1,25,0,2462.1,2440.5,2550.2
15965,2021-04-12 12:08:00,2462.1,2462.1,2462.1,2462.1,25,0,2462.1,2440.5,2550.2
15966,2021-04-12 12:09:00,2462.1,2462.1,2462.1,2462.1,25,0,2462.1,2440.5,2550.2
15967,2021-04-12 12:10:00,2462.1,2462.1,2462.1,2462.1,25,0,2462.1,2440.5,2550.2
15968,2021-04-12 12:11:00,2462.1,2462.1,2462.1,2462.1,25,0,2462.1,2440.5,2550.2
15969,2021-04-12 12:12:00,2462.1,2462.1,2462.1,2462.1,25,0,2462.1,2440.5,2550.2
15970,2021-04-12 12:13:00,2462.1,2462.1,2462.1,2462.1,25,0,2462.1,2440.5,2550.2
15971,2021-04-12 12:14:00,2462.1,2462.1,2462.1,2462.1,25,0,2462.1,2440.5,2550.2
15972,2021-04-12 12:15:00,2462.1,2462.1,2462.1,2462.1,25,0,2462.1,2440.5,2550.2
15973,2021-04-12 12:16:00,2462.1,2462.1,2462.1,2462.1,25,0,2462.1,2440.5,2550.2
15974,2021-04-12 12:17:00,2462.1,2462.1,2462.1,2462.1,25,0,2462.1,2440.5,2550.2
15975,2021-04-12 12:18:00,2462.1,2462.1,2462.1,2462.1,25,0,2462.1,2440.5,2550.2
15976,2021-04-12 12:19:00,2462.1,2462.1,2462.1,2462.1,25,0,2462.1,2440.5,2550.2
15977,2021-04-12 12:20:00,2462.1,2462.1,2462.1,2462.1,25,0,2462.1,2440.5,2550.2
15978,2021-04-12 12:21:00,2462.1,2462.1,2462.1,2462.1,25,0,2462.1,2440.5,2550.2
15979,2021-04-12 12:22:00,2462.1,2462.1,2462.1,2462.1,25,0,2462.1,2440.5,2550.2
15980,2021-04-12 12:23:00,2462.1,2462.1,2462.1,2462.1,25,0,2462.1,2440.5,2550.2
15981,2021-04-12 12:24:00,2462.1,2462.1,2462.1,2462.1,25,0,2462.1,2440.5,2550.2
15982,2021-04-12 12:25:00,2462.1,2462.1,2462.1,2462.1,25,0,2462.1,2440.5,2550.2
15983,2021-04-12 12:26:00,2462.1,2462.1,2462.1,2462.1,25,0,2462.1,2440.5,2550.2
15984,2021-04-12 12:27:00,2462.1,2462.1,2462.1,2462.1,25,0,2462.1,2440.5,2550.2
15985,2021-04-12 12:28:00,2462.1,2462.1,2462.1,2462.1,25,0,2462.1,2440.5,2550.2
15986,2021-04-12 12:29:00,2462.1,2462.1,2462.1,2462.1,25,0,2462.1,2440.5,2550.2
15987,2021-04-12 12:30:00,2462.1,2462.1,2462.1,2462.1,25,0,2462.1,2440.5,2550.2
15988,2021-04-12 12:31:00,2462.1,2462.1,2462.1,2462.1,25,0,2462.1,2440.5,2550.2
15989,2021-04-12 12:32:00,2462.1,2462.1,2462.1,2462.1,25,0,2462.1,2440.5,2550.2
15990,2021-04-12 12:33:00,2462.1,2462.1,2462.1,2462.1,25,0,2462.1,2440.5,2550.2
15991,2021-04-12 12:34:00,2462.1,2462.1,2462.1,2462.1,25,0,2462.1,2440.5,2550.2
15992,2021-04-12 12:35:00,2462.1,2462.1,2462.1,2462.1,25,0,2462.1,2440.5,2550.2
15993,2021-04-12 12:36:00,2462.1,2462.1,2462.1,2462.1,25,0,2462.1,2440.5,2550.2
15994,2021-04-12 12:37:00,2462.1,2462.1,2462.1,2462.1,25,0,2462.1,2440.5,2550.2
15995,2021-04-12 12:38:00,2462.1,2462.1,2462.1,2462.1,25,0,2462.1,2440.5,2550.2
15996,2021-04-12 12:39:00,2462.1,2462.1,2462.1,2462.1,25,0,2462.1,2440.5,2550.2
15997,2021-04-12 12:40:00,2462.1,2462.1,2462.1,2462.1,25,0,2462.1,2440.5,2550.2
15998,2021-04-12 12:41:00,2462.1,2462.1,2462.1,2462.1,25,0,2462.1,2440.5,2550.2
15999,2021-04-12 12:42:00,2462.1,2462.1,2462.1,2462.1,25,0,2462.1,2440.5,2550.2
16000,2021-04-12 12:43:00,2462.1,2462.1,2462.1,2462.1,25,0,2462.1,2440.5,2550.2
16001,2021-04-12 12:44:00,2462.1,2462.1,2462.1,2462.1,25,0,2462.1,2440.5,2550.2
16002,2021-04-12 12:45:00,2462.1,2462.1,2462.1,2462.1,25,0,2462.1,2440.5,2550.2
16003,2021-04-12 12:46:00,2462.1,2462.1,2462.1,2462.1,25,0,2462.1,2440.5,2550.2
16004,2021-04-12 12:47:00,2462.1,2462.1,2462.1,2462.1,25,0,2462.1,2440.5,2550.2
16005,2021-04-12 12:48:00,2462.1,2462.1,2462.1,2462.1,25,0,2462.1,2440.5,2550.2
16006,2021-04-12 12:49:00,2462.1,2462.1,2462.1,2462.1,25,0,2462.1,2440.5,2550.2
16007,2021-04-12 12:50:00,2462.1,2462.1,2462.1,2462.1,25,0,2462.1,2440.5,2550.2
16008,2021-04-12 12:51:00,2462.1,2462.1,2462.1,2462.1,25,0,2462.1,2440.5,2550.2
16009,2021-04-12 12:52:00,2462.1,2462.1,2462.1,2462.1,25,0,2462.1,2440.5,2550.2
16010,2021-04-12 12:53:00,2462.1,2462.1,2462.1,2462.1,25,0,2462.1,2440.5,2550.2
16011,2021-04-12 12:54:00,2462.1,2462.1,2462.1,2462.1,25,0,2462.1,2440.5,2550.2
16012,2021-04-12 12:55:00,2462.1,2462.1,2462.1,2462.1,25,0,2462.1,2440.5,2550.2
16013,2021-04-12 12:56:00,2462.1,2462.1,2462.1,2462.1,25,0,2462.1,2440.5,2550.2
16014,2021-04-12 12:57:00,2462.1,2462.1,2462.1,2462.1,25,0,2462.1,2440.5,2550.2
16015,2021-04-12 12:58:00,2462.1,2462.1,2462.1,2462.1,25,0,2462.1,2440.5,2550.2
16016,2021-04-12 12:59:00,2462.1,2462.1,2462.1,2462.1,25,0,2462.1,2440.5,2550.2
16017,2021-04-12 13:00:00,2462.1,2462.1,2462.1,2462.1,25,0,2462.1,2440.5,2550.2
16018,2021-04-12 13:01:00,2462.1,2462.1,2462.1,2462.1,25,0,2462.1,2440.5,2550.2
16019,2021-04-12 13:02:00,2462.1,2462.1,2462.1,2462.1,25,0,2462.1,2440.5,2550.2
16020,2021-04-12 13:03:00,2462.1,2462.1,2462.1,2462.1,25,0,2462.1,2440.5,2550.2
16021,2021-04-12 13:04:00,2462.1,2462.1,2462.1,2462.1,25,0,2462.1,2440.5,2550.2
16022,2021-04-12 13:05:00,2462.1,2462.1,2462.1,2462.1,25,0,2462.1,2440.5,2550.2
16023,2021-04-12 13:06:00,2462.1,2462.1,2462.1,2462.1,25,0,2462.1,2440.5,2550.2
16024,2021-04-12 13:07:00,2462.1,2462.1,2462.1,2462.1,25,0,2462.1,2440.5,2550.2
16025,2021-04-12 13:08:00,2462.1,2462.1,2462.1,2462.1,25,0,2462.1,2440.5,2550.2
16026,2021-04-12 13:09:00,2462.1,2462.1,2462.1,2462.1,25,0,2462.1,2440.5,2550.2
16027,2021-04-12 13:10:00,2462.1,2462.1,2462.1,2462.1,25,0,2462.1,2440.5,2550.2
16028,2021-04-12 13:11:00,2462.1,2462.1,2462.1,2462.1,25,0,2462.1,2440.5,2550.2
16029,2021-04-12 13:12:00,2462.1,2462.1,2462.1,2462.1,25,0,2462.1,2440.5,2550.2
16030,2021-04-12 13:13:00,2462.1,2462.1,2462.1,2462.1,25,0,2462.1,2440.5,2550.2
16031,2021-04-12 13:14:00,2462.1,2462.1,2462.1,2462.1,25,0,2462.1,2440.5,2550.2
16032,2021-04-12 13:15:00,2462.1,2462.1,2462.1,2462.1,25,0,2462.1,2440.5,2550.2
16033,2021-04-12 13:16:00,2462.1,2462.1,2462.1,2462.1,25,0,2462.1,2440.5,2550.2
16034,2021-04-12 13:17:00,2462.1,2462.1,2462.1,2462.1,25,0,2462.1,2440.5,2550.2
16035,2021-04-12 13:18:00,4536.15,4536.15,4536.15,4536.15,25,475,4536.15,4332.35,4761.5
16036,2021-04-12 13:19:00,4536.15,4536.15,4536.15,4536.15,25,475,4536.15,4332.35,4761.5
16037,2021-04-12 13:20:00,4536.15,4536.15,4536.15,4536.15,25,475,4536.15,4332.35,4761.5
16038,2021-04-12 13:21:00,4536.15,4536.15,4536.15,4536.15,25,475,4536.15,4332.35,4761.5
16039,2021-04-12 13:22:00,4536.15,4536.15,4536.15,4536.15,25,475,4536.15,4332.35,4761.5
16040,2021-04-12 13:23:00,4536.15,4536.15,4536.15,4536.15,25,475,4536.15,4332.35,4761.5
16041,2021-04-12 13:24:00,4536.15,4536.15,4536.15,4536.15,25,475,4536.15,4332.35,4761.5
16042,2021-04-12 13:25:00,4536.15,4536.15,4536.15,4536.15,25,475,4536.15,4332.35,4761.5
16043,2021-04-12 13:26:00,4536.15,4536.15,4536.15,4536.15,25,475,4536.15,4332.35,4761.5
16044,2021-04-12 13:27:00,4536.15,4536.15,4536.15,4536.15,25,475,4536.15,4332.35,4761.5
16045,2021-04-12 13:28:00,4536.15,4536.15,4536.15,4536.15,25,475,4536.15,4332.35,4761.5
16046,2021-04-12 13:29:00,4536.15,4536.15,4536.15,4536.15,25,475,4536.15,4332.35,4761.5
16047,2021-04-12 13:30:00,4536.15,4536.15,4536.15,4536.15,25,475,4536.15,4332.35,4761.5
16048,2021-04-12 13:31:00,4536.15,4536.15,4536.15,4536.15,25,475,4536.15,4332.35,4761.5
16049,2021-04-12 13:32:00,4536.15,4536.15,4536.15,4536.15,25,475,4536.15,4332.35,4761.5
16050,2021-04-12 13:33:00,4536.15,4536.15,4536.15,4536.15,25,475,4536.15,4332.35,4761.5
16051,2021-04-12 13:34:00,4536.15,4536.15,4536.15,4536.15,25,475,4536.15,4332.35,4761.5
16052,2021-04-12 13:35:00,4536.15,4536.15,4536.15,4536.15,25,475,4536.15,4332.35,4761.5
16053,2021-04-12 13:36:00,4536.15,4536.15,4536.15,4536.15,25,475,4536.15,4332.35,4761.5
16054,2021-04-12 13:37:00,4536.15,4536.15,4536.15,4536.15,25,475,4536.15,4332.35,4761.5
16055,2021-04-12 13:38:00,4536.15,4536.15,4536.15,4536.15,25,475,4536.15,4332.35,4761.5
16056,2021-04-12 13:39:00,4536.15,4536.15,4536.15,4536.15,25,475,4536.15,4332.35,4761.5
16057,2021-04-12 13:40:00,4536.15,4536.15,4536.15,4536.15,25,475,4536.15,4332.35,4761.5
16058,2021-04-12 13:41:00,4536.15,4536.15,4536.15,4536.15,25,475,4536.15,4332.35,4761.5
16059,2021-04-12 13:42:00,4536.15,4536.15,4536.15,4536.15,25,475,4536.15,4332.35,4761.5
16060,2021-04-12 13:43:00,4536.15,4536.15,4536.15,4536.15,25,475,4536.15,4332.35,4761.5
16061,2021-04-12 13:44:00,4536.15,4536.15,4536.15,4536.15,25,475,4536.15,4332.35,4761.5
16062,2021-04-12 13:45:00,4536.15,4536.15,4536.15,4536.15,25,475,4536.15,4332.35,4761.5
16063,2021-04-12 13:46:00,4536.15,4536.15,4536.15,4536.15,25,475,4536.15,4332.35,4761.5
16064,2021-04-12 13:47:00,4536.15,4536.15,4536.15,4536.15,25,475,4536.15,4332.35,4761.5
16065,2021-04-12 13:48:00,4536.15,4536.15,4536.15,4536.15,25,475,4536.15,4332.35,4761.5
16066,2021-04-12 13:49:00,4536.15,4536.15,4536.15,4536.15,25,475,4536.15,4332.35,4761.5
16067,2021-04-12 13:50:00,4536.15,4536.15,4536.15,4536.15,25,475,4536.15,4332.35,4761.5
16068,2021-04-12 13:51:00,4536.15,4536.15,4536.15,4536.15,25,475,4536.15,4332.35,4761.5
16069,2021-04-12 13:52:00,4536.15,4536.15,4536.15,4536.15,25,475,4536.15,4332.35,4761.5
16070,2021-04-12 13:53:00,4536.15,4536.15,4536.15,4536.15,25,475,4536.15,4332.35,4761.5
16071,2021-04-12 13:54:00,4536.15,4536.15,4536.15,4536.15,25,475,4536.15,4332.35,4761.5
16072,2021-04-12 13:55:00,4536.15,4536.15,4536.15,4536.15,25,475,4536.15,4332.35,4761.5
16073,2021-04-12 13:56:00,4536.15,4536.15,4536.15,4536.15,25,475,4536.15,4332.35,4761.5
16074,2021-04-12 13:57:00,4536.15,4536.15,4536.15,4536.15,25,475,4536.15,4332.35,4761.5
16075,2021-04-12 13:58:00,4536.15,4536.15,4536.15,4536.15,25,475,4536.15,4332.35,4761.5
16076,2021-04-12 13:59:00,4536.15,4536.15,4536.15,4536.15,25,475,4536.15,4332.35,4761.5
16077,2021-04-12 14:00:00,4536.15,4536.15,4536.15,4536.15,25,475,4536.15,4332.35,4761.5
16078,2021-04-12 14:01:00,4536.15,4536.15,4536.15,4536.15,25,475,4536.15,4332.35,4761.5
16079,2021-04-12 14:02:00,4536.15,4536.15,4536.15,4536.15,25,475,4536.15,4332.35,4761.5
16080,2021-04-12 14:03:00,4536.15,4536.15,4536.15,4536.15,25,475,4536.15,4332.35,4761.5
16081,2021-04-12 14:04:00,4536.15,4536.15,4536.15,4536.15,25,475,4536.15,4332.35,4761.5
16082,2021-04-12 14:05:00,4536.15,4536.15,4536.15,4536.15,25,475,4536.15,4332.35,4761.5
16083,2021-04-12 14:06:00,4536.15,4536.15,4536.15,4536.15,25,475,4536.15,4332.35,4761.5
16084,2021-04-12 14:07:00,4536.15,4536.15,4536.15,4536.15,25,475,4536.15,4332.35,4761.5
16085,2021-04-12 14:08:00,4536.15,4536.15,4536.15,4536.15,25,475,4536.15,4332.35,4761.5
16086,2021-04-12 14:09:00,4536.15,4536.15,4536.15,4536.15,25,475,4536.15,4332.35,4761.5
16087,2021-04-12 14:10:00,4536.15,4536.15,4536.15,4536.15,25,475,4536.15,4332.35,4761.5
16088,2021-04-12 14:11:00,4536.15,4536.15,4536.15,4536.15,25,475,4536.15,4332.35,4761.5
16089,2021-04-12 14:12:00,4536.15,4536.15,4536.15,4536.15,25,475,4536.15,4332.35,4761.5
16090,2021-04-12 14:13:00,4536.15,4536.15,4536.15,4536.15,25,475,4536.15,4332.35,4761.5
16091,2021-04-12 14:14:00,4536.15,4536.15,4536.15,4536.15,25,475,4536.15,4332.35,4761.5
16092,2021-04-12 14:15:00,4536.15,4536.15,4536.15,4536.15,25,475,4536.15,4332.35,4761.5
16093,2021-04-12 14:16:00,4536.15,4536.15,4536.15,4536.15,25,475,4536.15,4332.35,4761.5
16094,2021-04-12 14:17:00,4536.15,4536.15,4536.15,4536.15,25,475,4536.15,4332.35,4761.5
16095,2021-04-12 14:18:00,4536.15,4536.15,4536.15,4536.15,25,475,4536.15,4332.35,4761.5
16096,2021-04-12 14:19:00,4536.15,4536.15,4536.15,4536.15,25,475,4536.15,4332.35,4761.5
16097,2021-04-12 14:20:00,4536.15,4536.15,4536.15,4536.15,25,475,4536.15,4332.35,4761.5
16098,2021-04-12 14:21:00,4536.15,4536.15,4536.15,4536.15,25,475,4536.15,4332.35,4761.5
16099,2021-04-12 14:22:00,4536.15,4536.15,4536.15,4536.15,25,475,4536.15,4332.35,4761.5
16100,2021-04-12 14:23:00,4536.15,4536.15,4536.15,4536.15,25,475,4536.15,4332.35,4761.5
16101,2021-04-12 14:24:00,4536.15,4536.15,4536.15,4536.15,25,475,4536.15,4332.35,4761.5
16102,2021-04-12 14:25:00,4536.15,4536.15,4536.15,4536.15,25,475,4536.15,4332.35,4761.5
16103,2021-04-12 14:26:00,4536.15,4536.15,4536.15,4536.15,25,475,4536.15,4332.35,4761.5
16104,2021-04-12 14:27:00,4536.15,4536.15,4536.15,4536.15,25,475,4536.15,4332.35,4761.5
16105,2021-04-12 14:28:00,4536.15,4536.15,4536.15,4536.15,25,475,4536.15,4332.35,4761.5
16106,2021-04-12 14:29:00,4536.15,4536.15,4536.15,4536.15,25,475,4536.15,4332.35,4761.5
16107,2021-04-12 14:30:00,4536.15,4536.15,4536.15,4536.15,25,475,4536.15,4332.35,4761.5
16108,2021-04-12 14:31:00,4536.15,4536.15,4536.15,4536.15,25,475,4536.15,4332.35,4761.5
16109,2021-04-12 14:32:00,4536.15,4536.15,4536.15,4536.15,25,475,4536.15,4332.35,4761.5
16110,2021-04-12 14:33:00,4536.15,4536.15,4536.15,4536.15,25,475,4536.15,4332.35,4761.5
16111,2021-04-12 14:34:00,4536.15,4536.15,4536.15,4536.15,25,475,4536.15,4332.35,4761.5
16112,2021-04-12 14:35:00,4536.15,4536.15,4536.15,4536.15,25,475,4536.15,4332.35,4761.5
16113,2021-04-12 14:36:00,4536.15,4536.15,4536.15,4536.15,25,475,4536.15,4332.35,4761.5
16114,2021-04-12 14:37:00,4536.15,4536.15,4536.15,4536.15,25,475,4536.15,4332.35,4761.5
16115,2021-04-12 14:38:00,4536.15,4536.15,4536.15,4536.15,25,475,4536.15,4332.35,4761.5
16116,2021-04-12 14:39:00,4536.15,4536.15,4536.15,4536.15,25,475,4536.15,4332.35,4761.5
16117,2021-04-12 14:40:00,4536.15,4536.15,4536.15,4536.15,25,475,4536.15,4332.35,4761.5
16118,2021-04-12 14:41:00,4536.15,4536.15,4536.15,4536.15,25,475,4536.15,4332.35,4761.5
16119,2021-04-12 14:42:00,4536.15,4536.15,4536.15,4536.15,25,475,4536.15,4332.35,4761.5
16120,2021-04-12 14:43:00,4536.15,4536.15,4536.15,4536.15,25,475,4536.15,4332.35,4761.5
16121,2021-04-12 14:44:00,4536.15,4536.15,4536.15,4536.15,25,475,4536.15,4332.35,4761.5
16122,2021-04-12 14:45:00,4536.15,4536.15,4536.15,4536.15,25,475,4536.15,4332.35,4761.5
16123,2021-04-12 14:46:00,4536.15,4536.15,4536.15,4536.15,25,475,4536.15,4332.35,4761.5
16124,2021-04-12 14:47:00,4536.15,4536.15,4536.15,4536.15,25,475,4536.15,4332.35,4761.5
16125,2021-04-12 14:48:00,4536.15,4536.15,4536.15,4536.15,25,475,4536.15,4332.35,4761.5
16126,2021-04-12 14:49:00,4536.15,4536.15,4536.15,4536.15,25,475,4536.15,4332.35,4761.5
16127,2021-04-12 14:50:00,4536.15,4536.15,4536.15,4536.15,25,475,4536.15,4332.35,4761.5
16128,2021-04-12 14:51:00,4536.15,4536.15,4536.15,4536.15,25,475,4536.15,4332.35,4761.5
16129,2021-04-12 14:52:00,4536.15,4536.15,4536.15,4536.15,25,475,4536.15,4332.35,4761.5
16130,2021-04-12 14:53:00,4536.15,4536.15,4536.15,4536.15,25,475,4536.15,4332.35,4761.5
16131,2021-04-12 14:54:00,4536.15,4536.15,4536.15,4536.15,25,475,4536.15,4332.35,4761.5
16132,2021-04-12 14:55:00,4536.15,4536.15,4536.15,4536.15,25,475,4536.15,4332.35,4761.5
16133,2021-04-12 14:56:00,4536.15,4536.15,4536.15,4536.15,25,475,4536.15,4332.35,4761.5
16134,2021-04-12 14:57:00,4536.15,4536.15,4536.15,4536.15,25,475,4536.15,4332.35,4761.5
16135,2021-04-12 14:58:00,4536.15,4536.15,4536.15,4536.15,25,475,4536.15,4332.35,4761.5
16136,2021-04-12 14:59:00,4536.15,4536.15,4536.15,4536.15,25,475,4536.15,4332.35,4761.5
16137,2021-04-12 15:00:00,4536.15,4536.15,4536.15,4536.15,25,475,4536.15,4332.35,4761.5
16138,2021-04-12 15:01:00,4536.15,4536.15,4536.15,4536.15,25,475,4536.15,4332.35,4761.5
16139,2021-04-12 15:02:00,4536.15,4536.15,4536.15,4536.15,25,475,4536.15,4332.35,4761.5
16140,2021-04-12 15:03:00,4536.15,4536.15,4536.15,4536.15,25,475,4536.15,4332.35,4761.5
16141,2021-04-12 15:04:00,4536.15,4536.15,4536.15,4536.15,25,475,4536.15,4332.35,4761.5
16142,2021-04-12 15:05:00,4536.15,4536.15,4536.15,4536.15,25,475,4536.15,4332.35,4761.5
16143,2021-04-12 15:06:00,4536.15,4536.15,4536.15,4536.15,25,475,4536.15,4332.35,4761.5
16144,2021-04-12 15:07:00,4536.15,4536.15,4536.15,4536.15,25,475,4536.15,4332.35,4761.5
16145,2021-04-12 15:08:00,4536.15,4536.15,4536.15,4536.15,25,475,4536.15,4332.35,4761.5
16146,2021-04-12 15:09:00,4536.15,4536.15,4536.15,4536.15,25,475,4536.15,4332.35,4761.5
16147,2021-04-12 15:10:00,4536.15,4536.15,4536.15,4536.15,25,475,4536.15,4332.35,4761.5
16148,2021-04-12 15:11:00,4536.15,4536.15,4536.15,4536.15,25,475,4536.15,4332.35,4761.5
16149,2021-04-12 15:12:00,4536.15,4536.15,4536.15,4536.15,25,475,4536.15,4332.35,4761.5
16150,2021-04-12 15:13:00,4536.15,4536.15,4536.15,4536.15,25,475,4536.15,4332.35,4761.5
16151,2021-04-12 15:14:00,4536.15,4536.15,4536.15,4536.15,25,475,4536.15,4332.35,4761.5
16152,2021-04-12 15:15:00,4536.15,4536.15,4536.15,4536.15,25,475,4536.15,4332.35,4761.5
16153,2021-04-12 15:16:00,4536.15,4536.15,4536.15,4536.15,25,475,4536.15,4332.35,4761.5
16154,2021-04-12 15:17:00,4536.15,4536.15,4536.15,4536.15,25,475,4536.15,4332.35,4761.5
16155,2021-04-12 15:18:00,4536.15,4536.15,4536.15,4536.15,25,475,4536.15,4332.35,4761.5
16156,2021-04-12 15:19:00,4536.15,4536.15,4536.15,4536.15,25,475,4536.15,4332.35,4761.5
16157,2021-04-12 15:20:00,4536.15,4536.15,4536.15,4536.15,25,475,4536.15,4332.35,4761.5
16158,2021-04-12 15:21:00,4536.15,4536.15,4536.15,4536.15,25,475,4536.15,4332.35,4761.5
16159,2021-04-12 15:22:00,4536.15,4536.15,4536.15,4536.15,25,475,4536.15,4332.35,4761.5
16160,2021-04-12 15:23:00,4536.15,4536.15,4536.15,4536.15,25,475,4536.15,4332.35,4761.5
16161,2021-04-12 15:24:00,4536.15,4536.15,4536.15,4536.15,25,475,4536.15,4332.35,4761.5
16162,2021-04-12 15:25:00,4536.15,4536.15,4536.15,4536.15,25,475,4536.15,4332.35,4761.5
16163,2021-04-12 15:26:00,4536.15,4536.15,4536.15,4536.15,25,475,4536.15,4332.35,4761.5
16164,2021-04-12 15:27:00,4536.15,4536.15,4536.15,4536.15,25,475,4536.15,4332.35,4761.5
16165,2021-04-12 15:28:00,4536.15,4536.15,4536.15,4536.15,25,475,4536.15,4332.35,4761.5
16166,2021-04-12 15:29:00,4536.15,4536.15,4536.15,4536.15,25,475,4536.15,4332.35,4761.5
16167,2021-04-12 15:30:00,4536.15,4536.15,4536.15,4536.15,25,475,4536.15,4332.35,4761.5
16168,2021-04-13 09:15:00,4536.15,4536.15,4536.15,4536.15,25,475,4536.15,4332.35,4761.5
16169,2021-04-13 09:16:00,4536.15,4536.15,4536.15,4536.15,25,475,4536.15,4332.35,4761.5
16170,2021-04-13 09:17:00,4536.15,4536.15,4536.15,4536.15,25,475,4536.15,4332.35,4761.5
16171,2021-04-13 09:18:00,4536.15,4536.15,4536.15,4536.15,25,475,4536.15,4332.35,4761.5
16172,2021-04-13 09:19:00,4536.15,4536.15,4536.15,4536.15,25,475,4536.15,4332.35,4761.5
16173,2021-04-13 09:20:00,4536.15,4536.15,4536.15,4536.15,25,475,4536.15,4332.35,4761.5
16174,2021-04-13 09:21:00,4536.15,4536.15,4536.15,4536.15,25,475,4536.15,4332.35,4761.5
16175,2021-04-13 09:22:00,4536.15,4536.15,4536.15,4536.15,25,475,4536.15,4332.35,4761.5
16176,2021-04-13 09:23:00,4536.15,4536.15,4536.15,4536.15,25,475,4536.15,4332.35,4761.5
16177,2021-04-13 09:24:00,4536.15,4536.15,4536.15,4536.15,25,475,4536.15,4332.35,4761.5
16178,2021-04-13 09:25:00,4536.15,4536.15,4536.15,4536.15,25,475,4536.15,4332.35,4761.5
16179,2021-04-13 09:26:00,4536.15,4536.15,4536.15,4536.15,25,475,4536.15,4332.35,4761.5
16180,2021-04-13 09:27:00,4536.15,4536.15,4536.15,4536.15,25,475,4536.15,4332.35,4761.5
16181,2021-04-13 09:28:00,4536.15,4536.15,4536.15,4536.15,25,475,4536.15,4332.35,4761.5
16182,2021-04-13 09:29:00,4536.15,4536.15,4536.15,4536.15,25,475,4536.15,4332.35,4761.5
16183,2021-04-13 09:30:00,4536.15,4536.15,4536.15,4536.15,25,475,4536.15,4332.35,4761.5
16184,2021-04-13 09:31:00,4536.15,4536.15,4536.15,4536.15,25,475,4536.15,4332.35,4761.5
16185,2021-04-13 09:32:00,4536.15,4536.15,4536.15,4536.15,25,475,4536.15,4332.35,4761.5
16186,2021-04-13 09:33:00,4536.15,4536.15,4536.15,4536.15,25,475,4536.15,4332.35,4761.5
16187,2021-04-13 09:34:00,4536.15,4536.15,4536.15,4536.15,25,475,4536.15,4332.35,4761.5
16188,2021-04-13 09:35:00,4536.15,4536.15,4536.15,4536.15,25,475,4536.15,4332.35,4761.5
16189,2021-04-13 09:36:00,4536.15,4536.15,4536.15,4536.15,25,475,4536.15,4332.35,4761.5
16190,2021-04-13 09:37:00,4536.15,4536.15,4536.15,4536.15,25,475,4536.15,4332.35,4761.5
16191,2021-04-13 09:38:00,4536.15,4536.15,4536.15,4536.15,25,475,4536.15,4332.35,4761.5
16192,2021-04-13 09:39:00,4536.15,4536.15,4536.15,4536.15,25,475,4536.15,4332.35,4761.5
16193,2021-04-13 09:40:00,4536.15,4536.15,4536.15,4536.15,25,475,4536.15,4332.35,4761.5
16194,2021-04-13 09:41:00,4536.15,4536.15,4536.15,4536.15,25,475,4536.15,4332.35,4761.5
16195,2021-04-13 09:42:00,4536.15,4536.15,4536.15,4536.15,25,475,4536.15,4332.35,4761.5
16196,2021-04-13 09:43:00,4536.15,4536.15,4536.15,4536.15,25,475,4536.15,4332.35,4761.5
16197,2021-04-13 09:44:00,4536.15,4536.15,4536.15,4536.15,25,475,4536.15,4332.35,4761.5
16198,2021-04-13 09:45:00,4536.15,4536.15,4536.15,4536.15,25,475,4536.15,4332.35,4761.5
16199,2021-04-13 09:46:00,4536.15,4536.15,4536.15,4536.15,25,475,4536.15,4332.35,4761.5
16200,2021-04-13 09:47:00,4536.15,4536.15,4536.15,4536.15,25,475,4536.15,4332.35,4761.5
16201,2021-04-13 09:48:00,4536.15,4536.15,4536.15,4536.15,25,475,4536.15,4332.35,4761.5
16202,2021-04-13 09:49:00,4536.15,4536.15,4536.15,4536.15,25,475,4536.15,4332.35,4761.5
16203,2021-04-13 09:50:00,4536.15,4536.15,4536.15,4536.15,25,475,4536.15,4332.35,4761.5
16204,2021-04-13 09:51:00,4536.15,4536.15,4536.15,4536.15,25,475,4536.15,4332.35,4761.5
16205,2021-04-13 09:52:00,4536.15,4536.15,4536.15,4536.15,25,475,4536.15,4332.35,4761.5
16206,2021-04-13 09:53:00,4536.15,4536.15,4536.15,4536.15,25,475,4536.15,4332.35,4761.5
16207,2021-04-13 09:54:00,4536.15,4536.15,4536.15,4536.15,25,475,4536.15,4332.35,4761.5
16208,2021-04-13 09:55:00,4536.15,4536.15,4536.15,4536.15,25,475,4536.15,4332.35,4761.5
16209,2021-04-13 09:56:00,4536.15,4536.15,4536.15,4536.15,25,475,4536.15,4332.35,4761.5
16210,2021-04-13 09:57:00,4536.15,4536.15,4536.15,4536.15,25,475,4536.15,4332.35,4761.5
16211,2021-04-13 09:58:00,4536.15,4536.15,4536.15,4536.15,25,475,4536.15,4332.35,4761.5
16212,2021-04-13 09:59:00,4536.15,4536.15,4536.15,4536.15,25,475,4536.15,4332.35,4761.5
16213,2021-04-13 10:00:00,4536.15,4536.15,4536.15,4536.15,25,475,4536.15,4332.35,4761.5
16214,2021-04-13 10:01:00,4536.15,4536.15,4536.15,4536.15,25,475,4536.15,4332.35,4761.5
16215,2021-04-13 10:02:00,4536.15,4536.15,4536.15,4536.15,25,475,4536.15,4332.35,4761.5
16216,2021-04-13 10:03:00,4536.15,4536.15,4536.15,4536.15,25,475,4536.15,4332.35,4761.5
16217,2021-04-13 10:04:00,4536.15,4536.15,4536.15,4536.15,25,475,4536.15,4332.35,4761.5
16218,2021-04-13 10:05:00,4536.15,4536.15,4536.15,4536.15,25,475,4536.15,4332.35,4761.5
16219,2021-04-13 10:06:00,4536.15,4536.15,4536.15,4536.15,25,475,4536.15,4332.35,4761.5
16220,2021-04-13 10:07:00,4536.15,4536.15,4536.15,4536.15,25,475,4536.15,4332.35,4761.5
16221,2021-04-13 10:08:00,4536.15,4536.15,4536.15,4536.15,25,475,4536.15,4332.35,4761.5
16222,2021-04-13 10:09:00,4536.15,4536.15,4536.15,4536.15,25,475,4536.15,4332.35,4761.5
16223,2021-04-13 10:10:00,4536.15,4536.15,4536.15,4536.15,25,475,4536.15,4332.35,4761.5
16224,2021-04-13 10:11:00,4536.15,4536.15,4536.15,4536.15,25,475,4536.15,4332.35,4761.5
16225,2021-04-13 10:12:00,4536.15,4536.15,4536.15,4536.15,25,475,4536.15,4332.35,4761.5
16226,2021-04-13 10:13:00,4536.15,4536.15,4536.15,4536.15,25,475,4536.15,4332.35,4761.5
16227,2021-04-13 10:14:00,4536.15,4536.15,4536.15,4536.15,25,475,4536.15,4332.35,4761.5
16228,2021-04-13 10:15:00,4536.15,4536.15,4536.15,4536.15,25,475,4536.15,4332.35,4761.5
16229,2021-04-13 10:16:00,4536.15,4536.15,4536.15,4536.15,25,475,4536.15,4332.35,4761.5
16230,2021-04-13 10:17:00,4536.15,4536.15,4536.15,4536.15,25,475,4536.15,4332.35,4761.5
16231,2021-04-13 10:18:00,4536.15,4536.15,4536.15,4536.15,25,475,4536.15,4332.35,4761.5
16232,2021-04-13 10:19:00,4536.15,4536.15,4536.15,4536.15,25,475,4536.15,4332.35,4761.5
16233,2021-04-13 10:20:00,4536.15,4536.15,4536.15,4536.15,25,475,4536.15,4332.35,4761.5
16234,2021-04-13 10:21:00,4536.15,4536.15,4536.15,4536.15,25,475,4536.15,4332.35,4761.5
16235,2021-04-13 10:22:00,4536.15,4536.15,4536.15,4536.15,25,475,4536.15,4332.35,4761.5
16236,2021-04-13 10:23:00,4536.15,4536.15,4536.15,4536.15,25,475,4536.15,4332.35,4761.5
16237,2021-04-13 10:24:00,4536.15,4536.15,4536.15,4536.15,25,475,4536.15,4332.35,4761.5
16238,2021-04-13 10:25:00,4536.15,4536.15,4536.15,4536.15,25,475,4536.15,4332.35,4761.5
16239,2021-04-13 10:26:00,4536.15,4536.15,4536.15,4536.15,25,475,4536.15,4332.35,4761.5
16240,2021-04-13 10:27:00,4536.15,4536.15,4536.15,4536.15,25,475,4536.15,4332.35,4761.5
16241,2021-04-13 10:28:00,4536.15,4536.15,4536.15,4536.15,25,475,4536.15,4332.35,4761.5
16242,2021-04-13 10:29:00,4536.15,4536.15,4536.15,4536.15,25,475,4536.15,4332.35,4761.5
16243,2021-04-13 10:30:00,4536.15,4536.15,4536.15,4536.15,25,475,4536.15,4332.35,4761.5
16244,2021-04-13 10:31:00,4536.15,4536.15,4536.15,4536.15,25,475,4536.15,4332.35,4761.5
16245,2021-04-13 10:32:00,4536.15,4536.15,4536.15,4536.15,25,475,4536.15,4332.35,4761.5
16246,2021-04-13 10:33:00,4536.15,4536.15,4536.15,4536.15,25,475,4536.15,4332.35,4761.5
16247,2021-04-13 10:34:00,4536.15,4536.15,4536.15,4536.15,25,475,4536.15,4332.35,4761.5
16248,2021-04-13 10:35:00,4536.15,4536.15,4536.15,4536.15,25,475,4536.15,4332.35,4761.5
16249,2021-04-13 10:36:00,4536.15,4536.15,4536.15,4536.15,25,475,4536.15,4332.35,4761.5
16250,2021-04-13 10:37:00,4536.15,4536.15,4536.15,4536.15,25,475,4536.15,4332.35,4761.5
16251,2021-04-13 10:38:00,4536.15,4536.15,4536.15,4536.15,25,475,4536.15,4332.35,4761.5
16252,2021-04-13 10:39:00,4536.15,4536.15,4536.15,4536.15,25,475,4536.15,4332.35,4761.5
16253,2021-04-13 10:40:00,4536.15,4536.15,4536.15,4536.15,25,475,4536.15,4332.35,4761.5
16254,2021-04-13 10:41:00,4536.15,4536.15,4536.15,4536.15,25,475,4536.15,4332.35,4761.5
16255,2021-04-13 10:42:00,4536.15,4536.15,4536.15,4536.15,25,475,4536.15,4332.35,4761.5
16256,2021-04-13 10:43:00,4536.15,4536.15,4536.15,4536.15,25,475,4536.15,4332.35,4761.5
16257,2021-04-13 10:44:00,4536.15,4536.15,4536.15,4536.15,25,475,4536.15,4332.35,4761.5
16258,2021-04-13 10:45:00,4536.15,4536.15,4536.15,4536.15,25,475,4536.15,4332.35,4761.5
16259,2021-04-13 10:46:00,4536.15,4536.15,4536.15,4536.15,25,475,4536.15,4332.35,4761.5
16260,2021-04-13 10:47:00,4536.15,4536.15,4536.15,4536.15,25,475,4536.15,4332.35,4761.5
16261,2021-04-13 10:48:00,4536.15,4536.15,4536.15,4536.15,25,475,4536.15,4332.35,4761.5
16262,2021-04-13 10:49:00,4536.15,4536.15,4536.15,4536.15,25,475,4536.15,4332.35,4761.5
16263,2021-04-13 10:50:00,4536.15,4536.15,4536.15,4536.15,25,475,4536.15,4332.35,4761.5
16264,2021-04-13 10:51:00,4536.15,4536.15,4536.15,4536.15,25,475,4536.15,4332.35,4761.5
16265,2021-04-13 10:52:00,4536.15,4536.15,4536.15,4536.15,25,475,4536.15,4332.35,4761.5
16266,2021-04-13 10:53:00,4536.15,4536.15,4536.15,4536.15,25,475,4536.15,4332.35,4761.5
16267,2021-04-13 10:54:00,4536.15,4536.15,4536.15,4536.15,25,475,4536.15,4332.35,4761.5
16268,2021-04-13 10:55:00,4536.15,4536.15,4536.15,4536.15,25,475,4536.15,4332.35,4761.5
16269,2021-04-13 10:56:00,4536.15,4536.15,4536.15,4536.15,25,475,4536.15,4332.35,4761.5
16270,2021-04-13 10:57:00,4536.15,4536.15,4536.15,4536.15,25,475,4536.15,4332.35,4761.5
16271,2021-04-13 10:58:00,4536.15,4536.15,4536.15,4536.15,25,475,4536.15,4332.35,4761.5
16272,2021-04-13 10:59:00,4536.15,4536.15,4536.15,4536.15,25,475,4536.15,4332.35,4761.5
16273,2021-04-13 11:00:00,4536.15,4536.15,4536.15,4536.15,25,475,4536.15,4332.35,4761.5
16274,2021-04-13 11:01:00,4536.15,4536.15,4536.15,4536.15,25,475,4536.15,4332.35,4761.5
16275,2021-04-13 11:02:00,4536.15,4536.15,4536.15,4536.15,25,475,4536.15,4332.35,4761.5
16276,2021-04-13 11:03:00,4536.15,4536.15,4536.15,4536.15,25,475,4536.15,4332.35,4761.5
16277,2021-04-13 11:04:00,4536.15,4536.15,4536.15,4536.15,25,475,4536.15,4332.35,4761.5
16278,2021-04-13 11:05:00,4536.15,4536.15,4536.15,4536.15,25,475,4536.15,4332.35,4761.5
16279,2021-04-13 11:06:00,4536.15,4536.15,4536.15,4536.15,25,475,4536.15,4332.35,4761.5
16280,2021-04-13 11:07:00,4536.15,4536.15,4536.15,4536.15,25,475,4536.15,4332.35,4761.5
16281,2021-04-13 11:08:00,4536.15,4536.15,4536.15,4536.15,25,475,4536.15,4332.35,4761.5
16282,2021-04-13 11:09:00,4536.15,4536.15,4536.15,4536.15,25,475,4536.15,4332.35,4761.5
16283,2021-04-13 11:10:00,4536.15,4536.15,4536.15,4536.15,25,475,4536.15,4332.35,4761.5
16284,2021-04-13 11:11:00,4536.15,4536.15,4536.15,4536.15,25,475,4536.15,4332.35,4761.5
16285,2021-04-13 11:12:00,4536.15,4536.15,4536.15,4536.15,25,475,4536.15,4332.35,4761.5
16286,2021-04-13 11:13:00,4536.15,4536.15,4536.15,4536.15,25,475,4536.15,4332.35,4761.5
16287,2021-04-13 11:14:00,4536.15,4536.15,4536.15,4536.15,25,475,4536.15,4332.35,4761.5
16288,2021-04-13 11:15:00,4536.15,4536.15,4536.15,4536.15,25,475,4536.15,4332.35,4761.5
16289,2021-04-13 11:16:00,4536.15,4536.15,4536.15,4536.15,25,475,4536.15,4332.35,4761.5
16290,2021-04-13 11:17:00,4536.15,4536.15,4536.15,4536.15,25,475,4536.15,4332.35,4761.5
16291,2021-04-13 11:18:00,4536.15,4536.15,4536.15,4536.15,25,475,4536.15,4332.35,4761.5
16292,2021-04-13 11:19:00,4536.15,4536.15,4536.15,4536.15,25,475,4536.15,4332.35,4761.5
16293,2021-04-13 11:20:00,4536.15,4536.15,4536.15,4536.15,25,475,4536.15,4332.35,4761.5
16294,2021-04-13 11:21:00,4536.15,4536.15,4536.15,4536.15,25,475,4536.15,4332.35,4761.5
16295,2021-04-13 11:22:00,4536.15,4536.15,4536.15,4536.15,25,475,4536.15,4332.35,4761.5
16296,2021-04-13 11:23:00,4536.15,4536.15,4536.15,4536.15,25,475,4536.15,4332.35,4761.5
16297,2021-04-13 11:24:00,4536.15,4536.15,4536.15,4536.15,25,475,4536.15,4332.35,4761.5
16298,2021-04-13 11:25:00,4536.15,4536.15,4536.15,4536.15,25,475,4536.15,4332.35,4761.5
16299,2021-04-13 11:26:00,4536.15,4536.15,4536.15,4536.15,25,475,4536.15,4332.35,4761.5
16300,2021-04-13 11:27:00,4536.15,4536.15,4536.15,4536.15,25,475,4536.15,4332.35,4761.5
16301,2021-04-13 11:28:00,4536.15,4536.15,4536.15,4536.15,25,475,4536.15,4332.35,4761.5
16302,2021-04-13 11:29:00,4536.15,4536.15,4536.15,4536.15,25,475,4536.15,4332.35,4761.5
16303,2021-04-13 11:30:00,4536.15,4536.15,4536.15,4536.15,25,475,4536.15,4332.35,4761.5
16304,2021-04-13 11:31:00,4536.15,4536.15,4536.15,4536.15,25,475,4536.15,4332.35,4761.5
16305,2021-04-13 11:32:00,4536.15,4536.15,4536.15,4536.15,25,475,4536.15,4332.35,4761.5
16306,2021-04-13 11:33:00,4536.15,4536.15,4536.15,4536.15,25,475,4536.15,4332.35,4761.5
16307,2021-04-13 11:34:00,4536.15,4536.15,4536.15,4536.15,25,475,4536.15,4332.35,4761.5
16308,2021-04-13 11:35:00,4536.15,4536.15,4536.15,4536.15,25,475,4536.15,4332.35,4761.5
16309,2021-04-13 11:36:00,4536.15,4536.15,4536.15,4536.15,25,475,4536.15,4332.35,4761.5
16310,2021-04-13 11:37:00,4536.15,4536.15,4536.15,4536.15,25,475,4536.15,4332.35,4761.5
16311,2021-04-13 11:38:00,4536.15,4536.15,4536.15,4536.15,25,475,4536.15,4332.35,4761.5
16312,2021-04-13 11:39:00,4536.15,4536.15,4536.15,4536.15,25,475,4536.15,4332.35,4761.5
16313,2021-04-13 11:40:00,4536.15,4536.15,4536.15,4536.15,25,475,4536.15,4332.35,4761.5
16314,2021-04-13 11:41:00,4536.15,4536.15,4536.15,4536.15,25,475,4536.15,4332.35,4761.5
16315,2021-04-13 11:42:00,4536.15,4536.15,4536.15,4536.15,25,475,4536.15,4332.35,4761.5
16316,2021-04-13 11:43:00,4536.15,4536.15,4536.15,4536.15,25,475,4536.15,4332.35,4761.5
16317,2021-04-13 11:44:00,4536.15,4536.15,4536.15,4536.15,25,475,4536.15,4332.35,4761.5
16318,2021-04-13 11:45:00,4536.15,4536.15,4536.15,4536.15,25,475,4536.15,4332.35,4761.5
16319,2021-04-13 11:46:00,4536.15,4536.15,4536.15,4536.15,25,475,4536.15,4332.35,4761.5
16320,2021-04-13 11:47:00,4536.15,4536.15,4536.15,4536.15,25,475,4536.15,4332.35,4761.5
16321,2021-04-13 11:48:00,4536.15,4536.15,4536.15,4536.15,25,475,4536.15,4332.35,4761.5
16322,2021-04-13 11:49:00,4536.15,4536.15,4536.15,4536.15,25,475,4536.15,4332.35,4761.5
16323,2021-04-13 11:50:00,4536.15,4536.15,4536.15,4536.15,25,475,4536.15,4332.35,4761.5
16324,2021-04-13 11:51:00,4536.15,4536.15,4536.15,4536.15,25,475,4536.15,4332.35,4761.5
16325,2021-04-13 11:52:00,4536.15,4536.15,4536.15,4536.15,25,475,4536.15,4332.35,4761.5
16326,2021-04-13 11:53:00,4536.15,4536.15,4536.15,4536.15,25,475,4536.15,4332.35,4761.5
16327,2021-04-13 11:54:00,4536.15,4536.15,4536.15,4536.15,25,475,4536.15,4332.35,4761.5
16328,2021-04-13 11:55:00,4536.15,4536.15,4536.15,4536.15,25,475,4536.15,4332.35,4761.5
16329,2021-04-13 11:56:00,4536.15,4536.15,4536.15,4536.15,25,475,4536.15,4332.35,4761.5
16330,2021-04-13 11:57:00,4536.15,4536.15,4536.15,4536.15,25,475,4536.15,4332.35,4761.5
16331,2021-04-13 11:58:00,4536.15,4536.15,4536.15,4536.15,25,475,4536.15,4332.35,4761.5
16332,2021-04-13 11:59:00,4536.15,4536.15,4536.15,4536.15,25,475,4536.15,4332.35,4761.5
16333,2021-04-13 12:00:00,4536.15,4536.15,4536.15,4536.15,25,475,4536.15,4332.35,4761.5
16334,2021-04-13 12:01:00,4536.15,4536.15,4536.15,4536.15,25,475,4536.15,4332.35,4761.5
16335,2021-04-13 12:02:00,4536.15,4536.15,4536.15,4536.15,25,475,4536.15,4332.35,4761.5
16336,2021-04-13 12:03:00,4536.15,4536.15,4536.15,4536.15,25,475,4536.15,4332.35,4761.5
16337,2021-04-13 12:04:00,4536.15,4536.15,4536.15,4536.15,25,475,4536.15,4332.35,4761.5
16338,2021-04-13 12:05:00,4536.15,4536.15,4536.15,4536.15,25,475,4536.15,4332.35,4761.5
16339,2021-04-13 12:06:00,4536.15,4536.15,4536.15,4536.15,25,475,4536.15,4332.35,4761.5
16340,2021-04-13 12:07:00,4536.15,4536.15,4536.15,4536.15,25,475,4536.15,4332.35,4761.5
16341,2021-04-13 12:08:00,4536.15,4536.15,4536.15,4536.15,25,475,4536.15,4332.35,4761.5
16342,2021-04-13 12:09:00,4536.15,4536.15,4536.15,4536.15,25,475,4536.15,4332.35,4761.5
16343,2021-04-13 12:10:00,4536.15,4536.15,4536.15,4536.15,25,475,4536.15,4332.35,4761.5
16344,2021-04-13 12:11:00,4536.15,4536.15,4536.15,4536.15,25,475,4536.15,4332.35,4761.5
16345,2021-04-13 12:12:00,4536.15,4536.15,4536.15,4536.15,25,475,4536.15,4332.35,4761.5
16346,2021-04-13 12:13:00,4536.15,4536.15,4536.15,4536.15,25,475,4536.15,4332.35,4761.5
16347,2021-04-13 12:14:00,4536.15,4536.15,4536.15,4536.15,25,475,4536.15,4332.35,4761.5
16348,2021-04-13 12:15:00,4536.15,4536.15,4536.15,4536.15,25,475,4536.15,4332.35,4761.5
16349,2021-04-13 12:16:00,4536.15,4536.15,4536.15,4536.15,25,475,4536.15,4332.35,4761.5
16350,2021-04-13 12:17:00,4536.15,4536.15,4536.15,4536.15,25,475,4536.15,4332.35,4761.5
16351,2021-04-13 12:18:00,4536.15,4536.15,4536.15,4536.15,25,475,4536.15,4332.35,4761.5
16352,2021-04-13 12:19:00,4536.15,4536.15,4536.15,4536.15,25,475,4536.15,4332.35,4761.5
16353,2021-04-13 12:20:00,4536.15,4536.15,4536.15,4536.15,25,475,4536.15,4332.35,4761.5
16354,2021-04-13 12:21:00,4536.15,4536.15,4536.15,4536.15,25,475,4536.15,4332.35,4761.5
16355,2021-04-13 12:22:00,4536.15,4536.15,4536.15,4536.15,25,475,4536.15,4332.35,4761.5
16356,2021-04-13 12:23:00,4536.15,4536.15,4536.15,4536.15,25,475,4536.15,4332.35,4761.5
16357,2021-04-13 12:24:00,4536.15,4536.15,4536.15,4536.15,25,475,4536.15,4332.35,4761.5
16358,2021-04-13 12:25:00,4536.15,4536.15,4536.15,4536.15,25,475,4536.15,4332.35,4761.5
16359,2021-04-13 12:26:00,4536.15,4536.15,4536.15,4536.15,25,475,4536.15,4332.35,4761.5
16360,2021-04-13 12:27:00,4536.15,4536.15,4536.15,4536.15,25,475,4536.15,4332.35,4761.5
16361,2021-04-13 12:28:00,4536.15,4536.15,4536.15,4536.15,25,475,4536.15,4332.35,4761.5
16362,2021-04-13 12:29:00,4536.15,4536.15,4536.15,4536.15,25,475,4536.15,4332.35,4761.5
16363,2021-04-13 12:30:00,4536.15,4536.15,4536.15,4536.15,25,475,4536.15,4332.35,4761.5
16364,2021-04-13 12:31:00,4536.15,4536.15,4536.15,4536.15,25,475,4536.15,4332.35,4761.5
16365,2021-04-13 12:32:00,4536.15,4536.15,4536.15,4536.15,25,475,4536.15,4332.35,4761.5
16366,2021-04-13 12:33:00,4536.15,4536.15,4536.15,4536.15,25,475,4536.15,4332.35,4761.5
16367,2021-04-13 12:34:00,4536.15,4536.15,4536.15,4536.15,25,475,4536.15,4332.35,4761.5
16368,2021-04-13 12:35:00,4536.15,4536.15,4536.15,4536.15,25,475,4536.15,4332.35,4761.5
16369,2021-04-13 12:36:00,4536.15,4536.15,4536.15,4536.15,25,475,4536.15,4332.35,4761.5
16370,2021-04-13 12:37:00,4536.15,4536.15,4536.15,4536.15,25,475,4536.15,4332.35,4761.5
16371,2021-04-13 12:38:00,4536.15,4536.15,4536.15,4536.15,25,475,4536.15,4332.35,4761.5
16372,2021-04-13 12:39:00,4536.15,4536.15,4536.15,4536.15,25,475,4536.15,4332.35,4761.5
16373,2021-04-13 12:40:00,4536.15,4536.15,4536.15,4536.15,25,475,4536.15,4332.35,4761.5
16374,2021-04-13 12:41:00,4536.15,4536.15,4536.15,4536.15,25,475,4536.15,4332.35,4761.5
16375,2021-04-13 12:42:00,4536.15,4536.15,4536.15,4536.15,25,475,4536.15,4332.35,4761.5
16376,2021-04-13 12:43:00,4536.15,4536.15,4536.15,4536.15,25,475,4536.15,4332.35,4761.5
16377,2021-04-13 12:44:00,4536.15,4536.15,4536.15,4536.15,25,475,4536.15,4332.35,4761.5
16378,2021-04-13 12:45:00,4536.15,4536.15,4536.15,4536.15,25,475,4536.15,4332.35,4761.5
16379,2021-04-13 12:46:00,4536.15,4536.15,4536.15,4536.15,25,475,4536.15,4332.35,4761.5
16380,2021-04-13 12:47:00,4536.15,4536.15,4536.15,4536.15,25,475,4536.15,4332.35,4761.5
16381,2021-04-13 12:48:00,4536.15,4536.15,4536.15,4536.15,25,475,4536.15,4332.35,4761.5
16382,2021-04-13 12:49:00,4536.15,4536.15,4536.15,4536.15,25,475,4536.15,4332.35,4761.5
16383,2021-04-13 12:50:00,4536.15,4536.15,4536.15,4536.15,25,475,4536.15,4332.35,4761.5
16384,2021-04-13 12:51:00,4536.15,4536.15,4536.15,4536.15,25,475,4536.15,4332.35,4761.5
16385,2021-04-13 12:52:00,4536.15,4536.15,4536.15,4536.15,25,475,4536.15,4332.35,4761.5
16386,2021-04-13 12:53:00,4536.15,4536.15,4536.15,4536.15,25,475,4536.15,4332.35,4761.5
16387,2021-04-13 12:54:00,4536.15,4536.15,4536.15,4536.15,25,475,4536.15,4332.35,4761.5
16388,2021-04-13 12:55:00,4536.15,4536.15,4536.15,4536.15,25,475,4536.15,4332.35,4761.5
16389,2021-04-13 12:56:00,4536.15,4536.15,4536.15,4536.15,25,475,4536.15,4332.35,4761.5
16390,2021-04-13 12:57:00,4536.15,4536.15,4536.15,4536.15,25,475,4536.15,4332.35,4761.5
16391,2021-04-13 12:58:00,4536.15,4536.15,4536.15,4536.15,25,475,4536.15,4332.35,4761.5
16392,2021-04-13 12:59:00,4536.15,4536.15,4536.15,4536.15,25,475,4536.15,4332.35,4761.5
16393,2021-04-13 13:00:00,4536.15,4536.15,4536.15,4536.15,25,475,4536.15,4332.35,4761.5
16394,2021-04-13 13:01:00,4536.15,4536.15,4536.15,4536.15,25,475,4536.15,4332.35,4761.5
16395,2021-04-13 13:02:00,4536.15,4536.15,4536.15,4536.15,25,475,4536.15,4332.35,4761.5
16396,2021-04-13 13:03:00,4536.15,4536.15,4536.15,4536.15,25,475,4536.15,4332.35,4761.5
16397,2021-04-13 13:04:00,4536.15,4536.15,4536.15,4536.15,25,475,4536.15,4332.35,4761.5
16398,2021-04-13 13:05:00,4536.15,4536.15,4536.15,4536.15,25,475,4536.15,4332.35,4761.5
16399,2021-04-13 13:06:00,4536.15,4536.15,4536.15,4536.15,25,475,4536.15,4332.35,4761.5
16400,2021-04-13 13:07:00,4536.15,4536.15,4536.15,4536.15,25,475,4536.15,4332.35,4761.5
16401,2021-04-13 13:08:00,4536.15,4536.15,4536.15,4536.15,25,475,4536.15,4332.35,4761.5
16402,2021-04-13 13:09:00,4536.15,4536.15,4536.15,4536.15,25,475,4536.15,4332.35,4761.5
16403,2021-04-13 13:10:00,4536.15,4536.15,4536.15,4536.15,25,475,4536.15,4332.35,4761.5
16404,2021-04-13 13:11:00,4536.15,4536.15,4536.15,4536.15,25,475,4536.15,4332.35,4761.5
16405,2021-04-13 13:12:00,4536.15,4536.15,4536.15,4536.15,25,475,4536.15,4332.35,4761.5
16406,2021-04-13 13:13:00,4536.15,4536.15,4536.15,4536.15,25,475,4536.15,4332.35,4761.5
16407,2021-04-13 13:14:00,4536.15,4536.15,4536.15,4536.15,25,475,4536.15,4332.35,4761.5
16408,2021-04-13 13:15:00,4536.15,4536.15,4536.15,4536.15,25,475,4536.15,4332.35,4761.5
16409,2021-04-13 13:16:00,4536.15,4536.15,4536.15,4536.15,25,475,4536.15,4332.35,4761.5
16410,2021-04-13 13:17:00,4536.15,4536.15,4536.15,4536.15,25,475,4536.15,4332.35,4761.5
16411,2021-04-13 13:18:00,4536.15,4536.15,4536.15,4536.15,25,475,4536.15,4332.35,4761.5
16412,2021-04-13 13:19:00,4536.15,4536.15,4536.15,4536.15,25,475,4536.15,4332.35,4761.5
16413,2021-04-13 13:20:00,4536.15,4536.15,4536.15,4536.15,25,475,4536.15,4332.35,4761.5
16414,2021-04-13 13:21:00,4536.15,4536.15,4536.15,4536.15,25,475,4536.15,4332.35,4761.5
16415,2021-04-13 13:22:00,4536.15,4536.15,4536.15,4536.15,25,475,4536.15,4332.35,4761.5
16416,2021-04-13 13:23:00,4536.15,4536.15,4536.15,4536.15,25,475,4536.15,4332.35,4761.5
16417,2021-04-13 13:24:00,4536.15,4536.15,4536.15,4536.15,25,475,4536.15,4332.35,4761.5
16418,2021-04-13 13:25:00,4536.15,4536.15,4536.15,4536.15,25,475,4536.15,4332.35,4761.5
16419,2021-04-13 13:26:00,4536.15,4536.15,4536.15,4536.15,25,475,4536.15,4332.35,4761.5
16420,2021-04-13 13:27:00,4536.15,4536.15,4536.15,4536.15,25,475,4536.15,4332.35,4761.5
16421,2021-04-13 13:28:00,4536.15,4536.15,4536.15,4536.15,25,475,4536.15,4332.35,4761.5
16422,2021-04-13 13:29:00,4536.15,4536.15,4536.15,4536.15,25,475,4536.15,4332.35,4761.5
16423,2021-04-13 13:30:00,4536.15,4536.15,4536.15,4536.15,25,475,4536.15,4332.35,4761.5
16424,2021-04-13 13:31:00,4536.15,4536.15,4536.15,4536.15,25,475,4536.15,4332.35,4761.5
16425,2021-04-13 13:32:00,4536.15,4536.15,4536.15,4536.15,25,475,4536.15,4332.35,4761.5
16426,2021-04-13 13:33:00,4536.15,4536.15,4536.15,4536.15,25,475,4536.15,4332.35,4761.5
16427,2021-04-13 13:34:00,4536.15,4536.15,4536.15,4536.15,25,475,4536.15,4332.35,4761.5
16428,2021-04-13 13:35:00,4536.15,4536.15,4536.15,4536.15,25,475,4536.15,4332.35,4761.5
16429,2021-04-13 13:36:00,4536.15,4536.15,4536.15,4536.15,25,475,4536.15,4332.35,4761.5
16430,2021-04-13 13:37:00,4536.15,4536.15,4536.15,4536.15,25,475,4536.15,4332.35,4761.5
16431,2021-04-13 13:38:00,4536.15,4536.15,4536.15,4536.15,25,475,4536.15,4332.35,4761.5
16432,2021-04-13 13:39:00,4536.15,4536.15,4536.15,4536.15,25,475,4536.15,4332.35,4761.5
16433,2021-04-13 13:40:00,4536.15,4536.15,4536.15,4536.15,25,475,4536.15,4332.35,4761.5
16434,2021-04-13 13:41:00,4536.15,4536.15,4536.15,4536.15,25,475,4536.15,4332.35,4761.5
16435,2021-04-13 13:42:00,4536.15,4536.15,4536.15,4536.15,25,475,4536.15,4332.35,4761.5
16436,2021-04-13 13:43:00,4536.15,4536.15,4536.15,4536.15,25,475,4536.15,4332.35,4761.5
16437,2021-04-13 13:44:00,4536.15,4536.15,4536.15,4536.15,25,475,4536.15,4332.35,4761.5
16438,2021-04-13 13:45:00,4536.15,4536.15,4536.15,4536.15,25,475,4536.15,4332.35,4761.5
16439,2021-04-13 13:46:00,4536.15,4536.15,4536.15,4536.15,25,475,4536.15,4332.35,4761.5
16440,2021-04-13 13:47:00,4536.15,4536.15,4536.15,4536.15,25,475,4536.15,4332.35,4761.5
16441,2021-04-13 13:48:00,4536.15,4536.15,4536.15,4536.15,25,475,4536.15,4332.35,4761.5
16442,2021-04-13 13:49:00,4536.15,4536.15,4536.15,4536.15,25,475,4536.15,4332.35,4761.5
16443,2021-04-13 13:50:00,4536.15,4536.15,4536.15,4536.15,25,475,4536.15,4332.35,4761.5
16444,2021-04-13 13:51:00,4536.15,4536.15,4536.15,4536.15,25,475,4536.15,4332.35,4761.5
16445,2021-04-13 13:52:00,4536.15,4536.15,4536.15,4536.15,25,475,4536.15,4332.35,4761.5
16446,2021-04-13 13:53:00,4536.15,4536.15,4536.15,4536.15,25,475,4536.15,4332.35,4761.5
16447,2021-04-13 13:54:00,4536.15,4536.15,4536.15,4536.15,25,475,4536.15,4332.35,4761.5
16448,2021-04-13 13:55:00,4536.15,4536.15,4536.15,4536.15,25,475,4536.15,4332.35,4761.5
16449,2021-04-13 13:56:00,4536.15,4536.15,4536.15,4536.15,25,475,4536.15,4332.35,4761.5
16450,2021-04-13 13:57:00,4536.15,4536.15,4536.15,4536.15,25,475,4536.15,4332.35,4761.5
16451,2021-04-13 13:58:00,4536.15,4536.15,4536.15,4536.15,25,475,4536.15,4332.35,4761.5
16452,2021-04-13 13:59:00,4536.15,4536.15,4536.15,4536.15,25,475,4536.15,4332.35,4761.5
16453,2021-04-13 14:00:00,4536.15,4536.15,4536.15,4536.15,25,475,4536.15,4332.35,4761.5
16454,2021-04-13 14:01:00,4536.15,4536.15,4536.15,4536.15,25,475,4536.15,4332.35,4761.5
16455,2021-04-13 14:02:00,4536.15,4536.15,4536.15,4536.15,25,475,4536.15,4332.35,4761.5
16456,2021-04-13 14:03:00,4536.15,4536.15,4536.15,4536.15,25,475,4536.15,4332.35,4761.5
16457,2021-04-13 14:04:00,4536.15,4536.15,4536.15,4536.15,25,475,4536.15,4332.35,4761.5
16458,2021-04-13 14:05:00,4536.15,4536.15,4536.15,4536.15,25,475,4536.15,4332.35,4761.5
16459,2021-04-13 14:06:00,4536.15,4536.15,4536.15,4536.15,25,475,4536.15,4332.35,4761.5
16460,2021-04-13 14:07:00,4536.15,4536.15,4536.15,4536.15,25,475,4536.15,4332.35,4761.5
16461,2021-04-13 14:08:00,4536.15,4536.15,4536.15,4536.15,25,475,4536.15,4332.35,4761.5
16462,2021-04-13 14:09:00,4536.15,4536.15,4536.15,4536.15,25,475,4536.15,4332.35,4761.5
16463,2021-04-13 14:10:00,4536.15,4536.15,4536.15,4536.15,25,475,4536.15,4332.35,4761.5
16464,2021-04-13 14:11:00,4536.15,4536.15,4536.15,4536.15,25,475,4536.15,4332.35,4761.5
16465,2021-04-13 14:12:00,4536.15,4536.15,4536.15,4536.15,25,475,4536.15,4332.35,4761.5
16466,2021-04-13 14:13:00,4536.15,4536.15,4536.15,4536.15,25,475,4536.15,4332.35,4761.5
16467,2021-04-13 14:14:00,4536.15,4536.15,4536.15,4536.15,25,475,4536.15,4332.35,4761.5
16468,2021-04-13 14:15:00,4536.15,4536.15,4536.15,4536.15,25,475,4536.15,4332.35,4761.5
16469,2021-04-13 14:16:00,4536.15,4536.15,4536.15,4536.15,25,475,4536.15,4332.35,4761.5
16470,2021-04-13 14:17:00,4536.15,4536.15,4536.15,4536.15,25,475,4536.15,4332.35,4761.5
16471,2021-04-13 14:18:00,4536.15,4536.15,4536.15,4536.15,25,475,4536.15,4332.35,4761.5
16472,2021-04-13 14:19:00,4536.15,4536.15,4536.15,4536.15,25,475,4536.15,4332.35,4761.5
16473,2021-04-13 14:20:00,4536.15,4536.15,4536.15,4536.15,25,475,4536.15,4332.35,4761.5
16474,2021-04-13 14:21:00,4536.15,4536.15,4536.15,4536.15,25,475,4536.15,4332.35,4761.5
16475,2021-04-13 14:22:00,4536.15,4536.15,4536.15,4536.15,25,475,4536.15,4332.35,4761.5
16476,2021-04-13 14:23:00,4536.15,4536.15,4536.15,4536.15,25,475,4536.15,4332.35,4761.5
16477,2021-04-13 14:24:00,4536.15,4536.15,4536.15,4536.15,25,475,4536.15,4332.35,4761.5
16478,2021-04-13 14:25:00,4536.15,4536.15,4536.15,4536.15,25,475,4536.15,4332.35,4761.5
16479,2021-04-13 14:26:00,4536.15,4536.15,4536.15,4536.15,25,475,4536.15,4332.35,4761.5
16480,2021-04-13 14:27:00,4536.15,4536.15,4536.15,4536.15,25,475,4536.15,4332.35,4761.5
16481,2021-04-13 14:28:00,4536.15,4536.15,4536.15,4536.15,25,475,4536.15,4332.35,4761.5
16482,2021-04-13 14:29:00,4536.15,4536.15,4536.15,4536.15,25,475,4536.15,4332.35,4761.5
16483,2021-04-13 14:30:00,4536.15,4536.15,4536.15,4536.15,25,475,4536.15,4332.35,4761.5
16484,2021-04-13 14:31:00,4536.15,4536.15,4536.15,4536.15,25,475,4536.15,4332.35,4761.5
16485,2021-04-13 14:32:00,4536.15,4536.15,4536.15,4536.15,25,475,4536.15,4332.35,4761.5
16486,2021-04-13 14:33:00,4536.15,4536.15,4536.15,4536.15,25,475,4536.15,4332.35,4761.5
16487,2021-04-13 14:34:00,4536.15,4536.15,4536.15,4536.15,25,475,4536.15,4332.35,4761.5
16488,2021-04-13 14:35:00,4536.15,4536.15,4536.15,4536.15,25,475,4536.15,4332.35,4761.5
16489,2021-04-13 14:36:00,4536.15,4536.15,4536.15,4536.15,25,475,4536.15,4332.35,4761.5
16490,2021-04-13 14:37:00,4536.15,4536.15,4536.15,4536.15,25,475,4536.15,4332.35,4761.5
16491,2021-04-13 14:38:00,4536.15,4536.15,4536.15,4536.15,25,475,4536.15,4332.35,4761.5
16492,2021-04-13 14:39:00,4536.15,4536.15,4536.15,4536.15,25,475,4536.15,4332.35,4761.5
16493,2021-04-13 14:40:00,4536.15,4536.15,4536.15,4536.15,25,475,4536.15,4332.35,4761.5
16494,2021-04-13 14:41:00,4536.15,4536.15,4536.15,4536.15,25,475,4536.15,4332.35,4761.5
16495,2021-04-13 14:42:00,4536.15,4536.15,4536.15,4536.15,25,475,4536.15,4332.35,4761.5
16496,2021-04-13 14:43:00,4536.15,4536.15,4536.15,4536.15,25,475,4536.15,4332.35,4761.5
16497,2021-04-13 14:44:00,4536.15,4536.15,4536.15,4536.15,25,475,4536.15,4332.35,4761.5
16498,2021-04-13 14:45:00,4536.15,4536.15,4536.15,4536.15,25,475,4536.15,4332.35,4761.5
16499,2021-04-13 14:46:00,4536.15,4536.15,4536.15,4536.15,25,475,4536.15,4332.35,4761.5
16500,2021-04-13 14:47:00,4536.15,4536.15,4536.15,4536.15,25,475,4536.15,4332.35,4761.5
16501,2021-04-13 14:48:00,4536.15,4536.15,4536.15,4536.15,25,475,4536.15,4332.35,4761.5
16502,2021-04-13 14:49:00,4536.15,4536.15,4536.15,4536.15,25,475,4536.15,4332.35,4761.5
16503,2021-04-13 14:50:00,4536.15,4536.15,4536.15,4536.15,25,475,4536.15,4332.35,4761.5
16504,2021-04-13 14:51:00,4536.15,4536.15,4536.15,4536.15,25,475,4536.15,4332.35,4761.5
16505,2021-04-13 14:52:00,4536.15,4536.15,4536.15,4536.15,25,475,4536.15,4332.35,4761.5
16506,2021-04-13 14:53:00,4536.15,4536.15,4536.15,4536.15,25,475,4536.15,4332.35,4761.5
16507,2021-04-13 14:54:00,4536.15,4536.15,4536.15,4536.15,25,475,4536.15,4332.35,4761.5
16508,2021-04-13 14:55:00,4536.15,4536.15,4536.15,4536.15,25,475,4536.15,4332.35,4761.5
16509,2021-04-13 14:56:00,4536.15,4536.15,4536.15,4536.15,25,475,4536.15,4332.35,4761.5
16510,2021-04-13 14:57:00,4536.15,4536.15,4536.15,4536.15,25,475,4536.15,4332.35,4761.5
16511,2021-04-13 14:58:00,4536.15,4536.15,4536.15,4536.15,25,475,4536.15,4332.35,4761.5
16512,2021-04-13 14:59:00,4536.15,4536.15,4536.15,4536.15,25,475,4536.15,4332.35,4761.5
16513,2021-04-13 15:00:00,4536.15,4536.15,4536.15,4536.15,25,475,4536.15,4332.35,4761.5
16514,2021-04-13 15:01:00,4536.15,4536.15,4536.15,4536.15,25,475,4536.15,4332.35,4761.5
16515,2021-04-13 15:02:00,4536.15,4536.15,4536.15,4536.15,25,475,4536.15,4332.35,4761.5
16516,2021-04-13 15:03:00,4536.15,4536.15,4536.15,4536.15,25,475,4536.15,4332.35,4761.5
16517,2021-04-13 15:04:00,4536.15,4536.15,4536.15,4536.15,25,475,4536.15,4332.35,4761.5
16518,2021-04-13 15:05:00,4536.15,4536.15,4536.15,4536.15,25,475,4536.15,4332.35,4761.5
16519,2021-04-13 15:06:00,4536.15,4536.15,4536.15,4536.15,25,475,4536.15,4332.35,4761.5
16520,2021-04-13 15:07:00,4536.15,4536.15,4536.15,4536.15,25,475,4536.15,4332.35,4761.5
16521,2021-04-13 15:08:00,4536.15,4536.15,4536.15,4536.15,25,475,4536.15,4332.35,4761.5
16522,2021-04-13 15:09:00,4536.15,4536.15,4536.15,4536.15,25,475,4536.15,4332.35,4761.5
16523,2021-04-13 15:10:00,4536.15,4536.15,4536.15,4536.15,25,475,4536.15,4332.35,4761.5
16524,2021-04-13 15:11:00,4536.15,4536.15,4536.15,4536.15,25,475,4536.15,4332.35,4761.5
16525,2021-04-13 15:12:00,4536.15,4536.15,4536.15,4536.15,25,475,4536.15,4332.35,4761.5
16526,2021-04-13 15:13:00,4536.15,4536.15,4536.15,4536.15,25,475,4536.15,4332.35,4761.5
16527,2021-04-13 15:14:00,4536.15,4536.15,4536.15,4536.15,25,475,4536.15,4332.35,4761.5
16528,2021-04-13 15:15:00,4536.15,4536.15,4536.15,4536.15,25,475,4536.15,4332.35,4761.5
16529,2021-04-13 15:16:00,4536.15,4536.15,4536.15,4536.15,25,475,4536.15,4332.35,4761.5
16530,2021-04-13 15:17:00,4536.15,4536.15,4536.15,4536.15,25,475,4536.15,4332.35,4761.5
16531,2021-04-13 15:18:00,4536.15,4536.15,4536.15,4536.15,25,475,4536.15,4332.35,4761.5
16532,2021-04-13 15:19:00,4536.15,4536.15,4536.15,4536.15,25,475,4536.15,4332.35,4761.5
16533,2021-04-13 15:20:00,4536.15,4536.15,4536.15,4536.15,25,475,4536.15,4332.35,4761.5
16534,2021-04-13 15:21:00,4536.15,4536.15,4536.15,4536.15,25,475,4536.15,4332.35,4761.5
16535,2021-04-13 15:22:00,4536.15,4536.15,4536.15,4536.15,25,475,4536.15,4332.35,4761.5
16536,2021-04-13 15:23:00,4536.15,4536.15,4536.15,4536.15,25,475,4536.15,4332.35,4761.5
16537,2021-04-13 15:24:00,4536.15,4536.15,4536.15,4536.15,25,475,4536.15,4332.35,4761.5
16538,2021-04-13 15:25:00,4536.15,4536.15,4536.15,4536.15,25,475,4536.15,4332.35,4761.5
16539,2021-04-13 15:26:00,4536.15,4536.15,4536.15,4536.15,25,475,4536.15,4332.35,4761.5
16540,2021-04-13 15:27:00,4536.15,4536.15,4536.15,4536.15,25,475,4536.15,4332.35,4761.5
16541,2021-04-13 15:28:00,4536.15,4536.15,4536.15,4536.15,25,475,4536.15,4332.35,4761.5
16542,2021-04-13 15:29:00,4536.15,4536.15,4536.15,4536.15,25,475,4536.15,4332.35,4761.5
16543,2021-04-13 15:30:00,4536.15,4536.15,4536.15,4536.15,25,475,4536.15,4332.35,4761.5
16544,2021-04-14 09:15:00,4536.15,4536.15,4536.15,4536.15,25,475,4536.15,4332.35,4761.5
16545,2021-04-14 09:16:00,4536.15,4536.15,4536.15,4536.15,25,475,4536.15,4332.35,4761.5
16546,2021-04-14 09:17:00,4536.15,4536.15,4536.15,4536.15,25,475,4536.15,4332.35,4761.5
16547,2021-04-14 09:18:00,4536.15,4536.15,4536.15,4536.15,25,475,4536.15,4332.35,4761.5
16548,2021-04-14 09:19:00,4536.15,4536.15,4536.15,4536.15,25,475,4536.15,4332.35,4761.5
16549,2021-04-14 09:20:00,4536.15,4536.15,4536.15,4536.15,25,475,4536.15,4332.35,4761.5
16550,2021-04-14 09:21:00,4536.15,4536.15,4536.15,4536.15,25,475,4536.15,4332.35,4761.5
16551,2021-04-14 09:22:00,4536.15,4536.15,4536.15,4536.15,25,475,4536.15,4332.35,4761.5
16552,2021-04-14 09:23:00,4536.15,4536.15,4536.15,4536.15,25,475,4536.15,4332.35,4761.5
16553,2021-04-14 09:24:00,4536.15,4536.15,4536.15,4536.15,25,475,4536.15,4332.35,4761.5
16554,2021-04-14 09:25:00,4536.15,4536.15,4536.15,4536.15,25,475,4536.15,4332.35,4761.5
16555,2021-04-14 09:26:00,4536.15,4536.15,4536.15,4536.15,25,475,4536.15,4332.35,4761.5
16556,2021-04-14 09:27:00,4536.15,4536.15,4536.15,4536.15,25,475,4536.15,4332.35,4761.5
16557,2021-04-14 09:28:00,4536.15,4536.15,4536.15,4536.15,25,475,4536.15,4332.35,4761.5
16558,2021-04-14 09:29:00,4536.15,4536.15,4536.15,4536.15,25,475,4536.15,4332.35,4761.5
16559,2021-04-14 09:30:00,4536.15,4536.15,4536.15,4536.15,25,475,4536.15,4332.35,4761.5
16560,2021-04-14 09:31:00,4536.15,4536.15,4536.15,4536.15,25,475,4536.15,4332.35,4761.5
16561,2021-04-14 09:32:00,4536.15,4536.15,4536.15,4536.15,25,475,4536.15,4332.35,4761.5
16562,2021-04-14 09:33:00,4536.15,4536.15,4536.15,4536.15,25,475,4536.15,4332.35,4761.5
16563,2021-04-14 09:34:00,4536.15,4536.15,4536.15,4536.15,25,475,4536.15,4332.35,4761.5
16564,2021-04-14 09:35:00,4536.15,4536.15,4536.15,4536.15,25,475,4536.15,4332.35,4761.5
16565,2021-04-14 09:36:00,4536.15,4536.15,4536.15,4536.15,25,475,4536.15,4332.35,4761.5
16566,2021-04-14 09:37:00,4536.15,4536.15,4536.15,4536.15,25,475,4536.15,4332.35,4761.5
16567,2021-04-14 09:38:00,4536.15,4536.15,4536.15,4536.15,25,475,4536.15,4332.35,4761.5
16568,2021-04-14 09:39:00,4536.15,4536.15,4536.15,4536.15,25,475,4536.15,4332.35,4761.5
16569,2021-04-14 09:40:00,4536.15,4536.15,4536.15,4536.15,25,475,4536.15,4332.35,4761.5
16570,2021-04-14 09:41:00,4536.15,4536.15,4536.15,4536.15,25,475,4536.15,4332.35,4761.5
16571,2021-04-14 09:42:00,4536.15,4536.15,4536.15,4536.15,25,475,4536.15,4332.35,4761.5
16572,2021-04-14 09:43:00,4536.15,4536.15,4536.15,4536.15,25,475,4536.15,4332.35,4761.5
16573,2021-04-14 09:44:00,4536.15,4536.15,4536.15,4536.15,25,475,4536.15,4332.35,4761.5
16574,2021-04-14 09:45:00,4536.15,4536.15,4536.15,4536.15,25,475,4536.15,4332.35,4761.5
16575,2021-04-14 09:46:00,4536.15,4536.15,4536.15,4536.15,25,475,4536.15,4332.35,4761.5
16576,2021-04-14 09:47:00,4536.15,4536.15,4536.15,4536.15,25,475,4536.15,4332.35,4761.5
16577,2021-04-14 09:48:00,4536.15,4536.15,4536.15,4536.15,25,475,4536.15,4332.35,4761.5
16578,2021-04-14 09:49:00,4536.15,4536.15,4536.15,4536.15,25,475,4536.15,4332.35,4761.5
16579,2021-04-14 09:50:00,4536.15,4536.15,4536.15,4536.15,25,475,4536.15,4332.35,4761.5
16580,2021-04-14 09:51:00,4536.15,4536.15,4536.15,4536.15,25,475,4536.15,4332.35,4761.5
16581,2021-04-14 09:52:00,4536.15,4536.15,4536.15,4536.15,25,475,4536.15,4332.35,4761.5
16582,2021-04-14 09:53:00,4536.15,4536.15,4536.15,4536.15,25,475,4536.15,4332.35,4761.5
16583,2021-04-14 09:54:00,4536.15,4536.15,4536.15,4536.15,25,475,4536.15,4332.35,4761.5
16584,2021-04-14 09:55:00,4536.15,4536.15,4536.15,4536.15,25,475,4536.15,4332.35,4761.5
16585,2021-04-14 09:56:00,4536.15,4536.15,4536.15,4536.15,25,475,4536.15,4332.35,4761.5
16586,2021-04-14 09:57:00,4536.15,4536.15,4536.15,4536.15,25,475,4536.15,4332.35,4761.5
16587,2021-04-14 09:58:00,4536.15,4536.15,4536.15,4536.15,25,475,4536.15,4332.35,4761.5
16588,2021-04-14 09:59:00,4536.15,4536.15,4536.15,4536.15,25,475,4536.15,4332.35,4761.5
16589,2021-04-14 10:00:00,4536.15,4536.15,4536.15,4536.15,25,475,4536.15,4332.35,4761.5
16590,2021-04-14 10:01:00,4536.15,4536.15,4536.15,4536.15,25,475,4536.15,4332.35,4761.5
16591,2021-04-14 10:02:00,4536.15,4536.15,4536.15,4536.15,25,475,4536.15,4332.35,4761.5
16592,2021-04-14 10:03:00,4536.15,4536.15,4536.15,4536.15,25,475,4536.15,4332.35,4761.5
16593,2021-04-14 10:04:00,4536.15,4536.15,4536.15,4536.15,25,475,4536.15,4332.35,4761.5
16594,2021-04-14 10:05:00,4536.15,4536.15,4536.15,4536.15,25,475,4536.15,4332.35,4761.5
16595,2021-04-14 10:06:00,4536.15,4536.15,4536.15,4536.15,25,475,4536.15,4332.35,4761.5
16596,2021-04-14 10:07:00,4536.15,4536.15,4536.15,4536.15,25,475,4536.15,4332.35,4761.5
16597,2021-04-14 10:08:00,4536.15,4536.15,4536.15,4536.15,25,475,4536.15,4332.35,4761.5
16598,2021-04-14 10:09:00,4536.15,4536.15,4536.15,4536.15,25,475,4536.15,4332.35,4761.5
16599,2021-04-14 10:10:00,4536.15,4536.15,4536.15,4536.15,25,475,4536.15,4332.35,4761.5
16600,2021-04-14 10:11:00,4536.15,4536.15,4536.15,4536.15,25,475,4536.15,4332.35,4761.5
16601,2021-04-14 10:12:00,4536.15,4536.15,4536.15,4536.15,25,475,4536.15,4332.35,4761.5
16602,2021-04-14 10:13:00,4536.15,4536.15,4536.15,4536.15,25,475,4536.15,4332.35,4761.5
16603,2021-04-14 10:14:00,4536.15,4536.15,4536.15,4536.15,25,475,4536.15,4332.35,4761.5
16604,2021-04-14 10:15:00,4536.15,4536.15,4536.15,4536.15,25,475,4536.15,4332.35,4761.5
16605,2021-04-14 10:16:00,4536.15,4536.15,4536.15,4536.15,25,475,4536.15,4332.35,4761.5
16606,2021-04-14 10:17:00,4536.15,4536.15,4536.15,4536.15,25,475,4536.15,4332.35,4761.5
16607,2021-04-14 10:18:00,4536.15,4536.15,4536.15,4536.15,25,475,4536.15,4332.35,4761.5
16608,2021-04-14 10:19:00,4536.15,4536.15,4536.15,4536.15,25,475,4536.15,4332.35,4761.5
16609,2021-04-14 10:20:00,4536.15,4536.15,4536.15,4536.15,25,475,4536.15,4332.35,4761.5
16610,2021-04-14 10:21:00,4536.15,4536.15,4536.15,4536.15,25,475,4536.15,4332.35,4761.5
16611,2021-04-14 10:22:00,4536.15,4536.15,4536.15,4536.15,25,475,4536.15,4332.35,4761.5
16612,2021-04-14 10:23:00,4536.15,4536.15,4536.15,4536.15,25,475,4536.15,4332.35,4761.5
16613,2021-04-14 10:24:00,4536.15,4536.15,4536.15,4536.15,25,475,4536.15,4332.35,4761.5
16614,2021-04-14 10:25:00,4536.15,4536.15,4536.15,4536.15,25,475,4536.15,4332.35,4761.5
16615,2021-04-14 10:26:00,4536.15,4536.15,4536.15,4536.15,25,475,4536.15,4332.35,4761.5
16616,2021-04-14 10:27:00,4536.15,4536.15,4536.15,4536.15,25,475,4536.15,4332.35,4761.5
16617,2021-04-14 10:28:00,4536.15,4536.15,4536.15,4536.15,25,475,4536.15,4332.35,4761.5
16618,2021-04-14 10:29:00,4536.15,4536.15,4536.15,4536.15,25,475,4536.15,4332.35,4761.5
16619,2021-04-14 10:30:00,4536.15,4536.15,4536.15,4536.15,25,475,4536.15,4332.35,4761.5
16620,2021-04-14 10:31:00,4536.15,4536.15,4536.15,4536.15,25,475,4536.15,4332.35,4761.5
16621,2021-04-14 10:32:00,4536.15,4536.15,4536.15,4536.15,25,475,4536.15,4332.35,4761.5
16622,2021-04-14 10:33:00,4536.15,4536.15,4536.15,4536.15,25,475,4536.15,4332.35,4761.5
16623,2021-04-14 10:34:00,4536.15,4536.15,4536.15,4536.15,25,475,4536.15,4332.35,4761.5
16624,2021-04-14 10:35:00,4536.15,4536.15,4536.15,4536.15,25,475,4536.15,4332.35,4761.5
16625,2021-04-14 10:36:00,4536.15,4536.15,4536.15,4536.15,25,475,4536.15,4332.35,4761.5
16626,2021-04-14 10:37:00,4536.15,4536.15,4536.15,4536.15,25,475,4536.15,4332.35,4761.5
16627,2021-04-14 10:38:00,4536.15,4536.15,4536.15,4536.15,25,475,4536.15,4332.35,4761.5
16628,2021-04-14 10:39:00,4536.15,4536.15,4536.15,4536.15,25,475,4536.15,4332.35,4761.5
16629,2021-04-14 10:40:00,4536.15,4536.15,4536.15,4536.15,25,475,4536.15,4332.35,4761.5
16630,2021-04-14 10:41:00,4536.15,4536.15,4536.15,4536.15,25,475,4536.15,4332.35,4761.5
16631,2021-04-14 10:42:00,4536.15,4536.15,4536.15,4536.15,25,475,4536.15,4332.35,4761.5
16632,2021-04-14 10:43:00,4536.15,4536.15,4536.15,4536.15,25,475,4536.15,4332.35,4761.5
16633,2021-04-14 10:44:00,4536.15,4536.15,4536.15,4536.15,25,475,4536.15,4332.35,4761.5
16634,2021-04-14 10:45:00,4536.15,4536.15,4536.15,4536.15,25,475,4536.15,4332.35,4761.5
16635,2021-04-14 10:46:00,4536.15,4536.15,4536.15,4536.15,25,475,4536.15,4332.35,4761.5
16636,2021-04-14 10:47:00,4536.15,4536.15,4536.15,4536.15,25,475,4536.15,4332.35,4761.5
16637,2021-04-14 10:48:00,4536.15,4536.15,4536.15,4536.15,25,475,4536.15,4332.35,4761.5
16638,2021-04-14 10:49:00,4536.15,4536.15,4536.15,4536.15,25,475,4536.15,4332.35,4761.5
16639,2021-04-14 10:50:00,4536.15,4536.15,4536.15,4536.15,25,475,4536.15,4332.35,4761.5
16640,2021-04-14 10:51:00,4536.15,4536.15,4536.15,4536.15,25,475,4536.15,4332.35,4761.5
16641,2021-04-14 10:52:00,4536.15,4536.15,4536.15,4536.15,25,475,4536.15,4332.35,4761.5
16642,2021-04-14 10:53:00,4536.15,4536.15,4536.15,4536.15,25,475,4536.15,4332.35,4761.5
16643,2021-04-14 10:54:00,4536.15,4536.15,4536.15,4536.15,25,475,4536.15,4332.35,4761.5
16644,2021-04-14 10:55:00,4536.15,4536.15,4536.15,4536.15,25,475,4536.15,4332.35,4761.5
16645,2021-04-14 10:56:00,4536.15,4536.15,4536.15,4536.15,25,475,4536.15,4332.35,4761.5
16646,2021-04-14 10:57:00,4536.15,4536.15,4536.15,4536.15,25,475,4536.15,4332.35,4761.5
16647,2021-04-14 10:58:00,4536.15,4536.15,4536.15,4536.15,25,475,4536.15,4332.35,4761.5
16648,2021-04-14 10:59:00,4536.15,4536.15,4536.15,4536.15,25,475,4536.15,4332.35,4761.5
16649,2021-04-14 11:00:00,4536.15,4536.15,4536.15,4536.15,25,475,4536.15,4332.35,4761.5
16650,2021-04-14 11:01:00,4536.15,4536.15,4536.15,4536.15,25,475,4536.15,4332.35,4761.5
16651,2021-04-14 11:02:00,4536.15,4536.15,4536.15,4536.15,25,475,4536.15,4332.35,4761.5
16652,2021-04-14 11:03:00,4536.15,4536.15,4536.15,4536.15,25,475,4536.15,4332.35,4761.5
16653,2021-04-14 11:04:00,4536.15,4536.15,4536.15,4536.15,25,475,4536.15,4332.35,4761.5
16654,2021-04-14 11:05:00,4536.15,4536.15,4536.15,4536.15,25,475,4536.15,4332.35,4761.5
16655,2021-04-14 11:06:00,4536.15,4536.15,4536.15,4536.15,25,475,4536.15,4332.35,4761.5
16656,2021-04-14 11:07:00,4536.15,4536.15,4536.15,4536.15,25,475,4536.15,4332.35,4761.5
16657,2021-04-14 11:08:00,4536.15,4536.15,4536.15,4536.15,25,475,4536.15,4332.35,4761.5
16658,2021-04-14 11:09:00,4536.15,4536.15,4536.15,4536.15,25,475,4536.15,4332.35,4761.5
16659,2021-04-14 11:10:00,4536.15,4536.15,4536.15,4536.15,25,475,4536.15,4332.35,4761.5
16660,2021-04-14 11:11:00,4536.15,4536.15,4536.15,4536.15,25,475,4536.15,4332.35,4761.5
16661,2021-04-14 11:12:00,4536.15,4536.15,4536.15,4536.15,25,475,4536.15,4332.35,4761.5
16662,2021-04-14 11:13:00,4536.15,4536.15,4536.15,4536.15,25,475,4536.15,4332.35,4761.5
16663,2021-04-14 11:14:00,4536.15,4536.15,4536.15,4536.15,25,475,4536.15,4332.35,4761.5
16664,2021-04-14 11:15:00,4536.15,4536.15,4536.15,4536.15,25,475,4536.15,4332.35,4761.5
16665,2021-04-14 11:16:00,4536.15,4536.15,4536.15,4536.15,25,475,4536.15,4332.35,4761.5
16666,2021-04-14 11:17:00,4536.15,4536.15,4536.15,4536.15,25,475,4536.15,4332.35,4761.5
16667,2021-04-14 11:18:00,4536.15,4536.15,4536.15,4536.15,25,475,4536.15,4332.35,4761.5
16668,2021-04-14 11:19:00,4536.15,4536.15,4536.15,4536.15,25,475,4536.15,4332.35,4761.5
16669,2021-04-14 11:20:00,4536.15,4536.15,4536.15,4536.15,25,475,4536.15,4332.35,4761.5
16670,2021-04-14 11:21:00,4536.15,4536.15,4536.15,4536.15,25,475,4536.15,4332.35,4761.5
16671,2021-04-14 11:22:00,4536.15,4536.15,4536.15,4536.15,25,475,4536.15,4332.35,4761.5
16672,2021-04-14 11:23:00,4536.15,4536.15,4536.15,4536.15,25,475,4536.15,4332.35,4761.5
16673,2021-04-14 11:24:00,4536.15,4536.15,4536.15,4536.15,25,475,4536.15,4332.35,4761.5
16674,2021-04-14 11:25:00,4536.15,4536.15,4536.15,4536.15,25,475,4536.15,4332.35,4761.5
16675,2021-04-14 11:26:00,4536.15,4536.15,4536.15,4536.15,25,475,4536.15,4332.35,4761.5
16676,2021-04-14 11:27:00,4536.15,4536.15,4536.15,4536.15,25,475,4536.15,4332.35,4761.5
16677,2021-04-14 11:28:00,4536.15,4536.15,4536.15,4536.15,25,475,4536.15,4332.35,4761.5
16678,2021-04-14 11:29:00,4536.15,4536.15,4536.15,4536.15,25,475,4536.15,4332.35,4761.5
16679,2021-04-14 11:30:00,4536.15,4536.15,4536.15,4536.15,25,475,4536.15,4332.35,4761.5
16680,2021-04-14 11:31:00,4536.15,4536.15,4536.15,4536.15,25,475,4536.15,4332.35,4761.5
16681,2021-04-14 11:32:00,4536.15,4536.15,4536.15,4536.15,25,475,4536.15,4332.35,4761.5
16682,2021-04-14 11:33:00,4536.15,4536.15,4536.15,4536.15,25,475,4536.15,4332.35,4761.5
16683,2021-04-14 11:34:00,4536.15,4536.15,4536.15,4536.15,25,475,4536.15,4332.35,4761.5
16684,2021-04-14 11:35:00,4536.15,4536.15,4536.15,4536.15,25,475,4536.15,4332.35,4761.5
16685,2021-04-14 11:36:00,4536.15,4536.15,4536.15,4536.15,25,475,4536.15,4332.35,4761.5
16686,2021-04-14 11:37:00,4536.15,4536.15,4536.15,4536.15,25,475,4536.15,4332.35,4761.5
16687,2021-04-14 11:38:00,4536.15,4536.15,4536.15,4536.15,25,475,4536.15,4332.35,4761.5
16688,2021-04-14 11:39:00,4536.15,4536.15,4536.15,4536.15,25,475,4536.15,4332.35,4761.5
16689,2021-04-14 11:40:00,4536.15,4536.15,4536.15,4536.15,25,475,4536.15,4332.35,4761.5
16690,2021-04-14 11:41:00,4536.15,4536.15,4536.15,4536.15,25,475,4536.15,4332.35,4761.5
16691,2021-04-14 11:42:00,4536.15,4536.15,4536.15,4536.15,25,475,4536.15,4332.35,4761.5
16692,2021-04-14 11:43:00,4536.15,4536.15,4536.15,4536.15,25,475,4536.15,4332.35,4761.5
16693,2021-04-14 11:44:00,4536.15,4536.15,4536.15,4536.15,25,475,4536.15,4332.35,4761.5
16694,2021-04-14 11:45:00,4536.15,4536.15,4536.15,4536.15,25,475,4536.15,4332.35,4761.5
16695,2021-04-14 11:46:00,4536.15,4536.15,4536.15,4536.15,25,475,4536.15,4332.35,4761.5
16696,2021-04-14 11:47:00,4536.15,4536.15,4536.15,4536.15,25,475,4536.15,4332.35,4761.5
16697,2021-04-14 11:48:00,4536.15,4536.15,4536.15,4536.15,25,475,4536.15,4332.35,4761.5
16698,2021-04-14 11:49:00,4536.15,4536.15,4536.15,4536.15,25,475,4536.15,4332.35,4761.5
16699,2021-04-14 11:50:00,4536.15,4536.15,4536.15,4536.15,25,475,4536.15,4332.35,4761.5
16700,2021-04-14 11:51:00,4536.15,4536.15,4536.15,4536.15,25,475,4536.15,4332.35,4761.5
16701,2021-04-14 11:52:00,4536.15,4536.15,4536.15,4536.15,25,475,4536.15,4332.35,4761.5
16702,2021-04-14 11:53:00,4536.15,4536.15,4536.15,4536.15,25,475,4536.15,4332.35,4761.5
16703,2021-04-14 11:54:00,4536.15,4536.15,4536.15,4536.15,25,475,4536.15,4332.35,4761.5
16704,2021-04-14 11:55:00,4536.15,4536.15,4536.15,4536.15,25,475,4536.15,4332.35,4761.5
16705,2021-04-14 11:56:00,4536.15,4536.15,4536.15,4536.15,25,475,4536.15,4332.35,4761.5
16706,2021-04-14 11:57:00,4536.15,4536.15,4536.15,4536.15,25,475,4536.15,4332.35,4761.5
16707,2021-04-14 11:58:00,4536.15,4536.15,4536.15,4536.15,25,475,4536.15,4332.35,4761.5
16708,2021-04-14 11:59:00,4536.15,4536.15,4536.15,4536.15,25,475,4536.15,4332.35,4761.5
16709,2021-04-14 12:00:00,4536.15,4536.15,4536.15,4536.15,25,475,4536.15,4332.35,4761.5
16710,2021-04-14 12:01:00,4536.15,4536.15,4536.15,4536.15,25,475,4536.15,4332.35,4761.5
16711,2021-04-14 12:02:00,4536.15,4536.15,4536.15,4536.15,25,475,4536.15,4332.35,4761.5
16712,2021-04-14 12:03:00,4536.15,4536.15,4536.15,4536.15,25,475,4536.15,4332.35,4761.5
16713,2021-04-14 12:04:00,4536.15,4536.15,4536.15,4536.15,25,475,4536.15,4332.35,4761.5
16714,2021-04-14 12:05:00,4536.15,4536.15,4536.15,4536.15,25,475,4536.15,4332.35,4761.5
16715,2021-04-14 12:06:00,4536.15,4536.15,4536.15,4536.15,25,475,4536.15,4332.35,4761.5
16716,2021-04-14 12:07:00,4536.15,4536.15,4536.15,4536.15,25,475,4536.15,4332.35,4761.5
16717,2021-04-14 12:08:00,4536.15,4536.15,4536.15,4536.15,25,475,4536.15,4332.35,4761.5
16718,2021-04-14 12:09:00,4536.15,4536.15,4536.15,4536.15,25,475,4536.15,4332.35,4761.5
16719,2021-04-14 12:10:00,4536.15,4536.15,4536.15,4536.15,25,475,4536.15,4332.35,4761.5
16720,2021-04-14 12:11:00,4536.15,4536.15,4536.15,4536.15,25,475,4536.15,4332.35,4761.5
16721,2021-04-14 12:12:00,4536.15,4536.15,4536.15,4536.15,25,475,4536.15,4332.35,4761.5
16722,2021-04-14 12:13:00,4536.15,4536.15,4536.15,4536.15,25,475,4536.15,4332.35,4761.5
16723,2021-04-14 12:14:00,4536.15,4536.15,4536.15,4536.15,25,475,4536.15,4332.35,4761.5
16724,2021-04-14 12:15:00,4536.15,4536.15,4536.15,4536.15,25,475,4536.15,4332.35,4761.5
16725,2021-04-14 12:16:00,4536.15,4536.15,4536.15,4536.15,25,475,4536.15,4332.35,4761.5
16726,2021-04-14 12:17:00,4536.15,4536.15,4536.15,4536.15,25,475,4536.15,4332.35,4761.5
16727,2021-04-14 12:18:00,4536.15,4536.15,4536.15,4536.15,25,475,4536.15,4332.35,4761.5
16728,2021-04-14 12:19:00,4536.15,4536.15,4536.15,4536.15,25,475,4536.15,4332.35,4761.5
16729,2021-04-14 12:20:00,4536.15,4536.15,4536.15,4536.15,25,475,4536.15,4332.35,4761.5
16730,2021-04-14 12:21:00,4536.15,4536.15,4536.15,4536.15,25,475,4536.15,4332.35,4761.5
16731,2021-04-14 12:22:00,4536.15,4536.15,4536.15,4536.15,25,475,4536.15,4332.35,4761.5
16732,2021-04-14 12:23:00,4536.15,4536.15,4536.15,4536.15,25,475,4536.15,4332.35,4761.5
16733,2021-04-14 12:24:00,4536.15,4536.15,4536.15,4536.15,25,475,4536.15,4332.35,4761.5
16734,2021-04-14 12:25:00,4536.15,4536.15,4536.15,4536.15,25,475,4536.15,4332.35,4761.5
16735,2021-04-14 12:26:00,4536.15,4536.15,4536.15,4536.15,25,475,4536.15,4332.35,4761.5
16736,2021-04-14 12:27:00,4536.15,4536.15,4536.15,4536.15,25,475,4536.15,4332.35,4761.5
16737,2021-04-14 12:28:00,4536.15,4536.15,4536.15,4536.15,25,475,4536.15,4332.35,4761.5
16738,2021-04-14 12:29:00,4536.15,4536.15,4536.15,4536.15,25,475,4536.15,4332.35,4761.5
16739,2021-04-14 12:30:00,4536.15,4536.15,4536.15,4536.15,25,475,4536.15,4332.35,4761.5
16740,2021-04-14 12:31:00,4536.15,4536.15,4536.15,4536.15,25,475,4536.15,4332.35,4761.5
16741,2021-04-14 12:32:00,4536.15,4536.15,4536.15,4536.15,25,475,4536.15,4332.35,4761.5
16742,2021-04-14 12:33:00,4536.15,4536.15,4536.15,4536.15,25,475,4536.15,4332.35,4761.5
16743,2021-04-14 12:34:00,4536.15,4536.15,4536.15,4536.15,25,475,4536.15,4332.35,4761.5
16744,2021-04-14 12:35:00,4536.15,4536.15,4536.15,4536.15,25,475,4536.15,4332.35,4761.5
16745,2021-04-14 12:36:00,4536.15,4536.15,4536.15,4536.15,25,475,4536.15,4332.35,4761.5
16746,2021-04-14 12:37:00,4536.15,4536.15,4536.15,4536.15,25,475,4536.15,4332.35,4761.5
16747,2021-04-14 12:38:00,4536.15,4536.15,4536.15,4536.15,25,475,4536.15,4332.35,4761.5
16748,2021-04-14 12:39:00,4536.15,4536.15,4536.15,4536.15,25,475,4536.15,4332.35,4761.5
16749,2021-04-14 12:40:00,4536.15,4536.15,4536.15,4536.15,25,475,4536.15,4332.35,4761.5
16750,2021-04-14 12:41:00,4536.15,4536.15,4536.15,4536.15,25,475,4536.15,4332.35,4761.5
16751,2021-04-14 12:42:00,4536.15,4536.15,4536.15,4536.15,25,475,4536.15,4332.35,4761.5
16752,2021-04-14 12:43:00,4536.15,4536.15,4536.15,4536.15,25,475,4536.15,4332.35,4761.5
16753,2021-04-14 12:44:00,4536.15,4536.15,4536.15,4536.15,25,475,4536.15,4332.35,4761.5
16754,2021-04-14 12:45:00,4536.15,4536.15,4536.15,4536.15,25,475,4536.15,4332.35,4761.5
16755,2021-04-14 12:46:00,4536.15,4536.15,4536.15,4536.15,25,475,4536.15,4332.35,4761.5
16756,2021-04-14 12:47:00,4536.15,4536.15,4536.15,4536.15,25,475,4536.15,4332.35,4761.5
16757,2021-04-14 12:48:00,4536.15,4536.15,4536.15,4536.15,25,475,4536.15,4332.35,4761.5
16758,2021-04-14 12:49:00,4536.15,4536.15,4536.15,4536.15,25,475,4536.15,4332.35,4761.5
16759,2021-04-14 12:50:00,4536.15,4536.15,4536.15,4536.15,25,475,4536.15,4332.35,4761.5
16760,2021-04-14 12:51:00,4536.15,4536.15,4536.15,4536.15,25,475,4536.15,4332.35,4761.5
16761,2021-04-14 12:52:00,4536.15,4536.15,4536.15,4536.15,25,475,4536.15,4332.35,4761.5
16762,2021-04-14 12:53:00,4536.15,4536.15,4536.15,4536.15,25,475,4536.15,4332.35,4761.5
16763,2021-04-14 12:54:00,4536.15,4536.15,4536.15,4536.15,25,475,4536.15,4332.35,4761.5
16764,2021-04-14 12:55:00,4536.15,4536.15,4536.15,4536.15,25,475,4536.15,4332.35,4761.5
16765,2021-04-14 12:56:00,4536.15,4536.15,4536.15,4536.15,25,475,4536.15,4332.35,4761.5
16766,2021-04-14 12:57:00,4536.15,4536.15,4536.15,4536.15,25,475,4536.15,4332.35,4761.5
16767,2021-04-14 12:58:00,4536.15,4536.15,4536.15,4536.15,25,475,4536.15,4332.35,4761.5
16768,2021-04-14 12:59:00,4536.15,4536.15,4536.15,4536.15,25,475,4536.15,4332.35,4761.5
16769,2021-04-14 13:00:00,4536.15,4536.15,4536.15,4536.15,25,475,4536.15,4332.35,4761.5
16770,2021-04-14 13:01:00,4536.15,4536.15,4536.15,4536.15,25,475,4536.15,4332.35,4761.5
16771,2021-04-14 13:02:00,4536.15,4536.15,4536.15,4536.15,25,475,4536.15,4332.35,4761.5
16772,2021-04-14 13:03:00,4536.15,4536.15,4536.15,4536.15,25,475,4536.15,4332.35,4761.5
16773,2021-04-14 13:04:00,4536.15,4536.15,4536.15,4536.15,25,475,4536.15,4332.35,4761.5
16774,2021-04-14 13:05:00,4536.15,4536.15,4536.15,4536.15,25,475,4536.15,4332.35,4761.5
16775,2021-04-14 13:06:00,4536.15,4536.15,4536.15,4536.15,25,475,4536.15,4332.35,4761.5
16776,2021-04-14 13:07:00,4536.15,4536.15,4536.15,4536.15,25,475,4536.15,4332.35,4761.5
16777,2021-04-14 13:08:00,4536.15,4536.15,4536.15,4536.15,25,475,4536.15,4332.35,4761.5
16778,2021-04-14 13:09:00,4536.15,4536.15,4536.15,4536.15,25,475,4536.15,4332.35,4761.5
16779,2021-04-14 13:10:00,4536.15,4536.15,4536.15,4536.15,25,475,4536.15,4332.35,4761.5
16780,2021-04-14 13:11:00,4536.15,4536.15,4536.15,4536.15,25,475,4536.15,4332.35,4761.5
16781,2021-04-14 13:12:00,4536.15,4536.15,4536.15,4536.15,25,475,4536.15,4332.35,4761.5
16782,2021-04-14 13:13:00,4536.15,4536.15,4536.15,4536.15,25,475,4536.15,4332.35,4761.5
16783,2021-04-14 13:14:00,4536.15,4536.15,4536.15,4536.15,25,475,4536.15,4332.35,4761.5
16784,2021-04-14 13:15:00,4536.15,4536.15,4536.15,4536.15,25,475,4536.15,4332.35,4761.5
16785,2021-04-14 13:16:00,4536.15,4536.15,4536.15,4536.15,25,475,4536.15,4332.35,4761.5
16786,2021-04-14 13:17:00,4536.15,4536.15,4536.15,4536.15,25,475,4536.15,4332.35,4761.5
16787,2021-04-14 13:18:00,4536.15,4536.15,4536.15,4536.15,25,475,4536.15,4332.35,4761.5
16788,2021-04-14 13:19:00,4536.15,4536.15,4536.15,4536.15,25,475,4536.15,4332.35,4761.5
16789,2021-04-14 13:20:00,4536.15,4536.15,4536.15,4536.15,25,475,4536.15,4332.35,4761.5
16790,2021-04-14 13:21:00,4536.15,4536.15,4536.15,4536.15,25,475,4536.15,4332.35,4761.5
16791,2021-04-14 13:22:00,4536.15,4536.15,4536.15,4536.15,25,475,4536.15,4332.35,4761.5
16792,2021-04-14 13:23:00,4536.15,4536.15,4536.15,4536.15,25,475,4536.15,4332.35,4761.5
16793,2021-04-14 13:24:00,4536.15,4536.15,4536.15,4536.15,25,475,4536.15,4332.35,4761.5
16794,2021-04-14 13:25:00,4536.15,4536.15,4536.15,4536.15,25,475,4536.15,4332.35,4761.5
16795,2021-04-14 13:26:00,4536.15,4536.15,4536.15,4536.15,25,475,4536.15,4332.35,4761.5
16796,2021-04-14 13:27:00,4536.15,4536.15,4536.15,4536.15,25,475,4536.15,4332.35,4761.5
16797,2021-04-14 13:28:00,4536.15,4536.15,4536.15,4536.15,25,475,4536.15,4332.35,4761.5
16798,2021-04-14 13:29:00,4536.15,4536.15,4536.15,4536.15,25,475,4536.15,4332.35,4761.5
16799,2021-04-14 13:30:00,4536.15,4536.15,4536.15,4536.15,25,475,4536.15,4332.35,4761.5
16800,2021-04-14 13:31:00,4536.15,4536.15,4536.15,4536.15,25,475,4536.15,4332.35,4761.5
16801,2021-04-14 13:32:00,4536.15,4536.15,4536.15,4536.15,25,475,4536.15,4332.35,4761.5
16802,2021-04-14 13:33:00,4536.15,4536.15,4536.15,4536.15,25,475,4536.15,4332.35,4761.5
16803,2021-04-14 13:34:00,4536.15,4536.15,4536.15,4536.15,25,475,4536.15,4332.35,4761.5
16804,2021-04-14 13:35:00,4536.15,4536.15,4536.15,4536.15,25,475,4536.15,4332.35,4761.5
16805,2021-04-14 13:36:00,4536.15,4536.15,4536.15,4536.15,25,475,4536.15,4332.35,4761.5
16806,2021-04-14 13:37:00,4536.15,4536.15,4536.15,4536.15,25,475,4536.15,4332.35,4761.5
16807,2021-04-14 13:38:00,4536.15,4536.15,4536.15,4536.15,25,475,4536.15,4332.35,4761.5
16808,2021-04-14 13:39:00,4536.15,4536.15,4536.15,4536.15,25,475,4536.15,4332.35,4761.5
16809,2021-04-14 13:40:00,4536.15,4536.15,4536.15,4536.15,25,475,4536.15,4332.35,4761.5
16810,2021-04-14 13:41:00,4536.15,4536.15,4536.15,4536.15,25,475,4536.15,4332.35,4761.5
16811,2021-04-14 13:42:00,4536.15,4536.15,4536.15,4536.15,25,475,4536.15,4332.35,4761.5
16812,2021-04-14 13:43:00,4536.15,4536.15,4536.15,4536.15,25,475,4536.15,4332.35,4761.5
16813,2021-04-14 13:44:00,4536.15,4536.15,4536.15,4536.15,25,475,4536.15,4332.35,4761.5
16814,2021-04-14 13:45:00,4536.15,4536.15,4536.15,4536.15,25,475,4536.15,4332.35,4761.5
16815,2021-04-14 13:46:00,4536.15,4536.15,4536.15,4536.15,25,475,4536.15,4332.35,4761.5
16816,2021-04-14 13:47:00,4536.15,4536.15,4536.15,4536.15,25,475,4536.15,4332.35,4761.5
16817,2021-04-14 13:48:00,4536.15,4536.15,4536.15,4536.15,25,475,4536.15,4332.35,4761.5
16818,2021-04-14 13:49:00,4536.15,4536.15,4536.15,4536.15,25,475,4536.15,4332.35,4761.5
16819,2021-04-14 13:50:00,4536.15,4536.15,4536.15,4536.15,25,475,4536.15,4332.35,4761.5
16820,2021-04-14 13:51:00,4536.15,4536.15,4536.15,4536.15,25,475,4536.15,4332.35,4761.5
16821,2021-04-14 13:52:00,4536.15,4536.15,4536.15,4536.15,25,475,4536.15,4332.35,4761.5
16822,2021-04-14 13:53:00,4536.15,4536.15,4536.15,4536.15,25,475,4536.15,4332.35,4761.5
16823,2021-04-14 13:54:00,4536.15,4536.15,4536.15,4536.15,25,475,4536.15,4332.35,4761.5
16824,2021-04-14 13:55:00,4536.15,4536.15,4536.15,4536.15,25,475,4536.15,4332.35,4761.5
16825,2021-04-14 13:56:00,4536.15,4536.15,4536.15,4536.15,25,475,4536.15,4332.35,4761.5
16826,2021-04-14 13:57:00,4536.15,4536.15,4536.15,4536.15,25,475,4536.15,4332.35,4761.5
16827,2021-04-14 13:58:00,4536.15,4536.15,4536.15,4536.15,25,475,4536.15,4332.35,4761.5
16828,2021-04-14 13:59:00,4536.15,4536.15,4536.15,4536.15,25,475,4536.15,4332.35,4761.5
16829,2021-04-14 14:00:00,4536.15,4536.15,4536.15,4536.15,25,475,4536.15,4332.35,4761.5
16830,2021-04-14 14:01:00,4536.15,4536.15,4536.15,4536.15,25,475,4536.15,4332.35,4761.5
16831,2021-04-14 14:02:00,4536.15,4536.15,4536.15,4536.15,25,475,4536.15,4332.35,4761.5
16832,2021-04-14 14:03:00,4536.15,4536.15,4536.15,4536.15,25,475,4536.15,4332.35,4761.5
16833,2021-04-14 14:04:00,4536.15,4536.15,4536.15,4536.15,25,475,4536.15,4332.35,4761.5
16834,2021-04-14 14:05:00,4536.15,4536.15,4536.15,4536.15,25,475,4536.15,4332.35,4761.5
16835,2021-04-14 14:06:00,4536.15,4536.15,4536.15,4536.15,25,475,4536.15,4332.35,4761.5
16836,2021-04-14 14:07:00,4536.15,4536.15,4536.15,4536.15,25,475,4536.15,4332.35,4761.5
16837,2021-04-14 14:08:00,4536.15,4536.15,4536.15,4536.15,25,475,4536.15,4332.35,4761.5
16838,2021-04-14 14:09:00,4536.15,4536.15,4536.15,4536.15,25,475,4536.15,4332.35,4761.5
16839,2021-04-14 14:10:00,4536.15,4536.15,4536.15,4536.15,25,475,4536.15,4332.35,4761.5
16840,2021-04-14 14:11:00,4536.15,4536.15,4536.15,4536.15,25,475,4536.15,4332.35,4761.5
16841,2021-04-14 14:12:00,4536.15,4536.15,4536.15,4536.15,25,475,4536.15,4332.35,4761.5
16842,2021-04-14 14:13:00,4536.15,4536.15,4536.15,4536.15,25,475,4536.15,4332.35,4761.5
16843,2021-04-14 14:14:00,4536.15,4536.15,4536.15,4536.15,25,475,4536.15,4332.35,4761.5
16844,2021-04-14 14:15:00,4536.15,4536.15,4536.15,4536.15,25,475,4536.15,4332.35,4761.5
16845,2021-04-14 14:16:00,4536.15,4536.15,4536.15,4536.15,25,475,4536.15,4332.35,4761.5
16846,2021-04-14 14:17:00,4536.15,4536.15,4536.15,4536.15,25,475,4536.15,4332.35,4761.5
16847,2021-04-14 14:18:00,4536.15,4536.15,4536.15,4536.15,25,475,4536.15,4332.35,4761.5
16848,2021-04-14 14:19:00,4536.15,4536.15,4536.15,4536.15,25,475,4536.15,4332.35,4761.5
16849,2021-04-14 14:20:00,4536.15,4536.15,4536.15,4536.15,25,475,4536.15,4332.35,4761.5
16850,2021-04-14 14:21:00,4536.15,4536.15,4536.15,4536.15,25,475,4536.15,4332.35,4761.5
16851,2021-04-14 14:22:00,4536.15,4536.15,4536.15,4536.15,25,475,4536.15,4332.35,4761.5
16852,2021-04-14 14:23:00,4536.15,4536.15,4536.15,4536.15,25,475,4536.15,4332.35,4761.5
16853,2021-04-14 14:24:00,4536.15,4536.15,4536.15,4536.15,25,475,4536.15,4332.35,4761.5
16854,2021-04-14 14:25:00,4536.15,4536.15,4536.15,4536.15,25,475,4536.15,4332.35,4761.5
16855,2021-04-14 14:26:00,4536.15,4536.15,4536.15,4536.15,25,475,4536.15,4332.35,4761.5
16856,2021-04-14 14:27:00,4536.15,4536.15,4536.15,4536.15,25,475,4536.15,4332.35,4761.5
16857,2021-04-14 14:28:00,4536.15,4536.15,4536.15,4536.15,25,475,4536.15,4332.35,4761.5
16858,2021-04-14 14:29:00,4536.15,4536.15,4536.15,4536.15,25,475,4536.15,4332.35,4761.5
16859,2021-04-14 14:30:00,4536.15,4536.15,4536.15,4536.15,25,475,4536.15,4332.35,4761.5
16860,2021-04-14 14:31:00,4536.15,4536.15,4536.15,4536.15,25,475,4536.15,4332.35,4761.5
16861,2021-04-14 14:32:00,4536.15,4536.15,4536.15,4536.15,25,475,4536.15,4332.35,4761.5
16862,2021-04-14 14:33:00,4536.15,4536.15,4536.15,4536.15,25,475,4536.15,4332.35,4761.5
16863,2021-04-14 14:34:00,4536.15,4536.15,4536.15,4536.15,25,475,4536.15,4332.35,4761.5
16864,2021-04-14 14:35:00,4536.15,4536.15,4536.15,4536.15,25,475,4536.15,4332.35,4761.5
16865,2021-04-14 14:36:00,4536.15,4536.15,4536.15,4536.15,25,475,4536.15,4332.35,4761.5
16866,2021-04-14 14:37:00,4536.15,4536.15,4536.15,4536.15,25,475,4536.15,4332.35,4761.5
16867,2021-04-14 14:38:00,4536.15,4536.15,4536.15,4536.15,25,475,4536.15,4332.35,4761.5
16868,2021-04-14 14:39:00,4536.15,4536.15,4536.15,4536.15,25,475,4536.15,4332.35,4761.5
16869,2021-04-14 14:40:00,4536.15,4536.15,4536.15,4536.15,25,475,4536.15,4332.35,4761.5
16870,2021-04-14 14:41:00,4536.15,4536.15,4536.15,4536.15,25,475,4536.15,4332.35,4761.5
16871,2021-04-14 14:42:00,4536.15,4536.15,4536.15,4536.15,25,475,4536.15,4332.35,4761.5
16872,2021-04-14 14:43:00,4536.15,4536.15,4536.15,4536.15,25,475,4536.15,4332.35,4761.5
16873,2021-04-14 14:44:00,4536.15,4536.15,4536.15,4536.15,25,475,4536.15,4332.35,4761.5
16874,2021-04-14 14:45:00,4536.15,4536.15,4536.15,4536.15,25,475,4536.15,4332.35,4761.5
16875,2021-04-14 14:46:00,4536.15,4536.15,4536.15,4536.15,25,475,4536.15,4332.35,4761.5
16876,2021-04-14 14:47:00,4536.15,4536.15,4536.15,4536.15,25,475,4536.15,4332.35,4761.5
16877,2021-04-14 14:48:00,4536.15,4536.15,4536.15,4536.15,25,475,4536.15,4332.35,4761.5
16878,2021-04-14 14:49:00,4536.15,4536.15,4536.15,4536.15,25,475,4536.15,4332.35,4761.5
16879,2021-04-14 14:50:00,4536.15,4536.15,4536.15,4536.15,25,475,4536.15,4332.35,4761.5
16880,2021-04-14 14:51:00,4536.15,4536.15,4536.15,4536.15,25,475,4536.15,4332.35,4761.5
16881,2021-04-14 14:52:00,4536.15,4536.15,4536.15,4536.15,25,475,4536.15,4332.35,4761.5
16882,2021-04-14 14:53:00,4536.15,4536.15,4536.15,4536.15,25,475,4536.15,4332.35,4761.5
16883,2021-04-14 14:54:00,4536.15,4536.15,4536.15,4536.15,25,475,4536.15,4332.35,4761.5
16884,2021-04-14 14:55:00,4536.15,4536.15,4536.15,4536.15,25,475,4536.15,4332.35,4761.5
16885,2021-04-14 14:56:00,4536.15,4536.15,4536.15,4536.15,25,475,4536.15,4332.35,4761.5
16886,2021-04-14 14:57:00,4536.15,4536.15,4536.15,4536.15,25,475,4536.15,4332.35,4761.5
16887,2021-04-14 14:58:00,4536.15,4536.15,4536.15,4536.15,25,475,4536.15,4332.35,4761.5
16888,2021-04-14 14:59:00,4536.15,4536.15,4536.15,4536.15,25,475,4536.15,4332.35,4761.5
16889,2021-04-14 15:00:00,4536.15,4536.15,4536.15,4536.15,25,475,4536.15,4332.35,4761.5
16890,2021-04-14 15:01:00,4536.15,4536.15,4536.15,4536.15,25,475,4536.15,4332.35,4761.5
16891,2021-04-14 15:02:00,4536.15,4536.15,4536.15,4536.15,25,475,4536.15,4332.35,4761.5
16892,2021-04-14 15:03:00,4536.15,4536.15,4536.15,4536.15,25,475,4536.15,4332.35,4761.5
16893,2021-04-14 15:04:00,4536.15,4536.15,4536.15,4536.15,25,475,4536.15,4332.35,4761.5
16894,2021-04-14 15:05:00,4536.15,4536.15,4536.15,4536.15,25,475,4536.15,4332.35,4761.5
16895,2021-04-14 15:06:00,4536.15,4536.15,4536.15,4536.15,25,475,4536.15,4332.35,4761.5
16896,2021-04-14 15:07:00,4536.15,4536.15,4536.15,4536.15,25,475,4536.15,4332.35,4761.5
16897,2021-04-14 15:08:00,4536.15,4536.15,4536.15,4536.15,25,475,4536.15,4332.35,4761.5
16898,2021-04-14 15:09:00,4536.15,4536.15,4536.15,4536.15,25,475,4536.15,4332.35,4761.5
16899,2021-04-14 15:10:00,4536.15,4536.15,4536.15,4536.15,25,475,4536.15,4332.35,4761.5
16900,2021-04-14 15:11:00,4536.15,4536.15,4536.15,4536.15,25,475,4536.15,4332.35,4761.5
16901,2021-04-14 15:12:00,4536.15,4536.15,4536.15,4536.15,25,475,4536.15,4332.35,4761.5
16902,2021-04-14 15:13:00,4536.15,4536.15,4536.15,4536.15,25,475,4536.15,4332.35,4761.5
16903,2021-04-14 15:14:00,4536.15,4536.15,4536.15,4536.15,25,475,4536.15,4332.35,4761.5
16904,2021-04-14 15:15:00,4536.15,4536.15,4536.15,4536.15,25,475,4536.15,4332.35,4761.5
16905,2021-04-14 15:16:00,4536.15,4536.15,4536.15,4536.15,25,475,4536.15,4332.35,4761.5
16906,2021-04-14 15:17:00,4536.15,4536.15,4536.15,4536.15,25,475,4536.15,4332.35,4761.5
16907,2021-04-14 15:18:00,4536.15,4536.15,4536.15,4536.15,25,475,4536.15,4332.35,4761.5
16908,2021-04-14 15:19:00,4536.15,4536.15,4536.15,4536.15,25,475,4536.15,4332.35,4761.5
16909,2021-04-14 15:20:00,4536.15,4536.15,4536.15,4536.15,25,475,4536.15,4332.35,4761.5
16910,2021-04-14 15:21:00,4536.15,4536.15,4536.15,4536.15,25,475,4536.15,4332.35,4761.5
16911,2021-04-14 15:22:00,4536.15,4536.15,4536.15,4536.15,25,475,4536.15,4332.35,4761.5
16912,2021-04-14 15:23:00,4536.15,4536.15,4536.15,4536.15,25,475,4536.15,4332.35,4761.5
16913,2021-04-14 15:24:00,4536.15,4536.15,4536.15,4536.15,25,475,4536.15,4332.35,4761.5
16914,2021-04-14 15:25:00,4536.15,4536.15,4536.15,4536.15,25,475,4536.15,4332.35,4761.5
16915,2021-04-14 15:26:00,4536.15,4536.15,4536.15,4536.15,25,475,4536.15,4332.35,4761.5
16916,2021-04-14 15:27:00,4536.15,4536.15,4536.15,4536.15,25,475,4536.15,4332.35,4761.5
16917,2021-04-14 15:28:00,4536.15,4536.15,4536.15,4536.15,25,475,4536.15,4332.35,4761.5
16918,2021-04-14 15:29:00,4536.15,4536.15,4536.15,4536.15,25,475,4536.15,4332.35,4761.5
16919,2021-04-14 15:30:00,4536.15,4536.15,4536.15,4536.15,25,475,4536.15,4332.35,4761.5
16920,2021-04-15 09:15:00,4536.15,4536.15,4536.15,4536.15,25,475,4536.15,4332.35,4761.5
16921,2021-04-15 09:16:00,4536.15,4536.15,4536.15,4536.15,25,475,4536.15,4332.35,4761.5
16922,2021-04-15 09:17:00,4536.15,4536.15,4536.15,4536.15,25,475,4536.15,4332.35,4761.5
16923,2021-04-15 09:18:00,4536.15,4536.15,4536.15,4536.15,25,475,4536.15,4332.35,4761.5
16924,2021-04-15 09:19:00,4536.15,4536.15,4536.15,4536.15,25,475,4536.15,4332.35,4761.5
16925,2021-04-15 09:20:00,4536.15,4536.15,4536.15,4536.15,25,475,4536.15,4332.35,4761.5
16926,2021-04-15 09:21:00,4536.15,4536.15,4536.15,4536.15,25,475,4536.15,4332.35,4761.5
16927,2021-04-15 09:22:00,4536.15,4536.15,4536.15,4536.15,25,475,4536.15,4332.35,4761.5
16928,2021-04-15 09:23:00,4536.15,4536.15,4536.15,4536.15,25,475,4536.15,4332.35,4761.5
16929,2021-04-15 09:24:00,4536.15,4536.15,4536.15,4536.15,25,475,4536.15,4332.35,4761.5
16930,2021-04-15 09:25:00,4536.15,4536.15,4536.15,4536.15,25,475,4536.15,4332.35,4761.5
16931,2021-04-15 09:26:00,4536.15,4536.15,4536.15,4536.15,25,475,4536.15,4332.35,4761.5
16932,2021-04-15 09:27:00,4536.15,4536.15,4536.15,4536.15,25,475,4536.15,4332.35,4761.5
16933,2021-04-15 09:28:00,4536.15,4536.15,4536.15,4536.15,25,475,4536.15,4332.35,4761.5
16934,2021-04-15 09:29:00,4536.15,4536.15,4536.15,4536.15,25,475,4536.15,4332.35,4761.5
16935,2021-04-15 09:30:00,4536.15,4536.15,4536.15,4536.15,25,475,4536.15,4332.35,4761.5
16936,2021-04-15 09:31:00,4536.15,4536.15,4536.15,4536.15,25,475,4536.15,4332.35,4761.5
16937,2021-04-15 09:32:00,4536.15,4536.15,4536.15,4536.15,25,475,4536.15,4332.35,4761.5
16938,2021-04-15 09:33:00,4536.15,4536.15,4536.15,4536.15,25,475,4536.15,4332.35,4761.5
16939,2021-04-15 09:34:00,4536.15,4536.15,4536.15,4536.15,25,475,4536.15,4332.35,4761.5
16940,2021-04-15 09:35:00,4536.15,4536.15,4536.15,4536.15,25,475,4536.15,4332.35,4761.5
16941,2021-04-15 09:36:00,4536.15,4536.15,4536.15,4536.15,25,475,4536.15,4332.35,4761.5
16942,2021-04-15 09:37:00,4536.15,4536.15,4536.15,4536.15,25,475,4536.15,4332.35,4761.5
16943,2021-04-15 09:38:00,4536.15,4536.15,4536.15,4536.15,25,475,4536.15,4332.35,4761.5
16944,2021-04-15 09:39:00,4536.15,4536.15,4536.15,4536.15,25,475,4536.15,4332.35,4761.5
16945,2021-04-15 09:40:00,4536.15,4536.15,4536.15,4536.15,25,475,4536.15,4332.35,4761.5
16946,2021-04-15 09:41:00,4536.15,4536.15,4536.15,4536.15,25,475,4536.15,4332.35,4761.5
16947,2021-04-15 09:42:00,4536.15,4536.15,4536.15,4536.15,25,475,4536.15,4332.35,4761.5
16948,2021-04-15 09:43:00,4536.15,4536.15,4536.15,4536.15,25,475,4536.15,4332.35,4761.5
16949,2021-04-15 09:44:00,4536.15,4536.15,4536.15,4536.15,25,475,4536.15,4332.35,4761.5
16950,2021-04-15 09:45:00,4536.15,4536.15,4536.15,4536.15,25,475,4536.15,4332.35,4761.5
16951,2021-04-15 09:46:00,4536.15,4536.15,4536.15,4536.15,25,475,4536.15,4332.35,4761.5
16952,2021-04-15 09:47:00,4536.15,4536.15,4536.15,4536.15,25,475,4536.15,4332.35,4761.5
16953,2021-04-15 09:48:00,4536.15,4536.15,4536.15,4536.15,25,475,4536.15,4332.35,4761.5
16954,2021-04-15 09:49:00,4536.15,4536.15,4536.15,4536.15,25,475,4536.15,4332.35,4761.5
16955,2021-04-15 09:50:00,4536.15,4536.15,4536.15,4536.15,25,475,4536.15,4332.35,4761.5
16956,2021-04-15 09:51:00,4536.15,4536.15,4536.15,4536.15,25,475,4536.15,4332.35,4761.5
16957,2021-04-15 09:52:00,4536.15,4536.15,4536.15,4536.15,25,475,4536.15,4332.35,4761.5
16958,2021-04-15 09:53:00,4536.15,4536.15,4536.15,4536.15,25,475,4536.15,4332.35,4761.5
16959,2021-04-15 09:54:00,4536.15,4536.15,4536.15,4536.15,25,475,4536.15,4332.35,4761.5
16960,2021-04-15 09:55:00,4536.15,4536.15,4536.15,4536.15,25,475,4536.15,4332.35,4761.5
16961,2021-04-15 09:56:00,4536.15,4536.15,4536.15,4536.15,25,475,4536.15,4332.35,4761.5
16962,2021-04-15 09:57:00,4536.15,4536.15,4536.15,4536.15,25,475,4536.15,4332.35,4761.5
16963,2021-04-15 09:58:00,4536.15,4536.15,4536.15,4536.15,25,475,4536.15,4332.35,4761.5
16964,2021-04-15 09:59:00,4536.15,4536.15,4536.15,4536.15,25,475,4536.15,4332.35,4761.5
16965,2021-04-15 10:00:00,4536.15,4536.15,4536.15,4536.15,25,475,4536.15,4332.35,4761.5
16966,2021-04-15 10:01:00,4536.15,4536.15,4536.15,4536.15,25,475,4536.15,4332.35,4761.5
16967,2021-04-15 10:02:00,4536.15,4536.15,4536.15,4536.15,25,475,4536.15,4332.35,4761.5
16968,2021-04-15 10:03:00,4536.15,4536.15,4536.15,4536.15,25,475,4536.15,4332.35,4761.5
16969,2021-04-15 10:04:00,4536.15,4536.15,4536.15,4536.15,25,475,4536.15,4332.35,4761.5
16970,2021-04-15 10:05:00,4536.15,4536.15,4536.15,4536.15,25,475,4536.15,4332.35,4761.5
16971,2021-04-15 10:06:00,4536.15,4536.15,4536.15,4536.15,25,475,4536.15,4332.35,4761.5
16972,2021-04-15 10:07:00,4536.15,4536.15,4536.15,4536.15,25,475,4536.15,4332.35,4761.5
16973,2021-04-15 10:08:00,4536.15,4536.15,4536.15,4536.15,25,475,4536.15,4332.35,4761.5
16974,2021-04-15 10:09:00,4536.15,4536.15,4536.15,4536.15,25,475,4536.15,4332.35,4761.5
16975,2021-04-15 10:10:00,4536.15,4536.15,4536.15,4536.15,25,475,4536.15,4332.35,4761.5
16976,2021-04-15 10:11:00,4536.15,4536.15,4536.15,4536.15,25,475,4536.15,4332.35,4761.5
16977,2021-04-15 10:12:00,4536.15,4536.15,4536.15,4536.15,25,475,4536.15,4332.35,4761.5
16978,2021-04-15 10:13:00,4536.15,4536.15,4536.15,4536.15,25,475,4536.15,4332.35,4761.5
16979,2021-04-15 10:14:00,4536.15,4536.15,4536.15,4536.15,25,475,4536.15,4332.35,4761.5
16980,2021-04-15 10:15:00,4536.15,4536.15,4536.15,4536.15,25,475,4536.15,4332.35,4761.5
16981,2021-04-15 10:16:00,4536.15,4536.15,4536.15,4536.15,25,475,4536.15,4332.35,4761.5
16982,2021-04-15 10:17:00,4536.15,4536.15,4536.15,4536.15,25,475,4536.15,4332.35,4761.5
16983,2021-04-15 10:18:00,4536.15,4536.15,4536.15,4536.15,25,475,4536.15,4332.35,4761.5
16984,2021-04-15 10:19:00,4536.15,4536.15,4536.15,4536.15,25,475,4536.15,4332.35,4761.5
16985,2021-04-15 10:20:00,4536.15,4536.15,4536.15,4536.15,25,475,4536.15,4332.35,4761.5
16986,2021-04-15 10:21:00,4536.15,4536.15,4536.15,4536.15,25,475,4536.15,4332.35,4761.5
16987,2021-04-15 10:22:00,4536.15,4536.15,4536.15,4536.15,25,475,4536.15,4332.35,4761.5
16988,2021-04-15 10:23:00,4536.15,4536.15,4536.15,4536.15,25,475,4536.15,4332.35,4761.5
16989,2021-04-15 10:24:00,4536.15,4536.15,4536.15,4536.15,25,475,4536.15,4332.35,4761.5
16990,2021-04-15 10:25:00,4536.15,4536.15,4536.15,4536.15,25,475,4536.15,4332.35,4761.5
16991,2021-04-15 10:26:00,4536.15,4536.15,4536.15,4536.15,25,475,4536.15,4332.35,4761.5
16992,2021-04-15 10:27:00,4536.15,4536.15,4536.15,4536.15,25,475,4536.15,4332.35,4761.5
16993,2021-04-15 10:28:00,4536.15,4536.15,4536.15,4536.15,25,475,4536.15,4332.35,4761.5
16994,2021-04-15 10:29:00,4536.15,4536.15,4536.15,4536.15,25,475,4536.15,4332.35,4761.5
16995,2021-04-15 10:30:00,4536.15,4536.15,4536.15,4536.15,25,475,4536.15,4332.35,4761.5
16996,2021-04-15 10:31:00,4536.15,4536.15,4536.15,4536.15,25,475,4536.15,4332.35,4761.5
16997,2021-04-15 10:32:00,4536.15,4536.15,4536.15,4536.15,25,475,4536.15,4332.35,4761.5
16998,2021-04-15 10:33:00,4536.15,4536.15,4536.15,4536.15,25,475,4536.15,4332.35,4761.5
16999,2021-04-15 10:34:00,4536.15,4536.15,4536.15,4536.15,25,475,4536.15,4332.35,4761.5
17000,2021-04-15 10:35:00,4536.15,4536.15,4536.15,4536.15,25,475,4536.15,4332.35,4761.5
17001,2021-04-15 10:36:00,4536.15,4536.15,4536.15,4536.15,25,475,4536.15,4332.35,4761.5
17002,2021-04-15 10:37:00,4536.15,4536.15,4536.15,4536.15,25,475,4536.15,4332.35,4761.5
17003,2021-04-15 10:38:00,4536.15,4536.15,4536.15,4536.15,25,475,4536.15,4332.35,4761.5
17004,2021-04-15 10:39:00,4536.15,4536.15,4536.15,4536.15,25,475,4536.15,4332.35,4761.5
17005,2021-04-15 10:40:00,4536.15,4536.15,4536.15,4536.15,25,475,4536.15,4332.35,4761.5
17006,2021-04-15 10:41:00,4536.15,4536.15,4536.15,4536.15,25,475,4536.15,4332.35,4761.5
17007,2021-04-15 10:42:00,4536.15,4536.15,4536.15,4536.15,25,475,4536.15,4332.35,4761.5
17008,2021-04-15 10:43:00,4536.15,4536.15,4536.15,4536.15,25,475,4536.15,4332.35,4761.5
17009,2021-04-15 10:44:00,4536.15,4536.15,4536.15,4536.15,25,475,4536.15,4332.35,4761.5
17010,2021-04-15 10:45:00,4536.15,4536.15,4536.15,4536.15,25,475,4536.15,4332.35,4761.5
17011,2021-04-15 10:46:00,4536.15,4536.15,4536.15,4536.15,25,475,4536.15,4332.35,4761.5
17012,2021-04-15 10:47:00,4536.15,4536.15,4536.15,4536.15,25,475,4536.15,4332.35,4761.5
17013,2021-04-15 10:48:00,4536.15,4536.15,4536.15,4536.15,25,475,4536.15,4332.35,4761.5
17014,2021-04-15 10:49:00,4536.15,4536.15,4536.15,4536.15,25,475,4536.15,4332.35,4761.5
17015,2021-04-15 10:50:00,4536.15,4536.15,4536.15,4536.15,25,475,4536.15,4332.35,4761.5
17016,2021-04-15 10:51:00,4536.15,4536.15,4536.15,4536.15,25,475,4536.15,4332.35,4761.5
17017,2021-04-15 10:52:00,4536.15,4536.15,4536.15,4536.15,25,475,4536.15,4332.35,4761.5
17018,2021-04-15 10:53:00,4536.15,4536.15,4536.15,4536.15,25,475,4536.15,4332.35,4761.5
17019,2021-04-15 10:54:00,4536.15,4536.15,4536.15,4536.15,25,475,4536.15,4332.35,4761.5
17020,2021-04-15 10:55:00,4536.15,4536.15,4536.15,4536.15,25,475,4536.15,4332.35,4761.5
17021,2021-04-15 10:56:00,4536.15,4536.15,4536.15,4536.15,25,475,4536.15,4332.35,4761.5
17022,2021-04-15 10:57:00,4536.15,4536.15,4536.15,4536.15,25,475,4536.15,4332.35,4761.5
17023,2021-04-15 10:58:00,4536.15,4536.15,4536.15,4536.15,25,475,4536.15,4332.35,4761.5
17024,2021-04-15 10:59:00,4536.15,4536.15,4536.15,4536.15,25,475,4536.15,4332.35,4761.5
17025,2021-04-15 11:00:00,4536.15,4536.15,4536.15,4536.15,25,475,4536.15,4332.35,4761.5
17026,2021-04-15 11:01:00,4536.15,4536.15,4536.15,4536.15,25,475,4536.15,4332.35,4761.5
17027,2021-04-15 11:02:00,4536.15,4536.15,4536.15,4536.15,25,475,4536.15,4332.35,4761.5
17028,2021-04-15 11:03:00,4536.15,4536.15,4536.15,4536.15,25,475,4536.15,4332.35,4761.5
17029,2021-04-15 11:04:00,4536.15,4536.15,4536.15,4536.15,25,475,4536.15,4332.35,4761.5
17030,2021-04-15 11:05:00,4536.15,4536.15,4536.15,4536.15,25,475,4536.15,4332.35,4761.5
17031,2021-04-15 11:06:00,4536.15,4536.15,4536.15,4536.15,25,475,4536.15,4332.35,4761.5
17032,2021-04-15 11:07:00,4536.15,4536.15,4536.15,4536.15,25,475,4536.15,4332.35,4761.5
17033,2021-04-15 11:08:00,4536.15,4536.15,4536.15,4536.15,25,475,4536.15,4332.35,4761.5
17034,2021-04-15 11:09:00,4536.15,4536.15,4536.15,4536.15,25,475,4536.15,4332.35,4761.5
17035,2021-04-15 11:10:00,4536.15,4536.15,4536.15,4536.15,25,475,4536.15,4332.35,4761.5
17036,2021-04-15 11:11:00,4536.15,4536.15,4536.15,4536.15,25,475,4536.15,4332.35,4761.5
17037,2021-04-15 11:12:00,4536.15,4536.15,4536.15,4536.15,25,475,4536.15,4332.35,4761.5
17038,2021-04-15 11:13:00,4536.15,4536.15,4536.15,4536.15,25,475,4536.15,4332.35,4761.5
17039,2021-04-15 11:14:00,4536.15,4536.15,4536.15,4536.15,25,475,4536.15,4332.35,4761.5
17040,2021-04-15 11:15:00,4536.15,4536.15,4536.15,4536.15,25,475,4536.15,4332.35,4761.5
17041,2021-04-15 11:16:00,4536.15,4536.15,4536.15,4536.15,25,475,4536.15,4332.35,4761.5
17042,2021-04-15 11:17:00,4536.15,4536.15,4536.15,4536.15,25,475,4536.15,4332.35,4761.5
17043,2021-04-15 11:18:00,4536.15,4536.15,4536.15,4536.15,25,475,4536.15,4332.35,4761.5
17044,2021-04-15 11:19:00,4536.15,4536.15,4536.15,4536.15,25,475,4536.15,4332.35,4761.5
17045,2021-04-15 11:20:00,4536.15,4536.15,4536.15,4536.15,25,475,4536.15,4332.35,4761.5
17046,2021-04-15 11:21:00,4536.15,4536.15,4536.15,4536.15,25,475,4536.15,4332.35,4761.5
17047,2021-04-15 11:22:00,4536.15,4536.15,4536.15,4536.15,25,475,4536.15,4332.35,4761.5
17048,2021-04-15 11:23:00,4536.15,4536.15,4536.15,4536.15,25,475,4536.15,4332.35,4761.5
17049,2021-04-15 11:24:00,4536.15,4536.15,4536.15,4536.15,25,475,4536.15,4332.35,4761.5
17050,2021-04-15 11:25:00,4536.15,4536.15,4536.15,4536.15,25,475,4536.15,4332.35,4761.5
17051,2021-04-15 11:26:00,4536.15,4536.15,4536.15,4536.15,25,475,4536.15,4332.35,4761.5
17052,2021-04-15 11:27:00,4536.15,4536.15,4536.15,4536.15,25,475,4536.15,4332.35,4761.5
17053,2021-04-15 11:28:00,4536.15,4536.15,4536.15,4536.15,25,475,4536.15,4332.35,4761.5
17054,2021-04-15 11:29:00,4536.15,4536.15,4536.15,4536.15,25,475,4536.15,4332.35,4761.5
17055,2021-04-15 11:30:00,4536.15,4536.15,4536.15,4536.15,25,475,4536.15,4332.35,4761.5
17056,2021-04-15 11:31:00,4536.15,4536.15,4536.15,4536.15,25,475,4536.15,4332.35,4761.5
17057,2021-04-15 11:32:00,4536.15,4536.15,4536.15,4536.15,25,475,4536.15,4332.35,4761.5
17058,2021-04-15 11:33:00,4536.15,4536.15,4536.15,4536.15,25,475,4536.15,4332.35,4761.5
17059,2021-04-15 11:34:00,4536.15,4536.15,4536.15,4536.15,25,475,4536.15,4332.35,4761.5
17060,2021-04-15 11:35:00,4536.15,4536.15,4536.15,4536.15,25,475,4536.15,4332.35,4761.5
17061,2021-04-15 11:36:00,4536.15,4536.15,4536.15,4536.15,25,475,4536.15,4332.35,4761.5
17062,2021-04-15 11:37:00,4536.15,4536.15,4536.15,4536.15,25,475,4536.15,4332.35,4761.5
17063,2021-04-15 11:38:00,4536.15,4536.15,4536.15,4536.15,25,475,4536.15,4332.35,4761.5
17064,2021-04-15 11:39:00,4536.15,4536.15,4536.15,4536.15,25,475,4536.15,4332.35,4761.5
17065,2021-04-15 11:40:00,4536.15,4536.15,4536.15,4536.15,25,475,4536.15,4332.35,4761.5
17066,2021-04-15 11:41:00,4536.15,4536.15,4536.15,4536.15,25,475,4536.15,4332.35,4761.5
17067,2021-04-15 11:42:00,4536.15,4536.15,4536.15,4536.15,25,475,4536.15,4332.35,4761.5
17068,2021-04-15 11:43:00,4536.15,4536.15,4536.15,4536.15,25,475,4536.15,4332.35,4761.5
17069,2021-04-15 11:44:00,4536.15,4536.15,4536.15,4536.15,25,475,4536.15,4332.35,4761.5
17070,2021-04-15 11:45:00,4536.15,4536.15,4536.15,4536.15,25,475,4536.15,4332.35,4761.5
17071,2021-04-15 11:46:00,4536.15,4536.15,4536.15,4536.15,25,475,4536.15,4332.35,4761.5
17072,2021-04-15 11:47:00,4536.15,4536.15,4536.15,4536.15,25,475,4536.15,4332.35,4761.5
17073,2021-04-15 11:48:00,4536.15,4536.15,4536.15,4536.15,25,475,4536.15,4332.35,4761.5
17074,2021-04-15 11:49:00,4536.15,4536.15,4536.15,4536.15,25,475,4536.15,4332.35,4761.5
17075,2021-04-15 11:50:00,4536.15,4536.15,4536.15,4536.15,25,475,4536.15,4332.35,4761.5
17076,2021-04-15 11:51:00,4536.15,4536.15,4536.15,4536.15,25,475,4536.15,4332.35,4761.5
17077,2021-04-15 11:52:00,4536.15,4536.15,4536.15,4536.15,25,475,4536.15,4332.35,4761.5
17078,2021-04-15 11:53:00,4536.15,4536.15,4536.15,4536.15,25,475,4536.15,4332.35,4761.5
17079,2021-04-15 11:54:00,4536.15,4536.15,4536.15,4536.15,25,475,4536.15,4332.35,4761.5
17080,2021-04-15 11:55:00,4536.15,4536.15,4536.15,4536.15,25,475,4536.15,4332.35,4761.5
17081,2021-04-15 11:56:00,4536.15,4536.15,4536.15,4536.15,25,475,4536.15,4332.35,4761.5
17082,2021-04-15 11:57:00,4536.15,4536.15,4536.15,4536.15,25,475,4536.15,4332.35,4761.5
17083,2021-04-15 11:58:00,4536.15,4536.15,4536.15,4536.15,25,475,4536.15,4332.35,4761.5
17084,2021-04-15 11:59:00,4536.15,4536.15,4536.15,4536.15,25,475,4536.15,4332.35,4761.5
17085,2021-04-15 12:00:00,4536.15,4536.15,4536.15,4536.15,25,475,4536.15,4332.35,4761.5
17086,2021-04-15 12:01:00,4536.15,4536.15,4536.15,4536.15,25,475,4536.15,4332.35,4761.5
17087,2021-04-15 12:02:00,4536.15,4536.15,4536.15,4536.15,25,475,4536.15,4332.35,4761.5
17088,2021-04-15 12:03:00,4536.15,4536.15,4536.15,4536.15,25,475,4536.15,4332.35,4761.5
17089,2021-04-15 12:04:00,4536.15,4536.15,4536.15,4536.15,25,475,4536.15,4332.35,4761.5
17090,2021-04-15 12:05:00,4536.15,4536.15,4536.15,4536.15,25,475,4536.15,4332.35,4761.5
17091,2021-04-15 12:06:00,4536.15,4536.15,4536.15,4536.15,25,475,4536.15,4332.35,4761.5
17092,2021-04-15 12:07:00,4536.15,4536.15,4536.15,4536.15,25,475,4536.15,4332.35,4761.5
17093,2021-04-15 12:08:00,4536.15,4536.15,4536.15,4536.15,25,475,4536.15,4332.35,4761.5
17094,2021-04-15 12:09:00,4536.15,4536.15,4536.15,4536.15,25,475,4536.15,4332.35,4761.5
17095,2021-04-15 12:10:00,4536.15,4536.15,4536.15,4536.15,25,475,4536.15,4332.35,4761.5
17096,2021-04-15 12:11:00,4536.15,4536.15,4536.15,4536.15,25,475,4536.15,4332.35,4761.5
17097,2021-04-15 12:12:00,4536.15,4536.15,4536.15,4536.15,25,475,4536.15,4332.35,4761.5
17098,2021-04-15 12:13:00,4536.15,4536.15,4536.15,4536.15,25,475,4536.15,4332.35,4761.5
17099,2021-04-15 12:14:00,4536.15,4536.15,4536.15,4536.15,25,475,4536.15,4332.35,4761.5
17100,2021-04-15 12:15:00,4536.15,4536.15,4536.15,4536.15,25,475,4536.15,4332.35,4761.5
17101,2021-04-15 12:16:00,4536.15,4536.15,4536.15,4536.15,25,475,4536.15,4332.35,4761.5
17102,2021-04-15 12:17:00,4536.15,4536.15,4536.15,4536.15,25,475,4536.15,4332.35,4761.5
17103,2021-04-15 12:18:00,4536.15,4536.15,4536.15,4536.15,25,475,4536.15,4332.35,4761.5
17104,2021-04-15 12:19:00,4536.15,4536.15,4536.15,4536.15,25,475,4536.15,4332.35,4761.5
17105,2021-04-15 12:20:00,4536.15,4536.15,4536.15,4536.15,25,475,4536.15,4332.35,4761.5
17106,2021-04-15 12:21:00,4536.15,4536.15,4536.15,4536.15,25,475,4536.15,4332.35,4761.5
17107,2021-04-15 12:22:00,4536.15,4536.15,4536.15,4536.15,25,475,4536.15,4332.35,4761.5
17108,2021-04-15 12:23:00,4536.15,4536.15,4536.15,4536.15,25,475,4536.15,4332.35,4761.5
17109,2021-04-15 12:24:00,4536.15,4536.15,4536.15,4536.15,25,475,4536.15,4332.35,4761.5
17110,2021-04-15 12:25:00,4536.15,4536.15,4536.15,4536.15,25,475,4536.15,4332.35,4761.5
17111,2021-04-15 12:26:00,4536.15,4536.15,4536.15,4536.15,25,475,4536.15,4332.35,4761.5
17112,2021-04-15 12:27:00,4536.15,4536.15,4536.15,4536.15,25,475,4536.15,4332.35,4761.5
17113,2021-04-15 12:28:00,4536.15,4536.15,4536.15,4536.15,25,475,4536.15,4332.35,4761.5
17114,2021-04-15 12:29:00,4536.15,4536.15,4536.15,4536.15,25,475,4536.15,4332.35,4761.5
17115,2021-04-15 12:30:00,4536.15,4536.15,4536.15,4536.15,25,475,4536.15,4332.35,4761.5
17116,2021-04-15 12:31:00,4536.15,4536.15,4536.15,4536.15,25,475,4536.15,4332.35,4761.5
17117,2021-04-15 12:32:00,4536.15,4536.15,4536.15,4536.15,25,475,4536.15,4332.35,4761.5
17118,2021-04-15 12:33:00,4536.15,4536.15,4536.15,4536.15,25,475,4536.15,4332.35,4761.5
17119,2021-04-15 12:34:00,4536.15,4536.15,4536.15,4536.15,25,475,4536.15,4332.35,4761.5
17120,2021-04-15 12:35:00,4536.15,4536.15,4536.15,4536.15,25,475,4536.15,4332.35,4761.5
17121,2021-04-15 12:36:00,4536.15,4536.15,4536.15,4536.15,25,475,4536.15,4332.35,4761.5
17122,2021-04-15 12:37:00,4536.15,4536.15,4536.15,4536.15,25,475,4536.15,4332.35,4761.5
17123,2021-04-15 12:38:00,4536.15,4536.15,4536.15,4536.15,25,475,4536.15,4332.35,4761.5
17124,2021-04-15 12:39:00,4536.15,4536.15,4536.15,4536.15,25,475,4536.15,4332.35,4761.5
17125,2021-04-15 12:40:00,4536.15,4536.15,4536.15,4536.15,25,475,4536.15,4332.35,4761.5
17126,2021-04-15 12:41:00,4536.15,4536.15,4536.15,4536.15,25,475,4536.15,4332.35,4761.5
17127,2021-04-15 12:42:00,4536.15,4536.15,4536.15,4536.15,25,475,4536.15,4332.35,4761.5
17128,2021-04-15 12:43:00,4536.15,4536.15,4536.15,4536.15,25,475,4536.15,4332.35,4761.5
17129,2021-04-15 12:44:00,4536.15,4536.15,4536.15,4536.15,25,475,4536.15,4332.35,4761.5
17130,2021-04-15 12:45:00,4536.15,4536.15,4536.15,4536.15,25,475,4536.15,4332.35,4761.5
17131,2021-04-15 12:46:00,4536.15,4536.15,4536.15,4536.15,25,475,4536.15,4332.35,4761.5
17132,2021-04-15 12:47:00,4536.15,4536.15,4536.15,4536.15,25,475,4536.15,4332.35,4761.5
17133,2021-04-15 12:48:00,4536.15,4536.15,4536.15,4536.15,25,475,4536.15,4332.35,4761.5
17134,2021-04-15 12:49:00,4536.15,4536.15,4536.15,4536.15,25,475,4536.15,4332.35,4761.5
17135,2021-04-15 12:50:00,4536.15,4536.15,4536.15,4536.15,25,475,4536.15,4332.35,4761.5
17136,2021-04-15 12:51:00,4536.15,4536.15,4536.15,4536.15,25,475,4536.15,4332.35,4761.5
17137,2021-04-15 12:52:00,4536.15,4536.15,4536.15,4536.15,25,475,4536.15,4332.35,4761.5
17138,2021-04-15 12:53:00,4536.15,4536.15,4536.15,4536.15,25,475,4536.15,4332.35,4761.5
17139,2021-04-15 12:54:00,4536.15,4536.15,4536.15,4536.15,25,475,4536.15,4332.35,4761.5
17140,2021-04-15 12:55:00,4536.15,4536.15,4536.15,4536.15,25,475,4536.15,4332.35,4761.5
17141,2021-04-15 12:56:00,4536.15,4536.15,4536.15,4536.15,25,475,4536.15,4332.35,4761.5
17142,2021-04-15 12:57:00,4536.15,4536.15,4536.15,4536.15,25,475,4536.15,4332.35,4761.5
17143,2021-04-15 12:58:00,4536.15,4536.15,4536.15,4536.15,25,475,4536.15,4332.35,4761.5
17144,2021-04-15 12:59:00,4536.15,4536.15,4536.15,4536.15,25,475,4536.15,4332.35,4761.5
17145,2021-04-15 13:00:00,4536.15,4536.15,4536.15,4536.15,25,475,4536.15,4332.35,4761.5
17146,2021-04-15 13:01:00,4536.15,4536.15,4536.15,4536.15,25,475,4536.15,4332.35,4761.5
17147,2021-04-15 13:02:00,4536.15,4536.15,4536.15,4536.15,25,475,4536.15,4332.35,4761.5
17148,2021-04-15 13:03:00,4536.15,4536.15,4536.15,4536.15,25,475,4536.15,4332.35,4761.5
17149,2021-04-15 13:04:00,4536.15,4536.15,4536.15,4536.15,25,475,4536.15,4332.35,4761.5
17150,2021-04-15 13:05:00,4536.15,4536.15,4536.15,4536.15,25,475,4536.15,4332.35,4761.5
17151,2021-04-15 13:06:00,4536.15,4536.15,4536.15,4536.15,25,475,4536.15,4332.35,4761.5
17152,2021-04-15 13:07:00,4536.15,4536.15,4536.15,4536.15,25,475,4536.15,4332.35,4761.5
17153,2021-04-15 13:08:00,4536.15,4536.15,4536.15,4536.15,25,475,4536.15,4332.35,4761.5
17154,2021-04-15 13:09:00,4536.15,4536.15,4536.15,4536.15,25,475,4536.15,4332.35,4761.5
17155,2021-04-15 13:10:00,4536.15,4536.15,4536.15,4536.15,25,475,4536.15,4332.35,4761.5
17156,2021-04-15 13:11:00,4536.15,4536.15,4536.15,4536.15,25,475,4536.15,4332.35,4761.5
17157,2021-04-15 13:12:00,4536.15,4536.15,4536.15,4536.15,25,475,4536.15,4332.35,4761.5
17158,2021-04-15 13:13:00,4536.15,4536.15,4536.15,4536.15,25,475,4536.15,4332.35,4761.5
17159,2021-04-15 13:14:00,4536.15,4536.15,4536.15,4536.15,25,475,4536.15,4332.35,4761.5
17160,2021-04-15 13:15:00,4536.15,4536.15,4536.15,4536.15,25,475,4536.15,4332.35,4761.5
17161,2021-04-15 13:16:00,4536.15,4536.15,4536.15,4536.15,25,475,4536.15,4332.35,4761.5
17162,2021-04-15 13:17:00,4536.15,4536.15,4536.15,4536.15,25,475,4536.15,4332.35,4761.5
17163,2021-04-15 13:18:00,4536.15,4536.15,4536.15,4536.15,25,475,4536.15,4332.35,4761.5
17164,2021-04-15 13:19:00,4536.15,4536.15,4536.15,4536.15,25,475,4536.15,4332.35,4761.5
17165,2021-04-15 13:20:00,4536.15,4536.15,4536.15,4536.15,25,475,4536.15,4332.35,4761.5
17166,2021-04-15 13:21:00,4536.15,4536.15,4536.15,4536.15,25,475,4536.15,4332.35,4761.5
17167,2021-04-15 13:22:00,4536.15,4536.15,4536.15,4536.15,25,475,4536.15,4332.35,4761.5
17168,2021-04-15 13:23:00,4536.15,4536.15,4536.15,4536.15,25,475,4536.15,4332.35,4761.5
17169,2021-04-15 13:24:00,4536.15,4536.15,4536.15,4536.15,25,475,4536.15,4332.35,4761.5
17170,2021-04-15 13:25:00,4536.15,4536.15,4536.15,4536.15,25,475,4536.15,4332.35,4761.5
17171,2021-04-15 13:26:00,4536.15,4536.15,4536.15,4536.15,25,475,4536.15,4332.35,4761.5
17172,2021-04-15 13:27:00,4536.15,4536.15,4536.15,4536.15,25,475,4536.15,4332.35,4761.5
17173,2021-04-15 13:28:00,4536.15,4536.15,4536.15,4536.15,25,475,4536.15,4332.35,4761.5
17174,2021-04-15 13:29:00,4536.15,4536.15,4536.15,4536.15,25,475,4536.15,4332.35,4761.5
17175,2021-04-15 13:30:00,4536.15,4536.15,4536.15,4536.15,25,475,4536.15,4332.35,4761.5
17176,2021-04-15 13:31:00,4536.15,4536.15,4536.15,4536.15,25,475,4536.15,4332.35,4761.5
17177,2021-04-15 13:32:00,4536.15,4536.15,4536.15,4536.15,25,475,4536.15,4332.35,4761.5
17178,2021-04-15 13:33:00,4536.15,4536.15,4536.15,4536.15,25,475,4536.15,4332.35,4761.5
17179,2021-04-15 13:34:00,4536.15,4536.15,4536.15,4536.15,25,475,4536.15,4332.35,4761.5
17180,2021-04-15 13:35:00,4536.15,4536.15,4536.15,4536.15,25,475,4536.15,4332.35,4761.5
17181,2021-04-15 13:36:00,4536.15,4536.15,4536.15,4536.15,25,475,4536.15,4332.35,4761.5
17182,2021-04-15 13:37:00,4536.15,4536.15,4536.15,4536.15,25,475,4536.15,4332.35,4761.5
17183,2021-04-15 13:38:00,4536.15,4536.15,4536.15,4536.15,25,475,4536.15,4332.35,4761.5
17184,2021-04-15 13:39:00,4536.15,4536.15,4536.15,4536.15,25,475,4536.15,4332.35,4761.5
17185,2021-04-15 13:40:00,4536.15,4536.15,4536.15,4536.15,25,475,4536.15,4332.35,4761.5
17186,2021-04-15 13:41:00,4536.15,4536.15,4536.15,4536.15,25,475,4536.15,4332.35,4761.5
17187,2021-04-15 13:42:00,4536.15,4536.15,4536.15,4536.15,25,475,4536.15,4332.35,4761.5
17188,2021-04-15 13:43:00,4536.15,4536.15,4536.15,4536.15,25,475,4536.15,4332.35,4761.5
17189,2021-04-15 13:44:00,4536.15,4536.15,4536.15,4536.15,25,475,4536.15,4332.35,4761.5
17190,2021-04-15 13:45:00,4536.15,4536.15,4536.15,4536.15,25,475,4536.15,4332.35,4761.5
17191,2021-04-15 13:46:00,4536.15,4536.15,4536.15,4536.15,25,475,4536.15,4332.35,4761.5
17192,2021-04-15 13:47:00,4536.15,4536.15,4536.15,4536.15,25,475,4536.15,4332.35,4761.5
17193,2021-04-15 13:48:00,4536.15,4536.15,4536.15,4536.15,25,475,4536.15,4332.35,4761.5
17194,2021-04-15 13:49:00,4536.15,4536.15,4536.15,4536.15,25,475,4536.15,4332.35,4761.5
17195,2021-04-15 13:50:00,4536.15,4536.15,4536.15,4536.15,25,475,4536.15,4332.35,4761.5
17196,2021-04-15 13:51:00,4536.15,4536.15,4536.15,4536.15,25,475,4536.15,4332.35,4761.5
17197,2021-04-15 13:52:00,4536.15,4536.15,4536.15,4536.15,25,475,4536.15,4332.35,4761.5
17198,2021-04-15 13:53:00,4536.15,4536.15,4536.15,4536.15,25,475,4536.15,4332.35,4761.5
17199,2021-04-15 13:54:00,4536.15,4536.15,4536.15,4536.15,25,475,4536.15,4332.35,4761.5
17200,2021-04-15 13:55:00,4536.15,4536.15,4536.15,4536.15,25,475,4536.15,4332.35,4761.5
17201,2021-04-15 13:56:00,4536.15,4536.15,4536.15,4536.15,25,475,4536.15,4332.35,4761.5
17202,2021-04-15 13:57:00,4536.15,4536.15,4536.15,4536.15,25,475,4536.15,4332.35,4761.5
17203,2021-04-15 13:58:00,4536.15,4536.15,4536.15,4536.15,25,475,4536.15,4332.35,4761.5
17204,2021-04-15 13:59:00,4536.15,4536.15,4536.15,4536.15,25,475,4536.15,4332.35,4761.5
17205,2021-04-15 14:00:00,4536.15,4536.15,4536.15,4536.15,25,475,4536.15,4332.35,4761.5
17206,2021-04-15 14:01:00,4536.15,4536.15,4536.15,4536.15,25,475,4536.15,4332.35,4761.5
17207,2021-04-15 14:02:00,4536.15,4536.15,4536.15,4536.15,25,475,4536.15,4332.35,4761.5
17208,2021-04-15 14:03:00,4536.15,4536.15,4536.15,4536.15,25,475,4536.15,4332.35,4761.5
17209,2021-04-15 14:04:00,4536.15,4536.15,4536.15,4536.15,25,475,4536.15,4332.35,4761.5
17210,2021-04-15 14:05:00,4536.15,4536.15,4536.15,4536.15,25,475,4536.15,4332.35,4761.5
17211,2021-04-15 14:06:00,4536.15,4536.15,4536.15,4536.15,25,475,4536.15,4332.35,4761.5
17212,2021-04-15 14:07:00,4536.15,4536.15,4536.15,4536.15,25,475,4536.15,4332.35,4761.5
17213,2021-04-15 14:08:00,4536.15,4536.15,4536.15,4536.15,25,475,4536.15,4332.35,4761.5
17214,2021-04-15 14:09:00,4536.15,4536.15,4536.15,4536.15,25,475,4536.15,4332.35,4761.5
17215,2021-04-15 14:10:00,4536.15,4536.15,4536.15,4536.15,25,475,4536.15,4332.35,4761.5
17216,2021-04-15 14:11:00,4536.15,4536.15,4536.15,4536.15,25,475,4536.15,4332.35,4761.5
17217,2021-04-15 14:12:00,4536.15,4536.15,4536.15,4536.15,25,475,4536.15,4332.35,4761.5
17218,2021-04-15 14:13:00,4536.15,4536.15,4536.15,4536.15,25,475,4536.15,4332.35,4761.5
17219,2021-04-15 14:14:00,4536.15,4536.15,4536.15,4536.15,25,475,4536.15,4332.35,4761.5
17220,2021-04-15 14:15:00,4536.15,4536.15,4536.15,4536.15,25,475,4536.15,4332.35,4761.5
17221,2021-04-15 14:16:00,4536.15,4536.15,4536.15,4536.15,25,475,4536.15,4332.35,4761.5
17222,2021-04-15 14:17:00,4536.15,4536.15,4536.15,4536.15,25,475,4536.15,4332.35,4761.5
17223,2021-04-15 14:18:00,4536.15,4536.15,4536.15,4536.15,25,475,4536.15,4332.35,4761.5
17224,2021-04-15 14:19:00,4536.15,4536.15,4536.15,4536.15,25,475,4536.15,4332.35,4761.5
17225,2021-04-15 14:20:00,4536.15,4536.15,4536.15,4536.15,25,475,4536.15,4332.35,4761.5
17226,2021-04-15 14:21:00,4536.15,4536.15,4536.15,4536.15,25,475,4536.15,4332.35,4761.5
17227,2021-04-15 14:22:00,4536.15,4536.15,4536.15,4536.15,25,475,4536.15,4332.35,4761.5
17228,2021-04-15 14:23:00,4536.15,4536.15,4536.15,4536.15,25,475,4536.15,4332.35,4761.5
17229,2021-04-15 14:24:00,4536.15,4536.15,4536.15,4536.15,25,475,4536.15,4332.35,4761.5
17230,2021-04-15 14:25:00,4536.15,4536.15,4536.15,4536.15,25,475,4536.15,4332.35,4761.5
17231,2021-04-15 14:26:00,4536.15,4536.15,4536.15,4536.15,25,475,4536.15,4332.35,4761.5
17232,2021-04-15 14:27:00,4536.15,4536.15,4536.15,4536.15,25,475,4536.15,4332.35,4761.5
17233,2021-04-15 14:28:00,4536.15,4536.15,4536.15,4536.15,25,475,4536.15,4332.35,4761.5
17234,2021-04-15 14:29:00,4536.15,4536.15,4536.15,4536.15,25,475,4536.15,4332.35,4761.5
17235,2021-04-15 14:30:00,4536.15,4536.15,4536.15,4536.15,25,475,4536.15,4332.35,4761.5
17236,2021-04-15 14:31:00,4536.15,4536.15,4536.15,4536.15,25,475,4536.15,4332.35,4761.5
17237,2021-04-15 14:32:00,4536.15,4536.15,4536.15,4536.15,25,475,4536.15,4332.35,4761.5
17238,2021-04-15 14:33:00,4536.15,4536.15,4536.15,4536.15,25,475,4536.15,4332.35,4761.5
17239,2021-04-15 14:34:00,4536.15,4536.15,4536.15,4536.15,25,475,4536.15,4332.35,4761.5
17240,2021-04-15 14:35:00,4536.15,4536.15,4536.15,4536.15,25,475,4536.15,4332.35,4761.5
17241,2021-04-15 14:36:00,4536.15,4536.15,4536.15,4536.15,25,475,4536.15,4332.35,4761.5
17242,2021-04-15 14:37:00,4536.15,4536.15,4536.15,4536.15,25,475,4536.15,4332.35,4761.5
17243,2021-04-15 14:38:00,4536.15,4536.15,4536.15,4536.15,25,475,4536.15,4332.35,4761.5
17244,2021-04-15 14:39:00,4536.15,4536.15,4536.15,4536.15,25,475,4536.15,4332.35,4761.5
17245,2021-04-15 14:40:00,4536.15,4536.15,4536.15,4536.15,25,475,4536.15,4332.35,4761.5
17246,2021-04-15 14:41:00,4536.15,4536.15,4536.15,4536.15,25,475,4536.15,4332.35,4761.5
17247,2021-04-15 14:42:00,4536.15,4536.15,4536.15,4536.15,25,475,4536.15,4332.35,4761.5
17248,2021-04-15 14:43:00,4536.15,4536.15,4536.15,4536.15,25,475,4536.15,4332.35,4761.5
17249,2021-04-15 14:44:00,4536.15,4536.15,4536.15,4536.15,25,475,4536.15,4332.35,4761.5
17250,2021-04-15 14:45:00,4536.15,4536.15,4536.15,4536.15,25,475,4536.15,4332.35,4761.5
17251,2021-04-15 14:46:00,4536.15,4536.15,4536.15,4536.15,25,475,4536.15,4332.35,4761.5
17252,2021-04-15 14:47:00,4536.15,4536.15,4536.15,4536.15,25,475,4536.15,4332.35,4761.5
17253,2021-04-15 14:48:00,4536.15,4536.15,4536.15,4536.15,25,475,4536.15,4332.35,4761.5
17254,2021-04-15 14:49:00,4536.15,4536.15,4536.15,4536.15,25,475,4536.15,4332.35,4761.5
17255,2021-04-15 14:50:00,4536.15,4536.15,4536.15,4536.15,25,475,4536.15,4332.35,4761.5
17256,2021-04-15 14:51:00,4536.15,4536.15,4536.15,4536.15,25,475,4536.15,4332.35,4761.5
17257,2021-04-15 14:52:00,4536.15,4536.15,4536.15,4536.15,25,475,4536.15,4332.35,4761.5
17258,2021-04-15 14:53:00,4536.15,4536.15,4536.15,4536.15,25,475,4536.15,4332.35,4761.5
17259,2021-04-15 14:54:00,4536.15,4536.15,4536.15,4536.15,25,475,4536.15,4332.35,4761.5
17260,2021-04-15 14:55:00,4536.15,4536.15,4536.15,4536.15,25,475,4536.15,4332.35,4761.5
17261,2021-04-15 14:56:00,4536.15,4536.15,4536.15,4536.15,25,475,4536.15,4332.35,4761.5
17262,2021-04-15 14:57:00,4536.15,4536.15,4536.15,4536.15,25,475,4536.15,4332.35,4761.5
17263,2021-04-15 14:58:00,4536.15,4536.15,4536.15,4536.15,25,475,4536.15,4332.35,4761.5
17264,2021-04-15 14:59:00,4536.15,4536.15,4536.15,4536.15,25,475,4536.15,4332.35,4761.5
17265,2021-04-15 15:00:00,4536.15,4536.15,4536.15,4536.15,25,475,4536.15,4332.35,4761.5
17266,2021-04-15 15:01:00,4536.15,4536.15,4536.15,4536.15,25,475,4536.15,4332.35,4761.5
17267,2021-04-15 15:02:00,4536.15,4536.15,4536.15,4536.15,25,475,4536.15,4332.35,4761.5
17268,2021-04-15 15:03:00,4536.15,4536.15,4536.15,4536.15,25,475,4536.15,4332.35,4761.5
17269,2021-04-15 15:04:00,4536.15,4536.15,4536.15,4536.15,25,475,4536.15,4332.35,4761.5
17270,2021-04-15 15:05:00,4536.15,4536.15,4536.15,4536.15,25,475,4536.15,4332.35,4761.5
17271,2021-04-15 15:06:00,4536.15,4536.15,4536.15,4536.15,25,475,4536.15,4332.35,4761.5
17272,2021-04-15 15:07:00,4536.15,4536.15,4536.15,4536.15,25,475,4536.15,4332.35,4761.5
17273,2021-04-15 15:08:00,4536.15,4536.15,4536.15,4536.15,25,475,4536.15,4332.35,4761.5
17274,2021-04-15 15:09:00,4536.15,4536.15,4536.15,4536.15,25,475,4536.15,4332.35,4761.5
17275,2021-04-15 15:10:00,4536.15,4536.15,4536.15,4536.15,25,475,4536.15,4332.35,4761.5
17276,2021-04-15 15:11:00,4536.15,4536.15,4536.15,4536.15,25,475,4536.15,4332.35,4761.5
17277,2021-04-15 15:12:00,4536.15,4536.15,4536.15,4536.15,25,475,4536.15,4332.35,4761.5
17278,2021-04-15 15:13:00,4536.15,4536.15,4536.15,4536.15,25,475,4536.15,4332.35,4761.5
17279,2021-04-15 15:14:00,4536.15,4536.15,4536.15,4536.15,25,475,4536.15,4332.35,4761.5
17280,2021-04-15 15:15:00,4536.15,4536.15,4536.15,4536.15,25,475,4536.15,4332.35,4761.5
17281,2021-04-15 15:16:00,4536.15,4536.15,4536.15,4536.15,25,475,4536.15,4332.35,4761.5
17282,2021-04-15 15:17:00,4536.15,4536.15,4536.15,4536.15,25,475,4536.15,4332.35,4761.5
17283,2021-04-15 15:18:00,4536.15,4536.15,4536.15,4536.15,25,475,4536.15,4332.35,4761.5
17284,2021-04-15 15:19:00,4536.15,4536.15,4536.15,4536.15,25,475,4536.15,4332.35,4761.5
17285,2021-04-15 15:20:00,4536.15,4536.15,4536.15,4536.15,25,475,4536.15,4332.35,4761.5
17286,2021-04-15 15:21:00,4536.15,4536.15,4536.15,4536.15,25,475,4536.15,4332.35,4761.5
17287,2021-04-15 15:22:00,4536.15,4536.15,4536.15,4536.15,25,475,4536.15,4332.35,4761.5
17288,2021-04-15 15:23:00,4536.15,4536.15,4536.15,4536.15,25,475,4536.15,4332.35,4761.5
17289,2021-04-15 15:24:00,4536.15,4536.15,4536.15,4536.15,25,475,4536.15,4332.35,4761.5
17290,2021-04-15 15:25:00,4536.15,4536.15,4536.15,4536.15,25,475,4536.15,4332.35,4761.5
17291,2021-04-15 15:26:00,4536.15,4536.15,4536.15,4536.15,25,475,4536.15,4332.35,4761.5
17292,2021-04-15 15:27:00,4536.15,4536.15,4536.15,4536.15,25,475,4536.15,4332.35,4761.5
17293,2021-04-15 15:28:00,4536.15,4536.15,4536.15,4536.15,25,475,4536.15,4332.35,4761.5
17294,2021-04-15 15:29:00,4536.15,4536.15,4536.15,4536.15,25,475,4536.15,4332.35,4761.5
17295,2021-04-15 15:30:00,4536.15,4536.15,4536.15,4536.15,25,475,4536.15,4332.35,4761.5
17296,2021-04-16 09:15:00,4536.15,4536.15,4536.15,4536.15,25,475,4536.15,4332.35,4761.5
17297,2021-04-16 09:16:00,4536.15,4536.15,4536.15,4536.15,25,475,4536.15,4332.35,4761.5
17298,2021-04-16 09:17:00,4536.15,4536.15,4536.15,4536.15,25,475,4536.15,4332.35,4761.5
17299,2021-04-16 09:18:00,4536.15,4536.15,4536.15,4536.15,25,475,4536.15,4332.35,4761.5
17300,2021-04-16 09:19:00,4536.15,4536.15,4536.15,4536.15,25,475,4536.15,4332.35,4761.5
17301,2021-04-16 09:20:00,4536.15,4536.15,4536.15,4536.15,25,475,4536.15,4332.35,4761.5
17302,2021-04-16 09:21:00,4536.15,4536.15,4536.15,4536.15,25,475,4536.15,4332.35,4761.5
17303,2021-04-16 09:22:00,4536.15,4536.15,4536.15,4536.15,25,475,4536.15,4332.35,4761.5
17304,2021-04-16 09:23:00,4536.15,4536.15,4536.15,4536.15,25,475,4536.15,4332.35,4761.5
17305,2021-04-16 09:24:00,4536.15,4536.15,4536.15,4536.15,25,475,4536.15,4332.35,4761.5
17306,2021-04-16 09:25:00,4536.15,4536.15,4536.15,4536.15,25,475,4536.15,4332.35,4761.5
17307,2021-04-16 09:26:00,4536.15,4536.15,4536.15,4536.15,25,475,4536.15,4332.35,4761.5
17308,2021-04-16 09:27:00,4536.15,4536.15,4536.15,4536.15,25,475,4536.15,4332.35,4761.5
17309,2021-04-16 09:28:00,4536.15,4536.15,4536.15,4536.15,25,475,4536.15,4332.35,4761.5
17310,2021-04-16 09:29:00,4536.15,4536.15,4536.15,4536.15,25,475,4536.15,4332.35,4761.5
17311,2021-04-16 09:30:00,4536.15,4536.15,4536.15,4536.15,25,475,4536.15,4332.35,4761.5
17312,2021-04-16 09:31:00,4536.15,4536.15,4536.15,4536.15,25,475,4536.15,4332.35,4761.5
17313,2021-04-16 09:32:00,4536.15,4536.15,4536.15,4536.15,25,475,4536.15,4332.35,4761.5
17314,2021-04-16 09:33:00,4536.15,4536.15,4536.15,4536.15,25,475,4536.15,4332.35,4761.5
17315,2021-04-16 09:34:00,4536.15,4536.15,4536.15,4536.15,25,475,4536.15,4332.35,4761.5
17316,2021-04-16 09:35:00,4536.15,4536.15,4536.15,4536.15,25,475,4536.15,4332.35,4761.5
17317,2021-04-16 09:36:00,4536.15,4536.15,4536.15,4536.15,25,475,4536.15,4332.35,4761.5
17318,2021-04-16 09:37:00,4536.15,4536.15,4536.15,4536.15,25,475,4536.15,4332.35,4761.5
17319,2021-04-16 09:38:00,4536.15,4536.15,4536.15,4536.15,25,475,4536.15,4332.35,4761.5
17320,2021-04-16 09:39:00,4536.15,4536.15,4536.15,4536.15,25,475,4536.15,4332.35,4761.5
17321,2021-04-16 09:40:00,4536.15,4536.15,4536.15,4536.15,25,475,4536.15,4332.35,4761.5
17322,2021-04-16 09:41:00,4536.15,4536.15,4536.15,4536.15,25,475,4536.15,4332.35,4761.5
17323,2021-04-16 09:42:00,4536.15,4536.15,4536.15,4536.15,25,475,4536.15,4332.35,4761.5
17324,2021-04-16 09:43:00,4536.15,4536.15,4536.15,4536.15,25,475,4536.15,4332.35,4761.5
17325,2021-04-16 09:44:00,4536.15,4536.15,4536.15,4536.15,25,475,4536.15,4332.35,4761.5
17326,2021-04-16 09:45:00,4536.15,4536.15,4536.15,4536.15,25,475,4536.15,4332.35,4761.5
17327,2021-04-16 09:46:00,4536.15,4536.15,4536.15,4536.15,25,475,4536.15,4332.35,4761.5
17328,2021-04-16 09:47:00,4536.15,4536.15,4536.15,4536.15,25,475,4536.15,4332.35,4761.5
17329,2021-04-16 09:48:00,4536.15,4536.15,4536.15,4536.15,25,475,4536.15,4332.35,4761.5
17330,2021-04-16 09:49:00,4536.15,4536.15,4536.15,4536.15,25,475,4536.15,4332.35,4761.5
17331,2021-04-16 09:50:00,4536.15,4536.15,4536.15,4536.15,25,475,4536.15,4332.35,4761.5
17332,2021-04-16 09:51:00,4536.15,4536.15,4536.15,4536.15,25,475,4536.15,4332.35,4761.5
17333,2021-04-16 09:52:00,4536.15,4536.15,4536.15,4536.15,25,475,4536.15,4332.35,4761.5
17334,2021-04-16 09:53:00,4536.15,4536.15,4536.15,4536.15,25,475,4536.15,4332.35,4761.5
17335,2021-04-16 09:54:00,4536.15,4536.15,4536.15,4536.15,25,475,4536.15,4332.35,4761.5
17336,2021-04-16 09:55:00,4536.15,4536.15,4536.15,4536.15,25,475,4536.15,4332.35,4761.5
17337,2021-04-16 09:56:00,4536.15,4536.15,4536.15,4536.15,25,475,4536.15,4332.35,4761.5
17338,2021-04-16 09:57:00,4536.15,4536.15,4536.15,4536.15,25,475,4536.15,4332.35,4761.5
17339,2021-04-16 09:58:00,4536.15,4536.15,4536.15,4536.15,25,475,4536.15,4332.35,4761.5
17340,2021-04-16 09:59:00,4536.15,4536.15,4536.15,4536.15,25,475,4536.15,4332.35,4761.5
17341,2021-04-16 10:00:00,4536.15,4536.15,4536.15,4536.15,25,475,4536.15,4332.35,4761.5
17342,2021-04-16 10:01:00,4536.15,4536.15,4536.15,4536.15,25,475,4536.15,4332.35,4761.5
17343,2021-04-16 10:02:00,4536.15,4536.15,4536.15,4536.15,25,475,4536.15,4332.35,4761.5
17344,2021-04-16 10:03:00,4536.15,4536.15,4536.15,4536.15,25,475,4536.15,4332.35,4761.5
17345,2021-04-16 10:04:00,4536.15,4536.15,4536.15,4536.15,25,475,4536.15,4332.35,4761.5
17346,2021-04-16 10:05:00,4536.15,4536.15,4536.15,4536.15,25,475,4536.15,4332.35,4761.5
17347,2021-04-16 10:06:00,4536.15,4536.15,4536.15,4536.15,25,475,4536.15,4332.35,4761.5
17348,2021-04-16 10:07:00,4536.15,4536.15,4536.15,4536.15,25,475,4536.15,4332.35,4761.5
17349,2021-04-16 10:08:00,4536.15,4536.15,4536.15,4536.15,25,475,4536.15,4332.35,4761.5
17350,2021-04-16 10:09:00,4536.15,4536.15,4536.15,4536.15,25,475,4536.15,4332.35,4761.5
17351,2021-04-16 10:10:00,4536.15,4536.15,4536.15,4536.15,25,475,4536.15,4332.35,4761.5
17352,2021-04-16 10:11:00,4536.15,4536.15,4536.15,4536.15,25,475,4536.15,4332.35,4761.5
17353,2021-04-16 10:12:00,4536.15,4536.15,4536.15,4536.15,25,475,4536.15,4332.35,4761.5
17354,2021-04-16 10:13:00,4536.15,4536.15,4536.15,4536.15,25,475,4536.15,4332.35,4761.5
17355,2021-04-16 10:14:00,4536.15,4536.15,4536.15,4536.15,25,475,4536.15,4332.35,4761.5
17356,2021-04-16 10:15:00,4536.15,4536.15,4536.15,4536.15,25,475,4536.15,4332.35,4761.5
17357,2021-04-16 10:16:00,4536.15,4536.15,4536.15,4536.15,25,475,4536.15,4332.35,4761.5
17358,2021-04-16 10:17:00,4536.15,4536.15,4536.15,4536.15,25,475,4536.15,4332.35,4761.5
17359,2021-04-16 10:18:00,4536.15,4536.15,4536.15,4536.15,25,475,4536.15,4332.35,4761.5
17360,2021-04-16 10:19:00,4536.15,4536.15,4536.15,4536.15,25,475,4536.15,4332.35,4761.5
17361,2021-04-16 10:20:00,4536.15,4536.15,4536.15,4536.15,25,475,4536.15,4332.35,4761.5
17362,2021-04-16 10:21:00,4536.15,4536.15,4536.15,4536.15,25,475,4536.15,4332.35,4761.5
17363,2021-04-16 10:22:00,4536.15,4536.15,4536.15,4536.15,25,475,4536.15,4332.35,4761.5
17364,2021-04-16 10:23:00,4536.15,4536.15,4536.15,4536.15,25,475,4536.15,4332.35,4761.5
17365,2021-04-16 10:24:00,4536.15,4536.15,4536.15,4536.15,25,475,4536.15,4332.35,4761.5
17366,2021-04-16 10:25:00,4536.15,4536.15,4536.15,4536.15,25,475,4536.15,4332.35,4761.5
17367,2021-04-16 10:26:00,4536.15,4536.15,4536.15,4536.15,25,475,4536.15,4332.35,4761.5
17368,2021-04-16 10:27:00,4536.15,4536.15,4536.15,4536.15,25,475,4536.15,4332.35,4761.5
17369,2021-04-16 10:28:00,4536.15,4536.15,4536.15,4536.15,25,475,4536.15,4332.35,4761.5
17370,2021-04-16 10:29:00,4536.15,4536.15,4536.15,4536.15,25,475,4536.15,4332.35,4761.5
17371,2021-04-16 10:30:00,4536.15,4536.15,4536.15,4536.15,25,475,4536.15,4332.35,4761.5
17372,2021-04-16 10:31:00,4536.15,4536.15,4536.15,4536.15,25,475,4536.15,4332.35,4761.5
17373,2021-04-16 10:32:00,4536.15,4536.15,4536.15,4536.15,25,475,4536.15,4332.35,4761.5
17374,2021-04-16 10:33:00,4536.15,4536.15,4536.15,4536.15,25,475,4536.15,4332.35,4761.5
17375,2021-04-16 10:34:00,4536.15,4536.15,4536.15,4536.15,25,475,4536.15,4332.35,4761.5
17376,2021-04-16 10:35:00,4536.15,4536.15,4536.15,4536.15,25,475,4536.15,4332.35,4761.5
17377,2021-04-16 10:36:00,4536.15,4536.15,4536.15,4536.15,25,475,4536.15,4332.35,4761.5
17378,2021-04-16 10:37:00,4536.15,4536.15,4536.15,4536.15,25,475,4536.15,4332.35,4761.5
17379,2021-04-16 10:38:00,4536.15,4536.15,4536.15,4536.15,25,475,4536.15,4332.35,4761.5
17380,2021-04-16 10:39:00,4536.15,4536.15,4536.15,4536.15,25,475,4536.15,4332.35,4761.5
17381,2021-04-16 10:40:00,4536.15,4536.15,4536.15,4536.15,25,475,4536.15,4332.35,4761.5
17382,2021-04-16 10:41:00,4536.15,4536.15,4536.15,4536.15,25,475,4536.15,4332.35,4761.5
17383,2021-04-16 10:42:00,4536.15,4536.15,4536.15,4536.15,25,475,4536.15,4332.35,4761.5
17384,2021-04-16 10:43:00,4536.15,4536.15,4536.15,4536.15,25,475,4536.15,4332.35,4761.5
17385,2021-04-16 10:44:00,4536.15,4536.15,4536.15,4536.15,25,475,4536.15,4332.35,4761.5
17386,2021-04-16 10:45:00,4536.15,4536.15,4536.15,4536.15,25,475,4536.15,4332.35,4761.5
17387,2021-04-16 10:46:00,4536.15,4536.15,4536.15,4536.15,25,475,4536.15,4332.35,4761.5
17388,2021-04-16 10:47:00,4536.15,4536.15,4536.15,4536.15,25,475,4536.15,4332.35,4761.5
17389,2021-04-16 10:48:00,4536.15,4536.15,4536.15,4536.15,25,475,4536.15,4332.35,4761.5
17390,2021-04-16 10:49:00,4536.15,4536.15,4536.15,4536.15,25,475,4536.15,4332.35,4761.5
17391,2021-04-16 10:50:00,4536.15,4536.15,4536.15,4536.15,25,475,4536.15,4332.35,4761.5
17392,2021-04-16 10:51:00,4536.15,4536.15,4536.15,4536.15,25,475,4536.15,4332.35,4761.5
17393,2021-04-16 10:52:00,4536.15,4536.15,4536.15,4536.15,25,475,4536.15,4332.35,4761.5
17394,2021-04-16 10:53:00,4536.15,4536.15,4536.15,4536.15,25,475,4536.15,4332.35,4761.5
17395,2021-04-16 10:54:00,4536.15,4536.15,4536.15,4536.15,25,475,4536.15,4332.35,4761.5
17396,2021-04-16 10:55:00,4536.15,4536.15,4536.15,4536.15,25,475,4536.15,4332.35,4761.5
17397,2021-04-16 10:56:00,4536.15,4536.15,4536.15,4536.15,25,475,4536.15,4332.35,4761.5
17398,2021-04-16 10:57:00,4536.15,4536.15,4536.15,4536.15,25,475,4536.15,4332.35,4761.5
17399,2021-04-16 10:58:00,4536.15,4536.15,4536.15,4536.15,25,475,4536.15,4332.35,4761.5
17400,2021-04-16 10:59:00,4536.15,4536.15,4536.15,4536.15,25,475,4536.15,4332.35,4761.5
17401,2021-04-16 11:00:00,4536.15,4536.15,4536.15,4536.15,25,475,4536.15,4332.35,4761.5
17402,2021-04-16 11:01:00,4536.15,4536.15,4536.15,4536.15,25,475,4536.15,4332.35,4761.5
17403,2021-04-16 11:02:00,4536.15,4536.15,4536.15,4536.15,25,475,4536.15,4332.35,4761.5
17404,2021-04-16 11:03:00,4536.15,4536.15,4536.15,4536.15,25,475,4536.15,4332.35,4761.5
17405,2021-04-16 11:04:00,4536.15,4536.15,4536.15,4536.15,25,475,4536.15,4332.35,4761.5
17406,2021-04-16 11:05:00,4536.15,4536.15,4536.15,4536.15,25,475,4536.15,4332.35,4761.5
17407,2021-04-16 11:06:00,4536.15,4536.15,4536.15,4536.15,25,475,4536.15,4332.35,4761.5
17408,2021-04-16 11:07:00,4536.15,4536.15,4536.15,4536.15,25,475,4536.15,4332.35,4761.5
17409,2021-04-16 11:08:00,4536.15,4536.15,4536.15,4536.15,25,475,4536.15,4332.35,4761.5
17410,2021-04-16 11:09:00,4536.15,4536.15,4536.15,4536.15,25,475,4536.15,4332.35,4761.5
17411,2021-04-16 11:10:00,4536.15,4536.15,4536.15,4536.15,25,475,4536.15,4332.35,4761.5
17412,2021-04-16 11:11:00,4536.15,4536.15,4536.15,4536.15,25,475,4536.15,4332.35,4761.5
17413,2021-04-16 11:12:00,4536.15,4536.15,4536.15,4536.15,25,475,4536.15,4332.35,4761.5
17414,2021-04-16 11:13:00,4536.15,4536.15,4536.15,4536.15,25,475,4536.15,4332.35,4761.5
17415,2021-04-16 11:14:00,4536.15,4536.15,4536.15,4536.15,25,475,4536.15,4332.35,4761.5
17416,2021-04-16 11:15:00,4536.15,4536.15,4536.15,4536.15,25,475,4536.15,4332.35,4761.5
17417,2021-04-16 11:16:00,4536.15,4536.15,4536.15,4536.15,25,475,4536.15,4332.35,4761.5
17418,2021-04-16 11:17:00,4536.15,4536.15,4536.15,4536.15,25,475,4536.15,4332.35,4761.5
17419,2021-04-16 11:18:00,4536.15,4536.15,4536.15,4536.15,25,475,4536.15,4332.35,4761.5
17420,2021-04-16 11:19:00,4536.15,4536.15,4536.15,4536.15,25,475,4536.15,4332.35,4761.5
17421,2021-04-16 11:20:00,4536.15,4536.15,4536.15,4536.15,25,475,4536.15,4332.35,4761.5
17422,2021-04-16 11:21:00,4536.15,4536.15,4536.15,4536.15,25,475,4536.15,4332.35,4761.5
17423,2021-04-16 11:22:00,4536.15,4536.15,4536.15,4536.15,25,475,4536.15,4332.35,4761.5
17424,2021-04-16 11:23:00,4536.15,4536.15,4536.15,4536.15,25,475,4536.15,4332.35,4761.5
17425,2021-04-16 11:24:00,4536.15,4536.15,4536.15,4536.15,25,475,4536.15,4332.35,4761.5
17426,2021-04-16 11:25:00,4536.15,4536.15,4536.15,4536.15,25,475,4536.15,4332.35,4761.5
17427,2021-04-16 11:26:00,4536.15,4536.15,4536.15,4536.15,25,475,4536.15,4332.35,4761.5
17428,2021-04-16 11:27:00,4536.15,4536.15,4536.15,4536.15,25,475,4536.15,4332.35,4761.5
17429,2021-04-16 11:28:00,4536.15,4536.15,4536.15,4536.15,25,475,4536.15,4332.35,4761.5
17430,2021-04-16 11:29:00,4536.15,4536.15,4536.15,4536.15,25,475,4536.15,4332.35,4761.5
17431,2021-04-16 11:30:00,4536.15,4536.15,4536.15,4536.15,25,475,4536.15,4332.35,4761.5
17432,2021-04-16 11:31:00,4536.15,4536.15,4536.15,4536.15,25,475,4536.15,4332.35,4761.5
17433,2021-04-16 11:32:00,4536.15,4536.15,4536.15,4536.15,25,475,4536.15,4332.35,4761.5
17434,2021-04-16 11:33:00,4536.15,4536.15,4536.15,4536.15,25,475,4536.15,4332.35,4761.5
17435,2021-04-16 11:34:00,4536.15,4536.15,4536.15,4536.15,25,475,4536.15,4332.35,4761.5
17436,2021-04-16 11:35:00,4536.15,4536.15,4536.15,4536.15,25,475,4536.15,4332.35,4761.5
17437,2021-04-16 11:36:00,4536.15,4536.15,4536.15,4536.15,25,475,4536.15,4332.35,4761.5
17438,2021-04-16 11:37:00,4536.15,4536.15,4536.15,4536.15,25,475,4536.15,4332.35,4761.5
17439,2021-04-16 11:38:00,4536.15,4536.15,4536.15,4536.15,25,475,4536.15,4332.35,4761.5
17440,2021-04-16 11:39:00,4536.15,4536.15,4536.15,4536.15,25,475,4536.15,4332.35,4761.5
17441,2021-04-16 11:40:00,4536.15,4536.15,4536.15,4536.15,25,475,4536.15,4332.35,4761.5
17442,2021-04-16 11:41:00,4536.15,4536.15,4536.15,4536.15,25,475,4536.15,4332.35,4761.5
17443,2021-04-16 11:42:00,4536.15,4536.15,4536.15,4536.15,25,475,4536.15,4332.35,4761.5
17444,2021-04-16 11:43:00,4536.15,4536.15,4536.15,4536.15,25,475,4536.15,4332.35,4761.5
17445,2021-04-16 11:44:00,4536.15,4536.15,4536.15,4536.15,25,475,4536.15,4332.35,4761.5
17446,2021-04-16 11:45:00,4536.15,4536.15,4536.15,4536.15,25,475,4536.15,4332.35,4761.5
17447,2021-04-16 11:46:00,4536.15,4536.15,4536.15,4536.15,25,475,4536.15,4332.35,4761.5
17448,2021-04-16 11:47:00,4536.15,4536.15,4536.15,4536.15,25,475,4536.15,4332.35,4761.5
17449,2021-04-16 11:48:00,4536.15,4536.15,4536.15,4536.15,25,475,4536.15,4332.35,4761.5
17450,2021-04-16 11:49:00,4536.15,4536.15,4536.15,4536.15,25,475,4536.15,4332.35,4761.5
17451,2021-04-16 11:50:00,4536.15,4536.15,4536.15,4536.15,25,475,4536.15,4332.35,4761.5
17452,2021-04-16 11:51:00,4536.15,4536.15,4536.15,4536.15,25,475,4536.15,4332.35,4761.5
17453,2021-04-16 11:52:00,4536.15,4536.15,4536.15,4536.15,25,475,4536.15,4332.35,4761.5
17454,2021-04-16 11:53:00,4536.15,4536.15,4536.15,4536.15,25,475,4536.15,4332.35,4761.5
17455,2021-04-16 11:54:00,4536.15,4536.15,4536.15,4536.15,25,475,4536.15,4332.35,4761.5
17456,2021-04-16 11:55:00,4536.15,4536.15,4536.15,4536.15,25,475,4536.15,4332.35,4761.5
17457,2021-04-16 11:56:00,4536.15,4536.15,4536.15,4536.15,25,475,4536.15,4332.35,4761.5
17458,2021-04-16 11:57:00,4536.15,4536.15,4536.15,4536.15,25,475,4536.15,4332.35,4761.5
17459,2021-04-16 11:58:00,4536.15,4536.15,4536.15,4536.15,25,475,4536.15,4332.35,4761.5
17460,2021-04-16 11:59:00,4536.15,4536.15,4536.15,4536.15,25,475,4536.15,4332.35,4761.5
17461,2021-04-16 12:00:00,4536.15,4536.15,4536.15,4536.15,25,475,4536.15,4332.35,4761.5
17462,2021-04-16 12:01:00,4536.15,4536.15,4536.15,4536.15,25,475,4536.15,4332.35,4761.5
17463,2021-04-16 12:02:00,4536.15,4536.15,4536.15,4536.15,25,475,4536.15,4332.35,4761.5
17464,2021-04-16 12:03:00,4536.15,4536.15,4536.15,4536.15,25,475,4536.15,4332.35,4761.5
17465,2021-04-16 12:04:00,4536.15,4536.15,4536.15,4536.15,25,475,4536.15,4332.35,4761.5
17466,2021-04-16 12:05:00,4536.15,4536.15,4536.15,4536.15,25,475,4536.15,4332.35,4761.5
17467,2021-04-16 12:06:00,4536.15,4536.15,4536.15,4536.15,25,475,4536.15,4332.35,4761.5
17468,2021-04-16 12:07:00,4536.15,4536.15,4536.15,4536.15,25,475,4536.15,4332.35,4761.5
17469,2021-04-16 12:08:00,4536.15,4536.15,4536.15,4536.15,25,475,4536.15,4332.35,4761.5
17470,2021-04-16 12:09:00,4536.15,4536.15,4536.15,4536.15,25,475,4536.15,4332.35,4761.5
17471,2021-04-16 12:10:00,4536.15,4536.15,4536.15,4536.15,25,475,4536.15,4332.35,4761.5
17472,2021-04-16 12:11:00,4536.15,4536.15,4536.15,4536.15,25,475,4536.15,4332.35,4761.5
17473,2021-04-16 12:12:00,4536.15,4536.15,4536.15,4536.15,25,475,4536.15,4332.35,4761.5
17474,2021-04-16 12:13:00,4536.15,4536.15,4536.15,4536.15,25,475,4536.15,4332.35,4761.5
17475,2021-04-16 12:14:00,4536.15,4536.15,4536.15,4536.15,25,475,4536.15,4332.35,4761.5
17476,2021-04-16 12:15:00,4536.15,4536.15,4536.15,4536.15,25,475,4536.15,4332.35,4761.5
17477,2021-04-16 12:16:00,4536.15,4536.15,4536.15,4536.15,25,475,4536.15,4332.35,4761.5
17478,2021-04-16 12:17:00,4536.15,4536.15,4536.15,4536.15,25,475,4536.15,4332.35,4761.5
17479,2021-04-16 12:18:00,4536.15,4536.15,4536.15,4536.15,25,475,4536.15,4332.35,4761.5
17480,2021-04-16 12:19:00,4536.15,4536.15,4536.15,4536.15,25,475,4536.15,4332.35,4761.5
17481,2021-04-16 12:20:00,4536.15,4536.15,4536.15,4536.15,25,475,4536.15,4332.35,4761.5
17482,2021-04-16 12:21:00,4536.15,4536.15,4536.15,4536.15,25,475,4536.15,4332.35,4761.5
17483,2021-04-16 12:22:00,4536.15,4536.15,4536.15,4536.15,25,475,4536.15,4332.35,4761.5
17484,2021-04-16 12:23:00,4536.15,4536.15,4536.15,4536.15,25,475,4536.15,4332.35,4761.5
17485,2021-04-16 12:24:00,4536.15,4536.15,4536.15,4536.15,25,475,4536.15,4332.35,4761.5
17486,2021-04-16 12:25:00,4536.15,4536.15,4536.15,4536.15,25,475,4536.15,4332.35,4761.5
17487,2021-04-16 12:26:00,4536.15,4536.15,4536.15,4536.15,25,475,4536.15,4332.35,4761.5
17488,2021-04-16 12:27:00,4536.15,4536.15,4536.15,4536.15,25,475,4536.15,4332.35,4761.5
17489,2021-04-16 12:28:00,4536.15,4536.15,4536.15,4536.15,25,475,4536.15,4332.35,4761.5
17490,2021-04-16 12:29:00,4536.15,4536.15,4536.15,4536.15,25,475,4536.15,4332.35,4761.5
17491,2021-04-16 12:30:00,4536.15,4536.15,4536.15,4536.15,25,475,4536.15,4332.35,4761.5
17492,2021-04-16 12:31:00,4536.15,4536.15,4536.15,4536.15,25,475,4536.15,4332.35,4761.5
17493,2021-04-16 12:32:00,4536.15,4536.15,4536.15,4536.15,25,475,4536.15,4332.35,4761.5
17494,2021-04-16 12:33:00,4536.15,4536.15,4536.15,4536.15,25,475,4536.15,4332.35,4761.5
17495,2021-04-16 12:34:00,4536.15,4536.15,4536.15,4536.15,25,475,4536.15,4332.35,4761.5
17496,2021-04-16 12:35:00,4536.15,4536.15,4536.15,4536.15,25,475,4536.15,4332.35,4761.5
17497,2021-04-16 12:36:00,4536.15,4536.15,4536.15,4536.15,25,475,4536.15,4332.35,4761.5
17498,2021-04-16 12:37:00,4536.15,4536.15,4536.15,4536.15,25,475,4536.15,4332.35,4761.5
17499,2021-04-16 12:38:00,4536.15,4536.15,4536.15,4536.15,25,475,4536.15,4332.35,4761.5
17500,2021-04-16 12:39:00,4536.15,4536.15,4536.15,4536.15,25,475,4536.15,4332.35,4761.5
17501,2021-04-16 12:40:00,4536.15,4536.15,4536.15,4536.15,25,475,4536.15,4332.35,4761.5
17502,2021-04-16 12:41:00,4536.15,4536.15,4536.15,4536.15,25,475,4536.15,4332.35,4761.5
17503,2021-04-16 12:42:00,4536.15,4536.15,4536.15,4536.15,25,475,4536.15,4332.35,4761.5
17504,2021-04-16 12:43:00,4536.15,4536.15,4536.15,4536.15,25,475,4536.15,4332.35,4761.5
17505,2021-04-16 12:44:00,4536.15,4536.15,4536.15,4536.15,25,475,4536.15,4332.35,4761.5
17506,2021-04-16 12:45:00,4536.15,4536.15,4536.15,4536.15,25,475,4536.15,4332.35,4761.5
17507,2021-04-16 12:46:00,4536.15,4536.15,4536.15,4536.15,25,475,4536.15,4332.35,4761.5
17508,2021-04-16 12:47:00,4536.15,4536.15,4536.15,4536.15,25,475,4536.15,4332.35,4761.5
17509,2021-04-16 12:48:00,4536.15,4536.15,4536.15,4536.15,25,475,4536.15,4332.35,4761.5
17510,2021-04-16 12:49:00,4536.15,4536.15,4536.15,4536.15,25,475,4536.15,4332.35,4761.5
17511,2021-04-16 12:50:00,4536.15,4536.15,4536.15,4536.15,25,475,4536.15,4332.35,4761.5
17512,2021-04-16 12:51:00,4536.15,4536.15,4536.15,4536.15,25,475,4536.15,4332.35,4761.5
17513,2021-04-16 12:52:00,4536.15,4536.15,4536.15,4536.15,25,475,4536.15,4332.35,4761.5
17514,2021-04-16 12:53:00,4536.15,4536.15,4536.15,4536.15,25,475,4536.15,4332.35,4761.5
17515,2021-04-16 12:54:00,4536.15,4536.15,4536.15,4536.15,25,475,4536.15,4332.35,4761.5
17516,2021-04-16 12:55:00,4536.15,4536.15,4536.15,4536.15,25,475,4536.15,4332.35,4761.5
17517,2021-04-16 12:56:00,4536.15,4536.15,4536.15,4536.15,25,475,4536.15,4332.35,4761.5
17518,2021-04-16 12:57:00,4536.15,4536.15,4536.15,4536.15,25,475,4536.15,4332.35,4761.5
17519,2021-04-16 12:58:00,4536.15,4536.15,4536.15,4536.15,25,475,4536.15,4332.35,4761.5
17520,2021-04-16 12:59:00,4536.15,4536.15,4536.15,4536.15,25,475,4536.15,4332.35,4761.5
17521,2021-04-16 13:00:00,4536.15,4536.15,4536.15,4536.15,25,475,4536.15,4332.35,4761.5
17522,2021-04-16 13:01:00,4536.15,4536.15,4536.15,4536.15,25,475,4536.15,4332.35,4761.5
17523,2021-04-16 13:02:00,4536.15,4536.15,4536.15,4536.15,25,475,4536.15,4332.35,4761.5
17524,2021-04-16 13:03:00,4536.15,4536.15,4536.15,4536.15,25,475,4536.15,4332.35,4761.5
17525,2021-04-16 13:04:00,4536.15,4536.15,4536.15,4536.15,25,475,4536.15,4332.35,4761.5
17526,2021-04-16 13:05:00,4536.15,4536.15,4536.15,4536.15,25,475,4536.15,4332.35,4761.5
17527,2021-04-16 13:06:00,4536.15,4536.15,4536.15,4536.15,25,475,4536.15,4332.35,4761.5
17528,2021-04-16 13:07:00,4536.15,4536.15,4536.15,4536.15,25,475,4536.15,4332.35,4761.5
17529,2021-04-16 13:08:00,4536.15,4536.15,4536.15,4536.15,25,475,4536.15,4332.35,4761.5
17530,2021-04-16 13:09:00,4536.15,4536.15,4536.15,4536.15,25,475,4536.15,4332.35,4761.5
17531,2021-04-16 13:10:00,4536.15,4536.15,4536.15,4536.15,25,475,4536.15,4332.35,4761.5
17532,2021-04-16 13:11:00,4536.15,4536.15,4536.15,4536.15,25,475,4536.15,4332.35,4761.5
17533,2021-04-16 13:12:00,4536.15,4536.15,4536.15,4536.15,25,475,4536.15,4332.35,4761.5
17534,2021-04-16 13:13:00,4536.15,4536.15,4536.15,4536.15,25,475,4536.15,4332.35,4761.5
17535,2021-04-16 13:14:00,4536.15,4536.15,4536.15,4536.15,25,475,4536.15,4332.35,4761.5
17536,2021-04-16 13:15:00,4536.15,4536.15,4536.15,4536.15,25,475,4536.15,4332.35,4761.5
17537,2021-04-16 13:16:00,4536.15,4536.15,4536.15,4536.15,25,475,4536.15,4332.35,4761.5
17538,2021-04-16 13:17:00,4536.15,4536.15,4536.15,4536.15,25,475,4536.15,4332.35,4761.5
17539,2021-04-16 13:18:00,4536.15,4536.15,4536.15,4536.15,25,475,4536.15,4332.35,4761.5
17540,2021-04-16 13:19:00,4536.15,4536.15,4536.15,4536.15,25,475,4536.15,4332.35,4761.5
17541,2021-04-16 13:20:00,4536.15,4536.15,4536.15,4536.15,25,475,4536.15,4332.35,4761.5
17542,2021-04-16 13:21:00,4536.15,4536.15,4536.15,4536.15,25,475,4536.15,4332.35,4761.5
17543,2021-04-16 13:22:00,4536.15,4536.15,4536.15,4536.15,25,475,4536.15,4332.35,4761.5
17544,2021-04-16 13:23:00,4536.15,4536.15,4536.15,4536.15,25,475,4536.15,4332.35,4761.5
17545,2021-04-16 13:24:00,4536.15,4536.15,4536.15,4536.15,25,475,4536.15,4332.35,4761.5
17546,2021-04-16 13:25:00,4536.15,4536.15,4536.15,4536.15,25,475,4536.15,4332.35,4761.5
17547,2021-04-16 13:26:00,4536.15,4536.15,4536.15,4536.15,25,475,4536.15,4332.35,4761.5
17548,2021-04-16 13:27:00,4536.15,4536.15,4536.15,4536.15,25,475,4536.15,4332.35,4761.5
17549,2021-04-16 13:28:00,4536.15,4536.15,4536.15,4536.15,25,475,4536.15,4332.35,4761.5
17550,2021-04-16 13:29:00,4536.15,4536.15,4536.15,4536.15,25,475,4536.15,4332.35,4761.5
17551,2021-04-16 13:30:00,4536.15,4536.15,4536.15,4536.15,25,475,4536.15,4332.35,4761.5
17552,2021-04-16 13:31:00,4536.15,4536.15,4536.15,4536.15,25,475,4536.15,4332.35,4761.5
17553,2021-04-16 13:32:00,4536.15,4536.15,4536.15,4536.15,25,475,4536.15,4332.35,4761.5
17554,2021-04-16 13:33:00,4536.15,4536.15,4536.15,4536.15,25,475,4536.15,4332.35,4761.5
17555,2021-04-16 13:34:00,4536.15,4536.15,4536.15,4536.15,25,475,4536.15,4332.35,4761.5
17556,2021-04-16 13:35:00,4536.15,4536.15,4536.15,4536.15,25,475,4536.15,4332.35,4761.5
17557,2021-04-16 13:36:00,4536.15,4536.15,4536.15,4536.15,25,475,4536.15,4332.35,4761.5
17558,2021-04-16 13:37:00,4536.15,4536.15,4536.15,4536.15,25,475,4536.15,4332.35,4761.5
17559,2021-04-16 13:38:00,4536.15,4536.15,4536.15,4536.15,25,475,4536.15,4332.35,4761.5
17560,2021-04-16 13:39:00,4536.15,4536.15,4536.15,4536.15,25,475,4536.15,4332.35,4761.5
17561,2021-04-16 13:40:00,4536.15,4536.15,4536.15,4536.15,25,475,4536.15,4332.35,4761.5
17562,2021-04-16 13:41:00,4536.15,4536.15,4536.15,4536.15,25,475,4536.15,4332.35,4761.5
17563,2021-04-16 13:42:00,4536.15,4536.15,4536.15,4536.15,25,475,4536.15,4332.35,4761.5
17564,2021-04-16 13:43:00,4536.15,4536.15,4536.15,4536.15,25,475,4536.15,4332.35,4761.5
17565,2021-04-16 13:44:00,4536.15,4536.15,4536.15,4536.15,25,475,4536.15,4332.35,4761.5
17566,2021-04-16 13:45:00,4536.15,4536.15,4536.15,4536.15,25,475,4536.15,4332.35,4761.5
17567,2021-04-16 13:46:00,4536.15,4536.15,4536.15,4536.15,25,475,4536.15,4332.35,4761.5
17568,2021-04-16 13:47:00,4536.15,4536.15,4536.15,4536.15,25,475,4536.15,4332.35,4761.5
17569,2021-04-16 13:48:00,4536.15,4536.15,4536.15,4536.15,25,475,4536.15,4332.35,4761.5
17570,2021-04-16 13:49:00,4536.15,4536.15,4536.15,4536.15,25,475,4536.15,4332.35,4761.5
17571,2021-04-16 13:50:00,4536.15,4536.15,4536.15,4536.15,25,475,4536.15,4332.35,4761.5
17572,2021-04-16 13:51:00,4536.15,4536.15,4536.15,4536.15,25,475,4536.15,4332.35,4761.5
17573,2021-04-16 13:52:00,4536.15,4536.15,4536.15,4536.15,25,475,4536.15,4332.35,4761.5
17574,2021-04-16 13:53:00,4536.15,4536.15,4536.15,4536.15,25,475,4536.15,4332.35,4761.5
17575,2021-04-16 13:54:00,4536.15,4536.15,4536.15,4536.15,25,475,4536.15,4332.35,4761.5
17576,2021-04-16 13:55:00,4536.15,4536.15,4536.15,4536.15,25,475,4536.15,4332.35,4761.5
17577,2021-04-16 13:56:00,4536.15,4536.15,4536.15,4536.15,25,475,4536.15,4332.35,4761.5
17578,2021-04-16 13:57:00,4536.15,4536.15,4536.15,4536.15,25,475,4536.15,4332.35,4761.5
17579,2021-04-16 13:58:00,4536.15,4536.15,4536.15,4536.15,25,475,4536.15,4332.35,4761.5
17580,2021-04-16 13:59:00,4536.15,4536.15,4536.15,4536.15,25,475,4536.15,4332.35,4761.5
17581,2021-04-16 14:00:00,4536.15,4536.15,4536.15,4536.15,25,475,4536.15,4332.35,4761.5
17582,2021-04-16 14:01:00,4536.15,4536.15,4536.15,4536.15,25,475,4536.15,4332.35,4761.5
17583,2021-04-16 14:02:00,4536.15,4536.15,4536.15,4536.15,25,475,4536.15,4332.35,4761.5
17584,2021-04-16 14:03:00,4536.15,4536.15,4536.15,4536.15,25,475,4536.15,4332.35,4761.5
17585,2021-04-16 14:04:00,4536.15,4536.15,4536.15,4536.15,25,475,4536.15,4332.35,4761.5
17586,2021-04-16 14:05:00,4536.15,4536.15,4536.15,4536.15,25,475,4536.15,4332.35,4761.5
17587,2021-04-16 14:06:00,4536.15,4536.15,4536.15,4536.15,25,475,4536.15,4332.35,4761.5
17588,2021-04-16 14:07:00,4536.15,4536.15,4536.15,4536.15,25,475,4536.15,4332.35,4761.5
17589,2021-04-16 14:08:00,4536.15,4536.15,4536.15,4536.15,25,475,4536.15,4332.35,4761.5
17590,2021-04-16 14:09:00,4536.15,4536.15,4536.15,4536.15,25,475,4536.15,4332.35,4761.5
17591,2021-04-16 14:10:00,4536.15,4536.15,4536.15,4536.15,25,475,4536.15,4332.35,4761.5
17592,2021-04-16 14:11:00,4536.15,4536.15,4536.15,4536.15,25,475,4536.15,4332.35,4761.5
17593,2021-04-16 14:12:00,4536.15,4536.15,4536.15,4536.15,25,475,4536.15,4332.35,4761.5
17594,2021-04-16 14:13:00,4536.15,4536.15,4536.15,4536.15,25,475,4536.15,4332.35,4761.5
17595,2021-04-16 14:14:00,4536.15,4536.15,4536.15,4536.15,25,475,4536.15,4332.35,4761.5
17596,2021-04-16 14:15:00,4536.15,4536.15,4536.15,4536.15,25,475,4536.15,4332.35,4761.5
17597,2021-04-16 14:16:00,4536.15,4536.15,4536.15,4536.15,25,475,4536.15,4332.35,4761.5
17598,2021-04-16 14:17:00,4536.15,4536.15,4536.15,4536.15,25,475,4536.15,4332.35,4761.5
17599,2021-04-16 14:18:00,4536.15,4536.15,4536.15,4536.15,25,475,4536.15,4332.35,4761.5
17600,2021-04-16 14:19:00,4536.15,4536.15,4536.15,4536.15,25,475,4536.15,4332.35,4761.5
17601,2021-04-16 14:20:00,4536.15,4536.15,4536.15,4536.15,25,475,4536.15,4332.35,4761.5
17602,2021-04-16 14:21:00,4536.15,4536.15,4536.15,4536.15,25,475,4536.15,4332.35,4761.5
17603,2021-04-16 14:22:00,4536.15,4536.15,4536.15,4536.15,25,475,4536.15,4332.35,4761.5
17604,2021-04-16 14:23:00,4536.15,4536.15,4536.15,4536.15,25,475,4536.15,4332.35,4761.5
17605,2021-04-16 14:24:00,4536.15,4536.15,4536.15,4536.15,25,475,4536.15,4332.35,4761.5
17606,2021-04-16 14:25:00,4536.15,4536.15,4536.15,4536.15,25,475,4536.15,4332.35,4761.5
17607,2021-04-16 14:26:00,4536.15,4536.15,4536.15,4536.15,25,475,4536.15,4332.35,4761.5
17608,2021-04-16 14:27:00,3027.2,3027.2,3027.15,3027.15,75,0,3027.16,2933.45,3286.65
17609,2021-04-16 14:28:00,3027.2,3027.2,3027.15,3027.15,75,0,3027.16,2933.45,3286.65
17610,2021-04-16 14:29:00,3027.2,3027.2,3027.15,3027.15,75,0,3027.16,2933.45,3286.65
17611,2021-04-16 14:30:00,3027.2,3027.2,3027.15,3027.15,75,0,3027.16,2933.45,3286.65
17612,2021-04-16 14:31:00,3027.2,3027.2,3027.15,3027.15,75,0,3027.16,2933.45,3286.65
17613,2021-04-16 14:32:00,3027.2,3027.2,3027.15,3027.15,75,0,3027.16,2933.45,3286.65
17614,2021-04-16 14:33:00,3027.2,3027.2,3027.15,3027.15,75,0,3027.16,2933.45,3286.65
17615,2021-04-16 14:34:00,3027.2,3027.2,3027.15,3027.15,75,0,3027.16,2933.45,3286.65
17616,2021-04-16 14:35:00,3027.2,3027.2,3027.15,3027.15,75,0,3027.16,2933.45,3286.65
17617,2021-04-16 14:36:00,3027.2,3027.2,3027.15,3027.15,75,0,3027.16,2933.45,3286.65
17618,2021-04-16 14:37:00,3027.2,3027.2,3027.15,3027.15,75,0,3027.16,2933.45,3286.65
17619,2021-04-16 14:38:00,3027.2,3027.2,3027.15,3027.15,75,0,3027.16,2933.45,3286.65
17620,2021-04-16 14:39:00,3027.2,3027.2,3027.15,3027.15,75,0,3027.16,2933.45,3286.65
17621,2021-04-16 14:40:00,3027.2,3027.2,3027.15,3027.15,75,0,3027.16,2933.45,3286.65
17622,2021-04-16 14:41:00,3027.2,3027.2,3027.15,3027.15,75,0,3027.16,2933.45,3286.65
17623,2021-04-16 14:42:00,3027.2,3027.2,3027.15,3027.15,75,0,3027.16,2933.45,3286.65
17624,2021-04-16 14:43:00,3027.2,3027.2,3027.15,3027.15,75,0,3027.16,2933.45,3286.65
17625,2021-04-16 14:44:00,3027.2,3027.2,3027.15,3027.15,75,0,3027.16,2933.45,3286.65
17626,2021-04-16 14:45:00,3027.2,3027.2,3027.15,3027.15,75,0,3027.16,2933.45,3286.65
17627,2021-04-16 14:46:00,3027.2,3027.2,3027.15,3027.15,75,0,3027.16,2933.45,3286.65
17628,2021-04-16 14:47:00,3027.2,3027.2,3027.15,3027.15,75,0,3027.16,2933.45,3286.65
17629,2021-04-16 14:48:00,3027.2,3027.2,3027.15,3027.15,75,0,3027.16,2933.45,3286.65
17630,2021-04-16 14:49:00,3027.2,3027.2,3027.15,3027.15,75,0,3027.16,2933.45,3286.65
17631,2021-04-16 14:50:00,3027.2,3027.2,3027.15,3027.15,75,0,3027.16,2933.45,3286.65
17632,2021-04-16 14:51:00,3027.2,3027.2,3027.15,3027.15,75,0,3027.16,2933.45,3286.65
17633,2021-04-16 14:52:00,3027.2,3027.2,3027.15,3027.15,75,0,3027.16,2933.45,3286.65
17634,2021-04-16 14:53:00,3027.2,3027.2,3027.15,3027.15,75,0,3027.16,2933.45,3286.65
17635,2021-04-16 14:54:00,3027.2,3027.2,3027.15,3027.15,75,0,3027.16,2933.45,3286.65
17636,2021-04-16 14:55:00,3027.2,3027.2,3027.15,3027.15,75,0,3027.16,2933.45,3286.65
17637,2021-04-16 14:56:00,3027.2,3027.2,3027.15,3027.15,75,0,3027.16,2933.45,3286.65
17638,2021-04-16 14:57:00,3027.2,3027.2,3027.15,3027.15,75,0,3027.16,2933.45,3286.65
17639,2021-04-16 14:58:00,3027.2,3027.2,3027.15,3027.15,75,0,3027.16,2933.45,3286.65
17640,2021-04-16 14:59:00,3027.2,3027.2,3027.15,3027.15,75,0,3027.16,2933.45,3286.65
17641,2021-04-16 15:00:00,3027.2,3027.2,3027.15,3027.15,75,0,3027.16,2933.45,3286.65
17642,2021-04-16 15:01:00,3027.2,3027.2,3027.15,3027.15,75,0,3027.16,2933.45,3286.65
17643,2021-04-16 15:02:00,3027.2,3027.2,3027.15,3027.15,75,0,3027.16,2933.45,3286.65
17644,2021-04-16 15:03:00,3027.2,3027.2,3027.15,3027.15,75,0,3027.16,2933.45,3286.65
17645,2021-04-16 15:04:00,3027.2,3027.2,3027.15,3027.15,75,0,3027.16,2933.45,3286.65
17646,2021-04-16 15:05:00,3027.2,3027.2,3027.15,3027.15,75,0,3027.16,2933.45,3286.65
17647,2021-04-16 15:06:00,3027.2,3027.2,3027.15,3027.15,75,0,3027.16,2933.45,3286.65
17648,2021-04-16 15:07:00,3027.2,3027.2,3027.15,3027.15,75,0,3027.16,2933.45,3286.65
17649,2021-04-16 15:08:00,3027.2,3027.2,3027.15,3027.15,75,0,3027.16,2933.45,3286.65
17650,2021-04-16 15:09:00,3027.2,3027.2,3027.15,3027.15,75,0,3027.16,2933.45,3286.65
17651,2021-04-16 15:10:00,3027.2,3027.2,3027.15,3027.15,75,0,3027.16,2933.45,3286.65
17652,2021-04-16 15:11:00,3027.2,3027.2,3027.15,3027.15,75,0,3027.16,2933.45,3286.65
17653,2021-04-16 15:12:00,3027.2,3027.2,3027.15,3027.15,75,0,3027.16,2933.45,3286.65
17654,2021-04-16 15:13:00,3027.2,3027.2,3027.15,3027.15,75,0,3027.16,2933.45,3286.65
17655,2021-04-16 15:14:00,3027.2,3027.2,3027.15,3027.15,75,0,3027.16,2933.45,3286.65
17656,2021-04-16 15:15:00,3027.2,3027.2,3027.15,3027.15,75,0,3027.16,2933.45,3286.65
17657,2021-04-16 15:16:00,3027.2,3027.2,3027.15,3027.15,75,0,3027.16,2933.45,3286.65
17658,2021-04-16 15:17:00,3027.2,3027.2,3027.15,3027.15,75,0,3027.16,2933.45,3286.65
17659,2021-04-16 15:18:00,3027.2,3027.2,3027.15,3027.15,75,0,3027.16,2933.45,3286.65
17660,2021-04-16 15:19:00,3027.2,3027.2,3027.15,3027.15,75,0,3027.16,2933.45,3286.65
17661,2021-04-16 15:20:00,3027.2,3027.2,3027.15,3027.15,75,0,3027.16,2933.45,3286.65
17662,2021-04-16 15:21:00,3027.2,3027.2,3027.15,3027.15,75,0,3027.16,2933.45,3286.65
17663,2021-04-16 15:22:00,3027.2,3027.2,3027.15,3027.15,75,0,3027.16,2933.45,3286.65
17664,2021-04-16 15:23:00,3027.2,3027.2,3027.15,3027.15,75,0,3027.16,2933.45,3286.65
17665,2021-04-16 15:24:00,3027.2,3027.2,3027.15,3027.15,75,0,3027.16,2933.45,3286.65
17666,2021-04-16 15:25:00,3027.2,3027.2,3027.15,3027.15,75,0,3027.16,2933.45,3286.65
17667,2021-04-16 15:26:00,3027.2,3027.2,3027.15,3027.15,75,0,3027.16,2933.45,3286.65
17668,2021-04-16 15:27:00,3027.2,3027.2,3027.15,3027.15,75,0,3027.16,2933.45,3286.65
17669,2021-04-16 15:28:00,3027.2,3027.2,3027.15,3027.15,75,0,3027.16,2933.45,3286.65
17670,2021-04-16 15:29:00,3027.2,3027.2,3027.15,3027.15,75,0,3027.16,2933.45,3286.65
17671,2021-04-16 15:30:00,3027.2,3027.2,3027.15,3027.15,75,0,3027.16,2933.45,3286.65
17672,2021-04-17 09:15:00,3027.2,3027.2,3027.15,3027.15,75,0,3027.16,2933.45,3286.65
17673,2021-04-17 09:16:00,3027.2,3027.2,3027.15,3027.15,75,0,3027.16,2933.45,3286.65
17674,2021-04-17 09:17:00,3027.2,3027.2,3027.15,3027.15,75,0,3027.16,2933.45,3286.65
17675,2021-04-17 09:18:00,3027.2,3027.2,3027.15,3027.15,75,0,3027.16,2933.45,3286.65
17676,2021-04-17 09:19:00,3027.2,3027.2,3027.15,3027.15,75,0,3027.16,2933.45,3286.65
17677,2021-04-17 09:20:00,3027.2,3027.2,3027.15,3027.15,75,0,3027.16,2933.45,3286.65
17678,2021-04-17 09:21:00,3027.2,3027.2,3027.15,3027.15,75,0,3027.16,2933.45,3286.65
17679,2021-04-17 09:22:00,3027.2,3027.2,3027.15,3027.15,75,0,3027.16,2933.45,3286.65
17680,2021-04-17 09:23:00,3027.2,3027.2,3027.15,3027.15,75,0,3027.16,2933.45,3286.65
17681,2021-04-17 09:24:00,3027.2,3027.2,3027.15,3027.15,75,0,3027.16,2933.45,3286.65
17682,2021-04-17 09:25:00,3027.2,3027.2,3027.15,3027.15,75,0,3027.16,2933.45,3286.65
17683,2021-04-17 09:26:00,3027.2,3027.2,3027.15,3027.15,75,0,3027.16,2933.45,3286.65
17684,2021-04-17 09:27:00,3027.2,3027.2,3027.15,3027.15,75,0,3027.16,2933.45,3286.65
17685,2021-04-17 09:28:00,3027.2,3027.2,3027.15,3027.15,75,0,3027.16,2933.45,3286.65
17686,2021-04-17 09:29:00,3027.2,3027.2,3027.15,3027.15,75,0,3027.16,2933.45,3286.65
17687,2021-04-17 09:30:00,3027.2,3027.2,3027.15,3027.15,75,0,3027.16,2933.45,3286.65
17688,2021-04-17 09:31:00,3027.2,3027.2,3027.15,3027.15,75,0,3027.16,2933.45,3286.65
17689,2021-04-17 09:32:00,3027.2,3027.2,3027.15,3027.15,75,0,3027.16,2933.45,3286.65
17690,2021-04-17 09:33:00,3027.2,3027.2,3027.15,3027.15,75,0,3027.16,2933.45,3286.65
17691,2021-04-17 09:34:00,3027.2,3027.2,3027.15,3027.15,75,0,3027.16,2933.45,3286.65
17692,2021-04-17 09:35:00,3027.2,3027.2,3027.15,3027.15,75,0,3027.16,2933.45,3286.65
17693,2021-04-17 09:36:00,3027.2,3027.2,3027.15,3027.15,75,0,3027.16,2933.45,3286.65
17694,2021-04-17 09:37:00,3027.2,3027.2,3027.15,3027.15,75,0,3027.16,2933.45,3286.65
17695,2021-04-17 09:38:00,3027.2,3027.2,3027.15,3027.15,75,0,3027.16,2933.45,3286.65
17696,2021-04-17 09:39:00,3027.2,3027.2,3027.15,3027.15,75,0,3027.16,2933.45,3286.65
17697,2021-04-17 09:40:00,3027.2,3027.2,3027.15,3027.15,75,0,3027.16,2933.45,3286.65
17698,2021-04-17 09:41:00,3027.2,3027.2,3027.15,3027.15,75,0,3027.16,2933.45,3286.65
17699,2021-04-17 09:42:00,3027.2,3027.2,3027.15,3027.15,75,0,3027.16,2933.45,3286.65
17700,2021-04-17 09:43:00,3027.2,3027.2,3027.15,3027.15,75,0,3027.16,2933.45,3286.65
17701,2021-04-17 09:44:00,3027.2,3027.2,3027.15,3027.15,75,0,3027.16,2933.45,3286.65
17702,2021-04-17 09:45:00,3027.2,3027.2,3027.15,3027.15,75,0,3027.16,2933.45,3286.65
17703,2021-04-17 09:46:00,3027.2,3027.2,3027.15,3027.15,75,0,3027.16,2933.45,3286.65
17704,2021-04-17 09:47:00,3027.2,3027.2,3027.15,3027.15,75,0,3027.16,2933.45,3286.65
17705,2021-04-17 09:48:00,3027.2,3027.2,3027.15,3027.15,75,0,3027.16,2933.45,3286.65
17706,2021-04-17 09:49:00,3027.2,3027.2,3027.15,3027.15,75,0,3027.16,2933.45,3286.65
17707,2021-04-17 09:50:00,3027.2,3027.2,3027.15,3027.15,75,0,3027.16,2933.45,3286.65
17708,2021-04-17 09:51:00,3027.2,3027.2,3027.15,3027.15,75,0,3027.16,2933.45,3286.65
17709,2021-04-17 09:52:00,3027.2,3027.2,3027.15,3027.15,75,0,3027.16,2933.45,3286.65
17710,2021-04-17 09:53:00,3027.2,3027.2,3027.15,3027.15,75,0,3027.16,2933.45,3286.65
17711,2021-04-17 09:54:00,3027.2,3027.2,3027.15,3027.15,75,0,3027.16,2933.45,3286.65
17712,2021-04-17 09:55:00,3027.2,3027.2,3027.15,3027.15,75,0,3027.16,2933.45,3286.65
17713,2021-04-17 09:56:00,3027.2,3027.2,3027.15,3027.15,75,0,3027.16,2933.45,3286.65
17714,2021-04-17 09:57:00,3027.2,3027.2,3027.15,3027.15,75,0,3027.16,2933.45,3286.65
17715,2021-04-17 09:58:00,3027.2,3027.2,3027.15,3027.15,75,0,3027.16,2933.45,3286.65
17716,2021-04-17 09:59:00,3027.2,3027.2,3027.15,3027.15,75,0,3027.16,2933.45,3286.65
17717,2021-04-17 10:00:00,3027.2,3027.2,3027.15,3027.15,75,0,3027.16,2933.45,3286.65
17718,2021-04-17 10:01:00,3027.2,3027.2,3027.15,3027.15,75,0,3027.16,2933.45,3286.65
17719,2021-04-17 10:02:00,3027.2,3027.2,3027.15,3027.15,75,0,3027.16,2933.45,3286.65
17720,2021-04-17 10:03:00,3027.2,3027.2,3027.15,3027.15,75,0,3027.16,2933.45,3286.65
17721,2021-04-17 10:04:00,3027.2,3027.2,3027.15,3027.15,75,0,3027.16,2933.45,3286.65
17722,2021-04-17 10:05:00,3027.2,3027.2,3027.15,3027.15,75,0,3027.16,2933.45,3286.65
17723,2021-04-17 10:06:00,3027.2,3027.2,3027.15,3027.15,75,0,3027.16,2933.45,3286.65
17724,2021-04-17 10:07:00,3027.2,3027.2,3027.15,3027.15,75,0,3027.16,2933.45,3286.65
17725,2021-04-17 10:08:00,3027.2,3027.2,3027.15,3027.15,75,0,3027.16,2933.45,3286.65
17726,2021-04-17 10:09:00,3027.2,3027.2,3027.15,3027.15,75,0,3027.16,2933.45,3286.65
17727,2021-04-17 10:10:00,3027.2,3027.2,3027.15,3027.15,75,0,3027.16,2933.45,3286.65
17728,2021-04-17 10:11:00,3027.2,3027.2,3027.15,3027.15,75,0,3027.16,2933.45,3286.65
17729,2021-04-17 10:12:00,3027.2,3027.2,3027.15,3027.15,75,0,3027.16,2933.45,3286.65
17730,2021-04-17 10:13:00,3027.2,3027.2,3027.15,3027.15,75,0,3027.16,2933.45,3286.65
17731,2021-04-17 10:14:00,3027.2,3027.2,3027.15,3027.15,75,0,3027.16,2933.45,3286.65
17732,2021-04-17 10:15:00,3027.2,3027.2,3027.15,3027.15,75,0,3027.16,2933.45,3286.65
17733,2021-04-17 10:16:00,3027.2,3027.2,3027.15,3027.15,75,0,3027.16,2933.45,3286.65
17734,2021-04-17 10:17:00,3027.2,3027.2,3027.15,3027.15,75,0,3027.16,2933.45,3286.65
17735,2021-04-17 10:18:00,3027.2,3027.2,3027.15,3027.15,75,0,3027.16,2933.45,3286.65
17736,2021-04-17 10:19:00,3027.2,3027.2,3027.15,3027.15,75,0,3027.16,2933.45,3286.65
17737,2021-04-17 10:20:00,3027.2,3027.2,3027.15,3027.15,75,0,3027.16,2933.45,3286.65
17738,2021-04-17 10:21:00,3027.2,3027.2,3027.15,3027.15,75,0,3027.16,2933.45,3286.65
17739,2021-04-17 10:22:00,3027.2,3027.2,3027.15,3027.15,75,0,3027.16,2933.45,3286.65
17740,2021-04-17 10:23:00,3027.2,3027.2,3027.15,3027.15,75,0,3027.16,2933.45,3286.65
17741,2021-04-17 10:24:00,3027.2,3027.2,3027.15,3027.15,75,0,3027.16,2933.45,3286.65
17742,2021-04-17 10:25:00,3027.2,3027.2,3027.15,3027.15,75,0,3027.16,2933.45,3286.65
17743,2021-04-17 10:26:00,3027.2,3027.2,3027.15,3027.15,75,0,3027.16,2933.45,3286.65
17744,2021-04-17 10:27:00,3027.2,3027.2,3027.15,3027.15,75,0,3027.16,2933.45,3286.65
17745,2021-04-17 10:28:00,3027.2,3027.2,3027.15,3027.15,75,0,3027.16,2933.45,3286.65
17746,2021-04-17 10:29:00,3027.2,3027.2,3027.15,3027.15,75,0,3027.16,2933.45,3286.65
17747,2021-04-17 10:30:00,3027.2,3027.2,3027.15,3027.15,75,0,3027.16,2933.45,3286.65
17748,2021-04-17 10:31:00,3027.2,3027.2,3027.15,3027.15,75,0,3027.16,2933.45,3286.65
17749,2021-04-17 10:32:00,3027.2,3027.2,3027.15,3027.15,75,0,3027.16,2933.45,3286.65
17750,2021-04-17 10:33:00,3027.2,3027.2,3027.15,3027.15,75,0,3027.16,2933.45,3286.65
17751,2021-04-17 10:34:00,3027.2,3027.2,3027.15,3027.15,75,0,3027.16,2933.45,3286.65
17752,2021-04-17 10:35:00,3027.2,3027.2,3027.15,3027.15,75,0,3027.16,2933.45,3286.65
17753,2021-04-17 10:36:00,3027.2,3027.2,3027.15,3027.15,75,0,3027.16,2933.45,3286.65
17754,2021-04-17 10:37:00,3027.2,3027.2,3027.15,3027.15,75,0,3027.16,2933.45,3286.65
17755,2021-04-17 10:38:00,3027.2,3027.2,3027.15,3027.15,75,0,3027.16,2933.45,3286.65
17756,2021-04-17 10:39:00,3027.2,3027.2,3027.15,3027.15,75,0,3027.16,2933.45,3286.65
17757,2021-04-17 10:40:00,3027.2,3027.2,3027.15,3027.15,75,0,3027.16,2933.45,3286.65
17758,2021-04-17 10:41:00,3027.2,3027.2,3027.15,3027.15,75,0,3027.16,2933.45,3286.65
17759,2021-04-17 10:42:00,3027.2,3027.2,3027.15,3027.15,75,0,3027.16,2933.45,3286.65
17760,2021-04-17 10:43:00,3027.2,3027.2,3027.15,3027.15,75,0,3027.16,2933.45,3286.65
17761,2021-04-17 10:44:00,3027.2,3027.2,3027.15,3027.15,75,0,3027.16,2933.45,3286.65
17762,2021-04-17 10:45:00,3027.2,3027.2,3027.15,3027.15,75,0,3027.16,2933.45,3286.65
17763,2021-04-17 10:46:00,3027.2,3027.2,3027.15,3027.15,75,0,3027.16,2933.45,3286.65
17764,2021-04-17 10:47:00,3027.2,3027.2,3027.15,3027.15,75,0,3027.16,2933.45,3286.65
17765,2021-04-17 10:48:00,3027.2,3027.2,3027.15,3027.15,75,0,3027.16,2933.45,3286.65
17766,2021-04-17 10:49:00,3027.2,3027.2,3027.15,3027.15,75,0,3027.16,2933.45,3286.65
17767,2021-04-17 10:50:00,3027.2,3027.2,3027.15,3027.15,75,0,3027.16,2933.45,3286.65
17768,2021-04-17 10:51:00,3027.2,3027.2,3027.15,3027.15,75,0,3027.16,2933.45,3286.65
17769,2021-04-17 10:52:00,3027.2,3027.2,3027.15,3027.15,75,0,3027.16,2933.45,3286.65
17770,2021-04-17 10:53:00,3027.2,3027.2,3027.15,3027.15,75,0,3027.16,2933.45,3286.65
17771,2021-04-17 10:54:00,3027.2,3027.2,3027.15,3027.15,75,0,3027.16,2933.45,3286.65
17772,2021-04-17 10:55:00,3027.2,3027.2,3027.15,3027.15,75,0,3027.16,2933.45,3286.65
17773,2021-04-17 10:56:00,3027.2,3027.2,3027.15,3027.15,75,0,3027.16,2933.45,3286.65
17774,2021-04-17 10:57:00,3027.2,3027.2,3027.15,3027.15,75,0,3027.16,2933.45,3286.65
17775,2021-04-17 10:58:00,3027.2,3027.2,3027.15,3027.15,75,0,3027.16,2933.45,3286.65
17776,2021-04-17 10:59:00,3027.2,3027.2,3027.15,3027.15,75,0,3027.16,2933.45,3286.65
17777,2021-04-17 11:00:00,3027.2,3027.2,3027.15,3027.15,75,0,3027.16,2933.45,3286.65
17778,2021-04-17 11:01:00,3027.2,3027.2,3027.15,3027.15,75,0,3027.16,2933.45,3286.65
17779,2021-04-17 11:02:00,3027.2,3027.2,3027.15,3027.15,75,0,3027.16,2933.45,3286.65
17780,2021-04-17 11:03:00,3027.2,3027.2,3027.15,3027.15,75,0,3027.16,2933.45,3286.65
17781,2021-04-17 11:04:00,3027.2,3027.2,3027.15,3027.15,75,0,3027.16,2933.45,3286.65
17782,2021-04-17 11:05:00,3027.2,3027.2,3027.15,3027.15,75,0,3027.16,2933.45,3286.65
17783,2021-04-17 11:06:00,3027.2,3027.2,3027.15,3027.15,75,0,3027.16,2933.45,3286.65
17784,2021-04-17 11:07:00,3027.2,3027.2,3027.15,3027.15,75,0,3027.16,2933.45,3286.65
17785,2021-04-17 11:08:00,3027.2,3027.2,3027.15,3027.15,75,0,3027.16,2933.45,3286.65
17786,2021-04-17 11:09:00,3027.2,3027.2,3027.15,3027.15,75,0,3027.16,2933.45,3286.65
17787,2021-04-17 11:10:00,3027.2,3027.2,3027.15,3027.15,75,0,3027.16,2933.45,3286.65
17788,2021-04-17 11:11:00,3027.2,3027.2,3027.15,3027.15,75,0,3027.16,2933.45,3286.65
17789,2021-04-17 11:12:00,3027.2,3027.2,3027.15,3027.15,75,0,3027.16,2933.45,3286.65
17790,2021-04-17 11:13:00,3027.2,3027.2,3027.15,3027.15,75,0,3027.16,2933.45,3286.65
17791,2021-04-17 11:14:00,3027.2,3027.2,3027.15,3027.15,75,0,3027.16,2933.45,3286.65
17792,2021-04-17 11:15:00,3027.2,3027.2,3027.15,3027.15,75,0,3027.16,2933.45,3286.65
17793,2021-04-17 11:16:00,3027.2,3027.2,3027.15,3027.15,75,0,3027.16,2933.45,3286.65
17794,2021-04-17 11:17:00,3027.2,3027.2,3027.15,3027.15,75,0,3027.16,2933.45,3286.65
17795,2021-04-17 11:18:00,3027.2,3027.2,3027.15,3027.15,75,0,3027.16,2933.45,3286.65
17796,2021-04-17 11:19:00,3027.2,3027.2,3027.15,3027.15,75,0,3027.16,2933.45,3286.65
17797,2021-04-17 11:20:00,3027.2,3027.2,3027.15,3027.15,75,0,3027.16,2933.45,3286.65
17798,2021-04-17 11:21:00,3027.2,3027.2,3027.15,3027.15,75,0,3027.16,2933.45,3286.65
17799,2021-04-17 11:22:00,3027.2,3027.2,3027.15,3027.15,75,0,3027.16,2933.45,3286.65
17800,2021-04-17 11:23:00,3027.2,3027.2,3027.15,3027.15,75,0,3027.16,2933.45,3286.65
17801,2021-04-17 11:24:00,3027.2,3027.2,3027.15,3027.15,75,0,3027.16,2933.45,3286.65
17802,2021-04-17 11:25:00,3027.2,3027.2,3027.15,3027.15,75,0,3027.16,2933.45,3286.65
17803,2021-04-17 11:26:00,3027.2,3027.2,3027.15,3027.15,75,0,3027.16,2933.45,3286.65
17804,2021-04-17 11:27:00,3027.2,3027.2,3027.15,3027.15,75,0,3027.16,2933.45,3286.65
17805,2021-04-17 11:28:00,3027.2,3027.2,3027.15,3027.15,75,0,3027.16,2933.45,3286.65
17806,2021-04-17 11:29:00,3027.2,3027.2,3027.15,3027.15,75,0,3027.16,2933.45,3286.65
17807,2021-04-17 11:30:00,3027.2,3027.2,3027.15,3027.15,75,0,3027.16,2933.45,3286.65
17808,2021-04-17 11:31:00,3027.2,3027.2,3027.15,3027.15,75,0,3027.16,2933.45,3286.65
17809,2021-04-17 11:32:00,3027.2,3027.2,3027.15,3027.15,75,0,3027.16,2933.45,3286.65
17810,2021-04-17 11:33:00,3027.2,3027.2,3027.15,3027.15,75,0,3027.16,2933.45,3286.65
17811,2021-04-17 11:34:00,3027.2,3027.2,3027.15,3027.15,75,0,3027.16,2933.45,3286.65
17812,2021-04-17 11:35:00,3027.2,3027.2,3027.15,3027.15,75,0,3027.16,2933.45,3286.65
17813,2021-04-17 11:36:00,3027.2,3027.2,3027.15,3027.15,75,0,3027.16,2933.45,3286.65
17814,2021-04-17 11:37:00,3027.2,3027.2,3027.15,3027.15,75,0,3027.16,2933.45,3286.65
17815,2021-04-17 11:38:00,3027.2,3027.2,3027.15,3027.15,75,0,3027.16,2933.45,3286.65
17816,2021-04-17 11:39:00,3027.2,3027.2,3027.15,3027.15,75,0,3027.16,2933.45,3286.65
17817,2021-04-17 11:40:00,3027.2,3027.2,3027.15,3027.15,75,0,3027.16,2933.45,3286.65
17818,2021-04-17 11:41:00,3027.2,3027.2,3027.15,3027.15,75,0,3027.16,2933.45,3286.65
17819,2021-04-17 11:42:00,3027.2,3027.2,3027.15,3027.15,75,0,3027.16,2933.45,3286.65
17820,2021-04-17 11:43:00,3027.2,3027.2,3027.15,3027.15,75,0,3027.16,2933.45,3286.65
17821,2021-04-17 11:44:00,3027.2,3027.2,3027.15,3027.15,75,0,3027.16,2933.45,3286.65
17822,2021-04-17 11:45:00,3027.2,3027.2,3027.15,3027.15,75,0,3027.16,2933.45,3286.65
17823,2021-04-17 11:46:00,3027.2,3027.2,3027.15,3027.15,75,0,3027.16,2933.45,3286.65
17824,2021-04-17 11:47:00,3027.2,3027.2,3027.15,3027.15,75,0,3027.16,2933.45,3286.65
17825,2021-04-17 11:48:00,3027.2,3027.2,3027.15,3027.15,75,0,3027.16,2933.45,3286.65
17826,2021-04-17 11:49:00,3027.2,3027.2,3027.15,3027.15,75,0,3027.16,2933.45,3286.65
17827,2021-04-17 11:50:00,3027.2,3027.2,3027.15,3027.15,75,0,3027.16,2933.45,3286.65
17828,2021-04-17 11:51:00,3027.2,3027.2,3027.15,3027.15,75,0,3027.16,2933.45,3286.65
17829,2021-04-17 11:52:00,3027.2,3027.2,3027.15,3027.15,75,0,3027.16,2933.45,3286.65
17830,2021-04-17 11:53:00,3027.2,3027.2,3027.15,3027.15,75,0,3027.16,2933.45,3286.65
17831,2021-04-17 11:54:00,3027.2,3027.2,3027.15,3027.15,75,0,3027.16,2933.45,3286.65
17832,2021-04-17 11:55:00,3027.2,3027.2,3027.15,3027.15,75,0,3027.16,2933.45,3286.65
17833,2021-04-17 11:56:00,3027.2,3027.2,3027.15,3027.15,75,0,3027.16,2933.45,3286.65
17834,2021-04-17 11:57:00,3027.2,3027.2,3027.15,3027.15,75,0,3027.16,2933.45,3286.65
17835,2021-04-17 11:58:00,3027.2,3027.2,3027.15,3027.15,75,0,3027.16,2933.45,3286.65
17836,2021-04-17 11:59:00,3027.2,3027.2,3027.15,3027.15,75,0,3027.16,2933.45,3286.65
17837,2021-04-17 12:00:00,3027.2,3027.2,3027.15,3027.15,75,0,3027.16,2933.45,3286.65
17838,2021-04-17 12:01:00,3027.2,3027.2,3027.15,3027.15,75,0,3027.16,2933.45,3286.65
17839,2021-04-17 12:02:00,3027.2,3027.2,3027.15,3027.15,75,0,3027.16,2933.45,3286.65
17840,2021-04-17 12:03:00,3027.2,3027.2,3027.15,3027.15,75,0,3027.16,2933.45,3286.65
17841,2021-04-17 12:04:00,3027.2,3027.2,3027.15,3027.15,75,0,3027.16,2933.45,3286.65
17842,2021-04-17 12:05:00,3027.2,3027.2,3027.15,3027.15,75,0,3027.16,2933.45,3286.65
17843,2021-04-17 12:06:00,3027.2,3027.2,3027.15,3027.15,75,0,3027.16,2933.45,3286.65
17844,2021-04-17 12:07:00,3027.2,3027.2,3027.15,3027.15,75,0,3027.16,2933.45,3286.65
17845,2021-04-17 12:08:00,3027.2,3027.2,3027.15,3027.15,75,0,3027.16,2933.45,3286.65
17846,2021-04-17 12:09:00,3027.2,3027.2,3027.15,3027.15,75,0,3027.16,2933.45,3286.65
17847,2021-04-17 12:10:00,3027.2,3027.2,3027.15,3027.15,75,0,3027.16,2933.45,3286.65
17848,2021-04-17 12:11:00,3027.2,3027.2,3027.15,3027.15,75,0,3027.16,2933.45,3286.65
17849,2021-04-17 12:12:00,3027.2,3027.2,3027.15,3027.15,75,0,3027.16,2933.45,3286.65
17850,2021-04-17 12:13:00,3027.2,3027.2,3027.15,3027.15,75,0,3027.16,2933.45,3286.65
17851,2021-04-17 12:14:00,3027.2,3027.2,3027.15,3027.15,75,0,3027.16,2933.45,3286.65
17852,2021-04-17 12:15:00,3027.2,3027.2,3027.15,3027.15,75,0,3027.16,2933.45,3286.65
17853,2021-04-17 12:16:00,3027.2,3027.2,3027.15,3027.15,75,0,3027.16,2933.45,3286.65
17854,2021-04-17 12:17:00,3027.2,3027.2,3027.15,3027.15,75,0,3027.16,2933.45,3286.65
17855,2021-04-17 12:18:00,3027.2,3027.2,3027.15,3027.15,75,0,3027.16,2933.45,3286.65
17856,2021-04-17 12:19:00,3027.2,3027.2,3027.15,3027.15,75,0,3027.16,2933.45,3286.65
17857,2021-04-17 12:20:00,3027.2,3027.2,3027.15,3027.15,75,0,3027.16,2933.45,3286.65
17858,2021-04-17 12:21:00,3027.2,3027.2,3027.15,3027.15,75,0,3027.16,2933.45,3286.65
17859,2021-04-17 12:22:00,3027.2,3027.2,3027.15,3027.15,75,0,3027.16,2933.45,3286.65
17860,2021-04-17 12:23:00,3027.2,3027.2,3027.15,3027.15,75,0,3027.16,2933.45,3286.65
17861,2021-04-17 12:24:00,3027.2,3027.2,3027.15,3027.15,75,0,3027.16,2933.45,3286.65
17862,2021-04-17 12:25:00,3027.2,3027.2,3027.15,3027.15,75,0,3027.16,2933.45,3286.65
17863,2021-04-17 12:26:00,3027.2,3027.2,3027.15,3027.15,75,0,3027.16,2933.45,3286.65
17864,2021-04-17 12:27:00,3027.2,3027.2,3027.15,3027.15,75,0,3027.16,2933.45,3286.65
17865,2021-04-17 12:28:00,3027.2,3027.2,3027.15,3027.15,75,0,3027.16,2933.45,3286.65
17866,2021-04-17 12:29:00,3027.2,3027.2,3027.15,3027.15,75,0,3027.16,2933.45,3286.65
17867,2021-04-17 12:30:00,3027.2,3027.2,3027.15,3027.15,75,0,3027.16,2933.45,3286.65
17868,2021-04-17 12:31:00,3027.2,3027.2,3027.15,3027.15,75,0,3027.16,2933.45,3286.65
17869,2021-04-17 12:32:00,3027.2,3027.2,3027.15,3027.15,75,0,3027.16,2933.45,3286.65
17870,2021-04-17 12:33:00,3027.2,3027.2,3027.15,3027.15,75,0,3027.16,2933.45,3286.65
17871,2021-04-17 12:34:00,3027.2,3027.2,3027.15,3027.15,75,0,3027.16,2933.45,3286.65
17872,2021-04-17 12:35:00,3027.2,3027.2,3027.15,3027.15,75,0,3027.16,2933.45,3286.65
17873,2021-04-17 12:36:00,3027.2,3027.2,3027.15,3027.15,75,0,3027.16,2933.45,3286.65
17874,2021-04-17 12:37:00,3027.2,3027.2,3027.15,3027.15,75,0,3027.16,2933.45,3286.65
17875,2021-04-17 12:38:00,3027.2,3027.2,3027.15,3027.15,75,0,3027.16,2933.45,3286.65
17876,2021-04-17 12:39:00,3027.2,3027.2,3027.15,3027.15,75,0,3027.16,2933.45,3286.65
17877,2021-04-17 12:40:00,3027.2,3027.2,3027.15,3027.15,75,0,3027.16,2933.45,3286.65
17878,2021-04-17 12:41:00,3027.2,3027.2,3027.15,3027.15,75,0,3027.16,2933.45,3286.65
17879,2021-04-17 12:42:00,3027.2,3027.2,3027.15,3027.15,75,0,3027.16,2933.45,3286.65
17880,2021-04-17 12:43:00,3027.2,3027.2,3027.15,3027.15,75,0,3027.16,2933.45,3286.65
17881,2021-04-17 12:44:00,3027.2,3027.2,3027.15,3027.15,75,0,3027.16,2933.45,3286.65
17882,2021-04-17 12:45:00,3027.2,3027.2,3027.15,3027.15,75,0,3027.16,2933.45,3286.65
17883,2021-04-17 12:46:00,3027.2,3027.2,3027.15,3027.15,75,0,3027.16,2933.45,3286.65
17884,2021-04-17 12:47:00,3027.2,3027.2,3027.15,3027.15,75,0,3027.16,2933.45,3286.65
17885,2021-04-17 12:48:00,3027.2,3027.2,3027.15,3027.15,75,0,3027.16,2933.45,3286.65
17886,2021-04-17 12:49:00,3027.2,3027.2,3027.15,3027.15,75,0,3027.16,2933.45,3286.65
17887,2021-04-17 12:50:00,3027.2,3027.2,3027.15,3027.15,75,0,3027.16,2933.45,3286.65
17888,2021-04-17 12:51:00,3027.2,3027.2,3027.15,3027.15,75,0,3027.16,2933.45,3286.65
17889,2021-04-17 12:52:00,3027.2,3027.2,3027.15,3027.15,75,0,3027.16,2933.45,3286.65
17890,2021-04-17 12:53:00,3027.2,3027.2,3027.15,3027.15,75,0,3027.16,2933.45,3286.65
17891,2021-04-17 12:54:00,3027.2,3027.2,3027.15,3027.15,75,0,3027.16,2933.45,3286.65
17892,2021-04-17 12:55:00,3027.2,3027.2,3027.15,3027.15,75,0,3027.16,2933.45,3286.65
17893,2021-04-17 12:56:00,3027.2,3027.2,3027.15,3027.15,75,0,3027.16,2933.45,3286.65
17894,2021-04-17 12:57:00,3027.2,3027.2,3027.15,3027.15,75,0,3027.16,2933.45,3286.65
17895,2021-04-17 12:58:00,3027.2,3027.2,3027.15,3027.15,75,0,3027.16,2933.45,3286.65
17896,2021-04-17 12:59:00,3027.2,3027.2,3027.15,3027.15,75,0,3027.16,2933.45,3286.65
17897,2021-04-17 13:00:00,3027.2,3027.2,3027.15,3027.15,75,0,3027.16,2933.45,3286.65
17898,2021-04-17 13:01:00,3027.2,3027.2,3027.15,3027.15,75,0,3027.16,2933.45,3286.65
17899,2021-04-17 13:02:00,3027.2,3027.2,3027.15,3027.15,75,0,3027.16,2933.45,3286.65
17900,2021-04-17 13:03:00,3027.2,3027.2,3027.15,3027.15,75,0,3027.16,2933.45,3286.65
17901,2021-04-17 13:04:00,3027.2,3027.2,3027.15,3027.15,75,0,3027.16,2933.45,3286.65
17902,2021-04-17 13:05:00,3027.2,3027.2,3027.15,3027.15,75,0,3027.16,2933.45,3286.65
17903,2021-04-17 13:06:00,3027.2,3027.2,3027.15,3027.15,75,0,3027.16,2933.45,3286.65
17904,2021-04-17 13:07:00,3027.2,3027.2,3027.15,3027.15,75,0,3027.16,2933.45,3286.65
17905,2021-04-17 13:08:00,3027.2,3027.2,3027.15,3027.15,75,0,3027.16,2933.45,3286.65
17906,2021-04-17 13:09:00,3027.2,3027.2,3027.15,3027.15,75,0,3027.16,2933.45,3286.65
17907,2021-04-17 13:10:00,3027.2,3027.2,3027.15,3027.15,75,0,3027.16,2933.45,3286.65
17908,2021-04-17 13:11:00,3027.2,3027.2,3027.15,3027.15,75,0,3027.16,2933.45,3286.65
17909,2021-04-17 13:12:00,3027.2,3027.2,3027.15,3027.15,75,0,3027.16,2933.45,3286.65
17910,2021-04-17 13:13:00,3027.2,3027.2,3027.15,3027.15,75,0,3027.16,2933.45,3286.65
17911,2021-04-17 13:14:00,3027.2,3027.2,3027.15,3027.15,75,0,3027.16,2933.45,3286.65
17912,2021-04-17 13:15:00,3027.2,3027.2,3027.15,3027.15,75,0,3027.16,2933.45,3286.65
17913,2021-04-17 13:16:00,3027.2,3027.2,3027.15,3027.15,75,0,3027.16,2933.45,3286.65
17914,2021-04-17 13:17:00,3027.2,3027.2,3027.15,3027.15,75,0,3027.16,2933.45,3286.65
17915,2021-04-17 13:18:00,3027.2,3027.2,3027.15,3027.15,75,0,3027.16,2933.45,3286.65
17916,2021-04-17 13:19:00,3027.2,3027.2,3027.15,3027.15,75,0,3027.16,2933.45,3286.65
17917,2021-04-17 13:20:00,3027.2,3027.2,3027.15,3027.15,75,0,3027.16,2933.45,3286.65
17918,2021-04-17 13:21:00,3027.2,3027.2,3027.15,3027.15,75,0,3027.16,2933.45,3286.65
17919,2021-04-17 13:22:00,3027.2,3027.2,3027.15,3027.15,75,0,3027.16,2933.45,3286.65
17920,2021-04-17 13:23:00,3027.2,3027.2,3027.15,3027.15,75,0,3027.16,2933.45,3286.65
17921,2021-04-17 13:24:00,3027.2,3027.2,3027.15,3027.15,75,0,3027.16,2933.45,3286.65
17922,2021-04-17 13:25:00,3027.2,3027.2,3027.15,3027.15,75,0,3027.16,2933.45,3286.65
17923,2021-04-17 13:26:00,3027.2,3027.2,3027.15,3027.15,75,0,3027.16,2933.45,3286.65
17924,2021-04-17 13:27:00,3027.2,3027.2,3027.15,3027.15,75,0,3027.16,2933.45,3286.65
17925,2021-04-17 13:28:00,3027.2,3027.2,3027.15,3027.15,75,0,3027.16,2933.45,3286.65
17926,2021-04-17 13:29:00,3027.2,3027.2,3027.15,3027.15,75,0,3027.16,2933.45,3286.65
17927,2021-04-17 13:30:00,3027.2,3027.2,3027.15,3027.15,75,0,3027.16,2933.45,3286.65
17928,2021-04-17 13:31:00,3027.2,3027.2,3027.15,3027.15,75,0,3027.16,2933.45,3286.65
17929,2021-04-17 13:32:00,3027.2,3027.2,3027.15,3027.15,75,0,3027.16,2933.45,3286.65
17930,2021-04-17 13:33:00,3027.2,3027.2,3027.15,3027.15,75,0,3027.16,2933.45,3286.65
17931,2021-04-17 13:34:00,3027.2,3027.2,3027.15,3027.15,75,0,3027.16,2933.45,3286.65
17932,2021-04-17 13:35:00,3027.2,3027.2,3027.15,3027.15,75,0,3027.16,2933.45,3286.65
17933,2021-04-17 13:36:00,3027.2,3027.2,3027.15,3027.15,75,0,3027.16,2933.45,3286.65
17934,2021-04-17 13:37:00,3027.2,3027.2,3027.15,3027.15,75,0,3027.16,2933.45,3286.65
17935,2021-04-17 13:38:00,3027.2,3027.2,3027.15,3027.15,75,0,3027.16,2933.45,3286.65
17936,2021-04-17 13:39:00,3027.2,3027.2,3027.15,3027.15,75,0,3027.16,2933.45,3286.65
17937,2021-04-17 13:40:00,3027.2,3027.2,3027.15,3027.15,75,0,3027.16,2933.45,3286.65
17938,2021-04-17 13:41:00,3027.2,3027.2,3027.15,3027.15,75,0,3027.16,2933.45,3286.65
17939,2021-04-17 13:42:00,3027.2,3027.2,3027.15,3027.15,75,0,3027.16,2933.45,3286.65
17940,2021-04-17 13:43:00,3027.2,3027.2,3027.15,3027.15,75,0,3027.16,2933.45,3286.65
17941,2021-04-17 13:44:00,3027.2,3027.2,3027.15,3027.15,75,0,3027.16,2933.45,3286.65
17942,2021-04-17 13:45:00,3027.2,3027.2,3027.15,3027.15,75,0,3027.16,2933.45,3286.65
17943,2021-04-17 13:46:00,3027.2,3027.2,3027.15,3027.15,75,0,3027.16,2933.45,3286.65
17944,2021-04-17 13:47:00,3027.2,3027.2,3027.15,3027.15,75,0,3027.16,2933.45,3286.65
17945,2021-04-17 13:48:00,3027.2,3027.2,3027.15,3027.15,75,0,3027.16,2933.45,3286.65
17946,2021-04-17 13:49:00,3027.2,3027.2,3027.15,3027.15,75,0,3027.16,2933.45,3286.65
17947,2021-04-17 13:50:00,3027.2,3027.2,3027.15,3027.15,75,0,3027.16,2933.45,3286.65
17948,2021-04-17 13:51:00,3027.2,3027.2,3027.15,3027.15,75,0,3027.16,2933.45,3286.65
17949,2021-04-17 13:52:00,3027.2,3027.2,3027.15,3027.15,75,0,3027.16,2933.45,3286.65
17950,2021-04-17 13:53:00,3027.2,3027.2,3027.15,3027.15,75,0,3027.16,2933.45,3286.65
17951,2021-04-17 13:54:00,3027.2,3027.2,3027.15,3027.15,75,0,3027.16,2933.45,3286.65
17952,2021-04-17 13:55:00,3027.2,3027.2,3027.15,3027.15,75,0,3027.16,2933.45,3286.65
17953,2021-04-17 13:56:00,3027.2,3027.2,3027.15,3027.15,75,0,3027.16,2933.45,3286.65
17954,2021-04-17 13:57:00,3027.2,3027.2,3027.15,3027.15,75,0,3027.16,2933.45,3286.65
17955,2021-04-17 13:58:00,3027.2,3027.2,3027.15,3027.15,75,0,3027.16,2933.45,3286.65
17956,2021-04-17 13:59:00,3027.2,3027.2,3027.15,3027.15,75,0,3027.16,2933.45,3286.65
17957,2021-04-17 14:00:00,3027.2,3027.2,3027.15,3027.15,75,0,3027.16,2933.45,3286.65
17958,2021-04-17 14:01:00,3027.2,3027.2,3027.15,3027.15,75,0,3027.16,2933.45,3286.65
17959,2021-04-17 14:02:00,3027.2,3027.2,3027.15,3027.15,75,0,3027.16,2933.45,3286.65
17960,2021-04-17 14:03:00,3027.2,3027.2,3027.15,3027.15,75,0,3027.16,2933.45,3286.65
17961,2021-04-17 14:04:00,3027.2,3027.2,3027.15,3027.15,75,0,3027.16,2933.45,3286.65
17962,2021-04-17 14:05:00,3027.2,3027.2,3027.15,3027.15,75,0,3027.16,2933.45,3286.65
17963,2021-04-17 14:06:00,3027.2,3027.2,3027.15,3027.15,75,0,3027.16,2933.45,3286.65
17964,2021-04-17 14:07:00,3027.2,3027.2,3027.15,3027.15,75,0,3027.16,2933.45,3286.65
17965,2021-04-17 14:08:00,3027.2,3027.2,3027.15,3027.15,75,0,3027.16,2933.45,3286.65
17966,2021-04-17 14:09:00,3027.2,3027.2,3027.15,3027.15,75,0,3027.16,2933.45,3286.65
17967,2021-04-17 14:10:00,3027.2,3027.2,3027.15,3027.15,75,0,3027.16,2933.45,3286.65
17968,2021-04-17 14:11:00,3027.2,3027.2,3027.15,3027.15,75,0,3027.16,2933.45,3286.65
17969,2021-04-17 14:12:00,3027.2,3027.2,3027.15,3027.15,75,0,3027.16,2933.45,3286.65
17970,2021-04-17 14:13:00,3027.2,3027.2,3027.15,3027.15,75,0,3027.16,2933.45,3286.65
17971,2021-04-17 14:14:00,3027.2,3027.2,3027.15,3027.15,75,0,3027.16,2933.45,3286.65
17972,2021-04-17 14:15:00,3027.2,3027.2,3027.15,3027.15,75,0,3027.16,2933.45,3286.65
17973,2021-04-17 14:16:00,3027.2,3027.2,3027.15,3027.15,75,0,3027.16,2933.45,3286.65
17974,2021-04-17 14:17:00,3027.2,3027.2,3027.15,3027.15,75,0,3027.16,2933.45,3286.65
17975,2021-04-17 14:18:00,3027.2,3027.2,3027.15,3027.15,75,0,3027.16,2933.45,3286.65
17976,2021-04-17 14:19:00,3027.2,3027.2,3027.15,3027.15,75,0,3027.16,2933.45,3286.65
17977,2021-04-17 14:20:00,3027.2,3027.2,3027.15,3027.15,75,0,3027.16,2933.45,3286.65
17978,2021-04-17 14:21:00,3027.2,3027.2,3027.15,3027.15,75,0,3027.16,2933.45,3286.65
17979,2021-04-17 14:22:00,3027.2,3027.2,3027.15,3027.15,75,0,3027.16,2933.45,3286.65
17980,2021-04-17 14:23:00,3027.2,3027.2,3027.15,3027.15,75,0,3027.16,2933.45,3286.65
17981,2021-04-17 14:24:00,3027.2,3027.2,3027.15,3027.15,75,0,3027.16,2933.45,3286.65
17982,2021-04-17 14:25:00,3027.2,3027.2,3027.15,3027.15,75,0,3027.16,2933.45,3286.65
17983,2021-04-17 14:26:00,3027.2,3027.2,3027.15,3027.15,75,0,3027.16,2933.45,3286.65
17984,2021-04-17 14:27:00,3027.2,3027.2,3027.15,3027.15,75,0,3027.16,2933.45,3286.65
17985,2021-04-17 14:28:00,3027.2,3027.2,3027.15,3027.15,75,0,3027.16,2933.45,3286.65
17986,2021-04-17 14:29:00,3027.2,3027.2,3027.15,3027.15,75,0,3027.16,2933.45,3286.65
17987,2021-04-17 14:30:00,3027.2,3027.2,3027.15,3027.15,75,0,3027.16,2933.45,3286.65
17988,2021-04-17 14:31:00,3027.2,3027.2,3027.15,3027.15,75,0,3027.16,2933.45,3286.65
17989,2021-04-17 14:32:00,3027.2,3027.2,3027.15,3027.15,75,0,3027.16,2933.45,3286.65
17990,2021-04-17 14:33:00,3027.2,3027.2,3027.15,3027.15,75,0,3027.16,2933.45,3286.65
17991,2021-04-17 14:34:00,3027.2,3027.2,3027.15,3027.15,75,0,3027.16,2933.45,3286.65
17992,2021-04-17 14:35:00,3027.2,3027.2,3027.15,3027.15,75,0,3027.16,2933.45,3286.65
17993,2021-04-17 14:36:00,3027.2,3027.2,3027.15,3027.15,75,0,3027.16,2933.45,3286.65
17994,2021-04-17 14:37:00,3027.2,3027.2,3027.15,3027.15,75,0,3027.16,2933.45,3286.65
17995,2021-04-17 14:38:00,3027.2,3027.2,3027.15,3027.15,75,0,3027.16,2933.45,3286.65
17996,2021-04-17 14:39:00,3027.2,3027.2,3027.15,3027.15,75,0,3027.16,2933.45,3286.65
17997,2021-04-17 14:40:00,3027.2,3027.2,3027.15,3027.15,75,0,3027.16,2933.45,3286.65
17998,2021-04-17 14:41:00,3027.2,3027.2,3027.15,3027.15,75,0,3027.16,2933.45,3286.65
17999,2021-04-17 14:42:00,3027.2,3027.2,3027.15,3027.15,75,0,3027.16,2933.45,3286.65
18000,2021-04-17 14:43:00,3027.2,3027.2,3027.15,3027.15,75,0,3027.16,2933.45,3286.65
18001,2021-04-17 14:44:00,3027.2,3027.2,3027.15,3027.15,75,0,3027.16,2933.45,3286.65
18002,2021-04-17 14:45:00,3027.2,3027.2,3027.15,3027.15,75,0,3027.16,2933.45,3286.65
18003,2021-04-17 14:46:00,3027.2,3027.2,3027.15,3027.15,75,0,3027.16,2933.45,3286.65
18004,2021-04-17 14:47:00,3027.2,3027.2,3027.15,3027.15,75,0,3027.16,2933.45,3286.65
18005,2021-04-17 14:48:00,3027.2,3027.2,3027.15,3027.15,75,0,3027.16,2933.45,3286.65
18006,2021-04-17 14:49:00,3027.2,3027.2,3027.15,3027.15,75,0,3027.16,2933.45,3286.65
18007,2021-04-17 14:50:00,3027.2,3027.2,3027.15,3027.15,75,0,3027.16,2933.45,3286.65
18008,2021-04-17 14:51:00,3027.2,3027.2,3027.15,3027.15,75,0,3027.16,2933.45,3286.65
18009,2021-04-17 14:52:00,3027.2,3027.2,3027.15,3027.15,75,0,3027.16,2933.45,3286.65
18010,2021-04-17 14:53:00,3027.2,3027.2,3027.15,3027.15,75,0,3027.16,2933.45,3286.65
18011,2021-04-17 14:54:00,3027.2,3027.2,3027.15,3027.15,75,0,3027.16,2933.45,3286.65
18012,2021-04-17 14:55:00,3027.2,3027.2,3027.15,3027.15,75,0,3027.16,2933.45,3286.65
18013,2021-04-17 14:56:00,3027.2,3027.2,3027.15,3027.15,75,0,3027.16,2933.45,3286.65
18014,2021-04-17 14:57:00,3027.2,3027.2,3027.15,3027.15,75,0,3027.16,2933.45,3286.65
18015,2021-04-17 14:58:00,3027.2,3027.2,3027.15,3027.15,75,0,3027.16,2933.45,3286.65
18016,2021-04-17 14:59:00,3027.2,3027.2,3027.15,3027.15,75,0,3027.16,2933.45,3286.65
18017,2021-04-17 15:00:00,3027.2,3027.2,3027.15,3027.15,75,0,3027.16,2933.45,3286.65
18018,2021-04-17 15:01:00,3027.2,3027.2,3027.15,3027.15,75,0,3027.16,2933.45,3286.65
18019,2021-04-17 15:02:00,3027.2,3027.2,3027.15,3027.15,75,0,3027.16,2933.45,3286.65
18020,2021-04-17 15:03:00,3027.2,3027.2,3027.15,3027.15,75,0,3027.16,2933.45,3286.65
18021,2021-04-17 15:04:00,3027.2,3027.2,3027.15,3027.15,75,0,3027.16,2933.45,3286.65
18022,2021-04-17 15:05:00,3027.2,3027.2,3027.15,3027.15,75,0,3027.16,2933.45,3286.65
18023,2021-04-17 15:06:00,3027.2,3027.2,3027.15,3027.15,75,0,3027.16,2933.45,3286.65
18024,2021-04-17 15:07:00,3027.2,3027.2,3027.15,3027.15,75,0,3027.16,2933.45,3286.65
18025,2021-04-17 15:08:00,3027.2,3027.2,3027.15,3027.15,75,0,3027.16,2933.45,3286.65
18026,2021-04-17 15:09:00,3027.2,3027.2,3027.15,3027.15,75,0,3027.16,2933.45,3286.65
18027,2021-04-17 15:10:00,3027.2,3027.2,3027.15,3027.15,75,0,3027.16,2933.45,3286.65
18028,2021-04-17 15:11:00,3027.2,3027.2,3027.15,3027.15,75,0,3027.16,2933.45,3286.65
18029,2021-04-17 15:12:00,3027.2,3027.2,3027.15,3027.15,75,0,3027.16,2933.45,3286.65
18030,2021-04-17 15:13:00,3027.2,3027.2,3027.15,3027.15,75,0,3027.16,2933.45,3286.65
18031,2021-04-17 15:14:00,3027.2,3027.2,3027.15,3027.15,75,0,3027.16,2933.45,3286.65
18032,2021-04-17 15:15:00,3027.2,3027.2,3027.15,3027.15,75,0,3027.16,2933.45,3286.65
18033,2021-04-17 15:16:00,3027.2,3027.2,3027.15,3027.15,75,0,3027.16,2933.45,3286.65
18034,2021-04-17 15:17:00,3027.2,3027.2,3027.15,3027.15,75,0,3027.16,2933.45,3286.65
18035,2021-04-17 15:18:00,3027.2,3027.2,3027.15,3027.15,75,0,3027.16,2933.45,3286.65
18036,2021-04-17 15:19:00,3027.2,3027.2,3027.15,3027.15,75,0,3027.16,2933.45,3286.65
18037,2021-04-17 15:20:00,3027.2,3027.2,3027.15,3027.15,75,0,3027.16,2933.45,3286.65
18038,2021-04-17 15:21:00,3027.2,3027.2,3027.15,3027.15,75,0,3027.16,2933.45,3286.65
18039,2021-04-17 15:22:00,3027.2,3027.2,3027.15,3027.15,75,0,3027.16,2933.45,3286.65
18040,2021-04-17 15:23:00,3027.2,3027.2,3027.15,3027.15,75,0,3027.16,2933.45,3286.65
18041,2021-04-17 15:24:00,3027.2,3027.2,3027.15,3027.15,75,0,3027.16,2933.45,3286.65
18042,2021-04-17 15:25:00,3027.2,3027.2,3027.15,3027.15,75,0,3027.16,2933.45,3286.65
18043,2021-04-17 15:26:00,3027.2,3027.2,3027.15,3027.15,75,0,3027.16,2933.45,3286.65
18044,2021-04-17 15:27:00,3027.2,3027.2,3027.15,3027.15,75,0,3027.16,2933.45,3286.65
18045,2021-04-17 15:28:00,3027.2,3027.2,3027.15,3027.15,75,0,3027.16,2933.45,3286.65
18046,2021-04-17 15:29:00,3027.2,3027.2,3027.15,3027.15,75,0,3027.16,2933.45,3286.65
18047,2021-04-17 15:30:00,3027.2,3027.2,3027.15,3027.15,75,0,3027.16,2933.45,3286.65
18048,2021-04-18 09:15:00,3027.2,3027.2,3027.15,3027.15,75,0,3027.16,2933.45,3286.65
18049,2021-04-18 09:16:00,3027.2,3027.2,3027.15,3027.15,75,0,3027.16,2933.45,3286.65
18050,2021-04-18 09:17:00,3027.2,3027.2,3027.15,3027.15,75,0,3027.16,2933.45,3286.65
18051,2021-04-18 09:18:00,3027.2,3027.2,3027.15,3027.15,75,0,3027.16,2933.45,3286.65
18052,2021-04-18 09:19:00,3027.2,3027.2,3027.15,3027.15,75,0,3027.16,2933.45,3286.65
18053,2021-04-18 09:20:00,3027.2,3027.2,3027.15,3027.15,75,0,3027.16,2933.45,3286.65
18054,2021-04-18 09:21:00,3027.2,3027.2,3027.15,3027.15,75,0,3027.16,2933.45,3286.65
18055,2021-04-18 09:22:00,3027.2,3027.2,3027.15,3027.15,75,0,3027.16,2933.45,3286.65
18056,2021-04-18 09:23:00,3027.2,3027.2,3027.15,3027.15,75,0,3027.16,2933.45,3286.65
18057,2021-04-18 09:24:00,3027.2,3027.2,3027.15,3027.15,75,0,3027.16,2933.45,3286.65
18058,2021-04-18 09:25:00,3027.2,3027.2,3027.15,3027.15,75,0,3027.16,2933.45,3286.65
18059,2021-04-18 09:26:00,3027.2,3027.2,3027.15,3027.15,75,0,3027.16,2933.45,3286.65
18060,2021-04-18 09:27:00,3027.2,3027.2,3027.15,3027.15,75,0,3027.16,2933.45,3286.65
18061,2021-04-18 09:28:00,3027.2,3027.2,3027.15,3027.15,75,0,3027.16,2933.45,3286.65
18062,2021-04-18 09:29:00,3027.2,3027.2,3027.15,3027.15,75,0,3027.16,2933.45,3286.65
18063,2021-04-18 09:30:00,3027.2,3027.2,3027.15,3027.15,75,0,3027.16,2933.45,3286.65
18064,2021-04-18 09:31:00,3027.2,3027.2,3027.15,3027.15,75,0,3027.16,2933.45,3286.65
18065,2021-04-18 09:32:00,3027.2,3027.2,3027.15,3027.15,75,0,3027.16,2933.45,3286.65
18066,2021-04-18 09:33:00,3027.2,3027.2,3027.15,3027.15,75,0,3027.16,2933.45,3286.65
18067,2021-04-18 09:34:00,3027.2,3027.2,3027.15,3027.15,75,0,3027.16,2933.45,3286.65
18068,2021-04-18 09:35:00,3027.2,3027.2,3027.15,3027.15,75,0,3027.16,2933.45,3286.65
18069,2021-04-18 09:36:00,3027.2,3027.2,3027.15,3027.15,75,0,3027.16,2933.45,3286.65
18070,2021-04-18 09:37:00,3027.2,3027.2,3027.15,3027.15,75,0,3027.16,2933.45,3286.65
18071,2021-04-18 09:38:00,3027.2,3027.2,3027.15,3027.15,75,0,3027.16,2933.45,3286.65
18072,2021-04-18 09:39:00,3027.2,3027.2,3027.15,3027.15,75,0,3027.16,2933.45,3286.65
18073,2021-04-18 09:40:00,3027.2,3027.2,3027.15,3027.15,75,0,3027.16,2933.45,3286.65
18074,2021-04-18 09:41:00,3027.2,3027.2,3027.15,3027.15,75,0,3027.16,2933.45,3286.65
18075,2021-04-18 09:42:00,3027.2,3027.2,3027.15,3027.15,75,0,3027.16,2933.45,3286.65
18076,2021-04-18 09:43:00,3027.2,3027.2,3027.15,3027.15,75,0,3027.16,2933.45,3286.65
18077,2021-04-18 09:44:00,3027.2,3027.2,3027.15,3027.15,75,0,3027.16,2933.45,3286.65
18078,2021-04-18 09:45:00,3027.2,3027.2,3027.15,3027.15,75,0,3027.16,2933.45,3286.65
18079,2021-04-18 09:46:00,3027.2,3027.2,3027.15,3027.15,75,0,3027.16,2933.45,3286.65
18080,2021-04-18 09:47:00,3027.2,3027.2,3027.15,3027.15,75,0,3027.16,2933.45,3286.65
18081,2021-04-18 09:48:00,3027.2,3027.2,3027.15,3027.15,75,0,3027.16,2933.45,3286.65
18082,2021-04-18 09:49:00,3027.2,3027.2,3027.15,3027.15,75,0,3027.16,2933.45,3286.65
18083,2021-04-18 09:50:00,3027.2,3027.2,3027.15,3027.15,75,0,3027.16,2933.45,3286.65
18084,2021-04-18 09:51:00,3027.2,3027.2,3027.15,3027.15,75,0,3027.16,2933.45,3286.65
18085,2021-04-18 09:52:00,3027.2,3027.2,3027.15,3027.15,75,0,3027.16,2933.45,3286.65
18086,2021-04-18 09:53:00,3027.2,3027.2,3027.15,3027.15,75,0,3027.16,2933.45,3286.65
18087,2021-04-18 09:54:00,3027.2,3027.2,3027.15,3027.15,75,0,3027.16,2933.45,3286.65
18088,2021-04-18 09:55:00,3027.2,3027.2,3027.15,3027.15,75,0,3027.16,2933.45,3286.65
18089,2021-04-18 09:56:00,3027.2,3027.2,3027.15,3027.15,75,0,3027.16,2933.45,3286.65
18090,2021-04-18 09:57:00,3027.2,3027.2,3027.15,3027.15,75,0,3027.16,2933.45,3286.65
18091,2021-04-18 09:58:00,3027.2,3027.2,3027.15,3027.15,75,0,3027.16,2933.45,3286.65
18092,2021-04-18 09:59:00,3027.2,3027.2,3027.15,3027.15,75,0,3027.16,2933.45,3286.65
18093,2021-04-18 10:00:00,3027.2,3027.2,3027.15,3027.15,75,0,3027.16,2933.45,3286.65
18094,2021-04-18 10:01:00,3027.2,3027.2,3027.15,3027.15,75,0,3027.16,2933.45,3286.65
18095,2021-04-18 10:02:00,3027.2,3027.2,3027.15,3027.15,75,0,3027.16,2933.45,3286.65
18096,2021-04-18 10:03:00,3027.2,3027.2,3027.15,3027.15,75,0,3027.16,2933.45,3286.65
18097,2021-04-18 10:04:00,3027.2,3027.2,3027.15,3027.15,75,0,3027.16,2933.45,3286.65
18098,2021-04-18 10:05:00,3027.2,3027.2,3027.15,3027.15,75,0,3027.16,2933.45,3286.65
18099,2021-04-18 10:06:00,3027.2,3027.2,3027.15,3027.15,75,0,3027.16,2933.45,3286.65
18100,2021-04-18 10:07:00,3027.2,3027.2,3027.15,3027.15,75,0,3027.16,2933.45,3286.65
18101,2021-04-18 10:08:00,3027.2,3027.2,3027.15,3027.15,75,0,3027.16,2933.45,3286.65
18102,2021-04-18 10:09:00,3027.2,3027.2,3027.15,3027.15,75,0,3027.16,2933.45,3286.65
18103,2021-04-18 10:10:00,3027.2,3027.2,3027.15,3027.15,75,0,3027.16,2933.45,3286.65
18104,2021-04-18 10:11:00,3027.2,3027.2,3027.15,3027.15,75,0,3027.16,2933.45,3286.65
18105,2021-04-18 10:12:00,3027.2,3027.2,3027.15,3027.15,75,0,3027.16,2933.45,3286.65
18106,2021-04-18 10:13:00,3027.2,3027.2,3027.15,3027.15,75,0,3027.16,2933.45,3286.65
18107,2021-04-18 10:14:00,3027.2,3027.2,3027.15,3027.15,75,0,3027.16,2933.45,3286.65
18108,2021-04-18 10:15:00,3027.2,3027.2,3027.15,3027.15,75,0,3027.16,2933.45,3286.65
18109,2021-04-18 10:16:00,3027.2,3027.2,3027.15,3027.15,75,0,3027.16,2933.45,3286.65
18110,2021-04-18 10:17:00,3027.2,3027.2,3027.15,3027.15,75,0,3027.16,2933.45,3286.65
18111,2021-04-18 10:18:00,3027.2,3027.2,3027.15,3027.15,75,0,3027.16,2933.45,3286.65
18112,2021-04-18 10:19:00,3027.2,3027.2,3027.15,3027.15,75,0,3027.16,2933.45,3286.65
18113,2021-04-18 10:20:00,3027.2,3027.2,3027.15,3027.15,75,0,3027.16,2933.45,3286.65
18114,2021-04-18 10:21:00,3027.2,3027.2,3027.15,3027.15,75,0,3027.16,2933.45,3286.65
18115,2021-04-18 10:22:00,3027.2,3027.2,3027.15,3027.15,75,0,3027.16,2933.45,3286.65
18116,2021-04-18 10:23:00,3027.2,3027.2,3027.15,3027.15,75,0,3027.16,2933.45,3286.65
18117,2021-04-18 10:24:00,3027.2,3027.2,3027.15,3027.15,75,0,3027.16,2933.45,3286.65
18118,2021-04-18 10:25:00,3027.2,3027.2,3027.15,3027.15,75,0,3027.16,2933.45,3286.65
18119,2021-04-18 10:26:00,3027.2,3027.2,3027.15,3027.15,75,0,3027.16,2933.45,3286.65
18120,2021-04-18 10:27:00,3027.2,3027.2,3027.15,3027.15,75,0,3027.16,2933.45,3286.65
18121,2021-04-18 10:28:00,3027.2,3027.2,3027.15,3027.15,75,0,3027.16,2933.45,3286.65
18122,2021-04-18 10:29:00,3027.2,3027.2,3027.15,3027.15,75,0,3027.16,2933.45,3286.65
18123,2021-04-18 10:30:00,3027.2,3027.2,3027.15,3027.15,75,0,3027.16,2933.45,3286.65
18124,2021-04-18 10:31:00,3027.2,3027.2,3027.15,3027.15,75,0,3027.16,2933.45,3286.65
18125,2021-04-18 10:32:00,3027.2,3027.2,3027.15,3027.15,75,0,3027.16,2933.45,3286.65
18126,2021-04-18 10:33:00,3027.2,3027.2,3027.15,3027.15,75,0,3027.16,2933.45,3286.65
18127,2021-04-18 10:34:00,3027.2,3027.2,3027.15,3027.15,75,0,3027.16,2933.45,3286.65
18128,2021-04-18 10:35:00,3027.2,3027.2,3027.15,3027.15,75,0,3027.16,2933.45,3286.65
18129,2021-04-18 10:36:00,3027.2,3027.2,3027.15,3027.15,75,0,3027.16,2933.45,3286.65
18130,2021-04-18 10:37:00,3027.2,3027.2,3027.15,3027.15,75,0,3027.16,2933.45,3286.65
18131,2021-04-18 10:38:00,3027.2,3027.2,3027.15,3027.15,75,0,3027.16,2933.45,3286.65
18132,2021-04-18 10:39:00,3027.2,3027.2,3027.15,3027.15,75,0,3027.16,2933.45,3286.65
18133,2021-04-18 10:40:00,3027.2,3027.2,3027.15,3027.15,75,0,3027.16,2933.45,3286.65
18134,2021-04-18 10:41:00,3027.2,3027.2,3027.15,3027.15,75,0,3027.16,2933.45,3286.65
18135,2021-04-18 10:42:00,3027.2,3027.2,3027.15,3027.15,75,0,3027.16,2933.45,3286.65
18136,2021-04-18 10:43:00,3027.2,3027.2,3027.15,3027.15,75,0,3027.16,2933.45,3286.65
18137,2021-04-18 10:44:00,3027.2,3027.2,3027.15,3027.15,75,0,3027.16,2933.45,3286.65
18138,2021-04-18 10:45:00,3027.2,3027.2,3027.15,3027.15,75,0,3027.16,2933.45,3286.65
18139,2021-04-18 10:46:00,3027.2,3027.2,3027.15,3027.15,75,0,3027.16,2933.45,3286.65
18140,2021-04-18 10:47:00,3027.2,3027.2,3027.15,3027.15,75,0,3027.16,2933.45,3286.65
18141,2021-04-18 10:48:00,3027.2,3027.2,3027.15,3027.15,75,0,3027.16,2933.45,3286.65
18142,2021-04-18 10:49:00,3027.2,3027.2,3027.15,3027.15,75,0,3027.16,2933.45,3286.65
18143,2021-04-18 10:50:00,3027.2,3027.2,3027.15,3027.15,75,0,3027.16,2933.45,3286.65
18144,2021-04-18 10:51:00,3027.2,3027.2,3027.15,3027.15,75,0,3027.16,2933.45,3286.65
18145,2021-04-18 10:52:00,3027.2,3027.2,3027.15,3027.15,75,0,3027.16,2933.45,3286.65
18146,2021-04-18 10:53:00,3027.2,3027.2,3027.15,3027.15,75,0,3027.16,2933.45,3286.65
18147,2021-04-18 10:54:00,3027.2,3027.2,3027.15,3027.15,75,0,3027.16,2933.45,3286.65
18148,2021-04-18 10:55:00,3027.2,3027.2,3027.15,3027.15,75,0,3027.16,2933.45,3286.65
18149,2021-04-18 10:56:00,3027.2,3027.2,3027.15,3027.15,75,0,3027.16,2933.45,3286.65
18150,2021-04-18 10:57:00,3027.2,3027.2,3027.15,3027.15,75,0,3027.16,2933.45,3286.65
18151,2021-04-18 10:58:00,3027.2,3027.2,3027.15,3027.15,75,0,3027.16,2933.45,3286.65
18152,2021-04-18 10:59:00,3027.2,3027.2,3027.15,3027.15,75,0,3027.16,2933.45,3286.65
18153,2021-04-18 11:00:00,3027.2,3027.2,3027.15,3027.15,75,0,3027.16,2933.45,3286.65
18154,2021-04-18 11:01:00,3027.2,3027.2,3027.15,3027.15,75,0,3027.16,2933.45,3286.65
18155,2021-04-18 11:02:00,3027.2,3027.2,3027.15,3027.15,75,0,3027.16,2933.45,3286.65
18156,2021-04-18 11:03:00,3027.2,3027.2,3027.15,3027.15,75,0,3027.16,2933.45,3286.65
18157,2021-04-18 11:04:00,3027.2,3027.2,3027.15,3027.15,75,0,3027.16,2933.45,3286.65
18158,2021-04-18 11:05:00,3027.2,3027.2,3027.15,3027.15,75,0,3027.16,2933.45,3286.65
18159,2021-04-18 11:06:00,3027.2,3027.2,3027.15,3027.15,75,0,3027.16,2933.45,3286.65
18160,2021-04-18 11:07:00,3027.2,3027.2,3027.15,3027.15,75,0,3027.16,2933.45,3286.65
18161,2021-04-18 11:08:00,3027.2,3027.2,3027.15,3027.15,75,0,3027.16,2933.45,3286.65
18162,2021-04-18 11:09:00,3027.2,3027.2,3027.15,3027.15,75,0,3027.16,2933.45,3286.65
18163,2021-04-18 11:10:00,3027.2,3027.2,3027.15,3027.15,75,0,3027.16,2933.45,3286.65
18164,2021-04-18 11:11:00,3027.2,3027.2,3027.15,3027.15,75,0,3027.16,2933.45,3286.65
18165,2021-04-18 11:12:00,3027.2,3027.2,3027.15,3027.15,75,0,3027.16,2933.45,3286.65
18166,2021-04-18 11:13:00,3027.2,3027.2,3027.15,3027.15,75,0,3027.16,2933.45,3286.65
18167,2021-04-18 11:14:00,3027.2,3027.2,3027.15,3027.15,75,0,3027.16,2933.45,3286.65
18168,2021-04-18 11:15:00,3027.2,3027.2,3027.15,3027.15,75,0,3027.16,2933.45,3286.65
18169,2021-04-18 11:16:00,3027.2,3027.2,3027.15,3027.15,75,0,3027.16,2933.45,3286.65
18170,2021-04-18 11:17:00,3027.2,3027.2,3027.15,3027.15,75,0,3027.16,2933.45,3286.65
18171,2021-04-18 11:18:00,3027.2,3027.2,3027.15,3027.15,75,0,3027.16,2933.45,3286.65
18172,2021-04-18 11:19:00,3027.2,3027.2,3027.15,3027.15,75,0,3027.16,2933.45,3286.65
18173,2021-04-18 11:20:00,3027.2,3027.2,3027.15,3027.15,75,0,3027.16,2933.45,3286.65
18174,2021-04-18 11:21:00,3027.2,3027.2,3027.15,3027.15,75,0,3027.16,2933.45,3286.65
18175,2021-04-18 11:22:00,3027.2,3027.2,3027.15,3027.15,75,0,3027.16,2933.45,3286.65
18176,2021-04-18 11:23:00,3027.2,3027.2,3027.15,3027.15,75,0,3027.16,2933.45,3286.65
18177,2021-04-18 11:24:00,3027.2,3027.2,3027.15,3027.15,75,0,3027.16,2933.45,3286.65
18178,2021-04-18 11:25:00,3027.2,3027.2,3027.15,3027.15,75,0,3027.16,2933.45,3286.65
18179,2021-04-18 11:26:00,3027.2,3027.2,3027.15,3027.15,75,0,3027.16,2933.45,3286.65
18180,2021-04-18 11:27:00,3027.2,3027.2,3027.15,3027.15,75,0,3027.16,2933.45,3286.65
18181,2021-04-18 11:28:00,3027.2,3027.2,3027.15,3027.15,75,0,3027.16,2933.45,3286.65
18182,2021-04-18 11:29:00,3027.2,3027.2,3027.15,3027.15,75,0,3027.16,2933.45,3286.65
18183,2021-04-18 11:30:00,3027.2,3027.2,3027.15,3027.15,75,0,3027.16,2933.45,3286.65
18184,2021-04-18 11:31:00,3027.2,3027.2,3027.15,3027.15,75,0,3027.16,2933.45,3286.65
18185,2021-04-18 11:32:00,3027.2,3027.2,3027.15,3027.15,75,0,3027.16,2933.45,3286.65
18186,2021-04-18 11:33:00,3027.2,3027.2,3027.15,3027.15,75,0,3027.16,2933.45,3286.65
18187,2021-04-18 11:34:00,3027.2,3027.2,3027.15,3027.15,75,0,3027.16,2933.45,3286.65
18188,2021-04-18 11:35:00,3027.2,3027.2,3027.15,3027.15,75,0,3027.16,2933.45,3286.65
18189,2021-04-18 11:36:00,3027.2,3027.2,3027.15,3027.15,75,0,3027.16,2933.45,3286.65
18190,2021-04-18 11:37:00,3027.2,3027.2,3027.15,3027.15,75,0,3027.16,2933.45,3286.65
18191,2021-04-18 11:38:00,3027.2,3027.2,3027.15,3027.15,75,0,3027.16,2933.45,3286.65
18192,2021-04-18 11:39:00,3027.2,3027.2,3027.15,3027.15,75,0,3027.16,2933.45,3286.65
18193,2021-04-18 11:40:00,3027.2,3027.2,3027.15,3027.15,75,0,3027.16,2933.45,3286.65
18194,2021-04-18 11:41:00,3027.2,3027.2,3027.15,3027.15,75,0,3027.16,2933.45,3286.65
18195,2021-04-18 11:42:00,3027.2,3027.2,3027.15,3027.15,75,0,3027.16,2933.45,3286.65
18196,2021-04-18 11:43:00,3027.2,3027.2,3027.15,3027.15,75,0,3027.16,2933.45,3286.65
18197,2021-04-18 11:44:00,3027.2,3027.2,3027.15,3027.15,75,0,3027.16,2933.45,3286.65
18198,2021-04-18 11:45:00,3027.2,3027.2,3027.15,3027.15,75,0,3027.16,2933.45,3286.65
18199,2021-04-18 11:46:00,3027.2,3027.2,3027.15,3027.15,75,0,3027.16,2933.45,3286.65
18200,2021-04-18 11:47:00,3027.2,3027.2,3027.15,3027.15,75,0,3027.16,2933.45,3286.65
18201,2021-04-18 11:48:00,3027.2,3027.2,3027.15,3027.15,75,0,3027.16,2933.45,3286.65
18202,2021-04-18 11:49:00,3027.2,3027.2,3027.15,3027.15,75,0,3027.16,2933.45,3286.65
18203,2021-04-18 11:50:00,3027.2,3027.2,3027.15,3027.15,75,0,3027.16,2933.45,3286.65
18204,2021-04-18 11:51:00,3027.2,3027.2,3027.15,3027.15,75,0,3027.16,2933.45,3286.65
18205,2021-04-18 11:52:00,3027.2,3027.2,3027.15,3027.15,75,0,3027.16,2933.45,3286.65
18206,2021-04-18 11:53:00,3027.2,3027.2,3027.15,3027.15,75,0,3027.16,2933.45,3286.65
18207,2021-04-18 11:54:00,3027.2,3027.2,3027.15,3027.15,75,0,3027.16,2933.45,3286.65
18208,2021-04-18 11:55:00,3027.2,3027.2,3027.15,3027.15,75,0,3027.16,2933.45,3286.65
18209,2021-04-18 11:56:00,3027.2,3027.2,3027.15,3027.15,75,0,3027.16,2933.45,3286.65
18210,2021-04-18 11:57:00,3027.2,3027.2,3027.15,3027.15,75,0,3027.16,2933.45,3286.65
18211,2021-04-18 11:58:00,3027.2,3027.2,3027.15,3027.15,75,0,3027.16,2933.45,3286.65
18212,2021-04-18 11:59:00,3027.2,3027.2,3027.15,3027.15,75,0,3027.16,2933.45,3286.65
18213,2021-04-18 12:00:00,3027.2,3027.2,3027.15,3027.15,75,0,3027.16,2933.45,3286.65
18214,2021-04-18 12:01:00,3027.2,3027.2,3027.15,3027.15,75,0,3027.16,2933.45,3286.65
18215,2021-04-18 12:02:00,3027.2,3027.2,3027.15,3027.15,75,0,3027.16,2933.45,3286.65
18216,2021-04-18 12:03:00,3027.2,3027.2,3027.15,3027.15,75,0,3027.16,2933.45,3286.65
18217,2021-04-18 12:04:00,3027.2,3027.2,3027.15,3027.15,75,0,3027.16,2933.45,3286.65
18218,2021-04-18 12:05:00,3027.2,3027.2,3027.15,3027.15,75,0,3027.16,2933.45,3286.65
18219,2021-04-18 12:06:00,3027.2,3027.2,3027.15,3027.15,75,0,3027.16,2933.45,3286.65
18220,2021-04-18 12:07:00,3027.2,3027.2,3027.15,3027.15,75,0,3027.16,2933.45,3286.65
18221,2021-04-18 12:08:00,3027.2,3027.2,3027.15,3027.15,75,0,3027.16,2933.45,3286.65
18222,2021-04-18 12:09:00,3027.2,3027.2,3027.15,3027.15,75,0,3027.16,2933.45,3286.65
18223,2021-04-18 12:10:00,3027.2,3027.2,3027.15,3027.15,75,0,3027.16,2933.45,3286.65
18224,2021-04-18 12:11:00,3027.2,3027.2,3027.15,3027.15,75,0,3027.16,2933.45,3286.65
18225,2021-04-18 12:12:00,3027.2,3027.2,3027.15,3027.15,75,0,3027.16,2933.45,3286.65
18226,2021-04-18 12:13:00,3027.2,3027.2,3027.15,3027.15,75,0,3027.16,2933.45,3286.65
18227,2021-04-18 12:14:00,3027.2,3027.2,3027.15,3027.15,75,0,3027.16,2933.45,3286.65
18228,2021-04-18 12:15:00,3027.2,3027.2,3027.15,3027.15,75,0,3027.16,2933.45,3286.65
18229,2021-04-18 12:16:00,3027.2,3027.2,3027.15,3027.15,75,0,3027.16,2933.45,3286.65
18230,2021-04-18 12:17:00,3027.2,3027.2,3027.15,3027.15,75,0,3027.16,2933.45,3286.65
18231,2021-04-18 12:18:00,3027.2,3027.2,3027.15,3027.15,75,0,3027.16,2933.45,3286.65
18232,2021-04-18 12:19:00,3027.2,3027.2,3027.15,3027.15,75,0,3027.16,2933.45,3286.65
18233,2021-04-18 12:20:00,3027.2,3027.2,3027.15,3027.15,75,0,3027.16,2933.45,3286.65
18234,2021-04-18 12:21:00,3027.2,3027.2,3027.15,3027.15,75,0,3027.16,2933.45,3286.65
18235,2021-04-18 12:22:00,3027.2,3027.2,3027.15,3027.15,75,0,3027.16,2933.45,3286.65
18236,2021-04-18 12:23:00,3027.2,3027.2,3027.15,3027.15,75,0,3027.16,2933.45,3286.65
18237,2021-04-18 12:24:00,3027.2,3027.2,3027.15,3027.15,75,0,3027.16,2933.45,3286.65
18238,2021-04-18 12:25:00,3027.2,3027.2,3027.15,3027.15,75,0,3027.16,2933.45,3286.65
18239,2021-04-18 12:26:00,3027.2,3027.2,3027.15,3027.15,75,0,3027.16,2933.45,3286.65
18240,2021-04-18 12:27:00,3027.2,3027.2,3027.15,3027.15,75,0,3027.16,2933.45,3286.65
18241,2021-04-18 12:28:00,3027.2,3027.2,3027.15,3027.15,75,0,3027.16,2933.45,3286.65
18242,2021-04-18 12:29:00,3027.2,3027.2,3027.15,3027.15,75,0,3027.16,2933.45,3286.65
18243,2021-04-18 12:30:00,3027.2,3027.2,3027.15,3027.15,75,0,3027.16,2933.45,3286.65
18244,2021-04-18 12:31:00,3027.2,3027.2,3027.15,3027.15,75,0,3027.16,2933.45,3286.65
18245,2021-04-18 12:32:00,3027.2,3027.2,3027.15,3027.15,75,0,3027.16,2933.45,3286.65
18246,2021-04-18 12:33:00,3027.2,3027.2,3027.15,3027.15,75,0,3027.16,2933.45,3286.65
18247,2021-04-18 12:34:00,3027.2,3027.2,3027.15,3027.15,75,0,3027.16,2933.45,3286.65
18248,2021-04-18 12:35:00,3027.2,3027.2,3027.15,3027.15,75,0,3027.16,2933.45,3286.65
18249,2021-04-18 12:36:00,3027.2,3027.2,3027.15,3027.15,75,0,3027.16,2933.45,3286.65
18250,2021-04-18 12:37:00,3027.2,3027.2,3027.15,3027.15,75,0,3027.16,2933.45,3286.65
18251,2021-04-18 12:38:00,3027.2,3027.2,3027.15,3027.15,75,0,3027.16,2933.45,3286.65
18252,2021-04-18 12:39:00,3027.2,3027.2,3027.15,3027.15,75,0,3027.16,2933.45,3286.65
18253,2021-04-18 12:40:00,3027.2,3027.2,3027.15,3027.15,75,0,3027.16,2933.45,3286.65
18254,2021-04-18 12:41:00,3027.2,3027.2,3027.15,3027.15,75,0,3027.16,2933.45,3286.65
18255,2021-04-18 12:42:00,3027.2,3027.2,3027.15,3027.15,75,0,3027.16,2933.45,3286.65
18256,2021-04-18 12:43:00,3027.2,3027.2,3027.15,3027.15,75,0,3027.16,2933.45,3286.65
18257,2021-04-18 12:44:00,3027.2,3027.2,3027.15,3027.15,75,0,3027.16,2933.45,3286.65
18258,2021-04-18 12:45:00,3027.2,3027.2,3027.15,3027.15,75,0,3027.16,2933.45,3286.65
18259,2021-04-18 12:46:00,3027.2,3027.2,3027.15,3027.15,75,0,3027.16,2933.45,3286.65
18260,2021-04-18 12:47:00,3027.2,3027.2,3027.15,3027.15,75,0,3027.16,2933.45,3286.65
18261,2021-04-18 12:48:00,3027.2,3027.2,3027.15,3027.15,75,0,3027.16,2933.45,3286.65
18262,2021-04-18 12:49:00,3027.2,3027.2,3027.15,3027.15,75,0,3027.16,2933.45,3286.65
18263,2021-04-18 12:50:00,3027.2,3027.2,3027.15,3027.15,75,0,3027.16,2933.45,3286.65
18264,2021-04-18 12:51:00,3027.2,3027.2,3027.15,3027.15,75,0,3027.16,2933.45,3286.65
18265,2021-04-18 12:52:00,3027.2,3027.2,3027.15,3027.15,75,0,3027.16,2933.45,3286.65
18266,2021-04-18 12:53:00,3027.2,3027.2,3027.15,3027.15,75,0,3027.16,2933.45,3286.65
18267,2021-04-18 12:54:00,3027.2,3027.2,3027.15,3027.15,75,0,3027.16,2933.45,3286.65
18268,2021-04-18 12:55:00,3027.2,3027.2,3027.15,3027.15,75,0,3027.16,2933.45,3286.65
18269,2021-04-18 12:56:00,3027.2,3027.2,3027.15,3027.15,75,0,3027.16,2933.45,3286.65
18270,2021-04-18 12:57:00,3027.2,3027.2,3027.15,3027.15,75,0,3027.16,2933.45,3286.65
18271,2021-04-18 12:58:00,3027.2,3027.2,3027.15,3027.15,75,0,3027.16,2933.45,3286.65
18272,2021-04-18 12:59:00,3027.2,3027.2,3027.15,3027.15,75,0,3027.16,2933.45,3286.65
18273,2021-04-18 13:00:00,3027.2,3027.2,3027.15,3027.15,75,0,3027.16,2933.45,3286.65
18274,2021-04-18 13:01:00,3027.2,3027.2,3027.15,3027.15,75,0,3027.16,2933.45,3286.65
18275,2021-04-18 13:02:00,3027.2,3027.2,3027.15,3027.15,75,0,3027.16,2933.45,3286.65
18276,2021-04-18 13:03:00,3027.2,3027.2,3027.15,3027.15,75,0,3027.16,2933.45,3286.65
18277,2021-04-18 13:04:00,3027.2,3027.2,3027.15,3027.15,75,0,3027.16,2933.45,3286.65
18278,2021-04-18 13:05:00,3027.2,3027.2,3027.15,3027.15,75,0,3027.16,2933.45,3286.65
18279,2021-04-18 13:06:00,3027.2,3027.2,3027.15,3027.15,75,0,3027.16,2933.45,3286.65
18280,2021-04-18 13:07:00,3027.2,3027.2,3027.15,3027.15,75,0,3027.16,2933.45,3286.65
18281,2021-04-18 13:08:00,3027.2,3027.2,3027.15,3027.15,75,0,3027.16,2933.45,3286.65
18282,2021-04-18 13:09:00,3027.2,3027.2,3027.15,3027.15,75,0,3027.16,2933.45,3286.65
18283,2021-04-18 13:10:00,3027.2,3027.2,3027.15,3027.15,75,0,3027.16,2933.45,3286.65
18284,2021-04-18 13:11:00,3027.2,3027.2,3027.15,3027.15,75,0,3027.16,2933.45,3286.65
18285,2021-04-18 13:12:00,3027.2,3027.2,3027.15,3027.15,75,0,3027.16,2933.45,3286.65
18286,2021-04-18 13:13:00,3027.2,3027.2,3027.15,3027.15,75,0,3027.16,2933.45,3286.65
18287,2021-04-18 13:14:00,3027.2,3027.2,3027.15,3027.15,75,0,3027.16,2933.45,3286.65
18288,2021-04-18 13:15:00,3027.2,3027.2,3027.15,3027.15,75,0,3027.16,2933.45,3286.65
18289,2021-04-18 13:16:00,3027.2,3027.2,3027.15,3027.15,75,0,3027.16,2933.45,3286.65
18290,2021-04-18 13:17:00,3027.2,3027.2,3027.15,3027.15,75,0,3027.16,2933.45,3286.65
18291,2021-04-18 13:18:00,3027.2,3027.2,3027.15,3027.15,75,0,3027.16,2933.45,3286.65
18292,2021-04-18 13:19:00,3027.2,3027.2,3027.15,3027.15,75,0,3027.16,2933.45,3286.65
18293,2021-04-18 13:20:00,3027.2,3027.2,3027.15,3027.15,75,0,3027.16,2933.45,3286.65
18294,2021-04-18 13:21:00,3027.2,3027.2,3027.15,3027.15,75,0,3027.16,2933.45,3286.65
18295,2021-04-18 13:22:00,3027.2,3027.2,3027.15,3027.15,75,0,3027.16,2933.45,3286.65
18296,2021-04-18 13:23:00,3027.2,3027.2,3027.15,3027.15,75,0,3027.16,2933.45,3286.65
18297,2021-04-18 13:24:00,3027.2,3027.2,3027.15,3027.15,75,0,3027.16,2933.45,3286.65
18298,2021-04-18 13:25:00,3027.2,3027.2,3027.15,3027.15,75,0,3027.16,2933.45,3286.65
18299,2021-04-18 13:26:00,3027.2,3027.2,3027.15,3027.15,75,0,3027.16,2933.45,3286.65
18300,2021-04-18 13:27:00,3027.2,3027.2,3027.15,3027.15,75,0,3027.16,2933.45,3286.65
18301,2021-04-18 13:28:00,3027.2,3027.2,3027.15,3027.15,75,0,3027.16,2933.45,3286.65
18302,2021-04-18 13:29:00,3027.2,3027.2,3027.15,3027.15,75,0,3027.16,2933.45,3286.65
18303,2021-04-18 13:30:00,3027.2,3027.2,3027.15,3027.15,75,0,3027.16,2933.45,3286.65
18304,2021-04-18 13:31:00,3027.2,3027.2,3027.15,3027.15,75,0,3027.16,2933.45,3286.65
18305,2021-04-18 13:32:00,3027.2,3027.2,3027.15,3027.15,75,0,3027.16,2933.45,3286.65
18306,2021-04-18 13:33:00,3027.2,3027.2,3027.15,3027.15,75,0,3027.16,2933.45,3286.65
18307,2021-04-18 13:34:00,3027.2,3027.2,3027.15,3027.15,75,0,3027.16,2933.45,3286.65
18308,2021-04-18 13:35:00,3027.2,3027.2,3027.15,3027.15,75,0,3027.16,2933.45,3286.65
18309,2021-04-18 13:36:00,3027.2,3027.2,3027.15,3027.15,75,0,3027.16,2933.45,3286.65
18310,2021-04-18 13:37:00,3027.2,3027.2,3027.15,3027.15,75,0,3027.16,2933.45,3286.65
18311,2021-04-18 13:38:00,3027.2,3027.2,3027.15,3027.15,75,0,3027.16,2933.45,3286.65
18312,2021-04-18 13:39:00,3027.2,3027.2,3027.15,3027.15,75,0,3027.16,2933.45,3286.65
18313,2021-04-18 13:40:00,3027.2,3027.2,3027.15,3027.15,75,0,3027.16,2933.45,3286.65
18314,2021-04-18 13:41:00,3027.2,3027.2,3027.15,3027.15,75,0,3027.16,2933.45,3286.65
18315,2021-04-18 13:42:00,3027.2,3027.2,3027.15,3027.15,75,0,3027.16,2933.45,3286.65
18316,2021-04-18 13:43:00,3027.2,3027.2,3027.15,3027.15,75,0,3027.16,2933.45,3286.65
18317,2021-04-18 13:44:00,3027.2,3027.2,3027.15,3027.15,75,0,3027.16,2933.45,3286.65
18318,2021-04-18 13:45:00,3027.2,3027.2,3027.15,3027.15,75,0,3027.16,2933.45,3286.65
18319,2021-04-18 13:46:00,3027.2,3027.2,3027.15,3027.15,75,0,3027.16,2933.45,3286.65
18320,2021-04-18 13:47:00,3027.2,3027.2,3027.15,3027.15,75,0,3027.16,2933.45,3286.65
18321,2021-04-18 13:48:00,3027.2,3027.2,3027.15,3027.15,75,0,3027.16,2933.45,3286.65
18322,2021-04-18 13:49:00,3027.2,3027.2,3027.15,3027.15,75,0,3027.16,2933.45,3286.65
18323,2021-04-18 13:50:00,3027.2,3027.2,3027.15,3027.15,75,0,3027.16,2933.45,3286.65
18324,2021-04-18 13:51:00,3027.2,3027.2,3027.15,3027.15,75,0,3027.16,2933.45,3286.65
18325,2021-04-18 13:52:00,3027.2,3027.2,3027.15,3027.15,75,0,3027.16,2933.45,3286.65
18326,2021-04-18 13:53:00,3027.2,3027.2,3027.15,3027.15,75,0,3027.16,2933.45,3286.65
18327,2021-04-18 13:54:00,3027.2,3027.2,3027.15,3027.15,75,0,3027.16,2933.45,3286.65
18328,2021-04-18 13:55:00,3027.2,3027.2,3027.15,3027.15,75,0,3027.16,2933.45,3286.65
18329,2021-04-18 13:56:00,3027.2,3027.2,3027.15,3027.15,75,0,3027.16,2933.45,3286.65
18330,2021-04-18 13:57:00,3027.2,3027.2,3027.15,3027.15,75,0,3027.16,2933.45,3286.65
18331,2021-04-18 13:58:00,3027.2,3027.2,3027.15,3027.15,75,0,3027.16,2933.45,3286.65
18332,2021-04-18 13:59:00,3027.2,3027.2,3027.15,3027.15,75,0,3027.16,2933.45,3286.65
18333,2021-04-18 14:00:00,3027.2,3027.2,3027.15,3027.15,75,0,3027.16,2933.45,3286.65
18334,2021-04-18 14:01:00,3027.2,3027.2,3027.15,3027.15,75,0,3027.16,2933.45,3286.65
18335,2021-04-18 14:02:00,3027.2,3027.2,3027.15,3027.15,75,0,3027.16,2933.45,3286.65
18336,2021-04-18 14:03:00,3027.2,3027.2,3027.15,3027.15,75,0,3027.16,2933.45,3286.65
18337,2021-04-18 14:04:00,3027.2,3027.2,3027.15,3027.15,75,0,3027.16,2933.45,3286.65
18338,2021-04-18 14:05:00,3027.2,3027.2,3027.15,3027.15,75,0,3027.16,2933.45,3286.65
18339,2021-04-18 14:06:00,3027.2,3027.2,3027.15,3027.15,75,0,3027.16,2933.45,3286.65
18340,2021-04-18 14:07:00,3027.2,3027.2,3027.15,3027.15,75,0,3027.16,2933.45,3286.65
18341,2021-04-18 14:08:00,3027.2,3027.2,3027.15,3027.15,75,0,3027.16,2933.45,3286.65
18342,2021-04-18 14:09:00,3027.2,3027.2,3027.15,3027.15,75,0,3027.16,2933.45,3286.65
18343,2021-04-18 14:10:00,3027.2,3027.2,3027.15,3027.15,75,0,3027.16,2933.45,3286.65
18344,2021-04-18 14:11:00,3027.2,3027.2,3027.15,3027.15,75,0,3027.16,2933.45,3286.65
18345,2021-04-18 14:12:00,3027.2,3027.2,3027.15,3027.15,75,0,3027.16,2933.45,3286.65
18346,2021-04-18 14:13:00,3027.2,3027.2,3027.15,3027.15,75,0,3027.16,2933.45,3286.65
18347,2021-04-18 14:14:00,3027.2,3027.2,3027.15,3027.15,75,0,3027.16,2933.45,3286.65
18348,2021-04-18 14:15:00,3027.2,3027.2,3027.15,3027.15,75,0,3027.16,2933.45,3286.65
18349,2021-04-18 14:16:00,3027.2,3027.2,3027.15,3027.15,75,0,3027.16,2933.45,3286.65
18350,2021-04-18 14:17:00,3027.2,3027.2,3027.15,3027.15,75,0,3027.16,2933.45,3286.65
18351,2021-04-18 14:18:00,3027.2,3027.2,3027.15,3027.15,75,0,3027.16,2933.45,3286.65
18352,2021-04-18 14:19:00,3027.2,3027.2,3027.15,3027.15,75,0,3027.16,2933.45,3286.65
18353,2021-04-18 14:20:00,3027.2,3027.2,3027.15,3027.15,75,0,3027.16,2933.45,3286.65
18354,2021-04-18 14:21:00,3027.2,3027.2,3027.15,3027.15,75,0,3027.16,2933.45,3286.65
18355,2021-04-18 14:22:00,3027.2,3027.2,3027.15,3027.15,75,0,3027.16,2933.45,3286.65
18356,2021-04-18 14:23:00,3027.2,3027.2,3027.15,3027.15,75,0,3027.16,2933.45,3286.65
18357,2021-04-18 14:24:00,3027.2,3027.2,3027.15,3027.15,75,0,3027.16,2933.45,3286.65
18358,2021-04-18 14:25:00,3027.2,3027.2,3027.15,3027.15,75,0,3027.16,2933.45,3286.65
18359,2021-04-18 14:26:00,3027.2,3027.2,3027.15,3027.15,75,0,3027.16,2933.45,3286.65
18360,2021-04-18 14:27:00,3027.2,3027.2,3027.15,3027.15,75,0,3027.16,2933.45,3286.65
18361,2021-04-18 14:28:00,3027.2,3027.2,3027.15,3027.15,75,0,3027.16,2933.45,3286.65
18362,2021-04-18 14:29:00,3027.2,3027.2,3027.15,3027.15,75,0,3027.16,2933.45,3286.65
18363,2021-04-18 14:30:00,3027.2,3027.2,3027.15,3027.15,75,0,3027.16,2933.45,3286.65
18364,2021-04-18 14:31:00,3027.2,3027.2,3027.15,3027.15,75,0,3027.16,2933.45,3286.65
18365,2021-04-18 14:32:00,3027.2,3027.2,3027.15,3027.15,75,0,3027.16,2933.45,3286.65
18366,2021-04-18 14:33:00,3027.2,3027.2,3027.15,3027.15,75,0,3027.16,2933.45,3286.65
18367,2021-04-18 14:34:00,3027.2,3027.2,3027.15,3027.15,75,0,3027.16,2933.45,3286.65
18368,2021-04-18 14:35:00,3027.2,3027.2,3027.15,3027.15,75,0,3027.16,2933.45,3286.65
18369,2021-04-18 14:36:00,3027.2,3027.2,3027.15,3027.15,75,0,3027.16,2933.45,3286.65
18370,2021-04-18 14:37:00,3027.2,3027.2,3027.15,3027.15,75,0,3027.16,2933.45,3286.65
18371,2021-04-18 14:38:00,3027.2,3027.2,3027.15,3027.15,75,0,3027.16,2933.45,3286.65
18372,2021-04-18 14:39:00,3027.2,3027.2,3027.15,3027.15,75,0,3027.16,2933.45,3286.65
18373,2021-04-18 14:40:00,3027.2,3027.2,3027.15,3027.15,75,0,3027.16,2933.45,3286.65
18374,2021-04-18 14:41:00,3027.2,3027.2,3027.15,3027.15,75,0,3027.16,2933.45,3286.65
18375,2021-04-18 14:42:00,3027.2,3027.2,3027.15,3027.15,75,0,3027.16,2933.45,3286.65
18376,2021-04-18 14:43:00,3027.2,3027.2,3027.15,3027.15,75,0,3027.16,2933.45,3286.65
18377,2021-04-18 14:44:00,3027.2,3027.2,3027.15,3027.15,75,0,3027.16,2933.45,3286.65
18378,2021-04-18 14:45:00,3027.2,3027.2,3027.15,3027.15,75,0,3027.16,2933.45,3286.65
18379,2021-04-18 14:46:00,3027.2,3027.2,3027.15,3027.15,75,0,3027.16,2933.45,3286.65
18380,2021-04-18 14:47:00,3027.2,3027.2,3027.15,3027.15,75,0,3027.16,2933.45,3286.65
18381,2021-04-18 14:48:00,3027.2,3027.2,3027.15,3027.15,75,0,3027.16,2933.45,3286.65
18382,2021-04-18 14:49:00,3027.2,3027.2,3027.15,3027.15,75,0,3027.16,2933.45,3286.65
18383,2021-04-18 14:50:00,3027.2,3027.2,3027.15,3027.15,75,0,3027.16,2933.45,3286.65
18384,2021-04-18 14:51:00,3027.2,3027.2,3027.15,3027.15,75,0,3027.16,2933.45,3286.65
18385,2021-04-18 14:52:00,3027.2,3027.2,3027.15,3027.15,75,0,3027.16,2933.45,3286.65
18386,2021-04-18 14:53:00,3027.2,3027.2,3027.15,3027.15,75,0,3027.16,2933.45,3286.65
18387,2021-04-18 14:54:00,3027.2,3027.2,3027.15,3027.15,75,0,3027.16,2933.45,3286.65
18388,2021-04-18 14:55:00,3027.2,3027.2,3027.15,3027.15,75,0,3027.16,2933.45,3286.65
18389,2021-04-18 14:56:00,3027.2,3027.2,3027.15,3027.15,75,0,3027.16,2933.45,3286.65
18390,2021-04-18 14:57:00,3027.2,3027.2,3027.15,3027.15,75,0,3027.16,2933.45,3286.65
18391,2021-04-18 14:58:00,3027.2,3027.2,3027.15,3027.15,75,0,3027.16,2933.45,3286.65
18392,2021-04-18 14:59:00,3027.2,3027.2,3027.15,3027.15,75,0,3027.16,2933.45,3286.65
18393,2021-04-18 15:00:00,3027.2,3027.2,3027.15,3027.15,75,0,3027.16,2933.45,3286.65
18394,2021-04-18 15:01:00,3027.2,3027.2,3027.15,3027.15,75,0,3027.16,2933.45,3286.65
18395,2021-04-18 15:02:00,3027.2,3027.2,3027.15,3027.15,75,0,3027.16,2933.45,3286.65
18396,2021-04-18 15:03:00,3027.2,3027.2,3027.15,3027.15,75,0,3027.16,2933.45,3286.65
18397,2021-04-18 15:04:00,3027.2,3027.2,3027.15,3027.15,75,0,3027.16,2933.45,3286.65
18398,2021-04-18 15:05:00,3027.2,3027.2,3027.15,3027.15,75,0,3027.16,2933.45,3286.65
18399,2021-04-18 15:06:00,3027.2,3027.2,3027.15,3027.15,75,0,3027.16,2933.45,3286.65
18400,2021-04-18 15:07:00,3027.2,3027.2,3027.15,3027.15,75,0,3027.16,2933.45,3286.65
18401,2021-04-18 15:08:00,3027.2,3027.2,3027.15,3027.15,75,0,3027.16,2933.45,3286.65
18402,2021-04-18 15:09:00,3027.2,3027.2,3027.15,3027.15,75,0,3027.16,2933.45,3286.65
18403,2021-04-18 15:10:00,3027.2,3027.2,3027.15,3027.15,75,0,3027.16,2933.45,3286.65
18404,2021-04-18 15:11:00,3027.2,3027.2,3027.15,3027.15,75,0,3027.16,2933.45,3286.65
18405,2021-04-18 15:12:00,3027.2,3027.2,3027.15,3027.15,75,0,3027.16,2933.45,3286.65
18406,2021-04-18 15:13:00,3027.2,3027.2,3027.15,3027.15,75,0,3027.16,2933.45,3286.65
18407,2021-04-18 15:14:00,3027.2,3027.2,3027.15,3027.15,75,0,3027.16,2933.45,3286.65
18408,2021-04-18 15:15:00,3027.2,3027.2,3027.15,3027.15,75,0,3027.16,2933.45,3286.65
18409,2021-04-18 15:16:00,3027.2,3027.2,3027.15,3027.15,75,0,3027.16,2933.45,3286.65
18410,2021-04-18 15:17:00,3027.2,3027.2,3027.15,3027.15,75,0,3027.16,2933.45,3286.65
18411,2021-04-18 15:18:00,3027.2,3027.2,3027.15,3027.15,75,0,3027.16,2933.45,3286.65
18412,2021-04-18 15:19:00,3027.2,3027.2,3027.15,3027.15,75,0,3027.16,2933.45,3286.65
18413,2021-04-18 15:20:00,3027.2,3027.2,3027.15,3027.15,75,0,3027.16,2933.45,3286.65
18414,2021-04-18 15:21:00,3027.2,3027.2,3027.15,3027.15,75,0,3027.16,2933.45,3286.65
18415,2021-04-18 15:22:00,3027.2,3027.2,3027.15,3027.15,75,0,3027.16,2933.45,3286.65
18416,2021-04-18 15:23:00,3027.2,3027.2,3027.15,3027.15,75,0,3027.16,2933.45,3286.65
18417,2021-04-18 15:24:00,3027.2,3027.2,3027.15,3027.15,75,0,3027.16,2933.45,3286.65
18418,2021-04-18 15:25:00,3027.2,3027.2,3027.15,3027.15,75,0,3027.16,2933.45,3286.65
18419,2021-04-18 15:26:00,3027.2,3027.2,3027.15,3027.15,75,0,3027.16,2933.45,3286.65
18420,2021-04-18 15:27:00,3027.2,3027.2,3027.15,3027.15,75,0,3027.16,2933.45,3286.65
18421,2021-04-18 15:28:00,3027.2,3027.2,3027.15,3027.15,75,0,3027.16,2933.45,3286.65
18422,2021-04-18 15:29:00,3027.2,3027.2,3027.15,3027.15,75,0,3027.16,2933.45,3286.65
18423,2021-04-18 15:30:00,3027.2,3027.2,3027.15,3027.15,75,0,3027.16,2933.45,3286.65
18424,2021-04-19 09:15:00,3027.2,3027.2,3027.15,3027.15,75,0,3027.16,2933.45,3286.65
18425,2021-04-19 09:16:00,3027.2,3027.2,3027.15,3027.15,75,0,3027.16,2933.45,3286.65
18426,2021-04-19 09:17:00,3027.2,3027.2,3027.15,3027.15,75,0,3027.16,2933.45,3286.65
18427,2021-04-19 09:18:00,3027.2,3027.2,3027.15,3027.15,75,0,3027.16,2933.45,3286.65
18428,2021-04-19 09:19:00,3027.2,3027.2,3027.15,3027.15,75,0,3027.16,2933.45,3286.65
18429,2021-04-19 09:20:00,3027.2,3027.2,3027.15,3027.15,75,0,3027.16,2933.45,3286.65
18430,2021-04-19 09:21:00,3027.2,3027.2,3027.15,3027.15,75,0,3027.16,2933.45,3286.65
18431,2021-04-19 09:22:00,3027.2,3027.2,3027.15,3027.15,75,0,3027.16,2933.45,3286.65
18432,2021-04-19 09:23:00,3027.2,3027.2,3027.15,3027.15,75,0,3027.16,2933.45,3286.65
18433,2021-04-19 09:24:00,3027.2,3027.2,3027.15,3027.15,75,0,3027.16,2933.45,3286.65
18434,2021-04-19 09:25:00,3027.2,3027.2,3027.15,3027.15,75,0,3027.16,2933.45,3286.65
18435,2021-04-19 09:26:00,3027.2,3027.2,3027.15,3027.15,75,0,3027.16,2933.45,3286.65
18436,2021-04-19 09:27:00,3027.2,3027.2,3027.15,3027.15,75,0,3027.16,2933.45,3286.65
18437,2021-04-19 09:28:00,3027.2,3027.2,3027.15,3027.15,75,0,3027.16,2933.45,3286.65
18438,2021-04-19 09:29:00,3027.2,3027.2,3027.15,3027.15,75,0,3027.16,2933.45,3286.65
18439,2021-04-19 09:30:00,3027.2,3027.2,3027.15,3027.15,75,0,3027.16,2933.45,3286.65
18440,2021-04-19 09:31:00,3027.2,3027.2,3027.15,3027.15,75,0,3027.16,2933.45,3286.65
18441,2021-04-19 09:32:00,3027.2,3027.2,3027.15,3027.15,75,0,3027.16,2933.45,3286.65
18442,2021-04-19 09:33:00,3027.2,3027.2,3027.15,3027.15,75,0,3027.16,2933.45,3286.65
18443,2021-04-19 09:34:00,3027.2,3027.2,3027.15,3027.15,75,0,3027.16,2933.45,3286.65
18444,2021-04-19 09:35:00,3027.2,3027.2,3027.15,3027.15,75,0,3027.16,2933.45,3286.65
18445,2021-04-19 09:36:00,3027.2,3027.2,3027.15,3027.15,75,0,3027.16,2933.45,3286.65
18446,2021-04-19 09:37:00,3027.2,3027.2,3027.15,3027.15,75,0,3027.16,2933.45,3286.65
18447,2021-04-19 09:38:00,3027.2,3027.2,3027.15,3027.15,75,0,3027.16,2933.45,3286.65
18448,2021-04-19 09:39:00,3027.2,3027.2,3027.15,3027.15,75,0,3027.16,2933.45,3286.65
18449,2021-04-19 09:40:00,3027.2,3027.2,3027.15,3027.15,75,0,3027.16,2933.45,3286.65
18450,2021-04-19 09:41:00,3027.2,3027.2,3027.15,3027.15,75,0,3027.16,2933.45,3286.65
18451,2021-04-19 09:42:00,3027.2,3027.2,3027.15,3027.15,75,0,3027.16,2933.45,3286.65
18452,2021-04-19 09:43:00,3027.2,3027.2,3027.15,3027.15,75,0,3027.16,2933.45,3286.65
18453,2021-04-19 09:44:00,3027.2,3027.2,3027.15,3027.15,75,0,3027.16,2933.45,3286.65
18454,2021-04-19 09:45:00,3027.2,3027.2,3027.15,3027.15,75,0,3027.16,2933.45,3286.65
18455,2021-04-19 09:46:00,3027.2,3027.2,3027.15,3027.15,75,0,3027.16,2933.45,3286.65
18456,2021-04-19 09:47:00,3027.2,3027.2,3027.15,3027.15,75,0,3027.16,2933.45,3286.65
18457,2021-04-19 09:48:00,3027.2,3027.2,3027.15,3027.15,75,0,3027.16,2933.45,3286.65
18458,2021-04-19 09:49:00,3027.2,3027.2,3027.15,3027.15,75,0,3027.16,2933.45,3286.65
18459,2021-04-19 09:50:00,3027.2,3027.2,3027.15,3027.15,75,0,3027.16,2933.45,3286.65
18460,2021-04-19 09:51:00,3027.2,3027.2,3027.15,3027.15,75,0,3027.16,2933.45,3286.65
18461,2021-04-19 09:52:00,3027.2,3027.2,3027.15,3027.15,75,0,3027.16,2933.45,3286.65
18462,2021-04-19 09:53:00,3027.2,3027.2,3027.15,3027.15,75,0,3027.16,2933.45,3286.65
18463,2021-04-19 09:54:00,3027.2,3027.2,3027.15,3027.15,75,0,3027.16,2933.45,3286.65
18464,2021-04-19 09:55:00,3027.2,3027.2,3027.15,3027.15,75,0,3027.16,2933.45,3286.65
18465,2021-04-19 09:56:00,3027.2,3027.2,3027.15,3027.15,75,0,3027.16,2933.45,3286.65
18466,2021-04-19 09:57:00,3027.2,3027.2,3027.15,3027.15,75,0,3027.16,2933.45,3286.65
18467,2021-04-19 09:58:00,3027.2,3027.2,3027.15,3027.15,75,0,3027.16,2933.45,3286.65
18468,2021-04-19 09:59:00,3027.2,3027.2,3027.15,3027.15,75,0,3027.16,2933.45,3286.65
18469,2021-04-19 10:00:00,3027.2,3027.2,3027.15,3027.15,75,0,3027.16,2933.45,3286.65
18470,2021-04-19 10:01:00,3027.2,3027.2,3027.15,3027.15,75,0,3027.16,2933.45,3286.65
18471,2021-04-19 10:02:00,3027.2,3027.2,3027.15,3027.15,75,0,3027.16,2933.45,3286.65
18472,2021-04-19 10:03:00,3027.2,3027.2,3027.15,3027.15,75,0,3027.16,2933.45,3286.65
18473,2021-04-19 10:04:00,3027.2,3027.2,3027.15,3027.15,75,0,3027.16,2933.45,3286.65
18474,2021-04-19 10:05:00,3027.2,3027.2,3027.15,3027.15,75,0,3027.16,2933.45,3286.65
18475,2021-04-19 10:06:00,3027.2,3027.2,3027.15,3027.15,75,0,3027.16,2933.45,3286.65
18476,2021-04-19 10:07:00,3027.2,3027.2,3027.15,3027.15,75,0,3027.16,2933.45,3286.65
18477,2021-04-19 10:08:00,3027.2,3027.2,3027.15,3027.15,75,0,3027.16,2933.45,3286.65
18478,2021-04-19 10:09:00,3027.2,3027.2,3027.15,3027.15,75,0,3027.16,2933.45,3286.65
18479,2021-04-19 10:10:00,3027.2,3027.2,3027.15,3027.15,75,0,3027.16,2933.45,3286.65
18480,2021-04-19 10:11:00,3027.2,3027.2,3027.15,3027.15,75,0,3027.16,2933.45,3286.65
18481,2021-04-19 10:12:00,3027.2,3027.2,3027.15,3027.15,75,0,3027.16,2933.45,3286.65
18482,2021-04-19 10:13:00,3027.2,3027.2,3027.15,3027.15,75,0,3027.16,2933.45,3286.65
18483,2021-04-19 10:14:00,3027.2,3027.2,3027.15,3027.15,75,0,3027.16,2933.45,3286.65
18484,2021-04-19 10:15:00,3027.2,3027.2,3027.15,3027.15,75,0,3027.16,2933.45,3286.65
18485,2021-04-19 10:16:00,3027.2,3027.2,3027.15,3027.15,75,0,3027.16,2933.45,3286.65
18486,2021-04-19 10:17:00,3027.2,3027.2,3027.15,3027.15,75,0,3027.16,2933.45,3286.65
18487,2021-04-19 10:18:00,3027.2,3027.2,3027.15,3027.15,75,0,3027.16,2933.45,3286.65
18488,2021-04-19 10:19:00,3027.2,3027.2,3027.15,3027.15,75,0,3027.16,2933.45,3286.65
18489,2021-04-19 10:20:00,3027.2,3027.2,3027.15,3027.15,75,0,3027.16,2933.45,3286.65
18490,2021-04-19 10:21:00,3027.2,3027.2,3027.15,3027.15,75,0,3027.16,2933.45,3286.65
18491,2021-04-19 10:22:00,3027.2,3027.2,3027.15,3027.15,75,0,3027.16,2933.45,3286.65
18492,2021-04-19 10:23:00,3027.2,3027.2,3027.15,3027.15,75,0,3027.16,2933.45,3286.65
18493,2021-04-19 10:24:00,3027.2,3027.2,3027.15,3027.15,75,0,3027.16,2933.45,3286.65
18494,2021-04-19 10:25:00,3027.2,3027.2,3027.15,3027.15,75,0,3027.16,2933.45,3286.65
18495,2021-04-19 10:26:00,3027.2,3027.2,3027.15,3027.15,75,0,3027.16,2933.45,3286.65
18496,2021-04-19 10:27:00,3027.2,3027.2,3027.15,3027.15,75,0,3027.16,2933.45,3286.65
18497,2021-04-19 10:28:00,3027.2,3027.2,3027.15,3027.15,75,0,3027.16,2933.45,3286.65
18498,2021-04-19 10:29:00,3027.2,3027.2,3027.15,3027.15,75,0,3027.16,2933.45,3286.65
18499,2021-04-19 10:30:00,3027.2,3027.2,3027.15,3027.15,75,0,3027.16,2933.45,3286.65
18500,2021-04-19 10:31:00,3027.2,3027.2,3027.15,3027.15,75,0,3027.16,2933.45,3286.65
18501,2021-04-19 10:32:00,3027.2,3027.2,3027.15,3027.15,75,0,3027.16,2933.45,3286.65
18502,2021-04-19 10:33:00,3027.2,3027.2,3027.15,3027.15,75,0,3027.16,2933.45,3286.65
18503,2021-04-19 10:34:00,3027.2,3027.2,3027.15,3027.15,75,0,3027.16,2933.45,3286.65
18504,2021-04-19 10:35:00,3027.2,3027.2,3027.15,3027.15,75,0,3027.16,2933.45,3286.65
18505,2021-04-19 10:36:00,3027.2,3027.2,3027.15,3027.15,75,0,3027.16,2933.45,3286.65
18506,2021-04-19 10:37:00,3027.2,3027.2,3027.15,3027.15,75,0,3027.16,2933.45,3286.65
18507,2021-04-19 10:38:00,3027.2,3027.2,3027.15,3027.15,75,0,3027.16,2933.45,3286.65
18508,2021-04-19 10:39:00,3027.2,3027.2,3027.15,3027.15,75,0,3027.16,2933.45,3286.65
18509,2021-04-19 10:40:00,3027.2,3027.2,3027.15,3027.15,75,0,3027.16,2933.45,3286.65
18510,2021-04-19 10:41:00,3027.2,3027.2,3027.15,3027.15,75,0,3027.16,2933.45,3286.65
18511,2021-04-19 10:42:00,3027.2,3027.2,3027.15,3027.15,75,0,3027.16,2933.45,3286.65
18512,2021-04-19 10:43:00,3027.2,3027.2,3027.15,3027.15,75,0,3027.16,2933.45,3286.65
18513,2021-04-19 10:44:00,3027.2,3027.2,3027.15,3027.15,75,0,3027.16,2933.45,3286.65
18514,2021-04-19 10:45:00,3027.2,3027.2,3027.15,3027.15,75,0,3027.16,2933.45,3286.65
18515,2021-04-19 10:46:00,3027.2,3027.2,3027.15,3027.15,75,0,3027.16,2933.45,3286.65
18516,2021-04-19 10:47:00,3027.2,3027.2,3027.15,3027.15,75,0,3027.16,2933.45,3286.65
18517,2021-04-19 10:48:00,3027.2,3027.2,3027.15,3027.15,75,0,3027.16,2933.45,3286.65
18518,2021-04-19 10:49:00,3027.2,3027.2,3027.15,3027.15,75,0,3027.16,2933.45,3286.65
18519,2021-04-19 10:50:00,3027.2,3027.2,3027.15,3027.15,75,0,3027.16,2933.45,3286.65
18520,2021-04-19 10:51:00,3027.2,3027.2,3027.15,3027.15,75,0,3027.16,2933.45,3286.65
18521,2021-04-19 10:52:00,3027.2,3027.2,3027.15,3027.15,75,0,3027.16,2933.45,3286.65
18522,2021-04-19 10:53:00,3027.2,3027.2,3027.15,3027.15,75,0,3027.16,2933.45,3286.65
18523,2021-04-19 10:54:00,3027.2,3027.2,3027.15,3027.15,75,0,3027.16,2933.45,3286.65
18524,2021-04-19 10:55:00,3027.2,3027.2,3027.15,3027.15,75,0,3027.16,2933.45,3286.65
18525,2021-04-19 10:56:00,3027.2,3027.2,3027.15,3027.15,75,0,3027.16,2933.45,3286.65
18526,2021-04-19 10:57:00,3027.2,3027.2,3027.15,3027.15,75,0,3027.16,2933.45,3286.65
18527,2021-04-19 10:58:00,3027.2,3027.2,3027.15,3027.15,75,0,3027.16,2933.45,3286.65
18528,2021-04-19 10:59:00,3027.2,3027.2,3027.15,3027.15,75,0,3027.16,2933.45,3286.65
18529,2021-04-19 11:00:00,3027.2,3027.2,3027.15,3027.15,75,0,3027.16,2933.45,3286.65
18530,2021-04-19 11:01:00,3027.2,3027.2,3027.15,3027.15,75,0,3027.16,2933.45,3286.65
18531,2021-04-19 11:02:00,3027.2,3027.2,3027.15,3027.15,75,0,3027.16,2933.45,3286.65
18532,2021-04-19 11:03:00,3027.2,3027.2,3027.15,3027.15,75,0,3027.16,2933.45,3286.65
18533,2021-04-19 11:04:00,3027.2,3027.2,3027.15,3027.15,75,0,3027.16,2933.45,3286.65
18534,2021-04-19 11:05:00,3027.2,3027.2,3027.15,3027.15,75,0,3027.16,2933.45,3286.65
18535,2021-04-19 11:06:00,3027.2,3027.2,3027.15,3027.15,75,0,3027.16,2933.45,3286.65
18536,2021-04-19 11:07:00,3027.2,3027.2,3027.15,3027.15,75,0,3027.16,2933.45,3286.65
18537,2021-04-19 11:08:00,3027.2,3027.2,3027.15,3027.15,75,0,3027.16,2933.45,3286.65
18538,2021-04-19 11:09:00,3027.2,3027.2,3027.15,3027.15,75,0,3027.16,2933.45,3286.65
18539,2021-04-19 11:10:00,3027.2,3027.2,3027.15,3027.15,75,0,3027.16,2933.45,3286.65
18540,2021-04-19 11:11:00,3027.2,3027.2,3027.15,3027.15,75,0,3027.16,2933.45,3286.65
18541,2021-04-19 11:12:00,3027.2,3027.2,3027.15,3027.15,75,0,3027.16,2933.45,3286.65
18542,2021-04-19 11:13:00,3027.2,3027.2,3027.15,3027.15,75,0,3027.16,2933.45,3286.65
18543,2021-04-19 11:14:00,3027.2,3027.2,3027.15,3027.15,75,0,3027.16,2933.45,3286.65
18544,2021-04-19 11:15:00,3027.2,3027.2,3027.15,3027.15,75,0,3027.16,2933.45,3286.65
18545,2021-04-19 11:16:00,3027.2,3027.2,3027.15,3027.15,75,0,3027.16,2933.45,3286.65
18546,2021-04-19 11:17:00,3027.2,3027.2,3027.15,3027.15,75,0,3027.16,2933.45,3286.65
18547,2021-04-19 11:18:00,3027.2,3027.2,3027.15,3027.15,75,0,3027.16,2933.45,3286.65
18548,2021-04-19 11:19:00,3027.2,3027.2,3027.15,3027.15,75,0,3027.16,2933.45,3286.65
18549,2021-04-19 11:20:00,3027.2,3027.2,3027.15,3027.15,75,0,3027.16,2933.45,3286.65
18550,2021-04-19 11:21:00,3027.2,3027.2,3027.15,3027.15,75,0,3027.16,2933.45,3286.65
18551,2021-04-19 11:22:00,3027.2,3027.2,3027.15,3027.15,75,0,3027.16,2933.45,3286.65
18552,2021-04-19 11:23:00,3027.2,3027.2,3027.15,3027.15,75,0,3027.16,2933.45,3286.65
18553,2021-04-19 11:24:00,3027.2,3027.2,3027.15,3027.15,75,0,3027.16,2933.45,3286.65
18554,2021-04-19 11:25:00,3027.2,3027.2,3027.15,3027.15,75,0,3027.16,2933.45,3286.65
18555,2021-04-19 11:26:00,3027.2,3027.2,3027.15,3027.15,75,0,3027.16,2933.45,3286.65
18556,2021-04-19 11:27:00,3027.2,3027.2,3027.15,3027.15,75,0,3027.16,2933.45,3286.65
18557,2021-04-19 11:28:00,3027.2,3027.2,3027.15,3027.15,75,0,3027.16,2933.45,3286.65
18558,2021-04-19 11:29:00,3027.2,3027.2,3027.15,3027.15,75,0,3027.16,2933.45,3286.65
18559,2021-04-19 11:30:00,3027.2,3027.2,3027.15,3027.15,75,0,3027.16,2933.45,3286.65
18560,2021-04-19 11:31:00,3027.2,3027.2,3027.15,3027.15,75,0,3027.16,2933.45,3286.65
18561,2021-04-19 11:32:00,3027.2,3027.2,3027.15,3027.15,75,0,3027.16,2933.45,3286.65
18562,2021-04-19 11:33:00,3027.2,3027.2,3027.15,3027.15,75,0,3027.16,2933.45,3286.65
18563,2021-04-19 11:34:00,3027.2,3027.2,3027.15,3027.15,75,0,3027.16,2933.45,3286.65
18564,2021-04-19 11:35:00,3027.2,3027.2,3027.15,3027.15,75,0,3027.16,2933.45,3286.65
18565,2021-04-19 11:36:00,3027.2,3027.2,3027.15,3027.15,75,0,3027.16,2933.45,3286.65
18566,2021-04-19 11:37:00,3027.2,3027.2,3027.15,3027.15,75,0,3027.16,2933.45,3286.65
18567,2021-04-19 11:38:00,3027.2,3027.2,3027.15,3027.15,75,0,3027.16,2933.45,3286.65
18568,2021-04-19 11:39:00,3027.2,3027.2,3027.15,3027.15,75,0,3027.16,2933.45,3286.65
18569,2021-04-19 11:40:00,3027.2,3027.2,3027.15,3027.15,75,0,3027.16,2933.45,3286.65
18570,2021-04-19 11:41:00,3027.2,3027.2,3027.15,3027.15,75,0,3027.16,2933.45,3286.65
18571,2021-04-19 11:42:00,3027.2,3027.2,3027.15,3027.15,75,0,3027.16,2933.45,3286.65
18572,2021-04-19 11:43:00,3027.2,3027.2,3027.15,3027.15,75,0,3027.16,2933.45,3286.65
18573,2021-04-19 11:44:00,3027.2,3027.2,3027.15,3027.15,75,0,3027.16,2933.45,3286.65
18574,2021-04-19 11:45:00,3027.2,3027.2,3027.15,3027.15,75,0,3027.16,2933.45,3286.65
18575,2021-04-19 11:46:00,3027.2,3027.2,3027.15,3027.15,75,0,3027.16,2933.45,3286.65
18576,2021-04-19 11:47:00,3027.2,3027.2,3027.15,3027.15,75,0,3027.16,2933.45,3286.65
18577,2021-04-19 11:48:00,3027.2,3027.2,3027.15,3027.15,75,0,3027.16,2933.45,3286.65
18578,2021-04-19 11:49:00,3027.2,3027.2,3027.15,3027.15,75,0,3027.16,2933.45,3286.65
18579,2021-04-19 11:50:00,3027.2,3027.2,3027.15,3027.15,75,0,3027.16,2933.45,3286.65
18580,2021-04-19 11:51:00,3027.2,3027.2,3027.15,3027.15,75,0,3027.16,2933.45,3286.65
18581,2021-04-19 11:52:00,3027.2,3027.2,3027.15,3027.15,75,0,3027.16,2933.45,3286.65
18582,2021-04-19 11:53:00,3027.2,3027.2,3027.15,3027.15,75,0,3027.16,2933.45,3286.65
18583,2021-04-19 11:54:00,3027.2,3027.2,3027.15,3027.15,75,0,3027.16,2933.45,3286.65
18584,2021-04-19 11:55:00,3027.2,3027.2,3027.15,3027.15,75,0,3027.16,2933.45,3286.65
18585,2021-04-19 11:56:00,3027.2,3027.2,3027.15,3027.15,75,0,3027.16,2933.45,3286.65
18586,2021-04-19 11:57:00,3027.2,3027.2,3027.15,3027.15,75,0,3027.16,2933.45,3286.65
18587,2021-04-19 11:58:00,3027.2,3027.2,3027.15,3027.15,75,0,3027.16,2933.45,3286.65
18588,2021-04-19 11:59:00,3027.2,3027.2,3027.15,3027.15,75,0,3027.16,2933.45,3286.65
18589,2021-04-19 12:00:00,3027.2,3027.2,3027.15,3027.15,75,0,3027.16,2933.45,3286.65
18590,2021-04-19 12:01:00,3027.2,3027.2,3027.15,3027.15,75,0,3027.16,2933.45,3286.65
18591,2021-04-19 12:02:00,3027.2,3027.2,3027.15,3027.15,75,0,3027.16,2933.45,3286.65
18592,2021-04-19 12:03:00,3027.2,3027.2,3027.15,3027.15,75,0,3027.16,2933.45,3286.65
18593,2021-04-19 12:04:00,3027.2,3027.2,3027.15,3027.15,75,0,3027.16,2933.45,3286.65
18594,2021-04-19 12:05:00,3027.2,3027.2,3027.15,3027.15,75,0,3027.16,2933.45,3286.65
18595,2021-04-19 12:06:00,3027.2,3027.2,3027.15,3027.15,75,0,3027.16,2933.45,3286.65
18596,2021-04-19 12:07:00,3027.2,3027.2,3027.15,3027.15,75,0,3027.16,2933.45,3286.65
18597,2021-04-19 12:08:00,3027.2,3027.2,3027.15,3027.15,75,0,3027.16,2933.45,3286.65
18598,2021-04-19 12:09:00,3027.2,3027.2,3027.15,3027.15,75,0,3027.16,2933.45,3286.65
18599,2021-04-19 12:10:00,3027.2,3027.2,3027.15,3027.15,75,0,3027.16,2933.45,3286.65
18600,2021-04-19 12:11:00,3027.2,3027.2,3027.15,3027.15,75,0,3027.16,2933.45,3286.65
18601,2021-04-19 12:12:00,3027.2,3027.2,3027.15,3027.15,75,0,3027.16,2933.45,3286.65
18602,2021-04-19 12:13:00,3027.2,3027.2,3027.15,3027.15,75,0,3027.16,2933.45,3286.65
18603,2021-04-19 12:14:00,3027.2,3027.2,3027.15,3027.15,75,0,3027.16,2933.45,3286.65
18604,2021-04-19 12:15:00,3027.2,3027.2,3027.15,3027.15,75,0,3027.16,2933.45,3286.65
18605,2021-04-19 12:16:00,3027.2,3027.2,3027.15,3027.15,75,0,3027.16,2933.45,3286.65
18606,2021-04-19 12:17:00,3027.2,3027.2,3027.15,3027.15,75,0,3027.16,2933.45,3286.65
18607,2021-04-19 12:18:00,3027.2,3027.2,3027.15,3027.15,75,0,3027.16,2933.45,3286.65
18608,2021-04-19 12:19:00,3027.2,3027.2,3027.15,3027.15,75,0,3027.16,2933.45,3286.65
18609,2021-04-19 12:20:00,3027.2,3027.2,3027.15,3027.15,75,0,3027.16,2933.45,3286.65
18610,2021-04-19 12:21:00,3027.2,3027.2,3027.15,3027.15,75,0,3027.16,2933.45,3286.65
18611,2021-04-19 12:22:00,3027.2,3027.2,3027.15,3027.15,75,0,3027.16,2933.45,3286.65
18612,2021-04-19 12:23:00,3027.2,3027.2,3027.15,3027.15,75,0,3027.16,2933.45,3286.65
18613,2021-04-19 12:24:00,3027.2,3027.2,3027.15,3027.15,75,0,3027.16,2933.45,3286.65
18614,2021-04-19 12:25:00,3027.2,3027.2,3027.15,3027.15,75,0,3027.16,2933.45,3286.65
18615,2021-04-19 12:26:00,3027.2,3027.2,3027.15,3027.15,75,0,3027.16,2933.45,3286.65
18616,2021-04-19 12:27:00,3027.2,3027.2,3027.15,3027.15,75,0,3027.16,2933.45,3286.65
18617,2021-04-19 12:28:00,3027.2,3027.2,3027.15,3027.15,75,0,3027.16,2933.45,3286.65
18618,2021-04-19 12:29:00,3027.2,3027.2,3027.15,3027.15,75,0,3027.16,2933.45,3286.65
18619,2021-04-19 12:30:00,3027.2,3027.2,3027.15,3027.15,75,0,3027.16,2933.45,3286.65
18620,2021-04-19 12:31:00,3027.2,3027.2,3027.15,3027.15,75,0,3027.16,2933.45,3286.65
18621,2021-04-19 12:32:00,3027.2,3027.2,3027.15,3027.15,75,0,3027.16,2933.45,3286.65
18622,2021-04-19 12:33:00,3027.2,3027.2,3027.15,3027.15,75,0,3027.16,2933.45,3286.65
18623,2021-04-19 12:34:00,3027.2,3027.2,3027.15,3027.15,75,0,3027.16,2933.45,3286.65
18624,2021-04-19 12:35:00,3027.2,3027.2,3027.15,3027.15,75,0,3027.16,2933.45,3286.65
18625,2021-04-19 12:36:00,3027.2,3027.2,3027.15,3027.15,75,0,3027.16,2933.45,3286.65
18626,2021-04-19 12:37:00,3027.2,3027.2,3027.15,3027.15,75,0,3027.16,2933.45,3286.65
18627,2021-04-19 12:38:00,3027.2,3027.2,3027.15,3027.15,75,0,3027.16,2933.45,3286.65
18628,2021-04-19 12:39:00,3027.2,3027.2,3027.15,3027.15,75,0,3027.16,2933.45,3286.65
18629,2021-04-19 12:40:00,3027.2,3027.2,3027.15,3027.15,75,0,3027.16,2933.45,3286.65
18630,2021-04-19 12:41:00,3027.2,3027.2,3027.15,3027.15,75,0,3027.16,2933.45,3286.65
18631,2021-04-19 12:42:00,3027.2,3027.2,3027.15,3027.15,75,0,3027.16,2933.45,3286.65
18632,2021-04-19 12:43:00,3027.2,3027.2,3027.15,3027.15,75,0,3027.16,2933.45,3286.65
18633,2021-04-19 12:44:00,3027.2,3027.2,3027.15,3027.15,75,0,3027.16,2933.45,3286.65
18634,2021-04-19 12:45:00,3027.2,3027.2,3027.15,3027.15,75,0,3027.16,2933.45,3286.65
18635,2021-04-19 12:46:00,3027.2,3027.2,3027.15,3027.15,75,0,3027.16,2933.45,3286.65
18636,2021-04-19 12:47:00,3027.2,3027.2,3027.15,3027.15,75,0,3027.16,2933.45,3286.65
18637,2021-04-19 12:48:00,3027.2,3027.2,3027.15,3027.15,75,0,3027.16,2933.45,3286.65
18638,2021-04-19 12:49:00,3027.2,3027.2,3027.15,3027.15,75,0,3027.16,2933.45,3286.65
18639,2021-04-19 12:50:00,3027.2,3027.2,3027.15,3027.15,75,0,3027.16,2933.45,3286.65
18640,2021-04-19 12:51:00,3027.2,3027.2,3027.15,3027.15,75,0,3027.16,2933.45,3286.65
18641,2021-04-19 12:52:00,3027.2,3027.2,3027.15,3027.15,75,0,3027.16,2933.45,3286.65
18642,2021-04-19 12:53:00,3027.2,3027.2,3027.15,3027.15,75,0,3027.16,2933.45,3286.65
18643,2021-04-19 12:54:00,3027.2,3027.2,3027.15,3027.15,75,0,3027.16,2933.45,3286.65
18644,2021-04-19 12:55:00,3027.2,3027.2,3027.15,3027.15,75,0,3027.16,2933.45,3286.65
18645,2021-04-19 12:56:00,4579.6,4579.6,4579.6,4579.6,50,425,4579.6,4466.4,4771.5
18646,2021-04-19 12:57:00,4579.6,4579.6,4579.6,4579.6,50,425,4579.6,4466.4,4771.5
18647,2021-04-19 12:58:00,4579.6,4579.6,4579.6,4579.6,50,425,4579.6,4466.4,4771.5
18648,2021-04-19 12:59:00,4579.6,4579.6,4579.6,4579.6,50,425,4579.6,4466.4,4771.5
18649,2021-04-19 13:00:00,4579.6,4579.6,4579.6,4579.6,50,425,4579.6,4466.4,4771.5
18650,2021-04-19 13:01:00,4579.6,4579.6,4579.6,4579.6,50,425,4579.6,4466.4,4771.5
18651,2021-04-19 13:02:00,4579.6,4579.6,4579.6,4579.6,50,425,4579.6,4466.4,4771.5
18652,2021-04-19 13:03:00,4579.6,4579.6,4579.6,4579.6,50,425,4579.6,4466.4,4771.5
18653,2021-04-19 13:04:00,4579.6,4579.6,4579.6,4579.6,50,425,4579.6,4466.4,4771.5
18654,2021-04-19 13:05:00,4579.6,4579.6,4579.6,4579.6,50,425,4579.6,4466.4,4771.5
18655,2021-04-19 13:06:00,4579.6,4579.6,4579.6,4579.6,50,425,4579.6,4466.4,4771.5
18656,2021-04-19 13:07:00,4579.6,4579.6,4579.6,4579.6,50,425,4579.6,4466.4,4771.5
18657,2021-04-19 13:08:00,4579.6,4579.6,4579.6,4579.6,50,425,4579.6,4466.4,4771.5
18658,2021-04-19 13:09:00,4579.6,4579.6,4579.6,4579.6,50,425,4579.6,4466.4,4771.5
18659,2021-04-19 13:10:00,4579.6,4579.6,4579.6,4579.6,50,425,4579.6,4466.4,4771.5
18660,2021-04-19 13:11:00,4579.6,4579.6,4579.6,4579.6,50,425,4579.6,4466.4,4771.5
18661,2021-04-19 13:12:00,4579.6,4579.6,4579.6,4579.6,50,425,4579.6,4466.4,4771.5
18662,2021-04-19 13:13:00,4579.6,4579.6,4579.6,4579.6,50,425,4579.6,4466.4,4771.5
18663,2021-04-19 13:14:00,4579.6,4579.6,4579.6,4579.6,50,425,4579.6,4466.4,4771.5
18664,2021-04-19 13:15:00,4579.6,4579.6,4579.6,4579.6,50,425,4579.6,4466.4,4771.5
18665,2021-04-19 13:16:00,4579.6,4579.6,4579.6,4579.6,50,425,4579.6,4466.4,4771.5
18666,2021-04-19 13:17:00,4579.6,4579.6,4579.6,4579.6,50,425,4579.6,4466.4,4771.5
18667,2021-04-19 13:18:00,4579.6,4579.6,4579.6,4579.6,50,425,4579.6,4466.4,4771.5
18668,2021-04-19 13:19:00,4579.6,4579.6,4579.6,4579.6,50,425,4579.6,4466.4,4771.5
18669,2021-04-19 13:20:00,4579.6,4579.6,4579.6,4579.6,50,425,4579.6,4466.4,4771.5
18670,2021-04-19 13:21:00,4579.6,4579.6,4579.6,4579.6,50,425,4579.6,4466.4,4771.5
18671,2021-04-19 13:22:00,4579.6,4579.6,4579.6,4579.6,50,425,4579.6,4466.4,4771.5
18672,2021-04-19 13:23:00,4579.6,4579.6,4579.6,4579.6,50,425,4579.6,4466.4,4771.5
18673,2021-04-19 13:24:00,4579.6,4579.6,4579.6,4579.6,50,425,4579.6,4466.4,4771.5
18674,2021-04-19 13:25:00,4579.6,4579.6,4579.6,4579.6,50,425,4579.6,4466.4,4771.5
18675,2021-04-19 13:26:00,4579.6,4579.6,4579.6,4579.6,50,425,4579.6,4466.4,4771.5
18676,2021-04-19 13:27:00,4579.6,4579.6,4579.6,4579.6,50,425,4579.6,4466.4,4771.5
18677,2021-04-19 13:28:00,4579.6,4579.6,4579.6,4579.6,50,425,4579.6,4466.4,4771.5
18678,2021-04-19 13:29:00,4579.6,4579.6,4579.6,4579.6,50,425,4579.6,4466.4,4771.5
18679,2021-04-19 13:30:00,4579.6,4579.6,4579.6,4579.6,50,425,4579.6,4466.4,4771.5
18680,2021-04-19 13:31:00,4579.6,4579.6,4579.6,4579.6,50,425,4579.6,4466.4,4771.5
18681,2021-04-19 13:32:00,4579.6,4579.6,4579.6,4579.6,50,425,4579.6,4466.4,4771.5
18682,2021-04-19 13:33:00,4579.6,4579.6,4579.6,4579.6,50,425,4579.6,4466.4,4771.5
18683,2021-04-19 13:34:00,4579.6,4579.6,4579.6,4579.6,50,425,4579.6,4466.4,4771.5
18684,2021-04-19 13:35:00,4579.6,4579.6,4579.6,4579.6,50,425,4579.6,4466.4,4771.5
18685,2021-04-19 13:36:00,4579.6,4579.6,4579.6,4579.6,50,425,4579.6,4466.4,4771.5
18686,2021-04-19 13:37:00,4579.6,4579.6,4579.6,4579.6,50,425,4579.6,4466.4,4771.5
18687,2021-04-19 13:38:00,4579.6,4579.6,4579.6,4579.6,50,425,4579.6,4466.4,4771.5
18688,2021-04-19 13:39:00,4579.6,4579.6,4579.6,4579.6,50,425,4579.6,4466.4,4771.5
18689,2021-04-19 13:40:00,4579.6,4579.6,4579.6,4579.6,50,425,4579.6,4466.4,4771.5
18690,2021-04-19 13:41:00,4579.6,4579.6,4579.6,4579.6,50,425,4579.6,4466.4,4771.5
18691,2021-04-19 13:42:00,4579.6,4579.6,4579.6,4579.6,50,425,4579.6,4466.4,4771.5
18692,2021-04-19 13:43:00,4579.6,4579.6,4579.6,4579.6,50,425,4579.6,4466.4,4771.5
18693,2021-04-19 13:44:00,4579.6,4579.6,4579.6,4579.6,50,425,4579.6,4466.4,4771.5
18694,2021-04-19 13:45:00,4579.6,4579.6,4579.6,4579.6,50,425,4579.6,4466.4,4771.5
18695,2021-04-19 13:46:00,4579.6,4579.6,4579.6,4579.6,50,425,4579.6,4466.4,4771.5
18696,2021-04-19 13:47:00,4579.6,4579.6,4579.6,4579.6,50,425,4579.6,4466.4,4771.5
18697,2021-04-19 13:48:00,4579.6,4579.6,4579.6,4579.6,50,425,4579.6,4466.4,4771.5
18698,2021-04-19 13:49:00,4579.6,4579.6,4579.6,4579.6,50,425,4579.6,4466.4,4771.5
18699,2021-04-19 13:50:00,4579.6,4579.6,4579.6,4579.6,50,425,4579.6,4466.4,4771.5
18700,2021-04-19 13:51:00,4579.6,4579.6,4579.6,4579.6,50,425,4579.6,4466.4,4771.5
18701,2021-04-19 13:52:00,4579.6,4579.6,4579.6,4579.6,50,425,4579.6,4466.4,4771.5
18702,2021-04-19 13:53:00,4579.6,4579.6,4579.6,4579.6,50,425,4579.6,4466.4,4771.5
18703,2021-04-19 13:54:00,4579.6,4579.6,4579.6,4579.6,50,425,4579.6,4466.4,4771.5
18704,2021-04-19 13:55:00,4579.6,4579.6,4579.6,4579.6,50,425,4579.6,4466.4,4771.5
18705,2021-04-19 13:56:00,4579.6,4579.6,4579.6,4579.6,50,425,4579.6,4466.4,4771.5
18706,2021-04-19 13:57:00,4579.6,4579.6,4579.6,4579.6,50,425,4579.6,4466.4,4771.5
18707,2021-04-19 13:58:00,4579.6,4579.6,4579.6,4579.6,50,425,4579.6,4466.4,4771.5
18708,2021-04-19 13:59:00,4579.6,4579.6,4579.6,4579.6,50,425,4579.6,4466.4,4771.5
18709,2021-04-19 14:00:00,4579.6,4579.6,4579.6,4579.6,50,425,4579.6,4466.4,4771.5
18710,2021-04-19 14:01:00,4579.6,4579.6,4579.6,4579.6,50,425,4579.6,4466.4,4771.5
18711,2021-04-19 14:02:00,4579.6,4579.6,4579.6,4579.6,50,425,4579.6,4466.4,4771.5
18712,2021-04-19 14:03:00,4579.6,4579.6,4579.6,4579.6,50,425,4579.6,4466.4,4771.5
18713,2021-04-19 14:04:00,4579.6,4579.6,4579.6,4579.6,50,425,4579.6,4466.4,4771.5
18714,2021-04-19 14:05:00,4579.6,4579.6,4579.6,4579.6,50,425,4579.6,4466.4,4771.5
18715,2021-04-19 14:06:00,4579.6,4579.6,4579.6,4579.6,50,425,4579.6,4466.4,4771.5
18716,2021-04-19 14:07:00,4579.6,4579.6,4579.6,4579.6,50,425,4579.6,4466.4,4771.5
18717,2021-04-19 14:08:00,4579.6,4579.6,4579.6,4579.6,50,425,4579.6,4466.4,4771.5
18718,2021-04-19 14:09:00,4579.6,4579.6,4579.6,4579.6,50,425,4579.6,4466.4,4771.5
18719,2021-04-19 14:10:00,4579.6,4579.6,4579.6,4579.6,50,425,4579.6,4466.4,4771.5
18720,2021-04-19 14:11:00,4579.6,4579.6,4579.6,4579.6,50,425,4579.6,4466.4,4771.5
18721,2021-04-19 14:12:00,4579.6,4579.6,4579.6,4579.6,50,425,4579.6,4466.4,4771.5
18722,2021-04-19 14:13:00,4579.6,4579.6,4579.6,4579.6,50,425,4579.6,4466.4,4771.5
18723,2021-04-19 14:14:00,4579.6,4579.6,4579.6,4579.6,50,425,4579.6,4466.4,4771.5
18724,2021-04-19 14:15:00,4579.6,4579.6,4579.6,4579.6,50,425,4579.6,4466.4,4771.5
18725,2021-04-19 14:16:00,4579.6,4579.6,4579.6,4579.6,50,425,4579.6,4466.4,4771.5
18726,2021-04-19 14:17:00,4579.6,4579.6,4579.6,4579.6,50,425,4579.6,4466.4,4771.5
18727,2021-04-19 14:18:00,4579.6,4579.6,4579.6,4579.6,50,425,4579.6,4466.4,4771.5
18728,2021-04-19 14:19:00,4579.6,4579.6,4579.6,4579.6,50,425,4579.6,4466.4,4771.5
18729,2021-04-19 14:20:00,4579.6,4579.6,4579.6,4579.6,50,425,4579.6,4466.4,4771.5
18730,2021-04-19 14:21:00,4579.6,4579.6,4579.6,4579.6,50,425,4579.6,4466.4,4771.5
18731,2021-04-19 14:22:00,4579.6,4579.6,4579.6,4579.6,50,425,4579.6,4466.4,4771.5
18732,2021-04-19 14:23:00,4579.6,4579.6,4579.6,4579.6,50,425,4579.6,4466.4,4771.5
18733,2021-04-19 14:24:00,4579.6,4579.6,4579.6,4579.6,50,425,4579.6,4466.4,4771.5
18734,2021-04-19 14:25:00,4579.6,4579.6,4579.6,4579.6,50,425,4579.6,4466.4,4771.5
18735,2021-04-19 14:26:00,4579.6,4579.6,4579.6,4579.6,50,425,4579.6,4466.4,4771.5
18736,2021-04-19 14:27:00,4579.6,4579.6,4579.6,4579.6,50,425,4579.6,4466.4,4771.5
18737,2021-04-19 14:28:00,4579.6,4579.6,4579.6,4579.6,50,425,4579.6,4466.4,4771.5
18738,2021-04-19 14:29:00,4579.6,4579.6,4579.6,4579.6,50,425,4579.6,4466.4,4771.5
18739,2021-04-19 14:30:00,4579.6,4579.6,4579.6,4579.6,50,425,4579.6,4466.4,4771.5
18740,2021-04-19 14:31:00,4579.6,4579.6,4579.6,4579.6,50,425,4579.6,4466.4,4771.5
18741,2021-04-19 14:32:00,4579.6,4579.6,4579.6,4579.6,50,425,4579.6,4466.4,4771.5
18742,2021-04-19 14:33:00,4579.6,4579.6,4579.6,4579.6,50,425,4579.6,4466.4,4771.5
18743,2021-04-19 14:34:00,4579.6,4579.6,4579.6,4579.6,50,425,4579.6,4466.4,4771.5
18744,2021-04-19 14:35:00,4579.6,4579.6,4579.6,4579.6,50,425,4579.6,4466.4,4771.5
18745,2021-04-19 14:36:00,4579.6,4579.6,4579.6,4579.6,50,425,4579.6,4466.4,4771.5
18746,2021-04-19 14:37:00,4579.6,4579.6,4579.6,4579.6,50,425,4579.6,4466.4,4771.5
18747,2021-04-19 14:38:00,4579.6,4579.6,4579.6,4579.6,50,425,4579.6,4466.4,4771.5
18748,2021-04-19 14:39:00,4579.6,4579.6,4579.6,4579.6,50,425,4579.6,4466.4,4771.5
18749,2021-04-19 14:40:00,4579.6,4579.6,4579.6,4579.6,50,425,4579.6,4466.4,4771.5
18750,2021-04-19 14:41:00,4579.6,4579.6,4579.6,4579.6,50,425,4579.6,4466.4,4771.5
18751,2021-04-19 14:42:00,4579.6,4579.6,4579.6,4579.6,50,425,4579.6,4466.4,4771.5
18752,2021-04-19 14:43:00,4579.6,4579.6,4579.6,4579.6,50,425,4579.6,4466.4,4771.5
18753,2021-04-19 14:44:00,4579.6,4579.6,4579.6,4579.6,50,425,4579.6,4466.4,4771.5
18754,2021-04-19 14:45:00,4579.6,4579.6,4579.6,4579.6,50,425,4579.6,4466.4,4771.5
18755,2021-04-19 14:46:00,4579.6,4579.6,4579.6,4579.6,50,425,4579.6,4466.4,4771.5
18756,2021-04-19 14:47:00,4579.6,4579.6,4579.6,4579.6,50,425,4579.6,4466.4,4771.5
18757,2021-04-19 14:48:00,4579.6,4579.6,4579.6,4579.6,50,425,4579.6,4466.4,4771.5
18758,2021-04-19 14:49:00,4579.6,4579.6,4579.6,4579.6,50,425,4579.6,4466.4,4771.5
18759,2021-04-19 14:50:00,4579.6,4579.6,4579.6,4579.6,50,425,4579.6,4466.4,4771.5
18760,2021-04-19 14:51:00,4579.6,4579.6,4579.6,4579.6,50,425,4579.6,4466.4,4771.5
18761,2021-04-19 14:52:00,4579.6,4579.6,4579.6,4579.6,50,425,4579.6,4466.4,4771.5
18762,2021-04-19 14:53:00,4579.6,4579.6,4579.6,4579.6,50,425,4579.6,4466.4,4771.5
18763,2021-04-19 14:54:00,4579.6,4579.6,4579.6,4579.6,50,425,4579.6,4466.4,4771.5
18764,2021-04-19 14:55:00,4579.6,4579.6,4579.6,4579.6,50,425,4579.6,4466.4,4771.5
18765,2021-04-19 14:56:00,4579.6,4579.6,4579.6,4579.6,50,425,4579.6,4466.4,4771.5
18766,2021-04-19 14:57:00,4579.6,4579.6,4579.6,4579.6,50,425,4579.6,4466.4,4771.5
18767,2021-04-19 14:58:00,4579.6,4579.6,4579.6,4579.6,50,425,4579.6,4466.4,4771.5
18768,2021-04-19 14:59:00,4579.6,4579.6,4579.6,4579.6,50,425,4579.6,4466.4,4771.5
18769,2021-04-19 15:00:00,4579.6,4579.6,4579.6,4579.6,50,425,4579.6,4466.4,4771.5
18770,2021-04-19 15:01:00,4579.6,4579.6,4579.6,4579.6,50,425,4579.6,4466.4,4771.5
18771,2021-04-19 15:02:00,4579.6,4579.6,4579.6,4579.6,50,425,4579.6,4466.4,4771.5
18772,2021-04-19 15:03:00,4579.6,4579.6,4579.6,4579.6,50,425,4579.6,4466.4,4771.5
18773,2021-04-19 15:04:00,4579.6,4579.6,4579.6,4579.6,50,425,4579.6,4466.4,4771.5
18774,2021-04-19 15:05:00,4579.6,4579.6,4579.6,4579.6,50,425,4579.6,4466.4,4771.5
18775,2021-04-19 15:06:00,4579.6,4579.6,4579.6,4579.6,50,425,4579.6,4466.4,4771.5
18776,2021-04-19 15:07:00,4579.6,4579.6,4579.6,4579.6,50,425,4579.6,4466.4,4771.5
18777,2021-04-19 15:08:00,4579.6,4579.6,4579.6,4579.6,50,425,4579.6,4466.4,4771.5
18778,2021-04-19 15:09:00,4579.6,4579.6,4579.6,4579.6,50,425,4579.6,4466.4,4771.5
18779,2021-04-19 15:10:00,4579.6,4579.6,4579.6,4579.6,50,425,4579.6,4466.4,4771.5
18780,2021-04-19 15:11:00,4579.6,4579.6,4579.6,4579.6,50,425,4579.6,4466.4,4771.5
18781,2021-04-19 15:12:00,4579.6,4579.6,4579.6,4579.6,50,425,4579.6,4466.4,4771.5
18782,2021-04-19 15:13:00,4579.6,4579.6,4579.6,4579.6,50,425,4579.6,4466.4,4771.5
18783,2021-04-19 15:14:00,4579.6,4579.6,4579.6,4579.6,50,425,4579.6,4466.4,4771.5
18784,2021-04-19 15:15:00,4579.6,4579.6,4579.6,4579.6,50,425,4579.6,4466.4,4771.5
18785,2021-04-19 15:16:00,4579.6,4579.6,4579.6,4579.6,50,425,4579.6,4466.4,4771.5
18786,2021-04-19 15:17:00,4579.6,4579.6,4579.6,4579.6,50,425,4579.6,4466.4,4771.5
18787,2021-04-19 15:18:00,4579.6,4579.6,4579.6,4579.6,50,425,4579.6,4466.4,4771.5
18788,2021-04-19 15:19:00,4579.6,4579.6,4579.6,4579.6,50,425,4579.6,4466.4,4771.5
18789,2021-04-19 15:20:00,4579.6,4579.6,4579.6,4579.6,50,425,4579.6,4466.4,4771.5
18790,2021-04-19 15:21:00,4579.6,4579.6,4579.6,4579.6,50,425,4579.6,4466.4,4771.5
18791,2021-04-19 15:22:00,4579.6,4579.6,4579.6,4579.6,50,425,4579.6,4466.4,4771.5
18792,2021-04-19 15:23:00,4579.6,4579.6,4579.6,4579.6,50,425,4579.6,4466.4,4771.5
18793,2021-04-19 15:24:00,4579.6,4579.6,4579.6,4579.6,50,425,4579.6,4466.4,4771.5
18794,2021-04-19 15:25:00,4579.6,4579.6,4579.6,4579.6,50,425,4579.6,4466.4,4771.5
18795,2021-04-19 15:26:00,4579.6,4579.6,4579.6,4579.6,50,425,4579.6,4466.4,4771.5
18796,2021-04-19 15:27:00,4579.6,4579.6,4579.6,4579.6,50,425,4579.6,4466.4,4771.5
18797,2021-04-19 15:28:00,4579.6,4579.6,4579.6,4579.6,50,425,4579.6,4466.4,4771.5
18798,2021-04-19 15:29:00,4579.6,4579.6,4579.6,4579.6,50,425,4579.6,4466.4,4771.5
18799,2021-04-19 15:30:00,4579.6,4579.6,4579.6,4579.6,50,425,4579.6,4466.4,4771.5
18800,2021-04-20 09:15:00,4579.6,4579.6,4579.6,4579.6,50,425,4579.6,4466.4,4771.5
18801,2021-04-20 09:16:00,4579.6,4579.6,4579.6,4579.6,50,425,4579.6,4466.4,4771.5
18802,2021-04-20 09:17:00,4579.6,4579.6,4579.6,4579.6,50,425,4579.6,4466.4,4771.5
18803,2021-04-20 09:18:00,4579.6,4579.6,4579.6,4579.6,50,425,4579.6,4466.4,4771.5
18804,2021-04-20 09:19:00,4579.6,4579.6,4579.6,4579.6,50,425,4579.6,4466.4,4771.5
18805,2021-04-20 09:20:00,4579.6,4579.6,4579.6,4579.6,50,425,4579.6,4466.4,4771.5
18806,2021-04-20 09:21:00,4579.6,4579.6,4579.6,4579.6,50,425,4579.6,4466.4,4771.5
18807,2021-04-20 09:22:00,4579.6,4579.6,4579.6,4579.6,50,425,4579.6,4466.4,4771.5
18808,2021-04-20 09:23:00,4579.6,4579.6,4579.6,4579.6,50,425,4579.6,4466.4,4771.5
18809,2021-04-20 09:24:00,4579.6,4579.6,4579.6,4579.6,50,425,4579.6,4466.4,4771.5
18810,2021-04-20 09:25:00,4579.6,4579.6,4579.6,4579.6,50,425,4579.6,4466.4,4771.5
18811,2021-04-20 09:26:00,4579.6,4579.6,4579.6,4579.6,50,425,4579.6,4466.4,4771.5
18812,2021-04-20 09:27:00,4579.6,4579.6,4579.6,4579.6,50,425,4579.6,4466.4,4771.5
18813,2021-04-20 09:28:00,4579.6,4579.6,4579.6,4579.6,50,425,4579.6,4466.4,4771.5
18814,2021-04-20 09:29:00,4579.6,4579.6,4579.6,4579.6,50,425,4579.6,4466.4,4771.5
18815,2021-04-20 09:30:00,4579.6,4579.6,4579.6,4579.6,50,425,4579.6,4466.4,4771.5
18816,2021-04-20 09:31:00,4579.6,4579.6,4579.6,4579.6,50,425,4579.6,4466.4,4771.5
18817,2021-04-20 09:32:00,4579.6,4579.6,4579.6,4579.6,50,425,4579.6,4466.4,4771.5
18818,2021-04-20 09:33:00,4579.6,4579.6,4579.6,4579.6,50,425,4579.6,4466.4,4771.5
18819,2021-04-20 09:34:00,4579.6,4579.6,4579.6,4579.6,50,425,4579.6,4466.4,4771.5
18820,2021-04-20 09:35:00,4579.6,4579.6,4579.6,4579.6,50,425,4579.6,4466.4,4771.5
18821,2021-04-20 09:36:00,4579.6,4579.6,4579.6,4579.6,50,425,4579.6,4466.4,4771.5
18822,2021-04-20 09:37:00,4579.6,4579.6,4579.6,4579.6,50,425,4579.6,4466.4,4771.5
18823,2021-04-20 09:38:00,4579.6,4579.6,4579.6,4579.6,50,425,4579.6,4466.4,4771.5
18824,2021-04-20 09:39:00,4579.6,4579.6,4579.6,4579.6,50,425,4579.6,4466.4,4771.5
18825,2021-04-20 09:40:00,4579.6,4579.6,4579.6,4579.6,50,425,4579.6,4466.4,4771.5
18826,2021-04-20 09:41:00,4579.6,4579.6,4579.6,4579.6,50,425,4579.6,4466.4,4771.5
18827,2021-04-20 09:42:00,4579.6,4579.6,4579.6,4579.6,50,425,4579.6,4466.4,4771.5
18828,2021-04-20 09:43:00,4579.6,4579.6,4579.6,4579.6,50,425,4579.6,4466.4,4771.5
18829,2021-04-20 09:44:00,4579.6,4579.6,4579.6,4579.6,50,425,4579.6,4466.4,4771.5
18830,2021-04-20 09:45:00,4579.6,4579.6,4579.6,4579.6,50,425,4579.6,4466.4,4771.5
18831,2021-04-20 09:46:00,4579.6,4579.6,4579.6,4579.6,50,425,4579.6,4466.4,4771.5
18832,2021-04-20 09:47:00,4579.6,4579.6,4579.6,4579.6,50,425,4579.6,4466.4,4771.5
18833,2021-04-20 09:48:00,4579.6,4579.6,4579.6,4579.6,50,425,4579.6,4466.4,4771.5
18834,2021-04-20 09:49:00,4579.6,4579.6,4579.6,4579.6,50,425,4579.6,4466.4,4771.5
18835,2021-04-20 09:50:00,4579.6,4579.6,4579.6,4579.6,50,425,4579.6,4466.4,4771.5
18836,2021-04-20 09:51:00,4579.6,4579.6,4579.6,4579.6,50,425,4579.6,4466.4,4771.5
18837,2021-04-20 09:52:00,4579.6,4579.6,4579.6,4579.6,50,425,4579.6,4466.4,4771.5
18838,2021-04-20 09:53:00,4579.6,4579.6,4579.6,4579.6,50,425,4579.6,4466.4,4771.5
18839,2021-04-20 09:54:00,4579.6,4579.6,4579.6,4579.6,50,425,4579.6,4466.4,4771.5
18840,2021-04-20 09:55:00,4579.6,4579.6,4579.6,4579.6,50,425,4579.6,4466.4,4771.5
18841,2021-04-20 09:56:00,4579.6,4579.6,4579.6,4579.6,50,425,4579.6,4466.4,4771.5
18842,2021-04-20 09:57:00,4579.6,4579.6,4579.6,4579.6,50,425,4579.6,4466.4,4771.5
18843,2021-04-20 09:58:00,4579.6,4579.6,4579.6,4579.6,50,425,4579.6,4466.4,4771.5
18844,2021-04-20 09:59:00,4579.6,4579.6,4579.6,4579.6,50,425,4579.6,4466.4,4771.5
18845,2021-04-20 10:00:00,4579.6,4579.6,4579.6,4579.6,50,425,4579.6,4466.4,4771.5
18846,2021-04-20 10:01:00,4579.6,4579.6,4579.6,4579.6,50,425,4579.6,4466.4,4771.5
18847,2021-04-20 10:02:00,4579.6,4579.6,4579.6,4579.6,50,425,4579.6,4466.4,4771.5
18848,2021-04-20 10:03:00,4579.6,4579.6,4579.6,4579.6,50,425,4579.6,4466.4,4771.5
18849,2021-04-20 10:04:00,4579.6,4579.6,4579.6,4579.6,50,425,4579.6,4466.4,4771.5
18850,2021-04-20 10:05:00,4579.6,4579.6,4579.6,4579.6,50,425,4579.6,4466.4,4771.5
18851,2021-04-20 10:06:00,4579.6,4579.6,4579.6,4579.6,50,425,4579.6,4466.4,4771.5
18852,2021-04-20 10:07:00,4579.6,4579.6,4579.6,4579.6,50,425,4579.6,4466.4,4771.5
18853,2021-04-20 10:08:00,4579.6,4579.6,4579.6,4579.6,50,425,4579.6,4466.4,4771.5
18854,2021-04-20 10:09:00,4579.6,4579.6,4579.6,4579.6,50,425,4579.6,4466.4,4771.5
18855,2021-04-20 10:10:00,4579.6,4579.6,4579.6,4579.6,50,425,4579.6,4466.4,4771.5
18856,2021-04-20 10:11:00,4579.6,4579.6,4579.6,4579.6,50,425,4579.6,4466.4,4771.5
18857,2021-04-20 10:12:00,4579.6,4579.6,4579.6,4579.6,50,425,4579.6,4466.4,4771.5
18858,2021-04-20 10:13:00,4579.6,4579.6,4579.6,4579.6,50,425,4579.6,4466.4,4771.5
18859,2021-04-20 10:14:00,4579.6,4579.6,4579.6,4579.6,50,425,4579.6,4466.4,4771.5
18860,2021-04-20 10:15:00,4579.6,4579.6,4579.6,4579.6,50,425,4579.6,4466.4,4771.5
18861,2021-04-20 10:16:00,4579.6,4579.6,4579.6,4579.6,50,425,4579.6,4466.4,4771.5
18862,2021-04-20 10:17:00,4579.6,4579.6,4579.6,4579.6,50,425,4579.6,4466.4,4771.5
18863,2021-04-20 10:18:00,4579.6,4579.6,4579.6,4579.6,50,425,4579.6,4466.4,4771.5
18864,2021-04-20 10:19:00,4579.6,4579.6,4579.6,4579.6,50,425,4579.6,4466.4,4771.5
18865,2021-04-20 10:20:00,4579.6,4579.6,4579.6,4579.6,50,425,4579.6,4466.4,4771.5
18866,2021-04-20 10:21:00,4579.6,4579.6,4579.6,4579.6,50,425,4579.6,4466.4,4771.5
18867,2021-04-20 10:22:00,4579.6,4579.6,4579.6,4579.6,50,425,4579.6,4466.4,4771.5
18868,2021-04-20 10:23:00,4579.6,4579.6,4579.6,4579.6,50,425,4579.6,4466.4,4771.5
18869,2021-04-20 10:24:00,4579.6,4579.6,4579.6,4579.6,50,425,4579.6,4466.4,4771.5
18870,2021-04-20 10:25:00,4579.6,4579.6,4579.6,4579.6,50,425,4579.6,4466.4,4771.5
18871,2021-04-20 10:26:00,4579.6,4579.6,4579.6,4579.6,50,425,4579.6,4466.4,4771.5
18872,2021-04-20 10:27:00,4579.6,4579.6,4579.6,4579.6,50,425,4579.6,4466.4,4771.5
18873,2021-04-20 10:28:00,4579.6,4579.6,4579.6,4579.6,50,425,4579.6,4466.4,4771.5
18874,2021-04-20 10:29:00,4579.6,4579.6,4579.6,4579.6,50,425,4579.6,4466.4,4771.5
18875,2021-04-20 10:30:00,4579.6,4579.6,4579.6,4579.6,50,425,4579.6,4466.4,4771.5
18876,2021-04-20 10:31:00,4579.6,4579.6,4579.6,4579.6,50,425,4579.6,4466.4,4771.5
18877,2021-04-20 10:32:00,4579.6,4579.6,4579.6,4579.6,50,425,4579.6,4466.4,4771.5
18878,2021-04-20 10:33:00,4579.6,4579.6,4579.6,4579.6,50,425,4579.6,4466.4,4771.5
18879,2021-04-20 10:34:00,4579.6,4579.6,4579.6,4579.6,50,425,4579.6,4466.4,4771.5
18880,2021-04-20 10:35:00,4579.6,4579.6,4579.6,4579.6,50,425,4579.6,4466.4,4771.5
18881,2021-04-20 10:36:00,4579.6,4579.6,4579.6,4579.6,50,425,4579.6,4466.4,4771.5
18882,2021-04-20 10:37:00,4579.6,4579.6,4579.6,4579.6,50,425,4579.6,4466.4,4771.5
18883,2021-04-20 10:38:00,4579.6,4579.6,4579.6,4579.6,50,425,4579.6,4466.4,4771.5
18884,2021-04-20 10:39:00,4579.6,4579.6,4579.6,4579.6,50,425,4579.6,4466.4,4771.5
18885,2021-04-20 10:40:00,4579.6,4579.6,4579.6,4579.6,50,425,4579.6,4466.4,4771.5
18886,2021-04-20 10:41:00,4579.6,4579.6,4579.6,4579.6,50,425,4579.6,4466.4,4771.5
18887,2021-04-20 10:42:00,4579.6,4579.6,4579.6,4579.6,50,425,4579.6,4466.4,4771.5
18888,2021-04-20 10:43:00,4579.6,4579.6,4579.6,4579.6,50,425,4579.6,4466.4,4771.5
18889,2021-04-20 10:44:00,4579.6,4579.6,4579.6,4579.6,50,425,4579.6,4466.4,4771.5
18890,2021-04-20 10:45:00,4579.6,4579.6,4579.6,4579.6,50,425,4579.6,4466.4,4771.5
18891,2021-04-20 10:46:00,4579.6,4579.6,4579.6,4579.6,50,425,4579.6,4466.4,4771.5
18892,2021-04-20 10:47:00,4579.6,4579.6,4579.6,4579.6,50,425,4579.6,4466.4,4771.5
18893,2021-04-20 10:48:00,4579.6,4579.6,4579.6,4579.6,50,425,4579.6,4466.4,4771.5
18894,2021-04-20 10:49:00,4579.6,4579.6,4579.6,4579.6,50,425,4579.6,4466.4,4771.5
18895,2021-04-20 10:50:00,4579.6,4579.6,4579.6,4579.6,50,425,4579.6,4466.4,4771.5
18896,2021-04-20 10:51:00,4579.6,4579.6,4579.6,4579.6,50,425,4579.6,4466.4,4771.5
18897,2021-04-20 10:52:00,4579.6,4579.6,4579.6,4579.6,50,425,4579.6,4466.4,4771.5
18898,2021-04-20 10:53:00,4579.6,4579.6,4579.6,4579.6,50,425,4579.6,4466.4,4771.5
18899,2021-04-20 10:54:00,4579.6,4579.6,4579.6,4579.6,50,425,4579.6,4466.4,4771.5
18900,2021-04-20 10:55:00,4579.6,4579.6,4579.6,4579.6,50,425,4579.6,4466.4,4771.5
18901,2021-04-20 10:56:00,4579.6,4579.6,4579.6,4579.6,50,425,4579.6,4466.4,4771.5
18902,2021-04-20 10:57:00,4579.6,4579.6,4579.6,4579.6,50,425,4579.6,4466.4,4771.5
18903,2021-04-20 10:58:00,4579.6,4579.6,4579.6,4579.6,50,425,4579.6,4466.4,4771.5
18904,2021-04-20 10:59:00,4579.6,4579.6,4579.6,4579.6,50,425,4579.6,4466.4,4771.5
18905,2021-04-20 11:00:00,4579.6,4579.6,4579.6,4579.6,50,425,4579.6,4466.4,4771.5
18906,2021-04-20 11:01:00,4579.6,4579.6,4579.6,4579.6,50,425,4579.6,4466.4,4771.5
18907,2021-04-20 11:02:00,4579.6,4579.6,4579.6,4579.6,50,425,4579.6,4466.4,4771.5
18908,2021-04-20 11:03:00,4579.6,4579.6,4579.6,4579.6,50,425,4579.6,4466.4,4771.5
18909,2021-04-20 11:04:00,4579.6,4579.6,4579.6,4579.6,50,425,4579.6,4466.4,4771.5
18910,2021-04-20 11:05:00,4579.6,4579.6,4579.6,4579.6,50,425,4579.6,4466.4,4771.5
18911,2021-04-20 11:06:00,4579.6,4579.6,4579.6,4579.6,50,425,4579.6,4466.4,4771.5
18912,2021-04-20 11:07:00,4579.6,4579.6,4579.6,4579.6,50,425,4579.6,4466.4,4771.5
18913,2021-04-20 11:08:00,4579.6,4579.6,4579.6,4579.6,50,425,4579.6,4466.4,4771.5
18914,2021-04-20 11:09:00,4579.6,4579.6,4579.6,4579.6,50,425,4579.6,4466.4,4771.5
18915,2021-04-20 11:10:00,4579.6,4579.6,4579.6,4579.6,50,425,4579.6,4466.4,4771.5
18916,2021-04-20 11:11:00,4579.6,4579.6,4579.6,4579.6,50,425,4579.6,4466.4,4771.5
18917,2021-04-20 11:12:00,4579.6,4579.6,4579.6,4579.6,50,425,4579.6,4466.4,4771.5
18918,2021-04-20 11:13:00,4579.6,4579.6,4579.6,4579.6,50,425,4579.6,4466.4,4771.5
18919,2021-04-20 11:14:00,4579.6,4579.6,4579.6,4579.6,50,425,4579.6,4466.4,4771.5
18920,2021-04-20 11:15:00,4579.6,4579.6,4579.6,4579.6,50,425,4579.6,4466.4,4771.5
18921,2021-04-20 11:16:00,4579.6,4579.6,4579.6,4579.6,50,425,4579.6,4466.4,4771.5
18922,2021-04-20 11:17:00,4579.6,4579.6,4579.6,4579.6,50,425,4579.6,4466.4,4771.5
18923,2021-04-20 11:18:00,4579.6,4579.6,4579.6,4579.6,50,425,4579.6,4466.4,4771.5
18924,2021-04-20 11:19:00,4579.6,4579.6,4579.6,4579.6,50,425,4579.6,4466.4,4771.5
18925,2021-04-20 11:20:00,4579.6,4579.6,4579.6,4579.6,50,425,4579.6,4466.4,4771.5
18926,2021-04-20 11:21:00,4579.6,4579.6,4579.6,4579.6,50,425,4579.6,4466.4,4771.5
18927,2021-04-20 11:22:00,4579.6,4579.6,4579.6,4579.6,50,425,4579.6,4466.4,4771.5
18928,2021-04-20 11:23:00,4579.6,4579.6,4579.6,4579.6,50,425,4579.6,4466.4,4771.5
18929,2021-04-20 11:24:00,4579.6,4579.6,4579.6,4579.6,50,425,4579.6,4466.4,4771.5
18930,2021-04-20 11:25:00,4579.6,4579.6,4579.6,4579.6,50,425,4579.6,4466.4,4771.5
18931,2021-04-20 11:26:00,4579.6,4579.6,4579.6,4579.6,50,425,4579.6,4466.4,4771.5
18932,2021-04-20 11:27:00,4579.6,4579.6,4579.6,4579.6,50,425,4579.6,4466.4,4771.5
18933,2021-04-20 11:28:00,4579.6,4579.6,4579.6,4579.6,50,425,4579.6,4466.4,4771.5
18934,2021-04-20 11:29:00,4579.6,4579.6,4579.6,4579.6,50,425,4579.6,4466.4,4771.5
18935,2021-04-20 11:30:00,4579.6,4579.6,4579.6,4579.6,50,425,4579.6,4466.4,4771.5
18936,2021-04-20 11:31:00,4579.6,4579.6,4579.6,4579.6,50,425,4579.6,4466.4,4771.5
18937,2021-04-20 11:32:00,4579.6,4579.6,4579.6,4579.6,50,425,4579.6,4466.4,4771.5
18938,2021-04-20 11:33:00,4579.6,4579.6,4579.6,4579.6,50,425,4579.6,4466.4,4771.5
18939,2021-04-20 11:34:00,4579.6,4579.6,4579.6,4579.6,50,425,4579.6,4466.4,4771.5
18940,2021-04-20 11:35:00,4579.6,4579.6,4579.6,4579.6,50,425,4579.6,4466.4,4771.5
18941,2021-04-20 11:36:00,4579.6,4579.6,4579.6,4579.6,50,425,4579.6,4466.4,4771.5
18942,2021-04-20 11:37:00,4579.6,4579.6,4579.6,4579.6,50,425,4579.6,4466.4,4771.5
18943,2021-04-20 11:38:00,4579.6,4579.6,4579.6,4579.6,50,425,4579.6,4466.4,4771.5
18944,2021-04-20 11:39:00,4579.6,4579.6,4579.6,4579.6,50,425,4579.6,4466.4,4771.5
18945,2021-04-20 11:40:00,4579.6,4579.6,4579.6,4579.6,50,425,4579.6,4466.4,4771.5
18946,2021-04-20 11:41:00,4579.6,4579.6,4579.6,4579.6,50,425,4579.6,4466.4,4771.5
18947,2021-04-20 11:42:00,4579.6,4579.6,4579.6,4579.6,50,425,4579.6,4466.4,4771.5
18948,2021-04-20 11:43:00,4579.6,4579.6,4579.6,4579.6,50,425,4579.6,4466.4,4771.5
18949,2021-04-20 11:44:00,4579.6,4579.6,4579.6,4579.6,50,425,4579.6,4466.4,4771.5
18950,2021-04-20 11:45:00,4579.6,4579.6,4579.6,4579.6,50,425,4579.6,4466.4,4771.5
18951,2021-04-20 11:46:00,4579.6,4579.6,4579.6,4579.6,50,425,4579.6,4466.4,4771.5
18952,2021-04-20 11:47:00,4579.6,4579.6,4579.6,4579.6,50,425,4579.6,4466.4,4771.5
18953,2021-04-20 11:48:00,4579.6,4579.6,4579.6,4579.6,50,425,4579.6,4466.4,4771.5
18954,2021-04-20 11:49:00,4579.6,4579.6,4579.6,4579.6,50,425,4579.6,4466.4,4771.5
18955,2021-04-20 11:50:00,4579.6,4579.6,4579.6,4579.6,50,425,4579.6,4466.4,4771.5
18956,2021-04-20 11:51:00,4579.6,4579.6,4579.6,4579.6,50,425,4579.6,4466.4,4771.5
18957,2021-04-20 11:52:00,4579.6,4579.6,4579.6,4579.6,50,425,4579.6,4466.4,4771.5
18958,2021-04-20 11:53:00,4579.6,4579.6,4579.6,4579.6,50,425,4579.6,4466.4,4771.5
18959,2021-04-20 11:54:00,4579.6,4579.6,4579.6,4579.6,50,425,4579.6,4466.4,4771.5
18960,2021-04-20 11:55:00,4579.6,4579.6,4579.6,4579.6,50,425,4579.6,4466.4,4771.5
18961,2021-04-20 11:56:00,4579.6,4579.6,4579.6,4579.6,50,425,4579.6,4466.4,4771.5
18962,2021-04-20 11:57:00,4579.6,4579.6,4579.6,4579.6,50,425,4579.6,4466.4,4771.5
18963,2021-04-20 11:58:00,4579.6,4579.6,4579.6,4579.6,50,425,4579.6,4466.4,4771.5
18964,2021-04-20 11:59:00,4579.6,4579.6,4579.6,4579.6,50,425,4579.6,4466.4,4771.5
18965,2021-04-20 12:00:00,4579.6,4579.6,4579.6,4579.6,50,425,4579.6,4466.4,4771.5
18966,2021-04-20 12:01:00,4579.6,4579.6,4579.6,4579.6,50,425,4579.6,4466.4,4771.5
18967,2021-04-20 12:02:00,4579.6,4579.6,4579.6,4579.6,50,425,4579.6,4466.4,4771.5
18968,2021-04-20 12:03:00,4579.6,4579.6,4579.6,4579.6,50,425,4579.6,4466.4,4771.5
18969,2021-04-20 12:04:00,4579.6,4579.6,4579.6,4579.6,50,425,4579.6,4466.4,4771.5
18970,2021-04-20 12:05:00,4579.6,4579.6,4579.6,4579.6,50,425,4579.6,4466.4,4771.5
18971,2021-04-20 12:06:00,4579.6,4579.6,4579.6,4579.6,50,425,4579.6,4466.4,4771.5
18972,2021-04-20 12:07:00,4579.6,4579.6,4579.6,4579.6,50,425,4579.6,4466.4,4771.5
18973,2021-04-20 12:08:00,4579.6,4579.6,4579.6,4579.6,50,425,4579.6,4466.4,4771.5
18974,2021-04-20 12:09:00,4579.6,4579.6,4579.6,4579.6,50,425,4579.6,4466.4,4771.5
18975,2021-04-20 12:10:00,4579.6,4579.6,4579.6,4579.6,50,425,4579.6,4466.4,4771.5
18976,2021-04-20 12:11:00,4579.6,4579.6,4579.6,4579.6,50,425,4579.6,4466.4,4771.5
18977,2021-04-20 12:12:00,4579.6,4579.6,4579.6,4579.6,50,425,4579.6,4466.4,4771.5
18978,2021-04-20 12:13:00,4579.6,4579.6,4579.6,4579.6,50,425,4579.6,4466.4,4771.5
18979,2021-04-20 12:14:00,4579.6,4579.6,4579.6,4579.6,50,425,4579.6,4466.4,4771.5
18980,2021-04-20 12:15:00,4579.6,4579.6,4579.6,4579.6,50,425,4579.6,4466.4,4771.5
18981,2021-04-20 12:16:00,4579.6,4579.6,4579.6,4579.6,50,425,4579.6,4466.4,4771.5
18982,2021-04-20 12:17:00,4579.6,4579.6,4579.6,4579.6,50,425,4579.6,4466.4,4771.5
18983,2021-04-20 12:18:00,4579.6,4579.6,4579.6,4579.6,50,425,4579.6,4466.4,4771.5
18984,2021-04-20 12:19:00,4579.6,4579.6,4579.6,4579.6,50,425,4579.6,4466.4,4771.5
18985,2021-04-20 12:20:00,4579.6,4579.6,4579.6,4579.6,50,425,4579.6,4466.4,4771.5
18986,2021-04-20 12:21:00,4579.6,4579.6,4579.6,4579.6,50,425,4579.6,4466.4,4771.5
18987,2021-04-20 12:22:00,4579.6,4579.6,4579.6,4579.6,50,425,4579.6,4466.4,4771.5
18988,2021-04-20 12:23:00,4579.6,4579.6,4579.6,4579.6,50,425,4579.6,4466.4,4771.5
18989,2021-04-20 12:24:00,4579.6,4579.6,4579.6,4579.6,50,425,4579.6,4466.4,4771.5
18990,2021-04-20 12:25:00,4579.6,4579.6,4579.6,4579.6,50,425,4579.6,4466.4,4771.5
18991,2021-04-20 12:26:00,4579.6,4579.6,4579.6,4579.6,50,425,4579.6,4466.4,4771.5
18992,2021-04-20 12:27:00,4579.6,4579.6,4579.6,4579.6,50,425,4579.6,4466.4,4771.5
18993,2021-04-20 12:28:00,4579.6,4579.6,4579.6,4579.6,50,425,4579.6,4466.4,4771.5
18994,2021-04-20 12:29:00,4579.6,4579.6,4579.6,4579.6,50,425,4579.6,4466.4,4771.5
18995,2021-04-20 12:30:00,4579.6,4579.6,4579.6,4579.6,50,425,4579.6,4466.4,4771.5
18996,2021-04-20 12:31:00,4579.6,4579.6,4579.6,4579.6,50,425,4579.6,4466.4,4771.5
18997,2021-04-20 12:32:00,4579.6,4579.6,4579.6,4579.6,50,425,4579.6,4466.4,4771.5
18998,2021-04-20 12:33:00,4579.6,4579.6,4579.6,4579.6,50,425,4579.6,4466.4,4771.5
18999,2021-04-20 12:34:00,4579.6,4579.6,4579.6,4579.6,50,425,4579.6,4466.4,4771.5
19000,2021-04-20 12:35:00,4579.6,4579.6,4579.6,4579.6,50,425,4579.6,4466.4,4771.5
19001,2021-04-20 12:36:00,4579.6,4579.6,4579.6,4579.6,50,425,4579.6,4466.4,4771.5
19002,2021-04-20 12:37:00,4579.6,4579.6,4579.6,4579.6,50,425,4579.6,4466.4,4771.5
19003,2021-04-20 12:38:00,4579.6,4579.6,4579.6,4579.6,50,425,4579.6,4466.4,4771.5
19004,2021-04-20 12:39:00,4579.6,4579.6,4579.6,4579.6,50,425,4579.6,4466.4,4771.5
19005,2021-04-20 12:40:00,4579.6,4579.6,4579.6,4579.6,50,425,4579.6,4466.4,4771.5
19006,2021-04-20 12:41:00,4579.6,4579.6,4579.6,4579.6,50,425,4579.6,4466.4,4771.5
19007,2021-04-20 12:42:00,4579.6,4579.6,4579.6,4579.6,50,425,4579.6,4466.4,4771.5
19008,2021-04-20 12:43:00,4579.6,4579.6,4579.6,4579.6,50,425,4579.6,4466.4,4771.5
19009,2021-04-20 12:44:00,4579.6,4579.6,4579.6,4579.6,50,425,4579.6,4466.4,4771.5
19010,2021-04-20 12:45:00,4579.6,4579.6,4579.6,4579.6,50,425,4579.6,4466.4,4771.5
19011,2021-04-20 12:46:00,4579.6,4579.6,4579.6,4579.6,50,425,4579.6,4466.4,4771.5
19012,2021-04-20 12:47:00,4579.6,4579.6,4579.6,4579.6,50,425,4579.6,4466.4,4771.5
19013,2021-04-20 12:48:00,4579.6,4579.6,4579.6,4579.6,50,425,4579.6,4466.4,4771.5
19014,2021-04-20 12:49:00,4579.6,4579.6,4579.6,4579.6,50,425,4579.6,4466.4,4771.5
19015,2021-04-20 12:50:00,4579.6,4579.6,4579.6,4579.6,50,425,4579.6,4466.4,4771.5
19016,2021-04-20 12:51:00,4579.6,4579.6,4579.6,4579.6,50,425,4579.6,4466.4,4771.5
19017,2021-04-20 12:52:00,4579.6,4579.6,4579.6,4579.6,50,425,4579.6,4466.4,4771.5
19018,2021-04-20 12:53:00,4579.6,4579.6,4579.6,4579.6,50,425,4579.6,4466.4,4771.5
19019,2021-04-20 12:54:00,4579.6,4579.6,4579.6,4579.6,50,425,4579.6,4466.4,4771.5
19020,2021-04-20 12:55:00,4579.6,4579.6,4579.6,4579.6,50,425,4579.6,4466.4,4771.5
19021,2021-04-20 12:56:00,4579.6,4579.6,4579.6,4579.6,50,425,4579.6,4466.4,4771.5
19022,2021-04-20 12:57:00,4579.6,4579.6,4579.6,4579.6,50,425,4579.6,4466.4,4771.5
19023,2021-04-20 12:58:00,4579.6,4579.6,4579.6,4579.6,50,425,4579.6,4466.4,4771.5
19024,2021-04-20 12:59:00,4579.6,4579.6,4579.6,4579.6,50,425,4579.6,4466.4,4771.5
19025,2021-04-20 13:00:00,4579.6,4579.6,4579.6,4579.6,50,425,4579.6,4466.4,4771.5
19026,2021-04-20 13:01:00,4579.6,4579.6,4579.6,4579.6,50,425,4579.6,4466.4,4771.5
19027,2021-04-20 13:02:00,4579.6,4579.6,4579.6,4579.6,50,425,4579.6,4466.4,4771.5
19028,2021-04-20 13:03:00,4579.6,4579.6,4579.6,4579.6,50,425,4579.6,4466.4,4771.5
19029,2021-04-20 13:04:00,4579.6,4579.6,4579.6,4579.6,50,425,4579.6,4466.4,4771.5
19030,2021-04-20 13:05:00,4579.6,4579.6,4579.6,4579.6,50,425,4579.6,4466.4,4771.5
19031,2021-04-20 13:06:00,4579.6,4579.6,4579.6,4579.6,50,425,4579.6,4466.4,4771.5
19032,2021-04-20 13:07:00,4579.6,4579.6,4579.6,4579.6,50,425,4579.6,4466.4,4771.5
19033,2021-04-20 13:08:00,4579.6,4579.6,4579.6,4579.6,50,425,4579.6,4466.4,4771.5
19034,2021-04-20 13:09:00,4579.6,4579.6,4579.6,4579.6,50,425,4579.6,4466.4,4771.5
19035,2021-04-20 13:10:00,4579.6,4579.6,4579.6,4579.6,50,425,4579.6,4466.4,4771.5
19036,2021-04-20 13:11:00,4579.6,4579.6,4579.6,4579.6,50,425,4579.6,4466.4,4771.5
19037,2021-04-20 13:12:00,4579.6,4579.6,4579.6,4579.6,50,425,4579.6,4466.4,4771.5
19038,2021-04-20 13:13:00,4579.6,4579.6,4579.6,4579.6,50,425,4579.6,4466.4,4771.5
19039,2021-04-20 13:14:00,4579.6,4579.6,4579.6,4579.6,50,425,4579.6,4466.4,4771.5
19040,2021-04-20 13:15:00,4579.6,4579.6,4579.6,4579.6,50,425,4579.6,4466.4,4771.5
19041,2021-04-20 13:16:00,4579.6,4579.6,4579.6,4579.6,50,425,4579.6,4466.4,4771.5
19042,2021-04-20 13:17:00,4579.6,4579.6,4579.6,4579.6,50,425,4579.6,4466.4,4771.5
19043,2021-04-20 13:18:00,4579.6,4579.6,4579.6,4579.6,50,425,4579.6,4466.4,4771.5
19044,2021-04-20 13:19:00,4579.6,4579.6,4579.6,4579.6,50,425,4579.6,4466.4,4771.5
19045,2021-04-20 13:20:00,4579.6,4579.6,4579.6,4579.6,50,425,4579.6,4466.4,4771.5
19046,2021-04-20 13:21:00,4579.6,4579.6,4579.6,4579.6,50,425,4579.6,4466.4,4771.5
19047,2021-04-20 13:22:00,4579.6,4579.6,4579.6,4579.6,50,425,4579.6,4466.4,4771.5
19048,2021-04-20 13:23:00,4579.6,4579.6,4579.6,4579.6,50,425,4579.6,4466.4,4771.5
19049,2021-04-20 13:24:00,4579.6,4579.6,4579.6,4579.6,50,425,4579.6,4466.4,4771.5
19050,2021-04-20 13:25:00,4579.6,4579.6,4579.6,4579.6,50,425,4579.6,4466.4,4771.5
19051,2021-04-20 13:26:00,4579.6,4579.6,4579.6,4579.6,50,425,4579.6,4466.4,4771.5
19052,2021-04-20 13:27:00,4579.6,4579.6,4579.6,4579.6,50,425,4579.6,4466.4,4771.5
19053,2021-04-20 13:28:00,4579.6,4579.6,4579.6,4579.6,50,425,4579.6,4466.4,4771.5
19054,2021-04-20 13:29:00,4579.6,4579.6,4579.6,4579.6,50,425,4579.6,4466.4,4771.5
19055,2021-04-20 13:30:00,4579.6,4579.6,4579.6,4579.6,50,425,4579.6,4466.4,4771.5
19056,2021-04-20 13:31:00,4579.6,4579.6,4579.6,4579.6,50,425,4579.6,4466.4,4771.5
19057,2021-04-20 13:32:00,4579.6,4579.6,4579.6,4579.6,50,425,4579.6,4466.4,4771.5
19058,2021-04-20 13:33:00,4579.6,4579.6,4579.6,4579.6,50,425,4579.6,4466.4,4771.5
19059,2021-04-20 13:34:00,4579.6,4579.6,4579.6,4579.6,50,425,4579.6,4466.4,4771.5
19060,2021-04-20 13:35:00,4579.6,4579.6,4579.6,4579.6,50,425,4579.6,4466.4,4771.5
19061,2021-04-20 13:36:00,4579.6,4579.6,4579.6,4579.6,50,425,4579.6,4466.4,4771.5
19062,2021-04-20 13:37:00,4579.6,4579.6,4579.6,4579.6,50,425,4579.6,4466.4,4771.5
19063,2021-04-20 13:38:00,4579.6,4579.6,4579.6,4579.6,50,425,4579.6,4466.4,4771.5
19064,2021-04-20 13:39:00,4579.6,4579.6,4579.6,4579.6,50,425,4579.6,4466.4,4771.5
19065,2021-04-20 13:40:00,4579.6,4579.6,4579.6,4579.6,50,425,4579.6,4466.4,4771.5
19066,2021-04-20 13:41:00,4579.6,4579.6,4579.6,4579.6,50,425,4579.6,4466.4,4771.5
19067,2021-04-20 13:42:00,4579.6,4579.6,4579.6,4579.6,50,425,4579.6,4466.4,4771.5
19068,2021-04-20 13:43:00,4579.6,4579.6,4579.6,4579.6,50,425,4579.6,4466.4,4771.5
19069,2021-04-20 13:44:00,4579.6,4579.6,4579.6,4579.6,50,425,4579.6,4466.4,4771.5
19070,2021-04-20 13:45:00,4579.6,4579.6,4579.6,4579.6,50,425,4579.6,4466.4,4771.5
19071,2021-04-20 13:46:00,4579.6,4579.6,4579.6,4579.6,50,425,4579.6,4466.4,4771.5
19072,2021-04-20 13:47:00,4579.6,4579.6,4579.6,4579.6,50,425,4579.6,4466.4,4771.5
19073,2021-04-20 13:48:00,4579.6,4579.6,4579.6,4579.6,50,425,4579.6,4466.4,4771.5
19074,2021-04-20 13:49:00,4579.6,4579.6,4579.6,4579.6,50,425,4579.6,4466.4,4771.5
19075,2021-04-20 13:50:00,4579.6,4579.6,4579.6,4579.6,50,425,4579.6,4466.4,4771.5
19076,2021-04-20 13:51:00,4579.6,4579.6,4579.6,4579.6,50,425,4579.6,4466.4,4771.5
19077,2021-04-20 13:52:00,4579.6,4579.6,4579.6,4579.6,50,425,4579.6,4466.4,4771.5
19078,2021-04-20 13:53:00,4579.6,4579.6,4579.6,4579.6,50,425,4579.6,4466.4,4771.5
19079,2021-04-20 13:54:00,4579.6,4579.6,4579.6,4579.6,50,425,4579.6,4466.4,4771.5
19080,2021-04-20 13:55:00,4579.6,4579.6,4579.6,4579.6,50,425,4579.6,4466.4,4771.5
19081,2021-04-20 13:56:00,4579.6,4579.6,4579.6,4579.6,50,425,4579.6,4466.4,4771.5
19082,2021-04-20 13:57:00,4579.6,4579.6,4579.6,4579.6,50,425,4579.6,4466.4,4771.5
19083,2021-04-20 13:58:00,4579.6,4579.6,4579.6,4579.6,50,425,4579.6,4466.4,4771.5
19084,2021-04-20 13:59:00,4579.6,4579.6,4579.6,4579.6,50,425,4579.6,4466.4,4771.5
19085,2021-04-20 14:00:00,4579.6,4579.6,4579.6,4579.6,50,425,4579.6,4466.4,4771.5
19086,2021-04-20 14:01:00,4579.6,4579.6,4579.6,4579.6,50,425,4579.6,4466.4,4771.5
19087,2021-04-20 14:02:00,4579.6,4579.6,4579.6,4579.6,50,425,4579.6,4466.4,4771.5
19088,2021-04-20 14:03:00,4579.6,4579.6,4579.6,4579.6,50,425,4579.6,4466.4,4771.5
19089,2021-04-20 14:04:00,4579.6,4579.6,4579.6,4579.6,50,425,4579.6,4466.4,4771.5
19090,2021-04-20 14:05:00,4579.6,4579.6,4579.6,4579.6,50,425,4579.6,4466.4,4771.5
19091,2021-04-20 14:06:00,4579.6,4579.6,4579.6,4579.6,50,425,4579.6,4466.4,4771.5
19092,2021-04-20 14:07:00,4579.6,4579.6,4579.6,4579.6,50,425,4579.6,4466.4,4771.5
19093,2021-04-20 14:08:00,4579.6,4579.6,4579.6,4579.6,50,425,4579.6,4466.4,4771.5
19094,2021-04-20 14:09:00,4579.6,4579.6,4579.6,4579.6,50,425,4579.6,4466.4,4771.5
19095,2021-04-20 14:10:00,4579.6,4579.6,4579.6,4579.6,50,425,4579.6,4466.4,4771.5
19096,2021-04-20 14:11:00,4579.6,4579.6,4579.6,4579.6,50,425,4579.6,4466.4,4771.5
19097,2021-04-20 14:12:00,4579.6,4579.6,4579.6,4579.6,50,425,4579.6,4466.4,4771.5
19098,2021-04-20 14:13:00,4579.6,4579.6,4579.6,4579.6,50,425,4579.6,4466.4,4771.5
19099,2021-04-20 14:14:00,4579.6,4579.6,4579.6,4579.6,50,425,4579.6,4466.4,4771.5
19100,2021-04-20 14:15:00,4579.6,4579.6,4579.6,4579.6,50,425,4579.6,4466.4,4771.5
19101,2021-04-20 14:16:00,4579.6,4579.6,4579.6,4579.6,50,425,4579.6,4466.4,4771.5
19102,2021-04-20 14:17:00,4579.6,4579.6,4579.6,4579.6,50,425,4579.6,4466.4,4771.5
19103,2021-04-20 14:18:00,4579.6,4579.6,4579.6,4579.6,50,425,4579.6,4466.4,4771.5
19104,2021-04-20 14:19:00,4579.6,4579.6,4579.6,4579.6,50,425,4579.6,4466.4,4771.5
19105,2021-04-20 14:20:00,4579.6,4579.6,4579.6,4579.6,50,425,4579.6,4466.4,4771.5
19106,2021-04-20 14:21:00,4579.6,4579.6,4579.6,4579.6,50,425,4579.6,4466.4,4771.5
19107,2021-04-20 14:22:00,4579.6,4579.6,4579.6,4579.6,50,425,4579.6,4466.4,4771.5
19108,2021-04-20 14:23:00,4579.6,4579.6,4579.6,4579.6,50,425,4579.6,4466.4,4771.5
19109,2021-04-20 14:24:00,4579.6,4579.6,4579.6,4579.6,50,425,4579.6,4466.4,4771.5
19110,2021-04-20 14:25:00,4579.6,4579.6,4579.6,4579.6,50,425,4579.6,4466.4,4771.5
19111,2021-04-20 14:26:00,4579.6,4579.6,4579.6,4579.6,50,425,4579.6,4466.4,4771.5
19112,2021-04-20 14:27:00,4579.6,4579.6,4579.6,4579.6,50,425,4579.6,4466.4,4771.5
19113,2021-04-20 14:28:00,4579.6,4579.6,4579.6,4579.6,50,425,4579.6,4466.4,4771.5
19114,2021-04-20 14:29:00,4579.6,4579.6,4579.6,4579.6,50,425,4579.6,4466.4,4771.5
19115,2021-04-20 14:30:00,4579.6,4579.6,4579.6,4579.6,50,425,4579.6,4466.4,4771.5
19116,2021-04-20 14:31:00,4579.6,4579.6,4579.6,4579.6,50,425,4579.6,4466.4,4771.5
19117,2021-04-20 14:32:00,4579.6,4579.6,4579.6,4579.6,50,425,4579.6,4466.4,4771.5
19118,2021-04-20 14:33:00,4579.6,4579.6,4579.6,4579.6,50,425,4579.6,4466.4,4771.5
19119,2021-04-20 14:34:00,4579.6,4579.6,4579.6,4579.6,50,425,4579.6,4466.4,4771.5
19120,2021-04-20 14:35:00,4579.6,4579.6,4579.6,4579.6,50,425,4579.6,4466.4,4771.5
19121,2021-04-20 14:36:00,4579.6,4579.6,4579.6,4579.6,50,425,4579.6,4466.4,4771.5
19122,2021-04-20 14:37:00,4579.6,4579.6,4579.6,4579.6,50,425,4579.6,4466.4,4771.5
19123,2021-04-20 14:38:00,4579.6,4579.6,4579.6,4579.6,50,425,4579.6,4466.4,4771.5
19124,2021-04-20 14:39:00,4579.6,4579.6,4579.6,4579.6,50,425,4579.6,4466.4,4771.5
19125,2021-04-20 14:40:00,4579.6,4579.6,4579.6,4579.6,50,425,4579.6,4466.4,4771.5
19126,2021-04-20 14:41:00,4579.6,4579.6,4579.6,4579.6,50,425,4579.6,4466.4,4771.5
19127,2021-04-20 14:42:00,4579.6,4579.6,4579.6,4579.6,50,425,4579.6,4466.4,4771.5
19128,2021-04-20 14:43:00,4579.6,4579.6,4579.6,4579.6,50,425,4579.6,4466.4,4771.5
19129,2021-04-20 14:44:00,4579.6,4579.6,4579.6,4579.6,50,425,4579.6,4466.4,4771.5
19130,2021-04-20 14:45:00,4579.6,4579.6,4579.6,4579.6,50,425,4579.6,4466.4,4771.5
19131,2021-04-20 14:46:00,4579.6,4579.6,4579.6,4579.6,50,425,4579.6,4466.4,4771.5
19132,2021-04-20 14:47:00,4579.6,4579.6,4579.6,4579.6,50,425,4579.6,4466.4,4771.5
19133,2021-04-20 14:48:00,4579.6,4579.6,4579.6,4579.6,50,425,4579.6,4466.4,4771.5
19134,2021-04-20 14:49:00,4579.6,4579.6,4579.6,4579.6,50,425,4579.6,4466.4,4771.5
19135,2021-04-20 14:50:00,4579.6,4579.6,4579.6,4579.6,50,425,4579.6,4466.4,4771.5
19136,2021-04-20 14:51:00,4579.6,4579.6,4579.6,4579.6,50,425,4579.6,4466.4,4771.5
19137,2021-04-20 14:52:00,4579.6,4579.6,4579.6,4579.6,50,425,4579.6,4466.4,4771.5
19138,2021-04-20 14:53:00,4579.6,4579.6,4579.6,4579.6,50,425,4579.6,4466.4,4771.5
19139,2021-04-20 14:54:00,4579.6,4579.6,4579.6,4579.6,50,425,4579.6,4466.4,4771.5
19140,2021-04-20 14:55:00,4579.6,4579.6,4579.6,4579.6,50,425,4579.6,4466.4,4771.5
19141,2021-04-20 14:56:00,4579.6,4579.6,4579.6,4579.6,50,425,4579.6,4466.4,4771.5
19142,2021-04-20 14:57:00,4579.6,4579.6,4579.6,4579.6,50,425,4579.6,4466.4,4771.5
19143,2021-04-20 14:58:00,4579.6,4579.6,4579.6,4579.6,50,425,4579.6,4466.4,4771.5
19144,2021-04-20 14:59:00,4579.6,4579.6,4579.6,4579.6,50,425,4579.6,4466.4,4771.5
19145,2021-04-20 15:00:00,4579.6,4579.6,4579.6,4579.6,50,425,4579.6,4466.4,4771.5
19146,2021-04-20 15:01:00,4579.6,4579.6,4579.6,4579.6,50,425,4579.6,4466.4,4771.5
19147,2021-04-20 15:02:00,4579.6,4579.6,4579.6,4579.6,50,425,4579.6,4466.4,4771.5
19148,2021-04-20 15:03:00,4579.6,4579.6,4579.6,4579.6,50,425,4579.6,4466.4,4771.5
19149,2021-04-20 15:04:00,4579.6,4579.6,4579.6,4579.6,50,425,4579.6,4466.4,4771.5
19150,2021-04-20 15:05:00,4579.6,4579.6,4579.6,4579.6,50,425,4579.6,4466.4,4771.5
19151,2021-04-20 15:06:00,4579.6,4579.6,4579.6,4579.6,50,425,4579.6,4466.4,4771.5
19152,2021-04-20 15:07:00,4579.6,4579.6,4579.6,4579.6,50,425,4579.6,4466.4,4771.5
19153,2021-04-20 15:08:00,4579.6,4579.6,4579.6,4579.6,50,425,4579.6,4466.4,4771.5
19154,2021-04-20 15:09:00,4579.6,4579.6,4579.6,4579.6,50,425,4579.6,4466.4,4771.5
19155,2021-04-20 15:10:00,4579.6,4579.6,4579.6,4579.6,50,425,4579.6,4466.4,4771.5
19156,2021-04-20 15:11:00,4579.6,4579.6,4579.6,4579.6,50,425,4579.6,4466.4,4771.5
19157,2021-04-20 15:12:00,4579.6,4579.6,4579.6,4579.6,50,425,4579.6,4466.4,4771.5
19158,2021-04-20 15:13:00,4579.6,4579.6,4579.6,4579.6,50,425,4579.6,4466.4,4771.5
19159,2021-04-20 15:14:00,4579.6,4579.6,4579.6,4579.6,50,425,4579.6,4466.4,4771.5
19160,2021-04-20 15:15:00,4579.6,4579.6,4579.6,4579.6,50,425,4579.6,4466.4,4771.5
19161,2021-04-20 15:16:00,4579.6,4579.6,4579.6,4579.6,50,425,4579.6,4466.4,4771.5
19162,2021-04-20 15:17:00,4579.6,4579.6,4579.6,4579.6,50,425,4579.6,4466.4,4771.5
19163,2021-04-20 15:18:00,4579.6,4579.6,4579.6,4579.6,50,425,4579.6,4466.4,4771.5
19164,2021-04-20 15:19:00,4579.6,4579.6,4579.6,4579.6,50,425,4579.6,4466.4,4771.5
19165,2021-04-20 15:20:00,4579.6,4579.6,4579.6,4579.6,50,425,4579.6,4466.4,4771.5
19166,2021-04-20 15:21:00,4579.6,4579.6,4579.6,4579.6,50,425,4579.6,4466.4,4771.5
19167,2021-04-20 15:22:00,4579.6,4579.6,4579.6,4579.6,50,425,4579.6,4466.4,4771.5
19168,2021-04-20 15:23:00,4579.6,4579.6,4579.6,4579.6,50,425,4579.6,4466.4,4771.5
19169,2021-04-20 15:24:00,4579.6,4579.6,4579.6,4579.6,50,425,4579.6,4466.4,4771.5
19170,2021-04-20 15:25:00,4579.6,4579.6,4579.6,4579.6,50,425,4579.6,4466.4,4771.5
19171,2021-04-20 15:26:00,4579.6,4579.6,4579.6,4579.6,50,425,4579.6,4466.4,4771.5
19172,2021-04-20 15:27:00,4579.6,4579.6,4579.6,4579.6,50,425,4579.6,4466.4,4771.5
19173,2021-04-20 15:28:00,4579.6,4579.6,4579.6,4579.6,50,425,4579.6,4466.4,4771.5
19174,2021-04-20 15:29:00,4579.6,4579.6,4579.6,4579.6,50,425,4579.6,4466.4,4771.5
19175,2021-04-20 15:30:00,4579.6,4579.6,4579.6,4579.6,50,425,4579.6,4466.4,4771.5
