,datetime,open,high,low,close,volume,oi,vwap,best_bid,best_offer
0,2020-12-17 09:15:00,-1.0,-1.0,-1.0,-1.0,-1,-1,-1.0,-1.0,-1.0
1,2020-12-17 09:16:00,-1.0,-1.0,-1.0,-1.0,-1,-1,-1.0,-1.0,-1.0
2,2020-12-17 09:17:00,-1.0,-1.0,-1.0,-1.0,-1,-1,-1.0,-1.0,-1.0
3,2020-12-17 09:18:00,-1.0,-1.0,-1.0,-1.0,-1,-1,-1.0,-1.0,-1.0
4,2020-12-17 09:19:00,-1.0,-1.0,-1.0,-1.0,-1,-1,-1.0,-1.0,-1.0
5,2020-12-17 09:20:00,-1.0,-1.0,-1.0,-1.0,-1,-1,-1.0,-1.0,-1.0
6,2020-12-17 09:21:00,-1.0,-1.0,-1.0,-1.0,-1,-1,-1.0,-1.0,-1.0
7,2020-12-17 09:22:00,-1.0,-1.0,-1.0,-1.0,-1,-1,-1.0,-1.0,-1.0
8,2020-12-17 09:23:00,-1.0,-1.0,-1.0,-1.0,-1,-1,-1.0,-1.0,-1.0
9,2020-12-17 09:24:00,-1.0,-1.0,-1.0,-1.0,-1,-1,-1.0,-1.0,-1.0
10,2020-12-17 09:25:00,-1.0,-1.0,-1.0,-1.0,-1,-1,-1.0,-1.0,-1.0
11,2020-12-17 09:26:00,-1.0,-1.0,-1.0,-1.0,-1,-1,-1.0,-1.0,-1.0
12,2020-12-17 09:27:00,-1.0,-1.0,-1.0,-1.0,-1,-1,-1.0,-1.0,-1.0
13,2020-12-17 09:28:00,-1.0,-1.0,-1.0,-1.0,-1,-1,-1.0,-1.0,-1.0
14,2020-12-17 09:29:00,-1.0,-1.0,-1.0,-1.0,-1,-1,-1.0,-1.0,-1.0
15,2020-12-17 09:30:00,-1.0,-1.0,-1.0,-1.0,-1,-1,-1.0,-1.0,-1.0
16,2020-12-17 09:31:00,-1.0,-1.0,-1.0,-1.0,-1,-1,-1.0,-1.0,-1.0
17,2020-12-17 09:32:00,-1.0,-1.0,-1.0,-1.0,-1,-1,-1.0,-1.0,-1.0
18,2020-12-17 09:33:00,-1.0,-1.0,-1.0,-1.0,-1,-1,-1.0,-1.0,-1.0
19,2020-12-17 09:34:00,-1.0,-1.0,-1.0,-1.0,-1,-1,-1.0,-1.0,-1.0
20,2020-12-17 09:35:00,-1.0,-1.0,-1.0,-1.0,-1,-1,-1.0,-1.0,-1.0
21,2020-12-17 09:36:00,-1.0,-1.0,-1.0,-1.0,-1,-1,-1.0,-1.0,-1.0
22,2020-12-17 09:37:00,-1.0,-1.0,-1.0,-1.0,-1,-1,-1.0,-1.0,-1.0
23,2020-12-17 09:38:00,-1.0,-1.0,-1.0,-1.0,-1,-1,-1.0,-1.0,-1.0
24,2020-12-17 09:39:00,-1.0,-1.0,-1.0,-1.0,-1,-1,-1.0,-1.0,-1.0
25,2020-12-17 09:40:00,-1.0,-1.0,-1.0,-1.0,-1,-1,-1.0,-1.0,-1.0
26,2020-12-17 09:41:00,-1.0,-1.0,-1.0,-1.0,-1,-1,-1.0,-1.0,-1.0
27,2020-12-17 09:42:00,-1.0,-1.0,-1.0,-1.0,-1,-1,-1.0,-1.0,-1.0
28,2020-12-17 09:43:00,-1.0,-1.0,-1.0,-1.0,-1,-1,-1.0,-1.0,-1.0
29,2020-12-17 09:44:00,-1.0,-1.0,-1.0,-1.0,-1,-1,-1.0,-1.0,-1.0
30,2020-12-17 09:45:00,-1.0,-1.0,-1.0,-1.0,-1,-1,-1.0,-1.0,-1.0
31,2020-12-17 09:46:00,-1.0,-1.0,-1.0,-1.0,-1,-1,-1.0,-1.0,-1.0
32,2020-12-17 09:47:00,-1.0,-1.0,-1.0,-1.0,-1,-1,-1.0,-1.0,-1.0
33,2020-12-17 09:48:00,-1.0,-1.0,-1.0,-1.0,-1,-1,-1.0,-1.0,-1.0
34,2020-12-17 09:49:00,-1.0,-1.0,-1.0,-1.0,-1,-1,-1.0,-1.0,-1.0
35,2020-12-17 09:50:00,-1.0,-1.0,-1.0,-1.0,-1,-1,-1.0,-1.0,-1.0
36,2020-12-17 09:51:00,-1.0,-1.0,-1.0,-1.0,-1,-1,-1.0,-1.0,-1.0
37,2020-12-17 09:52:00,-1.0,-1.0,-1.0,-1.0,-1,-1,-1.0,-1.0,-1.0
38,2020-12-17 09:53:00,-1.0,-1.0,-1.0,-1.0,-1,-1,-1.0,-1.0,-1.0
39,2020-12-17 09:54:00,-1.0,-1.0,-1.0,-1.0,-1,-1,-1.0,-1.0,-1.0
40,2020-12-17 09:55:00,-1.0,-1.0,-1.0,-1.0,-1,-1,-1.0,-1.0,-1.0
41,2020-12-17 09:56:00,-1.0,-1.0,-1.0,-1.0,-1,-1,-1.0,-1.0,-1.0
42,2020-12-17 09:57:00,-1.0,-1.0,-1.0,-1.0,-1,-1,-1.0,-1.0,-1.0
43,2020-12-17 09:58:00,-1.0,-1.0,-1.0,-1.0,-1,-1,-1.0,-1.0,-1.0
44,2020-12-17 09:59:00,-1.0,-1.0,-1.0,-1.0,-1,-1,-1.0,-1.0,-1.0
45,2020-12-17 10:00:00,-1.0,-1.0,-1.0,-1.0,-1,-1,-1.0,-1.0,-1.0
46,2020-12-17 10:01:00,-1.0,-1.0,-1.0,-1.0,-1,-1,-1.0,-1.0,-1.0
47,2020-12-17 10:02:00,-1.0,-1.0,-1.0,-1.0,-1,-1,-1.0,-1.0,-1.0
48,2020-12-17 10:03:00,-1.0,-1.0,-1.0,-1.0,-1,-1,-1.0,-1.0,-1.0
49,2020-12-17 10:04:00,-1.0,-1.0,-1.0,-1.0,-1,-1,-1.0,-1.0,-1.0
50,2020-12-17 10:05:00,-1.0,-1.0,-1.0,-1.0,-1,-1,-1.0,-1.0,-1.0
51,2020-12-17 10:06:00,-1.0,-1.0,-1.0,-1.0,-1,-1,-1.0,-1.0,-1.0
52,2020-12-17 10:07:00,-1.0,-1.0,-1.0,-1.0,-1,-1,-1.0,-1.0,-1.0
53,2020-12-17 10:08:00,-1.0,-1.0,-1.0,-1.0,-1,-1,-1.0,-1.0,-1.0
54,2020-12-17 10:09:00,-1.0,-1.0,-1.0,-1.0,-1,-1,-1.0,-1.0,-1.0
55,2020-12-17 10:10:00,-1.0,-1.0,-1.0,-1.0,-1,-1,-1.0,-1.0,-1.0
56,2020-12-17 10:11:00,-1.0,-1.0,-1.0,-1.0,-1,-1,-1.0,-1.0,-1.0
57,2020-12-17 10:12:00,-1.0,-1.0,-1.0,-1.0,-1,-1,-1.0,-1.0,-1.0
58,2020-12-17 10:13:00,-1.0,-1.0,-1.0,-1.0,-1,-1,-1.0,-1.0,-1.0
59,2020-12-17 10:14:00,-1.0,-1.0,-1.0,-1.0,-1,-1,-1.0,-1.0,-1.0
60,2020-12-17 10:15:00,-1.0,-1.0,-1.0,-1.0,-1,-1,-1.0,-1.0,-1.0
61,2020-12-17 10:16:00,-1.0,-1.0,-1.0,-1.0,-1,-1,-1.0,-1.0,-1.0
62,2020-12-17 10:17:00,-1.0,-1.0,-1.0,-1.0,-1,-1,-1.0,-1.0,-1.0
63,2020-12-17 10:18:00,-1.0,-1.0,-1.0,-1.0,-1,-1,-1.0,-1.0,-1.0
64,2020-12-17 10:19:00,-1.0,-1.0,-1.0,-1.0,-1,-1,-1.0,-1.0,-1.0
65,2020-12-17 10:20:00,-1.0,-1.0,-1.0,-1.0,-1,-1,-1.0,-1.0,-1.0
66,2020-12-17 10:21:00,-1.0,-1.0,-1.0,-1.0,-1,-1,-1.0,-1.0,-1.0
67,2020-12-17 10:22:00,-1.0,-1.0,-1.0,-1.0,-1,-1,-1.0,-1.0,-1.0
68,2020-12-17 10:23:00,-1.0,-1.0,-1.0,-1.0,-1,-1,-1.0,-1.0,-1.0
69,2020-12-17 10:24:00,-1.0,-1.0,-1.0,-1.0,-1,-1,-1.0,-1.0,-1.0
70,2020-12-17 10:25:00,-1.0,-1.0,-1.0,-1.0,-1,-1,-1.0,-1.0,-1.0
71,2020-12-17 10:26:00,-1.0,-1.0,-1.0,-1.0,-1,-1,-1.0,-1.0,-1.0
72,2020-12-17 10:27:00,-1.0,-1.0,-1.0,-1.0,-1,-1,-1.0,-1.0,-1.0
73,2020-12-17 10:28:00,-1.0,-1.0,-1.0,-1.0,-1,-1,-1.0,-1.0,-1.0
74,2020-12-17 10:29:00,-1.0,-1.0,-1.0,-1.0,-1,-1,-1.0,-1.0,-1.0
75,2020-12-17 10:30:00,-1.0,-1.0,-1.0,-1.0,-1,-1,-1.0,-1.0,-1.0
76,2020-12-17 10:31:00,-1.0,-1.0,-1.0,-1.0,-1,-1,-1.0,-1.0,-1.0
77,2020-12-17 10:32:00,-1.0,-1.0,-1.0,-1.0,-1,-1,-1.0,-1.0,-1.0
78,2020-12-17 10:33:00,-1.0,-1.0,-1.0,-1.0,-1,-1,-1.0,-1.0,-1.0
79,2020-12-17 10:34:00,-1.0,-1.0,-1.0,-1.0,-1,-1,-1.0,-1.0,-1.0
80,2020-12-17 10:35:00,-1.0,-1.0,-1.0,-1.0,-1,-1,-1.0,-1.0,-1.0
81,2020-12-17 10:36:00,-1.0,-1.0,-1.0,-1.0,-1,-1,-1.0,-1.0,-1.0
82,2020-12-17 10:37:00,-1.0,-1.0,-1.0,-1.0,-1,-1,-1.0,-1.0,-1.0
83,2020-12-17 10:38:00,-1.0,-1.0,-1.0,-1.0,-1,-1,-1.0,-1.0,-1.0
84,2020-12-17 10:39:00,-1.0,-1.0,-1.0,-1.0,-1,-1,-1.0,-1.0,-1.0
85,2020-12-17 10:40:00,-1.0,-1.0,-1.0,-1.0,-1,-1,-1.0,-1.0,-1.0
86,2020-12-17 10:41:00,-1.0,-1.0,-1.0,-1.0,-1,-1,-1.0,-1.0,-1.0
87,2020-12-17 10:42:00,-1.0,-1.0,-1.0,-1.0,-1,-1,-1.0,-1.0,-1.0
88,2020-12-17 10:43:00,-1.0,-1.0,-1.0,-1.0,-1,-1,-1.0,-1.0,-1.0
89,2020-12-17 10:44:00,-1.0,-1.0,-1.0,-1.0,-1,-1,-1.0,-1.0,-1.0
90,2020-12-17 10:45:00,-1.0,-1.0,-1.0,-1.0,-1,-1,-1.0,-1.0,-1.0
91,2020-12-17 10:46:00,-1.0,-1.0,-1.0,-1.0,-1,-1,-1.0,-1.0,-1.0
92,2020-12-17 10:47:00,-1.0,-1.0,-1.0,-1.0,-1,-1,-1.0,-1.0,-1.0
93,2020-12-17 10:48:00,-1.0,-1.0,-1.0,-1.0,-1,-1,-1.0,-1.0,-1.0
94,2020-12-17 10:49:00,-1.0,-1.0,-1.0,-1.0,-1,-1,-1.0,-1.0,-1.0
95,2020-12-17 10:50:00,-1.0,-1.0,-1.0,-1.0,-1,-1,-1.0,-1.0,-1.0
96,2020-12-17 10:51:00,-1.0,-1.0,-1.0,-1.0,-1,-1,-1.0,-1.0,-1.0
97,2020-12-17 10:52:00,-1.0,-1.0,-1.0,-1.0,-1,-1,-1.0,-1.0,-1.0
98,2020-12-17 10:53:00,-1.0,-1.0,-1.0,-1.0,-1,-1,-1.0,-1.0,-1.0
99,2020-12-17 10:54:00,-1.0,-1.0,-1.0,-1.0,-1,-1,-1.0,-1.0,-1.0
100,2020-12-17 10:55:00,-1.0,-1.0,-1.0,-1.0,-1,-1,-1.0,-1.0,-1.0
101,2020-12-17 10:56:00,-1.0,-1.0,-1.0,-1.0,-1,-1,-1.0,-1.0,-1.0
102,2020-12-17 10:57:00,-1.0,-1.0,-1.0,-1.0,-1,-1,-1.0,-1.0,-1.0
103,2020-12-17 10:58:00,-1.0,-1.0,-1.0,-1.0,-1,-1,-1.0,-1.0,-1.0
104,2020-12-17 10:59:00,-1.0,-1.0,-1.0,-1.0,-1,-1,-1.0,-1.0,-1.0
105,2020-12-17 11:00:00,-1.0,-1.0,-1.0,-1.0,-1,-1,-1.0,-1.0,-1.0
106,2020-12-17 11:01:00,-1.0,-1.0,-1.0,-1.0,-1,-1,-1.0,-1.0,-1.0
107,2020-12-17 11:02:00,-1.0,-1.0,-1.0,-1.0,-1,-1,-1.0,-1.0,-1.0
108,2020-12-17 11:03:00,-1.0,-1.0,-1.0,-1.0,-1,-1,-1.0,-1.0,-1.0
109,2020-12-17 11:04:00,-1.0,-1.0,-1.0,-1.0,-1,-1,-1.0,-1.0,-1.0
110,2020-12-17 11:05:00,-1.0,-1.0,-1.0,-1.0,-1,-1,-1.0,-1.0,-1.0
111,2020-12-17 11:06:00,-1.0,-1.0,-1.0,-1.0,-1,-1,-1.0,-1.0,-1.0
112,2020-12-17 11:07:00,-1.0,-1.0,-1.0,-1.0,-1,-1,-1.0,-1.0,-1.0
113,2020-12-17 11:08:00,-1.0,-1.0,-1.0,-1.0,-1,-1,-1.0,-1.0,-1.0
114,2020-12-17 11:09:00,-1.0,-1.0,-1.0,-1.0,-1,-1,-1.0,-1.0,-1.0
115,2020-12-17 11:10:00,-1.0,-1.0,-1.0,-1.0,-1,-1,-1.0,-1.0,-1.0
116,2020-12-17 11:11:00,-1.0,-1.0,-1.0,-1.0,-1,-1,-1.0,-1.0,-1.0
117,2020-12-17 11:12:00,-1.0,-1.0,-1.0,-1.0,-1,-1,-1.0,-1.0,-1.0
118,2020-12-17 11:13:00,-1.0,-1.0,-1.0,-1.0,-1,-1,-1.0,-1.0,-1.0
119,2020-12-17 11:14:00,-1.0,-1.0,-1.0,-1.0,-1,-1,-1.0,-1.0,-1.0
120,2020-12-17 11:15:00,-1.0,-1.0,-1.0,-1.0,-1,-1,-1.0,-1.0,-1.0
121,2020-12-17 11:16:00,-1.0,-1.0,-1.0,-1.0,-1,-1,-1.0,-1.0,-1.0
122,2020-12-17 11:17:00,-1.0,-1.0,-1.0,-1.0,-1,-1,-1.0,-1.0,-1.0
123,2020-12-17 11:18:00,-1.0,-1.0,-1.0,-1.0,-1,-1,-1.0,-1.0,-1.0
124,2020-12-17 11:19:00,-1.0,-1.0,-1.0,-1.0,-1,-1,-1.0,-1.0,-1.0
125,2020-12-17 11:20:00,-1.0,-1.0,-1.0,-1.0,-1,-1,-1.0,-1.0,-1.0
126,2020-12-17 11:21:00,-1.0,-1.0,-1.0,-1.0,-1,-1,-1.0,-1.0,-1.0
127,2020-12-17 11:22:00,-1.0,-1.0,-1.0,-1.0,-1,-1,-1.0,-1.0,-1.0
128,2020-12-17 11:23:00,-1.0,-1.0,-1.0,-1.0,-1,-1,-1.0,-1.0,-1.0
129,2020-12-17 11:24:00,-1.0,-1.0,-1.0,-1.0,-1,-1,-1.0,-1.0,-1.0
130,2020-12-17 11:25:00,-1.0,-1.0,-1.0,-1.0,-1,-1,-1.0,-1.0,-1.0
131,2020-12-17 11:26:00,-1.0,-1.0,-1.0,-1.0,-1,-1,-1.0,-1.0,-1.0
132,2020-12-17 11:27:00,-1.0,-1.0,-1.0,-1.0,-1,-1,-1.0,-1.0,-1.0
133,2020-12-17 11:28:00,-1.0,-1.0,-1.0,-1.0,-1,-1,-1.0,-1.0,-1.0
134,2020-12-17 11:29:00,-1.0,-1.0,-1.0,-1.0,-1,-1,-1.0,-1.0,-1.0
135,2020-12-17 11:30:00,-1.0,-1.0,-1.0,-1.0,-1,-1,-1.0,-1.0,-1.0
136,2020-12-17 11:31:00,-1.0,-1.0,-1.0,-1.0,-1,-1,-1.0,-1.0,-1.0
137,2020-12-17 11:32:00,-1.0,-1.0,-1.0,-1.0,-1,-1,-1.0,-1.0,-1.0
138,2020-12-17 11:33:00,-1.0,-1.0,-1.0,-1.0,-1,-1,-1.0,-1.0,-1.0
139,2020-12-17 11:34:00,-1.0,-1.0,-1.0,-1.0,-1,-1,-1.0,-1.0,-1.0
140,2020-12-17 11:35:00,-1.0,-1.0,-1.0,-1.0,-1,-1,-1.0,-1.0,-1.0
141,2020-12-17 11:36:00,-1.0,-1.0,-1.0,-1.0,-1,-1,-1.0,-1.0,-1.0
142,2020-12-17 11:37:00,-1.0,-1.0,-1.0,-1.0,-1,-1,-1.0,-1.0,-1.0
143,2020-12-17 11:38:00,-1.0,-1.0,-1.0,-1.0,-1,-1,-1.0,-1.0,-1.0
144,2020-12-17 11:39:00,-1.0,-1.0,-1.0,-1.0,-1,-1,-1.0,-1.0,-1.0
145,2020-12-17 11:40:00,-1.0,-1.0,-1.0,-1.0,-1,-1,-1.0,-1.0,-1.0
146,2020-12-17 11:41:00,-1.0,-1.0,-1.0,-1.0,-1,-1,-1.0,-1.0,-1.0
147,2020-12-17 11:42:00,-1.0,-1.0,-1.0,-1.0,-1,-1,-1.0,-1.0,-1.0
148,2020-12-17 11:43:00,-1.0,-1.0,-1.0,-1.0,-1,-1,-1.0,-1.0,-1.0
149,2020-12-17 11:44:00,-1.0,-1.0,-1.0,-1.0,-1,-1,-1.0,-1.0,-1.0
150,2020-12-17 11:45:00,-1.0,-1.0,-1.0,-1.0,-1,-1,-1.0,-1.0,-1.0
151,2020-12-17 11:46:00,-1.0,-1.0,-1.0,-1.0,-1,-1,-1.0,-1.0,-1.0
152,2020-12-17 11:47:00,-1.0,-1.0,-1.0,-1.0,-1,-1,-1.0,-1.0,-1.0
153,2020-12-17 11:48:00,-1.0,-1.0,-1.0,-1.0,-1,-1,-1.0,-1.0,-1.0
154,2020-12-17 11:49:00,-1.0,-1.0,-1.0,-1.0,-1,-1,-1.0,-1.0,-1.0
155,2020-12-17 11:50:00,-1.0,-1.0,-1.0,-1.0,-1,-1,-1.0,-1.0,-1.0
156,2020-12-17 11:51:00,-1.0,-1.0,-1.0,-1.0,-1,-1,-1.0,-1.0,-1.0
157,2020-12-17 11:52:00,-1.0,-1.0,-1.0,-1.0,-1,-1,-1.0,-1.0,-1.0
158,2020-12-17 11:53:00,-1.0,-1.0,-1.0,-1.0,-1,-1,-1.0,-1.0,-1.0
159,2020-12-17 11:54:00,-1.0,-1.0,-1.0,-1.0,-1,-1,-1.0,-1.0,-1.0
160,2020-12-17 11:55:00,-1.0,-1.0,-1.0,-1.0,-1,-1,-1.0,-1.0,-1.0
161,2020-12-17 11:56:00,-1.0,-1.0,-1.0,-1.0,-1,-1,-1.0,-1.0,-1.0
162,2020-12-17 11:57:00,-1.0,-1.0,-1.0,-1.0,-1,-1,-1.0,-1.0,-1.0
163,2020-12-17 11:58:00,-1.0,-1.0,-1.0,-1.0,-1,-1,-1.0,-1.0,-1.0
164,2020-12-17 11:59:00,-1.0,-1.0,-1.0,-1.0,-1,-1,-1.0,-1.0,-1.0
165,2020-12-17 12:00:00,-1.0,-1.0,-1.0,-1.0,-1,-1,-1.0,-1.0,-1.0
166,2020-12-17 12:01:00,-1.0,-1.0,-1.0,-1.0,-1,-1,-1.0,-1.0,-1.0
167,2020-12-17 12:02:00,-1.0,-1.0,-1.0,-1.0,-1,-1,-1.0,-1.0,-1.0
168,2020-12-17 12:03:00,-1.0,-1.0,-1.0,-1.0,-1,-1,-1.0,-1.0,-1.0
169,2020-12-17 12:04:00,-1.0,-1.0,-1.0,-1.0,-1,-1,-1.0,-1.0,-1.0
170,2020-12-17 12:05:00,-1.0,-1.0,-1.0,-1.0,-1,-1,-1.0,-1.0,-1.0
171,2020-12-17 12:06:00,-1.0,-1.0,-1.0,-1.0,-1,-1,-1.0,-1.0,-1.0
172,2020-12-17 12:07:00,-1.0,-1.0,-1.0,-1.0,-1,-1,-1.0,-1.0,-1.0
173,2020-12-17 12:08:00,-1.0,-1.0,-1.0,-1.0,-1,-1,-1.0,-1.0,-1.0
174,2020-12-17 12:09:00,-1.0,-1.0,-1.0,-1.0,-1,-1,-1.0,-1.0,-1.0
175,2020-12-17 12:10:00,-1.0,-1.0,-1.0,-1.0,-1,-1,-1.0,-1.0,-1.0
176,2020-12-17 12:11:00,-1.0,-1.0,-1.0,-1.0,-1,-1,-1.0,-1.0,-1.0
177,2020-12-17 12:12:00,-1.0,-1.0,-1.0,-1.0,-1,-1,-1.0,-1.0,-1.0
178,2020-12-17 12:13:00,-1.0,-1.0,-1.0,-1.0,-1,-1,-1.0,-1.0,-1.0
179,2020-12-17 12:14:00,-1.0,-1.0,-1.0,-1.0,-1,-1,-1.0,-1.0,-1.0
180,2020-12-17 12:15:00,-1.0,-1.0,-1.0,-1.0,-1,-1,-1.0,-1.0,-1.0
181,2020-12-17 12:16:00,-1.0,-1.0,-1.0,-1.0,-1,-1,-1.0,-1.0,-1.0
182,2020-12-17 12:17:00,-1.0,-1.0,-1.0,-1.0,-1,-1,-1.0,-1.0,-1.0
183,2020-12-17 12:18:00,-1.0,-1.0,-1.0,-1.0,-1,-1,-1.0,-1.0,-1.0
184,2020-12-17 12:19:00,-1.0,-1.0,-1.0,-1.0,-1,-1,-1.0,-1.0,-1.0
185,2020-12-17 12:20:00,-1.0,-1.0,-1.0,-1.0,-1,-1,-1.0,-1.0,-1.0
186,2020-12-17 12:21:00,-1.0,-1.0,-1.0,-1.0,-1,-1,-1.0,-1.0,-1.0
187,2020-12-17 12:22:00,-1.0,-1.0,-1.0,-1.0,-1,-1,-1.0,-1.0,-1.0
188,2020-12-17 12:23:00,-1.0,-1.0,-1.0,-1.0,-1,-1,-1.0,-1.0,-1.0
189,2020-12-17 12:24:00,-1.0,-1.0,-1.0,-1.0,-1,-1,-1.0,-1.0,-1.0
190,2020-12-17 12:25:00,-1.0,-1.0,-1.0,-1.0,-1,-1,-1.0,-1.0,-1.0
191,2020-12-17 12:26:00,-1.0,-1.0,-1.0,-1.0,-1,-1,-1.0,-1.0,-1.0
192,2020-12-17 12:27:00,-1.0,-1.0,-1.0,-1.0,-1,-1,-1.0,-1.0,-1.0
193,2020-12-17 12:28:00,-1.0,-1.0,-1.0,-1.0,-1,-1,-1.0,-1.0,-1.0
194,2020-12-17 12:29:00,-1.0,-1.0,-1.0,-1.0,-1,-1,-1.0,-1.0,-1.0
195,2020-12-17 12:30:00,-1.0,-1.0,-1.0,-1.0,-1,-1,-1.0,-1.0,-1.0
196,2020-12-17 12:31:00,-1.0,-1.0,-1.0,-1.0,-1,-1,-1.0,-1.0,-1.0
197,2020-12-17 12:32:00,-1.0,-1.0,-1.0,-1.0,-1,-1,-1.0,-1.0,-1.0
198,2020-12-17 12:33:00,-1.0,-1.0,-1.0,-1.0,-1,-1,-1.0,-1.0,-1.0
199,2020-12-17 12:34:00,-1.0,-1.0,-1.0,-1.0,-1,-1,-1.0,-1.0,-1.0
200,2020-12-17 12:35:00,-1.0,-1.0,-1.0,-1.0,-1,-1,-1.0,-1.0,-1.0
201,2020-12-17 12:36:00,-1.0,-1.0,-1.0,-1.0,-1,-1,-1.0,-1.0,-1.0
202,2020-12-17 12:37:00,-1.0,-1.0,-1.0,-1.0,-1,-1,-1.0,-1.0,-1.0
203,2020-12-17 12:38:00,-1.0,-1.0,-1.0,-1.0,-1,-1,-1.0,-1.0,-1.0
204,2020-12-17 12:39:00,-1.0,-1.0,-1.0,-1.0,-1,-1,-1.0,-1.0,-1.0
205,2020-12-17 12:40:00,-1.0,-1.0,-1.0,-1.0,-1,-1,-1.0,-1.0,-1.0
206,2020-12-17 12:41:00,-1.0,-1.0,-1.0,-1.0,-1,-1,-1.0,-1.0,-1.0
207,2020-12-17 12:42:00,-1.0,-1.0,-1.0,-1.0,-1,-1,-1.0,-1.0,-1.0
208,2020-12-17 12:43:00,-1.0,-1.0,-1.0,-1.0,-1,-1,-1.0,-1.0,-1.0
209,2020-12-17 12:44:00,-1.0,-1.0,-1.0,-1.0,-1,-1,-1.0,-1.0,-1.0
210,2020-12-17 12:45:00,-1.0,-1.0,-1.0,-1.0,-1,-1,-1.0,-1.0,-1.0
211,2020-12-17 12:46:00,-1.0,-1.0,-1.0,-1.0,-1,-1,-1.0,-1.0,-1.0
212,2020-12-17 12:47:00,-1.0,-1.0,-1.0,-1.0,-1,-1,-1.0,-1.0,-1.0
213,2020-12-17 12:48:00,-1.0,-1.0,-1.0,-1.0,-1,-1,-1.0,-1.0,-1.0
214,2020-12-17 12:49:00,-1.0,-1.0,-1.0,-1.0,-1,-1,-1.0,-1.0,-1.0
215,2020-12-17 12:50:00,-1.0,-1.0,-1.0,-1.0,-1,-1,-1.0,-1.0,-1.0
216,2020-12-17 12:51:00,-1.0,-1.0,-1.0,-1.0,-1,-1,-1.0,-1.0,-1.0
217,2020-12-17 12:52:00,-1.0,-1.0,-1.0,-1.0,-1,-1,-1.0,-1.0,-1.0
218,2020-12-17 12:53:00,-1.0,-1.0,-1.0,-1.0,-1,-1,-1.0,-1.0,-1.0
219,2020-12-17 12:54:00,-1.0,-1.0,-1.0,-1.0,-1,-1,-1.0,-1.0,-1.0
220,2020-12-17 12:55:00,-1.0,-1.0,-1.0,-1.0,-1,-1,-1.0,-1.0,-1.0
221,2020-12-17 12:56:00,-1.0,-1.0,-1.0,-1.0,-1,-1,-1.0,-1.0,-1.0
222,2020-12-17 12:57:00,-1.0,-1.0,-1.0,-1.0,-1,-1,-1.0,-1.0,-1.0
223,2020-12-17 12:58:00,-1.0,-1.0,-1.0,-1.0,-1,-1,-1.0,-1.0,-1.0
224,2020-12-17 12:59:00,-1.0,-1.0,-1.0,-1.0,-1,-1,-1.0,-1.0,-1.0
225,2020-12-17 13:00:00,-1.0,-1.0,-1.0,-1.0,-1,-1,-1.0,-1.0,-1.0
226,2020-12-17 13:01:00,-1.0,-1.0,-1.0,-1.0,-1,-1,-1.0,-1.0,-1.0
227,2020-12-17 13:02:00,-1.0,-1.0,-1.0,-1.0,-1,-1,-1.0,-1.0,-1.0
228,2020-12-17 13:03:00,-1.0,-1.0,-1.0,-1.0,-1,-1,-1.0,-1.0,-1.0
229,2020-12-17 13:04:00,-1.0,-1.0,-1.0,-1.0,-1,-1,-1.0,-1.0,-1.0
230,2020-12-17 13:05:00,-1.0,-1.0,-1.0,-1.0,-1,-1,-1.0,-1.0,-1.0
231,2020-12-17 13:06:00,-1.0,-1.0,-1.0,-1.0,-1,-1,-1.0,-1.0,-1.0
232,2020-12-17 13:07:00,-1.0,-1.0,-1.0,-1.0,-1,-1,-1.0,-1.0,-1.0
233,2020-12-17 13:08:00,-1.0,-1.0,-1.0,-1.0,-1,-1,-1.0,-1.0,-1.0
234,2020-12-17 13:09:00,-1.0,-1.0,-1.0,-1.0,-1,-1,-1.0,-1.0,-1.0
235,2020-12-17 13:10:00,-1.0,-1.0,-1.0,-1.0,-1,-1,-1.0,-1.0,-1.0
236,2020-12-17 13:11:00,-1.0,-1.0,-1.0,-1.0,-1,-1,-1.0,-1.0,-1.0
237,2020-12-17 13:12:00,-1.0,-1.0,-1.0,-1.0,-1,-1,-1.0,-1.0,-1.0
238,2020-12-17 13:13:00,-1.0,-1.0,-1.0,-1.0,-1,-1,-1.0,-1.0,-1.0
239,2020-12-17 13:14:00,-1.0,-1.0,-1.0,-1.0,-1,-1,-1.0,-1.0,-1.0
240,2020-12-17 13:15:00,-1.0,-1.0,-1.0,-1.0,-1,-1,-1.0,-1.0,-1.0
241,2020-12-17 13:16:00,-1.0,-1.0,-1.0,-1.0,-1,-1,-1.0,-1.0,-1.0
242,2020-12-17 13:17:00,-1.0,-1.0,-1.0,-1.0,-1,-1,-1.0,-1.0,-1.0
243,2020-12-17 13:18:00,-1.0,-1.0,-1.0,-1.0,-1,-1,-1.0,-1.0,-1.0
244,2020-12-17 13:19:00,-1.0,-1.0,-1.0,-1.0,-1,-1,-1.0,-1.0,-1.0
245,2020-12-17 13:20:00,-1.0,-1.0,-1.0,-1.0,-1,-1,-1.0,-1.0,-1.0
246,2020-12-17 13:21:00,-1.0,-1.0,-1.0,-1.0,-1,-1,-1.0,-1.0,-1.0
247,2020-12-17 13:22:00,-1.0,-1.0,-1.0,-1.0,-1,-1,-1.0,-1.0,-1.0
248,2020-12-17 13:23:00,-1.0,-1.0,-1.0,-1.0,-1,-1,-1.0,-1.0,-1.0
249,2020-12-17 13:24:00,-1.0,-1.0,-1.0,-1.0,-1,-1,-1.0,-1.0,-1.0
250,2020-12-17 13:25:00,-1.0,-1.0,-1.0,-1.0,-1,-1,-1.0,-1.0,-1.0
251,2020-12-17 13:26:00,-1.0,-1.0,-1.0,-1.0,-1,-1,-1.0,-1.0,-1.0
252,2020-12-17 13:27:00,-1.0,-1.0,-1.0,-1.0,-1,-1,-1.0,-1.0,-1.0
253,2020-12-17 13:28:00,-1.0,-1.0,-1.0,-1.0,-1,-1,-1.0,-1.0,-1.0
254,2020-12-17 13:29:00,-1.0,-1.0,-1.0,-1.0,-1,-1,-1.0,-1.0,-1.0
255,2020-12-17 13:30:00,-1.0,-1.0,-1.0,-1.0,-1,-1,-1.0,-1.0,-1.0
256,2020-12-17 13:31:00,-1.0,-1.0,-1.0,-1.0,-1,-1,-1.0,-1.0,-1.0
257,2020-12-17 13:32:00,-1.0,-1.0,-1.0,-1.0,-1,-1,-1.0,-1.0,-1.0
258,2020-12-17 13:33:00,-1.0,-1.0,-1.0,-1.0,-1,-1,-1.0,-1.0,-1.0
259,2020-12-17 13:34:00,-1.0,-1.0,-1.0,-1.0,-1,-1,-1.0,-1.0,-1.0
260,2020-12-17 13:35:00,-1.0,-1.0,-1.0,-1.0,-1,-1,-1.0,-1.0,-1.0
261,2020-12-17 13:36:00,-1.0,-1.0,-1.0,-1.0,-1,-1,-1.0,-1.0,-1.0
262,2020-12-17 13:37:00,-1.0,-1.0,-1.0,-1.0,-1,-1,-1.0,-1.0,-1.0
263,2020-12-17 13:38:00,-1.0,-1.0,-1.0,-1.0,-1,-1,-1.0,-1.0,-1.0
264,2020-12-17 13:39:00,-1.0,-1.0,-1.0,-1.0,-1,-1,-1.0,-1.0,-1.0
265,2020-12-17 13:40:00,-1.0,-1.0,-1.0,-1.0,-1,-1,-1.0,-1.0,-1.0
266,2020-12-17 13:41:00,-1.0,-1.0,-1.0,-1.0,-1,-1,-1.0,-1.0,-1.0
267,2020-12-17 13:42:00,-1.0,-1.0,-1.0,-1.0,-1,-1,-1.0,-1.0,-1.0
268,2020-12-17 13:43:00,-1.0,-1.0,-1.0,-1.0,-1,-1,-1.0,-1.0,-1.0
269,2020-12-17 13:44:00,-1.0,-1.0,-1.0,-1.0,-1,-1,-1.0,-1.0,-1.0
270,2020-12-17 13:45:00,-1.0,-1.0,-1.0,-1.0,-1,-1,-1.0,-1.0,-1.0
271,2020-12-17 13:46:00,-1.0,-1.0,-1.0,-1.0,-1,-1,-1.0,-1.0,-1.0
272,2020-12-17 13:47:00,-1.0,-1.0,-1.0,-1.0,-1,-1,-1.0,-1.0,-1.0
273,2020-12-17 13:48:00,-1.0,-1.0,-1.0,-1.0,-1,-1,-1.0,-1.0,-1.0
274,2020-12-17 13:49:00,-1.0,-1.0,-1.0,-1.0,-1,-1,-1.0,-1.0,-1.0
275,2020-12-17 13:50:00,-1.0,-1.0,-1.0,-1.0,-1,-1,-1.0,-1.0,-1.0
276,2020-12-17 13:51:00,-1.0,-1.0,-1.0,-1.0,-1,-1,-1.0,-1.0,-1.0
277,2020-12-17 13:52:00,-1.0,-1.0,-1.0,-1.0,-1,-1,-1.0,-1.0,-1.0
278,2020-12-17 13:53:00,-1.0,-1.0,-1.0,-1.0,-1,-1,-1.0,-1.0,-1.0
279,2020-12-17 13:54:00,-1.0,-1.0,-1.0,-1.0,-1,-1,-1.0,-1.0,-1.0
280,2020-12-17 13:55:00,-1.0,-1.0,-1.0,-1.0,-1,-1,-1.0,-1.0,-1.0
281,2020-12-17 13:56:00,-1.0,-1.0,-1.0,-1.0,-1,-1,-1.0,-1.0,-1.0
282,2020-12-17 13:57:00,-1.0,-1.0,-1.0,-1.0,-1,-1,-1.0,-1.0,-1.0
283,2020-12-17 13:58:00,-1.0,-1.0,-1.0,-1.0,-1,-1,-1.0,-1.0,-1.0
284,2020-12-17 13:59:00,-1.0,-1.0,-1.0,-1.0,-1,-1,-1.0,-1.0,-1.0
285,2020-12-17 14:00:00,-1.0,-1.0,-1.0,-1.0,-1,-1,-1.0,-1.0,-1.0
286,2020-12-17 14:01:00,-1.0,-1.0,-1.0,-1.0,-1,-1,-1.0,-1.0,-1.0
287,2020-12-17 14:02:00,-1.0,-1.0,-1.0,-1.0,-1,-1,-1.0,-1.0,-1.0
288,2020-12-17 14:03:00,-1.0,-1.0,-1.0,-1.0,-1,-1,-1.0,-1.0,-1.0
289,2020-12-17 14:04:00,-1.0,-1.0,-1.0,-1.0,-1,-1,-1.0,-1.0,-1.0
290,2020-12-17 14:05:00,-1.0,-1.0,-1.0,-1.0,-1,-1,-1.0,-1.0,-1.0
291,2020-12-17 14:06:00,-1.0,-1.0,-1.0,-1.0,-1,-1,-1.0,-1.0,-1.0
292,2020-12-17 14:07:00,-1.0,-1.0,-1.0,-1.0,-1,-1,-1.0,-1.0,-1.0
293,2020-12-17 14:08:00,-1.0,-1.0,-1.0,-1.0,-1,-1,-1.0,-1.0,-1.0
294,2020-12-17 14:09:00,-1.0,-1.0,-1.0,-1.0,-1,-1,-1.0,-1.0,-1.0
295,2020-12-17 14:10:00,-1.0,-1.0,-1.0,-1.0,-1,-1,-1.0,-1.0,-1.0
296,2020-12-17 14:11:00,-1.0,-1.0,-1.0,-1.0,-1,-1,-1.0,-1.0,-1.0
297,2020-12-17 14:12:00,-1.0,-1.0,-1.0,-1.0,-1,-1,-1.0,-1.0,-1.0
298,2020-12-17 14:13:00,-1.0,-1.0,-1.0,-1.0,-1,-1,-1.0,-1.0,-1.0
299,2020-12-17 14:14:00,-1.0,-1.0,-1.0,-1.0,-1,-1,-1.0,-1.0,-1.0
300,2020-12-17 14:15:00,-1.0,-1.0,-1.0,-1.0,-1,-1,-1.0,-1.0,-1.0
301,2020-12-17 14:16:00,-1.0,-1.0,-1.0,-1.0,-1,-1,-1.0,-1.0,-1.0
302,2020-12-17 14:17:00,-1.0,-1.0,-1.0,-1.0,-1,-1,-1.0,-1.0,-1.0
303,2020-12-17 14:18:00,-1.0,-1.0,-1.0,-1.0,-1,-1,-1.0,-1.0,-1.0
304,2020-12-17 14:19:00,-1.0,-1.0,-1.0,-1.0,-1,-1,-1.0,-1.0,-1.0
305,2020-12-17 14:20:00,-1.0,-1.0,-1.0,-1.0,-1,-1,-1.0,-1.0,-1.0
306,2020-12-17 14:21:00,-1.0,-1.0,-1.0,-1.0,-1,-1,-1.0,-1.0,-1.0
307,2020-12-17 14:22:00,-1.0,-1.0,-1.0,-1.0,-1,-1,-1.0,-1.0,-1.0
308,2020-12-17 14:23:00,-1.0,-1.0,-1.0,-1.0,-1,-1,-1.0,-1.0,-1.0
309,2020-12-17 14:24:00,-1.0,-1.0,-1.0,-1.0,-1,-1,-1.0,-1.0,-1.0
310,2020-12-17 14:25:00,-1.0,-1.0,-1.0,-1.0,-1,-1,-1.0,-1.0,-1.0
311,2020-12-17 14:26:00,-1.0,-1.0,-1.0,-1.0,-1,-1,-1.0,-1.0,-1.0
312,2020-12-17 14:27:00,-1.0,-1.0,-1.0,-1.0,-1,-1,-1.0,-1.0,-1.0
313,2020-12-17 14:28:00,-1.0,-1.0,-1.0,-1.0,-1,-1,-1.0,-1.0,-1.0
314,2020-12-17 14:29:00,-1.0,-1.0,-1.0,-1.0,-1,-1,-1.0,-1.0,-1.0
315,2020-12-17 14:30:00,-1.0,-1.0,-1.0,-1.0,-1,-1,-1.0,-1.0,-1.0
316,2020-12-17 14:31:00,-1.0,-1.0,-1.0,-1.0,-1,-1,-1.0,-1.0,-1.0
317,2020-12-17 14:32:00,-1.0,-1.0,-1.0,-1.0,-1,-1,-1.0,-1.0,-1.0
318,2020-12-17 14:33:00,-1.0,-1.0,-1.0,-1.0,-1,-1,-1.0,-1.0,-1.0
319,2020-12-17 14:34:00,-1.0,-1.0,-1.0,-1.0,-1,-1,-1.0,-1.0,-1.0
320,2020-12-17 14:35:00,-1.0,-1.0,-1.0,-1.0,-1,-1,-1.0,-1.0,-1.0
321,2020-12-17 14:36:00,-1.0,-1.0,-1.0,-1.0,-1,-1,-1.0,-1.0,-1.0
322,2020-12-17 14:37:00,-1.0,-1.0,-1.0,-1.0,-1,-1,-1.0,-1.0,-1.0
323,2020-12-17 14:38:00,-1.0,-1.0,-1.0,-1.0,-1,-1,-1.0,-1.0,-1.0
324,2020-12-17 14:39:00,-1.0,-1.0,-1.0,-1.0,-1,-1,-1.0,-1.0,-1.0
325,2020-12-17 14:40:00,-1.0,-1.0,-1.0,-1.0,-1,-1,-1.0,-1.0,-1.0
326,2020-12-17 14:41:00,-1.0,-1.0,-1.0,-1.0,-1,-1,-1.0,-1.0,-1.0
327,2020-12-17 14:42:00,-1.0,-1.0,-1.0,-1.0,-1,-1,-1.0,-1.0,-1.0
328,2020-12-17 14:43:00,-1.0,-1.0,-1.0,-1.0,-1,-1,-1.0,-1.0,-1.0
329,2020-12-17 14:44:00,-1.0,-1.0,-1.0,-1.0,-1,-1,-1.0,-1.0,-1.0
330,2020-12-17 14:45:00,-1.0,-1.0,-1.0,-1.0,-1,-1,-1.0,-1.0,-1.0
331,2020-12-17 14:46:00,-1.0,-1.0,-1.0,-1.0,-1,-1,-1.0,-1.0,-1.0
332,2020-12-17 14:47:00,-1.0,-1.0,-1.0,-1.0,-1,-1,-1.0,-1.0,-1.0
333,2020-12-17 14:48:00,-1.0,-1.0,-1.0,-1.0,-1,-1,-1.0,-1.0,-1.0
334,2020-12-17 14:49:00,-1.0,-1.0,-1.0,-1.0,-1,-1,-1.0,-1.0,-1.0
335,2020-12-17 14:50:00,-1.0,-1.0,-1.0,-1.0,-1,-1,-1.0,-1.0,-1.0
336,2020-12-17 14:51:00,-1.0,-1.0,-1.0,-1.0,-1,-1,-1.0,-1.0,-1.0
337,2020-12-17 14:52:00,-1.0,-1.0,-1.0,-1.0,-1,-1,-1.0,-1.0,-1.0
338,2020-12-17 14:53:00,-1.0,-1.0,-1.0,-1.0,-1,-1,-1.0,-1.0,-1.0
339,2020-12-17 14:54:00,-1.0,-1.0,-1.0,-1.0,-1,-1,-1.0,-1.0,-1.0
340,2020-12-17 14:55:00,-1.0,-1.0,-1.0,-1.0,-1,-1,-1.0,-1.0,-1.0
341,2020-12-17 14:56:00,-1.0,-1.0,-1.0,-1.0,-1,-1,-1.0,-1.0,-1.0
342,2020-12-17 14:57:00,-1.0,-1.0,-1.0,-1.0,-1,-1,-1.0,-1.0,-1.0
343,2020-12-17 14:58:00,-1.0,-1.0,-1.0,-1.0,-1,-1,-1.0,-1.0,-1.0
344,2020-12-17 14:59:00,-1.0,-1.0,-1.0,-1.0,-1,-1,-1.0,-1.0,-1.0
345,2020-12-17 15:00:00,-1.0,-1.0,-1.0,-1.0,-1,-1,-1.0,-1.0,-1.0
346,2020-12-17 15:01:00,-1.0,-1.0,-1.0,-1.0,-1,-1,-1.0,-1.0,-1.0
347,2020-12-17 15:02:00,-1.0,-1.0,-1.0,-1.0,-1,-1,-1.0,-1.0,-1.0
348,2020-12-17 15:03:00,-1.0,-1.0,-1.0,-1.0,-1,-1,-1.0,-1.0,-1.0
349,2020-12-17 15:04:00,-1.0,-1.0,-1.0,-1.0,-1,-1,-1.0,-1.0,-1.0
350,2020-12-17 15:05:00,-1.0,-1.0,-1.0,-1.0,-1,-1,-1.0,-1.0,-1.0
351,2020-12-17 15:06:00,-1.0,-1.0,-1.0,-1.0,-1,-1,-1.0,-1.0,-1.0
352,2020-12-17 15:07:00,-1.0,-1.0,-1.0,-1.0,-1,-1,-1.0,-1.0,-1.0
353,2020-12-17 15:08:00,-1.0,-1.0,-1.0,-1.0,-1,-1,-1.0,-1.0,-1.0
354,2020-12-17 15:09:00,-1.0,-1.0,-1.0,-1.0,-1,-1,-1.0,-1.0,-1.0
355,2020-12-17 15:10:00,-1.0,-1.0,-1.0,-1.0,-1,-1,-1.0,-1.0,-1.0
356,2020-12-17 15:11:00,-1.0,-1.0,-1.0,-1.0,-1,-1,-1.0,-1.0,-1.0
357,2020-12-17 15:12:00,-1.0,-1.0,-1.0,-1.0,-1,-1,-1.0,-1.0,-1.0
358,2020-12-17 15:13:00,-1.0,-1.0,-1.0,-1.0,-1,-1,-1.0,-1.0,-1.0
359,2020-12-17 15:14:00,-1.0,-1.0,-1.0,-1.0,-1,-1,-1.0,-1.0,-1.0
360,2020-12-17 15:15:00,-1.0,-1.0,-1.0,-1.0,-1,-1,-1.0,-1.0,-1.0
361,2020-12-17 15:16:00,-1.0,-1.0,-1.0,-1.0,-1,-1,-1.0,-1.0,-1.0
362,2020-12-17 15:17:00,-1.0,-1.0,-1.0,-1.0,-1,-1,-1.0,-1.0,-1.0
363,2020-12-17 15:18:00,-1.0,-1.0,-1.0,-1.0,-1,-1,-1.0,-1.0,-1.0
364,2020-12-17 15:19:00,-1.0,-1.0,-1.0,-1.0,-1,-1,-1.0,-1.0,-1.0
365,2020-12-17 15:20:00,-1.0,-1.0,-1.0,-1.0,-1,-1,-1.0,-1.0,-1.0
366,2020-12-17 15:21:00,-1.0,-1.0,-1.0,-1.0,-1,-1,-1.0,-1.0,-1.0
367,2020-12-17 15:22:00,1286.25,1286.3,750.0,750.0,450,0,1047.93,639.95,1271.0
368,2020-12-17 15:23:00,1286.25,1286.3,750.0,750.0,450,0,1047.93,639.95,1271.0
369,2020-12-17 15:24:00,1286.25,1286.3,750.0,750.0,450,0,1047.93,639.95,1271.0
370,2020-12-17 15:25:00,1286.25,1286.3,750.0,750.0,450,0,1047.93,639.95,1271.0
371,2020-12-17 15:26:00,1286.25,1286.3,750.0,750.0,450,0,1047.93,639.95,1271.0
372,2020-12-17 15:27:00,697.35,697.35,697.35,697.35,75,250,997.85,51.25,955.1
373,2020-12-17 15:28:00,697.35,697.35,697.35,697.35,75,250,997.85,51.25,955.1
374,2020-12-17 15:29:00,697.35,697.35,697.35,697.35,75,250,997.85,51.25,955.1
375,2020-12-17 15:30:00,697.35,697.35,697.35,697.35,75,250,997.85,51.25,955.1
376,2020-12-18 09:15:00,697.35,697.35,697.35,697.35,75,250,997.85,51.25,955.1
377,2020-12-18 09:16:00,697.35,697.35,697.35,697.35,75,250,997.85,51.25,955.1
378,2020-12-18 09:17:00,697.35,697.35,697.35,697.35,75,250,997.85,51.25,955.1
379,2020-12-18 09:18:00,697.35,697.35,697.35,697.35,75,250,997.85,51.25,955.1
380,2020-12-18 09:19:00,697.35,697.35,697.35,697.35,75,250,997.85,51.25,955.1
381,2020-12-18 09:20:00,697.35,697.35,697.35,697.35,75,250,997.85,51.25,955.1
382,2020-12-18 09:21:00,697.35,697.35,697.35,697.35,75,250,997.85,51.25,955.1
383,2020-12-18 09:22:00,697.35,697.35,697.35,697.35,75,250,997.85,51.25,955.1
384,2020-12-18 09:23:00,697.35,697.35,697.35,697.35,75,250,997.85,51.25,955.1
385,2020-12-18 09:24:00,697.35,697.35,697.35,697.35,75,250,997.85,51.25,955.1
386,2020-12-18 09:25:00,697.35,697.35,697.35,697.35,75,250,997.85,51.25,955.1
387,2020-12-18 09:26:00,697.35,697.35,697.35,697.35,75,250,997.85,51.25,955.1
388,2020-12-18 09:27:00,697.35,697.35,697.35,697.35,75,250,997.85,51.25,955.1
389,2020-12-18 09:28:00,697.35,697.35,697.35,697.35,75,250,997.85,51.25,955.1
390,2020-12-18 09:29:00,697.35,697.35,697.35,697.35,75,250,997.85,51.25,955.1
391,2020-12-18 09:30:00,697.35,697.35,697.35,697.35,75,250,997.85,51.25,955.1
392,2020-12-18 09:31:00,697.35,697.35,697.35,697.35,75,250,997.85,51.25,955.1
393,2020-12-18 09:32:00,697.35,697.35,697.35,697.35,75,250,997.85,51.25,955.1
394,2020-12-18 09:33:00,697.35,697.35,697.35,697.35,75,250,997.85,51.25,955.1
395,2020-12-18 09:34:00,697.35,697.35,697.35,697.35,75,250,997.85,51.25,955.1
396,2020-12-18 09:35:00,697.35,697.35,697.35,697.35,75,250,997.85,51.25,955.1
397,2020-12-18 09:36:00,697.35,697.35,697.35,697.35,75,250,997.85,51.25,955.1
398,2020-12-18 09:37:00,697.35,697.35,697.35,697.35,75,250,997.85,51.25,955.1
399,2020-12-18 09:38:00,697.35,697.35,697.35,697.35,75,250,997.85,51.25,955.1
400,2020-12-18 09:39:00,697.35,697.35,697.35,697.35,75,250,997.85,51.25,955.1
401,2020-12-18 09:40:00,697.35,697.35,697.35,697.35,75,250,997.85,51.25,955.1
402,2020-12-18 09:41:00,590.0,590.0,590.0,590.0,125,275,590.0,588.05,628.95
403,2020-12-18 09:42:00,590.0,590.0,590.0,590.0,125,275,590.0,588.05,628.95
404,2020-12-18 09:43:00,590.0,590.0,590.0,590.0,125,275,590.0,588.05,628.95
405,2020-12-18 09:44:00,590.0,590.0,590.0,590.0,125,275,590.0,588.05,628.95
406,2020-12-18 09:45:00,590.0,590.0,590.0,590.0,125,275,590.0,588.05,628.95
407,2020-12-18 09:46:00,590.0,590.0,590.0,590.0,125,275,590.0,588.05,628.95
408,2020-12-18 09:47:00,590.0,590.0,590.0,590.0,125,275,590.0,588.05,628.95
409,2020-12-18 09:48:00,590.0,590.0,590.0,590.0,125,275,590.0,588.05,628.95
410,2020-12-18 09:49:00,590.0,590.0,590.0,590.0,125,275,590.0,588.05,628.95
411,2020-12-18 09:50:00,590.0,590.0,590.0,590.0,125,275,590.0,588.05,628.95
412,2020-12-18 09:51:00,590.0,590.0,590.0,590.0,125,275,590.0,588.05,628.95
413,2020-12-18 09:52:00,590.0,590.0,590.0,590.0,125,275,590.0,588.05,628.95
414,2020-12-18 09:53:00,590.0,590.0,590.0,590.0,125,275,590.0,588.05,628.95
415,2020-12-18 09:54:00,590.0,590.0,590.0,590.0,125,275,590.0,588.05,628.95
416,2020-12-18 09:55:00,590.0,590.0,590.0,590.0,125,275,590.0,588.05,628.95
417,2020-12-18 09:56:00,590.0,590.0,590.0,590.0,125,275,590.0,588.05,628.95
418,2020-12-18 09:57:00,590.0,590.0,590.0,590.0,125,275,590.0,588.05,628.95
419,2020-12-18 09:58:00,590.0,590.0,590.0,590.0,125,275,590.0,588.05,628.95
420,2020-12-18 09:59:00,590.0,590.0,590.0,590.0,125,275,590.0,588.05,628.95
421,2020-12-18 10:00:00,590.0,590.0,590.0,590.0,125,275,590.0,588.05,628.95
422,2020-12-18 10:01:00,590.0,590.0,590.0,590.0,125,150,590.0,587.8,621.15
423,2020-12-18 10:02:00,590.0,590.0,590.0,590.0,125,150,590.0,587.8,621.15
424,2020-12-18 10:03:00,590.0,590.0,590.0,590.0,125,150,590.0,587.8,621.15
425,2020-12-18 10:04:00,590.0,590.0,590.0,590.0,125,150,590.0,587.8,621.15
426,2020-12-18 10:05:00,590.0,590.0,590.0,590.0,125,150,590.0,587.8,621.15
427,2020-12-18 10:06:00,590.0,590.0,590.0,590.0,125,150,590.0,587.8,621.15
428,2020-12-18 10:07:00,590.0,590.0,590.0,590.0,125,150,590.0,587.8,621.15
429,2020-12-18 10:08:00,590.0,590.0,590.0,590.0,125,150,590.0,587.8,621.15
430,2020-12-18 10:09:00,590.0,590.0,590.0,590.0,125,150,590.0,587.8,621.15
431,2020-12-18 10:10:00,590.0,590.0,590.0,590.0,125,150,590.0,587.8,621.15
432,2020-12-18 10:11:00,590.0,590.0,590.0,590.0,125,150,590.0,587.8,621.15
433,2020-12-18 10:12:00,590.0,590.0,590.0,590.0,125,150,590.0,587.8,621.15
434,2020-12-18 10:13:00,590.0,590.0,590.0,590.0,125,150,590.0,587.8,621.15
435,2020-12-18 10:14:00,590.0,590.0,590.0,590.0,125,150,590.0,587.8,621.15
436,2020-12-18 10:15:00,590.0,590.0,590.0,590.0,125,150,590.0,587.8,621.15
437,2020-12-18 10:16:00,590.0,590.0,590.0,590.0,125,150,590.0,587.8,621.15
438,2020-12-18 10:17:00,590.0,590.0,590.0,590.0,125,150,590.0,587.8,621.15
439,2020-12-18 10:18:00,590.0,590.0,590.0,590.0,125,150,590.0,587.8,621.15
440,2020-12-18 10:19:00,590.0,590.0,590.0,590.0,125,150,590.0,587.8,621.15
441,2020-12-18 10:20:00,590.0,590.0,590.0,590.0,125,150,590.0,587.8,621.15
442,2020-12-18 10:21:00,590.0,590.0,590.0,590.0,125,150,590.0,587.8,621.15
443,2020-12-18 10:22:00,590.0,590.0,590.0,590.0,125,150,590.0,587.8,621.15
444,2020-12-18 10:23:00,590.0,590.0,590.0,590.0,125,150,590.0,587.8,621.15
445,2020-12-18 10:24:00,590.0,590.0,590.0,590.0,125,150,590.0,587.8,621.15
446,2020-12-18 10:25:00,590.0,590.0,590.0,590.0,125,150,590.0,587.8,621.15
447,2020-12-18 10:26:00,590.0,590.0,590.0,590.0,125,150,590.0,587.8,621.15
448,2020-12-18 10:27:00,590.0,590.0,590.0,590.0,125,150,590.0,587.8,621.15
449,2020-12-18 10:28:00,590.0,590.0,590.0,590.0,125,150,590.0,587.8,621.15
450,2020-12-18 10:29:00,590.0,590.0,590.0,590.0,125,150,590.0,587.8,621.15
451,2020-12-18 10:30:00,590.0,590.0,590.0,590.0,125,150,590.0,587.8,621.15
452,2020-12-18 10:31:00,590.0,590.0,590.0,590.0,125,150,590.0,587.8,621.15
453,2020-12-18 10:32:00,590.0,590.0,590.0,590.0,125,150,590.0,587.8,621.15
454,2020-12-18 10:33:00,590.0,590.0,590.0,590.0,125,150,590.0,587.8,621.15
455,2020-12-18 10:34:00,590.0,590.0,590.0,590.0,125,150,590.0,587.8,621.15
456,2020-12-18 10:35:00,590.0,590.0,590.0,590.0,125,150,590.0,587.8,621.15
457,2020-12-18 10:36:00,590.0,590.0,590.0,590.0,125,150,590.0,587.8,621.15
458,2020-12-18 10:37:00,590.0,590.0,590.0,590.0,125,150,590.0,587.8,621.15
459,2020-12-18 10:38:00,590.0,590.0,590.0,590.0,125,150,590.0,587.8,621.15
460,2020-12-18 10:39:00,590.0,590.0,590.0,590.0,125,150,590.0,587.8,621.15
461,2020-12-18 10:40:00,590.0,590.0,590.0,590.0,125,150,590.0,587.8,621.15
462,2020-12-18 10:41:00,590.0,590.0,590.0,590.0,125,150,590.0,587.8,621.15
463,2020-12-18 10:42:00,590.0,590.0,590.0,590.0,125,150,590.0,587.8,621.15
464,2020-12-18 10:43:00,590.0,590.0,590.0,590.0,125,150,590.0,587.8,621.15
465,2020-12-18 10:44:00,590.0,590.0,590.0,590.0,125,150,590.0,587.8,621.15
466,2020-12-18 10:45:00,590.0,590.0,590.0,590.0,125,150,590.0,587.8,621.15
467,2020-12-18 10:46:00,590.0,590.0,590.0,590.0,125,150,590.0,587.8,621.15
468,2020-12-18 10:47:00,590.0,590.0,590.0,590.0,125,150,590.0,587.8,621.15
469,2020-12-18 10:48:00,590.0,590.0,590.0,590.0,125,150,590.0,587.8,621.15
470,2020-12-18 10:49:00,590.0,590.0,590.0,590.0,125,150,590.0,587.8,621.15
471,2020-12-18 10:50:00,590.0,590.0,590.0,590.0,125,150,590.0,587.8,621.15
472,2020-12-18 10:51:00,590.0,590.0,590.0,590.0,125,150,590.0,587.8,621.15
473,2020-12-18 10:52:00,590.0,590.0,590.0,590.0,125,150,590.0,587.8,621.15
474,2020-12-18 10:53:00,590.0,590.0,590.0,590.0,125,150,590.0,587.8,621.15
475,2020-12-18 10:54:00,590.0,590.0,590.0,590.0,125,150,590.0,587.8,621.15
476,2020-12-18 10:55:00,590.0,590.0,590.0,590.0,125,150,590.0,587.8,621.15
477,2020-12-18 10:56:00,590.0,590.0,590.0,590.0,125,150,590.0,587.8,621.15
478,2020-12-18 10:57:00,590.0,590.0,590.0,590.0,125,150,590.0,587.8,621.15
479,2020-12-18 10:58:00,590.0,590.0,590.0,590.0,125,150,590.0,587.8,621.15
480,2020-12-18 10:59:00,590.0,590.0,590.0,590.0,125,150,590.0,587.8,621.15
481,2020-12-18 11:00:00,590.0,590.0,590.0,590.0,125,150,590.0,587.8,621.15
482,2020-12-18 11:01:00,590.0,590.0,590.0,590.0,125,150,590.0,587.8,621.15
483,2020-12-18 11:02:00,590.0,590.0,590.0,590.0,125,150,590.0,587.8,621.15
484,2020-12-18 11:03:00,590.0,590.0,590.0,590.0,125,150,590.0,587.8,621.15
485,2020-12-18 11:04:00,590.0,590.0,590.0,590.0,125,150,590.0,587.8,621.15
486,2020-12-18 11:05:00,590.0,590.0,590.0,590.0,125,150,590.0,587.8,621.15
487,2020-12-18 11:06:00,590.0,590.0,590.0,590.0,125,150,590.0,587.8,621.15
488,2020-12-18 11:07:00,590.0,590.0,590.0,590.0,125,150,590.0,587.8,621.15
489,2020-12-18 11:08:00,590.0,590.0,590.0,590.0,125,150,590.0,587.8,621.15
490,2020-12-18 11:09:00,590.0,590.0,590.0,590.0,125,150,590.0,587.8,621.15
491,2020-12-18 11:10:00,590.0,590.0,590.0,590.0,125,150,590.0,587.8,621.15
492,2020-12-18 11:11:00,590.0,590.0,590.0,590.0,125,150,590.0,587.8,621.15
493,2020-12-18 11:12:00,590.0,590.0,590.0,590.0,125,150,590.0,587.8,621.15
494,2020-12-18 11:13:00,590.0,590.0,590.0,590.0,125,150,590.0,587.8,621.15
495,2020-12-18 11:14:00,590.0,590.0,590.0,590.0,125,150,590.0,587.8,621.15
496,2020-12-18 11:15:00,590.0,590.0,590.0,590.0,125,150,590.0,587.8,621.15
497,2020-12-18 11:16:00,590.0,590.0,590.0,590.0,125,150,590.0,587.8,621.15
498,2020-12-18 11:17:00,590.0,590.0,590.0,590.0,125,150,590.0,587.8,621.15
499,2020-12-18 11:18:00,590.0,590.0,590.0,590.0,125,150,590.0,587.8,621.15
500,2020-12-18 11:19:00,590.0,590.0,590.0,590.0,125,150,590.0,587.8,621.15
501,2020-12-18 11:20:00,590.0,590.0,590.0,590.0,125,150,590.0,587.8,621.15
502,2020-12-18 11:21:00,590.0,590.0,590.0,590.0,125,150,590.0,587.8,621.15
503,2020-12-18 11:22:00,590.0,590.0,590.0,590.0,125,150,590.0,587.8,621.15
504,2020-12-18 11:23:00,590.0,590.0,590.0,590.0,125,150,590.0,587.8,621.15
505,2020-12-18 11:24:00,590.0,590.0,590.0,590.0,125,150,590.0,587.8,621.15
506,2020-12-18 11:25:00,590.0,590.0,590.0,590.0,125,150,590.0,587.8,621.15
507,2020-12-18 11:26:00,590.0,590.0,590.0,590.0,125,150,590.0,587.8,621.15
508,2020-12-18 11:27:00,590.0,590.0,590.0,590.0,125,150,590.0,587.8,621.15
509,2020-12-18 11:28:00,590.0,590.0,590.0,590.0,125,150,590.0,587.8,621.15
510,2020-12-18 11:29:00,590.0,590.0,590.0,590.0,125,150,590.0,587.8,621.15
511,2020-12-18 11:30:00,590.0,590.0,590.0,590.0,125,150,590.0,587.8,621.15
512,2020-12-18 11:31:00,590.0,590.0,590.0,590.0,125,150,590.0,587.8,621.15
513,2020-12-18 11:32:00,590.0,590.0,590.0,590.0,125,150,590.0,587.8,621.15
514,2020-12-18 11:33:00,590.0,590.0,590.0,590.0,125,150,590.0,587.8,621.15
515,2020-12-18 11:34:00,590.0,590.0,590.0,590.0,125,150,590.0,587.8,621.15
516,2020-12-18 11:35:00,590.0,590.0,590.0,590.0,125,150,590.0,587.8,621.15
517,2020-12-18 11:36:00,590.0,590.0,590.0,590.0,125,150,590.0,587.8,621.15
518,2020-12-18 11:37:00,590.0,590.0,590.0,590.0,125,150,590.0,587.8,621.15
519,2020-12-18 11:38:00,590.0,590.0,590.0,590.0,125,150,590.0,587.8,621.15
520,2020-12-18 11:39:00,590.0,590.0,590.0,590.0,125,150,590.0,587.8,621.15
521,2020-12-18 11:40:00,590.0,590.0,590.0,590.0,125,150,590.0,587.8,621.15
522,2020-12-18 11:41:00,590.0,590.0,590.0,590.0,125,150,590.0,587.8,621.15
523,2020-12-18 11:42:00,590.0,590.0,590.0,590.0,125,150,590.0,587.8,621.15
524,2020-12-18 11:43:00,590.0,590.0,590.0,590.0,125,150,590.0,587.8,621.15
525,2020-12-18 11:44:00,590.0,590.0,590.0,590.0,125,150,590.0,587.8,621.15
526,2020-12-18 11:45:00,590.0,590.0,590.0,590.0,125,150,590.0,587.8,621.15
527,2020-12-18 11:46:00,590.0,590.0,590.0,590.0,125,150,590.0,587.8,621.15
528,2020-12-18 11:47:00,590.0,590.0,590.0,590.0,125,150,590.0,587.8,621.15
529,2020-12-18 11:48:00,590.0,590.0,590.0,590.0,125,150,590.0,587.8,621.15
530,2020-12-18 11:49:00,590.0,590.0,590.0,590.0,125,150,590.0,587.8,621.15
531,2020-12-18 11:50:00,590.0,590.0,590.0,590.0,125,150,590.0,587.8,621.15
532,2020-12-18 11:51:00,590.0,590.0,590.0,590.0,125,150,590.0,587.8,621.15
533,2020-12-18 11:52:00,590.0,590.0,590.0,590.0,125,150,590.0,587.8,621.15
534,2020-12-18 11:53:00,590.0,590.0,590.0,590.0,125,150,590.0,587.8,621.15
535,2020-12-18 11:54:00,590.0,590.0,590.0,590.0,125,150,590.0,587.8,621.15
536,2020-12-18 11:55:00,590.0,590.0,590.0,590.0,125,150,590.0,587.8,621.15
537,2020-12-18 11:56:00,590.0,590.0,590.0,590.0,125,150,590.0,587.8,621.15
538,2020-12-18 11:57:00,590.0,590.0,590.0,590.0,125,150,590.0,587.8,621.15
539,2020-12-18 11:58:00,590.0,590.0,590.0,590.0,125,150,590.0,587.8,621.15
540,2020-12-18 11:59:00,590.0,590.0,590.0,590.0,125,150,590.0,587.8,621.15
541,2020-12-18 12:00:00,590.0,590.0,590.0,590.0,125,150,590.0,587.8,621.15
542,2020-12-18 12:01:00,590.0,590.0,590.0,590.0,125,150,590.0,587.8,621.15
543,2020-12-18 12:02:00,590.0,590.0,590.0,590.0,125,150,590.0,587.8,621.15
544,2020-12-18 12:03:00,590.0,590.0,590.0,590.0,125,150,590.0,587.8,621.15
545,2020-12-18 12:04:00,590.0,590.0,590.0,590.0,125,150,590.0,587.8,621.15
546,2020-12-18 12:05:00,590.0,590.0,590.0,590.0,125,150,590.0,587.8,621.15
547,2020-12-18 12:06:00,590.0,590.0,590.0,590.0,125,150,590.0,587.8,621.15
548,2020-12-18 12:07:00,590.0,590.0,590.0,590.0,125,150,590.0,587.8,621.15
549,2020-12-18 12:08:00,590.0,590.0,590.0,590.0,125,150,590.0,587.8,621.15
550,2020-12-18 12:09:00,590.0,590.0,590.0,590.0,125,150,590.0,587.8,621.15
551,2020-12-18 12:10:00,590.0,590.0,590.0,590.0,125,150,590.0,587.8,621.15
552,2020-12-18 12:11:00,590.0,590.0,590.0,590.0,125,150,590.0,587.8,621.15
553,2020-12-18 12:12:00,590.0,590.0,590.0,590.0,125,150,590.0,587.8,621.15
554,2020-12-18 12:13:00,590.0,590.0,590.0,590.0,125,150,590.0,587.8,621.15
555,2020-12-18 12:14:00,590.0,590.0,590.0,590.0,125,150,590.0,587.8,621.15
556,2020-12-18 12:15:00,590.0,590.0,590.0,590.0,125,150,590.0,587.8,621.15
557,2020-12-18 12:16:00,590.0,590.0,590.0,590.0,125,150,590.0,587.8,621.15
558,2020-12-18 12:17:00,590.0,590.0,590.0,590.0,125,150,590.0,587.8,621.15
559,2020-12-18 12:18:00,590.0,590.0,590.0,590.0,125,150,590.0,587.8,621.15
560,2020-12-18 12:19:00,590.0,590.0,590.0,590.0,125,150,590.0,587.8,621.15
561,2020-12-18 12:20:00,590.0,590.0,590.0,590.0,125,150,590.0,587.8,621.15
562,2020-12-18 12:21:00,590.0,590.0,590.0,590.0,125,150,590.0,587.8,621.15
563,2020-12-18 12:22:00,590.0,590.0,590.0,590.0,125,150,590.0,587.8,621.15
564,2020-12-18 12:23:00,590.0,590.0,590.0,590.0,125,150,590.0,587.8,621.15
565,2020-12-18 12:24:00,590.0,590.0,590.0,590.0,125,150,590.0,587.8,621.15
566,2020-12-18 12:25:00,590.0,590.0,590.0,590.0,125,150,590.0,587.8,621.15
567,2020-12-18 12:26:00,590.0,590.0,590.0,590.0,125,150,590.0,587.8,621.15
568,2020-12-18 12:27:00,590.0,590.0,590.0,590.0,125,150,590.0,587.8,621.15
569,2020-12-18 12:28:00,590.0,590.0,590.0,590.0,125,150,590.0,587.8,621.15
570,2020-12-18 12:29:00,590.0,590.0,590.0,590.0,125,150,590.0,587.8,621.15
571,2020-12-18 12:30:00,590.0,590.0,590.0,590.0,125,150,590.0,587.8,621.15
572,2020-12-18 12:31:00,590.0,590.0,590.0,590.0,125,150,590.0,587.8,621.15
573,2020-12-18 12:32:00,590.0,590.0,590.0,590.0,125,150,590.0,587.8,621.15
574,2020-12-18 12:33:00,590.0,590.0,590.0,590.0,125,150,590.0,587.8,621.15
575,2020-12-18 12:34:00,590.0,590.0,590.0,590.0,125,150,590.0,587.8,621.15
576,2020-12-18 12:35:00,590.0,590.0,590.0,590.0,125,150,590.0,587.8,621.15
577,2020-12-18 12:36:00,590.0,590.0,590.0,590.0,125,150,590.0,587.8,621.15
578,2020-12-18 12:37:00,590.0,590.0,590.0,590.0,125,150,590.0,587.8,621.15
579,2020-12-18 12:38:00,590.0,590.0,590.0,590.0,125,150,590.0,587.8,621.15
580,2020-12-18 12:39:00,590.0,590.0,590.0,590.0,125,150,590.0,587.8,621.15
581,2020-12-18 12:40:00,590.0,590.0,590.0,590.0,125,150,590.0,587.8,621.15
582,2020-12-18 12:41:00,590.0,590.0,590.0,590.0,125,150,590.0,587.8,621.15
583,2020-12-18 12:42:00,590.0,590.0,590.0,590.0,125,150,590.0,587.8,621.15
584,2020-12-18 12:43:00,590.0,590.0,590.0,590.0,125,150,590.0,587.8,621.15
585,2020-12-18 12:44:00,590.0,590.0,590.0,590.0,125,150,590.0,587.8,621.15
586,2020-12-18 12:45:00,590.0,590.0,590.0,590.0,125,150,590.0,587.8,621.15
587,2020-12-18 12:46:00,590.0,590.0,590.0,590.0,125,150,590.0,587.8,621.15
588,2020-12-18 12:47:00,590.0,590.0,590.0,590.0,125,150,590.0,587.8,621.15
589,2020-12-18 12:48:00,590.0,590.0,590.0,590.0,125,150,590.0,587.8,621.15
590,2020-12-18 12:49:00,590.0,590.0,590.0,590.0,125,150,590.0,587.8,621.15
591,2020-12-18 12:50:00,590.0,590.0,590.0,590.0,125,150,590.0,587.8,621.15
592,2020-12-18 12:51:00,590.0,590.0,590.0,590.0,125,150,590.0,587.8,621.15
593,2020-12-18 12:52:00,590.0,590.0,590.0,590.0,125,150,590.0,587.8,621.15
594,2020-12-18 12:53:00,590.0,590.0,590.0,590.0,125,150,590.0,587.8,621.15
595,2020-12-18 12:54:00,590.0,590.0,590.0,590.0,125,150,590.0,587.8,621.15
596,2020-12-18 12:55:00,590.0,590.0,590.0,590.0,125,150,590.0,587.8,621.15
597,2020-12-18 12:56:00,590.0,590.0,590.0,590.0,125,150,590.0,587.8,621.15
598,2020-12-18 12:57:00,590.0,590.0,590.0,590.0,125,150,590.0,587.8,621.15
599,2020-12-18 12:58:00,590.0,590.0,590.0,590.0,125,150,590.0,587.8,621.15
600,2020-12-18 12:59:00,590.0,590.0,590.0,590.0,125,150,590.0,587.8,621.15
601,2020-12-18 13:00:00,590.0,590.0,590.0,590.0,125,150,590.0,587.8,621.15
602,2020-12-18 13:01:00,590.0,590.0,590.0,590.0,125,150,590.0,587.8,621.15
603,2020-12-18 13:02:00,590.0,590.0,590.0,590.0,125,150,590.0,587.8,621.15
604,2020-12-18 13:03:00,590.0,590.0,590.0,590.0,125,150,590.0,587.8,621.15
605,2020-12-18 13:04:00,590.0,590.0,590.0,590.0,125,150,590.0,587.8,621.15
606,2020-12-18 13:05:00,590.0,590.0,590.0,590.0,125,150,590.0,587.8,621.15
607,2020-12-18 13:06:00,590.0,590.0,590.0,590.0,125,150,590.0,587.8,621.15
608,2020-12-18 13:07:00,590.0,590.0,590.0,590.0,125,150,590.0,587.8,621.15
609,2020-12-18 13:08:00,590.0,590.0,590.0,590.0,125,150,590.0,587.8,621.15
610,2020-12-18 13:09:00,590.0,590.0,590.0,590.0,125,150,590.0,587.8,621.15
611,2020-12-18 13:10:00,590.0,590.0,590.0,590.0,125,150,590.0,587.8,621.15
612,2020-12-18 13:11:00,590.0,590.0,590.0,590.0,125,150,590.0,587.8,621.15
613,2020-12-18 13:12:00,590.0,590.0,590.0,590.0,125,150,590.0,587.8,621.15
614,2020-12-18 13:13:00,590.0,590.0,590.0,590.0,125,150,590.0,587.8,621.15
615,2020-12-18 13:14:00,590.0,590.0,590.0,590.0,125,150,590.0,587.8,621.15
616,2020-12-18 13:15:00,590.0,590.0,590.0,590.0,125,150,590.0,587.8,621.15
617,2020-12-18 13:16:00,590.0,590.0,590.0,590.0,125,150,590.0,587.8,621.15
618,2020-12-18 13:17:00,590.0,590.0,590.0,590.0,125,150,590.0,587.8,621.15
619,2020-12-18 13:18:00,590.0,590.0,590.0,590.0,125,150,590.0,587.8,621.15
620,2020-12-18 13:19:00,590.0,590.0,590.0,590.0,125,150,590.0,587.8,621.15
621,2020-12-18 13:20:00,590.0,590.0,590.0,590.0,125,150,590.0,587.8,621.15
622,2020-12-18 13:21:00,590.0,590.0,590.0,590.0,125,150,590.0,587.8,621.15
623,2020-12-18 13:22:00,590.0,590.0,590.0,590.0,125,150,590.0,587.8,621.15
624,2020-12-18 13:23:00,590.0,590.0,590.0,590.0,125,150,590.0,587.8,621.15
625,2020-12-18 13:24:00,590.0,590.0,590.0,590.0,125,150,590.0,587.8,621.15
626,2020-12-18 13:25:00,590.0,590.0,590.0,590.0,125,150,590.0,587.8,621.15
627,2020-12-18 13:26:00,590.0,590.0,590.0,590.0,125,150,590.0,587.8,621.15
628,2020-12-18 13:27:00,590.0,590.0,590.0,590.0,125,150,590.0,587.8,621.15
629,2020-12-18 13:28:00,590.0,590.0,590.0,590.0,125,150,590.0,587.8,621.15
630,2020-12-18 13:29:00,590.0,590.0,590.0,590.0,125,150,590.0,587.8,621.15
631,2020-12-18 13:30:00,590.0,590.0,590.0,590.0,125,150,590.0,587.8,621.15
632,2020-12-18 13:31:00,590.0,590.0,590.0,590.0,125,150,590.0,587.8,621.15
633,2020-12-18 13:32:00,590.0,590.0,590.0,590.0,125,150,590.0,587.8,621.15
634,2020-12-18 13:33:00,590.0,590.0,590.0,590.0,125,150,590.0,587.8,621.15
635,2020-12-18 13:34:00,590.0,590.0,590.0,590.0,125,150,590.0,587.8,621.15
636,2020-12-18 13:35:00,590.0,590.0,590.0,590.0,125,150,590.0,587.8,621.15
637,2020-12-18 13:36:00,590.0,590.0,590.0,590.0,125,150,590.0,587.8,621.15
638,2020-12-18 13:37:00,590.0,590.0,590.0,590.0,125,150,590.0,587.8,621.15
639,2020-12-18 13:38:00,590.0,590.0,590.0,590.0,125,150,590.0,587.8,621.15
640,2020-12-18 13:39:00,590.0,590.0,590.0,590.0,125,150,590.0,587.8,621.15
641,2020-12-18 13:40:00,590.0,590.0,590.0,590.0,125,150,590.0,587.8,621.15
642,2020-12-18 13:41:00,590.0,590.0,590.0,590.0,125,150,590.0,587.8,621.15
643,2020-12-18 13:42:00,590.0,590.0,590.0,590.0,125,150,590.0,587.8,621.15
644,2020-12-18 13:43:00,590.0,590.0,590.0,590.0,125,150,590.0,587.8,621.15
645,2020-12-18 13:44:00,590.0,590.0,590.0,590.0,125,150,590.0,587.8,621.15
646,2020-12-18 13:45:00,590.0,590.0,590.0,590.0,125,150,590.0,587.8,621.15
647,2020-12-18 13:46:00,590.0,590.0,590.0,590.0,125,150,590.0,587.8,621.15
648,2020-12-18 13:47:00,590.0,590.0,590.0,590.0,125,150,590.0,587.8,621.15
649,2020-12-18 13:48:00,590.0,590.0,590.0,590.0,125,150,590.0,587.8,621.15
650,2020-12-18 13:49:00,590.0,590.0,590.0,590.0,125,150,590.0,587.8,621.15
651,2020-12-18 13:50:00,590.0,590.0,590.0,590.0,125,150,590.0,587.8,621.15
652,2020-12-18 13:51:00,590.0,590.0,590.0,590.0,125,150,590.0,587.8,621.15
653,2020-12-18 13:52:00,590.0,590.0,590.0,590.0,125,150,590.0,587.8,621.15
654,2020-12-18 13:53:00,590.0,590.0,590.0,590.0,125,150,590.0,587.8,621.15
655,2020-12-18 13:54:00,590.0,590.0,590.0,590.0,125,150,590.0,587.8,621.15
656,2020-12-18 13:55:00,590.0,590.0,590.0,590.0,125,150,590.0,587.8,621.15
657,2020-12-18 13:56:00,590.0,590.0,590.0,590.0,125,150,590.0,587.8,621.15
658,2020-12-18 13:57:00,590.0,590.0,590.0,590.0,125,150,590.0,587.8,621.15
659,2020-12-18 13:58:00,590.0,590.0,590.0,590.0,125,150,590.0,587.8,621.15
660,2020-12-18 13:59:00,590.0,590.0,590.0,590.0,125,150,590.0,587.8,621.15
661,2020-12-18 14:00:00,590.0,590.0,590.0,590.0,125,150,590.0,587.8,621.15
662,2020-12-18 14:01:00,590.0,590.0,590.0,590.0,125,150,590.0,587.8,621.15
663,2020-12-18 14:02:00,590.0,590.0,590.0,590.0,125,150,590.0,587.8,621.15
664,2020-12-18 14:03:00,590.0,590.0,590.0,590.0,125,150,590.0,587.8,621.15
665,2020-12-18 14:04:00,590.0,590.0,590.0,590.0,125,150,590.0,587.8,621.15
666,2020-12-18 14:05:00,590.0,590.0,590.0,590.0,125,150,590.0,587.8,621.15
667,2020-12-18 14:06:00,590.0,590.0,590.0,590.0,125,150,590.0,587.8,621.15
668,2020-12-18 14:07:00,590.0,590.0,590.0,590.0,125,150,590.0,587.8,621.15
669,2020-12-18 14:08:00,590.0,590.0,590.0,590.0,125,150,590.0,587.8,621.15
670,2020-12-18 14:09:00,590.0,590.0,590.0,590.0,125,150,590.0,587.8,621.15
671,2020-12-18 14:10:00,590.0,590.0,590.0,590.0,125,150,590.0,587.8,621.15
672,2020-12-18 14:11:00,590.0,590.0,590.0,590.0,125,150,590.0,587.8,621.15
673,2020-12-18 14:12:00,590.0,590.0,590.0,590.0,125,150,590.0,587.8,621.15
674,2020-12-18 14:13:00,590.0,590.0,590.0,590.0,125,150,590.0,587.8,621.15
675,2020-12-18 14:14:00,590.0,590.0,590.0,590.0,125,150,590.0,587.8,621.15
676,2020-12-18 14:15:00,590.0,590.0,590.0,590.0,125,150,590.0,587.8,621.15
677,2020-12-18 14:16:00,590.0,590.0,590.0,590.0,125,150,590.0,587.8,621.15
678,2020-12-18 14:17:00,590.0,590.0,590.0,590.0,125,150,590.0,587.8,621.15
679,2020-12-18 14:18:00,590.0,590.0,590.0,590.0,125,150,590.0,587.8,621.15
680,2020-12-18 14:19:00,590.0,590.0,590.0,590.0,125,150,590.0,587.8,621.15
681,2020-12-18 14:20:00,590.0,590.0,590.0,590.0,125,150,590.0,587.8,621.15
682,2020-12-18 14:21:00,590.0,590.0,590.0,590.0,125,150,590.0,587.8,621.15
683,2020-12-18 14:22:00,590.0,590.0,590.0,590.0,125,150,590.0,587.8,621.15
684,2020-12-18 14:23:00,590.0,590.0,590.0,590.0,125,150,590.0,587.8,621.15
685,2020-12-18 14:24:00,590.0,590.0,590.0,590.0,125,150,590.0,587.8,621.15
686,2020-12-18 14:25:00,590.0,590.0,590.0,590.0,125,150,590.0,587.8,621.15
687,2020-12-18 14:26:00,590.0,590.0,590.0,590.0,125,150,590.0,587.8,621.15
688,2020-12-18 14:27:00,590.0,590.0,590.0,590.0,125,150,590.0,587.8,621.15
689,2020-12-18 14:28:00,590.0,590.0,590.0,590.0,125,150,590.0,587.8,621.15
690,2020-12-18 14:29:00,590.0,590.0,590.0,590.0,125,150,590.0,587.8,621.15
691,2020-12-18 14:30:00,590.0,590.0,590.0,590.0,125,150,590.0,587.8,621.15
692,2020-12-18 14:31:00,590.0,590.0,590.0,590.0,125,150,590.0,587.8,621.15
693,2020-12-18 14:32:00,590.0,590.0,590.0,590.0,125,150,590.0,587.8,621.15
694,2020-12-18 14:33:00,590.0,590.0,590.0,590.0,125,150,590.0,587.8,621.15
695,2020-12-18 14:34:00,590.0,590.0,590.0,590.0,125,150,590.0,587.8,621.15
696,2020-12-18 14:35:00,590.0,590.0,590.0,590.0,125,150,590.0,587.8,621.15
697,2020-12-18 14:36:00,590.0,590.0,590.0,590.0,125,150,590.0,587.8,621.15
698,2020-12-18 14:37:00,590.0,590.0,590.0,590.0,125,150,590.0,587.8,621.15
699,2020-12-18 14:38:00,590.0,590.0,590.0,590.0,125,150,590.0,587.8,621.15
700,2020-12-18 14:39:00,590.0,590.0,590.0,590.0,125,150,590.0,587.8,621.15
701,2020-12-18 14:40:00,590.0,590.0,590.0,590.0,125,150,590.0,587.8,621.15
702,2020-12-18 14:41:00,590.0,590.0,590.0,590.0,125,150,590.0,587.8,621.15
703,2020-12-18 14:42:00,590.0,590.0,590.0,590.0,125,150,590.0,587.8,621.15
704,2020-12-18 14:43:00,590.0,590.0,590.0,590.0,125,150,590.0,587.8,621.15
705,2020-12-18 14:44:00,590.0,590.0,590.0,590.0,125,150,590.0,587.8,621.15
706,2020-12-18 14:45:00,590.0,590.0,590.0,590.0,125,150,590.0,587.8,621.15
707,2020-12-18 14:46:00,590.0,590.0,590.0,590.0,125,150,590.0,587.8,621.15
708,2020-12-18 14:47:00,590.0,590.0,590.0,590.0,125,150,590.0,587.8,621.15
709,2020-12-18 14:48:00,590.0,590.0,590.0,590.0,125,150,590.0,587.8,621.15
710,2020-12-18 14:49:00,590.0,590.0,590.0,590.0,125,150,590.0,587.8,621.15
711,2020-12-18 14:50:00,590.0,590.0,590.0,590.0,125,150,590.0,587.8,621.15
712,2020-12-18 14:51:00,590.0,590.0,590.0,590.0,125,150,590.0,587.8,621.15
713,2020-12-18 14:52:00,590.0,590.0,590.0,590.0,125,150,590.0,587.8,621.15
714,2020-12-18 14:53:00,590.0,590.0,590.0,590.0,125,150,590.0,587.8,621.15
715,2020-12-18 14:54:00,590.0,590.0,590.0,590.0,125,150,590.0,587.8,621.15
716,2020-12-18 14:55:00,590.0,590.0,590.0,590.0,125,150,590.0,587.8,621.15
717,2020-12-18 14:56:00,590.0,590.0,590.0,590.0,125,150,590.0,587.8,621.15
718,2020-12-18 14:57:00,590.0,590.0,590.0,590.0,125,150,590.0,587.8,621.15
719,2020-12-18 14:58:00,590.0,590.0,590.0,590.0,125,150,590.0,587.8,621.15
720,2020-12-18 14:59:00,590.0,590.0,590.0,590.0,125,150,590.0,587.8,621.15
721,2020-12-18 15:00:00,590.0,590.0,590.0,590.0,125,150,590.0,587.8,621.15
722,2020-12-18 15:01:00,590.0,590.0,590.0,590.0,125,150,590.0,587.8,621.15
723,2020-12-18 15:02:00,590.0,590.0,590.0,590.0,125,150,590.0,587.8,621.15
724,2020-12-18 15:03:00,590.0,590.0,590.0,590.0,125,150,590.0,587.8,621.15
725,2020-12-18 15:04:00,590.0,590.0,590.0,590.0,125,150,590.0,587.8,621.15
726,2020-12-18 15:05:00,590.0,590.0,590.0,590.0,125,150,590.0,587.8,621.15
727,2020-12-18 15:06:00,590.0,590.0,590.0,590.0,125,150,590.0,587.8,621.15
728,2020-12-18 15:07:00,590.0,590.0,590.0,590.0,125,150,590.0,587.8,621.15
729,2020-12-18 15:08:00,590.0,590.0,590.0,590.0,125,150,590.0,587.8,621.15
730,2020-12-18 15:09:00,590.0,590.0,590.0,590.0,125,150,590.0,587.8,621.15
731,2020-12-18 15:10:00,590.0,590.0,590.0,590.0,125,150,590.0,587.8,621.15
732,2020-12-18 15:11:00,590.0,590.0,590.0,590.0,125,150,590.0,587.8,621.15
733,2020-12-18 15:12:00,590.0,590.0,590.0,590.0,125,150,590.0,587.8,621.15
734,2020-12-18 15:13:00,590.0,590.0,590.0,590.0,125,150,590.0,587.8,621.15
735,2020-12-18 15:14:00,590.0,590.0,590.0,590.0,125,150,590.0,587.8,621.15
736,2020-12-18 15:15:00,590.0,590.0,590.0,590.0,125,150,590.0,587.8,621.15
737,2020-12-18 15:16:00,590.0,590.0,590.0,590.0,125,150,590.0,587.8,621.15
738,2020-12-18 15:17:00,590.0,590.0,590.0,590.0,125,150,590.0,587.8,621.15
739,2020-12-18 15:18:00,590.0,590.0,590.0,590.0,125,150,590.0,587.8,621.15
740,2020-12-18 15:19:00,590.0,590.0,590.0,590.0,125,150,590.0,587.8,621.15
741,2020-12-18 15:20:00,590.0,590.0,590.0,590.0,125,150,590.0,587.8,621.15
742,2020-12-18 15:21:00,590.0,590.0,590.0,590.0,125,150,590.0,587.8,621.15
743,2020-12-18 15:22:00,590.0,590.0,590.0,590.0,125,150,590.0,587.8,621.15
744,2020-12-18 15:23:00,590.0,590.0,590.0,590.0,125,150,590.0,587.8,621.15
745,2020-12-18 15:24:00,590.0,590.0,590.0,590.0,125,150,590.0,587.8,621.15
746,2020-12-18 15:25:00,590.0,590.0,590.0,590.0,125,150,590.0,587.8,621.15
747,2020-12-18 15:26:00,590.0,590.0,590.0,590.0,125,150,590.0,587.8,621.15
748,2020-12-18 15:27:00,590.0,590.0,590.0,590.0,125,150,590.0,587.8,621.15
749,2020-12-18 15:28:00,590.0,590.0,590.0,590.0,125,150,590.0,587.8,621.15
750,2020-12-18 15:29:00,590.0,590.0,590.0,590.0,125,150,590.0,587.8,621.15
751,2020-12-18 15:30:00,590.0,590.0,590.0,590.0,125,150,590.0,587.8,621.15
752,2020-12-19 09:15:00,590.0,590.0,590.0,590.0,125,150,590.0,587.8,621.15
753,2020-12-19 09:16:00,590.0,590.0,590.0,590.0,125,150,590.0,587.8,621.15
754,2020-12-19 09:17:00,590.0,590.0,590.0,590.0,125,150,590.0,587.8,621.15
755,2020-12-19 09:18:00,590.0,590.0,590.0,590.0,125,150,590.0,587.8,621.15
756,2020-12-19 09:19:00,590.0,590.0,590.0,590.0,125,150,590.0,587.8,621.15
757,2020-12-19 09:20:00,590.0,590.0,590.0,590.0,125,150,590.0,587.8,621.15
758,2020-12-19 09:21:00,590.0,590.0,590.0,590.0,125,150,590.0,587.8,621.15
759,2020-12-19 09:22:00,590.0,590.0,590.0,590.0,125,150,590.0,587.8,621.15
760,2020-12-19 09:23:00,590.0,590.0,590.0,590.0,125,150,590.0,587.8,621.15
761,2020-12-19 09:24:00,590.0,590.0,590.0,590.0,125,150,590.0,587.8,621.15
762,2020-12-19 09:25:00,590.0,590.0,590.0,590.0,125,150,590.0,587.8,621.15
763,2020-12-19 09:26:00,590.0,590.0,590.0,590.0,125,150,590.0,587.8,621.15
764,2020-12-19 09:27:00,590.0,590.0,590.0,590.0,125,150,590.0,587.8,621.15
765,2020-12-19 09:28:00,590.0,590.0,590.0,590.0,125,150,590.0,587.8,621.15
766,2020-12-19 09:29:00,590.0,590.0,590.0,590.0,125,150,590.0,587.8,621.15
767,2020-12-19 09:30:00,590.0,590.0,590.0,590.0,125,150,590.0,587.8,621.15
768,2020-12-19 09:31:00,590.0,590.0,590.0,590.0,125,150,590.0,587.8,621.15
769,2020-12-19 09:32:00,590.0,590.0,590.0,590.0,125,150,590.0,587.8,621.15
770,2020-12-19 09:33:00,590.0,590.0,590.0,590.0,125,150,590.0,587.8,621.15
771,2020-12-19 09:34:00,590.0,590.0,590.0,590.0,125,150,590.0,587.8,621.15
772,2020-12-19 09:35:00,590.0,590.0,590.0,590.0,125,150,590.0,587.8,621.15
773,2020-12-19 09:36:00,590.0,590.0,590.0,590.0,125,150,590.0,587.8,621.15
774,2020-12-19 09:37:00,590.0,590.0,590.0,590.0,125,150,590.0,587.8,621.15
775,2020-12-19 09:38:00,590.0,590.0,590.0,590.0,125,150,590.0,587.8,621.15
776,2020-12-19 09:39:00,590.0,590.0,590.0,590.0,125,150,590.0,587.8,621.15
777,2020-12-19 09:40:00,590.0,590.0,590.0,590.0,125,150,590.0,587.8,621.15
778,2020-12-19 09:41:00,590.0,590.0,590.0,590.0,125,150,590.0,587.8,621.15
779,2020-12-19 09:42:00,590.0,590.0,590.0,590.0,125,150,590.0,587.8,621.15
780,2020-12-19 09:43:00,590.0,590.0,590.0,590.0,125,150,590.0,587.8,621.15
781,2020-12-19 09:44:00,590.0,590.0,590.0,590.0,125,150,590.0,587.8,621.15
782,2020-12-19 09:45:00,590.0,590.0,590.0,590.0,125,150,590.0,587.8,621.15
783,2020-12-19 09:46:00,590.0,590.0,590.0,590.0,125,150,590.0,587.8,621.15
784,2020-12-19 09:47:00,590.0,590.0,590.0,590.0,125,150,590.0,587.8,621.15
785,2020-12-19 09:48:00,590.0,590.0,590.0,590.0,125,150,590.0,587.8,621.15
786,2020-12-19 09:49:00,590.0,590.0,590.0,590.0,125,150,590.0,587.8,621.15
787,2020-12-19 09:50:00,590.0,590.0,590.0,590.0,125,150,590.0,587.8,621.15
788,2020-12-19 09:51:00,590.0,590.0,590.0,590.0,125,150,590.0,587.8,621.15
789,2020-12-19 09:52:00,590.0,590.0,590.0,590.0,125,150,590.0,587.8,621.15
790,2020-12-19 09:53:00,590.0,590.0,590.0,590.0,125,150,590.0,587.8,621.15
791,2020-12-19 09:54:00,590.0,590.0,590.0,590.0,125,150,590.0,587.8,621.15
792,2020-12-19 09:55:00,590.0,590.0,590.0,590.0,125,150,590.0,587.8,621.15
793,2020-12-19 09:56:00,590.0,590.0,590.0,590.0,125,150,590.0,587.8,621.15
794,2020-12-19 09:57:00,590.0,590.0,590.0,590.0,125,150,590.0,587.8,621.15
795,2020-12-19 09:58:00,590.0,590.0,590.0,590.0,125,150,590.0,587.8,621.15
796,2020-12-19 09:59:00,590.0,590.0,590.0,590.0,125,150,590.0,587.8,621.15
797,2020-12-19 10:00:00,590.0,590.0,590.0,590.0,125,150,590.0,587.8,621.15
798,2020-12-19 10:01:00,590.0,590.0,590.0,590.0,125,150,590.0,587.8,621.15
799,2020-12-19 10:02:00,590.0,590.0,590.0,590.0,125,150,590.0,587.8,621.15
800,2020-12-19 10:03:00,590.0,590.0,590.0,590.0,125,150,590.0,587.8,621.15
801,2020-12-19 10:04:00,590.0,590.0,590.0,590.0,125,150,590.0,587.8,621.15
802,2020-12-19 10:05:00,590.0,590.0,590.0,590.0,125,150,590.0,587.8,621.15
803,2020-12-19 10:06:00,590.0,590.0,590.0,590.0,125,150,590.0,587.8,621.15
804,2020-12-19 10:07:00,590.0,590.0,590.0,590.0,125,150,590.0,587.8,621.15
805,2020-12-19 10:08:00,590.0,590.0,590.0,590.0,125,150,590.0,587.8,621.15
806,2020-12-19 10:09:00,590.0,590.0,590.0,590.0,125,150,590.0,587.8,621.15
807,2020-12-19 10:10:00,590.0,590.0,590.0,590.0,125,150,590.0,587.8,621.15
808,2020-12-19 10:11:00,590.0,590.0,590.0,590.0,125,150,590.0,587.8,621.15
809,2020-12-19 10:12:00,590.0,590.0,590.0,590.0,125,150,590.0,587.8,621.15
810,2020-12-19 10:13:00,590.0,590.0,590.0,590.0,125,150,590.0,587.8,621.15
811,2020-12-19 10:14:00,590.0,590.0,590.0,590.0,125,150,590.0,587.8,621.15
812,2020-12-19 10:15:00,590.0,590.0,590.0,590.0,125,150,590.0,587.8,621.15
813,2020-12-19 10:16:00,590.0,590.0,590.0,590.0,125,150,590.0,587.8,621.15
814,2020-12-19 10:17:00,590.0,590.0,590.0,590.0,125,150,590.0,587.8,621.15
815,2020-12-19 10:18:00,590.0,590.0,590.0,590.0,125,150,590.0,587.8,621.15
816,2020-12-19 10:19:00,590.0,590.0,590.0,590.0,125,150,590.0,587.8,621.15
817,2020-12-19 10:20:00,590.0,590.0,590.0,590.0,125,150,590.0,587.8,621.15
818,2020-12-19 10:21:00,590.0,590.0,590.0,590.0,125,150,590.0,587.8,621.15
819,2020-12-19 10:22:00,590.0,590.0,590.0,590.0,125,150,590.0,587.8,621.15
820,2020-12-19 10:23:00,590.0,590.0,590.0,590.0,125,150,590.0,587.8,621.15
821,2020-12-19 10:24:00,590.0,590.0,590.0,590.0,125,150,590.0,587.8,621.15
822,2020-12-19 10:25:00,590.0,590.0,590.0,590.0,125,150,590.0,587.8,621.15
823,2020-12-19 10:26:00,590.0,590.0,590.0,590.0,125,150,590.0,587.8,621.15
824,2020-12-19 10:27:00,590.0,590.0,590.0,590.0,125,150,590.0,587.8,621.15
825,2020-12-19 10:28:00,590.0,590.0,590.0,590.0,125,150,590.0,587.8,621.15
826,2020-12-19 10:29:00,590.0,590.0,590.0,590.0,125,150,590.0,587.8,621.15
827,2020-12-19 10:30:00,590.0,590.0,590.0,590.0,125,150,590.0,587.8,621.15
828,2020-12-19 10:31:00,590.0,590.0,590.0,590.0,125,150,590.0,587.8,621.15
829,2020-12-19 10:32:00,590.0,590.0,590.0,590.0,125,150,590.0,587.8,621.15
830,2020-12-19 10:33:00,590.0,590.0,590.0,590.0,125,150,590.0,587.8,621.15
831,2020-12-19 10:34:00,590.0,590.0,590.0,590.0,125,150,590.0,587.8,621.15
832,2020-12-19 10:35:00,590.0,590.0,590.0,590.0,125,150,590.0,587.8,621.15
833,2020-12-19 10:36:00,590.0,590.0,590.0,590.0,125,150,590.0,587.8,621.15
834,2020-12-19 10:37:00,590.0,590.0,590.0,590.0,125,150,590.0,587.8,621.15
835,2020-12-19 10:38:00,590.0,590.0,590.0,590.0,125,150,590.0,587.8,621.15
836,2020-12-19 10:39:00,590.0,590.0,590.0,590.0,125,150,590.0,587.8,621.15
837,2020-12-19 10:40:00,590.0,590.0,590.0,590.0,125,150,590.0,587.8,621.15
838,2020-12-19 10:41:00,590.0,590.0,590.0,590.0,125,150,590.0,587.8,621.15
839,2020-12-19 10:42:00,590.0,590.0,590.0,590.0,125,150,590.0,587.8,621.15
840,2020-12-19 10:43:00,590.0,590.0,590.0,590.0,125,150,590.0,587.8,621.15
841,2020-12-19 10:44:00,590.0,590.0,590.0,590.0,125,150,590.0,587.8,621.15
842,2020-12-19 10:45:00,590.0,590.0,590.0,590.0,125,150,590.0,587.8,621.15
843,2020-12-19 10:46:00,590.0,590.0,590.0,590.0,125,150,590.0,587.8,621.15
844,2020-12-19 10:47:00,590.0,590.0,590.0,590.0,125,150,590.0,587.8,621.15
845,2020-12-19 10:48:00,590.0,590.0,590.0,590.0,125,150,590.0,587.8,621.15
846,2020-12-19 10:49:00,590.0,590.0,590.0,590.0,125,150,590.0,587.8,621.15
847,2020-12-19 10:50:00,590.0,590.0,590.0,590.0,125,150,590.0,587.8,621.15
848,2020-12-19 10:51:00,590.0,590.0,590.0,590.0,125,150,590.0,587.8,621.15
849,2020-12-19 10:52:00,590.0,590.0,590.0,590.0,125,150,590.0,587.8,621.15
850,2020-12-19 10:53:00,590.0,590.0,590.0,590.0,125,150,590.0,587.8,621.15
851,2020-12-19 10:54:00,590.0,590.0,590.0,590.0,125,150,590.0,587.8,621.15
852,2020-12-19 10:55:00,590.0,590.0,590.0,590.0,125,150,590.0,587.8,621.15
853,2020-12-19 10:56:00,590.0,590.0,590.0,590.0,125,150,590.0,587.8,621.15
854,2020-12-19 10:57:00,590.0,590.0,590.0,590.0,125,150,590.0,587.8,621.15
855,2020-12-19 10:58:00,590.0,590.0,590.0,590.0,125,150,590.0,587.8,621.15
856,2020-12-19 10:59:00,590.0,590.0,590.0,590.0,125,150,590.0,587.8,621.15
857,2020-12-19 11:00:00,590.0,590.0,590.0,590.0,125,150,590.0,587.8,621.15
858,2020-12-19 11:01:00,590.0,590.0,590.0,590.0,125,150,590.0,587.8,621.15
859,2020-12-19 11:02:00,590.0,590.0,590.0,590.0,125,150,590.0,587.8,621.15
860,2020-12-19 11:03:00,590.0,590.0,590.0,590.0,125,150,590.0,587.8,621.15
861,2020-12-19 11:04:00,590.0,590.0,590.0,590.0,125,150,590.0,587.8,621.15
862,2020-12-19 11:05:00,590.0,590.0,590.0,590.0,125,150,590.0,587.8,621.15
863,2020-12-19 11:06:00,590.0,590.0,590.0,590.0,125,150,590.0,587.8,621.15
864,2020-12-19 11:07:00,590.0,590.0,590.0,590.0,125,150,590.0,587.8,621.15
865,2020-12-19 11:08:00,590.0,590.0,590.0,590.0,125,150,590.0,587.8,621.15
866,2020-12-19 11:09:00,590.0,590.0,590.0,590.0,125,150,590.0,587.8,621.15
867,2020-12-19 11:10:00,590.0,590.0,590.0,590.0,125,150,590.0,587.8,621.15
868,2020-12-19 11:11:00,590.0,590.0,590.0,590.0,125,150,590.0,587.8,621.15
869,2020-12-19 11:12:00,590.0,590.0,590.0,590.0,125,150,590.0,587.8,621.15
870,2020-12-19 11:13:00,590.0,590.0,590.0,590.0,125,150,590.0,587.8,621.15
871,2020-12-19 11:14:00,590.0,590.0,590.0,590.0,125,150,590.0,587.8,621.15
872,2020-12-19 11:15:00,590.0,590.0,590.0,590.0,125,150,590.0,587.8,621.15
873,2020-12-19 11:16:00,590.0,590.0,590.0,590.0,125,150,590.0,587.8,621.15
874,2020-12-19 11:17:00,590.0,590.0,590.0,590.0,125,150,590.0,587.8,621.15
875,2020-12-19 11:18:00,590.0,590.0,590.0,590.0,125,150,590.0,587.8,621.15
876,2020-12-19 11:19:00,590.0,590.0,590.0,590.0,125,150,590.0,587.8,621.15
877,2020-12-19 11:20:00,590.0,590.0,590.0,590.0,125,150,590.0,587.8,621.15
878,2020-12-19 11:21:00,590.0,590.0,590.0,590.0,125,150,590.0,587.8,621.15
879,2020-12-19 11:22:00,590.0,590.0,590.0,590.0,125,150,590.0,587.8,621.15
880,2020-12-19 11:23:00,590.0,590.0,590.0,590.0,125,150,590.0,587.8,621.15
881,2020-12-19 11:24:00,590.0,590.0,590.0,590.0,125,150,590.0,587.8,621.15
882,2020-12-19 11:25:00,590.0,590.0,590.0,590.0,125,150,590.0,587.8,621.15
883,2020-12-19 11:26:00,590.0,590.0,590.0,590.0,125,150,590.0,587.8,621.15
884,2020-12-19 11:27:00,590.0,590.0,590.0,590.0,125,150,590.0,587.8,621.15
885,2020-12-19 11:28:00,590.0,590.0,590.0,590.0,125,150,590.0,587.8,621.15
886,2020-12-19 11:29:00,590.0,590.0,590.0,590.0,125,150,590.0,587.8,621.15
887,2020-12-19 11:30:00,590.0,590.0,590.0,590.0,125,150,590.0,587.8,621.15
888,2020-12-19 11:31:00,590.0,590.0,590.0,590.0,125,150,590.0,587.8,621.15
889,2020-12-19 11:32:00,590.0,590.0,590.0,590.0,125,150,590.0,587.8,621.15
890,2020-12-19 11:33:00,590.0,590.0,590.0,590.0,125,150,590.0,587.8,621.15
891,2020-12-19 11:34:00,590.0,590.0,590.0,590.0,125,150,590.0,587.8,621.15
892,2020-12-19 11:35:00,590.0,590.0,590.0,590.0,125,150,590.0,587.8,621.15
893,2020-12-19 11:36:00,590.0,590.0,590.0,590.0,125,150,590.0,587.8,621.15
894,2020-12-19 11:37:00,590.0,590.0,590.0,590.0,125,150,590.0,587.8,621.15
895,2020-12-19 11:38:00,590.0,590.0,590.0,590.0,125,150,590.0,587.8,621.15
896,2020-12-19 11:39:00,590.0,590.0,590.0,590.0,125,150,590.0,587.8,621.15
897,2020-12-19 11:40:00,590.0,590.0,590.0,590.0,125,150,590.0,587.8,621.15
898,2020-12-19 11:41:00,590.0,590.0,590.0,590.0,125,150,590.0,587.8,621.15
899,2020-12-19 11:42:00,590.0,590.0,590.0,590.0,125,150,590.0,587.8,621.15
900,2020-12-19 11:43:00,590.0,590.0,590.0,590.0,125,150,590.0,587.8,621.15
901,2020-12-19 11:44:00,590.0,590.0,590.0,590.0,125,150,590.0,587.8,621.15
902,2020-12-19 11:45:00,590.0,590.0,590.0,590.0,125,150,590.0,587.8,621.15
903,2020-12-19 11:46:00,590.0,590.0,590.0,590.0,125,150,590.0,587.8,621.15
904,2020-12-19 11:47:00,590.0,590.0,590.0,590.0,125,150,590.0,587.8,621.15
905,2020-12-19 11:48:00,590.0,590.0,590.0,590.0,125,150,590.0,587.8,621.15
906,2020-12-19 11:49:00,590.0,590.0,590.0,590.0,125,150,590.0,587.8,621.15
907,2020-12-19 11:50:00,590.0,590.0,590.0,590.0,125,150,590.0,587.8,621.15
908,2020-12-19 11:51:00,590.0,590.0,590.0,590.0,125,150,590.0,587.8,621.15
909,2020-12-19 11:52:00,590.0,590.0,590.0,590.0,125,150,590.0,587.8,621.15
910,2020-12-19 11:53:00,590.0,590.0,590.0,590.0,125,150,590.0,587.8,621.15
911,2020-12-19 11:54:00,590.0,590.0,590.0,590.0,125,150,590.0,587.8,621.15
912,2020-12-19 11:55:00,590.0,590.0,590.0,590.0,125,150,590.0,587.8,621.15
913,2020-12-19 11:56:00,590.0,590.0,590.0,590.0,125,150,590.0,587.8,621.15
914,2020-12-19 11:57:00,590.0,590.0,590.0,590.0,125,150,590.0,587.8,621.15
915,2020-12-19 11:58:00,590.0,590.0,590.0,590.0,125,150,590.0,587.8,621.15
916,2020-12-19 11:59:00,590.0,590.0,590.0,590.0,125,150,590.0,587.8,621.15
917,2020-12-19 12:00:00,590.0,590.0,590.0,590.0,125,150,590.0,587.8,621.15
918,2020-12-19 12:01:00,590.0,590.0,590.0,590.0,125,150,590.0,587.8,621.15
919,2020-12-19 12:02:00,590.0,590.0,590.0,590.0,125,150,590.0,587.8,621.15
920,2020-12-19 12:03:00,590.0,590.0,590.0,590.0,125,150,590.0,587.8,621.15
921,2020-12-19 12:04:00,590.0,590.0,590.0,590.0,125,150,590.0,587.8,621.15
922,2020-12-19 12:05:00,590.0,590.0,590.0,590.0,125,150,590.0,587.8,621.15
923,2020-12-19 12:06:00,590.0,590.0,590.0,590.0,125,150,590.0,587.8,621.15
924,2020-12-19 12:07:00,590.0,590.0,590.0,590.0,125,150,590.0,587.8,621.15
925,2020-12-19 12:08:00,590.0,590.0,590.0,590.0,125,150,590.0,587.8,621.15
926,2020-12-19 12:09:00,590.0,590.0,590.0,590.0,125,150,590.0,587.8,621.15
927,2020-12-19 12:10:00,590.0,590.0,590.0,590.0,125,150,590.0,587.8,621.15
928,2020-12-19 12:11:00,590.0,590.0,590.0,590.0,125,150,590.0,587.8,621.15
929,2020-12-19 12:12:00,590.0,590.0,590.0,590.0,125,150,590.0,587.8,621.15
930,2020-12-19 12:13:00,590.0,590.0,590.0,590.0,125,150,590.0,587.8,621.15
931,2020-12-19 12:14:00,590.0,590.0,590.0,590.0,125,150,590.0,587.8,621.15
932,2020-12-19 12:15:00,590.0,590.0,590.0,590.0,125,150,590.0,587.8,621.15
933,2020-12-19 12:16:00,590.0,590.0,590.0,590.0,125,150,590.0,587.8,621.15
934,2020-12-19 12:17:00,590.0,590.0,590.0,590.0,125,150,590.0,587.8,621.15
935,2020-12-19 12:18:00,590.0,590.0,590.0,590.0,125,150,590.0,587.8,621.15
936,2020-12-19 12:19:00,590.0,590.0,590.0,590.0,125,150,590.0,587.8,621.15
937,2020-12-19 12:20:00,590.0,590.0,590.0,590.0,125,150,590.0,587.8,621.15
938,2020-12-19 12:21:00,590.0,590.0,590.0,590.0,125,150,590.0,587.8,621.15
939,2020-12-19 12:22:00,590.0,590.0,590.0,590.0,125,150,590.0,587.8,621.15
940,2020-12-19 12:23:00,590.0,590.0,590.0,590.0,125,150,590.0,587.8,621.15
941,2020-12-19 12:24:00,590.0,590.0,590.0,590.0,125,150,590.0,587.8,621.15
942,2020-12-19 12:25:00,590.0,590.0,590.0,590.0,125,150,590.0,587.8,621.15
943,2020-12-19 12:26:00,590.0,590.0,590.0,590.0,125,150,590.0,587.8,621.15
944,2020-12-19 12:27:00,590.0,590.0,590.0,590.0,125,150,590.0,587.8,621.15
945,2020-12-19 12:28:00,590.0,590.0,590.0,590.0,125,150,590.0,587.8,621.15
946,2020-12-19 12:29:00,590.0,590.0,590.0,590.0,125,150,590.0,587.8,621.15
947,2020-12-19 12:30:00,590.0,590.0,590.0,590.0,125,150,590.0,587.8,621.15
948,2020-12-19 12:31:00,590.0,590.0,590.0,590.0,125,150,590.0,587.8,621.15
949,2020-12-19 12:32:00,590.0,590.0,590.0,590.0,125,150,590.0,587.8,621.15
950,2020-12-19 12:33:00,590.0,590.0,590.0,590.0,125,150,590.0,587.8,621.15
951,2020-12-19 12:34:00,590.0,590.0,590.0,590.0,125,150,590.0,587.8,621.15
952,2020-12-19 12:35:00,590.0,590.0,590.0,590.0,125,150,590.0,587.8,621.15
953,2020-12-19 12:36:00,590.0,590.0,590.0,590.0,125,150,590.0,587.8,621.15
954,2020-12-19 12:37:00,590.0,590.0,590.0,590.0,125,150,590.0,587.8,621.15
955,2020-12-19 12:38:00,590.0,590.0,590.0,590.0,125,150,590.0,587.8,621.15
956,2020-12-19 12:39:00,590.0,590.0,590.0,590.0,125,150,590.0,587.8,621.15
957,2020-12-19 12:40:00,590.0,590.0,590.0,590.0,125,150,590.0,587.8,621.15
958,2020-12-19 12:41:00,590.0,590.0,590.0,590.0,125,150,590.0,587.8,621.15
959,2020-12-19 12:42:00,590.0,590.0,590.0,590.0,125,150,590.0,587.8,621.15
960,2020-12-19 12:43:00,590.0,590.0,590.0,590.0,125,150,590.0,587.8,621.15
961,2020-12-19 12:44:00,590.0,590.0,590.0,590.0,125,150,590.0,587.8,621.15
962,2020-12-19 12:45:00,590.0,590.0,590.0,590.0,125,150,590.0,587.8,621.15
963,2020-12-19 12:46:00,590.0,590.0,590.0,590.0,125,150,590.0,587.8,621.15
964,2020-12-19 12:47:00,590.0,590.0,590.0,590.0,125,150,590.0,587.8,621.15
965,2020-12-19 12:48:00,590.0,590.0,590.0,590.0,125,150,590.0,587.8,621.15
966,2020-12-19 12:49:00,590.0,590.0,590.0,590.0,125,150,590.0,587.8,621.15
967,2020-12-19 12:50:00,590.0,590.0,590.0,590.0,125,150,590.0,587.8,621.15
968,2020-12-19 12:51:00,590.0,590.0,590.0,590.0,125,150,590.0,587.8,621.15
969,2020-12-19 12:52:00,590.0,590.0,590.0,590.0,125,150,590.0,587.8,621.15
970,2020-12-19 12:53:00,590.0,590.0,590.0,590.0,125,150,590.0,587.8,621.15
971,2020-12-19 12:54:00,590.0,590.0,590.0,590.0,125,150,590.0,587.8,621.15
972,2020-12-19 12:55:00,590.0,590.0,590.0,590.0,125,150,590.0,587.8,621.15
973,2020-12-19 12:56:00,590.0,590.0,590.0,590.0,125,150,590.0,587.8,621.15
974,2020-12-19 12:57:00,590.0,590.0,590.0,590.0,125,150,590.0,587.8,621.15
975,2020-12-19 12:58:00,590.0,590.0,590.0,590.0,125,150,590.0,587.8,621.15
976,2020-12-19 12:59:00,590.0,590.0,590.0,590.0,125,150,590.0,587.8,621.15
977,2020-12-19 13:00:00,590.0,590.0,590.0,590.0,125,150,590.0,587.8,621.15
978,2020-12-19 13:01:00,590.0,590.0,590.0,590.0,125,150,590.0,587.8,621.15
979,2020-12-19 13:02:00,590.0,590.0,590.0,590.0,125,150,590.0,587.8,621.15
980,2020-12-19 13:03:00,590.0,590.0,590.0,590.0,125,150,590.0,587.8,621.15
981,2020-12-19 13:04:00,590.0,590.0,590.0,590.0,125,150,590.0,587.8,621.15
982,2020-12-19 13:05:00,590.0,590.0,590.0,590.0,125,150,590.0,587.8,621.15
983,2020-12-19 13:06:00,590.0,590.0,590.0,590.0,125,150,590.0,587.8,621.15
984,2020-12-19 13:07:00,590.0,590.0,590.0,590.0,125,150,590.0,587.8,621.15
985,2020-12-19 13:08:00,590.0,590.0,590.0,590.0,125,150,590.0,587.8,621.15
986,2020-12-19 13:09:00,590.0,590.0,590.0,590.0,125,150,590.0,587.8,621.15
987,2020-12-19 13:10:00,590.0,590.0,590.0,590.0,125,150,590.0,587.8,621.15
988,2020-12-19 13:11:00,590.0,590.0,590.0,590.0,125,150,590.0,587.8,621.15
989,2020-12-19 13:12:00,590.0,590.0,590.0,590.0,125,150,590.0,587.8,621.15
990,2020-12-19 13:13:00,590.0,590.0,590.0,590.0,125,150,590.0,587.8,621.15
991,2020-12-19 13:14:00,590.0,590.0,590.0,590.0,125,150,590.0,587.8,621.15
992,2020-12-19 13:15:00,590.0,590.0,590.0,590.0,125,150,590.0,587.8,621.15
993,2020-12-19 13:16:00,590.0,590.0,590.0,590.0,125,150,590.0,587.8,621.15
994,2020-12-19 13:17:00,590.0,590.0,590.0,590.0,125,150,590.0,587.8,621.15
995,2020-12-19 13:18:00,590.0,590.0,590.0,590.0,125,150,590.0,587.8,621.15
996,2020-12-19 13:19:00,590.0,590.0,590.0,590.0,125,150,590.0,587.8,621.15
997,2020-12-19 13:20:00,590.0,590.0,590.0,590.0,125,150,590.0,587.8,621.15
998,2020-12-19 13:21:00,590.0,590.0,590.0,590.0,125,150,590.0,587.8,621.15
999,2020-12-19 13:22:00,590.0,590.0,590.0,590.0,125,150,590.0,587.8,621.15
1000,2020-12-19 13:23:00,590.0,590.0,590.0,590.0,125,150,590.0,587.8,621.15
1001,2020-12-19 13:24:00,590.0,590.0,590.0,590.0,125,150,590.0,587.8,621.15
1002,2020-12-19 13:25:00,590.0,590.0,590.0,590.0,125,150,590.0,587.8,621.15
1003,2020-12-19 13:26:00,590.0,590.0,590.0,590.0,125,150,590.0,587.8,621.15
1004,2020-12-19 13:27:00,590.0,590.0,590.0,590.0,125,150,590.0,587.8,621.15
1005,2020-12-19 13:28:00,590.0,590.0,590.0,590.0,125,150,590.0,587.8,621.15
1006,2020-12-19 13:29:00,590.0,590.0,590.0,590.0,125,150,590.0,587.8,621.15
1007,2020-12-19 13:30:00,590.0,590.0,590.0,590.0,125,150,590.0,587.8,621.15
1008,2020-12-19 13:31:00,590.0,590.0,590.0,590.0,125,150,590.0,587.8,621.15
1009,2020-12-19 13:32:00,590.0,590.0,590.0,590.0,125,150,590.0,587.8,621.15
1010,2020-12-19 13:33:00,590.0,590.0,590.0,590.0,125,150,590.0,587.8,621.15
1011,2020-12-19 13:34:00,590.0,590.0,590.0,590.0,125,150,590.0,587.8,621.15
1012,2020-12-19 13:35:00,590.0,590.0,590.0,590.0,125,150,590.0,587.8,621.15
1013,2020-12-19 13:36:00,590.0,590.0,590.0,590.0,125,150,590.0,587.8,621.15
1014,2020-12-19 13:37:00,590.0,590.0,590.0,590.0,125,150,590.0,587.8,621.15
1015,2020-12-19 13:38:00,590.0,590.0,590.0,590.0,125,150,590.0,587.8,621.15
1016,2020-12-19 13:39:00,590.0,590.0,590.0,590.0,125,150,590.0,587.8,621.15
1017,2020-12-19 13:40:00,590.0,590.0,590.0,590.0,125,150,590.0,587.8,621.15
1018,2020-12-19 13:41:00,590.0,590.0,590.0,590.0,125,150,590.0,587.8,621.15
1019,2020-12-19 13:42:00,590.0,590.0,590.0,590.0,125,150,590.0,587.8,621.15
1020,2020-12-19 13:43:00,590.0,590.0,590.0,590.0,125,150,590.0,587.8,621.15
1021,2020-12-19 13:44:00,590.0,590.0,590.0,590.0,125,150,590.0,587.8,621.15
1022,2020-12-19 13:45:00,590.0,590.0,590.0,590.0,125,150,590.0,587.8,621.15
1023,2020-12-19 13:46:00,590.0,590.0,590.0,590.0,125,150,590.0,587.8,621.15
1024,2020-12-19 13:47:00,590.0,590.0,590.0,590.0,125,150,590.0,587.8,621.15
1025,2020-12-19 13:48:00,590.0,590.0,590.0,590.0,125,150,590.0,587.8,621.15
1026,2020-12-19 13:49:00,590.0,590.0,590.0,590.0,125,150,590.0,587.8,621.15
1027,2020-12-19 13:50:00,590.0,590.0,590.0,590.0,125,150,590.0,587.8,621.15
1028,2020-12-19 13:51:00,590.0,590.0,590.0,590.0,125,150,590.0,587.8,621.15
1029,2020-12-19 13:52:00,590.0,590.0,590.0,590.0,125,150,590.0,587.8,621.15
1030,2020-12-19 13:53:00,590.0,590.0,590.0,590.0,125,150,590.0,587.8,621.15
1031,2020-12-19 13:54:00,590.0,590.0,590.0,590.0,125,150,590.0,587.8,621.15
1032,2020-12-19 13:55:00,590.0,590.0,590.0,590.0,125,150,590.0,587.8,621.15
1033,2020-12-19 13:56:00,590.0,590.0,590.0,590.0,125,150,590.0,587.8,621.15
1034,2020-12-19 13:57:00,590.0,590.0,590.0,590.0,125,150,590.0,587.8,621.15
1035,2020-12-19 13:58:00,590.0,590.0,590.0,590.0,125,150,590.0,587.8,621.15
1036,2020-12-19 13:59:00,590.0,590.0,590.0,590.0,125,150,590.0,587.8,621.15
1037,2020-12-19 14:00:00,590.0,590.0,590.0,590.0,125,150,590.0,587.8,621.15
1038,2020-12-19 14:01:00,590.0,590.0,590.0,590.0,125,150,590.0,587.8,621.15
1039,2020-12-19 14:02:00,590.0,590.0,590.0,590.0,125,150,590.0,587.8,621.15
1040,2020-12-19 14:03:00,590.0,590.0,590.0,590.0,125,150,590.0,587.8,621.15
1041,2020-12-19 14:04:00,590.0,590.0,590.0,590.0,125,150,590.0,587.8,621.15
1042,2020-12-19 14:05:00,590.0,590.0,590.0,590.0,125,150,590.0,587.8,621.15
1043,2020-12-19 14:06:00,590.0,590.0,590.0,590.0,125,150,590.0,587.8,621.15
1044,2020-12-19 14:07:00,590.0,590.0,590.0,590.0,125,150,590.0,587.8,621.15
1045,2020-12-19 14:08:00,590.0,590.0,590.0,590.0,125,150,590.0,587.8,621.15
1046,2020-12-19 14:09:00,590.0,590.0,590.0,590.0,125,150,590.0,587.8,621.15
1047,2020-12-19 14:10:00,590.0,590.0,590.0,590.0,125,150,590.0,587.8,621.15
1048,2020-12-19 14:11:00,590.0,590.0,590.0,590.0,125,150,590.0,587.8,621.15
1049,2020-12-19 14:12:00,590.0,590.0,590.0,590.0,125,150,590.0,587.8,621.15
1050,2020-12-19 14:13:00,590.0,590.0,590.0,590.0,125,150,590.0,587.8,621.15
1051,2020-12-19 14:14:00,590.0,590.0,590.0,590.0,125,150,590.0,587.8,621.15
1052,2020-12-19 14:15:00,590.0,590.0,590.0,590.0,125,150,590.0,587.8,621.15
1053,2020-12-19 14:16:00,590.0,590.0,590.0,590.0,125,150,590.0,587.8,621.15
1054,2020-12-19 14:17:00,590.0,590.0,590.0,590.0,125,150,590.0,587.8,621.15
1055,2020-12-19 14:18:00,590.0,590.0,590.0,590.0,125,150,590.0,587.8,621.15
1056,2020-12-19 14:19:00,590.0,590.0,590.0,590.0,125,150,590.0,587.8,621.15
1057,2020-12-19 14:20:00,590.0,590.0,590.0,590.0,125,150,590.0,587.8,621.15
1058,2020-12-19 14:21:00,590.0,590.0,590.0,590.0,125,150,590.0,587.8,621.15
1059,2020-12-19 14:22:00,590.0,590.0,590.0,590.0,125,150,590.0,587.8,621.15
1060,2020-12-19 14:23:00,590.0,590.0,590.0,590.0,125,150,590.0,587.8,621.15
1061,2020-12-19 14:24:00,590.0,590.0,590.0,590.0,125,150,590.0,587.8,621.15
1062,2020-12-19 14:25:00,590.0,590.0,590.0,590.0,125,150,590.0,587.8,621.15
1063,2020-12-19 14:26:00,590.0,590.0,590.0,590.0,125,150,590.0,587.8,621.15
1064,2020-12-19 14:27:00,590.0,590.0,590.0,590.0,125,150,590.0,587.8,621.15
1065,2020-12-19 14:28:00,590.0,590.0,590.0,590.0,125,150,590.0,587.8,621.15
1066,2020-12-19 14:29:00,590.0,590.0,590.0,590.0,125,150,590.0,587.8,621.15
1067,2020-12-19 14:30:00,590.0,590.0,590.0,590.0,125,150,590.0,587.8,621.15
1068,2020-12-19 14:31:00,590.0,590.0,590.0,590.0,125,150,590.0,587.8,621.15
1069,2020-12-19 14:32:00,590.0,590.0,590.0,590.0,125,150,590.0,587.8,621.15
1070,2020-12-19 14:33:00,590.0,590.0,590.0,590.0,125,150,590.0,587.8,621.15
1071,2020-12-19 14:34:00,590.0,590.0,590.0,590.0,125,150,590.0,587.8,621.15
1072,2020-12-19 14:35:00,590.0,590.0,590.0,590.0,125,150,590.0,587.8,621.15
1073,2020-12-19 14:36:00,590.0,590.0,590.0,590.0,125,150,590.0,587.8,621.15
1074,2020-12-19 14:37:00,590.0,590.0,590.0,590.0,125,150,590.0,587.8,621.15
1075,2020-12-19 14:38:00,590.0,590.0,590.0,590.0,125,150,590.0,587.8,621.15
1076,2020-12-19 14:39:00,590.0,590.0,590.0,590.0,125,150,590.0,587.8,621.15
1077,2020-12-19 14:40:00,590.0,590.0,590.0,590.0,125,150,590.0,587.8,621.15
1078,2020-12-19 14:41:00,590.0,590.0,590.0,590.0,125,150,590.0,587.8,621.15
1079,2020-12-19 14:42:00,590.0,590.0,590.0,590.0,125,150,590.0,587.8,621.15
1080,2020-12-19 14:43:00,590.0,590.0,590.0,590.0,125,150,590.0,587.8,621.15
1081,2020-12-19 14:44:00,590.0,590.0,590.0,590.0,125,150,590.0,587.8,621.15
1082,2020-12-19 14:45:00,590.0,590.0,590.0,590.0,125,150,590.0,587.8,621.15
1083,2020-12-19 14:46:00,590.0,590.0,590.0,590.0,125,150,590.0,587.8,621.15
1084,2020-12-19 14:47:00,590.0,590.0,590.0,590.0,125,150,590.0,587.8,621.15
1085,2020-12-19 14:48:00,590.0,590.0,590.0,590.0,125,150,590.0,587.8,621.15
1086,2020-12-19 14:49:00,590.0,590.0,590.0,590.0,125,150,590.0,587.8,621.15
1087,2020-12-19 14:50:00,590.0,590.0,590.0,590.0,125,150,590.0,587.8,621.15
1088,2020-12-19 14:51:00,590.0,590.0,590.0,590.0,125,150,590.0,587.8,621.15
1089,2020-12-19 14:52:00,590.0,590.0,590.0,590.0,125,150,590.0,587.8,621.15
1090,2020-12-19 14:53:00,590.0,590.0,590.0,590.0,125,150,590.0,587.8,621.15
1091,2020-12-19 14:54:00,590.0,590.0,590.0,590.0,125,150,590.0,587.8,621.15
1092,2020-12-19 14:55:00,590.0,590.0,590.0,590.0,125,150,590.0,587.8,621.15
1093,2020-12-19 14:56:00,590.0,590.0,590.0,590.0,125,150,590.0,587.8,621.15
1094,2020-12-19 14:57:00,590.0,590.0,590.0,590.0,125,150,590.0,587.8,621.15
1095,2020-12-19 14:58:00,590.0,590.0,590.0,590.0,125,150,590.0,587.8,621.15
1096,2020-12-19 14:59:00,590.0,590.0,590.0,590.0,125,150,590.0,587.8,621.15
1097,2020-12-19 15:00:00,590.0,590.0,590.0,590.0,125,150,590.0,587.8,621.15
1098,2020-12-19 15:01:00,590.0,590.0,590.0,590.0,125,150,590.0,587.8,621.15
1099,2020-12-19 15:02:00,590.0,590.0,590.0,590.0,125,150,590.0,587.8,621.15
1100,2020-12-19 15:03:00,590.0,590.0,590.0,590.0,125,150,590.0,587.8,621.15
1101,2020-12-19 15:04:00,590.0,590.0,590.0,590.0,125,150,590.0,587.8,621.15
1102,2020-12-19 15:05:00,590.0,590.0,590.0,590.0,125,150,590.0,587.8,621.15
1103,2020-12-19 15:06:00,590.0,590.0,590.0,590.0,125,150,590.0,587.8,621.15
1104,2020-12-19 15:07:00,590.0,590.0,590.0,590.0,125,150,590.0,587.8,621.15
1105,2020-12-19 15:08:00,590.0,590.0,590.0,590.0,125,150,590.0,587.8,621.15
1106,2020-12-19 15:09:00,590.0,590.0,590.0,590.0,125,150,590.0,587.8,621.15
1107,2020-12-19 15:10:00,590.0,590.0,590.0,590.0,125,150,590.0,587.8,621.15
1108,2020-12-19 15:11:00,590.0,590.0,590.0,590.0,125,150,590.0,587.8,621.15
1109,2020-12-19 15:12:00,590.0,590.0,590.0,590.0,125,150,590.0,587.8,621.15
1110,2020-12-19 15:13:00,590.0,590.0,590.0,590.0,125,150,590.0,587.8,621.15
1111,2020-12-19 15:14:00,590.0,590.0,590.0,590.0,125,150,590.0,587.8,621.15
1112,2020-12-19 15:15:00,590.0,590.0,590.0,590.0,125,150,590.0,587.8,621.15
1113,2020-12-19 15:16:00,590.0,590.0,590.0,590.0,125,150,590.0,587.8,621.15
1114,2020-12-19 15:17:00,590.0,590.0,590.0,590.0,125,150,590.0,587.8,621.15
1115,2020-12-19 15:18:00,590.0,590.0,590.0,590.0,125,150,590.0,587.8,621.15
1116,2020-12-19 15:19:00,590.0,590.0,590.0,590.0,125,150,590.0,587.8,621.15
1117,2020-12-19 15:20:00,590.0,590.0,590.0,590.0,125,150,590.0,587.8,621.15
1118,2020-12-19 15:21:00,590.0,590.0,590.0,590.0,125,150,590.0,587.8,621.15
1119,2020-12-19 15:22:00,590.0,590.0,590.0,590.0,125,150,590.0,587.8,621.15
1120,2020-12-19 15:23:00,590.0,590.0,590.0,590.0,125,150,590.0,587.8,621.15
1121,2020-12-19 15:24:00,590.0,590.0,590.0,590.0,125,150,590.0,587.8,621.15
1122,2020-12-19 15:25:00,590.0,590.0,590.0,590.0,125,150,590.0,587.8,621.15
1123,2020-12-19 15:26:00,590.0,590.0,590.0,590.0,125,150,590.0,587.8,621.15
1124,2020-12-19 15:27:00,590.0,590.0,590.0,590.0,125,150,590.0,587.8,621.15
1125,2020-12-19 15:28:00,590.0,590.0,590.0,590.0,125,150,590.0,587.8,621.15
1126,2020-12-19 15:29:00,590.0,590.0,590.0,590.0,125,150,590.0,587.8,621.15
1127,2020-12-19 15:30:00,590.0,590.0,590.0,590.0,125,150,590.0,587.8,621.15
1128,2020-12-20 09:15:00,590.0,590.0,590.0,590.0,125,150,590.0,587.8,621.15
1129,2020-12-20 09:16:00,590.0,590.0,590.0,590.0,125,150,590.0,587.8,621.15
1130,2020-12-20 09:17:00,590.0,590.0,590.0,590.0,125,150,590.0,587.8,621.15
1131,2020-12-20 09:18:00,590.0,590.0,590.0,590.0,125,150,590.0,587.8,621.15
1132,2020-12-20 09:19:00,590.0,590.0,590.0,590.0,125,150,590.0,587.8,621.15
1133,2020-12-20 09:20:00,590.0,590.0,590.0,590.0,125,150,590.0,587.8,621.15
1134,2020-12-20 09:21:00,590.0,590.0,590.0,590.0,125,150,590.0,587.8,621.15
1135,2020-12-20 09:22:00,590.0,590.0,590.0,590.0,125,150,590.0,587.8,621.15
1136,2020-12-20 09:23:00,590.0,590.0,590.0,590.0,125,150,590.0,587.8,621.15
1137,2020-12-20 09:24:00,590.0,590.0,590.0,590.0,125,150,590.0,587.8,621.15
1138,2020-12-20 09:25:00,590.0,590.0,590.0,590.0,125,150,590.0,587.8,621.15
1139,2020-12-20 09:26:00,590.0,590.0,590.0,590.0,125,150,590.0,587.8,621.15
1140,2020-12-20 09:27:00,590.0,590.0,590.0,590.0,125,150,590.0,587.8,621.15
1141,2020-12-20 09:28:00,590.0,590.0,590.0,590.0,125,150,590.0,587.8,621.15
1142,2020-12-20 09:29:00,590.0,590.0,590.0,590.0,125,150,590.0,587.8,621.15
1143,2020-12-20 09:30:00,590.0,590.0,590.0,590.0,125,150,590.0,587.8,621.15
1144,2020-12-20 09:31:00,590.0,590.0,590.0,590.0,125,150,590.0,587.8,621.15
1145,2020-12-20 09:32:00,590.0,590.0,590.0,590.0,125,150,590.0,587.8,621.15
1146,2020-12-20 09:33:00,590.0,590.0,590.0,590.0,125,150,590.0,587.8,621.15
1147,2020-12-20 09:34:00,590.0,590.0,590.0,590.0,125,150,590.0,587.8,621.15
1148,2020-12-20 09:35:00,590.0,590.0,590.0,590.0,125,150,590.0,587.8,621.15
1149,2020-12-20 09:36:00,590.0,590.0,590.0,590.0,125,150,590.0,587.8,621.15
1150,2020-12-20 09:37:00,590.0,590.0,590.0,590.0,125,150,590.0,587.8,621.15
1151,2020-12-20 09:38:00,590.0,590.0,590.0,590.0,125,150,590.0,587.8,621.15
1152,2020-12-20 09:39:00,590.0,590.0,590.0,590.0,125,150,590.0,587.8,621.15
1153,2020-12-20 09:40:00,590.0,590.0,590.0,590.0,125,150,590.0,587.8,621.15
1154,2020-12-20 09:41:00,590.0,590.0,590.0,590.0,125,150,590.0,587.8,621.15
1155,2020-12-20 09:42:00,590.0,590.0,590.0,590.0,125,150,590.0,587.8,621.15
1156,2020-12-20 09:43:00,590.0,590.0,590.0,590.0,125,150,590.0,587.8,621.15
1157,2020-12-20 09:44:00,590.0,590.0,590.0,590.0,125,150,590.0,587.8,621.15
1158,2020-12-20 09:45:00,590.0,590.0,590.0,590.0,125,150,590.0,587.8,621.15
1159,2020-12-20 09:46:00,590.0,590.0,590.0,590.0,125,150,590.0,587.8,621.15
1160,2020-12-20 09:47:00,590.0,590.0,590.0,590.0,125,150,590.0,587.8,621.15
1161,2020-12-20 09:48:00,590.0,590.0,590.0,590.0,125,150,590.0,587.8,621.15
1162,2020-12-20 09:49:00,590.0,590.0,590.0,590.0,125,150,590.0,587.8,621.15
1163,2020-12-20 09:50:00,590.0,590.0,590.0,590.0,125,150,590.0,587.8,621.15
1164,2020-12-20 09:51:00,590.0,590.0,590.0,590.0,125,150,590.0,587.8,621.15
1165,2020-12-20 09:52:00,590.0,590.0,590.0,590.0,125,150,590.0,587.8,621.15
1166,2020-12-20 09:53:00,590.0,590.0,590.0,590.0,125,150,590.0,587.8,621.15
1167,2020-12-20 09:54:00,590.0,590.0,590.0,590.0,125,150,590.0,587.8,621.15
1168,2020-12-20 09:55:00,590.0,590.0,590.0,590.0,125,150,590.0,587.8,621.15
1169,2020-12-20 09:56:00,590.0,590.0,590.0,590.0,125,150,590.0,587.8,621.15
1170,2020-12-20 09:57:00,590.0,590.0,590.0,590.0,125,150,590.0,587.8,621.15
1171,2020-12-20 09:58:00,590.0,590.0,590.0,590.0,125,150,590.0,587.8,621.15
1172,2020-12-20 09:59:00,590.0,590.0,590.0,590.0,125,150,590.0,587.8,621.15
1173,2020-12-20 10:00:00,590.0,590.0,590.0,590.0,125,150,590.0,587.8,621.15
1174,2020-12-20 10:01:00,590.0,590.0,590.0,590.0,125,150,590.0,587.8,621.15
1175,2020-12-20 10:02:00,590.0,590.0,590.0,590.0,125,150,590.0,587.8,621.15
1176,2020-12-20 10:03:00,590.0,590.0,590.0,590.0,125,150,590.0,587.8,621.15
1177,2020-12-20 10:04:00,590.0,590.0,590.0,590.0,125,150,590.0,587.8,621.15
1178,2020-12-20 10:05:00,590.0,590.0,590.0,590.0,125,150,590.0,587.8,621.15
1179,2020-12-20 10:06:00,590.0,590.0,590.0,590.0,125,150,590.0,587.8,621.15
1180,2020-12-20 10:07:00,590.0,590.0,590.0,590.0,125,150,590.0,587.8,621.15
1181,2020-12-20 10:08:00,590.0,590.0,590.0,590.0,125,150,590.0,587.8,621.15
1182,2020-12-20 10:09:00,590.0,590.0,590.0,590.0,125,150,590.0,587.8,621.15
1183,2020-12-20 10:10:00,590.0,590.0,590.0,590.0,125,150,590.0,587.8,621.15
1184,2020-12-20 10:11:00,590.0,590.0,590.0,590.0,125,150,590.0,587.8,621.15
1185,2020-12-20 10:12:00,590.0,590.0,590.0,590.0,125,150,590.0,587.8,621.15
1186,2020-12-20 10:13:00,590.0,590.0,590.0,590.0,125,150,590.0,587.8,621.15
1187,2020-12-20 10:14:00,590.0,590.0,590.0,590.0,125,150,590.0,587.8,621.15
1188,2020-12-20 10:15:00,590.0,590.0,590.0,590.0,125,150,590.0,587.8,621.15
1189,2020-12-20 10:16:00,590.0,590.0,590.0,590.0,125,150,590.0,587.8,621.15
1190,2020-12-20 10:17:00,590.0,590.0,590.0,590.0,125,150,590.0,587.8,621.15
1191,2020-12-20 10:18:00,590.0,590.0,590.0,590.0,125,150,590.0,587.8,621.15
1192,2020-12-20 10:19:00,590.0,590.0,590.0,590.0,125,150,590.0,587.8,621.15
1193,2020-12-20 10:20:00,590.0,590.0,590.0,590.0,125,150,590.0,587.8,621.15
1194,2020-12-20 10:21:00,590.0,590.0,590.0,590.0,125,150,590.0,587.8,621.15
1195,2020-12-20 10:22:00,590.0,590.0,590.0,590.0,125,150,590.0,587.8,621.15
1196,2020-12-20 10:23:00,590.0,590.0,590.0,590.0,125,150,590.0,587.8,621.15
1197,2020-12-20 10:24:00,590.0,590.0,590.0,590.0,125,150,590.0,587.8,621.15
1198,2020-12-20 10:25:00,590.0,590.0,590.0,590.0,125,150,590.0,587.8,621.15
1199,2020-12-20 10:26:00,590.0,590.0,590.0,590.0,125,150,590.0,587.8,621.15
1200,2020-12-20 10:27:00,590.0,590.0,590.0,590.0,125,150,590.0,587.8,621.15
1201,2020-12-20 10:28:00,590.0,590.0,590.0,590.0,125,150,590.0,587.8,621.15
1202,2020-12-20 10:29:00,590.0,590.0,590.0,590.0,125,150,590.0,587.8,621.15
1203,2020-12-20 10:30:00,590.0,590.0,590.0,590.0,125,150,590.0,587.8,621.15
1204,2020-12-20 10:31:00,590.0,590.0,590.0,590.0,125,150,590.0,587.8,621.15
1205,2020-12-20 10:32:00,590.0,590.0,590.0,590.0,125,150,590.0,587.8,621.15
1206,2020-12-20 10:33:00,590.0,590.0,590.0,590.0,125,150,590.0,587.8,621.15
1207,2020-12-20 10:34:00,590.0,590.0,590.0,590.0,125,150,590.0,587.8,621.15
1208,2020-12-20 10:35:00,590.0,590.0,590.0,590.0,125,150,590.0,587.8,621.15
1209,2020-12-20 10:36:00,590.0,590.0,590.0,590.0,125,150,590.0,587.8,621.15
1210,2020-12-20 10:37:00,590.0,590.0,590.0,590.0,125,150,590.0,587.8,621.15
1211,2020-12-20 10:38:00,590.0,590.0,590.0,590.0,125,150,590.0,587.8,621.15
1212,2020-12-20 10:39:00,590.0,590.0,590.0,590.0,125,150,590.0,587.8,621.15
1213,2020-12-20 10:40:00,590.0,590.0,590.0,590.0,125,150,590.0,587.8,621.15
1214,2020-12-20 10:41:00,590.0,590.0,590.0,590.0,125,150,590.0,587.8,621.15
1215,2020-12-20 10:42:00,590.0,590.0,590.0,590.0,125,150,590.0,587.8,621.15
1216,2020-12-20 10:43:00,590.0,590.0,590.0,590.0,125,150,590.0,587.8,621.15
1217,2020-12-20 10:44:00,590.0,590.0,590.0,590.0,125,150,590.0,587.8,621.15
1218,2020-12-20 10:45:00,590.0,590.0,590.0,590.0,125,150,590.0,587.8,621.15
1219,2020-12-20 10:46:00,590.0,590.0,590.0,590.0,125,150,590.0,587.8,621.15
1220,2020-12-20 10:47:00,590.0,590.0,590.0,590.0,125,150,590.0,587.8,621.15
1221,2020-12-20 10:48:00,590.0,590.0,590.0,590.0,125,150,590.0,587.8,621.15
1222,2020-12-20 10:49:00,590.0,590.0,590.0,590.0,125,150,590.0,587.8,621.15
1223,2020-12-20 10:50:00,590.0,590.0,590.0,590.0,125,150,590.0,587.8,621.15
1224,2020-12-20 10:51:00,590.0,590.0,590.0,590.0,125,150,590.0,587.8,621.15
1225,2020-12-20 10:52:00,590.0,590.0,590.0,590.0,125,150,590.0,587.8,621.15
1226,2020-12-20 10:53:00,590.0,590.0,590.0,590.0,125,150,590.0,587.8,621.15
1227,2020-12-20 10:54:00,590.0,590.0,590.0,590.0,125,150,590.0,587.8,621.15
1228,2020-12-20 10:55:00,590.0,590.0,590.0,590.0,125,150,590.0,587.8,621.15
1229,2020-12-20 10:56:00,590.0,590.0,590.0,590.0,125,150,590.0,587.8,621.15
1230,2020-12-20 10:57:00,590.0,590.0,590.0,590.0,125,150,590.0,587.8,621.15
1231,2020-12-20 10:58:00,590.0,590.0,590.0,590.0,125,150,590.0,587.8,621.15
1232,2020-12-20 10:59:00,590.0,590.0,590.0,590.0,125,150,590.0,587.8,621.15
1233,2020-12-20 11:00:00,590.0,590.0,590.0,590.0,125,150,590.0,587.8,621.15
1234,2020-12-20 11:01:00,590.0,590.0,590.0,590.0,125,150,590.0,587.8,621.15
1235,2020-12-20 11:02:00,590.0,590.0,590.0,590.0,125,150,590.0,587.8,621.15
1236,2020-12-20 11:03:00,590.0,590.0,590.0,590.0,125,150,590.0,587.8,621.15
1237,2020-12-20 11:04:00,590.0,590.0,590.0,590.0,125,150,590.0,587.8,621.15
1238,2020-12-20 11:05:00,590.0,590.0,590.0,590.0,125,150,590.0,587.8,621.15
1239,2020-12-20 11:06:00,590.0,590.0,590.0,590.0,125,150,590.0,587.8,621.15
1240,2020-12-20 11:07:00,590.0,590.0,590.0,590.0,125,150,590.0,587.8,621.15
1241,2020-12-20 11:08:00,590.0,590.0,590.0,590.0,125,150,590.0,587.8,621.15
1242,2020-12-20 11:09:00,590.0,590.0,590.0,590.0,125,150,590.0,587.8,621.15
1243,2020-12-20 11:10:00,590.0,590.0,590.0,590.0,125,150,590.0,587.8,621.15
1244,2020-12-20 11:11:00,590.0,590.0,590.0,590.0,125,150,590.0,587.8,621.15
1245,2020-12-20 11:12:00,590.0,590.0,590.0,590.0,125,150,590.0,587.8,621.15
1246,2020-12-20 11:13:00,590.0,590.0,590.0,590.0,125,150,590.0,587.8,621.15
1247,2020-12-20 11:14:00,590.0,590.0,590.0,590.0,125,150,590.0,587.8,621.15
1248,2020-12-20 11:15:00,590.0,590.0,590.0,590.0,125,150,590.0,587.8,621.15
1249,2020-12-20 11:16:00,590.0,590.0,590.0,590.0,125,150,590.0,587.8,621.15
1250,2020-12-20 11:17:00,590.0,590.0,590.0,590.0,125,150,590.0,587.8,621.15
1251,2020-12-20 11:18:00,590.0,590.0,590.0,590.0,125,150,590.0,587.8,621.15
1252,2020-12-20 11:19:00,590.0,590.0,590.0,590.0,125,150,590.0,587.8,621.15
1253,2020-12-20 11:20:00,590.0,590.0,590.0,590.0,125,150,590.0,587.8,621.15
1254,2020-12-20 11:21:00,590.0,590.0,590.0,590.0,125,150,590.0,587.8,621.15
1255,2020-12-20 11:22:00,590.0,590.0,590.0,590.0,125,150,590.0,587.8,621.15
1256,2020-12-20 11:23:00,590.0,590.0,590.0,590.0,125,150,590.0,587.8,621.15
1257,2020-12-20 11:24:00,590.0,590.0,590.0,590.0,125,150,590.0,587.8,621.15
1258,2020-12-20 11:25:00,590.0,590.0,590.0,590.0,125,150,590.0,587.8,621.15
1259,2020-12-20 11:26:00,590.0,590.0,590.0,590.0,125,150,590.0,587.8,621.15
1260,2020-12-20 11:27:00,590.0,590.0,590.0,590.0,125,150,590.0,587.8,621.15
1261,2020-12-20 11:28:00,590.0,590.0,590.0,590.0,125,150,590.0,587.8,621.15
1262,2020-12-20 11:29:00,590.0,590.0,590.0,590.0,125,150,590.0,587.8,621.15
1263,2020-12-20 11:30:00,590.0,590.0,590.0,590.0,125,150,590.0,587.8,621.15
1264,2020-12-20 11:31:00,590.0,590.0,590.0,590.0,125,150,590.0,587.8,621.15
1265,2020-12-20 11:32:00,590.0,590.0,590.0,590.0,125,150,590.0,587.8,621.15
1266,2020-12-20 11:33:00,590.0,590.0,590.0,590.0,125,150,590.0,587.8,621.15
1267,2020-12-20 11:34:00,590.0,590.0,590.0,590.0,125,150,590.0,587.8,621.15
1268,2020-12-20 11:35:00,590.0,590.0,590.0,590.0,125,150,590.0,587.8,621.15
1269,2020-12-20 11:36:00,590.0,590.0,590.0,590.0,125,150,590.0,587.8,621.15
1270,2020-12-20 11:37:00,590.0,590.0,590.0,590.0,125,150,590.0,587.8,621.15
1271,2020-12-20 11:38:00,590.0,590.0,590.0,590.0,125,150,590.0,587.8,621.15
1272,2020-12-20 11:39:00,590.0,590.0,590.0,590.0,125,150,590.0,587.8,621.15
1273,2020-12-20 11:40:00,590.0,590.0,590.0,590.0,125,150,590.0,587.8,621.15
1274,2020-12-20 11:41:00,590.0,590.0,590.0,590.0,125,150,590.0,587.8,621.15
1275,2020-12-20 11:42:00,590.0,590.0,590.0,590.0,125,150,590.0,587.8,621.15
1276,2020-12-20 11:43:00,590.0,590.0,590.0,590.0,125,150,590.0,587.8,621.15
1277,2020-12-20 11:44:00,590.0,590.0,590.0,590.0,125,150,590.0,587.8,621.15
1278,2020-12-20 11:45:00,590.0,590.0,590.0,590.0,125,150,590.0,587.8,621.15
1279,2020-12-20 11:46:00,590.0,590.0,590.0,590.0,125,150,590.0,587.8,621.15
1280,2020-12-20 11:47:00,590.0,590.0,590.0,590.0,125,150,590.0,587.8,621.15
1281,2020-12-20 11:48:00,590.0,590.0,590.0,590.0,125,150,590.0,587.8,621.15
1282,2020-12-20 11:49:00,590.0,590.0,590.0,590.0,125,150,590.0,587.8,621.15
1283,2020-12-20 11:50:00,590.0,590.0,590.0,590.0,125,150,590.0,587.8,621.15
1284,2020-12-20 11:51:00,590.0,590.0,590.0,590.0,125,150,590.0,587.8,621.15
1285,2020-12-20 11:52:00,590.0,590.0,590.0,590.0,125,150,590.0,587.8,621.15
1286,2020-12-20 11:53:00,590.0,590.0,590.0,590.0,125,150,590.0,587.8,621.15
1287,2020-12-20 11:54:00,590.0,590.0,590.0,590.0,125,150,590.0,587.8,621.15
1288,2020-12-20 11:55:00,590.0,590.0,590.0,590.0,125,150,590.0,587.8,621.15
1289,2020-12-20 11:56:00,590.0,590.0,590.0,590.0,125,150,590.0,587.8,621.15
1290,2020-12-20 11:57:00,590.0,590.0,590.0,590.0,125,150,590.0,587.8,621.15
1291,2020-12-20 11:58:00,590.0,590.0,590.0,590.0,125,150,590.0,587.8,621.15
1292,2020-12-20 11:59:00,590.0,590.0,590.0,590.0,125,150,590.0,587.8,621.15
1293,2020-12-20 12:00:00,590.0,590.0,590.0,590.0,125,150,590.0,587.8,621.15
1294,2020-12-20 12:01:00,590.0,590.0,590.0,590.0,125,150,590.0,587.8,621.15
1295,2020-12-20 12:02:00,590.0,590.0,590.0,590.0,125,150,590.0,587.8,621.15
1296,2020-12-20 12:03:00,590.0,590.0,590.0,590.0,125,150,590.0,587.8,621.15
1297,2020-12-20 12:04:00,590.0,590.0,590.0,590.0,125,150,590.0,587.8,621.15
1298,2020-12-20 12:05:00,590.0,590.0,590.0,590.0,125,150,590.0,587.8,621.15
1299,2020-12-20 12:06:00,590.0,590.0,590.0,590.0,125,150,590.0,587.8,621.15
1300,2020-12-20 12:07:00,590.0,590.0,590.0,590.0,125,150,590.0,587.8,621.15
1301,2020-12-20 12:08:00,590.0,590.0,590.0,590.0,125,150,590.0,587.8,621.15
1302,2020-12-20 12:09:00,590.0,590.0,590.0,590.0,125,150,590.0,587.8,621.15
1303,2020-12-20 12:10:00,590.0,590.0,590.0,590.0,125,150,590.0,587.8,621.15
1304,2020-12-20 12:11:00,590.0,590.0,590.0,590.0,125,150,590.0,587.8,621.15
1305,2020-12-20 12:12:00,590.0,590.0,590.0,590.0,125,150,590.0,587.8,621.15
1306,2020-12-20 12:13:00,590.0,590.0,590.0,590.0,125,150,590.0,587.8,621.15
1307,2020-12-20 12:14:00,590.0,590.0,590.0,590.0,125,150,590.0,587.8,621.15
1308,2020-12-20 12:15:00,590.0,590.0,590.0,590.0,125,150,590.0,587.8,621.15
1309,2020-12-20 12:16:00,590.0,590.0,590.0,590.0,125,150,590.0,587.8,621.15
1310,2020-12-20 12:17:00,590.0,590.0,590.0,590.0,125,150,590.0,587.8,621.15
1311,2020-12-20 12:18:00,590.0,590.0,590.0,590.0,125,150,590.0,587.8,621.15
1312,2020-12-20 12:19:00,590.0,590.0,590.0,590.0,125,150,590.0,587.8,621.15
1313,2020-12-20 12:20:00,590.0,590.0,590.0,590.0,125,150,590.0,587.8,621.15
1314,2020-12-20 12:21:00,590.0,590.0,590.0,590.0,125,150,590.0,587.8,621.15
1315,2020-12-20 12:22:00,590.0,590.0,590.0,590.0,125,150,590.0,587.8,621.15
1316,2020-12-20 12:23:00,590.0,590.0,590.0,590.0,125,150,590.0,587.8,621.15
1317,2020-12-20 12:24:00,590.0,590.0,590.0,590.0,125,150,590.0,587.8,621.15
1318,2020-12-20 12:25:00,590.0,590.0,590.0,590.0,125,150,590.0,587.8,621.15
1319,2020-12-20 12:26:00,590.0,590.0,590.0,590.0,125,150,590.0,587.8,621.15
1320,2020-12-20 12:27:00,590.0,590.0,590.0,590.0,125,150,590.0,587.8,621.15
1321,2020-12-20 12:28:00,590.0,590.0,590.0,590.0,125,150,590.0,587.8,621.15
1322,2020-12-20 12:29:00,590.0,590.0,590.0,590.0,125,150,590.0,587.8,621.15
1323,2020-12-20 12:30:00,590.0,590.0,590.0,590.0,125,150,590.0,587.8,621.15
1324,2020-12-20 12:31:00,590.0,590.0,590.0,590.0,125,150,590.0,587.8,621.15
1325,2020-12-20 12:32:00,590.0,590.0,590.0,590.0,125,150,590.0,587.8,621.15
1326,2020-12-20 12:33:00,590.0,590.0,590.0,590.0,125,150,590.0,587.8,621.15
1327,2020-12-20 12:34:00,590.0,590.0,590.0,590.0,125,150,590.0,587.8,621.15
1328,2020-12-20 12:35:00,590.0,590.0,590.0,590.0,125,150,590.0,587.8,621.15
1329,2020-12-20 12:36:00,590.0,590.0,590.0,590.0,125,150,590.0,587.8,621.15
1330,2020-12-20 12:37:00,590.0,590.0,590.0,590.0,125,150,590.0,587.8,621.15
1331,2020-12-20 12:38:00,590.0,590.0,590.0,590.0,125,150,590.0,587.8,621.15
1332,2020-12-20 12:39:00,590.0,590.0,590.0,590.0,125,150,590.0,587.8,621.15
1333,2020-12-20 12:40:00,590.0,590.0,590.0,590.0,125,150,590.0,587.8,621.15
1334,2020-12-20 12:41:00,590.0,590.0,590.0,590.0,125,150,590.0,587.8,621.15
1335,2020-12-20 12:42:00,590.0,590.0,590.0,590.0,125,150,590.0,587.8,621.15
1336,2020-12-20 12:43:00,590.0,590.0,590.0,590.0,125,150,590.0,587.8,621.15
1337,2020-12-20 12:44:00,590.0,590.0,590.0,590.0,125,150,590.0,587.8,621.15
1338,2020-12-20 12:45:00,590.0,590.0,590.0,590.0,125,150,590.0,587.8,621.15
1339,2020-12-20 12:46:00,590.0,590.0,590.0,590.0,125,150,590.0,587.8,621.15
1340,2020-12-20 12:47:00,590.0,590.0,590.0,590.0,125,150,590.0,587.8,621.15
1341,2020-12-20 12:48:00,590.0,590.0,590.0,590.0,125,150,590.0,587.8,621.15
1342,2020-12-20 12:49:00,590.0,590.0,590.0,590.0,125,150,590.0,587.8,621.15
1343,2020-12-20 12:50:00,590.0,590.0,590.0,590.0,125,150,590.0,587.8,621.15
1344,2020-12-20 12:51:00,590.0,590.0,590.0,590.0,125,150,590.0,587.8,621.15
1345,2020-12-20 12:52:00,590.0,590.0,590.0,590.0,125,150,590.0,587.8,621.15
1346,2020-12-20 12:53:00,590.0,590.0,590.0,590.0,125,150,590.0,587.8,621.15
1347,2020-12-20 12:54:00,590.0,590.0,590.0,590.0,125,150,590.0,587.8,621.15
1348,2020-12-20 12:55:00,590.0,590.0,590.0,590.0,125,150,590.0,587.8,621.15
1349,2020-12-20 12:56:00,590.0,590.0,590.0,590.0,125,150,590.0,587.8,621.15
1350,2020-12-20 12:57:00,590.0,590.0,590.0,590.0,125,150,590.0,587.8,621.15
1351,2020-12-20 12:58:00,590.0,590.0,590.0,590.0,125,150,590.0,587.8,621.15
1352,2020-12-20 12:59:00,590.0,590.0,590.0,590.0,125,150,590.0,587.8,621.15
1353,2020-12-20 13:00:00,590.0,590.0,590.0,590.0,125,150,590.0,587.8,621.15
1354,2020-12-20 13:01:00,590.0,590.0,590.0,590.0,125,150,590.0,587.8,621.15
1355,2020-12-20 13:02:00,590.0,590.0,590.0,590.0,125,150,590.0,587.8,621.15
1356,2020-12-20 13:03:00,590.0,590.0,590.0,590.0,125,150,590.0,587.8,621.15
1357,2020-12-20 13:04:00,590.0,590.0,590.0,590.0,125,150,590.0,587.8,621.15
1358,2020-12-20 13:05:00,590.0,590.0,590.0,590.0,125,150,590.0,587.8,621.15
1359,2020-12-20 13:06:00,590.0,590.0,590.0,590.0,125,150,590.0,587.8,621.15
1360,2020-12-20 13:07:00,590.0,590.0,590.0,590.0,125,150,590.0,587.8,621.15
1361,2020-12-20 13:08:00,590.0,590.0,590.0,590.0,125,150,590.0,587.8,621.15
1362,2020-12-20 13:09:00,590.0,590.0,590.0,590.0,125,150,590.0,587.8,621.15
1363,2020-12-20 13:10:00,590.0,590.0,590.0,590.0,125,150,590.0,587.8,621.15
1364,2020-12-20 13:11:00,590.0,590.0,590.0,590.0,125,150,590.0,587.8,621.15
1365,2020-12-20 13:12:00,590.0,590.0,590.0,590.0,125,150,590.0,587.8,621.15
1366,2020-12-20 13:13:00,590.0,590.0,590.0,590.0,125,150,590.0,587.8,621.15
1367,2020-12-20 13:14:00,590.0,590.0,590.0,590.0,125,150,590.0,587.8,621.15
1368,2020-12-20 13:15:00,590.0,590.0,590.0,590.0,125,150,590.0,587.8,621.15
1369,2020-12-20 13:16:00,590.0,590.0,590.0,590.0,125,150,590.0,587.8,621.15
1370,2020-12-20 13:17:00,590.0,590.0,590.0,590.0,125,150,590.0,587.8,621.15
1371,2020-12-20 13:18:00,590.0,590.0,590.0,590.0,125,150,590.0,587.8,621.15
1372,2020-12-20 13:19:00,590.0,590.0,590.0,590.0,125,150,590.0,587.8,621.15
1373,2020-12-20 13:20:00,590.0,590.0,590.0,590.0,125,150,590.0,587.8,621.15
1374,2020-12-20 13:21:00,590.0,590.0,590.0,590.0,125,150,590.0,587.8,621.15
1375,2020-12-20 13:22:00,590.0,590.0,590.0,590.0,125,150,590.0,587.8,621.15
1376,2020-12-20 13:23:00,590.0,590.0,590.0,590.0,125,150,590.0,587.8,621.15
1377,2020-12-20 13:24:00,590.0,590.0,590.0,590.0,125,150,590.0,587.8,621.15
1378,2020-12-20 13:25:00,590.0,590.0,590.0,590.0,125,150,590.0,587.8,621.15
1379,2020-12-20 13:26:00,590.0,590.0,590.0,590.0,125,150,590.0,587.8,621.15
1380,2020-12-20 13:27:00,590.0,590.0,590.0,590.0,125,150,590.0,587.8,621.15
1381,2020-12-20 13:28:00,590.0,590.0,590.0,590.0,125,150,590.0,587.8,621.15
1382,2020-12-20 13:29:00,590.0,590.0,590.0,590.0,125,150,590.0,587.8,621.15
1383,2020-12-20 13:30:00,590.0,590.0,590.0,590.0,125,150,590.0,587.8,621.15
1384,2020-12-20 13:31:00,590.0,590.0,590.0,590.0,125,150,590.0,587.8,621.15
1385,2020-12-20 13:32:00,590.0,590.0,590.0,590.0,125,150,590.0,587.8,621.15
1386,2020-12-20 13:33:00,590.0,590.0,590.0,590.0,125,150,590.0,587.8,621.15
1387,2020-12-20 13:34:00,590.0,590.0,590.0,590.0,125,150,590.0,587.8,621.15
1388,2020-12-20 13:35:00,590.0,590.0,590.0,590.0,125,150,590.0,587.8,621.15
1389,2020-12-20 13:36:00,590.0,590.0,590.0,590.0,125,150,590.0,587.8,621.15
1390,2020-12-20 13:37:00,590.0,590.0,590.0,590.0,125,150,590.0,587.8,621.15
1391,2020-12-20 13:38:00,590.0,590.0,590.0,590.0,125,150,590.0,587.8,621.15
1392,2020-12-20 13:39:00,590.0,590.0,590.0,590.0,125,150,590.0,587.8,621.15
1393,2020-12-20 13:40:00,590.0,590.0,590.0,590.0,125,150,590.0,587.8,621.15
1394,2020-12-20 13:41:00,590.0,590.0,590.0,590.0,125,150,590.0,587.8,621.15
1395,2020-12-20 13:42:00,590.0,590.0,590.0,590.0,125,150,590.0,587.8,621.15
1396,2020-12-20 13:43:00,590.0,590.0,590.0,590.0,125,150,590.0,587.8,621.15
1397,2020-12-20 13:44:00,590.0,590.0,590.0,590.0,125,150,590.0,587.8,621.15
1398,2020-12-20 13:45:00,590.0,590.0,590.0,590.0,125,150,590.0,587.8,621.15
1399,2020-12-20 13:46:00,590.0,590.0,590.0,590.0,125,150,590.0,587.8,621.15
1400,2020-12-20 13:47:00,590.0,590.0,590.0,590.0,125,150,590.0,587.8,621.15
1401,2020-12-20 13:48:00,590.0,590.0,590.0,590.0,125,150,590.0,587.8,621.15
1402,2020-12-20 13:49:00,590.0,590.0,590.0,590.0,125,150,590.0,587.8,621.15
1403,2020-12-20 13:50:00,590.0,590.0,590.0,590.0,125,150,590.0,587.8,621.15
1404,2020-12-20 13:51:00,590.0,590.0,590.0,590.0,125,150,590.0,587.8,621.15
1405,2020-12-20 13:52:00,590.0,590.0,590.0,590.0,125,150,590.0,587.8,621.15
1406,2020-12-20 13:53:00,590.0,590.0,590.0,590.0,125,150,590.0,587.8,621.15
1407,2020-12-20 13:54:00,590.0,590.0,590.0,590.0,125,150,590.0,587.8,621.15
1408,2020-12-20 13:55:00,590.0,590.0,590.0,590.0,125,150,590.0,587.8,621.15
1409,2020-12-20 13:56:00,590.0,590.0,590.0,590.0,125,150,590.0,587.8,621.15
1410,2020-12-20 13:57:00,590.0,590.0,590.0,590.0,125,150,590.0,587.8,621.15
1411,2020-12-20 13:58:00,590.0,590.0,590.0,590.0,125,150,590.0,587.8,621.15
1412,2020-12-20 13:59:00,590.0,590.0,590.0,590.0,125,150,590.0,587.8,621.15
1413,2020-12-20 14:00:00,590.0,590.0,590.0,590.0,125,150,590.0,587.8,621.15
1414,2020-12-20 14:01:00,590.0,590.0,590.0,590.0,125,150,590.0,587.8,621.15
1415,2020-12-20 14:02:00,590.0,590.0,590.0,590.0,125,150,590.0,587.8,621.15
1416,2020-12-20 14:03:00,590.0,590.0,590.0,590.0,125,150,590.0,587.8,621.15
1417,2020-12-20 14:04:00,590.0,590.0,590.0,590.0,125,150,590.0,587.8,621.15
1418,2020-12-20 14:05:00,590.0,590.0,590.0,590.0,125,150,590.0,587.8,621.15
1419,2020-12-20 14:06:00,590.0,590.0,590.0,590.0,125,150,590.0,587.8,621.15
1420,2020-12-20 14:07:00,590.0,590.0,590.0,590.0,125,150,590.0,587.8,621.15
1421,2020-12-20 14:08:00,590.0,590.0,590.0,590.0,125,150,590.0,587.8,621.15
1422,2020-12-20 14:09:00,590.0,590.0,590.0,590.0,125,150,590.0,587.8,621.15
1423,2020-12-20 14:10:00,590.0,590.0,590.0,590.0,125,150,590.0,587.8,621.15
1424,2020-12-20 14:11:00,590.0,590.0,590.0,590.0,125,150,590.0,587.8,621.15
1425,2020-12-20 14:12:00,590.0,590.0,590.0,590.0,125,150,590.0,587.8,621.15
1426,2020-12-20 14:13:00,590.0,590.0,590.0,590.0,125,150,590.0,587.8,621.15
1427,2020-12-20 14:14:00,590.0,590.0,590.0,590.0,125,150,590.0,587.8,621.15
1428,2020-12-20 14:15:00,590.0,590.0,590.0,590.0,125,150,590.0,587.8,621.15
1429,2020-12-20 14:16:00,590.0,590.0,590.0,590.0,125,150,590.0,587.8,621.15
1430,2020-12-20 14:17:00,590.0,590.0,590.0,590.0,125,150,590.0,587.8,621.15
1431,2020-12-20 14:18:00,590.0,590.0,590.0,590.0,125,150,590.0,587.8,621.15
1432,2020-12-20 14:19:00,590.0,590.0,590.0,590.0,125,150,590.0,587.8,621.15
1433,2020-12-20 14:20:00,590.0,590.0,590.0,590.0,125,150,590.0,587.8,621.15
1434,2020-12-20 14:21:00,590.0,590.0,590.0,590.0,125,150,590.0,587.8,621.15
1435,2020-12-20 14:22:00,590.0,590.0,590.0,590.0,125,150,590.0,587.8,621.15
1436,2020-12-20 14:23:00,590.0,590.0,590.0,590.0,125,150,590.0,587.8,621.15
1437,2020-12-20 14:24:00,590.0,590.0,590.0,590.0,125,150,590.0,587.8,621.15
1438,2020-12-20 14:25:00,590.0,590.0,590.0,590.0,125,150,590.0,587.8,621.15
1439,2020-12-20 14:26:00,590.0,590.0,590.0,590.0,125,150,590.0,587.8,621.15
1440,2020-12-20 14:27:00,590.0,590.0,590.0,590.0,125,150,590.0,587.8,621.15
1441,2020-12-20 14:28:00,590.0,590.0,590.0,590.0,125,150,590.0,587.8,621.15
1442,2020-12-20 14:29:00,590.0,590.0,590.0,590.0,125,150,590.0,587.8,621.15
1443,2020-12-20 14:30:00,590.0,590.0,590.0,590.0,125,150,590.0,587.8,621.15
1444,2020-12-20 14:31:00,590.0,590.0,590.0,590.0,125,150,590.0,587.8,621.15
1445,2020-12-20 14:32:00,590.0,590.0,590.0,590.0,125,150,590.0,587.8,621.15
1446,2020-12-20 14:33:00,590.0,590.0,590.0,590.0,125,150,590.0,587.8,621.15
1447,2020-12-20 14:34:00,590.0,590.0,590.0,590.0,125,150,590.0,587.8,621.15
1448,2020-12-20 14:35:00,590.0,590.0,590.0,590.0,125,150,590.0,587.8,621.15
1449,2020-12-20 14:36:00,590.0,590.0,590.0,590.0,125,150,590.0,587.8,621.15
1450,2020-12-20 14:37:00,590.0,590.0,590.0,590.0,125,150,590.0,587.8,621.15
1451,2020-12-20 14:38:00,590.0,590.0,590.0,590.0,125,150,590.0,587.8,621.15
1452,2020-12-20 14:39:00,590.0,590.0,590.0,590.0,125,150,590.0,587.8,621.15
1453,2020-12-20 14:40:00,590.0,590.0,590.0,590.0,125,150,590.0,587.8,621.15
1454,2020-12-20 14:41:00,590.0,590.0,590.0,590.0,125,150,590.0,587.8,621.15
1455,2020-12-20 14:42:00,590.0,590.0,590.0,590.0,125,150,590.0,587.8,621.15
1456,2020-12-20 14:43:00,590.0,590.0,590.0,590.0,125,150,590.0,587.8,621.15
1457,2020-12-20 14:44:00,590.0,590.0,590.0,590.0,125,150,590.0,587.8,621.15
1458,2020-12-20 14:45:00,590.0,590.0,590.0,590.0,125,150,590.0,587.8,621.15
1459,2020-12-20 14:46:00,590.0,590.0,590.0,590.0,125,150,590.0,587.8,621.15
1460,2020-12-20 14:47:00,590.0,590.0,590.0,590.0,125,150,590.0,587.8,621.15
1461,2020-12-20 14:48:00,590.0,590.0,590.0,590.0,125,150,590.0,587.8,621.15
1462,2020-12-20 14:49:00,590.0,590.0,590.0,590.0,125,150,590.0,587.8,621.15
1463,2020-12-20 14:50:00,590.0,590.0,590.0,590.0,125,150,590.0,587.8,621.15
1464,2020-12-20 14:51:00,590.0,590.0,590.0,590.0,125,150,590.0,587.8,621.15
1465,2020-12-20 14:52:00,590.0,590.0,590.0,590.0,125,150,590.0,587.8,621.15
1466,2020-12-20 14:53:00,590.0,590.0,590.0,590.0,125,150,590.0,587.8,621.15
1467,2020-12-20 14:54:00,590.0,590.0,590.0,590.0,125,150,590.0,587.8,621.15
1468,2020-12-20 14:55:00,590.0,590.0,590.0,590.0,125,150,590.0,587.8,621.15
1469,2020-12-20 14:56:00,590.0,590.0,590.0,590.0,125,150,590.0,587.8,621.15
1470,2020-12-20 14:57:00,590.0,590.0,590.0,590.0,125,150,590.0,587.8,621.15
1471,2020-12-20 14:58:00,590.0,590.0,590.0,590.0,125,150,590.0,587.8,621.15
1472,2020-12-20 14:59:00,590.0,590.0,590.0,590.0,125,150,590.0,587.8,621.15
1473,2020-12-20 15:00:00,590.0,590.0,590.0,590.0,125,150,590.0,587.8,621.15
1474,2020-12-20 15:01:00,590.0,590.0,590.0,590.0,125,150,590.0,587.8,621.15
1475,2020-12-20 15:02:00,590.0,590.0,590.0,590.0,125,150,590.0,587.8,621.15
1476,2020-12-20 15:03:00,590.0,590.0,590.0,590.0,125,150,590.0,587.8,621.15
1477,2020-12-20 15:04:00,590.0,590.0,590.0,590.0,125,150,590.0,587.8,621.15
1478,2020-12-20 15:05:00,590.0,590.0,590.0,590.0,125,150,590.0,587.8,621.15
1479,2020-12-20 15:06:00,590.0,590.0,590.0,590.0,125,150,590.0,587.8,621.15
1480,2020-12-20 15:07:00,590.0,590.0,590.0,590.0,125,150,590.0,587.8,621.15
1481,2020-12-20 15:08:00,590.0,590.0,590.0,590.0,125,150,590.0,587.8,621.15
1482,2020-12-20 15:09:00,590.0,590.0,590.0,590.0,125,150,590.0,587.8,621.15
1483,2020-12-20 15:10:00,590.0,590.0,590.0,590.0,125,150,590.0,587.8,621.15
1484,2020-12-20 15:11:00,590.0,590.0,590.0,590.0,125,150,590.0,587.8,621.15
1485,2020-12-20 15:12:00,590.0,590.0,590.0,590.0,125,150,590.0,587.8,621.15
1486,2020-12-20 15:13:00,590.0,590.0,590.0,590.0,125,150,590.0,587.8,621.15
1487,2020-12-20 15:14:00,590.0,590.0,590.0,590.0,125,150,590.0,587.8,621.15
1488,2020-12-20 15:15:00,590.0,590.0,590.0,590.0,125,150,590.0,587.8,621.15
1489,2020-12-20 15:16:00,590.0,590.0,590.0,590.0,125,150,590.0,587.8,621.15
1490,2020-12-20 15:17:00,590.0,590.0,590.0,590.0,125,150,590.0,587.8,621.15
1491,2020-12-20 15:18:00,590.0,590.0,590.0,590.0,125,150,590.0,587.8,621.15
1492,2020-12-20 15:19:00,590.0,590.0,590.0,590.0,125,150,590.0,587.8,621.15
1493,2020-12-20 15:20:00,590.0,590.0,590.0,590.0,125,150,590.0,587.8,621.15
1494,2020-12-20 15:21:00,590.0,590.0,590.0,590.0,125,150,590.0,587.8,621.15
1495,2020-12-20 15:22:00,590.0,590.0,590.0,590.0,125,150,590.0,587.8,621.15
1496,2020-12-20 15:23:00,590.0,590.0,590.0,590.0,125,150,590.0,587.8,621.15
1497,2020-12-20 15:24:00,590.0,590.0,590.0,590.0,125,150,590.0,587.8,621.15
1498,2020-12-20 15:25:00,590.0,590.0,590.0,590.0,125,150,590.0,587.8,621.15
1499,2020-12-20 15:26:00,590.0,590.0,590.0,590.0,125,150,590.0,587.8,621.15
1500,2020-12-20 15:27:00,590.0,590.0,590.0,590.0,125,150,590.0,587.8,621.15
1501,2020-12-20 15:28:00,590.0,590.0,590.0,590.0,125,150,590.0,587.8,621.15
1502,2020-12-20 15:29:00,590.0,590.0,590.0,590.0,125,150,590.0,587.8,621.15
1503,2020-12-20 15:30:00,590.0,590.0,590.0,590.0,125,150,590.0,587.8,621.15
1504,2020-12-21 09:15:00,590.0,590.0,590.0,590.0,125,150,590.0,587.8,621.15
1505,2020-12-21 09:16:00,590.0,590.0,590.0,590.0,125,150,590.0,587.8,621.15
1506,2020-12-21 09:17:00,590.0,590.0,590.0,590.0,125,150,590.0,587.8,621.15
1507,2020-12-21 09:18:00,590.0,590.0,590.0,590.0,125,150,590.0,587.8,621.15
1508,2020-12-21 09:19:00,590.0,590.0,590.0,590.0,125,150,590.0,587.8,621.15
1509,2020-12-21 09:20:00,590.0,590.0,590.0,590.0,125,150,590.0,587.8,621.15
1510,2020-12-21 09:21:00,590.0,590.0,590.0,590.0,125,150,590.0,587.8,621.15
1511,2020-12-21 09:22:00,590.0,590.0,590.0,590.0,125,150,590.0,587.8,621.15
1512,2020-12-21 09:23:00,590.0,590.0,590.0,590.0,125,150,590.0,587.8,621.15
1513,2020-12-21 09:24:00,590.0,590.0,590.0,590.0,125,150,590.0,587.8,621.15
1514,2020-12-21 09:25:00,590.0,590.0,590.0,590.0,125,150,590.0,587.8,621.15
1515,2020-12-21 09:26:00,590.0,590.0,590.0,590.0,125,150,590.0,587.8,621.15
1516,2020-12-21 09:27:00,590.0,590.0,590.0,590.0,125,150,590.0,587.8,621.15
1517,2020-12-21 09:28:00,590.0,590.0,590.0,590.0,125,150,590.0,587.8,621.15
1518,2020-12-21 09:29:00,590.0,590.0,590.0,590.0,125,150,590.0,587.8,621.15
1519,2020-12-21 09:30:00,590.0,590.0,590.0,590.0,125,150,590.0,587.8,621.15
1520,2020-12-21 09:31:00,590.0,590.0,590.0,590.0,125,150,590.0,587.8,621.15
1521,2020-12-21 09:32:00,590.0,590.0,590.0,590.0,125,150,590.0,587.8,621.15
1522,2020-12-21 09:33:00,590.0,590.0,590.0,590.0,125,150,590.0,587.8,621.15
1523,2020-12-21 09:34:00,590.0,590.0,590.0,590.0,125,150,590.0,587.8,621.15
1524,2020-12-21 09:35:00,590.0,590.0,590.0,590.0,125,150,590.0,587.8,621.15
1525,2020-12-21 09:36:00,590.0,590.0,590.0,590.0,125,150,590.0,587.8,621.15
1526,2020-12-21 09:37:00,590.0,590.0,590.0,590.0,125,150,590.0,587.8,621.15
1527,2020-12-21 09:38:00,590.0,590.0,590.0,590.0,125,150,590.0,587.8,621.15
1528,2020-12-21 09:39:00,590.0,590.0,590.0,590.0,125,150,590.0,587.8,621.15
1529,2020-12-21 09:40:00,590.0,590.0,590.0,590.0,125,150,590.0,587.8,621.15
1530,2020-12-21 09:41:00,590.0,590.0,590.0,590.0,125,150,590.0,587.8,621.15
1531,2020-12-21 09:42:00,590.0,590.0,590.0,590.0,125,150,590.0,587.8,621.15
1532,2020-12-21 09:43:00,590.0,590.0,590.0,590.0,125,150,590.0,587.8,621.15
1533,2020-12-21 09:44:00,590.0,590.0,590.0,590.0,125,150,590.0,587.8,621.15
1534,2020-12-21 09:45:00,590.0,590.0,590.0,590.0,125,150,590.0,587.8,621.15
1535,2020-12-21 09:46:00,590.0,590.0,590.0,590.0,125,150,590.0,587.8,621.15
1536,2020-12-21 09:47:00,590.0,590.0,590.0,590.0,125,150,590.0,587.8,621.15
1537,2020-12-21 09:48:00,590.0,590.0,590.0,590.0,125,150,590.0,587.8,621.15
1538,2020-12-21 09:49:00,590.0,590.0,590.0,590.0,125,150,590.0,587.8,621.15
1539,2020-12-21 09:50:00,590.0,590.0,590.0,590.0,125,150,590.0,587.8,621.15
1540,2020-12-21 09:51:00,590.0,590.0,590.0,590.0,125,150,590.0,587.8,621.15
1541,2020-12-21 09:52:00,590.0,590.0,590.0,590.0,125,150,590.0,587.8,621.15
1542,2020-12-21 09:53:00,590.0,590.0,590.0,590.0,125,150,590.0,587.8,621.15
1543,2020-12-21 09:54:00,590.0,590.0,590.0,590.0,125,150,590.0,587.8,621.15
1544,2020-12-21 09:55:00,590.0,590.0,590.0,590.0,125,150,590.0,587.8,621.15
1545,2020-12-21 09:56:00,590.0,590.0,590.0,590.0,125,150,590.0,587.8,621.15
1546,2020-12-21 09:57:00,590.0,590.0,590.0,590.0,125,150,590.0,587.8,621.15
1547,2020-12-21 09:58:00,590.0,590.0,590.0,590.0,125,150,590.0,587.8,621.15
1548,2020-12-21 09:59:00,590.0,590.0,590.0,590.0,125,150,590.0,587.8,621.15
1549,2020-12-21 10:00:00,590.0,590.0,590.0,590.0,125,150,590.0,587.8,621.15
1550,2020-12-21 10:01:00,590.0,590.0,590.0,590.0,125,150,590.0,587.8,621.15
1551,2020-12-21 10:02:00,590.0,590.0,590.0,590.0,125,150,590.0,587.8,621.15
1552,2020-12-21 10:03:00,590.0,590.0,590.0,590.0,125,150,590.0,587.8,621.15
1553,2020-12-21 10:04:00,590.0,590.0,590.0,590.0,125,150,590.0,587.8,621.15
1554,2020-12-21 10:05:00,590.0,590.0,590.0,590.0,125,150,590.0,587.8,621.15
1555,2020-12-21 10:06:00,590.0,590.0,590.0,590.0,125,150,590.0,587.8,621.15
1556,2020-12-21 10:07:00,590.0,590.0,590.0,590.0,125,150,590.0,587.8,621.15
1557,2020-12-21 10:08:00,590.0,590.0,590.0,590.0,125,150,590.0,587.8,621.15
1558,2020-12-21 10:09:00,590.0,590.0,590.0,590.0,125,150,590.0,587.8,621.15
1559,2020-12-21 10:10:00,590.0,590.0,590.0,590.0,125,150,590.0,587.8,621.15
1560,2020-12-21 10:11:00,590.0,590.0,590.0,590.0,125,150,590.0,587.8,621.15
1561,2020-12-21 10:12:00,590.0,590.0,590.0,590.0,125,150,590.0,587.8,621.15
1562,2020-12-21 10:13:00,590.0,590.0,590.0,590.0,125,150,590.0,587.8,621.15
1563,2020-12-21 10:14:00,590.0,590.0,590.0,590.0,125,150,590.0,587.8,621.15
1564,2020-12-21 10:15:00,590.0,590.0,590.0,590.0,125,150,590.0,587.8,621.15
1565,2020-12-21 10:16:00,590.0,590.0,590.0,590.0,125,150,590.0,587.8,621.15
1566,2020-12-21 10:17:00,590.0,590.0,590.0,590.0,125,150,590.0,587.8,621.15
1567,2020-12-21 10:18:00,590.0,590.0,590.0,590.0,125,150,590.0,587.8,621.15
1568,2020-12-21 10:19:00,590.0,590.0,590.0,590.0,125,150,590.0,587.8,621.15
1569,2020-12-21 10:20:00,590.0,590.0,590.0,590.0,125,150,590.0,587.8,621.15
1570,2020-12-21 10:21:00,590.0,590.0,590.0,590.0,125,150,590.0,587.8,621.15
1571,2020-12-21 10:22:00,590.0,590.0,590.0,590.0,125,150,590.0,587.8,621.15
1572,2020-12-21 10:23:00,590.0,590.0,590.0,590.0,125,150,590.0,587.8,621.15
1573,2020-12-21 10:24:00,590.0,590.0,590.0,590.0,125,150,590.0,587.8,621.15
1574,2020-12-21 10:25:00,590.0,590.0,590.0,590.0,125,150,590.0,587.8,621.15
1575,2020-12-21 10:26:00,590.0,590.0,590.0,590.0,125,150,590.0,587.8,621.15
1576,2020-12-21 10:27:00,590.0,590.0,590.0,590.0,125,150,590.0,587.8,621.15
1577,2020-12-21 10:28:00,590.0,590.0,590.0,590.0,125,150,590.0,587.8,621.15
1578,2020-12-21 10:29:00,590.0,590.0,590.0,590.0,125,150,590.0,587.8,621.15
1579,2020-12-21 10:30:00,590.0,590.0,590.0,590.0,125,150,590.0,587.8,621.15
1580,2020-12-21 10:31:00,590.0,590.0,590.0,590.0,125,150,590.0,587.8,621.15
1581,2020-12-21 10:32:00,590.0,590.0,590.0,590.0,125,150,590.0,587.8,621.15
1582,2020-12-21 10:33:00,590.0,590.0,590.0,590.0,125,150,590.0,587.8,621.15
1583,2020-12-21 10:34:00,590.0,590.0,590.0,590.0,125,150,590.0,587.8,621.15
1584,2020-12-21 10:35:00,590.0,590.0,590.0,590.0,125,150,590.0,587.8,621.15
1585,2020-12-21 10:36:00,590.0,590.0,590.0,590.0,125,150,590.0,587.8,621.15
1586,2020-12-21 10:37:00,590.0,590.0,590.0,590.0,125,150,590.0,587.8,621.15
1587,2020-12-21 10:38:00,590.0,590.0,590.0,590.0,125,150,590.0,587.8,621.15
1588,2020-12-21 10:39:00,590.0,590.0,590.0,590.0,125,150,590.0,587.8,621.15
1589,2020-12-21 10:40:00,590.0,590.0,590.0,590.0,125,150,590.0,587.8,621.15
1590,2020-12-21 10:41:00,590.0,590.0,590.0,590.0,125,150,590.0,587.8,621.15
1591,2020-12-21 10:42:00,590.0,590.0,590.0,590.0,125,150,590.0,587.8,621.15
1592,2020-12-21 10:43:00,590.0,590.0,590.0,590.0,125,150,590.0,587.8,621.15
1593,2020-12-21 10:44:00,590.0,590.0,590.0,590.0,125,150,590.0,587.8,621.15
1594,2020-12-21 10:45:00,590.0,590.0,590.0,590.0,125,150,590.0,587.8,621.15
1595,2020-12-21 10:46:00,590.0,590.0,590.0,590.0,125,150,590.0,587.8,621.15
1596,2020-12-21 10:47:00,590.0,590.0,590.0,590.0,125,150,590.0,587.8,621.15
1597,2020-12-21 10:48:00,590.0,590.0,590.0,590.0,125,150,590.0,587.8,621.15
1598,2020-12-21 10:49:00,590.0,590.0,590.0,590.0,125,150,590.0,587.8,621.15
1599,2020-12-21 10:50:00,590.0,590.0,590.0,590.0,125,150,590.0,587.8,621.15
1600,2020-12-21 10:51:00,590.0,590.0,590.0,590.0,125,150,590.0,587.8,621.15
1601,2020-12-21 10:52:00,590.0,590.0,590.0,590.0,125,150,590.0,587.8,621.15
1602,2020-12-21 10:53:00,590.0,590.0,590.0,590.0,125,150,590.0,587.8,621.15
1603,2020-12-21 10:54:00,590.0,590.0,590.0,590.0,125,150,590.0,587.8,621.15
1604,2020-12-21 10:55:00,590.0,590.0,590.0,590.0,125,150,590.0,587.8,621.15
1605,2020-12-21 10:56:00,590.0,590.0,590.0,590.0,125,150,590.0,587.8,621.15
1606,2020-12-21 10:57:00,590.0,590.0,590.0,590.0,125,150,590.0,587.8,621.15
1607,2020-12-21 10:58:00,590.0,590.0,590.0,590.0,125,150,590.0,587.8,621.15
1608,2020-12-21 10:59:00,590.0,590.0,590.0,590.0,125,150,590.0,587.8,621.15
1609,2020-12-21 11:00:00,590.0,590.0,590.0,590.0,125,150,590.0,587.8,621.15
1610,2020-12-21 11:01:00,590.0,590.0,590.0,590.0,125,150,590.0,587.8,621.15
1611,2020-12-21 11:02:00,590.0,590.0,590.0,590.0,125,150,590.0,587.8,621.15
1612,2020-12-21 11:03:00,590.0,590.0,590.0,590.0,125,150,590.0,587.8,621.15
1613,2020-12-21 11:04:00,590.0,590.0,590.0,590.0,125,150,590.0,587.8,621.15
1614,2020-12-21 11:05:00,590.0,590.0,590.0,590.0,125,150,590.0,587.8,621.15
1615,2020-12-21 11:06:00,590.0,590.0,590.0,590.0,125,150,590.0,587.8,621.15
1616,2020-12-21 11:07:00,590.0,590.0,590.0,590.0,125,150,590.0,587.8,621.15
1617,2020-12-21 11:08:00,590.0,590.0,590.0,590.0,125,150,590.0,587.8,621.15
1618,2020-12-21 11:09:00,590.0,590.0,590.0,590.0,125,150,590.0,587.8,621.15
1619,2020-12-21 11:10:00,590.0,590.0,590.0,590.0,125,150,590.0,587.8,621.15
1620,2020-12-21 11:11:00,590.0,590.0,590.0,590.0,125,150,590.0,587.8,621.15
1621,2020-12-21 11:12:00,590.0,590.0,590.0,590.0,125,150,590.0,587.8,621.15
1622,2020-12-21 11:13:00,590.0,590.0,590.0,590.0,125,150,590.0,587.8,621.15
1623,2020-12-21 11:14:00,590.0,590.0,590.0,590.0,125,150,590.0,587.8,621.15
1624,2020-12-21 11:15:00,590.0,590.0,590.0,590.0,125,150,590.0,587.8,621.15
1625,2020-12-21 11:16:00,590.0,590.0,590.0,590.0,125,150,590.0,587.8,621.15
1626,2020-12-21 11:17:00,590.0,590.0,590.0,590.0,125,150,590.0,587.8,621.15
1627,2020-12-21 11:18:00,590.0,590.0,590.0,590.0,125,150,590.0,587.8,621.15
1628,2020-12-21 11:19:00,590.0,590.0,590.0,590.0,125,150,590.0,587.8,621.15
1629,2020-12-21 11:20:00,590.0,590.0,590.0,590.0,125,150,590.0,587.8,621.15
1630,2020-12-21 11:21:00,590.0,590.0,590.0,590.0,125,150,590.0,587.8,621.15
1631,2020-12-21 11:22:00,590.0,590.0,590.0,590.0,125,150,590.0,587.8,621.15
1632,2020-12-21 11:23:00,590.0,590.0,590.0,590.0,125,150,590.0,587.8,621.15
1633,2020-12-21 11:24:00,590.0,590.0,590.0,590.0,125,150,590.0,587.8,621.15
1634,2020-12-21 11:25:00,590.0,590.0,590.0,590.0,125,150,590.0,587.8,621.15
1635,2020-12-21 11:26:00,590.0,590.0,590.0,590.0,125,150,590.0,587.8,621.15
1636,2020-12-21 11:27:00,590.0,590.0,590.0,590.0,125,150,590.0,587.8,621.15
1637,2020-12-21 11:28:00,590.0,590.0,590.0,590.0,125,150,590.0,587.8,621.15
1638,2020-12-21 11:29:00,590.0,590.0,590.0,590.0,125,150,590.0,587.8,621.15
1639,2020-12-21 11:30:00,590.0,590.0,590.0,590.0,125,150,590.0,587.8,621.15
1640,2020-12-21 11:31:00,590.0,590.0,590.0,590.0,125,150,590.0,587.8,621.15
1641,2020-12-21 11:32:00,590.0,590.0,590.0,590.0,125,150,590.0,587.8,621.15
1642,2020-12-21 11:33:00,590.0,590.0,590.0,590.0,125,150,590.0,587.8,621.15
1643,2020-12-21 11:34:00,590.0,590.0,590.0,590.0,125,150,590.0,587.8,621.15
1644,2020-12-21 11:35:00,590.0,590.0,590.0,590.0,125,150,590.0,587.8,621.15
1645,2020-12-21 11:36:00,590.0,590.0,590.0,590.0,125,150,590.0,587.8,621.15
1646,2020-12-21 11:37:00,590.0,590.0,590.0,590.0,125,150,590.0,587.8,621.15
1647,2020-12-21 11:38:00,590.0,590.0,590.0,590.0,125,150,590.0,587.8,621.15
1648,2020-12-21 11:39:00,590.0,590.0,590.0,590.0,125,150,590.0,587.8,621.15
1649,2020-12-21 11:40:00,590.0,590.0,590.0,590.0,125,150,590.0,587.8,621.15
1650,2020-12-21 11:41:00,590.0,590.0,590.0,590.0,125,150,590.0,587.8,621.15
1651,2020-12-21 11:42:00,590.0,590.0,590.0,590.0,125,150,590.0,587.8,621.15
1652,2020-12-21 11:43:00,590.0,590.0,590.0,590.0,125,150,590.0,587.8,621.15
1653,2020-12-21 11:44:00,590.0,590.0,590.0,590.0,125,150,590.0,587.8,621.15
1654,2020-12-21 11:45:00,590.0,590.0,590.0,590.0,125,150,590.0,587.8,621.15
1655,2020-12-21 11:46:00,590.0,590.0,590.0,590.0,125,150,590.0,587.8,621.15
1656,2020-12-21 11:47:00,590.0,590.0,590.0,590.0,125,150,590.0,587.8,621.15
1657,2020-12-21 11:48:00,590.0,590.0,590.0,590.0,125,150,590.0,587.8,621.15
1658,2020-12-21 11:49:00,590.0,590.0,590.0,590.0,125,150,590.0,587.8,621.15
1659,2020-12-21 11:50:00,590.0,590.0,590.0,590.0,125,150,590.0,587.8,621.15
1660,2020-12-21 11:51:00,590.0,590.0,590.0,590.0,125,150,590.0,587.8,621.15
1661,2020-12-21 11:52:00,590.0,590.0,590.0,590.0,125,150,590.0,587.8,621.15
1662,2020-12-21 11:53:00,590.0,590.0,590.0,590.0,125,150,590.0,587.8,621.15
1663,2020-12-21 11:54:00,590.0,590.0,590.0,590.0,125,150,590.0,587.8,621.15
1664,2020-12-21 11:55:00,590.0,590.0,590.0,590.0,125,150,590.0,587.8,621.15
1665,2020-12-21 11:56:00,590.0,590.0,590.0,590.0,125,150,590.0,587.8,621.15
1666,2020-12-21 11:57:00,590.0,590.0,590.0,590.0,125,150,590.0,587.8,621.15
1667,2020-12-21 11:58:00,590.0,590.0,590.0,590.0,125,150,590.0,587.8,621.15
1668,2020-12-21 11:59:00,590.0,590.0,590.0,590.0,125,150,590.0,587.8,621.15
1669,2020-12-21 12:00:00,590.0,590.0,590.0,590.0,125,150,590.0,587.8,621.15
1670,2020-12-21 12:01:00,590.0,590.0,590.0,590.0,125,150,590.0,587.8,621.15
1671,2020-12-21 12:02:00,590.0,590.0,590.0,590.0,125,150,590.0,587.8,621.15
1672,2020-12-21 12:03:00,590.0,590.0,590.0,590.0,125,150,590.0,587.8,621.15
1673,2020-12-21 12:04:00,590.0,590.0,590.0,590.0,125,150,590.0,587.8,621.15
1674,2020-12-21 12:05:00,590.0,590.0,590.0,590.0,125,150,590.0,587.8,621.15
1675,2020-12-21 12:06:00,590.0,590.0,590.0,590.0,125,150,590.0,587.8,621.15
1676,2020-12-21 12:07:00,590.0,590.0,590.0,590.0,125,150,590.0,587.8,621.15
1677,2020-12-21 12:08:00,590.0,590.0,590.0,590.0,125,150,590.0,587.8,621.15
1678,2020-12-21 12:09:00,590.0,590.0,590.0,590.0,125,150,590.0,587.8,621.15
1679,2020-12-21 12:10:00,590.0,590.0,590.0,590.0,125,150,590.0,587.8,621.15
1680,2020-12-21 12:11:00,590.0,590.0,590.0,590.0,125,150,590.0,587.8,621.15
1681,2020-12-21 12:12:00,590.0,590.0,590.0,590.0,125,150,590.0,587.8,621.15
1682,2020-12-21 12:13:00,590.0,590.0,590.0,590.0,125,150,590.0,587.8,621.15
1683,2020-12-21 12:14:00,590.0,590.0,590.0,590.0,125,150,590.0,587.8,621.15
1684,2020-12-21 12:15:00,590.0,590.0,590.0,590.0,125,150,590.0,587.8,621.15
1685,2020-12-21 12:16:00,590.0,590.0,590.0,590.0,125,150,590.0,587.8,621.15
1686,2020-12-21 12:17:00,590.0,590.0,590.0,590.0,125,150,590.0,587.8,621.15
1687,2020-12-21 12:18:00,590.0,590.0,590.0,590.0,125,150,590.0,587.8,621.15
1688,2020-12-21 12:19:00,590.0,590.0,590.0,590.0,125,150,590.0,587.8,621.15
1689,2020-12-21 12:20:00,590.0,590.0,590.0,590.0,125,150,590.0,587.8,621.15
1690,2020-12-21 12:21:00,590.0,590.0,590.0,590.0,125,150,590.0,587.8,621.15
1691,2020-12-21 12:22:00,590.0,590.0,590.0,590.0,125,150,590.0,587.8,621.15
1692,2020-12-21 12:23:00,590.0,590.0,590.0,590.0,125,150,590.0,587.8,621.15
1693,2020-12-21 12:24:00,590.0,590.0,590.0,590.0,125,150,590.0,587.8,621.15
1694,2020-12-21 12:25:00,590.0,590.0,590.0,590.0,125,150,590.0,587.8,621.15
1695,2020-12-21 12:26:00,590.0,590.0,590.0,590.0,125,150,590.0,587.8,621.15
1696,2020-12-21 12:27:00,590.0,590.0,590.0,590.0,125,150,590.0,587.8,621.15
1697,2020-12-21 12:28:00,590.0,590.0,590.0,590.0,125,150,590.0,587.8,621.15
1698,2020-12-21 12:29:00,590.0,590.0,590.0,590.0,125,150,590.0,587.8,621.15
1699,2020-12-21 12:30:00,590.0,590.0,590.0,590.0,125,150,590.0,587.8,621.15
1700,2020-12-21 12:31:00,590.0,590.0,590.0,590.0,125,150,590.0,587.8,621.15
1701,2020-12-21 12:32:00,590.0,590.0,590.0,590.0,125,150,590.0,587.8,621.15
1702,2020-12-21 12:33:00,590.0,590.0,590.0,590.0,125,150,590.0,587.8,621.15
1703,2020-12-21 12:34:00,590.0,590.0,590.0,590.0,125,150,590.0,587.8,621.15
1704,2020-12-21 12:35:00,590.0,590.0,590.0,590.0,125,150,590.0,587.8,621.15
1705,2020-12-21 12:36:00,590.0,590.0,590.0,590.0,125,150,590.0,587.8,621.15
1706,2020-12-21 12:37:00,590.0,590.0,590.0,590.0,125,150,590.0,587.8,621.15
1707,2020-12-21 12:38:00,590.0,590.0,590.0,590.0,125,150,590.0,587.8,621.15
1708,2020-12-21 12:39:00,590.0,590.0,590.0,590.0,125,150,590.0,587.8,621.15
1709,2020-12-21 12:40:00,590.0,590.0,590.0,590.0,125,150,590.0,587.8,621.15
1710,2020-12-21 12:41:00,590.0,590.0,590.0,590.0,125,150,590.0,587.8,621.15
1711,2020-12-21 12:42:00,590.0,590.0,590.0,590.0,125,150,590.0,587.8,621.15
1712,2020-12-21 12:43:00,590.0,590.0,590.0,590.0,125,150,590.0,587.8,621.15
1713,2020-12-21 12:44:00,590.0,590.0,590.0,590.0,125,150,590.0,587.8,621.15
1714,2020-12-21 12:45:00,590.0,590.0,590.0,590.0,125,150,590.0,587.8,621.15
1715,2020-12-21 12:46:00,590.0,590.0,590.0,590.0,125,150,590.0,587.8,621.15
1716,2020-12-21 12:47:00,590.0,590.0,590.0,590.0,125,150,590.0,587.8,621.15
1717,2020-12-21 12:48:00,590.0,590.0,590.0,590.0,125,150,590.0,587.8,621.15
1718,2020-12-21 12:49:00,590.0,590.0,590.0,590.0,125,150,590.0,587.8,621.15
1719,2020-12-21 12:50:00,590.0,590.0,590.0,590.0,125,150,590.0,587.8,621.15
1720,2020-12-21 12:51:00,590.0,590.0,590.0,590.0,125,150,590.0,587.8,621.15
1721,2020-12-21 12:52:00,590.0,590.0,590.0,590.0,125,150,590.0,587.8,621.15
1722,2020-12-21 12:53:00,590.0,590.0,590.0,590.0,125,150,590.0,587.8,621.15
1723,2020-12-21 12:54:00,590.0,590.0,590.0,590.0,125,150,590.0,587.8,621.15
1724,2020-12-21 12:55:00,590.0,590.0,590.0,590.0,125,150,590.0,587.8,621.15
1725,2020-12-21 12:56:00,590.0,590.0,590.0,590.0,125,150,590.0,587.8,621.15
1726,2020-12-21 12:57:00,590.0,590.0,590.0,590.0,125,150,590.0,587.8,621.15
1727,2020-12-21 12:58:00,590.0,590.0,590.0,590.0,125,150,590.0,587.8,621.15
1728,2020-12-21 12:59:00,590.0,590.0,590.0,590.0,125,150,590.0,587.8,621.15
1729,2020-12-21 13:00:00,590.0,590.0,590.0,590.0,125,150,590.0,587.8,621.15
1730,2020-12-21 13:01:00,590.0,590.0,590.0,590.0,125,150,590.0,587.8,621.15
1731,2020-12-21 13:02:00,590.0,590.0,590.0,590.0,125,150,590.0,587.8,621.15
1732,2020-12-21 13:03:00,590.0,590.0,590.0,590.0,125,150,590.0,587.8,621.15
1733,2020-12-21 13:04:00,590.0,590.0,590.0,590.0,125,150,590.0,587.8,621.15
1734,2020-12-21 13:05:00,590.0,590.0,590.0,590.0,125,150,590.0,587.8,621.15
1735,2020-12-21 13:06:00,590.0,590.0,590.0,590.0,125,150,590.0,587.8,621.15
1736,2020-12-21 13:07:00,590.0,590.0,590.0,590.0,125,150,590.0,587.8,621.15
1737,2020-12-21 13:08:00,590.0,590.0,590.0,590.0,125,150,590.0,587.8,621.15
1738,2020-12-21 13:09:00,590.0,590.0,590.0,590.0,125,150,590.0,587.8,621.15
1739,2020-12-21 13:10:00,590.0,590.0,590.0,590.0,125,150,590.0,587.8,621.15
1740,2020-12-21 13:11:00,590.0,590.0,590.0,590.0,125,150,590.0,587.8,621.15
1741,2020-12-21 13:12:00,590.0,590.0,590.0,590.0,125,150,590.0,587.8,621.15
1742,2020-12-21 13:13:00,590.0,590.0,590.0,590.0,125,150,590.0,587.8,621.15
1743,2020-12-21 13:14:00,590.0,590.0,590.0,590.0,125,150,590.0,587.8,621.15
1744,2020-12-21 13:15:00,590.0,590.0,590.0,590.0,125,150,590.0,587.8,621.15
1745,2020-12-21 13:16:00,590.0,590.0,590.0,590.0,125,150,590.0,587.8,621.15
1746,2020-12-21 13:17:00,590.0,590.0,590.0,590.0,125,150,590.0,587.8,621.15
1747,2020-12-21 13:18:00,590.0,590.0,590.0,590.0,125,150,590.0,587.8,621.15
1748,2020-12-21 13:19:00,590.0,590.0,590.0,590.0,125,150,590.0,587.8,621.15
1749,2020-12-21 13:20:00,590.0,590.0,590.0,590.0,125,150,590.0,587.8,621.15
1750,2020-12-21 13:21:00,590.0,590.0,590.0,590.0,125,150,590.0,587.8,621.15
1751,2020-12-21 13:22:00,590.0,590.0,590.0,590.0,125,150,590.0,587.8,621.15
1752,2020-12-21 13:23:00,590.0,590.0,590.0,590.0,125,150,590.0,587.8,621.15
1753,2020-12-21 13:24:00,590.0,590.0,590.0,590.0,125,150,590.0,587.8,621.15
1754,2020-12-21 13:25:00,590.0,590.0,590.0,590.0,125,150,590.0,587.8,621.15
1755,2020-12-21 13:26:00,590.0,590.0,590.0,590.0,125,150,590.0,587.8,621.15
1756,2020-12-21 13:27:00,590.0,590.0,590.0,590.0,125,150,590.0,587.8,621.15
1757,2020-12-21 13:28:00,590.0,590.0,590.0,590.0,125,150,590.0,587.8,621.15
1758,2020-12-21 13:29:00,590.0,590.0,590.0,590.0,125,150,590.0,587.8,621.15
1759,2020-12-21 13:30:00,590.0,590.0,590.0,590.0,125,150,590.0,587.8,621.15
1760,2020-12-21 13:31:00,590.0,590.0,590.0,590.0,125,150,590.0,587.8,621.15
1761,2020-12-21 13:32:00,590.0,590.0,590.0,590.0,125,150,590.0,587.8,621.15
1762,2020-12-21 13:33:00,590.0,590.0,590.0,590.0,125,150,590.0,587.8,621.15
1763,2020-12-21 13:34:00,590.0,590.0,590.0,590.0,125,150,590.0,587.8,621.15
1764,2020-12-21 13:35:00,590.0,590.0,590.0,590.0,125,150,590.0,587.8,621.15
1765,2020-12-21 13:36:00,590.0,590.0,590.0,590.0,125,150,590.0,587.8,621.15
1766,2020-12-21 13:37:00,590.0,590.0,590.0,590.0,125,150,590.0,587.8,621.15
1767,2020-12-21 13:38:00,590.0,590.0,590.0,590.0,125,150,590.0,587.8,621.15
1768,2020-12-21 13:39:00,590.0,590.0,590.0,590.0,125,150,590.0,587.8,621.15
1769,2020-12-21 13:40:00,590.0,590.0,590.0,590.0,125,150,590.0,587.8,621.15
1770,2020-12-21 13:41:00,590.0,590.0,590.0,590.0,125,150,590.0,587.8,621.15
1771,2020-12-21 13:42:00,590.0,590.0,590.0,590.0,125,150,590.0,587.8,621.15
1772,2020-12-21 13:43:00,590.0,590.0,590.0,590.0,125,150,590.0,587.8,621.15
1773,2020-12-21 13:44:00,590.0,590.0,590.0,590.0,125,150,590.0,587.8,621.15
1774,2020-12-21 13:45:00,590.0,590.0,590.0,590.0,125,150,590.0,587.8,621.15
1775,2020-12-21 13:46:00,590.0,590.0,590.0,590.0,125,150,590.0,587.8,621.15
1776,2020-12-21 13:47:00,590.0,590.0,590.0,590.0,125,150,590.0,587.8,621.15
1777,2020-12-21 13:48:00,590.0,590.0,590.0,590.0,125,150,590.0,587.8,621.15
1778,2020-12-21 13:49:00,590.0,590.0,590.0,590.0,125,150,590.0,587.8,621.15
1779,2020-12-21 13:50:00,590.0,590.0,590.0,590.0,125,150,590.0,587.8,621.15
1780,2020-12-21 13:51:00,590.0,590.0,590.0,590.0,125,150,590.0,587.8,621.15
1781,2020-12-21 13:52:00,590.0,590.0,590.0,590.0,125,150,590.0,587.8,621.15
1782,2020-12-21 13:53:00,590.0,590.0,590.0,590.0,125,150,590.0,587.8,621.15
1783,2020-12-21 13:54:00,590.0,590.0,590.0,590.0,125,150,590.0,587.8,621.15
1784,2020-12-21 13:55:00,590.0,590.0,590.0,590.0,125,150,590.0,587.8,621.15
1785,2020-12-21 13:56:00,590.0,590.0,590.0,590.0,125,150,590.0,587.8,621.15
1786,2020-12-21 13:57:00,590.0,590.0,590.0,590.0,125,150,590.0,587.8,621.15
1787,2020-12-21 13:58:00,590.0,590.0,590.0,590.0,125,150,590.0,587.8,621.15
1788,2020-12-21 13:59:00,590.0,590.0,590.0,590.0,125,150,590.0,587.8,621.15
1789,2020-12-21 14:00:00,590.0,590.0,590.0,590.0,125,150,590.0,587.8,621.15
1790,2020-12-21 14:01:00,590.0,590.0,590.0,590.0,125,150,590.0,587.8,621.15
1791,2020-12-21 14:02:00,590.0,590.0,590.0,590.0,125,150,590.0,587.8,621.15
1792,2020-12-21 14:03:00,590.0,590.0,590.0,590.0,125,150,590.0,587.8,621.15
1793,2020-12-21 14:04:00,590.0,590.0,590.0,590.0,125,150,590.0,587.8,621.15
1794,2020-12-21 14:05:00,590.0,590.0,590.0,590.0,125,150,590.0,587.8,621.15
1795,2020-12-21 14:06:00,590.0,590.0,590.0,590.0,125,150,590.0,587.8,621.15
1796,2020-12-21 14:07:00,590.0,590.0,590.0,590.0,125,150,590.0,587.8,621.15
1797,2020-12-21 14:08:00,590.0,590.0,590.0,590.0,125,150,590.0,587.8,621.15
1798,2020-12-21 14:09:00,590.0,590.0,590.0,590.0,125,150,590.0,587.8,621.15
1799,2020-12-21 14:10:00,590.0,590.0,590.0,590.0,125,150,590.0,587.8,621.15
1800,2020-12-21 14:11:00,590.0,590.0,590.0,590.0,125,150,590.0,587.8,621.15
1801,2020-12-21 14:12:00,590.0,590.0,590.0,590.0,125,150,590.0,587.8,621.15
1802,2020-12-21 14:13:00,590.0,590.0,590.0,590.0,125,150,590.0,587.8,621.15
1803,2020-12-21 14:14:00,590.0,590.0,590.0,590.0,125,150,590.0,587.8,621.15
1804,2020-12-21 14:15:00,590.0,590.0,590.0,590.0,125,150,590.0,587.8,621.15
1805,2020-12-21 14:16:00,590.0,590.0,590.0,590.0,125,150,590.0,587.8,621.15
1806,2020-12-21 14:17:00,590.0,590.0,590.0,590.0,125,150,590.0,587.8,621.15
1807,2020-12-21 14:18:00,590.0,590.0,590.0,590.0,125,150,590.0,587.8,621.15
1808,2020-12-21 14:19:00,590.0,590.0,590.0,590.0,125,150,590.0,587.8,621.15
1809,2020-12-21 14:20:00,590.0,590.0,590.0,590.0,125,150,590.0,587.8,621.15
1810,2020-12-21 14:21:00,590.0,590.0,590.0,590.0,125,150,590.0,587.8,621.15
1811,2020-12-21 14:22:00,590.0,590.0,590.0,590.0,125,150,590.0,587.8,621.15
1812,2020-12-21 14:23:00,590.0,590.0,590.0,590.0,125,150,590.0,587.8,621.15
1813,2020-12-21 14:24:00,590.0,590.0,590.0,590.0,125,150,590.0,587.8,621.15
1814,2020-12-21 14:25:00,590.0,590.0,590.0,590.0,125,150,590.0,587.8,621.15
1815,2020-12-21 14:26:00,590.0,590.0,590.0,590.0,125,150,590.0,587.8,621.15
1816,2020-12-21 14:27:00,590.0,590.0,590.0,590.0,125,150,590.0,587.8,621.15
1817,2020-12-21 14:28:00,590.0,590.0,590.0,590.0,125,150,590.0,587.8,621.15
1818,2020-12-21 14:29:00,590.0,590.0,590.0,590.0,125,150,590.0,587.8,621.15
1819,2020-12-21 14:30:00,590.0,590.0,590.0,590.0,125,150,590.0,587.8,621.15
1820,2020-12-21 14:31:00,590.0,590.0,590.0,590.0,125,150,590.0,587.8,621.15
1821,2020-12-21 14:32:00,590.0,590.0,590.0,590.0,125,150,590.0,587.8,621.15
1822,2020-12-21 14:33:00,590.0,590.0,590.0,590.0,125,150,590.0,587.8,621.15
1823,2020-12-21 14:34:00,590.0,590.0,590.0,590.0,125,150,590.0,587.8,621.15
1824,2020-12-21 14:35:00,590.0,590.0,590.0,590.0,125,150,590.0,587.8,621.15
1825,2020-12-21 14:36:00,590.0,590.0,590.0,590.0,125,150,590.0,587.8,621.15
1826,2020-12-21 14:37:00,590.0,590.0,590.0,590.0,125,150,590.0,587.8,621.15
1827,2020-12-21 14:38:00,590.0,590.0,590.0,590.0,125,150,590.0,587.8,621.15
1828,2020-12-21 14:39:00,590.0,590.0,590.0,590.0,125,150,590.0,587.8,621.15
1829,2020-12-21 14:40:00,590.0,590.0,590.0,590.0,125,150,590.0,587.8,621.15
1830,2020-12-21 14:41:00,590.0,590.0,590.0,590.0,125,150,590.0,587.8,621.15
1831,2020-12-21 14:42:00,590.0,590.0,590.0,590.0,125,150,590.0,587.8,621.15
1832,2020-12-21 14:43:00,590.0,590.0,590.0,590.0,125,150,590.0,587.8,621.15
1833,2020-12-21 14:44:00,590.0,590.0,590.0,590.0,125,150,590.0,587.8,621.15
1834,2020-12-21 14:45:00,590.0,590.0,590.0,590.0,125,150,590.0,587.8,621.15
1835,2020-12-21 14:46:00,590.0,590.0,590.0,590.0,125,150,590.0,587.8,621.15
1836,2020-12-21 14:47:00,590.0,590.0,590.0,590.0,125,150,590.0,587.8,621.15
1837,2020-12-21 14:48:00,590.0,590.0,590.0,590.0,125,150,590.0,587.8,621.15
1838,2020-12-21 14:49:00,590.0,590.0,590.0,590.0,125,150,590.0,587.8,621.15
1839,2020-12-21 14:50:00,590.0,590.0,590.0,590.0,125,150,590.0,587.8,621.15
1840,2020-12-21 14:51:00,590.0,590.0,590.0,590.0,125,150,590.0,587.8,621.15
1841,2020-12-21 14:52:00,590.0,590.0,590.0,590.0,125,150,590.0,587.8,621.15
1842,2020-12-21 14:53:00,590.0,590.0,590.0,590.0,125,150,590.0,587.8,621.15
1843,2020-12-21 14:54:00,590.0,590.0,590.0,590.0,125,150,590.0,587.8,621.15
1844,2020-12-21 14:55:00,590.0,590.0,590.0,590.0,125,150,590.0,587.8,621.15
1845,2020-12-21 14:56:00,590.0,590.0,590.0,590.0,125,150,590.0,587.8,621.15
1846,2020-12-21 14:57:00,590.0,590.0,590.0,590.0,125,150,590.0,587.8,621.15
1847,2020-12-21 14:58:00,590.0,590.0,590.0,590.0,125,150,590.0,587.8,621.15
1848,2020-12-21 14:59:00,590.0,590.0,590.0,590.0,125,150,590.0,587.8,621.15
1849,2020-12-21 15:00:00,590.0,590.0,590.0,590.0,125,150,590.0,587.8,621.15
1850,2020-12-21 15:01:00,590.0,590.0,590.0,590.0,125,150,590.0,587.8,621.15
1851,2020-12-21 15:02:00,590.0,590.0,590.0,590.0,125,150,590.0,587.8,621.15
1852,2020-12-21 15:03:00,590.0,590.0,590.0,590.0,125,150,590.0,587.8,621.15
1853,2020-12-21 15:04:00,590.0,590.0,590.0,590.0,125,150,590.0,587.8,621.15
1854,2020-12-21 15:05:00,590.0,590.0,590.0,590.0,125,150,590.0,587.8,621.15
1855,2020-12-21 15:06:00,590.0,590.0,590.0,590.0,125,150,590.0,587.8,621.15
1856,2020-12-21 15:07:00,590.0,590.0,590.0,590.0,125,150,590.0,587.8,621.15
1857,2020-12-21 15:08:00,590.0,590.0,590.0,590.0,125,150,590.0,587.8,621.15
1858,2020-12-21 15:09:00,590.0,590.0,590.0,590.0,125,150,590.0,587.8,621.15
1859,2020-12-21 15:10:00,590.0,590.0,590.0,590.0,125,150,590.0,587.8,621.15
1860,2020-12-21 15:11:00,590.0,590.0,590.0,590.0,125,150,590.0,587.8,621.15
1861,2020-12-21 15:12:00,590.0,590.0,590.0,590.0,125,150,590.0,587.8,621.15
1862,2020-12-21 15:13:00,590.0,590.0,590.0,590.0,125,150,590.0,587.8,621.15
1863,2020-12-21 15:14:00,590.0,590.0,590.0,590.0,125,150,590.0,587.8,621.15
1864,2020-12-21 15:15:00,590.0,590.0,590.0,590.0,125,150,590.0,587.8,621.15
1865,2020-12-21 15:16:00,590.0,590.0,590.0,590.0,125,150,590.0,587.8,621.15
1866,2020-12-21 15:17:00,590.0,590.0,590.0,590.0,125,150,590.0,587.8,621.15
1867,2020-12-21 15:18:00,590.0,590.0,590.0,590.0,125,150,590.0,587.8,621.15
1868,2020-12-21 15:19:00,590.0,590.0,590.0,590.0,125,150,590.0,587.8,621.15
1869,2020-12-21 15:20:00,590.0,590.0,590.0,590.0,125,150,590.0,587.8,621.15
1870,2020-12-21 15:21:00,590.0,590.0,590.0,590.0,125,150,590.0,587.8,621.15
1871,2020-12-21 15:22:00,590.0,590.0,590.0,590.0,125,150,590.0,587.8,621.15
1872,2020-12-21 15:23:00,590.0,590.0,590.0,590.0,125,150,590.0,587.8,621.15
1873,2020-12-21 15:24:00,590.0,590.0,590.0,590.0,125,150,590.0,587.8,621.15
1874,2020-12-21 15:25:00,590.0,590.0,590.0,590.0,125,150,590.0,587.8,621.15
1875,2020-12-21 15:26:00,590.0,590.0,590.0,590.0,125,150,590.0,587.8,621.15
1876,2020-12-21 15:27:00,590.0,590.0,590.0,590.0,125,150,590.0,587.8,621.15
1877,2020-12-21 15:28:00,590.0,590.0,590.0,590.0,125,150,590.0,587.8,621.15
1878,2020-12-21 15:29:00,590.0,590.0,590.0,590.0,125,150,590.0,587.8,621.15
1879,2020-12-21 15:30:00,590.0,590.0,590.0,590.0,125,150,590.0,587.8,621.15
1880,2020-12-22 09:15:00,590.0,590.0,590.0,590.0,125,150,590.0,587.8,621.15
1881,2020-12-22 09:16:00,590.0,590.0,590.0,590.0,125,150,590.0,587.8,621.15
1882,2020-12-22 09:17:00,590.0,590.0,590.0,590.0,125,150,590.0,587.8,621.15
1883,2020-12-22 09:18:00,590.0,590.0,590.0,590.0,125,150,590.0,587.8,621.15
1884,2020-12-22 09:19:00,590.0,590.0,590.0,590.0,125,150,590.0,587.8,621.15
1885,2020-12-22 09:20:00,590.0,590.0,590.0,590.0,125,150,590.0,587.8,621.15
1886,2020-12-22 09:21:00,590.0,590.0,590.0,590.0,125,150,590.0,587.8,621.15
1887,2020-12-22 09:22:00,590.0,590.0,590.0,590.0,125,150,590.0,587.8,621.15
1888,2020-12-22 09:23:00,590.0,590.0,590.0,590.0,125,150,590.0,587.8,621.15
1889,2020-12-22 09:24:00,590.0,590.0,590.0,590.0,125,150,590.0,587.8,621.15
1890,2020-12-22 09:25:00,590.0,590.0,590.0,590.0,125,150,590.0,587.8,621.15
1891,2020-12-22 09:26:00,590.0,590.0,590.0,590.0,125,150,590.0,587.8,621.15
1892,2020-12-22 09:27:00,590.0,590.0,590.0,590.0,125,150,590.0,587.8,621.15
1893,2020-12-22 09:28:00,590.0,590.0,590.0,590.0,125,150,590.0,587.8,621.15
1894,2020-12-22 09:29:00,590.0,590.0,590.0,590.0,125,150,590.0,587.8,621.15
1895,2020-12-22 09:30:00,590.0,590.0,590.0,590.0,125,150,590.0,587.8,621.15
1896,2020-12-22 09:31:00,590.0,590.0,590.0,590.0,125,150,590.0,587.8,621.15
1897,2020-12-22 09:32:00,590.0,590.0,590.0,590.0,125,150,590.0,587.8,621.15
1898,2020-12-22 09:33:00,590.0,590.0,590.0,590.0,125,150,590.0,587.8,621.15
1899,2020-12-22 09:34:00,590.0,590.0,590.0,590.0,125,150,590.0,587.8,621.15
1900,2020-12-22 09:35:00,590.0,590.0,590.0,590.0,125,150,590.0,587.8,621.15
1901,2020-12-22 09:36:00,590.0,590.0,590.0,590.0,125,150,590.0,587.8,621.15
1902,2020-12-22 09:37:00,590.0,590.0,590.0,590.0,125,150,590.0,587.8,621.15
1903,2020-12-22 09:38:00,590.0,590.0,590.0,590.0,125,150,590.0,587.8,621.15
1904,2020-12-22 09:39:00,590.0,590.0,590.0,590.0,125,150,590.0,587.8,621.15
1905,2020-12-22 09:40:00,590.0,590.0,590.0,590.0,125,150,590.0,587.8,621.15
1906,2020-12-22 09:41:00,590.0,590.0,590.0,590.0,125,150,590.0,587.8,621.15
1907,2020-12-22 09:42:00,590.0,590.0,590.0,590.0,125,150,590.0,587.8,621.15
1908,2020-12-22 09:43:00,590.0,590.0,590.0,590.0,125,150,590.0,587.8,621.15
1909,2020-12-22 09:44:00,590.0,590.0,590.0,590.0,125,150,590.0,587.8,621.15
1910,2020-12-22 09:45:00,590.0,590.0,590.0,590.0,125,150,590.0,587.8,621.15
1911,2020-12-22 09:46:00,590.0,590.0,590.0,590.0,125,150,590.0,587.8,621.15
1912,2020-12-22 09:47:00,590.0,590.0,590.0,590.0,125,150,590.0,587.8,621.15
1913,2020-12-22 09:48:00,590.0,590.0,590.0,590.0,125,150,590.0,587.8,621.15
1914,2020-12-22 09:49:00,590.0,590.0,590.0,590.0,125,150,590.0,587.8,621.15
1915,2020-12-22 09:50:00,590.0,590.0,590.0,590.0,125,150,590.0,587.8,621.15
1916,2020-12-22 09:51:00,590.0,590.0,590.0,590.0,125,150,590.0,587.8,621.15
1917,2020-12-22 09:52:00,590.0,590.0,590.0,590.0,125,150,590.0,587.8,621.15
1918,2020-12-22 09:53:00,590.0,590.0,590.0,590.0,125,150,590.0,587.8,621.15
1919,2020-12-22 09:54:00,590.0,590.0,590.0,590.0,125,150,590.0,587.8,621.15
1920,2020-12-22 09:55:00,590.0,590.0,590.0,590.0,125,150,590.0,587.8,621.15
1921,2020-12-22 09:56:00,590.0,590.0,590.0,590.0,125,150,590.0,587.8,621.15
1922,2020-12-22 09:57:00,590.0,590.0,590.0,590.0,125,150,590.0,587.8,621.15
1923,2020-12-22 09:58:00,590.0,590.0,590.0,590.0,125,150,590.0,587.8,621.15
1924,2020-12-22 09:59:00,590.0,590.0,590.0,590.0,125,150,590.0,587.8,621.15
1925,2020-12-22 10:00:00,590.0,590.0,590.0,590.0,125,150,590.0,587.8,621.15
1926,2020-12-22 10:01:00,590.0,590.0,590.0,590.0,125,150,590.0,587.8,621.15
1927,2020-12-22 10:02:00,590.0,590.0,590.0,590.0,125,150,590.0,587.8,621.15
1928,2020-12-22 10:03:00,590.0,590.0,590.0,590.0,125,150,590.0,587.8,621.15
1929,2020-12-22 10:04:00,590.0,590.0,590.0,590.0,125,150,590.0,587.8,621.15
1930,2020-12-22 10:05:00,590.0,590.0,590.0,590.0,125,150,590.0,587.8,621.15
1931,2020-12-22 10:06:00,590.0,590.0,590.0,590.0,125,150,590.0,587.8,621.15
1932,2020-12-22 10:07:00,590.0,590.0,590.0,590.0,125,150,590.0,587.8,621.15
1933,2020-12-22 10:08:00,590.0,590.0,590.0,590.0,125,150,590.0,587.8,621.15
1934,2020-12-22 10:09:00,590.0,590.0,590.0,590.0,125,150,590.0,587.8,621.15
1935,2020-12-22 10:10:00,590.0,590.0,590.0,590.0,125,150,590.0,587.8,621.15
1936,2020-12-22 10:11:00,590.0,590.0,590.0,590.0,125,150,590.0,587.8,621.15
1937,2020-12-22 10:12:00,590.0,590.0,590.0,590.0,125,150,590.0,587.8,621.15
1938,2020-12-22 10:13:00,590.0,590.0,590.0,590.0,125,150,590.0,587.8,621.15
1939,2020-12-22 10:14:00,590.0,590.0,590.0,590.0,125,150,590.0,587.8,621.15
1940,2020-12-22 10:15:00,590.0,590.0,590.0,590.0,125,150,590.0,587.8,621.15
1941,2020-12-22 10:16:00,590.0,590.0,590.0,590.0,125,150,590.0,587.8,621.15
1942,2020-12-22 10:17:00,590.0,590.0,590.0,590.0,125,150,590.0,587.8,621.15
1943,2020-12-22 10:18:00,590.0,590.0,590.0,590.0,125,150,590.0,587.8,621.15
1944,2020-12-22 10:19:00,590.0,590.0,590.0,590.0,125,150,590.0,587.8,621.15
1945,2020-12-22 10:20:00,590.0,590.0,590.0,590.0,125,150,590.0,587.8,621.15
1946,2020-12-22 10:21:00,590.0,590.0,590.0,590.0,125,150,590.0,587.8,621.15
1947,2020-12-22 10:22:00,590.0,590.0,590.0,590.0,125,150,590.0,587.8,621.15
1948,2020-12-22 10:23:00,590.0,590.0,590.0,590.0,125,150,590.0,587.8,621.15
1949,2020-12-22 10:24:00,590.0,590.0,590.0,590.0,125,150,590.0,587.8,621.15
1950,2020-12-22 10:25:00,590.0,590.0,590.0,590.0,125,150,590.0,587.8,621.15
1951,2020-12-22 10:26:00,590.0,590.0,590.0,590.0,125,150,590.0,587.8,621.15
1952,2020-12-22 10:27:00,590.0,590.0,590.0,590.0,125,150,590.0,587.8,621.15
1953,2020-12-22 10:28:00,590.0,590.0,590.0,590.0,125,150,590.0,587.8,621.15
1954,2020-12-22 10:29:00,590.0,590.0,590.0,590.0,125,150,590.0,587.8,621.15
1955,2020-12-22 10:30:00,590.0,590.0,590.0,590.0,125,150,590.0,587.8,621.15
1956,2020-12-22 10:31:00,590.0,590.0,590.0,590.0,125,150,590.0,587.8,621.15
1957,2020-12-22 10:32:00,590.0,590.0,590.0,590.0,125,150,590.0,587.8,621.15
1958,2020-12-22 10:33:00,590.0,590.0,590.0,590.0,125,150,590.0,587.8,621.15
1959,2020-12-22 10:34:00,590.0,590.0,590.0,590.0,125,150,590.0,587.8,621.15
1960,2020-12-22 10:35:00,590.0,590.0,590.0,590.0,125,150,590.0,587.8,621.15
1961,2020-12-22 10:36:00,590.0,590.0,590.0,590.0,125,150,590.0,587.8,621.15
1962,2020-12-22 10:37:00,590.0,590.0,590.0,590.0,125,150,590.0,587.8,621.15
1963,2020-12-22 10:38:00,590.0,590.0,590.0,590.0,125,150,590.0,587.8,621.15
1964,2020-12-22 10:39:00,590.0,590.0,590.0,590.0,125,150,590.0,587.8,621.15
1965,2020-12-22 10:40:00,590.0,590.0,590.0,590.0,125,150,590.0,587.8,621.15
1966,2020-12-22 10:41:00,590.0,590.0,590.0,590.0,125,150,590.0,587.8,621.15
1967,2020-12-22 10:42:00,590.0,590.0,590.0,590.0,125,150,590.0,587.8,621.15
1968,2020-12-22 10:43:00,590.0,590.0,590.0,590.0,125,150,590.0,587.8,621.15
1969,2020-12-22 10:44:00,590.0,590.0,590.0,590.0,125,150,590.0,587.8,621.15
1970,2020-12-22 10:45:00,590.0,590.0,590.0,590.0,125,150,590.0,587.8,621.15
1971,2020-12-22 10:46:00,590.0,590.0,590.0,590.0,125,150,590.0,587.8,621.15
1972,2020-12-22 10:47:00,590.0,590.0,590.0,590.0,125,150,590.0,587.8,621.15
1973,2020-12-22 10:48:00,590.0,590.0,590.0,590.0,125,150,590.0,587.8,621.15
1974,2020-12-22 10:49:00,590.0,590.0,590.0,590.0,125,150,590.0,587.8,621.15
1975,2020-12-22 10:50:00,590.0,590.0,590.0,590.0,125,150,590.0,587.8,621.15
1976,2020-12-22 10:51:00,590.0,590.0,590.0,590.0,125,150,590.0,587.8,621.15
1977,2020-12-22 10:52:00,590.0,590.0,590.0,590.0,125,150,590.0,587.8,621.15
1978,2020-12-22 10:53:00,590.0,590.0,590.0,590.0,125,150,590.0,587.8,621.15
1979,2020-12-22 10:54:00,590.0,590.0,590.0,590.0,125,150,590.0,587.8,621.15
1980,2020-12-22 10:55:00,590.0,590.0,590.0,590.0,125,150,590.0,587.8,621.15
1981,2020-12-22 10:56:00,590.0,590.0,590.0,590.0,125,150,590.0,587.8,621.15
1982,2020-12-22 10:57:00,590.0,590.0,590.0,590.0,125,150,590.0,587.8,621.15
1983,2020-12-22 10:58:00,590.0,590.0,590.0,590.0,125,150,590.0,587.8,621.15
1984,2020-12-22 10:59:00,590.0,590.0,590.0,590.0,125,150,590.0,587.8,621.15
1985,2020-12-22 11:00:00,590.0,590.0,590.0,590.0,125,150,590.0,587.8,621.15
1986,2020-12-22 11:01:00,590.0,590.0,590.0,590.0,125,150,590.0,587.8,621.15
1987,2020-12-22 11:02:00,590.0,590.0,590.0,590.0,125,150,590.0,587.8,621.15
1988,2020-12-22 11:03:00,590.0,590.0,590.0,590.0,125,150,590.0,587.8,621.15
1989,2020-12-22 11:04:00,590.0,590.0,590.0,590.0,125,150,590.0,587.8,621.15
1990,2020-12-22 11:05:00,590.0,590.0,590.0,590.0,125,150,590.0,587.8,621.15
1991,2020-12-22 11:06:00,590.0,590.0,590.0,590.0,125,150,590.0,587.8,621.15
1992,2020-12-22 11:07:00,590.0,590.0,590.0,590.0,125,150,590.0,587.8,621.15
1993,2020-12-22 11:08:00,590.0,590.0,590.0,590.0,125,150,590.0,587.8,621.15
1994,2020-12-22 11:09:00,590.0,590.0,590.0,590.0,125,150,590.0,587.8,621.15
1995,2020-12-22 11:10:00,590.0,590.0,590.0,590.0,125,150,590.0,587.8,621.15
1996,2020-12-22 11:11:00,590.0,590.0,590.0,590.0,125,150,590.0,587.8,621.15
1997,2020-12-22 11:12:00,590.0,590.0,590.0,590.0,125,150,590.0,587.8,621.15
1998,2020-12-22 11:13:00,590.0,590.0,590.0,590.0,125,150,590.0,587.8,621.15
1999,2020-12-22 11:14:00,590.0,590.0,590.0,590.0,125,150,590.0,587.8,621.15
2000,2020-12-22 11:15:00,590.0,590.0,590.0,590.0,125,150,590.0,587.8,621.15
2001,2020-12-22 11:16:00,590.0,590.0,590.0,590.0,125,150,590.0,587.8,621.15
2002,2020-12-22 11:17:00,590.0,590.0,590.0,590.0,125,150,590.0,587.8,621.15
2003,2020-12-22 11:18:00,590.0,590.0,590.0,590.0,125,150,590.0,587.8,621.15
2004,2020-12-22 11:19:00,590.0,590.0,590.0,590.0,125,150,590.0,587.8,621.15
2005,2020-12-22 11:20:00,590.0,590.0,590.0,590.0,125,150,590.0,587.8,621.15
2006,2020-12-22 11:21:00,590.0,590.0,590.0,590.0,125,150,590.0,587.8,621.15
2007,2020-12-22 11:22:00,590.0,590.0,590.0,590.0,125,150,590.0,587.8,621.15
2008,2020-12-22 11:23:00,590.0,590.0,590.0,590.0,125,150,590.0,587.8,621.15
2009,2020-12-22 11:24:00,590.0,590.0,590.0,590.0,125,150,590.0,587.8,621.15
2010,2020-12-22 11:25:00,590.0,590.0,590.0,590.0,125,150,590.0,587.8,621.15
2011,2020-12-22 11:26:00,590.0,590.0,590.0,590.0,125,150,590.0,587.8,621.15
2012,2020-12-22 11:27:00,590.0,590.0,590.0,590.0,125,150,590.0,587.8,621.15
2013,2020-12-22 11:28:00,590.0,590.0,590.0,590.0,125,150,590.0,587.8,621.15
2014,2020-12-22 11:29:00,590.0,590.0,590.0,590.0,125,150,590.0,587.8,621.15
2015,2020-12-22 11:30:00,590.0,590.0,590.0,590.0,125,150,590.0,587.8,621.15
2016,2020-12-22 11:31:00,590.0,590.0,590.0,590.0,125,150,590.0,587.8,621.15
2017,2020-12-22 11:32:00,590.0,590.0,590.0,590.0,125,150,590.0,587.8,621.15
2018,2020-12-22 11:33:00,590.0,590.0,590.0,590.0,125,150,590.0,587.8,621.15
2019,2020-12-22 11:34:00,590.0,590.0,590.0,590.0,125,150,590.0,587.8,621.15
2020,2020-12-22 11:35:00,590.0,590.0,590.0,590.0,125,150,590.0,587.8,621.15
2021,2020-12-22 11:36:00,590.0,590.0,590.0,590.0,125,150,590.0,587.8,621.15
2022,2020-12-22 11:37:00,590.0,590.0,590.0,590.0,125,150,590.0,587.8,621.15
2023,2020-12-22 11:38:00,590.0,590.0,590.0,590.0,125,150,590.0,587.8,621.15
2024,2020-12-22 11:39:00,590.0,590.0,590.0,590.0,125,150,590.0,587.8,621.15
2025,2020-12-22 11:40:00,590.0,590.0,590.0,590.0,125,150,590.0,587.8,621.15
2026,2020-12-22 11:41:00,590.0,590.0,590.0,590.0,125,150,590.0,587.8,621.15
2027,2020-12-22 11:42:00,590.0,590.0,590.0,590.0,125,150,590.0,587.8,621.15
2028,2020-12-22 11:43:00,590.0,590.0,590.0,590.0,125,150,590.0,587.8,621.15
2029,2020-12-22 11:44:00,590.0,590.0,590.0,590.0,125,150,590.0,587.8,621.15
2030,2020-12-22 11:45:00,590.0,590.0,590.0,590.0,125,150,590.0,587.8,621.15
2031,2020-12-22 11:46:00,590.0,590.0,590.0,590.0,125,150,590.0,587.8,621.15
2032,2020-12-22 11:47:00,590.0,590.0,590.0,590.0,125,150,590.0,587.8,621.15
2033,2020-12-22 11:48:00,590.0,590.0,590.0,590.0,125,150,590.0,587.8,621.15
2034,2020-12-22 11:49:00,590.0,590.0,590.0,590.0,125,150,590.0,587.8,621.15
2035,2020-12-22 11:50:00,590.0,590.0,590.0,590.0,125,150,590.0,587.8,621.15
2036,2020-12-22 11:51:00,590.0,590.0,590.0,590.0,125,150,590.0,587.8,621.15
2037,2020-12-22 11:52:00,590.0,590.0,590.0,590.0,125,150,590.0,587.8,621.15
2038,2020-12-22 11:53:00,590.0,590.0,590.0,590.0,125,150,590.0,587.8,621.15
2039,2020-12-22 11:54:00,590.0,590.0,590.0,590.0,125,150,590.0,587.8,621.15
2040,2020-12-22 11:55:00,590.0,590.0,590.0,590.0,125,150,590.0,587.8,621.15
2041,2020-12-22 11:56:00,590.0,590.0,590.0,590.0,125,150,590.0,587.8,621.15
2042,2020-12-22 11:57:00,590.0,590.0,590.0,590.0,125,150,590.0,587.8,621.15
2043,2020-12-22 11:58:00,590.0,590.0,590.0,590.0,125,150,590.0,587.8,621.15
2044,2020-12-22 11:59:00,590.0,590.0,590.0,590.0,125,150,590.0,587.8,621.15
2045,2020-12-22 12:00:00,590.0,590.0,590.0,590.0,125,150,590.0,587.8,621.15
2046,2020-12-22 12:01:00,590.0,590.0,590.0,590.0,125,150,590.0,587.8,621.15
2047,2020-12-22 12:02:00,590.0,590.0,590.0,590.0,125,150,590.0,587.8,621.15
2048,2020-12-22 12:03:00,590.0,590.0,590.0,590.0,125,150,590.0,587.8,621.15
2049,2020-12-22 12:04:00,590.0,590.0,590.0,590.0,125,150,590.0,587.8,621.15
2050,2020-12-22 12:05:00,590.0,590.0,590.0,590.0,125,150,590.0,587.8,621.15
2051,2020-12-22 12:06:00,590.0,590.0,590.0,590.0,125,150,590.0,587.8,621.15
2052,2020-12-22 12:07:00,590.0,590.0,590.0,590.0,125,150,590.0,587.8,621.15
2053,2020-12-22 12:08:00,590.0,590.0,590.0,590.0,125,150,590.0,587.8,621.15
2054,2020-12-22 12:09:00,590.0,590.0,590.0,590.0,125,150,590.0,587.8,621.15
2055,2020-12-22 12:10:00,590.0,590.0,590.0,590.0,125,150,590.0,587.8,621.15
2056,2020-12-22 12:11:00,590.0,590.0,590.0,590.0,125,150,590.0,587.8,621.15
2057,2020-12-22 12:12:00,590.0,590.0,590.0,590.0,125,150,590.0,587.8,621.15
2058,2020-12-22 12:13:00,590.0,590.0,590.0,590.0,125,150,590.0,587.8,621.15
2059,2020-12-22 12:14:00,590.0,590.0,590.0,590.0,125,150,590.0,587.8,621.15
2060,2020-12-22 12:15:00,590.0,590.0,590.0,590.0,125,150,590.0,587.8,621.15
2061,2020-12-22 12:16:00,590.0,590.0,590.0,590.0,125,150,590.0,587.8,621.15
2062,2020-12-22 12:17:00,590.0,590.0,590.0,590.0,125,150,590.0,587.8,621.15
2063,2020-12-22 12:18:00,590.0,590.0,590.0,590.0,125,150,590.0,587.8,621.15
2064,2020-12-22 12:19:00,590.0,590.0,590.0,590.0,125,150,590.0,587.8,621.15
2065,2020-12-22 12:20:00,590.0,590.0,590.0,590.0,125,150,590.0,587.8,621.15
2066,2020-12-22 12:21:00,590.0,590.0,590.0,590.0,125,150,590.0,587.8,621.15
2067,2020-12-22 12:22:00,590.0,590.0,590.0,590.0,125,150,590.0,587.8,621.15
2068,2020-12-22 12:23:00,590.0,590.0,590.0,590.0,125,150,590.0,587.8,621.15
2069,2020-12-22 12:24:00,590.0,590.0,590.0,590.0,125,150,590.0,587.8,621.15
2070,2020-12-22 12:25:00,590.0,590.0,590.0,590.0,125,150,590.0,587.8,621.15
2071,2020-12-22 12:26:00,590.0,590.0,590.0,590.0,125,150,590.0,587.8,621.15
2072,2020-12-22 12:27:00,590.0,590.0,590.0,590.0,125,150,590.0,587.8,621.15
2073,2020-12-22 12:28:00,590.0,590.0,590.0,590.0,125,150,590.0,587.8,621.15
2074,2020-12-22 12:29:00,590.0,590.0,590.0,590.0,125,150,590.0,587.8,621.15
2075,2020-12-22 12:30:00,590.0,590.0,590.0,590.0,125,150,590.0,587.8,621.15
2076,2020-12-22 12:31:00,590.0,590.0,590.0,590.0,125,150,590.0,587.8,621.15
2077,2020-12-22 12:32:00,590.0,590.0,590.0,590.0,125,150,590.0,587.8,621.15
2078,2020-12-22 12:33:00,590.0,590.0,590.0,590.0,125,150,590.0,587.8,621.15
2079,2020-12-22 12:34:00,590.0,590.0,590.0,590.0,125,150,590.0,587.8,621.15
2080,2020-12-22 12:35:00,590.0,590.0,590.0,590.0,125,150,590.0,587.8,621.15
2081,2020-12-22 12:36:00,590.0,590.0,590.0,590.0,125,150,590.0,587.8,621.15
2082,2020-12-22 12:37:00,590.0,590.0,590.0,590.0,125,150,590.0,587.8,621.15
2083,2020-12-22 12:38:00,590.0,590.0,590.0,590.0,125,150,590.0,587.8,621.15
2084,2020-12-22 12:39:00,590.0,590.0,590.0,590.0,125,150,590.0,587.8,621.15
2085,2020-12-22 12:40:00,590.0,590.0,590.0,590.0,125,150,590.0,587.8,621.15
2086,2020-12-22 12:41:00,590.0,590.0,590.0,590.0,125,150,590.0,587.8,621.15
2087,2020-12-22 12:42:00,590.0,590.0,590.0,590.0,125,150,590.0,587.8,621.15
2088,2020-12-22 12:43:00,590.0,590.0,590.0,590.0,125,150,590.0,587.8,621.15
2089,2020-12-22 12:44:00,590.0,590.0,590.0,590.0,125,150,590.0,587.8,621.15
2090,2020-12-22 12:45:00,590.0,590.0,590.0,590.0,125,150,590.0,587.8,621.15
2091,2020-12-22 12:46:00,590.0,590.0,590.0,590.0,125,150,590.0,587.8,621.15
2092,2020-12-22 12:47:00,590.0,590.0,590.0,590.0,125,150,590.0,587.8,621.15
2093,2020-12-22 12:48:00,590.0,590.0,590.0,590.0,125,150,590.0,587.8,621.15
2094,2020-12-22 12:49:00,590.0,590.0,590.0,590.0,125,150,590.0,587.8,621.15
2095,2020-12-22 12:50:00,590.0,590.0,590.0,590.0,125,150,590.0,587.8,621.15
2096,2020-12-22 12:51:00,590.0,590.0,590.0,590.0,125,150,590.0,587.8,621.15
2097,2020-12-22 12:52:00,590.0,590.0,590.0,590.0,125,150,590.0,587.8,621.15
2098,2020-12-22 12:53:00,590.0,590.0,590.0,590.0,125,150,590.0,587.8,621.15
2099,2020-12-22 12:54:00,590.0,590.0,590.0,590.0,125,150,590.0,587.8,621.15
2100,2020-12-22 12:55:00,590.0,590.0,590.0,590.0,125,150,590.0,587.8,621.15
2101,2020-12-22 12:56:00,590.0,590.0,590.0,590.0,125,150,590.0,587.8,621.15
2102,2020-12-22 12:57:00,590.0,590.0,590.0,590.0,125,150,590.0,587.8,621.15
2103,2020-12-22 12:58:00,590.0,590.0,590.0,590.0,125,150,590.0,587.8,621.15
2104,2020-12-22 12:59:00,590.0,590.0,590.0,590.0,125,150,590.0,587.8,621.15
2105,2020-12-22 13:00:00,590.0,590.0,590.0,590.0,125,150,590.0,587.8,621.15
2106,2020-12-22 13:01:00,590.0,590.0,590.0,590.0,125,150,590.0,587.8,621.15
2107,2020-12-22 13:02:00,590.0,590.0,590.0,590.0,125,150,590.0,587.8,621.15
2108,2020-12-22 13:03:00,590.0,590.0,590.0,590.0,125,150,590.0,587.8,621.15
2109,2020-12-22 13:04:00,590.0,590.0,590.0,590.0,125,150,590.0,587.8,621.15
2110,2020-12-22 13:05:00,590.0,590.0,590.0,590.0,125,150,590.0,587.8,621.15
2111,2020-12-22 13:06:00,590.0,590.0,590.0,590.0,125,150,590.0,587.8,621.15
2112,2020-12-22 13:07:00,590.0,590.0,590.0,590.0,125,150,590.0,587.8,621.15
2113,2020-12-22 13:08:00,590.0,590.0,590.0,590.0,125,150,590.0,587.8,621.15
2114,2020-12-22 13:09:00,590.0,590.0,590.0,590.0,125,150,590.0,587.8,621.15
2115,2020-12-22 13:10:00,590.0,590.0,590.0,590.0,125,150,590.0,587.8,621.15
2116,2020-12-22 13:11:00,590.0,590.0,590.0,590.0,125,150,590.0,587.8,621.15
2117,2020-12-22 13:12:00,590.0,590.0,590.0,590.0,125,150,590.0,587.8,621.15
2118,2020-12-22 13:13:00,590.0,590.0,590.0,590.0,125,150,590.0,587.8,621.15
2119,2020-12-22 13:14:00,590.0,590.0,590.0,590.0,125,150,590.0,587.8,621.15
2120,2020-12-22 13:15:00,590.0,590.0,590.0,590.0,125,150,590.0,587.8,621.15
2121,2020-12-22 13:16:00,590.0,590.0,590.0,590.0,125,150,590.0,587.8,621.15
2122,2020-12-22 13:17:00,590.0,590.0,590.0,590.0,125,150,590.0,587.8,621.15
2123,2020-12-22 13:18:00,590.0,590.0,590.0,590.0,125,150,590.0,587.8,621.15
2124,2020-12-22 13:19:00,590.0,590.0,590.0,590.0,125,150,590.0,587.8,621.15
2125,2020-12-22 13:20:00,590.0,590.0,590.0,590.0,125,150,590.0,587.8,621.15
2126,2020-12-22 13:21:00,590.0,590.0,590.0,590.0,125,150,590.0,587.8,621.15
2127,2020-12-22 13:22:00,590.0,590.0,590.0,590.0,125,150,590.0,587.8,621.15
2128,2020-12-22 13:23:00,590.0,590.0,590.0,590.0,125,150,590.0,587.8,621.15
2129,2020-12-22 13:24:00,590.0,590.0,590.0,590.0,125,150,590.0,587.8,621.15
2130,2020-12-22 13:25:00,590.0,590.0,590.0,590.0,125,150,590.0,587.8,621.15
2131,2020-12-22 13:26:00,590.0,590.0,590.0,590.0,125,150,590.0,587.8,621.15
2132,2020-12-22 13:27:00,590.0,590.0,590.0,590.0,125,150,590.0,587.8,621.15
2133,2020-12-22 13:28:00,590.0,590.0,590.0,590.0,125,150,590.0,587.8,621.15
2134,2020-12-22 13:29:00,590.0,590.0,590.0,590.0,125,150,590.0,587.8,621.15
2135,2020-12-22 13:30:00,590.0,590.0,590.0,590.0,125,150,590.0,587.8,621.15
2136,2020-12-22 13:31:00,590.0,590.0,590.0,590.0,125,150,590.0,587.8,621.15
2137,2020-12-22 13:32:00,590.0,590.0,590.0,590.0,125,150,590.0,587.8,621.15
2138,2020-12-22 13:33:00,590.0,590.0,590.0,590.0,125,150,590.0,587.8,621.15
2139,2020-12-22 13:34:00,590.0,590.0,590.0,590.0,125,150,590.0,587.8,621.15
2140,2020-12-22 13:35:00,590.0,590.0,590.0,590.0,125,150,590.0,587.8,621.15
2141,2020-12-22 13:36:00,590.0,590.0,590.0,590.0,125,150,590.0,587.8,621.15
2142,2020-12-22 13:37:00,590.0,590.0,590.0,590.0,125,150,590.0,587.8,621.15
2143,2020-12-22 13:38:00,590.0,590.0,590.0,590.0,125,150,590.0,587.8,621.15
2144,2020-12-22 13:39:00,590.0,590.0,590.0,590.0,125,150,590.0,587.8,621.15
2145,2020-12-22 13:40:00,590.0,590.0,590.0,590.0,125,150,590.0,587.8,621.15
2146,2020-12-22 13:41:00,590.0,590.0,590.0,590.0,125,150,590.0,587.8,621.15
2147,2020-12-22 13:42:00,590.0,590.0,590.0,590.0,125,150,590.0,587.8,621.15
2148,2020-12-22 13:43:00,590.0,590.0,590.0,590.0,125,150,590.0,587.8,621.15
2149,2020-12-22 13:44:00,590.0,590.0,590.0,590.0,125,150,590.0,587.8,621.15
2150,2020-12-22 13:45:00,590.0,590.0,590.0,590.0,125,150,590.0,587.8,621.15
2151,2020-12-22 13:46:00,590.0,590.0,590.0,590.0,125,150,590.0,587.8,621.15
2152,2020-12-22 13:47:00,590.0,590.0,590.0,590.0,125,150,590.0,587.8,621.15
2153,2020-12-22 13:48:00,590.0,590.0,590.0,590.0,125,150,590.0,587.8,621.15
2154,2020-12-22 13:49:00,590.0,590.0,590.0,590.0,125,150,590.0,587.8,621.15
2155,2020-12-22 13:50:00,590.0,590.0,590.0,590.0,125,150,590.0,587.8,621.15
2156,2020-12-22 13:51:00,590.0,590.0,590.0,590.0,125,150,590.0,587.8,621.15
2157,2020-12-22 13:52:00,590.0,590.0,590.0,590.0,125,150,590.0,587.8,621.15
2158,2020-12-22 13:53:00,590.0,590.0,590.0,590.0,125,150,590.0,587.8,621.15
2159,2020-12-22 13:54:00,590.0,590.0,590.0,590.0,125,150,590.0,587.8,621.15
2160,2020-12-22 13:55:00,590.0,590.0,590.0,590.0,125,150,590.0,587.8,621.15
2161,2020-12-22 13:56:00,590.0,590.0,590.0,590.0,125,150,590.0,587.8,621.15
2162,2020-12-22 13:57:00,590.0,590.0,590.0,590.0,125,150,590.0,587.8,621.15
2163,2020-12-22 13:58:00,590.0,590.0,590.0,590.0,125,150,590.0,587.8,621.15
2164,2020-12-22 13:59:00,590.0,590.0,590.0,590.0,125,150,590.0,587.8,621.15
2165,2020-12-22 14:00:00,590.0,590.0,590.0,590.0,125,150,590.0,587.8,621.15
2166,2020-12-22 14:01:00,590.0,590.0,590.0,590.0,125,150,590.0,587.8,621.15
2167,2020-12-22 14:02:00,590.0,590.0,590.0,590.0,125,150,590.0,587.8,621.15
2168,2020-12-22 14:03:00,590.0,590.0,590.0,590.0,125,150,590.0,587.8,621.15
2169,2020-12-22 14:04:00,590.0,590.0,590.0,590.0,125,150,590.0,587.8,621.15
2170,2020-12-22 14:05:00,590.0,590.0,590.0,590.0,125,150,590.0,587.8,621.15
2171,2020-12-22 14:06:00,590.0,590.0,590.0,590.0,125,150,590.0,587.8,621.15
2172,2020-12-22 14:07:00,590.0,590.0,590.0,590.0,125,150,590.0,587.8,621.15
2173,2020-12-22 14:08:00,590.0,590.0,590.0,590.0,125,150,590.0,587.8,621.15
2174,2020-12-22 14:09:00,590.0,590.0,590.0,590.0,125,150,590.0,587.8,621.15
2175,2020-12-22 14:10:00,590.0,590.0,590.0,590.0,125,150,590.0,587.8,621.15
2176,2020-12-22 14:11:00,590.0,590.0,590.0,590.0,125,150,590.0,587.8,621.15
2177,2020-12-22 14:12:00,590.0,590.0,590.0,590.0,125,150,590.0,587.8,621.15
2178,2020-12-22 14:13:00,590.0,590.0,590.0,590.0,125,150,590.0,587.8,621.15
2179,2020-12-22 14:14:00,590.0,590.0,590.0,590.0,125,150,590.0,587.8,621.15
2180,2020-12-22 14:15:00,590.0,590.0,590.0,590.0,125,150,590.0,587.8,621.15
2181,2020-12-22 14:16:00,590.0,590.0,590.0,590.0,125,150,590.0,587.8,621.15
2182,2020-12-22 14:17:00,590.0,590.0,590.0,590.0,125,150,590.0,587.8,621.15
2183,2020-12-22 14:18:00,590.0,590.0,590.0,590.0,125,150,590.0,587.8,621.15
2184,2020-12-22 14:19:00,590.0,590.0,590.0,590.0,125,150,590.0,587.8,621.15
2185,2020-12-22 14:20:00,590.0,590.0,590.0,590.0,125,150,590.0,587.8,621.15
2186,2020-12-22 14:21:00,590.0,590.0,590.0,590.0,125,150,590.0,587.8,621.15
2187,2020-12-22 14:22:00,590.0,590.0,590.0,590.0,125,150,590.0,587.8,621.15
2188,2020-12-22 14:23:00,590.0,590.0,590.0,590.0,125,150,590.0,587.8,621.15
2189,2020-12-22 14:24:00,590.0,590.0,590.0,590.0,125,150,590.0,587.8,621.15
2190,2020-12-22 14:25:00,590.0,590.0,590.0,590.0,125,150,590.0,587.8,621.15
2191,2020-12-22 14:26:00,590.0,590.0,590.0,590.0,125,150,590.0,587.8,621.15
2192,2020-12-22 14:27:00,590.0,590.0,590.0,590.0,125,150,590.0,587.8,621.15
2193,2020-12-22 14:28:00,590.0,590.0,590.0,590.0,125,150,590.0,587.8,621.15
2194,2020-12-22 14:29:00,590.0,590.0,590.0,590.0,125,150,590.0,587.8,621.15
2195,2020-12-22 14:30:00,590.0,590.0,590.0,590.0,125,150,590.0,587.8,621.15
2196,2020-12-22 14:31:00,590.0,590.0,590.0,590.0,125,150,590.0,587.8,621.15
2197,2020-12-22 14:32:00,590.0,590.0,590.0,590.0,125,150,590.0,587.8,621.15
2198,2020-12-22 14:33:00,590.0,590.0,590.0,590.0,125,150,590.0,587.8,621.15
2199,2020-12-22 14:34:00,590.0,590.0,590.0,590.0,125,150,590.0,587.8,621.15
2200,2020-12-22 14:35:00,590.0,590.0,590.0,590.0,125,150,590.0,587.8,621.15
2201,2020-12-22 14:36:00,590.0,590.0,590.0,590.0,125,150,590.0,587.8,621.15
2202,2020-12-22 14:37:00,590.0,590.0,590.0,590.0,125,150,590.0,587.8,621.15
2203,2020-12-22 14:38:00,590.0,590.0,590.0,590.0,125,150,590.0,587.8,621.15
2204,2020-12-22 14:39:00,590.0,590.0,590.0,590.0,125,150,590.0,587.8,621.15
2205,2020-12-22 14:40:00,590.0,590.0,590.0,590.0,125,150,590.0,587.8,621.15
2206,2020-12-22 14:41:00,590.0,590.0,590.0,590.0,125,150,590.0,587.8,621.15
2207,2020-12-22 14:42:00,590.0,590.0,590.0,590.0,125,150,590.0,587.8,621.15
2208,2020-12-22 14:43:00,590.0,590.0,590.0,590.0,125,150,590.0,587.8,621.15
2209,2020-12-22 14:44:00,590.0,590.0,590.0,590.0,125,150,590.0,587.8,621.15
2210,2020-12-22 14:45:00,590.0,590.0,590.0,590.0,125,150,590.0,587.8,621.15
2211,2020-12-22 14:46:00,590.0,590.0,590.0,590.0,125,150,590.0,587.8,621.15
2212,2020-12-22 14:47:00,590.0,590.0,590.0,590.0,125,150,590.0,587.8,621.15
2213,2020-12-22 14:48:00,590.0,590.0,590.0,590.0,125,150,590.0,587.8,621.15
2214,2020-12-22 14:49:00,590.0,590.0,590.0,590.0,125,150,590.0,587.8,621.15
2215,2020-12-22 14:50:00,590.0,590.0,590.0,590.0,125,150,590.0,587.8,621.15
2216,2020-12-22 14:51:00,590.0,590.0,590.0,590.0,125,150,590.0,587.8,621.15
2217,2020-12-22 14:52:00,590.0,590.0,590.0,590.0,125,150,590.0,587.8,621.15
2218,2020-12-22 14:53:00,590.0,590.0,590.0,590.0,125,150,590.0,587.8,621.15
2219,2020-12-22 14:54:00,590.0,590.0,590.0,590.0,125,150,590.0,587.8,621.15
2220,2020-12-22 14:55:00,590.0,590.0,590.0,590.0,125,150,590.0,587.8,621.15
2221,2020-12-22 14:56:00,590.0,590.0,590.0,590.0,125,150,590.0,587.8,621.15
2222,2020-12-22 14:57:00,590.0,590.0,590.0,590.0,125,150,590.0,587.8,621.15
2223,2020-12-22 14:58:00,590.0,590.0,590.0,590.0,125,150,590.0,587.8,621.15
2224,2020-12-22 14:59:00,590.0,590.0,590.0,590.0,125,150,590.0,587.8,621.15
2225,2020-12-22 15:00:00,590.0,590.0,590.0,590.0,125,150,590.0,587.8,621.15
2226,2020-12-22 15:01:00,590.0,590.0,590.0,590.0,125,150,590.0,587.8,621.15
2227,2020-12-22 15:02:00,590.0,590.0,590.0,590.0,125,150,590.0,587.8,621.15
2228,2020-12-22 15:03:00,590.0,590.0,590.0,590.0,125,150,590.0,587.8,621.15
2229,2020-12-22 15:04:00,590.0,590.0,590.0,590.0,125,150,590.0,587.8,621.15
2230,2020-12-22 15:05:00,590.0,590.0,590.0,590.0,125,150,590.0,587.8,621.15
2231,2020-12-22 15:06:00,590.0,590.0,590.0,590.0,125,150,590.0,587.8,621.15
2232,2020-12-22 15:07:00,590.0,590.0,590.0,590.0,125,150,590.0,587.8,621.15
2233,2020-12-22 15:08:00,590.0,590.0,590.0,590.0,125,150,590.0,587.8,621.15
2234,2020-12-22 15:09:00,590.0,590.0,590.0,590.0,125,150,590.0,587.8,621.15
2235,2020-12-22 15:10:00,590.0,590.0,590.0,590.0,125,150,590.0,587.8,621.15
2236,2020-12-22 15:11:00,590.0,590.0,590.0,590.0,125,150,590.0,587.8,621.15
2237,2020-12-22 15:12:00,590.0,590.0,590.0,590.0,125,150,590.0,587.8,621.15
2238,2020-12-22 15:13:00,590.0,590.0,590.0,590.0,125,150,590.0,587.8,621.15
2239,2020-12-22 15:14:00,590.0,590.0,590.0,590.0,125,150,590.0,587.8,621.15
2240,2020-12-22 15:15:00,590.0,590.0,590.0,590.0,125,150,590.0,587.8,621.15
2241,2020-12-22 15:16:00,590.0,590.0,590.0,590.0,125,150,590.0,587.8,621.15
2242,2020-12-22 15:17:00,590.0,590.0,590.0,590.0,125,150,590.0,587.8,621.15
2243,2020-12-22 15:18:00,590.0,590.0,590.0,590.0,125,150,590.0,587.8,621.15
2244,2020-12-22 15:19:00,590.0,590.0,590.0,590.0,125,150,590.0,587.8,621.15
2245,2020-12-22 15:20:00,590.0,590.0,590.0,590.0,125,150,590.0,587.8,621.15
2246,2020-12-22 15:21:00,590.0,590.0,590.0,590.0,125,150,590.0,587.8,621.15
2247,2020-12-22 15:22:00,590.0,590.0,590.0,590.0,125,150,590.0,587.8,621.15
2248,2020-12-22 15:23:00,590.0,590.0,590.0,590.0,125,150,590.0,587.8,621.15
2249,2020-12-22 15:24:00,590.0,590.0,590.0,590.0,125,150,590.0,587.8,621.15
2250,2020-12-22 15:25:00,590.0,590.0,590.0,590.0,125,150,590.0,587.8,621.15
2251,2020-12-22 15:26:00,590.0,590.0,590.0,590.0,125,150,590.0,587.8,621.15
2252,2020-12-22 15:27:00,590.0,590.0,590.0,590.0,125,150,590.0,587.8,621.15
2253,2020-12-22 15:28:00,590.0,590.0,590.0,590.0,125,150,590.0,587.8,621.15
2254,2020-12-22 15:29:00,590.0,590.0,590.0,590.0,125,150,590.0,587.8,621.15
2255,2020-12-22 15:30:00,590.0,590.0,590.0,590.0,125,150,590.0,587.8,621.15
2256,2020-12-23 09:15:00,590.0,590.0,590.0,590.0,125,150,590.0,587.8,621.15
2257,2020-12-23 09:16:00,590.0,590.0,590.0,590.0,125,150,590.0,587.8,621.15
2258,2020-12-23 09:17:00,590.0,590.0,590.0,590.0,125,150,590.0,587.8,621.15
2259,2020-12-23 09:18:00,590.0,590.0,590.0,590.0,125,150,590.0,587.8,621.15
2260,2020-12-23 09:19:00,590.0,590.0,590.0,590.0,125,150,590.0,587.8,621.15
2261,2020-12-23 09:20:00,590.0,590.0,590.0,590.0,125,150,590.0,587.8,621.15
2262,2020-12-23 09:21:00,590.0,590.0,590.0,590.0,125,150,590.0,587.8,621.15
2263,2020-12-23 09:22:00,590.0,590.0,590.0,590.0,125,150,590.0,587.8,621.15
2264,2020-12-23 09:23:00,590.0,590.0,590.0,590.0,125,150,590.0,587.8,621.15
2265,2020-12-23 09:24:00,590.0,590.0,590.0,590.0,125,150,590.0,587.8,621.15
2266,2020-12-23 09:25:00,590.0,590.0,590.0,590.0,125,150,590.0,587.8,621.15
2267,2020-12-23 09:26:00,590.0,590.0,590.0,590.0,125,150,590.0,587.8,621.15
2268,2020-12-23 09:27:00,590.0,590.0,590.0,590.0,125,150,590.0,587.8,621.15
2269,2020-12-23 09:28:00,590.0,590.0,590.0,590.0,125,150,590.0,587.8,621.15
2270,2020-12-23 09:29:00,590.0,590.0,590.0,590.0,125,150,590.0,587.8,621.15
2271,2020-12-23 09:30:00,590.0,590.0,590.0,590.0,125,150,590.0,587.8,621.15
2272,2020-12-23 09:31:00,590.0,590.0,590.0,590.0,125,150,590.0,587.8,621.15
2273,2020-12-23 09:32:00,590.0,590.0,590.0,590.0,125,150,590.0,587.8,621.15
2274,2020-12-23 09:33:00,590.0,590.0,590.0,590.0,125,150,590.0,587.8,621.15
2275,2020-12-23 09:34:00,590.0,590.0,590.0,590.0,125,150,590.0,587.8,621.15
2276,2020-12-23 09:35:00,590.0,590.0,590.0,590.0,125,150,590.0,587.8,621.15
2277,2020-12-23 09:36:00,590.0,590.0,590.0,590.0,125,150,590.0,587.8,621.15
2278,2020-12-23 09:37:00,590.0,590.0,590.0,590.0,125,150,590.0,587.8,621.15
2279,2020-12-23 09:38:00,590.0,590.0,590.0,590.0,125,150,590.0,587.8,621.15
2280,2020-12-23 09:39:00,590.0,590.0,590.0,590.0,125,150,590.0,587.8,621.15
2281,2020-12-23 09:40:00,590.0,590.0,590.0,590.0,125,150,590.0,587.8,621.15
2282,2020-12-23 09:41:00,590.0,590.0,590.0,590.0,125,150,590.0,587.8,621.15
2283,2020-12-23 09:42:00,590.0,590.0,590.0,590.0,125,150,590.0,587.8,621.15
2284,2020-12-23 09:43:00,590.0,590.0,590.0,590.0,125,150,590.0,587.8,621.15
2285,2020-12-23 09:44:00,590.0,590.0,590.0,590.0,125,150,590.0,587.8,621.15
2286,2020-12-23 09:45:00,590.0,590.0,590.0,590.0,125,150,590.0,587.8,621.15
2287,2020-12-23 09:46:00,590.0,590.0,590.0,590.0,125,150,590.0,587.8,621.15
2288,2020-12-23 09:47:00,590.0,590.0,590.0,590.0,125,150,590.0,587.8,621.15
2289,2020-12-23 09:48:00,590.0,590.0,590.0,590.0,125,150,590.0,587.8,621.15
2290,2020-12-23 09:49:00,590.0,590.0,590.0,590.0,125,150,590.0,587.8,621.15
2291,2020-12-23 09:50:00,590.0,590.0,590.0,590.0,125,150,590.0,587.8,621.15
2292,2020-12-23 09:51:00,590.0,590.0,590.0,590.0,125,150,590.0,587.8,621.15
2293,2020-12-23 09:52:00,590.0,590.0,590.0,590.0,125,150,590.0,587.8,621.15
2294,2020-12-23 09:53:00,590.0,590.0,590.0,590.0,125,150,590.0,587.8,621.15
2295,2020-12-23 09:54:00,590.0,590.0,590.0,590.0,125,150,590.0,587.8,621.15
2296,2020-12-23 09:55:00,590.0,590.0,590.0,590.0,125,150,590.0,587.8,621.15
2297,2020-12-23 09:56:00,590.0,590.0,590.0,590.0,125,150,590.0,587.8,621.15
2298,2020-12-23 09:57:00,590.0,590.0,590.0,590.0,125,150,590.0,587.8,621.15
2299,2020-12-23 09:58:00,590.0,590.0,590.0,590.0,125,150,590.0,587.8,621.15
2300,2020-12-23 09:59:00,590.0,590.0,590.0,590.0,125,150,590.0,587.8,621.15
2301,2020-12-23 10:00:00,590.0,590.0,590.0,590.0,125,150,590.0,587.8,621.15
2302,2020-12-23 10:01:00,590.0,590.0,590.0,590.0,125,150,590.0,587.8,621.15
2303,2020-12-23 10:02:00,590.0,590.0,590.0,590.0,125,150,590.0,587.8,621.15
2304,2020-12-23 10:03:00,590.0,590.0,590.0,590.0,125,150,590.0,587.8,621.15
2305,2020-12-23 10:04:00,590.0,590.0,590.0,590.0,125,150,590.0,587.8,621.15
2306,2020-12-23 10:05:00,590.0,590.0,590.0,590.0,125,150,590.0,587.8,621.15
2307,2020-12-23 10:06:00,590.0,590.0,590.0,590.0,125,150,590.0,587.8,621.15
2308,2020-12-23 10:07:00,590.0,590.0,590.0,590.0,125,150,590.0,587.8,621.15
2309,2020-12-23 10:08:00,590.0,590.0,590.0,590.0,125,150,590.0,587.8,621.15
2310,2020-12-23 10:09:00,590.0,590.0,590.0,590.0,125,150,590.0,587.8,621.15
2311,2020-12-23 10:10:00,590.0,590.0,590.0,590.0,125,150,590.0,587.8,621.15
2312,2020-12-23 10:11:00,590.0,590.0,590.0,590.0,125,150,590.0,587.8,621.15
2313,2020-12-23 10:12:00,590.0,590.0,590.0,590.0,125,150,590.0,587.8,621.15
2314,2020-12-23 10:13:00,590.0,590.0,590.0,590.0,125,150,590.0,587.8,621.15
2315,2020-12-23 10:14:00,590.0,590.0,590.0,590.0,125,150,590.0,587.8,621.15
2316,2020-12-23 10:15:00,590.0,590.0,590.0,590.0,125,150,590.0,587.8,621.15
2317,2020-12-23 10:16:00,590.0,590.0,590.0,590.0,125,150,590.0,587.8,621.15
2318,2020-12-23 10:17:00,590.0,590.0,590.0,590.0,125,150,590.0,587.8,621.15
2319,2020-12-23 10:18:00,590.0,590.0,590.0,590.0,125,150,590.0,587.8,621.15
2320,2020-12-23 10:19:00,590.0,590.0,590.0,590.0,125,150,590.0,587.8,621.15
2321,2020-12-23 10:20:00,590.0,590.0,590.0,590.0,125,150,590.0,587.8,621.15
2322,2020-12-23 10:21:00,590.0,590.0,590.0,590.0,125,150,590.0,587.8,621.15
2323,2020-12-23 10:22:00,590.0,590.0,590.0,590.0,125,150,590.0,587.8,621.15
2324,2020-12-23 10:23:00,590.0,590.0,590.0,590.0,125,150,590.0,587.8,621.15
2325,2020-12-23 10:24:00,590.0,590.0,590.0,590.0,125,150,590.0,587.8,621.15
2326,2020-12-23 10:25:00,590.0,590.0,590.0,590.0,125,150,590.0,587.8,621.15
2327,2020-12-23 10:26:00,590.0,590.0,590.0,590.0,125,150,590.0,587.8,621.15
2328,2020-12-23 10:27:00,590.0,590.0,590.0,590.0,125,150,590.0,587.8,621.15
2329,2020-12-23 10:28:00,590.0,590.0,590.0,590.0,125,150,590.0,587.8,621.15
2330,2020-12-23 10:29:00,590.0,590.0,590.0,590.0,125,150,590.0,587.8,621.15
2331,2020-12-23 10:30:00,590.0,590.0,590.0,590.0,125,150,590.0,587.8,621.15
2332,2020-12-23 10:31:00,590.0,590.0,590.0,590.0,125,150,590.0,587.8,621.15
2333,2020-12-23 10:32:00,590.0,590.0,590.0,590.0,125,150,590.0,587.8,621.15
2334,2020-12-23 10:33:00,590.0,590.0,590.0,590.0,125,150,590.0,587.8,621.15
2335,2020-12-23 10:34:00,590.0,590.0,590.0,590.0,125,150,590.0,587.8,621.15
2336,2020-12-23 10:35:00,590.0,590.0,590.0,590.0,125,150,590.0,587.8,621.15
2337,2020-12-23 10:36:00,590.0,590.0,590.0,590.0,125,150,590.0,587.8,621.15
2338,2020-12-23 10:37:00,590.0,590.0,590.0,590.0,125,150,590.0,587.8,621.15
2339,2020-12-23 10:38:00,590.0,590.0,590.0,590.0,125,150,590.0,587.8,621.15
2340,2020-12-23 10:39:00,590.0,590.0,590.0,590.0,125,150,590.0,587.8,621.15
2341,2020-12-23 10:40:00,590.0,590.0,590.0,590.0,125,150,590.0,587.8,621.15
2342,2020-12-23 10:41:00,590.0,590.0,590.0,590.0,125,150,590.0,587.8,621.15
2343,2020-12-23 10:42:00,590.0,590.0,590.0,590.0,125,150,590.0,587.8,621.15
2344,2020-12-23 10:43:00,590.0,590.0,590.0,590.0,125,150,590.0,587.8,621.15
2345,2020-12-23 10:44:00,590.0,590.0,590.0,590.0,125,150,590.0,587.8,621.15
2346,2020-12-23 10:45:00,590.0,590.0,590.0,590.0,125,150,590.0,587.8,621.15
2347,2020-12-23 10:46:00,590.0,590.0,590.0,590.0,125,150,590.0,587.8,621.15
2348,2020-12-23 10:47:00,590.0,590.0,590.0,590.0,125,150,590.0,587.8,621.15
2349,2020-12-23 10:48:00,590.0,590.0,590.0,590.0,125,150,590.0,587.8,621.15
2350,2020-12-23 10:49:00,590.0,590.0,590.0,590.0,125,150,590.0,587.8,621.15
2351,2020-12-23 10:50:00,590.0,590.0,590.0,590.0,125,150,590.0,587.8,621.15
2352,2020-12-23 10:51:00,590.0,590.0,590.0,590.0,125,150,590.0,587.8,621.15
2353,2020-12-23 10:52:00,590.0,590.0,590.0,590.0,125,150,590.0,587.8,621.15
2354,2020-12-23 10:53:00,590.0,590.0,590.0,590.0,125,150,590.0,587.8,621.15
2355,2020-12-23 10:54:00,590.0,590.0,590.0,590.0,125,150,590.0,587.8,621.15
2356,2020-12-23 10:55:00,590.0,590.0,590.0,590.0,125,150,590.0,587.8,621.15
2357,2020-12-23 10:56:00,590.0,590.0,590.0,590.0,125,150,590.0,587.8,621.15
2358,2020-12-23 10:57:00,590.0,590.0,590.0,590.0,125,150,590.0,587.8,621.15
2359,2020-12-23 10:58:00,590.0,590.0,590.0,590.0,125,150,590.0,587.8,621.15
2360,2020-12-23 10:59:00,590.0,590.0,590.0,590.0,125,150,590.0,587.8,621.15
2361,2020-12-23 11:00:00,590.0,590.0,590.0,590.0,125,150,590.0,587.8,621.15
2362,2020-12-23 11:01:00,590.0,590.0,590.0,590.0,125,150,590.0,587.8,621.15
2363,2020-12-23 11:02:00,590.0,590.0,590.0,590.0,125,150,590.0,587.8,621.15
2364,2020-12-23 11:03:00,590.0,590.0,590.0,590.0,125,150,590.0,587.8,621.15
2365,2020-12-23 11:04:00,590.0,590.0,590.0,590.0,125,150,590.0,587.8,621.15
2366,2020-12-23 11:05:00,590.0,590.0,590.0,590.0,125,150,590.0,587.8,621.15
2367,2020-12-23 11:06:00,590.0,590.0,590.0,590.0,125,150,590.0,587.8,621.15
2368,2020-12-23 11:07:00,590.0,590.0,590.0,590.0,125,150,590.0,587.8,621.15
2369,2020-12-23 11:08:00,590.0,590.0,590.0,590.0,125,150,590.0,587.8,621.15
2370,2020-12-23 11:09:00,590.0,590.0,590.0,590.0,125,150,590.0,587.8,621.15
2371,2020-12-23 11:10:00,590.0,590.0,590.0,590.0,125,150,590.0,587.8,621.15
2372,2020-12-23 11:11:00,590.0,590.0,590.0,590.0,125,150,590.0,587.8,621.15
2373,2020-12-23 11:12:00,590.0,590.0,590.0,590.0,125,150,590.0,587.8,621.15
2374,2020-12-23 11:13:00,590.0,590.0,590.0,590.0,125,150,590.0,587.8,621.15
2375,2020-12-23 11:14:00,590.0,590.0,590.0,590.0,125,150,590.0,587.8,621.15
2376,2020-12-23 11:15:00,590.0,590.0,590.0,590.0,125,150,590.0,587.8,621.15
2377,2020-12-23 11:16:00,590.0,590.0,590.0,590.0,125,150,590.0,587.8,621.15
2378,2020-12-23 11:17:00,590.0,590.0,590.0,590.0,125,150,590.0,587.8,621.15
2379,2020-12-23 11:18:00,590.0,590.0,590.0,590.0,125,150,590.0,587.8,621.15
2380,2020-12-23 11:19:00,590.0,590.0,590.0,590.0,125,150,590.0,587.8,621.15
2381,2020-12-23 11:20:00,590.0,590.0,590.0,590.0,125,150,590.0,587.8,621.15
2382,2020-12-23 11:21:00,590.0,590.0,590.0,590.0,125,150,590.0,587.8,621.15
2383,2020-12-23 11:22:00,590.0,590.0,590.0,590.0,125,150,590.0,587.8,621.15
2384,2020-12-23 11:23:00,590.0,590.0,590.0,590.0,125,150,590.0,587.8,621.15
2385,2020-12-23 11:24:00,590.0,590.0,590.0,590.0,125,150,590.0,587.8,621.15
2386,2020-12-23 11:25:00,590.0,590.0,590.0,590.0,125,150,590.0,587.8,621.15
2387,2020-12-23 11:26:00,590.0,590.0,590.0,590.0,125,150,590.0,587.8,621.15
2388,2020-12-23 11:27:00,590.0,590.0,590.0,590.0,125,150,590.0,587.8,621.15
2389,2020-12-23 11:28:00,590.0,590.0,590.0,590.0,125,150,590.0,587.8,621.15
2390,2020-12-23 11:29:00,590.0,590.0,590.0,590.0,125,150,590.0,587.8,621.15
2391,2020-12-23 11:30:00,590.0,590.0,590.0,590.0,125,150,590.0,587.8,621.15
2392,2020-12-23 11:31:00,590.0,590.0,590.0,590.0,125,150,590.0,587.8,621.15
2393,2020-12-23 11:32:00,590.0,590.0,590.0,590.0,125,150,590.0,587.8,621.15
2394,2020-12-23 11:33:00,590.0,590.0,590.0,590.0,125,150,590.0,587.8,621.15
2395,2020-12-23 11:34:00,590.0,590.0,590.0,590.0,125,150,590.0,587.8,621.15
2396,2020-12-23 11:35:00,590.0,590.0,590.0,590.0,125,150,590.0,587.8,621.15
2397,2020-12-23 11:36:00,590.0,590.0,590.0,590.0,125,150,590.0,587.8,621.15
2398,2020-12-23 11:37:00,590.0,590.0,590.0,590.0,125,150,590.0,587.8,621.15
2399,2020-12-23 11:38:00,590.0,590.0,590.0,590.0,125,150,590.0,587.8,621.15
2400,2020-12-23 11:39:00,590.0,590.0,590.0,590.0,125,150,590.0,587.8,621.15
2401,2020-12-23 11:40:00,590.0,590.0,590.0,590.0,125,150,590.0,587.8,621.15
2402,2020-12-23 11:41:00,590.0,590.0,590.0,590.0,125,150,590.0,587.8,621.15
2403,2020-12-23 11:42:00,590.0,590.0,590.0,590.0,125,150,590.0,587.8,621.15
2404,2020-12-23 11:43:00,590.0,590.0,590.0,590.0,125,150,590.0,587.8,621.15
2405,2020-12-23 11:44:00,590.0,590.0,590.0,590.0,125,150,590.0,587.8,621.15
2406,2020-12-23 11:45:00,590.0,590.0,590.0,590.0,125,150,590.0,587.8,621.15
2407,2020-12-23 11:46:00,590.0,590.0,590.0,590.0,125,150,590.0,587.8,621.15
2408,2020-12-23 11:47:00,590.0,590.0,590.0,590.0,125,150,590.0,587.8,621.15
2409,2020-12-23 11:48:00,590.0,590.0,590.0,590.0,125,150,590.0,587.8,621.15
2410,2020-12-23 11:49:00,590.0,590.0,590.0,590.0,125,150,590.0,587.8,621.15
2411,2020-12-23 11:50:00,590.0,590.0,590.0,590.0,125,150,590.0,587.8,621.15
2412,2020-12-23 11:51:00,590.0,590.0,590.0,590.0,125,150,590.0,587.8,621.15
2413,2020-12-23 11:52:00,590.0,590.0,590.0,590.0,125,150,590.0,587.8,621.15
2414,2020-12-23 11:53:00,590.0,590.0,590.0,590.0,125,150,590.0,587.8,621.15
2415,2020-12-23 11:54:00,590.0,590.0,590.0,590.0,125,150,590.0,587.8,621.15
2416,2020-12-23 11:55:00,590.0,590.0,590.0,590.0,125,150,590.0,587.8,621.15
2417,2020-12-23 11:56:00,590.0,590.0,590.0,590.0,125,150,590.0,587.8,621.15
2418,2020-12-23 11:57:00,590.0,590.0,590.0,590.0,125,150,590.0,587.8,621.15
2419,2020-12-23 11:58:00,590.0,590.0,590.0,590.0,125,150,590.0,587.8,621.15
2420,2020-12-23 11:59:00,590.0,590.0,590.0,590.0,125,150,590.0,587.8,621.15
2421,2020-12-23 12:00:00,590.0,590.0,590.0,590.0,125,150,590.0,587.8,621.15
2422,2020-12-23 12:01:00,590.0,590.0,590.0,590.0,125,150,590.0,587.8,621.15
2423,2020-12-23 12:02:00,590.0,590.0,590.0,590.0,125,150,590.0,587.8,621.15
2424,2020-12-23 12:03:00,590.0,590.0,590.0,590.0,125,150,590.0,587.8,621.15
2425,2020-12-23 12:04:00,590.0,590.0,590.0,590.0,125,150,590.0,587.8,621.15
2426,2020-12-23 12:05:00,590.0,590.0,590.0,590.0,125,150,590.0,587.8,621.15
2427,2020-12-23 12:06:00,590.0,590.0,590.0,590.0,125,150,590.0,587.8,621.15
2428,2020-12-23 12:07:00,590.0,590.0,590.0,590.0,125,150,590.0,587.8,621.15
2429,2020-12-23 12:08:00,590.0,590.0,590.0,590.0,125,150,590.0,587.8,621.15
2430,2020-12-23 12:09:00,590.0,590.0,590.0,590.0,125,150,590.0,587.8,621.15
2431,2020-12-23 12:10:00,590.0,590.0,590.0,590.0,125,150,590.0,587.8,621.15
2432,2020-12-23 12:11:00,590.0,590.0,590.0,590.0,125,150,590.0,587.8,621.15
2433,2020-12-23 12:12:00,590.0,590.0,590.0,590.0,125,150,590.0,587.8,621.15
2434,2020-12-23 12:13:00,590.0,590.0,590.0,590.0,125,150,590.0,587.8,621.15
2435,2020-12-23 12:14:00,590.0,590.0,590.0,590.0,125,150,590.0,587.8,621.15
2436,2020-12-23 12:15:00,590.0,590.0,590.0,590.0,125,150,590.0,587.8,621.15
2437,2020-12-23 12:16:00,590.0,590.0,590.0,590.0,125,150,590.0,587.8,621.15
2438,2020-12-23 12:17:00,590.0,590.0,590.0,590.0,125,150,590.0,587.8,621.15
2439,2020-12-23 12:18:00,590.0,590.0,590.0,590.0,125,150,590.0,587.8,621.15
2440,2020-12-23 12:19:00,590.0,590.0,590.0,590.0,125,150,590.0,587.8,621.15
2441,2020-12-23 12:20:00,590.0,590.0,590.0,590.0,125,150,590.0,587.8,621.15
2442,2020-12-23 12:21:00,590.0,590.0,590.0,590.0,125,150,590.0,587.8,621.15
2443,2020-12-23 12:22:00,590.0,590.0,590.0,590.0,125,150,590.0,587.8,621.15
2444,2020-12-23 12:23:00,590.0,590.0,590.0,590.0,125,150,590.0,587.8,621.15
2445,2020-12-23 12:24:00,590.0,590.0,590.0,590.0,125,150,590.0,587.8,621.15
2446,2020-12-23 12:25:00,590.0,590.0,590.0,590.0,125,150,590.0,587.8,621.15
2447,2020-12-23 12:26:00,590.0,590.0,590.0,590.0,125,150,590.0,587.8,621.15
2448,2020-12-23 12:27:00,590.0,590.0,590.0,590.0,125,150,590.0,587.8,621.15
2449,2020-12-23 12:28:00,590.0,590.0,590.0,590.0,125,150,590.0,587.8,621.15
2450,2020-12-23 12:29:00,590.0,590.0,590.0,590.0,125,150,590.0,587.8,621.15
2451,2020-12-23 12:30:00,590.0,590.0,590.0,590.0,125,150,590.0,587.8,621.15
2452,2020-12-23 12:31:00,590.0,590.0,590.0,590.0,125,150,590.0,587.8,621.15
2453,2020-12-23 12:32:00,590.0,590.0,590.0,590.0,125,150,590.0,587.8,621.15
2454,2020-12-23 12:33:00,590.0,590.0,590.0,590.0,125,150,590.0,587.8,621.15
2455,2020-12-23 12:34:00,590.0,590.0,590.0,590.0,125,150,590.0,587.8,621.15
2456,2020-12-23 12:35:00,590.0,590.0,590.0,590.0,125,150,590.0,587.8,621.15
2457,2020-12-23 12:36:00,590.0,590.0,590.0,590.0,125,150,590.0,587.8,621.15
2458,2020-12-23 12:37:00,590.0,590.0,590.0,590.0,125,150,590.0,587.8,621.15
2459,2020-12-23 12:38:00,590.0,590.0,590.0,590.0,125,150,590.0,587.8,621.15
2460,2020-12-23 12:39:00,590.0,590.0,590.0,590.0,125,150,590.0,587.8,621.15
2461,2020-12-23 12:40:00,590.0,590.0,590.0,590.0,125,150,590.0,587.8,621.15
2462,2020-12-23 12:41:00,590.0,590.0,590.0,590.0,125,150,590.0,587.8,621.15
2463,2020-12-23 12:42:00,590.0,590.0,590.0,590.0,125,150,590.0,587.8,621.15
2464,2020-12-23 12:43:00,590.0,590.0,590.0,590.0,125,150,590.0,587.8,621.15
2465,2020-12-23 12:44:00,590.0,590.0,590.0,590.0,125,150,590.0,587.8,621.15
2466,2020-12-23 12:45:00,590.0,590.0,590.0,590.0,125,150,590.0,587.8,621.15
2467,2020-12-23 12:46:00,590.0,590.0,590.0,590.0,125,150,590.0,587.8,621.15
2468,2020-12-23 12:47:00,590.0,590.0,590.0,590.0,125,150,590.0,587.8,621.15
2469,2020-12-23 12:48:00,590.0,590.0,590.0,590.0,125,150,590.0,587.8,621.15
2470,2020-12-23 12:49:00,590.0,590.0,590.0,590.0,125,150,590.0,587.8,621.15
2471,2020-12-23 12:50:00,590.0,590.0,590.0,590.0,125,150,590.0,587.8,621.15
2472,2020-12-23 12:51:00,590.0,590.0,590.0,590.0,125,150,590.0,587.8,621.15
2473,2020-12-23 12:52:00,590.0,590.0,590.0,590.0,125,150,590.0,587.8,621.15
2474,2020-12-23 12:53:00,590.0,590.0,590.0,590.0,125,150,590.0,587.8,621.15
2475,2020-12-23 12:54:00,590.0,590.0,590.0,590.0,125,150,590.0,587.8,621.15
2476,2020-12-23 12:55:00,590.0,590.0,590.0,590.0,125,150,590.0,587.8,621.15
2477,2020-12-23 12:56:00,590.0,590.0,590.0,590.0,125,150,590.0,587.8,621.15
2478,2020-12-23 12:57:00,590.0,590.0,590.0,590.0,125,150,590.0,587.8,621.15
2479,2020-12-23 12:58:00,590.0,590.0,590.0,590.0,125,150,590.0,587.8,621.15
2480,2020-12-23 12:59:00,590.0,590.0,590.0,590.0,125,150,590.0,587.8,621.15
2481,2020-12-23 13:00:00,590.0,590.0,590.0,590.0,125,150,590.0,587.8,621.15
2482,2020-12-23 13:01:00,590.0,590.0,590.0,590.0,125,150,590.0,587.8,621.15
2483,2020-12-23 13:02:00,590.0,590.0,590.0,590.0,125,150,590.0,587.8,621.15
2484,2020-12-23 13:03:00,590.0,590.0,590.0,590.0,125,150,590.0,587.8,621.15
2485,2020-12-23 13:04:00,590.0,590.0,590.0,590.0,125,150,590.0,587.8,621.15
2486,2020-12-23 13:05:00,590.0,590.0,590.0,590.0,125,150,590.0,587.8,621.15
2487,2020-12-23 13:06:00,590.0,590.0,590.0,590.0,125,150,590.0,587.8,621.15
2488,2020-12-23 13:07:00,590.0,590.0,590.0,590.0,125,150,590.0,587.8,621.15
2489,2020-12-23 13:08:00,590.0,590.0,590.0,590.0,125,150,590.0,587.8,621.15
2490,2020-12-23 13:09:00,590.0,590.0,590.0,590.0,125,150,590.0,587.8,621.15
2491,2020-12-23 13:10:00,590.0,590.0,590.0,590.0,125,150,590.0,587.8,621.15
2492,2020-12-23 13:11:00,590.0,590.0,590.0,590.0,125,150,590.0,587.8,621.15
2493,2020-12-23 13:12:00,590.0,590.0,590.0,590.0,125,150,590.0,587.8,621.15
2494,2020-12-23 13:13:00,590.0,590.0,590.0,590.0,125,150,590.0,587.8,621.15
2495,2020-12-23 13:14:00,590.0,590.0,590.0,590.0,125,150,590.0,587.8,621.15
2496,2020-12-23 13:15:00,590.0,590.0,590.0,590.0,125,150,590.0,587.8,621.15
2497,2020-12-23 13:16:00,590.0,590.0,590.0,590.0,125,150,590.0,587.8,621.15
2498,2020-12-23 13:17:00,590.0,590.0,590.0,590.0,125,150,590.0,587.8,621.15
2499,2020-12-23 13:18:00,590.0,590.0,590.0,590.0,125,150,590.0,587.8,621.15
2500,2020-12-23 13:19:00,590.0,590.0,590.0,590.0,125,150,590.0,587.8,621.15
2501,2020-12-23 13:20:00,590.0,590.0,590.0,590.0,125,150,590.0,587.8,621.15
2502,2020-12-23 13:21:00,590.0,590.0,590.0,590.0,125,150,590.0,587.8,621.15
2503,2020-12-23 13:22:00,590.0,590.0,590.0,590.0,125,150,590.0,587.8,621.15
2504,2020-12-23 13:23:00,590.0,590.0,590.0,590.0,125,150,590.0,587.8,621.15
2505,2020-12-23 13:24:00,590.0,590.0,590.0,590.0,125,150,590.0,587.8,621.15
2506,2020-12-23 13:25:00,590.0,590.0,590.0,590.0,125,150,590.0,587.8,621.15
2507,2020-12-23 13:26:00,590.0,590.0,590.0,590.0,125,150,590.0,587.8,621.15
2508,2020-12-23 13:27:00,590.0,590.0,590.0,590.0,125,150,590.0,587.8,621.15
2509,2020-12-23 13:28:00,590.0,590.0,590.0,590.0,125,150,590.0,587.8,621.15
2510,2020-12-23 13:29:00,590.0,590.0,590.0,590.0,125,150,590.0,587.8,621.15
2511,2020-12-23 13:30:00,590.0,590.0,590.0,590.0,125,150,590.0,587.8,621.15
2512,2020-12-23 13:31:00,590.0,590.0,590.0,590.0,125,150,590.0,587.8,621.15
2513,2020-12-23 13:32:00,590.0,590.0,590.0,590.0,125,150,590.0,587.8,621.15
2514,2020-12-23 13:33:00,590.0,590.0,590.0,590.0,125,150,590.0,587.8,621.15
2515,2020-12-23 13:34:00,590.0,590.0,590.0,590.0,125,150,590.0,587.8,621.15
2516,2020-12-23 13:35:00,590.0,590.0,590.0,590.0,125,150,590.0,587.8,621.15
2517,2020-12-23 13:36:00,590.0,590.0,590.0,590.0,125,150,590.0,587.8,621.15
2518,2020-12-23 13:37:00,590.0,590.0,590.0,590.0,125,150,590.0,587.8,621.15
2519,2020-12-23 13:38:00,590.0,590.0,590.0,590.0,125,150,590.0,587.8,621.15
2520,2020-12-23 13:39:00,590.0,590.0,590.0,590.0,125,150,590.0,587.8,621.15
2521,2020-12-23 13:40:00,590.0,590.0,590.0,590.0,125,150,590.0,587.8,621.15
2522,2020-12-23 13:41:00,590.0,590.0,590.0,590.0,125,150,590.0,587.8,621.15
2523,2020-12-23 13:42:00,590.0,590.0,590.0,590.0,125,150,590.0,587.8,621.15
2524,2020-12-23 13:43:00,590.0,590.0,590.0,590.0,125,150,590.0,587.8,621.15
2525,2020-12-23 13:44:00,590.0,590.0,590.0,590.0,125,150,590.0,587.8,621.15
2526,2020-12-23 13:45:00,590.0,590.0,590.0,590.0,125,150,590.0,587.8,621.15
2527,2020-12-23 13:46:00,590.0,590.0,590.0,590.0,125,150,590.0,587.8,621.15
2528,2020-12-23 13:47:00,590.0,590.0,590.0,590.0,125,150,590.0,587.8,621.15
2529,2020-12-23 13:48:00,590.0,590.0,590.0,590.0,125,150,590.0,587.8,621.15
2530,2020-12-23 13:49:00,590.0,590.0,590.0,590.0,125,150,590.0,587.8,621.15
2531,2020-12-23 13:50:00,590.0,590.0,590.0,590.0,125,150,590.0,587.8,621.15
2532,2020-12-23 13:51:00,590.0,590.0,590.0,590.0,125,150,590.0,587.8,621.15
2533,2020-12-23 13:52:00,590.0,590.0,590.0,590.0,125,150,590.0,587.8,621.15
2534,2020-12-23 13:53:00,590.0,590.0,590.0,590.0,125,150,590.0,587.8,621.15
2535,2020-12-23 13:54:00,590.0,590.0,590.0,590.0,125,150,590.0,587.8,621.15
2536,2020-12-23 13:55:00,590.0,590.0,590.0,590.0,125,150,590.0,587.8,621.15
2537,2020-12-23 13:56:00,590.0,590.0,590.0,590.0,125,150,590.0,587.8,621.15
2538,2020-12-23 13:57:00,590.0,590.0,590.0,590.0,125,150,590.0,587.8,621.15
2539,2020-12-23 13:58:00,590.0,590.0,590.0,590.0,125,150,590.0,587.8,621.15
2540,2020-12-23 13:59:00,590.0,590.0,590.0,590.0,125,150,590.0,587.8,621.15
2541,2020-12-23 14:00:00,590.0,590.0,590.0,590.0,125,150,590.0,587.8,621.15
2542,2020-12-23 14:01:00,590.0,590.0,590.0,590.0,125,150,590.0,587.8,621.15
2543,2020-12-23 14:02:00,590.0,590.0,590.0,590.0,125,150,590.0,587.8,621.15
2544,2020-12-23 14:03:00,590.0,590.0,590.0,590.0,125,150,590.0,587.8,621.15
2545,2020-12-23 14:04:00,590.0,590.0,590.0,590.0,125,150,590.0,587.8,621.15
2546,2020-12-23 14:05:00,590.0,590.0,590.0,590.0,125,150,590.0,587.8,621.15
2547,2020-12-23 14:06:00,590.0,590.0,590.0,590.0,125,150,590.0,587.8,621.15
2548,2020-12-23 14:07:00,590.0,590.0,590.0,590.0,125,150,590.0,587.8,621.15
2549,2020-12-23 14:08:00,590.0,590.0,590.0,590.0,125,150,590.0,587.8,621.15
2550,2020-12-23 14:09:00,590.0,590.0,590.0,590.0,125,150,590.0,587.8,621.15
2551,2020-12-23 14:10:00,590.0,590.0,590.0,590.0,125,150,590.0,587.8,621.15
2552,2020-12-23 14:11:00,590.0,590.0,590.0,590.0,125,150,590.0,587.8,621.15
2553,2020-12-23 14:12:00,590.0,590.0,590.0,590.0,125,150,590.0,587.8,621.15
2554,2020-12-23 14:13:00,590.0,590.0,590.0,590.0,125,150,590.0,587.8,621.15
2555,2020-12-23 14:14:00,590.0,590.0,590.0,590.0,125,150,590.0,587.8,621.15
2556,2020-12-23 14:15:00,590.0,590.0,590.0,590.0,125,150,590.0,587.8,621.15
2557,2020-12-23 14:16:00,590.0,590.0,590.0,590.0,125,150,590.0,587.8,621.15
2558,2020-12-23 14:17:00,590.0,590.0,590.0,590.0,125,150,590.0,587.8,621.15
2559,2020-12-23 14:18:00,590.0,590.0,590.0,590.0,125,150,590.0,587.8,621.15
2560,2020-12-23 14:19:00,590.0,590.0,590.0,590.0,125,150,590.0,587.8,621.15
2561,2020-12-23 14:20:00,590.0,590.0,590.0,590.0,125,150,590.0,587.8,621.15
2562,2020-12-23 14:21:00,590.0,590.0,590.0,590.0,125,150,590.0,587.8,621.15
2563,2020-12-23 14:22:00,590.0,590.0,590.0,590.0,125,150,590.0,587.8,621.15
2564,2020-12-23 14:23:00,590.0,590.0,590.0,590.0,125,150,590.0,587.8,621.15
2565,2020-12-23 14:24:00,590.0,590.0,590.0,590.0,125,150,590.0,587.8,621.15
2566,2020-12-23 14:25:00,590.0,590.0,590.0,590.0,125,150,590.0,587.8,621.15
2567,2020-12-23 14:26:00,590.0,590.0,590.0,590.0,125,150,590.0,587.8,621.15
2568,2020-12-23 14:27:00,590.0,590.0,590.0,590.0,125,150,590.0,587.8,621.15
2569,2020-12-23 14:28:00,590.0,590.0,590.0,590.0,125,150,590.0,587.8,621.15
2570,2020-12-23 14:29:00,590.0,590.0,590.0,590.0,125,150,590.0,587.8,621.15
2571,2020-12-23 14:30:00,590.0,590.0,590.0,590.0,125,150,590.0,587.8,621.15
2572,2020-12-23 14:31:00,590.0,590.0,590.0,590.0,125,150,590.0,587.8,621.15
2573,2020-12-23 14:32:00,590.0,590.0,590.0,590.0,125,150,590.0,587.8,621.15
2574,2020-12-23 14:33:00,590.0,590.0,590.0,590.0,125,150,590.0,587.8,621.15
2575,2020-12-23 14:34:00,590.0,590.0,590.0,590.0,125,150,590.0,587.8,621.15
2576,2020-12-23 14:35:00,590.0,590.0,590.0,590.0,125,150,590.0,587.8,621.15
2577,2020-12-23 14:36:00,590.0,590.0,590.0,590.0,125,150,590.0,587.8,621.15
2578,2020-12-23 14:37:00,590.0,590.0,590.0,590.0,125,150,590.0,587.8,621.15
2579,2020-12-23 14:38:00,590.0,590.0,590.0,590.0,125,150,590.0,587.8,621.15
2580,2020-12-23 14:39:00,590.0,590.0,590.0,590.0,125,150,590.0,587.8,621.15
2581,2020-12-23 14:40:00,590.0,590.0,590.0,590.0,125,150,590.0,587.8,621.15
2582,2020-12-23 14:41:00,590.0,590.0,590.0,590.0,125,150,590.0,587.8,621.15
2583,2020-12-23 14:42:00,590.0,590.0,590.0,590.0,125,150,590.0,587.8,621.15
2584,2020-12-23 14:43:00,590.0,590.0,590.0,590.0,125,150,590.0,587.8,621.15
2585,2020-12-23 14:44:00,590.0,590.0,590.0,590.0,125,150,590.0,587.8,621.15
2586,2020-12-23 14:45:00,590.0,590.0,590.0,590.0,125,150,590.0,587.8,621.15
2587,2020-12-23 14:46:00,590.0,590.0,590.0,590.0,125,150,590.0,587.8,621.15
2588,2020-12-23 14:47:00,590.0,590.0,590.0,590.0,125,150,590.0,587.8,621.15
2589,2020-12-23 14:48:00,590.0,590.0,590.0,590.0,125,150,590.0,587.8,621.15
2590,2020-12-23 14:49:00,590.0,590.0,590.0,590.0,125,150,590.0,587.8,621.15
2591,2020-12-23 14:50:00,590.0,590.0,590.0,590.0,125,150,590.0,587.8,621.15
2592,2020-12-23 14:51:00,590.0,590.0,590.0,590.0,125,150,590.0,587.8,621.15
2593,2020-12-23 14:52:00,590.0,590.0,590.0,590.0,125,150,590.0,587.8,621.15
2594,2020-12-23 14:53:00,590.0,590.0,590.0,590.0,125,150,590.0,587.8,621.15
2595,2020-12-23 14:54:00,590.0,590.0,590.0,590.0,125,150,590.0,587.8,621.15
2596,2020-12-23 14:55:00,590.0,590.0,590.0,590.0,125,150,590.0,587.8,621.15
2597,2020-12-23 14:56:00,590.0,590.0,590.0,590.0,125,150,590.0,587.8,621.15
2598,2020-12-23 14:57:00,590.0,590.0,590.0,590.0,125,150,590.0,587.8,621.15
2599,2020-12-23 14:58:00,590.0,590.0,590.0,590.0,125,150,590.0,587.8,621.15
2600,2020-12-23 14:59:00,590.0,590.0,590.0,590.0,125,150,590.0,587.8,621.15
2601,2020-12-23 15:00:00,590.0,590.0,590.0,590.0,125,150,590.0,587.8,621.15
2602,2020-12-23 15:01:00,590.0,590.0,590.0,590.0,125,150,590.0,587.8,621.15
2603,2020-12-23 15:02:00,590.0,590.0,590.0,590.0,125,150,590.0,587.8,621.15
2604,2020-12-23 15:03:00,590.0,590.0,590.0,590.0,125,150,590.0,587.8,621.15
2605,2020-12-23 15:04:00,590.0,590.0,590.0,590.0,125,150,590.0,587.8,621.15
2606,2020-12-23 15:05:00,590.0,590.0,590.0,590.0,125,150,590.0,587.8,621.15
2607,2020-12-23 15:06:00,590.0,590.0,590.0,590.0,125,150,590.0,587.8,621.15
2608,2020-12-23 15:07:00,590.0,590.0,590.0,590.0,125,150,590.0,587.8,621.15
2609,2020-12-23 15:08:00,590.0,590.0,590.0,590.0,125,150,590.0,587.8,621.15
2610,2020-12-23 15:09:00,590.0,590.0,590.0,590.0,125,150,590.0,587.8,621.15
2611,2020-12-23 15:10:00,590.0,590.0,590.0,590.0,125,150,590.0,587.8,621.15
2612,2020-12-23 15:11:00,590.0,590.0,590.0,590.0,125,150,590.0,587.8,621.15
2613,2020-12-23 15:12:00,590.0,590.0,590.0,590.0,125,150,590.0,587.8,621.15
2614,2020-12-23 15:13:00,590.0,590.0,590.0,590.0,125,150,590.0,587.8,621.15
2615,2020-12-23 15:14:00,590.0,590.0,590.0,590.0,125,150,590.0,587.8,621.15
2616,2020-12-23 15:15:00,590.0,590.0,590.0,590.0,125,150,590.0,587.8,621.15
2617,2020-12-23 15:16:00,590.0,590.0,590.0,590.0,125,150,590.0,587.8,621.15
2618,2020-12-23 15:17:00,590.0,590.0,590.0,590.0,125,150,590.0,587.8,621.15
2619,2020-12-23 15:18:00,590.0,590.0,590.0,590.0,125,150,590.0,587.8,621.15
2620,2020-12-23 15:19:00,590.0,590.0,590.0,590.0,125,150,590.0,587.8,621.15
2621,2020-12-23 15:20:00,590.0,590.0,590.0,590.0,125,150,590.0,587.8,621.15
2622,2020-12-23 15:21:00,590.0,590.0,590.0,590.0,125,150,590.0,587.8,621.15
2623,2020-12-23 15:22:00,590.0,590.0,590.0,590.0,125,150,590.0,587.8,621.15
2624,2020-12-23 15:23:00,590.0,590.0,590.0,590.0,125,150,590.0,587.8,621.15
2625,2020-12-23 15:24:00,590.0,590.0,590.0,590.0,125,150,590.0,587.8,621.15
2626,2020-12-23 15:25:00,590.0,590.0,590.0,590.0,125,150,590.0,587.8,621.15
2627,2020-12-23 15:26:00,590.0,590.0,590.0,590.0,125,150,590.0,587.8,621.15
2628,2020-12-23 15:27:00,590.0,590.0,590.0,590.0,125,150,590.0,587.8,621.15
2629,2020-12-23 15:28:00,590.0,590.0,590.0,590.0,125,150,590.0,587.8,621.15
2630,2020-12-23 15:29:00,590.0,590.0,590.0,590.0,125,150,590.0,587.8,621.15
2631,2020-12-23 15:30:00,590.0,590.0,590.0,590.0,125,150,590.0,587.8,621.15
2632,2020-12-24 09:15:00,590.0,590.0,590.0,590.0,125,150,590.0,587.8,621.15
2633,2020-12-24 09:16:00,590.0,590.0,590.0,590.0,125,150,590.0,587.8,621.15
2634,2020-12-24 09:17:00,590.0,590.0,590.0,590.0,125,150,590.0,587.8,621.15
2635,2020-12-24 09:18:00,590.0,590.0,590.0,590.0,125,150,590.0,587.8,621.15
2636,2020-12-24 09:19:00,590.0,590.0,590.0,590.0,125,150,590.0,587.8,621.15
2637,2020-12-24 09:20:00,590.0,590.0,590.0,590.0,125,150,590.0,587.8,621.15
2638,2020-12-24 09:21:00,590.0,590.0,590.0,590.0,125,150,590.0,587.8,621.15
2639,2020-12-24 09:22:00,590.0,590.0,590.0,590.0,125,150,590.0,587.8,621.15
2640,2020-12-24 09:23:00,590.0,590.0,590.0,590.0,125,150,590.0,587.8,621.15
2641,2020-12-24 09:24:00,590.0,590.0,590.0,590.0,125,150,590.0,587.8,621.15
2642,2020-12-24 09:25:00,590.0,590.0,590.0,590.0,125,150,590.0,587.8,621.15
2643,2020-12-24 09:26:00,590.0,590.0,590.0,590.0,125,150,590.0,587.8,621.15
2644,2020-12-24 09:27:00,590.0,590.0,590.0,590.0,125,150,590.0,587.8,621.15
2645,2020-12-24 09:28:00,590.0,590.0,590.0,590.0,125,150,590.0,587.8,621.15
2646,2020-12-24 09:29:00,590.0,590.0,590.0,590.0,125,150,590.0,587.8,621.15
2647,2020-12-24 09:30:00,590.0,590.0,590.0,590.0,125,150,590.0,587.8,621.15
2648,2020-12-24 09:31:00,590.0,590.0,590.0,590.0,125,150,590.0,587.8,621.15
2649,2020-12-24 09:32:00,590.0,590.0,590.0,590.0,125,150,590.0,587.8,621.15
2650,2020-12-24 09:33:00,590.0,590.0,590.0,590.0,125,150,590.0,587.8,621.15
2651,2020-12-24 09:34:00,590.0,590.0,590.0,590.0,125,150,590.0,587.8,621.15
2652,2020-12-24 09:35:00,590.0,590.0,590.0,590.0,125,150,590.0,587.8,621.15
2653,2020-12-24 09:36:00,590.0,590.0,590.0,590.0,125,150,590.0,587.8,621.15
2654,2020-12-24 09:37:00,590.0,590.0,590.0,590.0,125,150,590.0,587.8,621.15
2655,2020-12-24 09:38:00,590.0,590.0,590.0,590.0,125,150,590.0,587.8,621.15
2656,2020-12-24 09:39:00,590.0,590.0,590.0,590.0,125,150,590.0,587.8,621.15
2657,2020-12-24 09:40:00,590.0,590.0,590.0,590.0,125,150,590.0,587.8,621.15
2658,2020-12-24 09:41:00,590.0,590.0,590.0,590.0,125,150,590.0,587.8,621.15
2659,2020-12-24 09:42:00,590.0,590.0,590.0,590.0,125,150,590.0,587.8,621.15
2660,2020-12-24 09:43:00,590.0,590.0,590.0,590.0,125,150,590.0,587.8,621.15
2661,2020-12-24 09:44:00,590.0,590.0,590.0,590.0,125,150,590.0,587.8,621.15
2662,2020-12-24 09:45:00,590.0,590.0,590.0,590.0,125,150,590.0,587.8,621.15
2663,2020-12-24 09:46:00,590.0,590.0,590.0,590.0,125,150,590.0,587.8,621.15
2664,2020-12-24 09:47:00,590.0,590.0,590.0,590.0,125,150,590.0,587.8,621.15
2665,2020-12-24 09:48:00,590.0,590.0,590.0,590.0,125,150,590.0,587.8,621.15
2666,2020-12-24 09:49:00,590.0,590.0,590.0,590.0,125,150,590.0,587.8,621.15
2667,2020-12-24 09:50:00,590.0,590.0,590.0,590.0,125,150,590.0,587.8,621.15
2668,2020-12-24 09:51:00,590.0,590.0,590.0,590.0,125,150,590.0,587.8,621.15
2669,2020-12-24 09:52:00,590.0,590.0,590.0,590.0,125,150,590.0,587.8,621.15
2670,2020-12-24 09:53:00,590.0,590.0,590.0,590.0,125,150,590.0,587.8,621.15
2671,2020-12-24 09:54:00,590.0,590.0,590.0,590.0,125,150,590.0,587.8,621.15
2672,2020-12-24 09:55:00,590.0,590.0,590.0,590.0,125,150,590.0,587.8,621.15
2673,2020-12-24 09:56:00,590.0,590.0,590.0,590.0,125,150,590.0,587.8,621.15
2674,2020-12-24 09:57:00,590.0,590.0,590.0,590.0,125,150,590.0,587.8,621.15
2675,2020-12-24 09:58:00,590.0,590.0,590.0,590.0,125,150,590.0,587.8,621.15
2676,2020-12-24 09:59:00,590.0,590.0,590.0,590.0,125,150,590.0,587.8,621.15
2677,2020-12-24 10:00:00,590.0,590.0,590.0,590.0,125,150,590.0,587.8,621.15
2678,2020-12-24 10:01:00,590.0,590.0,590.0,590.0,125,150,590.0,587.8,621.15
2679,2020-12-24 10:02:00,590.0,590.0,590.0,590.0,125,150,590.0,587.8,621.15
2680,2020-12-24 10:03:00,590.0,590.0,590.0,590.0,125,150,590.0,587.8,621.15
2681,2020-12-24 10:04:00,590.0,590.0,590.0,590.0,125,150,590.0,587.8,621.15
2682,2020-12-24 10:05:00,590.0,590.0,590.0,590.0,125,150,590.0,587.8,621.15
2683,2020-12-24 10:06:00,590.0,590.0,590.0,590.0,125,150,590.0,587.8,621.15
2684,2020-12-24 10:07:00,590.0,590.0,590.0,590.0,125,150,590.0,587.8,621.15
2685,2020-12-24 10:08:00,590.0,590.0,590.0,590.0,125,150,590.0,587.8,621.15
2686,2020-12-24 10:09:00,590.0,590.0,590.0,590.0,125,150,590.0,587.8,621.15
2687,2020-12-24 10:10:00,590.0,590.0,590.0,590.0,125,150,590.0,587.8,621.15
2688,2020-12-24 10:11:00,590.0,590.0,590.0,590.0,125,150,590.0,587.8,621.15
2689,2020-12-24 10:12:00,590.0,590.0,590.0,590.0,125,150,590.0,587.8,621.15
2690,2020-12-24 10:13:00,590.0,590.0,590.0,590.0,125,150,590.0,587.8,621.15
2691,2020-12-24 10:14:00,590.0,590.0,590.0,590.0,125,150,590.0,587.8,621.15
2692,2020-12-24 10:15:00,590.0,590.0,590.0,590.0,125,150,590.0,587.8,621.15
2693,2020-12-24 10:16:00,590.0,590.0,590.0,590.0,125,150,590.0,587.8,621.15
2694,2020-12-24 10:17:00,590.0,590.0,590.0,590.0,125,150,590.0,587.8,621.15
2695,2020-12-24 10:18:00,590.0,590.0,590.0,590.0,125,150,590.0,587.8,621.15
2696,2020-12-24 10:19:00,590.0,590.0,590.0,590.0,125,150,590.0,587.8,621.15
2697,2020-12-24 10:20:00,590.0,590.0,590.0,590.0,125,150,590.0,587.8,621.15
2698,2020-12-24 10:21:00,590.0,590.0,590.0,590.0,125,150,590.0,587.8,621.15
2699,2020-12-24 10:22:00,590.0,590.0,590.0,590.0,125,150,590.0,587.8,621.15
2700,2020-12-24 10:23:00,590.0,590.0,590.0,590.0,125,150,590.0,587.8,621.15
2701,2020-12-24 10:24:00,590.0,590.0,590.0,590.0,125,150,590.0,587.8,621.15
2702,2020-12-24 10:25:00,590.0,590.0,590.0,590.0,125,150,590.0,587.8,621.15
2703,2020-12-24 10:26:00,590.0,590.0,590.0,590.0,125,150,590.0,587.8,621.15
2704,2020-12-24 10:27:00,590.0,590.0,590.0,590.0,125,150,590.0,587.8,621.15
2705,2020-12-24 10:28:00,590.0,590.0,590.0,590.0,125,150,590.0,587.8,621.15
2706,2020-12-24 10:29:00,590.0,590.0,590.0,590.0,125,150,590.0,587.8,621.15
2707,2020-12-24 10:30:00,590.0,590.0,590.0,590.0,125,150,590.0,587.8,621.15
2708,2020-12-24 10:31:00,590.0,590.0,590.0,590.0,125,150,590.0,587.8,621.15
2709,2020-12-24 10:32:00,590.0,590.0,590.0,590.0,125,150,590.0,587.8,621.15
2710,2020-12-24 10:33:00,590.0,590.0,590.0,590.0,125,150,590.0,587.8,621.15
2711,2020-12-24 10:34:00,590.0,590.0,590.0,590.0,125,150,590.0,587.8,621.15
2712,2020-12-24 10:35:00,590.0,590.0,590.0,590.0,125,150,590.0,587.8,621.15
2713,2020-12-24 10:36:00,590.0,590.0,590.0,590.0,125,150,590.0,587.8,621.15
2714,2020-12-24 10:37:00,590.0,590.0,590.0,590.0,125,150,590.0,587.8,621.15
2715,2020-12-24 10:38:00,590.0,590.0,590.0,590.0,125,150,590.0,587.8,621.15
2716,2020-12-24 10:39:00,590.0,590.0,590.0,590.0,125,150,590.0,587.8,621.15
2717,2020-12-24 10:40:00,590.0,590.0,590.0,590.0,125,150,590.0,587.8,621.15
2718,2020-12-24 10:41:00,590.0,590.0,590.0,590.0,125,150,590.0,587.8,621.15
2719,2020-12-24 10:42:00,590.0,590.0,590.0,590.0,125,150,590.0,587.8,621.15
2720,2020-12-24 10:43:00,590.0,590.0,590.0,590.0,125,150,590.0,587.8,621.15
2721,2020-12-24 10:44:00,590.0,590.0,590.0,590.0,125,150,590.0,587.8,621.15
2722,2020-12-24 10:45:00,590.0,590.0,590.0,590.0,125,150,590.0,587.8,621.15
2723,2020-12-24 10:46:00,590.0,590.0,590.0,590.0,125,150,590.0,587.8,621.15
2724,2020-12-24 10:47:00,590.0,590.0,590.0,590.0,125,150,590.0,587.8,621.15
2725,2020-12-24 10:48:00,590.0,590.0,590.0,590.0,125,150,590.0,587.8,621.15
2726,2020-12-24 10:49:00,590.0,590.0,590.0,590.0,125,150,590.0,587.8,621.15
2727,2020-12-24 10:50:00,590.0,590.0,590.0,590.0,125,150,590.0,587.8,621.15
2728,2020-12-24 10:51:00,590.0,590.0,590.0,590.0,125,150,590.0,587.8,621.15
2729,2020-12-24 10:52:00,590.0,590.0,590.0,590.0,125,150,590.0,587.8,621.15
2730,2020-12-24 10:53:00,590.0,590.0,590.0,590.0,125,150,590.0,587.8,621.15
2731,2020-12-24 10:54:00,590.0,590.0,590.0,590.0,125,150,590.0,587.8,621.15
2732,2020-12-24 10:55:00,590.0,590.0,590.0,590.0,125,150,590.0,587.8,621.15
2733,2020-12-24 10:56:00,590.0,590.0,590.0,590.0,125,150,590.0,587.8,621.15
2734,2020-12-24 10:57:00,590.0,590.0,590.0,590.0,125,150,590.0,587.8,621.15
2735,2020-12-24 10:58:00,590.0,590.0,590.0,590.0,125,150,590.0,587.8,621.15
2736,2020-12-24 10:59:00,590.0,590.0,590.0,590.0,125,150,590.0,587.8,621.15
2737,2020-12-24 11:00:00,590.0,590.0,590.0,590.0,125,150,590.0,587.8,621.15
2738,2020-12-24 11:01:00,590.0,590.0,590.0,590.0,125,150,590.0,587.8,621.15
2739,2020-12-24 11:02:00,590.0,590.0,590.0,590.0,125,150,590.0,587.8,621.15
2740,2020-12-24 11:03:00,590.0,590.0,590.0,590.0,125,150,590.0,587.8,621.15
2741,2020-12-24 11:04:00,590.0,590.0,590.0,590.0,125,150,590.0,587.8,621.15
2742,2020-12-24 11:05:00,590.0,590.0,590.0,590.0,125,150,590.0,587.8,621.15
2743,2020-12-24 11:06:00,590.0,590.0,590.0,590.0,125,150,590.0,587.8,621.15
2744,2020-12-24 11:07:00,590.0,590.0,590.0,590.0,125,150,590.0,587.8,621.15
2745,2020-12-24 11:08:00,590.0,590.0,590.0,590.0,125,150,590.0,587.8,621.15
2746,2020-12-24 11:09:00,590.0,590.0,590.0,590.0,125,150,590.0,587.8,621.15
2747,2020-12-24 11:10:00,590.0,590.0,590.0,590.0,125,150,590.0,587.8,621.15
2748,2020-12-24 11:11:00,590.0,590.0,590.0,590.0,125,150,590.0,587.8,621.15
2749,2020-12-24 11:12:00,590.0,590.0,590.0,590.0,125,150,590.0,587.8,621.15
2750,2020-12-24 11:13:00,590.0,590.0,590.0,590.0,125,150,590.0,587.8,621.15
2751,2020-12-24 11:14:00,590.0,590.0,590.0,590.0,125,150,590.0,587.8,621.15
2752,2020-12-24 11:15:00,590.0,590.0,590.0,590.0,125,150,590.0,587.8,621.15
2753,2020-12-24 11:16:00,590.0,590.0,590.0,590.0,125,150,590.0,587.8,621.15
2754,2020-12-24 11:17:00,590.0,590.0,590.0,590.0,125,150,590.0,587.8,621.15
2755,2020-12-24 11:18:00,590.0,590.0,590.0,590.0,125,150,590.0,587.8,621.15
2756,2020-12-24 11:19:00,590.0,590.0,590.0,590.0,125,150,590.0,587.8,621.15
2757,2020-12-24 11:20:00,590.0,590.0,590.0,590.0,125,150,590.0,587.8,621.15
2758,2020-12-24 11:21:00,590.0,590.0,590.0,590.0,125,150,590.0,587.8,621.15
2759,2020-12-24 11:22:00,590.0,590.0,590.0,590.0,125,150,590.0,587.8,621.15
2760,2020-12-24 11:23:00,590.0,590.0,590.0,590.0,125,150,590.0,587.8,621.15
2761,2020-12-24 11:24:00,590.0,590.0,590.0,590.0,125,150,590.0,587.8,621.15
2762,2020-12-24 11:25:00,590.0,590.0,590.0,590.0,125,150,590.0,587.8,621.15
2763,2020-12-24 11:26:00,590.0,590.0,590.0,590.0,125,150,590.0,587.8,621.15
2764,2020-12-24 11:27:00,590.0,590.0,590.0,590.0,125,150,590.0,587.8,621.15
2765,2020-12-24 11:28:00,590.0,590.0,590.0,590.0,125,150,590.0,587.8,621.15
2766,2020-12-24 11:29:00,590.0,590.0,590.0,590.0,125,150,590.0,587.8,621.15
2767,2020-12-24 11:30:00,590.0,590.0,590.0,590.0,125,150,590.0,587.8,621.15
2768,2020-12-24 11:31:00,590.0,590.0,590.0,590.0,125,150,590.0,587.8,621.15
2769,2020-12-24 11:32:00,590.0,590.0,590.0,590.0,125,150,590.0,587.8,621.15
2770,2020-12-24 11:33:00,590.0,590.0,590.0,590.0,125,150,590.0,587.8,621.15
2771,2020-12-24 11:34:00,590.0,590.0,590.0,590.0,125,150,590.0,587.8,621.15
2772,2020-12-24 11:35:00,590.0,590.0,590.0,590.0,125,150,590.0,587.8,621.15
2773,2020-12-24 11:36:00,590.0,590.0,590.0,590.0,125,150,590.0,587.8,621.15
2774,2020-12-24 11:37:00,590.0,590.0,590.0,590.0,125,150,590.0,587.8,621.15
2775,2020-12-24 11:38:00,590.0,590.0,590.0,590.0,125,150,590.0,587.8,621.15
2776,2020-12-24 11:39:00,590.0,590.0,590.0,590.0,125,150,590.0,587.8,621.15
2777,2020-12-24 11:40:00,590.0,590.0,590.0,590.0,125,150,590.0,587.8,621.15
2778,2020-12-24 11:41:00,590.0,590.0,590.0,590.0,125,150,590.0,587.8,621.15
2779,2020-12-24 11:42:00,590.0,590.0,590.0,590.0,125,150,590.0,587.8,621.15
2780,2020-12-24 11:43:00,590.0,590.0,590.0,590.0,125,150,590.0,587.8,621.15
2781,2020-12-24 11:44:00,590.0,590.0,590.0,590.0,125,150,590.0,587.8,621.15
2782,2020-12-24 11:45:00,590.0,590.0,590.0,590.0,125,150,590.0,587.8,621.15
2783,2020-12-24 11:46:00,590.0,590.0,590.0,590.0,125,150,590.0,587.8,621.15
2784,2020-12-24 11:47:00,590.0,590.0,590.0,590.0,125,150,590.0,587.8,621.15
2785,2020-12-24 11:48:00,590.0,590.0,590.0,590.0,125,150,590.0,587.8,621.15
2786,2020-12-24 11:49:00,590.0,590.0,590.0,590.0,125,150,590.0,587.8,621.15
2787,2020-12-24 11:50:00,590.0,590.0,590.0,590.0,125,150,590.0,587.8,621.15
2788,2020-12-24 11:51:00,590.0,590.0,590.0,590.0,125,150,590.0,587.8,621.15
2789,2020-12-24 11:52:00,590.0,590.0,590.0,590.0,125,150,590.0,587.8,621.15
2790,2020-12-24 11:53:00,590.0,590.0,590.0,590.0,125,150,590.0,587.8,621.15
2791,2020-12-24 11:54:00,590.0,590.0,590.0,590.0,125,150,590.0,587.8,621.15
2792,2020-12-24 11:55:00,590.0,590.0,590.0,590.0,125,150,590.0,587.8,621.15
2793,2020-12-24 11:56:00,590.0,590.0,590.0,590.0,125,150,590.0,587.8,621.15
2794,2020-12-24 11:57:00,590.0,590.0,590.0,590.0,125,150,590.0,587.8,621.15
2795,2020-12-24 11:58:00,590.0,590.0,590.0,590.0,125,150,590.0,587.8,621.15
2796,2020-12-24 11:59:00,590.0,590.0,590.0,590.0,125,150,590.0,587.8,621.15
2797,2020-12-24 12:00:00,590.0,590.0,590.0,590.0,125,150,590.0,587.8,621.15
2798,2020-12-24 12:01:00,590.0,590.0,590.0,590.0,125,150,590.0,587.8,621.15
2799,2020-12-24 12:02:00,590.0,590.0,590.0,590.0,125,150,590.0,587.8,621.15
2800,2020-12-24 12:03:00,590.0,590.0,590.0,590.0,125,150,590.0,587.8,621.15
2801,2020-12-24 12:04:00,590.0,590.0,590.0,590.0,125,150,590.0,587.8,621.15
2802,2020-12-24 12:05:00,590.0,590.0,590.0,590.0,125,150,590.0,587.8,621.15
2803,2020-12-24 12:06:00,590.0,590.0,590.0,590.0,125,150,590.0,587.8,621.15
2804,2020-12-24 12:07:00,590.0,590.0,590.0,590.0,125,150,590.0,587.8,621.15
2805,2020-12-24 12:08:00,590.0,590.0,590.0,590.0,125,150,590.0,587.8,621.15
2806,2020-12-24 12:09:00,590.0,590.0,590.0,590.0,125,150,590.0,587.8,621.15
2807,2020-12-24 12:10:00,590.0,590.0,590.0,590.0,125,150,590.0,587.8,621.15
2808,2020-12-24 12:11:00,590.0,590.0,590.0,590.0,125,150,590.0,587.8,621.15
2809,2020-12-24 12:12:00,590.0,590.0,590.0,590.0,125,150,590.0,587.8,621.15
2810,2020-12-24 12:13:00,590.0,590.0,590.0,590.0,125,150,590.0,587.8,621.15
2811,2020-12-24 12:14:00,590.0,590.0,590.0,590.0,125,150,590.0,587.8,621.15
2812,2020-12-24 12:15:00,590.0,590.0,590.0,590.0,125,150,590.0,587.8,621.15
2813,2020-12-24 12:16:00,590.0,590.0,590.0,590.0,125,150,590.0,587.8,621.15
2814,2020-12-24 12:17:00,590.0,590.0,590.0,590.0,125,150,590.0,587.8,621.15
2815,2020-12-24 12:18:00,590.0,590.0,590.0,590.0,125,150,590.0,587.8,621.15
2816,2020-12-24 12:19:00,590.0,590.0,590.0,590.0,125,150,590.0,587.8,621.15
2817,2020-12-24 12:20:00,590.0,590.0,590.0,590.0,125,150,590.0,587.8,621.15
2818,2020-12-24 12:21:00,590.0,590.0,590.0,590.0,125,150,590.0,587.8,621.15
2819,2020-12-24 12:22:00,590.0,590.0,590.0,590.0,125,150,590.0,587.8,621.15
2820,2020-12-24 12:23:00,590.0,590.0,590.0,590.0,125,150,590.0,587.8,621.15
2821,2020-12-24 12:24:00,590.0,590.0,590.0,590.0,125,150,590.0,587.8,621.15
2822,2020-12-24 12:25:00,590.0,590.0,590.0,590.0,125,150,590.0,587.8,621.15
2823,2020-12-24 12:26:00,590.0,590.0,590.0,590.0,125,150,590.0,587.8,621.15
2824,2020-12-24 12:27:00,590.0,590.0,590.0,590.0,125,150,590.0,587.8,621.15
2825,2020-12-24 12:28:00,590.0,590.0,590.0,590.0,125,150,590.0,587.8,621.15
2826,2020-12-24 12:29:00,590.0,590.0,590.0,590.0,125,150,590.0,587.8,621.15
2827,2020-12-24 12:30:00,590.0,590.0,590.0,590.0,125,150,590.0,587.8,621.15
2828,2020-12-24 12:31:00,590.0,590.0,590.0,590.0,125,150,590.0,587.8,621.15
2829,2020-12-24 12:32:00,590.0,590.0,590.0,590.0,125,150,590.0,587.8,621.15
2830,2020-12-24 12:33:00,590.0,590.0,590.0,590.0,125,150,590.0,587.8,621.15
2831,2020-12-24 12:34:00,590.0,590.0,590.0,590.0,125,150,590.0,587.8,621.15
2832,2020-12-24 12:35:00,590.0,590.0,590.0,590.0,125,150,590.0,587.8,621.15
2833,2020-12-24 12:36:00,590.0,590.0,590.0,590.0,125,150,590.0,587.8,621.15
2834,2020-12-24 12:37:00,590.0,590.0,590.0,590.0,125,150,590.0,587.8,621.15
2835,2020-12-24 12:38:00,590.0,590.0,590.0,590.0,125,150,590.0,587.8,621.15
2836,2020-12-24 12:39:00,590.0,590.0,590.0,590.0,125,150,590.0,587.8,621.15
2837,2020-12-24 12:40:00,590.0,590.0,590.0,590.0,125,150,590.0,587.8,621.15
2838,2020-12-24 12:41:00,590.0,590.0,590.0,590.0,125,150,590.0,587.8,621.15
2839,2020-12-24 12:42:00,590.0,590.0,590.0,590.0,125,150,590.0,587.8,621.15
2840,2020-12-24 12:43:00,590.0,590.0,590.0,590.0,125,150,590.0,587.8,621.15
2841,2020-12-24 12:44:00,590.0,590.0,590.0,590.0,125,150,590.0,587.8,621.15
2842,2020-12-24 12:45:00,590.0,590.0,590.0,590.0,125,150,590.0,587.8,621.15
2843,2020-12-24 12:46:00,590.0,590.0,590.0,590.0,125,150,590.0,587.8,621.15
2844,2020-12-24 12:47:00,590.0,590.0,590.0,590.0,125,150,590.0,587.8,621.15
2845,2020-12-24 12:48:00,590.0,590.0,590.0,590.0,125,150,590.0,587.8,621.15
2846,2020-12-24 12:49:00,590.0,590.0,590.0,590.0,125,150,590.0,587.8,621.15
2847,2020-12-24 12:50:00,590.0,590.0,590.0,590.0,125,150,590.0,587.8,621.15
2848,2020-12-24 12:51:00,590.0,590.0,590.0,590.0,125,150,590.0,587.8,621.15
2849,2020-12-24 12:52:00,590.0,590.0,590.0,590.0,125,150,590.0,587.8,621.15
2850,2020-12-24 12:53:00,590.0,590.0,590.0,590.0,125,150,590.0,587.8,621.15
2851,2020-12-24 12:54:00,590.0,590.0,590.0,590.0,125,150,590.0,587.8,621.15
2852,2020-12-24 12:55:00,590.0,590.0,590.0,590.0,125,150,590.0,587.8,621.15
2853,2020-12-24 12:56:00,590.0,590.0,590.0,590.0,125,150,590.0,587.8,621.15
2854,2020-12-24 12:57:00,590.0,590.0,590.0,590.0,125,150,590.0,587.8,621.15
2855,2020-12-24 12:58:00,590.0,590.0,590.0,590.0,125,150,590.0,587.8,621.15
2856,2020-12-24 12:59:00,590.0,590.0,590.0,590.0,125,150,590.0,587.8,621.15
2857,2020-12-24 13:00:00,590.0,590.0,590.0,590.0,125,150,590.0,587.8,621.15
2858,2020-12-24 13:01:00,590.0,590.0,590.0,590.0,125,150,590.0,587.8,621.15
2859,2020-12-24 13:02:00,590.0,590.0,590.0,590.0,125,150,590.0,587.8,621.15
2860,2020-12-24 13:03:00,590.0,590.0,590.0,590.0,125,150,590.0,587.8,621.15
2861,2020-12-24 13:04:00,590.0,590.0,590.0,590.0,125,150,590.0,587.8,621.15
2862,2020-12-24 13:05:00,590.0,590.0,590.0,590.0,125,150,590.0,587.8,621.15
2863,2020-12-24 13:06:00,590.0,590.0,590.0,590.0,125,150,590.0,587.8,621.15
2864,2020-12-24 13:07:00,590.0,590.0,590.0,590.0,125,150,590.0,587.8,621.15
2865,2020-12-24 13:08:00,590.0,590.0,590.0,590.0,125,150,590.0,587.8,621.15
2866,2020-12-24 13:09:00,590.0,590.0,590.0,590.0,125,150,590.0,587.8,621.15
2867,2020-12-24 13:10:00,590.0,590.0,590.0,590.0,125,150,590.0,587.8,621.15
2868,2020-12-24 13:11:00,590.0,590.0,590.0,590.0,125,150,590.0,587.8,621.15
2869,2020-12-24 13:12:00,590.0,590.0,590.0,590.0,125,150,590.0,587.8,621.15
2870,2020-12-24 13:13:00,590.0,590.0,590.0,590.0,125,150,590.0,587.8,621.15
2871,2020-12-24 13:14:00,590.0,590.0,590.0,590.0,125,150,590.0,587.8,621.15
2872,2020-12-24 13:15:00,590.0,590.0,590.0,590.0,125,150,590.0,587.8,621.15
2873,2020-12-24 13:16:00,590.0,590.0,590.0,590.0,125,150,590.0,587.8,621.15
2874,2020-12-24 13:17:00,590.0,590.0,590.0,590.0,125,150,590.0,587.8,621.15
2875,2020-12-24 13:18:00,590.0,590.0,590.0,590.0,125,150,590.0,587.8,621.15
2876,2020-12-24 13:19:00,590.0,590.0,590.0,590.0,125,150,590.0,587.8,621.15
2877,2020-12-24 13:20:00,590.0,590.0,590.0,590.0,125,150,590.0,587.8,621.15
2878,2020-12-24 13:21:00,590.0,590.0,590.0,590.0,125,150,590.0,587.8,621.15
2879,2020-12-24 13:22:00,590.0,590.0,590.0,590.0,125,150,590.0,587.8,621.15
2880,2020-12-24 13:23:00,590.0,590.0,590.0,590.0,125,150,590.0,587.8,621.15
2881,2020-12-24 13:24:00,590.0,590.0,590.0,590.0,125,150,590.0,587.8,621.15
2882,2020-12-24 13:25:00,590.0,590.0,590.0,590.0,125,150,590.0,587.8,621.15
2883,2020-12-24 13:26:00,590.0,590.0,590.0,590.0,125,150,590.0,587.8,621.15
2884,2020-12-24 13:27:00,590.0,590.0,590.0,590.0,125,150,590.0,587.8,621.15
2885,2020-12-24 13:28:00,590.0,590.0,590.0,590.0,125,150,590.0,587.8,621.15
2886,2020-12-24 13:29:00,590.0,590.0,590.0,590.0,125,150,590.0,587.8,621.15
2887,2020-12-24 13:30:00,590.0,590.0,590.0,590.0,125,150,590.0,587.8,621.15
2888,2020-12-24 13:31:00,590.0,590.0,590.0,590.0,125,150,590.0,587.8,621.15
2889,2020-12-24 13:32:00,590.0,590.0,590.0,590.0,125,150,590.0,587.8,621.15
2890,2020-12-24 13:33:00,590.0,590.0,590.0,590.0,125,150,590.0,587.8,621.15
2891,2020-12-24 13:34:00,590.0,590.0,590.0,590.0,125,150,590.0,587.8,621.15
2892,2020-12-24 13:35:00,590.0,590.0,590.0,590.0,125,150,590.0,587.8,621.15
2893,2020-12-24 13:36:00,590.0,590.0,590.0,590.0,125,150,590.0,587.8,621.15
2894,2020-12-24 13:37:00,590.0,590.0,590.0,590.0,125,150,590.0,587.8,621.15
2895,2020-12-24 13:38:00,590.0,590.0,590.0,590.0,125,150,590.0,587.8,621.15
2896,2020-12-24 13:39:00,590.0,590.0,590.0,590.0,125,150,590.0,587.8,621.15
2897,2020-12-24 13:40:00,590.0,590.0,590.0,590.0,125,150,590.0,587.8,621.15
2898,2020-12-24 13:41:00,590.0,590.0,590.0,590.0,125,150,590.0,587.8,621.15
2899,2020-12-24 13:42:00,590.0,590.0,590.0,590.0,125,150,590.0,587.8,621.15
2900,2020-12-24 13:43:00,590.0,590.0,590.0,590.0,125,150,590.0,587.8,621.15
2901,2020-12-24 13:44:00,590.0,590.0,590.0,590.0,125,150,590.0,587.8,621.15
2902,2020-12-24 13:45:00,590.0,590.0,590.0,590.0,125,150,590.0,587.8,621.15
2903,2020-12-24 13:46:00,590.0,590.0,590.0,590.0,125,150,590.0,587.8,621.15
2904,2020-12-24 13:47:00,590.0,590.0,590.0,590.0,125,150,590.0,587.8,621.15
2905,2020-12-24 13:48:00,590.0,590.0,590.0,590.0,125,150,590.0,587.8,621.15
2906,2020-12-24 13:49:00,590.0,590.0,590.0,590.0,125,150,590.0,587.8,621.15
2907,2020-12-24 13:50:00,590.0,590.0,590.0,590.0,125,150,590.0,587.8,621.15
2908,2020-12-24 13:51:00,590.0,590.0,590.0,590.0,125,150,590.0,587.8,621.15
2909,2020-12-24 13:52:00,590.0,590.0,590.0,590.0,125,150,590.0,587.8,621.15
2910,2020-12-24 13:53:00,590.0,590.0,590.0,590.0,125,150,590.0,587.8,621.15
2911,2020-12-24 13:54:00,590.0,590.0,590.0,590.0,125,150,590.0,587.8,621.15
2912,2020-12-24 13:55:00,590.0,590.0,590.0,590.0,125,150,590.0,587.8,621.15
2913,2020-12-24 13:56:00,590.0,590.0,590.0,590.0,125,150,590.0,587.8,621.15
2914,2020-12-24 13:57:00,590.0,590.0,590.0,590.0,125,150,590.0,587.8,621.15
2915,2020-12-24 13:58:00,590.0,590.0,590.0,590.0,125,150,590.0,587.8,621.15
2916,2020-12-24 13:59:00,590.0,590.0,590.0,590.0,125,150,590.0,587.8,621.15
2917,2020-12-24 14:00:00,590.0,590.0,590.0,590.0,125,150,590.0,587.8,621.15
2918,2020-12-24 14:01:00,590.0,590.0,590.0,590.0,125,150,590.0,587.8,621.15
2919,2020-12-24 14:02:00,590.0,590.0,590.0,590.0,125,150,590.0,587.8,621.15
2920,2020-12-24 14:03:00,590.0,590.0,590.0,590.0,125,150,590.0,587.8,621.15
2921,2020-12-24 14:04:00,590.0,590.0,590.0,590.0,125,150,590.0,587.8,621.15
2922,2020-12-24 14:05:00,590.0,590.0,590.0,590.0,125,150,590.0,587.8,621.15
2923,2020-12-24 14:06:00,590.0,590.0,590.0,590.0,125,150,590.0,587.8,621.15
2924,2020-12-24 14:07:00,590.0,590.0,590.0,590.0,125,150,590.0,587.8,621.15
2925,2020-12-24 14:08:00,590.0,590.0,590.0,590.0,125,150,590.0,587.8,621.15
2926,2020-12-24 14:09:00,590.0,590.0,590.0,590.0,125,150,590.0,587.8,621.15
2927,2020-12-24 14:10:00,590.0,590.0,590.0,590.0,125,150,590.0,587.8,621.15
2928,2020-12-24 14:11:00,590.0,590.0,590.0,590.0,125,150,590.0,587.8,621.15
2929,2020-12-24 14:12:00,590.0,590.0,590.0,590.0,125,150,590.0,587.8,621.15
2930,2020-12-24 14:13:00,590.0,590.0,590.0,590.0,125,150,590.0,587.8,621.15
2931,2020-12-24 14:14:00,590.0,590.0,590.0,590.0,125,150,590.0,587.8,621.15
2932,2020-12-24 14:15:00,590.0,590.0,590.0,590.0,125,150,590.0,587.8,621.15
2933,2020-12-24 14:16:00,590.0,590.0,590.0,590.0,125,150,590.0,587.8,621.15
2934,2020-12-24 14:17:00,590.0,590.0,590.0,590.0,125,150,590.0,587.8,621.15
2935,2020-12-24 14:18:00,590.0,590.0,590.0,590.0,125,150,590.0,587.8,621.15
2936,2020-12-24 14:19:00,590.0,590.0,590.0,590.0,125,150,590.0,587.8,621.15
2937,2020-12-24 14:20:00,590.0,590.0,590.0,590.0,125,150,590.0,587.8,621.15
2938,2020-12-24 14:21:00,590.0,590.0,590.0,590.0,125,150,590.0,587.8,621.15
2939,2020-12-24 14:22:00,590.0,590.0,590.0,590.0,125,150,590.0,587.8,621.15
2940,2020-12-24 14:23:00,590.0,590.0,590.0,590.0,125,150,590.0,587.8,621.15
2941,2020-12-24 14:24:00,590.0,590.0,590.0,590.0,125,150,590.0,587.8,621.15
2942,2020-12-24 14:25:00,590.0,590.0,590.0,590.0,125,150,590.0,587.8,621.15
2943,2020-12-24 14:26:00,590.0,590.0,590.0,590.0,125,150,590.0,587.8,621.15
2944,2020-12-24 14:27:00,590.0,590.0,590.0,590.0,125,150,590.0,587.8,621.15
2945,2020-12-24 14:28:00,590.0,590.0,590.0,590.0,125,150,590.0,587.8,621.15
2946,2020-12-24 14:29:00,590.0,590.0,590.0,590.0,125,150,590.0,587.8,621.15
2947,2020-12-24 14:30:00,590.0,590.0,590.0,590.0,125,150,590.0,587.8,621.15
2948,2020-12-24 14:31:00,590.0,590.0,590.0,590.0,125,150,590.0,587.8,621.15
2949,2020-12-24 14:32:00,590.0,590.0,590.0,590.0,125,150,590.0,587.8,621.15
2950,2020-12-24 14:33:00,590.0,590.0,590.0,590.0,125,150,590.0,587.8,621.15
2951,2020-12-24 14:34:00,590.0,590.0,590.0,590.0,125,150,590.0,587.8,621.15
2952,2020-12-24 14:35:00,590.0,590.0,590.0,590.0,125,150,590.0,587.8,621.15
2953,2020-12-24 14:36:00,590.0,590.0,590.0,590.0,125,150,590.0,587.8,621.15
2954,2020-12-24 14:37:00,590.0,590.0,590.0,590.0,125,150,590.0,587.8,621.15
2955,2020-12-24 14:38:00,590.0,590.0,590.0,590.0,125,150,590.0,587.8,621.15
2956,2020-12-24 14:39:00,590.0,590.0,590.0,590.0,125,150,590.0,587.8,621.15
2957,2020-12-24 14:40:00,590.0,590.0,590.0,590.0,125,150,590.0,587.8,621.15
2958,2020-12-24 14:41:00,590.0,590.0,590.0,590.0,125,150,590.0,587.8,621.15
2959,2020-12-24 14:42:00,590.0,590.0,590.0,590.0,125,150,590.0,587.8,621.15
2960,2020-12-24 14:43:00,590.0,590.0,590.0,590.0,125,150,590.0,587.8,621.15
2961,2020-12-24 14:44:00,590.0,590.0,590.0,590.0,125,150,590.0,587.8,621.15
2962,2020-12-24 14:45:00,590.0,590.0,590.0,590.0,125,150,590.0,587.8,621.15
2963,2020-12-24 14:46:00,590.0,590.0,590.0,590.0,125,150,590.0,587.8,621.15
2964,2020-12-24 14:47:00,590.0,590.0,590.0,590.0,125,150,590.0,587.8,621.15
2965,2020-12-24 14:48:00,590.0,590.0,590.0,590.0,125,150,590.0,587.8,621.15
2966,2020-12-24 14:49:00,590.0,590.0,590.0,590.0,125,150,590.0,587.8,621.15
2967,2020-12-24 14:50:00,590.0,590.0,590.0,590.0,125,150,590.0,587.8,621.15
2968,2020-12-24 14:51:00,590.0,590.0,590.0,590.0,125,150,590.0,587.8,621.15
2969,2020-12-24 14:52:00,590.0,590.0,590.0,590.0,125,150,590.0,587.8,621.15
2970,2020-12-24 14:53:00,590.0,590.0,590.0,590.0,125,150,590.0,587.8,621.15
2971,2020-12-24 14:54:00,590.0,590.0,590.0,590.0,125,150,590.0,587.8,621.15
2972,2020-12-24 14:55:00,590.0,590.0,590.0,590.0,125,150,590.0,587.8,621.15
2973,2020-12-24 14:56:00,590.0,590.0,590.0,590.0,125,150,590.0,587.8,621.15
2974,2020-12-24 14:57:00,590.0,590.0,590.0,590.0,125,150,590.0,587.8,621.15
2975,2020-12-24 14:58:00,590.0,590.0,590.0,590.0,125,150,590.0,587.8,621.15
2976,2020-12-24 14:59:00,590.0,590.0,590.0,590.0,125,150,590.0,587.8,621.15
2977,2020-12-24 15:00:00,590.0,590.0,590.0,590.0,125,150,590.0,587.8,621.15
2978,2020-12-24 15:01:00,590.0,590.0,590.0,590.0,125,150,590.0,587.8,621.15
2979,2020-12-24 15:02:00,590.0,590.0,590.0,590.0,125,150,590.0,587.8,621.15
2980,2020-12-24 15:03:00,590.0,590.0,590.0,590.0,125,150,590.0,587.8,621.15
2981,2020-12-24 15:04:00,590.0,590.0,590.0,590.0,125,150,590.0,587.8,621.15
2982,2020-12-24 15:05:00,590.0,590.0,590.0,590.0,125,150,590.0,587.8,621.15
2983,2020-12-24 15:06:00,590.0,590.0,590.0,590.0,125,150,590.0,587.8,621.15
2984,2020-12-24 15:07:00,590.0,590.0,590.0,590.0,125,150,590.0,587.8,621.15
2985,2020-12-24 15:08:00,590.0,590.0,590.0,590.0,125,150,590.0,587.8,621.15
2986,2020-12-24 15:09:00,590.0,590.0,590.0,590.0,125,150,590.0,587.8,621.15
2987,2020-12-24 15:10:00,590.0,590.0,590.0,590.0,125,150,590.0,587.8,621.15
2988,2020-12-24 15:11:00,590.0,590.0,590.0,590.0,125,150,590.0,587.8,621.15
2989,2020-12-24 15:12:00,590.0,590.0,590.0,590.0,125,150,590.0,587.8,621.15
2990,2020-12-24 15:13:00,590.0,590.0,590.0,590.0,125,150,590.0,587.8,621.15
2991,2020-12-24 15:14:00,590.0,590.0,590.0,590.0,125,150,590.0,587.8,621.15
2992,2020-12-24 15:15:00,590.0,590.0,590.0,590.0,125,150,590.0,587.8,621.15
2993,2020-12-24 15:16:00,590.0,590.0,590.0,590.0,125,150,590.0,587.8,621.15
2994,2020-12-24 15:17:00,590.0,590.0,590.0,590.0,125,150,590.0,587.8,621.15
2995,2020-12-24 15:18:00,590.0,590.0,590.0,590.0,125,150,590.0,587.8,621.15
2996,2020-12-24 15:19:00,590.0,590.0,590.0,590.0,125,150,590.0,587.8,621.15
2997,2020-12-24 15:20:00,590.0,590.0,590.0,590.0,125,150,590.0,587.8,621.15
2998,2020-12-24 15:21:00,590.0,590.0,590.0,590.0,125,150,590.0,587.8,621.15
2999,2020-12-24 15:22:00,590.0,590.0,590.0,590.0,125,150,590.0,587.8,621.15
3000,2020-12-24 15:23:00,590.0,590.0,590.0,590.0,125,150,590.0,587.8,621.15
3001,2020-12-24 15:24:00,590.0,590.0,590.0,590.0,125,150,590.0,587.8,621.15
3002,2020-12-24 15:25:00,590.0,590.0,590.0,590.0,125,150,590.0,587.8,621.15
3003,2020-12-24 15:26:00,590.0,590.0,590.0,590.0,125,150,590.0,587.8,621.15
3004,2020-12-24 15:27:00,590.0,590.0,590.0,590.0,125,150,590.0,587.8,621.15
3005,2020-12-24 15:28:00,590.0,590.0,590.0,590.0,125,150,590.0,587.8,621.15
3006,2020-12-24 15:29:00,590.0,590.0,590.0,590.0,125,150,590.0,587.8,621.15
3007,2020-12-24 15:30:00,590.0,590.0,590.0,590.0,125,150,590.0,587.8,621.15
3008,2020-12-25 09:15:00,590.0,590.0,590.0,590.0,125,150,590.0,587.8,621.15
3009,2020-12-25 09:16:00,590.0,590.0,590.0,590.0,125,150,590.0,587.8,621.15
3010,2020-12-25 09:17:00,590.0,590.0,590.0,590.0,125,150,590.0,587.8,621.15
3011,2020-12-25 09:18:00,590.0,590.0,590.0,590.0,125,150,590.0,587.8,621.15
3012,2020-12-25 09:19:00,590.0,590.0,590.0,590.0,125,150,590.0,587.8,621.15
3013,2020-12-25 09:20:00,590.0,590.0,590.0,590.0,125,150,590.0,587.8,621.15
3014,2020-12-25 09:21:00,590.0,590.0,590.0,590.0,125,150,590.0,587.8,621.15
3015,2020-12-25 09:22:00,590.0,590.0,590.0,590.0,125,150,590.0,587.8,621.15
3016,2020-12-25 09:23:00,590.0,590.0,590.0,590.0,125,150,590.0,587.8,621.15
3017,2020-12-25 09:24:00,590.0,590.0,590.0,590.0,125,150,590.0,587.8,621.15
3018,2020-12-25 09:25:00,590.0,590.0,590.0,590.0,125,150,590.0,587.8,621.15
3019,2020-12-25 09:26:00,590.0,590.0,590.0,590.0,125,150,590.0,587.8,621.15
3020,2020-12-25 09:27:00,590.0,590.0,590.0,590.0,125,150,590.0,587.8,621.15
3021,2020-12-25 09:28:00,590.0,590.0,590.0,590.0,125,150,590.0,587.8,621.15
3022,2020-12-25 09:29:00,590.0,590.0,590.0,590.0,125,150,590.0,587.8,621.15
3023,2020-12-25 09:30:00,590.0,590.0,590.0,590.0,125,150,590.0,587.8,621.15
3024,2020-12-25 09:31:00,590.0,590.0,590.0,590.0,125,150,590.0,587.8,621.15
3025,2020-12-25 09:32:00,590.0,590.0,590.0,590.0,125,150,590.0,587.8,621.15
3026,2020-12-25 09:33:00,590.0,590.0,590.0,590.0,125,150,590.0,587.8,621.15
3027,2020-12-25 09:34:00,590.0,590.0,590.0,590.0,125,150,590.0,587.8,621.15
3028,2020-12-25 09:35:00,590.0,590.0,590.0,590.0,125,150,590.0,587.8,621.15
3029,2020-12-25 09:36:00,590.0,590.0,590.0,590.0,125,150,590.0,587.8,621.15
3030,2020-12-25 09:37:00,590.0,590.0,590.0,590.0,125,150,590.0,587.8,621.15
3031,2020-12-25 09:38:00,590.0,590.0,590.0,590.0,125,150,590.0,587.8,621.15
3032,2020-12-25 09:39:00,590.0,590.0,590.0,590.0,125,150,590.0,587.8,621.15
3033,2020-12-25 09:40:00,590.0,590.0,590.0,590.0,125,150,590.0,587.8,621.15
3034,2020-12-25 09:41:00,590.0,590.0,590.0,590.0,125,150,590.0,587.8,621.15
3035,2020-12-25 09:42:00,590.0,590.0,590.0,590.0,125,150,590.0,587.8,621.15
3036,2020-12-25 09:43:00,590.0,590.0,590.0,590.0,125,150,590.0,587.8,621.15
3037,2020-12-25 09:44:00,590.0,590.0,590.0,590.0,125,150,590.0,587.8,621.15
3038,2020-12-25 09:45:00,590.0,590.0,590.0,590.0,125,150,590.0,587.8,621.15
3039,2020-12-25 09:46:00,590.0,590.0,590.0,590.0,125,150,590.0,587.8,621.15
3040,2020-12-25 09:47:00,590.0,590.0,590.0,590.0,125,150,590.0,587.8,621.15
3041,2020-12-25 09:48:00,590.0,590.0,590.0,590.0,125,150,590.0,587.8,621.15
3042,2020-12-25 09:49:00,590.0,590.0,590.0,590.0,125,150,590.0,587.8,621.15
3043,2020-12-25 09:50:00,590.0,590.0,590.0,590.0,125,150,590.0,587.8,621.15
3044,2020-12-25 09:51:00,590.0,590.0,590.0,590.0,125,150,590.0,587.8,621.15
3045,2020-12-25 09:52:00,590.0,590.0,590.0,590.0,125,150,590.0,587.8,621.15
3046,2020-12-25 09:53:00,590.0,590.0,590.0,590.0,125,150,590.0,587.8,621.15
3047,2020-12-25 09:54:00,590.0,590.0,590.0,590.0,125,150,590.0,587.8,621.15
3048,2020-12-25 09:55:00,590.0,590.0,590.0,590.0,125,150,590.0,587.8,621.15
3049,2020-12-25 09:56:00,590.0,590.0,590.0,590.0,125,150,590.0,587.8,621.15
3050,2020-12-25 09:57:00,590.0,590.0,590.0,590.0,125,150,590.0,587.8,621.15
3051,2020-12-25 09:58:00,590.0,590.0,590.0,590.0,125,150,590.0,587.8,621.15
3052,2020-12-25 09:59:00,590.0,590.0,590.0,590.0,125,150,590.0,587.8,621.15
3053,2020-12-25 10:00:00,590.0,590.0,590.0,590.0,125,150,590.0,587.8,621.15
3054,2020-12-25 10:01:00,590.0,590.0,590.0,590.0,125,150,590.0,587.8,621.15
3055,2020-12-25 10:02:00,590.0,590.0,590.0,590.0,125,150,590.0,587.8,621.15
3056,2020-12-25 10:03:00,590.0,590.0,590.0,590.0,125,150,590.0,587.8,621.15
3057,2020-12-25 10:04:00,590.0,590.0,590.0,590.0,125,150,590.0,587.8,621.15
3058,2020-12-25 10:05:00,590.0,590.0,590.0,590.0,125,150,590.0,587.8,621.15
3059,2020-12-25 10:06:00,590.0,590.0,590.0,590.0,125,150,590.0,587.8,621.15
3060,2020-12-25 10:07:00,590.0,590.0,590.0,590.0,125,150,590.0,587.8,621.15
3061,2020-12-25 10:08:00,590.0,590.0,590.0,590.0,125,150,590.0,587.8,621.15
3062,2020-12-25 10:09:00,590.0,590.0,590.0,590.0,125,150,590.0,587.8,621.15
3063,2020-12-25 10:10:00,590.0,590.0,590.0,590.0,125,150,590.0,587.8,621.15
3064,2020-12-25 10:11:00,590.0,590.0,590.0,590.0,125,150,590.0,587.8,621.15
3065,2020-12-25 10:12:00,590.0,590.0,590.0,590.0,125,150,590.0,587.8,621.15
3066,2020-12-25 10:13:00,590.0,590.0,590.0,590.0,125,150,590.0,587.8,621.15
3067,2020-12-25 10:14:00,590.0,590.0,590.0,590.0,125,150,590.0,587.8,621.15
3068,2020-12-25 10:15:00,590.0,590.0,590.0,590.0,125,150,590.0,587.8,621.15
3069,2020-12-25 10:16:00,590.0,590.0,590.0,590.0,125,150,590.0,587.8,621.15
3070,2020-12-25 10:17:00,590.0,590.0,590.0,590.0,125,150,590.0,587.8,621.15
3071,2020-12-25 10:18:00,590.0,590.0,590.0,590.0,125,150,590.0,587.8,621.15
3072,2020-12-25 10:19:00,590.0,590.0,590.0,590.0,125,150,590.0,587.8,621.15
3073,2020-12-25 10:20:00,590.0,590.0,590.0,590.0,125,150,590.0,587.8,621.15
3074,2020-12-25 10:21:00,590.0,590.0,590.0,590.0,125,150,590.0,587.8,621.15
3075,2020-12-25 10:22:00,590.0,590.0,590.0,590.0,125,150,590.0,587.8,621.15
3076,2020-12-25 10:23:00,590.0,590.0,590.0,590.0,125,150,590.0,587.8,621.15
3077,2020-12-25 10:24:00,590.0,590.0,590.0,590.0,125,150,590.0,587.8,621.15
3078,2020-12-25 10:25:00,590.0,590.0,590.0,590.0,125,150,590.0,587.8,621.15
3079,2020-12-25 10:26:00,590.0,590.0,590.0,590.0,125,150,590.0,587.8,621.15
3080,2020-12-25 10:27:00,590.0,590.0,590.0,590.0,125,150,590.0,587.8,621.15
3081,2020-12-25 10:28:00,590.0,590.0,590.0,590.0,125,150,590.0,587.8,621.15
3082,2020-12-25 10:29:00,590.0,590.0,590.0,590.0,125,150,590.0,587.8,621.15
3083,2020-12-25 10:30:00,590.0,590.0,590.0,590.0,125,150,590.0,587.8,621.15
3084,2020-12-25 10:31:00,590.0,590.0,590.0,590.0,125,150,590.0,587.8,621.15
3085,2020-12-25 10:32:00,590.0,590.0,590.0,590.0,125,150,590.0,587.8,621.15
3086,2020-12-25 10:33:00,590.0,590.0,590.0,590.0,125,150,590.0,587.8,621.15
3087,2020-12-25 10:34:00,590.0,590.0,590.0,590.0,125,150,590.0,587.8,621.15
3088,2020-12-25 10:35:00,590.0,590.0,590.0,590.0,125,150,590.0,587.8,621.15
3089,2020-12-25 10:36:00,590.0,590.0,590.0,590.0,125,150,590.0,587.8,621.15
3090,2020-12-25 10:37:00,590.0,590.0,590.0,590.0,125,150,590.0,587.8,621.15
3091,2020-12-25 10:38:00,590.0,590.0,590.0,590.0,125,150,590.0,587.8,621.15
3092,2020-12-25 10:39:00,590.0,590.0,590.0,590.0,125,150,590.0,587.8,621.15
3093,2020-12-25 10:40:00,590.0,590.0,590.0,590.0,125,150,590.0,587.8,621.15
3094,2020-12-25 10:41:00,590.0,590.0,590.0,590.0,125,150,590.0,587.8,621.15
3095,2020-12-25 10:42:00,590.0,590.0,590.0,590.0,125,150,590.0,587.8,621.15
3096,2020-12-25 10:43:00,590.0,590.0,590.0,590.0,125,150,590.0,587.8,621.15
3097,2020-12-25 10:44:00,590.0,590.0,590.0,590.0,125,150,590.0,587.8,621.15
3098,2020-12-25 10:45:00,590.0,590.0,590.0,590.0,125,150,590.0,587.8,621.15
3099,2020-12-25 10:46:00,590.0,590.0,590.0,590.0,125,150,590.0,587.8,621.15
3100,2020-12-25 10:47:00,590.0,590.0,590.0,590.0,125,150,590.0,587.8,621.15
3101,2020-12-25 10:48:00,590.0,590.0,590.0,590.0,125,150,590.0,587.8,621.15
3102,2020-12-25 10:49:00,590.0,590.0,590.0,590.0,125,150,590.0,587.8,621.15
3103,2020-12-25 10:50:00,590.0,590.0,590.0,590.0,125,150,590.0,587.8,621.15
3104,2020-12-25 10:51:00,590.0,590.0,590.0,590.0,125,150,590.0,587.8,621.15
3105,2020-12-25 10:52:00,590.0,590.0,590.0,590.0,125,150,590.0,587.8,621.15
3106,2020-12-25 10:53:00,590.0,590.0,590.0,590.0,125,150,590.0,587.8,621.15
3107,2020-12-25 10:54:00,590.0,590.0,590.0,590.0,125,150,590.0,587.8,621.15
3108,2020-12-25 10:55:00,590.0,590.0,590.0,590.0,125,150,590.0,587.8,621.15
3109,2020-12-25 10:56:00,590.0,590.0,590.0,590.0,125,150,590.0,587.8,621.15
3110,2020-12-25 10:57:00,590.0,590.0,590.0,590.0,125,150,590.0,587.8,621.15
3111,2020-12-25 10:58:00,590.0,590.0,590.0,590.0,125,150,590.0,587.8,621.15
3112,2020-12-25 10:59:00,590.0,590.0,590.0,590.0,125,150,590.0,587.8,621.15
3113,2020-12-25 11:00:00,590.0,590.0,590.0,590.0,125,150,590.0,587.8,621.15
3114,2020-12-25 11:01:00,590.0,590.0,590.0,590.0,125,150,590.0,587.8,621.15
3115,2020-12-25 11:02:00,590.0,590.0,590.0,590.0,125,150,590.0,587.8,621.15
3116,2020-12-25 11:03:00,590.0,590.0,590.0,590.0,125,150,590.0,587.8,621.15
3117,2020-12-25 11:04:00,590.0,590.0,590.0,590.0,125,150,590.0,587.8,621.15
3118,2020-12-25 11:05:00,590.0,590.0,590.0,590.0,125,150,590.0,587.8,621.15
3119,2020-12-25 11:06:00,590.0,590.0,590.0,590.0,125,150,590.0,587.8,621.15
3120,2020-12-25 11:07:00,590.0,590.0,590.0,590.0,125,150,590.0,587.8,621.15
3121,2020-12-25 11:08:00,590.0,590.0,590.0,590.0,125,150,590.0,587.8,621.15
3122,2020-12-25 11:09:00,590.0,590.0,590.0,590.0,125,150,590.0,587.8,621.15
3123,2020-12-25 11:10:00,590.0,590.0,590.0,590.0,125,150,590.0,587.8,621.15
3124,2020-12-25 11:11:00,590.0,590.0,590.0,590.0,125,150,590.0,587.8,621.15
3125,2020-12-25 11:12:00,590.0,590.0,590.0,590.0,125,150,590.0,587.8,621.15
3126,2020-12-25 11:13:00,590.0,590.0,590.0,590.0,125,150,590.0,587.8,621.15
3127,2020-12-25 11:14:00,590.0,590.0,590.0,590.0,125,150,590.0,587.8,621.15
3128,2020-12-25 11:15:00,590.0,590.0,590.0,590.0,125,150,590.0,587.8,621.15
3129,2020-12-25 11:16:00,590.0,590.0,590.0,590.0,125,150,590.0,587.8,621.15
3130,2020-12-25 11:17:00,590.0,590.0,590.0,590.0,125,150,590.0,587.8,621.15
3131,2020-12-25 11:18:00,590.0,590.0,590.0,590.0,125,150,590.0,587.8,621.15
3132,2020-12-25 11:19:00,590.0,590.0,590.0,590.0,125,150,590.0,587.8,621.15
3133,2020-12-25 11:20:00,590.0,590.0,590.0,590.0,125,150,590.0,587.8,621.15
3134,2020-12-25 11:21:00,590.0,590.0,590.0,590.0,125,150,590.0,587.8,621.15
3135,2020-12-25 11:22:00,590.0,590.0,590.0,590.0,125,150,590.0,587.8,621.15
3136,2020-12-25 11:23:00,590.0,590.0,590.0,590.0,125,150,590.0,587.8,621.15
3137,2020-12-25 11:24:00,590.0,590.0,590.0,590.0,125,150,590.0,587.8,621.15
3138,2020-12-25 11:25:00,590.0,590.0,590.0,590.0,125,150,590.0,587.8,621.15
3139,2020-12-25 11:26:00,590.0,590.0,590.0,590.0,125,150,590.0,587.8,621.15
3140,2020-12-25 11:27:00,590.0,590.0,590.0,590.0,125,150,590.0,587.8,621.15
3141,2020-12-25 11:28:00,590.0,590.0,590.0,590.0,125,150,590.0,587.8,621.15
3142,2020-12-25 11:29:00,590.0,590.0,590.0,590.0,125,150,590.0,587.8,621.15
3143,2020-12-25 11:30:00,590.0,590.0,590.0,590.0,125,150,590.0,587.8,621.15
3144,2020-12-25 11:31:00,590.0,590.0,590.0,590.0,125,150,590.0,587.8,621.15
3145,2020-12-25 11:32:00,590.0,590.0,590.0,590.0,125,150,590.0,587.8,621.15
3146,2020-12-25 11:33:00,590.0,590.0,590.0,590.0,125,150,590.0,587.8,621.15
3147,2020-12-25 11:34:00,590.0,590.0,590.0,590.0,125,150,590.0,587.8,621.15
3148,2020-12-25 11:35:00,590.0,590.0,590.0,590.0,125,150,590.0,587.8,621.15
3149,2020-12-25 11:36:00,590.0,590.0,590.0,590.0,125,150,590.0,587.8,621.15
3150,2020-12-25 11:37:00,590.0,590.0,590.0,590.0,125,150,590.0,587.8,621.15
3151,2020-12-25 11:38:00,590.0,590.0,590.0,590.0,125,150,590.0,587.8,621.15
3152,2020-12-25 11:39:00,590.0,590.0,590.0,590.0,125,150,590.0,587.8,621.15
3153,2020-12-25 11:40:00,590.0,590.0,590.0,590.0,125,150,590.0,587.8,621.15
3154,2020-12-25 11:41:00,590.0,590.0,590.0,590.0,125,150,590.0,587.8,621.15
3155,2020-12-25 11:42:00,590.0,590.0,590.0,590.0,125,150,590.0,587.8,621.15
3156,2020-12-25 11:43:00,590.0,590.0,590.0,590.0,125,150,590.0,587.8,621.15
3157,2020-12-25 11:44:00,590.0,590.0,590.0,590.0,125,150,590.0,587.8,621.15
3158,2020-12-25 11:45:00,590.0,590.0,590.0,590.0,125,150,590.0,587.8,621.15
3159,2020-12-25 11:46:00,590.0,590.0,590.0,590.0,125,150,590.0,587.8,621.15
3160,2020-12-25 11:47:00,590.0,590.0,590.0,590.0,125,150,590.0,587.8,621.15
3161,2020-12-25 11:48:00,590.0,590.0,590.0,590.0,125,150,590.0,587.8,621.15
3162,2020-12-25 11:49:00,590.0,590.0,590.0,590.0,125,150,590.0,587.8,621.15
3163,2020-12-25 11:50:00,590.0,590.0,590.0,590.0,125,150,590.0,587.8,621.15
3164,2020-12-25 11:51:00,590.0,590.0,590.0,590.0,125,150,590.0,587.8,621.15
3165,2020-12-25 11:52:00,590.0,590.0,590.0,590.0,125,150,590.0,587.8,621.15
3166,2020-12-25 11:53:00,590.0,590.0,590.0,590.0,125,150,590.0,587.8,621.15
3167,2020-12-25 11:54:00,590.0,590.0,590.0,590.0,125,150,590.0,587.8,621.15
3168,2020-12-25 11:55:00,590.0,590.0,590.0,590.0,125,150,590.0,587.8,621.15
3169,2020-12-25 11:56:00,590.0,590.0,590.0,590.0,125,150,590.0,587.8,621.15
3170,2020-12-25 11:57:00,590.0,590.0,590.0,590.0,125,150,590.0,587.8,621.15
3171,2020-12-25 11:58:00,590.0,590.0,590.0,590.0,125,150,590.0,587.8,621.15
3172,2020-12-25 11:59:00,590.0,590.0,590.0,590.0,125,150,590.0,587.8,621.15
3173,2020-12-25 12:00:00,590.0,590.0,590.0,590.0,125,150,590.0,587.8,621.15
3174,2020-12-25 12:01:00,590.0,590.0,590.0,590.0,125,150,590.0,587.8,621.15
3175,2020-12-25 12:02:00,590.0,590.0,590.0,590.0,125,150,590.0,587.8,621.15
3176,2020-12-25 12:03:00,590.0,590.0,590.0,590.0,125,150,590.0,587.8,621.15
3177,2020-12-25 12:04:00,590.0,590.0,590.0,590.0,125,150,590.0,587.8,621.15
3178,2020-12-25 12:05:00,590.0,590.0,590.0,590.0,125,150,590.0,587.8,621.15
3179,2020-12-25 12:06:00,590.0,590.0,590.0,590.0,125,150,590.0,587.8,621.15
3180,2020-12-25 12:07:00,590.0,590.0,590.0,590.0,125,150,590.0,587.8,621.15
3181,2020-12-25 12:08:00,590.0,590.0,590.0,590.0,125,150,590.0,587.8,621.15
3182,2020-12-25 12:09:00,590.0,590.0,590.0,590.0,125,150,590.0,587.8,621.15
3183,2020-12-25 12:10:00,590.0,590.0,590.0,590.0,125,150,590.0,587.8,621.15
3184,2020-12-25 12:11:00,590.0,590.0,590.0,590.0,125,150,590.0,587.8,621.15
3185,2020-12-25 12:12:00,590.0,590.0,590.0,590.0,125,150,590.0,587.8,621.15
3186,2020-12-25 12:13:00,590.0,590.0,590.0,590.0,125,150,590.0,587.8,621.15
3187,2020-12-25 12:14:00,590.0,590.0,590.0,590.0,125,150,590.0,587.8,621.15
3188,2020-12-25 12:15:00,590.0,590.0,590.0,590.0,125,150,590.0,587.8,621.15
3189,2020-12-25 12:16:00,590.0,590.0,590.0,590.0,125,150,590.0,587.8,621.15
3190,2020-12-25 12:17:00,590.0,590.0,590.0,590.0,125,150,590.0,587.8,621.15
3191,2020-12-25 12:18:00,590.0,590.0,590.0,590.0,125,150,590.0,587.8,621.15
3192,2020-12-25 12:19:00,590.0,590.0,590.0,590.0,125,150,590.0,587.8,621.15
3193,2020-12-25 12:20:00,590.0,590.0,590.0,590.0,125,150,590.0,587.8,621.15
3194,2020-12-25 12:21:00,590.0,590.0,590.0,590.0,125,150,590.0,587.8,621.15
3195,2020-12-25 12:22:00,590.0,590.0,590.0,590.0,125,150,590.0,587.8,621.15
3196,2020-12-25 12:23:00,590.0,590.0,590.0,590.0,125,150,590.0,587.8,621.15
3197,2020-12-25 12:24:00,590.0,590.0,590.0,590.0,125,150,590.0,587.8,621.15
3198,2020-12-25 12:25:00,590.0,590.0,590.0,590.0,125,150,590.0,587.8,621.15
3199,2020-12-25 12:26:00,590.0,590.0,590.0,590.0,125,150,590.0,587.8,621.15
3200,2020-12-25 12:27:00,590.0,590.0,590.0,590.0,125,150,590.0,587.8,621.15
3201,2020-12-25 12:28:00,590.0,590.0,590.0,590.0,125,150,590.0,587.8,621.15
3202,2020-12-25 12:29:00,590.0,590.0,590.0,590.0,125,150,590.0,587.8,621.15
3203,2020-12-25 12:30:00,590.0,590.0,590.0,590.0,125,150,590.0,587.8,621.15
3204,2020-12-25 12:31:00,590.0,590.0,590.0,590.0,125,150,590.0,587.8,621.15
3205,2020-12-25 12:32:00,590.0,590.0,590.0,590.0,125,150,590.0,587.8,621.15
3206,2020-12-25 12:33:00,590.0,590.0,590.0,590.0,125,150,590.0,587.8,621.15
3207,2020-12-25 12:34:00,590.0,590.0,590.0,590.0,125,150,590.0,587.8,621.15
3208,2020-12-25 12:35:00,590.0,590.0,590.0,590.0,125,150,590.0,587.8,621.15
3209,2020-12-25 12:36:00,590.0,590.0,590.0,590.0,125,150,590.0,587.8,621.15
3210,2020-12-25 12:37:00,590.0,590.0,590.0,590.0,125,150,590.0,587.8,621.15
3211,2020-12-25 12:38:00,590.0,590.0,590.0,590.0,125,150,590.0,587.8,621.15
3212,2020-12-25 12:39:00,590.0,590.0,590.0,590.0,125,150,590.0,587.8,621.15
3213,2020-12-25 12:40:00,590.0,590.0,590.0,590.0,125,150,590.0,587.8,621.15
3214,2020-12-25 12:41:00,590.0,590.0,590.0,590.0,125,150,590.0,587.8,621.15
3215,2020-12-25 12:42:00,590.0,590.0,590.0,590.0,125,150,590.0,587.8,621.15
3216,2020-12-25 12:43:00,590.0,590.0,590.0,590.0,125,150,590.0,587.8,621.15
3217,2020-12-25 12:44:00,590.0,590.0,590.0,590.0,125,150,590.0,587.8,621.15
3218,2020-12-25 12:45:00,590.0,590.0,590.0,590.0,125,150,590.0,587.8,621.15
3219,2020-12-25 12:46:00,590.0,590.0,590.0,590.0,125,150,590.0,587.8,621.15
3220,2020-12-25 12:47:00,590.0,590.0,590.0,590.0,125,150,590.0,587.8,621.15
3221,2020-12-25 12:48:00,590.0,590.0,590.0,590.0,125,150,590.0,587.8,621.15
3222,2020-12-25 12:49:00,590.0,590.0,590.0,590.0,125,150,590.0,587.8,621.15
3223,2020-12-25 12:50:00,590.0,590.0,590.0,590.0,125,150,590.0,587.8,621.15
3224,2020-12-25 12:51:00,590.0,590.0,590.0,590.0,125,150,590.0,587.8,621.15
3225,2020-12-25 12:52:00,590.0,590.0,590.0,590.0,125,150,590.0,587.8,621.15
3226,2020-12-25 12:53:00,590.0,590.0,590.0,590.0,125,150,590.0,587.8,621.15
3227,2020-12-25 12:54:00,590.0,590.0,590.0,590.0,125,150,590.0,587.8,621.15
3228,2020-12-25 12:55:00,590.0,590.0,590.0,590.0,125,150,590.0,587.8,621.15
3229,2020-12-25 12:56:00,590.0,590.0,590.0,590.0,125,150,590.0,587.8,621.15
3230,2020-12-25 12:57:00,590.0,590.0,590.0,590.0,125,150,590.0,587.8,621.15
3231,2020-12-25 12:58:00,590.0,590.0,590.0,590.0,125,150,590.0,587.8,621.15
3232,2020-12-25 12:59:00,590.0,590.0,590.0,590.0,125,150,590.0,587.8,621.15
3233,2020-12-25 13:00:00,590.0,590.0,590.0,590.0,125,150,590.0,587.8,621.15
3234,2020-12-25 13:01:00,590.0,590.0,590.0,590.0,125,150,590.0,587.8,621.15
3235,2020-12-25 13:02:00,590.0,590.0,590.0,590.0,125,150,590.0,587.8,621.15
3236,2020-12-25 13:03:00,590.0,590.0,590.0,590.0,125,150,590.0,587.8,621.15
3237,2020-12-25 13:04:00,590.0,590.0,590.0,590.0,125,150,590.0,587.8,621.15
3238,2020-12-25 13:05:00,590.0,590.0,590.0,590.0,125,150,590.0,587.8,621.15
3239,2020-12-25 13:06:00,590.0,590.0,590.0,590.0,125,150,590.0,587.8,621.15
3240,2020-12-25 13:07:00,590.0,590.0,590.0,590.0,125,150,590.0,587.8,621.15
3241,2020-12-25 13:08:00,590.0,590.0,590.0,590.0,125,150,590.0,587.8,621.15
3242,2020-12-25 13:09:00,590.0,590.0,590.0,590.0,125,150,590.0,587.8,621.15
3243,2020-12-25 13:10:00,590.0,590.0,590.0,590.0,125,150,590.0,587.8,621.15
3244,2020-12-25 13:11:00,590.0,590.0,590.0,590.0,125,150,590.0,587.8,621.15
3245,2020-12-25 13:12:00,590.0,590.0,590.0,590.0,125,150,590.0,587.8,621.15
3246,2020-12-25 13:13:00,590.0,590.0,590.0,590.0,125,150,590.0,587.8,621.15
3247,2020-12-25 13:14:00,590.0,590.0,590.0,590.0,125,150,590.0,587.8,621.15
3248,2020-12-25 13:15:00,590.0,590.0,590.0,590.0,125,150,590.0,587.8,621.15
3249,2020-12-25 13:16:00,590.0,590.0,590.0,590.0,125,150,590.0,587.8,621.15
3250,2020-12-25 13:17:00,590.0,590.0,590.0,590.0,125,150,590.0,587.8,621.15
3251,2020-12-25 13:18:00,590.0,590.0,590.0,590.0,125,150,590.0,587.8,621.15
3252,2020-12-25 13:19:00,590.0,590.0,590.0,590.0,125,150,590.0,587.8,621.15
3253,2020-12-25 13:20:00,590.0,590.0,590.0,590.0,125,150,590.0,587.8,621.15
3254,2020-12-25 13:21:00,590.0,590.0,590.0,590.0,125,150,590.0,587.8,621.15
3255,2020-12-25 13:22:00,590.0,590.0,590.0,590.0,125,150,590.0,587.8,621.15
3256,2020-12-25 13:23:00,590.0,590.0,590.0,590.0,125,150,590.0,587.8,621.15
3257,2020-12-25 13:24:00,590.0,590.0,590.0,590.0,125,150,590.0,587.8,621.15
3258,2020-12-25 13:25:00,590.0,590.0,590.0,590.0,125,150,590.0,587.8,621.15
3259,2020-12-25 13:26:00,590.0,590.0,590.0,590.0,125,150,590.0,587.8,621.15
3260,2020-12-25 13:27:00,590.0,590.0,590.0,590.0,125,150,590.0,587.8,621.15
3261,2020-12-25 13:28:00,590.0,590.0,590.0,590.0,125,150,590.0,587.8,621.15
3262,2020-12-25 13:29:00,590.0,590.0,590.0,590.0,125,150,590.0,587.8,621.15
3263,2020-12-25 13:30:00,590.0,590.0,590.0,590.0,125,150,590.0,587.8,621.15
3264,2020-12-25 13:31:00,590.0,590.0,590.0,590.0,125,150,590.0,587.8,621.15
3265,2020-12-25 13:32:00,590.0,590.0,590.0,590.0,125,150,590.0,587.8,621.15
3266,2020-12-25 13:33:00,590.0,590.0,590.0,590.0,125,150,590.0,587.8,621.15
3267,2020-12-25 13:34:00,590.0,590.0,590.0,590.0,125,150,590.0,587.8,621.15
3268,2020-12-25 13:35:00,590.0,590.0,590.0,590.0,125,150,590.0,587.8,621.15
3269,2020-12-25 13:36:00,590.0,590.0,590.0,590.0,125,150,590.0,587.8,621.15
3270,2020-12-25 13:37:00,590.0,590.0,590.0,590.0,125,150,590.0,587.8,621.15
3271,2020-12-25 13:38:00,590.0,590.0,590.0,590.0,125,150,590.0,587.8,621.15
3272,2020-12-25 13:39:00,590.0,590.0,590.0,590.0,125,150,590.0,587.8,621.15
3273,2020-12-25 13:40:00,590.0,590.0,590.0,590.0,125,150,590.0,587.8,621.15
3274,2020-12-25 13:41:00,590.0,590.0,590.0,590.0,125,150,590.0,587.8,621.15
3275,2020-12-25 13:42:00,590.0,590.0,590.0,590.0,125,150,590.0,587.8,621.15
3276,2020-12-25 13:43:00,590.0,590.0,590.0,590.0,125,150,590.0,587.8,621.15
3277,2020-12-25 13:44:00,590.0,590.0,590.0,590.0,125,150,590.0,587.8,621.15
3278,2020-12-25 13:45:00,590.0,590.0,590.0,590.0,125,150,590.0,587.8,621.15
3279,2020-12-25 13:46:00,590.0,590.0,590.0,590.0,125,150,590.0,587.8,621.15
3280,2020-12-25 13:47:00,590.0,590.0,590.0,590.0,125,150,590.0,587.8,621.15
3281,2020-12-25 13:48:00,590.0,590.0,590.0,590.0,125,150,590.0,587.8,621.15
3282,2020-12-25 13:49:00,590.0,590.0,590.0,590.0,125,150,590.0,587.8,621.15
3283,2020-12-25 13:50:00,590.0,590.0,590.0,590.0,125,150,590.0,587.8,621.15
3284,2020-12-25 13:51:00,590.0,590.0,590.0,590.0,125,150,590.0,587.8,621.15
3285,2020-12-25 13:52:00,590.0,590.0,590.0,590.0,125,150,590.0,587.8,621.15
3286,2020-12-25 13:53:00,590.0,590.0,590.0,590.0,125,150,590.0,587.8,621.15
3287,2020-12-25 13:54:00,590.0,590.0,590.0,590.0,125,150,590.0,587.8,621.15
3288,2020-12-25 13:55:00,590.0,590.0,590.0,590.0,125,150,590.0,587.8,621.15
3289,2020-12-25 13:56:00,590.0,590.0,590.0,590.0,125,150,590.0,587.8,621.15
3290,2020-12-25 13:57:00,590.0,590.0,590.0,590.0,125,150,590.0,587.8,621.15
3291,2020-12-25 13:58:00,590.0,590.0,590.0,590.0,125,150,590.0,587.8,621.15
3292,2020-12-25 13:59:00,590.0,590.0,590.0,590.0,125,150,590.0,587.8,621.15
3293,2020-12-25 14:00:00,590.0,590.0,590.0,590.0,125,150,590.0,587.8,621.15
3294,2020-12-25 14:01:00,590.0,590.0,590.0,590.0,125,150,590.0,587.8,621.15
3295,2020-12-25 14:02:00,590.0,590.0,590.0,590.0,125,150,590.0,587.8,621.15
3296,2020-12-25 14:03:00,590.0,590.0,590.0,590.0,125,150,590.0,587.8,621.15
3297,2020-12-25 14:04:00,590.0,590.0,590.0,590.0,125,150,590.0,587.8,621.15
3298,2020-12-25 14:05:00,590.0,590.0,590.0,590.0,125,150,590.0,587.8,621.15
3299,2020-12-25 14:06:00,590.0,590.0,590.0,590.0,125,150,590.0,587.8,621.15
3300,2020-12-25 14:07:00,590.0,590.0,590.0,590.0,125,150,590.0,587.8,621.15
3301,2020-12-25 14:08:00,590.0,590.0,590.0,590.0,125,150,590.0,587.8,621.15
3302,2020-12-25 14:09:00,590.0,590.0,590.0,590.0,125,150,590.0,587.8,621.15
3303,2020-12-25 14:10:00,590.0,590.0,590.0,590.0,125,150,590.0,587.8,621.15
3304,2020-12-25 14:11:00,590.0,590.0,590.0,590.0,125,150,590.0,587.8,621.15
3305,2020-12-25 14:12:00,590.0,590.0,590.0,590.0,125,150,590.0,587.8,621.15
3306,2020-12-25 14:13:00,590.0,590.0,590.0,590.0,125,150,590.0,587.8,621.15
3307,2020-12-25 14:14:00,590.0,590.0,590.0,590.0,125,150,590.0,587.8,621.15
3308,2020-12-25 14:15:00,590.0,590.0,590.0,590.0,125,150,590.0,587.8,621.15
3309,2020-12-25 14:16:00,590.0,590.0,590.0,590.0,125,150,590.0,587.8,621.15
3310,2020-12-25 14:17:00,590.0,590.0,590.0,590.0,125,150,590.0,587.8,621.15
3311,2020-12-25 14:18:00,590.0,590.0,590.0,590.0,125,150,590.0,587.8,621.15
3312,2020-12-25 14:19:00,590.0,590.0,590.0,590.0,125,150,590.0,587.8,621.15
3313,2020-12-25 14:20:00,590.0,590.0,590.0,590.0,125,150,590.0,587.8,621.15
3314,2020-12-25 14:21:00,590.0,590.0,590.0,590.0,125,150,590.0,587.8,621.15
3315,2020-12-25 14:22:00,590.0,590.0,590.0,590.0,125,150,590.0,587.8,621.15
3316,2020-12-25 14:23:00,590.0,590.0,590.0,590.0,125,150,590.0,587.8,621.15
3317,2020-12-25 14:24:00,590.0,590.0,590.0,590.0,125,150,590.0,587.8,621.15
3318,2020-12-25 14:25:00,590.0,590.0,590.0,590.0,125,150,590.0,587.8,621.15
3319,2020-12-25 14:26:00,590.0,590.0,590.0,590.0,125,150,590.0,587.8,621.15
3320,2020-12-25 14:27:00,590.0,590.0,590.0,590.0,125,150,590.0,587.8,621.15
3321,2020-12-25 14:28:00,590.0,590.0,590.0,590.0,125,150,590.0,587.8,621.15
3322,2020-12-25 14:29:00,590.0,590.0,590.0,590.0,125,150,590.0,587.8,621.15
3323,2020-12-25 14:30:00,590.0,590.0,590.0,590.0,125,150,590.0,587.8,621.15
3324,2020-12-25 14:31:00,590.0,590.0,590.0,590.0,125,150,590.0,587.8,621.15
3325,2020-12-25 14:32:00,590.0,590.0,590.0,590.0,125,150,590.0,587.8,621.15
3326,2020-12-25 14:33:00,590.0,590.0,590.0,590.0,125,150,590.0,587.8,621.15
3327,2020-12-25 14:34:00,590.0,590.0,590.0,590.0,125,150,590.0,587.8,621.15
3328,2020-12-25 14:35:00,590.0,590.0,590.0,590.0,125,150,590.0,587.8,621.15
3329,2020-12-25 14:36:00,590.0,590.0,590.0,590.0,125,150,590.0,587.8,621.15
3330,2020-12-25 14:37:00,590.0,590.0,590.0,590.0,125,150,590.0,587.8,621.15
3331,2020-12-25 14:38:00,590.0,590.0,590.0,590.0,125,150,590.0,587.8,621.15
3332,2020-12-25 14:39:00,590.0,590.0,590.0,590.0,125,150,590.0,587.8,621.15
3333,2020-12-25 14:40:00,590.0,590.0,590.0,590.0,125,150,590.0,587.8,621.15
3334,2020-12-25 14:41:00,590.0,590.0,590.0,590.0,125,150,590.0,587.8,621.15
3335,2020-12-25 14:42:00,590.0,590.0,590.0,590.0,125,150,590.0,587.8,621.15
3336,2020-12-25 14:43:00,590.0,590.0,590.0,590.0,125,150,590.0,587.8,621.15
3337,2020-12-25 14:44:00,590.0,590.0,590.0,590.0,125,150,590.0,587.8,621.15
3338,2020-12-25 14:45:00,590.0,590.0,590.0,590.0,125,150,590.0,587.8,621.15
3339,2020-12-25 14:46:00,590.0,590.0,590.0,590.0,125,150,590.0,587.8,621.15
3340,2020-12-25 14:47:00,590.0,590.0,590.0,590.0,125,150,590.0,587.8,621.15
3341,2020-12-25 14:48:00,590.0,590.0,590.0,590.0,125,150,590.0,587.8,621.15
3342,2020-12-25 14:49:00,590.0,590.0,590.0,590.0,125,150,590.0,587.8,621.15
3343,2020-12-25 14:50:00,590.0,590.0,590.0,590.0,125,150,590.0,587.8,621.15
3344,2020-12-25 14:51:00,590.0,590.0,590.0,590.0,125,150,590.0,587.8,621.15
3345,2020-12-25 14:52:00,590.0,590.0,590.0,590.0,125,150,590.0,587.8,621.15
3346,2020-12-25 14:53:00,590.0,590.0,590.0,590.0,125,150,590.0,587.8,621.15
3347,2020-12-25 14:54:00,590.0,590.0,590.0,590.0,125,150,590.0,587.8,621.15
3348,2020-12-25 14:55:00,590.0,590.0,590.0,590.0,125,150,590.0,587.8,621.15
3349,2020-12-25 14:56:00,590.0,590.0,590.0,590.0,125,150,590.0,587.8,621.15
3350,2020-12-25 14:57:00,590.0,590.0,590.0,590.0,125,150,590.0,587.8,621.15
3351,2020-12-25 14:58:00,590.0,590.0,590.0,590.0,125,150,590.0,587.8,621.15
3352,2020-12-25 14:59:00,590.0,590.0,590.0,590.0,125,150,590.0,587.8,621.15
3353,2020-12-25 15:00:00,590.0,590.0,590.0,590.0,125,150,590.0,587.8,621.15
3354,2020-12-25 15:01:00,590.0,590.0,590.0,590.0,125,150,590.0,587.8,621.15
3355,2020-12-25 15:02:00,590.0,590.0,590.0,590.0,125,150,590.0,587.8,621.15
3356,2020-12-25 15:03:00,590.0,590.0,590.0,590.0,125,150,590.0,587.8,621.15
3357,2020-12-25 15:04:00,590.0,590.0,590.0,590.0,125,150,590.0,587.8,621.15
3358,2020-12-25 15:05:00,590.0,590.0,590.0,590.0,125,150,590.0,587.8,621.15
3359,2020-12-25 15:06:00,590.0,590.0,590.0,590.0,125,150,590.0,587.8,621.15
3360,2020-12-25 15:07:00,590.0,590.0,590.0,590.0,125,150,590.0,587.8,621.15
3361,2020-12-25 15:08:00,590.0,590.0,590.0,590.0,125,150,590.0,587.8,621.15
3362,2020-12-25 15:09:00,590.0,590.0,590.0,590.0,125,150,590.0,587.8,621.15
3363,2020-12-25 15:10:00,590.0,590.0,590.0,590.0,125,150,590.0,587.8,621.15
3364,2020-12-25 15:11:00,590.0,590.0,590.0,590.0,125,150,590.0,587.8,621.15
3365,2020-12-25 15:12:00,590.0,590.0,590.0,590.0,125,150,590.0,587.8,621.15
3366,2020-12-25 15:13:00,590.0,590.0,590.0,590.0,125,150,590.0,587.8,621.15
3367,2020-12-25 15:14:00,590.0,590.0,590.0,590.0,125,150,590.0,587.8,621.15
3368,2020-12-25 15:15:00,590.0,590.0,590.0,590.0,125,150,590.0,587.8,621.15
3369,2020-12-25 15:16:00,590.0,590.0,590.0,590.0,125,150,590.0,587.8,621.15
3370,2020-12-25 15:17:00,590.0,590.0,590.0,590.0,125,150,590.0,587.8,621.15
3371,2020-12-25 15:18:00,590.0,590.0,590.0,590.0,125,150,590.0,587.8,621.15
3372,2020-12-25 15:19:00,590.0,590.0,590.0,590.0,125,150,590.0,587.8,621.15
3373,2020-12-25 15:20:00,590.0,590.0,590.0,590.0,125,150,590.0,587.8,621.15
3374,2020-12-25 15:21:00,590.0,590.0,590.0,590.0,125,150,590.0,587.8,621.15
3375,2020-12-25 15:22:00,590.0,590.0,590.0,590.0,125,150,590.0,587.8,621.15
3376,2020-12-25 15:23:00,590.0,590.0,590.0,590.0,125,150,590.0,587.8,621.15
3377,2020-12-25 15:24:00,590.0,590.0,590.0,590.0,125,150,590.0,587.8,621.15
3378,2020-12-25 15:25:00,590.0,590.0,590.0,590.0,125,150,590.0,587.8,621.15
3379,2020-12-25 15:26:00,590.0,590.0,590.0,590.0,125,150,590.0,587.8,621.15
3380,2020-12-25 15:27:00,590.0,590.0,590.0,590.0,125,150,590.0,587.8,621.15
3381,2020-12-25 15:28:00,590.0,590.0,590.0,590.0,125,150,590.0,587.8,621.15
3382,2020-12-25 15:29:00,590.0,590.0,590.0,590.0,125,150,590.0,587.8,621.15
3383,2020-12-25 15:30:00,590.0,590.0,590.0,590.0,125,150,590.0,587.8,621.15
3384,2020-12-26 09:15:00,590.0,590.0,590.0,590.0,125,150,590.0,587.8,621.15
3385,2020-12-26 09:16:00,590.0,590.0,590.0,590.0,125,150,590.0,587.8,621.15
3386,2020-12-26 09:17:00,590.0,590.0,590.0,590.0,125,150,590.0,587.8,621.15
3387,2020-12-26 09:18:00,590.0,590.0,590.0,590.0,125,150,590.0,587.8,621.15
3388,2020-12-26 09:19:00,590.0,590.0,590.0,590.0,125,150,590.0,587.8,621.15
3389,2020-12-26 09:20:00,590.0,590.0,590.0,590.0,125,150,590.0,587.8,621.15
3390,2020-12-26 09:21:00,590.0,590.0,590.0,590.0,125,150,590.0,587.8,621.15
3391,2020-12-26 09:22:00,590.0,590.0,590.0,590.0,125,150,590.0,587.8,621.15
3392,2020-12-26 09:23:00,590.0,590.0,590.0,590.0,125,150,590.0,587.8,621.15
3393,2020-12-26 09:24:00,590.0,590.0,590.0,590.0,125,150,590.0,587.8,621.15
3394,2020-12-26 09:25:00,590.0,590.0,590.0,590.0,125,150,590.0,587.8,621.15
3395,2020-12-26 09:26:00,590.0,590.0,590.0,590.0,125,150,590.0,587.8,621.15
3396,2020-12-26 09:27:00,590.0,590.0,590.0,590.0,125,150,590.0,587.8,621.15
3397,2020-12-26 09:28:00,590.0,590.0,590.0,590.0,125,150,590.0,587.8,621.15
3398,2020-12-26 09:29:00,590.0,590.0,590.0,590.0,125,150,590.0,587.8,621.15
3399,2020-12-26 09:30:00,590.0,590.0,590.0,590.0,125,150,590.0,587.8,621.15
3400,2020-12-26 09:31:00,590.0,590.0,590.0,590.0,125,150,590.0,587.8,621.15
3401,2020-12-26 09:32:00,590.0,590.0,590.0,590.0,125,150,590.0,587.8,621.15
3402,2020-12-26 09:33:00,590.0,590.0,590.0,590.0,125,150,590.0,587.8,621.15
3403,2020-12-26 09:34:00,590.0,590.0,590.0,590.0,125,150,590.0,587.8,621.15
3404,2020-12-26 09:35:00,590.0,590.0,590.0,590.0,125,150,590.0,587.8,621.15
3405,2020-12-26 09:36:00,590.0,590.0,590.0,590.0,125,150,590.0,587.8,621.15
3406,2020-12-26 09:37:00,590.0,590.0,590.0,590.0,125,150,590.0,587.8,621.15
3407,2020-12-26 09:38:00,590.0,590.0,590.0,590.0,125,150,590.0,587.8,621.15
3408,2020-12-26 09:39:00,590.0,590.0,590.0,590.0,125,150,590.0,587.8,621.15
3409,2020-12-26 09:40:00,590.0,590.0,590.0,590.0,125,150,590.0,587.8,621.15
3410,2020-12-26 09:41:00,590.0,590.0,590.0,590.0,125,150,590.0,587.8,621.15
3411,2020-12-26 09:42:00,590.0,590.0,590.0,590.0,125,150,590.0,587.8,621.15
3412,2020-12-26 09:43:00,590.0,590.0,590.0,590.0,125,150,590.0,587.8,621.15
3413,2020-12-26 09:44:00,590.0,590.0,590.0,590.0,125,150,590.0,587.8,621.15
3414,2020-12-26 09:45:00,590.0,590.0,590.0,590.0,125,150,590.0,587.8,621.15
3415,2020-12-26 09:46:00,590.0,590.0,590.0,590.0,125,150,590.0,587.8,621.15
3416,2020-12-26 09:47:00,590.0,590.0,590.0,590.0,125,150,590.0,587.8,621.15
3417,2020-12-26 09:48:00,590.0,590.0,590.0,590.0,125,150,590.0,587.8,621.15
3418,2020-12-26 09:49:00,590.0,590.0,590.0,590.0,125,150,590.0,587.8,621.15
3419,2020-12-26 09:50:00,590.0,590.0,590.0,590.0,125,150,590.0,587.8,621.15
3420,2020-12-26 09:51:00,590.0,590.0,590.0,590.0,125,150,590.0,587.8,621.15
3421,2020-12-26 09:52:00,590.0,590.0,590.0,590.0,125,150,590.0,587.8,621.15
3422,2020-12-26 09:53:00,590.0,590.0,590.0,590.0,125,150,590.0,587.8,621.15
3423,2020-12-26 09:54:00,590.0,590.0,590.0,590.0,125,150,590.0,587.8,621.15
3424,2020-12-26 09:55:00,590.0,590.0,590.0,590.0,125,150,590.0,587.8,621.15
3425,2020-12-26 09:56:00,590.0,590.0,590.0,590.0,125,150,590.0,587.8,621.15
3426,2020-12-26 09:57:00,590.0,590.0,590.0,590.0,125,150,590.0,587.8,621.15
3427,2020-12-26 09:58:00,590.0,590.0,590.0,590.0,125,150,590.0,587.8,621.15
3428,2020-12-26 09:59:00,590.0,590.0,590.0,590.0,125,150,590.0,587.8,621.15
3429,2020-12-26 10:00:00,590.0,590.0,590.0,590.0,125,150,590.0,587.8,621.15
3430,2020-12-26 10:01:00,590.0,590.0,590.0,590.0,125,150,590.0,587.8,621.15
3431,2020-12-26 10:02:00,590.0,590.0,590.0,590.0,125,150,590.0,587.8,621.15
3432,2020-12-26 10:03:00,590.0,590.0,590.0,590.0,125,150,590.0,587.8,621.15
3433,2020-12-26 10:04:00,590.0,590.0,590.0,590.0,125,150,590.0,587.8,621.15
3434,2020-12-26 10:05:00,590.0,590.0,590.0,590.0,125,150,590.0,587.8,621.15
3435,2020-12-26 10:06:00,590.0,590.0,590.0,590.0,125,150,590.0,587.8,621.15
3436,2020-12-26 10:07:00,590.0,590.0,590.0,590.0,125,150,590.0,587.8,621.15
3437,2020-12-26 10:08:00,590.0,590.0,590.0,590.0,125,150,590.0,587.8,621.15
3438,2020-12-26 10:09:00,590.0,590.0,590.0,590.0,125,150,590.0,587.8,621.15
3439,2020-12-26 10:10:00,590.0,590.0,590.0,590.0,125,150,590.0,587.8,621.15
3440,2020-12-26 10:11:00,590.0,590.0,590.0,590.0,125,150,590.0,587.8,621.15
3441,2020-12-26 10:12:00,590.0,590.0,590.0,590.0,125,150,590.0,587.8,621.15
3442,2020-12-26 10:13:00,590.0,590.0,590.0,590.0,125,150,590.0,587.8,621.15
3443,2020-12-26 10:14:00,590.0,590.0,590.0,590.0,125,150,590.0,587.8,621.15
3444,2020-12-26 10:15:00,590.0,590.0,590.0,590.0,125,150,590.0,587.8,621.15
3445,2020-12-26 10:16:00,590.0,590.0,590.0,590.0,125,150,590.0,587.8,621.15
3446,2020-12-26 10:17:00,590.0,590.0,590.0,590.0,125,150,590.0,587.8,621.15
3447,2020-12-26 10:18:00,590.0,590.0,590.0,590.0,125,150,590.0,587.8,621.15
3448,2020-12-26 10:19:00,590.0,590.0,590.0,590.0,125,150,590.0,587.8,621.15
3449,2020-12-26 10:20:00,590.0,590.0,590.0,590.0,125,150,590.0,587.8,621.15
3450,2020-12-26 10:21:00,590.0,590.0,590.0,590.0,125,150,590.0,587.8,621.15
3451,2020-12-26 10:22:00,590.0,590.0,590.0,590.0,125,150,590.0,587.8,621.15
3452,2020-12-26 10:23:00,590.0,590.0,590.0,590.0,125,150,590.0,587.8,621.15
3453,2020-12-26 10:24:00,590.0,590.0,590.0,590.0,125,150,590.0,587.8,621.15
3454,2020-12-26 10:25:00,590.0,590.0,590.0,590.0,125,150,590.0,587.8,621.15
3455,2020-12-26 10:26:00,590.0,590.0,590.0,590.0,125,150,590.0,587.8,621.15
3456,2020-12-26 10:27:00,590.0,590.0,590.0,590.0,125,150,590.0,587.8,621.15
3457,2020-12-26 10:28:00,590.0,590.0,590.0,590.0,125,150,590.0,587.8,621.15
3458,2020-12-26 10:29:00,590.0,590.0,590.0,590.0,125,150,590.0,587.8,621.15
3459,2020-12-26 10:30:00,590.0,590.0,590.0,590.0,125,150,590.0,587.8,621.15
3460,2020-12-26 10:31:00,590.0,590.0,590.0,590.0,125,150,590.0,587.8,621.15
3461,2020-12-26 10:32:00,590.0,590.0,590.0,590.0,125,150,590.0,587.8,621.15
3462,2020-12-26 10:33:00,590.0,590.0,590.0,590.0,125,150,590.0,587.8,621.15
3463,2020-12-26 10:34:00,590.0,590.0,590.0,590.0,125,150,590.0,587.8,621.15
3464,2020-12-26 10:35:00,590.0,590.0,590.0,590.0,125,150,590.0,587.8,621.15
3465,2020-12-26 10:36:00,590.0,590.0,590.0,590.0,125,150,590.0,587.8,621.15
3466,2020-12-26 10:37:00,590.0,590.0,590.0,590.0,125,150,590.0,587.8,621.15
3467,2020-12-26 10:38:00,590.0,590.0,590.0,590.0,125,150,590.0,587.8,621.15
3468,2020-12-26 10:39:00,590.0,590.0,590.0,590.0,125,150,590.0,587.8,621.15
3469,2020-12-26 10:40:00,590.0,590.0,590.0,590.0,125,150,590.0,587.8,621.15
3470,2020-12-26 10:41:00,590.0,590.0,590.0,590.0,125,150,590.0,587.8,621.15
3471,2020-12-26 10:42:00,590.0,590.0,590.0,590.0,125,150,590.0,587.8,621.15
3472,2020-12-26 10:43:00,590.0,590.0,590.0,590.0,125,150,590.0,587.8,621.15
3473,2020-12-26 10:44:00,590.0,590.0,590.0,590.0,125,150,590.0,587.8,621.15
3474,2020-12-26 10:45:00,590.0,590.0,590.0,590.0,125,150,590.0,587.8,621.15
3475,2020-12-26 10:46:00,590.0,590.0,590.0,590.0,125,150,590.0,587.8,621.15
3476,2020-12-26 10:47:00,590.0,590.0,590.0,590.0,125,150,590.0,587.8,621.15
3477,2020-12-26 10:48:00,590.0,590.0,590.0,590.0,125,150,590.0,587.8,621.15
3478,2020-12-26 10:49:00,590.0,590.0,590.0,590.0,125,150,590.0,587.8,621.15
3479,2020-12-26 10:50:00,590.0,590.0,590.0,590.0,125,150,590.0,587.8,621.15
3480,2020-12-26 10:51:00,590.0,590.0,590.0,590.0,125,150,590.0,587.8,621.15
3481,2020-12-26 10:52:00,590.0,590.0,590.0,590.0,125,150,590.0,587.8,621.15
3482,2020-12-26 10:53:00,590.0,590.0,590.0,590.0,125,150,590.0,587.8,621.15
3483,2020-12-26 10:54:00,590.0,590.0,590.0,590.0,125,150,590.0,587.8,621.15
3484,2020-12-26 10:55:00,590.0,590.0,590.0,590.0,125,150,590.0,587.8,621.15
3485,2020-12-26 10:56:00,590.0,590.0,590.0,590.0,125,150,590.0,587.8,621.15
3486,2020-12-26 10:57:00,590.0,590.0,590.0,590.0,125,150,590.0,587.8,621.15
3487,2020-12-26 10:58:00,590.0,590.0,590.0,590.0,125,150,590.0,587.8,621.15
3488,2020-12-26 10:59:00,590.0,590.0,590.0,590.0,125,150,590.0,587.8,621.15
3489,2020-12-26 11:00:00,590.0,590.0,590.0,590.0,125,150,590.0,587.8,621.15
3490,2020-12-26 11:01:00,590.0,590.0,590.0,590.0,125,150,590.0,587.8,621.15
3491,2020-12-26 11:02:00,590.0,590.0,590.0,590.0,125,150,590.0,587.8,621.15
3492,2020-12-26 11:03:00,590.0,590.0,590.0,590.0,125,150,590.0,587.8,621.15
3493,2020-12-26 11:04:00,590.0,590.0,590.0,590.0,125,150,590.0,587.8,621.15
3494,2020-12-26 11:05:00,590.0,590.0,590.0,590.0,125,150,590.0,587.8,621.15
3495,2020-12-26 11:06:00,590.0,590.0,590.0,590.0,125,150,590.0,587.8,621.15
3496,2020-12-26 11:07:00,590.0,590.0,590.0,590.0,125,150,590.0,587.8,621.15
3497,2020-12-26 11:08:00,590.0,590.0,590.0,590.0,125,150,590.0,587.8,621.15
3498,2020-12-26 11:09:00,590.0,590.0,590.0,590.0,125,150,590.0,587.8,621.15
3499,2020-12-26 11:10:00,590.0,590.0,590.0,590.0,125,150,590.0,587.8,621.15
3500,2020-12-26 11:11:00,590.0,590.0,590.0,590.0,125,150,590.0,587.8,621.15
3501,2020-12-26 11:12:00,590.0,590.0,590.0,590.0,125,150,590.0,587.8,621.15
3502,2020-12-26 11:13:00,590.0,590.0,590.0,590.0,125,150,590.0,587.8,621.15
3503,2020-12-26 11:14:00,590.0,590.0,590.0,590.0,125,150,590.0,587.8,621.15
3504,2020-12-26 11:15:00,590.0,590.0,590.0,590.0,125,150,590.0,587.8,621.15
3505,2020-12-26 11:16:00,590.0,590.0,590.0,590.0,125,150,590.0,587.8,621.15
3506,2020-12-26 11:17:00,590.0,590.0,590.0,590.0,125,150,590.0,587.8,621.15
3507,2020-12-26 11:18:00,590.0,590.0,590.0,590.0,125,150,590.0,587.8,621.15
3508,2020-12-26 11:19:00,590.0,590.0,590.0,590.0,125,150,590.0,587.8,621.15
3509,2020-12-26 11:20:00,590.0,590.0,590.0,590.0,125,150,590.0,587.8,621.15
3510,2020-12-26 11:21:00,590.0,590.0,590.0,590.0,125,150,590.0,587.8,621.15
3511,2020-12-26 11:22:00,590.0,590.0,590.0,590.0,125,150,590.0,587.8,621.15
3512,2020-12-26 11:23:00,590.0,590.0,590.0,590.0,125,150,590.0,587.8,621.15
3513,2020-12-26 11:24:00,590.0,590.0,590.0,590.0,125,150,590.0,587.8,621.15
3514,2020-12-26 11:25:00,590.0,590.0,590.0,590.0,125,150,590.0,587.8,621.15
3515,2020-12-26 11:26:00,590.0,590.0,590.0,590.0,125,150,590.0,587.8,621.15
3516,2020-12-26 11:27:00,590.0,590.0,590.0,590.0,125,150,590.0,587.8,621.15
3517,2020-12-26 11:28:00,590.0,590.0,590.0,590.0,125,150,590.0,587.8,621.15
3518,2020-12-26 11:29:00,590.0,590.0,590.0,590.0,125,150,590.0,587.8,621.15
3519,2020-12-26 11:30:00,590.0,590.0,590.0,590.0,125,150,590.0,587.8,621.15
3520,2020-12-26 11:31:00,590.0,590.0,590.0,590.0,125,150,590.0,587.8,621.15
3521,2020-12-26 11:32:00,590.0,590.0,590.0,590.0,125,150,590.0,587.8,621.15
3522,2020-12-26 11:33:00,590.0,590.0,590.0,590.0,125,150,590.0,587.8,621.15
3523,2020-12-26 11:34:00,590.0,590.0,590.0,590.0,125,150,590.0,587.8,621.15
3524,2020-12-26 11:35:00,590.0,590.0,590.0,590.0,125,150,590.0,587.8,621.15
3525,2020-12-26 11:36:00,590.0,590.0,590.0,590.0,125,150,590.0,587.8,621.15
3526,2020-12-26 11:37:00,590.0,590.0,590.0,590.0,125,150,590.0,587.8,621.15
3527,2020-12-26 11:38:00,590.0,590.0,590.0,590.0,125,150,590.0,587.8,621.15
3528,2020-12-26 11:39:00,590.0,590.0,590.0,590.0,125,150,590.0,587.8,621.15
3529,2020-12-26 11:40:00,590.0,590.0,590.0,590.0,125,150,590.0,587.8,621.15
3530,2020-12-26 11:41:00,590.0,590.0,590.0,590.0,125,150,590.0,587.8,621.15
3531,2020-12-26 11:42:00,590.0,590.0,590.0,590.0,125,150,590.0,587.8,621.15
3532,2020-12-26 11:43:00,590.0,590.0,590.0,590.0,125,150,590.0,587.8,621.15
3533,2020-12-26 11:44:00,590.0,590.0,590.0,590.0,125,150,590.0,587.8,621.15
3534,2020-12-26 11:45:00,590.0,590.0,590.0,590.0,125,150,590.0,587.8,621.15
3535,2020-12-26 11:46:00,590.0,590.0,590.0,590.0,125,150,590.0,587.8,621.15
3536,2020-12-26 11:47:00,590.0,590.0,590.0,590.0,125,150,590.0,587.8,621.15
3537,2020-12-26 11:48:00,590.0,590.0,590.0,590.0,125,150,590.0,587.8,621.15
3538,2020-12-26 11:49:00,590.0,590.0,590.0,590.0,125,150,590.0,587.8,621.15
3539,2020-12-26 11:50:00,590.0,590.0,590.0,590.0,125,150,590.0,587.8,621.15
3540,2020-12-26 11:51:00,590.0,590.0,590.0,590.0,125,150,590.0,587.8,621.15
3541,2020-12-26 11:52:00,590.0,590.0,590.0,590.0,125,150,590.0,587.8,621.15
3542,2020-12-26 11:53:00,590.0,590.0,590.0,590.0,125,150,590.0,587.8,621.15
3543,2020-12-26 11:54:00,590.0,590.0,590.0,590.0,125,150,590.0,587.8,621.15
3544,2020-12-26 11:55:00,590.0,590.0,590.0,590.0,125,150,590.0,587.8,621.15
3545,2020-12-26 11:56:00,590.0,590.0,590.0,590.0,125,150,590.0,587.8,621.15
3546,2020-12-26 11:57:00,590.0,590.0,590.0,590.0,125,150,590.0,587.8,621.15
3547,2020-12-26 11:58:00,590.0,590.0,590.0,590.0,125,150,590.0,587.8,621.15
3548,2020-12-26 11:59:00,590.0,590.0,590.0,590.0,125,150,590.0,587.8,621.15
3549,2020-12-26 12:00:00,590.0,590.0,590.0,590.0,125,150,590.0,587.8,621.15
3550,2020-12-26 12:01:00,590.0,590.0,590.0,590.0,125,150,590.0,587.8,621.15
3551,2020-12-26 12:02:00,590.0,590.0,590.0,590.0,125,150,590.0,587.8,621.15
3552,2020-12-26 12:03:00,590.0,590.0,590.0,590.0,125,150,590.0,587.8,621.15
3553,2020-12-26 12:04:00,590.0,590.0,590.0,590.0,125,150,590.0,587.8,621.15
3554,2020-12-26 12:05:00,590.0,590.0,590.0,590.0,125,150,590.0,587.8,621.15
3555,2020-12-26 12:06:00,590.0,590.0,590.0,590.0,125,150,590.0,587.8,621.15
3556,2020-12-26 12:07:00,590.0,590.0,590.0,590.0,125,150,590.0,587.8,621.15
3557,2020-12-26 12:08:00,590.0,590.0,590.0,590.0,125,150,590.0,587.8,621.15
3558,2020-12-26 12:09:00,590.0,590.0,590.0,590.0,125,150,590.0,587.8,621.15
3559,2020-12-26 12:10:00,590.0,590.0,590.0,590.0,125,150,590.0,587.8,621.15
3560,2020-12-26 12:11:00,590.0,590.0,590.0,590.0,125,150,590.0,587.8,621.15
3561,2020-12-26 12:12:00,590.0,590.0,590.0,590.0,125,150,590.0,587.8,621.15
3562,2020-12-26 12:13:00,590.0,590.0,590.0,590.0,125,150,590.0,587.8,621.15
3563,2020-12-26 12:14:00,590.0,590.0,590.0,590.0,125,150,590.0,587.8,621.15
3564,2020-12-26 12:15:00,590.0,590.0,590.0,590.0,125,150,590.0,587.8,621.15
3565,2020-12-26 12:16:00,590.0,590.0,590.0,590.0,125,150,590.0,587.8,621.15
3566,2020-12-26 12:17:00,590.0,590.0,590.0,590.0,125,150,590.0,587.8,621.15
3567,2020-12-26 12:18:00,590.0,590.0,590.0,590.0,125,150,590.0,587.8,621.15
3568,2020-12-26 12:19:00,590.0,590.0,590.0,590.0,125,150,590.0,587.8,621.15
3569,2020-12-26 12:20:00,590.0,590.0,590.0,590.0,125,150,590.0,587.8,621.15
3570,2020-12-26 12:21:00,590.0,590.0,590.0,590.0,125,150,590.0,587.8,621.15
3571,2020-12-26 12:22:00,590.0,590.0,590.0,590.0,125,150,590.0,587.8,621.15
3572,2020-12-26 12:23:00,590.0,590.0,590.0,590.0,125,150,590.0,587.8,621.15
3573,2020-12-26 12:24:00,590.0,590.0,590.0,590.0,125,150,590.0,587.8,621.15
3574,2020-12-26 12:25:00,590.0,590.0,590.0,590.0,125,150,590.0,587.8,621.15
3575,2020-12-26 12:26:00,590.0,590.0,590.0,590.0,125,150,590.0,587.8,621.15
3576,2020-12-26 12:27:00,590.0,590.0,590.0,590.0,125,150,590.0,587.8,621.15
3577,2020-12-26 12:28:00,590.0,590.0,590.0,590.0,125,150,590.0,587.8,621.15
3578,2020-12-26 12:29:00,590.0,590.0,590.0,590.0,125,150,590.0,587.8,621.15
3579,2020-12-26 12:30:00,590.0,590.0,590.0,590.0,125,150,590.0,587.8,621.15
3580,2020-12-26 12:31:00,590.0,590.0,590.0,590.0,125,150,590.0,587.8,621.15
3581,2020-12-26 12:32:00,590.0,590.0,590.0,590.0,125,150,590.0,587.8,621.15
3582,2020-12-26 12:33:00,590.0,590.0,590.0,590.0,125,150,590.0,587.8,621.15
3583,2020-12-26 12:34:00,590.0,590.0,590.0,590.0,125,150,590.0,587.8,621.15
3584,2020-12-26 12:35:00,590.0,590.0,590.0,590.0,125,150,590.0,587.8,621.15
3585,2020-12-26 12:36:00,590.0,590.0,590.0,590.0,125,150,590.0,587.8,621.15
3586,2020-12-26 12:37:00,590.0,590.0,590.0,590.0,125,150,590.0,587.8,621.15
3587,2020-12-26 12:38:00,590.0,590.0,590.0,590.0,125,150,590.0,587.8,621.15
3588,2020-12-26 12:39:00,590.0,590.0,590.0,590.0,125,150,590.0,587.8,621.15
3589,2020-12-26 12:40:00,590.0,590.0,590.0,590.0,125,150,590.0,587.8,621.15
3590,2020-12-26 12:41:00,590.0,590.0,590.0,590.0,125,150,590.0,587.8,621.15
3591,2020-12-26 12:42:00,590.0,590.0,590.0,590.0,125,150,590.0,587.8,621.15
3592,2020-12-26 12:43:00,590.0,590.0,590.0,590.0,125,150,590.0,587.8,621.15
3593,2020-12-26 12:44:00,590.0,590.0,590.0,590.0,125,150,590.0,587.8,621.15
3594,2020-12-26 12:45:00,590.0,590.0,590.0,590.0,125,150,590.0,587.8,621.15
3595,2020-12-26 12:46:00,590.0,590.0,590.0,590.0,125,150,590.0,587.8,621.15
3596,2020-12-26 12:47:00,590.0,590.0,590.0,590.0,125,150,590.0,587.8,621.15
3597,2020-12-26 12:48:00,590.0,590.0,590.0,590.0,125,150,590.0,587.8,621.15
3598,2020-12-26 12:49:00,590.0,590.0,590.0,590.0,125,150,590.0,587.8,621.15
3599,2020-12-26 12:50:00,590.0,590.0,590.0,590.0,125,150,590.0,587.8,621.15
3600,2020-12-26 12:51:00,590.0,590.0,590.0,590.0,125,150,590.0,587.8,621.15
3601,2020-12-26 12:52:00,590.0,590.0,590.0,590.0,125,150,590.0,587.8,621.15
3602,2020-12-26 12:53:00,590.0,590.0,590.0,590.0,125,150,590.0,587.8,621.15
3603,2020-12-26 12:54:00,590.0,590.0,590.0,590.0,125,150,590.0,587.8,621.15
3604,2020-12-26 12:55:00,590.0,590.0,590.0,590.0,125,150,590.0,587.8,621.15
3605,2020-12-26 12:56:00,590.0,590.0,590.0,590.0,125,150,590.0,587.8,621.15
3606,2020-12-26 12:57:00,590.0,590.0,590.0,590.0,125,150,590.0,587.8,621.15
3607,2020-12-26 12:58:00,590.0,590.0,590.0,590.0,125,150,590.0,587.8,621.15
3608,2020-12-26 12:59:00,590.0,590.0,590.0,590.0,125,150,590.0,587.8,621.15
3609,2020-12-26 13:00:00,590.0,590.0,590.0,590.0,125,150,590.0,587.8,621.15
3610,2020-12-26 13:01:00,590.0,590.0,590.0,590.0,125,150,590.0,587.8,621.15
3611,2020-12-26 13:02:00,590.0,590.0,590.0,590.0,125,150,590.0,587.8,621.15
3612,2020-12-26 13:03:00,590.0,590.0,590.0,590.0,125,150,590.0,587.8,621.15
3613,2020-12-26 13:04:00,590.0,590.0,590.0,590.0,125,150,590.0,587.8,621.15
3614,2020-12-26 13:05:00,590.0,590.0,590.0,590.0,125,150,590.0,587.8,621.15
3615,2020-12-26 13:06:00,590.0,590.0,590.0,590.0,125,150,590.0,587.8,621.15
3616,2020-12-26 13:07:00,590.0,590.0,590.0,590.0,125,150,590.0,587.8,621.15
3617,2020-12-26 13:08:00,590.0,590.0,590.0,590.0,125,150,590.0,587.8,621.15
3618,2020-12-26 13:09:00,590.0,590.0,590.0,590.0,125,150,590.0,587.8,621.15
3619,2020-12-26 13:10:00,590.0,590.0,590.0,590.0,125,150,590.0,587.8,621.15
3620,2020-12-26 13:11:00,590.0,590.0,590.0,590.0,125,150,590.0,587.8,621.15
3621,2020-12-26 13:12:00,590.0,590.0,590.0,590.0,125,150,590.0,587.8,621.15
3622,2020-12-26 13:13:00,590.0,590.0,590.0,590.0,125,150,590.0,587.8,621.15
3623,2020-12-26 13:14:00,590.0,590.0,590.0,590.0,125,150,590.0,587.8,621.15
3624,2020-12-26 13:15:00,590.0,590.0,590.0,590.0,125,150,590.0,587.8,621.15
3625,2020-12-26 13:16:00,590.0,590.0,590.0,590.0,125,150,590.0,587.8,621.15
3626,2020-12-26 13:17:00,590.0,590.0,590.0,590.0,125,150,590.0,587.8,621.15
3627,2020-12-26 13:18:00,590.0,590.0,590.0,590.0,125,150,590.0,587.8,621.15
3628,2020-12-26 13:19:00,590.0,590.0,590.0,590.0,125,150,590.0,587.8,621.15
3629,2020-12-26 13:20:00,590.0,590.0,590.0,590.0,125,150,590.0,587.8,621.15
3630,2020-12-26 13:21:00,590.0,590.0,590.0,590.0,125,150,590.0,587.8,621.15
3631,2020-12-26 13:22:00,590.0,590.0,590.0,590.0,125,150,590.0,587.8,621.15
3632,2020-12-26 13:23:00,590.0,590.0,590.0,590.0,125,150,590.0,587.8,621.15
3633,2020-12-26 13:24:00,590.0,590.0,590.0,590.0,125,150,590.0,587.8,621.15
3634,2020-12-26 13:25:00,590.0,590.0,590.0,590.0,125,150,590.0,587.8,621.15
3635,2020-12-26 13:26:00,590.0,590.0,590.0,590.0,125,150,590.0,587.8,621.15
3636,2020-12-26 13:27:00,590.0,590.0,590.0,590.0,125,150,590.0,587.8,621.15
3637,2020-12-26 13:28:00,590.0,590.0,590.0,590.0,125,150,590.0,587.8,621.15
3638,2020-12-26 13:29:00,590.0,590.0,590.0,590.0,125,150,590.0,587.8,621.15
3639,2020-12-26 13:30:00,590.0,590.0,590.0,590.0,125,150,590.0,587.8,621.15
3640,2020-12-26 13:31:00,590.0,590.0,590.0,590.0,125,150,590.0,587.8,621.15
3641,2020-12-26 13:32:00,590.0,590.0,590.0,590.0,125,150,590.0,587.8,621.15
3642,2020-12-26 13:33:00,590.0,590.0,590.0,590.0,125,150,590.0,587.8,621.15
3643,2020-12-26 13:34:00,590.0,590.0,590.0,590.0,125,150,590.0,587.8,621.15
3644,2020-12-26 13:35:00,590.0,590.0,590.0,590.0,125,150,590.0,587.8,621.15
3645,2020-12-26 13:36:00,590.0,590.0,590.0,590.0,125,150,590.0,587.8,621.15
3646,2020-12-26 13:37:00,590.0,590.0,590.0,590.0,125,150,590.0,587.8,621.15
3647,2020-12-26 13:38:00,590.0,590.0,590.0,590.0,125,150,590.0,587.8,621.15
3648,2020-12-26 13:39:00,590.0,590.0,590.0,590.0,125,150,590.0,587.8,621.15
3649,2020-12-26 13:40:00,590.0,590.0,590.0,590.0,125,150,590.0,587.8,621.15
3650,2020-12-26 13:41:00,590.0,590.0,590.0,590.0,125,150,590.0,587.8,621.15
3651,2020-12-26 13:42:00,590.0,590.0,590.0,590.0,125,150,590.0,587.8,621.15
3652,2020-12-26 13:43:00,590.0,590.0,590.0,590.0,125,150,590.0,587.8,621.15
3653,2020-12-26 13:44:00,590.0,590.0,590.0,590.0,125,150,590.0,587.8,621.15
3654,2020-12-26 13:45:00,590.0,590.0,590.0,590.0,125,150,590.0,587.8,621.15
3655,2020-12-26 13:46:00,590.0,590.0,590.0,590.0,125,150,590.0,587.8,621.15
3656,2020-12-26 13:47:00,590.0,590.0,590.0,590.0,125,150,590.0,587.8,621.15
3657,2020-12-26 13:48:00,590.0,590.0,590.0,590.0,125,150,590.0,587.8,621.15
3658,2020-12-26 13:49:00,590.0,590.0,590.0,590.0,125,150,590.0,587.8,621.15
3659,2020-12-26 13:50:00,590.0,590.0,590.0,590.0,125,150,590.0,587.8,621.15
3660,2020-12-26 13:51:00,590.0,590.0,590.0,590.0,125,150,590.0,587.8,621.15
3661,2020-12-26 13:52:00,590.0,590.0,590.0,590.0,125,150,590.0,587.8,621.15
3662,2020-12-26 13:53:00,590.0,590.0,590.0,590.0,125,150,590.0,587.8,621.15
3663,2020-12-26 13:54:00,590.0,590.0,590.0,590.0,125,150,590.0,587.8,621.15
3664,2020-12-26 13:55:00,590.0,590.0,590.0,590.0,125,150,590.0,587.8,621.15
3665,2020-12-26 13:56:00,590.0,590.0,590.0,590.0,125,150,590.0,587.8,621.15
3666,2020-12-26 13:57:00,590.0,590.0,590.0,590.0,125,150,590.0,587.8,621.15
3667,2020-12-26 13:58:00,590.0,590.0,590.0,590.0,125,150,590.0,587.8,621.15
3668,2020-12-26 13:59:00,590.0,590.0,590.0,590.0,125,150,590.0,587.8,621.15
3669,2020-12-26 14:00:00,590.0,590.0,590.0,590.0,125,150,590.0,587.8,621.15
3670,2020-12-26 14:01:00,590.0,590.0,590.0,590.0,125,150,590.0,587.8,621.15
3671,2020-12-26 14:02:00,590.0,590.0,590.0,590.0,125,150,590.0,587.8,621.15
3672,2020-12-26 14:03:00,590.0,590.0,590.0,590.0,125,150,590.0,587.8,621.15
3673,2020-12-26 14:04:00,590.0,590.0,590.0,590.0,125,150,590.0,587.8,621.15
3674,2020-12-26 14:05:00,590.0,590.0,590.0,590.0,125,150,590.0,587.8,621.15
3675,2020-12-26 14:06:00,590.0,590.0,590.0,590.0,125,150,590.0,587.8,621.15
3676,2020-12-26 14:07:00,590.0,590.0,590.0,590.0,125,150,590.0,587.8,621.15
3677,2020-12-26 14:08:00,590.0,590.0,590.0,590.0,125,150,590.0,587.8,621.15
3678,2020-12-26 14:09:00,590.0,590.0,590.0,590.0,125,150,590.0,587.8,621.15
3679,2020-12-26 14:10:00,590.0,590.0,590.0,590.0,125,150,590.0,587.8,621.15
3680,2020-12-26 14:11:00,590.0,590.0,590.0,590.0,125,150,590.0,587.8,621.15
3681,2020-12-26 14:12:00,590.0,590.0,590.0,590.0,125,150,590.0,587.8,621.15
3682,2020-12-26 14:13:00,590.0,590.0,590.0,590.0,125,150,590.0,587.8,621.15
3683,2020-12-26 14:14:00,590.0,590.0,590.0,590.0,125,150,590.0,587.8,621.15
3684,2020-12-26 14:15:00,590.0,590.0,590.0,590.0,125,150,590.0,587.8,621.15
3685,2020-12-26 14:16:00,590.0,590.0,590.0,590.0,125,150,590.0,587.8,621.15
3686,2020-12-26 14:17:00,590.0,590.0,590.0,590.0,125,150,590.0,587.8,621.15
3687,2020-12-26 14:18:00,590.0,590.0,590.0,590.0,125,150,590.0,587.8,621.15
3688,2020-12-26 14:19:00,590.0,590.0,590.0,590.0,125,150,590.0,587.8,621.15
3689,2020-12-26 14:20:00,590.0,590.0,590.0,590.0,125,150,590.0,587.8,621.15
3690,2020-12-26 14:21:00,590.0,590.0,590.0,590.0,125,150,590.0,587.8,621.15
3691,2020-12-26 14:22:00,590.0,590.0,590.0,590.0,125,150,590.0,587.8,621.15
3692,2020-12-26 14:23:00,590.0,590.0,590.0,590.0,125,150,590.0,587.8,621.15
3693,2020-12-26 14:24:00,590.0,590.0,590.0,590.0,125,150,590.0,587.8,621.15
3694,2020-12-26 14:25:00,590.0,590.0,590.0,590.0,125,150,590.0,587.8,621.15
3695,2020-12-26 14:26:00,590.0,590.0,590.0,590.0,125,150,590.0,587.8,621.15
3696,2020-12-26 14:27:00,590.0,590.0,590.0,590.0,125,150,590.0,587.8,621.15
3697,2020-12-26 14:28:00,590.0,590.0,590.0,590.0,125,150,590.0,587.8,621.15
3698,2020-12-26 14:29:00,590.0,590.0,590.0,590.0,125,150,590.0,587.8,621.15
3699,2020-12-26 14:30:00,590.0,590.0,590.0,590.0,125,150,590.0,587.8,621.15
3700,2020-12-26 14:31:00,590.0,590.0,590.0,590.0,125,150,590.0,587.8,621.15
3701,2020-12-26 14:32:00,590.0,590.0,590.0,590.0,125,150,590.0,587.8,621.15
3702,2020-12-26 14:33:00,590.0,590.0,590.0,590.0,125,150,590.0,587.8,621.15
3703,2020-12-26 14:34:00,590.0,590.0,590.0,590.0,125,150,590.0,587.8,621.15
3704,2020-12-26 14:35:00,590.0,590.0,590.0,590.0,125,150,590.0,587.8,621.15
3705,2020-12-26 14:36:00,590.0,590.0,590.0,590.0,125,150,590.0,587.8,621.15
3706,2020-12-26 14:37:00,590.0,590.0,590.0,590.0,125,150,590.0,587.8,621.15
3707,2020-12-26 14:38:00,590.0,590.0,590.0,590.0,125,150,590.0,587.8,621.15
3708,2020-12-26 14:39:00,590.0,590.0,590.0,590.0,125,150,590.0,587.8,621.15
3709,2020-12-26 14:40:00,590.0,590.0,590.0,590.0,125,150,590.0,587.8,621.15
3710,2020-12-26 14:41:00,590.0,590.0,590.0,590.0,125,150,590.0,587.8,621.15
3711,2020-12-26 14:42:00,590.0,590.0,590.0,590.0,125,150,590.0,587.8,621.15
3712,2020-12-26 14:43:00,590.0,590.0,590.0,590.0,125,150,590.0,587.8,621.15
3713,2020-12-26 14:44:00,590.0,590.0,590.0,590.0,125,150,590.0,587.8,621.15
3714,2020-12-26 14:45:00,590.0,590.0,590.0,590.0,125,150,590.0,587.8,621.15
3715,2020-12-26 14:46:00,590.0,590.0,590.0,590.0,125,150,590.0,587.8,621.15
3716,2020-12-26 14:47:00,590.0,590.0,590.0,590.0,125,150,590.0,587.8,621.15
3717,2020-12-26 14:48:00,590.0,590.0,590.0,590.0,125,150,590.0,587.8,621.15
3718,2020-12-26 14:49:00,590.0,590.0,590.0,590.0,125,150,590.0,587.8,621.15
3719,2020-12-26 14:50:00,590.0,590.0,590.0,590.0,125,150,590.0,587.8,621.15
3720,2020-12-26 14:51:00,590.0,590.0,590.0,590.0,125,150,590.0,587.8,621.15
3721,2020-12-26 14:52:00,590.0,590.0,590.0,590.0,125,150,590.0,587.8,621.15
3722,2020-12-26 14:53:00,590.0,590.0,590.0,590.0,125,150,590.0,587.8,621.15
3723,2020-12-26 14:54:00,590.0,590.0,590.0,590.0,125,150,590.0,587.8,621.15
3724,2020-12-26 14:55:00,590.0,590.0,590.0,590.0,125,150,590.0,587.8,621.15
3725,2020-12-26 14:56:00,590.0,590.0,590.0,590.0,125,150,590.0,587.8,621.15
3726,2020-12-26 14:57:00,590.0,590.0,590.0,590.0,125,150,590.0,587.8,621.15
3727,2020-12-26 14:58:00,590.0,590.0,590.0,590.0,125,150,590.0,587.8,621.15
3728,2020-12-26 14:59:00,590.0,590.0,590.0,590.0,125,150,590.0,587.8,621.15
3729,2020-12-26 15:00:00,590.0,590.0,590.0,590.0,125,150,590.0,587.8,621.15
3730,2020-12-26 15:01:00,590.0,590.0,590.0,590.0,125,150,590.0,587.8,621.15
3731,2020-12-26 15:02:00,590.0,590.0,590.0,590.0,125,150,590.0,587.8,621.15
3732,2020-12-26 15:03:00,590.0,590.0,590.0,590.0,125,150,590.0,587.8,621.15
3733,2020-12-26 15:04:00,590.0,590.0,590.0,590.0,125,150,590.0,587.8,621.15
3734,2020-12-26 15:05:00,590.0,590.0,590.0,590.0,125,150,590.0,587.8,621.15
3735,2020-12-26 15:06:00,590.0,590.0,590.0,590.0,125,150,590.0,587.8,621.15
3736,2020-12-26 15:07:00,590.0,590.0,590.0,590.0,125,150,590.0,587.8,621.15
3737,2020-12-26 15:08:00,590.0,590.0,590.0,590.0,125,150,590.0,587.8,621.15
3738,2020-12-26 15:09:00,590.0,590.0,590.0,590.0,125,150,590.0,587.8,621.15
3739,2020-12-26 15:10:00,590.0,590.0,590.0,590.0,125,150,590.0,587.8,621.15
3740,2020-12-26 15:11:00,590.0,590.0,590.0,590.0,125,150,590.0,587.8,621.15
3741,2020-12-26 15:12:00,590.0,590.0,590.0,590.0,125,150,590.0,587.8,621.15
3742,2020-12-26 15:13:00,590.0,590.0,590.0,590.0,125,150,590.0,587.8,621.15
3743,2020-12-26 15:14:00,590.0,590.0,590.0,590.0,125,150,590.0,587.8,621.15
3744,2020-12-26 15:15:00,590.0,590.0,590.0,590.0,125,150,590.0,587.8,621.15
3745,2020-12-26 15:16:00,590.0,590.0,590.0,590.0,125,150,590.0,587.8,621.15
3746,2020-12-26 15:17:00,590.0,590.0,590.0,590.0,125,150,590.0,587.8,621.15
3747,2020-12-26 15:18:00,590.0,590.0,590.0,590.0,125,150,590.0,587.8,621.15
3748,2020-12-26 15:19:00,590.0,590.0,590.0,590.0,125,150,590.0,587.8,621.15
3749,2020-12-26 15:20:00,590.0,590.0,590.0,590.0,125,150,590.0,587.8,621.15
3750,2020-12-26 15:21:00,590.0,590.0,590.0,590.0,125,150,590.0,587.8,621.15
3751,2020-12-26 15:22:00,590.0,590.0,590.0,590.0,125,150,590.0,587.8,621.15
3752,2020-12-26 15:23:00,590.0,590.0,590.0,590.0,125,150,590.0,587.8,621.15
3753,2020-12-26 15:24:00,590.0,590.0,590.0,590.0,125,150,590.0,587.8,621.15
3754,2020-12-26 15:25:00,590.0,590.0,590.0,590.0,125,150,590.0,587.8,621.15
3755,2020-12-26 15:26:00,590.0,590.0,590.0,590.0,125,150,590.0,587.8,621.15
3756,2020-12-26 15:27:00,590.0,590.0,590.0,590.0,125,150,590.0,587.8,621.15
3757,2020-12-26 15:28:00,590.0,590.0,590.0,590.0,125,150,590.0,587.8,621.15
3758,2020-12-26 15:29:00,590.0,590.0,590.0,590.0,125,150,590.0,587.8,621.15
3759,2020-12-26 15:30:00,590.0,590.0,590.0,590.0,125,150,590.0,587.8,621.15
3760,2020-12-27 09:15:00,590.0,590.0,590.0,590.0,125,150,590.0,587.8,621.15
3761,2020-12-27 09:16:00,590.0,590.0,590.0,590.0,125,150,590.0,587.8,621.15
3762,2020-12-27 09:17:00,590.0,590.0,590.0,590.0,125,150,590.0,587.8,621.15
3763,2020-12-27 09:18:00,590.0,590.0,590.0,590.0,125,150,590.0,587.8,621.15
3764,2020-12-27 09:19:00,590.0,590.0,590.0,590.0,125,150,590.0,587.8,621.15
3765,2020-12-27 09:20:00,590.0,590.0,590.0,590.0,125,150,590.0,587.8,621.15
3766,2020-12-27 09:21:00,590.0,590.0,590.0,590.0,125,150,590.0,587.8,621.15
3767,2020-12-27 09:22:00,590.0,590.0,590.0,590.0,125,150,590.0,587.8,621.15
3768,2020-12-27 09:23:00,590.0,590.0,590.0,590.0,125,150,590.0,587.8,621.15
3769,2020-12-27 09:24:00,590.0,590.0,590.0,590.0,125,150,590.0,587.8,621.15
3770,2020-12-27 09:25:00,590.0,590.0,590.0,590.0,125,150,590.0,587.8,621.15
3771,2020-12-27 09:26:00,590.0,590.0,590.0,590.0,125,150,590.0,587.8,621.15
3772,2020-12-27 09:27:00,590.0,590.0,590.0,590.0,125,150,590.0,587.8,621.15
3773,2020-12-27 09:28:00,590.0,590.0,590.0,590.0,125,150,590.0,587.8,621.15
3774,2020-12-27 09:29:00,590.0,590.0,590.0,590.0,125,150,590.0,587.8,621.15
3775,2020-12-27 09:30:00,590.0,590.0,590.0,590.0,125,150,590.0,587.8,621.15
3776,2020-12-27 09:31:00,590.0,590.0,590.0,590.0,125,150,590.0,587.8,621.15
3777,2020-12-27 09:32:00,590.0,590.0,590.0,590.0,125,150,590.0,587.8,621.15
3778,2020-12-27 09:33:00,590.0,590.0,590.0,590.0,125,150,590.0,587.8,621.15
3779,2020-12-27 09:34:00,590.0,590.0,590.0,590.0,125,150,590.0,587.8,621.15
3780,2020-12-27 09:35:00,590.0,590.0,590.0,590.0,125,150,590.0,587.8,621.15
3781,2020-12-27 09:36:00,590.0,590.0,590.0,590.0,125,150,590.0,587.8,621.15
3782,2020-12-27 09:37:00,590.0,590.0,590.0,590.0,125,150,590.0,587.8,621.15
3783,2020-12-27 09:38:00,590.0,590.0,590.0,590.0,125,150,590.0,587.8,621.15
3784,2020-12-27 09:39:00,590.0,590.0,590.0,590.0,125,150,590.0,587.8,621.15
3785,2020-12-27 09:40:00,590.0,590.0,590.0,590.0,125,150,590.0,587.8,621.15
3786,2020-12-27 09:41:00,590.0,590.0,590.0,590.0,125,150,590.0,587.8,621.15
3787,2020-12-27 09:42:00,590.0,590.0,590.0,590.0,125,150,590.0,587.8,621.15
3788,2020-12-27 09:43:00,590.0,590.0,590.0,590.0,125,150,590.0,587.8,621.15
3789,2020-12-27 09:44:00,590.0,590.0,590.0,590.0,125,150,590.0,587.8,621.15
3790,2020-12-27 09:45:00,590.0,590.0,590.0,590.0,125,150,590.0,587.8,621.15
3791,2020-12-27 09:46:00,590.0,590.0,590.0,590.0,125,150,590.0,587.8,621.15
3792,2020-12-27 09:47:00,590.0,590.0,590.0,590.0,125,150,590.0,587.8,621.15
3793,2020-12-27 09:48:00,590.0,590.0,590.0,590.0,125,150,590.0,587.8,621.15
3794,2020-12-27 09:49:00,590.0,590.0,590.0,590.0,125,150,590.0,587.8,621.15
3795,2020-12-27 09:50:00,590.0,590.0,590.0,590.0,125,150,590.0,587.8,621.15
3796,2020-12-27 09:51:00,590.0,590.0,590.0,590.0,125,150,590.0,587.8,621.15
3797,2020-12-27 09:52:00,590.0,590.0,590.0,590.0,125,150,590.0,587.8,621.15
3798,2020-12-27 09:53:00,590.0,590.0,590.0,590.0,125,150,590.0,587.8,621.15
3799,2020-12-27 09:54:00,590.0,590.0,590.0,590.0,125,150,590.0,587.8,621.15
3800,2020-12-27 09:55:00,590.0,590.0,590.0,590.0,125,150,590.0,587.8,621.15
3801,2020-12-27 09:56:00,590.0,590.0,590.0,590.0,125,150,590.0,587.8,621.15
3802,2020-12-27 09:57:00,590.0,590.0,590.0,590.0,125,150,590.0,587.8,621.15
3803,2020-12-27 09:58:00,590.0,590.0,590.0,590.0,125,150,590.0,587.8,621.15
3804,2020-12-27 09:59:00,590.0,590.0,590.0,590.0,125,150,590.0,587.8,621.15
3805,2020-12-27 10:00:00,590.0,590.0,590.0,590.0,125,150,590.0,587.8,621.15
3806,2020-12-27 10:01:00,590.0,590.0,590.0,590.0,125,150,590.0,587.8,621.15
3807,2020-12-27 10:02:00,590.0,590.0,590.0,590.0,125,150,590.0,587.8,621.15
3808,2020-12-27 10:03:00,590.0,590.0,590.0,590.0,125,150,590.0,587.8,621.15
3809,2020-12-27 10:04:00,590.0,590.0,590.0,590.0,125,150,590.0,587.8,621.15
3810,2020-12-27 10:05:00,590.0,590.0,590.0,590.0,125,150,590.0,587.8,621.15
3811,2020-12-27 10:06:00,590.0,590.0,590.0,590.0,125,150,590.0,587.8,621.15
3812,2020-12-27 10:07:00,590.0,590.0,590.0,590.0,125,150,590.0,587.8,621.15
3813,2020-12-27 10:08:00,590.0,590.0,590.0,590.0,125,150,590.0,587.8,621.15
3814,2020-12-27 10:09:00,590.0,590.0,590.0,590.0,125,150,590.0,587.8,621.15
3815,2020-12-27 10:10:00,590.0,590.0,590.0,590.0,125,150,590.0,587.8,621.15
3816,2020-12-27 10:11:00,590.0,590.0,590.0,590.0,125,150,590.0,587.8,621.15
3817,2020-12-27 10:12:00,590.0,590.0,590.0,590.0,125,150,590.0,587.8,621.15
3818,2020-12-27 10:13:00,590.0,590.0,590.0,590.0,125,150,590.0,587.8,621.15
3819,2020-12-27 10:14:00,590.0,590.0,590.0,590.0,125,150,590.0,587.8,621.15
3820,2020-12-27 10:15:00,590.0,590.0,590.0,590.0,125,150,590.0,587.8,621.15
3821,2020-12-27 10:16:00,590.0,590.0,590.0,590.0,125,150,590.0,587.8,621.15
3822,2020-12-27 10:17:00,590.0,590.0,590.0,590.0,125,150,590.0,587.8,621.15
3823,2020-12-27 10:18:00,590.0,590.0,590.0,590.0,125,150,590.0,587.8,621.15
3824,2020-12-27 10:19:00,590.0,590.0,590.0,590.0,125,150,590.0,587.8,621.15
3825,2020-12-27 10:20:00,590.0,590.0,590.0,590.0,125,150,590.0,587.8,621.15
3826,2020-12-27 10:21:00,590.0,590.0,590.0,590.0,125,150,590.0,587.8,621.15
3827,2020-12-27 10:22:00,590.0,590.0,590.0,590.0,125,150,590.0,587.8,621.15
3828,2020-12-27 10:23:00,590.0,590.0,590.0,590.0,125,150,590.0,587.8,621.15
3829,2020-12-27 10:24:00,590.0,590.0,590.0,590.0,125,150,590.0,587.8,621.15
3830,2020-12-27 10:25:00,590.0,590.0,590.0,590.0,125,150,590.0,587.8,621.15
3831,2020-12-27 10:26:00,590.0,590.0,590.0,590.0,125,150,590.0,587.8,621.15
3832,2020-12-27 10:27:00,590.0,590.0,590.0,590.0,125,150,590.0,587.8,621.15
3833,2020-12-27 10:28:00,590.0,590.0,590.0,590.0,125,150,590.0,587.8,621.15
3834,2020-12-27 10:29:00,590.0,590.0,590.0,590.0,125,150,590.0,587.8,621.15
3835,2020-12-27 10:30:00,590.0,590.0,590.0,590.0,125,150,590.0,587.8,621.15
3836,2020-12-27 10:31:00,590.0,590.0,590.0,590.0,125,150,590.0,587.8,621.15
3837,2020-12-27 10:32:00,590.0,590.0,590.0,590.0,125,150,590.0,587.8,621.15
3838,2020-12-27 10:33:00,590.0,590.0,590.0,590.0,125,150,590.0,587.8,621.15
3839,2020-12-27 10:34:00,590.0,590.0,590.0,590.0,125,150,590.0,587.8,621.15
3840,2020-12-27 10:35:00,590.0,590.0,590.0,590.0,125,150,590.0,587.8,621.15
3841,2020-12-27 10:36:00,590.0,590.0,590.0,590.0,125,150,590.0,587.8,621.15
3842,2020-12-27 10:37:00,590.0,590.0,590.0,590.0,125,150,590.0,587.8,621.15
3843,2020-12-27 10:38:00,590.0,590.0,590.0,590.0,125,150,590.0,587.8,621.15
3844,2020-12-27 10:39:00,590.0,590.0,590.0,590.0,125,150,590.0,587.8,621.15
3845,2020-12-27 10:40:00,590.0,590.0,590.0,590.0,125,150,590.0,587.8,621.15
3846,2020-12-27 10:41:00,590.0,590.0,590.0,590.0,125,150,590.0,587.8,621.15
3847,2020-12-27 10:42:00,590.0,590.0,590.0,590.0,125,150,590.0,587.8,621.15
3848,2020-12-27 10:43:00,590.0,590.0,590.0,590.0,125,150,590.0,587.8,621.15
3849,2020-12-27 10:44:00,590.0,590.0,590.0,590.0,125,150,590.0,587.8,621.15
3850,2020-12-27 10:45:00,590.0,590.0,590.0,590.0,125,150,590.0,587.8,621.15
3851,2020-12-27 10:46:00,590.0,590.0,590.0,590.0,125,150,590.0,587.8,621.15
3852,2020-12-27 10:47:00,590.0,590.0,590.0,590.0,125,150,590.0,587.8,621.15
3853,2020-12-27 10:48:00,590.0,590.0,590.0,590.0,125,150,590.0,587.8,621.15
3854,2020-12-27 10:49:00,590.0,590.0,590.0,590.0,125,150,590.0,587.8,621.15
3855,2020-12-27 10:50:00,590.0,590.0,590.0,590.0,125,150,590.0,587.8,621.15
3856,2020-12-27 10:51:00,590.0,590.0,590.0,590.0,125,150,590.0,587.8,621.15
3857,2020-12-27 10:52:00,590.0,590.0,590.0,590.0,125,150,590.0,587.8,621.15
3858,2020-12-27 10:53:00,590.0,590.0,590.0,590.0,125,150,590.0,587.8,621.15
3859,2020-12-27 10:54:00,590.0,590.0,590.0,590.0,125,150,590.0,587.8,621.15
3860,2020-12-27 10:55:00,590.0,590.0,590.0,590.0,125,150,590.0,587.8,621.15
3861,2020-12-27 10:56:00,590.0,590.0,590.0,590.0,125,150,590.0,587.8,621.15
3862,2020-12-27 10:57:00,590.0,590.0,590.0,590.0,125,150,590.0,587.8,621.15
3863,2020-12-27 10:58:00,590.0,590.0,590.0,590.0,125,150,590.0,587.8,621.15
3864,2020-12-27 10:59:00,590.0,590.0,590.0,590.0,125,150,590.0,587.8,621.15
3865,2020-12-27 11:00:00,590.0,590.0,590.0,590.0,125,150,590.0,587.8,621.15
3866,2020-12-27 11:01:00,590.0,590.0,590.0,590.0,125,150,590.0,587.8,621.15
3867,2020-12-27 11:02:00,590.0,590.0,590.0,590.0,125,150,590.0,587.8,621.15
3868,2020-12-27 11:03:00,590.0,590.0,590.0,590.0,125,150,590.0,587.8,621.15
3869,2020-12-27 11:04:00,590.0,590.0,590.0,590.0,125,150,590.0,587.8,621.15
3870,2020-12-27 11:05:00,590.0,590.0,590.0,590.0,125,150,590.0,587.8,621.15
3871,2020-12-27 11:06:00,590.0,590.0,590.0,590.0,125,150,590.0,587.8,621.15
3872,2020-12-27 11:07:00,590.0,590.0,590.0,590.0,125,150,590.0,587.8,621.15
3873,2020-12-27 11:08:00,590.0,590.0,590.0,590.0,125,150,590.0,587.8,621.15
3874,2020-12-27 11:09:00,590.0,590.0,590.0,590.0,125,150,590.0,587.8,621.15
3875,2020-12-27 11:10:00,590.0,590.0,590.0,590.0,125,150,590.0,587.8,621.15
3876,2020-12-27 11:11:00,590.0,590.0,590.0,590.0,125,150,590.0,587.8,621.15
3877,2020-12-27 11:12:00,590.0,590.0,590.0,590.0,125,150,590.0,587.8,621.15
3878,2020-12-27 11:13:00,590.0,590.0,590.0,590.0,125,150,590.0,587.8,621.15
3879,2020-12-27 11:14:00,590.0,590.0,590.0,590.0,125,150,590.0,587.8,621.15
3880,2020-12-27 11:15:00,590.0,590.0,590.0,590.0,125,150,590.0,587.8,621.15
3881,2020-12-27 11:16:00,590.0,590.0,590.0,590.0,125,150,590.0,587.8,621.15
3882,2020-12-27 11:17:00,590.0,590.0,590.0,590.0,125,150,590.0,587.8,621.15
3883,2020-12-27 11:18:00,590.0,590.0,590.0,590.0,125,150,590.0,587.8,621.15
3884,2020-12-27 11:19:00,590.0,590.0,590.0,590.0,125,150,590.0,587.8,621.15
3885,2020-12-27 11:20:00,590.0,590.0,590.0,590.0,125,150,590.0,587.8,621.15
3886,2020-12-27 11:21:00,590.0,590.0,590.0,590.0,125,150,590.0,587.8,621.15
3887,2020-12-27 11:22:00,590.0,590.0,590.0,590.0,125,150,590.0,587.8,621.15
3888,2020-12-27 11:23:00,590.0,590.0,590.0,590.0,125,150,590.0,587.8,621.15
3889,2020-12-27 11:24:00,590.0,590.0,590.0,590.0,125,150,590.0,587.8,621.15
3890,2020-12-27 11:25:00,590.0,590.0,590.0,590.0,125,150,590.0,587.8,621.15
3891,2020-12-27 11:26:00,590.0,590.0,590.0,590.0,125,150,590.0,587.8,621.15
3892,2020-12-27 11:27:00,590.0,590.0,590.0,590.0,125,150,590.0,587.8,621.15
3893,2020-12-27 11:28:00,590.0,590.0,590.0,590.0,125,150,590.0,587.8,621.15
3894,2020-12-27 11:29:00,590.0,590.0,590.0,590.0,125,150,590.0,587.8,621.15
3895,2020-12-27 11:30:00,590.0,590.0,590.0,590.0,125,150,590.0,587.8,621.15
3896,2020-12-27 11:31:00,590.0,590.0,590.0,590.0,125,150,590.0,587.8,621.15
3897,2020-12-27 11:32:00,590.0,590.0,590.0,590.0,125,150,590.0,587.8,621.15
3898,2020-12-27 11:33:00,590.0,590.0,590.0,590.0,125,150,590.0,587.8,621.15
3899,2020-12-27 11:34:00,590.0,590.0,590.0,590.0,125,150,590.0,587.8,621.15
3900,2020-12-27 11:35:00,590.0,590.0,590.0,590.0,125,150,590.0,587.8,621.15
3901,2020-12-27 11:36:00,590.0,590.0,590.0,590.0,125,150,590.0,587.8,621.15
3902,2020-12-27 11:37:00,590.0,590.0,590.0,590.0,125,150,590.0,587.8,621.15
3903,2020-12-27 11:38:00,590.0,590.0,590.0,590.0,125,150,590.0,587.8,621.15
3904,2020-12-27 11:39:00,590.0,590.0,590.0,590.0,125,150,590.0,587.8,621.15
3905,2020-12-27 11:40:00,590.0,590.0,590.0,590.0,125,150,590.0,587.8,621.15
3906,2020-12-27 11:41:00,590.0,590.0,590.0,590.0,125,150,590.0,587.8,621.15
3907,2020-12-27 11:42:00,590.0,590.0,590.0,590.0,125,150,590.0,587.8,621.15
3908,2020-12-27 11:43:00,590.0,590.0,590.0,590.0,125,150,590.0,587.8,621.15
3909,2020-12-27 11:44:00,590.0,590.0,590.0,590.0,125,150,590.0,587.8,621.15
3910,2020-12-27 11:45:00,590.0,590.0,590.0,590.0,125,150,590.0,587.8,621.15
3911,2020-12-27 11:46:00,590.0,590.0,590.0,590.0,125,150,590.0,587.8,621.15
3912,2020-12-27 11:47:00,590.0,590.0,590.0,590.0,125,150,590.0,587.8,621.15
3913,2020-12-27 11:48:00,590.0,590.0,590.0,590.0,125,150,590.0,587.8,621.15
3914,2020-12-27 11:49:00,590.0,590.0,590.0,590.0,125,150,590.0,587.8,621.15
3915,2020-12-27 11:50:00,590.0,590.0,590.0,590.0,125,150,590.0,587.8,621.15
3916,2020-12-27 11:51:00,590.0,590.0,590.0,590.0,125,150,590.0,587.8,621.15
3917,2020-12-27 11:52:00,590.0,590.0,590.0,590.0,125,150,590.0,587.8,621.15
3918,2020-12-27 11:53:00,590.0,590.0,590.0,590.0,125,150,590.0,587.8,621.15
3919,2020-12-27 11:54:00,590.0,590.0,590.0,590.0,125,150,590.0,587.8,621.15
3920,2020-12-27 11:55:00,590.0,590.0,590.0,590.0,125,150,590.0,587.8,621.15
3921,2020-12-27 11:56:00,590.0,590.0,590.0,590.0,125,150,590.0,587.8,621.15
3922,2020-12-27 11:57:00,590.0,590.0,590.0,590.0,125,150,590.0,587.8,621.15
3923,2020-12-27 11:58:00,590.0,590.0,590.0,590.0,125,150,590.0,587.8,621.15
3924,2020-12-27 11:59:00,590.0,590.0,590.0,590.0,125,150,590.0,587.8,621.15
3925,2020-12-27 12:00:00,590.0,590.0,590.0,590.0,125,150,590.0,587.8,621.15
3926,2020-12-27 12:01:00,590.0,590.0,590.0,590.0,125,150,590.0,587.8,621.15
3927,2020-12-27 12:02:00,590.0,590.0,590.0,590.0,125,150,590.0,587.8,621.15
3928,2020-12-27 12:03:00,590.0,590.0,590.0,590.0,125,150,590.0,587.8,621.15
3929,2020-12-27 12:04:00,590.0,590.0,590.0,590.0,125,150,590.0,587.8,621.15
3930,2020-12-27 12:05:00,590.0,590.0,590.0,590.0,125,150,590.0,587.8,621.15
3931,2020-12-27 12:06:00,590.0,590.0,590.0,590.0,125,150,590.0,587.8,621.15
3932,2020-12-27 12:07:00,590.0,590.0,590.0,590.0,125,150,590.0,587.8,621.15
3933,2020-12-27 12:08:00,590.0,590.0,590.0,590.0,125,150,590.0,587.8,621.15
3934,2020-12-27 12:09:00,590.0,590.0,590.0,590.0,125,150,590.0,587.8,621.15
3935,2020-12-27 12:10:00,590.0,590.0,590.0,590.0,125,150,590.0,587.8,621.15
3936,2020-12-27 12:11:00,590.0,590.0,590.0,590.0,125,150,590.0,587.8,621.15
3937,2020-12-27 12:12:00,590.0,590.0,590.0,590.0,125,150,590.0,587.8,621.15
3938,2020-12-27 12:13:00,590.0,590.0,590.0,590.0,125,150,590.0,587.8,621.15
3939,2020-12-27 12:14:00,590.0,590.0,590.0,590.0,125,150,590.0,587.8,621.15
3940,2020-12-27 12:15:00,590.0,590.0,590.0,590.0,125,150,590.0,587.8,621.15
3941,2020-12-27 12:16:00,590.0,590.0,590.0,590.0,125,150,590.0,587.8,621.15
3942,2020-12-27 12:17:00,590.0,590.0,590.0,590.0,125,150,590.0,587.8,621.15
3943,2020-12-27 12:18:00,590.0,590.0,590.0,590.0,125,150,590.0,587.8,621.15
3944,2020-12-27 12:19:00,590.0,590.0,590.0,590.0,125,150,590.0,587.8,621.15
3945,2020-12-27 12:20:00,590.0,590.0,590.0,590.0,125,150,590.0,587.8,621.15
3946,2020-12-27 12:21:00,590.0,590.0,590.0,590.0,125,150,590.0,587.8,621.15
3947,2020-12-27 12:22:00,590.0,590.0,590.0,590.0,125,150,590.0,587.8,621.15
3948,2020-12-27 12:23:00,590.0,590.0,590.0,590.0,125,150,590.0,587.8,621.15
3949,2020-12-27 12:24:00,590.0,590.0,590.0,590.0,125,150,590.0,587.8,621.15
3950,2020-12-27 12:25:00,590.0,590.0,590.0,590.0,125,150,590.0,587.8,621.15
3951,2020-12-27 12:26:00,590.0,590.0,590.0,590.0,125,150,590.0,587.8,621.15
3952,2020-12-27 12:27:00,590.0,590.0,590.0,590.0,125,150,590.0,587.8,621.15
3953,2020-12-27 12:28:00,590.0,590.0,590.0,590.0,125,150,590.0,587.8,621.15
3954,2020-12-27 12:29:00,590.0,590.0,590.0,590.0,125,150,590.0,587.8,621.15
3955,2020-12-27 12:30:00,590.0,590.0,590.0,590.0,125,150,590.0,587.8,621.15
3956,2020-12-27 12:31:00,590.0,590.0,590.0,590.0,125,150,590.0,587.8,621.15
3957,2020-12-27 12:32:00,590.0,590.0,590.0,590.0,125,150,590.0,587.8,621.15
3958,2020-12-27 12:33:00,590.0,590.0,590.0,590.0,125,150,590.0,587.8,621.15
3959,2020-12-27 12:34:00,590.0,590.0,590.0,590.0,125,150,590.0,587.8,621.15
3960,2020-12-27 12:35:00,590.0,590.0,590.0,590.0,125,150,590.0,587.8,621.15
3961,2020-12-27 12:36:00,590.0,590.0,590.0,590.0,125,150,590.0,587.8,621.15
3962,2020-12-27 12:37:00,590.0,590.0,590.0,590.0,125,150,590.0,587.8,621.15
3963,2020-12-27 12:38:00,590.0,590.0,590.0,590.0,125,150,590.0,587.8,621.15
3964,2020-12-27 12:39:00,590.0,590.0,590.0,590.0,125,150,590.0,587.8,621.15
3965,2020-12-27 12:40:00,590.0,590.0,590.0,590.0,125,150,590.0,587.8,621.15
3966,2020-12-27 12:41:00,590.0,590.0,590.0,590.0,125,150,590.0,587.8,621.15
3967,2020-12-27 12:42:00,590.0,590.0,590.0,590.0,125,150,590.0,587.8,621.15
3968,2020-12-27 12:43:00,590.0,590.0,590.0,590.0,125,150,590.0,587.8,621.15
3969,2020-12-27 12:44:00,590.0,590.0,590.0,590.0,125,150,590.0,587.8,621.15
3970,2020-12-27 12:45:00,590.0,590.0,590.0,590.0,125,150,590.0,587.8,621.15
3971,2020-12-27 12:46:00,590.0,590.0,590.0,590.0,125,150,590.0,587.8,621.15
3972,2020-12-27 12:47:00,590.0,590.0,590.0,590.0,125,150,590.0,587.8,621.15
3973,2020-12-27 12:48:00,590.0,590.0,590.0,590.0,125,150,590.0,587.8,621.15
3974,2020-12-27 12:49:00,590.0,590.0,590.0,590.0,125,150,590.0,587.8,621.15
3975,2020-12-27 12:50:00,590.0,590.0,590.0,590.0,125,150,590.0,587.8,621.15
3976,2020-12-27 12:51:00,590.0,590.0,590.0,590.0,125,150,590.0,587.8,621.15
3977,2020-12-27 12:52:00,590.0,590.0,590.0,590.0,125,150,590.0,587.8,621.15
3978,2020-12-27 12:53:00,590.0,590.0,590.0,590.0,125,150,590.0,587.8,621.15
3979,2020-12-27 12:54:00,590.0,590.0,590.0,590.0,125,150,590.0,587.8,621.15
3980,2020-12-27 12:55:00,590.0,590.0,590.0,590.0,125,150,590.0,587.8,621.15
3981,2020-12-27 12:56:00,590.0,590.0,590.0,590.0,125,150,590.0,587.8,621.15
3982,2020-12-27 12:57:00,590.0,590.0,590.0,590.0,125,150,590.0,587.8,621.15
3983,2020-12-27 12:58:00,590.0,590.0,590.0,590.0,125,150,590.0,587.8,621.15
3984,2020-12-27 12:59:00,590.0,590.0,590.0,590.0,125,150,590.0,587.8,621.15
3985,2020-12-27 13:00:00,590.0,590.0,590.0,590.0,125,150,590.0,587.8,621.15
3986,2020-12-27 13:01:00,590.0,590.0,590.0,590.0,125,150,590.0,587.8,621.15
3987,2020-12-27 13:02:00,590.0,590.0,590.0,590.0,125,150,590.0,587.8,621.15
3988,2020-12-27 13:03:00,590.0,590.0,590.0,590.0,125,150,590.0,587.8,621.15
3989,2020-12-27 13:04:00,590.0,590.0,590.0,590.0,125,150,590.0,587.8,621.15
3990,2020-12-27 13:05:00,590.0,590.0,590.0,590.0,125,150,590.0,587.8,621.15
3991,2020-12-27 13:06:00,590.0,590.0,590.0,590.0,125,150,590.0,587.8,621.15
3992,2020-12-27 13:07:00,590.0,590.0,590.0,590.0,125,150,590.0,587.8,621.15
3993,2020-12-27 13:08:00,590.0,590.0,590.0,590.0,125,150,590.0,587.8,621.15
3994,2020-12-27 13:09:00,590.0,590.0,590.0,590.0,125,150,590.0,587.8,621.15
3995,2020-12-27 13:10:00,590.0,590.0,590.0,590.0,125,150,590.0,587.8,621.15
3996,2020-12-27 13:11:00,590.0,590.0,590.0,590.0,125,150,590.0,587.8,621.15
3997,2020-12-27 13:12:00,590.0,590.0,590.0,590.0,125,150,590.0,587.8,621.15
3998,2020-12-27 13:13:00,590.0,590.0,590.0,590.0,125,150,590.0,587.8,621.15
3999,2020-12-27 13:14:00,590.0,590.0,590.0,590.0,125,150,590.0,587.8,621.15
4000,2020-12-27 13:15:00,590.0,590.0,590.0,590.0,125,150,590.0,587.8,621.15
4001,2020-12-27 13:16:00,590.0,590.0,590.0,590.0,125,150,590.0,587.8,621.15
4002,2020-12-27 13:17:00,590.0,590.0,590.0,590.0,125,150,590.0,587.8,621.15
4003,2020-12-27 13:18:00,590.0,590.0,590.0,590.0,125,150,590.0,587.8,621.15
4004,2020-12-27 13:19:00,590.0,590.0,590.0,590.0,125,150,590.0,587.8,621.15
4005,2020-12-27 13:20:00,590.0,590.0,590.0,590.0,125,150,590.0,587.8,621.15
4006,2020-12-27 13:21:00,590.0,590.0,590.0,590.0,125,150,590.0,587.8,621.15
4007,2020-12-27 13:22:00,590.0,590.0,590.0,590.0,125,150,590.0,587.8,621.15
4008,2020-12-27 13:23:00,590.0,590.0,590.0,590.0,125,150,590.0,587.8,621.15
4009,2020-12-27 13:24:00,590.0,590.0,590.0,590.0,125,150,590.0,587.8,621.15
4010,2020-12-27 13:25:00,590.0,590.0,590.0,590.0,125,150,590.0,587.8,621.15
4011,2020-12-27 13:26:00,590.0,590.0,590.0,590.0,125,150,590.0,587.8,621.15
4012,2020-12-27 13:27:00,590.0,590.0,590.0,590.0,125,150,590.0,587.8,621.15
4013,2020-12-27 13:28:00,590.0,590.0,590.0,590.0,125,150,590.0,587.8,621.15
4014,2020-12-27 13:29:00,590.0,590.0,590.0,590.0,125,150,590.0,587.8,621.15
4015,2020-12-27 13:30:00,590.0,590.0,590.0,590.0,125,150,590.0,587.8,621.15
4016,2020-12-27 13:31:00,590.0,590.0,590.0,590.0,125,150,590.0,587.8,621.15
4017,2020-12-27 13:32:00,590.0,590.0,590.0,590.0,125,150,590.0,587.8,621.15
4018,2020-12-27 13:33:00,590.0,590.0,590.0,590.0,125,150,590.0,587.8,621.15
4019,2020-12-27 13:34:00,590.0,590.0,590.0,590.0,125,150,590.0,587.8,621.15
4020,2020-12-27 13:35:00,590.0,590.0,590.0,590.0,125,150,590.0,587.8,621.15
4021,2020-12-27 13:36:00,590.0,590.0,590.0,590.0,125,150,590.0,587.8,621.15
4022,2020-12-27 13:37:00,590.0,590.0,590.0,590.0,125,150,590.0,587.8,621.15
4023,2020-12-27 13:38:00,590.0,590.0,590.0,590.0,125,150,590.0,587.8,621.15
4024,2020-12-27 13:39:00,590.0,590.0,590.0,590.0,125,150,590.0,587.8,621.15
4025,2020-12-27 13:40:00,590.0,590.0,590.0,590.0,125,150,590.0,587.8,621.15
4026,2020-12-27 13:41:00,590.0,590.0,590.0,590.0,125,150,590.0,587.8,621.15
4027,2020-12-27 13:42:00,590.0,590.0,590.0,590.0,125,150,590.0,587.8,621.15
4028,2020-12-27 13:43:00,590.0,590.0,590.0,590.0,125,150,590.0,587.8,621.15
4029,2020-12-27 13:44:00,590.0,590.0,590.0,590.0,125,150,590.0,587.8,621.15
4030,2020-12-27 13:45:00,590.0,590.0,590.0,590.0,125,150,590.0,587.8,621.15
4031,2020-12-27 13:46:00,590.0,590.0,590.0,590.0,125,150,590.0,587.8,621.15
4032,2020-12-27 13:47:00,590.0,590.0,590.0,590.0,125,150,590.0,587.8,621.15
4033,2020-12-27 13:48:00,590.0,590.0,590.0,590.0,125,150,590.0,587.8,621.15
4034,2020-12-27 13:49:00,590.0,590.0,590.0,590.0,125,150,590.0,587.8,621.15
4035,2020-12-27 13:50:00,590.0,590.0,590.0,590.0,125,150,590.0,587.8,621.15
4036,2020-12-27 13:51:00,590.0,590.0,590.0,590.0,125,150,590.0,587.8,621.15
4037,2020-12-27 13:52:00,590.0,590.0,590.0,590.0,125,150,590.0,587.8,621.15
4038,2020-12-27 13:53:00,590.0,590.0,590.0,590.0,125,150,590.0,587.8,621.15
4039,2020-12-27 13:54:00,590.0,590.0,590.0,590.0,125,150,590.0,587.8,621.15
4040,2020-12-27 13:55:00,590.0,590.0,590.0,590.0,125,150,590.0,587.8,621.15
4041,2020-12-27 13:56:00,590.0,590.0,590.0,590.0,125,150,590.0,587.8,621.15
4042,2020-12-27 13:57:00,590.0,590.0,590.0,590.0,125,150,590.0,587.8,621.15
4043,2020-12-27 13:58:00,590.0,590.0,590.0,590.0,125,150,590.0,587.8,621.15
4044,2020-12-27 13:59:00,590.0,590.0,590.0,590.0,125,150,590.0,587.8,621.15
4045,2020-12-27 14:00:00,590.0,590.0,590.0,590.0,125,150,590.0,587.8,621.15
4046,2020-12-27 14:01:00,590.0,590.0,590.0,590.0,125,150,590.0,587.8,621.15
4047,2020-12-27 14:02:00,590.0,590.0,590.0,590.0,125,150,590.0,587.8,621.15
4048,2020-12-27 14:03:00,590.0,590.0,590.0,590.0,125,150,590.0,587.8,621.15
4049,2020-12-27 14:04:00,590.0,590.0,590.0,590.0,125,150,590.0,587.8,621.15
4050,2020-12-27 14:05:00,590.0,590.0,590.0,590.0,125,150,590.0,587.8,621.15
4051,2020-12-27 14:06:00,590.0,590.0,590.0,590.0,125,150,590.0,587.8,621.15
4052,2020-12-27 14:07:00,590.0,590.0,590.0,590.0,125,150,590.0,587.8,621.15
4053,2020-12-27 14:08:00,590.0,590.0,590.0,590.0,125,150,590.0,587.8,621.15
4054,2020-12-27 14:09:00,590.0,590.0,590.0,590.0,125,150,590.0,587.8,621.15
4055,2020-12-27 14:10:00,590.0,590.0,590.0,590.0,125,150,590.0,587.8,621.15
4056,2020-12-27 14:11:00,590.0,590.0,590.0,590.0,125,150,590.0,587.8,621.15
4057,2020-12-27 14:12:00,590.0,590.0,590.0,590.0,125,150,590.0,587.8,621.15
4058,2020-12-27 14:13:00,590.0,590.0,590.0,590.0,125,150,590.0,587.8,621.15
4059,2020-12-27 14:14:00,590.0,590.0,590.0,590.0,125,150,590.0,587.8,621.15
4060,2020-12-27 14:15:00,590.0,590.0,590.0,590.0,125,150,590.0,587.8,621.15
4061,2020-12-27 14:16:00,590.0,590.0,590.0,590.0,125,150,590.0,587.8,621.15
4062,2020-12-27 14:17:00,590.0,590.0,590.0,590.0,125,150,590.0,587.8,621.15
4063,2020-12-27 14:18:00,590.0,590.0,590.0,590.0,125,150,590.0,587.8,621.15
4064,2020-12-27 14:19:00,590.0,590.0,590.0,590.0,125,150,590.0,587.8,621.15
4065,2020-12-27 14:20:00,590.0,590.0,590.0,590.0,125,150,590.0,587.8,621.15
4066,2020-12-27 14:21:00,590.0,590.0,590.0,590.0,125,150,590.0,587.8,621.15
4067,2020-12-27 14:22:00,590.0,590.0,590.0,590.0,125,150,590.0,587.8,621.15
4068,2020-12-27 14:23:00,590.0,590.0,590.0,590.0,125,150,590.0,587.8,621.15
4069,2020-12-27 14:24:00,590.0,590.0,590.0,590.0,125,150,590.0,587.8,621.15
4070,2020-12-27 14:25:00,590.0,590.0,590.0,590.0,125,150,590.0,587.8,621.15
4071,2020-12-27 14:26:00,590.0,590.0,590.0,590.0,125,150,590.0,587.8,621.15
4072,2020-12-27 14:27:00,590.0,590.0,590.0,590.0,125,150,590.0,587.8,621.15
4073,2020-12-27 14:28:00,590.0,590.0,590.0,590.0,125,150,590.0,587.8,621.15
4074,2020-12-27 14:29:00,590.0,590.0,590.0,590.0,125,150,590.0,587.8,621.15
4075,2020-12-27 14:30:00,590.0,590.0,590.0,590.0,125,150,590.0,587.8,621.15
4076,2020-12-27 14:31:00,590.0,590.0,590.0,590.0,125,150,590.0,587.8,621.15
4077,2020-12-27 14:32:00,590.0,590.0,590.0,590.0,125,150,590.0,587.8,621.15
4078,2020-12-27 14:33:00,590.0,590.0,590.0,590.0,125,150,590.0,587.8,621.15
4079,2020-12-27 14:34:00,590.0,590.0,590.0,590.0,125,150,590.0,587.8,621.15
4080,2020-12-27 14:35:00,590.0,590.0,590.0,590.0,125,150,590.0,587.8,621.15
4081,2020-12-27 14:36:00,590.0,590.0,590.0,590.0,125,150,590.0,587.8,621.15
4082,2020-12-27 14:37:00,590.0,590.0,590.0,590.0,125,150,590.0,587.8,621.15
4083,2020-12-27 14:38:00,590.0,590.0,590.0,590.0,125,150,590.0,587.8,621.15
4084,2020-12-27 14:39:00,590.0,590.0,590.0,590.0,125,150,590.0,587.8,621.15
4085,2020-12-27 14:40:00,590.0,590.0,590.0,590.0,125,150,590.0,587.8,621.15
4086,2020-12-27 14:41:00,590.0,590.0,590.0,590.0,125,150,590.0,587.8,621.15
4087,2020-12-27 14:42:00,590.0,590.0,590.0,590.0,125,150,590.0,587.8,621.15
4088,2020-12-27 14:43:00,590.0,590.0,590.0,590.0,125,150,590.0,587.8,621.15
4089,2020-12-27 14:44:00,590.0,590.0,590.0,590.0,125,150,590.0,587.8,621.15
4090,2020-12-27 14:45:00,590.0,590.0,590.0,590.0,125,150,590.0,587.8,621.15
4091,2020-12-27 14:46:00,590.0,590.0,590.0,590.0,125,150,590.0,587.8,621.15
4092,2020-12-27 14:47:00,590.0,590.0,590.0,590.0,125,150,590.0,587.8,621.15
4093,2020-12-27 14:48:00,590.0,590.0,590.0,590.0,125,150,590.0,587.8,621.15
4094,2020-12-27 14:49:00,590.0,590.0,590.0,590.0,125,150,590.0,587.8,621.15
4095,2020-12-27 14:50:00,590.0,590.0,590.0,590.0,125,150,590.0,587.8,621.15
4096,2020-12-27 14:51:00,590.0,590.0,590.0,590.0,125,150,590.0,587.8,621.15
4097,2020-12-27 14:52:00,590.0,590.0,590.0,590.0,125,150,590.0,587.8,621.15
4098,2020-12-27 14:53:00,590.0,590.0,590.0,590.0,125,150,590.0,587.8,621.15
4099,2020-12-27 14:54:00,590.0,590.0,590.0,590.0,125,150,590.0,587.8,621.15
4100,2020-12-27 14:55:00,590.0,590.0,590.0,590.0,125,150,590.0,587.8,621.15
4101,2020-12-27 14:56:00,590.0,590.0,590.0,590.0,125,150,590.0,587.8,621.15
4102,2020-12-27 14:57:00,590.0,590.0,590.0,590.0,125,150,590.0,587.8,621.15
4103,2020-12-27 14:58:00,590.0,590.0,590.0,590.0,125,150,590.0,587.8,621.15
4104,2020-12-27 14:59:00,590.0,590.0,590.0,590.0,125,150,590.0,587.8,621.15
4105,2020-12-27 15:00:00,590.0,590.0,590.0,590.0,125,150,590.0,587.8,621.15
4106,2020-12-27 15:01:00,590.0,590.0,590.0,590.0,125,150,590.0,587.8,621.15
4107,2020-12-27 15:02:00,590.0,590.0,590.0,590.0,125,150,590.0,587.8,621.15
4108,2020-12-27 15:03:00,590.0,590.0,590.0,590.0,125,150,590.0,587.8,621.15
4109,2020-12-27 15:04:00,590.0,590.0,590.0,590.0,125,150,590.0,587.8,621.15
4110,2020-12-27 15:05:00,590.0,590.0,590.0,590.0,125,150,590.0,587.8,621.15
4111,2020-12-27 15:06:00,590.0,590.0,590.0,590.0,125,150,590.0,587.8,621.15
4112,2020-12-27 15:07:00,590.0,590.0,590.0,590.0,125,150,590.0,587.8,621.15
4113,2020-12-27 15:08:00,590.0,590.0,590.0,590.0,125,150,590.0,587.8,621.15
4114,2020-12-27 15:09:00,590.0,590.0,590.0,590.0,125,150,590.0,587.8,621.15
4115,2020-12-27 15:10:00,590.0,590.0,590.0,590.0,125,150,590.0,587.8,621.15
4116,2020-12-27 15:11:00,590.0,590.0,590.0,590.0,125,150,590.0,587.8,621.15
4117,2020-12-27 15:12:00,590.0,590.0,590.0,590.0,125,150,590.0,587.8,621.15
4118,2020-12-27 15:13:00,590.0,590.0,590.0,590.0,125,150,590.0,587.8,621.15
4119,2020-12-27 15:14:00,590.0,590.0,590.0,590.0,125,150,590.0,587.8,621.15
4120,2020-12-27 15:15:00,590.0,590.0,590.0,590.0,125,150,590.0,587.8,621.15
4121,2020-12-27 15:16:00,590.0,590.0,590.0,590.0,125,150,590.0,587.8,621.15
4122,2020-12-27 15:17:00,590.0,590.0,590.0,590.0,125,150,590.0,587.8,621.15
4123,2020-12-27 15:18:00,590.0,590.0,590.0,590.0,125,150,590.0,587.8,621.15
4124,2020-12-27 15:19:00,590.0,590.0,590.0,590.0,125,150,590.0,587.8,621.15
4125,2020-12-27 15:20:00,590.0,590.0,590.0,590.0,125,150,590.0,587.8,621.15
4126,2020-12-27 15:21:00,590.0,590.0,590.0,590.0,125,150,590.0,587.8,621.15
4127,2020-12-27 15:22:00,590.0,590.0,590.0,590.0,125,150,590.0,587.8,621.15
4128,2020-12-27 15:23:00,590.0,590.0,590.0,590.0,125,150,590.0,587.8,621.15
4129,2020-12-27 15:24:00,590.0,590.0,590.0,590.0,125,150,590.0,587.8,621.15
4130,2020-12-27 15:25:00,590.0,590.0,590.0,590.0,125,150,590.0,587.8,621.15
4131,2020-12-27 15:26:00,590.0,590.0,590.0,590.0,125,150,590.0,587.8,621.15
4132,2020-12-27 15:27:00,590.0,590.0,590.0,590.0,125,150,590.0,587.8,621.15
4133,2020-12-27 15:28:00,590.0,590.0,590.0,590.0,125,150,590.0,587.8,621.15
4134,2020-12-27 15:29:00,590.0,590.0,590.0,590.0,125,150,590.0,587.8,621.15
4135,2020-12-27 15:30:00,590.0,590.0,590.0,590.0,125,150,590.0,587.8,621.15
4136,2020-12-28 09:15:00,590.0,590.0,590.0,590.0,125,150,590.0,587.8,621.15
4137,2020-12-28 09:16:00,590.0,590.0,590.0,590.0,125,150,590.0,587.8,621.15
4138,2020-12-28 09:17:00,590.0,590.0,590.0,590.0,125,150,590.0,587.8,621.15
4139,2020-12-28 09:18:00,590.0,590.0,590.0,590.0,125,150,590.0,587.8,621.15
4140,2020-12-28 09:19:00,590.0,590.0,590.0,590.0,125,150,590.0,587.8,621.15
4141,2020-12-28 09:20:00,590.0,590.0,590.0,590.0,125,150,590.0,587.8,621.15
4142,2020-12-28 09:21:00,590.0,590.0,590.0,590.0,125,150,590.0,587.8,621.15
4143,2020-12-28 09:22:00,590.0,590.0,590.0,590.0,125,150,590.0,587.8,621.15
4144,2020-12-28 09:23:00,590.0,590.0,590.0,590.0,125,150,590.0,587.8,621.15
4145,2020-12-28 09:24:00,590.0,590.0,590.0,590.0,125,150,590.0,587.8,621.15
4146,2020-12-28 09:25:00,590.0,590.0,590.0,590.0,125,150,590.0,587.8,621.15
4147,2020-12-28 09:26:00,590.0,590.0,590.0,590.0,125,150,590.0,587.8,621.15
4148,2020-12-28 09:27:00,590.0,590.0,590.0,590.0,125,150,590.0,587.8,621.15
4149,2020-12-28 09:28:00,590.0,590.0,590.0,590.0,125,150,590.0,587.8,621.15
4150,2020-12-28 09:29:00,590.0,590.0,590.0,590.0,125,150,590.0,587.8,621.15
4151,2020-12-28 09:30:00,545.3,545.3,545.3,545.3,25,25,545.3,555.05,587.4
4152,2020-12-28 09:31:00,545.3,545.3,545.3,545.3,25,25,545.3,555.05,587.4
4153,2020-12-28 09:32:00,545.3,545.3,545.3,545.3,25,25,545.3,555.05,587.4
4154,2020-12-28 09:33:00,583.9,583.9,583.9,583.9,25,50,564.6,559.05,580.65
4155,2020-12-28 09:34:00,583.9,583.9,583.9,583.9,25,50,564.6,559.05,580.65
4156,2020-12-28 09:35:00,559.0,559.0,559.0,559.0,25,50,562.73,559.0,585.0
4157,2020-12-28 09:36:00,559.0,559.0,559.0,559.0,25,50,562.73,559.0,585.0
4158,2020-12-28 09:37:00,559.0,559.0,559.0,559.0,50,50,561.24,559.0,573.9
4159,2020-12-28 09:38:00,559.0,559.0,559.0,559.0,75,50,560.4,540.75,570.25
4160,2020-12-28 09:39:00,559.0,559.0,559.0,559.0,75,50,560.4,540.75,570.25
4161,2020-12-28 09:40:00,559.0,559.0,559.0,559.0,75,50,560.4,540.75,570.25
4162,2020-12-28 09:41:00,559.0,559.0,559.0,559.0,75,50,560.4,540.75,570.25
4163,2020-12-28 09:42:00,559.0,559.0,559.0,559.0,75,50,560.4,540.75,570.25
4164,2020-12-28 09:43:00,559.0,559.0,559.0,559.0,75,50,560.4,540.75,570.25
4165,2020-12-28 09:44:00,559.0,559.0,559.0,559.0,75,50,560.4,540.75,570.25
4166,2020-12-28 09:45:00,559.0,559.0,559.0,559.0,75,50,560.4,540.75,570.25
4167,2020-12-28 09:46:00,559.0,559.0,559.0,559.0,75,50,560.4,540.75,570.25
4168,2020-12-28 09:47:00,573.35,573.35,573.35,573.35,25,175,561.83,546.55,577.85
4169,2020-12-28 09:48:00,573.35,573.35,573.35,573.35,25,175,561.83,546.55,577.85
4170,2020-12-28 09:49:00,573.35,573.35,573.35,573.35,25,175,561.83,546.55,577.85
4171,2020-12-28 09:50:00,573.35,573.35,573.35,573.35,25,175,561.83,546.55,577.85
4172,2020-12-28 09:51:00,573.35,573.35,573.35,573.35,25,175,561.83,546.55,577.85
4173,2020-12-28 09:52:00,573.35,573.35,573.35,573.35,25,175,561.83,546.55,577.85
4174,2020-12-28 09:53:00,573.35,573.35,573.35,573.35,25,175,561.83,546.55,577.85
4175,2020-12-28 09:54:00,573.35,573.35,573.35,573.35,25,175,561.83,546.55,577.85
4176,2020-12-28 09:55:00,573.35,573.35,573.35,573.35,25,175,561.83,546.55,577.85
4177,2020-12-28 09:56:00,573.35,573.35,573.35,573.35,25,175,561.83,546.55,577.85
4178,2020-12-28 09:57:00,573.35,573.35,573.35,573.35,25,175,561.83,546.55,577.85
4179,2020-12-28 09:58:00,573.35,573.35,573.35,573.35,25,175,561.83,546.55,577.85
4180,2020-12-28 09:59:00,573.35,573.35,573.35,573.35,25,175,561.83,546.55,577.85
4181,2020-12-28 10:00:00,573.35,573.35,573.35,573.35,25,175,561.83,546.55,577.85
4182,2020-12-28 10:01:00,573.35,573.35,573.35,573.35,25,175,561.83,546.55,577.85
4183,2020-12-28 10:02:00,573.35,573.35,573.35,573.35,25,175,561.83,546.55,577.85
4184,2020-12-28 10:03:00,573.35,573.35,573.35,573.35,25,175,561.83,546.55,577.85
4185,2020-12-28 10:04:00,573.35,573.35,573.35,573.35,25,175,561.83,546.55,577.85
4186,2020-12-28 10:05:00,573.35,573.35,573.35,573.35,25,175,561.83,546.55,577.85
4187,2020-12-28 10:06:00,573.35,573.35,573.35,573.35,25,175,561.83,546.55,577.85
4188,2020-12-28 10:07:00,573.35,573.35,573.35,573.35,25,175,561.83,546.55,577.85
4189,2020-12-28 10:08:00,573.35,573.35,573.35,573.35,25,175,561.83,546.55,577.85
4190,2020-12-28 10:09:00,573.35,573.35,573.35,573.35,25,175,561.83,546.55,577.85
4191,2020-12-28 10:10:00,573.35,573.35,573.35,573.35,25,175,561.83,546.55,577.85
4192,2020-12-28 10:11:00,573.35,573.35,573.35,573.35,25,175,561.83,546.55,577.85
4193,2020-12-28 10:12:00,573.35,573.35,573.35,573.35,25,175,561.83,546.55,577.85
4194,2020-12-28 10:13:00,573.35,573.35,573.35,573.35,25,175,561.83,546.55,577.85
4195,2020-12-28 10:14:00,573.35,573.35,573.35,573.35,25,175,561.83,546.55,577.85
4196,2020-12-28 10:15:00,573.35,573.35,573.35,573.35,25,175,561.83,546.55,577.85
4197,2020-12-28 10:16:00,573.35,573.35,573.35,573.35,25,175,561.83,546.55,577.85
4198,2020-12-28 10:17:00,573.35,573.35,573.35,573.35,25,175,561.83,546.55,577.85
4199,2020-12-28 10:18:00,573.35,573.35,573.35,573.35,25,175,561.83,546.55,577.85
4200,2020-12-28 10:19:00,573.35,573.35,573.35,573.35,25,175,561.83,546.55,577.85
4201,2020-12-28 10:20:00,573.35,573.35,573.35,573.35,25,175,561.83,546.55,577.85
4202,2020-12-28 10:21:00,573.35,573.35,573.35,573.35,25,175,561.83,546.55,577.85
4203,2020-12-28 10:22:00,573.35,573.35,573.35,573.35,25,175,561.83,546.55,577.85
4204,2020-12-28 10:23:00,573.35,573.35,573.35,573.35,25,175,561.83,546.55,577.85
4205,2020-12-28 10:24:00,573.35,573.35,573.35,573.35,25,175,561.83,546.55,577.85
4206,2020-12-28 10:25:00,573.35,573.35,573.35,573.35,25,175,561.83,546.55,577.85
4207,2020-12-28 10:26:00,573.35,573.35,573.35,573.35,25,175,561.83,546.55,577.85
4208,2020-12-28 10:27:00,573.35,573.35,573.35,573.35,25,175,561.83,546.55,577.85
4209,2020-12-28 10:28:00,573.35,573.35,573.35,573.35,25,175,561.83,546.55,577.85
4210,2020-12-28 10:29:00,573.35,573.35,573.35,573.35,25,175,561.83,546.55,577.85
4211,2020-12-28 10:30:00,573.35,573.35,573.35,573.35,25,175,561.83,546.55,577.85
4212,2020-12-28 10:31:00,573.35,573.35,573.35,573.35,25,175,561.83,546.55,577.85
4213,2020-12-28 10:32:00,573.35,573.35,573.35,573.35,25,175,561.83,546.55,577.85
4214,2020-12-28 10:33:00,573.35,573.35,573.35,573.35,25,175,561.83,546.55,577.85
4215,2020-12-28 10:34:00,573.35,573.35,573.35,573.35,25,175,561.83,546.55,577.85
4216,2020-12-28 10:35:00,573.35,573.35,573.35,573.35,25,175,561.83,546.55,577.85
4217,2020-12-28 10:36:00,573.35,573.35,573.35,573.35,25,175,561.83,546.55,577.85
4218,2020-12-28 10:37:00,573.35,573.35,573.35,573.35,25,175,561.83,546.55,577.85
4219,2020-12-28 10:38:00,573.35,573.35,573.35,573.35,25,175,561.83,546.55,577.85
4220,2020-12-28 10:39:00,573.35,573.35,573.35,573.35,25,175,561.83,546.55,577.85
4221,2020-12-28 10:40:00,573.35,573.35,573.35,573.35,25,175,561.83,546.55,577.85
4222,2020-12-28 10:41:00,573.35,573.35,573.35,573.35,25,175,561.83,546.55,577.85
4223,2020-12-28 10:42:00,573.35,573.35,573.35,573.35,25,175,561.83,546.55,577.85
4224,2020-12-28 10:43:00,573.35,573.35,573.35,573.35,25,175,561.83,546.55,577.85
4225,2020-12-28 10:44:00,573.35,573.35,573.35,573.35,25,175,561.83,546.55,577.85
4226,2020-12-28 10:45:00,573.35,573.35,573.35,573.35,25,175,561.83,546.55,577.85
4227,2020-12-28 10:46:00,573.35,573.35,573.35,573.35,25,175,561.83,546.55,577.85
4228,2020-12-28 10:47:00,573.35,573.35,573.35,573.35,25,175,561.83,546.55,577.85
4229,2020-12-28 10:48:00,573.35,573.35,573.35,573.35,25,175,561.83,546.55,577.85
4230,2020-12-28 10:49:00,573.35,573.35,573.35,573.35,25,175,561.83,546.55,577.85
4231,2020-12-28 10:50:00,573.35,573.35,573.35,573.35,25,175,561.83,546.55,577.85
4232,2020-12-28 10:51:00,573.35,573.35,573.35,573.35,25,175,561.83,546.55,577.85
4233,2020-12-28 10:52:00,573.35,573.35,573.35,573.35,25,175,561.83,546.55,577.85
4234,2020-12-28 10:53:00,573.35,573.35,573.35,573.35,25,175,561.83,546.55,577.85
4235,2020-12-28 10:54:00,573.35,573.35,573.35,573.35,25,175,561.83,546.55,577.85
4236,2020-12-28 10:55:00,573.35,573.35,573.35,573.35,25,175,561.83,546.55,577.85
4237,2020-12-28 10:56:00,573.35,573.35,573.35,573.35,25,175,561.83,546.55,577.85
4238,2020-12-28 10:57:00,573.35,573.35,573.35,573.35,25,175,561.83,546.55,577.85
4239,2020-12-28 10:58:00,573.35,573.35,573.35,573.35,25,175,561.83,546.55,577.85
4240,2020-12-28 10:59:00,573.35,573.35,573.35,573.35,25,175,561.83,546.55,577.85
4241,2020-12-28 11:00:00,573.35,573.35,573.35,573.35,25,175,561.83,546.55,577.85
4242,2020-12-28 11:01:00,573.35,573.35,573.35,573.35,25,175,561.83,546.55,577.85
4243,2020-12-28 11:02:00,573.35,573.35,573.35,573.35,25,175,561.83,546.55,577.85
4244,2020-12-28 11:03:00,573.35,573.35,573.35,573.35,25,175,561.83,546.55,577.85
4245,2020-12-28 11:04:00,573.35,573.35,573.35,573.35,25,175,561.83,546.55,577.85
4246,2020-12-28 11:05:00,573.35,573.35,573.35,573.35,25,175,561.83,546.55,577.85
4247,2020-12-28 11:06:00,573.35,573.35,573.35,573.35,25,175,561.83,546.55,577.85
4248,2020-12-28 11:07:00,573.35,573.35,573.35,573.35,25,175,561.83,546.55,577.85
4249,2020-12-28 11:08:00,573.35,573.35,573.35,573.35,25,175,561.83,546.55,577.85
4250,2020-12-28 11:09:00,573.35,573.35,573.35,573.35,25,175,561.83,546.55,577.85
4251,2020-12-28 11:10:00,573.35,573.35,573.35,573.35,25,175,561.83,546.55,577.85
4252,2020-12-28 11:11:00,573.35,573.35,573.35,573.35,25,175,561.83,546.55,577.85
4253,2020-12-28 11:12:00,573.35,573.35,573.35,573.35,25,175,561.83,546.55,577.85
4254,2020-12-28 11:13:00,573.35,573.35,573.35,573.35,25,175,561.83,546.55,577.85
4255,2020-12-28 11:14:00,573.35,573.35,573.35,573.35,25,175,561.83,546.55,577.85
4256,2020-12-28 11:15:00,573.35,573.35,573.35,573.35,25,175,561.83,546.55,577.85
4257,2020-12-28 11:16:00,573.35,573.35,573.35,573.35,25,175,561.83,546.55,577.85
4258,2020-12-28 11:17:00,573.35,573.35,573.35,573.35,25,175,561.83,546.55,577.85
4259,2020-12-28 11:18:00,573.35,573.35,573.35,573.35,25,175,561.83,546.55,577.85
4260,2020-12-28 11:19:00,573.35,573.35,573.35,573.35,25,175,561.83,546.55,577.85
4261,2020-12-28 11:20:00,573.35,573.35,573.35,573.35,25,175,561.83,546.55,577.85
4262,2020-12-28 11:21:00,573.35,573.35,573.35,573.35,25,175,561.83,546.55,577.85
4263,2020-12-28 11:22:00,573.35,573.35,573.35,573.35,25,175,561.83,546.55,577.85
4264,2020-12-28 11:23:00,573.35,573.35,573.35,573.35,25,175,561.83,546.55,577.85
4265,2020-12-28 11:24:00,573.35,573.35,573.35,573.35,25,175,561.83,546.55,577.85
4266,2020-12-28 11:25:00,573.35,573.35,573.35,573.35,25,175,561.83,546.55,577.85
4267,2020-12-28 11:26:00,573.35,573.35,573.35,573.35,25,175,561.83,546.55,577.85
4268,2020-12-28 11:27:00,573.35,573.35,573.35,573.35,25,175,561.83,546.55,577.85
4269,2020-12-28 11:28:00,573.35,573.35,573.35,573.35,25,175,561.83,546.55,577.85
4270,2020-12-28 11:29:00,573.35,573.35,573.35,573.35,25,175,561.83,546.55,577.85
4271,2020-12-28 11:30:00,573.35,573.35,573.35,573.35,25,175,561.83,546.55,577.85
4272,2020-12-28 11:31:00,573.35,573.35,573.35,573.35,25,175,561.83,546.55,577.85
4273,2020-12-28 11:32:00,573.35,573.35,573.35,573.35,25,175,561.83,546.55,577.85
4274,2020-12-28 11:33:00,573.35,573.35,573.35,573.35,25,175,561.83,546.55,577.85
4275,2020-12-28 11:34:00,573.35,573.35,573.35,573.35,25,175,561.83,546.55,577.85
4276,2020-12-28 11:35:00,573.35,573.35,573.35,573.35,25,175,561.83,546.55,577.85
4277,2020-12-28 11:36:00,573.35,573.35,573.35,573.35,25,175,561.83,546.55,577.85
4278,2020-12-28 11:37:00,573.35,573.35,573.35,573.35,25,175,561.83,546.55,577.85
4279,2020-12-28 11:38:00,573.35,573.35,573.35,573.35,25,175,561.83,546.55,577.85
4280,2020-12-28 11:39:00,573.35,573.35,573.35,573.35,25,175,561.83,546.55,577.85
4281,2020-12-28 11:40:00,573.35,573.35,573.35,573.35,25,175,561.83,546.55,577.85
4282,2020-12-28 11:41:00,573.35,573.35,573.35,573.35,25,175,561.83,546.55,577.85
4283,2020-12-28 11:42:00,573.35,573.35,573.35,573.35,25,175,561.83,546.55,577.85
4284,2020-12-28 11:43:00,573.35,573.35,573.35,573.35,25,175,561.83,546.55,577.85
4285,2020-12-28 11:44:00,573.35,573.35,573.35,573.35,25,175,561.83,546.55,577.85
4286,2020-12-28 11:45:00,573.35,573.35,573.35,573.35,25,175,561.83,546.55,577.85
4287,2020-12-28 11:46:00,573.35,573.35,573.35,573.35,25,175,561.83,546.55,577.85
4288,2020-12-28 11:47:00,573.35,573.35,573.35,573.35,25,175,561.83,546.55,577.85
4289,2020-12-28 11:48:00,573.35,573.35,573.35,573.35,25,175,561.83,546.55,577.85
4290,2020-12-28 11:49:00,573.35,573.35,573.35,573.35,25,175,561.83,546.55,577.85
4291,2020-12-28 11:50:00,573.35,573.35,573.35,573.35,25,175,561.83,546.55,577.85
4292,2020-12-28 11:51:00,573.35,573.35,573.35,573.35,25,175,561.83,546.55,577.85
4293,2020-12-28 11:52:00,573.35,573.35,573.35,573.35,25,175,561.83,546.55,577.85
4294,2020-12-28 11:53:00,573.35,573.35,573.35,573.35,25,175,561.83,546.55,577.85
4295,2020-12-28 11:54:00,573.35,573.35,573.35,573.35,25,175,561.83,546.55,577.85
4296,2020-12-28 11:55:00,573.35,573.35,573.35,573.35,25,175,561.83,546.55,577.85
4297,2020-12-28 11:56:00,573.35,573.35,573.35,573.35,25,175,561.83,546.55,577.85
4298,2020-12-28 11:57:00,573.35,573.35,573.35,573.35,25,175,561.83,546.55,577.85
4299,2020-12-28 11:58:00,573.35,573.35,573.35,573.35,25,175,561.83,546.55,577.85
4300,2020-12-28 11:59:00,573.35,573.35,573.35,573.35,25,175,561.83,546.55,577.85
4301,2020-12-28 12:00:00,573.35,573.35,573.35,573.35,25,175,561.83,546.55,577.85
4302,2020-12-28 12:01:00,573.35,573.35,573.35,573.35,25,175,561.83,546.55,577.85
4303,2020-12-28 12:02:00,573.35,573.35,573.35,573.35,25,175,561.83,546.55,577.85
4304,2020-12-28 12:03:00,573.35,573.35,573.35,573.35,25,175,561.83,546.55,577.85
4305,2020-12-28 12:04:00,573.35,573.35,573.35,573.35,25,175,561.83,546.55,577.85
4306,2020-12-28 12:05:00,573.35,573.35,573.35,573.35,25,175,561.83,546.55,577.85
4307,2020-12-28 12:06:00,573.35,573.35,573.35,573.35,25,175,561.83,546.55,577.85
4308,2020-12-28 12:07:00,573.35,573.35,573.35,573.35,25,175,561.83,546.55,577.85
4309,2020-12-28 12:08:00,573.35,573.35,573.35,573.35,25,175,561.83,546.55,577.85
4310,2020-12-28 12:09:00,573.35,573.35,573.35,573.35,25,175,561.83,546.55,577.85
4311,2020-12-28 12:10:00,573.35,573.35,573.35,573.35,25,175,561.83,546.55,577.85
4312,2020-12-28 12:11:00,573.35,573.35,573.35,573.35,25,175,561.83,546.55,577.85
4313,2020-12-28 12:12:00,573.35,573.35,573.35,573.35,25,175,561.83,546.55,577.85
4314,2020-12-28 12:13:00,573.35,573.35,573.35,573.35,25,175,561.83,546.55,577.85
4315,2020-12-28 12:14:00,573.35,573.35,573.35,573.35,25,175,561.83,546.55,577.85
4316,2020-12-28 12:15:00,573.35,573.35,573.35,573.35,25,175,561.83,546.55,577.85
4317,2020-12-28 12:16:00,573.35,573.35,573.35,573.35,25,175,561.83,546.55,577.85
4318,2020-12-28 12:17:00,573.35,573.35,573.35,573.35,25,175,561.83,546.55,577.85
4319,2020-12-28 12:18:00,573.35,573.35,573.35,573.35,25,175,561.83,546.55,577.85
4320,2020-12-28 12:19:00,573.35,573.35,573.35,573.35,25,175,561.83,546.55,577.85
4321,2020-12-28 12:20:00,573.35,573.35,573.35,573.35,25,175,561.83,546.55,577.85
4322,2020-12-28 12:21:00,573.35,573.35,573.35,573.35,25,175,561.83,546.55,577.85
4323,2020-12-28 12:22:00,573.35,573.35,573.35,573.35,25,175,561.83,546.55,577.85
4324,2020-12-28 12:23:00,573.35,573.35,573.35,573.35,25,175,561.83,546.55,577.85
4325,2020-12-28 12:24:00,573.35,573.35,573.35,573.35,25,175,561.83,546.55,577.85
4326,2020-12-28 12:25:00,573.35,573.35,573.35,573.35,25,175,561.83,546.55,577.85
4327,2020-12-28 12:26:00,573.35,573.35,573.35,573.35,25,175,561.83,546.55,577.85
4328,2020-12-28 12:27:00,573.35,573.35,573.35,573.35,25,175,561.83,546.55,577.85
4329,2020-12-28 12:28:00,573.35,573.35,573.35,573.35,25,175,561.83,546.55,577.85
4330,2020-12-28 12:29:00,573.35,573.35,573.35,573.35,25,175,561.83,546.55,577.85
4331,2020-12-28 12:30:00,568.4,568.4,568.4,568.4,25,175,562.49,542.6,584.65
4332,2020-12-28 12:31:00,568.4,568.4,568.4,568.4,25,175,562.49,542.6,584.65
4333,2020-12-28 12:32:00,568.4,568.4,568.4,568.4,25,175,562.49,542.6,584.65
4334,2020-12-28 12:33:00,568.4,568.4,568.4,568.4,25,175,562.49,542.6,584.65
4335,2020-12-28 12:34:00,568.4,568.4,568.4,568.4,25,175,562.49,542.6,584.65
4336,2020-12-28 12:35:00,568.4,568.4,568.4,568.4,25,175,562.49,542.6,584.65
4337,2020-12-28 12:36:00,568.4,568.4,568.4,568.4,25,175,562.49,542.6,584.65
4338,2020-12-28 12:37:00,568.4,568.4,568.4,568.4,25,175,562.49,542.6,584.65
4339,2020-12-28 12:38:00,568.4,568.4,568.4,568.4,25,175,562.49,542.6,584.65
4340,2020-12-28 12:39:00,568.4,568.4,568.4,568.4,25,175,562.49,542.6,584.65
4341,2020-12-28 12:40:00,568.4,568.4,568.4,568.4,25,175,562.49,542.6,584.65
4342,2020-12-28 12:41:00,568.4,568.4,568.4,568.4,25,175,562.49,542.6,584.65
4343,2020-12-28 12:42:00,568.4,568.4,568.4,568.4,25,175,562.49,542.6,584.65
4344,2020-12-28 12:43:00,568.4,568.4,568.4,568.4,25,175,562.49,542.6,584.65
4345,2020-12-28 12:44:00,568.4,568.4,568.4,568.4,25,175,562.49,542.6,584.65
4346,2020-12-28 12:45:00,568.4,568.4,568.4,568.4,25,175,562.49,542.6,584.65
4347,2020-12-28 12:46:00,568.4,568.4,568.4,568.4,25,175,562.49,542.6,584.65
4348,2020-12-28 12:47:00,568.4,568.4,568.4,568.4,25,175,562.49,542.6,584.65
4349,2020-12-28 12:48:00,568.4,568.4,568.4,568.4,25,175,562.49,542.6,584.65
4350,2020-12-28 12:49:00,568.4,568.4,568.4,568.4,25,175,562.49,542.6,584.65
4351,2020-12-28 12:50:00,568.4,568.4,568.4,568.4,25,175,562.49,542.6,584.65
4352,2020-12-28 12:51:00,568.4,568.4,568.4,568.4,25,175,562.49,542.6,584.65
4353,2020-12-28 12:52:00,568.4,568.4,568.4,568.4,25,175,562.49,542.6,584.65
4354,2020-12-28 12:53:00,568.4,568.4,568.4,568.4,25,175,562.49,542.6,584.65
4355,2020-12-28 12:54:00,568.4,568.4,568.4,568.4,25,175,562.49,542.6,584.65
4356,2020-12-28 12:55:00,568.4,568.4,568.4,568.4,25,175,562.49,542.6,584.65
4357,2020-12-28 12:56:00,568.4,568.4,568.4,568.4,25,175,562.49,542.6,584.65
4358,2020-12-28 12:57:00,568.4,568.4,568.4,568.4,25,175,562.49,542.6,584.65
4359,2020-12-28 12:58:00,568.4,568.4,568.4,568.4,25,175,562.49,542.6,584.65
4360,2020-12-28 12:59:00,568.4,568.4,568.4,568.4,25,175,562.49,542.6,584.65
4361,2020-12-28 13:00:00,568.4,568.4,568.4,568.4,25,175,562.49,542.6,584.65
4362,2020-12-28 13:01:00,568.4,568.4,568.4,568.4,25,175,562.49,542.6,584.65
4363,2020-12-28 13:02:00,568.4,568.4,568.4,568.4,25,175,562.49,542.6,584.65
4364,2020-12-28 13:03:00,568.4,568.4,568.4,568.4,25,175,562.49,542.6,584.65
4365,2020-12-28 13:04:00,568.4,568.4,568.4,568.4,25,175,562.49,542.6,584.65
4366,2020-12-28 13:05:00,568.4,568.4,568.4,568.4,25,175,562.49,542.6,584.65
4367,2020-12-28 13:06:00,568.4,568.4,568.4,568.4,25,175,562.49,542.6,584.65
4368,2020-12-28 13:07:00,568.4,568.4,568.4,568.4,25,175,562.49,542.6,584.65
4369,2020-12-28 13:08:00,568.4,568.4,568.4,568.4,25,175,562.49,542.6,584.65
4370,2020-12-28 13:09:00,568.4,568.4,568.4,568.4,25,175,562.49,542.6,584.65
4371,2020-12-28 13:10:00,568.4,568.4,568.4,568.4,25,175,562.49,542.6,584.65
4372,2020-12-28 13:11:00,568.4,568.4,568.4,568.4,25,175,562.49,542.6,584.65
4373,2020-12-28 13:12:00,568.4,568.4,568.4,568.4,25,175,562.49,542.6,584.65
4374,2020-12-28 13:13:00,568.4,568.4,568.4,568.4,25,175,562.49,542.6,584.65
4375,2020-12-28 13:14:00,568.4,568.4,568.4,568.4,25,175,562.49,542.6,584.65
4376,2020-12-28 13:15:00,568.4,568.4,568.4,568.4,25,175,562.49,542.6,584.65
4377,2020-12-28 13:16:00,568.4,568.4,568.4,568.4,25,175,562.49,542.6,584.65
4378,2020-12-28 13:17:00,568.4,568.4,568.4,568.4,25,175,562.49,542.6,584.65
4379,2020-12-28 13:18:00,568.4,568.4,568.4,568.4,25,175,562.49,542.6,584.65
4380,2020-12-28 13:19:00,568.4,568.4,568.4,568.4,25,175,562.49,542.6,584.65
4381,2020-12-28 13:20:00,568.4,568.4,568.4,568.4,25,175,562.49,542.6,584.65
4382,2020-12-28 13:21:00,568.4,568.4,568.4,568.4,25,175,562.49,542.6,584.65
4383,2020-12-28 13:22:00,568.4,568.4,568.4,568.4,25,175,562.49,542.6,584.65
4384,2020-12-28 13:23:00,568.4,568.4,568.4,568.4,25,175,562.49,542.6,584.65
4385,2020-12-28 13:24:00,568.4,568.4,568.4,568.4,25,175,562.49,542.6,584.65
4386,2020-12-28 13:25:00,568.4,568.4,568.4,568.4,25,175,562.49,542.6,584.65
4387,2020-12-28 13:26:00,568.4,568.4,568.4,568.4,25,175,562.49,542.6,584.65
4388,2020-12-28 13:27:00,568.4,568.4,568.4,568.4,25,175,562.49,542.6,584.65
4389,2020-12-28 13:28:00,568.4,568.4,568.4,568.4,25,175,562.49,542.6,584.65
4390,2020-12-28 13:29:00,568.4,568.4,568.4,568.4,25,175,562.49,542.6,584.65
4391,2020-12-28 13:30:00,568.4,568.4,568.4,568.4,25,175,562.49,542.6,584.65
4392,2020-12-28 13:31:00,568.4,568.4,568.4,568.4,25,175,562.49,542.6,584.65
4393,2020-12-28 13:32:00,568.4,568.4,568.4,568.4,25,175,562.49,542.6,584.65
4394,2020-12-28 13:33:00,568.4,568.4,568.4,568.4,25,175,562.49,542.6,584.65
4395,2020-12-28 13:34:00,568.4,568.4,568.4,568.4,25,175,562.49,542.6,584.65
4396,2020-12-28 13:35:00,568.4,568.4,568.4,568.4,25,175,562.49,542.6,584.65
4397,2020-12-28 13:36:00,570.05,570.05,570.05,570.05,25,175,563.18,549.55,579.65
4398,2020-12-28 13:37:00,570.05,570.05,570.05,570.05,25,175,563.18,549.55,579.65
4399,2020-12-28 13:38:00,570.05,570.05,570.05,570.05,25,175,563.18,549.55,579.65
4400,2020-12-28 13:39:00,570.05,570.05,570.05,570.05,25,175,563.18,549.55,579.65
4401,2020-12-28 13:40:00,570.05,570.05,570.05,570.05,25,175,563.18,549.55,579.65
4402,2020-12-28 13:41:00,570.05,570.05,570.05,570.05,25,175,563.18,549.55,579.65
4403,2020-12-28 13:42:00,570.05,570.05,570.05,570.05,25,175,563.18,549.55,579.65
4404,2020-12-28 13:43:00,570.05,570.05,570.05,570.05,25,175,563.18,549.55,579.65
4405,2020-12-28 13:44:00,570.05,570.05,570.05,570.05,25,175,563.18,549.55,579.65
4406,2020-12-28 13:45:00,570.05,570.05,570.05,570.05,25,175,563.18,549.55,579.65
4407,2020-12-28 13:46:00,570.05,570.05,570.05,570.05,25,175,563.18,549.55,579.65
4408,2020-12-28 13:47:00,570.05,570.05,570.05,570.05,25,175,563.18,549.55,579.65
4409,2020-12-28 13:48:00,570.05,570.05,570.05,570.05,25,175,563.18,549.55,579.65
4410,2020-12-28 13:49:00,570.05,570.05,570.05,570.05,25,175,563.18,549.55,579.65
4411,2020-12-28 13:50:00,570.05,570.05,570.05,570.05,25,175,563.18,549.55,579.65
4412,2020-12-28 13:51:00,570.05,570.05,570.05,570.05,25,175,563.18,549.55,579.65
4413,2020-12-28 13:52:00,582.0,582.0,582.0,582.0,125,200,569.06,572.9,582.0
4414,2020-12-28 13:53:00,582.0,582.0,582.0,582.0,125,200,569.06,572.9,582.0
4415,2020-12-28 13:54:00,582.0,582.0,582.0,582.0,125,200,569.06,572.9,582.0
4416,2020-12-28 13:55:00,582.0,582.0,582.0,582.0,125,200,569.06,572.9,582.0
4417,2020-12-28 13:56:00,582.0,582.0,582.0,582.0,125,200,569.06,572.9,582.0
4418,2020-12-28 13:57:00,582.0,582.0,582.0,582.0,125,200,569.06,572.9,582.0
4419,2020-12-28 13:58:00,582.0,582.0,582.0,582.0,125,200,569.06,572.9,582.0
4420,2020-12-28 13:59:00,582.0,582.0,582.0,582.0,25,200,569.82,575.45,594.7
4421,2020-12-28 14:00:00,582.0,582.0,582.0,582.0,25,200,569.82,575.45,594.7
4422,2020-12-28 14:01:00,582.0,582.0,582.0,582.0,25,200,569.82,575.45,594.7
4423,2020-12-28 14:02:00,582.0,582.0,582.0,582.0,25,200,569.82,575.45,594.7
4424,2020-12-28 14:03:00,582.0,582.0,582.0,582.0,25,200,569.82,575.45,594.7
4425,2020-12-28 14:04:00,582.0,582.0,582.0,582.0,25,200,569.82,575.45,594.7
4426,2020-12-28 14:05:00,582.0,582.0,582.0,582.0,25,200,569.82,575.45,594.7
4427,2020-12-28 14:06:00,582.0,582.0,582.0,582.0,25,200,569.82,575.45,594.7
4428,2020-12-28 14:07:00,582.0,582.0,582.0,582.0,25,200,569.82,575.45,594.7
4429,2020-12-28 14:08:00,582.0,582.0,582.0,582.0,25,200,569.82,575.45,594.7
4430,2020-12-28 14:09:00,582.0,582.0,582.0,582.0,25,200,569.82,575.45,594.7
4431,2020-12-28 14:10:00,582.0,582.0,582.0,582.0,25,200,569.82,575.45,594.7
4432,2020-12-28 14:11:00,582.0,582.0,582.0,582.0,25,200,569.82,575.45,594.7
4433,2020-12-28 14:12:00,582.0,582.0,582.0,582.0,25,200,569.82,575.45,594.7
4434,2020-12-28 14:13:00,582.0,582.0,582.0,582.0,25,200,569.82,575.45,594.7
4435,2020-12-28 14:14:00,582.0,582.0,582.0,582.0,25,200,569.82,575.45,594.7
4436,2020-12-28 14:15:00,582.0,582.0,582.0,582.0,25,200,569.82,575.45,594.7
4437,2020-12-28 14:16:00,568.05,568.05,559.0,559.0,175,200,567.04,545.25,574.55
4438,2020-12-28 14:17:00,568.05,568.05,559.0,559.0,175,200,567.04,545.25,574.55
4439,2020-12-28 14:18:00,568.05,568.05,559.0,559.0,175,200,567.04,545.25,574.55
4440,2020-12-28 14:19:00,568.05,568.05,559.0,559.0,175,200,567.04,545.25,574.55
4441,2020-12-28 14:20:00,568.05,568.05,559.0,559.0,175,200,567.04,545.25,574.55
4442,2020-12-28 14:21:00,577.0,577.0,577.0,577.0,150,375,569.03,572.05,594.2
4443,2020-12-28 14:22:00,577.0,577.0,577.0,577.0,150,375,569.03,572.05,594.2
4444,2020-12-28 14:23:00,577.0,577.0,577.0,577.0,150,375,569.03,572.05,594.2
4445,2020-12-28 14:24:00,577.0,577.0,577.0,577.0,150,375,569.03,572.05,594.2
4446,2020-12-28 14:25:00,577.0,577.0,577.0,577.0,150,375,569.03,572.05,594.2
4447,2020-12-28 14:26:00,577.0,577.0,577.0,577.0,150,375,569.03,572.05,594.2
4448,2020-12-28 14:27:00,577.0,577.0,577.0,577.0,150,375,569.03,572.05,594.2
4449,2020-12-28 14:28:00,577.0,577.0,577.0,577.0,150,375,569.03,572.05,594.2
4450,2020-12-28 14:29:00,577.0,577.0,577.0,577.0,150,375,569.03,572.05,594.2
4451,2020-12-28 14:30:00,577.0,577.0,577.0,577.0,150,375,569.03,572.05,594.2
4452,2020-12-28 14:31:00,577.0,577.0,577.0,577.0,150,375,569.03,572.05,594.2
4453,2020-12-28 14:32:00,577.0,577.0,577.0,577.0,150,375,569.03,572.05,594.2
4454,2020-12-28 14:33:00,577.0,577.0,577.0,577.0,150,375,569.03,572.05,594.2
4455,2020-12-28 14:34:00,577.0,577.0,577.0,577.0,150,375,569.03,572.05,594.2
4456,2020-12-28 14:35:00,577.0,577.0,577.0,577.0,150,375,569.03,572.05,594.2
4457,2020-12-28 14:36:00,577.0,577.0,577.0,577.0,150,375,569.03,572.05,594.2
4458,2020-12-28 14:37:00,577.0,577.0,577.0,577.0,150,375,569.03,572.05,594.2
4459,2020-12-28 14:38:00,577.0,577.0,577.0,577.0,150,375,569.03,572.05,594.2
4460,2020-12-28 14:39:00,577.0,577.0,577.0,577.0,150,375,569.03,572.05,594.2
4461,2020-12-28 14:40:00,577.0,577.0,577.0,577.0,150,375,569.03,572.05,594.2
4462,2020-12-28 14:41:00,577.0,577.0,577.0,577.0,150,375,569.03,572.05,594.2
4463,2020-12-28 14:42:00,577.0,577.0,577.0,577.0,150,375,569.03,572.05,594.2
4464,2020-12-28 14:43:00,577.0,577.0,577.0,577.0,150,375,569.03,572.05,594.2
4465,2020-12-28 14:44:00,577.0,577.0,577.0,577.0,150,375,569.03,572.05,594.2
4466,2020-12-28 14:45:00,577.0,577.0,577.0,577.0,150,375,569.03,572.05,594.2
4467,2020-12-28 14:46:00,577.0,577.0,577.0,577.0,150,375,569.03,572.05,594.2
4468,2020-12-28 14:47:00,577.0,577.0,577.0,577.0,150,375,569.03,572.05,594.2
4469,2020-12-28 14:48:00,577.0,577.0,577.0,577.0,150,375,569.03,572.05,594.2
4470,2020-12-28 14:49:00,577.0,577.0,577.0,577.0,150,375,569.03,572.05,594.2
4471,2020-12-28 14:50:00,577.0,577.0,577.0,577.0,150,375,569.03,572.05,594.2
4472,2020-12-28 14:51:00,577.0,577.0,577.0,577.0,150,375,569.03,572.05,594.2
4473,2020-12-28 14:52:00,577.0,577.0,577.0,577.0,150,375,569.03,572.05,594.2
4474,2020-12-28 14:53:00,577.0,577.0,577.0,577.0,150,375,569.03,572.05,594.2
4475,2020-12-28 14:54:00,577.0,577.0,577.0,577.0,150,375,569.03,572.05,594.2
4476,2020-12-28 14:55:00,577.0,577.0,577.0,577.0,150,375,569.03,572.05,594.2
4477,2020-12-28 14:56:00,577.0,577.0,577.0,577.0,150,375,569.03,572.05,594.2
4478,2020-12-28 14:57:00,577.0,577.0,577.0,577.0,150,375,569.03,572.05,594.2
4479,2020-12-28 14:58:00,577.0,577.0,577.0,577.0,150,375,569.03,572.05,594.2
4480,2020-12-28 14:59:00,577.0,577.0,577.0,577.0,150,375,569.03,572.05,594.2
4481,2020-12-28 15:00:00,577.0,577.0,577.0,577.0,150,375,569.03,572.05,594.2
4482,2020-12-28 15:01:00,577.0,577.0,577.0,577.0,150,375,569.03,572.05,594.2
4483,2020-12-28 15:02:00,577.0,577.0,577.0,577.0,150,375,569.03,572.05,594.2
4484,2020-12-28 15:03:00,577.0,577.0,577.0,577.0,150,375,569.03,572.05,594.2
4485,2020-12-28 15:04:00,577.0,577.0,577.0,577.0,150,375,569.03,572.05,594.2
4486,2020-12-28 15:05:00,577.0,577.0,577.0,577.0,150,375,569.03,572.05,594.2
4487,2020-12-28 15:06:00,577.0,577.0,577.0,577.0,150,375,569.03,572.05,594.2
4488,2020-12-28 15:07:00,577.0,577.0,577.0,577.0,150,375,569.03,572.05,594.2
4489,2020-12-28 15:08:00,577.0,577.0,577.0,577.0,150,375,569.03,572.05,594.2
4490,2020-12-28 15:09:00,577.0,577.0,577.0,577.0,150,375,569.03,572.05,594.2
4491,2020-12-28 15:10:00,577.0,577.0,577.0,577.0,150,375,569.03,572.05,594.2
4492,2020-12-28 15:11:00,577.0,577.0,577.0,577.0,150,375,569.03,572.05,594.2
4493,2020-12-28 15:12:00,577.0,577.0,577.0,577.0,150,375,569.03,572.05,594.2
4494,2020-12-28 15:13:00,577.0,577.0,577.0,577.0,150,375,569.03,572.05,594.2
4495,2020-12-28 15:14:00,577.0,577.0,577.0,577.0,150,375,569.03,572.05,594.2
4496,2020-12-28 15:15:00,577.0,577.0,577.0,577.0,150,375,569.03,572.05,594.2
4497,2020-12-28 15:16:00,577.0,577.0,577.0,577.0,150,375,569.03,572.05,594.2
4498,2020-12-28 15:17:00,577.0,577.0,577.0,577.0,150,375,569.03,572.05,594.2
4499,2020-12-28 15:18:00,577.0,577.0,577.0,577.0,150,375,569.03,572.05,594.2
4500,2020-12-28 15:19:00,577.0,577.0,577.0,577.0,150,375,569.03,572.05,594.2
4501,2020-12-28 15:20:00,577.0,577.0,577.0,577.0,150,375,569.03,572.05,594.2
4502,2020-12-28 15:21:00,577.0,577.0,577.0,577.0,150,375,569.03,572.05,594.2
4503,2020-12-28 15:22:00,577.0,577.0,577.0,577.0,150,375,569.03,572.05,594.2
4504,2020-12-28 15:23:00,577.0,577.0,577.0,577.0,150,375,569.03,572.05,594.2
4505,2020-12-28 15:24:00,577.0,577.0,577.0,577.0,150,375,569.03,572.05,594.2
4506,2020-12-28 15:25:00,577.0,577.0,577.0,577.0,150,375,569.03,572.05,594.2
4507,2020-12-28 15:26:00,577.0,577.0,577.0,577.0,150,375,569.03,572.05,594.2
4508,2020-12-28 15:27:00,577.0,577.0,577.0,577.0,150,375,569.03,572.05,594.2
4509,2020-12-28 15:28:00,577.0,577.0,577.0,577.0,150,375,569.03,572.05,594.2
4510,2020-12-28 15:29:00,577.0,577.0,577.0,577.0,150,375,569.03,572.05,594.2
4511,2020-12-28 15:30:00,641.4,641.4,641.4,641.4,50,300,573.04,582.45,643.15
4512,2020-12-29 09:15:00,668.95,669.0,668.95,669.0,75,300,668.98,661.0,700.55
4513,2020-12-29 09:16:00,714.5,714.5,714.5,714.5,25,300,680.36,683.85,701.05
4514,2020-12-29 09:17:00,714.5,714.5,714.5,714.5,25,300,680.36,683.85,701.05
4515,2020-12-29 09:18:00,714.5,714.5,714.5,714.5,25,300,680.36,683.85,701.05
4516,2020-12-29 09:19:00,714.5,714.5,714.5,714.5,25,300,680.36,683.85,701.05
4517,2020-12-29 09:20:00,714.5,714.5,714.5,714.5,25,300,680.36,683.85,701.05
4518,2020-12-29 09:21:00,708.9,708.9,708.9,708.9,25,350,686.07,704.05,725.95
4519,2020-12-29 09:22:00,708.9,708.9,708.9,708.9,25,350,686.07,704.05,725.95
4520,2020-12-29 09:23:00,708.9,708.9,708.9,708.9,25,350,686.07,704.05,725.95
4521,2020-12-29 09:24:00,737.45,737.45,737.45,737.45,25,325,694.63,718.55,738.5
4522,2020-12-29 09:25:00,737.45,737.45,737.45,737.45,25,325,694.63,718.55,738.5
4523,2020-12-29 09:26:00,737.45,737.45,737.45,737.45,25,325,694.63,718.55,738.5
4524,2020-12-29 09:27:00,737.45,737.45,737.45,737.45,25,325,694.63,718.55,738.5
4525,2020-12-29 09:28:00,737.45,737.45,737.45,737.45,25,325,694.63,718.55,738.5
4526,2020-12-29 09:29:00,737.45,737.45,737.45,737.45,25,325,694.63,718.55,738.5
4527,2020-12-29 09:30:00,737.45,737.45,737.45,737.45,25,325,694.63,718.55,738.5
4528,2020-12-29 09:31:00,737.45,737.45,737.45,737.45,25,325,694.63,718.55,738.5
4529,2020-12-29 09:32:00,737.45,737.45,737.45,737.45,25,325,694.63,718.55,738.5
4530,2020-12-29 09:33:00,737.45,737.45,737.45,737.45,25,325,694.63,718.55,738.5
4531,2020-12-29 09:34:00,737.45,737.45,737.45,737.45,25,325,694.63,718.55,738.5
4532,2020-12-29 09:35:00,724.2,724.2,724.2,724.2,25,325,698.85,720.05,735.7
4533,2020-12-29 09:36:00,724.2,724.2,724.2,724.2,25,325,698.85,720.05,735.7
4534,2020-12-29 09:37:00,724.2,724.2,724.2,724.2,25,325,698.85,720.05,735.7
4535,2020-12-29 09:38:00,724.2,724.2,724.2,724.2,25,325,698.85,720.05,735.7
4536,2020-12-29 09:39:00,724.2,724.2,724.2,724.2,25,325,698.85,720.05,735.7
4537,2020-12-29 09:40:00,724.2,724.2,724.2,724.2,25,325,698.85,720.05,735.7
4538,2020-12-29 09:41:00,719.35,719.35,719.35,719.35,75,325,704.95,698.5,745.15
4539,2020-12-29 09:42:00,719.35,719.35,719.35,719.35,75,325,704.95,698.5,745.15
4540,2020-12-29 09:43:00,719.35,719.35,719.35,719.35,75,325,704.95,698.5,745.15
4541,2020-12-29 09:44:00,719.35,719.35,719.35,719.35,75,325,704.95,698.5,745.15
4542,2020-12-29 09:45:00,719.35,719.35,719.35,719.35,75,325,704.95,698.5,745.15
4543,2020-12-29 09:46:00,719.35,719.35,719.35,719.35,75,325,704.95,698.5,745.15
4544,2020-12-29 09:47:00,719.35,719.35,719.35,719.35,75,325,704.95,698.5,745.15
4545,2020-12-29 09:48:00,719.35,719.35,719.35,719.35,75,325,704.95,698.5,745.15
4546,2020-12-29 09:49:00,713.35,713.35,713.35,713.35,50,325,706.35,702.95,722.65
4547,2020-12-29 09:50:00,713.35,713.35,713.35,713.35,50,325,706.35,702.95,722.65
4548,2020-12-29 09:51:00,713.35,713.35,713.35,713.35,50,325,706.35,702.95,722.65
4549,2020-12-29 09:52:00,713.35,713.35,713.35,713.35,50,325,706.35,702.95,722.65
4550,2020-12-29 09:53:00,713.35,713.35,713.35,713.35,50,325,706.35,702.95,722.65
4551,2020-12-29 09:54:00,713.35,713.35,713.35,713.35,50,325,706.35,702.95,722.65
4552,2020-12-29 09:55:00,713.35,713.35,713.35,713.35,50,325,706.35,702.95,722.65
4553,2020-12-29 09:56:00,713.35,713.35,713.35,713.35,50,325,706.35,702.95,722.65
4554,2020-12-29 09:57:00,713.35,713.35,713.35,713.35,50,325,706.35,702.95,722.65
4555,2020-12-29 09:58:00,713.35,713.35,713.35,713.35,50,325,706.35,702.95,722.65
4556,2020-12-29 09:59:00,713.35,713.35,713.35,713.35,50,325,706.35,702.95,722.65
4557,2020-12-29 10:00:00,713.35,713.35,713.35,713.35,50,325,706.35,702.95,722.65
4558,2020-12-29 10:01:00,713.35,713.35,713.35,713.35,50,325,706.35,702.95,722.65
4559,2020-12-29 10:02:00,713.35,713.35,713.35,713.35,50,325,706.35,702.95,722.65
4560,2020-12-29 10:03:00,713.35,713.35,713.35,713.35,50,325,706.35,702.95,722.65
4561,2020-12-29 10:04:00,713.35,713.35,713.35,713.35,50,325,706.35,702.95,722.65
4562,2020-12-29 10:05:00,713.35,713.35,713.35,713.35,50,325,706.35,702.95,722.65
4563,2020-12-29 10:06:00,724.45,724.45,724.45,724.45,25,325,707.75,710.1,727.55
4564,2020-12-29 10:07:00,724.45,724.45,724.45,724.45,25,325,707.75,710.1,727.55
4565,2020-12-29 10:08:00,724.45,724.45,724.45,724.45,25,325,707.75,710.1,727.55
4566,2020-12-29 10:09:00,724.45,724.45,724.45,724.45,25,325,707.75,710.1,727.55
4567,2020-12-29 10:10:00,724.45,724.45,724.45,724.45,25,325,707.75,710.1,727.55
4568,2020-12-29 10:11:00,724.45,724.45,724.45,724.45,25,325,707.75,710.1,727.55
4569,2020-12-29 10:12:00,724.45,724.45,724.45,724.45,25,325,707.75,710.1,727.55
4570,2020-12-29 10:13:00,710.0,710.0,710.0,710.0,50,325,708.05,705.05,724.1
4571,2020-12-29 10:14:00,710.0,710.0,710.0,710.0,50,325,708.05,705.05,724.1
4572,2020-12-29 10:15:00,710.0,710.0,710.0,710.0,50,325,708.05,705.05,724.1
4573,2020-12-29 10:16:00,710.0,710.0,710.0,710.0,50,325,708.05,705.05,724.1
4574,2020-12-29 10:17:00,710.0,710.0,710.0,710.0,50,325,708.05,705.05,724.1
4575,2020-12-29 10:18:00,710.0,710.0,710.0,710.0,50,325,708.05,705.05,724.1
4576,2020-12-29 10:19:00,710.0,710.0,710.0,710.0,50,325,708.05,705.05,724.1
4577,2020-12-29 10:20:00,710.0,710.0,710.0,710.0,50,325,708.05,705.05,724.1
4578,2020-12-29 10:21:00,710.0,710.0,710.0,710.0,50,325,708.05,705.05,724.1
4579,2020-12-29 10:22:00,710.0,710.0,710.0,710.0,50,325,708.05,705.05,724.1
4580,2020-12-29 10:23:00,710.0,710.0,710.0,710.0,50,325,708.05,705.05,724.1
4581,2020-12-29 10:24:00,710.0,710.0,710.0,710.0,50,325,708.05,705.05,724.1
4582,2020-12-29 10:25:00,710.0,710.0,710.0,710.0,50,325,708.05,705.05,724.1
4583,2020-12-29 10:26:00,710.0,710.0,710.0,710.0,50,325,708.05,705.05,724.1
4584,2020-12-29 10:27:00,710.0,710.0,710.0,710.0,50,325,708.05,705.05,724.1
4585,2020-12-29 10:28:00,710.0,710.0,710.0,710.0,50,325,708.05,705.05,724.1
4586,2020-12-29 10:29:00,710.0,710.0,710.0,710.0,50,325,708.05,705.05,724.1
4587,2020-12-29 10:30:00,710.0,710.0,710.0,710.0,50,325,708.05,705.05,724.1
4588,2020-12-29 10:31:00,710.0,710.0,710.0,710.0,50,325,708.05,705.05,724.1
4589,2020-12-29 10:32:00,710.0,710.0,710.0,710.0,50,325,708.05,705.05,724.1
4590,2020-12-29 10:33:00,710.0,710.0,710.0,710.0,50,325,708.05,705.05,724.1
4591,2020-12-29 10:34:00,715.55,715.55,715.55,715.55,25,375,708.51,696.75,715.35
4592,2020-12-29 10:35:00,715.55,715.55,715.55,715.55,25,375,708.51,696.75,715.35
4593,2020-12-29 10:36:00,695.9,695.9,695.9,695.9,50,375,707.11,698.05,716.3
4594,2020-12-29 10:37:00,695.9,695.9,695.9,695.9,50,375,707.11,698.05,716.3
4595,2020-12-29 10:38:00,695.9,695.9,695.9,695.9,50,375,707.11,698.05,716.3
4596,2020-12-29 10:39:00,695.9,695.9,695.9,695.9,50,375,707.11,698.05,716.3
4597,2020-12-29 10:40:00,695.9,695.9,695.9,695.9,50,375,707.11,698.05,716.3
4598,2020-12-29 10:41:00,695.9,695.9,695.9,695.9,50,375,707.11,698.05,716.3
4599,2020-12-29 10:42:00,695.9,695.9,695.9,695.9,50,375,707.11,698.05,716.3
4600,2020-12-29 10:43:00,695.9,695.9,695.9,695.9,50,375,707.11,698.05,716.3
4601,2020-12-29 10:44:00,690.05,690.05,690.05,690.05,25,400,706.21,688.8,702.6
4602,2020-12-29 10:45:00,688.8,688.8,688.8,688.8,50,425,704.55,676.75,693.3
4603,2020-12-29 10:46:00,677.0,677.0,677.0,677.0,25,425,703.3,620.2,661.4
4604,2020-12-29 10:47:00,677.0,677.0,677.0,677.0,25,425,703.3,620.2,661.4
4605,2020-12-29 10:48:00,677.0,677.0,677.0,677.0,25,425,703.3,620.2,661.4
4606,2020-12-29 10:49:00,677.0,677.0,677.0,677.0,25,425,703.3,620.2,661.4
4607,2020-12-29 10:50:00,655.0,655.0,655.0,655.0,25,475,701.2,115.55,649.75
4608,2020-12-29 10:51:00,640.9,640.9,640.9,640.9,25,500,698.69,202.1,661.8
4609,2020-12-29 10:52:00,655.7,655.7,655.7,655.7,25,500,696.97,282.15,678.95
4610,2020-12-29 10:53:00,662.85,662.85,662.85,662.85,25,500,695.66,386.5,677.8
4611,2020-12-29 10:54:00,666.9,666.9,666.9,666.9,25,450,694.59,547.95,707.5
4612,2020-12-29 10:55:00,666.9,666.9,666.9,666.9,25,450,694.59,547.95,707.5
4613,2020-12-29 10:56:00,666.9,666.9,666.9,666.9,25,450,694.59,547.95,707.5
4614,2020-12-29 10:57:00,666.9,666.9,666.9,666.9,25,450,694.59,547.95,707.5
4615,2020-12-29 10:58:00,666.9,666.9,666.9,666.9,25,450,694.59,547.95,707.5
4616,2020-12-29 10:59:00,666.9,666.9,666.9,666.9,25,450,694.59,547.95,707.5
4617,2020-12-29 11:00:00,666.9,666.9,666.9,666.9,25,450,694.59,547.95,707.5
4618,2020-12-29 11:01:00,666.9,666.9,666.9,666.9,25,450,694.59,547.95,707.5
4619,2020-12-29 11:02:00,666.9,666.9,666.9,666.9,25,450,694.59,547.95,707.5
4620,2020-12-29 11:03:00,666.9,666.9,666.9,666.9,25,450,694.59,547.95,707.5
4621,2020-12-29 11:04:00,666.9,666.9,666.9,666.9,25,450,694.59,547.95,707.5
4622,2020-12-29 11:05:00,666.9,666.9,666.9,666.9,25,450,694.59,547.95,707.5
4623,2020-12-29 11:06:00,666.9,666.9,666.9,666.9,25,450,694.59,547.95,707.5
4624,2020-12-29 11:07:00,666.9,666.9,666.9,666.9,25,450,694.59,547.95,707.5
4625,2020-12-29 11:08:00,666.9,666.9,666.9,666.9,25,450,694.59,547.95,707.5
4626,2020-12-29 11:09:00,666.9,666.9,666.9,666.9,25,450,694.59,547.95,707.5
4627,2020-12-29 11:10:00,666.9,666.9,666.9,666.9,25,450,694.59,547.95,707.5
4628,2020-12-29 11:11:00,666.9,666.9,666.9,666.9,25,450,694.59,547.95,707.5
4629,2020-12-29 11:12:00,666.9,666.9,666.9,666.9,25,450,694.59,547.95,707.5
4630,2020-12-29 11:13:00,666.9,666.9,666.9,666.9,25,450,694.59,547.95,707.5
4631,2020-12-29 11:14:00,666.9,666.9,666.9,666.9,25,450,694.59,547.95,707.5
4632,2020-12-29 11:15:00,666.9,666.9,666.9,666.9,25,450,694.59,547.95,707.5
4633,2020-12-29 11:16:00,666.9,666.9,666.9,666.9,25,450,694.59,547.95,707.5
4634,2020-12-29 11:17:00,666.9,666.9,666.9,666.9,25,450,694.59,547.95,707.5
4635,2020-12-29 11:18:00,666.9,666.9,666.9,666.9,25,450,694.59,547.95,707.5
4636,2020-12-29 11:19:00,666.9,666.9,666.9,666.9,25,450,694.59,547.95,707.5
4637,2020-12-29 11:20:00,666.9,666.9,666.9,666.9,25,450,694.59,547.95,707.5
4638,2020-12-29 11:21:00,666.9,666.9,666.9,666.9,25,450,694.59,547.95,707.5
4639,2020-12-29 11:22:00,666.9,666.9,666.9,666.9,50,400,692.68,661.45,699.85
4640,2020-12-29 11:23:00,666.9,666.9,666.9,666.9,50,400,692.68,661.45,699.85
4641,2020-12-29 11:24:00,666.9,666.9,666.9,666.9,50,400,692.68,661.45,699.85
4642,2020-12-29 11:25:00,666.9,666.9,666.9,666.9,50,400,692.68,661.45,699.85
4643,2020-12-29 11:26:00,666.9,666.9,666.9,666.9,50,400,692.68,661.45,699.85
4644,2020-12-29 11:27:00,666.9,666.9,666.9,666.9,50,400,692.68,661.45,699.85
4645,2020-12-29 11:28:00,666.9,666.9,666.9,666.9,50,400,692.68,661.45,699.85
4646,2020-12-29 11:29:00,666.9,666.9,666.9,666.9,50,400,692.68,661.45,699.85
4647,2020-12-29 11:30:00,666.9,666.9,666.9,666.9,50,400,692.68,661.45,699.85
4648,2020-12-29 11:31:00,666.9,666.9,666.9,666.9,50,400,692.68,661.45,699.85
4649,2020-12-29 11:32:00,666.9,666.9,666.9,666.9,50,400,692.68,661.45,699.85
4650,2020-12-29 11:33:00,666.9,666.9,666.9,666.9,50,400,692.68,661.45,699.85
4651,2020-12-29 11:34:00,666.9,666.9,666.9,666.9,50,400,692.68,661.45,699.85
4652,2020-12-29 11:35:00,666.9,666.9,666.9,666.9,50,400,692.68,661.45,699.85
4653,2020-12-29 11:36:00,666.9,666.9,666.9,666.9,50,400,692.68,661.45,699.85
4654,2020-12-29 11:37:00,666.9,666.9,666.9,666.9,50,400,692.68,661.45,699.85
4655,2020-12-29 11:38:00,666.9,666.9,666.9,666.9,50,400,692.68,661.45,699.85
4656,2020-12-29 11:39:00,666.9,666.9,666.9,666.9,50,400,692.68,661.45,699.85
4657,2020-12-29 11:40:00,666.9,666.9,666.9,666.9,50,400,692.68,661.45,699.85
4658,2020-12-29 11:41:00,666.9,666.9,666.9,666.9,50,400,692.68,661.45,699.85
4659,2020-12-29 11:42:00,666.9,666.9,666.9,666.9,50,400,692.68,661.45,699.85
4660,2020-12-29 11:43:00,666.9,666.9,666.9,666.9,50,400,692.68,661.45,699.85
4661,2020-12-29 11:44:00,666.9,666.9,666.9,666.9,50,400,692.68,661.45,699.85
4662,2020-12-29 11:45:00,666.9,666.9,666.9,666.9,50,400,692.68,661.45,699.85
4663,2020-12-29 11:46:00,666.9,666.9,666.9,666.9,50,400,692.68,661.45,699.85
4664,2020-12-29 11:47:00,666.9,666.9,666.9,666.9,50,400,692.68,661.45,699.85
4665,2020-12-29 11:48:00,666.9,666.9,666.9,666.9,50,400,692.68,661.45,699.85
4666,2020-12-29 11:49:00,666.9,666.9,666.9,666.9,50,400,692.68,661.45,699.85
4667,2020-12-29 11:50:00,666.9,666.9,666.9,666.9,50,400,692.68,661.45,699.85
4668,2020-12-29 11:51:00,666.9,666.9,666.9,666.9,50,400,692.68,661.45,699.85
4669,2020-12-29 11:52:00,666.9,666.9,666.9,666.9,50,400,692.68,661.45,699.85
4670,2020-12-29 11:53:00,666.9,666.9,666.9,666.9,50,400,692.68,661.45,699.85
4671,2020-12-29 11:54:00,666.9,666.9,666.9,666.9,50,400,692.68,661.45,699.85
4672,2020-12-29 11:55:00,666.9,666.9,666.9,666.9,50,400,692.68,661.45,699.85
4673,2020-12-29 11:56:00,666.9,666.9,666.9,666.9,50,400,692.68,661.45,699.85
4674,2020-12-29 11:57:00,666.9,666.9,666.9,666.9,50,400,692.68,661.45,699.85
4675,2020-12-29 11:58:00,666.9,666.9,666.9,666.9,50,400,692.68,661.45,699.85
4676,2020-12-29 11:59:00,666.9,666.9,666.9,666.9,50,400,692.68,661.45,699.85
4677,2020-12-29 12:00:00,666.9,666.9,666.9,666.9,50,400,692.68,661.45,699.85
4678,2020-12-29 12:01:00,666.9,666.9,666.9,666.9,50,400,692.68,661.45,699.85
4679,2020-12-29 12:02:00,666.9,666.9,666.9,666.9,50,400,692.68,661.45,699.85
4680,2020-12-29 12:03:00,666.9,666.9,666.9,666.9,50,400,692.68,661.45,699.85
4681,2020-12-29 12:04:00,666.9,666.9,666.9,666.9,50,400,692.68,661.45,699.85
4682,2020-12-29 12:05:00,666.9,666.9,666.9,666.9,50,400,692.68,661.45,699.85
4683,2020-12-29 12:06:00,666.9,666.9,666.9,666.9,50,400,692.68,661.45,699.85
4684,2020-12-29 12:07:00,666.9,666.9,666.9,666.9,50,400,692.68,661.45,699.85
4685,2020-12-29 12:08:00,666.9,666.9,666.9,666.9,50,400,692.68,661.45,699.85
4686,2020-12-29 12:09:00,666.9,666.9,666.9,666.9,50,400,692.68,661.45,699.85
4687,2020-12-29 12:10:00,666.9,666.9,666.9,666.9,50,400,692.68,661.45,699.85
4688,2020-12-29 12:11:00,666.9,666.9,666.9,666.9,50,400,692.68,661.45,699.85
4689,2020-12-29 12:12:00,666.9,666.9,666.9,666.9,50,400,692.68,661.45,699.85
4690,2020-12-29 12:13:00,666.9,666.9,666.9,666.9,50,400,692.68,661.45,699.85
4691,2020-12-29 12:14:00,666.9,666.9,666.9,666.9,50,400,692.68,661.45,699.85
4692,2020-12-29 12:15:00,666.9,666.9,666.9,666.9,50,400,692.68,661.45,699.85
4693,2020-12-29 12:16:00,666.9,666.9,666.9,666.9,50,400,692.68,661.45,699.85
4694,2020-12-29 12:17:00,666.9,666.9,666.9,666.9,50,400,692.68,661.45,699.85
4695,2020-12-29 12:18:00,666.9,666.9,666.9,666.9,50,400,692.68,661.45,699.85
4696,2020-12-29 12:19:00,666.9,666.9,666.9,666.9,50,400,692.68,661.45,699.85
4697,2020-12-29 12:20:00,666.9,666.9,666.9,666.9,50,400,692.68,661.45,699.85
4698,2020-12-29 12:21:00,690.5,690.5,690.5,690.5,25,450,692.61,678.6,711.8
4699,2020-12-29 12:22:00,690.5,690.5,690.5,690.5,25,450,692.61,678.6,711.8
4700,2020-12-29 12:23:00,690.5,690.5,690.5,690.5,25,450,692.61,678.6,711.8
4701,2020-12-29 12:24:00,690.5,690.5,690.5,690.5,25,450,692.61,678.6,711.8
4702,2020-12-29 12:25:00,690.5,690.5,690.5,690.5,25,450,692.61,678.6,711.8
4703,2020-12-29 12:26:00,690.5,690.5,690.5,690.5,25,450,692.61,678.6,711.8
4704,2020-12-29 12:27:00,690.5,690.5,690.5,690.5,25,450,692.61,678.6,711.8
4705,2020-12-29 12:28:00,690.5,690.5,690.5,690.5,25,450,692.61,678.6,711.8
4706,2020-12-29 12:29:00,690.5,690.5,690.5,690.5,25,450,692.61,678.6,711.8
4707,2020-12-29 12:30:00,690.5,690.5,690.5,690.5,25,450,692.61,678.6,711.8
4708,2020-12-29 12:31:00,690.5,690.5,690.5,690.5,25,450,692.61,678.6,711.8
4709,2020-12-29 12:32:00,690.5,690.5,690.5,690.5,25,450,692.61,678.6,711.8
4710,2020-12-29 12:33:00,690.5,690.5,690.5,690.5,25,450,692.61,678.6,711.8
4711,2020-12-29 12:34:00,685.15,685.15,685.15,685.15,25,450,692.37,660.05,704.3
4712,2020-12-29 12:35:00,685.15,685.15,685.15,685.15,25,450,692.37,660.05,704.3
4713,2020-12-29 12:36:00,685.15,685.15,685.15,685.15,25,450,692.37,660.05,704.3
4714,2020-12-29 12:37:00,665.75,665.75,665.75,665.75,25,450,691.54,632.75,710.25
4715,2020-12-29 12:38:00,665.75,665.75,665.75,665.75,25,450,691.54,632.75,710.25
4716,2020-12-29 12:39:00,665.75,665.75,665.75,665.75,25,450,691.54,632.75,710.25
4717,2020-12-29 12:40:00,665.75,665.75,665.75,665.75,25,450,691.54,632.75,710.25
4718,2020-12-29 12:41:00,665.75,665.75,665.75,665.75,25,450,691.54,632.75,710.25
4719,2020-12-29 12:42:00,665.75,665.75,665.75,665.75,25,450,691.54,632.75,710.25
4720,2020-12-29 12:43:00,665.75,665.75,665.75,665.75,25,450,691.54,632.75,710.25
4721,2020-12-29 12:44:00,665.75,665.75,665.75,665.75,25,450,691.54,632.75,710.25
4722,2020-12-29 12:45:00,665.75,665.75,665.75,665.75,25,450,691.54,632.75,710.25
4723,2020-12-29 12:46:00,665.75,665.75,665.75,665.75,25,450,691.54,632.75,710.25
4724,2020-12-29 12:47:00,665.75,665.75,665.75,665.75,25,450,691.54,632.75,710.25
4725,2020-12-29 12:48:00,665.75,665.75,665.75,665.75,25,450,691.54,632.75,710.25
4726,2020-12-29 12:49:00,665.75,665.75,665.75,665.75,25,450,691.54,632.75,710.25
4727,2020-12-29 12:50:00,665.75,665.75,665.75,665.75,25,450,691.54,632.75,710.25
4728,2020-12-29 12:51:00,665.75,665.75,665.75,665.75,25,450,691.54,632.75,710.25
4729,2020-12-29 12:52:00,665.75,665.75,665.75,665.75,25,450,691.54,632.75,710.25
4730,2020-12-29 12:53:00,665.75,665.75,665.75,665.75,25,450,691.54,632.75,710.25
4731,2020-12-29 12:54:00,665.75,665.75,665.75,665.75,25,450,691.54,632.75,710.25
4732,2020-12-29 12:55:00,665.75,665.75,665.75,665.75,25,450,691.54,632.75,710.25
4733,2020-12-29 12:56:00,665.75,665.75,665.75,665.75,25,450,691.54,632.75,710.25
4734,2020-12-29 12:57:00,665.75,665.75,665.75,665.75,25,450,691.54,632.75,710.25
4735,2020-12-29 12:58:00,665.75,665.75,665.75,665.75,25,450,691.54,632.75,710.25
4736,2020-12-29 12:59:00,665.75,665.75,665.75,665.75,25,450,691.54,632.75,710.25
4737,2020-12-29 13:00:00,665.75,665.75,665.75,665.75,25,450,691.54,632.75,710.25
4738,2020-12-29 13:01:00,665.75,665.75,665.75,665.75,25,450,691.54,632.75,710.25
4739,2020-12-29 13:02:00,665.75,665.75,665.75,665.75,25,450,691.54,632.75,710.25
4740,2020-12-29 13:03:00,665.75,665.75,665.75,665.75,25,450,691.54,632.75,710.25
4741,2020-12-29 13:04:00,665.75,665.75,665.75,665.75,25,450,691.54,632.75,710.25
4742,2020-12-29 13:05:00,665.75,665.75,665.75,665.75,25,450,691.54,632.75,710.25
4743,2020-12-29 13:06:00,665.75,665.75,665.75,665.75,25,450,691.54,632.75,710.25
4744,2020-12-29 13:07:00,665.75,665.75,665.75,665.75,25,450,691.54,632.75,710.25
4745,2020-12-29 13:08:00,665.75,665.75,665.75,665.75,25,450,691.54,632.75,710.25
4746,2020-12-29 13:09:00,665.75,665.75,665.75,665.75,25,450,691.54,632.75,710.25
4747,2020-12-29 13:10:00,665.75,665.75,665.75,665.75,25,450,691.54,632.75,710.25
4748,2020-12-29 13:11:00,665.75,665.75,665.75,665.75,25,450,691.54,632.75,710.25
4749,2020-12-29 13:12:00,665.75,665.75,665.75,665.75,25,450,691.54,632.75,710.25
4750,2020-12-29 13:13:00,665.75,665.75,665.75,665.75,25,450,691.54,632.75,710.25
4751,2020-12-29 13:14:00,665.75,665.75,665.75,665.75,25,450,691.54,632.75,710.25
4752,2020-12-29 13:15:00,665.75,665.75,665.75,665.75,25,450,691.54,632.75,710.25
4753,2020-12-29 13:16:00,665.75,665.75,665.75,665.75,25,450,691.54,632.75,710.25
4754,2020-12-29 13:17:00,665.75,665.75,665.75,665.75,25,450,691.54,632.75,710.25
4755,2020-12-29 13:18:00,665.75,665.75,665.75,665.75,25,450,691.54,632.75,710.25
4756,2020-12-29 13:19:00,665.75,665.75,665.75,665.75,25,450,691.54,632.75,710.25
4757,2020-12-29 13:20:00,665.75,665.75,665.75,665.75,25,450,691.54,632.75,710.25
4758,2020-12-29 13:21:00,665.75,665.75,665.75,665.75,25,450,691.54,632.75,710.25
4759,2020-12-29 13:22:00,665.75,665.75,665.75,665.75,25,450,691.54,632.75,710.25
4760,2020-12-29 13:23:00,665.75,665.75,665.75,665.75,25,450,691.54,632.75,710.25
4761,2020-12-29 13:24:00,665.75,665.75,665.75,665.75,25,450,691.54,632.75,710.25
4762,2020-12-29 13:25:00,665.75,665.75,665.75,665.75,25,450,691.54,632.75,710.25
4763,2020-12-29 13:26:00,665.75,665.75,665.75,665.75,25,450,691.54,632.75,710.25
4764,2020-12-29 13:27:00,665.75,665.75,665.75,665.75,25,450,691.54,632.75,710.25
4765,2020-12-29 13:28:00,665.75,665.75,665.75,665.75,25,450,691.54,632.75,710.25
4766,2020-12-29 13:29:00,665.75,665.75,665.75,665.75,25,450,691.54,632.75,710.25
4767,2020-12-29 13:30:00,665.75,665.75,665.75,665.75,25,450,691.54,632.75,710.25
4768,2020-12-29 13:31:00,665.75,665.75,665.75,665.75,25,450,691.54,632.75,710.25
4769,2020-12-29 13:32:00,665.75,665.75,665.75,665.75,25,450,691.54,632.75,710.25
4770,2020-12-29 13:33:00,665.75,665.75,665.75,665.75,25,450,691.54,632.75,710.25
4771,2020-12-29 13:34:00,762.85,762.85,762.85,762.85,250,425,706.96,727.35,748.2
4772,2020-12-29 13:35:00,762.85,762.85,762.85,762.85,250,425,706.96,727.35,748.2
4773,2020-12-29 13:36:00,762.85,762.85,762.85,762.85,250,425,706.96,727.35,748.2
4774,2020-12-29 13:37:00,703.6,703.6,703.6,703.6,300,600,707.98,719.0,741.0
4775,2020-12-29 13:38:00,703.6,703.6,703.6,703.6,300,600,707.98,719.0,741.0
4776,2020-12-29 13:39:00,703.6,703.6,703.6,703.6,300,600,707.98,719.0,741.0
4777,2020-12-29 13:40:00,703.6,703.6,703.6,703.6,300,600,707.98,719.0,741.0
4778,2020-12-29 13:41:00,703.6,703.6,703.6,703.6,300,600,707.98,719.0,741.0
4779,2020-12-29 13:42:00,703.6,703.6,703.6,703.6,300,600,707.98,719.0,741.0
4780,2020-12-29 13:43:00,703.6,703.6,703.6,703.6,300,600,707.98,719.0,741.0
4781,2020-12-29 13:44:00,703.6,703.6,703.6,703.6,300,600,707.98,719.0,741.0
4782,2020-12-29 13:45:00,703.6,703.6,703.6,703.6,300,600,707.98,719.0,741.0
4783,2020-12-29 13:46:00,703.6,703.6,703.6,703.6,300,600,707.98,719.0,741.0
4784,2020-12-29 13:47:00,703.6,703.6,703.6,703.6,300,600,707.98,719.0,741.0
4785,2020-12-29 13:48:00,703.6,703.6,703.6,703.6,300,600,707.98,719.0,741.0
4786,2020-12-29 13:49:00,703.6,703.6,703.6,703.6,300,600,707.98,719.0,741.0
4787,2020-12-29 13:50:00,703.6,703.6,703.6,703.6,300,600,707.98,719.0,741.0
4788,2020-12-29 13:51:00,703.6,703.6,703.6,703.6,300,600,707.98,719.0,741.0
4789,2020-12-29 13:52:00,714.2,714.2,714.2,714.2,25,550,708.1,700.6,730.75
4790,2020-12-29 13:53:00,714.2,714.2,714.2,714.2,25,550,708.1,700.6,730.75
4791,2020-12-29 13:54:00,714.2,714.2,714.2,714.2,25,550,708.1,700.6,730.75
4792,2020-12-29 13:55:00,714.2,714.2,714.2,714.2,25,550,708.1,700.6,730.75
4793,2020-12-29 13:56:00,714.2,714.2,714.2,714.2,25,550,708.1,700.6,730.75
4794,2020-12-29 13:57:00,714.2,714.2,714.2,714.2,25,550,708.1,700.6,730.75
4795,2020-12-29 13:58:00,729.8,729.8,729.8,729.8,25,550,708.48,719.05,773.6
4796,2020-12-29 13:59:00,729.8,729.8,729.8,729.8,25,550,708.48,719.05,773.6
4797,2020-12-29 14:00:00,729.8,729.8,729.8,729.8,25,550,708.48,719.05,773.6
4798,2020-12-29 14:01:00,729.8,729.8,729.8,729.8,25,550,708.48,719.05,773.6
4799,2020-12-29 14:02:00,729.8,729.8,729.8,729.8,25,550,708.48,719.05,773.6
4800,2020-12-29 14:03:00,729.8,729.8,729.8,729.8,25,550,708.48,719.05,773.6
4801,2020-12-29 14:04:00,729.8,729.8,729.8,729.8,25,550,708.48,719.05,773.6
4802,2020-12-29 14:05:00,729.8,729.8,729.8,729.8,25,550,708.48,719.05,773.6
4803,2020-12-29 14:06:00,727.25,727.25,727.25,727.25,25,550,708.81,683.6,764.0
4804,2020-12-29 14:07:00,727.25,727.25,727.25,727.25,25,550,708.81,683.6,764.0
4805,2020-12-29 14:08:00,727.25,727.25,727.25,727.25,25,550,708.81,683.6,764.0
4806,2020-12-29 14:09:00,725.2,725.2,725.2,725.2,25,550,709.09,695.75,737.9
4807,2020-12-29 14:10:00,725.2,725.2,725.2,725.2,25,550,709.09,695.75,737.9
4808,2020-12-29 14:11:00,726.35,726.35,726.35,726.35,25,550,709.39,726.6,743.65
4809,2020-12-29 14:12:00,726.35,726.35,726.35,726.35,25,550,709.39,726.6,743.65
4810,2020-12-29 14:13:00,726.35,726.35,726.35,726.35,25,550,709.39,726.6,743.65
4811,2020-12-29 14:14:00,726.35,726.35,726.35,726.35,25,550,709.39,726.6,743.65
4812,2020-12-29 14:15:00,726.35,726.35,726.35,726.35,25,550,709.39,726.6,743.65
4813,2020-12-29 14:16:00,726.35,726.35,726.35,726.35,25,550,709.39,726.6,743.65
4814,2020-12-29 14:17:00,726.35,726.35,726.35,726.35,25,550,709.39,726.6,743.65
4815,2020-12-29 14:18:00,726.35,726.35,726.35,726.35,25,550,709.39,726.6,743.65
4816,2020-12-29 14:19:00,726.35,726.35,726.35,726.35,25,550,709.39,726.6,743.65
4817,2020-12-29 14:20:00,726.35,726.35,726.35,726.35,25,550,709.39,726.6,743.65
4818,2020-12-29 14:21:00,730.05,730.05,730.05,730.05,75,550,710.39,725.1,745.35
4819,2020-12-29 14:22:00,730.05,730.05,730.05,730.05,75,550,710.39,725.1,745.35
4820,2020-12-29 14:23:00,730.05,730.05,730.05,730.05,75,550,710.39,725.1,745.35
4821,2020-12-29 14:24:00,730.05,730.05,730.05,730.05,75,550,710.39,725.1,745.35
4822,2020-12-29 14:25:00,730.05,730.05,730.05,730.05,75,550,710.39,725.1,745.35
4823,2020-12-29 14:26:00,735.05,735.05,735.05,735.05,25,550,710.78,726.1,752.95
4824,2020-12-29 14:27:00,735.05,735.05,735.05,735.05,25,550,710.78,726.1,752.95
4825,2020-12-29 14:28:00,735.05,735.05,735.05,735.05,25,550,710.78,726.1,752.95
4826,2020-12-29 14:29:00,735.05,735.05,735.05,735.05,25,550,710.78,726.1,752.95
4827,2020-12-29 14:30:00,735.05,735.05,735.05,735.05,25,550,710.78,726.1,752.95
4828,2020-12-29 14:31:00,735.05,735.05,735.05,735.05,25,550,710.78,726.1,752.95
4829,2020-12-29 14:32:00,735.05,735.05,735.05,735.05,25,550,710.78,726.1,752.95
4830,2020-12-29 14:33:00,738.0,738.0,738.0,738.0,25,550,711.2,684.1,755.5
4831,2020-12-29 14:34:00,738.0,738.0,738.0,738.0,25,550,711.2,684.1,755.5
4832,2020-12-29 14:35:00,738.0,738.0,738.0,738.0,25,550,711.2,684.1,755.5
4833,2020-12-29 14:36:00,738.0,738.0,738.0,738.0,25,550,711.2,684.1,755.5
4834,2020-12-29 14:37:00,738.0,738.0,738.0,738.0,25,550,711.2,684.1,755.5
4835,2020-12-29 14:38:00,738.0,738.0,738.0,738.0,25,550,711.2,684.1,755.5
4836,2020-12-29 14:39:00,738.0,738.0,738.0,738.0,25,550,711.2,684.1,755.5
4837,2020-12-29 14:40:00,731.25,731.3,731.25,731.3,50,550,711.81,722.75,745.0
4838,2020-12-29 14:41:00,731.25,731.3,731.25,731.3,50,550,711.81,722.75,745.0
4839,2020-12-29 14:42:00,741.0,741.0,741.0,741.0,25,550,712.25,733.15,756.05
4840,2020-12-29 14:43:00,741.0,741.0,741.0,741.0,25,550,712.25,733.15,756.05
4841,2020-12-29 14:44:00,755.5,755.5,755.5,755.5,25,575,712.88,735.2,771.3
4842,2020-12-29 14:45:00,755.5,755.5,755.5,755.5,25,575,712.88,735.2,771.3
4843,2020-12-29 14:46:00,755.5,755.5,755.5,755.5,25,575,712.88,735.2,771.3
4844,2020-12-29 14:47:00,755.5,755.5,755.5,755.5,25,575,712.88,735.2,771.3
4845,2020-12-29 14:48:00,741.35,741.35,741.35,741.35,75,450,714.11,219.85,753.3
4846,2020-12-29 14:49:00,741.35,741.35,741.35,741.35,75,450,714.11,219.85,753.3
4847,2020-12-29 14:50:00,741.35,741.35,741.35,741.35,75,450,714.11,219.85,753.3
4848,2020-12-29 14:51:00,741.35,741.35,741.35,741.35,75,450,714.11,219.85,753.3
4849,2020-12-29 14:52:00,741.4,741.4,741.4,741.4,25,375,714.49,732.55,746.8
4850,2020-12-29 14:53:00,741.4,741.4,741.4,741.4,25,375,714.49,732.55,746.8
4851,2020-12-29 14:54:00,741.4,741.4,741.4,741.4,25,375,714.49,732.55,746.8
4852,2020-12-29 14:55:00,741.4,741.4,741.4,741.4,25,375,714.49,732.55,746.8
4853,2020-12-29 14:56:00,741.4,741.4,741.4,741.4,25,375,714.49,732.55,746.8
4854,2020-12-29 14:57:00,741.4,741.4,741.4,741.4,25,375,714.49,732.55,746.8
4855,2020-12-29 14:58:00,741.4,741.4,741.4,741.4,25,375,714.49,732.55,746.8
4856,2020-12-29 14:59:00,741.4,741.4,741.4,741.4,25,375,714.49,732.55,746.8
4857,2020-12-29 15:00:00,741.4,741.4,741.4,741.4,25,375,714.49,732.55,746.8
4858,2020-12-29 15:01:00,741.4,741.4,741.4,741.4,25,375,714.49,732.55,746.8
4859,2020-12-29 15:02:00,741.4,741.4,741.4,741.4,25,375,714.49,732.55,746.8
4860,2020-12-29 15:03:00,741.4,741.4,741.4,741.4,25,375,714.49,732.55,746.8
4861,2020-12-29 15:04:00,741.4,741.4,741.4,741.4,25,375,714.49,732.55,746.8
4862,2020-12-29 15:05:00,741.4,741.4,741.4,741.4,25,375,714.49,732.55,746.8
4863,2020-12-29 15:06:00,741.4,741.4,741.4,741.4,25,375,714.49,732.55,746.8
4864,2020-12-29 15:07:00,741.4,741.4,741.4,741.4,25,375,714.49,732.55,746.8
4865,2020-12-29 15:08:00,741.4,741.4,741.4,741.4,25,375,714.49,732.55,746.8
4866,2020-12-29 15:09:00,741.4,741.4,741.4,741.4,25,375,714.49,732.55,746.8
4867,2020-12-29 15:10:00,741.4,741.4,741.4,741.4,25,375,714.49,732.55,746.8
4868,2020-12-29 15:11:00,748.8,748.8,748.8,748.8,25,375,714.96,744.75,755.45
4869,2020-12-29 15:12:00,748.8,748.8,748.8,748.8,25,375,714.96,744.75,755.45
4870,2020-12-29 15:13:00,755.45,755.45,755.45,755.45,25,375,715.51,749.3,755.55
4871,2020-12-29 15:14:00,755.45,755.45,755.45,755.45,25,375,715.51,749.3,755.55
4872,2020-12-29 15:15:00,755.45,755.45,755.45,755.45,25,375,715.51,749.3,755.55
4873,2020-12-29 15:16:00,755.45,755.45,755.45,755.45,25,375,715.51,749.3,755.55
4874,2020-12-29 15:17:00,755.45,755.45,755.45,755.45,25,375,715.51,749.3,755.55
4875,2020-12-29 15:18:00,755.45,755.45,755.45,755.45,25,375,715.51,749.3,755.55
4876,2020-12-29 15:19:00,755.45,755.45,755.45,755.45,25,375,715.51,749.3,755.55
4877,2020-12-29 15:20:00,755.45,755.45,755.45,755.45,25,375,715.51,749.3,755.55
4878,2020-12-29 15:21:00,755.5,755.5,755.45,755.45,100,350,717.56,749.7,761.4
4879,2020-12-29 15:22:00,755.5,755.5,755.45,755.45,100,350,717.56,749.7,761.4
4880,2020-12-29 15:23:00,755.5,755.5,755.45,755.45,100,350,717.56,749.7,761.4
4881,2020-12-29 15:24:00,755.5,755.5,755.45,755.45,100,350,717.56,749.7,761.4
4882,2020-12-29 15:25:00,755.5,755.5,755.45,755.45,100,350,717.56,749.7,761.4
4883,2020-12-29 15:26:00,751.7,751.7,751.7,751.7,50,400,718.41,750.1,761.7
4884,2020-12-29 15:27:00,761.7,761.7,761.7,761.7,25,400,718.94,751.0,762.25
4885,2020-12-29 15:28:00,761.7,761.7,761.7,761.7,25,400,718.94,751.0,762.25
4886,2020-12-29 15:29:00,761.7,761.7,761.7,761.7,25,400,718.94,751.0,762.25
4887,2020-12-29 15:30:00,761.7,761.7,761.7,761.7,25,400,718.94,751.0,762.25
4888,2020-12-30 09:15:00,761.7,761.7,761.7,761.7,25,400,718.94,751.0,762.25
4889,2020-12-30 09:16:00,761.7,761.7,761.7,761.7,25,400,718.94,751.0,762.25
4890,2020-12-30 09:17:00,761.7,761.7,761.7,761.7,25,400,718.94,751.0,762.25
4891,2020-12-30 09:18:00,761.7,761.7,761.7,761.7,25,400,718.94,751.0,762.25
4892,2020-12-30 09:19:00,761.7,761.7,761.7,761.7,25,400,718.94,751.0,762.25
4893,2020-12-30 09:20:00,756.8,756.8,756.65,756.65,75,400,756.73,759.4,786.6
4894,2020-12-30 09:21:00,756.65,756.65,756.65,756.65,50,400,756.7,759.25,779.35
4895,2020-12-30 09:22:00,756.65,756.65,756.65,756.65,50,400,756.7,759.25,779.35
4896,2020-12-30 09:23:00,756.65,756.65,756.65,756.65,50,400,756.7,759.25,779.35
4897,2020-12-30 09:24:00,722.75,722.75,722.75,722.75,25,400,751.04,718.3,739.7
4898,2020-12-30 09:25:00,722.75,722.75,722.75,722.75,25,400,751.04,718.3,739.7
4899,2020-12-30 09:26:00,714.3,714.3,714.3,714.3,50,400,741.85,703.2,725.15
4900,2020-12-30 09:27:00,711.5,711.5,711.5,711.5,25,475,738.48,719.7,740.7
4901,2020-12-30 09:28:00,711.5,711.5,711.5,711.5,25,475,738.48,719.7,740.7
4902,2020-12-30 09:29:00,711.5,711.5,711.5,711.5,25,475,738.48,719.7,740.7
4903,2020-12-30 09:30:00,711.5,711.5,711.5,711.5,25,475,738.48,719.7,740.7
4904,2020-12-30 09:31:00,711.5,711.5,711.5,711.5,25,475,738.48,719.7,740.7
4905,2020-12-30 09:32:00,711.5,711.5,711.5,711.5,25,475,738.48,719.7,740.7
4906,2020-12-30 09:33:00,711.5,711.5,711.5,711.5,25,475,738.48,719.7,740.7
4907,2020-12-30 09:34:00,711.5,711.5,711.5,711.5,25,475,738.48,719.7,740.7
4908,2020-12-30 09:35:00,711.5,711.5,711.5,711.5,25,475,738.48,719.7,740.7
4909,2020-12-30 09:36:00,711.5,711.5,711.5,711.5,25,475,738.48,719.7,740.7
4910,2020-12-30 09:37:00,711.5,711.5,711.5,711.5,25,475,738.48,719.7,740.7
4911,2020-12-30 09:38:00,711.5,711.5,711.5,711.5,25,475,738.48,719.7,740.7
4912,2020-12-30 09:39:00,711.5,711.5,711.5,711.5,25,475,738.48,719.7,740.7
4913,2020-12-30 09:40:00,711.5,711.5,711.5,711.5,25,475,738.48,719.7,740.7
4914,2020-12-30 09:41:00,711.5,711.5,711.5,711.5,25,475,738.48,719.7,740.7
4915,2020-12-30 09:42:00,711.5,711.5,711.5,711.5,25,475,738.48,719.7,740.7
4916,2020-12-30 09:43:00,711.5,711.5,711.5,711.5,25,475,738.48,719.7,740.7
4917,2020-12-30 09:44:00,711.5,711.5,711.5,711.5,25,475,738.48,719.7,740.7
4918,2020-12-30 09:45:00,749.2,749.2,749.2,749.2,25,400,739.55,715.2,743.45
4919,2020-12-30 09:46:00,709.35,709.35,709.35,709.35,25,400,736.8,721.4,741.25
4920,2020-12-30 09:47:00,709.35,709.35,709.35,709.35,25,400,736.8,721.4,741.25
4921,2020-12-30 09:48:00,709.35,709.35,709.35,709.35,25,400,736.8,721.4,741.25
4922,2020-12-30 09:49:00,709.35,709.35,709.35,709.35,25,400,736.8,721.4,741.25
4923,2020-12-30 09:50:00,709.35,709.35,709.35,709.35,25,400,736.8,721.4,741.25
4924,2020-12-30 09:51:00,709.35,709.35,709.35,709.35,25,400,736.8,721.4,741.25
4925,2020-12-30 09:52:00,709.35,709.35,709.35,709.35,25,400,736.8,721.4,741.25
4926,2020-12-30 09:53:00,709.35,709.35,709.35,709.35,25,400,736.8,721.4,741.25
4927,2020-12-30 09:54:00,709.35,709.35,709.35,709.35,25,400,736.8,721.4,741.25
4928,2020-12-30 09:55:00,709.35,709.35,709.35,709.35,25,400,736.8,721.4,741.25
4929,2020-12-30 09:56:00,709.35,709.35,709.35,709.35,25,400,736.8,721.4,741.25
4930,2020-12-30 09:57:00,709.35,709.35,709.35,709.35,25,400,736.8,721.4,741.25
4931,2020-12-30 09:58:00,709.35,709.35,709.35,709.35,25,400,736.8,721.4,741.25
4932,2020-12-30 09:59:00,709.35,709.35,709.35,709.35,25,400,736.8,721.4,741.25
4933,2020-12-30 10:00:00,709.35,709.35,709.35,709.35,25,400,736.8,721.4,741.25
4934,2020-12-30 10:01:00,709.35,709.35,709.35,709.35,25,400,736.8,721.4,741.25
4935,2020-12-30 10:02:00,709.35,709.35,709.35,709.35,25,400,736.8,721.4,741.25
4936,2020-12-30 10:03:00,709.35,709.35,709.35,709.35,25,400,736.8,721.4,741.25
4937,2020-12-30 10:04:00,709.35,709.35,709.35,709.35,25,400,736.8,721.4,741.25
4938,2020-12-30 10:05:00,709.35,709.35,709.35,709.35,25,400,736.8,721.4,741.25
4939,2020-12-30 10:06:00,709.35,709.35,709.35,709.35,25,400,736.8,721.4,741.25
4940,2020-12-30 10:07:00,709.35,709.35,709.35,709.35,25,400,736.8,721.4,741.25
4941,2020-12-30 10:08:00,709.35,709.35,709.35,709.35,25,400,736.8,721.4,741.25
4942,2020-12-30 10:09:00,709.35,709.35,709.35,709.35,25,400,736.8,721.4,741.25
4943,2020-12-30 10:10:00,709.35,709.35,709.35,709.35,25,400,736.8,721.4,741.25
4944,2020-12-30 10:11:00,709.35,709.35,709.35,709.35,25,400,736.8,721.4,741.25
4945,2020-12-30 10:12:00,709.35,709.35,709.35,709.35,25,400,736.8,721.4,741.25
4946,2020-12-30 10:13:00,709.35,709.35,709.35,709.35,25,400,736.8,721.4,741.25
4947,2020-12-30 10:14:00,709.35,709.35,709.35,709.35,25,400,736.8,721.4,741.25
4948,2020-12-30 10:15:00,709.35,709.35,709.35,709.35,25,400,736.8,721.4,741.25
4949,2020-12-30 10:16:00,709.35,709.35,709.35,709.35,25,400,736.8,721.4,741.25
4950,2020-12-30 10:17:00,709.35,709.35,709.35,709.35,25,400,736.8,721.4,741.25
4951,2020-12-30 10:18:00,724.0,724.0,724.0,724.0,25,400,735.74,713.95,731.05
4952,2020-12-30 10:19:00,724.0,724.0,724.0,724.0,25,400,735.74,713.95,731.05
4953,2020-12-30 10:20:00,724.0,724.0,724.0,724.0,25,400,735.74,713.95,731.05
4954,2020-12-30 10:21:00,724.0,724.0,724.0,724.0,25,400,735.74,713.95,731.05
4955,2020-12-30 10:22:00,724.0,724.0,724.0,724.0,25,400,735.74,713.95,731.05
4956,2020-12-30 10:23:00,724.0,724.0,724.0,724.0,25,400,735.74,713.95,731.05
4957,2020-12-30 10:24:00,724.0,724.0,724.0,724.0,25,400,735.74,713.95,731.05
4958,2020-12-30 10:25:00,724.0,724.0,724.0,724.0,25,400,735.74,713.95,731.05
4959,2020-12-30 10:26:00,724.0,724.0,724.0,724.0,25,400,735.74,713.95,731.05
4960,2020-12-30 10:27:00,724.0,724.0,724.0,724.0,25,400,735.74,713.95,731.05
4961,2020-12-30 10:28:00,724.0,724.0,724.0,724.0,25,400,735.74,713.95,731.05
4962,2020-12-30 10:29:00,724.0,724.0,724.0,724.0,25,400,735.74,713.95,731.05
4963,2020-12-30 10:30:00,724.0,724.0,724.0,724.0,25,400,735.74,713.95,731.05
4964,2020-12-30 10:31:00,724.0,724.0,724.0,724.0,25,400,735.74,713.95,731.05
4965,2020-12-30 10:32:00,724.0,724.0,724.0,724.0,25,400,735.74,713.95,731.05
4966,2020-12-30 10:33:00,724.0,724.0,724.0,724.0,25,400,735.74,713.95,731.05
4967,2020-12-30 10:34:00,724.0,724.0,724.0,724.0,25,400,735.74,713.95,731.05
4968,2020-12-30 10:35:00,724.0,724.0,724.0,724.0,25,400,735.74,713.95,731.05
4969,2020-12-30 10:36:00,724.0,724.0,724.0,724.0,25,400,735.74,713.95,731.05
4970,2020-12-30 10:37:00,724.0,724.0,724.0,724.0,25,400,735.74,713.95,731.05
4971,2020-12-30 10:38:00,724.0,724.0,724.0,724.0,25,400,735.74,713.95,731.05
4972,2020-12-30 10:39:00,724.0,724.0,724.0,724.0,25,400,735.74,713.95,731.05
4973,2020-12-30 10:40:00,724.0,724.0,724.0,724.0,25,400,735.74,713.95,731.05
4974,2020-12-30 10:41:00,724.0,724.0,724.0,724.0,25,400,735.74,713.95,731.05
4975,2020-12-30 10:42:00,724.0,724.0,724.0,724.0,25,400,735.74,713.95,731.05
4976,2020-12-30 10:43:00,724.0,724.0,724.0,724.0,25,400,735.74,713.95,731.05
4977,2020-12-30 10:44:00,724.0,724.0,724.0,724.0,25,400,735.74,713.95,731.05
4978,2020-12-30 10:45:00,715.95,715.95,715.95,715.95,25,400,734.21,704.45,731.7
4979,2020-12-30 10:46:00,715.95,715.95,715.95,715.95,25,400,734.21,704.45,731.7
4980,2020-12-30 10:47:00,715.95,715.95,715.95,715.95,25,400,734.21,704.45,731.7
4981,2020-12-30 10:48:00,715.95,715.95,715.95,715.95,25,400,734.21,704.45,731.7
4982,2020-12-30 10:49:00,715.95,715.95,715.95,715.95,25,400,734.21,704.45,731.7
4983,2020-12-30 10:50:00,715.95,715.95,715.95,715.95,25,400,734.21,704.45,731.7
4984,2020-12-30 10:51:00,715.95,715.95,715.95,715.95,25,400,734.21,704.45,731.7
4985,2020-12-30 10:52:00,715.95,715.95,715.95,715.95,25,400,734.21,704.45,731.7
4986,2020-12-30 10:53:00,715.95,715.95,715.95,715.95,25,400,734.21,704.45,731.7
4987,2020-12-30 10:54:00,715.95,715.95,715.95,715.95,25,400,734.21,704.45,731.7
4988,2020-12-30 10:55:00,715.95,715.95,715.95,715.95,25,400,734.21,704.45,731.7
4989,2020-12-30 10:56:00,715.95,715.95,715.95,715.95,25,400,734.21,704.45,731.7
4990,2020-12-30 10:57:00,715.95,715.95,715.95,715.95,25,400,734.21,704.45,731.7
4991,2020-12-30 10:58:00,715.95,715.95,715.95,715.95,25,400,734.21,704.45,731.7
4992,2020-12-30 10:59:00,715.95,715.95,715.95,715.95,25,400,734.21,704.45,731.7
4993,2020-12-30 11:00:00,715.95,715.95,715.95,715.95,25,400,734.21,704.45,731.7
4994,2020-12-30 11:01:00,715.95,715.95,715.95,715.95,25,400,734.21,704.45,731.7
4995,2020-12-30 11:02:00,715.95,715.95,715.95,715.95,25,400,734.21,704.45,731.7
4996,2020-12-30 11:03:00,715.0,715.0,715.0,715.0,25,400,732.84,705.15,724.15
4997,2020-12-30 11:04:00,715.0,715.0,715.0,715.0,25,400,732.84,705.15,724.15
4998,2020-12-30 11:05:00,715.0,715.0,715.0,715.0,25,400,732.84,705.15,724.15
4999,2020-12-30 11:06:00,715.0,715.0,715.0,715.0,25,400,732.84,705.15,724.15
5000,2020-12-30 11:07:00,715.0,715.0,715.0,715.0,25,400,732.84,705.15,724.15
5001,2020-12-30 11:08:00,715.0,715.0,715.0,715.0,25,400,732.84,705.15,724.15
5002,2020-12-30 11:09:00,715.0,715.0,715.0,715.0,25,400,732.84,705.15,724.15
5003,2020-12-30 11:10:00,715.0,715.0,715.0,715.0,25,400,732.84,705.15,724.15
5004,2020-12-30 11:11:00,715.0,715.0,715.0,715.0,25,400,732.84,705.15,724.15
5005,2020-12-30 11:12:00,715.0,715.0,715.0,715.0,25,400,732.84,705.15,724.15
5006,2020-12-30 11:13:00,715.0,715.0,715.0,715.0,25,400,732.84,705.15,724.15
5007,2020-12-30 11:14:00,715.0,715.0,715.0,715.0,25,400,732.84,705.15,724.15
5008,2020-12-30 11:15:00,715.0,715.0,715.0,715.0,25,400,732.84,705.15,724.15
5009,2020-12-30 11:16:00,715.0,715.0,715.0,715.0,25,400,732.84,705.15,724.15
5010,2020-12-30 11:17:00,715.0,715.0,715.0,715.0,25,400,732.84,705.15,724.15
5011,2020-12-30 11:18:00,715.0,715.0,715.0,715.0,25,400,732.84,705.15,724.15
5012,2020-12-30 11:19:00,715.0,715.0,715.0,715.0,25,400,732.84,705.15,724.15
5013,2020-12-30 11:20:00,715.0,715.0,715.0,715.0,25,400,732.84,705.15,724.15
5014,2020-12-30 11:21:00,715.0,715.0,715.0,715.0,25,400,732.84,705.15,724.15
5015,2020-12-30 11:22:00,715.0,715.0,715.0,715.0,25,400,732.84,705.15,724.15
5016,2020-12-30 11:23:00,715.0,715.0,715.0,715.0,25,400,732.84,705.15,724.15
5017,2020-12-30 11:24:00,715.0,715.0,715.0,715.0,25,400,732.84,705.15,724.15
5018,2020-12-30 11:25:00,715.0,715.0,715.0,715.0,25,400,732.84,705.15,724.15
5019,2020-12-30 11:26:00,715.0,715.0,715.0,715.0,25,400,732.84,705.15,724.15
5020,2020-12-30 11:27:00,715.0,715.0,715.0,715.0,25,400,732.84,705.15,724.15
5021,2020-12-30 11:28:00,715.0,715.0,715.0,715.0,25,400,732.84,705.15,724.15
5022,2020-12-30 11:29:00,715.0,715.0,715.0,715.0,25,400,732.84,705.15,724.15
5023,2020-12-30 11:30:00,715.0,715.0,715.0,715.0,25,400,732.84,705.15,724.15
5024,2020-12-30 11:31:00,715.0,715.0,715.0,715.0,25,400,732.84,705.15,724.15
5025,2020-12-30 11:32:00,715.0,715.0,715.0,715.0,25,400,732.84,705.15,724.15
5026,2020-12-30 11:33:00,715.0,715.0,715.0,715.0,25,400,732.84,705.15,724.15
5027,2020-12-30 11:34:00,715.0,715.0,715.0,715.0,25,400,732.84,705.15,724.15
5028,2020-12-30 11:35:00,715.0,715.0,715.0,715.0,25,400,732.84,705.15,724.15
5029,2020-12-30 11:36:00,701.35,701.35,701.35,701.35,25,425,730.74,690.1,710.0
5030,2020-12-30 11:37:00,701.35,701.35,701.35,701.35,25,425,730.74,690.1,710.0
5031,2020-12-30 11:38:00,701.35,701.35,701.35,701.35,25,425,730.74,690.1,710.0
5032,2020-12-30 11:39:00,701.35,701.35,701.35,701.35,25,425,730.74,690.1,710.0
5033,2020-12-30 11:40:00,701.35,701.35,701.35,701.35,25,425,730.74,690.1,710.0
5034,2020-12-30 11:41:00,701.35,701.35,701.35,701.35,25,425,730.74,690.1,710.0
5035,2020-12-30 11:42:00,701.35,701.35,701.35,701.35,25,425,730.74,690.1,710.0
5036,2020-12-30 11:43:00,701.35,701.35,701.35,701.35,25,425,730.74,690.1,710.0
5037,2020-12-30 11:44:00,701.35,701.35,701.35,701.35,25,425,730.74,690.1,710.0
5038,2020-12-30 11:45:00,701.35,701.35,701.35,701.35,25,425,730.74,690.1,710.0
5039,2020-12-30 11:46:00,701.35,701.35,701.35,701.35,25,425,730.74,690.1,710.0
5040,2020-12-30 11:47:00,701.35,701.35,701.35,701.35,25,425,730.74,690.1,710.0
5041,2020-12-30 11:48:00,701.35,701.35,701.35,701.35,25,425,730.74,690.1,710.0
5042,2020-12-30 11:49:00,701.35,701.35,701.35,701.35,25,425,730.74,690.1,710.0
5043,2020-12-30 11:50:00,701.35,701.35,701.35,701.35,25,425,730.74,690.1,710.0
5044,2020-12-30 11:51:00,701.35,701.35,701.35,701.35,25,425,730.74,690.1,710.0
5045,2020-12-30 11:52:00,701.35,701.35,701.35,701.35,25,425,730.74,690.1,710.0
5046,2020-12-30 11:53:00,701.35,701.35,701.35,701.35,25,425,730.74,690.1,710.0
5047,2020-12-30 11:54:00,701.35,701.35,701.35,701.35,25,425,730.74,690.1,710.0
5048,2020-12-30 11:55:00,701.35,701.35,701.35,701.35,25,425,730.74,690.1,710.0
5049,2020-12-30 11:56:00,701.35,701.35,701.35,701.35,25,425,730.74,690.1,710.0
5050,2020-12-30 11:57:00,701.35,701.35,701.35,701.35,25,425,730.74,690.1,710.0
5051,2020-12-30 11:58:00,701.35,701.35,701.35,701.35,25,425,730.74,690.1,710.0
5052,2020-12-30 11:59:00,701.35,701.35,701.35,701.35,25,425,730.74,690.1,710.0
5053,2020-12-30 12:00:00,701.35,701.35,701.35,701.35,25,425,730.74,690.1,710.0
5054,2020-12-30 12:01:00,701.35,701.35,701.35,701.35,25,425,730.74,690.1,710.0
5055,2020-12-30 12:02:00,701.35,701.35,701.35,701.35,25,425,730.74,690.1,710.0
5056,2020-12-30 12:03:00,701.35,701.35,701.35,701.35,25,425,730.74,690.1,710.0
5057,2020-12-30 12:04:00,701.35,701.35,701.35,701.35,25,425,730.74,690.1,710.0
5058,2020-12-30 12:05:00,701.35,701.35,701.35,701.35,25,425,730.74,690.1,710.0
5059,2020-12-30 12:06:00,701.35,701.35,701.35,701.35,25,425,730.74,690.1,710.0
5060,2020-12-30 12:07:00,701.35,701.35,701.35,701.35,25,425,730.74,690.1,710.0
5061,2020-12-30 12:08:00,701.35,701.35,701.35,701.35,25,425,730.74,690.1,710.0
5062,2020-12-30 12:09:00,701.35,701.35,701.35,701.35,25,425,730.74,690.1,710.0
5063,2020-12-30 12:10:00,701.35,701.35,701.35,701.35,25,425,730.74,690.1,710.0
5064,2020-12-30 12:11:00,701.35,701.35,701.35,701.35,25,425,730.74,690.1,710.0
5065,2020-12-30 12:12:00,701.35,701.35,701.35,701.35,25,425,730.74,690.1,710.0
5066,2020-12-30 12:13:00,701.35,701.35,701.35,701.35,25,425,730.74,690.1,710.0
5067,2020-12-30 12:14:00,701.35,701.35,701.35,701.35,25,425,730.74,690.1,710.0
5068,2020-12-30 12:15:00,701.35,701.35,701.35,701.35,25,425,730.74,690.1,710.0
5069,2020-12-30 12:16:00,701.35,701.35,701.35,701.35,25,425,730.74,690.1,710.0
5070,2020-12-30 12:17:00,701.35,701.35,701.35,701.35,25,425,730.74,690.1,710.0
5071,2020-12-30 12:18:00,701.35,701.35,701.35,701.35,25,425,730.74,690.1,710.0
5072,2020-12-30 12:19:00,701.35,701.35,701.35,701.35,25,425,730.74,690.1,710.0
5073,2020-12-30 12:20:00,701.35,701.35,701.35,701.35,25,425,730.74,690.1,710.0
5074,2020-12-30 12:21:00,701.35,701.35,701.35,701.35,25,425,730.74,690.1,710.0
5075,2020-12-30 12:22:00,701.35,701.35,701.35,701.35,25,425,730.74,690.1,710.0
5076,2020-12-30 12:23:00,701.35,701.35,701.35,701.35,25,425,730.74,690.1,710.0
5077,2020-12-30 12:24:00,701.35,701.35,701.35,701.35,25,425,730.74,690.1,710.0
5078,2020-12-30 12:25:00,701.35,701.35,701.35,701.35,25,425,730.74,690.1,710.0
5079,2020-12-30 12:26:00,701.35,701.35,701.35,701.35,25,425,730.74,690.1,710.0
5080,2020-12-30 12:27:00,701.35,701.35,701.35,701.35,25,425,730.74,690.1,710.0
5081,2020-12-30 12:28:00,701.35,701.35,701.35,701.35,25,425,730.74,690.1,710.0
5082,2020-12-30 12:29:00,701.35,701.35,701.35,701.35,25,425,730.74,690.1,710.0
5083,2020-12-30 12:30:00,701.35,701.35,701.35,701.35,25,425,730.74,690.1,710.0
5084,2020-12-30 12:31:00,701.35,701.35,701.35,701.35,25,425,730.74,690.1,710.0
5085,2020-12-30 12:32:00,701.35,701.35,701.35,701.35,25,425,730.74,690.1,710.0
5086,2020-12-30 12:33:00,701.35,701.35,701.35,701.35,25,425,730.74,690.1,710.0
5087,2020-12-30 12:34:00,701.35,701.35,701.35,701.35,25,425,730.74,690.1,710.0
5088,2020-12-30 12:35:00,701.35,701.35,701.35,701.35,25,425,730.74,690.1,710.0
5089,2020-12-30 12:36:00,701.35,701.35,701.35,701.35,25,425,730.74,690.1,710.0
5090,2020-12-30 12:37:00,701.35,701.35,701.35,701.35,25,425,730.74,690.1,710.0
5091,2020-12-30 12:38:00,701.35,701.35,701.35,701.35,25,425,730.74,690.1,710.0
5092,2020-12-30 12:39:00,701.35,701.35,701.35,701.35,25,425,730.74,690.1,710.0
5093,2020-12-30 12:40:00,701.35,701.35,701.35,701.35,25,425,730.74,690.1,710.0
5094,2020-12-30 12:41:00,655.75,655.75,642.35,655.75,50,425,721.13,635.7,650.4
5095,2020-12-30 12:42:00,649.4,649.4,635.7,649.4,50,0,712.86,641.45,657.5
5096,2020-12-30 12:43:00,649.4,649.4,635.7,649.4,50,0,712.86,641.45,657.5
5097,2020-12-30 12:44:00,648.4,648.4,647.4,647.4,50,400,706.67,646.6,659.55
5098,2020-12-30 12:45:00,651.0,651.0,651.0,651.0,25,375,704.14,645.25,659.25
5099,2020-12-30 12:46:00,651.0,651.0,651.0,651.0,25,375,704.14,645.25,659.25
5100,2020-12-30 12:47:00,651.0,651.0,651.0,651.0,25,375,704.14,645.25,659.25
5101,2020-12-30 12:48:00,651.0,651.0,651.0,651.0,25,375,704.14,645.25,659.25
5102,2020-12-30 12:49:00,651.0,651.0,651.0,651.0,25,375,704.14,645.25,659.25
5103,2020-12-30 12:50:00,651.0,651.0,651.0,651.0,25,375,704.14,645.25,659.25
5104,2020-12-30 12:51:00,651.0,651.0,651.0,651.0,25,375,704.14,645.25,659.25
5105,2020-12-30 12:52:00,651.0,651.0,651.0,651.0,25,375,704.14,645.25,659.25
5106,2020-12-30 12:53:00,651.0,651.0,651.0,651.0,25,375,704.14,645.25,659.25
5107,2020-12-30 12:54:00,651.0,651.0,651.0,651.0,25,375,704.14,645.25,659.25
5108,2020-12-30 12:55:00,651.0,651.0,651.0,651.0,25,375,704.14,645.25,659.25
5109,2020-12-30 12:56:00,651.0,651.0,651.0,651.0,25,375,704.14,645.25,659.25
5110,2020-12-30 12:57:00,651.0,651.0,651.0,651.0,25,375,704.14,645.25,659.25
5111,2020-12-30 12:58:00,651.0,651.0,651.0,651.0,25,375,704.14,645.25,659.25
5112,2020-12-30 12:59:00,651.0,651.0,651.0,651.0,25,375,704.14,645.25,659.25
5113,2020-12-30 13:00:00,675.4,675.4,675.4,675.4,25,375,702.89,681.35,696.25
5114,2020-12-30 13:01:00,675.4,675.4,675.4,675.4,25,375,702.89,681.35,696.25
5115,2020-12-30 13:02:00,675.4,675.4,675.4,675.4,25,375,702.89,681.35,696.25
5116,2020-12-30 13:03:00,675.4,675.4,675.4,675.4,25,375,702.89,681.35,696.25
5117,2020-12-30 13:04:00,675.4,675.4,675.4,675.4,25,375,702.89,681.35,696.25
5118,2020-12-30 13:05:00,675.4,675.4,675.4,675.4,25,375,702.89,681.35,696.25
5119,2020-12-30 13:06:00,675.4,675.4,675.4,675.4,25,375,702.89,681.35,696.25
5120,2020-12-30 13:07:00,675.4,675.4,675.4,675.4,25,375,702.89,681.35,696.25
5121,2020-12-30 13:08:00,675.4,675.4,675.4,675.4,25,375,702.89,681.35,696.25
5122,2020-12-30 13:09:00,675.4,675.4,675.4,675.4,25,375,702.89,681.35,696.25
5123,2020-12-30 13:10:00,675.4,675.4,675.4,675.4,25,375,702.89,681.35,696.25
5124,2020-12-30 13:11:00,675.4,675.4,675.4,675.4,25,375,702.89,681.35,696.25
5125,2020-12-30 13:12:00,675.4,675.4,675.4,675.4,25,375,702.89,681.35,696.25
5126,2020-12-30 13:13:00,675.4,675.4,675.4,675.4,25,375,702.89,681.35,696.25
5127,2020-12-30 13:14:00,675.4,675.4,675.4,675.4,25,375,702.89,681.35,696.25
5128,2020-12-30 13:15:00,675.4,675.4,675.4,675.4,25,375,702.89,681.35,696.25
5129,2020-12-30 13:16:00,675.4,675.4,675.4,675.4,25,375,702.89,681.35,696.25
5130,2020-12-30 13:17:00,675.4,675.4,675.4,675.4,25,375,702.89,681.35,696.25
5131,2020-12-30 13:18:00,675.4,675.4,675.4,675.4,25,375,702.89,681.35,696.25
5132,2020-12-30 13:19:00,675.4,675.4,675.4,675.4,25,375,702.89,681.35,696.25
5133,2020-12-30 13:20:00,675.4,675.4,675.4,675.4,25,375,702.89,681.35,696.25
5134,2020-12-30 13:21:00,675.4,675.4,675.4,675.4,25,375,702.89,681.35,696.25
5135,2020-12-30 13:22:00,675.4,675.4,675.4,675.4,25,375,702.89,681.35,696.25
5136,2020-12-30 13:23:00,675.4,675.4,675.4,675.4,25,375,702.89,681.35,696.25
5137,2020-12-30 13:24:00,675.4,675.4,675.4,675.4,25,375,702.89,681.35,696.25
5138,2020-12-30 13:25:00,675.4,675.4,675.4,675.4,25,375,702.89,681.35,696.25
5139,2020-12-30 13:26:00,675.4,675.4,675.4,675.4,25,375,702.89,681.35,696.25
5140,2020-12-30 13:27:00,675.4,675.4,675.4,675.4,25,375,702.89,681.35,696.25
5141,2020-12-30 13:28:00,675.4,675.4,675.4,675.4,25,375,702.89,681.35,696.25
5142,2020-12-30 13:29:00,675.4,675.4,675.4,675.4,25,375,702.89,681.35,696.25
5143,2020-12-30 13:30:00,675.4,675.4,675.4,675.4,25,375,702.89,681.35,696.25
5144,2020-12-30 13:31:00,675.4,675.4,675.4,675.4,25,375,702.89,681.35,696.25
5145,2020-12-30 13:32:00,675.4,675.4,675.4,675.4,25,375,702.89,681.35,696.25
5146,2020-12-30 13:33:00,675.4,675.4,675.4,675.4,25,375,702.89,681.35,696.25
5147,2020-12-30 13:34:00,675.4,675.4,675.4,675.4,25,375,702.89,681.35,696.25
5148,2020-12-30 13:35:00,675.4,675.4,675.4,675.4,25,375,702.89,681.35,696.25
5149,2020-12-30 13:36:00,675.4,675.4,675.4,675.4,25,375,702.89,681.35,696.25
5150,2020-12-30 13:37:00,675.4,675.4,675.4,675.4,25,375,702.89,681.35,696.25
5151,2020-12-30 13:38:00,675.4,675.4,675.4,675.4,25,375,702.89,681.35,696.25
5152,2020-12-30 13:39:00,675.4,675.4,675.4,675.4,25,375,702.89,681.35,696.25
5153,2020-12-30 13:40:00,675.4,675.4,675.4,675.4,25,375,702.89,681.35,696.25
5154,2020-12-30 13:41:00,675.4,675.4,675.4,675.4,25,375,702.89,681.35,696.25
5155,2020-12-30 13:42:00,675.4,675.4,675.4,675.4,25,375,702.89,681.35,696.25
5156,2020-12-30 13:43:00,675.4,675.4,675.4,675.4,25,375,702.89,681.35,696.25
5157,2020-12-30 13:44:00,675.4,675.4,675.4,675.4,25,375,702.89,681.35,696.25
5158,2020-12-30 13:45:00,675.4,675.4,675.4,675.4,25,375,702.89,681.35,696.25
5159,2020-12-30 13:46:00,675.4,675.4,675.4,675.4,25,375,702.89,681.35,696.25
5160,2020-12-30 13:47:00,675.4,675.4,675.4,675.4,25,375,702.89,681.35,696.25
5161,2020-12-30 13:48:00,675.4,675.4,675.4,675.4,25,375,702.89,681.35,696.25
5162,2020-12-30 13:49:00,675.4,675.4,675.4,675.4,25,375,702.89,681.35,696.25
5163,2020-12-30 13:50:00,675.4,675.4,675.4,675.4,25,375,702.89,681.35,696.25
5164,2020-12-30 13:51:00,675.4,675.4,675.4,675.4,25,375,702.89,681.35,696.25
5165,2020-12-30 13:52:00,675.4,675.4,675.4,675.4,25,375,702.89,681.35,696.25
5166,2020-12-30 13:53:00,675.4,675.4,675.4,675.4,25,375,702.89,681.35,696.25
5167,2020-12-30 13:54:00,675.4,675.4,675.4,675.4,25,375,702.89,681.35,696.25
5168,2020-12-30 13:55:00,675.4,675.4,675.4,675.4,25,375,702.89,681.35,696.25
5169,2020-12-30 13:56:00,675.4,675.4,675.4,675.4,25,375,702.89,681.35,696.25
5170,2020-12-30 13:57:00,675.4,675.4,675.4,675.4,25,375,702.89,681.35,696.25
5171,2020-12-30 13:58:00,725.4,725.4,725.4,725.4,25,375,703.83,720.3,736.7
5172,2020-12-30 13:59:00,725.4,725.4,725.4,725.4,25,375,703.83,720.3,736.7
5173,2020-12-30 14:00:00,725.4,725.4,725.4,725.4,25,375,703.83,720.3,736.7
5174,2020-12-30 14:01:00,725.4,725.4,725.4,725.4,25,375,703.83,720.3,736.7
5175,2020-12-30 14:02:00,725.4,725.4,725.4,725.4,25,375,703.83,720.3,736.7
5176,2020-12-30 14:03:00,725.4,725.4,725.4,725.4,25,375,703.83,720.3,736.7
5177,2020-12-30 14:04:00,725.4,725.4,725.4,725.4,25,375,703.83,720.3,736.7
5178,2020-12-30 14:05:00,736.4,736.4,736.4,736.4,25,375,705.13,737.5,751.2
5179,2020-12-30 14:06:00,753.85,753.85,753.85,753.85,50,375,708.74,751.0,767.5
5180,2020-12-30 14:07:00,753.85,753.85,753.85,753.85,50,375,708.74,751.0,767.5
5181,2020-12-30 14:08:00,753.85,753.85,753.85,753.85,50,375,708.74,751.0,767.5
5182,2020-12-30 14:09:00,753.85,753.85,753.85,753.85,50,375,708.74,751.0,767.5
5183,2020-12-30 14:10:00,754.0,754.0,754.0,754.0,25,400,710.36,745.35,761.2
5184,2020-12-30 14:11:00,754.0,754.0,754.0,754.0,25,400,710.36,745.35,761.2
5185,2020-12-30 14:12:00,760.0,760.0,760.0,760.0,25,400,712.07,746.3,764.25
5186,2020-12-30 14:13:00,760.0,760.0,760.0,760.0,25,400,712.07,746.3,764.25
5187,2020-12-30 14:14:00,760.0,760.0,760.0,760.0,25,400,712.07,746.3,764.25
5188,2020-12-30 14:15:00,760.0,760.0,760.0,760.0,25,400,712.07,746.3,764.25
5189,2020-12-30 14:16:00,760.0,760.0,760.0,760.0,25,400,712.07,746.3,764.25
5190,2020-12-30 14:17:00,760.0,760.0,760.0,760.0,25,400,712.07,746.3,764.25
5191,2020-12-30 14:18:00,760.0,760.0,760.0,760.0,25,400,712.07,746.3,764.25
5192,2020-12-30 14:19:00,760.0,760.0,760.0,760.0,25,400,712.07,746.3,764.25
5193,2020-12-30 14:20:00,760.0,760.0,760.0,760.0,25,400,712.07,746.3,764.25
5194,2020-12-30 14:21:00,760.0,760.0,760.0,760.0,25,400,712.07,746.3,764.25
5195,2020-12-30 14:22:00,760.0,760.0,760.0,760.0,25,400,712.07,746.3,764.25
5196,2020-12-30 14:23:00,760.0,760.0,760.0,760.0,25,400,712.07,746.3,764.25
5197,2020-12-30 14:24:00,760.0,760.0,760.0,760.0,25,400,712.07,746.3,764.25
5198,2020-12-30 14:25:00,760.0,760.0,760.0,760.0,25,400,712.07,746.3,764.25
5199,2020-12-30 14:26:00,760.0,760.0,760.0,760.0,25,400,712.07,746.3,764.25
5200,2020-12-30 14:27:00,760.0,760.0,760.0,760.0,25,400,712.07,746.3,764.25
5201,2020-12-30 14:28:00,760.0,760.0,760.0,760.0,25,400,712.07,746.3,764.25
5202,2020-12-30 14:29:00,760.0,760.0,760.0,760.0,25,400,712.07,746.3,764.25
5203,2020-12-30 14:30:00,760.0,760.0,760.0,760.0,25,400,712.07,746.3,764.25
5204,2020-12-30 14:31:00,760.0,760.0,760.0,760.0,25,400,712.07,746.3,764.25
5205,2020-12-30 14:32:00,760.0,760.0,760.0,760.0,25,350,713.67,736.45,752.6
5206,2020-12-30 14:33:00,760.0,760.0,760.0,760.0,25,350,713.67,736.45,752.6
5207,2020-12-30 14:34:00,760.0,760.0,760.0,760.0,25,350,713.67,736.45,752.6
5208,2020-12-30 14:35:00,760.0,760.0,760.0,760.0,25,350,713.67,736.45,752.6
5209,2020-12-30 14:36:00,760.0,760.0,760.0,760.0,25,350,713.67,736.45,752.6
5210,2020-12-30 14:37:00,760.0,760.0,760.0,760.0,25,350,713.67,736.45,752.6
5211,2020-12-30 14:38:00,760.0,760.0,760.0,760.0,25,350,713.67,736.45,752.6
5212,2020-12-30 14:39:00,730.75,730.75,730.75,730.75,25,375,714.22,740.65,755.45
5213,2020-12-30 14:40:00,730.75,730.75,730.75,730.75,25,375,714.22,740.65,755.45
5214,2020-12-30 14:41:00,730.75,730.75,730.75,730.75,25,375,714.22,740.65,755.45
5215,2020-12-30 14:42:00,730.75,730.75,730.75,730.75,25,375,714.22,740.65,755.45
5216,2020-12-30 14:43:00,730.75,730.75,730.75,730.75,25,375,714.22,740.65,755.45
5217,2020-12-30 14:44:00,730.75,730.75,730.75,730.75,25,375,714.22,740.65,755.45
5218,2020-12-30 14:45:00,730.75,730.75,730.75,730.75,25,375,714.22,740.65,755.45
5219,2020-12-30 14:46:00,730.75,730.75,730.75,730.75,25,375,714.22,740.65,755.45
5220,2020-12-30 14:47:00,730.75,730.75,730.75,730.75,25,375,714.22,740.65,755.45
5221,2020-12-30 14:48:00,730.75,730.75,730.75,730.75,25,375,714.22,740.65,755.45
5222,2020-12-30 14:49:00,730.75,730.75,730.75,730.75,25,375,714.22,740.65,755.45
5223,2020-12-30 14:50:00,730.75,730.75,730.75,730.75,25,375,714.22,740.65,755.45
5224,2020-12-30 14:51:00,730.75,730.75,730.75,730.75,25,375,714.22,740.65,755.45
5225,2020-12-30 14:52:00,730.75,730.75,730.75,730.75,25,375,714.22,740.65,755.45
5226,2020-12-30 14:53:00,730.75,730.75,730.75,730.75,25,375,714.22,740.65,755.45
5227,2020-12-30 14:54:00,730.75,730.75,730.75,730.75,25,375,714.22,740.65,755.45
5228,2020-12-30 14:55:00,730.75,730.75,730.75,730.75,25,375,714.22,740.65,755.45
5229,2020-12-30 14:56:00,730.75,730.75,730.75,730.75,25,375,714.22,740.65,755.45
5230,2020-12-30 14:57:00,730.75,730.75,730.75,730.75,25,375,714.22,740.65,755.45
5231,2020-12-30 14:58:00,730.75,730.75,730.75,730.75,25,375,714.22,740.65,755.45
5232,2020-12-30 14:59:00,730.75,730.75,730.75,730.75,25,375,714.22,740.65,755.45
5233,2020-12-30 15:00:00,730.75,730.75,730.75,730.75,25,375,714.22,740.65,755.45
5234,2020-12-30 15:01:00,730.75,730.75,730.75,730.75,25,375,714.22,740.65,755.45
5235,2020-12-30 15:02:00,730.75,730.75,730.75,730.75,25,375,714.22,740.65,755.45
5236,2020-12-30 15:03:00,730.75,730.75,730.75,730.75,25,375,714.22,740.65,755.45
5237,2020-12-30 15:04:00,730.75,730.75,730.75,730.75,25,375,714.22,740.65,755.45
5238,2020-12-30 15:05:00,730.75,730.75,730.75,730.75,25,375,714.22,740.65,755.45
5239,2020-12-30 15:06:00,730.75,730.75,730.75,730.75,25,375,714.22,740.65,755.45
5240,2020-12-30 15:07:00,730.75,730.75,730.75,730.75,25,375,714.22,740.65,755.45
5241,2020-12-30 15:08:00,730.75,730.75,730.75,730.75,25,375,714.22,740.65,755.45
5242,2020-12-30 15:09:00,730.75,730.75,730.75,730.75,25,375,714.22,740.65,755.45
5243,2020-12-30 15:10:00,757.95,757.95,757.95,757.95,25,375,715.58,747.85,762.4
5244,2020-12-30 15:11:00,757.95,757.95,757.95,757.95,25,375,715.58,747.85,762.4
5245,2020-12-30 15:12:00,757.95,757.95,757.95,757.95,25,375,715.58,747.85,762.4
5246,2020-12-30 15:13:00,757.95,757.95,757.95,757.95,25,375,715.58,747.85,762.4
5247,2020-12-30 15:14:00,756.4,756.4,756.4,756.4,25,400,716.82,743.5,759.35
5248,2020-12-30 15:15:00,756.4,756.4,756.4,756.4,25,400,716.82,743.5,759.35
5249,2020-12-30 15:16:00,756.4,756.4,756.4,756.4,25,400,716.82,743.5,759.35
5250,2020-12-30 15:17:00,756.4,756.4,756.4,756.4,25,400,716.82,743.5,759.35
5251,2020-12-30 15:18:00,756.4,756.4,756.4,756.4,25,400,716.82,743.5,759.35
5252,2020-12-30 15:19:00,756.4,756.4,756.4,756.4,25,400,716.82,743.5,759.35
5253,2020-12-30 15:20:00,756.4,756.4,756.4,756.4,25,400,716.82,743.5,759.35
5254,2020-12-30 15:21:00,756.4,756.4,756.4,756.4,25,400,716.82,743.5,759.35
5255,2020-12-30 15:22:00,756.4,756.4,756.4,756.4,25,400,716.82,743.5,759.35
5256,2020-12-30 15:23:00,756.4,756.4,756.4,756.4,25,400,716.82,743.5,759.35
5257,2020-12-30 15:24:00,756.4,756.4,756.4,756.4,25,400,716.82,743.5,759.35
5258,2020-12-30 15:25:00,756.4,756.4,756.4,756.4,25,400,716.82,743.5,759.35
5259,2020-12-30 15:26:00,756.4,756.4,756.4,756.4,25,400,716.82,743.5,759.35
5260,2020-12-30 15:27:00,748.3,748.3,748.3,748.3,25,400,717.75,738.35,755.05
5261,2020-12-30 15:28:00,748.3,748.3,748.3,748.3,25,400,717.75,738.35,755.05
5262,2020-12-30 15:29:00,748.3,748.3,748.3,748.3,25,400,717.75,738.35,755.05
5263,2020-12-30 15:30:00,748.3,748.3,748.3,748.3,25,400,717.75,738.35,755.05
5264,2020-12-31 09:15:00,754.25,754.25,754.25,754.25,25,400,754.25,671.85,698.4
5265,2020-12-31 09:16:00,754.25,754.25,754.25,754.25,25,400,754.25,671.85,698.4
5266,2020-12-31 09:17:00,754.25,754.25,754.25,754.25,25,400,754.25,671.85,698.4
5267,2020-12-31 09:18:00,754.25,754.25,754.25,754.25,25,400,754.25,671.85,698.4
5268,2020-12-31 09:19:00,754.25,754.25,754.25,754.25,25,400,754.25,671.85,698.4
5269,2020-12-31 09:20:00,754.25,754.25,754.25,754.25,25,400,754.25,671.85,698.4
5270,2020-12-31 09:21:00,719.8,719.8,719.8,719.8,100,425,726.69,699.65,729.65
5271,2020-12-31 09:22:00,719.8,719.8,719.8,719.8,100,425,726.69,699.65,729.65
5272,2020-12-31 09:23:00,719.8,719.8,719.8,719.8,100,425,726.69,699.65,729.65
5273,2020-12-31 09:24:00,719.8,719.8,719.8,719.8,100,425,726.69,699.65,729.65
5274,2020-12-31 09:25:00,729.95,730.0,729.95,730.0,100,500,728.15,700.95,731.35
5275,2020-12-31 09:26:00,728.15,728.15,728.15,728.15,25,500,728.15,710.75,721.4
5276,2020-12-31 09:27:00,728.15,728.15,728.15,728.15,25,500,728.15,710.75,721.4
5277,2020-12-31 09:28:00,721.4,730.0,721.4,730.0,150,575,727.23,723.0,746.2
5278,2020-12-31 09:29:00,708.15,708.15,708.15,708.15,675,725,715.78,703.6,734.75
5279,2020-12-31 09:30:00,708.15,708.15,708.15,708.15,675,725,715.78,703.6,734.75
5280,2020-12-31 09:31:00,708.15,708.15,708.15,708.15,675,725,715.78,703.6,734.75
5281,2020-12-31 09:32:00,708.15,708.15,708.15,708.15,675,725,715.78,703.6,734.75
5282,2020-12-31 09:33:00,720.0,720.0,720.0,720.0,675,1325,717.4,711.05,725.85
5283,2020-12-31 09:34:00,725.8,728.7,725.8,728.7,100,1325,717.9,718.45,731.05
5284,2020-12-31 09:35:00,725.8,728.7,725.8,728.7,100,1325,717.9,718.45,731.05
5285,2020-12-31 09:36:00,725.8,728.7,725.8,728.7,100,1325,717.9,718.45,731.05
5286,2020-12-31 09:37:00,725.8,728.7,725.8,728.7,100,1325,717.9,718.45,731.05
5287,2020-12-31 09:38:00,726.15,726.15,726.15,726.15,25,1150,718.01,711.9,725.9
5288,2020-12-31 09:39:00,726.15,726.15,726.15,726.15,25,1150,718.01,711.9,725.9
5289,2020-12-31 09:40:00,726.15,726.15,726.15,726.15,25,1150,718.01,711.9,725.9
5290,2020-12-31 09:41:00,726.15,726.15,726.15,726.15,25,1150,718.01,711.9,725.9
5291,2020-12-31 09:42:00,726.15,726.15,726.15,726.15,25,1150,718.01,711.9,725.9
5292,2020-12-31 09:43:00,726.15,726.15,726.15,726.15,25,1150,718.01,711.9,725.9
5293,2020-12-31 09:44:00,731.0,731.0,731.0,731.0,25,1325,718.18,727.85,740.05
5294,2020-12-31 09:45:00,731.0,731.0,731.0,731.0,25,1325,718.18,727.85,740.05
5295,2020-12-31 09:46:00,731.0,731.0,731.0,731.0,25,1325,718.18,727.85,740.05
5296,2020-12-31 09:47:00,731.0,731.0,731.0,731.0,25,1325,718.18,727.85,740.05
5297,2020-12-31 09:48:00,731.0,731.0,731.0,731.0,25,1325,718.18,727.85,740.05
5298,2020-12-31 09:49:00,731.85,731.85,731.85,731.85,25,1125,718.36,733.05,742.65
5299,2020-12-31 09:50:00,731.85,731.85,731.85,731.85,25,1125,718.36,733.05,742.65
5300,2020-12-31 09:51:00,731.85,731.85,731.85,731.85,25,1125,718.36,733.05,742.65
5301,2020-12-31 09:52:00,731.85,731.85,731.85,731.85,25,1125,718.36,733.05,742.65
5302,2020-12-31 09:53:00,731.85,731.85,731.85,731.85,25,1125,718.36,733.05,742.65
5303,2020-12-31 09:54:00,731.85,731.85,731.85,731.85,25,1125,718.36,733.05,742.65
5304,2020-12-31 09:55:00,731.85,731.85,731.85,731.85,25,1125,718.36,733.05,742.65
5305,2020-12-31 09:56:00,739.75,742.9,739.75,742.9,50,1100,718.94,738.1,745.65
5306,2020-12-31 09:57:00,738.2,738.2,736.35,736.35,225,1100,720.93,730.65,741.6
5307,2020-12-31 09:58:00,738.2,738.2,736.35,736.35,225,1100,720.93,730.65,741.6
5308,2020-12-31 09:59:00,730.65,730.65,730.65,730.65,25,1100,721.04,729.5,741.8
5309,2020-12-31 10:00:00,729.8,729.8,729.8,729.8,25,1025,721.14,725.8,738.95
5310,2020-12-31 10:01:00,729.8,729.8,729.8,729.8,25,1025,721.14,725.8,738.95
5311,2020-12-31 10:02:00,729.8,729.8,729.8,729.8,25,1025,721.14,725.8,738.95
5312,2020-12-31 10:03:00,729.8,729.8,729.8,729.8,25,1025,721.14,725.8,738.95
5313,2020-12-31 10:04:00,729.8,729.8,729.8,729.8,25,1025,721.14,725.8,738.95
5314,2020-12-31 10:05:00,729.8,729.8,729.8,729.8,25,1025,721.14,725.8,738.95
5315,2020-12-31 10:06:00,729.8,729.8,729.8,729.8,25,1025,721.14,725.8,738.95
5316,2020-12-31 10:07:00,729.8,729.8,729.8,729.8,25,1025,721.14,725.8,738.95
5317,2020-12-31 10:08:00,729.8,729.8,729.8,729.8,25,1025,721.14,725.8,738.95
5318,2020-12-31 10:09:00,729.8,729.8,729.8,729.8,25,1025,721.14,725.8,738.95
5319,2020-12-31 10:10:00,729.8,729.8,729.8,729.8,25,1025,721.14,725.8,738.95
5320,2020-12-31 10:11:00,729.8,729.8,729.8,729.8,25,1025,721.14,725.8,738.95
5321,2020-12-31 10:12:00,729.45,729.45,729.4,729.4,150,1025,721.66,729.4,737.9
5322,2020-12-31 10:13:00,729.4,729.4,728.7,728.7,75,1025,721.88,723.3,734.65
5323,2020-12-31 10:14:00,729.4,729.4,728.7,728.7,75,1025,721.88,723.3,734.65
5324,2020-12-31 10:15:00,729.4,729.4,728.7,728.7,75,1025,721.88,723.3,734.65
5325,2020-12-31 10:16:00,729.4,729.4,728.7,728.7,75,1025,721.88,723.3,734.65
5326,2020-12-31 10:17:00,729.4,729.4,728.7,728.7,75,1025,721.88,723.3,734.65
5327,2020-12-31 10:18:00,729.4,729.4,728.7,728.7,75,1025,721.88,723.3,734.65
5328,2020-12-31 10:19:00,729.4,729.4,728.7,728.7,75,1025,721.88,723.3,734.65
5329,2020-12-31 10:20:00,729.4,729.4,728.7,728.7,75,1025,721.88,723.3,734.65
5330,2020-12-31 10:21:00,729.4,729.4,728.7,728.7,75,1025,721.88,723.3,734.65
5331,2020-12-31 10:22:00,729.4,729.4,728.7,728.7,75,1025,721.88,723.3,734.65
5332,2020-12-31 10:23:00,729.4,729.4,728.7,728.7,75,1025,721.88,723.3,734.65
5333,2020-12-31 10:24:00,729.4,729.4,728.7,728.7,75,1025,721.88,723.3,734.65
5334,2020-12-31 10:25:00,729.4,729.4,728.7,728.7,75,1025,721.88,723.3,734.65
5335,2020-12-31 10:26:00,729.4,729.4,728.7,728.7,75,1025,721.88,723.3,734.65
5336,2020-12-31 10:27:00,729.4,729.4,728.7,728.7,75,1025,721.88,723.3,734.65
5337,2020-12-31 10:28:00,729.4,729.4,728.7,728.7,75,1025,721.88,723.3,734.65
5338,2020-12-31 10:29:00,732.8,732.8,732.8,732.8,50,875,722.1,729.3,738.55
5339,2020-12-31 10:30:00,732.8,732.8,732.8,732.8,50,875,722.1,729.3,738.55
5340,2020-12-31 10:31:00,732.35,732.35,732.35,732.35,50,875,722.3,731.4,740.45
5341,2020-12-31 10:32:00,732.35,732.35,732.35,732.35,50,875,722.3,731.4,740.45
5342,2020-12-31 10:33:00,732.35,732.35,732.35,732.35,50,875,722.3,731.4,740.45
5343,2020-12-31 10:34:00,732.35,732.35,732.35,732.35,50,875,722.3,731.4,740.45
5344,2020-12-31 10:35:00,731.15,731.15,731.15,731.15,25,875,722.38,732.1,740.25
5345,2020-12-31 10:36:00,731.15,731.15,731.15,731.15,25,875,722.38,732.1,740.25
5346,2020-12-31 10:37:00,731.15,731.15,731.15,731.15,25,875,722.38,732.1,740.25
5347,2020-12-31 10:38:00,731.15,731.15,731.15,731.15,25,875,722.38,732.1,740.25
5348,2020-12-31 10:39:00,731.15,731.15,731.15,731.15,25,875,722.38,732.1,740.25
5349,2020-12-31 10:40:00,731.15,731.15,731.15,731.15,25,875,722.38,732.1,740.25
5350,2020-12-31 10:41:00,731.15,731.15,731.15,731.15,25,875,722.38,732.1,740.25
5351,2020-12-31 10:42:00,735.45,735.45,735.45,735.45,25,800,722.51,727.0,735.1
5352,2020-12-31 10:43:00,735.45,735.45,735.45,735.45,25,800,722.51,727.0,735.1
5353,2020-12-31 10:44:00,744.1,744.1,744.1,744.1,25,825,722.71,735.05,752.6
5354,2020-12-31 10:45:00,744.1,744.1,744.1,744.1,25,825,722.71,735.05,752.6
5355,2020-12-31 10:46:00,744.1,744.1,744.1,744.1,25,825,722.71,735.05,752.6
5356,2020-12-31 10:47:00,744.1,744.1,744.1,744.1,25,825,722.71,735.05,752.6
5357,2020-12-31 10:48:00,744.1,744.1,744.1,744.1,25,825,722.71,735.05,752.6
5358,2020-12-31 10:49:00,744.1,744.1,744.1,744.1,25,825,722.71,735.05,752.6
5359,2020-12-31 10:50:00,744.1,744.1,744.1,744.1,25,825,722.71,735.05,752.6
5360,2020-12-31 10:51:00,744.1,744.1,744.1,744.1,25,825,722.71,735.05,752.6
5361,2020-12-31 10:52:00,744.1,744.1,744.1,744.1,25,825,722.71,735.05,752.6
5362,2020-12-31 10:53:00,744.1,744.1,744.1,744.1,25,825,722.71,735.05,752.6
5363,2020-12-31 10:54:00,744.1,744.1,744.1,744.1,25,825,722.71,735.05,752.6
5364,2020-12-31 10:55:00,696.25,706.55,696.25,706.55,200,825,721.06,715.6,730.2
5365,2020-12-31 10:56:00,696.25,706.55,696.25,706.55,200,825,721.06,715.6,730.2
5366,2020-12-31 10:57:00,696.25,706.55,696.25,706.55,200,825,721.06,715.6,730.2
5367,2020-12-31 10:58:00,696.25,706.55,696.25,706.55,200,825,721.06,715.6,730.2
5368,2020-12-31 10:59:00,696.25,706.55,696.25,706.55,200,825,721.06,715.6,730.2
5369,2020-12-31 11:00:00,696.25,706.55,696.25,706.55,200,825,721.06,715.6,730.2
5370,2020-12-31 11:01:00,696.25,706.55,696.25,706.55,200,825,721.06,715.6,730.2
5371,2020-12-31 11:02:00,696.25,706.55,696.25,706.55,200,825,721.06,715.6,730.2
5372,2020-12-31 11:03:00,696.25,706.55,696.25,706.55,200,825,721.06,715.6,730.2
5373,2020-12-31 11:04:00,696.25,706.55,696.25,706.55,200,825,721.06,715.6,730.2
5374,2020-12-31 11:05:00,696.25,706.55,696.25,706.55,200,825,721.06,715.6,730.2
5375,2020-12-31 11:06:00,696.25,706.55,696.25,706.55,200,825,721.06,715.6,730.2
5376,2020-12-31 11:07:00,696.25,706.55,696.25,706.55,200,825,721.06,715.6,730.2
5377,2020-12-31 11:08:00,696.25,706.55,696.25,706.55,200,825,721.06,715.6,730.2
5378,2020-12-31 11:09:00,696.25,706.55,696.25,706.55,200,825,721.06,715.6,730.2
5379,2020-12-31 11:10:00,696.25,706.55,696.25,706.55,200,825,721.06,715.6,730.2
5380,2020-12-31 11:11:00,696.25,706.55,696.25,706.55,200,825,721.06,715.6,730.2
5381,2020-12-31 11:12:00,696.25,706.55,696.25,706.55,200,825,721.06,715.6,730.2
5382,2020-12-31 11:13:00,696.25,706.55,696.25,706.55,200,825,721.06,715.6,730.2
5383,2020-12-31 11:14:00,696.25,706.55,696.25,706.55,200,825,721.06,715.6,730.2
5384,2020-12-31 11:15:00,696.25,706.55,696.25,706.55,200,825,721.06,715.6,730.2
5385,2020-12-31 11:16:00,696.25,706.55,696.25,706.55,200,825,721.06,715.6,730.2
5386,2020-12-31 11:17:00,706.55,706.55,706.55,706.55,50,900,720.81,706.4,719.75
5387,2020-12-31 11:18:00,706.55,706.55,706.55,706.55,50,900,720.81,706.4,719.75
5388,2020-12-31 11:19:00,706.55,706.55,706.55,706.55,50,900,720.81,706.4,719.75
5389,2020-12-31 11:20:00,706.55,706.55,706.55,706.55,50,900,720.81,706.4,719.75
5390,2020-12-31 11:21:00,706.55,706.55,706.55,706.55,50,900,720.81,706.4,719.75
5391,2020-12-31 11:22:00,706.55,706.55,706.55,706.55,50,900,720.81,706.4,719.75
5392,2020-12-31 11:23:00,706.55,706.55,706.55,706.55,50,900,720.81,706.4,719.75
5393,2020-12-31 11:24:00,706.55,706.55,706.55,706.55,50,900,720.81,706.4,719.75
5394,2020-12-31 11:25:00,706.55,706.55,706.55,706.55,50,900,720.81,706.4,719.75
5395,2020-12-31 11:26:00,706.55,706.55,706.55,706.55,50,900,720.81,706.4,719.75
5396,2020-12-31 11:27:00,706.55,706.55,706.55,706.55,50,900,720.81,706.4,719.75
5397,2020-12-31 11:28:00,706.55,706.55,706.55,706.55,50,900,720.81,706.4,719.75
5398,2020-12-31 11:29:00,706.55,706.55,706.55,706.55,50,900,720.81,706.4,719.75
5399,2020-12-31 11:30:00,706.55,706.55,706.55,706.55,50,900,720.81,706.4,719.75
5400,2020-12-31 11:31:00,706.55,706.55,706.55,706.55,50,900,720.81,706.4,719.75
5401,2020-12-31 11:32:00,706.55,706.55,706.55,706.55,50,900,720.81,706.4,719.75
5402,2020-12-31 11:33:00,706.55,706.55,706.55,706.55,50,900,720.81,706.4,719.75
5403,2020-12-31 11:34:00,706.55,706.55,706.55,706.55,50,900,720.81,706.4,719.75
5404,2020-12-31 11:35:00,706.55,706.55,706.55,706.55,50,900,720.81,706.4,719.75
5405,2020-12-31 11:36:00,706.55,706.55,706.55,706.55,50,900,720.81,706.4,719.75
5406,2020-12-31 11:37:00,706.55,706.55,706.55,706.55,50,900,720.81,706.4,719.75
5407,2020-12-31 11:38:00,706.55,706.55,706.55,706.55,50,900,720.81,706.4,719.75
5408,2020-12-31 11:39:00,706.55,706.55,706.55,706.55,50,900,720.81,706.4,719.75
5409,2020-12-31 11:40:00,715.3,715.3,715.3,715.3,25,850,720.76,703.5,727.6
5410,2020-12-31 11:41:00,715.3,715.3,715.3,715.3,25,850,720.76,703.5,727.6
5411,2020-12-31 11:42:00,715.3,715.3,715.3,715.3,25,850,720.76,703.5,727.6
5412,2020-12-31 11:43:00,715.3,715.3,715.3,715.3,25,850,720.76,703.5,727.6
5413,2020-12-31 11:44:00,715.3,715.3,715.3,715.3,25,850,720.76,703.5,727.6
5414,2020-12-31 11:45:00,715.3,715.3,715.3,715.3,25,850,720.76,703.5,727.6
5415,2020-12-31 11:46:00,715.3,715.3,715.3,715.3,25,850,720.76,703.5,727.6
5416,2020-12-31 11:47:00,715.3,715.3,715.3,715.3,25,850,720.76,703.5,727.6
5417,2020-12-31 11:48:00,715.3,715.3,715.3,715.3,25,850,720.76,703.5,727.6
5418,2020-12-31 11:49:00,715.3,715.3,715.3,715.3,25,850,720.76,703.5,727.6
5419,2020-12-31 11:50:00,715.3,715.3,715.3,715.3,25,850,720.76,703.5,727.6
5420,2020-12-31 11:51:00,715.3,715.3,715.3,715.3,25,850,720.76,703.5,727.6
5421,2020-12-31 11:52:00,715.3,715.3,715.3,715.3,25,850,720.76,703.5,727.6
5422,2020-12-31 11:53:00,687.25,687.25,687.25,687.25,25,875,720.47,674.4,690.35
5423,2020-12-31 11:54:00,687.25,687.25,687.25,687.25,25,875,720.47,674.4,690.35
5424,2020-12-31 11:55:00,686.0,686.9,685.65,686.9,200,900,718.28,680.45,690.4
5425,2020-12-31 11:56:00,686.0,686.9,685.65,686.9,200,900,718.28,680.45,690.4
5426,2020-12-31 11:57:00,686.0,686.9,685.65,686.9,200,900,718.28,680.45,690.4
5427,2020-12-31 11:58:00,690.25,690.5,690.25,690.5,50,1075,717.85,687.65,699.35
5428,2020-12-31 11:59:00,699.35,699.35,699.35,699.35,25,1075,717.7,687.65,700.55
5429,2020-12-31 12:00:00,699.35,699.35,699.35,699.35,25,1075,717.7,687.65,700.55
5430,2020-12-31 12:01:00,699.35,699.35,699.35,699.35,25,1075,717.7,687.65,700.55
5431,2020-12-31 12:02:00,680.45,680.45,680.45,680.45,25,1125,717.42,680.45,693.0
5432,2020-12-31 12:03:00,680.45,680.45,680.45,680.45,25,1125,717.42,680.45,693.0
5433,2020-12-31 12:04:00,680.45,680.45,680.45,680.45,25,1125,717.42,680.45,693.0
5434,2020-12-31 12:05:00,680.45,680.45,680.45,680.45,25,1125,717.42,680.45,693.0
5435,2020-12-31 12:06:00,680.45,680.45,680.45,680.45,25,1125,717.42,680.45,693.0
5436,2020-12-31 12:07:00,680.45,680.45,680.45,680.45,25,1125,717.42,680.45,693.0
5437,2020-12-31 12:08:00,680.45,680.45,680.45,680.45,25,1125,717.42,680.45,693.0
5438,2020-12-31 12:09:00,680.45,680.45,680.45,680.45,25,1125,717.42,680.45,693.0
5439,2020-12-31 12:10:00,679.75,679.75,679.7,679.75,275,900,714.48,675.8,686.45
5440,2020-12-31 12:11:00,679.75,679.75,679.7,679.75,275,900,714.48,675.8,686.45
5441,2020-12-31 12:12:00,685.95,685.95,685.95,685.95,700,1175,709.72,677.8,685.9
5442,2020-12-31 12:13:00,685.95,685.95,685.95,685.95,700,1175,709.72,677.8,685.9
5443,2020-12-31 12:14:00,670.0,670.0,670.0,670.0,25,1175,709.48,660.35,671.4
5444,2020-12-31 12:15:00,670.0,670.0,670.0,670.0,25,1175,709.48,660.35,671.4
5445,2020-12-31 12:16:00,667.3,667.3,667.25,667.3,50,1850,708.99,658.75,668.15
5446,2020-12-31 12:17:00,667.15,667.95,664.0,667.95,500,1850,704.42,664.55,676.6
5447,2020-12-31 12:18:00,667.15,667.95,664.0,667.95,500,1850,704.42,664.55,676.6
5448,2020-12-31 12:19:00,667.15,667.95,664.0,667.95,500,1850,704.42,664.55,676.6
5449,2020-12-31 12:20:00,667.15,667.95,664.0,667.95,500,1850,704.42,664.55,676.6
5450,2020-12-31 12:21:00,667.15,667.95,664.0,667.95,500,1850,704.42,664.55,676.6
5451,2020-12-31 12:22:00,667.15,667.95,664.0,667.95,500,1850,704.42,664.55,676.6
5452,2020-12-31 12:23:00,667.15,667.95,664.0,667.95,500,1850,704.42,664.55,676.6
5453,2020-12-31 12:24:00,667.15,667.95,664.0,667.95,500,1850,704.42,664.55,676.6
5454,2020-12-31 12:25:00,667.15,667.95,664.0,667.95,500,1850,704.42,664.55,676.6
5455,2020-12-31 12:26:00,667.15,667.95,664.0,667.95,500,1850,704.42,664.55,676.6
5456,2020-12-31 12:27:00,667.15,667.95,664.0,667.95,500,1850,704.42,664.55,676.6
5457,2020-12-31 12:28:00,667.15,667.95,664.0,667.95,500,1850,704.42,664.55,676.6
5458,2020-12-31 12:29:00,667.15,667.95,664.0,667.95,500,1850,704.42,664.55,676.6
5459,2020-12-31 12:30:00,663.0,670.9,663.0,670.9,225,1975,702.75,672.4,676.25
5460,2020-12-31 12:31:00,676.25,676.25,676.25,676.25,100,0,702.23,690.8,703.85
5461,2020-12-31 12:32:00,676.25,676.25,676.25,676.25,100,0,702.23,690.8,703.85
5462,2020-12-31 12:33:00,676.25,676.25,676.25,676.25,100,0,702.23,690.8,703.85
5463,2020-12-31 12:34:00,720.2,720.2,720.2,720.2,25,2300,702.32,720.45,729.6
5464,2020-12-31 12:35:00,720.4,720.4,720.4,720.4,50,2300,702.49,714.2,725.75
5465,2020-12-31 12:36:00,720.4,720.4,720.4,720.4,50,2300,702.49,714.2,725.75
5466,2020-12-31 12:37:00,720.4,720.4,720.4,720.4,50,2300,702.49,714.2,725.75
5467,2020-12-31 12:38:00,720.4,720.4,720.4,720.4,50,2300,702.49,714.2,725.75
5468,2020-12-31 12:39:00,735.0,735.0,735.0,735.0,25,2275,702.65,730.15,739.4
5469,2020-12-31 12:40:00,735.0,735.0,735.0,735.0,25,2275,702.65,730.15,739.4
5470,2020-12-31 12:41:00,735.0,735.0,735.0,735.0,25,2275,702.65,730.15,739.4
5471,2020-12-31 12:42:00,726.55,733.45,726.55,733.45,100,2300,703.19,728.65,734.95
5472,2020-12-31 12:43:00,726.55,733.45,726.55,733.45,100,2300,703.19,728.65,734.95
5473,2020-12-31 12:44:00,728.0,728.0,728.0,728.0,25,2300,703.31,728.0,734.9
5474,2020-12-31 12:45:00,728.0,728.0,728.0,728.0,25,2300,703.31,728.0,734.9
5475,2020-12-31 12:46:00,728.0,728.0,728.0,728.0,25,2300,703.31,728.0,734.9
5476,2020-12-31 12:47:00,728.0,728.0,728.0,728.0,25,2300,703.31,728.0,734.9
5477,2020-12-31 12:48:00,725.65,725.65,725.65,725.65,25,2400,703.41,723.2,727.8
5478,2020-12-31 12:49:00,727.55,727.55,727.55,727.55,50,2400,703.63,723.65,730.6
5479,2020-12-31 12:50:00,727.55,727.55,727.55,727.55,50,2400,703.63,723.65,730.6
5480,2020-12-31 12:51:00,727.55,727.55,727.55,727.55,50,2400,703.63,723.65,730.6
5481,2020-12-31 12:52:00,727.55,727.55,727.55,727.55,50,2400,703.63,723.65,730.6
5482,2020-12-31 12:53:00,718.15,718.15,718.15,718.15,100,2350,703.9,712.4,720.7
5483,2020-12-31 12:54:00,718.15,718.15,718.15,718.15,100,2350,703.9,712.4,720.7
5484,2020-12-31 12:55:00,712.95,712.95,712.95,712.95,75,2400,704.02,707.45,713.8
5485,2020-12-31 12:56:00,713.8,713.8,713.8,713.8,25,0,704.06,711.6,719.35
5486,2020-12-31 12:57:00,713.8,713.8,713.8,713.8,25,0,704.06,711.6,719.35
5487,2020-12-31 12:58:00,715.0,715.0,715.0,715.0,75,0,704.2,712.15,718.6
5488,2020-12-31 12:59:00,715.0,715.0,715.0,715.0,75,0,704.2,712.15,718.6
5489,2020-12-31 13:00:00,715.0,715.0,715.0,715.0,75,0,704.2,712.15,718.6
5490,2020-12-31 13:01:00,715.0,715.0,715.0,715.0,75,0,704.2,712.15,718.6
5491,2020-12-31 13:02:00,715.0,715.0,715.0,715.0,75,0,704.2,712.15,718.6
5492,2020-12-31 13:03:00,715.0,715.0,715.0,715.0,75,0,704.2,712.15,718.6
5493,2020-12-31 13:04:00,725.75,725.75,725.75,725.75,25,2325,704.3,721.15,727.05
5494,2020-12-31 13:05:00,725.75,725.75,725.75,725.75,25,2325,704.3,721.15,727.05
5495,2020-12-31 13:06:00,725.75,725.75,725.75,725.75,25,2325,704.3,721.15,727.05
5496,2020-12-31 13:07:00,725.75,725.75,725.75,725.75,25,2325,704.3,721.15,727.05
5497,2020-12-31 13:08:00,725.75,725.75,725.75,725.75,25,2325,704.3,721.15,727.05
5498,2020-12-31 13:09:00,719.3,719.3,719.3,719.3,50,2200,704.43,716.75,723.55
5499,2020-12-31 13:10:00,719.3,719.3,719.3,719.3,50,2200,704.43,716.75,723.55
5500,2020-12-31 13:11:00,719.3,719.3,715.7,715.7,350,2200,705.23,714.9,721.0
5501,2020-12-31 13:12:00,719.3,719.3,715.7,715.7,350,2200,705.23,714.9,721.0
5502,2020-12-31 13:13:00,719.3,719.3,715.7,715.7,350,2200,705.23,714.9,721.0
5503,2020-12-31 13:14:00,719.3,719.3,715.7,715.7,350,2200,705.23,714.9,721.0
5504,2020-12-31 13:15:00,720.3,720.3,720.3,720.3,50,2225,705.35,715.5,722.9
5505,2020-12-31 13:16:00,720.3,720.3,720.3,720.3,50,2225,705.35,715.5,722.9
5506,2020-12-31 13:17:00,720.3,720.3,720.3,720.3,50,2225,705.35,715.5,722.9
5507,2020-12-31 13:18:00,720.3,720.3,720.3,720.3,50,2225,705.35,715.5,722.9
5508,2020-12-31 13:19:00,720.3,720.3,720.3,720.3,50,2225,705.35,715.5,722.9
5509,2020-12-31 13:20:00,720.3,720.3,720.3,720.3,50,2225,705.35,715.5,722.9
5510,2020-12-31 13:21:00,720.3,720.3,720.3,720.3,50,2225,705.35,715.5,722.9
5511,2020-12-31 13:22:00,715.9,715.9,715.9,715.9,25,1975,705.4,710.4,718.65
5512,2020-12-31 13:23:00,715.9,715.9,715.9,715.9,25,1975,705.4,710.4,718.65
5513,2020-12-31 13:24:00,715.9,715.9,715.9,715.9,25,1975,705.4,710.4,718.65
5514,2020-12-31 13:25:00,715.9,715.9,715.9,715.9,25,1975,705.4,710.4,718.65
5515,2020-12-31 13:26:00,715.9,715.9,715.9,715.9,25,1975,705.4,710.4,718.65
5516,2020-12-31 13:27:00,715.9,715.9,715.9,715.9,25,1975,705.4,710.4,718.65
5517,2020-12-31 13:28:00,725.1,725.1,725.1,725.1,25,1975,705.48,724.3,735.4
5518,2020-12-31 13:29:00,725.1,725.1,725.1,725.1,25,1975,705.48,724.3,735.4
5519,2020-12-31 13:30:00,725.1,725.1,725.1,725.1,25,1975,705.48,724.3,735.4
5520,2020-12-31 13:31:00,725.1,725.1,725.1,725.1,25,1975,705.48,724.3,735.4
5521,2020-12-31 13:32:00,725.1,725.1,725.1,725.1,25,1975,705.48,724.3,735.4
5522,2020-12-31 13:33:00,725.1,725.1,725.1,725.1,25,1975,705.48,724.3,735.4
5523,2020-12-31 13:34:00,725.1,725.1,725.1,725.1,25,1975,705.48,724.3,735.4
5524,2020-12-31 13:35:00,738.4,738.4,738.4,738.4,25,2000,705.61,736.3,744.35
5525,2020-12-31 13:36:00,738.4,738.4,738.4,738.4,25,2000,705.61,736.3,744.35
5526,2020-12-31 13:37:00,738.4,738.4,738.4,738.4,25,2000,705.61,736.3,744.35
5527,2020-12-31 13:38:00,738.4,738.4,738.4,738.4,25,2000,705.61,736.3,744.35
5528,2020-12-31 13:39:00,738.4,738.4,738.4,738.4,25,2000,705.61,736.3,744.35
5529,2020-12-31 13:40:00,738.4,738.4,738.4,738.4,25,2000,705.61,736.3,744.35
5530,2020-12-31 13:41:00,732.8,732.8,732.8,732.8,150,2000,706.26,728.6,739.4
5531,2020-12-31 13:42:00,732.8,732.8,732.8,732.8,150,2000,706.26,728.6,739.4
5532,2020-12-31 13:43:00,732.8,732.8,732.8,732.8,150,2000,706.26,728.6,739.4
5533,2020-12-31 13:44:00,732.8,732.8,732.8,732.8,150,2000,706.26,728.6,739.4
5534,2020-12-31 13:45:00,732.8,732.8,732.8,732.8,150,2000,706.26,728.6,739.4
5535,2020-12-31 13:46:00,726.05,726.05,726.05,726.05,25,1875,706.34,716.15,726.75
5536,2020-12-31 13:47:00,726.05,726.05,726.05,726.05,25,1875,706.34,716.15,726.75
5537,2020-12-31 13:48:00,726.05,726.05,726.05,726.05,25,1875,706.34,716.15,726.75
5538,2020-12-31 13:49:00,726.05,726.05,726.05,726.05,25,1875,706.34,716.15,726.75
5539,2020-12-31 13:50:00,726.05,726.05,726.05,726.05,25,1875,706.34,716.15,726.75
5540,2020-12-31 13:51:00,726.4,728.0,726.4,728.0,100,1875,706.66,724.1,730.85
5541,2020-12-31 13:52:00,726.4,728.0,726.4,728.0,100,1875,706.66,724.1,730.85
5542,2020-12-31 13:53:00,726.4,728.0,726.4,728.0,100,1875,706.66,724.1,730.85
5543,2020-12-31 13:54:00,726.4,728.0,726.4,728.0,100,1875,706.66,724.1,730.85
5544,2020-12-31 13:55:00,726.4,728.0,726.4,728.0,100,1875,706.66,724.1,730.85
5545,2020-12-31 13:56:00,738.8,738.8,738.8,738.8,50,1850,706.9,737.05,746.75
5546,2020-12-31 13:57:00,738.8,738.8,738.8,738.8,50,1850,706.9,737.05,746.75
5547,2020-12-31 13:58:00,737.8,737.8,737.6,737.6,150,1825,707.59,731.75,742.1
5548,2020-12-31 13:59:00,737.8,737.8,737.6,737.6,150,1825,707.59,731.75,742.1
5549,2020-12-31 14:00:00,742.0,742.0,742.0,742.0,25,1750,707.72,739.0,748.6
5550,2020-12-31 14:01:00,742.0,742.0,742.0,742.0,25,1750,707.72,739.0,748.6
5551,2020-12-31 14:02:00,742.0,742.0,742.0,742.0,25,1750,707.72,739.0,748.6
5552,2020-12-31 14:03:00,742.0,742.0,742.0,742.0,25,1750,707.72,739.0,748.6
5553,2020-12-31 14:04:00,742.0,742.0,742.0,742.0,25,1750,707.72,739.0,748.6
5554,2020-12-31 14:05:00,746.1,746.1,744.1,744.1,650,1725,711.05,734.65,742.05
5555,2020-12-31 14:06:00,742.05,742.05,742.05,742.05,25,1725,711.16,737.8,745.05
5556,2020-12-31 14:07:00,743.55,743.55,743.55,743.55,250,1600,712.21,734.7,743.55
5557,2020-12-31 14:08:00,743.0,743.0,743.0,743.0,50,1600,712.41,737.2,747.55
5558,2020-12-31 14:09:00,743.0,743.0,743.0,743.0,50,1600,712.41,737.2,747.55
5559,2020-12-31 14:10:00,743.0,743.0,743.0,743.0,50,1600,712.41,737.2,747.55
5560,2020-12-31 14:11:00,743.0,743.0,743.0,743.0,50,1600,712.41,737.2,747.55
5561,2020-12-31 14:12:00,743.0,743.0,743.0,743.0,50,1600,712.41,737.2,747.55
5562,2020-12-31 14:13:00,733.8,733.8,733.8,733.8,50,875,712.55,726.4,735.35
5563,2020-12-31 14:14:00,719.65,719.65,715.0,715.0,100,875,712.61,712.6,721.05
5564,2020-12-31 14:15:00,719.65,719.65,715.0,715.0,100,875,712.61,712.6,721.05
5565,2020-12-31 14:16:00,715.0,715.0,715.0,715.0,25,825,712.62,707.9,717.4
5566,2020-12-31 14:17:00,715.0,715.0,715.0,715.0,25,825,712.62,707.9,717.4
5567,2020-12-31 14:18:00,715.0,715.0,715.0,715.0,25,825,712.62,707.9,717.4
5568,2020-12-31 14:19:00,715.0,715.0,715.0,715.0,25,825,712.62,707.9,717.4
5569,2020-12-31 14:20:00,715.0,715.0,715.0,715.0,25,825,712.62,707.9,717.4
5570,2020-12-31 14:21:00,715.0,715.0,715.0,715.0,25,825,712.62,707.9,717.4
5571,2020-12-31 14:22:00,717.6,717.6,717.6,717.6,25,775,712.63,709.9,716.5
5572,2020-12-31 14:23:00,717.6,717.6,717.6,717.6,25,775,712.63,709.9,716.5
5573,2020-12-31 14:24:00,717.6,717.6,717.6,717.6,25,775,712.63,709.9,716.5
5574,2020-12-31 14:25:00,717.6,717.6,717.6,717.6,25,775,712.63,709.9,716.5
5575,2020-12-31 14:26:00,717.6,717.6,717.6,717.6,25,775,712.63,709.9,716.5
5576,2020-12-31 14:27:00,717.6,717.6,717.6,717.6,25,775,712.63,709.9,716.5
5577,2020-12-31 14:28:00,717.6,717.6,717.6,717.6,25,775,712.63,709.9,716.5
5578,2020-12-31 14:29:00,717.6,717.6,717.6,717.6,25,775,712.63,709.9,716.5
5579,2020-12-31 14:30:00,717.6,717.6,717.6,717.6,25,775,712.63,709.9,716.5
5580,2020-12-31 14:31:00,717.6,717.6,717.6,717.6,25,775,712.63,709.9,716.5
5581,2020-12-31 14:32:00,717.6,717.6,717.6,717.6,25,775,712.63,709.9,716.5
5582,2020-12-31 14:33:00,717.6,717.6,717.6,717.6,25,775,712.63,709.9,716.5
5583,2020-12-31 14:34:00,706.0,706.0,706.0,706.0,25,875,712.61,699.4,707.75
5584,2020-12-31 14:35:00,706.0,706.0,706.0,706.0,25,875,712.61,699.4,707.75
5585,2020-12-31 14:36:00,706.0,706.0,706.0,706.0,25,875,712.61,699.4,707.75
5586,2020-12-31 14:37:00,706.0,706.0,706.0,706.0,25,875,712.61,699.4,707.75
5587,2020-12-31 14:38:00,706.0,706.0,706.0,706.0,25,875,712.61,699.4,707.75
5588,2020-12-31 14:39:00,706.0,706.0,706.0,706.0,25,875,712.61,699.4,707.75
5589,2020-12-31 14:40:00,706.0,706.0,706.0,706.0,25,875,712.61,699.4,707.75
5590,2020-12-31 14:41:00,706.0,706.0,706.0,706.0,25,875,712.61,699.4,707.75
5591,2020-12-31 14:42:00,706.0,706.0,706.0,706.0,25,875,712.61,699.4,707.75
5592,2020-12-31 14:43:00,706.0,706.0,706.0,706.0,25,875,712.61,699.4,707.75
5593,2020-12-31 14:44:00,706.0,706.0,706.0,706.0,25,875,712.61,699.4,707.75
5594,2020-12-31 14:45:00,706.0,706.0,706.0,706.0,25,875,712.61,699.4,707.75
5595,2020-12-31 14:46:00,699.75,699.75,699.75,699.75,75,900,712.49,692.3,701.75
5596,2020-12-31 14:47:00,699.75,699.75,699.75,699.75,75,900,712.49,692.3,701.75
5597,2020-12-31 14:48:00,699.75,699.75,699.75,699.75,75,900,712.49,692.3,701.75
5598,2020-12-31 14:49:00,699.75,699.75,699.75,699.75,75,900,712.49,692.3,701.75
5599,2020-12-31 14:50:00,699.75,699.75,699.75,699.75,75,900,712.49,692.3,701.75
5600,2020-12-31 14:51:00,699.75,699.75,699.75,699.75,75,900,712.49,692.3,701.75
5601,2020-12-31 14:52:00,699.75,699.75,699.75,699.75,75,900,712.49,692.3,701.75
5602,2020-12-31 14:53:00,699.75,699.75,699.75,699.75,75,900,712.49,692.3,701.75
5603,2020-12-31 14:54:00,691.25,691.25,691.25,691.25,75,875,712.3,690.3,695.7
5604,2020-12-31 14:55:00,691.25,691.25,691.25,691.25,75,875,712.3,690.3,695.7
5605,2020-12-31 14:56:00,699.75,699.75,699.75,699.75,75,875,712.18,693.4,699.35
5606,2020-12-31 14:57:00,690.95,690.95,690.95,690.95,50,875,712.04,681.45,691.25
5607,2020-12-31 14:58:00,690.95,690.95,690.95,690.95,50,875,712.04,681.45,691.25
5608,2020-12-31 14:59:00,690.95,690.95,690.95,690.95,50,875,712.04,681.45,691.25
5609,2020-12-31 15:00:00,690.95,690.95,690.95,690.95,50,875,712.04,681.45,691.25
5610,2020-12-31 15:01:00,690.95,690.95,690.95,690.95,25,850,711.98,690.95,699.45
5611,2020-12-31 15:02:00,690.95,690.95,690.95,690.95,25,850,711.98,690.95,699.45
5612,2020-12-31 15:03:00,690.95,690.95,690.95,690.95,25,850,711.98,690.95,699.45
5613,2020-12-31 15:04:00,695.75,695.75,695.75,695.75,25,875,711.93,693.45,701.65
5614,2020-12-31 15:05:00,695.75,695.75,695.75,695.75,25,875,711.93,693.45,701.65
5615,2020-12-31 15:06:00,695.75,695.75,695.75,695.75,25,875,711.93,693.45,701.65
5616,2020-12-31 15:07:00,695.75,695.75,695.75,695.75,25,875,711.93,693.45,701.65
5617,2020-12-31 15:08:00,695.75,695.75,695.75,695.75,25,875,711.93,693.45,701.65
5618,2020-12-31 15:09:00,695.75,695.75,695.75,695.75,25,875,711.93,693.45,701.65
5619,2020-12-31 15:10:00,695.3,695.3,695.3,695.3,25,850,711.88,692.75,702.25
5620,2020-12-31 15:11:00,693.75,694.35,693.7,694.35,100,850,711.67,692.7,701.65
5621,2020-12-31 15:12:00,695.0,697.85,693.0,697.85,250,850,711.23,696.45,704.95
5622,2020-12-31 15:13:00,695.0,697.85,693.0,697.85,250,850,711.23,696.45,704.95
5623,2020-12-31 15:14:00,695.45,695.45,695.45,695.45,25,1125,711.19,689.45,696.05
5624,2020-12-31 15:15:00,695.45,695.45,695.45,695.45,25,1125,711.19,689.45,696.05
5625,2020-12-31 15:16:00,695.45,695.45,695.45,695.45,25,1125,711.19,689.45,696.05
5626,2020-12-31 15:17:00,695.45,695.45,695.45,695.45,25,1125,711.19,689.45,696.05
5627,2020-12-31 15:18:00,696.35,696.35,692.2,692.2,150,1100,710.89,689.5,699.9
5628,2020-12-31 15:19:00,699.9,699.9,699.9,699.9,25,1100,710.86,688.6,699.8
5629,2020-12-31 15:20:00,690.3,691.55,690.3,691.55,75,1100,710.69,686.95,697.1
5630,2020-12-31 15:21:00,690.3,691.55,690.3,691.55,75,1100,710.69,686.95,697.1
5631,2020-12-31 15:22:00,690.3,691.55,690.3,691.55,75,1100,710.69,686.95,697.1
5632,2020-12-31 15:23:00,690.3,691.55,690.3,691.55,75,1100,710.69,686.95,697.1
5633,2020-12-31 15:24:00,683.0,683.0,683.0,683.0,25,1100,710.62,674.05,684.8
5634,2020-12-31 15:25:00,683.0,683.0,683.0,683.0,25,1100,710.62,674.05,684.8
5635,2020-12-31 15:26:00,683.2,683.2,683.2,683.2,25,1050,710.54,683.2,689.75
5636,2020-12-31 15:27:00,697.0,697.0,697.0,697.0,25,1050,710.5,686.3,704.1
5637,2020-12-31 15:28:00,704.0,704.0,704.0,704.0,25,1050,710.48,688.35,704.4
5638,2020-12-31 15:29:00,704.0,704.0,704.0,704.0,25,1050,710.48,688.35,704.4
5639,2020-12-31 15:30:00,704.0,704.0,704.0,704.0,25,1050,710.48,688.35,704.4
5640,2021-01-01 09:15:00,708.6,708.6,708.6,708.6,25,975,708.6,704.95,721.9
5641,2021-01-01 09:16:00,708.6,708.6,708.6,708.6,25,975,708.6,704.95,721.9
5642,2021-01-01 09:17:00,708.6,708.6,708.6,708.6,25,975,708.6,704.95,721.9
5643,2021-01-01 09:18:00,708.6,708.6,708.6,708.6,25,975,708.6,704.95,721.9
5644,2021-01-01 09:19:00,721.75,721.75,721.75,721.75,25,975,715.17,716.6,732.3
5645,2021-01-01 09:20:00,721.75,721.75,721.75,721.75,25,975,715.17,716.6,732.3
5646,2021-01-01 09:21:00,721.75,721.75,721.75,721.75,25,975,715.17,716.6,732.3
5647,2021-01-01 09:22:00,721.75,721.75,721.75,721.75,25,975,715.17,716.6,732.3
5648,2021-01-01 09:23:00,721.75,721.75,721.75,721.75,25,975,715.17,716.6,732.3
5649,2021-01-01 09:24:00,721.75,721.75,721.75,721.75,25,975,715.17,716.6,732.3
5650,2021-01-01 09:25:00,721.75,721.75,721.75,721.75,25,975,715.17,716.6,732.3
5651,2021-01-01 09:26:00,705.15,705.15,705.15,705.15,50,975,710.16,694.85,707.7
5652,2021-01-01 09:27:00,705.15,705.15,705.15,705.15,50,975,710.16,694.85,707.7
5653,2021-01-01 09:28:00,705.15,705.15,705.15,705.15,50,975,710.16,694.85,707.7
5654,2021-01-01 09:29:00,685.9,685.9,685.9,685.9,25,1025,705.31,684.75,698.8
5655,2021-01-01 09:30:00,685.9,685.9,685.9,685.9,25,1025,705.31,684.75,698.8
5656,2021-01-01 09:31:00,708.8,708.8,708.8,708.8,25,1025,705.89,695.15,709.1
5657,2021-01-01 09:32:00,708.8,708.8,708.8,708.8,25,1025,705.89,695.15,709.1
5658,2021-01-01 09:33:00,708.8,708.8,708.8,708.8,25,1025,705.89,695.15,709.1
5659,2021-01-01 09:34:00,708.8,708.8,708.8,708.8,25,1025,705.89,695.15,709.1
5660,2021-01-01 09:35:00,708.8,708.8,708.8,708.8,25,1025,705.89,695.15,709.1
5661,2021-01-01 09:36:00,695.1,695.1,695.1,695.1,25,1025,704.35,691.4,700.0
5662,2021-01-01 09:37:00,688.75,688.75,688.75,688.75,25,1025,702.4,682.6,696.6
5663,2021-01-01 09:38:00,688.75,688.75,688.75,688.75,25,1025,702.4,682.6,696.6
5664,2021-01-01 09:39:00,688.75,688.75,688.75,688.75,25,1025,702.4,682.6,696.6
5665,2021-01-01 09:40:00,688.75,688.75,688.75,688.75,25,1025,702.4,682.6,696.6
5666,2021-01-01 09:41:00,700.95,700.95,700.95,700.95,25,1025,702.23,689.7,702.75
5667,2021-01-01 09:42:00,700.95,700.95,700.95,700.95,25,1025,702.23,689.7,702.75
5668,2021-01-01 09:43:00,700.95,700.95,700.95,700.95,25,1025,702.23,689.7,702.75
5669,2021-01-01 09:44:00,700.95,700.95,700.95,700.95,25,1025,702.23,689.7,702.75
5670,2021-01-01 09:45:00,700.95,700.95,700.95,700.95,25,1025,702.23,689.7,702.75
5671,2021-01-01 09:46:00,699.0,699.0,699.0,699.0,25,1025,701.91,693.15,704.9
5672,2021-01-01 09:47:00,699.0,699.0,699.0,699.0,25,1025,701.91,693.15,704.9
5673,2021-01-01 09:48:00,699.0,699.0,699.0,699.0,25,1025,701.91,693.15,704.9
5674,2021-01-01 09:49:00,700.0,700.0,700.0,700.0,25,1050,701.74,692.4,702.0
5675,2021-01-01 09:50:00,700.0,700.0,700.0,700.0,25,1050,701.74,692.4,702.0
5676,2021-01-01 09:51:00,691.5,701.75,691.5,701.75,300,1075,701.26,691.1,702.4
5677,2021-01-01 09:52:00,691.5,701.75,691.5,701.75,300,1075,701.26,691.1,702.4
5678,2021-01-01 09:53:00,691.5,701.75,691.5,701.75,300,1075,701.26,691.1,702.4
5679,2021-01-01 09:54:00,691.5,701.75,691.5,701.75,300,1075,701.26,691.1,702.4
5680,2021-01-01 09:55:00,691.5,701.75,691.5,701.75,300,1075,701.26,691.1,702.4
5681,2021-01-01 09:56:00,691.5,701.75,691.5,701.75,300,1075,701.26,691.1,702.4
5682,2021-01-01 09:57:00,691.5,701.75,691.5,701.75,300,1075,701.26,691.1,702.4
5683,2021-01-01 09:58:00,685.4,685.4,685.4,685.4,25,1200,700.6,675.25,687.55
5684,2021-01-01 09:59:00,685.4,685.4,685.4,685.4,25,1200,700.6,675.25,687.55
5685,2021-01-01 10:00:00,674.8,674.8,674.8,674.8,25,1200,699.57,666.8,679.5
5686,2021-01-01 10:01:00,674.8,674.8,674.8,674.8,25,1200,699.57,666.8,679.5
5687,2021-01-01 10:02:00,674.8,674.8,674.8,674.8,25,1200,699.57,666.8,679.5
5688,2021-01-01 10:03:00,674.8,674.8,674.8,674.8,25,1200,699.57,666.8,679.5
5689,2021-01-01 10:04:00,674.8,674.8,674.8,674.8,25,1200,699.57,666.8,679.5
5690,2021-01-01 10:05:00,674.8,674.8,674.8,674.8,25,1200,699.57,666.8,679.5
5691,2021-01-01 10:06:00,655.1,655.1,655.1,655.1,75,1225,695.12,650.0,663.05
5692,2021-01-01 10:07:00,655.1,655.1,655.1,655.1,75,1225,695.12,650.0,663.05
5693,2021-01-01 10:08:00,655.1,655.1,655.1,655.1,75,1225,695.12,650.0,663.05
5694,2021-01-01 10:09:00,655.1,655.1,655.1,655.1,75,1225,695.12,650.0,663.05
5695,2021-01-01 10:10:00,655.1,655.1,655.1,655.1,75,1225,695.12,650.0,663.05
5696,2021-01-01 10:11:00,655.1,655.1,655.1,655.1,75,1225,695.12,650.0,663.05
5697,2021-01-01 10:12:00,655.1,655.1,655.1,655.1,75,1225,695.12,650.0,663.05
5698,2021-01-01 10:13:00,655.1,655.1,655.1,655.1,75,1225,695.12,650.0,663.05
5699,2021-01-01 10:14:00,655.1,655.1,655.1,655.1,75,1225,695.12,650.0,663.05
5700,2021-01-01 10:15:00,655.1,655.1,655.1,655.1,75,1225,695.12,650.0,663.05
5701,2021-01-01 10:16:00,655.1,655.1,655.1,655.1,75,1225,695.12,650.0,663.05
5702,2021-01-01 10:17:00,654.6,654.6,654.6,654.6,25,1225,693.72,654.85,665.95
5703,2021-01-01 10:18:00,654.6,654.6,654.6,654.6,25,1225,693.72,654.85,665.95
5704,2021-01-01 10:19:00,654.6,654.6,654.6,654.6,25,1225,693.72,654.85,665.95
5705,2021-01-01 10:20:00,660.8,660.8,660.8,660.8,25,1225,692.62,651.65,661.7
5706,2021-01-01 10:21:00,660.8,660.8,660.8,660.8,25,1225,692.62,651.65,661.7
5707,2021-01-01 10:22:00,660.8,660.8,660.8,660.8,25,1225,692.62,651.65,661.7
5708,2021-01-01 10:23:00,658.8,658.8,658.8,658.8,25,1225,691.53,648.7,659.45
5709,2021-01-01 10:24:00,658.8,658.8,658.8,658.8,25,1225,691.53,648.7,659.45
5710,2021-01-01 10:25:00,658.8,658.8,658.8,658.8,25,1225,691.53,648.7,659.45
5711,2021-01-01 10:26:00,658.8,658.8,658.8,658.8,25,1225,691.53,648.7,659.45
5712,2021-01-01 10:27:00,658.8,658.8,658.8,658.8,25,1225,691.53,648.7,659.45
5713,2021-01-01 10:28:00,658.8,658.8,658.8,658.8,25,1225,691.53,648.7,659.45
5714,2021-01-01 10:29:00,658.8,658.8,658.8,658.8,25,1225,691.53,648.7,659.45
5715,2021-01-01 10:30:00,658.8,658.8,658.8,658.8,25,1225,691.53,648.7,659.45
5716,2021-01-01 10:31:00,658.8,658.8,658.8,658.8,25,1225,691.53,648.7,659.45
5717,2021-01-01 10:32:00,658.8,658.8,658.8,658.8,25,1225,691.53,648.7,659.45
5718,2021-01-01 10:33:00,658.8,658.8,658.8,658.8,25,1225,691.53,648.7,659.45
5719,2021-01-01 10:34:00,658.8,658.8,658.8,658.8,25,1225,691.53,648.7,659.45
5720,2021-01-01 10:35:00,650.0,650.0,650.0,650.0,25,1225,690.23,641.0,652.9
5721,2021-01-01 10:36:00,650.0,650.0,650.0,650.0,25,1225,690.23,641.0,652.9
5722,2021-01-01 10:37:00,650.0,650.0,650.0,650.0,25,1225,690.23,641.0,652.9
5723,2021-01-01 10:38:00,650.0,650.0,650.0,650.0,25,1225,690.23,641.0,652.9
5724,2021-01-01 10:39:00,650.0,650.0,650.0,650.0,25,1225,690.23,641.0,652.9
5725,2021-01-01 10:40:00,650.0,650.0,650.0,650.0,25,1225,690.23,641.0,652.9
5726,2021-01-01 10:41:00,643.5,643.5,643.5,643.5,25,1225,688.82,634.1,643.35
5727,2021-01-01 10:42:00,643.5,643.5,643.5,643.5,25,1225,688.82,634.1,643.35
5728,2021-01-01 10:43:00,640.0,640.0,640.0,640.0,100,1225,683.54,634.45,642.1
5729,2021-01-01 10:44:00,634.45,634.45,633.35,633.35,150,1350,677.17,632.5,639.9
5730,2021-01-01 10:45:00,639.95,642.35,639.95,642.35,200,1350,671.56,635.5,642.9
5731,2021-01-01 10:46:00,642.9,642.9,642.9,642.9,75,1350,669.96,635.25,645.85
5732,2021-01-01 10:47:00,642.9,642.9,642.9,642.9,75,1350,669.96,635.25,645.85
5733,2021-01-01 10:48:00,642.9,642.9,642.9,642.9,75,1350,669.96,635.25,645.85
5734,2021-01-01 10:49:00,642.9,642.9,642.9,642.9,75,1350,669.96,635.25,645.85
5735,2021-01-01 10:50:00,642.9,642.9,642.9,642.9,75,1350,669.96,635.25,645.85
5736,2021-01-01 10:51:00,642.9,642.9,642.9,642.9,75,1350,669.96,635.25,645.85
5737,2021-01-01 10:52:00,642.9,642.9,642.9,642.9,75,1350,669.96,635.25,645.85
5738,2021-01-01 10:53:00,642.9,642.9,642.9,642.9,75,1350,669.96,635.25,645.85
5739,2021-01-01 10:54:00,642.9,642.9,642.9,642.9,75,1350,669.96,635.25,645.85
5740,2021-01-01 10:55:00,642.9,642.9,642.9,642.9,75,1350,669.96,635.25,645.85
5741,2021-01-01 10:56:00,642.9,642.9,642.9,642.9,75,1350,669.96,635.25,645.85
5742,2021-01-01 10:57:00,642.9,642.9,642.9,642.9,75,1350,669.96,635.25,645.85
5743,2021-01-01 10:58:00,642.9,642.9,642.9,642.9,75,1350,669.96,635.25,645.85
5744,2021-01-01 10:59:00,642.9,642.9,642.9,642.9,75,1350,669.96,635.25,645.85
5745,2021-01-01 11:00:00,642.9,642.9,642.9,642.9,75,1350,669.96,635.25,645.85
5746,2021-01-01 11:01:00,642.9,642.9,642.9,642.9,75,1350,669.96,635.25,645.85
5747,2021-01-01 11:02:00,642.9,642.9,642.9,642.9,75,1350,669.96,635.25,645.85
5748,2021-01-01 11:03:00,642.9,642.9,642.9,642.9,75,1350,669.96,635.25,645.85
5749,2021-01-01 11:04:00,642.9,642.9,642.9,642.9,75,1350,669.96,635.25,645.85
5750,2021-01-01 11:05:00,642.9,642.9,642.9,642.9,75,1350,669.96,635.25,645.85
5751,2021-01-01 11:06:00,642.9,642.9,642.9,642.9,75,1350,669.96,635.25,645.85
5752,2021-01-01 11:07:00,642.9,642.9,642.9,642.9,75,1350,669.96,635.25,645.85
5753,2021-01-01 11:08:00,644.65,644.65,644.65,644.65,25,1750,669.5,637.3,647.55
5754,2021-01-01 11:09:00,644.65,644.65,644.65,644.65,25,1750,669.5,637.3,647.55
5755,2021-01-01 11:10:00,644.65,644.65,644.65,644.65,25,1750,669.5,637.3,647.55
5756,2021-01-01 11:11:00,644.65,644.65,644.65,644.65,25,1750,669.5,637.3,647.55
5757,2021-01-01 11:12:00,644.65,644.65,644.65,644.65,25,1750,669.5,637.3,647.55
5758,2021-01-01 11:13:00,644.65,644.65,644.65,644.65,25,1750,669.5,637.3,647.55
5759,2021-01-01 11:14:00,644.95,644.95,644.95,644.95,225,1775,666.05,638.65,647.5
5760,2021-01-01 11:15:00,644.95,644.95,644.95,644.95,225,1775,666.05,638.65,647.5
5761,2021-01-01 11:16:00,644.95,644.95,644.95,644.95,225,1775,666.05,638.65,647.5
5762,2021-01-01 11:17:00,651.1,653.0,651.1,653.0,275,1775,664.09,654.3,659.75
5763,2021-01-01 11:18:00,651.1,653.0,651.1,653.0,275,1775,664.09,654.3,659.75
5764,2021-01-01 11:19:00,651.1,653.0,651.1,653.0,275,1775,664.09,654.3,659.75
5765,2021-01-01 11:20:00,654.7,657.95,654.7,657.95,575,1575,661.91,651.25,659.65
5766,2021-01-01 11:21:00,654.7,657.95,654.7,657.95,575,1575,661.91,651.25,659.65
5767,2021-01-01 11:22:00,654.7,657.95,654.7,657.95,575,1575,661.91,651.25,659.65
5768,2021-01-01 11:23:00,654.7,657.95,654.7,657.95,575,1575,661.91,651.25,659.65
5769,2021-01-01 11:24:00,659.55,659.55,659.55,659.55,125,1575,661.8,648.3,657.75
5770,2021-01-01 11:25:00,659.55,659.55,659.55,659.55,125,1575,661.8,648.3,657.75
5771,2021-01-01 11:26:00,659.55,659.55,659.55,659.55,125,1575,661.8,648.3,657.75
5772,2021-01-01 11:27:00,659.55,659.55,659.55,659.55,125,1575,661.8,648.3,657.75
5773,2021-01-01 11:28:00,659.55,659.55,659.55,659.55,125,1575,661.8,648.3,657.75
5774,2021-01-01 11:29:00,659.55,659.55,659.55,659.55,125,1575,661.8,648.3,657.75
5775,2021-01-01 11:30:00,659.55,659.55,659.55,659.55,125,1575,661.8,648.3,657.75
5776,2021-01-01 11:31:00,659.55,659.55,659.55,659.55,125,1575,661.8,648.3,657.75
5777,2021-01-01 11:32:00,638.75,638.75,638.75,638.75,25,1275,661.57,638.3,644.6
5778,2021-01-01 11:33:00,638.75,638.75,638.75,638.75,25,1275,661.57,638.3,644.6
5779,2021-01-01 11:34:00,638.75,638.75,638.75,638.75,25,1275,661.57,638.3,644.6
5780,2021-01-01 11:35:00,638.75,638.75,638.75,638.75,25,1275,661.57,638.3,644.6
5781,2021-01-01 11:36:00,638.75,638.75,638.75,638.75,25,1275,661.57,638.3,644.6
5782,2021-01-01 11:37:00,638.75,638.75,638.75,638.75,25,1275,661.57,638.3,644.6
5783,2021-01-01 11:38:00,638.75,638.75,638.75,638.75,25,1275,661.57,638.3,644.6
5784,2021-01-01 11:39:00,638.75,638.75,638.75,638.75,25,1275,661.57,638.3,644.6
5785,2021-01-01 11:40:00,638.75,638.75,638.75,638.75,25,1275,661.57,638.3,644.6
5786,2021-01-01 11:41:00,638.75,638.75,638.75,638.75,25,1275,661.57,638.3,644.6
5787,2021-01-01 11:42:00,638.2,638.2,638.2,638.2,25,1300,661.35,629.35,635.8
5788,2021-01-01 11:43:00,638.2,638.2,638.2,638.2,25,1300,661.35,629.35,635.8
5789,2021-01-01 11:44:00,638.2,638.2,638.2,638.2,25,1300,661.35,629.35,635.8
5790,2021-01-01 11:45:00,638.2,638.2,638.2,638.2,25,1300,661.35,629.35,635.8
5791,2021-01-01 11:46:00,638.2,638.2,638.2,638.2,25,1300,661.35,629.35,635.8
5792,2021-01-01 11:47:00,638.2,638.2,638.2,638.2,25,1300,661.35,629.35,635.8
5793,2021-01-01 11:48:00,638.2,638.2,638.2,638.2,25,1300,661.35,629.35,635.8
5794,2021-01-01 11:49:00,638.2,638.2,638.2,638.2,25,1300,661.35,629.35,635.8
5795,2021-01-01 11:50:00,638.2,638.2,638.2,638.2,25,1300,661.35,629.35,635.8
5796,2021-01-01 11:51:00,638.2,638.2,638.2,638.2,25,1300,661.35,629.35,635.8
5797,2021-01-01 11:52:00,638.2,638.2,638.2,638.2,25,1300,661.35,629.35,635.8
5798,2021-01-01 11:53:00,638.2,638.2,638.2,638.2,25,1300,661.35,629.35,635.8
5799,2021-01-01 11:54:00,638.2,638.2,638.2,638.2,25,1300,661.35,629.35,635.8
5800,2021-01-01 11:55:00,638.2,638.2,638.2,638.2,25,1300,661.35,629.35,635.8
5801,2021-01-01 11:56:00,638.2,638.2,638.2,638.2,25,1300,661.35,629.35,635.8
5802,2021-01-01 11:57:00,620.0,620.0,620.0,620.0,50,1275,660.58,615.05,622.7
5803,2021-01-01 11:58:00,620.0,620.0,620.0,620.0,50,1275,660.58,615.05,622.7
5804,2021-01-01 11:59:00,626.25,626.25,626.25,626.25,25,1275,660.26,615.05,622.45
5805,2021-01-01 12:00:00,626.25,626.25,626.25,626.25,25,1275,660.26,615.05,622.45
5806,2021-01-01 12:01:00,617.1,617.1,615.35,615.35,50,1350,659.46,607.85,615.35
5807,2021-01-01 12:02:00,617.1,617.1,615.35,615.35,50,1350,659.46,607.85,615.35
5808,2021-01-01 12:03:00,617.1,617.1,615.35,615.35,50,1350,659.46,607.85,615.35
5809,2021-01-01 12:04:00,617.1,617.1,615.35,615.35,50,1350,659.46,607.85,615.35
5810,2021-01-01 12:05:00,617.1,617.1,615.35,615.35,50,1350,659.46,607.85,615.35
5811,2021-01-01 12:06:00,617.0,617.0,617.0,617.0,50,1325,658.7,613.3,619.65
5812,2021-01-01 12:07:00,610.1,610.1,610.1,610.1,25,1325,658.27,608.3,614.35
5813,2021-01-01 12:08:00,610.1,610.1,610.1,610.1,25,1325,658.27,608.3,614.35
5814,2021-01-01 12:09:00,610.1,610.1,610.1,610.1,25,1325,658.27,608.3,614.35
5815,2021-01-01 12:10:00,610.1,610.1,610.1,610.1,25,1325,658.27,608.3,614.35
5816,2021-01-01 12:11:00,610.1,610.1,610.1,610.1,25,1325,658.27,608.3,614.35
5817,2021-01-01 12:12:00,610.1,610.1,610.1,610.1,25,1325,658.27,608.3,614.35
5818,2021-01-01 12:13:00,610.1,610.1,610.1,610.1,25,1325,658.27,608.3,614.35
5819,2021-01-01 12:14:00,610.1,610.1,610.1,610.1,25,1325,658.27,608.3,614.35
5820,2021-01-01 12:15:00,610.1,610.1,610.1,610.1,25,1325,658.27,608.3,614.35
5821,2021-01-01 12:16:00,610.1,610.1,610.1,610.1,25,1325,658.27,608.3,614.35
5822,2021-01-01 12:17:00,610.1,610.1,610.1,610.1,25,1325,658.27,608.3,614.35
5823,2021-01-01 12:18:00,610.1,610.1,610.1,610.1,25,1325,658.27,608.3,614.35
5824,2021-01-01 12:19:00,610.1,610.1,610.1,610.1,25,1325,658.27,608.3,614.35
5825,2021-01-01 12:20:00,610.1,610.1,610.1,610.1,25,1325,658.27,608.3,614.35
5826,2021-01-01 12:21:00,610.1,610.1,610.1,610.1,25,1325,658.27,608.3,614.35
5827,2021-01-01 12:22:00,610.1,610.1,610.1,610.1,25,1325,658.27,608.3,614.35
5828,2021-01-01 12:23:00,610.1,610.1,610.1,610.1,25,1325,658.27,608.3,614.35
5829,2021-01-01 12:24:00,610.1,610.1,610.1,610.1,25,1325,658.27,608.3,614.35
5830,2021-01-01 12:25:00,610.1,610.1,610.1,610.1,25,1325,658.27,608.3,614.35
5831,2021-01-01 12:26:00,610.1,610.1,610.1,610.1,25,1325,658.27,608.3,614.35
5832,2021-01-01 12:27:00,610.1,610.1,610.1,610.1,25,1325,658.27,608.3,614.35
5833,2021-01-01 12:28:00,610.1,610.1,610.1,610.1,25,1325,658.27,608.3,614.35
5834,2021-01-01 12:29:00,635.4,635.4,635.4,635.4,25,1325,658.07,627.1,634.55
5835,2021-01-01 12:30:00,641.45,641.45,641.45,641.45,25,1325,657.93,635.4,641.95
5836,2021-01-01 12:31:00,641.45,641.45,641.45,641.45,25,1325,657.93,635.4,641.95
5837,2021-01-01 12:32:00,641.45,641.45,641.45,641.45,25,1325,657.93,635.4,641.95
5838,2021-01-01 12:33:00,641.45,641.45,641.45,641.45,25,1325,657.93,635.4,641.95
5839,2021-01-01 12:34:00,635.95,635.95,635.95,635.95,25,1325,657.74,625.0,635.3
5840,2021-01-01 12:35:00,635.95,635.95,635.95,635.95,25,1325,657.74,625.0,635.3
5841,2021-01-01 12:36:00,635.95,635.95,635.95,635.95,25,1325,657.74,625.0,635.3
5842,2021-01-01 12:37:00,635.95,635.95,635.95,635.95,25,1325,657.74,625.0,635.3
5843,2021-01-01 12:38:00,635.95,635.95,635.95,635.95,25,1325,657.74,625.0,635.3
5844,2021-01-01 12:39:00,635.95,635.95,635.95,635.95,25,1325,657.74,625.0,635.3
5845,2021-01-01 12:40:00,635.95,635.95,635.95,635.95,25,1325,657.74,625.0,635.3
5846,2021-01-01 12:41:00,635.95,635.95,635.95,635.95,25,1325,657.74,625.0,635.3
5847,2021-01-01 12:42:00,635.95,635.95,635.95,635.95,25,1325,657.74,625.0,635.3
5848,2021-01-01 12:43:00,635.95,635.95,635.95,635.95,25,1325,657.74,625.0,635.3
5849,2021-01-01 12:44:00,635.95,635.95,635.95,635.95,25,1325,657.74,625.0,635.3
5850,2021-01-01 12:45:00,635.95,635.95,635.95,635.95,25,1325,657.74,625.0,635.3
5851,2021-01-01 12:46:00,635.95,635.95,635.95,635.95,25,1325,657.74,625.0,635.3
5852,2021-01-01 12:47:00,635.95,635.95,635.95,635.95,25,1325,657.74,625.0,635.3
5853,2021-01-01 12:48:00,635.95,635.95,635.95,635.95,25,1325,657.74,625.0,635.3
5854,2021-01-01 12:49:00,635.95,635.95,635.95,635.95,25,1325,657.74,625.0,635.3
5855,2021-01-01 12:50:00,635.95,635.95,635.95,635.95,25,1325,657.74,625.0,635.3
5856,2021-01-01 12:51:00,635.95,635.95,635.95,635.95,25,1325,657.74,625.0,635.3
5857,2021-01-01 12:52:00,635.95,635.95,635.95,635.95,25,1325,657.74,625.0,635.3
5858,2021-01-01 12:53:00,635.95,635.95,635.95,635.95,25,1325,657.74,625.0,635.3
5859,2021-01-01 12:54:00,635.95,635.95,635.95,635.95,25,1325,657.74,625.0,635.3
5860,2021-01-01 12:55:00,635.95,635.95,635.95,635.95,25,1325,657.74,625.0,635.3
5861,2021-01-01 12:56:00,625.0,625.0,625.0,625.0,25,1350,657.46,617.25,626.2
5862,2021-01-01 12:57:00,625.0,625.0,625.0,625.0,25,1350,657.46,617.25,626.2
5863,2021-01-01 12:58:00,625.0,625.0,625.0,625.0,25,1350,657.46,617.25,626.2
5864,2021-01-01 12:59:00,625.0,625.0,625.0,625.0,25,1350,657.46,617.25,626.2
5865,2021-01-01 13:00:00,625.0,625.0,625.0,625.0,25,1350,657.46,617.25,626.2
5866,2021-01-01 13:01:00,625.0,625.0,625.0,625.0,25,1350,657.46,617.25,626.2
5867,2021-01-01 13:02:00,625.0,625.0,625.0,625.0,25,1350,657.46,617.25,626.2
5868,2021-01-01 13:03:00,625.0,625.0,625.0,625.0,25,1350,657.46,617.25,626.2
5869,2021-01-01 13:04:00,625.0,625.0,625.0,625.0,25,1350,657.46,617.25,626.2
5870,2021-01-01 13:05:00,625.0,625.0,625.0,625.0,25,1350,657.46,617.25,626.2
5871,2021-01-01 13:06:00,625.0,625.0,625.0,625.0,25,1350,657.46,617.25,626.2
5872,2021-01-01 13:07:00,625.0,625.0,625.0,625.0,25,1350,657.46,617.25,626.2
5873,2021-01-01 13:08:00,625.0,625.0,625.0,625.0,25,1350,657.46,617.25,626.2
5874,2021-01-01 13:09:00,620.5,620.5,620.5,620.5,150,0,655.65,602.75,613.5
5875,2021-01-01 13:10:00,620.5,620.5,620.5,620.5,150,0,655.65,602.75,613.5
5876,2021-01-01 13:11:00,620.5,620.5,620.5,620.5,150,0,655.65,602.75,613.5
5877,2021-01-01 13:12:00,620.5,620.5,620.5,620.5,150,0,655.65,602.75,613.5
5878,2021-01-01 13:13:00,620.5,620.5,620.5,620.5,150,0,655.65,602.75,613.5
5879,2021-01-01 13:14:00,620.5,620.5,620.5,620.5,150,0,655.65,602.75,613.5
5880,2021-01-01 13:15:00,596.85,596.85,596.85,596.85,75,1525,654.34,602.5,610.8
5881,2021-01-01 13:16:00,596.85,596.85,596.85,596.85,75,1525,654.34,602.5,610.8
5882,2021-01-01 13:17:00,609.35,609.35,609.35,609.35,25,1525,653.99,605.5,614.95
5883,2021-01-01 13:18:00,619.35,619.35,619.35,619.35,25,1600,653.71,610.05,619.3
5884,2021-01-01 13:19:00,619.35,619.35,619.35,619.35,25,1600,653.71,610.05,619.3
5885,2021-01-01 13:20:00,617.0,617.0,617.0,617.0,25,1600,653.43,612.2,621.4
5886,2021-01-01 13:21:00,617.0,617.0,617.0,617.0,25,1600,653.43,612.2,621.4
5887,2021-01-01 13:22:00,617.0,617.0,617.0,617.0,25,1600,653.43,612.2,621.4
5888,2021-01-01 13:23:00,617.0,617.0,617.0,617.0,25,1600,653.43,612.2,621.4
5889,2021-01-01 13:24:00,617.0,617.0,617.0,617.0,25,1600,653.43,612.2,621.4
5890,2021-01-01 13:25:00,617.0,617.0,617.0,617.0,25,1600,653.43,612.2,621.4
5891,2021-01-01 13:26:00,617.0,617.0,617.0,617.0,25,1600,653.43,612.2,621.4
5892,2021-01-01 13:27:00,617.0,617.0,617.0,617.0,25,1600,653.43,612.2,621.4
5893,2021-01-01 13:28:00,617.0,617.0,617.0,617.0,25,1600,653.43,612.2,621.4
5894,2021-01-01 13:29:00,617.0,617.0,617.0,617.0,25,1600,653.43,612.2,621.4
5895,2021-01-01 13:30:00,617.0,617.0,617.0,617.0,25,1600,653.43,612.2,621.4
5896,2021-01-01 13:31:00,617.0,617.0,617.0,617.0,25,1600,653.43,612.2,621.4
5897,2021-01-01 13:32:00,605.25,605.25,605.25,605.25,50,1575,652.69,602.1,612.1
5898,2021-01-01 13:33:00,605.25,605.25,605.25,605.25,50,1625,651.98,597.65,607.75
5899,2021-01-01 13:34:00,605.25,605.25,605.25,605.25,50,1625,651.98,597.65,607.75
5900,2021-01-01 13:35:00,605.25,605.25,605.25,605.25,50,1625,651.98,597.65,607.75
5901,2021-01-01 13:36:00,605.25,605.25,605.25,605.25,50,1625,651.98,597.65,607.75
5902,2021-01-01 13:37:00,605.25,605.25,605.25,605.25,50,1625,651.98,597.65,607.75
5903,2021-01-01 13:38:00,587.35,587.35,587.35,587.35,25,1650,651.5,592.0,601.9
5904,2021-01-01 13:39:00,587.35,587.35,587.35,587.35,25,1650,651.5,592.0,601.9
5905,2021-01-01 13:40:00,588.45,588.45,588.45,588.45,25,1650,651.03,586.0,593.25
5906,2021-01-01 13:41:00,593.1,595.7,593.1,595.7,175,1650,648.27,591.4,600.35
5907,2021-01-01 13:42:00,593.1,595.7,593.1,595.7,175,1650,648.27,591.4,600.35
5908,2021-01-01 13:43:00,593.1,595.7,593.1,595.7,175,1650,648.27,591.4,600.35
5909,2021-01-01 13:44:00,602.6,602.6,602.6,602.6,25,1800,647.95,595.1,602.65
5910,2021-01-01 13:45:00,602.6,602.6,602.6,602.6,25,1800,647.95,595.1,602.65
5911,2021-01-01 13:46:00,602.6,602.6,602.6,602.6,25,1800,647.95,595.1,602.65
5912,2021-01-01 13:47:00,602.6,602.6,602.6,602.6,25,1800,647.95,595.1,602.65
5913,2021-01-01 13:48:00,600.65,602.7,600.65,602.7,1300,1800,635.71,605.65,613.0
5914,2021-01-01 13:49:00,600.65,602.7,600.65,602.7,1300,1800,635.71,605.65,613.0
5915,2021-01-01 13:50:00,600.65,602.7,600.65,602.7,1300,1800,635.71,605.65,613.0
5916,2021-01-01 13:51:00,600.65,602.7,600.65,602.7,1300,1800,635.71,605.65,613.0
5917,2021-01-01 13:52:00,612.25,612.25,605.1,605.1,50,2950,635.43,600.35,606.4
5918,2021-01-01 13:53:00,612.25,612.25,605.1,605.1,50,2950,635.43,600.35,606.4
5919,2021-01-01 13:54:00,612.25,612.25,605.1,605.1,50,2950,635.43,600.35,606.4
5920,2021-01-01 13:55:00,612.25,612.25,605.1,605.1,50,2950,635.43,600.35,606.4
5921,2021-01-01 13:56:00,606.6,606.6,606.6,606.6,25,2950,635.29,601.9,607.55
5922,2021-01-01 13:57:00,606.6,606.6,606.6,606.6,25,2950,635.29,601.9,607.55
5923,2021-01-01 13:58:00,603.1,603.1,600.0,600.0,150,2475,634.32,597.5,603.05
5924,2021-01-01 13:59:00,604.5,605.9,604.5,605.9,425,2475,632.07,600.15,605.9
5925,2021-01-01 14:00:00,605.9,609.75,605.9,609.75,50,2475,631.85,602.95,608.45
5926,2021-01-01 14:01:00,605.9,609.75,605.9,609.75,50,2475,631.85,602.95,608.45
5927,2021-01-01 14:02:00,613.25,613.25,613.25,613.25,50,2850,631.69,609.95,617.5
5928,2021-01-01 14:03:00,613.0,613.0,613.0,613.0,25,2850,631.6,613.25,618.9
5929,2021-01-01 14:04:00,613.0,613.0,613.0,613.0,25,2850,631.6,613.25,618.9
5930,2021-01-01 14:05:00,610.95,610.95,610.95,610.95,25,2875,631.51,609.8,615.45
5931,2021-01-01 14:06:00,614.2,614.2,614.2,614.2,100,2875,631.21,609.3,614.65
5932,2021-01-01 14:07:00,614.2,614.2,614.2,614.2,100,2875,631.21,609.3,614.65
5933,2021-01-01 14:08:00,611.35,617.05,611.0,611.25,100,2675,630.9,610.2,615.8
5934,2021-01-01 14:09:00,611.35,617.05,611.0,611.25,100,2675,630.9,610.2,615.8
5935,2021-01-01 14:10:00,611.35,617.05,611.0,611.25,100,2675,630.9,610.2,615.8
5936,2021-01-01 14:11:00,611.35,617.05,611.0,611.25,100,2675,630.9,610.2,615.8
5937,2021-01-01 14:12:00,611.35,617.05,611.0,611.25,100,2675,630.9,610.2,615.8
5938,2021-01-01 14:13:00,611.35,617.05,611.0,611.25,100,2675,630.9,610.2,615.8
5939,2021-01-01 14:14:00,611.35,617.05,611.0,611.25,100,2675,630.9,610.2,615.8
5940,2021-01-01 14:15:00,611.35,617.05,611.0,611.25,100,2675,630.9,610.2,615.8
5941,2021-01-01 14:16:00,611.35,617.05,611.0,611.25,100,2675,630.9,610.2,615.8
5942,2021-01-01 14:17:00,603.2,603.2,603.2,603.2,25,2575,630.78,597.8,603.25
5943,2021-01-01 14:18:00,603.2,603.2,603.2,603.2,25,2575,630.78,597.8,603.25
5944,2021-01-01 14:19:00,603.2,603.2,603.2,603.2,25,2575,630.78,597.8,603.25
5945,2021-01-01 14:20:00,603.2,603.2,603.2,603.2,25,2575,630.78,597.8,603.25
5946,2021-01-01 14:21:00,603.2,603.2,603.2,603.2,25,2575,630.78,597.8,603.25
5947,2021-01-01 14:22:00,604.9,604.9,604.9,604.9,25,2600,630.67,600.45,606.85
5948,2021-01-01 14:23:00,608.7,608.7,608.7,608.7,25,2600,630.58,602.7,610.05
5949,2021-01-01 14:24:00,608.7,608.7,608.7,608.7,25,2600,630.58,602.7,610.05
5950,2021-01-01 14:25:00,606.3,606.3,606.3,606.3,25,2650,630.48,602.05,609.2
5951,2021-01-01 14:26:00,606.3,606.3,606.3,606.3,25,2650,630.48,602.05,609.2
5952,2021-01-01 14:27:00,606.3,606.3,606.3,606.3,25,2650,630.48,602.05,609.2
5953,2021-01-01 14:28:00,606.4,606.4,606.4,606.4,25,2650,630.38,602.35,610.45
5954,2021-01-01 14:29:00,606.4,606.4,606.4,606.4,25,2650,630.38,602.35,610.45
5955,2021-01-01 14:30:00,606.4,606.4,606.4,606.4,25,2650,630.38,602.35,610.45
5956,2021-01-01 14:31:00,608.25,608.25,608.25,608.25,25,2675,630.28,606.25,613.3
5957,2021-01-01 14:32:00,608.25,608.25,608.25,608.25,25,2675,630.28,606.25,613.3
5958,2021-01-01 14:33:00,608.25,608.25,608.25,608.25,25,2675,630.28,606.25,613.3
5959,2021-01-01 14:34:00,608.25,608.25,608.25,608.25,25,2675,630.28,606.25,613.3
5960,2021-01-01 14:35:00,608.25,608.25,608.25,608.25,25,2675,630.28,606.25,613.3
5961,2021-01-01 14:36:00,608.25,608.25,608.25,608.25,25,2675,630.28,606.25,613.3
5962,2021-01-01 14:37:00,608.25,608.25,608.25,608.25,25,2675,630.28,606.25,613.3
5963,2021-01-01 14:38:00,608.25,608.25,608.25,608.25,25,2675,630.28,606.25,613.3
5964,2021-01-01 14:39:00,608.25,608.25,608.25,608.25,25,2675,630.28,606.25,613.3
5965,2021-01-01 14:40:00,608.25,608.25,608.25,608.25,25,2675,630.28,606.25,613.3
5966,2021-01-01 14:41:00,608.25,608.25,608.25,608.25,25,2675,630.28,606.25,613.3
5967,2021-01-01 14:42:00,608.25,608.25,608.25,608.25,25,2675,630.28,606.25,613.3
5968,2021-01-01 14:43:00,608.25,608.25,608.25,608.25,25,2675,630.28,606.25,613.3
5969,2021-01-01 14:44:00,608.25,608.25,608.25,608.25,25,2675,630.28,606.25,613.3
5970,2021-01-01 14:45:00,608.25,608.25,608.25,608.25,25,2675,630.28,606.25,613.3
5971,2021-01-01 14:46:00,608.25,608.25,608.25,608.25,25,2675,630.28,606.25,613.3
5972,2021-01-01 14:47:00,608.25,608.25,608.25,608.25,25,2675,630.28,606.25,613.3
5973,2021-01-01 14:48:00,608.25,608.25,608.25,608.25,25,2675,630.28,606.25,613.3
5974,2021-01-01 14:49:00,608.25,608.25,608.25,608.25,25,2675,630.28,606.25,613.3
5975,2021-01-01 14:50:00,608.25,608.25,608.25,608.25,25,2675,630.28,606.25,613.3
5976,2021-01-01 14:51:00,608.25,608.25,608.25,608.25,25,2675,630.28,606.25,613.3
5977,2021-01-01 14:52:00,608.25,608.25,608.25,608.25,25,2675,630.28,606.25,613.3
5978,2021-01-01 14:53:00,608.25,608.25,608.25,608.25,25,2675,630.28,606.25,613.3
5979,2021-01-01 14:54:00,608.25,608.25,608.25,608.25,25,2675,630.28,606.25,613.3
5980,2021-01-01 14:55:00,608.25,608.25,608.25,608.25,25,2675,630.28,606.25,613.3
5981,2021-01-01 14:56:00,608.25,608.25,608.25,608.25,25,2675,630.28,606.25,613.3
5982,2021-01-01 14:57:00,604.7,604.7,604.7,604.7,25,2600,630.18,604.25,611.95
5983,2021-01-01 14:58:00,604.7,604.7,604.7,604.7,25,2600,630.18,604.25,611.95
5984,2021-01-01 14:59:00,604.7,604.7,604.7,604.7,25,2600,630.18,604.25,611.95
5985,2021-01-01 15:00:00,605.1,605.1,603.9,603.9,450,2625,628.45,598.25,607.45
5986,2021-01-01 15:01:00,605.1,605.1,603.9,603.9,450,2625,628.45,598.25,607.45
5987,2021-01-01 15:02:00,605.1,605.1,603.9,603.9,450,2625,628.45,598.25,607.45
5988,2021-01-01 15:03:00,605.1,605.1,603.9,603.9,450,2625,628.45,598.25,607.45
5989,2021-01-01 15:04:00,605.1,605.1,603.9,603.9,450,2625,628.45,598.25,607.45
5990,2021-01-01 15:05:00,605.1,605.1,603.9,603.9,450,2625,628.45,598.25,607.45
5991,2021-01-01 15:06:00,605.1,605.1,603.9,603.9,450,2625,628.45,598.25,607.45
5992,2021-01-01 15:07:00,604.7,604.7,604.7,604.7,50,2525,628.27,599.7,607.5
5993,2021-01-01 15:08:00,604.65,604.65,604.65,604.65,25,2525,628.18,599.45,607.45
5994,2021-01-01 15:09:00,604.65,604.65,604.65,604.65,25,2525,628.18,599.45,607.45
5995,2021-01-01 15:10:00,604.65,604.65,604.65,604.65,25,2525,628.18,599.45,607.45
5996,2021-01-01 15:11:00,604.65,604.65,604.65,604.65,25,2525,628.18,599.45,607.45
5997,2021-01-01 15:12:00,604.65,604.65,604.65,604.65,25,2525,628.18,599.45,607.45
5998,2021-01-01 15:13:00,600.15,600.15,600.15,600.15,25,2525,628.08,598.45,606.15
5999,2021-01-01 15:14:00,600.15,600.15,600.15,600.15,25,2525,628.08,598.45,606.15
6000,2021-01-01 15:15:00,607.2,607.2,607.2,607.2,25,2525,628.0,598.4,605.85
6001,2021-01-01 15:16:00,607.2,607.2,607.2,607.2,25,2525,628.0,598.4,605.85
6002,2021-01-01 15:17:00,602.1,602.1,599.05,599.05,50,2450,627.79,591.4,602.35
6003,2021-01-01 15:18:00,601.75,601.75,601.75,601.75,25,2475,627.7,591.15,602.65
6004,2021-01-01 15:19:00,601.75,601.75,601.75,601.75,25,2475,627.7,591.15,602.65
6005,2021-01-01 15:20:00,601.75,601.75,601.75,601.75,25,2475,627.7,591.15,602.65
6006,2021-01-01 15:21:00,601.75,601.75,601.75,601.75,25,2475,627.7,591.15,602.65
6007,2021-01-01 15:22:00,601.75,601.75,601.75,601.75,25,2475,627.7,591.15,602.65
6008,2021-01-01 15:23:00,601.75,601.75,601.75,601.75,25,2475,627.7,591.15,602.65
6009,2021-01-01 15:24:00,600.25,600.25,600.25,600.25,25,2475,627.59,599.9,608.45
6010,2021-01-01 15:25:00,600.95,600.95,600.95,600.95,225,2450,626.6,593.45,605.7
6011,2021-01-01 15:26:00,605.3,605.3,605.3,605.3,25,2450,626.52,590.75,605.5
6012,2021-01-01 15:27:00,605.3,605.3,605.3,605.3,25,2450,626.52,590.75,605.5
6013,2021-01-01 15:28:00,587.9,587.9,587.9,587.9,50,2400,626.25,584.85,597.85
6014,2021-01-01 15:29:00,587.9,587.9,587.9,587.9,50,2400,626.25,584.85,597.85
6015,2021-01-01 15:30:00,585.55,585.55,585.55,585.55,50,2400,625.96,580.05,616.55
6016,2021-01-02 09:15:00,585.55,585.55,585.55,585.55,50,2400,625.96,580.05,616.55
6017,2021-01-02 09:16:00,585.55,585.55,585.55,585.55,50,2400,625.96,580.05,616.55
6018,2021-01-02 09:17:00,585.55,585.55,585.55,585.55,50,2400,625.96,580.05,616.55
6019,2021-01-02 09:18:00,585.55,585.55,585.55,585.55,50,2400,625.96,580.05,616.55
6020,2021-01-02 09:19:00,585.55,585.55,585.55,585.55,50,2400,625.96,580.05,616.55
6021,2021-01-02 09:20:00,585.55,585.55,585.55,585.55,50,2400,625.96,580.05,616.55
6022,2021-01-02 09:21:00,585.55,585.55,585.55,585.55,50,2400,625.96,580.05,616.55
6023,2021-01-02 09:22:00,585.55,585.55,585.55,585.55,50,2400,625.96,580.05,616.55
6024,2021-01-02 09:23:00,585.55,585.55,585.55,585.55,50,2400,625.96,580.05,616.55
6025,2021-01-02 09:24:00,585.55,585.55,585.55,585.55,50,2400,625.96,580.05,616.55
6026,2021-01-02 09:25:00,585.55,585.55,585.55,585.55,50,2400,625.96,580.05,616.55
6027,2021-01-02 09:26:00,585.55,585.55,585.55,585.55,50,2400,625.96,580.05,616.55
6028,2021-01-02 09:27:00,585.55,585.55,585.55,585.55,50,2400,625.96,580.05,616.55
6029,2021-01-02 09:28:00,585.55,585.55,585.55,585.55,50,2400,625.96,580.05,616.55
6030,2021-01-02 09:29:00,585.55,585.55,585.55,585.55,50,2400,625.96,580.05,616.55
6031,2021-01-02 09:30:00,585.55,585.55,585.55,585.55,50,2400,625.96,580.05,616.55
6032,2021-01-02 09:31:00,585.55,585.55,585.55,585.55,50,2400,625.96,580.05,616.55
6033,2021-01-02 09:32:00,585.55,585.55,585.55,585.55,50,2400,625.96,580.05,616.55
6034,2021-01-02 09:33:00,585.55,585.55,585.55,585.55,50,2400,625.96,580.05,616.55
6035,2021-01-02 09:34:00,585.55,585.55,585.55,585.55,50,2400,625.96,580.05,616.55
6036,2021-01-02 09:35:00,585.55,585.55,585.55,585.55,50,2400,625.96,580.05,616.55
6037,2021-01-02 09:36:00,585.55,585.55,585.55,585.55,50,2400,625.96,580.05,616.55
6038,2021-01-02 09:37:00,585.55,585.55,585.55,585.55,50,2400,625.96,580.05,616.55
6039,2021-01-02 09:38:00,585.55,585.55,585.55,585.55,50,2400,625.96,580.05,616.55
6040,2021-01-02 09:39:00,585.55,585.55,585.55,585.55,50,2400,625.96,580.05,616.55
6041,2021-01-02 09:40:00,585.55,585.55,585.55,585.55,50,2400,625.96,580.05,616.55
6042,2021-01-02 09:41:00,585.55,585.55,585.55,585.55,50,2400,625.96,580.05,616.55
6043,2021-01-02 09:42:00,585.55,585.55,585.55,585.55,50,2400,625.96,580.05,616.55
6044,2021-01-02 09:43:00,585.55,585.55,585.55,585.55,50,2400,625.96,580.05,616.55
6045,2021-01-02 09:44:00,585.55,585.55,585.55,585.55,50,2400,625.96,580.05,616.55
6046,2021-01-02 09:45:00,585.55,585.55,585.55,585.55,50,2400,625.96,580.05,616.55
6047,2021-01-02 09:46:00,585.55,585.55,585.55,585.55,50,2400,625.96,580.05,616.55
6048,2021-01-02 09:47:00,585.55,585.55,585.55,585.55,50,2400,625.96,580.05,616.55
6049,2021-01-02 09:48:00,585.55,585.55,585.55,585.55,50,2400,625.96,580.05,616.55
6050,2021-01-02 09:49:00,585.55,585.55,585.55,585.55,50,2400,625.96,580.05,616.55
6051,2021-01-02 09:50:00,585.55,585.55,585.55,585.55,50,2400,625.96,580.05,616.55
6052,2021-01-02 09:51:00,585.55,585.55,585.55,585.55,50,2400,625.96,580.05,616.55
6053,2021-01-02 09:52:00,585.55,585.55,585.55,585.55,50,2400,625.96,580.05,616.55
6054,2021-01-02 09:53:00,585.55,585.55,585.55,585.55,50,2400,625.96,580.05,616.55
6055,2021-01-02 09:54:00,585.55,585.55,585.55,585.55,50,2400,625.96,580.05,616.55
6056,2021-01-02 09:55:00,585.55,585.55,585.55,585.55,50,2400,625.96,580.05,616.55
6057,2021-01-02 09:56:00,585.55,585.55,585.55,585.55,50,2400,625.96,580.05,616.55
6058,2021-01-02 09:57:00,585.55,585.55,585.55,585.55,50,2400,625.96,580.05,616.55
6059,2021-01-02 09:58:00,585.55,585.55,585.55,585.55,50,2400,625.96,580.05,616.55
6060,2021-01-02 09:59:00,585.55,585.55,585.55,585.55,50,2400,625.96,580.05,616.55
6061,2021-01-02 10:00:00,585.55,585.55,585.55,585.55,50,2400,625.96,580.05,616.55
6062,2021-01-02 10:01:00,585.55,585.55,585.55,585.55,50,2400,625.96,580.05,616.55
6063,2021-01-02 10:02:00,585.55,585.55,585.55,585.55,50,2400,625.96,580.05,616.55
6064,2021-01-02 10:03:00,585.55,585.55,585.55,585.55,50,2400,625.96,580.05,616.55
6065,2021-01-02 10:04:00,585.55,585.55,585.55,585.55,50,2400,625.96,580.05,616.55
6066,2021-01-02 10:05:00,585.55,585.55,585.55,585.55,50,2400,625.96,580.05,616.55
6067,2021-01-02 10:06:00,585.55,585.55,585.55,585.55,50,2400,625.96,580.05,616.55
6068,2021-01-02 10:07:00,585.55,585.55,585.55,585.55,50,2400,625.96,580.05,616.55
6069,2021-01-02 10:08:00,585.55,585.55,585.55,585.55,50,2400,625.96,580.05,616.55
6070,2021-01-02 10:09:00,585.55,585.55,585.55,585.55,50,2400,625.96,580.05,616.55
6071,2021-01-02 10:10:00,585.55,585.55,585.55,585.55,50,2400,625.96,580.05,616.55
6072,2021-01-02 10:11:00,585.55,585.55,585.55,585.55,50,2400,625.96,580.05,616.55
6073,2021-01-02 10:12:00,585.55,585.55,585.55,585.55,50,2400,625.96,580.05,616.55
6074,2021-01-02 10:13:00,585.55,585.55,585.55,585.55,50,2400,625.96,580.05,616.55
6075,2021-01-02 10:14:00,585.55,585.55,585.55,585.55,50,2400,625.96,580.05,616.55
6076,2021-01-02 10:15:00,585.55,585.55,585.55,585.55,50,2400,625.96,580.05,616.55
6077,2021-01-02 10:16:00,585.55,585.55,585.55,585.55,50,2400,625.96,580.05,616.55
6078,2021-01-02 10:17:00,585.55,585.55,585.55,585.55,50,2400,625.96,580.05,616.55
6079,2021-01-02 10:18:00,585.55,585.55,585.55,585.55,50,2400,625.96,580.05,616.55
6080,2021-01-02 10:19:00,585.55,585.55,585.55,585.55,50,2400,625.96,580.05,616.55
6081,2021-01-02 10:20:00,585.55,585.55,585.55,585.55,50,2400,625.96,580.05,616.55
6082,2021-01-02 10:21:00,585.55,585.55,585.55,585.55,50,2400,625.96,580.05,616.55
6083,2021-01-02 10:22:00,585.55,585.55,585.55,585.55,50,2400,625.96,580.05,616.55
6084,2021-01-02 10:23:00,585.55,585.55,585.55,585.55,50,2400,625.96,580.05,616.55
6085,2021-01-02 10:24:00,585.55,585.55,585.55,585.55,50,2400,625.96,580.05,616.55
6086,2021-01-02 10:25:00,585.55,585.55,585.55,585.55,50,2400,625.96,580.05,616.55
6087,2021-01-02 10:26:00,585.55,585.55,585.55,585.55,50,2400,625.96,580.05,616.55
6088,2021-01-02 10:27:00,585.55,585.55,585.55,585.55,50,2400,625.96,580.05,616.55
6089,2021-01-02 10:28:00,585.55,585.55,585.55,585.55,50,2400,625.96,580.05,616.55
6090,2021-01-02 10:29:00,585.55,585.55,585.55,585.55,50,2400,625.96,580.05,616.55
6091,2021-01-02 10:30:00,585.55,585.55,585.55,585.55,50,2400,625.96,580.05,616.55
6092,2021-01-02 10:31:00,585.55,585.55,585.55,585.55,50,2400,625.96,580.05,616.55
6093,2021-01-02 10:32:00,585.55,585.55,585.55,585.55,50,2400,625.96,580.05,616.55
6094,2021-01-02 10:33:00,585.55,585.55,585.55,585.55,50,2400,625.96,580.05,616.55
6095,2021-01-02 10:34:00,585.55,585.55,585.55,585.55,50,2400,625.96,580.05,616.55
6096,2021-01-02 10:35:00,585.55,585.55,585.55,585.55,50,2400,625.96,580.05,616.55
6097,2021-01-02 10:36:00,585.55,585.55,585.55,585.55,50,2400,625.96,580.05,616.55
6098,2021-01-02 10:37:00,585.55,585.55,585.55,585.55,50,2400,625.96,580.05,616.55
6099,2021-01-02 10:38:00,585.55,585.55,585.55,585.55,50,2400,625.96,580.05,616.55
6100,2021-01-02 10:39:00,585.55,585.55,585.55,585.55,50,2400,625.96,580.05,616.55
6101,2021-01-02 10:40:00,585.55,585.55,585.55,585.55,50,2400,625.96,580.05,616.55
6102,2021-01-02 10:41:00,585.55,585.55,585.55,585.55,50,2400,625.96,580.05,616.55
6103,2021-01-02 10:42:00,585.55,585.55,585.55,585.55,50,2400,625.96,580.05,616.55
6104,2021-01-02 10:43:00,585.55,585.55,585.55,585.55,50,2400,625.96,580.05,616.55
6105,2021-01-02 10:44:00,585.55,585.55,585.55,585.55,50,2400,625.96,580.05,616.55
6106,2021-01-02 10:45:00,585.55,585.55,585.55,585.55,50,2400,625.96,580.05,616.55
6107,2021-01-02 10:46:00,585.55,585.55,585.55,585.55,50,2400,625.96,580.05,616.55
6108,2021-01-02 10:47:00,585.55,585.55,585.55,585.55,50,2400,625.96,580.05,616.55
6109,2021-01-02 10:48:00,585.55,585.55,585.55,585.55,50,2400,625.96,580.05,616.55
6110,2021-01-02 10:49:00,585.55,585.55,585.55,585.55,50,2400,625.96,580.05,616.55
6111,2021-01-02 10:50:00,585.55,585.55,585.55,585.55,50,2400,625.96,580.05,616.55
6112,2021-01-02 10:51:00,585.55,585.55,585.55,585.55,50,2400,625.96,580.05,616.55
6113,2021-01-02 10:52:00,585.55,585.55,585.55,585.55,50,2400,625.96,580.05,616.55
6114,2021-01-02 10:53:00,585.55,585.55,585.55,585.55,50,2400,625.96,580.05,616.55
6115,2021-01-02 10:54:00,585.55,585.55,585.55,585.55,50,2400,625.96,580.05,616.55
6116,2021-01-02 10:55:00,585.55,585.55,585.55,585.55,50,2400,625.96,580.05,616.55
6117,2021-01-02 10:56:00,585.55,585.55,585.55,585.55,50,2400,625.96,580.05,616.55
6118,2021-01-02 10:57:00,585.55,585.55,585.55,585.55,50,2400,625.96,580.05,616.55
6119,2021-01-02 10:58:00,585.55,585.55,585.55,585.55,50,2400,625.96,580.05,616.55
6120,2021-01-02 10:59:00,585.55,585.55,585.55,585.55,50,2400,625.96,580.05,616.55
6121,2021-01-02 11:00:00,585.55,585.55,585.55,585.55,50,2400,625.96,580.05,616.55
6122,2021-01-02 11:01:00,585.55,585.55,585.55,585.55,50,2400,625.96,580.05,616.55
6123,2021-01-02 11:02:00,585.55,585.55,585.55,585.55,50,2400,625.96,580.05,616.55
6124,2021-01-02 11:03:00,585.55,585.55,585.55,585.55,50,2400,625.96,580.05,616.55
6125,2021-01-02 11:04:00,585.55,585.55,585.55,585.55,50,2400,625.96,580.05,616.55
6126,2021-01-02 11:05:00,585.55,585.55,585.55,585.55,50,2400,625.96,580.05,616.55
6127,2021-01-02 11:06:00,585.55,585.55,585.55,585.55,50,2400,625.96,580.05,616.55
6128,2021-01-02 11:07:00,585.55,585.55,585.55,585.55,50,2400,625.96,580.05,616.55
6129,2021-01-02 11:08:00,585.55,585.55,585.55,585.55,50,2400,625.96,580.05,616.55
6130,2021-01-02 11:09:00,585.55,585.55,585.55,585.55,50,2400,625.96,580.05,616.55
6131,2021-01-02 11:10:00,585.55,585.55,585.55,585.55,50,2400,625.96,580.05,616.55
6132,2021-01-02 11:11:00,585.55,585.55,585.55,585.55,50,2400,625.96,580.05,616.55
6133,2021-01-02 11:12:00,585.55,585.55,585.55,585.55,50,2400,625.96,580.05,616.55
6134,2021-01-02 11:13:00,585.55,585.55,585.55,585.55,50,2400,625.96,580.05,616.55
6135,2021-01-02 11:14:00,585.55,585.55,585.55,585.55,50,2400,625.96,580.05,616.55
6136,2021-01-02 11:15:00,585.55,585.55,585.55,585.55,50,2400,625.96,580.05,616.55
6137,2021-01-02 11:16:00,585.55,585.55,585.55,585.55,50,2400,625.96,580.05,616.55
6138,2021-01-02 11:17:00,585.55,585.55,585.55,585.55,50,2400,625.96,580.05,616.55
6139,2021-01-02 11:18:00,585.55,585.55,585.55,585.55,50,2400,625.96,580.05,616.55
6140,2021-01-02 11:19:00,585.55,585.55,585.55,585.55,50,2400,625.96,580.05,616.55
6141,2021-01-02 11:20:00,585.55,585.55,585.55,585.55,50,2400,625.96,580.05,616.55
6142,2021-01-02 11:21:00,585.55,585.55,585.55,585.55,50,2400,625.96,580.05,616.55
6143,2021-01-02 11:22:00,585.55,585.55,585.55,585.55,50,2400,625.96,580.05,616.55
6144,2021-01-02 11:23:00,585.55,585.55,585.55,585.55,50,2400,625.96,580.05,616.55
6145,2021-01-02 11:24:00,585.55,585.55,585.55,585.55,50,2400,625.96,580.05,616.55
6146,2021-01-02 11:25:00,585.55,585.55,585.55,585.55,50,2400,625.96,580.05,616.55
6147,2021-01-02 11:26:00,585.55,585.55,585.55,585.55,50,2400,625.96,580.05,616.55
6148,2021-01-02 11:27:00,585.55,585.55,585.55,585.55,50,2400,625.96,580.05,616.55
6149,2021-01-02 11:28:00,585.55,585.55,585.55,585.55,50,2400,625.96,580.05,616.55
6150,2021-01-02 11:29:00,585.55,585.55,585.55,585.55,50,2400,625.96,580.05,616.55
6151,2021-01-02 11:30:00,585.55,585.55,585.55,585.55,50,2400,625.96,580.05,616.55
6152,2021-01-02 11:31:00,585.55,585.55,585.55,585.55,50,2400,625.96,580.05,616.55
6153,2021-01-02 11:32:00,585.55,585.55,585.55,585.55,50,2400,625.96,580.05,616.55
6154,2021-01-02 11:33:00,585.55,585.55,585.55,585.55,50,2400,625.96,580.05,616.55
6155,2021-01-02 11:34:00,585.55,585.55,585.55,585.55,50,2400,625.96,580.05,616.55
6156,2021-01-02 11:35:00,585.55,585.55,585.55,585.55,50,2400,625.96,580.05,616.55
6157,2021-01-02 11:36:00,585.55,585.55,585.55,585.55,50,2400,625.96,580.05,616.55
6158,2021-01-02 11:37:00,585.55,585.55,585.55,585.55,50,2400,625.96,580.05,616.55
6159,2021-01-02 11:38:00,585.55,585.55,585.55,585.55,50,2400,625.96,580.05,616.55
6160,2021-01-02 11:39:00,585.55,585.55,585.55,585.55,50,2400,625.96,580.05,616.55
6161,2021-01-02 11:40:00,585.55,585.55,585.55,585.55,50,2400,625.96,580.05,616.55
6162,2021-01-02 11:41:00,585.55,585.55,585.55,585.55,50,2400,625.96,580.05,616.55
6163,2021-01-02 11:42:00,585.55,585.55,585.55,585.55,50,2400,625.96,580.05,616.55
6164,2021-01-02 11:43:00,585.55,585.55,585.55,585.55,50,2400,625.96,580.05,616.55
6165,2021-01-02 11:44:00,585.55,585.55,585.55,585.55,50,2400,625.96,580.05,616.55
6166,2021-01-02 11:45:00,585.55,585.55,585.55,585.55,50,2400,625.96,580.05,616.55
6167,2021-01-02 11:46:00,585.55,585.55,585.55,585.55,50,2400,625.96,580.05,616.55
6168,2021-01-02 11:47:00,585.55,585.55,585.55,585.55,50,2400,625.96,580.05,616.55
6169,2021-01-02 11:48:00,585.55,585.55,585.55,585.55,50,2400,625.96,580.05,616.55
6170,2021-01-02 11:49:00,585.55,585.55,585.55,585.55,50,2400,625.96,580.05,616.55
6171,2021-01-02 11:50:00,585.55,585.55,585.55,585.55,50,2400,625.96,580.05,616.55
6172,2021-01-02 11:51:00,585.55,585.55,585.55,585.55,50,2400,625.96,580.05,616.55
6173,2021-01-02 11:52:00,585.55,585.55,585.55,585.55,50,2400,625.96,580.05,616.55
6174,2021-01-02 11:53:00,585.55,585.55,585.55,585.55,50,2400,625.96,580.05,616.55
6175,2021-01-02 11:54:00,585.55,585.55,585.55,585.55,50,2400,625.96,580.05,616.55
6176,2021-01-02 11:55:00,585.55,585.55,585.55,585.55,50,2400,625.96,580.05,616.55
6177,2021-01-02 11:56:00,585.55,585.55,585.55,585.55,50,2400,625.96,580.05,616.55
6178,2021-01-02 11:57:00,585.55,585.55,585.55,585.55,50,2400,625.96,580.05,616.55
6179,2021-01-02 11:58:00,585.55,585.55,585.55,585.55,50,2400,625.96,580.05,616.55
6180,2021-01-02 11:59:00,585.55,585.55,585.55,585.55,50,2400,625.96,580.05,616.55
6181,2021-01-02 12:00:00,585.55,585.55,585.55,585.55,50,2400,625.96,580.05,616.55
6182,2021-01-02 12:01:00,585.55,585.55,585.55,585.55,50,2400,625.96,580.05,616.55
6183,2021-01-02 12:02:00,585.55,585.55,585.55,585.55,50,2400,625.96,580.05,616.55
6184,2021-01-02 12:03:00,585.55,585.55,585.55,585.55,50,2400,625.96,580.05,616.55
6185,2021-01-02 12:04:00,585.55,585.55,585.55,585.55,50,2400,625.96,580.05,616.55
6186,2021-01-02 12:05:00,585.55,585.55,585.55,585.55,50,2400,625.96,580.05,616.55
6187,2021-01-02 12:06:00,585.55,585.55,585.55,585.55,50,2400,625.96,580.05,616.55
6188,2021-01-02 12:07:00,585.55,585.55,585.55,585.55,50,2400,625.96,580.05,616.55
6189,2021-01-02 12:08:00,585.55,585.55,585.55,585.55,50,2400,625.96,580.05,616.55
6190,2021-01-02 12:09:00,585.55,585.55,585.55,585.55,50,2400,625.96,580.05,616.55
6191,2021-01-02 12:10:00,585.55,585.55,585.55,585.55,50,2400,625.96,580.05,616.55
6192,2021-01-02 12:11:00,585.55,585.55,585.55,585.55,50,2400,625.96,580.05,616.55
6193,2021-01-02 12:12:00,585.55,585.55,585.55,585.55,50,2400,625.96,580.05,616.55
6194,2021-01-02 12:13:00,585.55,585.55,585.55,585.55,50,2400,625.96,580.05,616.55
6195,2021-01-02 12:14:00,585.55,585.55,585.55,585.55,50,2400,625.96,580.05,616.55
6196,2021-01-02 12:15:00,585.55,585.55,585.55,585.55,50,2400,625.96,580.05,616.55
6197,2021-01-02 12:16:00,585.55,585.55,585.55,585.55,50,2400,625.96,580.05,616.55
6198,2021-01-02 12:17:00,585.55,585.55,585.55,585.55,50,2400,625.96,580.05,616.55
6199,2021-01-02 12:18:00,585.55,585.55,585.55,585.55,50,2400,625.96,580.05,616.55
6200,2021-01-02 12:19:00,585.55,585.55,585.55,585.55,50,2400,625.96,580.05,616.55
6201,2021-01-02 12:20:00,585.55,585.55,585.55,585.55,50,2400,625.96,580.05,616.55
6202,2021-01-02 12:21:00,585.55,585.55,585.55,585.55,50,2400,625.96,580.05,616.55
6203,2021-01-02 12:22:00,585.55,585.55,585.55,585.55,50,2400,625.96,580.05,616.55
6204,2021-01-02 12:23:00,585.55,585.55,585.55,585.55,50,2400,625.96,580.05,616.55
6205,2021-01-02 12:24:00,585.55,585.55,585.55,585.55,50,2400,625.96,580.05,616.55
6206,2021-01-02 12:25:00,585.55,585.55,585.55,585.55,50,2400,625.96,580.05,616.55
6207,2021-01-02 12:26:00,585.55,585.55,585.55,585.55,50,2400,625.96,580.05,616.55
6208,2021-01-02 12:27:00,585.55,585.55,585.55,585.55,50,2400,625.96,580.05,616.55
6209,2021-01-02 12:28:00,585.55,585.55,585.55,585.55,50,2400,625.96,580.05,616.55
6210,2021-01-02 12:29:00,585.55,585.55,585.55,585.55,50,2400,625.96,580.05,616.55
6211,2021-01-02 12:30:00,585.55,585.55,585.55,585.55,50,2400,625.96,580.05,616.55
6212,2021-01-02 12:31:00,585.55,585.55,585.55,585.55,50,2400,625.96,580.05,616.55
6213,2021-01-02 12:32:00,585.55,585.55,585.55,585.55,50,2400,625.96,580.05,616.55
6214,2021-01-02 12:33:00,585.55,585.55,585.55,585.55,50,2400,625.96,580.05,616.55
6215,2021-01-02 12:34:00,585.55,585.55,585.55,585.55,50,2400,625.96,580.05,616.55
6216,2021-01-02 12:35:00,585.55,585.55,585.55,585.55,50,2400,625.96,580.05,616.55
6217,2021-01-02 12:36:00,585.55,585.55,585.55,585.55,50,2400,625.96,580.05,616.55
6218,2021-01-02 12:37:00,585.55,585.55,585.55,585.55,50,2400,625.96,580.05,616.55
6219,2021-01-02 12:38:00,585.55,585.55,585.55,585.55,50,2400,625.96,580.05,616.55
6220,2021-01-02 12:39:00,585.55,585.55,585.55,585.55,50,2400,625.96,580.05,616.55
6221,2021-01-02 12:40:00,585.55,585.55,585.55,585.55,50,2400,625.96,580.05,616.55
6222,2021-01-02 12:41:00,585.55,585.55,585.55,585.55,50,2400,625.96,580.05,616.55
6223,2021-01-02 12:42:00,585.55,585.55,585.55,585.55,50,2400,625.96,580.05,616.55
6224,2021-01-02 12:43:00,585.55,585.55,585.55,585.55,50,2400,625.96,580.05,616.55
6225,2021-01-02 12:44:00,585.55,585.55,585.55,585.55,50,2400,625.96,580.05,616.55
6226,2021-01-02 12:45:00,585.55,585.55,585.55,585.55,50,2400,625.96,580.05,616.55
6227,2021-01-02 12:46:00,585.55,585.55,585.55,585.55,50,2400,625.96,580.05,616.55
6228,2021-01-02 12:47:00,585.55,585.55,585.55,585.55,50,2400,625.96,580.05,616.55
6229,2021-01-02 12:48:00,585.55,585.55,585.55,585.55,50,2400,625.96,580.05,616.55
6230,2021-01-02 12:49:00,585.55,585.55,585.55,585.55,50,2400,625.96,580.05,616.55
6231,2021-01-02 12:50:00,585.55,585.55,585.55,585.55,50,2400,625.96,580.05,616.55
6232,2021-01-02 12:51:00,585.55,585.55,585.55,585.55,50,2400,625.96,580.05,616.55
6233,2021-01-02 12:52:00,585.55,585.55,585.55,585.55,50,2400,625.96,580.05,616.55
6234,2021-01-02 12:53:00,585.55,585.55,585.55,585.55,50,2400,625.96,580.05,616.55
6235,2021-01-02 12:54:00,585.55,585.55,585.55,585.55,50,2400,625.96,580.05,616.55
6236,2021-01-02 12:55:00,585.55,585.55,585.55,585.55,50,2400,625.96,580.05,616.55
6237,2021-01-02 12:56:00,585.55,585.55,585.55,585.55,50,2400,625.96,580.05,616.55
6238,2021-01-02 12:57:00,585.55,585.55,585.55,585.55,50,2400,625.96,580.05,616.55
6239,2021-01-02 12:58:00,585.55,585.55,585.55,585.55,50,2400,625.96,580.05,616.55
6240,2021-01-02 12:59:00,585.55,585.55,585.55,585.55,50,2400,625.96,580.05,616.55
6241,2021-01-02 13:00:00,585.55,585.55,585.55,585.55,50,2400,625.96,580.05,616.55
6242,2021-01-02 13:01:00,585.55,585.55,585.55,585.55,50,2400,625.96,580.05,616.55
6243,2021-01-02 13:02:00,585.55,585.55,585.55,585.55,50,2400,625.96,580.05,616.55
6244,2021-01-02 13:03:00,585.55,585.55,585.55,585.55,50,2400,625.96,580.05,616.55
6245,2021-01-02 13:04:00,585.55,585.55,585.55,585.55,50,2400,625.96,580.05,616.55
6246,2021-01-02 13:05:00,585.55,585.55,585.55,585.55,50,2400,625.96,580.05,616.55
6247,2021-01-02 13:06:00,585.55,585.55,585.55,585.55,50,2400,625.96,580.05,616.55
6248,2021-01-02 13:07:00,585.55,585.55,585.55,585.55,50,2400,625.96,580.05,616.55
6249,2021-01-02 13:08:00,585.55,585.55,585.55,585.55,50,2400,625.96,580.05,616.55
6250,2021-01-02 13:09:00,585.55,585.55,585.55,585.55,50,2400,625.96,580.05,616.55
6251,2021-01-02 13:10:00,585.55,585.55,585.55,585.55,50,2400,625.96,580.05,616.55
6252,2021-01-02 13:11:00,585.55,585.55,585.55,585.55,50,2400,625.96,580.05,616.55
6253,2021-01-02 13:12:00,585.55,585.55,585.55,585.55,50,2400,625.96,580.05,616.55
6254,2021-01-02 13:13:00,585.55,585.55,585.55,585.55,50,2400,625.96,580.05,616.55
6255,2021-01-02 13:14:00,585.55,585.55,585.55,585.55,50,2400,625.96,580.05,616.55
6256,2021-01-02 13:15:00,585.55,585.55,585.55,585.55,50,2400,625.96,580.05,616.55
6257,2021-01-02 13:16:00,585.55,585.55,585.55,585.55,50,2400,625.96,580.05,616.55
6258,2021-01-02 13:17:00,585.55,585.55,585.55,585.55,50,2400,625.96,580.05,616.55
6259,2021-01-02 13:18:00,585.55,585.55,585.55,585.55,50,2400,625.96,580.05,616.55
6260,2021-01-02 13:19:00,585.55,585.55,585.55,585.55,50,2400,625.96,580.05,616.55
6261,2021-01-02 13:20:00,585.55,585.55,585.55,585.55,50,2400,625.96,580.05,616.55
6262,2021-01-02 13:21:00,585.55,585.55,585.55,585.55,50,2400,625.96,580.05,616.55
6263,2021-01-02 13:22:00,585.55,585.55,585.55,585.55,50,2400,625.96,580.05,616.55
6264,2021-01-02 13:23:00,585.55,585.55,585.55,585.55,50,2400,625.96,580.05,616.55
6265,2021-01-02 13:24:00,585.55,585.55,585.55,585.55,50,2400,625.96,580.05,616.55
6266,2021-01-02 13:25:00,585.55,585.55,585.55,585.55,50,2400,625.96,580.05,616.55
6267,2021-01-02 13:26:00,585.55,585.55,585.55,585.55,50,2400,625.96,580.05,616.55
6268,2021-01-02 13:27:00,585.55,585.55,585.55,585.55,50,2400,625.96,580.05,616.55
6269,2021-01-02 13:28:00,585.55,585.55,585.55,585.55,50,2400,625.96,580.05,616.55
6270,2021-01-02 13:29:00,585.55,585.55,585.55,585.55,50,2400,625.96,580.05,616.55
6271,2021-01-02 13:30:00,585.55,585.55,585.55,585.55,50,2400,625.96,580.05,616.55
6272,2021-01-02 13:31:00,585.55,585.55,585.55,585.55,50,2400,625.96,580.05,616.55
6273,2021-01-02 13:32:00,585.55,585.55,585.55,585.55,50,2400,625.96,580.05,616.55
6274,2021-01-02 13:33:00,585.55,585.55,585.55,585.55,50,2400,625.96,580.05,616.55
6275,2021-01-02 13:34:00,585.55,585.55,585.55,585.55,50,2400,625.96,580.05,616.55
6276,2021-01-02 13:35:00,585.55,585.55,585.55,585.55,50,2400,625.96,580.05,616.55
6277,2021-01-02 13:36:00,585.55,585.55,585.55,585.55,50,2400,625.96,580.05,616.55
6278,2021-01-02 13:37:00,585.55,585.55,585.55,585.55,50,2400,625.96,580.05,616.55
6279,2021-01-02 13:38:00,585.55,585.55,585.55,585.55,50,2400,625.96,580.05,616.55
6280,2021-01-02 13:39:00,585.55,585.55,585.55,585.55,50,2400,625.96,580.05,616.55
6281,2021-01-02 13:40:00,585.55,585.55,585.55,585.55,50,2400,625.96,580.05,616.55
6282,2021-01-02 13:41:00,585.55,585.55,585.55,585.55,50,2400,625.96,580.05,616.55
6283,2021-01-02 13:42:00,585.55,585.55,585.55,585.55,50,2400,625.96,580.05,616.55
6284,2021-01-02 13:43:00,585.55,585.55,585.55,585.55,50,2400,625.96,580.05,616.55
6285,2021-01-02 13:44:00,585.55,585.55,585.55,585.55,50,2400,625.96,580.05,616.55
6286,2021-01-02 13:45:00,585.55,585.55,585.55,585.55,50,2400,625.96,580.05,616.55
6287,2021-01-02 13:46:00,585.55,585.55,585.55,585.55,50,2400,625.96,580.05,616.55
6288,2021-01-02 13:47:00,585.55,585.55,585.55,585.55,50,2400,625.96,580.05,616.55
6289,2021-01-02 13:48:00,585.55,585.55,585.55,585.55,50,2400,625.96,580.05,616.55
6290,2021-01-02 13:49:00,585.55,585.55,585.55,585.55,50,2400,625.96,580.05,616.55
6291,2021-01-02 13:50:00,585.55,585.55,585.55,585.55,50,2400,625.96,580.05,616.55
6292,2021-01-02 13:51:00,585.55,585.55,585.55,585.55,50,2400,625.96,580.05,616.55
6293,2021-01-02 13:52:00,585.55,585.55,585.55,585.55,50,2400,625.96,580.05,616.55
6294,2021-01-02 13:53:00,585.55,585.55,585.55,585.55,50,2400,625.96,580.05,616.55
6295,2021-01-02 13:54:00,585.55,585.55,585.55,585.55,50,2400,625.96,580.05,616.55
6296,2021-01-02 13:55:00,585.55,585.55,585.55,585.55,50,2400,625.96,580.05,616.55
6297,2021-01-02 13:56:00,585.55,585.55,585.55,585.55,50,2400,625.96,580.05,616.55
6298,2021-01-02 13:57:00,585.55,585.55,585.55,585.55,50,2400,625.96,580.05,616.55
6299,2021-01-02 13:58:00,585.55,585.55,585.55,585.55,50,2400,625.96,580.05,616.55
6300,2021-01-02 13:59:00,585.55,585.55,585.55,585.55,50,2400,625.96,580.05,616.55
6301,2021-01-02 14:00:00,585.55,585.55,585.55,585.55,50,2400,625.96,580.05,616.55
6302,2021-01-02 14:01:00,585.55,585.55,585.55,585.55,50,2400,625.96,580.05,616.55
6303,2021-01-02 14:02:00,585.55,585.55,585.55,585.55,50,2400,625.96,580.05,616.55
6304,2021-01-02 14:03:00,585.55,585.55,585.55,585.55,50,2400,625.96,580.05,616.55
6305,2021-01-02 14:04:00,585.55,585.55,585.55,585.55,50,2400,625.96,580.05,616.55
6306,2021-01-02 14:05:00,585.55,585.55,585.55,585.55,50,2400,625.96,580.05,616.55
6307,2021-01-02 14:06:00,585.55,585.55,585.55,585.55,50,2400,625.96,580.05,616.55
6308,2021-01-02 14:07:00,585.55,585.55,585.55,585.55,50,2400,625.96,580.05,616.55
6309,2021-01-02 14:08:00,585.55,585.55,585.55,585.55,50,2400,625.96,580.05,616.55
6310,2021-01-02 14:09:00,585.55,585.55,585.55,585.55,50,2400,625.96,580.05,616.55
6311,2021-01-02 14:10:00,585.55,585.55,585.55,585.55,50,2400,625.96,580.05,616.55
6312,2021-01-02 14:11:00,585.55,585.55,585.55,585.55,50,2400,625.96,580.05,616.55
6313,2021-01-02 14:12:00,585.55,585.55,585.55,585.55,50,2400,625.96,580.05,616.55
6314,2021-01-02 14:13:00,585.55,585.55,585.55,585.55,50,2400,625.96,580.05,616.55
6315,2021-01-02 14:14:00,585.55,585.55,585.55,585.55,50,2400,625.96,580.05,616.55
6316,2021-01-02 14:15:00,585.55,585.55,585.55,585.55,50,2400,625.96,580.05,616.55
6317,2021-01-02 14:16:00,585.55,585.55,585.55,585.55,50,2400,625.96,580.05,616.55
6318,2021-01-02 14:17:00,585.55,585.55,585.55,585.55,50,2400,625.96,580.05,616.55
6319,2021-01-02 14:18:00,585.55,585.55,585.55,585.55,50,2400,625.96,580.05,616.55
6320,2021-01-02 14:19:00,585.55,585.55,585.55,585.55,50,2400,625.96,580.05,616.55
6321,2021-01-02 14:20:00,585.55,585.55,585.55,585.55,50,2400,625.96,580.05,616.55
6322,2021-01-02 14:21:00,585.55,585.55,585.55,585.55,50,2400,625.96,580.05,616.55
6323,2021-01-02 14:22:00,585.55,585.55,585.55,585.55,50,2400,625.96,580.05,616.55
6324,2021-01-02 14:23:00,585.55,585.55,585.55,585.55,50,2400,625.96,580.05,616.55
6325,2021-01-02 14:24:00,585.55,585.55,585.55,585.55,50,2400,625.96,580.05,616.55
6326,2021-01-02 14:25:00,585.55,585.55,585.55,585.55,50,2400,625.96,580.05,616.55
6327,2021-01-02 14:26:00,585.55,585.55,585.55,585.55,50,2400,625.96,580.05,616.55
6328,2021-01-02 14:27:00,585.55,585.55,585.55,585.55,50,2400,625.96,580.05,616.55
6329,2021-01-02 14:28:00,585.55,585.55,585.55,585.55,50,2400,625.96,580.05,616.55
6330,2021-01-02 14:29:00,585.55,585.55,585.55,585.55,50,2400,625.96,580.05,616.55
6331,2021-01-02 14:30:00,585.55,585.55,585.55,585.55,50,2400,625.96,580.05,616.55
6332,2021-01-02 14:31:00,585.55,585.55,585.55,585.55,50,2400,625.96,580.05,616.55
6333,2021-01-02 14:32:00,585.55,585.55,585.55,585.55,50,2400,625.96,580.05,616.55
6334,2021-01-02 14:33:00,585.55,585.55,585.55,585.55,50,2400,625.96,580.05,616.55
6335,2021-01-02 14:34:00,585.55,585.55,585.55,585.55,50,2400,625.96,580.05,616.55
6336,2021-01-02 14:35:00,585.55,585.55,585.55,585.55,50,2400,625.96,580.05,616.55
6337,2021-01-02 14:36:00,585.55,585.55,585.55,585.55,50,2400,625.96,580.05,616.55
6338,2021-01-02 14:37:00,585.55,585.55,585.55,585.55,50,2400,625.96,580.05,616.55
6339,2021-01-02 14:38:00,585.55,585.55,585.55,585.55,50,2400,625.96,580.05,616.55
6340,2021-01-02 14:39:00,585.55,585.55,585.55,585.55,50,2400,625.96,580.05,616.55
6341,2021-01-02 14:40:00,585.55,585.55,585.55,585.55,50,2400,625.96,580.05,616.55
6342,2021-01-02 14:41:00,585.55,585.55,585.55,585.55,50,2400,625.96,580.05,616.55
6343,2021-01-02 14:42:00,585.55,585.55,585.55,585.55,50,2400,625.96,580.05,616.55
6344,2021-01-02 14:43:00,585.55,585.55,585.55,585.55,50,2400,625.96,580.05,616.55
6345,2021-01-02 14:44:00,585.55,585.55,585.55,585.55,50,2400,625.96,580.05,616.55
6346,2021-01-02 14:45:00,585.55,585.55,585.55,585.55,50,2400,625.96,580.05,616.55
6347,2021-01-02 14:46:00,585.55,585.55,585.55,585.55,50,2400,625.96,580.05,616.55
6348,2021-01-02 14:47:00,585.55,585.55,585.55,585.55,50,2400,625.96,580.05,616.55
6349,2021-01-02 14:48:00,585.55,585.55,585.55,585.55,50,2400,625.96,580.05,616.55
6350,2021-01-02 14:49:00,585.55,585.55,585.55,585.55,50,2400,625.96,580.05,616.55
6351,2021-01-02 14:50:00,585.55,585.55,585.55,585.55,50,2400,625.96,580.05,616.55
6352,2021-01-02 14:51:00,585.55,585.55,585.55,585.55,50,2400,625.96,580.05,616.55
6353,2021-01-02 14:52:00,585.55,585.55,585.55,585.55,50,2400,625.96,580.05,616.55
6354,2021-01-02 14:53:00,585.55,585.55,585.55,585.55,50,2400,625.96,580.05,616.55
6355,2021-01-02 14:54:00,585.55,585.55,585.55,585.55,50,2400,625.96,580.05,616.55
6356,2021-01-02 14:55:00,585.55,585.55,585.55,585.55,50,2400,625.96,580.05,616.55
6357,2021-01-02 14:56:00,585.55,585.55,585.55,585.55,50,2400,625.96,580.05,616.55
6358,2021-01-02 14:57:00,585.55,585.55,585.55,585.55,50,2400,625.96,580.05,616.55
6359,2021-01-02 14:58:00,585.55,585.55,585.55,585.55,50,2400,625.96,580.05,616.55
6360,2021-01-02 14:59:00,585.55,585.55,585.55,585.55,50,2400,625.96,580.05,616.55
6361,2021-01-02 15:00:00,585.55,585.55,585.55,585.55,50,2400,625.96,580.05,616.55
6362,2021-01-02 15:01:00,585.55,585.55,585.55,585.55,50,2400,625.96,580.05,616.55
6363,2021-01-02 15:02:00,585.55,585.55,585.55,585.55,50,2400,625.96,580.05,616.55
6364,2021-01-02 15:03:00,585.55,585.55,585.55,585.55,50,2400,625.96,580.05,616.55
6365,2021-01-02 15:04:00,585.55,585.55,585.55,585.55,50,2400,625.96,580.05,616.55
6366,2021-01-02 15:05:00,585.55,585.55,585.55,585.55,50,2400,625.96,580.05,616.55
6367,2021-01-02 15:06:00,585.55,585.55,585.55,585.55,50,2400,625.96,580.05,616.55
6368,2021-01-02 15:07:00,585.55,585.55,585.55,585.55,50,2400,625.96,580.05,616.55
6369,2021-01-02 15:08:00,585.55,585.55,585.55,585.55,50,2400,625.96,580.05,616.55
6370,2021-01-02 15:09:00,585.55,585.55,585.55,585.55,50,2400,625.96,580.05,616.55
6371,2021-01-02 15:10:00,585.55,585.55,585.55,585.55,50,2400,625.96,580.05,616.55
6372,2021-01-02 15:11:00,585.55,585.55,585.55,585.55,50,2400,625.96,580.05,616.55
6373,2021-01-02 15:12:00,585.55,585.55,585.55,585.55,50,2400,625.96,580.05,616.55
6374,2021-01-02 15:13:00,585.55,585.55,585.55,585.55,50,2400,625.96,580.05,616.55
6375,2021-01-02 15:14:00,585.55,585.55,585.55,585.55,50,2400,625.96,580.05,616.55
6376,2021-01-02 15:15:00,585.55,585.55,585.55,585.55,50,2400,625.96,580.05,616.55
6377,2021-01-02 15:16:00,585.55,585.55,585.55,585.55,50,2400,625.96,580.05,616.55
6378,2021-01-02 15:17:00,585.55,585.55,585.55,585.55,50,2400,625.96,580.05,616.55
6379,2021-01-02 15:18:00,585.55,585.55,585.55,585.55,50,2400,625.96,580.05,616.55
6380,2021-01-02 15:19:00,585.55,585.55,585.55,585.55,50,2400,625.96,580.05,616.55
6381,2021-01-02 15:20:00,585.55,585.55,585.55,585.55,50,2400,625.96,580.05,616.55
6382,2021-01-02 15:21:00,585.55,585.55,585.55,585.55,50,2400,625.96,580.05,616.55
6383,2021-01-02 15:22:00,585.55,585.55,585.55,585.55,50,2400,625.96,580.05,616.55
6384,2021-01-02 15:23:00,585.55,585.55,585.55,585.55,50,2400,625.96,580.05,616.55
6385,2021-01-02 15:24:00,585.55,585.55,585.55,585.55,50,2400,625.96,580.05,616.55
6386,2021-01-02 15:25:00,585.55,585.55,585.55,585.55,50,2400,625.96,580.05,616.55
6387,2021-01-02 15:26:00,585.55,585.55,585.55,585.55,50,2400,625.96,580.05,616.55
6388,2021-01-02 15:27:00,585.55,585.55,585.55,585.55,50,2400,625.96,580.05,616.55
6389,2021-01-02 15:28:00,585.55,585.55,585.55,585.55,50,2400,625.96,580.05,616.55
6390,2021-01-02 15:29:00,585.55,585.55,585.55,585.55,50,2400,625.96,580.05,616.55
6391,2021-01-02 15:30:00,585.55,585.55,585.55,585.55,50,2400,625.96,580.05,616.55
6392,2021-01-03 09:15:00,585.55,585.55,585.55,585.55,50,2400,625.96,580.05,616.55
6393,2021-01-03 09:16:00,585.55,585.55,585.55,585.55,50,2400,625.96,580.05,616.55
6394,2021-01-03 09:17:00,585.55,585.55,585.55,585.55,50,2400,625.96,580.05,616.55
6395,2021-01-03 09:18:00,585.55,585.55,585.55,585.55,50,2400,625.96,580.05,616.55
6396,2021-01-03 09:19:00,585.55,585.55,585.55,585.55,50,2400,625.96,580.05,616.55
6397,2021-01-03 09:20:00,585.55,585.55,585.55,585.55,50,2400,625.96,580.05,616.55
6398,2021-01-03 09:21:00,585.55,585.55,585.55,585.55,50,2400,625.96,580.05,616.55
6399,2021-01-03 09:22:00,585.55,585.55,585.55,585.55,50,2400,625.96,580.05,616.55
6400,2021-01-03 09:23:00,585.55,585.55,585.55,585.55,50,2400,625.96,580.05,616.55
6401,2021-01-03 09:24:00,585.55,585.55,585.55,585.55,50,2400,625.96,580.05,616.55
6402,2021-01-03 09:25:00,585.55,585.55,585.55,585.55,50,2400,625.96,580.05,616.55
6403,2021-01-03 09:26:00,585.55,585.55,585.55,585.55,50,2400,625.96,580.05,616.55
6404,2021-01-03 09:27:00,585.55,585.55,585.55,585.55,50,2400,625.96,580.05,616.55
6405,2021-01-03 09:28:00,585.55,585.55,585.55,585.55,50,2400,625.96,580.05,616.55
6406,2021-01-03 09:29:00,585.55,585.55,585.55,585.55,50,2400,625.96,580.05,616.55
6407,2021-01-03 09:30:00,585.55,585.55,585.55,585.55,50,2400,625.96,580.05,616.55
6408,2021-01-03 09:31:00,585.55,585.55,585.55,585.55,50,2400,625.96,580.05,616.55
6409,2021-01-03 09:32:00,585.55,585.55,585.55,585.55,50,2400,625.96,580.05,616.55
6410,2021-01-03 09:33:00,585.55,585.55,585.55,585.55,50,2400,625.96,580.05,616.55
6411,2021-01-03 09:34:00,585.55,585.55,585.55,585.55,50,2400,625.96,580.05,616.55
6412,2021-01-03 09:35:00,585.55,585.55,585.55,585.55,50,2400,625.96,580.05,616.55
6413,2021-01-03 09:36:00,585.55,585.55,585.55,585.55,50,2400,625.96,580.05,616.55
6414,2021-01-03 09:37:00,585.55,585.55,585.55,585.55,50,2400,625.96,580.05,616.55
6415,2021-01-03 09:38:00,585.55,585.55,585.55,585.55,50,2400,625.96,580.05,616.55
6416,2021-01-03 09:39:00,585.55,585.55,585.55,585.55,50,2400,625.96,580.05,616.55
6417,2021-01-03 09:40:00,585.55,585.55,585.55,585.55,50,2400,625.96,580.05,616.55
6418,2021-01-03 09:41:00,585.55,585.55,585.55,585.55,50,2400,625.96,580.05,616.55
6419,2021-01-03 09:42:00,585.55,585.55,585.55,585.55,50,2400,625.96,580.05,616.55
6420,2021-01-03 09:43:00,585.55,585.55,585.55,585.55,50,2400,625.96,580.05,616.55
6421,2021-01-03 09:44:00,585.55,585.55,585.55,585.55,50,2400,625.96,580.05,616.55
6422,2021-01-03 09:45:00,585.55,585.55,585.55,585.55,50,2400,625.96,580.05,616.55
6423,2021-01-03 09:46:00,585.55,585.55,585.55,585.55,50,2400,625.96,580.05,616.55
6424,2021-01-03 09:47:00,585.55,585.55,585.55,585.55,50,2400,625.96,580.05,616.55
6425,2021-01-03 09:48:00,585.55,585.55,585.55,585.55,50,2400,625.96,580.05,616.55
6426,2021-01-03 09:49:00,585.55,585.55,585.55,585.55,50,2400,625.96,580.05,616.55
6427,2021-01-03 09:50:00,585.55,585.55,585.55,585.55,50,2400,625.96,580.05,616.55
6428,2021-01-03 09:51:00,585.55,585.55,585.55,585.55,50,2400,625.96,580.05,616.55
6429,2021-01-03 09:52:00,585.55,585.55,585.55,585.55,50,2400,625.96,580.05,616.55
6430,2021-01-03 09:53:00,585.55,585.55,585.55,585.55,50,2400,625.96,580.05,616.55
6431,2021-01-03 09:54:00,585.55,585.55,585.55,585.55,50,2400,625.96,580.05,616.55
6432,2021-01-03 09:55:00,585.55,585.55,585.55,585.55,50,2400,625.96,580.05,616.55
6433,2021-01-03 09:56:00,585.55,585.55,585.55,585.55,50,2400,625.96,580.05,616.55
6434,2021-01-03 09:57:00,585.55,585.55,585.55,585.55,50,2400,625.96,580.05,616.55
6435,2021-01-03 09:58:00,585.55,585.55,585.55,585.55,50,2400,625.96,580.05,616.55
6436,2021-01-03 09:59:00,585.55,585.55,585.55,585.55,50,2400,625.96,580.05,616.55
6437,2021-01-03 10:00:00,585.55,585.55,585.55,585.55,50,2400,625.96,580.05,616.55
6438,2021-01-03 10:01:00,585.55,585.55,585.55,585.55,50,2400,625.96,580.05,616.55
6439,2021-01-03 10:02:00,585.55,585.55,585.55,585.55,50,2400,625.96,580.05,616.55
6440,2021-01-03 10:03:00,585.55,585.55,585.55,585.55,50,2400,625.96,580.05,616.55
6441,2021-01-03 10:04:00,585.55,585.55,585.55,585.55,50,2400,625.96,580.05,616.55
6442,2021-01-03 10:05:00,585.55,585.55,585.55,585.55,50,2400,625.96,580.05,616.55
6443,2021-01-03 10:06:00,585.55,585.55,585.55,585.55,50,2400,625.96,580.05,616.55
6444,2021-01-03 10:07:00,585.55,585.55,585.55,585.55,50,2400,625.96,580.05,616.55
6445,2021-01-03 10:08:00,585.55,585.55,585.55,585.55,50,2400,625.96,580.05,616.55
6446,2021-01-03 10:09:00,585.55,585.55,585.55,585.55,50,2400,625.96,580.05,616.55
6447,2021-01-03 10:10:00,585.55,585.55,585.55,585.55,50,2400,625.96,580.05,616.55
6448,2021-01-03 10:11:00,585.55,585.55,585.55,585.55,50,2400,625.96,580.05,616.55
6449,2021-01-03 10:12:00,585.55,585.55,585.55,585.55,50,2400,625.96,580.05,616.55
6450,2021-01-03 10:13:00,585.55,585.55,585.55,585.55,50,2400,625.96,580.05,616.55
6451,2021-01-03 10:14:00,585.55,585.55,585.55,585.55,50,2400,625.96,580.05,616.55
6452,2021-01-03 10:15:00,585.55,585.55,585.55,585.55,50,2400,625.96,580.05,616.55
6453,2021-01-03 10:16:00,585.55,585.55,585.55,585.55,50,2400,625.96,580.05,616.55
6454,2021-01-03 10:17:00,585.55,585.55,585.55,585.55,50,2400,625.96,580.05,616.55
6455,2021-01-03 10:18:00,585.55,585.55,585.55,585.55,50,2400,625.96,580.05,616.55
6456,2021-01-03 10:19:00,585.55,585.55,585.55,585.55,50,2400,625.96,580.05,616.55
6457,2021-01-03 10:20:00,585.55,585.55,585.55,585.55,50,2400,625.96,580.05,616.55
6458,2021-01-03 10:21:00,585.55,585.55,585.55,585.55,50,2400,625.96,580.05,616.55
6459,2021-01-03 10:22:00,585.55,585.55,585.55,585.55,50,2400,625.96,580.05,616.55
6460,2021-01-03 10:23:00,585.55,585.55,585.55,585.55,50,2400,625.96,580.05,616.55
6461,2021-01-03 10:24:00,585.55,585.55,585.55,585.55,50,2400,625.96,580.05,616.55
6462,2021-01-03 10:25:00,585.55,585.55,585.55,585.55,50,2400,625.96,580.05,616.55
6463,2021-01-03 10:26:00,585.55,585.55,585.55,585.55,50,2400,625.96,580.05,616.55
6464,2021-01-03 10:27:00,585.55,585.55,585.55,585.55,50,2400,625.96,580.05,616.55
6465,2021-01-03 10:28:00,585.55,585.55,585.55,585.55,50,2400,625.96,580.05,616.55
6466,2021-01-03 10:29:00,585.55,585.55,585.55,585.55,50,2400,625.96,580.05,616.55
6467,2021-01-03 10:30:00,585.55,585.55,585.55,585.55,50,2400,625.96,580.05,616.55
6468,2021-01-03 10:31:00,585.55,585.55,585.55,585.55,50,2400,625.96,580.05,616.55
6469,2021-01-03 10:32:00,585.55,585.55,585.55,585.55,50,2400,625.96,580.05,616.55
6470,2021-01-03 10:33:00,585.55,585.55,585.55,585.55,50,2400,625.96,580.05,616.55
6471,2021-01-03 10:34:00,585.55,585.55,585.55,585.55,50,2400,625.96,580.05,616.55
6472,2021-01-03 10:35:00,585.55,585.55,585.55,585.55,50,2400,625.96,580.05,616.55
6473,2021-01-03 10:36:00,585.55,585.55,585.55,585.55,50,2400,625.96,580.05,616.55
6474,2021-01-03 10:37:00,585.55,585.55,585.55,585.55,50,2400,625.96,580.05,616.55
6475,2021-01-03 10:38:00,585.55,585.55,585.55,585.55,50,2400,625.96,580.05,616.55
6476,2021-01-03 10:39:00,585.55,585.55,585.55,585.55,50,2400,625.96,580.05,616.55
6477,2021-01-03 10:40:00,585.55,585.55,585.55,585.55,50,2400,625.96,580.05,616.55
6478,2021-01-03 10:41:00,585.55,585.55,585.55,585.55,50,2400,625.96,580.05,616.55
6479,2021-01-03 10:42:00,585.55,585.55,585.55,585.55,50,2400,625.96,580.05,616.55
6480,2021-01-03 10:43:00,585.55,585.55,585.55,585.55,50,2400,625.96,580.05,616.55
6481,2021-01-03 10:44:00,585.55,585.55,585.55,585.55,50,2400,625.96,580.05,616.55
6482,2021-01-03 10:45:00,585.55,585.55,585.55,585.55,50,2400,625.96,580.05,616.55
6483,2021-01-03 10:46:00,585.55,585.55,585.55,585.55,50,2400,625.96,580.05,616.55
6484,2021-01-03 10:47:00,585.55,585.55,585.55,585.55,50,2400,625.96,580.05,616.55
6485,2021-01-03 10:48:00,585.55,585.55,585.55,585.55,50,2400,625.96,580.05,616.55
6486,2021-01-03 10:49:00,585.55,585.55,585.55,585.55,50,2400,625.96,580.05,616.55
6487,2021-01-03 10:50:00,585.55,585.55,585.55,585.55,50,2400,625.96,580.05,616.55
6488,2021-01-03 10:51:00,585.55,585.55,585.55,585.55,50,2400,625.96,580.05,616.55
6489,2021-01-03 10:52:00,585.55,585.55,585.55,585.55,50,2400,625.96,580.05,616.55
6490,2021-01-03 10:53:00,585.55,585.55,585.55,585.55,50,2400,625.96,580.05,616.55
6491,2021-01-03 10:54:00,585.55,585.55,585.55,585.55,50,2400,625.96,580.05,616.55
6492,2021-01-03 10:55:00,585.55,585.55,585.55,585.55,50,2400,625.96,580.05,616.55
6493,2021-01-03 10:56:00,585.55,585.55,585.55,585.55,50,2400,625.96,580.05,616.55
6494,2021-01-03 10:57:00,585.55,585.55,585.55,585.55,50,2400,625.96,580.05,616.55
6495,2021-01-03 10:58:00,585.55,585.55,585.55,585.55,50,2400,625.96,580.05,616.55
6496,2021-01-03 10:59:00,585.55,585.55,585.55,585.55,50,2400,625.96,580.05,616.55
6497,2021-01-03 11:00:00,585.55,585.55,585.55,585.55,50,2400,625.96,580.05,616.55
6498,2021-01-03 11:01:00,585.55,585.55,585.55,585.55,50,2400,625.96,580.05,616.55
6499,2021-01-03 11:02:00,585.55,585.55,585.55,585.55,50,2400,625.96,580.05,616.55
6500,2021-01-03 11:03:00,585.55,585.55,585.55,585.55,50,2400,625.96,580.05,616.55
6501,2021-01-03 11:04:00,585.55,585.55,585.55,585.55,50,2400,625.96,580.05,616.55
6502,2021-01-03 11:05:00,585.55,585.55,585.55,585.55,50,2400,625.96,580.05,616.55
6503,2021-01-03 11:06:00,585.55,585.55,585.55,585.55,50,2400,625.96,580.05,616.55
6504,2021-01-03 11:07:00,585.55,585.55,585.55,585.55,50,2400,625.96,580.05,616.55
6505,2021-01-03 11:08:00,585.55,585.55,585.55,585.55,50,2400,625.96,580.05,616.55
6506,2021-01-03 11:09:00,585.55,585.55,585.55,585.55,50,2400,625.96,580.05,616.55
6507,2021-01-03 11:10:00,585.55,585.55,585.55,585.55,50,2400,625.96,580.05,616.55
6508,2021-01-03 11:11:00,585.55,585.55,585.55,585.55,50,2400,625.96,580.05,616.55
6509,2021-01-03 11:12:00,585.55,585.55,585.55,585.55,50,2400,625.96,580.05,616.55
6510,2021-01-03 11:13:00,585.55,585.55,585.55,585.55,50,2400,625.96,580.05,616.55
6511,2021-01-03 11:14:00,585.55,585.55,585.55,585.55,50,2400,625.96,580.05,616.55
6512,2021-01-03 11:15:00,585.55,585.55,585.55,585.55,50,2400,625.96,580.05,616.55
6513,2021-01-03 11:16:00,585.55,585.55,585.55,585.55,50,2400,625.96,580.05,616.55
6514,2021-01-03 11:17:00,585.55,585.55,585.55,585.55,50,2400,625.96,580.05,616.55
6515,2021-01-03 11:18:00,585.55,585.55,585.55,585.55,50,2400,625.96,580.05,616.55
6516,2021-01-03 11:19:00,585.55,585.55,585.55,585.55,50,2400,625.96,580.05,616.55
6517,2021-01-03 11:20:00,585.55,585.55,585.55,585.55,50,2400,625.96,580.05,616.55
6518,2021-01-03 11:21:00,585.55,585.55,585.55,585.55,50,2400,625.96,580.05,616.55
6519,2021-01-03 11:22:00,585.55,585.55,585.55,585.55,50,2400,625.96,580.05,616.55
6520,2021-01-03 11:23:00,585.55,585.55,585.55,585.55,50,2400,625.96,580.05,616.55
6521,2021-01-03 11:24:00,585.55,585.55,585.55,585.55,50,2400,625.96,580.05,616.55
6522,2021-01-03 11:25:00,585.55,585.55,585.55,585.55,50,2400,625.96,580.05,616.55
6523,2021-01-03 11:26:00,585.55,585.55,585.55,585.55,50,2400,625.96,580.05,616.55
6524,2021-01-03 11:27:00,585.55,585.55,585.55,585.55,50,2400,625.96,580.05,616.55
6525,2021-01-03 11:28:00,585.55,585.55,585.55,585.55,50,2400,625.96,580.05,616.55
6526,2021-01-03 11:29:00,585.55,585.55,585.55,585.55,50,2400,625.96,580.05,616.55
6527,2021-01-03 11:30:00,585.55,585.55,585.55,585.55,50,2400,625.96,580.05,616.55
6528,2021-01-03 11:31:00,585.55,585.55,585.55,585.55,50,2400,625.96,580.05,616.55
6529,2021-01-03 11:32:00,585.55,585.55,585.55,585.55,50,2400,625.96,580.05,616.55
6530,2021-01-03 11:33:00,585.55,585.55,585.55,585.55,50,2400,625.96,580.05,616.55
6531,2021-01-03 11:34:00,585.55,585.55,585.55,585.55,50,2400,625.96,580.05,616.55
6532,2021-01-03 11:35:00,585.55,585.55,585.55,585.55,50,2400,625.96,580.05,616.55
6533,2021-01-03 11:36:00,585.55,585.55,585.55,585.55,50,2400,625.96,580.05,616.55
6534,2021-01-03 11:37:00,585.55,585.55,585.55,585.55,50,2400,625.96,580.05,616.55
6535,2021-01-03 11:38:00,585.55,585.55,585.55,585.55,50,2400,625.96,580.05,616.55
6536,2021-01-03 11:39:00,585.55,585.55,585.55,585.55,50,2400,625.96,580.05,616.55
6537,2021-01-03 11:40:00,585.55,585.55,585.55,585.55,50,2400,625.96,580.05,616.55
6538,2021-01-03 11:41:00,585.55,585.55,585.55,585.55,50,2400,625.96,580.05,616.55
6539,2021-01-03 11:42:00,585.55,585.55,585.55,585.55,50,2400,625.96,580.05,616.55
6540,2021-01-03 11:43:00,585.55,585.55,585.55,585.55,50,2400,625.96,580.05,616.55
6541,2021-01-03 11:44:00,585.55,585.55,585.55,585.55,50,2400,625.96,580.05,616.55
6542,2021-01-03 11:45:00,585.55,585.55,585.55,585.55,50,2400,625.96,580.05,616.55
6543,2021-01-03 11:46:00,585.55,585.55,585.55,585.55,50,2400,625.96,580.05,616.55
6544,2021-01-03 11:47:00,585.55,585.55,585.55,585.55,50,2400,625.96,580.05,616.55
6545,2021-01-03 11:48:00,585.55,585.55,585.55,585.55,50,2400,625.96,580.05,616.55
6546,2021-01-03 11:49:00,585.55,585.55,585.55,585.55,50,2400,625.96,580.05,616.55
6547,2021-01-03 11:50:00,585.55,585.55,585.55,585.55,50,2400,625.96,580.05,616.55
6548,2021-01-03 11:51:00,585.55,585.55,585.55,585.55,50,2400,625.96,580.05,616.55
6549,2021-01-03 11:52:00,585.55,585.55,585.55,585.55,50,2400,625.96,580.05,616.55
6550,2021-01-03 11:53:00,585.55,585.55,585.55,585.55,50,2400,625.96,580.05,616.55
6551,2021-01-03 11:54:00,585.55,585.55,585.55,585.55,50,2400,625.96,580.05,616.55
6552,2021-01-03 11:55:00,585.55,585.55,585.55,585.55,50,2400,625.96,580.05,616.55
6553,2021-01-03 11:56:00,585.55,585.55,585.55,585.55,50,2400,625.96,580.05,616.55
6554,2021-01-03 11:57:00,585.55,585.55,585.55,585.55,50,2400,625.96,580.05,616.55
6555,2021-01-03 11:58:00,585.55,585.55,585.55,585.55,50,2400,625.96,580.05,616.55
6556,2021-01-03 11:59:00,585.55,585.55,585.55,585.55,50,2400,625.96,580.05,616.55
6557,2021-01-03 12:00:00,585.55,585.55,585.55,585.55,50,2400,625.96,580.05,616.55
6558,2021-01-03 12:01:00,585.55,585.55,585.55,585.55,50,2400,625.96,580.05,616.55
6559,2021-01-03 12:02:00,585.55,585.55,585.55,585.55,50,2400,625.96,580.05,616.55
6560,2021-01-03 12:03:00,585.55,585.55,585.55,585.55,50,2400,625.96,580.05,616.55
6561,2021-01-03 12:04:00,585.55,585.55,585.55,585.55,50,2400,625.96,580.05,616.55
6562,2021-01-03 12:05:00,585.55,585.55,585.55,585.55,50,2400,625.96,580.05,616.55
6563,2021-01-03 12:06:00,585.55,585.55,585.55,585.55,50,2400,625.96,580.05,616.55
6564,2021-01-03 12:07:00,585.55,585.55,585.55,585.55,50,2400,625.96,580.05,616.55
6565,2021-01-03 12:08:00,585.55,585.55,585.55,585.55,50,2400,625.96,580.05,616.55
6566,2021-01-03 12:09:00,585.55,585.55,585.55,585.55,50,2400,625.96,580.05,616.55
6567,2021-01-03 12:10:00,585.55,585.55,585.55,585.55,50,2400,625.96,580.05,616.55
6568,2021-01-03 12:11:00,585.55,585.55,585.55,585.55,50,2400,625.96,580.05,616.55
6569,2021-01-03 12:12:00,585.55,585.55,585.55,585.55,50,2400,625.96,580.05,616.55
6570,2021-01-03 12:13:00,585.55,585.55,585.55,585.55,50,2400,625.96,580.05,616.55
6571,2021-01-03 12:14:00,585.55,585.55,585.55,585.55,50,2400,625.96,580.05,616.55
6572,2021-01-03 12:15:00,585.55,585.55,585.55,585.55,50,2400,625.96,580.05,616.55
6573,2021-01-03 12:16:00,585.55,585.55,585.55,585.55,50,2400,625.96,580.05,616.55
6574,2021-01-03 12:17:00,585.55,585.55,585.55,585.55,50,2400,625.96,580.05,616.55
6575,2021-01-03 12:18:00,585.55,585.55,585.55,585.55,50,2400,625.96,580.05,616.55
6576,2021-01-03 12:19:00,585.55,585.55,585.55,585.55,50,2400,625.96,580.05,616.55
6577,2021-01-03 12:20:00,585.55,585.55,585.55,585.55,50,2400,625.96,580.05,616.55
6578,2021-01-03 12:21:00,585.55,585.55,585.55,585.55,50,2400,625.96,580.05,616.55
6579,2021-01-03 12:22:00,585.55,585.55,585.55,585.55,50,2400,625.96,580.05,616.55
6580,2021-01-03 12:23:00,585.55,585.55,585.55,585.55,50,2400,625.96,580.05,616.55
6581,2021-01-03 12:24:00,585.55,585.55,585.55,585.55,50,2400,625.96,580.05,616.55
6582,2021-01-03 12:25:00,585.55,585.55,585.55,585.55,50,2400,625.96,580.05,616.55
6583,2021-01-03 12:26:00,585.55,585.55,585.55,585.55,50,2400,625.96,580.05,616.55
6584,2021-01-03 12:27:00,585.55,585.55,585.55,585.55,50,2400,625.96,580.05,616.55
6585,2021-01-03 12:28:00,585.55,585.55,585.55,585.55,50,2400,625.96,580.05,616.55
6586,2021-01-03 12:29:00,585.55,585.55,585.55,585.55,50,2400,625.96,580.05,616.55
6587,2021-01-03 12:30:00,585.55,585.55,585.55,585.55,50,2400,625.96,580.05,616.55
6588,2021-01-03 12:31:00,585.55,585.55,585.55,585.55,50,2400,625.96,580.05,616.55
6589,2021-01-03 12:32:00,585.55,585.55,585.55,585.55,50,2400,625.96,580.05,616.55
6590,2021-01-03 12:33:00,585.55,585.55,585.55,585.55,50,2400,625.96,580.05,616.55
6591,2021-01-03 12:34:00,585.55,585.55,585.55,585.55,50,2400,625.96,580.05,616.55
6592,2021-01-03 12:35:00,585.55,585.55,585.55,585.55,50,2400,625.96,580.05,616.55
6593,2021-01-03 12:36:00,585.55,585.55,585.55,585.55,50,2400,625.96,580.05,616.55
6594,2021-01-03 12:37:00,585.55,585.55,585.55,585.55,50,2400,625.96,580.05,616.55
6595,2021-01-03 12:38:00,585.55,585.55,585.55,585.55,50,2400,625.96,580.05,616.55
6596,2021-01-03 12:39:00,585.55,585.55,585.55,585.55,50,2400,625.96,580.05,616.55
6597,2021-01-03 12:40:00,585.55,585.55,585.55,585.55,50,2400,625.96,580.05,616.55
6598,2021-01-03 12:41:00,585.55,585.55,585.55,585.55,50,2400,625.96,580.05,616.55
6599,2021-01-03 12:42:00,585.55,585.55,585.55,585.55,50,2400,625.96,580.05,616.55
6600,2021-01-03 12:43:00,585.55,585.55,585.55,585.55,50,2400,625.96,580.05,616.55
6601,2021-01-03 12:44:00,585.55,585.55,585.55,585.55,50,2400,625.96,580.05,616.55
6602,2021-01-03 12:45:00,585.55,585.55,585.55,585.55,50,2400,625.96,580.05,616.55
6603,2021-01-03 12:46:00,585.55,585.55,585.55,585.55,50,2400,625.96,580.05,616.55
6604,2021-01-03 12:47:00,585.55,585.55,585.55,585.55,50,2400,625.96,580.05,616.55
6605,2021-01-03 12:48:00,585.55,585.55,585.55,585.55,50,2400,625.96,580.05,616.55
6606,2021-01-03 12:49:00,585.55,585.55,585.55,585.55,50,2400,625.96,580.05,616.55
6607,2021-01-03 12:50:00,585.55,585.55,585.55,585.55,50,2400,625.96,580.05,616.55
6608,2021-01-03 12:51:00,585.55,585.55,585.55,585.55,50,2400,625.96,580.05,616.55
6609,2021-01-03 12:52:00,585.55,585.55,585.55,585.55,50,2400,625.96,580.05,616.55
6610,2021-01-03 12:53:00,585.55,585.55,585.55,585.55,50,2400,625.96,580.05,616.55
6611,2021-01-03 12:54:00,585.55,585.55,585.55,585.55,50,2400,625.96,580.05,616.55
6612,2021-01-03 12:55:00,585.55,585.55,585.55,585.55,50,2400,625.96,580.05,616.55
6613,2021-01-03 12:56:00,585.55,585.55,585.55,585.55,50,2400,625.96,580.05,616.55
6614,2021-01-03 12:57:00,585.55,585.55,585.55,585.55,50,2400,625.96,580.05,616.55
6615,2021-01-03 12:58:00,585.55,585.55,585.55,585.55,50,2400,625.96,580.05,616.55
6616,2021-01-03 12:59:00,585.55,585.55,585.55,585.55,50,2400,625.96,580.05,616.55
6617,2021-01-03 13:00:00,585.55,585.55,585.55,585.55,50,2400,625.96,580.05,616.55
6618,2021-01-03 13:01:00,585.55,585.55,585.55,585.55,50,2400,625.96,580.05,616.55
6619,2021-01-03 13:02:00,585.55,585.55,585.55,585.55,50,2400,625.96,580.05,616.55
6620,2021-01-03 13:03:00,585.55,585.55,585.55,585.55,50,2400,625.96,580.05,616.55
6621,2021-01-03 13:04:00,585.55,585.55,585.55,585.55,50,2400,625.96,580.05,616.55
6622,2021-01-03 13:05:00,585.55,585.55,585.55,585.55,50,2400,625.96,580.05,616.55
6623,2021-01-03 13:06:00,585.55,585.55,585.55,585.55,50,2400,625.96,580.05,616.55
6624,2021-01-03 13:07:00,585.55,585.55,585.55,585.55,50,2400,625.96,580.05,616.55
6625,2021-01-03 13:08:00,585.55,585.55,585.55,585.55,50,2400,625.96,580.05,616.55
6626,2021-01-03 13:09:00,585.55,585.55,585.55,585.55,50,2400,625.96,580.05,616.55
6627,2021-01-03 13:10:00,585.55,585.55,585.55,585.55,50,2400,625.96,580.05,616.55
6628,2021-01-03 13:11:00,585.55,585.55,585.55,585.55,50,2400,625.96,580.05,616.55
6629,2021-01-03 13:12:00,585.55,585.55,585.55,585.55,50,2400,625.96,580.05,616.55
6630,2021-01-03 13:13:00,585.55,585.55,585.55,585.55,50,2400,625.96,580.05,616.55
6631,2021-01-03 13:14:00,585.55,585.55,585.55,585.55,50,2400,625.96,580.05,616.55
6632,2021-01-03 13:15:00,585.55,585.55,585.55,585.55,50,2400,625.96,580.05,616.55
6633,2021-01-03 13:16:00,585.55,585.55,585.55,585.55,50,2400,625.96,580.05,616.55
6634,2021-01-03 13:17:00,585.55,585.55,585.55,585.55,50,2400,625.96,580.05,616.55
6635,2021-01-03 13:18:00,585.55,585.55,585.55,585.55,50,2400,625.96,580.05,616.55
6636,2021-01-03 13:19:00,585.55,585.55,585.55,585.55,50,2400,625.96,580.05,616.55
6637,2021-01-03 13:20:00,585.55,585.55,585.55,585.55,50,2400,625.96,580.05,616.55
6638,2021-01-03 13:21:00,585.55,585.55,585.55,585.55,50,2400,625.96,580.05,616.55
6639,2021-01-03 13:22:00,585.55,585.55,585.55,585.55,50,2400,625.96,580.05,616.55
6640,2021-01-03 13:23:00,585.55,585.55,585.55,585.55,50,2400,625.96,580.05,616.55
6641,2021-01-03 13:24:00,585.55,585.55,585.55,585.55,50,2400,625.96,580.05,616.55
6642,2021-01-03 13:25:00,585.55,585.55,585.55,585.55,50,2400,625.96,580.05,616.55
6643,2021-01-03 13:26:00,585.55,585.55,585.55,585.55,50,2400,625.96,580.05,616.55
6644,2021-01-03 13:27:00,585.55,585.55,585.55,585.55,50,2400,625.96,580.05,616.55
6645,2021-01-03 13:28:00,585.55,585.55,585.55,585.55,50,2400,625.96,580.05,616.55
6646,2021-01-03 13:29:00,585.55,585.55,585.55,585.55,50,2400,625.96,580.05,616.55
6647,2021-01-03 13:30:00,585.55,585.55,585.55,585.55,50,2400,625.96,580.05,616.55
6648,2021-01-03 13:31:00,585.55,585.55,585.55,585.55,50,2400,625.96,580.05,616.55
6649,2021-01-03 13:32:00,585.55,585.55,585.55,585.55,50,2400,625.96,580.05,616.55
6650,2021-01-03 13:33:00,585.55,585.55,585.55,585.55,50,2400,625.96,580.05,616.55
6651,2021-01-03 13:34:00,585.55,585.55,585.55,585.55,50,2400,625.96,580.05,616.55
6652,2021-01-03 13:35:00,585.55,585.55,585.55,585.55,50,2400,625.96,580.05,616.55
6653,2021-01-03 13:36:00,585.55,585.55,585.55,585.55,50,2400,625.96,580.05,616.55
6654,2021-01-03 13:37:00,585.55,585.55,585.55,585.55,50,2400,625.96,580.05,616.55
6655,2021-01-03 13:38:00,585.55,585.55,585.55,585.55,50,2400,625.96,580.05,616.55
6656,2021-01-03 13:39:00,585.55,585.55,585.55,585.55,50,2400,625.96,580.05,616.55
6657,2021-01-03 13:40:00,585.55,585.55,585.55,585.55,50,2400,625.96,580.05,616.55
6658,2021-01-03 13:41:00,585.55,585.55,585.55,585.55,50,2400,625.96,580.05,616.55
6659,2021-01-03 13:42:00,585.55,585.55,585.55,585.55,50,2400,625.96,580.05,616.55
6660,2021-01-03 13:43:00,585.55,585.55,585.55,585.55,50,2400,625.96,580.05,616.55
6661,2021-01-03 13:44:00,585.55,585.55,585.55,585.55,50,2400,625.96,580.05,616.55
6662,2021-01-03 13:45:00,585.55,585.55,585.55,585.55,50,2400,625.96,580.05,616.55
6663,2021-01-03 13:46:00,585.55,585.55,585.55,585.55,50,2400,625.96,580.05,616.55
6664,2021-01-03 13:47:00,585.55,585.55,585.55,585.55,50,2400,625.96,580.05,616.55
6665,2021-01-03 13:48:00,585.55,585.55,585.55,585.55,50,2400,625.96,580.05,616.55
6666,2021-01-03 13:49:00,585.55,585.55,585.55,585.55,50,2400,625.96,580.05,616.55
6667,2021-01-03 13:50:00,585.55,585.55,585.55,585.55,50,2400,625.96,580.05,616.55
6668,2021-01-03 13:51:00,585.55,585.55,585.55,585.55,50,2400,625.96,580.05,616.55
6669,2021-01-03 13:52:00,585.55,585.55,585.55,585.55,50,2400,625.96,580.05,616.55
6670,2021-01-03 13:53:00,585.55,585.55,585.55,585.55,50,2400,625.96,580.05,616.55
6671,2021-01-03 13:54:00,585.55,585.55,585.55,585.55,50,2400,625.96,580.05,616.55
6672,2021-01-03 13:55:00,585.55,585.55,585.55,585.55,50,2400,625.96,580.05,616.55
6673,2021-01-03 13:56:00,585.55,585.55,585.55,585.55,50,2400,625.96,580.05,616.55
6674,2021-01-03 13:57:00,585.55,585.55,585.55,585.55,50,2400,625.96,580.05,616.55
6675,2021-01-03 13:58:00,585.55,585.55,585.55,585.55,50,2400,625.96,580.05,616.55
6676,2021-01-03 13:59:00,585.55,585.55,585.55,585.55,50,2400,625.96,580.05,616.55
6677,2021-01-03 14:00:00,585.55,585.55,585.55,585.55,50,2400,625.96,580.05,616.55
6678,2021-01-03 14:01:00,585.55,585.55,585.55,585.55,50,2400,625.96,580.05,616.55
6679,2021-01-03 14:02:00,585.55,585.55,585.55,585.55,50,2400,625.96,580.05,616.55
6680,2021-01-03 14:03:00,585.55,585.55,585.55,585.55,50,2400,625.96,580.05,616.55
6681,2021-01-03 14:04:00,585.55,585.55,585.55,585.55,50,2400,625.96,580.05,616.55
6682,2021-01-03 14:05:00,585.55,585.55,585.55,585.55,50,2400,625.96,580.05,616.55
6683,2021-01-03 14:06:00,585.55,585.55,585.55,585.55,50,2400,625.96,580.05,616.55
6684,2021-01-03 14:07:00,585.55,585.55,585.55,585.55,50,2400,625.96,580.05,616.55
6685,2021-01-03 14:08:00,585.55,585.55,585.55,585.55,50,2400,625.96,580.05,616.55
6686,2021-01-03 14:09:00,585.55,585.55,585.55,585.55,50,2400,625.96,580.05,616.55
6687,2021-01-03 14:10:00,585.55,585.55,585.55,585.55,50,2400,625.96,580.05,616.55
6688,2021-01-03 14:11:00,585.55,585.55,585.55,585.55,50,2400,625.96,580.05,616.55
6689,2021-01-03 14:12:00,585.55,585.55,585.55,585.55,50,2400,625.96,580.05,616.55
6690,2021-01-03 14:13:00,585.55,585.55,585.55,585.55,50,2400,625.96,580.05,616.55
6691,2021-01-03 14:14:00,585.55,585.55,585.55,585.55,50,2400,625.96,580.05,616.55
6692,2021-01-03 14:15:00,585.55,585.55,585.55,585.55,50,2400,625.96,580.05,616.55
6693,2021-01-03 14:16:00,585.55,585.55,585.55,585.55,50,2400,625.96,580.05,616.55
6694,2021-01-03 14:17:00,585.55,585.55,585.55,585.55,50,2400,625.96,580.05,616.55
6695,2021-01-03 14:18:00,585.55,585.55,585.55,585.55,50,2400,625.96,580.05,616.55
6696,2021-01-03 14:19:00,585.55,585.55,585.55,585.55,50,2400,625.96,580.05,616.55
6697,2021-01-03 14:20:00,585.55,585.55,585.55,585.55,50,2400,625.96,580.05,616.55
6698,2021-01-03 14:21:00,585.55,585.55,585.55,585.55,50,2400,625.96,580.05,616.55
6699,2021-01-03 14:22:00,585.55,585.55,585.55,585.55,50,2400,625.96,580.05,616.55
6700,2021-01-03 14:23:00,585.55,585.55,585.55,585.55,50,2400,625.96,580.05,616.55
6701,2021-01-03 14:24:00,585.55,585.55,585.55,585.55,50,2400,625.96,580.05,616.55
6702,2021-01-03 14:25:00,585.55,585.55,585.55,585.55,50,2400,625.96,580.05,616.55
6703,2021-01-03 14:26:00,585.55,585.55,585.55,585.55,50,2400,625.96,580.05,616.55
6704,2021-01-03 14:27:00,585.55,585.55,585.55,585.55,50,2400,625.96,580.05,616.55
6705,2021-01-03 14:28:00,585.55,585.55,585.55,585.55,50,2400,625.96,580.05,616.55
6706,2021-01-03 14:29:00,585.55,585.55,585.55,585.55,50,2400,625.96,580.05,616.55
6707,2021-01-03 14:30:00,585.55,585.55,585.55,585.55,50,2400,625.96,580.05,616.55
6708,2021-01-03 14:31:00,585.55,585.55,585.55,585.55,50,2400,625.96,580.05,616.55
6709,2021-01-03 14:32:00,585.55,585.55,585.55,585.55,50,2400,625.96,580.05,616.55
6710,2021-01-03 14:33:00,585.55,585.55,585.55,585.55,50,2400,625.96,580.05,616.55
6711,2021-01-03 14:34:00,585.55,585.55,585.55,585.55,50,2400,625.96,580.05,616.55
6712,2021-01-03 14:35:00,585.55,585.55,585.55,585.55,50,2400,625.96,580.05,616.55
6713,2021-01-03 14:36:00,585.55,585.55,585.55,585.55,50,2400,625.96,580.05,616.55
6714,2021-01-03 14:37:00,585.55,585.55,585.55,585.55,50,2400,625.96,580.05,616.55
6715,2021-01-03 14:38:00,585.55,585.55,585.55,585.55,50,2400,625.96,580.05,616.55
6716,2021-01-03 14:39:00,585.55,585.55,585.55,585.55,50,2400,625.96,580.05,616.55
6717,2021-01-03 14:40:00,585.55,585.55,585.55,585.55,50,2400,625.96,580.05,616.55
6718,2021-01-03 14:41:00,585.55,585.55,585.55,585.55,50,2400,625.96,580.05,616.55
6719,2021-01-03 14:42:00,585.55,585.55,585.55,585.55,50,2400,625.96,580.05,616.55
6720,2021-01-03 14:43:00,585.55,585.55,585.55,585.55,50,2400,625.96,580.05,616.55
6721,2021-01-03 14:44:00,585.55,585.55,585.55,585.55,50,2400,625.96,580.05,616.55
6722,2021-01-03 14:45:00,585.55,585.55,585.55,585.55,50,2400,625.96,580.05,616.55
6723,2021-01-03 14:46:00,585.55,585.55,585.55,585.55,50,2400,625.96,580.05,616.55
6724,2021-01-03 14:47:00,585.55,585.55,585.55,585.55,50,2400,625.96,580.05,616.55
6725,2021-01-03 14:48:00,585.55,585.55,585.55,585.55,50,2400,625.96,580.05,616.55
6726,2021-01-03 14:49:00,585.55,585.55,585.55,585.55,50,2400,625.96,580.05,616.55
6727,2021-01-03 14:50:00,585.55,585.55,585.55,585.55,50,2400,625.96,580.05,616.55
6728,2021-01-03 14:51:00,585.55,585.55,585.55,585.55,50,2400,625.96,580.05,616.55
6729,2021-01-03 14:52:00,585.55,585.55,585.55,585.55,50,2400,625.96,580.05,616.55
6730,2021-01-03 14:53:00,585.55,585.55,585.55,585.55,50,2400,625.96,580.05,616.55
6731,2021-01-03 14:54:00,585.55,585.55,585.55,585.55,50,2400,625.96,580.05,616.55
6732,2021-01-03 14:55:00,585.55,585.55,585.55,585.55,50,2400,625.96,580.05,616.55
6733,2021-01-03 14:56:00,585.55,585.55,585.55,585.55,50,2400,625.96,580.05,616.55
6734,2021-01-03 14:57:00,585.55,585.55,585.55,585.55,50,2400,625.96,580.05,616.55
6735,2021-01-03 14:58:00,585.55,585.55,585.55,585.55,50,2400,625.96,580.05,616.55
6736,2021-01-03 14:59:00,585.55,585.55,585.55,585.55,50,2400,625.96,580.05,616.55
6737,2021-01-03 15:00:00,585.55,585.55,585.55,585.55,50,2400,625.96,580.05,616.55
6738,2021-01-03 15:01:00,585.55,585.55,585.55,585.55,50,2400,625.96,580.05,616.55
6739,2021-01-03 15:02:00,585.55,585.55,585.55,585.55,50,2400,625.96,580.05,616.55
6740,2021-01-03 15:03:00,585.55,585.55,585.55,585.55,50,2400,625.96,580.05,616.55
6741,2021-01-03 15:04:00,585.55,585.55,585.55,585.55,50,2400,625.96,580.05,616.55
6742,2021-01-03 15:05:00,585.55,585.55,585.55,585.55,50,2400,625.96,580.05,616.55
6743,2021-01-03 15:06:00,585.55,585.55,585.55,585.55,50,2400,625.96,580.05,616.55
6744,2021-01-03 15:07:00,585.55,585.55,585.55,585.55,50,2400,625.96,580.05,616.55
6745,2021-01-03 15:08:00,585.55,585.55,585.55,585.55,50,2400,625.96,580.05,616.55
6746,2021-01-03 15:09:00,585.55,585.55,585.55,585.55,50,2400,625.96,580.05,616.55
6747,2021-01-03 15:10:00,585.55,585.55,585.55,585.55,50,2400,625.96,580.05,616.55
6748,2021-01-03 15:11:00,585.55,585.55,585.55,585.55,50,2400,625.96,580.05,616.55
6749,2021-01-03 15:12:00,585.55,585.55,585.55,585.55,50,2400,625.96,580.05,616.55
6750,2021-01-03 15:13:00,585.55,585.55,585.55,585.55,50,2400,625.96,580.05,616.55
6751,2021-01-03 15:14:00,585.55,585.55,585.55,585.55,50,2400,625.96,580.05,616.55
6752,2021-01-03 15:15:00,585.55,585.55,585.55,585.55,50,2400,625.96,580.05,616.55
6753,2021-01-03 15:16:00,585.55,585.55,585.55,585.55,50,2400,625.96,580.05,616.55
6754,2021-01-03 15:17:00,585.55,585.55,585.55,585.55,50,2400,625.96,580.05,616.55
6755,2021-01-03 15:18:00,585.55,585.55,585.55,585.55,50,2400,625.96,580.05,616.55
6756,2021-01-03 15:19:00,585.55,585.55,585.55,585.55,50,2400,625.96,580.05,616.55
6757,2021-01-03 15:20:00,585.55,585.55,585.55,585.55,50,2400,625.96,580.05,616.55
6758,2021-01-03 15:21:00,585.55,585.55,585.55,585.55,50,2400,625.96,580.05,616.55
6759,2021-01-03 15:22:00,585.55,585.55,585.55,585.55,50,2400,625.96,580.05,616.55
6760,2021-01-03 15:23:00,585.55,585.55,585.55,585.55,50,2400,625.96,580.05,616.55
6761,2021-01-03 15:24:00,585.55,585.55,585.55,585.55,50,2400,625.96,580.05,616.55
6762,2021-01-03 15:25:00,585.55,585.55,585.55,585.55,50,2400,625.96,580.05,616.55
6763,2021-01-03 15:26:00,585.55,585.55,585.55,585.55,50,2400,625.96,580.05,616.55
6764,2021-01-03 15:27:00,585.55,585.55,585.55,585.55,50,2400,625.96,580.05,616.55
6765,2021-01-03 15:28:00,585.55,585.55,585.55,585.55,50,2400,625.96,580.05,616.55
6766,2021-01-03 15:29:00,585.55,585.55,585.55,585.55,50,2400,625.96,580.05,616.55
6767,2021-01-03 15:30:00,585.55,585.55,585.55,585.55,50,2400,625.96,580.05,616.55
6768,2021-01-04 09:15:00,760.85,761.7,642.9,672.2,275,2475,700.42,657.75,684.5
6769,2021-01-04 09:16:00,675.05,675.05,670.05,670.05,50,2475,696.13,651.9,667.65
6770,2021-01-04 09:17:00,675.05,675.05,670.05,670.05,50,2475,696.13,651.9,667.65
6771,2021-01-04 09:18:00,660.0,660.0,660.0,660.0,175,2475,683.49,660.7,668.1
6772,2021-01-04 09:19:00,673.15,673.15,673.15,673.15,25,2475,682.99,663.95,674.55
6773,2021-01-04 09:20:00,673.15,673.15,673.15,673.15,25,2475,682.99,663.95,674.55
6774,2021-01-04 09:21:00,661.9,665.0,661.4,661.4,75,2650,680.46,659.9,668.55
6775,2021-01-04 09:22:00,661.9,665.0,661.4,661.4,75,2650,680.46,659.9,668.55
6776,2021-01-04 09:23:00,661.9,665.0,661.4,661.4,75,2650,680.46,659.9,668.55
6777,2021-01-04 09:24:00,655.65,655.65,653.2,653.2,375,2650,670.61,650.75,655.0
6778,2021-01-04 09:25:00,654.0,654.0,649.2,649.2,500,2650,663.96,640.2,648.35
6779,2021-01-04 09:26:00,629.85,629.85,624.4,627.8,175,2550,660.34,631.75,641.15
6780,2021-01-04 09:27:00,647.95,647.95,647.95,647.95,25,2550,660.15,638.4,647.85
6781,2021-01-04 09:28:00,652.2,661.4,652.2,661.4,75,2550,660.07,662.2,672.75
6782,2021-01-04 09:29:00,652.2,661.4,652.2,661.4,75,2550,660.07,662.2,672.75
6783,2021-01-04 09:30:00,673.25,673.25,673.25,673.25,125,2650,660.97,673.35,678.15
6784,2021-01-04 09:31:00,676.0,676.0,673.45,673.45,175,2650,662.1,667.25,672.95
6785,2021-01-04 09:32:00,673.0,679.1,670.45,670.45,125,2600,662.76,670.45,676.35
6786,2021-01-04 09:33:00,670.45,670.45,670.45,670.45,25,2600,662.85,664.85,671.15
6787,2021-01-04 09:34:00,671.15,671.15,665.2,665.2,50,2600,662.97,662.9,669.5
6788,2021-01-04 09:35:00,671.9,671.9,671.9,671.9,25,2400,663.07,666.9,673.95
6789,2021-01-04 09:36:00,671.9,671.9,671.9,671.9,25,2400,663.07,666.9,673.95
6790,2021-01-04 09:37:00,671.9,671.9,671.9,671.9,25,2400,663.07,666.9,673.95
6791,2021-01-04 09:38:00,671.9,671.9,671.9,671.9,25,2400,663.07,666.9,673.95
6792,2021-01-04 09:39:00,665.0,665.0,665.0,665.0,25,2400,663.09,659.35,665.35
6793,2021-01-04 09:40:00,665.0,665.0,665.0,665.0,25,2400,663.09,659.35,665.35
6794,2021-01-04 09:41:00,665.0,665.0,665.0,665.0,25,2400,663.09,659.35,665.35
6795,2021-01-04 09:42:00,665.0,665.0,665.0,665.0,25,2400,663.09,659.35,665.35
6796,2021-01-04 09:43:00,665.0,665.0,665.0,665.0,25,2400,663.09,659.35,665.35
6797,2021-01-04 09:44:00,665.0,665.0,665.0,665.0,25,2400,663.09,659.35,665.35
6798,2021-01-04 09:45:00,665.0,665.0,665.0,665.0,25,2425,663.11,658.15,665.95
6799,2021-01-04 09:46:00,665.0,665.0,665.0,665.0,25,2425,663.11,658.15,665.95
6800,2021-01-04 09:47:00,665.0,665.0,665.0,665.0,25,2425,663.11,658.15,665.95
6801,2021-01-04 09:48:00,665.0,665.0,665.0,665.0,25,2425,663.11,658.15,665.95
6802,2021-01-04 09:49:00,665.0,665.0,665.0,665.0,25,2425,663.11,658.15,665.95
6803,2021-01-04 09:50:00,665.0,665.0,665.0,665.0,50,2450,663.15,665.05,669.55
6804,2021-01-04 09:51:00,668.55,668.55,665.0,665.0,300,2450,663.42,662.6,667.2
6805,2021-01-04 09:52:00,668.55,668.55,665.0,665.0,300,2450,663.42,662.6,667.2
6806,2021-01-04 09:53:00,660.05,660.05,660.05,660.05,25,2800,663.39,660.85,666.65
6807,2021-01-04 09:54:00,667.25,667.25,667.25,667.25,50,2800,663.46,666.1,672.4
6808,2021-01-04 09:55:00,663.8,663.8,663.8,663.8,25,2800,663.46,661.2,668.1
6809,2021-01-04 09:56:00,663.8,663.8,663.8,663.8,25,2800,663.46,661.2,668.1
6810,2021-01-04 09:57:00,672.7,672.7,672.7,672.7,25,2800,663.55,666.75,673.6
6811,2021-01-04 09:58:00,672.7,672.7,672.7,672.7,25,2800,663.55,666.75,673.6
6812,2021-01-04 09:59:00,672.7,672.7,672.7,672.7,25,2800,663.55,666.75,673.6
6813,2021-01-04 10:00:00,672.7,672.7,672.7,672.7,25,2800,663.55,666.75,673.6
6814,2021-01-04 10:01:00,658.6,658.6,658.6,658.6,25,2825,663.5,659.85,667.1
6815,2021-01-04 10:02:00,658.6,658.6,658.6,658.6,25,2825,663.5,659.85,667.1
6816,2021-01-04 10:03:00,658.6,658.6,658.6,658.6,25,2825,663.5,659.85,667.1
6817,2021-01-04 10:04:00,658.6,658.6,658.6,658.6,25,2825,663.5,659.85,667.1
6818,2021-01-04 10:05:00,658.6,658.6,658.6,658.6,25,2825,663.5,659.85,667.1
6819,2021-01-04 10:06:00,658.6,658.6,658.6,658.6,25,2825,663.5,659.85,667.1
6820,2021-01-04 10:07:00,655.2,655.2,655.2,655.2,25,2850,663.43,654.9,660.0
6821,2021-01-04 10:08:00,660.0,660.0,660.0,660.0,25,2850,663.4,657.85,664.6
6822,2021-01-04 10:09:00,660.0,660.0,660.0,660.0,25,2850,663.4,657.85,664.6
6823,2021-01-04 10:10:00,660.0,660.0,660.0,660.0,25,2850,663.4,657.85,664.6
6824,2021-01-04 10:11:00,660.0,660.0,660.0,660.0,25,2850,663.4,657.85,664.6
6825,2021-01-04 10:12:00,660.0,660.0,660.0,660.0,25,2850,663.4,657.85,664.6
6826,2021-01-04 10:13:00,660.0,660.0,660.0,660.0,25,2850,663.4,657.85,664.6
6827,2021-01-04 10:14:00,660.0,660.0,660.0,660.0,25,2850,663.4,657.85,664.6
6828,2021-01-04 10:15:00,660.0,660.0,660.0,660.0,25,2850,663.4,657.85,664.6
6829,2021-01-04 10:16:00,660.6,660.6,660.6,660.6,25,2825,663.38,657.95,663.75
6830,2021-01-04 10:17:00,657.95,657.95,657.95,657.95,25,2825,663.33,665.2,670.15
6831,2021-01-04 10:18:00,657.95,657.95,657.95,657.95,25,2825,663.33,665.2,670.15
6832,2021-01-04 10:19:00,657.95,657.95,657.95,657.95,25,2825,663.33,665.2,670.15
6833,2021-01-04 10:20:00,657.95,657.95,657.95,657.95,25,2825,663.33,665.2,670.15
6834,2021-01-04 10:21:00,657.95,657.95,657.95,657.95,25,2825,663.33,665.2,670.15
6835,2021-01-04 10:22:00,657.95,657.95,657.95,657.95,25,2825,663.33,665.2,670.15
6836,2021-01-04 10:23:00,657.95,657.95,657.95,657.95,25,2825,663.33,665.2,670.15
6837,2021-01-04 10:24:00,657.95,657.95,657.95,657.95,25,2825,663.33,665.2,670.15
6838,2021-01-04 10:25:00,657.95,657.95,657.95,657.95,25,2825,663.33,665.2,670.15
6839,2021-01-04 10:26:00,657.95,657.95,657.95,657.95,25,2825,663.33,665.2,670.15
6840,2021-01-04 10:27:00,657.5,657.5,657.5,657.5,25,2775,663.28,651.65,657.2
6841,2021-01-04 10:28:00,657.5,657.5,657.5,657.5,25,2775,663.28,651.65,657.2
6842,2021-01-04 10:29:00,657.5,657.5,657.5,657.5,25,2775,663.28,651.65,657.2
6843,2021-01-04 10:30:00,657.5,657.5,657.5,657.5,25,2775,663.28,651.65,657.2
6844,2021-01-04 10:31:00,650.65,650.65,650.65,650.65,50,2775,663.07,647.05,655.85
6845,2021-01-04 10:32:00,650.65,650.65,650.65,650.65,50,2775,663.07,647.05,655.85
6846,2021-01-04 10:33:00,650.65,650.65,650.65,650.65,50,2775,663.07,647.05,655.85
6847,2021-01-04 10:34:00,649.8,649.8,649.8,649.8,25,2825,662.96,645.95,653.8
6848,2021-01-04 10:35:00,649.8,649.8,649.8,649.8,25,2825,662.96,645.95,653.8
6849,2021-01-04 10:36:00,639.95,642.6,639.95,640.0,150,2825,661.9,640.0,646.1
6850,2021-01-04 10:37:00,639.95,642.6,639.95,640.0,150,2825,661.9,640.0,646.1
6851,2021-01-04 10:38:00,639.95,642.6,639.95,640.0,150,2825,661.9,640.0,646.1
6852,2021-01-04 10:39:00,639.95,642.6,639.95,640.0,150,2825,661.9,640.0,646.1
6853,2021-01-04 10:40:00,639.95,642.6,639.95,640.0,150,2825,661.9,640.0,646.1
6854,2021-01-04 10:41:00,639.95,642.6,639.95,640.0,150,2825,661.9,640.0,646.1
6855,2021-01-04 10:42:00,639.95,642.6,639.95,640.0,150,2825,661.9,640.0,646.1
6856,2021-01-04 10:43:00,639.95,642.6,639.95,640.0,150,2825,661.9,640.0,646.1
6857,2021-01-04 10:44:00,639.95,642.6,639.95,640.0,150,2825,661.9,640.0,646.1
6858,2021-01-04 10:45:00,639.95,642.6,639.95,640.0,150,2825,661.9,640.0,646.1
6859,2021-01-04 10:46:00,639.95,642.6,639.95,640.0,150,2825,661.9,640.0,646.1
6860,2021-01-04 10:47:00,630.0,630.0,630.0,630.0,175,2750,660.23,624.1,633.4
6861,2021-01-04 10:48:00,590.0,607.4,558.15,602.4,1550,2750,637.27,599.9,609.9
6862,2021-01-04 10:49:00,610.0,617.35,610.0,616.0,125,2750,636.73,610.8,618.9
6863,2021-01-04 10:50:00,604.15,604.15,604.15,604.15,25,2750,636.56,593.85,601.65
6864,2021-01-04 10:51:00,589.4,600.25,589.4,600.25,50,3200,636.16,602.85,611.0
6865,2021-01-04 10:52:00,589.4,600.25,589.4,600.25,50,3200,636.16,602.85,611.0
6866,2021-01-04 10:53:00,604.3,604.3,604.3,604.3,25,3175,636.0,598.55,605.75
6867,2021-01-04 10:54:00,604.3,604.3,604.3,604.3,25,3175,636.0,598.55,605.75
6868,2021-01-04 10:55:00,600.0,600.0,600.0,600.0,25,3175,635.83,586.85,593.95
6869,2021-01-04 10:56:00,590.1,590.1,590.1,590.1,25,3175,635.6,586.3,591.9
6870,2021-01-04 10:57:00,580.0,580.0,551.95,551.95,150,3225,633.54,555.1,564.4
6871,2021-01-04 10:58:00,552.05,565.0,552.05,565.0,75,3225,632.52,559.4,567.5
6872,2021-01-04 10:59:00,552.05,565.0,552.05,565.0,75,3225,632.52,559.4,567.5
6873,2021-01-04 11:00:00,531.2,548.9,506.45,506.45,600,3150,622.56,514.85,524.2
6874,2021-01-04 11:01:00,524.35,531.9,518.55,531.9,150,3150,620.2,531.65,540.5
6875,2021-01-04 11:02:00,524.35,531.9,518.55,531.9,150,3150,620.2,531.65,540.5
6876,2021-01-04 11:03:00,543.15,543.15,543.15,543.15,25,3425,619.89,527.15,538.8
6877,2021-01-04 11:04:00,518.65,518.65,518.65,518.65,25,3425,619.48,516.7,522.7
6878,2021-01-04 11:05:00,505.85,505.85,479.05,479.1,450,3425,611.11,496.35,506.1
6879,2021-01-04 11:06:00,513.75,515.0,513.75,515.0,50,3600,610.39,508.45,517.45
6880,2021-01-04 11:07:00,516.7,516.7,516.7,516.7,25,3600,610.04,532.55,542.9
6881,2021-01-04 11:08:00,516.7,516.7,516.7,516.7,25,3600,610.04,532.55,542.9
6882,2021-01-04 11:09:00,516.7,516.7,516.7,516.7,25,3600,610.04,532.55,542.9
6883,2021-01-04 11:10:00,516.7,516.7,516.7,516.7,25,3600,610.04,532.55,542.9
6884,2021-01-04 11:11:00,516.7,516.7,516.7,516.7,25,3600,610.04,532.55,542.9
6885,2021-01-04 11:12:00,535.0,542.3,535.0,542.3,50,3625,609.52,532.9,542.5
6886,2021-01-04 11:13:00,542.35,542.35,542.3,542.3,50,3625,609.02,534.2,542.85
6887,2021-01-04 11:14:00,535.0,535.0,535.0,535.0,25,3550,608.75,531.15,539.55
6888,2021-01-04 11:15:00,535.0,535.0,535.0,535.0,25,3550,608.75,531.15,539.55
6889,2021-01-04 11:16:00,544.75,544.75,544.75,544.75,25,3550,608.52,536.25,544.05
6890,2021-01-04 11:17:00,530.4,532.1,530.4,532.1,75,3575,607.68,525.45,532.6
6891,2021-01-04 11:18:00,531.55,531.55,527.1,527.1,50,3575,607.12,526.4,533.25
6892,2021-01-04 11:19:00,530.4,530.4,530.4,530.4,25,3575,606.85,524.25,533.4
6893,2021-01-04 11:20:00,530.4,530.4,530.4,530.4,25,3575,606.85,524.25,533.4
6894,2021-01-04 11:21:00,530.4,530.4,530.4,530.4,25,3575,606.85,524.25,533.4
6895,2021-01-04 11:22:00,530.4,530.4,530.4,530.4,25,3575,606.85,524.25,533.4
6896,2021-01-04 11:23:00,521.0,521.0,521.0,521.0,50,3400,606.24,524.0,530.3
6897,2021-01-04 11:24:00,530.7,530.7,530.7,530.7,25,3425,605.98,0.0,0.0
6898,2021-01-04 11:25:00,532.5,532.5,532.5,532.5,25,3425,605.72,532.35,539.8
6899,2021-01-04 11:26:00,532.5,532.5,532.5,532.5,25,3425,605.72,532.35,539.8
6900,2021-01-04 11:27:00,532.5,532.5,532.5,532.5,25,3425,605.72,532.35,539.8
6901,2021-01-04 11:28:00,534.45,534.45,534.45,534.45,50,3475,605.22,530.0,538.75
6902,2021-01-04 11:29:00,531.9,531.9,531.9,531.9,25,3475,604.97,532.8,538.45
6903,2021-01-04 11:30:00,531.9,531.9,531.9,531.9,25,3475,604.97,532.8,538.45
6904,2021-01-04 11:31:00,539.25,548.1,539.25,548.1,75,3475,604.32,549.95,557.8
6905,2021-01-04 11:32:00,555.6,555.6,555.6,555.6,50,3475,603.99,552.05,560.2
6906,2021-01-04 11:33:00,557.8,557.8,557.8,557.8,50,3425,603.68,552.1,560.7
6907,2021-01-04 11:34:00,557.8,557.8,557.8,557.8,50,3425,603.68,552.1,560.7
6908,2021-01-04 11:35:00,556.85,566.45,556.85,566.45,375,3475,601.7,562.0,570.8
6909,2021-01-04 11:36:00,556.85,566.45,556.85,566.45,375,3475,601.7,562.0,570.8
6910,2021-01-04 11:37:00,556.85,566.45,556.85,566.45,375,3475,601.7,562.0,570.8
6911,2021-01-04 11:38:00,556.85,566.45,556.85,566.45,375,3475,601.7,562.0,570.8
6912,2021-01-04 11:39:00,556.85,566.45,556.85,566.45,375,3475,601.7,562.0,570.8
6913,2021-01-04 11:40:00,552.75,552.85,552.75,552.8,1875,3400,592.17,551.25,560.15
6914,2021-01-04 11:41:00,552.75,552.85,552.75,552.8,1875,3400,592.17,551.25,560.15
6915,2021-01-04 11:42:00,561.3,568.0,559.9,559.9,200,4950,591.62,559.0,568.25
6916,2021-01-04 11:43:00,561.3,568.0,559.9,559.9,200,4950,591.62,559.0,568.25
6917,2021-01-04 11:44:00,561.3,568.0,559.9,559.9,200,4950,591.62,559.0,568.25
6918,2021-01-04 11:45:00,551.8,551.8,551.75,551.75,50,4625,591.41,552.1,560.95
6919,2021-01-04 11:46:00,551.8,551.8,551.75,551.75,50,4625,591.41,552.1,560.95
6920,2021-01-04 11:47:00,569.1,569.1,569.1,569.1,450,4625,590.41,564.45,571.65
6921,2021-01-04 11:48:00,563.25,563.25,563.25,563.25,25,4775,590.34,556.4,562.35
6922,2021-01-04 11:49:00,563.25,563.25,563.25,563.25,25,4775,590.34,556.4,562.35
6923,2021-01-04 11:50:00,541.5,541.5,541.5,541.5,25,4775,590.22,540.5,548.1
6924,2021-01-04 11:51:00,545.95,550.05,541.0,550.05,100,4800,589.78,542.35,549.45
6925,2021-01-04 11:52:00,531.45,531.45,531.45,531.45,475,4800,587.28,536.85,544.8
6926,2021-01-04 11:53:00,531.45,531.45,531.45,531.45,475,4800,587.28,536.85,544.8
6927,2021-01-04 11:54:00,548.55,548.55,548.55,548.55,25,4925,587.19,541.35,549.25
6928,2021-01-04 11:55:00,548.55,548.55,548.55,548.55,25,4925,587.19,541.35,549.25
6929,2021-01-04 11:56:00,548.55,548.55,548.55,548.55,25,4925,587.19,541.35,549.25
6930,2021-01-04 11:57:00,548.55,548.55,548.55,548.55,25,4925,587.19,541.35,549.25
6931,2021-01-04 11:58:00,548.55,548.55,548.55,548.55,25,4925,587.19,541.35,549.25
6932,2021-01-04 11:59:00,533.6,537.65,533.6,537.65,150,4925,586.49,528.05,535.35
6933,2021-01-04 12:00:00,533.6,537.65,533.6,537.65,150,4925,586.49,528.05,535.35
6934,2021-01-04 12:01:00,532.55,532.55,532.55,532.55,25,4900,586.37,538.3,545.35
6935,2021-01-04 12:02:00,532.55,532.55,532.55,532.55,25,4900,586.37,538.3,545.35
6936,2021-01-04 12:03:00,532.55,532.55,532.55,532.55,25,4900,586.37,538.3,545.35
6937,2021-01-04 12:04:00,532.55,532.55,532.55,532.55,25,4900,586.37,538.3,545.35
6938,2021-01-04 12:05:00,532.55,532.55,532.55,532.55,25,4900,586.37,538.3,545.35
6939,2021-01-04 12:06:00,532.55,532.55,532.55,532.55,25,4900,586.37,538.3,545.35
6940,2021-01-04 12:07:00,545.25,545.25,545.25,545.25,25,4875,586.27,543.25,550.3
6941,2021-01-04 12:08:00,545.25,545.25,545.25,545.25,25,4875,586.27,543.25,550.3
6942,2021-01-04 12:09:00,545.25,545.25,545.25,545.25,25,4875,586.27,543.25,550.3
6943,2021-01-04 12:10:00,545.5,545.5,543.65,543.65,125,4900,585.8,542.6,547.75
6944,2021-01-04 12:11:00,542.6,542.6,539.6,539.6,125,4900,585.32,536.7,541.7
6945,2021-01-04 12:12:00,542.4,542.9,542.4,542.9,50,4975,585.14,540.35,545.05
6946,2021-01-04 12:13:00,542.4,542.9,542.4,542.9,50,4975,585.14,540.35,545.05
6947,2021-01-04 12:14:00,548.8,553.65,548.8,553.65,75,4975,584.91,545.85,553.15
6948,2021-01-04 12:15:00,548.8,553.65,548.8,553.65,75,4975,584.91,545.85,553.15
6949,2021-01-04 12:16:00,548.8,553.65,548.8,553.65,75,4975,584.91,545.85,553.15
6950,2021-01-04 12:17:00,548.8,553.65,548.8,553.65,75,4975,584.91,545.85,553.15
6951,2021-01-04 12:18:00,548.8,553.65,548.8,553.65,75,4975,584.91,545.85,553.15
6952,2021-01-04 12:19:00,548.8,553.65,548.8,553.65,75,4975,584.91,545.85,553.15
6953,2021-01-04 12:20:00,548.8,553.65,548.8,553.65,75,4975,584.91,545.85,553.15
6954,2021-01-04 12:21:00,548.8,553.65,548.8,553.65,75,4975,584.91,545.85,553.15
6955,2021-01-04 12:22:00,548.8,553.65,548.8,553.65,75,4975,584.91,545.85,553.15
6956,2021-01-04 12:23:00,548.8,553.65,548.8,553.65,75,4975,584.91,545.85,553.15
6957,2021-01-04 12:24:00,548.8,553.65,548.8,553.65,75,4975,584.91,545.85,553.15
6958,2021-01-04 12:25:00,548.8,553.65,548.8,553.65,75,4975,584.91,545.85,553.15
6959,2021-01-04 12:26:00,548.8,553.65,548.8,553.65,75,4975,584.91,545.85,553.15
6960,2021-01-04 12:27:00,548.8,553.65,548.8,553.65,75,4975,584.91,545.85,553.15
6961,2021-01-04 12:28:00,548.8,553.65,548.8,553.65,75,4975,584.91,545.85,553.15
6962,2021-01-04 12:29:00,548.4,548.4,548.4,548.4,25,4975,584.83,545.75,551.7
6963,2021-01-04 12:30:00,561.85,561.95,561.65,561.95,275,5000,584.31,554.3,561.0
6964,2021-01-04 12:31:00,561.85,561.95,561.65,561.95,275,5000,584.31,554.3,561.0
6965,2021-01-04 12:32:00,556.95,556.95,556.95,556.95,50,5000,584.19,554.2,559.6
6966,2021-01-04 12:33:00,565.6,565.6,565.6,565.6,25,5100,584.15,562.1,569.15
6967,2021-01-04 12:34:00,565.6,565.6,565.6,565.6,25,5100,584.15,562.1,569.15
6968,2021-01-04 12:35:00,563.85,563.85,563.85,563.85,25,5100,584.11,560.45,569.6
6969,2021-01-04 12:36:00,563.85,563.85,563.85,563.85,25,5100,584.11,560.45,569.6
6970,2021-01-04 12:37:00,563.85,563.85,563.85,563.85,25,5100,584.11,560.45,569.6
6971,2021-01-04 12:38:00,563.85,563.85,563.85,563.85,25,5100,584.11,560.45,569.6
6972,2021-01-04 12:39:00,563.85,563.85,563.85,563.85,25,5100,584.11,560.45,569.6
6973,2021-01-04 12:40:00,575.15,575.15,575.15,575.15,25,4825,584.09,568.5,576.0
6974,2021-01-04 12:41:00,570.0,570.0,569.05,569.05,75,4825,584.0,563.25,571.25
6975,2021-01-04 12:42:00,570.0,570.0,569.05,569.05,75,4825,584.0,563.25,571.25
6976,2021-01-04 12:43:00,570.0,570.0,569.05,569.05,75,4825,584.0,563.25,571.25
6977,2021-01-04 12:44:00,570.0,570.0,569.05,569.05,75,4825,584.0,563.25,571.25
6978,2021-01-04 12:45:00,570.0,570.0,569.05,569.05,75,4825,584.0,563.25,571.25
6979,2021-01-04 12:46:00,574.15,574.15,574.15,574.15,50,4900,583.96,574.1,580.35
6980,2021-01-04 12:47:00,574.15,574.15,574.15,574.15,50,4900,583.96,574.1,580.35
6981,2021-01-04 12:48:00,574.15,574.15,574.15,574.15,50,4900,583.96,574.1,580.35
6982,2021-01-04 12:49:00,574.15,574.15,574.15,574.15,50,4900,583.96,574.1,580.35
6983,2021-01-04 12:50:00,574.15,574.15,574.15,574.15,50,4900,583.96,574.1,580.35
6984,2021-01-04 12:51:00,574.1,574.15,574.1,574.15,75,4900,583.9,563.35,571.45
6985,2021-01-04 12:52:00,574.1,574.15,574.1,574.15,75,4900,583.9,563.35,571.45
6986,2021-01-04 12:53:00,574.1,574.15,574.1,574.15,75,4900,583.9,563.35,571.45
6987,2021-01-04 12:54:00,567.95,567.95,567.95,567.95,75,4900,583.8,564.2,567.9
6988,2021-01-04 12:55:00,567.95,567.95,567.95,567.95,75,4900,583.8,564.2,567.9
6989,2021-01-04 12:56:00,565.4,567.9,565.4,567.9,425,4900,583.23,562.85,572.5
6990,2021-01-04 12:57:00,565.4,567.9,565.4,567.9,425,4900,583.23,562.85,572.5
6991,2021-01-04 12:58:00,565.4,567.9,565.4,567.9,425,4900,583.23,562.85,572.5
6992,2021-01-04 12:59:00,565.4,567.9,565.4,567.9,425,4900,583.23,562.85,572.5
6993,2021-01-04 13:00:00,565.4,567.9,565.4,567.9,425,4900,583.23,562.85,572.5
6994,2021-01-04 13:01:00,550.0,550.0,549.35,549.35,100,5375,582.97,542.05,550.75
6995,2021-01-04 13:02:00,550.0,550.0,549.35,549.35,100,5375,582.97,542.05,550.75
6996,2021-01-04 13:03:00,549.5,549.5,549.5,549.5,25,5425,582.9,552.5,558.5
6997,2021-01-04 13:04:00,558.65,558.65,558.65,558.65,25,5425,582.85,552.1,559.05
6998,2021-01-04 13:05:00,558.65,558.65,558.65,558.65,25,5425,582.85,552.1,559.05
6999,2021-01-04 13:06:00,558.2,558.2,558.2,558.2,25,5425,582.81,554.85,561.05
7000,2021-01-04 13:07:00,558.2,558.2,558.2,558.2,25,5425,582.81,554.85,561.05
7001,2021-01-04 13:08:00,558.2,558.2,558.2,558.2,25,5425,582.81,554.85,561.05
7002,2021-01-04 13:09:00,556.75,559.0,556.75,559.0,50,5425,582.71,555.8,562.9
7003,2021-01-04 13:10:00,556.75,559.0,556.75,559.0,50,5425,582.71,555.8,562.9
7004,2021-01-04 13:11:00,556.75,559.0,556.75,559.0,50,5425,582.71,555.8,562.9
7005,2021-01-04 13:12:00,563.45,563.45,563.45,563.45,50,5450,582.63,556.3,562.2
7006,2021-01-04 13:13:00,563.45,563.45,563.45,563.45,50,5450,582.63,556.3,562.2
7007,2021-01-04 13:14:00,563.45,563.45,563.45,563.45,50,5450,582.63,556.3,562.2
7008,2021-01-04 13:15:00,563.45,563.45,563.45,563.45,50,5450,582.63,556.3,562.2
7009,2021-01-04 13:16:00,566.75,566.75,566.75,566.75,25,5500,582.6,557.7,565.4
7010,2021-01-04 13:17:00,566.75,566.75,566.75,566.75,25,5500,582.6,557.7,565.4
7011,2021-01-04 13:18:00,566.75,566.75,566.75,566.75,25,5500,582.6,557.7,565.4
7012,2021-01-04 13:19:00,566.75,566.75,566.75,566.75,25,5500,582.6,557.7,565.4
7013,2021-01-04 13:20:00,566.75,566.75,566.75,566.75,25,5500,582.6,557.7,565.4
7014,2021-01-04 13:21:00,566.75,566.75,566.75,566.75,25,5500,582.6,557.7,565.4
7015,2021-01-04 13:22:00,566.75,566.75,566.75,566.75,25,5500,582.6,557.7,565.4
7016,2021-01-04 13:23:00,566.75,566.75,566.75,566.75,25,5500,582.6,557.7,565.4
7017,2021-01-04 13:24:00,566.75,566.75,566.75,566.75,25,5500,582.6,557.7,565.4
7018,2021-01-04 13:25:00,566.75,566.75,566.75,566.75,25,5500,582.6,557.7,565.4
7019,2021-01-04 13:26:00,566.75,566.75,566.75,566.75,25,5500,582.6,557.7,565.4
7020,2021-01-04 13:27:00,566.75,566.75,566.75,566.75,25,5500,582.6,557.7,565.4
7021,2021-01-04 13:28:00,566.75,566.75,566.75,566.75,25,5500,582.6,557.7,565.4
7022,2021-01-04 13:29:00,566.75,566.75,566.75,566.75,25,5500,582.6,557.7,565.4
7023,2021-01-04 13:30:00,599.95,599.95,589.5,589.5,100,5400,582.7,589.05,594.6
7024,2021-01-04 13:31:00,589.05,589.05,589.05,589.05,25,5400,582.71,579.7,589.55
7025,2021-01-04 13:32:00,589.05,589.05,589.05,589.05,25,5400,582.71,579.7,589.55
7026,2021-01-04 13:33:00,589.05,589.05,589.05,589.05,25,5400,582.71,579.7,589.55
7027,2021-01-04 13:34:00,589.05,589.05,589.05,589.05,25,5400,582.71,579.7,589.55
7028,2021-01-04 13:35:00,589.05,589.05,589.05,589.05,25,5400,582.71,579.7,589.55
7029,2021-01-04 13:36:00,589.05,589.05,589.05,589.05,25,5400,582.71,579.7,589.55
7030,2021-01-04 13:37:00,589.05,589.05,589.05,589.05,25,5400,582.71,579.7,589.55
7031,2021-01-04 13:38:00,574.5,574.65,574.5,574.65,50,5375,582.68,571.25,580.15
7032,2021-01-04 13:39:00,574.5,574.65,574.5,574.65,50,5375,582.68,571.25,580.15
7033,2021-01-04 13:40:00,574.35,579.7,574.35,578.8,300,5375,582.58,572.2,582.2
7034,2021-01-04 13:41:00,574.35,579.7,574.35,578.8,300,5375,582.58,572.2,582.2
7035,2021-01-04 13:42:00,574.35,579.7,574.35,578.8,300,5375,582.58,572.2,582.2
7036,2021-01-04 13:43:00,574.35,579.7,574.35,578.8,300,5375,582.58,572.2,582.2
7037,2021-01-04 13:44:00,584.0,584.0,584.0,584.0,25,5375,582.59,575.1,584.0
7038,2021-01-04 13:45:00,584.0,584.0,584.0,584.0,25,5375,582.59,575.1,584.0
7039,2021-01-04 13:46:00,572.9,572.9,572.9,572.9,25,5400,582.57,569.75,578.7
7040,2021-01-04 13:47:00,572.9,572.9,572.9,572.9,25,5400,582.55,564.2,573.45
7041,2021-01-04 13:48:00,572.9,572.9,572.9,572.9,25,5400,582.55,564.2,573.45
7042,2021-01-04 13:49:00,572.9,572.9,572.9,572.9,25,5400,582.55,564.2,573.45
7043,2021-01-04 13:50:00,572.9,572.9,572.9,572.9,25,5375,582.53,572.8,580.85
7044,2021-01-04 13:51:00,572.9,572.9,572.9,572.9,25,5375,582.53,572.8,580.85
7045,2021-01-04 13:52:00,572.9,572.9,572.9,572.9,25,5375,582.53,572.8,580.85
7046,2021-01-04 13:53:00,572.9,572.9,572.9,572.9,25,5375,582.53,572.8,580.85
7047,2021-01-04 13:54:00,572.9,572.9,572.9,572.9,25,5375,582.53,572.8,580.85
7048,2021-01-04 13:55:00,572.9,572.9,572.9,572.9,25,5375,582.53,572.8,580.85
7049,2021-01-04 13:56:00,572.9,572.9,572.9,572.9,25,5375,582.53,572.8,580.85
7050,2021-01-04 13:57:00,572.9,572.9,572.9,572.9,25,5375,582.53,572.8,580.85
7051,2021-01-04 13:58:00,572.9,572.9,572.9,572.9,25,5375,582.53,572.8,580.85
7052,2021-01-04 13:59:00,572.9,572.9,572.9,572.9,25,5375,582.53,572.8,580.85
7053,2021-01-04 14:00:00,565.2,565.2,511.05,511.05,200,5375,581.85,529.25,542.2
7054,2021-01-04 14:01:00,552.0,552.0,540.1,540.1,125,5375,581.54,540.35,549.15
7055,2021-01-04 14:02:00,552.0,552.0,540.1,540.1,125,5375,581.54,540.35,549.15
7056,2021-01-04 14:03:00,552.0,552.0,540.1,540.1,125,5375,581.54,540.35,549.15
7057,2021-01-04 14:04:00,536.55,536.55,536.55,536.55,25,5525,581.46,542.45,551.9
7058,2021-01-04 14:05:00,536.55,536.55,536.55,536.55,25,5525,581.46,542.45,551.9
7059,2021-01-04 14:06:00,536.55,536.55,536.55,536.55,25,5525,581.46,542.45,551.9
7060,2021-01-04 14:07:00,551.55,551.55,551.55,551.55,25,5525,581.41,543.65,552.85
7061,2021-01-04 14:08:00,551.55,551.55,551.55,551.55,25,5525,581.41,543.65,552.85
7062,2021-01-04 14:09:00,551.55,551.55,551.55,551.55,25,5525,581.41,543.65,552.85
7063,2021-01-04 14:10:00,546.95,546.95,546.95,546.95,150,5525,581.04,540.85,549.35
7064,2021-01-04 14:11:00,546.95,546.95,546.95,546.95,150,5525,581.04,540.85,549.35
7065,2021-01-04 14:12:00,541.3,541.3,540.0,540.0,150,5525,580.62,534.5,542.55
7066,2021-01-04 14:13:00,541.3,541.3,540.0,540.0,150,5525,580.62,534.5,542.55
7067,2021-01-04 14:14:00,541.3,541.3,540.0,540.0,150,5525,580.62,534.5,542.55
7068,2021-01-04 14:15:00,541.3,541.3,540.0,540.0,150,5525,580.62,534.5,542.55
7069,2021-01-04 14:16:00,523.25,523.25,518.4,518.4,125,5550,580.08,519.4,531.45
7070,2021-01-04 14:17:00,530.05,530.05,530.05,530.05,25,5550,580.0,530.35,537.05
7071,2021-01-04 14:18:00,530.05,530.05,530.05,530.05,25,5550,580.0,530.35,537.05
7072,2021-01-04 14:19:00,530.1,530.1,518.65,521.45,150,5525,579.42,510.1,520.8
7073,2021-01-04 14:20:00,530.1,530.1,518.65,521.45,150,5525,579.42,510.1,520.8
7074,2021-01-04 14:21:00,530.1,530.1,518.65,521.45,150,5525,579.42,510.1,520.8
7075,2021-01-04 14:22:00,522.5,522.5,522.5,522.5,50,5550,579.22,525.15,532.7
7076,2021-01-04 14:23:00,522.5,522.5,522.5,522.5,50,5550,579.22,525.15,532.7
7077,2021-01-04 14:24:00,522.5,522.5,522.5,522.5,50,5550,579.22,525.15,532.7
7078,2021-01-04 14:25:00,522.5,522.5,522.5,522.5,50,5550,579.22,525.15,532.7
7079,2021-01-04 14:26:00,522.5,522.5,522.5,522.5,50,5550,579.22,525.15,532.7
7080,2021-01-04 14:27:00,522.5,522.5,522.5,522.5,50,5550,579.22,525.15,532.7
7081,2021-01-04 14:28:00,534.75,534.75,534.75,534.75,25,5500,579.14,533.85,540.05
7082,2021-01-04 14:29:00,534.75,534.75,534.75,534.75,25,5500,579.14,533.85,540.05
7083,2021-01-04 14:30:00,534.75,534.75,534.75,534.75,25,5500,579.14,533.85,540.05
7084,2021-01-04 14:31:00,534.75,534.75,534.75,534.75,25,5500,579.14,533.85,540.05
7085,2021-01-04 14:32:00,548.2,548.2,548.2,548.2,25,5525,579.09,541.35,547.7
7086,2021-01-04 14:33:00,548.2,548.2,548.2,548.2,25,5525,579.09,541.35,547.7
7087,2021-01-04 14:34:00,548.2,548.2,548.2,548.2,25,5525,579.09,541.35,547.7
7088,2021-01-04 14:35:00,548.2,548.2,548.2,548.2,25,5525,579.09,541.35,547.7
7089,2021-01-04 14:36:00,548.2,548.2,548.2,548.2,25,5525,579.09,541.35,547.7
7090,2021-01-04 14:37:00,548.2,548.2,548.2,548.2,25,5525,579.09,541.35,547.7
7091,2021-01-04 14:38:00,548.2,548.2,548.2,548.2,25,5525,579.09,541.35,547.7
7092,2021-01-04 14:39:00,558.85,558.85,558.85,558.85,25,5275,579.06,556.5,561.4
7093,2021-01-04 14:40:00,556.9,556.9,556.4,556.4,200,5275,578.76,553.9,561.0
7094,2021-01-04 14:41:00,556.9,556.9,556.4,556.4,200,5275,578.76,553.9,561.0
7095,2021-01-04 14:42:00,556.9,556.9,556.4,556.4,200,5275,578.76,553.9,561.0
7096,2021-01-04 14:43:00,556.9,556.9,556.4,556.4,200,5275,578.76,553.9,561.0
7097,2021-01-04 14:44:00,556.9,556.9,556.4,556.4,200,5275,578.76,553.9,561.0
7098,2021-01-04 14:45:00,556.9,556.9,556.4,556.4,200,5275,578.76,553.9,561.0
7099,2021-01-04 14:46:00,556.9,556.9,556.4,556.4,200,5275,578.76,553.9,561.0
7100,2021-01-04 14:47:00,556.9,556.9,556.4,556.4,200,5275,578.76,553.9,561.0
7101,2021-01-04 14:48:00,556.9,556.9,556.4,556.4,200,5275,578.76,553.9,561.0
7102,2021-01-04 14:49:00,556.9,556.9,556.4,556.4,200,5275,578.76,553.9,561.0
7103,2021-01-04 14:50:00,557.5,557.5,557.5,557.5,200,5075,578.47,550.85,558.55
7104,2021-01-04 14:51:00,557.5,557.5,557.5,557.5,200,5075,578.47,550.85,558.55
7105,2021-01-04 14:52:00,557.5,557.5,557.5,557.5,200,5075,578.47,550.85,558.55
7106,2021-01-04 14:53:00,557.5,557.5,557.5,557.5,200,5075,578.47,550.85,558.55
7107,2021-01-04 14:54:00,557.5,557.5,557.5,557.5,200,5075,578.47,550.85,558.55
7108,2021-01-04 14:55:00,557.5,557.5,557.5,557.5,200,5075,578.47,550.85,558.55
7109,2021-01-04 14:56:00,557.5,557.5,557.5,557.5,200,5075,578.47,550.85,558.55
7110,2021-01-04 14:57:00,553.95,553.95,553.95,553.95,25,5100,578.43,551.4,556.2
7111,2021-01-04 14:58:00,553.95,553.95,553.95,553.95,25,5100,578.43,551.4,556.2
7112,2021-01-04 14:59:00,553.0,556.05,553.0,556.05,225,5100,578.09,552.65,557.55
7113,2021-01-04 15:00:00,556.0,559.15,556.0,559.15,125,5150,577.92,556.1,562.2
7114,2021-01-04 15:01:00,553.4,553.4,553.2,553.2,75,5150,577.8,556.3,562.2
7115,2021-01-04 15:02:00,556.3,567.25,556.3,567.25,50,5150,577.75,555.1,561.3
7116,2021-01-04 15:03:00,564.2,564.2,564.2,564.2,25,5150,577.73,552.65,560.6
7117,2021-01-04 15:04:00,555.35,555.35,555.35,555.35,25,5275,577.69,555.95,562.9
7118,2021-01-04 15:05:00,555.35,555.35,555.35,555.35,25,5275,577.69,555.95,562.9
7119,2021-01-04 15:06:00,568.8,568.8,568.8,568.8,100,5275,577.63,563.5,571.8
7120,2021-01-04 15:07:00,568.8,568.8,568.8,568.8,100,5275,577.63,563.5,571.8
7121,2021-01-04 15:08:00,568.8,568.8,568.8,568.8,100,5275,577.63,563.5,571.8
7122,2021-01-04 15:09:00,568.8,568.8,568.8,568.8,100,5275,577.63,563.5,571.8
7123,2021-01-04 15:10:00,568.8,568.8,568.8,568.8,100,5275,577.63,563.5,571.8
7124,2021-01-04 15:11:00,570.65,570.65,570.65,570.65,25,5250,577.62,563.4,570.5
7125,2021-01-04 15:12:00,568.9,568.9,568.9,568.9,25,5100,577.6,566.5,570.65
7126,2021-01-04 15:13:00,568.9,568.9,568.9,568.9,25,5100,577.6,566.5,570.65
7127,2021-01-04 15:14:00,568.9,568.9,568.9,568.9,25,5100,577.6,566.5,570.65
7128,2021-01-04 15:15:00,559.35,559.35,559.35,559.35,25,5100,577.57,557.0,563.95
7129,2021-01-04 15:16:00,559.35,559.35,559.35,559.35,25,5100,577.57,557.0,563.95
7130,2021-01-04 15:17:00,559.35,559.35,559.35,559.35,25,5100,577.57,557.0,563.95
7131,2021-01-04 15:18:00,566.05,566.05,566.05,566.05,25,5075,577.55,560.1,567.85
7132,2021-01-04 15:19:00,566.05,566.05,566.05,566.05,25,5075,577.54,561.3,569.0
7133,2021-01-04 15:20:00,570.65,575.0,570.65,575.0,50,5075,577.52,581.35,587.3
7134,2021-01-04 15:21:00,570.65,575.0,570.65,575.0,50,5075,577.52,581.35,587.3
7135,2021-01-04 15:22:00,570.65,575.0,570.65,575.0,50,5075,577.52,581.35,587.3
7136,2021-01-04 15:23:00,570.65,575.0,570.65,575.0,50,5075,577.52,581.35,587.3
7137,2021-01-04 15:24:00,593.0,593.0,586.5,586.5,75,5075,577.58,587.15,593.6
7138,2021-01-04 15:25:00,586.75,587.6,586.75,587.6,100,5075,577.64,588.7,595.0
7139,2021-01-04 15:26:00,586.75,587.6,586.75,587.6,100,5075,577.64,588.7,595.0
7140,2021-01-04 15:27:00,595.0,595.0,595.0,595.0,25,5125,577.67,590.3,598.95
7141,2021-01-04 15:28:00,590.3,590.3,590.3,590.3,25,0,577.69,588.2,596.7
7142,2021-01-04 15:29:00,590.3,590.3,590.3,590.3,25,0,577.69,588.2,596.7
7143,2021-01-04 15:30:00,600.0,600.0,600.0,600.0,25,5125,577.73,589.0,600.0
7144,2021-01-05 09:15:00,445.65,445.65,445.65,445.65,25,5100,445.65,450.0,516.2
7145,2021-01-05 09:16:00,513.0,513.0,498.5,498.5,100,5100,491.97,482.15,499.0
7146,2021-01-05 09:17:00,498.0,498.2,498.0,498.2,325,5100,496.33,489.1,499.0
7147,2021-01-05 09:18:00,490.35,490.35,490.0,490.0,125,5100,495.0,489.6,498.65
7148,2021-01-05 09:19:00,498.75,498.75,498.0,498.5,75,5100,495.39,489.4,498.55
7149,2021-01-05 09:20:00,486.55,486.55,484.9,484.9,175,5300,493.46,480.0,488.45
7150,2021-01-05 09:21:00,484.9,488.0,470.4,470.4,125,5300,491.81,469.65,479.9
7151,2021-01-05 09:22:00,478.55,485.85,475.4,485.85,125,5300,490.65,478.0,486.45
7152,2021-01-05 09:23:00,483.2,483.2,483.2,483.2,25,5300,490.48,476.15,486.6
7153,2021-01-05 09:24:00,478.6,485.0,478.6,485.0,50,5500,490.1,489.0,495.85
7154,2021-01-05 09:25:00,497.5,508.55,497.5,503.7,350,5500,493.04,491.4,502.8
7155,2021-01-05 09:26:00,497.5,508.55,497.5,503.7,350,5500,493.04,491.4,502.8
7156,2021-01-05 09:27:00,500.9,509.85,500.15,500.15,100,5600,493.67,500.1,508.65
7157,2021-01-05 09:28:00,504.0,510.0,504.0,510.0,100,5600,494.54,507.05,515.05
7158,2021-01-05 09:29:00,504.0,510.0,504.0,510.0,100,5600,494.54,507.05,515.05
7159,2021-01-05 09:30:00,520.05,520.05,520.0,520.0,150,5600,496.61,519.65,529.05
7160,2021-01-05 09:31:00,531.35,531.35,531.35,531.35,25,5600,497.07,529.05,536.65
7161,2021-01-05 09:32:00,516.55,516.55,516.55,516.55,50,5700,497.58,512.1,521.5
7162,2021-01-05 09:33:00,516.55,516.55,516.55,516.55,50,5700,497.58,512.1,521.5
7163,2021-01-05 09:34:00,516.55,516.55,516.55,516.55,50,5700,497.58,512.1,521.5
7164,2021-01-05 09:35:00,514.45,514.45,514.45,514.45,25,5700,497.79,518.45,525.0
7165,2021-01-05 09:36:00,514.45,514.45,514.45,514.45,25,5700,497.79,518.45,525.0
7166,2021-01-05 09:37:00,538.4,539.5,538.4,539.5,75,5700,499.32,530.2,535.5
7167,2021-01-05 09:38:00,527.8,527.8,527.8,527.8,25,5700,499.67,529.5,536.9
7168,2021-01-05 09:39:00,529.2,529.2,529.2,529.2,25,5675,500.03,526.65,533.9
7169,2021-01-05 09:40:00,529.2,529.2,529.2,529.2,25,5675,500.37,530.0,535.75
7170,2021-01-05 09:41:00,537.55,537.55,528.05,528.05,75,5625,501.44,527.9,534.75
7171,2021-01-05 09:42:00,534.9,534.9,520.35,520.35,275,5625,503.77,518.55,525.95
7172,2021-01-05 09:43:00,518.65,531.95,518.65,531.95,250,5625,506.25,521.85,528.25
7173,2021-01-05 09:44:00,518.65,531.95,518.65,531.95,250,5625,506.25,521.85,528.25
7174,2021-01-05 09:45:00,531.65,531.65,527.4,527.4,50,5625,506.67,527.15,534.2
7175,2021-01-05 09:46:00,535.55,535.55,535.55,535.55,25,5625,506.93,532.3,539.0
7176,2021-01-05 09:47:00,535.55,535.55,535.55,535.55,25,5625,506.93,532.3,539.0
7177,2021-01-05 09:48:00,535.55,535.55,535.55,535.55,25,5625,506.93,532.3,539.0
7178,2021-01-05 09:49:00,535.55,535.55,535.55,535.55,25,5625,506.93,532.3,539.0
7179,2021-01-05 09:50:00,535.55,535.55,535.55,535.55,25,5625,506.93,532.3,539.0
7180,2021-01-05 09:51:00,533.45,533.45,533.45,533.45,25,5650,507.17,533.4,539.1
7181,2021-01-05 09:52:00,533.45,533.45,533.45,533.45,25,5650,507.4,529.9,535.7
7182,2021-01-05 09:53:00,533.45,533.45,533.45,533.45,25,5650,507.4,529.9,535.7
7183,2021-01-05 09:54:00,533.45,533.45,533.45,533.45,25,5650,507.4,529.9,535.7
7184,2021-01-05 09:55:00,536.3,536.3,536.3,536.3,25,5675,507.66,534.05,539.9
7185,2021-01-05 09:56:00,536.3,536.3,536.3,536.3,25,5675,507.66,534.05,539.9
7186,2021-01-05 09:57:00,536.3,536.3,536.3,536.3,25,5675,507.66,534.05,539.9
7187,2021-01-05 09:58:00,536.3,536.3,536.3,536.3,25,5675,507.66,534.05,539.9
7188,2021-01-05 09:59:00,527.35,527.35,526.55,526.55,200,5675,508.9,526.55,530.5
7189,2021-01-05 10:00:00,526.55,526.55,526.55,526.55,525,5675,511.49,526.45,532.8
7190,2021-01-05 10:01:00,526.55,526.55,526.0,526.0,275,5675,512.56,520.2,527.75
7191,2021-01-05 10:02:00,526.55,526.55,526.0,526.0,275,5675,512.56,520.2,527.75
7192,2021-01-05 10:03:00,520.05,520.05,520.05,520.05,25,5700,512.61,514.1,519.65
7193,2021-01-05 10:04:00,520.05,520.05,516.15,516.15,125,5700,512.82,515.5,522.5
7194,2021-01-05 10:05:00,520.05,520.05,516.15,516.15,125,5700,512.82,515.5,522.5
7195,2021-01-05 10:06:00,520.05,520.05,516.15,516.15,125,5700,512.82,515.5,522.5
7196,2021-01-05 10:07:00,520.05,520.05,516.15,516.15,125,5700,512.82,515.5,522.5
7197,2021-01-05 10:08:00,533.0,533.0,533.0,533.0,25,5575,512.95,527.2,533.5
7198,2021-01-05 10:09:00,522.9,522.9,522.9,522.9,50,5575,513.07,516.15,522.4
7199,2021-01-05 10:10:00,516.15,516.15,516.15,516.15,25,5575,513.09,510.0,517.4
7200,2021-01-05 10:11:00,516.15,516.15,516.15,516.15,25,5575,513.09,510.0,517.4
7201,2021-01-05 10:12:00,516.15,516.15,516.15,516.15,25,5575,513.09,510.0,517.4
7202,2021-01-05 10:13:00,516.15,516.15,516.15,516.15,25,5575,513.09,510.0,517.4
7203,2021-01-05 10:14:00,516.15,516.15,516.15,516.15,25,4975,513.11,512.35,518.65
7204,2021-01-05 10:15:00,500.75,500.75,500.0,500.0,100,4975,512.82,496.05,505.25
7205,2021-01-05 10:16:00,505.6,505.6,505.6,505.6,25,4975,512.78,508.35,513.45
7206,2021-01-05 10:17:00,510.8,510.8,510.8,510.8,25,5075,512.77,505.6,510.55
7207,2021-01-05 10:18:00,510.8,510.8,510.8,510.8,25,5075,512.77,505.6,510.55
7208,2021-01-05 10:19:00,510.8,510.8,510.8,510.8,25,5075,512.77,505.6,510.55
7209,2021-01-05 10:20:00,510.8,510.8,510.8,510.8,25,5075,512.77,505.6,510.55
7210,2021-01-05 10:21:00,510.8,510.8,510.8,510.8,25,5075,512.77,505.6,510.55
7211,2021-01-05 10:22:00,510.8,510.8,510.8,510.8,25,5075,512.77,505.6,510.55
7212,2021-01-05 10:23:00,510.8,510.8,510.8,510.8,25,5075,512.77,505.6,510.55
7213,2021-01-05 10:24:00,514.65,514.65,514.65,514.65,800,5100,513.06,510.3,517.4
7214,2021-01-05 10:25:00,514.65,514.65,514.65,514.65,800,5100,513.06,510.3,517.4
7215,2021-01-05 10:26:00,514.65,514.65,514.65,514.65,800,5100,513.06,510.3,517.4
7216,2021-01-05 10:27:00,514.65,514.65,514.65,514.65,800,5100,513.06,510.3,517.4
7217,2021-01-05 10:28:00,514.65,514.65,514.65,514.65,800,5100,513.06,510.3,517.4
7218,2021-01-05 10:29:00,514.65,514.65,514.65,514.65,800,5100,513.06,510.3,517.4
7219,2021-01-05 10:30:00,518.9,518.9,518.9,518.9,25,5600,513.09,517.7,521.6
7220,2021-01-05 10:31:00,522.95,522.95,522.95,522.95,25,5600,513.14,526.2,531.9
7221,2021-01-05 10:32:00,522.95,522.95,522.95,522.95,25,5600,513.14,526.2,531.9
7222,2021-01-05 10:33:00,524.6,524.6,524.6,524.6,25,5575,513.19,524.45,529.25
7223,2021-01-05 10:34:00,524.6,524.6,524.6,524.6,25,5575,513.19,524.45,529.25
7224,2021-01-05 10:35:00,517.85,517.85,517.85,517.85,50,5575,513.24,515.15,522.05
7225,2021-01-05 10:36:00,517.85,517.85,517.85,517.85,50,5575,513.24,515.15,522.05
7226,2021-01-05 10:37:00,517.85,517.85,517.85,517.85,50,5575,513.24,515.15,522.05
7227,2021-01-05 10:38:00,522.3,522.3,522.3,522.3,25,5575,513.28,518.9,525.2
7228,2021-01-05 10:39:00,522.3,522.3,522.3,522.3,25,5575,513.28,518.9,525.2
7229,2021-01-05 10:40:00,522.3,522.3,522.3,522.3,25,5575,513.28,518.9,525.2
7230,2021-01-05 10:41:00,522.3,522.3,522.3,522.3,25,5575,513.28,518.9,525.2
7231,2021-01-05 10:42:00,522.3,522.3,522.3,522.3,25,5575,513.28,518.9,525.2
7232,2021-01-05 10:43:00,522.3,522.3,522.3,522.3,25,5575,513.28,518.9,525.2
7233,2021-01-05 10:44:00,522.3,522.3,522.3,522.3,25,5575,513.28,518.9,525.2
7234,2021-01-05 10:45:00,522.3,522.3,522.3,522.3,25,5575,513.28,518.9,525.2
7235,2021-01-05 10:46:00,522.3,522.3,522.3,522.3,25,5575,513.28,518.9,525.2
7236,2021-01-05 10:47:00,522.3,522.3,522.3,522.3,25,5575,513.28,518.9,525.2
7237,2021-01-05 10:48:00,528.4,541.1,528.4,541.1,150,5600,513.99,536.85,542.0
7238,2021-01-05 10:49:00,542.0,542.0,542.0,542.0,250,5600,515.23,536.95,543.3
7239,2021-01-05 10:50:00,542.0,542.0,542.0,542.0,250,5600,515.23,536.95,543.3
7240,2021-01-05 10:51:00,542.0,542.0,542.0,542.0,250,5600,515.23,536.95,543.3
7241,2021-01-05 10:52:00,539.2,539.2,539.2,539.2,25,5375,515.34,533.1,539.2
7242,2021-01-05 10:53:00,539.2,539.2,539.2,539.2,25,5375,515.34,533.1,539.2
7243,2021-01-05 10:54:00,550.0,550.0,550.0,550.0,25,5400,515.49,545.85,551.65
7244,2021-01-05 10:55:00,550.15,555.65,550.15,555.65,50,5400,515.82,550.15,553.95
7245,2021-01-05 10:56:00,550.15,550.15,547.8,547.8,175,5475,516.82,547.35,553.4
7246,2021-01-05 10:57:00,545.2,545.2,545.2,545.2,25,5475,516.94,541.3,548.0
7247,2021-01-05 10:58:00,545.2,545.2,545.2,545.2,25,5475,516.94,541.3,548.0
7248,2021-01-05 10:59:00,545.2,545.2,545.2,545.2,25,5475,516.94,541.3,548.0
7249,2021-01-05 11:00:00,549.85,549.85,549.85,549.85,25,5425,517.08,543.55,549.7
7250,2021-01-05 11:01:00,549.85,549.85,549.85,549.85,25,5425,517.08,543.55,549.7
7251,2021-01-05 11:02:00,549.85,549.85,549.85,549.85,25,5425,517.08,543.55,549.7
7252,2021-01-05 11:03:00,549.15,549.15,549.15,549.15,25,5300,517.21,545.5,552.6
7253,2021-01-05 11:04:00,551.8,551.8,551.8,551.8,25,5300,517.36,550.05,555.7
7254,2021-01-05 11:05:00,561.9,561.9,561.9,561.9,200,0,518.78,551.9,558.45
7255,2021-01-05 11:06:00,561.9,561.9,561.9,561.9,200,0,518.78,551.9,558.45
7256,2021-01-05 11:07:00,565.0,595.0,565.0,583.55,425,5375,522.84,582.8,593.35
7257,2021-01-05 11:08:00,565.0,595.0,565.0,583.55,425,5375,522.84,582.8,593.35
7258,2021-01-05 11:09:00,584.85,584.85,578.05,578.05,50,5375,523.28,581.75,588.4
7259,2021-01-05 11:10:00,597.55,600.0,597.55,597.55,75,5375,524.11,588.55,594.95
7260,2021-01-05 11:11:00,597.55,600.0,597.55,599.0,75,5375,524.93,0.0,0.0
7261,2021-01-05 11:12:00,592.7,592.7,592.7,592.7,25,5350,525.18,595.3,599.75
7262,2021-01-05 11:13:00,590.65,590.65,585.6,585.6,50,5350,525.64,586.35,592.75
7263,2021-01-05 11:14:00,590.65,590.65,585.6,585.6,50,5350,525.64,586.35,592.75
7264,2021-01-05 11:15:00,585.0,585.0,585.0,585.0,100,5300,526.48,582.95,589.05
7265,2021-01-05 11:16:00,585.0,585.0,585.0,585.0,100,5300,526.48,582.95,589.05
7266,2021-01-05 11:17:00,585.0,585.0,585.0,585.0,100,5300,526.48,582.95,589.05
7267,2021-01-05 11:18:00,585.0,585.0,585.0,585.0,100,5300,526.48,582.95,589.05
7268,2021-01-05 11:19:00,588.55,588.55,585.2,585.2,275,5150,528.82,585.2,590.65
7269,2021-01-05 11:20:00,588.55,588.55,585.2,585.2,275,5150,528.82,585.2,590.65
7270,2021-01-05 11:21:00,588.55,588.55,585.2,585.2,275,5150,528.82,585.2,590.65
7271,2021-01-05 11:22:00,600.0,600.0,600.0,600.0,25,5100,529.06,596.9,601.55
7272,2021-01-05 11:23:00,605.3,605.3,605.3,605.3,25,5100,529.32,606.5,611.55
7273,2021-01-05 11:24:00,608.85,615.95,608.85,609.4,100,5050,530.45,603.1,607.55
7274,2021-01-05 11:25:00,608.85,615.95,608.85,609.4,100,5050,530.45,603.1,607.55
7275,2021-01-05 11:26:00,608.85,615.95,608.85,609.4,100,5050,530.45,603.1,607.55
7276,2021-01-05 11:27:00,608.85,615.95,608.85,609.4,100,5050,530.45,603.1,607.55
7277,2021-01-05 11:28:00,608.85,615.95,608.85,609.4,100,5050,530.45,603.1,607.55
7278,2021-01-05 11:29:00,608.85,615.95,608.85,609.4,100,5050,530.45,603.1,607.55
7279,2021-01-05 11:30:00,609.4,614.15,609.4,614.15,175,4750,532.29,608.55,614.65
7280,2021-01-05 11:31:00,607.4,607.4,607.4,607.4,25,4750,532.53,613.8,620.4
7281,2021-01-05 11:32:00,607.4,607.4,607.4,607.4,25,4750,532.53,613.8,620.4
7282,2021-01-05 11:33:00,607.4,607.4,607.4,607.4,25,4750,532.53,613.8,620.4
7283,2021-01-05 11:34:00,607.4,607.4,607.4,607.4,25,4750,532.53,613.8,620.4
7284,2021-01-05 11:35:00,607.4,607.4,607.4,607.4,25,4725,532.78,602.1,606.9
7285,2021-01-05 11:36:00,607.4,607.4,607.4,607.4,25,4725,532.78,602.1,606.9
7286,2021-01-05 11:37:00,607.4,607.4,607.4,607.4,25,4725,532.78,602.1,606.9
7287,2021-01-05 11:38:00,596.45,596.45,596.45,596.45,25,0,532.99,594.0,599.1
7288,2021-01-05 11:39:00,596.05,596.05,596.05,596.05,25,4800,533.19,595.45,601.2
7289,2021-01-05 11:40:00,596.05,596.05,596.05,596.05,25,4800,533.19,595.45,601.2
7290,2021-01-05 11:41:00,607.05,607.05,607.05,607.05,25,4800,533.43,604.75,608.55
7291,2021-01-05 11:42:00,607.05,607.05,607.05,607.05,25,4800,533.43,604.75,608.55
7292,2021-01-05 11:43:00,607.05,607.05,607.05,607.05,25,4800,533.43,604.75,608.55
7293,2021-01-05 11:44:00,607.05,607.05,607.05,607.05,25,4800,533.43,604.75,608.55
7294,2021-01-05 11:45:00,607.05,607.05,607.05,607.05,25,4800,533.43,604.75,608.55
7295,2021-01-05 11:46:00,606.1,606.1,606.1,606.1,50,4800,533.9,601.95,606.35
7296,2021-01-05 11:47:00,602.0,602.0,602.0,602.0,25,4800,534.12,601.45,604.5
7297,2021-01-05 11:48:00,602.0,602.0,602.0,602.0,25,4800,534.12,601.45,604.5
7298,2021-01-05 11:49:00,603.0,603.0,603.0,603.0,25,4800,534.34,600.1,603.0
7299,2021-01-05 11:50:00,600.0,602.95,600.0,602.95,50,4800,534.77,597.7,602.45
7300,2021-01-05 11:51:00,603.0,606.7,603.0,606.7,50,4850,535.21,603.05,606.65
7301,2021-01-05 11:52:00,604.2,604.2,604.2,604.2,25,4850,535.42,597.3,601.05
7302,2021-01-05 11:53:00,604.2,604.2,604.2,604.2,25,4850,535.42,597.3,601.05
7303,2021-01-05 11:54:00,604.2,604.2,604.2,604.2,25,4850,535.42,597.3,601.05
7304,2021-01-05 11:55:00,590.5,590.5,586.55,586.55,125,4875,536.26,583.95,589.45
7305,2021-01-05 11:56:00,577.75,577.75,577.75,577.75,25,4875,536.39,584.0,589.45
7306,2021-01-05 11:57:00,577.75,577.75,577.75,577.75,25,4875,536.39,584.0,589.45
7307,2021-01-05 11:58:00,593.6,593.6,593.6,593.6,25,4800,536.57,590.35,596.2
7308,2021-01-05 11:59:00,593.6,593.6,593.6,593.6,25,4800,536.57,590.35,596.2
7309,2021-01-05 12:00:00,604.2,604.2,604.2,604.2,25,4700,536.77,603.1,608.55
7310,2021-01-05 12:01:00,604.2,604.2,604.2,604.2,25,4700,536.77,603.1,608.55
7311,2021-01-05 12:02:00,604.2,604.2,604.2,604.2,25,4700,536.77,603.1,608.55
7312,2021-01-05 12:03:00,604.2,604.2,604.2,604.2,25,4700,536.77,603.1,608.55
7313,2021-01-05 12:04:00,604.2,604.2,604.2,604.2,25,4700,536.77,603.1,608.55
7314,2021-01-05 12:05:00,604.2,604.2,604.2,604.2,25,4700,536.77,603.1,608.55
7315,2021-01-05 12:06:00,604.2,604.2,604.2,604.2,25,4700,536.77,603.1,608.55
7316,2021-01-05 12:07:00,594.25,594.25,594.25,594.25,75,4575,537.3,595.9,601.15
7317,2021-01-05 12:08:00,594.25,594.25,594.25,594.25,75,4575,537.3,595.9,601.15
7318,2021-01-05 12:09:00,594.25,594.25,594.25,594.25,75,4575,537.3,595.9,601.15
7319,2021-01-05 12:10:00,602.4,602.4,602.3,602.3,125,4575,538.27,601.5,604.5
7320,2021-01-05 12:11:00,601.5,601.5,598.15,598.15,150,4575,539.35,596.4,602.15
7321,2021-01-05 12:12:00,601.5,601.5,598.15,598.15,150,4575,539.35,596.4,602.15
7322,2021-01-05 12:13:00,601.5,601.5,598.15,598.15,150,4575,539.35,596.4,602.15
7323,2021-01-05 12:14:00,601.5,601.5,598.15,598.15,150,4575,539.35,596.4,602.15
7324,2021-01-05 12:15:00,601.5,601.5,598.15,598.15,150,4575,539.35,596.4,602.15
7325,2021-01-05 12:16:00,601.5,601.5,598.15,598.15,150,4575,539.35,596.4,602.15
7326,2021-01-05 12:17:00,607.5,607.5,607.5,607.5,25,4525,539.55,607.65,612.85
7327,2021-01-05 12:18:00,607.5,607.5,607.5,607.5,25,4525,539.55,607.65,612.85
7328,2021-01-05 12:19:00,607.5,607.5,607.5,607.5,25,4525,539.55,607.65,612.85
7329,2021-01-05 12:20:00,607.5,607.5,607.5,607.5,25,4525,539.55,607.65,612.85
7330,2021-01-05 12:21:00,607.5,607.5,607.5,607.5,25,4525,539.55,607.65,612.85
7331,2021-01-05 12:22:00,607.5,607.5,607.5,607.5,25,4525,539.55,607.65,612.85
7332,2021-01-05 12:23:00,607.5,607.5,607.5,607.5,25,4525,539.55,607.65,612.85
7333,2021-01-05 12:24:00,607.5,607.5,607.5,607.5,25,4525,539.55,607.65,612.85
7334,2021-01-05 12:25:00,607.5,607.5,607.5,607.5,25,4525,539.55,607.65,612.85
7335,2021-01-05 12:26:00,607.5,607.5,607.5,607.5,25,4525,539.55,607.65,612.85
7336,2021-01-05 12:27:00,600.5,600.5,600.5,600.5,25,4225,539.73,597.1,603.3
7337,2021-01-05 12:28:00,600.5,600.5,600.5,600.5,25,4225,539.73,597.1,603.3
7338,2021-01-05 12:29:00,602.6,602.6,602.6,602.6,150,4225,540.81,600.95,606.7
7339,2021-01-05 12:30:00,602.6,602.6,602.6,602.6,150,4225,540.81,600.95,606.7
7340,2021-01-05 12:31:00,602.6,602.6,602.6,602.6,150,4225,540.81,600.95,606.7
7341,2021-01-05 12:32:00,611.9,616.95,611.9,611.9,500,4400,544.87,623.65,631.3
7342,2021-01-05 12:33:00,611.9,616.95,611.9,611.9,500,4400,544.87,623.65,631.3
7343,2021-01-05 12:34:00,625.7,631.45,625.7,626.15,600,4400,549.86,618.1,625.6
7344,2021-01-05 12:35:00,615.65,615.65,615.65,615.65,25,4400,550.03,614.45,622.3
7345,2021-01-05 12:36:00,619.8,619.85,619.8,619.85,75,4400,550.56,615.55,625.7
7346,2021-01-05 12:37:00,619.8,619.85,619.8,619.85,75,4400,550.56,615.55,625.7
7347,2021-01-05 12:38:00,619.8,619.85,619.8,619.85,75,4400,550.56,615.55,625.7
7348,2021-01-05 12:39:00,619.8,619.85,619.8,619.85,75,4400,550.56,615.55,625.7
7349,2021-01-05 12:40:00,619.8,619.85,619.8,619.85,75,4400,550.56,615.55,625.7
7350,2021-01-05 12:41:00,619.8,619.85,619.8,619.85,75,4400,550.56,615.55,625.7
7351,2021-01-05 12:42:00,619.8,619.85,619.8,619.85,75,4400,550.56,615.55,625.7
7352,2021-01-05 12:43:00,619.8,619.85,619.8,619.85,75,4400,550.56,615.55,625.7
7353,2021-01-05 12:44:00,640.0,640.0,635.45,635.45,50,3875,551.0,629.55,634.6
7354,2021-01-05 12:45:00,640.0,640.0,635.45,635.45,50,3875,551.0,629.55,634.6
7355,2021-01-05 12:46:00,640.0,640.0,635.45,635.45,50,3875,551.0,629.55,634.6
7356,2021-01-05 12:47:00,640.0,640.0,635.45,635.45,50,3875,551.0,629.55,634.6
7357,2021-01-05 12:48:00,640.0,640.0,635.45,635.45,50,3875,551.0,629.55,634.6
7358,2021-01-05 12:49:00,633.35,633.35,633.35,633.35,25,3875,551.2,627.85,633.5
7359,2021-01-05 12:50:00,633.35,633.35,633.35,633.35,25,3875,551.2,627.85,633.5
7360,2021-01-05 12:51:00,633.35,633.35,633.35,633.35,25,3875,551.2,627.85,633.5
7361,2021-01-05 12:52:00,633.35,633.35,633.35,633.35,25,3875,551.2,627.85,633.5
7362,2021-01-05 12:53:00,633.35,633.35,633.35,633.35,25,3875,551.2,627.85,633.5
7363,2021-01-05 12:54:00,633.35,633.35,633.35,633.35,25,3875,551.2,627.85,633.5
7364,2021-01-05 12:55:00,630.0,632.0,630.0,632.0,125,3850,552.19,631.95,634.5
7365,2021-01-05 12:56:00,631.95,631.95,631.95,631.95,75,3850,552.78,631.05,635.0
7366,2021-01-05 12:57:00,631.0,631.0,631.0,631.0,50,3925,553.16,630.35,634.55
7367,2021-01-05 12:58:00,635.0,635.0,635.0,635.0,25,3925,553.36,630.2,634.7
7368,2021-01-05 12:59:00,635.0,635.0,635.0,635.0,25,3925,553.36,630.2,634.7
7369,2021-01-05 13:00:00,635.0,635.0,635.0,635.0,25,3925,553.36,630.2,634.7
7370,2021-01-05 13:01:00,635.0,635.0,635.0,635.0,25,3925,553.36,630.2,634.7
7371,2021-01-05 13:02:00,630.0,630.0,630.0,630.0,25,3850,553.55,627.85,633.65
7372,2021-01-05 13:03:00,630.0,630.0,630.0,630.0,25,3850,553.55,627.85,633.65
7373,2021-01-05 13:04:00,607.25,608.05,607.25,608.05,300,3875,555.08,608.7,614.45
7374,2021-01-05 13:05:00,607.25,608.05,607.25,608.05,300,3875,555.08,608.7,614.45
7375,2021-01-05 13:06:00,607.25,608.05,607.25,608.05,300,3875,555.08,608.7,614.45
7376,2021-01-05 13:07:00,619.4,619.4,619.4,619.4,125,3775,555.83,618.4,624.1
7377,2021-01-05 13:08:00,624.1,624.1,624.1,624.1,25,3775,555.99,619.3,624.25
7378,2021-01-05 13:09:00,624.1,624.1,624.1,624.1,25,3775,555.99,619.3,624.25
7379,2021-01-05 13:10:00,624.1,624.1,624.1,624.1,25,3775,555.99,619.3,624.25
7380,2021-01-05 13:11:00,624.1,624.1,624.1,624.1,25,3775,555.99,619.3,624.25
7381,2021-01-05 13:12:00,600.0,600.0,600.0,600.0,50,3725,556.2,600.8,606.05
7382,2021-01-05 13:13:00,600.0,600.0,600.0,600.0,50,3725,556.2,600.8,606.05
7383,2021-01-05 13:14:00,600.0,600.0,600.0,600.0,50,3725,556.2,600.8,606.05
7384,2021-01-05 13:15:00,590.3,600.0,590.3,600.0,75,3775,556.46,600.3,606.15
7385,2021-01-05 13:16:00,603.1,603.1,603.1,603.1,100,3775,556.89,601.1,607.3
7386,2021-01-05 13:17:00,603.1,603.1,603.1,603.1,100,3775,556.89,601.1,607.3
7387,2021-01-05 13:18:00,603.1,603.1,603.1,603.1,100,3775,556.89,601.1,607.3
7388,2021-01-05 13:19:00,603.1,603.1,603.1,603.1,100,3775,556.89,601.1,607.3
7389,2021-01-05 13:20:00,603.1,603.1,603.1,603.1,100,3775,556.89,601.1,607.3
7390,2021-01-05 13:21:00,603.1,603.1,603.1,603.1,100,3775,556.89,601.1,607.3
7391,2021-01-05 13:22:00,603.1,603.1,603.1,603.1,100,3775,556.89,601.1,607.3
7392,2021-01-05 13:23:00,598.9,598.9,598.9,598.9,25,0,556.98,600.0,605.2
7393,2021-01-05 13:24:00,598.1,598.1,597.75,597.75,75,3800,557.25,590.6,595.95
7394,2021-01-05 13:25:00,584.65,584.65,584.65,584.65,125,3800,557.55,587.75,593.75
7395,2021-01-05 13:26:00,604.75,604.75,604.75,604.75,25,3800,557.66,599.55,603.65
7396,2021-01-05 13:27:00,604.75,604.75,604.75,604.75,25,3800,557.66,599.55,603.65
7397,2021-01-05 13:28:00,604.75,604.75,604.75,604.75,400,3875,559.24,604.45,609.3
7398,2021-01-05 13:29:00,604.75,604.75,604.75,604.75,400,3875,559.24,604.45,609.3
7399,2021-01-05 13:30:00,619.15,619.15,615.1,615.1,100,4175,559.75,608.5,614.1
7400,2021-01-05 13:31:00,618.5,618.5,618.5,618.5,25,4175,559.87,612.7,618.5
7401,2021-01-05 13:32:00,618.5,618.5,618.5,618.5,25,4175,559.87,612.7,618.5
7402,2021-01-05 13:33:00,618.5,618.5,618.5,618.5,25,4175,559.87,612.7,618.5
7403,2021-01-05 13:34:00,616.05,616.05,616.05,616.05,25,4150,559.99,616.9,622.35
7404,2021-01-05 13:35:00,615.65,615.65,615.65,615.65,400,4150,561.85,615.3,620.1
7405,2021-01-05 13:36:00,615.65,615.65,615.65,615.65,400,4150,561.85,615.3,620.1
7406,2021-01-05 13:37:00,634.75,634.75,634.75,634.75,125,3850,562.59,631.35,637.0
7407,2021-01-05 13:38:00,639.4,639.4,639.4,639.4,25,3850,562.74,632.45,637.25
7408,2021-01-05 13:39:00,639.4,639.4,639.4,639.4,25,3850,562.74,632.45,637.25
7409,2021-01-05 13:40:00,649.15,649.15,649.15,649.15,150,3775,563.78,642.65,648.95
7410,2021-01-05 13:41:00,642.2,642.2,637.7,637.7,50,3775,564.09,638.5,644.4
7411,2021-01-05 13:42:00,642.2,642.2,637.7,637.7,50,3775,564.09,638.5,644.4
7412,2021-01-05 13:43:00,642.75,642.75,642.75,642.75,25,3800,564.25,642.6,647.85
7413,2021-01-05 13:44:00,642.75,642.75,642.75,642.75,25,3800,564.25,642.6,647.85
7414,2021-01-05 13:45:00,650.0,656.7,650.0,656.7,50,3800,564.6,651.9,655.7
7415,2021-01-05 13:46:00,662.65,662.65,662.65,662.65,25,3800,564.8,654.75,660.4
7416,2021-01-05 13:47:00,667.7,667.7,667.7,667.7,25,3800,565.0,660.85,666.8
7417,2021-01-05 13:48:00,667.7,667.7,667.7,667.7,25,3800,565.0,660.85,666.8
7418,2021-01-05 13:49:00,665.0,665.0,665.0,665.0,25,3850,565.2,659.6,666.15
7419,2021-01-05 13:50:00,659.75,659.75,659.75,659.75,50,3850,565.57,653.8,660.1
7420,2021-01-05 13:51:00,650.0,650.0,645.45,645.45,50,3900,565.89,645.2,651.65
7421,2021-01-05 13:52:00,651.1,651.1,650.8,650.8,50,3900,566.22,646.1,651.2
7422,2021-01-05 13:53:00,646.0,646.0,646.0,646.0,25,3900,566.38,639.1,644.8
7423,2021-01-05 13:54:00,646.0,646.0,646.0,646.0,25,3900,566.38,639.1,644.8
7424,2021-01-05 13:55:00,646.0,646.0,646.0,646.0,25,3900,566.38,639.1,644.8
7425,2021-01-05 13:56:00,667.35,667.35,667.35,667.35,25,4000,566.58,662.4,667.65
7426,2021-01-05 13:57:00,667.35,667.35,667.35,667.35,25,4000,566.58,662.4,667.65
7427,2021-01-05 13:58:00,669.55,669.55,669.55,669.55,25,4025,566.78,669.35,673.95
7428,2021-01-05 13:59:00,672.85,675.0,672.0,675.0,100,4025,567.6,675.4,681.2
7429,2021-01-05 14:00:00,683.15,700.0,683.15,700.0,125,4050,568.74,698.6,704.95
7430,2021-01-05 14:01:00,703.0,712.95,703.0,712.95,100,4050,569.8,712.55,721.35
7431,2021-01-05 14:02:00,716.9,716.9,710.0,710.0,125,4050,571.16,712.45,718.2
7432,2021-01-05 14:03:00,721.25,721.25,721.25,721.25,825,3975,579.91,714.4,720.15
7433,2021-01-05 14:04:00,715.0,715.0,715.0,715.0,25,3975,580.15,716.8,722.25
7434,2021-01-05 14:05:00,724.0,724.0,705.2,705.2,175,3975,581.74,699.65,704.65
7435,2021-01-05 14:06:00,701.55,703.65,701.55,703.65,50,3975,582.16,702.85,708.5
7436,2021-01-05 14:07:00,715.0,715.0,715.0,715.0,25,3825,582.39,725.8,731.0
7437,2021-01-05 14:08:00,715.0,715.0,715.0,715.0,25,3825,582.39,725.8,731.0
7438,2021-01-05 14:09:00,730.0,730.0,730.0,730.0,75,3850,583.16,726.4,732.55
7439,2021-01-05 14:10:00,726.5,726.5,723.1,723.1,50,3850,583.64,717.6,723.45
7440,2021-01-05 14:11:00,726.5,726.5,723.1,723.1,50,3850,583.64,717.6,723.45
7441,2021-01-05 14:12:00,730.0,748.9,730.0,748.9,75,3650,584.45,744.0,750.0
7442,2021-01-05 14:13:00,754.45,754.45,754.45,754.45,25,3650,584.74,745.15,750.5
7443,2021-01-05 14:14:00,745.85,745.85,745.0,745.0,50,3650,585.29,743.35,748.75
7444,2021-01-05 14:15:00,744.1,747.5,730.6,730.6,100,3700,586.32,734.2,739.15
7445,2021-01-05 14:16:00,744.1,747.5,730.6,730.6,100,3700,586.32,734.2,739.15
7446,2021-01-05 14:17:00,744.1,747.5,730.6,730.6,100,3700,586.32,734.2,739.15
7447,2021-01-05 14:18:00,744.1,747.5,730.6,730.6,100,3700,586.32,734.2,739.15
7448,2021-01-05 14:19:00,744.1,747.5,730.6,730.6,100,3700,586.32,734.2,739.15
7449,2021-01-05 14:20:00,721.5,721.5,721.5,721.5,50,3700,586.78,719.5,724.2
7450,2021-01-05 14:21:00,721.5,721.5,721.5,721.5,50,3700,586.78,719.5,724.2
7451,2021-01-05 14:22:00,746.65,757.5,746.65,757.5,300,3675,589.97,754.25,759.9
7452,2021-01-05 14:23:00,755.0,755.0,755.0,755.0,25,3675,590.25,752.1,757.85
7453,2021-01-05 14:24:00,755.0,755.0,755.0,755.0,25,3675,590.25,752.1,757.85
7454,2021-01-05 14:25:00,774.0,785.0,773.7,785.0,125,3625,591.77,783.45,789.7
7455,2021-01-05 14:26:00,791.4,791.4,791.4,791.4,25,3625,592.1,785.05,789.15
7456,2021-01-05 14:27:00,785.05,796.85,785.0,785.0,150,3625,593.99,781.8,785.0
7457,2021-01-05 14:28:00,789.1,790.2,784.2,790.2,75,3625,594.93,785.5,790.2
7458,2021-01-05 14:29:00,780.0,784.0,780.0,784.0,700,3625,603.02,788.9,795.85
7459,2021-01-05 14:30:00,790.0,790.0,790.0,790.0,250,3850,605.85,786.95,790.0
7460,2021-01-05 14:31:00,790.0,790.0,790.0,790.0,50,3850,606.41,780.8,786.05
7461,2021-01-05 14:32:00,790.0,790.0,790.0,790.0,50,3850,606.41,780.8,786.05
7462,2021-01-05 14:33:00,790.0,805.0,790.0,805.0,850,4000,615.84,801.85,807.85
7463,2021-01-05 14:34:00,806.0,806.0,806.0,806.0,25,4000,616.11,813.95,819.9
7464,2021-01-05 14:35:00,815.8,816.7,805.0,805.0,275,4000,619.16,801.4,807.7
7465,2021-01-05 14:36:00,805.0,805.0,805.0,805.0,25,4100,619.42,797.15,803.5
7466,2021-01-05 14:37:00,797.75,797.75,791.95,791.95,175,4100,621.15,789.85,795.65
7467,2021-01-05 14:38:00,797.75,797.75,791.95,791.95,175,4100,621.15,789.85,795.65
7468,2021-01-05 14:39:00,797.75,797.75,791.95,791.95,175,4100,621.15,789.85,795.65
7469,2021-01-05 14:40:00,797.75,797.75,791.95,791.95,175,4100,621.15,789.85,795.65
7470,2021-01-05 14:41:00,798.95,798.95,791.85,791.85,100,4150,622.12,788.0,793.35
7471,2021-01-05 14:42:00,798.95,798.95,791.85,791.85,100,4150,622.12,788.0,793.35
7472,2021-01-05 14:43:00,790.0,790.0,790.0,790.0,25,4275,622.35,790.25,795.7
7473,2021-01-05 14:44:00,790.0,790.0,790.0,790.0,25,4275,622.35,790.25,795.7
7474,2021-01-05 14:45:00,797.9,797.9,797.9,797.9,25,4225,622.59,798.4,803.9
7475,2021-01-05 14:46:00,810.0,816.7,810.0,816.7,150,4225,624.18,811.55,816.6
7476,2021-01-05 14:47:00,816.6,816.7,816.6,816.7,50,4225,624.71,815.8,819.7
7477,2021-01-05 14:48:00,819.7,823.9,819.7,823.9,50,4175,625.25,818.4,823.8
7478,2021-01-05 14:49:00,823.1,823.1,809.65,809.65,75,4175,626.03,800.2,804.8
7479,2021-01-05 14:50:00,823.1,823.1,809.65,809.65,75,4175,626.03,800.2,804.8
7480,2021-01-05 14:51:00,800.2,800.2,798.0,798.0,75,4200,626.73,794.6,800.25
7481,2021-01-05 14:52:00,794.45,794.45,794.45,794.45,50,4200,627.19,796.45,803.35
7482,2021-01-05 14:53:00,796.95,796.95,796.95,796.95,25,4200,627.41,791.8,798.1
7483,2021-01-05 14:54:00,796.95,796.95,796.95,796.95,250,4200,629.67,788.85,796.05
7484,2021-01-05 14:55:00,796.95,796.95,796.95,796.95,250,4200,629.67,788.85,796.05
7485,2021-01-05 14:56:00,777.55,777.55,777.55,777.55,25,4300,629.87,773.1,779.9
7486,2021-01-05 14:57:00,777.55,777.55,777.55,777.55,25,4300,629.87,773.1,779.9
7487,2021-01-05 14:58:00,794.45,794.45,794.45,794.45,25,4200,630.09,786.85,793.6
7488,2021-01-05 14:59:00,792.8,796.35,792.8,796.35,50,4200,630.52,785.95,792.2
7489,2021-01-05 15:00:00,782.85,782.85,782.85,782.85,25,4200,630.72,793.0,799.6
7490,2021-01-05 15:01:00,782.85,782.85,782.85,782.85,25,4200,630.72,793.0,799.6
7491,2021-01-05 15:02:00,784.8,784.8,784.8,784.8,75,4200,631.33,776.0,785.65
7492,2021-01-05 15:03:00,784.8,784.8,784.8,784.8,75,4200,631.33,776.0,785.65
7493,2021-01-05 15:04:00,784.8,784.8,784.8,784.8,75,4200,631.33,776.0,785.65
7494,2021-01-05 15:05:00,784.8,784.8,784.8,784.8,75,4200,631.33,776.0,785.65
7495,2021-01-05 15:06:00,786.75,786.75,786.75,786.75,25,4175,631.54,788.95,794.6
7496,2021-01-05 15:07:00,789.15,796.9,789.15,796.9,50,4175,631.96,789.15,795.95
7497,2021-01-05 15:08:00,796.6,796.6,796.6,796.6,25,4175,632.18,788.05,793.35
7498,2021-01-05 15:09:00,796.6,796.6,796.6,796.6,25,4175,632.18,788.05,793.35
7499,2021-01-05 15:10:00,796.6,796.6,796.6,796.6,25,4175,632.18,788.05,793.35
7500,2021-01-05 15:11:00,796.6,797.0,796.6,797.0,100,4175,633.04,791.05,798.9
7501,2021-01-05 15:12:00,796.6,797.0,796.6,797.0,100,4175,633.04,791.05,798.9
7502,2021-01-05 15:13:00,792.0,792.0,792.0,792.0,25,4250,633.24,789.65,795.3
7503,2021-01-05 15:14:00,792.0,792.0,792.0,792.0,25,4250,633.24,789.65,795.3
7504,2021-01-05 15:15:00,792.0,792.0,792.0,792.0,25,4250,633.24,789.65,795.3
7505,2021-01-05 15:16:00,782.25,782.25,782.25,782.25,100,4250,634.01,781.9,788.35
7506,2021-01-05 15:17:00,790.65,790.65,790.65,790.65,25,4250,634.22,782.55,791.65
7507,2021-01-05 15:18:00,790.65,790.65,790.65,790.65,25,4250,634.22,782.55,791.65
7508,2021-01-05 15:19:00,795.9,795.9,795.9,795.9,25,4175,634.43,787.4,796.2
7509,2021-01-05 15:20:00,788.15,790.3,788.15,790.3,125,4175,635.42,791.5,799.0
7510,2021-01-05 15:21:00,800.05,800.05,800.05,800.05,25,4250,635.63,791.5,798.8
7511,2021-01-05 15:22:00,799.7,799.7,792.2,792.2,75,4250,636.25,795.3,799.7
7512,2021-01-05 15:23:00,793.45,793.45,793.45,793.45,25,4250,636.45,793.4,799.65
7513,2021-01-05 15:24:00,795.5,795.5,795.5,795.5,25,4250,636.65,792.15,795.0
7514,2021-01-05 15:25:00,795.0,795.5,794.95,794.95,300,4275,639.03,788.85,796.7
7515,2021-01-05 15:26:00,797.15,797.15,797.15,797.15,50,4275,639.43,789.3,797.75
7516,2021-01-05 15:27:00,793.95,793.95,793.95,793.95,75,4275,640.01,789.7,798.35
7517,2021-01-05 15:28:00,800.0,800.0,800.0,800.0,25,4250,640.21,788.6,801.05
7518,2021-01-05 15:29:00,800.0,800.0,800.0,800.0,25,4250,640.21,788.6,801.05
7519,2021-01-05 15:30:00,800.0,800.0,792.0,792.0,75,4250,640.79,772.35,800.0
7520,2021-01-06 09:15:00,852.35,852.35,768.95,806.5,475,3950,803.0,800.45,813.25
7521,2021-01-06 09:16:00,804.35,815.3,804.35,808.3,300,3950,806.75,807.25,822.95
7522,2021-01-06 09:17:00,808.3,820.1,808.3,817.0,100,4125,807.53,807.25,818.55
7523,2021-01-06 09:18:00,818.9,830.3,807.35,823.5,275,4125,810.77,820.0,827.95
7524,2021-01-06 09:19:00,833.3,842.5,822.45,842.5,325,4125,816.73,840.05,850.7
7525,2021-01-06 09:20:00,853.95,880.85,849.1,880.85,550,4425,831.64,870.15,883.6
7526,2021-01-06 09:21:00,881.95,883.95,860.35,860.35,650,4425,840.66,851.75,864.85
7527,2021-01-06 09:22:00,864.8,864.8,851.7,856.85,100,4425,841.32,854.25,862.9
7528,2021-01-06 09:23:00,862.95,871.7,860.0,865.0,450,5100,844.75,860.7,865.0
7529,2021-01-06 09:24:00,865.0,865.0,859.25,864.05,500,5100,846.92,855.15,862.9
7530,2021-01-06 09:25:00,851.7,851.7,850.0,850.0,475,5100,847.39,840.2,848.2
7531,2021-01-06 09:26:00,840.0,844.25,830.85,844.25,225,5675,846.79,835.65,844.95
7532,2021-01-06 09:27:00,844.25,854.0,844.25,854.0,100,5675,846.88,845.05,850.7
7533,2021-01-06 09:28:00,845.0,845.0,831.0,844.35,325,5675,846.1,840.85,849.25
7534,2021-01-06 09:29:00,839.35,839.35,839.35,839.35,25,5425,846.06,833.05,839.95
7535,2021-01-06 09:30:00,820.85,826.9,812.6,825.5,575,5425,843.54,825.45,836.45
7536,2021-01-06 09:31:00,834.75,834.75,829.15,829.15,50,5425,843.43,828.3,835.3
7537,2021-01-06 09:32:00,838.0,838.0,834.0,834.0,100,5400,843.34,845.05,851.6
7538,2021-01-06 09:33:00,845.0,847.15,834.05,834.05,325,5400,843.21,834.0,839.45
7539,2021-01-06 09:34:00,834.0,839.4,830.0,830.0,250,5400,842.74,827.65,835.05
7540,2021-01-06 09:35:00,835.9,835.9,819.6,825.0,725,5825,840.43,822.95,831.0
7541,2021-01-06 09:36:00,831.0,838.8,831.0,838.8,75,5825,840.38,831.2,840.05
7542,2021-01-06 09:37:00,831.4,833.0,830.0,830.0,100,5825,840.25,825.05,830.5
7543,2021-01-06 09:38:00,827.55,832.6,824.45,824.45,425,5900,839.64,824.15,831.55
7544,2021-01-06 09:39:00,831.55,836.35,829.65,836.0,150,5900,839.53,831.0,836.3
7545,2021-01-06 09:40:00,829.2,829.2,815.0,815.0,850,5900,837.86,815.05,819.35
7546,2021-01-06 09:41:00,815.05,819.5,815.0,815.0,225,6425,837.29,809.65,814.95
7547,2021-01-06 09:42:00,815.0,815.0,807.0,807.0,450,6425,836.02,807.05,811.95
7548,2021-01-06 09:43:00,811.0,813.75,807.05,807.5,325,6425,835.14,810.15,814.95
7549,2021-01-06 09:44:00,815.0,820.0,809.25,816.5,350,7050,834.45,816.4,822.7
7550,2021-01-06 09:45:00,823.45,833.3,820.0,826.9,675,7050,833.88,826.75,834.35
7551,2021-01-06 09:46:00,827.05,837.65,827.05,837.65,225,7050,833.87,836.65,843.85
7552,2021-01-06 09:47:00,834.6,834.6,834.6,834.6,75,7350,833.88,831.3,836.95
7553,2021-01-06 09:48:00,837.0,846.75,831.5,846.75,250,7350,833.99,842.2,849.95
7554,2021-01-06 09:49:00,849.75,849.75,841.0,841.0,750,7350,834.58,838.9,843.05
7555,2021-01-06 09:50:00,841.0,841.0,832.25,832.35,325,7350,834.64,836.65,844.9
7556,2021-01-06 09:51:00,850.25,851.95,845.35,846.55,425,7850,835.12,846.55,851.95
7557,2021-01-06 09:52:00,846.55,852.8,845.35,847.05,325,7850,835.44,844.5,850.7
7558,2021-01-06 09:53:00,851.55,851.55,839.2,839.2,175,8150,835.55,840.15,846.75
7559,2021-01-06 09:54:00,845.0,845.0,842.65,844.95,150,8150,835.65,844.1,845.0
7560,2021-01-06 09:55:00,845.0,845.0,837.0,837.55,1225,8150,836.31,837.55,841.05
7561,2021-01-06 09:56:00,840.0,849.0,840.0,849.0,875,9425,836.64,843.7,850.85
7562,2021-01-06 09:57:00,849.0,852.0,848.85,850.0,275,9425,836.89,851.15,855.0
7563,2021-01-06 09:58:00,855.0,855.0,852.0,855.0,150,9425,837.05,852.0,854.95
7564,2021-01-06 09:59:00,852.0,855.0,846.25,846.25,425,9850,837.44,843.7,848.9
7565,2021-01-06 10:00:00,842.1,849.95,842.1,849.95,1050,9850,838.1,847.55,849.95
7566,2021-01-06 10:01:00,849.95,849.95,849.0,849.0,325,9850,838.31,843.6,849.4
7567,2021-01-06 10:02:00,846.9,846.9,831.35,833.75,575,10625,838.35,832.4,835.65
7568,2021-01-06 10:03:00,835.7,839.05,835.5,837.75,650,10625,838.33,835.05,839.15
7569,2021-01-06 10:04:00,838.7,838.7,830.8,834.9,575,10625,838.18,829.55,834.8
7570,2021-01-06 10:05:00,825.65,826.2,818.1,825.85,575,11475,837.72,819.0,825.9
7571,2021-01-06 10:06:00,804.05,819.5,804.05,814.75,300,11475,837.35,811.0,816.7
7572,2021-01-06 10:07:00,808.7,814.15,803.55,805.8,225,11475,837.05,807.35,813.2
7573,2021-01-06 10:08:00,805.8,814.0,802.05,810.0,500,11750,836.34,805.6,813.05
7574,2021-01-06 10:09:00,814.4,814.4,806.95,814.0,1075,11750,835.15,812.7,818.4
7575,2021-01-06 10:10:00,816.25,816.4,804.6,806.35,1550,11750,833.81,807.65,813.75
7576,2021-01-06 10:11:00,796.4,806.1,796.4,806.1,250,12475,833.46,800.1,807.75
7577,2021-01-06 10:12:00,788.95,800.15,785.95,793.7,600,12475,832.45,793.7,800.2
7578,2021-01-06 10:13:00,799.45,810.0,799.45,810.0,325,12475,832.09,808.8,814.95
7579,2021-01-06 10:14:00,810.0,816.25,810.0,815.95,775,12650,831.56,815.95,821.2
7580,2021-01-06 10:15:00,820.6,833.25,816.25,832.3,800,12650,831.29,821.25,828.75
7581,2021-01-06 10:16:00,825.5,826.95,820.0,820.0,150,12650,831.25,820.05,827.3
7582,2021-01-06 10:17:00,826.2,826.2,818.0,818.0,75,13625,831.23,811.55,818.5
7583,2021-01-06 10:18:00,810.7,818.75,810.7,815.9,150,13625,831.14,809.9,816.1
7584,2021-01-06 10:19:00,812.0,819.6,812.0,819.6,225,13625,831.01,815.9,821.4
7585,2021-01-06 10:20:00,817.25,820.35,817.25,820.35,75,13625,830.98,813.95,819.95
7586,2021-01-06 10:21:00,820.85,820.85,813.65,813.65,200,13675,830.89,813.35,818.25
7587,2021-01-06 10:22:00,817.0,822.05,812.6,822.05,125,13675,830.83,815.25,820.3
7588,2021-01-06 10:23:00,820.0,824.05,819.2,821.05,125,13775,830.79,821.9,825.0
7589,2021-01-06 10:24:00,824.95,825.0,822.0,823.95,375,13775,830.7,821.0,825.3
7590,2021-01-06 10:25:00,822.3,825.0,820.4,823.0,225,13775,830.63,817.15,821.95
7591,2021-01-06 10:26:00,815.25,823.5,815.25,817.25,200,14025,830.54,816.25,820.95
7592,2021-01-06 10:27:00,810.1,810.1,810.0,810.0,50,14025,830.51,810.0,813.05
7593,2021-01-06 10:28:00,810.05,810.1,801.3,801.3,250,14025,830.29,801.75,808.2
7594,2021-01-06 10:29:00,800.9,805.75,800.9,805.3,225,13975,830.08,798.65,802.85
7595,2021-01-06 10:30:00,804.8,812.65,804.8,812.65,450,13975,829.73,805.15,812.15
7596,2021-01-06 10:31:00,805.95,806.6,794.85,794.85,925,13975,828.76,793.05,797.7
7597,2021-01-06 10:32:00,797.0,797.0,785.0,795.95,875,14600,827.62,794.2,799.3
7598,2021-01-06 10:33:00,800.0,800.0,800.0,800.0,25,14600,827.6,791.0,796.45
7599,2021-01-06 10:34:00,800.0,802.85,800.0,802.85,200,14600,827.43,792.05,797.35
7600,2021-01-06 10:35:00,811.2,811.2,811.2,811.2,50,14625,827.4,809.6,814.2
7601,2021-01-06 10:36:00,815.0,815.0,805.15,805.15,50,14625,827.37,805.35,810.65
7602,2021-01-06 10:37:00,817.25,817.25,817.25,817.25,75,14625,827.35,812.3,817.25
7603,2021-01-06 10:38:00,813.95,817.25,811.15,811.15,100,14725,827.31,814.05,818.0
7604,2021-01-06 10:39:00,818.05,818.85,818.05,818.85,250,14725,827.24,816.1,820.0
7605,2021-01-06 10:40:00,822.7,832.1,820.65,825.85,600,14725,827.21,825.85,830.75
7606,2021-01-06 10:41:00,832.0,834.0,825.85,826.05,575,14700,827.23,826.05,829.3
7607,2021-01-06 10:42:00,826.0,826.0,826.0,826.0,50,14700,827.23,823.1,827.75
7608,2021-01-06 10:43:00,824.8,824.8,824.8,824.8,25,14700,827.23,825.7,830.1
7609,2021-01-06 10:44:00,830.0,832.0,830.0,832.0,50,14825,827.24,830.2,834.25
7610,2021-01-06 10:45:00,830.0,832.0,830.0,832.0,50,14825,827.24,830.2,834.25
7611,2021-01-06 10:46:00,829.5,841.8,829.5,841.35,500,14825,827.39,841.0,844.95
7612,2021-01-06 10:47:00,841.0,841.0,841.0,841.0,25,14850,827.4,833.85,836.45
7613,2021-01-06 10:48:00,836.45,840.8,832.85,837.2,550,14850,827.58,833.05,836.7
7614,2021-01-06 10:49:00,833.0,833.0,826.65,829.0,200,14850,827.59,826.05,830.65
7615,2021-01-06 10:50:00,826.0,828.5,826.0,828.5,75,14850,827.59,821.95,827.7
7616,2021-01-06 10:51:00,823.0,823.0,820.0,821.0,125,15075,827.57,821.45,827.35
7617,2021-01-06 10:52:00,821.05,821.05,821.05,821.05,25,15075,827.56,817.65,823.0
7618,2021-01-06 10:53:00,819.15,827.6,819.15,827.6,75,15000,827.55,829.05,833.7
7619,2021-01-06 10:54:00,835.0,838.15,835.0,838.15,100,15000,827.58,829.55,835.9
7620,2021-01-06 10:55:00,833.65,836.4,833.65,835.0,200,15000,827.61,829.8,834.55
7621,2021-01-06 10:56:00,831.55,831.55,828.1,828.1,150,15425,827.62,832.45,837.65
7622,2021-01-06 10:57:00,840.4,840.4,834.05,838.4,125,15425,827.66,834.85,840.15
7623,2021-01-06 10:58:00,835.0,835.0,834.7,834.7,50,15425,827.67,831.3,837.9
7624,2021-01-06 10:59:00,835.0,835.0,834.7,834.7,50,15425,827.67,831.3,837.9
7625,2021-01-06 11:00:00,829.85,829.85,824.85,828.7,300,15275,827.67,827.65,832.45
7626,2021-01-06 11:01:00,828.9,832.4,826.95,826.95,100,15275,827.68,827.55,832.9
7627,2021-01-06 11:02:00,827.05,827.05,827.05,827.05,100,15275,827.67,824.35,829.6
7628,2021-01-06 11:03:00,825.05,825.05,825.05,825.05,25,14950,827.67,824.8,830.55
7629,2021-01-06 11:04:00,825.05,831.05,825.05,831.05,50,14950,827.67,829.3,834.7
7630,2021-01-06 11:05:00,825.05,831.05,825.05,831.05,50,14950,827.67,829.3,834.7
7631,2021-01-06 11:06:00,839.1,839.1,833.7,833.7,50,14975,827.68,831.2,835.15
7632,2021-01-06 11:07:00,839.1,839.1,833.7,833.7,50,14975,827.68,831.2,835.15
7633,2021-01-06 11:08:00,845.0,845.0,844.7,844.7,525,14850,827.93,837.85,844.65
7634,2021-01-06 11:09:00,844.8,844.8,844.7,844.7,225,14850,828.03,840.95,846.15
7635,2021-01-06 11:10:00,841.0,844.8,837.55,840.0,675,14850,828.26,837.55,841.65
7636,2021-01-06 11:11:00,841.0,844.8,837.55,840.0,675,14850,828.26,837.55,841.65
7637,2021-01-06 11:12:00,837.55,841.4,836.8,841.4,325,15375,828.36,836.35,841.55
7638,2021-01-06 11:13:00,844.0,847.45,844.0,844.0,175,15375,828.44,839.65,844.6
7639,2021-01-06 11:14:00,846.5,846.5,842.2,842.2,50,15475,828.46,842.2,844.9
7640,2021-01-06 11:15:00,842.25,843.6,840.5,840.5,225,15475,828.54,841.1,846.25
7641,2021-01-06 11:16:00,840.6,840.6,836.9,836.9,350,15475,828.64,835.2,840.4
7642,2021-01-06 11:17:00,839.4,839.4,836.3,836.3,75,16050,828.66,834.9,838.7
7643,2021-01-06 11:18:00,836.3,836.3,836.3,836.3,25,16050,828.66,831.65,837.05
7644,2021-01-06 11:19:00,826.95,826.95,826.95,826.95,75,16050,828.66,827.85,832.85
7645,2021-01-06 11:20:00,825.0,826.8,825.0,826.8,75,15700,828.65,823.1,828.4
7646,2021-01-06 11:21:00,828.6,828.6,828.6,828.6,175,15700,828.65,826.25,831.3
7647,2021-01-06 11:22:00,828.6,828.6,828.6,828.6,175,15700,828.65,826.25,831.3
7648,2021-01-06 11:23:00,827.4,827.4,826.75,826.75,175,15925,828.65,824.65,827.6
7649,2021-01-06 11:24:00,817.6,820.0,817.05,817.05,100,15925,828.62,820.4,824.9
7650,2021-01-06 11:25:00,817.6,820.0,817.05,817.05,100,15925,828.62,820.4,824.9
7651,2021-01-06 11:26:00,817.6,820.0,817.05,817.05,100,15925,828.62,820.4,824.9
7652,2021-01-06 11:27:00,828.8,830.45,828.0,828.0,125,15625,828.62,828.0,829.65
7653,2021-01-06 11:28:00,828.0,828.0,819.2,819.2,225,15625,828.58,818.75,824.45
7654,2021-01-06 11:29:00,830.3,830.3,830.3,830.3,25,15625,828.58,827.45,832.5
7655,2021-01-06 11:30:00,837.45,837.45,835.95,835.95,50,15600,828.59,829.2,834.5
7656,2021-01-06 11:31:00,834.0,836.05,834.0,836.05,75,15600,828.6,836.05,839.65
7657,2021-01-06 11:32:00,835.95,835.95,835.95,835.95,25,15600,828.61,832.3,836.15
7658,2021-01-06 11:33:00,835.95,835.95,835.95,835.95,25,15600,828.61,832.3,836.15
7659,2021-01-06 11:34:00,824.05,824.05,824.05,824.05,25,15525,828.6,823.75,828.4
7660,2021-01-06 11:35:00,824.05,824.05,824.05,824.05,25,15525,828.6,823.75,828.4
7661,2021-01-06 11:36:00,816.65,824.0,815.1,824.0,175,15550,828.56,819.75,824.75
7662,2021-01-06 11:37:00,818.55,825.0,818.55,825.0,225,15550,828.52,825.95,831.15
7663,2021-01-06 11:38:00,818.55,825.0,818.55,825.0,225,15550,828.52,825.95,831.15
7664,2021-01-06 11:39:00,826.0,826.0,826.0,826.0,25,15475,828.52,826.0,830.25
7665,2021-01-06 11:40:00,825.05,825.05,822.7,822.7,75,15475,828.51,819.8,823.7
7666,2021-01-06 11:41:00,821.4,821.4,821.4,821.4,100,15475,828.5,817.05,822.45
7667,2021-01-06 11:42:00,824.0,824.0,823.05,823.05,175,15375,828.48,819.1,824.7
7668,2021-01-06 11:43:00,824.0,824.0,823.05,823.05,175,15375,828.48,819.1,824.7
7669,2021-01-06 11:44:00,823.05,823.05,823.05,823.05,25,15550,828.47,821.15,826.85
7670,2021-01-06 11:45:00,823.05,823.05,823.05,823.05,25,15550,828.47,821.15,826.85
7671,2021-01-06 11:46:00,823.8,823.8,816.45,819.1,275,15550,828.42,818.0,821.3
7672,2021-01-06 11:47:00,818.0,818.0,789.5,818.0,850,15775,828.0,812.75,818.8
7673,2021-01-06 11:48:00,815.0,815.8,809.75,815.8,250,15775,827.92,812.0,815.8
7674,2021-01-06 11:49:00,815.8,822.0,815.8,822.0,50,15775,827.91,820.95,825.0
7675,2021-01-06 11:50:00,823.0,823.0,814.6,814.6,75,15775,827.9,814.5,820.1
7676,2021-01-06 11:51:00,814.6,814.6,810.0,810.0,125,15775,827.85,808.85,814.5
7677,2021-01-06 11:52:00,810.0,820.0,810.0,816.45,225,15775,827.79,816.55,821.95
7678,2021-01-06 11:53:00,822.0,822.0,822.0,822.0,25,15800,827.79,820.05,824.75
7679,2021-01-06 11:54:00,823.95,823.95,820.0,822.65,75,15800,827.78,816.05,821.35
7680,2021-01-06 11:55:00,816.0,816.05,816.0,816.05,200,15800,827.72,816.25,821.6
7681,2021-01-06 11:56:00,812.6,812.6,812.6,812.6,25,15800,827.71,810.85,817.6
7682,2021-01-06 11:57:00,811.35,811.35,811.35,811.35,25,15950,827.7,815.45,822.75
7683,2021-01-06 11:58:00,820.25,833.75,820.25,833.75,50,15950,827.7,831.0,833.75
7684,2021-01-06 11:59:00,834.85,834.85,830.5,830.5,250,15950,827.73,828.55,835.0
7685,2021-01-06 12:00:00,834.85,834.85,830.5,830.5,250,15950,827.73,828.55,835.0
7686,2021-01-06 12:01:00,833.35,837.0,833.35,837.0,75,15925,827.74,836.1,839.75
7687,2021-01-06 12:02:00,825.0,825.0,823.0,823.0,50,15925,827.74,817.5,823.8
7688,2021-01-06 12:03:00,825.4,825.4,825.4,825.4,25,15900,827.73,824.6,828.7
7689,2021-01-06 12:04:00,825.4,825.4,825.4,825.4,25,15900,827.73,824.6,828.7
7690,2021-01-06 12:05:00,825.4,825.4,825.4,825.4,25,15900,827.73,824.6,828.7
7691,2021-01-06 12:06:00,817.55,819.95,817.55,819.95,175,15900,827.7,820.0,824.6
7692,2021-01-06 12:07:00,817.55,817.55,817.55,817.55,50,15900,827.69,815.55,820.5
7693,2021-01-06 12:08:00,823.95,823.95,823.95,823.95,100,15900,827.68,820.95,824.95
7694,2021-01-06 12:09:00,821.5,825.0,821.5,825.0,50,15775,827.68,828.25,830.0
7695,2021-01-06 12:10:00,827.4,830.0,827.4,830.0,50,15775,827.68,832.6,837.25
7696,2021-01-06 12:11:00,836.4,836.4,830.35,830.35,50,15800,827.68,830.75,836.05
7697,2021-01-06 12:12:00,836.4,836.4,830.35,830.35,50,15800,827.68,830.75,836.05
7698,2021-01-06 12:13:00,840.0,847.0,838.5,847.0,625,15800,827.86,844.0,848.6
7699,2021-01-06 12:14:00,844.0,845.8,840.15,845.8,150,15800,827.91,840.4,845.05
7700,2021-01-06 12:15:00,840.25,840.25,836.95,836.95,75,15850,827.93,835.2,840.75
7701,2021-01-06 12:16:00,840.25,840.25,836.95,836.95,75,15850,827.93,835.2,840.75
7702,2021-01-06 12:17:00,840.0,850.1,840.0,850.1,625,15850,828.24,845.9,855.0
7703,2021-01-06 12:18:00,854.95,855.0,849.1,851.85,425,15850,828.46,851.25,854.95
7704,2021-01-06 12:19:00,854.9,859.25,852.0,859.25,375,15850,828.68,856.2,862.7
7705,2021-01-06 12:20:00,863.55,870.05,863.55,869.45,750,15850,829.32,863.45,869.95
7706,2021-01-06 12:21:00,869.95,883.95,869.95,883.95,1150,16250,830.46,876.65,883.95
7707,2021-01-06 12:22:00,880.0,880.0,871.95,879.8,225,16250,830.68,870.1,877.05
7708,2021-01-06 12:23:00,874.15,879.95,872.35,879.95,250,16250,830.91,874.4,879.95
7709,2021-01-06 12:24:00,875.8,882.95,875.8,882.95,125,15975,831.04,877.65,882.85
7710,2021-01-06 12:25:00,877.65,885.0,877.65,885.0,450,15975,831.52,885.3,890.0
7711,2021-01-06 12:26:00,885.85,895.0,885.85,895.0,275,15975,831.86,890.9,897.95
7712,2021-01-06 12:27:00,890.1,890.1,890.0,890.0,125,15800,832.01,890.0,894.85
7713,2021-01-06 12:28:00,894.95,899.85,890.05,899.85,150,15800,832.2,894.4,899.95
7714,2021-01-06 12:29:00,900.0,909.0,900.0,908.2,750,15800,833.29,900.65,908.5
7715,2021-01-06 12:30:00,901.05,901.05,894.7,899.95,300,15950,833.68,894.0,899.2
7716,2021-01-06 12:31:00,892.85,899.95,891.65,899.95,175,15950,833.88,900.05,905.55
7717,2021-01-06 12:32:00,909.0,919.9,907.1,912.45,950,15950,835.3,910.0,913.65
7718,2021-01-06 12:33:00,913.7,920.65,913.0,913.05,325,15650,835.8,914.1,917.9
7719,2021-01-06 12:34:00,917.35,917.35,913.0,917.35,75,15650,835.91,912.1,916.3
7720,2021-01-06 12:35:00,915.2,915.2,909.05,913.85,475,15650,836.59,910.15,916.0
7721,2021-01-06 12:36:00,909.05,913.35,895.45,901.3,625,15900,837.38,896.7,901.6
7722,2021-01-06 12:37:00,900.0,900.0,900.0,900.0,25,15900,837.41,900.1,905.75
7723,2021-01-06 12:38:00,905.65,907.95,899.85,907.95,325,15900,837.82,906.6,912.3
7724,2021-01-06 12:39:00,906.7,911.7,906.7,911.7,75,15350,837.92,911.7,915.25
7725,2021-01-06 12:40:00,912.5,917.35,911.85,917.35,100,15350,838.06,914.25,919.7
7726,2021-01-06 12:41:00,903.85,909.1,903.85,909.1,100,15350,838.19,903.85,909.0
7727,2021-01-06 12:42:00,904.5,904.5,904.5,904.5,25,15400,838.22,900.05,904.55
7728,2021-01-06 12:43:00,900.0,900.0,890.35,895.85,125,15400,838.35,893.65,898.7
7729,2021-01-06 12:44:00,896.1,902.0,896.1,902.0,175,15400,838.55,894.5,899.85
7730,2021-01-06 12:45:00,897.9,903.65,895.65,903.65,200,15475,838.77,896.5,901.65
7731,2021-01-06 12:46:00,897.45,905.4,897.45,902.3,225,15475,839.04,899.5,902.35
7732,2021-01-06 12:47:00,899.5,914.4,899.5,914.4,225,15475,839.32,909.8,913.9
7733,2021-01-06 12:48:00,913.9,913.9,907.2,907.2,100,15400,839.45,907.2,912.35
7734,2021-01-06 12:49:00,914.3,915.0,914.3,915.0,50,15400,839.52,915.85,919.8
7735,2021-01-06 12:50:00,915.25,918.15,915.0,918.15,200,15400,839.79,912.8,917.8
7736,2021-01-06 12:51:00,912.6,915.0,912.6,915.0,75,15550,839.89,911.35,915.15
7737,2021-01-06 12:52:00,914.7,914.7,914.7,914.7,25,15550,839.93,906.95,911.35
7738,2021-01-06 12:53:00,914.7,914.7,914.7,914.7,25,15550,839.93,906.95,911.35
7739,2021-01-06 12:54:00,913.4,913.4,910.0,910.0,75,15500,840.03,907.55,910.4
7740,2021-01-06 12:55:00,906.8,906.8,906.8,906.8,200,15500,840.26,903.85,908.4
7741,2021-01-06 12:56:00,906.5,906.65,906.5,906.65,150,15500,840.44,905.7,911.5
7742,2021-01-06 12:57:00,911.95,911.95,907.0,907.0,600,15400,841.19,903.8,908.45
7743,2021-01-06 12:58:00,900.0,900.85,896.9,896.9,150,15400,841.34,896.9,901.4
7744,2021-01-06 12:59:00,895.0,895.0,895.0,895.0,50,15400,841.39,898.25,902.95
7745,2021-01-06 13:00:00,902.95,902.95,902.95,902.95,25,15400,841.41,903.5,908.55
7746,2021-01-06 13:01:00,908.6,908.6,908.6,908.6,25,15625,841.44,903.95,908.75
7747,2021-01-06 13:02:00,908.6,908.6,908.6,908.6,25,15625,841.44,903.95,908.75
7748,2021-01-06 13:03:00,908.6,909.75,908.6,909.75,50,15600,841.5,905.2,910.45
7749,2021-01-06 13:04:00,908.6,909.75,908.6,909.75,50,15600,841.5,905.2,910.45
7750,2021-01-06 13:05:00,908.6,909.75,908.6,909.75,50,15600,841.5,905.2,910.45
7751,2021-01-06 13:06:00,908.6,909.75,908.6,909.75,50,15600,841.5,905.2,910.45
7752,2021-01-06 13:07:00,880.1,887.95,880.1,887.95,550,15600,841.9,893.15,898.55
7753,2021-01-06 13:08:00,893.35,893.35,893.35,893.35,25,15600,841.92,887.5,892.9
7754,2021-01-06 13:09:00,893.35,893.65,888.6,893.65,275,15375,842.16,888.55,894.15
7755,2021-01-06 13:10:00,893.35,893.65,888.6,893.65,275,15375,842.16,888.55,894.15
7756,2021-01-06 13:11:00,892.05,892.05,892.05,892.05,500,15375,842.59,886.05,890.7
7757,2021-01-06 13:12:00,911.0,911.0,907.0,907.0,1125,15675,843.84,898.3,903.8
7758,2021-01-06 13:13:00,903.9,903.9,903.9,903.9,25,15675,843.86,902.25,907.05
7759,2021-01-06 13:14:00,903.9,903.9,903.9,903.9,25,15675,843.86,902.25,907.05
7760,2021-01-06 13:15:00,880.05,880.05,859.9,859.9,600,16875,844.17,858.1,866.15
7761,2021-01-06 13:16:00,863.85,877.0,863.85,877.0,800,16875,844.57,875.35,880.65
7762,2021-01-06 13:17:00,880.65,881.6,880.65,881.6,325,16875,844.77,882.6,887.35
7763,2021-01-06 13:18:00,889.0,903.05,889.0,903.05,125,17150,844.88,892.6,898.2
7764,2021-01-06 13:19:00,898.5,898.8,892.5,892.5,275,17150,845.12,890.85,896.5
7765,2021-01-06 13:20:00,898.5,898.8,892.5,892.5,275,17150,845.12,890.85,896.5
7766,2021-01-06 13:21:00,895.35,895.35,895.35,895.35,125,17300,845.22,895.15,899.45
7767,2021-01-06 13:22:00,899.0,899.0,899.0,899.0,25,17300,845.24,898.6,904.7
7768,2021-01-06 13:23:00,907.45,911.0,907.45,911.0,250,17300,845.51,911.0,916.95
7769,2021-01-06 13:24:00,917.0,922.0,915.0,915.0,300,17000,845.85,908.7,913.2
7770,2021-01-06 13:25:00,901.05,901.05,901.05,901.05,25,17000,845.88,902.3,908.0
7771,2021-01-06 13:26:00,902.25,906.5,902.25,906.5,125,17000,845.99,902.1,909.0
7772,2021-01-06 13:27:00,908.85,908.85,908.85,908.85,50,17000,846.04,897.0,905.15
7773,2021-01-06 13:28:00,900.35,900.35,900.35,900.35,25,16650,846.06,893.45,899.65
7774,2021-01-06 13:29:00,892.55,892.55,892.1,892.1,200,16650,846.21,893.3,898.7
7775,2021-01-06 13:30:00,894.05,899.0,894.05,899.0,125,16575,846.31,893.3,899.65
7776,2021-01-06 13:31:00,894.05,899.0,894.05,899.0,125,16575,846.31,893.3,899.65
7777,2021-01-06 13:32:00,890.0,890.0,885.0,885.7,75,16575,846.36,887.75,893.65
7778,2021-01-06 13:33:00,885.0,885.0,884.25,884.25,100,16600,846.42,885.3,891.7
7779,2021-01-06 13:34:00,894.65,894.65,894.65,894.65,50,16600,846.46,888.05,893.9
7780,2021-01-06 13:35:00,888.3,891.0,884.0,884.0,250,16600,846.63,881.65,884.05
7781,2021-01-06 13:36:00,881.65,881.65,875.0,875.0,225,16600,846.74,877.2,883.65
7782,2021-01-06 13:37:00,876.25,876.25,876.25,876.25,25,16875,846.75,867.9,872.8
7783,2021-01-06 13:38:00,872.65,872.65,872.65,872.65,25,16875,846.76,866.6,872.65
7784,2021-01-06 13:39:00,869.85,869.85,855.0,855.0,100,16850,846.78,853.85,861.05
7785,2021-01-06 13:40:00,851.5,867.7,851.5,867.7,175,16850,846.81,865.65,870.8
7786,2021-01-06 13:41:00,871.1,871.1,830.0,830.0,750,16850,846.86,830.8,837.05
7787,2021-01-06 13:42:00,837.05,837.05,820.0,832.4,325,16900,846.76,824.35,832.4
7788,2021-01-06 13:43:00,830.05,858.55,829.0,848.55,925,16900,846.8,846.3,850.6
7789,2021-01-06 13:44:00,858.35,863.95,858.35,863.95,525,16900,846.91,851.55,856.1
7790,2021-01-06 13:45:00,862.2,862.2,829.85,833.2,600,18100,846.91,835.1,839.35
7791,2021-01-06 13:46:00,829.3,832.05,828.4,832.05,175,18100,846.86,829.45,836.4
7792,2021-01-06 13:47:00,837.7,837.7,837.7,837.7,25,18100,846.86,836.05,841.8
7793,2021-01-06 13:48:00,822.25,822.25,794.9,794.9,150,18200,846.77,811.65,817.35
7794,2021-01-06 13:49:00,814.3,818.25,812.45,815.0,100,18200,846.73,811.4,819.25
7795,2021-01-06 13:50:00,794.1,794.55,765.1,765.1,1000,18200,845.74,768.3,777.05
7796,2021-01-06 13:51:00,760.0,770.0,744.9,766.9,950,18200,844.48,772.35,780.3
7797,2021-01-06 13:52:00,771.05,785.0,771.05,773.85,150,18200,844.34,771.1,777.5
7798,2021-01-06 13:53:00,770.0,775.8,760.85,775.8,200,18200,844.12,775.15,782.9
7799,2021-01-06 13:54:00,771.65,778.0,771.65,778.0,100,17925,844.02,777.6,784.15
7800,2021-01-06 13:55:00,781.9,805.15,781.9,800.0,150,17925,843.92,795.05,799.2
7801,2021-01-06 13:56:00,799.25,807.55,795.0,795.0,225,17925,843.78,794.9,800.95
7802,2021-01-06 13:57:00,796.65,796.65,777.45,777.45,225,17875,843.59,794.6,800.55
7803,2021-01-06 13:58:00,799.4,802.75,786.05,786.05,175,17875,843.46,786.05,790.0
7804,2021-01-06 13:59:00,786.0,802.3,786.0,802.3,550,17875,843.02,795.5,804.7
7805,2021-01-06 14:00:00,805.35,805.35,786.0,803.55,375,17975,842.78,799.65,807.9
7806,2021-01-06 14:01:00,799.4,799.4,799.4,799.4,50,17975,842.74,796.0,803.75
7807,2021-01-06 14:02:00,809.0,816.0,809.0,816.0,525,17975,842.54,822.25,833.15
7808,2021-01-06 14:03:00,832.0,832.0,814.9,814.9,175,18200,842.5,804.75,812.6
7809,2021-01-06 14:04:00,820.85,820.85,815.15,815.15,50,18200,842.49,815.15,821.85
7810,2021-01-06 14:05:00,820.0,820.0,815.0,815.0,175,18200,842.42,806.05,809.85
7811,2021-01-06 14:06:00,801.4,809.8,792.9,809.8,200,17650,842.31,798.65,805.0
7812,2021-01-06 14:07:00,804.35,804.35,790.0,790.0,550,17650,842.01,791.4,799.75
7813,2021-01-06 14:08:00,791.8,791.8,791.8,791.8,75,17650,841.96,789.8,795.6
7814,2021-01-06 14:09:00,790.05,790.05,777.0,777.0,350,18250,841.68,770.55,778.2
7815,2021-01-06 14:10:00,786.25,786.25,750.0,750.0,375,18250,841.26,748.0,757.25
7816,2021-01-06 14:11:00,757.05,757.05,730.0,738.75,875,18250,840.1,736.45,743.15
7817,2021-01-06 14:12:00,742.0,768.45,741.6,767.45,500,18525,839.53,757.75,767.55
7818,2021-01-06 14:13:00,759.75,762.85,758.1,758.1,200,18525,839.32,755.75,764.8
7819,2021-01-06 14:14:00,750.0,758.4,749.75,749.75,600,18525,838.66,750.35,757.4
7820,2021-01-06 14:15:00,745.0,764.6,745.0,764.6,75,18800,838.58,763.8,769.95
7821,2021-01-06 14:16:00,770.0,790.8,770.0,790.8,375,18800,838.32,786.45,795.85
7822,2021-01-06 14:17:00,800.0,810.0,800.0,800.0,150,18800,838.25,796.35,804.5
7823,2021-01-06 14:18:00,810.0,810.0,801.2,808.75,200,19275,838.18,803.7,813.65
7824,2021-01-06 14:19:00,801.8,801.8,801.8,801.8,25,19275,838.16,799.65,807.0
7825,2021-01-06 14:20:00,810.0,817.15,810.0,814.0,225,19275,838.09,811.05,820.35
7826,2021-01-06 14:21:00,815.6,815.6,815.6,815.6,25,19300,838.08,814.25,820.0
7827,2021-01-06 14:22:00,810.0,811.45,802.1,811.45,125,19300,838.04,805.8,811.75
7828,2021-01-06 14:23:00,797.45,797.45,797.45,797.45,325,19300,837.86,792.6,800.0
7829,2021-01-06 14:24:00,790.0,796.85,790.0,796.85,125,19500,837.8,792.9,799.0
7830,2021-01-06 14:25:00,800.0,800.0,798.7,798.7,100,19500,837.75,794.85,803.05
7831,2021-01-06 14:26:00,800.0,800.0,798.7,798.7,100,19500,837.75,794.85,803.05
7832,2021-01-06 14:27:00,806.0,807.0,800.15,806.25,200,19500,837.66,802.3,809.2
7833,2021-01-06 14:28:00,799.0,799.0,790.0,790.0,775,19500,837.25,781.0,790.1
7834,2021-01-06 14:29:00,793.7,793.7,793.7,793.7,25,19500,837.23,792.05,798.05
7835,2021-01-06 14:30:00,787.75,787.75,787.75,787.75,25,19950,837.22,772.15,780.15
7836,2021-01-06 14:31:00,770.65,770.65,770.65,770.65,50,19950,837.18,772.2,780.55
7837,2021-01-06 14:32:00,770.65,770.65,770.65,770.65,50,19950,837.18,772.2,780.55
7838,2021-01-06 14:33:00,789.85,789.85,784.35,784.35,100,19950,837.11,776.2,784.5
7839,2021-01-06 14:34:00,789.85,789.85,784.35,784.35,100,19950,837.11,776.2,784.5
7840,2021-01-06 14:35:00,774.4,774.4,774.4,774.4,25,19950,837.09,775.05,784.05
7841,2021-01-06 14:36:00,790.0,790.0,790.0,790.0,25,19975,837.08,781.3,787.9
7842,2021-01-06 14:37:00,787.9,787.9,781.0,781.0,50,19975,837.05,770.55,775.65
7843,2021-01-06 14:38:00,779.65,779.65,779.65,779.65,25,19975,837.03,782.3,788.8
7844,2021-01-06 14:39:00,792.7,792.7,792.7,792.7,25,19800,837.01,785.35,790.35
7845,2021-01-06 14:40:00,790.9,800.0,790.9,800.0,125,19800,836.95,803.6,808.85
7846,2021-01-06 14:41:00,811.0,816.0,809.2,816.0,700,19800,836.76,818.85,824.7
7847,2021-01-06 14:42:00,826.15,832.25,820.3,832.25,425,19025,836.71,832.2,840.75
7848,2021-01-06 14:43:00,832.7,838.55,832.65,838.55,100,19025,836.71,832.05,835.95
7849,2021-01-06 14:44:00,831.15,831.15,831.15,831.15,125,19025,836.7,839.65,846.5
7850,2021-01-06 14:45:00,845.0,869.0,845.0,869.0,1275,18550,837.11,860.1,866.0
7851,2021-01-06 14:46:00,860.0,860.0,852.0,852.0,425,18550,837.21,850.9,856.9
7852,2021-01-06 14:47:00,855.0,864.35,847.95,847.95,250,18550,837.27,847.85,853.25
7853,2021-01-06 14:48:00,856.75,856.75,856.75,856.75,100,18550,837.3,858.4,864.0
7854,2021-01-06 14:49:00,840.45,840.45,840.45,840.45,50,18225,837.3,836.2,842.4
7855,2021-01-06 14:50:00,839.0,839.0,826.95,829.9,175,18225,837.29,828.6,835.3
7856,2021-01-06 14:51:00,845.85,848.4,845.85,848.4,75,18300,837.3,851.25,856.0
7857,2021-01-06 14:52:00,845.85,848.4,845.85,848.4,75,18300,837.3,851.25,856.0
7858,2021-01-06 14:53:00,845.85,848.4,845.85,848.4,75,18300,837.3,851.25,856.0
7859,2021-01-06 14:54:00,849.45,849.45,849.45,849.45,75,18025,837.31,842.75,847.5
7860,2021-01-06 14:55:00,851.15,851.15,848.5,848.5,50,18025,837.32,844.2,848.85
7861,2021-01-06 14:56:00,851.15,851.15,848.5,848.5,50,18025,837.32,844.2,848.85
7862,2021-01-06 14:57:00,840.0,840.0,840.0,840.0,100,18025,837.32,839.85,842.95
7863,2021-01-06 14:58:00,839.0,839.0,839.0,839.0,100,18150,837.33,842.55,848.0
7864,2021-01-06 14:59:00,839.0,839.0,839.0,839.0,100,18150,837.33,842.55,848.0
7865,2021-01-06 15:00:00,839.0,839.0,839.0,839.0,100,18150,837.33,842.55,848.0
7866,2021-01-06 15:01:00,859.95,859.95,850.6,855.0,325,18150,837.41,852.15,858.35
7867,2021-01-06 15:02:00,850.6,850.6,840.2,840.2,125,18150,837.42,846.95,853.05
7868,2021-01-06 15:03:00,855.0,855.0,855.0,855.0,75,17875,837.43,852.2,856.6
7869,2021-01-06 15:04:00,848.25,848.25,848.25,848.25,25,17875,837.44,849.6,854.85
7870,2021-01-06 15:05:00,848.25,848.25,848.25,848.25,25,17875,837.44,849.6,854.85
7871,2021-01-06 15:06:00,848.75,855.25,843.2,843.2,125,17875,837.45,836.75,842.2
7872,2021-01-06 15:07:00,848.75,855.25,843.2,843.2,125,17875,837.45,836.75,842.2
7873,2021-01-06 15:08:00,846.0,846.0,846.0,846.0,50,17875,837.46,829.15,835.4
7874,2021-01-06 15:09:00,828.7,828.7,828.7,828.7,525,17650,837.41,826.5,831.65
7875,2021-01-06 15:10:00,830.65,830.65,829.55,829.55,75,17650,837.4,819.85,825.75
7876,2021-01-06 15:11:00,820.75,824.95,820.75,824.95,100,17650,837.38,824.0,829.7
7877,2021-01-06 15:12:00,830.15,830.15,830.15,830.15,75,17650,837.38,823.7,830.4
7878,2021-01-06 15:13:00,830.15,830.15,830.15,830.15,25,17100,837.38,825.55,830.85
7879,2021-01-06 15:14:00,830.15,830.15,829.2,829.2,150,17100,837.36,829.9,835.3
7880,2021-01-06 15:15:00,840.7,840.7,836.0,836.0,50,17150,837.36,836.95,842.0
7881,2021-01-06 15:16:00,840.75,841.25,840.75,841.25,75,17150,837.37,838.05,842.35
7882,2021-01-06 15:17:00,838.0,838.0,827.05,827.05,825,17150,837.35,830.8,834.8
7883,2021-01-06 15:18:00,834.85,838.65,834.85,838.65,50,17500,837.35,833.35,838.75
7884,2021-01-06 15:19:00,835.5,835.5,827.3,827.3,125,17500,837.34,829.8,836.15
7885,2021-01-06 15:20:00,836.1,836.1,820.75,820.75,150,17500,837.32,818.3,824.0
7886,2021-01-06 15:21:00,810.2,812.8,810.2,812.75,75,17450,837.3,814.45,819.25
7887,2021-01-06 15:22:00,818.3,818.3,810.2,810.2,75,17450,837.28,810.2,815.05
7888,2021-01-06 15:23:00,815.7,815.7,808.0,808.0,100,17450,837.25,808.9,815.65
7889,2021-01-06 15:24:00,813.15,813.45,808.0,808.0,150,17500,837.2,805.0,810.0
7890,2021-01-06 15:25:00,805.05,805.05,791.25,791.25,500,17500,837.0,791.35,796.4
7891,2021-01-06 15:26:00,792.0,793.95,792.0,793.95,75,17500,836.96,790.55,793.0
7892,2021-01-06 15:27:00,789.35,790.0,786.55,789.8,450,17475,836.71,786.55,789.75
7893,2021-01-06 15:28:00,789.75,789.9,788.3,788.95,125,17475,836.64,781.75,790.2
7894,2021-01-06 15:29:00,789.75,789.9,788.3,788.95,125,17475,836.64,781.75,790.2
7895,2021-01-06 15:30:00,788.95,800.7,781.8,781.8,200,17475,836.53,780.35,802.0
7896,2021-01-07 09:15:00,899.95,930.65,859.3,925.35,4925,17500,884.79,910.75,925.5
7897,2021-01-07 09:16:00,916.6,926.95,914.4,915.3,1150,17500,889.75,912.25,926.95
7898,2021-01-07 09:17:00,915.4,922.65,915.4,922.1,225,17250,890.8,917.05,925.0
7899,2021-01-07 09:18:00,925.0,930.0,919.85,930.0,650,17250,894.25,926.5,935.0
7900,2021-01-07 09:19:00,936.95,936.95,930.0,935.5,300,17250,895.84,931.1,939.35
7901,2021-01-07 09:20:00,940.0,956.35,940.0,944.65,750,17225,900.69,938.85,947.05
7902,2021-01-07 09:21:00,953.9,953.9,945.3,949.6,300,17225,902.51,950.0,953.0
7903,2021-01-07 09:22:00,950.0,952.95,941.3,947.3,625,17225,905.63,948.6,951.3
7904,2021-01-07 09:23:00,951.7,953.0,948.8,950.0,400,17100,907.59,951.05,954.85
7905,2021-01-07 09:24:00,952.0,952.0,947.0,949.05,150,17100,908.25,945.2,950.35
7906,2021-01-07 09:25:00,948.55,948.55,945.0,948.35,450,17100,910.27,941.7,948.95
7907,2021-01-07 09:26:00,949.95,950.0,949.95,950.0,50,17100,910.47,947.8,949.8
7908,2021-01-07 09:27:00,947.8,950.0,943.5,950.0,1150,17125,914.52,946.3,950.85
7909,2021-01-07 09:28:00,951.1,951.1,945.0,945.0,100,17125,914.81,938.85,944.7
7910,2021-01-07 09:29:00,946.8,948.6,936.4,937.9,450,16425,915.86,933.6,937.8
7911,2021-01-07 09:30:00,937.9,938.05,937.9,938.0,300,16425,916.41,933.95,939.75
7912,2021-01-07 09:31:00,928.4,928.4,928.4,928.4,100,16425,916.52,930.2,935.9
7913,2021-01-07 09:32:00,922.65,922.65,922.65,922.65,250,16425,916.65,925.6,931.0
7914,2021-01-07 09:33:00,935.5,940.0,935.5,940.0,100,16500,916.83,936.3,944.75
7915,2021-01-07 09:34:00,950.35,950.35,950.35,950.35,150,16500,917.19,935.5,942.1
7916,2021-01-07 09:35:00,930.0,930.65,922.55,923.2,400,16575,917.53,926.35,932.05
7917,2021-01-07 09:36:00,929.45,934.85,929.45,931.65,200,16575,917.76,929.3,935.0
7918,2021-01-07 09:37:00,929.45,934.85,929.45,931.65,200,16575,917.76,929.3,935.0
7919,2021-01-07 09:38:00,930.05,931.65,930.05,931.65,250,16500,918.02,929.75,935.0
7920,2021-01-07 09:39:00,931.65,933.3,923.15,928.0,300,16500,918.25,923.8,927.65
7921,2021-01-07 09:40:00,921.1,931.3,921.1,931.3,375,16500,918.41,926.55,933.65
7922,2021-01-07 09:41:00,924.8,930.45,924.8,930.45,50,15325,918.44,927.1,933.15
7923,2021-01-07 09:42:00,922.45,925.0,922.45,925.0,125,15325,918.49,918.65,926.65
7924,2021-01-07 09:43:00,922.45,925.0,922.45,925.0,125,15325,918.49,918.65,926.65
7925,2021-01-07 09:44:00,923.75,926.0,910.55,910.55,75,15300,918.5,911.5,916.7
7926,2021-01-07 09:45:00,923.75,926.0,910.55,910.55,75,15300,918.5,911.5,916.7
7927,2021-01-07 09:46:00,910.0,910.0,910.0,910.0,25,15300,918.49,903.45,910.6
7928,2021-01-07 09:47:00,910.3,910.3,910.3,910.3,50,15300,918.46,908.6,915.0
7929,2021-01-07 09:48:00,910.3,910.3,910.3,910.3,50,15300,918.46,908.6,915.0
7930,2021-01-07 09:49:00,912.7,912.7,912.7,912.7,25,15225,918.45,921.35,928.6
7931,2021-01-07 09:50:00,924.1,924.1,903.9,903.9,50,15225,918.43,904.15,911.8
7932,2021-01-07 09:51:00,907.9,907.9,906.75,906.75,100,15225,918.36,905.45,913.55
7933,2021-01-07 09:52:00,906.65,906.65,906.65,906.65,25,15225,918.34,903.6,909.25
7934,2021-01-07 09:53:00,900.0,900.0,899.0,899.0,175,15225,918.12,893.35,899.0
7935,2021-01-07 09:54:00,901.9,901.9,901.9,901.9,25,15225,918.09,901.25,908.1
7936,2021-01-07 09:55:00,910.45,910.45,910.45,910.45,25,15225,918.08,907.3,913.0
7937,2021-01-07 09:56:00,904.65,904.65,904.65,904.65,25,15250,918.05,898.4,904.2
7938,2021-01-07 09:57:00,904.65,904.65,904.65,904.65,25,15250,918.05,898.4,904.2
7939,2021-01-07 09:58:00,904.65,904.65,904.65,904.65,25,15250,918.05,898.4,904.2
7940,2021-01-07 09:59:00,910.95,910.95,910.95,910.95,25,15250,918.04,906.6,910.55
7941,2021-01-07 10:00:00,910.95,910.95,910.95,910.95,25,15250,918.04,906.6,910.55
7942,2021-01-07 10:01:00,912.05,918.4,912.05,918.0,125,15250,918.02,912.05,917.25
7943,2021-01-07 10:02:00,912.05,918.4,912.05,918.0,125,15250,918.02,912.05,917.25
7944,2021-01-07 10:03:00,918.05,918.65,918.05,918.65,75,14975,918.02,908.1,912.8
7945,2021-01-07 10:04:00,904.65,904.65,904.65,904.65,25,14975,917.99,900.0,905.65
7946,2021-01-07 10:05:00,897.05,897.05,897.05,897.05,25,14975,917.96,894.75,900.3
7947,2021-01-07 10:06:00,890.9,892.3,890.9,891.5,125,14975,917.74,889.4,894.15
7948,2021-01-07 10:07:00,890.9,892.3,890.9,891.5,125,14975,917.74,889.4,894.15
7949,2021-01-07 10:08:00,899.6,899.6,899.6,899.6,25,14975,917.71,897.25,903.35
7950,2021-01-07 10:09:00,899.45,899.45,899.45,899.45,25,15050,917.68,892.15,895.75
7951,2021-01-07 10:10:00,903.05,903.05,903.05,903.05,25,15050,917.66,900.45,906.0
7952,2021-01-07 10:11:00,904.45,904.45,899.45,899.45,50,15075,917.61,898.2,902.95
7953,2021-01-07 10:12:00,904.45,904.45,899.45,899.45,50,15075,917.61,898.2,902.95
7954,2021-01-07 10:13:00,890.0,890.85,880.0,890.85,875,15075,915.61,888.6,894.85
7955,2021-01-07 10:14:00,894.05,894.05,894.05,894.05,25,15450,915.57,893.05,898.45
7956,2021-01-07 10:15:00,894.05,895.9,894.05,895.9,200,15450,915.32,894.55,904.3
7957,2021-01-07 10:16:00,894.05,895.9,894.05,895.9,200,15450,915.32,894.55,904.3
7958,2021-01-07 10:17:00,900.35,900.35,900.35,900.35,100,15475,915.22,894.45,897.45
7959,2021-01-07 10:18:00,900.55,900.55,900.55,900.55,25,15475,915.2,898.95,905.1
7960,2021-01-07 10:19:00,906.5,908.55,906.5,908.55,50,15475,915.18,906.55,912.55
7961,2021-01-07 10:20:00,912.55,912.55,912.55,912.55,100,15475,915.16,908.15,911.3
7962,2021-01-07 10:21:00,906.0,906.0,897.05,898.7,225,15500,914.96,895.05,900.15
7963,2021-01-07 10:22:00,886.8,886.8,886.8,886.8,25,15500,914.92,888.0,895.35
7964,2021-01-07 10:23:00,886.8,886.8,886.8,886.8,25,15500,914.92,888.0,895.35
7965,2021-01-07 10:24:00,886.8,886.8,866.0,870.0,75,15425,914.74,870.65,876.05
7966,2021-01-07 10:25:00,870.7,870.9,870.7,870.9,50,15425,914.61,869.45,877.9
7967,2021-01-07 10:26:00,875.2,875.2,867.65,867.65,50,15425,914.49,866.6,873.0
7968,2021-01-07 10:27:00,872.9,872.9,872.9,872.9,50,15500,914.37,878.35,882.4
7969,2021-01-07 10:28:00,872.9,872.9,872.9,872.9,50,15500,914.37,878.35,882.4
7970,2021-01-07 10:29:00,872.9,872.9,872.9,872.9,50,15500,914.37,878.35,882.4
7971,2021-01-07 10:30:00,878.0,878.0,869.05,869.05,125,15250,914.09,864.15,872.55
7972,2021-01-07 10:31:00,878.0,878.0,869.05,869.05,125,15250,914.09,864.15,872.55
7973,2021-01-07 10:32:00,878.0,878.0,869.05,869.05,125,15250,914.09,864.15,872.55
7974,2021-01-07 10:33:00,871.0,871.0,871.0,871.0,50,15075,913.97,871.0,875.8
7975,2021-01-07 10:34:00,871.45,871.45,871.45,871.45,400,15075,913.03,870.8,876.65
7976,2021-01-07 10:35:00,872.0,872.0,872.0,872.0,25,15075,912.97,863.05,867.95
7977,2021-01-07 10:36:00,872.0,872.0,872.0,872.0,25,15075,912.97,863.05,867.95
7978,2021-01-07 10:37:00,872.0,872.0,872.0,872.0,25,15075,912.97,863.05,867.95
7979,2021-01-07 10:38:00,872.0,872.0,872.0,872.0,25,15075,912.97,863.05,867.95
7980,2021-01-07 10:39:00,872.0,872.0,872.0,872.0,25,15075,912.97,863.05,867.95
7981,2021-01-07 10:40:00,872.0,872.0,872.0,872.0,25,15075,912.97,863.05,867.95
7982,2021-01-07 10:41:00,870.0,870.0,870.0,870.0,25,14650,912.91,870.75,875.3
7983,2021-01-07 10:42:00,870.0,870.0,870.0,870.0,25,14650,912.91,870.75,875.3
7984,2021-01-07 10:43:00,878.35,878.35,873.1,876.3,525,14525,911.82,873.4,877.8
7985,2021-01-07 10:44:00,878.35,878.35,873.1,876.3,525,14525,911.82,873.4,877.8
7986,2021-01-07 10:45:00,878.2,878.2,878.2,878.2,25,14975,911.78,882.4,888.15
7987,2021-01-07 10:46:00,889.7,889.7,889.7,889.7,25,14975,911.75,888.95,895.9
7988,2021-01-07 10:47:00,894.0,894.0,889.05,889.05,300,14500,911.45,889.05,893.9
7989,2021-01-07 10:48:00,900.65,900.65,900.65,900.65,25,14500,911.44,902.25,908.05
7990,2021-01-07 10:49:00,908.95,911.65,908.95,911.65,525,14500,911.42,899.45,904.25
7991,2021-01-07 10:50:00,905.0,913.8,905.0,908.0,150,14500,911.38,906.2,911.2
7992,2021-01-07 10:51:00,914.3,914.3,910.0,910.0,150,14800,911.4,906.95,915.3
7993,2021-01-07 10:52:00,910.0,916.75,910.0,916.75,500,14800,911.38,910.5,918.9
7994,2021-01-07 10:53:00,915.85,915.85,915.85,915.85,75,14800,911.4,907.65,915.15
7995,2021-01-07 10:54:00,915.85,915.85,915.85,915.85,75,14800,911.4,907.65,915.15
7996,2021-01-07 10:55:00,915.85,915.85,915.85,915.85,75,14800,911.4,907.65,915.15
7997,2021-01-07 10:56:00,915.85,915.85,915.85,915.85,75,14800,911.4,907.65,915.15
7998,2021-01-07 10:57:00,901.45,901.45,901.45,901.45,100,14900,911.35,900.9,907.45
7999,2021-01-07 10:58:00,901.45,901.45,901.45,901.45,100,14900,911.35,900.9,907.45
8000,2021-01-07 10:59:00,901.45,901.45,901.45,901.45,100,14900,911.35,900.9,907.45
8001,2021-01-07 11:00:00,901.45,901.45,901.45,901.45,100,14900,911.35,900.9,907.45
8002,2021-01-07 11:01:00,896.05,896.05,890.45,890.45,75,14850,911.28,888.25,894.65
8003,2021-01-07 11:02:00,894.75,894.75,894.75,894.75,50,14700,911.24,889.35,893.9
8004,2021-01-07 11:03:00,894.75,894.75,894.75,894.75,50,14700,911.24,889.35,893.9
8005,2021-01-07 11:04:00,894.75,894.75,894.75,894.75,50,14700,911.24,889.35,893.9
8006,2021-01-07 11:05:00,894.75,894.75,894.75,894.75,50,14700,911.24,889.35,893.9
8007,2021-01-07 11:06:00,894.75,894.75,894.75,894.75,50,14700,911.24,889.35,893.9
8008,2021-01-07 11:07:00,900.0,900.0,900.0,900.0,100,14700,911.19,892.85,899.8
8009,2021-01-07 11:08:00,892.45,892.45,892.45,892.45,100,14700,911.11,895.0,900.65
8010,2021-01-07 11:09:00,892.45,892.45,892.45,892.45,100,14700,911.11,895.0,900.65
8011,2021-01-07 11:10:00,892.45,892.45,892.45,892.45,100,14700,911.11,895.0,900.65
8012,2021-01-07 11:11:00,892.45,892.45,892.45,892.45,100,14700,911.11,895.0,900.65
8013,2021-01-07 11:12:00,892.45,892.45,892.45,892.45,100,14700,911.11,895.0,900.65
8014,2021-01-07 11:13:00,892.45,892.45,892.45,892.45,100,14700,911.11,895.0,900.65
8015,2021-01-07 11:14:00,892.45,892.45,892.45,892.45,100,14700,911.11,895.0,900.65
8016,2021-01-07 11:15:00,892.45,892.45,892.45,892.45,100,14700,911.11,895.0,900.65
8017,2021-01-07 11:16:00,910.45,912.0,910.45,912.0,250,14625,911.11,904.95,910.35
8018,2021-01-07 11:17:00,909.6,909.6,909.6,909.6,25,14625,911.11,903.85,909.5
8019,2021-01-07 11:18:00,909.6,909.6,909.6,909.6,25,14625,911.11,903.85,909.5
8020,2021-01-07 11:19:00,912.0,925.0,912.0,925.0,375,14650,911.23,926.8,934.75
8021,2021-01-07 11:20:00,940.15,940.15,929.1,931.05,125,14750,911.38,927.45,932.0
8022,2021-01-07 11:21:00,940.15,940.15,929.1,931.05,125,14750,911.38,927.45,932.0
8023,2021-01-07 11:22:00,940.15,940.15,929.1,931.05,125,14750,911.38,927.45,932.0
8024,2021-01-07 11:23:00,931.0,931.0,931.0,931.0,25,14750,911.4,929.35,936.25
8025,2021-01-07 11:24:00,929.45,929.45,928.0,928.0,350,14750,911.69,932.65,938.05
8026,2021-01-07 11:25:00,929.45,929.45,928.0,928.0,350,14750,911.69,932.65,938.05
8027,2021-01-07 11:26:00,929.45,929.45,928.0,928.0,350,14750,911.69,932.65,938.05
8028,2021-01-07 11:27:00,928.9,928.9,928.9,928.9,25,14500,911.71,928.65,933.7
8029,2021-01-07 11:28:00,928.9,928.9,928.9,928.9,25,14500,911.71,928.65,933.7
8030,2021-01-07 11:29:00,928.9,928.9,928.9,928.9,25,14500,911.71,928.65,933.7
8031,2021-01-07 11:30:00,928.9,928.9,928.9,928.9,25,14500,911.71,928.65,933.7
8032,2021-01-07 11:31:00,928.35,928.35,928.35,928.35,25,14100,911.73,927.25,931.25
8033,2021-01-07 11:32:00,928.35,928.35,928.35,928.35,25,14100,911.73,927.25,931.25
8034,2021-01-07 11:33:00,928.6,928.6,928.6,928.6,25,14050,911.74,930.05,935.5
8035,2021-01-07 11:34:00,928.6,928.6,928.6,928.6,25,14050,911.74,930.05,935.5
8036,2021-01-07 11:35:00,928.6,928.6,928.6,928.6,25,14050,911.74,930.05,935.5
8037,2021-01-07 11:36:00,934.75,934.75,934.75,934.75,50,14025,911.8,928.7,934.75
8038,2021-01-07 11:37:00,934.75,934.75,934.75,934.75,50,14025,911.8,928.7,934.75
8039,2021-01-07 11:38:00,913.55,913.55,913.55,913.55,175,14000,911.82,916.65,921.0
8040,2021-01-07 11:39:00,910.0,910.0,906.5,906.5,75,14000,911.8,903.75,910.85
8041,2021-01-07 11:40:00,910.0,910.0,906.5,906.5,75,14000,911.8,903.75,910.85
8042,2021-01-07 11:41:00,918.5,918.5,918.5,918.5,25,14000,911.81,916.55,921.95
8043,2021-01-07 11:42:00,918.5,918.5,918.5,918.5,25,14000,911.81,916.55,921.95
8044,2021-01-07 11:43:00,918.5,918.5,918.5,918.5,25,14000,911.81,916.55,921.95
8045,2021-01-07 11:44:00,918.5,918.5,918.5,918.5,25,14000,911.81,916.55,921.95
8046,2021-01-07 11:45:00,913.05,913.05,913.05,913.05,25,13850,911.81,908.9,913.5
8047,2021-01-07 11:46:00,903.0,903.0,903.0,903.0,25,13850,911.8,903.4,908.95
8048,2021-01-07 11:47:00,915.0,915.0,915.0,915.0,25,13850,911.81,913.75,918.75
8049,2021-01-07 11:48:00,916.0,916.0,915.0,915.0,50,13875,911.82,913.0,917.95
8050,2021-01-07 11:49:00,916.0,916.0,915.0,915.0,50,13875,911.82,913.0,917.95
8051,2021-01-07 11:50:00,916.0,916.0,915.0,915.0,50,13875,911.82,913.0,917.95
8052,2021-01-07 11:51:00,916.0,916.0,915.0,915.0,50,13875,911.82,913.0,917.95
8053,2021-01-07 11:52:00,916.0,916.0,915.0,915.0,50,13875,911.82,913.0,917.95
8054,2021-01-07 11:53:00,916.0,916.0,915.0,915.0,50,13875,911.82,913.0,917.95
8055,2021-01-07 11:54:00,916.0,916.0,915.0,915.0,50,13875,911.82,913.0,917.95
8056,2021-01-07 11:55:00,916.0,916.0,915.0,915.0,50,13875,911.82,913.0,917.95
8057,2021-01-07 11:56:00,916.0,916.0,915.0,915.0,50,13875,911.82,913.0,917.95
8058,2021-01-07 11:57:00,934.9,934.9,931.8,931.8,300,13875,912.12,927.1,931.55
8059,2021-01-07 11:58:00,934.9,934.9,931.8,931.8,300,13875,912.12,927.1,931.55
8060,2021-01-07 11:59:00,934.9,934.9,931.8,931.8,300,13875,912.12,927.1,931.55
8061,2021-01-07 12:00:00,934.9,934.9,931.8,931.8,300,13875,912.12,927.1,931.55
8062,2021-01-07 12:01:00,934.9,934.9,931.8,931.8,300,13875,912.12,927.1,931.55
8063,2021-01-07 12:02:00,934.9,934.9,931.8,931.8,300,13875,912.12,927.1,931.55
8064,2021-01-07 12:03:00,934.9,934.9,931.8,931.8,300,13875,912.12,927.1,931.55
8065,2021-01-07 12:04:00,934.9,934.9,931.8,931.8,300,13875,912.12,927.1,931.55
8066,2021-01-07 12:05:00,934.9,934.9,931.8,931.8,300,13875,912.12,927.1,931.55
8067,2021-01-07 12:06:00,934.9,934.9,931.8,931.8,300,13875,912.12,927.1,931.55
8068,2021-01-07 12:07:00,928.15,928.15,928.15,928.15,25,13875,912.13,919.8,924.8
8069,2021-01-07 12:08:00,928.15,928.15,928.15,928.15,25,13875,912.13,919.8,924.8
8070,2021-01-07 12:09:00,928.15,928.15,928.15,928.15,25,13875,912.13,919.8,924.8
8071,2021-01-07 12:10:00,916.05,916.05,916.05,916.05,25,13875,912.14,918.6,922.8
8072,2021-01-07 12:11:00,916.05,916.05,916.05,916.05,25,13875,912.14,918.6,922.8
8073,2021-01-07 12:12:00,916.05,916.05,916.05,916.05,25,13875,912.14,918.6,922.8
8074,2021-01-07 12:13:00,926.2,926.2,926.2,926.2,25,0,912.15,918.1,922.4
8075,2021-01-07 12:14:00,926.2,926.2,926.2,926.2,25,0,912.15,918.1,922.4
8076,2021-01-07 12:15:00,926.2,926.2,926.2,926.2,25,0,912.15,918.1,922.4
8077,2021-01-07 12:16:00,926.2,926.2,926.2,926.2,25,13750,912.17,925.65,929.55
8078,2021-01-07 12:17:00,926.2,926.2,926.2,926.2,25,13750,912.17,925.65,929.55
8079,2021-01-07 12:18:00,932.9,932.9,932.9,932.9,25,13750,912.19,926.85,934.1
8080,2021-01-07 12:19:00,928.05,928.05,928.05,928.05,25,13750,912.21,929.35,934.05
8081,2021-01-07 12:20:00,928.05,928.05,928.05,928.05,25,13750,912.21,929.35,934.05
8082,2021-01-07 12:21:00,928.05,928.05,928.05,928.05,25,13750,912.21,929.35,934.05
8083,2021-01-07 12:22:00,928.05,928.05,928.05,928.05,25,13750,912.21,929.35,934.05
8084,2021-01-07 12:23:00,928.05,928.05,928.05,928.05,25,13750,912.21,929.35,934.05
8085,2021-01-07 12:24:00,930.0,930.0,930.0,930.0,25,13725,912.23,929.6,935.3
8086,2021-01-07 12:25:00,929.0,929.0,929.0,929.0,25,13725,912.25,924.75,928.1
8087,2021-01-07 12:26:00,929.0,929.0,929.0,929.0,25,13725,912.25,924.75,928.1
8088,2021-01-07 12:27:00,929.0,929.0,929.0,929.0,25,13725,912.25,924.75,928.1
8089,2021-01-07 12:28:00,929.0,929.0,929.0,929.0,25,13725,912.25,924.75,928.1
8090,2021-01-07 12:29:00,930.75,930.75,927.8,927.8,50,13725,912.28,924.0,929.4
8091,2021-01-07 12:30:00,940.0,960.0,940.0,958.25,275,13750,912.76,955.5,962.95
8092,2021-01-07 12:31:00,962.95,964.0,962.95,964.0,50,13750,912.87,957.5,964.85
8093,2021-01-07 12:32:00,956.45,959.3,956.45,959.3,50,13750,912.97,957.6,962.35
8094,2021-01-07 12:33:00,963.55,963.55,955.7,955.7,100,13750,913.17,953.85,961.85
8095,2021-01-07 12:34:00,963.55,963.55,955.7,955.7,100,13750,913.17,953.85,961.85
8096,2021-01-07 12:35:00,967.0,970.3,966.9,966.9,200,13750,913.64,968.0,973.6
8097,2021-01-07 12:36:00,968.75,968.75,968.75,968.75,25,13750,913.7,965.1,970.1
8098,2021-01-07 12:37:00,968.75,968.75,968.75,968.75,25,13750,913.7,965.1,970.1
8099,2021-01-07 12:38:00,973.35,973.35,963.6,963.6,50,13700,913.81,964.55,968.45
8100,2021-01-07 12:39:00,973.35,973.35,963.6,963.6,50,13700,913.81,964.55,968.45
8101,2021-01-07 12:40:00,973.35,973.35,963.6,963.6,50,13700,913.81,964.55,968.45
8102,2021-01-07 12:41:00,973.35,973.35,963.6,963.6,50,13700,913.81,964.55,968.45
8103,2021-01-07 12:42:00,972.0,980.0,972.0,980.0,125,13700,914.15,978.25,983.75
8104,2021-01-07 12:43:00,972.0,980.0,972.0,980.0,125,13700,914.15,978.25,983.75
8105,2021-01-07 12:44:00,972.0,980.0,972.0,980.0,125,13700,914.15,978.25,983.75
8106,2021-01-07 12:45:00,984.1,984.1,978.65,982.95,200,13725,914.71,978.7,982.5
8107,2021-01-07 12:46:00,982.95,982.95,981.8,981.8,100,13725,914.99,976.25,979.65
8108,2021-01-07 12:47:00,982.7,982.7,982.7,982.7,25,13725,915.06,971.3,975.2
8109,2021-01-07 12:48:00,982.7,982.7,982.7,982.7,25,13725,915.06,971.3,975.2
8110,2021-01-07 12:49:00,971.4,971.4,971.4,971.4,50,13675,915.18,974.75,978.0
8111,2021-01-07 12:50:00,977.6,978.0,977.6,978.0,50,13675,915.31,975.65,978.4
8112,2021-01-07 12:51:00,978.5,978.5,978.5,978.5,525,13525,916.65,980.85,984.75
8113,2021-01-07 12:52:00,981.65,981.65,981.4,981.4,75,13525,916.85,980.1,984.15
8114,2021-01-07 12:53:00,980.1,980.1,980.1,980.1,25,13525,916.92,972.7,978.1
8115,2021-01-07 12:54:00,972.45,972.45,972.45,972.45,50,13525,917.03,975.8,980.5
8116,2021-01-07 12:55:00,972.45,972.45,972.45,972.45,50,13525,917.03,975.8,980.5
8117,2021-01-07 12:56:00,981.15,981.15,981.15,981.15,25,13425,917.09,977.15,981.05
8118,2021-01-07 12:57:00,981.15,981.15,981.15,981.15,25,13425,917.09,977.15,981.05
8119,2021-01-07 12:58:00,973.45,973.45,973.45,973.45,25,13425,917.15,974.35,979.55
8120,2021-01-07 12:59:00,973.45,973.45,973.45,973.45,25,13425,917.15,974.35,979.55
8121,2021-01-07 13:00:00,957.55,958.85,942.3,950.0,375,13300,917.69,952.25,955.7
8122,2021-01-07 13:01:00,956.2,958.85,956.2,958.85,125,13300,917.89,954.0,958.9
8123,2021-01-07 13:02:00,956.6,956.6,956.6,956.6,25,13300,917.93,951.15,953.45
8124,2021-01-07 13:03:00,952.4,952.4,952.15,952.15,75,13300,918.03,951.55,955.9
8125,2021-01-07 13:04:00,952.4,952.4,952.15,952.15,75,13300,918.03,951.55,955.9
8126,2021-01-07 13:05:00,957.15,957.15,957.15,957.15,25,13275,918.07,964.35,969.95
8127,2021-01-07 13:06:00,968.5,970.65,968.5,970.65,50,13300,918.17,963.0,967.3
8128,2021-01-07 13:07:00,965.55,965.55,965.55,965.55,25,13300,918.22,964.9,970.45
8129,2021-01-07 13:08:00,965.55,965.55,965.55,965.55,25,13300,918.22,964.9,970.45
8130,2021-01-07 13:09:00,970.15,970.15,970.15,970.15,25,13250,918.27,973.3,978.85
8131,2021-01-07 13:10:00,980.0,980.0,980.0,980.0,25,13250,918.33,983.95,989.85
8132,2021-01-07 13:11:00,990.0,1002.6,990.0,1002.6,275,13250,919.17,996.0,999.3
8133,2021-01-07 13:12:00,999.2,1000.4,996.7,996.7,100,12700,919.47,994.5,998.7
8134,2021-01-07 13:13:00,993.55,993.55,993.55,993.55,25,12700,919.54,994.6,998.65
8135,2021-01-07 13:14:00,993.55,993.55,993.55,993.55,25,12700,919.54,994.6,998.65
8136,2021-01-07 13:15:00,993.55,993.55,993.55,993.55,25,12700,919.54,994.6,998.65
8137,2021-01-07 13:16:00,993.55,993.55,993.55,993.55,25,12700,919.54,994.6,998.65
8138,2021-01-07 13:17:00,986.15,986.15,986.15,986.15,25,12725,919.61,985.4,991.05
8139,2021-01-07 13:18:00,986.15,986.15,986.15,986.15,25,12725,919.61,985.4,991.05
8140,2021-01-07 13:19:00,986.15,986.15,986.15,986.15,25,12725,919.61,985.4,991.05
8141,2021-01-07 13:20:00,986.15,986.15,986.15,986.15,25,12725,919.61,985.4,991.05
8142,2021-01-07 13:21:00,986.15,986.15,986.15,986.15,25,12725,919.61,985.4,991.05
8143,2021-01-07 13:22:00,973.4,973.4,973.4,973.4,50,12750,919.71,968.8,972.45
8144,2021-01-07 13:23:00,971.7,971.7,971.7,971.7,100,12750,919.91,967.15,969.65
8145,2021-01-07 13:24:00,964.95,964.95,964.95,964.95,50,12750,920.0,967.5,971.25
8146,2021-01-07 13:25:00,968.65,968.65,968.65,968.65,75,12575,920.14,967.7,972.0
8147,2021-01-07 13:26:00,972.0,972.0,972.0,972.0,25,0,920.18,970.25,974.15
8148,2021-01-07 13:27:00,980.25,980.25,980.25,980.25,25,12575,920.24,974.55,980.8
8149,2021-01-07 13:28:00,982.15,982.15,982.15,982.15,25,12575,920.3,976.75,982.35
8150,2021-01-07 13:29:00,982.0,982.0,982.0,982.0,25,12575,920.36,978.65,982.05
8151,2021-01-07 13:30:00,976.95,978.45,976.95,978.3,225,12600,920.85,974.85,978.75
8152,2021-01-07 13:31:00,980.7,980.7,980.55,980.55,50,12600,920.96,979.25,982.7
8153,2021-01-07 13:32:00,963.6,963.6,963.6,963.6,25,12600,921.0,970.35,975.1
8154,2021-01-07 13:33:00,965.0,965.0,965.0,965.0,25,12600,921.04,959.55,965.1
8155,2021-01-07 13:34:00,954.15,954.15,946.45,953.35,150,12600,921.2,943.1,949.6
8156,2021-01-07 13:35:00,930.95,930.95,930.95,930.95,75,12600,921.23,932.05,937.45
8157,2021-01-07 13:36:00,930.95,937.3,930.95,937.3,75,12650,921.27,936.3,941.85
8158,2021-01-07 13:37:00,933.0,933.0,919.5,919.5,400,12650,921.26,921.05,926.0
8159,2021-01-07 13:38:00,905.55,915.0,905.55,915.0,150,12650,921.19,914.65,918.85
8160,2021-01-07 13:39:00,914.05,914.05,914.05,914.05,125,12650,921.16,908.4,913.55
8161,2021-01-07 13:40:00,904.05,904.05,904.05,904.05,25,12625,921.14,905.65,908.8
8162,2021-01-07 13:41:00,910.4,910.4,910.4,910.4,200,12625,921.06,905.3,911.0
8163,2021-01-07 13:42:00,915.4,924.8,915.4,923.1,150,12725,921.06,921.0,924.75
8164,2021-01-07 13:43:00,915.4,924.8,915.4,923.1,150,12725,921.06,921.0,924.75
8165,2021-01-07 13:44:00,915.4,924.8,915.4,923.1,150,12725,921.06,921.0,924.75
8166,2021-01-07 13:45:00,912.2,915.3,912.2,915.3,225,12725,920.99,921.2,926.05
8167,2021-01-07 13:46:00,930.15,930.15,930.15,930.15,200,12700,921.06,919.8,924.05
8168,2021-01-07 13:47:00,926.4,928.95,926.0,926.0,75,12700,921.07,921.9,927.65
8169,2021-01-07 13:48:00,925.05,926.2,921.15,926.2,275,12850,921.09,923.9,927.55
8170,2021-01-07 13:49:00,923.75,926.2,923.75,926.2,75,12850,921.1,920.7,925.65
8171,2021-01-07 13:50:00,923.75,926.2,923.75,926.2,75,12850,921.1,920.7,925.65
8172,2021-01-07 13:51:00,937.45,937.45,937.45,937.45,75,12850,921.14,937.4,941.2
8173,2021-01-07 13:52:00,937.45,937.45,937.45,937.45,75,12850,921.14,937.4,941.2
8174,2021-01-07 13:53:00,937.45,937.45,937.45,937.45,75,12850,921.14,937.4,941.2
8175,2021-01-07 13:54:00,937.5,937.5,937.5,937.5,25,12825,921.15,937.3,940.05
8176,2021-01-07 13:55:00,937.5,937.5,937.5,937.5,25,12825,921.15,937.3,940.05
8177,2021-01-07 13:56:00,937.5,937.5,937.5,937.5,25,12825,921.15,937.3,940.05
8178,2021-01-07 13:57:00,938.05,938.05,938.05,938.05,75,12825,921.2,937.6,941.0
8179,2021-01-07 13:58:00,948.35,957.55,948.35,957.55,275,12675,921.53,951.8,955.5
8180,2021-01-07 13:59:00,948.35,957.55,948.35,957.55,275,12675,921.53,951.8,955.5
8181,2021-01-07 14:00:00,948.35,957.55,948.35,957.55,275,12675,921.53,951.8,955.5
8182,2021-01-07 14:01:00,948.35,957.55,948.35,957.55,275,12675,921.53,951.8,955.5
8183,2021-01-07 14:02:00,931.0,931.0,931.0,931.0,25,12825,921.53,921.95,926.8
8184,2021-01-07 14:03:00,931.0,931.0,931.0,931.0,25,12825,921.53,921.95,926.8
8185,2021-01-07 14:04:00,929.05,931.0,929.05,931.0,50,12800,921.55,930.55,935.3
8186,2021-01-07 14:05:00,929.05,931.0,929.05,931.0,50,12800,921.55,930.55,935.3
8187,2021-01-07 14:06:00,934.9,934.9,934.9,934.9,50,12725,921.57,930.95,934.45
8188,2021-01-07 14:07:00,934.9,934.9,934.9,934.9,50,12725,921.57,930.95,934.45
8189,2021-01-07 14:08:00,939.3,939.3,933.9,933.9,100,12725,921.62,931.8,935.0
8190,2021-01-07 14:09:00,936.75,936.75,936.75,936.75,25,12800,921.63,933.5,938.5
8191,2021-01-07 14:10:00,936.75,936.75,936.75,936.75,25,12800,921.63,933.5,938.5
8192,2021-01-07 14:11:00,923.9,923.9,923.9,923.9,50,12800,921.64,923.05,928.0
8193,2021-01-07 14:12:00,923.9,923.9,923.9,923.9,50,12800,921.64,923.05,928.0
8194,2021-01-07 14:13:00,923.9,923.9,923.9,923.9,50,12800,921.64,923.05,928.0
8195,2021-01-07 14:14:00,923.9,923.9,923.9,923.9,50,12800,921.64,923.05,928.0
8196,2021-01-07 14:15:00,960.0,960.0,954.45,954.45,50,12675,921.7,948.65,953.6
8197,2021-01-07 14:16:00,960.0,960.0,954.45,954.45,50,12675,921.7,948.65,953.6
8198,2021-01-07 14:17:00,960.0,960.0,954.45,954.45,50,12675,921.7,948.65,953.6
8199,2021-01-07 14:18:00,960.0,960.0,954.45,954.45,50,12675,921.7,948.65,953.6
8200,2021-01-07 14:19:00,960.0,960.0,954.45,954.45,50,12675,921.7,948.65,953.6
8201,2021-01-07 14:20:00,937.25,937.25,937.25,937.25,25,12675,921.71,940.75,946.65
8202,2021-01-07 14:21:00,937.25,937.25,937.25,937.25,25,12675,921.71,940.75,946.65
8203,2021-01-07 14:22:00,938.4,938.4,938.4,938.4,25,12650,921.72,933.5,936.15
8204,2021-01-07 14:23:00,934.8,934.8,934.8,934.8,25,12650,921.74,933.95,938.85
8205,2021-01-07 14:24:00,934.8,934.8,934.8,934.8,25,12650,921.74,933.95,938.85
8206,2021-01-07 14:25:00,936.0,936.0,936.0,936.0,25,12675,921.75,940.95,945.75
8207,2021-01-07 14:26:00,936.0,936.0,936.0,936.0,25,12675,921.75,940.95,945.75
8208,2021-01-07 14:27:00,936.0,936.0,936.0,936.0,25,12675,921.75,940.95,945.75
8209,2021-01-07 14:28:00,942.9,942.9,942.9,942.9,50,12675,921.78,943.3,948.45
8210,2021-01-07 14:29:00,942.9,942.9,942.9,942.9,50,12675,921.78,943.3,948.45
8211,2021-01-07 14:30:00,955.25,958.15,955.25,958.15,50,12675,921.84,954.35,959.15
8212,2021-01-07 14:31:00,952.4,953.0,952.4,953.0,50,12675,921.89,951.25,956.1
8213,2021-01-07 14:32:00,942.25,942.25,942.25,942.25,50,12675,921.93,945.5,950.45
8214,2021-01-07 14:33:00,942.25,942.25,942.25,942.25,50,12675,921.93,945.5,950.45
8215,2021-01-07 14:34:00,942.25,942.25,942.25,942.25,50,12675,921.93,945.5,950.45
8216,2021-01-07 14:35:00,942.25,942.25,942.25,942.25,50,12675,921.93,945.5,950.45
8217,2021-01-07 14:36:00,942.25,942.25,942.25,942.25,50,12675,921.93,945.5,950.45
8218,2021-01-07 14:37:00,942.25,942.25,942.25,942.25,50,12675,921.93,945.5,950.45
8219,2021-01-07 14:38:00,932.45,938.8,932.45,938.8,125,12700,921.98,937.25,942.15
8220,2021-01-07 14:39:00,932.45,938.8,932.45,938.8,125,12700,921.98,937.25,942.15
8221,2021-01-07 14:40:00,919.85,919.85,919.85,919.85,25,12700,921.98,915.0,922.0
8222,2021-01-07 14:41:00,924.4,924.4,924.4,924.4,25,12700,921.98,921.7,926.9
8223,2021-01-07 14:42:00,924.4,924.4,924.4,924.4,25,12700,921.98,921.7,926.9
8224,2021-01-07 14:43:00,924.4,924.4,924.4,924.4,25,12725,921.99,923.5,927.95
8225,2021-01-07 14:44:00,924.4,924.4,924.4,924.4,25,12725,921.99,923.5,927.95
8226,2021-01-07 14:45:00,924.4,924.4,924.4,924.4,25,12725,921.99,923.5,927.95
8227,2021-01-07 14:46:00,924.4,924.4,924.4,924.4,25,12725,921.99,923.5,927.95
8228,2021-01-07 14:47:00,924.4,924.4,924.4,924.4,125,12725,922.0,919.95,924.95
8229,2021-01-07 14:48:00,919.9,919.9,919.9,919.9,50,12725,921.99,911.05,916.8
8230,2021-01-07 14:49:00,919.9,919.9,919.9,919.9,50,12725,921.99,911.05,916.8
8231,2021-01-07 14:50:00,918.6,919.55,918.6,919.55,50,12750,921.99,915.9,919.8
8232,2021-01-07 14:51:00,920.95,923.2,920.95,923.2,75,12750,921.99,922.8,928.4
8233,2021-01-07 14:52:00,920.95,923.2,920.95,923.2,75,12750,921.99,922.8,928.4
8234,2021-01-07 14:53:00,921.0,921.0,921.0,921.0,25,12750,921.99,922.3,926.4
8235,2021-01-07 14:54:00,921.0,921.0,921.0,921.0,25,12750,921.99,922.3,926.4
8236,2021-01-07 14:55:00,922.6,922.6,922.6,922.6,50,12750,921.99,923.2,927.9
8237,2021-01-07 14:56:00,922.6,922.6,922.6,922.6,50,12750,921.99,923.2,927.9
8238,2021-01-07 14:57:00,918.0,918.0,918.0,918.0,150,12750,921.97,916.6,920.1
8239,2021-01-07 14:58:00,918.0,918.0,918.0,918.0,150,12750,921.97,916.6,920.1
8240,2021-01-07 14:59:00,918.0,918.0,918.0,918.0,150,12750,921.97,916.6,920.1
8241,2021-01-07 15:00:00,901.05,901.25,900.0,901.25,725,12750,921.48,894.1,898.15
8242,2021-01-07 15:01:00,890.0,890.0,870.95,870.95,300,13150,921.09,868.85,873.45
8243,2021-01-07 15:02:00,865.4,871.0,842.1,871.0,4325,13150,913.95,865.65,871.2
8244,2021-01-07 15:03:00,864.05,885.95,862.7,885.45,350,13900,913.6,879.1,885.05
8245,2021-01-07 15:04:00,885.15,885.15,878.0,878.0,50,13900,913.55,881.8,887.05
8246,2021-01-07 15:05:00,883.2,883.2,877.2,877.2,50,13900,913.51,876.5,880.35
8247,2021-01-07 15:06:00,872.2,872.2,872.2,872.2,50,14100,913.45,870.95,874.25
8248,2021-01-07 15:07:00,872.65,872.65,872.65,872.65,25,14100,913.42,871.45,875.95
8249,2021-01-07 15:08:00,872.65,872.65,872.65,872.65,25,14100,913.42,871.45,875.95
8250,2021-01-07 15:09:00,872.65,872.65,872.65,872.65,25,14100,913.42,871.45,875.95
8251,2021-01-07 15:10:00,862.45,863.15,859.3,859.3,100,14050,913.28,858.55,863.7
8252,2021-01-07 15:11:00,862.1,862.1,857.8,857.8,50,14050,913.21,856.2,861.35
8253,2021-01-07 15:12:00,850.0,850.0,845.0,848.5,100,14050,913.03,845.0,848.1
8254,2021-01-07 15:13:00,848.6,848.6,848.6,848.6,25,14050,912.99,853.35,858.1
8255,2021-01-07 15:14:00,863.35,863.35,863.35,863.35,25,14050,912.96,858.6,863.25
8256,2021-01-07 15:15:00,851.85,857.0,851.85,857.0,100,14325,912.79,851.4,856.1
8257,2021-01-07 15:16:00,855.45,855.45,849.0,849.0,150,14325,912.55,847.15,851.3
8258,2021-01-07 15:17:00,846.65,851.3,845.25,845.25,250,14325,912.11,845.0,847.8
8259,2021-01-07 15:18:00,845.0,845.15,843.65,845.15,150,14325,911.84,844.3,848.9
8260,2021-01-07 15:19:00,846.3,852.7,846.3,852.7,300,14325,911.36,852.75,857.7
8261,2021-01-07 15:20:00,855.5,865.35,855.0,865.35,175,14325,911.11,867.0,869.45
8262,2021-01-07 15:21:00,870.7,875.0,866.5,866.5,650,14050,910.42,863.3,868.05
8263,2021-01-07 15:22:00,866.5,866.5,860.6,860.6,225,14050,910.14,860.7,863.65
8264,2021-01-07 15:23:00,860.95,860.95,848.5,850.3,375,14050,909.6,851.1,854.35
8265,2021-01-07 15:24:00,851.4,851.4,849.65,849.65,150,14050,909.38,850.8,855.15
8266,2021-01-07 15:25:00,852.5,853.0,852.5,853.0,50,14000,909.31,852.5,855.0
8267,2021-01-07 15:26:00,852.5,853.0,852.5,853.0,50,14000,909.31,852.5,855.0
8268,2021-01-07 15:27:00,856.1,856.1,855.3,855.3,125,14000,909.14,855.0,855.15
8269,2021-01-07 15:28:00,855.0,856.45,853.0,856.45,350,13975,908.66,853.4,856.5
8270,2021-01-07 15:29:00,855.0,856.45,853.0,856.45,350,13975,908.66,853.4,856.5
8271,2021-01-07 15:30:00,856.5,856.5,856.5,856.5,100,13975,908.57,859.0,879.0
8272,2021-01-08 09:15:00,943.75,965.3,943.75,965.3,50,13875,954.52,951.95,969.95
8273,2021-01-08 09:16:00,959.0,965.3,959.0,959.05,375,13875,963.29,959.05,964.95
8274,2021-01-08 09:17:00,959.05,965.3,955.55,955.55,350,13875,962.58,956.25,966.25
8275,2021-01-08 09:18:00,953.5,953.5,952.0,952.0,50,13875,961.98,946.5,950.7
8276,2021-01-08 09:19:00,936.4,938.4,931.45,938.4,75,13875,959.77,936.8,949.4
8277,2021-01-08 09:20:00,938.0,954.25,938.0,943.9,2450,13900,955.17,931.85,940.0
8278,2021-01-08 09:21:00,930.0,930.0,925.8,928.35,75,13900,954.58,917.95,926.2
8279,2021-01-08 09:22:00,920.0,933.3,919.9,933.3,250,13900,952.88,923.3,935.4
8280,2021-01-08 09:23:00,924.15,924.15,914.7,914.7,75,13225,952.25,913.3,926.95
8281,2021-01-08 09:24:00,924.4,924.4,918.55,918.55,100,13225,951.45,907.3,923.25
8282,2021-01-08 09:25:00,924.4,924.4,918.55,918.55,100,13225,951.45,907.3,923.25
8283,2021-01-08 09:26:00,923.4,925.05,923.4,925.05,50,13175,951.1,923.6,934.05
8284,2021-01-08 09:27:00,925.05,934.15,925.05,934.15,50,13175,950.83,926.65,932.0
8285,2021-01-08 09:28:00,926.1,926.1,925.55,925.55,75,13175,950.36,925.4,929.85
8286,2021-01-08 09:29:00,925.9,925.9,925.05,925.05,50,13175,950.06,918.2,928.65
8287,2021-01-08 09:30:00,925.9,925.9,925.05,925.05,50,13175,950.06,918.2,928.65
8288,2021-01-08 09:31:00,925.0,925.0,925.0,925.0,25,13175,949.9,916.0,920.7
8289,2021-01-08 09:32:00,924.5,924.5,924.5,924.5,25,13175,949.75,925.3,930.2
8290,2021-01-08 09:33:00,924.5,924.5,924.5,924.5,25,13175,949.6,927.2,933.8
8291,2021-01-08 09:34:00,924.5,924.5,924.5,924.5,25,13175,949.6,927.2,933.8
8292,2021-01-08 09:35:00,928.25,928.25,928.25,928.25,25,13225,949.47,926.15,930.65
8293,2021-01-08 09:36:00,926.05,926.05,919.3,919.3,75,13225,948.98,910.6,917.15
8294,2021-01-08 09:37:00,912.95,912.95,912.95,912.95,25,13225,948.77,905.5,911.95
8295,2021-01-08 09:38:00,912.95,912.95,912.95,912.95,25,13225,948.77,905.5,911.95
8296,2021-01-08 09:39:00,912.95,912.95,912.95,912.95,25,13225,948.77,905.5,911.95
8297,2021-01-08 09:40:00,912.95,912.95,912.95,912.95,25,13225,948.77,905.5,911.95
8298,2021-01-08 09:41:00,892.9,900.05,892.9,900.05,675,13525,942.01,893.45,900.05
8299,2021-01-08 09:42:00,883.9,895.85,879.4,879.4,325,13525,938.61,886.6,893.5
8300,2021-01-08 09:43:00,885.8,889.1,884.65,889.1,75,13525,937.88,888.4,893.15
8301,2021-01-08 09:44:00,894.5,905.25,894.5,905.25,325,13525,935.7,893.2,897.4
8302,2021-01-08 09:45:00,905.25,908.3,904.0,908.3,325,13525,934.02,903.9,911.35
8303,2021-01-08 09:46:00,905.25,908.3,904.0,908.3,325,13525,934.02,903.9,911.35
8304,2021-01-08 09:47:00,908.3,908.3,904.3,907.05,75,13450,933.68,901.15,905.9
8305,2021-01-08 09:48:00,910.7,910.7,910.7,910.7,275,13450,932.69,906.55,913.45
8306,2021-01-08 09:49:00,915.0,915.0,914.0,914.0,975,13450,930.33,917.65,924.85
8307,2021-01-08 09:50:00,915.0,915.0,914.0,914.0,975,13450,930.33,917.65,924.85
8308,2021-01-08 09:51:00,905.05,905.05,905.05,905.05,25,13725,930.24,911.9,916.15
8309,2021-01-08 09:52:00,911.5,914.0,911.5,914.0,75,13725,930.07,913.75,918.55
8310,2021-01-08 09:53:00,911.5,914.0,911.5,914.0,75,13725,930.07,913.75,918.55
8311,2021-01-08 09:54:00,911.5,914.0,911.5,914.0,75,13725,930.07,913.75,918.55
8312,2021-01-08 09:55:00,911.5,914.0,911.5,914.0,75,13725,930.07,913.75,918.55
8313,2021-01-08 09:56:00,911.5,914.0,911.5,914.0,75,13725,930.07,913.75,918.55
8314,2021-01-08 09:57:00,910.0,910.0,910.0,910.0,25,13675,930.0,908.95,914.2
8315,2021-01-08 09:58:00,910.0,910.0,910.0,910.0,25,13675,930.0,908.95,914.2
8316,2021-01-08 09:59:00,910.0,910.0,910.0,910.0,25,13675,930.0,908.95,914.2
8317,2021-01-08 10:00:00,917.65,917.65,917.65,917.65,25,13650,929.96,917.35,920.7
8318,2021-01-08 10:01:00,919.2,922.0,919.2,922.0,100,13650,929.84,919.7,924.05
8319,2021-01-08 10:02:00,922.0,922.0,922.0,922.0,25,13650,929.81,912.9,916.7
8320,2021-01-08 10:03:00,922.0,922.0,922.0,922.0,25,13650,929.81,912.9,916.7
8321,2021-01-08 10:04:00,916.45,916.45,916.45,916.45,25,13650,929.77,918.9,922.35
8322,2021-01-08 10:05:00,919.8,919.8,919.8,919.8,25,13650,929.73,906.35,909.45
8323,2021-01-08 10:06:00,910.0,910.0,910.0,910.0,25,13600,929.67,910.0,914.4
8324,2021-01-08 10:07:00,910.0,910.0,910.0,910.0,25,13600,929.67,910.0,914.4
8325,2021-01-08 10:08:00,910.0,910.0,910.0,910.0,25,13600,929.67,910.0,914.4
8326,2021-01-08 10:09:00,916.8,916.8,916.8,916.8,25,13625,929.63,916.55,919.9
8327,2021-01-08 10:10:00,926.95,926.95,922.05,922.05,300,13625,929.52,920.1,925.85
8328,2021-01-08 10:11:00,926.95,926.95,922.05,922.05,300,13625,929.52,920.1,925.85
8329,2021-01-08 10:12:00,934.15,934.15,934.0,934.0,125,13700,929.58,935.45,939.05
8330,2021-01-08 10:13:00,934.25,941.9,934.25,941.9,75,13700,929.65,939.2,944.65
8331,2021-01-08 10:14:00,934.25,941.9,934.25,941.9,75,13700,929.65,939.2,944.65
8332,2021-01-08 10:15:00,947.0,947.0,947.0,947.0,25,13775,929.7,947.3,950.7
8333,2021-01-08 10:16:00,948.2,948.2,947.5,947.5,100,13775,929.92,951.05,954.45
8334,2021-01-08 10:17:00,956.0,956.0,951.35,951.35,50,13775,930.06,944.4,949.85
8335,2021-01-08 10:18:00,950.0,950.0,947.5,949.4,650,13775,931.45,945.85,949.75
8336,2021-01-08 10:19:00,945.75,945.75,940.0,940.0,75,13775,931.54,940.05,944.25
8337,2021-01-08 10:20:00,942.4,942.4,940.0,940.0,50,13475,931.59,935.55,940.45
8338,2021-01-08 10:21:00,942.4,942.4,940.0,940.0,50,13475,931.59,935.55,940.45
8339,2021-01-08 10:22:00,940.0,940.0,940.0,940.0,100,13475,931.68,942.3,946.7
8340,2021-01-08 10:23:00,944.8,950.5,944.8,950.5,250,13475,932.13,950.7,954.05
8341,2021-01-08 10:24:00,950.6,950.6,949.0,949.0,75,13475,932.27,946.65,951.85
8342,2021-01-08 10:25:00,945.85,954.2,945.85,954.2,125,13475,932.47,952.75,956.2
8343,2021-01-08 10:26:00,946.95,946.95,946.95,946.95,75,13425,932.59,948.25,952.25
8344,2021-01-08 10:27:00,956.35,956.35,956.35,956.35,25,13425,932.65,951.05,955.05
8345,2021-01-08 10:28:00,960.35,960.35,952.7,952.7,75,13425,932.83,952.0,956.3
8346,2021-01-08 10:29:00,960.35,960.35,952.7,952.7,75,13425,932.83,952.0,956.3
8347,2021-01-08 10:30:00,945.3,949.95,945.3,949.95,50,13225,932.9,948.55,954.95
8348,2021-01-08 10:31:00,945.3,949.95,945.3,949.95,50,13225,932.9,948.55,954.95
8349,2021-01-08 10:32:00,945.3,949.95,945.3,949.95,50,13225,932.9,948.55,954.95
8350,2021-01-08 10:33:00,945.3,949.95,945.3,949.95,50,13225,932.9,948.55,954.95
8351,2021-01-08 10:34:00,945.3,949.95,945.3,949.95,50,13225,932.9,948.55,954.95
8352,2021-01-08 10:35:00,945.3,949.95,945.3,949.95,50,13225,932.9,948.55,954.95
8353,2021-01-08 10:36:00,945.3,949.95,945.3,949.95,50,13225,932.9,948.55,954.95
8354,2021-01-08 10:37:00,950.0,950.0,950.0,950.0,25,13225,932.94,950.05,955.25
8355,2021-01-08 10:38:00,950.0,950.0,950.0,950.0,25,13225,932.94,950.05,955.25
8356,2021-01-08 10:39:00,968.3,968.3,968.3,968.3,50,13225,933.11,964.15,968.9
8357,2021-01-08 10:40:00,968.3,968.3,968.3,968.3,50,13225,933.11,964.15,968.9
8358,2021-01-08 10:41:00,968.3,968.3,968.3,968.3,50,13225,933.11,964.15,968.9
8359,2021-01-08 10:42:00,968.3,968.3,968.3,968.3,50,13225,933.11,964.15,968.9
8360,2021-01-08 10:43:00,974.4,974.4,974.4,974.4,25,13275,933.21,968.0,973.85
8361,2021-01-08 10:44:00,974.4,974.4,974.4,974.4,25,13275,933.21,968.0,973.85
8362,2021-01-08 10:45:00,964.6,964.6,964.6,964.6,25,13275,933.29,956.5,961.55
8363,2021-01-08 10:46:00,964.6,964.6,964.6,964.6,25,13275,933.29,956.5,961.55
8364,2021-01-08 10:47:00,958.05,958.05,955.0,955.0,50,13250,933.41,953.1,958.95
8365,2021-01-08 10:48:00,958.05,958.05,955.0,955.0,50,13250,933.41,953.1,958.95
8366,2021-01-08 10:49:00,958.05,958.05,955.0,955.0,50,13250,933.41,953.1,958.95
8367,2021-01-08 10:50:00,952.25,952.25,952.25,952.25,50,13250,933.5,945.8,953.45
8368,2021-01-08 10:51:00,952.25,952.25,952.25,952.25,50,13250,933.5,945.8,953.45
8369,2021-01-08 10:52:00,952.25,952.25,952.25,952.25,50,13250,933.5,945.8,953.45
8370,2021-01-08 10:53:00,952.25,952.25,952.25,952.25,50,13250,933.5,945.8,953.45
8371,2021-01-08 10:54:00,950.1,954.7,950.1,954.7,175,13150,933.85,949.0,954.85
8372,2021-01-08 10:55:00,950.1,954.7,950.1,954.7,175,13150,933.85,949.0,954.85
8373,2021-01-08 10:56:00,954.4,954.4,954.4,954.4,50,13150,933.95,949.75,956.55
8374,2021-01-08 10:57:00,933.0,933.0,933.0,933.0,175,13300,933.93,938.85,946.65
8375,2021-01-08 10:58:00,933.0,933.0,933.0,933.0,175,13300,933.93,938.85,946.65
8376,2021-01-08 10:59:00,933.0,933.0,933.0,933.0,175,13300,933.93,938.85,946.65
8377,2021-01-08 11:00:00,933.0,933.0,933.0,933.0,500,13300,933.89,925.55,933.9
8378,2021-01-08 11:01:00,944.8,944.8,944.8,944.8,150,13300,934.03,936.25,943.25
8379,2021-01-08 11:02:00,938.3,938.3,938.3,938.3,25,13300,934.04,925.35,933.9
8380,2021-01-08 11:03:00,938.3,938.3,938.3,938.3,25,13300,934.04,925.35,933.9
8381,2021-01-08 11:04:00,938.3,938.3,938.3,938.3,25,13300,934.04,925.35,933.9
8382,2021-01-08 11:05:00,938.3,938.3,938.3,938.3,25,13300,934.04,925.35,933.9
8383,2021-01-08 11:06:00,938.3,938.3,938.3,938.3,25,13300,934.04,925.35,933.9
8384,2021-01-08 11:07:00,938.3,938.3,938.3,938.3,25,13300,934.04,925.35,933.9
8385,2021-01-08 11:08:00,938.3,938.3,938.3,938.3,25,13300,934.04,925.35,933.9
8386,2021-01-08 11:09:00,938.3,938.3,938.3,938.3,25,13300,934.04,925.35,933.9
8387,2021-01-08 11:10:00,938.3,938.3,938.3,938.3,25,13300,934.04,925.35,933.9
8388,2021-01-08 11:11:00,938.3,938.3,938.3,938.3,25,13300,934.04,925.35,933.9
8389,2021-01-08 11:12:00,938.3,938.3,938.3,938.3,25,13300,934.04,925.35,933.9
8390,2021-01-08 11:13:00,938.3,938.3,938.3,938.3,25,13300,934.04,925.35,933.9
8391,2021-01-08 11:14:00,938.3,938.3,938.3,938.3,25,13300,934.04,925.35,933.9
8392,2021-01-08 11:15:00,938.3,938.3,938.3,938.3,25,13300,934.04,925.35,933.9
8393,2021-01-08 11:16:00,938.3,938.3,938.3,938.3,25,13300,934.04,925.35,933.9
8394,2021-01-08 11:17:00,938.3,938.3,938.3,938.3,25,13300,934.04,925.35,933.9
8395,2021-01-08 11:18:00,931.5,931.5,931.5,931.5,25,0,934.04,931.95,938.65
8396,2021-01-08 11:19:00,944.2,944.2,944.2,944.2,25,13500,934.06,936.35,942.65
8397,2021-01-08 11:20:00,943.0,943.0,943.0,943.0,25,13500,934.08,939.85,945.4
8398,2021-01-08 11:21:00,943.0,943.0,943.0,943.0,25,13500,934.08,939.85,945.4
8399,2021-01-08 11:22:00,943.0,943.0,943.0,943.0,25,13500,934.08,939.85,945.4
8400,2021-01-08 11:23:00,943.0,943.0,943.0,943.0,25,13500,934.08,939.85,945.4
8401,2021-01-08 11:24:00,943.0,943.0,943.0,943.0,25,13500,934.08,939.85,945.4
8402,2021-01-08 11:25:00,943.0,943.0,943.0,943.0,25,13500,934.08,939.85,945.4
8403,2021-01-08 11:26:00,943.0,943.0,943.0,943.0,25,13500,934.08,939.85,945.4
8404,2021-01-08 11:27:00,943.0,943.0,943.0,943.0,25,13500,934.08,939.85,945.4
8405,2021-01-08 11:28:00,943.0,943.0,943.0,943.0,25,13500,934.08,939.85,945.4
8406,2021-01-08 11:29:00,948.2,948.2,948.2,948.2,250,13475,934.39,941.9,949.8
8407,2021-01-08 11:30:00,948.2,948.2,948.2,948.2,250,13475,934.39,941.9,949.8
8408,2021-01-08 11:31:00,945.8,945.8,945.8,945.8,25,13725,934.41,942.3,949.05
8409,2021-01-08 11:32:00,945.8,945.8,945.8,945.8,25,13725,934.41,942.3,949.05
8410,2021-01-08 11:33:00,946.0,946.0,945.0,945.0,150,13750,934.55,945.1,952.0
8411,2021-01-08 11:34:00,952.0,960.5,952.0,960.5,75,13750,934.7,953.95,960.5
8412,2021-01-08 11:35:00,952.0,960.5,952.0,960.5,75,13750,934.7,953.95,960.5
8413,2021-01-08 11:36:00,962.3,962.3,962.3,962.3,25,13800,934.76,952.65,960.1
8414,2021-01-08 11:37:00,962.3,962.3,962.3,962.3,25,13800,934.76,952.65,960.1
8415,2021-01-08 11:38:00,963.35,963.35,963.35,963.35,75,13800,934.94,952.55,959.7
8416,2021-01-08 11:39:00,960.05,960.05,960.05,960.05,50,13825,935.04,959.0,965.4
8417,2021-01-08 11:40:00,960.05,960.05,960.05,960.05,50,13825,935.04,959.0,965.4
8418,2021-01-08 11:41:00,960.05,960.05,960.05,960.05,50,13825,935.04,959.0,965.4
8419,2021-01-08 11:42:00,960.05,960.05,960.05,960.05,25,13875,935.09,958.4,966.2
8420,2021-01-08 11:43:00,960.05,960.05,960.05,960.05,25,13875,935.09,958.4,966.2
8421,2021-01-08 11:44:00,960.05,960.05,960.05,960.05,25,13875,935.09,958.4,966.2
8422,2021-01-08 11:45:00,960.05,960.05,960.05,960.05,25,13875,935.14,953.5,960.9
8423,2021-01-08 11:46:00,951.6,951.6,951.6,951.6,125,13875,935.32,948.4,954.7
8424,2021-01-08 11:47:00,955.1,955.1,955.1,955.1,50,13875,935.4,944.3,951.95
8425,2021-01-08 11:48:00,955.1,955.1,955.1,955.1,50,13875,935.4,944.3,951.95
8426,2021-01-08 11:49:00,941.5,941.5,941.5,941.5,50,13800,935.43,940.6,947.95
8427,2021-01-08 11:50:00,947.95,947.95,947.95,947.95,25,13800,935.45,943.4,951.4
8428,2021-01-08 11:51:00,947.95,947.95,947.95,947.95,25,13800,935.45,943.4,951.4
8429,2021-01-08 11:52:00,947.95,947.95,947.95,947.95,25,13800,935.45,943.4,951.4
8430,2021-01-08 11:53:00,947.95,947.95,947.95,947.95,25,13800,935.45,943.4,951.4
8431,2021-01-08 11:54:00,947.95,947.95,947.95,947.95,25,13800,935.45,943.4,951.4
8432,2021-01-08 11:55:00,947.95,947.95,947.95,947.95,25,13800,935.45,943.4,951.4
8433,2021-01-08 11:56:00,947.95,947.95,947.95,947.95,25,13800,935.45,943.4,951.4
8434,2021-01-08 11:57:00,947.95,947.95,947.95,947.95,25,13800,935.45,943.4,951.4
8435,2021-01-08 11:58:00,957.75,957.75,957.75,957.75,25,13800,935.5,951.2,959.15
8436,2021-01-08 11:59:00,957.75,957.75,957.75,957.75,25,13800,935.5,951.2,959.15
8437,2021-01-08 12:00:00,957.75,957.75,957.75,957.75,25,13800,935.5,951.2,959.15
8438,2021-01-08 12:01:00,957.75,957.75,957.75,957.75,25,13800,935.54,952.25,961.4
8439,2021-01-08 12:02:00,949.95,949.95,949.95,949.95,50,13800,935.6,947.75,955.3
8440,2021-01-08 12:03:00,949.95,949.95,937.45,937.45,200,13850,935.66,929.15,939.2
8441,2021-01-08 12:04:00,928.6,928.6,900.0,904.15,150,13850,935.35,910.75,923.45
8442,2021-01-08 12:05:00,904.2,904.2,904.15,904.15,100,13850,935.11,910.95,920.9
8443,2021-01-08 12:06:00,922.65,922.65,922.65,922.65,50,14075,935.06,916.65,927.85
8444,2021-01-08 12:07:00,920.0,920.0,920.0,920.0,25,14075,935.03,911.7,922.2
8445,2021-01-08 12:08:00,920.0,920.0,920.0,920.0,25,14075,935.03,911.7,922.2
8446,2021-01-08 12:09:00,926.15,933.8,926.15,933.8,75,14000,934.99,919.9,931.95
8447,2021-01-08 12:10:00,926.15,933.8,926.15,933.8,75,14000,934.99,919.9,931.95
8448,2021-01-08 12:11:00,927.9,927.9,920.0,925.4,150,14175,934.86,918.05,925.4
8449,2021-01-08 12:12:00,927.9,927.9,920.0,925.4,150,14175,934.86,918.05,925.4
8450,2021-01-08 12:13:00,927.9,927.9,920.0,925.4,150,14175,934.86,918.05,925.4
8451,2021-01-08 12:14:00,927.9,927.9,920.0,925.4,150,14175,934.86,918.05,925.4
8452,2021-01-08 12:15:00,927.9,927.9,920.0,925.4,150,14175,934.86,918.05,925.4
8453,2021-01-08 12:16:00,927.9,927.9,920.0,925.4,150,14175,934.86,918.05,925.4
8454,2021-01-08 12:17:00,927.9,927.9,920.0,925.4,150,14175,934.86,918.05,925.4
8455,2021-01-08 12:18:00,927.9,927.9,920.0,925.4,150,14175,934.86,918.05,925.4
8456,2021-01-08 12:19:00,927.95,927.95,927.95,927.95,25,14200,934.85,929.0,936.8
8457,2021-01-08 12:20:00,927.95,927.95,927.95,927.95,25,14200,934.85,929.0,936.8
8458,2021-01-08 12:21:00,927.95,927.95,927.95,927.95,25,14200,934.85,929.0,936.8
8459,2021-01-08 12:22:00,936.5,936.5,936.5,936.5,200,14225,934.86,933.6,942.1
8460,2021-01-08 12:23:00,936.5,936.5,936.5,936.5,200,14225,934.86,933.6,942.1
8461,2021-01-08 12:24:00,936.5,936.5,936.5,936.5,200,14225,934.86,933.6,942.1
8462,2021-01-08 12:25:00,936.5,936.5,936.5,936.5,200,14225,934.86,933.6,942.1
8463,2021-01-08 12:26:00,925.0,925.0,925.0,925.0,25,14225,934.84,916.55,923.8
8464,2021-01-08 12:27:00,925.0,925.0,925.0,925.0,25,14225,934.84,916.55,923.8
8465,2021-01-08 12:28:00,925.0,925.0,925.0,925.0,25,14225,934.84,916.55,923.8
8466,2021-01-08 12:29:00,925.0,925.0,925.0,925.0,25,14225,934.84,916.55,923.8
8467,2021-01-08 12:30:00,925.0,925.0,925.0,925.0,25,14225,934.84,916.55,923.8
8468,2021-01-08 12:31:00,925.0,925.0,925.0,925.0,25,14225,934.84,916.55,923.8
8469,2021-01-08 12:32:00,925.0,925.0,925.0,925.0,25,14225,934.84,916.55,923.8
8470,2021-01-08 12:33:00,925.0,925.0,925.0,925.0,25,14225,934.84,916.55,923.8
8471,2021-01-08 12:34:00,925.0,925.0,925.0,925.0,25,14225,934.84,916.55,923.8
8472,2021-01-08 12:35:00,925.0,925.0,925.0,925.0,25,14225,934.84,916.55,923.8
8473,2021-01-08 12:36:00,925.0,925.0,925.0,925.0,25,14225,934.84,916.55,923.8
8474,2021-01-08 12:37:00,925.0,925.0,925.0,925.0,25,14225,934.84,916.55,923.8
8475,2021-01-08 12:38:00,925.0,925.0,925.0,925.0,25,14225,934.84,916.55,923.8
8476,2021-01-08 12:39:00,941.25,941.25,941.25,941.25,25,14050,934.86,935.05,943.05
8477,2021-01-08 12:40:00,941.25,941.25,932.5,932.5,75,14050,934.88,935.45,941.2
8478,2021-01-08 12:41:00,939.95,939.95,939.95,939.95,100,14050,934.91,934.8,939.95
8479,2021-01-08 12:42:00,941.25,941.25,941.25,941.25,25,14175,934.92,938.85,945.25
8480,2021-01-08 12:43:00,941.25,941.25,941.25,941.25,25,14175,934.94,933.7,940.95
8481,2021-01-08 12:44:00,941.25,941.25,941.25,941.25,25,14175,934.94,933.7,940.95
8482,2021-01-08 12:45:00,941.25,955.0,941.25,955.0,375,14375,935.32,952.35,960.65
8483,2021-01-08 12:46:00,950.6,950.6,950.6,950.6,25,14375,935.35,947.9,954.7
8484,2021-01-08 12:47:00,950.6,950.6,950.6,950.6,25,14375,935.35,947.9,954.7
8485,2021-01-08 12:48:00,950.6,950.6,950.6,950.6,25,14375,935.35,947.9,954.7
8486,2021-01-08 12:49:00,950.6,950.6,950.6,950.6,25,14375,935.35,947.9,954.7
8487,2021-01-08 12:50:00,937.35,937.35,937.35,937.35,25,14400,935.35,937.95,944.75
8488,2021-01-08 12:51:00,937.35,937.35,937.35,937.35,25,14400,935.35,937.95,944.75
8489,2021-01-08 12:52:00,937.35,937.35,937.35,937.35,25,14400,935.35,937.95,944.75
8490,2021-01-08 12:53:00,937.35,937.35,937.35,937.35,25,14400,935.35,937.95,944.75
8491,2021-01-08 12:54:00,937.35,937.35,937.35,937.35,25,14400,935.35,937.95,944.75
8492,2021-01-08 12:55:00,937.35,937.35,937.35,937.35,25,14400,935.35,937.95,944.75
8493,2021-01-08 12:56:00,937.35,937.35,937.35,937.35,25,14400,935.35,937.95,944.75
8494,2021-01-08 12:57:00,937.35,937.35,937.35,937.35,25,14400,935.35,937.95,944.75
8495,2021-01-08 12:58:00,937.35,937.35,937.35,937.35,25,14400,935.35,937.95,944.75
8496,2021-01-08 12:59:00,937.35,937.35,937.35,937.35,25,14400,935.35,937.95,944.75
8497,2021-01-08 13:00:00,937.35,937.35,937.35,937.35,25,14400,935.35,937.95,944.75
8498,2021-01-08 13:01:00,937.35,937.35,937.35,937.35,25,14400,935.35,937.95,944.75
8499,2021-01-08 13:02:00,915.75,915.75,915.75,915.75,75,14300,935.25,918.55,926.0
8500,2021-01-08 13:03:00,928.9,933.55,928.9,933.55,75,14275,935.23,931.4,938.75
8501,2021-01-08 13:04:00,928.9,933.55,928.9,933.55,75,14275,935.23,931.4,938.75
8502,2021-01-08 13:05:00,928.9,933.55,928.9,933.55,75,14275,935.23,931.4,938.75
8503,2021-01-08 13:06:00,933.35,933.35,933.35,933.35,25,14325,935.22,922.9,931.25
8504,2021-01-08 13:07:00,933.35,933.35,933.35,933.35,25,14325,935.22,922.9,931.25
8505,2021-01-08 13:08:00,927.55,927.55,927.55,927.55,25,14325,935.21,922.0,928.85
8506,2021-01-08 13:09:00,927.55,927.55,927.55,927.55,25,14300,935.2,926.15,932.7
8507,2021-01-08 13:10:00,927.55,927.55,927.55,927.55,25,14300,935.2,926.15,932.7
8508,2021-01-08 13:11:00,927.55,927.55,927.55,927.55,25,14300,935.2,926.15,932.7
8509,2021-01-08 13:12:00,927.55,927.55,927.55,927.55,25,14300,935.2,926.15,932.7
8510,2021-01-08 13:13:00,927.55,927.55,927.55,927.55,25,14300,935.2,926.15,932.7
8511,2021-01-08 13:14:00,927.55,927.55,927.55,927.55,25,14300,935.2,926.15,932.7
8512,2021-01-08 13:15:00,927.55,927.55,927.55,927.55,25,14300,935.2,926.15,932.7
8513,2021-01-08 13:16:00,915.0,915.0,915.0,915.0,50,14325,935.12,914.2,921.65
8514,2021-01-08 13:17:00,915.0,915.0,915.0,915.0,50,14325,935.12,914.2,921.65
8515,2021-01-08 13:18:00,931.25,935.0,931.25,935.0,50,14275,935.12,935.75,942.65
8516,2021-01-08 13:19:00,936.85,936.85,936.85,936.85,50,14275,935.12,939.2,947.55
8517,2021-01-08 13:20:00,936.85,936.85,936.85,936.85,50,14275,935.12,939.2,947.55
8518,2021-01-08 13:21:00,936.85,936.85,936.85,936.85,50,14275,935.12,939.2,947.55
8519,2021-01-08 13:22:00,937.1,937.1,937.1,937.1,25,14300,935.13,935.5,942.55
8520,2021-01-08 13:23:00,937.1,937.1,937.1,937.1,25,14300,935.13,935.5,942.55
8521,2021-01-08 13:24:00,937.1,937.1,937.1,937.1,25,14300,935.13,935.5,942.55
8522,2021-01-08 13:25:00,935.0,935.0,935.0,935.0,25,14275,935.13,927.25,934.4
8523,2021-01-08 13:26:00,928.3,928.3,928.3,928.3,25,14275,935.12,921.3,929.2
8524,2021-01-08 13:27:00,928.3,928.3,928.3,928.3,25,14275,935.12,921.3,929.2
8525,2021-01-08 13:28:00,928.3,928.3,928.3,928.3,25,14275,935.12,921.3,929.2
8526,2021-01-08 13:29:00,923.85,928.6,923.85,928.6,50,14250,935.08,929.05,934.45
8527,2021-01-08 13:30:00,922.15,922.15,922.15,922.15,25,14275,935.06,919.25,930.45
8528,2021-01-08 13:31:00,936.7,936.7,936.7,936.7,25,14275,935.07,924.75,937.2
8529,2021-01-08 13:32:00,936.7,936.7,936.7,936.7,25,14275,935.07,924.75,937.2
8530,2021-01-08 13:33:00,921.85,921.85,921.85,921.85,25,14275,935.04,922.0,930.15
8531,2021-01-08 13:34:00,910.0,913.1,902.9,912.0,575,14275,933.78,901.85,911.9
8532,2021-01-08 13:35:00,911.9,911.9,911.9,911.9,25,14275,933.75,900.85,911.9
8533,2021-01-08 13:36:00,910.75,910.75,910.75,910.75,75,14400,933.63,908.05,922.1
8534,2021-01-08 13:37:00,910.75,910.75,910.75,910.75,75,14400,933.63,908.05,922.1
8535,2021-01-08 13:38:00,906.8,906.8,906.8,906.8,25,14400,933.58,904.1,913.95
8536,2021-01-08 13:39:00,892.85,900.0,857.0,878.45,725,14750,931.18,871.25,888.95
8537,2021-01-08 13:40:00,887.35,887.35,887.0,887.0,200,14750,930.64,885.1,896.75
8538,2021-01-08 13:41:00,887.35,887.35,887.0,887.0,200,14750,930.64,885.1,896.75
8539,2021-01-08 13:42:00,878.05,878.05,878.05,878.05,25,14750,930.56,881.4,891.7
8540,2021-01-08 13:43:00,890.4,900.0,890.4,900.0,200,14650,930.13,889.05,898.8
8541,2021-01-08 13:44:00,890.4,900.0,890.4,900.0,200,14650,930.13,889.05,898.8
8542,2021-01-08 13:45:00,911.8,911.8,911.8,911.8,50,14650,930.08,901.85,912.85
8543,2021-01-08 13:46:00,900.0,900.0,900.0,900.0,25,14550,930.03,896.45,905.6
8544,2021-01-08 13:47:00,900.0,900.0,900.0,900.0,25,14550,929.99,887.3,897.65
8545,2021-01-08 13:48:00,900.0,900.0,900.0,900.0,25,14550,929.99,887.3,897.65
8546,2021-01-08 13:49:00,917.6,917.6,917.6,917.6,350,14550,929.69,909.75,919.9
8547,2021-01-08 13:50:00,917.6,917.6,917.6,917.6,350,14550,929.69,909.75,919.9
8548,2021-01-08 13:51:00,917.6,917.6,917.6,917.6,350,14550,929.69,909.75,919.9
8549,2021-01-08 13:52:00,917.6,917.6,917.6,917.6,350,14550,929.69,909.75,919.9
8550,2021-01-08 13:53:00,917.6,917.6,917.6,917.6,350,14550,929.69,909.75,919.9
8551,2021-01-08 13:54:00,917.6,917.6,917.6,917.6,350,14550,929.69,909.75,919.9
8552,2021-01-08 13:55:00,917.6,917.6,917.6,917.6,350,14550,929.69,909.75,919.9
8553,2021-01-08 13:56:00,917.6,917.6,917.6,917.6,350,14550,929.69,909.75,919.9
8554,2021-01-08 13:57:00,917.6,917.6,917.6,917.6,350,14550,929.69,909.75,919.9
8555,2021-01-08 13:58:00,917.6,917.6,917.6,917.6,350,14550,929.69,909.75,919.9
8556,2021-01-08 13:59:00,917.6,917.6,917.6,917.6,350,14550,929.69,909.75,919.9
8557,2021-01-08 14:00:00,917.6,917.6,917.6,917.6,350,14550,929.69,909.75,919.9
8558,2021-01-08 14:01:00,917.6,917.6,917.6,917.6,350,14550,929.69,909.75,919.9
8559,2021-01-08 14:02:00,917.6,917.6,917.6,917.6,350,14550,929.69,909.75,919.9
8560,2021-01-08 14:03:00,917.6,917.6,917.6,917.6,350,14550,929.69,909.75,919.9
8561,2021-01-08 14:04:00,917.6,917.6,917.6,917.6,350,14550,929.69,909.75,919.9
8562,2021-01-08 14:05:00,900.95,900.95,900.95,900.95,50,14600,929.61,899.05,904.5
8563,2021-01-08 14:06:00,898.8,898.8,898.8,898.8,50,14550,929.52,902.75,908.8
8564,2021-01-08 14:07:00,898.8,898.8,898.8,898.8,50,14550,929.52,902.75,908.8
8565,2021-01-08 14:08:00,898.8,898.8,898.8,898.8,50,14550,929.52,902.75,908.8
8566,2021-01-08 14:09:00,898.8,898.8,898.8,898.8,50,14550,929.52,902.75,908.8
8567,2021-01-08 14:10:00,899.6,899.6,899.6,899.6,25,14550,929.47,896.75,903.1
8568,2021-01-08 14:11:00,899.6,899.6,899.6,899.6,25,14550,929.47,896.75,903.1
8569,2021-01-08 14:12:00,899.6,899.6,899.6,899.6,25,14550,929.47,896.75,903.1
8570,2021-01-08 14:13:00,899.6,899.6,899.6,899.6,25,14550,929.47,896.75,903.1
8571,2021-01-08 14:14:00,899.6,899.6,899.6,899.6,25,14550,929.47,896.75,903.1
8572,2021-01-08 14:15:00,892.95,892.95,881.15,881.15,50,14500,929.35,888.05,894.6
8573,2021-01-08 14:16:00,892.95,892.95,881.15,881.15,50,14500,929.35,888.05,894.6
8574,2021-01-08 14:17:00,878.0,878.0,870.55,876.4,225,14500,928.63,868.1,875.55
8575,2021-01-08 14:18:00,871.55,871.55,871.55,871.55,25,14500,928.55,877.0,884.25
8576,2021-01-08 14:19:00,871.55,871.55,871.55,871.55,25,14500,928.55,877.0,884.25
8577,2021-01-08 14:20:00,871.55,871.55,871.55,871.55,25,14500,928.55,877.0,884.25
8578,2021-01-08 14:21:00,871.55,871.55,871.55,871.55,25,14500,928.55,877.0,884.25
8579,2021-01-08 14:22:00,871.55,871.55,871.55,871.55,25,14500,928.55,877.0,884.25
8580,2021-01-08 14:23:00,871.55,871.55,871.55,871.55,25,14500,928.55,877.0,884.25
8581,2021-01-08 14:24:00,871.55,871.55,871.55,871.55,25,14500,928.55,877.0,884.25
8582,2021-01-08 14:25:00,891.4,891.4,891.4,891.4,25,14525,928.5,889.2,895.4
8583,2021-01-08 14:26:00,891.4,891.4,891.4,891.4,25,14525,928.5,889.2,895.4
8584,2021-01-08 14:27:00,891.4,891.4,891.4,891.4,25,14525,928.5,889.2,895.4
8585,2021-01-08 14:28:00,895.1,895.1,895.1,895.1,25,14500,928.45,893.25,900.0
8586,2021-01-08 14:29:00,895.1,895.1,895.1,895.1,25,14500,928.45,893.25,900.0
8587,2021-01-08 14:30:00,895.0,895.0,895.0,895.0,25,14500,928.4,882.25,889.15
8588,2021-01-08 14:31:00,895.0,895.0,895.0,895.0,25,14500,928.4,882.25,889.15
8589,2021-01-08 14:32:00,895.0,895.0,895.0,895.0,25,14500,928.4,882.25,889.15
8590,2021-01-08 14:33:00,880.9,880.9,871.6,871.6,50,14475,928.25,875.75,881.1
8591,2021-01-08 14:34:00,873.75,873.75,873.75,873.75,25,14475,928.17,869.6,875.25
8592,2021-01-08 14:35:00,873.75,873.75,873.75,873.75,25,14475,928.17,869.6,875.25
8593,2021-01-08 14:36:00,891.25,891.25,891.25,891.25,50,14475,928.07,882.0,888.2
8594,2021-01-08 14:37:00,891.25,891.25,891.25,891.25,50,14475,928.07,882.0,888.2
8595,2021-01-08 14:38:00,891.25,891.25,891.25,891.25,50,14475,928.07,882.0,888.2
8596,2021-01-08 14:39:00,891.25,891.25,891.25,891.25,50,14475,928.07,882.0,888.2
8597,2021-01-08 14:40:00,896.1,896.1,896.1,896.1,25,14500,928.02,890.65,897.35
8598,2021-01-08 14:41:00,902.05,902.05,902.05,902.05,25,14500,927.99,902.1,909.25
8599,2021-01-08 14:42:00,902.55,902.55,902.55,902.55,25,14500,927.95,906.05,913.25
8600,2021-01-08 14:43:00,902.55,902.55,902.55,902.55,25,14500,927.95,906.05,913.25
8601,2021-01-08 14:44:00,902.55,902.55,902.55,902.55,25,14500,927.95,906.05,913.25
8602,2021-01-08 14:45:00,902.55,902.55,902.55,902.55,25,14500,927.95,906.05,913.25
8603,2021-01-08 14:46:00,924.9,931.6,924.9,931.6,125,14500,927.95,927.25,934.55
8604,2021-01-08 14:47:00,924.9,931.6,924.9,931.6,125,14500,927.95,927.25,934.55
8605,2021-01-08 14:48:00,924.9,931.6,924.9,931.6,125,14500,927.95,927.25,934.55
8606,2021-01-08 14:49:00,930.7,930.7,930.7,930.7,25,14500,927.95,925.05,932.9
8607,2021-01-08 14:50:00,930.7,930.7,930.7,930.7,25,14500,927.95,925.05,932.9
8608,2021-01-08 14:51:00,936.65,936.65,936.65,936.65,25,14500,927.96,926.1,935.15
8609,2021-01-08 14:52:00,927.3,927.3,927.3,927.3,25,14525,927.96,926.1,935.95
8610,2021-01-08 14:53:00,936.0,936.0,936.0,936.0,25,14525,927.97,933.05,939.9
8611,2021-01-08 14:54:00,939.95,939.95,929.05,929.05,75,14500,927.99,919.85,931.3
8612,2021-01-08 14:55:00,925.1,925.1,925.1,925.1,25,14500,927.99,923.45,933.5
8613,2021-01-08 14:56:00,925.0,925.0,925.0,925.0,25,14500,927.99,931.75,940.95
8614,2021-01-08 14:57:00,925.0,925.0,925.0,925.0,25,14500,927.99,931.75,940.95
8615,2021-01-08 14:58:00,925.0,925.0,925.0,925.0,25,14500,927.99,931.75,940.95
8616,2021-01-08 14:59:00,914.25,922.9,914.25,922.9,50,14525,927.96,916.95,924.8
8617,2021-01-08 15:00:00,931.6,932.25,931.6,932.25,50,14475,927.97,915.7,926.75
8618,2021-01-08 15:01:00,931.6,932.25,931.6,932.25,50,14475,927.97,915.7,926.75
8619,2021-01-08 15:02:00,931.6,932.25,931.6,932.25,50,14475,927.97,915.7,926.75
8620,2021-01-08 15:03:00,931.6,932.25,931.6,932.25,50,14475,927.97,915.7,926.75
8621,2021-01-08 15:04:00,895.65,895.65,895.65,895.65,50,14450,927.88,886.6,900.0
8622,2021-01-08 15:05:00,888.05,888.05,888.0,888.0,100,14450,927.66,885.0,892.75
8623,2021-01-08 15:06:00,890.0,890.0,890.0,890.0,50,14450,927.56,887.75,897.05
8624,2021-01-08 15:07:00,890.0,890.0,890.0,890.0,25,14450,927.51,876.7,889.25
8625,2021-01-08 15:08:00,890.0,890.0,890.0,890.0,25,14450,927.51,876.7,889.25
8626,2021-01-08 15:09:00,890.0,890.0,890.0,890.0,25,14450,927.51,876.7,889.25
8627,2021-01-08 15:10:00,890.0,899.0,890.0,899.0,100,14475,927.34,890.0,896.55
8628,2021-01-08 15:11:00,890.0,890.0,887.85,887.85,50,14475,927.24,886.7,893.55
8629,2021-01-08 15:12:00,890.0,890.0,887.85,887.85,50,14475,927.24,886.7,893.55
8630,2021-01-08 15:13:00,890.0,890.0,887.85,887.85,50,14475,927.24,886.7,893.55
8631,2021-01-08 15:14:00,890.0,890.0,887.85,887.85,50,14475,927.24,886.7,893.55
8632,2021-01-08 15:15:00,901.4,901.4,901.4,901.4,25,14500,927.2,894.1,900.55
8633,2021-01-08 15:16:00,901.4,901.4,901.4,901.4,25,14500,927.2,894.1,900.55
8634,2021-01-08 15:17:00,886.6,886.6,886.6,886.6,25,14525,927.15,886.6,893.8
8635,2021-01-08 15:18:00,886.6,886.6,886.6,886.6,25,14525,927.15,886.6,893.8
8636,2021-01-08 15:19:00,886.6,886.6,886.6,886.6,25,14525,927.15,886.6,893.8
8637,2021-01-08 15:20:00,912.45,912.45,905.85,905.85,50,14500,927.1,902.25,912.3
8638,2021-01-08 15:21:00,912.45,912.45,905.85,905.85,50,14500,927.1,902.25,912.3
8639,2021-01-08 15:22:00,905.75,905.75,905.75,905.75,25,14525,927.07,905.75,914.95
8640,2021-01-08 15:23:00,905.75,905.75,905.75,905.75,25,14525,927.07,905.75,914.95
8641,2021-01-08 15:24:00,905.75,905.75,905.75,905.75,150,14525,926.9,900.25,914.85
8642,2021-01-08 15:25:00,905.75,905.75,883.65,883.65,250,14525,926.43,889.35,911.2
8643,2021-01-08 15:26:00,905.75,905.75,883.65,883.65,250,14525,926.43,889.35,911.2
8644,2021-01-08 15:27:00,901.0,901.0,901.0,901.0,100,14525,926.3,889.45,907.95
8645,2021-01-08 15:28:00,901.0,905.0,901.0,905.0,125,14425,926.14,890.65,908.0
8646,2021-01-08 15:29:00,901.0,905.0,901.0,905.0,125,14425,926.14,890.65,908.0
8647,2021-01-08 15:30:00,901.0,905.0,901.0,905.0,125,14425,926.14,890.65,908.0
8648,2021-01-09 09:15:00,901.0,905.0,901.0,905.0,125,14425,926.14,890.65,908.0
8649,2021-01-09 09:16:00,901.0,905.0,901.0,905.0,125,14425,926.14,890.65,908.0
8650,2021-01-09 09:17:00,901.0,905.0,901.0,905.0,125,14425,926.14,890.65,908.0
8651,2021-01-09 09:18:00,901.0,905.0,901.0,905.0,125,14425,926.14,890.65,908.0
8652,2021-01-09 09:19:00,901.0,905.0,901.0,905.0,125,14425,926.14,890.65,908.0
8653,2021-01-09 09:20:00,901.0,905.0,901.0,905.0,125,14425,926.14,890.65,908.0
8654,2021-01-09 09:21:00,901.0,905.0,901.0,905.0,125,14425,926.14,890.65,908.0
8655,2021-01-09 09:22:00,901.0,905.0,901.0,905.0,125,14425,926.14,890.65,908.0
8656,2021-01-09 09:23:00,901.0,905.0,901.0,905.0,125,14425,926.14,890.65,908.0
8657,2021-01-09 09:24:00,901.0,905.0,901.0,905.0,125,14425,926.14,890.65,908.0
8658,2021-01-09 09:25:00,901.0,905.0,901.0,905.0,125,14425,926.14,890.65,908.0
8659,2021-01-09 09:26:00,901.0,905.0,901.0,905.0,125,14425,926.14,890.65,908.0
8660,2021-01-09 09:27:00,901.0,905.0,901.0,905.0,125,14425,926.14,890.65,908.0
8661,2021-01-09 09:28:00,901.0,905.0,901.0,905.0,125,14425,926.14,890.65,908.0
8662,2021-01-09 09:29:00,901.0,905.0,901.0,905.0,125,14425,926.14,890.65,908.0
8663,2021-01-09 09:30:00,901.0,905.0,901.0,905.0,125,14425,926.14,890.65,908.0
8664,2021-01-09 09:31:00,901.0,905.0,901.0,905.0,125,14425,926.14,890.65,908.0
8665,2021-01-09 09:32:00,901.0,905.0,901.0,905.0,125,14425,926.14,890.65,908.0
8666,2021-01-09 09:33:00,901.0,905.0,901.0,905.0,125,14425,926.14,890.65,908.0
8667,2021-01-09 09:34:00,901.0,905.0,901.0,905.0,125,14425,926.14,890.65,908.0
8668,2021-01-09 09:35:00,901.0,905.0,901.0,905.0,125,14425,926.14,890.65,908.0
8669,2021-01-09 09:36:00,901.0,905.0,901.0,905.0,125,14425,926.14,890.65,908.0
8670,2021-01-09 09:37:00,901.0,905.0,901.0,905.0,125,14425,926.14,890.65,908.0
8671,2021-01-09 09:38:00,901.0,905.0,901.0,905.0,125,14425,926.14,890.65,908.0
8672,2021-01-09 09:39:00,901.0,905.0,901.0,905.0,125,14425,926.14,890.65,908.0
8673,2021-01-09 09:40:00,901.0,905.0,901.0,905.0,125,14425,926.14,890.65,908.0
8674,2021-01-09 09:41:00,901.0,905.0,901.0,905.0,125,14425,926.14,890.65,908.0
8675,2021-01-09 09:42:00,901.0,905.0,901.0,905.0,125,14425,926.14,890.65,908.0
8676,2021-01-09 09:43:00,901.0,905.0,901.0,905.0,125,14425,926.14,890.65,908.0
8677,2021-01-09 09:44:00,901.0,905.0,901.0,905.0,125,14425,926.14,890.65,908.0
8678,2021-01-09 09:45:00,901.0,905.0,901.0,905.0,125,14425,926.14,890.65,908.0
8679,2021-01-09 09:46:00,901.0,905.0,901.0,905.0,125,14425,926.14,890.65,908.0
8680,2021-01-09 09:47:00,901.0,905.0,901.0,905.0,125,14425,926.14,890.65,908.0
8681,2021-01-09 09:48:00,901.0,905.0,901.0,905.0,125,14425,926.14,890.65,908.0
8682,2021-01-09 09:49:00,901.0,905.0,901.0,905.0,125,14425,926.14,890.65,908.0
8683,2021-01-09 09:50:00,901.0,905.0,901.0,905.0,125,14425,926.14,890.65,908.0
8684,2021-01-09 09:51:00,901.0,905.0,901.0,905.0,125,14425,926.14,890.65,908.0
8685,2021-01-09 09:52:00,901.0,905.0,901.0,905.0,125,14425,926.14,890.65,908.0
8686,2021-01-09 09:53:00,901.0,905.0,901.0,905.0,125,14425,926.14,890.65,908.0
8687,2021-01-09 09:54:00,901.0,905.0,901.0,905.0,125,14425,926.14,890.65,908.0
8688,2021-01-09 09:55:00,901.0,905.0,901.0,905.0,125,14425,926.14,890.65,908.0
8689,2021-01-09 09:56:00,901.0,905.0,901.0,905.0,125,14425,926.14,890.65,908.0
8690,2021-01-09 09:57:00,901.0,905.0,901.0,905.0,125,14425,926.14,890.65,908.0
8691,2021-01-09 09:58:00,901.0,905.0,901.0,905.0,125,14425,926.14,890.65,908.0
8692,2021-01-09 09:59:00,901.0,905.0,901.0,905.0,125,14425,926.14,890.65,908.0
8693,2021-01-09 10:00:00,901.0,905.0,901.0,905.0,125,14425,926.14,890.65,908.0
8694,2021-01-09 10:01:00,901.0,905.0,901.0,905.0,125,14425,926.14,890.65,908.0
8695,2021-01-09 10:02:00,901.0,905.0,901.0,905.0,125,14425,926.14,890.65,908.0
8696,2021-01-09 10:03:00,901.0,905.0,901.0,905.0,125,14425,926.14,890.65,908.0
8697,2021-01-09 10:04:00,901.0,905.0,901.0,905.0,125,14425,926.14,890.65,908.0
8698,2021-01-09 10:05:00,901.0,905.0,901.0,905.0,125,14425,926.14,890.65,908.0
8699,2021-01-09 10:06:00,901.0,905.0,901.0,905.0,125,14425,926.14,890.65,908.0
8700,2021-01-09 10:07:00,901.0,905.0,901.0,905.0,125,14425,926.14,890.65,908.0
8701,2021-01-09 10:08:00,901.0,905.0,901.0,905.0,125,14425,926.14,890.65,908.0
8702,2021-01-09 10:09:00,901.0,905.0,901.0,905.0,125,14425,926.14,890.65,908.0
8703,2021-01-09 10:10:00,901.0,905.0,901.0,905.0,125,14425,926.14,890.65,908.0
8704,2021-01-09 10:11:00,901.0,905.0,901.0,905.0,125,14425,926.14,890.65,908.0
8705,2021-01-09 10:12:00,901.0,905.0,901.0,905.0,125,14425,926.14,890.65,908.0
8706,2021-01-09 10:13:00,901.0,905.0,901.0,905.0,125,14425,926.14,890.65,908.0
8707,2021-01-09 10:14:00,901.0,905.0,901.0,905.0,125,14425,926.14,890.65,908.0
8708,2021-01-09 10:15:00,901.0,905.0,901.0,905.0,125,14425,926.14,890.65,908.0
8709,2021-01-09 10:16:00,901.0,905.0,901.0,905.0,125,14425,926.14,890.65,908.0
8710,2021-01-09 10:17:00,901.0,905.0,901.0,905.0,125,14425,926.14,890.65,908.0
8711,2021-01-09 10:18:00,901.0,905.0,901.0,905.0,125,14425,926.14,890.65,908.0
8712,2021-01-09 10:19:00,901.0,905.0,901.0,905.0,125,14425,926.14,890.65,908.0
8713,2021-01-09 10:20:00,901.0,905.0,901.0,905.0,125,14425,926.14,890.65,908.0
8714,2021-01-09 10:21:00,901.0,905.0,901.0,905.0,125,14425,926.14,890.65,908.0
8715,2021-01-09 10:22:00,901.0,905.0,901.0,905.0,125,14425,926.14,890.65,908.0
8716,2021-01-09 10:23:00,901.0,905.0,901.0,905.0,125,14425,926.14,890.65,908.0
8717,2021-01-09 10:24:00,901.0,905.0,901.0,905.0,125,14425,926.14,890.65,908.0
8718,2021-01-09 10:25:00,901.0,905.0,901.0,905.0,125,14425,926.14,890.65,908.0
8719,2021-01-09 10:26:00,901.0,905.0,901.0,905.0,125,14425,926.14,890.65,908.0
8720,2021-01-09 10:27:00,901.0,905.0,901.0,905.0,125,14425,926.14,890.65,908.0
8721,2021-01-09 10:28:00,901.0,905.0,901.0,905.0,125,14425,926.14,890.65,908.0
8722,2021-01-09 10:29:00,901.0,905.0,901.0,905.0,125,14425,926.14,890.65,908.0
8723,2021-01-09 10:30:00,901.0,905.0,901.0,905.0,125,14425,926.14,890.65,908.0
8724,2021-01-09 10:31:00,901.0,905.0,901.0,905.0,125,14425,926.14,890.65,908.0
8725,2021-01-09 10:32:00,901.0,905.0,901.0,905.0,125,14425,926.14,890.65,908.0
8726,2021-01-09 10:33:00,901.0,905.0,901.0,905.0,125,14425,926.14,890.65,908.0
8727,2021-01-09 10:34:00,901.0,905.0,901.0,905.0,125,14425,926.14,890.65,908.0
8728,2021-01-09 10:35:00,901.0,905.0,901.0,905.0,125,14425,926.14,890.65,908.0
8729,2021-01-09 10:36:00,901.0,905.0,901.0,905.0,125,14425,926.14,890.65,908.0
8730,2021-01-09 10:37:00,901.0,905.0,901.0,905.0,125,14425,926.14,890.65,908.0
8731,2021-01-09 10:38:00,901.0,905.0,901.0,905.0,125,14425,926.14,890.65,908.0
8732,2021-01-09 10:39:00,901.0,905.0,901.0,905.0,125,14425,926.14,890.65,908.0
8733,2021-01-09 10:40:00,901.0,905.0,901.0,905.0,125,14425,926.14,890.65,908.0
8734,2021-01-09 10:41:00,901.0,905.0,901.0,905.0,125,14425,926.14,890.65,908.0
8735,2021-01-09 10:42:00,901.0,905.0,901.0,905.0,125,14425,926.14,890.65,908.0
8736,2021-01-09 10:43:00,901.0,905.0,901.0,905.0,125,14425,926.14,890.65,908.0
8737,2021-01-09 10:44:00,901.0,905.0,901.0,905.0,125,14425,926.14,890.65,908.0
8738,2021-01-09 10:45:00,901.0,905.0,901.0,905.0,125,14425,926.14,890.65,908.0
8739,2021-01-09 10:46:00,901.0,905.0,901.0,905.0,125,14425,926.14,890.65,908.0
8740,2021-01-09 10:47:00,901.0,905.0,901.0,905.0,125,14425,926.14,890.65,908.0
8741,2021-01-09 10:48:00,901.0,905.0,901.0,905.0,125,14425,926.14,890.65,908.0
8742,2021-01-09 10:49:00,901.0,905.0,901.0,905.0,125,14425,926.14,890.65,908.0
8743,2021-01-09 10:50:00,901.0,905.0,901.0,905.0,125,14425,926.14,890.65,908.0
8744,2021-01-09 10:51:00,901.0,905.0,901.0,905.0,125,14425,926.14,890.65,908.0
8745,2021-01-09 10:52:00,901.0,905.0,901.0,905.0,125,14425,926.14,890.65,908.0
8746,2021-01-09 10:53:00,901.0,905.0,901.0,905.0,125,14425,926.14,890.65,908.0
8747,2021-01-09 10:54:00,901.0,905.0,901.0,905.0,125,14425,926.14,890.65,908.0
8748,2021-01-09 10:55:00,901.0,905.0,901.0,905.0,125,14425,926.14,890.65,908.0
8749,2021-01-09 10:56:00,901.0,905.0,901.0,905.0,125,14425,926.14,890.65,908.0
8750,2021-01-09 10:57:00,901.0,905.0,901.0,905.0,125,14425,926.14,890.65,908.0
8751,2021-01-09 10:58:00,901.0,905.0,901.0,905.0,125,14425,926.14,890.65,908.0
8752,2021-01-09 10:59:00,901.0,905.0,901.0,905.0,125,14425,926.14,890.65,908.0
8753,2021-01-09 11:00:00,901.0,905.0,901.0,905.0,125,14425,926.14,890.65,908.0
8754,2021-01-09 11:01:00,901.0,905.0,901.0,905.0,125,14425,926.14,890.65,908.0
8755,2021-01-09 11:02:00,901.0,905.0,901.0,905.0,125,14425,926.14,890.65,908.0
8756,2021-01-09 11:03:00,901.0,905.0,901.0,905.0,125,14425,926.14,890.65,908.0
8757,2021-01-09 11:04:00,901.0,905.0,901.0,905.0,125,14425,926.14,890.65,908.0
8758,2021-01-09 11:05:00,901.0,905.0,901.0,905.0,125,14425,926.14,890.65,908.0
8759,2021-01-09 11:06:00,901.0,905.0,901.0,905.0,125,14425,926.14,890.65,908.0
8760,2021-01-09 11:07:00,901.0,905.0,901.0,905.0,125,14425,926.14,890.65,908.0
8761,2021-01-09 11:08:00,901.0,905.0,901.0,905.0,125,14425,926.14,890.65,908.0
8762,2021-01-09 11:09:00,901.0,905.0,901.0,905.0,125,14425,926.14,890.65,908.0
8763,2021-01-09 11:10:00,901.0,905.0,901.0,905.0,125,14425,926.14,890.65,908.0
8764,2021-01-09 11:11:00,901.0,905.0,901.0,905.0,125,14425,926.14,890.65,908.0
8765,2021-01-09 11:12:00,901.0,905.0,901.0,905.0,125,14425,926.14,890.65,908.0
8766,2021-01-09 11:13:00,901.0,905.0,901.0,905.0,125,14425,926.14,890.65,908.0
8767,2021-01-09 11:14:00,901.0,905.0,901.0,905.0,125,14425,926.14,890.65,908.0
8768,2021-01-09 11:15:00,901.0,905.0,901.0,905.0,125,14425,926.14,890.65,908.0
8769,2021-01-09 11:16:00,901.0,905.0,901.0,905.0,125,14425,926.14,890.65,908.0
8770,2021-01-09 11:17:00,901.0,905.0,901.0,905.0,125,14425,926.14,890.65,908.0
8771,2021-01-09 11:18:00,901.0,905.0,901.0,905.0,125,14425,926.14,890.65,908.0
8772,2021-01-09 11:19:00,901.0,905.0,901.0,905.0,125,14425,926.14,890.65,908.0
8773,2021-01-09 11:20:00,901.0,905.0,901.0,905.0,125,14425,926.14,890.65,908.0
8774,2021-01-09 11:21:00,901.0,905.0,901.0,905.0,125,14425,926.14,890.65,908.0
8775,2021-01-09 11:22:00,901.0,905.0,901.0,905.0,125,14425,926.14,890.65,908.0
8776,2021-01-09 11:23:00,901.0,905.0,901.0,905.0,125,14425,926.14,890.65,908.0
8777,2021-01-09 11:24:00,901.0,905.0,901.0,905.0,125,14425,926.14,890.65,908.0
8778,2021-01-09 11:25:00,901.0,905.0,901.0,905.0,125,14425,926.14,890.65,908.0
8779,2021-01-09 11:26:00,901.0,905.0,901.0,905.0,125,14425,926.14,890.65,908.0
8780,2021-01-09 11:27:00,901.0,905.0,901.0,905.0,125,14425,926.14,890.65,908.0
8781,2021-01-09 11:28:00,901.0,905.0,901.0,905.0,125,14425,926.14,890.65,908.0
8782,2021-01-09 11:29:00,901.0,905.0,901.0,905.0,125,14425,926.14,890.65,908.0
8783,2021-01-09 11:30:00,901.0,905.0,901.0,905.0,125,14425,926.14,890.65,908.0
8784,2021-01-09 11:31:00,901.0,905.0,901.0,905.0,125,14425,926.14,890.65,908.0
8785,2021-01-09 11:32:00,901.0,905.0,901.0,905.0,125,14425,926.14,890.65,908.0
8786,2021-01-09 11:33:00,901.0,905.0,901.0,905.0,125,14425,926.14,890.65,908.0
8787,2021-01-09 11:34:00,901.0,905.0,901.0,905.0,125,14425,926.14,890.65,908.0
8788,2021-01-09 11:35:00,901.0,905.0,901.0,905.0,125,14425,926.14,890.65,908.0
8789,2021-01-09 11:36:00,901.0,905.0,901.0,905.0,125,14425,926.14,890.65,908.0
8790,2021-01-09 11:37:00,901.0,905.0,901.0,905.0,125,14425,926.14,890.65,908.0
8791,2021-01-09 11:38:00,901.0,905.0,901.0,905.0,125,14425,926.14,890.65,908.0
8792,2021-01-09 11:39:00,901.0,905.0,901.0,905.0,125,14425,926.14,890.65,908.0
8793,2021-01-09 11:40:00,901.0,905.0,901.0,905.0,125,14425,926.14,890.65,908.0
8794,2021-01-09 11:41:00,901.0,905.0,901.0,905.0,125,14425,926.14,890.65,908.0
8795,2021-01-09 11:42:00,901.0,905.0,901.0,905.0,125,14425,926.14,890.65,908.0
8796,2021-01-09 11:43:00,901.0,905.0,901.0,905.0,125,14425,926.14,890.65,908.0
8797,2021-01-09 11:44:00,901.0,905.0,901.0,905.0,125,14425,926.14,890.65,908.0
8798,2021-01-09 11:45:00,901.0,905.0,901.0,905.0,125,14425,926.14,890.65,908.0
8799,2021-01-09 11:46:00,901.0,905.0,901.0,905.0,125,14425,926.14,890.65,908.0
8800,2021-01-09 11:47:00,901.0,905.0,901.0,905.0,125,14425,926.14,890.65,908.0
8801,2021-01-09 11:48:00,901.0,905.0,901.0,905.0,125,14425,926.14,890.65,908.0
8802,2021-01-09 11:49:00,901.0,905.0,901.0,905.0,125,14425,926.14,890.65,908.0
8803,2021-01-09 11:50:00,901.0,905.0,901.0,905.0,125,14425,926.14,890.65,908.0
8804,2021-01-09 11:51:00,901.0,905.0,901.0,905.0,125,14425,926.14,890.65,908.0
8805,2021-01-09 11:52:00,901.0,905.0,901.0,905.0,125,14425,926.14,890.65,908.0
8806,2021-01-09 11:53:00,901.0,905.0,901.0,905.0,125,14425,926.14,890.65,908.0
8807,2021-01-09 11:54:00,901.0,905.0,901.0,905.0,125,14425,926.14,890.65,908.0
8808,2021-01-09 11:55:00,901.0,905.0,901.0,905.0,125,14425,926.14,890.65,908.0
8809,2021-01-09 11:56:00,901.0,905.0,901.0,905.0,125,14425,926.14,890.65,908.0
8810,2021-01-09 11:57:00,901.0,905.0,901.0,905.0,125,14425,926.14,890.65,908.0
8811,2021-01-09 11:58:00,901.0,905.0,901.0,905.0,125,14425,926.14,890.65,908.0
8812,2021-01-09 11:59:00,901.0,905.0,901.0,905.0,125,14425,926.14,890.65,908.0
8813,2021-01-09 12:00:00,901.0,905.0,901.0,905.0,125,14425,926.14,890.65,908.0
8814,2021-01-09 12:01:00,901.0,905.0,901.0,905.0,125,14425,926.14,890.65,908.0
8815,2021-01-09 12:02:00,901.0,905.0,901.0,905.0,125,14425,926.14,890.65,908.0
8816,2021-01-09 12:03:00,901.0,905.0,901.0,905.0,125,14425,926.14,890.65,908.0
8817,2021-01-09 12:04:00,901.0,905.0,901.0,905.0,125,14425,926.14,890.65,908.0
8818,2021-01-09 12:05:00,901.0,905.0,901.0,905.0,125,14425,926.14,890.65,908.0
8819,2021-01-09 12:06:00,901.0,905.0,901.0,905.0,125,14425,926.14,890.65,908.0
8820,2021-01-09 12:07:00,901.0,905.0,901.0,905.0,125,14425,926.14,890.65,908.0
8821,2021-01-09 12:08:00,901.0,905.0,901.0,905.0,125,14425,926.14,890.65,908.0
8822,2021-01-09 12:09:00,901.0,905.0,901.0,905.0,125,14425,926.14,890.65,908.0
8823,2021-01-09 12:10:00,901.0,905.0,901.0,905.0,125,14425,926.14,890.65,908.0
8824,2021-01-09 12:11:00,901.0,905.0,901.0,905.0,125,14425,926.14,890.65,908.0
8825,2021-01-09 12:12:00,901.0,905.0,901.0,905.0,125,14425,926.14,890.65,908.0
8826,2021-01-09 12:13:00,901.0,905.0,901.0,905.0,125,14425,926.14,890.65,908.0
8827,2021-01-09 12:14:00,901.0,905.0,901.0,905.0,125,14425,926.14,890.65,908.0
8828,2021-01-09 12:15:00,901.0,905.0,901.0,905.0,125,14425,926.14,890.65,908.0
8829,2021-01-09 12:16:00,901.0,905.0,901.0,905.0,125,14425,926.14,890.65,908.0
8830,2021-01-09 12:17:00,901.0,905.0,901.0,905.0,125,14425,926.14,890.65,908.0
8831,2021-01-09 12:18:00,901.0,905.0,901.0,905.0,125,14425,926.14,890.65,908.0
8832,2021-01-09 12:19:00,901.0,905.0,901.0,905.0,125,14425,926.14,890.65,908.0
8833,2021-01-09 12:20:00,901.0,905.0,901.0,905.0,125,14425,926.14,890.65,908.0
8834,2021-01-09 12:21:00,901.0,905.0,901.0,905.0,125,14425,926.14,890.65,908.0
8835,2021-01-09 12:22:00,901.0,905.0,901.0,905.0,125,14425,926.14,890.65,908.0
8836,2021-01-09 12:23:00,901.0,905.0,901.0,905.0,125,14425,926.14,890.65,908.0
8837,2021-01-09 12:24:00,901.0,905.0,901.0,905.0,125,14425,926.14,890.65,908.0
8838,2021-01-09 12:25:00,901.0,905.0,901.0,905.0,125,14425,926.14,890.65,908.0
8839,2021-01-09 12:26:00,901.0,905.0,901.0,905.0,125,14425,926.14,890.65,908.0
8840,2021-01-09 12:27:00,901.0,905.0,901.0,905.0,125,14425,926.14,890.65,908.0
8841,2021-01-09 12:28:00,901.0,905.0,901.0,905.0,125,14425,926.14,890.65,908.0
8842,2021-01-09 12:29:00,901.0,905.0,901.0,905.0,125,14425,926.14,890.65,908.0
8843,2021-01-09 12:30:00,901.0,905.0,901.0,905.0,125,14425,926.14,890.65,908.0
8844,2021-01-09 12:31:00,901.0,905.0,901.0,905.0,125,14425,926.14,890.65,908.0
8845,2021-01-09 12:32:00,901.0,905.0,901.0,905.0,125,14425,926.14,890.65,908.0
8846,2021-01-09 12:33:00,901.0,905.0,901.0,905.0,125,14425,926.14,890.65,908.0
8847,2021-01-09 12:34:00,901.0,905.0,901.0,905.0,125,14425,926.14,890.65,908.0
8848,2021-01-09 12:35:00,901.0,905.0,901.0,905.0,125,14425,926.14,890.65,908.0
8849,2021-01-09 12:36:00,901.0,905.0,901.0,905.0,125,14425,926.14,890.65,908.0
8850,2021-01-09 12:37:00,901.0,905.0,901.0,905.0,125,14425,926.14,890.65,908.0
8851,2021-01-09 12:38:00,901.0,905.0,901.0,905.0,125,14425,926.14,890.65,908.0
8852,2021-01-09 12:39:00,901.0,905.0,901.0,905.0,125,14425,926.14,890.65,908.0
8853,2021-01-09 12:40:00,901.0,905.0,901.0,905.0,125,14425,926.14,890.65,908.0
8854,2021-01-09 12:41:00,901.0,905.0,901.0,905.0,125,14425,926.14,890.65,908.0
8855,2021-01-09 12:42:00,901.0,905.0,901.0,905.0,125,14425,926.14,890.65,908.0
8856,2021-01-09 12:43:00,901.0,905.0,901.0,905.0,125,14425,926.14,890.65,908.0
8857,2021-01-09 12:44:00,901.0,905.0,901.0,905.0,125,14425,926.14,890.65,908.0
8858,2021-01-09 12:45:00,901.0,905.0,901.0,905.0,125,14425,926.14,890.65,908.0
8859,2021-01-09 12:46:00,901.0,905.0,901.0,905.0,125,14425,926.14,890.65,908.0
8860,2021-01-09 12:47:00,901.0,905.0,901.0,905.0,125,14425,926.14,890.65,908.0
8861,2021-01-09 12:48:00,901.0,905.0,901.0,905.0,125,14425,926.14,890.65,908.0
8862,2021-01-09 12:49:00,901.0,905.0,901.0,905.0,125,14425,926.14,890.65,908.0
8863,2021-01-09 12:50:00,901.0,905.0,901.0,905.0,125,14425,926.14,890.65,908.0
8864,2021-01-09 12:51:00,901.0,905.0,901.0,905.0,125,14425,926.14,890.65,908.0
8865,2021-01-09 12:52:00,901.0,905.0,901.0,905.0,125,14425,926.14,890.65,908.0
8866,2021-01-09 12:53:00,901.0,905.0,901.0,905.0,125,14425,926.14,890.65,908.0
8867,2021-01-09 12:54:00,901.0,905.0,901.0,905.0,125,14425,926.14,890.65,908.0
8868,2021-01-09 12:55:00,901.0,905.0,901.0,905.0,125,14425,926.14,890.65,908.0
8869,2021-01-09 12:56:00,901.0,905.0,901.0,905.0,125,14425,926.14,890.65,908.0
8870,2021-01-09 12:57:00,901.0,905.0,901.0,905.0,125,14425,926.14,890.65,908.0
8871,2021-01-09 12:58:00,901.0,905.0,901.0,905.0,125,14425,926.14,890.65,908.0
8872,2021-01-09 12:59:00,901.0,905.0,901.0,905.0,125,14425,926.14,890.65,908.0
8873,2021-01-09 13:00:00,901.0,905.0,901.0,905.0,125,14425,926.14,890.65,908.0
8874,2021-01-09 13:01:00,901.0,905.0,901.0,905.0,125,14425,926.14,890.65,908.0
8875,2021-01-09 13:02:00,901.0,905.0,901.0,905.0,125,14425,926.14,890.65,908.0
8876,2021-01-09 13:03:00,901.0,905.0,901.0,905.0,125,14425,926.14,890.65,908.0
8877,2021-01-09 13:04:00,901.0,905.0,901.0,905.0,125,14425,926.14,890.65,908.0
8878,2021-01-09 13:05:00,901.0,905.0,901.0,905.0,125,14425,926.14,890.65,908.0
8879,2021-01-09 13:06:00,901.0,905.0,901.0,905.0,125,14425,926.14,890.65,908.0
8880,2021-01-09 13:07:00,901.0,905.0,901.0,905.0,125,14425,926.14,890.65,908.0
8881,2021-01-09 13:08:00,901.0,905.0,901.0,905.0,125,14425,926.14,890.65,908.0
8882,2021-01-09 13:09:00,901.0,905.0,901.0,905.0,125,14425,926.14,890.65,908.0
8883,2021-01-09 13:10:00,901.0,905.0,901.0,905.0,125,14425,926.14,890.65,908.0
8884,2021-01-09 13:11:00,901.0,905.0,901.0,905.0,125,14425,926.14,890.65,908.0
8885,2021-01-09 13:12:00,901.0,905.0,901.0,905.0,125,14425,926.14,890.65,908.0
8886,2021-01-09 13:13:00,901.0,905.0,901.0,905.0,125,14425,926.14,890.65,908.0
8887,2021-01-09 13:14:00,901.0,905.0,901.0,905.0,125,14425,926.14,890.65,908.0
8888,2021-01-09 13:15:00,901.0,905.0,901.0,905.0,125,14425,926.14,890.65,908.0
8889,2021-01-09 13:16:00,901.0,905.0,901.0,905.0,125,14425,926.14,890.65,908.0
8890,2021-01-09 13:17:00,901.0,905.0,901.0,905.0,125,14425,926.14,890.65,908.0
8891,2021-01-09 13:18:00,901.0,905.0,901.0,905.0,125,14425,926.14,890.65,908.0
8892,2021-01-09 13:19:00,901.0,905.0,901.0,905.0,125,14425,926.14,890.65,908.0
8893,2021-01-09 13:20:00,901.0,905.0,901.0,905.0,125,14425,926.14,890.65,908.0
8894,2021-01-09 13:21:00,901.0,905.0,901.0,905.0,125,14425,926.14,890.65,908.0
8895,2021-01-09 13:22:00,901.0,905.0,901.0,905.0,125,14425,926.14,890.65,908.0
8896,2021-01-09 13:23:00,901.0,905.0,901.0,905.0,125,14425,926.14,890.65,908.0
8897,2021-01-09 13:24:00,901.0,905.0,901.0,905.0,125,14425,926.14,890.65,908.0
8898,2021-01-09 13:25:00,901.0,905.0,901.0,905.0,125,14425,926.14,890.65,908.0
8899,2021-01-09 13:26:00,901.0,905.0,901.0,905.0,125,14425,926.14,890.65,908.0
8900,2021-01-09 13:27:00,901.0,905.0,901.0,905.0,125,14425,926.14,890.65,908.0
8901,2021-01-09 13:28:00,901.0,905.0,901.0,905.0,125,14425,926.14,890.65,908.0
8902,2021-01-09 13:29:00,901.0,905.0,901.0,905.0,125,14425,926.14,890.65,908.0
8903,2021-01-09 13:30:00,901.0,905.0,901.0,905.0,125,14425,926.14,890.65,908.0
8904,2021-01-09 13:31:00,901.0,905.0,901.0,905.0,125,14425,926.14,890.65,908.0
8905,2021-01-09 13:32:00,901.0,905.0,901.0,905.0,125,14425,926.14,890.65,908.0
8906,2021-01-09 13:33:00,901.0,905.0,901.0,905.0,125,14425,926.14,890.65,908.0
8907,2021-01-09 13:34:00,901.0,905.0,901.0,905.0,125,14425,926.14,890.65,908.0
8908,2021-01-09 13:35:00,901.0,905.0,901.0,905.0,125,14425,926.14,890.65,908.0
8909,2021-01-09 13:36:00,901.0,905.0,901.0,905.0,125,14425,926.14,890.65,908.0
8910,2021-01-09 13:37:00,901.0,905.0,901.0,905.0,125,14425,926.14,890.65,908.0
8911,2021-01-09 13:38:00,901.0,905.0,901.0,905.0,125,14425,926.14,890.65,908.0
8912,2021-01-09 13:39:00,901.0,905.0,901.0,905.0,125,14425,926.14,890.65,908.0
8913,2021-01-09 13:40:00,901.0,905.0,901.0,905.0,125,14425,926.14,890.65,908.0
8914,2021-01-09 13:41:00,901.0,905.0,901.0,905.0,125,14425,926.14,890.65,908.0
8915,2021-01-09 13:42:00,901.0,905.0,901.0,905.0,125,14425,926.14,890.65,908.0
8916,2021-01-09 13:43:00,901.0,905.0,901.0,905.0,125,14425,926.14,890.65,908.0
8917,2021-01-09 13:44:00,901.0,905.0,901.0,905.0,125,14425,926.14,890.65,908.0
8918,2021-01-09 13:45:00,901.0,905.0,901.0,905.0,125,14425,926.14,890.65,908.0
8919,2021-01-09 13:46:00,901.0,905.0,901.0,905.0,125,14425,926.14,890.65,908.0
8920,2021-01-09 13:47:00,901.0,905.0,901.0,905.0,125,14425,926.14,890.65,908.0
8921,2021-01-09 13:48:00,901.0,905.0,901.0,905.0,125,14425,926.14,890.65,908.0
8922,2021-01-09 13:49:00,901.0,905.0,901.0,905.0,125,14425,926.14,890.65,908.0
8923,2021-01-09 13:50:00,901.0,905.0,901.0,905.0,125,14425,926.14,890.65,908.0
8924,2021-01-09 13:51:00,901.0,905.0,901.0,905.0,125,14425,926.14,890.65,908.0
8925,2021-01-09 13:52:00,901.0,905.0,901.0,905.0,125,14425,926.14,890.65,908.0
8926,2021-01-09 13:53:00,901.0,905.0,901.0,905.0,125,14425,926.14,890.65,908.0
8927,2021-01-09 13:54:00,901.0,905.0,901.0,905.0,125,14425,926.14,890.65,908.0
8928,2021-01-09 13:55:00,901.0,905.0,901.0,905.0,125,14425,926.14,890.65,908.0
8929,2021-01-09 13:56:00,901.0,905.0,901.0,905.0,125,14425,926.14,890.65,908.0
8930,2021-01-09 13:57:00,901.0,905.0,901.0,905.0,125,14425,926.14,890.65,908.0
8931,2021-01-09 13:58:00,901.0,905.0,901.0,905.0,125,14425,926.14,890.65,908.0
8932,2021-01-09 13:59:00,901.0,905.0,901.0,905.0,125,14425,926.14,890.65,908.0
8933,2021-01-09 14:00:00,901.0,905.0,901.0,905.0,125,14425,926.14,890.65,908.0
8934,2021-01-09 14:01:00,901.0,905.0,901.0,905.0,125,14425,926.14,890.65,908.0
8935,2021-01-09 14:02:00,901.0,905.0,901.0,905.0,125,14425,926.14,890.65,908.0
8936,2021-01-09 14:03:00,901.0,905.0,901.0,905.0,125,14425,926.14,890.65,908.0
8937,2021-01-09 14:04:00,901.0,905.0,901.0,905.0,125,14425,926.14,890.65,908.0
8938,2021-01-09 14:05:00,901.0,905.0,901.0,905.0,125,14425,926.14,890.65,908.0
8939,2021-01-09 14:06:00,901.0,905.0,901.0,905.0,125,14425,926.14,890.65,908.0
8940,2021-01-09 14:07:00,901.0,905.0,901.0,905.0,125,14425,926.14,890.65,908.0
8941,2021-01-09 14:08:00,901.0,905.0,901.0,905.0,125,14425,926.14,890.65,908.0
8942,2021-01-09 14:09:00,901.0,905.0,901.0,905.0,125,14425,926.14,890.65,908.0
8943,2021-01-09 14:10:00,901.0,905.0,901.0,905.0,125,14425,926.14,890.65,908.0
8944,2021-01-09 14:11:00,901.0,905.0,901.0,905.0,125,14425,926.14,890.65,908.0
8945,2021-01-09 14:12:00,901.0,905.0,901.0,905.0,125,14425,926.14,890.65,908.0
8946,2021-01-09 14:13:00,901.0,905.0,901.0,905.0,125,14425,926.14,890.65,908.0
8947,2021-01-09 14:14:00,901.0,905.0,901.0,905.0,125,14425,926.14,890.65,908.0
8948,2021-01-09 14:15:00,901.0,905.0,901.0,905.0,125,14425,926.14,890.65,908.0
8949,2021-01-09 14:16:00,901.0,905.0,901.0,905.0,125,14425,926.14,890.65,908.0
8950,2021-01-09 14:17:00,901.0,905.0,901.0,905.0,125,14425,926.14,890.65,908.0
8951,2021-01-09 14:18:00,901.0,905.0,901.0,905.0,125,14425,926.14,890.65,908.0
8952,2021-01-09 14:19:00,901.0,905.0,901.0,905.0,125,14425,926.14,890.65,908.0
8953,2021-01-09 14:20:00,901.0,905.0,901.0,905.0,125,14425,926.14,890.65,908.0
8954,2021-01-09 14:21:00,901.0,905.0,901.0,905.0,125,14425,926.14,890.65,908.0
8955,2021-01-09 14:22:00,901.0,905.0,901.0,905.0,125,14425,926.14,890.65,908.0
8956,2021-01-09 14:23:00,901.0,905.0,901.0,905.0,125,14425,926.14,890.65,908.0
8957,2021-01-09 14:24:00,901.0,905.0,901.0,905.0,125,14425,926.14,890.65,908.0
8958,2021-01-09 14:25:00,901.0,905.0,901.0,905.0,125,14425,926.14,890.65,908.0
8959,2021-01-09 14:26:00,901.0,905.0,901.0,905.0,125,14425,926.14,890.65,908.0
8960,2021-01-09 14:27:00,901.0,905.0,901.0,905.0,125,14425,926.14,890.65,908.0
8961,2021-01-09 14:28:00,901.0,905.0,901.0,905.0,125,14425,926.14,890.65,908.0
8962,2021-01-09 14:29:00,901.0,905.0,901.0,905.0,125,14425,926.14,890.65,908.0
8963,2021-01-09 14:30:00,901.0,905.0,901.0,905.0,125,14425,926.14,890.65,908.0
8964,2021-01-09 14:31:00,901.0,905.0,901.0,905.0,125,14425,926.14,890.65,908.0
8965,2021-01-09 14:32:00,901.0,905.0,901.0,905.0,125,14425,926.14,890.65,908.0
8966,2021-01-09 14:33:00,901.0,905.0,901.0,905.0,125,14425,926.14,890.65,908.0
8967,2021-01-09 14:34:00,901.0,905.0,901.0,905.0,125,14425,926.14,890.65,908.0
8968,2021-01-09 14:35:00,901.0,905.0,901.0,905.0,125,14425,926.14,890.65,908.0
8969,2021-01-09 14:36:00,901.0,905.0,901.0,905.0,125,14425,926.14,890.65,908.0
8970,2021-01-09 14:37:00,901.0,905.0,901.0,905.0,125,14425,926.14,890.65,908.0
8971,2021-01-09 14:38:00,901.0,905.0,901.0,905.0,125,14425,926.14,890.65,908.0
8972,2021-01-09 14:39:00,901.0,905.0,901.0,905.0,125,14425,926.14,890.65,908.0
8973,2021-01-09 14:40:00,901.0,905.0,901.0,905.0,125,14425,926.14,890.65,908.0
8974,2021-01-09 14:41:00,901.0,905.0,901.0,905.0,125,14425,926.14,890.65,908.0
8975,2021-01-09 14:42:00,901.0,905.0,901.0,905.0,125,14425,926.14,890.65,908.0
8976,2021-01-09 14:43:00,901.0,905.0,901.0,905.0,125,14425,926.14,890.65,908.0
8977,2021-01-09 14:44:00,901.0,905.0,901.0,905.0,125,14425,926.14,890.65,908.0
8978,2021-01-09 14:45:00,901.0,905.0,901.0,905.0,125,14425,926.14,890.65,908.0
8979,2021-01-09 14:46:00,901.0,905.0,901.0,905.0,125,14425,926.14,890.65,908.0
8980,2021-01-09 14:47:00,901.0,905.0,901.0,905.0,125,14425,926.14,890.65,908.0
8981,2021-01-09 14:48:00,901.0,905.0,901.0,905.0,125,14425,926.14,890.65,908.0
8982,2021-01-09 14:49:00,901.0,905.0,901.0,905.0,125,14425,926.14,890.65,908.0
8983,2021-01-09 14:50:00,901.0,905.0,901.0,905.0,125,14425,926.14,890.65,908.0
8984,2021-01-09 14:51:00,901.0,905.0,901.0,905.0,125,14425,926.14,890.65,908.0
8985,2021-01-09 14:52:00,901.0,905.0,901.0,905.0,125,14425,926.14,890.65,908.0
8986,2021-01-09 14:53:00,901.0,905.0,901.0,905.0,125,14425,926.14,890.65,908.0
8987,2021-01-09 14:54:00,901.0,905.0,901.0,905.0,125,14425,926.14,890.65,908.0
8988,2021-01-09 14:55:00,901.0,905.0,901.0,905.0,125,14425,926.14,890.65,908.0
8989,2021-01-09 14:56:00,901.0,905.0,901.0,905.0,125,14425,926.14,890.65,908.0
8990,2021-01-09 14:57:00,901.0,905.0,901.0,905.0,125,14425,926.14,890.65,908.0
8991,2021-01-09 14:58:00,901.0,905.0,901.0,905.0,125,14425,926.14,890.65,908.0
8992,2021-01-09 14:59:00,901.0,905.0,901.0,905.0,125,14425,926.14,890.65,908.0
8993,2021-01-09 15:00:00,901.0,905.0,901.0,905.0,125,14425,926.14,890.65,908.0
8994,2021-01-09 15:01:00,901.0,905.0,901.0,905.0,125,14425,926.14,890.65,908.0
8995,2021-01-09 15:02:00,901.0,905.0,901.0,905.0,125,14425,926.14,890.65,908.0
8996,2021-01-09 15:03:00,901.0,905.0,901.0,905.0,125,14425,926.14,890.65,908.0
8997,2021-01-09 15:04:00,901.0,905.0,901.0,905.0,125,14425,926.14,890.65,908.0
8998,2021-01-09 15:05:00,901.0,905.0,901.0,905.0,125,14425,926.14,890.65,908.0
8999,2021-01-09 15:06:00,901.0,905.0,901.0,905.0,125,14425,926.14,890.65,908.0
9000,2021-01-09 15:07:00,901.0,905.0,901.0,905.0,125,14425,926.14,890.65,908.0
9001,2021-01-09 15:08:00,901.0,905.0,901.0,905.0,125,14425,926.14,890.65,908.0
9002,2021-01-09 15:09:00,901.0,905.0,901.0,905.0,125,14425,926.14,890.65,908.0
9003,2021-01-09 15:10:00,901.0,905.0,901.0,905.0,125,14425,926.14,890.65,908.0
9004,2021-01-09 15:11:00,901.0,905.0,901.0,905.0,125,14425,926.14,890.65,908.0
9005,2021-01-09 15:12:00,901.0,905.0,901.0,905.0,125,14425,926.14,890.65,908.0
9006,2021-01-09 15:13:00,901.0,905.0,901.0,905.0,125,14425,926.14,890.65,908.0
9007,2021-01-09 15:14:00,901.0,905.0,901.0,905.0,125,14425,926.14,890.65,908.0
9008,2021-01-09 15:15:00,901.0,905.0,901.0,905.0,125,14425,926.14,890.65,908.0
9009,2021-01-09 15:16:00,901.0,905.0,901.0,905.0,125,14425,926.14,890.65,908.0
9010,2021-01-09 15:17:00,901.0,905.0,901.0,905.0,125,14425,926.14,890.65,908.0
9011,2021-01-09 15:18:00,901.0,905.0,901.0,905.0,125,14425,926.14,890.65,908.0
9012,2021-01-09 15:19:00,901.0,905.0,901.0,905.0,125,14425,926.14,890.65,908.0
9013,2021-01-09 15:20:00,901.0,905.0,901.0,905.0,125,14425,926.14,890.65,908.0
9014,2021-01-09 15:21:00,901.0,905.0,901.0,905.0,125,14425,926.14,890.65,908.0
9015,2021-01-09 15:22:00,901.0,905.0,901.0,905.0,125,14425,926.14,890.65,908.0
9016,2021-01-09 15:23:00,901.0,905.0,901.0,905.0,125,14425,926.14,890.65,908.0
9017,2021-01-09 15:24:00,901.0,905.0,901.0,905.0,125,14425,926.14,890.65,908.0
9018,2021-01-09 15:25:00,901.0,905.0,901.0,905.0,125,14425,926.14,890.65,908.0
9019,2021-01-09 15:26:00,901.0,905.0,901.0,905.0,125,14425,926.14,890.65,908.0
9020,2021-01-09 15:27:00,901.0,905.0,901.0,905.0,125,14425,926.14,890.65,908.0
9021,2021-01-09 15:28:00,901.0,905.0,901.0,905.0,125,14425,926.14,890.65,908.0
9022,2021-01-09 15:29:00,901.0,905.0,901.0,905.0,125,14425,926.14,890.65,908.0
9023,2021-01-09 15:30:00,901.0,905.0,901.0,905.0,125,14425,926.14,890.65,908.0
9024,2021-01-10 09:15:00,901.0,905.0,901.0,905.0,125,14425,926.14,890.65,908.0
9025,2021-01-10 09:16:00,901.0,905.0,901.0,905.0,125,14425,926.14,890.65,908.0
9026,2021-01-10 09:17:00,901.0,905.0,901.0,905.0,125,14425,926.14,890.65,908.0
9027,2021-01-10 09:18:00,901.0,905.0,901.0,905.0,125,14425,926.14,890.65,908.0
9028,2021-01-10 09:19:00,901.0,905.0,901.0,905.0,125,14425,926.14,890.65,908.0
9029,2021-01-10 09:20:00,901.0,905.0,901.0,905.0,125,14425,926.14,890.65,908.0
9030,2021-01-10 09:21:00,901.0,905.0,901.0,905.0,125,14425,926.14,890.65,908.0
9031,2021-01-10 09:22:00,901.0,905.0,901.0,905.0,125,14425,926.14,890.65,908.0
9032,2021-01-10 09:23:00,901.0,905.0,901.0,905.0,125,14425,926.14,890.65,908.0
9033,2021-01-10 09:24:00,901.0,905.0,901.0,905.0,125,14425,926.14,890.65,908.0
9034,2021-01-10 09:25:00,901.0,905.0,901.0,905.0,125,14425,926.14,890.65,908.0
9035,2021-01-10 09:26:00,901.0,905.0,901.0,905.0,125,14425,926.14,890.65,908.0
9036,2021-01-10 09:27:00,901.0,905.0,901.0,905.0,125,14425,926.14,890.65,908.0
9037,2021-01-10 09:28:00,901.0,905.0,901.0,905.0,125,14425,926.14,890.65,908.0
9038,2021-01-10 09:29:00,901.0,905.0,901.0,905.0,125,14425,926.14,890.65,908.0
9039,2021-01-10 09:30:00,901.0,905.0,901.0,905.0,125,14425,926.14,890.65,908.0
9040,2021-01-10 09:31:00,901.0,905.0,901.0,905.0,125,14425,926.14,890.65,908.0
9041,2021-01-10 09:32:00,901.0,905.0,901.0,905.0,125,14425,926.14,890.65,908.0
9042,2021-01-10 09:33:00,901.0,905.0,901.0,905.0,125,14425,926.14,890.65,908.0
9043,2021-01-10 09:34:00,901.0,905.0,901.0,905.0,125,14425,926.14,890.65,908.0
9044,2021-01-10 09:35:00,901.0,905.0,901.0,905.0,125,14425,926.14,890.65,908.0
9045,2021-01-10 09:36:00,901.0,905.0,901.0,905.0,125,14425,926.14,890.65,908.0
9046,2021-01-10 09:37:00,901.0,905.0,901.0,905.0,125,14425,926.14,890.65,908.0
9047,2021-01-10 09:38:00,901.0,905.0,901.0,905.0,125,14425,926.14,890.65,908.0
9048,2021-01-10 09:39:00,901.0,905.0,901.0,905.0,125,14425,926.14,890.65,908.0
9049,2021-01-10 09:40:00,901.0,905.0,901.0,905.0,125,14425,926.14,890.65,908.0
9050,2021-01-10 09:41:00,901.0,905.0,901.0,905.0,125,14425,926.14,890.65,908.0
9051,2021-01-10 09:42:00,901.0,905.0,901.0,905.0,125,14425,926.14,890.65,908.0
9052,2021-01-10 09:43:00,901.0,905.0,901.0,905.0,125,14425,926.14,890.65,908.0
9053,2021-01-10 09:44:00,901.0,905.0,901.0,905.0,125,14425,926.14,890.65,908.0
9054,2021-01-10 09:45:00,901.0,905.0,901.0,905.0,125,14425,926.14,890.65,908.0
9055,2021-01-10 09:46:00,901.0,905.0,901.0,905.0,125,14425,926.14,890.65,908.0
9056,2021-01-10 09:47:00,901.0,905.0,901.0,905.0,125,14425,926.14,890.65,908.0
9057,2021-01-10 09:48:00,901.0,905.0,901.0,905.0,125,14425,926.14,890.65,908.0
9058,2021-01-10 09:49:00,901.0,905.0,901.0,905.0,125,14425,926.14,890.65,908.0
9059,2021-01-10 09:50:00,901.0,905.0,901.0,905.0,125,14425,926.14,890.65,908.0
9060,2021-01-10 09:51:00,901.0,905.0,901.0,905.0,125,14425,926.14,890.65,908.0
9061,2021-01-10 09:52:00,901.0,905.0,901.0,905.0,125,14425,926.14,890.65,908.0
9062,2021-01-10 09:53:00,901.0,905.0,901.0,905.0,125,14425,926.14,890.65,908.0
9063,2021-01-10 09:54:00,901.0,905.0,901.0,905.0,125,14425,926.14,890.65,908.0
9064,2021-01-10 09:55:00,901.0,905.0,901.0,905.0,125,14425,926.14,890.65,908.0
9065,2021-01-10 09:56:00,901.0,905.0,901.0,905.0,125,14425,926.14,890.65,908.0
9066,2021-01-10 09:57:00,901.0,905.0,901.0,905.0,125,14425,926.14,890.65,908.0
9067,2021-01-10 09:58:00,901.0,905.0,901.0,905.0,125,14425,926.14,890.65,908.0
9068,2021-01-10 09:59:00,901.0,905.0,901.0,905.0,125,14425,926.14,890.65,908.0
9069,2021-01-10 10:00:00,901.0,905.0,901.0,905.0,125,14425,926.14,890.65,908.0
9070,2021-01-10 10:01:00,901.0,905.0,901.0,905.0,125,14425,926.14,890.65,908.0
9071,2021-01-10 10:02:00,901.0,905.0,901.0,905.0,125,14425,926.14,890.65,908.0
9072,2021-01-10 10:03:00,901.0,905.0,901.0,905.0,125,14425,926.14,890.65,908.0
9073,2021-01-10 10:04:00,901.0,905.0,901.0,905.0,125,14425,926.14,890.65,908.0
9074,2021-01-10 10:05:00,901.0,905.0,901.0,905.0,125,14425,926.14,890.65,908.0
9075,2021-01-10 10:06:00,901.0,905.0,901.0,905.0,125,14425,926.14,890.65,908.0
9076,2021-01-10 10:07:00,901.0,905.0,901.0,905.0,125,14425,926.14,890.65,908.0
9077,2021-01-10 10:08:00,901.0,905.0,901.0,905.0,125,14425,926.14,890.65,908.0
9078,2021-01-10 10:09:00,901.0,905.0,901.0,905.0,125,14425,926.14,890.65,908.0
9079,2021-01-10 10:10:00,901.0,905.0,901.0,905.0,125,14425,926.14,890.65,908.0
9080,2021-01-10 10:11:00,901.0,905.0,901.0,905.0,125,14425,926.14,890.65,908.0
9081,2021-01-10 10:12:00,901.0,905.0,901.0,905.0,125,14425,926.14,890.65,908.0
9082,2021-01-10 10:13:00,901.0,905.0,901.0,905.0,125,14425,926.14,890.65,908.0
9083,2021-01-10 10:14:00,901.0,905.0,901.0,905.0,125,14425,926.14,890.65,908.0
9084,2021-01-10 10:15:00,901.0,905.0,901.0,905.0,125,14425,926.14,890.65,908.0
9085,2021-01-10 10:16:00,901.0,905.0,901.0,905.0,125,14425,926.14,890.65,908.0
9086,2021-01-10 10:17:00,901.0,905.0,901.0,905.0,125,14425,926.14,890.65,908.0
9087,2021-01-10 10:18:00,901.0,905.0,901.0,905.0,125,14425,926.14,890.65,908.0
9088,2021-01-10 10:19:00,901.0,905.0,901.0,905.0,125,14425,926.14,890.65,908.0
9089,2021-01-10 10:20:00,901.0,905.0,901.0,905.0,125,14425,926.14,890.65,908.0
9090,2021-01-10 10:21:00,901.0,905.0,901.0,905.0,125,14425,926.14,890.65,908.0
9091,2021-01-10 10:22:00,901.0,905.0,901.0,905.0,125,14425,926.14,890.65,908.0
9092,2021-01-10 10:23:00,901.0,905.0,901.0,905.0,125,14425,926.14,890.65,908.0
9093,2021-01-10 10:24:00,901.0,905.0,901.0,905.0,125,14425,926.14,890.65,908.0
9094,2021-01-10 10:25:00,901.0,905.0,901.0,905.0,125,14425,926.14,890.65,908.0
9095,2021-01-10 10:26:00,901.0,905.0,901.0,905.0,125,14425,926.14,890.65,908.0
9096,2021-01-10 10:27:00,901.0,905.0,901.0,905.0,125,14425,926.14,890.65,908.0
9097,2021-01-10 10:28:00,901.0,905.0,901.0,905.0,125,14425,926.14,890.65,908.0
9098,2021-01-10 10:29:00,901.0,905.0,901.0,905.0,125,14425,926.14,890.65,908.0
9099,2021-01-10 10:30:00,901.0,905.0,901.0,905.0,125,14425,926.14,890.65,908.0
9100,2021-01-10 10:31:00,901.0,905.0,901.0,905.0,125,14425,926.14,890.65,908.0
9101,2021-01-10 10:32:00,901.0,905.0,901.0,905.0,125,14425,926.14,890.65,908.0
9102,2021-01-10 10:33:00,901.0,905.0,901.0,905.0,125,14425,926.14,890.65,908.0
9103,2021-01-10 10:34:00,901.0,905.0,901.0,905.0,125,14425,926.14,890.65,908.0
9104,2021-01-10 10:35:00,901.0,905.0,901.0,905.0,125,14425,926.14,890.65,908.0
9105,2021-01-10 10:36:00,901.0,905.0,901.0,905.0,125,14425,926.14,890.65,908.0
9106,2021-01-10 10:37:00,901.0,905.0,901.0,905.0,125,14425,926.14,890.65,908.0
9107,2021-01-10 10:38:00,901.0,905.0,901.0,905.0,125,14425,926.14,890.65,908.0
9108,2021-01-10 10:39:00,901.0,905.0,901.0,905.0,125,14425,926.14,890.65,908.0
9109,2021-01-10 10:40:00,901.0,905.0,901.0,905.0,125,14425,926.14,890.65,908.0
9110,2021-01-10 10:41:00,901.0,905.0,901.0,905.0,125,14425,926.14,890.65,908.0
9111,2021-01-10 10:42:00,901.0,905.0,901.0,905.0,125,14425,926.14,890.65,908.0
9112,2021-01-10 10:43:00,901.0,905.0,901.0,905.0,125,14425,926.14,890.65,908.0
9113,2021-01-10 10:44:00,901.0,905.0,901.0,905.0,125,14425,926.14,890.65,908.0
9114,2021-01-10 10:45:00,901.0,905.0,901.0,905.0,125,14425,926.14,890.65,908.0
9115,2021-01-10 10:46:00,901.0,905.0,901.0,905.0,125,14425,926.14,890.65,908.0
9116,2021-01-10 10:47:00,901.0,905.0,901.0,905.0,125,14425,926.14,890.65,908.0
9117,2021-01-10 10:48:00,901.0,905.0,901.0,905.0,125,14425,926.14,890.65,908.0
9118,2021-01-10 10:49:00,901.0,905.0,901.0,905.0,125,14425,926.14,890.65,908.0
9119,2021-01-10 10:50:00,901.0,905.0,901.0,905.0,125,14425,926.14,890.65,908.0
9120,2021-01-10 10:51:00,901.0,905.0,901.0,905.0,125,14425,926.14,890.65,908.0
9121,2021-01-10 10:52:00,901.0,905.0,901.0,905.0,125,14425,926.14,890.65,908.0
9122,2021-01-10 10:53:00,901.0,905.0,901.0,905.0,125,14425,926.14,890.65,908.0
9123,2021-01-10 10:54:00,901.0,905.0,901.0,905.0,125,14425,926.14,890.65,908.0
9124,2021-01-10 10:55:00,901.0,905.0,901.0,905.0,125,14425,926.14,890.65,908.0
9125,2021-01-10 10:56:00,901.0,905.0,901.0,905.0,125,14425,926.14,890.65,908.0
9126,2021-01-10 10:57:00,901.0,905.0,901.0,905.0,125,14425,926.14,890.65,908.0
9127,2021-01-10 10:58:00,901.0,905.0,901.0,905.0,125,14425,926.14,890.65,908.0
9128,2021-01-10 10:59:00,901.0,905.0,901.0,905.0,125,14425,926.14,890.65,908.0
9129,2021-01-10 11:00:00,901.0,905.0,901.0,905.0,125,14425,926.14,890.65,908.0
9130,2021-01-10 11:01:00,901.0,905.0,901.0,905.0,125,14425,926.14,890.65,908.0
9131,2021-01-10 11:02:00,901.0,905.0,901.0,905.0,125,14425,926.14,890.65,908.0
9132,2021-01-10 11:03:00,901.0,905.0,901.0,905.0,125,14425,926.14,890.65,908.0
9133,2021-01-10 11:04:00,901.0,905.0,901.0,905.0,125,14425,926.14,890.65,908.0
9134,2021-01-10 11:05:00,901.0,905.0,901.0,905.0,125,14425,926.14,890.65,908.0
9135,2021-01-10 11:06:00,901.0,905.0,901.0,905.0,125,14425,926.14,890.65,908.0
9136,2021-01-10 11:07:00,901.0,905.0,901.0,905.0,125,14425,926.14,890.65,908.0
9137,2021-01-10 11:08:00,901.0,905.0,901.0,905.0,125,14425,926.14,890.65,908.0
9138,2021-01-10 11:09:00,901.0,905.0,901.0,905.0,125,14425,926.14,890.65,908.0
9139,2021-01-10 11:10:00,901.0,905.0,901.0,905.0,125,14425,926.14,890.65,908.0
9140,2021-01-10 11:11:00,901.0,905.0,901.0,905.0,125,14425,926.14,890.65,908.0
9141,2021-01-10 11:12:00,901.0,905.0,901.0,905.0,125,14425,926.14,890.65,908.0
9142,2021-01-10 11:13:00,901.0,905.0,901.0,905.0,125,14425,926.14,890.65,908.0
9143,2021-01-10 11:14:00,901.0,905.0,901.0,905.0,125,14425,926.14,890.65,908.0
9144,2021-01-10 11:15:00,901.0,905.0,901.0,905.0,125,14425,926.14,890.65,908.0
9145,2021-01-10 11:16:00,901.0,905.0,901.0,905.0,125,14425,926.14,890.65,908.0
9146,2021-01-10 11:17:00,901.0,905.0,901.0,905.0,125,14425,926.14,890.65,908.0
9147,2021-01-10 11:18:00,901.0,905.0,901.0,905.0,125,14425,926.14,890.65,908.0
9148,2021-01-10 11:19:00,901.0,905.0,901.0,905.0,125,14425,926.14,890.65,908.0
9149,2021-01-10 11:20:00,901.0,905.0,901.0,905.0,125,14425,926.14,890.65,908.0
9150,2021-01-10 11:21:00,901.0,905.0,901.0,905.0,125,14425,926.14,890.65,908.0
9151,2021-01-10 11:22:00,901.0,905.0,901.0,905.0,125,14425,926.14,890.65,908.0
9152,2021-01-10 11:23:00,901.0,905.0,901.0,905.0,125,14425,926.14,890.65,908.0
9153,2021-01-10 11:24:00,901.0,905.0,901.0,905.0,125,14425,926.14,890.65,908.0
9154,2021-01-10 11:25:00,901.0,905.0,901.0,905.0,125,14425,926.14,890.65,908.0
9155,2021-01-10 11:26:00,901.0,905.0,901.0,905.0,125,14425,926.14,890.65,908.0
9156,2021-01-10 11:27:00,901.0,905.0,901.0,905.0,125,14425,926.14,890.65,908.0
9157,2021-01-10 11:28:00,901.0,905.0,901.0,905.0,125,14425,926.14,890.65,908.0
9158,2021-01-10 11:29:00,901.0,905.0,901.0,905.0,125,14425,926.14,890.65,908.0
9159,2021-01-10 11:30:00,901.0,905.0,901.0,905.0,125,14425,926.14,890.65,908.0
9160,2021-01-10 11:31:00,901.0,905.0,901.0,905.0,125,14425,926.14,890.65,908.0
9161,2021-01-10 11:32:00,901.0,905.0,901.0,905.0,125,14425,926.14,890.65,908.0
9162,2021-01-10 11:33:00,901.0,905.0,901.0,905.0,125,14425,926.14,890.65,908.0
9163,2021-01-10 11:34:00,901.0,905.0,901.0,905.0,125,14425,926.14,890.65,908.0
9164,2021-01-10 11:35:00,901.0,905.0,901.0,905.0,125,14425,926.14,890.65,908.0
9165,2021-01-10 11:36:00,901.0,905.0,901.0,905.0,125,14425,926.14,890.65,908.0
9166,2021-01-10 11:37:00,901.0,905.0,901.0,905.0,125,14425,926.14,890.65,908.0
9167,2021-01-10 11:38:00,901.0,905.0,901.0,905.0,125,14425,926.14,890.65,908.0
9168,2021-01-10 11:39:00,901.0,905.0,901.0,905.0,125,14425,926.14,890.65,908.0
9169,2021-01-10 11:40:00,901.0,905.0,901.0,905.0,125,14425,926.14,890.65,908.0
9170,2021-01-10 11:41:00,901.0,905.0,901.0,905.0,125,14425,926.14,890.65,908.0
9171,2021-01-10 11:42:00,901.0,905.0,901.0,905.0,125,14425,926.14,890.65,908.0
9172,2021-01-10 11:43:00,901.0,905.0,901.0,905.0,125,14425,926.14,890.65,908.0
9173,2021-01-10 11:44:00,901.0,905.0,901.0,905.0,125,14425,926.14,890.65,908.0
9174,2021-01-10 11:45:00,901.0,905.0,901.0,905.0,125,14425,926.14,890.65,908.0
9175,2021-01-10 11:46:00,901.0,905.0,901.0,905.0,125,14425,926.14,890.65,908.0
9176,2021-01-10 11:47:00,901.0,905.0,901.0,905.0,125,14425,926.14,890.65,908.0
9177,2021-01-10 11:48:00,901.0,905.0,901.0,905.0,125,14425,926.14,890.65,908.0
9178,2021-01-10 11:49:00,901.0,905.0,901.0,905.0,125,14425,926.14,890.65,908.0
9179,2021-01-10 11:50:00,901.0,905.0,901.0,905.0,125,14425,926.14,890.65,908.0
9180,2021-01-10 11:51:00,901.0,905.0,901.0,905.0,125,14425,926.14,890.65,908.0
9181,2021-01-10 11:52:00,901.0,905.0,901.0,905.0,125,14425,926.14,890.65,908.0
9182,2021-01-10 11:53:00,901.0,905.0,901.0,905.0,125,14425,926.14,890.65,908.0
9183,2021-01-10 11:54:00,901.0,905.0,901.0,905.0,125,14425,926.14,890.65,908.0
9184,2021-01-10 11:55:00,901.0,905.0,901.0,905.0,125,14425,926.14,890.65,908.0
9185,2021-01-10 11:56:00,901.0,905.0,901.0,905.0,125,14425,926.14,890.65,908.0
9186,2021-01-10 11:57:00,901.0,905.0,901.0,905.0,125,14425,926.14,890.65,908.0
9187,2021-01-10 11:58:00,901.0,905.0,901.0,905.0,125,14425,926.14,890.65,908.0
9188,2021-01-10 11:59:00,901.0,905.0,901.0,905.0,125,14425,926.14,890.65,908.0
9189,2021-01-10 12:00:00,901.0,905.0,901.0,905.0,125,14425,926.14,890.65,908.0
9190,2021-01-10 12:01:00,901.0,905.0,901.0,905.0,125,14425,926.14,890.65,908.0
9191,2021-01-10 12:02:00,901.0,905.0,901.0,905.0,125,14425,926.14,890.65,908.0
9192,2021-01-10 12:03:00,901.0,905.0,901.0,905.0,125,14425,926.14,890.65,908.0
9193,2021-01-10 12:04:00,901.0,905.0,901.0,905.0,125,14425,926.14,890.65,908.0
9194,2021-01-10 12:05:00,901.0,905.0,901.0,905.0,125,14425,926.14,890.65,908.0
9195,2021-01-10 12:06:00,901.0,905.0,901.0,905.0,125,14425,926.14,890.65,908.0
9196,2021-01-10 12:07:00,901.0,905.0,901.0,905.0,125,14425,926.14,890.65,908.0
9197,2021-01-10 12:08:00,901.0,905.0,901.0,905.0,125,14425,926.14,890.65,908.0
9198,2021-01-10 12:09:00,901.0,905.0,901.0,905.0,125,14425,926.14,890.65,908.0
9199,2021-01-10 12:10:00,901.0,905.0,901.0,905.0,125,14425,926.14,890.65,908.0
9200,2021-01-10 12:11:00,901.0,905.0,901.0,905.0,125,14425,926.14,890.65,908.0
9201,2021-01-10 12:12:00,901.0,905.0,901.0,905.0,125,14425,926.14,890.65,908.0
9202,2021-01-10 12:13:00,901.0,905.0,901.0,905.0,125,14425,926.14,890.65,908.0
9203,2021-01-10 12:14:00,901.0,905.0,901.0,905.0,125,14425,926.14,890.65,908.0
9204,2021-01-10 12:15:00,901.0,905.0,901.0,905.0,125,14425,926.14,890.65,908.0
9205,2021-01-10 12:16:00,901.0,905.0,901.0,905.0,125,14425,926.14,890.65,908.0
9206,2021-01-10 12:17:00,901.0,905.0,901.0,905.0,125,14425,926.14,890.65,908.0
9207,2021-01-10 12:18:00,901.0,905.0,901.0,905.0,125,14425,926.14,890.65,908.0
9208,2021-01-10 12:19:00,901.0,905.0,901.0,905.0,125,14425,926.14,890.65,908.0
9209,2021-01-10 12:20:00,901.0,905.0,901.0,905.0,125,14425,926.14,890.65,908.0
9210,2021-01-10 12:21:00,901.0,905.0,901.0,905.0,125,14425,926.14,890.65,908.0
9211,2021-01-10 12:22:00,901.0,905.0,901.0,905.0,125,14425,926.14,890.65,908.0
9212,2021-01-10 12:23:00,901.0,905.0,901.0,905.0,125,14425,926.14,890.65,908.0
9213,2021-01-10 12:24:00,901.0,905.0,901.0,905.0,125,14425,926.14,890.65,908.0
9214,2021-01-10 12:25:00,901.0,905.0,901.0,905.0,125,14425,926.14,890.65,908.0
9215,2021-01-10 12:26:00,901.0,905.0,901.0,905.0,125,14425,926.14,890.65,908.0
9216,2021-01-10 12:27:00,901.0,905.0,901.0,905.0,125,14425,926.14,890.65,908.0
9217,2021-01-10 12:28:00,901.0,905.0,901.0,905.0,125,14425,926.14,890.65,908.0
9218,2021-01-10 12:29:00,901.0,905.0,901.0,905.0,125,14425,926.14,890.65,908.0
9219,2021-01-10 12:30:00,901.0,905.0,901.0,905.0,125,14425,926.14,890.65,908.0
9220,2021-01-10 12:31:00,901.0,905.0,901.0,905.0,125,14425,926.14,890.65,908.0
9221,2021-01-10 12:32:00,901.0,905.0,901.0,905.0,125,14425,926.14,890.65,908.0
9222,2021-01-10 12:33:00,901.0,905.0,901.0,905.0,125,14425,926.14,890.65,908.0
9223,2021-01-10 12:34:00,901.0,905.0,901.0,905.0,125,14425,926.14,890.65,908.0
9224,2021-01-10 12:35:00,901.0,905.0,901.0,905.0,125,14425,926.14,890.65,908.0
9225,2021-01-10 12:36:00,901.0,905.0,901.0,905.0,125,14425,926.14,890.65,908.0
9226,2021-01-10 12:37:00,901.0,905.0,901.0,905.0,125,14425,926.14,890.65,908.0
9227,2021-01-10 12:38:00,901.0,905.0,901.0,905.0,125,14425,926.14,890.65,908.0
9228,2021-01-10 12:39:00,901.0,905.0,901.0,905.0,125,14425,926.14,890.65,908.0
9229,2021-01-10 12:40:00,901.0,905.0,901.0,905.0,125,14425,926.14,890.65,908.0
9230,2021-01-10 12:41:00,901.0,905.0,901.0,905.0,125,14425,926.14,890.65,908.0
9231,2021-01-10 12:42:00,901.0,905.0,901.0,905.0,125,14425,926.14,890.65,908.0
9232,2021-01-10 12:43:00,901.0,905.0,901.0,905.0,125,14425,926.14,890.65,908.0
9233,2021-01-10 12:44:00,901.0,905.0,901.0,905.0,125,14425,926.14,890.65,908.0
9234,2021-01-10 12:45:00,901.0,905.0,901.0,905.0,125,14425,926.14,890.65,908.0
9235,2021-01-10 12:46:00,901.0,905.0,901.0,905.0,125,14425,926.14,890.65,908.0
9236,2021-01-10 12:47:00,901.0,905.0,901.0,905.0,125,14425,926.14,890.65,908.0
9237,2021-01-10 12:48:00,901.0,905.0,901.0,905.0,125,14425,926.14,890.65,908.0
9238,2021-01-10 12:49:00,901.0,905.0,901.0,905.0,125,14425,926.14,890.65,908.0
9239,2021-01-10 12:50:00,901.0,905.0,901.0,905.0,125,14425,926.14,890.65,908.0
9240,2021-01-10 12:51:00,901.0,905.0,901.0,905.0,125,14425,926.14,890.65,908.0
9241,2021-01-10 12:52:00,901.0,905.0,901.0,905.0,125,14425,926.14,890.65,908.0
9242,2021-01-10 12:53:00,901.0,905.0,901.0,905.0,125,14425,926.14,890.65,908.0
9243,2021-01-10 12:54:00,901.0,905.0,901.0,905.0,125,14425,926.14,890.65,908.0
9244,2021-01-10 12:55:00,901.0,905.0,901.0,905.0,125,14425,926.14,890.65,908.0
9245,2021-01-10 12:56:00,901.0,905.0,901.0,905.0,125,14425,926.14,890.65,908.0
9246,2021-01-10 12:57:00,901.0,905.0,901.0,905.0,125,14425,926.14,890.65,908.0
9247,2021-01-10 12:58:00,901.0,905.0,901.0,905.0,125,14425,926.14,890.65,908.0
9248,2021-01-10 12:59:00,901.0,905.0,901.0,905.0,125,14425,926.14,890.65,908.0
9249,2021-01-10 13:00:00,901.0,905.0,901.0,905.0,125,14425,926.14,890.65,908.0
9250,2021-01-10 13:01:00,901.0,905.0,901.0,905.0,125,14425,926.14,890.65,908.0
9251,2021-01-10 13:02:00,901.0,905.0,901.0,905.0,125,14425,926.14,890.65,908.0
9252,2021-01-10 13:03:00,901.0,905.0,901.0,905.0,125,14425,926.14,890.65,908.0
9253,2021-01-10 13:04:00,901.0,905.0,901.0,905.0,125,14425,926.14,890.65,908.0
9254,2021-01-10 13:05:00,901.0,905.0,901.0,905.0,125,14425,926.14,890.65,908.0
9255,2021-01-10 13:06:00,901.0,905.0,901.0,905.0,125,14425,926.14,890.65,908.0
9256,2021-01-10 13:07:00,901.0,905.0,901.0,905.0,125,14425,926.14,890.65,908.0
9257,2021-01-10 13:08:00,901.0,905.0,901.0,905.0,125,14425,926.14,890.65,908.0
9258,2021-01-10 13:09:00,901.0,905.0,901.0,905.0,125,14425,926.14,890.65,908.0
9259,2021-01-10 13:10:00,901.0,905.0,901.0,905.0,125,14425,926.14,890.65,908.0
9260,2021-01-10 13:11:00,901.0,905.0,901.0,905.0,125,14425,926.14,890.65,908.0
9261,2021-01-10 13:12:00,901.0,905.0,901.0,905.0,125,14425,926.14,890.65,908.0
9262,2021-01-10 13:13:00,901.0,905.0,901.0,905.0,125,14425,926.14,890.65,908.0
9263,2021-01-10 13:14:00,901.0,905.0,901.0,905.0,125,14425,926.14,890.65,908.0
9264,2021-01-10 13:15:00,901.0,905.0,901.0,905.0,125,14425,926.14,890.65,908.0
9265,2021-01-10 13:16:00,901.0,905.0,901.0,905.0,125,14425,926.14,890.65,908.0
9266,2021-01-10 13:17:00,901.0,905.0,901.0,905.0,125,14425,926.14,890.65,908.0
9267,2021-01-10 13:18:00,901.0,905.0,901.0,905.0,125,14425,926.14,890.65,908.0
9268,2021-01-10 13:19:00,901.0,905.0,901.0,905.0,125,14425,926.14,890.65,908.0
9269,2021-01-10 13:20:00,901.0,905.0,901.0,905.0,125,14425,926.14,890.65,908.0
9270,2021-01-10 13:21:00,901.0,905.0,901.0,905.0,125,14425,926.14,890.65,908.0
9271,2021-01-10 13:22:00,901.0,905.0,901.0,905.0,125,14425,926.14,890.65,908.0
9272,2021-01-10 13:23:00,901.0,905.0,901.0,905.0,125,14425,926.14,890.65,908.0
9273,2021-01-10 13:24:00,901.0,905.0,901.0,905.0,125,14425,926.14,890.65,908.0
9274,2021-01-10 13:25:00,901.0,905.0,901.0,905.0,125,14425,926.14,890.65,908.0
9275,2021-01-10 13:26:00,901.0,905.0,901.0,905.0,125,14425,926.14,890.65,908.0
9276,2021-01-10 13:27:00,901.0,905.0,901.0,905.0,125,14425,926.14,890.65,908.0
9277,2021-01-10 13:28:00,901.0,905.0,901.0,905.0,125,14425,926.14,890.65,908.0
9278,2021-01-10 13:29:00,901.0,905.0,901.0,905.0,125,14425,926.14,890.65,908.0
9279,2021-01-10 13:30:00,901.0,905.0,901.0,905.0,125,14425,926.14,890.65,908.0
9280,2021-01-10 13:31:00,901.0,905.0,901.0,905.0,125,14425,926.14,890.65,908.0
9281,2021-01-10 13:32:00,901.0,905.0,901.0,905.0,125,14425,926.14,890.65,908.0
9282,2021-01-10 13:33:00,901.0,905.0,901.0,905.0,125,14425,926.14,890.65,908.0
9283,2021-01-10 13:34:00,901.0,905.0,901.0,905.0,125,14425,926.14,890.65,908.0
9284,2021-01-10 13:35:00,901.0,905.0,901.0,905.0,125,14425,926.14,890.65,908.0
9285,2021-01-10 13:36:00,901.0,905.0,901.0,905.0,125,14425,926.14,890.65,908.0
9286,2021-01-10 13:37:00,901.0,905.0,901.0,905.0,125,14425,926.14,890.65,908.0
9287,2021-01-10 13:38:00,901.0,905.0,901.0,905.0,125,14425,926.14,890.65,908.0
9288,2021-01-10 13:39:00,901.0,905.0,901.0,905.0,125,14425,926.14,890.65,908.0
9289,2021-01-10 13:40:00,901.0,905.0,901.0,905.0,125,14425,926.14,890.65,908.0
9290,2021-01-10 13:41:00,901.0,905.0,901.0,905.0,125,14425,926.14,890.65,908.0
9291,2021-01-10 13:42:00,901.0,905.0,901.0,905.0,125,14425,926.14,890.65,908.0
9292,2021-01-10 13:43:00,901.0,905.0,901.0,905.0,125,14425,926.14,890.65,908.0
9293,2021-01-10 13:44:00,901.0,905.0,901.0,905.0,125,14425,926.14,890.65,908.0
9294,2021-01-10 13:45:00,901.0,905.0,901.0,905.0,125,14425,926.14,890.65,908.0
9295,2021-01-10 13:46:00,901.0,905.0,901.0,905.0,125,14425,926.14,890.65,908.0
9296,2021-01-10 13:47:00,901.0,905.0,901.0,905.0,125,14425,926.14,890.65,908.0
9297,2021-01-10 13:48:00,901.0,905.0,901.0,905.0,125,14425,926.14,890.65,908.0
9298,2021-01-10 13:49:00,901.0,905.0,901.0,905.0,125,14425,926.14,890.65,908.0
9299,2021-01-10 13:50:00,901.0,905.0,901.0,905.0,125,14425,926.14,890.65,908.0
9300,2021-01-10 13:51:00,901.0,905.0,901.0,905.0,125,14425,926.14,890.65,908.0
9301,2021-01-10 13:52:00,901.0,905.0,901.0,905.0,125,14425,926.14,890.65,908.0
9302,2021-01-10 13:53:00,901.0,905.0,901.0,905.0,125,14425,926.14,890.65,908.0
9303,2021-01-10 13:54:00,901.0,905.0,901.0,905.0,125,14425,926.14,890.65,908.0
9304,2021-01-10 13:55:00,901.0,905.0,901.0,905.0,125,14425,926.14,890.65,908.0
9305,2021-01-10 13:56:00,901.0,905.0,901.0,905.0,125,14425,926.14,890.65,908.0
9306,2021-01-10 13:57:00,901.0,905.0,901.0,905.0,125,14425,926.14,890.65,908.0
9307,2021-01-10 13:58:00,901.0,905.0,901.0,905.0,125,14425,926.14,890.65,908.0
9308,2021-01-10 13:59:00,901.0,905.0,901.0,905.0,125,14425,926.14,890.65,908.0
9309,2021-01-10 14:00:00,901.0,905.0,901.0,905.0,125,14425,926.14,890.65,908.0
9310,2021-01-10 14:01:00,901.0,905.0,901.0,905.0,125,14425,926.14,890.65,908.0
9311,2021-01-10 14:02:00,901.0,905.0,901.0,905.0,125,14425,926.14,890.65,908.0
9312,2021-01-10 14:03:00,901.0,905.0,901.0,905.0,125,14425,926.14,890.65,908.0
9313,2021-01-10 14:04:00,901.0,905.0,901.0,905.0,125,14425,926.14,890.65,908.0
9314,2021-01-10 14:05:00,901.0,905.0,901.0,905.0,125,14425,926.14,890.65,908.0
9315,2021-01-10 14:06:00,901.0,905.0,901.0,905.0,125,14425,926.14,890.65,908.0
9316,2021-01-10 14:07:00,901.0,905.0,901.0,905.0,125,14425,926.14,890.65,908.0
9317,2021-01-10 14:08:00,901.0,905.0,901.0,905.0,125,14425,926.14,890.65,908.0
9318,2021-01-10 14:09:00,901.0,905.0,901.0,905.0,125,14425,926.14,890.65,908.0
9319,2021-01-10 14:10:00,901.0,905.0,901.0,905.0,125,14425,926.14,890.65,908.0
9320,2021-01-10 14:11:00,901.0,905.0,901.0,905.0,125,14425,926.14,890.65,908.0
9321,2021-01-10 14:12:00,901.0,905.0,901.0,905.0,125,14425,926.14,890.65,908.0
9322,2021-01-10 14:13:00,901.0,905.0,901.0,905.0,125,14425,926.14,890.65,908.0
9323,2021-01-10 14:14:00,901.0,905.0,901.0,905.0,125,14425,926.14,890.65,908.0
9324,2021-01-10 14:15:00,901.0,905.0,901.0,905.0,125,14425,926.14,890.65,908.0
9325,2021-01-10 14:16:00,901.0,905.0,901.0,905.0,125,14425,926.14,890.65,908.0
9326,2021-01-10 14:17:00,901.0,905.0,901.0,905.0,125,14425,926.14,890.65,908.0
9327,2021-01-10 14:18:00,901.0,905.0,901.0,905.0,125,14425,926.14,890.65,908.0
9328,2021-01-10 14:19:00,901.0,905.0,901.0,905.0,125,14425,926.14,890.65,908.0
9329,2021-01-10 14:20:00,901.0,905.0,901.0,905.0,125,14425,926.14,890.65,908.0
9330,2021-01-10 14:21:00,901.0,905.0,901.0,905.0,125,14425,926.14,890.65,908.0
9331,2021-01-10 14:22:00,901.0,905.0,901.0,905.0,125,14425,926.14,890.65,908.0
9332,2021-01-10 14:23:00,901.0,905.0,901.0,905.0,125,14425,926.14,890.65,908.0
9333,2021-01-10 14:24:00,901.0,905.0,901.0,905.0,125,14425,926.14,890.65,908.0
9334,2021-01-10 14:25:00,901.0,905.0,901.0,905.0,125,14425,926.14,890.65,908.0
9335,2021-01-10 14:26:00,901.0,905.0,901.0,905.0,125,14425,926.14,890.65,908.0
9336,2021-01-10 14:27:00,901.0,905.0,901.0,905.0,125,14425,926.14,890.65,908.0
9337,2021-01-10 14:28:00,901.0,905.0,901.0,905.0,125,14425,926.14,890.65,908.0
9338,2021-01-10 14:29:00,901.0,905.0,901.0,905.0,125,14425,926.14,890.65,908.0
9339,2021-01-10 14:30:00,901.0,905.0,901.0,905.0,125,14425,926.14,890.65,908.0
9340,2021-01-10 14:31:00,901.0,905.0,901.0,905.0,125,14425,926.14,890.65,908.0
9341,2021-01-10 14:32:00,901.0,905.0,901.0,905.0,125,14425,926.14,890.65,908.0
9342,2021-01-10 14:33:00,901.0,905.0,901.0,905.0,125,14425,926.14,890.65,908.0
9343,2021-01-10 14:34:00,901.0,905.0,901.0,905.0,125,14425,926.14,890.65,908.0
9344,2021-01-10 14:35:00,901.0,905.0,901.0,905.0,125,14425,926.14,890.65,908.0
9345,2021-01-10 14:36:00,901.0,905.0,901.0,905.0,125,14425,926.14,890.65,908.0
9346,2021-01-10 14:37:00,901.0,905.0,901.0,905.0,125,14425,926.14,890.65,908.0
9347,2021-01-10 14:38:00,901.0,905.0,901.0,905.0,125,14425,926.14,890.65,908.0
9348,2021-01-10 14:39:00,901.0,905.0,901.0,905.0,125,14425,926.14,890.65,908.0
9349,2021-01-10 14:40:00,901.0,905.0,901.0,905.0,125,14425,926.14,890.65,908.0
9350,2021-01-10 14:41:00,901.0,905.0,901.0,905.0,125,14425,926.14,890.65,908.0
9351,2021-01-10 14:42:00,901.0,905.0,901.0,905.0,125,14425,926.14,890.65,908.0
9352,2021-01-10 14:43:00,901.0,905.0,901.0,905.0,125,14425,926.14,890.65,908.0
9353,2021-01-10 14:44:00,901.0,905.0,901.0,905.0,125,14425,926.14,890.65,908.0
9354,2021-01-10 14:45:00,901.0,905.0,901.0,905.0,125,14425,926.14,890.65,908.0
9355,2021-01-10 14:46:00,901.0,905.0,901.0,905.0,125,14425,926.14,890.65,908.0
9356,2021-01-10 14:47:00,901.0,905.0,901.0,905.0,125,14425,926.14,890.65,908.0
9357,2021-01-10 14:48:00,901.0,905.0,901.0,905.0,125,14425,926.14,890.65,908.0
9358,2021-01-10 14:49:00,901.0,905.0,901.0,905.0,125,14425,926.14,890.65,908.0
9359,2021-01-10 14:50:00,901.0,905.0,901.0,905.0,125,14425,926.14,890.65,908.0
9360,2021-01-10 14:51:00,901.0,905.0,901.0,905.0,125,14425,926.14,890.65,908.0
9361,2021-01-10 14:52:00,901.0,905.0,901.0,905.0,125,14425,926.14,890.65,908.0
9362,2021-01-10 14:53:00,901.0,905.0,901.0,905.0,125,14425,926.14,890.65,908.0
9363,2021-01-10 14:54:00,901.0,905.0,901.0,905.0,125,14425,926.14,890.65,908.0
9364,2021-01-10 14:55:00,901.0,905.0,901.0,905.0,125,14425,926.14,890.65,908.0
9365,2021-01-10 14:56:00,901.0,905.0,901.0,905.0,125,14425,926.14,890.65,908.0
9366,2021-01-10 14:57:00,901.0,905.0,901.0,905.0,125,14425,926.14,890.65,908.0
9367,2021-01-10 14:58:00,901.0,905.0,901.0,905.0,125,14425,926.14,890.65,908.0
9368,2021-01-10 14:59:00,901.0,905.0,901.0,905.0,125,14425,926.14,890.65,908.0
9369,2021-01-10 15:00:00,901.0,905.0,901.0,905.0,125,14425,926.14,890.65,908.0
9370,2021-01-10 15:01:00,901.0,905.0,901.0,905.0,125,14425,926.14,890.65,908.0
9371,2021-01-10 15:02:00,901.0,905.0,901.0,905.0,125,14425,926.14,890.65,908.0
9372,2021-01-10 15:03:00,901.0,905.0,901.0,905.0,125,14425,926.14,890.65,908.0
9373,2021-01-10 15:04:00,901.0,905.0,901.0,905.0,125,14425,926.14,890.65,908.0
9374,2021-01-10 15:05:00,901.0,905.0,901.0,905.0,125,14425,926.14,890.65,908.0
9375,2021-01-10 15:06:00,901.0,905.0,901.0,905.0,125,14425,926.14,890.65,908.0
9376,2021-01-10 15:07:00,901.0,905.0,901.0,905.0,125,14425,926.14,890.65,908.0
9377,2021-01-10 15:08:00,901.0,905.0,901.0,905.0,125,14425,926.14,890.65,908.0
9378,2021-01-10 15:09:00,901.0,905.0,901.0,905.0,125,14425,926.14,890.65,908.0
9379,2021-01-10 15:10:00,901.0,905.0,901.0,905.0,125,14425,926.14,890.65,908.0
9380,2021-01-10 15:11:00,901.0,905.0,901.0,905.0,125,14425,926.14,890.65,908.0
9381,2021-01-10 15:12:00,901.0,905.0,901.0,905.0,125,14425,926.14,890.65,908.0
9382,2021-01-10 15:13:00,901.0,905.0,901.0,905.0,125,14425,926.14,890.65,908.0
9383,2021-01-10 15:14:00,901.0,905.0,901.0,905.0,125,14425,926.14,890.65,908.0
9384,2021-01-10 15:15:00,901.0,905.0,901.0,905.0,125,14425,926.14,890.65,908.0
9385,2021-01-10 15:16:00,901.0,905.0,901.0,905.0,125,14425,926.14,890.65,908.0
9386,2021-01-10 15:17:00,901.0,905.0,901.0,905.0,125,14425,926.14,890.65,908.0
9387,2021-01-10 15:18:00,901.0,905.0,901.0,905.0,125,14425,926.14,890.65,908.0
9388,2021-01-10 15:19:00,901.0,905.0,901.0,905.0,125,14425,926.14,890.65,908.0
9389,2021-01-10 15:20:00,901.0,905.0,901.0,905.0,125,14425,926.14,890.65,908.0
9390,2021-01-10 15:21:00,901.0,905.0,901.0,905.0,125,14425,926.14,890.65,908.0
9391,2021-01-10 15:22:00,901.0,905.0,901.0,905.0,125,14425,926.14,890.65,908.0
9392,2021-01-10 15:23:00,901.0,905.0,901.0,905.0,125,14425,926.14,890.65,908.0
9393,2021-01-10 15:24:00,901.0,905.0,901.0,905.0,125,14425,926.14,890.65,908.0
9394,2021-01-10 15:25:00,901.0,905.0,901.0,905.0,125,14425,926.14,890.65,908.0
9395,2021-01-10 15:26:00,901.0,905.0,901.0,905.0,125,14425,926.14,890.65,908.0
9396,2021-01-10 15:27:00,901.0,905.0,901.0,905.0,125,14425,926.14,890.65,908.0
9397,2021-01-10 15:28:00,901.0,905.0,901.0,905.0,125,14425,926.14,890.65,908.0
9398,2021-01-10 15:29:00,901.0,905.0,901.0,905.0,125,14425,926.14,890.65,908.0
9399,2021-01-10 15:30:00,901.0,905.0,901.0,905.0,125,14425,926.14,890.65,908.0
9400,2021-01-11 09:15:00,971.4,971.4,862.4,903.1,150,14425,901.65,887.75,904.25
9401,2021-01-11 09:16:00,895.3,914.05,895.3,899.9,225,14425,901.5,888.7,904.05
9402,2021-01-11 09:17:00,864.3,864.3,864.3,864.3,100,14450,895.11,864.65,877.6
9403,2021-01-11 09:18:00,864.3,864.3,864.3,864.3,100,14450,895.11,864.65,877.6
9404,2021-01-11 09:19:00,882.25,886.45,882.25,886.45,200,14450,891.42,883.9,897.4
9405,2021-01-11 09:20:00,895.45,895.45,895.45,895.45,25,14425,891.56,883.95,894.9
9406,2021-01-11 09:21:00,892.3,892.3,883.9,883.9,50,14425,891.33,870.8,881.9
9407,2021-01-11 09:22:00,892.3,892.3,883.9,883.9,50,14425,891.33,870.8,881.9
9408,2021-01-11 09:23:00,892.3,892.3,883.9,883.9,50,14425,891.33,870.8,881.9
9409,2021-01-11 09:24:00,892.3,892.3,883.9,883.9,50,14425,891.33,870.8,881.9
9410,2021-01-11 09:25:00,905.15,905.15,899.3,899.3,50,14425,892.01,901.45,914.75
9411,2021-01-11 09:26:00,905.15,905.15,899.3,899.3,50,14425,892.01,901.45,914.75
9412,2021-01-11 09:27:00,908.95,909.0,908.95,909.0,50,14375,893.01,902.0,915.45
9413,2021-01-11 09:28:00,905.15,908.3,905.15,908.3,50,14375,893.77,918.45,929.55
9414,2021-01-11 09:29:00,929.55,929.55,929.55,929.55,25,14375,894.74,928.8,937.95
9415,2021-01-11 09:30:00,937.95,952.1,937.95,952.1,150,14325,901.76,934.25,950.2
9416,2021-01-11 09:31:00,929.5,929.5,929.5,929.5,25,14325,902.39,929.5,938.7
9417,2021-01-11 09:32:00,929.5,929.5,929.5,929.5,25,14325,902.99,923.75,938.7
9418,2021-01-11 09:33:00,929.5,929.5,929.5,929.5,25,14325,902.99,923.75,938.7
9419,2021-01-11 09:34:00,929.5,929.5,929.5,929.5,25,14325,902.99,923.75,938.7
9420,2021-01-11 09:35:00,913.75,913.75,913.75,913.75,25,14325,903.22,904.3,912.7
9421,2021-01-11 09:36:00,918.45,918.45,918.45,918.45,25,14325,903.55,914.25,921.85
9422,2021-01-11 09:37:00,918.45,918.45,918.45,918.45,25,14325,903.55,914.25,921.85
9423,2021-01-11 09:38:00,923.85,923.85,923.85,923.85,25,14325,903.97,916.2,924.75
9424,2021-01-11 09:39:00,907.6,907.6,907.6,907.6,25,14325,904.05,904.85,915.35
9425,2021-01-11 09:40:00,912.2,912.2,912.2,912.2,25,14325,904.21,909.45,917.95
9426,2021-01-11 09:41:00,912.2,912.2,912.2,912.2,25,14325,904.21,909.45,917.95
9427,2021-01-11 09:42:00,909.8,909.8,909.8,909.8,25,14325,904.32,900.1,907.0
9428,2021-01-11 09:43:00,909.8,909.8,909.8,909.8,25,14325,904.32,900.1,907.0
9429,2021-01-11 09:44:00,919.65,919.65,919.65,919.65,25,14325,904.61,907.85,914.4
9430,2021-01-11 09:45:00,913.5,913.5,913.5,913.5,25,14375,904.78,905.95,914.3
9431,2021-01-11 09:46:00,913.5,913.5,913.5,913.5,25,14375,904.78,905.95,914.3
9432,2021-01-11 09:47:00,895.3,895.3,895.3,895.3,25,14400,904.6,903.2,910.45
9433,2021-01-11 09:48:00,907.0,907.0,907.0,907.0,25,14400,904.65,902.75,910.65
9434,2021-01-11 09:49:00,907.0,907.0,907.0,907.0,25,14400,904.65,902.75,910.65
9435,2021-01-11 09:50:00,902.15,902.15,895.4,895.4,50,14375,904.44,891.55,899.45
9436,2021-01-11 09:51:00,907.2,907.2,907.2,907.2,25,14375,904.49,903.5,912.15
9437,2021-01-11 09:52:00,907.2,907.2,907.2,907.2,25,14375,904.49,903.5,912.15
9438,2021-01-11 09:53:00,921.4,922.0,915.45,922.0,75,14375,905.23,919.75,926.9
9439,2021-01-11 09:54:00,918.55,918.55,918.55,918.55,50,14375,905.65,912.25,921.45
9440,2021-01-11 09:55:00,918.55,918.55,918.55,918.55,50,14375,905.65,912.25,921.45
9441,2021-01-11 09:56:00,936.0,936.0,936.0,936.0,25,14350,906.13,928.05,935.15
9442,2021-01-11 09:57:00,936.0,936.0,936.0,936.0,25,14350,906.13,928.05,935.15
9443,2021-01-11 09:58:00,937.0,937.0,937.0,937.0,25,14350,906.6,917.75,927.4
9444,2021-01-11 09:59:00,937.0,937.0,937.0,937.0,25,14350,906.6,917.75,927.4
9445,2021-01-11 10:00:00,924.75,924.75,924.75,924.75,25,14375,906.88,914.25,922.35
9446,2021-01-11 10:01:00,914.35,914.35,914.35,914.35,25,14375,906.99,908.55,919.4
9447,2021-01-11 10:02:00,921.1,921.1,921.1,921.1,25,14375,907.2,917.25,926.85
9448,2021-01-11 10:03:00,921.1,921.1,921.1,921.1,25,14375,907.2,917.25,926.85
9449,2021-01-11 10:04:00,919.75,919.75,919.75,919.75,25,14375,907.38,914.15,922.75
9450,2021-01-11 10:05:00,919.75,919.75,919.75,919.75,25,14375,907.38,914.15,922.75
9451,2021-01-11 10:06:00,905.0,905.0,905.0,905.0,25,14375,907.35,895.15,906.25
9452,2021-01-11 10:07:00,898.25,898.25,898.25,898.25,25,14375,907.22,898.05,906.25
9453,2021-01-11 10:08:00,898.25,898.25,898.25,898.25,50,14375,906.97,890.75,899.25
9454,2021-01-11 10:09:00,898.25,898.25,898.25,898.25,50,14375,906.97,890.75,899.25
9455,2021-01-11 10:10:00,898.25,898.25,898.25,898.25,50,14375,906.97,890.75,899.25
9456,2021-01-11 10:11:00,898.25,898.25,898.25,898.25,50,14375,906.97,890.75,899.25
9457,2021-01-11 10:12:00,898.25,898.25,898.25,898.25,50,14375,906.97,890.75,899.25
9458,2021-01-11 10:13:00,898.25,898.25,898.25,898.25,50,14375,906.97,890.75,899.25
9459,2021-01-11 10:14:00,898.25,898.25,898.25,898.25,50,14375,906.97,890.75,899.25
9460,2021-01-11 10:15:00,898.25,898.25,898.25,898.25,50,14375,906.97,890.75,899.25
9461,2021-01-11 10:16:00,868.75,868.75,868.75,868.75,50,14400,905.95,867.4,875.4
9462,2021-01-11 10:17:00,864.9,864.9,864.9,864.9,25,14400,905.41,859.9,868.85
9463,2021-01-11 10:18:00,857.85,857.85,857.85,857.85,25,14375,904.79,864.6,874.95
9464,2021-01-11 10:19:00,857.85,857.85,857.85,857.85,25,14375,904.79,864.6,874.95
9465,2021-01-11 10:20:00,834.3,834.3,827.6,834.3,350,14375,895.79,819.55,829.85
9466,2021-01-11 10:21:00,834.3,834.3,827.6,834.3,350,14375,895.79,819.55,829.85
9467,2021-01-11 10:22:00,794.0,795.65,785.0,785.0,200,14450,887.04,789.9,798.2
9468,2021-01-11 10:23:00,800.4,809.0,792.0,809.0,275,14625,878.63,801.55,812.95
9469,2021-01-11 10:24:00,801.55,820.1,800.0,820.1,575,14625,866.84,812.5,820.8
9470,2021-01-11 10:25:00,815.2,828.75,815.2,824.8,225,14625,864.1,816.2,824.65
9471,2021-01-11 10:26:00,815.05,832.35,809.6,832.35,375,15275,859.89,824.55,833.85
9472,2021-01-11 10:27:00,827.7,831.6,813.1,813.1,675,15275,854.2,813.0,822.5
9473,2021-01-11 10:28:00,823.0,823.0,807.8,821.15,2125,15275,840.48,821.2,827.6
9474,2021-01-11 10:29:00,826.45,826.75,806.8,818.3,450,14350,838.77,810.5,818.1
9475,2021-01-11 10:30:00,805.0,805.0,789.0,800.0,500,14350,836.08,798.75,807.25
9476,2021-01-11 10:31:00,819.9,827.15,819.9,827.15,150,14350,835.79,817.95,825.2
9477,2021-01-11 10:32:00,822.9,822.9,822.9,822.9,25,14350,835.75,816.6,823.65
9478,2021-01-11 10:33:00,822.9,822.9,822.9,822.9,25,14350,835.75,816.6,823.65
9479,2021-01-11 10:34:00,822.9,822.9,820.05,820.05,75,14325,835.62,821.35,826.3
9480,2021-01-11 10:35:00,820.0,835.15,820.0,835.15,625,14325,835.29,830.15,837.8
9481,2021-01-11 10:36:00,839.1,839.1,832.35,832.35,100,14600,835.28,824.3,831.8
9482,2021-01-11 10:37:00,838.35,838.35,838.35,838.35,25,14600,835.29,831.6,839.55
9483,2021-01-11 10:38:00,844.35,844.35,844.35,844.35,25,14625,835.32,837.7,847.9
9484,2021-01-11 10:39:00,837.7,837.7,833.0,833.0,100,14625,835.31,825.05,834.35
9485,2021-01-11 10:40:00,836.45,836.45,836.1,836.25,125,14625,835.32,827.9,834.8
9486,2021-01-11 10:41:00,837.0,837.0,829.05,834.5,175,14725,835.32,830.3,839.0
9487,2021-01-11 10:42:00,838.0,838.0,834.5,835.0,200,14725,835.35,829.0,836.6
9488,2021-01-11 10:43:00,838.3,838.3,838.25,838.25,50,14725,835.36,829.85,837.75
9489,2021-01-11 10:44:00,838.3,838.3,838.25,838.25,50,14725,835.36,829.85,837.75
9490,2021-01-11 10:45:00,820.0,825.0,815.55,825.0,150,14900,835.1,819.5,826.8
9491,2021-01-11 10:46:00,820.0,825.0,815.55,825.0,150,14900,835.1,819.5,826.8
9492,2021-01-11 10:47:00,820.0,825.0,815.55,825.0,150,14900,835.1,819.5,826.8
9493,2021-01-11 10:48:00,839.0,844.05,839.0,839.85,100,14725,835.15,833.3,840.65
9494,2021-01-11 10:49:00,840.0,840.0,840.0,840.0,25,14725,835.17,833.3,840.9
9495,2021-01-11 10:50:00,840.0,840.0,840.0,840.0,25,14725,835.17,833.3,840.9
9496,2021-01-11 10:51:00,840.0,840.0,840.0,840.0,25,14800,835.18,834.45,842.2
9497,2021-01-11 10:52:00,843.8,843.8,843.8,843.8,50,14800,835.22,836.35,843.85
9498,2021-01-11 10:53:00,843.8,843.8,843.8,843.8,50,14800,835.22,836.35,843.85
9499,2021-01-11 10:54:00,835.0,835.0,835.0,835.0,50,14875,835.22,825.6,831.3
9500,2021-01-11 10:55:00,820.0,826.65,820.0,826.65,125,14875,835.09,819.1,825.6
9501,2021-01-11 10:56:00,825.6,825.6,825.6,825.6,25,14875,835.07,825.9,833.25
9502,2021-01-11 10:57:00,825.05,825.05,825.05,825.05,350,14950,834.73,821.45,830.2
9503,2021-01-11 10:58:00,820.05,820.05,820.05,820.05,75,14950,834.62,820.05,826.4
9504,2021-01-11 10:59:00,819.0,819.0,815.0,815.0,300,14950,834.19,807.8,816.65
9505,2021-01-11 11:00:00,809.0,809.0,809.0,809.0,125,14950,833.9,805.6,814.5
9506,2021-01-11 11:01:00,816.65,823.65,816.65,822.45,100,14950,833.78,818.25,825.8
9507,2021-01-11 11:02:00,830.35,830.35,825.8,825.85,75,15150,833.73,818.25,825.7
9508,2021-01-11 11:03:00,824.55,824.55,824.55,824.55,25,15150,833.71,817.05,823.6
9509,2021-01-11 11:04:00,822.0,822.0,822.0,822.0,125,15150,833.58,820.0,827.5
9510,2021-01-11 11:05:00,828.85,828.85,828.85,828.85,25,15150,833.57,822.35,827.9
9511,2021-01-11 11:06:00,825.0,825.0,825.0,825.0,200,15150,833.42,829.1,836.6
9512,2021-01-11 11:07:00,825.0,825.0,825.0,825.0,200,15150,833.42,829.1,836.6
9513,2021-01-11 11:08:00,825.0,825.0,825.0,825.0,200,15150,833.42,829.1,836.6
9514,2021-01-11 11:09:00,825.0,825.0,825.0,825.0,200,15150,833.42,829.1,836.6
9515,2021-01-11 11:10:00,825.0,825.0,825.0,825.0,200,15150,833.42,829.1,836.6
9516,2021-01-11 11:11:00,823.65,823.65,823.65,823.65,25,15050,833.4,824.7,830.0
9517,2021-01-11 11:12:00,830.0,830.0,830.0,830.0,50,15025,833.38,822.15,827.75
9518,2021-01-11 11:13:00,826.85,826.85,823.0,823.0,50,15025,833.34,822.15,829.55
9519,2021-01-11 11:14:00,828.5,828.5,828.5,828.5,25,15025,833.33,820.05,826.1
9520,2021-01-11 11:15:00,820.0,820.0,820.0,820.0,125,15075,833.19,815.8,823.05
9521,2021-01-11 11:16:00,820.85,820.85,820.85,820.85,125,15075,833.05,815.85,822.1
9522,2021-01-11 11:17:00,813.05,822.05,813.05,822.05,325,15275,832.73,813.2,821.1
9523,2021-01-11 11:18:00,820.05,820.05,820.05,820.05,50,15275,832.67,811.05,818.75
9524,2021-01-11 11:19:00,822.4,822.4,816.35,816.35,250,15275,832.42,816.35,820.95
9525,2021-01-11 11:20:00,816.35,816.35,816.35,816.35,25,15275,832.38,813.05,819.9
9526,2021-01-11 11:21:00,818.75,818.75,808.0,808.0,150,15700,832.13,806.35,814.3
9527,2021-01-11 11:22:00,823.85,823.85,823.85,823.85,25,15700,832.12,815.1,821.45
9528,2021-01-11 11:23:00,823.85,823.85,823.85,823.85,25,15700,832.12,815.1,821.45
9529,2021-01-11 11:24:00,826.85,826.85,820.3,826.75,100,15675,832.06,820.05,825.8
9530,2021-01-11 11:25:00,820.0,823.65,820.0,823.65,75,15675,832.0,816.25,823.65
9531,2021-01-11 11:26:00,817.6,817.6,817.6,817.6,25,15675,831.97,819.9,825.6
9532,2021-01-11 11:27:00,828.05,828.05,820.95,820.95,50,15750,831.94,819.3,826.2
9533,2021-01-11 11:28:00,830.0,830.0,830.0,830.0,50,15750,831.93,827.0,831.25
9534,2021-01-11 11:29:00,830.0,830.0,830.0,830.0,50,15750,831.93,827.0,831.25
9535,2021-01-11 11:30:00,820.05,820.05,820.05,820.05,25,15800,831.91,817.45,821.8
9536,2021-01-11 11:31:00,820.0,820.0,820.0,820.0,25,15800,831.89,820.05,824.3
9537,2021-01-11 11:32:00,820.0,821.75,820.0,821.75,225,15800,831.69,816.75,822.05
9538,2021-01-11 11:33:00,816.8,820.6,816.8,820.6,125,15925,831.55,816.25,822.4
9539,2021-01-11 11:34:00,818.1,818.1,818.1,818.1,75,15925,831.49,820.1,824.55
9540,2021-01-11 11:35:00,818.1,818.1,818.1,818.1,75,15925,831.49,820.1,824.55
9541,2021-01-11 11:36:00,818.1,818.1,818.1,818.1,75,15925,831.49,820.1,824.55
9542,2021-01-11 11:37:00,818.1,818.1,818.1,818.1,75,15925,831.49,820.1,824.55
9543,2021-01-11 11:38:00,824.25,824.25,824.25,824.25,25,0,831.48,818.15,822.5
9544,2021-01-11 11:39:00,818.1,818.1,808.1,808.1,100,15900,831.34,808.1,811.75
9545,2021-01-11 11:40:00,808.1,808.1,808.1,808.1,25,15900,831.3,802.2,809.0
9546,2021-01-11 11:41:00,808.15,808.15,808.15,808.15,50,15900,831.22,802.3,808.55
9547,2021-01-11 11:42:00,808.15,808.15,801.85,801.85,50,16025,831.12,805.0,810.65
9548,2021-01-11 11:43:00,782.0,799.05,780.45,794.55,550,16025,829.72,794.1,800.3
9549,2021-01-11 11:44:00,808.2,809.1,808.2,809.1,100,16025,829.57,800.95,806.65
9550,2021-01-11 11:45:00,790.0,794.4,790.0,794.4,125,15900,829.23,799.95,806.1
9551,2021-01-11 11:46:00,811.9,811.9,810.55,810.55,75,15900,829.14,801.25,807.7
9552,2021-01-11 11:47:00,808.4,808.95,808.4,808.95,175,15900,828.89,805.65,812.3
9553,2021-01-11 11:48:00,811.25,812.35,805.0,812.35,100,16100,828.76,807.75,814.65
9554,2021-01-11 11:49:00,811.25,812.35,805.0,812.35,100,16100,828.76,807.75,814.65
9555,2021-01-11 11:50:00,799.05,803.65,799.05,803.65,75,16100,828.62,805.25,811.55
9556,2021-01-11 11:51:00,799.05,803.65,799.05,803.65,75,16100,828.62,805.25,811.55
9557,2021-01-11 11:52:00,803.65,803.65,800.0,802.0,150,16225,828.34,805.4,810.0
9558,2021-01-11 11:53:00,800.0,800.5,799.35,800.5,150,16225,828.06,800.85,807.05
9559,2021-01-11 11:54:00,809.9,809.9,803.1,803.1,50,16300,827.99,803.1,806.5
9560,2021-01-11 11:55:00,808.0,812.65,807.8,807.8,75,16300,827.89,803.8,808.35
9561,2021-01-11 11:56:00,808.0,812.65,807.8,807.8,75,16300,827.89,803.8,808.35
9562,2021-01-11 11:57:00,808.0,812.65,807.8,807.8,75,16300,827.89,803.8,808.35
9563,2021-01-11 11:58:00,807.4,807.4,807.4,807.4,25,16300,827.86,813.3,819.55
9564,2021-01-11 11:59:00,807.4,807.4,807.4,807.4,25,16300,827.86,813.3,819.55
9565,2021-01-11 12:00:00,807.0,807.0,807.0,807.0,25,16100,827.83,803.8,809.25
9566,2021-01-11 12:01:00,820.7,820.7,820.7,820.7,150,16100,827.75,818.5,825.7
9567,2021-01-11 12:02:00,831.1,853.9,827.85,848.7,625,16100,828.39,848.25,854.25
9568,2021-01-11 12:03:00,854.9,854.9,846.45,851.3,150,16300,828.6,847.05,853.7
9569,2021-01-11 12:04:00,845.0,845.0,845.0,845.0,100,16300,828.7,851.3,856.05
9570,2021-01-11 12:05:00,851.8,851.8,850.0,850.0,100,16425,828.84,846.9,853.35
9571,2021-01-11 12:06:00,855.95,855.95,852.0,852.0,125,16425,829.02,849.45,854.95
9572,2021-01-11 12:07:00,849.45,849.45,849.45,849.45,25,16425,829.06,845.75,850.55
9573,2021-01-11 12:08:00,851.8,874.6,851.8,867.3,200,16425,829.46,872.05,876.05
9574,2021-01-11 12:09:00,899.0,899.0,885.7,891.85,275,16350,830.44,889.25,896.35
9575,2021-01-11 12:10:00,878.25,878.25,878.25,878.25,100,16350,830.72,878.6,885.9
9576,2021-01-11 12:11:00,878.25,878.25,878.25,878.25,100,16350,830.72,878.6,885.9
9577,2021-01-11 12:12:00,879.0,883.25,875.15,875.15,375,16425,831.77,876.1,881.55
9578,2021-01-11 12:13:00,879.0,883.25,875.15,875.15,375,16425,831.77,876.1,881.55
9579,2021-01-11 12:14:00,879.0,883.25,875.15,875.15,375,16425,831.77,876.1,881.55
9580,2021-01-11 12:15:00,895.4,900.0,892.7,892.7,250,16400,832.7,886.2,891.25
9581,2021-01-11 12:16:00,882.9,882.9,882.9,882.9,25,16400,832.77,883.35,889.45
9582,2021-01-11 12:17:00,882.9,882.9,882.9,882.9,25,16400,832.77,883.35,889.45
9583,2021-01-11 12:18:00,883.65,883.65,872.0,872.0,50,16300,832.9,867.1,873.1
9584,2021-01-11 12:19:00,883.65,883.65,872.0,872.0,50,16300,832.9,867.1,873.1
9585,2021-01-11 12:20:00,883.65,883.65,872.0,872.0,50,16300,832.9,867.1,873.1
9586,2021-01-11 12:21:00,871.95,872.0,871.95,872.0,50,16250,833.01,873.85,879.95
9587,2021-01-11 12:22:00,873.8,873.8,873.8,873.8,50,16250,833.12,867.95,873.2
9588,2021-01-11 12:23:00,865.0,867.8,865.0,867.8,300,16250,833.66,864.25,870.6
9589,2021-01-11 12:24:00,865.0,867.8,865.0,867.8,300,16250,833.66,864.25,870.6
9590,2021-01-11 12:25:00,858.7,861.0,853.2,853.2,125,16325,833.82,856.5,862.4
9591,2021-01-11 12:26:00,858.7,861.0,853.2,853.2,125,16325,833.82,856.5,862.4
9592,2021-01-11 12:27:00,868.75,868.75,868.75,868.75,300,16250,834.37,864.45,870.65
9593,2021-01-11 12:28:00,863.5,863.5,863.5,863.5,25,16250,834.41,858.0,864.3
9594,2021-01-11 12:29:00,863.5,863.5,863.5,863.5,25,16250,834.41,858.0,864.3
9595,2021-01-11 12:30:00,863.5,863.5,863.5,863.5,25,16250,834.41,858.0,864.3
9596,2021-01-11 12:31:00,863.5,863.5,863.5,863.5,25,16250,834.41,858.0,864.3
9597,2021-01-11 12:32:00,870.0,870.0,870.0,870.0,50,0,834.51,871.65,878.95
9598,2021-01-11 12:33:00,870.0,870.0,870.0,870.0,50,0,834.51,871.65,878.95
9599,2021-01-11 12:34:00,866.85,866.85,866.85,866.85,50,16500,834.6,861.3,867.95
9600,2021-01-11 12:35:00,866.85,866.85,866.85,866.85,50,16500,834.6,861.3,867.95
9601,2021-01-11 12:36:00,866.85,866.85,866.85,866.85,50,16500,834.6,861.3,867.95
9602,2021-01-11 12:37:00,866.85,866.85,866.85,866.85,50,16500,834.6,861.3,867.95
9603,2021-01-11 12:38:00,882.0,882.0,880.0,880.0,575,16475,835.97,877.5,884.65
9604,2021-01-11 12:39:00,882.0,882.0,880.0,880.0,575,16475,835.97,877.5,884.65
9605,2021-01-11 12:40:00,876.7,876.7,876.7,876.7,25,16375,836.02,876.7,883.5
9606,2021-01-11 12:41:00,876.7,876.7,876.7,876.7,25,16375,836.02,876.7,883.5
9607,2021-01-11 12:42:00,882.25,882.25,882.25,882.25,25,16350,836.08,883.3,889.4
9608,2021-01-11 12:43:00,882.25,882.25,882.25,882.25,75,16350,836.26,879.65,886.5
9609,2021-01-11 12:44:00,882.25,882.25,882.25,882.25,75,16350,836.26,879.65,886.5
9610,2021-01-11 12:45:00,882.25,882.25,882.25,882.25,75,16350,836.26,879.65,886.5
9611,2021-01-11 12:46:00,866.55,866.55,866.55,866.55,75,16400,836.38,867.9,875.35
9612,2021-01-11 12:47:00,866.55,866.55,866.55,866.55,75,16400,836.38,867.9,875.35
9613,2021-01-11 12:48:00,866.55,866.55,866.55,866.55,75,16400,836.38,867.9,875.35
9614,2021-01-11 12:49:00,866.55,866.55,866.55,866.55,25,16075,836.42,865.45,873.5
9615,2021-01-11 12:50:00,864.9,864.9,864.9,864.9,25,16075,836.46,864.2,870.75
9616,2021-01-11 12:51:00,855.5,855.5,843.8,843.8,100,16050,836.5,843.8,849.0
9617,2021-01-11 12:52:00,843.8,843.8,841.8,841.8,50,16050,836.51,842.7,849.7
9618,2021-01-11 12:53:00,851.45,851.45,851.45,851.45,25,16050,836.53,848.6,856.05
9619,2021-01-11 12:54:00,856.05,856.05,856.05,856.05,25,16050,836.56,848.9,856.45
9620,2021-01-11 12:55:00,851.0,851.0,851.0,851.0,25,16050,836.57,847.05,852.1
9621,2021-01-11 12:56:00,851.0,851.0,851.0,851.0,25,16050,836.57,847.05,852.1
9622,2021-01-11 12:57:00,859.0,859.0,859.0,859.0,25,16075,836.6,860.0,866.65
9623,2021-01-11 12:58:00,866.65,866.65,860.8,860.8,125,16075,836.77,862.05,866.0
9624,2021-01-11 12:59:00,862.05,863.0,858.75,858.75,75,16075,836.86,857.0,861.4
9625,2021-01-11 13:00:00,857.0,857.0,847.95,847.95,150,16075,836.96,842.4,848.9
9626,2021-01-11 13:01:00,857.35,857.35,857.35,857.35,25,16075,836.99,851.15,857.4
9627,2021-01-11 13:02:00,851.0,851.0,851.0,851.0,25,16075,837.0,849.75,856.35
9628,2021-01-11 13:03:00,851.0,851.0,851.0,851.0,25,16075,837.0,849.75,856.35
9629,2021-01-11 13:04:00,835.3,835.3,835.3,835.3,25,16175,837.0,833.55,844.1
9630,2021-01-11 13:05:00,843.25,843.25,843.25,843.25,200,16175,837.06,834.6,842.35
9631,2021-01-11 13:06:00,829.4,841.5,829.4,841.5,600,16250,837.13,841.5,846.5
9632,2021-01-11 13:07:00,841.5,841.5,841.5,841.5,25,0,837.14,836.1,843.0
9633,2021-01-11 13:08:00,837.7,838.1,837.7,838.1,50,16250,837.14,837.7,842.65
9634,2021-01-11 13:09:00,837.7,837.7,837.7,837.7,25,16250,837.14,834.1,841.3
9635,2021-01-11 13:10:00,837.7,837.7,837.7,837.7,25,16250,837.14,834.1,841.3
9636,2021-01-11 13:11:00,837.7,837.7,837.7,837.7,25,16250,837.14,834.1,841.3
9637,2021-01-11 13:12:00,837.7,837.7,837.7,837.7,25,16250,837.14,834.1,841.3
9638,2021-01-11 13:13:00,837.7,837.7,837.7,837.7,25,16250,837.14,834.1,841.3
9639,2021-01-11 13:14:00,837.7,837.7,837.7,837.7,25,16250,837.14,834.1,841.3
9640,2021-01-11 13:15:00,859.05,859.05,859.05,859.05,50,16775,837.19,850.35,857.45
9641,2021-01-11 13:16:00,859.05,859.05,859.05,859.05,50,16775,837.19,850.35,857.45
9642,2021-01-11 13:17:00,859.05,859.05,859.05,859.05,50,16775,837.19,850.35,857.45
9643,2021-01-11 13:18:00,853.0,853.0,853.0,853.0,25,16800,837.21,849.9,856.5
9644,2021-01-11 13:19:00,853.0,853.0,853.0,853.0,25,16800,837.21,849.9,856.5
9645,2021-01-11 13:20:00,853.0,853.0,853.0,853.0,25,16800,837.21,849.9,856.5
9646,2021-01-11 13:21:00,857.3,879.95,857.3,879.95,75,16825,837.33,881.7,889.95
9647,2021-01-11 13:22:00,879.95,880.7,874.8,874.8,1250,16825,839.47,869.75,875.95
9648,2021-01-11 13:23:00,879.95,880.7,874.8,874.8,1250,16825,839.47,869.75,875.95
9649,2021-01-11 13:24:00,870.2,879.25,870.2,879.25,100,16225,839.63,876.15,881.9
9650,2021-01-11 13:25:00,871.55,871.55,871.55,871.55,100,16225,839.78,871.2,877.75
9651,2021-01-11 13:26:00,871.55,871.55,871.55,871.55,100,16225,839.78,871.2,877.75
9652,2021-01-11 13:27:00,873.8,873.8,873.8,873.8,25,16200,839.82,870.2,878.35
9653,2021-01-11 13:28:00,866.4,866.4,866.4,866.4,25,16200,839.85,859.6,868.35
9654,2021-01-11 13:29:00,865.0,865.0,865.0,865.0,75,16200,839.93,865.0,872.7
9655,2021-01-11 13:30:00,869.85,869.85,869.85,869.85,25,16200,839.96,876.95,883.15
9656,2021-01-11 13:31:00,872.45,872.45,872.45,872.45,25,16200,840.0,869.8,877.0
9657,2021-01-11 13:32:00,872.45,872.45,872.45,872.45,25,16200,840.0,869.8,877.0
9658,2021-01-11 13:33:00,872.45,872.45,872.45,872.45,25,16200,840.0,869.8,877.0
9659,2021-01-11 13:34:00,870.4,870.4,870.4,870.4,25,16150,840.03,863.2,870.65
9660,2021-01-11 13:35:00,874.0,874.0,874.0,874.0,25,16150,840.07,868.25,874.35
9661,2021-01-11 13:36:00,870.0,870.0,870.0,870.0,50,16075,840.13,868.2,873.6
9662,2021-01-11 13:37:00,895.0,895.0,885.8,885.8,150,16075,840.45,886.35,893.05
9663,2021-01-11 13:38:00,895.0,895.0,885.8,885.8,150,16075,840.45,886.35,893.05
9664,2021-01-11 13:39:00,889.9,890.95,889.9,890.95,75,16075,840.61,888.15,895.5
9665,2021-01-11 13:40:00,889.9,890.95,889.9,890.95,75,16075,840.61,888.15,895.5
9666,2021-01-11 13:41:00,881.3,881.3,881.3,881.3,25,16075,840.66,881.6,888.45
9667,2021-01-11 13:42:00,881.3,881.3,881.3,881.3,25,16075,840.66,881.6,888.45
9668,2021-01-11 13:43:00,884.8,884.8,884.8,884.8,25,16100,840.7,880.85,886.8
9669,2021-01-11 13:44:00,871.35,871.35,871.2,871.2,50,16100,840.77,870.1,877.05
9670,2021-01-11 13:45:00,871.35,871.35,871.2,871.2,50,16100,840.77,870.1,877.05
9671,2021-01-11 13:46:00,882.6,882.6,882.6,882.6,25,16050,840.81,882.6,888.85
9672,2021-01-11 13:47:00,873.85,873.85,873.85,873.85,550,16050,841.58,875.05,881.9
9673,2021-01-11 13:48:00,870.0,870.0,870.0,870.0,50,15675,841.64,864.15,873.8
9674,2021-01-11 13:49:00,870.0,870.0,860.55,860.55,50,15675,841.68,861.45,870.0
9675,2021-01-11 13:50:00,870.0,870.0,860.55,860.55,50,15675,841.68,861.45,870.0
9676,2021-01-11 13:51:00,870.0,870.0,860.55,860.55,50,15675,841.68,861.45,870.0
9677,2021-01-11 13:52:00,897.15,897.15,897.15,897.15,50,15700,841.79,889.45,896.3
9678,2021-01-11 13:53:00,887.4,887.4,887.4,887.4,600,15700,842.86,872.95,879.4
9679,2021-01-11 13:54:00,855.05,855.05,844.45,851.15,250,15825,842.95,852.55,861.15
9680,2021-01-11 13:55:00,849.95,849.95,849.95,849.95,25,15825,842.96,850.2,859.15
9681,2021-01-11 13:56:00,849.95,849.95,849.95,849.95,25,15825,842.96,850.2,859.15
9682,2021-01-11 13:57:00,849.95,849.95,849.95,849.95,25,15825,842.96,850.2,859.15
9683,2021-01-11 13:58:00,849.95,849.95,849.95,849.95,25,15825,842.96,850.2,859.15
9684,2021-01-11 13:59:00,853.05,858.45,853.05,858.45,50,15900,842.99,850.0,857.05
9685,2021-01-11 14:00:00,853.05,858.45,853.05,858.45,50,15900,842.99,850.0,857.05
9686,2021-01-11 14:01:00,828.1,830.6,828.1,830.6,175,15925,842.9,831.9,838.95
9687,2021-01-11 14:02:00,828.1,830.6,828.1,830.6,175,15925,842.9,831.9,838.95
9688,2021-01-11 14:03:00,827.5,827.5,825.5,825.5,100,15750,842.84,826.1,833.95
9689,2021-01-11 14:04:00,827.5,827.5,825.5,825.5,100,15750,842.84,826.1,833.95
9690,2021-01-11 14:05:00,820.25,820.25,803.0,803.0,350,15750,842.55,809.95,818.65
9691,2021-01-11 14:06:00,814.0,815.0,811.55,815.0,75,15825,842.47,808.75,816.6
9692,2021-01-11 14:07:00,815.0,815.0,815.0,815.0,25,15825,842.44,820.9,826.6
9693,2021-01-11 14:08:00,828.0,833.8,828.0,833.8,225,15825,842.35,825.0,832.7
9694,2021-01-11 14:09:00,833.8,833.8,833.8,833.8,75,16100,842.32,832.65,840.2
9695,2021-01-11 14:10:00,833.8,833.8,833.8,833.8,75,16100,842.32,832.65,840.2
9696,2021-01-11 14:11:00,830.5,830.5,830.5,830.5,150,16100,842.25,827.25,834.4
9697,2021-01-11 14:12:00,830.5,834.7,830.5,834.7,50,16100,842.23,831.35,837.65
9698,2021-01-11 14:13:00,832.0,837.0,820.75,821.6,125,16275,842.17,823.0,830.3
9699,2021-01-11 14:14:00,832.0,837.0,820.75,821.6,125,16275,842.17,823.0,830.3
9700,2021-01-11 14:15:00,832.0,837.0,820.75,821.6,125,16275,842.17,823.0,830.3
9701,2021-01-11 14:16:00,832.0,837.0,820.75,821.6,125,16275,842.17,823.0,830.3
9702,2021-01-11 14:17:00,831.15,831.15,831.15,831.15,25,0,842.16,831.1,837.05
9703,2021-01-11 14:18:00,831.15,831.15,831.15,831.15,25,0,842.16,831.1,837.05
9704,2021-01-11 14:19:00,831.15,831.15,831.15,831.15,25,0,842.16,831.1,837.05
9705,2021-01-11 14:20:00,831.15,831.15,831.15,831.15,25,0,842.16,831.1,837.05
9706,2021-01-11 14:21:00,836.75,836.75,836.75,836.75,25,16225,842.15,827.45,834.0
9707,2021-01-11 14:22:00,820.0,820.0,820.0,820.0,100,16225,842.07,820.1,826.05
9708,2021-01-11 14:23:00,820.0,820.0,820.0,820.0,100,16225,842.07,820.1,826.05
9709,2021-01-11 14:24:00,820.0,820.0,820.0,820.0,100,16225,842.07,820.1,826.05
9710,2021-01-11 14:25:00,815.75,815.75,815.75,815.75,50,16150,842.02,813.05,820.4
9711,2021-01-11 14:26:00,815.75,815.75,815.75,815.75,50,16150,842.02,813.05,820.4
9712,2021-01-11 14:27:00,815.75,815.75,815.75,815.75,50,16150,842.02,813.05,820.4
9713,2021-01-11 14:28:00,815.75,815.75,815.75,815.75,50,16150,842.02,813.05,820.4
9714,2021-01-11 14:29:00,815.75,815.75,815.75,815.75,50,16150,842.02,813.05,820.4
9715,2021-01-11 14:30:00,837.0,853.2,837.0,853.2,125,16075,842.01,846.55,853.4
9716,2021-01-11 14:31:00,846.2,846.2,846.2,846.2,25,16075,842.02,846.3,852.6
9717,2021-01-11 14:32:00,856.8,866.0,856.8,866.0,175,16075,842.13,865.6,872.55
9718,2021-01-11 14:33:00,866.0,866.0,866.0,866.0,25,16075,842.15,863.35,869.55
9719,2021-01-11 14:34:00,866.2,866.2,866.2,866.2,25,16050,842.18,864.2,870.7
9720,2021-01-11 14:35:00,862.4,866.2,862.4,866.2,50,16050,842.22,866.1,872.4
9721,2021-01-11 14:36:00,862.75,862.75,862.75,862.75,25,16025,842.24,862.75,868.7
9722,2021-01-11 14:37:00,872.0,872.0,872.0,872.0,50,16025,842.29,869.1,874.65
9723,2021-01-11 14:38:00,862.2,874.75,862.2,874.75,1025,16025,843.15,864.85,871.15
9724,2021-01-11 14:39:00,863.0,871.2,863.0,871.2,50,15625,843.19,869.2,874.9
9725,2021-01-11 14:40:00,863.0,871.2,863.0,871.2,50,15625,843.19,869.2,874.9
9726,2021-01-11 14:41:00,863.0,871.2,863.0,871.2,50,15625,843.19,869.2,874.9
9727,2021-01-11 14:42:00,860.25,860.25,860.25,860.25,25,15650,843.21,854.45,860.25
9728,2021-01-11 14:43:00,860.25,860.25,860.25,860.25,25,15650,843.21,854.45,860.25
9729,2021-01-11 14:44:00,860.25,860.25,860.25,860.25,25,15650,843.21,854.45,860.25
9730,2021-01-11 14:45:00,860.25,860.25,860.25,860.25,25,15650,843.21,854.45,860.25
9731,2021-01-11 14:46:00,860.25,860.25,860.25,860.25,25,15650,843.21,854.45,860.25
9732,2021-01-11 14:47:00,860.25,860.25,860.25,860.25,25,15650,843.21,854.45,860.25
9733,2021-01-11 14:48:00,838.4,838.4,837.05,837.05,150,15400,843.18,837.05,840.9
9734,2021-01-11 14:49:00,837.05,838.55,837.05,838.55,75,15475,843.16,832.8,837.95
9735,2021-01-11 14:50:00,837.05,838.55,837.05,838.55,75,15475,843.16,832.8,837.95
9736,2021-01-11 14:51:00,835.15,835.15,835.15,835.15,50,15475,843.15,848.6,853.45
9737,2021-01-11 14:52:00,867.55,867.55,851.8,851.8,175,15450,843.23,856.05,862.3
9738,2021-01-11 14:53:00,867.55,867.55,851.8,851.8,175,15450,843.23,856.05,862.3
9739,2021-01-11 14:54:00,867.55,867.55,851.8,851.8,175,15450,843.23,856.05,862.3
9740,2021-01-11 14:55:00,867.55,867.55,851.8,851.8,175,15450,843.23,856.05,862.3
9741,2021-01-11 14:56:00,849.25,849.25,849.25,849.25,25,15325,843.23,841.4,848.4
9742,2021-01-11 14:57:00,849.25,849.25,849.25,849.25,25,15325,843.23,841.4,848.4
9743,2021-01-11 14:58:00,845.3,845.3,845.25,845.3,75,15350,843.24,844.7,850.75
9744,2021-01-11 14:59:00,845.3,845.3,845.25,845.3,75,15350,843.24,844.7,850.75
9745,2021-01-11 15:00:00,845.3,845.3,845.25,845.3,75,15350,843.24,844.7,850.75
9746,2021-01-11 15:01:00,850.95,852.6,850.95,852.6,50,15450,843.25,844.2,850.5
9747,2021-01-11 15:02:00,850.95,852.6,850.95,852.6,50,15450,843.25,844.2,850.5
9748,2021-01-11 15:03:00,850.95,852.6,850.95,852.6,50,15450,843.25,844.2,850.5
9749,2021-01-11 15:04:00,850.95,852.6,850.95,852.6,50,15450,843.25,844.2,850.5
9750,2021-01-11 15:05:00,850.95,852.6,850.95,852.6,50,15450,843.25,844.2,850.5
9751,2021-01-11 15:06:00,850.95,852.6,850.95,852.6,50,15450,843.25,844.2,850.5
9752,2021-01-11 15:07:00,850.95,852.6,850.95,852.6,50,15450,843.25,844.2,850.5
9753,2021-01-11 15:08:00,850.95,852.6,850.95,852.6,50,15450,843.25,844.2,850.5
9754,2021-01-11 15:09:00,848.85,848.85,848.85,848.85,25,15375,843.26,841.0,847.5
9755,2021-01-11 15:10:00,848.8,855.0,848.8,855.0,200,15375,843.3,850.45,857.5
9756,2021-01-11 15:11:00,845.0,845.0,845.0,845.0,50,15375,843.31,845.05,851.05
9757,2021-01-11 15:12:00,847.55,847.55,847.55,847.55,200,15375,843.33,851.05,856.9
9758,2021-01-11 15:13:00,847.55,847.55,847.55,847.55,200,15375,843.33,851.05,856.9
9759,2021-01-11 15:14:00,847.55,847.55,847.55,847.55,200,15375,843.33,851.05,856.9
9760,2021-01-11 15:15:00,855.95,857.9,854.8,857.9,100,15350,843.38,848.45,854.3
9761,2021-01-11 15:16:00,855.95,857.9,854.8,857.9,100,15350,843.38,848.45,854.3
9762,2021-01-11 15:17:00,850.0,851.7,847.55,851.7,200,15325,843.43,846.4,851.7
9763,2021-01-11 15:18:00,846.4,846.4,846.4,846.4,25,15325,843.43,847.15,851.5
9764,2021-01-11 15:19:00,851.4,851.5,851.4,851.5,50,15175,843.44,845.4,851.25
9765,2021-01-11 15:20:00,849.55,849.55,849.55,849.55,50,15175,843.45,851.95,855.9
9766,2021-01-11 15:21:00,855.95,855.95,855.95,855.95,75,15175,843.48,854.25,857.55
9767,2021-01-11 15:22:00,857.55,857.55,857.55,857.55,50,15175,843.51,854.4,860.8
9768,2021-01-11 15:23:00,857.55,857.55,857.55,857.55,50,15175,843.51,854.4,860.8
9769,2021-01-11 15:24:00,860.0,860.0,858.35,858.35,50,15175,843.53,858.3,863.65
9770,2021-01-11 15:25:00,858.35,862.0,856.5,862.0,150,14950,843.62,857.45,864.2
9771,2021-01-11 15:26:00,858.35,862.0,856.5,862.0,150,14950,843.62,857.45,864.2
9772,2021-01-11 15:27:00,866.0,867.8,866.0,867.8,125,14950,843.71,865.6,870.0
9773,2021-01-11 15:28:00,869.9,869.9,869.9,869.9,25,14850,843.73,865.05,870.0
9774,2021-01-11 15:29:00,869.9,869.9,869.9,869.9,25,14850,843.73,865.05,870.0
9775,2021-01-11 15:30:00,869.85,869.85,856.1,867.8,150,14850,843.83,845.6,869.8
9776,2021-01-12 09:15:00,714.25,740.95,714.25,726.75,625,14575,723.58,718.65,731.6
9777,2021-01-12 09:16:00,719.95,719.95,705.1,709.3,275,14575,719.46,710.2,723.6
9778,2021-01-12 09:17:00,725.3,739.75,725.3,730.1,275,14725,722.05,719.2,732.25
9779,2021-01-12 09:18:00,730.1,730.1,719.9,723.8,125,14725,722.42,723.8,735.75
9780,2021-01-12 09:19:00,736.35,736.35,720.05,720.05,425,14725,724.39,720.05,725.55
9781,2021-01-12 09:20:00,725.45,736.45,720.0,736.45,450,14875,724.7,731.6,741.3
9782,2021-01-12 09:21:00,736.45,739.75,736.45,738.25,75,14875,725.15,730.45,739.4
9783,2021-01-12 09:22:00,739.8,739.8,733.3,733.3,50,14875,725.4,731.8,737.95
9784,2021-01-12 09:23:00,733.35,733.35,731.75,731.75,100,14900,725.69,728.45,736.9
9785,2021-01-12 09:24:00,737.0,737.0,726.05,726.05,225,14900,726.31,721.95,725.95
9786,2021-01-12 09:25:00,725.55,735.45,725.55,735.45,150,14900,726.53,727.2,734.7
9787,2021-01-12 09:26:00,728.9,734.1,723.05,733.55,725,15025,726.3,728.25,736.45
9788,2021-01-12 09:27:00,729.5,729.5,729.5,729.5,25,15025,726.32,723.7,732.25
9789,2021-01-12 09:28:00,737.0,741.95,737.0,740.5,250,15025,727.27,736.8,744.8
9790,2021-01-12 09:29:00,740.5,750.0,740.5,750.0,200,15800,728.09,750.7,758.8
9791,2021-01-12 09:30:00,759.15,777.55,756.8,769.25,575,15800,733.2,762.85,767.0
9792,2021-01-12 09:31:00,766.95,769.8,757.85,757.85,200,15800,734.57,756.4,763.65
9793,2021-01-12 09:32:00,756.4,772.75,756.4,772.75,200,16050,735.81,764.8,770.9
9794,2021-01-12 09:33:00,771.0,774.25,763.7,771.3,500,16050,738.91,762.7,770.7
9795,2021-01-12 09:34:00,763.75,775.4,763.75,770.0,450,16050,741.29,770.35,777.65
9796,2021-01-12 09:35:00,780.8,785.9,780.8,785.9,200,16350,742.61,777.05,784.65
9797,2021-01-12 09:36:00,782.85,782.85,772.7,772.7,575,16350,745.78,772.7,779.45
9798,2021-01-12 09:37:00,775.0,784.6,775.0,784.6,75,16350,746.16,779.1,784.6
9799,2021-01-12 09:38:00,787.9,794.25,784.15,784.15,450,16750,748.95,784.3,791.35
9800,2021-01-12 09:39:00,789.95,789.95,780.0,785.8,275,16750,750.26,780.15,785.8
9801,2021-01-12 09:40:00,791.25,805.7,791.25,799.95,625,16750,754.0,793.15,799.9
9802,2021-01-12 09:41:00,800.75,804.95,798.0,798.3,300,17225,755.62,794.15,801.3
9803,2021-01-12 09:42:00,800.0,804.75,796.1,803.3,325,17225,757.3,796.0,803.2
9804,2021-01-12 09:43:00,796.0,797.45,791.0,797.45,150,17225,757.91,794.05,799.95
9805,2021-01-12 09:44:00,797.45,797.45,797.4,797.4,75,17125,758.24,791.45,797.35
9806,2021-01-12 09:45:00,800.0,800.0,792.05,792.05,75,17125,758.55,792.05,796.95
9807,2021-01-12 09:46:00,792.0,795.1,781.2,781.2,375,17125,759.74,781.3,788.05
9808,2021-01-12 09:47:00,781.2,789.9,781.2,789.9,450,17025,760.79,784.1,791.15
9809,2021-01-12 09:48:00,789.9,789.9,789.9,789.9,75,17025,761.01,788.0,791.15
9810,2021-01-12 09:49:00,790.1,796.0,790.1,796.0,200,17025,761.6,790.1,796.2
9811,2021-01-12 09:50:00,790.0,790.0,790.0,790.0,25,16850,761.67,788.25,795.35
9812,2021-01-12 09:51:00,790.0,790.0,790.0,790.0,25,16850,761.67,788.25,795.35
9813,2021-01-12 09:52:00,787.05,787.05,787.05,787.05,125,16850,762.01,780.25,786.35
9814,2021-01-12 09:53:00,780.25,780.25,780.0,780.0,50,16950,762.1,773.85,779.05
9815,2021-01-12 09:54:00,780.0,780.0,780.0,780.0,25,16950,762.14,774.8,780.45
9816,2021-01-12 09:55:00,773.5,777.65,770.1,777.65,325,16950,762.47,770.1,777.1
9817,2021-01-12 09:56:00,770.0,775.3,766.9,775.3,300,16750,762.68,769.2,775.4
9818,2021-01-12 09:57:00,768.05,774.05,768.05,774.05,50,16750,762.72,768.05,771.45
9819,2021-01-12 09:58:00,768.05,768.05,767.1,767.1,150,16750,762.78,770.2,776.4
9820,2021-01-12 09:59:00,778.2,778.2,778.2,778.2,50,16725,762.85,773.8,778.9
9821,2021-01-12 10:00:00,773.95,773.95,773.95,773.95,50,16725,762.9,781.2,787.65
9822,2021-01-12 10:01:00,786.6,786.6,786.6,786.6,50,16725,763.01,780.75,785.65
9823,2021-01-12 10:02:00,786.6,786.6,786.6,786.6,50,16725,763.01,780.75,785.65
9824,2021-01-12 10:03:00,787.25,787.25,782.3,782.3,275,16850,763.55,782.5,787.95
9825,2021-01-12 10:04:00,782.35,782.35,780.95,780.95,125,16850,763.75,776.85,780.0
9826,2021-01-12 10:05:00,780.0,790.7,780.0,790.7,125,16850,763.94,785.4,792.2
9827,2021-01-12 10:06:00,790.7,795.45,790.7,795.45,75,17050,764.12,789.1,795.5
9828,2021-01-12 10:07:00,794.0,794.0,793.65,793.65,75,17050,764.3,785.85,792.65
9829,2021-01-12 10:08:00,787.0,790.7,787.0,790.7,75,17050,764.45,784.1,787.55
9830,2021-01-12 10:09:00,776.25,780.0,776.25,780.0,225,17150,764.69,775.35,781.9
9831,2021-01-12 10:10:00,775.0,776.75,764.4,764.4,225,17150,764.84,764.05,770.35
9832,2021-01-12 10:11:00,764.25,771.0,764.25,771.0,100,17150,764.88,777.35,782.7
9833,2021-01-12 10:12:00,775.05,775.05,775.0,775.0,50,17125,764.92,770.05,776.2
9834,2021-01-12 10:13:00,775.05,775.05,775.0,775.0,50,17125,764.92,770.05,776.2
9835,2021-01-12 10:14:00,772.05,772.8,766.2,772.8,225,17125,765.0,765.95,773.25
9836,2021-01-12 10:15:00,754.6,754.6,754.6,754.6,150,17125,764.88,759.25,765.15
9837,2021-01-12 10:16:00,759.15,773.2,759.15,771.5,125,17125,764.94,771.5,778.15
9838,2021-01-12 10:17:00,771.55,772.2,771.5,771.5,175,17125,765.03,770.0,776.55
9839,2021-01-12 10:18:00,771.55,772.2,771.5,771.5,175,17125,765.03,770.0,776.55
9840,2021-01-12 10:19:00,778.15,781.55,778.15,781.55,50,17125,765.09,776.45,781.5
9841,2021-01-12 10:20:00,778.15,781.55,778.15,781.55,50,17125,765.09,776.45,781.5
9842,2021-01-12 10:21:00,778.15,781.55,778.15,781.55,50,17125,765.09,776.45,781.5
9843,2021-01-12 10:22:00,778.15,781.55,778.15,781.55,50,17125,765.09,776.45,781.5
9844,2021-01-12 10:23:00,778.15,781.55,778.15,781.55,50,17125,765.09,776.45,781.5
9845,2021-01-12 10:24:00,778.15,781.55,778.15,781.55,50,17125,765.09,776.45,781.5
9846,2021-01-12 10:25:00,762.2,762.2,762.2,762.2,25,17075,765.08,764.95,770.55
9847,2021-01-12 10:26:00,767.75,767.75,767.75,767.75,50,17075,765.09,762.2,768.35
9848,2021-01-12 10:27:00,763.05,766.6,763.05,766.6,75,16800,765.09,766.55,771.6
9849,2021-01-12 10:28:00,765.15,769.3,765.15,769.3,50,16800,765.1,765.0,769.35
9850,2021-01-12 10:29:00,769.3,769.3,769.3,769.3,75,16775,765.12,768.0,770.15
9851,2021-01-12 10:30:00,770.15,772.35,770.15,772.05,225,16775,765.21,768.0,771.6
9852,2021-01-12 10:31:00,765.0,765.0,762.2,762.2,300,16775,765.2,762.85,767.55
9853,2021-01-12 10:32:00,772.15,772.15,768.9,768.9,75,16925,765.23,766.85,772.3
9854,2021-01-12 10:33:00,772.15,772.15,768.9,768.9,75,16925,765.23,766.85,772.3
9855,2021-01-12 10:34:00,768.9,768.95,763.0,763.0,75,16925,765.24,760.05,765.65
9856,2021-01-12 10:35:00,768.95,774.95,768.95,774.95,50,16975,765.26,769.65,775.05
9857,2021-01-12 10:36:00,768.95,774.95,768.95,774.95,50,16975,765.26,769.65,775.05
9858,2021-01-12 10:37:00,768.95,774.95,768.95,774.95,50,16975,765.26,769.65,775.05
9859,2021-01-12 10:38:00,768.95,774.95,768.95,774.95,50,16975,765.26,769.65,775.05
9860,2021-01-12 10:39:00,777.0,779.55,777.0,779.55,50,16975,765.31,774.9,781.45
9861,2021-01-12 10:40:00,781.45,781.45,781.45,781.45,50,16975,765.36,775.5,780.95
9862,2021-01-12 10:41:00,775.45,778.9,775.45,778.9,50,16975,765.4,775.25,779.9
9863,2021-01-12 10:42:00,780.3,780.3,780.3,780.3,25,17025,765.43,775.25,780.45
9864,2021-01-12 10:43:00,775.25,775.25,775.25,775.25,25,17025,765.44,772.45,778.85
9865,2021-01-12 10:44:00,779.0,779.0,779.0,779.0,125,17025,765.55,780.7,787.45
9866,2021-01-12 10:45:00,786.85,786.85,786.85,786.85,25,16925,765.59,776.4,783.8
9867,2021-01-12 10:46:00,775.4,775.4,775.4,775.4,50,16925,765.62,774.0,779.6
9868,2021-01-12 10:47:00,775.4,775.4,775.4,775.4,50,16925,765.62,774.0,779.6
9869,2021-01-12 10:48:00,775.4,775.4,775.4,775.4,50,16925,765.62,774.0,779.6
9870,2021-01-12 10:49:00,775.1,775.1,773.2,773.2,50,16900,765.65,770.9,775.35
9871,2021-01-12 10:50:00,773.2,773.2,773.2,773.2,50,16900,765.67,773.2,776.75
9872,2021-01-12 10:51:00,774.0,774.0,770.9,770.9,150,17000,765.74,768.75,773.95
9873,2021-01-12 10:52:00,774.0,774.0,770.9,770.9,150,17000,765.74,768.75,773.95
9874,2021-01-12 10:53:00,773.0,773.0,773.0,773.0,25,17050,765.75,769.4,777.2
9875,2021-01-12 10:54:00,777.2,777.2,777.2,777.2,25,0,765.77,772.1,777.85
9876,2021-01-12 10:55:00,777.2,777.2,777.2,777.2,25,0,765.77,772.1,777.85
9877,2021-01-12 10:56:00,777.2,777.2,777.2,777.2,25,0,765.77,772.1,777.85
9878,2021-01-12 10:57:00,773.15,773.15,773.15,773.15,50,17050,765.8,767.7,773.95
9879,2021-01-12 10:58:00,771.1,771.1,771.1,771.1,25,17050,765.81,765.05,770.45
9880,2021-01-12 10:59:00,774.7,774.7,774.7,774.7,25,17050,765.82,768.3,774.6
9881,2021-01-12 11:00:00,774.7,774.7,774.7,774.7,25,17050,765.82,768.3,774.6
9882,2021-01-12 11:01:00,774.1,774.1,766.45,766.45,50,17125,765.83,767.25,772.05
9883,2021-01-12 11:02:00,772.2,772.2,770.0,772.0,350,17050,765.96,771.3,776.5
9884,2021-01-12 11:03:00,772.2,772.2,770.0,772.0,350,17050,765.96,771.3,776.5
9885,2021-01-12 11:04:00,772.2,772.2,770.0,772.0,350,17050,765.96,771.3,776.5
9886,2021-01-12 11:05:00,775.8,775.8,775.8,775.8,50,17050,765.99,775.4,781.55
9887,2021-01-12 11:06:00,781.65,781.65,781.65,781.65,25,17050,766.01,773.6,779.95
9888,2021-01-12 11:07:00,781.65,781.65,781.65,781.65,25,17050,766.01,773.6,779.95
9889,2021-01-12 11:08:00,781.6,781.6,781.6,781.6,25,17050,766.04,781.05,785.85
9890,2021-01-12 11:09:00,781.6,781.6,781.6,781.6,25,17050,766.04,781.05,785.85
9891,2021-01-12 11:10:00,781.6,781.6,781.6,781.6,25,17050,766.04,781.05,785.85
9892,2021-01-12 11:11:00,785.0,800.0,785.0,800.0,725,16875,767.27,798.7,805.3
9893,2021-01-12 11:12:00,798.7,802.25,798.15,802.25,150,16875,767.56,792.0,798.15
9894,2021-01-12 11:13:00,791.9,799.0,790.35,790.35,75,16875,767.68,790.9,797.6
9895,2021-01-12 11:14:00,791.6,798.4,791.6,798.4,75,16725,767.8,792.0,798.35
9896,2021-01-12 11:15:00,799.0,799.0,799.0,799.0,100,16725,767.99,793.4,799.95
9897,2021-01-12 11:16:00,799.0,799.0,790.35,790.35,50,16725,768.07,788.2,794.55
9898,2021-01-12 11:17:00,799.0,799.0,790.35,790.35,50,16725,768.07,788.2,794.55
9899,2021-01-12 11:18:00,791.0,791.0,791.0,791.0,225,16800,768.37,786.75,792.75
9900,2021-01-12 11:19:00,795.2,795.2,795.2,795.2,75,16800,768.49,791.15,797.0
9901,2021-01-12 11:20:00,797.0,800.0,797.0,800.0,50,16800,768.57,795.3,801.85
9902,2021-01-12 11:21:00,802.0,802.0,795.65,800.0,75,16800,768.71,795.1,800.45
9903,2021-01-12 11:22:00,796.0,796.0,792.05,792.05,50,16800,768.78,790.6,796.65
9904,2021-01-12 11:23:00,796.0,796.0,792.05,792.05,50,16800,768.78,790.6,796.65
9905,2021-01-12 11:24:00,796.0,796.0,792.05,792.05,50,16800,768.78,790.6,796.65
9906,2021-01-12 11:25:00,781.35,784.55,781.35,784.55,225,16675,768.98,783.55,788.5
9907,2021-01-12 11:26:00,785.95,789.0,785.95,789.0,100,16675,769.09,786.55,793.4
9908,2021-01-12 11:27:00,795.7,795.7,795.7,795.7,50,16575,769.16,787.0,793.6
9909,2021-01-12 11:28:00,793.7,793.7,789.0,789.0,200,16575,769.4,786.95,793.65
9910,2021-01-12 11:29:00,793.7,793.7,789.0,789.0,200,16575,769.4,786.95,793.65
9911,2021-01-12 11:30:00,793.7,793.7,789.0,789.0,200,16575,769.4,786.95,793.65
9912,2021-01-12 11:31:00,802.0,802.0,802.0,802.0,125,16725,769.62,797.2,803.3
9913,2021-01-12 11:32:00,797.25,797.25,797.25,797.25,25,16725,769.66,798.6,804.45
9914,2021-01-12 11:33:00,797.25,797.25,797.25,797.25,25,16725,769.66,798.6,804.45
9915,2021-01-12 11:34:00,797.25,797.25,797.25,797.25,25,16725,769.66,798.6,804.45
9916,2021-01-12 11:35:00,795.8,795.8,795.8,795.8,25,16725,769.7,800.7,806.5
9917,2021-01-12 11:36:00,806.55,808.5,806.55,808.5,150,16575,770.01,805.15,808.5
9918,2021-01-12 11:37:00,808.5,819.95,808.5,817.25,200,16575,770.5,809.1,813.7
9919,2021-01-12 11:38:00,810.0,810.0,810.0,810.0,75,16575,770.66,807.9,814.75
9920,2021-01-12 11:39:00,815.9,815.9,813.65,813.65,125,16675,770.95,812.0,814.8
9921,2021-01-12 11:40:00,814.8,814.8,809.7,809.7,175,16675,771.35,809.0,815.15
9922,2021-01-12 11:41:00,816.95,816.95,816.95,816.95,50,16675,771.47,817.0,820.0
9923,2021-01-12 11:42:00,820.0,831.75,820.0,825.0,450,16925,772.82,818.8,825.45
9924,2021-01-12 11:43:00,816.85,816.85,816.85,816.85,25,16925,772.88,817.4,823.9
9925,2021-01-12 11:44:00,817.1,817.1,817.1,817.1,100,16925,773.1,816.9,823.9
9926,2021-01-12 11:45:00,817.1,817.1,811.7,811.7,100,17025,773.32,811.45,817.15
9927,2021-01-12 11:46:00,811.0,811.0,811.0,811.0,50,17025,773.42,808.0,814.5
9928,2021-01-12 11:47:00,810.0,810.0,810.0,810.0,25,17025,773.46,808.15,814.9
9929,2021-01-12 11:48:00,810.0,810.0,810.0,810.0,25,17025,773.46,808.15,814.9
9930,2021-01-12 11:49:00,810.0,810.0,810.0,810.0,25,17025,773.46,808.15,814.9
9931,2021-01-12 11:50:00,810.0,810.0,810.0,810.0,25,17025,773.46,808.15,814.9
9932,2021-01-12 11:51:00,820.0,820.0,820.0,820.0,25,17100,773.52,819.65,824.95
9933,2021-01-12 11:52:00,824.95,825.0,824.95,825.0,75,17100,773.72,817.9,823.95
9934,2021-01-12 11:53:00,824.95,825.0,824.95,825.0,75,17100,773.72,817.9,823.95
9935,2021-01-12 11:54:00,825.0,829.9,825.0,829.9,50,17000,773.85,827.25,830.0
9936,2021-01-12 11:55:00,838.1,850.0,837.8,850.0,250,17000,774.69,842.8,849.55
9937,2021-01-12 11:56:00,847.6,847.6,841.15,843.95,175,17000,775.28,843.95,849.95
9938,2021-01-12 11:57:00,841.15,841.15,840.0,840.0,225,16950,776.0,839.2,846.0
9939,2021-01-12 11:58:00,838.3,838.3,838.3,838.3,25,16950,776.08,839.4,845.5
9940,2021-01-12 11:59:00,835.65,835.65,835.65,835.65,25,16950,776.15,836.7,843.7
9941,2021-01-12 12:00:00,844.95,865.0,840.7,861.8,475,16975,777.95,860.9,869.95
9942,2021-01-12 12:01:00,878.4,881.3,869.0,869.0,875,16975,781.7,870.4,874.35
9943,2021-01-12 12:02:00,876.25,883.95,876.25,876.25,200,16975,782.58,871.9,881.95
9944,2021-01-12 12:03:00,871.95,900.0,871.95,900.0,550,16925,785.21,895.1,903.3
9945,2021-01-12 12:04:00,901.8,925.0,901.8,916.65,375,16925,787.22,911.8,916.55
9946,2021-01-12 12:05:00,911.8,923.9,911.8,913.0,325,16825,789.02,913.0,922.15
9947,2021-01-12 12:06:00,914.8,914.8,906.1,906.1,175,16825,789.92,910.55,918.05
9948,2021-01-12 12:07:00,909.25,910.0,904.35,904.35,300,16825,791.42,905.15,912.35
9949,2021-01-12 12:08:00,908.6,934.95,908.6,930.0,300,16825,793.01,924.05,933.6
9950,2021-01-12 12:09:00,934.95,948.95,934.95,940.5,175,16550,794.06,929.4,936.2
9951,2021-01-12 12:10:00,937.05,937.05,937.05,937.05,25,16550,794.21,932.4,938.95
9952,2021-01-12 12:11:00,929.65,929.65,927.75,927.75,175,16550,795.17,923.1,929.15
9953,2021-01-12 12:12:00,930.85,938.9,930.75,938.9,650,16525,798.88,929.65,935.05
9954,2021-01-12 12:13:00,932.4,932.6,932.4,932.6,50,16525,799.15,928.6,934.3
9955,2021-01-12 12:14:00,928.6,928.6,928.6,928.6,25,16525,799.27,932.3,939.65
9956,2021-01-12 12:15:00,935.75,951.15,935.75,951.15,325,15325,801.1,952.95,961.0
9957,2021-01-12 12:16:00,949.75,950.45,944.45,944.45,75,15325,801.53,943.6,950.8
9958,2021-01-12 12:17:00,949.75,950.45,944.45,944.45,75,15325,801.53,943.6,950.8
9959,2021-01-12 12:18:00,954.7,954.7,943.25,943.25,50,15225,801.82,945.2,952.95
9960,2021-01-12 12:19:00,954.7,954.7,943.25,943.25,50,15225,801.82,945.2,952.95
9961,2021-01-12 12:20:00,951.3,951.3,951.3,951.3,25,15225,801.97,940.75,948.6
9962,2021-01-12 12:21:00,940.7,946.7,940.7,946.7,100,15125,802.51,939.15,947.3
9963,2021-01-12 12:22:00,945.0,945.0,945.0,945.0,25,15125,802.65,944.95,952.45
9964,2021-01-12 12:23:00,943.75,943.75,943.75,943.75,25,15125,802.79,943.05,951.8
9965,2021-01-12 12:24:00,953.1,953.1,953.1,953.1,25,15025,802.93,945.05,952.1
9966,2021-01-12 12:25:00,953.1,953.1,953.1,953.1,25,15025,802.93,945.05,952.1
9967,2021-01-12 12:26:00,952.0,952.65,945.5,952.65,350,15025,804.87,941.4,949.95
9968,2021-01-12 12:27:00,955.0,960.05,955.0,960.0,150,14750,805.75,960.2,968.4
9969,2021-01-12 12:28:00,955.0,960.05,955.0,960.0,150,14750,805.75,960.2,968.4
9970,2021-01-12 12:29:00,960.35,975.0,960.35,975.0,75,14750,806.21,980.15,991.65
9971,2021-01-12 12:30:00,989.9,989.9,989.9,989.9,25,14725,806.39,981.55,989.9
9972,2021-01-12 12:31:00,978.95,986.0,973.75,974.65,225,14725,807.83,976.15,984.45
9973,2021-01-12 12:32:00,978.95,986.0,973.75,974.65,225,14725,807.83,976.15,984.45
9974,2021-01-12 12:33:00,976.45,976.45,976.45,976.45,50,14725,808.15,980.6,987.7
9975,2021-01-12 12:34:00,990.0,1000.0,990.0,1000.0,200,14625,809.54,1000.3,1009.25
9976,2021-01-12 12:35:00,1000.05,1000.05,1000.05,1000.05,25,14625,809.72,1002.05,1009.7
9977,2021-01-12 12:36:00,1000.05,1000.05,1000.05,1000.05,25,14625,809.72,1002.05,1009.7
9978,2021-01-12 12:37:00,1012.0,1012.05,1012.0,1012.0,125,14575,810.66,1010.65,1019.05
9979,2021-01-12 12:38:00,1020.0,1025.0,1020.0,1025.0,300,14575,812.96,1026.65,1034.3
9980,2021-01-12 12:39:00,1026.55,1046.15,1026.55,1046.15,125,14325,813.99,1044.8,1049.95
9981,2021-01-12 12:40:00,1049.95,1073.65,1049.95,1056.6,475,14325,818.17,1061.2,1069.5
9982,2021-01-12 12:41:00,1061.2,1061.2,1056.4,1057.5,125,14325,819.24,1055.9,1059.95
9983,2021-01-12 12:42:00,1057.0,1057.0,1052.6,1053.9,125,14400,820.29,1055.2,1064.55
9984,2021-01-12 12:43:00,1053.55,1053.55,1053.55,1053.55,25,14400,820.5,1053.55,1062.75
9985,2021-01-12 12:44:00,1060.0,1066.2,1060.0,1066.2,50,14400,820.93,1055.45,1066.2
9986,2021-01-12 12:45:00,1074.0,1086.0,1074.0,1086.0,75,14275,821.61,1082.25,1089.95
9987,2021-01-12 12:46:00,1080.2,1080.2,1067.8,1067.8,250,14275,823.81,1067.1,1076.5
9988,2021-01-12 12:47:00,1080.2,1080.2,1067.8,1067.8,250,14275,823.81,1067.1,1076.5
9989,2021-01-12 12:48:00,1057.8,1057.8,1050.0,1050.0,225,14375,825.61,1035.9,1044.35
9990,2021-01-12 12:49:00,1033.3,1045.3,1033.3,1045.3,175,14375,826.91,1033.55,1042.85
9991,2021-01-12 12:50:00,1031.95,1034.35,1031.95,1034.35,100,14375,827.62,1035.55,1042.6
9992,2021-01-12 12:51:00,1042.65,1042.65,1042.65,1042.65,25,14375,827.8,1035.85,1041.45
9993,2021-01-12 12:52:00,1042.65,1042.65,1042.65,1042.65,25,14375,827.8,1035.85,1041.45
9994,2021-01-12 12:53:00,1055.35,1062.05,1055.35,1056.35,100,13950,828.59,1057.75,1061.25
9995,2021-01-12 12:54:00,1062.05,1062.05,1062.05,1062.05,75,13950,829.19,1059.75,1068.6
9996,2021-01-12 12:55:00,1062.05,1062.05,1062.05,1062.05,75,13950,829.19,1059.75,1068.6
9997,2021-01-12 12:56:00,1059.05,1065.1,1059.05,1065.1,50,13825,829.59,1051.8,1060.15
9998,2021-01-12 12:57:00,1048.15,1053.0,1042.4,1042.4,100,13725,830.33,1042.5,1049.85
9999,2021-01-12 12:58:00,1048.15,1053.0,1042.4,1042.4,100,13725,830.33,1042.5,1049.85
10000,2021-01-12 12:59:00,1048.15,1053.0,1042.4,1042.4,100,13725,830.33,1042.5,1049.85
10001,2021-01-12 13:00:00,1048.15,1053.0,1042.4,1042.4,100,13725,830.33,1042.5,1049.85
10002,2021-01-12 13:01:00,1058.2,1075.0,1058.2,1075.0,125,13600,831.35,1073.55,1078.55
10003,2021-01-12 13:02:00,1082.0,1090.0,1082.0,1090.0,75,13600,831.99,1084.15,1094.9
10004,2021-01-12 13:03:00,1089.0,1089.0,1089.0,1089.0,25,13525,832.21,1077.7,1085.15
10005,2021-01-12 13:04:00,1073.45,1077.85,1073.45,1077.4,125,13525,833.23,1076.2,1083.7
10006,2021-01-12 13:05:00,1084.35,1084.35,1084.35,1084.35,25,13525,833.44,1079.85,1084.35
10007,2021-01-12 13:06:00,1084.0,1084.0,1084.0,1084.0,175,13325,834.9,1078.55,1086.0
10008,2021-01-12 13:07:00,1075.6,1078.0,1069.95,1069.95,150,13325,836.1,1073.65,1081.05
10009,2021-01-12 13:08:00,1075.6,1078.0,1069.95,1069.95,150,13325,836.1,1073.65,1081.05
10010,2021-01-12 13:09:00,1075.6,1078.0,1069.95,1069.95,150,13325,836.1,1073.65,1081.05
10011,2021-01-12 13:10:00,1076.8,1076.8,1076.8,1076.8,25,13200,836.3,1076.0,1082.4
10012,2021-01-12 13:11:00,1076.8,1076.8,1076.8,1076.8,25,13200,836.3,1076.0,1082.4
10013,2021-01-12 13:12:00,1071.15,1074.7,1070.1,1070.1,75,13200,836.88,1068.7,1075.4
10014,2021-01-12 13:13:00,1077.25,1077.25,1077.25,1077.25,125,13200,837.86,1075.0,1081.35
10015,2021-01-12 13:14:00,1077.25,1077.25,1077.25,1077.25,125,13200,837.86,1075.0,1081.35
10016,2021-01-12 13:15:00,1084.0,1084.0,1084.0,1084.0,25,13150,838.06,1083.35,1090.05
10017,2021-01-12 13:16:00,1090.0,1090.0,1088.45,1088.45,75,13150,838.68,1082.5,1088.55
10018,2021-01-12 13:17:00,1090.0,1090.0,1088.45,1088.45,75,13150,838.68,1082.5,1088.55
10019,2021-01-12 13:18:00,1067.5,1067.5,1067.5,1067.5,50,13100,839.06,1064.55,1070.85
10020,2021-01-12 13:19:00,1052.3,1055.9,1052.3,1055.9,250,13100,840.8,1060.3,1067.45
10021,2021-01-12 13:20:00,1052.3,1055.9,1052.3,1055.9,250,13100,840.8,1060.3,1067.45
10022,2021-01-12 13:21:00,1052.3,1055.9,1052.3,1055.9,250,13100,840.8,1060.3,1067.45
10023,2021-01-12 13:22:00,1052.3,1055.9,1052.3,1055.9,250,13100,840.8,1060.3,1067.45
10024,2021-01-12 13:23:00,1052.3,1055.9,1052.3,1055.9,250,13100,840.8,1060.3,1067.45
10025,2021-01-12 13:24:00,1060.0,1060.0,1060.0,1060.0,50,13025,841.15,1063.45,1070.45
10026,2021-01-12 13:25:00,1071.2,1071.2,1071.2,1071.2,150,13025,842.27,1066.35,1072.15
10027,2021-01-12 13:26:00,1071.2,1071.2,1063.15,1063.15,50,13025,842.63,1061.35,1068.8
10028,2021-01-12 13:27:00,1076.2,1076.2,1076.2,1076.2,75,12950,843.2,1072.05,1078.2
10029,2021-01-12 13:28:00,1076.2,1076.2,1076.2,1076.2,75,12950,843.2,1072.05,1078.2
10030,2021-01-12 13:29:00,1076.2,1076.2,1076.2,1076.2,75,12950,843.2,1072.05,1078.2
10031,2021-01-12 13:30:00,1076.2,1076.2,1076.2,1076.2,75,12950,843.2,1072.05,1078.2
10032,2021-01-12 13:31:00,1076.2,1076.2,1076.2,1076.2,75,12950,843.2,1072.05,1078.2
10033,2021-01-12 13:32:00,1076.2,1076.2,1076.2,1076.2,75,12950,843.2,1072.05,1078.2
10034,2021-01-12 13:33:00,1076.2,1076.2,1076.2,1076.2,75,12950,843.2,1072.05,1078.2
10035,2021-01-12 13:34:00,1078.0,1078.0,1075.0,1075.0,275,12850,845.24,1069.9,1077.55
10036,2021-01-12 13:35:00,1078.0,1078.0,1075.0,1075.0,275,12850,845.24,1069.9,1077.55
10037,2021-01-12 13:36:00,1078.0,1078.0,1075.0,1075.0,275,12850,845.24,1069.9,1077.55
10038,2021-01-12 13:37:00,1078.0,1078.0,1075.0,1075.0,275,12850,845.24,1069.9,1077.55
10039,2021-01-12 13:38:00,1075.0,1075.0,1075.0,1075.0,50,12850,845.61,1066.85,1075.25
10040,2021-01-12 13:39:00,1075.0,1075.0,1075.0,1075.0,50,12850,845.61,1066.85,1075.25
10041,2021-01-12 13:40:00,1075.0,1075.0,1075.0,1075.0,50,12850,845.61,1066.85,1075.25
10042,2021-01-12 13:41:00,1075.0,1075.0,1075.0,1075.0,50,12850,845.61,1066.85,1075.25
10043,2021-01-12 13:42:00,1073.55,1073.55,1073.55,1073.55,25,12825,845.79,1075.35,1082.6
10044,2021-01-12 13:43:00,1073.6,1073.6,1073.6,1073.6,25,12825,845.97,1073.35,1080.0
10045,2021-01-12 13:44:00,1070.55,1070.55,1070.55,1070.55,25,12825,846.15,1071.0,1077.85
10046,2021-01-12 13:45:00,1083.1,1083.1,1083.1,1083.1,25,12775,846.34,1081.25,1088.1
10047,2021-01-12 13:46:00,1080.0,1080.0,1080.0,1080.0,50,12775,846.71,1069.0,1075.75
10048,2021-01-12 13:47:00,1080.0,1080.0,1080.0,1080.0,50,12775,846.71,1069.0,1075.75
10049,2021-01-12 13:48:00,1080.0,1080.0,1080.0,1080.0,50,12775,846.71,1069.0,1075.75
10050,2021-01-12 13:49:00,1040.2,1040.2,1040.0,1040.0,275,12800,848.38,1033.55,1040.75
10051,2021-01-12 13:50:00,1040.2,1040.2,1040.0,1040.0,275,12800,848.38,1033.55,1040.75
10052,2021-01-12 13:51:00,1036.0,1039.65,1036.0,1039.65,100,12775,848.98,1041.45,1047.65
10053,2021-01-12 13:52:00,1036.0,1039.65,1036.0,1039.65,100,12775,848.98,1041.45,1047.65
10054,2021-01-12 13:53:00,1061.25,1061.25,1061.25,1061.25,25,12775,849.14,1056.0,1061.7
10055,2021-01-12 13:54:00,1050.0,1050.0,1050.0,1050.0,25,12650,849.3,1050.0,1052.55
10056,2021-01-12 13:55:00,1050.0,1050.0,1050.0,1050.0,125,0,850.08,1045.7,1051.85
10057,2021-01-12 13:56:00,1050.0,1050.0,1050.0,1050.0,125,0,850.08,1045.7,1051.85
10058,2021-01-12 13:57:00,1063.0,1067.0,1063.0,1067.0,125,12650,850.91,1060.65,1066.2
10059,2021-01-12 13:58:00,1063.0,1067.0,1063.0,1067.0,125,12650,850.91,1060.65,1066.2
10060,2021-01-12 13:59:00,1063.35,1063.35,1063.35,1063.35,50,12650,851.24,1059.45,1065.0
10061,2021-01-12 14:00:00,1063.35,1063.35,1063.35,1063.35,50,12650,851.24,1059.45,1065.0
10062,2021-01-12 14:01:00,1063.35,1063.35,1063.35,1063.35,50,12650,851.24,1059.45,1065.0
10063,2021-01-12 14:02:00,1063.35,1063.35,1063.35,1063.35,50,12650,851.24,1059.45,1065.0
10064,2021-01-12 14:03:00,1060.0,1060.0,1060.0,1060.0,150,12600,852.2,1054.15,1060.1
10065,2021-01-12 14:04:00,1060.0,1060.0,1060.0,1060.0,150,12600,852.2,1054.15,1060.1
10066,2021-01-12 14:05:00,1060.0,1060.0,1060.0,1060.0,150,12600,852.2,1054.15,1060.1
10067,2021-01-12 14:06:00,1060.0,1060.0,1060.0,1060.0,150,12600,852.2,1054.15,1060.1
10068,2021-01-12 14:07:00,1061.0,1061.0,1061.0,1061.0,50,12650,852.53,1060.4,1066.45
10069,2021-01-12 14:08:00,1061.0,1061.0,1061.0,1061.0,50,12650,852.53,1060.4,1066.45
10070,2021-01-12 14:09:00,1061.0,1061.0,1061.0,1061.0,50,12650,852.53,1060.4,1066.45
10071,2021-01-12 14:10:00,1061.0,1061.0,1061.0,1061.0,50,12650,852.53,1060.4,1066.45
10072,2021-01-12 14:11:00,1061.0,1061.0,1061.0,1061.0,50,12650,852.53,1060.4,1066.45
10073,2021-01-12 14:12:00,1061.0,1061.0,1061.0,1061.0,50,12650,852.53,1060.4,1066.45
10074,2021-01-12 14:13:00,1061.0,1061.0,1061.0,1061.0,50,12650,852.53,1060.4,1066.45
10075,2021-01-12 14:14:00,1061.0,1061.0,1061.0,1061.0,50,12650,852.53,1060.4,1066.45
10076,2021-01-12 14:15:00,1061.0,1061.0,1061.0,1061.0,50,12650,852.53,1060.4,1066.45
10077,2021-01-12 14:16:00,1052.9,1052.9,1050.0,1050.0,350,12600,854.64,1044.25,1050.25
10078,2021-01-12 14:17:00,1052.9,1052.9,1050.0,1050.0,350,12600,854.64,1044.25,1050.25
10079,2021-01-12 14:18:00,1052.9,1052.9,1050.0,1050.0,350,12600,854.64,1044.25,1050.25
10080,2021-01-12 14:19:00,1053.35,1053.35,1050.7,1050.7,150,12650,855.53,1050.5,1056.05
10081,2021-01-12 14:20:00,1053.35,1053.35,1050.7,1050.7,150,12650,855.53,1050.5,1056.05
10082,2021-01-12 14:21:00,1053.35,1053.35,1050.7,1050.7,150,12650,855.53,1050.5,1056.05
10083,2021-01-12 14:22:00,1053.35,1053.35,1050.7,1050.7,150,12650,855.53,1050.5,1056.05
10084,2021-01-12 14:23:00,1053.35,1053.35,1050.7,1050.7,150,12650,855.53,1050.5,1056.05
10085,2021-01-12 14:24:00,1053.35,1053.35,1050.7,1050.7,150,12650,855.53,1050.5,1056.05
10086,2021-01-12 14:25:00,1053.35,1053.35,1050.7,1050.7,150,12650,855.53,1050.5,1056.05
10087,2021-01-12 14:26:00,1053.35,1053.35,1050.7,1050.7,150,12650,855.53,1050.5,1056.05
10088,2021-01-12 14:27:00,1060.2,1060.2,1060.2,1060.2,25,12325,855.69,1054.35,1060.2
10089,2021-01-12 14:28:00,1060.2,1060.2,1060.2,1060.2,25,12325,855.69,1054.35,1060.2
10090,2021-01-12 14:29:00,1060.2,1060.2,1060.2,1060.2,25,12325,855.69,1054.35,1060.2
10091,2021-01-12 14:30:00,1060.2,1060.2,1060.2,1060.2,25,12325,855.69,1054.35,1060.2
10092,2021-01-12 14:31:00,1060.2,1060.2,1060.2,1060.2,25,12325,855.69,1054.35,1060.2
10093,2021-01-12 14:32:00,1046.25,1046.25,1046.25,1046.25,25,12325,855.83,1047.5,1053.05
10094,2021-01-12 14:33:00,1045.95,1045.95,1038.0,1038.0,150,12300,856.68,1034.85,1040.6
10095,2021-01-12 14:34:00,1038.0,1045.95,1038.0,1045.95,50,12300,856.96,1043.05,1047.75
10096,2021-01-12 14:35:00,1051.0,1051.0,1051.0,1051.0,25,12300,857.11,1046.0,1050.75
10097,2021-01-12 14:36:00,1045.95,1045.95,1045.95,1045.95,25,12300,857.25,1035.65,1041.55
10098,2021-01-12 14:37:00,1045.65,1045.65,1045.65,1045.65,25,12300,857.39,1044.05,1050.45
10099,2021-01-12 14:38:00,1045.65,1045.65,1045.65,1045.65,25,12300,857.39,1044.05,1050.45
10100,2021-01-12 14:39:00,1045.65,1045.65,1045.65,1045.65,25,12300,857.39,1044.05,1050.45
10101,2021-01-12 14:40:00,1063.4,1063.4,1063.4,1063.4,25,12300,857.55,1062.25,1068.05
10102,2021-01-12 14:41:00,1063.95,1063.95,1063.95,1063.95,25,12300,857.7,1065.35,1071.15
10103,2021-01-12 14:42:00,1063.95,1063.95,1063.95,1063.95,25,12300,857.7,1065.35,1071.15
10104,2021-01-12 14:43:00,1064.95,1064.95,1064.95,1064.95,100,12250,858.32,1060.1,1066.1
10105,2021-01-12 14:44:00,1066.15,1066.15,1066.15,1066.15,25,12250,858.48,1066.45,1071.95
10106,2021-01-12 14:45:00,1074.15,1074.15,1074.15,1074.15,50,12250,858.8,1063.0,1069.8
10107,2021-01-12 14:46:00,1074.15,1074.15,1074.15,1074.15,50,12250,858.8,1063.0,1069.8
10108,2021-01-12 14:47:00,1074.15,1074.15,1074.15,1074.15,50,12250,858.8,1063.0,1069.8
10109,2021-01-12 14:48:00,1074.7,1087.3,1074.7,1087.3,75,12350,859.29,1079.6,1085.7
10110,2021-01-12 14:49:00,1074.7,1087.3,1074.7,1087.3,75,12350,859.29,1079.6,1085.7
10111,2021-01-12 14:50:00,1074.7,1087.3,1074.7,1087.3,75,12350,859.29,1079.6,1085.7
10112,2021-01-12 14:51:00,1069.6,1069.6,1069.6,1069.6,50,12375,859.6,1063.8,1070.15
10113,2021-01-12 14:52:00,1069.6,1069.6,1069.6,1069.6,50,12375,859.6,1063.8,1070.15
10114,2021-01-12 14:53:00,1066.7,1069.6,1064.5,1064.5,75,12350,860.07,1065.7,1071.8
10115,2021-01-12 14:54:00,1066.7,1069.6,1064.5,1064.5,75,12350,860.07,1065.7,1071.8
10116,2021-01-12 14:55:00,1087.0,1087.0,1087.0,1087.0,50,12375,860.4,1078.05,1084.05
10117,2021-01-12 14:56:00,1087.0,1087.0,1087.0,1087.0,50,12375,860.4,1078.05,1084.05
10118,2021-01-12 14:57:00,1087.0,1087.0,1087.0,1087.0,50,12375,860.4,1078.05,1084.05
10119,2021-01-12 14:58:00,1087.0,1087.0,1087.0,1087.0,50,12375,860.4,1078.05,1084.05
10120,2021-01-12 14:59:00,1084.65,1084.65,1084.65,1084.65,25,12350,860.57,1076.4,1083.0
10121,2021-01-12 15:00:00,1084.5,1090.0,1084.5,1090.0,100,12350,861.24,1086.65,1091.95
10122,2021-01-12 15:01:00,1094.95,1095.0,1094.95,1095.0,100,12350,861.92,1088.9,1096.15
10123,2021-01-12 15:02:00,1100.0,1100.0,1100.0,1100.0,150,12350,862.97,1097.9,1104.7
10124,2021-01-12 15:03:00,1100.0,1100.0,1100.0,1100.0,150,12350,862.97,1097.9,1104.7
10125,2021-01-12 15:04:00,1094.1,1100.0,1094.1,1100.0,75,12375,863.48,1104.05,1110.0
10126,2021-01-12 15:05:00,1110.0,1110.0,1110.0,1110.0,50,12375,863.84,1107.7,1114.3
10127,2021-01-12 15:06:00,1110.0,1110.0,1110.0,1110.0,50,12375,863.84,1107.7,1114.3
10128,2021-01-12 15:07:00,1105.0,1105.0,1105.0,1105.0,100,12200,864.54,1096.9,1104.0
10129,2021-01-12 15:08:00,1105.0,1105.0,1105.0,1105.0,100,12200,864.54,1096.9,1104.0
10130,2021-01-12 15:09:00,1105.0,1105.0,1105.0,1105.0,100,12200,864.54,1096.9,1104.0
10131,2021-01-12 15:10:00,1105.0,1105.0,1105.0,1105.0,100,12200,864.54,1096.9,1104.0
10132,2021-01-12 15:11:00,1105.0,1105.0,1105.0,1105.0,100,12200,864.54,1096.9,1104.0
10133,2021-01-12 15:12:00,1094.9,1094.9,1094.9,1094.9,25,12075,864.71,1087.65,1094.9
10134,2021-01-12 15:13:00,1094.35,1094.35,1094.35,1094.35,50,12075,865.04,1085.15,1091.65
10135,2021-01-12 15:14:00,1086.1,1086.1,1086.1,1086.1,25,0,865.2,1085.0,1091.55
10136,2021-01-12 15:15:00,1080.75,1080.75,1080.0,1080.0,75,12075,865.67,1073.95,1082.05
10137,2021-01-12 15:16:00,1070.0,1070.0,1070.0,1070.0,25,12025,865.82,1063.6,1070.75
10138,2021-01-12 15:17:00,1070.35,1070.35,1070.35,1070.35,50,12025,866.12,1061.6,1069.05
10139,2021-01-12 15:18:00,1070.35,1070.35,1070.35,1070.35,50,12025,866.12,1061.6,1069.05
10140,2021-01-12 15:19:00,1061.75,1061.75,1061.75,1061.75,25,11975,866.26,1056.45,1063.75
10141,2021-01-12 15:20:00,1061.75,1061.75,1061.75,1061.75,25,11975,866.26,1056.45,1063.75
10142,2021-01-12 15:21:00,1074.35,1074.35,1074.35,1074.35,25,11975,866.41,1066.75,1075.25
10143,2021-01-12 15:22:00,1074.35,1074.35,1074.35,1074.35,25,11950,866.56,1070.1,1078.05
10144,2021-01-12 15:23:00,1074.35,1074.35,1074.35,1074.35,25,11950,866.56,1070.1,1078.05
10145,2021-01-12 15:24:00,1067.35,1067.35,1067.35,1067.35,75,11950,866.99,1068.5,1075.6
10146,2021-01-12 15:25:00,1069.2,1069.2,1069.2,1069.2,25,11900,867.13,1072.45,1082.15
10147,2021-01-12 15:26:00,1080.0,1080.0,1080.0,1080.0,50,11900,867.44,1075.9,1085.3
10148,2021-01-12 15:27:00,1081.25,1081.25,1081.25,1081.25,25,11900,867.59,1080.0,1087.5
10149,2021-01-12 15:28:00,1081.25,1081.25,1081.25,1081.25,25,11900,867.59,1080.0,1087.5
10150,2021-01-12 15:29:00,1081.25,1081.25,1081.25,1081.25,25,11900,867.59,1080.0,1087.5
10151,2021-01-12 15:30:00,1080.0,1080.0,1080.0,1080.0,50,11825,867.9,1068.7,1099.4
10152,2021-01-13 09:15:00,1093.5,1093.5,1093.5,1093.5,25,11750,1093.5,1093.9,1136.6
10153,2021-01-13 09:16:00,1146.1,1152.35,1102.2,1125.75,175,11750,1131.76,1106.9,1125.65
10154,2021-01-13 09:17:00,1125.75,1125.75,1125.75,1125.75,25,11750,1131.09,1115.5,1131.7
10155,2021-01-13 09:18:00,1115.05,1115.05,1115.05,1115.05,25,11750,1129.49,1115.05,1125.6
10156,2021-01-13 09:19:00,1120.0,1124.55,1118.9,1124.55,400,11750,1125.25,1120.45,1135.75
10157,2021-01-13 09:20:00,1163.0,1163.0,1163.0,1163.0,300,11550,1135.34,1134.65,1157.25
10158,2021-01-13 09:21:00,1162.95,1162.95,1162.95,1162.95,50,11550,1136.72,1138.65,1158.95
10159,2021-01-13 09:22:00,1140.0,1140.0,1140.0,1140.0,50,11550,1136.87,1122.75,1136.9
10160,2021-01-13 09:23:00,1121.75,1131.65,1121.75,1129.45,75,11700,1136.26,1118.15,1133.1
10161,2021-01-13 09:24:00,1129.45,1140.0,1129.45,1140.0,175,11700,1136.06,1132.65,1149.85
10162,2021-01-13 09:25:00,1129.45,1140.0,1129.45,1140.0,175,11700,1136.06,1132.65,1149.85
10163,2021-01-13 09:26:00,1150.0,1150.0,1130.0,1130.0,300,11725,1136.59,1127.25,1155.95
10164,2021-01-13 09:27:00,1155.85,1155.85,1133.25,1133.25,75,11725,1136.78,1129.1,1152.65
10165,2021-01-13 09:28:00,1133.25,1152.2,1133.25,1152.2,75,11725,1136.9,1130.25,1155.55
10166,2021-01-13 09:29:00,1133.25,1152.2,1133.25,1152.2,75,11725,1136.9,1130.25,1155.55
10167,2021-01-13 09:30:00,1133.25,1152.2,1133.25,1152.2,75,11725,1136.9,1130.25,1155.55
10168,2021-01-13 09:31:00,1133.25,1152.2,1133.25,1152.2,75,11725,1136.9,1130.25,1155.55
10169,2021-01-13 09:32:00,1175.0,1175.0,1175.0,1175.0,325,11575,1142.86,1166.1,1177.55
10170,2021-01-13 09:33:00,1179.95,1180.0,1177.6,1180.0,175,11275,1145.72,1175.45,1185.85
10171,2021-01-13 09:34:00,1179.95,1180.0,1177.6,1180.0,175,11275,1145.72,1175.45,1185.85
10172,2021-01-13 09:35:00,1203.8,1216.3,1203.8,1216.3,75,11350,1147.73,1227.8,1234.95
10173,2021-01-13 09:36:00,1235.0,1235.0,1235.0,1235.0,25,11350,1148.66,1239.85,1247.55
10174,2021-01-13 09:37:00,1239.85,1239.85,1239.3,1239.3,50,11350,1150.55,1257.15,1280.95
10175,2021-01-13 09:38:00,1257.15,1257.15,1257.15,1257.15,25,11350,1151.65,1266.35,1274.5
10176,2021-01-13 09:39:00,1274.5,1274.5,1274.5,1274.5,25,11250,1152.9,1254.7,1263.4
10177,2021-01-13 09:40:00,1250.2,1250.2,1250.2,1250.2,75,11250,1155.88,1255.0,1264.55
10178,2021-01-13 09:41:00,1250.2,1250.2,1250.2,1250.2,75,11250,1155.88,1255.0,1264.55
10179,2021-01-13 09:42:00,1250.2,1250.2,1250.2,1250.2,75,11250,1155.88,1255.0,1264.55
10180,2021-01-13 09:43:00,1250.2,1250.2,1250.2,1250.2,75,11250,1155.88,1255.0,1264.55
10181,2021-01-13 09:44:00,1260.05,1260.05,1255.0,1255.0,50,11175,1157.85,1250.0,1253.95
10182,2021-01-13 09:45:00,1250.0,1250.0,1242.0,1242.0,575,11175,1174.21,1237.45,1249.65
10183,2021-01-13 09:46:00,1250.0,1250.0,1242.0,1242.0,575,11175,1174.21,1237.45,1249.65
10184,2021-01-13 09:47:00,1250.0,1250.0,1242.0,1242.0,575,11175,1174.21,1237.45,1249.65
10185,2021-01-13 09:48:00,1250.0,1250.0,1242.0,1242.0,575,11175,1174.21,1237.45,1249.65
10186,2021-01-13 09:49:00,1250.0,1250.0,1242.0,1242.0,575,11175,1174.21,1237.45,1249.65
10187,2021-01-13 09:50:00,1249.0,1249.0,1249.0,1249.0,50,11475,1175.39,1242.5,1249.95
10188,2021-01-13 09:51:00,1242.0,1249.85,1242.0,1249.85,50,11475,1176.47,1243.75,1254.25
10189,2021-01-13 09:52:00,1241.3,1241.3,1241.3,1241.3,25,11475,1176.97,1235.75,1244.6
10190,2021-01-13 09:53:00,1241.3,1241.3,1241.3,1241.3,25,11475,1176.97,1235.75,1244.6
10191,2021-01-13 09:54:00,1240.95,1240.95,1240.95,1240.95,25,11450,1177.45,1235.4,1244.9
10192,2021-01-13 09:55:00,1243.65,1243.65,1243.65,1243.65,25,11450,1177.95,1234.4,1260.5
10193,2021-01-13 09:56:00,1248.45,1248.45,1248.45,1248.45,25,0,1178.48,1239.7,1248.4
10194,2021-01-13 09:57:00,1248.45,1248.45,1248.45,1248.45,25,0,1178.48,1239.7,1248.4
10195,2021-01-13 09:58:00,1248.45,1248.45,1248.45,1248.45,25,0,1178.48,1239.7,1248.4
10196,2021-01-13 09:59:00,1242.45,1242.45,1242.45,1242.45,25,11425,1178.95,1235.25,1241.4
10197,2021-01-13 10:00:00,1245.0,1260.1,1245.0,1260.1,125,11050,1181.44,1252.8,1260.1
10198,2021-01-13 10:01:00,1261.15,1263.05,1260.0,1260.0,125,11050,1184.22,1255.65,1262.75
10199,2021-01-13 10:02:00,1265.0,1267.7,1265.0,1267.7,325,10825,1190.88,1262.75,1270.4
10200,2021-01-13 10:03:00,1266.5,1266.5,1263.55,1263.55,75,10825,1192.27,1256.3,1263.2
10201,2021-01-13 10:04:00,1262.2,1262.2,1260.35,1260.35,75,10825,1193.54,1252.25,1259.9
10202,2021-01-13 10:05:00,1252.45,1252.45,1252.45,1252.45,25,10825,1193.9,1249.0,1256.35
10203,2021-01-13 10:06:00,1252.45,1252.45,1252.45,1252.45,25,10825,1193.9,1249.0,1256.35
10204,2021-01-13 10:07:00,1252.45,1252.45,1252.45,1252.45,25,10825,1193.9,1249.0,1256.35
10205,2021-01-13 10:08:00,1252.45,1252.45,1252.45,1252.45,25,10825,1193.9,1249.0,1256.35
10206,2021-01-13 10:09:00,1252.45,1252.45,1252.45,1252.45,25,10825,1193.9,1249.0,1256.35
10207,2021-01-13 10:10:00,1256.2,1256.2,1256.2,1256.2,50,10825,1194.64,1246.8,1253.75
10208,2021-01-13 10:11:00,1256.2,1256.2,1256.2,1256.2,50,10825,1194.64,1246.8,1253.75
10209,2021-01-13 10:12:00,1245.05,1245.05,1245.0,1245.0,100,10825,1195.82,1236.85,1251.4
10210,2021-01-13 10:13:00,1239.85,1239.85,1236.9,1236.9,50,10825,1196.31,1240.1,1247.9
10211,2021-01-13 10:14:00,1234.2,1234.2,1234.2,1234.2,25,10825,1196.53,1235.2,1242.4
10212,2021-01-13 10:15:00,1234.2,1234.2,1234.2,1234.2,25,10825,1196.53,1235.2,1242.4
10213,2021-01-13 10:16:00,1234.2,1234.2,1234.2,1234.2,25,10825,1196.53,1235.2,1242.4
10214,2021-01-13 10:17:00,1234.2,1234.2,1234.2,1234.2,25,10825,1196.53,1235.2,1242.4
10215,2021-01-13 10:18:00,1202.9,1202.9,1202.9,1202.9,25,10750,1196.57,1205.95,1214.95
10216,2021-01-13 10:19:00,1202.9,1202.9,1202.9,1202.9,25,10750,1196.57,1205.95,1214.95
10217,2021-01-13 10:20:00,1200.0,1200.0,1200.0,1200.0,25,10725,1196.59,1200.2,1209.55
10218,2021-01-13 10:21:00,1200.0,1200.0,1200.0,1200.0,25,10725,1196.59,1200.2,1209.55
10219,2021-01-13 10:22:00,1200.0,1200.0,1200.0,1200.0,25,10725,1196.59,1200.2,1209.55
10220,2021-01-13 10:23:00,1200.0,1200.0,1200.0,1200.0,25,10725,1196.59,1200.2,1209.55
10221,2021-01-13 10:24:00,1200.0,1200.0,1200.0,1200.0,25,10725,1196.59,1200.2,1209.55
10222,2021-01-13 10:25:00,1200.0,1200.0,1200.0,1200.0,25,10725,1196.59,1200.2,1209.55
10223,2021-01-13 10:26:00,1200.0,1200.0,1200.0,1200.0,25,10725,1196.59,1200.2,1209.55
10224,2021-01-13 10:27:00,1200.0,1200.0,1200.0,1200.0,25,10725,1196.59,1200.2,1209.55
10225,2021-01-13 10:28:00,1200.0,1200.0,1200.0,1200.0,25,10725,1196.59,1200.2,1209.55
10226,2021-01-13 10:29:00,1200.0,1200.0,1200.0,1200.0,25,10725,1196.59,1200.2,1209.55
10227,2021-01-13 10:30:00,1200.0,1200.0,1200.0,1200.0,25,10725,1196.59,1200.2,1209.55
10228,2021-01-13 10:31:00,1200.0,1200.0,1200.0,1200.0,25,10725,1196.59,1200.2,1209.55
10229,2021-01-13 10:32:00,1210.0,1210.0,1210.0,1210.0,100,10750,1196.89,1201.0,1209.65
10230,2021-01-13 10:33:00,1210.0,1210.0,1210.0,1210.0,100,10750,1196.89,1201.0,1209.65
10231,2021-01-13 10:34:00,1210.0,1210.0,1210.0,1210.0,100,10750,1196.89,1201.0,1209.65
10232,2021-01-13 10:35:00,1155.05,1156.25,1155.05,1156.25,50,10675,1196.43,1125.0,1152.55
10233,2021-01-13 10:36:00,1133.9,1133.9,1133.9,1133.9,25,10675,1196.09,1145.55,1155.6
10234,2021-01-13 10:37:00,1146.15,1146.15,1146.15,1146.15,25,10675,1195.82,1160.3,1170.1
10235,2021-01-13 10:38:00,1146.15,1146.15,1146.15,1146.15,25,10675,1195.82,1160.3,1170.1
10236,2021-01-13 10:39:00,1146.15,1146.15,1146.15,1146.15,25,10675,1195.82,1160.3,1170.1
10237,2021-01-13 10:40:00,1146.15,1146.15,1146.15,1146.15,25,10675,1195.82,1160.3,1170.1
10238,2021-01-13 10:41:00,1146.15,1146.15,1146.15,1146.15,25,10675,1195.82,1160.3,1170.1
10239,2021-01-13 10:42:00,1146.15,1146.15,1146.15,1146.15,25,10675,1195.82,1160.3,1170.1
10240,2021-01-13 10:43:00,1146.15,1146.15,1146.15,1146.15,25,10675,1195.82,1160.3,1170.1
10241,2021-01-13 10:44:00,1193.15,1193.15,1193.15,1193.15,25,10625,1195.8,1183.9,1192.55
10242,2021-01-13 10:45:00,1193.15,1193.15,1193.15,1193.15,25,10625,1195.8,1183.9,1192.55
10243,2021-01-13 10:46:00,1207.35,1207.35,1202.05,1202.05,100,10625,1196.03,1198.35,1207.1
10244,2021-01-13 10:47:00,1207.35,1207.35,1202.05,1202.05,100,10625,1196.03,1198.35,1207.1
10245,2021-01-13 10:48:00,1207.35,1207.35,1202.05,1202.05,100,10625,1196.03,1198.35,1207.1
10246,2021-01-13 10:49:00,1207.35,1207.35,1202.05,1202.05,100,10625,1196.03,1198.35,1207.1
10247,2021-01-13 10:50:00,1202.05,1202.05,1202.05,1202.05,250,10675,1196.11,1192.7,1200.7
10248,2021-01-13 10:51:00,1202.05,1202.05,1202.05,1202.05,25,10675,1196.14,1195.6,1203.15
10249,2021-01-13 10:52:00,1202.05,1202.05,1202.05,1202.05,25,10675,1196.14,1195.6,1203.15
10250,2021-01-13 10:53:00,1202.05,1202.05,1202.05,1202.05,25,10675,1196.14,1195.6,1203.15
10251,2021-01-13 10:54:00,1202.05,1202.05,1202.05,1202.05,25,10675,1196.14,1195.6,1203.15
10252,2021-01-13 10:55:00,1202.05,1202.05,1202.05,1202.05,25,10675,1196.14,1195.6,1203.15
10253,2021-01-13 10:56:00,1204.15,1204.15,1204.15,1204.15,25,10675,1196.18,1207.25,1215.05
10254,2021-01-13 10:57:00,1204.15,1204.15,1204.15,1204.15,25,10675,1196.18,1207.25,1215.05
10255,2021-01-13 10:58:00,1204.15,1204.15,1204.15,1204.15,25,10675,1196.18,1207.25,1215.05
10256,2021-01-13 10:59:00,1195.6,1195.6,1195.6,1195.6,25,10650,1196.18,1197.5,1205.75
10257,2021-01-13 11:00:00,1195.6,1195.6,1195.6,1195.6,25,10650,1196.18,1197.5,1205.75
10258,2021-01-13 11:01:00,1195.6,1195.6,1195.6,1195.6,25,10650,1196.18,1197.5,1205.75
10259,2021-01-13 11:02:00,1195.6,1195.6,1195.6,1195.6,25,10650,1196.18,1197.5,1205.75
10260,2021-01-13 11:03:00,1195.6,1195.6,1195.6,1195.6,25,10650,1196.18,1197.5,1205.75
10261,2021-01-13 11:04:00,1195.6,1195.6,1195.6,1195.6,25,10650,1196.18,1197.5,1205.75
10262,2021-01-13 11:05:00,1195.6,1195.6,1195.6,1195.6,25,10650,1196.18,1197.5,1205.75
10263,2021-01-13 11:06:00,1213.65,1213.65,1206.6,1206.6,50,10650,1196.32,1203.65,1211.15
10264,2021-01-13 11:07:00,1195.6,1195.6,1195.6,1195.6,25,10650,1196.31,1190.25,1196.3
10265,2021-01-13 11:08:00,1195.6,1195.6,1195.6,1195.6,25,10650,1196.31,1190.25,1196.3
10266,2021-01-13 11:09:00,1195.6,1195.6,1195.6,1195.6,25,10650,1196.31,1190.25,1196.3
10267,2021-01-13 11:10:00,1195.6,1195.6,1195.6,1195.6,25,10650,1196.31,1190.25,1196.3
10268,2021-01-13 11:11:00,1175.35,1175.35,1175.35,1175.35,25,10675,1196.21,1178.15,1184.2
10269,2021-01-13 11:12:00,1175.35,1175.35,1175.35,1175.35,25,10675,1196.21,1178.15,1184.2
10270,2021-01-13 11:13:00,1175.35,1175.35,1175.35,1175.35,25,10675,1196.21,1178.15,1184.2
10271,2021-01-13 11:14:00,1175.35,1175.35,1175.35,1175.35,25,10675,1196.21,1178.15,1184.2
10272,2021-01-13 11:15:00,1175.35,1175.35,1175.35,1175.35,25,10675,1196.21,1178.15,1184.2
10273,2021-01-13 11:16:00,1175.35,1175.35,1175.35,1175.35,25,10675,1196.21,1178.15,1184.2
10274,2021-01-13 11:17:00,1175.35,1175.35,1175.35,1175.35,25,10675,1196.21,1178.15,1184.2
10275,2021-01-13 11:18:00,1187.95,1187.95,1187.95,1187.95,25,10700,1196.17,1185.3,1190.9
10276,2021-01-13 11:19:00,1187.95,1187.95,1187.95,1187.95,25,10700,1196.17,1185.3,1190.9
10277,2021-01-13 11:20:00,1187.95,1187.95,1187.95,1187.95,25,10700,1196.17,1185.3,1190.9
10278,2021-01-13 11:21:00,1187.95,1187.95,1187.95,1187.95,25,10700,1196.17,1185.3,1190.9
10279,2021-01-13 11:22:00,1187.95,1187.95,1187.95,1187.95,25,10700,1196.17,1185.3,1190.9
10280,2021-01-13 11:23:00,1175.35,1175.35,1175.35,1175.35,25,10700,1196.07,1147.85,1171.45
10281,2021-01-13 11:24:00,1164.3,1164.3,1164.3,1164.3,25,10700,1195.92,1155.95,1175.25
10282,2021-01-13 11:25:00,1156.25,1174.05,1156.25,1171.4,75,10700,1195.51,1156.9,1178.75
10283,2021-01-13 11:26:00,1156.25,1174.05,1156.25,1171.4,75,10700,1195.51,1156.9,1178.75
10284,2021-01-13 11:27:00,1156.25,1174.05,1156.25,1171.4,75,10700,1195.51,1156.9,1178.75
10285,2021-01-13 11:28:00,1156.25,1174.05,1156.25,1171.4,75,10700,1195.51,1156.9,1178.75
10286,2021-01-13 11:29:00,1156.25,1174.05,1156.25,1171.4,75,10700,1195.51,1156.9,1178.75
10287,2021-01-13 11:30:00,1156.25,1174.05,1156.25,1171.4,75,10700,1195.51,1156.9,1178.75
10288,2021-01-13 11:31:00,1156.25,1174.05,1156.25,1171.4,75,10700,1195.51,1156.9,1178.75
10289,2021-01-13 11:32:00,1156.25,1174.05,1156.25,1171.4,75,10700,1195.51,1156.9,1178.75
10290,2021-01-13 11:33:00,1156.25,1174.05,1156.25,1171.4,75,10700,1195.51,1156.9,1178.75
10291,2021-01-13 11:34:00,1125.0,1125.0,1125.0,1125.0,75,10675,1194.53,1103.6,1124.45
10292,2021-01-13 11:35:00,1125.0,1125.0,1125.0,1125.0,25,10675,1194.21,1111.0,1139.9
10293,2021-01-13 11:36:00,1125.0,1125.0,1125.0,1125.0,25,10675,1194.21,1111.0,1139.9
10294,2021-01-13 11:37:00,1125.0,1125.0,1125.0,1125.0,25,10675,1194.21,1111.0,1139.9
10295,2021-01-13 11:38:00,1125.0,1125.0,1125.0,1125.0,25,10675,1194.21,1111.0,1139.9
10296,2021-01-13 11:39:00,1115.0,1115.0,1115.0,1115.0,25,10700,1193.84,1100.0,1120.65
10297,2021-01-13 11:40:00,1100.0,1100.0,1094.25,1094.25,125,10700,1191.65,1088.25,1113.5
10298,2021-01-13 11:41:00,1104.15,1104.15,1104.15,1104.15,75,10700,1190.48,1090.35,1096.45
10299,2021-01-13 11:42:00,1093.0,1093.0,1093.0,1093.0,25,10625,1190.05,1120.0,1125.1
10300,2021-01-13 11:43:00,1120.0,1120.0,1120.0,1120.0,25,0,1189.74,1108.35,1115.3
10301,2021-01-13 11:44:00,1113.7,1114.1,1113.7,1114.1,100,10700,1188.43,1113.7,1116.95
10302,2021-01-13 11:45:00,1113.7,1113.7,1113.7,1113.7,25,10700,1188.1,1098.0,1103.7
10303,2021-01-13 11:46:00,1098.0,1098.0,1098.0,1098.0,25,0,1187.72,1108.75,1114.25
10304,2021-01-13 11:47:00,1105.55,1105.55,1105.55,1105.55,25,10700,1187.37,1127.85,1133.9
10305,2021-01-13 11:48:00,1105.55,1105.55,1105.55,1105.55,25,10700,1187.37,1127.85,1133.9
10306,2021-01-13 11:49:00,1143.45,1143.45,1143.45,1143.45,25,10625,1187.18,1143.25,1150.45
10307,2021-01-13 11:50:00,1143.45,1143.45,1143.45,1143.45,25,10625,1187.18,1143.25,1150.45
10308,2021-01-13 11:51:00,1143.45,1143.45,1143.45,1143.45,25,10625,1187.18,1143.25,1150.45
10309,2021-01-13 11:52:00,1150.8,1150.8,1138.25,1138.25,100,10625,1186.41,1123.2,1148.65
10310,2021-01-13 11:53:00,1150.8,1150.8,1138.25,1138.25,100,10625,1186.41,1123.2,1148.65
10311,2021-01-13 11:54:00,1150.8,1150.8,1138.25,1138.25,100,10625,1186.41,1123.2,1148.65
10312,2021-01-13 11:55:00,1125.2,1125.2,1125.2,1125.2,25,10675,1186.16,1118.45,1137.95
10313,2021-01-13 11:56:00,1125.95,1125.95,1125.95,1125.95,175,10675,1184.74,1121.85,1145.15
10314,2021-01-13 11:57:00,1125.95,1125.95,1125.95,1125.95,175,10675,1184.74,1121.85,1145.15
10315,2021-01-13 11:58:00,1125.95,1125.95,1125.95,1125.95,175,10675,1184.74,1121.85,1145.15
10316,2021-01-13 11:59:00,1125.95,1125.95,1125.95,1125.95,175,10675,1184.74,1121.85,1145.15
10317,2021-01-13 12:00:00,1066.5,1078.25,1066.5,1068.7,125,10650,1182.5,1066.0,1087.15
10318,2021-01-13 12:01:00,1066.5,1078.25,1066.5,1068.7,125,10650,1182.5,1066.0,1087.15
10319,2021-01-13 12:02:00,1066.5,1078.25,1066.5,1068.7,125,10650,1182.5,1066.0,1087.15
10320,2021-01-13 12:03:00,1066.5,1078.25,1066.5,1068.7,125,10650,1182.5,1066.0,1087.15
10321,2021-01-13 12:04:00,1066.5,1078.25,1066.5,1068.7,125,10650,1182.5,1066.0,1087.15
10322,2021-01-13 12:05:00,1066.5,1078.25,1066.5,1068.7,125,10650,1182.5,1066.0,1087.15
10323,2021-01-13 12:06:00,1066.5,1078.25,1066.5,1068.7,125,10650,1182.5,1066.0,1087.15
10324,2021-01-13 12:07:00,1066.5,1078.25,1066.5,1068.7,125,10650,1182.5,1066.0,1087.15
10325,2021-01-13 12:08:00,1066.5,1078.25,1066.5,1068.7,125,10650,1182.5,1066.0,1087.15
10326,2021-01-13 12:09:00,1066.5,1078.25,1066.5,1068.7,125,10650,1182.5,1066.0,1087.15
10327,2021-01-13 12:10:00,1123.85,1123.85,1123.85,1123.85,25,10575,1182.27,1115.1,1122.05
10328,2021-01-13 12:11:00,1123.85,1123.85,1123.85,1123.85,25,10575,1182.27,1115.1,1122.05
10329,2021-01-13 12:12:00,1123.85,1123.85,1123.85,1123.85,25,10575,1182.27,1115.1,1122.05
10330,2021-01-13 12:13:00,1142.95,1142.95,1142.95,1142.95,75,10550,1181.81,1126.05,1133.65
10331,2021-01-13 12:14:00,1142.95,1142.95,1142.95,1142.95,75,10550,1181.81,1126.05,1133.65
10332,2021-01-13 12:15:00,1142.95,1142.95,1142.95,1142.95,75,10550,1181.81,1126.05,1133.65
10333,2021-01-13 12:16:00,1142.95,1142.95,1142.95,1142.95,75,10550,1181.81,1126.05,1133.65
10334,2021-01-13 12:17:00,1157.3,1157.3,1157.3,1157.3,25,10525,1181.72,1149.8,1155.95
10335,2021-01-13 12:18:00,1157.3,1157.3,1157.3,1157.3,25,10525,1181.72,1149.8,1155.95
10336,2021-01-13 12:19:00,1157.3,1157.3,1157.3,1157.3,25,10525,1181.72,1149.8,1155.95
10337,2021-01-13 12:20:00,1157.3,1157.3,1157.3,1157.3,25,10525,1181.72,1149.8,1155.95
10338,2021-01-13 12:21:00,1157.3,1157.3,1157.3,1157.3,25,10525,1181.72,1149.8,1155.95
10339,2021-01-13 12:22:00,1157.3,1157.3,1157.3,1157.3,25,10525,1181.72,1149.8,1155.95
10340,2021-01-13 12:23:00,1157.3,1157.3,1157.3,1157.3,25,10525,1181.72,1149.8,1155.95
10341,2021-01-13 12:24:00,1157.3,1157.3,1157.3,1157.3,25,10525,1181.72,1149.8,1155.95
10342,2021-01-13 12:25:00,1157.3,1157.3,1157.3,1157.3,25,10525,1181.72,1149.8,1155.95
10343,2021-01-13 12:26:00,1157.3,1157.3,1157.3,1157.3,25,10525,1181.72,1149.8,1155.95
10344,2021-01-13 12:27:00,1172.65,1172.65,1172.65,1172.65,75,10525,1181.61,1163.0,1169.65
10345,2021-01-13 12:28:00,1159.2,1159.2,1159.2,1159.2,25,10525,1181.53,1159.55,1167.6
10346,2021-01-13 12:29:00,1159.2,1159.2,1159.2,1159.2,25,10525,1181.53,1159.55,1167.6
10347,2021-01-13 12:30:00,1159.2,1159.2,1159.2,1159.2,25,10525,1181.53,1159.55,1167.6
10348,2021-01-13 12:31:00,1159.2,1159.2,1159.2,1159.2,25,10525,1181.53,1159.55,1167.6
10349,2021-01-13 12:32:00,1159.2,1159.2,1159.2,1159.2,25,10525,1181.53,1159.55,1167.6
10350,2021-01-13 12:33:00,1159.2,1159.2,1159.2,1159.2,25,10525,1181.53,1159.55,1167.6
10351,2021-01-13 12:34:00,1159.2,1159.2,1159.2,1159.2,25,10525,1181.53,1159.55,1167.6
10352,2021-01-13 12:35:00,1159.2,1159.2,1159.2,1159.2,25,10525,1181.53,1159.55,1167.6
10353,2021-01-13 12:36:00,1159.2,1159.2,1159.2,1159.2,25,10525,1181.53,1159.55,1167.6
10354,2021-01-13 12:37:00,1159.2,1159.2,1159.2,1159.2,25,10525,1181.53,1159.55,1167.6
10355,2021-01-13 12:38:00,1159.2,1159.2,1159.2,1159.2,25,10525,1181.53,1159.55,1167.6
10356,2021-01-13 12:39:00,1159.2,1159.2,1159.2,1159.2,25,10525,1181.53,1159.55,1167.6
10357,2021-01-13 12:40:00,1159.2,1159.2,1159.2,1159.2,25,10525,1181.53,1159.55,1167.6
10358,2021-01-13 12:41:00,1159.2,1159.2,1159.2,1159.2,25,10525,1181.53,1159.55,1167.6
10359,2021-01-13 12:42:00,1159.2,1159.2,1159.2,1159.2,25,10525,1181.53,1159.55,1167.6
10360,2021-01-13 12:43:00,1159.2,1159.2,1159.2,1159.2,25,10525,1181.53,1159.55,1167.6
10361,2021-01-13 12:44:00,1159.2,1159.2,1159.2,1159.2,25,10525,1181.53,1159.55,1167.6
10362,2021-01-13 12:45:00,1159.2,1159.2,1159.2,1159.2,25,10525,1181.53,1159.55,1167.6
10363,2021-01-13 12:46:00,1159.2,1159.2,1159.2,1159.2,25,10525,1181.53,1159.55,1167.6
10364,2021-01-13 12:47:00,1159.2,1159.2,1159.2,1159.2,25,10525,1181.53,1159.55,1167.6
10365,2021-01-13 12:48:00,1159.2,1159.2,1159.2,1159.2,25,10525,1181.53,1159.55,1167.6
10366,2021-01-13 12:49:00,1159.2,1159.2,1159.2,1159.2,25,10525,1181.53,1159.55,1167.6
10367,2021-01-13 12:50:00,1188.25,1188.25,1188.25,1188.25,50,10575,1181.58,1196.75,1203.7
10368,2021-01-13 12:51:00,1188.25,1188.25,1188.25,1188.25,50,10575,1181.58,1196.75,1203.7
10369,2021-01-13 12:52:00,1188.25,1188.25,1188.25,1188.25,50,10575,1181.58,1196.75,1203.7
10370,2021-01-13 12:53:00,1188.25,1188.25,1188.25,1188.25,50,10575,1181.58,1196.75,1203.7
10371,2021-01-13 12:54:00,1188.25,1188.25,1188.25,1188.25,50,10575,1181.58,1196.75,1203.7
10372,2021-01-13 12:55:00,1188.25,1188.25,1188.25,1188.25,50,10575,1181.58,1196.75,1203.7
10373,2021-01-13 12:56:00,1188.25,1188.25,1188.25,1188.25,50,10575,1181.58,1196.75,1203.7
10374,2021-01-13 12:57:00,1188.25,1188.25,1188.25,1188.25,50,10575,1181.58,1196.75,1203.7
10375,2021-01-13 12:58:00,1188.25,1188.25,1188.25,1188.25,50,10575,1181.58,1196.75,1203.7
10376,2021-01-13 12:59:00,1188.25,1188.25,1188.25,1188.25,50,10575,1181.58,1196.75,1203.7
10377,2021-01-13 13:00:00,1188.25,1188.25,1188.25,1188.25,50,10575,1181.58,1196.75,1203.7
10378,2021-01-13 13:01:00,1188.25,1188.25,1188.25,1188.25,50,10575,1181.58,1196.75,1203.7
10379,2021-01-13 13:02:00,1188.25,1188.25,1188.25,1188.25,50,10575,1181.58,1196.75,1203.7
10380,2021-01-13 13:03:00,1188.25,1188.25,1188.25,1188.25,50,10575,1181.58,1196.75,1203.7
10381,2021-01-13 13:04:00,1188.25,1188.25,1188.25,1188.25,50,10575,1181.58,1196.75,1203.7
10382,2021-01-13 13:05:00,1188.25,1188.25,1188.25,1188.25,50,10575,1181.58,1196.75,1203.7
10383,2021-01-13 13:06:00,1156.35,1156.35,1156.35,1156.35,25,10600,1181.48,1143.65,1164.4
10384,2021-01-13 13:07:00,1156.35,1156.35,1156.35,1156.35,25,10600,1181.48,1143.65,1164.4
10385,2021-01-13 13:08:00,1156.35,1156.35,1156.35,1156.35,25,10600,1181.48,1143.65,1164.4
10386,2021-01-13 13:09:00,1156.35,1156.35,1156.35,1156.35,25,10600,1181.48,1143.65,1164.4
10387,2021-01-13 13:10:00,1156.35,1156.35,1156.35,1156.35,25,10600,1181.48,1143.65,1164.4
10388,2021-01-13 13:11:00,1156.35,1156.35,1156.35,1156.35,25,10600,1181.48,1143.65,1164.4
10389,2021-01-13 13:12:00,1156.35,1156.35,1156.35,1156.35,25,10600,1181.48,1143.65,1164.4
10390,2021-01-13 13:13:00,1156.35,1156.35,1156.35,1156.35,25,10600,1181.48,1143.65,1164.4
10391,2021-01-13 13:14:00,1133.65,1133.65,1133.65,1133.65,25,10575,1181.3,1122.0,1138.45
10392,2021-01-13 13:15:00,1133.65,1133.65,1133.65,1133.65,25,10575,1181.3,1122.0,1138.45
10393,2021-01-13 13:16:00,1133.65,1133.65,1133.65,1133.65,25,10575,1181.3,1122.0,1138.45
10394,2021-01-13 13:17:00,1155.0,1155.0,1155.0,1155.0,25,10600,1181.2,1150.95,1184.5
10395,2021-01-13 13:18:00,1155.0,1155.0,1155.0,1155.0,25,10600,1181.2,1150.95,1184.5
10396,2021-01-13 13:19:00,1155.0,1155.0,1155.0,1155.0,25,10600,1181.2,1150.95,1184.5
10397,2021-01-13 13:20:00,1155.0,1155.0,1155.0,1155.0,25,10600,1181.2,1150.95,1184.5
10398,2021-01-13 13:21:00,1155.0,1155.0,1155.0,1155.0,25,10600,1181.2,1150.95,1184.5
10399,2021-01-13 13:22:00,1155.0,1155.0,1155.0,1155.0,25,10600,1181.2,1150.95,1184.5
10400,2021-01-13 13:23:00,1155.0,1155.0,1155.0,1155.0,25,10600,1181.2,1150.95,1184.5
10401,2021-01-13 13:24:00,1155.0,1155.0,1155.0,1155.0,25,10600,1181.2,1150.95,1184.5
10402,2021-01-13 13:25:00,1157.95,1157.95,1157.95,1157.95,25,10575,1181.12,1138.25,1157.65
10403,2021-01-13 13:26:00,1157.95,1157.95,1157.95,1157.95,25,10575,1181.12,1138.25,1157.65
10404,2021-01-13 13:27:00,1157.95,1157.95,1157.95,1157.95,25,10575,1181.12,1138.25,1157.65
10405,2021-01-13 13:28:00,1157.95,1157.95,1157.95,1157.95,25,10575,1181.12,1138.25,1157.65
10406,2021-01-13 13:29:00,1157.95,1157.95,1157.95,1157.95,25,10575,1181.12,1138.25,1157.65
10407,2021-01-13 13:30:00,1157.95,1157.95,1157.95,1157.95,25,10575,1181.12,1138.25,1157.65
10408,2021-01-13 13:31:00,1157.95,1157.95,1157.95,1157.95,25,10575,1181.12,1138.25,1157.65
10409,2021-01-13 13:32:00,1157.95,1157.95,1157.95,1157.95,25,10575,1181.12,1138.25,1157.65
10410,2021-01-13 13:33:00,1157.95,1157.95,1157.95,1157.95,25,10575,1181.12,1138.25,1157.65
10411,2021-01-13 13:34:00,1119.5,1119.5,1098.9,1098.9,125,10575,1179.91,1078.5,1107.0
10412,2021-01-13 13:35:00,1119.5,1119.5,1098.9,1098.9,125,10575,1179.91,1078.5,1107.0
10413,2021-01-13 13:36:00,1119.5,1119.5,1098.9,1098.9,125,10575,1179.91,1078.5,1107.0
10414,2021-01-13 13:37:00,1119.5,1119.5,1098.9,1098.9,125,10575,1179.91,1078.5,1107.0
10415,2021-01-13 13:38:00,1083.85,1083.85,1083.85,1083.85,25,10575,1179.56,1074.1,1101.5
10416,2021-01-13 13:39:00,1083.85,1083.85,1083.85,1083.85,25,10575,1179.56,1074.1,1101.5
10417,2021-01-13 13:40:00,1098.7,1098.7,1098.7,1098.7,25,10575,1179.26,1083.25,1112.7
10418,2021-01-13 13:41:00,1098.7,1098.7,1098.7,1098.7,25,10575,1179.26,1083.25,1112.7
10419,2021-01-13 13:42:00,1098.7,1098.7,1098.7,1098.7,25,10575,1179.26,1083.25,1112.7
10420,2021-01-13 13:43:00,1098.7,1098.7,1098.7,1098.7,25,10575,1179.26,1083.25,1112.7
10421,2021-01-13 13:44:00,1098.7,1098.7,1098.7,1098.7,25,10575,1179.26,1083.25,1112.7
10422,2021-01-13 13:45:00,1098.7,1098.7,1098.7,1098.7,25,10575,1179.26,1083.25,1112.7
10423,2021-01-13 13:46:00,1098.7,1098.7,1098.7,1098.7,25,10575,1179.26,1083.25,1112.7
10424,2021-01-13 13:47:00,1098.7,1098.7,1098.7,1098.7,25,10575,1179.26,1083.25,1112.7
10425,2021-01-13 13:48:00,1098.7,1098.7,1098.7,1098.7,25,10575,1179.26,1083.25,1112.7
10426,2021-01-13 13:49:00,1063.7,1063.7,1063.7,1063.7,25,10600,1178.84,1065.55,1087.65
10427,2021-01-13 13:50:00,1051.95,1051.95,1051.95,1051.95,25,10600,1178.38,1061.9,1092.2
10428,2021-01-13 13:51:00,1051.95,1051.95,1051.95,1051.95,25,10600,1178.38,1061.9,1092.2
10429,2021-01-13 13:52:00,1077.95,1093.2,1077.95,1079.05,100,10550,1177.01,1062.25,1090.5
10430,2021-01-13 13:53:00,1078.0,1081.1,1078.0,1081.1,50,10550,1176.32,1069.15,1093.0
10431,2021-01-13 13:54:00,1078.0,1081.1,1078.0,1081.1,50,10550,1176.32,1069.15,1093.0
10432,2021-01-13 13:55:00,1099.95,1099.95,1093.6,1093.6,50,10600,1175.76,1073.2,1097.2
10433,2021-01-13 13:56:00,1099.95,1099.95,1093.6,1093.6,50,10600,1175.76,1073.2,1097.2
10434,2021-01-13 13:57:00,1099.95,1099.95,1093.6,1093.6,50,10600,1175.76,1073.2,1097.2
10435,2021-01-13 13:58:00,1099.95,1099.95,1093.6,1093.6,50,10600,1175.76,1073.2,1097.2
10436,2021-01-13 13:59:00,1050.0,1052.1,1032.95,1032.95,200,10625,1172.34,1026.1,1054.65
10437,2021-01-13 14:00:00,1033.5,1033.5,1033.5,1033.5,25,10650,1171.87,1017.2,1047.75
10438,2021-01-13 14:01:00,1008.05,1017.85,1008.05,1017.85,100,10650,1169.76,1018.3,1045.85
10439,2021-01-13 14:02:00,1008.05,1017.85,1008.05,1017.85,100,10650,1169.76,1018.3,1045.85
10440,2021-01-13 14:03:00,999.95,1000.0,999.95,1000.0,100,10600,1167.51,988.85,1013.85
10441,2021-01-13 14:04:00,999.95,1000.0,999.95,1000.0,100,10600,1167.51,988.85,1013.85
10442,2021-01-13 14:05:00,999.95,1000.0,999.95,1000.0,100,10600,1167.51,988.85,1013.85
10443,2021-01-13 14:06:00,999.95,1000.0,999.95,1000.0,100,10600,1167.51,988.85,1013.85
10444,2021-01-13 14:07:00,999.95,1000.0,999.95,1000.0,100,10600,1167.51,988.85,1013.85
10445,2021-01-13 14:08:00,999.95,1000.0,999.95,1000.0,100,10600,1167.51,988.85,1013.85
10446,2021-01-13 14:09:00,1018.8,1018.8,1018.8,1018.8,25,10575,1167.01,1001.75,1020.5
10447,2021-01-13 14:10:00,1018.8,1018.8,1018.8,1018.8,25,10575,1167.01,1001.75,1020.5
10448,2021-01-13 14:11:00,1066.15,1066.15,1066.15,1066.15,25,10550,1166.68,1057.55,1064.3
10449,2021-01-13 14:12:00,1066.15,1066.15,1066.15,1066.15,25,10550,1166.68,1057.55,1064.3
10450,2021-01-13 14:13:00,1066.15,1066.15,1066.15,1066.15,25,10550,1166.68,1057.55,1064.3
10451,2021-01-13 14:14:00,1066.15,1066.15,1066.15,1066.15,25,10550,1166.68,1057.55,1064.3
10452,2021-01-13 14:15:00,1066.15,1066.15,1066.15,1066.15,25,10550,1166.68,1057.55,1064.3
10453,2021-01-13 14:16:00,1066.15,1066.15,1066.15,1066.15,25,10550,1166.68,1057.55,1064.3
10454,2021-01-13 14:17:00,1066.15,1066.15,1066.15,1066.15,25,10550,1166.68,1057.55,1064.3
10455,2021-01-13 14:18:00,1098.0,1098.0,1098.0,1098.0,75,10575,1165.96,1086.3,1092.75
10456,2021-01-13 14:19:00,1098.0,1098.0,1098.0,1098.0,75,10575,1165.96,1086.3,1092.75
10457,2021-01-13 14:20:00,1071.05,1071.05,1071.05,1071.05,25,10550,1165.65,1086.1,1092.45
10458,2021-01-13 14:21:00,1071.05,1071.05,1071.05,1071.05,25,10550,1165.65,1086.1,1092.45
10459,2021-01-13 14:22:00,1090.95,1095.0,1090.95,1095.0,50,10525,1165.18,1090.55,1097.55
10460,2021-01-13 14:23:00,1098.6,1098.6,1098.6,1098.6,25,0,1164.97,1092.25,1099.45
10461,2021-01-13 14:24:00,1098.6,1098.6,1098.6,1098.6,25,0,1164.97,1092.25,1099.45
10462,2021-01-13 14:25:00,1098.6,1098.6,1098.6,1098.6,25,0,1164.97,1092.25,1099.45
10463,2021-01-13 14:26:00,1137.5,1137.5,1137.5,1137.5,75,10450,1164.7,1143.65,1150.15
10464,2021-01-13 14:27:00,1137.5,1137.5,1137.5,1137.5,75,10450,1164.7,1143.65,1150.15
10465,2021-01-13 14:28:00,1152.7,1152.7,1152.7,1152.7,25,10400,1164.67,1145.15,1152.7
10466,2021-01-13 14:29:00,1150.25,1150.25,1150.25,1150.25,25,10400,1164.62,1163.95,1170.8
10467,2021-01-13 14:30:00,1180.95,1180.95,1180.95,1180.95,25,10400,1164.67,1154.3,1161.4
10468,2021-01-13 14:31:00,1152.55,1166.4,1152.55,1166.4,50,10425,1164.64,1158.7,1165.15
10469,2021-01-13 14:32:00,1152.55,1166.4,1152.55,1166.4,50,10425,1164.64,1158.7,1165.15
10470,2021-01-13 14:33:00,1173.4,1173.4,1173.4,1173.4,50,10425,1164.69,1164.55,1171.0
10471,2021-01-13 14:34:00,1173.4,1173.4,1173.4,1173.4,50,10425,1164.69,1164.55,1171.0
10472,2021-01-13 14:35:00,1173.4,1173.4,1173.4,1173.4,50,10425,1164.69,1164.55,1171.0
10473,2021-01-13 14:36:00,1179.95,1179.95,1179.95,1179.95,75,0,1164.84,1177.2,1183.4
10474,2021-01-13 14:37:00,1190.0,1200.0,1190.0,1200.0,225,10500,1165.64,1194.25,1201.05
10475,2021-01-13 14:38:00,1196.65,1196.65,1196.65,1196.65,25,10500,1165.74,1184.4,1190.9
10476,2021-01-13 14:39:00,1196.65,1196.65,1196.65,1196.65,25,10500,1165.74,1184.4,1190.9
10477,2021-01-13 14:40:00,1196.65,1196.65,1196.65,1196.65,25,10500,1165.74,1184.4,1190.9
10478,2021-01-13 14:41:00,1177.85,1188.95,1177.85,1188.95,50,10350,1165.84,1190.85,1197.45
10479,2021-01-13 14:42:00,1177.85,1188.95,1177.85,1188.95,50,10350,1165.84,1190.85,1197.45
10480,2021-01-13 14:43:00,1192.55,1192.55,1192.55,1192.55,25,10350,1165.92,1188.1,1195.1
10481,2021-01-13 14:44:00,1192.55,1192.55,1192.55,1192.55,25,10350,1165.92,1188.1,1195.1
10482,2021-01-13 14:45:00,1192.55,1192.55,1192.55,1192.55,25,10350,1165.92,1188.1,1195.1
10483,2021-01-13 14:46:00,1192.55,1192.55,1192.55,1192.55,25,10350,1165.92,1188.1,1195.1
10484,2021-01-13 14:47:00,1175.1,1175.1,1175.1,1175.1,50,10325,1165.97,1173.0,1179.3
10485,2021-01-13 14:48:00,1175.1,1175.1,1175.1,1175.1,50,10325,1165.97,1173.0,1179.3
10486,2021-01-13 14:49:00,1175.1,1175.1,1175.1,1175.1,50,10325,1165.97,1173.0,1179.3
10487,2021-01-13 14:50:00,1175.1,1175.1,1175.1,1175.1,50,10325,1165.97,1173.0,1179.3
10488,2021-01-13 14:51:00,1175.1,1175.1,1175.1,1175.1,50,10325,1165.97,1173.0,1179.3
10489,2021-01-13 14:52:00,1175.1,1175.1,1175.1,1175.1,50,10325,1165.97,1173.0,1179.3
10490,2021-01-13 14:53:00,1219.0,1219.0,1219.0,1219.0,25,10375,1166.13,1209.45,1216.65
10491,2021-01-13 14:54:00,1219.0,1219.0,1219.0,1219.0,25,10375,1166.13,1209.45,1216.65
10492,2021-01-13 14:55:00,1219.0,1219.0,1219.0,1219.0,25,10375,1166.13,1209.45,1216.65
10493,2021-01-13 14:56:00,1222.3,1222.3,1222.3,1222.3,25,10300,1166.3,1227.95,1235.45
10494,2021-01-13 14:57:00,1220.0,1220.0,1220.0,1220.0,50,10300,1166.61,1207.8,1214.5
10495,2021-01-13 14:58:00,1220.0,1220.0,1220.0,1220.0,50,10300,1166.61,1207.8,1214.5
10496,2021-01-13 14:59:00,1222.4,1222.4,1222.4,1222.4,25,10325,1166.77,1209.4,1216.35
10497,2021-01-13 15:00:00,1227.05,1227.05,1227.05,1227.05,25,10325,1166.95,1229.3,1236.6
10498,2021-01-13 15:01:00,1236.6,1236.6,1226.95,1226.95,50,10275,1167.32,1222.95,1230.35
10499,2021-01-13 15:02:00,1226.95,1226.95,1226.95,1226.95,25,0,1167.49,1215.35,1222.0
10500,2021-01-13 15:03:00,1226.95,1226.95,1226.95,1226.95,25,0,1167.49,1215.35,1222.0
10501,2021-01-13 15:04:00,1226.95,1226.95,1226.95,1226.95,25,0,1167.49,1215.35,1222.0
10502,2021-01-13 15:05:00,1230.0,1238.45,1230.0,1238.45,50,10300,1167.88,1232.6,1239.65
10503,2021-01-13 15:06:00,1232.55,1248.4,1232.55,1245.0,100,10225,1168.73,1239.5,1246.7
10504,2021-01-13 15:07:00,1232.55,1248.4,1232.55,1245.0,100,10225,1168.73,1239.5,1246.7
10505,2021-01-13 15:08:00,1232.55,1248.4,1232.55,1245.0,100,10225,1168.73,1239.5,1246.7
10506,2021-01-13 15:09:00,1232.55,1248.4,1232.55,1245.0,100,10225,1168.73,1239.5,1246.7
10507,2021-01-13 15:10:00,1232.55,1248.4,1232.55,1245.0,100,10225,1168.73,1239.5,1246.7
10508,2021-01-13 15:11:00,1232.55,1248.4,1232.55,1245.0,100,10225,1168.73,1239.5,1246.7
10509,2021-01-13 15:12:00,1232.55,1248.4,1232.55,1245.0,100,10225,1168.73,1239.5,1246.7
10510,2021-01-13 15:13:00,1221.55,1221.55,1221.55,1221.55,25,10225,1168.88,1219.55,1226.75
10511,2021-01-13 15:14:00,1221.55,1221.55,1221.55,1221.55,25,10225,1168.88,1219.55,1226.75
10512,2021-01-13 15:15:00,1221.55,1221.55,1221.55,1221.55,25,10225,1168.88,1219.55,1226.75
10513,2021-01-13 15:16:00,1225.0,1225.0,1225.0,1225.0,50,10200,1169.2,1205.45,1213.0
10514,2021-01-13 15:17:00,1225.0,1225.0,1225.0,1225.0,50,10200,1169.2,1205.45,1213.0
10515,2021-01-13 15:18:00,1189.0,1189.0,1189.0,1189.0,50,10200,1169.32,1186.5,1194.1
10516,2021-01-13 15:19:00,1189.0,1189.0,1189.0,1189.0,50,10200,1169.32,1186.5,1194.1
10517,2021-01-13 15:20:00,1189.0,1189.0,1189.0,1189.0,50,10200,1169.32,1186.5,1194.1
10518,2021-01-13 15:21:00,1189.0,1189.0,1189.0,1189.0,50,10200,1169.32,1186.5,1194.1
10519,2021-01-13 15:22:00,1189.0,1189.0,1189.0,1189.0,50,10200,1169.32,1186.5,1194.1
10520,2021-01-13 15:23:00,1189.0,1189.0,1189.0,1189.0,50,10200,1169.32,1186.5,1194.1
10521,2021-01-13 15:24:00,1189.0,1189.0,1189.0,1189.0,50,10200,1169.32,1186.5,1194.1
10522,2021-01-13 15:25:00,1189.0,1189.0,1189.0,1189.0,50,10200,1169.32,1186.5,1194.1
10523,2021-01-13 15:26:00,1193.85,1193.85,1192.0,1193.8,150,10200,1169.72,1187.1,1196.95
10524,2021-01-13 15:27:00,1190.4,1192.0,1190.4,1192.0,50,10250,1169.83,1176.35,1194.15
10525,2021-01-13 15:28:00,1190.4,1192.0,1190.4,1192.0,50,10250,1169.83,1176.35,1194.15
10526,2021-01-13 15:29:00,1190.4,1192.0,1190.4,1192.0,50,10250,1169.83,1176.35,1194.15
10527,2021-01-13 15:30:00,1181.05,1181.05,1181.05,1181.05,25,10250,1169.86,1165.0,1210.25
10528,2021-01-14 09:15:00,1181.05,1181.05,1181.05,1181.05,25,10250,1169.86,1165.0,1210.25
10529,2021-01-14 09:16:00,1181.05,1181.05,1181.05,1181.05,25,10250,1169.86,1165.0,1210.25
10530,2021-01-14 09:17:00,1234.5,1234.5,1234.5,1234.5,25,10175,1234.5,1220.1,1235.8
10531,2021-01-14 09:18:00,1234.5,1234.5,1234.5,1234.5,25,10175,1234.5,1220.1,1235.8
10532,2021-01-14 09:19:00,1234.5,1234.5,1234.5,1234.5,25,10175,1234.5,1220.1,1235.8
10533,2021-01-14 09:20:00,1260.0,1260.0,1260.0,1260.0,25,10175,1247.25,1239.85,1268.75
10534,2021-01-14 09:21:00,1260.0,1260.0,1260.0,1260.0,25,10175,1247.25,1239.85,1268.75
10535,2021-01-14 09:22:00,1269.8,1269.8,1269.8,1269.8,75,10175,1260.78,1260.0,1269.8
10536,2021-01-14 09:23:00,1260.0,1260.0,1260.0,1260.0,25,0,1260.65,1240.1,1269.55
10537,2021-01-14 09:24:00,1260.0,1260.0,1260.0,1260.0,25,0,1260.65,1240.1,1269.55
10538,2021-01-14 09:25:00,1250.0,1250.0,1250.0,1250.0,25,10200,1259.12,1244.85,1256.3
10539,2021-01-14 09:26:00,1248.3,1260.0,1248.3,1260.0,150,10200,1258.63,1249.6,1260.7
10540,2021-01-14 09:27:00,1260.7,1260.7,1260.7,1260.7,25,10200,1258.77,1254.5,1265.0
10541,2021-01-14 09:28:00,1243.95,1253.15,1243.95,1253.15,50,10200,1257.5,1227.6,1248.85
10542,2021-01-14 09:29:00,1226.2,1234.9,1225.0,1225.0,300,10125,1243.96,1225.0,1231.55
10543,2021-01-14 09:30:00,1225.0,1225.0,1190.0,1190.0,125,10125,1238.35,1177.15,1199.9
10544,2021-01-14 09:31:00,1212.8,1219.2,1212.8,1219.2,350,10125,1230.97,1190.1,1218.05
10545,2021-01-14 09:32:00,1215.0,1215.0,1213.8,1213.8,250,10225,1228.01,1190.0,1214.15
10546,2021-01-14 09:33:00,1212.4,1220.0,1212.4,1220.0,100,10225,1227.32,1195.05,1225.85
10547,2021-01-14 09:34:00,1212.4,1220.0,1212.4,1220.0,100,10225,1227.32,1195.05,1225.85
10548,2021-01-14 09:35:00,1210.25,1210.25,1188.0,1188.0,75,10075,1225.86,1165.45,1195.55
10549,2021-01-14 09:36:00,1185.8,1185.8,1185.8,1185.8,25,10075,1225.24,1167.6,1193.25
10550,2021-01-14 09:37:00,1185.8,1185.8,1185.8,1185.8,25,10075,1225.24,1167.6,1193.25
10551,2021-01-14 09:38:00,1174.0,1174.0,1174.0,1174.0,25,10075,1224.47,1174.5,1203.8
10552,2021-01-14 09:39:00,1190.0,1192.75,1190.0,1192.75,75,10075,1223.04,1167.2,1194.75
10553,2021-01-14 09:40:00,1195.0,1195.0,1195.0,1195.0,25,10075,1222.64,1195.45,1207.45
10554,2021-01-14 09:41:00,1195.0,1195.0,1195.0,1195.0,25,10075,1222.64,1195.45,1207.45
10555,2021-01-14 09:42:00,1202.45,1202.45,1202.45,1202.45,25,10025,1222.35,1197.75,1210.6
10556,2021-01-14 09:43:00,1195.0,1195.0,1195.0,1195.0,50,10025,1221.6,1188.5,1198.85
10557,2021-01-14 09:44:00,1195.0,1195.0,1195.0,1195.0,25,10025,1221.24,1173.4,1183.8
10558,2021-01-14 09:45:00,1195.0,1195.0,1195.0,1195.0,25,10025,1221.24,1173.4,1183.8
10559,2021-01-14 09:46:00,1195.0,1195.0,1195.0,1195.0,25,10025,1221.24,1173.4,1183.8
10560,2021-01-14 09:47:00,1195.0,1195.0,1195.0,1195.0,25,10025,1220.89,1187.5,1195.2
10561,2021-01-14 09:48:00,1193.0,1193.0,1193.0,1193.0,25,10025,1220.52,1190.25,1198.55
10562,2021-01-14 09:49:00,1193.0,1193.0,1193.0,1193.0,25,10025,1220.52,1190.25,1198.55
10563,2021-01-14 09:50:00,1183.25,1183.25,1183.25,1183.25,25,10025,1220.04,1185.05,1192.5
10564,2021-01-14 09:51:00,1183.25,1183.25,1183.25,1183.25,25,10025,1220.04,1185.05,1192.5
10565,2021-01-14 09:52:00,1206.75,1206.75,1206.75,1206.75,25,10025,1219.87,1200.05,1210.95
10566,2021-01-14 09:53:00,1214.75,1214.75,1214.75,1214.75,25,10050,1219.81,1208.1,1242.45
10567,2021-01-14 09:54:00,1222.0,1222.0,1222.0,1222.0,25,10050,1219.83,1209.25,1217.35
10568,2021-01-14 09:55:00,1215.8,1215.8,1215.8,1215.8,25,10050,1219.78,1209.85,1218.7
10569,2021-01-14 09:56:00,1210.0,1210.0,1210.0,1210.0,25,10075,1219.66,1201.4,1210.15
10570,2021-01-14 09:57:00,1210.0,1210.0,1210.0,1210.0,25,10075,1219.66,1201.4,1210.15
10571,2021-01-14 09:58:00,1210.0,1210.0,1210.0,1210.0,25,10075,1219.66,1201.4,1210.15
10572,2021-01-14 09:59:00,1210.0,1210.0,1210.0,1210.0,25,10075,1219.66,1201.4,1210.15
10573,2021-01-14 10:00:00,1210.0,1210.0,1210.0,1210.0,25,10075,1219.66,1201.4,1210.15
10574,2021-01-14 10:01:00,1220.0,1220.0,1220.0,1220.0,25,10075,1219.67,1212.0,1219.75
10575,2021-01-14 10:02:00,1220.0,1220.0,1220.0,1220.0,25,10075,1219.67,1213.0,1218.65
10576,2021-01-14 10:03:00,1220.0,1220.0,1220.0,1220.0,25,10075,1219.67,1213.0,1218.65
10577,2021-01-14 10:04:00,1219.95,1219.95,1219.95,1219.95,25,10100,1219.67,1217.0,1219.1
10578,2021-01-14 10:05:00,1225.8,1225.8,1225.8,1225.8,25,10125,1219.75,1220.0,1223.95
10579,2021-01-14 10:06:00,1220.0,1220.0,1213.0,1213.0,50,10125,1219.67,1210.35,1216.75
10580,2021-01-14 10:07:00,1225.0,1225.0,1225.0,1225.0,425,10125,1220.48,1213.25,1221.1
10581,2021-01-14 10:08:00,1220.25,1220.25,1220.25,1220.25,50,10125,1220.48,1207.95,1215.5
10582,2021-01-14 10:09:00,1220.25,1220.25,1220.25,1220.25,50,10125,1220.48,1207.95,1215.5
10583,2021-01-14 10:10:00,1204.9,1204.9,1204.9,1204.9,25,10150,1220.33,1197.2,1204.8
10584,2021-01-14 10:11:00,1200.0,1200.0,1200.0,1200.0,25,10150,1220.15,1195.15,1201.35
10585,2021-01-14 10:12:00,1200.0,1200.0,1200.0,1200.0,25,10150,1220.15,1195.15,1201.35
10586,2021-01-14 10:13:00,1205.0,1205.0,1205.0,1205.0,25,10125,1220.01,1197.3,1204.4
10587,2021-01-14 10:14:00,1205.0,1205.0,1205.0,1205.0,25,10125,1220.01,1197.3,1204.4
10588,2021-01-14 10:15:00,1205.0,1205.0,1205.0,1205.0,25,10125,1220.01,1197.3,1204.4
10589,2021-01-14 10:16:00,1205.0,1205.0,1205.0,1205.0,25,10125,1220.01,1197.3,1204.4
10590,2021-01-14 10:17:00,1205.0,1205.0,1205.0,1205.0,25,10125,1220.01,1197.3,1204.4
10591,2021-01-14 10:18:00,1205.0,1205.0,1205.0,1205.0,25,10125,1220.01,1197.3,1204.4
10592,2021-01-14 10:19:00,1198.95,1198.95,1198.95,1198.95,25,10125,1219.82,1192.65,1200.3
10593,2021-01-14 10:20:00,1190.0,1190.0,1190.0,1190.0,25,10125,1219.55,1187.1,1195.3
10594,2021-01-14 10:21:00,1190.0,1190.0,1190.0,1190.0,25,10125,1219.55,1187.1,1195.3
10595,2021-01-14 10:22:00,1190.0,1190.0,1190.0,1190.0,25,10125,1219.55,1187.1,1195.3
10596,2021-01-14 10:23:00,1190.0,1190.0,1190.0,1190.0,25,10125,1219.55,1187.1,1195.3
10597,2021-01-14 10:24:00,1190.0,1190.0,1190.0,1190.0,25,10125,1219.55,1187.1,1195.3
10598,2021-01-14 10:25:00,1190.0,1190.0,1190.0,1190.0,25,10125,1219.55,1187.1,1195.3
10599,2021-01-14 10:26:00,1190.0,1190.0,1190.0,1190.0,25,10125,1219.55,1187.1,1195.3
10600,2021-01-14 10:27:00,1190.0,1190.0,1190.0,1190.0,25,10125,1219.55,1187.1,1195.3
10601,2021-01-14 10:28:00,1190.0,1190.0,1190.0,1190.0,25,10125,1219.55,1187.1,1195.3
10602,2021-01-14 10:29:00,1190.0,1190.0,1190.0,1190.0,25,10125,1219.55,1187.1,1195.3
10603,2021-01-14 10:30:00,1190.0,1190.0,1190.0,1190.0,25,10125,1219.55,1187.1,1195.3
10604,2021-01-14 10:31:00,1202.05,1202.05,1202.05,1202.05,25,0,1219.4,1204.05,1210.85
10605,2021-01-14 10:32:00,1202.05,1202.05,1202.05,1202.05,25,0,1219.4,1204.05,1210.85
10606,2021-01-14 10:33:00,1201.7,1201.7,1201.7,1201.7,50,10050,1219.09,1199.0,1206.45
10607,2021-01-14 10:34:00,1201.7,1201.7,1201.7,1201.7,50,10050,1219.09,1199.0,1206.45
10608,2021-01-14 10:35:00,1201.7,1201.7,1201.7,1201.7,50,10050,1219.09,1199.0,1206.45
10609,2021-01-14 10:36:00,1201.7,1201.7,1201.7,1201.7,50,10050,1219.09,1199.0,1206.45
10610,2021-01-14 10:37:00,1201.7,1201.7,1201.7,1201.7,50,10050,1219.09,1199.0,1206.45
10611,2021-01-14 10:38:00,1201.7,1201.7,1201.7,1201.7,150,10050,1218.23,1196.2,1202.75
10612,2021-01-14 10:39:00,1201.7,1201.7,1201.7,1201.7,150,10050,1218.23,1196.2,1202.75
10613,2021-01-14 10:40:00,1201.7,1201.7,1201.7,1201.7,150,10050,1218.23,1196.2,1202.75
10614,2021-01-14 10:41:00,1201.7,1201.7,1201.7,1201.7,150,10050,1218.23,1196.2,1202.75
10615,2021-01-14 10:42:00,1205.9,1205.9,1205.9,1205.9,25,10075,1218.13,1203.0,1206.9
10616,2021-01-14 10:43:00,1207.0,1207.0,1204.3,1205.4,75,10075,1217.82,1205.3,1207.3
10617,2021-01-14 10:44:00,1206.0,1206.0,1206.0,1206.0,25,10075,1217.73,1200.8,1207.15
10618,2021-01-14 10:45:00,1204.4,1204.45,1204.4,1204.45,50,10050,1217.52,1196.3,1203.25
10619,2021-01-14 10:46:00,1204.4,1204.45,1204.4,1204.45,50,10050,1217.52,1196.3,1203.25
10620,2021-01-14 10:47:00,1204.4,1204.45,1204.4,1204.45,50,10050,1217.52,1196.3,1203.25
10621,2021-01-14 10:48:00,1204.4,1204.45,1204.4,1204.45,50,10050,1217.52,1196.3,1203.25
10622,2021-01-14 10:49:00,1194.35,1194.35,1194.35,1194.35,50,10050,1217.17,1185.4,1192.2
10623,2021-01-14 10:50:00,1194.35,1194.35,1194.35,1194.35,50,10050,1217.17,1185.4,1192.2
10624,2021-01-14 10:51:00,1170.0,1170.0,1170.0,1170.0,125,10050,1215.42,1163.95,1172.5
10625,2021-01-14 10:52:00,1150.0,1150.0,1126.35,1126.35,100,10050,1213.39,1120.4,1136.15
10626,2021-01-14 10:53:00,1150.0,1150.0,1126.35,1126.35,100,10050,1213.39,1120.4,1136.15
10627,2021-01-14 10:54:00,1140.0,1140.0,1140.0,1140.0,25,10000,1212.86,1133.4,1140.45
10628,2021-01-14 10:55:00,1140.0,1140.0,1140.0,1140.0,25,10000,1212.86,1133.4,1140.45
10629,2021-01-14 10:56:00,1150.65,1150.65,1150.65,1150.65,25,10000,1212.42,1150.95,1158.5
10630,2021-01-14 10:57:00,1150.65,1150.65,1150.65,1150.65,25,10000,1212.42,1150.95,1158.5
10631,2021-01-14 10:58:00,1150.65,1150.65,1150.65,1150.65,25,10000,1212.42,1150.95,1158.5
10632,2021-01-14 10:59:00,1163.1,1163.1,1163.1,1163.1,25,9925,1212.07,1154.3,1161.6
10633,2021-01-14 11:00:00,1163.1,1163.1,1163.1,1163.1,25,9925,1212.07,1154.3,1161.6
10634,2021-01-14 11:01:00,1163.1,1163.1,1163.1,1163.1,25,9925,1212.07,1154.3,1161.6
10635,2021-01-14 11:02:00,1163.1,1163.1,1163.1,1163.1,25,9925,1212.07,1154.3,1161.6
10636,2021-01-14 11:03:00,1163.1,1163.1,1163.1,1163.1,25,9925,1212.07,1154.3,1161.6
10637,2021-01-14 11:04:00,1163.1,1163.1,1163.1,1163.1,25,9925,1212.07,1154.3,1161.6
10638,2021-01-14 11:05:00,1163.1,1163.1,1163.1,1163.1,25,9925,1212.07,1154.3,1161.6
10639,2021-01-14 11:06:00,1163.1,1163.1,1163.1,1163.1,25,9925,1212.07,1154.3,1161.6
10640,2021-01-14 11:07:00,1189.1,1189.1,1189.1,1189.1,50,9900,1211.76,1197.9,1203.9
10641,2021-01-14 11:08:00,1189.1,1189.1,1189.1,1189.1,50,9900,1211.76,1197.9,1203.9
10642,2021-01-14 11:09:00,1189.1,1189.1,1189.1,1189.1,50,9900,1211.76,1197.9,1203.9
10643,2021-01-14 11:10:00,1189.1,1189.1,1189.1,1189.1,50,9900,1211.76,1197.9,1203.9
10644,2021-01-14 11:11:00,1201.5,1201.5,1201.5,1201.5,25,9925,1211.68,1193.0,1199.05
10645,2021-01-14 11:12:00,1188.45,1188.45,1188.45,1188.45,25,9900,1211.53,1189.65,1196.3
10646,2021-01-14 11:13:00,1188.45,1188.45,1188.45,1188.45,25,9900,1211.53,1189.65,1196.3
10647,2021-01-14 11:14:00,1188.45,1188.45,1188.45,1188.45,25,9900,1211.53,1189.65,1196.3
10648,2021-01-14 11:15:00,1188.45,1188.45,1188.45,1188.45,25,9900,1211.53,1189.65,1196.3
10649,2021-01-14 11:16:00,1188.45,1188.45,1188.45,1188.45,25,9900,1211.53,1189.65,1196.3
10650,2021-01-14 11:17:00,1188.45,1188.45,1188.45,1188.45,25,9900,1211.53,1189.65,1196.3
10651,2021-01-14 11:18:00,1188.45,1188.45,1188.45,1188.45,25,9900,1211.53,1189.65,1196.3
10652,2021-01-14 11:19:00,1188.45,1188.45,1188.45,1188.45,25,9900,1211.53,1189.65,1196.3
10653,2021-01-14 11:20:00,1203.7,1203.7,1203.7,1203.7,25,9875,1211.47,1196.45,1202.55
10654,2021-01-14 11:21:00,1203.7,1203.7,1203.7,1203.7,25,9875,1211.47,1196.45,1202.55
10655,2021-01-14 11:22:00,1203.7,1203.7,1203.7,1203.7,25,9875,1211.47,1196.45,1202.55
10656,2021-01-14 11:23:00,1203.7,1203.7,1203.7,1203.7,25,9875,1211.47,1196.45,1202.55
10657,2021-01-14 11:24:00,1203.7,1203.7,1203.7,1203.7,25,9875,1211.47,1196.45,1202.55
10658,2021-01-14 11:25:00,1224.5,1224.5,1224.5,1224.5,25,9875,1211.56,1218.4,1225.05
10659,2021-01-14 11:26:00,1231.85,1231.85,1231.85,1231.85,50,9875,1211.83,1223.15,1230.35
10660,2021-01-14 11:27:00,1231.85,1231.85,1231.85,1231.85,50,9875,1211.83,1223.15,1230.35
10661,2021-01-14 11:28:00,1231.0,1231.0,1231.0,1231.0,75,9875,1212.21,1228.95,1235.2
10662,2021-01-14 11:29:00,1231.85,1231.85,1231.85,1231.85,25,9875,1212.33,1229.75,1235.9
10663,2021-01-14 11:30:00,1234.5,1235.0,1233.25,1235.0,125,9900,1213.02,1229.95,1236.65
10664,2021-01-14 11:31:00,1228.95,1228.95,1228.95,1228.95,25,9900,1213.12,1224.3,1231.3
10665,2021-01-14 11:32:00,1228.95,1228.95,1228.95,1228.95,25,9900,1213.12,1224.3,1231.3
10666,2021-01-14 11:33:00,1228.95,1228.95,1228.95,1228.95,25,9900,1213.12,1224.3,1231.3
10667,2021-01-14 11:34:00,1228.95,1228.95,1228.95,1228.95,25,9900,1213.12,1224.3,1231.3
10668,2021-01-14 11:35:00,1226.45,1226.45,1222.15,1225.0,175,9925,1213.61,1218.05,1224.45
10669,2021-01-14 11:36:00,1224.45,1224.45,1221.4,1221.4,100,9975,1213.81,1220.5,1227.25
10670,2021-01-14 11:37:00,1224.45,1224.45,1221.4,1221.4,100,9975,1213.81,1220.5,1227.25
10671,2021-01-14 11:38:00,1224.45,1224.45,1221.4,1221.4,100,9975,1213.81,1220.5,1227.25
10672,2021-01-14 11:39:00,1221.4,1221.4,1221.4,1221.4,25,9900,1213.86,1216.25,1222.1
10673,2021-01-14 11:40:00,1211.2,1217.15,1211.2,1217.15,75,9900,1213.88,1210.4,1216.7
10674,2021-01-14 11:41:00,1211.2,1217.15,1211.2,1217.15,75,9900,1213.88,1210.4,1216.7
10675,2021-01-14 11:42:00,1211.2,1217.15,1211.2,1217.15,75,9900,1213.88,1210.4,1216.7
10676,2021-01-14 11:43:00,1211.2,1217.15,1211.2,1217.15,75,9900,1213.88,1210.4,1216.7
10677,2021-01-14 11:44:00,1211.2,1217.15,1211.2,1217.15,75,9900,1213.88,1210.4,1216.7
10678,2021-01-14 11:45:00,1224.15,1224.15,1218.8,1218.8,75,9850,1214.02,1211.25,1216.95
10679,2021-01-14 11:46:00,1208.6,1208.6,1208.6,1208.6,25,9850,1213.99,1204.0,1210.05
10680,2021-01-14 11:47:00,1208.6,1208.6,1208.6,1208.6,25,9850,1213.99,1204.0,1210.05
10681,2021-01-14 11:48:00,1208.6,1208.6,1208.6,1208.6,25,9850,1213.99,1204.0,1210.05
10682,2021-01-14 11:49:00,1208.6,1208.6,1208.6,1208.6,25,9850,1213.99,1204.0,1210.05
10683,2021-01-14 11:50:00,1208.0,1208.0,1208.0,1208.0,50,9850,1213.92,1205.8,1212.05
10684,2021-01-14 11:51:00,1210.35,1210.35,1210.35,1210.35,25,9725,1213.9,1202.85,1209.05
10685,2021-01-14 11:52:00,1210.35,1210.35,1210.35,1210.35,25,9725,1213.9,1202.85,1209.05
10686,2021-01-14 11:53:00,1210.35,1210.35,1210.35,1210.35,25,9725,1213.9,1202.85,1209.05
10687,2021-01-14 11:54:00,1210.35,1210.35,1210.35,1210.35,25,9725,1213.9,1202.85,1209.05
10688,2021-01-14 11:55:00,1210.35,1210.35,1210.35,1210.35,25,9725,1213.9,1202.85,1209.05
10689,2021-01-14 11:56:00,1212.65,1212.65,1212.65,1212.65,50,9725,1213.89,1218.1,1224.15
10690,2021-01-14 11:57:00,1212.65,1212.65,1212.65,1212.65,50,9725,1213.89,1218.1,1224.15
10691,2021-01-14 11:58:00,1212.65,1212.65,1212.65,1212.65,50,9725,1213.89,1218.1,1224.15
10692,2021-01-14 11:59:00,1212.65,1212.65,1212.65,1212.65,50,9725,1213.89,1218.1,1224.15
10693,2021-01-14 12:00:00,1212.65,1212.65,1212.65,1212.65,50,9725,1213.89,1218.1,1224.15
10694,2021-01-14 12:01:00,1212.65,1212.65,1212.65,1212.65,50,9725,1213.89,1218.1,1224.15
10695,2021-01-14 12:02:00,1202.0,1202.0,1202.0,1202.0,25,9725,1213.83,1195.3,1201.9
10696,2021-01-14 12:03:00,1202.0,1202.0,1202.0,1202.0,25,9725,1213.83,1195.3,1201.9
10697,2021-01-14 12:04:00,1202.0,1202.0,1202.0,1202.0,25,9725,1213.83,1195.3,1201.9
10698,2021-01-14 12:05:00,1202.0,1202.0,1202.0,1202.0,25,9725,1213.83,1195.3,1201.9
10699,2021-01-14 12:06:00,1210.25,1210.25,1210.25,1210.25,25,9650,1213.81,1205.0,1210.95
10700,2021-01-14 12:07:00,1210.25,1210.25,1210.25,1210.25,25,9650,1213.81,1205.0,1210.95
10701,2021-01-14 12:08:00,1210.25,1210.25,1210.25,1210.25,25,9650,1213.81,1205.0,1210.95
10702,2021-01-14 12:09:00,1210.25,1210.25,1210.25,1210.25,25,9650,1213.81,1205.0,1210.95
10703,2021-01-14 12:10:00,1210.25,1210.25,1210.25,1210.25,25,9650,1213.81,1205.0,1210.95
10704,2021-01-14 12:11:00,1210.25,1210.25,1210.25,1210.25,25,9650,1213.81,1205.0,1210.95
10705,2021-01-14 12:12:00,1220.7,1220.7,1220.7,1220.7,25,9650,1213.84,1214.4,1220.7
10706,2021-01-14 12:13:00,1220.7,1220.7,1220.7,1220.7,25,9650,1213.84,1214.4,1220.7
10707,2021-01-14 12:14:00,1220.7,1220.7,1220.7,1220.7,25,9650,1213.84,1214.4,1220.7
10708,2021-01-14 12:15:00,1220.7,1220.7,1220.7,1220.7,25,9650,1213.84,1214.4,1220.7
10709,2021-01-14 12:16:00,1220.7,1220.7,1220.7,1220.7,25,9650,1213.84,1214.4,1220.7
10710,2021-01-14 12:17:00,1220.7,1220.7,1220.7,1220.7,25,9650,1213.84,1214.4,1220.7
10711,2021-01-14 12:18:00,1220.7,1220.7,1220.7,1220.7,25,9650,1213.84,1214.4,1220.7
10712,2021-01-14 12:19:00,1220.7,1220.7,1220.7,1220.7,25,9650,1213.84,1214.4,1220.7
10713,2021-01-14 12:20:00,1220.7,1220.7,1220.7,1220.7,25,9650,1213.84,1214.4,1220.7
10714,2021-01-14 12:21:00,1220.7,1220.7,1220.7,1220.7,25,9650,1213.84,1214.4,1220.7
10715,2021-01-14 12:22:00,1220.7,1220.7,1220.7,1220.7,25,9650,1213.84,1214.4,1220.7
10716,2021-01-14 12:23:00,1220.7,1220.7,1220.7,1220.7,25,9650,1213.84,1214.4,1220.7
10717,2021-01-14 12:24:00,1220.7,1220.7,1220.7,1220.7,100,9625,1213.99,1219.35,1225.4
10718,2021-01-14 12:25:00,1220.7,1220.7,1220.7,1220.7,100,9625,1213.99,1219.35,1225.4
10719,2021-01-14 12:26:00,1211.75,1211.75,1205.65,1205.65,75,9625,1213.92,1206.1,1212.25
10720,2021-01-14 12:27:00,1211.75,1211.75,1205.65,1205.65,75,9625,1213.92,1206.1,1212.25
10721,2021-01-14 12:28:00,1211.75,1211.75,1205.65,1205.65,75,9625,1213.92,1206.1,1212.25
10722,2021-01-14 12:29:00,1219.6,1219.6,1219.6,1219.6,25,0,1213.95,1222.25,1228.65
10723,2021-01-14 12:30:00,1219.6,1219.6,1219.6,1219.6,25,0,1213.95,1222.25,1228.65
10724,2021-01-14 12:31:00,1221.0,1221.0,1221.0,1221.0,25,9625,1213.99,1206.25,1223.3
10725,2021-01-14 12:32:00,1221.0,1221.0,1221.0,1221.0,25,9625,1213.99,1206.25,1223.3
10726,2021-01-14 12:33:00,1221.0,1221.0,1221.0,1221.0,25,9625,1213.99,1206.25,1223.3
10727,2021-01-14 12:34:00,1221.0,1221.0,1221.0,1221.0,25,9625,1213.99,1206.25,1223.3
10728,2021-01-14 12:35:00,1221.0,1221.0,1221.0,1221.0,25,9625,1213.99,1206.25,1223.3
10729,2021-01-14 12:36:00,1221.0,1221.0,1221.0,1221.0,25,9625,1213.99,1206.25,1223.3
10730,2021-01-14 12:37:00,1205.0,1205.0,1205.0,1205.0,50,9625,1213.9,1191.95,1212.4
10731,2021-01-14 12:38:00,1205.0,1205.0,1205.0,1205.0,50,9625,1213.9,1191.95,1212.4
10732,2021-01-14 12:39:00,1185.0,1185.0,1185.0,1185.0,25,9625,1213.75,1178.55,1198.15
10733,2021-01-14 12:40:00,1185.0,1185.0,1185.0,1185.0,25,9625,1213.75,1178.55,1198.15
10734,2021-01-14 12:41:00,1189.2,1189.2,1189.2,1189.2,50,9650,1213.51,1177.5,1198.75
10735,2021-01-14 12:42:00,1195.7,1195.7,1195.7,1195.7,25,9575,1213.42,1182.4,1201.35
10736,2021-01-14 12:43:00,1195.7,1195.7,1195.7,1195.7,25,9575,1213.42,1182.4,1201.35
10737,2021-01-14 12:44:00,1195.7,1195.7,1195.7,1195.7,25,9575,1213.42,1182.4,1201.35
10738,2021-01-14 12:45:00,1195.7,1195.7,1195.7,1195.7,25,9575,1213.42,1182.4,1201.35
10739,2021-01-14 12:46:00,1195.7,1195.7,1195.7,1195.7,25,9575,1213.42,1182.4,1201.35
10740,2021-01-14 12:47:00,1195.0,1195.0,1195.0,1195.0,175,9575,1212.8,1173.4,1199.15
10741,2021-01-14 12:48:00,1195.0,1195.0,1195.0,1195.0,175,9575,1212.8,1173.4,1199.15
10742,2021-01-14 12:49:00,1195.0,1195.0,1195.0,1195.0,175,9575,1212.8,1173.4,1199.15
10743,2021-01-14 12:50:00,1195.0,1195.0,1195.0,1195.0,175,9575,1212.8,1173.4,1199.15
10744,2021-01-14 12:51:00,1195.0,1195.0,1195.0,1195.0,175,9575,1212.8,1173.4,1199.15
10745,2021-01-14 12:52:00,1195.0,1195.0,1195.0,1195.0,175,9575,1212.8,1173.4,1199.15
10746,2021-01-14 12:53:00,1184.7,1184.7,1184.7,1184.7,25,9525,1212.67,1164.4,1184.55
10747,2021-01-14 12:54:00,1184.7,1184.7,1184.7,1184.7,25,9525,1212.67,1164.4,1184.55
10748,2021-01-14 12:55:00,1184.7,1184.7,1184.7,1184.7,25,9525,1212.67,1164.4,1184.55
10749,2021-01-14 12:56:00,1184.7,1184.7,1184.7,1184.7,25,9525,1212.67,1164.4,1184.55
10750,2021-01-14 12:57:00,1184.7,1184.7,1184.7,1184.7,25,9525,1212.67,1164.4,1184.55
10751,2021-01-14 12:58:00,1184.7,1184.7,1184.7,1184.7,25,9525,1212.67,1164.4,1184.55
10752,2021-01-14 12:59:00,1184.7,1184.7,1184.7,1184.7,25,9525,1212.67,1164.4,1184.55
10753,2021-01-14 13:00:00,1184.7,1184.7,1184.7,1184.7,25,9525,1212.67,1164.4,1184.55
10754,2021-01-14 13:01:00,1184.7,1184.7,1184.7,1184.7,25,9525,1212.67,1164.4,1184.55
10755,2021-01-14 13:02:00,1184.7,1184.7,1184.7,1184.7,25,9525,1212.67,1164.4,1184.55
10756,2021-01-14 13:03:00,1157.3,1157.3,1157.3,1157.3,25,9425,1212.4,1148.3,1173.85
10757,2021-01-14 13:04:00,1157.3,1157.3,1157.3,1157.3,25,9425,1212.4,1148.3,1173.85
10758,2021-01-14 13:05:00,1157.3,1157.3,1157.3,1157.3,25,9425,1212.4,1148.3,1173.85
10759,2021-01-14 13:06:00,1190.8,1190.8,1190.8,1190.8,25,9400,1212.3,1167.25,1190.7
10760,2021-01-14 13:07:00,1190.8,1190.8,1190.8,1190.8,25,9400,1212.3,1167.25,1190.7
10761,2021-01-14 13:08:00,1211.6,1211.6,1211.6,1211.6,75,0,1212.29,1190.8,1212.9
10762,2021-01-14 13:09:00,1211.6,1211.6,1211.6,1211.6,75,0,1212.29,1190.8,1212.9
10763,2021-01-14 13:10:00,1211.6,1211.6,1211.6,1211.6,75,0,1212.29,1190.8,1212.9
10764,2021-01-14 13:11:00,1211.6,1211.6,1211.6,1211.6,75,0,1212.29,1190.8,1212.9
10765,2021-01-14 13:12:00,1211.6,1211.6,1211.6,1211.6,75,0,1212.29,1190.8,1212.9
10766,2021-01-14 13:13:00,1211.6,1211.6,1211.6,1211.6,75,0,1212.29,1190.8,1212.9
10767,2021-01-14 13:14:00,1211.6,1211.6,1211.6,1211.6,75,0,1212.29,1190.8,1212.9
10768,2021-01-14 13:15:00,1211.6,1211.6,1211.6,1211.6,75,0,1212.29,1190.8,1212.9
10769,2021-01-14 13:16:00,1211.6,1211.6,1211.6,1211.6,75,0,1212.29,1190.8,1212.9
10770,2021-01-14 13:17:00,1211.6,1211.6,1211.6,1211.6,75,0,1212.29,1190.8,1212.9
10771,2021-01-14 13:18:00,1211.6,1211.6,1211.6,1211.6,75,0,1212.29,1190.8,1212.9
10772,2021-01-14 13:19:00,1211.6,1211.6,1211.6,1211.6,75,0,1212.29,1190.8,1212.9
10773,2021-01-14 13:20:00,1211.6,1211.6,1211.6,1211.6,75,0,1212.29,1190.8,1212.9
10774,2021-01-14 13:21:00,1211.6,1211.6,1211.6,1211.6,75,0,1212.29,1190.8,1212.9
10775,2021-01-14 13:22:00,1211.6,1211.6,1211.6,1211.6,75,0,1212.29,1190.8,1212.9
10776,2021-01-14 13:23:00,1183.75,1183.75,1183.75,1183.75,50,9400,1212.03,1159.65,1182.05
10777,2021-01-14 13:24:00,1183.75,1183.75,1183.75,1183.75,50,9400,1212.03,1159.65,1182.05
10778,2021-01-14 13:25:00,1183.75,1183.75,1183.75,1183.75,50,9400,1212.03,1159.65,1182.05
10779,2021-01-14 13:26:00,1183.75,1183.75,1183.75,1183.75,50,9400,1212.03,1159.65,1182.05
10780,2021-01-14 13:27:00,1183.75,1183.75,1183.75,1183.75,50,9400,1212.03,1159.65,1182.05
10781,2021-01-14 13:28:00,1183.75,1183.75,1183.75,1183.75,50,9400,1212.03,1159.65,1182.05
10782,2021-01-14 13:29:00,1183.75,1183.75,1183.75,1183.75,50,9400,1212.03,1159.65,1182.05
10783,2021-01-14 13:30:00,1183.75,1183.75,1183.75,1183.75,50,9400,1212.03,1159.65,1182.05
10784,2021-01-14 13:31:00,1183.75,1183.75,1183.75,1183.75,50,9400,1212.03,1159.65,1182.05
10785,2021-01-14 13:32:00,1183.75,1183.75,1183.75,1183.75,50,9400,1212.03,1159.65,1182.05
10786,2021-01-14 13:33:00,1144.6,1144.6,1144.6,1144.6,50,9375,1211.41,1135.15,1162.35
10787,2021-01-14 13:34:00,1144.6,1144.6,1144.6,1144.6,50,9375,1211.41,1135.15,1162.35
10788,2021-01-14 13:35:00,1144.6,1144.6,1144.6,1144.6,50,9375,1211.41,1135.15,1162.35
10789,2021-01-14 13:36:00,1144.6,1144.6,1144.6,1144.6,50,9375,1211.41,1135.15,1162.35
10790,2021-01-14 13:37:00,1144.6,1144.6,1144.6,1144.6,50,9375,1211.41,1135.15,1162.35
10791,2021-01-14 13:38:00,1144.6,1144.6,1144.6,1144.6,50,9375,1211.41,1135.15,1162.35
10792,2021-01-14 13:39:00,1144.6,1144.6,1144.6,1144.6,50,9375,1211.41,1135.15,1162.35
10793,2021-01-14 13:40:00,1144.6,1144.6,1144.6,1144.6,50,9375,1211.41,1135.15,1162.35
10794,2021-01-14 13:41:00,1144.6,1144.6,1144.6,1144.6,50,9375,1211.41,1135.15,1162.35
10795,2021-01-14 13:42:00,1144.6,1144.6,1144.6,1144.6,50,9375,1211.41,1135.15,1162.35
10796,2021-01-14 13:43:00,1144.6,1144.6,1144.6,1144.6,50,9375,1211.41,1135.15,1162.35
10797,2021-01-14 13:44:00,1144.6,1144.6,1144.6,1144.6,50,9375,1211.41,1135.15,1162.35
10798,2021-01-14 13:45:00,1144.6,1144.6,1144.6,1144.6,50,9375,1211.41,1135.15,1162.35
10799,2021-01-14 13:46:00,1144.6,1144.6,1144.6,1144.6,50,9375,1211.41,1135.15,1162.35
10800,2021-01-14 13:47:00,1144.6,1144.6,1144.6,1144.6,50,9375,1211.41,1135.15,1162.35
10801,2021-01-14 13:48:00,1144.6,1144.6,1144.6,1144.6,50,9375,1211.41,1135.15,1162.35
10802,2021-01-14 13:49:00,1144.6,1144.6,1144.6,1144.6,50,9375,1211.41,1135.15,1162.35
10803,2021-01-14 13:50:00,1177.85,1177.85,1177.85,1177.85,50,9375,1211.11,1155.1,1179.15
10804,2021-01-14 13:51:00,1177.85,1177.85,1177.85,1177.85,50,9375,1211.11,1155.1,1179.15
10805,2021-01-14 13:52:00,1177.85,1177.85,1177.85,1177.85,50,9375,1211.11,1155.1,1179.15
10806,2021-01-14 13:53:00,1177.85,1177.85,1177.85,1177.85,50,9375,1211.11,1155.1,1179.15
10807,2021-01-14 13:54:00,1177.85,1177.85,1177.85,1177.85,50,9375,1211.11,1155.1,1179.15
10808,2021-01-14 13:55:00,1177.85,1177.85,1177.85,1177.85,50,9375,1211.11,1155.1,1179.15
10809,2021-01-14 13:56:00,1177.85,1177.85,1177.85,1177.85,50,9375,1211.11,1155.1,1179.15
10810,2021-01-14 13:57:00,1177.85,1177.85,1177.85,1177.85,50,9375,1211.11,1155.1,1179.15
10811,2021-01-14 13:58:00,1177.85,1177.85,1177.85,1177.85,50,9375,1211.11,1155.1,1179.15
10812,2021-01-14 13:59:00,1177.85,1177.85,1177.85,1177.85,50,9375,1211.11,1155.1,1179.15
10813,2021-01-14 14:00:00,1144.6,1144.6,1144.6,1144.6,50,9425,1210.51,1140.65,1157.75
10814,2021-01-14 14:01:00,1144.6,1144.6,1144.6,1144.6,50,9425,1210.51,1140.65,1157.75
10815,2021-01-14 14:02:00,1144.6,1144.6,1144.6,1144.6,50,9425,1210.51,1140.65,1157.75
10816,2021-01-14 14:03:00,1144.6,1144.6,1144.6,1144.6,50,9425,1210.51,1140.65,1157.75
10817,2021-01-14 14:04:00,1144.6,1144.6,1144.6,1144.6,50,9425,1210.51,1140.65,1157.75
10818,2021-01-14 14:05:00,1140.6,1140.6,1130.0,1130.0,100,9400,1209.17,1120.0,1141.3
10819,2021-01-14 14:06:00,1140.6,1140.6,1130.0,1130.0,100,9400,1209.17,1120.0,1141.3
10820,2021-01-14 14:07:00,1140.6,1140.6,1130.0,1130.0,100,9400,1209.17,1120.0,1141.3
10821,2021-01-14 14:08:00,1140.6,1140.6,1130.0,1130.0,100,9400,1209.17,1120.0,1141.3
10822,2021-01-14 14:09:00,1140.6,1140.6,1130.0,1130.0,100,9400,1209.17,1120.0,1141.3
10823,2021-01-14 14:10:00,1140.6,1140.6,1130.0,1130.0,100,9400,1209.17,1120.0,1141.3
10824,2021-01-14 14:11:00,1140.6,1140.6,1130.0,1130.0,100,9400,1209.17,1120.0,1141.3
10825,2021-01-14 14:12:00,1140.6,1140.6,1130.0,1130.0,100,9400,1209.17,1120.0,1141.3
10826,2021-01-14 14:13:00,1140.6,1140.6,1130.0,1130.0,100,9400,1209.17,1120.0,1141.3
10827,2021-01-14 14:14:00,1140.6,1140.6,1130.0,1130.0,100,9400,1209.17,1120.0,1141.3
10828,2021-01-14 14:15:00,1150.5,1150.5,1150.5,1150.5,25,0,1208.91,1134.6,1152.9
10829,2021-01-14 14:16:00,1150.5,1150.5,1150.5,1150.5,25,0,1208.91,1134.6,1152.9
10830,2021-01-14 14:17:00,1150.5,1150.5,1150.5,1150.5,25,0,1208.91,1134.6,1152.9
10831,2021-01-14 14:18:00,1150.5,1150.5,1150.5,1150.5,25,0,1208.91,1134.6,1152.9
10832,2021-01-14 14:19:00,1130.45,1130.45,1130.45,1130.45,50,9375,1208.23,1116.0,1140.95
10833,2021-01-14 14:20:00,1113.55,1113.55,1113.55,1113.55,50,9375,1207.42,1116.9,1139.65
10834,2021-01-14 14:21:00,1113.55,1113.55,1113.55,1113.55,50,9375,1207.42,1116.9,1139.65
10835,2021-01-14 14:22:00,1113.55,1113.55,1113.55,1113.55,50,9375,1207.42,1116.9,1139.65
10836,2021-01-14 14:23:00,1113.55,1113.55,1113.55,1113.55,50,9375,1207.42,1116.9,1139.65
10837,2021-01-14 14:24:00,1113.55,1113.55,1113.55,1113.55,50,9375,1207.42,1116.9,1139.65
10838,2021-01-14 14:25:00,1113.55,1113.55,1113.55,1113.55,50,9375,1207.42,1116.9,1139.65
10839,2021-01-14 14:26:00,1113.55,1113.55,1113.55,1113.55,50,9375,1207.42,1116.9,1139.65
10840,2021-01-14 14:27:00,1113.55,1113.55,1113.55,1113.55,50,9375,1207.42,1116.9,1139.65
10841,2021-01-14 14:28:00,1113.55,1113.55,1113.55,1113.55,50,9375,1207.42,1116.9,1139.65
10842,2021-01-14 14:29:00,1113.55,1113.55,1113.55,1113.55,50,9375,1207.42,1116.9,1139.65
10843,2021-01-14 14:30:00,1132.1,1132.1,1132.0,1132.0,75,9425,1206.46,1117.7,1138.3
10844,2021-01-14 14:31:00,1132.1,1132.1,1132.0,1132.0,75,9425,1206.46,1117.7,1138.3
10845,2021-01-14 14:32:00,1132.1,1132.1,1132.0,1132.0,75,9425,1206.46,1117.7,1138.3
10846,2021-01-14 14:33:00,1132.1,1132.1,1132.0,1132.0,75,9425,1206.46,1117.7,1138.3
10847,2021-01-14 14:34:00,1132.1,1132.1,1132.0,1132.0,75,9425,1206.46,1117.7,1138.3
10848,2021-01-14 14:35:00,1132.1,1132.1,1132.0,1132.0,75,9425,1206.46,1117.7,1138.3
10849,2021-01-14 14:36:00,1132.1,1132.1,1132.0,1132.0,75,9425,1206.46,1117.7,1138.3
10850,2021-01-14 14:37:00,1126.25,1126.25,1126.25,1126.25,200,9375,1203.81,1125.9,1144.5
10851,2021-01-14 14:38:00,1144.8,1144.8,1144.8,1144.8,25,9375,1203.57,1125.9,1144.6
10852,2021-01-14 14:39:00,1144.8,1144.8,1144.8,1144.8,25,9375,1203.57,1125.9,1144.6
10853,2021-01-14 14:40:00,1149.3,1149.3,1149.3,1149.3,25,9175,1203.35,1135.35,1156.65
10854,2021-01-14 14:41:00,1149.3,1149.3,1149.3,1149.3,25,9175,1203.35,1135.35,1156.65
10855,2021-01-14 14:42:00,1149.3,1149.3,1149.3,1149.3,25,9175,1203.35,1135.35,1156.65
10856,2021-01-14 14:43:00,1149.3,1149.3,1149.3,1149.3,25,9175,1203.35,1135.35,1156.65
10857,2021-01-14 14:44:00,1120.0,1120.0,1110.0,1110.0,150,9175,1201.16,1092.55,1113.0
10858,2021-01-14 14:45:00,1106.3,1108.85,1106.3,1108.85,50,9250,1200.42,1094.0,1114.95
10859,2021-01-14 14:46:00,1106.3,1108.85,1106.3,1108.85,50,9250,1200.42,1094.0,1114.95
10860,2021-01-14 14:47:00,1106.3,1108.85,1106.3,1108.85,50,9250,1200.42,1094.0,1114.95
10861,2021-01-14 14:48:00,1106.3,1108.85,1106.3,1108.85,50,9250,1200.42,1094.0,1114.95
10862,2021-01-14 14:49:00,1106.3,1108.85,1106.3,1108.85,50,9250,1200.42,1094.0,1114.95
10863,2021-01-14 14:50:00,1106.3,1108.85,1106.3,1108.85,50,9250,1200.42,1094.0,1114.95
10864,2021-01-14 14:51:00,1106.3,1108.85,1106.3,1108.85,50,9250,1200.42,1094.0,1114.95
10865,2021-01-14 14:52:00,1106.3,1108.85,1106.3,1108.85,50,9250,1200.42,1094.0,1114.95
10866,2021-01-14 14:53:00,1106.3,1108.85,1106.3,1108.85,50,9250,1200.42,1094.0,1114.95
10867,2021-01-14 14:54:00,1106.3,1108.85,1106.3,1108.85,50,9250,1200.42,1094.0,1114.95
10868,2021-01-14 14:55:00,1106.3,1108.85,1106.3,1108.85,50,9250,1200.42,1094.0,1114.95
10869,2021-01-14 14:56:00,1106.3,1108.85,1106.3,1108.85,50,9250,1200.42,1094.0,1114.95
10870,2021-01-14 14:57:00,1106.3,1108.85,1106.3,1108.85,50,9250,1200.42,1094.0,1114.95
10871,2021-01-14 14:58:00,1106.3,1108.85,1106.3,1108.85,50,9250,1200.42,1094.0,1114.95
10872,2021-01-14 14:59:00,1106.3,1108.85,1106.3,1108.85,50,9250,1200.42,1094.0,1114.95
10873,2021-01-14 15:00:00,1106.3,1108.85,1106.3,1108.85,50,9250,1200.42,1094.0,1114.95
10874,2021-01-14 15:01:00,1106.3,1108.85,1106.3,1108.85,50,9250,1200.42,1094.0,1114.95
10875,2021-01-14 15:02:00,1106.3,1108.85,1106.3,1108.85,50,9250,1200.42,1094.0,1114.95
10876,2021-01-14 15:03:00,1106.3,1108.85,1106.3,1108.85,50,9250,1200.42,1094.0,1114.95
10877,2021-01-14 15:04:00,1106.3,1108.85,1106.3,1108.85,50,9250,1200.42,1094.0,1114.95
10878,2021-01-14 15:05:00,1106.3,1108.85,1106.3,1108.85,50,9250,1200.42,1094.0,1114.95
10879,2021-01-14 15:06:00,1106.3,1108.85,1106.3,1108.85,50,9250,1200.42,1094.0,1114.95
10880,2021-01-14 15:07:00,1106.3,1108.85,1106.3,1108.85,50,9250,1200.42,1094.0,1114.95
10881,2021-01-14 15:08:00,1106.3,1108.85,1106.3,1108.85,50,9250,1200.42,1094.0,1114.95
10882,2021-01-14 15:09:00,1106.3,1108.85,1106.3,1108.85,50,9250,1200.42,1094.0,1114.95
10883,2021-01-14 15:10:00,1106.3,1108.85,1106.3,1108.85,50,9250,1200.42,1094.0,1114.95
10884,2021-01-14 15:11:00,1106.3,1108.85,1106.3,1108.85,50,9250,1200.42,1094.0,1114.95
10885,2021-01-14 15:12:00,1106.3,1108.85,1106.3,1108.85,50,9250,1200.42,1094.0,1114.95
10886,2021-01-14 15:13:00,1106.3,1108.85,1106.3,1108.85,50,9250,1200.42,1094.0,1114.95
10887,2021-01-14 15:14:00,1106.3,1108.85,1106.3,1108.85,50,9250,1200.42,1094.0,1114.95
10888,2021-01-14 15:15:00,1108.85,1108.85,1108.85,1108.85,25,9250,1200.06,1102.4,1123.0
10889,2021-01-14 15:16:00,1108.85,1108.85,1108.85,1108.85,25,9250,1200.06,1102.4,1123.0
10890,2021-01-14 15:17:00,1109.05,1109.05,1101.55,1101.75,125,9250,1198.23,1101.45,1121.7
10891,2021-01-14 15:18:00,1101.45,1103.45,1100.6,1102.6,175,9100,1195.71,1103.05,1123.8
10892,2021-01-14 15:19:00,1103.4,1109.7,1103.4,1108.0,475,9100,1189.88,1108.0,1127.15
10893,2021-01-14 15:20:00,1128.75,1134.4,1128.75,1134.4,125,9100,1188.85,1120.15,1138.8
10894,2021-01-14 15:21:00,1128.75,1134.4,1128.75,1134.4,125,9100,1188.85,1120.15,1138.8
10895,2021-01-14 15:22:00,1129.9,1129.9,1129.9,1129.9,100,8975,1188.15,1150.05,1157.15
10896,2021-01-14 15:23:00,1157.55,1157.55,1157.55,1157.55,25,8975,1188.05,1158.35,1164.65
10897,2021-01-14 15:24:00,1157.55,1157.55,1157.55,1157.55,25,8975,1188.05,1158.35,1164.65
10898,2021-01-14 15:25:00,1157.1,1157.1,1151.3,1151.3,50,8950,1187.82,1149.6,1155.9
10899,2021-01-14 15:26:00,1155.55,1155.55,1155.55,1155.55,25,8950,1187.71,1153.05,1160.9
10900,2021-01-14 15:27:00,1160.9,1160.9,1160.9,1160.9,50,0,1187.53,1155.15,1163.4
10901,2021-01-14 15:28:00,1163.35,1163.35,1141.85,1141.85,50,9050,1187.3,1146.2,1163.75
10902,2021-01-14 15:29:00,1163.35,1163.35,1141.85,1141.85,50,9050,1187.3,1146.2,1163.75
10903,2021-01-14 15:30:00,1163.35,1163.35,1141.85,1141.85,50,9050,1187.3,1146.2,1163.75
10904,2021-01-15 09:15:00,1163.35,1163.35,1141.85,1141.85,50,9050,1187.3,1146.2,1163.75
10905,2021-01-15 09:16:00,1163.35,1163.35,1141.85,1141.85,50,9050,1187.3,1146.2,1163.75
10906,2021-01-15 09:17:00,1163.35,1163.35,1141.85,1141.85,50,9050,1187.3,1146.2,1163.75
10907,2021-01-15 09:18:00,1086.95,1086.95,1086.95,1086.95,50,8775,1086.95,1086.95,1097.35
10908,2021-01-15 09:19:00,1086.95,1086.95,1050.0,1050.0,75,8775,1079.56,1046.75,1063.3
10909,2021-01-15 09:20:00,1045.05,1050.0,1045.05,1050.0,125,8825,1064.28,1052.35,1068.35
10910,2021-01-15 09:21:00,1045.05,1050.0,1045.05,1050.0,125,8825,1064.28,1052.35,1068.35
10911,2021-01-15 09:22:00,1054.6,1054.6,1054.6,1054.6,25,8825,1063.4,1040.85,1055.25
10912,2021-01-15 09:23:00,1054.6,1054.6,1054.6,1054.6,25,8825,1063.4,1040.85,1055.25
10913,2021-01-15 09:24:00,1054.6,1054.6,1054.6,1054.6,25,8825,1063.4,1040.85,1055.25
10914,2021-01-15 09:25:00,1054.6,1054.6,1054.6,1054.6,25,8825,1063.4,1040.85,1055.25
10915,2021-01-15 09:26:00,1039.4,1039.4,1039.4,1039.4,25,8800,1061.4,1041.05,1051.9
10916,2021-01-15 09:27:00,1039.4,1039.4,1039.4,1039.4,25,8800,1061.4,1041.05,1051.9
10917,2021-01-15 09:28:00,1039.4,1039.4,1039.4,1039.4,25,8800,1061.4,1041.05,1051.9
10918,2021-01-15 09:29:00,1039.4,1039.4,1039.4,1039.4,25,8800,1061.4,1041.05,1051.9
10919,2021-01-15 09:30:00,1039.4,1039.4,1039.4,1039.4,25,8800,1061.4,1041.05,1051.9
10920,2021-01-15 09:31:00,1008.85,1008.85,1008.85,1008.85,25,8750,1057.36,1008.85,1021.5
10921,2021-01-15 09:32:00,1008.85,1023.25,1008.85,1023.25,75,8725,1050.06,1016.85,1038.3
10922,2021-01-15 09:33:00,1008.85,1023.25,1008.85,1023.25,75,8725,1050.06,1016.85,1038.3
10923,2021-01-15 09:34:00,1000.0,1000.0,1000.0,1000.0,100,8725,1040.05,981.25,1006.25
10924,2021-01-15 09:35:00,1000.0,1000.0,1000.0,1000.0,100,8725,1040.05,981.25,1006.25
10925,2021-01-15 09:36:00,1000.0,1000.0,1000.0,1000.0,100,8725,1040.05,981.25,1006.25
10926,2021-01-15 09:37:00,986.35,986.35,986.35,986.35,25,8800,1037.49,986.45,1005.15
10927,2021-01-15 09:38:00,986.35,986.35,986.35,986.35,25,8800,1037.49,986.45,1005.15
10928,2021-01-15 09:39:00,986.35,986.35,986.35,986.35,25,8800,1037.49,986.45,1005.15
10929,2021-01-15 09:40:00,986.35,986.35,986.35,986.35,25,8800,1037.49,986.45,1005.15
10930,2021-01-15 09:41:00,986.35,986.35,986.35,986.35,25,8800,1037.49,986.45,1005.15
10931,2021-01-15 09:42:00,986.35,986.35,986.35,986.35,25,8800,1037.49,986.45,1005.15
10932,2021-01-15 09:43:00,986.35,986.35,986.35,986.35,25,8775,1035.17,959.1,991.4
10933,2021-01-15 09:44:00,983.5,983.5,983.5,983.5,25,8775,1032.92,949.05,977.65
10934,2021-01-15 09:45:00,983.5,983.5,983.5,983.5,25,8775,1032.92,949.05,977.65
10935,2021-01-15 09:46:00,936.5,936.5,936.5,936.5,25,8775,1028.9,915.15,941.9
10936,2021-01-15 09:47:00,917.45,923.5,910.0,923.5,275,8600,992.52,925.45,950.15
10937,2021-01-15 09:48:00,917.45,923.5,910.0,923.5,275,8600,992.52,925.45,950.15
10938,2021-01-15 09:49:00,917.45,923.5,910.0,923.5,275,8600,992.52,925.45,950.15
10939,2021-01-15 09:50:00,923.6,923.6,923.55,923.55,75,8575,987.07,923.5,935.75
10940,2021-01-15 09:51:00,923.6,923.6,923.55,923.55,75,8575,987.07,923.5,935.75
10941,2021-01-15 09:52:00,992.6,992.6,958.9,958.95,600,8575,980.69,944.9,970.5
10942,2021-01-15 09:53:00,992.6,992.6,958.9,958.95,600,8575,980.69,944.9,970.5
10943,2021-01-15 09:54:00,942.55,961.9,942.55,961.55,925,8850,970.08,952.7,975.5
10944,2021-01-15 09:55:00,942.55,961.9,942.55,961.55,925,8850,970.08,952.7,975.5
10945,2021-01-15 09:56:00,942.55,961.9,942.55,961.55,925,8850,970.08,952.7,975.5
10946,2021-01-15 09:57:00,942.55,961.9,942.55,961.55,925,8850,970.08,952.7,975.5
10947,2021-01-15 09:58:00,942.55,961.9,942.55,961.55,925,8850,970.08,952.7,975.5
10948,2021-01-15 09:59:00,975.25,978.25,973.25,978.25,75,8700,970.24,962.4,974.05
10949,2021-01-15 10:00:00,975.25,978.25,973.25,978.25,75,8700,970.24,962.4,974.05
10950,2021-01-15 10:01:00,986.05,986.05,986.05,986.05,25,8700,970.4,977.85,985.4
10951,2021-01-15 10:02:00,986.05,986.05,986.05,986.05,25,8700,970.4,977.85,985.4
10952,2021-01-15 10:03:00,986.05,986.05,986.05,986.05,25,8700,970.4,977.85,985.4
10953,2021-01-15 10:04:00,950.0,950.0,950.0,950.0,75,8400,969.82,945.75,953.4
10954,2021-01-15 10:05:00,939.0,939.0,939.0,939.0,125,8425,968.43,939.35,946.75
10955,2021-01-15 10:06:00,939.0,939.0,939.0,939.0,125,8425,968.43,939.35,946.75
10956,2021-01-15 10:07:00,933.0,933.0,931.15,931.15,3900,8425,944.44,930.8,937.55
10957,2021-01-15 10:08:00,943.85,943.85,938.8,938.8,525,9200,944.06,936.6,942.85
10958,2021-01-15 10:09:00,938.15,957.25,938.15,957.25,575,9200,943.7,952.55,963.2
10959,2021-01-15 10:10:00,938.15,957.25,938.15,957.25,575,9200,943.7,952.55,963.2
10960,2021-01-15 10:11:00,957.4,957.4,957.4,957.4,25,9200,943.75,960.1,966.0
10961,2021-01-15 10:12:00,968.7,968.7,968.7,968.7,50,9925,943.9,966.45,972.7
10962,2021-01-15 10:13:00,974.5,974.5,974.5,974.5,50,9925,944.1,966.45,972.85
10963,2021-01-15 10:14:00,974.5,974.5,974.5,974.5,50,9925,944.1,966.45,972.85
10964,2021-01-15 10:15:00,974.5,974.5,974.5,974.5,50,9925,944.1,966.45,972.85
10965,2021-01-15 10:16:00,976.1,976.1,976.1,976.1,25,9825,944.2,972.05,975.55
10966,2021-01-15 10:17:00,963.05,963.05,950.2,950.2,150,8625,944.33,952.85,957.9
10967,2021-01-15 10:18:00,956.25,956.25,956.25,956.25,25,8625,944.37,944.55,949.4
10968,2021-01-15 10:19:00,956.25,956.25,956.25,956.25,25,8625,944.37,944.55,949.4
10969,2021-01-15 10:20:00,955.7,955.7,955.7,955.7,25,8625,944.41,941.2,946.9
10970,2021-01-15 10:21:00,955.7,955.7,955.7,955.7,25,8625,944.41,941.2,946.9
10971,2021-01-15 10:22:00,955.7,955.7,955.7,955.7,25,8625,944.41,941.2,946.9
10972,2021-01-15 10:23:00,950.0,950.0,950.0,950.0,25,8550,944.42,946.85,953.55
10973,2021-01-15 10:24:00,950.0,950.0,950.0,950.0,25,8550,944.42,946.85,953.55
10974,2021-01-15 10:25:00,950.0,950.0,950.0,950.0,25,8550,944.42,946.85,953.55
10975,2021-01-15 10:26:00,950.0,950.0,950.0,950.0,25,8550,944.42,946.85,953.55
10976,2021-01-15 10:27:00,950.0,950.0,950.0,950.0,25,8550,944.42,946.85,953.55
10977,2021-01-15 10:28:00,950.0,950.0,950.0,950.0,25,8550,944.42,946.85,953.55
10978,2021-01-15 10:29:00,919.65,919.65,919.65,919.65,25,8525,944.35,921.65,927.8
10979,2021-01-15 10:30:00,905.1,912.65,902.35,905.55,375,8550,942.76,909.65,915.3
10980,2021-01-15 10:31:00,905.1,912.65,902.35,905.55,375,8550,942.76,909.65,915.3
10981,2021-01-15 10:32:00,905.1,912.65,902.35,905.55,375,8550,942.76,909.65,915.3
10982,2021-01-15 10:33:00,913.35,913.35,913.35,913.35,25,8500,942.67,915.0,920.7
10983,2021-01-15 10:34:00,913.35,913.35,913.35,913.35,25,8500,942.67,915.0,920.7
10984,2021-01-15 10:35:00,910.0,910.0,910.0,910.0,25,8500,942.57,914.0,919.7
10985,2021-01-15 10:36:00,910.0,910.0,910.0,910.0,25,8500,942.57,914.0,919.7
10986,2021-01-15 10:37:00,925.65,925.65,910.0,910.0,125,8500,942.23,906.3,912.75
10987,2021-01-15 10:38:00,905.55,905.55,905.55,905.55,50,8500,942.02,898.45,902.9
10988,2021-01-15 10:39:00,885.3,885.3,866.05,866.05,750,8450,937.51,871.45,877.4
10989,2021-01-15 10:40:00,880.3,880.3,870.8,876.0,200,8450,936.21,884.45,895.15
10990,2021-01-15 10:41:00,880.3,880.3,870.8,876.0,200,8450,936.21,884.45,895.15
10991,2021-01-15 10:42:00,880.3,880.3,870.8,876.0,200,8450,936.21,884.45,895.15
10992,2021-01-15 10:43:00,880.3,880.3,870.8,876.0,200,8450,936.21,884.45,895.15
10993,2021-01-15 10:44:00,880.3,880.3,870.8,876.0,200,8450,936.21,884.45,895.15
10994,2021-01-15 10:45:00,926.95,932.7,926.95,929.4,200,8700,936.02,925.45,931.95
10995,2021-01-15 10:46:00,926.95,932.7,926.95,929.4,200,8700,936.02,925.45,931.95
10996,2021-01-15 10:47:00,920.3,920.3,920.3,920.3,25,8450,935.98,915.25,927.2
10997,2021-01-15 10:48:00,913.95,913.95,913.95,913.95,25,8450,935.92,903.8,910.7
10998,2021-01-15 10:49:00,913.95,913.95,913.95,913.95,25,8450,935.92,903.8,910.7
10999,2021-01-15 10:50:00,913.95,913.95,913.95,913.95,25,8450,935.92,903.8,910.7
11000,2021-01-15 10:51:00,913.95,913.95,913.95,913.95,25,8450,935.92,903.8,910.7
11001,2021-01-15 10:52:00,903.05,903.35,903.05,903.35,100,8450,935.6,913.95,920.6
11002,2021-01-15 10:53:00,903.05,903.35,903.05,903.35,100,8450,935.6,913.95,920.6
11003,2021-01-15 10:54:00,903.05,903.35,903.05,903.35,100,8450,935.6,913.95,920.6
11004,2021-01-15 10:55:00,903.05,903.35,903.05,903.35,100,8450,935.6,913.95,920.6
11005,2021-01-15 10:56:00,903.05,903.35,903.05,903.35,100,8450,935.6,913.95,920.6
11006,2021-01-15 10:57:00,912.7,912.7,912.7,912.7,25,8375,935.54,913.4,919.25
11007,2021-01-15 10:58:00,912.7,912.7,912.7,912.7,25,8375,935.54,913.4,919.25
11008,2021-01-15 10:59:00,912.7,912.7,912.7,912.7,25,8375,935.54,913.4,919.25
11009,2021-01-15 11:00:00,898.4,898.85,898.4,898.85,50,8475,935.36,896.65,902.05
11010,2021-01-15 11:01:00,898.4,898.85,898.4,898.85,50,8475,935.36,896.65,902.05
11011,2021-01-15 11:02:00,905.5,905.5,905.5,905.5,25,8350,935.29,904.35,909.65
11012,2021-01-15 11:03:00,905.5,905.5,905.5,905.5,25,8350,935.29,904.35,909.65
11013,2021-01-15 11:04:00,905.5,905.5,905.5,905.5,25,8350,935.29,904.35,909.65
11014,2021-01-15 11:05:00,908.1,908.1,908.1,908.1,25,8325,935.22,907.05,913.5
11015,2021-01-15 11:06:00,920.0,920.0,920.0,920.0,25,8325,935.18,914.55,919.6
11016,2021-01-15 11:07:00,920.0,920.0,920.0,920.0,25,8325,935.18,914.55,919.6
11017,2021-01-15 11:08:00,901.3,901.3,901.3,901.3,25,8325,935.1,905.2,910.5
11018,2021-01-15 11:09:00,888.25,888.25,888.25,888.25,25,8325,934.99,892.9,898.55
11019,2021-01-15 11:10:00,880.4,880.4,880.4,880.4,25,8325,934.85,893.35,899.65
11020,2021-01-15 11:11:00,880.4,880.4,880.4,880.4,25,8325,934.85,893.35,899.65
11021,2021-01-15 11:12:00,904.0,904.0,904.0,904.0,25,8300,934.78,901.5,907.15
11022,2021-01-15 11:13:00,896.85,896.85,896.85,896.85,25,8300,934.69,897.2,903.45
11023,2021-01-15 11:14:00,902.45,902.45,902.45,902.45,25,8300,934.61,899.05,904.55
11024,2021-01-15 11:15:00,902.45,902.45,902.45,902.45,25,8275,934.53,903.85,905.85
11025,2021-01-15 11:16:00,905.85,911.65,905.85,911.65,75,8275,934.35,906.0,912.4
11026,2021-01-15 11:17:00,905.85,911.65,905.85,911.65,75,8275,934.35,906.0,912.4
11027,2021-01-15 11:18:00,905.85,911.65,905.85,911.65,75,8275,934.35,906.0,912.4
11028,2021-01-15 11:19:00,885.3,885.3,885.3,885.3,50,8250,934.11,882.25,889.2
11029,2021-01-15 11:20:00,885.3,885.3,885.3,885.3,50,8250,934.11,882.25,889.2
11030,2021-01-15 11:21:00,884.25,884.25,884.25,884.25,25,8250,933.99,882.35,889.6
11031,2021-01-15 11:22:00,875.9,881.8,875.9,881.8,50,8250,933.73,879.5,887.55
11032,2021-01-15 11:23:00,876.25,876.25,876.25,876.25,100,8250,933.2,873.65,882.4
11033,2021-01-15 11:24:00,876.25,876.25,876.25,876.25,100,8250,933.2,873.65,882.4
11034,2021-01-15 11:25:00,851.75,859.7,842.3,859.7,400,8100,930.28,857.0,865.05
11035,2021-01-15 11:26:00,869.2,869.2,869.2,869.2,25,8100,930.14,861.45,869.2
11036,2021-01-15 11:27:00,851.9,851.9,851.9,851.9,25,8200,929.97,859.2,866.7
11037,2021-01-15 11:28:00,849.35,849.4,849.35,849.4,150,8200,928.9,846.8,855.6
11038,2021-01-15 11:29:00,848.5,855.5,840.3,855.5,250,8225,927.07,850.0,855.05
11039,2021-01-15 11:30:00,850.0,850.0,850.0,850.0,75,8225,926.57,854.65,860.4
11040,2021-01-15 11:31:00,850.0,850.0,850.0,850.0,75,8225,926.08,849.8,857.15
11041,2021-01-15 11:32:00,850.0,850.0,850.0,850.0,75,8225,926.08,849.8,857.15
11042,2021-01-15 11:33:00,853.9,853.9,850.35,850.35,50,8325,925.76,846.35,852.65
11043,2021-01-15 11:34:00,859.45,859.45,859.45,859.45,25,8325,925.62,856.35,861.95
11044,2021-01-15 11:35:00,859.45,859.45,859.45,859.45,25,8325,925.62,856.35,861.95
11045,2021-01-15 11:36:00,860.0,860.0,860.0,860.0,25,8300,925.48,861.65,870.85
11046,2021-01-15 11:37:00,878.85,898.1,878.85,898.1,125,8300,925.06,888.65,894.4
11047,2021-01-15 11:38:00,897.8,897.8,897.8,897.8,25,8300,925.01,905.8,910.15
11048,2021-01-15 11:39:00,890.65,890.65,890.65,890.65,25,8325,924.93,895.05,900.3
11049,2021-01-15 11:40:00,890.65,890.65,890.65,890.65,25,8325,924.93,895.05,900.3
11050,2021-01-15 11:41:00,902.0,902.0,902.0,902.0,25,8325,924.89,892.65,897.1
11051,2021-01-15 11:42:00,902.0,902.0,902.0,902.0,25,8325,924.89,892.65,897.1
11052,2021-01-15 11:43:00,901.05,901.05,901.05,901.05,25,8350,924.84,900.6,903.45
11053,2021-01-15 11:44:00,910.0,910.0,910.0,910.0,25,8350,924.81,910.15,911.7
11054,2021-01-15 11:45:00,921.4,921.4,910.15,910.15,100,8325,924.73,911.3,919.6
11055,2021-01-15 11:46:00,905.1,905.1,905.1,905.1,25,8325,924.69,906.75,912.3
11056,2021-01-15 11:47:00,907.95,907.95,907.95,907.95,25,8325,924.66,905.55,910.8
11057,2021-01-15 11:48:00,907.95,907.95,907.95,907.95,25,8325,924.66,905.55,910.8
11058,2021-01-15 11:49:00,907.95,907.95,907.95,907.95,25,8325,924.66,905.55,910.8
11059,2021-01-15 11:50:00,907.95,907.95,907.95,907.95,25,8325,924.66,905.55,910.8
11060,2021-01-15 11:51:00,907.95,907.95,907.95,907.95,25,8325,924.66,905.55,910.8
11061,2021-01-15 11:52:00,907.95,907.95,907.95,907.95,25,8325,924.66,905.55,910.8
11062,2021-01-15 11:53:00,913.7,913.7,913.7,913.7,50,8325,924.61,911.75,916.5
11063,2021-01-15 11:54:00,924.55,924.55,924.55,924.55,25,8350,924.61,920.85,925.9
11064,2021-01-15 11:55:00,924.55,924.55,924.55,924.55,25,8350,924.61,920.85,925.9
11065,2021-01-15 11:56:00,906.6,906.6,906.6,906.6,25,8350,924.57,905.2,909.9
11066,2021-01-15 11:57:00,906.6,906.6,906.6,906.6,25,8350,924.57,905.2,909.9
11067,2021-01-15 11:58:00,906.6,906.6,906.6,906.6,25,8350,924.57,905.2,909.9
11068,2021-01-15 11:59:00,906.6,906.6,906.6,906.6,25,8350,924.57,905.2,909.9
11069,2021-01-15 12:00:00,906.6,906.6,906.6,906.6,25,8350,924.57,905.2,909.9
11070,2021-01-15 12:01:00,906.6,906.6,906.6,906.6,25,8350,924.57,905.2,909.9
11071,2021-01-15 12:02:00,906.6,906.6,906.6,906.6,25,8350,924.57,905.2,909.9
11072,2021-01-15 12:03:00,909.3,909.3,905.0,905.0,50,8350,924.5,898.1,903.25
11073,2021-01-15 12:04:00,909.3,909.3,905.0,905.0,50,8350,924.5,898.1,903.25
11074,2021-01-15 12:05:00,909.3,909.3,905.0,905.0,50,8350,924.5,898.1,903.25
11075,2021-01-15 12:06:00,909.3,909.3,905.0,905.0,50,8350,924.5,898.1,903.25
11076,2021-01-15 12:07:00,900.4,900.4,900.4,900.4,25,8350,924.46,897.7,901.7
11077,2021-01-15 12:08:00,896.4,905.55,896.4,905.55,225,8350,924.1,908.1,912.5
11078,2021-01-15 12:09:00,896.4,905.55,896.4,905.55,225,8350,924.1,908.1,912.5
11079,2021-01-15 12:10:00,913.15,913.15,913.15,913.15,25,8550,924.07,907.6,912.1
11080,2021-01-15 12:11:00,913.15,913.15,913.15,913.15,25,8550,924.07,907.6,912.1
11081,2021-01-15 12:12:00,913.15,913.15,913.15,913.15,25,8550,924.07,907.6,912.1
11082,2021-01-15 12:13:00,913.15,913.15,913.15,913.15,25,8550,924.07,907.6,912.1
11083,2021-01-15 12:14:00,934.55,934.55,932.1,932.1,525,8550,924.44,932.5,936.95
11084,2021-01-15 12:15:00,934.55,934.55,932.1,932.1,525,8550,924.44,932.5,936.95
11085,2021-01-15 12:16:00,924.55,924.55,924.55,924.55,25,8825,924.44,925.75,930.55
11086,2021-01-15 12:17:00,930.05,930.05,930.05,930.05,75,8825,924.47,926.35,931.2
11087,2021-01-15 12:18:00,932.0,932.0,932.0,932.0,25,8750,924.48,927.95,932.7
11088,2021-01-15 12:19:00,932.0,932.0,932.0,932.0,25,8750,924.48,927.95,932.7
11089,2021-01-15 12:20:00,924.65,924.65,924.65,924.65,25,8750,924.48,920.7,925.7
11090,2021-01-15 12:21:00,924.65,924.65,924.65,924.65,25,8750,924.48,920.7,925.7
11091,2021-01-15 12:22:00,924.65,924.65,924.65,924.65,25,8750,924.48,920.7,925.7
11092,2021-01-15 12:23:00,924.65,924.65,924.65,924.65,25,8750,924.48,920.7,925.7
11093,2021-01-15 12:24:00,945.8,947.1,945.8,947.1,75,8750,924.61,945.1,949.9
11094,2021-01-15 12:25:00,945.8,947.1,945.8,947.1,75,8750,924.61,945.1,949.9
11095,2021-01-15 12:26:00,955.35,955.35,955.35,955.35,25,8750,924.67,943.15,948.1
11096,2021-01-15 12:27:00,951.35,951.35,951.35,951.35,25,8800,924.72,953.65,958.2
11097,2021-01-15 12:28:00,968.3,968.45,963.4,963.4,675,8800,926.77,960.6,964.95
11098,2021-01-15 12:29:00,968.3,968.45,963.4,963.4,675,8800,926.77,960.6,964.95
11099,2021-01-15 12:30:00,967.0,967.0,967.0,967.0,25,8800,926.84,953.55,958.55
11100,2021-01-15 12:31:00,967.0,967.0,967.0,967.0,25,8800,926.84,953.55,958.55
11101,2021-01-15 12:32:00,967.0,967.0,967.0,967.0,25,8800,926.84,953.55,958.55
11102,2021-01-15 12:33:00,967.0,967.0,967.0,967.0,25,8800,926.84,953.55,958.55
11103,2021-01-15 12:34:00,967.0,967.0,967.0,967.0,25,8800,926.84,953.55,958.55
11104,2021-01-15 12:35:00,972.65,972.65,972.65,972.65,250,8725,927.63,964.25,969.2
11105,2021-01-15 12:36:00,972.65,972.65,972.65,972.65,250,8725,927.63,964.25,969.2
11106,2021-01-15 12:37:00,967.6,967.6,967.6,967.6,25,8750,927.7,964.35,968.65
11107,2021-01-15 12:38:00,967.6,967.6,967.6,967.6,25,8750,927.7,964.35,968.65
11108,2021-01-15 12:39:00,967.6,967.6,967.6,967.6,25,8750,927.7,964.35,968.65
11109,2021-01-15 12:40:00,967.6,967.6,967.6,967.6,25,8750,927.7,964.35,968.65
11110,2021-01-15 12:41:00,956.8,960.0,956.8,960.0,50,8725,927.81,962.35,967.4
11111,2021-01-15 12:42:00,956.8,960.0,956.8,960.0,50,8725,927.81,962.35,967.4
11112,2021-01-15 12:43:00,983.15,983.15,983.15,983.15,25,8750,927.9,981.35,985.6
11113,2021-01-15 12:44:00,983.15,983.15,983.15,983.15,25,8750,927.9,981.35,985.6
11114,2021-01-15 12:45:00,983.15,983.15,983.15,983.15,25,8750,927.9,981.35,985.6
11115,2021-01-15 12:46:00,1000.0,1000.0,980.9,981.25,100,8750,928.33,976.7,981.65
11116,2021-01-15 12:47:00,1000.0,1000.0,980.9,981.25,100,8750,928.33,976.7,981.65
11117,2021-01-15 12:48:00,1000.0,1000.0,980.9,981.25,100,8750,928.33,976.7,981.65
11118,2021-01-15 12:49:00,1000.0,1000.0,980.9,981.25,100,8750,928.33,976.7,981.65
11119,2021-01-15 12:50:00,975.0,975.0,975.0,975.0,25,8700,928.41,975.85,979.75
11120,2021-01-15 12:51:00,976.05,976.05,976.05,976.05,25,8675,928.49,979.6,983.5
11121,2021-01-15 12:52:00,979.6,979.6,971.75,971.75,50,8675,928.65,956.05,959.9
11122,2021-01-15 12:53:00,952.5,952.5,952.5,952.5,75,8675,928.78,955.3,959.25
11123,2021-01-15 12:54:00,952.5,952.5,952.5,952.5,75,8675,928.78,955.3,959.25
11124,2021-01-15 12:55:00,952.5,952.5,952.5,952.5,75,8675,928.78,955.3,959.25
11125,2021-01-15 12:56:00,952.5,952.5,952.5,952.5,75,8675,928.78,955.3,959.25
11126,2021-01-15 12:57:00,952.5,952.5,952.5,952.5,75,8675,928.78,955.3,959.25
11127,2021-01-15 12:58:00,952.5,952.5,952.5,952.5,75,8675,928.78,955.3,959.25
11128,2021-01-15 12:59:00,952.5,952.5,952.5,952.5,75,8675,928.78,955.3,959.25
11129,2021-01-15 13:00:00,952.5,952.5,952.5,952.5,75,8675,928.78,955.3,959.25
11130,2021-01-15 13:01:00,952.5,952.5,952.5,952.5,75,8675,928.78,955.3,959.25
11131,2021-01-15 13:02:00,971.75,971.75,971.75,971.75,25,8650,928.85,971.6,975.55
11132,2021-01-15 13:03:00,971.75,971.75,971.75,971.75,25,8650,928.85,971.6,975.55
11133,2021-01-15 13:04:00,977.4,977.4,977.4,977.4,50,8625,929.01,975.95,979.85
11134,2021-01-15 13:05:00,977.4,977.4,977.4,977.4,50,8625,929.01,975.95,979.85
11135,2021-01-15 13:06:00,977.4,977.4,977.4,977.4,50,8625,929.01,975.95,979.85
11136,2021-01-15 13:07:00,958.95,958.95,940.2,940.2,125,8600,929.14,946.9,951.05
11137,2021-01-15 13:08:00,932.85,935.65,928.1,935.65,200,8600,929.18,932.8,937.05
11138,2021-01-15 13:09:00,932.85,935.65,928.1,935.65,200,8600,929.18,932.8,937.05
11139,2021-01-15 13:10:00,932.85,935.65,928.1,935.65,200,8600,929.18,932.8,937.05
11140,2021-01-15 13:11:00,932.85,935.65,928.1,935.65,200,8600,929.18,932.8,937.05
11141,2021-01-15 13:12:00,944.55,944.55,944.55,944.55,75,8475,929.26,935.95,940.15
11142,2021-01-15 13:13:00,944.55,944.55,944.55,944.55,75,8475,929.26,935.95,940.15
11143,2021-01-15 13:14:00,936.0,936.0,936.0,936.0,375,8475,929.42,936.0,938.05
11144,2021-01-15 13:15:00,936.0,936.0,911.85,911.85,1775,8425,930.02,913.25,917.1
11145,2021-01-15 13:16:00,936.0,936.0,911.85,911.85,1775,8425,930.02,913.25,917.1
11146,2021-01-15 13:17:00,921.0,921.0,921.0,921.0,500,8425,929.76,924.55,928.75
11147,2021-01-15 13:18:00,929.0,929.0,929.0,929.0,500,8425,929.74,933.35,937.35
11148,2021-01-15 13:19:00,942.7,946.3,942.7,946.3,300,8350,929.96,941.7,956.1
11149,2021-01-15 13:20:00,942.7,946.3,942.7,946.3,300,8350,929.96,941.7,956.1
11150,2021-01-15 13:21:00,942.7,946.3,942.7,946.3,300,8350,929.96,941.7,956.1
11151,2021-01-15 13:22:00,942.7,946.3,942.7,946.3,300,8350,929.96,941.7,956.1
11152,2021-01-15 13:23:00,942.7,946.3,942.7,946.3,300,8350,929.96,941.7,956.1
11153,2021-01-15 13:24:00,942.7,946.3,942.7,946.3,300,8350,929.96,941.7,956.1
11154,2021-01-15 13:25:00,942.7,946.3,942.7,946.3,300,8350,929.96,941.7,956.1
11155,2021-01-15 13:26:00,937.85,937.85,937.85,937.85,25,7625,929.97,937.85,939.3
11156,2021-01-15 13:27:00,937.85,937.85,937.85,937.85,25,0,929.98,936.7,940.8
11157,2021-01-15 13:28:00,937.85,937.85,937.85,937.85,25,0,929.98,936.7,940.8
11158,2021-01-15 13:29:00,937.85,937.85,937.85,937.85,25,0,929.98,936.7,940.8
11159,2021-01-15 13:30:00,937.85,937.85,937.85,937.85,25,0,929.98,936.7,940.8
11160,2021-01-15 13:31:00,950.0,950.0,950.0,950.0,25,7650,930.01,944.1,948.25
11161,2021-01-15 13:32:00,950.0,950.0,950.0,950.0,25,7650,930.01,944.1,948.25
11162,2021-01-15 13:33:00,927.75,927.75,922.1,922.1,150,7650,929.98,921.8,926.55
11163,2021-01-15 13:34:00,927.75,927.75,922.1,922.1,150,7650,929.98,921.8,926.55
11164,2021-01-15 13:35:00,946.6,946.6,946.6,946.6,125,7225,930.09,944.35,949.1
11165,2021-01-15 13:36:00,946.6,946.6,946.6,946.6,125,7225,930.09,944.35,949.1
11166,2021-01-15 13:37:00,946.6,946.6,946.6,946.6,125,7225,930.09,944.35,949.1
11167,2021-01-15 13:38:00,963.75,969.0,963.75,969.0,100,7250,930.28,962.75,967.55
11168,2021-01-15 13:39:00,963.75,969.0,963.75,969.0,100,7250,930.28,962.75,967.55
11169,2021-01-15 13:40:00,960.0,960.0,960.0,960.0,50,7250,930.36,958.25,962.85
11170,2021-01-15 13:41:00,960.0,960.0,960.0,960.0,50,7250,930.36,958.25,962.85
11171,2021-01-15 13:42:00,960.0,960.0,960.0,960.0,50,7250,930.36,958.25,962.85
11172,2021-01-15 13:43:00,951.2,951.2,951.2,951.2,50,7300,930.41,949.25,954.55
11173,2021-01-15 13:44:00,951.2,951.2,951.2,951.2,50,7300,930.41,949.25,954.55
11174,2021-01-15 13:45:00,950.2,950.2,950.2,950.2,75,7300,930.49,948.65,953.3
11175,2021-01-15 13:46:00,950.2,950.2,950.2,950.2,75,7300,930.49,948.65,953.3
11176,2021-01-15 13:47:00,950.2,950.2,950.2,950.2,75,7300,930.49,948.65,953.3
11177,2021-01-15 13:48:00,950.2,950.2,950.2,950.2,75,7300,930.49,948.65,953.3
11178,2021-01-15 13:49:00,950.2,950.2,950.2,950.2,75,7300,930.49,948.65,953.3
11179,2021-01-15 13:50:00,951.75,951.75,951.75,951.75,100,7300,930.6,950.05,955.4
11180,2021-01-15 13:51:00,951.75,951.75,951.75,951.75,100,7300,930.6,950.05,955.4
11181,2021-01-15 13:52:00,951.75,951.75,951.75,951.75,100,7300,930.6,950.05,955.4
11182,2021-01-15 13:53:00,951.75,951.75,951.75,951.75,100,7300,930.6,950.05,955.4
11183,2021-01-15 13:54:00,900.0,900.0,884.9,884.9,225,7225,930.14,877.35,892.85
11184,2021-01-15 13:55:00,898.75,898.75,898.75,898.75,50,7225,930.06,883.55,895.05
11185,2021-01-15 13:56:00,870.75,872.05,870.75,872.05,150,7225,929.62,875.4,885.8
11186,2021-01-15 13:57:00,863.9,868.1,863.9,868.1,200,7225,928.97,866.4,881.6
11187,2021-01-15 13:58:00,882.3,882.3,882.3,882.3,25,7225,928.91,870.1,875.25
11188,2021-01-15 13:59:00,882.3,882.3,882.3,882.3,25,7225,928.91,870.1,875.25
11189,2021-01-15 14:00:00,868.8,868.8,868.8,868.8,75,7225,928.68,868.95,877.55
11190,2021-01-15 14:01:00,868.8,868.8,868.8,868.8,75,7225,928.68,868.95,877.55
11191,2021-01-15 14:02:00,868.8,868.8,868.8,868.8,75,7225,928.68,868.95,877.55
11192,2021-01-15 14:03:00,868.8,868.8,868.8,868.8,75,7225,928.68,868.95,877.55
11193,2021-01-15 14:04:00,868.8,868.8,868.8,868.8,75,7225,928.68,868.95,877.55
11194,2021-01-15 14:05:00,868.8,868.8,868.8,868.8,75,7225,928.68,868.95,877.55
11195,2021-01-15 14:06:00,866.8,866.8,844.25,849.75,525,7250,926.76,841.55,851.9
11196,2021-01-15 14:07:00,838.5,859.05,838.5,859.05,200,7250,926.04,852.4,863.3
11197,2021-01-15 14:08:00,862.1,862.1,849.0,849.0,50,7250,925.87,846.5,851.25
11198,2021-01-15 14:09:00,848.65,849.75,848.65,849.75,50,7425,925.69,834.4,846.3
11199,2021-01-15 14:10:00,844.55,848.65,835.3,846.3,325,7425,924.43,845.9,851.15
11200,2021-01-15 14:11:00,841.5,841.5,828.95,834.15,300,7425,923.23,844.35,850.85
11201,2021-01-15 14:12:00,854.0,854.0,854.0,854.0,25,7625,923.15,848.85,859.8
11202,2021-01-15 14:13:00,854.0,854.0,854.0,854.0,25,7625,923.15,848.85,859.8
11203,2021-01-15 14:14:00,854.0,854.0,854.0,854.0,25,7625,923.15,848.85,859.8
11204,2021-01-15 14:15:00,840.0,843.9,800.0,818.5,675,7825,920.13,815.3,828.75
11205,2021-01-15 14:16:00,840.0,843.9,800.0,818.5,675,7825,920.13,815.3,828.75
11206,2021-01-15 14:17:00,822.85,822.85,807.65,807.65,125,7825,919.55,806.05,811.3
11207,2021-01-15 14:18:00,814.65,820.8,814.65,820.8,550,7825,917.14,802.1,812.55
11208,2021-01-15 14:19:00,810.3,810.3,810.3,810.3,25,7625,917.03,801.05,814.1
11209,2021-01-15 14:20:00,794.55,833.55,794.55,833.55,500,7625,914.82,828.4,837.55
11210,2021-01-15 14:21:00,833.0,851.6,833.0,851.6,900,7625,912.09,844.25,857.0
11211,2021-01-15 14:22:00,851.85,860.35,844.0,860.35,125,7875,911.77,853.25,865.05
11212,2021-01-15 14:23:00,848.85,848.9,842.3,843.8,100,7875,911.5,844.3,854.5
11213,2021-01-15 14:24:00,848.85,848.9,842.3,843.8,100,7875,911.5,844.3,854.5
11214,2021-01-15 14:25:00,868.3,868.3,862.15,862.15,200,7600,911.13,862.15,867.4
11215,2021-01-15 14:26:00,885.5,885.5,885.5,885.5,25,7600,911.11,873.1,882.1
11216,2021-01-15 14:27:00,872.65,877.35,872.65,877.35,50,7400,911.03,873.2,877.25
11217,2021-01-15 14:28:00,872.5,872.5,860.05,860.05,50,7400,910.94,856.8,865.1
11218,2021-01-15 14:29:00,865.7,865.7,865.7,865.7,50,7400,910.85,865.4,870.75
11219,2021-01-15 14:30:00,878.45,878.45,878.45,878.45,25,7250,910.82,881.3,886.05
11220,2021-01-15 14:31:00,891.75,891.75,891.75,891.75,125,7250,910.72,886.5,891.45
11221,2021-01-15 14:32:00,878.2,878.2,878.2,878.2,75,7250,910.63,877.35,882.4
11222,2021-01-15 14:33:00,887.35,891.0,887.35,891.0,75,7275,910.57,886.7,891.45
11223,2021-01-15 14:34:00,882.85,888.5,873.5,873.5,225,7275,910.28,873.9,878.5
11224,2021-01-15 14:35:00,882.85,888.5,873.5,873.5,225,7275,910.28,873.9,878.5
11225,2021-01-15 14:36:00,882.85,888.5,873.5,873.5,225,7275,910.28,873.9,878.5
11226,2021-01-15 14:37:00,882.85,888.5,873.5,873.5,225,7275,910.28,873.9,878.5
11227,2021-01-15 14:38:00,871.7,871.7,857.1,857.1,75,7275,910.14,861.9,867.25
11228,2021-01-15 14:39:00,871.7,871.7,857.1,857.1,75,7275,910.14,861.9,867.25
11229,2021-01-15 14:40:00,871.7,871.7,857.1,857.1,75,7275,910.14,861.9,867.25
11230,2021-01-15 14:41:00,871.7,871.7,857.1,857.1,75,7275,910.14,861.9,867.25
11231,2021-01-15 14:42:00,871.7,871.7,857.1,857.1,75,7275,910.14,861.9,867.25
11232,2021-01-15 14:43:00,866.2,866.2,866.2,866.2,25,6700,910.1,868.0,873.75
11233,2021-01-15 14:44:00,871.5,871.5,871.5,871.5,25,6700,910.06,870.9,875.95
11234,2021-01-15 14:45:00,871.5,871.5,871.5,871.5,25,6700,910.06,870.9,875.95
11235,2021-01-15 14:46:00,881.2,881.2,881.2,881.2,25,6725,910.03,882.5,889.0
11236,2021-01-15 14:47:00,882.5,885.0,882.5,885.0,50,6725,909.98,886.7,893.4
11237,2021-01-15 14:48:00,882.5,885.0,882.5,885.0,50,6725,909.98,886.7,893.4
11238,2021-01-15 14:49:00,889.6,889.6,889.6,889.6,75,6725,909.92,887.65,893.2
11239,2021-01-15 14:50:00,889.6,889.6,889.6,889.6,75,6725,909.92,887.65,893.2
11240,2021-01-15 14:51:00,881.15,881.15,881.15,881.15,150,6725,909.76,870.35,875.95
11241,2021-01-15 14:52:00,881.15,881.15,881.15,881.15,150,6725,909.76,870.35,875.95
11242,2021-01-15 14:53:00,881.15,881.15,881.15,881.15,150,6725,909.76,870.35,875.95
11243,2021-01-15 14:54:00,881.15,881.15,881.15,881.15,150,6725,909.76,870.35,875.95
11244,2021-01-15 14:55:00,881.15,881.15,881.15,881.15,150,6725,909.76,870.35,875.95
11245,2021-01-15 14:56:00,881.15,881.15,881.15,881.15,150,6725,909.76,870.35,875.95
11246,2021-01-15 14:57:00,881.15,881.15,881.15,881.15,150,6725,909.76,870.35,875.95
11247,2021-01-15 14:58:00,881.15,881.15,881.15,881.15,150,6725,909.76,870.35,875.95
11248,2021-01-15 14:59:00,874.8,876.6,874.8,876.6,75,6525,909.66,875.5,880.4
11249,2021-01-15 15:00:00,885.7,887.4,885.7,887.4,100,6525,909.57,870.2,877.45
11250,2021-01-15 15:01:00,874.1,874.1,860.15,860.15,175,6475,909.28,858.15,863.1
11251,2021-01-15 15:02:00,870.7,870.7,870.7,870.7,25,6475,909.24,864.25,869.85
11252,2021-01-15 15:03:00,870.7,870.7,870.7,870.7,25,6475,909.24,864.25,869.85
11253,2021-01-15 15:04:00,859.5,859.5,859.5,859.5,25,6525,909.19,864.8,869.45
11254,2021-01-15 15:05:00,864.85,864.85,864.85,864.85,25,6525,909.15,863.9,868.3
11255,2021-01-15 15:06:00,871.7,871.7,871.7,871.7,125,6525,908.97,874.8,880.7
11256,2021-01-15 15:07:00,871.7,871.7,871.7,871.7,125,6525,908.97,874.8,880.7
11257,2021-01-15 15:08:00,882.55,882.55,882.55,882.55,25,6575,908.95,877.0,885.25
11258,2021-01-15 15:09:00,881.05,881.05,881.05,881.05,50,6575,908.9,883.45,888.8
11259,2021-01-15 15:10:00,886.75,886.75,886.0,886.0,125,6475,908.79,879.4,888.5
11260,2021-01-15 15:11:00,882.85,882.85,882.85,882.85,50,6475,908.74,883.2,888.0
11261,2021-01-15 15:12:00,887.45,887.45,887.45,887.45,25,6475,908.72,886.1,891.2
11262,2021-01-15 15:13:00,890.1,890.1,886.75,886.75,75,6625,908.67,883.9,886.2
11263,2021-01-15 15:14:00,887.7,888.75,887.7,888.75,175,6625,908.53,887.55,892.6
11264,2021-01-15 15:15:00,887.7,888.75,887.7,888.75,175,6625,908.53,887.55,892.6
11265,2021-01-15 15:16:00,895.85,904.6,895.85,904.6,250,6625,908.48,901.9,907.05
11266,2021-01-15 15:17:00,901.95,901.95,901.4,901.45,325,6625,908.4,892.35,906.05
11267,2021-01-15 15:18:00,898.7,898.7,898.7,898.7,25,6625,908.39,905.25,909.95
11268,2021-01-15 15:19:00,910.0,910.0,910.0,910.0,50,6225,908.39,899.75,909.9
11269,2021-01-15 15:20:00,905.25,905.75,893.65,893.65,250,6225,908.35,894.25,899.05
11270,2021-01-15 15:21:00,900.5,900.5,899.25,899.25,200,6225,908.29,899.3,904.0
11271,2021-01-15 15:22:00,900.5,900.5,899.25,899.25,200,6225,908.29,899.3,904.0
11272,2021-01-15 15:23:00,899.55,899.55,899.55,899.55,175,6075,908.24,901.95,906.3
11273,2021-01-15 15:24:00,902.6,902.6,902.6,902.6,50,6075,908.23,901.55,905.8
11274,2021-01-15 15:25:00,901.45,901.45,898.6,898.6,50,6200,908.21,897.75,903.35
11275,2021-01-15 15:26:00,902.0,902.25,902.0,902.25,100,6200,908.19,898.15,903.4
11276,2021-01-15 15:27:00,902.25,905.15,901.1,905.15,175,5775,908.16,900.55,906.25
11277,2021-01-15 15:28:00,902.25,905.15,901.1,905.15,175,5775,908.16,900.55,906.25
11278,2021-01-15 15:29:00,902.25,905.15,901.1,905.15,175,5775,908.16,900.55,906.25
11279,2021-01-15 15:30:00,898.5,911.05,882.8,911.05,100,5775,908.14,843.3,911.0
11280,2021-01-16 09:15:00,898.5,911.05,882.8,911.05,100,5775,908.14,843.3,911.0
11281,2021-01-16 09:16:00,898.5,911.05,882.8,911.05,100,5775,908.14,843.3,911.0
11282,2021-01-16 09:17:00,898.5,911.05,882.8,911.05,100,5775,908.14,843.3,911.0
11283,2021-01-16 09:18:00,898.5,911.05,882.8,911.05,100,5775,908.14,843.3,911.0
11284,2021-01-16 09:19:00,898.5,911.05,882.8,911.05,100,5775,908.14,843.3,911.0
11285,2021-01-16 09:20:00,898.5,911.05,882.8,911.05,100,5775,908.14,843.3,911.0
11286,2021-01-16 09:21:00,898.5,911.05,882.8,911.05,100,5775,908.14,843.3,911.0
11287,2021-01-16 09:22:00,898.5,911.05,882.8,911.05,100,5775,908.14,843.3,911.0
11288,2021-01-16 09:23:00,898.5,911.05,882.8,911.05,100,5775,908.14,843.3,911.0
11289,2021-01-16 09:24:00,898.5,911.05,882.8,911.05,100,5775,908.14,843.3,911.0
11290,2021-01-16 09:25:00,898.5,911.05,882.8,911.05,100,5775,908.14,843.3,911.0
11291,2021-01-16 09:26:00,898.5,911.05,882.8,911.05,100,5775,908.14,843.3,911.0
11292,2021-01-16 09:27:00,898.5,911.05,882.8,911.05,100,5775,908.14,843.3,911.0
11293,2021-01-16 09:28:00,898.5,911.05,882.8,911.05,100,5775,908.14,843.3,911.0
11294,2021-01-16 09:29:00,898.5,911.05,882.8,911.05,100,5775,908.14,843.3,911.0
11295,2021-01-16 09:30:00,898.5,911.05,882.8,911.05,100,5775,908.14,843.3,911.0
11296,2021-01-16 09:31:00,898.5,911.05,882.8,911.05,100,5775,908.14,843.3,911.0
11297,2021-01-16 09:32:00,898.5,911.05,882.8,911.05,100,5775,908.14,843.3,911.0
11298,2021-01-16 09:33:00,898.5,911.05,882.8,911.05,100,5775,908.14,843.3,911.0
11299,2021-01-16 09:34:00,898.5,911.05,882.8,911.05,100,5775,908.14,843.3,911.0
11300,2021-01-16 09:35:00,898.5,911.05,882.8,911.05,100,5775,908.14,843.3,911.0
11301,2021-01-16 09:36:00,898.5,911.05,882.8,911.05,100,5775,908.14,843.3,911.0
11302,2021-01-16 09:37:00,898.5,911.05,882.8,911.05,100,5775,908.14,843.3,911.0
11303,2021-01-16 09:38:00,898.5,911.05,882.8,911.05,100,5775,908.14,843.3,911.0
11304,2021-01-16 09:39:00,898.5,911.05,882.8,911.05,100,5775,908.14,843.3,911.0
11305,2021-01-16 09:40:00,898.5,911.05,882.8,911.05,100,5775,908.14,843.3,911.0
11306,2021-01-16 09:41:00,898.5,911.05,882.8,911.05,100,5775,908.14,843.3,911.0
11307,2021-01-16 09:42:00,898.5,911.05,882.8,911.05,100,5775,908.14,843.3,911.0
11308,2021-01-16 09:43:00,898.5,911.05,882.8,911.05,100,5775,908.14,843.3,911.0
11309,2021-01-16 09:44:00,898.5,911.05,882.8,911.05,100,5775,908.14,843.3,911.0
11310,2021-01-16 09:45:00,898.5,911.05,882.8,911.05,100,5775,908.14,843.3,911.0
11311,2021-01-16 09:46:00,898.5,911.05,882.8,911.05,100,5775,908.14,843.3,911.0
11312,2021-01-16 09:47:00,898.5,911.05,882.8,911.05,100,5775,908.14,843.3,911.0
11313,2021-01-16 09:48:00,898.5,911.05,882.8,911.05,100,5775,908.14,843.3,911.0
11314,2021-01-16 09:49:00,898.5,911.05,882.8,911.05,100,5775,908.14,843.3,911.0
11315,2021-01-16 09:50:00,898.5,911.05,882.8,911.05,100,5775,908.14,843.3,911.0
11316,2021-01-16 09:51:00,898.5,911.05,882.8,911.05,100,5775,908.14,843.3,911.0
11317,2021-01-16 09:52:00,898.5,911.05,882.8,911.05,100,5775,908.14,843.3,911.0
11318,2021-01-16 09:53:00,898.5,911.05,882.8,911.05,100,5775,908.14,843.3,911.0
11319,2021-01-16 09:54:00,898.5,911.05,882.8,911.05,100,5775,908.14,843.3,911.0
11320,2021-01-16 09:55:00,898.5,911.05,882.8,911.05,100,5775,908.14,843.3,911.0
11321,2021-01-16 09:56:00,898.5,911.05,882.8,911.05,100,5775,908.14,843.3,911.0
11322,2021-01-16 09:57:00,898.5,911.05,882.8,911.05,100,5775,908.14,843.3,911.0
11323,2021-01-16 09:58:00,898.5,911.05,882.8,911.05,100,5775,908.14,843.3,911.0
11324,2021-01-16 09:59:00,898.5,911.05,882.8,911.05,100,5775,908.14,843.3,911.0
11325,2021-01-16 10:00:00,898.5,911.05,882.8,911.05,100,5775,908.14,843.3,911.0
11326,2021-01-16 10:01:00,898.5,911.05,882.8,911.05,100,5775,908.14,843.3,911.0
11327,2021-01-16 10:02:00,898.5,911.05,882.8,911.05,100,5775,908.14,843.3,911.0
11328,2021-01-16 10:03:00,898.5,911.05,882.8,911.05,100,5775,908.14,843.3,911.0
11329,2021-01-16 10:04:00,898.5,911.05,882.8,911.05,100,5775,908.14,843.3,911.0
11330,2021-01-16 10:05:00,898.5,911.05,882.8,911.05,100,5775,908.14,843.3,911.0
11331,2021-01-16 10:06:00,898.5,911.05,882.8,911.05,100,5775,908.14,843.3,911.0
11332,2021-01-16 10:07:00,898.5,911.05,882.8,911.05,100,5775,908.14,843.3,911.0
11333,2021-01-16 10:08:00,898.5,911.05,882.8,911.05,100,5775,908.14,843.3,911.0
11334,2021-01-16 10:09:00,898.5,911.05,882.8,911.05,100,5775,908.14,843.3,911.0
11335,2021-01-16 10:10:00,898.5,911.05,882.8,911.05,100,5775,908.14,843.3,911.0
11336,2021-01-16 10:11:00,898.5,911.05,882.8,911.05,100,5775,908.14,843.3,911.0
11337,2021-01-16 10:12:00,898.5,911.05,882.8,911.05,100,5775,908.14,843.3,911.0
11338,2021-01-16 10:13:00,898.5,911.05,882.8,911.05,100,5775,908.14,843.3,911.0
11339,2021-01-16 10:14:00,898.5,911.05,882.8,911.05,100,5775,908.14,843.3,911.0
11340,2021-01-16 10:15:00,898.5,911.05,882.8,911.05,100,5775,908.14,843.3,911.0
11341,2021-01-16 10:16:00,898.5,911.05,882.8,911.05,100,5775,908.14,843.3,911.0
11342,2021-01-16 10:17:00,898.5,911.05,882.8,911.05,100,5775,908.14,843.3,911.0
11343,2021-01-16 10:18:00,898.5,911.05,882.8,911.05,100,5775,908.14,843.3,911.0
11344,2021-01-16 10:19:00,898.5,911.05,882.8,911.05,100,5775,908.14,843.3,911.0
11345,2021-01-16 10:20:00,898.5,911.05,882.8,911.05,100,5775,908.14,843.3,911.0
11346,2021-01-16 10:21:00,898.5,911.05,882.8,911.05,100,5775,908.14,843.3,911.0
11347,2021-01-16 10:22:00,898.5,911.05,882.8,911.05,100,5775,908.14,843.3,911.0
11348,2021-01-16 10:23:00,898.5,911.05,882.8,911.05,100,5775,908.14,843.3,911.0
11349,2021-01-16 10:24:00,898.5,911.05,882.8,911.05,100,5775,908.14,843.3,911.0
11350,2021-01-16 10:25:00,898.5,911.05,882.8,911.05,100,5775,908.14,843.3,911.0
11351,2021-01-16 10:26:00,898.5,911.05,882.8,911.05,100,5775,908.14,843.3,911.0
11352,2021-01-16 10:27:00,898.5,911.05,882.8,911.05,100,5775,908.14,843.3,911.0
11353,2021-01-16 10:28:00,898.5,911.05,882.8,911.05,100,5775,908.14,843.3,911.0
11354,2021-01-16 10:29:00,898.5,911.05,882.8,911.05,100,5775,908.14,843.3,911.0
11355,2021-01-16 10:30:00,898.5,911.05,882.8,911.05,100,5775,908.14,843.3,911.0
11356,2021-01-16 10:31:00,898.5,911.05,882.8,911.05,100,5775,908.14,843.3,911.0
11357,2021-01-16 10:32:00,898.5,911.05,882.8,911.05,100,5775,908.14,843.3,911.0
11358,2021-01-16 10:33:00,898.5,911.05,882.8,911.05,100,5775,908.14,843.3,911.0
11359,2021-01-16 10:34:00,898.5,911.05,882.8,911.05,100,5775,908.14,843.3,911.0
11360,2021-01-16 10:35:00,898.5,911.05,882.8,911.05,100,5775,908.14,843.3,911.0
11361,2021-01-16 10:36:00,898.5,911.05,882.8,911.05,100,5775,908.14,843.3,911.0
11362,2021-01-16 10:37:00,898.5,911.05,882.8,911.05,100,5775,908.14,843.3,911.0
11363,2021-01-16 10:38:00,898.5,911.05,882.8,911.05,100,5775,908.14,843.3,911.0
11364,2021-01-16 10:39:00,898.5,911.05,882.8,911.05,100,5775,908.14,843.3,911.0
11365,2021-01-16 10:40:00,898.5,911.05,882.8,911.05,100,5775,908.14,843.3,911.0
11366,2021-01-16 10:41:00,898.5,911.05,882.8,911.05,100,5775,908.14,843.3,911.0
11367,2021-01-16 10:42:00,898.5,911.05,882.8,911.05,100,5775,908.14,843.3,911.0
11368,2021-01-16 10:43:00,898.5,911.05,882.8,911.05,100,5775,908.14,843.3,911.0
11369,2021-01-16 10:44:00,898.5,911.05,882.8,911.05,100,5775,908.14,843.3,911.0
11370,2021-01-16 10:45:00,898.5,911.05,882.8,911.05,100,5775,908.14,843.3,911.0
11371,2021-01-16 10:46:00,898.5,911.05,882.8,911.05,100,5775,908.14,843.3,911.0
11372,2021-01-16 10:47:00,898.5,911.05,882.8,911.05,100,5775,908.14,843.3,911.0
11373,2021-01-16 10:48:00,898.5,911.05,882.8,911.05,100,5775,908.14,843.3,911.0
11374,2021-01-16 10:49:00,898.5,911.05,882.8,911.05,100,5775,908.14,843.3,911.0
11375,2021-01-16 10:50:00,898.5,911.05,882.8,911.05,100,5775,908.14,843.3,911.0
11376,2021-01-16 10:51:00,898.5,911.05,882.8,911.05,100,5775,908.14,843.3,911.0
11377,2021-01-16 10:52:00,898.5,911.05,882.8,911.05,100,5775,908.14,843.3,911.0
11378,2021-01-16 10:53:00,898.5,911.05,882.8,911.05,100,5775,908.14,843.3,911.0
11379,2021-01-16 10:54:00,898.5,911.05,882.8,911.05,100,5775,908.14,843.3,911.0
11380,2021-01-16 10:55:00,898.5,911.05,882.8,911.05,100,5775,908.14,843.3,911.0
11381,2021-01-16 10:56:00,898.5,911.05,882.8,911.05,100,5775,908.14,843.3,911.0
11382,2021-01-16 10:57:00,898.5,911.05,882.8,911.05,100,5775,908.14,843.3,911.0
11383,2021-01-16 10:58:00,898.5,911.05,882.8,911.05,100,5775,908.14,843.3,911.0
11384,2021-01-16 10:59:00,898.5,911.05,882.8,911.05,100,5775,908.14,843.3,911.0
11385,2021-01-16 11:00:00,898.5,911.05,882.8,911.05,100,5775,908.14,843.3,911.0
11386,2021-01-16 11:01:00,898.5,911.05,882.8,911.05,100,5775,908.14,843.3,911.0
11387,2021-01-16 11:02:00,898.5,911.05,882.8,911.05,100,5775,908.14,843.3,911.0
11388,2021-01-16 11:03:00,898.5,911.05,882.8,911.05,100,5775,908.14,843.3,911.0
11389,2021-01-16 11:04:00,898.5,911.05,882.8,911.05,100,5775,908.14,843.3,911.0
11390,2021-01-16 11:05:00,898.5,911.05,882.8,911.05,100,5775,908.14,843.3,911.0
11391,2021-01-16 11:06:00,898.5,911.05,882.8,911.05,100,5775,908.14,843.3,911.0
11392,2021-01-16 11:07:00,898.5,911.05,882.8,911.05,100,5775,908.14,843.3,911.0
11393,2021-01-16 11:08:00,898.5,911.05,882.8,911.05,100,5775,908.14,843.3,911.0
11394,2021-01-16 11:09:00,898.5,911.05,882.8,911.05,100,5775,908.14,843.3,911.0
11395,2021-01-16 11:10:00,898.5,911.05,882.8,911.05,100,5775,908.14,843.3,911.0
11396,2021-01-16 11:11:00,898.5,911.05,882.8,911.05,100,5775,908.14,843.3,911.0
11397,2021-01-16 11:12:00,898.5,911.05,882.8,911.05,100,5775,908.14,843.3,911.0
11398,2021-01-16 11:13:00,898.5,911.05,882.8,911.05,100,5775,908.14,843.3,911.0
11399,2021-01-16 11:14:00,898.5,911.05,882.8,911.05,100,5775,908.14,843.3,911.0
11400,2021-01-16 11:15:00,898.5,911.05,882.8,911.05,100,5775,908.14,843.3,911.0
11401,2021-01-16 11:16:00,898.5,911.05,882.8,911.05,100,5775,908.14,843.3,911.0
11402,2021-01-16 11:17:00,898.5,911.05,882.8,911.05,100,5775,908.14,843.3,911.0
11403,2021-01-16 11:18:00,898.5,911.05,882.8,911.05,100,5775,908.14,843.3,911.0
11404,2021-01-16 11:19:00,898.5,911.05,882.8,911.05,100,5775,908.14,843.3,911.0
11405,2021-01-16 11:20:00,898.5,911.05,882.8,911.05,100,5775,908.14,843.3,911.0
11406,2021-01-16 11:21:00,898.5,911.05,882.8,911.05,100,5775,908.14,843.3,911.0
11407,2021-01-16 11:22:00,898.5,911.05,882.8,911.05,100,5775,908.14,843.3,911.0
11408,2021-01-16 11:23:00,898.5,911.05,882.8,911.05,100,5775,908.14,843.3,911.0
11409,2021-01-16 11:24:00,898.5,911.05,882.8,911.05,100,5775,908.14,843.3,911.0
11410,2021-01-16 11:25:00,898.5,911.05,882.8,911.05,100,5775,908.14,843.3,911.0
11411,2021-01-16 11:26:00,898.5,911.05,882.8,911.05,100,5775,908.14,843.3,911.0
11412,2021-01-16 11:27:00,898.5,911.05,882.8,911.05,100,5775,908.14,843.3,911.0
11413,2021-01-16 11:28:00,898.5,911.05,882.8,911.05,100,5775,908.14,843.3,911.0
11414,2021-01-16 11:29:00,898.5,911.05,882.8,911.05,100,5775,908.14,843.3,911.0
11415,2021-01-16 11:30:00,898.5,911.05,882.8,911.05,100,5775,908.14,843.3,911.0
11416,2021-01-16 11:31:00,898.5,911.05,882.8,911.05,100,5775,908.14,843.3,911.0
11417,2021-01-16 11:32:00,898.5,911.05,882.8,911.05,100,5775,908.14,843.3,911.0
11418,2021-01-16 11:33:00,898.5,911.05,882.8,911.05,100,5775,908.14,843.3,911.0
11419,2021-01-16 11:34:00,898.5,911.05,882.8,911.05,100,5775,908.14,843.3,911.0
11420,2021-01-16 11:35:00,898.5,911.05,882.8,911.05,100,5775,908.14,843.3,911.0
11421,2021-01-16 11:36:00,898.5,911.05,882.8,911.05,100,5775,908.14,843.3,911.0
11422,2021-01-16 11:37:00,898.5,911.05,882.8,911.05,100,5775,908.14,843.3,911.0
11423,2021-01-16 11:38:00,898.5,911.05,882.8,911.05,100,5775,908.14,843.3,911.0
11424,2021-01-16 11:39:00,898.5,911.05,882.8,911.05,100,5775,908.14,843.3,911.0
11425,2021-01-16 11:40:00,898.5,911.05,882.8,911.05,100,5775,908.14,843.3,911.0
11426,2021-01-16 11:41:00,898.5,911.05,882.8,911.05,100,5775,908.14,843.3,911.0
11427,2021-01-16 11:42:00,898.5,911.05,882.8,911.05,100,5775,908.14,843.3,911.0
11428,2021-01-16 11:43:00,898.5,911.05,882.8,911.05,100,5775,908.14,843.3,911.0
11429,2021-01-16 11:44:00,898.5,911.05,882.8,911.05,100,5775,908.14,843.3,911.0
11430,2021-01-16 11:45:00,898.5,911.05,882.8,911.05,100,5775,908.14,843.3,911.0
11431,2021-01-16 11:46:00,898.5,911.05,882.8,911.05,100,5775,908.14,843.3,911.0
11432,2021-01-16 11:47:00,898.5,911.05,882.8,911.05,100,5775,908.14,843.3,911.0
11433,2021-01-16 11:48:00,898.5,911.05,882.8,911.05,100,5775,908.14,843.3,911.0
11434,2021-01-16 11:49:00,898.5,911.05,882.8,911.05,100,5775,908.14,843.3,911.0
11435,2021-01-16 11:50:00,898.5,911.05,882.8,911.05,100,5775,908.14,843.3,911.0
11436,2021-01-16 11:51:00,898.5,911.05,882.8,911.05,100,5775,908.14,843.3,911.0
11437,2021-01-16 11:52:00,898.5,911.05,882.8,911.05,100,5775,908.14,843.3,911.0
11438,2021-01-16 11:53:00,898.5,911.05,882.8,911.05,100,5775,908.14,843.3,911.0
11439,2021-01-16 11:54:00,898.5,911.05,882.8,911.05,100,5775,908.14,843.3,911.0
11440,2021-01-16 11:55:00,898.5,911.05,882.8,911.05,100,5775,908.14,843.3,911.0
11441,2021-01-16 11:56:00,898.5,911.05,882.8,911.05,100,5775,908.14,843.3,911.0
11442,2021-01-16 11:57:00,898.5,911.05,882.8,911.05,100,5775,908.14,843.3,911.0
11443,2021-01-16 11:58:00,898.5,911.05,882.8,911.05,100,5775,908.14,843.3,911.0
11444,2021-01-16 11:59:00,898.5,911.05,882.8,911.05,100,5775,908.14,843.3,911.0
11445,2021-01-16 12:00:00,898.5,911.05,882.8,911.05,100,5775,908.14,843.3,911.0
11446,2021-01-16 12:01:00,898.5,911.05,882.8,911.05,100,5775,908.14,843.3,911.0
11447,2021-01-16 12:02:00,898.5,911.05,882.8,911.05,100,5775,908.14,843.3,911.0
11448,2021-01-16 12:03:00,898.5,911.05,882.8,911.05,100,5775,908.14,843.3,911.0
11449,2021-01-16 12:04:00,898.5,911.05,882.8,911.05,100,5775,908.14,843.3,911.0
11450,2021-01-16 12:05:00,898.5,911.05,882.8,911.05,100,5775,908.14,843.3,911.0
11451,2021-01-16 12:06:00,898.5,911.05,882.8,911.05,100,5775,908.14,843.3,911.0
11452,2021-01-16 12:07:00,898.5,911.05,882.8,911.05,100,5775,908.14,843.3,911.0
11453,2021-01-16 12:08:00,898.5,911.05,882.8,911.05,100,5775,908.14,843.3,911.0
11454,2021-01-16 12:09:00,898.5,911.05,882.8,911.05,100,5775,908.14,843.3,911.0
11455,2021-01-16 12:10:00,898.5,911.05,882.8,911.05,100,5775,908.14,843.3,911.0
11456,2021-01-16 12:11:00,898.5,911.05,882.8,911.05,100,5775,908.14,843.3,911.0
11457,2021-01-16 12:12:00,898.5,911.05,882.8,911.05,100,5775,908.14,843.3,911.0
11458,2021-01-16 12:13:00,898.5,911.05,882.8,911.05,100,5775,908.14,843.3,911.0
11459,2021-01-16 12:14:00,898.5,911.05,882.8,911.05,100,5775,908.14,843.3,911.0
11460,2021-01-16 12:15:00,898.5,911.05,882.8,911.05,100,5775,908.14,843.3,911.0
11461,2021-01-16 12:16:00,898.5,911.05,882.8,911.05,100,5775,908.14,843.3,911.0
11462,2021-01-16 12:17:00,898.5,911.05,882.8,911.05,100,5775,908.14,843.3,911.0
11463,2021-01-16 12:18:00,898.5,911.05,882.8,911.05,100,5775,908.14,843.3,911.0
11464,2021-01-16 12:19:00,898.5,911.05,882.8,911.05,100,5775,908.14,843.3,911.0
11465,2021-01-16 12:20:00,898.5,911.05,882.8,911.05,100,5775,908.14,843.3,911.0
11466,2021-01-16 12:21:00,898.5,911.05,882.8,911.05,100,5775,908.14,843.3,911.0
11467,2021-01-16 12:22:00,898.5,911.05,882.8,911.05,100,5775,908.14,843.3,911.0
11468,2021-01-16 12:23:00,898.5,911.05,882.8,911.05,100,5775,908.14,843.3,911.0
11469,2021-01-16 12:24:00,898.5,911.05,882.8,911.05,100,5775,908.14,843.3,911.0
11470,2021-01-16 12:25:00,898.5,911.05,882.8,911.05,100,5775,908.14,843.3,911.0
11471,2021-01-16 12:26:00,898.5,911.05,882.8,911.05,100,5775,908.14,843.3,911.0
11472,2021-01-16 12:27:00,898.5,911.05,882.8,911.05,100,5775,908.14,843.3,911.0
11473,2021-01-16 12:28:00,898.5,911.05,882.8,911.05,100,5775,908.14,843.3,911.0
11474,2021-01-16 12:29:00,898.5,911.05,882.8,911.05,100,5775,908.14,843.3,911.0
11475,2021-01-16 12:30:00,898.5,911.05,882.8,911.05,100,5775,908.14,843.3,911.0
11476,2021-01-16 12:31:00,898.5,911.05,882.8,911.05,100,5775,908.14,843.3,911.0
11477,2021-01-16 12:32:00,898.5,911.05,882.8,911.05,100,5775,908.14,843.3,911.0
11478,2021-01-16 12:33:00,898.5,911.05,882.8,911.05,100,5775,908.14,843.3,911.0
11479,2021-01-16 12:34:00,898.5,911.05,882.8,911.05,100,5775,908.14,843.3,911.0
11480,2021-01-16 12:35:00,898.5,911.05,882.8,911.05,100,5775,908.14,843.3,911.0
11481,2021-01-16 12:36:00,898.5,911.05,882.8,911.05,100,5775,908.14,843.3,911.0
11482,2021-01-16 12:37:00,898.5,911.05,882.8,911.05,100,5775,908.14,843.3,911.0
11483,2021-01-16 12:38:00,898.5,911.05,882.8,911.05,100,5775,908.14,843.3,911.0
11484,2021-01-16 12:39:00,898.5,911.05,882.8,911.05,100,5775,908.14,843.3,911.0
11485,2021-01-16 12:40:00,898.5,911.05,882.8,911.05,100,5775,908.14,843.3,911.0
11486,2021-01-16 12:41:00,898.5,911.05,882.8,911.05,100,5775,908.14,843.3,911.0
11487,2021-01-16 12:42:00,898.5,911.05,882.8,911.05,100,5775,908.14,843.3,911.0
11488,2021-01-16 12:43:00,898.5,911.05,882.8,911.05,100,5775,908.14,843.3,911.0
11489,2021-01-16 12:44:00,898.5,911.05,882.8,911.05,100,5775,908.14,843.3,911.0
11490,2021-01-16 12:45:00,898.5,911.05,882.8,911.05,100,5775,908.14,843.3,911.0
11491,2021-01-16 12:46:00,898.5,911.05,882.8,911.05,100,5775,908.14,843.3,911.0
11492,2021-01-16 12:47:00,898.5,911.05,882.8,911.05,100,5775,908.14,843.3,911.0
11493,2021-01-16 12:48:00,898.5,911.05,882.8,911.05,100,5775,908.14,843.3,911.0
11494,2021-01-16 12:49:00,898.5,911.05,882.8,911.05,100,5775,908.14,843.3,911.0
11495,2021-01-16 12:50:00,898.5,911.05,882.8,911.05,100,5775,908.14,843.3,911.0
11496,2021-01-16 12:51:00,898.5,911.05,882.8,911.05,100,5775,908.14,843.3,911.0
11497,2021-01-16 12:52:00,898.5,911.05,882.8,911.05,100,5775,908.14,843.3,911.0
11498,2021-01-16 12:53:00,898.5,911.05,882.8,911.05,100,5775,908.14,843.3,911.0
11499,2021-01-16 12:54:00,898.5,911.05,882.8,911.05,100,5775,908.14,843.3,911.0
11500,2021-01-16 12:55:00,898.5,911.05,882.8,911.05,100,5775,908.14,843.3,911.0
11501,2021-01-16 12:56:00,898.5,911.05,882.8,911.05,100,5775,908.14,843.3,911.0
11502,2021-01-16 12:57:00,898.5,911.05,882.8,911.05,100,5775,908.14,843.3,911.0
11503,2021-01-16 12:58:00,898.5,911.05,882.8,911.05,100,5775,908.14,843.3,911.0
11504,2021-01-16 12:59:00,898.5,911.05,882.8,911.05,100,5775,908.14,843.3,911.0
11505,2021-01-16 13:00:00,898.5,911.05,882.8,911.05,100,5775,908.14,843.3,911.0
11506,2021-01-16 13:01:00,898.5,911.05,882.8,911.05,100,5775,908.14,843.3,911.0
11507,2021-01-16 13:02:00,898.5,911.05,882.8,911.05,100,5775,908.14,843.3,911.0
11508,2021-01-16 13:03:00,898.5,911.05,882.8,911.05,100,5775,908.14,843.3,911.0
11509,2021-01-16 13:04:00,898.5,911.05,882.8,911.05,100,5775,908.14,843.3,911.0
11510,2021-01-16 13:05:00,898.5,911.05,882.8,911.05,100,5775,908.14,843.3,911.0
11511,2021-01-16 13:06:00,898.5,911.05,882.8,911.05,100,5775,908.14,843.3,911.0
11512,2021-01-16 13:07:00,898.5,911.05,882.8,911.05,100,5775,908.14,843.3,911.0
11513,2021-01-16 13:08:00,898.5,911.05,882.8,911.05,100,5775,908.14,843.3,911.0
11514,2021-01-16 13:09:00,898.5,911.05,882.8,911.05,100,5775,908.14,843.3,911.0
11515,2021-01-16 13:10:00,898.5,911.05,882.8,911.05,100,5775,908.14,843.3,911.0
11516,2021-01-16 13:11:00,898.5,911.05,882.8,911.05,100,5775,908.14,843.3,911.0
11517,2021-01-16 13:12:00,898.5,911.05,882.8,911.05,100,5775,908.14,843.3,911.0
11518,2021-01-16 13:13:00,898.5,911.05,882.8,911.05,100,5775,908.14,843.3,911.0
11519,2021-01-16 13:14:00,898.5,911.05,882.8,911.05,100,5775,908.14,843.3,911.0
11520,2021-01-16 13:15:00,898.5,911.05,882.8,911.05,100,5775,908.14,843.3,911.0
11521,2021-01-16 13:16:00,898.5,911.05,882.8,911.05,100,5775,908.14,843.3,911.0
11522,2021-01-16 13:17:00,898.5,911.05,882.8,911.05,100,5775,908.14,843.3,911.0
11523,2021-01-16 13:18:00,898.5,911.05,882.8,911.05,100,5775,908.14,843.3,911.0
11524,2021-01-16 13:19:00,898.5,911.05,882.8,911.05,100,5775,908.14,843.3,911.0
11525,2021-01-16 13:20:00,898.5,911.05,882.8,911.05,100,5775,908.14,843.3,911.0
11526,2021-01-16 13:21:00,898.5,911.05,882.8,911.05,100,5775,908.14,843.3,911.0
11527,2021-01-16 13:22:00,898.5,911.05,882.8,911.05,100,5775,908.14,843.3,911.0
11528,2021-01-16 13:23:00,898.5,911.05,882.8,911.05,100,5775,908.14,843.3,911.0
11529,2021-01-16 13:24:00,898.5,911.05,882.8,911.05,100,5775,908.14,843.3,911.0
11530,2021-01-16 13:25:00,898.5,911.05,882.8,911.05,100,5775,908.14,843.3,911.0
11531,2021-01-16 13:26:00,898.5,911.05,882.8,911.05,100,5775,908.14,843.3,911.0
11532,2021-01-16 13:27:00,898.5,911.05,882.8,911.05,100,5775,908.14,843.3,911.0
11533,2021-01-16 13:28:00,898.5,911.05,882.8,911.05,100,5775,908.14,843.3,911.0
11534,2021-01-16 13:29:00,898.5,911.05,882.8,911.05,100,5775,908.14,843.3,911.0
11535,2021-01-16 13:30:00,898.5,911.05,882.8,911.05,100,5775,908.14,843.3,911.0
11536,2021-01-16 13:31:00,898.5,911.05,882.8,911.05,100,5775,908.14,843.3,911.0
11537,2021-01-16 13:32:00,898.5,911.05,882.8,911.05,100,5775,908.14,843.3,911.0
11538,2021-01-16 13:33:00,898.5,911.05,882.8,911.05,100,5775,908.14,843.3,911.0
11539,2021-01-16 13:34:00,898.5,911.05,882.8,911.05,100,5775,908.14,843.3,911.0
11540,2021-01-16 13:35:00,898.5,911.05,882.8,911.05,100,5775,908.14,843.3,911.0
11541,2021-01-16 13:36:00,898.5,911.05,882.8,911.05,100,5775,908.14,843.3,911.0
11542,2021-01-16 13:37:00,898.5,911.05,882.8,911.05,100,5775,908.14,843.3,911.0
11543,2021-01-16 13:38:00,898.5,911.05,882.8,911.05,100,5775,908.14,843.3,911.0
11544,2021-01-16 13:39:00,898.5,911.05,882.8,911.05,100,5775,908.14,843.3,911.0
11545,2021-01-16 13:40:00,898.5,911.05,882.8,911.05,100,5775,908.14,843.3,911.0
11546,2021-01-16 13:41:00,898.5,911.05,882.8,911.05,100,5775,908.14,843.3,911.0
11547,2021-01-16 13:42:00,898.5,911.05,882.8,911.05,100,5775,908.14,843.3,911.0
11548,2021-01-16 13:43:00,898.5,911.05,882.8,911.05,100,5775,908.14,843.3,911.0
11549,2021-01-16 13:44:00,898.5,911.05,882.8,911.05,100,5775,908.14,843.3,911.0
11550,2021-01-16 13:45:00,898.5,911.05,882.8,911.05,100,5775,908.14,843.3,911.0
11551,2021-01-16 13:46:00,898.5,911.05,882.8,911.05,100,5775,908.14,843.3,911.0
11552,2021-01-16 13:47:00,898.5,911.05,882.8,911.05,100,5775,908.14,843.3,911.0
11553,2021-01-16 13:48:00,898.5,911.05,882.8,911.05,100,5775,908.14,843.3,911.0
11554,2021-01-16 13:49:00,898.5,911.05,882.8,911.05,100,5775,908.14,843.3,911.0
11555,2021-01-16 13:50:00,898.5,911.05,882.8,911.05,100,5775,908.14,843.3,911.0
11556,2021-01-16 13:51:00,898.5,911.05,882.8,911.05,100,5775,908.14,843.3,911.0
11557,2021-01-16 13:52:00,898.5,911.05,882.8,911.05,100,5775,908.14,843.3,911.0
11558,2021-01-16 13:53:00,898.5,911.05,882.8,911.05,100,5775,908.14,843.3,911.0
11559,2021-01-16 13:54:00,898.5,911.05,882.8,911.05,100,5775,908.14,843.3,911.0
11560,2021-01-16 13:55:00,898.5,911.05,882.8,911.05,100,5775,908.14,843.3,911.0
11561,2021-01-16 13:56:00,898.5,911.05,882.8,911.05,100,5775,908.14,843.3,911.0
11562,2021-01-16 13:57:00,898.5,911.05,882.8,911.05,100,5775,908.14,843.3,911.0
11563,2021-01-16 13:58:00,898.5,911.05,882.8,911.05,100,5775,908.14,843.3,911.0
11564,2021-01-16 13:59:00,898.5,911.05,882.8,911.05,100,5775,908.14,843.3,911.0
11565,2021-01-16 14:00:00,898.5,911.05,882.8,911.05,100,5775,908.14,843.3,911.0
11566,2021-01-16 14:01:00,898.5,911.05,882.8,911.05,100,5775,908.14,843.3,911.0
11567,2021-01-16 14:02:00,898.5,911.05,882.8,911.05,100,5775,908.14,843.3,911.0
11568,2021-01-16 14:03:00,898.5,911.05,882.8,911.05,100,5775,908.14,843.3,911.0
11569,2021-01-16 14:04:00,898.5,911.05,882.8,911.05,100,5775,908.14,843.3,911.0
11570,2021-01-16 14:05:00,898.5,911.05,882.8,911.05,100,5775,908.14,843.3,911.0
11571,2021-01-16 14:06:00,898.5,911.05,882.8,911.05,100,5775,908.14,843.3,911.0
11572,2021-01-16 14:07:00,898.5,911.05,882.8,911.05,100,5775,908.14,843.3,911.0
11573,2021-01-16 14:08:00,898.5,911.05,882.8,911.05,100,5775,908.14,843.3,911.0
11574,2021-01-16 14:09:00,898.5,911.05,882.8,911.05,100,5775,908.14,843.3,911.0
11575,2021-01-16 14:10:00,898.5,911.05,882.8,911.05,100,5775,908.14,843.3,911.0
11576,2021-01-16 14:11:00,898.5,911.05,882.8,911.05,100,5775,908.14,843.3,911.0
11577,2021-01-16 14:12:00,898.5,911.05,882.8,911.05,100,5775,908.14,843.3,911.0
11578,2021-01-16 14:13:00,898.5,911.05,882.8,911.05,100,5775,908.14,843.3,911.0
11579,2021-01-16 14:14:00,898.5,911.05,882.8,911.05,100,5775,908.14,843.3,911.0
11580,2021-01-16 14:15:00,898.5,911.05,882.8,911.05,100,5775,908.14,843.3,911.0
11581,2021-01-16 14:16:00,898.5,911.05,882.8,911.05,100,5775,908.14,843.3,911.0
11582,2021-01-16 14:17:00,898.5,911.05,882.8,911.05,100,5775,908.14,843.3,911.0
11583,2021-01-16 14:18:00,898.5,911.05,882.8,911.05,100,5775,908.14,843.3,911.0
11584,2021-01-16 14:19:00,898.5,911.05,882.8,911.05,100,5775,908.14,843.3,911.0
11585,2021-01-16 14:20:00,898.5,911.05,882.8,911.05,100,5775,908.14,843.3,911.0
11586,2021-01-16 14:21:00,898.5,911.05,882.8,911.05,100,5775,908.14,843.3,911.0
11587,2021-01-16 14:22:00,898.5,911.05,882.8,911.05,100,5775,908.14,843.3,911.0
11588,2021-01-16 14:23:00,898.5,911.05,882.8,911.05,100,5775,908.14,843.3,911.0
11589,2021-01-16 14:24:00,898.5,911.05,882.8,911.05,100,5775,908.14,843.3,911.0
11590,2021-01-16 14:25:00,898.5,911.05,882.8,911.05,100,5775,908.14,843.3,911.0
11591,2021-01-16 14:26:00,898.5,911.05,882.8,911.05,100,5775,908.14,843.3,911.0
11592,2021-01-16 14:27:00,898.5,911.05,882.8,911.05,100,5775,908.14,843.3,911.0
11593,2021-01-16 14:28:00,898.5,911.05,882.8,911.05,100,5775,908.14,843.3,911.0
11594,2021-01-16 14:29:00,898.5,911.05,882.8,911.05,100,5775,908.14,843.3,911.0
11595,2021-01-16 14:30:00,898.5,911.05,882.8,911.05,100,5775,908.14,843.3,911.0
11596,2021-01-16 14:31:00,898.5,911.05,882.8,911.05,100,5775,908.14,843.3,911.0
11597,2021-01-16 14:32:00,898.5,911.05,882.8,911.05,100,5775,908.14,843.3,911.0
11598,2021-01-16 14:33:00,898.5,911.05,882.8,911.05,100,5775,908.14,843.3,911.0
11599,2021-01-16 14:34:00,898.5,911.05,882.8,911.05,100,5775,908.14,843.3,911.0
11600,2021-01-16 14:35:00,898.5,911.05,882.8,911.05,100,5775,908.14,843.3,911.0
11601,2021-01-16 14:36:00,898.5,911.05,882.8,911.05,100,5775,908.14,843.3,911.0
11602,2021-01-16 14:37:00,898.5,911.05,882.8,911.05,100,5775,908.14,843.3,911.0
11603,2021-01-16 14:38:00,898.5,911.05,882.8,911.05,100,5775,908.14,843.3,911.0
11604,2021-01-16 14:39:00,898.5,911.05,882.8,911.05,100,5775,908.14,843.3,911.0
11605,2021-01-16 14:40:00,898.5,911.05,882.8,911.05,100,5775,908.14,843.3,911.0
11606,2021-01-16 14:41:00,898.5,911.05,882.8,911.05,100,5775,908.14,843.3,911.0
11607,2021-01-16 14:42:00,898.5,911.05,882.8,911.05,100,5775,908.14,843.3,911.0
11608,2021-01-16 14:43:00,898.5,911.05,882.8,911.05,100,5775,908.14,843.3,911.0
11609,2021-01-16 14:44:00,898.5,911.05,882.8,911.05,100,5775,908.14,843.3,911.0
11610,2021-01-16 14:45:00,898.5,911.05,882.8,911.05,100,5775,908.14,843.3,911.0
11611,2021-01-16 14:46:00,898.5,911.05,882.8,911.05,100,5775,908.14,843.3,911.0
11612,2021-01-16 14:47:00,898.5,911.05,882.8,911.05,100,5775,908.14,843.3,911.0
11613,2021-01-16 14:48:00,898.5,911.05,882.8,911.05,100,5775,908.14,843.3,911.0
11614,2021-01-16 14:49:00,898.5,911.05,882.8,911.05,100,5775,908.14,843.3,911.0
11615,2021-01-16 14:50:00,898.5,911.05,882.8,911.05,100,5775,908.14,843.3,911.0
11616,2021-01-16 14:51:00,898.5,911.05,882.8,911.05,100,5775,908.14,843.3,911.0
11617,2021-01-16 14:52:00,898.5,911.05,882.8,911.05,100,5775,908.14,843.3,911.0
11618,2021-01-16 14:53:00,898.5,911.05,882.8,911.05,100,5775,908.14,843.3,911.0
11619,2021-01-16 14:54:00,898.5,911.05,882.8,911.05,100,5775,908.14,843.3,911.0
11620,2021-01-16 14:55:00,898.5,911.05,882.8,911.05,100,5775,908.14,843.3,911.0
11621,2021-01-16 14:56:00,898.5,911.05,882.8,911.05,100,5775,908.14,843.3,911.0
11622,2021-01-16 14:57:00,898.5,911.05,882.8,911.05,100,5775,908.14,843.3,911.0
11623,2021-01-16 14:58:00,898.5,911.05,882.8,911.05,100,5775,908.14,843.3,911.0
11624,2021-01-16 14:59:00,898.5,911.05,882.8,911.05,100,5775,908.14,843.3,911.0
11625,2021-01-16 15:00:00,898.5,911.05,882.8,911.05,100,5775,908.14,843.3,911.0
11626,2021-01-16 15:01:00,898.5,911.05,882.8,911.05,100,5775,908.14,843.3,911.0
11627,2021-01-16 15:02:00,898.5,911.05,882.8,911.05,100,5775,908.14,843.3,911.0
11628,2021-01-16 15:03:00,898.5,911.05,882.8,911.05,100,5775,908.14,843.3,911.0
11629,2021-01-16 15:04:00,898.5,911.05,882.8,911.05,100,5775,908.14,843.3,911.0
11630,2021-01-16 15:05:00,898.5,911.05,882.8,911.05,100,5775,908.14,843.3,911.0
11631,2021-01-16 15:06:00,898.5,911.05,882.8,911.05,100,5775,908.14,843.3,911.0
11632,2021-01-16 15:07:00,898.5,911.05,882.8,911.05,100,5775,908.14,843.3,911.0
11633,2021-01-16 15:08:00,898.5,911.05,882.8,911.05,100,5775,908.14,843.3,911.0
11634,2021-01-16 15:09:00,898.5,911.05,882.8,911.05,100,5775,908.14,843.3,911.0
11635,2021-01-16 15:10:00,898.5,911.05,882.8,911.05,100,5775,908.14,843.3,911.0
11636,2021-01-16 15:11:00,898.5,911.05,882.8,911.05,100,5775,908.14,843.3,911.0
11637,2021-01-16 15:12:00,898.5,911.05,882.8,911.05,100,5775,908.14,843.3,911.0
11638,2021-01-16 15:13:00,898.5,911.05,882.8,911.05,100,5775,908.14,843.3,911.0
11639,2021-01-16 15:14:00,898.5,911.05,882.8,911.05,100,5775,908.14,843.3,911.0
11640,2021-01-16 15:15:00,898.5,911.05,882.8,911.05,100,5775,908.14,843.3,911.0
11641,2021-01-16 15:16:00,898.5,911.05,882.8,911.05,100,5775,908.14,843.3,911.0
11642,2021-01-16 15:17:00,898.5,911.05,882.8,911.05,100,5775,908.14,843.3,911.0
11643,2021-01-16 15:18:00,898.5,911.05,882.8,911.05,100,5775,908.14,843.3,911.0
11644,2021-01-16 15:19:00,898.5,911.05,882.8,911.05,100,5775,908.14,843.3,911.0
11645,2021-01-16 15:20:00,898.5,911.05,882.8,911.05,100,5775,908.14,843.3,911.0
11646,2021-01-16 15:21:00,898.5,911.05,882.8,911.05,100,5775,908.14,843.3,911.0
11647,2021-01-16 15:22:00,898.5,911.05,882.8,911.05,100,5775,908.14,843.3,911.0
11648,2021-01-16 15:23:00,898.5,911.05,882.8,911.05,100,5775,908.14,843.3,911.0
11649,2021-01-16 15:24:00,898.5,911.05,882.8,911.05,100,5775,908.14,843.3,911.0
11650,2021-01-16 15:25:00,898.5,911.05,882.8,911.05,100,5775,908.14,843.3,911.0
11651,2021-01-16 15:26:00,898.5,911.05,882.8,911.05,100,5775,908.14,843.3,911.0
11652,2021-01-16 15:27:00,898.5,911.05,882.8,911.05,100,5775,908.14,843.3,911.0
11653,2021-01-16 15:28:00,898.5,911.05,882.8,911.05,100,5775,908.14,843.3,911.0
11654,2021-01-16 15:29:00,898.5,911.05,882.8,911.05,100,5775,908.14,843.3,911.0
11655,2021-01-16 15:30:00,898.5,911.05,882.8,911.05,100,5775,908.14,843.3,911.0
11656,2021-01-17 09:15:00,898.5,911.05,882.8,911.05,100,5775,908.14,843.3,911.0
11657,2021-01-17 09:16:00,898.5,911.05,882.8,911.05,100,5775,908.14,843.3,911.0
11658,2021-01-17 09:17:00,898.5,911.05,882.8,911.05,100,5775,908.14,843.3,911.0
11659,2021-01-17 09:18:00,898.5,911.05,882.8,911.05,100,5775,908.14,843.3,911.0
11660,2021-01-17 09:19:00,898.5,911.05,882.8,911.05,100,5775,908.14,843.3,911.0
11661,2021-01-17 09:20:00,898.5,911.05,882.8,911.05,100,5775,908.14,843.3,911.0
11662,2021-01-17 09:21:00,898.5,911.05,882.8,911.05,100,5775,908.14,843.3,911.0
11663,2021-01-17 09:22:00,898.5,911.05,882.8,911.05,100,5775,908.14,843.3,911.0
11664,2021-01-17 09:23:00,898.5,911.05,882.8,911.05,100,5775,908.14,843.3,911.0
11665,2021-01-17 09:24:00,898.5,911.05,882.8,911.05,100,5775,908.14,843.3,911.0
11666,2021-01-17 09:25:00,898.5,911.05,882.8,911.05,100,5775,908.14,843.3,911.0
11667,2021-01-17 09:26:00,898.5,911.05,882.8,911.05,100,5775,908.14,843.3,911.0
11668,2021-01-17 09:27:00,898.5,911.05,882.8,911.05,100,5775,908.14,843.3,911.0
11669,2021-01-17 09:28:00,898.5,911.05,882.8,911.05,100,5775,908.14,843.3,911.0
11670,2021-01-17 09:29:00,898.5,911.05,882.8,911.05,100,5775,908.14,843.3,911.0
11671,2021-01-17 09:30:00,898.5,911.05,882.8,911.05,100,5775,908.14,843.3,911.0
11672,2021-01-17 09:31:00,898.5,911.05,882.8,911.05,100,5775,908.14,843.3,911.0
11673,2021-01-17 09:32:00,898.5,911.05,882.8,911.05,100,5775,908.14,843.3,911.0
11674,2021-01-17 09:33:00,898.5,911.05,882.8,911.05,100,5775,908.14,843.3,911.0
11675,2021-01-17 09:34:00,898.5,911.05,882.8,911.05,100,5775,908.14,843.3,911.0
11676,2021-01-17 09:35:00,898.5,911.05,882.8,911.05,100,5775,908.14,843.3,911.0
11677,2021-01-17 09:36:00,898.5,911.05,882.8,911.05,100,5775,908.14,843.3,911.0
11678,2021-01-17 09:37:00,898.5,911.05,882.8,911.05,100,5775,908.14,843.3,911.0
11679,2021-01-17 09:38:00,898.5,911.05,882.8,911.05,100,5775,908.14,843.3,911.0
11680,2021-01-17 09:39:00,898.5,911.05,882.8,911.05,100,5775,908.14,843.3,911.0
11681,2021-01-17 09:40:00,898.5,911.05,882.8,911.05,100,5775,908.14,843.3,911.0
11682,2021-01-17 09:41:00,898.5,911.05,882.8,911.05,100,5775,908.14,843.3,911.0
11683,2021-01-17 09:42:00,898.5,911.05,882.8,911.05,100,5775,908.14,843.3,911.0
11684,2021-01-17 09:43:00,898.5,911.05,882.8,911.05,100,5775,908.14,843.3,911.0
11685,2021-01-17 09:44:00,898.5,911.05,882.8,911.05,100,5775,908.14,843.3,911.0
11686,2021-01-17 09:45:00,898.5,911.05,882.8,911.05,100,5775,908.14,843.3,911.0
11687,2021-01-17 09:46:00,898.5,911.05,882.8,911.05,100,5775,908.14,843.3,911.0
11688,2021-01-17 09:47:00,898.5,911.05,882.8,911.05,100,5775,908.14,843.3,911.0
11689,2021-01-17 09:48:00,898.5,911.05,882.8,911.05,100,5775,908.14,843.3,911.0
11690,2021-01-17 09:49:00,898.5,911.05,882.8,911.05,100,5775,908.14,843.3,911.0
11691,2021-01-17 09:50:00,898.5,911.05,882.8,911.05,100,5775,908.14,843.3,911.0
11692,2021-01-17 09:51:00,898.5,911.05,882.8,911.05,100,5775,908.14,843.3,911.0
11693,2021-01-17 09:52:00,898.5,911.05,882.8,911.05,100,5775,908.14,843.3,911.0
11694,2021-01-17 09:53:00,898.5,911.05,882.8,911.05,100,5775,908.14,843.3,911.0
11695,2021-01-17 09:54:00,898.5,911.05,882.8,911.05,100,5775,908.14,843.3,911.0
11696,2021-01-17 09:55:00,898.5,911.05,882.8,911.05,100,5775,908.14,843.3,911.0
11697,2021-01-17 09:56:00,898.5,911.05,882.8,911.05,100,5775,908.14,843.3,911.0
11698,2021-01-17 09:57:00,898.5,911.05,882.8,911.05,100,5775,908.14,843.3,911.0
11699,2021-01-17 09:58:00,898.5,911.05,882.8,911.05,100,5775,908.14,843.3,911.0
11700,2021-01-17 09:59:00,898.5,911.05,882.8,911.05,100,5775,908.14,843.3,911.0
11701,2021-01-17 10:00:00,898.5,911.05,882.8,911.05,100,5775,908.14,843.3,911.0
11702,2021-01-17 10:01:00,898.5,911.05,882.8,911.05,100,5775,908.14,843.3,911.0
11703,2021-01-17 10:02:00,898.5,911.05,882.8,911.05,100,5775,908.14,843.3,911.0
11704,2021-01-17 10:03:00,898.5,911.05,882.8,911.05,100,5775,908.14,843.3,911.0
11705,2021-01-17 10:04:00,898.5,911.05,882.8,911.05,100,5775,908.14,843.3,911.0
11706,2021-01-17 10:05:00,898.5,911.05,882.8,911.05,100,5775,908.14,843.3,911.0
11707,2021-01-17 10:06:00,898.5,911.05,882.8,911.05,100,5775,908.14,843.3,911.0
11708,2021-01-17 10:07:00,898.5,911.05,882.8,911.05,100,5775,908.14,843.3,911.0
11709,2021-01-17 10:08:00,898.5,911.05,882.8,911.05,100,5775,908.14,843.3,911.0
11710,2021-01-17 10:09:00,898.5,911.05,882.8,911.05,100,5775,908.14,843.3,911.0
11711,2021-01-17 10:10:00,898.5,911.05,882.8,911.05,100,5775,908.14,843.3,911.0
11712,2021-01-17 10:11:00,898.5,911.05,882.8,911.05,100,5775,908.14,843.3,911.0
11713,2021-01-17 10:12:00,898.5,911.05,882.8,911.05,100,5775,908.14,843.3,911.0
11714,2021-01-17 10:13:00,898.5,911.05,882.8,911.05,100,5775,908.14,843.3,911.0
11715,2021-01-17 10:14:00,898.5,911.05,882.8,911.05,100,5775,908.14,843.3,911.0
11716,2021-01-17 10:15:00,898.5,911.05,882.8,911.05,100,5775,908.14,843.3,911.0
11717,2021-01-17 10:16:00,898.5,911.05,882.8,911.05,100,5775,908.14,843.3,911.0
11718,2021-01-17 10:17:00,898.5,911.05,882.8,911.05,100,5775,908.14,843.3,911.0
11719,2021-01-17 10:18:00,898.5,911.05,882.8,911.05,100,5775,908.14,843.3,911.0
11720,2021-01-17 10:19:00,898.5,911.05,882.8,911.05,100,5775,908.14,843.3,911.0
11721,2021-01-17 10:20:00,898.5,911.05,882.8,911.05,100,5775,908.14,843.3,911.0
11722,2021-01-17 10:21:00,898.5,911.05,882.8,911.05,100,5775,908.14,843.3,911.0
11723,2021-01-17 10:22:00,898.5,911.05,882.8,911.05,100,5775,908.14,843.3,911.0
11724,2021-01-17 10:23:00,898.5,911.05,882.8,911.05,100,5775,908.14,843.3,911.0
11725,2021-01-17 10:24:00,898.5,911.05,882.8,911.05,100,5775,908.14,843.3,911.0
11726,2021-01-17 10:25:00,898.5,911.05,882.8,911.05,100,5775,908.14,843.3,911.0
11727,2021-01-17 10:26:00,898.5,911.05,882.8,911.05,100,5775,908.14,843.3,911.0
11728,2021-01-17 10:27:00,898.5,911.05,882.8,911.05,100,5775,908.14,843.3,911.0
11729,2021-01-17 10:28:00,898.5,911.05,882.8,911.05,100,5775,908.14,843.3,911.0
11730,2021-01-17 10:29:00,898.5,911.05,882.8,911.05,100,5775,908.14,843.3,911.0
11731,2021-01-17 10:30:00,898.5,911.05,882.8,911.05,100,5775,908.14,843.3,911.0
11732,2021-01-17 10:31:00,898.5,911.05,882.8,911.05,100,5775,908.14,843.3,911.0
11733,2021-01-17 10:32:00,898.5,911.05,882.8,911.05,100,5775,908.14,843.3,911.0
11734,2021-01-17 10:33:00,898.5,911.05,882.8,911.05,100,5775,908.14,843.3,911.0
11735,2021-01-17 10:34:00,898.5,911.05,882.8,911.05,100,5775,908.14,843.3,911.0
11736,2021-01-17 10:35:00,898.5,911.05,882.8,911.05,100,5775,908.14,843.3,911.0
11737,2021-01-17 10:36:00,898.5,911.05,882.8,911.05,100,5775,908.14,843.3,911.0
11738,2021-01-17 10:37:00,898.5,911.05,882.8,911.05,100,5775,908.14,843.3,911.0
11739,2021-01-17 10:38:00,898.5,911.05,882.8,911.05,100,5775,908.14,843.3,911.0
11740,2021-01-17 10:39:00,898.5,911.05,882.8,911.05,100,5775,908.14,843.3,911.0
11741,2021-01-17 10:40:00,898.5,911.05,882.8,911.05,100,5775,908.14,843.3,911.0
11742,2021-01-17 10:41:00,898.5,911.05,882.8,911.05,100,5775,908.14,843.3,911.0
11743,2021-01-17 10:42:00,898.5,911.05,882.8,911.05,100,5775,908.14,843.3,911.0
11744,2021-01-17 10:43:00,898.5,911.05,882.8,911.05,100,5775,908.14,843.3,911.0
11745,2021-01-17 10:44:00,898.5,911.05,882.8,911.05,100,5775,908.14,843.3,911.0
11746,2021-01-17 10:45:00,898.5,911.05,882.8,911.05,100,5775,908.14,843.3,911.0
11747,2021-01-17 10:46:00,898.5,911.05,882.8,911.05,100,5775,908.14,843.3,911.0
11748,2021-01-17 10:47:00,898.5,911.05,882.8,911.05,100,5775,908.14,843.3,911.0
11749,2021-01-17 10:48:00,898.5,911.05,882.8,911.05,100,5775,908.14,843.3,911.0
11750,2021-01-17 10:49:00,898.5,911.05,882.8,911.05,100,5775,908.14,843.3,911.0
11751,2021-01-17 10:50:00,898.5,911.05,882.8,911.05,100,5775,908.14,843.3,911.0
11752,2021-01-17 10:51:00,898.5,911.05,882.8,911.05,100,5775,908.14,843.3,911.0
11753,2021-01-17 10:52:00,898.5,911.05,882.8,911.05,100,5775,908.14,843.3,911.0
11754,2021-01-17 10:53:00,898.5,911.05,882.8,911.05,100,5775,908.14,843.3,911.0
11755,2021-01-17 10:54:00,898.5,911.05,882.8,911.05,100,5775,908.14,843.3,911.0
11756,2021-01-17 10:55:00,898.5,911.05,882.8,911.05,100,5775,908.14,843.3,911.0
11757,2021-01-17 10:56:00,898.5,911.05,882.8,911.05,100,5775,908.14,843.3,911.0
11758,2021-01-17 10:57:00,898.5,911.05,882.8,911.05,100,5775,908.14,843.3,911.0
11759,2021-01-17 10:58:00,898.5,911.05,882.8,911.05,100,5775,908.14,843.3,911.0
11760,2021-01-17 10:59:00,898.5,911.05,882.8,911.05,100,5775,908.14,843.3,911.0
11761,2021-01-17 11:00:00,898.5,911.05,882.8,911.05,100,5775,908.14,843.3,911.0
11762,2021-01-17 11:01:00,898.5,911.05,882.8,911.05,100,5775,908.14,843.3,911.0
11763,2021-01-17 11:02:00,898.5,911.05,882.8,911.05,100,5775,908.14,843.3,911.0
11764,2021-01-17 11:03:00,898.5,911.05,882.8,911.05,100,5775,908.14,843.3,911.0
11765,2021-01-17 11:04:00,898.5,911.05,882.8,911.05,100,5775,908.14,843.3,911.0
11766,2021-01-17 11:05:00,898.5,911.05,882.8,911.05,100,5775,908.14,843.3,911.0
11767,2021-01-17 11:06:00,898.5,911.05,882.8,911.05,100,5775,908.14,843.3,911.0
11768,2021-01-17 11:07:00,898.5,911.05,882.8,911.05,100,5775,908.14,843.3,911.0
11769,2021-01-17 11:08:00,898.5,911.05,882.8,911.05,100,5775,908.14,843.3,911.0
11770,2021-01-17 11:09:00,898.5,911.05,882.8,911.05,100,5775,908.14,843.3,911.0
11771,2021-01-17 11:10:00,898.5,911.05,882.8,911.05,100,5775,908.14,843.3,911.0
11772,2021-01-17 11:11:00,898.5,911.05,882.8,911.05,100,5775,908.14,843.3,911.0
11773,2021-01-17 11:12:00,898.5,911.05,882.8,911.05,100,5775,908.14,843.3,911.0
11774,2021-01-17 11:13:00,898.5,911.05,882.8,911.05,100,5775,908.14,843.3,911.0
11775,2021-01-17 11:14:00,898.5,911.05,882.8,911.05,100,5775,908.14,843.3,911.0
11776,2021-01-17 11:15:00,898.5,911.05,882.8,911.05,100,5775,908.14,843.3,911.0
11777,2021-01-17 11:16:00,898.5,911.05,882.8,911.05,100,5775,908.14,843.3,911.0
11778,2021-01-17 11:17:00,898.5,911.05,882.8,911.05,100,5775,908.14,843.3,911.0
11779,2021-01-17 11:18:00,898.5,911.05,882.8,911.05,100,5775,908.14,843.3,911.0
11780,2021-01-17 11:19:00,898.5,911.05,882.8,911.05,100,5775,908.14,843.3,911.0
11781,2021-01-17 11:20:00,898.5,911.05,882.8,911.05,100,5775,908.14,843.3,911.0
11782,2021-01-17 11:21:00,898.5,911.05,882.8,911.05,100,5775,908.14,843.3,911.0
11783,2021-01-17 11:22:00,898.5,911.05,882.8,911.05,100,5775,908.14,843.3,911.0
11784,2021-01-17 11:23:00,898.5,911.05,882.8,911.05,100,5775,908.14,843.3,911.0
11785,2021-01-17 11:24:00,898.5,911.05,882.8,911.05,100,5775,908.14,843.3,911.0
11786,2021-01-17 11:25:00,898.5,911.05,882.8,911.05,100,5775,908.14,843.3,911.0
11787,2021-01-17 11:26:00,898.5,911.05,882.8,911.05,100,5775,908.14,843.3,911.0
11788,2021-01-17 11:27:00,898.5,911.05,882.8,911.05,100,5775,908.14,843.3,911.0
11789,2021-01-17 11:28:00,898.5,911.05,882.8,911.05,100,5775,908.14,843.3,911.0
11790,2021-01-17 11:29:00,898.5,911.05,882.8,911.05,100,5775,908.14,843.3,911.0
11791,2021-01-17 11:30:00,898.5,911.05,882.8,911.05,100,5775,908.14,843.3,911.0
11792,2021-01-17 11:31:00,898.5,911.05,882.8,911.05,100,5775,908.14,843.3,911.0
11793,2021-01-17 11:32:00,898.5,911.05,882.8,911.05,100,5775,908.14,843.3,911.0
11794,2021-01-17 11:33:00,898.5,911.05,882.8,911.05,100,5775,908.14,843.3,911.0
11795,2021-01-17 11:34:00,898.5,911.05,882.8,911.05,100,5775,908.14,843.3,911.0
11796,2021-01-17 11:35:00,898.5,911.05,882.8,911.05,100,5775,908.14,843.3,911.0
11797,2021-01-17 11:36:00,898.5,911.05,882.8,911.05,100,5775,908.14,843.3,911.0
11798,2021-01-17 11:37:00,898.5,911.05,882.8,911.05,100,5775,908.14,843.3,911.0
11799,2021-01-17 11:38:00,898.5,911.05,882.8,911.05,100,5775,908.14,843.3,911.0
11800,2021-01-17 11:39:00,898.5,911.05,882.8,911.05,100,5775,908.14,843.3,911.0
11801,2021-01-17 11:40:00,898.5,911.05,882.8,911.05,100,5775,908.14,843.3,911.0
11802,2021-01-17 11:41:00,898.5,911.05,882.8,911.05,100,5775,908.14,843.3,911.0
11803,2021-01-17 11:42:00,898.5,911.05,882.8,911.05,100,5775,908.14,843.3,911.0
11804,2021-01-17 11:43:00,898.5,911.05,882.8,911.05,100,5775,908.14,843.3,911.0
11805,2021-01-17 11:44:00,898.5,911.05,882.8,911.05,100,5775,908.14,843.3,911.0
11806,2021-01-17 11:45:00,898.5,911.05,882.8,911.05,100,5775,908.14,843.3,911.0
11807,2021-01-17 11:46:00,898.5,911.05,882.8,911.05,100,5775,908.14,843.3,911.0
11808,2021-01-17 11:47:00,898.5,911.05,882.8,911.05,100,5775,908.14,843.3,911.0
11809,2021-01-17 11:48:00,898.5,911.05,882.8,911.05,100,5775,908.14,843.3,911.0
11810,2021-01-17 11:49:00,898.5,911.05,882.8,911.05,100,5775,908.14,843.3,911.0
11811,2021-01-17 11:50:00,898.5,911.05,882.8,911.05,100,5775,908.14,843.3,911.0
11812,2021-01-17 11:51:00,898.5,911.05,882.8,911.05,100,5775,908.14,843.3,911.0
11813,2021-01-17 11:52:00,898.5,911.05,882.8,911.05,100,5775,908.14,843.3,911.0
11814,2021-01-17 11:53:00,898.5,911.05,882.8,911.05,100,5775,908.14,843.3,911.0
11815,2021-01-17 11:54:00,898.5,911.05,882.8,911.05,100,5775,908.14,843.3,911.0
11816,2021-01-17 11:55:00,898.5,911.05,882.8,911.05,100,5775,908.14,843.3,911.0
11817,2021-01-17 11:56:00,898.5,911.05,882.8,911.05,100,5775,908.14,843.3,911.0
11818,2021-01-17 11:57:00,898.5,911.05,882.8,911.05,100,5775,908.14,843.3,911.0
11819,2021-01-17 11:58:00,898.5,911.05,882.8,911.05,100,5775,908.14,843.3,911.0
11820,2021-01-17 11:59:00,898.5,911.05,882.8,911.05,100,5775,908.14,843.3,911.0
11821,2021-01-17 12:00:00,898.5,911.05,882.8,911.05,100,5775,908.14,843.3,911.0
11822,2021-01-17 12:01:00,898.5,911.05,882.8,911.05,100,5775,908.14,843.3,911.0
11823,2021-01-17 12:02:00,898.5,911.05,882.8,911.05,100,5775,908.14,843.3,911.0
11824,2021-01-17 12:03:00,898.5,911.05,882.8,911.05,100,5775,908.14,843.3,911.0
11825,2021-01-17 12:04:00,898.5,911.05,882.8,911.05,100,5775,908.14,843.3,911.0
11826,2021-01-17 12:05:00,898.5,911.05,882.8,911.05,100,5775,908.14,843.3,911.0
11827,2021-01-17 12:06:00,898.5,911.05,882.8,911.05,100,5775,908.14,843.3,911.0
11828,2021-01-17 12:07:00,898.5,911.05,882.8,911.05,100,5775,908.14,843.3,911.0
11829,2021-01-17 12:08:00,898.5,911.05,882.8,911.05,100,5775,908.14,843.3,911.0
11830,2021-01-17 12:09:00,898.5,911.05,882.8,911.05,100,5775,908.14,843.3,911.0
11831,2021-01-17 12:10:00,898.5,911.05,882.8,911.05,100,5775,908.14,843.3,911.0
11832,2021-01-17 12:11:00,898.5,911.05,882.8,911.05,100,5775,908.14,843.3,911.0
11833,2021-01-17 12:12:00,898.5,911.05,882.8,911.05,100,5775,908.14,843.3,911.0
11834,2021-01-17 12:13:00,898.5,911.05,882.8,911.05,100,5775,908.14,843.3,911.0
11835,2021-01-17 12:14:00,898.5,911.05,882.8,911.05,100,5775,908.14,843.3,911.0
11836,2021-01-17 12:15:00,898.5,911.05,882.8,911.05,100,5775,908.14,843.3,911.0
11837,2021-01-17 12:16:00,898.5,911.05,882.8,911.05,100,5775,908.14,843.3,911.0
11838,2021-01-17 12:17:00,898.5,911.05,882.8,911.05,100,5775,908.14,843.3,911.0
11839,2021-01-17 12:18:00,898.5,911.05,882.8,911.05,100,5775,908.14,843.3,911.0
11840,2021-01-17 12:19:00,898.5,911.05,882.8,911.05,100,5775,908.14,843.3,911.0
11841,2021-01-17 12:20:00,898.5,911.05,882.8,911.05,100,5775,908.14,843.3,911.0
11842,2021-01-17 12:21:00,898.5,911.05,882.8,911.05,100,5775,908.14,843.3,911.0
11843,2021-01-17 12:22:00,898.5,911.05,882.8,911.05,100,5775,908.14,843.3,911.0
11844,2021-01-17 12:23:00,898.5,911.05,882.8,911.05,100,5775,908.14,843.3,911.0
11845,2021-01-17 12:24:00,898.5,911.05,882.8,911.05,100,5775,908.14,843.3,911.0
11846,2021-01-17 12:25:00,898.5,911.05,882.8,911.05,100,5775,908.14,843.3,911.0
11847,2021-01-17 12:26:00,898.5,911.05,882.8,911.05,100,5775,908.14,843.3,911.0
11848,2021-01-17 12:27:00,898.5,911.05,882.8,911.05,100,5775,908.14,843.3,911.0
11849,2021-01-17 12:28:00,898.5,911.05,882.8,911.05,100,5775,908.14,843.3,911.0
11850,2021-01-17 12:29:00,898.5,911.05,882.8,911.05,100,5775,908.14,843.3,911.0
11851,2021-01-17 12:30:00,898.5,911.05,882.8,911.05,100,5775,908.14,843.3,911.0
11852,2021-01-17 12:31:00,898.5,911.05,882.8,911.05,100,5775,908.14,843.3,911.0
11853,2021-01-17 12:32:00,898.5,911.05,882.8,911.05,100,5775,908.14,843.3,911.0
11854,2021-01-17 12:33:00,898.5,911.05,882.8,911.05,100,5775,908.14,843.3,911.0
11855,2021-01-17 12:34:00,898.5,911.05,882.8,911.05,100,5775,908.14,843.3,911.0
11856,2021-01-17 12:35:00,898.5,911.05,882.8,911.05,100,5775,908.14,843.3,911.0
11857,2021-01-17 12:36:00,898.5,911.05,882.8,911.05,100,5775,908.14,843.3,911.0
11858,2021-01-17 12:37:00,898.5,911.05,882.8,911.05,100,5775,908.14,843.3,911.0
11859,2021-01-17 12:38:00,898.5,911.05,882.8,911.05,100,5775,908.14,843.3,911.0
11860,2021-01-17 12:39:00,898.5,911.05,882.8,911.05,100,5775,908.14,843.3,911.0
11861,2021-01-17 12:40:00,898.5,911.05,882.8,911.05,100,5775,908.14,843.3,911.0
11862,2021-01-17 12:41:00,898.5,911.05,882.8,911.05,100,5775,908.14,843.3,911.0
11863,2021-01-17 12:42:00,898.5,911.05,882.8,911.05,100,5775,908.14,843.3,911.0
11864,2021-01-17 12:43:00,898.5,911.05,882.8,911.05,100,5775,908.14,843.3,911.0
11865,2021-01-17 12:44:00,898.5,911.05,882.8,911.05,100,5775,908.14,843.3,911.0
11866,2021-01-17 12:45:00,898.5,911.05,882.8,911.05,100,5775,908.14,843.3,911.0
11867,2021-01-17 12:46:00,898.5,911.05,882.8,911.05,100,5775,908.14,843.3,911.0
11868,2021-01-17 12:47:00,898.5,911.05,882.8,911.05,100,5775,908.14,843.3,911.0
11869,2021-01-17 12:48:00,898.5,911.05,882.8,911.05,100,5775,908.14,843.3,911.0
11870,2021-01-17 12:49:00,898.5,911.05,882.8,911.05,100,5775,908.14,843.3,911.0
11871,2021-01-17 12:50:00,898.5,911.05,882.8,911.05,100,5775,908.14,843.3,911.0
11872,2021-01-17 12:51:00,898.5,911.05,882.8,911.05,100,5775,908.14,843.3,911.0
11873,2021-01-17 12:52:00,898.5,911.05,882.8,911.05,100,5775,908.14,843.3,911.0
11874,2021-01-17 12:53:00,898.5,911.05,882.8,911.05,100,5775,908.14,843.3,911.0
11875,2021-01-17 12:54:00,898.5,911.05,882.8,911.05,100,5775,908.14,843.3,911.0
11876,2021-01-17 12:55:00,898.5,911.05,882.8,911.05,100,5775,908.14,843.3,911.0
11877,2021-01-17 12:56:00,898.5,911.05,882.8,911.05,100,5775,908.14,843.3,911.0
11878,2021-01-17 12:57:00,898.5,911.05,882.8,911.05,100,5775,908.14,843.3,911.0
11879,2021-01-17 12:58:00,898.5,911.05,882.8,911.05,100,5775,908.14,843.3,911.0
11880,2021-01-17 12:59:00,898.5,911.05,882.8,911.05,100,5775,908.14,843.3,911.0
11881,2021-01-17 13:00:00,898.5,911.05,882.8,911.05,100,5775,908.14,843.3,911.0
11882,2021-01-17 13:01:00,898.5,911.05,882.8,911.05,100,5775,908.14,843.3,911.0
11883,2021-01-17 13:02:00,898.5,911.05,882.8,911.05,100,5775,908.14,843.3,911.0
11884,2021-01-17 13:03:00,898.5,911.05,882.8,911.05,100,5775,908.14,843.3,911.0
11885,2021-01-17 13:04:00,898.5,911.05,882.8,911.05,100,5775,908.14,843.3,911.0
11886,2021-01-17 13:05:00,898.5,911.05,882.8,911.05,100,5775,908.14,843.3,911.0
11887,2021-01-17 13:06:00,898.5,911.05,882.8,911.05,100,5775,908.14,843.3,911.0
11888,2021-01-17 13:07:00,898.5,911.05,882.8,911.05,100,5775,908.14,843.3,911.0
11889,2021-01-17 13:08:00,898.5,911.05,882.8,911.05,100,5775,908.14,843.3,911.0
11890,2021-01-17 13:09:00,898.5,911.05,882.8,911.05,100,5775,908.14,843.3,911.0
11891,2021-01-17 13:10:00,898.5,911.05,882.8,911.05,100,5775,908.14,843.3,911.0
11892,2021-01-17 13:11:00,898.5,911.05,882.8,911.05,100,5775,908.14,843.3,911.0
11893,2021-01-17 13:12:00,898.5,911.05,882.8,911.05,100,5775,908.14,843.3,911.0
11894,2021-01-17 13:13:00,898.5,911.05,882.8,911.05,100,5775,908.14,843.3,911.0
11895,2021-01-17 13:14:00,898.5,911.05,882.8,911.05,100,5775,908.14,843.3,911.0
11896,2021-01-17 13:15:00,898.5,911.05,882.8,911.05,100,5775,908.14,843.3,911.0
11897,2021-01-17 13:16:00,898.5,911.05,882.8,911.05,100,5775,908.14,843.3,911.0
11898,2021-01-17 13:17:00,898.5,911.05,882.8,911.05,100,5775,908.14,843.3,911.0
11899,2021-01-17 13:18:00,898.5,911.05,882.8,911.05,100,5775,908.14,843.3,911.0
11900,2021-01-17 13:19:00,898.5,911.05,882.8,911.05,100,5775,908.14,843.3,911.0
11901,2021-01-17 13:20:00,898.5,911.05,882.8,911.05,100,5775,908.14,843.3,911.0
11902,2021-01-17 13:21:00,898.5,911.05,882.8,911.05,100,5775,908.14,843.3,911.0
11903,2021-01-17 13:22:00,898.5,911.05,882.8,911.05,100,5775,908.14,843.3,911.0
11904,2021-01-17 13:23:00,898.5,911.05,882.8,911.05,100,5775,908.14,843.3,911.0
11905,2021-01-17 13:24:00,898.5,911.05,882.8,911.05,100,5775,908.14,843.3,911.0
11906,2021-01-17 13:25:00,898.5,911.05,882.8,911.05,100,5775,908.14,843.3,911.0
11907,2021-01-17 13:26:00,898.5,911.05,882.8,911.05,100,5775,908.14,843.3,911.0
11908,2021-01-17 13:27:00,898.5,911.05,882.8,911.05,100,5775,908.14,843.3,911.0
11909,2021-01-17 13:28:00,898.5,911.05,882.8,911.05,100,5775,908.14,843.3,911.0
11910,2021-01-17 13:29:00,898.5,911.05,882.8,911.05,100,5775,908.14,843.3,911.0
11911,2021-01-17 13:30:00,898.5,911.05,882.8,911.05,100,5775,908.14,843.3,911.0
11912,2021-01-17 13:31:00,898.5,911.05,882.8,911.05,100,5775,908.14,843.3,911.0
11913,2021-01-17 13:32:00,898.5,911.05,882.8,911.05,100,5775,908.14,843.3,911.0
11914,2021-01-17 13:33:00,898.5,911.05,882.8,911.05,100,5775,908.14,843.3,911.0
11915,2021-01-17 13:34:00,898.5,911.05,882.8,911.05,100,5775,908.14,843.3,911.0
11916,2021-01-17 13:35:00,898.5,911.05,882.8,911.05,100,5775,908.14,843.3,911.0
11917,2021-01-17 13:36:00,898.5,911.05,882.8,911.05,100,5775,908.14,843.3,911.0
11918,2021-01-17 13:37:00,898.5,911.05,882.8,911.05,100,5775,908.14,843.3,911.0
11919,2021-01-17 13:38:00,898.5,911.05,882.8,911.05,100,5775,908.14,843.3,911.0
11920,2021-01-17 13:39:00,898.5,911.05,882.8,911.05,100,5775,908.14,843.3,911.0
11921,2021-01-17 13:40:00,898.5,911.05,882.8,911.05,100,5775,908.14,843.3,911.0
11922,2021-01-17 13:41:00,898.5,911.05,882.8,911.05,100,5775,908.14,843.3,911.0
11923,2021-01-17 13:42:00,898.5,911.05,882.8,911.05,100,5775,908.14,843.3,911.0
11924,2021-01-17 13:43:00,898.5,911.05,882.8,911.05,100,5775,908.14,843.3,911.0
11925,2021-01-17 13:44:00,898.5,911.05,882.8,911.05,100,5775,908.14,843.3,911.0
11926,2021-01-17 13:45:00,898.5,911.05,882.8,911.05,100,5775,908.14,843.3,911.0
11927,2021-01-17 13:46:00,898.5,911.05,882.8,911.05,100,5775,908.14,843.3,911.0
11928,2021-01-17 13:47:00,898.5,911.05,882.8,911.05,100,5775,908.14,843.3,911.0
11929,2021-01-17 13:48:00,898.5,911.05,882.8,911.05,100,5775,908.14,843.3,911.0
11930,2021-01-17 13:49:00,898.5,911.05,882.8,911.05,100,5775,908.14,843.3,911.0
11931,2021-01-17 13:50:00,898.5,911.05,882.8,911.05,100,5775,908.14,843.3,911.0
11932,2021-01-17 13:51:00,898.5,911.05,882.8,911.05,100,5775,908.14,843.3,911.0
11933,2021-01-17 13:52:00,898.5,911.05,882.8,911.05,100,5775,908.14,843.3,911.0
11934,2021-01-17 13:53:00,898.5,911.05,882.8,911.05,100,5775,908.14,843.3,911.0
11935,2021-01-17 13:54:00,898.5,911.05,882.8,911.05,100,5775,908.14,843.3,911.0
11936,2021-01-17 13:55:00,898.5,911.05,882.8,911.05,100,5775,908.14,843.3,911.0
11937,2021-01-17 13:56:00,898.5,911.05,882.8,911.05,100,5775,908.14,843.3,911.0
11938,2021-01-17 13:57:00,898.5,911.05,882.8,911.05,100,5775,908.14,843.3,911.0
11939,2021-01-17 13:58:00,898.5,911.05,882.8,911.05,100,5775,908.14,843.3,911.0
11940,2021-01-17 13:59:00,898.5,911.05,882.8,911.05,100,5775,908.14,843.3,911.0
11941,2021-01-17 14:00:00,898.5,911.05,882.8,911.05,100,5775,908.14,843.3,911.0
11942,2021-01-17 14:01:00,898.5,911.05,882.8,911.05,100,5775,908.14,843.3,911.0
11943,2021-01-17 14:02:00,898.5,911.05,882.8,911.05,100,5775,908.14,843.3,911.0
11944,2021-01-17 14:03:00,898.5,911.05,882.8,911.05,100,5775,908.14,843.3,911.0
11945,2021-01-17 14:04:00,898.5,911.05,882.8,911.05,100,5775,908.14,843.3,911.0
11946,2021-01-17 14:05:00,898.5,911.05,882.8,911.05,100,5775,908.14,843.3,911.0
11947,2021-01-17 14:06:00,898.5,911.05,882.8,911.05,100,5775,908.14,843.3,911.0
11948,2021-01-17 14:07:00,898.5,911.05,882.8,911.05,100,5775,908.14,843.3,911.0
11949,2021-01-17 14:08:00,898.5,911.05,882.8,911.05,100,5775,908.14,843.3,911.0
11950,2021-01-17 14:09:00,898.5,911.05,882.8,911.05,100,5775,908.14,843.3,911.0
11951,2021-01-17 14:10:00,898.5,911.05,882.8,911.05,100,5775,908.14,843.3,911.0
11952,2021-01-17 14:11:00,898.5,911.05,882.8,911.05,100,5775,908.14,843.3,911.0
11953,2021-01-17 14:12:00,898.5,911.05,882.8,911.05,100,5775,908.14,843.3,911.0
11954,2021-01-17 14:13:00,898.5,911.05,882.8,911.05,100,5775,908.14,843.3,911.0
11955,2021-01-17 14:14:00,898.5,911.05,882.8,911.05,100,5775,908.14,843.3,911.0
11956,2021-01-17 14:15:00,898.5,911.05,882.8,911.05,100,5775,908.14,843.3,911.0
11957,2021-01-17 14:16:00,898.5,911.05,882.8,911.05,100,5775,908.14,843.3,911.0
11958,2021-01-17 14:17:00,898.5,911.05,882.8,911.05,100,5775,908.14,843.3,911.0
11959,2021-01-17 14:18:00,898.5,911.05,882.8,911.05,100,5775,908.14,843.3,911.0
11960,2021-01-17 14:19:00,898.5,911.05,882.8,911.05,100,5775,908.14,843.3,911.0
11961,2021-01-17 14:20:00,898.5,911.05,882.8,911.05,100,5775,908.14,843.3,911.0
11962,2021-01-17 14:21:00,898.5,911.05,882.8,911.05,100,5775,908.14,843.3,911.0
11963,2021-01-17 14:22:00,898.5,911.05,882.8,911.05,100,5775,908.14,843.3,911.0
11964,2021-01-17 14:23:00,898.5,911.05,882.8,911.05,100,5775,908.14,843.3,911.0
11965,2021-01-17 14:24:00,898.5,911.05,882.8,911.05,100,5775,908.14,843.3,911.0
11966,2021-01-17 14:25:00,898.5,911.05,882.8,911.05,100,5775,908.14,843.3,911.0
11967,2021-01-17 14:26:00,898.5,911.05,882.8,911.05,100,5775,908.14,843.3,911.0
11968,2021-01-17 14:27:00,898.5,911.05,882.8,911.05,100,5775,908.14,843.3,911.0
11969,2021-01-17 14:28:00,898.5,911.05,882.8,911.05,100,5775,908.14,843.3,911.0
11970,2021-01-17 14:29:00,898.5,911.05,882.8,911.05,100,5775,908.14,843.3,911.0
11971,2021-01-17 14:30:00,898.5,911.05,882.8,911.05,100,5775,908.14,843.3,911.0
11972,2021-01-17 14:31:00,898.5,911.05,882.8,911.05,100,5775,908.14,843.3,911.0
11973,2021-01-17 14:32:00,898.5,911.05,882.8,911.05,100,5775,908.14,843.3,911.0
11974,2021-01-17 14:33:00,898.5,911.05,882.8,911.05,100,5775,908.14,843.3,911.0
11975,2021-01-17 14:34:00,898.5,911.05,882.8,911.05,100,5775,908.14,843.3,911.0
11976,2021-01-17 14:35:00,898.5,911.05,882.8,911.05,100,5775,908.14,843.3,911.0
11977,2021-01-17 14:36:00,898.5,911.05,882.8,911.05,100,5775,908.14,843.3,911.0
11978,2021-01-17 14:37:00,898.5,911.05,882.8,911.05,100,5775,908.14,843.3,911.0
11979,2021-01-17 14:38:00,898.5,911.05,882.8,911.05,100,5775,908.14,843.3,911.0
11980,2021-01-17 14:39:00,898.5,911.05,882.8,911.05,100,5775,908.14,843.3,911.0
11981,2021-01-17 14:40:00,898.5,911.05,882.8,911.05,100,5775,908.14,843.3,911.0
11982,2021-01-17 14:41:00,898.5,911.05,882.8,911.05,100,5775,908.14,843.3,911.0
11983,2021-01-17 14:42:00,898.5,911.05,882.8,911.05,100,5775,908.14,843.3,911.0
11984,2021-01-17 14:43:00,898.5,911.05,882.8,911.05,100,5775,908.14,843.3,911.0
11985,2021-01-17 14:44:00,898.5,911.05,882.8,911.05,100,5775,908.14,843.3,911.0
11986,2021-01-17 14:45:00,898.5,911.05,882.8,911.05,100,5775,908.14,843.3,911.0
11987,2021-01-17 14:46:00,898.5,911.05,882.8,911.05,100,5775,908.14,843.3,911.0
11988,2021-01-17 14:47:00,898.5,911.05,882.8,911.05,100,5775,908.14,843.3,911.0
11989,2021-01-17 14:48:00,898.5,911.05,882.8,911.05,100,5775,908.14,843.3,911.0
11990,2021-01-17 14:49:00,898.5,911.05,882.8,911.05,100,5775,908.14,843.3,911.0
11991,2021-01-17 14:50:00,898.5,911.05,882.8,911.05,100,5775,908.14,843.3,911.0
11992,2021-01-17 14:51:00,898.5,911.05,882.8,911.05,100,5775,908.14,843.3,911.0
11993,2021-01-17 14:52:00,898.5,911.05,882.8,911.05,100,5775,908.14,843.3,911.0
11994,2021-01-17 14:53:00,898.5,911.05,882.8,911.05,100,5775,908.14,843.3,911.0
11995,2021-01-17 14:54:00,898.5,911.05,882.8,911.05,100,5775,908.14,843.3,911.0
11996,2021-01-17 14:55:00,898.5,911.05,882.8,911.05,100,5775,908.14,843.3,911.0
11997,2021-01-17 14:56:00,898.5,911.05,882.8,911.05,100,5775,908.14,843.3,911.0
11998,2021-01-17 14:57:00,898.5,911.05,882.8,911.05,100,5775,908.14,843.3,911.0
11999,2021-01-17 14:58:00,898.5,911.05,882.8,911.05,100,5775,908.14,843.3,911.0
12000,2021-01-17 14:59:00,898.5,911.05,882.8,911.05,100,5775,908.14,843.3,911.0
12001,2021-01-17 15:00:00,898.5,911.05,882.8,911.05,100,5775,908.14,843.3,911.0
12002,2021-01-17 15:01:00,898.5,911.05,882.8,911.05,100,5775,908.14,843.3,911.0
12003,2021-01-17 15:02:00,898.5,911.05,882.8,911.05,100,5775,908.14,843.3,911.0
12004,2021-01-17 15:03:00,898.5,911.05,882.8,911.05,100,5775,908.14,843.3,911.0
12005,2021-01-17 15:04:00,898.5,911.05,882.8,911.05,100,5775,908.14,843.3,911.0
12006,2021-01-17 15:05:00,898.5,911.05,882.8,911.05,100,5775,908.14,843.3,911.0
12007,2021-01-17 15:06:00,898.5,911.05,882.8,911.05,100,5775,908.14,843.3,911.0
12008,2021-01-17 15:07:00,898.5,911.05,882.8,911.05,100,5775,908.14,843.3,911.0
12009,2021-01-17 15:08:00,898.5,911.05,882.8,911.05,100,5775,908.14,843.3,911.0
12010,2021-01-17 15:09:00,898.5,911.05,882.8,911.05,100,5775,908.14,843.3,911.0
12011,2021-01-17 15:10:00,898.5,911.05,882.8,911.05,100,5775,908.14,843.3,911.0
12012,2021-01-17 15:11:00,898.5,911.05,882.8,911.05,100,5775,908.14,843.3,911.0
12013,2021-01-17 15:12:00,898.5,911.05,882.8,911.05,100,5775,908.14,843.3,911.0
12014,2021-01-17 15:13:00,898.5,911.05,882.8,911.05,100,5775,908.14,843.3,911.0
12015,2021-01-17 15:14:00,898.5,911.05,882.8,911.05,100,5775,908.14,843.3,911.0
12016,2021-01-17 15:15:00,898.5,911.05,882.8,911.05,100,5775,908.14,843.3,911.0
12017,2021-01-17 15:16:00,898.5,911.05,882.8,911.05,100,5775,908.14,843.3,911.0
12018,2021-01-17 15:17:00,898.5,911.05,882.8,911.05,100,5775,908.14,843.3,911.0
12019,2021-01-17 15:18:00,898.5,911.05,882.8,911.05,100,5775,908.14,843.3,911.0
12020,2021-01-17 15:19:00,898.5,911.05,882.8,911.05,100,5775,908.14,843.3,911.0
12021,2021-01-17 15:20:00,898.5,911.05,882.8,911.05,100,5775,908.14,843.3,911.0
12022,2021-01-17 15:21:00,898.5,911.05,882.8,911.05,100,5775,908.14,843.3,911.0
12023,2021-01-17 15:22:00,898.5,911.05,882.8,911.05,100,5775,908.14,843.3,911.0
12024,2021-01-17 15:23:00,898.5,911.05,882.8,911.05,100,5775,908.14,843.3,911.0
12025,2021-01-17 15:24:00,898.5,911.05,882.8,911.05,100,5775,908.14,843.3,911.0
12026,2021-01-17 15:25:00,898.5,911.05,882.8,911.05,100,5775,908.14,843.3,911.0
12027,2021-01-17 15:26:00,898.5,911.05,882.8,911.05,100,5775,908.14,843.3,911.0
12028,2021-01-17 15:27:00,898.5,911.05,882.8,911.05,100,5775,908.14,843.3,911.0
12029,2021-01-17 15:28:00,898.5,911.05,882.8,911.05,100,5775,908.14,843.3,911.0
12030,2021-01-17 15:29:00,898.5,911.05,882.8,911.05,100,5775,908.14,843.3,911.0
12031,2021-01-17 15:30:00,898.5,911.05,882.8,911.05,100,5775,908.14,843.3,911.0
12032,2021-01-18 09:15:00,840.5,840.5,812.3,814.2,225,5500,828.23,828.25,863.15
12033,2021-01-18 09:16:00,840.5,840.5,812.3,814.2,225,5500,828.23,828.25,863.15
12034,2021-01-18 09:17:00,829.55,830.95,823.6,830.95,75,5650,828.18,843.7,853.2
12035,2021-01-18 09:18:00,869.45,885.55,869.45,885.55,200,5650,846.04,879.55,889.1
12036,2021-01-18 09:19:00,894.0,931.5,894.0,931.5,100,5650,856.08,924.25,935.85
12037,2021-01-18 09:20:00,940.2,950.0,940.2,950.0,175,5650,876.97,936.95,953.2
12038,2021-01-18 09:21:00,940.2,950.0,940.2,950.0,175,5650,876.97,936.95,953.2
12039,2021-01-18 09:22:00,918.2,918.2,918.2,918.2,75,5575,880.61,918.15,932.0
12040,2021-01-18 09:23:00,916.05,932.4,916.05,932.4,100,5500,885.44,921.05,934.2
12041,2021-01-18 09:24:00,935.3,935.3,935.3,935.3,25,5500,886.72,930.4,945.05
12042,2021-01-18 09:25:00,950.0,952.95,950.0,952.95,75,5500,891.31,952.85,959.75
12043,2021-01-18 09:26:00,950.05,950.05,950.0,950.0,50,5450,893.98,953.7,961.15
12044,2021-01-18 09:27:00,950.0,950.0,950.0,950.0,25,5450,895.22,939.95,943.9
12045,2021-01-18 09:28:00,919.05,919.05,919.05,919.05,50,5450,896.25,905.6,919.7
12046,2021-01-18 09:29:00,919.05,919.05,919.05,919.05,50,5450,896.25,905.6,919.7
12047,2021-01-18 09:30:00,856.05,862.55,856.05,862.55,50,5450,894.75,861.6,866.8
12048,2021-01-18 09:31:00,857.85,864.95,857.85,864.95,50,5450,893.44,855.15,859.9
12049,2021-01-18 09:32:00,853.9,874.55,853.9,874.55,75,5425,892.01,874.9,880.45
12050,2021-01-18 09:33:00,883.7,883.7,857.6,857.65,225,5425,887.86,853.6,858.45
12051,2021-01-18 09:34:00,842.15,849.7,842.15,849.7,100,5425,885.27,854.05,858.5
12052,2021-01-18 09:35:00,842.15,849.7,842.15,849.7,100,5425,885.27,854.05,858.5
12053,2021-01-18 09:36:00,857.95,857.95,854.3,854.3,125,5400,883.22,853.55,858.4
12054,2021-01-18 09:37:00,857.95,857.95,854.3,854.3,125,5400,883.22,853.55,858.4
12055,2021-01-18 09:38:00,869.8,869.8,869.8,869.8,50,5450,882.85,868.25,872.5
12056,2021-01-18 09:39:00,869.8,869.8,869.8,869.8,50,5450,882.85,868.25,872.5
12057,2021-01-18 09:40:00,903.7,925.0,903.7,924.55,225,5450,887.14,914.8,919.9
12058,2021-01-18 09:41:00,923.4,923.4,923.4,923.4,25,5450,887.57,917.7,923.15
12059,2021-01-18 09:42:00,923.4,923.4,923.4,923.4,25,5450,887.57,917.7,923.15
12060,2021-01-18 09:43:00,923.4,923.4,923.4,923.4,25,5450,887.57,917.7,923.15
12061,2021-01-18 09:44:00,923.4,923.4,923.4,923.4,25,5450,887.57,917.7,923.15
12062,2021-01-18 09:45:00,934.15,961.7,934.15,961.7,125,5425,891.03,947.7,959.95
12063,2021-01-18 09:46:00,934.15,961.7,934.15,961.7,125,5425,891.03,947.7,959.95
12064,2021-01-18 09:47:00,947.1,947.1,947.1,947.1,25,5425,891.65,936.45,940.55
12065,2021-01-18 09:48:00,924.25,924.25,924.25,924.25,50,5325,892.36,935.0,938.4
12066,2021-01-18 09:49:00,924.25,924.25,924.25,924.25,50,5325,892.36,935.0,938.4
12067,2021-01-18 09:50:00,942.5,942.5,942.5,942.5,50,5325,893.46,940.95,944.95
12068,2021-01-18 09:51:00,922.6,922.6,922.6,922.6,75,5350,894.36,919.95,924.2
12069,2021-01-18 09:52:00,922.6,922.6,922.6,922.6,75,5350,894.36,919.95,924.2
12070,2021-01-18 09:53:00,916.7,916.7,916.7,916.7,75,5350,895.03,915.65,919.7
12071,2021-01-18 09:54:00,916.7,916.7,916.7,916.7,75,5350,895.03,915.65,919.7
12072,2021-01-18 09:55:00,916.7,916.7,916.7,916.7,75,5350,895.03,915.65,919.7
12073,2021-01-18 09:56:00,916.7,916.7,916.7,916.7,75,5350,895.03,915.65,919.7
12074,2021-01-18 09:57:00,916.7,916.7,916.7,916.7,75,5350,895.03,915.65,919.7
12075,2021-01-18 09:58:00,916.7,916.7,916.7,916.7,75,5350,895.03,915.65,919.7
12076,2021-01-18 09:59:00,870.2,870.2,870.2,870.2,25,5350,894.78,855.95,860.65
12077,2021-01-18 10:00:00,849.85,849.85,849.85,849.85,75,5325,893.49,867.4,871.4
12078,2021-01-18 10:01:00,849.85,849.85,849.85,849.85,75,5325,893.49,867.4,871.4
12079,2021-01-18 10:02:00,849.85,849.85,849.85,849.85,75,5325,893.49,867.4,871.4
12080,2021-01-18 10:03:00,849.85,849.85,849.85,849.85,75,5325,893.49,867.4,871.4
12081,2021-01-18 10:04:00,872.15,872.15,872.15,872.15,25,5275,893.28,874.8,879.1
12082,2021-01-18 10:05:00,872.15,872.15,872.15,872.15,25,5275,893.28,874.8,879.1
12083,2021-01-18 10:06:00,873.1,873.1,873.1,873.1,25,5300,893.09,866.8,870.85
12084,2021-01-18 10:07:00,873.1,873.1,873.1,873.1,25,5300,893.09,866.8,870.85
12085,2021-01-18 10:08:00,849.85,849.85,849.85,849.85,125,5300,891.14,842.2,847.15
12086,2021-01-18 10:09:00,849.85,849.85,849.85,849.85,125,5300,891.14,842.2,847.15
12087,2021-01-18 10:10:00,849.85,849.85,849.85,849.85,125,5300,891.14,842.2,847.15
12088,2021-01-18 10:11:00,868.5,868.5,868.5,868.5,25,5300,890.94,859.9,864.3
12089,2021-01-18 10:12:00,868.5,868.5,868.5,868.5,25,5300,890.94,859.9,864.3
12090,2021-01-18 10:13:00,868.5,868.5,868.5,868.5,25,5300,890.94,859.9,864.3
12091,2021-01-18 10:14:00,867.6,867.6,867.6,867.6,100,5450,890.14,859.95,864.0
12092,2021-01-18 10:15:00,851.4,851.4,851.4,851.4,25,5525,889.8,848.25,852.85
12093,2021-01-18 10:16:00,851.4,851.4,851.4,851.4,25,5525,889.8,848.25,852.85
12094,2021-01-18 10:17:00,851.4,851.4,851.4,851.4,25,5525,889.8,848.25,852.85
12095,2021-01-18 10:18:00,835.0,835.0,835.0,835.0,25,5550,889.34,842.8,847.8
12096,2021-01-18 10:19:00,835.0,835.0,835.0,835.0,25,5550,889.34,842.8,847.8
12097,2021-01-18 10:20:00,835.0,835.0,835.0,835.0,25,5550,889.34,842.8,847.8
12098,2021-01-18 10:21:00,860.55,860.55,860.55,860.55,100,5550,888.4,863.3,867.95
12099,2021-01-18 10:22:00,860.55,860.55,860.55,860.55,100,5550,888.4,863.3,867.95
12100,2021-01-18 10:23:00,860.55,860.55,860.55,860.55,100,5550,888.4,863.3,867.95
12101,2021-01-18 10:24:00,860.55,860.55,860.55,860.55,100,5550,888.4,863.3,867.95
12102,2021-01-18 10:25:00,835.0,849.75,835.0,849.75,175,5525,885.63,845.05,849.35
12103,2021-01-18 10:26:00,835.0,849.75,835.0,849.75,175,5525,885.63,845.05,849.35
12104,2021-01-18 10:27:00,839.2,839.2,827.35,827.35,200,5575,882.35,827.25,832.15
12105,2021-01-18 10:28:00,822.75,822.75,822.75,822.75,25,5575,881.92,826.6,832.5
12106,2021-01-18 10:29:00,822.75,822.75,822.75,822.75,25,5575,881.92,826.6,832.5
12107,2021-01-18 10:30:00,820.5,820.5,810.05,810.05,150,5650,879.0,820.6,824.85
12108,2021-01-18 10:31:00,820.5,820.5,810.05,810.05,150,5650,879.0,820.6,824.85
12109,2021-01-18 10:32:00,829.65,829.65,829.65,829.65,50,5650,878.32,823.0,827.8
12110,2021-01-18 10:33:00,829.65,829.65,829.65,829.65,50,5650,878.32,823.0,827.8
12111,2021-01-18 10:34:00,830.6,830.6,830.6,830.6,50,5675,877.68,831.1,835.3
12112,2021-01-18 10:35:00,830.6,830.6,830.6,830.6,50,5675,877.68,831.1,835.3
12113,2021-01-18 10:36:00,821.6,824.1,821.6,824.1,150,5525,875.51,817.0,825.3
12114,2021-01-18 10:37:00,823.15,823.15,823.15,823.15,75,5525,874.51,828.3,833.4
12115,2021-01-18 10:38:00,833.85,836.0,833.85,836.0,75,5575,873.77,835.7,840.7
12116,2021-01-18 10:39:00,840.0,840.0,840.0,840.0,25,5575,873.56,839.05,843.9
12117,2021-01-18 10:40:00,859.55,863.95,859.55,863.95,75,5575,873.33,854.55,859.75
12118,2021-01-18 10:41:00,859.55,863.95,859.55,863.95,75,5575,873.33,854.55,859.75
12119,2021-01-18 10:42:00,835.65,835.65,835.65,835.65,75,5400,872.66,832.6,837.2
12120,2021-01-18 10:43:00,840.35,840.35,840.35,840.35,75,5400,872.09,835.9,840.75
12121,2021-01-18 10:44:00,849.05,849.05,849.05,849.05,75,5350,871.69,850.75,854.95
12122,2021-01-18 10:45:00,849.05,849.05,849.05,849.05,75,5350,871.69,850.75,854.95
12123,2021-01-18 10:46:00,849.05,849.05,849.05,849.05,75,5350,871.69,850.75,854.95
12124,2021-01-18 10:47:00,849.05,849.05,849.05,849.05,75,5350,871.69,850.75,854.95
12125,2021-01-18 10:48:00,875.0,876.4,875.0,876.4,350,5325,871.27,863.1,867.3
12126,2021-01-18 10:49:00,859.35,859.35,859.35,859.35,25,5325,871.21,864.55,869.15
12127,2021-01-18 10:50:00,859.35,859.35,859.35,859.35,25,5325,871.21,864.55,869.15
12128,2021-01-18 10:51:00,838.9,838.9,838.9,838.9,25,5150,871.04,841.35,845.85
12129,2021-01-18 10:52:00,835.0,840.25,835.0,840.25,50,5150,870.69,842.2,845.85
12130,2021-01-18 10:53:00,849.3,849.3,849.3,849.3,25,5150,870.58,841.2,848.6
12131,2021-01-18 10:54:00,849.3,849.3,849.3,849.3,25,5150,870.58,841.2,848.6
12132,2021-01-18 10:55:00,836.65,836.65,836.65,836.65,25,5175,870.4,842.7,846.9
12133,2021-01-18 10:56:00,836.65,836.65,836.65,836.65,25,5175,870.4,842.7,846.9
12134,2021-01-18 10:57:00,818.25,826.35,818.25,826.35,450,5175,866.24,817.5,820.7
12135,2021-01-18 10:58:00,800.25,818.45,800.25,818.45,200,5175,864.06,811.95,815.4
12136,2021-01-18 10:59:00,811.4,811.4,811.4,811.4,50,5175,863.58,813.7,817.55
12137,2021-01-18 11:00:00,812.0,825.2,812.0,825.2,75,5325,862.95,813.55,817.55
12138,2021-01-18 11:01:00,802.0,802.0,787.95,788.0,275,5325,859.76,790.7,794.35
12139,2021-01-18 11:02:00,800.0,801.35,798.8,801.35,225,5325,857.55,807.2,811.5
12140,2021-01-18 11:03:00,805.0,805.0,805.0,805.0,75,5350,856.91,807.25,810.35
12141,2021-01-18 11:04:00,805.0,805.0,805.0,805.0,75,5350,856.91,807.25,810.35
12142,2021-01-18 11:05:00,816.95,816.95,816.95,816.95,50,5350,856.59,813.6,817.95
12143,2021-01-18 11:06:00,820.45,820.45,820.45,820.45,25,5400,856.45,824.4,828.9
12144,2021-01-18 11:07:00,820.45,820.45,820.45,820.45,25,5400,856.45,824.4,828.9
12145,2021-01-18 11:08:00,820.45,820.45,820.45,820.45,25,5400,856.45,824.4,828.9
12146,2021-01-18 11:09:00,819.0,819.0,819.0,819.0,25,5425,856.3,814.45,818.45
12147,2021-01-18 11:10:00,819.0,819.0,819.0,819.0,25,5425,856.3,814.45,818.45
12148,2021-01-18 11:11:00,819.0,819.0,819.0,819.0,25,5425,856.3,814.45,818.45
12149,2021-01-18 11:12:00,819.0,819.0,819.0,819.0,25,5425,856.3,814.45,818.45
12150,2021-01-18 11:13:00,825.75,825.75,825.75,825.75,125,5375,855.7,814.65,819.25
12151,2021-01-18 11:14:00,825.75,825.75,825.75,825.75,125,5375,855.7,814.65,819.25
12152,2021-01-18 11:15:00,827.8,827.8,827.8,827.8,50,5400,855.49,817.25,821.7
12153,2021-01-18 11:16:00,827.8,827.8,827.8,827.8,50,5400,855.49,817.25,821.7
12154,2021-01-18 11:17:00,821.0,821.0,821.0,821.0,25,5400,855.35,823.4,827.25
12155,2021-01-18 11:18:00,821.0,821.0,821.0,821.0,25,5400,855.35,823.4,827.25
12156,2021-01-18 11:19:00,810.2,810.2,810.2,810.2,25,5400,855.18,809.7,814.05
12157,2021-01-18 11:20:00,802.8,802.8,802.8,802.8,25,5400,854.98,798.9,803.35
12158,2021-01-18 11:21:00,805.1,805.1,805.1,805.1,50,5350,854.6,812.9,816.85
12159,2021-01-18 11:22:00,815.6,815.6,815.6,815.6,25,5350,854.45,812.05,815.4
12160,2021-01-18 11:23:00,815.6,815.6,815.6,815.6,25,5350,854.45,812.05,815.4
12161,2021-01-18 11:24:00,804.8,804.8,804.1,804.1,100,5425,853.7,797.3,800.75
12162,2021-01-18 11:25:00,804.8,804.8,804.1,804.1,100,5425,853.7,797.3,800.75
12163,2021-01-18 11:26:00,804.8,804.8,804.1,804.1,100,5425,853.7,797.3,800.75
12164,2021-01-18 11:27:00,804.8,804.8,804.1,804.1,100,5425,853.7,797.3,800.75
12165,2021-01-18 11:28:00,786.3,786.3,780.3,780.3,225,5425,851.58,778.15,782.55
12166,2021-01-18 11:29:00,766.15,770.75,765.55,770.75,650,5425,844.47,767.35,778.8
12167,2021-01-18 11:30:00,766.15,770.75,765.55,770.75,650,5425,844.47,767.35,778.8
12168,2021-01-18 11:31:00,766.15,770.75,765.55,770.75,650,5425,844.47,767.35,778.8
12169,2021-01-18 11:32:00,762.05,762.05,744.7,744.7,250,5575,841.72,744.35,756.5
12170,2021-01-18 11:33:00,760.7,760.7,760.7,760.7,50,5700,841.21,756.35,760.9
12171,2021-01-18 11:34:00,753.0,753.0,753.0,753.0,25,5700,840.93,750.25,758.35
12172,2021-01-18 11:35:00,728.2,735.0,728.2,735.0,200,5700,838.28,749.35,754.15
12173,2021-01-18 11:36:00,728.2,735.0,728.2,735.0,200,5700,838.28,749.35,754.15
12174,2021-01-18 11:37:00,728.2,735.0,728.2,735.0,200,5700,838.28,749.35,754.15
12175,2021-01-18 11:38:00,728.2,735.0,728.2,735.0,200,5700,838.28,749.35,754.15
12176,2021-01-18 11:39:00,728.2,735.0,728.2,735.0,200,5700,838.28,749.35,754.15
12177,2021-01-18 11:40:00,740.0,757.8,740.0,757.8,275,5775,835.43,751.7,760.5
12178,2021-01-18 11:41:00,755.05,760.0,755.05,757.4,100,5900,834.51,756.95,760.65
12179,2021-01-18 11:42:00,751.4,754.3,751.4,753.8,75,5900,833.8,750.6,754.95
12180,2021-01-18 11:43:00,750.0,750.0,713.25,713.25,575,5900,826.82,711.35,722.25
12181,2021-01-18 11:44:00,750.0,750.0,713.25,713.25,575,5900,826.82,711.35,722.25
12182,2021-01-18 11:45:00,683.6,693.65,674.4,688.0,400,6200,821.01,685.1,689.15
12183,2021-01-18 11:46:00,689.0,695.0,689.0,690.0,475,6200,814.81,689.7,693.7
12184,2021-01-18 11:47:00,694.9,694.9,688.0,693.9,300,6200,811.25,686.0,689.45
12185,2021-01-18 11:48:00,690.4,707.45,690.4,707.45,400,6650,807.04,703.6,707.45
12186,2021-01-18 11:49:00,706.45,709.9,701.05,708.8,500,6650,802.51,704.25,707.85
12187,2021-01-18 11:50:00,709.5,720.0,709.1,717.15,650,6650,797.71,712.1,716.2
12188,2021-01-18 11:51:00,715.35,716.65,709.6,715.0,225,7775,796.14,710.95,715.0
12189,2021-01-18 11:52:00,714.95,714.95,698.75,704.0,400,7775,793.25,701.6,705.5
12190,2021-01-18 11:53:00,707.7,710.8,705.05,705.05,200,7775,791.91,697.95,702.25
12191,2021-01-18 11:54:00,707.7,707.7,704.5,705.75,75,8275,791.4,699.8,703.75
12192,2021-01-18 11:55:00,705.3,705.3,705.0,705.0,325,8275,789.25,703.95,709.05
12193,2021-01-18 11:56:00,710.1,710.1,693.85,699.2,150,8275,788.27,693.2,697.0
12194,2021-01-18 11:57:00,690.15,694.55,690.15,694.55,75,8300,787.73,694.1,697.5
12195,2021-01-18 11:58:00,697.0,697.0,685.0,685.0,75,8300,787.17,680.75,688.85
12196,2021-01-18 11:59:00,670.0,681.35,654.8,664.85,1100,8300,778.38,660.65,668.6
12197,2021-01-18 12:00:00,664.2,669.55,655.35,668.8,450,8325,774.89,671.1,674.15
12198,2021-01-18 12:01:00,672.9,677.7,672.9,676.75,100,8325,774.23,674.95,678.95
12199,2021-01-18 12:02:00,681.35,685.75,676.75,676.75,950,8325,768.62,676.35,679.65
12200,2021-01-18 12:03:00,679.6,689.5,679.6,682.05,275,9100,767.18,682.05,686.0
12201,2021-01-18 12:04:00,680.0,680.0,670.0,670.0,125,9100,766.47,666.1,669.8
12202,2021-01-18 12:05:00,670.95,671.95,664.35,669.9,200,9100,765.29,671.7,675.35
12203,2021-01-18 12:06:00,685.95,685.95,684.3,684.3,75,9150,764.93,681.3,688.9
12204,2021-01-18 12:07:00,687.3,687.3,686.1,687.1,100,9150,764.46,685.0,687.1
12205,2021-01-18 12:08:00,689.55,689.55,684.7,686.1,125,9150,763.89,682.7,686.75
12206,2021-01-18 12:09:00,686.5,686.5,686.35,686.35,50,9350,763.66,681.95,684.95
12207,2021-01-18 12:10:00,689.4,699.95,687.15,693.0,1125,9350,759.29,690.9,695.05
12208,2021-01-18 12:11:00,688.0,695.55,688.0,695.55,50,9350,759.1,691.4,695.55
12209,2021-01-18 12:12:00,689.8,689.8,689.8,689.8,25,8975,759.01,695.25,699.2
12210,2021-01-18 12:13:00,697.4,700.5,697.4,700.5,150,8975,758.52,696.95,700.95
12211,2021-01-18 12:14:00,700.0,700.0,692.4,692.4,50,8975,758.35,688.1,692.0
12212,2021-01-18 12:15:00,686.75,700.0,686.75,700.0,225,9150,757.59,698.6,703.65
12213,2021-01-18 12:16:00,706.75,706.75,706.7,706.7,500,9150,756.22,698.35,701.25
12214,2021-01-18 12:17:00,704.05,707.7,702.2,702.2,75,9150,756.02,703.3,706.95
12215,2021-01-18 12:18:00,703.0,710.2,703.0,710.2,450,9300,754.95,701.4,705.05
12216,2021-01-18 12:19:00,700.85,702.95,698.3,698.3,150,9300,754.53,697.4,701.8
12217,2021-01-18 12:20:00,696.5,696.5,685.0,685.0,225,9300,753.83,684.25,688.15
12218,2021-01-18 12:21:00,684.85,693.1,678.9,693.1,350,8975,752.63,690.65,693.95
12219,2021-01-18 12:22:00,688.6,688.6,688.6,688.6,75,8975,752.4,685.35,688.55
12220,2021-01-18 12:23:00,683.3,683.3,679.6,680.2,125,8975,751.96,687.45,691.6
12221,2021-01-18 12:24:00,686.0,689.45,685.7,685.7,250,9000,751.17,685.0,688.7
12222,2021-01-18 12:25:00,680.0,680.0,678.65,678.65,150,9000,750.66,678.85,682.75
12223,2021-01-18 12:26:00,681.5,685.65,681.1,685.45,125,9000,750.25,681.75,685.45
12224,2021-01-18 12:27:00,679.6,683.0,679.0,679.0,200,9300,749.61,668.5,673.3
12225,2021-01-18 12:28:00,672.55,672.55,672.55,672.55,50,9300,749.43,666.05,670.25
12226,2021-01-18 12:29:00,666.6,672.25,666.6,672.25,150,9300,748.87,669.05,672.75
12227,2021-01-18 12:30:00,674.4,678.45,672.1,676.1,275,9500,747.93,680.1,683.95
12228,2021-01-18 12:31:00,684.0,684.0,678.25,678.25,175,9500,747.38,673.4,677.05
12229,2021-01-18 12:32:00,684.0,684.0,678.25,678.25,175,9500,747.38,673.4,677.05
12230,2021-01-18 12:33:00,671.15,671.15,655.6,656.3,650,9700,744.91,661.35,664.75
12231,2021-01-18 12:34:00,662.85,662.85,639.45,646.3,1125,9700,740.36,644.4,648.55
12232,2021-01-18 12:35:00,642.8,642.8,624.25,630.0,975,9700,736.09,632.2,636.1
12233,2021-01-18 12:36:00,634.0,637.0,622.35,623.9,250,10075,735.03,626.85,630.3
12234,2021-01-18 12:37:00,625.15,641.8,625.15,637.35,550,10075,732.88,635.05,639.5
12235,2021-01-18 12:38:00,637.4,654.8,635.9,654.8,250,10075,732.0,651.1,654.6
12236,2021-01-18 12:39:00,655.0,655.0,652.95,652.95,50,10325,731.85,655.65,659.2
12237,2021-01-18 12:40:00,652.1,666.95,652.1,662.0,1575,10325,727.82,662.0,664.85
12238,2021-01-18 12:41:00,671.4,678.05,671.4,678.05,350,10325,727.1,676.25,679.4
12239,2021-01-18 12:42:00,679.05,679.85,669.4,676.8,1400,10375,724.6,674.15,677.2
12240,2021-01-18 12:43:00,670.0,670.2,669.95,670.2,100,10375,724.42,669.55,672.45
12241,2021-01-18 12:44:00,674.0,676.9,672.75,672.75,125,10375,724.2,669.55,672.2
12242,2021-01-18 12:45:00,672.0,683.85,672.0,683.85,650,11200,723.28,682.6,686.2
12243,2021-01-18 12:46:00,684.25,687.6,682.65,687.6,550,11200,722.62,687.95,690.45
12244,2021-01-18 12:47:00,687.7,687.7,680.9,680.9,775,11200,721.67,678.6,682.35
12245,2021-01-18 12:48:00,669.95,681.05,669.95,681.05,1225,10625,719.87,679.4,682.55
12246,2021-01-18 12:49:00,678.4,678.4,678.0,678.0,50,10625,719.8,677.3,680.2
12247,2021-01-18 12:50:00,677.0,678.0,665.05,665.05,725,10625,718.83,670.3,672.95
12248,2021-01-18 12:51:00,677.0,678.0,665.05,665.05,725,10625,718.83,670.3,672.95
12249,2021-01-18 12:52:00,680.0,680.0,680.0,680.0,200,11475,718.6,681.5,684.0
12250,2021-01-18 12:53:00,680.15,681.8,674.2,674.2,175,11475,718.38,666.05,669.6
12251,2021-01-18 12:54:00,665.0,669.85,651.55,669.85,400,10900,717.73,665.35,670.4
12252,2021-01-18 12:55:00,670.0,676.5,670.0,676.5,575,10900,716.94,675.75,679.95
12253,2021-01-18 12:56:00,678.5,678.5,678.5,678.5,25,10900,716.91,675.5,679.4
12254,2021-01-18 12:57:00,675.6,687.9,675.6,687.9,100,11175,716.82,684.5,688.9
12255,2021-01-18 12:58:00,685.5,686.05,681.1,684.05,750,11175,716.1,677.4,681.55
12256,2021-01-18 12:59:00,677.5,684.65,677.5,680.0,675,11175,715.47,679.3,683.2
12257,2021-01-18 13:00:00,677.1,677.1,664.55,669.0,700,11750,714.54,669.45,672.75
12258,2021-01-18 13:01:00,669.2,669.2,665.1,665.1,175,11750,714.33,660.9,664.9
12259,2021-01-18 13:02:00,650.0,660.05,650.0,660.05,375,11750,713.7,665.75,670.75
12260,2021-01-18 13:03:00,673.45,673.45,673.45,673.45,25,11300,713.67,664.6,668.5
12261,2021-01-18 13:04:00,666.75,666.75,666.75,666.75,25,11300,713.64,653.95,658.85
12262,2021-01-18 13:05:00,666.75,666.75,666.75,666.75,25,11300,713.64,653.95,658.85
12263,2021-01-18 13:06:00,650.95,660.95,650.95,660.95,200,11375,713.32,663.3,667.2
12264,2021-01-18 13:07:00,661.6,661.6,661.6,661.6,25,11375,713.29,654.3,657.75
12265,2021-01-18 13:08:00,657.7,658.0,657.7,658.0,75,11375,713.18,651.05,654.55
12266,2021-01-18 13:09:00,656.75,656.75,648.75,648.75,1150,11400,711.34,653.15,657.3
12267,2021-01-18 13:10:00,656.55,660.0,651.0,651.95,900,11400,710.09,650.75,654.7
12268,2021-01-18 13:11:00,653.7,653.7,638.7,638.7,125,11400,709.89,640.8,644.9
12269,2021-01-18 13:12:00,644.2,649.2,644.2,649.2,75,11750,709.77,646.6,650.6
12270,2021-01-18 13:13:00,644.2,649.2,644.2,649.2,75,11750,709.77,646.6,650.6
12271,2021-01-18 13:14:00,644.2,649.2,644.2,649.2,75,11750,709.77,646.6,650.6
12272,2021-01-18 13:15:00,654.85,660.0,654.85,660.0,175,11850,709.54,657.5,662.85
12273,2021-01-18 13:16:00,665.1,668.5,661.95,668.5,125,11850,709.41,664.4,668.5
12274,2021-01-18 13:17:00,668.0,674.0,668.0,674.0,75,11850,709.34,672.0,675.55
12275,2021-01-18 13:18:00,670.0,670.0,670.0,670.0,25,11850,709.31,664.2,668.3
12276,2021-01-18 13:19:00,665.3,665.3,665.2,665.2,50,11900,709.26,669.85,674.85
12277,2021-01-18 13:20:00,667.45,667.45,667.45,667.45,25,11900,709.23,664.65,668.15
12278,2021-01-18 13:21:00,667.1,667.1,664.45,664.45,375,11900,708.83,667.95,671.55
12279,2021-01-18 13:22:00,671.35,673.65,671.35,673.65,75,11900,708.77,670.45,673.6
12280,2021-01-18 13:23:00,667.35,667.35,667.35,667.35,100,11900,708.67,661.9,665.3
12281,2021-01-18 13:24:00,661.25,661.25,657.05,658.55,1025,12075,707.45,658.05,661.65
12282,2021-01-18 13:25:00,649.7,654.75,649.7,652.55,250,12075,707.13,655.55,659.1
12283,2021-01-18 13:26:00,661.55,661.55,661.55,661.55,25,12075,707.1,660.95,664.05
12284,2021-01-18 13:27:00,664.0,667.9,659.3,667.9,150,12350,706.94,661.55,664.15
12285,2021-01-18 13:28:00,659.75,661.4,659.75,661.4,50,12350,706.89,664.75,668.85
12286,2021-01-18 13:29:00,670.0,670.0,667.3,667.3,225,12350,706.69,654.1,656.95
12287,2021-01-18 13:30:00,654.0,654.0,624.55,648.35,1725,12375,704.13,635.05,640.75
12288,2021-01-18 13:31:00,640.0,644.1,635.0,635.0,250,12375,703.78,636.5,640.5
12289,2021-01-18 13:32:00,643.5,651.1,643.5,650.0,275,12375,703.44,644.05,646.55
12290,2021-01-18 13:33:00,656.7,661.15,656.7,660.35,375,12575,703.07,654.0,657.9
12291,2021-01-18 13:34:00,653.35,673.45,653.35,673.45,250,12575,702.85,670.25,673.65
12292,2021-01-18 13:35:00,673.65,710.3,673.65,705.0,1225,12575,702.76,701.8,707.3
12293,2021-01-18 13:36:00,700.75,715.05,696.35,713.65,325,12700,702.8,718.45,724.45
12294,2021-01-18 13:37:00,721.65,721.65,698.2,698.2,250,12700,702.85,693.7,698.0
12295,2021-01-18 13:38:00,698.25,712.6,698.2,712.6,200,12700,702.85,709.15,713.95
12296,2021-01-18 13:39:00,712.0,720.0,707.9,720.0,125,12900,702.87,714.5,720.85
12297,2021-01-18 13:40:00,714.0,739.4,710.95,735.25,800,12900,703.26,729.3,736.05
12298,2021-01-18 13:41:00,725.05,736.45,723.0,736.45,225,12900,703.37,731.6,739.1
12299,2021-01-18 13:42:00,733.8,733.8,713.95,715.55,325,12575,703.5,716.3,720.75
12300,2021-01-18 13:43:00,714.5,715.85,701.75,701.75,125,12575,703.52,700.8,706.6
12301,2021-01-18 13:44:00,702.15,709.6,702.15,709.6,50,12575,703.52,709.6,712.9
12302,2021-01-18 13:45:00,709.6,709.6,709.6,709.6,50,12525,703.53,702.6,707.6
12303,2021-01-18 13:46:00,703.15,703.15,702.75,702.75,200,12525,703.53,697.1,702.8
12304,2021-01-18 13:47:00,718.0,718.0,709.45,709.45,50,12525,703.54,706.65,716.0
12305,2021-01-18 13:48:00,716.6,716.6,716.6,716.6,25,12650,703.54,715.05,720.9
12306,2021-01-18 13:49:00,721.9,721.9,721.9,721.9,25,12650,703.55,716.95,721.9
12307,2021-01-18 13:50:00,715.2,721.95,715.2,721.95,100,12650,703.58,722.7,727.35
12308,2021-01-18 13:51:00,733.8,745.0,733.8,745.0,100,12275,703.66,738.05,743.4
12309,2021-01-18 13:52:00,732.6,743.75,731.3,731.3,875,12275,704.16,728.75,733.05
12310,2021-01-18 13:53:00,728.05,733.0,728.05,733.0,50,12275,704.19,726.0,730.75
12311,2021-01-18 13:54:00,724.85,728.7,724.85,728.1,275,11775,704.31,725.4,729.8
12312,2021-01-18 13:55:00,717.7,717.7,708.6,716.95,325,11775,704.37,715.95,719.55
12313,2021-01-18 13:56:00,718.05,728.45,718.05,728.45,125,11775,704.42,721.65,726.95
12314,2021-01-18 13:57:00,721.9,722.6,721.9,722.6,50,11775,704.44,720.0,724.9
12315,2021-01-18 13:58:00,725.2,733.25,725.2,733.25,100,11775,704.48,727.8,733.45
12316,2021-01-18 13:59:00,734.55,734.55,731.45,731.45,50,11775,704.51,725.25,731.95
12317,2021-01-18 14:00:00,737.25,750.0,737.25,750.0,575,11700,704.9,744.15,752.2
12318,2021-01-18 14:01:00,740.15,740.15,740.15,740.15,25,11700,704.92,738.05,745.45
12319,2021-01-18 14:02:00,737.5,737.5,726.7,726.7,75,11700,704.96,726.3,731.9
12320,2021-01-18 14:03:00,719.45,720.0,719.45,720.0,75,11625,704.98,722.6,730.05
12321,2021-01-18 14:04:00,726.25,726.25,726.25,726.25,25,11625,704.99,733.55,739.95
12322,2021-01-18 14:05:00,726.25,726.25,726.25,726.25,25,11625,704.99,733.55,739.95
12323,2021-01-18 14:06:00,732.3,732.3,732.3,732.3,50,11225,705.01,732.25,739.2
12324,2021-01-18 14:07:00,740.0,740.0,740.0,740.0,350,11225,705.24,736.65,744.65
12325,2021-01-18 14:08:00,736.55,736.8,736.55,736.8,125,11225,705.32,737.75,743.8
12326,2021-01-18 14:09:00,736.55,736.8,736.55,736.8,125,11225,705.32,737.75,743.8
12327,2021-01-18 14:10:00,749.45,769.95,749.45,769.95,550,11100,705.84,759.9,766.75
12328,2021-01-18 14:11:00,768.55,768.55,758.4,758.4,900,11100,706.84,756.05,762.45
12329,2021-01-18 14:12:00,763.15,778.75,758.45,778.75,175,10650,707.02,777.3,785.7
12330,2021-01-18 14:13:00,780.0,780.0,780.0,780.0,150,10650,707.22,776.15,783.25
12331,2021-01-18 14:14:00,780.0,780.0,780.0,780.0,150,10650,707.22,776.15,783.25
12332,2021-01-18 14:15:00,780.0,790.0,766.15,766.15,200,10175,707.48,767.35,773.55
12333,2021-01-18 14:16:00,769.8,775.0,769.8,775.0,50,10175,707.54,771.1,777.25
12334,2021-01-18 14:17:00,766.65,766.65,766.65,766.65,25,10175,707.57,766.65,773.2
12335,2021-01-18 14:18:00,782.5,782.5,782.5,782.5,100,10175,707.71,778.75,784.45
12336,2021-01-18 14:19:00,784.55,787.95,783.4,783.4,100,10075,707.85,780.0,785.25
12337,2021-01-18 14:20:00,780.0,780.0,780.0,780.0,100,10075,707.98,771.6,779.4
12338,2021-01-18 14:21:00,780.0,780.0,770.85,771.3,225,10000,708.26,769.65,776.95
12339,2021-01-18 14:22:00,773.65,773.65,773.65,773.65,25,10000,708.29,764.65,770.05
12340,2021-01-18 14:23:00,771.0,771.0,760.45,760.45,125,10000,708.41,757.35,764.2
12341,2021-01-18 14:24:00,763.2,770.0,756.4,756.4,125,9975,708.54,753.0,758.0
12342,2021-01-18 14:25:00,740.45,740.45,740.45,740.45,50,9975,708.57,731.7,739.45
12343,2021-01-18 14:26:00,733.15,733.15,733.05,733.05,150,9975,708.63,730.2,733.15
12344,2021-01-18 14:27:00,733.15,745.85,733.15,745.85,150,9900,708.71,739.7,746.2
12345,2021-01-18 14:28:00,733.15,745.85,733.15,745.85,150,9900,708.71,739.7,746.2
12346,2021-01-18 14:29:00,731.0,731.0,728.0,728.0,50,9900,708.73,724.9,731.65
12347,2021-01-18 14:30:00,731.0,731.0,728.0,728.0,50,9900,708.73,724.9,731.65
12348,2021-01-18 14:31:00,702.15,702.15,702.15,702.15,475,9800,708.68,698.95,706.55
12349,2021-01-18 14:32:00,692.45,692.45,684.8,685.35,625,9800,708.49,690.45,699.95
12350,2021-01-18 14:33:00,690.0,695.0,690.0,695.0,75,9800,708.47,693.3,699.3
12351,2021-01-18 14:34:00,688.95,688.95,688.95,688.95,100,9600,708.43,689.8,695.8
12352,2021-01-18 14:35:00,680.0,680.0,680.0,680.0,50,9600,708.41,670.55,676.6
12353,2021-01-18 14:36:00,685.0,690.5,685.0,690.5,50,9575,708.39,686.9,694.1
12354,2021-01-18 14:37:00,689.0,689.0,686.7,686.7,125,9575,708.35,670.4,676.6
12355,2021-01-18 14:38:00,666.15,666.15,666.15,666.15,125,9575,708.26,676.7,684.25
12356,2021-01-18 14:39:00,666.15,666.15,666.15,666.15,125,9575,708.26,676.7,684.25
12357,2021-01-18 14:40:00,666.15,666.15,666.15,666.15,125,9575,708.26,676.7,684.25
12358,2021-01-18 14:41:00,667.8,680.0,667.8,680.0,175,9575,708.14,684.55,691.5
12359,2021-01-18 14:42:00,704.3,706.35,701.0,701.0,175,9475,708.13,695.25,700.95
12360,2021-01-18 14:43:00,699.0,699.0,699.0,699.0,50,9475,708.12,689.2,695.3
12361,2021-01-18 14:44:00,699.0,699.0,699.0,699.0,50,9475,708.12,689.2,695.3
12362,2021-01-18 14:45:00,699.6,699.6,691.45,691.45,150,9500,708.08,685.75,693.6
12363,2021-01-18 14:46:00,685.75,685.75,675.0,675.0,100,9500,708.04,669.6,677.45
12364,2021-01-18 14:47:00,655.35,655.35,650.4,650.4,200,9500,707.86,650.0,657.8
12365,2021-01-18 14:48:00,655.35,655.35,642.4,649.8,125,9500,707.74,643.05,649.6
12366,2021-01-18 14:49:00,648.75,658.85,648.75,658.85,100,9500,707.64,653.3,658.2
12367,2021-01-18 14:50:00,650.0,650.0,616.1,616.1,1175,9500,706.2,614.1,620.85
12368,2021-01-18 14:51:00,623.1,628.95,618.1,627.2,225,9800,705.9,624.75,629.95
12369,2021-01-18 14:52:00,627.3,632.35,625.0,632.35,275,9800,705.55,624.8,631.7
12370,2021-01-18 14:53:00,626.95,635.45,626.95,631.0,125,9800,705.4,627.85,635.0
12371,2021-01-18 14:54:00,625.0,625.0,618.1,618.1,125,10050,705.22,616.0,619.8
12372,2021-01-18 14:55:00,616.0,620.35,611.75,620.35,625,10050,704.3,616.35,621.9
12373,2021-01-18 14:56:00,628.15,628.15,628.0,628.0,50,10050,704.24,628.0,630.9
12374,2021-01-18 14:57:00,629.0,635.6,621.0,635.6,475,10350,703.68,627.45,635.6
12375,2021-01-18 14:58:00,634.85,641.75,630.0,630.0,275,10350,703.39,627.25,632.65
12376,2021-01-18 14:59:00,639.45,648.2,639.45,643.7,100,10350,703.3,636.4,645.1
12377,2021-01-18 15:00:00,641.45,641.45,627.05,641.25,275,10600,702.98,633.8,641.3
12378,2021-01-18 15:01:00,631.2,642.0,631.2,634.85,150,10600,702.82,637.9,644.25
12379,2021-01-18 15:02:00,642.5,642.5,642.5,642.5,25,10600,702.8,637.6,643.35
12380,2021-01-18 15:03:00,643.85,652.65,643.85,649.95,225,10450,702.61,643.05,650.95
12381,2021-01-18 15:04:00,650.0,660.15,650.0,660.15,625,10450,702.15,654.35,660.1
12382,2021-01-18 15:05:00,652.35,652.35,640.95,640.95,175,10450,702.01,644.7,650.0
12383,2021-01-18 15:06:00,650.0,654.1,640.0,640.0,300,10450,701.75,638.75,645.6
12384,2021-01-18 15:07:00,644.95,645.0,644.95,645.0,125,10650,701.63,645.0,648.75
12385,2021-01-18 15:08:00,645.0,645.0,645.0,645.0,125,10650,701.53,638.05,645.95
12386,2021-01-18 15:09:00,645.0,645.0,645.0,645.0,225,10650,701.33,635.6,644.3
12387,2021-01-18 15:10:00,635.0,635.0,630.1,630.1,125,10875,701.19,623.8,633.45
12388,2021-01-18 15:11:00,622.0,627.6,618.2,618.2,200,10875,700.96,617.35,623.95
12389,2021-01-18 15:12:00,619.95,627.85,618.0,618.0,400,11125,700.46,618.0,623.45
12390,2021-01-18 15:13:00,618.0,622.75,618.0,621.45,350,11125,700.03,614.9,621.6
12391,2021-01-18 15:14:00,612.5,619.3,601.0,601.0,375,11125,699.52,604.35,611.65
12392,2021-01-18 15:15:00,615.45,623.0,615.45,622.8,175,11750,699.31,618.05,622.85
12393,2021-01-18 15:16:00,622.2,622.2,612.8,612.8,150,11750,699.12,610.75,617.95
12394,2021-01-18 15:17:00,610.75,613.15,603.6,605.1,450,11750,698.51,606.2,612.35
12395,2021-01-18 15:18:00,612.85,612.85,594.05,600.0,525,12150,697.74,594.15,599.8
12396,2021-01-18 15:19:00,596.5,599.75,596.5,599.75,125,12150,697.56,587.9,592.35
12397,2021-01-18 15:20:00,585.75,585.75,565.8,569.1,325,12150,696.97,564.05,569.95
12398,2021-01-18 15:21:00,570.15,570.15,560.15,560.2,200,12200,696.58,554.3,561.4
12399,2021-01-18 15:22:00,555.5,561.95,548.45,560.0,625,12200,695.28,552.0,557.1
12400,2021-01-18 15:23:00,550.4,559.95,550.3,550.3,375,12200,694.51,545.65,551.9
12401,2021-01-18 15:24:00,547.65,548.8,541.25,541.25,125,12650,694.24,538.8,546.65
12402,2021-01-18 15:25:00,541.25,550.1,540.85,540.85,125,12650,693.97,531.85,536.9
12403,2021-01-18 15:26:00,531.45,532.25,530.45,532.25,150,12650,693.62,523.85,532.05
12404,2021-01-18 15:27:00,526.85,529.15,523.0,528.4,250,12650,693.02,525.8,532.1
12405,2021-01-18 15:28:00,529.9,529.9,521.35,522.75,375,12550,692.11,521.0,523.1
12406,2021-01-18 15:29:00,529.9,529.9,521.35,522.75,375,12550,692.11,521.0,523.1
12407,2021-01-18 15:30:00,521.0,522.75,514.2,515.65,375,12550,691.19,515.5,522.7
12408,2021-01-19 09:15:00,611.95,648.55,611.25,641.0,1425,12225,627.22,641.0,650.75
12409,2021-01-19 09:16:00,647.1,675.0,643.95,675.0,825,12225,637.44,668.05,677.1
12410,2021-01-19 09:17:00,675.0,680.4,667.7,674.0,425,11950,643.36,668.9,673.6
12411,2021-01-19 09:18:00,673.15,674.0,640.0,640.0,1000,11950,647.09,638.1,646.6
12412,2021-01-19 09:19:00,648.0,664.85,648.0,654.95,475,11950,648.12,655.4,663.1
12413,2021-01-19 09:20:00,663.15,685.0,663.15,685.0,450,11700,650.54,679.65,685.85
12414,2021-01-19 09:21:00,679.6,679.6,640.0,640.0,175,11700,650.77,633.7,640.2
12415,2021-01-19 09:22:00,635.0,656.5,623.3,652.75,250,11700,650.26,656.0,663.4
12416,2021-01-19 09:23:00,654.85,654.9,650.0,654.9,325,11675,650.33,648.7,654.9
12417,2021-01-19 09:24:00,650.1,669.35,650.1,662.85,725,11675,652.0,662.25,669.2
12418,2021-01-19 09:25:00,662.1,669.0,660.1,669.0,200,11675,652.35,664.7,670.7
12419,2021-01-19 09:26:00,672.0,680.0,672.0,680.0,175,11550,652.98,677.35,682.75
12420,2021-01-19 09:27:00,684.0,696.65,684.0,685.0,425,11550,655.29,682.9,688.7
12421,2021-01-19 09:28:00,688.35,688.35,675.75,678.85,300,11550,656.45,669.25,675.8
12422,2021-01-19 09:29:00,676.2,689.25,676.2,687.3,225,11175,657.23,688.9,693.9
12423,2021-01-19 09:30:00,693.95,700.0,681.7,682.45,575,11175,660.05,676.45,682.8
12424,2021-01-19 09:31:00,690.9,691.0,690.25,691.0,75,11175,660.33,684.45,688.9
12425,2021-01-19 09:32:00,684.0,684.0,684.0,684.0,25,11175,660.41,676.0,682.05
12426,2021-01-19 09:33:00,674.3,675.3,674.0,675.3,100,11500,660.58,671.25,677.95
12427,2021-01-19 09:34:00,676.75,676.75,670.0,670.0,50,11500,660.66,661.15,667.45
12428,2021-01-19 09:35:00,665.7,670.0,659.15,659.15,125,11575,660.74,655.0,659.7
12429,2021-01-19 09:36:00,657.85,661.2,655.5,661.2,425,11575,660.66,654.4,660.65
12430,2021-01-19 09:37:00,655.45,655.45,639.85,650.0,300,11575,660.21,646.65,650.0
12431,2021-01-19 09:38:00,650.0,654.9,650.0,652.2,375,11950,659.87,633.0,640.85
12432,2021-01-19 09:39:00,633.55,649.15,633.55,649.15,125,11950,659.59,642.45,648.05
12433,2021-01-19 09:40:00,635.0,640.35,630.1,640.35,250,11950,658.93,633.3,640.4
12434,2021-01-19 09:41:00,639.85,640.45,639.85,640.45,50,12125,658.83,635.15,638.0
12435,2021-01-19 09:42:00,638.0,649.0,638.0,646.55,325,12125,658.35,642.9,646.55
12436,2021-01-19 09:43:00,646.55,657.8,645.7,645.7,450,12125,658.12,637.2,643.15
12437,2021-01-19 09:44:00,630.0,630.0,630.0,630.0,25,12175,658.06,623.45,628.85
12438,2021-01-19 09:45:00,620.0,620.0,596.25,596.25,650,12175,655.76,605.55,610.0
12439,2021-01-19 09:46:00,612.6,612.6,602.05,602.05,175,12175,655.03,602.05,606.5
12440,2021-01-19 09:47:00,604.1,617.4,604.1,617.4,625,12600,652.66,611.35,618.05
12441,2021-01-19 09:48:00,612.4,628.5,612.4,622.9,275,12600,652.0,629.15,634.45
12442,2021-01-19 09:49:00,634.7,638.2,629.0,629.0,275,12600,651.61,631.8,635.0
12443,2021-01-19 09:50:00,635.0,637.85,628.55,628.55,100,12775,651.47,625.4,629.8
12444,2021-01-19 09:51:00,625.3,642.0,625.3,642.0,525,12775,650.83,638.35,644.3
12445,2021-01-19 09:52:00,644.45,650.0,643.3,643.95,475,12775,650.63,637.85,643.2
12446,2021-01-19 09:53:00,642.35,642.35,642.35,642.35,25,12775,650.62,639.3,644.15
12447,2021-01-19 09:54:00,641.2,645.0,641.2,645.0,75,13225,650.57,640.85,647.25
12448,2021-01-19 09:55:00,646.9,652.6,646.9,652.1,625,13225,650.62,646.05,651.5
12449,2021-01-19 09:56:00,638.1,638.1,637.1,637.1,200,13625,650.44,634.25,639.35
12450,2021-01-19 09:57:00,632.1,633.45,632.0,633.45,200,13625,650.19,630.05,635.85
12451,2021-01-19 09:58:00,638.8,645.15,638.8,645.15,75,13625,650.14,640.6,645.9
12452,2021-01-19 09:59:00,639.1,648.4,639.0,648.4,950,14050,649.54,643.95,648.6
12453,2021-01-19 10:00:00,650.0,653.4,646.65,646.65,950,14050,649.57,646.4,650.95
12454,2021-01-19 10:01:00,651.0,652.0,651.0,652.0,125,14050,649.58,645.0,648.65
12455,2021-01-19 10:02:00,648.7,663.5,648.7,655.75,600,13600,649.81,655.65,660.3
12456,2021-01-19 10:03:00,663.5,668.15,663.5,668.1,225,13600,650.01,662.05,667.05
12457,2021-01-19 10:04:00,667.25,667.25,659.3,659.3,150,13600,650.1,662.3,667.55
12458,2021-01-19 10:05:00,667.75,668.15,660.4,660.4,350,13175,650.43,656.6,659.75
12459,2021-01-19 10:06:00,656.6,656.6,656.6,656.6,25,13175,650.44,655.4,659.35
12460,2021-01-19 10:07:00,655.8,655.8,650.5,650.5,175,13175,650.46,652.35,658.05
12461,2021-01-19 10:08:00,650.5,650.5,650.5,650.5,25,12650,650.46,648.25,653.05
12462,2021-01-19 10:09:00,650.5,650.5,650.5,650.5,25,12650,650.46,648.25,653.05
12463,2021-01-19 10:10:00,668.6,668.7,661.75,668.7,175,12650,650.62,663.3,670.1
12464,2021-01-19 10:11:00,669.1,669.1,669.1,669.1,25,12650,650.64,669.35,675.6
12465,2021-01-19 10:12:00,665.4,679.0,665.4,679.0,150,12650,650.83,674.25,680.7
12466,2021-01-19 10:13:00,685.0,685.0,681.05,683.9,350,12650,651.43,681.6,686.35
12467,2021-01-19 10:14:00,681.6,682.7,673.0,680.3,175,12650,651.68,678.35,683.45
12468,2021-01-19 10:15:00,682.4,685.85,682.2,685.85,150,12200,651.92,686.15,691.5
12469,2021-01-19 10:16:00,700.0,702.55,700.0,702.55,150,12200,652.29,698.95,704.4
12470,2021-01-19 10:17:00,698.1,698.1,682.0,682.0,125,12125,652.52,682.0,687.15
12471,2021-01-19 10:18:00,690.9,690.9,690.9,690.9,25,12125,652.57,684.25,688.9
12472,2021-01-19 10:19:00,690.9,690.9,684.05,684.05,50,12125,652.66,684.05,688.45
12473,2021-01-19 10:20:00,690.9,690.9,684.05,684.05,50,12125,652.66,684.05,688.45
12474,2021-01-19 10:21:00,684.0,684.0,684.0,684.0,100,12075,652.81,680.35,686.25
12475,2021-01-19 10:22:00,684.0,684.0,684.0,684.0,100,12075,652.81,680.35,686.25
12476,2021-01-19 10:23:00,694.7,694.7,680.75,680.75,300,12075,653.25,685.9,691.55
12477,2021-01-19 10:24:00,690.85,703.05,690.85,703.05,150,11850,653.57,691.2,697.35
12478,2021-01-19 10:25:00,698.5,707.05,698.5,707.05,125,11850,653.86,694.9,699.9
12479,2021-01-19 10:26:00,694.9,698.3,681.0,682.3,225,11825,654.2,675.55,681.55
12480,2021-01-19 10:27:00,678.5,688.6,678.5,688.6,50,11825,654.27,684.7,691.5
12481,2021-01-19 10:28:00,693.65,693.65,692.3,692.3,50,11825,654.36,685.95,692.05
12482,2021-01-19 10:29:00,688.05,709.95,682.15,709.95,200,11750,654.75,703.3,709.95
12483,2021-01-19 10:30:00,713.3,713.3,707.35,707.35,425,11750,655.85,705.45,710.7
12484,2021-01-19 10:31:00,707.65,707.65,700.65,701.45,225,11750,656.35,705.05,709.75
12485,2021-01-19 10:32:00,709.35,709.35,709.35,709.35,25,11750,656.41,699.45,704.4
12486,2021-01-19 10:33:00,699.85,705.05,699.85,705.05,75,11225,656.57,702.55,708.55
12487,2021-01-19 10:34:00,700.35,701.7,698.05,701.7,125,11225,656.81,697.7,702.6
12488,2021-01-19 10:35:00,699.85,702.35,697.7,702.0,525,11075,657.82,698.7,702.85
12489,2021-01-19 10:36:00,699.35,699.35,692.4,697.0,375,11075,658.41,694.9,699.75
12490,2021-01-19 10:37:00,698.85,701.25,696.45,701.2,150,11075,658.68,700.3,705.55
12491,2021-01-19 10:38:00,696.3,696.3,690.6,692.35,150,10400,658.9,689.8,694.1
12492,2021-01-19 10:39:00,688.25,688.25,682.9,682.9,150,10400,659.08,694.5,699.65
12493,2021-01-19 10:40:00,696.85,696.85,696.85,696.85,100,10400,659.24,690.05,696.1
12494,2021-01-19 10:41:00,696.85,696.85,696.85,696.85,25,10400,659.28,682.8,689.7
12495,2021-01-19 10:42:00,684.55,684.55,684.55,684.55,25,10275,659.3,690.3,696.15
12496,2021-01-19 10:43:00,694.25,694.25,694.25,694.25,25,10275,659.34,691.4,698.25
12497,2021-01-19 10:44:00,690.0,690.0,690.0,690.0,25,10275,659.37,692.2,698.6
12498,2021-01-19 10:45:00,702.0,707.5,702.0,707.5,50,10300,659.47,689.2,694.25
12499,2021-01-19 10:46:00,691.0,696.55,691.0,696.55,50,10300,659.54,693.45,699.2
12500,2021-01-19 10:47:00,699.2,699.2,699.2,699.2,25,10300,659.58,688.85,694.8
12501,2021-01-19 10:48:00,699.2,699.2,699.2,699.2,25,10300,659.58,688.85,694.8
12502,2021-01-19 10:49:00,695.2,699.85,695.2,699.8,75,10275,659.71,697.3,703.4
12503,2021-01-19 10:50:00,705.2,705.2,704.9,704.9,75,10350,659.85,699.9,704.9
12504,2021-01-19 10:51:00,695.05,701.65,695.05,701.65,75,10350,659.97,689.85,696.35
12505,2021-01-19 10:52:00,692.0,692.0,683.55,683.55,100,10350,660.08,682.5,688.0
12506,2021-01-19 10:53:00,678.45,678.45,678.45,678.45,200,10350,660.23,680.05,684.95
12507,2021-01-19 10:54:00,679.0,679.0,679.0,679.0,50,10400,660.27,679.2,684.55
12508,2021-01-19 10:55:00,679.0,679.0,679.0,679.0,50,10400,660.27,679.2,684.55
12509,2021-01-19 10:56:00,688.0,690.15,688.0,690.15,150,10400,660.45,692.1,699.1
12510,2021-01-19 10:57:00,688.0,690.15,688.0,690.15,150,10400,660.45,692.1,699.1
12511,2021-01-19 10:58:00,690.95,690.95,679.75,679.75,225,10275,660.69,675.4,682.15
12512,2021-01-19 10:59:00,690.95,690.95,679.75,679.75,225,10275,660.69,675.4,682.15
12513,2021-01-19 11:00:00,690.0,690.0,685.0,685.0,50,10325,660.74,679.75,685.95
12514,2021-01-19 11:01:00,677.95,677.95,677.95,677.95,50,10325,660.78,673.8,680.15
12515,2021-01-19 11:02:00,665.0,678.4,665.0,674.5,175,10325,660.87,674.5,679.5
12516,2021-01-19 11:03:00,678.0,678.0,675.65,675.65,50,10450,660.9,677.75,684.75
12517,2021-01-19 11:04:00,678.0,678.0,675.65,675.65,50,10450,660.9,677.75,684.75
12518,2021-01-19 11:05:00,678.0,678.0,675.65,675.65,50,10450,660.9,677.75,684.75
12519,2021-01-19 11:06:00,678.0,678.0,675.65,675.65,50,10450,660.9,677.75,684.75
12520,2021-01-19 11:07:00,678.0,678.0,675.65,675.65,50,10450,660.9,677.75,684.75
12521,2021-01-19 11:08:00,678.0,678.0,675.65,675.65,50,10450,660.9,677.75,684.75
12522,2021-01-19 11:09:00,666.9,666.9,666.9,666.9,50,10450,660.91,668.3,674.15
12523,2021-01-19 11:10:00,675.65,675.65,674.5,674.5,50,10450,660.94,670.65,676.55
12524,2021-01-19 11:11:00,671.0,671.0,671.0,671.0,25,10450,660.95,670.0,676.25
12525,2021-01-19 11:12:00,670.0,673.3,665.9,665.9,175,10325,661.02,663.55,670.7
12526,2021-01-19 11:13:00,670.0,673.3,665.9,665.9,175,10325,661.02,663.55,670.7
12527,2021-01-19 11:14:00,660.0,660.0,650.0,655.5,275,10325,660.96,651.2,656.05
12528,2021-01-19 11:15:00,654.5,664.0,654.5,664.0,350,10425,660.96,666.5,672.75
12529,2021-01-19 11:16:00,671.0,671.0,671.0,671.0,25,10425,660.97,668.6,674.05
12530,2021-01-19 11:17:00,671.0,671.0,671.0,671.0,25,10425,660.97,668.6,674.05
12531,2021-01-19 11:18:00,671.0,671.0,671.0,671.0,25,10425,660.97,668.6,674.05
12532,2021-01-19 11:19:00,671.0,671.0,671.0,671.0,25,10425,660.97,668.6,674.05
12533,2021-01-19 11:20:00,670.95,671.05,670.95,671.05,75,10475,661.0,674.15,681.2
12534,2021-01-19 11:21:00,680.0,680.0,680.0,680.0,100,10450,661.07,671.2,676.6
12535,2021-01-19 11:22:00,671.0,674.0,671.0,674.0,50,10450,661.09,675.2,679.95
12536,2021-01-19 11:23:00,671.0,674.0,671.0,674.0,50,10450,661.09,675.2,679.95
12537,2021-01-19 11:24:00,671.0,674.0,671.0,674.0,50,10450,661.09,675.2,679.95
12538,2021-01-19 11:25:00,671.0,674.0,671.0,674.0,50,10450,661.09,675.2,679.95
12539,2021-01-19 11:26:00,671.0,674.0,671.0,674.0,50,10450,661.09,675.2,679.95
12540,2021-01-19 11:27:00,671.0,674.0,671.0,674.0,50,10450,661.09,675.2,679.95
12541,2021-01-19 11:28:00,680.0,680.0,680.0,680.0,25,10525,661.11,677.7,683.45
12542,2021-01-19 11:29:00,675.65,675.65,675.65,675.65,50,10525,661.14,674.75,679.9
12543,2021-01-19 11:30:00,675.65,675.65,675.65,675.65,100,10500,661.19,681.05,686.65
12544,2021-01-19 11:31:00,675.65,675.65,675.65,675.65,100,10500,661.19,681.05,686.65
12545,2021-01-19 11:32:00,675.65,675.65,675.65,675.65,100,10500,661.19,681.05,686.65
12546,2021-01-19 11:33:00,675.65,675.65,675.65,675.65,100,10500,661.19,681.05,686.65
12547,2021-01-19 11:34:00,677.45,677.45,677.45,677.45,25,10600,661.21,676.6,683.05
12548,2021-01-19 11:35:00,677.45,677.45,677.45,677.45,25,10600,661.21,676.6,683.05
12549,2021-01-19 11:36:00,677.45,677.45,677.45,677.45,25,10600,661.21,676.6,683.05
12550,2021-01-19 11:37:00,680.0,680.0,680.0,680.0,150,10625,661.31,676.3,682.55
12551,2021-01-19 11:38:00,676.0,676.0,676.0,676.0,25,10700,661.33,672.9,677.75
12552,2021-01-19 11:39:00,674.75,674.75,674.75,674.75,25,10700,661.34,672.35,677.75
12553,2021-01-19 11:40:00,673.3,673.3,673.3,673.3,25,10700,661.35,671.1,676.95
12554,2021-01-19 11:41:00,671.0,671.0,670.0,670.0,550,10700,661.53,669.15,676.55
12555,2021-01-19 11:42:00,671.0,671.0,670.0,670.0,550,10700,661.53,669.15,676.55
12556,2021-01-19 11:43:00,671.0,671.0,670.0,670.0,550,10700,661.53,669.15,676.55
12557,2021-01-19 11:44:00,671.0,671.0,670.0,670.0,550,10700,661.53,669.15,676.55
12558,2021-01-19 11:45:00,671.0,671.0,670.0,670.0,550,10700,661.53,669.15,676.55
12559,2021-01-19 11:46:00,689.25,693.45,689.25,693.45,100,10625,661.64,695.3,700.8
12560,2021-01-19 11:47:00,700.95,720.0,700.95,716.45,725,10625,662.91,706.8,712.35
12561,2021-01-19 11:48:00,723.35,729.95,720.45,722.8,300,10150,663.57,720.5,726.7
12562,2021-01-19 11:49:00,722.15,725.0,717.0,725.0,125,10150,663.82,720.9,725.0
12563,2021-01-19 11:50:00,725.0,738.3,725.0,734.4,425,10150,664.79,727.9,732.4
12564,2021-01-19 11:51:00,725.3,725.3,720.95,720.95,75,10125,664.95,723.0,728.45
12565,2021-01-19 11:52:00,727.0,727.0,727.0,727.0,100,10125,665.16,728.8,734.25
12566,2021-01-19 11:53:00,730.0,735.0,730.0,735.0,75,10125,665.34,730.0,734.4
12567,2021-01-19 11:54:00,736.7,736.7,734.45,734.45,75,9950,665.52,730.45,736.5
12568,2021-01-19 11:55:00,730.0,730.0,726.65,726.65,75,9950,665.68,722.95,725.7
12569,2021-01-19 11:56:00,725.7,725.7,716.45,716.45,75,9950,665.83,716.55,721.0
12570,2021-01-19 11:57:00,716.55,716.55,715.0,715.0,75,9525,665.95,717.6,722.4
12571,2021-01-19 11:58:00,718.1,718.1,718.1,718.1,50,9525,666.04,713.45,718.1
12572,2021-01-19 11:59:00,718.0,718.0,715.7,715.7,50,9525,666.13,715.15,721.25
12573,2021-01-19 12:00:00,718.8,718.85,718.8,718.85,125,9400,666.35,711.3,716.45
12574,2021-01-19 12:01:00,718.8,718.85,718.8,718.85,125,9400,666.35,711.3,716.45
12575,2021-01-19 12:02:00,726.2,726.2,726.2,726.2,25,9400,666.4,727.0,733.6
12576,2021-01-19 12:03:00,726.2,726.2,726.2,726.2,25,9400,666.4,727.0,733.6
12577,2021-01-19 12:04:00,726.2,726.2,726.2,726.2,25,9400,666.4,727.0,733.6
12578,2021-01-19 12:05:00,726.0,726.0,726.0,726.0,50,9400,666.5,733.65,737.8
12579,2021-01-19 12:06:00,746.15,747.55,744.95,747.55,200,9325,667.01,739.8,744.8
12580,2021-01-19 12:07:00,743.6,743.6,739.1,739.1,100,9325,667.26,738.55,743.85
12581,2021-01-19 12:08:00,743.6,743.6,739.1,739.1,100,9325,667.26,738.55,743.85
12582,2021-01-19 12:09:00,740.0,760.0,740.0,759.85,175,9250,667.76,757.2,762.75
12583,2021-01-19 12:10:00,765.0,773.85,762.75,762.75,225,9250,668.52,763.35,769.85
12584,2021-01-19 12:11:00,756.25,756.25,752.65,752.65,125,9250,668.87,752.0,758.35
12585,2021-01-19 12:12:00,753.95,753.95,753.95,753.95,75,9075,669.08,754.05,759.95
12586,2021-01-19 12:13:00,753.0,757.5,752.1,752.95,100,9075,669.36,751.9,755.8
12587,2021-01-19 12:14:00,757.9,762.85,757.9,762.85,75,9075,669.58,759.2,764.55
12588,2021-01-19 12:15:00,757.9,762.85,757.9,762.85,75,9075,669.58,759.2,764.55
12589,2021-01-19 12:16:00,751.9,751.9,750.0,750.0,50,8925,669.71,745.55,751.85
12590,2021-01-19 12:17:00,751.9,751.9,750.0,750.0,50,8925,669.71,745.55,751.85
12591,2021-01-19 12:18:00,744.4,744.4,744.4,744.4,25,8950,669.77,740.45,746.45
12592,2021-01-19 12:19:00,744.4,744.4,744.4,744.4,25,8950,669.77,740.45,746.45
12593,2021-01-19 12:20:00,726.6,740.9,726.6,740.9,175,8950,670.14,739.25,744.8
12594,2021-01-19 12:21:00,726.6,740.9,726.6,740.9,175,8950,670.14,739.25,744.8
12595,2021-01-19 12:22:00,726.6,740.9,726.6,740.9,175,8950,670.14,739.25,744.8
12596,2021-01-19 12:23:00,726.6,740.9,726.6,740.9,175,8950,670.14,739.25,744.8
12597,2021-01-19 12:24:00,726.6,740.9,726.6,740.9,175,8950,670.14,739.25,744.8
12598,2021-01-19 12:25:00,726.6,740.9,726.6,740.9,175,8950,670.14,739.25,744.8
12599,2021-01-19 12:26:00,726.6,740.9,726.6,740.9,175,8950,670.14,739.25,744.8
12600,2021-01-19 12:27:00,726.6,740.9,726.6,740.9,175,8950,670.14,739.25,744.8
12601,2021-01-19 12:28:00,726.6,740.9,726.6,740.9,175,8950,670.14,739.25,744.8
12602,2021-01-19 12:29:00,726.6,740.9,726.6,740.9,175,8950,670.14,739.25,744.8
12603,2021-01-19 12:30:00,726.6,740.9,726.6,740.9,175,8950,670.14,739.25,744.8
12604,2021-01-19 12:31:00,764.15,764.15,764.15,764.15,25,8825,670.22,761.75,767.65
12605,2021-01-19 12:32:00,777.75,779.0,774.4,774.4,175,8825,670.81,773.25,777.85
12606,2021-01-19 12:33:00,777.75,779.0,774.4,774.4,175,8825,670.81,773.25,777.85
12607,2021-01-19 12:34:00,765.15,765.15,765.15,765.15,25,8775,670.88,763.95,769.6
12608,2021-01-19 12:35:00,765.15,765.15,765.15,765.15,25,8775,670.88,763.95,769.6
12609,2021-01-19 12:36:00,763.2,765.0,763.2,765.0,50,8750,671.03,759.05,765.55
12610,2021-01-19 12:37:00,763.2,765.0,763.2,765.0,50,8750,671.03,759.05,765.55
12611,2021-01-19 12:38:00,763.2,765.0,763.2,765.0,50,8750,671.03,759.05,765.55
12612,2021-01-19 12:39:00,763.2,765.0,763.2,765.0,50,8750,671.03,759.05,765.55
12613,2021-01-19 12:40:00,755.55,755.55,755.55,755.55,25,8800,671.1,752.2,758.05
12614,2021-01-19 12:41:00,755.55,755.55,755.55,755.55,25,8800,671.1,752.2,758.05
12615,2021-01-19 12:42:00,761.75,761.75,761.75,761.75,25,8725,671.17,759.35,765.75
12616,2021-01-19 12:43:00,757.25,759.95,757.25,759.95,50,8725,671.31,756.95,762.65
12617,2021-01-19 12:44:00,757.55,760.6,757.55,760.6,50,8725,671.45,756.0,760.85
12618,2021-01-19 12:45:00,757.55,760.6,757.55,760.6,50,8725,671.45,756.0,760.85
12619,2021-01-19 12:46:00,745.0,749.5,745.0,749.5,125,8675,671.76,740.85,746.0
12620,2021-01-19 12:47:00,741.5,745.5,741.5,745.5,200,8675,672.21,741.05,746.15
12621,2021-01-19 12:48:00,741.5,745.5,741.5,745.5,200,8675,672.21,741.05,746.15
12622,2021-01-19 12:49:00,745.5,745.5,745.5,745.5,25,8800,672.27,745.25,747.0
12623,2021-01-19 12:50:00,751.95,751.95,751.95,751.95,25,8800,672.33,750.35,755.15
12624,2021-01-19 12:51:00,751.95,751.95,751.95,751.95,25,8800,672.33,750.35,755.15
12625,2021-01-19 12:52:00,724.85,724.85,724.85,724.85,125,8850,672.55,722.3,728.75
12626,2021-01-19 12:53:00,724.85,724.85,724.85,724.85,125,8850,672.55,722.3,728.75
12627,2021-01-19 12:54:00,724.85,724.85,724.85,724.85,125,8850,672.55,722.3,728.75
12628,2021-01-19 12:55:00,724.85,724.85,724.85,724.85,125,8850,672.55,722.3,728.75
12629,2021-01-19 12:56:00,753.7,753.7,753.7,753.7,75,8850,672.74,752.15,758.05
12630,2021-01-19 12:57:00,758.05,765.0,758.05,765.0,150,8800,673.16,759.95,765.75
12631,2021-01-19 12:58:00,758.05,765.0,758.05,765.0,150,8800,673.16,759.95,765.75
12632,2021-01-19 12:59:00,758.05,765.0,758.05,765.0,150,8800,673.16,759.95,765.75
12633,2021-01-19 13:00:00,758.05,765.0,758.05,765.0,150,8800,673.16,759.95,765.75
12634,2021-01-19 13:01:00,758.05,765.0,758.05,765.0,150,8800,673.16,759.95,765.75
12635,2021-01-19 13:02:00,749.15,750.55,749.15,750.55,225,8700,673.7,752.65,755.75
12636,2021-01-19 13:03:00,749.15,750.55,749.15,750.55,225,8700,673.7,752.65,755.75
12637,2021-01-19 13:04:00,755.8,755.8,755.8,755.8,25,0,673.77,761.7,765.65
12638,2021-01-19 13:05:00,755.8,755.8,755.8,755.8,25,0,673.77,761.7,765.65
12639,2021-01-19 13:06:00,754.55,754.55,754.55,754.55,75,8875,673.95,750.1,754.2
12640,2021-01-19 13:07:00,754.8,754.8,754.8,754.8,75,8875,674.14,753.55,757.5
12641,2021-01-19 13:08:00,750.45,750.45,750.45,750.45,175,8875,674.55,753.0,757.0
12642,2021-01-19 13:09:00,750.45,750.45,750.45,750.45,175,8875,674.55,753.0,757.0
12643,2021-01-19 13:10:00,750.45,750.45,750.45,750.45,175,8875,674.55,753.0,757.0
12644,2021-01-19 13:11:00,766.0,766.0,766.0,766.0,75,9000,674.76,757.15,761.5
12645,2021-01-19 13:12:00,766.0,766.0,766.0,766.0,75,9000,674.76,757.15,761.5
12646,2021-01-19 13:13:00,756.0,756.0,753.2,753.2,100,8925,675.0,752.7,756.35
12647,2021-01-19 13:14:00,756.0,756.0,753.2,753.2,100,8925,675.0,752.7,756.35
12648,2021-01-19 13:15:00,761.65,761.65,761.65,761.65,75,8725,675.2,759.0,763.35
12649,2021-01-19 13:16:00,761.65,761.65,761.65,761.65,75,8725,675.2,759.0,763.35
12650,2021-01-19 13:17:00,761.65,761.65,761.65,761.65,75,8725,675.2,759.0,763.35
12651,2021-01-19 13:18:00,761.65,761.65,761.65,761.65,75,8725,675.2,759.0,763.35
12652,2021-01-19 13:19:00,761.65,761.65,761.65,761.65,75,8725,675.2,759.0,763.35
12653,2021-01-19 13:20:00,755.9,758.2,755.9,758.2,150,8600,675.57,759.0,762.65
12654,2021-01-19 13:21:00,755.9,758.2,755.9,758.2,150,8600,675.57,759.0,762.65
12655,2021-01-19 13:22:00,755.9,758.2,755.9,758.2,150,8600,675.57,759.0,762.65
12656,2021-01-19 13:23:00,755.9,758.2,755.9,758.2,150,8600,675.57,759.0,762.65
12657,2021-01-19 13:24:00,760.6,760.6,760.6,760.6,25,8650,675.64,754.3,758.05
12658,2021-01-19 13:25:00,760.25,760.25,760.25,760.25,25,8650,675.7,759.0,762.35
12659,2021-01-19 13:26:00,748.5,748.5,748.5,748.5,50,8650,675.81,748.95,752.35
12660,2021-01-19 13:27:00,747.8,747.8,734.7,736.35,175,8675,676.16,734.8,738.1
12661,2021-01-19 13:28:00,733.6,744.4,733.6,744.4,50,8675,676.25,741.5,745.2
12662,2021-01-19 13:29:00,740.85,750.0,740.85,750.0,50,8675,676.36,742.85,746.15
12663,2021-01-19 13:30:00,745.7,745.7,736.2,736.2,50,8600,676.45,730.75,734.65
12664,2021-01-19 13:31:00,730.0,730.0,730.0,730.0,50,8600,676.53,732.2,736.95
12665,2021-01-19 13:32:00,738.45,738.45,738.45,738.45,25,8600,676.58,738.1,742.1
12666,2021-01-19 13:33:00,739.2,739.2,739.2,739.2,25,8600,676.62,734.75,738.75
12667,2021-01-19 13:34:00,739.2,739.2,739.2,739.2,25,8600,676.62,734.75,738.75
12668,2021-01-19 13:35:00,739.2,739.2,739.2,739.2,25,8600,676.62,734.75,738.75
12669,2021-01-19 13:36:00,739.2,739.2,739.2,739.2,25,8600,676.62,734.75,738.75
12670,2021-01-19 13:37:00,753.25,753.25,753.25,753.25,75,8600,676.79,753.9,757.85
12671,2021-01-19 13:38:00,753.25,753.25,753.25,753.25,75,8600,676.79,753.9,757.85
12672,2021-01-19 13:39:00,753.25,753.25,753.25,753.25,75,8600,676.79,753.9,757.85
12673,2021-01-19 13:40:00,753.25,753.25,753.25,753.25,75,8600,676.79,753.9,757.85
12674,2021-01-19 13:41:00,753.25,753.25,753.25,753.25,75,8600,676.79,753.9,757.85
12675,2021-01-19 13:42:00,753.25,753.25,753.25,753.25,75,8600,676.79,753.9,757.85
12676,2021-01-19 13:43:00,765.0,765.0,765.0,765.0,300,8525,677.55,773.2,777.7
12677,2021-01-19 13:44:00,774.85,774.85,770.65,770.65,75,8525,677.76,769.45,773.8
12678,2021-01-19 13:45:00,781.55,790.0,780.75,786.85,875,8525,680.39,784.25,788.85
12679,2021-01-19 13:46:00,781.55,790.0,780.75,786.85,875,8525,680.39,784.25,788.85
12680,2021-01-19 13:47:00,781.55,790.0,780.75,786.85,875,8525,680.39,784.25,788.85
12681,2021-01-19 13:48:00,791.9,793.9,791.9,793.9,75,8625,680.63,791.6,795.3
12682,2021-01-19 13:49:00,790.0,791.3,790.0,791.3,125,8625,681.02,788.15,791.3
12683,2021-01-19 13:50:00,790.0,791.3,790.0,791.3,125,8625,681.02,788.15,791.3
12684,2021-01-19 13:51:00,790.0,791.3,790.0,791.3,125,8625,681.02,788.15,791.3
12685,2021-01-19 13:52:00,804.95,806.4,804.95,806.4,150,8650,681.55,794.9,798.85
12686,2021-01-19 13:53:00,803.75,805.65,802.4,802.4,100,8650,681.9,792.75,796.25
12687,2021-01-19 13:54:00,795.9,800.15,795.9,800.15,175,8750,682.46,799.0,802.75
12688,2021-01-19 13:55:00,804.5,804.5,804.5,804.5,75,8750,682.72,794.4,797.85
12689,2021-01-19 13:56:00,804.5,804.5,804.5,804.5,75,8750,682.72,794.4,797.85
12690,2021-01-19 13:57:00,786.0,786.0,786.0,786.0,50,8675,682.86,784.8,788.8
12691,2021-01-19 13:58:00,789.0,789.0,787.75,787.75,300,8675,683.75,793.8,797.7
12692,2021-01-19 13:59:00,789.0,789.0,787.75,787.75,300,8675,683.75,793.8,797.7
12693,2021-01-19 14:00:00,789.1,789.1,783.65,783.65,200,8525,684.32,777.15,781.05
12694,2021-01-19 14:01:00,774.85,776.5,774.85,775.1,100,8525,684.58,774.45,778.2
12695,2021-01-19 14:02:00,774.85,776.5,774.85,775.1,100,8525,684.58,774.45,778.2
12696,2021-01-19 14:03:00,774.85,776.5,774.85,775.1,100,8525,684.58,774.45,778.2
12697,2021-01-19 14:04:00,774.85,776.5,774.85,775.1,100,8525,684.58,774.45,778.2
12698,2021-01-19 14:05:00,779.6,779.6,779.0,779.0,175,8475,685.03,777.25,780.25
12699,2021-01-19 14:06:00,779.6,779.6,779.0,779.0,175,8475,685.03,777.25,780.25
12700,2021-01-19 14:07:00,779.6,779.6,779.0,779.0,175,8475,685.03,777.25,780.25
12701,2021-01-19 14:08:00,779.6,779.6,779.0,779.0,175,8475,685.03,777.25,780.25
12702,2021-01-19 14:09:00,788.3,788.3,788.3,788.3,75,8425,685.24,782.55,786.05
12703,2021-01-19 14:10:00,788.3,788.3,788.3,788.3,75,8425,685.24,782.55,786.05
12704,2021-01-19 14:11:00,788.3,788.3,788.3,788.3,75,8425,685.24,782.55,786.05
12705,2021-01-19 14:12:00,779.0,779.0,779.0,779.0,25,8400,685.31,775.45,779.25
12706,2021-01-19 14:13:00,779.95,780.55,779.95,780.55,100,8400,685.57,776.55,779.45
12707,2021-01-19 14:14:00,782.35,782.35,782.35,782.35,25,8400,685.63,783.1,787.0
12708,2021-01-19 14:15:00,790.0,790.0,788.9,788.9,50,8325,685.77,789.0,792.8
12709,2021-01-19 14:16:00,793.95,793.95,793.95,793.95,50,8325,685.92,785.9,789.85
12710,2021-01-19 14:17:00,793.95,793.95,793.95,793.95,50,8325,685.92,785.9,789.85
12711,2021-01-19 14:18:00,775.05,780.65,775.05,780.65,100,8300,686.17,779.25,783.0
12712,2021-01-19 14:19:00,775.05,780.65,775.05,780.65,100,8300,686.17,779.25,783.0
12713,2021-01-19 14:20:00,775.05,780.65,775.05,780.65,100,8300,686.17,779.25,783.0
12714,2021-01-19 14:21:00,781.0,781.0,781.0,781.0,25,8300,686.23,776.65,780.2
12715,2021-01-19 14:22:00,775.05,775.05,775.05,775.05,25,8325,686.29,773.2,776.85
12716,2021-01-19 14:23:00,775.05,775.05,775.05,775.05,25,8325,686.29,773.2,776.85
12717,2021-01-19 14:24:00,778.65,778.65,778.65,778.65,100,8325,686.54,778.65,782.45
12718,2021-01-19 14:25:00,791.35,791.35,790.2,790.2,50,8400,686.68,787.3,790.45
12719,2021-01-19 14:26:00,786.5,792.65,786.5,792.65,100,8400,686.96,788.4,791.7
12720,2021-01-19 14:27:00,786.9,791.3,786.45,791.3,75,8300,687.17,789.65,792.75
12721,2021-01-19 14:28:00,790.8,790.8,785.8,785.8,75,8300,687.37,787.4,790.65
12722,2021-01-19 14:29:00,787.7,787.7,786.55,786.55,50,8300,687.5,783.65,786.55
12723,2021-01-19 14:30:00,787.7,787.9,786.9,787.9,75,8125,687.7,785.75,788.75
12724,2021-01-19 14:31:00,787.7,787.9,786.9,787.9,75,8125,687.7,785.75,788.75
12725,2021-01-19 14:32:00,783.0,783.0,783.0,783.0,25,8125,687.77,781.65,784.65
12726,2021-01-19 14:33:00,802.65,802.65,802.65,802.65,125,8125,688.14,798.3,801.75
12727,2021-01-19 14:34:00,800.75,817.15,800.75,817.15,250,8125,688.91,813.95,817.1
12728,2021-01-19 14:35:00,823.05,833.0,816.7,816.7,175,8125,689.54,819.0,822.35
12729,2021-01-19 14:36:00,825.7,825.7,821.6,821.6,75,8075,689.8,816.5,824.0
12730,2021-01-19 14:37:00,821.0,824.0,821.0,824.0,75,8075,690.07,834.2,841.1
12731,2021-01-19 14:38:00,834.75,850.0,834.75,850.0,275,8075,691.17,847.0,849.9
12732,2021-01-19 14:39:00,852.0,852.0,852.0,852.0,25,8075,691.27,860.05,863.2
12733,2021-01-19 14:40:00,868.9,868.9,857.5,865.85,250,8100,692.36,867.95,871.3
12734,2021-01-19 14:41:00,872.35,872.35,867.05,867.05,50,8100,692.59,864.25,867.25
12735,2021-01-19 14:42:00,865.15,867.65,865.15,867.65,150,8100,693.27,873.05,879.9
12736,2021-01-19 14:43:00,878.4,878.4,872.05,874.75,200,8250,694.19,872.5,875.7
12737,2021-01-19 14:44:00,880.0,897.1,880.0,897.1,475,8250,696.55,892.15,900.0
12738,2021-01-19 14:45:00,900.0,905.95,900.0,905.95,175,8400,697.45,901.25,911.4
12739,2021-01-19 14:46:00,900.0,900.0,895.45,895.45,250,8400,698.7,888.2,891.7
12740,2021-01-19 14:47:00,892.2,900.0,892.2,900.0,250,8400,699.93,898.35,901.6
12741,2021-01-19 14:48:00,896.85,896.85,896.85,896.85,150,8400,700.67,883.5,894.95
12742,2021-01-19 14:49:00,905.4,915.0,905.4,911.7,100,8125,701.18,906.5,909.6
12743,2021-01-19 14:50:00,909.05,915.2,909.05,915.2,50,8125,701.44,909.2,912.35
12744,2021-01-19 14:51:00,925.0,925.85,925.0,925.0,75,8075,701.85,918.6,922.0
12745,2021-01-19 14:52:00,921.0,921.0,915.35,915.35,50,8075,702.12,906.35,910.3
12746,2021-01-19 14:53:00,908.2,915.0,908.2,910.0,150,8075,702.88,905.55,908.65
12747,2021-01-19 14:54:00,906.5,914.0,906.5,914.0,225,8075,704.0,912.25,915.5
12748,2021-01-19 14:55:00,912.25,912.25,906.2,906.2,250,8050,705.26,906.1,909.4
12749,2021-01-19 14:56:00,910.4,914.05,910.4,914.05,150,8050,706.01,910.8,914.05
12750,2021-01-19 14:57:00,914.05,914.05,914.05,914.05,25,7975,706.13,907.95,911.1
12751,2021-01-19 14:58:00,911.15,911.15,911.15,911.15,25,0,706.26,909.45,912.45
12752,2021-01-19 14:59:00,918.65,925.0,918.65,925.0,175,7975,707.16,923.25,926.8
12753,2021-01-19 15:00:00,930.55,930.55,925.5,925.5,500,7975,709.77,905.65,908.9
12754,2021-01-19 15:01:00,906.25,906.25,906.25,906.25,25,7900,709.89,904.45,907.45
12755,2021-01-19 15:02:00,910.95,910.95,910.95,910.95,25,7900,710.01,901.2,912.45
12756,2021-01-19 15:03:00,908.25,911.0,899.15,911.0,175,7825,710.82,906.15,909.1
12757,2021-01-19 15:04:00,905.95,905.95,900.05,900.05,75,7825,711.15,903.5,906.7
12758,2021-01-19 15:05:00,908.1,908.1,908.1,908.1,25,7825,711.27,899.95,902.9
12759,2021-01-19 15:06:00,903.2,903.2,903.2,903.2,150,7825,711.94,901.55,904.45
12760,2021-01-19 15:07:00,903.2,903.2,903.2,903.2,150,7825,711.94,901.55,904.45
12761,2021-01-19 15:08:00,903.2,903.2,903.2,903.2,150,7825,711.94,901.55,904.45
12762,2021-01-19 15:09:00,907.7,916.85,905.5,910.0,250,8075,713.11,912.6,916.15
12763,2021-01-19 15:10:00,907.7,916.85,905.5,910.0,250,8075,713.11,912.6,916.15
12764,2021-01-19 15:11:00,904.75,905.35,904.75,905.35,100,8075,713.55,904.95,908.05
12765,2021-01-19 15:12:00,904.75,905.35,904.75,905.35,100,8075,713.55,904.95,908.05
12766,2021-01-19 15:13:00,906.55,906.55,906.55,906.55,25,8050,713.66,904.15,907.7
12767,2021-01-19 15:14:00,907.95,907.95,907.95,907.95,50,8050,713.89,905.1,908.55
12768,2021-01-19 15:15:00,907.95,907.95,907.95,907.95,50,8050,713.89,905.1,908.55
12769,2021-01-19 15:16:00,899.9,899.9,899.9,899.9,25,7900,714.0,900.7,902.05
12770,2021-01-19 15:17:00,900.7,903.45,900.6,903.45,75,7900,714.32,900.45,904.35
12771,2021-01-19 15:18:00,900.7,903.45,900.6,903.45,75,7900,714.32,900.45,904.35
12772,2021-01-19 15:19:00,904.95,904.95,903.8,903.8,75,7875,714.65,899.6,902.25
12773,2021-01-19 15:20:00,899.6,899.6,885.35,885.5,400,7875,716.28,883.7,887.7
12774,2021-01-19 15:21:00,882.0,882.0,878.35,878.35,75,7875,716.56,874.2,877.3
12775,2021-01-19 15:22:00,874.85,874.85,874.85,874.85,50,7825,716.74,869.5,873.7
12776,2021-01-19 15:23:00,867.2,871.05,867.2,871.05,50,7825,716.91,870.0,873.9
12777,2021-01-19 15:24:00,871.45,871.45,871.45,871.45,75,7825,717.18,872.25,875.3
12778,2021-01-19 15:25:00,876.65,886.45,876.65,880.75,325,7775,718.4,881.0,891.15
12779,2021-01-19 15:26:00,887.75,890.0,887.75,890.0,100,7775,718.79,891.45,896.65
12780,2021-01-19 15:27:00,887.85,887.85,887.85,887.85,25,7775,718.88,897.75,902.7
12781,2021-01-19 15:28:00,899.4,899.4,898.55,898.55,100,7650,719.29,894.85,903.2
12782,2021-01-19 15:29:00,899.4,899.4,898.55,898.55,100,7650,719.29,894.85,903.2
12783,2021-01-19 15:30:00,894.9,902.6,894.9,902.6,100,7650,719.7,881.0,909.15
12784,2021-01-20 09:15:00,818.5,818.5,818.5,818.5,25,7675,818.5,802.75,824.6
12785,2021-01-20 09:16:00,818.5,818.5,818.5,818.5,25,7675,818.5,802.75,824.6
12786,2021-01-20 09:17:00,809.3,809.3,809.3,809.3,50,7675,813.46,805.0,814.4
12787,2021-01-20 09:18:00,809.3,809.3,809.3,809.3,50,7675,813.46,805.0,814.4
12788,2021-01-20 09:19:00,834.5,834.5,827.9,827.9,75,7675,822.43,824.25,832.8
12789,2021-01-20 09:20:00,834.5,834.5,827.9,827.9,75,7675,822.43,824.25,832.8
12790,2021-01-20 09:21:00,864.0,864.0,864.0,864.0,25,7700,828.37,858.9,867.2
12791,2021-01-20 09:22:00,860.0,860.0,860.0,860.0,25,7700,832.32,852.0,860.55
12792,2021-01-20 09:23:00,860.0,860.0,860.0,860.0,25,7700,832.32,852.0,860.55
12793,2021-01-20 09:24:00,848.95,856.0,848.95,856.0,50,7700,836.35,856.0,863.5
12794,2021-01-20 09:25:00,863.2,863.2,847.2,847.2,275,7700,845.38,840.25,845.2
12795,2021-01-20 09:26:00,842.45,850.2,842.45,850.2,325,7825,845.77,846.6,858.65
12796,2021-01-20 09:27:00,842.45,850.2,842.45,850.2,325,7825,845.77,846.6,858.65
12797,2021-01-20 09:28:00,842.45,850.2,842.45,850.2,325,7825,845.77,846.6,858.65
12798,2021-01-20 09:29:00,842.45,850.2,842.45,850.2,325,7825,845.77,846.6,858.65
12799,2021-01-20 09:30:00,842.45,850.2,842.45,850.2,325,7825,845.77,846.6,858.65
12800,2021-01-20 09:31:00,842.45,850.2,842.45,850.2,325,7825,845.77,846.6,858.65
12801,2021-01-20 09:32:00,828.05,828.05,828.05,828.05,25,7700,845.26,809.15,813.3
12802,2021-01-20 09:33:00,798.45,800.0,798.45,798.85,100,7700,840.52,794.9,799.05
12803,2021-01-20 09:34:00,789.0,789.0,775.05,781.3,750,7700,814.66,769.5,774.3
12804,2021-01-20 09:35:00,789.0,789.0,775.05,781.3,750,7700,814.66,769.5,774.3
12805,2021-01-20 09:36:00,763.75,773.25,763.75,773.25,300,7600,807.82,774.45,778.3
12806,2021-01-20 09:37:00,781.2,781.2,781.2,781.2,150,7600,805.99,781.0,785.25
12807,2021-01-20 09:38:00,789.95,789.95,789.95,789.95,25,7600,805.8,783.1,786.85
12808,2021-01-20 09:39:00,789.95,789.95,789.95,789.95,25,7600,805.8,783.1,786.85
12809,2021-01-20 09:40:00,790.0,790.0,790.0,790.0,50,7450,805.45,790.0,793.3
12810,2021-01-20 09:41:00,787.55,787.55,787.55,787.55,25,7450,805.26,791.45,795.05
12811,2021-01-20 09:42:00,799.0,799.0,798.2,798.2,75,7450,805.06,796.1,800.05
12812,2021-01-20 09:43:00,799.0,799.0,798.2,798.2,75,7450,805.06,796.1,800.05
12813,2021-01-20 09:44:00,817.3,817.3,817.3,817.3,25,7450,805.19,817.8,822.05
12814,2021-01-20 09:45:00,824.5,832.2,824.5,829.6,250,7575,807.41,818.5,821.7
12815,2021-01-20 09:46:00,824.5,832.2,824.5,829.6,250,7575,807.41,818.5,821.7
12816,2021-01-20 09:47:00,820.5,824.45,818.95,818.95,125,7575,808.05,822.15,826.0
12817,2021-01-20 09:48:00,830.7,830.7,830.7,830.7,100,7625,808.85,825.1,829.0
12818,2021-01-20 09:49:00,818.95,818.95,818.95,818.95,25,7625,808.93,807.6,810.75
12819,2021-01-20 09:50:00,818.95,818.95,818.95,818.95,25,7625,808.93,807.6,810.75
12820,2021-01-20 09:51:00,818.95,818.95,818.95,818.95,25,7625,808.93,807.6,810.75
12821,2021-01-20 09:52:00,818.95,818.95,818.95,818.95,25,7625,808.93,807.6,810.75
12822,2021-01-20 09:53:00,826.95,826.95,826.95,826.95,50,7350,809.24,824.45,827.6
12823,2021-01-20 09:54:00,826.95,826.95,826.95,826.95,50,7350,809.24,824.45,827.6
12824,2021-01-20 09:55:00,826.95,826.95,826.95,826.95,50,7350,809.24,824.45,827.6
12825,2021-01-20 09:56:00,826.95,826.95,826.95,826.95,50,7350,809.24,824.45,827.6
12826,2021-01-20 09:57:00,826.95,826.95,826.95,826.95,50,7350,809.24,824.45,827.6
12827,2021-01-20 09:58:00,826.95,826.95,826.95,826.95,50,7350,809.24,824.45,827.6
12828,2021-01-20 09:59:00,826.95,826.95,826.95,826.95,50,7350,809.24,824.45,827.6
12829,2021-01-20 10:00:00,809.8,809.8,809.8,809.8,25,7400,809.25,809.75,813.55
12830,2021-01-20 10:01:00,809.8,809.8,809.8,809.8,25,7400,809.25,809.75,813.55
12831,2021-01-20 10:02:00,809.8,809.8,809.8,809.8,25,7400,809.25,809.75,813.55
12832,2021-01-20 10:03:00,809.8,809.8,809.8,809.8,25,7400,809.25,809.75,813.55
12833,2021-01-20 10:04:00,820.7,821.8,820.7,821.8,75,7400,809.55,815.25,819.1
12834,2021-01-20 10:05:00,820.7,821.8,820.7,821.8,75,7400,809.55,815.25,819.1
12835,2021-01-20 10:06:00,820.7,821.8,820.7,821.8,75,7400,809.55,815.25,819.1
12836,2021-01-20 10:07:00,820.7,821.8,820.7,821.8,75,7400,809.55,815.25,819.1
12837,2021-01-20 10:08:00,820.7,821.8,820.7,821.8,75,7400,809.55,815.25,819.1
12838,2021-01-20 10:09:00,817.6,817.6,817.6,817.6,25,7425,809.61,814.85,818.5
12839,2021-01-20 10:10:00,817.6,817.6,817.6,817.6,25,7425,809.61,814.85,818.5
12840,2021-01-20 10:11:00,809.95,809.95,809.95,809.95,25,7425,809.62,805.1,808.75
12841,2021-01-20 10:12:00,806.0,806.0,806.0,806.0,25,7450,809.59,809.05,812.45
12842,2021-01-20 10:13:00,806.0,806.0,806.0,806.0,25,7450,809.59,809.05,812.45
12843,2021-01-20 10:14:00,806.0,806.0,806.0,806.0,25,7450,809.59,809.05,812.45
12844,2021-01-20 10:15:00,806.0,806.0,806.0,806.0,25,7450,809.59,809.05,812.45
12845,2021-01-20 10:16:00,806.0,806.0,806.0,806.0,25,7450,809.59,809.05,812.45
12846,2021-01-20 10:17:00,806.0,806.0,806.0,806.0,25,7450,809.59,809.05,812.45
12847,2021-01-20 10:18:00,806.0,806.0,806.0,806.0,25,7450,809.59,809.05,812.45
12848,2021-01-20 10:19:00,823.15,830.0,823.15,830.0,100,7450,810.17,825.75,828.75
12849,2021-01-20 10:20:00,839.95,839.95,839.95,839.95,25,7450,810.4,837.85,841.3
12850,2021-01-20 10:21:00,839.95,839.95,839.95,839.95,25,7450,810.4,837.85,841.3
12851,2021-01-20 10:22:00,839.95,839.95,839.95,839.95,25,7450,810.4,837.85,841.3
12852,2021-01-20 10:23:00,839.95,839.95,839.95,839.95,25,7450,810.4,837.85,841.3
12853,2021-01-20 10:24:00,839.95,839.95,839.95,839.95,25,7450,810.4,837.85,841.3
12854,2021-01-20 10:25:00,839.95,839.95,839.95,839.95,25,7450,810.4,837.85,841.3
12855,2021-01-20 10:26:00,839.95,839.95,839.95,839.95,25,7450,810.4,837.85,841.3
12856,2021-01-20 10:27:00,839.95,839.95,839.95,839.95,25,7450,810.4,837.85,841.3
12857,2021-01-20 10:28:00,839.95,839.95,839.95,839.95,25,7450,810.4,837.85,841.3
12858,2021-01-20 10:29:00,839.95,839.95,839.95,839.95,25,7450,810.4,837.85,841.3
12859,2021-01-20 10:30:00,822.7,822.7,822.7,822.7,25,7400,810.5,817.9,821.4
12860,2021-01-20 10:31:00,811.0,811.0,811.0,811.0,25,7400,810.5,805.6,809.2
12861,2021-01-20 10:32:00,807.15,807.15,798.65,798.65,125,7425,810.19,798.8,801.7
12862,2021-01-20 10:33:00,807.15,807.15,798.65,798.65,125,7425,810.19,798.8,801.7
12863,2021-01-20 10:34:00,807.15,807.15,798.65,798.65,125,7425,810.19,798.8,801.7
12864,2021-01-20 10:35:00,807.15,807.15,798.65,798.65,125,7425,810.19,798.8,801.7
12865,2021-01-20 10:36:00,814.95,815.05,814.95,815.05,175,7375,810.43,818.7,822.45
12866,2021-01-20 10:37:00,822.1,822.1,822.1,822.1,75,7375,810.66,816.85,820.2
12867,2021-01-20 10:38:00,824.4,824.4,824.4,824.4,100,7375,811.03,830.8,834.1
12868,2021-01-20 10:39:00,824.4,824.4,824.4,824.4,100,7375,811.03,830.8,834.1
12869,2021-01-20 10:40:00,824.4,824.4,824.4,824.4,100,7375,811.03,830.8,834.1
12870,2021-01-20 10:41:00,824.4,824.4,824.4,824.4,100,7375,811.03,830.8,834.1
12871,2021-01-20 10:42:00,824.4,824.4,824.4,824.4,100,7375,811.03,830.8,834.1
12872,2021-01-20 10:43:00,824.4,824.4,824.4,824.4,100,7375,811.03,830.8,834.1
12873,2021-01-20 10:44:00,824.4,824.4,824.4,824.4,100,7375,811.03,830.8,834.1
12874,2021-01-20 10:45:00,824.4,824.4,824.4,824.4,100,7375,811.03,830.8,834.1
12875,2021-01-20 10:46:00,824.4,824.4,824.4,824.4,100,7375,811.03,830.8,834.1
12876,2021-01-20 10:47:00,867.95,867.95,862.65,862.65,225,7350,814.16,863.2,867.0
12877,2021-01-20 10:48:00,863.95,863.95,863.95,863.95,25,7300,814.47,863.55,867.0
12878,2021-01-20 10:49:00,863.95,863.95,863.95,863.95,25,7300,814.47,863.55,867.0
12879,2021-01-20 10:50:00,880.6,890.0,880.6,887.8,1000,7500,829.09,886.95,890.2
12880,2021-01-20 10:51:00,889.85,893.05,889.85,893.05,50,7500,829.7,889.8,893.35
12881,2021-01-20 10:52:00,894.9,894.9,894.9,894.9,100,0,830.97,893.0,896.8
12882,2021-01-20 10:53:00,900.8,915.05,900.0,915.0,200,7450,833.94,913.75,917.05
12883,2021-01-20 10:54:00,900.8,915.05,900.0,915.0,200,7450,833.94,913.75,917.05
12884,2021-01-20 10:55:00,905.85,905.85,896.25,896.25,225,7450,836.54,900.9,904.7
12885,2021-01-20 10:56:00,905.85,905.85,896.25,896.25,225,7450,836.54,900.9,904.7
12886,2021-01-20 10:57:00,905.85,905.85,896.25,896.25,225,7450,836.54,900.9,904.7
12887,2021-01-20 10:58:00,905.85,905.85,896.25,896.25,225,7450,836.54,900.9,904.7
12888,2021-01-20 10:59:00,903.65,903.65,903.65,903.65,25,7500,836.84,901.65,905.35
12889,2021-01-20 11:00:00,899.2,899.2,899.2,899.2,25,7650,837.12,896.4,899.45
12890,2021-01-20 11:01:00,899.2,899.2,899.2,899.2,25,7650,837.12,896.4,899.45
12891,2021-01-20 11:02:00,889.2,889.2,888.15,888.15,50,7650,837.57,886.4,889.85
12892,2021-01-20 11:03:00,889.2,889.2,888.15,888.15,50,7650,837.57,886.4,889.85
12893,2021-01-20 11:04:00,889.2,889.2,888.15,888.15,50,7650,837.57,886.4,889.85
12894,2021-01-20 11:05:00,889.2,889.2,888.15,888.15,50,7650,837.57,886.4,889.85
12895,2021-01-20 11:06:00,890.0,890.0,890.0,890.0,275,7600,840.0,886.45,890.05
12896,2021-01-20 11:07:00,890.0,890.0,890.0,890.0,275,7600,840.0,886.45,890.05
12897,2021-01-20 11:08:00,890.0,890.0,890.0,890.0,275,7600,840.0,886.45,890.05
12898,2021-01-20 11:09:00,898.0,898.0,898.0,898.0,25,7475,840.24,902.6,905.4
12899,2021-01-20 11:10:00,905.0,905.0,905.0,905.0,25,7475,840.51,903.8,907.5
12900,2021-01-20 11:11:00,905.0,905.0,905.0,905.0,25,7475,840.51,903.8,907.5
12901,2021-01-20 11:12:00,905.0,905.0,905.0,905.0,25,7475,840.51,903.8,907.5
12902,2021-01-20 11:13:00,901.3,901.3,901.3,901.3,50,7425,841.01,909.2,912.4
12903,2021-01-20 11:14:00,904.5,904.5,904.5,904.5,125,7450,842.3,902.05,905.75
12904,2021-01-20 11:15:00,912.65,912.65,912.65,912.65,50,7450,842.86,911.05,924.0
12905,2021-01-20 11:16:00,912.65,912.65,912.65,912.65,50,7450,842.86,911.05,924.0
12906,2021-01-20 11:17:00,912.65,912.65,912.65,912.65,50,7450,842.86,911.05,924.0
12907,2021-01-20 11:18:00,930.0,931.7,930.0,931.7,125,7550,844.52,924.6,927.65
12908,2021-01-20 11:19:00,924.4,924.4,924.4,924.4,25,7550,844.83,924.4,936.65
12909,2021-01-20 11:20:00,935.0,935.05,932.05,932.05,325,7550,849.19,924.55,939.75
12910,2021-01-20 11:21:00,933.0,933.0,930.4,930.4,75,7550,850.1,928.1,931.65
12911,2021-01-20 11:22:00,928.15,933.75,928.15,933.75,150,7550,851.89,930.2,933.65
12912,2021-01-20 11:23:00,930.05,930.05,930.0,930.0,100,7550,853.0,924.4,927.15
12913,2021-01-20 11:24:00,927.4,927.4,924.4,924.4,50,7475,853.52,922.25,924.75
12914,2021-01-20 11:25:00,922.25,922.25,922.25,922.25,25,7475,853.76,902.35,918.8
12915,2021-01-20 11:26:00,922.25,922.25,922.25,922.25,25,7475,853.76,902.35,918.8
12916,2021-01-20 11:27:00,922.25,922.25,922.25,922.25,25,7475,853.76,902.35,918.8
12917,2021-01-20 11:28:00,918.35,918.35,918.35,918.35,50,7550,854.21,915.2,918.85
12918,2021-01-20 11:29:00,914.1,914.1,914.1,914.1,25,7550,854.42,915.9,919.35
12919,2021-01-20 11:30:00,914.1,914.1,914.1,914.1,25,7550,854.42,915.9,919.35
12920,2021-01-20 11:31:00,914.1,914.1,914.1,914.1,25,7550,854.42,915.9,919.35
12921,2021-01-20 11:32:00,914.1,914.1,914.1,914.1,25,7550,854.42,915.9,919.35
12922,2021-01-20 11:33:00,910.0,910.0,910.0,910.0,25,7575,854.61,910.55,913.55
12923,2021-01-20 11:34:00,910.0,910.0,910.0,910.0,25,7575,854.61,910.55,913.55
12924,2021-01-20 11:35:00,910.0,910.0,910.0,910.0,25,7575,854.61,910.55,913.55
12925,2021-01-20 11:36:00,910.0,910.0,910.0,910.0,25,7575,854.61,910.55,913.55
12926,2021-01-20 11:37:00,910.0,910.0,910.0,910.0,25,7575,854.61,910.55,913.55
12927,2021-01-20 11:38:00,910.0,910.0,910.0,910.0,25,7575,854.61,910.55,913.55
12928,2021-01-20 11:39:00,910.0,910.0,910.0,910.0,25,7575,854.61,910.55,913.55
12929,2021-01-20 11:40:00,910.0,910.0,910.0,910.0,25,7575,854.61,910.55,913.55
12930,2021-01-20 11:41:00,910.0,910.0,910.0,910.0,25,7575,854.61,910.55,913.55
12931,2021-01-20 11:42:00,910.0,910.0,910.0,910.0,25,7575,854.61,910.55,913.55
12932,2021-01-20 11:43:00,910.0,910.0,910.0,910.0,25,7575,854.61,910.55,913.55
12933,2021-01-20 11:44:00,910.0,910.0,910.0,910.0,25,7575,854.61,910.55,913.55
12934,2021-01-20 11:45:00,910.0,910.0,910.0,910.0,25,7575,854.61,910.55,913.55
12935,2021-01-20 11:46:00,887.75,887.75,887.75,887.75,25,7550,854.73,895.4,899.45
12936,2021-01-20 11:47:00,900.0,900.0,900.0,900.0,75,7550,855.19,893.75,897.3
12937,2021-01-20 11:48:00,900.0,900.0,900.0,900.0,75,7550,855.19,893.75,897.3
12938,2021-01-20 11:49:00,900.0,900.0,900.0,900.0,75,7550,855.19,893.75,897.3
12939,2021-01-20 11:50:00,900.0,900.0,900.0,900.0,75,7550,855.19,893.75,897.3
12940,2021-01-20 11:51:00,900.0,900.0,900.0,900.0,75,7550,855.19,893.75,897.3
12941,2021-01-20 11:52:00,900.0,900.0,900.0,900.0,75,7550,855.19,893.75,897.3
12942,2021-01-20 11:53:00,900.0,900.0,900.0,900.0,75,7550,855.19,893.75,897.3
12943,2021-01-20 11:54:00,900.0,900.0,900.0,900.0,75,7550,855.19,893.75,897.3
12944,2021-01-20 11:55:00,900.0,900.0,900.0,900.0,75,7550,855.19,893.75,897.3
12945,2021-01-20 11:56:00,903.75,903.75,903.75,903.75,50,7600,855.52,902.7,906.45
12946,2021-01-20 11:57:00,903.75,903.75,903.75,903.75,50,7600,855.52,902.7,906.45
12947,2021-01-20 11:58:00,903.75,903.75,903.75,903.75,50,7600,855.52,902.7,906.45
12948,2021-01-20 11:59:00,912.7,912.7,912.7,912.7,25,7650,855.71,906.1,909.35
12949,2021-01-20 12:00:00,912.7,912.7,912.7,912.7,25,7650,855.71,906.1,909.35
12950,2021-01-20 12:01:00,912.7,912.7,912.7,912.7,25,7650,855.71,906.1,909.35
12951,2021-01-20 12:02:00,912.7,912.7,912.7,912.7,25,7650,855.71,906.1,909.35
12952,2021-01-20 12:03:00,912.7,912.7,912.7,912.7,25,7650,855.71,906.1,909.35
12953,2021-01-20 12:04:00,912.7,912.7,912.7,912.7,25,7650,855.71,906.1,909.35
12954,2021-01-20 12:05:00,912.7,912.7,912.7,912.7,25,7650,855.71,906.1,909.35
12955,2021-01-20 12:06:00,912.7,912.7,912.7,912.7,25,7650,855.71,906.1,909.35
12956,2021-01-20 12:07:00,863.65,863.65,863.65,863.65,50,7625,855.82,873.15,876.7
12957,2021-01-20 12:08:00,863.65,863.65,863.65,863.65,50,7625,855.82,873.15,876.7
12958,2021-01-20 12:09:00,863.65,863.65,863.65,863.65,50,7625,855.82,873.15,876.7
12959,2021-01-20 12:10:00,863.65,863.65,863.65,863.65,25,7600,855.84,860.7,864.3
12960,2021-01-20 12:11:00,853.05,853.05,853.05,853.05,25,7600,855.84,853.55,857.3
12961,2021-01-20 12:12:00,854.6,854.6,854.6,854.6,25,0,855.83,862.9,867.0
12962,2021-01-20 12:13:00,854.6,854.6,854.6,854.6,25,0,855.83,862.9,867.0
12963,2021-01-20 12:14:00,854.6,854.6,854.6,854.6,25,0,855.83,862.9,867.0
12964,2021-01-20 12:15:00,854.6,854.6,854.6,854.6,25,0,855.83,862.9,867.0
12965,2021-01-20 12:16:00,854.6,854.6,854.6,854.6,25,0,855.83,862.9,867.0
12966,2021-01-20 12:17:00,854.6,854.6,854.6,854.6,25,0,855.83,862.9,867.0
12967,2021-01-20 12:18:00,854.6,854.6,854.6,854.6,25,0,855.83,862.9,867.0
12968,2021-01-20 12:19:00,840.8,840.8,840.8,840.8,25,7575,855.78,838.25,842.25
12969,2021-01-20 12:20:00,840.7,840.7,831.8,831.8,50,7575,855.65,815.05,832.25
12970,2021-01-20 12:21:00,831.8,831.8,831.8,831.8,50,7550,855.5,833.1,837.3
12971,2021-01-20 12:22:00,831.8,831.8,831.8,831.8,50,7550,855.5,833.1,837.3
12972,2021-01-20 12:23:00,831.8,831.8,831.8,831.8,50,7550,855.5,833.1,837.3
12973,2021-01-20 12:24:00,856.2,856.2,856.2,856.2,50,7525,855.5,855.9,859.45
12974,2021-01-20 12:25:00,857.05,871.5,857.05,871.5,75,7525,855.56,872.2,875.75
12975,2021-01-20 12:26:00,857.05,871.5,857.05,871.5,75,7525,855.56,872.2,875.75
12976,2021-01-20 12:27:00,857.05,871.5,857.05,871.5,75,7525,855.56,872.2,875.75
12977,2021-01-20 12:28:00,855.75,855.75,855.75,855.75,25,7575,855.56,838.55,842.6
12978,2021-01-20 12:29:00,815.5,815.5,800.05,800.05,125,7575,854.76,789.1,814.8
12979,2021-01-20 12:30:00,799.25,807.3,785.2,807.3,200,7550,853.37,791.35,812.0
12980,2021-01-20 12:31:00,813.3,819.1,810.8,810.8,175,7550,852.53,807.05,810.95
12981,2021-01-20 12:32:00,813.3,819.1,810.8,810.8,175,7550,852.53,807.05,810.95
12982,2021-01-20 12:33:00,835.0,835.0,835.0,835.0,25,7525,852.48,827.25,831.55
12983,2021-01-20 12:34:00,835.0,835.0,835.0,835.0,25,7525,852.48,827.25,831.55
12984,2021-01-20 12:35:00,835.3,835.3,835.3,835.3,25,7525,852.43,829.55,833.85
12985,2021-01-20 12:36:00,835.3,835.3,835.3,835.3,25,7525,852.43,829.55,833.85
12986,2021-01-20 12:37:00,837.05,837.05,837.0,837.0,75,7525,852.29,838.2,842.1
12987,2021-01-20 12:38:00,837.05,837.05,837.0,837.0,75,7525,852.29,838.2,842.1
12988,2021-01-20 12:39:00,829.55,829.55,829.55,829.55,25,7525,852.22,832.2,836.25
12989,2021-01-20 12:40:00,829.7,829.7,829.7,829.7,25,7525,852.16,839.45,843.4
12990,2021-01-20 12:41:00,829.7,829.7,829.7,829.7,25,7525,852.16,839.45,843.4
12991,2021-01-20 12:42:00,829.7,829.7,829.7,829.7,25,7525,852.16,839.45,843.4
12992,2021-01-20 12:43:00,829.7,829.7,829.7,829.7,25,7525,852.16,839.45,843.4
12993,2021-01-20 12:44:00,829.7,829.7,829.7,829.7,25,7525,852.16,839.45,843.4
12994,2021-01-20 12:45:00,829.7,829.7,829.7,829.7,25,7525,852.16,839.45,843.4
12995,2021-01-20 12:46:00,808.9,808.9,808.9,808.9,150,7500,851.4,812.8,816.5
12996,2021-01-20 12:47:00,808.9,808.9,808.9,808.9,150,7500,851.4,812.8,816.5
12997,2021-01-20 12:48:00,808.9,808.9,808.9,808.9,150,7500,851.4,812.8,816.5
12998,2021-01-20 12:49:00,806.85,806.85,806.85,806.85,50,7675,851.15,813.05,817.35
12999,2021-01-20 12:50:00,818.7,818.7,818.7,818.7,100,7675,850.77,797.15,800.55
13000,2021-01-20 12:51:00,770.0,781.0,770.0,781.0,125,7700,849.68,804.75,808.65
13001,2021-01-20 12:52:00,770.0,781.0,770.0,781.0,125,7700,849.68,804.75,808.65
13002,2021-01-20 12:53:00,770.0,781.0,770.0,781.0,125,7700,849.68,804.75,808.65
13003,2021-01-20 12:54:00,839.1,858.0,839.1,858.0,150,7575,849.77,856.5,860.7
13004,2021-01-20 12:55:00,871.0,878.95,871.0,878.95,50,7575,849.91,870.3,874.55
13005,2021-01-20 12:56:00,871.0,878.95,871.0,878.95,50,7575,849.91,870.3,874.55
13006,2021-01-20 12:57:00,871.0,878.95,871.0,878.95,50,7575,849.91,870.3,874.55
13007,2021-01-20 12:58:00,871.0,878.95,871.0,878.95,50,7575,849.91,870.3,874.55
13008,2021-01-20 12:59:00,871.0,878.95,871.0,878.95,50,7575,849.91,870.3,874.55
13009,2021-01-20 13:00:00,839.75,839.75,839.75,839.75,25,7475,849.88,847.55,851.8
13010,2021-01-20 13:01:00,839.75,839.75,839.75,839.75,25,7475,849.88,847.55,851.8
13011,2021-01-20 13:02:00,852.05,852.05,852.05,852.05,25,7475,849.88,848.05,852.55
13012,2021-01-20 13:03:00,852.05,852.05,852.05,852.05,25,7475,849.88,848.05,852.55
13013,2021-01-20 13:04:00,852.05,852.05,852.05,852.05,25,7475,849.88,848.05,852.55
13014,2021-01-20 13:05:00,852.05,852.05,852.05,852.05,25,7475,849.88,848.05,852.55
13015,2021-01-20 13:06:00,852.05,852.05,852.05,852.05,25,7475,849.88,848.05,852.55
13016,2021-01-20 13:07:00,852.05,852.05,852.05,852.05,25,7475,849.88,848.05,852.55
13017,2021-01-20 13:08:00,852.05,852.05,852.05,852.05,25,7475,849.88,848.05,852.55
13018,2021-01-20 13:09:00,852.05,852.05,852.05,852.05,25,7475,849.88,848.05,852.55
13019,2021-01-20 13:10:00,852.05,852.05,852.05,852.05,25,7475,849.88,848.05,852.55
13020,2021-01-20 13:11:00,852.05,852.05,852.05,852.05,25,7475,849.88,848.05,852.55
13021,2021-01-20 13:12:00,852.05,852.05,852.05,852.05,25,7475,849.88,848.05,852.55
13022,2021-01-20 13:13:00,852.05,852.05,852.05,852.05,25,7475,849.88,848.05,852.55
13023,2021-01-20 13:14:00,852.05,852.05,852.05,852.05,25,7475,849.88,848.05,852.55
13024,2021-01-20 13:15:00,852.05,852.05,852.05,852.05,25,7475,849.88,848.05,852.55
13025,2021-01-20 13:16:00,852.05,852.05,852.05,852.05,25,7475,849.88,848.05,852.55
13026,2021-01-20 13:17:00,852.05,852.05,852.05,852.05,25,7475,849.88,848.05,852.55
13027,2021-01-20 13:18:00,852.05,852.05,852.05,852.05,25,7475,849.88,848.05,852.55
13028,2021-01-20 13:19:00,852.05,852.05,852.05,852.05,25,7475,849.88,848.05,852.55
13029,2021-01-20 13:20:00,831.55,831.55,831.55,831.55,25,7450,849.83,831.95,836.4
13030,2021-01-20 13:21:00,831.55,831.55,831.55,831.55,25,7450,849.83,831.95,836.4
13031,2021-01-20 13:22:00,831.55,831.55,831.55,831.55,25,7450,849.83,831.95,836.4
13032,2021-01-20 13:23:00,831.55,831.55,831.55,831.55,25,7450,849.83,831.95,836.4
13033,2021-01-20 13:24:00,831.55,831.55,831.55,831.55,25,7450,849.83,831.95,836.4
13034,2021-01-20 13:25:00,831.55,831.55,831.55,831.55,25,7450,849.83,831.95,836.4
13035,2021-01-20 13:26:00,829.2,831.5,829.2,831.5,50,7475,849.73,831.95,836.45
13036,2021-01-20 13:27:00,829.2,831.5,829.2,831.5,50,7475,849.73,831.95,836.45
13037,2021-01-20 13:28:00,836.1,836.1,836.1,836.1,100,7475,849.58,828.75,843.4
13038,2021-01-20 13:29:00,836.1,836.1,836.1,836.1,100,7475,849.58,828.75,843.4
13039,2021-01-20 13:30:00,836.1,836.1,836.1,836.1,100,7475,849.58,828.75,843.4
13040,2021-01-20 13:31:00,836.1,836.1,836.1,836.1,100,7475,849.58,828.75,843.4
13041,2021-01-20 13:32:00,836.1,836.1,836.1,836.1,100,7475,849.58,828.75,843.4
13042,2021-01-20 13:33:00,836.1,836.1,836.1,836.1,100,7475,849.58,828.75,843.4
13043,2021-01-20 13:34:00,844.8,844.8,844.8,844.8,25,7575,849.57,829.85,834.2
13044,2021-01-20 13:35:00,844.8,844.8,844.8,844.8,25,7575,849.57,829.85,834.2
13045,2021-01-20 13:36:00,844.8,844.8,844.8,844.8,25,7575,849.57,829.85,834.2
13046,2021-01-20 13:37:00,844.8,844.8,844.8,844.8,25,7575,849.57,829.85,834.2
13047,2021-01-20 13:38:00,844.8,844.8,844.8,844.8,25,7575,849.57,829.85,834.2
13048,2021-01-20 13:39:00,844.8,844.8,844.8,844.8,25,7575,849.57,829.85,834.2
13049,2021-01-20 13:40:00,807.0,807.0,804.6,804.6,50,7600,849.33,806.15,810.45
13050,2021-01-20 13:41:00,807.0,807.0,804.6,804.6,50,7600,849.33,806.15,810.45
13051,2021-01-20 13:42:00,828.8,830.9,828.8,830.9,75,7625,849.18,827.3,831.9
13052,2021-01-20 13:43:00,828.8,830.9,828.8,830.9,75,7625,849.18,827.3,831.9
13053,2021-01-20 13:44:00,828.8,830.9,828.8,830.9,75,7625,849.18,827.3,831.9
13054,2021-01-20 13:45:00,828.8,830.9,828.8,830.9,75,7625,849.18,827.3,831.9
13055,2021-01-20 13:46:00,855.35,855.35,855.35,855.35,25,7625,849.2,847.1,851.35
13056,2021-01-20 13:47:00,855.35,855.35,855.35,855.35,25,7625,849.2,847.1,851.35
13057,2021-01-20 13:48:00,852.15,856.85,852.15,856.85,100,7600,849.26,856.25,861.1
13058,2021-01-20 13:49:00,852.15,856.85,852.15,856.85,100,7600,849.26,856.25,861.1
13059,2021-01-20 13:50:00,852.15,856.85,852.15,856.85,100,7600,849.26,856.25,861.1
13060,2021-01-20 13:51:00,852.15,856.85,852.15,856.85,100,7600,849.26,856.25,861.1
13061,2021-01-20 13:52:00,852.15,856.85,852.15,856.85,100,7600,849.26,856.25,861.1
13062,2021-01-20 13:53:00,852.15,856.85,852.15,856.85,100,7600,849.26,856.25,861.1
13063,2021-01-20 13:54:00,852.15,856.85,852.15,856.85,100,7600,849.26,856.25,861.1
13064,2021-01-20 13:55:00,852.15,856.85,852.15,856.85,100,7600,849.26,856.25,861.1
13065,2021-01-20 13:56:00,852.15,856.85,852.15,856.85,100,7600,849.26,856.25,861.1
13066,2021-01-20 13:57:00,842.35,842.35,842.35,842.35,25,7600,849.25,837.1,841.35
13067,2021-01-20 13:58:00,841.4,841.4,841.4,841.4,75,0,849.18,826.3,831.2
13068,2021-01-20 13:59:00,841.4,841.4,841.4,841.4,75,0,849.18,826.3,831.2
13069,2021-01-20 14:00:00,841.4,841.4,841.4,841.4,75,0,849.18,826.3,831.2
13070,2021-01-20 14:01:00,860.0,860.0,860.0,860.0,25,7600,849.21,857.1,865.4
13071,2021-01-20 14:02:00,860.0,860.0,860.0,860.0,25,7600,849.21,857.1,865.4
13072,2021-01-20 14:03:00,860.0,860.0,860.0,860.0,25,7600,849.21,857.1,865.4
13073,2021-01-20 14:04:00,860.0,860.0,860.0,860.0,25,7600,849.21,857.1,865.4
13074,2021-01-20 14:05:00,860.0,860.0,860.0,860.0,25,7600,849.21,857.1,865.4
13075,2021-01-20 14:06:00,885.9,885.9,870.45,870.45,50,7575,849.36,862.65,879.6
13076,2021-01-20 14:07:00,885.9,885.9,870.45,870.45,50,7575,849.36,862.65,879.6
13077,2021-01-20 14:08:00,885.9,885.9,870.45,870.45,50,7575,849.36,862.65,879.6
13078,2021-01-20 14:09:00,885.9,885.9,870.45,870.45,50,7575,849.36,862.65,879.6
13079,2021-01-20 14:10:00,885.9,885.9,870.45,870.45,50,7575,849.36,862.65,879.6
13080,2021-01-20 14:11:00,885.9,885.9,870.45,870.45,50,7575,849.36,862.65,879.6
13081,2021-01-20 14:12:00,885.9,885.9,870.45,870.45,50,7575,849.36,862.65,879.6
13082,2021-01-20 14:13:00,885.9,885.9,870.45,870.45,50,7575,849.36,862.65,879.6
13083,2021-01-20 14:14:00,885.9,885.9,870.45,870.45,50,7575,849.36,862.65,879.6
13084,2021-01-20 14:15:00,877.6,877.6,877.6,877.6,50,7550,849.51,877.7,895.1
13085,2021-01-20 14:16:00,877.6,877.6,877.6,877.6,50,7550,849.51,877.7,895.1
13086,2021-01-20 14:17:00,877.6,877.6,877.6,877.6,50,7550,849.51,877.7,895.1
13087,2021-01-20 14:18:00,875.95,875.95,875.95,875.95,50,7550,849.64,868.4,889.15
13088,2021-01-20 14:19:00,875.95,875.95,875.95,875.95,50,7550,849.64,868.4,889.15
13089,2021-01-20 14:20:00,875.95,875.95,875.95,875.95,50,7550,849.64,868.4,889.15
13090,2021-01-20 14:21:00,875.95,875.95,875.95,875.95,50,7550,849.64,868.4,889.15
13091,2021-01-20 14:22:00,875.95,875.95,875.95,875.95,50,7550,849.64,868.4,889.15
13092,2021-01-20 14:23:00,875.95,875.95,875.95,875.95,50,7550,849.64,868.4,889.15
13093,2021-01-20 14:24:00,875.95,875.95,875.95,875.95,50,7550,849.64,868.4,889.15
13094,2021-01-20 14:25:00,875.95,875.95,875.95,875.95,50,7550,849.64,868.4,889.15
13095,2021-01-20 14:26:00,896.15,896.15,896.15,896.15,25,7475,849.76,886.85,904.4
13096,2021-01-20 14:27:00,906.9,906.9,906.9,906.9,25,7475,849.9,894.2,916.4
13097,2021-01-20 14:28:00,906.9,906.9,906.9,906.9,25,7475,849.9,894.2,916.4
13098,2021-01-20 14:29:00,919.95,925.85,919.95,925.85,100,7500,850.62,909.95,929.9
13099,2021-01-20 14:30:00,919.95,925.85,919.95,925.85,100,7500,850.62,909.95,929.9
13100,2021-01-20 14:31:00,918.65,918.65,918.65,918.65,50,7500,850.96,904.2,925.45
13101,2021-01-20 14:32:00,918.65,918.65,918.65,918.65,50,7500,850.96,904.2,925.45
13102,2021-01-20 14:33:00,906.15,906.15,906.15,906.15,25,7500,851.09,905.65,925.3
13103,2021-01-20 14:34:00,906.15,906.15,906.15,906.15,25,7500,851.09,905.65,925.3
13104,2021-01-20 14:35:00,903.45,903.45,903.45,903.45,25,7450,851.22,889.95,907.9
13105,2021-01-20 14:36:00,903.45,903.45,903.45,903.45,25,7450,851.22,889.95,907.9
13106,2021-01-20 14:37:00,903.45,903.45,903.45,903.45,25,7450,851.22,889.95,907.9
13107,2021-01-20 14:38:00,903.45,903.45,903.45,903.45,25,7450,851.22,889.95,907.9
13108,2021-01-20 14:39:00,903.45,903.45,903.45,903.45,25,7450,851.22,889.95,907.9
13109,2021-01-20 14:40:00,881.8,881.8,881.8,881.8,25,7400,851.3,890.5,904.2
13110,2021-01-20 14:41:00,881.8,881.8,881.8,881.8,25,7400,851.3,890.5,904.2
13111,2021-01-20 14:42:00,881.8,881.8,881.8,881.8,25,7400,851.3,890.5,904.2
13112,2021-01-20 14:43:00,881.8,881.8,881.8,881.8,25,7400,851.3,890.5,904.2
13113,2021-01-20 14:44:00,883.5,883.5,883.5,883.5,25,7375,851.38,866.7,888.55
13114,2021-01-20 14:45:00,883.5,883.5,883.5,883.5,25,7375,851.38,866.7,888.55
13115,2021-01-20 14:46:00,864.05,868.0,864.05,868.0,125,7375,851.57,867.1,887.75
13116,2021-01-20 14:47:00,864.05,868.0,864.05,868.0,125,7375,851.57,867.1,887.75
13117,2021-01-20 14:48:00,864.05,868.0,864.05,868.0,125,7375,851.57,867.1,887.75
13118,2021-01-20 14:49:00,906.35,906.35,906.35,906.35,25,7300,851.7,887.7,907.4
13119,2021-01-20 14:50:00,906.35,906.35,906.35,906.35,25,7300,851.7,887.7,907.4
13120,2021-01-20 14:51:00,906.35,906.35,906.35,906.35,25,7300,851.7,887.7,907.4
13121,2021-01-20 14:52:00,906.35,906.35,906.35,906.35,25,7300,851.7,887.7,907.4
13122,2021-01-20 14:53:00,906.35,906.35,906.35,906.35,25,7300,851.7,887.7,907.4
13123,2021-01-20 14:54:00,906.35,906.35,906.35,906.35,25,7300,851.7,887.7,907.4
13124,2021-01-20 14:55:00,906.35,906.35,906.35,906.35,25,7300,851.7,887.7,907.4
13125,2021-01-20 14:56:00,906.35,906.35,906.35,906.35,25,7300,851.7,887.7,907.4
13126,2021-01-20 14:57:00,906.35,906.35,906.35,906.35,25,7300,851.7,887.7,907.4
13127,2021-01-20 14:58:00,906.35,906.35,906.35,906.35,25,7300,851.7,887.7,907.4
13128,2021-01-20 14:59:00,906.35,906.35,906.35,906.35,25,7300,851.7,887.7,907.4
13129,2021-01-20 15:00:00,906.35,906.35,906.35,906.35,25,7300,851.7,887.7,907.4
13130,2021-01-20 15:01:00,906.35,906.35,906.35,906.35,25,7300,851.7,887.7,907.4
13131,2021-01-20 15:02:00,886.85,886.85,886.85,886.85,100,7300,852.09,886.9,898.05
13132,2021-01-20 15:03:00,886.85,886.85,886.85,886.85,100,7300,852.09,886.9,898.05
13133,2021-01-20 15:04:00,886.85,886.85,886.85,886.85,100,7300,852.09,886.9,898.05
13134,2021-01-20 15:05:00,886.85,886.85,886.85,886.85,100,7300,852.09,886.9,898.05
13135,2021-01-20 15:06:00,886.85,886.85,886.85,886.85,100,7300,852.09,886.9,898.05
13136,2021-01-20 15:07:00,886.85,886.85,886.85,886.85,50,7300,852.26,877.25,892.25
13137,2021-01-20 15:08:00,886.85,886.85,886.85,886.85,50,7300,852.26,877.25,892.25
13138,2021-01-20 15:09:00,881.25,881.25,881.25,881.25,25,7300,852.33,872.5,887.0
13139,2021-01-20 15:10:00,881.25,881.25,881.25,881.25,25,7300,852.33,872.5,887.0
13140,2021-01-20 15:11:00,881.25,881.25,881.25,881.25,25,7300,852.33,872.5,887.0
13141,2021-01-20 15:12:00,881.25,881.25,881.25,881.25,25,7300,852.33,872.5,887.0
13142,2021-01-20 15:13:00,877.35,877.35,877.35,877.35,25,7325,852.39,868.1,879.75
13143,2021-01-20 15:14:00,877.35,877.35,877.35,877.35,25,7325,852.39,868.1,879.75
13144,2021-01-20 15:15:00,864.95,864.95,864.95,864.95,25,7325,852.42,864.95,874.95
13145,2021-01-20 15:16:00,870.0,870.0,870.0,870.0,50,7325,852.5,853.6,869.4
13146,2021-01-20 15:17:00,855.55,855.55,855.55,855.55,50,7325,852.51,842.0,860.9
13147,2021-01-20 15:18:00,849.4,855.85,849.4,855.85,50,7325,852.52,845.05,864.75
13148,2021-01-20 15:19:00,849.4,855.85,849.4,855.85,50,7325,852.52,845.05,864.75
13149,2021-01-20 15:20:00,855.0,855.0,855.0,855.0,50,7325,852.53,844.75,858.1
13150,2021-01-20 15:21:00,855.0,855.0,855.0,855.0,50,7325,852.53,844.75,858.1
13151,2021-01-20 15:22:00,855.0,855.0,855.0,855.0,50,7325,852.53,844.75,858.1
13152,2021-01-20 15:23:00,855.0,855.0,855.0,855.0,50,7325,852.53,844.75,858.1
13153,2021-01-20 15:24:00,855.0,855.0,855.0,855.0,50,7325,852.53,844.75,858.1
13154,2021-01-20 15:25:00,855.0,855.0,855.0,855.0,50,7325,852.53,844.75,858.1
13155,2021-01-20 15:26:00,855.0,855.0,855.0,855.0,50,7325,852.53,844.75,858.1
13156,2021-01-20 15:27:00,855.0,855.0,855.0,855.0,50,7325,852.53,844.75,858.1
13157,2021-01-20 15:28:00,851.8,851.8,851.0,851.0,50,7300,852.52,840.95,850.9
13158,2021-01-20 15:29:00,851.8,851.8,851.0,851.0,50,7300,852.52,840.95,850.9
13159,2021-01-20 15:30:00,851.8,851.8,851.0,851.0,50,7300,852.52,840.95,850.9
13160,2021-01-21 09:15:00,851.8,851.8,851.0,851.0,50,7300,852.52,840.95,850.9
13161,2021-01-21 09:16:00,851.8,851.8,851.0,851.0,50,7300,852.52,840.95,850.9
13162,2021-01-21 09:17:00,851.8,851.8,851.0,851.0,50,7300,852.52,840.95,850.9
13163,2021-01-21 09:18:00,851.8,851.8,851.0,851.0,50,7300,852.52,840.95,850.9
13164,2021-01-21 09:19:00,851.8,851.8,851.0,851.0,50,7300,852.52,840.95,850.9
13165,2021-01-21 09:20:00,851.8,851.8,851.0,851.0,50,7300,852.52,840.95,850.9
13166,2021-01-21 09:21:00,938.9,945.8,938.9,945.8,200,7300,939.76,946.1,963.05
13167,2021-01-21 09:22:00,947.05,950.0,947.05,950.0,50,7300,941.51,948.4,964.3
13168,2021-01-21 09:23:00,947.05,950.0,947.05,950.0,50,7300,941.51,948.4,964.3
13169,2021-01-21 09:24:00,950.0,963.65,950.0,963.65,150,7300,947.25,943.45,963.5
13170,2021-01-21 09:25:00,950.0,963.65,950.0,963.65,150,7300,947.25,943.45,963.5
13171,2021-01-21 09:26:00,940.1,940.1,940.1,940.1,50,7300,946.46,941.55,959.95
13172,2021-01-21 09:27:00,940.1,940.1,940.1,940.1,50,7300,946.46,941.55,959.95
13173,2021-01-21 09:28:00,943.6,943.6,943.6,943.6,75,7300,946.05,944.85,962.95
13174,2021-01-21 09:29:00,962.9,962.9,962.9,962.9,25,7300,946.81,946.8,961.1
13175,2021-01-21 09:30:00,962.9,962.9,962.9,962.9,25,7300,946.81,946.8,961.1
13176,2021-01-21 09:31:00,962.9,962.9,962.9,962.9,25,7300,946.81,946.8,961.1
13177,2021-01-21 09:32:00,962.9,962.9,962.9,962.9,25,7300,946.81,946.8,961.1
13178,2021-01-21 09:33:00,962.9,962.9,962.9,962.9,25,7300,946.81,946.8,961.1
13179,2021-01-21 09:34:00,962.9,962.9,962.9,962.9,25,7300,946.81,946.8,961.1
13180,2021-01-21 09:35:00,962.9,962.9,962.9,962.9,25,7300,946.81,946.8,961.1
13181,2021-01-21 09:36:00,962.9,962.9,962.9,962.9,25,7300,946.81,946.8,961.1
13182,2021-01-21 09:37:00,962.9,962.9,962.9,962.9,25,7300,946.81,946.8,961.1
13183,2021-01-21 09:38:00,966.8,966.8,966.8,966.8,325,7250,954.24,963.1,979.9
13184,2021-01-21 09:39:00,966.8,966.8,966.8,966.8,325,7250,954.24,963.1,979.9
13185,2021-01-21 09:40:00,966.8,966.8,966.8,966.8,325,7250,954.24,963.1,979.9
13186,2021-01-21 09:41:00,966.8,966.8,966.8,966.8,325,7250,954.24,963.1,979.9
13187,2021-01-21 09:42:00,966.8,966.8,966.8,966.8,325,7250,954.24,963.1,979.9
13188,2021-01-21 09:43:00,966.8,966.8,966.8,966.8,325,7250,954.24,963.1,979.9
13189,2021-01-21 09:44:00,942.0,942.0,942.0,942.0,25,7275,953.9,933.45,951.35
13190,2021-01-21 09:45:00,934.25,934.25,934.25,934.25,75,7275,952.38,932.15,948.35
13191,2021-01-21 09:46:00,932.25,932.25,932.25,932.25,25,7275,951.88,940.95,962.55
13192,2021-01-21 09:47:00,932.25,932.25,932.25,932.25,25,7275,951.88,940.95,962.55
13193,2021-01-21 09:48:00,940.0,940.0,940.0,940.0,50,7225,951.31,939.1,955.2
13194,2021-01-21 09:49:00,940.0,940.0,940.0,940.0,50,7225,951.31,939.1,955.2
13195,2021-01-21 09:50:00,940.0,940.0,940.0,940.0,50,7225,951.31,939.1,955.2
13196,2021-01-21 09:51:00,945.0,945.0,945.0,945.0,50,7275,951.03,935.55,949.3
13197,2021-01-21 09:52:00,945.0,945.0,945.0,945.0,50,7275,951.03,935.55,949.3
13198,2021-01-21 09:53:00,945.0,945.0,945.0,945.0,50,7275,951.03,935.55,949.3
13199,2021-01-21 09:54:00,941.45,941.45,941.45,941.45,50,7325,950.61,935.0,942.3
13200,2021-01-21 09:55:00,941.45,941.45,941.45,941.45,50,7325,950.61,935.0,942.3
13201,2021-01-21 09:56:00,941.45,941.45,941.45,941.45,50,7325,950.61,935.0,942.3
13202,2021-01-21 09:57:00,941.45,941.45,941.45,941.45,50,7325,950.61,935.0,942.3
13203,2021-01-21 09:58:00,941.45,941.45,941.45,941.45,50,7325,950.61,935.0,942.3
13204,2021-01-21 09:59:00,941.45,941.45,941.45,941.45,50,7325,950.61,935.0,942.3
13205,2021-01-21 10:00:00,941.45,941.45,941.45,941.45,50,7325,950.61,935.0,942.3
13206,2021-01-21 10:01:00,941.45,941.45,941.45,941.45,50,7325,950.61,935.0,942.3
13207,2021-01-21 10:02:00,939.45,939.45,939.45,939.45,50,7300,950.15,927.55,938.8
13208,2021-01-21 10:03:00,939.45,939.45,939.45,939.45,50,7300,950.15,927.55,938.8
13209,2021-01-21 10:04:00,939.45,939.45,939.45,939.45,50,7300,950.15,927.55,938.8
13210,2021-01-21 10:05:00,939.45,939.45,939.45,939.45,50,7300,950.15,927.55,938.8
13211,2021-01-21 10:06:00,945.0,945.0,945.0,945.0,25,7275,950.04,941.75,955.9
13212,2021-01-21 10:07:00,945.0,945.0,945.0,945.0,25,7275,950.04,941.75,955.9
13213,2021-01-21 10:08:00,945.0,945.0,945.0,945.0,25,7275,950.04,941.75,955.9
13214,2021-01-21 10:09:00,945.0,945.0,945.0,945.0,25,7275,950.04,941.75,955.9
13215,2021-01-21 10:10:00,945.0,945.0,945.0,945.0,25,7275,950.04,941.75,955.9
13216,2021-01-21 10:11:00,945.0,945.0,945.0,945.0,25,7275,950.04,941.75,955.9
13217,2021-01-21 10:12:00,945.0,945.0,945.0,945.0,25,7275,950.04,941.75,955.9
13218,2021-01-21 10:13:00,943.8,947.0,943.8,947.0,50,7275,949.86,942.35,946.15
13219,2021-01-21 10:14:00,942.0,942.0,942.0,942.0,50,7275,949.56,938.0,941.45
13220,2021-01-21 10:15:00,942.0,942.0,942.0,942.0,50,7275,949.56,938.0,941.45
13221,2021-01-21 10:16:00,942.0,942.0,942.0,942.0,50,7275,949.56,938.0,941.45
13222,2021-01-21 10:17:00,930.6,930.6,930.6,930.6,25,7350,949.21,927.15,931.0
13223,2021-01-21 10:18:00,932.25,932.25,932.25,932.25,25,7350,948.9,929.0,931.95
13224,2021-01-21 10:19:00,931.1,931.1,931.1,931.1,25,7350,948.58,931.2,934.45
13225,2021-01-21 10:20:00,931.1,931.1,931.1,931.1,25,7350,948.58,931.2,934.45
13226,2021-01-21 10:21:00,931.1,931.1,931.1,931.1,25,7350,948.58,931.2,934.45
13227,2021-01-21 10:22:00,931.1,931.1,931.1,931.1,25,7350,948.58,931.2,934.45
13228,2021-01-21 10:23:00,931.1,931.1,931.1,931.1,25,7350,948.58,931.2,934.45
13229,2021-01-21 10:24:00,931.1,931.1,931.1,931.1,25,7350,948.58,931.2,934.45
13230,2021-01-21 10:25:00,922.95,922.95,922.95,922.95,25,7350,948.13,921.9,924.5
13231,2021-01-21 10:26:00,922.95,922.95,922.95,922.95,25,7350,948.13,921.9,924.5
13232,2021-01-21 10:27:00,924.5,924.5,924.5,924.5,100,7350,946.58,924.0,927.45
13233,2021-01-21 10:28:00,925.65,925.65,925.65,925.65,25,7350,946.25,926.15,929.6
13234,2021-01-21 10:29:00,921.1,921.1,921.1,921.1,125,7325,944.42,911.55,924.25
13235,2021-01-21 10:30:00,921.1,921.1,921.1,921.1,125,7325,944.42,911.55,924.25
13236,2021-01-21 10:31:00,921.1,921.1,921.1,921.1,125,7325,944.42,911.55,924.25
13237,2021-01-21 10:32:00,921.1,921.1,921.1,921.1,125,7325,944.42,911.55,924.25
13238,2021-01-21 10:33:00,921.1,921.1,921.1,921.1,125,7325,944.42,911.55,924.25
13239,2021-01-21 10:34:00,921.1,921.1,921.1,921.1,125,7325,944.42,911.55,924.25
13240,2021-01-21 10:35:00,921.1,921.1,921.1,921.1,125,7325,944.42,911.55,924.25
13241,2021-01-21 10:36:00,921.1,921.1,921.1,921.1,125,7325,944.42,911.55,924.25
13242,2021-01-21 10:37:00,921.1,921.1,921.1,921.1,125,7325,944.42,911.55,924.25
13243,2021-01-21 10:38:00,921.1,921.1,921.1,921.1,125,7325,944.42,911.55,924.25
13244,2021-01-21 10:39:00,921.1,921.1,921.1,921.1,125,7325,944.42,911.55,924.25
13245,2021-01-21 10:40:00,921.1,921.1,921.1,921.1,125,7325,944.42,911.55,924.25
13246,2021-01-21 10:41:00,921.1,921.1,921.1,921.1,125,7325,944.42,911.55,924.25
13247,2021-01-21 10:42:00,921.1,921.1,921.1,921.1,125,7325,944.42,911.55,924.25
13248,2021-01-21 10:43:00,921.1,921.1,921.1,921.1,125,7325,944.42,911.55,924.25
13249,2021-01-21 10:44:00,921.1,921.1,921.1,921.1,125,7325,944.42,911.55,924.25
13250,2021-01-21 10:45:00,921.1,921.1,921.1,921.1,125,7325,944.42,911.55,924.25
13251,2021-01-21 10:46:00,921.1,921.1,921.1,921.1,125,7325,944.42,911.55,924.25
13252,2021-01-21 10:47:00,921.1,921.1,921.1,921.1,125,7325,944.42,911.55,924.25
13253,2021-01-21 10:48:00,921.1,921.1,921.1,921.1,125,7325,944.42,911.55,924.25
13254,2021-01-21 10:49:00,921.1,921.1,921.1,921.1,125,7325,944.42,911.55,924.25
13255,2021-01-21 10:50:00,921.1,921.1,921.1,921.1,125,7325,944.42,911.55,924.25
13256,2021-01-21 10:51:00,921.1,921.1,921.1,921.1,125,7325,944.42,911.55,924.25
13257,2021-01-21 10:52:00,921.1,921.1,921.1,921.1,125,7325,944.42,911.55,924.25
13258,2021-01-21 10:53:00,921.1,921.1,921.1,921.1,125,7325,944.42,911.55,924.25
13259,2021-01-21 10:54:00,921.1,921.1,921.1,921.1,125,7325,944.42,911.55,924.25
13260,2021-01-21 10:55:00,921.1,921.1,921.1,921.1,125,7325,944.42,911.55,924.25
13261,2021-01-21 10:56:00,921.1,921.1,921.1,921.1,125,7325,944.42,911.55,924.25
13262,2021-01-21 10:57:00,921.1,921.1,921.1,921.1,125,7325,944.42,911.55,924.25
13263,2021-01-21 10:58:00,950.0,950.0,950.0,950.0,150,7100,944.88,948.95,964.4
13264,2021-01-21 10:59:00,950.0,950.0,950.0,950.0,150,7100,944.88,948.95,964.4
13265,2021-01-21 11:00:00,965.0,965.0,965.0,965.0,25,7025,945.15,962.05,973.95
13266,2021-01-21 11:01:00,965.0,965.0,965.0,965.0,25,7025,945.15,962.05,973.95
13267,2021-01-21 11:02:00,965.0,965.0,965.0,965.0,25,7025,945.15,962.05,973.95
13268,2021-01-21 11:03:00,965.0,965.0,965.0,965.0,25,7025,945.15,962.05,973.95
13269,2021-01-21 11:04:00,965.0,965.0,965.0,965.0,25,7025,945.15,962.05,973.95
13270,2021-01-21 11:05:00,965.0,965.0,965.0,965.0,25,7025,945.15,962.05,973.95
13271,2021-01-21 11:06:00,965.0,965.0,965.0,965.0,25,7025,945.15,962.05,973.95
13272,2021-01-21 11:07:00,965.0,965.0,965.0,965.0,25,7025,945.15,962.05,973.95
13273,2021-01-21 11:08:00,965.0,965.0,965.0,965.0,25,7025,945.15,962.05,973.95
13274,2021-01-21 11:09:00,965.0,965.0,965.0,965.0,25,7025,945.15,962.05,973.95
13275,2021-01-21 11:10:00,965.0,965.0,965.0,965.0,25,7025,945.15,962.05,973.95
13276,2021-01-21 11:11:00,965.2,965.2,965.2,965.2,25,7000,945.42,964.35,973.7
13277,2021-01-21 11:12:00,965.2,965.2,965.2,965.2,25,7000,945.42,964.35,973.7
13278,2021-01-21 11:13:00,965.2,965.2,965.2,965.2,25,7000,945.42,964.35,973.7
13279,2021-01-21 11:14:00,980.0,980.0,980.0,980.0,25,6975,945.87,974.95,985.1
13280,2021-01-21 11:15:00,980.0,980.0,980.0,980.0,25,6975,945.87,974.95,985.1
13281,2021-01-21 11:16:00,980.0,980.0,980.0,980.0,25,6975,945.87,974.95,985.1
13282,2021-01-21 11:17:00,980.0,980.0,980.0,980.0,25,6975,945.87,974.95,985.1
13283,2021-01-21 11:18:00,980.0,980.0,980.0,980.0,25,6975,945.87,974.95,985.1
13284,2021-01-21 11:19:00,980.0,980.0,980.0,980.0,25,6975,945.87,974.95,985.1
13285,2021-01-21 11:20:00,970.6,970.6,970.6,970.6,25,0,946.19,957.85,969.9
13286,2021-01-21 11:21:00,970.0,970.0,970.0,970.0,25,7000,946.5,966.75,977.6
13287,2021-01-21 11:22:00,970.0,970.0,970.0,970.0,25,7000,946.5,966.75,977.6
13288,2021-01-21 11:23:00,970.0,970.0,970.0,970.0,25,7000,946.5,966.75,977.6
13289,2021-01-21 11:24:00,970.0,970.0,970.0,970.0,25,7000,946.5,966.75,977.6
13290,2021-01-21 11:25:00,970.0,970.0,970.0,970.0,25,7000,946.5,966.75,977.6
13291,2021-01-21 11:26:00,970.0,970.0,970.0,970.0,25,7000,946.5,966.75,977.6
13292,2021-01-21 11:27:00,970.0,970.0,970.0,970.0,25,7000,946.5,966.75,977.6
13293,2021-01-21 11:28:00,970.0,970.0,970.0,970.0,25,7000,946.5,966.75,977.6
13294,2021-01-21 11:29:00,970.0,970.0,970.0,970.0,25,7000,946.5,966.75,977.6
13295,2021-01-21 11:30:00,970.0,970.0,970.0,970.0,25,7000,946.5,966.75,977.6
13296,2021-01-21 11:31:00,970.0,970.0,970.0,970.0,25,7000,946.5,966.75,977.6
13297,2021-01-21 11:32:00,970.0,970.0,970.0,970.0,25,7000,946.5,966.75,977.6
13298,2021-01-21 11:33:00,970.0,970.0,970.0,970.0,25,7000,946.5,966.75,977.6
13299,2021-01-21 11:34:00,970.0,970.0,970.0,970.0,25,7000,946.5,966.75,977.6
13300,2021-01-21 11:35:00,970.0,970.0,970.0,970.0,25,7000,946.5,966.75,977.6
13301,2021-01-21 11:36:00,970.0,970.0,970.0,970.0,25,7000,946.5,966.75,977.6
13302,2021-01-21 11:37:00,970.0,970.0,970.0,970.0,25,7000,946.5,966.75,977.6
13303,2021-01-21 11:38:00,970.0,970.0,970.0,970.0,25,7000,946.5,966.75,977.6
13304,2021-01-21 11:39:00,970.0,970.0,970.0,970.0,25,7000,946.5,966.75,977.6
13305,2021-01-21 11:40:00,970.0,970.0,970.0,970.0,25,7000,946.5,966.75,977.6
13306,2021-01-21 11:41:00,970.0,970.0,970.0,970.0,25,7000,946.5,966.75,977.6
13307,2021-01-21 11:42:00,970.0,970.0,970.0,970.0,25,7000,946.5,966.75,977.6
13308,2021-01-21 11:43:00,970.0,970.0,970.0,970.0,25,7000,946.5,966.75,977.6
13309,2021-01-21 11:44:00,953.75,953.75,953.75,953.75,25,7000,946.59,950.0,960.3
13310,2021-01-21 11:45:00,950.0,950.0,950.0,950.0,200,0,946.9,948.55,964.55
13311,2021-01-21 11:46:00,950.0,950.0,950.0,950.0,200,0,946.9,948.55,964.55
13312,2021-01-21 11:47:00,950.0,950.0,950.0,950.0,200,0,946.9,948.55,964.55
13313,2021-01-21 11:48:00,950.0,950.0,950.0,950.0,200,0,946.9,948.55,964.55
13314,2021-01-21 11:49:00,950.0,950.0,950.0,950.0,200,0,946.9,948.55,964.55
13315,2021-01-21 11:50:00,950.0,950.0,950.0,950.0,200,0,946.9,948.55,964.55
13316,2021-01-21 11:51:00,950.0,950.0,950.0,950.0,200,0,946.9,948.55,964.55
13317,2021-01-21 11:52:00,950.0,950.0,950.0,950.0,200,0,946.9,948.55,964.55
13318,2021-01-21 11:53:00,950.0,950.0,950.0,950.0,200,0,946.9,948.55,964.55
13319,2021-01-21 11:54:00,950.0,950.0,950.0,950.0,200,0,946.9,948.55,964.55
13320,2021-01-21 11:55:00,950.0,950.0,950.0,950.0,200,0,946.9,948.55,964.55
13321,2021-01-21 11:56:00,950.0,950.0,950.0,950.0,200,0,946.9,948.55,964.55
13322,2021-01-21 11:57:00,950.0,950.0,950.0,950.0,200,0,946.9,948.55,964.55
13323,2021-01-21 11:58:00,950.0,950.0,950.0,950.0,200,0,946.9,948.55,964.55
13324,2021-01-21 11:59:00,950.0,950.0,950.0,950.0,200,0,946.9,948.55,964.55
13325,2021-01-21 12:00:00,950.0,950.0,950.0,950.0,200,0,946.9,948.55,964.55
13326,2021-01-21 12:01:00,950.0,950.0,950.0,950.0,200,0,946.9,948.55,964.55
13327,2021-01-21 12:02:00,950.0,950.0,950.0,950.0,200,0,946.9,948.55,964.55
13328,2021-01-21 12:03:00,950.0,950.0,950.0,950.0,200,0,946.9,948.55,964.55
13329,2021-01-21 12:04:00,950.0,950.0,950.0,950.0,200,0,946.9,948.55,964.55
13330,2021-01-21 12:05:00,950.0,950.0,950.0,950.0,200,0,946.9,948.55,964.55
13331,2021-01-21 12:06:00,950.0,950.0,950.0,950.0,200,0,946.9,948.55,964.55
13332,2021-01-21 12:07:00,950.0,950.0,950.0,950.0,200,0,946.9,948.55,964.55
13333,2021-01-21 12:08:00,950.0,950.0,950.0,950.0,200,0,946.9,948.55,964.55
13334,2021-01-21 12:09:00,950.0,950.0,950.0,950.0,200,0,946.9,948.55,964.55
13335,2021-01-21 12:10:00,950.0,950.0,950.0,950.0,200,0,946.9,948.55,964.55
13336,2021-01-21 12:11:00,950.0,950.0,950.0,950.0,200,0,946.9,948.55,964.55
13337,2021-01-21 12:12:00,950.0,950.0,950.0,950.0,200,0,946.9,948.55,964.55
13338,2021-01-21 12:13:00,950.0,950.0,950.0,950.0,200,0,946.9,948.55,964.55
13339,2021-01-21 12:14:00,950.0,950.0,950.0,950.0,200,0,946.9,948.55,964.55
13340,2021-01-21 12:15:00,950.0,950.0,950.0,950.0,200,0,946.9,948.55,964.55
13341,2021-01-21 12:16:00,950.0,950.0,950.0,950.0,200,0,946.9,948.55,964.55
13342,2021-01-21 12:17:00,992.0,992.0,992.0,992.0,325,7200,952.68,1003.2,1009.95
13343,2021-01-21 12:18:00,1010.0,1010.0,1010.0,1010.0,200,7125,956.92,1009.75,1019.75
13344,2021-01-21 12:19:00,1004.75,1004.75,1004.75,1004.75,25,7125,957.36,1007.0,1018.35
13345,2021-01-21 12:20:00,1020.0,1020.0,1020.0,1020.0,50,7125,958.49,1016.45,1030.95
13346,2021-01-21 12:21:00,1020.0,1020.0,1020.0,1020.0,50,7125,958.49,1016.45,1030.95
13347,2021-01-21 12:22:00,1020.0,1020.0,1020.0,1020.0,50,7125,958.49,1016.45,1030.95
13348,2021-01-21 12:23:00,1020.0,1020.0,1020.0,1020.0,50,7125,959.58,1014.35,1029.95
13349,2021-01-21 12:24:00,1038.05,1050.35,1038.05,1043.0,100,7100,962.51,1036.3,1048.45
13350,2021-01-21 12:25:00,1038.05,1050.35,1038.05,1043.0,100,7100,962.51,1036.3,1048.45
13351,2021-01-21 12:26:00,1038.05,1050.35,1038.05,1043.0,100,7100,962.51,1036.3,1048.45
13352,2021-01-21 12:27:00,1034.95,1045.0,1034.95,1045.0,100,6975,965.11,1038.4,1053.05
13353,2021-01-21 12:28:00,1041.35,1041.75,1041.35,1041.65,100,6975,967.56,1038.5,1052.1
13354,2021-01-21 12:29:00,1038.55,1043.0,1038.55,1043.0,100,6975,969.83,1042.4,1047.0
13355,2021-01-21 12:30:00,1047.0,1052.35,1037.4,1037.4,100,6850,972.1,1036.3,1048.8
13356,2021-01-21 12:31:00,1042.0,1042.0,1037.05,1040.25,100,6850,974.07,1040.35,1049.9
13357,2021-01-21 12:32:00,1033.95,1060.0,1033.95,1057.6,425,6850,981.73,1057.65,1070.95
13358,2021-01-21 12:33:00,1058.75,1060.0,1058.75,1060.0,50,6550,982.73,1059.75,1074.9
13359,2021-01-21 12:34:00,1063.65,1070.0,1063.65,1063.65,50,6550,983.79,1066.05,1083.5
13360,2021-01-21 12:35:00,1083.5,1083.5,1076.1,1076.4,75,6550,985.56,1076.5,1088.4
13361,2021-01-21 12:36:00,1076.5,1076.5,1064.0,1064.0,75,6425,987.11,1057.5,1075.9
13362,2021-01-21 12:37:00,1060.9,1065.0,1060.9,1065.0,50,6425,988.02,1061.55,1071.7
13363,2021-01-21 12:38:00,1060.9,1065.0,1060.9,1065.0,50,6425,988.02,1061.55,1071.7
13364,2021-01-21 12:39:00,1060.9,1065.0,1060.9,1065.0,50,6425,988.02,1061.55,1071.7
13365,2021-01-21 12:40:00,1060.9,1065.0,1060.9,1065.0,50,6425,988.02,1061.55,1071.7
13366,2021-01-21 12:41:00,1066.0,1066.0,1066.0,1066.0,100,6400,989.86,1043.05,1053.3
13367,2021-01-21 12:42:00,1052.35,1052.35,1052.35,1052.35,25,6375,990.22,1050.2,1053.9
13368,2021-01-21 12:43:00,1051.5,1053.65,1051.5,1053.65,75,6375,991.3,1048.95,1052.85
13369,2021-01-21 12:44:00,1046.8,1046.8,1046.8,1046.8,50,6375,991.93,1031.4,1046.5
13370,2021-01-21 12:45:00,1046.8,1046.8,1046.8,1046.8,50,6375,991.93,1031.4,1046.5
13371,2021-01-21 12:46:00,1035.2,1035.2,1035.2,1035.2,50,6375,992.42,1039.7,1044.55
13372,2021-01-21 12:47:00,1035.2,1035.2,1035.2,1035.2,50,6375,992.42,1039.7,1044.55
13373,2021-01-21 12:48:00,1035.2,1035.2,1035.2,1035.2,50,6375,992.42,1039.7,1044.55
13374,2021-01-21 12:49:00,1035.2,1035.2,1035.2,1035.2,50,6375,992.42,1039.7,1044.55
13375,2021-01-21 12:50:00,1063.05,1063.05,1060.05,1060.05,50,6325,993.19,1058.7,1062.9
13376,2021-01-21 12:51:00,1060.05,1060.9,1060.05,1060.9,75,6300,994.29,1055.35,1059.55
13377,2021-01-21 12:52:00,1062.65,1062.65,1062.65,1062.65,25,6300,994.66,1058.3,1062.4
13378,2021-01-21 12:53:00,1062.65,1062.65,1062.65,1062.65,25,6300,994.66,1058.3,1062.4
13379,2021-01-21 12:54:00,1059.25,1059.25,1056.2,1056.2,150,6250,996.68,1052.15,1056.35
13380,2021-01-21 12:55:00,1053.55,1053.55,1047.4,1048.7,125,6250,998.05,1048.45,1052.65
13381,2021-01-21 12:56:00,1049.0,1049.0,1049.0,1049.0,50,6250,998.56,1038.1,1042.25
13382,2021-01-21 12:57:00,1049.0,1049.0,1049.0,1049.0,50,6250,998.56,1038.1,1042.25
13383,2021-01-21 12:58:00,1049.0,1049.0,1049.0,1049.0,50,6250,998.56,1038.1,1042.25
13384,2021-01-21 12:59:00,1049.0,1049.0,1049.0,1049.0,50,6250,998.56,1038.1,1042.25
13385,2021-01-21 13:00:00,1013.7,1015.9,1013.7,1015.1,100,6100,998.89,1007.85,1011.25
13386,2021-01-21 13:01:00,1013.7,1015.9,1013.7,1015.1,100,6100,998.89,1007.85,1011.25
13387,2021-01-21 13:02:00,1013.7,1015.9,1013.7,1015.1,100,6100,998.89,1007.85,1011.25
13388,2021-01-21 13:03:00,1013.7,1015.9,1013.7,1015.1,100,6100,998.89,1007.85,1011.25
13389,2021-01-21 13:04:00,1018.95,1018.95,1018.95,1018.95,25,6150,998.99,1025.9,1029.7
13390,2021-01-21 13:05:00,1018.95,1018.95,1018.95,1018.95,25,6150,998.99,1025.9,1029.7
13391,2021-01-21 13:06:00,1018.95,1018.95,1018.95,1018.95,25,6150,998.99,1025.9,1029.7
13392,2021-01-21 13:07:00,1018.95,1018.95,1018.95,1018.95,25,6150,998.99,1025.9,1029.7
13393,2021-01-21 13:08:00,1018.95,1018.95,1018.95,1018.95,25,6150,998.99,1025.9,1029.7
13394,2021-01-21 13:09:00,1006.45,1006.45,1006.45,1006.45,250,6150,999.17,1013.3,1024.85
13395,2021-01-21 13:10:00,1006.45,1006.45,1006.45,1006.45,250,6150,999.17,1013.3,1024.85
13396,2021-01-21 13:11:00,1006.45,1006.45,1006.45,1006.45,250,6150,999.17,1013.3,1024.85
13397,2021-01-21 13:12:00,1015.05,1015.05,1015.05,1015.05,50,6150,999.32,1016.6,1020.05
13398,2021-01-21 13:13:00,1019.75,1019.75,1019.75,1019.75,50,6025,999.51,1022.65,1026.65
13399,2021-01-21 13:14:00,1019.75,1019.75,1019.75,1019.75,50,6025,999.51,1022.65,1026.65
13400,2021-01-21 13:15:00,1019.75,1019.75,1019.75,1019.75,50,6025,999.51,1022.65,1026.65
13401,2021-01-21 13:16:00,1019.75,1019.75,1019.75,1019.75,50,6025,999.51,1022.65,1026.65
13402,2021-01-21 13:17:00,1019.75,1019.75,1019.75,1019.75,50,6025,999.51,1022.65,1026.65
13403,2021-01-21 13:18:00,1019.75,1019.75,1019.75,1019.75,50,6025,999.51,1022.65,1026.65
13404,2021-01-21 13:19:00,1019.75,1019.75,1019.75,1019.75,50,6025,999.51,1022.65,1026.65
13405,2021-01-21 13:20:00,1019.75,1019.75,1019.75,1019.75,50,6025,999.51,1022.65,1026.65
13406,2021-01-21 13:21:00,1019.75,1019.75,1019.75,1019.75,50,6025,999.51,1022.65,1026.65
13407,2021-01-21 13:22:00,1019.75,1019.75,1019.75,1019.75,50,6025,999.51,1022.65,1026.65
13408,2021-01-21 13:23:00,1019.75,1019.75,1019.75,1019.75,50,6025,999.51,1022.65,1026.65
13409,2021-01-21 13:24:00,1019.75,1019.75,1019.75,1019.75,50,6025,999.51,1022.65,1026.65
13410,2021-01-21 13:25:00,1019.75,1019.75,1019.75,1019.75,50,6025,999.51,1022.65,1026.65
13411,2021-01-21 13:26:00,1019.75,1019.75,1019.75,1019.75,50,6025,999.51,1022.65,1026.65
13412,2021-01-21 13:27:00,1033.6,1033.6,1033.6,1033.6,50,5975,999.82,1027.45,1032.25
13413,2021-01-21 13:28:00,1033.6,1033.6,1033.6,1033.6,50,5975,999.82,1027.45,1032.25
13414,2021-01-21 13:29:00,1033.6,1033.6,1033.6,1033.6,50,5975,999.82,1027.45,1032.25
13415,2021-01-21 13:30:00,1033.6,1033.6,1033.6,1033.6,50,5975,999.82,1027.45,1032.25
13416,2021-01-21 13:31:00,1033.6,1033.6,1033.6,1033.6,50,5975,999.82,1027.45,1032.25
13417,2021-01-21 13:32:00,1034.35,1034.35,1034.35,1034.35,1325,5950,1005.58,1023.95,1028.05
13418,2021-01-21 13:33:00,1034.35,1034.35,1034.35,1034.35,1325,5950,1005.58,1023.95,1028.05
13419,2021-01-21 13:34:00,1034.35,1034.35,1034.35,1034.35,1325,5950,1005.58,1023.95,1028.05
13420,2021-01-21 13:35:00,1034.35,1034.35,1034.35,1034.35,1325,5950,1005.58,1023.95,1028.05
13421,2021-01-21 13:36:00,1034.35,1034.35,1034.35,1034.35,1325,5950,1005.58,1023.95,1028.05
13422,2021-01-21 13:37:00,1034.35,1034.35,1034.35,1034.35,1325,5950,1005.58,1023.95,1028.05
13423,2021-01-21 13:38:00,1034.35,1034.35,1034.35,1034.35,1325,5950,1005.58,1023.95,1028.05
13424,2021-01-21 13:39:00,1004.0,1004.0,1004.0,1004.0,725,5525,1005.08,1002.3,1006.5
13425,2021-01-21 13:40:00,1007.6,1007.6,1007.0,1007.0,50,5525,1005.1,997.8,1001.75
13426,2021-01-21 13:41:00,1007.6,1007.6,1007.0,1007.0,50,5525,1005.1,997.8,1001.75
13427,2021-01-21 13:42:00,1004.4,1004.4,1004.4,1004.4,50,0,1005.09,1007.95,1012.0
13428,2021-01-21 13:43:00,1004.4,1004.4,1004.4,1004.4,50,0,1005.09,1007.95,1012.0
13429,2021-01-21 13:44:00,1009.45,1009.45,1009.45,1009.45,25,5475,1005.11,1007.95,1012.45
13430,2021-01-21 13:45:00,1009.45,1009.45,1009.45,1009.45,25,5475,1005.11,1007.95,1012.45
13431,2021-01-21 13:46:00,1009.45,1009.45,1009.45,1009.45,25,5475,1005.11,1007.95,1012.45
13432,2021-01-21 13:47:00,1009.45,1009.45,1009.45,1009.45,25,5475,1005.11,1007.95,1012.45
13433,2021-01-21 13:48:00,1009.45,1009.45,1009.45,1009.45,25,5475,1005.11,1007.95,1012.45
13434,2021-01-21 13:49:00,949.0,949.0,949.0,949.0,75,5475,1004.63,959.1,963.55
13435,2021-01-21 13:50:00,963.6,963.6,953.15,958.9,125,5475,1003.91,965.05,968.45
13436,2021-01-21 13:51:00,963.6,963.6,953.15,958.9,125,5475,1003.91,965.05,968.45
13437,2021-01-21 13:52:00,963.6,963.6,953.15,958.9,125,5475,1003.91,965.05,968.45
13438,2021-01-21 13:53:00,963.6,963.6,953.15,958.9,125,5475,1003.91,965.05,968.45
13439,2021-01-21 13:54:00,965.2,965.2,965.2,965.2,25,5550,1003.79,960.2,963.7
13440,2021-01-21 13:55:00,977.05,977.05,974.0,974.0,100,5550,1003.43,966.1,969.9
13441,2021-01-21 13:56:00,977.05,977.05,974.0,974.0,100,5550,1003.43,966.1,969.9
13442,2021-01-21 13:57:00,969.35,969.35,969.35,969.35,25,5550,1003.33,971.3,975.15
13443,2021-01-21 13:58:00,969.35,969.35,969.35,969.35,25,5550,1003.33,971.3,975.15
13444,2021-01-21 13:59:00,957.9,957.9,957.9,957.9,25,5550,1003.18,957.35,961.4
13445,2021-01-21 14:00:00,957.9,957.9,957.9,957.9,25,5550,1003.18,957.35,961.4
13446,2021-01-21 14:01:00,961.9,961.9,954.9,954.9,100,5550,1002.61,952.35,956.5
13447,2021-01-21 14:02:00,948.1,948.1,948.1,948.1,100,5550,1001.94,944.75,949.0
13448,2021-01-21 14:03:00,948.1,948.1,948.1,948.1,100,5550,1001.94,944.75,949.0
13449,2021-01-21 14:04:00,948.1,948.1,948.1,948.1,100,5550,1001.94,944.75,949.0
13450,2021-01-21 14:05:00,940.0,940.0,940.0,940.0,25,5600,1001.76,913.3,917.25
13451,2021-01-21 14:06:00,894.05,894.05,894.05,894.05,200,5600,999.36,897.3,901.75
13452,2021-01-21 14:07:00,894.05,894.05,894.05,894.05,200,5600,999.36,897.3,901.75
13453,2021-01-21 14:08:00,894.05,894.05,894.05,894.05,200,5600,999.36,897.3,901.75
13454,2021-01-21 14:09:00,894.05,894.05,894.05,894.05,200,5600,999.36,897.3,901.75
13455,2021-01-21 14:10:00,893.75,893.75,877.65,877.65,100,5700,998.08,884.85,888.95
13456,2021-01-21 14:11:00,884.85,884.85,884.85,884.85,100,5700,996.76,886.45,889.5
13457,2021-01-21 14:12:00,884.85,884.85,884.85,884.85,100,5700,996.76,886.45,889.5
13458,2021-01-21 14:13:00,884.85,884.85,884.85,884.85,100,5700,996.76,886.45,889.5
13459,2021-01-21 14:14:00,854.8,854.8,832.5,842.25,150,5650,994.24,835.8,845.4
13460,2021-01-21 14:15:00,840.0,841.55,840.0,841.55,125,5600,992.08,838.05,842.05
13461,2021-01-21 14:16:00,855.0,855.0,855.0,855.0,50,5600,991.32,853.45,857.45
13462,2021-01-21 14:17:00,882.05,882.05,882.05,882.05,25,5600,991.01,879.5,884.0
13463,2021-01-21 14:18:00,882.05,882.05,882.05,882.05,25,5600,991.01,879.5,884.0
13464,2021-01-21 14:19:00,882.05,882.05,882.05,882.05,25,5600,991.01,879.5,884.0
13465,2021-01-21 14:20:00,882.05,882.05,882.05,882.05,25,5600,991.01,879.5,884.0
13466,2021-01-21 14:21:00,889.5,889.5,889.5,889.5,100,5650,989.9,893.0,897.1
13467,2021-01-21 14:22:00,889.5,889.5,889.5,889.5,100,5650,989.9,893.0,897.1
13468,2021-01-21 14:23:00,889.5,889.5,889.5,889.5,100,5650,989.9,893.0,897.1
13469,2021-01-21 14:24:00,889.5,889.5,889.5,889.5,100,5650,989.9,893.0,897.1
13470,2021-01-21 14:25:00,899.5,899.5,899.5,899.5,50,5550,989.4,895.25,899.1
13471,2021-01-21 14:26:00,899.5,899.5,899.5,899.5,50,5550,989.4,895.25,899.1
13472,2021-01-21 14:27:00,899.5,899.5,899.5,899.5,50,5550,989.4,895.25,899.1
13473,2021-01-21 14:28:00,899.5,899.5,899.5,899.5,50,5550,989.4,895.25,899.1
13474,2021-01-21 14:29:00,899.5,899.5,899.5,899.5,50,5550,989.4,895.25,899.1
13475,2021-01-21 14:30:00,853.65,855.55,849.0,855.55,100,5550,987.92,840.5,856.35
13476,2021-01-21 14:31:00,860.0,860.0,860.0,860.0,50,5550,987.23,848.25,857.25
13477,2021-01-21 14:32:00,847.65,847.65,847.65,847.65,25,5550,986.86,847.1,850.25
13478,2021-01-21 14:33:00,847.65,847.65,847.65,847.65,25,5550,986.86,847.1,850.25
13479,2021-01-21 14:34:00,844.0,844.0,844.0,844.0,25,5550,986.47,841.1,845.6
13480,2021-01-21 14:35:00,861.75,861.75,861.75,861.75,50,5550,985.79,859.4,863.1
13481,2021-01-21 14:36:00,861.75,861.75,861.75,861.75,50,5550,985.79,859.4,863.1
13482,2021-01-21 14:37:00,855.3,855.3,855.3,855.3,25,5575,985.45,839.3,843.4
13483,2021-01-21 14:38:00,830.0,830.0,830.0,830.0,25,5575,985.04,827.7,831.65
13484,2021-01-21 14:39:00,829.15,829.15,829.15,829.15,25,0,984.62,845.2,848.8
13485,2021-01-21 14:40:00,829.15,829.15,829.15,829.15,25,0,984.62,845.2,848.8
13486,2021-01-21 14:41:00,824.5,840.2,824.5,840.2,975,5625,970.82,829.4,833.25
13487,2021-01-21 14:42:00,824.5,840.2,824.5,840.2,975,5625,970.82,829.4,833.25
13488,2021-01-21 14:43:00,810.85,810.85,810.85,810.85,25,6075,970.44,787.85,791.45
13489,2021-01-21 14:44:00,785.0,785.0,763.7,763.7,100,6075,968.59,765.45,769.05
13490,2021-01-21 14:45:00,767.9,767.9,750.7,750.7,225,6075,964.2,741.45,750.3
13491,2021-01-21 14:46:00,748.3,784.75,748.3,778.55,225,5975,960.1,782.35,785.85
13492,2021-01-21 14:47:00,748.3,784.75,748.3,778.55,225,5975,960.1,782.35,785.85
13493,2021-01-21 14:48:00,764.7,764.7,760.15,760.15,75,5975,958.77,745.4,749.2
13494,2021-01-21 14:49:00,731.05,731.05,686.85,690.65,400,5850,950.2,674.85,706.6
13495,2021-01-21 14:50:00,684.4,684.4,637.1,674.65,150,5850,946.46,668.2,687.0
13496,2021-01-21 14:51:00,695.15,706.7,694.75,706.7,100,5850,944.33,711.15,715.85
13497,2021-01-21 14:52:00,713.5,725.85,705.75,725.85,225,5850,940.01,717.4,730.65
13498,2021-01-21 14:53:00,731.75,731.75,718.4,718.4,775,5850,926.95,722.7,726.8
13499,2021-01-21 14:54:00,735.3,735.3,720.5,720.5,100,5850,925.41,721.1,732.1
13500,2021-01-21 14:55:00,728.3,729.85,722.3,722.3,650,6200,915.76,715.4,723.6
13501,2021-01-21 14:56:00,723.1,730.15,718.6,730.15,125,6200,914.01,726.45,730.45
13502,2021-01-21 14:57:00,733.55,733.55,724.85,724.85,100,6400,912.66,722.0,726.05
13503,2021-01-21 14:58:00,706.2,714.65,701.7,701.7,100,6400,911.17,696.4,705.8
13504,2021-01-21 14:59:00,698.0,707.35,693.25,707.35,75,6400,910.03,713.25,724.8
13505,2021-01-21 15:00:00,710.5,710.5,693.75,693.75,150,6400,907.77,692.75,706.2
13506,2021-01-21 15:01:00,701.65,706.75,701.65,706.75,250,6400,904.18,705.6,710.0
13507,2021-01-21 15:02:00,701.65,706.75,701.65,706.75,250,6400,904.18,705.6,710.0
13508,2021-01-21 15:03:00,699.95,699.95,699.95,699.95,100,6450,902.76,695.95,699.45
13509,2021-01-21 15:04:00,699.45,699.45,668.0,668.0,250,6450,899.03,658.4,664.2
13510,2021-01-21 15:05:00,645.8,645.8,598.65,598.65,350,6450,892.3,581.6,599.6
13511,2021-01-21 15:06:00,582.9,582.9,537.0,537.0,175,6450,888.41,540.6,545.9
13512,2021-01-21 15:07:00,537.0,537.0,505.0,530.25,375,6450,879.38,525.4,546.3
13513,2021-01-21 15:08:00,538.2,561.95,532.05,552.95,475,6450,869.48,553.15,562.05
13514,2021-01-21 15:09:00,545.7,545.7,527.35,527.35,275,6450,863.83,520.2,530.0
13515,2021-01-21 15:10:00,530.0,542.1,505.0,541.95,800,6500,848.02,539.9,545.85
13516,2021-01-21 15:11:00,545.85,567.35,536.35,567.35,1250,6500,828.2,558.05,563.4
13517,2021-01-21 15:12:00,541.8,554.85,540.6,552.85,350,6850,822.88,554.3,559.9
13518,2021-01-21 15:13:00,559.65,563.3,549.6,558.3,950,6850,809.91,554.25,563.15
13519,2021-01-21 15:14:00,557.35,561.0,554.75,561.0,825,6850,799.73,559.5,562.0
13520,2021-01-21 15:15:00,561.8,568.35,557.9,557.9,450,6850,794.65,560.5,564.05
13521,2021-01-21 15:16:00,564.5,575.5,563.45,574.4,800,7600,786.37,574.6,578.45
13522,2021-01-21 15:17:00,577.0,602.45,577.0,602.45,775,7600,779.48,602.55,605.55
13523,2021-01-21 15:18:00,610.7,654.75,610.7,654.75,1700,8450,769.07,651.3,655.15
13524,2021-01-21 15:19:00,653.3,655.75,639.4,643.65,1050,8450,764.04,642.9,649.15
13525,2021-01-21 15:20:00,646.85,656.0,641.5,644.2,550,8450,761.55,641.25,644.6
13526,2021-01-21 15:21:00,643.4,643.4,631.5,638.85,800,8700,757.67,636.4,640.15
13527,2021-01-21 15:22:00,640.7,647.95,640.7,642.85,475,8700,755.66,638.15,641.3
13528,2021-01-21 15:23:00,640.15,641.65,640.15,641.65,250,8700,754.61,642.8,645.4
13529,2021-01-21 15:24:00,644.65,646.8,643.75,644.85,275,8750,753.52,640.65,644.2
13530,2021-01-21 15:25:00,641.15,641.15,638.5,638.5,425,8750,751.77,636.2,639.85
13531,2021-01-21 15:26:00,638.1,638.1,637.0,637.55,375,8750,750.26,637.45,640.75
13532,2021-01-21 15:27:00,641.25,649.75,638.05,648.05,2500,9550,742.19,646.2,650.2
13533,2021-01-21 15:28:00,648.55,650.35,645.65,650.15,400,9550,740.99,643.85,646.95
13534,2021-01-21 15:29:00,648.55,650.35,645.65,650.15,400,9550,740.99,643.85,646.95
13535,2021-01-21 15:30:00,646.75,646.75,642.1,642.1,125,9550,740.61,640.55,652.55
13536,2021-01-22 09:15:00,540.0,540.0,452.85,458.3,8775,9550,471.98,454.9,458.95
13537,2021-01-22 09:16:00,453.35,459.95,445.0,455.3,11125,9550,462.49,453.6,457.6
13538,2021-01-22 09:17:00,455.6,458.65,450.05,452.3,7125,12925,460.03,452.8,454.9
13539,2021-01-22 09:18:00,451.9,488.15,450.0,480.7,16950,12925,463.64,480.2,482.75
13540,2021-01-22 09:19:00,482.9,494.05,479.9,490.95,16750,12925,469.77,490.15,492.35
13541,2021-01-22 09:20:00,485.9,490.7,465.6,478.35,31750,21975,472.97,476.45,478.25
13542,2021-01-22 09:21:00,479.8,482.55,461.95,462.45,9075,21975,472.95,461.8,464.3
13543,2021-01-22 09:22:00,466.5,480.9,455.2,480.9,8625,21975,472.56,479.55,481.05
13544,2021-01-22 09:23:00,478.3,485.05,477.15,482.2,10575,44700,473.39,480.5,482.2
13545,2021-01-22 09:24:00,483.0,505.7,482.35,505.7,11300,44700,475.01,505.75,507.6
13546,2021-01-22 09:25:00,506.45,515.0,506.05,511.5,12775,44700,478.1,509.95,511.45
13547,2021-01-22 09:26:00,503.9,509.45,480.4,484.5,12400,47100,479.33,482.8,484.65
13548,2021-01-22 09:27:00,485.0,489.2,472.55,472.55,7075,47100,479.43,472.65,474.05
13549,2021-01-22 09:28:00,472.05,472.05,453.85,457.95,9025,47100,478.56,456.0,457.3
13550,2021-01-22 09:29:00,456.75,456.75,422.0,426.6,35000,53825,471.01,426.6,428.5
13551,2021-01-22 09:30:00,422.5,424.05,401.55,423.6,37875,53825,462.08,421.3,423.25
13552,2021-01-22 09:31:00,424.1,424.3,396.75,422.65,38025,53825,455.23,420.95,422.85
13553,2021-01-22 09:32:00,420.05,427.45,407.7,414.65,37250,86550,450.68,413.65,415.95
13554,2021-01-22 09:33:00,415.0,428.0,413.15,424.45,27850,86550,448.32,422.75,424.2
13555,2021-01-22 09:34:00,423.25,423.25,410.0,417.75,22650,86550,446.32,415.8,417.1
13556,2021-01-22 09:35:00,415.65,427.0,414.5,424.15,33650,122050,444.17,425.3,427.2
13557,2021-01-22 09:36:00,425.0,434.55,424.05,430.95,27350,122050,443.21,430.0,431.2
13558,2021-01-22 09:37:00,431.75,437.55,429.95,437.55,18375,122050,442.76,435.95,437.8
13559,2021-01-22 09:38:00,437.2,441.0,433.2,441.0,23475,131650,442.48,441.0,442.2
13560,2021-01-22 09:39:00,441.3,441.95,433.45,435.9,20125,131650,442.28,434.8,436.4
13561,2021-01-22 09:40:00,436.95,452.15,435.95,446.75,27775,131650,442.45,445.05,446.45
13562,2021-01-22 09:41:00,446.1,446.1,423.05,428.35,20000,138725,442.14,427.25,428.95
13563,2021-01-22 09:42:00,426.55,438.95,426.55,433.1,9075,138725,441.99,432.9,434.15
13564,2021-01-22 09:43:00,431.95,446.2,431.3,434.15,13400,138725,441.95,435.05,436.05
13565,2021-01-22 09:44:00,434.6,435.45,427.0,433.35,15225,149000,441.67,431.2,432.85
13566,2021-01-22 09:45:00,431.4,448.05,427.55,448.05,28975,149000,441.34,447.95,449.8
13567,2021-01-22 09:46:00,443.4,459.2,438.1,438.1,42700,149000,442.0,439.0,440.55
13568,2021-01-22 09:47:00,438.15,446.0,432.45,444.65,14500,157700,441.92,443.5,444.8
13569,2021-01-22 09:48:00,444.8,451.5,440.25,448.45,7825,157700,441.99,448.15,449.7
13570,2021-01-22 09:49:00,448.2,451.7,443.7,446.55,10875,157700,442.08,446.5,447.85
13571,2021-01-22 09:50:00,449.15,454.95,438.8,439.6,12900,163175,442.17,438.2,439.95
13572,2021-01-22 09:51:00,438.35,445.8,435.05,444.1,8475,163175,442.16,444.15,445.6
13573,2021-01-22 09:52:00,444.25,453.9,443.0,452.0,8250,163175,442.23,451.95,453.4
13574,2021-01-22 09:53:00,452.1,462.8,451.25,456.35,13300,162450,442.51,456.4,457.85
13575,2021-01-22 09:54:00,455.95,460.1,451.9,451.9,8225,162450,442.66,452.3,454.2
13576,2021-01-22 09:55:00,452.85,458.7,452.2,456.85,4875,162450,442.74,455.9,457.3
13577,2021-01-22 09:56:00,456.9,461.35,444.0,444.0,16275,164775,442.99,443.8,445.2
13578,2021-01-22 09:57:00,444.4,445.35,430.1,430.45,14125,164775,442.92,430.35,431.65
13579,2021-01-22 09:58:00,432.25,437.15,429.0,435.5,9450,164775,442.79,436.45,438.0
13580,2021-01-22 09:59:00,438.0,444.1,435.2,435.2,10350,175400,442.75,435.95,437.6
13581,2021-01-22 10:00:00,435.4,438.3,430.2,434.0,15775,175400,442.57,432.35,434.05
13582,2021-01-22 10:01:00,434.2,435.0,414.8,425.15,36875,175400,441.68,425.7,427.15
13583,2021-01-22 10:02:00,425.3,432.85,424.6,431.65,10450,185925,441.51,430.95,432.0
13584,2021-01-22 10:03:00,430.9,435.05,427.0,429.4,13575,185925,441.33,429.15,430.45
13585,2021-01-22 10:04:00,429.9,434.6,428.0,430.95,8125,185925,441.24,429.0,430.35
13586,2021-01-22 10:05:00,427.65,430.85,422.25,430.85,10200,193050,441.07,429.5,431.2
13587,2021-01-22 10:06:00,430.5,431.35,414.3,416.0,13175,193050,440.77,414.75,416.3
13588,2021-01-22 10:07:00,415.0,423.0,414.75,418.65,7425,193050,440.59,418.1,418.7
13589,2021-01-22 10:08:00,418.7,423.3,417.0,420.6,13100,199875,440.3,420.55,421.9
13590,2021-01-22 10:09:00,422.65,424.4,417.1,421.75,8550,199875,440.12,420.55,422.0
13591,2021-01-22 10:10:00,422.05,423.1,413.9,416.3,12550,199875,439.81,415.55,416.95
13592,2021-01-22 10:11:00,415.15,424.85,415.15,420.65,9325,211025,439.64,420.95,422.25
13593,2021-01-22 10:12:00,422.9,431.9,422.0,429.65,15500,211025,439.45,428.7,429.8
13594,2021-01-22 10:13:00,428.7,435.0,428.25,431.5,11700,211025,439.36,430.1,431.5
13595,2021-01-22 10:14:00,431.0,438.3,429.4,435.7,12300,217250,439.29,435.05,436.85
13596,2021-01-22 10:15:00,438.0,461.95,433.15,461.95,41700,217250,439.5,460.3,461.9
13597,2021-01-22 10:16:00,461.5,461.5,440.3,440.7,21125,217250,439.71,440.2,441.75
13598,2021-01-22 10:17:00,440.0,444.25,433.15,439.7,10675,219050,439.69,438.05,439.75
13599,2021-01-22 10:18:00,438.3,441.3,426.8,431.5,11725,219050,439.61,429.5,430.8
13600,2021-01-22 10:19:00,431.35,431.35,422.5,424.4,9075,219050,439.51,424.3,425.65
13601,2021-01-22 10:20:00,423.7,426.6,411.65,411.65,17850,223025,439.18,411.9,413.2
13602,2021-01-22 10:21:00,412.4,412.55,369.0,388.7,81900,223025,435.69,387.1,388.65
13603,2021-01-22 10:22:00,388.7,393.35,381.95,391.85,23675,223025,434.73,391.8,393.3
13604,2021-01-22 10:23:00,392.75,393.8,360.75,361.8,53950,227600,432.24,362.25,364.0
13605,2021-01-22 10:24:00,362.45,381.45,360.3,377.2,33325,227600,430.79,377.2,378.35
13606,2021-01-22 10:25:00,376.45,376.45,349.2,349.2,62000,227600,427.69,348.3,350.0
13607,2021-01-22 10:26:00,349.55,372.5,341.1,365.0,50800,257425,425.29,363.9,364.95
13608,2021-01-22 10:27:00,367.0,372.0,359.35,367.0,52650,257425,423.13,365.95,366.9
13609,2021-01-22 10:28:00,365.0,372.55,358.55,370.55,22700,257425,422.23,370.2,371.55
13610,2021-01-22 10:29:00,373.75,378.85,369.1,369.1,27725,283325,421.36,368.1,369.5
13611,2021-01-22 10:30:00,370.7,384.7,356.1,381.35,37425,283325,420.1,380.65,381.7
13612,2021-01-22 10:31:00,385.4,393.55,377.0,383.7,33575,283325,419.34,383.35,384.3
13613,2021-01-22 10:32:00,385.0,388.35,377.05,384.9,15300,288475,418.99,385.45,386.85
13614,2021-01-22 10:33:00,387.0,394.0,383.3,386.2,15650,288475,418.7,385.95,387.3
13615,2021-01-22 10:34:00,384.1,391.9,383.75,387.85,16875,288475,418.38,386.3,387.55
13616,2021-01-22 10:35:00,388.8,392.5,385.6,390.35,13525,294325,418.14,389.55,390.55
13617,2021-01-22 10:36:00,393.0,393.0,378.1,380.0,19250,294325,417.75,379.2,380.4
13618,2021-01-22 10:37:00,378.8,378.8,363.3,368.4,20625,294325,417.21,367.35,368.45
13619,2021-01-22 10:38:00,365.75,379.1,365.1,372.0,15075,304200,416.82,372.0,372.55
13620,2021-01-22 10:39:00,372.0,377.0,370.35,375.6,10550,304200,416.55,375.85,376.9
13621,2021-01-22 10:40:00,375.7,390.35,371.05,387.65,16950,304200,416.22,386.45,387.6
13622,2021-01-22 10:41:00,389.1,394.25,385.05,387.45,16325,310325,415.98,387.3,388.65
13623,2021-01-22 10:42:00,382.85,386.0,374.35,384.25,9975,310325,415.77,383.85,384.9
13624,2021-01-22 10:43:00,383.55,392.3,383.55,387.3,9675,310325,415.62,387.35,388.55
13625,2021-01-22 10:44:00,388.0,396.95,385.65,391.2,14800,311000,415.43,391.3,392.5
13626,2021-01-22 10:45:00,391.05,392.4,380.1,384.0,8500,311000,415.29,382.7,383.65
13627,2021-01-22 10:46:00,381.6,393.75,371.85,393.0,13800,311000,415.04,392.0,393.05
13628,2021-01-22 10:47:00,391.8,394.05,387.15,390.1,6400,314025,414.95,390.0,390.9
13629,2021-01-22 10:48:00,390.25,393.6,385.45,392.0,5025,314025,414.89,392.8,393.8
13630,2021-01-22 10:49:00,392.35,392.5,386.7,389.3,4950,314025,414.82,387.6,388.8
13631,2021-01-22 10:50:00,388.7,389.2,376.45,383.35,11275,317950,414.62,382.5,383.0
13632,2021-01-22 10:51:00,384.35,390.6,382.55,390.6,7275,317950,414.51,389.25,390.2
13633,2021-01-22 10:52:00,389.2,392.7,383.55,392.7,8325,317950,414.39,390.6,391.85
13634,2021-01-22 10:53:00,392.2,414.45,392.15,395.2,48175,314275,414.15,396.3,397.1
13635,2021-01-22 10:54:00,396.6,407.45,395.55,401.0,15125,314275,414.07,400.55,401.35
13636,2021-01-22 10:55:00,401.35,402.95,385.4,387.0,15825,314275,413.89,386.1,387.2
13637,2021-01-22 10:56:00,384.1,388.55,378.05,385.5,15950,315350,413.63,384.35,385.6
13638,2021-01-22 10:57:00,385.5,388.0,373.0,384.0,17925,315350,413.31,382.9,384.4
13639,2021-01-22 10:58:00,383.85,387.0,377.55,385.0,10400,315350,413.14,384.85,386.1
13640,2021-01-22 10:59:00,380.0,382.45,375.05,378.15,10875,318300,412.96,377.75,378.85
13641,2021-01-22 11:00:00,376.0,385.25,367.05,377.05,18500,318300,412.62,375.75,376.8
13642,2021-01-22 11:01:00,375.75,383.05,374.2,380.0,7950,318300,412.48,379.95,380.8
13643,2021-01-22 11:02:00,381.0,386.0,378.0,378.0,8825,324300,412.35,377.0,377.85
13644,2021-01-22 11:03:00,375.05,388.0,374.85,385.65,21800,324300,412.0,384.15,385.55
13645,2021-01-22 11:04:00,385.6,386.45,382.15,386.0,6275,324300,411.91,385.2,386.55
13646,2021-01-22 11:05:00,390.75,394.85,384.0,384.0,27075,330500,411.61,383.15,384.45
13647,2021-01-22 11:06:00,383.3,383.3,376.6,382.7,12425,330500,411.43,382.6,383.65
13648,2021-01-22 11:07:00,383.65,385.25,367.95,369.6,27950,330500,410.92,368.15,369.55
13649,2021-01-22 11:08:00,361.8,381.1,361.8,379.15,21325,335700,410.54,377.95,378.4
13650,2021-01-22 11:09:00,378.5,378.5,362.9,372.25,22600,335700,410.1,371.2,372.5
13651,2021-01-22 11:10:00,373.65,373.65,356.45,367.15,49075,335700,409.06,368.05,369.2
13652,2021-01-22 11:11:00,370.3,377.0,368.25,369.0,18975,342700,408.75,367.35,368.7
13653,2021-01-22 11:12:00,368.9,372.0,366.55,369.75,19575,342700,408.4,368.4,369.75
13654,2021-01-22 11:13:00,370.0,374.0,361.45,372.05,20575,342700,408.03,371.5,372.05
13655,2021-01-22 11:14:00,372.4,374.4,367.5,368.35,7750,349525,407.91,368.55,369.45
13656,2021-01-22 11:15:00,369.1,371.0,361.45,365.4,12275,349525,407.67,365.0,366.15
13657,2021-01-22 11:16:00,363.25,365.7,349.0,355.25,34850,349525,406.9,354.55,355.5
13658,2021-01-22 11:17:00,355.4,359.9,345.95,358.5,16900,361075,406.5,357.25,358.2
13659,2021-01-22 11:18:00,358.75,368.4,357.95,362.8,13850,361075,406.25,360.25,361.25
13660,2021-01-22 11:19:00,362.5,362.6,348.05,349.15,9175,361075,406.05,348.0,349.1
13661,2021-01-22 11:20:00,347.7,363.9,344.85,359.5,27600,364800,405.46,358.85,359.8
13662,2021-01-22 11:21:00,358.9,362.95,354.4,355.7,11550,364800,405.24,355.15,356.1
13663,2021-01-22 11:22:00,354.85,354.9,325.0,331.55,47800,364800,403.89,330.35,331.25
13664,2021-01-22 11:23:00,333.75,342.2,330.05,335.6,33075,359600,402.97,334.2,335.4
13665,2021-01-22 11:24:00,331.95,331.95,312.35,324.5,49125,359600,401.42,323.25,324.55
13666,2021-01-22 11:25:00,325.5,331.85,315.85,324.75,50150,359600,399.91,324.4,325.75
13667,2021-01-22 11:26:00,324.55,341.9,324.55,336.85,54800,367450,398.57,336.5,337.5
13668,2021-01-22 11:27:00,337.15,347.25,335.0,344.0,38150,367450,397.77,342.5,343.65
13669,2021-01-22 11:28:00,343.95,348.75,336.05,348.6,13875,367450,397.48,348.8,349.85
13670,2021-01-22 11:29:00,348.95,349.5,341.1,347.0,10325,375675,397.29,346.65,347.35
13671,2021-01-22 11:30:00,346.65,346.65,325.9,327.75,28575,375675,396.59,326.1,327.3
13672,2021-01-22 11:31:00,326.75,336.25,324.15,331.05,14425,375675,396.25,331.0,332.1
13673,2021-01-22 11:32:00,330.0,336.55,329.95,330.8,18400,374275,395.82,330.55,331.55
13674,2021-01-22 11:33:00,331.1,337.0,325.55,334.15,17100,374275,395.42,333.95,334.55
13675,2021-01-22 11:34:00,333.65,340.9,328.25,340.9,16700,374275,395.06,339.85,341.0
13676,2021-01-22 11:35:00,339.85,349.95,339.85,349.95,21475,375575,394.68,348.55,349.75
13677,2021-01-22 11:36:00,349.7,358.6,347.1,351.8,25675,375575,394.3,351.5,352.35
13678,2021-01-22 11:37:00,350.5,351.7,337.05,341.7,19350,375575,393.95,340.7,341.75
13679,2021-01-22 11:38:00,342.55,344.95,338.05,339.95,8500,383750,393.8,338.3,339.3
13680,2021-01-22 11:39:00,338.0,338.85,326.65,334.9,16900,383750,393.44,334.0,335.2
13681,2021-01-22 11:40:00,335.15,335.15,323.05,328.5,19525,383750,393.0,328.0,328.75
13682,2021-01-22 11:41:00,327.65,329.9,320.65,327.75,28950,385150,392.33,326.65,327.6
13683,2021-01-22 11:42:00,326.0,331.05,320.0,326.85,17550,385150,391.93,324.85,326.05
13684,2021-01-22 11:43:00,325.55,341.7,325.55,341.7,24650,385150,391.45,340.1,341.2
13685,2021-01-22 11:44:00,341.25,342.85,333.15,333.15,13275,376475,391.21,333.0,334.1
13686,2021-01-22 11:45:00,333.0,339.3,323.25,337.2,18325,376475,390.84,337.3,338.65
13687,2021-01-22 11:46:00,338.2,342.1,331.2,337.9,15700,376475,390.56,339.0,339.7
13688,2021-01-22 11:47:00,338.7,339.1,328.0,334.85,14750,380900,390.28,332.55,333.3
13689,2021-01-22 11:48:00,333.5,335.0,328.25,334.0,13050,380900,390.03,333.9,334.9
13690,2021-01-22 11:49:00,336.25,341.35,336.0,337.95,15625,380900,389.76,337.0,338.15
13691,2021-01-22 11:50:00,337.0,338.9,328.7,331.95,13725,387675,389.51,332.0,332.65
13692,2021-01-22 11:51:00,332.0,342.0,330.5,338.95,13475,387675,389.29,339.3,340.2
13693,2021-01-22 11:52:00,340.75,343.0,333.15,342.2,15375,387675,389.04,340.95,342.05
13694,2021-01-22 11:53:00,340.6,346.0,336.65,346.0,10450,389800,388.88,345.4,346.55
13695,2021-01-22 11:54:00,342.9,349.9,342.15,344.85,16025,389800,388.66,345.75,346.6
13696,2021-01-22 11:55:00,345.8,349.75,339.3,345.05,9950,389800,388.52,345.0,346.05
13697,2021-01-22 11:56:00,345.65,349.35,343.0,343.8,8200,385800,388.41,344.25,344.6
13698,2021-01-22 11:57:00,344.65,347.05,336.15,345.0,8850,385800,388.28,345.8,346.9
13699,2021-01-22 11:58:00,347.05,348.85,341.05,342.7,8775,385800,388.16,342.65,343.2
13700,2021-01-22 11:59:00,343.15,357.8,342.25,355.5,21725,384700,387.9,355.0,356.0
13701,2021-01-22 12:00:00,355.4,355.4,345.4,346.1,15825,384700,387.71,346.1,347.2
13702,2021-01-22 12:01:00,346.0,348.7,330.0,340.25,21225,384700,387.39,338.35,339.65
13703,2021-01-22 12:02:00,337.55,339.3,326.5,330.0,18900,384700,387.05,329.15,330.0
13704,2021-01-22 12:03:00,330.0,334.55,329.05,331.15,9050,386850,386.9,331.3,332.05
13705,2021-01-22 12:04:00,332.35,339.85,326.85,339.0,13600,386850,386.68,338.0,339.0
13706,2021-01-22 12:05:00,338.55,339.4,327.1,330.95,13375,386850,386.46,330.3,331.15
13707,2021-01-22 12:06:00,331.45,336.0,327.0,333.35,8725,399975,386.31,333.7,334.7
13708,2021-01-22 12:07:00,334.0,336.0,327.0,333.15,11600,399975,386.12,331.7,332.85
13709,2021-01-22 12:08:00,332.4,332.6,326.3,326.7,9975,399975,385.95,326.0,327.0
13710,2021-01-22 12:09:00,327.2,328.75,320.45,325.65,23425,405875,385.51,323.6,324.9
13711,2021-01-22 12:10:00,326.0,328.2,290.0,302.3,70150,405875,383.89,302.7,304.15
13712,2021-01-22 12:11:00,303.25,313.7,302.95,311.85,41575,405875,383.0,311.55,312.6
13713,2021-01-22 12:12:00,312.35,318.65,311.75,316.75,22375,417675,382.56,316.7,317.85
13714,2021-01-22 12:13:00,318.15,325.25,317.8,324.1,24875,417675,382.12,324.1,324.95
13715,2021-01-22 12:14:00,324.55,329.6,323.8,327.25,17600,417675,381.84,326.8,327.85
13716,2021-01-22 12:15:00,325.1,325.95,316.0,318.0,23975,410100,381.43,316.8,318.0
13717,2021-01-22 12:16:00,314.7,327.15,314.7,322.15,28825,410100,380.95,321.0,321.85
13718,2021-01-22 12:17:00,321.65,325.9,316.25,325.0,20325,410100,380.61,324.15,325.2
13719,2021-01-22 12:18:00,323.45,329.4,323.15,327.75,19350,422550,380.31,326.85,327.9
13720,2021-01-22 12:19:00,326.95,329.0,324.65,327.8,14250,422550,380.1,327.55,328.25
13721,2021-01-22 12:20:00,327.5,328.55,323.35,327.25,8800,422550,379.97,326.65,327.7
13722,2021-01-22 12:21:00,327.2,328.15,320.65,326.9,10400,424825,379.81,325.5,326.55
13723,2021-01-22 12:22:00,326.4,334.0,325.35,333.45,26800,424825,379.45,332.0,333.05
13724,2021-01-22 12:23:00,333.6,335.1,326.95,328.1,12175,424825,379.29,328.45,329.2
13725,2021-01-22 12:24:00,329.5,332.65,328.15,331.0,5300,420350,379.22,330.65,331.75
13726,2021-01-22 12:25:00,330.8,346.4,330.8,335.0,31200,420350,378.9,334.55,335.85
13727,2021-01-22 12:26:00,336.3,338.25,322.0,322.0,22675,420350,378.6,321.3,322.3
13728,2021-01-22 12:27:00,323.8,327.7,321.15,324.1,11175,421625,378.43,323.05,323.75
13729,2021-01-22 12:28:00,323.75,324.5,316.65,319.8,22350,421625,378.09,319.5,320.5
13730,2021-01-22 12:29:00,319.2,325.4,314.85,324.8,39200,421625,377.49,324.7,325.75
13731,2021-01-22 12:30:00,325.2,327.0,320.2,323.3,10200,419475,377.35,322.0,323.25
13732,2021-01-22 12:31:00,323.0,325.0,310.55,312.55,36950,419475,376.76,312.55,313.65
13733,2021-01-22 12:32:00,312.35,327.0,311.4,327.0,23125,419475,376.42,325.75,326.7
13734,2021-01-22 12:33:00,326.15,326.2,321.3,322.95,9950,433600,376.29,322.0,322.85
13735,2021-01-22 12:34:00,322.85,323.25,316.5,318.95,12550,433600,376.11,318.35,319.55
13736,2021-01-22 12:35:00,319.6,323.8,316.9,317.0,11950,433600,375.93,316.3,317.6
13737,2021-01-22 12:36:00,316.3,323.95,312.0,320.55,23125,437575,375.58,319.05,320.2
13738,2021-01-22 12:37:00,320.25,320.25,308.4,314.25,16500,437575,375.33,313.2,314.45
13739,2021-01-22 12:38:00,313.5,320.0,308.35,308.35,21400,437575,374.99,308.9,310.15
13740,2021-01-22 12:39:00,311.1,317.8,310.0,313.6,17975,439200,374.71,312.4,313.45
13741,2021-01-22 12:40:00,312.55,315.8,301.0,311.6,40275,439200,374.05,310.8,312.1
13742,2021-01-22 12:41:00,312.0,312.0,300.65,303.4,36400,439200,373.4,303.35,304.45
13743,2021-01-22 12:42:00,302.2,310.85,293.4,307.15,40500,444250,372.7,307.2,308.35
13744,2021-01-22 12:43:00,307.35,309.65,298.4,300.85,20625,444250,372.36,300.25,301.2
13745,2021-01-22 12:44:00,301.35,307.1,295.25,295.25,14900,444250,372.11,295.45,296.8
13746,2021-01-22 12:45:00,295.85,295.85,280.8,295.0,58675,446050,370.94,294.9,296.1
13747,2021-01-22 12:46:00,296.55,305.95,294.35,300.4,36125,446050,370.34,299.6,300.25
13748,2021-01-22 12:47:00,297.85,303.3,294.35,300.1,21500,446050,369.99,299.25,300.05
13749,2021-01-22 12:48:00,300.35,304.3,297.15,302.45,16275,448925,369.72,303.25,304.6
13750,2021-01-22 12:49:00,304.65,306.6,300.75,301.35,16875,448925,369.46,301.15,302.25
13751,2021-01-22 12:50:00,301.1,302.1,289.6,295.1,18400,448925,369.14,294.0,294.6
13752,2021-01-22 12:51:00,293.75,295.0,286.55,293.95,19950,446725,368.77,293.35,294.0
13753,2021-01-22 12:52:00,294.45,295.0,285.7,286.45,13250,446725,368.53,286.35,287.4
13754,2021-01-22 12:53:00,287.6,290.0,270.05,272.95,52750,446725,367.46,272.9,273.25
13755,2021-01-22 12:54:00,272.85,280.0,261.25,265.15,61150,443125,366.13,264.4,265.45
13756,2021-01-22 12:55:00,266.7,275.45,256.25,262.2,52075,443125,364.98,262.35,263.55
13757,2021-01-22 12:56:00,263.25,264.95,252.85,263.35,38150,443125,364.1,263.1,264.1
13758,2021-01-22 12:57:00,262.2,269.55,260.0,263.75,26925,446350,363.52,263.1,264.1
13759,2021-01-22 12:58:00,263.0,263.0,250.5,252.5,24875,446350,362.94,251.3,252.15
13760,2021-01-22 12:59:00,250.9,255.8,236.0,251.8,50975,446350,361.66,250.2,251.45
13761,2021-01-22 13:00:00,250.4,250.4,235.35,239.05,43225,444650,360.54,239.0,239.75
13762,2021-01-22 13:01:00,241.85,245.0,233.1,243.6,41950,444650,359.48,242.35,243.65
13763,2021-01-22 13:02:00,242.55,242.55,226.0,235.35,50575,444650,358.16,234.6,235.75
13764,2021-01-22 13:03:00,234.7,240.0,230.3,232.45,23700,429000,357.55,232.3,233.2
13765,2021-01-22 13:04:00,232.3,239.25,232.1,238.75,11450,429000,357.26,238.8,239.6
13766,2021-01-22 13:05:00,240.1,246.0,237.15,244.95,12925,429000,356.95,244.25,245.25
13767,2021-01-22 13:06:00,244.1,244.1,231.65,240.0,22175,423625,356.41,240.65,241.35
13768,2021-01-22 13:07:00,240.7,245.35,237.5,245.35,12300,423625,356.12,245.0,245.95
13769,2021-01-22 13:08:00,241.85,245.0,233.85,237.5,13800,423625,355.78,236.55,237.6
13770,2021-01-22 13:09:00,238.35,239.9,230.5,236.2,14300,423725,355.43,235.55,236.35
13771,2021-01-22 13:10:00,237.0,237.0,225.15,228.95,17800,423725,354.97,229.15,230.0
13772,2021-01-22 13:11:00,231.0,233.25,211.95,220.3,45175,423725,353.77,219.35,220.35
13773,2021-01-22 13:12:00,218.6,225.35,210.0,223.2,31500,420475,352.91,222.95,224.0
13774,2021-01-22 13:13:00,223.1,230.7,223.1,227.05,11425,420475,352.62,226.85,227.85
13775,2021-01-22 13:14:00,227.75,227.85,216.6,216.8,19025,420475,352.12,216.4,217.4
13776,2021-01-22 13:15:00,216.1,230.4,212.75,227.45,29075,408150,351.37,226.8,227.65
13777,2021-01-22 13:16:00,227.5,228.1,218.5,222.2,28150,408150,350.65,221.15,222.05
13778,2021-01-22 13:17:00,222.1,235.9,222.1,235.9,22750,408150,350.11,235.7,236.55
13779,2021-01-22 13:18:00,235.8,241.75,230.0,234.65,12325,403025,349.84,234.3,235.15
13780,2021-01-22 13:19:00,234.55,244.95,230.85,244.95,8675,403025,349.64,244.3,244.95
13781,2021-01-22 13:20:00,245.3,255.0,237.8,253.2,30200,403025,349.05,253.85,254.85
13782,2021-01-22 13:21:00,253.9,258.95,245.15,249.15,21925,402250,348.65,249.1,249.6
13783,2021-01-22 13:22:00,250.8,250.8,241.35,243.95,7650,402250,348.5,242.85,244.2
13784,2021-01-22 13:23:00,242.0,242.0,227.75,235.9,25250,402250,347.94,234.9,235.7
13785,2021-01-22 13:24:00,235.05,241.15,233.05,238.85,9575,399225,347.74,237.6,238.65
13786,2021-01-22 13:25:00,236.0,237.35,230.8,235.9,71850,399225,346.18,234.8,235.9
13787,2021-01-22 13:26:00,234.55,238.75,231.9,234.2,17075,399225,345.82,234.2,235.2
13788,2021-01-22 13:27:00,235.9,248.8,234.75,243.0,9925,397725,345.62,242.15,243.55
13789,2021-01-22 13:28:00,242.15,244.9,238.4,243.45,12925,397725,345.37,242.55,243.45
13790,2021-01-22 13:29:00,243.6,247.1,238.15,243.35,10300,397725,345.17,242.75,243.85
13791,2021-01-22 13:30:00,242.35,242.45,234.7,235.1,8875,395000,344.99,235.7,236.6
13792,2021-01-22 13:31:00,234.8,235.25,218.45,225.45,17125,395000,344.61,224.55,225.5
13793,2021-01-22 13:32:00,224.65,224.9,216.85,221.0,7800,395000,344.43,220.35,221.5
13794,2021-01-22 13:33:00,221.45,229.05,220.7,227.7,3600,435900,344.35,228.1,229.05
13795,2021-01-22 13:34:00,228.2,234.5,226.4,231.45,6300,435900,344.22,230.6,231.55
13796,2021-01-22 13:35:00,229.2,230.2,225.0,227.5,7350,435900,344.06,227.05,227.9
13797,2021-01-22 13:36:00,227.75,232.95,226.85,230.0,7225,443550,343.91,229.8,230.55
13798,2021-01-22 13:37:00,231.4,231.4,215.0,215.25,12975,443550,343.61,215.0,215.8
13799,2021-01-22 13:38:00,214.9,214.9,197.5,205.35,33875,443550,342.75,205.35,206.2
13800,2021-01-22 13:39:00,205.1,209.55,195.3,203.4,16775,442725,342.32,202.85,203.8
13801,2021-01-22 13:40:00,203.7,205.9,185.0,195.85,30725,442725,341.51,195.45,196.3
13802,2021-01-22 13:41:00,196.0,203.1,193.15,197.35,40950,442725,340.45,197.95,198.9
13803,2021-01-22 13:42:00,197.1,209.35,192.35,209.0,61050,445375,338.95,209.0,209.55
13804,2021-01-22 13:43:00,209.85,211.75,203.3,204.45,37250,445375,338.08,203.65,204.45
13805,2021-01-22 13:44:00,206.0,212.85,204.2,211.35,10950,445375,337.83,211.4,212.15
13806,2021-01-22 13:45:00,212.25,212.95,207.2,212.0,9175,426625,337.62,212.15,212.95
13807,2021-01-22 13:46:00,212.95,229.4,212.6,221.85,14525,426625,337.32,222.5,223.3
13808,2021-01-22 13:47:00,223.9,228.6,220.1,227.45,27750,426625,336.78,227.95,228.9
13809,2021-01-22 13:48:00,228.5,234.65,226.95,228.0,13075,423600,336.54,227.0,227.9
13810,2021-01-22 13:49:00,227.25,227.25,209.95,216.65,23775,423600,336.04,217.25,217.95
13811,2021-01-22 13:50:00,216.65,223.2,211.15,220.9,19800,423600,335.63,220.35,221.05
13812,2021-01-22 13:51:00,219.0,219.55,211.65,215.55,12875,418750,335.36,214.45,215.15
13813,2021-01-22 13:52:00,214.5,220.45,211.05,215.6,23325,418750,334.88,214.9,215.75
13814,2021-01-22 13:53:00,216.0,218.8,212.6,218.0,14400,418750,334.58,217.35,218.15
13815,2021-01-22 13:54:00,215.75,218.55,214.0,218.05,7275,394675,334.43,217.95,218.8
13816,2021-01-22 13:55:00,217.3,235.45,214.0,224.1,16150,394675,334.14,223.35,224.1
13817,2021-01-22 13:56:00,225.45,232.0,220.2,224.3,10125,394675,333.95,224.2,225.0
13818,2021-01-22 13:57:00,225.25,231.15,224.2,229.6,5975,396150,333.84,229.45,230.4
13819,2021-01-22 13:58:00,229.2,230.0,216.85,220.6,12425,396150,333.6,220.1,220.55
13820,2021-01-22 13:59:00,219.4,221.05,213.3,217.0,11425,396150,333.37,217.05,217.8
13821,2021-01-22 14:00:00,216.85,225.55,216.85,223.8,6125,395550,333.26,223.9,224.85
13822,2021-01-22 14:01:00,225.9,227.8,220.0,226.0,9225,395550,333.08,225.6,226.35
13823,2021-01-22 14:02:00,223.95,229.0,220.55,223.85,6325,395550,332.97,223.2,224.5
13824,2021-01-22 14:03:00,223.45,228.5,223.4,227.45,4775,383525,332.88,227.1,227.8
13825,2021-01-22 14:04:00,227.0,232.25,222.2,232.25,6000,383525,332.78,231.5,232.5
13826,2021-01-22 14:05:00,233.3,249.1,233.3,244.05,35625,383525,332.23,243.25,244.3
13827,2021-01-22 14:06:00,243.9,251.4,241.2,250.0,26125,380225,331.86,249.15,250.0
13828,2021-01-22 14:07:00,250.65,250.65,224.55,228.45,28150,380225,331.4,227.75,228.55
13829,2021-01-22 14:08:00,228.1,229.45,219.9,225.5,14850,380225,331.14,226.05,226.95
13830,2021-01-22 14:09:00,227.1,232.3,222.25,224.3,15225,375125,330.87,224.0,224.8
13831,2021-01-22 14:10:00,224.45,225.3,215.55,215.55,18650,375125,330.53,214.9,215.9
13832,2021-01-22 14:11:00,213.3,219.55,207.7,219.55,12650,375125,330.29,218.4,219.15
13833,2021-01-22 14:12:00,220.4,220.4,210.8,217.45,13300,377000,330.03,216.45,217.05
13834,2021-01-22 14:13:00,215.05,219.75,213.5,219.0,5075,377000,329.94,218.85,219.55
13835,2021-01-22 14:14:00,218.85,219.5,212.0,217.2,6675,377000,329.81,217.15,217.95
13836,2021-01-22 14:15:00,217.5,225.95,211.4,225.95,10725,378075,329.62,225.95,226.8
13837,2021-01-22 14:16:00,227.55,228.4,217.45,219.25,8525,378075,329.47,217.85,218.5
13838,2021-01-22 14:17:00,216.5,222.75,216.5,220.2,9075,378075,329.31,219.75,220.5
13839,2021-01-22 14:18:00,220.5,225.05,218.35,224.1,10975,376425,329.11,222.95,224.05
13840,2021-01-22 14:19:00,224.7,230.0,219.6,219.6,14850,376425,328.86,218.45,219.15
13841,2021-01-22 14:20:00,218.7,221.55,214.4,219.15,10225,376425,328.68,219.35,220.2
13842,2021-01-22 14:21:00,221.05,225.0,218.1,223.4,4900,379825,328.59,221.8,222.5
13843,2021-01-22 14:22:00,223.6,225.0,218.7,220.0,4050,379825,328.52,218.4,218.95
13844,2021-01-22 14:23:00,218.6,221.15,215.75,220.55,4675,379825,328.44,220.5,221.2
13845,2021-01-22 14:24:00,221.9,224.5,217.1,221.15,16050,379075,328.16,220.45,221.05
13846,2021-01-22 14:25:00,219.85,223.35,216.9,222.75,10200,379075,327.98,222.75,223.45
13847,2021-01-22 14:26:00,222.0,231.45,221.35,230.15,19800,379075,327.65,229.95,230.65
13848,2021-01-22 14:27:00,229.7,238.8,227.0,230.65,30550,379375,327.19,230.6,231.3
13849,2021-01-22 14:28:00,230.7,232.75,227.1,229.95,12650,379375,326.99,229.4,230.05
13850,2021-01-22 14:29:00,230.35,233.05,228.25,231.75,14600,379375,326.77,231.2,232.05
13851,2021-01-22 14:30:00,234.35,251.2,232.0,247.55,44800,380625,326.18,248.0,248.9
13852,2021-01-22 14:31:00,247.8,249.0,232.5,236.65,36850,380625,325.68,236.5,237.4
13853,2021-01-22 14:32:00,236.6,238.4,230.35,233.25,22200,380625,325.37,232.85,233.45
13854,2021-01-22 14:33:00,233.5,239.65,233.5,235.65,10450,379600,325.22,235.25,236.0
13855,2021-01-22 14:34:00,234.2,234.2,216.8,217.4,18100,379600,324.94,217.45,218.45
13856,2021-01-22 14:35:00,217.5,217.5,178.45,189.0,42925,379600,324.07,188.4,189.95
13857,2021-01-22 14:36:00,187.6,199.25,185.4,195.05,16625,380125,323.73,193.7,195.5
13858,2021-01-22 14:37:00,196.9,201.0,193.95,197.1,10000,380125,323.53,196.55,197.6
13859,2021-01-22 14:38:00,198.6,201.1,197.45,198.65,5225,380125,323.43,198.5,199.6
13860,2021-01-22 14:39:00,198.7,199.15,187.4,191.15,11500,380800,323.2,190.1,191.2
13861,2021-01-22 14:40:00,190.8,203.35,190.8,202.4,8075,380800,323.05,202.5,203.4
13862,2021-01-22 14:41:00,202.3,206.65,197.0,201.35,8250,380800,322.89,200.7,201.6
13863,2021-01-22 14:42:00,200.55,201.4,195.1,199.15,2850,383600,322.84,199.0,199.65
13864,2021-01-22 14:43:00,199.15,199.15,193.1,193.8,3675,383600,322.76,193.3,193.9
13865,2021-01-22 14:44:00,194.35,198.0,194.25,197.15,2350,383600,322.72,196.5,197.4
13866,2021-01-22 14:45:00,195.0,196.1,189.95,195.4,5125,385550,322.62,195.2,196.15
13867,2021-01-22 14:46:00,196.15,196.5,189.8,193.15,3975,385550,322.54,192.75,193.6
13868,2021-01-22 14:47:00,193.5,197.2,191.25,193.3,5450,385550,322.43,194.25,195.0
13869,2021-01-22 14:48:00,193.55,195.25,187.9,195.25,5575,384550,322.32,195.0,195.9
13870,2021-01-22 14:49:00,195.1,196.85,191.8,194.9,3625,384550,322.25,193.1,193.9
13871,2021-01-22 14:50:00,193.9,201.6,187.55,187.55,15500,384550,321.95,187.7,188.55
13872,2021-01-22 14:51:00,190.6,197.9,190.6,195.0,8050,390050,321.79,193.6,194.55
13873,2021-01-22 14:52:00,194.4,198.7,193.4,198.7,4325,390050,321.71,198.45,199.15
13874,2021-01-22 14:53:00,198.15,200.0,196.75,196.75,6525,390050,321.59,196.4,197.2
13875,2021-01-22 14:54:00,197.6,198.35,195.0,195.25,3750,381100,321.52,195.55,196.35
13876,2021-01-22 14:55:00,195.4,196.1,188.0,191.7,14025,381100,321.24,191.45,192.25
13877,2021-01-22 14:56:00,191.3,201.95,191.3,199.8,7375,381100,321.1,199.25,200.25
13878,2021-01-22 14:57:00,199.4,213.8,198.85,212.8,20650,374025,320.75,212.45,213.35
13879,2021-01-22 14:58:00,212.4,215.55,204.9,204.9,11050,374025,320.56,205.25,206.05
13880,2021-01-22 14:59:00,206.25,214.45,206.25,211.9,9975,374025,320.4,211.6,212.25
13881,2021-01-22 15:00:00,211.6,217.8,194.95,194.95,27400,370950,319.93,194.85,195.7
13882,2021-01-22 15:01:00,190.25,199.35,188.0,190.85,20825,370950,319.54,190.2,190.9
13883,2021-01-22 15:02:00,190.0,192.5,175.4,175.4,21600,370950,319.1,175.35,176.15
13884,2021-01-22 15:03:00,171.95,186.15,171.85,183.7,32950,370625,318.41,183.5,184.3
13885,2021-01-22 15:04:00,184.4,190.0,178.65,182.05,23375,370625,317.95,182.3,183.15
13886,2021-01-22 15:05:00,181.8,192.75,181.8,182.55,16850,370625,317.63,181.95,182.7
13887,2021-01-22 15:06:00,182.2,186.4,178.75,183.95,11400,370775,317.4,182.6,183.0
13888,2021-01-22 15:07:00,182.2,188.45,181.65,186.65,12050,370775,317.17,185.55,186.35
13889,2021-01-22 15:08:00,184.9,185.9,182.1,185.55,6750,370775,317.03,185.25,186.05
13890,2021-01-22 15:09:00,185.05,185.4,180.85,185.0,6675,370425,316.9,185.05,185.35
13891,2021-01-22 15:10:00,186.0,190.0,184.5,184.5,19100,370425,316.54,184.3,184.95
13892,2021-01-22 15:11:00,183.0,184.7,179.75,184.55,14775,370425,316.25,183.35,184.15
13893,2021-01-22 15:12:00,183.15,183.15,177.4,177.55,10775,366450,316.04,177.45,178.1
13894,2021-01-22 15:13:00,177.75,181.6,173.6,173.65,14300,366450,315.75,173.5,173.85
13895,2021-01-22 15:14:00,174.75,177.7,173.0,174.3,15500,366450,315.43,173.7,174.35
13896,2021-01-22 15:15:00,175.25,182.0,175.25,178.1,10225,363450,315.23,177.7,178.1
13897,2021-01-22 15:16:00,177.7,180.1,176.0,179.0,7575,363450,315.08,178.6,179.1
13898,2021-01-22 15:17:00,178.6,179.45,174.9,176.55,14600,363450,314.79,176.45,177.3
13899,2021-01-22 15:18:00,176.5,179.2,175.85,178.05,10350,364625,314.58,177.4,178.0
13900,2021-01-22 15:19:00,177.15,179.95,175.7,179.0,9200,364625,314.4,177.75,178.6
13901,2021-01-22 15:20:00,177.45,180.5,172.95,176.1,16700,364625,314.07,175.7,176.15
13902,2021-01-22 15:21:00,175.7,176.95,171.2,172.5,22000,359050,313.63,172.8,173.0
13903,2021-01-22 15:22:00,173.65,175.15,164.85,164.85,16825,359050,313.28,164.85,165.65
13904,2021-01-22 15:23:00,165.8,169.25,164.6,168.55,10575,359050,313.06,168.5,169.0
13905,2021-01-22 15:24:00,169.2,172.0,168.65,171.15,6475,354275,312.93,171.15,171.55
13906,2021-01-22 15:25:00,172.9,175.55,161.35,162.75,27775,354275,312.36,162.4,162.85
13907,2021-01-22 15:26:00,162.9,163.7,157.35,157.9,12500,354275,312.09,158.2,158.6
13908,2021-01-22 15:27:00,158.65,164.2,157.75,161.45,14950,349075,311.77,161.2,161.8
13909,2021-01-22 15:28:00,162.5,163.95,160.0,161.5,21100,349075,311.33,161.5,161.75
13910,2021-01-22 15:29:00,162.5,163.95,160.0,161.5,21100,349075,311.33,161.5,161.75
13911,2021-01-22 15:30:00,161.4,162.35,157.0,157.0,14025,349075,311.03,156.0,161.0
13912,2021-01-23 09:15:00,161.4,162.35,157.0,157.0,14025,349075,311.03,156.0,161.0
13913,2021-01-23 09:16:00,161.4,162.35,157.0,157.0,14025,349075,311.03,156.0,161.0
13914,2021-01-23 09:17:00,161.4,162.35,157.0,157.0,14025,349075,311.03,156.0,161.0
13915,2021-01-23 09:18:00,161.4,162.35,157.0,157.0,14025,349075,311.03,156.0,161.0
13916,2021-01-23 09:19:00,161.4,162.35,157.0,157.0,14025,349075,311.03,156.0,161.0
13917,2021-01-23 09:20:00,161.4,162.35,157.0,157.0,14025,349075,311.03,156.0,161.0
13918,2021-01-23 09:21:00,161.4,162.35,157.0,157.0,14025,349075,311.03,156.0,161.0
13919,2021-01-23 09:22:00,161.4,162.35,157.0,157.0,14025,349075,311.03,156.0,161.0
13920,2021-01-23 09:23:00,161.4,162.35,157.0,157.0,14025,349075,311.03,156.0,161.0
13921,2021-01-23 09:24:00,161.4,162.35,157.0,157.0,14025,349075,311.03,156.0,161.0
13922,2021-01-23 09:25:00,161.4,162.35,157.0,157.0,14025,349075,311.03,156.0,161.0
13923,2021-01-23 09:26:00,161.4,162.35,157.0,157.0,14025,349075,311.03,156.0,161.0
13924,2021-01-23 09:27:00,161.4,162.35,157.0,157.0,14025,349075,311.03,156.0,161.0
13925,2021-01-23 09:28:00,161.4,162.35,157.0,157.0,14025,349075,311.03,156.0,161.0
13926,2021-01-23 09:29:00,161.4,162.35,157.0,157.0,14025,349075,311.03,156.0,161.0
13927,2021-01-23 09:30:00,161.4,162.35,157.0,157.0,14025,349075,311.03,156.0,161.0
13928,2021-01-23 09:31:00,161.4,162.35,157.0,157.0,14025,349075,311.03,156.0,161.0
13929,2021-01-23 09:32:00,161.4,162.35,157.0,157.0,14025,349075,311.03,156.0,161.0
13930,2021-01-23 09:33:00,161.4,162.35,157.0,157.0,14025,349075,311.03,156.0,161.0
13931,2021-01-23 09:34:00,161.4,162.35,157.0,157.0,14025,349075,311.03,156.0,161.0
13932,2021-01-23 09:35:00,161.4,162.35,157.0,157.0,14025,349075,311.03,156.0,161.0
13933,2021-01-23 09:36:00,161.4,162.35,157.0,157.0,14025,349075,311.03,156.0,161.0
13934,2021-01-23 09:37:00,161.4,162.35,157.0,157.0,14025,349075,311.03,156.0,161.0
13935,2021-01-23 09:38:00,161.4,162.35,157.0,157.0,14025,349075,311.03,156.0,161.0
13936,2021-01-23 09:39:00,161.4,162.35,157.0,157.0,14025,349075,311.03,156.0,161.0
13937,2021-01-23 09:40:00,161.4,162.35,157.0,157.0,14025,349075,311.03,156.0,161.0
13938,2021-01-23 09:41:00,161.4,162.35,157.0,157.0,14025,349075,311.03,156.0,161.0
13939,2021-01-23 09:42:00,161.4,162.35,157.0,157.0,14025,349075,311.03,156.0,161.0
13940,2021-01-23 09:43:00,161.4,162.35,157.0,157.0,14025,349075,311.03,156.0,161.0
13941,2021-01-23 09:44:00,161.4,162.35,157.0,157.0,14025,349075,311.03,156.0,161.0
13942,2021-01-23 09:45:00,161.4,162.35,157.0,157.0,14025,349075,311.03,156.0,161.0
13943,2021-01-23 09:46:00,161.4,162.35,157.0,157.0,14025,349075,311.03,156.0,161.0
13944,2021-01-23 09:47:00,161.4,162.35,157.0,157.0,14025,349075,311.03,156.0,161.0
13945,2021-01-23 09:48:00,161.4,162.35,157.0,157.0,14025,349075,311.03,156.0,161.0
13946,2021-01-23 09:49:00,161.4,162.35,157.0,157.0,14025,349075,311.03,156.0,161.0
13947,2021-01-23 09:50:00,161.4,162.35,157.0,157.0,14025,349075,311.03,156.0,161.0
13948,2021-01-23 09:51:00,161.4,162.35,157.0,157.0,14025,349075,311.03,156.0,161.0
13949,2021-01-23 09:52:00,161.4,162.35,157.0,157.0,14025,349075,311.03,156.0,161.0
13950,2021-01-23 09:53:00,161.4,162.35,157.0,157.0,14025,349075,311.03,156.0,161.0
13951,2021-01-23 09:54:00,161.4,162.35,157.0,157.0,14025,349075,311.03,156.0,161.0
13952,2021-01-23 09:55:00,161.4,162.35,157.0,157.0,14025,349075,311.03,156.0,161.0
13953,2021-01-23 09:56:00,161.4,162.35,157.0,157.0,14025,349075,311.03,156.0,161.0
13954,2021-01-23 09:57:00,161.4,162.35,157.0,157.0,14025,349075,311.03,156.0,161.0
13955,2021-01-23 09:58:00,161.4,162.35,157.0,157.0,14025,349075,311.03,156.0,161.0
13956,2021-01-23 09:59:00,161.4,162.35,157.0,157.0,14025,349075,311.03,156.0,161.0
13957,2021-01-23 10:00:00,161.4,162.35,157.0,157.0,14025,349075,311.03,156.0,161.0
13958,2021-01-23 10:01:00,161.4,162.35,157.0,157.0,14025,349075,311.03,156.0,161.0
13959,2021-01-23 10:02:00,161.4,162.35,157.0,157.0,14025,349075,311.03,156.0,161.0
13960,2021-01-23 10:03:00,161.4,162.35,157.0,157.0,14025,349075,311.03,156.0,161.0
13961,2021-01-23 10:04:00,161.4,162.35,157.0,157.0,14025,349075,311.03,156.0,161.0
13962,2021-01-23 10:05:00,161.4,162.35,157.0,157.0,14025,349075,311.03,156.0,161.0
13963,2021-01-23 10:06:00,161.4,162.35,157.0,157.0,14025,349075,311.03,156.0,161.0
13964,2021-01-23 10:07:00,161.4,162.35,157.0,157.0,14025,349075,311.03,156.0,161.0
13965,2021-01-23 10:08:00,161.4,162.35,157.0,157.0,14025,349075,311.03,156.0,161.0
13966,2021-01-23 10:09:00,161.4,162.35,157.0,157.0,14025,349075,311.03,156.0,161.0
13967,2021-01-23 10:10:00,161.4,162.35,157.0,157.0,14025,349075,311.03,156.0,161.0
13968,2021-01-23 10:11:00,161.4,162.35,157.0,157.0,14025,349075,311.03,156.0,161.0
13969,2021-01-23 10:12:00,161.4,162.35,157.0,157.0,14025,349075,311.03,156.0,161.0
13970,2021-01-23 10:13:00,161.4,162.35,157.0,157.0,14025,349075,311.03,156.0,161.0
13971,2021-01-23 10:14:00,161.4,162.35,157.0,157.0,14025,349075,311.03,156.0,161.0
13972,2021-01-23 10:15:00,161.4,162.35,157.0,157.0,14025,349075,311.03,156.0,161.0
13973,2021-01-23 10:16:00,161.4,162.35,157.0,157.0,14025,349075,311.03,156.0,161.0
13974,2021-01-23 10:17:00,161.4,162.35,157.0,157.0,14025,349075,311.03,156.0,161.0
13975,2021-01-23 10:18:00,161.4,162.35,157.0,157.0,14025,349075,311.03,156.0,161.0
13976,2021-01-23 10:19:00,161.4,162.35,157.0,157.0,14025,349075,311.03,156.0,161.0
13977,2021-01-23 10:20:00,161.4,162.35,157.0,157.0,14025,349075,311.03,156.0,161.0
13978,2021-01-23 10:21:00,161.4,162.35,157.0,157.0,14025,349075,311.03,156.0,161.0
13979,2021-01-23 10:22:00,161.4,162.35,157.0,157.0,14025,349075,311.03,156.0,161.0
13980,2021-01-23 10:23:00,161.4,162.35,157.0,157.0,14025,349075,311.03,156.0,161.0
13981,2021-01-23 10:24:00,161.4,162.35,157.0,157.0,14025,349075,311.03,156.0,161.0
13982,2021-01-23 10:25:00,161.4,162.35,157.0,157.0,14025,349075,311.03,156.0,161.0
13983,2021-01-23 10:26:00,161.4,162.35,157.0,157.0,14025,349075,311.03,156.0,161.0
13984,2021-01-23 10:27:00,161.4,162.35,157.0,157.0,14025,349075,311.03,156.0,161.0
13985,2021-01-23 10:28:00,161.4,162.35,157.0,157.0,14025,349075,311.03,156.0,161.0
13986,2021-01-23 10:29:00,161.4,162.35,157.0,157.0,14025,349075,311.03,156.0,161.0
13987,2021-01-23 10:30:00,161.4,162.35,157.0,157.0,14025,349075,311.03,156.0,161.0
13988,2021-01-23 10:31:00,161.4,162.35,157.0,157.0,14025,349075,311.03,156.0,161.0
13989,2021-01-23 10:32:00,161.4,162.35,157.0,157.0,14025,349075,311.03,156.0,161.0
13990,2021-01-23 10:33:00,161.4,162.35,157.0,157.0,14025,349075,311.03,156.0,161.0
13991,2021-01-23 10:34:00,161.4,162.35,157.0,157.0,14025,349075,311.03,156.0,161.0
13992,2021-01-23 10:35:00,161.4,162.35,157.0,157.0,14025,349075,311.03,156.0,161.0
13993,2021-01-23 10:36:00,161.4,162.35,157.0,157.0,14025,349075,311.03,156.0,161.0
13994,2021-01-23 10:37:00,161.4,162.35,157.0,157.0,14025,349075,311.03,156.0,161.0
13995,2021-01-23 10:38:00,161.4,162.35,157.0,157.0,14025,349075,311.03,156.0,161.0
13996,2021-01-23 10:39:00,161.4,162.35,157.0,157.0,14025,349075,311.03,156.0,161.0
13997,2021-01-23 10:40:00,161.4,162.35,157.0,157.0,14025,349075,311.03,156.0,161.0
13998,2021-01-23 10:41:00,161.4,162.35,157.0,157.0,14025,349075,311.03,156.0,161.0
13999,2021-01-23 10:42:00,161.4,162.35,157.0,157.0,14025,349075,311.03,156.0,161.0
14000,2021-01-23 10:43:00,161.4,162.35,157.0,157.0,14025,349075,311.03,156.0,161.0
14001,2021-01-23 10:44:00,161.4,162.35,157.0,157.0,14025,349075,311.03,156.0,161.0
14002,2021-01-23 10:45:00,161.4,162.35,157.0,157.0,14025,349075,311.03,156.0,161.0
14003,2021-01-23 10:46:00,161.4,162.35,157.0,157.0,14025,349075,311.03,156.0,161.0
14004,2021-01-23 10:47:00,161.4,162.35,157.0,157.0,14025,349075,311.03,156.0,161.0
14005,2021-01-23 10:48:00,161.4,162.35,157.0,157.0,14025,349075,311.03,156.0,161.0
14006,2021-01-23 10:49:00,161.4,162.35,157.0,157.0,14025,349075,311.03,156.0,161.0
14007,2021-01-23 10:50:00,161.4,162.35,157.0,157.0,14025,349075,311.03,156.0,161.0
14008,2021-01-23 10:51:00,161.4,162.35,157.0,157.0,14025,349075,311.03,156.0,161.0
14009,2021-01-23 10:52:00,161.4,162.35,157.0,157.0,14025,349075,311.03,156.0,161.0
14010,2021-01-23 10:53:00,161.4,162.35,157.0,157.0,14025,349075,311.03,156.0,161.0
14011,2021-01-23 10:54:00,161.4,162.35,157.0,157.0,14025,349075,311.03,156.0,161.0
14012,2021-01-23 10:55:00,161.4,162.35,157.0,157.0,14025,349075,311.03,156.0,161.0
14013,2021-01-23 10:56:00,161.4,162.35,157.0,157.0,14025,349075,311.03,156.0,161.0
14014,2021-01-23 10:57:00,161.4,162.35,157.0,157.0,14025,349075,311.03,156.0,161.0
14015,2021-01-23 10:58:00,161.4,162.35,157.0,157.0,14025,349075,311.03,156.0,161.0
14016,2021-01-23 10:59:00,161.4,162.35,157.0,157.0,14025,349075,311.03,156.0,161.0
14017,2021-01-23 11:00:00,161.4,162.35,157.0,157.0,14025,349075,311.03,156.0,161.0
14018,2021-01-23 11:01:00,161.4,162.35,157.0,157.0,14025,349075,311.03,156.0,161.0
14019,2021-01-23 11:02:00,161.4,162.35,157.0,157.0,14025,349075,311.03,156.0,161.0
14020,2021-01-23 11:03:00,161.4,162.35,157.0,157.0,14025,349075,311.03,156.0,161.0
14021,2021-01-23 11:04:00,161.4,162.35,157.0,157.0,14025,349075,311.03,156.0,161.0
14022,2021-01-23 11:05:00,161.4,162.35,157.0,157.0,14025,349075,311.03,156.0,161.0
14023,2021-01-23 11:06:00,161.4,162.35,157.0,157.0,14025,349075,311.03,156.0,161.0
14024,2021-01-23 11:07:00,161.4,162.35,157.0,157.0,14025,349075,311.03,156.0,161.0
14025,2021-01-23 11:08:00,161.4,162.35,157.0,157.0,14025,349075,311.03,156.0,161.0
14026,2021-01-23 11:09:00,161.4,162.35,157.0,157.0,14025,349075,311.03,156.0,161.0
14027,2021-01-23 11:10:00,161.4,162.35,157.0,157.0,14025,349075,311.03,156.0,161.0
14028,2021-01-23 11:11:00,161.4,162.35,157.0,157.0,14025,349075,311.03,156.0,161.0
14029,2021-01-23 11:12:00,161.4,162.35,157.0,157.0,14025,349075,311.03,156.0,161.0
14030,2021-01-23 11:13:00,161.4,162.35,157.0,157.0,14025,349075,311.03,156.0,161.0
14031,2021-01-23 11:14:00,161.4,162.35,157.0,157.0,14025,349075,311.03,156.0,161.0
14032,2021-01-23 11:15:00,161.4,162.35,157.0,157.0,14025,349075,311.03,156.0,161.0
14033,2021-01-23 11:16:00,161.4,162.35,157.0,157.0,14025,349075,311.03,156.0,161.0
14034,2021-01-23 11:17:00,161.4,162.35,157.0,157.0,14025,349075,311.03,156.0,161.0
14035,2021-01-23 11:18:00,161.4,162.35,157.0,157.0,14025,349075,311.03,156.0,161.0
14036,2021-01-23 11:19:00,161.4,162.35,157.0,157.0,14025,349075,311.03,156.0,161.0
14037,2021-01-23 11:20:00,161.4,162.35,157.0,157.0,14025,349075,311.03,156.0,161.0
14038,2021-01-23 11:21:00,161.4,162.35,157.0,157.0,14025,349075,311.03,156.0,161.0
14039,2021-01-23 11:22:00,161.4,162.35,157.0,157.0,14025,349075,311.03,156.0,161.0
14040,2021-01-23 11:23:00,161.4,162.35,157.0,157.0,14025,349075,311.03,156.0,161.0
14041,2021-01-23 11:24:00,161.4,162.35,157.0,157.0,14025,349075,311.03,156.0,161.0
14042,2021-01-23 11:25:00,161.4,162.35,157.0,157.0,14025,349075,311.03,156.0,161.0
14043,2021-01-23 11:26:00,161.4,162.35,157.0,157.0,14025,349075,311.03,156.0,161.0
14044,2021-01-23 11:27:00,161.4,162.35,157.0,157.0,14025,349075,311.03,156.0,161.0
14045,2021-01-23 11:28:00,161.4,162.35,157.0,157.0,14025,349075,311.03,156.0,161.0
14046,2021-01-23 11:29:00,161.4,162.35,157.0,157.0,14025,349075,311.03,156.0,161.0
14047,2021-01-23 11:30:00,161.4,162.35,157.0,157.0,14025,349075,311.03,156.0,161.0
14048,2021-01-23 11:31:00,161.4,162.35,157.0,157.0,14025,349075,311.03,156.0,161.0
14049,2021-01-23 11:32:00,161.4,162.35,157.0,157.0,14025,349075,311.03,156.0,161.0
14050,2021-01-23 11:33:00,161.4,162.35,157.0,157.0,14025,349075,311.03,156.0,161.0
14051,2021-01-23 11:34:00,161.4,162.35,157.0,157.0,14025,349075,311.03,156.0,161.0
14052,2021-01-23 11:35:00,161.4,162.35,157.0,157.0,14025,349075,311.03,156.0,161.0
14053,2021-01-23 11:36:00,161.4,162.35,157.0,157.0,14025,349075,311.03,156.0,161.0
14054,2021-01-23 11:37:00,161.4,162.35,157.0,157.0,14025,349075,311.03,156.0,161.0
14055,2021-01-23 11:38:00,161.4,162.35,157.0,157.0,14025,349075,311.03,156.0,161.0
14056,2021-01-23 11:39:00,161.4,162.35,157.0,157.0,14025,349075,311.03,156.0,161.0
14057,2021-01-23 11:40:00,161.4,162.35,157.0,157.0,14025,349075,311.03,156.0,161.0
14058,2021-01-23 11:41:00,161.4,162.35,157.0,157.0,14025,349075,311.03,156.0,161.0
14059,2021-01-23 11:42:00,161.4,162.35,157.0,157.0,14025,349075,311.03,156.0,161.0
14060,2021-01-23 11:43:00,161.4,162.35,157.0,157.0,14025,349075,311.03,156.0,161.0
14061,2021-01-23 11:44:00,161.4,162.35,157.0,157.0,14025,349075,311.03,156.0,161.0
14062,2021-01-23 11:45:00,161.4,162.35,157.0,157.0,14025,349075,311.03,156.0,161.0
14063,2021-01-23 11:46:00,161.4,162.35,157.0,157.0,14025,349075,311.03,156.0,161.0
14064,2021-01-23 11:47:00,161.4,162.35,157.0,157.0,14025,349075,311.03,156.0,161.0
14065,2021-01-23 11:48:00,161.4,162.35,157.0,157.0,14025,349075,311.03,156.0,161.0
14066,2021-01-23 11:49:00,161.4,162.35,157.0,157.0,14025,349075,311.03,156.0,161.0
14067,2021-01-23 11:50:00,161.4,162.35,157.0,157.0,14025,349075,311.03,156.0,161.0
14068,2021-01-23 11:51:00,161.4,162.35,157.0,157.0,14025,349075,311.03,156.0,161.0
14069,2021-01-23 11:52:00,161.4,162.35,157.0,157.0,14025,349075,311.03,156.0,161.0
14070,2021-01-23 11:53:00,161.4,162.35,157.0,157.0,14025,349075,311.03,156.0,161.0
14071,2021-01-23 11:54:00,161.4,162.35,157.0,157.0,14025,349075,311.03,156.0,161.0
14072,2021-01-23 11:55:00,161.4,162.35,157.0,157.0,14025,349075,311.03,156.0,161.0
14073,2021-01-23 11:56:00,161.4,162.35,157.0,157.0,14025,349075,311.03,156.0,161.0
14074,2021-01-23 11:57:00,161.4,162.35,157.0,157.0,14025,349075,311.03,156.0,161.0
14075,2021-01-23 11:58:00,161.4,162.35,157.0,157.0,14025,349075,311.03,156.0,161.0
14076,2021-01-23 11:59:00,161.4,162.35,157.0,157.0,14025,349075,311.03,156.0,161.0
14077,2021-01-23 12:00:00,161.4,162.35,157.0,157.0,14025,349075,311.03,156.0,161.0
14078,2021-01-23 12:01:00,161.4,162.35,157.0,157.0,14025,349075,311.03,156.0,161.0
14079,2021-01-23 12:02:00,161.4,162.35,157.0,157.0,14025,349075,311.03,156.0,161.0
14080,2021-01-23 12:03:00,161.4,162.35,157.0,157.0,14025,349075,311.03,156.0,161.0
14081,2021-01-23 12:04:00,161.4,162.35,157.0,157.0,14025,349075,311.03,156.0,161.0
14082,2021-01-23 12:05:00,161.4,162.35,157.0,157.0,14025,349075,311.03,156.0,161.0
14083,2021-01-23 12:06:00,161.4,162.35,157.0,157.0,14025,349075,311.03,156.0,161.0
14084,2021-01-23 12:07:00,161.4,162.35,157.0,157.0,14025,349075,311.03,156.0,161.0
14085,2021-01-23 12:08:00,161.4,162.35,157.0,157.0,14025,349075,311.03,156.0,161.0
14086,2021-01-23 12:09:00,161.4,162.35,157.0,157.0,14025,349075,311.03,156.0,161.0
14087,2021-01-23 12:10:00,161.4,162.35,157.0,157.0,14025,349075,311.03,156.0,161.0
14088,2021-01-23 12:11:00,161.4,162.35,157.0,157.0,14025,349075,311.03,156.0,161.0
14089,2021-01-23 12:12:00,161.4,162.35,157.0,157.0,14025,349075,311.03,156.0,161.0
14090,2021-01-23 12:13:00,161.4,162.35,157.0,157.0,14025,349075,311.03,156.0,161.0
14091,2021-01-23 12:14:00,161.4,162.35,157.0,157.0,14025,349075,311.03,156.0,161.0
14092,2021-01-23 12:15:00,161.4,162.35,157.0,157.0,14025,349075,311.03,156.0,161.0
14093,2021-01-23 12:16:00,161.4,162.35,157.0,157.0,14025,349075,311.03,156.0,161.0
14094,2021-01-23 12:17:00,161.4,162.35,157.0,157.0,14025,349075,311.03,156.0,161.0
14095,2021-01-23 12:18:00,161.4,162.35,157.0,157.0,14025,349075,311.03,156.0,161.0
14096,2021-01-23 12:19:00,161.4,162.35,157.0,157.0,14025,349075,311.03,156.0,161.0
14097,2021-01-23 12:20:00,161.4,162.35,157.0,157.0,14025,349075,311.03,156.0,161.0
14098,2021-01-23 12:21:00,161.4,162.35,157.0,157.0,14025,349075,311.03,156.0,161.0
14099,2021-01-23 12:22:00,161.4,162.35,157.0,157.0,14025,349075,311.03,156.0,161.0
14100,2021-01-23 12:23:00,161.4,162.35,157.0,157.0,14025,349075,311.03,156.0,161.0
14101,2021-01-23 12:24:00,161.4,162.35,157.0,157.0,14025,349075,311.03,156.0,161.0
14102,2021-01-23 12:25:00,161.4,162.35,157.0,157.0,14025,349075,311.03,156.0,161.0
14103,2021-01-23 12:26:00,161.4,162.35,157.0,157.0,14025,349075,311.03,156.0,161.0
14104,2021-01-23 12:27:00,161.4,162.35,157.0,157.0,14025,349075,311.03,156.0,161.0
14105,2021-01-23 12:28:00,161.4,162.35,157.0,157.0,14025,349075,311.03,156.0,161.0
14106,2021-01-23 12:29:00,161.4,162.35,157.0,157.0,14025,349075,311.03,156.0,161.0
14107,2021-01-23 12:30:00,161.4,162.35,157.0,157.0,14025,349075,311.03,156.0,161.0
14108,2021-01-23 12:31:00,161.4,162.35,157.0,157.0,14025,349075,311.03,156.0,161.0
14109,2021-01-23 12:32:00,161.4,162.35,157.0,157.0,14025,349075,311.03,156.0,161.0
14110,2021-01-23 12:33:00,161.4,162.35,157.0,157.0,14025,349075,311.03,156.0,161.0
14111,2021-01-23 12:34:00,161.4,162.35,157.0,157.0,14025,349075,311.03,156.0,161.0
14112,2021-01-23 12:35:00,161.4,162.35,157.0,157.0,14025,349075,311.03,156.0,161.0
14113,2021-01-23 12:36:00,161.4,162.35,157.0,157.0,14025,349075,311.03,156.0,161.0
14114,2021-01-23 12:37:00,161.4,162.35,157.0,157.0,14025,349075,311.03,156.0,161.0
14115,2021-01-23 12:38:00,161.4,162.35,157.0,157.0,14025,349075,311.03,156.0,161.0
14116,2021-01-23 12:39:00,161.4,162.35,157.0,157.0,14025,349075,311.03,156.0,161.0
14117,2021-01-23 12:40:00,161.4,162.35,157.0,157.0,14025,349075,311.03,156.0,161.0
14118,2021-01-23 12:41:00,161.4,162.35,157.0,157.0,14025,349075,311.03,156.0,161.0
14119,2021-01-23 12:42:00,161.4,162.35,157.0,157.0,14025,349075,311.03,156.0,161.0
14120,2021-01-23 12:43:00,161.4,162.35,157.0,157.0,14025,349075,311.03,156.0,161.0
14121,2021-01-23 12:44:00,161.4,162.35,157.0,157.0,14025,349075,311.03,156.0,161.0
14122,2021-01-23 12:45:00,161.4,162.35,157.0,157.0,14025,349075,311.03,156.0,161.0
14123,2021-01-23 12:46:00,161.4,162.35,157.0,157.0,14025,349075,311.03,156.0,161.0
14124,2021-01-23 12:47:00,161.4,162.35,157.0,157.0,14025,349075,311.03,156.0,161.0
14125,2021-01-23 12:48:00,161.4,162.35,157.0,157.0,14025,349075,311.03,156.0,161.0
14126,2021-01-23 12:49:00,161.4,162.35,157.0,157.0,14025,349075,311.03,156.0,161.0
14127,2021-01-23 12:50:00,161.4,162.35,157.0,157.0,14025,349075,311.03,156.0,161.0
14128,2021-01-23 12:51:00,161.4,162.35,157.0,157.0,14025,349075,311.03,156.0,161.0
14129,2021-01-23 12:52:00,161.4,162.35,157.0,157.0,14025,349075,311.03,156.0,161.0
14130,2021-01-23 12:53:00,161.4,162.35,157.0,157.0,14025,349075,311.03,156.0,161.0
14131,2021-01-23 12:54:00,161.4,162.35,157.0,157.0,14025,349075,311.03,156.0,161.0
14132,2021-01-23 12:55:00,161.4,162.35,157.0,157.0,14025,349075,311.03,156.0,161.0
14133,2021-01-23 12:56:00,161.4,162.35,157.0,157.0,14025,349075,311.03,156.0,161.0
14134,2021-01-23 12:57:00,161.4,162.35,157.0,157.0,14025,349075,311.03,156.0,161.0
14135,2021-01-23 12:58:00,161.4,162.35,157.0,157.0,14025,349075,311.03,156.0,161.0
14136,2021-01-23 12:59:00,161.4,162.35,157.0,157.0,14025,349075,311.03,156.0,161.0
14137,2021-01-23 13:00:00,161.4,162.35,157.0,157.0,14025,349075,311.03,156.0,161.0
14138,2021-01-23 13:01:00,161.4,162.35,157.0,157.0,14025,349075,311.03,156.0,161.0
14139,2021-01-23 13:02:00,161.4,162.35,157.0,157.0,14025,349075,311.03,156.0,161.0
14140,2021-01-23 13:03:00,161.4,162.35,157.0,157.0,14025,349075,311.03,156.0,161.0
14141,2021-01-23 13:04:00,161.4,162.35,157.0,157.0,14025,349075,311.03,156.0,161.0
14142,2021-01-23 13:05:00,161.4,162.35,157.0,157.0,14025,349075,311.03,156.0,161.0
14143,2021-01-23 13:06:00,161.4,162.35,157.0,157.0,14025,349075,311.03,156.0,161.0
14144,2021-01-23 13:07:00,161.4,162.35,157.0,157.0,14025,349075,311.03,156.0,161.0
14145,2021-01-23 13:08:00,161.4,162.35,157.0,157.0,14025,349075,311.03,156.0,161.0
14146,2021-01-23 13:09:00,161.4,162.35,157.0,157.0,14025,349075,311.03,156.0,161.0
14147,2021-01-23 13:10:00,161.4,162.35,157.0,157.0,14025,349075,311.03,156.0,161.0
14148,2021-01-23 13:11:00,161.4,162.35,157.0,157.0,14025,349075,311.03,156.0,161.0
14149,2021-01-23 13:12:00,161.4,162.35,157.0,157.0,14025,349075,311.03,156.0,161.0
14150,2021-01-23 13:13:00,161.4,162.35,157.0,157.0,14025,349075,311.03,156.0,161.0
14151,2021-01-23 13:14:00,161.4,162.35,157.0,157.0,14025,349075,311.03,156.0,161.0
14152,2021-01-23 13:15:00,161.4,162.35,157.0,157.0,14025,349075,311.03,156.0,161.0
14153,2021-01-23 13:16:00,161.4,162.35,157.0,157.0,14025,349075,311.03,156.0,161.0
14154,2021-01-23 13:17:00,161.4,162.35,157.0,157.0,14025,349075,311.03,156.0,161.0
14155,2021-01-23 13:18:00,161.4,162.35,157.0,157.0,14025,349075,311.03,156.0,161.0
14156,2021-01-23 13:19:00,161.4,162.35,157.0,157.0,14025,349075,311.03,156.0,161.0
14157,2021-01-23 13:20:00,161.4,162.35,157.0,157.0,14025,349075,311.03,156.0,161.0
14158,2021-01-23 13:21:00,161.4,162.35,157.0,157.0,14025,349075,311.03,156.0,161.0
14159,2021-01-23 13:22:00,161.4,162.35,157.0,157.0,14025,349075,311.03,156.0,161.0
14160,2021-01-23 13:23:00,161.4,162.35,157.0,157.0,14025,349075,311.03,156.0,161.0
14161,2021-01-23 13:24:00,161.4,162.35,157.0,157.0,14025,349075,311.03,156.0,161.0
14162,2021-01-23 13:25:00,161.4,162.35,157.0,157.0,14025,349075,311.03,156.0,161.0
14163,2021-01-23 13:26:00,161.4,162.35,157.0,157.0,14025,349075,311.03,156.0,161.0
14164,2021-01-23 13:27:00,161.4,162.35,157.0,157.0,14025,349075,311.03,156.0,161.0
14165,2021-01-23 13:28:00,161.4,162.35,157.0,157.0,14025,349075,311.03,156.0,161.0
14166,2021-01-23 13:29:00,161.4,162.35,157.0,157.0,14025,349075,311.03,156.0,161.0
14167,2021-01-23 13:30:00,161.4,162.35,157.0,157.0,14025,349075,311.03,156.0,161.0
14168,2021-01-23 13:31:00,161.4,162.35,157.0,157.0,14025,349075,311.03,156.0,161.0
14169,2021-01-23 13:32:00,161.4,162.35,157.0,157.0,14025,349075,311.03,156.0,161.0
14170,2021-01-23 13:33:00,161.4,162.35,157.0,157.0,14025,349075,311.03,156.0,161.0
14171,2021-01-23 13:34:00,161.4,162.35,157.0,157.0,14025,349075,311.03,156.0,161.0
14172,2021-01-23 13:35:00,161.4,162.35,157.0,157.0,14025,349075,311.03,156.0,161.0
14173,2021-01-23 13:36:00,161.4,162.35,157.0,157.0,14025,349075,311.03,156.0,161.0
14174,2021-01-23 13:37:00,161.4,162.35,157.0,157.0,14025,349075,311.03,156.0,161.0
14175,2021-01-23 13:38:00,161.4,162.35,157.0,157.0,14025,349075,311.03,156.0,161.0
14176,2021-01-23 13:39:00,161.4,162.35,157.0,157.0,14025,349075,311.03,156.0,161.0
14177,2021-01-23 13:40:00,161.4,162.35,157.0,157.0,14025,349075,311.03,156.0,161.0
14178,2021-01-23 13:41:00,161.4,162.35,157.0,157.0,14025,349075,311.03,156.0,161.0
14179,2021-01-23 13:42:00,161.4,162.35,157.0,157.0,14025,349075,311.03,156.0,161.0
14180,2021-01-23 13:43:00,161.4,162.35,157.0,157.0,14025,349075,311.03,156.0,161.0
14181,2021-01-23 13:44:00,161.4,162.35,157.0,157.0,14025,349075,311.03,156.0,161.0
14182,2021-01-23 13:45:00,161.4,162.35,157.0,157.0,14025,349075,311.03,156.0,161.0
14183,2021-01-23 13:46:00,161.4,162.35,157.0,157.0,14025,349075,311.03,156.0,161.0
14184,2021-01-23 13:47:00,161.4,162.35,157.0,157.0,14025,349075,311.03,156.0,161.0
14185,2021-01-23 13:48:00,161.4,162.35,157.0,157.0,14025,349075,311.03,156.0,161.0
14186,2021-01-23 13:49:00,161.4,162.35,157.0,157.0,14025,349075,311.03,156.0,161.0
14187,2021-01-23 13:50:00,161.4,162.35,157.0,157.0,14025,349075,311.03,156.0,161.0
14188,2021-01-23 13:51:00,161.4,162.35,157.0,157.0,14025,349075,311.03,156.0,161.0
14189,2021-01-23 13:52:00,161.4,162.35,157.0,157.0,14025,349075,311.03,156.0,161.0
14190,2021-01-23 13:53:00,161.4,162.35,157.0,157.0,14025,349075,311.03,156.0,161.0
14191,2021-01-23 13:54:00,161.4,162.35,157.0,157.0,14025,349075,311.03,156.0,161.0
14192,2021-01-23 13:55:00,161.4,162.35,157.0,157.0,14025,349075,311.03,156.0,161.0
14193,2021-01-23 13:56:00,161.4,162.35,157.0,157.0,14025,349075,311.03,156.0,161.0
14194,2021-01-23 13:57:00,161.4,162.35,157.0,157.0,14025,349075,311.03,156.0,161.0
14195,2021-01-23 13:58:00,161.4,162.35,157.0,157.0,14025,349075,311.03,156.0,161.0
14196,2021-01-23 13:59:00,161.4,162.35,157.0,157.0,14025,349075,311.03,156.0,161.0
14197,2021-01-23 14:00:00,161.4,162.35,157.0,157.0,14025,349075,311.03,156.0,161.0
14198,2021-01-23 14:01:00,161.4,162.35,157.0,157.0,14025,349075,311.03,156.0,161.0
14199,2021-01-23 14:02:00,161.4,162.35,157.0,157.0,14025,349075,311.03,156.0,161.0
14200,2021-01-23 14:03:00,161.4,162.35,157.0,157.0,14025,349075,311.03,156.0,161.0
14201,2021-01-23 14:04:00,161.4,162.35,157.0,157.0,14025,349075,311.03,156.0,161.0
14202,2021-01-23 14:05:00,161.4,162.35,157.0,157.0,14025,349075,311.03,156.0,161.0
14203,2021-01-23 14:06:00,161.4,162.35,157.0,157.0,14025,349075,311.03,156.0,161.0
14204,2021-01-23 14:07:00,161.4,162.35,157.0,157.0,14025,349075,311.03,156.0,161.0
14205,2021-01-23 14:08:00,161.4,162.35,157.0,157.0,14025,349075,311.03,156.0,161.0
14206,2021-01-23 14:09:00,161.4,162.35,157.0,157.0,14025,349075,311.03,156.0,161.0
14207,2021-01-23 14:10:00,161.4,162.35,157.0,157.0,14025,349075,311.03,156.0,161.0
14208,2021-01-23 14:11:00,161.4,162.35,157.0,157.0,14025,349075,311.03,156.0,161.0
14209,2021-01-23 14:12:00,161.4,162.35,157.0,157.0,14025,349075,311.03,156.0,161.0
14210,2021-01-23 14:13:00,161.4,162.35,157.0,157.0,14025,349075,311.03,156.0,161.0
14211,2021-01-23 14:14:00,161.4,162.35,157.0,157.0,14025,349075,311.03,156.0,161.0
14212,2021-01-23 14:15:00,161.4,162.35,157.0,157.0,14025,349075,311.03,156.0,161.0
14213,2021-01-23 14:16:00,161.4,162.35,157.0,157.0,14025,349075,311.03,156.0,161.0
14214,2021-01-23 14:17:00,161.4,162.35,157.0,157.0,14025,349075,311.03,156.0,161.0
14215,2021-01-23 14:18:00,161.4,162.35,157.0,157.0,14025,349075,311.03,156.0,161.0
14216,2021-01-23 14:19:00,161.4,162.35,157.0,157.0,14025,349075,311.03,156.0,161.0
14217,2021-01-23 14:20:00,161.4,162.35,157.0,157.0,14025,349075,311.03,156.0,161.0
14218,2021-01-23 14:21:00,161.4,162.35,157.0,157.0,14025,349075,311.03,156.0,161.0
14219,2021-01-23 14:22:00,161.4,162.35,157.0,157.0,14025,349075,311.03,156.0,161.0
14220,2021-01-23 14:23:00,161.4,162.35,157.0,157.0,14025,349075,311.03,156.0,161.0
14221,2021-01-23 14:24:00,161.4,162.35,157.0,157.0,14025,349075,311.03,156.0,161.0
14222,2021-01-23 14:25:00,161.4,162.35,157.0,157.0,14025,349075,311.03,156.0,161.0
14223,2021-01-23 14:26:00,161.4,162.35,157.0,157.0,14025,349075,311.03,156.0,161.0
14224,2021-01-23 14:27:00,161.4,162.35,157.0,157.0,14025,349075,311.03,156.0,161.0
14225,2021-01-23 14:28:00,161.4,162.35,157.0,157.0,14025,349075,311.03,156.0,161.0
14226,2021-01-23 14:29:00,161.4,162.35,157.0,157.0,14025,349075,311.03,156.0,161.0
14227,2021-01-23 14:30:00,161.4,162.35,157.0,157.0,14025,349075,311.03,156.0,161.0
14228,2021-01-23 14:31:00,161.4,162.35,157.0,157.0,14025,349075,311.03,156.0,161.0
14229,2021-01-23 14:32:00,161.4,162.35,157.0,157.0,14025,349075,311.03,156.0,161.0
14230,2021-01-23 14:33:00,161.4,162.35,157.0,157.0,14025,349075,311.03,156.0,161.0
14231,2021-01-23 14:34:00,161.4,162.35,157.0,157.0,14025,349075,311.03,156.0,161.0
14232,2021-01-23 14:35:00,161.4,162.35,157.0,157.0,14025,349075,311.03,156.0,161.0
14233,2021-01-23 14:36:00,161.4,162.35,157.0,157.0,14025,349075,311.03,156.0,161.0
14234,2021-01-23 14:37:00,161.4,162.35,157.0,157.0,14025,349075,311.03,156.0,161.0
14235,2021-01-23 14:38:00,161.4,162.35,157.0,157.0,14025,349075,311.03,156.0,161.0
14236,2021-01-23 14:39:00,161.4,162.35,157.0,157.0,14025,349075,311.03,156.0,161.0
14237,2021-01-23 14:40:00,161.4,162.35,157.0,157.0,14025,349075,311.03,156.0,161.0
14238,2021-01-23 14:41:00,161.4,162.35,157.0,157.0,14025,349075,311.03,156.0,161.0
14239,2021-01-23 14:42:00,161.4,162.35,157.0,157.0,14025,349075,311.03,156.0,161.0
14240,2021-01-23 14:43:00,161.4,162.35,157.0,157.0,14025,349075,311.03,156.0,161.0
14241,2021-01-23 14:44:00,161.4,162.35,157.0,157.0,14025,349075,311.03,156.0,161.0
14242,2021-01-23 14:45:00,161.4,162.35,157.0,157.0,14025,349075,311.03,156.0,161.0
14243,2021-01-23 14:46:00,161.4,162.35,157.0,157.0,14025,349075,311.03,156.0,161.0
14244,2021-01-23 14:47:00,161.4,162.35,157.0,157.0,14025,349075,311.03,156.0,161.0
14245,2021-01-23 14:48:00,161.4,162.35,157.0,157.0,14025,349075,311.03,156.0,161.0
14246,2021-01-23 14:49:00,161.4,162.35,157.0,157.0,14025,349075,311.03,156.0,161.0
14247,2021-01-23 14:50:00,161.4,162.35,157.0,157.0,14025,349075,311.03,156.0,161.0
14248,2021-01-23 14:51:00,161.4,162.35,157.0,157.0,14025,349075,311.03,156.0,161.0
14249,2021-01-23 14:52:00,161.4,162.35,157.0,157.0,14025,349075,311.03,156.0,161.0
14250,2021-01-23 14:53:00,161.4,162.35,157.0,157.0,14025,349075,311.03,156.0,161.0
14251,2021-01-23 14:54:00,161.4,162.35,157.0,157.0,14025,349075,311.03,156.0,161.0
14252,2021-01-23 14:55:00,161.4,162.35,157.0,157.0,14025,349075,311.03,156.0,161.0
14253,2021-01-23 14:56:00,161.4,162.35,157.0,157.0,14025,349075,311.03,156.0,161.0
14254,2021-01-23 14:57:00,161.4,162.35,157.0,157.0,14025,349075,311.03,156.0,161.0
14255,2021-01-23 14:58:00,161.4,162.35,157.0,157.0,14025,349075,311.03,156.0,161.0
14256,2021-01-23 14:59:00,161.4,162.35,157.0,157.0,14025,349075,311.03,156.0,161.0
14257,2021-01-23 15:00:00,161.4,162.35,157.0,157.0,14025,349075,311.03,156.0,161.0
14258,2021-01-23 15:01:00,161.4,162.35,157.0,157.0,14025,349075,311.03,156.0,161.0
14259,2021-01-23 15:02:00,161.4,162.35,157.0,157.0,14025,349075,311.03,156.0,161.0
14260,2021-01-23 15:03:00,161.4,162.35,157.0,157.0,14025,349075,311.03,156.0,161.0
14261,2021-01-23 15:04:00,161.4,162.35,157.0,157.0,14025,349075,311.03,156.0,161.0
14262,2021-01-23 15:05:00,161.4,162.35,157.0,157.0,14025,349075,311.03,156.0,161.0
14263,2021-01-23 15:06:00,161.4,162.35,157.0,157.0,14025,349075,311.03,156.0,161.0
14264,2021-01-23 15:07:00,161.4,162.35,157.0,157.0,14025,349075,311.03,156.0,161.0
14265,2021-01-23 15:08:00,161.4,162.35,157.0,157.0,14025,349075,311.03,156.0,161.0
14266,2021-01-23 15:09:00,161.4,162.35,157.0,157.0,14025,349075,311.03,156.0,161.0
14267,2021-01-23 15:10:00,161.4,162.35,157.0,157.0,14025,349075,311.03,156.0,161.0
14268,2021-01-23 15:11:00,161.4,162.35,157.0,157.0,14025,349075,311.03,156.0,161.0
14269,2021-01-23 15:12:00,161.4,162.35,157.0,157.0,14025,349075,311.03,156.0,161.0
14270,2021-01-23 15:13:00,161.4,162.35,157.0,157.0,14025,349075,311.03,156.0,161.0
14271,2021-01-23 15:14:00,161.4,162.35,157.0,157.0,14025,349075,311.03,156.0,161.0
14272,2021-01-23 15:15:00,161.4,162.35,157.0,157.0,14025,349075,311.03,156.0,161.0
14273,2021-01-23 15:16:00,161.4,162.35,157.0,157.0,14025,349075,311.03,156.0,161.0
14274,2021-01-23 15:17:00,161.4,162.35,157.0,157.0,14025,349075,311.03,156.0,161.0
14275,2021-01-23 15:18:00,161.4,162.35,157.0,157.0,14025,349075,311.03,156.0,161.0
14276,2021-01-23 15:19:00,161.4,162.35,157.0,157.0,14025,349075,311.03,156.0,161.0
14277,2021-01-23 15:20:00,161.4,162.35,157.0,157.0,14025,349075,311.03,156.0,161.0
14278,2021-01-23 15:21:00,161.4,162.35,157.0,157.0,14025,349075,311.03,156.0,161.0
14279,2021-01-23 15:22:00,161.4,162.35,157.0,157.0,14025,349075,311.03,156.0,161.0
14280,2021-01-23 15:23:00,161.4,162.35,157.0,157.0,14025,349075,311.03,156.0,161.0
14281,2021-01-23 15:24:00,161.4,162.35,157.0,157.0,14025,349075,311.03,156.0,161.0
14282,2021-01-23 15:25:00,161.4,162.35,157.0,157.0,14025,349075,311.03,156.0,161.0
14283,2021-01-23 15:26:00,161.4,162.35,157.0,157.0,14025,349075,311.03,156.0,161.0
14284,2021-01-23 15:27:00,161.4,162.35,157.0,157.0,14025,349075,311.03,156.0,161.0
14285,2021-01-23 15:28:00,161.4,162.35,157.0,157.0,14025,349075,311.03,156.0,161.0
14286,2021-01-23 15:29:00,161.4,162.35,157.0,157.0,14025,349075,311.03,156.0,161.0
14287,2021-01-23 15:30:00,161.4,162.35,157.0,157.0,14025,349075,311.03,156.0,161.0
14288,2021-01-24 09:15:00,161.4,162.35,157.0,157.0,14025,349075,311.03,156.0,161.0
14289,2021-01-24 09:16:00,161.4,162.35,157.0,157.0,14025,349075,311.03,156.0,161.0
14290,2021-01-24 09:17:00,161.4,162.35,157.0,157.0,14025,349075,311.03,156.0,161.0
14291,2021-01-24 09:18:00,161.4,162.35,157.0,157.0,14025,349075,311.03,156.0,161.0
14292,2021-01-24 09:19:00,161.4,162.35,157.0,157.0,14025,349075,311.03,156.0,161.0
14293,2021-01-24 09:20:00,161.4,162.35,157.0,157.0,14025,349075,311.03,156.0,161.0
14294,2021-01-24 09:21:00,161.4,162.35,157.0,157.0,14025,349075,311.03,156.0,161.0
14295,2021-01-24 09:22:00,161.4,162.35,157.0,157.0,14025,349075,311.03,156.0,161.0
14296,2021-01-24 09:23:00,161.4,162.35,157.0,157.0,14025,349075,311.03,156.0,161.0
14297,2021-01-24 09:24:00,161.4,162.35,157.0,157.0,14025,349075,311.03,156.0,161.0
14298,2021-01-24 09:25:00,161.4,162.35,157.0,157.0,14025,349075,311.03,156.0,161.0
14299,2021-01-24 09:26:00,161.4,162.35,157.0,157.0,14025,349075,311.03,156.0,161.0
14300,2021-01-24 09:27:00,161.4,162.35,157.0,157.0,14025,349075,311.03,156.0,161.0
14301,2021-01-24 09:28:00,161.4,162.35,157.0,157.0,14025,349075,311.03,156.0,161.0
14302,2021-01-24 09:29:00,161.4,162.35,157.0,157.0,14025,349075,311.03,156.0,161.0
14303,2021-01-24 09:30:00,161.4,162.35,157.0,157.0,14025,349075,311.03,156.0,161.0
14304,2021-01-24 09:31:00,161.4,162.35,157.0,157.0,14025,349075,311.03,156.0,161.0
14305,2021-01-24 09:32:00,161.4,162.35,157.0,157.0,14025,349075,311.03,156.0,161.0
14306,2021-01-24 09:33:00,161.4,162.35,157.0,157.0,14025,349075,311.03,156.0,161.0
14307,2021-01-24 09:34:00,161.4,162.35,157.0,157.0,14025,349075,311.03,156.0,161.0
14308,2021-01-24 09:35:00,161.4,162.35,157.0,157.0,14025,349075,311.03,156.0,161.0
14309,2021-01-24 09:36:00,161.4,162.35,157.0,157.0,14025,349075,311.03,156.0,161.0
14310,2021-01-24 09:37:00,161.4,162.35,157.0,157.0,14025,349075,311.03,156.0,161.0
14311,2021-01-24 09:38:00,161.4,162.35,157.0,157.0,14025,349075,311.03,156.0,161.0
14312,2021-01-24 09:39:00,161.4,162.35,157.0,157.0,14025,349075,311.03,156.0,161.0
14313,2021-01-24 09:40:00,161.4,162.35,157.0,157.0,14025,349075,311.03,156.0,161.0
14314,2021-01-24 09:41:00,161.4,162.35,157.0,157.0,14025,349075,311.03,156.0,161.0
14315,2021-01-24 09:42:00,161.4,162.35,157.0,157.0,14025,349075,311.03,156.0,161.0
14316,2021-01-24 09:43:00,161.4,162.35,157.0,157.0,14025,349075,311.03,156.0,161.0
14317,2021-01-24 09:44:00,161.4,162.35,157.0,157.0,14025,349075,311.03,156.0,161.0
14318,2021-01-24 09:45:00,161.4,162.35,157.0,157.0,14025,349075,311.03,156.0,161.0
14319,2021-01-24 09:46:00,161.4,162.35,157.0,157.0,14025,349075,311.03,156.0,161.0
14320,2021-01-24 09:47:00,161.4,162.35,157.0,157.0,14025,349075,311.03,156.0,161.0
14321,2021-01-24 09:48:00,161.4,162.35,157.0,157.0,14025,349075,311.03,156.0,161.0
14322,2021-01-24 09:49:00,161.4,162.35,157.0,157.0,14025,349075,311.03,156.0,161.0
14323,2021-01-24 09:50:00,161.4,162.35,157.0,157.0,14025,349075,311.03,156.0,161.0
14324,2021-01-24 09:51:00,161.4,162.35,157.0,157.0,14025,349075,311.03,156.0,161.0
14325,2021-01-24 09:52:00,161.4,162.35,157.0,157.0,14025,349075,311.03,156.0,161.0
14326,2021-01-24 09:53:00,161.4,162.35,157.0,157.0,14025,349075,311.03,156.0,161.0
14327,2021-01-24 09:54:00,161.4,162.35,157.0,157.0,14025,349075,311.03,156.0,161.0
14328,2021-01-24 09:55:00,161.4,162.35,157.0,157.0,14025,349075,311.03,156.0,161.0
14329,2021-01-24 09:56:00,161.4,162.35,157.0,157.0,14025,349075,311.03,156.0,161.0
14330,2021-01-24 09:57:00,161.4,162.35,157.0,157.0,14025,349075,311.03,156.0,161.0
14331,2021-01-24 09:58:00,161.4,162.35,157.0,157.0,14025,349075,311.03,156.0,161.0
14332,2021-01-24 09:59:00,161.4,162.35,157.0,157.0,14025,349075,311.03,156.0,161.0
14333,2021-01-24 10:00:00,161.4,162.35,157.0,157.0,14025,349075,311.03,156.0,161.0
14334,2021-01-24 10:01:00,161.4,162.35,157.0,157.0,14025,349075,311.03,156.0,161.0
14335,2021-01-24 10:02:00,161.4,162.35,157.0,157.0,14025,349075,311.03,156.0,161.0
14336,2021-01-24 10:03:00,161.4,162.35,157.0,157.0,14025,349075,311.03,156.0,161.0
14337,2021-01-24 10:04:00,161.4,162.35,157.0,157.0,14025,349075,311.03,156.0,161.0
14338,2021-01-24 10:05:00,161.4,162.35,157.0,157.0,14025,349075,311.03,156.0,161.0
14339,2021-01-24 10:06:00,161.4,162.35,157.0,157.0,14025,349075,311.03,156.0,161.0
14340,2021-01-24 10:07:00,161.4,162.35,157.0,157.0,14025,349075,311.03,156.0,161.0
14341,2021-01-24 10:08:00,161.4,162.35,157.0,157.0,14025,349075,311.03,156.0,161.0
14342,2021-01-24 10:09:00,161.4,162.35,157.0,157.0,14025,349075,311.03,156.0,161.0
14343,2021-01-24 10:10:00,161.4,162.35,157.0,157.0,14025,349075,311.03,156.0,161.0
14344,2021-01-24 10:11:00,161.4,162.35,157.0,157.0,14025,349075,311.03,156.0,161.0
14345,2021-01-24 10:12:00,161.4,162.35,157.0,157.0,14025,349075,311.03,156.0,161.0
14346,2021-01-24 10:13:00,161.4,162.35,157.0,157.0,14025,349075,311.03,156.0,161.0
14347,2021-01-24 10:14:00,161.4,162.35,157.0,157.0,14025,349075,311.03,156.0,161.0
14348,2021-01-24 10:15:00,161.4,162.35,157.0,157.0,14025,349075,311.03,156.0,161.0
14349,2021-01-24 10:16:00,161.4,162.35,157.0,157.0,14025,349075,311.03,156.0,161.0
14350,2021-01-24 10:17:00,161.4,162.35,157.0,157.0,14025,349075,311.03,156.0,161.0
14351,2021-01-24 10:18:00,161.4,162.35,157.0,157.0,14025,349075,311.03,156.0,161.0
14352,2021-01-24 10:19:00,161.4,162.35,157.0,157.0,14025,349075,311.03,156.0,161.0
14353,2021-01-24 10:20:00,161.4,162.35,157.0,157.0,14025,349075,311.03,156.0,161.0
14354,2021-01-24 10:21:00,161.4,162.35,157.0,157.0,14025,349075,311.03,156.0,161.0
14355,2021-01-24 10:22:00,161.4,162.35,157.0,157.0,14025,349075,311.03,156.0,161.0
14356,2021-01-24 10:23:00,161.4,162.35,157.0,157.0,14025,349075,311.03,156.0,161.0
14357,2021-01-24 10:24:00,161.4,162.35,157.0,157.0,14025,349075,311.03,156.0,161.0
14358,2021-01-24 10:25:00,161.4,162.35,157.0,157.0,14025,349075,311.03,156.0,161.0
14359,2021-01-24 10:26:00,161.4,162.35,157.0,157.0,14025,349075,311.03,156.0,161.0
14360,2021-01-24 10:27:00,161.4,162.35,157.0,157.0,14025,349075,311.03,156.0,161.0
14361,2021-01-24 10:28:00,161.4,162.35,157.0,157.0,14025,349075,311.03,156.0,161.0
14362,2021-01-24 10:29:00,161.4,162.35,157.0,157.0,14025,349075,311.03,156.0,161.0
14363,2021-01-24 10:30:00,161.4,162.35,157.0,157.0,14025,349075,311.03,156.0,161.0
14364,2021-01-24 10:31:00,161.4,162.35,157.0,157.0,14025,349075,311.03,156.0,161.0
14365,2021-01-24 10:32:00,161.4,162.35,157.0,157.0,14025,349075,311.03,156.0,161.0
14366,2021-01-24 10:33:00,161.4,162.35,157.0,157.0,14025,349075,311.03,156.0,161.0
14367,2021-01-24 10:34:00,161.4,162.35,157.0,157.0,14025,349075,311.03,156.0,161.0
14368,2021-01-24 10:35:00,161.4,162.35,157.0,157.0,14025,349075,311.03,156.0,161.0
14369,2021-01-24 10:36:00,161.4,162.35,157.0,157.0,14025,349075,311.03,156.0,161.0
14370,2021-01-24 10:37:00,161.4,162.35,157.0,157.0,14025,349075,311.03,156.0,161.0
14371,2021-01-24 10:38:00,161.4,162.35,157.0,157.0,14025,349075,311.03,156.0,161.0
14372,2021-01-24 10:39:00,161.4,162.35,157.0,157.0,14025,349075,311.03,156.0,161.0
14373,2021-01-24 10:40:00,161.4,162.35,157.0,157.0,14025,349075,311.03,156.0,161.0
14374,2021-01-24 10:41:00,161.4,162.35,157.0,157.0,14025,349075,311.03,156.0,161.0
14375,2021-01-24 10:42:00,161.4,162.35,157.0,157.0,14025,349075,311.03,156.0,161.0
14376,2021-01-24 10:43:00,161.4,162.35,157.0,157.0,14025,349075,311.03,156.0,161.0
14377,2021-01-24 10:44:00,161.4,162.35,157.0,157.0,14025,349075,311.03,156.0,161.0
14378,2021-01-24 10:45:00,161.4,162.35,157.0,157.0,14025,349075,311.03,156.0,161.0
14379,2021-01-24 10:46:00,161.4,162.35,157.0,157.0,14025,349075,311.03,156.0,161.0
14380,2021-01-24 10:47:00,161.4,162.35,157.0,157.0,14025,349075,311.03,156.0,161.0
14381,2021-01-24 10:48:00,161.4,162.35,157.0,157.0,14025,349075,311.03,156.0,161.0
14382,2021-01-24 10:49:00,161.4,162.35,157.0,157.0,14025,349075,311.03,156.0,161.0
14383,2021-01-24 10:50:00,161.4,162.35,157.0,157.0,14025,349075,311.03,156.0,161.0
14384,2021-01-24 10:51:00,161.4,162.35,157.0,157.0,14025,349075,311.03,156.0,161.0
14385,2021-01-24 10:52:00,161.4,162.35,157.0,157.0,14025,349075,311.03,156.0,161.0
14386,2021-01-24 10:53:00,161.4,162.35,157.0,157.0,14025,349075,311.03,156.0,161.0
14387,2021-01-24 10:54:00,161.4,162.35,157.0,157.0,14025,349075,311.03,156.0,161.0
14388,2021-01-24 10:55:00,161.4,162.35,157.0,157.0,14025,349075,311.03,156.0,161.0
14389,2021-01-24 10:56:00,161.4,162.35,157.0,157.0,14025,349075,311.03,156.0,161.0
14390,2021-01-24 10:57:00,161.4,162.35,157.0,157.0,14025,349075,311.03,156.0,161.0
14391,2021-01-24 10:58:00,161.4,162.35,157.0,157.0,14025,349075,311.03,156.0,161.0
14392,2021-01-24 10:59:00,161.4,162.35,157.0,157.0,14025,349075,311.03,156.0,161.0
14393,2021-01-24 11:00:00,161.4,162.35,157.0,157.0,14025,349075,311.03,156.0,161.0
14394,2021-01-24 11:01:00,161.4,162.35,157.0,157.0,14025,349075,311.03,156.0,161.0
14395,2021-01-24 11:02:00,161.4,162.35,157.0,157.0,14025,349075,311.03,156.0,161.0
14396,2021-01-24 11:03:00,161.4,162.35,157.0,157.0,14025,349075,311.03,156.0,161.0
14397,2021-01-24 11:04:00,161.4,162.35,157.0,157.0,14025,349075,311.03,156.0,161.0
14398,2021-01-24 11:05:00,161.4,162.35,157.0,157.0,14025,349075,311.03,156.0,161.0
14399,2021-01-24 11:06:00,161.4,162.35,157.0,157.0,14025,349075,311.03,156.0,161.0
14400,2021-01-24 11:07:00,161.4,162.35,157.0,157.0,14025,349075,311.03,156.0,161.0
14401,2021-01-24 11:08:00,161.4,162.35,157.0,157.0,14025,349075,311.03,156.0,161.0
14402,2021-01-24 11:09:00,161.4,162.35,157.0,157.0,14025,349075,311.03,156.0,161.0
14403,2021-01-24 11:10:00,161.4,162.35,157.0,157.0,14025,349075,311.03,156.0,161.0
14404,2021-01-24 11:11:00,161.4,162.35,157.0,157.0,14025,349075,311.03,156.0,161.0
14405,2021-01-24 11:12:00,161.4,162.35,157.0,157.0,14025,349075,311.03,156.0,161.0
14406,2021-01-24 11:13:00,161.4,162.35,157.0,157.0,14025,349075,311.03,156.0,161.0
14407,2021-01-24 11:14:00,161.4,162.35,157.0,157.0,14025,349075,311.03,156.0,161.0
14408,2021-01-24 11:15:00,161.4,162.35,157.0,157.0,14025,349075,311.03,156.0,161.0
14409,2021-01-24 11:16:00,161.4,162.35,157.0,157.0,14025,349075,311.03,156.0,161.0
14410,2021-01-24 11:17:00,161.4,162.35,157.0,157.0,14025,349075,311.03,156.0,161.0
14411,2021-01-24 11:18:00,161.4,162.35,157.0,157.0,14025,349075,311.03,156.0,161.0
14412,2021-01-24 11:19:00,161.4,162.35,157.0,157.0,14025,349075,311.03,156.0,161.0
14413,2021-01-24 11:20:00,161.4,162.35,157.0,157.0,14025,349075,311.03,156.0,161.0
14414,2021-01-24 11:21:00,161.4,162.35,157.0,157.0,14025,349075,311.03,156.0,161.0
14415,2021-01-24 11:22:00,161.4,162.35,157.0,157.0,14025,349075,311.03,156.0,161.0
14416,2021-01-24 11:23:00,161.4,162.35,157.0,157.0,14025,349075,311.03,156.0,161.0
14417,2021-01-24 11:24:00,161.4,162.35,157.0,157.0,14025,349075,311.03,156.0,161.0
14418,2021-01-24 11:25:00,161.4,162.35,157.0,157.0,14025,349075,311.03,156.0,161.0
14419,2021-01-24 11:26:00,161.4,162.35,157.0,157.0,14025,349075,311.03,156.0,161.0
14420,2021-01-24 11:27:00,161.4,162.35,157.0,157.0,14025,349075,311.03,156.0,161.0
14421,2021-01-24 11:28:00,161.4,162.35,157.0,157.0,14025,349075,311.03,156.0,161.0
14422,2021-01-24 11:29:00,161.4,162.35,157.0,157.0,14025,349075,311.03,156.0,161.0
14423,2021-01-24 11:30:00,161.4,162.35,157.0,157.0,14025,349075,311.03,156.0,161.0
14424,2021-01-24 11:31:00,161.4,162.35,157.0,157.0,14025,349075,311.03,156.0,161.0
14425,2021-01-24 11:32:00,161.4,162.35,157.0,157.0,14025,349075,311.03,156.0,161.0
14426,2021-01-24 11:33:00,161.4,162.35,157.0,157.0,14025,349075,311.03,156.0,161.0
14427,2021-01-24 11:34:00,161.4,162.35,157.0,157.0,14025,349075,311.03,156.0,161.0
14428,2021-01-24 11:35:00,161.4,162.35,157.0,157.0,14025,349075,311.03,156.0,161.0
14429,2021-01-24 11:36:00,161.4,162.35,157.0,157.0,14025,349075,311.03,156.0,161.0
14430,2021-01-24 11:37:00,161.4,162.35,157.0,157.0,14025,349075,311.03,156.0,161.0
14431,2021-01-24 11:38:00,161.4,162.35,157.0,157.0,14025,349075,311.03,156.0,161.0
14432,2021-01-24 11:39:00,161.4,162.35,157.0,157.0,14025,349075,311.03,156.0,161.0
14433,2021-01-24 11:40:00,161.4,162.35,157.0,157.0,14025,349075,311.03,156.0,161.0
14434,2021-01-24 11:41:00,161.4,162.35,157.0,157.0,14025,349075,311.03,156.0,161.0
14435,2021-01-24 11:42:00,161.4,162.35,157.0,157.0,14025,349075,311.03,156.0,161.0
14436,2021-01-24 11:43:00,161.4,162.35,157.0,157.0,14025,349075,311.03,156.0,161.0
14437,2021-01-24 11:44:00,161.4,162.35,157.0,157.0,14025,349075,311.03,156.0,161.0
14438,2021-01-24 11:45:00,161.4,162.35,157.0,157.0,14025,349075,311.03,156.0,161.0
14439,2021-01-24 11:46:00,161.4,162.35,157.0,157.0,14025,349075,311.03,156.0,161.0
14440,2021-01-24 11:47:00,161.4,162.35,157.0,157.0,14025,349075,311.03,156.0,161.0
14441,2021-01-24 11:48:00,161.4,162.35,157.0,157.0,14025,349075,311.03,156.0,161.0
14442,2021-01-24 11:49:00,161.4,162.35,157.0,157.0,14025,349075,311.03,156.0,161.0
14443,2021-01-24 11:50:00,161.4,162.35,157.0,157.0,14025,349075,311.03,156.0,161.0
14444,2021-01-24 11:51:00,161.4,162.35,157.0,157.0,14025,349075,311.03,156.0,161.0
14445,2021-01-24 11:52:00,161.4,162.35,157.0,157.0,14025,349075,311.03,156.0,161.0
14446,2021-01-24 11:53:00,161.4,162.35,157.0,157.0,14025,349075,311.03,156.0,161.0
14447,2021-01-24 11:54:00,161.4,162.35,157.0,157.0,14025,349075,311.03,156.0,161.0
14448,2021-01-24 11:55:00,161.4,162.35,157.0,157.0,14025,349075,311.03,156.0,161.0
14449,2021-01-24 11:56:00,161.4,162.35,157.0,157.0,14025,349075,311.03,156.0,161.0
14450,2021-01-24 11:57:00,161.4,162.35,157.0,157.0,14025,349075,311.03,156.0,161.0
14451,2021-01-24 11:58:00,161.4,162.35,157.0,157.0,14025,349075,311.03,156.0,161.0
14452,2021-01-24 11:59:00,161.4,162.35,157.0,157.0,14025,349075,311.03,156.0,161.0
14453,2021-01-24 12:00:00,161.4,162.35,157.0,157.0,14025,349075,311.03,156.0,161.0
14454,2021-01-24 12:01:00,161.4,162.35,157.0,157.0,14025,349075,311.03,156.0,161.0
14455,2021-01-24 12:02:00,161.4,162.35,157.0,157.0,14025,349075,311.03,156.0,161.0
14456,2021-01-24 12:03:00,161.4,162.35,157.0,157.0,14025,349075,311.03,156.0,161.0
14457,2021-01-24 12:04:00,161.4,162.35,157.0,157.0,14025,349075,311.03,156.0,161.0
14458,2021-01-24 12:05:00,161.4,162.35,157.0,157.0,14025,349075,311.03,156.0,161.0
14459,2021-01-24 12:06:00,161.4,162.35,157.0,157.0,14025,349075,311.03,156.0,161.0
14460,2021-01-24 12:07:00,161.4,162.35,157.0,157.0,14025,349075,311.03,156.0,161.0
14461,2021-01-24 12:08:00,161.4,162.35,157.0,157.0,14025,349075,311.03,156.0,161.0
14462,2021-01-24 12:09:00,161.4,162.35,157.0,157.0,14025,349075,311.03,156.0,161.0
14463,2021-01-24 12:10:00,161.4,162.35,157.0,157.0,14025,349075,311.03,156.0,161.0
14464,2021-01-24 12:11:00,161.4,162.35,157.0,157.0,14025,349075,311.03,156.0,161.0
14465,2021-01-24 12:12:00,161.4,162.35,157.0,157.0,14025,349075,311.03,156.0,161.0
14466,2021-01-24 12:13:00,161.4,162.35,157.0,157.0,14025,349075,311.03,156.0,161.0
14467,2021-01-24 12:14:00,161.4,162.35,157.0,157.0,14025,349075,311.03,156.0,161.0
14468,2021-01-24 12:15:00,161.4,162.35,157.0,157.0,14025,349075,311.03,156.0,161.0
14469,2021-01-24 12:16:00,161.4,162.35,157.0,157.0,14025,349075,311.03,156.0,161.0
14470,2021-01-24 12:17:00,161.4,162.35,157.0,157.0,14025,349075,311.03,156.0,161.0
14471,2021-01-24 12:18:00,161.4,162.35,157.0,157.0,14025,349075,311.03,156.0,161.0
14472,2021-01-24 12:19:00,161.4,162.35,157.0,157.0,14025,349075,311.03,156.0,161.0
14473,2021-01-24 12:20:00,161.4,162.35,157.0,157.0,14025,349075,311.03,156.0,161.0
14474,2021-01-24 12:21:00,161.4,162.35,157.0,157.0,14025,349075,311.03,156.0,161.0
14475,2021-01-24 12:22:00,161.4,162.35,157.0,157.0,14025,349075,311.03,156.0,161.0
14476,2021-01-24 12:23:00,161.4,162.35,157.0,157.0,14025,349075,311.03,156.0,161.0
14477,2021-01-24 12:24:00,161.4,162.35,157.0,157.0,14025,349075,311.03,156.0,161.0
14478,2021-01-24 12:25:00,161.4,162.35,157.0,157.0,14025,349075,311.03,156.0,161.0
14479,2021-01-24 12:26:00,161.4,162.35,157.0,157.0,14025,349075,311.03,156.0,161.0
14480,2021-01-24 12:27:00,161.4,162.35,157.0,157.0,14025,349075,311.03,156.0,161.0
14481,2021-01-24 12:28:00,161.4,162.35,157.0,157.0,14025,349075,311.03,156.0,161.0
14482,2021-01-24 12:29:00,161.4,162.35,157.0,157.0,14025,349075,311.03,156.0,161.0
14483,2021-01-24 12:30:00,161.4,162.35,157.0,157.0,14025,349075,311.03,156.0,161.0
14484,2021-01-24 12:31:00,161.4,162.35,157.0,157.0,14025,349075,311.03,156.0,161.0
14485,2021-01-24 12:32:00,161.4,162.35,157.0,157.0,14025,349075,311.03,156.0,161.0
14486,2021-01-24 12:33:00,161.4,162.35,157.0,157.0,14025,349075,311.03,156.0,161.0
14487,2021-01-24 12:34:00,161.4,162.35,157.0,157.0,14025,349075,311.03,156.0,161.0
14488,2021-01-24 12:35:00,161.4,162.35,157.0,157.0,14025,349075,311.03,156.0,161.0
14489,2021-01-24 12:36:00,161.4,162.35,157.0,157.0,14025,349075,311.03,156.0,161.0
14490,2021-01-24 12:37:00,161.4,162.35,157.0,157.0,14025,349075,311.03,156.0,161.0
14491,2021-01-24 12:38:00,161.4,162.35,157.0,157.0,14025,349075,311.03,156.0,161.0
14492,2021-01-24 12:39:00,161.4,162.35,157.0,157.0,14025,349075,311.03,156.0,161.0
14493,2021-01-24 12:40:00,161.4,162.35,157.0,157.0,14025,349075,311.03,156.0,161.0
14494,2021-01-24 12:41:00,161.4,162.35,157.0,157.0,14025,349075,311.03,156.0,161.0
14495,2021-01-24 12:42:00,161.4,162.35,157.0,157.0,14025,349075,311.03,156.0,161.0
14496,2021-01-24 12:43:00,161.4,162.35,157.0,157.0,14025,349075,311.03,156.0,161.0
14497,2021-01-24 12:44:00,161.4,162.35,157.0,157.0,14025,349075,311.03,156.0,161.0
14498,2021-01-24 12:45:00,161.4,162.35,157.0,157.0,14025,349075,311.03,156.0,161.0
14499,2021-01-24 12:46:00,161.4,162.35,157.0,157.0,14025,349075,311.03,156.0,161.0
14500,2021-01-24 12:47:00,161.4,162.35,157.0,157.0,14025,349075,311.03,156.0,161.0
14501,2021-01-24 12:48:00,161.4,162.35,157.0,157.0,14025,349075,311.03,156.0,161.0
14502,2021-01-24 12:49:00,161.4,162.35,157.0,157.0,14025,349075,311.03,156.0,161.0
14503,2021-01-24 12:50:00,161.4,162.35,157.0,157.0,14025,349075,311.03,156.0,161.0
14504,2021-01-24 12:51:00,161.4,162.35,157.0,157.0,14025,349075,311.03,156.0,161.0
14505,2021-01-24 12:52:00,161.4,162.35,157.0,157.0,14025,349075,311.03,156.0,161.0
14506,2021-01-24 12:53:00,161.4,162.35,157.0,157.0,14025,349075,311.03,156.0,161.0
14507,2021-01-24 12:54:00,161.4,162.35,157.0,157.0,14025,349075,311.03,156.0,161.0
14508,2021-01-24 12:55:00,161.4,162.35,157.0,157.0,14025,349075,311.03,156.0,161.0
14509,2021-01-24 12:56:00,161.4,162.35,157.0,157.0,14025,349075,311.03,156.0,161.0
14510,2021-01-24 12:57:00,161.4,162.35,157.0,157.0,14025,349075,311.03,156.0,161.0
14511,2021-01-24 12:58:00,161.4,162.35,157.0,157.0,14025,349075,311.03,156.0,161.0
14512,2021-01-24 12:59:00,161.4,162.35,157.0,157.0,14025,349075,311.03,156.0,161.0
14513,2021-01-24 13:00:00,161.4,162.35,157.0,157.0,14025,349075,311.03,156.0,161.0
14514,2021-01-24 13:01:00,161.4,162.35,157.0,157.0,14025,349075,311.03,156.0,161.0
14515,2021-01-24 13:02:00,161.4,162.35,157.0,157.0,14025,349075,311.03,156.0,161.0
14516,2021-01-24 13:03:00,161.4,162.35,157.0,157.0,14025,349075,311.03,156.0,161.0
14517,2021-01-24 13:04:00,161.4,162.35,157.0,157.0,14025,349075,311.03,156.0,161.0
14518,2021-01-24 13:05:00,161.4,162.35,157.0,157.0,14025,349075,311.03,156.0,161.0
14519,2021-01-24 13:06:00,161.4,162.35,157.0,157.0,14025,349075,311.03,156.0,161.0
14520,2021-01-24 13:07:00,161.4,162.35,157.0,157.0,14025,349075,311.03,156.0,161.0
14521,2021-01-24 13:08:00,161.4,162.35,157.0,157.0,14025,349075,311.03,156.0,161.0
14522,2021-01-24 13:09:00,161.4,162.35,157.0,157.0,14025,349075,311.03,156.0,161.0
14523,2021-01-24 13:10:00,161.4,162.35,157.0,157.0,14025,349075,311.03,156.0,161.0
14524,2021-01-24 13:11:00,161.4,162.35,157.0,157.0,14025,349075,311.03,156.0,161.0
14525,2021-01-24 13:12:00,161.4,162.35,157.0,157.0,14025,349075,311.03,156.0,161.0
14526,2021-01-24 13:13:00,161.4,162.35,157.0,157.0,14025,349075,311.03,156.0,161.0
14527,2021-01-24 13:14:00,161.4,162.35,157.0,157.0,14025,349075,311.03,156.0,161.0
14528,2021-01-24 13:15:00,161.4,162.35,157.0,157.0,14025,349075,311.03,156.0,161.0
14529,2021-01-24 13:16:00,161.4,162.35,157.0,157.0,14025,349075,311.03,156.0,161.0
14530,2021-01-24 13:17:00,161.4,162.35,157.0,157.0,14025,349075,311.03,156.0,161.0
14531,2021-01-24 13:18:00,161.4,162.35,157.0,157.0,14025,349075,311.03,156.0,161.0
14532,2021-01-24 13:19:00,161.4,162.35,157.0,157.0,14025,349075,311.03,156.0,161.0
14533,2021-01-24 13:20:00,161.4,162.35,157.0,157.0,14025,349075,311.03,156.0,161.0
14534,2021-01-24 13:21:00,161.4,162.35,157.0,157.0,14025,349075,311.03,156.0,161.0
14535,2021-01-24 13:22:00,161.4,162.35,157.0,157.0,14025,349075,311.03,156.0,161.0
14536,2021-01-24 13:23:00,161.4,162.35,157.0,157.0,14025,349075,311.03,156.0,161.0
14537,2021-01-24 13:24:00,161.4,162.35,157.0,157.0,14025,349075,311.03,156.0,161.0
14538,2021-01-24 13:25:00,161.4,162.35,157.0,157.0,14025,349075,311.03,156.0,161.0
14539,2021-01-24 13:26:00,161.4,162.35,157.0,157.0,14025,349075,311.03,156.0,161.0
14540,2021-01-24 13:27:00,161.4,162.35,157.0,157.0,14025,349075,311.03,156.0,161.0
14541,2021-01-24 13:28:00,161.4,162.35,157.0,157.0,14025,349075,311.03,156.0,161.0
14542,2021-01-24 13:29:00,161.4,162.35,157.0,157.0,14025,349075,311.03,156.0,161.0
14543,2021-01-24 13:30:00,161.4,162.35,157.0,157.0,14025,349075,311.03,156.0,161.0
14544,2021-01-24 13:31:00,161.4,162.35,157.0,157.0,14025,349075,311.03,156.0,161.0
14545,2021-01-24 13:32:00,161.4,162.35,157.0,157.0,14025,349075,311.03,156.0,161.0
14546,2021-01-24 13:33:00,161.4,162.35,157.0,157.0,14025,349075,311.03,156.0,161.0
14547,2021-01-24 13:34:00,161.4,162.35,157.0,157.0,14025,349075,311.03,156.0,161.0
14548,2021-01-24 13:35:00,161.4,162.35,157.0,157.0,14025,349075,311.03,156.0,161.0
14549,2021-01-24 13:36:00,161.4,162.35,157.0,157.0,14025,349075,311.03,156.0,161.0
14550,2021-01-24 13:37:00,161.4,162.35,157.0,157.0,14025,349075,311.03,156.0,161.0
14551,2021-01-24 13:38:00,161.4,162.35,157.0,157.0,14025,349075,311.03,156.0,161.0
14552,2021-01-24 13:39:00,161.4,162.35,157.0,157.0,14025,349075,311.03,156.0,161.0
14553,2021-01-24 13:40:00,161.4,162.35,157.0,157.0,14025,349075,311.03,156.0,161.0
14554,2021-01-24 13:41:00,161.4,162.35,157.0,157.0,14025,349075,311.03,156.0,161.0
14555,2021-01-24 13:42:00,161.4,162.35,157.0,157.0,14025,349075,311.03,156.0,161.0
14556,2021-01-24 13:43:00,161.4,162.35,157.0,157.0,14025,349075,311.03,156.0,161.0
14557,2021-01-24 13:44:00,161.4,162.35,157.0,157.0,14025,349075,311.03,156.0,161.0
14558,2021-01-24 13:45:00,161.4,162.35,157.0,157.0,14025,349075,311.03,156.0,161.0
14559,2021-01-24 13:46:00,161.4,162.35,157.0,157.0,14025,349075,311.03,156.0,161.0
14560,2021-01-24 13:47:00,161.4,162.35,157.0,157.0,14025,349075,311.03,156.0,161.0
14561,2021-01-24 13:48:00,161.4,162.35,157.0,157.0,14025,349075,311.03,156.0,161.0
14562,2021-01-24 13:49:00,161.4,162.35,157.0,157.0,14025,349075,311.03,156.0,161.0
14563,2021-01-24 13:50:00,161.4,162.35,157.0,157.0,14025,349075,311.03,156.0,161.0
14564,2021-01-24 13:51:00,161.4,162.35,157.0,157.0,14025,349075,311.03,156.0,161.0
14565,2021-01-24 13:52:00,161.4,162.35,157.0,157.0,14025,349075,311.03,156.0,161.0
14566,2021-01-24 13:53:00,161.4,162.35,157.0,157.0,14025,349075,311.03,156.0,161.0
14567,2021-01-24 13:54:00,161.4,162.35,157.0,157.0,14025,349075,311.03,156.0,161.0
14568,2021-01-24 13:55:00,161.4,162.35,157.0,157.0,14025,349075,311.03,156.0,161.0
14569,2021-01-24 13:56:00,161.4,162.35,157.0,157.0,14025,349075,311.03,156.0,161.0
14570,2021-01-24 13:57:00,161.4,162.35,157.0,157.0,14025,349075,311.03,156.0,161.0
14571,2021-01-24 13:58:00,161.4,162.35,157.0,157.0,14025,349075,311.03,156.0,161.0
14572,2021-01-24 13:59:00,161.4,162.35,157.0,157.0,14025,349075,311.03,156.0,161.0
14573,2021-01-24 14:00:00,161.4,162.35,157.0,157.0,14025,349075,311.03,156.0,161.0
14574,2021-01-24 14:01:00,161.4,162.35,157.0,157.0,14025,349075,311.03,156.0,161.0
14575,2021-01-24 14:02:00,161.4,162.35,157.0,157.0,14025,349075,311.03,156.0,161.0
14576,2021-01-24 14:03:00,161.4,162.35,157.0,157.0,14025,349075,311.03,156.0,161.0
14577,2021-01-24 14:04:00,161.4,162.35,157.0,157.0,14025,349075,311.03,156.0,161.0
14578,2021-01-24 14:05:00,161.4,162.35,157.0,157.0,14025,349075,311.03,156.0,161.0
14579,2021-01-24 14:06:00,161.4,162.35,157.0,157.0,14025,349075,311.03,156.0,161.0
14580,2021-01-24 14:07:00,161.4,162.35,157.0,157.0,14025,349075,311.03,156.0,161.0
14581,2021-01-24 14:08:00,161.4,162.35,157.0,157.0,14025,349075,311.03,156.0,161.0
14582,2021-01-24 14:09:00,161.4,162.35,157.0,157.0,14025,349075,311.03,156.0,161.0
14583,2021-01-24 14:10:00,161.4,162.35,157.0,157.0,14025,349075,311.03,156.0,161.0
14584,2021-01-24 14:11:00,161.4,162.35,157.0,157.0,14025,349075,311.03,156.0,161.0
14585,2021-01-24 14:12:00,161.4,162.35,157.0,157.0,14025,349075,311.03,156.0,161.0
14586,2021-01-24 14:13:00,161.4,162.35,157.0,157.0,14025,349075,311.03,156.0,161.0
14587,2021-01-24 14:14:00,161.4,162.35,157.0,157.0,14025,349075,311.03,156.0,161.0
14588,2021-01-24 14:15:00,161.4,162.35,157.0,157.0,14025,349075,311.03,156.0,161.0
14589,2021-01-24 14:16:00,161.4,162.35,157.0,157.0,14025,349075,311.03,156.0,161.0
14590,2021-01-24 14:17:00,161.4,162.35,157.0,157.0,14025,349075,311.03,156.0,161.0
14591,2021-01-24 14:18:00,161.4,162.35,157.0,157.0,14025,349075,311.03,156.0,161.0
14592,2021-01-24 14:19:00,161.4,162.35,157.0,157.0,14025,349075,311.03,156.0,161.0
14593,2021-01-24 14:20:00,161.4,162.35,157.0,157.0,14025,349075,311.03,156.0,161.0
14594,2021-01-24 14:21:00,161.4,162.35,157.0,157.0,14025,349075,311.03,156.0,161.0
14595,2021-01-24 14:22:00,161.4,162.35,157.0,157.0,14025,349075,311.03,156.0,161.0
14596,2021-01-24 14:23:00,161.4,162.35,157.0,157.0,14025,349075,311.03,156.0,161.0
14597,2021-01-24 14:24:00,161.4,162.35,157.0,157.0,14025,349075,311.03,156.0,161.0
14598,2021-01-24 14:25:00,161.4,162.35,157.0,157.0,14025,349075,311.03,156.0,161.0
14599,2021-01-24 14:26:00,161.4,162.35,157.0,157.0,14025,349075,311.03,156.0,161.0
14600,2021-01-24 14:27:00,161.4,162.35,157.0,157.0,14025,349075,311.03,156.0,161.0
14601,2021-01-24 14:28:00,161.4,162.35,157.0,157.0,14025,349075,311.03,156.0,161.0
14602,2021-01-24 14:29:00,161.4,162.35,157.0,157.0,14025,349075,311.03,156.0,161.0
14603,2021-01-24 14:30:00,161.4,162.35,157.0,157.0,14025,349075,311.03,156.0,161.0
14604,2021-01-24 14:31:00,161.4,162.35,157.0,157.0,14025,349075,311.03,156.0,161.0
14605,2021-01-24 14:32:00,161.4,162.35,157.0,157.0,14025,349075,311.03,156.0,161.0
14606,2021-01-24 14:33:00,161.4,162.35,157.0,157.0,14025,349075,311.03,156.0,161.0
14607,2021-01-24 14:34:00,161.4,162.35,157.0,157.0,14025,349075,311.03,156.0,161.0
14608,2021-01-24 14:35:00,161.4,162.35,157.0,157.0,14025,349075,311.03,156.0,161.0
14609,2021-01-24 14:36:00,161.4,162.35,157.0,157.0,14025,349075,311.03,156.0,161.0
14610,2021-01-24 14:37:00,161.4,162.35,157.0,157.0,14025,349075,311.03,156.0,161.0
14611,2021-01-24 14:38:00,161.4,162.35,157.0,157.0,14025,349075,311.03,156.0,161.0
14612,2021-01-24 14:39:00,161.4,162.35,157.0,157.0,14025,349075,311.03,156.0,161.0
14613,2021-01-24 14:40:00,161.4,162.35,157.0,157.0,14025,349075,311.03,156.0,161.0
14614,2021-01-24 14:41:00,161.4,162.35,157.0,157.0,14025,349075,311.03,156.0,161.0
14615,2021-01-24 14:42:00,161.4,162.35,157.0,157.0,14025,349075,311.03,156.0,161.0
14616,2021-01-24 14:43:00,161.4,162.35,157.0,157.0,14025,349075,311.03,156.0,161.0
14617,2021-01-24 14:44:00,161.4,162.35,157.0,157.0,14025,349075,311.03,156.0,161.0
14618,2021-01-24 14:45:00,161.4,162.35,157.0,157.0,14025,349075,311.03,156.0,161.0
14619,2021-01-24 14:46:00,161.4,162.35,157.0,157.0,14025,349075,311.03,156.0,161.0
14620,2021-01-24 14:47:00,161.4,162.35,157.0,157.0,14025,349075,311.03,156.0,161.0
14621,2021-01-24 14:48:00,161.4,162.35,157.0,157.0,14025,349075,311.03,156.0,161.0
14622,2021-01-24 14:49:00,161.4,162.35,157.0,157.0,14025,349075,311.03,156.0,161.0
14623,2021-01-24 14:50:00,161.4,162.35,157.0,157.0,14025,349075,311.03,156.0,161.0
14624,2021-01-24 14:51:00,161.4,162.35,157.0,157.0,14025,349075,311.03,156.0,161.0
14625,2021-01-24 14:52:00,161.4,162.35,157.0,157.0,14025,349075,311.03,156.0,161.0
14626,2021-01-24 14:53:00,161.4,162.35,157.0,157.0,14025,349075,311.03,156.0,161.0
14627,2021-01-24 14:54:00,161.4,162.35,157.0,157.0,14025,349075,311.03,156.0,161.0
14628,2021-01-24 14:55:00,161.4,162.35,157.0,157.0,14025,349075,311.03,156.0,161.0
14629,2021-01-24 14:56:00,161.4,162.35,157.0,157.0,14025,349075,311.03,156.0,161.0
14630,2021-01-24 14:57:00,161.4,162.35,157.0,157.0,14025,349075,311.03,156.0,161.0
14631,2021-01-24 14:58:00,161.4,162.35,157.0,157.0,14025,349075,311.03,156.0,161.0
14632,2021-01-24 14:59:00,161.4,162.35,157.0,157.0,14025,349075,311.03,156.0,161.0
14633,2021-01-24 15:00:00,161.4,162.35,157.0,157.0,14025,349075,311.03,156.0,161.0
14634,2021-01-24 15:01:00,161.4,162.35,157.0,157.0,14025,349075,311.03,156.0,161.0
14635,2021-01-24 15:02:00,161.4,162.35,157.0,157.0,14025,349075,311.03,156.0,161.0
14636,2021-01-24 15:03:00,161.4,162.35,157.0,157.0,14025,349075,311.03,156.0,161.0
14637,2021-01-24 15:04:00,161.4,162.35,157.0,157.0,14025,349075,311.03,156.0,161.0
14638,2021-01-24 15:05:00,161.4,162.35,157.0,157.0,14025,349075,311.03,156.0,161.0
14639,2021-01-24 15:06:00,161.4,162.35,157.0,157.0,14025,349075,311.03,156.0,161.0
14640,2021-01-24 15:07:00,161.4,162.35,157.0,157.0,14025,349075,311.03,156.0,161.0
14641,2021-01-24 15:08:00,161.4,162.35,157.0,157.0,14025,349075,311.03,156.0,161.0
14642,2021-01-24 15:09:00,161.4,162.35,157.0,157.0,14025,349075,311.03,156.0,161.0
14643,2021-01-24 15:10:00,161.4,162.35,157.0,157.0,14025,349075,311.03,156.0,161.0
14644,2021-01-24 15:11:00,161.4,162.35,157.0,157.0,14025,349075,311.03,156.0,161.0
14645,2021-01-24 15:12:00,161.4,162.35,157.0,157.0,14025,349075,311.03,156.0,161.0
14646,2021-01-24 15:13:00,161.4,162.35,157.0,157.0,14025,349075,311.03,156.0,161.0
14647,2021-01-24 15:14:00,161.4,162.35,157.0,157.0,14025,349075,311.03,156.0,161.0
14648,2021-01-24 15:15:00,161.4,162.35,157.0,157.0,14025,349075,311.03,156.0,161.0
14649,2021-01-24 15:16:00,161.4,162.35,157.0,157.0,14025,349075,311.03,156.0,161.0
14650,2021-01-24 15:17:00,161.4,162.35,157.0,157.0,14025,349075,311.03,156.0,161.0
14651,2021-01-24 15:18:00,161.4,162.35,157.0,157.0,14025,349075,311.03,156.0,161.0
14652,2021-01-24 15:19:00,161.4,162.35,157.0,157.0,14025,349075,311.03,156.0,161.0
14653,2021-01-24 15:20:00,161.4,162.35,157.0,157.0,14025,349075,311.03,156.0,161.0
14654,2021-01-24 15:21:00,161.4,162.35,157.0,157.0,14025,349075,311.03,156.0,161.0
14655,2021-01-24 15:22:00,161.4,162.35,157.0,157.0,14025,349075,311.03,156.0,161.0
14656,2021-01-24 15:23:00,161.4,162.35,157.0,157.0,14025,349075,311.03,156.0,161.0
14657,2021-01-24 15:24:00,161.4,162.35,157.0,157.0,14025,349075,311.03,156.0,161.0
14658,2021-01-24 15:25:00,161.4,162.35,157.0,157.0,14025,349075,311.03,156.0,161.0
14659,2021-01-24 15:26:00,161.4,162.35,157.0,157.0,14025,349075,311.03,156.0,161.0
14660,2021-01-24 15:27:00,161.4,162.35,157.0,157.0,14025,349075,311.03,156.0,161.0
14661,2021-01-24 15:28:00,161.4,162.35,157.0,157.0,14025,349075,311.03,156.0,161.0
14662,2021-01-24 15:29:00,161.4,162.35,157.0,157.0,14025,349075,311.03,156.0,161.0
14663,2021-01-24 15:30:00,161.4,162.35,157.0,157.0,14025,349075,311.03,156.0,161.0
14664,2021-01-25 09:15:00,194.3,224.4,188.7,207.3,54275,310800,207.13,206.3,207.65
14665,2021-01-25 09:16:00,205.4,229.75,205.4,221.0,50125,310800,211.85,220.05,220.8
14666,2021-01-25 09:17:00,219.45,219.45,202.85,217.6,52750,313450,212.12,218.0,218.8
14667,2021-01-25 09:18:00,218.4,219.0,210.0,217.05,49800,313450,212.88,216.9,217.85
14668,2021-01-25 09:19:00,215.85,216.3,200.65,204.7,49925,313450,212.12,203.5,204.6
14669,2021-01-25 09:20:00,203.8,216.2,200.05,203.55,51700,333000,211.4,203.05,203.75
14670,2021-01-25 09:21:00,206.25,214.0,205.0,205.0,32350,333000,211.28,205.1,205.6
14671,2021-01-25 09:22:00,206.15,211.2,205.4,205.65,27100,333000,210.99,205.0,205.45
14672,2021-01-25 09:23:00,205.15,210.45,200.7,203.45,23475,346600,210.68,202.85,203.5
14673,2021-01-25 09:24:00,204.9,206.9,192.6,192.6,31925,346600,210.02,192.0,192.45
14674,2021-01-25 09:25:00,190.0,198.0,189.05,190.65,25975,346600,209.06,190.0,190.6
14675,2021-01-25 09:26:00,190.5,197.35,188.45,195.9,22825,370025,208.33,194.85,195.5
14676,2021-01-25 09:27:00,196.3,202.8,196.3,202.15,22275,370025,207.95,201.75,201.95
14677,2021-01-25 09:28:00,203.35,206.7,192.0,197.95,77000,370025,206.72,197.9,198.75
14678,2021-01-25 09:29:00,200.25,203.65,187.9,187.9,54850,393100,205.79,187.85,188.6
14679,2021-01-25 09:30:00,189.15,202.65,187.1,194.5,39950,393100,205.24,193.25,194.1
14680,2021-01-25 09:31:00,194.05,195.6,189.4,189.85,24325,393100,204.79,189.55,190.3
14681,2021-01-25 09:32:00,190.65,195.0,188.35,190.6,26125,377500,204.3,190.3,191.0
14682,2021-01-25 09:33:00,190.0,192.65,182.9,186.5,28050,377500,203.62,186.15,186.7
14683,2021-01-25 09:34:00,186.2,189.8,182.8,188.6,18225,377500,203.21,187.6,188.35
14684,2021-01-25 09:35:00,185.95,190.0,181.45,187.25,15650,380325,202.85,187.0,187.55
14685,2021-01-25 09:36:00,186.25,188.35,182.0,188.35,15775,380325,202.5,188.0,188.65
14686,2021-01-25 09:37:00,186.55,187.9,170.45,174.95,39400,380325,201.4,175.15,175.8
14687,2021-01-25 09:38:00,174.8,178.15,162.15,165.75,46675,375525,199.7,165.65,166.5
14688,2021-01-25 09:39:00,167.6,169.7,158.3,161.25,39050,375525,198.21,161.3,162.0
14689,2021-01-25 09:40:00,161.3,161.3,133.15,135.25,86450,375525,193.71,134.65,135.05
14690,2021-01-25 09:41:00,135.7,147.45,135.7,144.65,78350,371375,189.92,144.4,145.0
14691,2021-01-25 09:42:00,140.85,141.65,115.6,117.15,70325,371375,186.43,116.9,117.45
14692,2021-01-25 09:43:00,117.2,126.4,110.3,125.55,69150,371375,182.72,125.15,125.8
14693,2021-01-25 09:44:00,124.6,134.05,123.45,128.05,46575,352075,180.72,127.45,128.1
14694,2021-01-25 09:45:00,125.75,126.2,119.4,119.4,33400,352075,179.24,119.2,119.65
14695,2021-01-25 09:46:00,118.1,120.35,107.9,108.6,42575,352075,177.16,108.25,108.7
14696,2021-01-25 09:47:00,110.75,114.85,107.0,108.6,38200,339075,175.34,108.4,108.8
14697,2021-01-25 09:48:00,107.35,107.35,92.2,99.55,50550,339075,172.67,99.4,99.85
14698,2021-01-25 09:49:00,98.85,102.4,97.75,101.8,33100,339075,171.04,101.65,102.05
14699,2021-01-25 09:50:00,102.85,124.85,101.25,120.8,103350,335775,167.5,120.0,120.8
14700,2021-01-25 09:51:00,121.65,131.4,115.75,119.0,62225,335775,165.78,119.25,119.7
14701,2021-01-25 09:52:00,119.35,123.7,118.6,122.6,36425,335775,164.8,122.65,123.2
14702,2021-01-25 09:53:00,124.25,132.0,122.7,130.0,62500,332550,163.45,130.25,131.0
14703,2021-01-25 09:54:00,129.75,134.4,129.2,133.05,14275,332550,163.19,132.65,133.3
14704,2021-01-25 09:55:00,132.3,132.3,117.8,124.0,41000,332550,162.31,123.9,124.55
14705,2021-01-25 09:56:00,124.45,131.15,123.5,130.95,20325,328100,161.91,131.0,131.75
14706,2021-01-25 09:57:00,130.45,136.0,126.6,130.15,14375,328100,161.67,129.9,130.3
14707,2021-01-25 09:58:00,130.9,133.1,128.75,130.25,10075,328100,161.5,129.7,130.2
14708,2021-01-25 09:59:00,130.3,135.5,128.25,135.5,17675,327275,161.22,135.3,136.0
14709,2021-01-25 10:00:00,135.8,138.3,129.4,134.25,16575,327275,160.98,133.0,133.65
14710,2021-01-25 10:01:00,133.9,143.45,130.95,140.55,26975,327275,160.66,140.55,141.15
14711,2021-01-25 10:02:00,141.5,152.65,137.75,152.55,29050,326850,160.45,151.9,152.45
14712,2021-01-25 10:03:00,154.55,166.5,153.55,163.55,36475,326850,160.44,163.4,164.2
14713,2021-01-25 10:04:00,161.2,166.35,158.25,165.4,25825,326850,160.46,164.65,165.4
14714,2021-01-25 10:05:00,164.8,193.8,164.8,193.8,55550,324450,160.99,192.95,193.85
14715,2021-01-25 10:06:00,193.2,204.5,180.0,188.75,59400,324450,161.9,188.65,189.35
14716,2021-01-25 10:07:00,190.0,201.2,190.0,190.4,37800,324450,162.52,190.1,191.1
14717,2021-01-25 10:08:00,189.95,191.45,172.35,182.65,34450,321850,162.86,182.6,183.4
14718,2021-01-25 10:09:00,186.3,186.3,169.35,174.75,27550,321850,163.02,174.65,175.35
14719,2021-01-25 10:10:00,174.95,179.8,163.0,165.65,46825,321850,163.24,165.95,166.7
14720,2021-01-25 10:11:00,165.2,178.25,164.5,178.25,15975,319750,163.29,177.4,178.15
14721,2021-01-25 10:12:00,175.45,183.2,171.5,180.15,33650,319750,163.51,178.85,179.4
14722,2021-01-25 10:13:00,178.85,181.0,173.35,180.7,27575,319750,163.68,181.25,182.0
14723,2021-01-25 10:14:00,180.2,183.75,176.7,181.25,13650,316425,163.77,180.6,181.2
14724,2021-01-25 10:15:00,182.15,196.2,181.5,194.5,22675,316425,164.03,194.3,194.85
14725,2021-01-25 10:16:00,195.0,197.95,186.2,189.35,36850,316425,164.46,189.35,190.05
14726,2021-01-25 10:17:00,191.8,197.0,190.05,195.05,20725,311375,164.71,193.75,194.45
14727,2021-01-25 10:18:00,193.4,193.55,177.6,190.25,23575,311375,164.91,189.95,190.7
14728,2021-01-25 10:19:00,188.75,191.35,183.2,191.3,21950,311375,165.12,191.45,192.2
14729,2021-01-25 10:20:00,192.15,192.5,181.9,186.35,22525,314850,165.33,186.4,187.1
14730,2021-01-25 10:21:00,186.65,192.35,186.65,189.3,13525,314850,165.46,190.0,190.8
14731,2021-01-25 10:22:00,191.0,191.0,184.35,186.65,11900,314850,165.57,185.65,186.3
14732,2021-01-25 10:23:00,184.0,188.5,181.0,185.3,6575,321750,165.61,184.4,185.05
14733,2021-01-25 10:24:00,185.05,188.75,184.45,186.75,7100,321750,165.67,187.45,188.0
14734,2021-01-25 10:25:00,186.8,192.15,185.05,189.25,20800,321750,165.87,188.6,189.3
14735,2021-01-25 10:26:00,189.5,190.8,177.7,177.7,15975,325400,165.98,177.85,178.65
14736,2021-01-25 10:27:00,179.6,187.9,179.45,183.8,10475,325400,166.05,183.0,183.8
14737,2021-01-25 10:28:00,183.0,183.15,173.0,177.6,14250,325400,166.11,177.5,178.15
14738,2021-01-25 10:29:00,179.0,186.5,179.0,183.2,12475,323875,166.19,183.0,183.7
14739,2021-01-25 10:30:00,183.75,221.7,182.7,221.7,78650,323875,167.27,220.6,221.8
14740,2021-01-25 10:31:00,220.7,244.0,219.75,234.7,100475,323875,169.57,234.25,235.25
14741,2021-01-25 10:32:00,236.0,236.0,222.15,225.0,55375,316100,170.7,225.05,225.85
14742,2021-01-25 10:33:00,224.8,238.4,224.1,237.55,59575,316100,171.97,236.6,237.35
14743,2021-01-25 10:34:00,237.25,237.25,224.1,228.85,75800,316100,173.42,228.25,228.85
14744,2021-01-25 10:35:00,228.85,235.0,220.1,220.1,25975,341525,173.89,220.1,221.1
14745,2021-01-25 10:36:00,220.25,220.45,204.85,205.95,37950,341525,174.37,205.75,206.5
14746,2021-01-25 10:37:00,206.55,219.6,200.0,215.75,37450,341525,174.8,215.75,216.55
14747,2021-01-25 10:38:00,216.5,216.5,207.85,211.95,24875,346875,175.09,211.05,211.75
14748,2021-01-25 10:39:00,211.65,217.5,210.7,215.25,18750,346875,175.33,215.25,216.1
14749,2021-01-25 10:40:00,216.5,216.5,200.8,205.75,31175,346875,175.64,205.15,205.75
14750,2021-01-25 10:41:00,206.5,206.9,196.65,202.1,31325,362675,175.9,201.7,202.45
14751,2021-01-25 10:42:00,204.3,208.95,197.65,202.5,32825,362675,176.18,201.25,201.85
14752,2021-01-25 10:43:00,202.35,203.15,196.35,197.85,19050,362675,176.32,197.6,198.3
14753,2021-01-25 10:44:00,198.3,199.55,177.0,184.35,59300,374200,176.49,184.15,184.95
14754,2021-01-25 10:45:00,186.5,186.5,162.15,166.1,59950,374200,176.36,166.2,167.0
14755,2021-01-25 10:46:00,167.0,184.1,161.0,180.15,31575,374200,176.31,179.2,180.1
14756,2021-01-25 10:47:00,179.55,189.15,173.25,187.4,29250,373450,176.37,187.2,187.95
14757,2021-01-25 10:48:00,186.9,199.0,183.35,197.4,27075,373450,176.49,197.2,198.05
14758,2021-01-25 10:49:00,199.15,201.15,188.85,191.05,22500,373450,176.61,190.5,191.4
14759,2021-01-25 10:50:00,190.95,197.4,187.0,197.4,13500,371575,176.67,196.05,196.95
14760,2021-01-25 10:51:00,198.0,206.6,198.0,201.0,31325,371575,176.89,200.85,201.75
14761,2021-01-25 10:52:00,201.25,209.55,200.95,204.2,28350,371575,177.12,203.9,204.65
14762,2021-01-25 10:53:00,204.7,204.7,194.0,204.15,15250,377650,177.21,203.55,204.25
14763,2021-01-25 10:54:00,204.05,204.05,200.1,202.6,13475,377650,177.3,202.35,203.0
14764,2021-01-25 10:55:00,202.5,207.6,196.55,196.55,21525,377650,177.46,196.5,197.3
14765,2021-01-25 10:56:00,196.5,196.5,185.55,191.75,36575,387325,177.59,191.85,192.5
14766,2021-01-25 10:57:00,194.05,199.0,189.85,193.0,14075,387325,177.66,192.3,193.0
14767,2021-01-25 10:58:00,191.8,196.4,190.6,193.2,10125,387325,177.7,192.6,193.5
14768,2021-01-25 10:59:00,192.35,197.0,190.75,194.0,9950,389025,177.74,193.25,194.0
14769,2021-01-25 11:00:00,194.2,201.2,194.1,198.7,23375,389025,177.88,198.3,199.0
14770,2021-01-25 11:01:00,197.95,198.75,190.1,194.9,22625,389025,177.99,194.15,195.0
14771,2021-01-25 11:02:00,195.75,195.75,184.0,186.45,18025,404050,178.04,186.0,186.6
14772,2021-01-25 11:03:00,185.85,193.1,181.25,192.5,12525,404050,178.07,191.7,192.6
14773,2021-01-25 11:04:00,193.3,195.95,189.15,194.9,13800,404050,178.13,194.5,195.15
14774,2021-01-25 11:05:00,194.7,196.1,190.25,192.3,9700,403575,178.17,191.85,192.5
14775,2021-01-25 11:06:00,191.55,194.25,184.65,187.65,12675,403575,178.2,187.35,188.05
14776,2021-01-25 11:07:00,188.45,191.4,185.7,188.3,6375,403575,178.22,188.15,188.85
14777,2021-01-25 11:08:00,190.75,191.35,186.4,189.45,6100,406000,178.24,188.6,189.35
14778,2021-01-25 11:09:00,188.6,197.75,188.6,196.15,16075,406000,178.31,195.95,196.7
14779,2021-01-25 11:10:00,196.6,203.5,195.1,197.15,17975,406000,178.41,196.6,197.15
14780,2021-01-25 11:11:00,196.4,199.5,193.25,193.8,11600,408400,178.47,193.15,193.8
14781,2021-01-25 11:12:00,193.2,201.0,192.8,199.5,7675,408400,178.51,198.85,199.4
14782,2021-01-25 11:13:00,199.65,206.4,197.35,206.4,21125,408400,178.64,205.5,206.25
14783,2021-01-25 11:14:00,204.25,210.3,203.0,205.6,25725,410575,178.82,205.45,206.0
14784,2021-01-25 11:15:00,205.75,211.15,201.5,201.5,26150,410575,179.02,201.5,202.0
14785,2021-01-25 11:16:00,201.95,201.95,177.15,180.0,50650,410575,179.13,179.75,180.5
14786,2021-01-25 11:17:00,180.0,180.0,161.55,176.5,60050,414875,179.01,175.05,175.95
14787,2021-01-25 11:18:00,175.6,187.65,166.45,184.65,32400,414875,178.98,184.65,185.4
14788,2021-01-25 11:19:00,184.15,184.15,168.65,171.5,26300,414875,178.95,171.2,172.05
14789,2021-01-25 11:20:00,172.7,180.3,171.9,175.9,13850,414350,178.94,175.25,175.85
14790,2021-01-25 11:21:00,175.0,178.0,167.85,175.6,18450,414350,178.91,174.7,175.4
14791,2021-01-25 11:22:00,173.55,177.7,171.0,174.6,13225,414350,178.9,174.05,174.8
14792,2021-01-25 11:23:00,174.25,185.8,174.25,177.0,20050,413400,178.91,176.7,177.5
14793,2021-01-25 11:24:00,173.2,173.2,152.6,157.0,61975,413400,178.63,156.8,157.45
14794,2021-01-25 11:25:00,150.75,166.2,150.75,165.15,50400,413400,178.37,164.5,165.1
14795,2021-01-25 11:26:00,163.85,178.7,162.65,178.7,22725,408275,178.32,178.1,179.8
14796,2021-01-25 11:27:00,176.9,176.9,165.9,170.35,17550,408275,178.29,169.8,170.4
14797,2021-01-25 11:28:00,170.15,176.2,166.9,168.15,11300,408275,178.28,167.65,168.1
14798,2021-01-25 11:29:00,168.35,173.75,163.05,169.8,9250,406550,178.26,169.95,170.6
14799,2021-01-25 11:30:00,169.6,170.4,164.55,169.2,9650,406550,178.23,167.65,168.5
14800,2021-01-25 11:31:00,168.3,169.45,163.1,168.3,7525,406550,178.21,167.85,168.5
14801,2021-01-25 11:32:00,166.8,166.8,160.65,161.2,4650,397550,178.19,161.1,161.75
14802,2021-01-25 11:33:00,163.05,170.25,158.0,170.25,12875,397550,178.15,169.75,170.3
14803,2021-01-25 11:34:00,171.05,176.2,169.0,174.6,38250,397550,178.12,174.7,175.45
14804,2021-01-25 11:35:00,173.15,186.75,173.0,183.45,84525,398325,178.16,183.45,184.05
14805,2021-01-25 11:36:00,183.45,184.95,177.5,179.0,20700,398325,178.17,179.4,180.2
14806,2021-01-25 11:37:00,179.45,180.7,174.2,174.2,9575,398325,178.17,175.25,176.1
14807,2021-01-25 11:38:00,174.5,177.5,171.0,171.0,4525,396150,178.17,170.85,171.25
14808,2021-01-25 11:39:00,170.25,171.7,166.4,169.55,11775,396150,178.14,169.05,169.4
14809,2021-01-25 11:40:00,168.95,170.55,161.25,169.55,18875,396150,178.09,169.6,170.0
14810,2021-01-25 11:41:00,169.05,175.6,168.3,173.95,3200,376950,178.09,173.8,174.55
14811,2021-01-25 11:42:00,174.0,174.55,166.5,169.05,5325,376950,178.08,169.2,169.85
14812,2021-01-25 11:43:00,169.65,171.65,167.35,171.05,3000,376950,178.07,170.2,170.8
14813,2021-01-25 11:44:00,170.2,170.2,163.5,164.45,15150,375275,178.03,164.6,165.25
14814,2021-01-25 11:45:00,165.2,165.65,134.0,140.0,77100,375275,177.46,138.8,139.7
14815,2021-01-25 11:46:00,141.3,160.85,139.15,157.0,38925,375275,177.21,157.3,158.5
14816,2021-01-25 11:47:00,156.45,164.9,149.5,152.35,14525,370300,177.15,151.5,152.15
14817,2021-01-25 11:48:00,152.85,158.0,150.1,158.0,19225,370300,177.06,157.55,158.25
14818,2021-01-25 11:49:00,159.15,160.6,152.6,154.45,15175,370300,176.99,154.35,155.0
14819,2021-01-25 11:50:00,154.75,154.9,150.4,150.4,8025,366700,176.96,150.0,150.55
14820,2021-01-25 11:51:00,151.3,152.4,147.3,148.95,8775,366700,176.9,148.75,149.35
14821,2021-01-25 11:52:00,149.75,156.75,148.7,152.7,9725,366700,176.85,152.7,153.4
14822,2021-01-25 11:53:00,152.85,161.55,152.85,155.0,8025,362200,176.82,155.4,155.8
14823,2021-01-25 11:54:00,155.4,155.4,149.0,149.4,4525,362200,176.8,148.45,149.0
14824,2021-01-25 11:55:00,148.45,150.85,143.6,144.2,11975,362200,176.72,144.85,145.45
14825,2021-01-25 11:56:00,144.55,153.6,144.55,152.55,5525,367725,176.69,152.0,152.6
14826,2021-01-25 11:57:00,151.9,151.9,143.0,147.1,14150,367725,176.6,147.45,148.0
14827,2021-01-25 11:58:00,146.6,150.0,140.0,144.2,21275,367725,176.46,144.6,144.95
14828,2021-01-25 11:59:00,145.6,147.4,143.25,145.2,20775,367725,176.32,144.0,144.65
14829,2021-01-25 12:00:00,143.9,143.95,136.9,140.2,23325,368150,176.15,140.2,140.8
14830,2021-01-25 12:01:00,139.75,152.4,139.75,149.9,22775,368150,176.02,150.5,151.15
14831,2021-01-25 12:02:00,151.45,153.8,149.1,151.75,12175,368150,175.96,151.15,151.5
14832,2021-01-25 12:03:00,151.5,152.8,149.2,150.4,8350,371300,175.92,150.35,150.65
14833,2021-01-25 12:04:00,150.45,152.8,144.5,149.35,22650,371300,175.79,148.85,149.4
14834,2021-01-25 12:05:00,149.65,150.4,145.0,150.0,4575,371300,175.77,149.7,150.25
14835,2021-01-25 12:06:00,150.2,154.85,149.7,151.0,15750,370025,175.7,151.2,151.7
14836,2021-01-25 12:07:00,152.3,155.3,149.45,154.6,10550,370025,175.64,154.6,155.25
14837,2021-01-25 12:08:00,154.6,176.65,154.3,168.05,43475,370025,175.58,168.1,168.5
14838,2021-01-25 12:09:00,169.3,173.05,164.0,164.9,9575,373000,175.57,164.45,164.95
14839,2021-01-25 12:10:00,164.95,165.7,151.45,154.95,30775,373000,175.46,154.7,155.35
14840,2021-01-25 12:11:00,155.5,159.0,151.5,158.35,17975,373000,175.39,157.5,158.2
14841,2021-01-25 12:12:00,154.45,161.0,153.0,160.75,16075,371800,175.33,159.25,160.0
14842,2021-01-25 12:13:00,159.7,165.9,159.25,162.15,6900,371800,175.31,162.7,163.35
14843,2021-01-25 12:14:00,162.35,162.35,158.25,161.95,8100,371800,175.29,160.05,160.45
14844,2021-01-25 12:15:00,157.9,157.9,148.65,150.05,9600,372975,175.25,149.35,150.0
14845,2021-01-25 12:16:00,150.9,154.95,146.7,153.6,5550,372975,175.22,152.55,153.15
14846,2021-01-25 12:17:00,153.15,155.0,150.0,154.1,3725,372975,175.2,153.55,154.25
14847,2021-01-25 12:18:00,154.45,156.75,154.0,156.0,2350,367375,175.19,156.45,157.0
14848,2021-01-25 12:19:00,156.65,156.65,149.7,154.1,5925,367375,175.17,154.75,155.45
14849,2021-01-25 12:20:00,155.45,160.25,155.4,155.95,6175,367375,175.14,155.1,155.7
14850,2021-01-25 12:21:00,155.0,159.25,155.0,158.45,3800,362800,175.13,158.6,159.2
14851,2021-01-25 12:22:00,159.4,160.35,151.2,152.8,6475,362800,175.11,152.25,152.9
14852,2021-01-25 12:23:00,152.95,154.25,149.75,151.75,4675,362800,175.08,150.7,151.25
14853,2021-01-25 12:24:00,151.5,157.15,151.5,151.6,3100,364150,175.07,151.65,152.35
14854,2021-01-25 12:25:00,152.4,158.65,152.4,155.0,12100,364150,175.03,154.0,154.6
14855,2021-01-25 12:26:00,154.0,159.65,152.8,159.2,7250,364150,175.0,158.8,159.25
14856,2021-01-25 12:27:00,159.6,167.35,159.6,162.9,17700,360775,174.97,162.65,163.4
14857,2021-01-25 12:28:00,161.35,161.75,151.2,151.2,9050,360775,174.94,151.15,151.9
14858,2021-01-25 12:29:00,152.0,152.9,144.25,152.35,22900,360775,174.83,151.05,151.6
14859,2021-01-25 12:30:00,150.5,159.95,150.5,154.95,11850,360850,174.78,155.55,156.1
14860,2021-01-25 12:31:00,155.0,160.25,153.05,153.05,8275,360850,174.75,152.8,153.55
14861,2021-01-25 12:32:00,152.7,161.95,152.7,159.55,8075,360850,174.73,158.7,159.45
14862,2021-01-25 12:33:00,157.95,163.9,156.55,161.3,9250,358225,174.7,160.4,161.1
14863,2021-01-25 12:34:00,161.6,164.0,159.55,161.8,5725,358225,174.69,161.8,162.5
14864,2021-01-25 12:35:00,162.4,167.7,158.65,158.9,13000,358225,174.66,158.0,158.7
14865,2021-01-25 12:36:00,158.6,164.05,157.45,161.0,6200,360050,174.65,160.75,161.35
14866,2021-01-25 12:37:00,161.55,163.45,154.65,155.6,2575,360050,174.64,156.05,156.65
14867,2021-01-25 12:38:00,155.35,161.2,155.35,161.2,3100,360050,174.63,161.35,161.8
14868,2021-01-25 12:39:00,162.6,166.2,161.2,164.8,3750,359275,174.62,164.65,165.15
14869,2021-01-25 12:40:00,165.35,184.95,165.35,180.65,39625,359275,174.65,179.6,180.65
14870,2021-01-25 12:41:00,180.5,183.65,173.65,174.0,12050,359275,174.66,173.45,174.35
14871,2021-01-25 12:42:00,175.35,181.8,174.55,177.55,8050,354700,174.67,177.2,177.9
14872,2021-01-25 12:43:00,176.6,177.15,171.3,171.3,5575,354700,174.67,170.65,171.25
14873,2021-01-25 12:44:00,168.55,172.4,167.9,168.65,15000,354700,174.65,168.95,169.35
14874,2021-01-25 12:45:00,165.75,172.6,162.1,171.35,19850,355050,174.62,171.0,171.55
14875,2021-01-25 12:46:00,171.05,178.6,170.5,175.05,15275,355050,174.62,174.45,175.15
14876,2021-01-25 12:47:00,173.95,174.75,168.85,170.0,5400,355050,174.62,169.3,170.0
14877,2021-01-25 12:48:00,169.95,169.95,153.6,157.55,11425,353950,174.59,157.45,157.9
14878,2021-01-25 12:49:00,156.6,156.6,150.0,152.35,12925,353950,174.54,152.0,152.6
14879,2021-01-25 12:50:00,151.6,159.2,151.6,157.45,7500,353950,174.51,156.8,157.4
14880,2021-01-25 12:51:00,156.7,163.4,156.2,156.95,5450,354950,174.5,156.6,157.25
14881,2021-01-25 12:52:00,159.45,164.85,158.5,160.75,7650,354950,174.48,160.2,160.85
14882,2021-01-25 12:53:00,159.6,162.85,156.1,156.6,6700,354950,174.46,156.6,157.2
14883,2021-01-25 12:54:00,159.35,163.95,159.35,161.55,6300,358375,174.45,161.35,162.05
14884,2021-01-25 12:55:00,162.25,172.25,162.25,169.05,21925,358375,174.42,167.8,168.65
14885,2021-01-25 12:56:00,168.0,171.25,165.25,166.55,10025,358375,174.41,165.75,166.45
14886,2021-01-25 12:57:00,167.0,173.0,166.6,166.6,13150,360975,174.4,166.4,167.1
14887,2021-01-25 12:58:00,168.7,170.65,163.6,164.1,4625,360975,174.39,163.5,164.1
14888,2021-01-25 12:59:00,164.6,168.9,164.6,167.05,2950,360975,174.39,166.65,167.4
14889,2021-01-25 13:00:00,167.05,177.55,167.05,171.75,17425,362975,174.39,171.6,171.9
14890,2021-01-25 13:01:00,171.45,171.45,156.05,157.4,15450,362975,174.35,156.2,157.0
14891,2021-01-25 13:02:00,155.5,158.9,153.0,157.35,9525,362975,174.32,158.0,158.75
14892,2021-01-25 13:03:00,158.0,165.0,158.0,161.6,6725,360475,174.3,160.55,161.25
14893,2021-01-25 13:04:00,162.0,162.0,156.1,159.55,3225,360475,174.29,158.25,158.9
14894,2021-01-25 13:05:00,158.25,164.2,158.25,163.25,1950,360475,174.29,162.75,163.4
14895,2021-01-25 13:06:00,161.9,166.0,156.7,159.4,2825,361550,174.28,158.55,159.15
14896,2021-01-25 13:07:00,159.55,162.8,153.2,156.7,6875,361550,174.26,156.55,157.05
14897,2021-01-25 13:08:00,158.0,159.7,152.5,158.85,5450,361550,174.24,158.05,158.65
14898,2021-01-25 13:09:00,158.6,162.5,157.0,161.15,6900,363025,174.22,161.0,161.75
14899,2021-01-25 13:10:00,162.05,166.6,160.1,166.6,8750,363025,174.21,165.85,166.65
14900,2021-01-25 13:11:00,166.8,176.5,166.8,174.7,33275,363025,174.2,174.1,174.7
14901,2021-01-25 13:12:00,174.25,175.0,169.0,172.85,13175,363625,174.19,172.3,172.9
14902,2021-01-25 13:13:00,172.85,174.35,168.0,169.45,15525,363625,174.19,168.95,169.45
14903,2021-01-25 13:14:00,168.95,176.4,168.0,176.4,10500,363625,174.18,175.7,176.5
14904,2021-01-25 13:15:00,175.3,184.75,171.55,175.9,38850,366325,174.22,175.4,175.9
14905,2021-01-25 13:16:00,175.8,176.0,169.0,173.4,18975,366325,174.22,172.65,173.45
14906,2021-01-25 13:17:00,172.25,173.95,168.45,173.8,9725,366325,174.21,173.55,174.0
14907,2021-01-25 13:18:00,174.3,174.3,168.0,169.85,7225,374400,174.21,169.3,169.95
14908,2021-01-25 13:19:00,168.45,170.6,163.5,170.45,11600,374400,174.19,169.75,170.5
14909,2021-01-25 13:20:00,169.5,169.5,154.35,159.85,30125,374400,174.11,159.65,160.4
14910,2021-01-25 13:21:00,161.25,163.55,154.0,157.95,17975,374675,174.06,157.55,158.35
14911,2021-01-25 13:22:00,156.95,163.8,156.95,162.0,5800,374675,174.05,161.95,162.7
14912,2021-01-25 13:23:00,162.0,170.0,161.45,167.95,8575,374675,174.04,168.4,169.0
14913,2021-01-25 13:24:00,169.0,170.1,166.0,169.2,6350,373625,174.03,169.05,169.8
14914,2021-01-25 13:25:00,171.1,173.6,170.1,172.7,8775,373625,174.03,172.05,172.7
14915,2021-01-25 13:26:00,172.9,175.0,166.1,167.35,16800,373625,174.02,166.3,166.95
14916,2021-01-25 13:27:00,165.65,180.2,163.8,180.2,16500,374000,174.02,179.8,180.7
14917,2021-01-25 13:28:00,181.8,189.25,178.3,185.5,29250,374000,174.07,185.5,186.25
14918,2021-01-25 13:29:00,186.4,190.95,181.05,187.25,28475,374000,174.13,186.45,187.2
14919,2021-01-25 13:30:00,188.25,188.25,172.0,180.65,33075,380900,174.16,180.9,181.7
14920,2021-01-25 13:31:00,180.75,181.6,175.0,177.6,19375,380900,174.18,177.5,178.0
14921,2021-01-25 13:32:00,176.75,179.4,171.7,177.35,10475,380900,174.18,175.35,176.0
14922,2021-01-25 13:33:00,176.7,177.85,173.85,175.75,7900,395525,174.18,175.45,176.15
14923,2021-01-25 13:34:00,175.4,175.4,160.0,165.0,31250,395525,174.14,164.65,165.5
14924,2021-01-25 13:35:00,165.5,169.55,157.3,169.55,22325,395525,174.09,168.25,169.15
14925,2021-01-25 13:36:00,168.85,169.9,165.1,169.15,9150,393900,174.08,167.5,168.3
14926,2021-01-25 13:37:00,169.05,169.05,161.55,165.9,10500,393900,174.07,165.7,166.5
14927,2021-01-25 13:38:00,166.25,169.0,156.95,159.4,13225,393900,174.04,159.4,160.15
14928,2021-01-25 13:39:00,159.0,163.7,158.0,161.65,10300,396300,174.02,161.55,162.25
14929,2021-01-25 13:40:00,161.55,167.1,158.0,165.8,13375,396300,173.99,164.9,165.95
14930,2021-01-25 13:41:00,165.55,167.0,154.25,155.2,11175,396300,173.97,154.5,155.1
14931,2021-01-25 13:42:00,150.1,152.65,143.4,148.7,44525,393775,173.78,148.05,148.7
14932,2021-01-25 13:43:00,148.25,153.2,145.9,150.55,18375,393775,173.71,150.25,151.15
14933,2021-01-25 13:44:00,151.25,155.5,149.55,149.55,11375,393775,173.67,149.3,149.95
14934,2021-01-25 13:45:00,149.05,149.85,137.0,137.0,34025,392775,173.49,137.3,138.1
14935,2021-01-25 13:46:00,137.0,146.0,136.65,141.75,21875,392775,173.38,141.35,142.0
14936,2021-01-25 13:47:00,139.9,144.6,132.3,138.9,23925,392775,173.25,139.45,140.0
14937,2021-01-25 13:48:00,139.55,140.9,134.3,136.0,17625,390325,173.15,135.65,136.45
14938,2021-01-25 13:49:00,136.5,141.0,134.15,136.85,15650,390325,173.06,136.15,136.8
14939,2021-01-25 13:50:00,137.55,141.45,128.6,141.3,27000,390325,172.9,140.55,141.2
14940,2021-01-25 13:51:00,141.1,152.25,139.8,147.25,44125,397950,172.71,146.55,147.2
14941,2021-01-25 13:52:00,146.4,154.35,146.05,151.1,17275,397950,172.64,150.6,151.25
14942,2021-01-25 13:53:00,149.75,150.65,144.65,145.0,18425,397950,172.57,144.55,145.3
14943,2021-01-25 13:54:00,145.95,148.5,144.5,145.0,5300,389700,172.55,145.5,146.05
14944,2021-01-25 13:55:00,147.2,150.05,144.95,145.15,10350,389700,172.51,145.25,145.85
14945,2021-01-25 13:56:00,145.0,145.2,136.95,138.4,14000,389700,172.44,138.0,138.7
14946,2021-01-25 13:57:00,139.85,139.85,133.45,136.35,9300,383525,172.38,136.15,136.75
14947,2021-01-25 13:58:00,138.15,139.45,134.65,137.7,9725,383525,172.33,137.6,138.1
14948,2021-01-25 13:59:00,135.55,140.4,134.65,135.3,9875,383525,172.28,135.55,136.05
14949,2021-01-25 14:00:00,135.6,143.95,135.6,139.8,7375,383925,172.24,139.1,139.8
14950,2021-01-25 14:01:00,141.2,144.65,139.4,143.5,6850,383925,172.21,143.4,144.1
14951,2021-01-25 14:02:00,144.5,144.5,138.0,138.6,4900,383925,172.19,137.8,138.6
14952,2021-01-25 14:03:00,138.2,140.75,133.25,134.05,6975,384925,172.15,133.45,134.15
14953,2021-01-25 14:04:00,134.3,136.45,112.05,114.2,41200,384925,171.83,114.25,114.75
14954,2021-01-25 14:05:00,114.7,116.0,96.4,98.25,74825,384925,171.05,98.25,98.75
14955,2021-01-25 14:06:00,98.3,104.25,98.15,101.45,35700,381450,170.68,101.35,101.9
14956,2021-01-25 14:07:00,101.85,102.2,91.55,98.0,51975,381450,170.11,97.8,98.5
14957,2021-01-25 14:08:00,98.4,98.55,90.0,93.45,49975,381450,169.54,93.55,94.0
14958,2021-01-25 14:09:00,93.95,98.4,91.95,97.2,35100,378375,169.16,96.7,97.15
14959,2021-01-25 14:10:00,97.1,97.1,92.55,95.35,27975,378375,168.85,95.35,95.8
14960,2021-01-25 14:11:00,95.5,95.5,88.15,92.65,49875,378375,168.29,92.0,92.35
14961,2021-01-25 14:12:00,92.65,95.3,90.2,92.5,23850,375900,168.03,92.4,92.95
14962,2021-01-25 14:13:00,92.75,96.8,90.0,96.4,25500,375900,167.75,96.45,96.9
14963,2021-01-25 14:14:00,94.75,102.65,94.75,99.3,52400,375900,167.23,99.0,99.45
14964,2021-01-25 14:15:00,98.4,99.55,85.7,86.35,62275,377075,166.56,86.35,86.75
14965,2021-01-25 14:16:00,87.95,93.6,87.95,90.65,36275,377075,166.17,90.4,90.8
14966,2021-01-25 14:17:00,91.6,93.4,85.9,86.7,29900,377075,165.85,86.45,86.85
14967,2021-01-25 14:18:00,86.35,92.0,86.35,88.0,39425,372200,165.43,87.65,88.2
14968,2021-01-25 14:19:00,88.1,90.4,86.85,90.15,53275,372200,164.86,90.15,90.6
14969,2021-01-25 14:20:00,91.2,91.2,88.05,91.2,18975,372200,164.66,90.85,91.25
14970,2021-01-25 14:21:00,92.05,92.8,86.9,86.9,21200,374350,164.45,86.75,87.1
14971,2021-01-25 14:22:00,86.4,86.4,78.5,79.9,37850,374350,164.02,79.35,79.75
14972,2021-01-25 14:23:00,79.1,79.4,73.2,75.25,40900,374350,163.53,75.15,75.5
14973,2021-01-25 14:24:00,75.25,76.15,70.8,71.35,35950,374925,163.08,71.25,71.7
14974,2021-01-25 14:25:00,69.95,73.85,68.0,73.3,30325,374925,162.7,73.4,73.75
14975,2021-01-25 14:26:00,74.05,75.35,69.9,70.1,28600,374925,162.36,69.9,70.25
14976,2021-01-25 14:27:00,68.65,69.75,63.95,66.35,45725,379575,161.77,65.95,66.35
14977,2021-01-25 14:28:00,66.45,68.65,62.95,64.45,33075,379575,161.34,64.6,65.0
14978,2021-01-25 14:29:00,63.35,65.7,61.5,61.85,22325,379575,161.05,61.8,62.15
14979,2021-01-25 14:30:00,61.3,61.6,56.35,58.6,35525,389025,160.57,58.65,58.95
14980,2021-01-25 14:31:00,58.65,59.5,57.0,59.4,29450,389025,160.18,59.2,59.4
14981,2021-01-25 14:32:00,59.75,67.35,59.5,66.75,35800,389025,159.73,66.25,66.65
14982,2021-01-25 14:33:00,66.8,72.85,66.8,68.55,26875,387150,159.41,68.05,68.45
14983,2021-01-25 14:34:00,68.55,69.5,62.35,63.65,29225,387150,159.05,63.8,64.0
14984,2021-01-25 14:35:00,63.4,65.5,59.45,65.5,26775,387150,158.72,65.15,65.55
14985,2021-01-25 14:36:00,65.7,71.1,64.35,70.85,25300,384450,158.42,70.6,70.95
14986,2021-01-25 14:37:00,70.2,74.2,70.15,73.95,23850,384450,158.16,73.95,74.4
14987,2021-01-25 14:38:00,73.6,73.65,66.5,70.15,18650,384450,157.94,70.1,70.45
14988,2021-01-25 14:39:00,70.6,73.35,68.95,73.05,12775,380150,157.8,72.9,73.2
14989,2021-01-25 14:40:00,72.85,75.75,71.8,75.55,18425,380150,157.61,75.35,75.6
14990,2021-01-25 14:41:00,76.55,79.55,75.55,76.2,39500,380150,157.2,76.15,76.5
14991,2021-01-25 14:42:00,76.4,77.0,67.0,68.9,19525,381350,156.99,69.05,69.4
14992,2021-01-25 14:43:00,69.35,72.95,69.0,69.05,13000,381350,156.85,69.2,69.55
14993,2021-01-25 14:44:00,69.65,76.1,69.65,74.55,16900,381350,156.67,74.45,74.75
14994,2021-01-25 14:45:00,73.65,76.1,69.65,75.9,18275,378425,156.47,75.75,76.1
14995,2021-01-25 14:46:00,75.5,76.5,70.2,70.65,13775,378425,156.33,70.45,70.85
14996,2021-01-25 14:47:00,70.5,75.6,69.9,75.6,9650,378425,156.23,75.3,75.65
14997,2021-01-25 14:48:00,75.8,77.05,71.6,71.6,16475,380150,156.06,71.55,71.85
14998,2021-01-25 14:49:00,71.4,73.5,70.4,71.45,10175,380150,155.95,70.55,70.95
14999,2021-01-25 14:50:00,71.2,73.0,67.7,69.7,17150,380150,155.76,69.3,69.65
15000,2021-01-25 14:51:00,69.2,72.1,68.7,71.75,10125,388750,155.66,71.6,71.95
15001,2021-01-25 14:52:00,72.0,73.05,70.6,70.85,8800,388750,155.56,70.55,70.95
15002,2021-01-25 14:53:00,70.45,71.2,69.1,71.2,6875,388750,155.49,71.05,71.45
15003,2021-01-25 14:54:00,70.75,72.0,69.45,70.1,5925,389000,155.43,70.1,70.45
15004,2021-01-25 14:55:00,70.55,71.15,67.0,68.3,12775,389000,155.29,68.3,68.65
15005,2021-01-25 14:56:00,68.3,71.1,68.3,70.75,7725,389000,155.21,70.5,70.8
15006,2021-01-25 14:57:00,69.9,70.85,64.5,65.15,19425,391250,154.99,65.1,65.45
15007,2021-01-25 14:58:00,65.55,67.15,64.2,65.1,9850,391250,154.88,64.8,65.2
15008,2021-01-25 14:59:00,65.05,67.4,63.15,66.65,10125,391250,154.77,66.5,66.9
15009,2021-01-25 15:00:00,66.8,75.0,66.0,73.15,34925,387325,154.42,73.15,73.35
15010,2021-01-25 15:01:00,73.2,73.75,66.15,69.25,19150,387325,154.21,69.1,69.45
15011,2021-01-25 15:02:00,69.35,70.1,67.15,67.85,14075,387325,154.07,67.7,68.1
15012,2021-01-25 15:03:00,67.75,71.75,67.0,70.8,26375,388800,153.79,70.45,70.7
15013,2021-01-25 15:04:00,71.1,74.1,70.1,73.9,12350,388800,153.67,73.9,74.25
15014,2021-01-25 15:05:00,74.25,92.15,73.5,85.7,70225,388800,153.07,85.45,85.65
15015,2021-01-25 15:06:00,85.9,86.55,77.9,78.75,30950,386975,152.8,78.5,79.05
15016,2021-01-25 15:07:00,79.3,81.15,76.45,80.25,23950,386975,152.59,79.8,80.25
15017,2021-01-25 15:08:00,79.45,79.45,73.95,76.15,13900,386975,152.46,76.5,76.85
15018,2021-01-25 15:09:00,75.9,77.6,74.0,76.1,10650,388650,152.36,75.75,76.1
15019,2021-01-25 15:10:00,76.85,78.45,75.75,77.05,15950,388650,152.22,76.6,76.9
15020,2021-01-25 15:11:00,76.65,81.8,75.05,78.0,24375,388650,152.01,77.05,77.4
15021,2021-01-25 15:12:00,76.55,80.95,76.15,80.95,17325,389875,151.85,80.95,81.25
15022,2021-01-25 15:13:00,81.0,82.95,75.15,76.05,29450,389875,151.6,75.7,76.05
15023,2021-01-25 15:14:00,76.05,78.1,75.1,76.9,25500,389875,151.37,76.8,77.2
15024,2021-01-25 15:15:00,77.35,80.15,76.7,77.4,26400,389925,151.15,77.0,77.3
15025,2021-01-25 15:16:00,77.2,78.1,75.0,75.35,15225,389925,151.01,75.1,75.5
15026,2021-01-25 15:17:00,75.5,77.65,74.25,74.25,14250,389925,150.88,74.2,74.55
15027,2021-01-25 15:18:00,73.9,74.1,71.85,72.05,16575,386650,150.73,72.05,72.4
15028,2021-01-25 15:19:00,72.6,73.6,68.85,69.2,13575,386650,150.6,68.85,69.15
15029,2021-01-25 15:20:00,69.25,69.8,63.65,64.35,41850,386650,150.19,64.15,64.55
15030,2021-01-25 15:21:00,64.2,67.8,64.2,66.4,30525,388875,149.9,66.4,66.55
15031,2021-01-25 15:22:00,66.45,68.0,63.9,63.9,35325,388875,149.55,64.0,64.35
15032,2021-01-25 15:23:00,64.25,67.15,64.2,67.15,27025,388875,149.29,66.9,67.2
15033,2021-01-25 15:24:00,67.3,68.25,67.0,67.85,42100,394600,148.89,67.95,68.2
15034,2021-01-25 15:25:00,69.1,70.55,67.45,67.5,53150,394600,148.41,67.5,67.75
15035,2021-01-25 15:26:00,67.4,67.7,66.05,66.4,22050,394600,148.2,66.4,66.6
15036,2021-01-25 15:27:00,66.15,67.7,66.15,67.05,29550,388350,147.93,66.65,67.1
15037,2021-01-25 15:28:00,67.15,70.0,67.15,69.75,22725,388350,147.72,69.45,69.9
15038,2021-01-25 15:29:00,67.15,70.0,67.15,69.75,22725,388350,147.72,69.45,69.9
15039,2021-01-25 15:30:00,69.6,70.0,66.0,66.0,28550,388350,147.47,66.0,68.0
15040,2021-01-26 09:15:00,69.6,70.0,66.0,66.0,28550,388350,147.47,66.0,68.0
15041,2021-01-26 09:16:00,69.6,70.0,66.0,66.0,28550,388350,147.47,66.0,68.0
15042,2021-01-26 09:17:00,69.6,70.0,66.0,66.0,28550,388350,147.47,66.0,68.0
15043,2021-01-26 09:18:00,69.6,70.0,66.0,66.0,28550,388350,147.47,66.0,68.0
15044,2021-01-26 09:19:00,69.6,70.0,66.0,66.0,28550,388350,147.47,66.0,68.0
15045,2021-01-26 09:20:00,69.6,70.0,66.0,66.0,28550,388350,147.47,66.0,68.0
15046,2021-01-26 09:21:00,69.6,70.0,66.0,66.0,28550,388350,147.47,66.0,68.0
15047,2021-01-26 09:22:00,69.6,70.0,66.0,66.0,28550,388350,147.47,66.0,68.0
15048,2021-01-26 09:23:00,69.6,70.0,66.0,66.0,28550,388350,147.47,66.0,68.0
15049,2021-01-26 09:24:00,69.6,70.0,66.0,66.0,28550,388350,147.47,66.0,68.0
15050,2021-01-26 09:25:00,69.6,70.0,66.0,66.0,28550,388350,147.47,66.0,68.0
15051,2021-01-26 09:26:00,69.6,70.0,66.0,66.0,28550,388350,147.47,66.0,68.0
15052,2021-01-26 09:27:00,69.6,70.0,66.0,66.0,28550,388350,147.47,66.0,68.0
15053,2021-01-26 09:28:00,69.6,70.0,66.0,66.0,28550,388350,147.47,66.0,68.0
15054,2021-01-26 09:29:00,69.6,70.0,66.0,66.0,28550,388350,147.47,66.0,68.0
15055,2021-01-26 09:30:00,69.6,70.0,66.0,66.0,28550,388350,147.47,66.0,68.0
15056,2021-01-26 09:31:00,69.6,70.0,66.0,66.0,28550,388350,147.47,66.0,68.0
15057,2021-01-26 09:32:00,69.6,70.0,66.0,66.0,28550,388350,147.47,66.0,68.0
15058,2021-01-26 09:33:00,69.6,70.0,66.0,66.0,28550,388350,147.47,66.0,68.0
15059,2021-01-26 09:34:00,69.6,70.0,66.0,66.0,28550,388350,147.47,66.0,68.0
15060,2021-01-26 09:35:00,69.6,70.0,66.0,66.0,28550,388350,147.47,66.0,68.0
15061,2021-01-26 09:36:00,69.6,70.0,66.0,66.0,28550,388350,147.47,66.0,68.0
15062,2021-01-26 09:37:00,69.6,70.0,66.0,66.0,28550,388350,147.47,66.0,68.0
15063,2021-01-26 09:38:00,69.6,70.0,66.0,66.0,28550,388350,147.47,66.0,68.0
15064,2021-01-26 09:39:00,69.6,70.0,66.0,66.0,28550,388350,147.47,66.0,68.0
15065,2021-01-26 09:40:00,69.6,70.0,66.0,66.0,28550,388350,147.47,66.0,68.0
15066,2021-01-26 09:41:00,69.6,70.0,66.0,66.0,28550,388350,147.47,66.0,68.0
15067,2021-01-26 09:42:00,69.6,70.0,66.0,66.0,28550,388350,147.47,66.0,68.0
15068,2021-01-26 09:43:00,69.6,70.0,66.0,66.0,28550,388350,147.47,66.0,68.0
15069,2021-01-26 09:44:00,69.6,70.0,66.0,66.0,28550,388350,147.47,66.0,68.0
15070,2021-01-26 09:45:00,69.6,70.0,66.0,66.0,28550,388350,147.47,66.0,68.0
15071,2021-01-26 09:46:00,69.6,70.0,66.0,66.0,28550,388350,147.47,66.0,68.0
15072,2021-01-26 09:47:00,69.6,70.0,66.0,66.0,28550,388350,147.47,66.0,68.0
15073,2021-01-26 09:48:00,69.6,70.0,66.0,66.0,28550,388350,147.47,66.0,68.0
15074,2021-01-26 09:49:00,69.6,70.0,66.0,66.0,28550,388350,147.47,66.0,68.0
15075,2021-01-26 09:50:00,69.6,70.0,66.0,66.0,28550,388350,147.47,66.0,68.0
15076,2021-01-26 09:51:00,69.6,70.0,66.0,66.0,28550,388350,147.47,66.0,68.0
15077,2021-01-26 09:52:00,69.6,70.0,66.0,66.0,28550,388350,147.47,66.0,68.0
15078,2021-01-26 09:53:00,69.6,70.0,66.0,66.0,28550,388350,147.47,66.0,68.0
15079,2021-01-26 09:54:00,69.6,70.0,66.0,66.0,28550,388350,147.47,66.0,68.0
15080,2021-01-26 09:55:00,69.6,70.0,66.0,66.0,28550,388350,147.47,66.0,68.0
15081,2021-01-26 09:56:00,69.6,70.0,66.0,66.0,28550,388350,147.47,66.0,68.0
15082,2021-01-26 09:57:00,69.6,70.0,66.0,66.0,28550,388350,147.47,66.0,68.0
15083,2021-01-26 09:58:00,69.6,70.0,66.0,66.0,28550,388350,147.47,66.0,68.0
15084,2021-01-26 09:59:00,69.6,70.0,66.0,66.0,28550,388350,147.47,66.0,68.0
15085,2021-01-26 10:00:00,69.6,70.0,66.0,66.0,28550,388350,147.47,66.0,68.0
15086,2021-01-26 10:01:00,69.6,70.0,66.0,66.0,28550,388350,147.47,66.0,68.0
15087,2021-01-26 10:02:00,69.6,70.0,66.0,66.0,28550,388350,147.47,66.0,68.0
15088,2021-01-26 10:03:00,69.6,70.0,66.0,66.0,28550,388350,147.47,66.0,68.0
15089,2021-01-26 10:04:00,69.6,70.0,66.0,66.0,28550,388350,147.47,66.0,68.0
15090,2021-01-26 10:05:00,69.6,70.0,66.0,66.0,28550,388350,147.47,66.0,68.0
15091,2021-01-26 10:06:00,69.6,70.0,66.0,66.0,28550,388350,147.47,66.0,68.0
15092,2021-01-26 10:07:00,69.6,70.0,66.0,66.0,28550,388350,147.47,66.0,68.0
15093,2021-01-26 10:08:00,69.6,70.0,66.0,66.0,28550,388350,147.47,66.0,68.0
15094,2021-01-26 10:09:00,69.6,70.0,66.0,66.0,28550,388350,147.47,66.0,68.0
15095,2021-01-26 10:10:00,69.6,70.0,66.0,66.0,28550,388350,147.47,66.0,68.0
15096,2021-01-26 10:11:00,69.6,70.0,66.0,66.0,28550,388350,147.47,66.0,68.0
15097,2021-01-26 10:12:00,69.6,70.0,66.0,66.0,28550,388350,147.47,66.0,68.0
15098,2021-01-26 10:13:00,69.6,70.0,66.0,66.0,28550,388350,147.47,66.0,68.0
15099,2021-01-26 10:14:00,69.6,70.0,66.0,66.0,28550,388350,147.47,66.0,68.0
15100,2021-01-26 10:15:00,69.6,70.0,66.0,66.0,28550,388350,147.47,66.0,68.0
15101,2021-01-26 10:16:00,69.6,70.0,66.0,66.0,28550,388350,147.47,66.0,68.0
15102,2021-01-26 10:17:00,69.6,70.0,66.0,66.0,28550,388350,147.47,66.0,68.0
15103,2021-01-26 10:18:00,69.6,70.0,66.0,66.0,28550,388350,147.47,66.0,68.0
15104,2021-01-26 10:19:00,69.6,70.0,66.0,66.0,28550,388350,147.47,66.0,68.0
15105,2021-01-26 10:20:00,69.6,70.0,66.0,66.0,28550,388350,147.47,66.0,68.0
15106,2021-01-26 10:21:00,69.6,70.0,66.0,66.0,28550,388350,147.47,66.0,68.0
15107,2021-01-26 10:22:00,69.6,70.0,66.0,66.0,28550,388350,147.47,66.0,68.0
15108,2021-01-26 10:23:00,69.6,70.0,66.0,66.0,28550,388350,147.47,66.0,68.0
15109,2021-01-26 10:24:00,69.6,70.0,66.0,66.0,28550,388350,147.47,66.0,68.0
15110,2021-01-26 10:25:00,69.6,70.0,66.0,66.0,28550,388350,147.47,66.0,68.0
15111,2021-01-26 10:26:00,69.6,70.0,66.0,66.0,28550,388350,147.47,66.0,68.0
15112,2021-01-26 10:27:00,69.6,70.0,66.0,66.0,28550,388350,147.47,66.0,68.0
15113,2021-01-26 10:28:00,69.6,70.0,66.0,66.0,28550,388350,147.47,66.0,68.0
15114,2021-01-26 10:29:00,69.6,70.0,66.0,66.0,28550,388350,147.47,66.0,68.0
15115,2021-01-26 10:30:00,69.6,70.0,66.0,66.0,28550,388350,147.47,66.0,68.0
15116,2021-01-26 10:31:00,69.6,70.0,66.0,66.0,28550,388350,147.47,66.0,68.0
15117,2021-01-26 10:32:00,69.6,70.0,66.0,66.0,28550,388350,147.47,66.0,68.0
15118,2021-01-26 10:33:00,69.6,70.0,66.0,66.0,28550,388350,147.47,66.0,68.0
15119,2021-01-26 10:34:00,69.6,70.0,66.0,66.0,28550,388350,147.47,66.0,68.0
15120,2021-01-26 10:35:00,69.6,70.0,66.0,66.0,28550,388350,147.47,66.0,68.0
15121,2021-01-26 10:36:00,69.6,70.0,66.0,66.0,28550,388350,147.47,66.0,68.0
15122,2021-01-26 10:37:00,69.6,70.0,66.0,66.0,28550,388350,147.47,66.0,68.0
15123,2021-01-26 10:38:00,69.6,70.0,66.0,66.0,28550,388350,147.47,66.0,68.0
15124,2021-01-26 10:39:00,69.6,70.0,66.0,66.0,28550,388350,147.47,66.0,68.0
15125,2021-01-26 10:40:00,69.6,70.0,66.0,66.0,28550,388350,147.47,66.0,68.0
15126,2021-01-26 10:41:00,69.6,70.0,66.0,66.0,28550,388350,147.47,66.0,68.0
15127,2021-01-26 10:42:00,69.6,70.0,66.0,66.0,28550,388350,147.47,66.0,68.0
15128,2021-01-26 10:43:00,69.6,70.0,66.0,66.0,28550,388350,147.47,66.0,68.0
15129,2021-01-26 10:44:00,69.6,70.0,66.0,66.0,28550,388350,147.47,66.0,68.0
15130,2021-01-26 10:45:00,69.6,70.0,66.0,66.0,28550,388350,147.47,66.0,68.0
15131,2021-01-26 10:46:00,69.6,70.0,66.0,66.0,28550,388350,147.47,66.0,68.0
15132,2021-01-26 10:47:00,69.6,70.0,66.0,66.0,28550,388350,147.47,66.0,68.0
15133,2021-01-26 10:48:00,69.6,70.0,66.0,66.0,28550,388350,147.47,66.0,68.0
15134,2021-01-26 10:49:00,69.6,70.0,66.0,66.0,28550,388350,147.47,66.0,68.0
15135,2021-01-26 10:50:00,69.6,70.0,66.0,66.0,28550,388350,147.47,66.0,68.0
15136,2021-01-26 10:51:00,69.6,70.0,66.0,66.0,28550,388350,147.47,66.0,68.0
15137,2021-01-26 10:52:00,69.6,70.0,66.0,66.0,28550,388350,147.47,66.0,68.0
15138,2021-01-26 10:53:00,69.6,70.0,66.0,66.0,28550,388350,147.47,66.0,68.0
15139,2021-01-26 10:54:00,69.6,70.0,66.0,66.0,28550,388350,147.47,66.0,68.0
15140,2021-01-26 10:55:00,69.6,70.0,66.0,66.0,28550,388350,147.47,66.0,68.0
15141,2021-01-26 10:56:00,69.6,70.0,66.0,66.0,28550,388350,147.47,66.0,68.0
15142,2021-01-26 10:57:00,69.6,70.0,66.0,66.0,28550,388350,147.47,66.0,68.0
15143,2021-01-26 10:58:00,69.6,70.0,66.0,66.0,28550,388350,147.47,66.0,68.0
15144,2021-01-26 10:59:00,69.6,70.0,66.0,66.0,28550,388350,147.47,66.0,68.0
15145,2021-01-26 11:00:00,69.6,70.0,66.0,66.0,28550,388350,147.47,66.0,68.0
15146,2021-01-26 11:01:00,69.6,70.0,66.0,66.0,28550,388350,147.47,66.0,68.0
15147,2021-01-26 11:02:00,69.6,70.0,66.0,66.0,28550,388350,147.47,66.0,68.0
15148,2021-01-26 11:03:00,69.6,70.0,66.0,66.0,28550,388350,147.47,66.0,68.0
15149,2021-01-26 11:04:00,69.6,70.0,66.0,66.0,28550,388350,147.47,66.0,68.0
15150,2021-01-26 11:05:00,69.6,70.0,66.0,66.0,28550,388350,147.47,66.0,68.0
15151,2021-01-26 11:06:00,69.6,70.0,66.0,66.0,28550,388350,147.47,66.0,68.0
15152,2021-01-26 11:07:00,69.6,70.0,66.0,66.0,28550,388350,147.47,66.0,68.0
15153,2021-01-26 11:08:00,69.6,70.0,66.0,66.0,28550,388350,147.47,66.0,68.0
15154,2021-01-26 11:09:00,69.6,70.0,66.0,66.0,28550,388350,147.47,66.0,68.0
15155,2021-01-26 11:10:00,69.6,70.0,66.0,66.0,28550,388350,147.47,66.0,68.0
15156,2021-01-26 11:11:00,69.6,70.0,66.0,66.0,28550,388350,147.47,66.0,68.0
15157,2021-01-26 11:12:00,69.6,70.0,66.0,66.0,28550,388350,147.47,66.0,68.0
15158,2021-01-26 11:13:00,69.6,70.0,66.0,66.0,28550,388350,147.47,66.0,68.0
15159,2021-01-26 11:14:00,69.6,70.0,66.0,66.0,28550,388350,147.47,66.0,68.0
15160,2021-01-26 11:15:00,69.6,70.0,66.0,66.0,28550,388350,147.47,66.0,68.0
15161,2021-01-26 11:16:00,69.6,70.0,66.0,66.0,28550,388350,147.47,66.0,68.0
15162,2021-01-26 11:17:00,69.6,70.0,66.0,66.0,28550,388350,147.47,66.0,68.0
15163,2021-01-26 11:18:00,69.6,70.0,66.0,66.0,28550,388350,147.47,66.0,68.0
15164,2021-01-26 11:19:00,69.6,70.0,66.0,66.0,28550,388350,147.47,66.0,68.0
15165,2021-01-26 11:20:00,69.6,70.0,66.0,66.0,28550,388350,147.47,66.0,68.0
15166,2021-01-26 11:21:00,69.6,70.0,66.0,66.0,28550,388350,147.47,66.0,68.0
15167,2021-01-26 11:22:00,69.6,70.0,66.0,66.0,28550,388350,147.47,66.0,68.0
15168,2021-01-26 11:23:00,69.6,70.0,66.0,66.0,28550,388350,147.47,66.0,68.0
15169,2021-01-26 11:24:00,69.6,70.0,66.0,66.0,28550,388350,147.47,66.0,68.0
15170,2021-01-26 11:25:00,69.6,70.0,66.0,66.0,28550,388350,147.47,66.0,68.0
15171,2021-01-26 11:26:00,69.6,70.0,66.0,66.0,28550,388350,147.47,66.0,68.0
15172,2021-01-26 11:27:00,69.6,70.0,66.0,66.0,28550,388350,147.47,66.0,68.0
15173,2021-01-26 11:28:00,69.6,70.0,66.0,66.0,28550,388350,147.47,66.0,68.0
15174,2021-01-26 11:29:00,69.6,70.0,66.0,66.0,28550,388350,147.47,66.0,68.0
15175,2021-01-26 11:30:00,69.6,70.0,66.0,66.0,28550,388350,147.47,66.0,68.0
15176,2021-01-26 11:31:00,69.6,70.0,66.0,66.0,28550,388350,147.47,66.0,68.0
15177,2021-01-26 11:32:00,69.6,70.0,66.0,66.0,28550,388350,147.47,66.0,68.0
15178,2021-01-26 11:33:00,69.6,70.0,66.0,66.0,28550,388350,147.47,66.0,68.0
15179,2021-01-26 11:34:00,69.6,70.0,66.0,66.0,28550,388350,147.47,66.0,68.0
15180,2021-01-26 11:35:00,69.6,70.0,66.0,66.0,28550,388350,147.47,66.0,68.0
15181,2021-01-26 11:36:00,69.6,70.0,66.0,66.0,28550,388350,147.47,66.0,68.0
15182,2021-01-26 11:37:00,69.6,70.0,66.0,66.0,28550,388350,147.47,66.0,68.0
15183,2021-01-26 11:38:00,69.6,70.0,66.0,66.0,28550,388350,147.47,66.0,68.0
15184,2021-01-26 11:39:00,69.6,70.0,66.0,66.0,28550,388350,147.47,66.0,68.0
15185,2021-01-26 11:40:00,69.6,70.0,66.0,66.0,28550,388350,147.47,66.0,68.0
15186,2021-01-26 11:41:00,69.6,70.0,66.0,66.0,28550,388350,147.47,66.0,68.0
15187,2021-01-26 11:42:00,69.6,70.0,66.0,66.0,28550,388350,147.47,66.0,68.0
15188,2021-01-26 11:43:00,69.6,70.0,66.0,66.0,28550,388350,147.47,66.0,68.0
15189,2021-01-26 11:44:00,69.6,70.0,66.0,66.0,28550,388350,147.47,66.0,68.0
15190,2021-01-26 11:45:00,69.6,70.0,66.0,66.0,28550,388350,147.47,66.0,68.0
15191,2021-01-26 11:46:00,69.6,70.0,66.0,66.0,28550,388350,147.47,66.0,68.0
15192,2021-01-26 11:47:00,69.6,70.0,66.0,66.0,28550,388350,147.47,66.0,68.0
15193,2021-01-26 11:48:00,69.6,70.0,66.0,66.0,28550,388350,147.47,66.0,68.0
15194,2021-01-26 11:49:00,69.6,70.0,66.0,66.0,28550,388350,147.47,66.0,68.0
15195,2021-01-26 11:50:00,69.6,70.0,66.0,66.0,28550,388350,147.47,66.0,68.0
15196,2021-01-26 11:51:00,69.6,70.0,66.0,66.0,28550,388350,147.47,66.0,68.0
15197,2021-01-26 11:52:00,69.6,70.0,66.0,66.0,28550,388350,147.47,66.0,68.0
15198,2021-01-26 11:53:00,69.6,70.0,66.0,66.0,28550,388350,147.47,66.0,68.0
15199,2021-01-26 11:54:00,69.6,70.0,66.0,66.0,28550,388350,147.47,66.0,68.0
15200,2021-01-26 11:55:00,69.6,70.0,66.0,66.0,28550,388350,147.47,66.0,68.0
15201,2021-01-26 11:56:00,69.6,70.0,66.0,66.0,28550,388350,147.47,66.0,68.0
15202,2021-01-26 11:57:00,69.6,70.0,66.0,66.0,28550,388350,147.47,66.0,68.0
15203,2021-01-26 11:58:00,69.6,70.0,66.0,66.0,28550,388350,147.47,66.0,68.0
15204,2021-01-26 11:59:00,69.6,70.0,66.0,66.0,28550,388350,147.47,66.0,68.0
15205,2021-01-26 12:00:00,69.6,70.0,66.0,66.0,28550,388350,147.47,66.0,68.0
15206,2021-01-26 12:01:00,69.6,70.0,66.0,66.0,28550,388350,147.47,66.0,68.0
15207,2021-01-26 12:02:00,69.6,70.0,66.0,66.0,28550,388350,147.47,66.0,68.0
15208,2021-01-26 12:03:00,69.6,70.0,66.0,66.0,28550,388350,147.47,66.0,68.0
15209,2021-01-26 12:04:00,69.6,70.0,66.0,66.0,28550,388350,147.47,66.0,68.0
15210,2021-01-26 12:05:00,69.6,70.0,66.0,66.0,28550,388350,147.47,66.0,68.0
15211,2021-01-26 12:06:00,69.6,70.0,66.0,66.0,28550,388350,147.47,66.0,68.0
15212,2021-01-26 12:07:00,69.6,70.0,66.0,66.0,28550,388350,147.47,66.0,68.0
15213,2021-01-26 12:08:00,69.6,70.0,66.0,66.0,28550,388350,147.47,66.0,68.0
15214,2021-01-26 12:09:00,69.6,70.0,66.0,66.0,28550,388350,147.47,66.0,68.0
15215,2021-01-26 12:10:00,69.6,70.0,66.0,66.0,28550,388350,147.47,66.0,68.0
15216,2021-01-26 12:11:00,69.6,70.0,66.0,66.0,28550,388350,147.47,66.0,68.0
15217,2021-01-26 12:12:00,69.6,70.0,66.0,66.0,28550,388350,147.47,66.0,68.0
15218,2021-01-26 12:13:00,69.6,70.0,66.0,66.0,28550,388350,147.47,66.0,68.0
15219,2021-01-26 12:14:00,69.6,70.0,66.0,66.0,28550,388350,147.47,66.0,68.0
15220,2021-01-26 12:15:00,69.6,70.0,66.0,66.0,28550,388350,147.47,66.0,68.0
15221,2021-01-26 12:16:00,69.6,70.0,66.0,66.0,28550,388350,147.47,66.0,68.0
15222,2021-01-26 12:17:00,69.6,70.0,66.0,66.0,28550,388350,147.47,66.0,68.0
15223,2021-01-26 12:18:00,69.6,70.0,66.0,66.0,28550,388350,147.47,66.0,68.0
15224,2021-01-26 12:19:00,69.6,70.0,66.0,66.0,28550,388350,147.47,66.0,68.0
15225,2021-01-26 12:20:00,69.6,70.0,66.0,66.0,28550,388350,147.47,66.0,68.0
15226,2021-01-26 12:21:00,69.6,70.0,66.0,66.0,28550,388350,147.47,66.0,68.0
15227,2021-01-26 12:22:00,69.6,70.0,66.0,66.0,28550,388350,147.47,66.0,68.0
15228,2021-01-26 12:23:00,69.6,70.0,66.0,66.0,28550,388350,147.47,66.0,68.0
15229,2021-01-26 12:24:00,69.6,70.0,66.0,66.0,28550,388350,147.47,66.0,68.0
15230,2021-01-26 12:25:00,69.6,70.0,66.0,66.0,28550,388350,147.47,66.0,68.0
15231,2021-01-26 12:26:00,69.6,70.0,66.0,66.0,28550,388350,147.47,66.0,68.0
15232,2021-01-26 12:27:00,69.6,70.0,66.0,66.0,28550,388350,147.47,66.0,68.0
15233,2021-01-26 12:28:00,69.6,70.0,66.0,66.0,28550,388350,147.47,66.0,68.0
15234,2021-01-26 12:29:00,69.6,70.0,66.0,66.0,28550,388350,147.47,66.0,68.0
15235,2021-01-26 12:30:00,69.6,70.0,66.0,66.0,28550,388350,147.47,66.0,68.0
15236,2021-01-26 12:31:00,69.6,70.0,66.0,66.0,28550,388350,147.47,66.0,68.0
15237,2021-01-26 12:32:00,69.6,70.0,66.0,66.0,28550,388350,147.47,66.0,68.0
15238,2021-01-26 12:33:00,69.6,70.0,66.0,66.0,28550,388350,147.47,66.0,68.0
15239,2021-01-26 12:34:00,69.6,70.0,66.0,66.0,28550,388350,147.47,66.0,68.0
15240,2021-01-26 12:35:00,69.6,70.0,66.0,66.0,28550,388350,147.47,66.0,68.0
15241,2021-01-26 12:36:00,69.6,70.0,66.0,66.0,28550,388350,147.47,66.0,68.0
15242,2021-01-26 12:37:00,69.6,70.0,66.0,66.0,28550,388350,147.47,66.0,68.0
15243,2021-01-26 12:38:00,69.6,70.0,66.0,66.0,28550,388350,147.47,66.0,68.0
15244,2021-01-26 12:39:00,69.6,70.0,66.0,66.0,28550,388350,147.47,66.0,68.0
15245,2021-01-26 12:40:00,69.6,70.0,66.0,66.0,28550,388350,147.47,66.0,68.0
15246,2021-01-26 12:41:00,69.6,70.0,66.0,66.0,28550,388350,147.47,66.0,68.0
15247,2021-01-26 12:42:00,69.6,70.0,66.0,66.0,28550,388350,147.47,66.0,68.0
15248,2021-01-26 12:43:00,69.6,70.0,66.0,66.0,28550,388350,147.47,66.0,68.0
15249,2021-01-26 12:44:00,69.6,70.0,66.0,66.0,28550,388350,147.47,66.0,68.0
15250,2021-01-26 12:45:00,69.6,70.0,66.0,66.0,28550,388350,147.47,66.0,68.0
15251,2021-01-26 12:46:00,69.6,70.0,66.0,66.0,28550,388350,147.47,66.0,68.0
15252,2021-01-26 12:47:00,69.6,70.0,66.0,66.0,28550,388350,147.47,66.0,68.0
15253,2021-01-26 12:48:00,69.6,70.0,66.0,66.0,28550,388350,147.47,66.0,68.0
15254,2021-01-26 12:49:00,69.6,70.0,66.0,66.0,28550,388350,147.47,66.0,68.0
15255,2021-01-26 12:50:00,69.6,70.0,66.0,66.0,28550,388350,147.47,66.0,68.0
15256,2021-01-26 12:51:00,69.6,70.0,66.0,66.0,28550,388350,147.47,66.0,68.0
15257,2021-01-26 12:52:00,69.6,70.0,66.0,66.0,28550,388350,147.47,66.0,68.0
15258,2021-01-26 12:53:00,69.6,70.0,66.0,66.0,28550,388350,147.47,66.0,68.0
15259,2021-01-26 12:54:00,69.6,70.0,66.0,66.0,28550,388350,147.47,66.0,68.0
15260,2021-01-26 12:55:00,69.6,70.0,66.0,66.0,28550,388350,147.47,66.0,68.0
15261,2021-01-26 12:56:00,69.6,70.0,66.0,66.0,28550,388350,147.47,66.0,68.0
15262,2021-01-26 12:57:00,69.6,70.0,66.0,66.0,28550,388350,147.47,66.0,68.0
15263,2021-01-26 12:58:00,69.6,70.0,66.0,66.0,28550,388350,147.47,66.0,68.0
15264,2021-01-26 12:59:00,69.6,70.0,66.0,66.0,28550,388350,147.47,66.0,68.0
15265,2021-01-26 13:00:00,69.6,70.0,66.0,66.0,28550,388350,147.47,66.0,68.0
15266,2021-01-26 13:01:00,69.6,70.0,66.0,66.0,28550,388350,147.47,66.0,68.0
15267,2021-01-26 13:02:00,69.6,70.0,66.0,66.0,28550,388350,147.47,66.0,68.0
15268,2021-01-26 13:03:00,69.6,70.0,66.0,66.0,28550,388350,147.47,66.0,68.0
15269,2021-01-26 13:04:00,69.6,70.0,66.0,66.0,28550,388350,147.47,66.0,68.0
15270,2021-01-26 13:05:00,69.6,70.0,66.0,66.0,28550,388350,147.47,66.0,68.0
15271,2021-01-26 13:06:00,69.6,70.0,66.0,66.0,28550,388350,147.47,66.0,68.0
15272,2021-01-26 13:07:00,69.6,70.0,66.0,66.0,28550,388350,147.47,66.0,68.0
15273,2021-01-26 13:08:00,69.6,70.0,66.0,66.0,28550,388350,147.47,66.0,68.0
15274,2021-01-26 13:09:00,69.6,70.0,66.0,66.0,28550,388350,147.47,66.0,68.0
15275,2021-01-26 13:10:00,69.6,70.0,66.0,66.0,28550,388350,147.47,66.0,68.0
15276,2021-01-26 13:11:00,69.6,70.0,66.0,66.0,28550,388350,147.47,66.0,68.0
15277,2021-01-26 13:12:00,69.6,70.0,66.0,66.0,28550,388350,147.47,66.0,68.0
15278,2021-01-26 13:13:00,69.6,70.0,66.0,66.0,28550,388350,147.47,66.0,68.0
15279,2021-01-26 13:14:00,69.6,70.0,66.0,66.0,28550,388350,147.47,66.0,68.0
15280,2021-01-26 13:15:00,69.6,70.0,66.0,66.0,28550,388350,147.47,66.0,68.0
15281,2021-01-26 13:16:00,69.6,70.0,66.0,66.0,28550,388350,147.47,66.0,68.0
15282,2021-01-26 13:17:00,69.6,70.0,66.0,66.0,28550,388350,147.47,66.0,68.0
15283,2021-01-26 13:18:00,69.6,70.0,66.0,66.0,28550,388350,147.47,66.0,68.0
15284,2021-01-26 13:19:00,69.6,70.0,66.0,66.0,28550,388350,147.47,66.0,68.0
15285,2021-01-26 13:20:00,69.6,70.0,66.0,66.0,28550,388350,147.47,66.0,68.0
15286,2021-01-26 13:21:00,69.6,70.0,66.0,66.0,28550,388350,147.47,66.0,68.0
15287,2021-01-26 13:22:00,69.6,70.0,66.0,66.0,28550,388350,147.47,66.0,68.0
15288,2021-01-26 13:23:00,69.6,70.0,66.0,66.0,28550,388350,147.47,66.0,68.0
15289,2021-01-26 13:24:00,69.6,70.0,66.0,66.0,28550,388350,147.47,66.0,68.0
15290,2021-01-26 13:25:00,69.6,70.0,66.0,66.0,28550,388350,147.47,66.0,68.0
15291,2021-01-26 13:26:00,69.6,70.0,66.0,66.0,28550,388350,147.47,66.0,68.0
15292,2021-01-26 13:27:00,69.6,70.0,66.0,66.0,28550,388350,147.47,66.0,68.0
15293,2021-01-26 13:28:00,69.6,70.0,66.0,66.0,28550,388350,147.47,66.0,68.0
15294,2021-01-26 13:29:00,69.6,70.0,66.0,66.0,28550,388350,147.47,66.0,68.0
15295,2021-01-26 13:30:00,69.6,70.0,66.0,66.0,28550,388350,147.47,66.0,68.0
15296,2021-01-26 13:31:00,69.6,70.0,66.0,66.0,28550,388350,147.47,66.0,68.0
15297,2021-01-26 13:32:00,69.6,70.0,66.0,66.0,28550,388350,147.47,66.0,68.0
15298,2021-01-26 13:33:00,69.6,70.0,66.0,66.0,28550,388350,147.47,66.0,68.0
15299,2021-01-26 13:34:00,69.6,70.0,66.0,66.0,28550,388350,147.47,66.0,68.0
15300,2021-01-26 13:35:00,69.6,70.0,66.0,66.0,28550,388350,147.47,66.0,68.0
15301,2021-01-26 13:36:00,69.6,70.0,66.0,66.0,28550,388350,147.47,66.0,68.0
15302,2021-01-26 13:37:00,69.6,70.0,66.0,66.0,28550,388350,147.47,66.0,68.0
15303,2021-01-26 13:38:00,69.6,70.0,66.0,66.0,28550,388350,147.47,66.0,68.0
15304,2021-01-26 13:39:00,69.6,70.0,66.0,66.0,28550,388350,147.47,66.0,68.0
15305,2021-01-26 13:40:00,69.6,70.0,66.0,66.0,28550,388350,147.47,66.0,68.0
15306,2021-01-26 13:41:00,69.6,70.0,66.0,66.0,28550,388350,147.47,66.0,68.0
15307,2021-01-26 13:42:00,69.6,70.0,66.0,66.0,28550,388350,147.47,66.0,68.0
15308,2021-01-26 13:43:00,69.6,70.0,66.0,66.0,28550,388350,147.47,66.0,68.0
15309,2021-01-26 13:44:00,69.6,70.0,66.0,66.0,28550,388350,147.47,66.0,68.0
15310,2021-01-26 13:45:00,69.6,70.0,66.0,66.0,28550,388350,147.47,66.0,68.0
15311,2021-01-26 13:46:00,69.6,70.0,66.0,66.0,28550,388350,147.47,66.0,68.0
15312,2021-01-26 13:47:00,69.6,70.0,66.0,66.0,28550,388350,147.47,66.0,68.0
15313,2021-01-26 13:48:00,69.6,70.0,66.0,66.0,28550,388350,147.47,66.0,68.0
15314,2021-01-26 13:49:00,69.6,70.0,66.0,66.0,28550,388350,147.47,66.0,68.0
15315,2021-01-26 13:50:00,69.6,70.0,66.0,66.0,28550,388350,147.47,66.0,68.0
15316,2021-01-26 13:51:00,69.6,70.0,66.0,66.0,28550,388350,147.47,66.0,68.0
15317,2021-01-26 13:52:00,69.6,70.0,66.0,66.0,28550,388350,147.47,66.0,68.0
15318,2021-01-26 13:53:00,69.6,70.0,66.0,66.0,28550,388350,147.47,66.0,68.0
15319,2021-01-26 13:54:00,69.6,70.0,66.0,66.0,28550,388350,147.47,66.0,68.0
15320,2021-01-26 13:55:00,69.6,70.0,66.0,66.0,28550,388350,147.47,66.0,68.0
15321,2021-01-26 13:56:00,69.6,70.0,66.0,66.0,28550,388350,147.47,66.0,68.0
15322,2021-01-26 13:57:00,69.6,70.0,66.0,66.0,28550,388350,147.47,66.0,68.0
15323,2021-01-26 13:58:00,69.6,70.0,66.0,66.0,28550,388350,147.47,66.0,68.0
15324,2021-01-26 13:59:00,69.6,70.0,66.0,66.0,28550,388350,147.47,66.0,68.0
15325,2021-01-26 14:00:00,69.6,70.0,66.0,66.0,28550,388350,147.47,66.0,68.0
15326,2021-01-26 14:01:00,69.6,70.0,66.0,66.0,28550,388350,147.47,66.0,68.0
15327,2021-01-26 14:02:00,69.6,70.0,66.0,66.0,28550,388350,147.47,66.0,68.0
15328,2021-01-26 14:03:00,69.6,70.0,66.0,66.0,28550,388350,147.47,66.0,68.0
15329,2021-01-26 14:04:00,69.6,70.0,66.0,66.0,28550,388350,147.47,66.0,68.0
15330,2021-01-26 14:05:00,69.6,70.0,66.0,66.0,28550,388350,147.47,66.0,68.0
15331,2021-01-26 14:06:00,69.6,70.0,66.0,66.0,28550,388350,147.47,66.0,68.0
15332,2021-01-26 14:07:00,69.6,70.0,66.0,66.0,28550,388350,147.47,66.0,68.0
15333,2021-01-26 14:08:00,69.6,70.0,66.0,66.0,28550,388350,147.47,66.0,68.0
15334,2021-01-26 14:09:00,69.6,70.0,66.0,66.0,28550,388350,147.47,66.0,68.0
15335,2021-01-26 14:10:00,69.6,70.0,66.0,66.0,28550,388350,147.47,66.0,68.0
15336,2021-01-26 14:11:00,69.6,70.0,66.0,66.0,28550,388350,147.47,66.0,68.0
15337,2021-01-26 14:12:00,69.6,70.0,66.0,66.0,28550,388350,147.47,66.0,68.0
15338,2021-01-26 14:13:00,69.6,70.0,66.0,66.0,28550,388350,147.47,66.0,68.0
15339,2021-01-26 14:14:00,69.6,70.0,66.0,66.0,28550,388350,147.47,66.0,68.0
15340,2021-01-26 14:15:00,69.6,70.0,66.0,66.0,28550,388350,147.47,66.0,68.0
15341,2021-01-26 14:16:00,69.6,70.0,66.0,66.0,28550,388350,147.47,66.0,68.0
15342,2021-01-26 14:17:00,69.6,70.0,66.0,66.0,28550,388350,147.47,66.0,68.0
15343,2021-01-26 14:18:00,69.6,70.0,66.0,66.0,28550,388350,147.47,66.0,68.0
15344,2021-01-26 14:19:00,69.6,70.0,66.0,66.0,28550,388350,147.47,66.0,68.0
15345,2021-01-26 14:20:00,69.6,70.0,66.0,66.0,28550,388350,147.47,66.0,68.0
15346,2021-01-26 14:21:00,69.6,70.0,66.0,66.0,28550,388350,147.47,66.0,68.0
15347,2021-01-26 14:22:00,69.6,70.0,66.0,66.0,28550,388350,147.47,66.0,68.0
15348,2021-01-26 14:23:00,69.6,70.0,66.0,66.0,28550,388350,147.47,66.0,68.0
15349,2021-01-26 14:24:00,69.6,70.0,66.0,66.0,28550,388350,147.47,66.0,68.0
15350,2021-01-26 14:25:00,69.6,70.0,66.0,66.0,28550,388350,147.47,66.0,68.0
15351,2021-01-26 14:26:00,69.6,70.0,66.0,66.0,28550,388350,147.47,66.0,68.0
15352,2021-01-26 14:27:00,69.6,70.0,66.0,66.0,28550,388350,147.47,66.0,68.0
15353,2021-01-26 14:28:00,69.6,70.0,66.0,66.0,28550,388350,147.47,66.0,68.0
15354,2021-01-26 14:29:00,69.6,70.0,66.0,66.0,28550,388350,147.47,66.0,68.0
15355,2021-01-26 14:30:00,69.6,70.0,66.0,66.0,28550,388350,147.47,66.0,68.0
15356,2021-01-26 14:31:00,69.6,70.0,66.0,66.0,28550,388350,147.47,66.0,68.0
15357,2021-01-26 14:32:00,69.6,70.0,66.0,66.0,28550,388350,147.47,66.0,68.0
15358,2021-01-26 14:33:00,69.6,70.0,66.0,66.0,28550,388350,147.47,66.0,68.0
15359,2021-01-26 14:34:00,69.6,70.0,66.0,66.0,28550,388350,147.47,66.0,68.0
15360,2021-01-26 14:35:00,69.6,70.0,66.0,66.0,28550,388350,147.47,66.0,68.0
15361,2021-01-26 14:36:00,69.6,70.0,66.0,66.0,28550,388350,147.47,66.0,68.0
15362,2021-01-26 14:37:00,69.6,70.0,66.0,66.0,28550,388350,147.47,66.0,68.0
15363,2021-01-26 14:38:00,69.6,70.0,66.0,66.0,28550,388350,147.47,66.0,68.0
15364,2021-01-26 14:39:00,69.6,70.0,66.0,66.0,28550,388350,147.47,66.0,68.0
15365,2021-01-26 14:40:00,69.6,70.0,66.0,66.0,28550,388350,147.47,66.0,68.0
15366,2021-01-26 14:41:00,69.6,70.0,66.0,66.0,28550,388350,147.47,66.0,68.0
15367,2021-01-26 14:42:00,69.6,70.0,66.0,66.0,28550,388350,147.47,66.0,68.0
15368,2021-01-26 14:43:00,69.6,70.0,66.0,66.0,28550,388350,147.47,66.0,68.0
15369,2021-01-26 14:44:00,69.6,70.0,66.0,66.0,28550,388350,147.47,66.0,68.0
15370,2021-01-26 14:45:00,69.6,70.0,66.0,66.0,28550,388350,147.47,66.0,68.0
15371,2021-01-26 14:46:00,69.6,70.0,66.0,66.0,28550,388350,147.47,66.0,68.0
15372,2021-01-26 14:47:00,69.6,70.0,66.0,66.0,28550,388350,147.47,66.0,68.0
15373,2021-01-26 14:48:00,69.6,70.0,66.0,66.0,28550,388350,147.47,66.0,68.0
15374,2021-01-26 14:49:00,69.6,70.0,66.0,66.0,28550,388350,147.47,66.0,68.0
15375,2021-01-26 14:50:00,69.6,70.0,66.0,66.0,28550,388350,147.47,66.0,68.0
15376,2021-01-26 14:51:00,69.6,70.0,66.0,66.0,28550,388350,147.47,66.0,68.0
15377,2021-01-26 14:52:00,69.6,70.0,66.0,66.0,28550,388350,147.47,66.0,68.0
15378,2021-01-26 14:53:00,69.6,70.0,66.0,66.0,28550,388350,147.47,66.0,68.0
15379,2021-01-26 14:54:00,69.6,70.0,66.0,66.0,28550,388350,147.47,66.0,68.0
15380,2021-01-26 14:55:00,69.6,70.0,66.0,66.0,28550,388350,147.47,66.0,68.0
15381,2021-01-26 14:56:00,69.6,70.0,66.0,66.0,28550,388350,147.47,66.0,68.0
15382,2021-01-26 14:57:00,69.6,70.0,66.0,66.0,28550,388350,147.47,66.0,68.0
15383,2021-01-26 14:58:00,69.6,70.0,66.0,66.0,28550,388350,147.47,66.0,68.0
15384,2021-01-26 14:59:00,69.6,70.0,66.0,66.0,28550,388350,147.47,66.0,68.0
15385,2021-01-26 15:00:00,69.6,70.0,66.0,66.0,28550,388350,147.47,66.0,68.0
15386,2021-01-26 15:01:00,69.6,70.0,66.0,66.0,28550,388350,147.47,66.0,68.0
15387,2021-01-26 15:02:00,69.6,70.0,66.0,66.0,28550,388350,147.47,66.0,68.0
15388,2021-01-26 15:03:00,69.6,70.0,66.0,66.0,28550,388350,147.47,66.0,68.0
15389,2021-01-26 15:04:00,69.6,70.0,66.0,66.0,28550,388350,147.47,66.0,68.0
15390,2021-01-26 15:05:00,69.6,70.0,66.0,66.0,28550,388350,147.47,66.0,68.0
15391,2021-01-26 15:06:00,69.6,70.0,66.0,66.0,28550,388350,147.47,66.0,68.0
15392,2021-01-26 15:07:00,69.6,70.0,66.0,66.0,28550,388350,147.47,66.0,68.0
15393,2021-01-26 15:08:00,69.6,70.0,66.0,66.0,28550,388350,147.47,66.0,68.0
15394,2021-01-26 15:09:00,69.6,70.0,66.0,66.0,28550,388350,147.47,66.0,68.0
15395,2021-01-26 15:10:00,69.6,70.0,66.0,66.0,28550,388350,147.47,66.0,68.0
15396,2021-01-26 15:11:00,69.6,70.0,66.0,66.0,28550,388350,147.47,66.0,68.0
15397,2021-01-26 15:12:00,69.6,70.0,66.0,66.0,28550,388350,147.47,66.0,68.0
15398,2021-01-26 15:13:00,69.6,70.0,66.0,66.0,28550,388350,147.47,66.0,68.0
15399,2021-01-26 15:14:00,69.6,70.0,66.0,66.0,28550,388350,147.47,66.0,68.0
15400,2021-01-26 15:15:00,69.6,70.0,66.0,66.0,28550,388350,147.47,66.0,68.0
15401,2021-01-26 15:16:00,69.6,70.0,66.0,66.0,28550,388350,147.47,66.0,68.0
15402,2021-01-26 15:17:00,69.6,70.0,66.0,66.0,28550,388350,147.47,66.0,68.0
15403,2021-01-26 15:18:00,69.6,70.0,66.0,66.0,28550,388350,147.47,66.0,68.0
15404,2021-01-26 15:19:00,69.6,70.0,66.0,66.0,28550,388350,147.47,66.0,68.0
15405,2021-01-26 15:20:00,69.6,70.0,66.0,66.0,28550,388350,147.47,66.0,68.0
15406,2021-01-26 15:21:00,69.6,70.0,66.0,66.0,28550,388350,147.47,66.0,68.0
15407,2021-01-26 15:22:00,69.6,70.0,66.0,66.0,28550,388350,147.47,66.0,68.0
15408,2021-01-26 15:23:00,69.6,70.0,66.0,66.0,28550,388350,147.47,66.0,68.0
15409,2021-01-26 15:24:00,69.6,70.0,66.0,66.0,28550,388350,147.47,66.0,68.0
15410,2021-01-26 15:25:00,69.6,70.0,66.0,66.0,28550,388350,147.47,66.0,68.0
15411,2021-01-26 15:26:00,69.6,70.0,66.0,66.0,28550,388350,147.47,66.0,68.0
15412,2021-01-26 15:27:00,69.6,70.0,66.0,66.0,28550,388350,147.47,66.0,68.0
15413,2021-01-26 15:28:00,69.6,70.0,66.0,66.0,28550,388350,147.47,66.0,68.0
15414,2021-01-26 15:29:00,69.6,70.0,66.0,66.0,28550,388350,147.47,66.0,68.0
15415,2021-01-26 15:30:00,69.6,70.0,66.0,66.0,28550,388350,147.47,66.0,68.0
15416,2021-01-27 09:15:00,57.0,72.85,35.0,64.25,74475,341000,49.03,64.2,65.0
15417,2021-01-27 09:16:00,65.0,73.3,57.85,61.35,65750,341000,55.31,61.5,62.0
15418,2021-01-27 09:17:00,63.4,64.3,55.65,55.65,33600,347550,56.27,55.35,55.75
15419,2021-01-27 09:18:00,55.1,58.35,52.4,56.75,50375,347550,56.12,56.55,57.0
15420,2021-01-27 09:19:00,56.35,58.0,54.5,57.05,23475,347550,56.16,56.75,57.05
15421,2021-01-27 09:20:00,56.15,57.35,47.35,50.0,67475,361400,55.22,50.0,50.25
15422,2021-01-27 09:21:00,49.95,49.95,43.1,46.05,54150,361400,53.9,45.95,46.2
15423,2021-01-27 09:22:00,46.05,53.2,45.45,51.4,42600,361400,53.39,51.35,51.7
15424,2021-01-27 09:23:00,51.0,52.5,47.55,47.55,33050,371600,53.2,47.3,47.6
15425,2021-01-27 09:24:00,46.75,50.0,46.75,48.85,22475,371600,52.97,48.9,49.2
15426,2021-01-27 09:25:00,49.25,49.25,44.05,46.6,41850,371600,52.44,46.35,46.65
15427,2021-01-27 09:26:00,46.4,53.15,46.1,53.15,35050,368500,52.22,53.3,53.6
15428,2021-01-27 09:27:00,55.05,65.6,55.05,62.75,93475,368500,53.59,62.45,62.75
15429,2021-01-27 09:28:00,62.4,62.85,57.2,60.05,25925,368500,53.86,60.1,60.35
15430,2021-01-27 09:29:00,61.3,61.3,57.7,57.7,23825,381425,54.04,58.05,58.4
15431,2021-01-27 09:30:00,57.95,58.8,53.1,56.5,40225,381425,54.13,56.3,56.6
15432,2021-01-27 09:31:00,56.0,56.45,52.5,53.0,20625,381425,54.13,53.1,53.3
15433,2021-01-27 09:32:00,53.4,53.6,49.05,52.2,26750,388600,54.04,52.05,52.35
15434,2021-01-27 09:33:00,52.55,53.4,48.5,50.25,23225,388600,53.94,50.2,50.6
15435,2021-01-27 09:34:00,50.15,53.5,47.75,48.4,26025,388600,53.82,48.2,48.45
15436,2021-01-27 09:35:00,47.4,48.55,45.0,47.65,38000,395150,53.49,47.65,47.9
15437,2021-01-27 09:36:00,47.95,48.6,43.35,43.35,34650,395150,53.2,43.4,43.6
15438,2021-01-27 09:37:00,44.6,46.95,44.6,45.85,34425,395150,52.91,45.5,45.7
15439,2021-01-27 09:38:00,45.4,45.45,41.55,42.05,58200,402850,52.33,41.85,42.1
15440,2021-01-27 09:39:00,41.85,43.6,39.15,40.55,49300,402850,51.8,40.35,40.6
15441,2021-01-27 09:40:00,40.2,44.15,37.55,42.1,51925,402850,51.27,41.75,42.0
15442,2021-01-27 09:41:00,41.75,42.45,40.45,42.4,24250,412050,51.06,42.5,42.7
15443,2021-01-27 09:42:00,42.75,43.8,41.65,41.8,18825,412050,50.92,41.45,41.7
15444,2021-01-27 09:43:00,41.0,43.35,40.4,42.5,24625,412050,50.73,42.45,42.65
15445,2021-01-27 09:44:00,42.75,42.9,41.1,41.8,13725,414175,50.63,41.55,41.8
15446,2021-01-27 09:45:00,42.05,42.05,35.85,36.05,96950,414175,49.67,35.85,36.05
15447,2021-01-27 09:46:00,36.25,36.25,32.8,32.85,99650,414175,48.63,32.8,33.0
15448,2021-01-27 09:47:00,33.1,33.15,31.4,31.9,58275,434025,47.95,31.85,32.0
15449,2021-01-27 09:48:00,32.25,33.05,31.05,32.8,30375,434025,47.62,32.7,32.95
15450,2021-01-27 09:49:00,32.65,32.65,30.0,31.0,50250,434025,47.08,30.85,31.1
15451,2021-01-27 09:50:00,30.85,33.1,30.45,32.1,42375,442400,46.67,31.95,32.15
15452,2021-01-27 09:51:00,31.9,32.2,30.85,32.2,30625,442400,46.38,32.1,32.25
15453,2021-01-27 09:52:00,32.2,34.45,31.3,34.45,33700,442400,46.09,34.35,34.55
15454,2021-01-27 09:53:00,34.7,36.95,34.2,36.85,28175,443125,45.91,36.7,36.85
15455,2021-01-27 09:54:00,36.65,37.35,36.2,36.7,22425,443125,45.79,36.75,37.0
15456,2021-01-27 09:55:00,37.2,39.25,37.2,38.55,37150,443125,45.63,38.35,38.6
15457,2021-01-27 09:56:00,38.75,38.75,36.6,36.8,20300,445350,45.53,36.75,36.95
15458,2021-01-27 09:57:00,36.75,38.8,36.3,37.3,18275,445350,45.45,37.3,37.5
15459,2021-01-27 09:58:00,37.6,37.6,35.7,35.85,17275,445350,45.36,35.9,36.15
15460,2021-01-27 09:59:00,36.05,36.15,33.2,34.25,21475,455425,45.23,34.3,34.5
15461,2021-01-27 10:00:00,34.25,34.25,32.15,33.2,26600,455425,45.04,33.25,33.45
15462,2021-01-27 10:01:00,33.15,33.6,32.25,32.65,14200,455425,44.95,32.6,32.75
15463,2021-01-27 10:02:00,32.65,34.65,32.35,33.85,16775,462875,44.85,33.85,34.1
15464,2021-01-27 10:03:00,33.85,35.25,33.55,35.25,10350,462875,44.79,35.15,35.4
15465,2021-01-27 10:04:00,35.5,37.0,34.1,34.15,18350,462875,44.7,33.95,34.15
15466,2021-01-27 10:05:00,34.0,37.2,33.3,36.3,23225,470725,44.59,36.25,36.45
15467,2021-01-27 10:06:00,36.4,37.4,35.35,35.35,12500,470725,44.54,35.2,35.4
15468,2021-01-27 10:07:00,35.1,38.4,35.1,38.15,19325,470725,44.47,38.0,38.2
15469,2021-01-27 10:08:00,38.65,38.65,36.5,37.4,16825,461125,44.41,37.4,37.6
15470,2021-01-27 10:09:00,37.65,37.75,35.7,37.55,14175,461125,44.35,37.6,37.9
15471,2021-01-27 10:10:00,38.3,38.5,35.6,36.3,14025,461125,44.3,36.2,36.4
15472,2021-01-27 10:11:00,36.7,37.85,35.25,36.4,8450,468550,44.27,36.15,36.3
15473,2021-01-27 10:12:00,36.3,37.85,36.2,37.4,12600,468550,44.22,37.25,37.45
15474,2021-01-27 10:13:00,37.45,38.4,37.2,37.35,9125,468550,44.19,37.1,37.35
15475,2021-01-27 10:14:00,37.65,37.85,36.4,37.65,12750,467650,44.14,37.4,37.7
15476,2021-01-27 10:15:00,37.7,37.7,35.55,35.55,12925,467650,44.1,35.55,35.75
15477,2021-01-27 10:16:00,35.55,36.55,34.2,35.25,13325,467650,44.04,35.2,35.4
15478,2021-01-27 10:17:00,35.7,35.7,33.3,33.65,16275,468600,43.96,33.6,33.8
15479,2021-01-27 10:18:00,33.8,34.8,33.45,33.65,8525,468600,43.92,33.75,33.95
15480,2021-01-27 10:19:00,33.7,34.35,32.8,33.75,9900,468600,43.87,33.65,33.85
15481,2021-01-27 10:20:00,33.7,33.75,32.6,33.25,3950,469100,43.85,33.0,33.2
15482,2021-01-27 10:21:00,33.35,34.9,33.05,34.3,17150,469100,43.77,34.05,34.2
15483,2021-01-27 10:22:00,34.05,34.2,32.6,33.85,14400,469100,43.7,33.75,34.0
15484,2021-01-27 10:23:00,33.45,34.0,32.8,33.7,3725,468750,43.68,33.65,33.9
15485,2021-01-27 10:24:00,33.5,33.65,32.6,33.45,16325,468750,43.6,33.45,33.7
15486,2021-01-27 10:25:00,33.4,34.25,32.5,32.8,12475,468750,43.54,32.75,32.9
15487,2021-01-27 10:26:00,32.6,34.1,31.5,33.65,10875,468650,43.49,33.5,33.7
15488,2021-01-27 10:27:00,33.5,34.0,33.15,33.45,4000,468650,43.47,33.25,33.4
15489,2021-01-27 10:28:00,33.4,33.6,32.3,32.3,3750,468650,43.45,32.3,32.5
15490,2021-01-27 10:29:00,32.5,33.55,32.4,32.8,9350,470775,43.41,32.5,32.8
15491,2021-01-27 10:30:00,32.75,33.85,32.0,33.85,13050,470775,43.34,33.65,33.9
15492,2021-01-27 10:31:00,33.9,34.2,31.75,31.75,13575,470775,43.28,31.55,31.75
15493,2021-01-27 10:32:00,31.8,33.15,31.75,33.1,8800,467050,43.23,33.15,33.25
15494,2021-01-27 10:33:00,33.15,33.2,32.5,32.9,7050,467050,43.2,32.85,33.05
15495,2021-01-27 10:34:00,32.8,33.9,32.8,33.55,13175,467050,43.14,33.35,33.55
15496,2021-01-27 10:35:00,33.75,34.65,33.0,33.6,17000,465525,43.07,33.6,33.8
15497,2021-01-27 10:36:00,34.0,34.75,33.95,34.2,8725,465525,43.04,34.05,34.25
15498,2021-01-27 10:37:00,34.35,34.65,33.4,33.85,11950,465525,42.99,33.75,34.0
15499,2021-01-27 10:38:00,33.7,34.85,33.6,34.4,20900,466675,42.91,34.15,34.4
15500,2021-01-27 10:39:00,34.25,40.75,34.25,40.1,59675,466675,42.79,40.05,40.25
15501,2021-01-27 10:40:00,39.85,39.85,36.6,37.35,26125,466675,42.74,37.3,37.55
15502,2021-01-27 10:41:00,37.4,37.4,35.1,36.35,16650,462500,42.69,36.2,36.45
15503,2021-01-27 10:42:00,36.1,36.55,35.8,35.85,20775,462500,42.63,35.7,35.9
15504,2021-01-27 10:43:00,35.3,35.6,33.85,34.7,10625,462500,42.6,34.7,34.95
15505,2021-01-27 10:44:00,34.95,35.1,32.25,33.25,13875,452500,42.55,33.2,33.45
15506,2021-01-27 10:45:00,33.25,34.85,31.75,34.55,21325,452500,42.47,34.55,34.75
15507,2021-01-27 10:46:00,34.55,35.25,33.7,33.8,11250,452500,42.43,33.65,33.9
15508,2021-01-27 10:47:00,33.9,34.0,32.8,32.8,7500,454775,42.4,32.8,32.95
15509,2021-01-27 10:48:00,32.95,34.4,32.65,33.6,7775,454775,42.37,33.6,33.8
15510,2021-01-27 10:49:00,33.6,33.85,32.85,32.85,5800,454775,42.35,32.7,32.9
15511,2021-01-27 10:50:00,32.65,34.3,32.65,33.75,8525,457175,42.32,33.55,33.8
15512,2021-01-27 10:51:00,34.0,34.05,33.0,33.4,8800,457175,42.29,33.65,33.85
15513,2021-01-27 10:52:00,33.55,33.95,32.45,33.85,13450,457175,42.24,33.65,33.95
15514,2021-01-27 10:53:00,33.75,34.2,33.2,33.55,7725,465400,42.22,33.35,33.5
15515,2021-01-27 10:54:00,33.5,34.4,33.15,34.35,7825,465400,42.19,34.05,34.25
15516,2021-01-27 10:55:00,34.3,35.0,34.05,34.9,7350,465400,42.17,34.6,34.8
15517,2021-01-27 10:56:00,34.85,34.85,33.75,34.45,10050,471875,42.14,34.3,34.55
15518,2021-01-27 10:57:00,34.7,37.75,34.35,36.35,14600,471875,42.1,36.25,36.5
15519,2021-01-27 10:58:00,36.4,38.45,36.0,37.2,19300,471875,42.07,37.05,37.3
15520,2021-01-27 10:59:00,36.8,37.85,36.15,36.4,9725,473850,42.05,36.4,36.6
15521,2021-01-27 11:00:00,36.15,36.35,34.6,35.75,12325,473850,42.02,35.5,35.8
15522,2021-01-27 11:01:00,35.4,37.7,35.25,35.95,11475,473850,41.99,35.8,35.95
15523,2021-01-27 11:02:00,35.9,37.1,34.7,35.7,8300,471025,41.97,35.5,35.7
15524,2021-01-27 11:03:00,35.7,37.0,35.0,36.65,8000,471025,41.96,36.8,37.0
15525,2021-01-27 11:04:00,36.55,36.8,35.35,35.45,6250,471025,41.94,35.35,35.55
15526,2021-01-27 11:05:00,35.55,36.0,33.75,35.85,14300,477650,41.9,35.9,36.1
15527,2021-01-27 11:06:00,36.3,36.5,34.9,35.0,8650,477650,41.88,34.95,35.15
15528,2021-01-27 11:07:00,34.9,35.25,34.5,34.9,5925,477650,41.87,34.65,34.85
15529,2021-01-27 11:08:00,34.75,34.85,33.9,34.4,6100,476925,41.85,34.15,34.4
15530,2021-01-27 11:09:00,34.3,35.65,34.3,34.9,6250,476925,41.83,34.7,34.95
15531,2021-01-27 11:10:00,34.9,37.2,34.55,37.05,27975,476925,41.78,36.65,36.8
15532,2021-01-27 11:11:00,36.7,37.3,34.45,34.45,11475,470300,41.75,34.2,34.45
15533,2021-01-27 11:12:00,34.6,37.4,34.6,36.7,18525,470300,41.72,36.65,36.95
15534,2021-01-27 11:13:00,36.6,43.45,35.95,43.45,47825,470300,41.68,43.2,43.55
15535,2021-01-27 11:14:00,43.4,52.6,41.85,45.9,74575,459650,41.83,45.6,45.85
15536,2021-01-27 11:15:00,45.7,51.95,42.95,42.95,45375,459650,41.94,43.05,43.25
15537,2021-01-27 11:16:00,43.1,43.1,39.45,41.25,33450,459650,41.93,40.9,41.2
15538,2021-01-27 11:17:00,41.85,42.3,39.8,41.55,24525,456600,41.92,41.65,41.85
15539,2021-01-27 11:18:00,41.65,41.7,39.25,41.25,22600,456600,41.91,41.2,41.55
15540,2021-01-27 11:19:00,41.35,42.8,40.65,40.65,27475,456600,41.91,40.7,41.05
15541,2021-01-27 11:20:00,41.15,43.85,41.15,43.6,17350,458950,41.91,43.65,43.9
15542,2021-01-27 11:21:00,43.75,46.2,41.65,46.15,29650,458950,41.93,46.0,46.15
15543,2021-01-27 11:22:00,46.0,46.25,43.15,44.6,21750,458950,41.95,44.5,44.75
15544,2021-01-27 11:23:00,44.9,47.2,42.25,45.4,41900,466200,41.99,45.3,45.5
15545,2021-01-27 11:24:00,45.3,48.55,44.55,46.4,42725,466200,42.05,46.25,46.55
15546,2021-01-27 11:25:00,46.0,48.75,45.25,47.7,26525,466200,42.08,47.65,47.85
15547,2021-01-27 11:26:00,47.55,51.35,44.8,44.8,40350,467475,42.16,44.65,44.9
15548,2021-01-27 11:27:00,44.5,46.15,42.75,43.8,23425,467475,42.17,43.75,43.95
15549,2021-01-27 11:28:00,43.65,46.0,42.95,43.75,14600,467475,42.18,43.4,43.55
15550,2021-01-27 11:29:00,43.4,44.05,41.25,42.5,18325,469575,42.18,42.5,42.75
15551,2021-01-27 11:30:00,42.45,43.3,40.35,40.35,30475,469575,42.17,40.35,40.6
15552,2021-01-27 11:31:00,40.55,40.55,38.0,39.25,26600,469575,42.15,39.2,39.45
15553,2021-01-27 11:32:00,39.5,39.6,37.75,38.9,15600,464825,42.13,38.9,39.0
15554,2021-01-27 11:33:00,38.75,39.45,37.75,38.1,11000,464825,42.12,38.05,38.3
15555,2021-01-27 11:34:00,37.8,39.9,37.8,38.9,9500,464825,42.11,38.85,39.05
15556,2021-01-27 11:35:00,39.1,40.7,38.5,39.75,18375,464425,42.1,39.35,39.6
15557,2021-01-27 11:36:00,39.65,39.65,34.75,35.95,25050,464425,42.06,35.55,35.75
15558,2021-01-27 11:37:00,35.45,35.7,33.55,35.5,35900,464425,41.98,35.45,35.65
15559,2021-01-27 11:38:00,34.9,34.9,30.0,30.6,81925,466250,41.73,30.55,30.8
15560,2021-01-27 11:39:00,30.8,31.0,28.5,31.0,89650,466250,41.44,30.8,31.0
15561,2021-01-27 11:40:00,30.85,31.6,27.5,28.6,73950,466250,41.2,28.6,28.75
15562,2021-01-27 11:41:00,28.5,29.65,27.7,27.7,66050,493600,40.98,27.7,27.85
15563,2021-01-27 11:42:00,27.55,29.35,26.9,28.35,36875,493600,40.86,28.1,28.25
15564,2021-01-27 11:43:00,28.6,29.85,28.0,28.4,28950,493600,40.77,28.35,28.55
15565,2021-01-27 11:44:00,28.35,29.3,27.95,28.4,24325,492950,40.69,28.3,28.45
15566,2021-01-27 11:45:00,28.25,29.45,27.95,28.45,23825,492950,40.61,28.25,28.4
15567,2021-01-27 11:46:00,28.1,28.15,25.8,27.15,40275,492950,40.48,27.2,27.35
15568,2021-01-27 11:47:00,26.9,27.6,26.0,26.85,27950,495750,40.38,26.85,27.0
15569,2021-01-27 11:48:00,26.8,27.7,25.5,27.3,38450,495750,40.24,27.25,27.35
15570,2021-01-27 11:49:00,27.3,27.3,25.55,26.05,30050,495750,40.14,25.9,26.05
15571,2021-01-27 11:50:00,25.6,28.05,24.7,27.75,46500,501100,39.98,27.6,27.8
15572,2021-01-27 11:51:00,27.8,28.1,26.75,27.1,19075,501100,39.92,26.9,27.1
15573,2021-01-27 11:52:00,27.0,27.2,25.85,26.8,21375,501100,39.85,26.65,26.85
15574,2021-01-27 11:53:00,26.8,27.8,26.65,26.65,19250,502525,39.79,26.6,26.7
15575,2021-01-27 11:54:00,26.7,27.15,25.8,26.1,12650,502525,39.75,25.95,26.1
15576,2021-01-27 11:55:00,25.95,27.9,25.75,27.2,18175,502525,39.7,27.1,27.3
15577,2021-01-27 11:56:00,27.35,27.5,26.1,26.9,19525,507175,39.64,26.8,26.95
15578,2021-01-27 11:57:00,27.05,27.4,26.1,26.6,24375,507175,39.56,26.55,26.65
15579,2021-01-27 11:58:00,26.45,26.95,25.15,25.5,28475,507175,39.47,25.4,25.55
15580,2021-01-27 11:59:00,25.6,26.45,25.35,26.4,24850,502950,39.39,26.2,26.4
15581,2021-01-27 12:00:00,26.35,26.95,25.8,26.05,22750,502950,39.32,25.9,26.05
15582,2021-01-27 12:01:00,26.1,26.55,25.35,26.55,24125,502950,39.25,26.55,26.7
15583,2021-01-27 12:02:00,26.65,27.1,24.55,25.25,43300,502475,39.11,25.25,25.4
15584,2021-01-27 12:03:00,25.4,26.5,25.2,26.15,25200,502475,39.04,26.1,26.2
15585,2021-01-27 12:04:00,25.95,26.95,25.75,26.15,22050,502475,38.97,26.15,26.3
15586,2021-01-27 12:05:00,26.3,26.75,25.75,25.75,16150,501800,38.93,25.65,25.75
15587,2021-01-27 12:06:00,25.7,25.8,25.15,25.5,21675,501800,38.86,25.5,25.65
15588,2021-01-27 12:07:00,25.75,28.15,25.75,27.75,43450,501800,38.75,27.75,27.95
15589,2021-01-27 12:08:00,28.0,28.0,26.9,27.5,25950,497750,38.68,27.55,27.65
15590,2021-01-27 12:09:00,27.4,27.7,26.65,26.95,21900,497750,38.63,26.95,27.1
15591,2021-01-27 12:10:00,27.0,27.55,26.8,27.5,10650,497750,38.6,27.35,27.5
15592,2021-01-27 12:11:00,26.95,27.2,25.85,26.55,14175,497750,38.56,26.5,26.65
15593,2021-01-27 12:12:00,26.65,26.7,26.15,26.35,7550,508400,38.54,26.25,26.4
15594,2021-01-27 12:13:00,26.55,27.05,25.75,26.4,24050,508400,38.48,26.5,26.65
15595,2021-01-27 12:14:00,26.6,27.5,26.15,27.1,14200,508400,38.44,26.95,27.15
15596,2021-01-27 12:15:00,26.95,27.7,26.15,27.65,15225,498775,38.4,27.7,27.85
15597,2021-01-27 12:16:00,27.3,27.35,26.05,26.95,15075,498775,38.37,26.9,27.0
15598,2021-01-27 12:17:00,26.75,27.55,26.15,26.8,8550,498775,38.35,26.85,27.0
15599,2021-01-27 12:18:00,27.15,27.15,25.9,27.05,20075,496025,38.29,26.8,27.05
15600,2021-01-27 12:19:00,27.0,28.3,26.55,27.8,17350,496025,38.25,27.6,27.8
15601,2021-01-27 12:20:00,28.1,28.45,27.3,28.35,11175,496025,38.23,28.15,28.35
15602,2021-01-27 12:21:00,28.05,28.8,27.8,28.8,7450,499825,38.21,28.55,28.8
15603,2021-01-27 12:22:00,28.8,28.8,27.45,27.85,10700,499825,38.19,27.85,28.0
15604,2021-01-27 12:23:00,28.0,29.05,28.0,28.35,9975,499825,38.17,28.35,28.6
15605,2021-01-27 12:24:00,28.65,30.0,28.3,29.35,9850,494700,38.15,29.2,29.4
15606,2021-01-27 12:25:00,29.5,30.5,28.8,29.8,16425,494700,38.12,29.65,29.8
15607,2021-01-27 12:26:00,29.65,30.75,29.2,30.2,21425,494700,38.09,30.1,30.25
15608,2021-01-27 12:27:00,30.45,30.55,29.3,30.05,9725,499400,38.07,29.95,30.15
15609,2021-01-27 12:28:00,29.8,30.4,29.5,29.55,15300,499400,38.04,29.45,29.6
15610,2021-01-27 12:29:00,29.6,29.65,28.25,28.7,9150,499400,38.03,28.65,28.8
15611,2021-01-27 12:30:00,28.35,28.55,27.5,28.35,8125,496675,38.01,28.3,28.45
15612,2021-01-27 12:31:00,28.45,28.9,27.8,27.85,6625,496675,38.0,27.7,27.85
15613,2021-01-27 12:32:00,27.85,28.5,27.05,28.5,6025,496675,37.98,28.3,28.5
15614,2021-01-27 12:33:00,28.3,28.3,27.4,27.45,3000,498225,37.98,27.35,27.5
15615,2021-01-27 12:34:00,27.4,27.8,27.0,27.25,3200,498225,37.97,27.15,27.3
15616,2021-01-27 12:35:00,27.2,27.2,26.25,26.3,8725,498225,37.95,26.25,26.4
15617,2021-01-27 12:36:00,26.25,26.35,25.5,26.15,10800,499325,37.92,26.05,26.25
15618,2021-01-27 12:37:00,26.2,26.2,23.1,24.45,27600,499325,37.85,24.3,24.45
15619,2021-01-27 12:38:00,24.4,25.55,24.35,25.2,26925,499325,37.78,25.2,25.4
15620,2021-01-27 12:39:00,25.4,26.25,25.35,25.75,12250,496725,37.75,25.65,25.9
15621,2021-01-27 12:40:00,25.7,26.2,25.1,25.6,19250,496725,37.7,25.65,25.85
15622,2021-01-27 12:41:00,25.65,26.0,25.2,26.0,14000,496725,37.66,25.8,26.0
15623,2021-01-27 12:42:00,25.8,27.7,25.8,26.6,31550,490650,37.6,26.6,26.85
15624,2021-01-27 12:43:00,26.75,27.4,26.3,26.55,21600,490650,37.55,26.5,26.65
15625,2021-01-27 12:44:00,26.75,27.65,26.7,27.05,23125,490650,37.5,27.05,27.2
15626,2021-01-27 12:45:00,27.2,27.55,26.6,27.0,17625,486500,37.47,26.8,27.0
15627,2021-01-27 12:46:00,26.4,26.5,25.2,25.85,13700,486500,37.43,25.7,25.9
15628,2021-01-27 12:47:00,25.8,26.05,25.3,25.5,7950,486500,37.42,25.55,25.7
15629,2021-01-27 12:48:00,25.45,25.45,23.9,24.9,20675,482600,37.36,24.75,24.9
15630,2021-01-27 12:49:00,24.9,25.35,24.9,25.35,9200,482600,37.34,25.25,25.45
15631,2021-01-27 12:50:00,25.4,25.8,25.15,25.35,15500,482600,37.31,25.3,25.45
15632,2021-01-27 12:51:00,25.45,25.65,24.95,25.3,18475,481275,37.26,25.35,25.45
15633,2021-01-27 12:52:00,25.35,25.5,24.75,25.3,7250,481275,37.25,25.35,25.5
15634,2021-01-27 12:53:00,25.4,25.6,25.15,25.25,7975,481275,37.23,25.15,25.3
15635,2021-01-27 12:54:00,25.25,25.25,23.75,24.7,15525,491650,37.19,24.7,24.9
15636,2021-01-27 12:55:00,24.9,26.0,24.8,25.8,11725,491650,37.16,25.7,25.85
15637,2021-01-27 12:56:00,25.65,26.35,25.5,26.2,9800,491650,37.14,26.1,26.35
15638,2021-01-27 12:57:00,26.2,26.75,26.0,26.45,7450,486175,37.13,26.35,26.55
15639,2021-01-27 12:58:00,26.3,26.5,25.95,25.95,5850,486175,37.11,26.05,26.2
15640,2021-01-27 12:59:00,26.05,27.55,25.85,27.1,11900,486175,37.09,27.05,27.15
15641,2021-01-27 13:00:00,27.2,27.7,26.4,26.65,18625,482725,37.05,26.6,26.8
15642,2021-01-27 13:01:00,26.35,26.6,25.85,26.5,10400,482725,37.03,26.3,26.6
15643,2021-01-27 13:02:00,26.3,26.9,26.1,26.1,7225,482725,37.02,26.05,26.2
15644,2021-01-27 13:03:00,26.3,26.65,25.7,26.6,9625,471200,37.0,26.4,26.55
15645,2021-01-27 13:04:00,26.45,26.75,25.3,25.3,12975,471200,36.97,25.25,25.5
15646,2021-01-27 13:05:00,25.5,27.0,25.5,26.35,16100,471200,36.94,26.2,26.4
15647,2021-01-27 13:06:00,26.15,27.1,25.6,26.65,14950,470825,36.91,26.65,26.8
15648,2021-01-27 13:07:00,26.65,27.0,26.2,26.75,10100,470825,36.89,26.7,26.85
15649,2021-01-27 13:08:00,26.9,27.35,26.15,26.45,11575,470825,36.87,26.3,26.5
15650,2021-01-27 13:09:00,26.5,26.7,25.5,25.95,6700,457550,36.85,25.95,26.1
15651,2021-01-27 13:10:00,26.1,26.5,25.45,26.5,12225,457550,36.83,26.4,26.6
15652,2021-01-27 13:11:00,26.35,26.75,26.1,26.55,8225,457550,36.81,26.45,26.6
15653,2021-01-27 13:12:00,26.4,26.7,26.3,26.3,6325,456875,36.8,26.2,26.35
15654,2021-01-27 13:13:00,26.35,26.35,25.35,26.0,13350,456875,36.77,25.9,26.05
15655,2021-01-27 13:14:00,25.75,27.1,25.75,26.55,7525,456875,36.76,26.35,26.5
15656,2021-01-27 13:15:00,26.35,26.85,25.75,26.5,8425,456000,36.74,26.4,26.6
15657,2021-01-27 13:16:00,26.5,27.65,25.8,25.8,10925,456000,36.72,25.7,25.85
15658,2021-01-27 13:17:00,25.7,27.2,25.4,26.75,9350,456000,36.7,26.8,26.95
15659,2021-01-27 13:18:00,26.7,27.1,26.05,26.05,6725,457125,36.69,26.0,26.15
15660,2021-01-27 13:19:00,26.1,26.75,25.6,26.7,8325,457125,36.67,26.65,26.8
15661,2021-01-27 13:20:00,26.7,27.75,26.45,26.7,11675,457125,36.65,26.45,26.6
15662,2021-01-27 13:21:00,26.7,27.35,25.9,26.2,6775,455800,36.64,26.05,26.2
15663,2021-01-27 13:22:00,26.25,26.7,25.8,26.65,7375,455800,36.62,26.35,26.55
15664,2021-01-27 13:23:00,26.3,26.75,25.65,25.65,10500,455800,36.6,25.65,25.8
15665,2021-01-27 13:24:00,25.65,26.4,24.8,26.4,16150,455850,36.57,26.35,26.5
15666,2021-01-27 13:25:00,26.15,26.2,24.95,25.15,7100,455850,36.56,25.1,25.35
15667,2021-01-27 13:26:00,25.05,25.8,24.05,24.85,18625,455850,36.52,24.65,24.85
15668,2021-01-27 13:27:00,24.95,25.95,24.9,25.8,15700,455175,36.49,25.65,25.85
15669,2021-01-27 13:28:00,25.7,25.85,25.05,25.8,10425,455175,36.47,25.65,25.85
15670,2021-01-27 13:29:00,25.65,25.65,24.6,25.15,9825,455175,36.45,25.05,25.25
15671,2021-01-27 13:30:00,24.8,24.9,22.8,23.65,35150,454475,36.37,23.55,23.75
15672,2021-01-27 13:31:00,23.8,25.0,22.55,24.9,52150,454475,36.25,24.85,25.0
15673,2021-01-27 13:32:00,24.8,25.3,24.55,24.85,52600,454475,36.15,24.7,24.85
15674,2021-01-27 13:33:00,24.9,26.1,24.8,25.85,45125,448825,36.06,25.8,26.0
15675,2021-01-27 13:34:00,25.75,26.3,25.4,26.1,31700,448825,36.0,26.05,26.2
15676,2021-01-27 13:35:00,26.1,26.4,25.3,26.15,41775,448825,35.93,26.05,26.25
15677,2021-01-27 13:36:00,26.35,26.75,26.0,26.45,25850,453000,35.89,26.35,26.5
15678,2021-01-27 13:37:00,26.5,26.75,25.75,25.75,34625,453000,35.83,25.7,25.9
15679,2021-01-27 13:38:00,25.8,26.65,25.6,25.95,18525,453000,35.8,25.75,25.9
15680,2021-01-27 13:39:00,25.7,25.9,24.85,25.35,12750,446525,35.78,25.35,25.45
15681,2021-01-27 13:40:00,25.45,25.55,23.85,24.05,28050,446525,35.72,24.05,24.2
15682,2021-01-27 13:41:00,24.2,24.45,23.85,24.05,20325,446525,35.68,23.95,24.1
15683,2021-01-27 13:42:00,24.2,24.45,23.8,23.85,23000,454150,35.64,23.85,23.95
15684,2021-01-27 13:43:00,23.95,24.25,23.6,23.8,15400,454150,35.61,23.75,23.9
15685,2021-01-27 13:44:00,23.85,24.2,23.1,23.95,27500,454150,35.55,23.75,23.95
15686,2021-01-27 13:45:00,23.9,24.45,23.55,24.15,37750,453275,35.48,24.15,24.3
15687,2021-01-27 13:46:00,24.4,24.65,23.95,24.5,22575,453275,35.44,24.5,24.6
15688,2021-01-27 13:47:00,24.5,24.9,23.9,24.5,13475,453275,35.41,24.35,24.5
15689,2021-01-27 13:48:00,24.35,24.9,24.1,24.6,14200,447975,35.39,24.4,24.55
15690,2021-01-27 13:49:00,24.4,24.45,23.75,23.75,9825,447975,35.37,23.8,23.9
15691,2021-01-27 13:50:00,23.9,24.35,23.9,24.3,9450,447975,35.35,24.15,24.35
15692,2021-01-27 13:51:00,24.15,24.3,23.7,24.15,10425,447500,35.33,24.1,24.25
15693,2021-01-27 13:52:00,24.25,24.3,23.4,23.8,19975,447500,35.29,23.75,23.95
15694,2021-01-27 13:53:00,23.85,23.95,23.05,23.05,6075,447500,35.28,23.05,23.2
15695,2021-01-27 13:54:00,23.25,23.85,23.25,23.8,10025,445250,35.26,23.7,23.95
15696,2021-01-27 13:55:00,23.75,23.75,22.65,22.65,14675,445250,35.23,22.6,22.7
15697,2021-01-27 13:56:00,22.8,23.0,21.4,22.65,22975,445250,35.19,22.6,22.75
15698,2021-01-27 13:57:00,22.6,22.6,19.8,20.25,29500,443300,35.12,20.1,20.35
15699,2021-01-27 13:58:00,20.3,20.65,19.95,20.65,28875,443300,35.05,20.55,20.7
15700,2021-01-27 13:59:00,20.6,20.9,20.0,20.15,26425,443300,34.99,19.95,20.15
15701,2021-01-27 14:00:00,19.95,20.5,19.85,20.05,27875,434250,34.92,19.85,20.0
15702,2021-01-27 14:01:00,19.7,20.5,19.35,20.5,17625,434250,34.88,20.45,20.55
15703,2021-01-27 14:02:00,20.5,20.5,19.75,19.75,21650,434250,34.83,19.7,19.9
15704,2021-01-27 14:03:00,19.75,20.85,19.7,20.5,24600,422675,34.78,20.35,20.5
15705,2021-01-27 14:04:00,20.35,20.45,18.7,19.5,26425,422675,34.71,19.3,19.5
15706,2021-01-27 14:05:00,19.3,20.35,19.05,20.3,22825,422675,34.66,20.2,20.3
15707,2021-01-27 14:06:00,20.1,20.3,19.8,20.05,15675,411975,34.62,19.9,20.1
15708,2021-01-27 14:07:00,20.0,20.65,19.65,20.6,15875,411975,34.59,20.6,20.7
15709,2021-01-27 14:08:00,20.65,20.65,19.8,19.8,19125,411975,34.55,19.7,19.8
15710,2021-01-27 14:09:00,19.75,20.0,19.6,20.0,6225,402000,34.53,19.9,20.0
15711,2021-01-27 14:10:00,20.0,20.0,17.75,17.9,27625,402000,34.46,17.85,18.0
15712,2021-01-27 14:11:00,18.0,18.2,17.15,17.55,19425,402000,34.41,17.4,17.55
15713,2021-01-27 14:12:00,17.55,17.55,16.7,17.15,26675,394850,34.34,17.15,17.25
15714,2021-01-27 14:13:00,17.3,17.45,16.85,16.85,12475,394850,34.31,16.65,16.8
15715,2021-01-27 14:14:00,16.8,17.0,16.35,16.7,17475,394850,34.26,16.8,16.95
15716,2021-01-27 14:15:00,16.8,17.45,16.7,17.45,29200,382450,34.19,17.4,17.5
15717,2021-01-27 14:16:00,17.5,17.95,17.1,17.7,15250,382450,34.15,17.75,17.9
15718,2021-01-27 14:17:00,17.85,18.05,17.55,17.55,16600,382450,34.11,17.55,17.7
15719,2021-01-27 14:18:00,17.65,18.3,17.2,18.05,18475,383200,34.06,18.05,18.2
15720,2021-01-27 14:19:00,17.85,19.15,17.85,18.8,22600,383200,34.01,18.75,18.9
15721,2021-01-27 14:20:00,18.8,19.5,18.65,18.95,16650,383200,33.97,18.95,19.1
15722,2021-01-27 14:21:00,18.8,19.0,18.35,18.35,19950,376250,33.93,18.25,18.35
15723,2021-01-27 14:22:00,18.2,18.35,17.6,17.65,19750,376250,33.88,17.7,17.8
15724,2021-01-27 14:23:00,17.85,18.6,17.6,17.6,24425,376250,33.82,17.55,17.65
15725,2021-01-27 14:24:00,17.65,18.1,17.4,18.0,16550,376275,33.78,17.95,18.1
15726,2021-01-27 14:25:00,18.1,18.9,17.9,18.8,13400,376275,33.75,18.65,18.8
15727,2021-01-27 14:26:00,18.9,19.1,18.35,18.5,20300,376275,33.71,18.5,18.65
15728,2021-01-27 14:27:00,18.5,18.95,18.25,18.85,16425,377325,33.67,18.85,19.0
15729,2021-01-27 14:28:00,18.85,18.95,17.8,18.2,28150,377325,33.61,18.2,18.3
15730,2021-01-27 14:29:00,18.2,18.45,18.0,18.15,21800,377325,33.56,18.1,18.25
15731,2021-01-27 14:30:00,18.15,18.8,18.0,18.5,28725,372700,33.49,18.5,18.6
15732,2021-01-27 14:31:00,18.45,18.65,18.1,18.65,31975,372700,33.42,18.5,18.65
15733,2021-01-27 14:32:00,18.6,18.95,18.4,18.45,21850,372700,33.38,18.4,18.55
15734,2021-01-27 14:33:00,18.55,18.8,18.15,18.3,16575,369525,33.34,18.2,18.35
15735,2021-01-27 14:34:00,18.3,18.3,17.7,17.8,21375,369525,33.29,17.65,17.85
15736,2021-01-27 14:35:00,17.65,17.65,16.05,16.35,28575,369525,33.23,16.2,16.35
15737,2021-01-27 14:36:00,16.25,16.35,15.85,15.85,10675,363075,33.2,15.8,15.95
15738,2021-01-27 14:37:00,15.85,16.0,14.85,14.95,18225,363075,33.15,14.9,15.0
15739,2021-01-27 14:38:00,15.05,15.3,14.9,15.2,16150,363075,33.11,15.2,15.3
15740,2021-01-27 14:39:00,15.2,15.5,14.8,15.15,31350,361125,33.03,15.1,15.25
15741,2021-01-27 14:40:00,15.15,15.25,14.8,15.0,17275,361125,32.99,14.9,15.05
15742,2021-01-27 14:41:00,15.05,15.05,14.6,15.0,17725,361125,32.94,15.0,15.1
15743,2021-01-27 14:42:00,15.0,15.2,14.9,15.0,12650,361550,32.91,15.0,15.15
15744,2021-01-27 14:43:00,15.2,15.2,14.8,14.9,16150,361550,32.87,14.8,14.95
15745,2021-01-27 14:44:00,14.9,15.1,14.5,14.6,21150,361550,32.82,14.55,14.75
15746,2021-01-27 14:45:00,14.65,14.8,14.15,14.2,26600,355775,32.75,14.1,14.25
15747,2021-01-27 14:46:00,14.05,14.3,13.5,13.65,20975,355775,32.7,13.55,13.7
15748,2021-01-27 14:47:00,13.65,13.9,13.4,13.65,28725,355775,32.62,13.55,13.65
15749,2021-01-27 14:48:00,13.6,15.4,13.6,15.15,20475,352025,32.57,15.2,15.35
15750,2021-01-27 14:49:00,15.3,19.05,15.3,18.7,38575,352025,32.49,18.65,18.75
15751,2021-01-27 14:50:00,18.65,21.15,18.4,18.7,43000,352025,32.42,18.7,18.8
15752,2021-01-27 14:51:00,18.5,19.6,17.85,19.6,33875,352800,32.36,19.45,19.6
15753,2021-01-27 14:52:00,19.45,19.65,17.3,17.4,22675,352800,32.31,17.35,17.5
15754,2021-01-27 14:53:00,17.3,18.5,17.05,18.5,20000,352800,32.27,18.55,18.7
15755,2021-01-27 14:54:00,18.65,18.65,17.8,18.2,15500,348275,32.25,18.2,18.35
15756,2021-01-27 14:55:00,18.3,18.85,17.4,17.4,18725,348275,32.21,17.4,17.5
15757,2021-01-27 14:56:00,17.45,17.55,16.15,16.15,21050,348275,32.17,16.1,16.25
15758,2021-01-27 14:57:00,16.15,16.15,14.7,15.85,24875,341550,32.11,15.8,15.95
15759,2021-01-27 14:58:00,15.75,16.75,15.75,16.0,15275,341550,32.08,16.05,16.1
15760,2021-01-27 14:59:00,16.05,16.5,15.9,16.05,10675,341550,32.06,16.05,16.15
15761,2021-01-27 15:00:00,15.95,16.0,15.15,15.25,17275,336600,32.02,15.0,15.2
15762,2021-01-27 15:01:00,14.95,15.4,14.65,14.7,15175,336600,31.99,14.6,14.8
15763,2021-01-27 15:02:00,14.8,15.45,14.5,15.45,15450,336600,31.95,15.4,15.5
15764,2021-01-27 15:03:00,15.25,15.55,14.85,14.85,12575,340325,31.92,14.85,14.95
15765,2021-01-27 15:04:00,14.85,15.2,14.7,15.2,11200,340325,31.9,15.05,15.2
15766,2021-01-27 15:05:00,15.05,16.5,15.05,16.25,26625,340325,31.84,16.2,16.35
15767,2021-01-27 15:06:00,16.35,16.85,16.1,16.7,14325,338400,31.81,16.6,16.75
15768,2021-01-27 15:07:00,16.9,16.9,16.1,16.2,18725,338400,31.78,16.1,16.25
15769,2021-01-27 15:08:00,16.2,16.85,16.2,16.45,12875,338400,31.75,16.3,16.45
15770,2021-01-27 15:09:00,16.45,16.9,16.15,16.65,7075,342950,31.74,16.65,16.8
15771,2021-01-27 15:10:00,16.85,17.15,16.35,16.35,21675,342950,31.69,16.25,16.4
15772,2021-01-27 15:11:00,16.45,16.7,15.9,16.4,20350,342950,31.65,16.3,16.45
15773,2021-01-27 15:12:00,16.45,16.75,16.15,16.5,6700,341675,31.64,16.4,16.55
15774,2021-01-27 15:13:00,16.3,16.6,16.15,16.15,10700,341675,31.62,16.15,16.25
15775,2021-01-27 15:14:00,16.3,16.5,16.0,16.3,13550,341675,31.59,16.15,16.3
15776,2021-01-27 15:15:00,16.25,16.55,16.1,16.55,11250,343975,31.57,16.45,16.6
15777,2021-01-27 15:16:00,16.6,16.65,16.05,16.55,9025,343975,31.55,16.45,16.6
15778,2021-01-27 15:17:00,16.55,16.6,16.1,16.35,11975,343975,31.53,16.3,16.4
15779,2021-01-27 15:18:00,16.3,16.6,16.0,16.4,15900,330150,31.5,16.3,16.4
15780,2021-01-27 15:19:00,16.35,17.1,16.3,16.8,13475,330150,31.47,16.75,16.85
15781,2021-01-27 15:20:00,16.85,17.0,16.55,16.8,10750,330150,31.45,16.8,16.95
15782,2021-01-27 15:21:00,16.95,17.4,16.8,17.05,18875,331950,31.42,16.95,17.05
15783,2021-01-27 15:22:00,17.05,17.2,16.2,16.25,28625,331950,31.36,16.15,16.25
15784,2021-01-27 15:23:00,16.25,16.3,15.8,15.8,29375,331950,31.31,15.8,15.95
15785,2021-01-27 15:24:00,15.8,16.05,15.6,15.85,40400,325575,31.23,15.75,15.85
15786,2021-01-27 15:25:00,15.85,16.25,14.7,14.75,55625,325575,31.12,14.65,14.8
15787,2021-01-27 15:26:00,14.6,14.8,14.2,14.3,21275,325575,31.08,14.3,14.45
15788,2021-01-27 15:27:00,14.3,14.5,14.05,14.15,26475,303950,31.02,14.0,14.15
15789,2021-01-27 15:28:00,14.15,14.3,13.65,13.7,17775,303950,30.98,13.5,13.7
15790,2021-01-27 15:29:00,14.15,14.3,13.65,13.7,17775,303950,30.98,13.5,13.7
15791,2021-01-27 15:30:00,13.55,13.7,13.05,13.15,23150,303950,30.93,13.1,13.9
15792,2021-01-28 09:15:00,3.95,4.25,2.3,4.0,73375,289825,3.56,3.85,4.0
15793,2021-01-28 09:16:00,3.95,4.7,3.95,4.1,55850,289825,3.86,4.1,4.15
15794,2021-01-28 09:17:00,4.15,4.2,3.85,4.0,41050,294775,3.91,4.0,4.1
15795,2021-01-28 09:18:00,4.1,4.15,3.8,4.0,29500,294775,3.92,3.95,4.05
15796,2021-01-28 09:19:00,3.9,4.0,3.8,3.8,14875,294775,3.92,3.75,3.85
15797,2021-01-28 09:20:00,3.8,3.95,3.7,3.9,25650,296400,3.91,3.8,3.9
15798,2021-01-28 09:21:00,3.9,3.9,3.75,3.8,14100,296400,3.9,3.7,3.8
15799,2021-01-28 09:22:00,3.8,3.85,3.45,3.45,17275,296400,3.88,3.45,3.55
15800,2021-01-28 09:23:00,3.4,3.5,3.25,3.4,11425,308300,3.86,3.35,3.4
15801,2021-01-28 09:24:00,3.35,3.4,3.25,3.25,12550,308300,3.84,3.25,3.35
15802,2021-01-28 09:25:00,3.25,3.5,3.2,3.45,11425,308300,3.82,3.4,3.5
15803,2021-01-28 09:26:00,3.4,3.45,3.3,3.35,9675,302600,3.81,3.3,3.4
15804,2021-01-28 09:27:00,3.4,3.6,3.35,3.5,17800,302600,3.79,3.5,3.55
15805,2021-01-28 09:28:00,3.55,3.65,3.45,3.5,19875,302600,3.78,3.45,3.55
15806,2021-01-28 09:29:00,3.45,3.6,3.45,3.5,8325,300875,3.77,3.5,3.6
15807,2021-01-28 09:30:00,3.5,3.6,3.5,3.55,8075,300875,3.77,3.5,3.6
15808,2021-01-28 09:31:00,3.55,3.6,3.45,3.6,9600,300875,3.76,3.6,3.65
15809,2021-01-28 09:32:00,3.6,3.7,3.55,3.65,9650,297525,3.76,3.6,3.7
15810,2021-01-28 09:33:00,3.6,3.8,3.6,3.75,8825,297525,3.75,3.75,3.8
15811,2021-01-28 09:34:00,3.7,3.85,3.65,3.7,4650,297525,3.75,3.7,3.8
15812,2021-01-28 09:35:00,3.7,3.85,3.7,3.85,8350,295725,3.75,3.75,3.9
15813,2021-01-28 09:36:00,4.05,4.2,3.9,4.1,17600,295725,3.77,4.1,4.2
15814,2021-01-28 09:37:00,4.3,4.55,4.25,4.3,21300,295725,3.79,4.25,4.35
15815,2021-01-28 09:38:00,4.3,4.75,4.3,4.5,22125,295275,3.83,4.5,4.6
15816,2021-01-28 09:39:00,4.5,4.8,4.45,4.65,20575,295275,3.86,4.6,4.65
15817,2021-01-28 09:40:00,4.6,4.75,4.5,4.55,10050,295275,3.88,4.5,4.55
15818,2021-01-28 09:41:00,4.5,4.55,4.25,4.4,12500,289825,3.89,4.35,4.45
15819,2021-01-28 09:42:00,4.45,4.45,4.2,4.35,7025,289825,3.9,4.25,4.35
15820,2021-01-28 09:43:00,4.25,4.35,4.2,4.25,5825,289825,3.9,4.2,4.3
15821,2021-01-28 09:44:00,4.2,4.45,4.2,4.3,7525,290300,3.91,4.25,4.35
15822,2021-01-28 09:45:00,4.3,4.55,4.2,4.4,18025,290300,3.92,4.35,4.45
15823,2021-01-28 09:46:00,4.45,4.5,4.25,4.35,11250,290300,3.93,4.25,4.35
15824,2021-01-28 09:47:00,4.25,4.35,4.15,4.15,5725,281325,3.93,4.15,4.25
15825,2021-01-28 09:48:00,4.15,4.3,4.0,4.0,8925,281325,3.94,4.0,4.1
15826,2021-01-28 09:49:00,4.0,4.15,4.0,4.1,8325,281325,3.94,4.05,4.1
15827,2021-01-28 09:50:00,4.1,4.25,4.05,4.15,9525,278200,3.94,4.1,4.2
15828,2021-01-28 09:51:00,4.1,4.25,4.1,4.2,12650,278200,3.95,4.2,4.25
15829,2021-01-28 09:52:00,4.2,4.3,4.15,4.2,11500,278200,3.95,4.2,4.25
15830,2021-01-28 09:53:00,4.2,4.25,4.15,4.25,6425,278175,3.96,4.2,4.3
15831,2021-01-28 09:54:00,4.2,4.25,4.1,4.15,6675,278175,3.96,4.1,4.15
15832,2021-01-28 09:55:00,4.05,4.1,3.65,3.8,17825,278175,3.96,3.75,3.85
15833,2021-01-28 09:56:00,3.8,3.9,3.75,3.85,6800,281950,3.95,3.85,3.9
15834,2021-01-28 09:57:00,3.9,3.9,3.7,3.7,1750,281950,3.95,3.7,3.8
15835,2021-01-28 09:58:00,3.75,3.8,3.6,3.6,5475,281950,3.95,3.6,3.7
15836,2021-01-28 09:59:00,3.7,3.7,3.55,3.55,1950,280400,3.95,3.55,3.6
15837,2021-01-28 10:00:00,3.6,3.65,3.55,3.65,2350,280400,3.95,3.6,3.7
15838,2021-01-28 10:01:00,3.65,3.7,3.55,3.65,8575,280400,3.95,3.65,3.7
15839,2021-01-28 10:02:00,3.65,3.7,3.55,3.55,3150,281025,3.94,3.55,3.6
15840,2021-01-28 10:03:00,3.55,3.65,3.55,3.55,5100,281025,3.94,3.55,3.6
15841,2021-01-28 10:04:00,3.55,3.65,3.55,3.55,7400,281025,3.94,3.55,3.65
15842,2021-01-28 10:05:00,3.6,3.75,3.6,3.65,7300,281075,3.93,3.55,3.65
15843,2021-01-28 10:06:00,3.65,3.7,3.55,3.7,3350,281075,3.93,3.6,3.7
15844,2021-01-28 10:07:00,3.7,3.75,3.65,3.7,3850,281075,3.93,3.65,3.75
15845,2021-01-28 10:08:00,3.7,3.75,3.65,3.75,1700,283550,3.93,3.65,3.75
15846,2021-01-28 10:09:00,3.65,3.75,3.65,3.7,2250,283550,3.93,3.65,3.75
15847,2021-01-28 10:10:00,3.65,3.7,3.6,3.65,3150,283550,3.93,3.6,3.65
15848,2021-01-28 10:11:00,3.65,3.7,3.6,3.7,6075,279350,3.93,3.6,3.7
15849,2021-01-28 10:12:00,3.6,3.75,3.6,3.75,850,279350,3.93,3.65,3.75
15850,2021-01-28 10:13:00,3.65,3.75,3.65,3.65,1450,279350,3.92,3.65,3.75
15851,2021-01-28 10:14:00,3.75,3.75,3.6,3.65,3900,282350,3.92,3.55,3.65
15852,2021-01-28 10:15:00,3.65,3.9,3.6,3.9,5225,282350,3.92,3.85,3.95
15853,2021-01-28 10:16:00,3.95,4.3,3.85,4.15,11500,282350,3.92,4.0,4.15
15854,2021-01-28 10:17:00,4.0,4.1,4.0,4.05,3875,287300,3.93,4.0,4.05
15855,2021-01-28 10:18:00,4.05,4.3,3.95,4.05,7975,287300,3.93,3.95,4.0
15856,2021-01-28 10:19:00,3.95,4.05,3.9,3.9,1500,287300,3.93,3.9,4.0
15857,2021-01-28 10:20:00,3.9,4.05,3.85,3.95,8550,292525,3.93,3.9,4.0
15858,2021-01-28 10:21:00,3.9,4.0,3.8,3.8,15725,292525,3.93,3.75,3.8
15859,2021-01-28 10:22:00,3.75,3.8,3.65,3.65,1225,292525,3.93,3.6,3.65
15860,2021-01-28 10:23:00,3.65,3.7,3.6,3.7,1950,292425,3.92,3.65,3.75
15861,2021-01-28 10:24:00,3.8,3.8,3.7,3.7,4375,292425,3.92,3.7,3.75
15862,2021-01-28 10:25:00,3.7,3.7,3.6,3.6,1675,292425,3.92,3.6,3.65
15863,2021-01-28 10:26:00,3.6,3.6,3.5,3.5,3550,291700,3.92,3.5,3.6
15864,2021-01-28 10:27:00,3.5,3.5,3.3,3.3,6725,291700,3.92,3.2,3.3
15865,2021-01-28 10:28:00,3.3,3.3,3.15,3.3,7600,291700,3.91,3.2,3.3
15866,2021-01-28 10:29:00,3.2,3.25,3.0,3.1,5825,296700,3.9,3.05,3.1
15867,2021-01-28 10:30:00,3.1,3.1,2.95,2.95,8125,296700,3.9,2.95,3.05
15868,2021-01-28 10:31:00,3.05,3.1,3.0,3.1,2975,296700,3.89,3.0,3.1
15869,2021-01-28 10:32:00,3.0,3.1,3.0,3.05,2850,296275,3.89,3.0,3.1
15870,2021-01-28 10:33:00,3.0,3.15,3.0,3.15,1625,296275,3.89,3.1,3.15
15871,2021-01-28 10:34:00,3.15,3.15,3.0,3.0,3750,296275,3.88,3.0,3.1
15872,2021-01-28 10:35:00,3.0,3.1,3.0,3.05,3975,293250,3.88,3.0,3.05
15873,2021-01-28 10:36:00,3.05,3.1,3.0,3.0,3050,293250,3.88,3.0,3.1
15874,2021-01-28 10:37:00,3.1,3.1,3.0,3.05,4175,293250,3.87,3.0,3.05
15875,2021-01-28 10:38:00,3.0,3.0,2.85,2.85,10675,292200,3.86,2.85,2.9
15876,2021-01-28 10:39:00,2.9,2.9,2.85,2.85,1775,292200,3.86,2.8,2.85
15877,2021-01-28 10:40:00,2.85,2.85,2.8,2.85,2750,292200,3.86,2.85,2.9
15878,2021-01-28 10:41:00,2.9,2.9,2.85,2.85,3450,290575,3.85,2.85,2.9
15879,2021-01-28 10:42:00,2.85,2.9,2.8,2.8,7200,290575,3.84,2.75,2.8
15880,2021-01-28 10:43:00,2.75,2.85,2.75,2.75,4675,290575,3.84,2.7,2.75
15881,2021-01-28 10:44:00,2.7,2.75,2.6,2.6,2875,290725,3.83,2.6,2.65
15882,2021-01-28 10:45:00,2.65,2.65,2.5,2.65,9275,290725,3.82,2.55,2.65
15883,2021-01-28 10:46:00,2.55,2.6,2.55,2.55,2875,290725,3.82,2.55,2.6
15884,2021-01-28 10:47:00,2.55,2.6,2.45,2.45,4775,287800,3.81,2.45,2.55
15885,2021-01-28 10:48:00,2.45,2.45,2.4,2.4,2400,287800,3.81,2.4,2.45
15886,2021-01-28 10:49:00,2.45,2.45,2.35,2.4,3100,287800,3.8,2.4,2.45
15887,2021-01-28 10:50:00,2.4,2.45,2.4,2.45,3125,287850,3.8,2.4,2.5
15888,2021-01-28 10:51:00,2.4,2.55,2.4,2.5,4900,287850,3.79,2.45,2.55
15889,2021-01-28 10:52:00,2.5,2.5,2.45,2.45,2025,287850,3.79,2.45,2.55
15890,2021-01-28 10:53:00,2.45,2.6,2.45,2.5,4425,287675,3.78,2.5,2.6
15891,2021-01-28 10:54:00,2.5,2.55,2.45,2.45,6250,287675,3.77,2.45,2.5
15892,2021-01-28 10:55:00,2.45,2.5,2.45,2.5,5200,287675,3.77,2.45,2.55
15893,2021-01-28 10:56:00,2.55,2.55,2.45,2.5,3250,291025,3.76,2.45,2.55
15894,2021-01-28 10:57:00,2.55,2.6,2.45,2.45,3575,291025,3.76,2.45,2.55
15895,2021-01-28 10:58:00,2.45,2.55,2.45,2.55,1525,291025,3.75,2.45,2.55
15896,2021-01-28 10:59:00,2.45,2.5,2.4,2.4,2575,287850,3.75,2.4,2.45
15897,2021-01-28 11:00:00,2.45,2.5,2.4,2.5,3150,287850,3.75,2.45,2.5
15898,2021-01-28 11:01:00,2.45,2.5,2.45,2.5,3250,287850,3.74,2.5,2.55
15899,2021-01-28 11:02:00,2.5,2.5,2.4,2.4,7700,289400,3.73,2.4,2.45
15900,2021-01-28 11:03:00,2.4,2.5,2.25,2.4,12700,289400,3.71,2.35,2.4
15901,2021-01-28 11:04:00,2.35,2.5,2.35,2.45,8950,289400,3.7,2.45,2.5
15902,2021-01-28 11:05:00,2.45,2.6,2.45,2.55,7375,289950,3.69,2.5,2.6
15903,2021-01-28 11:06:00,2.6,2.6,2.45,2.5,5475,289950,3.69,2.45,2.55
15904,2021-01-28 11:07:00,2.5,2.5,2.4,2.45,8400,289950,3.68,2.4,2.45
15905,2021-01-28 11:08:00,2.45,2.45,2.4,2.45,6900,288825,3.67,2.4,2.5
15906,2021-01-28 11:09:00,2.5,2.55,2.45,2.5,6350,288825,3.66,2.5,2.55
15907,2021-01-28 11:10:00,2.5,2.55,2.45,2.45,7800,288825,3.65,2.45,2.55
15908,2021-01-28 11:11:00,2.45,2.5,2.4,2.4,7550,288825,3.64,2.35,2.45
15909,2021-01-28 11:12:00,2.35,2.45,2.35,2.4,2425,288200,3.64,2.35,2.4
15910,2021-01-28 11:13:00,2.4,2.4,2.35,2.4,1225,288200,3.64,2.35,2.4
15911,2021-01-28 11:14:00,2.4,2.4,2.35,2.4,1525,287025,3.64,2.35,2.4
15912,2021-01-28 11:15:00,2.35,2.45,2.35,2.35,5625,287025,3.63,2.35,2.45
15913,2021-01-28 11:16:00,2.35,2.4,2.35,2.35,5675,287025,3.62,2.3,2.4
15914,2021-01-28 11:17:00,2.4,2.4,2.3,2.35,8400,286625,3.61,2.35,2.4
15915,2021-01-28 11:18:00,2.35,2.35,2.3,2.3,5325,286625,3.61,2.3,2.35
15916,2021-01-28 11:19:00,2.3,2.35,2.3,2.3,1725,286625,3.6,2.3,2.35
15917,2021-01-28 11:20:00,2.3,2.35,2.3,2.35,4825,286625,3.6,2.3,2.35
15918,2021-01-28 11:21:00,2.3,2.35,2.3,2.35,2000,289000,3.6,2.3,2.35
15919,2021-01-28 11:22:00,2.3,2.3,2.25,2.25,1000,289000,3.59,2.25,2.3
15920,2021-01-28 11:23:00,2.3,2.3,2.2,2.2,4150,289825,3.59,2.2,2.25
15921,2021-01-28 11:24:00,2.2,2.25,2.15,2.15,7050,289825,3.58,2.1,2.2
15922,2021-01-28 11:25:00,2.2,2.25,2.2,2.25,2350,289825,3.58,2.2,2.3
15923,2021-01-28 11:26:00,2.2,2.2,2.05,2.1,5150,289825,3.57,2.05,2.15
15924,2021-01-28 11:27:00,2.05,2.1,2.0,2.1,7925,291050,3.56,2.05,2.1
15925,2021-01-28 11:28:00,2.05,2.1,2.05,2.1,3000,291050,3.56,2.0,2.05
15926,2021-01-28 11:29:00,2.05,2.05,2.0,2.0,3500,291050,3.55,2.0,2.05
15927,2021-01-28 11:30:00,2.05,2.05,1.9,2.0,2775,290000,3.55,1.9,2.0
15928,2021-01-28 11:31:00,1.95,1.95,1.9,1.95,4525,290000,3.54,1.9,1.95
15929,2021-01-28 11:32:00,1.9,1.95,1.85,1.85,2600,294450,3.54,1.85,1.9
15930,2021-01-28 11:33:00,1.9,2.0,1.85,1.9,5575,294450,3.53,1.85,1.9
15931,2021-01-28 11:34:00,1.85,1.85,1.75,1.85,3900,294450,3.52,1.85,1.9
15932,2021-01-28 11:35:00,1.9,1.9,1.75,1.85,2450,294450,3.52,1.8,1.85
15933,2021-01-28 11:36:00,1.8,1.85,1.75,1.8,3575,292125,3.51,1.75,1.85
15934,2021-01-28 11:37:00,1.75,1.85,1.75,1.8,2325,292125,3.51,1.8,1.85
15935,2021-01-28 11:38:00,1.8,1.85,1.75,1.8,5200,292125,3.5,1.75,1.8
15936,2021-01-28 11:39:00,1.75,1.8,1.75,1.8,1275,295725,3.5,1.75,1.8
15937,2021-01-28 11:40:00,1.75,1.75,1.7,1.7,975,295725,3.5,1.7,1.75
15938,2021-01-28 11:41:00,1.75,1.75,1.65,1.7,6800,295725,3.49,1.65,1.7
15939,2021-01-28 11:42:00,1.7,1.8,1.65,1.7,3850,296925,3.48,1.65,1.7
15940,2021-01-28 11:43:00,1.65,1.7,1.6,1.7,3075,296925,3.48,1.6,1.65
15941,2021-01-28 11:44:00,1.65,1.65,1.55,1.65,3925,296925,3.47,1.6,1.7
15942,2021-01-28 11:45:00,1.65,1.65,1.6,1.65,3100,295350,3.47,1.6,1.65
15943,2021-01-28 11:46:00,1.65,1.65,1.6,1.6,1625,295350,3.46,1.55,1.6
15944,2021-01-28 11:47:00,1.6,1.6,1.5,1.6,4475,295350,3.46,1.55,1.6
15945,2021-01-28 11:48:00,1.55,1.6,1.55,1.6,1150,296450,3.45,1.55,1.65
15946,2021-01-28 11:49:00,1.6,1.65,1.6,1.6,400,296450,3.45,1.55,1.65
15947,2021-01-28 11:50:00,1.6,1.65,1.55,1.55,2650,296450,3.45,1.5,1.55
15948,2021-01-28 11:51:00,1.55,1.55,1.45,1.55,3125,305400,3.44,1.5,1.55
15949,2021-01-28 11:52:00,1.55,1.6,1.55,1.55,1650,305400,3.44,1.55,1.6
15950,2021-01-28 11:53:00,1.55,1.6,1.55,1.55,1750,305400,3.44,1.55,1.6
15951,2021-01-28 11:54:00,1.55,1.6,1.5,1.5,2450,313500,3.43,1.5,1.55
15952,2021-01-28 11:55:00,1.5,1.55,1.5,1.5,300,313500,3.43,1.5,1.55
15953,2021-01-28 11:56:00,1.5,1.5,1.45,1.5,3000,313500,3.43,1.45,1.5
15954,2021-01-28 11:57:00,1.45,1.5,1.45,1.5,1350,312475,3.43,1.45,1.5
15955,2021-01-28 11:58:00,1.5,1.55,1.45,1.55,1100,312475,3.42,1.5,1.6
15956,2021-01-28 11:59:00,1.55,1.65,1.55,1.55,2450,312475,3.42,1.55,1.6
15957,2021-01-28 12:00:00,1.55,1.6,1.55,1.55,4100,310300,3.41,1.55,1.65
15958,2021-01-28 12:01:00,1.6,1.65,1.5,1.55,7600,310300,3.4,1.55,1.6
15959,2021-01-28 12:02:00,1.55,1.6,1.5,1.55,2975,310300,3.4,1.5,1.55
15960,2021-01-28 12:03:00,1.55,1.55,1.45,1.45,4450,297900,3.39,1.45,1.5
15961,2021-01-28 12:04:00,1.5,1.55,1.45,1.5,9275,297900,3.38,1.5,1.55
15962,2021-01-28 12:05:00,1.5,1.55,1.45,1.5,5125,297900,3.37,1.45,1.55
15963,2021-01-28 12:06:00,1.5,1.55,1.45,1.45,725,294225,3.37,1.45,1.5
15964,2021-01-28 12:07:00,1.55,1.55,1.5,1.55,5650,294225,3.36,1.5,1.55
15965,2021-01-28 12:08:00,1.5,1.5,1.45,1.45,2375,294225,3.35,1.45,1.5
15966,2021-01-28 12:09:00,1.5,1.5,1.4,1.45,5725,294650,3.35,1.45,1.5
15967,2021-01-28 12:10:00,1.5,1.5,1.5,1.5,550,294650,3.35,1.45,1.5
15968,2021-01-28 12:11:00,1.45,1.5,1.45,1.45,2475,294650,3.34,1.45,1.5
15969,2021-01-28 12:12:00,1.45,1.5,1.45,1.5,2825,290925,3.34,1.45,1.5
15970,2021-01-28 12:13:00,1.45,1.45,1.4,1.45,4975,290925,3.33,1.45,1.5
15971,2021-01-28 12:14:00,1.45,1.6,1.4,1.45,7275,290925,3.32,1.45,1.55
15972,2021-01-28 12:15:00,1.45,1.5,1.4,1.5,3775,291675,3.31,1.4,1.5
15973,2021-01-28 12:16:00,1.5,1.8,1.45,1.65,13000,291675,3.3,1.65,1.7
15974,2021-01-28 12:17:00,1.7,1.75,1.55,1.65,2875,291675,3.29,1.6,1.7
15975,2021-01-28 12:18:00,1.6,1.7,1.6,1.65,5200,292575,3.29,1.65,1.7
15976,2021-01-28 12:19:00,1.65,1.65,1.6,1.65,1875,292575,3.28,1.55,1.6
15977,2021-01-28 12:20:00,1.6,1.65,1.55,1.55,650,292575,3.28,1.55,1.6
15978,2021-01-28 12:21:00,1.6,1.65,1.55,1.65,2600,291375,3.28,1.6,1.65
15979,2021-01-28 12:22:00,1.65,1.8,1.65,1.75,3725,291375,3.27,1.75,1.8
15980,2021-01-28 12:23:00,1.75,1.85,1.7,1.8,2850,291375,3.27,1.75,1.8
15981,2021-01-28 12:24:00,1.85,1.9,1.75,1.85,4325,289650,3.27,1.75,1.8
15982,2021-01-28 12:25:00,1.75,1.8,1.75,1.8,1825,289650,3.26,1.75,1.85
15983,2021-01-28 12:26:00,1.85,1.85,1.75,1.75,4125,289650,3.26,1.7,1.75
15984,2021-01-28 12:27:00,1.65,1.7,1.45,1.5,6875,291050,3.25,1.5,1.55
15985,2021-01-28 12:28:00,1.5,1.55,1.5,1.5,7425,291050,3.24,1.5,1.55
15986,2021-01-28 12:29:00,1.55,1.55,1.35,1.35,3800,291050,3.24,1.35,1.4
15987,2021-01-28 12:30:00,1.35,1.45,1.35,1.45,2400,293075,3.23,1.4,1.45
15988,2021-01-28 12:31:00,1.4,1.45,1.4,1.45,450,293075,3.23,1.4,1.45
15989,2021-01-28 12:32:00,1.4,1.45,1.4,1.45,1225,293075,3.23,1.4,1.45
15990,2021-01-28 12:33:00,1.45,1.45,1.35,1.4,5000,292050,3.22,1.4,1.45
15991,2021-01-28 12:34:00,1.4,1.45,1.35,1.4,6750,292050,3.21,1.35,1.4
15992,2021-01-28 12:35:00,1.4,1.5,1.2,1.35,9925,292050,3.2,1.35,1.4
15993,2021-01-28 12:36:00,1.4,1.4,1.35,1.35,4600,291325,3.19,1.3,1.35
15994,2021-01-28 12:37:00,1.3,1.3,1.25,1.3,3500,291325,3.19,1.25,1.3
15995,2021-01-28 12:38:00,1.3,1.4,1.3,1.35,5025,291325,3.18,1.35,1.4
15996,2021-01-28 12:39:00,1.4,1.4,1.35,1.4,3450,289800,3.18,1.4,1.45
15997,2021-01-28 12:40:00,1.4,1.45,1.4,1.4,6250,289800,3.17,1.4,1.45
15998,2021-01-28 12:41:00,1.45,1.55,1.45,1.55,2950,289800,3.17,1.5,1.55
15999,2021-01-28 12:42:00,1.5,1.55,1.45,1.45,1775,289075,3.16,1.45,1.5
16000,2021-01-28 12:43:00,1.45,1.45,1.45,1.45,1925,289075,3.16,1.4,1.5
16001,2021-01-28 12:44:00,1.45,1.5,1.4,1.4,3000,289075,3.16,1.4,1.5
16002,2021-01-28 12:45:00,1.45,1.45,1.4,1.45,4350,288150,3.15,1.45,1.5
16003,2021-01-28 12:46:00,1.5,1.5,1.4,1.4,1575,288150,3.15,1.4,1.45
16004,2021-01-28 12:47:00,1.4,1.45,1.4,1.4,3225,288150,3.15,1.4,1.5
16005,2021-01-28 12:48:00,1.4,1.45,1.4,1.45,3700,288050,3.14,1.4,1.45
16006,2021-01-28 12:49:00,1.45,1.45,1.35,1.35,2175,288050,3.14,1.3,1.35
16007,2021-01-28 12:50:00,1.3,1.35,1.25,1.35,5750,288050,3.13,1.25,1.35
16008,2021-01-28 12:51:00,1.3,1.35,1.3,1.3,975,286925,3.13,1.3,1.35
16009,2021-01-28 12:52:00,1.3,1.4,1.3,1.35,1850,286925,3.13,1.35,1.4
16010,2021-01-28 12:53:00,1.4,1.4,1.35,1.35,1625,286925,3.12,1.35,1.4
16011,2021-01-28 12:54:00,1.4,1.4,1.4,1.4,925,287725,3.12,1.4,1.5
16012,2021-01-28 12:55:00,1.4,1.45,1.4,1.45,100,287725,3.12,1.45,1.5
16013,2021-01-28 12:56:00,1.5,1.5,1.4,1.45,3750,287725,3.12,1.4,1.45
16014,2021-01-28 12:57:00,1.45,1.45,1.4,1.45,2250,288900,3.12,1.4,1.5
16015,2021-01-28 12:58:00,1.45,1.45,1.4,1.4,625,288900,3.12,1.4,1.45
16016,2021-01-28 12:59:00,1.4,1.4,1.4,1.4,100,288900,3.12,1.4,1.45
16017,2021-01-28 13:00:00,1.4,1.45,1.4,1.4,225,288125,3.12,1.4,1.5
16018,2021-01-28 13:01:00,1.4,1.55,1.4,1.55,3450,288125,3.11,1.5,1.6
16019,2021-01-28 13:02:00,1.55,1.6,1.55,1.6,1925,288125,3.11,1.55,1.65
16020,2021-01-28 13:03:00,1.55,1.6,1.5,1.55,4000,290175,3.1,1.5,1.55
16021,2021-01-28 13:04:00,1.55,1.55,1.45,1.45,1050,290175,3.1,1.4,1.5
16022,2021-01-28 13:05:00,1.5,1.5,1.45,1.5,850,290175,3.1,1.4,1.5
16023,2021-01-28 13:06:00,1.4,1.5,1.4,1.5,4800,291750,3.1,1.45,1.55
16024,2021-01-28 13:07:00,1.55,1.55,1.45,1.45,900,291750,3.1,1.45,1.5
16025,2021-01-28 13:08:00,1.4,1.5,1.4,1.5,725,291750,3.1,1.45,1.55
16026,2021-01-28 13:09:00,1.5,1.55,1.5,1.5,350,289350,3.09,1.45,1.55
16027,2021-01-28 13:10:00,1.55,1.55,1.45,1.45,1575,289350,3.09,1.45,1.55
16028,2021-01-28 13:11:00,1.45,1.45,1.45,1.45,225,289350,3.09,1.4,1.5
16029,2021-01-28 13:12:00,1.4,1.5,1.4,1.45,375,289375,3.09,1.4,1.45
16030,2021-01-28 13:13:00,1.45,1.45,1.4,1.45,1475,289375,3.09,1.35,1.45
16031,2021-01-28 13:14:00,1.45,1.5,1.4,1.45,4000,289375,3.09,1.4,1.45
16032,2021-01-28 13:15:00,1.45,1.5,1.4,1.4,6200,289750,3.08,1.45,1.5
16033,2021-01-28 13:16:00,1.5,1.5,1.4,1.4,850,289750,3.08,1.35,1.45
16034,2021-01-28 13:17:00,1.45,1.5,1.35,1.45,525,289750,3.08,1.4,1.5
16035,2021-01-28 13:18:00,1.45,1.45,1.4,1.45,550,288500,3.08,1.4,1.45
16036,2021-01-28 13:19:00,1.4,1.4,1.35,1.35,900,288500,3.08,1.35,1.4
16037,2021-01-28 13:20:00,1.4,1.45,1.4,1.45,3200,288500,3.07,1.4,1.45
16038,2021-01-28 13:21:00,1.45,1.5,1.45,1.5,3075,288900,3.07,1.4,1.5
16039,2021-01-28 13:22:00,1.5,1.6,1.5,1.55,1925,288900,3.07,1.5,1.55
16040,2021-01-28 13:23:00,1.55,1.55,1.5,1.5,275,288900,3.07,1.5,1.55
16041,2021-01-28 13:24:00,1.6,1.6,1.55,1.55,2825,289475,3.06,1.5,1.6
16042,2021-01-28 13:25:00,1.55,1.55,1.45,1.45,2550,289475,3.06,1.45,1.5
16043,2021-01-28 13:26:00,1.45,1.6,1.4,1.6,2175,289475,3.06,1.5,1.6
16044,2021-01-28 13:27:00,1.6,1.6,1.55,1.55,1050,290575,3.06,1.5,1.6
16045,2021-01-28 13:28:00,1.65,1.7,1.6,1.65,4275,290575,3.05,1.65,1.75
16046,2021-01-28 13:29:00,1.65,1.8,1.65,1.65,2575,290575,3.05,1.65,1.7
16047,2021-01-28 13:30:00,1.7,1.95,1.7,1.95,11075,287650,3.04,1.85,1.95
16048,2021-01-28 13:31:00,1.95,1.95,1.75,1.75,8000,287650,3.03,1.65,1.75
16049,2021-01-28 13:32:00,1.75,1.75,1.55,1.55,6250,287650,3.03,1.5,1.55
16050,2021-01-28 13:33:00,1.5,1.5,1.45,1.45,2850,286775,3.03,1.4,1.45
16051,2021-01-28 13:34:00,1.5,1.5,1.4,1.5,3600,286775,3.02,1.45,1.5
16052,2021-01-28 13:35:00,1.45,1.5,1.45,1.45,750,286775,3.02,1.45,1.5
16053,2021-01-28 13:36:00,1.45,1.5,1.45,1.45,375,287025,3.02,1.4,1.45
16054,2021-01-28 13:37:00,1.45,1.45,1.4,1.45,1725,287025,3.02,1.4,1.45
16055,2021-01-28 13:38:00,1.45,1.5,1.4,1.5,2825,287025,3.02,1.45,1.55
16056,2021-01-28 13:39:00,1.45,1.55,1.45,1.5,675,287075,3.02,1.45,1.55
16057,2021-01-28 13:40:00,1.55,1.55,1.5,1.5,1275,287075,3.01,1.5,1.55
16058,2021-01-28 13:41:00,1.5,1.6,1.5,1.6,3550,287075,3.01,1.55,1.6
16059,2021-01-28 13:42:00,1.65,1.65,1.55,1.6,1000,288925,3.01,1.55,1.65
16060,2021-01-28 13:43:00,1.55,1.55,1.5,1.55,5150,288925,3.01,1.5,1.6
16061,2021-01-28 13:44:00,1.55,1.65,1.5,1.6,6950,288925,3.0,1.55,1.65
16062,2021-01-28 13:45:00,1.55,1.75,1.55,1.7,5400,288575,2.99,1.65,1.75
16063,2021-01-28 13:46:00,1.75,1.85,1.65,1.65,5400,288575,2.99,1.65,1.7
16064,2021-01-28 13:47:00,1.65,1.7,1.55,1.55,4125,288575,2.99,1.55,1.6
16065,2021-01-28 13:48:00,1.6,1.65,1.45,1.45,6125,289775,2.98,1.4,1.45
16066,2021-01-28 13:49:00,1.45,1.5,1.4,1.4,2025,289775,2.98,1.4,1.45
16067,2021-01-28 13:50:00,1.4,1.45,1.35,1.45,3925,289775,2.97,1.4,1.45
16068,2021-01-28 13:51:00,1.45,1.45,1.35,1.35,1500,290400,2.97,1.35,1.4
16069,2021-01-28 13:52:00,1.35,1.4,1.35,1.4,2125,290400,2.97,1.35,1.4
16070,2021-01-28 13:53:00,1.4,1.4,1.4,1.4,1500,290400,2.97,1.4,1.45
16071,2021-01-28 13:54:00,1.35,1.5,1.35,1.35,2375,290925,2.97,1.35,1.4
16072,2021-01-28 13:55:00,1.35,1.4,1.25,1.35,2750,290925,2.96,1.3,1.35
16073,2021-01-28 13:56:00,1.35,1.35,1.15,1.2,9250,290925,2.95,1.2,1.25
16074,2021-01-28 13:57:00,1.25,1.25,1.15,1.2,3550,290900,2.95,1.15,1.25
16075,2021-01-28 13:58:00,1.2,1.2,1.1,1.1,50,290900,2.95,1.15,1.2
16076,2021-01-28 13:59:00,1.2,1.2,1.15,1.2,1575,290900,2.95,1.15,1.2
16077,2021-01-28 14:00:00,1.2,1.2,1.05,1.1,4200,290150,2.94,1.05,1.1
16078,2021-01-28 14:01:00,1.05,1.05,1.0,1.05,5975,290150,2.93,1.0,1.05
16079,2021-01-28 14:02:00,1.1,1.1,1.05,1.1,5225,290150,2.93,1.05,1.1
16080,2021-01-28 14:03:00,1.1,1.1,1.05,1.1,1400,288975,2.93,1.05,1.1
16081,2021-01-28 14:04:00,1.1,1.1,1.0,1.0,1600,288975,2.93,1.0,1.1
16082,2021-01-28 14:05:00,1.05,1.2,1.05,1.1,1275,288975,2.92,1.1,1.2
16083,2021-01-28 14:06:00,1.15,1.2,1.1,1.1,1700,288975,2.92,1.1,1.15
16084,2021-01-28 14:07:00,1.15,1.15,1.1,1.1,2775,288975,2.92,1.1,1.2
16085,2021-01-28 14:08:00,1.15,1.15,1.15,1.15,1150,288975,2.92,1.15,1.2
16086,2021-01-28 14:09:00,1.15,1.15,1.1,1.15,2800,287400,2.91,1.1,1.15
16087,2021-01-28 14:10:00,1.1,1.1,1.05,1.05,2225,287400,2.91,1.05,1.1
16088,2021-01-28 14:11:00,1.05,1.1,1.05,1.05,3200,287400,2.91,1.05,1.15
16089,2021-01-28 14:12:00,1.05,1.1,0.9,1.1,5650,286775,2.9,1.05,1.1
16090,2021-01-28 14:13:00,1.05,1.15,1.0,1.1,11625,286775,2.89,1.05,1.1
16091,2021-01-28 14:14:00,1.1,1.1,1.05,1.05,600,286775,2.89,1.05,1.1
16092,2021-01-28 14:15:00,1.05,1.15,1.05,1.15,1900,285700,2.89,1.05,1.15
16093,2021-01-28 14:16:00,1.05,1.1,1.0,1.0,2275,285700,2.88,1.0,1.05
16094,2021-01-28 14:17:00,1.0,1.1,1.0,1.05,1975,285700,2.88,1.05,1.1
16095,2021-01-28 14:18:00,1.05,1.1,1.0,1.05,4925,284725,2.87,1.0,1.05
16096,2021-01-28 14:19:00,1.05,1.05,0.95,1.0,1000,284725,2.87,0.95,1.05
16097,2021-01-28 14:20:00,1.0,1.05,0.95,1.0,8775,284725,2.86,0.95,1.0
16098,2021-01-28 14:21:00,1.0,1.05,0.95,1.05,1250,284550,2.86,0.95,1.0
16099,2021-01-28 14:22:00,1.0,1.05,0.85,0.95,1075,284550,2.86,0.9,1.0
16100,2021-01-28 14:23:00,0.95,1.0,0.85,0.95,2725,284550,2.86,0.95,1.0
16101,2021-01-28 14:24:00,0.95,0.95,0.9,0.95,1300,284500,2.86,0.9,0.95
16102,2021-01-28 14:25:00,0.9,0.95,0.9,0.95,1625,284500,2.85,0.9,0.95
16103,2021-01-28 14:26:00,0.95,1.0,0.85,0.85,3075,284500,2.85,0.85,0.95
16104,2021-01-28 14:27:00,0.95,0.95,0.8,0.8,4825,284500,2.85,0.75,0.8
16105,2021-01-28 14:28:00,0.7,0.8,0.65,0.8,4625,283450,2.84,0.8,0.85
16106,2021-01-28 14:29:00,0.8,0.8,0.75,0.75,4925,283450,2.83,0.75,0.8
16107,2021-01-28 14:30:00,0.75,0.8,0.7,0.75,7175,283225,2.82,0.7,0.8
16108,2021-01-28 14:31:00,0.7,0.8,0.7,0.75,2650,283225,2.82,0.7,0.8
16109,2021-01-28 14:32:00,0.75,0.75,0.7,0.75,4125,283225,2.82,0.7,0.75
16110,2021-01-28 14:33:00,0.75,0.8,0.7,0.7,4675,283600,2.81,0.65,0.75
16111,2021-01-28 14:34:00,0.75,0.75,0.65,0.7,925,283600,2.81,0.7,0.8
16112,2021-01-28 14:35:00,0.7,0.75,0.65,0.7,2725,283600,2.81,0.65,0.7
16113,2021-01-28 14:36:00,0.7,0.7,0.65,0.7,2050,283525,2.8,0.65,0.75
16114,2021-01-28 14:37:00,0.7,0.75,0.65,0.65,1525,283525,2.8,0.65,0.7
16115,2021-01-28 14:38:00,0.65,0.7,0.65,0.65,2675,283525,2.8,0.65,0.7
16116,2021-01-28 14:39:00,0.65,0.7,0.6,0.65,8425,282850,2.79,0.6,0.65
16117,2021-01-28 14:40:00,0.65,0.65,0.6,0.6,1475,282850,2.78,0.6,0.65
16118,2021-01-28 14:41:00,0.6,0.6,0.55,0.6,3025,282850,2.78,0.55,0.6
16119,2021-01-28 14:42:00,0.55,0.55,0.55,0.55,4800,282675,2.77,0.5,0.55
16120,2021-01-28 14:43:00,0.5,0.55,0.45,0.55,375,282675,2.77,0.5,0.55
16121,2021-01-28 14:44:00,0.5,0.55,0.45,0.5,7950,282675,2.76,0.45,0.5
16122,2021-01-28 14:45:00,0.45,0.5,0.45,0.45,350,282100,2.76,0.45,0.5
16123,2021-01-28 14:46:00,0.5,0.5,0.4,0.5,4225,282100,2.76,0.45,0.5
16124,2021-01-28 14:47:00,0.5,0.5,0.4,0.4,1450,282100,2.76,0.4,0.45
16125,2021-01-28 14:48:00,0.4,0.4,0.35,0.4,3600,282100,2.75,0.35,0.4
16126,2021-01-28 14:49:00,0.35,0.4,0.35,0.35,5550,281250,2.74,0.35,0.4
16127,2021-01-28 14:50:00,0.35,0.35,0.3,0.3,7000,281250,2.73,0.3,0.4
16128,2021-01-28 14:51:00,0.3,0.35,0.3,0.3,2500,282525,2.73,0.3,0.35
16129,2021-01-28 14:52:00,0.3,0.35,0.3,0.3,4175,282525,2.72,0.3,0.35
16130,2021-01-28 14:53:00,0.35,0.35,0.25,0.3,9650,282525,2.71,0.25,0.35
16131,2021-01-28 14:54:00,0.3,0.3,0.25,0.3,1650,279450,2.71,0.25,0.35
16132,2021-01-28 14:55:00,0.25,0.35,0.25,0.3,3775,279450,2.7,0.3,0.35
16133,2021-01-28 14:56:00,0.3,0.35,0.25,0.3,5125,279450,2.7,0.3,0.35
16134,2021-01-28 14:57:00,0.3,0.35,0.25,0.3,6750,279100,2.69,0.3,0.35
16135,2021-01-28 14:58:00,0.3,0.35,0.25,0.25,2300,279100,2.68,0.25,0.35
16136,2021-01-28 14:59:00,0.25,0.35,0.25,0.25,725,279100,2.68,0.25,0.35
16137,2021-01-28 15:00:00,0.35,0.35,0.25,0.3,3300,277350,2.68,0.25,0.35
16138,2021-01-28 15:01:00,0.3,0.65,0.25,0.55,50750,277350,2.62,0.5,0.55
16139,2021-01-28 15:02:00,0.55,0.6,0.5,0.55,10750,277350,2.61,0.5,0.6
16140,2021-01-28 15:03:00,0.6,0.7,0.45,0.45,11275,274525,2.59,0.45,0.5
16141,2021-01-28 15:04:00,0.5,0.5,0.35,0.35,6175,274525,2.59,0.35,0.45
16142,2021-01-28 15:05:00,0.35,0.4,0.35,0.4,8000,274525,2.58,0.4,0.45
16143,2021-01-28 15:06:00,0.45,0.45,0.35,0.45,3325,275000,2.57,0.35,0.4
16144,2021-01-28 15:07:00,0.45,0.45,0.35,0.45,2400,275000,2.57,0.4,0.45
16145,2021-01-28 15:08:00,0.45,0.55,0.45,0.45,16875,275000,2.55,0.45,0.5
16146,2021-01-28 15:09:00,0.45,0.55,0.4,0.45,9975,276175,2.54,0.4,0.5
16147,2021-01-28 15:10:00,0.35,0.5,0.25,0.3,6475,276175,2.53,0.25,0.35
16148,2021-01-28 15:11:00,0.3,0.3,0.25,0.3,2200,276175,2.53,0.25,0.35
16149,2021-01-28 15:12:00,0.25,0.3,0.25,0.25,4000,275475,2.53,0.25,0.3
16150,2021-01-28 15:13:00,0.25,0.25,0.25,0.25,1175,275475,2.52,0.25,0.3
16151,2021-01-28 15:14:00,0.25,0.3,0.2,0.25,6550,275475,2.52,0.2,0.25
16152,2021-01-28 15:15:00,0.25,0.35,0.25,0.3,3700,275475,2.51,0.25,0.3
16153,2021-01-28 15:16:00,0.25,0.3,0.2,0.2,2450,276025,2.51,0.2,0.25
16154,2021-01-28 15:17:00,0.2,0.25,0.2,0.25,6600,276025,2.5,0.2,0.25
16155,2021-01-28 15:18:00,0.25,0.25,0.2,0.25,1125,276025,2.5,0.2,0.3
16156,2021-01-28 15:19:00,0.2,0.3,0.2,0.3,875,275475,2.5,0.2,0.3
16157,2021-01-28 15:20:00,0.2,0.3,0.2,0.25,1600,275475,2.5,0.25,0.3
16158,2021-01-28 15:21:00,0.3,0.3,0.2,0.25,2025,275475,2.5,0.2,0.25
16159,2021-01-28 15:22:00,0.25,0.3,0.2,0.2,8600,277500,2.49,0.2,0.25
16160,2021-01-28 15:23:00,0.2,0.25,0.2,0.25,2550,277500,2.48,0.2,0.25
16161,2021-01-28 15:24:00,0.25,0.25,0.2,0.2,9450,277500,2.47,0.2,0.25
16162,2021-01-28 15:25:00,0.2,0.25,0.15,0.15,6500,280775,2.46,0.15,0.25
16163,2021-01-28 15:26:00,0.15,0.2,0.1,0.15,15000,280775,2.45,0.1,0.15
16164,2021-01-28 15:27:00,0.15,0.2,0.1,0.1,6600,280775,2.44,0.1,0.2
16165,2021-01-28 15:28:00,0.1,0.2,0.1,0.15,4675,280500,2.43,0.1,0.2
16166,2021-01-28 15:29:00,0.1,0.2,0.1,0.15,4675,280500,2.43,0.1,0.2
16167,2021-01-28 15:30:00,0.15,0.2,0.1,0.1,7450,280500,2.42,0.1,0.2
16168,2021-01-28 09:15:00,3.95,4.25,2.3,4.0,73375,289825,3.56,3.85,4.0
16169,2021-01-28 09:16:00,3.95,4.7,3.95,4.1,55850,289825,3.86,4.1,4.15
16170,2021-01-28 09:17:00,4.15,4.2,3.85,4.0,41050,294775,3.91,4.0,4.1
16171,2021-01-28 09:18:00,4.1,4.15,3.8,4.0,29500,294775,3.92,3.95,4.05
16172,2021-01-28 09:19:00,3.9,4.0,3.8,3.8,14875,294775,3.92,3.75,3.85
16173,2021-01-28 09:20:00,3.8,3.95,3.7,3.9,25650,296400,3.91,3.8,3.9
16174,2021-01-28 09:21:00,3.9,3.9,3.75,3.8,14100,296400,3.9,3.7,3.8
16175,2021-01-28 09:22:00,3.8,3.85,3.45,3.45,17275,296400,3.88,3.45,3.55
16176,2021-01-28 09:23:00,3.4,3.5,3.25,3.4,11425,308300,3.86,3.35,3.4
16177,2021-01-28 09:24:00,3.35,3.4,3.25,3.25,12550,308300,3.84,3.25,3.35
16178,2021-01-28 09:25:00,3.25,3.5,3.2,3.45,11425,308300,3.82,3.4,3.5
16179,2021-01-28 09:26:00,3.4,3.45,3.3,3.35,9675,302600,3.81,3.3,3.4
16180,2021-01-28 09:27:00,3.4,3.6,3.35,3.5,17800,302600,3.79,3.5,3.55
16181,2021-01-28 09:28:00,3.55,3.65,3.45,3.5,19875,302600,3.78,3.45,3.55
16182,2021-01-28 09:29:00,3.45,3.6,3.45,3.5,8325,300875,3.77,3.5,3.6
16183,2021-01-28 09:30:00,3.5,3.6,3.5,3.55,8075,300875,3.77,3.5,3.6
16184,2021-01-28 09:31:00,3.55,3.6,3.45,3.6,9600,300875,3.76,3.6,3.65
16185,2021-01-28 09:32:00,3.6,3.7,3.55,3.65,9650,297525,3.76,3.6,3.7
16186,2021-01-28 09:33:00,3.6,3.8,3.6,3.75,8825,297525,3.75,3.75,3.8
16187,2021-01-28 09:34:00,3.7,3.85,3.65,3.7,4650,297525,3.75,3.7,3.8
16188,2021-01-28 09:35:00,3.7,3.85,3.7,3.85,8350,295725,3.75,3.75,3.9
16189,2021-01-28 09:36:00,4.05,4.2,3.9,4.1,17600,295725,3.77,4.1,4.2
16190,2021-01-28 09:37:00,4.3,4.55,4.25,4.3,21300,295725,3.79,4.25,4.35
16191,2021-01-28 09:38:00,4.3,4.75,4.3,4.5,22125,295275,3.83,4.5,4.6
16192,2021-01-28 09:39:00,4.5,4.8,4.45,4.65,20575,295275,3.86,4.6,4.65
16193,2021-01-28 09:40:00,4.6,4.75,4.5,4.55,10050,295275,3.88,4.5,4.55
16194,2021-01-28 09:41:00,4.5,4.55,4.25,4.4,12500,289825,3.89,4.35,4.45
16195,2021-01-28 09:42:00,4.45,4.45,4.2,4.35,7025,289825,3.9,4.25,4.35
16196,2021-01-28 09:43:00,4.25,4.35,4.2,4.25,5825,289825,3.9,4.2,4.3
16197,2021-01-28 09:44:00,4.2,4.45,4.2,4.3,7525,290300,3.91,4.25,4.35
16198,2021-01-28 09:45:00,4.3,4.55,4.2,4.4,18025,290300,3.92,4.35,4.45
16199,2021-01-28 09:46:00,4.45,4.5,4.25,4.35,11250,290300,3.93,4.25,4.35
16200,2021-01-28 09:47:00,4.25,4.35,4.15,4.15,5725,281325,3.93,4.15,4.25
16201,2021-01-28 09:48:00,4.15,4.3,4.0,4.0,8925,281325,3.94,4.0,4.1
16202,2021-01-28 09:49:00,4.0,4.15,4.0,4.1,8325,281325,3.94,4.05,4.1
16203,2021-01-28 09:50:00,4.1,4.25,4.05,4.15,9525,278200,3.94,4.1,4.2
16204,2021-01-28 09:51:00,4.1,4.25,4.1,4.2,12650,278200,3.95,4.2,4.25
16205,2021-01-28 09:52:00,4.2,4.3,4.15,4.2,11500,278200,3.95,4.2,4.25
16206,2021-01-28 09:53:00,4.2,4.25,4.15,4.25,6425,278175,3.96,4.2,4.3
16207,2021-01-28 09:54:00,4.2,4.25,4.1,4.15,6675,278175,3.96,4.1,4.15
16208,2021-01-28 09:55:00,4.05,4.1,3.65,3.8,17825,278175,3.96,3.75,3.85
16209,2021-01-28 09:56:00,3.8,3.9,3.75,3.85,6800,281950,3.95,3.85,3.9
16210,2021-01-28 09:57:00,3.9,3.9,3.7,3.7,1750,281950,3.95,3.7,3.8
16211,2021-01-28 09:58:00,3.75,3.8,3.6,3.6,5475,281950,3.95,3.6,3.7
16212,2021-01-28 09:59:00,3.7,3.7,3.55,3.55,1950,280400,3.95,3.55,3.6
16213,2021-01-28 10:00:00,3.6,3.65,3.55,3.65,2350,280400,3.95,3.6,3.7
16214,2021-01-28 10:01:00,3.65,3.7,3.55,3.65,8575,280400,3.95,3.65,3.7
16215,2021-01-28 10:02:00,3.65,3.7,3.55,3.55,3150,281025,3.94,3.55,3.6
16216,2021-01-28 10:03:00,3.55,3.65,3.55,3.55,5100,281025,3.94,3.55,3.6
16217,2021-01-28 10:04:00,3.55,3.65,3.55,3.55,7400,281025,3.94,3.55,3.65
16218,2021-01-28 10:05:00,3.6,3.75,3.6,3.65,7300,281075,3.93,3.55,3.65
16219,2021-01-28 10:06:00,3.65,3.7,3.55,3.7,3350,281075,3.93,3.6,3.7
16220,2021-01-28 10:07:00,3.7,3.75,3.65,3.7,3850,281075,3.93,3.65,3.75
16221,2021-01-28 10:08:00,3.7,3.75,3.65,3.75,1700,283550,3.93,3.65,3.75
16222,2021-01-28 10:09:00,3.65,3.75,3.65,3.7,2250,283550,3.93,3.65,3.75
16223,2021-01-28 10:10:00,3.65,3.7,3.6,3.65,3150,283550,3.93,3.6,3.65
16224,2021-01-28 10:11:00,3.65,3.7,3.6,3.7,6075,279350,3.93,3.6,3.7
16225,2021-01-28 10:12:00,3.6,3.75,3.6,3.75,850,279350,3.93,3.65,3.75
16226,2021-01-28 10:13:00,3.65,3.75,3.65,3.65,1450,279350,3.92,3.65,3.75
16227,2021-01-28 10:14:00,3.75,3.75,3.6,3.65,3900,282350,3.92,3.55,3.65
16228,2021-01-28 10:15:00,3.65,3.9,3.6,3.9,5225,282350,3.92,3.85,3.95
16229,2021-01-28 10:16:00,3.95,4.3,3.85,4.15,11500,282350,3.92,4.0,4.15
16230,2021-01-28 10:17:00,4.0,4.1,4.0,4.05,3875,287300,3.93,4.0,4.05
16231,2021-01-28 10:18:00,4.05,4.3,3.95,4.05,7975,287300,3.93,3.95,4.0
16232,2021-01-28 10:19:00,3.95,4.05,3.9,3.9,1500,287300,3.93,3.9,4.0
16233,2021-01-28 10:20:00,3.9,4.05,3.85,3.95,8550,292525,3.93,3.9,4.0
16234,2021-01-28 10:21:00,3.9,4.0,3.8,3.8,15725,292525,3.93,3.75,3.8
16235,2021-01-28 10:22:00,3.75,3.8,3.65,3.65,1225,292525,3.93,3.6,3.65
16236,2021-01-28 10:23:00,3.65,3.7,3.6,3.7,1950,292425,3.92,3.65,3.75
16237,2021-01-28 10:24:00,3.8,3.8,3.7,3.7,4375,292425,3.92,3.7,3.75
16238,2021-01-28 10:25:00,3.7,3.7,3.6,3.6,1675,292425,3.92,3.6,3.65
16239,2021-01-28 10:26:00,3.6,3.6,3.5,3.5,3550,291700,3.92,3.5,3.6
16240,2021-01-28 10:27:00,3.5,3.5,3.3,3.3,6725,291700,3.92,3.2,3.3
16241,2021-01-28 10:28:00,3.3,3.3,3.15,3.3,7600,291700,3.91,3.2,3.3
16242,2021-01-28 10:29:00,3.2,3.25,3.0,3.1,5825,296700,3.9,3.05,3.1
16243,2021-01-28 10:30:00,3.1,3.1,2.95,2.95,8125,296700,3.9,2.95,3.05
16244,2021-01-28 10:31:00,3.05,3.1,3.0,3.1,2975,296700,3.89,3.0,3.1
16245,2021-01-28 10:32:00,3.0,3.1,3.0,3.05,2850,296275,3.89,3.0,3.1
16246,2021-01-28 10:33:00,3.0,3.15,3.0,3.15,1625,296275,3.89,3.1,3.15
16247,2021-01-28 10:34:00,3.15,3.15,3.0,3.0,3750,296275,3.88,3.0,3.1
16248,2021-01-28 10:35:00,3.0,3.1,3.0,3.05,3975,293250,3.88,3.0,3.05
16249,2021-01-28 10:36:00,3.05,3.1,3.0,3.0,3050,293250,3.88,3.0,3.1
16250,2021-01-28 10:37:00,3.1,3.1,3.0,3.05,4175,293250,3.87,3.0,3.05
16251,2021-01-28 10:38:00,3.0,3.0,2.85,2.85,10675,292200,3.86,2.85,2.9
16252,2021-01-28 10:39:00,2.9,2.9,2.85,2.85,1775,292200,3.86,2.8,2.85
16253,2021-01-28 10:40:00,2.85,2.85,2.8,2.85,2750,292200,3.86,2.85,2.9
16254,2021-01-28 10:41:00,2.9,2.9,2.85,2.85,3450,290575,3.85,2.85,2.9
16255,2021-01-28 10:42:00,2.85,2.9,2.8,2.8,7200,290575,3.84,2.75,2.8
16256,2021-01-28 10:43:00,2.75,2.85,2.75,2.75,4675,290575,3.84,2.7,2.75
16257,2021-01-28 10:44:00,2.7,2.75,2.6,2.6,2875,290725,3.83,2.6,2.65
16258,2021-01-28 10:45:00,2.65,2.65,2.5,2.65,9275,290725,3.82,2.55,2.65
16259,2021-01-28 10:46:00,2.55,2.6,2.55,2.55,2875,290725,3.82,2.55,2.6
16260,2021-01-28 10:47:00,2.55,2.6,2.45,2.45,4775,287800,3.81,2.45,2.55
16261,2021-01-28 10:48:00,2.45,2.45,2.4,2.4,2400,287800,3.81,2.4,2.45
16262,2021-01-28 10:49:00,2.45,2.45,2.35,2.4,3100,287800,3.8,2.4,2.45
16263,2021-01-28 10:50:00,2.4,2.45,2.4,2.45,3125,287850,3.8,2.4,2.5
16264,2021-01-28 10:51:00,2.4,2.55,2.4,2.5,4900,287850,3.79,2.45,2.55
16265,2021-01-28 10:52:00,2.5,2.5,2.45,2.45,2025,287850,3.79,2.45,2.55
16266,2021-01-28 10:53:00,2.45,2.6,2.45,2.5,4425,287675,3.78,2.5,2.6
16267,2021-01-28 10:54:00,2.5,2.55,2.45,2.45,6250,287675,3.77,2.45,2.5
16268,2021-01-28 10:55:00,2.45,2.5,2.45,2.5,5200,287675,3.77,2.45,2.55
16269,2021-01-28 10:56:00,2.55,2.55,2.45,2.5,3250,291025,3.76,2.45,2.55
16270,2021-01-28 10:57:00,2.55,2.6,2.45,2.45,3575,291025,3.76,2.45,2.55
16271,2021-01-28 10:58:00,2.45,2.55,2.45,2.55,1525,291025,3.75,2.45,2.55
16272,2021-01-28 10:59:00,2.45,2.5,2.4,2.4,2575,287850,3.75,2.4,2.45
16273,2021-01-28 11:00:00,2.45,2.5,2.4,2.5,3150,287850,3.75,2.45,2.5
16274,2021-01-28 11:01:00,2.45,2.5,2.45,2.5,3250,287850,3.74,2.5,2.55
16275,2021-01-28 11:02:00,2.5,2.5,2.4,2.4,7700,289400,3.73,2.4,2.45
16276,2021-01-28 11:03:00,2.4,2.5,2.25,2.4,12700,289400,3.71,2.35,2.4
16277,2021-01-28 11:04:00,2.35,2.5,2.35,2.45,8950,289400,3.7,2.45,2.5
16278,2021-01-28 11:05:00,2.45,2.6,2.45,2.55,7375,289950,3.69,2.5,2.6
16279,2021-01-28 11:06:00,2.6,2.6,2.45,2.5,5475,289950,3.69,2.45,2.55
16280,2021-01-28 11:07:00,2.5,2.5,2.4,2.45,8400,289950,3.68,2.4,2.45
16281,2021-01-28 11:08:00,2.45,2.45,2.4,2.45,6900,288825,3.67,2.4,2.5
16282,2021-01-28 11:09:00,2.5,2.55,2.45,2.5,6350,288825,3.66,2.5,2.55
16283,2021-01-28 11:10:00,2.5,2.55,2.45,2.45,7800,288825,3.65,2.45,2.55
16284,2021-01-28 11:11:00,2.45,2.5,2.4,2.4,7550,288825,3.64,2.35,2.45
16285,2021-01-28 11:12:00,2.35,2.45,2.35,2.4,2425,288200,3.64,2.35,2.4
16286,2021-01-28 11:13:00,2.4,2.4,2.35,2.4,1225,288200,3.64,2.35,2.4
16287,2021-01-28 11:14:00,2.4,2.4,2.35,2.4,1525,287025,3.64,2.35,2.4
16288,2021-01-28 11:15:00,2.35,2.45,2.35,2.35,5625,287025,3.63,2.35,2.45
16289,2021-01-28 11:16:00,2.35,2.4,2.35,2.35,5675,287025,3.62,2.3,2.4
16290,2021-01-28 11:17:00,2.4,2.4,2.3,2.35,8400,286625,3.61,2.35,2.4
16291,2021-01-28 11:18:00,2.35,2.35,2.3,2.3,5325,286625,3.61,2.3,2.35
16292,2021-01-28 11:19:00,2.3,2.35,2.3,2.3,1725,286625,3.6,2.3,2.35
16293,2021-01-28 11:20:00,2.3,2.35,2.3,2.35,4825,286625,3.6,2.3,2.35
16294,2021-01-28 11:21:00,2.3,2.35,2.3,2.35,2000,289000,3.6,2.3,2.35
16295,2021-01-28 11:22:00,2.3,2.3,2.25,2.25,1000,289000,3.59,2.25,2.3
16296,2021-01-28 11:23:00,2.3,2.3,2.2,2.2,4150,289825,3.59,2.2,2.25
16297,2021-01-28 11:24:00,2.2,2.25,2.15,2.15,7050,289825,3.58,2.1,2.2
16298,2021-01-28 11:25:00,2.2,2.25,2.2,2.25,2350,289825,3.58,2.2,2.3
16299,2021-01-28 11:26:00,2.2,2.2,2.05,2.1,5150,289825,3.57,2.05,2.15
16300,2021-01-28 11:27:00,2.05,2.1,2.0,2.1,7925,291050,3.56,2.05,2.1
16301,2021-01-28 11:28:00,2.05,2.1,2.05,2.1,3000,291050,3.56,2.0,2.05
16302,2021-01-28 11:29:00,2.05,2.05,2.0,2.0,3500,291050,3.55,2.0,2.05
16303,2021-01-28 11:30:00,2.05,2.05,1.9,2.0,2775,290000,3.55,1.9,2.0
16304,2021-01-28 11:31:00,1.95,1.95,1.9,1.95,4525,290000,3.54,1.9,1.95
16305,2021-01-28 11:32:00,1.9,1.95,1.85,1.85,2600,294450,3.54,1.85,1.9
16306,2021-01-28 11:33:00,1.9,2.0,1.85,1.9,5575,294450,3.53,1.85,1.9
16307,2021-01-28 11:34:00,1.85,1.85,1.75,1.85,3900,294450,3.52,1.85,1.9
16308,2021-01-28 11:35:00,1.9,1.9,1.75,1.85,2450,294450,3.52,1.8,1.85
16309,2021-01-28 11:36:00,1.8,1.85,1.75,1.8,3575,292125,3.51,1.75,1.85
16310,2021-01-28 11:37:00,1.75,1.85,1.75,1.8,2325,292125,3.51,1.8,1.85
16311,2021-01-28 11:38:00,1.8,1.85,1.75,1.8,5200,292125,3.5,1.75,1.8
16312,2021-01-28 11:39:00,1.75,1.8,1.75,1.8,1275,295725,3.5,1.75,1.8
16313,2021-01-28 11:40:00,1.75,1.75,1.7,1.7,975,295725,3.5,1.7,1.75
16314,2021-01-28 11:41:00,1.75,1.75,1.65,1.7,6800,295725,3.49,1.65,1.7
16315,2021-01-28 11:42:00,1.7,1.8,1.65,1.7,3850,296925,3.48,1.65,1.7
16316,2021-01-28 11:43:00,1.65,1.7,1.6,1.7,3075,296925,3.48,1.6,1.65
16317,2021-01-28 11:44:00,1.65,1.65,1.55,1.65,3925,296925,3.47,1.6,1.7
16318,2021-01-28 11:45:00,1.65,1.65,1.6,1.65,3100,295350,3.47,1.6,1.65
16319,2021-01-28 11:46:00,1.65,1.65,1.6,1.6,1625,295350,3.46,1.55,1.6
16320,2021-01-28 11:47:00,1.6,1.6,1.5,1.6,4475,295350,3.46,1.55,1.6
16321,2021-01-28 11:48:00,1.55,1.6,1.55,1.6,1150,296450,3.45,1.55,1.65
16322,2021-01-28 11:49:00,1.6,1.65,1.6,1.6,400,296450,3.45,1.55,1.65
16323,2021-01-28 11:50:00,1.6,1.65,1.55,1.55,2650,296450,3.45,1.5,1.55
16324,2021-01-28 11:51:00,1.55,1.55,1.45,1.55,3125,305400,3.44,1.5,1.55
16325,2021-01-28 11:52:00,1.55,1.6,1.55,1.55,1650,305400,3.44,1.55,1.6
16326,2021-01-28 11:53:00,1.55,1.6,1.55,1.55,1750,305400,3.44,1.55,1.6
16327,2021-01-28 11:54:00,1.55,1.6,1.5,1.5,2450,313500,3.43,1.5,1.55
16328,2021-01-28 11:55:00,1.5,1.55,1.5,1.5,300,313500,3.43,1.5,1.55
16329,2021-01-28 11:56:00,1.5,1.5,1.45,1.5,3000,313500,3.43,1.45,1.5
16330,2021-01-28 11:57:00,1.45,1.5,1.45,1.5,1350,312475,3.43,1.45,1.5
16331,2021-01-28 11:58:00,1.5,1.55,1.45,1.55,1100,312475,3.42,1.5,1.6
16332,2021-01-28 11:59:00,1.55,1.65,1.55,1.55,2450,312475,3.42,1.55,1.6
16333,2021-01-28 12:00:00,1.55,1.6,1.55,1.55,4100,310300,3.41,1.55,1.65
16334,2021-01-28 12:01:00,1.6,1.65,1.5,1.55,7600,310300,3.4,1.55,1.6
16335,2021-01-28 12:02:00,1.55,1.6,1.5,1.55,2975,310300,3.4,1.5,1.55
16336,2021-01-28 12:03:00,1.55,1.55,1.45,1.45,4450,297900,3.39,1.45,1.5
16337,2021-01-28 12:04:00,1.5,1.55,1.45,1.5,9275,297900,3.38,1.5,1.55
16338,2021-01-28 12:05:00,1.5,1.55,1.45,1.5,5125,297900,3.37,1.45,1.55
16339,2021-01-28 12:06:00,1.5,1.55,1.45,1.45,725,294225,3.37,1.45,1.5
16340,2021-01-28 12:07:00,1.55,1.55,1.5,1.55,5650,294225,3.36,1.5,1.55
16341,2021-01-28 12:08:00,1.5,1.5,1.45,1.45,2375,294225,3.35,1.45,1.5
16342,2021-01-28 12:09:00,1.5,1.5,1.4,1.45,5725,294650,3.35,1.45,1.5
16343,2021-01-28 12:10:00,1.5,1.5,1.5,1.5,550,294650,3.35,1.45,1.5
16344,2021-01-28 12:11:00,1.45,1.5,1.45,1.45,2475,294650,3.34,1.45,1.5
16345,2021-01-28 12:12:00,1.45,1.5,1.45,1.5,2825,290925,3.34,1.45,1.5
16346,2021-01-28 12:13:00,1.45,1.45,1.4,1.45,4975,290925,3.33,1.45,1.5
16347,2021-01-28 12:14:00,1.45,1.6,1.4,1.45,7275,290925,3.32,1.45,1.55
16348,2021-01-28 12:15:00,1.45,1.5,1.4,1.5,3775,291675,3.31,1.4,1.5
16349,2021-01-28 12:16:00,1.5,1.8,1.45,1.65,13000,291675,3.3,1.65,1.7
16350,2021-01-28 12:17:00,1.7,1.75,1.55,1.65,2875,291675,3.29,1.6,1.7
16351,2021-01-28 12:18:00,1.6,1.7,1.6,1.65,5200,292575,3.29,1.65,1.7
16352,2021-01-28 12:19:00,1.65,1.65,1.6,1.65,1875,292575,3.28,1.55,1.6
16353,2021-01-28 12:20:00,1.6,1.65,1.55,1.55,650,292575,3.28,1.55,1.6
16354,2021-01-28 12:21:00,1.6,1.65,1.55,1.65,2600,291375,3.28,1.6,1.65
16355,2021-01-28 12:22:00,1.65,1.8,1.65,1.75,3725,291375,3.27,1.75,1.8
16356,2021-01-28 12:23:00,1.75,1.85,1.7,1.8,2850,291375,3.27,1.75,1.8
16357,2021-01-28 12:24:00,1.85,1.9,1.75,1.85,4325,289650,3.27,1.75,1.8
16358,2021-01-28 12:25:00,1.75,1.8,1.75,1.8,1825,289650,3.26,1.75,1.85
16359,2021-01-28 12:26:00,1.85,1.85,1.75,1.75,4125,289650,3.26,1.7,1.75
16360,2021-01-28 12:27:00,1.65,1.7,1.45,1.5,6875,291050,3.25,1.5,1.55
16361,2021-01-28 12:28:00,1.5,1.55,1.5,1.5,7425,291050,3.24,1.5,1.55
16362,2021-01-28 12:29:00,1.55,1.55,1.35,1.35,3800,291050,3.24,1.35,1.4
16363,2021-01-28 12:30:00,1.35,1.45,1.35,1.45,2400,293075,3.23,1.4,1.45
16364,2021-01-28 12:31:00,1.4,1.45,1.4,1.45,450,293075,3.23,1.4,1.45
16365,2021-01-28 12:32:00,1.4,1.45,1.4,1.45,1225,293075,3.23,1.4,1.45
16366,2021-01-28 12:33:00,1.45,1.45,1.35,1.4,5000,292050,3.22,1.4,1.45
16367,2021-01-28 12:34:00,1.4,1.45,1.35,1.4,6750,292050,3.21,1.35,1.4
16368,2021-01-28 12:35:00,1.4,1.5,1.2,1.35,9925,292050,3.2,1.35,1.4
16369,2021-01-28 12:36:00,1.4,1.4,1.35,1.35,4600,291325,3.19,1.3,1.35
16370,2021-01-28 12:37:00,1.3,1.3,1.25,1.3,3500,291325,3.19,1.25,1.3
16371,2021-01-28 12:38:00,1.3,1.4,1.3,1.35,5025,291325,3.18,1.35,1.4
16372,2021-01-28 12:39:00,1.4,1.4,1.35,1.4,3450,289800,3.18,1.4,1.45
16373,2021-01-28 12:40:00,1.4,1.45,1.4,1.4,6250,289800,3.17,1.4,1.45
16374,2021-01-28 12:41:00,1.45,1.55,1.45,1.55,2950,289800,3.17,1.5,1.55
16375,2021-01-28 12:42:00,1.5,1.55,1.45,1.45,1775,289075,3.16,1.45,1.5
16376,2021-01-28 12:43:00,1.45,1.45,1.45,1.45,1925,289075,3.16,1.4,1.5
16377,2021-01-28 12:44:00,1.45,1.5,1.4,1.4,3000,289075,3.16,1.4,1.5
16378,2021-01-28 12:45:00,1.45,1.45,1.4,1.45,4350,288150,3.15,1.45,1.5
16379,2021-01-28 12:46:00,1.5,1.5,1.4,1.4,1575,288150,3.15,1.4,1.45
16380,2021-01-28 12:47:00,1.4,1.45,1.4,1.4,3225,288150,3.15,1.4,1.5
16381,2021-01-28 12:48:00,1.4,1.45,1.4,1.45,3700,288050,3.14,1.4,1.45
16382,2021-01-28 12:49:00,1.45,1.45,1.35,1.35,2175,288050,3.14,1.3,1.35
16383,2021-01-28 12:50:00,1.3,1.35,1.25,1.35,5750,288050,3.13,1.25,1.35
16384,2021-01-28 12:51:00,1.3,1.35,1.3,1.3,975,286925,3.13,1.3,1.35
16385,2021-01-28 12:52:00,1.3,1.4,1.3,1.35,1850,286925,3.13,1.35,1.4
16386,2021-01-28 12:53:00,1.4,1.4,1.35,1.35,1625,286925,3.12,1.35,1.4
16387,2021-01-28 12:54:00,1.4,1.4,1.4,1.4,925,287725,3.12,1.4,1.5
16388,2021-01-28 12:55:00,1.4,1.45,1.4,1.45,100,287725,3.12,1.45,1.5
16389,2021-01-28 12:56:00,1.5,1.5,1.4,1.45,3750,287725,3.12,1.4,1.45
16390,2021-01-28 12:57:00,1.45,1.45,1.4,1.45,2250,288900,3.12,1.4,1.5
16391,2021-01-28 12:58:00,1.45,1.45,1.4,1.4,625,288900,3.12,1.4,1.45
16392,2021-01-28 12:59:00,1.4,1.4,1.4,1.4,100,288900,3.12,1.4,1.45
16393,2021-01-28 13:00:00,1.4,1.45,1.4,1.4,225,288125,3.12,1.4,1.5
16394,2021-01-28 13:01:00,1.4,1.55,1.4,1.55,3450,288125,3.11,1.5,1.6
16395,2021-01-28 13:02:00,1.55,1.6,1.55,1.6,1925,288125,3.11,1.55,1.65
16396,2021-01-28 13:03:00,1.55,1.6,1.5,1.55,4000,290175,3.1,1.5,1.55
16397,2021-01-28 13:04:00,1.55,1.55,1.45,1.45,1050,290175,3.1,1.4,1.5
16398,2021-01-28 13:05:00,1.5,1.5,1.45,1.5,850,290175,3.1,1.4,1.5
16399,2021-01-28 13:06:00,1.4,1.5,1.4,1.5,4800,291750,3.1,1.45,1.55
16400,2021-01-28 13:07:00,1.55,1.55,1.45,1.45,900,291750,3.1,1.45,1.5
16401,2021-01-28 13:08:00,1.4,1.5,1.4,1.5,725,291750,3.1,1.45,1.55
16402,2021-01-28 13:09:00,1.5,1.55,1.5,1.5,350,289350,3.09,1.45,1.55
16403,2021-01-28 13:10:00,1.55,1.55,1.45,1.45,1575,289350,3.09,1.45,1.55
16404,2021-01-28 13:11:00,1.45,1.45,1.45,1.45,225,289350,3.09,1.4,1.5
16405,2021-01-28 13:12:00,1.4,1.5,1.4,1.45,375,289375,3.09,1.4,1.45
16406,2021-01-28 13:13:00,1.45,1.45,1.4,1.45,1475,289375,3.09,1.35,1.45
16407,2021-01-28 13:14:00,1.45,1.5,1.4,1.45,4000,289375,3.09,1.4,1.45
16408,2021-01-28 13:15:00,1.45,1.5,1.4,1.4,6200,289750,3.08,1.45,1.5
16409,2021-01-28 13:16:00,1.5,1.5,1.4,1.4,850,289750,3.08,1.35,1.45
16410,2021-01-28 13:17:00,1.45,1.5,1.35,1.45,525,289750,3.08,1.4,1.5
16411,2021-01-28 13:18:00,1.45,1.45,1.4,1.45,550,288500,3.08,1.4,1.45
16412,2021-01-28 13:19:00,1.4,1.4,1.35,1.35,900,288500,3.08,1.35,1.4
16413,2021-01-28 13:20:00,1.4,1.45,1.4,1.45,3200,288500,3.07,1.4,1.45
16414,2021-01-28 13:21:00,1.45,1.5,1.45,1.5,3075,288900,3.07,1.4,1.5
16415,2021-01-28 13:22:00,1.5,1.6,1.5,1.55,1925,288900,3.07,1.5,1.55
16416,2021-01-28 13:23:00,1.55,1.55,1.5,1.5,275,288900,3.07,1.5,1.55
16417,2021-01-28 13:24:00,1.6,1.6,1.55,1.55,2825,289475,3.06,1.5,1.6
16418,2021-01-28 13:25:00,1.55,1.55,1.45,1.45,2550,289475,3.06,1.45,1.5
16419,2021-01-28 13:26:00,1.45,1.6,1.4,1.6,2175,289475,3.06,1.5,1.6
16420,2021-01-28 13:27:00,1.6,1.6,1.55,1.55,1050,290575,3.06,1.5,1.6
16421,2021-01-28 13:28:00,1.65,1.7,1.6,1.65,4275,290575,3.05,1.65,1.75
16422,2021-01-28 13:29:00,1.65,1.8,1.65,1.65,2575,290575,3.05,1.65,1.7
16423,2021-01-28 13:30:00,1.7,1.95,1.7,1.95,11075,287650,3.04,1.85,1.95
16424,2021-01-28 13:31:00,1.95,1.95,1.75,1.75,8000,287650,3.03,1.65,1.75
16425,2021-01-28 13:32:00,1.75,1.75,1.55,1.55,6250,287650,3.03,1.5,1.55
16426,2021-01-28 13:33:00,1.5,1.5,1.45,1.45,2850,286775,3.03,1.4,1.45
16427,2021-01-28 13:34:00,1.5,1.5,1.4,1.5,3600,286775,3.02,1.45,1.5
16428,2021-01-28 13:35:00,1.45,1.5,1.45,1.45,750,286775,3.02,1.45,1.5
16429,2021-01-28 13:36:00,1.45,1.5,1.45,1.45,375,287025,3.02,1.4,1.45
16430,2021-01-28 13:37:00,1.45,1.45,1.4,1.45,1725,287025,3.02,1.4,1.45
16431,2021-01-28 13:38:00,1.45,1.5,1.4,1.5,2825,287025,3.02,1.45,1.55
16432,2021-01-28 13:39:00,1.45,1.55,1.45,1.5,675,287075,3.02,1.45,1.55
16433,2021-01-28 13:40:00,1.55,1.55,1.5,1.5,1275,287075,3.01,1.5,1.55
16434,2021-01-28 13:41:00,1.5,1.6,1.5,1.6,3550,287075,3.01,1.55,1.6
16435,2021-01-28 13:42:00,1.65,1.65,1.55,1.6,1000,288925,3.01,1.55,1.65
16436,2021-01-28 13:43:00,1.55,1.55,1.5,1.55,5150,288925,3.01,1.5,1.6
16437,2021-01-28 13:44:00,1.55,1.65,1.5,1.6,6950,288925,3.0,1.55,1.65
16438,2021-01-28 13:45:00,1.55,1.75,1.55,1.7,5400,288575,2.99,1.65,1.75
16439,2021-01-28 13:46:00,1.75,1.85,1.65,1.65,5400,288575,2.99,1.65,1.7
16440,2021-01-28 13:47:00,1.65,1.7,1.55,1.55,4125,288575,2.99,1.55,1.6
16441,2021-01-28 13:48:00,1.6,1.65,1.45,1.45,6125,289775,2.98,1.4,1.45
16442,2021-01-28 13:49:00,1.45,1.5,1.4,1.4,2025,289775,2.98,1.4,1.45
16443,2021-01-28 13:50:00,1.4,1.45,1.35,1.45,3925,289775,2.97,1.4,1.45
16444,2021-01-28 13:51:00,1.45,1.45,1.35,1.35,1500,290400,2.97,1.35,1.4
16445,2021-01-28 13:52:00,1.35,1.4,1.35,1.4,2125,290400,2.97,1.35,1.4
16446,2021-01-28 13:53:00,1.4,1.4,1.4,1.4,1500,290400,2.97,1.4,1.45
16447,2021-01-28 13:54:00,1.35,1.5,1.35,1.35,2375,290925,2.97,1.35,1.4
16448,2021-01-28 13:55:00,1.35,1.4,1.25,1.35,2750,290925,2.96,1.3,1.35
16449,2021-01-28 13:56:00,1.35,1.35,1.15,1.2,9250,290925,2.95,1.2,1.25
16450,2021-01-28 13:57:00,1.25,1.25,1.15,1.2,3550,290900,2.95,1.15,1.25
16451,2021-01-28 13:58:00,1.2,1.2,1.1,1.1,50,290900,2.95,1.15,1.2
16452,2021-01-28 13:59:00,1.2,1.2,1.15,1.2,1575,290900,2.95,1.15,1.2
16453,2021-01-28 14:00:00,1.2,1.2,1.05,1.1,4200,290150,2.94,1.05,1.1
16454,2021-01-28 14:01:00,1.05,1.05,1.0,1.05,5975,290150,2.93,1.0,1.05
16455,2021-01-28 14:02:00,1.1,1.1,1.05,1.1,5225,290150,2.93,1.05,1.1
16456,2021-01-28 14:03:00,1.1,1.1,1.05,1.1,1400,288975,2.93,1.05,1.1
16457,2021-01-28 14:04:00,1.1,1.1,1.0,1.0,1600,288975,2.93,1.0,1.1
16458,2021-01-28 14:05:00,1.05,1.2,1.05,1.1,1275,288975,2.92,1.1,1.2
16459,2021-01-28 14:06:00,1.15,1.2,1.1,1.1,1700,288975,2.92,1.1,1.15
16460,2021-01-28 14:07:00,1.15,1.15,1.1,1.1,2775,288975,2.92,1.1,1.2
16461,2021-01-28 14:08:00,1.15,1.15,1.15,1.15,1150,288975,2.92,1.15,1.2
16462,2021-01-28 14:09:00,1.15,1.15,1.1,1.15,2800,287400,2.91,1.1,1.15
16463,2021-01-28 14:10:00,1.1,1.1,1.05,1.05,2225,287400,2.91,1.05,1.1
16464,2021-01-28 14:11:00,1.05,1.1,1.05,1.05,3200,287400,2.91,1.05,1.15
16465,2021-01-28 14:12:00,1.05,1.1,0.9,1.1,5650,286775,2.9,1.05,1.1
16466,2021-01-28 14:13:00,1.05,1.15,1.0,1.1,11625,286775,2.89,1.05,1.1
16467,2021-01-28 14:14:00,1.1,1.1,1.05,1.05,600,286775,2.89,1.05,1.1
16468,2021-01-28 14:15:00,1.05,1.15,1.05,1.15,1900,285700,2.89,1.05,1.15
16469,2021-01-28 14:16:00,1.05,1.1,1.0,1.0,2275,285700,2.88,1.0,1.05
16470,2021-01-28 14:17:00,1.0,1.1,1.0,1.05,1975,285700,2.88,1.05,1.1
16471,2021-01-28 14:18:00,1.05,1.1,1.0,1.05,4925,284725,2.87,1.0,1.05
16472,2021-01-28 14:19:00,1.05,1.05,0.95,1.0,1000,284725,2.87,0.95,1.05
16473,2021-01-28 14:20:00,1.0,1.05,0.95,1.0,8775,284725,2.86,0.95,1.0
16474,2021-01-28 14:21:00,1.0,1.05,0.95,1.05,1250,284550,2.86,0.95,1.0
16475,2021-01-28 14:22:00,1.0,1.05,0.85,0.95,1075,284550,2.86,0.9,1.0
16476,2021-01-28 14:23:00,0.95,1.0,0.85,0.95,2725,284550,2.86,0.95,1.0
16477,2021-01-28 14:24:00,0.95,0.95,0.9,0.95,1300,284500,2.86,0.9,0.95
16478,2021-01-28 14:25:00,0.9,0.95,0.9,0.95,1625,284500,2.85,0.9,0.95
16479,2021-01-28 14:26:00,0.95,1.0,0.85,0.85,3075,284500,2.85,0.85,0.95
16480,2021-01-28 14:27:00,0.95,0.95,0.8,0.8,4825,284500,2.85,0.75,0.8
16481,2021-01-28 14:28:00,0.7,0.8,0.65,0.8,4625,283450,2.84,0.8,0.85
16482,2021-01-28 14:29:00,0.8,0.8,0.75,0.75,4925,283450,2.83,0.75,0.8
16483,2021-01-28 14:30:00,0.75,0.8,0.7,0.75,7175,283225,2.82,0.7,0.8
16484,2021-01-28 14:31:00,0.7,0.8,0.7,0.75,2650,283225,2.82,0.7,0.8
16485,2021-01-28 14:32:00,0.75,0.75,0.7,0.75,4125,283225,2.82,0.7,0.75
16486,2021-01-28 14:33:00,0.75,0.8,0.7,0.7,4675,283600,2.81,0.65,0.75
16487,2021-01-28 14:34:00,0.75,0.75,0.65,0.7,925,283600,2.81,0.7,0.8
16488,2021-01-28 14:35:00,0.7,0.75,0.65,0.7,2725,283600,2.81,0.65,0.7
16489,2021-01-28 14:36:00,0.7,0.7,0.65,0.7,2050,283525,2.8,0.65,0.75
16490,2021-01-28 14:37:00,0.7,0.75,0.65,0.65,1525,283525,2.8,0.65,0.7
16491,2021-01-28 14:38:00,0.65,0.7,0.65,0.65,2675,283525,2.8,0.65,0.7
16492,2021-01-28 14:39:00,0.65,0.7,0.6,0.65,8425,282850,2.79,0.6,0.65
16493,2021-01-28 14:40:00,0.65,0.65,0.6,0.6,1475,282850,2.78,0.6,0.65
16494,2021-01-28 14:41:00,0.6,0.6,0.55,0.6,3025,282850,2.78,0.55,0.6
16495,2021-01-28 14:42:00,0.55,0.55,0.55,0.55,4800,282675,2.77,0.5,0.55
16496,2021-01-28 14:43:00,0.5,0.55,0.45,0.55,375,282675,2.77,0.5,0.55
16497,2021-01-28 14:44:00,0.5,0.55,0.45,0.5,7950,282675,2.76,0.45,0.5
16498,2021-01-28 14:45:00,0.45,0.5,0.45,0.45,350,282100,2.76,0.45,0.5
16499,2021-01-28 14:46:00,0.5,0.5,0.4,0.5,4225,282100,2.76,0.45,0.5
16500,2021-01-28 14:47:00,0.5,0.5,0.4,0.4,1450,282100,2.76,0.4,0.45
16501,2021-01-28 14:48:00,0.4,0.4,0.35,0.4,3600,282100,2.75,0.35,0.4
16502,2021-01-28 14:49:00,0.35,0.4,0.35,0.35,5550,281250,2.74,0.35,0.4
16503,2021-01-28 14:50:00,0.35,0.35,0.3,0.3,7000,281250,2.73,0.3,0.4
16504,2021-01-28 14:51:00,0.3,0.35,0.3,0.3,2500,282525,2.73,0.3,0.35
16505,2021-01-28 14:52:00,0.3,0.35,0.3,0.3,4175,282525,2.72,0.3,0.35
16506,2021-01-28 14:53:00,0.35,0.35,0.25,0.3,9650,282525,2.71,0.25,0.35
16507,2021-01-28 14:54:00,0.3,0.3,0.25,0.3,1650,279450,2.71,0.25,0.35
16508,2021-01-28 14:55:00,0.25,0.35,0.25,0.3,3775,279450,2.7,0.3,0.35
16509,2021-01-28 14:56:00,0.3,0.35,0.25,0.3,5125,279450,2.7,0.3,0.35
16510,2021-01-28 14:57:00,0.3,0.35,0.25,0.3,6750,279100,2.69,0.3,0.35
16511,2021-01-28 14:58:00,0.3,0.35,0.25,0.25,2300,279100,2.68,0.25,0.35
16512,2021-01-28 14:59:00,0.25,0.35,0.25,0.25,725,279100,2.68,0.25,0.35
16513,2021-01-28 15:00:00,0.35,0.35,0.25,0.3,3300,277350,2.68,0.25,0.35
16514,2021-01-28 15:01:00,0.3,0.65,0.25,0.55,50750,277350,2.62,0.5,0.55
16515,2021-01-28 15:02:00,0.55,0.6,0.5,0.55,10750,277350,2.61,0.5,0.6
16516,2021-01-28 15:03:00,0.6,0.7,0.45,0.45,11275,274525,2.59,0.45,0.5
16517,2021-01-28 15:04:00,0.5,0.5,0.35,0.35,6175,274525,2.59,0.35,0.45
16518,2021-01-28 15:05:00,0.35,0.4,0.35,0.4,8000,274525,2.58,0.4,0.45
16519,2021-01-28 15:06:00,0.45,0.45,0.35,0.45,3325,275000,2.57,0.35,0.4
16520,2021-01-28 15:07:00,0.45,0.45,0.35,0.45,2400,275000,2.57,0.4,0.45
16521,2021-01-28 15:08:00,0.45,0.55,0.45,0.45,16875,275000,2.55,0.45,0.5
16522,2021-01-28 15:09:00,0.45,0.55,0.4,0.45,9975,276175,2.54,0.4,0.5
16523,2021-01-28 15:10:00,0.35,0.5,0.25,0.3,6475,276175,2.53,0.25,0.35
16524,2021-01-28 15:11:00,0.3,0.3,0.25,0.3,2200,276175,2.53,0.25,0.35
16525,2021-01-28 15:12:00,0.25,0.3,0.25,0.25,4000,275475,2.53,0.25,0.3
16526,2021-01-28 15:13:00,0.25,0.25,0.25,0.25,1175,275475,2.52,0.25,0.3
16527,2021-01-28 15:14:00,0.25,0.3,0.2,0.25,6550,275475,2.52,0.2,0.25
16528,2021-01-28 15:15:00,0.25,0.35,0.25,0.3,3700,275475,2.51,0.25,0.3
16529,2021-01-28 15:16:00,0.25,0.3,0.2,0.2,2450,276025,2.51,0.2,0.25
16530,2021-01-28 15:17:00,0.2,0.25,0.2,0.25,6600,276025,2.5,0.2,0.25
16531,2021-01-28 15:18:00,0.25,0.25,0.2,0.25,1125,276025,2.5,0.2,0.3
16532,2021-01-28 15:19:00,0.2,0.3,0.2,0.3,875,275475,2.5,0.2,0.3
16533,2021-01-28 15:20:00,0.2,0.3,0.2,0.25,1600,275475,2.5,0.25,0.3
16534,2021-01-28 15:21:00,0.3,0.3,0.2,0.25,2025,275475,2.5,0.2,0.25
16535,2021-01-28 15:22:00,0.25,0.3,0.2,0.2,8600,277500,2.49,0.2,0.25
16536,2021-01-28 15:23:00,0.2,0.25,0.2,0.25,2550,277500,2.48,0.2,0.25
16537,2021-01-28 15:24:00,0.25,0.25,0.2,0.2,9450,277500,2.47,0.2,0.25
16538,2021-01-28 15:25:00,0.2,0.25,0.15,0.15,6500,280775,2.46,0.15,0.25
16539,2021-01-28 15:26:00,0.15,0.2,0.1,0.15,15000,280775,2.45,0.1,0.15
16540,2021-01-28 15:27:00,0.15,0.2,0.1,0.1,6600,280775,2.44,0.1,0.2
16541,2021-01-28 15:28:00,0.1,0.2,0.1,0.15,4675,280500,2.43,0.1,0.2
16542,2021-01-28 15:29:00,0.1,0.2,0.1,0.15,4675,280500,2.43,0.1,0.2
16543,2021-01-28 15:30:00,0.15,0.2,0.1,0.1,7450,280500,2.42,0.1,0.2
