,date,open,high,low,close,volume,oi
0,2022-06-13 09:15:00+05:30,1773.3,1773.3,1773.3,1773.3,0,0
1,2022-06-13 09:16:00+05:30,1773.3,1773.3,1756.75,1756.75,1200,0
2,2022-06-13 09:17:00+05:30,1756.75,1756.75,1756.75,1756.75,0,0
3,2022-06-13 09:18:00+05:30,1756.75,1756.75,1756.75,1756.75,0,0
4,2022-06-13 09:19:00+05:30,1756.75,1756.75,1756.75,1756.75,0,0
5,2022-06-13 09:20:00+05:30,1756.75,1756.75,1756.75,1756.75,0,0
6,2022-06-13 09:21:00+05:30,1756.75,1756.75,1756.75,1756.75,0,0
7,2022-06-13 09:22:00+05:30,1756.75,1756.75,1756.75,1756.75,0,0
8,2022-06-13 09:23:00+05:30,1756.75,1756.75,1756.75,1756.75,0,0
9,2022-06-13 09:24:00+05:30,1756.75,1756.75,1756.75,1756.75,0,0
10,2022-06-13 09:25:00+05:30,1756.75,1756.75,1756.75,1756.75,0,0
11,2022-06-13 09:26:00+05:30,1756.75,1756.75,1756.75,1756.75,0,0
12,2022-06-13 09:27:00+05:30,1756.75,1756.75,1756.75,1756.75,0,0
13,2022-06-13 09:28:00+05:30,1756.75,1756.75,1756.75,1756.75,0,0
14,2022-06-13 09:29:00+05:30,1756.75,1756.75,1756.75,1756.75,0,0
15,2022-06-13 09:30:00+05:30,1756.75,1756.75,1756.75,1756.75,0,0
16,2022-06-13 09:31:00+05:30,1756.75,1756.75,1756.75,1756.75,0,0
17,2022-06-13 09:32:00+05:30,1756.75,1756.75,1559.8,1559.8,100,1250
18,2022-06-13 09:33:00+05:30,1559.8,1559.8,1559.8,1559.8,0,1250
19,2022-06-13 09:34:00+05:30,1559.8,1559.8,1559.8,1559.8,0,1250
20,2022-06-13 09:35:00+05:30,1559.8,1559.8,1559.8,1559.8,0,1250
21,2022-06-13 09:36:00+05:30,1559.8,1559.8,1559.8,1559.8,0,1250
22,2022-06-13 09:37:00+05:30,1559.8,1559.8,1559.8,1559.8,0,1250
23,2022-06-13 09:38:00+05:30,1559.8,1559.8,1559.8,1559.8,0,1250
24,2022-06-13 09:39:00+05:30,1559.8,1559.8,1559.8,1559.8,0,1250
25,2022-06-13 09:40:00+05:30,1559.8,1559.8,1559.8,1559.8,0,1250
26,2022-06-13 09:41:00+05:30,1559.8,1559.8,1559.8,1559.8,0,1250
27,2022-06-13 09:42:00+05:30,1559.8,1559.8,1559.8,1559.8,0,1250
28,2022-06-13 09:43:00+05:30,1559.8,1559.8,1559.8,1559.8,0,1250
29,2022-06-13 09:44:00+05:30,1559.8,1559.8,1559.8,1559.8,0,1250
30,2022-06-13 09:45:00+05:30,1559.8,1559.8,1559.8,1559.8,0,1250
31,2022-06-13 09:46:00+05:30,1559.8,1559.8,1559.8,1559.8,0,1250
32,2022-06-13 09:47:00+05:30,1559.8,1559.8,1559.8,1559.8,0,1250
33,2022-06-13 09:48:00+05:30,1559.8,1559.8,1559.8,1559.8,0,1250
34,2022-06-13 09:49:00+05:30,1559.8,1559.8,1528.5,1528.5,50,1250
35,2022-06-13 09:50:00+05:30,1528.5,1528.5,1528.5,1528.5,0,1250
36,2022-06-13 09:51:00+05:30,1528.5,1528.5,1528.5,1528.5,0,1250
37,2022-06-13 09:52:00+05:30,1528.5,1528.5,1528.5,1528.5,0,1250
38,2022-06-13 09:53:00+05:30,1528.5,1528.5,1528.5,1528.5,0,1250
39,2022-06-13 09:54:00+05:30,1528.5,1528.5,1528.5,1528.5,0,1250
40,2022-06-13 09:55:00+05:30,1528.5,1528.5,1528.5,1528.5,0,1250
41,2022-06-13 09:56:00+05:30,1528.5,1528.5,1528.5,1528.5,0,1250
42,2022-06-13 09:57:00+05:30,1528.5,1528.5,1528.5,1528.5,0,1250
43,2022-06-13 09:58:00+05:30,1528.5,1528.5,1528.5,1528.5,0,1250
44,2022-06-13 09:59:00+05:30,1528.5,1528.5,1528.5,1528.5,0,1250
45,2022-06-13 10:00:00+05:30,1528.5,1528.5,1528.5,1528.5,0,1250
46,2022-06-13 10:01:00+05:30,1528.5,1528.5,1528.5,1528.5,0,1250
47,2022-06-13 10:02:00+05:30,1528.5,1528.5,1528.5,1528.5,0,1250
48,2022-06-13 10:03:00+05:30,1528.5,1528.5,1528.5,1528.5,0,1250
49,2022-06-13 10:04:00+05:30,1528.5,1528.5,1528.5,1528.5,0,1250
50,2022-06-13 10:05:00+05:30,1528.5,1528.5,1528.5,1528.5,0,1250
51,2022-06-13 10:06:00+05:30,1528.5,1528.5,1528.5,1528.5,0,1250
52,2022-06-13 10:07:00+05:30,1528.5,1528.5,1528.5,1528.5,0,1250
53,2022-06-13 10:08:00+05:30,1528.5,1528.5,1528.5,1528.5,0,1250
54,2022-06-13 10:09:00+05:30,1528.5,1528.5,1528.5,1528.5,0,1250
55,2022-06-13 10:10:00+05:30,1528.5,1528.5,1528.5,1528.5,0,1250
56,2022-06-13 10:11:00+05:30,1528.5,1528.5,1528.5,1528.5,0,1250
57,2022-06-13 10:12:00+05:30,1528.5,1528.5,1528.5,1528.5,0,1250
58,2022-06-13 10:13:00+05:30,1528.5,1528.5,1528.5,1528.5,0,1250
59,2022-06-13 10:14:00+05:30,1528.5,1528.5,1528.5,1528.5,0,1250
60,2022-06-13 10:15:00+05:30,1528.5,1528.5,1528.5,1528.5,0,1250
61,2022-06-13 10:16:00+05:30,1528.5,1528.5,1528.5,1528.5,0,1250
62,2022-06-13 10:17:00+05:30,1528.5,1528.5,1528.5,1528.5,0,1250
63,2022-06-13 10:18:00+05:30,1528.5,1528.5,1528.5,1528.5,0,1250
64,2022-06-13 10:19:00+05:30,1528.5,1528.5,1528.5,1528.5,0,1250
65,2022-06-13 10:20:00+05:30,1528.5,1528.5,1528.5,1528.5,0,1250
66,2022-06-13 10:21:00+05:30,1528.5,1528.5,1528.5,1528.5,0,1250
67,2022-06-13 10:22:00+05:30,1528.5,1528.5,1528.5,1528.5,0,1250
68,2022-06-13 10:23:00+05:30,1528.5,1528.5,1528.5,1528.5,0,1250
69,2022-06-13 10:24:00+05:30,1528.5,1528.5,1528.5,1528.5,0,1250
70,2022-06-13 10:25:00+05:30,1528.5,1528.5,1528.5,1528.5,0,1250
71,2022-06-13 10:26:00+05:30,1528.5,1528.5,1528.5,1528.5,0,1250
72,2022-06-13 10:27:00+05:30,1528.5,1528.5,1528.5,1528.5,0,1250
73,2022-06-13 10:28:00+05:30,1528.5,1528.5,1528.5,1528.5,0,1250
74,2022-06-13 10:29:00+05:30,1528.5,1528.5,1528.5,1528.5,0,1250
75,2022-06-13 10:30:00+05:30,1528.5,1528.5,1528.5,1528.5,0,1250
76,2022-06-13 10:31:00+05:30,1528.5,1528.5,1528.5,1528.5,0,1250
77,2022-06-13 10:32:00+05:30,1528.5,1528.5,1528.5,1528.5,0,1250
78,2022-06-13 10:33:00+05:30,1528.5,1528.5,1528.5,1528.5,0,1250
79,2022-06-13 10:34:00+05:30,1528.5,1528.5,1528.5,1528.5,0,1250
80,2022-06-13 10:35:00+05:30,1528.5,1528.5,1528.5,1528.5,0,1250
81,2022-06-13 10:36:00+05:30,1528.5,1528.5,1528.5,1528.5,0,1250
82,2022-06-13 10:37:00+05:30,1528.5,1528.5,1528.5,1528.5,0,1250
83,2022-06-13 10:38:00+05:30,1528.5,1528.5,1528.5,1528.5,0,1250
84,2022-06-13 10:39:00+05:30,1528.5,1528.5,1528.5,1528.5,0,1250
85,2022-06-13 10:40:00+05:30,1528.5,1528.5,1528.5,1528.5,0,1250
86,2022-06-13 10:41:00+05:30,1528.5,1528.5,1528.5,1528.5,0,1250
87,2022-06-13 10:42:00+05:30,1528.5,1528.5,1528.5,1528.5,0,1250
88,2022-06-13 10:43:00+05:30,1528.5,1528.5,1528.5,1528.5,0,1250
89,2022-06-13 10:44:00+05:30,1528.5,1528.5,1528.5,1528.5,0,1250
90,2022-06-13 10:45:00+05:30,1528.5,1528.5,1528.5,1528.5,0,1250
91,2022-06-13 10:46:00+05:30,1528.5,1528.5,1528.5,1528.5,0,1250
92,2022-06-13 10:47:00+05:30,1528.5,1528.5,1528.5,1528.5,0,1250
93,2022-06-13 10:48:00+05:30,1528.5,1528.5,1528.5,1528.5,0,1250
94,2022-06-13 10:49:00+05:30,1528.5,1528.5,1528.5,1528.5,0,1250
95,2022-06-13 10:50:00+05:30,1528.5,1528.5,1528.5,1528.5,0,1250
96,2022-06-13 10:51:00+05:30,1528.5,1528.5,1528.5,1528.5,0,1250
97,2022-06-13 10:52:00+05:30,1528.5,1528.5,1528.5,1528.5,0,1250
98,2022-06-13 10:53:00+05:30,1528.5,1528.5,1528.5,1528.5,0,1250
99,2022-06-13 10:54:00+05:30,1528.5,1528.5,1528.5,1528.5,0,1250
100,2022-06-13 10:55:00+05:30,1528.5,1528.5,1528.5,1528.5,0,1250
101,2022-06-13 10:56:00+05:30,1528.5,1528.5,1528.5,1528.5,0,1250
102,2022-06-13 10:57:00+05:30,1528.5,1528.5,1528.5,1528.5,0,1250
103,2022-06-13 10:58:00+05:30,1528.5,1528.5,1528.5,1528.5,0,1250
104,2022-06-13 10:59:00+05:30,1528.5,1528.5,1528.5,1528.5,0,1250
105,2022-06-13 11:00:00+05:30,1528.5,1528.5,1528.5,1528.5,0,1250
106,2022-06-13 11:01:00+05:30,1528.5,1528.5,1528.5,1528.5,0,1250
107,2022-06-13 11:02:00+05:30,1528.5,1528.5,1528.5,1528.5,0,1250
108,2022-06-13 11:03:00+05:30,1528.5,1528.5,1528.5,1528.5,0,1250
109,2022-06-13 11:04:00+05:30,1528.5,1528.5,1528.5,1528.5,0,1250
110,2022-06-13 11:05:00+05:30,1528.5,1528.5,1528.5,1528.5,0,1250
111,2022-06-13 11:06:00+05:30,1528.5,1528.5,1528.5,1528.5,0,1250
112,2022-06-13 11:07:00+05:30,1528.5,1528.5,1528.5,1528.5,0,1250
113,2022-06-13 11:08:00+05:30,1528.5,1528.5,1528.5,1528.5,0,1250
114,2022-06-13 11:09:00+05:30,1528.5,1528.5,1528.5,1528.5,0,1250
115,2022-06-13 11:10:00+05:30,1528.5,1528.5,1528.5,1528.5,0,1250
116,2022-06-13 11:11:00+05:30,1528.5,1528.5,1528.5,1528.5,0,1250
117,2022-06-13 11:12:00+05:30,1528.5,1528.5,1528.5,1528.5,0,1250
118,2022-06-13 11:13:00+05:30,1528.5,1528.5,1528.5,1528.5,0,1250
119,2022-06-13 11:14:00+05:30,1528.5,1528.5,1528.5,1528.5,0,1250
120,2022-06-13 11:15:00+05:30,1528.5,1528.5,1528.5,1528.5,0,1250
121,2022-06-13 11:16:00+05:30,1528.5,1528.5,1528.5,1528.5,0,1250
122,2022-06-13 11:17:00+05:30,1528.5,1528.5,1528.5,1528.5,0,1250
123,2022-06-13 11:18:00+05:30,1528.5,1528.5,1528.5,1528.5,0,1250
124,2022-06-13 11:19:00+05:30,1528.5,1528.5,1528.5,1528.5,0,1250
125,2022-06-13 11:20:00+05:30,1528.5,1528.5,1528.5,1528.5,0,1250
126,2022-06-13 11:21:00+05:30,1528.5,1528.5,1528.5,1528.5,0,1250
127,2022-06-13 11:22:00+05:30,1528.5,1528.5,1510.1,1510.1,25,1250
128,2022-06-13 11:23:00+05:30,1510.1,1510.1,1510.1,1510.1,0,1250
129,2022-06-13 11:24:00+05:30,1510.1,1510.1,1510.1,1510.1,0,1250
130,2022-06-13 11:25:00+05:30,1510.1,1510.1,1510.1,1510.1,0,1250
131,2022-06-13 11:26:00+05:30,1510.1,1510.1,1510.1,1510.1,0,1250
132,2022-06-13 11:27:00+05:30,1510.1,1510.1,1510.1,1510.1,0,1250
133,2022-06-13 11:28:00+05:30,1510.1,1510.1,1510.1,1510.1,0,1250
134,2022-06-13 11:29:00+05:30,1510.1,1510.1,1510.1,1510.1,0,1250
135,2022-06-13 11:30:00+05:30,1510.1,1510.1,1510.1,1510.1,0,1250
136,2022-06-13 11:31:00+05:30,1510.1,1510.1,1510.1,1510.1,0,1250
137,2022-06-13 11:32:00+05:30,1510.1,1510.1,1510.1,1510.1,0,1250
138,2022-06-13 11:33:00+05:30,1510.1,1510.1,1510.1,1510.1,0,1250
139,2022-06-13 11:34:00+05:30,1510.1,1510.1,1510.1,1510.1,0,1250
140,2022-06-13 11:35:00+05:30,1510.1,1510.1,1510.1,1510.1,0,1250
141,2022-06-13 11:36:00+05:30,1510.1,1510.1,1510.1,1510.1,0,1250
142,2022-06-13 11:37:00+05:30,1510.1,1510.1,1510.1,1510.1,0,1250
143,2022-06-13 11:38:00+05:30,1510.1,1510.1,1510.1,1510.1,0,1250
144,2022-06-13 11:39:00+05:30,1510.1,1510.1,1510.1,1510.1,0,1250
145,2022-06-13 11:40:00+05:30,1510.1,1510.1,1510.1,1510.1,0,1250
146,2022-06-13 11:41:00+05:30,1510.1,1510.1,1510.1,1510.1,0,1250
147,2022-06-13 11:42:00+05:30,1510.1,1510.1,1510.1,1510.1,0,1250
148,2022-06-13 11:43:00+05:30,1510.1,1510.1,1510.1,1510.1,0,1250
149,2022-06-13 11:44:00+05:30,1510.1,1510.1,1510.1,1510.1,0,1250
150,2022-06-13 11:45:00+05:30,1510.1,1510.1,1510.1,1510.1,0,1250
151,2022-06-13 11:46:00+05:30,1510.1,1510.1,1510.1,1510.1,0,1250
152,2022-06-13 11:47:00+05:30,1510.1,1510.1,1510.1,1510.1,0,1250
153,2022-06-13 11:48:00+05:30,1510.1,1510.1,1510.1,1510.1,0,1250
154,2022-06-13 11:49:00+05:30,1510.1,1510.1,1510.1,1510.1,0,1250
155,2022-06-13 11:50:00+05:30,1510.1,1510.1,1510.1,1510.1,0,1250
156,2022-06-13 11:51:00+05:30,1510.1,1510.1,1510.1,1510.1,0,1250
157,2022-06-13 11:52:00+05:30,1510.1,1510.1,1510.1,1510.1,0,1250
158,2022-06-13 11:53:00+05:30,1510.1,1510.1,1510.1,1510.1,0,1250
159,2022-06-13 11:54:00+05:30,1510.1,1510.1,1510.1,1510.1,0,1250
160,2022-06-13 11:55:00+05:30,1510.1,1510.1,1510.1,1510.1,0,1250
161,2022-06-13 11:56:00+05:30,1510.1,1510.1,1510.1,1510.1,0,1250
162,2022-06-13 11:57:00+05:30,1510.1,1510.1,1510.1,1510.1,0,1250
163,2022-06-13 11:58:00+05:30,1510.1,1510.1,1510.1,1510.1,0,1250
164,2022-06-13 11:59:00+05:30,1510.1,1510.1,1510.1,1510.1,0,1250
165,2022-06-13 12:00:00+05:30,1510.1,1510.1,1510.1,1510.1,0,1250
166,2022-06-13 12:01:00+05:30,1510.1,1510.1,1510.1,1510.1,0,1250
167,2022-06-13 12:02:00+05:30,1510.1,1510.1,1510.1,1510.1,0,1250
168,2022-06-13 12:03:00+05:30,1510.1,1510.1,1510.1,1510.1,0,1250
169,2022-06-13 12:04:00+05:30,1510.1,1510.1,1510.1,1510.1,0,1250
170,2022-06-13 12:05:00+05:30,1510.1,1510.1,1510.1,1510.1,0,1250
171,2022-06-13 12:06:00+05:30,1510.1,1510.1,1510.1,1510.1,0,1250
172,2022-06-13 12:07:00+05:30,1510.1,1510.1,1510.1,1510.1,0,1250
173,2022-06-13 12:08:00+05:30,1510.1,1510.1,1510.1,1510.1,0,1250
174,2022-06-13 12:09:00+05:30,1510.1,1510.1,1510.1,1510.1,0,1250
175,2022-06-13 12:10:00+05:30,1510.1,1510.1,1510.1,1510.1,0,1250
176,2022-06-13 12:11:00+05:30,1510.1,1510.1,1510.1,1510.1,0,1250
177,2022-06-13 12:12:00+05:30,1510.1,1510.1,1510.1,1510.1,0,1250
178,2022-06-13 12:13:00+05:30,1510.1,1510.1,1510.1,1510.1,0,1250
179,2022-06-13 12:14:00+05:30,1510.1,1510.1,1510.1,1510.1,0,1250
180,2022-06-13 12:15:00+05:30,1510.1,1510.1,1510.1,1510.1,0,1250
181,2022-06-13 12:16:00+05:30,1510.1,1510.1,1510.1,1510.1,0,1250
182,2022-06-13 12:17:00+05:30,1510.1,1510.1,1510.1,1510.1,0,1250
183,2022-06-13 12:18:00+05:30,1510.1,1510.1,1510.1,1510.1,0,1250
184,2022-06-13 12:19:00+05:30,1510.1,1510.1,1510.1,1510.1,0,1250
185,2022-06-13 12:20:00+05:30,1510.1,1510.1,1510.1,1510.1,0,1250
186,2022-06-13 12:21:00+05:30,1510.1,1510.1,1510.1,1510.1,0,1250
187,2022-06-13 12:22:00+05:30,1510.1,1510.1,1510.1,1510.1,0,1250
188,2022-06-13 12:23:00+05:30,1510.1,1510.1,1510.1,1510.1,0,1250
189,2022-06-13 12:24:00+05:30,1510.1,1510.1,1510.1,1510.1,0,1250
190,2022-06-13 12:25:00+05:30,1510.1,1510.1,1510.1,1510.1,0,1250
191,2022-06-13 12:26:00+05:30,1510.1,1510.1,1510.1,1510.1,0,1250
192,2022-06-13 12:27:00+05:30,1510.1,1510.1,1510.1,1510.1,0,1250
193,2022-06-13 12:28:00+05:30,1510.1,1510.1,1510.1,1510.1,0,1250
194,2022-06-13 12:29:00+05:30,1510.1,1510.1,1510.1,1510.1,0,1250
195,2022-06-13 12:30:00+05:30,1510.1,1510.1,1510.1,1510.1,0,1250
196,2022-06-13 12:31:00+05:30,1510.1,1510.1,1510.1,1510.1,0,1250
197,2022-06-13 12:32:00+05:30,1510.1,1510.1,1510.1,1510.1,0,1250
198,2022-06-13 12:33:00+05:30,1510.1,1510.1,1510.1,1510.1,0,1250
199,2022-06-13 12:34:00+05:30,1510.1,1510.1,1510.1,1510.1,0,1250
200,2022-06-13 12:35:00+05:30,1510.1,1510.1,1510.1,1510.1,0,1250
201,2022-06-13 12:36:00+05:30,1510.1,1510.1,1510.1,1510.1,0,1250
202,2022-06-13 12:37:00+05:30,1510.1,1510.1,1510.1,1510.1,0,1250
203,2022-06-13 12:38:00+05:30,1510.1,1510.1,1510.1,1510.1,0,1250
204,2022-06-13 12:39:00+05:30,1510.1,1510.1,1510.1,1510.1,0,1250
205,2022-06-13 12:40:00+05:30,1510.1,1510.1,1510.1,1510.1,0,1250
206,2022-06-13 12:41:00+05:30,1510.1,1510.1,1510.1,1510.1,0,1250
207,2022-06-13 12:42:00+05:30,1510.1,1510.1,1510.1,1510.1,0,1250
208,2022-06-13 12:43:00+05:30,1510.1,1510.1,1510.1,1510.1,0,1250
209,2022-06-13 12:44:00+05:30,1510.1,1510.1,1510.1,1510.1,0,1250
210,2022-06-13 12:45:00+05:30,1510.1,1510.1,1510.1,1510.1,0,1250
211,2022-06-13 12:46:00+05:30,1510.1,1510.1,1510.1,1510.1,0,1250
212,2022-06-13 12:47:00+05:30,1510.1,1510.1,1510.1,1510.1,0,1250
213,2022-06-13 12:48:00+05:30,1510.1,1510.1,1510.1,1510.1,0,1250
214,2022-06-13 12:49:00+05:30,1510.1,1510.1,1510.1,1510.1,0,1250
215,2022-06-13 12:50:00+05:30,1510.1,1510.1,1510.1,1510.1,0,1250
216,2022-06-13 12:51:00+05:30,1510.1,1510.1,1510.1,1510.1,0,1250
217,2022-06-13 12:52:00+05:30,1510.1,1510.1,1510.1,1510.1,0,1250
218,2022-06-13 12:53:00+05:30,1510.1,1510.1,1510.1,1510.1,0,1250
219,2022-06-13 12:54:00+05:30,1510.1,1510.1,1510.1,1510.1,0,1250
220,2022-06-13 12:55:00+05:30,1510.1,1510.1,1510.1,1510.1,0,1250
221,2022-06-13 12:56:00+05:30,1510.1,1510.1,1510.1,1510.1,0,1250
222,2022-06-13 12:57:00+05:30,1510.1,1510.1,1510.1,1510.1,0,1250
223,2022-06-13 12:58:00+05:30,1510.1,1510.1,1510.1,1510.1,0,1250
224,2022-06-13 12:59:00+05:30,1510.1,1510.1,1510.1,1510.1,0,1250
225,2022-06-13 13:00:00+05:30,1510.1,1510.1,1510.1,1510.1,0,1250
226,2022-06-13 13:01:00+05:30,1510.1,1510.1,1510.1,1510.1,0,1250
227,2022-06-13 13:02:00+05:30,1510.1,1510.1,1510.1,1510.1,0,1250
228,2022-06-13 13:03:00+05:30,1510.1,1510.1,1510.1,1510.1,0,1250
229,2022-06-13 13:04:00+05:30,1510.1,1510.1,1510.1,1510.1,0,1250
230,2022-06-13 13:05:00+05:30,1510.1,1510.1,1510.1,1510.1,0,1250
231,2022-06-13 13:06:00+05:30,1510.1,1510.1,1510.1,1510.1,0,1250
232,2022-06-13 13:07:00+05:30,1510.1,1510.1,1510.1,1510.1,0,1250
233,2022-06-13 13:08:00+05:30,1510.1,1510.1,1510.1,1510.1,0,1250
234,2022-06-13 13:09:00+05:30,1510.1,1510.1,1510.1,1510.1,0,1250
235,2022-06-13 13:10:00+05:30,1510.1,1510.1,1510.1,1510.1,0,1250
236,2022-06-13 13:11:00+05:30,1510.1,1510.1,1510.1,1510.1,0,1250
237,2022-06-13 13:12:00+05:30,1510.1,1510.1,1510.1,1510.1,0,1250
238,2022-06-13 13:13:00+05:30,1510.1,1510.1,1510.1,1510.1,0,1250
239,2022-06-13 13:14:00+05:30,1510.1,1510.1,1510.1,1510.1,0,1250
240,2022-06-13 13:15:00+05:30,1510.1,1510.1,1510.1,1510.1,0,1250
241,2022-06-13 13:16:00+05:30,1510.1,1510.1,1510.1,1510.1,0,1250
242,2022-06-13 13:17:00+05:30,1510.1,1510.1,1510.1,1510.1,0,1250
243,2022-06-13 13:18:00+05:30,1510.1,1510.1,1510.1,1510.1,0,1250
244,2022-06-13 13:19:00+05:30,1510.1,1510.1,1510.1,1510.1,0,1250
245,2022-06-13 13:20:00+05:30,1510.1,1510.1,1510.1,1510.1,0,1250
246,2022-06-13 13:21:00+05:30,1510.1,1510.1,1510.1,1510.1,0,1250
247,2022-06-13 13:22:00+05:30,1510.1,1510.1,1510.1,1510.1,0,1250
248,2022-06-13 13:23:00+05:30,1510.1,1510.1,1510.1,1510.1,0,1250
249,2022-06-13 13:24:00+05:30,1510.1,1510.1,1510.1,1510.1,0,1250
250,2022-06-13 13:25:00+05:30,1510.1,1510.1,1510.1,1510.1,0,1250
251,2022-06-13 13:26:00+05:30,1510.1,1510.1,1510.1,1510.1,0,1250
252,2022-06-13 13:27:00+05:30,1510.1,1510.1,1510.1,1510.1,0,1250
253,2022-06-13 13:28:00+05:30,1510.1,1510.1,1510.1,1510.1,0,1250
254,2022-06-13 13:29:00+05:30,1510.1,1510.1,1510.1,1510.1,0,1250
255,2022-06-13 13:30:00+05:30,1510.1,1510.1,1510.1,1510.1,0,1250
256,2022-06-13 13:31:00+05:30,1510.1,1510.1,1510.1,1510.1,0,1250
257,2022-06-13 13:32:00+05:30,1510.1,1510.1,1510.1,1510.1,0,1250
258,2022-06-13 13:33:00+05:30,1510.1,1510.1,1510.1,1510.1,0,1250
259,2022-06-13 13:34:00+05:30,1510.1,1510.1,1510.1,1510.1,0,1250
260,2022-06-13 13:35:00+05:30,1510.1,1510.1,1510.1,1510.1,0,1250
261,2022-06-13 13:36:00+05:30,1510.1,1510.1,1510.1,1510.1,0,1250
262,2022-06-13 13:37:00+05:30,1510.1,1510.1,1510.1,1510.1,0,1250
263,2022-06-13 13:38:00+05:30,1510.1,1510.1,1510.1,1510.1,0,1250
264,2022-06-13 13:39:00+05:30,1510.1,1510.1,1510.1,1510.1,0,1250
265,2022-06-13 13:40:00+05:30,1510.1,1510.1,1510.1,1510.1,0,1250
266,2022-06-13 13:41:00+05:30,1510.1,1510.1,1510.1,1510.1,0,1250
267,2022-06-13 13:42:00+05:30,1510.1,1510.1,1510.1,1510.1,0,1250
268,2022-06-13 13:43:00+05:30,1510.1,1510.1,1510.1,1510.1,0,1250
269,2022-06-13 13:44:00+05:30,1510.1,1510.1,1510.1,1510.1,0,1250
270,2022-06-13 13:45:00+05:30,1510.1,1510.1,1510.1,1510.1,0,1250
271,2022-06-13 13:46:00+05:30,1510.1,1510.1,1510.1,1510.1,0,1250
272,2022-06-13 13:47:00+05:30,1510.1,1510.1,1510.1,1510.1,0,1250
273,2022-06-13 13:48:00+05:30,1510.1,1510.1,1510.1,1510.1,0,1250
274,2022-06-13 13:49:00+05:30,1510.1,1510.1,1510.1,1510.1,0,1250
275,2022-06-13 13:50:00+05:30,1510.1,1510.1,1510.1,1510.1,0,1250
276,2022-06-13 13:51:00+05:30,1510.1,1510.1,1510.1,1510.1,0,1250
277,2022-06-13 13:52:00+05:30,1510.1,1510.1,1510.1,1510.1,0,1250
278,2022-06-13 13:53:00+05:30,1510.1,1510.1,1510.1,1510.1,0,1250
279,2022-06-13 13:54:00+05:30,1510.1,1510.1,1510.1,1510.1,0,1250
280,2022-06-13 13:55:00+05:30,1510.1,1510.1,1510.1,1510.1,0,1250
281,2022-06-13 13:56:00+05:30,1510.1,1510.1,1406.55,1406.55,25,1275
282,2022-06-13 13:57:00+05:30,1406.55,1406.55,1406.55,1406.55,0,1275
283,2022-06-13 13:58:00+05:30,1406.55,1406.55,1406.55,1406.55,0,1275
284,2022-06-13 13:59:00+05:30,1406.55,1406.55,1406.55,1406.55,0,1275
285,2022-06-13 14:00:00+05:30,1406.55,1406.55,1406.55,1406.55,0,1275
286,2022-06-13 14:01:00+05:30,1406.55,1406.55,1406.55,1406.55,0,1275
287,2022-06-13 14:02:00+05:30,1406.55,1406.55,1406.55,1406.55,0,1275
288,2022-06-13 14:03:00+05:30,1406.55,1406.55,1406.55,1406.55,0,1275
289,2022-06-13 14:04:00+05:30,1406.55,1406.55,1406.55,1406.55,0,1275
290,2022-06-13 14:05:00+05:30,1406.55,1406.55,1406.55,1406.55,0,1275
291,2022-06-13 14:06:00+05:30,1406.55,1406.55,1406.55,1406.55,0,1275
292,2022-06-13 14:07:00+05:30,1406.55,1406.55,1406.55,1406.55,0,1275
293,2022-06-13 14:08:00+05:30,1406.55,1406.55,1406.55,1406.55,0,1275
294,2022-06-13 14:09:00+05:30,1406.55,1406.55,1406.55,1406.55,0,1275
295,2022-06-13 14:10:00+05:30,1406.55,1406.55,1406.55,1406.55,0,1275
296,2022-06-13 14:11:00+05:30,1406.55,1406.55,1406.55,1406.55,0,1275
297,2022-06-13 14:12:00+05:30,1406.55,1406.55,1406.55,1406.55,0,1275
298,2022-06-13 14:13:00+05:30,1406.55,1406.55,1406.55,1406.55,0,1275
299,2022-06-13 14:14:00+05:30,1406.55,1406.55,1406.55,1406.55,0,1275
300,2022-06-13 14:15:00+05:30,1406.55,1406.55,1406.55,1406.55,0,1275
301,2022-06-13 14:16:00+05:30,1406.55,1406.55,1406.55,1406.55,0,1275
302,2022-06-13 14:17:00+05:30,1406.55,1406.55,1406.55,1406.55,0,1275
303,2022-06-13 14:18:00+05:30,1406.55,1406.55,1406.55,1406.55,0,1275
304,2022-06-13 14:19:00+05:30,1406.55,1406.55,1406.55,1406.55,0,1275
305,2022-06-13 14:20:00+05:30,1406.55,1406.55,1406.55,1406.55,0,1275
306,2022-06-13 14:21:00+05:30,1406.55,1406.55,1406.55,1406.55,0,1275
307,2022-06-13 14:22:00+05:30,1406.55,1406.55,1406.55,1406.55,0,1275
308,2022-06-13 14:23:00+05:30,1406.55,1406.55,1406.55,1406.55,0,1275
309,2022-06-13 14:24:00+05:30,1406.55,1406.55,1406.55,1406.55,0,1275
310,2022-06-13 14:25:00+05:30,1406.55,1406.55,1406.55,1406.55,0,1275
311,2022-06-13 14:26:00+05:30,1406.55,1406.55,1406.55,1406.55,0,1275
312,2022-06-13 14:27:00+05:30,1406.55,1406.55,1406.55,1406.55,0,1275
313,2022-06-13 14:28:00+05:30,1406.55,1406.55,1406.55,1406.55,0,1275
314,2022-06-13 14:29:00+05:30,1406.55,1406.55,1406.55,1406.55,0,1275
315,2022-06-13 14:30:00+05:30,1406.55,1406.55,1406.55,1406.55,0,1275
316,2022-06-13 14:31:00+05:30,1406.55,1406.55,1406.55,1406.55,0,1275
317,2022-06-13 14:32:00+05:30,1406.55,1406.55,1406.55,1406.55,0,1275
318,2022-06-13 14:33:00+05:30,1406.55,1406.55,1406.55,1406.55,0,1275
319,2022-06-13 14:34:00+05:30,1406.55,1406.55,1406.55,1406.55,0,1275
320,2022-06-13 14:35:00+05:30,1406.55,1406.55,1406.55,1406.55,0,1275
321,2022-06-13 14:36:00+05:30,1406.55,1406.55,1406.55,1406.55,0,1275
322,2022-06-13 14:37:00+05:30,1406.55,1406.55,1406.55,1406.55,0,1275
323,2022-06-13 14:38:00+05:30,1406.55,1406.55,1406.55,1406.55,0,1275
324,2022-06-13 14:39:00+05:30,1406.55,1406.55,1406.55,1406.55,0,1275
325,2022-06-13 14:40:00+05:30,1406.55,1406.55,1406.55,1406.55,0,1275
326,2022-06-13 14:41:00+05:30,1406.55,1406.55,1406.55,1406.55,0,1275
327,2022-06-13 14:42:00+05:30,1406.55,1406.55,1406.55,1406.55,0,1275
328,2022-06-13 14:43:00+05:30,1406.55,1406.55,1406.55,1406.55,0,1275
329,2022-06-13 14:44:00+05:30,1406.55,1406.55,1406.55,1406.55,0,1275
330,2022-06-13 14:45:00+05:30,1406.55,1406.55,1406.55,1406.55,0,1275
331,2022-06-13 14:46:00+05:30,1406.55,1406.55,1406.55,1406.55,0,1275
332,2022-06-13 14:47:00+05:30,1406.55,1406.55,1406.55,1406.55,0,1275
333,2022-06-13 14:48:00+05:30,1406.55,1406.55,1406.55,1406.55,0,1275
334,2022-06-13 14:49:00+05:30,1406.55,1406.55,1406.55,1406.55,0,1275
335,2022-06-13 14:50:00+05:30,1406.55,1406.55,1406.55,1406.55,0,1275
336,2022-06-13 14:51:00+05:30,1406.55,1406.55,1406.55,1406.55,0,1275
337,2022-06-13 14:52:00+05:30,1406.55,1406.55,1406.55,1406.55,0,1275
338,2022-06-13 14:53:00+05:30,1406.55,1406.55,1406.55,1406.55,0,1275
339,2022-06-13 14:54:00+05:30,1406.55,1406.55,1406.55,1406.55,0,1275
340,2022-06-13 14:55:00+05:30,1406.55,1406.55,1406.55,1406.55,0,1275
341,2022-06-13 14:56:00+05:30,1406.55,1406.55,1406.55,1406.55,0,1275
342,2022-06-13 14:57:00+05:30,1406.55,1406.55,1406.55,1406.55,0,1275
343,2022-06-13 14:58:00+05:30,1406.55,1406.55,1406.55,1406.55,0,1275
344,2022-06-13 14:59:00+05:30,1406.55,1406.55,1406.55,1406.55,0,1275
345,2022-06-13 15:00:00+05:30,1406.55,1406.55,1406.55,1406.55,0,1275
346,2022-06-13 15:01:00+05:30,1406.55,1406.55,1406.55,1406.55,0,1275
347,2022-06-13 15:02:00+05:30,1406.55,1406.55,1406.55,1406.55,0,1275
348,2022-06-13 15:03:00+05:30,1406.55,1406.55,1406.55,1406.55,0,1275
349,2022-06-13 15:04:00+05:30,1406.55,1406.55,1406.55,1406.55,0,1275
350,2022-06-13 15:05:00+05:30,1406.55,1406.55,1406.55,1406.55,0,1275
351,2022-06-13 15:06:00+05:30,1406.55,1406.55,1406.55,1406.55,0,1275
352,2022-06-13 15:07:00+05:30,1406.55,1406.55,1406.55,1406.55,0,1275
353,2022-06-13 15:08:00+05:30,1406.55,1406.55,1406.55,1406.55,0,1275
354,2022-06-13 15:09:00+05:30,1406.55,1406.55,1406.55,1406.55,0,1275
355,2022-06-13 15:10:00+05:30,1406.55,1406.55,1406.55,1406.55,0,1275
356,2022-06-13 15:11:00+05:30,1406.55,1406.55,1406.55,1406.55,0,1275
357,2022-06-13 15:12:00+05:30,1406.55,1406.55,1406.55,1406.55,0,1275
358,2022-06-13 15:13:00+05:30,1406.55,1406.55,1406.55,1406.55,0,1275
359,2022-06-13 15:14:00+05:30,1406.55,1406.55,1406.55,1406.55,0,1275
360,2022-06-13 15:15:00+05:30,1406.55,1406.55,1406.55,1406.55,0,1275
361,2022-06-13 15:16:00+05:30,1406.55,1406.55,1406.55,1406.55,0,1275
362,2022-06-13 15:17:00+05:30,1406.55,1406.55,1406.55,1406.55,0,1275
363,2022-06-13 15:18:00+05:30,1406.55,1406.55,1406.55,1406.55,0,1275
364,2022-06-13 15:19:00+05:30,1406.55,1406.55,1406.55,1406.55,0,1275
365,2022-06-13 15:20:00+05:30,1406.55,1570.85,1406.55,1570.85,50,1300
366,2022-06-13 15:21:00+05:30,1570.85,1570.85,1570.85,1570.85,0,1300
367,2022-06-13 15:22:00+05:30,1570.85,1570.85,1570.85,1570.85,0,1300
368,2022-06-13 15:23:00+05:30,1570.85,1570.85,1570.85,1570.85,0,1300
369,2022-06-13 15:24:00+05:30,1570.85,1570.85,1570.85,1570.85,0,1300
370,2022-06-13 15:25:00+05:30,1570.85,1570.85,1570.85,1570.85,0,1300
371,2022-06-13 15:26:00+05:30,1570.85,1570.85,1570.85,1570.85,0,1300
372,2022-06-13 15:27:00+05:30,1570.85,1570.85,1570.85,1570.85,0,1300
373,2022-06-13 15:28:00+05:30,1570.85,1570.85,1570.85,1570.85,0,1300
374,2022-06-13 15:29:00+05:30,1570.85,1570.85,1570.85,1570.85,0,1300
375,2022-06-14 09:15:00+05:30,1410.85,1410.85,1377.8,1387.75,325,1250
376,2022-06-14 09:16:00+05:30,1387.75,1387.75,1387.75,1387.75,0,1250
377,2022-06-14 09:17:00+05:30,1387.75,1387.75,1387.75,1387.75,0,1250
378,2022-06-14 09:18:00+05:30,1387.75,1387.75,1387.75,1387.75,0,1250
379,2022-06-14 09:19:00+05:30,1387.75,1387.75,1387.75,1387.75,0,1250
380,2022-06-14 09:20:00+05:30,1387.75,1387.75,1387.75,1387.75,0,1250
381,2022-06-14 09:21:00+05:30,1387.75,1387.75,1387.75,1387.75,0,1250
382,2022-06-14 09:22:00+05:30,1387.75,1387.75,1387.75,1387.75,0,1250
383,2022-06-14 09:23:00+05:30,1387.75,1387.75,1387.75,1387.75,0,1250
384,2022-06-14 09:24:00+05:30,1387.75,1387.75,1387.75,1387.75,0,1250
385,2022-06-14 09:25:00+05:30,1387.75,1387.75,1387.75,1387.75,0,1250
386,2022-06-14 09:26:00+05:30,1387.75,1387.75,1387.75,1387.75,0,1250
387,2022-06-14 09:27:00+05:30,1387.75,1387.75,1387.75,1387.75,0,1250
388,2022-06-14 09:28:00+05:30,1387.75,1387.75,1387.75,1387.75,0,1250
389,2022-06-14 09:29:00+05:30,1387.75,1387.75,1387.75,1387.75,0,1250
390,2022-06-14 09:30:00+05:30,1387.75,1387.75,1299.65,1299.65,50,1050
391,2022-06-14 09:31:00+05:30,1299.65,1299.65,1299.65,1299.65,0,1050
392,2022-06-14 09:32:00+05:30,1299.65,1299.65,1299.65,1299.65,0,1050
393,2022-06-14 09:33:00+05:30,1299.65,1299.65,1299.65,1299.65,0,1050
394,2022-06-14 09:34:00+05:30,1299.65,1299.65,1299.65,1299.65,0,1050
395,2022-06-14 09:35:00+05:30,1299.65,1299.65,1299.65,1299.65,0,1050
396,2022-06-14 09:36:00+05:30,1299.65,1366.0,1299.65,1366.0,50,1025
397,2022-06-14 09:37:00+05:30,1366.0,1366.0,1366.0,1366.0,0,1025
398,2022-06-14 09:38:00+05:30,1366.0,1366.0,1366.0,1366.0,0,1025
399,2022-06-14 09:39:00+05:30,1366.0,1366.0,1366.0,1366.0,0,1025
400,2022-06-14 09:40:00+05:30,1366.0,1377.9,1366.0,1377.9,50,1075
401,2022-06-14 09:41:00+05:30,1377.9,1377.9,1377.9,1377.9,0,1075
402,2022-06-14 09:42:00+05:30,1377.9,1377.9,1377.9,1377.9,0,1075
403,2022-06-14 09:43:00+05:30,1377.9,1377.9,1377.9,1377.9,0,1075
404,2022-06-14 09:44:00+05:30,1377.9,1377.9,1377.9,1377.9,0,1075
405,2022-06-14 09:45:00+05:30,1377.9,1377.9,1377.9,1377.9,0,1075
406,2022-06-14 09:46:00+05:30,1377.9,1377.9,1377.9,1377.9,0,1075
407,2022-06-14 09:47:00+05:30,1377.9,1377.9,1377.9,1377.9,0,1075
408,2022-06-14 09:48:00+05:30,1377.9,1377.9,1377.9,1377.9,0,1075
409,2022-06-14 09:49:00+05:30,1377.9,1377.9,1377.9,1377.9,0,1075
410,2022-06-14 09:50:00+05:30,1377.9,1377.9,1377.9,1377.9,0,1075
411,2022-06-14 09:51:00+05:30,1377.9,1377.9,1377.9,1377.9,0,1075
412,2022-06-14 09:52:00+05:30,1377.9,1377.9,1377.9,1377.9,0,1075
413,2022-06-14 09:53:00+05:30,1377.9,1377.9,1377.9,1377.9,0,1075
414,2022-06-14 09:54:00+05:30,1377.9,1377.9,1377.9,1377.9,0,1075
415,2022-06-14 09:55:00+05:30,1377.9,1377.9,1377.9,1377.9,0,1075
416,2022-06-14 09:56:00+05:30,1377.9,1377.9,1377.9,1377.9,0,1075
417,2022-06-14 09:57:00+05:30,1377.9,1377.9,1377.9,1377.9,0,1075
418,2022-06-14 09:58:00+05:30,1377.9,1377.9,1377.9,1377.9,0,1075
419,2022-06-14 09:59:00+05:30,1377.9,1510.95,1377.9,1510.95,100,1050
420,2022-06-14 10:00:00+05:30,1510.95,1510.95,1489.75,1489.75,100,1050
421,2022-06-14 10:01:00+05:30,1489.75,1489.75,1489.75,1489.75,0,1050
422,2022-06-14 10:02:00+05:30,1489.75,1489.75,1489.75,1489.75,0,1050
423,2022-06-14 10:03:00+05:30,1489.75,1489.75,1489.75,1489.75,0,1050
424,2022-06-14 10:04:00+05:30,1489.75,1489.75,1489.75,1489.75,0,1050
425,2022-06-14 10:05:00+05:30,1489.75,1491.3,1489.75,1490.55,75,1100
426,2022-06-14 10:06:00+05:30,1490.55,1490.55,1490.55,1490.55,0,1100
427,2022-06-14 10:07:00+05:30,1490.55,1490.55,1490.55,1490.55,0,1100
428,2022-06-14 10:08:00+05:30,1490.55,1490.55,1490.55,1490.55,0,1100
429,2022-06-14 10:09:00+05:30,1490.55,1490.55,1490.55,1490.55,0,1100
430,2022-06-14 10:10:00+05:30,1490.55,1490.55,1490.55,1490.55,0,1100
431,2022-06-14 10:11:00+05:30,1490.55,1490.55,1490.55,1490.55,0,1100
432,2022-06-14 10:12:00+05:30,1490.55,1490.55,1490.55,1490.55,0,1100
433,2022-06-14 10:13:00+05:30,1490.55,1490.55,1480.55,1480.55,25,1150
434,2022-06-14 10:14:00+05:30,1480.55,1480.55,1480.55,1480.55,0,1150
435,2022-06-14 10:15:00+05:30,1480.55,1480.55,1480.55,1480.55,0,1150
436,2022-06-14 10:16:00+05:30,1480.55,1480.55,1480.55,1480.55,0,1150
437,2022-06-14 10:17:00+05:30,1480.55,1480.55,1480.55,1480.55,0,1150
438,2022-06-14 10:18:00+05:30,1480.55,1480.55,1480.55,1480.55,0,1150
439,2022-06-14 10:19:00+05:30,1480.55,1480.55,1480.55,1480.55,0,1150
440,2022-06-14 10:20:00+05:30,1480.55,1480.55,1480.55,1480.55,0,1150
441,2022-06-14 10:21:00+05:30,1480.55,1480.55,1480.55,1480.55,0,1150
442,2022-06-14 10:22:00+05:30,1480.55,1480.55,1480.55,1480.55,0,1150
443,2022-06-14 10:23:00+05:30,1480.55,1480.55,1480.55,1480.55,0,1150
444,2022-06-14 10:24:00+05:30,1480.55,1480.55,1480.55,1480.55,0,1150
445,2022-06-14 10:25:00+05:30,1480.55,1480.55,1480.55,1480.55,0,1150
446,2022-06-14 10:26:00+05:30,1480.55,1480.55,1480.55,1480.55,0,1150
447,2022-06-14 10:27:00+05:30,1480.55,1480.55,1480.55,1480.55,0,1150
448,2022-06-14 10:28:00+05:30,1480.55,1480.55,1480.55,1480.55,0,1150
449,2022-06-14 10:29:00+05:30,1480.55,1523.6,1480.55,1523.6,125,1150
450,2022-06-14 10:30:00+05:30,1523.6,1523.6,1523.6,1523.6,0,1150
451,2022-06-14 10:31:00+05:30,1523.6,1523.6,1523.6,1523.6,0,1150
452,2022-06-14 10:32:00+05:30,1523.6,1523.6,1523.6,1523.6,0,1150
453,2022-06-14 10:33:00+05:30,1523.6,1523.6,1523.6,1523.6,0,1150
454,2022-06-14 10:34:00+05:30,1523.6,1523.6,1523.6,1523.6,0,1150
455,2022-06-14 10:35:00+05:30,1523.6,1523.6,1523.6,1523.6,0,1150
456,2022-06-14 10:36:00+05:30,1523.6,1523.6,1523.6,1523.6,0,1150
457,2022-06-14 10:37:00+05:30,1523.6,1523.6,1523.6,1523.6,0,1150
458,2022-06-14 10:38:00+05:30,1523.6,1523.6,1523.6,1523.6,0,1150
459,2022-06-14 10:39:00+05:30,1523.6,1523.6,1523.6,1523.6,0,1150
460,2022-06-14 10:40:00+05:30,1523.6,1523.6,1523.6,1523.6,0,1150
461,2022-06-14 10:41:00+05:30,1523.6,1523.6,1523.6,1523.6,0,1150
462,2022-06-14 10:42:00+05:30,1523.6,1538.3,1523.6,1538.3,100,1075
463,2022-06-14 10:43:00+05:30,1538.3,1538.3,1538.3,1538.3,0,1075
464,2022-06-14 10:44:00+05:30,1538.3,1538.3,1538.3,1538.3,0,1075
465,2022-06-14 10:45:00+05:30,1538.3,1538.3,1538.3,1538.3,0,1075
466,2022-06-14 10:46:00+05:30,1538.3,1538.3,1538.3,1538.3,0,1075
467,2022-06-14 10:47:00+05:30,1538.3,1538.3,1538.3,1538.3,0,1075
468,2022-06-14 10:48:00+05:30,1538.3,1538.3,1538.3,1538.3,0,1075
469,2022-06-14 10:49:00+05:30,1538.3,1538.3,1538.3,1538.3,0,1075
470,2022-06-14 10:50:00+05:30,1538.3,1538.3,1538.3,1538.3,0,1075
471,2022-06-14 10:51:00+05:30,1538.3,1584.3,1538.3,1584.3,75,1175
472,2022-06-14 10:52:00+05:30,1584.3,1584.3,1584.3,1584.3,0,1175
473,2022-06-14 10:53:00+05:30,1584.3,1598.7,1584.3,1598.7,75,1175
474,2022-06-14 10:54:00+05:30,1598.7,1623.15,1598.7,1623.0,225,1275
475,2022-06-14 10:55:00+05:30,1623.0,1623.0,1623.0,1623.0,0,1275
476,2022-06-14 10:56:00+05:30,1623.0,1623.0,1623.0,1623.0,0,1275
477,2022-06-14 10:57:00+05:30,1623.0,1623.0,1623.0,1623.0,0,1275
478,2022-06-14 10:58:00+05:30,1623.0,1623.0,1622.3,1622.3,25,1200
479,2022-06-14 10:59:00+05:30,1622.3,1622.3,1618.75,1618.75,25,1200
480,2022-06-14 11:00:00+05:30,1618.75,1618.75,1618.75,1618.75,0,1200
481,2022-06-14 11:01:00+05:30,1618.75,1618.75,1618.75,1618.75,0,1200
482,2022-06-14 11:02:00+05:30,1618.75,1645.4,1618.75,1645.4,50,1200
483,2022-06-14 11:03:00+05:30,1645.4,1645.4,1645.4,1645.4,0,1200
484,2022-06-14 11:04:00+05:30,1645.4,1645.4,1645.4,1645.4,0,1200
485,2022-06-14 11:05:00+05:30,1645.4,1691.3,1645.4,1691.3,125,1200
486,2022-06-14 11:06:00+05:30,1691.3,1691.3,1691.3,1691.3,0,1200
487,2022-06-14 11:07:00+05:30,1691.3,1691.3,1691.3,1691.3,0,1200
488,2022-06-14 11:08:00+05:30,1691.3,1746.15,1691.3,1746.15,25,1150
489,2022-06-14 11:09:00+05:30,1746.15,1746.15,1746.15,1746.15,0,1150
490,2022-06-14 11:10:00+05:30,1746.15,1746.15,1746.15,1746.15,0,1150
491,2022-06-14 11:11:00+05:30,1746.15,1746.15,1746.15,1746.15,0,1150
492,2022-06-14 11:12:00+05:30,1746.15,1746.15,1746.15,1746.15,0,1150
493,2022-06-14 11:13:00+05:30,1746.15,1746.15,1746.15,1746.15,0,1150
494,2022-06-14 11:14:00+05:30,1746.15,1746.15,1746.15,1746.15,0,1150
495,2022-06-14 11:15:00+05:30,1746.15,1746.15,1746.15,1746.15,0,1150
496,2022-06-14 11:16:00+05:30,1746.15,1746.15,1746.15,1746.15,0,1150
497,2022-06-14 11:17:00+05:30,1746.15,1746.15,1746.15,1746.15,0,1150
498,2022-06-14 11:18:00+05:30,1746.15,1746.15,1746.15,1746.15,0,1150
499,2022-06-14 11:19:00+05:30,1746.15,1746.15,1746.15,1746.15,0,1150
500,2022-06-14 11:20:00+05:30,1746.15,1746.15,1746.15,1746.15,0,1150
501,2022-06-14 11:21:00+05:30,1746.15,1746.15,1746.15,1746.15,0,1150
502,2022-06-14 11:22:00+05:30,1746.15,1746.15,1746.15,1746.15,0,1150
503,2022-06-14 11:23:00+05:30,1746.15,1746.15,1746.15,1746.15,0,1150
504,2022-06-14 11:24:00+05:30,1746.15,1746.15,1746.15,1746.15,0,1150
505,2022-06-14 11:25:00+05:30,1746.15,1746.15,1746.15,1746.15,0,1150
506,2022-06-14 11:26:00+05:30,1746.15,1746.15,1746.15,1746.15,0,1150
507,2022-06-14 11:27:00+05:30,1746.15,1746.15,1746.15,1746.15,0,1150
508,2022-06-14 11:28:00+05:30,1746.15,1746.15,1746.15,1746.15,0,1150
509,2022-06-14 11:29:00+05:30,1746.15,1746.15,1746.15,1746.15,0,1150
510,2022-06-14 11:30:00+05:30,1746.15,1746.15,1746.15,1746.15,0,1150
511,2022-06-14 11:31:00+05:30,1746.15,1746.15,1746.15,1746.15,0,1150
512,2022-06-14 11:32:00+05:30,1746.15,1754.85,1746.15,1754.85,50,1125
513,2022-06-14 11:33:00+05:30,1754.85,1769.65,1754.85,1769.65,25,1125
514,2022-06-14 11:34:00+05:30,1769.65,1769.65,1769.65,1769.65,0,1125
515,2022-06-14 11:35:00+05:30,1769.65,1769.65,1769.65,1769.65,0,1125
516,2022-06-14 11:36:00+05:30,1769.65,1769.65,1769.65,1769.65,0,1125
517,2022-06-14 11:37:00+05:30,1769.65,1769.65,1769.65,1769.65,0,1125
518,2022-06-14 11:38:00+05:30,1769.65,1769.65,1769.65,1769.65,0,1125
519,2022-06-14 11:39:00+05:30,1769.65,1769.65,1769.65,1769.65,0,1125
520,2022-06-14 11:40:00+05:30,1769.65,1769.65,1769.65,1769.65,0,1125
521,2022-06-14 11:41:00+05:30,1769.65,1769.65,1769.65,1769.65,0,1125
522,2022-06-14 11:42:00+05:30,1769.65,1769.65,1769.65,1769.65,0,1125
523,2022-06-14 11:43:00+05:30,1769.65,1769.65,1769.65,1769.65,0,1125
524,2022-06-14 11:44:00+05:30,1769.65,1769.65,1769.65,1769.65,0,1125
525,2022-06-14 11:45:00+05:30,1769.65,1769.65,1769.65,1769.65,0,1125
526,2022-06-14 11:46:00+05:30,1769.65,1769.65,1769.65,1769.65,0,1125
527,2022-06-14 11:47:00+05:30,1769.65,1769.65,1769.65,1769.65,0,1125
528,2022-06-14 11:48:00+05:30,1769.65,1769.65,1769.65,1769.65,0,1125
529,2022-06-14 11:49:00+05:30,1769.65,1769.65,1769.65,1769.65,0,1125
530,2022-06-14 11:50:00+05:30,1769.65,1769.65,1769.65,1769.65,0,1125
531,2022-06-14 11:51:00+05:30,1769.65,1769.65,1769.65,1769.65,0,1125
532,2022-06-14 11:52:00+05:30,1769.65,1769.65,1769.65,1769.65,0,1125
533,2022-06-14 11:53:00+05:30,1769.65,1769.65,1769.65,1769.65,0,1125
534,2022-06-14 11:54:00+05:30,1769.65,1769.65,1769.65,1769.65,0,1125
535,2022-06-14 11:55:00+05:30,1769.65,1769.65,1769.65,1769.65,0,1125
536,2022-06-14 11:56:00+05:30,1769.65,1769.65,1769.65,1769.65,0,1125
537,2022-06-14 11:57:00+05:30,1769.65,1769.65,1769.65,1769.65,0,1125
538,2022-06-14 11:58:00+05:30,1769.65,1769.65,1769.65,1769.65,0,1125
539,2022-06-14 11:59:00+05:30,1769.65,1769.65,1769.65,1769.65,0,1125
540,2022-06-14 12:00:00+05:30,1769.65,1769.65,1769.65,1769.65,0,1125
541,2022-06-14 12:01:00+05:30,1769.65,1769.65,1769.65,1769.65,0,1125
542,2022-06-14 12:02:00+05:30,1769.65,1769.65,1769.65,1769.65,0,1125
543,2022-06-14 12:03:00+05:30,1769.65,1769.65,1769.65,1769.65,0,1125
544,2022-06-14 12:04:00+05:30,1769.65,1769.65,1769.65,1769.65,0,1125
545,2022-06-14 12:05:00+05:30,1769.65,1769.65,1769.65,1769.65,0,1125
546,2022-06-14 12:06:00+05:30,1769.65,1769.65,1769.65,1769.65,0,1125
547,2022-06-14 12:07:00+05:30,1769.65,1769.65,1769.65,1769.65,0,1125
548,2022-06-14 12:08:00+05:30,1769.65,1769.65,1769.65,1769.65,0,1125
549,2022-06-14 12:09:00+05:30,1769.65,1769.65,1769.65,1769.65,0,1125
550,2022-06-14 12:10:00+05:30,1769.65,1769.65,1769.65,1769.65,0,1125
551,2022-06-14 12:11:00+05:30,1769.65,1769.65,1769.65,1769.65,0,1125
552,2022-06-14 12:12:00+05:30,1769.65,1769.65,1769.65,1769.65,0,1125
553,2022-06-14 12:13:00+05:30,1769.65,1769.65,1769.65,1769.65,0,1125
554,2022-06-14 12:14:00+05:30,1769.65,1769.65,1769.65,1769.65,0,1125
555,2022-06-14 12:15:00+05:30,1769.65,1769.65,1769.65,1769.65,0,1125
556,2022-06-14 12:16:00+05:30,1769.65,1769.65,1769.65,1769.65,0,1125
557,2022-06-14 12:17:00+05:30,1769.65,1769.65,1769.65,1769.65,0,1125
558,2022-06-14 12:18:00+05:30,1769.65,1769.65,1769.65,1769.65,0,1125
559,2022-06-14 12:19:00+05:30,1769.65,1769.65,1769.65,1769.65,0,1125
560,2022-06-14 12:20:00+05:30,1769.65,1769.65,1769.65,1769.65,0,1125
561,2022-06-14 12:21:00+05:30,1769.65,1769.65,1769.65,1769.65,0,1125
562,2022-06-14 12:22:00+05:30,1769.65,1769.65,1769.65,1769.65,0,1125
563,2022-06-14 12:23:00+05:30,1769.65,1769.65,1769.65,1769.65,0,1125
564,2022-06-14 12:24:00+05:30,1769.65,1769.65,1769.65,1769.65,0,1125
565,2022-06-14 12:25:00+05:30,1769.65,1769.65,1769.65,1769.65,0,1125
566,2022-06-14 12:26:00+05:30,1769.65,1769.65,1769.65,1769.65,0,1125
567,2022-06-14 12:27:00+05:30,1769.65,1769.65,1769.65,1769.65,0,1125
568,2022-06-14 12:28:00+05:30,1769.65,1769.65,1769.65,1769.65,0,1125
569,2022-06-14 12:29:00+05:30,1769.65,1769.65,1769.65,1769.65,0,1125
570,2022-06-14 12:30:00+05:30,1769.65,1769.65,1769.65,1769.65,0,1125
571,2022-06-14 12:31:00+05:30,1769.65,1769.65,1769.65,1769.65,0,1125
572,2022-06-14 12:32:00+05:30,1769.65,1769.65,1769.65,1769.65,0,1125
573,2022-06-14 12:33:00+05:30,1769.65,1769.65,1769.65,1769.65,0,1125
574,2022-06-14 12:34:00+05:30,1769.65,1769.65,1769.65,1769.65,0,1125
575,2022-06-14 12:35:00+05:30,1769.65,1769.65,1769.65,1769.65,0,1125
576,2022-06-14 12:36:00+05:30,1769.65,1769.65,1769.65,1769.65,0,1125
577,2022-06-14 12:37:00+05:30,1769.65,1769.65,1769.65,1769.65,0,1125
578,2022-06-14 12:38:00+05:30,1769.65,1769.65,1769.65,1769.65,0,1125
579,2022-06-14 12:39:00+05:30,1769.65,1769.65,1769.65,1769.65,0,1125
580,2022-06-14 12:40:00+05:30,1769.65,1769.65,1769.65,1769.65,0,1125
581,2022-06-14 12:41:00+05:30,1769.65,1769.65,1769.65,1769.65,0,1125
582,2022-06-14 12:42:00+05:30,1769.65,1769.65,1769.65,1769.65,0,1125
583,2022-06-14 12:43:00+05:30,1769.65,1769.65,1769.65,1769.65,0,1125
584,2022-06-14 12:44:00+05:30,1769.65,1769.65,1769.65,1769.65,0,1125
585,2022-06-14 12:45:00+05:30,1769.65,1769.65,1769.65,1769.65,0,1125
586,2022-06-14 12:46:00+05:30,1769.65,1769.65,1769.65,1769.65,0,1125
587,2022-06-14 12:47:00+05:30,1769.65,1769.65,1769.65,1769.65,0,1125
588,2022-06-14 12:48:00+05:30,1769.65,1769.65,1769.65,1769.65,0,1125
589,2022-06-14 12:49:00+05:30,1769.65,1769.65,1769.65,1769.65,0,1125
590,2022-06-14 12:50:00+05:30,1769.65,1769.65,1769.65,1769.65,0,1125
591,2022-06-14 12:51:00+05:30,1769.65,1769.65,1769.65,1769.65,0,1125
592,2022-06-14 12:52:00+05:30,1769.65,1769.65,1769.65,1769.65,0,1125
593,2022-06-14 12:53:00+05:30,1769.65,1769.65,1769.65,1769.65,0,1125
594,2022-06-14 12:54:00+05:30,1769.65,1769.65,1769.65,1769.65,0,1125
595,2022-06-14 12:55:00+05:30,1769.65,1769.65,1769.65,1769.65,0,1125
596,2022-06-14 12:56:00+05:30,1769.65,1769.65,1769.65,1769.65,0,1125
597,2022-06-14 12:57:00+05:30,1769.65,1769.65,1769.65,1769.65,0,1125
598,2022-06-14 12:58:00+05:30,1769.65,1769.65,1769.65,1769.65,0,1125
599,2022-06-14 12:59:00+05:30,1769.65,1769.65,1769.65,1769.65,0,1125
600,2022-06-14 13:00:00+05:30,1769.65,1769.65,1769.65,1769.65,0,1125
601,2022-06-14 13:01:00+05:30,1769.65,1769.65,1769.65,1769.65,0,1125
602,2022-06-14 13:02:00+05:30,1769.65,1769.65,1769.65,1769.65,0,1125
603,2022-06-14 13:03:00+05:30,1769.65,1769.65,1769.65,1769.65,0,1125
604,2022-06-14 13:04:00+05:30,1769.65,1769.65,1769.65,1769.65,0,1125
605,2022-06-14 13:05:00+05:30,1769.65,1769.65,1769.65,1769.65,0,1125
606,2022-06-14 13:06:00+05:30,1769.65,1769.65,1769.65,1769.65,0,1125
607,2022-06-14 13:07:00+05:30,1769.65,1769.65,1769.65,1769.65,0,1125
608,2022-06-14 13:08:00+05:30,1769.65,1769.65,1769.65,1769.65,0,1125
609,2022-06-14 13:09:00+05:30,1769.65,1769.65,1769.65,1769.65,0,1125
610,2022-06-14 13:10:00+05:30,1769.65,1769.65,1769.65,1769.65,0,1125
611,2022-06-14 13:11:00+05:30,1769.65,1769.65,1769.65,1769.65,0,1125
612,2022-06-14 13:12:00+05:30,1769.65,1769.65,1769.65,1769.65,0,1125
613,2022-06-14 13:13:00+05:30,1769.65,1769.65,1769.65,1769.65,0,1125
614,2022-06-14 13:14:00+05:30,1769.65,1769.65,1769.65,1769.65,0,1125
615,2022-06-14 13:15:00+05:30,1769.65,1769.65,1769.65,1769.65,0,1125
616,2022-06-14 13:16:00+05:30,1769.65,1769.65,1769.65,1769.65,0,1125
617,2022-06-14 13:17:00+05:30,1769.65,1769.65,1769.65,1769.65,0,1125
618,2022-06-14 13:18:00+05:30,1769.65,1769.65,1769.65,1769.65,0,1125
619,2022-06-14 13:19:00+05:30,1769.65,1769.65,1769.65,1769.65,0,1125
620,2022-06-14 13:20:00+05:30,1769.65,1769.65,1769.65,1769.65,0,1125
621,2022-06-14 13:21:00+05:30,1769.65,1769.65,1769.65,1769.65,0,1125
622,2022-06-14 13:22:00+05:30,1769.65,1769.65,1769.65,1769.65,0,1125
623,2022-06-14 13:23:00+05:30,1769.65,1769.65,1769.65,1769.65,0,1125
624,2022-06-14 13:24:00+05:30,1769.65,1769.65,1769.65,1769.65,0,1125
625,2022-06-14 13:25:00+05:30,1769.65,1769.65,1582.4,1582.4,25,1125
626,2022-06-14 13:26:00+05:30,1582.4,1582.4,1582.4,1582.4,0,1125
627,2022-06-14 13:27:00+05:30,1582.4,1582.4,1582.4,1582.4,0,1125
628,2022-06-14 13:28:00+05:30,1582.4,1582.4,1582.4,1582.4,0,1125
629,2022-06-14 13:29:00+05:30,1582.4,1582.4,1582.4,1582.4,0,1125
630,2022-06-14 13:30:00+05:30,1582.4,1582.4,1582.4,1582.4,0,1125
631,2022-06-14 13:31:00+05:30,1582.4,1582.4,1582.4,1582.4,0,1125
632,2022-06-14 13:32:00+05:30,1582.4,1582.4,1582.4,1582.4,0,1125
633,2022-06-14 13:33:00+05:30,1582.4,1582.4,1582.4,1582.4,0,1125
634,2022-06-14 13:34:00+05:30,1582.4,1582.4,1582.4,1582.4,0,1125
635,2022-06-14 13:35:00+05:30,1582.4,1582.4,1582.4,1582.4,0,1125
636,2022-06-14 13:36:00+05:30,1582.4,1582.4,1582.4,1582.4,0,1125
637,2022-06-14 13:37:00+05:30,1582.4,1582.4,1582.4,1582.4,0,1125
638,2022-06-14 13:38:00+05:30,1582.4,1582.4,1582.4,1582.4,0,1125
639,2022-06-14 13:39:00+05:30,1582.4,1582.4,1582.4,1582.4,0,1125
640,2022-06-14 13:40:00+05:30,1582.4,1582.4,1582.4,1582.4,0,1125
641,2022-06-14 13:41:00+05:30,1582.4,1582.4,1582.4,1582.4,0,1125
642,2022-06-14 13:42:00+05:30,1582.4,1582.4,1582.4,1582.4,0,1125
643,2022-06-14 13:43:00+05:30,1582.4,1582.4,1582.4,1582.4,0,1125
644,2022-06-14 13:44:00+05:30,1582.4,1582.4,1582.4,1582.4,0,1125
645,2022-06-14 13:45:00+05:30,1582.4,1582.4,1582.4,1582.4,0,1125
646,2022-06-14 13:46:00+05:30,1582.4,1582.4,1582.4,1582.4,0,1125
647,2022-06-14 13:47:00+05:30,1582.4,1582.4,1582.4,1582.4,0,1125
648,2022-06-14 13:48:00+05:30,1582.4,1582.4,1582.4,1582.4,0,1125
649,2022-06-14 13:49:00+05:30,1582.4,1582.4,1582.4,1582.4,0,1125
650,2022-06-14 13:50:00+05:30,1582.4,1582.4,1582.4,1582.4,0,1125
651,2022-06-14 13:51:00+05:30,1582.4,1582.4,1582.4,1582.4,0,1125
652,2022-06-14 13:52:00+05:30,1582.4,1582.4,1582.4,1582.4,0,1125
653,2022-06-14 13:53:00+05:30,1582.4,1582.4,1582.4,1582.4,0,1125
654,2022-06-14 13:54:00+05:30,1582.4,1582.4,1582.4,1582.4,0,1125
655,2022-06-14 13:55:00+05:30,1582.4,1582.4,1582.4,1582.4,0,1125
656,2022-06-14 13:56:00+05:30,1582.4,1582.4,1582.4,1582.4,0,1125
657,2022-06-14 13:57:00+05:30,1582.4,1582.4,1582.4,1582.4,0,1125
658,2022-06-14 13:58:00+05:30,1582.4,1582.4,1582.4,1582.4,0,1125
659,2022-06-14 13:59:00+05:30,1582.4,1582.4,1582.4,1582.4,0,1125
660,2022-06-14 14:00:00+05:30,1582.4,1582.4,1582.4,1582.4,0,1125
661,2022-06-14 14:01:00+05:30,1582.4,1582.4,1582.4,1582.4,0,1125
662,2022-06-14 14:02:00+05:30,1582.4,1582.4,1582.4,1582.4,0,1125
663,2022-06-14 14:03:00+05:30,1582.4,1582.4,1582.4,1582.4,0,1125
664,2022-06-14 14:04:00+05:30,1582.4,1582.4,1582.4,1582.4,0,1125
665,2022-06-14 14:05:00+05:30,1582.4,1582.4,1582.4,1582.4,0,1125
666,2022-06-14 14:06:00+05:30,1582.4,1582.4,1432.95,1432.95,25,1125
667,2022-06-14 14:07:00+05:30,1432.95,1432.95,1432.95,1432.95,0,1125
668,2022-06-14 14:08:00+05:30,1432.95,1432.95,1432.95,1432.95,0,1125
669,2022-06-14 14:09:00+05:30,1432.95,1432.95,1432.95,1432.95,0,1125
670,2022-06-14 14:10:00+05:30,1432.95,1432.95,1432.95,1432.95,0,1125
671,2022-06-14 14:11:00+05:30,1432.95,1432.95,1432.95,1432.95,0,1125
672,2022-06-14 14:12:00+05:30,1432.95,1432.95,1432.95,1432.95,0,1125
673,2022-06-14 14:13:00+05:30,1432.95,1432.95,1432.95,1432.95,0,1125
674,2022-06-14 14:14:00+05:30,1432.95,1432.95,1432.95,1432.95,0,1125
675,2022-06-14 14:15:00+05:30,1432.95,1432.95,1432.95,1432.95,0,1125
676,2022-06-14 14:16:00+05:30,1432.95,1432.95,1432.95,1432.95,0,1125
677,2022-06-14 14:17:00+05:30,1432.95,1432.95,1432.95,1432.95,0,1125
678,2022-06-14 14:18:00+05:30,1432.95,1432.95,1432.95,1432.95,0,1125
679,2022-06-14 14:19:00+05:30,1432.95,1432.95,1432.95,1432.95,0,1125
680,2022-06-14 14:20:00+05:30,1432.95,1432.95,1432.95,1432.95,0,1125
681,2022-06-14 14:21:00+05:30,1432.95,1432.95,1432.95,1432.95,0,1125
682,2022-06-14 14:22:00+05:30,1432.95,1432.95,1432.95,1432.95,0,1125
683,2022-06-14 14:23:00+05:30,1432.95,1432.95,1432.95,1432.95,0,1125
684,2022-06-14 14:24:00+05:30,1432.95,1432.95,1432.95,1432.95,0,1125
685,2022-06-14 14:25:00+05:30,1432.95,1432.95,1432.95,1432.95,0,1125
686,2022-06-14 14:26:00+05:30,1432.95,1432.95,1432.95,1432.95,0,1125
687,2022-06-14 14:27:00+05:30,1432.95,1432.95,1432.95,1432.95,0,1125
688,2022-06-14 14:28:00+05:30,1432.95,1432.95,1432.95,1432.95,0,1125
689,2022-06-14 14:29:00+05:30,1432.95,1432.95,1432.95,1432.95,0,1125
690,2022-06-14 14:30:00+05:30,1432.95,1432.95,1432.95,1432.95,0,1125
691,2022-06-14 14:31:00+05:30,1432.95,1432.95,1432.95,1432.95,0,1125
692,2022-06-14 14:32:00+05:30,1432.95,1432.95,1432.95,1432.95,0,1125
693,2022-06-14 14:33:00+05:30,1432.95,1432.95,1432.95,1432.95,0,1125
694,2022-06-14 14:34:00+05:30,1432.95,1432.95,1432.95,1432.95,0,1125
695,2022-06-14 14:35:00+05:30,1432.95,1432.95,1432.95,1432.95,0,1125
696,2022-06-14 14:36:00+05:30,1432.95,1432.95,1432.95,1432.95,0,1125
697,2022-06-14 14:37:00+05:30,1432.95,1432.95,1432.95,1432.95,0,1125
698,2022-06-14 14:38:00+05:30,1432.95,1432.95,1432.95,1432.95,0,1125
699,2022-06-14 14:39:00+05:30,1432.95,1432.95,1432.95,1432.95,0,1125
700,2022-06-14 14:40:00+05:30,1432.95,1432.95,1432.95,1432.95,0,1125
701,2022-06-14 14:41:00+05:30,1432.95,1432.95,1432.95,1432.95,0,1125
702,2022-06-14 14:42:00+05:30,1432.95,1432.95,1432.95,1432.95,0,1125
703,2022-06-14 14:43:00+05:30,1432.95,1432.95,1432.95,1432.95,0,1125
704,2022-06-14 14:44:00+05:30,1432.95,1432.95,1432.95,1432.95,0,1125
705,2022-06-14 14:45:00+05:30,1432.95,1432.95,1432.95,1432.95,0,1125
706,2022-06-14 14:46:00+05:30,1432.95,1432.95,1432.95,1432.95,0,1125
707,2022-06-14 14:47:00+05:30,1432.95,1432.95,1432.95,1432.95,0,1125
708,2022-06-14 14:48:00+05:30,1432.95,1432.95,1432.95,1432.95,0,1125
709,2022-06-14 14:49:00+05:30,1432.95,1432.95,1432.95,1432.95,0,1125
710,2022-06-14 14:50:00+05:30,1432.95,1432.95,1432.95,1432.95,0,1125
711,2022-06-14 14:51:00+05:30,1432.95,1432.95,1432.95,1432.95,0,1125
712,2022-06-14 14:52:00+05:30,1432.95,1432.95,1432.95,1432.95,0,1125
713,2022-06-14 14:53:00+05:30,1432.95,1432.95,1432.95,1432.95,0,1125
714,2022-06-14 14:54:00+05:30,1432.95,1432.95,1432.95,1432.95,0,1125
715,2022-06-14 14:55:00+05:30,1432.95,1432.95,1432.95,1432.95,0,1125
716,2022-06-14 14:56:00+05:30,1432.95,1432.95,1432.95,1432.95,0,1125
717,2022-06-14 14:57:00+05:30,1432.95,1432.95,1432.95,1432.95,0,1125
718,2022-06-14 14:58:00+05:30,1432.95,1432.95,1432.95,1432.95,0,1125
719,2022-06-14 14:59:00+05:30,1432.95,1432.95,1432.95,1432.95,0,1125
720,2022-06-14 15:00:00+05:30,1432.95,1432.95,1432.95,1432.95,0,1125
721,2022-06-14 15:01:00+05:30,1432.95,1432.95,1432.95,1432.95,0,1125
722,2022-06-14 15:02:00+05:30,1432.95,1432.95,1432.95,1432.95,0,1125
723,2022-06-14 15:03:00+05:30,1432.95,1432.95,1432.95,1432.95,0,1125
724,2022-06-14 15:04:00+05:30,1432.95,1432.95,1350.0,1350.0,25,1125
725,2022-06-14 15:05:00+05:30,1350.0,1350.0,1350.0,1350.0,0,1125
726,2022-06-14 15:06:00+05:30,1350.0,1350.0,1350.0,1350.0,0,1125
727,2022-06-14 15:07:00+05:30,1350.0,1350.0,1350.0,1350.0,0,1125
728,2022-06-14 15:08:00+05:30,1350.0,1350.0,1350.0,1350.0,0,1125
729,2022-06-14 15:09:00+05:30,1350.0,1350.0,1350.0,1350.0,0,1125
730,2022-06-14 15:10:00+05:30,1350.0,1388.3,1350.0,1388.3,25,1100
731,2022-06-14 15:11:00+05:30,1388.3,1388.3,1388.3,1388.3,0,1100
732,2022-06-14 15:12:00+05:30,1388.3,1388.3,1388.3,1388.3,0,1100
733,2022-06-14 15:13:00+05:30,1388.3,1388.3,1388.3,1388.3,0,1100
734,2022-06-14 15:14:00+05:30,1388.3,1388.3,1388.3,1388.3,0,1100
735,2022-06-14 15:15:00+05:30,1388.3,1388.3,1388.3,1388.3,0,1100
736,2022-06-14 15:16:00+05:30,1388.3,1388.3,1388.3,1388.3,0,1100
737,2022-06-14 15:17:00+05:30,1388.3,1388.3,1388.3,1388.3,0,1100
738,2022-06-14 15:18:00+05:30,1388.3,1388.3,1388.3,1388.3,0,1100
739,2022-06-14 15:19:00+05:30,1388.3,1388.3,1388.3,1388.3,0,1100
740,2022-06-14 15:20:00+05:30,1388.3,1388.3,1388.3,1388.3,0,1100
741,2022-06-14 15:21:00+05:30,1388.3,1388.3,1388.3,1388.3,0,1100
742,2022-06-14 15:22:00+05:30,1388.3,1388.3,1388.3,1388.3,0,1100
743,2022-06-14 15:23:00+05:30,1388.3,1388.3,1388.3,1388.3,0,1100
744,2022-06-14 15:24:00+05:30,1388.3,1388.3,1388.3,1388.3,0,1100
745,2022-06-14 15:25:00+05:30,1388.3,1388.3,1388.3,1388.3,0,1100
746,2022-06-14 15:26:00+05:30,1388.3,1388.3,1388.3,1388.3,0,1100
747,2022-06-14 15:27:00+05:30,1388.3,1388.3,1388.3,1388.3,0,1100
748,2022-06-14 15:28:00+05:30,1388.3,1388.3,1388.3,1388.3,0,1100
749,2022-06-14 15:29:00+05:30,1388.3,1388.3,1388.3,1388.3,0,1100
750,2022-06-15 09:43:00+05:30,1407.75,1407.75,1407.75,1407.75,0,1125
751,2022-06-15 09:44:00+05:30,1407.75,1407.75,1407.75,1407.75,0,1125
752,2022-06-15 09:45:00+05:30,1407.75,1407.75,1407.75,1407.75,0,1125
753,2022-06-15 09:46:00+05:30,1407.75,1407.75,1407.75,1407.75,0,1125
754,2022-06-15 09:47:00+05:30,1407.75,1407.75,1407.75,1407.75,0,1125
755,2022-06-15 09:48:00+05:30,1407.75,1407.75,1407.75,1407.75,0,1125
756,2022-06-15 09:49:00+05:30,1407.75,1407.75,1407.75,1407.75,0,1125
757,2022-06-15 09:50:00+05:30,1407.75,1407.75,1407.75,1407.75,0,1125
758,2022-06-15 09:51:00+05:30,1407.75,1407.75,1407.75,1407.75,0,1125
759,2022-06-15 09:52:00+05:30,1407.75,1407.75,1407.75,1407.75,0,1125
760,2022-06-15 09:53:00+05:30,1407.75,1407.75,1407.75,1407.75,0,1125
761,2022-06-15 09:54:00+05:30,1407.75,1407.75,1407.75,1407.75,0,1125
762,2022-06-15 09:55:00+05:30,1407.75,1407.75,1407.75,1407.75,0,1125
763,2022-06-15 09:56:00+05:30,1407.75,1407.75,1407.75,1407.75,0,1125
764,2022-06-15 09:57:00+05:30,1407.75,1407.75,1407.75,1407.75,0,1125
765,2022-06-15 09:58:00+05:30,1407.75,1407.75,1407.75,1407.75,0,1125
766,2022-06-15 09:59:00+05:30,1407.75,1407.75,1407.75,1407.75,0,1125
767,2022-06-15 10:00:00+05:30,1407.75,1407.75,1407.75,1407.75,0,1125
768,2022-06-15 10:01:00+05:30,1407.75,1407.75,1407.75,1407.75,0,1125
769,2022-06-15 10:02:00+05:30,1407.75,1407.75,1407.75,1407.75,0,1125
770,2022-06-15 10:03:00+05:30,1407.75,1407.75,1407.75,1407.75,0,1125
771,2022-06-15 10:04:00+05:30,1407.75,1407.75,1407.75,1407.75,0,1125
772,2022-06-15 10:05:00+05:30,1407.75,1407.75,1407.75,1407.75,0,1125
773,2022-06-15 10:06:00+05:30,1407.75,1407.75,1407.75,1407.75,0,1125
774,2022-06-15 10:07:00+05:30,1407.75,1407.75,1407.75,1407.75,0,1125
775,2022-06-15 10:08:00+05:30,1407.75,1407.75,1407.75,1407.75,0,1125
776,2022-06-15 10:09:00+05:30,1407.75,1475.2,1407.75,1475.2,50,1150
777,2022-06-15 10:10:00+05:30,1475.2,1475.2,1475.2,1475.2,0,1150
778,2022-06-15 10:11:00+05:30,1475.2,1475.2,1475.2,1475.2,0,1150
779,2022-06-15 10:12:00+05:30,1475.2,1475.2,1475.2,1475.2,0,1150
780,2022-06-15 10:13:00+05:30,1475.2,1475.2,1475.2,1475.2,0,1150
781,2022-06-15 10:14:00+05:30,1475.2,1475.2,1475.2,1475.2,0,1150
782,2022-06-15 10:15:00+05:30,1475.2,1475.2,1475.2,1475.2,0,1150
783,2022-06-15 10:16:00+05:30,1475.2,1475.2,1475.2,1475.2,0,1150
784,2022-06-15 10:17:00+05:30,1475.2,1475.2,1475.2,1475.2,0,1150
785,2022-06-15 10:18:00+05:30,1475.2,1475.2,1475.2,1475.2,0,1150
786,2022-06-15 10:19:00+05:30,1475.2,1475.2,1475.2,1475.2,0,1150
787,2022-06-15 10:20:00+05:30,1475.2,1475.2,1475.2,1475.2,0,1150
788,2022-06-15 10:21:00+05:30,1475.2,1475.2,1475.2,1475.2,0,1150
789,2022-06-15 10:22:00+05:30,1475.2,1475.2,1475.2,1475.2,0,1150
790,2022-06-15 10:23:00+05:30,1475.2,1475.2,1475.2,1475.2,0,1150
791,2022-06-15 10:24:00+05:30,1475.2,1475.2,1475.2,1475.2,0,1150
792,2022-06-15 10:25:00+05:30,1475.2,1475.2,1475.2,1475.2,0,1150
793,2022-06-15 10:26:00+05:30,1475.2,1475.2,1475.2,1475.2,0,1150
794,2022-06-15 10:27:00+05:30,1475.2,1475.2,1475.2,1475.2,0,1150
795,2022-06-15 10:28:00+05:30,1475.2,1475.2,1475.2,1475.2,0,1150
796,2022-06-15 10:29:00+05:30,1475.2,1475.2,1475.2,1475.2,0,1150
797,2022-06-15 10:30:00+05:30,1475.2,1475.2,1475.2,1475.2,0,1150
798,2022-06-15 10:31:00+05:30,1475.2,1475.2,1475.2,1475.2,0,1150
799,2022-06-15 10:32:00+05:30,1475.2,1475.2,1475.2,1475.2,0,1150
800,2022-06-15 10:33:00+05:30,1475.2,1475.2,1475.2,1475.2,0,1150
801,2022-06-15 10:34:00+05:30,1475.2,1475.2,1475.2,1475.2,0,1150
802,2022-06-15 10:35:00+05:30,1475.2,1475.2,1475.2,1475.2,0,1150
803,2022-06-15 10:36:00+05:30,1475.2,1475.2,1475.2,1475.2,0,1150
804,2022-06-15 10:37:00+05:30,1475.2,1475.2,1475.2,1475.2,0,1150
805,2022-06-15 10:38:00+05:30,1475.2,1475.2,1475.2,1475.2,0,1150
806,2022-06-15 10:39:00+05:30,1475.2,1475.2,1475.2,1475.2,0,1150
807,2022-06-15 10:40:00+05:30,1475.2,1475.2,1475.2,1475.2,0,1150
808,2022-06-15 10:41:00+05:30,1475.2,1475.2,1475.2,1475.2,0,1150
809,2022-06-15 10:42:00+05:30,1475.2,1475.2,1475.2,1475.2,0,1150
810,2022-06-15 10:43:00+05:30,1475.2,1475.2,1475.2,1475.2,0,1150
811,2022-06-15 10:44:00+05:30,1475.2,1475.2,1475.2,1475.2,0,1150
812,2022-06-15 10:45:00+05:30,1475.2,1475.2,1475.2,1475.2,0,1150
813,2022-06-15 10:46:00+05:30,1475.2,1475.2,1475.2,1475.2,0,1150
814,2022-06-15 10:47:00+05:30,1475.2,1475.2,1475.2,1475.2,0,1150
815,2022-06-15 10:48:00+05:30,1475.2,1475.2,1475.2,1475.2,0,1150
816,2022-06-15 10:49:00+05:30,1475.2,1475.2,1475.2,1475.2,0,1150
817,2022-06-15 10:50:00+05:30,1475.2,1475.2,1475.2,1475.2,0,1150
818,2022-06-15 10:51:00+05:30,1475.2,1475.2,1475.2,1475.2,0,1150
819,2022-06-15 10:52:00+05:30,1475.2,1475.2,1475.2,1475.2,0,1150
820,2022-06-15 10:53:00+05:30,1475.2,1475.2,1475.2,1475.2,0,1150
821,2022-06-15 10:54:00+05:30,1475.2,1475.2,1475.2,1475.2,0,1150
822,2022-06-15 10:55:00+05:30,1475.2,1475.2,1475.2,1475.2,0,1150
823,2022-06-15 10:56:00+05:30,1475.2,1475.2,1475.2,1475.2,0,1150
824,2022-06-15 10:57:00+05:30,1475.2,1475.2,1475.2,1475.2,0,1150
825,2022-06-15 10:58:00+05:30,1475.2,1475.2,1475.2,1475.2,0,1150
826,2022-06-15 10:59:00+05:30,1475.2,1475.2,1475.2,1475.2,0,1150
827,2022-06-15 11:00:00+05:30,1475.2,1475.2,1475.2,1475.2,0,1150
828,2022-06-15 11:01:00+05:30,1475.2,1475.2,1475.2,1475.2,0,1150
829,2022-06-15 11:02:00+05:30,1475.2,1475.2,1475.2,1475.2,0,1150
830,2022-06-15 11:03:00+05:30,1475.2,1475.2,1475.2,1475.2,0,1150
831,2022-06-15 11:04:00+05:30,1475.2,1475.2,1475.2,1475.2,0,1150
832,2022-06-15 11:05:00+05:30,1475.2,1475.2,1475.2,1475.2,0,1150
833,2022-06-15 11:06:00+05:30,1475.2,1475.2,1475.2,1475.2,0,1150
834,2022-06-15 11:07:00+05:30,1475.2,1475.2,1475.2,1475.2,0,1150
835,2022-06-15 11:08:00+05:30,1475.2,1475.2,1475.2,1475.2,0,1150
836,2022-06-15 11:09:00+05:30,1475.2,1475.2,1475.2,1475.2,0,1150
837,2022-06-15 11:10:00+05:30,1475.2,1475.2,1475.2,1475.2,0,1150
838,2022-06-15 11:11:00+05:30,1475.2,1475.2,1475.2,1475.2,0,1150
839,2022-06-15 11:12:00+05:30,1475.2,1475.2,1475.2,1475.2,0,1150
840,2022-06-15 11:13:00+05:30,1475.2,1475.2,1475.2,1475.2,0,1150
841,2022-06-15 11:14:00+05:30,1475.2,1475.2,1475.2,1475.2,0,1150
842,2022-06-15 11:15:00+05:30,1475.2,1475.2,1475.2,1475.2,0,1150
843,2022-06-15 11:16:00+05:30,1475.2,1475.2,1475.2,1475.2,0,1150
844,2022-06-15 11:17:00+05:30,1475.2,1475.2,1475.2,1475.2,0,1150
845,2022-06-15 11:18:00+05:30,1475.2,1475.2,1475.2,1475.2,0,1150
846,2022-06-15 11:19:00+05:30,1475.2,1475.2,1475.2,1475.2,0,1150
847,2022-06-15 11:20:00+05:30,1475.2,1475.2,1475.2,1475.2,0,1150
848,2022-06-15 11:21:00+05:30,1475.2,1475.2,1475.2,1475.2,0,1150
849,2022-06-15 11:22:00+05:30,1475.2,1475.2,1475.2,1475.2,0,1150
850,2022-06-15 11:23:00+05:30,1475.2,1475.2,1475.2,1475.2,0,1150
851,2022-06-15 11:24:00+05:30,1475.2,1475.2,1475.2,1475.2,0,1150
852,2022-06-15 11:25:00+05:30,1475.2,1475.2,1475.2,1475.2,0,1150
853,2022-06-15 11:26:00+05:30,1475.2,1475.2,1475.2,1475.2,0,1150
854,2022-06-15 11:27:00+05:30,1475.2,1475.2,1475.2,1475.2,0,1150
855,2022-06-15 11:28:00+05:30,1475.2,1475.2,1475.2,1475.2,0,1150
856,2022-06-15 11:29:00+05:30,1475.2,1475.2,1475.2,1475.2,0,1150
857,2022-06-15 11:30:00+05:30,1475.2,1475.2,1475.2,1475.2,0,1150
858,2022-06-15 11:31:00+05:30,1475.2,1475.2,1475.2,1475.2,0,1150
859,2022-06-15 11:32:00+05:30,1475.2,1475.2,1475.2,1475.2,0,1150
860,2022-06-15 11:33:00+05:30,1475.2,1475.2,1475.2,1475.2,0,1150
861,2022-06-15 11:34:00+05:30,1475.2,1475.2,1475.2,1475.2,0,1150
862,2022-06-15 11:35:00+05:30,1475.2,1475.2,1475.2,1475.2,0,1150
863,2022-06-15 11:36:00+05:30,1475.2,1475.2,1475.2,1475.2,0,1150
864,2022-06-15 11:37:00+05:30,1475.2,1475.2,1475.2,1475.2,0,1150
865,2022-06-15 11:38:00+05:30,1475.2,1475.2,1475.2,1475.2,0,1150
866,2022-06-15 11:39:00+05:30,1475.2,1475.2,1475.2,1475.2,0,1150
867,2022-06-15 11:40:00+05:30,1475.2,1475.2,1475.2,1475.2,0,1150
868,2022-06-15 11:41:00+05:30,1475.2,1475.2,1475.2,1475.2,0,1150
869,2022-06-15 11:42:00+05:30,1475.2,1475.2,1475.2,1475.2,0,1150
870,2022-06-15 11:43:00+05:30,1475.2,1475.2,1475.2,1475.2,0,1150
871,2022-06-15 11:44:00+05:30,1475.2,1475.2,1475.2,1475.2,0,1150
872,2022-06-15 11:45:00+05:30,1475.2,1475.2,1475.2,1475.2,0,1150
873,2022-06-15 11:46:00+05:30,1475.2,1475.2,1475.2,1475.2,0,1150
874,2022-06-15 11:47:00+05:30,1475.2,1475.2,1475.2,1475.2,0,1150
875,2022-06-15 11:48:00+05:30,1475.2,1475.2,1475.2,1475.2,0,1150
876,2022-06-15 11:49:00+05:30,1475.2,1475.2,1475.2,1475.2,0,1150
877,2022-06-15 11:50:00+05:30,1475.2,1475.2,1475.2,1475.2,0,1150
878,2022-06-15 11:51:00+05:30,1475.2,1475.2,1475.2,1475.2,0,1150
879,2022-06-15 11:52:00+05:30,1475.2,1475.2,1475.2,1475.2,0,1150
880,2022-06-15 11:53:00+05:30,1475.2,1475.2,1475.2,1475.2,0,1150
881,2022-06-15 11:54:00+05:30,1475.2,1475.2,1475.2,1475.2,0,1150
882,2022-06-15 11:55:00+05:30,1475.2,1475.2,1475.2,1475.2,0,1150
883,2022-06-15 11:56:00+05:30,1475.2,1475.2,1475.2,1475.2,0,1150
884,2022-06-15 11:57:00+05:30,1475.2,1475.2,1475.2,1475.2,0,1150
885,2022-06-15 11:58:00+05:30,1475.2,1475.2,1475.2,1475.2,0,1150
886,2022-06-15 11:59:00+05:30,1475.2,1475.2,1475.2,1475.2,0,1150
887,2022-06-15 12:00:00+05:30,1475.2,1475.2,1475.2,1475.2,0,1150
888,2022-06-15 12:01:00+05:30,1475.2,1475.2,1475.2,1475.2,0,1150
889,2022-06-15 12:02:00+05:30,1475.2,1475.2,1475.2,1475.2,0,1150
890,2022-06-15 12:03:00+05:30,1475.2,1475.2,1475.2,1475.2,0,1150
891,2022-06-15 12:04:00+05:30,1475.2,1475.2,1475.2,1475.2,0,1150
892,2022-06-15 12:05:00+05:30,1475.2,1475.2,1475.2,1475.2,0,1150
893,2022-06-15 12:06:00+05:30,1475.2,1475.2,1475.2,1475.2,0,1150
894,2022-06-15 12:07:00+05:30,1475.2,1475.2,1475.2,1475.2,0,1150
895,2022-06-15 12:08:00+05:30,1475.2,1475.2,1475.2,1475.2,0,1150
896,2022-06-15 12:09:00+05:30,1475.2,1475.2,1475.2,1475.2,0,1150
897,2022-06-15 12:10:00+05:30,1475.2,1475.2,1475.2,1475.2,0,1150
898,2022-06-15 12:11:00+05:30,1475.2,1475.2,1475.2,1475.2,0,1150
899,2022-06-15 12:12:00+05:30,1475.2,1475.2,1475.2,1475.2,0,1150
900,2022-06-15 12:13:00+05:30,1475.2,1475.2,1475.2,1475.2,0,1150
901,2022-06-15 12:14:00+05:30,1475.2,1475.2,1475.2,1475.2,0,1150
902,2022-06-15 12:15:00+05:30,1475.2,1475.2,1475.2,1475.2,0,1150
903,2022-06-15 12:16:00+05:30,1475.2,1475.2,1475.2,1475.2,0,1150
904,2022-06-15 12:17:00+05:30,1475.2,1475.2,1475.2,1475.2,0,1150
905,2022-06-15 12:18:00+05:30,1475.2,1475.2,1475.2,1475.2,0,1150
906,2022-06-15 12:19:00+05:30,1475.2,1475.2,1475.2,1475.2,0,1150
907,2022-06-15 12:20:00+05:30,1475.2,1475.2,1475.2,1475.2,0,1150
908,2022-06-15 12:21:00+05:30,1475.2,1475.2,1475.2,1475.2,0,1150
909,2022-06-15 12:22:00+05:30,1475.2,1475.2,1475.2,1475.2,0,1150
910,2022-06-15 12:23:00+05:30,1475.2,1475.2,1475.2,1475.2,0,1150
911,2022-06-15 12:24:00+05:30,1475.2,1475.2,1475.2,1475.2,0,1150
912,2022-06-15 12:25:00+05:30,1475.2,1475.2,1475.2,1475.2,0,1150
913,2022-06-15 12:26:00+05:30,1475.2,1475.2,1475.2,1475.2,0,1150
914,2022-06-15 12:27:00+05:30,1475.2,1475.2,1475.2,1475.2,0,1150
915,2022-06-15 12:28:00+05:30,1475.2,1475.2,1475.2,1475.2,0,1150
916,2022-06-15 12:29:00+05:30,1475.2,1475.2,1475.2,1475.2,0,1150
917,2022-06-15 12:30:00+05:30,1475.2,1475.2,1475.2,1475.2,0,1150
918,2022-06-15 12:31:00+05:30,1475.2,1475.2,1475.2,1475.2,0,1150
919,2022-06-15 12:32:00+05:30,1475.2,1475.2,1475.2,1475.2,0,1150
920,2022-06-15 12:33:00+05:30,1475.2,1475.2,1475.2,1475.2,0,1150
921,2022-06-15 12:34:00+05:30,1475.2,1475.2,1475.2,1475.2,0,1150
922,2022-06-15 12:35:00+05:30,1475.2,1475.2,1475.2,1475.2,0,1150
923,2022-06-15 12:36:00+05:30,1475.2,1475.2,1475.2,1475.2,0,1150
924,2022-06-15 12:37:00+05:30,1475.2,1475.2,1475.2,1475.2,0,1150
925,2022-06-15 12:38:00+05:30,1475.2,1475.2,1475.2,1475.2,0,1150
926,2022-06-15 12:39:00+05:30,1475.2,1475.2,1475.2,1475.2,0,1150
927,2022-06-15 12:40:00+05:30,1475.2,1475.2,1475.2,1475.2,0,1150
928,2022-06-15 12:41:00+05:30,1475.2,1475.2,1475.2,1475.2,0,1150
929,2022-06-15 12:42:00+05:30,1475.2,1475.2,1475.2,1475.2,0,1150
930,2022-06-15 12:43:00+05:30,1475.2,1475.2,1475.2,1475.2,0,1150
931,2022-06-15 12:44:00+05:30,1475.2,1475.2,1475.2,1475.2,0,1150
932,2022-06-15 12:45:00+05:30,1475.2,1475.2,1475.2,1475.2,0,1150
933,2022-06-15 12:46:00+05:30,1475.2,1475.2,1475.2,1475.2,0,1150
934,2022-06-15 12:47:00+05:30,1475.2,1620.0,1475.2,1620.0,25,1200
935,2022-06-15 12:48:00+05:30,1620.0,1620.0,1620.0,1620.0,0,1200
936,2022-06-15 12:49:00+05:30,1620.0,1620.0,1620.0,1620.0,0,1200
937,2022-06-15 12:50:00+05:30,1620.0,1620.0,1620.0,1620.0,0,1200
938,2022-06-15 12:51:00+05:30,1620.0,1620.0,1620.0,1620.0,0,1200
939,2022-06-15 12:52:00+05:30,1620.0,1620.0,1620.0,1620.0,0,1200
940,2022-06-15 12:53:00+05:30,1620.0,1620.0,1620.0,1620.0,0,1200
941,2022-06-15 12:54:00+05:30,1620.0,1620.0,1620.0,1620.0,0,1200
942,2022-06-15 12:55:00+05:30,1620.0,1620.0,1620.0,1620.0,0,1200
943,2022-06-15 12:56:00+05:30,1620.0,1620.0,1620.0,1620.0,0,1200
944,2022-06-15 12:57:00+05:30,1620.0,1620.0,1620.0,1620.0,0,1200
945,2022-06-15 12:58:00+05:30,1620.0,1620.0,1620.0,1620.0,0,1200
946,2022-06-15 12:59:00+05:30,1620.0,1620.0,1620.0,1620.0,0,1200
947,2022-06-15 13:00:00+05:30,1620.0,1620.0,1620.0,1620.0,0,1200
948,2022-06-15 13:01:00+05:30,1620.0,1620.0,1620.0,1620.0,0,1200
949,2022-06-15 13:02:00+05:30,1620.0,1620.0,1620.0,1620.0,0,1200
950,2022-06-15 13:03:00+05:30,1620.0,1620.0,1620.0,1620.0,0,1200
951,2022-06-15 13:04:00+05:30,1620.0,1620.0,1620.0,1620.0,0,1200
952,2022-06-15 13:05:00+05:30,1620.0,1620.0,1620.0,1620.0,0,1200
953,2022-06-15 13:06:00+05:30,1620.0,1620.0,1620.0,1620.0,0,1200
954,2022-06-15 13:07:00+05:30,1620.0,1620.0,1620.0,1620.0,0,1200
955,2022-06-15 13:08:00+05:30,1620.0,1620.0,1620.0,1620.0,0,1200
956,2022-06-15 13:09:00+05:30,1620.0,1620.0,1620.0,1620.0,0,1200
957,2022-06-15 13:10:00+05:30,1620.0,1620.0,1620.0,1620.0,0,1200
958,2022-06-15 13:11:00+05:30,1620.0,1620.0,1620.0,1620.0,0,1200
959,2022-06-15 13:12:00+05:30,1620.0,1620.0,1620.0,1620.0,0,1200
960,2022-06-15 13:13:00+05:30,1620.0,1620.0,1620.0,1620.0,0,1200
961,2022-06-15 13:14:00+05:30,1620.0,1620.0,1620.0,1620.0,0,1200
962,2022-06-15 13:15:00+05:30,1620.0,1620.0,1620.0,1620.0,0,1200
963,2022-06-15 13:16:00+05:30,1620.0,1620.0,1620.0,1620.0,0,1200
964,2022-06-15 13:17:00+05:30,1620.0,1620.0,1620.0,1620.0,0,1200
965,2022-06-15 13:18:00+05:30,1620.0,1620.0,1620.0,1620.0,0,1200
966,2022-06-15 13:19:00+05:30,1620.0,1620.0,1620.0,1620.0,0,1200
967,2022-06-15 13:20:00+05:30,1620.0,1620.0,1620.0,1620.0,0,1200
968,2022-06-15 13:21:00+05:30,1620.0,1620.0,1620.0,1620.0,0,1200
969,2022-06-15 13:22:00+05:30,1620.0,1620.0,1620.0,1620.0,0,1200
970,2022-06-15 13:23:00+05:30,1620.0,1620.0,1620.0,1620.0,0,1200
971,2022-06-15 13:24:00+05:30,1620.0,1620.0,1620.0,1620.0,0,1200
972,2022-06-15 13:25:00+05:30,1620.0,1620.0,1620.0,1620.0,0,1200
973,2022-06-15 13:26:00+05:30,1620.0,1620.0,1620.0,1620.0,0,1200
974,2022-06-15 13:27:00+05:30,1620.0,1620.0,1620.0,1620.0,0,1200
975,2022-06-15 13:28:00+05:30,1620.0,1620.0,1620.0,1620.0,0,1200
976,2022-06-15 13:29:00+05:30,1620.0,1620.0,1620.0,1620.0,0,1200
977,2022-06-15 13:30:00+05:30,1620.0,1620.0,1620.0,1620.0,0,1200
978,2022-06-15 13:31:00+05:30,1620.0,1620.0,1620.0,1620.0,0,1200
979,2022-06-15 13:32:00+05:30,1620.0,1620.0,1620.0,1620.0,0,1200
980,2022-06-15 13:33:00+05:30,1620.0,1620.0,1620.0,1620.0,0,1200
981,2022-06-15 13:34:00+05:30,1620.0,1620.0,1620.0,1620.0,0,1200
982,2022-06-15 13:35:00+05:30,1620.0,1620.0,1620.0,1620.0,0,1200
983,2022-06-15 13:36:00+05:30,1620.0,1620.0,1620.0,1620.0,0,1200
984,2022-06-15 13:37:00+05:30,1620.0,1620.0,1620.0,1620.0,0,1200
985,2022-06-15 13:38:00+05:30,1620.0,1620.0,1620.0,1620.0,0,1200
986,2022-06-15 13:39:00+05:30,1620.0,1620.0,1620.0,1620.0,0,1200
987,2022-06-15 13:40:00+05:30,1620.0,1620.0,1620.0,1620.0,0,1200
988,2022-06-15 13:41:00+05:30,1620.0,1620.0,1620.0,1620.0,0,1200
989,2022-06-15 13:42:00+05:30,1620.0,1620.0,1620.0,1620.0,0,1200
990,2022-06-15 13:43:00+05:30,1620.0,1620.0,1620.0,1620.0,0,1200
991,2022-06-15 13:44:00+05:30,1620.0,1620.0,1620.0,1620.0,0,1200
992,2022-06-15 13:45:00+05:30,1620.0,1620.0,1620.0,1620.0,0,1200
993,2022-06-15 13:46:00+05:30,1620.0,1620.0,1620.0,1620.0,0,1200
994,2022-06-15 13:47:00+05:30,1620.0,1620.0,1620.0,1620.0,0,1200
995,2022-06-15 13:48:00+05:30,1620.0,1620.0,1620.0,1620.0,0,1200
996,2022-06-15 13:49:00+05:30,1620.0,1620.0,1620.0,1620.0,0,1200
997,2022-06-15 13:50:00+05:30,1620.0,1620.0,1620.0,1620.0,0,1200
998,2022-06-15 13:51:00+05:30,1620.0,1620.0,1620.0,1620.0,0,1200
999,2022-06-15 13:52:00+05:30,1620.0,1620.0,1620.0,1620.0,0,1200
1000,2022-06-15 13:53:00+05:30,1620.0,1620.0,1620.0,1620.0,0,1200
1001,2022-06-15 13:54:00+05:30,1620.0,1620.0,1620.0,1620.0,0,1200
1002,2022-06-15 13:55:00+05:30,1620.0,1620.0,1620.0,1620.0,0,1200
1003,2022-06-15 13:56:00+05:30,1620.0,1620.0,1620.0,1620.0,0,1200
1004,2022-06-15 13:57:00+05:30,1620.0,1620.0,1620.0,1620.0,0,1200
1005,2022-06-15 13:58:00+05:30,1620.0,1620.0,1620.0,1620.0,0,1200
1006,2022-06-15 13:59:00+05:30,1620.0,1620.0,1620.0,1620.0,0,1200
1007,2022-06-15 14:00:00+05:30,1620.0,1620.0,1620.0,1620.0,0,1200
1008,2022-06-15 14:01:00+05:30,1620.0,1620.0,1620.0,1620.0,0,1200
1009,2022-06-15 14:02:00+05:30,1620.0,1620.0,1620.0,1620.0,0,1200
1010,2022-06-15 14:03:00+05:30,1620.0,1620.0,1620.0,1620.0,0,1200
1011,2022-06-15 14:04:00+05:30,1620.0,1620.0,1620.0,1620.0,0,1200
1012,2022-06-15 14:05:00+05:30,1620.0,1620.0,1620.0,1620.0,0,1200
1013,2022-06-15 14:06:00+05:30,1620.0,1620.0,1620.0,1620.0,0,1200
1014,2022-06-15 14:07:00+05:30,1620.0,1620.0,1620.0,1620.0,0,1200
1015,2022-06-15 14:08:00+05:30,1620.0,1620.0,1620.0,1620.0,0,1200
1016,2022-06-15 14:09:00+05:30,1620.0,1620.0,1620.0,1620.0,0,1200
1017,2022-06-15 14:10:00+05:30,1620.0,1620.0,1620.0,1620.0,0,1200
1018,2022-06-15 14:11:00+05:30,1620.0,1620.0,1620.0,1620.0,0,1200
1019,2022-06-15 14:12:00+05:30,1620.0,1620.0,1620.0,1620.0,0,1200
1020,2022-06-15 14:13:00+05:30,1620.0,1620.0,1620.0,1620.0,0,1200
1021,2022-06-15 14:14:00+05:30,1620.0,1620.0,1620.0,1620.0,0,1200
1022,2022-06-15 14:15:00+05:30,1620.0,1620.0,1620.0,1620.0,0,1200
1023,2022-06-15 14:16:00+05:30,1620.0,1620.0,1620.0,1620.0,0,1200
1024,2022-06-15 14:17:00+05:30,1620.0,1620.0,1620.0,1620.0,0,1200
1025,2022-06-15 14:18:00+05:30,1620.0,1620.0,1620.0,1620.0,0,1200
1026,2022-06-15 14:19:00+05:30,1620.0,1620.0,1620.0,1620.0,0,1200
1027,2022-06-15 14:20:00+05:30,1620.0,1620.0,1620.0,1620.0,0,1200
1028,2022-06-15 14:21:00+05:30,1620.0,1620.0,1620.0,1620.0,0,1200
1029,2022-06-15 14:22:00+05:30,1620.0,1620.0,1620.0,1620.0,0,1200
1030,2022-06-15 14:23:00+05:30,1620.0,1620.0,1620.0,1620.0,0,1200
1031,2022-06-15 14:24:00+05:30,1620.0,1620.0,1620.0,1620.0,0,1200
1032,2022-06-15 14:25:00+05:30,1620.0,1620.0,1620.0,1620.0,0,1200
1033,2022-06-15 14:26:00+05:30,1620.0,1620.0,1620.0,1620.0,0,1200
1034,2022-06-15 14:27:00+05:30,1620.0,1620.0,1620.0,1620.0,0,1200
1035,2022-06-15 14:28:00+05:30,1620.0,1620.0,1620.0,1620.0,0,1200
1036,2022-06-15 14:29:00+05:30,1620.0,1620.0,1620.0,1620.0,0,1200
1037,2022-06-15 14:30:00+05:30,1620.0,1620.0,1620.0,1620.0,0,1200
1038,2022-06-15 14:31:00+05:30,1620.0,1620.0,1620.0,1620.0,0,1200
1039,2022-06-15 14:32:00+05:30,1620.0,1620.0,1620.0,1620.0,0,1200
1040,2022-06-15 14:33:00+05:30,1620.0,1620.0,1470.15,1470.15,50,1200
1041,2022-06-15 14:34:00+05:30,1470.15,1470.15,1470.15,1470.15,0,1200
1042,2022-06-15 14:35:00+05:30,1470.15,1470.15,1470.15,1470.15,0,1200
1043,2022-06-15 14:36:00+05:30,1470.15,1470.15,1470.15,1470.15,0,1200
1044,2022-06-15 14:37:00+05:30,1470.15,1470.15,1470.15,1470.15,0,1200
1045,2022-06-15 14:38:00+05:30,1470.15,1470.15,1470.15,1470.15,0,1200
1046,2022-06-15 14:39:00+05:30,1470.15,1470.15,1470.15,1470.15,0,1200
1047,2022-06-15 14:40:00+05:30,1470.15,1470.15,1470.15,1470.15,0,1200
1048,2022-06-15 14:41:00+05:30,1470.15,1470.15,1470.15,1470.15,0,1200
1049,2022-06-15 14:42:00+05:30,1470.15,1470.15,1470.15,1470.15,0,1200
1050,2022-06-15 14:43:00+05:30,1470.15,1470.15,1470.15,1470.15,0,1200
1051,2022-06-15 14:44:00+05:30,1470.15,1470.15,1470.15,1470.15,0,1200
1052,2022-06-15 14:45:00+05:30,1470.15,1470.15,1470.15,1470.15,0,1200
1053,2022-06-15 14:46:00+05:30,1470.15,1470.15,1470.15,1470.15,0,1200
1054,2022-06-15 14:47:00+05:30,1470.15,1470.15,1470.15,1470.15,0,1200
1055,2022-06-15 14:48:00+05:30,1470.15,1470.15,1470.15,1470.15,0,1200
1056,2022-06-15 14:49:00+05:30,1470.15,1470.15,1470.15,1470.15,0,1200
1057,2022-06-15 14:50:00+05:30,1470.15,1470.15,1470.15,1470.15,0,1200
1058,2022-06-15 14:51:00+05:30,1470.15,1470.15,1470.15,1470.15,0,1200
1059,2022-06-15 14:52:00+05:30,1470.15,1470.15,1470.15,1470.15,0,1200
1060,2022-06-15 14:53:00+05:30,1470.15,1470.15,1470.15,1470.15,0,1200
1061,2022-06-15 14:54:00+05:30,1470.15,1470.15,1470.15,1470.15,0,1200
1062,2022-06-15 14:55:00+05:30,1470.15,1470.15,1470.15,1470.15,0,1200
1063,2022-06-15 14:56:00+05:30,1470.15,1470.15,1470.15,1470.15,0,1200
1064,2022-06-15 14:57:00+05:30,1470.15,1470.15,1470.15,1470.15,0,1200
1065,2022-06-15 14:58:00+05:30,1470.15,1470.15,1470.15,1470.15,0,1200
1066,2022-06-15 14:59:00+05:30,1470.15,1470.15,1470.15,1470.15,0,1200
1067,2022-06-15 15:00:00+05:30,1470.15,1470.15,1470.15,1470.15,0,1200
1068,2022-06-15 15:01:00+05:30,1470.15,1470.15,1470.15,1470.15,0,1200
1069,2022-06-15 15:02:00+05:30,1470.15,1470.15,1470.15,1470.15,0,1200
1070,2022-06-15 15:03:00+05:30,1470.15,1470.15,1470.15,1470.15,0,1200
1071,2022-06-15 15:04:00+05:30,1470.15,1470.15,1470.15,1470.15,0,1200
1072,2022-06-15 15:05:00+05:30,1470.15,1470.15,1470.15,1470.15,0,1200
1073,2022-06-15 15:06:00+05:30,1470.15,1470.15,1470.15,1470.15,0,1200
1074,2022-06-15 15:07:00+05:30,1470.15,1470.15,1470.15,1470.15,0,1200
1075,2022-06-15 15:08:00+05:30,1470.15,1470.15,1470.15,1470.15,0,1200
1076,2022-06-15 15:09:00+05:30,1470.15,1470.15,1470.15,1470.15,0,1200
1077,2022-06-15 15:10:00+05:30,1470.15,1470.15,1470.15,1470.15,0,1200
1078,2022-06-15 15:11:00+05:30,1470.15,1470.15,1470.15,1470.15,0,1200
1079,2022-06-15 15:12:00+05:30,1470.15,1470.15,1470.15,1470.15,0,1200
1080,2022-06-15 15:13:00+05:30,1470.15,1470.15,1470.15,1470.15,0,1200
1081,2022-06-15 15:14:00+05:30,1470.15,1470.15,1470.15,1470.15,0,1200
1082,2022-06-15 15:15:00+05:30,1470.15,1470.15,1470.15,1470.15,0,1200
1083,2022-06-15 15:16:00+05:30,1470.15,1470.15,1470.15,1470.15,0,1200
1084,2022-06-15 15:17:00+05:30,1470.15,1470.15,1470.15,1470.15,0,1200
1085,2022-06-15 15:18:00+05:30,1470.15,1470.15,1470.15,1470.15,0,1200
1086,2022-06-15 15:19:00+05:30,1470.15,1470.15,1470.15,1470.15,0,1200
1087,2022-06-15 15:20:00+05:30,1470.15,1470.15,1470.15,1470.15,0,1200
1088,2022-06-15 15:21:00+05:30,1470.15,1470.15,1470.15,1470.15,0,1200
1089,2022-06-15 15:22:00+05:30,1470.15,1470.15,1470.15,1470.15,0,1200
1090,2022-06-15 15:23:00+05:30,1470.15,1470.15,1470.15,1470.15,0,1200
1091,2022-06-15 15:24:00+05:30,1470.15,1470.15,1470.15,1470.15,0,1200
1092,2022-06-15 15:25:00+05:30,1470.15,1470.15,1470.15,1470.15,0,1200
1093,2022-06-15 15:26:00+05:30,1470.15,1470.15,1470.15,1470.15,0,1200
1094,2022-06-15 15:27:00+05:30,1470.15,1470.15,1470.15,1470.15,0,1200
1095,2022-06-15 15:28:00+05:30,1470.15,1470.15,1470.15,1470.15,0,1200
1096,2022-06-15 15:29:00+05:30,1470.15,1470.15,1470.15,1470.15,0,1200
1097,2022-06-16 09:15:00+05:30,1782.75,1782.75,1782.7,1782.7,0,1200
1098,2022-06-16 09:16:00+05:30,1782.7,1782.7,1782.7,1782.7,0,1200
1099,2022-06-16 09:17:00+05:30,1782.7,1782.7,1782.7,1782.7,0,1200
1100,2022-06-16 09:18:00+05:30,1782.7,1782.7,1782.7,1782.7,0,1200
1101,2022-06-16 09:19:00+05:30,1782.7,1815.25,1782.7,1815.25,225,1275
1102,2022-06-16 09:20:00+05:30,1815.25,1815.25,1815.25,1815.25,0,1275
1103,2022-06-16 09:21:00+05:30,1815.25,1815.25,1815.25,1815.25,0,1275
1104,2022-06-16 09:22:00+05:30,1815.25,1815.25,1815.25,1815.25,0,1275
1105,2022-06-16 09:23:00+05:30,1815.25,1815.25,1815.25,1815.25,0,1275
1106,2022-06-16 09:24:00+05:30,1815.25,1815.25,1815.25,1815.25,0,1275
1107,2022-06-16 09:25:00+05:30,1815.25,1815.25,1815.25,1815.25,0,1275
1108,2022-06-16 09:26:00+05:30,1815.25,1815.25,1815.25,1815.25,0,1275
1109,2022-06-16 09:27:00+05:30,1815.25,1815.25,1815.25,1815.25,0,1275
1110,2022-06-16 09:28:00+05:30,1815.25,1815.25,1815.25,1815.25,0,1275
1111,2022-06-16 09:29:00+05:30,1815.25,1815.25,1815.25,1815.25,0,1275
1112,2022-06-16 09:30:00+05:30,1815.25,1815.25,1815.25,1815.25,0,1275
1113,2022-06-16 09:31:00+05:30,1815.25,1815.25,1815.25,1815.25,0,1275
1114,2022-06-16 09:32:00+05:30,1815.25,1815.25,1815.25,1815.25,0,1275
1115,2022-06-16 09:33:00+05:30,1815.25,1815.25,1815.25,1815.25,0,1275
1116,2022-06-16 09:34:00+05:30,1815.25,1815.25,1815.25,1815.25,0,1275
1117,2022-06-16 09:35:00+05:30,1815.25,1815.25,1815.25,1815.25,0,1275
1118,2022-06-16 09:36:00+05:30,1815.25,1815.25,1815.25,1815.25,0,1275
1119,2022-06-16 09:37:00+05:30,1815.25,1815.25,1815.25,1815.25,0,1275
1120,2022-06-16 09:38:00+05:30,1815.25,1815.25,1815.25,1815.25,0,1275
1121,2022-06-16 09:39:00+05:30,1815.25,1815.25,1815.25,1815.25,0,1275
1122,2022-06-16 09:40:00+05:30,1815.25,1815.25,1815.25,1815.25,0,1275
1123,2022-06-16 09:41:00+05:30,1815.25,1815.25,1815.25,1815.25,0,1275
1124,2022-06-16 09:42:00+05:30,1815.25,1815.25,1815.25,1815.25,0,1275
1125,2022-06-16 09:43:00+05:30,1815.25,1815.25,1815.25,1815.25,0,1275
1126,2022-06-16 09:44:00+05:30,1815.25,1815.25,1815.25,1815.25,0,1275
1127,2022-06-16 09:45:00+05:30,1815.25,1815.25,1815.25,1815.25,0,1275
1128,2022-06-16 09:46:00+05:30,1815.25,1815.25,1815.25,1815.25,0,1275
1129,2022-06-16 09:47:00+05:30,1815.25,1815.25,1815.25,1815.25,0,1275
1130,2022-06-16 09:48:00+05:30,1815.25,1815.25,1815.25,1815.25,0,1275
1131,2022-06-16 09:49:00+05:30,1815.25,1815.25,1815.25,1815.25,0,1275
1132,2022-06-16 09:50:00+05:30,1815.25,1815.25,1815.25,1815.25,0,1275
1133,2022-06-16 09:51:00+05:30,1815.25,1815.25,1682.25,1682.25,25,1225
1134,2022-06-16 09:52:00+05:30,1682.25,1682.25,1682.25,1682.25,0,1225
1135,2022-06-16 09:53:00+05:30,1682.25,1682.25,1682.25,1682.25,0,1225
1136,2022-06-16 09:54:00+05:30,1682.25,1682.25,1682.25,1682.25,0,1225
1137,2022-06-16 09:55:00+05:30,1682.25,1682.25,1682.25,1682.25,0,1225
1138,2022-06-16 09:56:00+05:30,1682.25,1682.25,1682.25,1682.25,0,1225
1139,2022-06-16 09:57:00+05:30,1682.25,1682.25,1682.25,1682.25,0,1225
1140,2022-06-16 09:58:00+05:30,1682.25,1682.25,1682.25,1682.25,0,1225
1141,2022-06-16 09:59:00+05:30,1682.25,1682.25,1682.25,1682.25,0,1225
1142,2022-06-16 10:00:00+05:30,1682.25,1682.25,1682.25,1682.25,0,1225
1143,2022-06-16 10:01:00+05:30,1682.25,1682.25,1682.25,1682.25,0,1225
1144,2022-06-16 10:02:00+05:30,1682.25,1682.25,1682.25,1682.25,0,1225
1145,2022-06-16 10:03:00+05:30,1682.25,1682.25,1682.25,1682.25,0,1225
1146,2022-06-16 10:04:00+05:30,1682.25,1682.25,1682.25,1682.25,0,1225
1147,2022-06-16 10:05:00+05:30,1682.25,1682.25,1682.25,1682.25,0,1225
1148,2022-06-16 10:06:00+05:30,1682.25,1682.25,1682.25,1682.25,0,1225
1149,2022-06-16 10:07:00+05:30,1682.25,1682.25,1682.25,1682.25,0,1225
1150,2022-06-16 10:08:00+05:30,1682.25,1682.25,1682.25,1682.25,0,1225
1151,2022-06-16 10:09:00+05:30,1682.25,1682.25,1682.25,1682.25,0,1225
1152,2022-06-16 10:10:00+05:30,1682.25,1682.25,1682.25,1682.25,0,1225
1153,2022-06-16 10:11:00+05:30,1682.25,1682.25,1682.25,1682.25,0,1225
1154,2022-06-16 10:12:00+05:30,1682.25,1682.25,1682.25,1682.25,0,1225
1155,2022-06-16 10:13:00+05:30,1682.25,1682.25,1682.25,1682.25,0,1225
1156,2022-06-16 10:14:00+05:30,1682.25,1682.25,1682.25,1682.25,0,1225
1157,2022-06-16 10:15:00+05:30,1682.25,1682.25,1682.25,1682.25,0,1225
1158,2022-06-16 10:16:00+05:30,1682.25,1682.25,1682.25,1682.25,0,1225
1159,2022-06-16 10:17:00+05:30,1682.25,1682.25,1682.25,1682.25,0,1225
1160,2022-06-16 10:18:00+05:30,1682.25,1682.25,1682.25,1682.25,0,1225
1161,2022-06-16 10:19:00+05:30,1682.25,1682.25,1682.25,1682.25,0,1225
1162,2022-06-16 10:20:00+05:30,1682.25,1682.25,1682.25,1682.25,0,1225
1163,2022-06-16 10:21:00+05:30,1682.25,1682.25,1682.25,1682.25,0,1225
1164,2022-06-16 10:22:00+05:30,1682.25,1682.25,1682.25,1682.25,0,1225
1165,2022-06-16 10:23:00+05:30,1682.25,1682.25,1682.25,1682.25,0,1225
1166,2022-06-16 10:24:00+05:30,1682.25,1682.25,1682.25,1682.25,0,1225
1167,2022-06-16 10:25:00+05:30,1682.25,1682.25,1682.25,1682.25,0,1225
1168,2022-06-16 10:26:00+05:30,1682.25,1682.25,1682.25,1682.25,0,1225
1169,2022-06-16 10:27:00+05:30,1682.25,1682.25,1682.25,1682.25,0,1225
1170,2022-06-16 10:28:00+05:30,1682.25,1682.25,1682.25,1682.25,0,1225
1171,2022-06-16 10:29:00+05:30,1682.25,1682.25,1682.25,1682.25,0,1225
1172,2022-06-16 10:30:00+05:30,1682.25,1682.25,1682.25,1682.25,0,1225
1173,2022-06-16 10:31:00+05:30,1682.25,1682.25,1682.25,1682.25,0,1225
1174,2022-06-16 10:32:00+05:30,1682.25,1682.25,1682.25,1682.25,0,1225
1175,2022-06-16 10:33:00+05:30,1682.25,1682.25,1682.25,1682.25,0,1225
1176,2022-06-16 10:34:00+05:30,1682.25,1682.25,1682.25,1682.25,0,1225
1177,2022-06-16 10:35:00+05:30,1682.25,1682.25,1682.25,1682.25,0,1225
1178,2022-06-16 10:36:00+05:30,1682.25,1682.25,1682.25,1682.25,0,1225
1179,2022-06-16 10:37:00+05:30,1682.25,1682.25,1682.25,1682.25,0,1225
1180,2022-06-16 10:38:00+05:30,1682.25,1682.25,1682.25,1682.25,0,1225
1181,2022-06-16 10:39:00+05:30,1682.25,1682.25,1682.25,1682.25,0,1225
1182,2022-06-16 10:40:00+05:30,1682.25,1682.25,1682.25,1682.25,0,1225
1183,2022-06-16 10:41:00+05:30,1682.25,1682.25,1682.25,1682.25,0,1225
1184,2022-06-16 10:42:00+05:30,1682.25,1682.25,1682.25,1682.25,0,1225
1185,2022-06-16 10:43:00+05:30,1682.25,1682.25,1571.45,1603.35,100,1225
1186,2022-06-16 10:44:00+05:30,1603.35,1603.35,1603.35,1603.35,0,1225
1187,2022-06-16 10:45:00+05:30,1603.35,1603.35,1603.35,1603.35,0,1225
1188,2022-06-16 10:46:00+05:30,1603.35,1603.35,1603.35,1603.35,0,1225
1189,2022-06-16 10:47:00+05:30,1603.35,1603.35,1603.35,1603.35,0,1225
1190,2022-06-16 10:48:00+05:30,1603.35,1603.35,1603.35,1603.35,0,1225
1191,2022-06-16 10:49:00+05:30,1603.35,1603.35,1603.35,1603.35,0,1225
1192,2022-06-16 10:50:00+05:30,1603.35,1603.35,1603.35,1603.35,0,1225
1193,2022-06-16 10:51:00+05:30,1603.35,1603.35,1603.35,1603.35,0,1225
1194,2022-06-16 10:52:00+05:30,1603.35,1603.35,1603.35,1603.35,0,1225
1195,2022-06-16 10:53:00+05:30,1603.35,1603.35,1603.35,1603.35,0,1225
1196,2022-06-16 10:54:00+05:30,1603.35,1603.35,1603.35,1603.35,0,1225
1197,2022-06-16 10:55:00+05:30,1603.35,1603.35,1603.35,1603.35,0,1225
1198,2022-06-16 10:56:00+05:30,1603.35,1603.35,1603.35,1603.35,0,1225
1199,2022-06-16 10:57:00+05:30,1603.35,1603.35,1603.35,1603.35,0,1225
1200,2022-06-16 10:58:00+05:30,1603.35,1603.35,1603.35,1603.35,0,1225
1201,2022-06-16 10:59:00+05:30,1603.35,1603.35,1603.35,1603.35,0,1225
1202,2022-06-16 11:00:00+05:30,1603.35,1603.35,1603.35,1603.35,0,1225
1203,2022-06-16 11:01:00+05:30,1603.35,1603.35,1603.35,1603.35,0,1225
1204,2022-06-16 11:02:00+05:30,1603.35,1603.35,1603.35,1603.35,0,1225
1205,2022-06-16 11:03:00+05:30,1603.35,1603.35,1603.35,1603.35,0,1225
1206,2022-06-16 11:04:00+05:30,1603.35,1603.35,1603.35,1603.35,0,1225
1207,2022-06-16 11:05:00+05:30,1603.35,1603.35,1603.35,1603.35,0,1225
1208,2022-06-16 11:06:00+05:30,1603.35,1603.35,1603.35,1603.35,0,1225
1209,2022-06-16 11:07:00+05:30,1603.35,1603.35,1603.35,1603.35,0,1225
1210,2022-06-16 11:08:00+05:30,1603.35,1603.35,1603.35,1603.35,0,1225
1211,2022-06-16 11:09:00+05:30,1603.35,1603.35,1603.35,1603.35,0,1225
1212,2022-06-16 11:10:00+05:30,1603.35,1603.35,1603.35,1603.35,0,1225
1213,2022-06-16 11:11:00+05:30,1603.35,1603.35,1603.35,1603.35,0,1225
1214,2022-06-16 11:12:00+05:30,1603.35,1603.35,1603.35,1603.35,0,1225
1215,2022-06-16 11:13:00+05:30,1603.35,1603.35,1603.35,1603.35,0,1225
1216,2022-06-16 11:14:00+05:30,1603.35,1603.35,1603.35,1603.35,0,1225
1217,2022-06-16 11:15:00+05:30,1603.35,1603.35,1603.35,1603.35,0,1225
1218,2022-06-16 11:16:00+05:30,1603.35,1603.35,1603.35,1603.35,0,1225
1219,2022-06-16 11:17:00+05:30,1603.35,1603.35,1473.9,1473.9,25,1225
1220,2022-06-16 11:18:00+05:30,1473.9,1473.9,1473.9,1473.9,0,1225
1221,2022-06-16 11:19:00+05:30,1473.9,1473.9,1473.9,1473.9,0,1225
1222,2022-06-16 11:20:00+05:30,1473.9,1473.9,1473.9,1473.9,0,1225
1223,2022-06-16 11:21:00+05:30,1473.9,1473.9,1473.9,1473.9,0,1225
1224,2022-06-16 11:22:00+05:30,1473.9,1473.9,1473.9,1473.9,0,1225
1225,2022-06-16 11:23:00+05:30,1473.9,1473.9,1473.9,1473.9,0,1225
1226,2022-06-16 11:24:00+05:30,1473.9,1473.9,1473.9,1473.9,0,1225
1227,2022-06-16 11:25:00+05:30,1473.9,1473.9,1473.9,1473.9,0,1225
1228,2022-06-16 11:26:00+05:30,1473.9,1473.9,1473.9,1473.9,0,1225
1229,2022-06-16 11:27:00+05:30,1473.9,1473.9,1473.9,1473.9,0,1225
1230,2022-06-16 11:28:00+05:30,1473.9,1473.9,1473.9,1473.9,0,1225
1231,2022-06-16 11:29:00+05:30,1473.9,1473.9,1473.9,1473.9,0,1225
1232,2022-06-16 11:30:00+05:30,1473.9,1473.9,1473.9,1473.9,0,1225
1233,2022-06-16 11:31:00+05:30,1473.9,1473.9,1473.9,1473.9,0,1225
1234,2022-06-16 11:32:00+05:30,1473.9,1473.9,1473.9,1473.9,0,1225
1235,2022-06-16 11:33:00+05:30,1473.9,1473.9,1473.9,1473.9,0,1225
1236,2022-06-16 11:34:00+05:30,1473.9,1473.9,1473.9,1473.9,0,1225
1237,2022-06-16 11:35:00+05:30,1473.9,1473.9,1473.9,1473.9,0,1225
1238,2022-06-16 11:36:00+05:30,1473.9,1473.9,1473.9,1473.9,0,1225
1239,2022-06-16 11:37:00+05:30,1473.9,1473.9,1473.9,1473.9,0,1225
1240,2022-06-16 11:38:00+05:30,1473.9,1473.9,1473.9,1473.9,0,1225
1241,2022-06-16 11:39:00+05:30,1473.9,1473.9,1473.9,1473.9,0,1225
1242,2022-06-16 11:40:00+05:30,1473.9,1473.9,1473.9,1473.9,0,1225
1243,2022-06-16 11:41:00+05:30,1473.9,1473.9,1473.9,1473.9,0,1225
1244,2022-06-16 11:42:00+05:30,1473.9,1473.9,1473.9,1473.9,0,1225
1245,2022-06-16 11:43:00+05:30,1473.9,1473.9,1473.9,1473.9,0,1225
1246,2022-06-16 11:44:00+05:30,1473.9,1473.9,1473.9,1473.9,0,1225
1247,2022-06-16 11:45:00+05:30,1473.9,1473.9,1473.9,1473.9,0,1225
1248,2022-06-16 11:46:00+05:30,1473.9,1473.9,1473.9,1473.9,0,1225
1249,2022-06-16 11:47:00+05:30,1473.9,1473.9,1473.9,1473.9,0,1225
1250,2022-06-16 11:48:00+05:30,1473.9,1473.9,1473.9,1473.9,0,1225
1251,2022-06-16 11:49:00+05:30,1473.9,1473.9,1473.9,1473.9,0,1225
1252,2022-06-16 11:50:00+05:30,1473.9,1473.9,1473.9,1473.9,0,1225
1253,2022-06-16 11:51:00+05:30,1473.9,1473.9,1473.9,1473.9,0,1225
1254,2022-06-16 11:52:00+05:30,1473.9,1473.9,1473.9,1473.9,0,1225
1255,2022-06-16 11:53:00+05:30,1473.9,1473.9,1473.9,1473.9,0,1225
1256,2022-06-16 11:54:00+05:30,1473.9,1473.9,1473.9,1473.9,0,1225
1257,2022-06-16 11:55:00+05:30,1473.9,1473.9,1473.9,1473.9,0,1225
1258,2022-06-16 11:56:00+05:30,1473.9,1473.9,1473.9,1473.9,0,1225
1259,2022-06-16 11:57:00+05:30,1473.9,1473.9,1473.9,1473.9,0,1225
1260,2022-06-16 11:58:00+05:30,1473.9,1473.9,1473.9,1473.9,0,1225
1261,2022-06-16 11:59:00+05:30,1473.9,1473.9,1473.9,1473.9,0,1225
1262,2022-06-16 12:00:00+05:30,1473.9,1473.9,1473.9,1473.9,0,1225
1263,2022-06-16 12:01:00+05:30,1473.9,1473.9,1473.9,1473.9,0,1225
1264,2022-06-16 12:02:00+05:30,1473.9,1473.9,1473.9,1473.9,0,1225
1265,2022-06-16 12:03:00+05:30,1473.9,1473.9,1473.9,1473.9,0,1225
1266,2022-06-16 12:04:00+05:30,1473.9,1473.9,1473.9,1473.9,0,1225
1267,2022-06-16 12:05:00+05:30,1473.9,1473.9,1473.9,1473.9,0,1225
1268,2022-06-16 12:06:00+05:30,1473.9,1473.9,1473.9,1473.9,0,1225
1269,2022-06-16 12:07:00+05:30,1473.9,1473.9,1473.9,1473.9,0,1225
1270,2022-06-16 12:08:00+05:30,1473.9,1473.9,1473.9,1473.9,0,1225
1271,2022-06-16 12:09:00+05:30,1473.9,1473.9,1473.9,1473.9,0,1225
1272,2022-06-16 12:10:00+05:30,1473.9,1473.9,1473.9,1473.9,0,1225
1273,2022-06-16 12:11:00+05:30,1473.9,1473.9,1473.9,1473.9,0,1225
1274,2022-06-16 12:12:00+05:30,1473.9,1473.9,1473.9,1473.9,0,1225
1275,2022-06-16 12:13:00+05:30,1473.9,1473.9,1473.9,1473.9,0,1225
1276,2022-06-16 12:14:00+05:30,1473.9,1473.9,1473.9,1473.9,0,1225
1277,2022-06-16 12:15:00+05:30,1473.9,1473.9,1473.9,1473.9,0,1225
1278,2022-06-16 12:16:00+05:30,1473.9,1473.9,1306.5,1306.5,25,1200
1279,2022-06-16 12:17:00+05:30,1306.5,1306.5,1274.45,1274.45,50,1200
1280,2022-06-16 12:18:00+05:30,1274.45,1274.45,1274.45,1274.45,0,1200
1281,2022-06-16 12:19:00+05:30,1274.45,1274.45,1268.55,1268.55,50,1225
1282,2022-06-16 12:20:00+05:30,1268.55,1268.55,1268.55,1268.55,0,1225
1283,2022-06-16 12:21:00+05:30,1268.55,1268.55,1268.55,1268.55,0,1225
1284,2022-06-16 12:22:00+05:30,1268.55,1268.55,1268.55,1268.55,0,1225
1285,2022-06-16 12:23:00+05:30,1268.55,1268.55,1268.55,1268.55,0,1225
1286,2022-06-16 12:24:00+05:30,1268.55,1268.55,1268.55,1268.55,0,1225
1287,2022-06-16 12:25:00+05:30,1268.55,1268.55,1230.35,1230.35,25,1225
1288,2022-06-16 12:26:00+05:30,1230.35,1230.35,1209.65,1209.65,75,1225
1289,2022-06-16 12:27:00+05:30,1209.65,1209.65,1209.65,1209.65,0,1225
1290,2022-06-16 12:28:00+05:30,1209.65,1209.65,1209.65,1209.65,0,1225
1291,2022-06-16 12:29:00+05:30,1209.65,1209.65,1209.65,1209.65,0,1225
1292,2022-06-16 12:30:00+05:30,1209.65,1209.65,1209.65,1209.65,0,1225
1293,2022-06-16 12:31:00+05:30,1209.65,1209.65,1209.65,1209.65,0,1225
1294,2022-06-16 12:32:00+05:30,1209.65,1209.65,1209.65,1209.65,0,1225
1295,2022-06-16 12:33:00+05:30,1209.65,1209.65,1209.65,1209.65,0,1225
1296,2022-06-16 12:34:00+05:30,1209.65,1209.65,1209.65,1209.65,0,1225
1297,2022-06-16 12:35:00+05:30,1209.65,1209.65,1209.65,1209.65,0,1225
1298,2022-06-16 12:36:00+05:30,1209.65,1209.65,1209.65,1209.65,0,1225
1299,2022-06-16 12:37:00+05:30,1209.65,1209.65,1209.65,1209.65,0,1225
1300,2022-06-16 12:38:00+05:30,1209.65,1209.65,1209.65,1209.65,0,1225
1301,2022-06-16 12:39:00+05:30,1209.65,1209.65,1209.65,1209.65,0,1225
1302,2022-06-16 12:40:00+05:30,1209.65,1209.65,1209.65,1209.65,0,1225
1303,2022-06-16 12:41:00+05:30,1209.65,1209.65,1209.65,1209.65,0,1225
1304,2022-06-16 12:42:00+05:30,1209.65,1209.65,1209.65,1209.65,0,1225
1305,2022-06-16 12:43:00+05:30,1209.65,1209.65,1209.65,1209.65,0,1225
1306,2022-06-16 12:44:00+05:30,1209.65,1209.65,1209.65,1209.65,0,1225
1307,2022-06-16 12:45:00+05:30,1209.65,1209.65,1154.9,1154.9,100,1125
1308,2022-06-16 12:46:00+05:30,1154.9,1154.9,1154.9,1154.9,0,1125
1309,2022-06-16 12:47:00+05:30,1154.9,1154.9,1154.9,1154.9,0,1125
1310,2022-06-16 12:48:00+05:30,1154.9,1154.9,1154.9,1154.9,0,1125
1311,2022-06-16 12:49:00+05:30,1154.9,1154.9,1154.9,1154.9,0,1125
1312,2022-06-16 12:50:00+05:30,1154.9,1154.9,1154.9,1154.9,0,1125
1313,2022-06-16 12:51:00+05:30,1154.9,1154.9,1154.9,1154.9,0,1125
1314,2022-06-16 12:52:00+05:30,1154.9,1154.9,1154.9,1154.9,0,1125
1315,2022-06-16 12:53:00+05:30,1154.9,1154.9,1154.9,1154.9,0,1125
1316,2022-06-16 12:54:00+05:30,1154.9,1154.9,1154.9,1154.9,0,1125
1317,2022-06-16 12:55:00+05:30,1154.9,1154.9,1154.9,1154.9,0,1125
1318,2022-06-16 12:56:00+05:30,1154.9,1154.9,1154.9,1154.9,0,1125
1319,2022-06-16 12:57:00+05:30,1154.9,1173.3,1154.9,1162.15,125,1150
1320,2022-06-16 12:58:00+05:30,1162.15,1162.15,1162.15,1162.15,0,1150
1321,2022-06-16 12:59:00+05:30,1162.15,1162.15,1162.15,1162.15,0,1150
1322,2022-06-16 13:00:00+05:30,1162.15,1162.15,1162.15,1162.15,0,1150
1323,2022-06-16 13:01:00+05:30,1162.15,1162.15,1162.15,1162.15,0,1150
1324,2022-06-16 13:02:00+05:30,1162.15,1166.7,1162.15,1166.7,25,1225
1325,2022-06-16 13:03:00+05:30,1166.7,1166.7,1111.6,1111.6,25,1225
1326,2022-06-16 13:04:00+05:30,1111.6,1111.6,1064.7,1064.7,125,1225
1327,2022-06-16 13:05:00+05:30,1064.7,1064.7,1064.7,1064.7,0,1225
1328,2022-06-16 13:06:00+05:30,1064.7,1064.7,1064.7,1064.7,0,1225
1329,2022-06-16 13:07:00+05:30,1064.7,1065.1,1064.7,1065.1,50,1150
1330,2022-06-16 13:08:00+05:30,1065.1,1065.1,1065.1,1065.1,0,1150
1331,2022-06-16 13:09:00+05:30,1065.1,1065.1,1065.1,1065.1,0,1150
1332,2022-06-16 13:10:00+05:30,1065.1,1065.1,1065.1,1065.1,0,1150
1333,2022-06-16 13:11:00+05:30,1065.1,1065.1,1065.1,1065.1,0,1150
1334,2022-06-16 13:12:00+05:30,1065.1,1065.1,1029.55,1029.55,25,1100
1335,2022-06-16 13:13:00+05:30,1029.55,1029.55,1029.55,1029.55,0,1100
1336,2022-06-16 13:14:00+05:30,1029.55,1029.55,1029.55,1029.55,0,1100
1337,2022-06-16 13:15:00+05:30,1029.55,1042.95,1029.55,1042.95,50,1075
1338,2022-06-16 13:16:00+05:30,1042.95,1052.95,1042.95,1052.95,25,1075
1339,2022-06-16 13:17:00+05:30,1052.95,1052.95,1052.95,1052.95,0,1075
1340,2022-06-16 13:18:00+05:30,1052.95,1052.95,1052.95,1052.95,0,1075
1341,2022-06-16 13:19:00+05:30,1052.95,1052.95,1011.9,1011.9,25,1050
1342,2022-06-16 13:20:00+05:30,1011.9,1011.9,1011.9,1011.9,0,1050
1343,2022-06-16 13:21:00+05:30,1011.9,1011.9,1011.9,1011.9,0,1050
1344,2022-06-16 13:22:00+05:30,1011.9,1011.9,1011.9,1011.9,0,1050
1345,2022-06-16 13:23:00+05:30,1011.9,1011.9,935.65,935.65,50,1075
1346,2022-06-16 13:24:00+05:30,935.65,935.65,913.5,913.5,25,1125
1347,2022-06-16 13:25:00+05:30,913.5,913.5,913.5,913.5,0,1125
1348,2022-06-16 13:26:00+05:30,913.5,913.5,886.55,886.55,25,1125
1349,2022-06-16 13:27:00+05:30,886.55,886.55,886.55,886.55,0,1125
1350,2022-06-16 13:28:00+05:30,886.55,886.55,886.55,886.55,0,1125
1351,2022-06-16 13:29:00+05:30,886.55,886.55,835.4,853.9,200,1100
1352,2022-06-16 13:30:00+05:30,853.9,861.8,853.9,861.8,50,1225
1353,2022-06-16 13:31:00+05:30,861.8,861.8,778.8,778.8,300,1225
1354,2022-06-16 13:32:00+05:30,778.8,815.5,778.8,815.5,50,1225
1355,2022-06-16 13:33:00+05:30,815.5,872.05,815.5,872.05,75,1225
1356,2022-06-16 13:34:00+05:30,872.05,911.1,872.05,893.0,375,1375
1357,2022-06-16 13:35:00+05:30,893.0,893.0,859.75,890.0,175,1375
1358,2022-06-16 13:36:00+05:30,890.0,907.65,890.0,891.0,75,1325
1359,2022-06-16 13:37:00+05:30,891.0,935.0,891.0,935.0,100,1325
1360,2022-06-16 13:38:00+05:30,935.0,974.6,924.8,974.6,275,1325
1361,2022-06-16 13:39:00+05:30,974.6,974.6,964.45,964.45,25,1325
1362,2022-06-16 13:40:00+05:30,964.45,964.45,892.95,898.85,250,1200
1363,2022-06-16 13:41:00+05:30,898.85,905.7,873.65,879.5,375,1200
1364,2022-06-16 13:42:00+05:30,879.5,879.5,858.65,858.65,125,1100
1365,2022-06-16 13:43:00+05:30,858.65,901.15,858.65,885.8,250,1100
1366,2022-06-16 13:44:00+05:30,885.8,885.8,885.8,885.8,0,1100
1367,2022-06-16 13:45:00+05:30,885.8,885.8,885.8,885.8,0,1100
1368,2022-06-16 13:46:00+05:30,885.8,885.8,885.8,885.8,0,1100
1369,2022-06-16 13:47:00+05:30,885.8,885.8,885.8,885.8,0,1100
1370,2022-06-16 13:48:00+05:30,885.8,936.7,885.8,936.7,25,1075
1371,2022-06-16 13:49:00+05:30,936.7,937.55,919.1,937.55,125,1050
1372,2022-06-16 13:50:00+05:30,937.55,937.55,929.6,929.6,50,1050
1373,2022-06-16 13:51:00+05:30,929.6,929.6,893.7,893.7,25,1050
1374,2022-06-16 13:52:00+05:30,893.7,893.7,893.7,893.7,0,1050
1375,2022-06-16 13:53:00+05:30,893.7,893.7,893.7,893.7,0,1050
1376,2022-06-16 13:54:00+05:30,893.7,893.7,893.7,893.7,0,1050
1377,2022-06-16 13:55:00+05:30,893.7,893.7,893.7,893.7,0,1050
1378,2022-06-16 13:56:00+05:30,893.7,893.7,893.7,893.7,0,1050
1379,2022-06-16 13:57:00+05:30,893.7,893.7,893.7,893.7,0,1050
1380,2022-06-16 13:58:00+05:30,893.7,893.7,893.7,893.7,0,1050
1381,2022-06-16 13:59:00+05:30,893.7,955.75,893.7,955.75,25,1025
1382,2022-06-16 14:00:00+05:30,966.4,966.4,955.75,966.4,25,1025
1383,2022-06-16 14:01:00+05:30,966.4,966.4,966.4,966.4,0,1025
1384,2022-06-16 14:02:00+05:30,966.4,966.4,910.0,910.0,25,1025
1385,2022-06-16 14:03:00+05:30,893.65,910.0,893.65,893.65,25,1025
1386,2022-06-16 14:04:00+05:30,893.65,893.65,893.65,893.65,0,1025
1387,2022-06-16 14:05:00+05:30,893.65,893.65,834.4,834.4,25,1025
1388,2022-06-16 14:06:00+05:30,834.4,867.7,834.4,867.7,50,1025
1389,2022-06-16 14:07:00+05:30,867.7,867.7,860.0,860.0,25,1025
1390,2022-06-16 14:08:00+05:30,860.0,860.0,860.0,860.0,0,1025
1391,2022-06-16 14:09:00+05:30,860.0,878.7,860.0,878.7,25,1000
1392,2022-06-16 14:10:00+05:30,878.7,878.7,878.7,878.7,0,1000
1393,2022-06-16 14:11:00+05:30,878.7,878.7,878.7,878.7,0,1000
1394,2022-06-16 14:12:00+05:30,878.7,878.7,878.7,878.7,0,1000
1395,2022-06-16 14:13:00+05:30,878.7,889.25,878.55,878.55,75,1000
1396,2022-06-16 14:14:00+05:30,878.55,878.55,878.55,878.55,0,1000
1397,2022-06-16 14:15:00+05:30,878.55,878.55,878.55,878.55,0,1000
1398,2022-06-16 14:16:00+05:30,878.55,878.55,813.0,820.65,100,975
1399,2022-06-16 14:17:00+05:30,820.65,823.3,820.65,823.3,25,975
1400,2022-06-16 14:18:00+05:30,823.3,823.3,807.8,807.8,125,975
1401,2022-06-16 14:19:00+05:30,807.8,807.8,807.8,807.8,0,975
1402,2022-06-16 14:20:00+05:30,807.8,807.8,770.3,770.3,75,1000
1403,2022-06-16 14:21:00+05:30,770.3,770.3,770.3,770.3,0,1000
1404,2022-06-16 14:22:00+05:30,770.3,770.3,770.3,770.3,0,1000
1405,2022-06-16 14:23:00+05:30,770.3,770.3,770.3,770.3,0,1000
1406,2022-06-16 14:24:00+05:30,770.3,770.3,753.75,753.75,25,1000
1407,2022-06-16 14:25:00+05:30,753.75,753.75,753.75,753.75,0,1000
1408,2022-06-16 14:26:00+05:30,753.75,753.75,753.75,753.75,0,1000
1409,2022-06-16 14:27:00+05:30,753.75,753.75,753.75,753.75,0,1000
1410,2022-06-16 14:28:00+05:30,753.75,753.75,753.75,753.75,0,1000
1411,2022-06-16 14:29:00+05:30,753.75,753.75,753.75,753.75,0,1000
1412,2022-06-16 14:30:00+05:30,753.75,753.75,753.75,753.75,0,1000
1413,2022-06-16 14:31:00+05:30,753.75,830.3,753.75,830.3,50,1025
1414,2022-06-16 14:32:00+05:30,830.3,830.3,830.3,830.3,0,1025
1415,2022-06-16 14:33:00+05:30,830.3,830.3,830.3,830.3,0,1025
1416,2022-06-16 14:34:00+05:30,830.3,830.3,830.3,830.3,0,1025
1417,2022-06-16 14:35:00+05:30,830.3,830.3,758.55,758.55,25,1000
1418,2022-06-16 14:36:00+05:30,758.55,758.55,732.85,732.85,225,1025
1419,2022-06-16 14:37:00+05:30,732.85,732.85,732.85,732.85,0,1025
1420,2022-06-16 14:38:00+05:30,732.85,732.85,696.8,696.8,75,1025
1421,2022-06-16 14:39:00+05:30,696.8,696.8,689.8,695.9,75,1000
1422,2022-06-16 14:40:00+05:30,695.9,698.95,695.9,698.95,50,1000
1423,2022-06-16 14:41:00+05:30,698.95,729.85,698.95,729.85,100,1000
1424,2022-06-16 14:42:00+05:30,729.85,729.85,729.85,729.85,0,1000
1425,2022-06-16 14:43:00+05:30,729.85,729.85,729.85,729.85,0,1000
1426,2022-06-16 14:44:00+05:30,729.85,743.85,729.85,743.85,25,1000
1427,2022-06-16 14:45:00+05:30,743.85,744.9,743.85,744.9,25,1000
1428,2022-06-16 14:46:00+05:30,744.9,770.85,744.9,753.35,75,1025
1429,2022-06-16 14:47:00+05:30,753.35,753.35,720.4,720.4,75,1025
1430,2022-06-16 14:48:00+05:30,720.4,720.4,720.4,720.4,0,1025
1431,2022-06-16 14:49:00+05:30,720.4,720.4,720.4,720.4,0,1025
1432,2022-06-16 14:50:00+05:30,720.4,720.4,720.4,720.4,0,1025
1433,2022-06-16 14:51:00+05:30,720.4,720.4,720.4,720.4,0,1025
1434,2022-06-16 14:52:00+05:30,720.4,720.4,720.4,720.4,0,1025
1435,2022-06-16 14:53:00+05:30,720.4,720.4,720.4,720.4,0,1025
1436,2022-06-16 14:54:00+05:30,720.4,747.6,720.4,747.6,100,1050
1437,2022-06-16 14:55:00+05:30,747.6,747.6,747.6,747.6,0,1050
1438,2022-06-16 14:56:00+05:30,747.6,829.55,747.6,804.8,625,1050
1439,2022-06-16 14:57:00+05:30,804.8,804.8,804.8,804.8,0,1050
1440,2022-06-16 14:58:00+05:30,804.8,804.8,804.8,804.8,0,1050
1441,2022-06-16 14:59:00+05:30,804.8,805.6,795.0,797.1,300,1250
1442,2022-06-16 15:00:00+05:30,797.1,814.85,776.5,814.85,100,1250
1443,2022-06-16 15:01:00+05:30,814.85,814.85,802.25,803.1,600,1500
1444,2022-06-16 15:02:00+05:30,803.1,821.35,803.1,810.65,450,1500
1445,2022-06-16 15:03:00+05:30,810.65,810.65,786.1,789.5,525,1500
1446,2022-06-16 15:04:00+05:30,789.5,799.4,758.9,758.9,450,1150
1447,2022-06-16 15:05:00+05:30,758.9,783.45,758.9,783.45,600,1150
1448,2022-06-16 15:06:00+05:30,783.45,783.45,750.95,750.95,25,1150
1449,2022-06-16 15:07:00+05:30,750.95,760.6,750.0,750.0,150,1225
1450,2022-06-16 15:08:00+05:30,750.0,750.0,733.45,737.65,125,1225
1451,2022-06-16 15:09:00+05:30,737.65,737.65,737.65,737.65,0,1225
1452,2022-06-16 15:10:00+05:30,737.65,758.95,737.65,743.8,550,1325
1453,2022-06-16 15:11:00+05:30,743.8,765.1,743.8,765.1,175,1325
1454,2022-06-16 15:12:00+05:30,765.1,776.6,765.1,766.0,25,1325
1455,2022-06-16 15:13:00+05:30,766.0,766.0,766.0,766.0,0,1325
1456,2022-06-16 15:14:00+05:30,766.0,766.0,733.7,733.7,350,1300
1457,2022-06-16 15:15:00+05:30,734.1,741.25,734.1,739.2,525,1375
1458,2022-06-16 15:16:00+05:30,739.2,743.3,739.2,740.1,550,1375
1459,2022-06-16 15:17:00+05:30,740.1,740.1,733.15,733.15,300,1375
1460,2022-06-16 15:18:00+05:30,727.65,733.15,713.0,719.25,2000,2450
1461,2022-06-16 15:19:00+05:30,719.25,719.25,713.35,715.1,300,2450
1462,2022-06-16 15:20:00+05:30,715.1,719.75,706.9,707.05,625,2450
1463,2022-06-16 15:21:00+05:30,707.05,707.05,707.05,707.05,0,2450
1464,2022-06-16 15:22:00+05:30,707.05,707.05,707.05,707.05,0,2450
1465,2022-06-16 15:23:00+05:30,707.05,715.3,707.05,714.7,200,2975
1466,2022-06-16 15:24:00+05:30,714.7,714.7,714.7,714.7,0,2975
1467,2022-06-16 15:25:00+05:30,714.7,716.85,714.7,716.85,525,2775
1468,2022-06-16 15:26:00+05:30,716.85,716.85,716.85,716.85,0,2775
1469,2022-06-16 15:27:00+05:30,716.85,716.85,715.0,716.85,625,2300
1470,2022-06-16 15:28:00+05:30,716.85,716.85,715.15,715.15,50,2300
1471,2022-06-16 15:29:00+05:30,715.15,715.15,715.15,715.15,0,2300
1472,2022-06-16 15:30:00+05:30,715.15,715.15,715.15,715.15,0,2300
